timestamp,0,1,2,3,4,5,6,7,8,9,10,11,12,13,14,15,16,17,18,19,20,21,22,23,24,25,26,27,28,29,30,31,32,33,34,35,36,37,38,39,40,41,42,43,44,45,46,47,48,49,50,51,52,53,54,55,56,57,58,59,60,61,62,63,64,65,66,67,68,69,70,71,72,73,74,75,76,77,78,79,80,81,82,83,84,85,86,87,88,89,90,91,92,93,94,95,96,97,98,99,100,101,102,103,104,105,106,107,108,109,330
2017-01-04 00:00:00+01:00,0.997,0.998,0.997,0.998,0.997,0.997,0.998,0.998,0.997,0.998,0.997,0.997,0.998,0.999,0.999,0.997,0.997,0.999,0.997,0.998,0.997,0.997,0.999,0.998,0.998,0.998,0.999,0.999,0.997,0.997,0.997,0.997,0.999,0.997,0.998,0.997,0.998,0.997,0.998,0.997,0.998,0.998,0.997,0.997,0.998,0.997,0.997,0.999,0.997,0.997,0.997,0.997,0.999,0.997,0.998,0.997,0.997,0.998,0.998,0.998,0.997,0.997,0.997,0.997,0.998,0.997,0.999,0.997,0.998,0.997,0.997,0.997,0.997,0.998,0.999,0.999,0.998,0.997,0.997,0.997,0.997,0.997,0.998,0.999,0.997,0.998,0.998,0.998,0.997,0.997,0.997,0.997,0.997,0.997,0.998,0.999,0.997,0.997,0.999,0.998,0.997,0.998,0.998,0.997,0.999,0.999,0.999,0.999,0.999,0.999,1.0
2017-01-04 01:00:00+01:00,0.998,0.998,0.997,0.998,0.997,0.997,0.998,0.999,0.997,0.998,0.997,0.997,0.998,0.999,0.999,0.997,0.998,0.999,0.997,0.998,0.997,0.997,0.999,0.998,0.998,0.998,0.999,0.999,0.997,0.997,0.997,0.997,0.999,0.997,0.998,0.997,0.998,0.997,0.998,0.997,0.998,0.999,0.997,0.998,0.998,0.998,0.997,0.999,0.997,0.997,0.997,0.997,0.999,0.997,0.998,0.997,0.997,0.998,0.998,0.998,0.997,0.998,0.997,0.998,0.998,0.997,0.999,0.997,0.998,0.998,0.997,0.997,0.997,0.998,0.999,0.999,0.998,0.997,0.997,0.997,0.998,0.997,0.998,0.999,0.997,0.998,0.998,0.998,0.997,0.997,0.997,0.997,0.997,0.997,0.998,0.999,0.997,0.997,0.999,0.998,0.997,0.998,0.998,0.997,0.999,0.999,0.998,0.999,0.998,0.998,1.0
2017-01-04 02:00:00+01:00,0.998,0.998,0.998,0.999,0.997,0.997,0.998,0.999,0.998,0.998,0.998,0.997,0.998,0.999,0.999,0.997,0.998,0.999,0.998,0.998,0.997,0.997,0.999,0.998,0.998,0.998,0.999,0.999,0.998,0.998,0.997,0.997,0.999,0.998,0.998,0.997,0.999,0.998,0.998,0.998,0.999,0.999,0.998,0.998,0.998,0.998,0.997,0.999,0.997,0.998,0.998,0.997,0.999,0.997,0.998,0.998,0.997,0.998,0.998,0.998,0.997,0.998,0.997,0.998,0.999,0.997,0.999,0.998,0.998,0.998,0.998,0.998,0.997,0.998,0.999,0.999,0.998,0.998,0.998,0.998,0.998,0.998,0.998,0.999,0.997,0.998,0.998,0.998,0.998,0.998,0.997,0.998,0.997,0.998,0.998,0.999,0.997,0.998,0.999,0.999,0.997,0.999,0.998,0.997,0.999,0.999,0.999,0.999,0.999,0.999,1.0
2017-01-04 03:00:00+01:00,0.998,0.999,0.998,0.999,0.998,0.998,0.998,0.999,0.998,0.998,0.998,0.998,0.999,0.999,0.999,0.998,0.998,0.999,0.998,0.999,0.998,0.998,0.999,0.998,0.999,0.999,0.999,0.999,0.998,0.998,0.998,0.998,0.999,0.998,0.999,0.998,0.999,0.998,0.998,0.998,0.999,0.999,0.998,0.998,0.999,0.998,0.998,0.999,0.998,0.998,0.998,0.998,0.999,0.998,0.999,0.998,0.998,0.999,0.999,0.998,0.998,0.998,0.998,0.998,0.999,0.998,0.999,0.998,0.999,0.998,0.998,0.998,0.998,0.998,0.999,0.999,0.998,0.998,0.998,0.998,0.998,0.998,0.998,0.999,0.998,0.998,0.999,0.998,0.998,0.998,0.998,0.998,0.998,0.998,0.999,0.999,0.998,0.998,0.999,0.999,0.998,0.999,0.999,0.998,0.999,0.999,0.999,0.999,0.999,0.999,1.0
2017-01-04 04:00:00+01:00,0.998,0.998,0.998,0.999,0.998,0.997,0.998,0.999,0.998,0.998,0.998,0.997,0.998,0.999,0.999,0.997,0.998,0.999,0.998,0.998,0.998,0.997,0.999,0.998,0.998,0.998,0.999,0.999,0.998,0.998,0.998,0.997,0.999,0.998,0.998,0.997,0.999,0.998,0.998,0.998,0.999,0.999,0.998,0.998,0.998,0.998,0.998,0.999,0.997,0.998,0.998,0.997,0.999,0.998,0.999,0.998,0.998,0.998,0.998,0.998,0.997,0.998,0.998,0.998,0.999,0.997,0.999,0.998,0.999,0.998,0.998,0.998,0.998,0.998,0.999,0.999,0.998,0.998,0.998,0.998,0.998,0.998,0.998,0.999,0.997,0.998,0.998,0.998,0.998,0.998,0.998,0.998,0.997,0.998,0.998,0.999,0.997,0.998,0.999,0.999,0.998,0.999,0.998,0.998,0.999,0.999,0.999,0.999,0.999,0.999,1.0
2017-01-04 05:00:00+01:00,0.997,0.997,0.996,0.998,0.997,0.996,0.997,0.998,0.996,0.997,0.997,0.996,0.997,0.998,0.998,0.996,0.996,0.998,0.996,0.997,0.997,0.996,0.998,0.997,0.997,0.997,0.998,0.998,0.996,0.996,0.997,0.996,0.998,0.996,0.997,0.996,0.998,0.996,0.997,0.996,0.997,0.998,0.996,0.997,0.997,0.997,0.997,0.998,0.996,0.996,0.996,0.996,0.998,0.997,0.998,0.996,0.997,0.997,0.997,0.997,0.996,0.997,0.997,0.997,0.997,0.996,0.998,0.996,0.997,0.997,0.996,0.996,0.997,0.997,0.998,0.998,0.997,0.996,0.996,0.996,0.997,0.996,0.997,0.998,0.996,0.997,0.997,0.997,0.996,0.996,0.997,0.996,0.996,0.996,0.998,0.998,0.996,0.996,0.998,0.997,0.997,0.998,0.997,0.997,0.998,0.998,0.998,0.998,0.998,0.998,1.0
2017-01-04 06:00:00+01:00,0.995,0.997,0.995,0.997,0.995,0.994,0.996,0.997,0.995,0.996,0.995,0.994,0.997,0.997,0.998,0.994,0.995,0.998,0.994,0.997,0.995,0.994,0.998,0.996,0.996,0.997,0.998,0.997,0.994,0.995,0.995,0.994,0.998,0.995,0.997,0.994,0.997,0.995,0.996,0.995,0.997,0.997,0.994,0.995,0.997,0.995,0.995,0.998,0.994,0.994,0.995,0.994,0.997,0.995,0.997,0.995,0.995,0.997,0.996,0.995,0.994,0.996,0.995,0.995,0.997,0.994,0.998,0.995,0.997,0.995,0.994,0.994,0.995,0.996,0.998,0.998,0.996,0.994,0.994,0.995,0.995,0.994,0.996,0.998,0.994,0.996,0.997,0.996,0.994,0.994,0.995,0.994,0.994,0.995,0.997,0.998,0.994,0.994,0.998,0.997,0.995,0.997,0.996,0.995,0.998,0.998,0.998,0.998,0.998,0.998,1.0
2017-01-04 07:00:00+01:00,0.996,0.996,0.996,0.997,0.995,0.994,0.996,0.997,0.996,0.996,0.995,0.994,0.996,0.997,0.998,0.994,0.996,0.998,0.995,0.996,0.995,0.994,0.998,0.996,0.996,0.996,0.998,0.997,0.995,0.995,0.995,0.994,0.998,0.996,0.996,0.994,0.997,0.995,0.996,0.995,0.997,0.997,0.995,0.996,0.996,0.995,0.995,0.998,0.994,0.995,0.996,0.994,0.997,0.995,0.997,0.995,0.995,0.996,0.997,0.995,0.994,0.996,0.995,0.996,0.997,0.994,0.998,0.996,0.996,0.996,0.995,0.995,0.995,0.996,0.998,0.998,0.996,0.995,0.995,0.995,0.995,0.995,0.996,0.997,0.994,0.996,0.996,0.996,0.995,0.995,0.995,0.995,0.994,0.996,0.996,0.998,0.995,0.995,0.998,0.997,0.995,0.997,0.996,0.995,0.998,0.998,0.998,0.998,0.998,0.998,1.0
2017-01-04 08:00:00+01:00,0.996,0.996,0.996,0.997,0.995,0.994,0.996,0.997,0.996,0.996,0.995,0.994,0.996,0.997,0.998,0.994,0.996,0.997,0.995,0.996,0.995,0.994,0.998,0.996,0.996,0.996,0.997,0.997,0.995,0.995,0.995,0.994,0.997,0.996,0.996,0.994,0.997,0.995,0.996,0.995,0.996,0.997,0.995,0.996,0.996,0.995,0.995,0.998,0.994,0.995,0.996,0.994,0.997,0.995,0.997,0.995,0.995,0.996,0.996,0.995,0.994,0.996,0.995,0.996,0.996,0.994,0.998,0.996,0.996,0.996,0.995,0.995,0.995,0.996,0.998,0.997,0.996,0.995,0.995,0.995,0.995,0.995,0.996,0.997,0.994,0.996,0.996,0.996,0.995,0.995,0.995,0.995,0.994,0.996,0.996,0.998,0.994,0.995,0.998,0.996,0.995,0.996,0.996,0.995,0.997,0.997,0.997,0.998,0.997,0.997,1.0
2017-01-04 09:00:00+01:00,0.996,0.996,0.996,0.997,0.995,0.995,0.996,0.997,0.996,0.996,0.995,0.994,0.996,0.997,0.998,0.994,0.996,0.998,0.995,0.996,0.995,0.994,0.998,0.996,0.996,0.996,0.998,0.997,0.995,0.995,0.995,0.994,0.997,0.996,0.996,0.994,0.997,0.995,0.996,0.995,0.997,0.997,0.995,0.996,0.996,0.996,0.995,0.998,0.995,0.995,0.996,0.994,0.997,0.995,0.997,0.995,0.995,0.996,0.997,0.996,0.994,0.996,0.995,0.996,0.996,0.994,0.998,0.996,0.996,0.996,0.995,0.995,0.995,0.996,0.998,0.998,0.996,0.995,0.995,0.995,0.996,0.995,0.996,0.997,0.994,0.996,0.996,0.996,0.995,0.995,0.995,0.995,0.995,0.996,0.997,0.998,0.995,0.995,0.998,0.997,0.995,0.997,0.996,0.995,0.998,0.998,0.998,0.998,0.998,0.998,1.0
2017-01-04 10:00:00+01:00,0.996,0.996,0.996,0.997,0.995,0.995,0.996,0.997,0.996,0.996,0.995,0.995,0.996,0.998,0.998,0.994,0.996,0.998,0.995,0.996,0.995,0.994,0.998,0.996,0.996,0.996,0.998,0.997,0.995,0.996,0.995,0.994,0.998,0.996,0.996,0.994,0.997,0.996,0.996,0.996,0.997,0.997,0.995,0.996,0.996,0.996,0.995,0.998,0.995,0.995,0.996,0.994,0.997,0.995,0.997,0.995,0.995,0.996,0.997,0.996,0.994,0.996,0.995,0.996,0.997,0.994,0.998,0.996,0.997,0.996,0.995,0.995,0.995,0.996,0.998,0.998,0.996,0.995,0.995,0.996,0.996,0.995,0.996,0.998,0.994,0.996,0.996,0.996,0.995,0.995,0.995,0.995,0.995,0.996,0.997,0.998,0.995,0.995,0.998,0.997,0.995,0.997,0.996,0.995,0.998,0.998,0.998,0.998,0.998,0.998,1.0
2017-01-04 11:00:00+01:00,0.996,0.997,0.995,0.997,0.995,0.995,0.996,0.997,0.995,0.996,0.995,0.994,0.997,0.998,0.998,0.994,0.996,0.998,0.995,0.997,0.995,0.994,0.998,0.996,0.997,0.997,0.998,0.998,0.995,0.995,0.995,0.994,0.998,0.995,0.997,0.994,0.997,0.995,0.996,0.995,0.997,0.997,0.995,0.996,0.997,0.996,0.995,0.998,0.995,0.995,0.995,0.994,0.998,0.995,0.997,0.995,0.995,0.997,0.997,0.996,0.994,0.996,0.995,0.996,0.997,0.994,0.998,0.995,0.997,0.996,0.995,0.995,0.995,0.996,0.998,0.998,0.996,0.995,0.995,0.995,0.996,0.995,0.996,0.998,0.994,0.996,0.997,0.996,0.995,0.995,0.995,0.995,0.995,0.995,0.997,0.998,0.995,0.995,0.998,0.997,0.995,0.997,0.996,0.995,0.998,0.998,0.998,0.998,0.998,0.998,1.0
2017-01-04 12:00:00+01:00,0.996,0.997,0.996,0.998,0.996,0.995,0.997,0.998,0.996,0.997,0.996,0.995,0.997,0.998,0.998,0.995,0.996,0.998,0.995,0.997,0.996,0.995,0.998,0.997,0.997,0.997,0.998,0.998,0.995,0.996,0.996,0.995,0.998,0.996,0.997,0.995,0.998,0.996,0.997,0.996,0.997,0.998,0.995,0.996,0.997,0.996,0.996,0.998,0.995,0.995,0.996,0.995,0.998,0.996,0.998,0.996,0.996,0.997,0.997,0.996,0.995,0.996,0.996,0.996,0.997,0.995,0.998,0.996,0.997,0.996,0.995,0.995,0.996,0.997,0.998,0.998,0.997,0.995,0.995,0.996,0.996,0.995,0.997,0.998,0.995,0.997,0.997,0.997,0.995,0.995,0.996,0.995,0.995,0.996,0.997,0.998,0.996,0.995,0.999,0.997,0.996,0.998,0.997,0.996,0.998,0.998,0.998,0.999,0.998,0.998,1.0
2017-01-04 13:00:00+01:00,0.995,0.996,0.995,0.997,0.995,0.995,0.996,0.997,0.995,0.996,0.996,0.995,0.996,0.998,0.998,0.994,0.995,0.998,0.995,0.996,0.995,0.994,0.998,0.996,0.997,0.996,0.998,0.997,0.995,0.995,0.995,0.994,0.998,0.995,0.996,0.994,0.997,0.995,0.996,0.995,0.997,0.997,0.995,0.995,0.996,0.996,0.995,0.998,0.995,0.995,0.995,0.994,0.997,0.995,0.997,0.995,0.995,0.996,0.996,0.996,0.994,0.996,0.995,0.995,0.997,0.994,0.998,0.995,0.996,0.995,0.995,0.995,0.995,0.996,0.998,0.998,0.996,0.995,0.995,0.995,0.996,0.995,0.996,0.998,0.994,0.996,0.996,0.996,0.995,0.995,0.995,0.995,0.995,0.995,0.997,0.998,0.995,0.995,0.998,0.997,0.995,0.997,0.997,0.995,0.998,0.998,0.998,0.998,0.998,0.998,1.0
2017-01-04 14:00:00+01:00,0.995,0.996,0.995,0.997,0.994,0.993,0.996,0.997,0.995,0.996,0.995,0.993,0.996,0.997,0.998,0.993,0.995,0.997,0.995,0.996,0.994,0.993,0.998,0.996,0.996,0.996,0.998,0.997,0.995,0.995,0.994,0.993,0.997,0.995,0.996,0.993,0.997,0.995,0.996,0.995,0.997,0.997,0.995,0.995,0.996,0.995,0.994,0.998,0.993,0.995,0.995,0.993,0.997,0.994,0.997,0.995,0.994,0.996,0.996,0.995,0.993,0.996,0.994,0.995,0.997,0.993,0.998,0.995,0.996,0.995,0.995,0.995,0.994,0.996,0.998,0.998,0.996,0.995,0.995,0.995,0.995,0.995,0.995,0.997,0.993,0.996,0.996,0.996,0.995,0.995,0.994,0.995,0.994,0.995,0.996,0.998,0.994,0.995,0.998,0.997,0.994,0.997,0.996,0.994,0.998,0.998,0.997,0.998,0.997,0.997,1.0
2017-01-04 15:00:00+01:00,0.994,0.996,0.994,0.997,0.994,0.994,0.995,0.997,0.994,0.995,0.995,0.994,0.996,0.997,0.997,0.993,0.994,0.997,0.993,0.996,0.994,0.993,0.997,0.996,0.996,0.996,0.997,0.997,0.993,0.993,0.994,0.993,0.997,0.993,0.996,0.993,0.997,0.993,0.995,0.993,0.997,0.997,0.993,0.994,0.996,0.995,0.994,0.997,0.994,0.993,0.994,0.993,0.997,0.994,0.996,0.993,0.994,0.996,0.995,0.995,0.993,0.994,0.995,0.994,0.996,0.993,0.998,0.994,0.996,0.994,0.993,0.993,0.994,0.995,0.997,0.997,0.995,0.993,0.993,0.994,0.995,0.993,0.995,0.997,0.993,0.995,0.996,0.995,0.993,0.993,0.994,0.993,0.994,0.993,0.996,0.997,0.994,0.993,0.998,0.997,0.994,0.997,0.996,0.994,0.997,0.997,0.997,0.998,0.997,0.997,1.0
2017-01-04 16:00:00+01:00,0.993,0.995,0.992,0.996,0.992,0.992,0.993,0.996,0.992,0.994,0.993,0.991,0.995,0.996,0.997,0.991,0.992,0.996,0.992,0.995,0.992,0.991,0.997,0.994,0.994,0.995,0.997,0.996,0.992,0.992,0.992,0.991,0.996,0.992,0.995,0.991,0.996,0.992,0.993,0.992,0.996,0.996,0.991,0.993,0.995,0.993,0.993,0.997,0.992,0.991,0.992,0.991,0.996,0.992,0.995,0.992,0.992,0.995,0.994,0.993,0.991,0.993,0.993,0.993,0.996,0.991,0.997,0.992,0.995,0.993,0.992,0.992,0.993,0.993,0.997,0.996,0.993,0.992,0.992,0.992,0.993,0.991,0.994,0.996,0.991,0.993,0.995,0.993,0.991,0.992,0.992,0.992,0.992,0.992,0.995,0.997,0.992,0.991,0.997,0.996,0.992,0.996,0.994,0.992,0.996,0.996,0.996,0.997,0.996,0.996,1.0
2017-01-04 17:00:00+01:00,0.992,0.995,0.991,0.995,0.992,0.991,0.993,0.996,0.991,0.994,0.992,0.991,0.994,0.996,0.996,0.991,0.992,0.996,0.991,0.994,0.992,0.991,0.997,0.994,0.994,0.994,0.996,0.996,0.991,0.991,0.992,0.991,0.996,0.991,0.994,0.991,0.995,0.991,0.993,0.991,0.995,0.996,0.991,0.992,0.995,0.993,0.992,0.997,0.991,0.991,0.991,0.991,0.996,0.992,0.995,0.991,0.992,0.994,0.994,0.993,0.991,0.992,0.992,0.992,0.995,0.991,0.997,0.991,0.995,0.992,0.991,0.991,0.992,0.993,0.996,0.996,0.993,0.991,0.991,0.991,0.993,0.991,0.994,0.996,0.991,0.993,0.994,0.993,0.991,0.991,0.992,0.991,0.992,0.991,0.995,0.997,0.992,0.991,0.997,0.995,0.992,0.995,0.994,0.992,0.996,0.996,0.996,0.997,0.996,0.996,1.0
2017-01-04 18:00:00+01:00,0.991,0.993,0.991,0.995,0.991,0.989,0.992,0.995,0.991,0.993,0.991,0.989,0.993,0.995,0.996,0.989,0.991,0.995,0.99,0.993,0.99,0.989,0.996,0.993,0.993,0.993,0.996,0.995,0.99,0.991,0.991,0.989,0.995,0.991,0.993,0.989,0.995,0.991,0.992,0.99,0.994,0.995,0.99,0.991,0.994,0.992,0.991,0.996,0.989,0.99,0.991,0.989,0.995,0.991,0.994,0.99,0.991,0.993,0.993,0.992,0.989,0.992,0.991,0.991,0.994,0.989,0.996,0.991,0.994,0.991,0.99,0.99,0.991,0.992,0.996,0.995,0.992,0.99,0.99,0.991,0.992,0.99,0.992,0.995,0.989,0.992,0.993,0.992,0.99,0.99,0.991,0.99,0.99,0.991,0.994,0.996,0.99,0.99,0.996,0.994,0.991,0.994,0.993,0.991,0.995,0.995,0.995,0.996,0.995,0.995,1.0
2017-01-04 19:00:00+01:00,0.992,0.994,0.991,0.995,0.991,0.99,0.992,0.995,0.991,0.993,0.992,0.99,0.993,0.995,0.996,0.99,0.991,0.996,0.99,0.994,0.991,0.99,0.996,0.993,0.994,0.994,0.996,0.996,0.99,0.991,0.991,0.99,0.996,0.991,0.993,0.99,0.995,0.991,0.993,0.991,0.995,0.995,0.99,0.992,0.994,0.992,0.992,0.996,0.991,0.99,0.991,0.99,0.995,0.991,0.995,0.99,0.992,0.993,0.993,0.993,0.99,0.992,0.992,0.992,0.995,0.99,0.996,0.991,0.994,0.992,0.99,0.99,0.992,0.992,0.996,0.996,0.992,0.99,0.99,0.991,0.992,0.99,0.993,0.996,0.99,0.992,0.993,0.993,0.99,0.99,0.991,0.99,0.991,0.991,0.994,0.996,0.991,0.99,0.997,0.995,0.991,0.995,0.994,0.991,0.996,0.996,0.995,0.997,0.995,0.995,1.0
2017-01-04 20:00:00+01:00,0.992,0.994,0.992,0.995,0.992,0.991,0.993,0.995,0.992,0.994,0.993,0.991,0.994,0.996,0.996,0.991,0.992,0.996,0.991,0.994,0.992,0.991,0.996,0.994,0.994,0.994,0.996,0.996,0.991,0.991,0.992,0.991,0.996,0.991,0.994,0.991,0.995,0.991,0.993,0.991,0.995,0.995,0.991,0.992,0.994,0.993,0.992,0.997,0.991,0.991,0.992,0.991,0.996,0.992,0.995,0.991,0.992,0.994,0.994,0.993,0.991,0.992,0.992,0.992,0.995,0.991,0.997,0.991,0.994,0.992,0.991,0.991,0.992,0.993,0.996,0.996,0.993,0.991,0.991,0.991,0.993,0.991,0.994,0.996,0.991,0.993,0.994,0.993,0.991,0.991,0.992,0.991,0.992,0.991,0.995,0.997,0.992,0.991,0.997,0.995,0.992,0.995,0.994,0.992,0.996,0.996,0.996,0.997,0.996,0.996,1.0
2017-01-04 21:00:00+01:00,0.994,0.995,0.993,0.996,0.994,0.993,0.994,0.996,0.993,0.995,0.994,0.993,0.995,0.997,0.997,0.993,0.994,0.997,0.993,0.995,0.994,0.993,0.997,0.995,0.995,0.995,0.997,0.997,0.993,0.993,0.994,0.993,0.997,0.993,0.995,0.993,0.996,0.993,0.994,0.993,0.996,0.996,0.993,0.994,0.995,0.995,0.994,0.997,0.993,0.993,0.993,0.993,0.997,0.994,0.996,0.993,0.994,0.995,0.995,0.995,0.993,0.994,0.994,0.994,0.996,0.993,0.997,0.993,0.995,0.994,0.993,0.993,0.994,0.994,0.997,0.997,0.994,0.993,0.993,0.993,0.995,0.993,0.995,0.997,0.993,0.994,0.995,0.994,0.993,0.993,0.994,0.993,0.994,0.993,0.996,0.997,0.994,0.993,0.997,0.996,0.994,0.996,0.995,0.994,0.997,0.997,0.997,0.997,0.997,0.997,1.0
2017-01-04 22:00:00+01:00,0.995,0.996,0.994,0.997,0.995,0.994,0.995,0.997,0.994,0.996,0.995,0.994,0.996,0.997,0.998,0.994,0.995,0.997,0.994,0.996,0.995,0.994,0.998,0.996,0.996,0.996,0.998,0.997,0.994,0.994,0.995,0.994,0.997,0.994,0.996,0.994,0.997,0.994,0.995,0.994,0.997,0.997,0.994,0.995,0.996,0.995,0.995,0.998,0.994,0.994,0.994,0.994,0.997,0.995,0.997,0.994,0.995,0.996,0.996,0.996,0.994,0.995,0.995,0.995,0.997,0.994,0.998,0.994,0.997,0.995,0.994,0.994,0.995,0.995,0.998,0.997,0.995,0.994,0.994,0.994,0.995,0.994,0.996,0.997,0.994,0.995,0.996,0.995,0.994,0.994,0.995,0.994,0.995,0.994,0.996,0.998,0.995,0.994,0.998,0.997,0.995,0.997,0.996,0.995,0.997,0.997,0.997,0.998,0.997,0.997,1.0
2017-01-04 23:00:00+01:00,0.996,0.997,0.996,0.998,0.996,0.996,0.996,0.998,0.996,0.997,0.996,0.996,0.997,0.998,0.998,0.995,0.996,0.998,0.995,0.997,0.996,0.995,0.998,0.997,0.997,0.997,0.998,0.998,0.995,0.996,0.996,0.995,0.998,0.996,0.997,0.995,0.998,0.996,0.996,0.995,0.998,0.998,0.995,0.996,0.997,0.996,0.996,0.998,0.996,0.995,0.996,0.995,0.998,0.996,0.997,0.995,0.996,0.997,0.997,0.997,0.995,0.996,0.996,0.996,0.998,0.995,0.998,0.996,0.997,0.996,0.995,0.995,0.996,0.996,0.998,0.998,0.996,0.995,0.995,0.996,0.996,0.995,0.997,0.998,0.995,0.996,0.997,0.996,0.995,0.995,0.996,0.995,0.996,0.996,0.997,0.998,0.996,0.995,0.998,0.998,0.996,0.998,0.997,0.996,0.998,0.998,0.998,0.998,0.998,0.998,1.0
2017-01-05 00:00:00+01:00,0.997,0.998,0.997,0.998,0.997,0.996,0.997,0.998,0.997,0.997,0.997,0.996,0.998,0.998,0.999,0.996,0.997,0.998,0.996,0.998,0.997,0.996,0.999,0.997,0.998,0.998,0.999,0.998,0.996,0.997,0.997,0.996,0.998,0.997,0.998,0.996,0.998,0.997,0.997,0.997,0.998,0.998,0.996,0.997,0.998,0.997,0.997,0.999,0.996,0.996,0.997,0.996,0.998,0.997,0.998,0.996,0.997,0.998,0.997,0.997,0.996,0.997,0.997,0.997,0.998,0.996,0.999,0.997,0.998,0.997,0.996,0.996,0.997,0.997,0.999,0.998,0.997,0.996,0.996,0.997,0.997,0.996,0.997,0.998,0.996,0.997,0.998,0.997,0.996,0.996,0.997,0.996,0.996,0.997,0.998,0.999,0.996,0.996,0.999,0.998,0.997,0.998,0.998,0.997,0.998,0.998,0.998,0.999,0.998,0.998,1.0
2017-01-05 01:00:00+01:00,0.997,0.998,0.997,0.998,0.997,0.997,0.997,0.998,0.997,0.998,0.997,0.997,0.998,0.999,0.999,0.997,0.997,0.999,0.997,0.998,0.997,0.997,0.999,0.998,0.998,0.998,0.999,0.999,0.997,0.997,0.997,0.997,0.999,0.997,0.998,0.997,0.998,0.997,0.997,0.997,0.998,0.998,0.997,0.997,0.998,0.997,0.997,0.999,0.997,0.997,0.997,0.997,0.999,0.997,0.998,0.997,0.997,0.998,0.998,0.998,0.997,0.997,0.997,0.997,0.998,0.997,0.999,0.997,0.998,0.997,0.997,0.997,0.997,0.997,0.999,0.999,0.997,0.997,0.997,0.997,0.997,0.997,0.998,0.999,0.997,0.997,0.998,0.998,0.997,0.997,0.997,0.997,0.997,0.997,0.998,0.999,0.997,0.997,0.999,0.998,0.997,0.998,0.998,0.997,0.999,0.998,0.998,0.999,0.998,0.998,1.0
2017-01-05 02:00:00+01:00,0.998,0.998,0.998,0.999,0.997,0.997,0.998,0.999,0.998,0.998,0.998,0.997,0.998,0.999,0.999,0.997,0.998,0.999,0.997,0.998,0.997,0.997,0.999,0.998,0.998,0.998,0.999,0.999,0.997,0.997,0.997,0.997,0.999,0.998,0.998,0.997,0.999,0.997,0.998,0.997,0.999,0.999,0.997,0.998,0.998,0.998,0.997,0.999,0.997,0.997,0.998,0.997,0.999,0.997,0.998,0.997,0.997,0.998,0.998,0.998,0.997,0.998,0.998,0.998,0.999,0.997,0.999,0.998,0.998,0.998,0.997,0.997,0.997,0.998,0.999,0.999,0.998,0.997,0.997,0.997,0.998,0.997,0.998,0.999,0.997,0.998,0.998,0.998,0.997,0.997,0.997,0.997,0.997,0.998,0.998,0.999,0.997,0.997,0.999,0.999,0.997,0.999,0.998,0.997,0.999,0.999,0.999,0.999,0.999,0.999,1.0
2017-01-05 03:00:00+01:00,0.998,0.998,0.998,0.999,0.997,0.997,0.998,0.999,0.998,0.998,0.998,0.997,0.998,0.999,0.999,0.997,0.998,0.999,0.998,0.998,0.997,0.997,0.999,0.998,0.998,0.998,0.999,0.999,0.998,0.998,0.998,0.997,0.999,0.998,0.998,0.997,0.999,0.998,0.998,0.998,0.999,0.999,0.998,0.998,0.998,0.998,0.998,0.999,0.997,0.998,0.998,0.997,0.999,0.997,0.998,0.998,0.998,0.998,0.998,0.998,0.997,0.998,0.998,0.998,0.999,0.997,0.999,0.998,0.998,0.998,0.998,0.998,0.998,0.998,0.999,0.999,0.998,0.998,0.998,0.998,0.998,0.998,0.998,0.999,0.997,0.998,0.998,0.998,0.998,0.998,0.997,0.998,0.997,0.998,0.998,0.999,0.997,0.998,0.999,0.999,0.997,0.999,0.998,0.997,0.999,0.999,0.999,0.999,0.999,0.999,1.0
2017-01-05 04:00:00+01:00,0.998,0.999,0.998,0.999,0.998,0.997,0.998,0.999,0.998,0.998,0.998,0.997,0.999,0.999,0.999,0.997,0.998,0.999,0.998,0.999,0.998,0.997,0.999,0.998,0.998,0.999,0.999,0.999,0.998,0.998,0.998,0.997,0.999,0.998,0.999,0.997,0.999,0.998,0.998,0.998,0.999,0.999,0.998,0.998,0.999,0.998,0.998,0.999,0.997,0.998,0.998,0.997,0.999,0.998,0.999,0.998,0.998,0.999,0.998,0.998,0.997,0.998,0.998,0.998,0.999,0.997,0.999,0.998,0.999,0.998,0.998,0.998,0.998,0.998,0.999,0.999,0.998,0.998,0.998,0.998,0.998,0.998,0.998,0.999,0.997,0.998,0.999,0.998,0.998,0.998,0.998,0.998,0.997,0.998,0.998,0.999,0.998,0.998,0.999,0.999,0.998,0.999,0.998,0.998,0.999,0.999,0.999,0.999,0.999,0.999,1.0
2017-01-05 05:00:00+01:00,0.997,0.998,0.997,0.998,0.997,0.996,0.997,0.998,0.997,0.997,0.997,0.996,0.997,0.998,0.999,0.996,0.997,0.998,0.996,0.997,0.997,0.996,0.999,0.998,0.998,0.997,0.999,0.998,0.996,0.997,0.997,0.996,0.998,0.997,0.997,0.996,0.998,0.997,0.997,0.997,0.998,0.998,0.996,0.997,0.998,0.997,0.997,0.999,0.996,0.996,0.997,0.996,0.998,0.997,0.998,0.996,0.997,0.997,0.997,0.997,0.996,0.997,0.997,0.997,0.998,0.996,0.999,0.997,0.998,0.997,0.996,0.996,0.997,0.997,0.999,0.999,0.997,0.996,0.996,0.997,0.997,0.996,0.997,0.998,0.996,0.997,0.997,0.997,0.996,0.996,0.997,0.996,0.996,0.997,0.998,0.999,0.996,0.996,0.999,0.998,0.997,0.998,0.998,0.997,0.998,0.998,0.998,0.999,0.998,0.998,1.0
2017-01-05 06:00:00+01:00,0.995,0.996,0.995,0.997,0.994,0.994,0.996,0.997,0.995,0.996,0.995,0.994,0.996,0.997,0.998,0.993,0.995,0.997,0.994,0.996,0.994,0.993,0.998,0.996,0.996,0.996,0.997,0.997,0.994,0.995,0.994,0.993,0.997,0.995,0.996,0.993,0.997,0.995,0.996,0.995,0.997,0.997,0.994,0.995,0.996,0.995,0.994,0.998,0.994,0.994,0.995,0.993,0.997,0.994,0.997,0.994,0.994,0.996,0.996,0.995,0.993,0.995,0.994,0.995,0.997,0.993,0.998,0.995,0.997,0.995,0.994,0.994,0.994,0.996,0.997,0.997,0.996,0.994,0.994,0.995,0.995,0.994,0.995,0.997,0.993,0.996,0.996,0.996,0.994,0.994,0.994,0.994,0.994,0.995,0.996,0.998,0.994,0.994,0.998,0.997,0.994,0.997,0.996,0.994,0.997,0.997,0.997,0.998,0.997,0.997,1.0
2017-01-05 07:00:00+01:00,0.995,0.996,0.995,0.997,0.995,0.995,0.996,0.997,0.995,0.996,0.996,0.995,0.996,0.998,0.998,0.995,0.995,0.998,0.995,0.996,0.995,0.994,0.998,0.996,0.997,0.996,0.998,0.997,0.995,0.995,0.996,0.995,0.998,0.995,0.996,0.995,0.997,0.995,0.996,0.995,0.997,0.997,0.995,0.995,0.997,0.996,0.996,0.998,0.995,0.995,0.995,0.994,0.997,0.995,0.997,0.995,0.995,0.996,0.996,0.996,0.994,0.996,0.996,0.995,0.997,0.995,0.998,0.995,0.997,0.995,0.995,0.995,0.996,0.996,0.998,0.998,0.996,0.995,0.995,0.995,0.996,0.995,0.996,0.998,0.994,0.996,0.996,0.996,0.995,0.995,0.995,0.995,0.995,0.995,0.997,0.998,0.995,0.995,0.998,0.997,0.995,0.997,0.997,0.995,0.998,0.998,0.998,0.998,0.998,0.998,1.0
2017-01-05 08:00:00+01:00,0.996,0.997,0.995,0.997,0.996,0.996,0.996,0.997,0.995,0.997,0.996,0.995,0.997,0.998,0.998,0.995,0.996,0.998,0.995,0.997,0.996,0.995,0.998,0.997,0.997,0.997,0.998,0.998,0.995,0.995,0.996,0.995,0.998,0.995,0.997,0.995,0.998,0.995,0.996,0.995,0.997,0.997,0.995,0.996,0.997,0.997,0.996,0.998,0.996,0.995,0.995,0.995,0.998,0.996,0.997,0.995,0.996,0.997,0.997,0.997,0.995,0.996,0.996,0.996,0.997,0.995,0.998,0.995,0.997,0.996,0.995,0.995,0.996,0.996,0.998,0.998,0.996,0.995,0.995,0.995,0.997,0.995,0.997,0.998,0.995,0.996,0.997,0.996,0.995,0.995,0.996,0.995,0.996,0.995,0.997,0.998,0.996,0.995,0.998,0.997,0.996,0.997,0.997,0.996,0.998,0.998,0.998,0.998,0.998,0.998,1.0
2017-01-05 09:00:00+01:00,0.996,0.996,0.996,0.997,0.995,0.995,0.996,0.997,0.996,0.996,0.996,0.995,0.996,0.998,0.998,0.994,0.996,0.998,0.995,0.996,0.995,0.994,0.998,0.997,0.997,0.996,0.998,0.997,0.995,0.996,0.996,0.994,0.998,0.996,0.996,0.994,0.997,0.996,0.996,0.995,0.997,0.997,0.995,0.996,0.997,0.996,0.996,0.998,0.995,0.995,0.996,0.994,0.997,0.995,0.997,0.995,0.995,0.996,0.997,0.996,0.994,0.996,0.996,0.996,0.997,0.994,0.998,0.996,0.997,0.996,0.995,0.995,0.996,0.996,0.998,0.998,0.996,0.995,0.995,0.996,0.996,0.995,0.996,0.998,0.994,0.996,0.996,0.996,0.995,0.995,0.995,0.995,0.995,0.996,0.997,0.998,0.995,0.995,0.998,0.997,0.995,0.997,0.997,0.996,0.998,0.998,0.998,0.998,0.998,0.998,1.0
2017-01-05 10:00:00+01:00,0.995,0.996,0.995,0.997,0.995,0.994,0.996,0.997,0.995,0.996,0.995,0.994,0.996,0.997,0.998,0.994,0.995,0.997,0.995,0.996,0.995,0.994,0.998,0.996,0.996,0.996,0.998,0.997,0.995,0.995,0.995,0.994,0.997,0.995,0.996,0.994,0.997,0.995,0.996,0.995,0.996,0.997,0.994,0.995,0.996,0.996,0.995,0.998,0.994,0.994,0.995,0.994,0.997,0.995,0.997,0.995,0.995,0.996,0.996,0.996,0.994,0.995,0.995,0.995,0.996,0.994,0.998,0.995,0.996,0.995,0.995,0.995,0.995,0.995,0.998,0.998,0.995,0.995,0.995,0.995,0.996,0.994,0.996,0.997,0.994,0.996,0.996,0.996,0.994,0.995,0.995,0.995,0.994,0.995,0.997,0.998,0.994,0.994,0.998,0.996,0.995,0.997,0.996,0.995,0.998,0.998,0.998,0.998,0.998,0.998,1.0
2017-01-05 11:00:00+01:00,0.995,0.995,0.995,0.996,0.993,0.992,0.995,0.996,0.995,0.994,0.993,0.992,0.995,0.996,0.997,0.991,0.995,0.997,0.994,0.995,0.992,0.991,0.997,0.994,0.995,0.995,0.997,0.996,0.994,0.994,0.993,0.991,0.997,0.994,0.995,0.991,0.996,0.994,0.995,0.994,0.996,0.996,0.994,0.995,0.995,0.994,0.993,0.997,0.992,0.994,0.995,0.991,0.996,0.993,0.996,0.994,0.993,0.995,0.996,0.994,0.991,0.995,0.993,0.995,0.996,0.991,0.997,0.994,0.995,0.995,0.994,0.994,0.993,0.995,0.997,0.997,0.995,0.994,0.994,0.994,0.994,0.994,0.994,0.997,0.991,0.995,0.995,0.995,0.994,0.994,0.993,0.994,0.992,0.994,0.995,0.997,0.992,0.994,0.997,0.996,0.993,0.996,0.995,0.993,0.997,0.997,0.997,0.997,0.997,0.997,1.0
2017-01-05 12:00:00+01:00,0.996,0.996,0.996,0.997,0.995,0.994,0.996,0.997,0.996,0.996,0.995,0.994,0.996,0.998,0.998,0.994,0.996,0.998,0.995,0.996,0.995,0.994,0.998,0.996,0.997,0.996,0.998,0.997,0.995,0.996,0.995,0.994,0.998,0.996,0.996,0.994,0.997,0.996,0.996,0.996,0.997,0.997,0.995,0.996,0.996,0.996,0.995,0.998,0.994,0.995,0.996,0.994,0.997,0.995,0.997,0.995,0.995,0.996,0.997,0.996,0.994,0.996,0.995,0.996,0.997,0.994,0.998,0.996,0.996,0.996,0.995,0.995,0.995,0.996,0.998,0.998,0.996,0.995,0.995,0.996,0.996,0.995,0.996,0.998,0.994,0.996,0.996,0.996,0.995,0.995,0.995,0.995,0.995,0.996,0.997,0.998,0.995,0.995,0.998,0.997,0.995,0.997,0.997,0.995,0.998,0.998,0.998,0.998,0.998,0.998,1.0
2017-01-05 13:00:00+01:00,0.996,0.996,0.995,0.997,0.994,0.994,0.996,0.997,0.995,0.996,0.995,0.994,0.996,0.997,0.998,0.994,0.996,0.998,0.995,0.996,0.994,0.993,0.998,0.996,0.996,0.996,0.998,0.997,0.995,0.995,0.995,0.993,0.997,0.995,0.996,0.994,0.997,0.995,0.996,0.995,0.997,0.997,0.995,0.996,0.996,0.995,0.995,0.998,0.994,0.995,0.995,0.993,0.997,0.994,0.997,0.995,0.995,0.996,0.996,0.995,0.993,0.996,0.995,0.996,0.997,0.993,0.998,0.995,0.996,0.996,0.995,0.995,0.995,0.996,0.998,0.998,0.996,0.995,0.995,0.995,0.995,0.995,0.996,0.997,0.993,0.996,0.996,0.996,0.995,0.995,0.994,0.995,0.994,0.995,0.996,0.998,0.994,0.995,0.998,0.997,0.994,0.997,0.996,0.995,0.998,0.998,0.998,0.998,0.998,0.998,1.0
2017-01-05 14:00:00+01:00,0.996,0.997,0.996,0.997,0.995,0.994,0.997,0.997,0.996,0.996,0.995,0.994,0.997,0.998,0.998,0.994,0.996,0.998,0.996,0.997,0.995,0.994,0.998,0.996,0.997,0.997,0.998,0.998,0.996,0.996,0.995,0.994,0.998,0.996,0.997,0.994,0.997,0.996,0.997,0.996,0.997,0.997,0.996,0.996,0.997,0.996,0.995,0.998,0.995,0.996,0.996,0.994,0.998,0.995,0.997,0.996,0.995,0.997,0.997,0.996,0.994,0.996,0.995,0.996,0.997,0.994,0.998,0.996,0.997,0.996,0.996,0.996,0.995,0.997,0.998,0.998,0.997,0.996,0.996,0.996,0.996,0.996,0.996,0.998,0.994,0.997,0.997,0.997,0.996,0.996,0.995,0.996,0.995,0.996,0.997,0.998,0.995,0.996,0.998,0.997,0.995,0.997,0.997,0.995,0.998,0.998,0.998,0.998,0.998,0.998,1.0
2017-01-05 15:00:00+01:00,0.996,0.997,0.996,0.997,0.996,0.995,0.997,0.998,0.996,0.997,0.996,0.995,0.997,0.998,0.998,0.995,0.996,0.998,0.996,0.997,0.995,0.995,0.998,0.997,0.997,0.997,0.998,0.998,0.996,0.996,0.996,0.995,0.998,0.996,0.997,0.995,0.998,0.996,0.997,0.996,0.997,0.998,0.996,0.996,0.997,0.996,0.996,0.998,0.995,0.996,0.996,0.995,0.998,0.996,0.997,0.996,0.996,0.997,0.997,0.996,0.995,0.996,0.996,0.996,0.997,0.995,0.998,0.996,0.997,0.996,0.996,0.996,0.996,0.997,0.998,0.998,0.997,0.996,0.996,0.996,0.996,0.996,0.996,0.998,0.995,0.997,0.997,0.997,0.996,0.996,0.996,0.996,0.995,0.996,0.997,0.998,0.995,0.996,0.998,0.997,0.996,0.997,0.997,0.996,0.998,0.998,0.998,0.998,0.998,0.998,1.0
2017-01-05 16:00:00+01:00,0.995,0.995,0.995,0.996,0.994,0.994,0.995,0.997,0.995,0.996,0.995,0.993,0.995,0.997,0.997,0.993,0.995,0.997,0.994,0.995,0.994,0.993,0.997,0.996,0.996,0.995,0.997,0.997,0.994,0.995,0.994,0.993,0.997,0.995,0.995,0.993,0.997,0.995,0.995,0.995,0.996,0.997,0.994,0.995,0.995,0.995,0.994,0.998,0.994,0.994,0.995,0.993,0.997,0.994,0.996,0.994,0.994,0.995,0.996,0.995,0.993,0.995,0.994,0.995,0.996,0.993,0.998,0.995,0.996,0.995,0.994,0.994,0.994,0.995,0.997,0.997,0.995,0.994,0.994,0.995,0.995,0.994,0.995,0.997,0.993,0.995,0.995,0.996,0.994,0.994,0.994,0.994,0.994,0.995,0.996,0.998,0.994,0.994,0.998,0.996,0.994,0.996,0.996,0.994,0.997,0.997,0.997,0.998,0.997,0.997,1.0
2017-01-05 17:00:00+01:00,0.994,0.995,0.994,0.996,0.993,0.992,0.994,0.996,0.994,0.994,0.993,0.992,0.994,0.996,0.997,0.991,0.994,0.997,0.993,0.994,0.992,0.991,0.997,0.995,0.995,0.994,0.997,0.996,0.993,0.993,0.993,0.991,0.997,0.993,0.994,0.991,0.996,0.993,0.994,0.993,0.995,0.996,0.993,0.994,0.995,0.994,0.993,0.997,0.992,0.993,0.994,0.991,0.996,0.993,0.996,0.993,0.993,0.994,0.995,0.994,0.991,0.994,0.993,0.994,0.995,0.991,0.997,0.994,0.995,0.994,0.993,0.993,0.993,0.994,0.997,0.996,0.994,0.993,0.993,0.993,0.994,0.993,0.994,0.996,0.991,0.994,0.994,0.995,0.993,0.993,0.993,0.993,0.992,0.993,0.995,0.997,0.992,0.993,0.997,0.995,0.993,0.996,0.995,0.993,0.996,0.996,0.996,0.997,0.996,0.996,1.0
2017-01-05 18:00:00+01:00,0.992,0.993,0.992,0.995,0.992,0.991,0.993,0.995,0.992,0.994,0.993,0.991,0.993,0.996,0.996,0.991,0.992,0.996,0.992,0.993,0.992,0.991,0.996,0.994,0.994,0.993,0.996,0.995,0.992,0.992,0.992,0.991,0.996,0.992,0.993,0.991,0.995,0.992,0.993,0.992,0.994,0.995,0.991,0.992,0.993,0.993,0.992,0.997,0.991,0.991,0.992,0.991,0.995,0.992,0.995,0.992,0.992,0.993,0.994,0.993,0.991,0.993,0.992,0.993,0.994,0.991,0.997,0.992,0.994,0.993,0.992,0.992,0.992,0.993,0.996,0.996,0.993,0.992,0.992,0.992,0.993,0.991,0.994,0.996,0.991,0.993,0.993,0.993,0.991,0.992,0.992,0.992,0.992,0.992,0.995,0.997,0.992,0.991,0.997,0.994,0.992,0.995,0.994,0.992,0.996,0.996,0.996,0.997,0.996,0.995,1.0
2017-01-05 19:00:00+01:00,0.993,0.993,0.992,0.995,0.992,0.991,0.993,0.995,0.992,0.994,0.992,0.991,0.993,0.996,0.996,0.99,0.993,0.996,0.992,0.993,0.992,0.99,0.996,0.994,0.994,0.993,0.996,0.996,0.992,0.992,0.992,0.99,0.996,0.992,0.993,0.99,0.995,0.992,0.993,0.992,0.995,0.995,0.992,0.993,0.994,0.993,0.992,0.997,0.991,0.992,0.992,0.99,0.996,0.992,0.995,0.992,0.992,0.993,0.994,0.993,0.99,0.993,0.992,0.993,0.994,0.99,0.997,0.992,0.994,0.993,0.992,0.992,0.992,0.993,0.996,0.996,0.993,0.992,0.992,0.992,0.993,0.992,0.993,0.996,0.99,0.993,0.993,0.994,0.992,0.992,0.992,0.992,0.991,0.992,0.995,0.997,0.991,0.992,0.997,0.995,0.992,0.995,0.994,0.992,0.996,0.996,0.996,0.997,0.996,0.995,1.0
2017-01-05 20:00:00+01:00,0.993,0.994,0.993,0.995,0.992,0.991,0.994,0.996,0.993,0.994,0.992,0.991,0.994,0.996,0.996,0.99,0.993,0.996,0.992,0.994,0.992,0.99,0.997,0.994,0.994,0.994,0.996,0.996,0.992,0.992,0.992,0.99,0.996,0.993,0.994,0.99,0.995,0.992,0.994,0.992,0.995,0.996,0.992,0.993,0.995,0.993,0.992,0.997,0.991,0.992,0.993,0.99,0.996,0.992,0.995,0.992,0.992,0.994,0.994,0.993,0.99,0.993,0.992,0.993,0.995,0.99,0.997,0.993,0.995,0.993,0.992,0.992,0.992,0.994,0.996,0.996,0.994,0.992,0.992,0.992,0.993,0.992,0.993,0.996,0.99,0.994,0.994,0.994,0.992,0.992,0.992,0.992,0.991,0.993,0.995,0.997,0.991,0.992,0.997,0.995,0.992,0.995,0.994,0.992,0.996,0.996,0.996,0.997,0.996,0.996,1.0
2017-01-05 21:00:00+01:00,0.994,0.995,0.993,0.996,0.993,0.993,0.994,0.996,0.993,0.995,0.994,0.992,0.995,0.996,0.997,0.992,0.993,0.997,0.993,0.995,0.993,0.992,0.997,0.995,0.995,0.995,0.997,0.996,0.993,0.993,0.993,0.992,0.997,0.993,0.995,0.992,0.996,0.993,0.994,0.993,0.996,0.996,0.993,0.994,0.995,0.994,0.993,0.997,0.993,0.993,0.993,0.992,0.996,0.993,0.996,0.993,0.993,0.995,0.995,0.994,0.992,0.994,0.993,0.994,0.996,0.992,0.997,0.993,0.995,0.994,0.993,0.993,0.993,0.994,0.997,0.997,0.994,0.993,0.993,0.993,0.994,0.993,0.995,0.997,0.992,0.994,0.995,0.994,0.993,0.993,0.993,0.993,0.993,0.993,0.995,0.997,0.993,0.993,0.997,0.996,0.993,0.996,0.995,0.993,0.997,0.996,0.996,0.997,0.996,0.996,1.0
2017-01-05 22:00:00+01:00,0.995,0.996,0.994,0.997,0.994,0.994,0.995,0.997,0.994,0.996,0.995,0.994,0.996,0.997,0.997,0.994,0.994,0.997,0.994,0.996,0.994,0.994,0.998,0.996,0.996,0.996,0.998,0.997,0.994,0.994,0.994,0.994,0.997,0.994,0.996,0.994,0.997,0.994,0.995,0.994,0.997,0.997,0.994,0.995,0.996,0.995,0.994,0.998,0.994,0.994,0.994,0.994,0.997,0.994,0.997,0.994,0.994,0.996,0.996,0.995,0.994,0.995,0.995,0.995,0.997,0.994,0.998,0.994,0.996,0.995,0.994,0.994,0.994,0.995,0.998,0.997,0.995,0.994,0.994,0.994,0.995,0.994,0.995,0.997,0.994,0.995,0.996,0.995,0.994,0.994,0.994,0.994,0.994,0.994,0.996,0.998,0.994,0.994,0.998,0.997,0.994,0.997,0.996,0.994,0.997,0.997,0.997,0.998,0.997,0.997,1.0
2017-01-05 23:00:00+01:00,0.996,0.997,0.996,0.998,0.996,0.995,0.996,0.998,0.996,0.997,0.996,0.995,0.997,0.998,0.998,0.995,0.996,0.998,0.995,0.997,0.996,0.995,0.998,0.997,0.997,0.997,0.998,0.998,0.995,0.996,0.996,0.995,0.998,0.996,0.997,0.995,0.998,0.996,0.996,0.996,0.998,0.998,0.995,0.996,0.997,0.996,0.996,0.998,0.995,0.995,0.996,0.995,0.998,0.996,0.998,0.995,0.996,0.997,0.997,0.996,0.995,0.996,0.996,0.996,0.998,0.995,0.998,0.996,0.998,0.996,0.995,0.995,0.996,0.996,0.998,0.998,0.996,0.995,0.995,0.996,0.996,0.995,0.997,0.998,0.995,0.996,0.997,0.996,0.995,0.995,0.996,0.995,0.996,0.996,0.997,0.998,0.996,0.995,0.999,0.998,0.996,0.998,0.997,0.996,0.998,0.998,0.998,0.998,0.998,0.998,1.0
2017-01-06 00:00:00+01:00,0.997,0.998,0.997,0.998,0.997,0.996,0.997,0.998,0.997,0.997,0.997,0.996,0.998,0.998,0.999,0.996,0.997,0.998,0.996,0.998,0.997,0.996,0.999,0.997,0.998,0.998,0.999,0.998,0.996,0.997,0.997,0.996,0.998,0.997,0.998,0.996,0.998,0.997,0.997,0.996,0.998,0.998,0.996,0.997,0.998,0.997,0.997,0.999,0.996,0.996,0.997,0.996,0.998,0.997,0.998,0.996,0.997,0.998,0.997,0.997,0.996,0.997,0.997,0.997,0.998,0.996,0.999,0.997,0.998,0.997,0.996,0.996,0.997,0.997,0.999,0.998,0.997,0.996,0.996,0.997,0.997,0.996,0.997,0.998,0.996,0.997,0.998,0.997,0.996,0.996,0.997,0.996,0.997,0.997,0.998,0.999,0.997,0.996,0.999,0.998,0.997,0.998,0.998,0.997,0.998,0.998,0.998,0.999,0.998,0.998,1.0
2017-01-06 01:00:00+01:00,0.997,0.998,0.997,0.999,0.997,0.997,0.998,0.999,0.997,0.998,0.998,0.997,0.998,0.999,0.999,0.997,0.997,0.999,0.997,0.998,0.997,0.997,0.999,0.998,0.998,0.998,0.999,0.999,0.997,0.997,0.998,0.997,0.999,0.997,0.998,0.997,0.999,0.997,0.998,0.997,0.998,0.999,0.997,0.997,0.998,0.998,0.998,0.999,0.997,0.997,0.997,0.997,0.999,0.997,0.998,0.997,0.997,0.998,0.998,0.998,0.997,0.998,0.998,0.997,0.998,0.997,0.999,0.997,0.998,0.997,0.997,0.997,0.998,0.998,0.999,0.999,0.998,0.997,0.997,0.997,0.998,0.997,0.998,0.999,0.997,0.998,0.998,0.998,0.997,0.997,0.997,0.997,0.997,0.997,0.998,0.999,0.997,0.997,0.999,0.998,0.997,0.999,0.998,0.998,0.999,0.999,0.999,0.999,0.999,0.999,1.0
2017-01-06 02:00:00+01:00,0.998,0.998,0.998,0.999,0.997,0.997,0.998,0.999,0.998,0.998,0.997,0.997,0.998,0.999,0.999,0.997,0.998,0.999,0.997,0.998,0.997,0.997,0.999,0.998,0.998,0.998,0.999,0.999,0.997,0.997,0.997,0.997,0.999,0.998,0.998,0.997,0.999,0.997,0.998,0.997,0.998,0.999,0.997,0.998,0.998,0.998,0.997,0.999,0.997,0.997,0.998,0.997,0.999,0.997,0.998,0.997,0.997,0.998,0.998,0.998,0.997,0.998,0.997,0.998,0.998,0.997,0.999,0.998,0.998,0.998,0.997,0.997,0.997,0.998,0.999,0.999,0.998,0.997,0.997,0.997,0.998,0.997,0.998,0.999,0.997,0.998,0.998,0.998,0.997,0.997,0.997,0.997,0.997,0.998,0.998,0.999,0.997,0.997,0.999,0.998,0.997,0.999,0.998,0.997,0.999,0.999,0.999,0.999,0.999,0.999,1.0
2017-01-06 03:00:00+01:00,0.998,0.998,0.998,0.999,0.998,0.997,0.998,0.999,0.998,0.998,0.998,0.997,0.998,0.999,0.999,0.997,0.998,0.999,0.998,0.998,0.997,0.997,0.999,0.998,0.998,0.998,0.999,0.999,0.998,0.998,0.998,0.997,0.999,0.998,0.998,0.997,0.999,0.998,0.998,0.998,0.999,0.999,0.998,0.998,0.998,0.998,0.998,0.999,0.997,0.998,0.998,0.997,0.999,0.998,0.999,0.998,0.998,0.998,0.998,0.998,0.997,0.998,0.998,0.998,0.998,0.997,0.999,0.998,0.998,0.998,0.998,0.998,0.998,0.998,0.999,0.999,0.998,0.998,0.998,0.998,0.998,0.998,0.998,0.999,0.997,0.998,0.998,0.998,0.998,0.998,0.998,0.998,0.997,0.998,0.998,0.999,0.997,0.998,0.999,0.999,0.998,0.999,0.998,0.998,0.999,0.999,0.999,0.999,0.999,0.999,1.0
2017-01-06 04:00:00+01:00,0.998,0.998,0.998,0.999,0.998,0.997,0.998,0.999,0.998,0.998,0.998,0.997,0.998,0.999,0.999,0.997,0.998,0.999,0.998,0.998,0.998,0.997,0.999,0.998,0.998,0.998,0.999,0.999,0.998,0.998,0.998,0.997,0.999,0.998,0.998,0.997,0.999,0.998,0.998,0.998,0.999,0.999,0.998,0.998,0.999,0.998,0.998,0.999,0.997,0.998,0.998,0.997,0.999,0.998,0.999,0.998,0.998,0.998,0.998,0.998,0.997,0.998,0.998,0.998,0.999,0.997,0.999,0.998,0.999,0.998,0.998,0.998,0.998,0.998,0.999,0.999,0.998,0.998,0.998,0.998,0.998,0.998,0.998,0.999,0.997,0.998,0.998,0.998,0.998,0.998,0.998,0.998,0.998,0.998,0.999,0.999,0.998,0.998,0.999,0.999,0.998,0.999,0.998,0.998,0.999,0.999,0.999,0.999,0.999,0.999,1.0
2017-01-06 05:00:00+01:00,0.997,0.998,0.997,0.998,0.997,0.996,0.997,0.998,0.997,0.998,0.997,0.996,0.998,0.998,0.999,0.996,0.997,0.999,0.996,0.998,0.997,0.996,0.999,0.998,0.998,0.998,0.999,0.998,0.997,0.997,0.997,0.996,0.999,0.997,0.998,0.996,0.998,0.997,0.997,0.997,0.998,0.998,0.996,0.997,0.998,0.997,0.997,0.999,0.996,0.996,0.997,0.996,0.998,0.997,0.998,0.997,0.997,0.998,0.998,0.997,0.996,0.997,0.997,0.997,0.998,0.996,0.999,0.997,0.998,0.997,0.996,0.996,0.997,0.997,0.999,0.999,0.997,0.997,0.997,0.997,0.997,0.996,0.997,0.998,0.996,0.997,0.998,0.997,0.997,0.997,0.997,0.997,0.997,0.997,0.998,0.999,0.997,0.996,0.999,0.998,0.997,0.998,0.998,0.997,0.998,0.998,0.998,0.999,0.998,0.998,1.0
2017-01-06 06:00:00+01:00,0.995,0.996,0.995,0.997,0.994,0.994,0.996,0.997,0.995,0.996,0.995,0.994,0.996,0.997,0.998,0.993,0.995,0.997,0.994,0.996,0.994,0.993,0.998,0.996,0.996,0.996,0.998,0.997,0.994,0.995,0.994,0.993,0.997,0.995,0.996,0.993,0.997,0.995,0.996,0.995,0.997,0.997,0.994,0.995,0.996,0.995,0.995,0.998,0.994,0.994,0.995,0.993,0.997,0.994,0.997,0.994,0.994,0.996,0.996,0.995,0.993,0.995,0.995,0.995,0.997,0.993,0.998,0.995,0.997,0.995,0.994,0.994,0.995,0.996,0.998,0.998,0.996,0.994,0.994,0.995,0.995,0.994,0.996,0.997,0.993,0.996,0.996,0.996,0.994,0.994,0.994,0.994,0.994,0.995,0.996,0.998,0.994,0.994,0.998,0.997,0.994,0.997,0.996,0.994,0.998,0.998,0.998,0.998,0.997,0.997,1.0
2017-01-06 07:00:00+01:00,0.996,0.997,0.996,0.997,0.995,0.995,0.996,0.997,0.996,0.996,0.996,0.995,0.996,0.998,0.998,0.995,0.996,0.998,0.995,0.996,0.995,0.995,0.998,0.997,0.997,0.996,0.998,0.998,0.995,0.995,0.996,0.995,0.998,0.996,0.996,0.995,0.997,0.995,0.996,0.995,0.997,0.997,0.995,0.996,0.997,0.996,0.996,0.998,0.995,0.995,0.996,0.995,0.997,0.996,0.997,0.995,0.996,0.996,0.997,0.996,0.995,0.996,0.996,0.996,0.997,0.995,0.998,0.996,0.997,0.996,0.995,0.995,0.996,0.996,0.998,0.998,0.996,0.995,0.995,0.995,0.996,0.995,0.996,0.998,0.995,0.996,0.996,0.996,0.995,0.995,0.995,0.995,0.995,0.996,0.997,0.998,0.995,0.995,0.998,0.997,0.995,0.997,0.997,0.996,0.998,0.998,0.998,0.998,0.998,0.998,1.0
2017-01-06 08:00:00+01:00,0.996,0.996,0.995,0.997,0.995,0.995,0.996,0.997,0.995,0.996,0.995,0.995,0.996,0.997,0.998,0.994,0.996,0.998,0.995,0.996,0.995,0.994,0.998,0.996,0.996,0.996,0.998,0.997,0.995,0.995,0.995,0.994,0.997,0.995,0.996,0.994,0.997,0.995,0.996,0.995,0.997,0.997,0.995,0.996,0.996,0.996,0.995,0.998,0.995,0.995,0.995,0.994,0.997,0.995,0.997,0.995,0.995,0.996,0.996,0.996,0.994,0.996,0.995,0.996,0.996,0.994,0.998,0.995,0.996,0.996,0.995,0.995,0.995,0.996,0.998,0.998,0.996,0.995,0.995,0.995,0.996,0.995,0.996,0.997,0.994,0.996,0.996,0.996,0.995,0.995,0.995,0.995,0.995,0.995,0.997,0.998,0.995,0.995,0.998,0.997,0.995,0.997,0.996,0.995,0.998,0.998,0.998,0.998,0.998,0.998,1.0
2017-01-06 09:00:00+01:00,0.996,0.997,0.995,0.997,0.995,0.995,0.996,0.997,0.995,0.996,0.995,0.994,0.996,0.997,0.998,0.994,0.996,0.998,0.995,0.996,0.995,0.994,0.998,0.996,0.997,0.996,0.998,0.997,0.995,0.995,0.995,0.994,0.998,0.995,0.996,0.994,0.997,0.995,0.996,0.995,0.997,0.997,0.995,0.996,0.997,0.996,0.995,0.998,0.995,0.995,0.995,0.994,0.997,0.995,0.997,0.995,0.995,0.996,0.996,0.996,0.994,0.996,0.995,0.996,0.997,0.994,0.998,0.995,0.997,0.996,0.995,0.995,0.995,0.996,0.998,0.998,0.996,0.995,0.995,0.995,0.996,0.995,0.996,0.998,0.994,0.996,0.996,0.996,0.995,0.995,0.995,0.995,0.995,0.995,0.997,0.998,0.995,0.995,0.998,0.997,0.995,0.997,0.996,0.995,0.998,0.998,0.998,0.998,0.998,0.998,1.0
2017-01-06 10:00:00+01:00,0.996,0.996,0.995,0.997,0.995,0.995,0.996,0.997,0.995,0.996,0.996,0.995,0.996,0.998,0.998,0.995,0.996,0.998,0.995,0.996,0.995,0.995,0.998,0.996,0.997,0.996,0.998,0.997,0.995,0.995,0.995,0.995,0.998,0.995,0.996,0.995,0.997,0.995,0.996,0.995,0.997,0.997,0.995,0.996,0.996,0.996,0.995,0.998,0.995,0.995,0.995,0.995,0.997,0.995,0.997,0.995,0.995,0.996,0.996,0.996,0.995,0.996,0.996,0.996,0.997,0.995,0.998,0.995,0.997,0.996,0.995,0.995,0.996,0.996,0.998,0.998,0.996,0.995,0.995,0.995,0.996,0.995,0.996,0.998,0.995,0.996,0.996,0.996,0.995,0.995,0.995,0.995,0.995,0.995,0.997,0.998,0.995,0.995,0.998,0.997,0.995,0.997,0.997,0.995,0.998,0.998,0.998,0.998,0.998,0.998,1.0
2017-01-06 11:00:00+01:00,0.995,0.996,0.995,0.997,0.995,0.994,0.996,0.997,0.995,0.996,0.995,0.994,0.996,0.997,0.998,0.994,0.995,0.997,0.995,0.996,0.995,0.994,0.998,0.996,0.996,0.996,0.998,0.997,0.995,0.995,0.995,0.994,0.997,0.995,0.996,0.994,0.997,0.995,0.996,0.995,0.997,0.997,0.995,0.995,0.996,0.995,0.995,0.998,0.994,0.995,0.995,0.994,0.997,0.995,0.997,0.995,0.995,0.996,0.996,0.995,0.994,0.996,0.995,0.995,0.997,0.994,0.998,0.995,0.996,0.995,0.995,0.995,0.995,0.996,0.998,0.998,0.996,0.995,0.995,0.995,0.995,0.995,0.996,0.997,0.994,0.996,0.996,0.996,0.995,0.995,0.995,0.995,0.994,0.995,0.996,0.998,0.994,0.994,0.998,0.997,0.995,0.997,0.996,0.995,0.998,0.998,0.998,0.998,0.998,0.997,1.0
2017-01-06 12:00:00+01:00,0.995,0.996,0.995,0.997,0.995,0.995,0.995,0.997,0.995,0.996,0.995,0.994,0.996,0.997,0.998,0.994,0.995,0.998,0.994,0.996,0.995,0.994,0.998,0.996,0.996,0.996,0.998,0.997,0.994,0.994,0.995,0.994,0.997,0.994,0.996,0.994,0.997,0.994,0.995,0.994,0.997,0.997,0.994,0.995,0.996,0.996,0.995,0.998,0.995,0.994,0.995,0.994,0.997,0.995,0.997,0.994,0.995,0.996,0.996,0.996,0.994,0.995,0.995,0.995,0.996,0.994,0.998,0.994,0.996,0.995,0.994,0.994,0.995,0.995,0.998,0.997,0.995,0.994,0.994,0.994,0.996,0.994,0.996,0.997,0.994,0.995,0.996,0.995,0.994,0.994,0.995,0.994,0.995,0.994,0.997,0.998,0.995,0.994,0.998,0.997,0.995,0.997,0.996,0.995,0.997,0.997,0.997,0.998,0.997,0.997,1.0
2017-01-06 13:00:00+01:00,0.996,0.996,0.996,0.997,0.995,0.995,0.996,0.997,0.996,0.996,0.996,0.995,0.996,0.998,0.998,0.994,0.996,0.998,0.995,0.996,0.995,0.994,0.998,0.996,0.997,0.996,0.998,0.997,0.995,0.996,0.995,0.994,0.998,0.996,0.996,0.994,0.997,0.996,0.996,0.996,0.997,0.997,0.995,0.996,0.996,0.996,0.995,0.998,0.995,0.995,0.996,0.994,0.997,0.995,0.997,0.995,0.995,0.996,0.997,0.996,0.994,0.996,0.995,0.996,0.997,0.994,0.998,0.996,0.996,0.996,0.995,0.995,0.995,0.996,0.998,0.998,0.996,0.995,0.995,0.996,0.996,0.995,0.996,0.998,0.994,0.996,0.996,0.996,0.995,0.995,0.995,0.995,0.995,0.996,0.997,0.998,0.995,0.995,0.998,0.997,0.995,0.997,0.997,0.995,0.998,0.998,0.998,0.998,0.998,0.998,1.0
2017-01-06 14:00:00+01:00,0.996,0.997,0.996,0.997,0.996,0.995,0.996,0.997,0.996,0.997,0.996,0.995,0.996,0.998,0.998,0.995,0.996,0.998,0.995,0.997,0.995,0.995,0.998,0.997,0.997,0.997,0.998,0.998,0.995,0.996,0.996,0.995,0.998,0.996,0.996,0.995,0.998,0.996,0.996,0.996,0.997,0.997,0.995,0.996,0.997,0.996,0.996,0.998,0.995,0.995,0.996,0.995,0.998,0.996,0.997,0.995,0.996,0.997,0.997,0.996,0.995,0.996,0.996,0.996,0.997,0.995,0.998,0.996,0.997,0.996,0.995,0.995,0.996,0.996,0.998,0.998,0.996,0.995,0.995,0.996,0.996,0.995,0.996,0.998,0.995,0.996,0.997,0.996,0.995,0.995,0.996,0.995,0.995,0.996,0.997,0.998,0.995,0.995,0.998,0.997,0.996,0.997,0.997,0.996,0.998,0.998,0.998,0.998,0.998,0.998,1.0
2017-01-06 15:00:00+01:00,0.996,0.996,0.996,0.997,0.995,0.994,0.996,0.997,0.996,0.996,0.995,0.994,0.996,0.997,0.998,0.994,0.996,0.998,0.995,0.996,0.995,0.994,0.998,0.996,0.996,0.996,0.998,0.997,0.995,0.996,0.995,0.994,0.998,0.996,0.996,0.994,0.997,0.996,0.996,0.996,0.997,0.997,0.995,0.996,0.997,0.996,0.995,0.998,0.994,0.995,0.996,0.994,0.997,0.995,0.997,0.995,0.995,0.996,0.997,0.996,0.994,0.996,0.995,0.996,0.997,0.994,0.998,0.996,0.997,0.996,0.995,0.995,0.995,0.996,0.998,0.998,0.996,0.995,0.995,0.996,0.996,0.995,0.996,0.998,0.994,0.996,0.996,0.996,0.995,0.995,0.995,0.995,0.995,0.996,0.997,0.998,0.995,0.995,0.998,0.997,0.995,0.997,0.996,0.995,0.998,0.998,0.998,0.998,0.998,0.998,1.0
2017-01-06 16:00:00+01:00,0.995,0.996,0.995,0.996,0.993,0.993,0.995,0.997,0.995,0.995,0.994,0.992,0.996,0.997,0.997,0.992,0.995,0.997,0.994,0.996,0.993,0.992,0.997,0.995,0.995,0.996,0.997,0.997,0.994,0.994,0.993,0.992,0.997,0.995,0.996,0.992,0.996,0.994,0.995,0.994,0.996,0.997,0.994,0.995,0.996,0.994,0.993,0.998,0.993,0.994,0.995,0.992,0.997,0.993,0.996,0.994,0.993,0.996,0.996,0.994,0.992,0.995,0.994,0.995,0.996,0.992,0.998,0.995,0.996,0.995,0.994,0.994,0.993,0.995,0.997,0.997,0.995,0.994,0.994,0.994,0.994,0.994,0.995,0.997,0.992,0.995,0.996,0.995,0.994,0.994,0.993,0.994,0.993,0.995,0.996,0.998,0.993,0.994,0.998,0.996,0.993,0.996,0.995,0.993,0.997,0.997,0.997,0.998,0.997,0.997,1.0
2017-01-06 17:00:00+01:00,0.993,0.995,0.993,0.996,0.993,0.992,0.994,0.996,0.993,0.994,0.993,0.992,0.995,0.996,0.997,0.992,0.993,0.997,0.992,0.995,0.992,0.992,0.997,0.994,0.995,0.995,0.997,0.996,0.992,0.993,0.993,0.992,0.997,0.993,0.995,0.992,0.996,0.993,0.994,0.993,0.995,0.996,0.992,0.993,0.995,0.994,0.993,0.997,0.992,0.992,0.993,0.992,0.996,0.993,0.995,0.992,0.993,0.995,0.995,0.994,0.992,0.994,0.993,0.993,0.995,0.992,0.997,0.993,0.995,0.993,0.992,0.992,0.993,0.994,0.997,0.997,0.994,0.992,0.992,0.993,0.994,0.992,0.994,0.996,0.992,0.994,0.995,0.994,0.992,0.992,0.993,0.992,0.992,0.993,0.995,0.997,0.992,0.992,0.997,0.996,0.993,0.996,0.995,0.993,0.996,0.996,0.996,0.997,0.996,0.996,1.0
2017-01-06 18:00:00+01:00,0.992,0.994,0.991,0.995,0.992,0.991,0.993,0.995,0.991,0.993,0.992,0.991,0.994,0.996,0.996,0.99,0.992,0.996,0.991,0.994,0.991,0.99,0.997,0.994,0.994,0.994,0.996,0.996,0.991,0.991,0.992,0.99,0.996,0.991,0.994,0.99,0.995,0.991,0.993,0.991,0.995,0.995,0.991,0.992,0.994,0.993,0.992,0.997,0.991,0.991,0.991,0.99,0.996,0.992,0.995,0.991,0.992,0.994,0.994,0.993,0.99,0.992,0.992,0.992,0.995,0.99,0.997,0.991,0.995,0.992,0.991,0.991,0.992,0.993,0.996,0.996,0.993,0.991,0.991,0.991,0.993,0.991,0.993,0.996,0.99,0.993,0.994,0.993,0.991,0.991,0.992,0.991,0.991,0.991,0.994,0.997,0.991,0.991,0.997,0.995,0.992,0.995,0.994,0.992,0.996,0.996,0.996,0.997,0.996,0.996,1.0
2017-01-06 19:00:00+01:00,0.993,0.994,0.992,0.995,0.992,0.991,0.993,0.995,0.992,0.994,0.992,0.991,0.994,0.996,0.996,0.991,0.992,0.996,0.991,0.994,0.992,0.99,0.997,0.994,0.994,0.994,0.996,0.996,0.991,0.992,0.992,0.99,0.996,0.992,0.994,0.991,0.995,0.992,0.993,0.992,0.995,0.996,0.991,0.992,0.994,0.993,0.992,0.997,0.991,0.991,0.992,0.99,0.996,0.992,0.995,0.992,0.992,0.994,0.994,0.993,0.99,0.993,0.992,0.993,0.995,0.99,0.997,0.992,0.995,0.993,0.991,0.991,0.992,0.993,0.996,0.996,0.993,0.991,0.991,0.992,0.993,0.991,0.993,0.996,0.99,0.993,0.994,0.993,0.991,0.991,0.992,0.991,0.991,0.992,0.995,0.997,0.991,0.991,0.997,0.995,0.992,0.995,0.994,0.992,0.996,0.996,0.996,0.997,0.996,0.996,1.0
2017-01-06 20:00:00+01:00,0.992,0.994,0.992,0.995,0.992,0.991,0.993,0.996,0.992,0.994,0.992,0.991,0.994,0.996,0.996,0.991,0.992,0.996,0.991,0.994,0.992,0.991,0.997,0.994,0.994,0.994,0.996,0.996,0.991,0.992,0.992,0.991,0.996,0.992,0.994,0.991,0.995,0.992,0.993,0.992,0.995,0.996,0.991,0.992,0.995,0.993,0.992,0.997,0.991,0.991,0.992,0.991,0.996,0.992,0.995,0.992,0.992,0.994,0.994,0.993,0.991,0.993,0.992,0.993,0.995,0.991,0.997,0.992,0.995,0.993,0.991,0.991,0.992,0.993,0.996,0.996,0.993,0.991,0.991,0.992,0.993,0.991,0.994,0.996,0.991,0.993,0.994,0.993,0.991,0.991,0.992,0.991,0.991,0.992,0.995,0.997,0.992,0.991,0.997,0.995,0.992,0.995,0.994,0.992,0.996,0.996,0.996,0.997,0.996,0.996,1.0
2017-01-06 21:00:00+01:00,0.993,0.995,0.993,0.996,0.993,0.993,0.994,0.996,0.993,0.995,0.994,0.993,0.995,0.996,0.997,0.992,0.993,0.997,0.993,0.995,0.993,0.992,0.997,0.995,0.995,0.995,0.997,0.996,0.993,0.993,0.993,0.992,0.997,0.993,0.995,0.992,0.996,0.993,0.994,0.993,0.996,0.996,0.992,0.993,0.995,0.994,0.993,0.997,0.993,0.993,0.993,0.992,0.996,0.993,0.996,0.993,0.994,0.995,0.995,0.994,0.992,0.994,0.994,0.994,0.996,0.992,0.997,0.993,0.995,0.994,0.993,0.993,0.994,0.994,0.997,0.997,0.994,0.993,0.993,0.993,0.994,0.992,0.995,0.997,0.992,0.994,0.995,0.994,0.993,0.993,0.993,0.993,0.993,0.993,0.996,0.997,0.993,0.992,0.997,0.996,0.993,0.996,0.995,0.993,0.997,0.997,0.996,0.997,0.996,0.996,1.0
2017-01-06 22:00:00+01:00,0.994,0.996,0.994,0.997,0.994,0.994,0.995,0.997,0.994,0.996,0.995,0.994,0.996,0.997,0.997,0.994,0.994,0.997,0.994,0.996,0.994,0.994,0.997,0.996,0.996,0.996,0.997,0.997,0.994,0.994,0.994,0.994,0.997,0.994,0.996,0.994,0.997,0.994,0.995,0.994,0.997,0.997,0.994,0.994,0.996,0.995,0.995,0.998,0.994,0.994,0.994,0.994,0.997,0.994,0.996,0.994,0.995,0.996,0.996,0.995,0.994,0.995,0.995,0.995,0.996,0.994,0.998,0.994,0.996,0.995,0.994,0.994,0.995,0.995,0.997,0.997,0.995,0.994,0.994,0.994,0.995,0.994,0.996,0.997,0.994,0.995,0.996,0.995,0.994,0.994,0.994,0.994,0.994,0.994,0.996,0.998,0.994,0.994,0.998,0.997,0.994,0.997,0.996,0.994,0.997,0.997,0.997,0.998,0.997,0.997,1.0
2017-01-06 23:00:00+01:00,0.996,0.997,0.996,0.998,0.996,0.996,0.996,0.998,0.996,0.997,0.996,0.996,0.997,0.998,0.998,0.995,0.996,0.998,0.995,0.997,0.996,0.995,0.998,0.997,0.997,0.997,0.998,0.998,0.995,0.996,0.996,0.995,0.998,0.996,0.997,0.995,0.998,0.996,0.996,0.995,0.998,0.998,0.995,0.996,0.997,0.996,0.996,0.998,0.996,0.995,0.996,0.995,0.998,0.996,0.997,0.995,0.996,0.997,0.997,0.997,0.995,0.996,0.996,0.996,0.997,0.995,0.998,0.996,0.997,0.996,0.995,0.995,0.996,0.996,0.998,0.998,0.996,0.995,0.995,0.996,0.996,0.995,0.997,0.998,0.995,0.996,0.997,0.996,0.995,0.995,0.996,0.995,0.996,0.996,0.997,0.998,0.996,0.995,0.998,0.998,0.996,0.998,0.997,0.996,0.998,0.998,0.998,0.998,0.998,0.998,1.0
2017-01-07 00:00:00+01:00,0.997,0.998,0.997,0.998,0.997,0.997,0.998,0.998,0.997,0.998,0.997,0.997,0.998,0.999,0.999,0.997,0.997,0.999,0.997,0.998,0.997,0.996,0.999,0.998,0.998,0.998,0.999,0.999,0.997,0.997,0.997,0.996,0.999,0.997,0.998,0.997,0.998,0.997,0.998,0.997,0.998,0.998,0.997,0.997,0.998,0.997,0.997,0.999,0.997,0.997,0.997,0.996,0.998,0.997,0.998,0.997,0.997,0.998,0.998,0.997,0.996,0.997,0.997,0.997,0.998,0.996,0.999,0.997,0.998,0.997,0.997,0.997,0.997,0.998,0.999,0.999,0.998,0.997,0.997,0.997,0.997,0.997,0.998,0.999,0.996,0.998,0.998,0.998,0.997,0.997,0.997,0.997,0.997,0.997,0.998,0.999,0.997,0.997,0.999,0.998,0.997,0.998,0.998,0.997,0.999,0.998,0.998,0.999,0.998,0.998,1.0
2017-01-07 01:00:00+01:00,0.998,0.998,0.997,0.999,0.997,0.997,0.998,0.999,0.997,0.998,0.997,0.997,0.998,0.999,0.999,0.997,0.998,0.999,0.997,0.998,0.997,0.997,0.999,0.998,0.998,0.998,0.999,0.999,0.997,0.997,0.997,0.997,0.999,0.997,0.998,0.997,0.999,0.997,0.998,0.997,0.998,0.999,0.997,0.998,0.998,0.998,0.997,0.999,0.997,0.997,0.997,0.997,0.999,0.997,0.998,0.997,0.997,0.998,0.998,0.998,0.997,0.998,0.997,0.998,0.998,0.997,0.999,0.997,0.998,0.998,0.997,0.997,0.997,0.998,0.999,0.999,0.998,0.997,0.997,0.997,0.998,0.997,0.998,0.999,0.997,0.998,0.998,0.998,0.997,0.997,0.997,0.997,0.997,0.997,0.998,0.999,0.997,0.997,0.999,0.999,0.997,0.999,0.998,0.997,0.999,0.999,0.999,0.999,0.999,0.999,1.0
2017-01-07 02:00:00+01:00,0.998,0.998,0.997,0.999,0.997,0.997,0.998,0.999,0.997,0.998,0.998,0.997,0.998,0.999,0.999,0.997,0.998,0.999,0.997,0.998,0.997,0.997,0.999,0.998,0.998,0.998,0.999,0.999,0.997,0.997,0.997,0.997,0.999,0.997,0.998,0.997,0.999,0.997,0.998,0.997,0.999,0.999,0.997,0.998,0.998,0.998,0.997,0.999,0.997,0.997,0.997,0.997,0.999,0.997,0.998,0.997,0.997,0.998,0.998,0.998,0.997,0.998,0.997,0.998,0.999,0.997,0.999,0.997,0.998,0.998,0.997,0.997,0.997,0.998,0.999,0.999,0.998,0.997,0.997,0.997,0.998,0.997,0.998,0.999,0.997,0.998,0.998,0.998,0.997,0.997,0.997,0.997,0.997,0.997,0.998,0.999,0.997,0.997,0.999,0.999,0.997,0.999,0.998,0.997,0.999,0.999,0.999,0.999,0.999,0.999,1.0
2017-01-07 03:00:00+01:00,0.998,0.998,0.998,0.999,0.998,0.997,0.998,0.999,0.997,0.998,0.998,0.997,0.998,0.999,0.999,0.997,0.998,0.999,0.997,0.998,0.997,0.997,0.999,0.998,0.998,0.998,0.999,0.999,0.997,0.997,0.998,0.997,0.999,0.997,0.998,0.997,0.999,0.997,0.998,0.997,0.999,0.999,0.997,0.998,0.998,0.998,0.998,0.999,0.997,0.997,0.998,0.997,0.999,0.998,0.998,0.997,0.998,0.998,0.998,0.998,0.997,0.998,0.998,0.998,0.998,0.997,0.999,0.997,0.998,0.998,0.997,0.997,0.998,0.998,0.999,0.999,0.998,0.997,0.997,0.997,0.998,0.997,0.998,0.999,0.997,0.998,0.998,0.998,0.997,0.997,0.998,0.997,0.997,0.997,0.998,0.999,0.997,0.997,0.999,0.999,0.998,0.999,0.998,0.998,0.999,0.999,0.999,0.999,0.999,0.999,1.0
2017-01-07 04:00:00+01:00,0.998,0.998,0.997,0.999,0.998,0.997,0.998,0.999,0.997,0.998,0.998,0.997,0.998,0.999,0.999,0.997,0.998,0.999,0.997,0.998,0.997,0.997,0.999,0.998,0.998,0.998,0.999,0.999,0.997,0.997,0.998,0.997,0.999,0.997,0.998,0.997,0.999,0.997,0.998,0.997,0.999,0.999,0.997,0.998,0.998,0.998,0.998,0.999,0.997,0.997,0.997,0.997,0.999,0.998,0.999,0.997,0.998,0.998,0.998,0.998,0.997,0.998,0.998,0.998,0.999,0.997,0.999,0.997,0.999,0.998,0.997,0.997,0.998,0.998,0.999,0.999,0.998,0.997,0.997,0.997,0.998,0.997,0.998,0.999,0.997,0.998,0.998,0.998,0.997,0.997,0.998,0.997,0.997,0.997,0.998,0.999,0.997,0.997,0.999,0.999,0.998,0.999,0.998,0.998,0.999,0.999,0.999,0.999,0.999,0.999,1.0
2017-01-07 05:00:00+01:00,0.997,0.997,0.997,0.998,0.997,0.996,0.997,0.998,0.997,0.997,0.997,0.996,0.997,0.998,0.998,0.996,0.997,0.998,0.996,0.997,0.997,0.996,0.999,0.998,0.998,0.997,0.998,0.998,0.996,0.996,0.997,0.996,0.998,0.997,0.997,0.996,0.998,0.996,0.997,0.996,0.998,0.998,0.996,0.997,0.997,0.997,0.997,0.999,0.996,0.996,0.997,0.996,0.998,0.997,0.998,0.996,0.997,0.997,0.997,0.997,0.996,0.997,0.997,0.997,0.998,0.996,0.999,0.997,0.998,0.997,0.996,0.996,0.997,0.997,0.998,0.998,0.997,0.996,0.996,0.996,0.997,0.996,0.997,0.998,0.996,0.997,0.997,0.997,0.996,0.996,0.997,0.996,0.997,0.997,0.998,0.999,0.997,0.996,0.999,0.998,0.997,0.998,0.998,0.997,0.998,0.998,0.998,0.999,0.998,0.998,1.0
2017-01-07 06:00:00+01:00,0.995,0.997,0.995,0.997,0.995,0.994,0.996,0.997,0.995,0.996,0.995,0.994,0.996,0.997,0.998,0.994,0.995,0.998,0.994,0.997,0.995,0.994,0.998,0.996,0.996,0.996,0.998,0.997,0.994,0.995,0.995,0.994,0.998,0.995,0.996,0.994,0.997,0.995,0.996,0.994,0.997,0.997,0.994,0.995,0.997,0.995,0.995,0.998,0.994,0.994,0.995,0.994,0.997,0.995,0.997,0.994,0.995,0.996,0.996,0.995,0.994,0.995,0.995,0.995,0.997,0.994,0.998,0.995,0.997,0.995,0.994,0.994,0.995,0.996,0.998,0.998,0.996,0.994,0.994,0.995,0.995,0.994,0.996,0.998,0.994,0.996,0.996,0.996,0.994,0.994,0.995,0.994,0.994,0.995,0.996,0.998,0.994,0.994,0.998,0.997,0.995,0.997,0.996,0.995,0.998,0.998,0.998,0.998,0.997,0.997,1.0
2017-01-07 07:00:00+01:00,0.995,0.996,0.995,0.997,0.993,0.993,0.995,0.997,0.995,0.995,0.994,0.993,0.996,0.997,0.998,0.992,0.995,0.997,0.994,0.996,0.993,0.992,0.998,0.995,0.995,0.996,0.998,0.997,0.994,0.994,0.994,0.992,0.997,0.995,0.996,0.992,0.997,0.994,0.995,0.994,0.997,0.997,0.994,0.995,0.996,0.994,0.994,0.998,0.993,0.994,0.995,0.992,0.997,0.993,0.996,0.994,0.994,0.996,0.996,0.994,0.992,0.995,0.994,0.995,0.997,0.992,0.998,0.995,0.996,0.995,0.994,0.994,0.994,0.995,0.997,0.997,0.995,0.994,0.994,0.995,0.994,0.994,0.995,0.997,0.992,0.995,0.996,0.996,0.994,0.994,0.993,0.994,0.993,0.995,0.996,0.998,0.993,0.994,0.998,0.997,0.993,0.997,0.995,0.994,0.997,0.997,0.997,0.998,0.997,0.997,1.0
2017-01-07 08:00:00+01:00,0.996,0.996,0.996,0.997,0.995,0.995,0.996,0.997,0.996,0.996,0.996,0.995,0.996,0.998,0.998,0.994,0.996,0.998,0.995,0.996,0.995,0.994,0.998,0.996,0.997,0.996,0.998,0.997,0.995,0.995,0.995,0.994,0.998,0.995,0.996,0.994,0.997,0.995,0.996,0.995,0.997,0.997,0.995,0.996,0.996,0.996,0.995,0.998,0.995,0.995,0.996,0.994,0.997,0.995,0.997,0.995,0.995,0.996,0.997,0.996,0.994,0.996,0.995,0.996,0.997,0.994,0.998,0.995,0.996,0.996,0.995,0.995,0.995,0.996,0.998,0.998,0.996,0.995,0.995,0.995,0.996,0.995,0.996,0.998,0.994,0.996,0.996,0.996,0.995,0.995,0.995,0.995,0.995,0.995,0.997,0.998,0.995,0.995,0.998,0.997,0.995,0.997,0.997,0.995,0.998,0.998,0.998,0.998,0.998,0.998,1.0
2017-01-07 09:00:00+01:00,0.996,0.997,0.996,0.997,0.996,0.995,0.996,0.997,0.996,0.997,0.996,0.995,0.996,0.998,0.998,0.995,0.996,0.998,0.996,0.996,0.996,0.995,0.998,0.997,0.997,0.996,0.998,0.997,0.996,0.996,0.996,0.995,0.998,0.996,0.996,0.995,0.998,0.996,0.996,0.996,0.997,0.997,0.995,0.996,0.997,0.996,0.996,0.998,0.995,0.995,0.996,0.995,0.997,0.996,0.997,0.996,0.996,0.996,0.997,0.996,0.995,0.996,0.996,0.996,0.997,0.995,0.998,0.996,0.997,0.996,0.996,0.996,0.996,0.996,0.998,0.998,0.996,0.996,0.996,0.996,0.996,0.995,0.997,0.998,0.995,0.996,0.996,0.996,0.995,0.996,0.996,0.996,0.995,0.996,0.997,0.998,0.996,0.995,0.998,0.997,0.996,0.997,0.997,0.996,0.998,0.998,0.998,0.998,0.998,0.998,1.0
2017-01-07 10:00:00+01:00,0.996,0.996,0.996,0.997,0.996,0.995,0.997,0.997,0.996,0.997,0.996,0.995,0.996,0.998,0.998,0.995,0.996,0.998,0.996,0.996,0.995,0.994,0.998,0.997,0.997,0.996,0.998,0.998,0.996,0.996,0.996,0.994,0.998,0.996,0.996,0.995,0.998,0.996,0.997,0.996,0.997,0.997,0.996,0.996,0.997,0.996,0.996,0.998,0.995,0.996,0.996,0.994,0.997,0.996,0.997,0.996,0.996,0.996,0.997,0.996,0.994,0.997,0.996,0.996,0.997,0.994,0.998,0.996,0.997,0.996,0.996,0.996,0.996,0.997,0.998,0.998,0.997,0.996,0.996,0.996,0.996,0.996,0.997,0.998,0.994,0.997,0.996,0.997,0.996,0.996,0.996,0.996,0.995,0.996,0.997,0.998,0.995,0.996,0.998,0.997,0.996,0.997,0.997,0.996,0.998,0.998,0.998,0.998,0.998,0.998,1.0
2017-01-07 11:00:00+01:00,0.996,0.997,0.996,0.998,0.996,0.995,0.996,0.998,0.996,0.997,0.996,0.995,0.997,0.998,0.998,0.995,0.996,0.998,0.995,0.997,0.996,0.995,0.998,0.997,0.997,0.997,0.998,0.998,0.995,0.996,0.996,0.995,0.998,0.996,0.997,0.995,0.998,0.996,0.996,0.996,0.997,0.998,0.995,0.996,0.997,0.997,0.996,0.998,0.995,0.995,0.996,0.995,0.998,0.996,0.998,0.996,0.996,0.997,0.997,0.997,0.995,0.996,0.996,0.996,0.997,0.995,0.998,0.996,0.997,0.996,0.995,0.995,0.996,0.996,0.998,0.998,0.996,0.996,0.996,0.996,0.997,0.995,0.997,0.998,0.995,0.996,0.997,0.996,0.995,0.995,0.996,0.995,0.996,0.996,0.997,0.998,0.996,0.995,0.998,0.997,0.996,0.998,0.997,0.996,0.998,0.998,0.998,0.998,0.998,0.998,1.0
2017-01-07 12:00:00+01:00,0.996,0.997,0.996,0.998,0.996,0.995,0.997,0.998,0.996,0.997,0.996,0.994,0.997,0.998,0.998,0.994,0.996,0.998,0.996,0.997,0.995,0.994,0.998,0.997,0.997,0.997,0.998,0.998,0.996,0.996,0.996,0.994,0.998,0.996,0.997,0.994,0.998,0.996,0.997,0.996,0.998,0.998,0.996,0.996,0.997,0.996,0.996,0.998,0.995,0.996,0.996,0.994,0.998,0.996,0.997,0.996,0.995,0.997,0.997,0.996,0.994,0.996,0.996,0.996,0.997,0.994,0.998,0.996,0.997,0.996,0.996,0.996,0.996,0.997,0.998,0.998,0.997,0.996,0.996,0.996,0.996,0.996,0.996,0.998,0.994,0.997,0.997,0.997,0.996,0.996,0.996,0.996,0.995,0.996,0.997,0.998,0.995,0.996,0.998,0.998,0.996,0.998,0.997,0.996,0.998,0.998,0.998,0.998,0.998,0.998,1.0
2017-01-07 13:00:00+01:00,0.996,0.997,0.996,0.998,0.996,0.995,0.996,0.998,0.995,0.997,0.996,0.994,0.997,0.998,0.998,0.994,0.996,0.998,0.995,0.997,0.995,0.994,0.998,0.997,0.997,0.997,0.998,0.998,0.995,0.995,0.996,0.994,0.998,0.995,0.997,0.994,0.998,0.995,0.996,0.995,0.998,0.998,0.995,0.996,0.997,0.996,0.996,0.998,0.995,0.995,0.995,0.994,0.998,0.996,0.997,0.995,0.996,0.997,0.997,0.996,0.994,0.996,0.996,0.996,0.997,0.994,0.998,0.995,0.997,0.996,0.995,0.995,0.996,0.996,0.998,0.998,0.996,0.995,0.995,0.995,0.996,0.995,0.997,0.998,0.994,0.996,0.997,0.996,0.995,0.995,0.996,0.995,0.995,0.995,0.997,0.998,0.995,0.995,0.998,0.998,0.996,0.998,0.997,0.996,0.998,0.998,0.998,0.998,0.998,0.998,1.0
2017-01-07 14:00:00+01:00,0.996,0.997,0.996,0.998,0.995,0.994,0.996,0.998,0.996,0.996,0.995,0.994,0.997,0.998,0.998,0.994,0.996,0.998,0.995,0.997,0.995,0.994,0.998,0.996,0.997,0.997,0.998,0.998,0.995,0.995,0.995,0.994,0.998,0.996,0.997,0.994,0.997,0.995,0.996,0.995,0.997,0.998,0.995,0.996,0.997,0.996,0.995,0.998,0.994,0.995,0.996,0.994,0.998,0.995,0.997,0.995,0.995,0.997,0.997,0.996,0.994,0.996,0.995,0.996,0.997,0.994,0.998,0.996,0.997,0.996,0.995,0.995,0.995,0.996,0.998,0.998,0.996,0.995,0.995,0.995,0.996,0.995,0.996,0.998,0.994,0.996,0.997,0.996,0.995,0.995,0.995,0.995,0.995,0.996,0.997,0.998,0.995,0.995,0.998,0.997,0.995,0.997,0.997,0.995,0.998,0.998,0.998,0.998,0.998,0.998,1.0
2017-01-07 15:00:00+01:00,0.996,0.997,0.996,0.997,0.995,0.995,0.996,0.997,0.996,0.996,0.996,0.994,0.997,0.998,0.998,0.994,0.996,0.998,0.995,0.997,0.995,0.994,0.998,0.996,0.997,0.997,0.998,0.998,0.995,0.995,0.995,0.994,0.998,0.995,0.997,0.994,0.997,0.995,0.996,0.995,0.997,0.997,0.995,0.996,0.997,0.996,0.995,0.998,0.995,0.995,0.996,0.994,0.998,0.995,0.997,0.995,0.995,0.997,0.997,0.996,0.994,0.996,0.995,0.996,0.997,0.994,0.998,0.995,0.997,0.996,0.995,0.995,0.995,0.996,0.998,0.998,0.996,0.995,0.995,0.995,0.996,0.995,0.996,0.998,0.994,0.996,0.997,0.996,0.995,0.995,0.995,0.995,0.995,0.995,0.997,0.998,0.995,0.995,0.998,0.997,0.995,0.997,0.997,0.995,0.998,0.998,0.998,0.998,0.998,0.998,1.0
2017-01-07 16:00:00+01:00,0.995,0.996,0.995,0.997,0.995,0.994,0.995,0.997,0.995,0.996,0.995,0.994,0.996,0.997,0.998,0.994,0.995,0.998,0.994,0.996,0.995,0.994,0.998,0.996,0.996,0.996,0.998,0.997,0.994,0.994,0.995,0.994,0.998,0.995,0.996,0.994,0.997,0.994,0.996,0.994,0.997,0.997,0.994,0.995,0.996,0.996,0.995,0.998,0.994,0.994,0.995,0.994,0.997,0.995,0.997,0.994,0.995,0.996,0.996,0.996,0.994,0.995,0.995,0.995,0.997,0.994,0.998,0.995,0.996,0.995,0.994,0.994,0.995,0.995,0.998,0.998,0.995,0.994,0.994,0.994,0.996,0.994,0.996,0.997,0.994,0.995,0.996,0.996,0.994,0.994,0.995,0.994,0.995,0.995,0.997,0.998,0.995,0.994,0.998,0.997,0.995,0.997,0.996,0.995,0.998,0.998,0.997,0.998,0.997,0.997,1.0
2017-01-07 17:00:00+01:00,0.993,0.995,0.993,0.996,0.993,0.992,0.994,0.996,0.993,0.994,0.993,0.992,0.994,0.996,0.997,0.992,0.993,0.997,0.992,0.995,0.993,0.992,0.997,0.995,0.995,0.995,0.997,0.996,0.992,0.993,0.993,0.992,0.997,0.993,0.994,0.992,0.996,0.992,0.994,0.992,0.996,0.996,0.992,0.993,0.995,0.994,0.993,0.997,0.992,0.992,0.993,0.992,0.996,0.993,0.996,0.992,0.993,0.994,0.995,0.994,0.992,0.994,0.993,0.993,0.995,0.992,0.997,0.993,0.995,0.993,0.992,0.992,0.993,0.994,0.997,0.997,0.994,0.992,0.992,0.993,0.994,0.992,0.994,0.997,0.992,0.994,0.994,0.994,0.992,0.992,0.993,0.992,0.992,0.993,0.995,0.997,0.993,0.992,0.997,0.996,0.993,0.996,0.995,0.993,0.997,0.996,0.996,0.997,0.996,0.996,1.0
2017-01-07 18:00:00+01:00,0.991,0.994,0.991,0.995,0.992,0.991,0.992,0.995,0.991,0.993,0.992,0.991,0.994,0.995,0.996,0.991,0.991,0.996,0.99,0.994,0.992,0.991,0.996,0.994,0.994,0.994,0.996,0.996,0.99,0.991,0.992,0.991,0.996,0.991,0.994,0.991,0.995,0.991,0.992,0.991,0.995,0.995,0.99,0.991,0.994,0.993,0.992,0.996,0.991,0.99,0.991,0.991,0.995,0.992,0.995,0.99,0.992,0.994,0.993,0.993,0.991,0.992,0.992,0.992,0.995,0.991,0.996,0.991,0.994,0.992,0.99,0.99,0.992,0.992,0.996,0.996,0.992,0.99,0.99,0.991,0.993,0.99,0.993,0.996,0.991,0.992,0.994,0.993,0.99,0.99,0.992,0.99,0.991,0.991,0.994,0.996,0.991,0.99,0.997,0.995,0.992,0.995,0.994,0.992,0.996,0.996,0.995,0.997,0.995,0.995,1.0
2017-01-07 19:00:00+01:00,0.992,0.994,0.991,0.995,0.991,0.99,0.993,0.995,0.991,0.993,0.992,0.99,0.994,0.995,0.996,0.99,0.992,0.996,0.99,0.994,0.991,0.99,0.996,0.993,0.994,0.994,0.996,0.996,0.99,0.991,0.991,0.99,0.996,0.991,0.994,0.99,0.995,0.991,0.993,0.991,0.995,0.995,0.99,0.992,0.994,0.992,0.992,0.996,0.99,0.99,0.991,0.99,0.995,0.991,0.995,0.991,0.991,0.994,0.993,0.992,0.99,0.992,0.992,0.992,0.995,0.99,0.996,0.991,0.995,0.992,0.99,0.99,0.992,0.992,0.996,0.996,0.992,0.99,0.99,0.991,0.992,0.99,0.993,0.996,0.99,0.993,0.994,0.993,0.99,0.99,0.991,0.99,0.991,0.991,0.994,0.996,0.991,0.99,0.997,0.995,0.991,0.995,0.994,0.991,0.996,0.996,0.996,0.997,0.996,0.996,1.0
2017-01-07 20:00:00+01:00,0.993,0.995,0.992,0.996,0.992,0.991,0.993,0.996,0.992,0.994,0.993,0.991,0.995,0.996,0.997,0.991,0.992,0.996,0.991,0.995,0.992,0.991,0.997,0.994,0.994,0.995,0.997,0.996,0.991,0.992,0.992,0.991,0.996,0.992,0.995,0.991,0.996,0.992,0.993,0.992,0.996,0.996,0.991,0.993,0.995,0.993,0.992,0.997,0.991,0.991,0.992,0.991,0.996,0.992,0.995,0.992,0.992,0.995,0.994,0.993,0.991,0.993,0.993,0.993,0.995,0.991,0.997,0.992,0.995,0.993,0.991,0.991,0.993,0.993,0.997,0.997,0.993,0.991,0.991,0.992,0.993,0.991,0.994,0.996,0.991,0.993,0.995,0.993,0.991,0.991,0.992,0.991,0.992,0.992,0.995,0.997,0.992,0.991,0.997,0.996,0.992,0.996,0.994,0.992,0.997,0.996,0.996,0.997,0.996,0.996,1.0
2017-01-07 21:00:00+01:00,0.994,0.995,0.993,0.996,0.993,0.993,0.994,0.996,0.993,0.995,0.994,0.993,0.995,0.997,0.997,0.992,0.993,0.997,0.993,0.995,0.993,0.992,0.997,0.995,0.995,0.995,0.997,0.997,0.993,0.993,0.993,0.992,0.997,0.993,0.995,0.992,0.996,0.993,0.994,0.993,0.996,0.996,0.992,0.994,0.996,0.994,0.993,0.997,0.993,0.992,0.993,0.992,0.997,0.993,0.996,0.993,0.993,0.995,0.995,0.994,0.992,0.994,0.994,0.994,0.996,0.992,0.997,0.993,0.996,0.994,0.993,0.993,0.993,0.994,0.997,0.997,0.994,0.993,0.993,0.993,0.994,0.992,0.995,0.997,0.992,0.994,0.995,0.994,0.993,0.993,0.993,0.993,0.993,0.993,0.996,0.997,0.993,0.992,0.997,0.996,0.993,0.996,0.995,0.993,0.997,0.997,0.997,0.997,0.997,0.997,1.0
2017-01-07 22:00:00+01:00,0.995,0.997,0.995,0.997,0.995,0.995,0.995,0.997,0.995,0.996,0.995,0.995,0.997,0.997,0.998,0.995,0.995,0.998,0.994,0.997,0.995,0.995,0.998,0.996,0.996,0.997,0.998,0.998,0.994,0.994,0.995,0.995,0.998,0.994,0.997,0.995,0.997,0.994,0.995,0.994,0.997,0.997,0.994,0.995,0.997,0.996,0.995,0.998,0.995,0.994,0.995,0.995,0.997,0.995,0.997,0.994,0.995,0.997,0.996,0.996,0.995,0.995,0.995,0.995,0.997,0.995,0.998,0.994,0.997,0.995,0.994,0.994,0.995,0.995,0.998,0.998,0.995,0.994,0.994,0.994,0.996,0.994,0.996,0.998,0.995,0.995,0.997,0.995,0.994,0.994,0.995,0.994,0.995,0.994,0.997,0.998,0.995,0.994,0.998,0.997,0.995,0.997,0.996,0.995,0.998,0.998,0.998,0.998,0.998,0.998,1.0
2017-01-07 23:00:00+01:00,0.996,0.997,0.995,0.997,0.996,0.995,0.996,0.998,0.995,0.997,0.996,0.995,0.997,0.998,0.998,0.995,0.995,0.998,0.995,0.997,0.996,0.995,0.998,0.997,0.997,0.997,0.998,0.998,0.995,0.995,0.996,0.995,0.998,0.995,0.997,0.995,0.997,0.995,0.996,0.995,0.997,0.998,0.995,0.996,0.997,0.996,0.996,0.998,0.995,0.995,0.995,0.995,0.998,0.996,0.997,0.995,0.996,0.997,0.996,0.996,0.995,0.996,0.996,0.996,0.997,0.995,0.998,0.995,0.997,0.996,0.995,0.995,0.996,0.996,0.998,0.998,0.996,0.995,0.995,0.995,0.996,0.995,0.996,0.998,0.995,0.996,0.997,0.996,0.995,0.995,0.996,0.995,0.995,0.995,0.997,0.998,0.996,0.995,0.998,0.997,0.996,0.997,0.997,0.996,0.998,0.998,0.998,0.998,0.998,0.998,1.0
2017-01-08 00:00:00+01:00,0.997,0.998,0.997,0.998,0.997,0.997,0.997,0.998,0.997,0.998,0.997,0.997,0.998,0.998,0.998,0.997,0.997,0.999,0.996,0.998,0.997,0.996,0.999,0.998,0.998,0.998,0.999,0.998,0.996,0.997,0.997,0.997,0.998,0.997,0.998,0.997,0.998,0.997,0.997,0.997,0.998,0.998,0.996,0.997,0.998,0.997,0.997,0.999,0.997,0.996,0.997,0.996,0.998,0.997,0.998,0.996,0.997,0.998,0.997,0.997,0.996,0.997,0.997,0.997,0.998,0.997,0.999,0.997,0.998,0.997,0.996,0.996,0.997,0.997,0.999,0.998,0.997,0.996,0.996,0.997,0.997,0.996,0.998,0.998,0.996,0.997,0.998,0.997,0.996,0.996,0.997,0.996,0.997,0.997,0.998,0.999,0.997,0.996,0.999,0.998,0.997,0.998,0.998,0.997,0.998,0.998,0.998,0.999,0.998,0.998,1.0
2017-01-08 01:00:00+01:00,0.997,0.998,0.997,0.999,0.997,0.997,0.998,0.999,0.997,0.998,0.998,0.997,0.998,0.999,0.999,0.997,0.997,0.999,0.997,0.998,0.997,0.997,0.999,0.998,0.998,0.998,0.999,0.999,0.997,0.997,0.997,0.997,0.999,0.997,0.998,0.997,0.999,0.997,0.998,0.997,0.998,0.999,0.997,0.997,0.998,0.998,0.997,0.999,0.997,0.997,0.997,0.997,0.999,0.997,0.998,0.997,0.997,0.998,0.998,0.998,0.997,0.998,0.998,0.998,0.998,0.997,0.999,0.997,0.998,0.998,0.997,0.997,0.997,0.998,0.999,0.999,0.998,0.997,0.997,0.997,0.998,0.997,0.998,0.999,0.997,0.998,0.998,0.998,0.997,0.997,0.997,0.997,0.997,0.997,0.998,0.999,0.997,0.997,0.999,0.999,0.997,0.999,0.998,0.997,0.999,0.999,0.999,0.999,0.999,0.999,1.0
2017-01-08 02:00:00+01:00,0.998,0.998,0.997,0.998,0.997,0.997,0.998,0.998,0.997,0.998,0.997,0.997,0.998,0.999,0.999,0.997,0.998,0.999,0.997,0.998,0.997,0.997,0.999,0.998,0.998,0.998,0.999,0.999,0.997,0.997,0.997,0.997,0.999,0.997,0.998,0.997,0.998,0.997,0.998,0.997,0.998,0.999,0.997,0.998,0.998,0.998,0.997,0.999,0.997,0.997,0.997,0.997,0.999,0.997,0.998,0.997,0.997,0.998,0.998,0.998,0.997,0.998,0.997,0.998,0.998,0.997,0.999,0.997,0.998,0.998,0.997,0.997,0.997,0.998,0.999,0.999,0.998,0.997,0.997,0.997,0.998,0.997,0.998,0.999,0.997,0.998,0.998,0.998,0.997,0.997,0.997,0.997,0.997,0.997,0.998,0.999,0.997,0.997,0.999,0.998,0.997,0.998,0.998,0.997,0.999,0.999,0.999,0.999,0.999,0.999,1.0
2017-01-08 03:00:00+01:00,0.998,0.998,0.998,0.999,0.998,0.997,0.998,0.999,0.998,0.998,0.998,0.997,0.998,0.999,0.999,0.997,0.998,0.999,0.998,0.998,0.998,0.997,0.999,0.998,0.998,0.998,0.999,0.999,0.998,0.998,0.998,0.997,0.999,0.998,0.998,0.997,0.999,0.998,0.998,0.998,0.999,0.999,0.998,0.998,0.999,0.998,0.998,0.999,0.997,0.998,0.998,0.997,0.999,0.998,0.999,0.998,0.998,0.998,0.998,0.998,0.997,0.998,0.998,0.998,0.999,0.997,0.999,0.998,0.999,0.998,0.998,0.998,0.998,0.998,0.999,0.999,0.998,0.998,0.998,0.998,0.998,0.998,0.998,0.999,0.997,0.998,0.998,0.998,0.998,0.998,0.998,0.998,0.997,0.998,0.998,0.999,0.997,0.998,0.999,0.999,0.998,0.999,0.998,0.998,0.999,0.999,0.999,0.999,0.999,0.999,1.0
2017-01-08 04:00:00+01:00,0.998,0.998,0.998,0.999,0.997,0.997,0.998,0.999,0.998,0.998,0.997,0.997,0.998,0.999,0.999,0.997,0.998,0.999,0.997,0.998,0.997,0.997,0.999,0.998,0.998,0.998,0.999,0.999,0.997,0.997,0.997,0.997,0.999,0.998,0.998,0.997,0.999,0.997,0.998,0.997,0.998,0.999,0.997,0.998,0.998,0.998,0.997,0.999,0.997,0.997,0.998,0.997,0.999,0.997,0.998,0.997,0.997,0.998,0.998,0.998,0.997,0.998,0.997,0.998,0.998,0.997,0.999,0.998,0.998,0.998,0.997,0.997,0.997,0.998,0.999,0.999,0.998,0.997,0.997,0.997,0.998,0.997,0.998,0.999,0.997,0.998,0.998,0.998,0.997,0.997,0.997,0.997,0.997,0.998,0.998,0.999,0.997,0.997,0.999,0.998,0.997,0.998,0.998,0.997,0.999,0.999,0.999,0.999,0.999,0.999,1.0
2017-01-08 05:00:00+01:00,0.997,0.997,0.997,0.998,0.997,0.996,0.997,0.998,0.997,0.997,0.997,0.996,0.997,0.998,0.998,0.996,0.997,0.998,0.996,0.997,0.996,0.996,0.999,0.997,0.998,0.997,0.998,0.998,0.996,0.997,0.997,0.996,0.998,0.997,0.997,0.996,0.998,0.997,0.997,0.997,0.998,0.998,0.996,0.997,0.998,0.997,0.997,0.999,0.996,0.996,0.997,0.996,0.998,0.997,0.998,0.996,0.997,0.997,0.997,0.997,0.996,0.997,0.997,0.997,0.998,0.996,0.999,0.997,0.998,0.997,0.996,0.996,0.997,0.997,0.998,0.998,0.997,0.996,0.996,0.997,0.997,0.996,0.997,0.998,0.996,0.997,0.997,0.997,0.996,0.996,0.997,0.996,0.996,0.997,0.998,0.999,0.996,0.996,0.999,0.998,0.997,0.998,0.997,0.997,0.998,0.998,0.998,0.999,0.998,0.998,1.0
2017-01-08 06:00:00+01:00,0.995,0.996,0.995,0.997,0.994,0.993,0.995,0.997,0.995,0.996,0.995,0.993,0.996,0.997,0.998,0.993,0.995,0.997,0.994,0.996,0.994,0.993,0.998,0.996,0.996,0.996,0.998,0.997,0.994,0.994,0.994,0.993,0.997,0.995,0.996,0.993,0.997,0.994,0.996,0.994,0.997,0.997,0.994,0.995,0.996,0.995,0.994,0.998,0.993,0.994,0.995,0.993,0.997,0.994,0.997,0.994,0.994,0.996,0.996,0.995,0.993,0.995,0.994,0.995,0.997,0.993,0.998,0.995,0.996,0.995,0.994,0.994,0.994,0.995,0.998,0.998,0.995,0.994,0.994,0.994,0.995,0.994,0.995,0.997,0.993,0.995,0.996,0.996,0.994,0.994,0.994,0.994,0.994,0.995,0.996,0.998,0.994,0.994,0.998,0.997,0.994,0.997,0.996,0.994,0.997,0.997,0.997,0.998,0.997,0.997,1.0
2017-01-08 07:00:00+01:00,0.995,0.996,0.995,0.997,0.994,0.993,0.996,0.997,0.995,0.995,0.994,0.993,0.996,0.997,0.998,0.993,0.995,0.997,0.995,0.996,0.994,0.993,0.998,0.995,0.996,0.996,0.997,0.997,0.995,0.995,0.994,0.993,0.997,0.995,0.996,0.993,0.997,0.995,0.996,0.995,0.997,0.997,0.995,0.995,0.996,0.995,0.994,0.998,0.993,0.995,0.995,0.993,0.997,0.994,0.996,0.995,0.994,0.996,0.996,0.995,0.993,0.996,0.994,0.995,0.996,0.993,0.998,0.995,0.996,0.995,0.995,0.995,0.994,0.996,0.997,0.997,0.996,0.995,0.995,0.995,0.995,0.995,0.995,0.997,0.993,0.996,0.996,0.996,0.995,0.995,0.994,0.995,0.993,0.995,0.996,0.998,0.993,0.994,0.998,0.997,0.994,0.997,0.996,0.994,0.997,0.997,0.997,0.998,0.997,0.997,1.0
2017-01-08 08:00:00+01:00,0.996,0.996,0.996,0.997,0.995,0.994,0.996,0.997,0.996,0.996,0.995,0.994,0.996,0.997,0.998,0.994,0.996,0.998,0.996,0.996,0.995,0.994,0.998,0.996,0.996,0.996,0.998,0.997,0.996,0.996,0.995,0.994,0.997,0.996,0.996,0.994,0.997,0.996,0.996,0.996,0.996,0.997,0.995,0.996,0.996,0.996,0.995,0.998,0.994,0.995,0.996,0.994,0.997,0.995,0.997,0.996,0.995,0.996,0.997,0.996,0.994,0.996,0.995,0.996,0.996,0.994,0.998,0.996,0.996,0.996,0.996,0.996,0.995,0.996,0.998,0.998,0.996,0.996,0.996,0.996,0.996,0.995,0.996,0.997,0.994,0.996,0.996,0.996,0.995,0.996,0.995,0.996,0.994,0.996,0.997,0.998,0.995,0.995,0.998,0.996,0.995,0.997,0.996,0.995,0.998,0.998,0.998,0.998,0.998,0.998,1.0
2017-01-08 09:00:00+01:00,0.996,0.997,0.996,0.997,0.996,0.996,0.996,0.998,0.996,0.997,0.996,0.996,0.997,0.998,0.998,0.996,0.996,0.998,0.996,0.997,0.996,0.995,0.998,0.997,0.997,0.997,0.998,0.998,0.996,0.996,0.996,0.995,0.998,0.996,0.997,0.996,0.998,0.996,0.997,0.996,0.997,0.998,0.996,0.996,0.997,0.997,0.996,0.998,0.996,0.996,0.996,0.995,0.998,0.996,0.998,0.996,0.996,0.997,0.997,0.997,0.995,0.996,0.996,0.996,0.997,0.995,0.998,0.996,0.997,0.996,0.996,0.996,0.996,0.996,0.998,0.998,0.996,0.996,0.996,0.996,0.997,0.996,0.997,0.998,0.995,0.996,0.997,0.997,0.996,0.996,0.996,0.996,0.996,0.996,0.997,0.998,0.996,0.996,0.998,0.997,0.996,0.997,0.997,0.996,0.998,0.998,0.998,0.998,0.998,0.998,1.0
2017-01-08 10:00:00+01:00,0.996,0.997,0.996,0.997,0.995,0.995,0.996,0.997,0.996,0.996,0.996,0.995,0.997,0.998,0.998,0.994,0.996,0.998,0.995,0.997,0.995,0.994,0.998,0.996,0.997,0.997,0.998,0.997,0.995,0.996,0.995,0.994,0.998,0.996,0.997,0.994,0.997,0.996,0.996,0.996,0.997,0.997,0.995,0.996,0.997,0.996,0.995,0.998,0.995,0.995,0.996,0.994,0.997,0.995,0.997,0.995,0.995,0.997,0.997,0.996,0.994,0.996,0.995,0.996,0.997,0.994,0.998,0.996,0.997,0.996,0.995,0.995,0.995,0.996,0.998,0.998,0.996,0.995,0.995,0.996,0.996,0.995,0.996,0.998,0.994,0.996,0.997,0.996,0.995,0.995,0.995,0.995,0.995,0.996,0.997,0.998,0.995,0.995,0.998,0.997,0.995,0.997,0.997,0.995,0.998,0.998,0.998,0.998,0.998,0.998,1.0
2017-01-08 11:00:00+01:00,0.996,0.997,0.996,0.997,0.996,0.995,0.996,0.997,0.996,0.997,0.996,0.995,0.997,0.998,0.998,0.995,0.996,0.998,0.995,0.997,0.996,0.995,0.998,0.997,0.997,0.997,0.998,0.998,0.995,0.995,0.996,0.995,0.998,0.995,0.997,0.995,0.998,0.995,0.996,0.995,0.997,0.997,0.995,0.996,0.997,0.996,0.996,0.998,0.995,0.995,0.996,0.995,0.998,0.996,0.997,0.995,0.996,0.997,0.997,0.996,0.995,0.996,0.996,0.996,0.997,0.995,0.998,0.995,0.997,0.996,0.995,0.995,0.996,0.996,0.998,0.998,0.996,0.995,0.995,0.995,0.996,0.995,0.997,0.998,0.995,0.996,0.997,0.996,0.995,0.995,0.996,0.995,0.996,0.995,0.997,0.998,0.996,0.995,0.998,0.997,0.996,0.997,0.997,0.996,0.998,0.998,0.998,0.998,0.998,0.998,1.0
2017-01-08 12:00:00+01:00,0.996,0.996,0.996,0.997,0.995,0.994,0.996,0.997,0.996,0.996,0.995,0.994,0.996,0.997,0.998,0.994,0.996,0.998,0.995,0.996,0.995,0.994,0.998,0.996,0.997,0.996,0.998,0.997,0.995,0.996,0.995,0.994,0.998,0.996,0.996,0.994,0.997,0.996,0.996,0.996,0.997,0.997,0.995,0.996,0.996,0.996,0.995,0.998,0.994,0.995,0.996,0.994,0.997,0.995,0.997,0.996,0.995,0.996,0.997,0.996,0.994,0.996,0.995,0.996,0.997,0.994,0.998,0.996,0.997,0.996,0.995,0.995,0.995,0.996,0.998,0.998,0.996,0.995,0.995,0.996,0.996,0.995,0.996,0.998,0.994,0.996,0.996,0.996,0.995,0.995,0.995,0.995,0.995,0.996,0.997,0.998,0.995,0.995,0.998,0.997,0.995,0.997,0.996,0.995,0.998,0.998,0.998,0.998,0.998,0.998,1.0
2017-01-08 13:00:00+01:00,0.996,0.996,0.996,0.997,0.994,0.993,0.996,0.997,0.996,0.996,0.995,0.993,0.996,0.997,0.998,0.993,0.996,0.998,0.995,0.996,0.994,0.993,0.998,0.996,0.996,0.996,0.998,0.997,0.995,0.995,0.994,0.993,0.998,0.995,0.996,0.993,0.997,0.995,0.996,0.995,0.997,0.997,0.995,0.996,0.996,0.995,0.994,0.998,0.993,0.995,0.996,0.993,0.997,0.994,0.997,0.995,0.994,0.996,0.996,0.995,0.993,0.996,0.995,0.996,0.997,0.993,0.998,0.996,0.996,0.996,0.995,0.995,0.994,0.996,0.998,0.998,0.996,0.995,0.995,0.995,0.995,0.995,0.996,0.997,0.993,0.996,0.996,0.996,0.995,0.995,0.994,0.995,0.994,0.995,0.996,0.998,0.994,0.995,0.998,0.997,0.994,0.997,0.996,0.994,0.998,0.997,0.997,0.998,0.997,0.997,1.0
2017-01-08 14:00:00+01:00,0.995,0.996,0.995,0.996,0.994,0.993,0.996,0.997,0.995,0.995,0.994,0.992,0.995,0.997,0.997,0.992,0.995,0.997,0.995,0.996,0.993,0.992,0.998,0.995,0.996,0.996,0.997,0.997,0.995,0.995,0.994,0.992,0.997,0.995,0.995,0.992,0.997,0.995,0.996,0.995,0.996,0.997,0.994,0.995,0.996,0.994,0.994,0.998,0.993,0.994,0.995,0.992,0.997,0.994,0.996,0.995,0.994,0.995,0.996,0.995,0.992,0.996,0.994,0.995,0.996,0.992,0.998,0.995,0.996,0.995,0.995,0.995,0.994,0.996,0.997,0.997,0.996,0.995,0.995,0.995,0.995,0.994,0.995,0.997,0.992,0.996,0.995,0.996,0.995,0.995,0.994,0.995,0.993,0.995,0.996,0.998,0.993,0.994,0.998,0.996,0.994,0.996,0.996,0.994,0.997,0.997,0.997,0.998,0.997,0.997,1.0
2017-01-08 15:00:00+01:00,0.994,0.995,0.994,0.996,0.993,0.992,0.995,0.996,0.994,0.995,0.994,0.992,0.995,0.996,0.997,0.992,0.994,0.997,0.993,0.995,0.993,0.992,0.997,0.995,0.995,0.995,0.997,0.996,0.993,0.994,0.993,0.992,0.997,0.994,0.995,0.992,0.996,0.994,0.995,0.994,0.996,0.996,0.993,0.994,0.995,0.994,0.994,0.997,0.993,0.993,0.994,0.992,0.996,0.993,0.996,0.993,0.993,0.995,0.995,0.994,0.992,0.994,0.994,0.994,0.996,0.992,0.997,0.994,0.995,0.994,0.993,0.993,0.994,0.994,0.997,0.996,0.994,0.993,0.993,0.994,0.994,0.993,0.995,0.997,0.992,0.995,0.995,0.995,0.993,0.993,0.993,0.993,0.993,0.994,0.996,0.997,0.993,0.993,0.997,0.996,0.993,0.996,0.995,0.993,0.996,0.996,0.996,0.997,0.996,0.996,1.0
2017-01-08 16:00:00+01:00,0.994,0.995,0.994,0.996,0.994,0.993,0.995,0.996,0.994,0.995,0.994,0.993,0.995,0.997,0.997,0.993,0.994,0.997,0.993,0.995,0.994,0.993,0.997,0.995,0.995,0.995,0.997,0.996,0.993,0.994,0.994,0.993,0.997,0.994,0.995,0.993,0.996,0.994,0.995,0.993,0.996,0.996,0.993,0.994,0.995,0.994,0.994,0.997,0.993,0.993,0.994,0.993,0.996,0.994,0.996,0.993,0.994,0.995,0.995,0.995,0.993,0.994,0.994,0.994,0.996,0.993,0.997,0.994,0.995,0.994,0.993,0.993,0.994,0.994,0.997,0.997,0.994,0.993,0.993,0.994,0.994,0.993,0.995,0.997,0.993,0.995,0.995,0.995,0.993,0.993,0.994,0.993,0.993,0.994,0.996,0.997,0.993,0.993,0.997,0.996,0.994,0.996,0.995,0.994,0.996,0.996,0.996,0.997,0.996,0.996,1.0
2017-01-08 17:00:00+01:00,0.993,0.994,0.993,0.995,0.992,0.991,0.994,0.996,0.993,0.994,0.993,0.991,0.994,0.996,0.996,0.991,0.993,0.996,0.992,0.994,0.992,0.99,0.997,0.994,0.994,0.994,0.997,0.996,0.992,0.993,0.992,0.99,0.996,0.993,0.994,0.991,0.996,0.993,0.994,0.993,0.995,0.996,0.992,0.993,0.995,0.993,0.992,0.997,0.991,0.992,0.993,0.99,0.996,0.992,0.995,0.993,0.992,0.994,0.995,0.993,0.99,0.994,0.992,0.993,0.995,0.99,0.997,0.993,0.995,0.993,0.992,0.992,0.992,0.994,0.997,0.996,0.994,0.992,0.993,0.993,0.993,0.992,0.994,0.996,0.99,0.994,0.994,0.994,0.992,0.992,0.992,0.992,0.991,0.993,0.995,0.997,0.992,0.992,0.997,0.995,0.992,0.995,0.994,0.992,0.996,0.996,0.996,0.997,0.996,0.996,1.0
2017-01-08 18:00:00+01:00,0.992,0.993,0.992,0.995,0.992,0.991,0.993,0.995,0.992,0.994,0.992,0.991,0.993,0.996,0.996,0.99,0.992,0.996,0.991,0.993,0.992,0.99,0.996,0.994,0.994,0.993,0.996,0.996,0.991,0.991,0.992,0.99,0.996,0.992,0.993,0.99,0.995,0.991,0.993,0.991,0.995,0.995,0.991,0.992,0.994,0.993,0.992,0.997,0.991,0.991,0.992,0.99,0.996,0.992,0.995,0.991,0.992,0.993,0.994,0.993,0.99,0.993,0.992,0.992,0.994,0.99,0.997,0.992,0.994,0.992,0.991,0.991,0.992,0.993,0.996,0.996,0.993,0.991,0.991,0.991,0.993,0.991,0.994,0.996,0.99,0.993,0.993,0.993,0.991,0.991,0.992,0.991,0.991,0.992,0.995,0.997,0.991,0.991,0.997,0.995,0.992,0.995,0.994,0.992,0.996,0.996,0.996,0.997,0.996,0.996,1.0
2017-01-08 19:00:00+01:00,0.991,0.994,0.991,0.995,0.992,0.991,0.992,0.995,0.991,0.994,0.992,0.991,0.994,0.996,0.996,0.991,0.991,0.996,0.99,0.994,0.992,0.99,0.996,0.994,0.994,0.994,0.996,0.996,0.99,0.991,0.992,0.99,0.996,0.991,0.994,0.99,0.995,0.991,0.992,0.99,0.995,0.995,0.99,0.991,0.994,0.993,0.992,0.997,0.991,0.99,0.991,0.99,0.996,0.992,0.995,0.99,0.992,0.994,0.993,0.993,0.99,0.992,0.992,0.991,0.995,0.99,0.997,0.991,0.995,0.991,0.99,0.99,0.992,0.992,0.996,0.996,0.992,0.99,0.99,0.991,0.993,0.99,0.993,0.996,0.99,0.992,0.994,0.992,0.99,0.99,0.992,0.99,0.991,0.991,0.994,0.997,0.991,0.99,0.997,0.995,0.992,0.995,0.994,0.992,0.996,0.996,0.995,0.997,0.995,0.995,1.0
2017-01-08 20:00:00+01:00,0.992,0.995,0.992,0.995,0.992,0.991,0.993,0.996,0.992,0.994,0.992,0.991,0.994,0.996,0.996,0.991,0.992,0.996,0.991,0.995,0.992,0.99,0.996,0.994,0.994,0.994,0.996,0.996,0.991,0.991,0.992,0.991,0.996,0.992,0.994,0.991,0.995,0.991,0.993,0.991,0.995,0.996,0.991,0.992,0.995,0.993,0.992,0.997,0.991,0.991,0.992,0.99,0.996,0.992,0.995,0.991,0.992,0.994,0.994,0.993,0.99,0.993,0.992,0.992,0.995,0.991,0.997,0.992,0.995,0.992,0.991,0.991,0.992,0.993,0.996,0.996,0.993,0.991,0.991,0.991,0.993,0.991,0.993,0.996,0.99,0.993,0.994,0.993,0.991,0.991,0.992,0.991,0.991,0.992,0.995,0.997,0.991,0.991,0.997,0.995,0.992,0.995,0.994,0.992,0.996,0.996,0.996,0.997,0.996,0.996,1.0
2017-01-08 21:00:00+01:00,0.994,0.996,0.993,0.996,0.994,0.993,0.994,0.997,0.993,0.995,0.994,0.993,0.995,0.997,0.997,0.993,0.994,0.997,0.993,0.996,0.994,0.993,0.997,0.995,0.995,0.996,0.997,0.997,0.993,0.993,0.994,0.993,0.997,0.993,0.995,0.993,0.996,0.993,0.994,0.993,0.996,0.997,0.993,0.994,0.996,0.994,0.994,0.997,0.993,0.993,0.993,0.993,0.997,0.994,0.996,0.993,0.994,0.996,0.995,0.995,0.993,0.994,0.994,0.994,0.996,0.993,0.998,0.993,0.996,0.994,0.993,0.993,0.994,0.994,0.997,0.997,0.994,0.993,0.993,0.993,0.994,0.993,0.995,0.997,0.993,0.994,0.996,0.994,0.993,0.993,0.994,0.993,0.993,0.993,0.996,0.997,0.993,0.993,0.998,0.996,0.994,0.996,0.995,0.994,0.997,0.997,0.997,0.998,0.997,0.997,1.0
2017-01-08 22:00:00+01:00,0.994,0.996,0.994,0.997,0.994,0.993,0.995,0.997,0.994,0.995,0.994,0.993,0.996,0.997,0.997,0.993,0.994,0.997,0.993,0.996,0.994,0.993,0.997,0.995,0.996,0.996,0.997,0.997,0.993,0.994,0.994,0.993,0.997,0.994,0.996,0.993,0.997,0.994,0.995,0.994,0.996,0.997,0.993,0.994,0.996,0.995,0.994,0.998,0.993,0.993,0.994,0.993,0.997,0.994,0.996,0.994,0.994,0.996,0.995,0.995,0.993,0.995,0.994,0.994,0.996,0.993,0.998,0.994,0.996,0.994,0.993,0.993,0.994,0.995,0.997,0.997,0.995,0.993,0.993,0.994,0.995,0.993,0.995,0.997,0.993,0.995,0.996,0.995,0.993,0.993,0.994,0.993,0.994,0.994,0.996,0.998,0.994,0.993,0.998,0.996,0.994,0.996,0.996,0.994,0.997,0.997,0.997,0.998,0.997,0.997,1.0
2017-01-08 23:00:00+01:00,0.995,0.997,0.995,0.997,0.996,0.995,0.996,0.998,0.995,0.997,0.996,0.995,0.997,0.998,0.998,0.995,0.995,0.998,0.994,0.997,0.996,0.995,0.998,0.997,0.997,0.997,0.998,0.998,0.994,0.995,0.996,0.995,0.998,0.995,0.997,0.995,0.998,0.995,0.996,0.995,0.997,0.998,0.994,0.995,0.997,0.996,0.996,0.998,0.995,0.994,0.995,0.995,0.998,0.996,0.997,0.995,0.996,0.997,0.996,0.996,0.995,0.996,0.996,0.995,0.997,0.995,0.998,0.995,0.997,0.995,0.994,0.994,0.996,0.996,0.998,0.998,0.996,0.995,0.995,0.995,0.996,0.994,0.997,0.998,0.995,0.996,0.997,0.996,0.994,0.995,0.996,0.995,0.995,0.995,0.997,0.998,0.995,0.994,0.998,0.997,0.996,0.997,0.997,0.996,0.998,0.998,0.998,0.998,0.998,0.998,1.0
2017-01-09 00:00:00+01:00,0.996,0.998,0.996,0.998,0.997,0.996,0.996,0.998,0.996,0.997,0.997,0.996,0.998,0.998,0.998,0.996,0.996,0.998,0.995,0.998,0.997,0.996,0.998,0.997,0.998,0.998,0.998,0.998,0.995,0.996,0.997,0.996,0.998,0.996,0.998,0.996,0.998,0.996,0.997,0.996,0.998,0.998,0.995,0.996,0.998,0.997,0.997,0.999,0.996,0.995,0.996,0.996,0.998,0.997,0.998,0.995,0.997,0.998,0.997,0.997,0.996,0.996,0.997,0.996,0.998,0.996,0.999,0.996,0.998,0.996,0.995,0.995,0.997,0.996,0.998,0.998,0.996,0.995,0.995,0.996,0.997,0.995,0.997,0.998,0.996,0.996,0.998,0.997,0.995,0.995,0.997,0.995,0.996,0.996,0.998,0.999,0.996,0.995,0.999,0.998,0.997,0.998,0.997,0.997,0.998,0.998,0.998,0.999,0.998,0.998,1.0
2017-01-09 01:00:00+01:00,0.997,0.998,0.997,0.998,0.997,0.997,0.997,0.998,0.997,0.998,0.997,0.997,0.998,0.999,0.999,0.997,0.997,0.999,0.997,0.998,0.997,0.997,0.999,0.998,0.998,0.998,0.999,0.999,0.997,0.997,0.997,0.997,0.999,0.997,0.998,0.997,0.998,0.997,0.998,0.997,0.998,0.998,0.997,0.997,0.998,0.997,0.997,0.999,0.997,0.997,0.997,0.997,0.999,0.997,0.998,0.997,0.997,0.998,0.998,0.998,0.997,0.997,0.997,0.997,0.998,0.997,0.999,0.997,0.998,0.997,0.997,0.997,0.997,0.997,0.999,0.999,0.997,0.997,0.997,0.997,0.997,0.997,0.998,0.999,0.997,0.997,0.998,0.998,0.997,0.997,0.997,0.997,0.997,0.997,0.998,0.999,0.997,0.997,0.999,0.998,0.997,0.998,0.998,0.997,0.999,0.999,0.999,0.999,0.999,0.999,1.0
2017-01-09 02:00:00+01:00,0.998,0.998,0.998,0.999,0.997,0.997,0.998,0.999,0.998,0.998,0.998,0.997,0.998,0.999,0.999,0.997,0.998,0.999,0.997,0.998,0.997,0.997,0.999,0.998,0.998,0.998,0.999,0.999,0.997,0.997,0.998,0.997,0.999,0.997,0.998,0.997,0.999,0.997,0.998,0.997,0.999,0.999,0.997,0.998,0.998,0.998,0.998,0.999,0.997,0.997,0.998,0.997,0.999,0.997,0.998,0.997,0.998,0.998,0.998,0.998,0.997,0.998,0.998,0.998,0.999,0.997,0.999,0.997,0.998,0.998,0.997,0.997,0.998,0.998,0.999,0.999,0.998,0.997,0.997,0.997,0.998,0.997,0.998,0.999,0.997,0.998,0.998,0.998,0.997,0.997,0.997,0.997,0.997,0.997,0.998,0.999,0.997,0.997,0.999,0.999,0.997,0.999,0.998,0.998,0.999,0.999,0.999,0.999,0.999,0.999,1.0
2017-01-09 03:00:00+01:00,0.998,0.998,0.998,0.999,0.998,0.997,0.998,0.999,0.998,0.998,0.998,0.997,0.998,0.999,0.999,0.997,0.998,0.999,0.997,0.998,0.998,0.997,0.999,0.998,0.998,0.998,0.999,0.999,0.997,0.997,0.998,0.997,0.999,0.998,0.998,0.997,0.999,0.997,0.998,0.997,0.999,0.999,0.997,0.998,0.998,0.998,0.998,0.999,0.997,0.997,0.998,0.997,0.999,0.998,0.999,0.997,0.998,0.998,0.998,0.998,0.997,0.998,0.998,0.998,0.999,0.997,0.999,0.998,0.998,0.998,0.997,0.997,0.998,0.998,0.999,0.999,0.998,0.997,0.997,0.997,0.998,0.997,0.998,0.999,0.997,0.998,0.998,0.998,0.997,0.997,0.998,0.997,0.997,0.998,0.998,0.999,0.997,0.997,0.999,0.999,0.998,0.999,0.998,0.998,0.999,0.999,0.999,0.999,0.999,0.999,1.0
2017-01-09 04:00:00+01:00,0.998,0.998,0.998,0.999,0.998,0.997,0.998,0.999,0.998,0.998,0.998,0.997,0.998,0.999,0.999,0.997,0.998,0.999,0.997,0.998,0.998,0.997,0.999,0.998,0.998,0.998,0.999,0.999,0.997,0.998,0.998,0.997,0.999,0.998,0.998,0.997,0.999,0.998,0.998,0.997,0.999,0.999,0.997,0.998,0.998,0.998,0.998,0.999,0.997,0.997,0.998,0.997,0.999,0.998,0.999,0.997,0.998,0.998,0.998,0.998,0.997,0.998,0.998,0.998,0.999,0.997,0.999,0.998,0.999,0.998,0.997,0.997,0.998,0.998,0.999,0.999,0.998,0.997,0.997,0.998,0.998,0.997,0.998,0.999,0.997,0.998,0.998,0.998,0.997,0.997,0.998,0.997,0.997,0.998,0.998,0.999,0.998,0.997,0.999,0.999,0.998,0.999,0.998,0.998,0.999,0.999,0.999,0.999,0.999,0.999,1.0
2017-01-09 05:00:00+01:00,0.997,0.998,0.997,0.998,0.997,0.997,0.997,0.998,0.997,0.998,0.997,0.997,0.998,0.999,0.999,0.997,0.997,0.999,0.997,0.998,0.997,0.997,0.999,0.998,0.998,0.998,0.999,0.999,0.997,0.997,0.997,0.997,0.999,0.997,0.998,0.997,0.998,0.997,0.998,0.997,0.998,0.998,0.997,0.997,0.998,0.998,0.997,0.999,0.997,0.997,0.997,0.997,0.999,0.997,0.998,0.997,0.997,0.998,0.998,0.998,0.997,0.997,0.997,0.997,0.998,0.997,0.999,0.997,0.998,0.997,0.997,0.997,0.997,0.997,0.999,0.999,0.997,0.997,0.997,0.997,0.998,0.997,0.998,0.999,0.997,0.997,0.998,0.998,0.997,0.997,0.997,0.997,0.997,0.997,0.998,0.999,0.997,0.997,0.999,0.998,0.997,0.998,0.998,0.997,0.999,0.999,0.998,0.999,0.998,0.998,1.0
2017-01-09 06:00:00+01:00,0.997,0.998,0.997,0.998,0.997,0.996,0.997,0.998,0.997,0.997,0.997,0.996,0.998,0.998,0.999,0.996,0.997,0.998,0.997,0.998,0.997,0.996,0.999,0.997,0.998,0.998,0.999,0.998,0.997,0.997,0.997,0.996,0.998,0.997,0.998,0.996,0.998,0.997,0.997,0.997,0.998,0.998,0.997,0.997,0.998,0.997,0.997,0.999,0.996,0.997,0.997,0.996,0.998,0.997,0.998,0.997,0.997,0.998,0.998,0.997,0.996,0.997,0.997,0.997,0.998,0.996,0.999,0.997,0.998,0.997,0.997,0.997,0.997,0.997,0.999,0.999,0.997,0.997,0.997,0.997,0.997,0.997,0.997,0.998,0.996,0.997,0.998,0.997,0.997,0.997,0.997,0.997,0.996,0.997,0.998,0.999,0.997,0.997,0.999,0.998,0.997,0.998,0.998,0.997,0.998,0.998,0.998,0.999,0.998,0.998,1.0
2017-01-09 07:00:00+01:00,0.997,0.998,0.996,0.998,0.996,0.996,0.997,0.998,0.996,0.997,0.996,0.996,0.997,0.998,0.998,0.996,0.997,0.998,0.996,0.998,0.996,0.995,0.998,0.997,0.997,0.997,0.998,0.998,0.996,0.996,0.996,0.995,0.998,0.996,0.997,0.996,0.998,0.996,0.997,0.996,0.998,0.998,0.996,0.997,0.998,0.997,0.996,0.999,0.996,0.996,0.996,0.995,0.998,0.996,0.998,0.996,0.996,0.997,0.997,0.997,0.995,0.997,0.996,0.997,0.998,0.995,0.999,0.996,0.998,0.997,0.996,0.996,0.996,0.997,0.998,0.998,0.997,0.996,0.996,0.996,0.997,0.996,0.997,0.998,0.995,0.997,0.997,0.997,0.996,0.996,0.996,0.996,0.996,0.996,0.998,0.999,0.996,0.996,0.999,0.998,0.996,0.998,0.997,0.996,0.998,0.998,0.998,0.999,0.998,0.998,1.0
2017-01-09 08:00:00+01:00,0.995,0.997,0.995,0.997,0.995,0.994,0.995,0.997,0.995,0.996,0.995,0.994,0.997,0.997,0.998,0.994,0.995,0.998,0.994,0.997,0.995,0.994,0.998,0.996,0.996,0.997,0.998,0.998,0.994,0.994,0.995,0.994,0.998,0.995,0.996,0.994,0.997,0.994,0.996,0.994,0.997,0.997,0.994,0.995,0.997,0.996,0.995,0.998,0.994,0.994,0.995,0.994,0.997,0.995,0.997,0.994,0.995,0.997,0.996,0.996,0.994,0.995,0.995,0.995,0.997,0.994,0.998,0.995,0.997,0.995,0.994,0.994,0.995,0.995,0.998,0.998,0.995,0.994,0.994,0.994,0.996,0.994,0.996,0.998,0.994,0.995,0.997,0.996,0.994,0.994,0.995,0.994,0.994,0.995,0.997,0.998,0.995,0.994,0.998,0.997,0.995,0.997,0.996,0.995,0.998,0.998,0.997,0.998,0.997,0.997,1.0
2017-01-09 09:00:00+01:00,0.994,0.995,0.994,0.996,0.994,0.993,0.995,0.996,0.994,0.995,0.994,0.993,0.995,0.997,0.997,0.993,0.994,0.997,0.993,0.995,0.994,0.993,0.997,0.995,0.996,0.995,0.997,0.996,0.993,0.994,0.994,0.993,0.997,0.994,0.995,0.993,0.996,0.994,0.995,0.993,0.996,0.996,0.993,0.994,0.995,0.995,0.994,0.997,0.993,0.993,0.994,0.993,0.996,0.994,0.996,0.993,0.994,0.995,0.995,0.995,0.993,0.994,0.994,0.994,0.996,0.993,0.997,0.994,0.995,0.994,0.993,0.993,0.994,0.995,0.997,0.997,0.995,0.993,0.993,0.994,0.995,0.993,0.995,0.997,0.993,0.995,0.995,0.995,0.993,0.993,0.994,0.993,0.993,0.994,0.996,0.997,0.994,0.993,0.997,0.996,0.994,0.996,0.996,0.994,0.996,0.996,0.996,0.997,0.996,0.996,1.0
2017-01-09 10:00:00+01:00,0.994,0.995,0.993,0.996,0.993,0.992,0.994,0.996,0.993,0.994,0.993,0.991,0.994,0.996,0.996,0.991,0.994,0.997,0.993,0.994,0.992,0.991,0.997,0.995,0.995,0.994,0.997,0.996,0.993,0.993,0.993,0.991,0.996,0.993,0.994,0.991,0.996,0.993,0.994,0.993,0.995,0.996,0.993,0.994,0.995,0.994,0.993,0.997,0.992,0.993,0.993,0.991,0.996,0.993,0.996,0.993,0.993,0.994,0.995,0.994,0.991,0.994,0.993,0.994,0.995,0.991,0.997,0.993,0.995,0.994,0.993,0.993,0.993,0.994,0.997,0.996,0.994,0.993,0.993,0.993,0.994,0.993,0.994,0.996,0.991,0.994,0.994,0.994,0.993,0.993,0.993,0.993,0.992,0.993,0.995,0.997,0.992,0.993,0.997,0.995,0.993,0.995,0.995,0.993,0.996,0.996,0.996,0.997,0.996,0.995,1.0
2017-01-09 11:00:00+01:00,0.992,0.993,0.992,0.994,0.991,0.99,0.993,0.994,0.991,0.993,0.991,0.99,0.992,0.995,0.995,0.99,0.992,0.995,0.991,0.992,0.991,0.989,0.996,0.993,0.993,0.992,0.996,0.995,0.991,0.991,0.991,0.989,0.995,0.991,0.992,0.99,0.995,0.991,0.993,0.991,0.994,0.994,0.991,0.992,0.993,0.992,0.991,0.996,0.99,0.991,0.991,0.989,0.995,0.991,0.994,0.991,0.991,0.992,0.993,0.992,0.989,0.992,0.991,0.992,0.994,0.989,0.996,0.991,0.993,0.992,0.991,0.991,0.991,0.993,0.996,0.995,0.993,0.991,0.991,0.991,0.992,0.991,0.993,0.995,0.989,0.993,0.992,0.993,0.991,0.991,0.991,0.991,0.99,0.991,0.994,0.996,0.991,0.991,0.996,0.994,0.991,0.994,0.993,0.991,0.995,0.995,0.995,0.996,0.995,0.995,1.0
2017-01-09 12:00:00+01:00,0.993,0.994,0.992,0.995,0.991,0.99,0.993,0.996,0.992,0.993,0.992,0.99,0.994,0.996,0.996,0.99,0.992,0.996,0.991,0.994,0.991,0.989,0.997,0.994,0.994,0.994,0.996,0.996,0.991,0.992,0.991,0.989,0.996,0.992,0.994,0.99,0.995,0.992,0.993,0.992,0.995,0.996,0.991,0.993,0.994,0.992,0.992,0.997,0.99,0.991,0.992,0.989,0.996,0.991,0.995,0.992,0.991,0.994,0.994,0.993,0.989,0.993,0.992,0.993,0.995,0.99,0.997,0.992,0.995,0.993,0.991,0.991,0.992,0.993,0.996,0.996,0.993,0.991,0.991,0.992,0.993,0.991,0.993,0.996,0.989,0.993,0.994,0.993,0.991,0.991,0.991,0.991,0.991,0.992,0.994,0.997,0.991,0.991,0.997,0.995,0.991,0.995,0.994,0.991,0.996,0.996,0.996,0.997,0.995,0.995,1.0
2017-01-09 13:00:00+01:00,0.992,0.994,0.992,0.995,0.99,0.988,0.993,0.995,0.992,0.992,0.99,0.988,0.993,0.995,0.996,0.988,0.992,0.996,0.991,0.993,0.99,0.988,0.996,0.992,0.993,0.993,0.996,0.995,0.991,0.992,0.99,0.988,0.996,0.992,0.993,0.988,0.995,0.992,0.993,0.992,0.994,0.995,0.991,0.992,0.994,0.991,0.99,0.996,0.988,0.991,0.992,0.988,0.995,0.99,0.994,0.992,0.99,0.993,0.994,0.991,0.988,0.993,0.99,0.993,0.994,0.988,0.996,0.992,0.994,0.993,0.991,0.991,0.99,0.993,0.996,0.996,0.993,0.991,0.992,0.992,0.991,0.991,0.992,0.996,0.988,0.993,0.993,0.993,0.991,0.991,0.99,0.991,0.989,0.992,0.994,0.996,0.989,0.991,0.996,0.995,0.99,0.995,0.993,0.99,0.995,0.995,0.995,0.996,0.995,0.995,1.0
2017-01-09 14:00:00+01:00,0.993,0.994,0.993,0.995,0.992,0.991,0.994,0.995,0.993,0.994,0.992,0.991,0.994,0.996,0.996,0.991,0.993,0.996,0.992,0.994,0.992,0.99,0.997,0.994,0.994,0.994,0.996,0.996,0.992,0.992,0.992,0.99,0.996,0.992,0.994,0.99,0.996,0.992,0.994,0.992,0.995,0.995,0.992,0.993,0.994,0.993,0.992,0.997,0.991,0.992,0.993,0.99,0.996,0.992,0.995,0.992,0.992,0.994,0.994,0.993,0.99,0.993,0.992,0.993,0.995,0.99,0.997,0.992,0.995,0.993,0.992,0.992,0.992,0.994,0.997,0.996,0.994,0.992,0.992,0.992,0.993,0.992,0.994,0.996,0.99,0.994,0.994,0.994,0.992,0.992,0.992,0.992,0.991,0.992,0.995,0.997,0.992,0.992,0.997,0.995,0.992,0.995,0.994,0.992,0.996,0.996,0.996,0.997,0.996,0.996,1.0
2017-01-09 15:00:00+01:00,0.992,0.994,0.992,0.995,0.993,0.992,0.993,0.995,0.992,0.994,0.993,0.992,0.994,0.996,0.996,0.992,0.992,0.996,0.991,0.994,0.993,0.992,0.996,0.994,0.995,0.994,0.996,0.996,0.991,0.991,0.993,0.992,0.996,0.992,0.994,0.992,0.996,0.991,0.993,0.991,0.995,0.995,0.991,0.992,0.994,0.994,0.993,0.997,0.992,0.991,0.992,0.992,0.996,0.993,0.995,0.991,0.993,0.994,0.994,0.994,0.992,0.992,0.993,0.992,0.995,0.992,0.997,0.992,0.994,0.992,0.991,0.991,0.993,0.993,0.996,0.996,0.993,0.991,0.991,0.991,0.994,0.991,0.994,0.996,0.992,0.993,0.994,0.993,0.991,0.991,0.993,0.991,0.992,0.992,0.995,0.997,0.993,0.991,0.997,0.995,0.993,0.995,0.995,0.993,0.996,0.996,0.996,0.997,0.996,0.996,1.0
2017-01-09 16:00:00+01:00,0.993,0.995,0.992,0.995,0.992,0.991,0.993,0.995,0.992,0.994,0.993,0.991,0.994,0.996,0.996,0.991,0.992,0.996,0.991,0.994,0.992,0.991,0.996,0.994,0.994,0.994,0.996,0.996,0.992,0.992,0.992,0.991,0.996,0.992,0.994,0.991,0.995,0.992,0.993,0.992,0.995,0.995,0.991,0.993,0.995,0.993,0.992,0.997,0.991,0.991,0.992,0.991,0.996,0.992,0.995,0.992,0.992,0.994,0.994,0.993,0.991,0.993,0.992,0.993,0.995,0.991,0.997,0.992,0.995,0.993,0.991,0.991,0.992,0.993,0.996,0.996,0.993,0.992,0.992,0.992,0.993,0.991,0.994,0.996,0.991,0.993,0.994,0.993,0.991,0.992,0.992,0.992,0.992,0.992,0.995,0.997,0.992,0.991,0.997,0.995,0.992,0.995,0.994,0.992,0.996,0.996,0.996,0.997,0.996,0.996,1.0
2017-01-09 17:00:00+01:00,0.991,0.993,0.991,0.994,0.99,0.989,0.992,0.994,0.991,0.992,0.991,0.989,0.993,0.995,0.995,0.989,0.991,0.995,0.99,0.993,0.99,0.989,0.996,0.992,0.993,0.993,0.996,0.995,0.99,0.991,0.99,0.989,0.995,0.991,0.993,0.989,0.994,0.991,0.992,0.991,0.994,0.994,0.99,0.991,0.993,0.991,0.99,0.996,0.989,0.99,0.991,0.989,0.995,0.99,0.994,0.99,0.99,0.993,0.993,0.991,0.989,0.992,0.99,0.992,0.994,0.989,0.996,0.991,0.993,0.992,0.99,0.99,0.99,0.992,0.996,0.995,0.992,0.99,0.99,0.991,0.991,0.99,0.992,0.995,0.989,0.992,0.993,0.992,0.99,0.99,0.99,0.99,0.99,0.991,0.993,0.996,0.99,0.99,0.996,0.994,0.99,0.994,0.993,0.99,0.995,0.995,0.994,0.996,0.994,0.994,1.0
2017-01-09 18:00:00+01:00,0.991,0.993,0.99,0.994,0.99,0.989,0.992,0.994,0.99,0.992,0.991,0.989,0.993,0.995,0.995,0.989,0.99,0.995,0.989,0.993,0.99,0.989,0.996,0.992,0.993,0.993,0.995,0.995,0.989,0.99,0.99,0.989,0.995,0.99,0.993,0.989,0.994,0.99,0.992,0.99,0.994,0.994,0.989,0.991,0.993,0.991,0.99,0.996,0.989,0.989,0.99,0.989,0.995,0.99,0.994,0.989,0.99,0.993,0.992,0.991,0.989,0.991,0.99,0.991,0.994,0.989,0.996,0.99,0.993,0.991,0.989,0.989,0.99,0.992,0.995,0.995,0.992,0.989,0.989,0.99,0.991,0.989,0.992,0.995,0.989,0.992,0.993,0.992,0.989,0.989,0.99,0.989,0.99,0.99,0.993,0.996,0.99,0.989,0.996,0.994,0.99,0.994,0.993,0.99,0.994,0.994,0.994,0.996,0.994,0.994,1.0
2017-01-09 19:00:00+01:00,0.99,0.993,0.99,0.994,0.989,0.989,0.991,0.994,0.99,0.992,0.99,0.989,0.993,0.994,0.995,0.988,0.99,0.995,0.989,0.993,0.99,0.988,0.995,0.992,0.992,0.993,0.995,0.995,0.989,0.989,0.99,0.988,0.995,0.99,0.993,0.988,0.994,0.989,0.991,0.989,0.994,0.994,0.989,0.99,0.993,0.991,0.99,0.996,0.989,0.989,0.99,0.988,0.995,0.989,0.993,0.989,0.99,0.993,0.992,0.991,0.988,0.991,0.99,0.99,0.994,0.988,0.996,0.99,0.994,0.99,0.989,0.989,0.99,0.991,0.995,0.994,0.991,0.989,0.989,0.989,0.991,0.989,0.992,0.995,0.988,0.991,0.993,0.991,0.989,0.989,0.989,0.989,0.989,0.989,0.993,0.996,0.989,0.989,0.996,0.994,0.989,0.994,0.992,0.99,0.994,0.993,0.993,0.996,0.993,0.993,1.0
2017-01-09 20:00:00+01:00,0.992,0.994,0.991,0.995,0.991,0.99,0.992,0.995,0.991,0.993,0.992,0.99,0.994,0.995,0.996,0.99,0.991,0.996,0.99,0.994,0.991,0.99,0.996,0.993,0.994,0.994,0.996,0.995,0.99,0.991,0.991,0.99,0.996,0.991,0.994,0.99,0.995,0.991,0.992,0.991,0.995,0.995,0.99,0.992,0.994,0.992,0.991,0.996,0.99,0.99,0.991,0.99,0.995,0.991,0.994,0.99,0.991,0.994,0.993,0.992,0.99,0.992,0.991,0.992,0.994,0.99,0.996,0.991,0.994,0.992,0.99,0.99,0.991,0.992,0.996,0.996,0.992,0.99,0.99,0.991,0.992,0.99,0.993,0.996,0.99,0.992,0.994,0.993,0.99,0.99,0.991,0.99,0.99,0.991,0.994,0.996,0.991,0.99,0.997,0.995,0.991,0.995,0.993,0.991,0.996,0.995,0.995,0.997,0.995,0.995,1.0
2017-01-09 21:00:00+01:00,0.993,0.995,0.993,0.996,0.993,0.993,0.994,0.996,0.993,0.995,0.994,0.993,0.995,0.997,0.997,0.992,0.993,0.997,0.992,0.995,0.993,0.992,0.997,0.995,0.995,0.995,0.997,0.997,0.992,0.993,0.994,0.992,0.997,0.993,0.995,0.992,0.996,0.993,0.994,0.993,0.996,0.996,0.992,0.993,0.995,0.994,0.994,0.997,0.993,0.992,0.993,0.992,0.997,0.994,0.996,0.992,0.994,0.995,0.995,0.994,0.992,0.994,0.994,0.993,0.996,0.992,0.997,0.993,0.996,0.993,0.992,0.992,0.994,0.994,0.997,0.997,0.994,0.992,0.992,0.993,0.994,0.992,0.995,0.997,0.992,0.994,0.995,0.994,0.992,0.992,0.993,0.992,0.993,0.993,0.996,0.997,0.993,0.992,0.997,0.996,0.993,0.996,0.995,0.994,0.997,0.997,0.996,0.997,0.996,0.996,1.0
2017-01-09 22:00:00+01:00,0.995,0.996,0.994,0.997,0.995,0.994,0.995,0.997,0.994,0.996,0.995,0.994,0.996,0.997,0.998,0.994,0.994,0.997,0.994,0.996,0.995,0.994,0.998,0.996,0.996,0.996,0.998,0.997,0.994,0.994,0.995,0.994,0.997,0.994,0.996,0.994,0.997,0.994,0.995,0.994,0.997,0.997,0.994,0.995,0.996,0.995,0.995,0.998,0.994,0.994,0.994,0.994,0.997,0.995,0.997,0.994,0.995,0.996,0.996,0.996,0.994,0.995,0.995,0.995,0.997,0.994,0.998,0.994,0.996,0.995,0.994,0.994,0.995,0.995,0.998,0.997,0.995,0.994,0.994,0.994,0.995,0.994,0.996,0.997,0.994,0.995,0.996,0.995,0.994,0.994,0.995,0.994,0.995,0.994,0.997,0.998,0.995,0.994,0.998,0.997,0.995,0.997,0.996,0.995,0.997,0.997,0.997,0.998,0.997,0.997,1.0
2017-01-09 23:00:00+01:00,0.995,0.997,0.995,0.997,0.996,0.995,0.996,0.997,0.995,0.997,0.996,0.995,0.996,0.998,0.998,0.995,0.995,0.998,0.994,0.997,0.996,0.995,0.998,0.997,0.997,0.996,0.998,0.998,0.994,0.995,0.996,0.995,0.998,0.995,0.996,0.995,0.997,0.995,0.996,0.995,0.997,0.997,0.994,0.995,0.997,0.996,0.996,0.998,0.995,0.994,0.995,0.995,0.998,0.996,0.997,0.995,0.996,0.996,0.996,0.996,0.995,0.996,0.996,0.995,0.997,0.995,0.998,0.995,0.997,0.995,0.994,0.994,0.996,0.996,0.998,0.998,0.996,0.994,0.994,0.995,0.996,0.994,0.996,0.998,0.995,0.996,0.996,0.996,0.994,0.994,0.996,0.994,0.995,0.995,0.997,0.998,0.996,0.994,0.998,0.997,0.996,0.997,0.997,0.996,0.998,0.998,0.998,0.998,0.998,0.998,1.0
2017-01-10 00:00:00+01:00,0.997,0.998,0.997,0.998,0.997,0.997,0.997,0.998,0.997,0.998,0.997,0.996,0.998,0.998,0.998,0.996,0.997,0.998,0.996,0.998,0.997,0.996,0.999,0.998,0.998,0.998,0.999,0.998,0.996,0.997,0.997,0.996,0.998,0.997,0.998,0.996,0.998,0.997,0.997,0.997,0.998,0.998,0.996,0.997,0.998,0.997,0.997,0.999,0.997,0.996,0.997,0.996,0.998,0.997,0.998,0.996,0.997,0.998,0.997,0.997,0.996,0.997,0.997,0.997,0.998,0.996,0.999,0.997,0.998,0.997,0.996,0.996,0.997,0.997,0.999,0.998,0.997,0.996,0.996,0.997,0.997,0.996,0.997,0.998,0.996,0.997,0.998,0.997,0.996,0.996,0.997,0.996,0.997,0.997,0.998,0.999,0.997,0.996,0.999,0.998,0.997,0.998,0.998,0.997,0.998,0.998,0.998,0.999,0.998,0.998,1.0
2017-01-10 01:00:00+01:00,0.997,0.998,0.997,0.998,0.997,0.997,0.997,0.998,0.997,0.998,0.997,0.997,0.998,0.998,0.999,0.997,0.997,0.999,0.996,0.998,0.997,0.997,0.999,0.998,0.998,0.998,0.999,0.998,0.996,0.997,0.997,0.997,0.999,0.997,0.998,0.997,0.998,0.997,0.997,0.997,0.998,0.998,0.996,0.997,0.998,0.997,0.997,0.999,0.997,0.996,0.997,0.997,0.998,0.997,0.998,0.996,0.997,0.998,0.997,0.997,0.997,0.997,0.997,0.997,0.998,0.997,0.999,0.997,0.998,0.997,0.996,0.996,0.997,0.997,0.999,0.998,0.997,0.996,0.996,0.997,0.997,0.996,0.998,0.999,0.997,0.997,0.998,0.997,0.996,0.996,0.997,0.996,0.997,0.997,0.998,0.999,0.997,0.996,0.999,0.998,0.997,0.998,0.998,0.997,0.998,0.998,0.998,0.999,0.998,0.998,1.0
2017-01-10 02:00:00+01:00,0.997,0.998,0.997,0.998,0.997,0.997,0.998,0.998,0.997,0.998,0.997,0.997,0.998,0.998,0.999,0.997,0.997,0.999,0.997,0.998,0.997,0.997,0.999,0.998,0.998,0.998,0.999,0.998,0.997,0.997,0.997,0.997,0.999,0.997,0.998,0.997,0.998,0.997,0.998,0.997,0.998,0.998,0.997,0.997,0.998,0.997,0.997,0.999,0.997,0.997,0.997,0.997,0.998,0.997,0.998,0.997,0.997,0.998,0.998,0.998,0.997,0.997,0.997,0.997,0.998,0.997,0.999,0.997,0.998,0.997,0.997,0.997,0.997,0.998,0.999,0.999,0.998,0.997,0.997,0.997,0.997,0.997,0.998,0.999,0.997,0.998,0.998,0.998,0.997,0.997,0.997,0.997,0.997,0.997,0.998,0.999,0.997,0.997,0.999,0.998,0.997,0.998,0.998,0.997,0.999,0.999,0.998,0.999,0.998,0.998,1.0
2017-01-10 03:00:00+01:00,0.998,0.998,0.998,0.999,0.998,0.997,0.998,0.999,0.998,0.998,0.998,0.997,0.998,0.999,0.999,0.997,0.998,0.999,0.997,0.998,0.997,0.997,0.999,0.998,0.998,0.998,0.999,0.999,0.997,0.997,0.998,0.997,0.999,0.998,0.998,0.997,0.999,0.997,0.998,0.997,0.998,0.999,0.997,0.998,0.998,0.998,0.998,0.999,0.997,0.997,0.998,0.997,0.999,0.998,0.998,0.997,0.998,0.998,0.998,0.998,0.997,0.998,0.998,0.998,0.998,0.997,0.999,0.998,0.998,0.998,0.997,0.997,0.998,0.998,0.999,0.999,0.998,0.997,0.997,0.997,0.998,0.997,0.998,0.999,0.997,0.998,0.998,0.998,0.997,0.997,0.998,0.997,0.997,0.998,0.998,0.999,0.997,0.997,0.999,0.999,0.998,0.999,0.998,0.998,0.999,0.999,0.999,0.999,0.999,0.999,1.0
2017-01-10 04:00:00+01:00,0.998,0.998,0.998,0.999,0.998,0.997,0.998,0.999,0.998,0.998,0.998,0.997,0.998,0.999,0.999,0.997,0.998,0.999,0.998,0.998,0.997,0.997,0.999,0.998,0.998,0.998,0.999,0.999,0.998,0.998,0.998,0.997,0.999,0.998,0.998,0.997,0.999,0.998,0.998,0.998,0.999,0.999,0.998,0.998,0.998,0.998,0.998,0.999,0.997,0.998,0.998,0.997,0.999,0.998,0.999,0.998,0.998,0.998,0.998,0.998,0.997,0.998,0.998,0.998,0.999,0.997,0.999,0.998,0.998,0.998,0.998,0.998,0.998,0.998,0.999,0.999,0.998,0.998,0.998,0.998,0.998,0.998,0.998,0.999,0.997,0.998,0.998,0.998,0.998,0.998,0.998,0.998,0.997,0.998,0.998,0.999,0.997,0.998,0.999,0.999,0.998,0.999,0.998,0.998,0.999,0.999,0.999,0.999,0.999,0.999,1.0
2017-01-10 05:00:00+01:00,0.997,0.998,0.997,0.998,0.997,0.997,0.998,0.999,0.997,0.998,0.998,0.997,0.998,0.999,0.999,0.997,0.997,0.999,0.997,0.998,0.997,0.997,0.999,0.998,0.998,0.998,0.999,0.999,0.997,0.997,0.997,0.997,0.999,0.997,0.998,0.997,0.999,0.997,0.998,0.997,0.998,0.999,0.997,0.997,0.998,0.998,0.997,0.999,0.997,0.997,0.997,0.997,0.999,0.997,0.998,0.997,0.997,0.998,0.998,0.998,0.997,0.998,0.998,0.997,0.998,0.997,0.999,0.997,0.998,0.997,0.997,0.997,0.997,0.998,0.999,0.999,0.998,0.997,0.997,0.997,0.998,0.997,0.998,0.999,0.997,0.998,0.998,0.998,0.997,0.997,0.997,0.997,0.997,0.997,0.998,0.999,0.997,0.997,0.999,0.998,0.997,0.998,0.998,0.997,0.999,0.999,0.999,0.999,0.999,0.999,1.0
2017-01-10 06:00:00+01:00,0.997,0.998,0.997,0.998,0.997,0.997,0.997,0.998,0.997,0.998,0.997,0.997,0.998,0.999,0.999,0.997,0.997,0.999,0.997,0.998,0.997,0.997,0.999,0.998,0.998,0.998,0.999,0.999,0.997,0.997,0.997,0.997,0.999,0.997,0.998,0.997,0.998,0.997,0.998,0.997,0.998,0.998,0.997,0.997,0.998,0.998,0.997,0.999,0.997,0.997,0.997,0.997,0.999,0.997,0.998,0.997,0.997,0.998,0.998,0.998,0.997,0.997,0.997,0.997,0.998,0.997,0.999,0.997,0.998,0.997,0.997,0.997,0.997,0.997,0.999,0.999,0.997,0.997,0.997,0.997,0.998,0.997,0.998,0.999,0.997,0.997,0.998,0.998,0.997,0.997,0.997,0.997,0.997,0.997,0.998,0.999,0.997,0.997,0.999,0.998,0.997,0.998,0.998,0.997,0.999,0.999,0.999,0.999,0.999,0.999,1.0
2017-01-10 07:00:00+01:00,0.997,0.997,0.996,0.998,0.996,0.995,0.997,0.998,0.996,0.997,0.996,0.995,0.997,0.998,0.998,0.995,0.996,0.998,0.996,0.997,0.996,0.995,0.998,0.997,0.997,0.997,0.998,0.998,0.996,0.996,0.996,0.995,0.998,0.996,0.997,0.995,0.998,0.996,0.997,0.996,0.998,0.998,0.996,0.997,0.997,0.996,0.996,0.998,0.995,0.996,0.996,0.995,0.998,0.996,0.998,0.996,0.996,0.997,0.997,0.997,0.995,0.997,0.996,0.997,0.998,0.995,0.998,0.996,0.998,0.997,0.996,0.996,0.996,0.997,0.998,0.998,0.997,0.996,0.996,0.996,0.996,0.996,0.997,0.998,0.995,0.997,0.997,0.997,0.996,0.996,0.996,0.996,0.995,0.996,0.997,0.998,0.996,0.996,0.998,0.998,0.996,0.998,0.997,0.996,0.998,0.998,0.998,0.998,0.998,0.998,1.0
2017-01-10 08:00:00+01:00,0.995,0.996,0.995,0.997,0.995,0.994,0.996,0.997,0.995,0.996,0.995,0.994,0.996,0.997,0.998,0.994,0.995,0.998,0.994,0.996,0.995,0.994,0.998,0.996,0.996,0.996,0.998,0.997,0.994,0.995,0.995,0.994,0.998,0.995,0.996,0.994,0.997,0.995,0.996,0.995,0.997,0.997,0.994,0.995,0.996,0.996,0.995,0.998,0.994,0.994,0.995,0.994,0.997,0.995,0.997,0.994,0.995,0.996,0.996,0.996,0.994,0.995,0.995,0.995,0.997,0.994,0.998,0.995,0.997,0.995,0.994,0.994,0.995,0.996,0.998,0.998,0.996,0.994,0.994,0.995,0.996,0.994,0.996,0.998,0.994,0.996,0.996,0.996,0.994,0.994,0.995,0.994,0.995,0.995,0.997,0.998,0.995,0.994,0.998,0.997,0.995,0.997,0.996,0.995,0.998,0.997,0.997,0.998,0.997,0.997,1.0
2017-01-10 09:00:00+01:00,0.994,0.995,0.993,0.996,0.994,0.993,0.994,0.996,0.993,0.995,0.994,0.993,0.994,0.996,0.997,0.992,0.993,0.997,0.993,0.994,0.993,0.992,0.997,0.995,0.995,0.994,0.997,0.996,0.993,0.993,0.994,0.992,0.997,0.993,0.994,0.992,0.996,0.993,0.994,0.993,0.995,0.996,0.993,0.994,0.995,0.994,0.994,0.997,0.993,0.993,0.993,0.992,0.996,0.994,0.996,0.993,0.994,0.994,0.995,0.994,0.992,0.994,0.994,0.994,0.995,0.992,0.997,0.993,0.995,0.994,0.993,0.993,0.994,0.994,0.997,0.997,0.994,0.993,0.993,0.993,0.994,0.993,0.995,0.996,0.992,0.994,0.994,0.994,0.993,0.993,0.994,0.993,0.993,0.993,0.996,0.997,0.993,0.993,0.997,0.995,0.994,0.996,0.995,0.994,0.996,0.996,0.996,0.997,0.996,0.996,1.0
2017-01-10 10:00:00+01:00,0.993,0.995,0.993,0.996,0.994,0.993,0.994,0.996,0.993,0.995,0.994,0.993,0.995,0.997,0.997,0.993,0.993,0.997,0.992,0.995,0.994,0.993,0.997,0.995,0.996,0.995,0.997,0.997,0.992,0.992,0.994,0.993,0.997,0.993,0.995,0.993,0.996,0.992,0.994,0.992,0.996,0.996,0.992,0.993,0.996,0.995,0.994,0.997,0.993,0.992,0.993,0.993,0.997,0.994,0.996,0.992,0.994,0.995,0.995,0.995,0.993,0.994,0.994,0.993,0.996,0.993,0.997,0.993,0.996,0.993,0.992,0.992,0.994,0.994,0.997,0.997,0.994,0.992,0.992,0.993,0.995,0.992,0.995,0.997,0.993,0.994,0.995,0.994,0.992,0.992,0.994,0.992,0.993,0.993,0.996,0.997,0.993,0.992,0.997,0.996,0.994,0.996,0.995,0.994,0.997,0.996,0.996,0.997,0.996,0.996,1.0
2017-01-10 11:00:00+01:00,0.99,0.993,0.99,0.994,0.991,0.99,0.991,0.994,0.99,0.993,0.992,0.99,0.992,0.995,0.995,0.99,0.99,0.995,0.989,0.993,0.991,0.99,0.996,0.993,0.993,0.993,0.996,0.995,0.989,0.989,0.991,0.99,0.995,0.99,0.992,0.99,0.995,0.989,0.991,0.989,0.994,0.994,0.989,0.99,0.993,0.992,0.991,0.996,0.99,0.989,0.99,0.99,0.995,0.991,0.994,0.989,0.991,0.992,0.992,0.992,0.99,0.991,0.991,0.99,0.994,0.99,0.996,0.99,0.993,0.99,0.989,0.989,0.991,0.991,0.996,0.995,0.991,0.989,0.989,0.989,0.992,0.989,0.993,0.995,0.99,0.991,0.992,0.991,0.989,0.989,0.991,0.989,0.99,0.99,0.994,0.996,0.991,0.988,0.996,0.994,0.991,0.994,0.993,0.991,0.994,0.994,0.994,0.996,0.994,0.994,1.0
2017-01-10 12:00:00+01:00,0.99,0.993,0.99,0.994,0.991,0.99,0.991,0.995,0.989,0.993,0.991,0.989,0.993,0.995,0.995,0.989,0.99,0.995,0.989,0.993,0.99,0.989,0.996,0.993,0.993,0.993,0.996,0.995,0.989,0.989,0.991,0.989,0.995,0.989,0.993,0.989,0.995,0.989,0.991,0.989,0.994,0.995,0.988,0.99,0.993,0.992,0.991,0.996,0.99,0.988,0.989,0.989,0.995,0.991,0.994,0.989,0.991,0.993,0.992,0.992,0.989,0.991,0.991,0.99,0.994,0.989,0.996,0.989,0.993,0.99,0.989,0.989,0.991,0.991,0.996,0.995,0.991,0.989,0.989,0.989,0.992,0.988,0.993,0.995,0.989,0.991,0.993,0.991,0.988,0.989,0.991,0.989,0.99,0.989,0.994,0.996,0.99,0.988,0.996,0.994,0.991,0.994,0.993,0.991,0.995,0.994,0.994,0.996,0.994,0.994,1.0
2017-01-10 13:00:00+01:00,0.993,0.995,0.992,0.996,0.991,0.99,0.993,0.996,0.992,0.993,0.992,0.99,0.994,0.996,0.996,0.99,0.992,0.996,0.991,0.995,0.991,0.99,0.997,0.993,0.994,0.994,0.997,0.996,0.991,0.992,0.991,0.99,0.996,0.992,0.994,0.99,0.995,0.992,0.993,0.992,0.995,0.996,0.991,0.992,0.995,0.992,0.991,0.997,0.99,0.991,0.992,0.99,0.996,0.991,0.995,0.992,0.991,0.994,0.994,0.992,0.99,0.993,0.991,0.993,0.995,0.99,0.997,0.992,0.995,0.993,0.991,0.991,0.991,0.993,0.996,0.996,0.993,0.991,0.991,0.992,0.992,0.991,0.993,0.996,0.99,0.993,0.994,0.993,0.991,0.991,0.991,0.991,0.99,0.992,0.994,0.997,0.991,0.991,0.997,0.995,0.991,0.995,0.994,0.991,0.996,0.996,0.996,0.997,0.996,0.996,1.0
2017-01-10 14:00:00+01:00,0.993,0.995,0.993,0.996,0.993,0.993,0.994,0.996,0.993,0.995,0.994,0.993,0.995,0.996,0.997,0.992,0.993,0.997,0.992,0.995,0.993,0.992,0.997,0.995,0.995,0.995,0.997,0.996,0.992,0.993,0.994,0.992,0.997,0.993,0.995,0.992,0.996,0.993,0.994,0.992,0.996,0.996,0.992,0.993,0.995,0.994,0.994,0.997,0.993,0.992,0.993,0.992,0.996,0.993,0.996,0.992,0.993,0.995,0.995,0.994,0.992,0.994,0.994,0.993,0.996,0.992,0.997,0.993,0.995,0.993,0.992,0.992,0.994,0.994,0.997,0.997,0.994,0.992,0.992,0.993,0.994,0.992,0.995,0.997,0.992,0.994,0.995,0.994,0.992,0.992,0.993,0.992,0.993,0.993,0.996,0.997,0.993,0.992,0.997,0.996,0.993,0.996,0.995,0.994,0.997,0.997,0.997,0.997,0.997,0.997,1.0
2017-01-10 15:00:00+01:00,0.992,0.995,0.991,0.995,0.992,0.991,0.992,0.995,0.991,0.993,0.992,0.991,0.994,0.996,0.996,0.991,0.992,0.996,0.991,0.994,0.992,0.991,0.996,0.994,0.994,0.994,0.996,0.996,0.991,0.991,0.992,0.991,0.996,0.991,0.994,0.991,0.995,0.991,0.993,0.991,0.995,0.995,0.991,0.992,0.995,0.993,0.992,0.996,0.991,0.991,0.991,0.991,0.996,0.992,0.995,0.991,0.992,0.994,0.993,0.993,0.991,0.992,0.992,0.992,0.995,0.991,0.996,0.991,0.995,0.992,0.991,0.991,0.992,0.992,0.996,0.996,0.992,0.991,0.991,0.991,0.993,0.991,0.993,0.996,0.991,0.992,0.994,0.993,0.991,0.991,0.992,0.991,0.991,0.991,0.994,0.996,0.992,0.991,0.997,0.995,0.992,0.995,0.994,0.992,0.996,0.996,0.996,0.997,0.996,0.996,1.0
2017-01-10 16:00:00+01:00,0.992,0.994,0.992,0.995,0.992,0.991,0.993,0.995,0.992,0.993,0.992,0.991,0.994,0.995,0.996,0.991,0.992,0.996,0.991,0.994,0.992,0.99,0.996,0.994,0.994,0.994,0.996,0.995,0.991,0.991,0.992,0.99,0.996,0.991,0.994,0.991,0.995,0.991,0.993,0.991,0.994,0.995,0.991,0.992,0.994,0.993,0.992,0.996,0.991,0.991,0.992,0.99,0.995,0.992,0.995,0.991,0.992,0.994,0.993,0.993,0.99,0.992,0.992,0.992,0.994,0.991,0.996,0.991,0.994,0.992,0.991,0.991,0.992,0.992,0.996,0.996,0.993,0.991,0.991,0.991,0.993,0.991,0.993,0.996,0.99,0.993,0.994,0.993,0.991,0.991,0.992,0.991,0.991,0.991,0.994,0.996,0.991,0.991,0.996,0.995,0.992,0.995,0.994,0.992,0.996,0.996,0.995,0.996,0.995,0.995,1.0
2017-01-10 17:00:00+01:00,0.992,0.993,0.992,0.995,0.991,0.99,0.993,0.995,0.992,0.993,0.992,0.99,0.993,0.995,0.996,0.99,0.992,0.996,0.991,0.993,0.991,0.99,0.996,0.993,0.994,0.993,0.996,0.995,0.991,0.992,0.991,0.99,0.996,0.992,0.993,0.99,0.995,0.992,0.993,0.992,0.994,0.995,0.991,0.992,0.994,0.992,0.992,0.996,0.99,0.991,0.992,0.99,0.995,0.991,0.995,0.991,0.991,0.993,0.994,0.992,0.99,0.993,0.992,0.992,0.994,0.99,0.996,0.992,0.994,0.992,0.991,0.991,0.992,0.993,0.996,0.996,0.993,0.991,0.991,0.992,0.992,0.991,0.993,0.996,0.99,0.993,0.993,0.993,0.991,0.991,0.991,0.991,0.991,0.992,0.994,0.996,0.991,0.991,0.996,0.994,0.991,0.995,0.994,0.991,0.996,0.996,0.995,0.996,0.995,0.995,1.0
2017-01-10 18:00:00+01:00,0.991,0.993,0.991,0.994,0.992,0.991,0.992,0.995,0.991,0.993,0.992,0.991,0.992,0.995,0.996,0.991,0.991,0.996,0.99,0.993,0.991,0.991,0.996,0.993,0.994,0.992,0.996,0.995,0.99,0.991,0.992,0.991,0.996,0.991,0.992,0.991,0.995,0.991,0.992,0.99,0.994,0.995,0.99,0.991,0.993,0.993,0.992,0.996,0.991,0.99,0.991,0.991,0.995,0.992,0.995,0.99,0.992,0.992,0.993,0.993,0.991,0.992,0.992,0.991,0.994,0.991,0.996,0.991,0.993,0.991,0.99,0.99,0.992,0.992,0.996,0.996,0.992,0.99,0.99,0.991,0.993,0.99,0.993,0.995,0.991,0.992,0.992,0.992,0.99,0.99,0.992,0.99,0.991,0.991,0.994,0.996,0.991,0.99,0.996,0.994,0.992,0.994,0.994,0.992,0.995,0.995,0.995,0.996,0.995,0.995,1.0
2017-01-10 19:00:00+01:00,0.991,0.993,0.991,0.994,0.991,0.99,0.992,0.994,0.991,0.992,0.991,0.989,0.992,0.995,0.996,0.989,0.991,0.995,0.99,0.993,0.99,0.989,0.996,0.993,0.993,0.993,0.996,0.995,0.99,0.99,0.991,0.989,0.995,0.991,0.992,0.989,0.994,0.99,0.992,0.99,0.994,0.994,0.99,0.991,0.993,0.992,0.991,0.996,0.99,0.99,0.991,0.989,0.995,0.991,0.994,0.99,0.991,0.993,0.993,0.992,0.989,0.992,0.991,0.991,0.994,0.989,0.996,0.991,0.993,0.991,0.99,0.99,0.991,0.992,0.996,0.995,0.992,0.99,0.99,0.99,0.992,0.99,0.992,0.995,0.989,0.992,0.992,0.992,0.99,0.99,0.991,0.99,0.99,0.991,0.994,0.996,0.99,0.99,0.996,0.994,0.991,0.994,0.993,0.991,0.995,0.995,0.995,0.996,0.995,0.995,1.0
2017-01-10 20:00:00+01:00,0.992,0.995,0.992,0.996,0.993,0.992,0.993,0.996,0.992,0.994,0.993,0.991,0.994,0.996,0.997,0.991,0.992,0.996,0.991,0.994,0.992,0.991,0.997,0.994,0.995,0.994,0.997,0.996,0.991,0.992,0.993,0.991,0.996,0.992,0.994,0.991,0.996,0.992,0.993,0.992,0.995,0.996,0.991,0.992,0.995,0.993,0.993,0.997,0.992,0.991,0.992,0.991,0.996,0.993,0.995,0.991,0.993,0.994,0.994,0.994,0.991,0.993,0.993,0.992,0.995,0.991,0.997,0.992,0.995,0.993,0.991,0.991,0.993,0.993,0.997,0.996,0.993,0.991,0.991,0.992,0.993,0.991,0.994,0.996,0.991,0.993,0.994,0.993,0.991,0.991,0.993,0.991,0.992,0.992,0.995,0.997,0.992,0.991,0.997,0.995,0.993,0.996,0.994,0.993,0.996,0.996,0.996,0.997,0.996,0.996,1.0
2017-01-10 21:00:00+01:00,0.993,0.995,0.992,0.996,0.993,0.992,0.993,0.996,0.992,0.994,0.993,0.992,0.994,0.996,0.996,0.992,0.992,0.996,0.991,0.995,0.993,0.992,0.997,0.994,0.995,0.994,0.997,0.996,0.991,0.992,0.993,0.992,0.996,0.992,0.994,0.992,0.996,0.992,0.993,0.992,0.995,0.996,0.991,0.992,0.995,0.994,0.993,0.997,0.992,0.991,0.992,0.992,0.996,0.993,0.995,0.992,0.993,0.994,0.994,0.994,0.992,0.993,0.993,0.993,0.995,0.992,0.997,0.992,0.995,0.993,0.991,0.991,0.993,0.993,0.997,0.996,0.993,0.991,0.991,0.992,0.994,0.991,0.994,0.996,0.992,0.993,0.994,0.993,0.991,0.991,0.993,0.991,0.992,0.992,0.995,0.997,0.992,0.991,0.997,0.995,0.993,0.996,0.995,0.993,0.996,0.996,0.996,0.997,0.996,0.996,1.0
2017-01-10 22:00:00+01:00,0.994,0.996,0.994,0.997,0.995,0.994,0.995,0.997,0.994,0.996,0.995,0.994,0.996,0.997,0.997,0.994,0.994,0.997,0.994,0.996,0.994,0.993,0.998,0.996,0.996,0.996,0.997,0.997,0.994,0.994,0.995,0.993,0.997,0.994,0.996,0.994,0.997,0.994,0.995,0.994,0.997,0.997,0.994,0.994,0.996,0.995,0.995,0.998,0.994,0.994,0.994,0.993,0.997,0.995,0.997,0.994,0.995,0.996,0.996,0.995,0.993,0.995,0.995,0.994,0.997,0.994,0.998,0.994,0.996,0.995,0.994,0.994,0.995,0.995,0.997,0.997,0.995,0.994,0.994,0.994,0.995,0.994,0.996,0.997,0.993,0.995,0.996,0.995,0.994,0.994,0.995,0.994,0.994,0.994,0.996,0.998,0.994,0.994,0.998,0.997,0.995,0.997,0.996,0.995,0.997,0.997,0.997,0.998,0.997,0.997,1.0
2017-01-10 23:00:00+01:00,0.996,0.997,0.995,0.998,0.995,0.995,0.996,0.998,0.995,0.996,0.996,0.995,0.997,0.998,0.998,0.994,0.996,0.998,0.995,0.997,0.995,0.994,0.998,0.996,0.997,0.997,0.998,0.998,0.995,0.995,0.995,0.994,0.998,0.995,0.997,0.994,0.997,0.995,0.996,0.995,0.998,0.998,0.995,0.996,0.997,0.996,0.995,0.998,0.995,0.995,0.995,0.994,0.998,0.995,0.997,0.995,0.995,0.997,0.996,0.996,0.994,0.996,0.995,0.996,0.997,0.994,0.998,0.995,0.997,0.996,0.995,0.995,0.995,0.996,0.998,0.998,0.996,0.995,0.995,0.995,0.996,0.995,0.996,0.998,0.994,0.996,0.997,0.996,0.995,0.995,0.995,0.995,0.995,0.995,0.997,0.998,0.995,0.995,0.998,0.998,0.995,0.998,0.997,0.995,0.998,0.998,0.998,0.998,0.998,0.998,1.0
2017-01-11 00:00:00+01:00,0.996,0.997,0.996,0.997,0.996,0.995,0.997,0.997,0.996,0.997,0.996,0.995,0.997,0.998,0.998,0.995,0.996,0.998,0.996,0.997,0.996,0.995,0.998,0.997,0.997,0.997,0.998,0.998,0.996,0.996,0.996,0.995,0.998,0.996,0.997,0.995,0.998,0.996,0.997,0.996,0.997,0.997,0.996,0.996,0.997,0.996,0.996,0.998,0.995,0.996,0.996,0.995,0.998,0.996,0.997,0.996,0.996,0.997,0.997,0.996,0.995,0.997,0.996,0.996,0.997,0.995,0.998,0.996,0.997,0.996,0.996,0.996,0.996,0.997,0.998,0.998,0.997,0.996,0.996,0.996,0.996,0.996,0.997,0.998,0.995,0.997,0.997,0.997,0.996,0.996,0.996,0.996,0.996,0.996,0.997,0.998,0.996,0.996,0.998,0.997,0.996,0.997,0.997,0.996,0.998,0.998,0.998,0.998,0.998,0.998,1.0
