timestamp,0,1,2,3,4,5,6,7,8,9,10,11,12,13,14,15,16,17,18,19,20,21,22,23,24,25,26,27,28,29,30,31,32,33,34,35,36,37,38,39,40,41
2017-05-26 00:00:00+02:00,0.8,0.8,0.0,2.0,6.9,5.4,4.8,1.6,0.3,1.4,0.9,5.5,1.4,1.9,0.5,1.1,0.1,1.8,4.8,6.7,4.6,0.2,5.1,0.9,7.2,1.2,2.2,1.1,6.9,1.7,0.7,4.1,0.7,2.3,2.1,2.0,1.6,0.6,0.2,1.0,0.6,0.2
2017-05-26 00:01:00+02:00,0.8,0.8,0.0,2.0,7.1,5.8,5.2,1.6,0.3,1.3,0.7,5.9,1.4,1.9,0.3,1.0,0.1,1.8,5.3,6.9,4.6,0.2,5.5,0.8,7.5,1.0,2.1,0.9,7.2,1.7,0.6,4.0,0.7,2.4,2.1,2.0,1.6,0.6,0.2,1.0,0.6,0.2
2017-05-26 00:02:00+02:00,0.7,0.8,0.0,1.7,6.6,5.3,4.7,1.6,0.3,1.2,0.7,5.3,1.4,2.0,0.4,0.9,0.1,1.9,4.7,6.4,4.4,0.2,5.0,0.7,7.0,1.1,1.9,0.8,6.6,1.7,0.6,3.9,0.7,2.2,2.2,2.1,1.7,0.6,0.3,1.0,0.6,0.2
2017-05-26 00:03:00+02:00,0.7,0.9,0.0,1.0,5.3,4.1,3.5,1.1,0.3,1.2,0.7,4.1,0.9,1.6,0.3,0.8,0.1,1.5,3.5,5.1,3.2,0.2,3.7,0.7,5.7,1.0,1.2,0.8,5.4,1.2,0.6,2.8,0.7,2.2,2.1,2.0,1.6,0.7,0.3,0.9,0.5,0.1
2017-05-26 00:04:00+02:00,1.3,0.9,0.0,1.1,5.1,3.9,3.4,0.9,0.3,1.8,0.7,4.0,0.6,1.3,0.3,1.5,0.1,1.2,3.4,5.0,3.1,0.2,3.6,1.4,5.5,1.0,1.3,1.4,5.2,0.9,0.5,2.6,0.6,2.1,2.0,2.0,1.6,0.7,0.3,0.9,0.5,0.1
2017-05-26 00:05:00+02:00,1.7,0.9,0.0,1.2,5.2,4.1,3.5,0.9,0.3,2.2,0.6,4.1,0.6,1.3,0.3,1.9,0.1,1.2,3.5,5.0,3.3,0.2,3.8,1.8,5.6,0.9,1.4,1.9,5.3,0.9,0.5,2.7,0.7,2.1,2.0,2.0,1.6,0.7,0.3,0.9,0.5,0.1
2017-05-26 00:06:00+02:00,1.7,1.0,0.0,1.3,5.4,4.2,3.6,0.9,0.3,2.2,0.7,4.3,0.7,1.5,0.4,1.9,0.1,1.4,3.6,5.2,3.4,0.2,3.9,1.8,5.8,1.0,1.5,1.9,5.5,1.0,0.5,3.0,0.7,2.1,2.0,1.9,1.5,0.6,0.3,0.9,0.5,0.1
2017-05-26 00:07:00+02:00,1.7,1.0,0.0,1.3,5.9,4.7,4.1,0.9,0.3,2.2,0.7,4.7,0.7,1.5,0.4,1.9,0.1,1.4,4.1,5.7,3.9,0.2,4.4,1.8,6.2,0.9,1.9,1.8,5.9,1.0,0.5,3.4,0.7,2.0,1.9,1.9,1.5,0.6,0.4,0.9,0.5,0.1
2017-05-26 00:08:00+02:00,1.7,1.3,0.0,1.7,6.2,5.1,4.5,0.9,0.3,2.2,0.7,5.1,0.7,1.5,0.4,1.9,0.1,1.3,4.5,6.0,4.3,0.2,4.8,1.7,6.6,0.9,2.3,1.8,6.3,1.0,0.5,3.7,0.7,2.1,1.9,1.9,1.6,0.6,0.4,1.0,0.6,0.1
2017-05-26 00:09:00+02:00,1.7,1.0,0.0,1.3,5.2,4.1,3.6,0.9,0.3,2.4,0.7,4.1,0.7,1.4,0.4,2.1,0.1,1.3,3.6,5.0,3.4,0.2,3.8,2.0,5.5,0.9,1.5,2.0,5.3,1.0,0.5,2.9,0.7,2.2,2.1,2.0,1.7,0.6,0.4,1.2,0.7,0.2
2017-05-26 00:10:00+02:00,1.7,0.9,0.0,1.3,6.0,4.1,3.6,1.0,0.3,3.4,0.7,4.2,0.7,1.5,0.4,3.1,0.1,1.4,3.6,5.8,3.4,0.2,3.8,3.0,6.3,1.7,1.4,3.1,6.0,1.1,0.5,2.9,0.8,2.8,2.7,2.7,2.4,0.6,0.4,1.8,1.4,0.9
2017-05-26 00:11:00+02:00,1.5,0.9,0.0,1.6,5.7,4.5,4.0,1.0,0.3,3.3,0.6,4.5,0.7,1.5,0.4,3.0,0.1,1.4,4.0,5.5,3.8,0.2,4.2,2.8,6.0,1.0,1.7,2.9,5.8,1.1,0.5,3.2,0.8,2.3,2.2,2.1,1.8,0.7,0.4,1.1,0.7,0.2
2017-05-26 00:12:00+02:00,1.1,0.9,0.0,1.4,5.4,4.3,3.7,0.9,0.3,2.9,0.6,4.3,0.6,1.5,0.3,2.7,0.1,1.4,3.7,5.3,3.5,0.2,3.9,2.4,5.8,0.9,1.6,2.6,5.5,1.0,0.5,3.1,0.7,2.3,2.1,2.1,1.8,0.7,0.4,1.1,0.7,0.2
2017-05-26 00:13:00+02:00,0.2,0.9,0.0,1.4,5.8,4.3,3.7,1.0,0.2,1.2,0.7,4.3,0.6,1.5,0.4,1.0,0.1,1.4,3.7,5.6,3.5,0.2,3.9,0.7,6.2,1.3,1.6,0.9,5.9,1.0,0.5,3.1,0.7,2.1,2.0,2.0,1.7,0.7,0.4,1.0,0.7,0.2
2017-05-26 00:14:00+02:00,0.2,0.9,0.0,1.4,5.6,4.3,3.7,1.0,0.2,0.8,0.7,4.3,0.7,1.5,0.3,0.6,0.1,1.4,3.7,5.3,3.5,0.2,3.9,0.3,5.9,1.0,1.6,0.5,5.6,1.0,0.5,3.1,0.7,2.0,1.9,1.8,1.5,0.6,0.4,0.9,0.7,0.2
2017-05-26 00:15:00+02:00,0.2,0.9,0.0,1.4,6.0,4.2,3.7,0.8,0.2,0.9,1.3,4.3,0.7,1.4,0.9,0.6,0.1,1.3,3.7,5.8,3.4,0.2,3.9,0.3,6.3,1.6,1.6,0.5,6.0,0.9,1.0,3.0,0.7,2.0,1.9,1.8,1.5,0.6,0.4,0.9,0.7,0.2
2017-05-26 00:16:00+02:00,1.0,0.8,0.0,1.4,5.5,4.2,3.6,0.9,0.2,1.7,0.8,4.2,0.7,1.4,0.4,1.3,0.1,1.3,3.7,5.3,3.4,0.2,3.8,1.1,5.8,1.1,1.6,1.3,5.6,0.9,0.5,3.0,0.7,2.0,1.9,1.8,1.5,0.6,0.4,0.9,0.7,0.2
2017-05-26 00:17:00+02:00,0.4,0.9,0.0,1.4,5.6,4.1,3.5,0.9,0.2,1.1,0.9,4.1,0.7,1.3,0.6,0.8,0.1,1.2,3.5,5.4,3.3,0.4,3.7,0.6,5.9,1.3,1.6,0.7,5.7,0.9,0.7,2.9,0.7,2.2,2.1,2.1,1.7,0.6,0.3,1.1,0.9,0.5
2017-05-26 00:18:00+02:00,0.6,0.8,0.0,1.3,5.4,3.5,2.9,0.6,0.2,1.2,1.0,3.5,0.5,1.1,0.7,1.0,0.1,1.0,3.0,5.2,2.8,0.5,3.1,0.7,5.7,1.7,1.5,0.9,5.4,0.7,0.8,2.6,0.7,2.0,1.9,1.9,1.5,0.5,0.3,1.0,0.7,0.3
2017-05-26 00:19:00+02:00,0.3,0.8,0.0,1.3,4.7,3.3,2.7,0.5,0.2,1.0,0.8,3.3,0.3,0.9,0.3,0.7,0.1,0.9,2.7,4.5,2.5,0.1,2.9,0.5,4.9,1.2,1.5,0.6,4.7,0.6,0.5,2.4,0.7,1.6,1.5,1.4,1.1,0.5,0.3,0.6,0.4,0.1
2017-05-26 00:20:00+02:00,0.4,0.8,0.0,1.3,4.6,3.2,2.7,0.5,0.2,1.1,0.7,3.3,0.3,0.9,0.3,0.8,0.1,0.9,2.7,4.4,2.5,0.1,2.9,0.6,4.9,1.1,1.5,0.8,4.6,0.6,0.4,2.4,0.7,1.8,1.7,1.6,1.3,0.6,0.4,0.7,0.4,0.1
2017-05-26 00:21:00+02:00,0.4,0.8,0.0,1.2,4.6,3.2,2.7,0.6,0.1,1.6,0.7,3.3,0.4,1.0,0.4,1.3,0.2,0.9,2.7,4.4,2.5,0.2,2.9,1.1,4.8,1.1,1.4,1.2,4.6,0.6,0.4,2.4,0.6,2.6,2.5,2.4,2.1,0.6,0.4,1.6,0.5,0.1
2017-05-26 00:22:00+02:00,0.4,0.7,0.0,1.2,4.4,3.1,2.6,0.6,0.1,1.2,0.7,3.2,0.4,1.0,0.4,0.9,0.2,0.9,2.6,4.2,2.4,0.2,2.8,0.6,4.7,1.1,1.3,0.8,4.5,0.6,0.4,2.2,0.6,2.7,2.7,2.6,2.3,0.6,0.4,1.8,0.5,0.1
2017-05-26 00:23:00+02:00,0.4,0.9,0.0,1.3,4.7,3.4,2.8,0.6,0.2,1.1,0.7,3.5,0.4,1.0,0.4,0.8,0.2,0.9,2.9,4.5,2.7,0.2,3.1,0.6,4.9,1.0,1.5,0.8,4.7,0.6,0.4,2.4,0.7,1.8,1.8,1.7,1.4,0.5,0.3,0.9,0.5,0.1
2017-05-26 00:24:00+02:00,0.4,0.7,0.0,1.2,5.4,4.1,2.9,0.6,0.2,1.3,0.6,4.2,0.4,1.0,0.4,1.1,0.2,0.9,2.9,5.2,2.6,0.2,3.8,0.7,5.7,1.0,1.3,1.0,5.5,0.6,0.4,2.3,0.6,2.3,2.2,2.2,1.9,0.6,0.4,1.2,1.0,0.3
2017-05-26 00:25:00+02:00,0.5,0.9,0.0,1.4,5.8,4.5,3.4,0.7,0.3,1.7,0.6,4.6,0.4,1.1,0.3,1.4,0.2,1.0,3.4,5.6,3.1,0.2,4.2,1.0,6.2,1.1,1.6,1.3,5.9,0.8,0.4,2.7,0.8,2.7,2.7,2.6,2.2,0.7,0.5,1.5,1.2,0.5
2017-05-26 00:26:00+02:00,0.6,0.9,0.0,1.9,6.2,4.8,3.9,0.7,0.3,1.6,0.6,4.9,0.5,1.2,0.4,1.4,0.2,1.0,4.0,6.0,3.7,0.2,4.4,1.0,6.6,1.1,2.1,1.3,6.3,0.8,0.4,3.3,0.8,2.4,2.4,2.3,1.9,0.8,0.4,1.1,0.8,0.1
2017-05-26 00:27:00+02:00,0.4,0.9,0.0,1.4,7.6,6.3,4.6,2.0,0.3,1.5,0.6,6.4,1.7,2.4,0.3,1.2,0.2,2.3,4.6,7.5,4.4,0.1,5.9,0.9,8.0,1.1,1.6,1.1,7.7,2.0,0.4,4.0,0.8,2.3,2.2,2.1,1.8,0.9,0.4,0.9,0.6,0.1
2017-05-26 00:28:00+02:00,0.4,0.8,0.0,1.3,8.9,7.5,5.1,2.8,0.2,1.5,0.6,7.6,2.6,3.3,0.3,1.2,0.2,3.2,5.1,8.8,4.9,0.2,7.1,0.9,9.3,1.2,1.4,1.1,9.0,2.9,0.4,4.7,0.7,2.1,2.1,2.0,1.7,0.8,0.4,0.8,0.4,0.1
2017-05-26 00:29:00+02:00,0.6,0.8,0.0,1.3,8.9,7.5,5.0,2.8,0.2,1.5,0.6,7.6,2.6,3.3,0.3,1.3,0.2,3.2,5.1,8.7,4.8,0.2,7.1,1.1,9.2,1.2,1.5,1.2,9.0,2.9,0.4,4.7,0.7,2.2,2.2,2.1,1.7,0.8,0.3,1.0,0.5,0.1
2017-05-26 00:30:00+02:00,0.6,0.8,0.0,1.3,8.8,7.4,4.9,2.8,0.2,1.6,0.6,7.5,2.6,3.3,0.2,1.3,0.2,3.2,5.0,8.7,4.8,0.1,7.0,1.1,9.4,1.1,1.5,1.2,9.2,2.9,0.4,4.7,0.7,2.1,2.0,1.9,1.6,0.7,0.2,0.9,0.4,0.1
2017-05-26 00:31:00+02:00,0.6,0.8,0.0,1.3,8.8,7.5,5.4,3.3,0.2,1.5,0.6,7.6,3.0,3.7,0.2,1.1,0.2,3.6,5.5,8.7,5.3,0.2,7.2,1.0,9.1,1.1,1.5,1.1,9.0,3.3,0.3,5.2,0.7,2.1,2.0,1.9,1.6,0.7,0.2,0.9,0.4,0.1
2017-05-26 00:32:00+02:00,0.6,0.8,0.0,1.3,8.1,6.8,5.4,3.3,0.2,1.6,0.5,6.9,3.0,3.7,0.2,1.1,0.2,3.6,5.5,8.0,5.2,0.1,6.5,1.0,8.4,1.1,1.5,1.1,8.2,3.3,0.3,5.1,0.7,2.3,2.2,2.1,1.8,0.7,0.3,1.1,0.6,0.1
2017-05-26 00:33:00+02:00,0.6,0.8,0.0,1.3,6.5,5.2,3.8,1.4,0.2,1.5,0.5,5.3,1.2,1.9,0.2,1.1,0.2,1.8,3.9,6.4,3.6,0.1,4.9,0.9,6.8,1.1,1.6,1.1,6.6,1.5,0.3,3.4,0.7,2.3,2.2,2.1,1.8,0.8,0.3,1.0,0.6,0.2
2017-05-26 00:34:00+02:00,0.3,0.9,0.0,1.3,7.4,6.0,3.7,1.5,0.3,1.2,0.5,6.1,1.2,1.9,0.2,0.8,0.2,1.8,3.9,7.2,3.6,0.1,5.7,0.7,7.6,1.2,1.5,0.8,7.5,1.6,0.3,3.3,0.7,2.2,2.1,2.0,1.7,0.8,0.3,0.9,0.5,0.2
2017-05-26 00:35:00+02:00,0.2,0.9,0.0,1.2,5.3,3.8,2.9,0.8,0.2,0.9,0.5,3.9,0.6,1.2,0.3,0.6,0.2,1.1,3.0,5.1,2.8,0.1,3.5,0.4,5.5,1.2,1.4,0.5,5.3,0.9,0.3,2.6,0.7,2.2,2.1,2.0,1.7,0.8,0.3,0.9,0.5,0.2
2017-05-26 00:36:00+02:00,0.2,0.8,0.0,1.1,6.0,3.6,2.7,0.7,0.2,1.0,0.5,3.7,0.5,1.1,0.3,0.7,0.1,1.1,2.8,5.8,2.6,0.1,3.3,0.5,6.3,2.2,1.4,0.6,6.0,0.8,0.3,2.4,0.7,2.1,2.0,2.0,1.7,0.8,0.3,0.9,0.5,0.2
2017-05-26 00:37:00+02:00,0.2,0.9,0.0,1.1,5.8,3.4,2.6,0.6,0.2,1.0,0.4,3.6,0.5,1.0,0.2,0.7,0.1,1.0,2.7,5.7,2.5,0.1,3.1,0.4,6.2,2.1,1.4,0.6,5.8,0.7,0.3,2.3,0.7,2.1,2.0,2.0,1.7,0.8,0.3,0.9,0.5,0.2
2017-05-26 00:38:00+02:00,0.2,0.9,0.0,1.1,5.8,3.4,2.5,0.6,0.2,1.0,0.5,3.5,0.5,1.0,0.3,0.7,0.1,0.9,2.6,5.7,2.4,0.2,3.1,0.5,6.2,2.2,1.4,0.6,5.8,0.7,0.3,2.3,0.7,2.1,2.1,2.0,1.7,0.8,0.4,0.9,0.5,0.2
2017-05-26 00:39:00+02:00,0.2,1.3,0.0,1.6,7.6,5.2,4.1,1.9,0.7,1.5,0.5,5.4,1.8,2.3,0.3,0.8,0.1,2.2,4.2,7.5,4.0,0.1,4.9,0.6,8.0,2.2,1.8,0.7,7.7,2.0,0.3,3.9,1.2,2.1,2.1,2.0,1.7,0.8,0.4,0.9,0.5,0.2
2017-05-26 00:40:00+02:00,0.2,1.4,0.0,1.7,8.3,6.9,4.3,2.1,1.1,0.8,0.5,7.0,2.0,2.5,0.3,0.5,0.1,2.4,4.4,8.1,4.3,0.1,6.6,0.3,8.6,1.1,1.9,0.4,8.3,2.2,0.3,4.2,1.3,2.1,2.1,2.1,1.7,0.8,0.4,0.9,0.5,0.2
2017-05-26 00:41:00+02:00,0.2,0.8,0.0,1.1,7.8,6.9,5.0,3.2,0.4,0.8,0.5,7.0,3.1,3.5,0.3,0.5,0.1,3.5,5.1,7.6,4.9,0.1,6.6,0.3,8.1,0.6,1.3,0.4,7.8,3.2,0.3,4.8,0.7,1.9,1.9,1.8,1.5,0.6,0.4,0.9,0.5,0.2
2017-05-26 00:42:00+02:00,0.2,0.7,0.0,1.1,6.4,5.5,3.7,1.9,0.3,0.9,0.4,5.6,1.8,2.3,0.3,0.5,0.1,2.2,3.8,6.2,3.6,0.1,5.2,0.3,6.6,0.6,1.2,0.5,6.4,2.0,0.3,3.5,0.6,1.9,1.9,1.8,1.5,0.6,0.4,0.9,0.5,0.2
2017-05-26 00:43:00+02:00,0.2,0.6,0.0,1.0,6.5,5.5,3.6,1.9,0.2,1.0,0.5,5.7,1.8,2.3,0.3,0.6,0.1,2.2,3.7,6.3,3.6,0.1,5.1,0.3,6.7,0.6,1.1,0.5,6.5,2.0,0.3,3.4,0.5,1.8,1.8,1.8,1.4,0.6,0.4,0.9,0.5,0.2
2017-05-26 00:44:00+02:00,0.3,0.7,0.0,1.0,5.9,4.9,3.3,1.5,0.3,1.0,0.5,5.0,1.5,1.9,0.3,0.6,0.1,1.9,3.4,5.7,3.2,0.1,4.5,0.4,6.3,0.7,1.1,0.5,5.9,1.6,0.3,3.1,0.6,1.7,1.7,1.7,1.3,0.6,0.4,0.8,0.5,0.2
2017-05-26 00:45:00+02:00,0.3,0.8,0.0,1.1,4.3,3.2,2.5,0.6,0.4,1.0,0.6,3.3,0.5,1.0,0.3,0.6,0.1,0.9,2.6,4.0,2.4,0.1,2.8,0.4,4.8,0.7,1.2,0.6,4.3,0.7,0.3,2.2,0.7,1.6,1.6,1.5,1.2,0.5,0.4,0.7,0.5,0.1
2017-05-26 00:46:00+02:00,0.3,0.9,0.0,1.2,4.2,3.3,2.6,0.7,0.5,0.9,0.4,3.4,0.6,1.0,0.3,0.6,0.1,1.0,2.7,4.0,2.5,0.1,2.9,0.4,4.4,0.5,1.4,0.5,4.2,0.7,0.3,2.4,0.8,1.6,1.6,1.5,1.2,0.4,0.3,0.8,0.5,0.1
2017-05-26 00:47:00+02:00,0.3,0.8,0.0,1.1,5.5,4.4,2.8,0.8,0.4,0.9,0.4,4.6,0.6,1.2,0.3,0.6,0.1,1.1,2.9,5.2,2.7,0.1,4.1,0.4,5.8,0.6,1.3,0.5,5.6,0.9,0.3,2.5,0.7,1.7,1.6,1.5,1.3,0.4,0.3,0.9,0.5,0.1
2017-05-26 00:48:00+02:00,0.2,0.7,0.0,2.1,6.1,5.0,3.6,0.8,0.2,0.9,0.5,5.1,0.5,1.1,0.3,0.6,0.1,1.0,3.7,5.8,3.5,0.2,4.9,0.3,6.4,0.6,2.2,0.5,6.1,0.8,0.3,3.4,0.6,1.5,1.5,1.4,1.1,0.4,0.2,0.8,0.4,0.1
2017-05-26 00:49:00+02:00,0.5,0.6,0.0,1.3,4.6,3.3,3.0,0.9,0.1,1.2,0.5,3.6,0.5,1.3,0.3,0.8,0.1,1.2,3.1,4.2,2.9,0.2,3.2,0.6,4.9,0.6,1.5,0.8,4.6,1.0,0.3,2.8,0.5,1.4,1.4,1.3,1.1,0.3,0.2,0.7,0.2,0.1
2017-05-26 00:50:00+02:00,0.7,0.6,0.0,1.0,5.4,4.2,3.4,1.6,0.1,1.4,0.4,4.5,0.8,2.0,0.2,1.1,0.1,1.9,3.5,5.1,3.3,0.1,3.6,0.8,5.7,0.6,1.2,1.1,5.4,1.6,0.2,3.2,0.5,1.5,1.5,1.5,1.2,0.3,0.2,0.9,0.2,0.1
2017-05-26 00:51:00+02:00,0.7,0.6,0.0,1.0,4.5,3.5,2.7,0.9,0.1,1.5,0.4,3.7,0.5,1.3,0.2,1.1,0.1,1.2,2.8,4.2,2.6,0.1,3.4,0.8,4.8,0.5,1.2,1.1,4.5,0.9,0.2,2.4,0.5,1.7,1.7,1.6,1.1,0.3,0.2,0.9,0.2,0.1
2017-05-26 00:52:00+02:00,0.7,0.7,0.0,1.0,5.0,4.1,2.6,0.7,0.2,1.4,0.4,4.2,0.5,1.1,0.2,1.1,0.1,1.0,2.7,4.8,2.5,0.1,4.0,0.9,5.3,0.6,1.2,1.1,5.1,0.8,0.2,2.3,0.5,1.6,1.5,1.5,1.1,0.3,0.2,0.8,0.2,0.1
2017-05-26 00:53:00+02:00,0.7,0.6,0.0,1.0,4.5,3.6,2.6,0.7,0.2,1.4,0.4,3.7,0.5,1.1,0.2,1.1,0.1,1.1,2.7,4.2,2.5,0.1,3.4,0.9,4.8,0.5,1.1,1.1,4.6,0.8,0.2,2.3,0.5,1.8,1.8,1.7,1.1,0.3,0.2,0.9,0.2,0.2
2017-05-26 00:54:00+02:00,0.7,0.6,0.0,1.0,4.0,3.1,2.6,0.6,0.2,1.8,0.4,3.2,0.5,1.1,0.2,1.5,0.1,1.0,2.7,3.7,2.5,0.1,2.9,1.2,4.3,0.5,1.1,1.4,4.1,0.8,0.2,2.2,0.5,1.8,1.8,1.8,1.2,0.3,0.2,0.9,0.3,0.3
2017-05-26 00:55:00+02:00,0.9,0.5,0.0,0.9,4.1,3.1,2.5,0.7,0.2,3.5,0.4,3.3,0.5,1.1,0.2,3.2,0.1,1.1,2.7,3.9,2.4,0.1,3.0,2.9,4.4,0.6,1.1,3.1,4.1,0.8,0.2,2.2,0.4,1.8,1.7,1.7,1.3,0.3,0.2,1.0,0.4,0.3
2017-05-26 00:56:00+02:00,1.2,0.5,0.0,0.8,4.4,3.4,2.6,0.7,0.2,3.9,0.4,3.6,0.5,1.2,0.2,3.5,0.1,1.1,2.9,4.2,2.5,0.1,3.3,3.3,4.7,0.7,1.1,3.5,4.5,0.8,0.2,2.3,0.4,2.1,2.1,2.1,1.3,0.3,0.2,1.0,0.3,0.2
2017-05-26 00:57:00+02:00,1.2,0.5,0.0,0.8,4.3,3.3,2.5,0.7,0.2,2.5,0.4,3.5,0.5,1.2,0.2,2.1,0.1,1.1,2.7,4.2,2.4,0.1,3.1,1.9,4.6,0.7,1.1,2.1,4.4,0.8,0.2,2.3,0.3,1.5,1.5,1.5,1.1,0.3,0.2,0.8,0.3,0.2
2017-05-26 00:58:00+02:00,0.9,0.4,0.0,0.7,4.3,3.3,2.5,0.7,0.1,1.6,0.3,3.5,0.5,1.2,0.2,1.3,0.1,1.1,2.7,4.1,2.3,0.1,3.1,1.0,4.5,0.6,1.0,1.2,4.3,0.8,0.2,2.2,0.3,1.5,1.4,1.4,1.1,0.3,0.1,0.8,0.3,0.2
2017-05-26 00:59:00+02:00,0.7,0.4,0.0,0.8,4.2,3.4,2.7,0.7,0.1,1.4,0.3,3.5,0.5,1.3,0.2,1.1,0.1,1.2,2.9,4.1,2.5,0.1,3.2,0.8,4.5,0.6,1.0,1.0,4.3,0.8,0.2,2.3,0.3,1.0,1.0,0.9,0.7,0.2,0.1,0.5,0.2,0.1
2017-05-26 01:00:00+02:00,0.7,0.4,0.0,0.8,4.0,3.1,2.5,0.6,0.1,1.5,0.4,3.3,0.5,1.2,0.2,1.1,0.1,1.1,2.6,3.9,2.4,0.1,3.0,0.8,4.2,0.7,1.0,1.0,4.0,0.7,0.3,2.3,0.3,1.6,1.6,1.5,1.2,0.8,0.7,0.4,0.2,0.1
2017-05-26 01:01:00+02:00,0.4,0.5,0.0,0.8,4.3,3.4,2.6,0.9,0.2,2.0,0.6,3.5,0.8,1.3,0.2,1.6,0.2,1.3,2.7,4.2,2.4,0.1,3.4,1.3,4.6,0.7,1.0,1.5,4.4,1.0,0.3,2.3,0.3,1.5,1.4,1.3,1.2,0.6,0.3,0.7,0.3,0.2
2017-05-26 01:02:00+02:00,0.7,0.5,0.0,0.8,4.5,3.5,2.7,0.9,0.1,3.0,0.7,3.6,0.8,1.3,0.2,2.6,0.2,1.3,2.8,4.4,2.4,0.1,3.4,2.3,4.8,0.8,1.0,2.6,4.6,1.0,0.3,2.3,0.3,1.5,1.4,1.3,1.2,0.6,0.4,0.7,0.3,0.2
2017-05-26 01:03:00+02:00,0.7,0.6,0.0,0.9,5.0,3.9,3.1,0.9,0.1,2.0,0.8,4.0,0.8,1.3,0.2,1.6,0.2,1.3,3.1,4.9,2.5,0.1,3.8,1.3,5.3,0.9,1.1,1.5,5.1,1.0,0.3,2.4,0.5,1.5,1.5,1.4,1.2,0.6,0.4,0.7,0.3,0.2
2017-05-26 01:04:00+02:00,0.7,1.2,0.0,1.5,5.0,4.1,3.2,0.9,0.1,2.0,0.6,4.2,0.8,1.3,0.2,1.6,0.2,1.3,3.2,4.9,2.9,0.1,3.9,1.3,5.3,0.7,1.6,1.6,5.1,1.0,0.4,2.8,1.1,1.7,1.7,1.7,1.2,0.6,0.4,0.7,0.3,0.2
2017-05-26 01:05:00+02:00,0.8,0.8,0.0,1.0,4.7,3.8,2.9,0.9,0.1,2.0,0.5,4.0,0.8,1.3,0.2,1.6,0.2,1.3,2.9,4.6,2.6,0.1,3.6,1.4,5.0,0.6,1.2,1.6,4.8,1.0,0.4,2.4,0.7,1.7,1.7,1.6,1.2,0.5,0.3,0.7,0.3,0.2
2017-05-26 01:06:00+02:00,0.8,0.4,0.1,0.7,4.6,3.4,2.5,0.7,0.2,2.0,0.6,3.9,0.6,1.1,0.2,1.7,0.1,1.1,2.6,4.5,2.1,0.1,3.3,1.4,4.9,0.7,0.9,1.6,4.7,0.8,0.4,2.0,0.3,1.6,1.6,1.5,1.1,0.5,0.3,0.6,0.2,0.1
2017-05-26 01:07:00+02:00,0.8,0.5,0.1,0.7,4.3,3.3,2.4,0.7,0.2,1.9,0.5,3.5,0.5,1.1,0.2,1.6,0.1,1.0,2.5,4.2,2.1,0.1,3.2,1.4,4.5,0.7,0.9,1.6,4.3,0.7,0.4,1.9,0.3,1.5,1.5,1.5,1.0,0.4,0.3,0.6,0.2,0.1
2017-05-26 01:08:00+02:00,0.8,0.5,0.0,0.8,4.2,3.4,2.4,0.6,0.3,2.1,0.3,3.6,0.5,1.0,0.2,1.6,0.0,1.0,2.5,4.1,2.3,0.1,3.3,1.4,4.6,0.5,1.1,1.6,4.3,0.7,0.2,2.1,0.4,1.5,1.5,1.5,1.0,0.4,0.3,0.6,0.2,0.1
2017-05-26 01:09:00+02:00,0.9,0.8,0.0,1.1,4.2,3.4,2.5,0.6,0.3,2.2,0.3,3.6,0.5,1.0,0.2,1.7,0.0,1.0,2.6,4.1,2.5,0.1,3.3,1.4,4.7,0.5,1.4,1.6,4.3,0.7,0.2,2.3,0.7,1.5,1.5,1.4,1.0,0.4,0.3,0.6,0.2,0.1
2017-05-26 01:10:00+02:00,1.0,1.4,0.0,1.6,4.6,3.8,2.9,0.6,0.3,2.2,0.3,4.1,0.5,1.0,0.2,1.8,0.0,1.0,3.0,4.5,2.9,0.1,3.7,1.5,5.0,0.5,1.8,1.8,4.7,0.7,0.2,2.7,1.2,1.4,1.4,1.4,0.9,0.3,0.2,0.6,0.2,0.1
2017-05-26 01:11:00+02:00,1.0,0.9,0.0,1.2,4.3,3.5,2.6,0.6,0.3,2.0,0.3,3.7,0.5,1.0,0.2,1.8,0.0,1.0,2.7,4.2,2.5,0.1,3.4,1.5,4.8,0.5,1.4,1.7,4.4,0.7,0.3,2.4,0.8,1.5,1.5,1.4,1.0,0.3,0.2,0.7,0.3,0.2
2017-05-26 01:12:00+02:00,1.0,0.8,0.0,1.0,4.2,3.4,2.5,0.6,0.3,2.0,0.3,3.6,0.5,1.0,0.2,1.7,0.0,1.0,2.6,4.1,2.4,0.1,3.3,1.4,4.6,0.5,1.3,1.7,4.3,0.7,0.3,2.3,0.6,1.5,1.5,1.4,1.0,0.3,0.3,0.7,0.3,0.2
2017-05-26 01:13:00+02:00,0.9,1.2,0.0,1.4,4.7,4.0,2.8,0.6,0.3,1.9,0.3,4.2,0.5,1.0,0.2,1.6,0.0,0.9,2.9,4.6,2.7,0.1,3.9,1.3,5.2,0.4,1.7,1.6,4.8,0.7,0.3,2.5,1.1,1.4,1.4,1.3,0.9,0.3,0.3,0.7,0.3,0.2
2017-05-26 01:14:00+02:00,0.9,0.7,0.0,1.0,3.9,3.2,2.4,0.6,0.2,1.9,0.4,3.4,0.5,1.0,0.2,1.6,0.0,0.9,2.5,3.8,2.3,0.1,3.1,1.3,4.3,0.5,1.2,1.5,4.0,0.7,0.3,2.1,0.6,1.4,1.4,1.3,0.9,0.4,0.3,0.6,0.3,0.2
2017-05-26 01:15:00+02:00,1.0,0.4,0.0,0.7,3.4,2.6,2.2,0.6,0.2,1.9,0.4,2.8,0.5,1.0,0.2,1.7,0.0,0.9,2.3,3.3,2.1,0.1,2.5,1.4,3.7,0.5,1.0,1.6,3.5,0.7,0.3,1.9,0.3,1.2,1.2,1.1,0.7,0.4,0.3,0.4,0.2,0.1
2017-05-26 01:16:00+02:00,0.6,0.4,0.0,0.7,3.4,2.5,2.3,0.6,0.2,1.7,0.5,2.7,0.5,1.0,0.2,1.4,0.0,1.0,2.4,3.3,2.1,0.1,2.5,1.0,3.7,0.6,1.0,1.3,3.5,0.7,0.4,2.0,0.3,1.3,1.3,1.2,0.8,0.4,0.3,0.5,0.2,0.0
2017-05-26 01:17:00+02:00,0.2,0.5,0.0,0.8,4.6,3.7,3.4,1.7,0.2,1.3,0.6,3.8,1.6,2.1,0.2,1.0,0.1,2.0,3.5,4.5,3.3,0.1,3.6,0.6,4.9,0.7,1.0,0.9,4.7,1.8,0.4,3.1,0.3,1.3,1.3,1.2,0.8,0.4,0.3,0.5,0.2,0.0
2017-05-26 01:18:00+02:00,0.2,0.6,0.0,0.9,4.1,3.2,2.9,1.1,0.3,1.3,0.6,3.3,1.0,1.5,0.2,0.9,0.1,1.4,3.0,4.0,2.7,0.1,3.1,0.6,4.4,0.7,1.1,0.9,4.2,1.1,0.4,2.5,0.4,1.2,1.2,1.1,0.8,0.3,0.3,0.5,0.2,0.0
2017-05-26 01:19:00+02:00,0.2,1.5,0.0,1.8,4.5,3.7,3.4,0.6,0.2,1.3,0.5,3.8,0.5,1.0,0.2,0.9,0.1,0.9,3.5,4.4,3.2,0.1,3.6,0.6,4.9,0.7,2.0,0.9,4.6,0.7,0.4,3.0,1.4,1.1,1.1,1.0,0.7,0.3,0.2,0.5,0.2,0.0
2017-05-26 01:20:00+02:00,0.2,1.6,0.0,1.8,4.5,3.6,3.4,0.6,0.2,1.1,0.5,3.8,0.5,1.0,0.2,0.8,0.1,0.9,3.4,4.4,3.1,0.1,3.6,0.6,4.8,0.6,2.1,0.8,4.6,0.7,0.4,3.1,1.4,1.1,1.1,1.0,0.7,0.3,0.2,0.5,0.2,0.0
2017-05-26 01:21:00+02:00,0.2,1.1,0.0,1.4,4.0,3.2,2.9,0.6,0.2,1.0,0.5,3.3,0.5,1.0,0.2,0.7,0.1,0.9,3.0,3.9,2.7,0.1,3.1,0.6,4.3,0.6,1.6,0.7,4.1,0.7,0.3,2.6,0.9,1.1,1.1,1.0,0.8,0.3,0.2,0.5,0.2,0.1
2017-05-26 01:22:00+02:00,0.2,0.7,0.0,1.0,3.6,2.8,2.5,0.7,0.2,1.1,0.5,2.9,0.5,1.1,0.2,0.7,0.1,1.0,2.6,3.5,2.3,0.1,2.8,0.6,4.0,0.6,1.2,0.7,3.7,0.7,0.3,2.2,0.4,1.0,1.0,1.0,0.7,0.3,0.2,0.4,0.2,0.1
2017-05-26 01:23:00+02:00,0.2,0.6,0.0,0.9,3.4,2.6,2.3,0.7,0.2,1.3,0.5,2.7,0.6,1.1,0.2,1.0,0.2,1.0,2.4,3.3,2.3,0.1,2.6,0.8,3.9,0.6,1.1,0.9,3.5,0.8,0.3,2.2,0.4,1.1,1.0,1.0,0.7,0.3,0.3,0.4,0.2,0.1
2017-05-26 01:24:00+02:00,0.2,0.7,0.0,1.0,3.4,2.7,2.3,0.7,0.3,1.3,0.5,2.7,0.6,1.1,0.2,0.9,0.2,1.0,2.5,3.3,2.3,0.1,2.6,0.7,3.8,0.6,1.2,0.8,3.5,0.8,0.3,2.3,0.4,1.1,1.0,1.0,0.7,0.3,0.3,0.4,0.2,0.1
2017-05-26 01:25:00+02:00,0.2,0.7,0.0,1.0,3.5,2.7,2.4,0.7,0.3,1.6,0.5,2.8,0.6,1.2,0.2,1.1,0.2,1.1,2.5,3.4,2.4,0.1,2.7,0.9,3.9,0.6,1.2,1.0,3.6,0.8,0.3,2.3,0.5,1.2,1.1,1.1,0.7,0.3,0.3,0.3,0.2,0.1
2017-05-26 01:26:00+02:00,0.2,0.7,0.0,1.0,3.7,2.9,2.6,0.8,0.3,1.3,0.5,2.9,0.6,1.3,0.2,1.0,0.2,1.1,2.7,3.6,2.5,0.1,2.8,0.8,4.1,0.6,1.2,0.9,3.8,0.9,0.3,2.4,0.5,1.2,1.2,1.1,0.7,0.3,0.3,0.4,0.2,0.1
2017-05-26 01:27:00+02:00,0.2,0.7,0.0,1.0,3.5,2.7,2.4,0.7,0.3,1.1,0.5,2.8,0.5,1.1,0.2,0.9,0.1,1.0,2.5,3.4,2.4,0.1,2.6,0.7,3.8,0.6,1.2,0.8,3.5,0.8,0.3,2.3,0.5,1.1,1.1,1.0,0.7,0.3,0.2,0.4,0.2,0.1
2017-05-26 01:28:00+02:00,0.2,0.7,0.0,1.0,3.6,2.9,2.4,0.7,0.3,1.1,0.5,3.0,0.5,1.1,0.2,0.8,0.1,1.0,2.4,3.5,2.3,0.1,2.8,0.7,3.8,0.6,1.2,0.8,3.7,0.8,0.3,2.2,0.5,1.0,1.0,1.0,0.7,0.2,0.2,0.4,0.2,0.1
2017-05-26 01:29:00+02:00,0.2,0.7,0.0,1.0,3.7,3.1,2.4,0.6,0.3,1.1,0.5,3.1,0.5,1.1,0.2,0.9,0.1,1.0,2.4,3.7,2.4,0.1,3.0,0.7,4.0,0.6,1.2,0.8,3.8,0.7,0.3,2.3,0.4,1.0,1.0,1.0,0.7,0.2,0.2,0.4,0.2,0.1
2017-05-26 01:30:00+02:00,0.3,0.6,0.0,0.9,3.3,2.7,2.3,0.6,0.3,1.3,0.5,2.7,0.5,1.0,0.2,1.1,0.1,0.9,2.4,3.3,2.3,0.1,2.6,0.9,3.5,0.6,1.2,1.0,3.4,0.7,0.3,2.2,0.4,1.0,1.0,0.9,0.6,0.3,0.2,0.4,0.2,0.1
2017-05-26 01:31:00+02:00,0.2,0.6,0.0,0.9,3.2,2.5,2.2,0.6,0.3,0.9,0.5,2.5,0.5,1.0,0.2,0.7,0.1,0.9,2.3,3.1,2.2,0.1,2.4,0.5,3.4,0.6,1.1,0.7,3.2,0.7,0.3,2.1,0.4,1.0,1.0,0.9,0.6,0.3,0.2,0.4,0.2,0.1
2017-05-26 01:32:00+02:00,0.2,0.6,0.0,0.9,3.1,2.4,2.2,0.6,0.3,0.7,0.4,2.5,0.5,1.0,0.2,0.5,0.1,0.9,2.3,3.0,2.2,0.1,2.4,0.3,3.4,0.6,1.1,0.4,3.2,0.7,0.3,2.1,0.4,1.0,1.0,0.9,0.6,0.3,0.2,0.4,0.2,0.1
2017-05-26 01:33:00+02:00,0.1,0.6,0.0,0.8,3.1,2.4,2.2,0.6,0.3,0.6,0.5,2.5,0.5,1.0,0.2,0.4,0.1,0.9,2.2,3.0,2.1,0.1,2.4,0.2,3.4,0.6,1.1,0.4,3.2,0.7,0.3,2.0,0.4,1.2,1.1,1.0,0.7,0.3,0.2,0.5,0.2,0.1
2017-05-26 01:34:00+02:00,0.1,0.6,0.0,0.8,3.1,2.4,2.2,0.6,0.3,0.6,0.5,2.5,0.5,1.0,0.2,0.4,0.1,0.9,2.2,3.1,2.1,0.1,2.4,0.2,3.4,0.6,1.1,0.3,3.2,0.7,0.3,2.0,0.5,1.0,0.9,0.9,0.6,0.2,0.1,0.4,0.2,0.1
2017-05-26 01:35:00+02:00,0.1,0.6,0.0,0.9,3.1,2.5,2.1,0.6,0.3,0.6,0.5,2.5,0.5,1.0,0.2,0.4,0.1,0.9,2.3,3.1,2.1,0.1,2.4,0.2,3.4,0.6,1.1,0.3,3.2,0.7,0.3,2.0,0.5,0.9,0.9,0.8,0.5,0.2,0.1,0.3,0.2,0.1
2017-05-26 01:36:00+02:00,0.1,0.7,0.0,1.0,3.6,2.9,2.6,0.7,0.3,0.6,0.4,3.0,0.5,1.0,0.2,0.4,0.1,1.0,2.7,3.5,2.6,0.1,2.9,0.2,3.9,0.5,1.5,0.4,3.7,0.8,0.3,2.5,0.6,0.9,0.8,0.8,0.5,0.2,0.1,0.4,0.2,0.1
2017-05-26 01:37:00+02:00,0.1,0.7,0.0,0.9,3.6,3.0,2.7,0.8,0.2,0.6,0.5,3.1,0.5,1.1,0.2,0.4,0.1,1.0,2.8,3.6,2.7,0.1,2.9,0.2,3.9,0.6,1.6,0.3,3.7,0.8,0.3,2.6,0.5,1.0,0.9,0.8,0.6,0.2,0.1,0.4,0.2,0.1
2017-05-26 01:38:00+02:00,0.2,0.7,0.0,1.0,3.1,2.5,2.3,0.7,0.2,0.7,0.4,2.6,0.4,1.0,0.2,0.4,0.1,0.9,2.3,3.1,2.2,0.1,2.5,0.3,3.4,0.5,1.1,0.4,3.2,0.8,0.3,2.2,0.5,1.0,1.0,0.8,0.6,0.2,0.1,0.4,0.2,0.1
2017-05-26 01:39:00+02:00,0.2,0.6,0.0,0.9,3.0,2.4,2.2,0.7,0.2,0.7,0.5,2.4,0.4,1.0,0.2,0.5,0.1,0.9,2.2,3.0,2.1,0.1,2.3,0.3,3.3,0.5,1.1,0.4,3.1,0.7,0.3,2.1,0.5,1.0,0.9,0.8,0.5,0.2,0.1,0.4,0.2,0.1
2017-05-26 01:40:00+02:00,0.2,0.5,0.0,0.8,3.3,2.7,2.5,1.1,0.2,0.7,0.5,2.7,0.8,1.4,0.2,0.5,0.1,1.3,2.5,3.2,2.4,0.1,2.6,0.3,3.7,0.5,1.0,0.4,3.5,1.1,0.3,2.4,0.5,1.0,1.0,0.8,0.6,0.3,0.2,0.3,0.1,0.1
2017-05-26 01:41:00+02:00,0.2,0.5,0.0,0.8,3.5,2.9,2.6,1.2,0.2,0.8,0.4,2.9,0.9,1.5,0.2,0.6,0.1,1.5,2.7,3.4,2.6,0.1,2.8,0.3,3.9,0.5,1.0,0.5,3.7,1.3,0.3,2.5,0.5,0.9,0.9,0.7,0.5,0.2,0.1,0.3,0.1,0.1
2017-05-26 01:42:00+02:00,0.2,0.5,0.0,0.8,3.6,3.0,2.7,1.2,0.2,0.8,0.4,3.1,0.9,1.6,0.2,0.6,0.1,1.5,2.8,3.6,2.7,0.1,3.0,0.3,4.1,0.5,1.0,0.5,3.9,1.2,0.3,2.6,0.5,0.9,0.9,0.7,0.4,0.2,0.1,0.3,0.1,0.1
2017-05-26 01:43:00+02:00,0.2,0.5,0.0,0.8,3.7,2.9,2.7,1.2,0.3,0.7,0.5,3.0,0.9,1.6,0.3,0.5,0.1,1.5,2.8,3.6,2.6,0.2,2.9,0.3,4.2,0.7,1.0,0.5,4.0,1.2,0.3,2.5,0.4,0.9,0.8,0.7,0.4,0.2,0.1,0.3,0.1,0.1
2017-05-26 01:44:00+02:00,0.1,0.4,0.0,0.7,3.3,2.5,2.2,0.8,0.3,0.7,0.5,2.6,0.6,1.2,0.3,0.5,0.1,1.1,2.3,3.2,2.2,0.2,2.5,0.3,3.7,0.6,0.9,0.4,3.5,0.9,0.3,2.1,0.4,1.2,1.2,1.0,0.8,0.2,0.1,0.6,0.1,0.1
2017-05-26 01:45:00+02:00,0.1,0.4,0.0,0.7,3.3,2.5,2.2,0.8,0.3,0.6,0.5,2.6,0.6,1.2,0.3,0.5,0.1,1.1,2.3,3.2,2.1,0.2,2.5,0.3,3.8,0.7,0.9,0.4,3.6,0.8,0.3,2.1,0.4,1.1,1.0,0.9,0.7,0.2,0.1,0.5,0.2,0.1
2017-05-26 01:46:00+02:00,0.1,0.4,0.0,0.7,3.2,2.4,2.1,0.8,0.3,0.6,0.5,2.4,0.6,1.1,0.3,0.5,0.1,1.0,2.2,3.1,2.0,0.2,2.3,0.3,3.6,0.6,0.8,0.4,3.4,0.8,0.3,2.0,0.3,0.9,0.9,0.8,0.5,0.2,0.1,0.3,0.2,0.1
2017-05-26 01:47:00+02:00,0.1,0.4,0.0,0.7,3.1,2.3,2.0,0.8,0.3,0.7,0.5,2.4,0.6,1.1,0.3,0.5,0.1,1.0,2.1,3.0,2.0,0.2,2.3,0.3,3.4,0.6,0.8,0.5,3.2,0.8,0.3,1.9,0.3,0.9,0.9,0.8,0.6,0.2,0.1,0.4,0.2,0.1
2017-05-26 01:48:00+02:00,0.1,0.4,0.0,0.7,3.0,2.3,2.0,0.8,0.3,0.8,0.4,2.3,0.6,1.0,0.2,0.6,0.1,1.0,2.0,2.8,1.9,0.1,2.2,0.4,3.3,0.5,0.8,0.5,3.1,0.8,0.3,1.9,0.3,0.9,0.9,0.8,0.6,0.3,0.1,0.3,0.2,0.1
2017-05-26 01:49:00+02:00,0.1,0.5,0.0,0.8,3.1,2.4,2.1,0.8,0.3,0.9,0.5,2.4,0.6,1.0,0.2,0.7,0.1,0.9,2.1,3.0,2.0,0.1,2.3,0.4,3.4,0.5,1.0,0.6,3.2,0.8,0.3,2.0,0.3,0.8,0.7,0.7,0.6,0.3,0.1,0.4,0.3,0.1
2017-05-26 01:50:00+02:00,0.1,0.5,0.0,0.8,3.1,2.4,2.1,0.8,0.3,0.8,0.5,2.4,0.6,1.0,0.2,0.6,0.1,0.9,2.1,3.0,2.0,0.1,2.3,0.3,3.3,0.5,1.0,0.5,3.2,0.8,0.3,2.0,0.3,0.8,0.8,0.7,0.7,0.3,0.3,0.3,0.2,0.1
2017-05-26 01:51:00+02:00,0.1,0.5,0.0,0.8,3.1,2.3,2.0,0.8,0.3,0.8,0.5,2.5,0.6,1.0,0.2,0.5,0.1,1.0,2.1,3.0,2.0,0.1,2.3,0.3,3.4,0.5,0.9,0.4,3.2,0.8,0.3,1.9,0.3,0.8,0.8,0.8,0.7,0.4,0.3,0.3,0.2,0.2
2017-05-26 01:52:00+02:00,0.1,0.5,0.0,0.8,3.0,2.3,2.1,0.8,0.3,0.7,0.5,2.4,0.6,1.1,0.2,0.5,0.1,1.0,2.1,2.9,2.0,0.1,2.3,0.2,3.3,0.5,0.9,0.4,3.2,0.9,0.3,2.0,0.3,0.9,0.8,0.8,0.7,0.4,0.3,0.4,0.2,0.2
2017-05-26 01:53:00+02:00,0.1,0.5,0.0,0.7,3.1,2.3,2.1,0.8,0.3,0.6,0.5,2.4,0.6,1.1,0.3,0.4,0.2,1.0,2.1,2.9,2.0,0.2,2.3,0.2,3.4,0.5,0.9,0.3,3.2,0.9,0.3,1.9,0.3,0.9,0.8,0.8,0.7,0.4,0.3,0.4,0.2,0.2
2017-05-26 01:54:00+02:00,0.1,0.5,0.0,0.7,3.1,2.3,2.1,0.8,0.3,0.6,0.5,2.4,0.6,1.1,0.2,0.4,0.2,1.0,2.1,2.9,2.0,0.1,2.3,0.1,3.5,0.5,0.8,0.3,3.4,0.9,0.3,1.9,0.3,0.9,0.8,0.8,0.7,0.4,0.3,0.3,0.2,0.2
2017-05-26 01:55:00+02:00,0.1,0.5,0.0,0.7,3.1,2.3,2.1,0.8,0.3,0.5,0.5,2.4,0.6,1.1,0.2,0.3,0.2,1.0,2.1,2.9,1.9,0.1,2.2,0.1,3.9,0.5,0.8,0.3,3.8,0.8,0.3,1.9,0.3,0.9,0.8,0.8,0.6,0.2,0.1,0.4,0.3,0.2
2017-05-26 01:56:00+02:00,0.1,0.5,0.0,0.8,3.0,2.2,2.0,0.7,0.3,0.5,0.5,2.3,0.6,1.0,0.2,0.3,0.1,0.9,2.0,2.8,1.9,0.1,2.2,0.1,3.9,0.5,0.9,0.2,3.8,0.8,0.3,1.9,0.4,0.9,0.8,0.8,0.6,0.2,0.1,0.4,0.3,0.2
2017-05-26 01:57:00+02:00,0.2,0.5,0.0,0.8,3.0,2.2,2.0,0.7,0.3,0.5,0.5,2.3,0.5,1.0,0.2,0.3,0.0,0.9,2.1,2.8,1.9,0.1,2.2,0.2,3.9,0.5,0.9,0.3,3.7,0.7,0.3,1.9,0.4,0.8,0.8,0.7,0.5,0.2,0.2,0.3,0.2,0.2
2017-05-26 01:58:00+02:00,0.2,0.5,0.0,0.9,3.0,2.2,2.0,0.7,0.3,0.5,0.5,2.3,0.5,1.0,0.2,0.3,0.0,0.9,2.1,2.8,1.9,0.1,2.2,0.2,3.9,0.5,0.9,0.3,3.7,0.7,0.3,1.9,0.4,0.9,0.9,0.8,0.6,0.3,0.2,0.3,0.2,0.2
2017-05-26 01:59:00+02:00,0.2,0.5,0.0,0.9,2.9,2.1,1.9,0.5,0.3,0.5,0.5,2.2,0.4,0.8,0.2,0.3,0.0,0.7,1.9,2.7,1.8,0.1,2.1,0.2,3.8,0.6,1.0,0.3,3.6,0.5,0.3,1.7,0.4,0.9,0.9,0.8,0.6,0.3,0.3,0.3,0.2,0.1
2017-05-26 02:00:00+02:00,0.2,0.6,0.0,0.9,3.0,2.2,1.9,0.4,0.3,0.6,0.5,2.3,0.3,0.7,0.2,0.3,0.0,0.6,1.9,2.8,1.8,0.1,2.1,0.2,3.8,0.6,1.1,0.3,3.7,0.5,0.3,1.8,0.5,1.0,1.0,0.9,0.8,0.4,0.3,0.4,0.2,0.1
2017-05-26 02:01:00+02:00,0.2,0.7,0.0,1.0,3.1,2.3,2.0,0.4,0.3,0.6,0.5,2.3,0.2,0.6,0.2,0.4,0.0,0.5,2.0,2.9,1.9,0.1,2.2,0.2,4.0,0.6,1.2,0.4,3.8,0.4,0.3,1.9,0.5,1.0,0.9,0.9,0.7,0.4,0.3,0.4,0.2,0.1
2017-05-26 02:02:00+02:00,0.2,0.7,0.0,1.0,3.1,2.3,2.0,0.4,0.3,0.7,0.5,2.4,0.2,0.6,0.2,0.4,0.0,0.5,2.0,2.9,1.9,0.1,2.2,0.3,3.9,0.6,1.2,0.4,3.8,0.4,0.3,1.8,0.5,1.0,1.0,1.0,0.8,0.4,0.3,0.4,0.2,0.1
2017-05-26 02:03:00+02:00,0.2,0.6,0.0,0.9,3.0,2.2,1.9,0.4,0.3,0.6,0.5,2.3,0.2,0.6,0.2,0.4,0.0,0.6,1.9,2.8,1.8,0.1,2.1,0.3,3.9,0.6,1.1,0.4,3.8,0.4,0.3,1.7,0.4,0.7,0.7,0.7,0.6,0.3,0.1,0.3,0.2,0.1
2017-05-26 02:04:00+02:00,0.2,0.6,0.0,0.9,3.5,2.7,2.5,0.8,0.3,0.5,0.5,2.8,0.7,1.1,0.2,0.4,0.0,1.1,2.5,3.3,2.3,0.1,2.7,0.3,4.6,0.5,1.1,0.4,4.4,0.9,0.3,2.2,0.4,0.7,0.7,0.7,0.6,0.3,0.1,0.4,0.2,0.1
2017-05-26 02:05:00+02:00,0.2,0.6,0.0,0.9,3.2,2.4,2.2,0.5,0.3,0.6,0.4,2.5,0.3,0.8,0.2,0.4,0.0,0.7,2.2,3.0,1.9,0.1,2.4,0.3,3.9,0.5,1.1,0.4,3.8,0.5,0.3,1.9,0.4,0.7,0.7,0.6,0.6,0.3,0.1,0.3,0.2,0.1
2017-05-26 02:06:00+02:00,0.1,0.6,0.0,0.9,3.1,2.3,2.1,0.4,0.3,0.5,0.5,2.4,0.2,0.7,0.2,0.4,0.0,0.6,2.1,2.9,1.9,0.1,2.3,0.3,3.8,0.5,1.1,0.4,3.7,0.5,0.3,1.8,0.4,0.8,0.8,0.7,0.6,0.2,0.1,0.4,0.3,0.2
2017-05-26 02:07:00+02:00,0.1,0.6,0.0,0.9,3.1,2.3,2.1,0.4,0.3,0.5,0.5,2.5,0.3,0.8,0.2,0.4,0.1,0.7,2.2,3.0,1.9,0.1,2.3,0.3,3.9,0.5,1.2,0.4,3.7,0.5,0.3,1.9,0.4,0.8,0.8,0.7,0.7,0.2,0.1,0.5,0.4,0.3
2017-05-26 02:08:00+02:00,0.1,0.5,0.0,0.7,2.8,2.0,1.8,0.4,0.2,0.5,0.5,2.1,0.3,0.8,0.2,0.4,0.1,0.7,1.8,2.7,1.7,0.1,2.0,0.3,3.6,0.5,1.0,0.3,3.4,0.5,0.3,1.7,0.3,1.0,1.0,0.9,0.8,0.4,0.1,0.4,0.3,0.2
2017-05-26 02:09:00+02:00,0.1,0.5,0.0,0.7,2.8,1.9,1.8,0.4,0.2,0.6,0.5,2.1,0.3,0.7,0.2,0.4,0.1,0.7,1.8,2.7,1.7,0.1,1.9,0.3,3.5,0.6,1.0,0.3,3.3,0.5,0.3,1.7,0.3,0.7,0.7,0.6,0.5,0.2,0.1,0.3,0.2,0.1
2017-05-26 02:10:00+02:00,0.1,0.5,0.0,0.7,3.1,2.3,2.2,0.8,0.2,0.7,0.5,2.5,0.7,1.2,0.2,0.5,0.1,1.1,2.2,3.0,2.1,0.1,2.3,0.2,3.4,0.5,1.0,0.5,3.3,0.9,0.3,2.1,0.3,0.7,0.6,0.6,0.5,0.3,0.2,0.3,0.2,0.1
2017-05-26 02:11:00+02:00,0.1,0.5,0.0,0.8,3.3,2.5,2.4,1.0,0.2,0.9,0.5,2.7,0.9,1.3,0.2,0.6,0.1,1.2,2.4,3.2,2.4,0.1,2.5,0.3,3.6,0.5,1.1,0.5,3.5,1.1,0.3,2.3,0.3,0.7,0.7,0.6,0.6,0.3,0.2,0.3,0.2,0.1
2017-05-26 02:12:00+02:00,0.1,0.5,0.0,0.8,3.4,2.6,2.5,1.0,0.2,1.2,0.5,2.8,0.9,1.3,0.2,0.9,0.1,1.2,2.5,3.3,2.5,0.1,2.6,0.3,3.7,0.6,1.1,0.9,3.6,1.1,0.3,2.4,0.3,0.7,0.6,0.6,0.5,0.3,0.2,0.3,0.2,0.1
2017-05-26 02:13:00+02:00,0.1,0.5,0.0,0.9,3.5,2.6,2.5,1.0,0.2,0.8,0.5,2.8,0.9,1.3,0.2,0.6,0.1,1.2,2.5,3.4,2.4,0.1,2.6,0.3,3.8,0.6,1.2,0.5,3.6,1.0,0.3,2.4,0.3,0.7,0.7,0.6,0.5,0.3,0.2,0.3,0.2,0.1
2017-05-26 02:14:00+02:00,0.1,0.5,0.0,0.9,3.1,2.2,2.1,0.5,0.2,0.7,0.5,2.4,0.4,0.9,0.2,0.5,0.1,0.8,2.1,3.0,2.1,0.1,2.2,0.3,3.4,0.6,1.2,0.4,3.2,0.6,0.3,2.0,0.3,0.6,0.6,0.6,0.5,0.3,0.2,0.3,0.2,0.1
2017-05-26 02:15:00+02:00,0.1,0.5,0.0,0.9,3.0,2.2,2.0,0.5,0.2,0.8,0.5,2.3,0.4,0.9,0.2,0.5,0.1,0.8,2.0,3.0,2.0,0.1,2.1,0.3,3.3,0.6,1.1,0.4,3.2,0.6,0.3,2.0,0.4,0.7,0.7,0.6,0.6,0.3,0.2,0.3,0.2,0.1
2017-05-26 02:16:00+02:00,0.1,0.5,0.0,0.8,2.8,2.0,1.8,0.6,0.2,0.8,0.5,2.2,0.4,0.9,0.2,0.5,0.1,0.8,1.8,2.8,1.8,0.1,2.0,0.2,3.0,0.6,0.9,0.5,2.9,0.6,0.3,1.8,0.4,0.7,0.7,0.6,0.6,0.3,0.2,0.3,0.2,0.1
2017-05-26 02:17:00+02:00,0.9,0.5,0.0,0.8,2.7,2.0,1.8,0.6,0.2,1.5,0.4,2.2,0.4,0.9,0.2,1.3,0.1,0.8,1.8,2.7,1.8,0.1,2.0,1.0,2.9,0.5,0.9,1.2,2.8,0.6,0.3,1.8,0.4,0.7,0.6,0.6,0.6,0.3,0.2,0.3,0.2,0.1
2017-05-26 02:18:00+02:00,0.1,0.5,0.0,0.8,2.7,2.0,1.7,0.6,0.2,0.6,0.4,2.2,0.4,0.8,0.2,0.5,0.1,0.8,1.8,2.7,1.7,0.1,1.9,0.2,2.9,0.5,0.9,0.4,2.8,0.6,0.3,1.7,0.4,0.7,0.7,0.6,0.6,0.3,0.2,0.3,0.2,0.1
2017-05-26 02:19:00+02:00,0.1,0.5,0.0,0.8,2.7,2.0,1.7,0.6,0.2,0.6,0.4,2.2,0.4,0.8,0.2,0.5,0.1,0.7,1.7,2.7,1.7,0.1,1.9,0.2,3.0,0.5,0.9,0.4,2.9,0.6,0.2,1.7,0.4,0.8,0.7,0.7,0.6,0.3,0.2,0.3,0.2,0.1
2017-05-26 02:20:00+02:00,0.1,0.5,0.0,0.8,2.9,2.2,1.9,0.7,0.2,0.7,0.4,2.4,0.5,0.8,0.2,0.5,0.1,0.8,1.9,2.8,1.8,0.1,2.1,0.2,3.1,0.5,0.9,0.4,3.0,0.7,0.2,1.7,0.4,0.8,0.8,0.7,0.6,0.3,0.2,0.3,0.2,0.1
2017-05-26 02:21:00+02:00,0.1,0.4,0.0,0.7,2.7,2.1,1.8,0.6,0.2,0.6,0.4,2.2,0.4,0.8,0.2,0.4,0.1,0.7,1.8,2.7,1.7,0.1,1.9,0.2,3.0,0.5,0.8,0.4,2.9,0.6,0.2,1.6,0.3,0.8,0.8,0.7,0.6,0.3,0.2,0.3,0.2,0.1
2017-05-26 02:22:00+02:00,0.1,0.4,0.0,0.7,2.6,2.0,1.7,0.6,0.1,0.6,0.4,2.2,0.5,0.8,0.2,0.5,0.1,0.8,1.7,2.6,1.6,0.1,1.9,0.2,2.9,0.5,0.7,0.4,2.8,0.7,0.3,1.6,0.3,0.8,0.8,0.7,0.6,0.3,0.2,0.4,0.2,0.1
2017-05-26 02:23:00+02:00,0.1,0.5,0.1,0.8,2.8,2.2,1.8,0.6,0.1,0.7,0.5,2.3,0.5,0.9,0.2,0.5,0.1,0.9,1.8,2.7,1.8,0.1,2.0,0.2,3.0,0.5,0.8,0.5,2.9,0.7,0.3,1.8,0.3,0.8,0.7,0.7,0.6,0.3,0.2,0.3,0.2,0.1
2017-05-26 02:24:00+02:00,0.2,0.5,0.1,0.7,2.9,2.2,1.9,0.7,0.1,0.7,0.5,2.4,0.5,1.0,0.2,0.5,0.1,0.9,1.9,2.9,1.9,0.1,2.1,0.3,3.2,0.5,0.8,0.5,3.1,0.7,0.3,1.8,0.2,0.7,0.7,0.6,0.6,0.3,0.2,0.3,0.2,0.1
2017-05-26 02:25:00+02:00,0.2,0.4,0.0,0.7,2.9,2.2,1.9,0.8,0.1,0.8,0.5,2.3,0.5,1.0,0.2,0.6,0.1,1.0,1.9,2.8,1.8,0.1,2.0,0.4,3.0,0.5,0.7,0.5,2.9,0.8,0.3,1.8,0.2,0.6,0.5,0.5,0.4,0.2,0.1,0.2,0.1,0.1
2017-05-26 02:26:00+02:00,0.3,0.4,0.0,0.7,2.9,2.1,1.9,0.8,0.1,0.8,0.6,2.3,0.5,1.0,0.3,0.6,0.1,1.0,1.9,2.9,1.8,0.1,2.1,0.4,3.1,0.6,0.7,0.6,3.0,0.8,0.4,1.8,0.2,0.6,0.6,0.5,0.4,0.2,0.2,0.2,0.1,0.1
2017-05-26 02:27:00+02:00,0.3,0.4,0.0,0.7,2.8,2.1,1.8,0.8,0.1,0.8,0.5,2.2,0.5,1.0,0.3,0.6,0.1,1.0,1.9,2.8,1.8,0.1,2.0,0.4,3.0,0.6,0.7,0.6,2.9,0.8,0.4,1.8,0.2,0.6,0.6,0.5,0.4,0.2,0.2,0.2,0.1,0.1
2017-05-26 02:28:00+02:00,0.3,0.4,0.0,0.7,2.9,2.1,1.9,0.8,0.1,0.9,0.5,2.2,0.5,1.0,0.3,0.6,0.1,1.0,1.9,2.9,1.8,0.1,2.0,0.4,3.1,0.7,0.7,0.6,3.0,0.8,0.4,1.7,0.2,0.6,0.6,0.5,0.4,0.2,0.2,0.2,0.1,0.1
2017-05-26 02:29:00+02:00,0.3,0.3,0.0,0.6,2.7,2.1,1.9,0.9,0.1,0.9,0.4,2.2,0.5,1.1,0.2,0.7,0.1,1.0,1.9,2.6,1.7,0.1,2.0,0.4,2.9,0.5,0.6,0.6,2.8,0.9,0.2,1.7,0.2,0.6,0.6,0.5,0.4,0.2,0.2,0.2,0.1,0.1
2017-05-26 02:30:00+02:00,0.3,0.2,0.0,0.5,2.6,2.0,1.8,0.9,0.1,0.9,0.4,2.1,0.6,1.1,0.2,0.7,0.1,1.1,1.8,2.5,1.6,0.1,1.9,0.4,2.8,0.5,0.5,0.6,2.7,0.9,0.3,1.6,0.2,0.6,0.6,0.5,0.4,0.2,0.2,0.2,0.2,0.1
2017-05-26 02:31:00+02:00,0.2,0.2,0.0,0.5,2.6,2.0,1.8,0.9,0.1,0.7,0.4,2.1,0.6,1.1,0.2,0.5,0.1,1.0,1.8,2.6,1.7,0.1,1.9,0.3,2.9,0.5,0.5,0.4,2.7,0.9,0.3,1.6,0.2,0.6,0.6,0.5,0.5,0.2,0.2,0.3,0.2,0.1
2017-05-26 02:32:00+02:00,0.2,0.2,0.0,0.5,2.6,2.0,1.8,0.9,0.1,0.6,0.4,2.1,0.5,1.2,0.2,0.5,0.1,1.0,1.8,2.6,1.7,0.1,1.9,0.2,2.9,0.5,0.5,0.4,2.8,0.9,0.3,1.6,0.2,0.6,0.6,0.5,0.5,0.2,0.2,0.3,0.2,0.1
2017-05-26 02:33:00+02:00,0.2,0.2,0.0,0.5,2.4,1.8,1.5,0.6,0.1,0.6,0.4,1.9,0.5,0.9,0.2,0.5,0.1,0.8,1.6,2.4,1.5,0.1,1.7,0.3,2.7,0.5,0.5,0.4,2.6,0.6,0.3,1.4,0.2,0.6,0.6,0.5,0.5,0.2,0.1,0.3,0.2,0.1
2017-05-26 02:34:00+02:00,0.2,0.2,0.0,0.5,2.6,1.9,1.7,0.8,0.1,0.6,0.4,2.0,0.5,1.1,0.2,0.5,0.1,1.0,1.7,2.6,1.6,0.1,1.8,0.3,2.9,0.6,0.5,0.4,2.7,0.8,0.3,1.5,0.2,0.6,0.6,0.5,0.4,0.2,0.1,0.3,0.2,0.1
2017-05-26 02:35:00+02:00,0.2,0.2,0.0,0.5,2.7,2.0,1.7,0.7,0.1,0.6,0.4,2.1,0.5,1.0,0.2,0.5,0.1,1.0,1.7,2.6,1.6,0.1,1.9,0.3,3.0,0.6,0.6,0.4,2.9,0.7,0.3,1.5,0.2,0.6,0.5,0.5,0.4,0.2,0.1,0.2,0.1,0.1
2017-05-26 02:36:00+02:00,0.2,0.3,0.0,0.6,2.8,2.0,1.7,0.7,0.1,0.6,0.4,2.2,0.5,1.0,0.2,0.5,0.1,1.0,1.8,2.7,1.7,0.1,2.0,0.3,3.1,0.6,0.6,0.4,2.9,0.8,0.3,1.6,0.2,0.6,0.6,0.5,0.4,0.2,0.1,0.3,0.2,0.0
2017-05-26 02:37:00+02:00,0.2,0.3,0.0,0.6,2.9,2.1,1.8,0.7,0.1,0.6,0.5,2.3,0.4,1.1,0.2,0.5,0.1,1.0,1.8,2.8,1.7,0.1,2.0,0.3,3.2,0.6,0.7,0.4,3.0,0.8,0.3,1.6,0.2,0.6,0.6,0.5,0.4,0.1,0.1,0.3,0.2,0.0
2017-05-26 02:38:00+02:00,0.2,0.3,0.0,0.6,2.9,2.2,1.8,0.7,0.1,0.5,0.4,2.3,0.4,1.0,0.2,0.5,0.1,0.9,1.8,2.8,1.7,0.1,2.0,0.3,3.2,0.5,0.7,0.4,3.0,0.7,0.3,1.6,0.2,0.6,0.6,0.5,0.4,0.1,0.1,0.3,0.2,0.0
2017-05-26 02:39:00+02:00,0.2,0.3,0.0,0.6,2.8,2.1,1.7,0.6,0.1,0.5,0.5,2.2,0.4,0.9,0.2,0.5,0.1,0.8,1.8,2.7,1.6,0.1,1.9,0.3,3.1,0.5,0.7,0.4,2.9,0.6,0.3,1.5,0.2,0.6,0.6,0.5,0.4,0.1,0.1,0.3,0.2,0.0
2017-05-26 02:40:00+02:00,0.2,0.3,0.0,0.6,2.7,2.0,1.7,0.6,0.1,0.6,0.5,2.1,0.4,0.9,0.2,0.5,0.1,0.8,1.7,2.7,1.6,0.1,1.9,0.3,3.0,0.6,0.6,0.5,2.8,0.6,0.3,1.5,0.2,0.6,0.6,0.5,0.4,0.1,0.1,0.3,0.2,0.1
2017-05-26 02:41:00+02:00,0.2,0.3,0.0,0.6,2.8,2.1,1.8,0.6,0.1,0.7,0.5,2.2,0.4,0.9,0.3,0.5,0.1,0.8,1.8,2.8,1.6,0.1,2.0,0.3,3.1,0.6,0.7,0.5,2.9,0.6,0.3,1.5,0.2,0.6,0.6,0.5,0.4,0.1,0.1,0.3,0.2,0.2
2017-05-26 02:42:00+02:00,0.2,0.7,0.0,1.0,3.2,2.4,2.1,0.6,0.1,0.6,0.6,2.5,0.4,0.9,0.3,0.4,0.1,0.8,2.1,3.1,1.9,0.1,2.3,0.2,3.5,0.6,1.0,0.4,3.3,0.6,0.4,1.9,0.2,0.7,0.6,0.5,0.4,0.1,0.1,0.3,0.2,0.2
2017-05-26 02:43:00+02:00,0.1,0.6,0.0,0.9,3.1,2.3,2.0,0.6,0.1,0.6,0.6,2.4,0.4,0.9,0.3,0.4,0.1,0.8,2.0,3.0,1.9,0.1,2.2,0.2,3.4,0.6,1.0,0.4,3.2,0.6,0.4,1.8,0.2,0.6,0.5,0.5,0.4,0.1,0.1,0.2,0.1,0.1
2017-05-26 02:44:00+02:00,0.1,0.6,0.0,1.0,3.0,2.3,2.0,0.5,0.1,0.6,0.6,2.4,0.4,0.8,0.3,0.4,0.1,0.7,2.0,3.0,1.9,0.1,2.2,0.2,3.3,0.6,1.0,0.3,3.1,0.6,0.4,1.8,0.2,0.6,0.5,0.5,0.4,0.2,0.1,0.2,0.1,0.1
2017-05-26 02:45:00+02:00,0.1,0.3,0.0,0.7,2.8,2.1,1.7,0.5,0.1,0.6,0.5,2.2,0.4,0.8,0.2,0.4,0.1,0.7,1.8,2.7,1.6,0.1,2.0,0.2,3.1,0.5,0.8,0.3,2.9,0.6,0.3,1.6,0.2,0.6,0.5,0.5,0.4,0.2,0.1,0.2,0.1,0.1
2017-05-26 02:46:00+02:00,0.2,0.3,0.0,0.7,2.7,2.1,1.8,0.6,0.1,0.7,0.4,2.1,0.5,0.8,0.2,0.6,0.1,0.8,1.8,2.6,1.7,0.1,2.0,0.3,3.0,0.5,0.7,0.5,2.8,0.6,0.2,1.6,0.2,0.6,0.6,0.5,0.4,0.2,0.1,0.2,0.1,0.1
2017-05-26 02:47:00+02:00,0.3,0.3,0.0,0.6,2.6,1.9,1.7,0.6,0.1,0.7,0.5,2.0,0.5,0.9,0.2,0.6,0.1,0.8,1.8,2.5,1.6,0.1,1.8,0.3,2.8,0.5,0.7,0.5,2.7,0.6,0.2,1.5,0.2,0.6,0.6,0.5,0.3,0.1,0.1,0.2,0.1,0.1
2017-05-26 02:48:00+02:00,0.2,0.3,0.0,0.5,2.6,2.0,1.8,0.6,0.1,0.7,0.5,2.0,0.5,1.0,0.2,0.5,0.1,0.9,1.8,2.5,1.7,0.1,1.9,0.3,2.9,0.5,0.6,0.4,2.7,0.6,0.2,1.6,0.2,0.6,0.6,0.5,0.3,0.1,0.1,0.2,0.1,0.1
2017-05-26 02:49:00+02:00,0.2,0.3,0.0,0.5,2.6,1.8,1.7,0.6,0.1,0.7,0.5,1.9,0.5,0.9,0.2,0.5,0.1,0.8,1.7,2.5,1.6,0.1,1.8,0.3,2.8,0.6,0.6,0.4,2.7,0.6,0.3,1.5,0.2,0.6,0.6,0.5,0.3,0.1,0.1,0.2,0.1,0.1
2017-05-26 02:50:00+02:00,0.2,0.3,0.0,0.6,2.5,1.8,1.6,0.6,0.1,0.7,0.5,1.9,0.4,0.8,0.2,0.5,0.1,0.7,1.6,2.4,1.5,0.1,1.7,0.2,2.7,0.5,0.6,0.4,2.6,0.6,0.3,1.4,0.2,0.6,0.6,0.5,0.3,0.1,0.1,0.2,0.2,0.1
2017-05-26 02:51:00+02:00,0.2,0.3,0.0,0.5,2.5,1.8,1.6,0.6,0.1,0.7,0.4,1.9,0.4,0.8,0.2,0.5,0.1,0.7,1.6,2.4,1.5,0.1,1.7,0.2,2.6,0.5,0.6,0.4,2.6,0.6,0.3,1.4,0.2,0.7,0.7,0.6,0.4,0.1,0.1,0.3,0.2,0.1
2017-05-26 02:52:00+02:00,0.2,0.3,0.0,0.5,2.7,2.0,1.6,0.5,0.1,0.7,0.4,2.1,0.4,0.8,0.2,0.5,0.1,0.7,1.8,2.6,1.5,0.1,1.9,0.2,2.9,0.6,0.6,0.4,2.8,0.6,0.3,1.4,0.2,0.7,0.7,0.6,0.4,0.1,0.1,0.3,0.2,0.1
2017-05-26 02:53:00+02:00,0.2,0.3,0.0,0.6,2.8,2.0,1.7,0.6,0.1,0.7,0.5,2.1,0.4,0.8,0.2,0.5,0.1,0.7,1.9,2.7,1.5,0.1,1.9,0.2,3.0,0.6,0.6,0.4,2.9,0.6,0.4,1.5,0.2,0.7,0.7,0.6,0.4,0.1,0.1,0.3,0.2,0.1
2017-05-26 02:54:00+02:00,0.2,0.4,0.0,0.6,2.8,2.0,1.7,0.5,0.1,0.7,0.5,2.1,0.4,0.8,0.2,0.5,0.1,0.7,1.9,2.7,1.5,0.1,2.0,0.2,3.0,0.6,0.6,0.4,2.9,0.6,0.4,1.4,0.2,0.7,0.7,0.6,0.4,0.1,0.1,0.3,0.2,0.1
2017-05-26 02:55:00+02:00,0.2,0.4,0.0,1.9,4.1,3.3,3.0,0.5,0.1,0.7,0.5,3.4,0.3,0.8,0.2,0.5,0.1,0.7,3.2,4.0,2.8,0.1,3.2,0.2,4.3,0.6,2.0,0.4,4.2,0.5,0.3,2.7,0.2,0.7,0.6,0.6,0.5,0.2,0.2,0.3,0.2,0.1
2017-05-26 02:56:00+02:00,0.2,0.4,0.0,1.9,4.1,3.3,2.9,0.5,0.1,0.6,0.5,3.4,0.3,0.8,0.2,0.5,0.1,0.7,3.1,4.0,2.9,0.1,3.2,0.2,4.2,0.6,2.0,0.4,4.1,0.5,0.3,2.8,0.2,0.7,0.6,0.5,0.4,0.2,0.2,0.2,0.2,0.1
2017-05-26 02:57:00+02:00,0.2,0.4,0.0,2.0,4.0,3.3,3.0,0.6,0.1,0.6,0.4,3.4,0.4,0.8,0.2,0.5,0.1,0.7,3.1,3.9,3.0,0.1,3.2,0.2,4.2,0.5,2.1,0.4,4.1,0.6,0.3,2.9,0.2,0.7,0.6,0.5,0.4,0.2,0.2,0.2,0.2,0.1
2017-05-26 02:58:00+02:00,0.2,0.3,0.0,0.7,2.8,2.2,1.8,0.6,0.1,0.6,0.4,2.2,0.5,0.9,0.2,0.5,0.1,0.8,1.9,2.7,1.8,0.1,2.1,0.2,3.0,0.5,0.8,0.4,2.9,0.7,0.2,1.7,0.2,0.7,0.6,0.5,0.4,0.2,0.2,0.2,0.2,0.1
2017-05-26 02:59:00+02:00,0.2,0.4,0.0,0.6,2.6,1.9,1.6,0.6,0.1,0.6,0.4,2.0,0.4,0.8,0.2,0.5,0.1,0.7,1.6,2.5,1.5,0.1,1.8,0.2,2.8,0.5,0.6,0.4,2.7,0.6,0.2,1.5,0.2,0.7,0.6,0.5,0.4,0.2,0.2,0.2,0.2,0.1
2017-05-26 03:00:00+02:00,0.2,0.4,0.0,0.8,2.9,2.1,1.9,0.5,0.1,0.5,0.4,2.2,0.4,0.9,0.2,0.4,0.1,0.7,1.9,2.7,1.8,0.1,2.0,0.2,3.1,0.5,0.9,0.4,2.9,0.6,0.2,1.8,0.3,0.7,0.6,0.5,0.4,0.2,0.2,0.3,0.2,0.1
2017-05-26 03:01:00+02:00,0.1,0.4,0.0,0.9,2.9,2.1,1.9,0.5,0.1,0.5,0.4,2.2,0.4,0.8,0.2,0.4,0.1,0.7,1.9,2.7,1.8,0.1,2.0,0.2,3.0,0.5,1.0,0.4,2.9,0.6,0.2,1.8,0.3,0.7,0.6,0.5,0.4,0.2,0.2,0.3,0.2,0.1
2017-05-26 03:02:00+02:00,0.1,0.4,0.0,0.9,2.8,2.0,1.8,0.5,0.1,0.6,0.4,2.1,0.3,0.7,0.2,0.4,0.1,0.7,1.8,2.6,1.7,0.1,1.9,0.2,3.0,0.5,1.0,0.4,2.9,0.5,0.3,1.7,0.3,0.7,0.6,0.6,0.4,0.2,0.2,0.3,0.2,0.1
2017-05-26 03:03:00+02:00,0.1,0.4,0.0,0.9,2.9,2.1,1.8,0.5,0.1,0.7,0.4,2.2,0.3,0.8,0.2,0.4,0.1,0.7,1.9,2.7,1.8,0.1,2.0,0.2,3.1,0.5,1.0,0.4,3.0,0.5,0.3,1.7,0.3,0.6,0.6,0.5,0.4,0.2,0.2,0.3,0.2,0.1
2017-05-26 03:04:00+02:00,0.2,0.5,0.0,1.0,2.9,2.1,1.9,0.5,0.1,1.0,0.4,2.2,0.4,0.8,0.2,0.5,0.1,0.7,2.0,2.7,1.9,0.1,2.1,0.2,3.0,0.5,1.0,0.4,2.9,0.6,0.2,1.8,0.3,0.6,0.6,0.5,0.4,0.2,0.2,0.3,0.2,0.1
2017-05-26 03:05:00+02:00,0.2,0.5,0.0,1.0,3.1,2.3,2.0,0.5,0.1,0.9,0.4,2.4,0.4,0.9,0.2,0.4,0.1,0.7,2.1,2.9,1.9,0.1,2.2,0.3,3.2,0.6,1.0,0.4,3.1,0.6,0.3,1.9,0.3,0.6,0.5,0.5,0.4,0.2,0.1,0.3,0.2,0.1
2017-05-26 03:06:00+02:00,0.2,0.5,0.0,1.0,3.2,2.5,2.0,0.6,0.1,0.6,0.4,2.6,0.4,0.9,0.2,0.4,0.1,0.8,2.3,3.1,1.9,0.1,2.4,0.2,3.4,0.5,1.0,0.3,3.3,0.6,0.3,1.9,0.3,0.7,0.6,0.5,0.5,0.1,0.1,0.4,0.3,0.2
2017-05-26 03:07:00+02:00,0.2,0.4,0.0,0.9,3.2,2.3,2.0,0.6,0.1,0.6,0.4,2.5,0.4,0.9,0.2,0.4,0.1,0.8,2.1,3.0,1.9,0.1,2.2,0.2,3.3,0.5,1.0,0.3,3.2,0.6,0.3,1.8,0.3,0.7,0.7,0.6,0.6,0.1,0.1,0.4,0.3,0.2
2017-05-26 03:08:00+02:00,0.2,0.4,0.0,0.9,3.2,2.3,1.9,0.6,0.1,0.5,0.5,2.4,0.4,0.9,0.2,0.4,0.1,0.8,2.1,3.0,1.9,0.1,2.2,0.2,3.3,0.6,1.0,0.3,3.2,0.6,0.3,1.9,0.4,0.7,0.7,0.6,0.5,0.1,0.1,0.4,0.3,0.2
2017-05-26 03:09:00+02:00,0.2,0.4,0.0,0.9,3.0,2.3,1.9,0.6,0.1,0.5,0.4,2.4,0.4,0.9,0.2,0.4,0.1,0.8,2.1,2.9,1.9,0.1,2.2,0.2,3.1,0.5,1.0,0.3,3.0,0.6,0.3,1.9,0.4,0.7,0.6,0.6,0.5,0.1,0.1,0.4,0.3,0.2
2017-05-26 03:10:00+02:00,0.2,0.4,0.0,0.9,2.9,2.2,1.8,0.6,0.1,0.6,0.4,2.3,0.4,0.8,0.2,0.4,0.1,0.7,2.0,2.8,1.8,0.1,2.1,0.2,3.1,0.5,1.0,0.3,3.0,0.6,0.3,1.8,0.4,0.6,0.6,0.5,0.5,0.2,0.1,0.3,0.2,0.1
2017-05-26 03:11:00+02:00,0.2,0.5,0.0,1.0,2.8,2.2,1.8,0.6,0.1,0.7,0.4,2.3,0.4,0.8,0.2,0.5,0.1,0.7,2.0,2.7,1.8,0.1,2.1,0.2,3.0,0.4,1.0,0.4,2.9,0.6,0.3,1.8,0.4,0.7,0.7,0.6,0.5,0.2,0.1,0.3,0.3,0.1
2017-05-26 03:12:00+02:00,0.2,0.4,0.0,0.9,2.7,2.1,1.8,0.5,0.1,0.7,0.5,2.2,0.4,0.8,0.2,0.4,0.1,0.7,1.9,2.7,1.7,0.1,2.0,0.2,3.0,0.5,0.9,0.4,2.8,0.6,0.3,1.7,0.3,0.7,0.7,0.7,0.6,0.2,0.2,0.4,0.3,0.1
2017-05-26 03:13:00+02:00,0.2,0.3,0.0,0.8,2.6,2.0,1.6,0.5,0.1,0.8,0.4,2.0,0.4,0.8,0.2,0.5,0.1,0.7,1.8,2.5,1.6,0.1,1.9,0.3,2.8,0.5,0.8,0.5,2.7,0.5,0.3,1.6,0.2,0.7,0.7,0.7,0.6,0.2,0.2,0.4,0.3,0.1
2017-05-26 03:14:00+02:00,0.2,0.3,0.0,0.8,2.5,1.9,1.6,0.5,0.1,0.8,0.5,1.9,0.3,0.7,0.2,0.6,0.1,0.6,1.7,2.4,1.6,0.1,1.8,0.3,2.8,0.5,0.8,0.6,2.6,0.5,0.3,1.5,0.2,0.7,0.7,0.6,0.6,0.2,0.2,0.4,0.3,0.1
2017-05-26 03:15:00+02:00,0.2,0.3,0.0,0.5,2.4,1.7,1.4,0.5,0.1,0.8,0.4,1.8,0.3,0.7,0.2,0.6,0.1,0.7,1.5,2.2,1.4,0.1,1.7,0.2,2.6,0.5,0.6,0.5,2.5,0.5,0.3,1.3,0.2,0.7,0.7,0.6,0.5,0.2,0.1,0.3,0.3,0.1
2017-05-26 03:16:00+02:00,0.2,0.4,0.0,0.6,2.6,1.9,1.6,0.5,0.2,0.8,0.5,1.9,0.3,0.8,0.2,0.6,0.1,0.7,1.7,2.4,1.6,0.1,1.8,0.2,2.8,0.5,0.7,0.5,2.7,0.5,0.3,1.5,0.3,0.7,0.7,0.6,0.5,0.2,0.1,0.4,0.3,0.1
2017-05-26 03:17:00+02:00,0.1,0.4,0.0,0.6,3.4,2.7,1.6,0.5,0.2,0.8,0.4,2.8,0.3,0.8,0.2,0.6,0.1,0.7,2.5,3.2,1.5,0.1,2.6,0.2,3.7,0.5,0.7,0.5,3.5,0.5,0.3,1.5,0.3,0.8,0.7,0.7,0.6,0.2,0.1,0.4,0.3,0.1
2017-05-26 03:18:00+02:00,0.2,0.4,0.0,0.6,3.5,2.9,1.6,0.5,0.2,0.8,0.4,2.9,0.3,0.8,0.2,0.6,0.1,0.7,2.7,3.4,1.6,0.1,2.8,0.2,3.8,0.5,0.7,0.6,3.6,0.5,0.3,1.5,0.3,0.7,0.7,0.6,0.6,0.2,0.2,0.4,0.3,0.1
2017-05-26 03:19:00+02:00,0.2,0.4,0.0,0.6,2.7,2.1,1.7,0.5,0.2,0.8,0.4,2.1,0.3,0.8,0.2,0.5,0.1,0.7,1.9,2.5,1.6,0.1,2.0,0.2,3.0,0.4,0.8,0.5,2.8,0.5,0.2,1.5,0.3,0.8,0.8,0.7,0.6,0.2,0.2,0.4,0.3,0.2
2017-05-26 03:20:00+02:00,0.2,0.5,0.0,0.7,2.8,2.1,1.8,0.5,0.2,0.7,0.4,2.2,0.3,0.8,0.2,0.5,0.1,0.7,1.9,2.7,1.7,0.1,2.1,0.2,3.1,0.5,0.8,0.4,2.9,0.6,0.3,1.7,0.3,0.8,0.8,0.7,0.7,0.2,0.2,0.5,0.4,0.2
2017-05-26 03:21:00+02:00,0.2,0.5,0.0,0.6,2.7,2.1,1.8,0.6,0.2,0.7,0.3,2.2,0.4,0.9,0.2,0.5,0.1,0.8,1.9,2.5,1.7,0.1,2.0,0.2,2.9,0.4,0.7,0.4,2.8,0.7,0.2,1.6,0.3,0.9,0.9,0.8,0.7,0.2,0.2,0.5,0.3,0.2
2017-05-26 03:22:00+02:00,0.2,0.4,0.0,0.5,2.8,2.0,1.6,0.5,0.1,0.7,0.4,2.2,0.3,0.9,0.3,0.5,0.1,0.8,1.8,2.7,1.5,0.1,2.0,0.2,3.1,0.5,0.6,0.4,2.9,0.6,0.3,1.5,0.2,0.9,0.9,0.8,0.7,0.3,0.2,0.5,0.3,0.2
2017-05-26 03:23:00+02:00,0.1,0.5,0.0,0.6,3.0,2.2,1.8,0.4,0.2,0.7,0.4,2.4,0.3,0.8,0.3,0.4,0.1,0.7,2.0,2.9,1.6,0.2,2.2,0.2,3.3,0.5,0.8,0.4,3.1,0.5,0.3,1.6,0.4,0.9,0.9,0.8,0.7,0.3,0.2,0.5,0.3,0.2
2017-05-26 03:24:00+02:00,0.1,0.5,0.1,0.7,3.1,2.2,1.8,0.5,0.2,0.6,0.5,2.4,0.3,0.8,0.3,0.4,0.1,0.7,2.0,3.0,1.7,0.2,2.2,0.2,3.4,0.6,0.8,0.3,3.2,0.6,0.4,1.6,0.4,0.8,0.8,0.7,0.7,0.3,0.2,0.5,0.3,0.2
2017-05-26 03:25:00+02:00,0.1,0.5,0.1,0.7,3.2,2.3,1.9,0.5,0.2,0.6,0.6,2.5,0.3,0.9,0.4,0.4,0.1,0.8,2.1,3.1,1.7,0.2,2.2,0.2,3.6,0.7,0.8,0.3,3.4,0.6,0.4,1.7,0.4,0.8,0.7,0.6,0.6,0.2,0.1,0.5,0.3,0.2
2017-05-26 03:26:00+02:00,0.1,0.5,0.1,0.7,3.3,2.4,1.8,0.5,0.2,0.6,0.5,2.5,0.3,0.9,0.3,0.4,0.1,0.7,2.2,3.2,1.7,0.2,2.3,0.2,3.6,0.6,0.8,0.3,3.4,0.6,0.4,1.7,0.4,0.7,0.7,0.6,0.6,0.2,0.1,0.5,0.3,0.2
2017-05-26 03:27:00+02:00,0.1,0.5,0.1,0.6,3.2,2.3,1.8,0.5,0.2,0.6,0.5,2.5,0.4,0.8,0.4,0.4,0.1,0.7,2.1,3.1,1.6,0.1,2.2,0.2,3.7,0.6,0.8,0.3,3.4,0.6,0.4,1.6,0.4,0.8,0.8,0.7,0.7,0.2,0.1,0.5,0.4,0.2
2017-05-26 03:28:00+02:00,0.1,0.5,0.0,0.5,3.3,2.4,1.8,0.6,0.2,0.6,0.6,2.5,0.4,0.9,0.3,0.4,0.2,0.8,2.1,3.2,1.6,0.1,2.2,0.2,3.8,0.6,0.7,0.3,3.5,0.7,0.4,1.6,0.3,0.8,0.7,0.7,0.6,0.2,0.1,0.5,0.3,0.2
2017-05-26 03:29:00+02:00,0.1,0.4,0.0,0.6,3.4,2.6,2.0,0.8,0.2,0.6,0.4,2.8,0.6,1.2,0.3,0.4,0.2,1.1,2.3,3.3,1.9,0.1,2.4,0.2,4.0,0.5,0.7,0.3,3.6,0.9,0.3,1.9,0.3,0.7,0.7,0.6,0.6,0.2,0.1,0.4,0.3,0.1
2017-05-26 03:30:00+02:00,0.1,0.4,0.0,0.5,3.3,2.5,2.0,0.8,0.2,0.6,0.5,2.7,0.6,1.2,0.3,0.4,0.2,1.1,2.3,3.2,1.8,0.1,2.4,0.2,3.8,0.6,0.6,0.4,3.5,0.9,0.3,1.8,0.2,0.8,0.8,0.7,0.7,0.2,0.1,0.5,0.3,0.1
2017-05-26 03:31:00+02:00,0.2,0.4,0.0,0.5,3.1,2.3,1.9,0.8,0.2,0.7,0.5,2.5,0.6,1.1,0.3,0.5,0.2,1.1,2.2,3.0,1.7,0.1,2.2,0.2,3.4,0.5,0.6,0.5,3.2,0.8,0.3,1.7,0.2,0.8,0.8,0.7,0.7,0.2,0.1,0.5,0.3,0.2
2017-05-26 03:32:00+02:00,0.2,0.4,0.0,0.5,3.0,2.2,1.8,0.7,0.2,0.7,0.5,2.3,0.5,1.0,0.3,0.5,0.1,1.0,2.1,2.9,1.6,0.1,2.2,0.2,3.4,0.6,0.6,0.5,3.2,0.8,0.3,1.6,0.2,0.8,0.8,0.8,0.7,0.2,0.1,0.5,0.3,0.1
2017-05-26 03:33:00+02:00,0.3,0.4,0.0,0.5,2.9,2.1,1.7,0.7,0.2,0.7,0.5,2.2,0.5,1.0,0.3,0.5,0.1,0.9,1.9,2.8,1.6,0.1,2.0,0.3,3.2,0.6,0.6,0.5,3.0,0.8,0.3,1.5,0.2,0.8,0.8,0.7,0.7,0.2,0.1,0.5,0.3,0.1
2017-05-26 03:34:00+02:00,0.3,0.4,0.0,0.4,2.8,2.0,1.6,0.7,0.1,0.8,0.5,2.1,0.5,0.9,0.3,0.6,0.1,0.9,1.8,2.7,1.5,0.1,1.9,0.3,3.1,0.6,0.6,0.5,2.9,0.8,0.3,1.5,0.2,0.8,0.7,0.7,0.7,0.2,0.1,0.5,0.3,0.1
2017-05-26 03:35:00+02:00,0.3,0.4,0.0,0.5,2.7,1.9,1.6,0.7,0.1,0.8,0.5,2.0,0.5,0.9,0.2,0.6,0.1,0.9,1.8,2.6,1.5,0.1,1.9,0.3,3.0,0.6,0.6,0.5,2.8,0.7,0.3,1.5,0.2,0.7,0.6,0.6,0.6,0.2,0.1,0.4,0.2,0.1
2017-05-26 03:36:00+02:00,0.3,0.4,0.0,0.4,2.7,1.9,1.6,0.7,0.1,0.8,0.5,2.0,0.5,0.9,0.2,0.6,0.1,0.9,1.8,2.6,1.5,0.1,1.9,0.3,3.0,0.6,0.6,0.6,2.8,0.7,0.3,1.5,0.2,0.7,0.6,0.6,0.5,0.2,0.1,0.4,0.2,0.1
2017-05-26 03:37:00+02:00,0.3,0.4,0.0,0.5,3.0,2.1,1.6,0.7,0.1,0.8,0.6,2.2,0.5,0.9,0.3,0.6,0.1,0.8,1.9,2.9,1.5,0.2,2.0,0.3,3.2,0.7,0.6,0.6,3.1,0.7,0.4,1.4,0.2,0.7,0.7,0.6,0.6,0.2,0.1,0.4,0.2,0.1
2017-05-26 03:38:00+02:00,0.3,0.3,0.0,0.4,2.8,1.9,1.5,0.6,0.1,0.8,0.6,2.1,0.5,0.9,0.3,0.6,0.1,0.8,1.7,2.7,1.4,0.2,1.8,0.3,3.0,0.6,0.5,0.6,2.9,0.7,0.4,1.4,0.2,0.7,0.7,0.6,0.5,0.2,0.1,0.4,0.2,0.1
2017-05-26 03:39:00+02:00,0.3,0.3,0.0,0.4,2.7,1.9,1.4,0.7,0.1,0.8,0.6,2.0,0.5,0.9,0.2,0.6,0.1,0.8,1.7,2.6,1.4,0.1,1.8,0.3,2.9,0.6,0.5,0.5,2.7,0.7,0.3,1.3,0.1,0.7,0.6,0.6,0.5,0.2,0.1,0.4,0.2,0.1
2017-05-26 03:40:00+02:00,0.2,0.3,0.0,0.4,2.7,1.9,1.4,0.6,0.1,0.7,0.6,1.9,0.5,0.8,0.2,0.6,0.1,0.8,1.7,2.6,1.3,0.1,1.8,0.3,2.9,0.7,0.5,0.5,2.7,0.7,0.4,1.3,0.1,0.7,0.7,0.6,0.5,0.2,0.1,0.4,0.2,0.1
2017-05-26 03:41:00+02:00,0.2,0.3,0.0,0.4,2.8,2.0,1.5,0.6,0.1,0.7,0.6,2.0,0.5,0.9,0.2,0.6,0.1,0.8,1.8,2.7,1.4,0.1,1.9,0.3,3.0,0.7,0.5,0.5,2.9,0.7,0.4,1.3,0.1,0.7,0.7,0.6,0.6,0.2,0.1,0.4,0.2,0.1
2017-05-26 03:42:00+02:00,0.2,0.3,0.0,0.4,2.8,2.0,1.5,0.7,0.1,0.7,0.6,2.1,0.5,0.9,0.2,0.5,0.1,0.8,1.8,2.7,1.4,0.1,1.9,0.3,3.0,0.6,0.5,0.5,2.8,0.7,0.4,1.3,0.1,0.7,0.7,0.6,0.6,0.2,0.1,0.4,0.2,0.1
2017-05-26 03:43:00+02:00,0.2,0.3,0.0,0.4,2.7,2.0,1.5,0.6,0.1,0.6,0.5,2.1,0.5,0.9,0.2,0.5,0.1,0.8,1.8,2.6,1.4,0.1,1.9,0.2,2.9,0.6,0.5,0.4,2.8,0.7,0.3,1.4,0.2,0.7,0.7,0.6,0.6,0.2,0.1,0.4,0.2,0.1
2017-05-26 03:44:00+02:00,0.2,0.3,0.0,0.5,2.9,2.2,1.6,0.7,0.1,0.6,0.5,2.3,0.5,0.9,0.2,0.5,0.1,0.8,1.9,2.9,1.5,0.1,2.0,0.2,3.1,0.6,0.6,0.4,3.0,0.7,0.3,1.5,0.2,0.7,0.7,0.6,0.6,0.2,0.1,0.4,0.2,0.1
2017-05-26 03:45:00+02:00,0.2,0.4,0.0,0.5,2.9,2.1,1.6,0.6,0.1,0.8,0.5,2.3,0.5,0.9,0.2,0.4,0.1,0.8,1.8,2.9,1.5,0.1,1.9,0.2,3.2,0.6,0.6,0.4,3.0,0.6,0.3,1.5,0.3,0.7,0.7,0.6,0.5,0.2,0.1,0.4,0.2,0.1
2017-05-26 03:46:00+02:00,0.2,0.5,0.0,0.5,2.9,2.1,1.6,0.6,0.1,0.9,0.5,2.3,0.5,0.8,0.2,0.4,0.1,0.8,1.8,2.8,1.5,0.1,1.9,0.3,3.2,0.5,0.6,0.4,3.0,0.6,0.3,1.4,0.3,0.7,0.6,0.6,0.5,0.2,0.1,0.4,0.2,0.1
2017-05-26 03:47:00+02:00,0.2,0.5,0.0,0.5,2.8,2.1,1.6,0.6,0.1,0.9,0.5,2.3,0.5,0.8,0.2,0.6,0.1,0.7,1.8,2.8,1.5,0.1,1.9,0.4,3.1,0.5,0.6,0.6,2.9,0.6,0.3,1.4,0.3,0.7,0.6,0.6,0.5,0.2,0.1,0.4,0.2,0.1
2017-05-26 03:48:00+02:00,0.2,0.5,0.0,0.6,2.8,2.1,1.6,0.6,0.1,0.8,0.4,2.3,0.5,0.8,0.2,0.6,0.1,0.7,1.8,2.8,1.4,0.1,1.9,0.4,3.1,0.5,0.6,0.6,2.9,0.6,0.3,1.4,0.3,0.6,0.6,0.6,0.5,0.2,0.1,0.4,0.2,0.1
2017-05-26 03:49:00+02:00,0.2,0.5,0.0,0.5,2.8,2.0,1.5,0.6,0.1,0.8,0.5,2.2,0.5,0.7,0.2,0.6,0.1,0.7,1.7,2.8,1.4,0.1,1.8,0.4,3.1,0.6,0.6,0.6,2.9,0.6,0.4,1.4,0.3,0.7,0.6,0.6,0.6,0.1,0.1,0.4,0.3,0.2
2017-05-26 03:50:00+02:00,0.2,0.4,0.0,0.5,2.7,2.0,1.5,0.6,0.1,0.8,0.5,2.1,0.5,0.8,0.2,0.6,0.1,0.7,1.8,2.7,1.4,0.1,1.9,0.4,3.0,0.6,0.6,0.6,2.8,0.6,0.4,1.4,0.3,0.7,0.6,0.6,0.6,0.1,0.1,0.4,0.3,0.2
2017-05-26 03:51:00+02:00,0.2,0.4,0.0,0.5,2.8,2.0,1.5,0.6,0.1,0.8,0.6,2.1,0.5,0.8,0.2,0.6,0.2,0.7,1.7,2.7,1.4,0.1,1.8,0.4,3.0,0.7,0.6,0.6,2.8,0.7,0.4,1.4,0.2,0.6,0.6,0.5,0.5,0.1,0.1,0.4,0.2,0.1
2017-05-26 03:52:00+02:00,0.2,0.4,0.0,0.6,2.7,1.9,1.5,0.5,0.1,0.7,0.6,2.0,0.4,0.8,0.2,0.6,0.1,0.7,1.7,2.7,1.4,0.1,1.8,0.4,3.0,0.7,0.7,0.6,2.8,0.6,0.4,1.4,0.2,0.6,0.6,0.5,0.5,0.2,0.1,0.3,0.2,0.1
2017-05-26 03:53:00+02:00,0.2,0.4,0.0,0.6,2.6,1.9,1.4,0.5,0.1,0.8,0.6,1.9,0.4,0.7,0.2,0.6,0.1,0.6,1.6,2.6,1.4,0.1,1.8,0.4,2.9,0.7,0.6,0.6,2.7,0.5,0.4,1.4,0.2,0.6,0.5,0.5,0.5,0.2,0.1,0.3,0.2,0.1
2017-05-26 03:54:00+02:00,0.2,0.3,0.0,0.5,2.6,1.8,1.4,0.5,0.0,0.7,0.6,1.8,0.3,0.7,0.3,0.6,0.1,0.6,1.6,2.5,1.3,0.1,1.7,0.4,2.9,0.7,0.6,0.6,2.7,0.5,0.4,1.3,0.2,0.6,0.5,0.5,0.5,0.2,0.1,0.3,0.2,0.1
2017-05-26 03:55:00+02:00,0.2,0.3,0.0,0.5,2.6,1.8,1.3,0.5,0.0,0.7,0.6,1.8,0.3,0.7,0.2,0.6,0.1,0.6,1.5,2.5,1.3,0.1,1.7,0.4,3.0,0.7,0.6,0.5,2.8,0.5,0.4,1.3,0.1,0.6,0.6,0.6,0.5,0.2,0.1,0.3,0.2,0.1
2017-05-26 03:56:00+02:00,0.2,0.3,0.0,0.5,2.8,1.9,1.5,0.6,0.0,0.8,0.6,2.0,0.4,0.8,0.2,0.6,0.1,0.7,1.7,2.7,1.4,0.1,1.8,0.4,3.2,0.7,0.6,0.5,3.0,0.6,0.4,1.4,0.1,0.7,0.6,0.6,0.5,0.2,0.1,0.3,0.2,0.1
2017-05-26 03:57:00+02:00,0.3,0.3,0.0,0.5,2.7,1.8,1.4,0.6,0.0,0.8,0.5,1.9,0.4,0.8,0.2,0.7,0.1,0.7,1.6,2.6,1.4,0.1,1.8,0.5,3.1,0.7,0.6,0.6,2.9,0.6,0.3,1.4,0.1,0.7,0.6,0.6,0.5,0.2,0.1,0.3,0.2,0.1
2017-05-26 03:58:00+02:00,0.3,0.3,0.0,0.4,2.5,1.7,1.3,0.6,0.0,0.9,0.4,1.8,0.4,0.8,0.2,0.7,0.1,0.7,1.5,2.3,1.3,0.1,1.7,0.5,2.8,0.5,0.5,0.6,2.6,0.6,0.3,1.3,0.1,0.7,0.7,0.6,0.6,0.2,0.1,0.4,0.3,0.1
2017-05-26 03:59:00+02:00,0.3,0.3,0.0,0.4,2.5,1.7,1.4,0.6,0.0,0.8,0.4,1.8,0.4,0.9,0.2,0.7,0.1,0.8,1.6,2.3,1.3,0.1,1.7,0.5,2.8,0.5,0.4,0.6,2.6,0.7,0.3,1.3,0.1,0.7,0.6,0.6,0.5,0.2,0.1,0.3,0.2,0.1
2017-05-26 04:00:00+02:00,0.3,0.3,0.0,0.3,2.6,1.8,1.5,0.8,0.0,0.9,0.4,1.9,0.5,1.0,0.2,0.7,0.1,0.9,1.7,2.4,1.4,0.1,1.7,0.5,2.9,0.5,0.4,0.6,2.7,0.8,0.3,1.4,0.1,0.8,0.7,0.7,0.6,0.2,0.1,0.5,0.2,0.1
2017-05-26 04:01:00+02:00,0.2,0.3,0.0,0.4,2.6,1.8,1.4,0.6,0.0,0.8,0.5,1.9,0.3,0.8,0.2,0.7,0.1,0.7,1.6,2.4,1.3,0.1,1.7,0.4,2.9,0.6,0.5,0.6,2.7,0.6,0.3,1.3,0.2,0.8,0.7,0.6,0.6,0.2,0.1,0.4,0.2,0.1
2017-05-26 04:02:00+02:00,0.1,0.3,0.1,0.4,2.6,1.7,1.4,0.6,0.0,0.6,0.5,1.8,0.3,0.8,0.2,0.5,0.1,0.7,1.6,2.4,1.3,0.1,1.7,0.2,2.9,0.6,0.5,0.4,2.7,0.6,0.3,1.3,0.2,0.8,0.7,0.7,0.6,0.2,0.1,0.5,0.2,0.2
2017-05-26 04:03:00+02:00,0.1,0.3,0.1,0.4,2.6,1.7,1.3,0.5,0.0,0.6,0.5,1.8,0.3,0.8,0.2,0.5,0.1,0.7,1.6,2.4,1.3,0.1,1.6,0.2,2.9,0.6,0.5,0.4,2.7,0.6,0.3,1.2,0.2,0.7,0.7,0.6,0.5,0.2,0.1,0.4,0.2,0.1
2017-05-26 04:04:00+02:00,0.1,0.3,0.1,0.4,2.6,1.8,1.4,0.5,0.0,0.6,0.5,1.9,0.3,0.7,0.2,0.5,0.1,0.6,1.6,2.4,1.3,0.1,1.7,0.2,2.8,0.6,0.5,0.4,2.7,0.5,0.3,1.2,0.2,0.8,0.7,0.6,0.5,0.2,0.1,0.3,0.2,0.2
2017-05-26 04:05:00+02:00,0.1,0.3,0.1,0.5,2.5,1.8,1.3,0.4,0.0,0.6,0.4,1.9,0.3,0.6,0.2,0.5,0.1,0.6,1.6,2.4,1.2,0.1,1.7,0.2,2.8,0.5,0.6,0.4,2.6,0.5,0.2,1.2,0.2,0.7,0.6,0.6,0.4,0.2,0.1,0.3,0.2,0.1
2017-05-26 04:06:00+02:00,0.1,0.3,0.1,0.4,2.5,1.7,1.2,0.4,0.0,0.5,0.4,1.8,0.3,0.6,0.2,0.5,0.1,0.5,1.5,2.3,1.2,0.1,1.6,0.2,2.7,0.5,0.5,0.4,2.6,0.4,0.2,1.1,0.2,0.7,0.6,0.6,0.5,0.2,0.1,0.3,0.2,0.2
2017-05-26 04:07:00+02:00,0.1,0.3,0.1,0.4,2.4,1.7,1.2,0.4,0.0,0.5,0.4,1.8,0.3,0.6,0.2,0.4,0.1,0.5,1.5,2.3,1.2,0.1,1.6,0.2,2.7,0.6,0.5,0.3,2.5,0.4,0.3,1.1,0.2,0.7,0.6,0.6,0.5,0.2,0.2,0.3,0.2,0.1
2017-05-26 04:08:00+02:00,0.1,0.3,0.0,0.4,2.6,1.8,1.3,0.4,0.0,0.5,0.4,1.9,0.3,0.6,0.2,0.4,0.1,0.5,1.6,2.5,1.2,0.1,1.8,0.2,2.8,0.5,0.5,0.3,2.7,0.4,0.3,1.1,0.2,0.8,0.7,0.6,0.6,0.3,0.2,0.3,0.2,0.2
2017-05-26 04:09:00+02:00,0.1,0.3,0.0,0.4,2.5,1.8,1.4,0.5,0.0,0.5,0.4,1.9,0.3,0.6,0.2,0.4,0.1,0.6,1.6,2.4,1.2,0.0,1.8,0.2,2.7,0.5,0.5,0.3,2.6,0.5,0.2,1.1,0.2,0.7,0.6,0.6,0.5,0.2,0.2,0.3,0.2,0.1
2017-05-26 04:10:00+02:00,0.1,0.3,0.0,0.4,2.4,1.7,1.3,0.5,0.0,0.5,0.4,1.8,0.3,0.6,0.2,0.4,0.1,0.6,1.6,2.3,1.2,0.0,1.7,0.2,2.6,0.5,0.5,0.3,2.4,0.5,0.2,1.1,0.2,0.6,0.6,0.5,0.5,0.2,0.1,0.3,0.2,0.2
2017-05-26 04:11:00+02:00,0.1,0.3,0.0,0.4,2.2,1.6,1.2,0.4,0.0,0.6,0.4,1.7,0.3,0.5,0.2,0.4,0.1,0.4,1.4,2.2,1.1,0.1,1.6,0.2,2.5,0.6,0.4,0.3,2.3,0.4,0.3,1.0,0.1,0.7,0.6,0.5,0.4,0.2,0.1,0.3,0.2,0.1
2017-05-26 04:12:00+02:00,0.1,0.3,0.0,0.4,2.2,1.6,1.2,0.4,0.0,0.6,0.4,1.7,0.3,0.5,0.2,0.4,0.1,0.4,1.4,2.2,1.1,0.1,1.5,0.2,2.5,0.6,0.4,0.3,2.3,0.4,0.3,0.9,0.1,0.7,0.7,0.5,0.5,0.2,0.1,0.3,0.2,0.1
2017-05-26 04:13:00+02:00,0.1,0.3,0.0,0.4,2.3,1.6,1.2,0.5,0.0,0.6,0.5,1.7,0.4,0.7,0.2,0.4,0.1,0.6,1.5,2.3,1.1,0.1,1.6,0.2,2.6,0.6,0.4,0.3,2.4,0.5,0.3,1.1,0.1,0.7,0.6,0.5,0.4,0.2,0.1,0.3,0.2,0.1
2017-05-26 04:14:00+02:00,0.2,0.3,0.0,0.4,2.2,1.6,1.2,0.5,0.0,0.6,0.4,1.7,0.4,0.7,0.2,0.5,0.1,0.6,1.4,2.2,1.1,0.1,1.5,0.2,2.5,0.5,0.4,0.4,2.3,0.6,0.2,1.1,0.1,0.6,0.6,0.5,0.4,0.2,0.1,0.3,0.2,0.1
2017-05-26 04:15:00+02:00,0.2,0.3,0.0,0.4,2.4,1.8,1.3,0.5,0.0,0.6,0.4,1.8,0.3,0.7,0.2,0.5,0.1,0.6,1.5,2.3,1.2,0.1,1.7,0.2,2.6,0.5,0.5,0.4,2.4,0.6,0.2,1.1,0.1,0.6,0.5,0.4,0.4,0.2,0.1,0.2,0.2,0.1
2017-05-26 04:16:00+02:00,0.2,0.3,0.0,0.4,2.4,1.7,1.3,0.5,0.0,0.7,0.4,1.8,0.3,0.7,0.2,0.6,0.1,0.6,1.5,2.3,1.2,0.1,1.7,0.2,2.7,0.5,0.5,0.5,2.5,0.6,0.2,1.1,0.1,0.5,0.5,0.4,0.4,0.2,0.1,0.2,0.2,0.1
2017-05-26 04:17:00+02:00,0.2,0.3,0.0,0.4,2.4,1.7,1.3,0.5,0.0,0.7,0.5,1.8,0.3,0.7,0.2,0.6,0.1,0.6,1.5,2.3,1.2,0.1,1.7,0.3,2.7,0.5,0.4,0.5,2.5,0.6,0.2,1.1,0.1,0.6,0.6,0.5,0.4,0.2,0.1,0.3,0.2,0.1
2017-05-26 04:18:00+02:00,0.2,0.3,0.0,0.4,2.4,1.7,1.3,0.5,0.0,0.7,0.4,1.8,0.3,0.7,0.2,0.6,0.1,0.6,1.5,2.3,1.2,0.1,1.7,0.3,2.6,0.5,0.4,0.5,2.4,0.6,0.2,1.1,0.1,0.7,0.6,0.6,0.4,0.2,0.1,0.3,0.2,0.1
2017-05-26 04:19:00+02:00,0.2,0.3,0.0,0.4,2.4,1.8,1.4,0.5,0.0,0.7,0.4,1.8,0.3,0.8,0.2,0.6,0.1,0.7,1.5,2.3,1.3,0.1,1.8,0.3,2.6,0.5,0.4,0.5,2.4,0.6,0.2,1.2,0.1,0.7,0.6,0.6,0.4,0.2,0.1,0.3,0.2,0.1
2017-05-26 04:20:00+02:00,0.2,0.3,0.0,0.4,2.4,1.8,1.4,0.5,0.0,0.7,0.4,1.9,0.3,0.7,0.2,0.6,0.1,0.7,1.5,2.3,1.3,0.1,1.7,0.3,2.7,0.5,0.5,0.5,2.5,0.6,0.2,1.2,0.1,0.7,0.7,0.6,0.4,0.2,0.1,0.3,0.2,0.1
2017-05-26 04:21:00+02:00,0.2,0.3,0.0,0.4,2.3,1.7,1.3,0.5,0.0,0.7,0.4,1.7,0.3,0.7,0.2,0.6,0.1,0.7,1.5,2.2,1.2,0.1,1.6,0.3,2.5,0.5,0.4,0.5,2.3,0.6,0.2,1.2,0.1,0.8,0.7,0.7,0.4,0.2,0.1,0.3,0.2,0.1
2017-05-26 04:22:00+02:00,0.2,0.3,0.0,0.4,2.3,1.6,1.3,0.5,0.0,0.7,0.4,1.8,0.4,0.7,0.2,0.6,0.1,0.7,1.4,2.2,1.2,0.1,1.6,0.2,2.6,0.5,0.4,0.5,2.4,0.6,0.2,1.1,0.1,0.8,0.7,0.6,0.4,0.2,0.1,0.3,0.2,0.1
2017-05-26 04:23:00+02:00,0.1,0.2,0.0,0.3,2.2,1.6,1.3,0.5,0.0,0.6,0.4,1.7,0.3,0.8,0.2,0.6,0.1,0.6,1.4,2.2,1.2,0.1,1.5,0.2,2.5,0.5,0.4,0.5,2.3,0.6,0.3,1.1,0.1,0.8,0.7,0.6,0.5,0.2,0.1,0.3,0.2,0.1
2017-05-26 04:24:00+02:00,0.2,0.2,0.0,0.3,2.3,1.6,1.3,0.5,0.0,0.7,0.4,1.7,0.3,0.8,0.2,0.6,0.1,0.7,1.4,2.2,1.2,0.1,1.5,0.2,2.5,0.5,0.4,0.5,2.4,0.6,0.3,1.2,0.1,0.6,0.5,0.5,0.4,0.2,0.1,0.3,0.2,0.1
2017-05-26 04:25:00+02:00,0.2,0.2,0.0,0.3,2.4,1.6,1.3,0.5,0.0,0.7,0.4,1.7,0.3,0.8,0.2,0.6,0.1,0.7,1.4,2.2,1.2,0.1,1.5,0.2,2.6,0.5,0.4,0.5,2.4,0.5,0.3,1.2,0.1,0.6,0.6,0.5,0.4,0.2,0.1,0.3,0.2,0.1
2017-05-26 04:26:00+02:00,0.2,0.2,0.0,0.3,2.4,1.6,1.3,0.5,0.0,0.8,0.5,1.7,0.3,0.8,0.3,0.7,0.1,0.6,1.5,2.2,1.2,0.1,1.6,0.2,2.7,0.5,0.4,0.6,2.5,0.5,0.3,1.2,0.1,0.7,0.7,0.7,0.6,0.2,0.1,0.4,0.3,0.2
2017-05-26 04:27:00+02:00,0.1,0.2,0.0,0.3,2.5,1.7,1.3,0.5,0.0,0.7,0.5,1.8,0.3,0.8,0.3,0.6,0.1,0.6,1.5,2.4,1.2,0.1,1.6,0.2,2.8,0.6,0.4,0.5,2.6,0.5,0.4,1.2,0.1,0.7,0.7,0.7,0.6,0.2,0.1,0.4,0.3,0.2
2017-05-26 04:28:00+02:00,0.1,0.2,0.0,0.3,2.6,1.8,1.4,0.6,0.0,0.7,0.5,1.9,0.3,0.9,0.3,0.6,0.1,0.8,1.6,2.4,1.4,0.1,1.8,0.2,2.9,0.5,0.4,0.5,2.7,0.6,0.4,1.3,0.1,0.8,0.8,0.8,0.7,0.2,0.1,0.5,0.4,0.2
2017-05-26 04:29:00+02:00,0.1,0.2,0.0,0.3,2.7,1.9,1.5,0.6,0.0,0.7,0.5,2.0,0.4,0.9,0.3,0.6,0.1,0.8,1.7,2.5,1.4,0.1,1.8,0.2,2.9,0.5,0.4,0.5,2.7,0.6,0.4,1.3,0.1,0.7,0.6,0.6,0.5,0.2,0.1,0.4,0.3,0.2
2017-05-26 04:30:00+02:00,0.2,0.2,0.0,0.3,2.6,1.9,1.4,0.6,0.0,0.7,0.5,2.0,0.4,0.9,0.3,0.5,0.1,0.7,1.7,2.5,1.4,0.1,1.8,0.2,2.9,0.5,0.4,0.5,2.7,0.6,0.4,1.3,0.1,0.8,0.7,0.7,0.6,0.2,0.1,0.5,0.3,0.2
2017-05-26 04:31:00+02:00,0.2,0.2,0.0,0.3,2.7,2.0,1.5,0.6,0.0,0.7,0.5,2.0,0.4,0.9,0.3,0.6,0.1,0.8,1.7,2.6,1.3,0.1,1.9,0.3,2.8,0.5,0.4,0.5,2.7,0.6,0.4,1.3,0.1,0.8,0.7,0.6,0.6,0.2,0.1,0.4,0.3,0.2
2017-05-26 04:32:00+02:00,0.3,0.2,0.0,0.3,2.8,2.0,1.4,0.6,0.0,0.8,0.5,2.1,0.4,0.8,0.3,0.7,0.1,0.7,1.7,2.7,1.3,0.1,1.9,0.3,3.0,0.6,0.4,0.7,2.9,0.6,0.4,1.2,0.1,0.7,0.7,0.6,0.5,0.2,0.1,0.4,0.2,0.2
2017-05-26 04:33:00+02:00,0.3,0.2,0.0,0.3,2.7,2.0,1.4,0.6,0.0,0.7,0.5,2.0,0.4,0.8,0.3,0.6,0.1,0.7,1.7,2.7,1.3,0.1,1.9,0.3,2.9,0.6,0.4,0.5,2.8,0.6,0.4,1.2,0.1,0.7,0.7,0.6,0.5,0.2,0.1,0.4,0.2,0.2
2017-05-26 04:34:00+02:00,0.3,0.3,0.0,0.4,2.7,1.9,1.5,0.6,0.0,0.7,0.6,2.0,0.4,0.8,0.3,0.5,0.1,0.7,1.7,2.6,1.3,0.1,1.9,0.3,2.9,0.6,0.5,0.5,2.8,0.6,0.4,1.3,0.2,0.8,0.8,0.7,0.5,0.2,0.1,0.4,0.2,0.2
2017-05-26 04:35:00+02:00,0.3,0.3,0.0,0.4,2.7,1.9,1.4,0.6,0.0,0.7,0.6,1.9,0.4,0.8,0.3,0.5,0.1,0.7,1.6,2.6,1.3,0.1,1.8,0.3,2.9,0.6,0.4,0.5,2.8,0.6,0.4,1.2,0.2,0.7,0.7,0.6,0.5,0.2,0.1,0.3,0.2,0.2
2017-05-26 04:36:00+02:00,0.3,0.2,0.0,0.3,2.8,1.9,1.4,0.6,0.0,0.7,0.6,2.0,0.4,0.8,0.3,0.5,0.1,0.7,1.6,2.6,1.3,0.1,1.8,0.3,3.0,0.7,0.4,0.5,2.9,0.6,0.4,1.2,0.2,0.7,0.7,0.6,0.5,0.2,0.1,0.3,0.2,0.1
2017-05-26 04:37:00+02:00,0.3,0.2,0.0,0.3,2.6,1.8,1.4,0.6,0.0,0.7,0.5,1.8,0.4,0.8,0.3,0.5,0.1,0.8,1.6,2.4,1.3,0.1,1.8,0.3,2.7,0.6,0.4,0.5,2.6,0.7,0.3,1.2,0.2,0.7,0.7,0.6,0.5,0.2,0.1,0.3,0.2,0.1
2017-05-26 04:38:00+02:00,0.2,0.2,0.0,0.3,2.5,1.7,1.4,0.6,0.0,0.6,0.5,1.8,0.5,0.8,0.2,0.5,0.1,0.7,1.6,2.4,1.3,0.1,1.7,0.3,2.7,0.6,0.4,0.4,2.6,0.7,0.3,1.2,0.2,0.7,0.7,0.6,0.5,0.2,0.1,0.3,0.2,0.1
2017-05-26 04:39:00+02:00,0.2,0.3,0.0,0.4,2.6,1.8,1.4,0.6,0.0,0.6,0.5,1.9,0.4,0.8,0.2,0.5,0.1,0.7,1.6,2.5,1.4,0.1,1.8,0.3,2.7,0.6,0.5,0.4,2.6,0.7,0.3,1.3,0.2,0.7,0.7,0.6,0.5,0.2,0.1,0.3,0.2,0.1
2017-05-26 04:40:00+02:00,0.2,0.3,0.0,0.4,2.6,1.9,1.3,0.5,0.0,0.6,0.5,2.0,0.4,0.7,0.2,0.4,0.1,0.7,1.7,2.6,1.2,0.1,1.9,0.3,2.8,0.6,0.5,0.4,2.7,0.6,0.3,1.2,0.1,0.8,0.7,0.6,0.5,0.2,0.2,0.3,0.2,0.1
2017-05-26 04:41:00+02:00,0.2,0.3,0.0,0.4,2.4,1.8,1.3,0.5,0.0,0.8,0.5,1.8,0.3,0.6,0.2,0.6,0.1,0.6,1.5,2.3,1.2,0.1,1.7,0.3,2.6,0.5,0.5,0.6,2.5,0.5,0.3,1.1,0.1,0.7,0.7,0.6,0.5,0.2,0.2,0.3,0.2,0.1
2017-05-26 04:42:00+02:00,0.2,0.3,0.0,0.4,2.3,1.6,1.3,0.4,0.0,0.6,0.5,1.7,0.3,0.6,0.2,0.4,0.1,0.6,1.4,2.3,1.2,0.1,1.6,0.3,2.6,0.6,0.5,0.4,2.5,0.5,0.3,1.1,0.1,0.7,0.7,0.6,0.5,0.2,0.1,0.3,0.2,0.1
2017-05-26 04:43:00+02:00,0.3,0.3,0.0,0.4,2.3,1.6,1.3,0.4,0.0,0.6,0.4,1.8,0.3,0.6,0.2,0.4,0.1,0.6,1.4,2.3,1.2,0.1,1.6,0.3,2.6,0.5,0.5,0.4,2.4,0.5,0.3,1.1,0.1,0.7,0.7,0.6,0.5,0.2,0.1,0.3,0.2,0.2
2017-05-26 04:44:00+02:00,0.3,0.3,0.0,0.3,2.3,1.5,1.2,0.4,0.0,0.8,0.4,1.7,0.3,0.6,0.2,0.6,0.1,0.5,1.3,2.2,1.1,0.1,1.5,0.3,2.5,0.5,0.4,0.6,2.4,0.5,0.3,1.0,0.1,0.7,0.7,0.6,0.5,0.2,0.1,0.3,0.2,0.2
2017-05-26 04:45:00+02:00,0.3,0.2,0.0,0.3,2.2,1.4,1.1,0.4,0.0,0.8,0.4,1.6,0.3,0.6,0.2,0.6,0.1,0.5,1.2,2.1,1.1,0.1,1.3,0.3,2.4,0.5,0.4,0.6,2.3,0.5,0.2,1.0,0.1,0.7,0.7,0.6,0.5,0.2,0.1,0.4,0.2,0.2
2017-05-26 04:46:00+02:00,0.2,0.2,0.0,0.3,3.2,2.5,2.1,1.4,0.0,0.7,0.4,2.7,1.3,1.6,0.2,0.5,0.1,1.5,2.3,3.2,2.1,0.1,2.4,0.3,3.5,0.4,0.4,0.5,3.3,1.5,0.2,2.0,0.1,0.8,0.7,0.7,0.6,0.2,0.1,0.4,0.3,0.2
2017-05-26 04:47:00+02:00,0.2,0.2,0.0,0.3,3.4,2.5,1.9,1.2,0.0,0.8,0.4,2.9,1.0,1.4,0.2,0.5,0.1,1.3,2.4,3.4,1.8,0.1,2.5,0.2,3.7,0.4,0.4,0.5,3.5,1.2,0.3,1.8,0.1,0.8,0.8,0.7,0.6,0.2,0.1,0.4,0.3,0.2
2017-05-26 04:48:00+02:00,0.2,0.2,0.0,0.3,2.5,1.6,1.2,0.4,0.0,0.8,0.3,2.0,0.3,0.6,0.2,0.5,0.1,0.5,1.4,2.4,1.1,0.1,1.5,0.2,2.7,0.4,0.4,0.5,2.6,0.5,0.2,1.0,0.1,0.8,0.8,0.7,0.6,0.2,0.1,0.4,0.3,0.2
2017-05-26 04:49:00+02:00,0.2,0.2,0.0,0.4,2.4,1.5,1.2,0.5,0.0,0.8,0.4,1.9,0.3,0.7,0.2,0.5,0.1,0.5,1.3,2.4,1.2,0.1,1.4,0.2,2.6,0.5,0.4,0.5,2.5,0.5,0.3,1.1,0.1,0.7,0.7,0.6,0.5,0.2,0.1,0.4,0.3,0.2
2017-05-26 04:50:00+02:00,0.2,0.2,0.0,0.4,2.5,1.5,1.2,0.4,0.0,0.8,0.4,1.8,0.3,0.6,0.2,0.5,0.1,0.5,1.3,2.4,1.1,0.1,1.4,0.3,2.7,0.5,0.5,0.5,2.6,0.5,0.3,1.1,0.2,0.7,0.7,0.6,0.6,0.2,0.2,0.4,0.3,0.2
2017-05-26 04:51:00+02:00,0.2,0.3,0.0,0.4,2.5,1.5,1.2,0.4,0.0,0.8,0.5,1.8,0.3,0.6,0.2,0.5,0.1,0.5,1.3,2.4,1.2,0.1,1.4,0.3,2.7,0.5,0.5,0.5,2.6,0.5,0.3,1.1,0.2,0.8,0.7,0.7,0.6,0.2,0.2,0.4,0.3,0.2
2017-05-26 04:52:00+02:00,0.2,0.3,0.0,0.4,2.5,1.7,1.2,0.4,0.0,0.8,0.5,1.8,0.3,0.7,0.2,0.5,0.1,0.6,1.5,2.4,1.2,0.1,1.6,0.2,2.8,0.6,0.5,0.5,2.6,0.5,0.3,1.1,0.2,0.8,0.7,0.7,0.6,0.2,0.2,0.4,0.3,0.3
2017-05-26 04:53:00+02:00,0.2,0.3,0.1,0.4,2.6,1.8,1.3,0.5,0.1,0.8,0.5,1.9,0.3,0.7,0.2,0.5,0.1,0.6,1.6,2.5,1.2,0.1,1.7,0.2,2.9,0.6,0.5,0.5,2.7,0.6,0.4,1.2,0.2,0.8,0.8,0.7,0.7,0.2,0.2,0.5,0.4,0.3
2017-05-26 04:54:00+02:00,0.3,0.3,0.1,0.5,2.7,1.8,1.4,0.5,0.1,0.9,0.6,2.0,0.3,0.7,0.2,0.6,0.1,0.6,1.6,2.6,1.3,0.1,1.8,0.3,3.0,0.6,0.5,0.6,2.8,0.6,0.4,1.2,0.2,0.7,0.6,0.6,0.5,0.2,0.2,0.3,0.2,0.1
2017-05-26 04:55:00+02:00,0.3,0.3,0.1,0.5,2.7,1.8,1.4,0.5,0.1,0.9,0.5,2.0,0.3,0.7,0.2,0.7,0.1,0.6,1.6,2.6,1.3,0.1,1.8,0.4,3.0,0.6,0.5,0.7,2.9,0.6,0.4,1.2,0.3,0.6,0.6,0.5,0.5,0.2,0.2,0.3,0.2,0.1
2017-05-26 04:56:00+02:00,0.3,0.3,0.1,0.5,2.7,1.8,1.3,0.5,0.1,0.9,0.5,1.9,0.3,0.7,0.2,0.7,0.1,0.6,1.6,2.6,1.3,0.1,1.8,0.4,3.0,0.6,0.5,0.7,2.9,0.6,0.4,1.2,0.3,0.7,0.6,0.6,0.5,0.2,0.2,0.3,0.2,0.1
2017-05-26 04:57:00+02:00,0.3,0.3,0.0,0.5,2.7,1.8,1.4,0.5,0.1,0.9,0.5,2.0,0.3,0.7,0.2,0.7,0.1,0.6,1.7,2.5,1.3,0.1,1.8,0.4,3.0,0.6,0.5,0.7,2.8,0.6,0.3,1.3,0.2,0.6,0.6,0.5,0.5,0.2,0.2,0.3,0.2,0.1
2017-05-26 04:58:00+02:00,0.3,0.3,0.0,0.5,2.7,1.9,1.4,0.5,0.1,0.9,0.5,2.0,0.3,0.8,0.2,0.7,0.1,0.6,1.7,2.6,1.4,0.1,1.8,0.4,3.0,0.6,0.5,0.7,2.9,0.6,0.3,1.3,0.2,0.7,0.6,0.5,0.5,0.2,0.2,0.3,0.2,0.1
2017-05-26 04:59:00+02:00,0.3,0.4,0.0,0.5,2.6,1.8,1.3,0.4,0.1,0.9,0.5,1.9,0.3,0.7,0.2,0.7,0.1,0.5,1.6,2.5,1.2,0.1,1.7,0.4,2.9,0.6,0.6,0.7,2.8,0.5,0.3,1.2,0.2,0.7,0.6,0.5,0.5,0.2,0.2,0.3,0.2,0.1
2017-05-26 05:00:00+02:00,0.3,0.3,0.0,0.4,2.7,1.7,1.2,0.4,0.1,0.8,0.5,2.0,0.3,0.6,0.2,0.7,0.1,0.5,1.5,2.5,1.2,0.1,1.6,0.4,3.0,0.6,0.5,0.6,2.8,0.4,0.3,1.1,0.1,0.6,0.6,0.5,0.5,0.2,0.2,0.3,0.2,0.1
2017-05-26 05:01:00+02:00,0.2,0.3,0.0,0.4,2.8,2.0,1.2,0.4,0.1,0.8,0.5,2.2,0.3,0.6,0.2,0.5,0.1,0.5,1.7,2.7,1.1,0.1,1.8,0.4,3.2,0.5,0.5,0.5,3.0,0.4,0.3,1.1,0.1,0.6,0.6,0.5,0.5,0.2,0.1,0.3,0.2,0.1
2017-05-26 05:02:00+02:00,0.1,0.3,0.0,0.4,2.4,1.6,1.1,0.3,0.1,1.4,0.4,1.8,0.3,0.5,0.2,1.2,0.1,0.4,1.4,2.3,1.0,0.1,1.5,1.1,2.7,0.5,0.5,1.2,2.6,0.4,0.3,1.0,0.1,0.7,0.6,0.6,0.6,0.2,0.2,0.4,0.3,0.2
2017-05-26 05:03:00+02:00,0.2,0.3,0.0,0.4,2.4,1.6,1.1,0.3,0.1,0.8,0.4,1.8,0.3,0.5,0.2,0.6,0.1,0.4,1.3,2.3,1.0,0.1,1.4,0.4,2.7,0.5,0.5,0.5,2.5,0.4,0.3,1.0,0.1,0.7,0.7,0.7,0.6,0.2,0.1,0.4,0.4,0.2
2017-05-26 05:04:00+02:00,0.2,0.3,0.0,0.4,2.6,1.8,1.2,0.4,0.1,0.8,0.4,2.0,0.3,0.5,0.2,0.5,0.1,0.5,1.4,2.5,1.1,0.1,1.6,0.4,2.9,0.5,0.5,0.5,2.7,0.4,0.3,1.0,0.1,0.8,0.8,0.7,0.6,0.2,0.1,0.5,0.4,0.3
2017-05-26 05:05:00+02:00,0.2,0.3,0.0,0.4,2.5,1.7,1.2,0.3,0.1,0.9,0.3,2.0,0.3,0.5,0.2,0.6,0.1,0.4,1.4,2.4,1.1,0.1,1.6,0.3,2.8,0.4,0.6,0.6,2.6,0.4,0.2,1.0,0.1,0.8,0.8,0.8,0.7,0.2,0.2,0.5,0.5,0.3
2017-05-26 05:06:00+02:00,0.2,0.3,0.0,0.5,2.6,1.8,1.2,0.3,0.1,0.9,0.4,2.0,0.3,0.5,0.2,0.6,0.1,0.4,1.4,2.5,1.1,0.1,1.6,0.3,2.9,0.5,0.6,0.6,2.7,0.4,0.3,1.1,0.1,0.7,0.7,0.6,0.5,0.2,0.2,0.4,0.3,0.2
2017-05-26 05:07:00+02:00,0.2,0.3,0.0,0.5,2.5,1.8,1.2,0.3,0.1,0.8,0.4,1.9,0.2,0.5,0.2,0.5,0.0,0.4,1.5,2.4,1.1,0.1,1.7,0.2,2.8,0.5,0.6,0.5,2.7,0.4,0.2,1.1,0.2,0.7,0.7,0.7,0.6,0.3,0.1,0.3,0.2,0.1
2017-05-26 05:08:00+02:00,0.2,0.4,0.0,0.5,2.9,1.8,1.3,0.3,0.1,0.8,0.8,1.9,0.2,0.4,0.2,0.6,0.0,0.4,1.5,2.8,1.1,0.1,1.7,0.3,3.2,0.8,0.6,0.5,3.0,0.4,0.2,1.0,0.2,0.8,0.8,0.7,0.7,0.3,0.1,0.4,0.3,0.2
2017-05-26 05:09:00+02:00,0.2,0.4,0.0,0.5,3.1,2.3,1.8,0.8,0.2,0.8,0.5,2.5,0.7,0.9,0.2,0.5,0.0,0.9,2.0,3.0,1.6,0.1,2.2,0.2,3.6,0.6,0.6,0.5,3.4,0.9,0.2,1.5,0.2,0.8,0.8,0.7,0.7,0.3,0.1,0.4,0.3,0.2
2017-05-26 05:10:00+02:00,0.1,0.4,0.0,0.6,3.8,3.1,2.5,1.5,0.3,0.8,0.4,3.3,1.3,1.6,0.2,0.5,0.0,1.6,2.8,3.7,2.4,0.1,3.0,0.2,4.0,0.5,0.7,0.5,3.9,1.5,0.2,2.3,0.3,0.8,0.7,0.7,0.6,0.2,0.1,0.4,0.3,0.2
2017-05-26 05:11:00+02:00,0.1,0.4,0.0,0.6,3.3,2.6,2.1,1.1,0.2,0.5,0.4,2.8,0.3,1.2,0.2,0.3,0.0,1.2,2.3,3.2,2.0,0.1,2.5,0.1,3.5,0.4,0.7,0.3,3.4,1.2,0.2,1.9,0.3,0.8,0.8,0.7,0.6,0.2,0.1,0.4,0.3,0.2
2017-05-26 05:12:00+02:00,0.2,0.4,0.0,0.6,2.7,2.0,1.5,0.5,0.2,0.6,0.4,2.2,0.3,0.7,0.2,0.4,0.1,0.6,1.7,2.6,1.3,0.1,1.9,0.2,2.9,0.4,0.7,0.4,2.7,0.6,0.2,1.3,0.2,0.7,0.7,0.6,0.5,0.3,0.1,0.3,0.2,0.1
2017-05-26 05:13:00+02:00,0.2,0.4,0.0,0.6,3.1,2.5,2.0,0.7,0.1,0.7,0.3,2.7,0.3,0.9,0.1,0.5,0.1,0.8,2.2,3.1,1.6,0.1,2.4,0.3,3.4,0.4,0.7,0.4,3.2,0.8,0.2,1.6,0.2,0.6,0.6,0.5,0.5,0.2,0.1,0.3,0.2,0.2
2017-05-26 05:14:00+02:00,0.2,0.4,0.0,0.7,3.3,2.5,2.0,0.9,0.1,0.7,0.4,2.7,0.6,1.0,0.2,0.5,0.1,1.0,2.2,3.2,1.8,0.1,2.4,0.3,3.5,0.5,0.8,0.4,3.3,1.0,0.2,1.8,0.2,0.6,0.6,0.5,0.5,0.2,0.1,0.3,0.2,0.2
2017-05-26 05:15:00+02:00,0.2,0.4,0.0,0.5,3.6,2.9,2.4,1.5,0.1,0.7,0.3,3.1,1.3,1.6,0.2,0.5,0.1,1.6,2.7,3.6,2.3,0.1,2.8,0.3,3.8,0.5,0.6,0.4,3.7,1.6,0.2,2.2,0.2,0.6,0.6,0.5,0.5,0.2,0.1,0.3,0.2,0.2
2017-05-26 05:16:00+02:00,0.2,0.4,0.0,0.5,3.1,2.4,1.9,1.0,0.1,0.7,0.4,2.5,0.8,1.1,0.2,0.5,0.1,1.1,2.2,3.0,1.8,0.1,2.3,0.2,3.2,0.5,0.6,0.4,3.1,1.0,0.2,1.7,0.2,0.6,0.6,0.5,0.5,0.2,0.1,0.3,0.2,0.2
2017-05-26 05:17:00+02:00,0.2,0.4,0.0,0.5,2.6,1.9,1.4,0.4,0.1,0.7,0.4,2.1,0.3,0.6,0.2,0.5,0.1,0.5,1.7,2.6,1.3,0.1,1.8,0.2,2.8,0.5,0.7,0.4,2.7,0.5,0.2,1.2,0.2,0.6,0.6,0.5,0.5,0.2,0.1,0.3,0.2,0.2
2017-05-26 05:18:00+02:00,0.2,0.4,0.0,0.7,2.9,2.2,1.7,0.4,0.2,0.6,0.4,2.3,0.3,0.7,0.2,0.4,0.1,0.6,2.0,2.9,1.6,0.1,2.1,0.2,3.1,0.5,0.8,0.3,3.0,0.6,0.2,1.5,0.2,0.6,0.6,0.5,0.4,0.2,0.1,0.3,0.2,0.2
2017-05-26 05:19:00+02:00,0.2,0.5,0.0,0.8,3.0,2.3,1.8,0.4,0.2,0.7,0.4,2.5,0.3,0.7,0.2,0.4,0.1,0.6,2.1,3.0,1.7,0.1,2.2,0.2,3.2,0.5,0.9,0.4,3.1,0.6,0.3,1.6,0.3,0.7,0.6,0.5,0.5,0.2,0.1,0.3,0.2,0.2
2017-05-26 05:20:00+02:00,0.2,0.5,0.0,0.8,3.0,2.2,1.7,0.4,0.2,0.7,0.5,2.4,0.3,0.7,0.2,0.4,0.1,0.6,2.0,3.0,1.6,0.1,2.1,0.2,3.2,0.6,0.9,0.4,3.1,0.5,0.3,1.5,0.3,0.7,0.6,0.5,0.5,0.2,0.1,0.3,0.3,0.2
2017-05-26 05:21:00+02:00,0.2,0.3,0.0,0.6,2.8,2.0,1.5,0.4,0.1,0.7,0.5,2.2,0.2,0.6,0.2,0.4,0.0,0.6,1.8,2.8,1.4,0.1,1.9,0.2,3.0,0.6,0.7,0.4,2.9,0.5,0.3,1.4,0.2,0.8,0.7,0.6,0.6,0.2,0.1,0.4,0.3,0.2
2017-05-26 05:22:00+02:00,0.2,0.3,0.0,0.6,2.8,2.0,1.5,0.4,0.1,0.7,0.5,2.1,0.3,0.6,0.2,0.4,0.1,0.6,1.7,2.8,1.3,0.1,1.8,0.2,3.0,0.7,0.7,0.4,2.9,0.5,0.3,1.3,0.2,0.8,0.7,0.6,0.6,0.2,0.1,0.4,0.3,0.2
2017-05-26 05:23:00+02:00,0.2,0.4,0.0,0.6,3.1,2.2,1.7,0.5,0.1,0.7,0.6,2.3,0.3,0.7,0.3,0.4,0.1,0.6,1.9,3.0,1.4,0.1,2.0,0.2,3.3,0.7,0.7,0.4,3.2,0.6,0.3,1.4,0.2,0.8,0.7,0.6,0.6,0.2,0.1,0.4,0.3,0.2
2017-05-26 05:24:00+02:00,0.2,0.4,0.0,0.6,3.1,2.2,1.7,0.5,0.2,0.8,0.6,2.3,0.3,0.8,0.3,0.5,0.1,0.7,2.0,3.1,1.5,0.2,2.1,0.3,3.3,0.7,0.7,0.5,3.2,0.6,0.4,1.4,0.2,0.7,0.6,0.5,0.5,0.2,0.1,0.3,0.2,0.2
2017-05-26 05:25:00+02:00,0.2,0.3,0.0,0.4,2.9,2.0,1.6,0.5,0.2,0.7,0.6,2.1,0.3,0.7,0.3,0.5,0.1,0.7,1.8,2.8,1.3,0.2,1.9,0.3,3.1,0.7,0.5,0.5,3.0,0.6,0.4,1.3,0.2,0.7,0.6,0.5,0.5,0.2,0.1,0.3,0.2,0.2
2017-05-26 05:26:00+02:00,0.2,0.4,0.0,0.4,2.9,2.0,1.5,0.5,0.2,0.7,0.6,2.1,0.3,0.7,0.3,0.5,0.1,0.7,1.8,2.8,1.3,0.1,1.9,0.4,3.2,0.7,0.5,0.5,3.0,0.6,0.3,1.3,0.2,0.7,0.6,0.6,0.5,0.2,0.1,0.3,0.3,0.2
2017-05-26 05:27:00+02:00,0.2,0.4,0.0,0.4,2.8,2.0,1.5,0.5,0.2,0.8,0.5,2.1,0.3,0.7,0.2,0.6,0.1,0.7,1.8,2.7,1.3,0.1,1.9,0.4,3.1,0.6,0.5,0.5,2.9,0.6,0.3,1.3,0.2,0.7,0.6,0.6,0.5,0.2,0.1,0.3,0.3,0.2
2017-05-26 05:28:00+02:00,0.3,0.4,0.0,0.4,2.7,1.9,1.5,0.5,0.1,0.9,0.5,2.1,0.3,0.7,0.2,0.7,0.1,0.6,1.7,2.6,1.3,0.1,1.9,0.4,3.0,0.5,0.5,0.6,2.8,0.6,0.3,1.2,0.2,0.7,0.6,0.6,0.5,0.2,0.1,0.3,0.3,0.2
2017-05-26 05:29:00+02:00,0.3,0.3,0.0,0.4,2.7,1.9,1.5,0.6,0.1,0.9,0.5,2.0,0.4,0.8,0.2,0.6,0.1,0.7,1.7,2.6,1.2,0.1,1.8,0.4,3.0,0.5,0.5,0.5,2.8,0.6,0.3,1.2,0.1,0.6,0.6,0.5,0.4,0.2,0.1,0.2,0.2,0.1
2017-05-26 05:30:00+02:00,0.3,0.4,0.0,0.6,2.9,2.1,1.7,0.5,0.1,1.0,0.5,2.3,0.4,0.8,0.2,0.7,0.1,0.7,1.9,2.8,1.5,0.1,2.0,0.5,3.1,0.5,0.7,0.6,3.0,0.6,0.3,1.4,0.3,0.6,0.5,0.4,0.4,0.1,0.1,0.2,0.2,0.1
2017-05-26 05:31:00+02:00,0.2,0.5,0.0,0.7,3.0,2.3,1.8,0.6,0.1,0.8,0.5,2.4,0.5,0.8,0.2,0.6,0.1,0.7,2.1,2.9,1.6,0.1,2.2,0.3,3.1,0.5,0.8,0.4,3.0,0.7,0.3,1.5,0.3,0.5,0.5,0.4,0.4,0.1,0.1,0.2,0.2,0.1
2017-05-26 05:32:00+02:00,0.1,0.5,0.0,0.7,2.9,2.2,1.8,0.6,0.1,0.7,0.4,2.4,0.5,0.8,0.2,0.5,0.1,0.7,2.1,2.8,1.6,0.1,2.1,0.2,3.1,0.5,0.8,0.4,3.0,0.7,0.3,1.5,0.3,0.5,0.5,0.4,0.3,0.1,0.1,0.2,0.2,0.1
2017-05-26 05:33:00+02:00,0.1,0.3,0.0,0.3,0.8,0.9,0.5,0.5,0.1,0.3,0.1,1.0,0.4,0.4,0.2,0.1,0.1,0.4,0.7,0.7,0.5,0.1,0.8,0.0,0.6,0.3,0.3,0.2,0.9,0.5,0.0,0.5,0.3,0.7,0.8,0.8,0.7,0.4,0.2,0.3,0.1,0.1
2017-05-26 05:34:00+02:00,0.1,0.2,0.0,0.3,0.6,0.7,0.3,0.5,0.1,0.4,0.1,0.8,0.4,0.3,0.2,0.1,0.1,0.4,0.5,0.6,0.4,0.1,0.6,0.1,0.5,0.3,0.3,0.1,0.6,0.5,0.0,0.4,0.3,0.8,0.9,0.9,0.8,0.5,0.2,0.3,0.1,0.1
2017-05-26 05:35:00+02:00,0.2,0.2,0.0,0.3,0.5,0.5,0.3,0.4,0.1,0.5,0.2,0.6,0.4,0.3,0.2,0.1,0.1,0.3,0.4,0.5,0.3,0.1,0.5,0.1,0.7,0.4,0.4,0.1,0.5,0.5,0.1,0.3,0.3,1.0,1.0,1.0,0.9,0.5,0.3,0.4,0.2,0.1
2017-05-26 05:36:00+02:00,0.2,0.2,0.0,0.2,0.6,0.4,0.4,0.4,0.1,0.7,0.2,0.3,0.4,0.2,0.2,0.2,0.1,0.2,0.5,0.6,0.3,0.1,0.5,0.1,1.1,0.5,0.5,0.1,0.5,0.4,0.1,0.3,0.3,1.2,1.2,1.2,1.1,0.6,0.3,0.5,0.2,0.1
2017-05-26 05:37:00+02:00,0.2,0.2,0.0,0.3,0.8,0.4,0.6,0.4,0.1,0.8,0.3,0.3,0.4,0.2,0.2,0.2,0.1,0.3,0.6,0.9,0.4,0.1,0.5,0.2,1.4,0.6,0.6,0.0,0.8,0.4,0.1,0.4,0.2,1.3,1.3,1.3,1.1,0.6,0.3,0.5,0.2,0.1
2017-05-26 05:38:00+02:00,0.2,0.2,0.0,0.3,1.1,0.6,0.8,0.5,0.1,0.9,0.4,0.5,0.4,0.1,0.2,0.3,0.2,0.2,0.8,1.2,0.4,0.1,0.8,0.2,1.8,0.7,0.6,0.0,1.1,0.5,0.2,0.5,0.2,1.4,1.5,1.5,1.3,0.7,0.3,0.5,0.2,0.1
2017-05-26 05:39:00+02:00,0.3,0.2,0.0,0.3,1.3,0.8,0.9,0.4,0.0,1.2,0.4,0.7,0.4,0.1,0.2,0.5,0.2,0.2,1.0,1.4,0.5,0.0,0.9,0.2,2.0,0.7,0.6,0.2,1.2,0.4,0.1,0.5,0.2,1.6,1.6,1.6,1.4,0.8,0.4,0.6,0.3,0.1
2017-05-26 05:40:00+02:00,0.3,0.3,0.0,0.3,1.4,1.0,1.0,0.4,0.0,1.3,0.4,0.9,0.4,0.0,0.2,0.5,0.2,0.1,1.2,1.7,0.7,0.0,1.1,0.2,2.1,0.8,0.7,0.2,1.3,0.4,0.2,0.7,0.2,1.7,1.7,1.8,1.5,0.8,0.4,0.7,0.3,0.1
2017-05-26 05:41:00+02:00,0.3,0.3,0.0,0.5,1.9,1.3,1.3,0.4,0.0,1.4,0.5,1.2,0.4,0.1,0.2,0.6,0.2,0.1,1.5,2.1,0.9,0.0,1.4,0.2,2.7,0.9,0.9,0.2,1.8,0.4,0.2,0.9,0.1,1.9,1.9,1.9,1.6,0.9,0.4,0.8,0.3,0.1
2017-05-26 05:42:00+02:00,0.3,0.3,0.0,0.5,2.1,1.4,1.4,0.4,0.0,1.5,0.6,1.3,0.4,0.1,0.2,0.6,0.2,0.1,1.6,2.3,1.0,0.0,1.5,0.3,2.9,1.0,0.9,0.2,2.0,0.4,0.2,1.0,0.1,1.9,1.9,1.9,1.7,0.8,0.4,0.8,0.3,0.1
2017-05-26 05:43:00+02:00,0.4,0.4,0.0,0.5,2.3,1.5,1.5,0.4,0.0,1.7,0.6,1.5,0.4,0.2,0.2,0.8,0.2,0.1,1.7,2.5,1.0,0.1,1.6,0.3,3.2,1.1,0.9,0.3,2.2,0.3,0.3,1.0,0.2,2.0,2.0,2.0,1.7,0.8,0.3,0.9,0.4,0.1
2017-05-26 05:44:00+02:00,0.3,0.4,0.0,0.6,3.0,2.0,1.8,0.3,0.0,1.7,0.9,1.9,0.3,0.3,0.1,0.7,0.1,0.2,2.0,3.2,1.4,0.1,2.0,0.2,4.0,1.4,1.1,0.2,2.9,0.3,0.5,1.4,0.2,2.1,2.1,2.1,1.8,0.8,0.4,0.9,0.4,0.1
2017-05-26 05:45:00+02:00,0.3,0.4,0.0,0.5,3.3,2.0,1.8,0.3,0.1,1.7,1.0,1.9,0.3,0.4,0.1,0.7,0.1,0.3,2.1,3.4,1.3,0.1,2.0,0.3,4.3,1.5,1.0,0.2,3.2,0.3,0.6,1.3,0.0,2.1,2.1,2.1,1.7,0.9,0.4,0.8,0.4,0.1
2017-05-26 05:46:00+02:00,0.3,0.5,0.0,0.5,3.0,1.6,1.5,0.7,0.1,1.5,1.0,1.5,0.7,0.3,0.1,0.6,0.1,0.3,1.7,3.0,1.0,0.1,1.6,0.2,4.0,1.5,1.0,0.1,2.9,0.7,0.6,1.0,0.1,2.1,2.1,2.1,1.7,0.9,0.4,0.8,0.4,0.1
2017-05-26 05:47:00+02:00,0.5,0.6,0.0,0.7,3.2,1.7,1.5,0.9,0.1,1.6,1.0,1.6,1.0,0.4,0.1,0.6,0.1,0.5,1.8,3.2,1.0,0.1,1.7,0.3,4.3,1.6,1.2,0.2,3.2,0.9,0.6,1.0,0.1,1.9,1.9,2.0,1.9,1.0,0.4,0.9,0.4,0.1
2017-05-26 05:48:00+02:00,0.4,0.6,0.0,0.7,3.7,2.1,2.0,0.6,0.1,1.7,1.1,2.1,0.7,0.3,0.1,0.7,0.1,0.2,2.2,3.7,1.4,0.1,2.2,0.3,4.9,1.7,1.3,0.2,3.7,0.6,0.6,1.4,0.1,1.5,1.5,1.6,2.0,1.1,0.5,1.0,0.4,0.1
2017-05-26 05:49:00+02:00,0.5,0.6,0.0,0.8,4.6,2.8,2.7,0.2,0.0,1.8,1.2,2.8,0.3,0.6,0.1,0.7,0.1,0.4,2.9,4.6,2.0,0.1,2.9,0.3,5.8,1.8,1.4,0.2,4.5,0.1,0.7,2.1,0.0,2.6,2.6,2.6,2.2,1.2,0.6,1.0,0.4,0.1
2017-05-26 05:50:00+02:00,0.6,0.6,0.0,0.9,4.9,3.1,2.9,0.1,0.0,2.0,1.2,3.0,0.2,0.7,0.1,0.9,0.1,0.5,3.2,4.9,2.2,0.1,3.1,0.4,6.2,1.9,1.5,0.3,4.9,0.1,0.7,2.3,0.0,2.8,2.8,2.8,2.5,1.3,0.7,1.2,0.6,0.1
2017-05-26 05:51:00+02:00,0.6,0.6,0.0,0.9,5.1,3.3,3.1,0.0,0.1,2.2,1.2,3.2,0.2,0.8,0.1,0.9,0.1,0.6,3.4,5.1,2.4,0.1,3.3,0.4,6.5,1.9,1.6,0.3,5.1,0.1,0.7,2.4,0.1,3.0,2.9,3.0,2.6,1.4,0.7,1.3,0.7,0.0
2017-05-26 05:52:00+02:00,0.6,0.6,0.0,0.9,5.3,3.6,3.2,0.1,0.1,2.3,1.2,3.4,0.1,1.0,0.1,1.0,0.1,0.7,3.6,5.2,2.5,0.1,3.6,0.5,6.7,1.8,1.6,0.4,5.2,0.2,0.6,2.5,0.1,3.2,3.1,3.2,2.8,1.4,0.7,1.4,0.7,0.0
2017-05-26 05:53:00+02:00,0.6,0.8,0.0,1.1,5.6,3.8,3.5,0.1,0.1,2.4,1.2,3.7,0.2,1.0,0.2,0.9,0.1,0.7,3.9,5.6,2.8,0.1,3.9,0.5,7.1,1.9,1.8,0.3,5.5,0.2,0.5,2.8,0.1,3.4,3.3,3.4,3.0,1.5,0.7,1.5,0.8,0.0
2017-05-26 05:54:00+02:00,0.6,0.9,0.1,1.2,6.0,4.1,3.7,0.1,0.2,2.5,1.3,4.0,0.2,1.1,0.2,1.0,0.1,0.8,4.2,6.0,3.0,0.1,4.2,0.5,7.6,2.0,2.0,0.3,6.0,0.3,0.6,3.0,0.1,3.5,3.5,3.5,3.1,1.6,0.8,1.5,0.7,0.1
2017-05-26 05:55:00+02:00,0.7,1.0,0.1,1.4,6.4,4.4,4.0,0.1,0.2,2.7,1.4,4.3,0.2,1.1,0.2,1.1,0.1,0.8,4.5,6.4,3.3,0.1,4.4,0.5,8.0,2.2,2.2,0.4,6.3,0.3,0.6,3.3,0.2,3.7,3.7,3.7,3.2,1.7,0.8,1.5,0.7,0.1
2017-05-26 05:56:00+02:00,0.7,1.0,0.1,1.3,6.4,4.5,4.0,0.2,0.2,2.7,1.3,4.3,0.2,1.1,0.1,1.1,0.1,0.9,4.5,6.4,3.3,0.1,4.5,0.5,8.0,2.1,2.2,0.3,6.4,0.3,0.7,3.3,0.2,3.7,3.7,3.7,3.2,1.7,0.8,1.6,0.8,0.0
2017-05-26 05:57:00+02:00,0.7,1.0,0.1,1.4,7.0,4.9,4.4,0.2,0.2,2.9,1.6,4.7,0.2,1.3,0.0,1.2,0.1,1.0,4.9,7.0,3.6,0.1,4.9,0.5,8.7,2.3,2.3,0.3,7.0,0.4,0.8,3.6,0.2,4.1,4.0,4.0,3.5,1.8,0.9,1.7,0.8,0.0
2017-05-26 05:58:00+02:00,0.8,1.1,0.1,1.5,7.3,5.1,4.6,0.2,0.2,3.1,1.8,5.0,0.1,1.3,0.1,1.3,0.1,1.0,5.1,7.3,3.8,0.1,5.2,0.6,9.1,2.3,2.4,0.4,7.2,0.4,1.0,3.8,0.2,4.3,4.2,4.2,3.7,1.9,0.9,1.8,0.9,0.0
2017-05-26 05:59:00+02:00,0.8,1.1,0.1,1.6,7.3,5.1,4.6,0.1,0.2,3.1,1.8,5.0,0.1,1.3,0.1,1.3,0.1,0.9,5.1,7.4,3.8,0.1,5.2,0.6,9.2,2.3,2.5,0.5,7.3,0.3,1.0,3.7,0.3,4.4,4.3,4.3,3.7,1.9,0.9,1.8,0.9,0.0
2017-05-26 06:00:00+02:00,0.8,1.1,0.1,1.1,6.9,4.7,4.1,0.1,0.2,3.1,1.8,4.6,0.1,1.2,0.1,1.3,0.0,0.9,4.7,6.9,3.3,0.1,4.7,0.6,8.7,2.3,2.0,0.5,6.9,0.2,1.0,3.3,0.3,4.4,4.3,4.3,3.7,1.9,0.9,1.8,0.9,0.0
2017-05-26 06:01:00+02:00,0.8,1.1,0.1,1.3,7.1,4.8,4.3,0.1,0.2,3.0,1.8,4.7,0.1,1.2,0.2,1.2,0.0,0.9,4.8,7.1,3.4,0.1,4.8,0.5,8.8,2.3,2.2,0.4,7.1,0.3,1.0,3.4,0.3,4.5,4.4,4.3,3.6,1.9,0.9,1.8,0.9,0.0
2017-05-26 06:02:00+02:00,0.7,1.0,0.1,1.3,6.7,4.6,4.1,0.2,0.2,2.7,1.7,4.5,0.2,1.1,0.2,1.1,0.0,0.8,4.6,6.7,3.3,0.2,4.6,0.4,8.4,2.2,2.2,0.3,6.7,0.3,1.0,3.3,0.3,4.0,3.9,3.9,3.3,1.7,0.8,1.6,0.8,0.1
2017-05-26 06:03:00+02:00,0.8,1.2,0.1,1.6,8.1,5.6,5.0,0.2,0.2,3.2,2.0,5.5,0.2,1.4,0.2,1.4,0.0,1.1,5.5,8.1,4.1,0.2,5.6,0.6,10.0,2.6,2.6,0.5,8.1,0.4,1.2,4.0,0.3,4.7,4.6,4.5,3.8,1.9,0.9,1.9,1.0,0.1
2017-05-26 06:04:00+02:00,0.6,1.0,0.1,1.2,6.3,4.3,3.8,0.1,0.2,2.5,1.6,4.2,0.2,1.1,0.2,1.1,0.0,0.8,4.2,6.3,3.1,0.2,4.3,0.4,7.8,2.0,2.0,0.3,6.3,0.3,0.9,3.1,0.3,3.6,3.5,3.4,3.0,1.5,0.7,1.5,0.8,0.1
2017-05-26 06:05:00+02:00,0.8,1.4,0.1,1.8,8.8,6.0,5.3,0.3,0.2,3.4,2.1,6.0,0.2,1.5,0.3,1.5,0.0,1.2,5.9,8.8,4.4,0.2,6.0,0.6,10.8,2.8,2.8,0.5,8.8,0.5,1.2,4.3,0.4,4.7,4.6,4.5,4.0,2.0,0.9,2.0,1.0,0.1
2017-05-26 06:06:00+02:00,1.0,1.6,0.1,2.1,10.4,7.1,6.3,0.3,0.3,3.9,2.5,7.1,0.2,1.9,0.3,1.7,0.0,1.4,7.0,10.4,5.2,0.2,7.1,0.7,12.7,3.3,3.3,0.6,10.4,0.6,1.4,5.1,0.4,5.5,5.4,5.3,4.6,2.3,1.1,2.3,1.2,0.1
2017-05-26 06:07:00+02:00,0.9,1.4,0.1,2.0,9.6,6.6,5.7,0.3,0.3,3.6,2.3,6.6,0.2,1.7,0.3,1.6,0.1,1.3,6.4,9.6,4.8,0.2,6.6,0.6,11.8,3.0,3.0,0.6,9.7,0.5,1.3,4.7,0.4,5.0,4.8,4.7,4.2,2.0,1.0,2.2,1.2,0.1
2017-05-26 06:08:00+02:00,0.4,1.0,0.1,1.2,6.2,4.3,3.6,0.3,0.2,2.0,1.6,4.3,0.3,1.0,0.4,0.7,0.1,0.8,4.1,6.2,3.0,0.3,4.2,0.2,7.6,2.0,1.8,0.1,6.3,0.3,1.0,2.9,0.3,3.1,3.0,2.9,2.6,1.2,0.6,1.4,0.8,0.1
2017-05-26 06:09:00+02:00,0.4,1.3,0.2,1.6,8.6,5.9,5.0,0.4,0.2,2.4,2.1,5.9,0.3,1.5,0.5,0.7,0.1,1.2,5.6,8.6,4.2,0.4,5.8,0.1,10.5,2.6,2.5,0.1,8.8,0.5,1.3,4.0,0.4,4.2,4.0,3.9,3.5,1.6,0.8,1.8,1.0,0.2
2017-05-26 06:10:00+02:00,0.7,1.5,0.2,1.9,10.1,6.8,5.8,0.4,0.3,2.7,2.4,6.8,0.3,1.8,0.5,0.8,0.1,1.3,6.5,9.9,4.8,0.4,6.7,0.1,12.3,3.1,2.9,0.1,10.2,0.6,1.5,4.7,0.5,5.0,4.8,4.6,4.0,1.9,1.0,2.1,1.1,0.2
2017-05-26 06:11:00+02:00,0.6,1.3,0.2,1.7,8.8,6.0,5.1,0.4,0.3,2.9,2.1,6.1,0.3,1.5,0.4,1.2,0.1,1.2,5.8,8.7,4.2,0.3,5.9,0.4,10.8,2.6,2.6,0.4,9.0,0.5,1.3,4.1,0.5,4.3,4.1,3.9,3.5,1.7,0.8,1.8,0.9,0.1
2017-05-26 06:12:00+02:00,0.3,0.7,0.2,0.7,4.6,3.1,2.6,0.3,0.1,1.3,1.3,3.1,0.2,0.8,0.4,0.4,0.1,0.6,3.0,4.5,2.1,0.3,3.1,0.0,5.6,1.3,1.2,0.1,4.7,0.3,0.8,2.0,0.3,2.1,2.0,1.8,1.8,0.8,0.4,0.9,0.5,0.1
2017-05-26 06:13:00+02:00,0.3,0.9,0.2,1.0,5.6,3.5,3.3,0.3,0.2,1.5,1.4,3.5,0.2,1.0,0.5,0.4,0.1,0.8,3.3,5.5,2.7,0.3,3.4,0.1,6.8,1.9,1.6,0.2,5.7,0.4,1.0,2.6,0.3,2.6,2.4,2.3,2.2,1.0,0.5,1.2,0.6,0.1
2017-05-26 06:14:00+02:00,0.4,1.0,0.2,1.2,5.4,3.2,3.6,0.4,0.2,1.9,1.5,3.2,0.4,1.1,0.5,0.7,0.1,0.9,3.0,5.2,3.0,0.3,3.1,0.2,6.7,2.1,1.8,0.1,5.5,0.4,1.1,2.9,0.4,3.0,2.8,2.6,2.4,1.2,0.6,1.3,0.7,0.1
2017-05-26 06:15:00+02:00,0.3,0.7,0.2,1.0,5.0,3.3,2.8,0.3,0.2,1.2,1.2,3.3,0.4,0.8,0.4,0.3,0.1,0.7,3.2,4.9,2.4,0.3,3.2,0.2,6.1,1.6,1.4,0.3,5.1,0.3,0.9,2.3,0.3,2.3,2.1,2.0,1.9,0.9,0.5,1.0,0.5,0.1
2017-05-26 06:16:00+02:00,0.4,0.9,0.2,1.3,6.7,4.4,3.7,0.4,0.2,2.2,1.6,4.4,0.4,1.1,0.5,1.0,0.1,0.9,4.2,6.5,3.2,0.4,4.3,0.4,7.7,2.1,1.9,0.5,6.8,0.4,1.1,3.0,0.3,2.9,2.7,2.6,2.4,1.1,0.6,1.2,0.6,0.1
2017-05-26 06:17:00+02:00,0.6,1.1,0.2,1.6,8.2,5.4,4.5,0.4,0.3,2.9,2.0,5.4,0.3,1.5,0.6,1.6,0.2,1.2,5.1,8.0,3.9,0.4,5.2,0.8,9.6,2.6,2.3,0.9,8.4,0.6,1.3,3.7,0.4,3.6,3.4,3.2,2.9,1.4,0.7,1.5,0.8,0.1
2017-05-26 06:18:00+02:00,0.5,0.9,0.2,1.3,6.8,4.4,3.6,0.3,0.3,2.5,1.7,4.4,0.3,1.1,0.6,1.4,0.1,1.0,4.2,6.7,3.1,0.4,4.3,0.6,8.0,2.3,1.9,0.8,7.0,0.4,1.2,3.0,0.4,3.0,2.8,2.6,2.5,1.2,0.6,1.2,0.6,0.1
2017-05-26 06:19:00+02:00,0.5,0.9,0.2,1.3,6.9,4.5,3.7,0.3,0.3,2.6,1.7,4.5,0.3,1.1,0.6,1.4,0.1,1.0,4.2,6.8,3.2,0.4,4.4,0.7,8.1,2.3,1.9,0.8,7.1,0.4,1.2,3.0,0.4,2.9,2.7,2.6,2.4,1.2,0.6,1.2,0.6,0.1
2017-05-26 06:20:00+02:00,0.7,1.2,0.3,1.6,8.6,5.6,4.7,0.4,0.3,3.1,2.1,5.6,0.4,1.5,0.7,1.7,0.2,1.2,5.3,8.4,4.1,0.5,5.5,0.8,9.9,2.7,2.3,1.0,8.8,0.6,1.5,3.8,0.5,3.6,3.3,3.1,2.9,1.4,0.7,1.4,0.7,0.2
2017-05-26 06:21:00+02:00,0.7,1.2,0.3,1.8,9.3,6.1,5.2,0.5,0.3,3.3,2.2,6.2,0.4,1.7,0.7,1.8,0.2,1.4,5.8,9.1,4.4,0.5,6.0,0.9,10.7,2.9,2.5,1.1,9.5,0.7,1.5,4.2,0.5,3.9,3.6,3.4,3.2,1.6,0.8,1.6,0.8,0.2
2017-05-26 06:22:00+02:00,0.7,1.2,0.3,1.6,8.7,5.6,4.8,0.4,0.3,3.1,2.1,5.8,0.3,1.5,0.7,1.7,0.1,1.2,5.3,8.5,4.1,0.5,5.5,0.8,10.0,2.7,2.4,1.0,8.9,0.6,1.4,3.9,0.5,3.7,3.4,3.2,3.0,1.5,0.7,1.5,0.8,0.2
2017-05-26 06:23:00+02:00,0.7,1.3,0.3,1.8,9.5,6.2,5.3,0.4,0.3,3.3,2.2,6.4,0.3,1.7,0.7,1.8,0.2,1.4,5.8,9.3,4.6,0.5,6.0,0.9,10.9,2.9,2.6,1.0,9.7,0.7,1.5,4.3,0.5,4.0,3.7,3.5,3.2,1.6,0.8,1.7,0.9,0.2
2017-05-26 06:24:00+02:00,1.3,2.2,0.3,3.2,16.2,10.7,9.2,0.8,0.5,5.6,3.6,11.0,0.3,2.9,0.8,2.9,0.2,2.3,10.2,15.9,7.9,0.6,10.6,1.5,18.8,4.9,4.7,1.6,16.3,1.3,2.2,7.6,0.8,7.3,7.0,6.7,5.8,2.8,1.4,3.0,1.6,0.3
2017-05-26 06:25:00+02:00,1.1,2.0,0.4,2.9,14.8,9.8,8.3,0.8,0.5,5.0,3.3,10.0,0.4,2.7,0.9,2.7,0.2,2.2,9.2,14.5,7.2,0.7,9.5,1.4,16.8,4.5,4.1,1.5,14.7,1.2,2.2,6.8,0.8,6.1,5.8,5.5,4.7,2.4,1.2,2.4,1.3,0.3
2017-05-26 06:26:00+02:00,0.8,1.5,0.3,2.2,11.4,7.4,6.3,0.5,0.4,3.9,2.6,7.6,0.3,2.0,0.7,2.0,0.2,1.6,7.0,11.1,5.5,0.5,7.3,1.0,12.8,3.5,3.2,1.1,11.2,0.9,1.7,5.2,0.6,4.3,4.1,3.8,3.4,1.9,0.9,1.5,0.7,0.2
2017-05-26 06:27:00+02:00,0.8,1.3,0.3,1.9,10.3,6.7,5.7,0.5,0.4,3.6,2.4,6.9,0.3,1.8,0.7,1.9,0.2,1.5,6.3,10.1,4.9,0.5,6.6,1.0,11.5,3.1,2.8,1.1,10.2,0.8,1.6,4.7,0.6,3.8,3.5,3.3,2.9,1.7,0.8,1.3,0.5,0.2
2017-05-26 06:28:00+02:00,0.9,1.5,0.3,2.1,11.3,7.4,6.3,0.5,0.4,3.9,2.6,7.7,0.3,2.0,0.7,2.1,0.2,1.7,7.0,11.0,5.4,0.5,7.3,1.1,12.7,3.4,3.1,1.2,11.1,0.9,1.7,5.1,0.6,4.3,4.0,3.8,3.3,1.8,0.9,1.5,0.7,0.2
2017-05-26 06:29:00+02:00,1.3,2.2,0.3,3.1,16.1,10.8,9.3,0.9,0.5,5.6,3.4,11.1,0.3,3.1,0.8,2.9,0.2,2.5,10.3,15.8,7.9,0.6,10.7,1.5,18.4,4.7,4.6,1.7,15.9,1.4,2.2,7.6,0.9,6.7,6.3,6.1,5.2,2.7,1.4,2.5,1.2,0.3
2017-05-26 06:30:00+02:00,0.8,1.5,0.3,2.3,11.3,7.6,6.5,0.6,0.4,3.8,2.5,7.8,0.2,2.1,0.8,2.0,0.1,1.8,7.1,11.1,5.6,0.6,7.4,1.1,12.7,3.3,3.2,1.2,11.2,0.9,1.7,5.3,0.7,4.2,3.9,3.7,3.4,1.8,0.9,1.5,0.6,0.2
2017-05-26 06:31:00+02:00,0.9,1.6,0.3,2.5,12.2,8.2,7.0,0.7,0.4,4.0,2.6,8.4,0.3,2.3,0.8,2.2,0.2,1.9,7.7,11.9,6.1,0.6,8.0,1.1,13.9,3.4,3.5,1.3,12.0,1.1,1.8,5.8,0.7,4.5,4.2,4.0,3.6,1.9,1.0,1.7,0.7,0.3
2017-05-26 06:32:00+02:00,1.0,1.8,0.4,2.7,13.7,9.3,7.9,0.8,0.5,4.2,3.0,9.5,0.4,2.7,1.0,2.4,0.2,2.2,8.7,13.4,6.9,0.7,9.0,1.3,15.7,3.8,3.8,1.5,13.7,1.2,2.0,6.5,0.8,5.1,4.7,4.4,4.0,2.1,1.1,1.9,0.9,0.3
2017-05-26 06:33:00+02:00,1.0,1.8,0.4,2.8,12.9,8.5,7.9,0.8,0.5,4.2,2.9,8.7,0.4,2.6,0.9,2.4,0.2,2.1,8.6,12.5,6.9,0.6,9.0,1.2,14.9,3.8,3.9,1.4,12.8,1.2,2.0,6.5,0.8,5.4,5.0,4.7,4.1,2.2,1.1,1.9,0.9,0.3
2017-05-26 06:34:00+02:00,1.0,1.8,0.4,2.7,12.7,8.9,7.6,0.6,0.4,4.1,2.9,8.6,0.3,2.5,0.9,2.4,0.2,2.0,8.3,12.3,6.6,0.6,8.7,1.2,14.6,3.7,3.8,1.4,12.6,1.1,2.0,6.2,0.8,5.6,5.2,4.9,4.0,2.1,1.0,1.9,0.9,0.3
2017-05-26 06:35:00+02:00,0.9,1.7,0.4,2.6,12.8,8.8,7.5,0.7,0.4,4.0,2.9,8.7,0.3,2.5,0.9,2.4,0.2,2.0,8.2,12.5,6.5,0.7,8.6,1.2,14.7,3.7,3.7,1.4,12.8,1.1,2.0,6.1,0.8,5.3,4.9,4.6,3.8,2.0,1.0,1.8,0.7,0.3
2017-05-26 06:36:00+02:00,1.0,1.7,0.5,2.7,14.0,9.4,8.0,0.8,0.5,4.3,3.1,9.6,0.4,2.7,1.1,2.6,0.2,2.2,8.7,13.6,6.9,0.8,9.1,1.3,16.1,4.0,3.8,1.6,14.1,1.3,2.2,6.5,0.8,4.5,4.1,3.7,4.2,2.0,1.0,2.1,1.1,0.4
2017-05-26 06:37:00+02:00,1.0,1.8,0.4,2.8,14.3,9.6,8.1,0.8,0.5,4.4,3.1,9.9,0.4,2.7,1.1,2.7,0.2,2.2,8.9,13.9,7.0,0.8,9.3,1.3,16.4,4.0,3.8,1.6,14.4,1.3,2.2,6.6,0.8,5.6,5.1,4.8,4.1,1.9,1.0,2.2,1.1,0.4
2017-05-26 06:38:00+02:00,1.1,1.9,0.4,2.9,15.1,10.2,8.6,0.8,0.5,4.8,3.3,10.5,0.3,2.9,1.1,2.8,0.2,2.3,9.5,14.8,7.4,0.8,9.9,1.4,17.5,4.3,4.1,1.7,15.3,1.3,2.2,7.0,0.9,6.3,5.9,5.5,4.6,2.1,1.2,2.4,1.2,0.4
2017-05-26 06:39:00+02:00,1.0,1.8,0.5,2.8,14.7,9.8,8.3,0.8,0.4,4.7,3.2,10.1,0.3,2.8,1.1,2.7,0.2,2.3,9.2,14.4,7.2,0.8,9.6,1.3,17.0,4.2,3.9,1.6,14.8,1.3,2.2,6.7,0.8,6.1,5.7,5.3,4.4,2.0,1.1,2.4,1.2,0.4
2017-05-26 06:40:00+02:00,0.9,1.6,0.4,2.5,13.2,8.8,7.5,0.7,0.4,4.2,2.9,9.1,0.3,2.5,1.0,2.4,0.1,2.0,8.3,12.9,6.5,0.7,8.7,1.2,15.3,3.8,3.6,1.5,13.3,1.1,2.0,6.1,0.8,5.5,5.1,4.8,4.0,1.8,1.0,2.2,1.2,0.4
2017-05-26 06:41:00+02:00,0.9,1.5,0.4,2.3,12.3,8.2,7.0,0.6,0.4,3.8,2.8,8.4,0.2,2.3,1.0,2.3,0.1,1.9,7.7,12.0,6.0,0.7,8.1,1.1,14.1,3.6,3.3,1.4,12.4,1.0,1.9,5.6,0.7,5.2,4.9,4.6,3.8,1.6,0.9,2.2,1.2,0.4
2017-05-26 06:42:00+02:00,0.9,1.5,0.4,2.3,12.0,8.0,6.9,0.5,0.4,3.6,2.7,8.2,0.2,2.3,0.8,2.2,0.1,1.8,7.6,11.8,5.9,0.6,7.9,1.1,13.8,3.5,3.3,1.3,12.1,0.9,1.8,5.5,0.7,5.3,5.0,4.7,3.9,1.6,0.9,2.2,1.2,0.3
2017-05-26 06:43:00+02:00,0.8,1.4,0.4,2.1,11.5,7.6,6.5,0.5,0.4,3.5,2.5,7.9,0.2,2.2,0.9,2.1,0.1,1.7,7.1,11.2,5.5,0.7,7.5,1.1,13.1,3.3,3.0,1.3,11.5,0.9,1.7,5.2,0.7,4.9,4.6,4.3,3.5,1.5,0.8,2.1,1.2,0.3
2017-05-26 06:44:00+02:00,0.8,1.3,0.3,1.9,10.0,6.5,5.5,0.3,0.4,3.2,2.3,6.7,0.2,1.6,0.8,1.9,0.0,1.2,6.1,9.8,4.6,0.6,6.4,1.0,11.5,3.1,2.8,1.1,10.0,0.5,1.6,4.3,0.6,4.5,4.2,3.9,3.3,1.4,0.8,1.9,1.0,0.3
2017-05-26 06:45:00+02:00,0.8,1.1,0.4,1.8,9.9,6.3,5.3,0.4,0.4,3.2,2.3,6.6,0.2,1.6,0.8,1.9,0.1,1.2,5.9,9.6,4.5,0.6,6.2,1.0,11.1,3.1,2.6,1.1,9.6,0.5,1.6,4.1,0.5,4.2,3.9,3.6,3.1,1.3,0.8,1.8,1.0,0.3
2017-05-26 06:46:00+02:00,0.7,1.2,0.4,1.9,10.6,6.8,5.7,0.4,0.4,3.2,2.4,7.1,0.2,1.7,0.8,1.8,0.1,1.3,6.4,10.3,4.8,0.6,6.7,0.9,11.5,3.3,2.8,1.0,9.8,0.6,1.7,4.5,0.5,4.5,4.2,3.9,3.5,1.5,0.8,1.9,1.1,0.3
2017-05-26 06:47:00+02:00,0.4,0.9,0.3,1.5,8.3,5.3,4.5,0.4,0.3,2.5,1.9,5.5,0.3,1.2,0.7,1.3,0.0,0.9,5.0,8.1,3.7,0.5,5.2,0.5,8.5,2.6,2.2,0.6,7.2,0.4,1.3,3.4,0.4,3.5,3.3,3.1,2.8,1.2,0.7,1.6,0.9,0.3
2017-05-26 06:48:00+02:00,0.4,0.9,0.3,1.6,8.3,5.4,4.5,0.4,0.3,2.5,1.9,5.6,0.3,1.2,0.7,1.3,0.0,0.9,5.0,8.1,3.8,0.5,5.3,0.5,8.1,2.5,2.3,0.6,6.8,0.4,1.3,3.5,0.4,3.6,3.4,3.2,2.7,1.2,0.7,1.5,0.8,0.3
2017-05-26 06:49:00+02:00,0.4,1.0,0.3,1.7,8.8,5.7,4.7,0.4,0.3,2.6,1.9,5.9,0.3,1.3,0.6,1.3,0.0,1.0,5.2,8.5,3.9,0.4,5.5,0.5,9.4,2.6,2.4,0.6,8.1,0.4,1.4,3.7,0.4,4.0,3.8,3.6,2.9,1.3,0.7,1.5,0.8,0.3
2017-05-26 06:50:00+02:00,0.4,0.9,0.3,1.6,8.4,5.4,4.5,0.4,0.3,2.5,1.9,5.6,0.3,1.2,0.6,1.3,0.0,0.9,5.0,8.1,3.7,0.4,5.2,0.5,9.3,2.5,2.3,0.6,8.0,0.4,1.3,3.5,0.4,3.8,3.5,3.3,2.7,1.3,0.7,1.4,0.7,0.3
2017-05-26 06:51:00+02:00,0.4,1.0,0.3,1.6,8.4,5.4,4.5,0.4,0.3,2.5,1.9,5.6,0.3,1.2,0.6,1.3,0.0,0.9,5.0,8.2,3.8,0.4,5.2,0.5,9.4,2.6,2.3,0.6,8.1,0.4,1.4,3.5,0.3,3.8,3.5,3.3,2.6,1.3,0.7,1.4,0.6,0.2
2017-05-26 06:52:00+02:00,0.4,1.0,0.3,1.6,8.6,5.6,4.7,0.5,0.3,2.7,2.0,5.8,0.2,1.4,0.7,1.4,0.1,1.1,5.2,8.3,4.0,0.5,5.4,0.6,9.6,2.6,2.3,0.7,8.2,0.6,1.4,3.7,0.3,3.8,3.6,3.4,2.7,1.3,0.7,1.4,0.6,0.2
2017-05-26 06:53:00+02:00,0.4,0.9,0.3,1.6,8.5,5.5,4.6,0.6,0.2,2.7,2.0,5.7,0.3,1.4,0.6,1.4,0.2,1.1,5.1,8.2,3.9,0.4,5.3,0.6,9.5,2.6,2.3,0.7,8.1,0.7,1.4,3.6,0.3,3.8,3.6,3.4,2.7,1.3,0.7,1.4,0.6,0.2
2017-05-26 06:54:00+02:00,0.5,1.1,0.3,1.8,9.6,6.3,5.2,0.7,0.3,3.1,2.2,6.6,0.3,1.7,0.7,1.7,0.3,1.4,5.8,9.5,4.5,0.4,6.0,0.7,10.8,2.9,2.5,0.9,9.3,0.8,1.5,4.2,0.4,4.3,4.1,3.8,3.0,1.5,0.8,1.6,0.8,0.3
2017-05-26 06:55:00+02:00,0.5,1.0,0.3,1.7,8.9,6.0,5.0,0.7,0.3,2.9,2.1,6.3,0.4,1.5,0.6,1.5,0.3,1.3,5.5,9.0,4.2,0.4,5.7,0.7,9.8,2.8,2.4,0.8,8.4,0.8,1.4,3.9,0.4,4.2,3.9,3.7,3.0,1.4,0.7,1.6,0.8,0.3
2017-05-26 06:56:00+02:00,0.4,1.0,0.3,1.6,8.5,5.6,4.7,0.7,0.3,2.6,2.1,5.9,0.4,1.4,0.7,1.4,0.3,1.2,5.1,8.6,4.0,0.5,5.4,0.7,9.3,2.7,2.3,0.8,8.0,0.7,1.4,3.7,0.4,4.1,3.8,3.6,2.9,1.3,0.6,1.6,0.9,0.2
2017-05-26 06:57:00+02:00,0.4,0.9,0.3,1.6,8.3,5.5,4.5,0.7,0.3,2.5,2.1,5.8,0.4,1.4,0.7,1.4,0.3,1.1,5.0,8.4,3.9,0.5,5.2,0.7,9.0,2.7,2.3,0.8,7.8,0.7,1.5,3.6,0.4,3.9,3.7,3.4,2.8,1.2,0.6,1.6,0.8,0.2
2017-05-26 06:58:00+02:00,0.4,0.8,0.3,1.4,7.3,4.8,4.0,0.5,0.3,2.3,1.9,5.1,0.5,1.1,0.6,1.3,0.3,0.9,4.4,7.5,3.4,0.4,4.6,0.6,7.8,2.5,2.0,0.7,6.8,0.5,1.3,3.1,0.3,3.3,3.1,2.8,2.2,0.8,0.6,1.4,0.7,0.2
2017-05-26 06:59:00+02:00,0.4,0.8,0.3,1.4,7.4,4.8,4.0,0.7,0.2,2.4,1.9,5.1,0.6,1.2,0.7,1.3,0.3,1.0,4.4,7.6,3.4,0.4,4.6,0.6,8.0,2.5,2.0,0.7,6.9,0.7,1.4,3.1,0.3,3.1,2.9,2.7,2.1,0.7,0.6,1.4,0.7,0.3
2017-05-26 07:00:00+02:00,0.4,0.9,0.3,1.5,8.4,5.4,4.5,0.7,0.2,2.7,2.2,5.7,0.5,1.4,0.8,1.5,0.3,1.2,5.0,8.5,3.9,0.5,5.1,0.7,9.2,2.8,2.2,0.8,7.9,0.7,1.5,3.6,0.3,3.6,3.3,3.0,2.3,0.8,0.7,1.5,0.8,0.3
2017-05-26 07:01:00+02:00,0.4,0.9,0.3,1.5,6.0,3.4,2.7,0.6,0.2,2.4,2.0,3.7,0.5,1.8,0.7,1.4,0.3,1.1,3.2,6.1,2.3,0.5,3.2,0.6,6.6,2.7,2.1,0.7,5.5,0.7,1.5,2.1,0.3,3.3,3.1,2.9,2.2,0.7,0.7,1.5,0.8,0.3
2017-05-26 07:02:00+02:00,0.5,0.8,0.3,1.4,3.9,2.8,2.8,0.6,0.2,1.8,1.8,2.9,0.4,4.1,0.7,0.8,0.2,1.1,2.9,4.1,3.0,0.4,2.8,0.7,4.4,2.5,2.0,0.5,3.5,0.6,1.3,3.1,0.3,3.1,2.9,2.7,2.1,0.7,0.6,1.4,0.7,0.2
2017-05-26 07:03:00+02:00,0.4,0.7,0.2,1.2,3.1,2.8,2.9,0.6,0.2,1.1,1.6,2.8,0.4,4.1,0.5,0.5,0.2,1.0,2.9,3.3,3.1,0.3,2.8,0.6,3.5,2.1,1.7,0.6,2.9,0.6,1.1,3.2,0.2,2.6,2.5,2.3,1.8,0.6,0.6,1.3,0.7,0.2
2017-05-26 07:04:00+02:00,0.3,0.6,0.2,1.0,2.9,2.9,3.0,0.6,0.1,1.7,1.4,2.9,0.4,4.2,0.5,1.0,0.2,0.9,2.9,3.0,3.2,0.3,2.8,0.6,3.1,1.8,1.5,0.6,2.7,0.6,1.0,3.3,0.2,2.3,2.1,2.0,1.5,0.5,0.5,1.1,0.6,0.2
2017-05-26 07:05:00+02:00,0.3,0.8,0.2,1.3,3.1,2.7,2.8,0.7,0.2,1.9,1.5,2.8,0.5,4.3,0.6,1.1,0.3,0.9,2.7,3.2,3.0,0.4,2.7,0.6,3.4,2.0,1.8,0.6,2.8,0.6,1.1,3.1,0.3,2.5,2.3,2.2,1.7,0.5,0.5,1.2,0.7,0.2
2017-05-26 07:06:00+02:00,0.4,0.9,0.3,1.4,3.3,2.6,2.7,0.7,0.2,2.1,1.5,2.7,0.5,4.2,0.6,1.2,0.3,1.0,2.6,3.4,2.8,0.4,2.5,0.6,3.5,2.1,2.0,0.7,2.9,0.7,1.1,2.9,0.3,2.7,2.5,2.4,1.8,0.7,0.6,1.2,0.7,0.2
2017-05-26 07:07:00+02:00,0.4,0.8,0.2,1.3,3.3,1.8,1.3,0.6,0.2,1.9,1.3,1.9,0.5,1.6,0.5,1.0,0.2,0.8,1.6,3.5,1.0,0.3,1.6,0.6,3.5,1.8,1.8,0.6,2.6,0.7,0.9,0.9,0.2,2.6,2.4,2.3,1.8,0.7,0.5,1.1,0.6,0.2
2017-05-26 07:08:00+02:00,0.4,0.7,0.2,1.2,3.1,1.6,1.1,0.5,0.2,1.1,1.1,1.7,0.3,1.4,0.4,0.4,0.1,0.9,1.4,3.3,0.8,0.3,1.5,0.5,3.2,1.6,1.7,0.5,2.4,0.6,0.8,0.7,0.2,2.5,2.3,2.2,1.7,0.7,0.5,1.0,0.6,0.2
2017-05-26 07:09:00+02:00,0.7,0.8,0.3,1.3,4.0,2.1,1.5,0.5,0.2,1.0,1.3,2.2,0.3,1.2,0.5,0.3,0.1,1.0,1.8,4.0,1.1,0.4,1.9,0.7,4.4,1.8,1.8,0.6,3.5,0.6,0.9,0.9,0.2,2.7,2.5,2.4,1.9,0.8,0.5,1.1,0.7,0.2
2017-05-26 07:10:00+02:00,0.5,0.9,0.3,1.6,5.9,3.2,2.4,0.5,0.2,1.5,1.6,3.4,0.3,0.8,0.6,0.5,0.1,1.3,2.8,5.6,1.9,0.4,3.0,0.6,7.2,2.3,2.2,0.5,6.1,0.7,1.2,1.6,0.3,3.5,3.3,3.1,2.5,1.1,0.7,1.4,0.8,0.2
2017-05-26 07:11:00+02:00,0.6,0.8,0.3,1.4,4.7,2.5,1.8,0.5,0.2,1.2,1.4,2.6,0.3,1.0,0.4,0.4,0.1,1.1,2.2,4.6,1.4,0.4,2.3,0.7,5.8,2.0,1.9,0.6,4.9,0.6,0.9,1.2,0.3,3.0,2.8,2.8,2.2,1.0,0.6,1.2,0.7,0.2
2017-05-26 07:12:00+02:00,0.4,0.4,0.3,1.0,3.7,1.7,1.2,0.4,0.2,1.2,1.2,1.9,0.3,1.1,0.4,0.4,0.1,1.0,1.5,3.6,0.9,0.3,1.6,0.5,4.1,1.7,1.4,0.5,3.9,0.6,0.9,0.7,0.1,2.7,2.5,2.5,2.0,0.9,0.5,1.1,0.6,0.2
2017-05-26 07:13:00+02:00,0.3,0.7,0.3,0.2,4.1,1.7,0.9,0.5,0.2,1.4,1.6,1.8,0.3,0.7,0.6,0.4,0.1,1.3,1.3,3.9,0.6,0.4,1.5,0.4,4.7,2.1,0.6,0.6,4.3,0.7,1.1,0.6,1.1,3.4,3.2,3.1,2.5,1.1,0.6,1.4,0.8,0.3
2017-05-26 07:14:00+02:00,0.2,0.8,0.3,0.2,4.0,1.4,0.7,0.2,0.2,1.5,1.6,1.6,0.1,0.9,0.5,0.4,0.1,1.0,1.1,3.8,0.4,0.4,1.2,0.5,4.6,2.2,0.5,0.6,4.2,0.4,1.1,0.6,1.3,3.5,3.4,3.2,2.6,1.1,0.7,1.5,0.8,0.3
2017-05-26 07:15:00+02:00,0.5,0.2,0.3,0.8,3.8,1.6,0.9,0.4,0.2,2.4,1.4,1.8,0.4,1.4,0.4,1.3,0.1,0.6,1.3,3.6,0.4,0.4,1.4,0.7,4.3,1.9,1.3,0.8,4.0,0.3,1.0,0.4,0.2,3.1,3.0,2.9,2.3,1.0,0.6,1.3,0.7,0.2
2017-05-26 07:16:00+02:00,0.2,0.7,0.3,0.1,4.9,2.2,1.2,0.2,0.2,2.4,1.7,2.5,0.2,0.4,0.6,1.2,0.2,1.2,1.8,4.7,0.6,0.5,2.0,0.4,5.6,2.2,0.6,0.5,5.2,0.5,1.2,0.3,1.2,3.7,3.5,3.3,2.7,1.1,0.7,1.6,0.9,0.3
2017-05-26 07:17:00+02:00,0.1,0.9,0.3,0.2,5.4,2.8,1.7,0.2,0.2,2.1,1.6,3.0,0.1,0.2,0.5,0.7,0.1,1.2,2.3,5.2,1.0,0.5,2.5,0.2,6.2,2.2,0.6,0.2,5.6,0.5,1.2,0.7,1.4,3.7,3.4,3.3,2.6,0.9,0.7,1.8,1.1,0.3
2017-05-26 07:18:00+02:00,0.1,0.9,0.3,0.3,4.0,1.5,0.6,0.1,0.2,2.1,1.6,1.7,0.1,0.7,0.5,0.8,0.1,1.0,1.1,3.8,0.1,0.4,1.3,0.1,4.6,2.1,0.4,0.1,4.3,0.4,1.1,0.4,1.4,3.6,3.3,3.2,2.6,1.0,0.6,1.6,0.9,0.2
2017-05-26 07:19:00+02:00,0.2,1.3,0.3,0.6,4.3,1.5,0.6,0.2,0.2,2.4,1.8,1.7,0.1,0.6,0.5,0.9,0.1,1.1,1.1,4.1,0.3,0.5,1.3,0.1,5.0,2.4,0.2,0.2,4.5,0.4,1.2,0.5,1.8,3.8,3.6,3.5,2.8,1.2,0.7,1.7,1.0,0.3
2017-05-26 07:20:00+02:00,0.2,2.0,0.3,1.4,3.1,0.4,0.8,0.2,0.2,2.5,1.8,0.5,0.1,1.0,0.5,1.0,0.1,1.2,0.4,2.9,1.5,0.5,0.4,0.2,3.8,2.4,0.7,0.3,3.3,0.5,1.2,1.7,2.5,3.9,3.7,3.5,2.9,1.2,0.7,1.7,1.0,0.3
2017-05-26 07:21:00+02:00,0.2,2.1,0.3,1.5,1.9,0.7,1.6,0.2,0.2,1.8,1.7,0.6,0.1,1.6,0.4,0.4,0.1,0.7,1.2,1.7,2.3,0.4,0.9,0.1,2.6,2.2,0.8,0.4,2.1,0.2,1.1,2.4,2.5,3.1,2.9,2.7,2.1,1.1,0.6,1.0,0.4,0.3
2017-05-26 07:22:00+02:00,0.3,2.0,0.4,1.3,3.3,0.3,0.6,0.3,0.2,1.7,2.0,0.5,0.2,1.0,0.5,0.1,0.1,0.2,0.2,3.1,1.3,0.5,0.2,0.2,4.1,2.6,0.5,0.7,3.5,0.6,1.3,1.5,2.5,3.4,3.1,3.0,2.2,1.2,0.7,1.0,0.3,0.4
2017-05-26 07:23:00+02:00,0.3,1.9,0.4,1.2,3.4,0.3,0.7,0.2,0.3,2.9,2.0,0.6,0.1,1.3,0.6,1.2,0.2,0.1,0.3,3.2,1.5,0.5,0.3,0.3,4.3,2.7,0.4,0.4,3.6,0.7,1.3,1.6,2.4,3.6,3.4,3.2,2.4,1.3,0.8,1.1,0.4,0.4
2017-05-26 07:24:00+02:00,0.3,1.0,0.3,0.4,2.1,0.7,1.5,0.3,0.2,2.6,1.9,0.6,0.4,2.7,0.6,1.0,0.1,0.5,1.1,2.0,2.3,0.5,0.9,0.2,2.9,2.4,0.4,0.3,2.4,1.2,1.3,2.4,1.6,3.1,2.9,2.8,2.1,1.1,0.6,1.0,0.3,0.4
2017-05-26 07:25:00+02:00,0.1,1.2,0.3,0.6,0.6,1.7,2.3,0.1,0.2,2.0,1.6,1.5,0.1,3.1,0.6,0.7,0.1,0.3,2.0,0.4,3.0,0.4,1.8,0.1,1.1,1.9,0.1,0.2,0.8,0.9,1.0,3.1,1.6,2.4,2.3,2.2,1.6,0.8,0.5,0.8,0.2,0.4
2017-05-26 07:26:00+02:00,0.1,1.0,0.3,0.4,1.0,1.3,2.1,0.1,0.3,1.7,1.7,1.2,0.1,3.1,0.5,0.7,0.1,0.2,1.7,0.8,2.7,0.4,1.5,0.1,1.5,2.0,0.3,0.1,1.2,0.9,1.1,2.9,1.5,2.5,2.4,2.3,1.7,0.8,0.5,0.8,0.2,0.5
2017-05-26 07:27:00+02:00,0.1,0.9,0.3,0.4,0.6,1.7,2.4,0.2,0.3,1.8,1.6,1.5,0.1,3.4,0.5,0.8,0.1,0.3,2.0,0.5,3.0,0.3,1.8,0.1,0.2,2.0,0.3,0.2,0.9,0.9,1.0,3.2,1.4,2.4,2.4,2.2,1.6,0.8,0.4,0.8,0.2,0.5
2017-05-26 07:28:00+02:00,0.1,1.8,0.3,1.2,0.2,2.6,3.4,0.1,0.3,1.6,1.6,2.4,0.1,3.5,0.5,0.7,0.1,0.6,2.9,0.3,4.0,0.3,2.7,0.1,1.1,2.1,0.7,0.1,0.0,1.2,1.0,4.1,2.2,2.9,2.8,2.7,2.1,0.9,0.5,1.2,0.6,0.1
2017-05-26 07:29:00+02:00,0.2,2.1,0.3,1.5,1.4,3.9,4.7,0.1,0.3,1.7,1.6,3.7,0.0,4.5,0.4,0.8,0.1,0.5,4.2,1.5,5.3,0.3,4.0,0.1,1.3,2.2,0.9,0.2,1.2,1.1,1.0,5.4,2.6,3.0,3.0,2.8,2.2,0.9,0.5,1.3,0.7,0.1
2017-05-26 07:30:00+02:00,0.2,0.4,0.3,0.2,0.8,3.2,3.9,0.1,0.3,1.6,1.6,3.1,0.1,5.3,0.5,0.7,0.1,0.4,3.4,0.8,4.5,0.4,3.3,0.1,0.4,2.2,0.8,0.1,0.6,1.0,1.0,4.5,0.9,2.2,2.8,2.7,2.1,0.9,0.5,1.2,0.7,0.1
2017-05-26 07:31:00+02:00,0.2,0.4,0.3,1.0,2.8,0.4,0.6,0.2,0.3,1.6,1.6,0.6,0.1,2.8,0.5,0.6,0.1,0.6,0.4,2.7,1.2,0.4,0.4,0.2,2.3,2.3,1.6,0.0,3.0,0.1,1.0,1.2,0.2,2.1,3.0,2.8,2.2,0.9,0.5,1.3,0.7,0.1
2017-05-26 07:32:00+02:00,0.1,0.4,0.3,1.0,4.3,1.9,1.2,0.1,0.3,1.6,1.5,2.1,0.1,1.0,0.4,0.7,0.1,0.6,1.7,4.2,0.7,0.3,1.8,0.2,3.4,2.1,1.6,0.1,4.5,0.1,0.9,0.6,0.2,3.0,2.9,2.7,2.1,0.8,0.5,1.3,0.8,0.1
2017-05-26 07:33:00+02:00,0.1,0.4,0.3,1.1,4.6,2.1,1.3,0.2,0.3,1.8,1.6,2.3,0.1,1.3,0.5,0.8,0.1,0.4,1.8,4.5,0.9,0.4,2.0,0.3,4.6,2.3,1.7,0.2,4.9,0.4,1.0,0.7,0.1,3.1,3.0,2.8,2.3,0.9,0.5,1.4,0.9,0.2
2017-05-26 07:34:00+02:00,0.0,0.5,0.3,1.0,3.6,1.5,1.0,0.2,0.3,1.7,1.5,1.7,0.1,1.9,0.5,0.7,0.1,0.6,1.3,3.5,1.1,0.4,1.5,0.2,4.2,2.1,1.6,0.1,3.9,1.1,0.9,1.0,0.3,2.3,2.2,2.0,2.2,0.9,0.5,1.3,0.8,0.1
2017-05-26 07:35:00+02:00,0.0,0.4,0.3,0.9,2.4,0.8,1.0,0.2,0.3,1.6,1.4,0.9,0.1,2.9,0.5,0.7,0.1,1.4,0.8,2.2,1.5,0.3,0.8,0.2,2.4,2.0,1.5,0.1,2.6,2.0,0.8,1.6,0.3,0.8,0.8,0.6,1.7,0.4,0.1,1.3,0.8,0.2
2017-05-26 07:36:00+02:00,0.1,0.3,0.3,0.8,2.1,0.7,0.6,0.4,0.2,1.7,0.7,0.8,0.5,2.6,0.1,0.7,0.1,1.6,0.6,2.0,1.2,0.2,0.7,0.2,1.5,1.4,1.5,0.2,2.3,2.2,0.2,1.2,0.3,0.2,0.5,0.3,1.4,0.1,0.4,1.4,0.8,0.2
2017-05-26 07:37:00+02:00,0.0,0.2,0.2,0.7,2.1,1.1,0.6,0.4,0.1,1.5,0.2,1.2,0.4,1.6,0.5,0.6,0.1,0.2,1.0,2.0,0.5,0.6,1.2,0.2,1.9,0.8,1.3,0.1,2.3,0.4,0.3,0.6,0.3,1.6,0.9,1.0,1.0,0.2,0.5,1.1,0.7,0.2
2017-05-26 07:38:00+02:00,0.1,0.5,0.3,1.1,4.5,2.2,1.4,0.3,0.3,2.0,1.5,2.4,0.3,1.2,0.6,0.9,0.0,0.5,2.0,4.3,1.0,0.4,2.2,0.3,5.2,2.0,1.8,0.2,4.7,0.2,0.9,0.9,0.1,0.3,0.7,0.5,1.5,0.1,0.4,1.4,0.8,0.2
2017-05-26 07:39:00+02:00,0.3,0.7,0.4,1.4,5.5,3.2,2.3,0.1,0.3,2.4,1.3,3.4,0.1,0.6,0.6,1.2,0.0,0.8,3.0,5.4,1.8,0.5,3.2,0.5,6.3,2.0,2.1,0.4,5.8,0.1,1.0,1.7,0.1,1.3,1.2,1.0,2.0,0.2,0.3,1.8,1.0,0.2
2017-05-26 07:40:00+02:00,0.2,0.4,0.3,1.1,4.8,2.5,1.8,0.1,0.3,2.0,1.5,2.7,0.1,0.6,0.5,0.9,0.0,0.7,2.4,4.7,1.4,0.4,2.6,0.4,4.1,2.0,1.8,0.2,5.0,0.1,0.8,1.3,0.1,1.9,1.8,1.6,1.9,0.4,0.1,1.5,0.9,0.2
2017-05-26 07:41:00+02:00,0.1,0.4,0.3,0.9,3.8,1.9,1.2,0.2,0.3,1.9,1.3,2.0,0.2,1.1,0.5,0.8,0.0,0.6,1.7,3.8,0.9,0.4,1.9,0.3,3.3,1.8,1.6,0.2,4.1,0.1,0.7,0.8,0.1,2.3,2.1,1.9,2.1,0.7,0.3,1.4,0.8,0.2
2017-05-26 07:42:00+02:00,0.1,0.5,0.3,1.0,2.4,0.9,0.4,0.2,0.3,1.7,1.3,1.1,0.2,1.9,0.6,0.7,0.0,0.5,0.8,2.4,0.4,0.5,1.0,0.3,2.2,1.3,1.6,0.1,2.6,0.1,0.8,0.5,0.1,1.3,1.2,1.0,2.0,0.7,0.3,1.3,0.8,0.2
2017-05-26 07:43:00+02:00,0.1,0.4,0.3,0.9,1.0,0.8,0.5,0.2,0.3,1.7,1.3,0.8,0.2,2.2,0.5,0.7,0.1,0.5,0.6,1.0,0.7,0.5,0.7,0.3,1.3,0.7,1.5,0.1,1.1,0.1,0.8,0.8,0.1,2.5,2.3,2.1,2.0,0.7,0.3,1.3,0.8,0.2
2017-05-26 07:44:00+02:00,0.1,0.4,0.3,0.9,1.5,1.2,0.7,1.0,0.3,1.8,1.4,1.4,1.1,1.7,0.6,0.7,1.0,0.5,1.1,1.6,0.6,0.5,1.2,0.3,1.5,0.5,1.6,0.1,1.7,1.0,0.9,0.6,0.2,2.6,2.4,2.3,2.1,0.8,0.3,1.4,0.8,0.2
2017-05-26 07:45:00+02:00,0.2,0.8,0.3,1.3,2.2,2.1,1.7,0.4,0.3,1.9,1.3,2.3,0.6,0.9,0.7,0.8,0.5,0.2,2.1,2.2,1.3,0.5,2.1,0.3,3.2,0.6,2.0,0.2,2.5,0.4,0.8,1.2,0.3,1.1,0.9,0.8,1.0,0.8,0.4,0.4,0.8,0.2
2017-05-26 07:46:00+02:00,0.2,0.7,0.3,1.2,2.1,1.6,1.4,1.1,0.3,1.9,1.4,1.8,1.3,1.0,0.7,0.9,1.3,0.6,1.8,2.1,1.1,0.5,1.6,0.3,1.9,0.3,1.9,0.2,2.4,1.1,1.0,1.0,0.4,2.1,1.9,1.7,1.8,0.7,0.3,1.1,0.8,0.2
2017-05-26 07:47:00+02:00,0.3,0.4,0.3,0.9,0.7,0.6,0.4,1.8,0.2,1.8,0.8,0.8,1.9,1.3,0.7,0.8,2.0,1.3,0.7,0.7,0.5,0.5,0.6,0.2,1.3,0.4,1.6,0.2,0.9,1.8,1.0,0.5,0.4,2.3,2.1,2.0,1.8,0.7,0.3,1.1,0.8,0.2
2017-05-26 07:48:00+02:00,0.2,0.3,0.3,0.7,0.7,0.5,0.6,1.9,0.2,1.5,0.9,0.3,2.0,1.4,0.6,0.7,2.1,1.5,0.3,0.7,0.2,0.4,0.4,0.1,0.8,0.8,1.3,0.1,0.8,2.0,0.8,0.3,0.3,2.1,1.9,1.8,1.6,0.6,0.3,1.0,0.7,0.2
2017-05-26 07:49:00+02:00,0.2,0.7,0.3,1.2,2.0,1.0,0.6,1.8,0.2,1.7,1.1,1.1,1.8,1.2,0.7,0.8,1.9,1.3,0.9,2.0,0.8,0.5,0.8,0.2,2.8,1.0,1.9,0.2,2.3,1.8,1.1,0.7,0.4,2.5,2.3,2.2,1.7,0.7,0.3,1.0,0.8,0.2
2017-05-26 07:50:00+02:00,0.3,0.9,0.3,1.5,4.4,2.3,1.8,1.6,0.3,2.1,1.9,2.4,1.7,0.9,0.7,1.0,1.9,1.0,2.2,4.3,1.5,0.5,2.1,0.3,5.3,1.9,2.2,0.3,4.6,1.6,1.4,1.3,0.5,2.4,2.2,2.0,1.5,0.8,0.4,0.7,0.9,0.2
2017-05-26 07:51:00+02:00,0.3,1.0,0.3,1.5,3.7,2.3,1.7,1.6,0.3,1.9,1.4,2.2,1.7,0.9,0.7,0.9,1.9,0.9,2.2,3.7,1.4,0.5,2.1,0.2,4.1,1.5,2.2,0.2,3.9,1.6,1.0,1.3,0.5,1.7,1.5,1.4,0.9,0.8,0.4,0.4,0.9,0.3
2017-05-26 07:52:00+02:00,0.3,1.0,0.4,1.5,5.9,4.5,3.6,0.3,0.3,1.6,1.9,3.9,0.4,0.8,0.8,0.4,0.5,0.7,4.3,5.9,3.2,0.6,4.3,0.4,5.5,2.0,2.2,0.4,6.1,0.1,1.4,3.1,0.5,2.0,1.8,1.6,1.1,0.8,0.4,0.5,1.0,0.3
2017-05-26 07:53:00+02:00,0.4,1.0,0.4,1.6,7.5,5.6,4.7,0.6,0.2,2.4,2.2,5.1,0.3,1.7,0.9,1.1,0.2,1.6,5.4,7.4,4.2,0.6,5.4,0.3,7.6,2.3,2.3,0.3,7.7,0.9,1.6,4.1,0.4,3.3,3.1,2.9,2.3,1.0,0.5,1.4,1.1,0.4
2017-05-26 07:54:00+02:00,0.3,1.0,0.4,1.5,7.3,5.5,4.5,0.6,0.2,2.3,2.1,4.9,0.3,1.7,0.8,1.0,0.2,1.6,5.3,7.2,4.1,0.6,5.3,0.3,8.0,2.3,2.3,0.3,7.5,0.9,1.6,4.0,0.4,3.3,3.1,2.9,2.3,0.9,0.5,1.4,1.0,0.3
2017-05-26 07:55:00+02:00,0.3,0.9,0.4,1.5,6.4,4.8,4.4,0.5,0.2,2.3,2.0,4.3,0.3,1.6,0.8,1.1,0.2,1.6,5.1,6.4,4.0,0.6,4.6,0.3,7.2,2.1,2.2,0.3,6.7,0.9,1.5,3.8,0.4,2.2,2.0,1.8,1.3,0.3,0.7,1.4,1.0,0.3
2017-05-26 07:56:00+02:00,0.3,0.8,0.4,1.3,5.3,3.6,3.8,0.2,0.1,2.4,2.0,3.2,0.1,1.3,0.8,1.0,0.2,1.2,4.5,5.2,3.4,0.6,3.4,0.3,6.0,2.2,2.0,0.3,5.5,0.5,1.5,3.3,0.4,2.4,2.3,2.1,1.6,0.2,0.5,1.5,0.9,0.3
2017-05-26 07:57:00+02:00,0.1,0.7,0.4,0.6,4.3,2.6,3.0,0.5,0.3,2.1,2.0,2.3,0.3,1.6,0.8,0.7,0.2,1.5,3.7,4.3,2.7,0.6,2.4,0.1,5.1,2.2,1.1,0.1,4.5,0.8,1.5,2.5,1.1,2.8,2.6,2.4,1.9,0.7,0.3,1.3,0.9,0.6
2017-05-26 07:58:00+02:00,0.6,0.5,0.4,0.9,5.3,3.2,3.2,0.3,0.2,1.5,2.2,2.9,0.4,1.1,0.9,0.1,0.5,1.0,4.0,5.3,2.8,0.7,3.0,0.7,6.3,2.5,1.6,0.7,5.6,0.3,1.7,2.7,0.8,2.4,2.2,2.0,1.4,0.7,0.3,0.6,1.2,0.4
2017-05-26 07:59:00+02:00,0.4,0.6,0.3,0.7,3.2,2.6,2.7,0.3,0.1,1.4,1.8,1.5,0.2,1.3,0.7,0.1,0.1,1.3,3.4,3.2,2.6,0.6,2.4,0.5,4.6,2.0,1.2,0.5,3.4,0.6,1.4,2.5,0.8,1.6,1.5,1.3,0.8,0.3,0.2,0.5,1.0,0.3
2017-05-26 08:00:00+02:00,0.3,0.6,0.3,1.0,2.8,2.2,2.3,0.3,0.1,2.0,1.8,1.1,0.2,1.2,0.7,0.7,0.2,1.2,3.0,2.8,2.4,0.6,2.0,0.2,3.8,2.0,1.7,0.1,3.0,0.5,1.4,2.9,0.3,1.4,1.2,1.1,0.7,0.7,1.0,1.1,0.9,0.3
2017-05-26 08:01:00+02:00,0.4,1.0,0.4,1.6,4.9,3.0,2.9,0.2,0.2,2.6,2.2,2.4,0.2,1.2,0.9,1.1,0.3,1.0,3.6,4.9,2.7,0.7,2.7,0.4,6.5,2.5,2.4,0.4,5.2,0.3,1.6,3.6,0.4,2.1,1.9,1.7,1.1,0.4,0.7,1.3,1.1,0.4
2017-05-26 08:02:00+02:00,0.5,1.1,0.4,1.8,7.0,4.7,4.4,0.2,0.2,2.9,2.4,4.1,0.3,1.4,1.0,1.4,0.5,1.1,5.2,6.9,4.1,0.7,4.4,0.6,8.8,2.8,2.7,0.6,7.3,0.3,1.8,4.0,0.4,3.7,3.4,3.2,2.5,1.1,0.6,1.4,1.2,0.4
2017-05-26 08:03:00+02:00,0.3,1.1,0.4,1.8,7.5,5.8,5.3,0.5,0.2,2.5,2.3,4.7,0.3,2.0,1.0,1.0,0.2,1.7,6.1,7.5,4.8,0.7,5.5,0.2,9.3,2.8,2.6,0.2,7.8,0.9,1.7,4.6,0.4,3.6,3.4,3.1,2.5,1.2,0.7,1.3,1.2,0.4
2017-05-26 08:04:00+02:00,0.1,0.5,0.4,1.1,6.1,4.3,4.0,0.4,0.1,1.0,1.9,3.8,0.2,1.6,0.8,0.2,0.2,1.4,4.7,6.0,3.6,0.6,4.2,0.9,7.5,2.2,1.8,0.9,6.3,0.7,1.5,3.4,0.1,2.8,2.6,2.4,1.9,1.0,0.5,1.0,1.0,0.3
2017-05-26 08:05:00+02:00,0.2,0.5,0.3,1.0,4.2,2.6,2.7,0.6,0.1,1.4,1.8,2.1,0.7,0.7,0.8,0.3,0.7,0.4,3.3,4.2,2.4,0.6,2.5,0.4,5.5,2.1,1.7,0.4,4.4,0.4,1.4,2.3,0.2,2.5,2.3,2.1,1.7,0.9,0.5,0.8,0.9,0.3
2017-05-26 08:06:00+02:00,0.2,0.5,0.4,1.1,5.4,3.9,3.9,0.4,0.1,2.1,2.0,3.1,0.2,1.6,0.9,1.0,0.2,1.4,4.6,5.4,3.5,0.6,3.8,0.2,6.9,2.3,1.8,0.3,5.7,0.7,1.5,3.4,0.3,1.9,1.7,1.5,1.0,0.2,0.5,1.0,1.0,0.3
2017-05-26 08:07:00+02:00,0.4,0.7,0.4,1.4,5.3,4.1,4.0,0.3,0.1,2.8,2.3,3.1,0.5,1.2,0.9,1.4,0.5,0.9,4.8,5.2,3.5,0.7,3.9,0.5,6.9,2.7,2.2,0.6,5.5,0.1,1.7,3.4,0.2,2.2,2.0,1.7,1.2,0.2,0.4,1.2,1.1,0.4
2017-05-26 08:08:00+02:00,0.4,0.9,0.4,1.5,4.9,4.1,3.9,0.7,0.3,2.5,2.1,2.8,0.9,0.8,0.9,1.2,0.9,0.5,4.6,4.8,3.1,0.6,4.0,0.4,6.4,2.5,2.3,0.5,5.1,0.4,1.6,3.1,0.2,2.9,2.7,2.4,1.9,0.9,0.6,1.1,1.1,0.3
2017-05-26 08:09:00+02:00,0.4,0.9,0.4,1.5,4.5,3.8,3.6,0.8,0.4,2.4,2.0,2.6,1.0,0.6,0.8,1.2,1.0,0.4,4.3,4.5,2.9,0.6,3.7,0.5,5.9,2.3,2.2,0.5,4.7,0.5,1.5,2.8,0.3,2.7,2.5,2.2,1.8,0.8,0.6,1.0,1.0,0.3
2017-05-26 08:10:00+02:00,0.1,0.8,0.4,1.4,4.5,4.0,3.4,0.8,0.3,2.0,1.9,2.6,1.0,0.5,0.8,0.8,1.0,0.3,4.1,4.5,2.7,0.5,3.9,0.1,5.8,2.2,2.2,0.1,4.7,0.5,1.4,2.7,0.2,2.8,2.5,2.3,1.8,0.9,0.7,1.0,0.9,0.3
2017-05-26 08:11:00+02:00,0.3,0.8,0.4,1.4,4.5,4.2,3.4,0.8,0.3,2.3,1.9,2.6,1.0,0.5,0.8,1.0,0.9,0.3,4.1,4.6,2.7,0.5,4.0,0.3,5.7,2.2,2.1,0.3,4.7,0.5,1.4,2.6,0.2,2.3,2.0,1.8,1.4,0.5,0.7,0.9,0.9,0.3
2017-05-26 08:12:00+02:00,0.3,0.8,0.4,1.5,4.2,3.7,3.3,0.8,0.3,2.3,1.8,2.4,1.0,0.5,0.7,1.0,0.9,0.2,4.0,4.2,2.7,0.5,3.5,0.3,5.1,2.2,2.2,0.3,4.3,0.5,1.4,2.6,0.3,2.8,2.5,2.2,1.8,0.8,0.7,1.0,0.9,0.3
2017-05-26 08:13:00+02:00,0.4,1.2,0.4,1.8,5.2,4.3,3.7,0.8,0.3,2.4,1.9,2.9,1.0,0.5,0.8,1.1,1.0,0.3,4.4,5.2,3.1,0.5,4.1,0.4,6.2,2.6,2.5,0.4,5.3,0.5,1.4,3.0,0.5,2.8,2.6,2.3,1.9,0.8,0.7,1.0,1.0,0.3
2017-05-26 08:14:00+02:00,0.4,1.2,0.4,1.8,5.5,4.4,3.8,0.9,0.4,1.7,2.0,3.1,1.2,0.6,0.8,0.3,1.0,0.3,4.5,5.4,3.1,0.6,4.2,0.4,6.6,2.7,2.6,0.4,5.7,0.6,1.4,3.1,0.6,2.1,1.8,1.5,1.1,0.9,0.7,0.2,1.0,0.3
2017-05-26 08:15:00+02:00,1.3,1.1,0.4,1.8,5.5,4.6,4.1,0.5,0.3,0.8,1.9,3.1,0.9,0.9,0.8,0.6,1.0,0.6,4.8,5.4,3.4,0.6,4.4,1.2,6.6,2.6,2.5,1.3,5.6,0.2,1.4,3.3,0.5,3.2,2.9,2.6,2.2,0.8,0.6,1.4,1.0,0.3
2017-05-26 08:16:00+02:00,0.4,1.2,0.4,1.8,5.7,5.2,4.6,0.1,0.3,1.7,1.9,3.5,0.4,1.3,0.8,0.4,0.5,1.0,5.3,5.9,3.9,0.6,5.1,0.3,7.0,2.6,2.5,0.3,5.9,0.3,1.4,3.8,0.5,3.3,3.0,2.8,2.4,0.8,0.6,1.6,1.0,0.3
2017-05-26 08:17:00+02:00,0.5,0.6,0.4,1.3,6.1,5.6,4.8,0.6,0.4,2.8,1.9,3.7,0.2,2.1,0.8,1.4,0.2,1.8,5.6,6.2,4.2,0.6,5.4,0.7,7.4,2.7,2.0,0.7,6.3,1.0,1.5,4.1,0.1,3.6,3.3,3.0,2.6,0.9,0.7,1.7,1.0,0.3
2017-05-26 08:18:00+02:00,0.5,0.5,0.4,1.1,5.9,5.3,4.6,0.6,0.4,2.8,2.0,3.4,0.2,2.0,0.9,1.5,0.2,1.7,5.3,6.0,3.9,0.6,5.1,0.7,7.2,2.8,1.8,0.7,6.1,1.0,1.6,3.8,0.2,3.7,3.3,3.1,2.6,0.9,0.7,1.7,1.0,0.3
2017-05-26 08:19:00+02:00,0.5,0.5,0.4,1.2,5.6,5.0,4.3,0.4,0.4,2.8,2.0,3.3,0.3,1.7,0.9,1.5,0.2,1.5,5.0,5.8,3.6,0.6,4.8,0.7,6.9,2.7,1.8,0.7,5.8,0.7,1.6,3.6,0.2,3.8,3.4,3.2,2.5,0.8,0.6,1.7,1.1,0.3
2017-05-26 08:20:00+02:00,0.5,0.6,0.4,1.2,5.8,5.5,4.7,0.7,0.4,2.8,1.9,3.6,0.3,2.1,0.8,1.5,0.3,1.8,5.4,6.0,4.0,0.6,5.3,0.8,7.2,2.5,1.9,0.8,6.1,1.0,1.5,4.0,0.1,3.8,3.5,3.3,2.5,0.8,0.6,1.7,1.1,0.3
2017-05-26 08:21:00+02:00,0.5,0.3,0.4,1.0,6.0,5.2,4.4,0.7,0.3,2.7,1.9,3.8,0.4,2.0,0.9,1.4,0.3,1.7,5.1,6.3,3.7,0.6,4.9,0.7,7.3,2.6,1.7,0.7,6.2,1.0,1.6,3.7,0.3,3.7,3.4,3.3,2.5,0.9,0.6,1.7,1.0,0.3
2017-05-26 08:22:00+02:00,0.5,0.3,0.4,0.9,7.0,5.0,4.4,0.7,0.3,2.8,2.0,5.3,0.3,2.1,0.9,1.4,0.1,1.8,5.0,7.9,3.7,0.6,4.8,0.7,8.3,2.6,1.6,0.7,7.2,1.0,1.6,3.7,0.3,3.9,3.6,3.3,2.6,1.1,0.6,1.5,0.9,0.3
2017-05-26 08:23:00+02:00,0.5,0.1,0.4,0.6,6.2,4.7,4.0,0.7,0.3,2.7,2.0,4.9,0.3,2.0,0.9,1.4,0.1,1.7,4.7,7.5,3.3,0.6,4.5,0.7,7.5,2.6,1.3,0.7,6.4,1.0,1.6,3.3,0.7,3.8,3.5,3.3,2.6,1.1,0.6,1.5,0.9,0.3
2017-05-26 08:24:00+02:00,0.5,0.5,0.4,1.1,6.6,5.4,4.6,0.7,0.3,2.7,2.0,5.6,0.3,2.1,0.9,1.4,0.1,1.8,5.3,8.2,3.9,0.6,5.1,0.7,8.0,2.6,1.8,0.7,6.9,1.0,1.6,3.8,0.2,3.8,3.5,3.3,2.6,1.1,0.6,1.5,0.9,0.3
2017-05-26 08:25:00+02:00,0.5,0.5,0.4,1.2,6.4,5.5,4.8,0.7,0.4,2.8,2.1,5.7,0.3,2.1,1.0,1.5,0.1,1.8,5.5,8.4,4.1,0.6,5.3,0.7,7.7,2.7,1.9,0.7,6.6,1.1,1.6,4.0,0.1,3.9,3.6,3.3,2.6,1.1,0.6,1.5,0.9,0.2
2017-05-26 08:26:00+02:00,0.6,0.8,0.4,1.5,7.8,6.1,5.2,0.7,0.4,2.9,2.4,6.4,0.4,2.2,1.0,1.6,0.1,1.9,6.0,9.5,4.5,0.7,5.8,0.8,9.2,3.1,2.2,0.8,8.0,1.1,1.7,4.4,0.1,3.6,3.3,3.0,2.3,1.2,0.7,1.1,0.4,0.4
2017-05-26 08:27:00+02:00,0.6,1.2,0.4,1.8,10.5,6.8,5.8,0.7,0.4,3.1,2.5,7.0,0.4,2.3,1.0,1.7,0.2,1.9,6.6,10.2,5.0,0.7,6.5,0.8,12.2,3.2,2.6,0.9,10.8,1.1,1.7,4.9,0.5,4.5,4.2,4.0,3.2,1.3,0.7,1.9,1.2,0.3
2017-05-26 08:28:00+02:00,0.6,1.3,0.4,1.7,10.3,6.7,5.7,0.6,0.4,2.9,2.5,7.0,0.3,2.2,1.0,1.6,0.2,1.9,6.5,10.1,4.9,0.7,6.4,0.8,12.0,3.1,2.5,0.8,10.6,1.0,1.7,4.7,0.6,4.3,4.0,3.8,3.0,1.2,0.7,1.8,1.0,0.2
2017-05-26 08:29:00+02:00,0.5,1.4,0.4,1.8,10.3,6.7,5.8,0.7,0.4,2.9,2.5,7.0,0.3,2.3,1.0,1.6,0.2,2.0,6.6,10.1,5.1,0.7,6.4,0.8,12.0,3.1,2.6,0.8,10.6,1.1,1.7,4.9,0.7,4.4,4.1,3.8,3.0,1.2,0.7,1.8,1.0,0.2
2017-05-26 08:30:00+02:00,0.5,1.3,0.4,1.8,10.6,7.0,5.9,0.8,0.4,2.9,2.5,7.3,0.4,2.3,1.0,1.5,0.2,2.0,6.6,10.3,5.1,0.7,6.7,0.7,12.2,3.1,2.6,0.8,10.8,1.2,1.7,4.9,0.6,4.3,4.0,3.7,3.0,1.2,0.7,1.8,1.0,0.2
2017-05-26 08:31:00+02:00,0.5,1.1,0.4,1.6,9.4,6.0,4.9,0.3,0.4,2.8,2.4,6.2,0.1,1.7,0.9,1.5,0.3,1.4,5.7,9.2,4.2,0.7,5.7,0.6,10.4,2.9,2.4,0.8,9.7,0.6,1.6,4.1,0.5,4.1,3.8,3.5,2.8,1.1,0.7,1.7,0.9,0.2
2017-05-26 08:32:00+02:00,0.6,1.1,0.4,1.7,9.4,6.2,5.2,0.5,0.4,2.9,2.3,6.3,0.1,1.9,0.9,1.6,0.1,1.7,5.9,9.2,4.5,0.7,6.0,0.8,10.2,2.9,2.4,0.9,9.7,0.9,1.6,4.4,0.4,4.1,3.8,3.5,2.8,1.1,0.7,1.7,0.9,0.2
2017-05-26 08:33:00+02:00,0.6,1.2,0.4,1.9,10.2,6.8,5.7,0.4,0.4,3.2,2.4,6.9,0.0,2.0,0.8,1.8,0.2,1.6,6.4,9.9,4.9,0.5,6.5,0.8,11.1,3.0,2.7,1.1,10.5,0.8,1.6,4.7,0.5,4.6,4.3,3.9,3.1,1.3,0.7,1.8,1.0,0.2
2017-05-26 08:34:00+02:00,0.7,1.3,0.5,2.1,11.6,7.6,6.4,0.6,0.5,3.5,2.6,7.9,0.1,2.4,0.9,2.0,0.1,1.9,7.2,11.3,5.6,0.6,7.3,0.9,12.7,3.4,3.0,1.2,12.0,1.0,1.8,5.3,0.6,5.1,4.7,4.4,3.4,1.4,0.8,2.0,1.2,0.3
2017-05-26 08:35:00+02:00,0.7,1.3,0.5,2.0,11.5,7.6,6.4,0.8,0.4,3.3,2.6,7.9,0.3,2.6,1.0,1.8,0.2,2.1,7.2,11.3,5.6,0.7,7.3,0.8,12.5,3.3,2.9,1.0,11.9,1.2,1.8,5.4,0.6,4.9,4.6,4.2,3.3,1.3,0.8,2.0,1.2,0.3
2017-05-26 08:36:00+02:00,0.6,1.2,0.4,1.9,10.9,7.2,6.0,0.8,0.4,3.0,2.5,7.4,0.4,2.4,1.0,1.5,0.2,2.0,6.7,10.7,5.2,0.7,6.9,0.6,11.8,3.3,2.7,0.8,11.3,1.1,1.8,5.1,0.5,4.7,4.4,4.1,3.2,1.3,0.7,1.9,1.1,0.4
2017-05-26 08:37:00+02:00,0.6,1.0,0.4,1.7,9.3,6.5,5.4,0.7,0.4,2.7,2.3,6.0,0.4,2.1,0.9,1.4,0.2,1.7,6.1,9.1,4.6,0.6,6.3,0.6,10.0,3.0,2.4,0.8,9.6,0.9,1.6,4.5,0.5,4.5,4.2,3.9,3.0,1.2,0.7,1.8,1.1,0.3
2017-05-26 08:38:00+02:00,0.6,0.8,0.4,1.5,8.1,6.0,4.9,0.7,0.2,2.5,2.2,5.0,0.4,2.1,0.8,1.2,0.2,1.7,5.7,7.9,4.3,0.5,5.8,0.5,8.7,2.9,2.2,0.6,8.4,0.9,1.5,4.3,0.3,4.3,4.0,3.7,2.9,1.2,0.6,1.7,1.0,0.3
2017-05-26 08:39:00+02:00,0.6,0.9,0.4,1.6,8.1,6.0,4.9,0.7,0.2,2.2,2.1,5.3,0.4,2.0,0.7,1.0,0.2,1.6,5.7,8.0,4.4,0.5,5.8,0.4,8.7,2.8,2.3,0.5,8.3,0.9,1.4,4.3,0.4,4.2,3.9,3.6,2.8,1.2,0.6,1.6,1.0,0.3
2017-05-26 08:40:00+02:00,0.6,1.0,0.4,1.7,9.5,6.5,5.3,0.8,0.3,2.7,2.4,6.5,0.4,2.2,0.9,1.4,0.2,1.8,6.1,9.6,4.7,0.7,6.2,0.6,9.9,3.1,2.5,0.8,9.5,1.0,1.7,4.6,0.5,4.5,4.1,3.8,3.0,1.3,0.7,1.7,1.1,0.3
2017-05-26 08:41:00+02:00,0.6,1.1,0.4,1.8,9.5,6.5,5.4,0.8,0.3,2.9,2.4,6.4,0.4,2.2,0.9,1.5,0.2,1.8,6.2,9.5,4.8,0.7,6.2,0.7,10.0,3.1,2.5,0.9,9.5,1.0,1.6,4.7,0.5,4.5,4.1,3.8,3.0,1.3,0.7,1.8,1.1,0.4
2017-05-26 08:42:00+02:00,0.7,1.2,0.4,1.9,9.7,6.8,5.6,0.8,0.3,3.0,2.5,6.3,0.4,2.3,1.0,1.6,0.2,1.9,6.4,9.6,5.0,0.8,6.5,0.7,11.0,3.3,2.6,0.9,9.6,1.1,1.7,4.9,0.6,4.6,4.2,3.9,3.1,1.3,0.7,1.8,1.1,0.4
2017-05-26 08:43:00+02:00,0.7,1.2,0.5,1.9,10.1,7.2,5.9,0.9,0.3,3.0,2.7,6.6,0.4,2.5,1.1,1.5,0.2,2.0,6.7,10.1,5.2,0.8,6.9,0.8,11.5,3.5,2.7,0.8,10.1,1.2,1.9,5.1,0.6,4.7,4.3,4.0,3.2,1.3,0.8,1.9,1.1,0.3
2017-05-26 08:44:00+02:00,0.7,1.2,0.4,1.9,9.2,7.0,5.8,0.8,0.4,3.0,2.2,6.2,0.4,2.3,1.1,1.5,0.2,1.9,6.6,9.1,5.1,0.8,6.7,0.8,10.5,3.0,2.7,0.8,9.1,1.1,1.8,5.0,0.6,4.6,4.2,3.9,3.1,1.3,0.8,1.8,1.1,0.3
2017-05-26 08:45:00+02:00,0.7,1.1,0.4,1.8,10.3,7.0,5.6,0.7,0.3,3.2,2.3,7.1,0.4,2.2,1.1,1.6,0.2,1.8,6.4,10.3,4.9,0.8,6.7,0.8,11.6,3.1,2.6,0.9,10.1,1.0,1.8,4.8,0.5,4.7,4.3,4.0,3.1,1.3,0.8,1.9,1.1,0.3
2017-05-26 08:46:00+02:00,0.6,1.2,0.4,1.9,9.8,7.2,5.7,0.7,0.3,3.3,1.7,7.3,0.4,2.2,1.1,1.7,0.2,1.8,6.5,9.7,5.0,0.8,6.9,0.7,10.8,2.5,2.7,1.0,9.4,1.0,1.8,4.9,0.5,4.6,4.3,3.9,3.1,1.2,0.8,1.9,1.1,0.3
2017-05-26 08:47:00+02:00,0.6,1.3,0.5,2.0,9.5,7.2,5.8,0.7,0.3,3.1,1.4,7.3,0.4,2.2,1.1,1.5,0.3,1.9,6.7,9.4,5.1,0.8,7.0,0.4,10.7,2.1,2.8,0.7,9.2,1.1,1.9,5.0,0.6,4.8,4.4,4.0,3.2,1.2,0.8,2.0,1.1,0.3
2017-05-26 08:48:00+02:00,0.6,1.3,0.5,2.1,9.9,7.5,6.1,0.8,0.4,2.3,1.5,7.5,0.4,2.3,1.1,0.7,0.3,1.9,6.9,9.8,5.3,0.8,7.2,0.4,11.0,2.2,2.9,0.1,9.4,1.1,1.9,5.2,0.6,5.0,4.6,4.2,3.4,1.3,0.8,2.1,1.2,0.4
2017-05-26 08:49:00+02:00,0.6,1.3,0.5,2.1,9.4,7.6,6.1,0.8,0.4,3.6,1.1,7.3,0.4,2.3,1.2,1.9,0.3,1.9,7.0,9.2,5.4,0.9,7.3,0.8,10.9,1.9,2.9,1.1,9.2,1.1,2.0,5.2,0.6,5.1,4.7,4.4,3.5,1.4,0.8,2.1,1.2,0.4
2017-05-26 08:50:00+02:00,0.6,1.3,0.5,2.1,8.6,7.6,6.1,0.8,0.4,3.5,0.8,6.9,0.5,2.4,1.1,1.9,0.3,2.0,6.9,8.5,5.4,0.8,7.3,0.8,10.1,1.6,2.9,1.1,8.5,1.2,2.0,5.3,0.6,5.1,4.7,4.4,3.5,1.4,0.8,2.1,1.2,0.4
2017-05-26 08:51:00+02:00,0.6,1.4,0.5,2.1,8.6,7.5,6.1,0.8,0.3,3.5,0.5,7.1,0.5,2.3,1.1,1.8,0.3,2.0,6.9,8.4,5.3,0.8,7.2,0.8,10.0,1.3,2.9,1.1,8.4,1.2,1.9,5.3,0.6,5.0,4.6,4.3,3.4,1.4,0.8,2.0,1.2,0.3
2017-05-26 08:52:00+02:00,0.6,1.4,0.4,2.1,9.3,6.9,5.9,0.8,0.4,3.3,1.3,7.2,0.4,2.3,1.0,1.7,0.2,2.0,6.3,9.2,5.2,0.7,6.6,0.7,10.6,2.0,2.8,1.0,9.1,1.2,1.8,5.1,0.6,4.9,4.5,4.1,3.3,1.4,0.7,1.9,1.1,0.3
2017-05-26 08:53:00+02:00,0.6,1.3,0.4,2.0,9.6,7.1,6.1,0.8,0.3,3.4,1.4,7.3,0.5,2.4,1.0,1.8,0.2,2.0,6.5,9.5,5.3,0.8,6.8,0.8,10.9,2.1,2.8,1.0,9.4,1.2,1.9,5.2,0.5,5.0,4.6,4.3,3.4,1.5,0.8,2.0,1.1,0.3
2017-05-26 08:54:00+02:00,0.7,1.6,0.5,2.3,11.1,8.0,6.9,0.9,0.4,3.8,1.7,8.3,0.5,2.7,1.1,2.0,0.3,2.3,7.4,10.9,6.0,0.8,7.7,0.9,12.5,2.6,3.2,1.2,10.8,1.4,2.1,5.9,0.7,5.3,4.9,4.5,3.6,1.5,0.8,2.1,1.2,0.3
2017-05-26 08:55:00+02:00,0.7,1.5,0.5,2.2,11.2,7.6,6.6,0.9,0.3,3.6,2.1,7.9,0.5,2.7,1.1,1.9,0.2,2.2,7.1,10.8,5.7,0.8,7.4,0.8,12.2,2.9,3.0,1.1,10.6,1.3,2.0,5.7,0.7,4.8,4.4,4.0,3.1,1.2,0.6,2.0,1.1,0.2
2017-05-26 08:56:00+02:00,0.6,1.4,0.4,2.0,10.6,6.9,6.2,0.9,0.3,3.2,2.3,7.2,0.5,2.5,1.1,1.7,0.2,2.1,6.6,10.2,5.4,0.8,6.7,0.7,11.7,3.0,2.8,0.9,10.3,1.3,1.9,5.3,0.6,4.5,4.1,3.8,2.9,1.1,0.5,1.8,1.0,0.3
2017-05-26 08:57:00+02:00,0.6,1.4,0.4,2.1,10.7,7.2,6.3,0.9,0.3,3.2,2.2,7.4,0.5,2.5,1.1,1.7,0.2,2.1,6.8,10.3,5.5,0.8,7.0,0.6,11.2,2.9,2.9,0.9,10.1,1.3,1.9,5.5,0.7,4.6,4.2,3.8,3.0,1.1,0.5,1.9,1.0,0.3
2017-05-26 08:58:00+02:00,0.5,1.4,0.4,2.0,9.6,7.1,6.1,0.8,0.3,3.2,1.5,7.4,0.4,2.4,1.0,1.7,0.2,2.1,6.7,9.2,5.4,0.8,6.9,0.6,10.4,1.9,2.9,0.9,9.4,1.2,1.8,5.3,0.7,4.4,4.0,3.7,2.8,1.0,0.5,1.8,1.0,0.3
2017-05-26 08:59:00+02:00,0.6,1.4,0.4,2.1,10.5,7.2,6.1,0.7,0.3,3.3,2.2,7.4,0.3,2.3,1.1,1.7,0.2,2.0,6.7,10.1,5.3,0.8,7.0,0.6,11.2,2.7,2.9,0.9,10.1,1.1,1.9,5.3,0.7,4.4,4.0,3.7,2.8,1.0,0.5,1.8,1.0,0.3
2017-05-26 09:00:00+02:00,0.6,1.5,0.5,2.2,10.9,7.6,6.5,0.7,0.3,3.4,2.2,7.9,0.4,2.5,1.1,1.8,0.2,2.0,7.0,10.6,5.6,0.8,7.4,0.7,12.1,2.6,3.0,1.0,10.8,1.2,2.0,5.5,0.7,4.5,4.1,3.8,2.9,1.1,0.5,1.8,1.0,0.3
2017-05-26 09:01:00+02:00,0.6,1.4,0.5,2.1,10.5,7.6,6.4,0.7,0.4,3.4,1.7,7.9,0.4,2.4,1.1,1.8,0.2,2.0,7.0,10.1,5.6,0.8,7.4,0.8,11.4,2.2,3.0,1.0,10.2,1.1,2.0,5.4,0.7,4.5,4.1,3.8,2.9,1.1,0.5,1.8,1.0,0.3
2017-05-26 09:02:00+02:00,0.6,1.6,0.5,2.4,13.0,8.5,7.2,0.9,0.4,3.9,2.8,8.8,0.4,2.7,1.3,2.1,0.3,2.2,7.8,12.5,6.3,0.9,8.2,1.0,14.5,3.7,3.4,1.3,13.2,1.3,2.2,6.0,0.8,5.0,4.6,4.2,3.3,1.3,0.6,2.0,1.1,0.3
2017-05-26 09:03:00+02:00,0.7,1.8,0.6,2.7,14.6,9.6,8.0,1.0,0.5,4.5,3.2,9.9,0.5,2.9,1.4,2.4,0.3,2.4,8.7,14.1,7.0,1.0,9.2,1.2,16.2,4.2,3.8,1.5,14.9,1.5,2.4,6.7,0.9,5.9,5.4,5.0,3.9,1.5,0.7,2.5,1.5,0.4
2017-05-26 09:04:00+02:00,0.7,1.7,0.5,2.7,13.5,9.1,7.4,1.0,0.4,4.3,2.7,9.4,0.5,2.6,1.4,2.4,0.3,2.1,8.1,13.1,6.5,1.0,8.6,1.1,15.1,3.7,3.7,1.4,13.8,1.4,2.3,6.3,0.8,5.7,5.2,4.8,3.8,1.4,0.7,2.4,1.4,0.4
2017-05-26 09:05:00+02:00,0.7,1.9,0.6,2.8,14.4,9.8,8.0,1.1,0.5,4.6,2.9,10.2,0.6,2.8,1.5,2.5,0.3,2.3,8.7,14.0,7.0,1.1,9.2,1.2,16.2,3.9,3.9,1.5,14.7,1.5,2.5,6.8,0.9,6.0,5.6,5.1,4.1,1.5,0.7,2.5,1.5,0.5
2017-05-26 09:06:00+02:00,0.8,2.0,0.6,3.0,15.4,10.1,8.3,1.1,0.5,4.9,3.4,10.6,0.6,2.9,1.5,2.7,0.4,2.3,9.1,15.0,7.3,1.1,9.6,1.3,17.3,4.4,4.1,1.6,15.7,1.6,2.6,7.0,0.9,6.3,5.8,5.3,4.2,1.6,0.8,2.6,1.5,0.4
2017-05-26 09:07:00+02:00,0.8,2.1,0.6,3.2,16.7,11.0,8.9,1.3,0.5,5.1,3.7,11.5,0.7,3.2,1.6,2.8,0.4,2.6,9.8,16.2,7.9,1.2,10.4,1.4,18.8,4.8,4.3,1.7,17.1,1.7,2.7,7.6,1.0,6.8,6.2,5.8,4.6,1.8,0.8,2.7,1.6,0.5
2017-05-26 09:08:00+02:00,0.7,1.9,0.5,2.8,14.7,9.8,8.0,1.2,0.5,4.6,3.0,10.3,0.7,2.8,1.4,2.5,0.4,2.3,8.8,14.2,6.9,1.0,9.3,1.2,16.4,4.0,3.9,1.5,14.9,1.5,2.4,6.7,0.9,5.7,5.2,4.8,3.7,1.3,0.7,2.4,1.4,0.4
2017-05-26 09:09:00+02:00,0.7,1.9,0.5,2.9,14.5,9.9,8.0,1.1,0.5,4.6,2.8,10.3,0.6,2.7,1.5,2.5,0.4,2.2,8.9,14.1,6.9,1.0,9.3,1.2,16.4,3.7,4.0,1.5,14.8,1.5,2.4,6.7,1.0,5.3,4.8,4.4,3.3,0.9,0.7,2.4,1.4,0.4
2017-05-26 09:10:00+02:00,0.7,2.0,0.6,2.9,14.9,10.0,8.1,1.1,0.6,4.6,3.0,10.5,0.6,2.8,1.5,2.5,0.4,2.3,9.0,14.5,7.0,1.1,9.4,1.2,17.1,4.1,4.0,1.5,15.3,1.6,2.5,6.8,1.0,5.0,4.6,4.1,3.1,0.8,0.6,2.4,1.4,0.4
2017-05-26 09:11:00+02:00,0.7,1.9,0.5,2.8,13.9,9.2,7.5,1.0,0.5,4.1,3.0,9.6,0.6,2.5,1.4,2.3,0.4,2.1,8.2,13.6,6.5,1.0,8.7,1.1,15.8,3.9,3.8,1.4,14.3,1.5,2.3,6.3,0.9,4.9,4.5,4.1,3.1,0.9,0.5,2.3,1.3,0.4
2017-05-26 09:12:00+02:00,0.7,1.8,0.5,2.8,13.6,9.1,7.5,1.0,0.5,4.1,2.9,9.4,0.6,2.5,1.4,2.3,0.4,2.1,8.1,13.2,6.5,1.0,8.5,1.1,15.3,3.8,3.8,1.4,13.9,1.5,2.3,6.3,0.9,5.3,4.9,4.5,3.5,1.2,0.5,2.3,1.3,0.4
2017-05-26 09:13:00+02:00,0.7,2.0,0.6,2.9,14.8,9.7,8.0,1.1,0.6,4.2,3.3,10.1,0.6,2.8,1.5,2.5,0.4,2.3,8.7,14.4,7.0,1.0,9.2,1.2,16.5,4.3,4.0,1.5,15.2,1.6,2.5,6.8,1.0,5.7,5.3,4.8,3.8,1.4,0.5,2.4,1.4,0.4
2017-05-26 09:14:00+02:00,0.7,1.9,0.6,2.9,14.5,9.6,7.9,1.2,0.5,4.1,3.2,9.9,0.7,2.8,1.4,2.4,0.4,2.4,8.6,14.1,6.9,1.0,9.1,1.1,16.2,4.2,3.9,1.4,14.9,1.7,2.3,6.7,1.0,5.5,5.1,4.7,3.6,1.3,0.5,2.4,1.4,0.4
2017-05-26 09:15:00+02:00,0.7,1.8,0.6,2.8,13.9,9.5,7.9,1.2,0.5,4.2,2.6,9.9,0.7,2.8,1.4,2.4,0.4,2.4,8.6,13.5,6.8,1.0,9.0,1.1,15.6,3.6,3.8,1.4,14.3,1.7,2.4,6.7,0.8,5.6,5.2,4.7,3.7,1.3,0.5,2.4,1.4,0.4
2017-05-26 09:16:00+02:00,1.0,2.0,0.6,3.2,16.1,11.1,9.2,1.5,0.6,4.5,3.0,11.6,0.9,3.5,1.6,2.8,0.5,2.9,10.1,15.7,8.1,1.1,10.6,1.4,17.9,4.1,4.3,1.7,16.6,2.1,2.7,7.8,1.0,6.4,5.9,5.5,4.3,1.6,0.6,2.7,1.6,0.5
2017-05-26 09:17:00+02:00,1.1,2.0,0.6,3.1,15.3,9.9,8.8,1.5,0.6,4.7,3.4,10.4,0.9,3.4,1.5,2.7,0.4,2.8,8.9,14.9,7.8,1.1,9.4,1.4,17.0,4.5,4.2,1.6,15.8,2.1,2.6,7.6,1.0,6.0,5.5,5.1,4.0,1.4,0.5,2.6,1.5,0.5
2017-05-26 09:18:00+02:00,0.9,1.8,0.6,2.8,13.8,8.9,8.1,1.3,0.6,3.9,3.2,9.3,0.8,3.2,1.4,2.4,0.4,2.7,8.0,13.4,7.2,1.0,8.4,1.2,15.2,4.2,3.8,1.4,14.3,1.8,2.4,7.0,0.9,4.4,4.0,3.6,2.6,0.4,0.7,2.4,1.4,0.4
2017-05-26 09:19:00+02:00,0.8,1.6,0.5,2.5,12.6,8.1,7.5,1.2,0.5,3.4,2.9,8.5,0.7,3.0,1.3,2.0,0.4,2.5,7.2,12.2,6.6,0.9,7.6,1.1,12.9,3.8,3.5,1.2,13.0,1.7,2.1,6.5,0.8,3.7,3.3,2.9,2.0,0.3,1.0,2.1,1.2,0.4
2017-05-26 09:20:00+02:00,0.9,1.6,0.5,2.5,13.0,8.4,7.7,1.2,0.5,3.7,2.9,8.7,0.7,3.1,1.3,2.1,0.4,2.6,7.4,12.6,6.8,1.0,7.8,1.1,12.5,3.8,3.5,1.3,13.3,1.7,2.2,6.6,0.8,3.9,3.5,3.1,2.2,0.3,0.9,2.2,1.3,0.4
2017-05-26 09:21:00+02:00,0.9,1.7,0.6,2.7,14.4,9.2,8.4,1.3,0.5,3.7,3.2,9.7,0.8,3.4,1.5,2.0,0.4,2.9,8.2,13.9,7.4,1.1,8.7,0.8,15.2,4.2,3.8,1.0,14.8,1.9,2.4,7.2,0.8,4.2,3.8,3.3,2.3,0.3,0.8,2.3,1.3,0.4
2017-05-26 09:22:00+02:00,0.9,1.8,0.6,2.8,15.9,10.6,8.6,1.3,0.5,3.9,3.3,11.2,0.7,3.4,1.5,2.1,0.4,2.8,9.6,15.5,7.6,1.1,10.1,1.0,17.8,4.3,3.9,1.1,16.4,1.8,2.4,7.4,1.0,3.7,3.2,2.8,1.8,0.8,0.7,2.4,1.4,0.4
2017-05-26 09:23:00+02:00,0.8,1.8,0.5,2.7,14.4,9.6,7.8,1.1,0.4,3.2,2.9,10.1,0.6,3.0,1.3,1.6,0.3,2.5,8.7,14.0,6.8,1.0,9.1,0.6,15.8,3.9,3.7,0.7,14.8,1.6,2.2,6.7,0.9,3.0,2.6,2.2,1.3,1.0,0.8,2.2,1.3,0.4
2017-05-26 09:24:00+02:00,0.8,1.8,0.5,2.7,13.8,9.1,7.3,1.1,0.5,3.6,3.0,9.6,0.6,2.6,1.3,2.0,0.3,2.1,8.2,13.5,6.4,0.9,8.6,1.0,15.2,3.9,3.6,1.1,14.1,1.5,2.2,6.3,0.9,3.1,2.6,2.2,1.4,0.9,0.6,2.1,1.2,0.4
2017-05-26 09:25:00+02:00,0.8,1.7,0.5,2.6,12.4,8.0,6.2,1.0,0.5,3.5,2.9,8.4,0.5,1.7,1.2,1.9,0.3,1.2,7.1,12.2,5.4,0.8,7.5,1.0,13.4,3.8,3.5,1.1,12.4,1.5,2.1,5.2,0.9,4.1,3.6,3.3,2.3,0.4,0.6,2.0,1.2,0.4
2017-05-26 09:26:00+02:00,0.8,1.8,0.5,2.6,12.7,8.3,6.5,1.2,0.5,3.2,2.8,8.7,0.7,1.9,1.1,1.7,0.3,1.4,7.4,12.4,5.6,0.7,7.8,1.0,14.0,3.7,3.6,0.8,12.7,1.6,1.9,5.4,0.9,4.2,3.8,3.4,2.4,0.4,0.6,2.0,1.2,0.4
2017-05-26 09:27:00+02:00,0.8,1.8,0.5,2.7,12.5,8.7,6.9,1.2,0.5,2.7,2.2,9.1,0.7,2.0,0.4,1.1,0.3,1.5,7.8,12.3,5.9,0.2,8.2,1.0,14.1,3.2,3.7,0.2,12.5,1.7,1.3,5.8,0.9,4.4,4.0,3.6,2.6,0.5,0.6,2.1,1.3,0.4
2017-05-26 09:28:00+02:00,0.8,1.8,0.5,2.7,12.4,7.9,6.2,1.3,0.5,2.9,2.8,8.4,0.8,1.5,1.1,1.2,0.3,1.0,7.1,12.2,5.3,0.7,7.5,1.0,14.0,3.8,3.7,0.2,12.4,1.7,2.0,5.2,0.9,4.5,4.1,3.7,2.7,0.5,0.6,2.2,1.3,0.5
2017-05-26 09:29:00+02:00,0.8,1.8,0.5,2.7,12.2,7.8,6.0,1.1,0.5,2.9,2.8,8.2,0.6,1.3,1.0,1.2,0.3,0.8,7.0,12.0,5.1,0.6,7.3,1.0,13.8,3.8,3.7,0.2,12.3,1.6,1.9,5.0,0.9,4.7,4.2,3.8,2.8,0.6,0.6,2.3,1.4,0.5
2017-05-26 09:30:00+02:00,0.8,1.8,0.5,2.7,12.3,7.9,6.1,1.1,0.5,3.5,2.7,8.3,0.6,1.3,0.9,1.8,0.3,0.9,7.0,12.0,5.1,0.6,7.4,1.1,13.9,3.7,3.7,0.8,12.3,1.6,1.9,5.0,0.9,4.7,4.2,3.8,2.8,1.0,0.7,1.9,1.4,0.5
2017-05-26 09:31:00+02:00,0.8,1.8,0.5,2.8,12.9,8.2,6.3,1.2,0.5,4.2,3.0,8.6,0.7,1.4,1.1,2.5,0.4,0.9,7.3,12.6,5.4,0.7,7.7,1.2,14.7,4.0,3.8,1.5,12.9,1.7,2.1,5.2,0.9,4.2,3.8,3.4,2.4,1.0,0.7,1.4,1.0,0.5
2017-05-26 09:32:00+02:00,0.9,2.0,0.6,3.0,14.4,9.5,7.5,1.3,0.6,4.4,3.0,10.0,0.7,2.1,1.2,2.8,0.4,1.5,8.5,14.1,6.5,0.8,9.0,1.4,16.4,4.1,4.2,1.7,14.5,1.8,2.3,6.2,1.0,5.3,4.7,4.4,3.3,1.1,0.8,2.1,1.6,0.5
2017-05-26 09:33:00+02:00,0.9,2.0,0.6,3.0,14.5,9.4,7.4,1.3,0.6,3.7,3.1,9.9,0.7,2.0,1.3,2.9,0.4,1.4,8.5,14.1,6.4,0.8,8.9,1.4,16.5,4.2,4.2,1.7,14.6,1.9,2.4,6.1,1.0,5.6,5.1,4.6,3.6,1.0,0.8,2.6,1.5,0.5
2017-05-26 09:34:00+02:00,0.9,2.0,0.6,3.0,14.5,9.5,7.4,1.3,0.6,4.7,3.0,10.0,0.8,1.9,1.2,2.9,0.4,1.3,8.4,14.1,6.3,0.7,8.9,1.4,16.5,4.1,4.2,1.8,14.6,1.9,2.2,6.1,0.9,5.9,5.3,4.9,3.9,1.2,0.8,2.6,1.6,0.5
2017-05-26 09:35:00+02:00,1.0,1.8,0.6,2.9,15.7,10.4,8.2,1.5,0.7,5.0,3.2,11.0,0.9,2.7,1.3,3.1,0.5,2.1,9.3,15.3,7.1,0.8,9.8,1.5,17.8,4.3,4.2,1.9,15.8,2.0,2.4,6.9,1.1,6.2,5.6,5.2,4.1,1.3,0.9,2.8,1.7,0.5
2017-05-26 09:36:00+02:00,1.0,1.2,0.6,2.4,15.5,10.1,7.9,1.4,0.7,5.1,3.3,10.7,0.8,3.0,1.3,3.1,0.4,2.4,9.0,15.1,6.8,0.9,9.5,1.5,17.8,4.4,3.6,1.9,15.6,2.0,2.5,6.6,1.1,6.6,6.0,5.5,4.4,1.6,0.9,2.8,1.7,0.5
2017-05-26 09:37:00+02:00,1.0,1.5,0.6,2.6,15.6,10.2,7.9,1.4,0.7,5.0,3.3,10.8,0.8,3.0,1.4,3.0,0.4,2.4,9.1,15.2,6.9,0.9,9.6,1.5,17.8,4.5,3.8,1.9,15.7,2.0,2.5,6.8,1.1,6.6,6.1,5.7,4.6,1.8,0.9,2.8,1.7,0.6
2017-05-26 09:38:00+02:00,1.0,2.2,0.6,3.3,16.8,11.3,9.0,1.5,0.6,5.1,3.4,11.9,0.8,3.1,1.4,3.1,0.5,2.5,10.2,16.5,7.9,0.9,10.7,1.5,19.2,4.6,4.6,1.9,16.9,2.1,2.6,7.7,1.0,6.4,5.8,5.4,4.2,1.4,0.9,2.8,1.7,0.6
2017-05-26 09:39:00+02:00,1.1,2.4,0.6,3.7,18.3,12.4,10.0,1.6,0.6,5.5,3.5,13.0,0.9,3.5,1.4,3.3,0.5,2.8,11.2,17.8,8.9,0.8,11.7,1.6,20.9,4.8,5.0,2.1,18.5,2.3,2.6,8.5,1.1,7.0,6.4,5.9,4.6,1.6,1.0,3.0,1.8,0.6
2017-05-26 09:40:00+02:00,1.0,2.4,0.7,3.5,17.6,12.0,9.7,1.5,0.6,5.2,3.3,12.6,0.9,3.5,1.2,3.2,0.5,2.8,10.8,17.0,8.6,0.7,11.3,1.5,20.2,4.5,4.8,2.0,18.0,2.2,2.4,8.3,1.2,7.0,6.4,5.9,4.7,1.8,1.2,2.9,1.7,0.6
2017-05-26 09:41:00+02:00,1.1,2.6,0.7,3.9,18.2,13.1,10.6,1.7,0.7,4.9,2.7,13.7,0.9,3.7,0.8,2.7,0.5,3.0,11.9,17.6,9.4,0.9,12.4,0.9,20.7,4.0,5.3,1.3,18.6,2.3,1.7,9.0,1.3,7.9,7.3,6.7,5.4,2.2,1.3,3.2,1.9,0.6
2017-05-26 09:42:00+02:00,1.3,3.0,0.8,4.4,20.2,15.1,12.3,1.9,0.8,5.6,2.8,15.8,1.1,4.4,1.8,3.0,0.6,3.5,13.7,19.5,10.9,2.1,14.3,1.0,21.2,4.1,5.9,1.6,20.7,2.7,2.0,10.3,1.5,8.7,8.0,7.3,5.9,2.3,1.4,3.6,2.1,0.7
2017-05-26 09:43:00+02:00,1.4,3.1,0.8,4.6,21.0,15.5,12.6,2.0,0.8,6.3,3.0,16.3,1.2,4.4,1.8,3.5,0.6,3.6,14.1,20.3,11.1,2.1,14.7,1.4,22.3,4.4,6.3,2.0,21.6,2.8,2.1,10.7,1.6,9.2,8.4,7.7,6.2,2.3,1.5,3.8,2.3,0.8
2017-05-26 09:44:00+02:00,1.4,3.1,0.8,4.6,20.2,15.2,12.2,1.6,0.8,6.0,2.5,16.0,0.8,4.0,1.5,3.2,0.6,3.2,13.7,19.6,10.8,1.6,14.4,1.2,21.4,3.8,6.2,1.7,20.8,2.4,2.2,10.2,1.6,9.0,8.2,7.6,6.1,2.3,1.5,3.8,2.2,0.8
2017-05-26 09:45:00+02:00,1.3,2.9,0.8,4.2,19.0,13.4,10.5,1.1,0.8,5.8,2.8,14.1,0.4,3.1,2.0,3.2,0.6,2.3,11.9,18.4,9.1,1.3,12.6,1.3,19.9,4.3,5.5,1.7,19.5,1.8,3.4,8.6,1.5,8.6,7.9,7.2,5.9,2.5,1.4,3.4,2.1,0.7
2017-05-26 09:46:00+02:00,1.3,3.0,0.8,4.2,20.1,13.8,10.8,1.3,0.8,6.2,3.4,14.5,0.6,3.6,2.0,3.6,0.6,2.8,12.3,19.4,9.3,1.3,13.0,1.5,20.9,4.9,5.3,2.0,20.6,2.1,3.5,8.9,1.5,8.5,7.8,7.2,5.8,2.3,1.5,3.4,2.1,0.7
2017-05-26 09:47:00+02:00,1.4,3.0,0.8,4.4,21.8,14.3,11.2,1.5,0.8,6.8,4.6,15.1,0.7,3.8,2.1,4.1,0.6,3.0,12.8,21.2,9.7,1.4,13.5,2.1,22.8,6.1,5.5,2.6,22.4,2.3,3.6,9.3,1.5,8.6,7.8,7.2,5.8,2.2,1.4,3.5,2.1,0.7
2017-05-26 09:48:00+02:00,1.6,3.4,0.9,4.9,25.4,16.8,13.3,1.6,0.9,7.8,5.2,17.7,0.7,4.8,2.4,4.8,0.8,3.9,15.1,24.6,11.6,1.6,16.0,2.4,28.9,6.9,6.4,3.0,26.0,2.4,4.1,11.2,1.7,10.0,9.1,8.4,6.7,2.7,1.6,4.0,2.4,0.8
2017-05-26 09:49:00+02:00,1.8,3.9,1.0,5.6,29.4,19.7,15.8,2.2,1.1,8.9,5.9,20.7,1.2,6.2,2.7,5.4,0.8,5.1,17.7,28.6,13.9,1.9,18.7,2.7,33.8,7.8,7.1,3.4,30.2,3.2,4.6,13.3,2.0,11.7,10.7,9.9,8.0,3.4,1.8,4.6,2.8,0.9
2017-05-26 09:50:00+02:00,1.8,3.8,1.0,5.4,28.8,19.1,15.1,2.2,1.0,8.9,5.9,20.1,1.2,5.6,2.7,5.4,0.8,4.6,17.1,27.9,13.2,1.8,18.1,2.7,33.2,7.9,7.0,3.4,29.6,3.1,4.6,12.7,2.0,11.4,10.4,9.6,7.7,3.1,1.8,4.5,2.8,0.9
2017-05-26 09:51:00+02:00,1.8,3.6,1.0,5.3,28.1,18.2,14.3,2.0,1.0,9.0,6.1,19.2,1.0,4.9,2.7,5.4,0.8,3.9,16.3,27.3,12.4,1.9,17.3,2.7,32.6,8.0,6.9,3.4,28.9,2.8,4.6,11.8,1.9,11.5,10.6,9.7,7.7,3.1,1.9,4.6,2.8,0.9
2017-05-26 09:52:00+02:00,1.8,3.9,1.1,5.8,31.1,20.4,16.1,2.3,1.1,9.6,6.6,21.4,1.2,5.8,3.0,5.8,0.9,4.6,18.2,30.1,14.1,2.0,19.3,2.8,36.0,8.7,7.6,3.6,32.0,3.4,5.0,13.3,2.1,13.3,12.2,11.3,9.2,4.1,2.0,5.0,3.1,1.0
2017-05-26 09:53:00+02:00,1.3,3.9,1.1,5.8,30.2,20.4,16.2,2.3,1.1,9.1,5.6,21.5,1.2,5.8,3.0,5.2,0.9,4.7,18.3,29.2,14.1,2.0,19.4,2.2,35.1,7.7,7.6,3.1,31.1,3.4,5.0,13.4,2.2,13.3,12.2,11.2,9.2,4.1,2.0,5.0,3.0,1.0
2017-05-26 09:54:00+02:00,1.2,3.6,1.1,5.4,27.8,19.2,15.1,2.2,1.0,8.7,4.9,20.2,1.3,5.4,2.8,5.0,0.8,4.3,17.2,27.1,13.1,1.9,18.2,2.1,32.5,6.9,7.0,3.0,28.6,3.2,4.8,12.4,2.0,12.6,11.6,10.7,8.8,3.9,1.9,4.8,2.9,1.0
2017-05-26 09:55:00+02:00,1.4,4.1,1.2,6.0,30.4,21.0,16.6,2.2,1.2,9.5,5.5,22.1,1.1,5.8,3.1,5.5,0.9,4.6,18.8,29.8,14.4,2.1,19.9,2.4,35.4,7.7,7.9,3.3,31.3,3.3,5.2,13.7,2.3,13.6,12.6,11.6,9.5,4.3,2.1,5.3,3.2,1.1
2017-05-26 09:56:00+02:00,1.1,3.3,1.0,4.9,25.0,17.5,13.8,1.9,1.0,7.7,4.3,18.4,1.0,4.9,2.5,4.5,0.8,3.9,15.7,24.5,12.0,1.7,16.5,1.9,29.1,6.1,6.5,2.6,25.7,2.8,4.3,11.4,1.9,11.5,10.6,9.8,8.1,3.6,1.8,4.5,2.8,1.0
2017-05-26 09:57:00+02:00,0.9,2.8,0.9,4.2,21.5,15.1,12.0,1.5,0.9,6.6,3.5,15.9,0.7,4.5,2.1,3.9,0.7,3.7,13.6,21.0,10.4,1.5,14.3,1.6,24.5,5.1,5.4,2.3,22.0,2.3,3.7,9.9,1.7,10.0,9.3,8.5,7.1,3.2,1.6,3.9,2.4,0.8
2017-05-26 09:58:00+02:00,0.8,2.6,0.8,3.9,19.7,13.9,11.3,1.5,0.8,6.2,3.2,14.7,0.8,4.2,2.0,3.6,0.6,3.5,12.8,19.3,9.8,1.4,13.1,1.5,22.5,4.7,5.1,2.1,20.2,2.2,3.4,9.4,1.5,9.2,8.5,7.8,6.4,2.8,1.4,3.6,2.2,0.7
2017-05-26 09:59:00+02:00,0.9,2.9,0.9,4.4,21.5,15.2,12.5,1.9,0.9,6.7,3.5,16.0,1.1,4.8,2.1,3.9,0.7,4.0,14.2,21.1,11.0,1.5,14.4,1.7,24.5,5.1,5.6,2.3,22.0,2.6,3.7,10.5,1.7,9.9,9.1,8.4,6.9,3.0,1.5,3.9,2.4,0.8
2017-05-26 10:00:00+02:00,1.0,3.2,0.9,4.6,24.2,17.2,13.9,2.2,0.9,7.3,3.9,18.1,1.3,5.4,2.3,4.3,0.7,4.5,15.6,23.7,12.2,1.6,16.3,1.8,27.5,5.7,6.1,2.5,24.8,3.0,4.0,11.6,1.8,10.7,9.9,9.1,7.4,3.2,1.7,4.2,2.5,0.8
2017-05-26 10:01:00+02:00,1.0,2.9,0.9,4.1,22.3,15.8,12.7,2.0,0.8,6.7,3.7,16.7,1.2,4.9,2.1,4.0,0.7,4.1,14.4,22.0,11.1,1.4,15.0,1.7,25.3,5.3,5.6,2.3,22.8,2.7,3.7,10.6,1.6,9.9,9.2,8.5,6.8,3.0,1.5,3.9,2.4,0.8
2017-05-26 10:02:00+02:00,1.3,3.2,0.9,4.6,25.8,17.3,13.9,2.2,0.9,7.4,5.5,18.2,1.3,5.4,2.4,4.4,0.7,4.5,15.7,25.5,12.2,1.6,16.4,2.0,29.4,7.3,6.2,2.6,26.4,3.0,4.0,11.6,1.8,10.8,9.9,9.1,7.4,3.2,1.7,4.2,2.5,0.8
2017-05-26 10:03:00+02:00,1.3,3.1,0.9,4.5,25.2,17.0,13.7,2.1,0.9,7.2,5.4,17.8,1.3,5.4,2.3,4.3,0.7,4.5,15.4,24.9,12.0,1.5,16.2,1.9,28.7,7.1,6.0,2.6,25.8,2.9,4.0,11.4,1.7,10.6,9.7,9.0,7.3,3.2,1.6,4.1,2.5,0.8
2017-05-26 10:04:00+02:00,1.2,2.9,0.9,4.2,23.9,16.1,13.0,2.0,0.9,6.8,5.2,16.9,1.2,5.1,2.2,4.0,0.7,4.2,14.6,23.7,11.3,1.5,15.3,1.8,26.7,6.8,5.7,2.4,24.3,2.8,3.8,10.8,1.6,10.1,9.3,8.6,7.1,3.2,1.5,3.9,2.4,0.8
2017-05-26 10:05:00+02:00,1.2,2.9,0.9,4.1,23.3,15.7,12.6,1.9,0.8,6.6,5.0,16.4,1.2,4.9,2.2,3.9,0.6,4.1,14.2,23.0,11.0,1.4,14.9,1.7,26.2,6.6,5.6,2.3,23.7,2.7,3.7,10.5,1.6,9.8,9.0,8.3,6.8,3.1,1.5,3.7,2.3,0.8
2017-05-26 10:06:00+02:00,1.1,2.8,0.8,4.0,22.5,15.1,12.1,1.7,0.9,6.4,4.9,15.8,1.0,4.7,2.1,3.8,0.6,3.9,13.6,22.2,10.5,1.4,14.3,1.7,25.3,6.4,5.4,2.2,22.9,2.5,3.6,10.1,1.6,9.1,8.3,7.7,6.3,2.7,1.5,3.6,2.2,0.7
2017-05-26 10:07:00+02:00,1.2,3.0,0.9,4.2,24.1,16.1,12.9,1.9,0.9,6.9,5.2,16.9,1.1,5.0,2.3,4.0,0.7,4.2,14.6,23.7,11.3,1.5,15.3,1.8,27.1,6.8,5.7,2.4,24.5,2.7,3.8,10.8,1.6,9.0,8.2,7.5,6.1,2.2,1.6,3.8,2.3,0.8
2017-05-26 10:08:00+02:00,1.2,3.1,0.9,4.4,25.0,16.7,13.4,2.0,0.9,7.1,5.3,17.5,1.1,5.2,2.3,4.2,0.7,4.3,15.1,24.5,11.8,1.5,15.9,1.8,28.1,7.0,6.0,2.5,25.4,2.8,3.9,11.2,1.7,9.4,8.5,7.8,6.3,2.4,1.6,4.0,2.4,0.8
2017-05-26 10:09:00+02:00,1.2,3.0,0.9,4.3,24.3,16.3,13.0,1.9,0.9,7.0,5.3,17.0,1.1,5.1,2.3,4.1,0.7,4.2,14.7,24.0,11.4,1.5,15.5,1.8,27.4,7.0,5.8,2.4,24.7,2.7,3.9,10.9,1.6,9.3,8.5,7.8,6.3,2.4,1.6,3.9,2.3,0.8
2017-05-26 10:10:00+02:00,1.3,3.1,0.9,4.4,24.6,16.7,13.4,2.0,0.9,6.0,5.5,17.5,1.2,5.2,2.3,2.9,0.7,4.4,15.1,24.6,11.7,1.5,15.9,0.6,27.8,7.2,6.0,1.3,25.2,2.8,4.0,11.2,1.7,9.6,8.8,8.0,6.5,2.5,1.6,4.0,2.4,0.8
2017-05-26 10:11:00+02:00,1.5,3.6,1.0,5.1,27.8,18.7,14.9,1.7,1.0,8.5,6.3,19.5,0.7,5.5,2.6,4.7,0.8,4.5,16.8,27.7,13.0,1.7,17.7,2.0,32.0,8.2,7.0,2.8,28.6,2.7,4.5,12.4,2.0,11.1,10.1,9.3,7.5,2.9,1.8,4.7,2.8,1.0
2017-05-26 10:12:00+02:00,1.6,3.7,1.1,5.3,28.6,19.1,15.2,1.6,1.1,9.1,6.6,20.0,0.6,5.5,2.9,5.1,0.9,4.4,17.2,28.6,13.3,1.9,18.1,2.3,33.3,8.5,7.2,3.1,29.5,2.6,4.8,12.6,2.0,11.5,10.5,9.6,7.8,3.0,1.9,4.8,2.9,1.0
2017-05-26 10:13:00+02:00,1.6,3.8,1.1,5.5,29.9,20.2,16.2,2.2,1.1,9.4,6.8,21.1,1.2,6.2,2.9,5.3,0.9,5.1,18.2,29.8,14.2,2.0,19.2,2.4,34.7,8.7,7.3,3.3,30.8,3.1,4.9,13.5,2.1,12.0,11.0,10.0,8.1,3.2,1.9,5.0,3.0,1.0
2017-05-26 10:14:00+02:00,1.6,3.7,1.1,5.3,29.4,20.1,16.2,2.7,1.0,9.0,6.5,20.9,1.7,6.6,2.8,5.1,0.9,5.6,18.2,29.3,14.3,1.9,19.1,2.4,34.0,8.4,7.1,3.2,30.2,3.7,4.7,13.7,2.0,11.5,10.5,9.6,7.8,3.0,1.9,4.8,2.9,1.0
2017-05-26 10:15:00+02:00,1.5,3.4,1.0,5.0,27.8,19.0,15.4,2.6,1.0,8.6,6.2,19.8,1.6,6.2,2.7,4.9,0.8,5.2,17.3,27.8,13.6,1.8,18.1,2.2,32.2,8.0,6.7,3.0,28.5,3.5,4.5,12.9,1.8,11.0,10.0,9.2,7.4,2.8,1.8,4.5,2.8,0.9
2017-05-26 10:16:00+02:00,1.6,3.6,1.1,5.3,29.5,20.1,16.4,2.7,1.0,9.0,6.5,21.0,1.7,6.6,2.8,5.3,0.9,5.6,18.4,29.4,14.4,1.9,19.1,2.4,34.2,8.4,7.1,3.3,30.3,3.8,4.7,13.7,1.9,11.7,10.6,9.7,7.8,3.0,1.9,4.8,2.9,1.0
2017-05-26 10:17:00+02:00,1.9,4.0,1.2,5.8,33.2,22.4,18.2,3.0,1.2,9.4,7.4,23.5,1.9,7.4,3.2,5.9,1.0,6.3,20.4,33.0,16.1,2.1,21.4,2.7,38.5,9.5,7.9,3.7,34.1,4.2,5.3,15.3,2.1,12.8,11.6,10.6,8.5,3.2,2.1,5.3,3.3,1.1
2017-05-26 10:18:00+02:00,2.0,4.0,1.2,6.0,34.3,23.1,18.8,3.2,1.2,9.8,7.6,24.2,2.0,7.6,3.4,6.1,1.0,6.5,21.0,34.0,16.5,2.2,22.0,2.8,39.7,9.8,8.1,3.8,35.3,4.4,5.5,15.7,2.2,12.8,11.7,10.7,8.5,3.1,2.1,5.4,3.3,1.1
2017-05-26 10:19:00+02:00,1.8,3.6,1.1,5.3,31.3,20.5,16.7,2.8,1.1,8.6,6.8,21.5,1.8,6.8,3.0,5.4,0.9,5.8,18.7,30.3,14.7,2.0,19.5,2.5,36.1,8.8,7.2,3.4,32.2,3.9,4.9,14.0,1.9,11.1,10.1,9.2,7.3,2.5,1.9,4.9,3.0,1.0
2017-05-26 10:20:00+02:00,1.7,3.5,1.0,5.1,30.0,19.6,15.8,2.7,1.0,8.3,6.6,20.5,1.7,6.6,2.9,5.2,0.9,5.6,17.8,29.0,13.9,1.9,18.6,2.3,34.7,8.5,6.9,3.2,30.8,3.7,4.7,13.6,1.9,10.6,9.6,8.7,6.9,2.2,1.9,4.7,2.9,1.0
2017-05-26 10:21:00+02:00,2.0,4.1,1.2,6.0,34.6,22.6,18.4,3.1,1.2,9.9,7.6,23.7,2.0,7.6,3.3,6.1,1.0,6.4,20.7,33.5,16.1,2.2,21.5,2.8,40.1,9.8,8.2,3.8,35.6,4.2,5.4,15.7,2.1,13.0,11.8,10.8,8.7,3.2,2.1,5.5,3.3,1.1
2017-05-26 10:22:00+02:00,2.5,5.1,1.5,7.5,42.9,28.1,22.9,3.9,1.4,12.2,9.3,29.5,2.5,9.5,4.0,7.6,1.3,8.0,25.6,41.5,20.1,2.7,26.8,3.5,49.6,12.0,10.0,4.8,44.1,5.4,6.7,19.5,2.7,17.3,15.9,14.6,12.1,5.4,2.7,6.7,4.1,1.4
2017-05-26 10:23:00+02:00,2.4,5.0,1.4,7.3,41.7,27.5,22.3,3.6,1.4,11.7,9.0,28.8,2.2,9.0,3.9,7.3,1.0,7.6,25.0,40.4,19.7,2.7,26.2,3.4,48.2,11.6,9.5,4.6,43.0,5.0,6.5,18.5,2.6,16.8,15.5,14.2,11.7,5.3,2.6,6.5,4.0,1.3
2017-05-26 10:24:00+02:00,2.3,4.8,1.4,7.2,39.7,26.2,21.3,2.8,1.3,11.6,8.9,27.5,1.5,8.1,3.9,7.2,0.3,6.7,23.9,38.9,18.7,2.6,24.9,3.3,46.0,11.5,9.4,4.5,40.8,4.2,6.4,17.5,2.5,16.8,15.4,14.2,11.7,5.2,2.6,6.4,3.9,1.3
2017-05-26 10:25:00+02:00,2.8,5.8,1.6,8.5,47.3,31.0,25.2,3.5,1.6,13.1,10.5,32.5,1.9,9.7,4.6,8.5,0.5,8.0,28.3,45.9,22.2,3.1,29.5,4.0,54.9,13.5,11.2,5.4,48.8,5.1,7.5,20.8,3.0,19.5,18.0,16.5,13.5,6.0,2.9,7.5,4.6,1.6
2017-05-26 10:26:00+02:00,2.8,5.9,1.6,8.6,47.1,30.8,25.1,3.5,1.6,13.9,10.4,32.3,1.9,9.7,4.5,8.4,0.5,8.0,28.2,45.7,22.1,3.1,29.3,3.9,54.5,13.4,11.1,5.4,48.5,5.1,7.5,20.8,3.1,19.4,17.8,16.3,13.4,5.9,2.9,7.5,4.6,1.6
2017-05-26 10:27:00+02:00,2.4,5.2,1.4,7.6,42.0,27.7,22.7,3.4,1.4,12.2,9.2,29.0,2.0,8.8,4.0,7.4,0.8,7.4,25.5,40.8,20.1,2.7,26.4,3.4,48.6,11.8,10.1,4.7,43.3,4.8,6.7,18.9,2.7,16.8,15.4,14.1,11.5,5.3,2.6,6.2,3.7,1.0
2017-05-26 10:28:00+02:00,2.5,5.4,1.5,7.9,44.3,29.4,24.1,4.1,1.4,12.8,9.6,30.8,2.6,9.7,4.2,7.7,1.3,8.2,27.0,43.0,21.4,2.8,28.0,3.6,51.2,12.3,10.5,4.9,45.6,5.5,7.0,20.2,2.8,16.8,15.4,14.0,11.3,5.5,2.7,5.8,3.2,0.4
2017-05-26 10:29:00+02:00,2.5,5.4,1.5,7.9,43.5,28.6,23.2,3.2,1.4,12.8,9.6,30.0,1.8,8.9,4.2,7.7,1.3,7.3,26.0,42.2,20.5,2.8,27.2,3.6,50.4,12.3,10.5,4.9,44.8,4.7,7.0,19.4,2.8,17.4,16.0,14.6,11.9,5.5,2.7,6.4,3.8,1.0
2017-05-26 10:30:00+02:00,2.5,3.8,1.5,6.5,41.9,27.1,21.6,3.2,1.4,12.8,9.6,28.4,1.9,8.7,4.2,7.7,1.3,7.3,24.5,40.7,18.9,2.8,25.7,3.6,48.8,12.2,9.1,4.9,43.2,4.6,6.9,17.8,1.2,16.5,15.0,13.7,11.0,5.5,2.7,5.5,4.2,1.4
2017-05-26 10:31:00+02:00,3.1,3.6,1.7,6.8,49.8,32.2,25.7,4.7,1.7,15.5,11.4,33.8,3.1,11.3,4.9,9.4,1.5,9.6,29.0,48.3,22.5,3.3,30.5,4.5,57.8,14.5,9.9,6.1,51.3,6.4,8.2,21.1,0.5,19.5,17.8,16.2,13.0,6.5,3.2,6.5,5.0,1.7
2017-05-26 10:32:00+02:00,2.9,3.2,1.7,6.3,46.8,30.2,24.1,4.4,1.6,14.3,10.8,31.7,3.0,10.7,4.7,9.1,1.5,9.1,27.2,45.5,21.1,3.2,28.6,4.5,54.4,13.7,9.1,6.0,48.2,6.1,7.8,19.8,0.4,18.2,16.7,15.2,12.2,6.1,3.0,6.1,4.7,1.6
2017-05-26 10:33:00+02:00,2.5,2.9,1.4,5.6,40.7,26.3,21.0,3.8,1.4,12.0,9.4,27.6,2.6,9.2,4.1,7.9,1.3,7.8,23.8,39.5,18.3,2.7,24.9,3.9,47.3,12.0,8.1,5.2,41.9,5.2,6.8,17.2,0.4,16.7,15.4,14.1,11.4,5.4,2.6,6.1,4.1,1.4
2017-05-26 10:34:00+02:00,2.5,3.3,1.4,5.9,40.5,26.2,21.0,3.7,1.3,12.6,9.3,27.5,2.5,8.9,4.0,7.8,1.2,7.6,23.8,39.3,18.4,2.7,24.9,3.8,47.0,11.8,8.4,5.1,41.7,5.0,6.7,17.3,0.8,16.6,15.2,13.9,11.3,5.3,2.6,6.0,4.1,1.4
2017-05-26 10:35:00+02:00,2.8,3.8,1.6,6.8,45.8,29.7,23.9,4.2,1.5,14.8,10.4,31.2,2.8,10.1,4.5,8.8,1.3,8.6,26.9,44.5,20.9,3.0,28.2,4.4,53.2,13.3,9.6,5.8,47.1,5.7,7.5,19.6,1.0,18.8,17.2,15.8,12.9,6.0,2.9,6.9,4.5,1.5
2017-05-26 10:36:00+02:00,3.1,4.6,1.7,7.7,50.0,32.6,26.3,4.5,1.7,16.0,11.3,34.2,3.0,11.0,4.9,9.5,1.5,9.3,29.6,48.6,23.1,3.3,31.0,4.7,58.0,14.4,10.7,6.2,51.5,6.2,8.1,21.7,1.5,20.2,18.6,17.0,13.9,6.5,3.2,7.4,4.8,1.5
2017-05-26 10:37:00+02:00,3.3,4.9,1.8,8.3,53.5,34.9,28.1,4.8,1.7,17.3,12.1,36.6,3.2,11.6,5.2,10.3,1.5,9.9,31.7,52.0,24.7,3.5,33.2,5.1,62.2,15.5,11.5,6.7,55.1,6.5,8.7,23.2,1.5,21.9,20.1,18.4,15.0,7.0,3.4,8.0,5.1,1.6
2017-05-26 10:38:00+02:00,5.1,9.3,3.0,14.5,87.5,57.8,46.8,8.3,2.9,26.5,19.0,60.7,5.4,19.6,8.5,15.9,2.6,16.5,52.2,84.9,41.5,5.7,54.9,8.0,101.0,24.1,19.5,10.5,90.3,11.3,13.7,39.1,4.2,34.1,31.3,28.8,23.6,10.6,5.2,13.0,8.2,2.8
2017-05-26 10:39:00+02:00,4.1,6.7,2.3,10.9,68.0,44.8,36.2,6.3,2.3,20.6,15.0,47.1,4.2,15.1,6.6,12.6,2.0,12.8,40.5,66.1,31.9,4.5,42.6,6.3,78.7,19.1,14.9,8.3,70.1,8.7,10.8,30.0,2.6,27.1,24.9,22.8,18.7,8.5,4.2,10.2,6.4,2.1
2017-05-26 10:40:00+02:00,4.7,8.6,2.8,13.3,80.5,53.6,43.3,7.7,2.8,23.1,17.6,56.3,5.0,18.2,7.9,14.7,2.4,15.3,48.2,78.6,38.4,5.4,50.8,7.4,92.8,22.3,18.0,9.7,82.8,10.5,12.8,36.1,3.8,31.5,28.9,26.6,21.8,9.7,4.8,12.0,7.6,2.7
2017-05-26 10:41:00+02:00,3.6,5.6,2.1,9.3,57.8,39.3,31.7,5.6,2.0,17.3,13.3,41.3,3.6,13.4,5.9,11.1,1.7,11.3,35.5,58.2,27.9,4.0,37.3,5.5,67.0,16.9,12.8,7.3,59.4,7.6,9.6,26.2,2.0,23.3,21.4,19.6,15.9,7.4,3.7,8.5,5.6,1.9
2017-05-26 10:42:00+02:00,3.2,5.0,1.8,8.3,51.5,34.7,28.0,4.7,1.7,16.2,11.9,36.4,3.1,11.6,5.2,10.0,1.5,9.8,31.5,51.6,24.5,3.5,33.0,4.9,59.7,15.2,11.5,6.5,52.9,6.5,8.6,23.0,1.7,20.3,18.6,16.9,13.6,6.8,3.3,6.8,5.0,1.6
2017-05-26 10:43:00+02:00,3.5,5.4,2.0,9.0,56.1,37.6,30.3,5.2,1.9,17.6,12.9,39.5,3.4,12.6,5.6,10.9,1.7,10.7,34.1,56.0,26.6,3.8,35.8,5.4,65.2,16.6,12.4,7.1,57.8,7.1,9.3,25.0,1.8,22.2,20.4,18.5,14.9,7.3,3.6,7.6,5.5,1.7
2017-05-26 10:44:00+02:00,3.8,6.5,2.2,10.4,62.8,42.2,34.1,5.8,2.2,18.7,14.2,44.3,3.7,14.1,6.3,11.9,1.9,11.9,38.2,62.5,30.1,4.3,40.1,5.9,72.9,18.2,14.1,7.8,64.8,8.0,10.3,28.2,2.6,24.5,22.5,20.5,16.6,8.0,4.0,8.6,6.1,2.0
2017-05-26 10:45:00+02:00,3.5,6.0,2.0,9.6,57.1,38.5,30.9,5.1,1.9,16.8,13.0,40.3,3.2,12.6,5.7,10.9,1.7,10.6,34.7,57.0,27.2,3.8,36.6,5.4,66.3,16.7,13.1,7.2,58.8,7.0,9.4,25.7,2.4,23.6,21.7,19.9,16.3,7.4,3.6,8.9,5.5,1.8
2017-05-26 10:46:00+02:00,4.0,6.9,2.2,10.9,64.8,43.5,35.0,5.8,2.1,19.1,14.1,45.6,3.7,14.2,6.3,12.0,1.9,12.0,39.3,63.8,30.9,4.3,41.3,5.9,75.1,18.3,15.0,7.8,66.8,7.9,10.5,29.1,2.9,26.6,24.5,22.5,18.4,8.3,4.1,10.1,6.2,2.0
2017-05-26 10:47:00+02:00,5.7,11.1,3.4,16.8,98.0,65.4,53.0,9.2,3.4,28.5,21.2,68.7,5.9,21.8,9.5,17.3,3.0,18.3,58.9,95.8,47.1,6.5,62.2,8.6,113.2,27.1,22.6,11.3,101.2,12.6,15.4,44.4,5.3,38.5,35.4,32.6,26.7,11.8,5.9,14.9,9.2,3.2
2017-05-26 10:48:00+02:00,7.2,13.3,4.4,20.4,123.7,82.5,66.7,12.2,4.4,35.6,26.9,86.8,7.9,28.2,12.3,21.9,3.9,23.7,74.1,121.0,59.4,8.3,78.3,11.0,143.0,34.3,27.7,14.5,127.9,16.6,19.6,55.8,6.0,48.8,44.9,41.3,34.0,15.0,7.5,19.0,11.7,4.2
2017-05-26 10:49:00+02:00,6.3,11.1,3.7,17.4,108.3,71.7,57.9,10.5,3.8,31.3,23.4,75.4,6.8,24.5,10.6,19.2,3.4,20.7,64.5,105.3,51.5,7.2,68.1,9.5,125.1,29.9,23.8,12.6,111.9,14.3,17.1,48.3,4.6,42.5,39.1,36.0,29.6,13.1,6.5,16.5,10.2,3.6
2017-05-26 10:50:00+02:00,4.5,7.7,2.6,12.3,76.2,50.6,40.9,7.2,2.6,22.2,16.6,53.1,4.6,17.1,7.3,13.5,2.3,14.4,45.6,74.3,36.2,4.9,48.1,6.6,87.9,21.2,17.0,8.7,78.6,9.8,12.0,34.1,3.1,30.2,27.8,25.6,21.1,9.4,4.7,11.7,7.1,2.4
2017-05-26 10:51:00+02:00,6.0,11.7,3.7,17.8,105.7,70.3,56.9,10.1,3.6,30.4,22.6,73.9,6.5,23.8,10.2,18.5,3.3,19.9,63.2,102.7,50.7,6.9,66.7,9.2,121.9,28.8,23.9,12.2,109.2,13.9,16.5,47.7,5.3,41.2,37.9,34.8,28.6,12.6,6.3,16.0,9.8,3.5
2017-05-26 10:52:00+02:00,7.5,14.7,4.5,22.2,131.8,87.5,70.9,12.7,4.5,38.1,28.2,92.0,8.3,29.5,12.8,23.2,4.1,24.9,78.6,127.9,63.3,8.6,83.0,11.6,152.0,36.0,29.9,15.4,136.2,17.4,20.5,59.4,6.8,51.5,47.4,43.5,35.8,15.8,7.9,20.0,12.3,4.4
2017-05-26 10:53:00+02:00,5.5,10.1,3.1,15.9,94.1,62.7,50.9,8.8,3.1,27.5,20.3,65.7,5.8,20.9,8.9,16.6,2.9,17.7,56.7,91.6,45.2,6.0,59.6,8.2,108.4,26.0,21.6,10.8,97.0,12.0,14.6,42.5,4.3,37.1,34.3,31.4,25.8,11.4,5.7,14.4,8.7,3.0
2017-05-26 10:54:00+02:00,4.4,7.4,2.4,12.1,73.6,48.9,39.7,6.7,2.4,21.6,16.0,51.2,4.4,16.3,6.9,13.1,2.3,13.8,44.3,71.7,35.0,4.7,46.5,6.3,84.8,20.5,16.7,8.4,75.8,9.2,11.5,32.9,2.8,29.5,27.3,25.0,20.5,9.2,4.6,11.4,6.8,2.2
2017-05-26 10:55:00+02:00,5.2,10.4,3.0,15.8,89.9,59.8,48.7,8.3,3.0,25.9,19.0,62.7,5.4,19.6,8.4,15.6,2.7,16.6,54.1,87.1,43.3,5.7,56.9,7.7,103.3,24.4,21.2,10.2,92.6,11.3,13.7,40.8,5.0,34.9,32.2,29.5,24.2,10.7,5.3,13.5,8.2,2.8
2017-05-26 10:56:00+02:00,3.7,8.0,2.5,12.6,74.3,49.2,40.0,6.9,2.4,20.8,15.9,51.6,4.4,16.3,7.0,12.4,2.2,13.8,44.6,72.0,35.5,4.7,46.9,5.7,85.4,20.4,17.1,7.8,76.4,9.4,11.5,33.4,3.4,29.3,27.0,24.8,20.3,8.9,4.4,11.4,6.9,2.4
2017-05-26 10:57:00+02:00,3.6,5.9,2.0,9.7,60.3,39.8,32.2,5.5,1.9,17.1,13.1,41.7,3.5,13.2,5.7,10.7,1.8,11.2,36.0,58.5,28.4,3.9,37.9,5.2,69.5,16.9,13.5,6.9,61.9,7.5,9.5,26.7,2.0,24.5,22.6,20.7,17.0,7.5,3.7,9.5,5.7,1.9
2017-05-26 10:58:00+02:00,3.2,4.9,1.8,8.3,53.8,35.2,28.4,4.9,1.7,15.2,11.8,36.9,3.1,11.8,5.1,9.6,1.6,10.0,31.9,52.2,25.0,3.5,33.5,4.6,62.1,15.3,11.7,6.1,55.2,6.6,8.5,23.5,1.4,22.1,20.3,18.6,15.3,6.8,3.4,8.5,5.1,1.7
2017-05-26 10:59:00+02:00,3.3,5.3,1.9,8.8,55.7,36.6,29.6,5.0,1.8,15.6,12.1,38.4,3.2,12.1,5.3,9.9,1.6,10.3,33.1,54.1,26.0,3.6,34.9,4.7,64.5,15.7,12.3,6.3,57.3,6.8,8.7,24.4,1.7,22.7,20.9,19.2,15.8,7.0,3.4,8.8,5.3,1.8
2017-05-26 11:00:00+02:00,3.3,6.3,1.9,9.1,55.7,36.5,29.5,4.9,1.8,15.7,12.2,38.3,3.2,12.0,5.3,10.0,1.6,10.1,33.1,54.1,26.0,3.6,34.7,4.7,64.4,15.8,12.4,6.3,57.3,6.7,8.8,24.4,2.7,21.3,19.5,17.9,14.4,7.0,3.5,7.4,5.3,1.8
2017-05-26 11:01:00+02:00,3.3,6.9,1.8,9.7,55.7,36.6,29.7,4.8,1.8,15.9,12.1,38.4,3.1,11.8,5.2,10.0,1.6,10.0,33.2,54.0,26.2,3.5,34.8,4.7,64.3,15.7,12.7,6.3,57.2,6.6,8.7,24.6,3.4,21.0,19.2,17.6,14.1,7.0,3.5,7.1,5.2,1.8
2017-05-26 11:02:00+02:00,3.5,7.2,1.9,10.5,58.6,38.7,31.4,5.0,1.9,17.8,12.6,40.5,3.3,12.3,5.4,10.6,1.7,10.4,35.2,56.8,27.7,3.7,36.8,5.1,67.6,16.4,13.8,6.8,60.1,6.8,9.1,26.1,3.5,22.2,20.4,18.6,15.0,7.3,3.6,7.7,5.5,1.8
2017-05-26 11:03:00+02:00,4.2,8.8,2.4,12.1,70.8,46.6,37.8,6.3,2.3,21.6,15.3,48.9,4.1,15.3,6.6,12.9,2.1,13.0,42.3,68.7,33.4,4.5,44.4,6.3,81.8,19.7,16.1,8.4,72.9,8.6,11.0,31.4,4.4,27.1,24.8,22.7,18.4,8.8,4.4,9.6,6.7,2.3
2017-05-26 11:04:00+02:00,3.8,7.9,2.1,11.2,62.8,41.0,33.0,4.7,2.1,19.5,13.7,43.0,3.7,12.8,5.8,11.7,1.9,10.7,37.1,60.9,29.0,4.1,39.0,5.6,72.6,17.8,14.7,7.5,64.6,6.7,9.9,27.5,4.0,25.1,23.0,21.1,17.2,8.0,4.0,9.2,6.1,2.1
2017-05-26 11:05:00+02:00,3.8,7.8,2.1,11.4,63.0,41.4,33.5,4.8,2.1,19.4,13.7,43.4,3.6,12.9,5.8,11.6,1.8,10.8,37.5,61.1,29.5,4.0,39.4,5.6,72.9,17.7,14.9,7.5,64.8,6.8,9.8,27.8,3.9,25.4,23.4,21.4,17.5,7.9,3.9,9.6,6.0,2.0
2017-05-26 11:06:00+02:00,3.5,7.2,1.9,10.2,58.4,38.5,31.2,5.0,1.9,17.9,12.6,40.3,3.3,12.5,5.3,10.7,1.6,10.6,34.9,56.7,27.6,3.7,36.6,5.2,67.5,16.3,13.4,6.9,60.0,6.9,9.1,25.9,3.6,23.4,21.5,19.7,16.1,7.3,3.6,8.8,5.6,1.9
2017-05-26 11:07:00+02:00,3.3,6.7,1.8,9.5,54.1,35.5,28.8,4.5,1.8,16.7,11.8,37.2,2.8,11.5,5.0,9.9,1.3,9.7,32.3,52.6,25.3,3.5,33.8,4.7,62.6,15.3,12.5,6.3,55.6,6.2,8.5,23.9,3.3,22.0,20.2,18.5,15.1,6.9,3.4,8.2,5.2,1.7
2017-05-26 11:08:00+02:00,3.3,6.7,1.8,9.8,54.4,35.8,29.1,4.4,1.7,16.2,11.7,37.6,2.8,11.4,4.9,9.5,1.3,9.7,32.6,52.8,25.7,3.4,34.1,4.7,62.8,15.3,12.7,5.9,55.8,6.2,8.4,24.1,3.3,21.9,20.2,18.4,15.1,6.9,3.4,8.2,5.2,1.7
2017-05-26 11:09:00+02:00,4.1,8.5,2.3,12.0,68.5,45.1,36.5,5.9,2.3,20.7,14.7,47.4,3.7,14.8,6.3,12.4,1.7,12.4,40.8,66.3,32.3,4.4,42.9,6.0,79.0,19.0,15.6,8.0,70.4,8.2,10.6,30.4,4.3,27.2,25.0,22.9,18.7,8.4,4.2,10.3,6.5,2.3
2017-05-26 11:10:00+02:00,3.6,7.3,1.9,10.4,58.8,38.6,31.3,4.8,1.9,18.1,12.6,40.5,3.0,12.4,5.2,10.8,1.4,10.5,35.1,56.9,27.6,3.6,36.8,5.2,68.1,16.4,13.6,7.0,60.5,6.7,9.0,26.0,3.6,23.9,21.9,20.1,16.4,7.5,3.7,8.9,5.6,1.9
2017-05-26 11:11:00+02:00,3.4,7.1,1.8,10.2,56.7,37.3,30.3,4.6,1.8,17.5,12.1,39.1,2.9,11.9,5.1,10.3,1.3,10.1,33.9,54.9,26.8,3.5,35.5,4.9,65.6,15.8,13.3,6.6,58.3,6.5,8.7,25.2,3.5,22.9,21.0,19.2,15.7,7.2,3.6,8.5,5.4,1.8
2017-05-26 11:12:00+02:00,3.3,6.9,1.8,9.7,55.1,36.0,29.2,4.5,1.8,17.1,11.9,37.8,2.9,11.6,5.0,10.1,1.3,9.9,32.7,53.3,25.7,3.4,34.3,4.8,63.6,15.5,12.7,6.5,56.7,6.3,8.5,24.3,3.4,22.4,20.6,18.8,15.4,7.1,3.5,8.3,5.3,1.7
2017-05-26 11:13:00+02:00,3.5,7.2,1.9,10.4,57.7,38.0,30.8,4.7,1.9,17.8,12.4,39.8,3.0,12.1,5.2,10.5,1.4,10.3,34.5,55.9,27.3,3.5,36.1,5.0,66.6,16.1,13.6,6.7,59.4,6.6,8.9,25.6,3.6,23.2,21.3,19.5,16.0,7.3,3.6,8.6,5.5,1.8
2017-05-26 11:14:00+02:00,3.7,7.7,2.1,11.0,62.1,40.8,33.1,5.2,2.0,19.0,13.4,42.8,3.3,13.1,5.7,11.2,1.5,11.1,37.0,60.1,29.4,3.8,38.8,5.4,71.6,17.3,14.4,7.3,63.9,7.3,9.6,27.5,3.9,24.7,22.7,20.8,17.0,7.8,3.9,9.3,5.8,2.0
2017-05-26 11:15:00+02:00,4.0,8.4,2.3,12.0,68.1,44.8,36.5,5.8,2.2,20.6,14.7,47.0,3.6,14.5,6.3,12.3,1.7,12.3,40.7,65.9,32.4,4.2,42.6,5.9,78.5,18.9,15.9,7.9,70.1,8.1,10.5,30.3,4.2,26.3,24.1,22.0,17.9,8.4,4.2,9.4,6.4,2.2
2017-05-26 11:16:00+02:00,3.8,7.9,2.1,11.1,63.8,41.9,34.1,5.4,2.0,19.7,13.8,43.9,3.3,13.4,5.9,11.7,1.5,11.4,38.1,61.8,30.2,3.9,39.9,5.7,73.6,17.9,14.9,7.6,65.7,7.4,9.9,28.3,3.9,24.6,22.5,20.6,16.7,8.0,4.0,8.7,6.0,2.0
2017-05-26 11:17:00+02:00,3.8,7.7,2.1,10.9,62.3,40.9,33.2,5.1,2.0,19.4,13.6,42.8,3.2,12.9,5.7,11.6,1.4,10.9,37.1,60.3,29.4,3.8,38.9,5.8,71.9,17.5,14.6,7.7,64.1,7.1,9.7,27.5,3.8,23.6,21.6,19.7,15.9,7.8,3.9,8.1,5.8,1.9
2017-05-26 11:18:00+02:00,3.7,7.4,2.0,10.4,59.5,38.9,31.5,5.0,1.9,18.9,13.0,40.8,3.0,12.0,5.4,11.3,1.4,10.1,35.3,57.6,27.8,3.5,37.0,5.6,68.9,16.8,14.0,7.5,61.2,6.9,9.2,26.0,3.7,22.8,20.8,19.0,15.4,7.4,3.6,8.0,5.7,1.9
2017-05-26 11:19:00+02:00,3.6,7.1,1.9,9.8,55.8,36.9,29.8,4.7,1.8,18.1,11.6,38.8,2.9,11.2,4.3,10.9,1.3,9.4,33.4,54.0,26.2,3.3,35.1,5.4,64.8,15.3,13.3,7.1,57.5,6.5,8.0,24.5,3.5,22.8,20.9,19.2,15.8,7.1,3.5,8.7,5.4,1.8
2017-05-26 11:20:00+02:00,3.4,6.7,1.8,9.4,53.0,35.1,28.3,4.5,1.7,17.3,10.9,36.9,2.7,10.6,4.0,10.4,1.2,8.9,31.8,51.3,24.9,3.3,33.4,5.1,61.6,14.4,12.7,6.8,54.6,6.2,7.5,23.4,3.3,21.8,20.1,18.4,15.1,6.8,3.3,8.3,5.2,1.7
2017-05-26 11:21:00+02:00,3.5,7.2,1.9,10.1,56.8,37.1,30.0,4.7,1.8,18.1,12.3,38.9,2.9,11.3,5.2,10.8,1.3,9.4,33.7,54.9,26.4,3.5,35.3,5.4,65.7,16.0,13.5,7.1,58.4,6.6,8.9,24.8,3.6,22.9,21.1,19.3,15.9,7.1,3.5,8.8,5.5,1.9
2017-05-26 11:22:00+02:00,4.6,9.6,2.6,13.6,74.2,49.2,39.8,6.1,2.5,23.5,15.4,51.6,3.6,14.9,6.2,14.2,1.4,12.4,44.5,71.7,35.2,3.8,46.7,7.0,86.0,20.1,18.1,9.4,76.5,8.6,11.0,33.0,5.0,30.0,27.5,25.2,20.8,9.2,4.6,11.5,7.2,2.5
2017-05-26 11:23:00+02:00,5.8,12.4,3.3,17.3,95.5,63.3,51.2,8.0,3.3,29.7,19.9,66.4,4.8,19.6,8.4,17.9,1.9,16.3,57.0,92.2,45.4,5.3,60.0,9.0,110.4,25.8,23.0,11.9,98.5,11.3,14.3,42.5,6.5,38.1,34.9,32.0,26.4,11.6,5.8,14.7,9.1,3.2
2017-05-26 11:24:00+02:00,5.9,12.4,3.3,17.4,96.0,62.8,50.7,8.0,3.3,29.9,20.9,66.0,4.8,19.3,9.2,18.1,1.9,16.0,56.6,92.8,44.8,6.1,59.6,9.1,111.1,26.8,22.7,12.0,99.1,11.3,15.1,42.0,6.5,38.4,35.3,32.3,26.6,11.8,5.8,14.8,9.2,3.2
2017-05-26 11:25:00+02:00,6.6,14.2,3.8,19.9,109.8,72.0,58.1,9.5,3.8,33.9,23.8,75.7,5.8,22.2,10.6,20.5,2.4,18.4,64.7,106.2,51.4,7.0,68.3,10.3,127.0,30.5,26.0,13.7,113.5,13.3,17.3,48.2,7.5,43.7,40.1,36.7,30.3,13.4,6.7,16.9,10.5,3.8
2017-05-26 11:26:00+02:00,4.4,9.1,2.4,12.7,69.6,45.4,36.6,5.4,2.3,22.2,15.3,47.7,3.0,13.5,6.5,13.4,1.0,11.1,41.1,67.4,32.2,4.3,43.1,6.7,80.6,19.8,16.6,8.9,71.8,7.7,11.0,30.1,4.6,28.5,26.2,24.0,19.8,8.9,4.4,10.9,6.7,2.3
2017-05-26 11:27:00+02:00,4.2,8.5,2.2,11.8,65.0,42.3,34.1,4.8,2.1,20.9,14.5,44.4,2.7,12.5,6.2,12.6,0.8,10.3,38.3,63.0,29.9,4.1,40.2,6.3,75.5,18.7,15.5,8.3,67.1,7.0,10.4,28.0,4.3,26.0,23.8,21.8,17.8,8.4,4.2,9.4,6.3,2.1
2017-05-26 11:28:00+02:00,4.1,8.2,2.1,11.6,63.8,41.3,33.3,4.6,2.0,20.5,14.2,43.4,2.5,12.2,6.0,12.2,0.7,10.1,37.4,61.7,29.2,4.0,39.3,6.2,74.1,18.4,15.1,8.0,65.8,6.7,10.2,27.3,4.1,25.4,23.3,21.3,17.3,8.3,4.1,9.0,6.2,2.1
2017-05-26 11:29:00+02:00,4.3,8.4,2.2,12.0,65.2,42.3,34.0,4.3,2.1,21.2,14.3,44.4,2.3,12.2,5.8,12.7,0.5,10.0,38.3,63.1,29.7,4.0,40.2,6.4,76.0,18.7,15.6,8.3,67.3,6.5,10.1,27.8,4.2,26.4,24.2,22.1,18.0,8.6,4.3,9.4,6.4,2.1
2017-05-26 11:30:00+02:00,4.3,8.7,2.3,12.8,68.4,44.8,36.1,4.8,2.2,21.8,14.8,47.0,2.8,13.0,6.1,13.0,0.9,10.7,40.5,66.3,31.7,4.2,42.6,6.5,79.5,19.3,16.8,8.5,70.6,7.1,10.5,29.7,4.4,28.2,26.0,23.8,19.6,8.8,4.4,10.8,6.5,2.2
2017-05-26 11:31:00+02:00,4.2,8.4,2.2,12.5,66.2,43.6,35.3,4.6,2.1,21.0,14.0,45.7,2.6,12.4,5.6,12.5,0.8,10.3,39.5,64.1,31.0,4.2,41.5,6.1,76.8,18.3,16.7,8.1,68.3,6.8,9.9,29.1,4.2,27.1,24.9,22.8,18.7,8.5,4.2,10.2,6.0,1.8
2017-05-26 11:32:00+02:00,4.0,7.9,2.1,11.7,62.0,40.8,32.9,4.1,2.0,19.7,13.2,42.8,2.3,11.4,5.1,11.6,0.7,9.4,36.9,60.0,28.9,3.9,38.8,5.6,72.0,17.2,15.7,7.5,64.0,6.2,9.2,27.1,3.9,25.8,23.8,21.8,17.9,8.0,4.0,9.9,6.0,2.0
2017-05-26 11:33:00+02:00,4.7,9.4,2.5,13.9,74.0,49.2,39.8,5.4,2.4,23.1,15.3,51.6,3.1,14.5,6.0,13.7,1.0,12.1,44.4,71.6,35.1,4.2,46.7,6.7,85.7,20.0,18.5,9.0,76.4,7.9,10.7,33.0,4.8,30.3,27.9,25.6,21.0,9.3,4.6,11.7,7.1,2.4
2017-05-26 11:34:00+02:00,4.4,8.7,2.3,13.0,69.1,46.0,37.2,4.9,2.3,21.9,14.2,48.2,2.8,13.5,5.3,13.0,0.9,11.3,41.6,66.8,32.8,3.4,43.7,6.3,80.1,18.6,17.3,8.4,71.3,7.1,9.8,30.8,4.4,28.4,26.1,23.9,19.8,8.8,4.4,11.0,6.7,2.3
2017-05-26 11:35:00+02:00,5.4,11.2,3.1,16.4,89.1,58.7,47.6,7.0,3.0,27.0,19.0,61.7,4.1,17.9,8.1,16.1,1.6,15.0,52.9,86.1,42.2,5.6,55.8,8.0,102.7,24.5,21.7,10.6,91.9,10.0,13.6,39.6,5.9,35.3,32.4,29.7,24.6,10.8,5.4,13.8,8.4,3.0
2017-05-26 11:36:00+02:00,4.8,10.0,2.7,14.7,79.3,52.2,42.3,6.0,2.6,24.2,17.0,54.8,3.5,15.7,7.2,14.4,1.2,13.0,47.1,76.7,37.4,4.9,49.6,7.1,91.5,21.9,19.5,9.4,81.8,8.7,12.1,35.1,5.2,31.4,28.8,26.4,22.1,9.7,4.8,12.3,7.5,2.6
2017-05-26 11:37:00+02:00,4.7,9.7,2.6,14.3,77.8,51.3,41.7,6.4,2.5,23.5,16.6,53.9,4.0,15.8,7.1,14.0,1.9,13.2,46.4,75.3,36.9,4.9,48.8,6.8,89.6,21.4,18.9,9.1,80.2,8.9,11.9,34.7,5.0,30.8,28.3,25.9,21.4,9.5,4.7,11.9,7.2,2.5
2017-05-26 11:38:00+02:00,5.2,10.9,3.0,16.0,88.4,58.6,47.6,7.8,2.8,26.3,18.7,61.5,5.0,18.6,8.1,15.7,2.5,15.6,52.9,85.5,42.3,5.7,55.7,7.7,101.7,24.0,21.1,10.3,91.2,10.7,13.5,39.7,5.7,34.6,31.8,29.1,23.9,10.5,5.2,13.4,8.1,2.9
2017-05-26 11:39:00+02:00,4.8,9.8,2.6,14.5,79.5,52.8,42.9,6.9,2.5,24.0,16.9,55.3,4.5,16.6,7.2,14.2,2.2,14.0,47.7,77.0,38.1,5.0,50.2,6.9,91.6,21.8,19.2,9.3,82.1,9.5,12.1,35.8,5.0,31.5,29.0,26.5,21.8,9.7,4.8,12.1,7.3,2.5
2017-05-26 11:40:00+02:00,7.2,15.3,4.2,22.1,122.9,81.6,66.5,11.4,4.0,36.4,25.9,85.7,7.4,26.4,11.6,21.8,3.6,22.2,73.4,118.9,59.2,8.0,77.4,10.8,141.4,33.2,29.2,14.5,126.9,15.5,18.9,55.6,8.1,47.9,44.0,40.2,33.1,14.5,7.3,18.5,11.3,4.1
2017-05-26 11:41:00+02:00,5.5,11.6,3.1,16.9,92.4,61.7,50.3,8.3,3.1,27.5,19.4,64.6,5.4,19.7,8.4,16.3,2.7,16.6,55.7,89.5,44.8,5.8,58.6,8.0,106.3,24.9,22.4,10.7,95.4,11.4,13.9,42.1,6.1,36.3,33.4,30.5,25.1,11.1,5.5,14.0,8.5,3.0
2017-05-26 11:42:00+02:00,4.9,10.3,2.7,15.1,81.8,54.7,44.6,7.1,2.7,24.6,17.3,56.9,4.6,17.2,7.5,14.6,2.3,14.5,49.5,79.2,39.6,5.2,52.0,7.1,94.1,22.4,20.1,9.5,84.3,9.8,12.5,37.2,5.3,32.6,30.0,27.5,22.6,10.0,5.0,12.5,7.6,2.6
2017-05-26 11:43:00+02:00,4.3,8.9,2.3,13.2,70.7,47.3,38.6,6.0,2.3,21.4,14.9,49.3,3.9,14.7,6.3,12.6,2.0,12.4,42.9,68.6,34.2,4.4,45.0,6.1,81.5,19.3,17.5,8.1,72.9,8.3,10.7,32.2,4.5,28.5,26.3,24.0,19.8,8.8,4.4,10.9,6.6,2.2
2017-05-26 11:44:00+02:00,7.4,16.0,4.4,23.0,127.4,84.8,69.1,11.9,4.3,37.4,26.7,89.0,7.8,27.5,12.0,22.5,3.8,23.2,76.3,123.2,61.7,8.3,80.5,11.2,146.7,34.2,30.3,15.0,131.6,16.3,19.4,57.9,8.6,49.8,45.6,41.7,34.3,15.1,7.5,19.3,11.8,4.3
2017-05-26 11:45:00+02:00,7.9,16.0,4.7,23.6,135.6,90.3,73.5,13.0,4.6,40.2,28.2,94.9,8.5,29.8,12.4,24.2,4.2,25.1,81.2,131.1,65.5,8.9,85.7,12.0,156.4,36.2,31.5,16.2,140.2,17.7,20.4,61.3,7.9,53.6,49.2,44.9,37.0,16.2,8.1,20.7,12.7,4.6
2017-05-26 11:46:00+02:00,7.6,15.0,4.5,22.4,130.0,87.0,70.7,12.6,4.5,38.6,26.7,91.3,8.2,28.8,11.7,23.2,4.0,24.3,78.2,125.6,62.9,8.6,82.5,11.6,149.8,34.4,30.1,15.6,134.3,17.1,19.3,58.9,7.2,51.5,47.2,43.1,35.5,15.6,7.8,19.9,12.2,4.4
2017-05-26 11:47:00+02:00,8.1,17.4,4.8,25.4,141.9,94.9,77.3,13.6,4.8,41.8,29.4,99.6,8.9,31.0,13.2,25.1,4.4,26.2,85.5,137.2,69.0,9.2,90.1,12.5,163.2,37.8,33.6,16.8,146.6,18.4,21.4,64.7,9.0,55.5,51.0,46.5,38.3,16.8,8.4,21.5,13.1,4.8
2017-05-26 11:48:00+02:00,6.2,13.5,3.8,19.8,110.6,74.4,60.7,10.7,3.8,31.9,22.7,78.0,6.9,24.6,10.4,19.1,3.4,20.7,67.0,107.0,54.2,7.3,70.7,9.5,126.6,29.1,26.3,12.8,114.2,14.6,16.8,50.9,7.0,42.4,38.9,35.6,29.4,12.9,6.4,16.5,10.1,3.7
2017-05-26 11:49:00+02:00,7.3,14.8,4.5,22.0,128.7,85.6,69.6,12.5,4.4,37.5,27.1,89.9,8.1,28.7,12.4,22.6,4.0,24.2,76.9,124.4,62.1,8.6,81.2,11.3,147.9,34.7,29.5,15.2,133.0,17.0,19.8,58.1,7.2,50.0,45.8,41.8,34.4,15.0,7.5,19.4,11.9,4.4
2017-05-26 11:50:00+02:00,7.8,15.0,4.7,22.7,135.9,90.3,73.4,13.4,4.7,40.1,28.5,94.9,8.7,30.5,13.2,24.1,4.3,25.8,81.1,131.3,65.4,9.1,85.7,12.1,156.3,36.5,30.6,16.3,140.4,18.1,21.1,61.1,7.0,53.3,48.9,44.6,36.7,16.1,8.0,20.6,12.7,4.6
2017-05-26 11:51:00+02:00,8.2,15.7,4.9,23.8,142.2,94.7,77.0,14.0,4.9,42.3,29.7,99.5,9.1,31.9,13.0,25.5,4.5,27.0,85.2,137.5,68.6,8.8,89.9,12.8,163.7,38.1,32.2,17.2,147.0,18.9,21.4,64.1,7.2,56.1,51.5,47.0,38.7,17.0,8.4,21.7,13.3,4.8
2017-05-26 11:52:00+02:00,8.3,16.5,5.0,24.7,145.3,96.8,78.9,14.2,4.9,42.8,30.6,101.5,9.3,32.5,13.6,25.8,4.6,27.5,87.1,140.5,70.3,9.3,91.9,12.9,166.9,39.2,33.3,17.4,150.0,19.3,22.1,65.7,7.8,56.8,52.1,47.5,39.2,17.2,8.5,22.0,13.4,4.9
2017-05-26 11:53:00+02:00,5.9,11.8,3.5,17.9,103.8,69.8,57.0,10.3,3.5,30.0,21.6,73.1,6.7,23.6,9.5,18.0,3.4,20.0,63.1,100.6,50.9,6.7,66.4,9.0,118.5,27.7,24.1,12.0,107.1,13.9,15.6,47.7,5.5,39.9,36.7,33.6,27.7,12.2,6.0,15.6,9.5,3.4
2017-05-26 11:54:00+02:00,6.1,12.2,3.7,18.4,106.8,71.8,58.5,10.4,3.7,31.5,22.3,75.2,6.8,24.1,9.9,18.8,3.4,20.4,64.8,103.7,52.2,6.9,68.2,9.3,122.4,28.6,24.8,12.6,110.2,14.2,16.1,48.9,5.8,41.6,38.1,34.9,28.8,12.6,6.2,16.2,9.9,3.6
2017-05-26 11:55:00+02:00,7.1,14.1,4.3,21.3,124.8,84.0,68.4,12.4,4.3,37.3,26.4,88.0,8.1,28.3,11.8,22.4,4.1,24.0,75.6,121.7,61.0,8.2,79.7,11.1,143.6,33.8,28.7,15.0,129.0,16.8,19.2,57.0,6.7,49.0,44.9,41.0,33.8,14.9,7.4,19.0,11.6,4.2
2017-05-26 11:56:00+02:00,8.0,16.3,4.8,24.3,139.8,93.8,76.5,13.8,4.7,41.6,29.7,98.3,9.0,31.3,13.4,25.0,4.5,26.6,84.5,136.1,68.2,9.2,89.0,12.5,160.8,38.0,32.5,16.8,144.4,18.6,21.6,63.8,8.0,54.8,50.2,45.8,37.8,16.6,8.2,21.2,13.0,4.7
2017-05-26 11:57:00+02:00,7.9,15.9,4.7,23.8,138.9,92.6,75.5,13.5,4.7,41.0,29.2,97.2,8.9,31.0,13.1,24.7,4.4,26.3,83.4,134.4,67.3,9.2,87.9,12.3,159.1,37.4,32.0,16.6,143.1,18.3,21.2,63.0,7.6,54.0,49.6,45.2,37.3,16.4,8.1,20.9,12.8,4.6
2017-05-26 11:58:00+02:00,7.9,16.5,4.7,24.5,139.4,93.2,76.1,13.6,4.7,40.8,29.2,97.7,8.9,30.9,13.1,24.6,4.4,26.3,84.1,134.9,68.0,9.1,88.5,12.3,159.5,37.3,32.7,16.5,143.5,18.3,21.2,63.6,8.3,53.8,49.4,45.1,37.2,16.3,8.1,20.8,12.8,4.6
2017-05-26 11:59:00+02:00,8.2,17.0,4.8,25.2,142.8,95.2,77.8,13.7,4.8,41.8,30.2,99.8,9.0,31.4,13.8,25.2,4.5,26.7,85.9,138.3,69.4,9.3,90.5,12.6,163.6,38.6,33.5,17.0,147.3,18.5,22.1,65.0,8.6,55.1,50.5,46.1,38.1,16.7,8.3,21.3,13.0,4.7
2017-05-26 12:00:00+02:00,7.4,15.6,4.3,23.0,129.5,86.5,70.8,12.6,4.4,37.7,27.3,90.7,8.3,28.8,12.5,22.7,4.2,24.4,78.2,125.5,63.2,8.4,82.3,11.4,148.2,34.9,30.4,15.3,133.6,17.0,20.0,59.2,8.0,49.7,45.6,41.6,34.4,15.1,7.5,19.3,11.8,4.3
2017-05-26 12:01:00+02:00,5.5,12.4,3.2,18.0,97.5,65.9,54.1,9.5,3.3,28.2,20.2,68.9,6.3,21.9,9.2,16.9,3.2,18.7,59.9,94.6,48.4,6.2,62.8,8.4,111.2,25.9,23.4,11.3,100.4,12.9,14.9,45.3,6.5,37.3,34.3,31.4,25.9,11.4,5.7,14.5,8.9,3.1
2017-05-26 12:02:00+02:00,5.5,11.9,3.1,17.5,94.3,63.9,52.4,9.0,3.1,28.2,19.1,66.9,5.9,21.0,9.0,17.0,3.0,17.8,58.0,91.5,46.7,6.0,60.9,8.5,108.0,24.8,22.9,11.4,97.2,12.2,14.6,43.8,6.2,36.8,33.8,30.9,25.5,11.3,5.6,14.3,8.7,3.0
2017-05-26 12:03:00+02:00,7.5,16.3,4.4,23.6,129.8,87.4,71.4,12.6,4.3,39.1,26.8,91.7,8.3,28.8,12.7,23.6,4.2,24.4,79.0,126.1,63.8,8.5,83.1,11.9,149.2,34.5,31.0,16.0,134.0,17.0,20.3,59.8,8.6,50.6,46.4,42.3,34.9,15.3,7.6,19.6,12.0,4.3
2017-05-26 12:04:00+02:00,7.6,16.7,4.5,24.2,132.8,89.8,73.4,13.0,4.4,39.8,27.5,94.2,8.6,29.7,13.1,24.1,4.4,25.2,81.1,129.5,65.6,8.8,85.3,12.1,152.6,35.4,31.7,16.2,137.1,17.5,20.9,61.5,8.8,51.8,47.5,43.3,35.7,15.6,7.8,20.1,12.3,4.4
2017-05-26 12:05:00+02:00,6.7,14.8,4.0,21.4,117.4,79.3,64.8,11.4,3.9,34.9,24.2,83.1,7.5,26.2,11.4,21.1,3.8,22.3,71.7,114.1,57.9,7.7,75.4,10.6,134.6,31.2,28.0,14.2,121.1,15.4,18.3,54.2,7.8,45.4,41.7,38.0,31.3,13.7,6.8,17.6,10.8,3.9
2017-05-26 12:06:00+02:00,7.2,15.8,4.3,22.9,127.0,84.8,69.3,12.3,4.2,37.4,26.9,88.8,8.1,28.0,12.3,22.6,4.1,23.8,76.6,123.0,61.9,8.3,80.6,11.4,145.6,34.3,29.8,15.2,131.1,16.5,19.7,57.9,8.4,48.8,44.7,40.7,33.5,14.7,7.3,18.8,11.5,4.1
2017-05-26 12:07:00+02:00,4.7,10.5,2.7,15.3,82.5,55.6,45.6,7.9,2.8,24.3,17.5,58.0,5.2,18.3,7.8,14.6,2.7,15.6,50.5,80.1,40.7,5.2,53.0,7.3,94.2,22.4,19.7,9.7,85.0,10.6,12.7,38.0,5.5,31.8,29.2,26.7,22.0,9.7,4.8,12.3,7.5,2.6
2017-05-26 12:08:00+02:00,3.7,8.2,2.1,12.0,65.1,44.0,36.1,6.1,2.1,19.4,13.8,45.7,4.0,14.3,6.0,11.6,2.1,12.2,40.1,63.3,32.1,4.0,41.9,5.7,74.5,17.8,15.7,7.6,67.0,8.2,10.0,29.9,4.2,25.5,23.5,21.5,17.7,7.9,3.9,9.9,5.9,2.0
2017-05-26 12:09:00+02:00,5.1,11.1,3.0,16.1,89.4,59.7,48.6,8.5,3.0,26.8,19.0,62.4,5.6,19.6,8.6,16.1,2.9,16.7,53.9,86.6,43.3,5.7,56.7,8.1,102.7,24.4,20.9,10.8,92.3,11.4,13.9,40.5,5.8,34.7,31.8,29.0,23.9,10.5,5.2,13.4,8.2,2.9
2017-05-26 12:10:00+02:00,3.3,6.8,1.7,10.0,54.4,36.6,29.9,4.9,1.7,16.9,11.6,38.0,3.3,11.7,4.9,10.0,1.7,10.0,33.3,52.9,26.5,3.3,34.9,5.0,62.6,15.0,13.0,6.6,56.0,6.6,8.4,24.7,3.4,21.7,20.0,18.4,15.1,6.7,3.3,8.4,5.0,1.6
2017-05-26 12:11:00+02:00,6.2,13.3,3.7,19.2,107.7,71.6,58.3,10.3,3.5,32.3,23.0,74.9,6.8,23.5,10.5,19.6,3.5,20.0,64.5,104.2,52.0,7.1,67.9,9.8,123.8,29.3,25.0,13.2,111.2,13.8,16.9,48.5,7.1,41.6,38.2,34.8,28.6,12.6,6.2,16.1,9.8,3.5
2017-05-26 12:12:00+02:00,8.0,17.1,4.7,24.7,138.3,92.1,75.0,13.2,4.5,41.4,29.6,96.4,8.8,30.2,13.6,25.1,4.4,25.6,83.0,133.9,67.0,9.1,87.4,12.7,159.0,37.5,32.3,17.0,142.9,17.8,21.7,62.5,9.0,53.7,49.2,44.8,36.9,16.2,8.1,20.7,12.6,4.5
2017-05-26 12:13:00+02:00,6.0,13.2,3.6,19.1,103.9,70.8,57.7,10.2,3.5,31.2,22.6,74.0,6.8,23.3,10.4,18.9,3.5,19.8,63.8,100.5,51.5,7.0,67.2,9.5,119.2,26.6,24.8,12.7,107.3,13.7,16.6,48.1,7.0,40.7,37.3,34.0,28.0,12.3,6.1,15.7,9.6,3.5
2017-05-26 12:14:00+02:00,3.2,6.8,1.7,10.1,51.9,36.6,30.0,4.9,1.7,16.3,11.5,37.9,3.3,11.7,5.0,9.7,1.7,10.0,33.4,50.5,26.6,3.4,34.9,4.8,59.5,12.6,13.1,6.3,53.4,6.6,8.4,24.8,3.4,21.3,19.7,18.1,15.0,6.7,3.3,8.3,5.0,1.6
2017-05-26 12:15:00+02:00,5.4,11.6,3.2,16.8,92.3,62.5,50.8,8.9,3.0,27.9,20.1,65.3,5.9,20.5,9.3,16.9,3.0,17.4,56.3,89.3,45.3,6.2,59.3,8.5,105.9,24.0,21.8,11.3,95.3,11.9,14.8,42.3,6.1,36.2,33.1,30.3,24.9,10.9,5.4,14.0,8.6,3.1
2017-05-26 12:16:00+02:00,6.7,14.4,4.0,20.9,115.7,77.8,63.4,11.2,3.8,34.4,25.0,81.4,7.5,25.6,11.7,20.8,3.8,21.7,70.0,111.9,56.6,7.8,73.8,10.5,132.0,30.5,27.2,14.0,119.6,15.1,18.4,52.8,7.7,44.9,41.1,37.4,30.8,13.5,6.7,17.3,10.6,3.9
2017-05-26 12:17:00+02:00,7.8,16.9,4.6,24.3,134.8,90.6,73.9,13.0,4.4,39.8,28.7,94.9,8.7,29.8,13.4,24.0,4.4,25.2,81.6,130.3,66.0,9.1,86.0,12.2,154.8,35.5,31.8,16.1,139.3,17.6,21.3,61.5,9.0,52.5,48.1,43.7,36.0,15.7,7.9,20.2,12.4,4.5
2017-05-26 12:18:00+02:00,8.1,17.5,4.8,25.3,139.3,93.9,76.7,13.5,4.6,41.0,29.6,98.3,9.0,30.8,13.8,24.6,4.6,26.1,84.6,134.8,68.5,9.4,89.2,12.5,160.1,36.6,33.1,16.5,143.9,18.2,22.0,63.9,9.3,54.3,49.8,45.3,37.3,16.3,8.1,20.9,12.8,4.6
2017-05-26 12:19:00+02:00,8.1,17.7,4.8,25.6,139.9,94.6,77.2,13.7,4.7,41.3,29.9,99.0,9.2,30.9,13.9,24.8,4.7,26.1,85.2,135.4,68.9,9.5,89.8,12.6,160.8,36.4,33.4,16.6,144.6,18.5,22.2,64.3,9.4,55.0,50.3,45.8,37.7,16.5,8.2,21.2,12.9,4.7
2017-05-26 12:20:00+02:00,8.2,17.9,4.8,25.9,141.0,95.1,77.6,13.9,4.7,41.6,30.2,99.6,9.3,30.7,14.0,24.9,4.7,25.8,85.7,136.5,69.2,9.5,90.4,12.6,162.0,37.0,34.0,16.7,145.7,18.6,22.3,64.6,9.5,55.4,50.8,46.3,38.1,16.7,8.3,21.4,13.0,4.7
2017-05-26 12:21:00+02:00,7.2,16.0,4.3,23.2,124.9,84.8,69.3,12.4,4.3,36.8,26.5,88.8,8.3,27.3,12.4,22.2,4.2,23.0,76.5,121.0,61.9,8.4,80.6,11.1,143.2,32.3,30.5,14.9,129.0,16.7,19.8,57.8,8.5,48.6,44.6,40.6,33.4,14.7,7.3,18.7,11.6,4.2
2017-05-26 12:22:00+02:00,5.1,11.4,2.9,16.6,88.2,60.9,49.9,8.5,3.0,25.8,18.4,63.7,5.6,19.9,8.5,15.4,2.8,16.8,55.3,85.6,44.6,5.8,58.0,7.7,100.6,22.0,21.9,10.2,90.9,11.5,13.8,41.8,5.9,34.1,31.3,28.6,23.5,10.5,5.2,13.0,8.1,2.9
2017-05-26 12:23:00+02:00,5.8,12.4,3.3,18.1,97.6,66.8,54.6,9.3,3.3,29.2,20.6,70.0,6.2,21.7,9.6,17.4,3.1,18.4,60.5,94.6,48.7,6.5,63.6,8.6,112.0,24.7,23.8,11.6,100.7,12.6,15.5,45.6,6.4,38.2,35.1,32.1,26.3,11.7,5.8,14.7,9.0,3.2
2017-05-26 12:24:00+02:00,6.6,14.1,3.9,20.5,111.9,76.3,62.3,10.9,3.7,33.7,23.3,80.1,7.3,25.1,11.3,20.3,3.7,21.3,68.9,108.3,55.6,7.6,72.6,10.1,128.7,28.3,26.9,13.6,115.6,14.7,18.0,52.0,7.4,44.1,40.4,36.8,30.3,13.3,6.6,17.0,10.4,3.8
2017-05-26 12:25:00+02:00,4.2,9.0,2.4,13.2,70.9,48.6,39.8,6.7,2.3,21.1,14.9,50.8,4.5,15.8,7.0,12.5,2.3,13.4,44.1,68.8,35.4,4.7,46.3,6.2,81.2,18.1,17.3,8.2,73.0,9.1,11.3,33.2,4.6,28.0,25.8,23.6,19.4,8.6,4.2,10.8,6.6,2.3
2017-05-26 12:26:00+02:00,5.3,11.2,3.1,16.4,89.9,60.6,49.4,8.5,2.9,26.7,19.0,63.6,5.7,19.8,8.9,16.0,2.9,16.8,54.8,87.1,44.1,6.0,57.6,7.9,103.0,23.5,21.4,10.6,92.6,11.5,14.3,41.2,5.8,35.3,32.3,29.4,24.2,10.6,5.3,13.6,8.3,2.9
2017-05-26 12:27:00+02:00,6.5,14.0,3.9,20.3,112.4,75.5,61.6,10.8,3.7,33.3,23.6,79.3,7.3,24.8,11.3,20.1,3.7,21.0,68.1,108.7,55.0,7.6,71.7,10.0,128.3,29.5,26.5,13.5,115.9,14.6,17.9,51.4,7.4,43.9,40.1,36.5,30.0,13.1,6.5,16.9,10.3,3.8
2017-05-26 12:28:00+02:00,7.5,16.4,4.5,23.7,131.3,88.4,72.2,12.8,4.4,39.0,27.4,92.9,8.6,29.1,13.2,23.6,4.4,24.6,79.7,127.0,64.5,8.9,84.0,11.8,150.2,34.2,31.1,15.9,135.6,17.2,21.0,60.2,8.8,51.3,46.9,42.6,35.0,15.3,7.6,19.7,12.1,4.4
2017-05-26 12:29:00+02:00,7.7,16.9,4.7,24.5,135.8,91.2,74.5,13.2,4.5,40.1,28.5,95.8,8.9,30.0,13.7,24.3,4.6,25.4,82.2,131.3,66.6,9.2,86.7,12.1,155.0,35.6,32.1,16.4,140.1,17.8,21.6,62.1,9.0,52.8,48.3,43.9,36.1,15.7,7.8,20.4,12.5,4.6
2017-05-26 12:30:00+02:00,6.0,13.6,3.8,19.7,108.6,73.2,59.9,10.6,3.7,31.4,23.0,76.8,7.1,24.2,11.0,19.1,3.7,20.5,66.1,105.1,53.6,7.4,69.6,9.5,123.4,28.4,25.8,12.9,112.0,14.3,17.2,50.0,7.2,41.7,38.1,34.6,28.5,12.4,6.2,16.1,9.9,3.6
2017-05-26 12:31:00+02:00,7.3,16.0,4.4,23.2,128.6,86.2,70.4,12.3,4.3,37.6,27.5,90.5,8.3,28.3,13.0,22.9,4.3,23.9,77.7,124.5,63.0,8.7,81.8,11.5,146.5,34.1,30.5,15.5,132.8,16.7,20.4,58.8,8.6,49.4,45.2,41.1,33.8,14.7,7.3,19.0,11.7,4.3
2017-05-26 12:32:00+02:00,7.6,16.7,4.6,24.1,133.9,89.6,73.2,12.8,4.5,38.7,28.8,94.0,8.7,29.4,13.5,23.3,4.4,24.8,80.8,129.6,65.5,9.0,85.1,11.5,152.6,35.7,31.8,15.6,138.3,17.4,21.2,61.1,8.9,51.4,47.0,42.7,35.2,15.3,7.6,19.8,12.2,4.5
2017-05-26 12:33:00+02:00,7.6,16.8,4.6,24.3,134.6,90.1,73.7,13.0,4.5,39.2,28.9,94.6,8.8,29.6,13.5,23.8,4.4,25.0,81.3,130.3,65.9,9.1,85.6,11.9,153.2,35.8,32.0,16.0,138.9,17.5,21.3,61.6,9.0,51.6,47.2,42.9,35.2,15.4,7.7,19.8,12.1,4.4
2017-05-26 12:34:00+02:00,7.7,17.0,4.6,24.6,136.2,91.1,74.6,13.1,4.5,38.8,29.2,95.7,8.8,29.9,13.7,23.2,4.4,25.3,82.3,131.8,66.7,9.2,86.6,11.1,154.9,36.3,32.4,15.3,140.5,17.7,21.5,62.3,9.0,52.2,47.8,43.4,35.6,15.6,7.8,20.0,12.2,4.4
2017-05-26 12:35:00+02:00,7.9,17.2,4.7,25.0,137.7,92.1,75.4,12.9,4.6,39.5,29.6,96.6,8.5,30.0,13.8,23.6,4.2,25.3,83.2,133.3,67.4,9.3,87.5,11.9,156.7,36.8,32.9,15.6,142.1,17.6,21.8,62.9,9.2,53.0,48.5,44.1,36.2,15.8,7.9,20.3,12.4,4.5
2017-05-26 12:36:00+02:00,7.9,17.3,4.7,25.1,138.6,92.7,75.9,13.0,4.6,40.2,29.8,97.2,8.6,30.1,13.9,24.2,4.2,25.5,83.8,134.1,67.8,9.3,88.1,12.4,157.7,37.0,33.1,16.2,143.0,17.7,21.9,63.3,9.2,53.4,48.9,44.5,36.5,15.9,7.9,20.6,12.6,4.6
2017-05-26 12:37:00+02:00,7.9,17.4,4.7,25.3,139.8,93.8,76.9,13.5,4.7,40.4,29.9,98.2,9.1,30.8,14.0,24.3,4.7,26.1,84.8,135.3,68.8,9.4,89.2,12.5,159.0,37.2,33.4,16.3,144.2,18.3,22.0,64.2,9.3,53.7,49.1,44.7,36.7,16.0,8.0,20.7,12.7,4.7
2017-05-26 12:38:00+02:00,7.9,17.4,4.7,25.3,138.7,93.4,76.6,13.5,4.7,40.1,29.3,97.9,9.1,30.7,13.9,24.2,4.6,26.0,84.5,134.2,68.6,9.3,88.8,12.4,157.7,36.5,33.3,16.2,143.1,18.2,21.9,64.0,9.4,53.4,48.8,44.4,36.4,15.9,7.9,20.5,12.6,4.6
2017-05-26 12:39:00+02:00,7.1,16.0,4.3,23.2,126.9,85.6,70.2,12.5,4.4,36.2,26.9,89.6,8.4,28.3,12.7,21.8,4.3,24.0,77.4,122.8,63.0,8.5,81.4,11.2,143.9,33.4,30.5,14.6,130.9,16.8,20.0,58.8,8.7,48.3,44.2,40.2,33.0,14.4,7.2,18.6,11.4,4.2
2017-05-26 12:40:00+02:00,6.6,15.0,4.0,21.7,118.7,79.9,65.6,11.6,4.1,33.8,25.3,83.7,7.9,26.4,11.9,20.4,4.0,22.4,72.3,114.8,58.8,8.0,76.0,10.5,134.5,31.3,28.5,13.6,122.5,15.7,18.7,54.9,8.1,45.1,41.2,37.4,30.7,13.4,6.7,17.3,10.7,4.0
2017-05-26 12:41:00+02:00,7.6,16.8,4.6,24.4,134.5,90.1,73.8,13.0,4.5,38.9,28.8,94.5,8.8,29.6,13.5,23.4,4.5,25.1,81.4,130.1,66.1,9.0,85.7,12.0,153.1,35.7,32.0,15.7,138.9,17.6,21.2,61.6,9.0,51.6,47.1,42.8,35.1,15.3,7.7,19.8,12.2,4.5
2017-05-26 12:42:00+02:00,6.6,15.0,4.1,21.7,117.9,79.8,65.5,11.5,4.1,33.9,24.3,83.8,7.8,26.2,11.8,20.4,4.0,22.2,72.2,114.0,58.7,7.9,75.9,10.4,133.8,30.4,28.5,13.6,121.7,15.6,18.6,54.7,8.1,45.3,41.4,37.6,30.9,13.5,6.7,17.4,10.7,4.0
2017-05-26 12:43:00+02:00,7.0,15.7,4.3,22.8,125.3,84.2,69.0,12.1,4.3,36.1,25.8,88.4,8.2,27.6,12.6,21.7,4.2,23.4,76.1,121.2,61.8,8.4,80.1,11.0,143.0,33.0,30.0,14.5,129.4,16.3,19.8,57.6,8.5,48.0,43.9,39.9,32.7,14.3,7.1,18.4,11.3,4.2
2017-05-26 12:44:00+02:00,7.4,16.5,4.5,23.9,131.7,88.5,72.5,12.9,4.4,38.0,27.1,92.9,8.8,29.2,13.1,22.9,4.4,24.7,80.0,127.4,65.0,8.8,84.2,11.6,150.3,34.6,31.4,15.3,136.0,17.4,20.7,60.6,8.8,50.5,46.2,42.0,34.4,15.0,7.5,19.4,11.9,4.4
2017-05-26 12:45:00+02:00,6.6,14.8,4.0,21.5,116.7,78.2,65.3,11.7,4.0,34.0,24.2,82.1,7.9,26.4,11.8,20.4,3.9,22.4,72.1,112.9,58.5,7.9,74.4,10.3,133.0,30.9,28.2,13.6,120.5,15.7,18.6,54.6,7.9,45.2,41.3,37.6,30.9,13.5,6.7,17.4,10.7,3.9
2017-05-26 12:46:00+02:00,4.2,9.5,2.5,13.9,72.2,49.2,41.7,7.4,2.6,21.2,14.3,51.6,5.0,16.8,7.2,12.8,2.5,14.3,46.0,69.9,37.3,4.9,46.9,6.5,81.6,18.6,18.0,8.6,74.4,10.0,11.6,34.9,5.0,28.3,25.9,23.6,19.5,8.5,4.3,10.9,6.7,2.4
2017-05-26 12:47:00+02:00,3.0,6.8,1.7,10.0,49.8,34.5,29.5,5.0,1.8,15.2,9.4,36.1,3.4,11.8,4.9,9.2,1.7,10.0,32.7,48.3,26.3,3.3,32.9,4.7,56.3,12.5,12.8,6.0,51.2,6.8,8.1,24.6,3.4,20.4,18.8,17.2,14.2,6.3,3.1,7.9,4.7,1.6
2017-05-26 12:48:00+02:00,7.1,15.1,4.2,22.0,119.2,79.2,66.0,12.0,4.1,36.6,24.7,83.3,8.1,27.1,12.3,22.4,4.0,23.0,73.1,115.1,58.9,8.3,75.1,11.3,136.8,31.8,27.8,15.1,123.2,16.1,19.5,54.8,8.0,47.6,43.5,39.5,32.4,14.1,7.1,18.2,11.2,4.1
2017-05-26 12:49:00+02:00,6.0,13.0,3.6,19.0,101.7,67.8,56.7,10.4,3.5,31.1,20.9,71.3,7.0,23.4,10.6,19.0,3.5,19.9,62.8,98.1,50.6,7.1,64.3,9.6,116.4,26.9,23.7,12.9,105.1,13.9,16.6,47.1,6.9,40.6,37.0,33.6,27.5,12.0,6.0,15.5,9.5,3.5
2017-05-26 12:50:00+02:00,5.5,11.9,3.3,17.3,95.0,62.6,52.7,9.4,3.2,28.4,20.5,65.9,6.4,21.4,9.6,17.4,3.1,18.2,58.2,91.8,47.1,6.5,59.4,8.8,108.4,26.0,22.5,11.8,98.2,12.7,15.1,43.9,6.3,37.0,33.8,30.6,25.1,11.0,5.5,14.1,8.7,3.2
2017-05-26 12:51:00+02:00,6.7,14.4,4.1,21.0,116.4,76.6,64.0,11.5,3.9,35.0,25.2,80.5,7.7,26.1,11.9,21.4,3.8,22.1,70.7,112.4,57.3,8.0,72.6,10.8,133.1,32.0,27.3,14.6,120.3,15.5,18.6,53.4,7.8,45.4,41.4,37.5,30.7,13.4,6.7,17.4,10.7,4.0
2017-05-26 12:52:00+02:00,7.5,16.1,4.5,23.3,129.7,85.5,71.4,12.9,4.4,39.0,28.2,89.7,8.6,29.0,13.2,23.9,4.3,24.6,78.8,125.3,63.9,8.9,81.1,12.0,148.5,35.7,30.5,16.2,134.1,17.3,20.8,59.5,8.7,50.7,46.2,41.9,34.3,15.0,7.5,19.4,11.9,4.4
2017-05-26 12:53:00+02:00,7.4,16.0,4.5,23.2,128.5,84.9,70.9,12.8,4.4,38.4,27.8,89.0,8.7,28.9,13.1,23.5,4.3,24.5,78.2,124.2,63.5,8.8,80.5,11.8,146.7,35.3,30.3,16.0,132.8,17.2,20.6,59.1,8.7,50.1,45.7,41.4,33.9,14.8,7.4,19.2,11.8,4.4
2017-05-26 12:54:00+02:00,7.4,16.0,4.5,23.2,129.1,85.7,71.0,12.9,4.4,38.3,27.8,89.8,8.7,28.9,13.1,23.4,4.3,24.6,78.3,124.9,63.6,8.8,81.3,11.8,147.2,35.2,30.3,16.0,133.4,17.3,20.5,59.3,8.6,50.0,45.6,41.3,33.9,14.7,7.4,19.2,11.8,4.4
2017-05-26 12:55:00+02:00,7.4,16.1,4.5,23.5,131.3,87.7,71.6,12.9,4.4,38.5,27.8,91.8,8.8,29.1,13.1,23.6,4.3,24.7,78.9,127.0,64.1,8.7,83.3,11.8,149.5,35.3,30.6,16.0,135.6,17.4,20.5,59.7,8.7,50.1,45.7,41.4,34.0,14.7,7.3,19.3,11.9,4.4
2017-05-26 12:56:00+02:00,7.5,16.3,4.5,23.7,131.4,87.7,71.5,12.4,4.5,38.8,27.8,91.8,8.2,28.7,12.9,23.7,4.3,24.3,78.9,127.1,63.9,8.5,83.3,11.9,149.6,35.4,30.8,16.2,135.7,16.9,20.5,59.6,8.8,50.4,46.0,41.7,34.2,14.8,7.4,19.4,12.0,4.4
2017-05-26 12:57:00+02:00,7.5,16.4,4.5,23.7,131.3,87.3,71.2,12.1,4.4,38.6,28.2,91.5,7.8,28.4,13.4,23.6,4.4,24.0,78.6,127.1,63.7,9.0,82.9,11.9,149.8,35.7,30.9,16.1,135.6,16.6,20.9,59.3,8.8,50.2,45.8,41.5,34.1,14.8,7.4,19.3,11.9,4.4
2017-05-26 12:58:00+02:00,7.5,16.3,4.5,23.6,132.0,88.0,71.9,12.8,4.4,38.3,28.2,92.2,8.5,29.1,13.4,23.3,4.4,24.7,79.3,127.8,64.3,9.0,83.6,12.0,150.7,35.7,30.9,16.2,136.3,17.3,20.9,59.9,8.8,50.2,45.8,41.5,34.1,14.8,7.4,19.3,11.9,4.4
2017-05-26 12:59:00+02:00,7.5,16.4,4.5,23.6,131.9,88.2,72.1,13.1,4.5,38.2,27.9,92.4,8.9,29.3,13.1,23.2,4.4,24.9,79.5,127.6,64.6,9.0,83.9,11.9,150.7,35.4,30.9,16.1,136.1,17.6,20.6,60.2,8.8,50.1,45.7,41.4,34.0,14.8,7.4,19.2,11.9,4.4
2017-05-26 13:00:00+02:00,7.5,16.4,4.5,23.7,129.3,86.8,72.0,13.0,4.5,37.8,27.8,89.9,8.9,29.2,13.1,22.8,4.4,24.8,79.4,125.1,64.5,8.9,82.4,11.9,148.0,35.3,30.9,15.8,133.6,17.5,20.5,60.1,8.8,50.1,45.7,41.4,34.0,14.8,7.4,19.3,11.9,4.4
2017-05-26 13:01:00+02:00,7.5,16.5,4.5,24.0,129.0,86.6,72.0,12.5,4.5,37.4,28.0,89.3,8.3,28.9,13.1,22.3,4.4,24.4,79.4,124.7,64.4,9.0,82.2,11.9,147.7,35.6,31.1,15.1,133.3,17.0,20.7,60.0,8.9,50.5,46.1,41.8,34.3,14.9,7.4,19.4,12.0,4.4
2017-05-26 13:02:00+02:00,7.2,15.8,4.4,22.9,123.7,83.3,69.3,12.4,4.3,36.4,26.7,85.8,8.4,28.1,12.6,22.0,4.2,23.8,76.4,119.6,62.1,8.6,79.1,11.2,141.5,33.9,29.7,15.2,127.8,16.7,19.8,57.8,8.5,48.3,44.1,40.0,32.8,14.2,7.1,18.6,11.4,4.3
2017-05-26 13:03:00+02:00,7.5,16.3,4.5,23.7,128.1,86.0,71.5,12.5,4.5,38.0,27.7,88.8,8.4,28.8,13.0,23.0,4.1,24.4,78.9,123.8,63.9,8.9,81.7,11.7,146.6,35.2,30.8,15.9,132.3,17.0,20.5,59.6,8.8,50.1,45.7,41.4,34.0,14.7,7.3,19.3,11.9,4.4
2017-05-26 13:04:00+02:00,7.5,16.4,4.5,23.8,128.8,86.7,72.1,12.8,4.5,38.2,27.8,89.5,8.7,29.2,13.1,23.1,4.4,24.8,79.5,124.6,64.5,9.0,82.3,11.7,147.5,35.3,30.9,16.0,133.1,17.3,20.6,60.1,8.9,50.3,45.9,41.7,34.2,14.9,7.4,19.4,11.9,4.4
2017-05-26 13:05:00+02:00,7.6,16.4,4.5,24.0,130.3,87.7,72.7,12.9,4.5,38.7,28.0,90.5,8.7,29.4,13.2,23.4,4.5,25.0,80.2,126.0,65.0,9.0,83.3,11.8,149.2,35.7,31.2,16.1,134.6,17.4,20.8,60.6,8.9,50.9,46.5,42.1,34.6,15.0,7.5,19.6,12.0,4.4
2017-05-26 13:06:00+02:00,7.8,16.8,4.6,24.5,134.7,90.8,74.2,13.1,4.5,39.5,28.7,94.0,8.9,29.9,13.4,23.8,4.5,25.4,81.9,130.3,66.4,9.2,86.3,12.1,154.1,36.4,31.9,16.4,139.1,17.7,21.2,61.8,9.0,52.1,47.5,43.1,35.4,15.4,7.7,20.0,12.3,4.5
2017-05-26 13:07:00+02:00,7.8,16.8,4.6,24.5,135.3,90.5,73.9,12.9,4.6,39.4,28.6,94.7,8.6,29.7,13.4,23.8,4.2,25.2,81.6,130.9,66.1,9.2,86.0,12.0,154.5,36.4,31.9,16.4,139.7,17.4,21.2,61.5,9.1,52.0,47.4,43.0,35.3,15.4,7.7,20.0,12.2,4.5
2017-05-26 13:08:00+02:00,7.7,16.6,4.5,24.2,133.0,89.3,72.9,12.6,4.5,38.9,28.2,92.9,8.4,29.2,13.2,23.5,4.1,24.8,80.5,128.6,65.2,9.0,84.8,11.9,151.8,35.9,31.5,16.2,137.3,17.1,20.9,60.7,8.9,51.3,46.9,42.5,34.9,15.2,7.6,19.7,12.1,4.4
2017-05-26 13:09:00+02:00,7.2,16.7,4.5,24.5,133.0,90.2,73.7,12.8,4.5,38.8,28.4,92.7,8.6,29.6,13.2,23.2,4.1,25.1,81.5,128.7,65.9,9.0,85.8,11.4,152.0,36.2,31.8,15.8,137.3,17.3,21.0,61.4,8.9,51.9,47.4,43.1,35.4,15.4,7.7,19.9,12.2,4.4
2017-05-26 13:10:00+02:00,4.8,12.9,3.4,18.8,100.1,68.7,56.3,9.7,3.4,28.2,21.2,70.1,6.5,22.6,9.9,16.6,3.0,19.2,62.2,96.9,50.4,6.8,65.4,7.9,113.7,27.0,24.4,11.1,103.1,13.2,15.8,47.0,6.8,39.0,35.7,32.4,26.6,11.6,5.7,15.1,9.2,3.3
2017-05-26 13:11:00+02:00,3.1,7.3,1.9,10.8,52.8,37.2,31.5,4.7,1.9,15.6,11.0,37.1,3.0,12.1,5.1,9.1,1.5,10.2,34.9,51.2,28.0,3.6,35.4,4.5,59.6,14.3,14.0,6.2,54.2,6.6,8.5,26.1,3.7,22.0,20.3,18.6,15.3,6.7,3.3,8.6,5.2,1.8
2017-05-26 13:12:00+02:00,4.9,10.5,2.9,15.4,80.9,55.3,46.2,7.9,2.8,24.7,17.2,56.1,5.3,18.6,8.1,14.9,2.5,15.7,51.2,78.1,41.3,5.5,52.4,7.5,92.5,22.1,19.8,10.3,83.5,10.8,13.0,38.4,5.6,33.0,30.1,27.3,22.5,9.8,4.9,12.7,7.8,2.8
2017-05-26 13:13:00+02:00,7.8,16.3,4.6,23.8,131.1,88.6,72.3,12.6,4.4,39.9,27.8,91.0,8.5,29.1,12.9,24.2,4.1,24.7,80.0,126.6,64.5,8.8,84.0,12.1,150.3,35.6,31.0,16.6,135.4,17.1,20.7,60.0,8.7,52.0,47.4,43.0,35.3,15.3,7.6,20.0,12.2,4.4
2017-05-26 13:14:00+02:00,7.7,16.2,4.6,23.7,130.8,88.4,72.0,12.6,4.4,39.4,27.8,90.9,8.4,29.0,13.2,24.0,4.1,24.6,79.6,126.4,64.3,8.7,84.0,12.0,149.7,35.5,30.8,16.4,135.1,17.0,20.9,59.8,8.7,51.6,47.1,42.6,34.9,15.1,7.6,19.8,12.1,4.4
2017-05-26 13:15:00+02:00,7.7,16.3,4.6,23.9,131.8,89.1,72.6,12.8,4.4,39.6,28.1,91.6,8.5,29.3,13.3,24.0,4.1,24.9,80.3,127.3,64.8,8.8,84.6,12.0,150.7,35.8,31.0,16.5,136.0,17.2,21.0,60.3,8.8,51.8,47.3,42.8,35.1,15.2,7.6,19.8,12.2,4.4
2017-05-26 13:16:00+02:00,6.9,14.9,4.2,21.7,119.9,81.4,66.4,11.6,4.0,35.5,25.5,83.5,7.7,26.8,12.1,21.5,3.7,22.7,73.4,115.9,59.4,8.0,77.3,10.8,137.1,32.5,28.5,14.7,123.7,15.7,19.1,55.2,8.0,46.9,42.7,38.7,31.7,13.8,6.9,17.9,11.1,4.0
2017-05-26 13:17:00+02:00,6.9,14.9,4.2,21.7,118.3,80.6,65.7,11.5,4.0,35.4,25.4,82.7,7.6,26.6,12.0,21.4,3.7,22.6,72.6,115.0,58.7,7.9,76.5,10.7,135.3,32.4,28.0,14.6,122.1,15.6,19.0,54.6,8.0,46.7,42.6,38.5,31.6,13.7,6.9,17.9,11.0,4.0
2017-05-26 13:18:00+02:00,3.2,7.6,2.0,11.1,56.5,39.8,32.6,5.3,2.0,16.4,12.0,40.2,3.5,13.0,5.5,9.7,1.6,11.0,36.1,55.4,29.1,3.6,37.9,4.8,64.1,15.4,14.2,6.6,58.1,7.4,8.9,27.2,4.0,22.6,20.7,18.8,15.5,6.8,3.4,8.7,5.4,1.9
2017-05-26 13:19:00+02:00,3.5,7.7,2.1,11.4,60.5,41.2,33.7,5.4,2.1,17.5,12.6,42.7,3.6,13.3,5.8,10.4,1.6,11.2,37.3,58.8,30.0,3.8,39.2,5.2,68.4,16.2,14.7,7.0,62.2,7.5,9.4,28.0,4.0,23.8,21.8,19.8,16.3,7.2,3.6,9.1,5.6,2.0
2017-05-26 13:20:00+02:00,2.3,5.3,1.4,7.9,40.3,27.7,22.6,3.4,1.4,11.6,8.3,28.4,2.1,8.8,3.7,6.7,0.9,7.4,25.1,39.1,20.0,2.4,26.3,3.3,45.4,10.8,10.0,4.4,41.3,4.8,6.2,18.7,2.6,16.3,14.9,13.6,11.2,5.0,2.5,6.2,3.8,1.3
2017-05-26 13:21:00+02:00,2.0,4.6,1.2,6.9,35.0,23.9,19.4,2.8,1.2,10.2,7.2,24.6,1.7,7.5,3.1,5.8,0.7,6.3,21.7,33.9,17.2,2.0,22.7,2.8,39.9,9.5,8.5,3.8,35.9,4.0,5.4,16.0,2.3,14.4,13.2,12.0,9.9,4.4,2.2,5.5,3.4,1.1
2017-05-26 13:22:00+02:00,7.3,15.5,4.4,22.6,127.6,84.7,68.9,12.1,4.2,37.9,27.0,88.9,8.1,27.7,12.7,22.9,4.0,23.6,76.2,123.3,61.5,8.4,80.3,11.4,146.4,34.4,29.6,15.6,131.8,16.4,20.0,57.3,8.3,49.4,45.0,40.6,33.3,14.5,7.2,18.9,11.6,4.2
2017-05-26 13:23:00+02:00,7.4,15.6,4.4,22.8,129.4,85.8,69.9,12.6,4.2,38.2,27.4,90.1,8.5,28.5,12.8,23.1,4.4,24.3,77.3,125.0,62.4,8.5,81.5,11.5,148.4,34.9,29.6,15.7,133.6,16.9,20.3,58.1,8.4,50.1,45.6,41.2,33.8,14.7,7.3,19.1,11.8,4.3
2017-05-26 13:24:00+02:00,7.7,16.2,4.6,23.8,134.0,89.0,72.4,12.8,4.3,39.6,28.4,93.4,8.6,29.3,13.3,23.9,4.2,24.9,80.1,129.5,64.6,8.8,84.4,11.9,153.5,36.2,30.8,16.3,138.3,17.3,21.1,60.2,8.7,51.8,47.3,42.7,35.1,15.2,7.6,19.9,12.3,4.5
2017-05-26 13:25:00+02:00,6.1,13.3,3.8,19.5,109.1,73.1,59.6,10.7,3.6,31.4,22.8,76.7,7.2,24.3,10.8,19.0,3.7,20.6,65.8,105.6,53.4,7.1,69.4,9.5,124.7,28.9,25.4,13.0,112.7,14.4,17.1,49.7,7.2,41.8,38.1,34.4,28.3,12.2,6.1,16.0,9.9,3.7
2017-05-26 13:26:00+02:00,5.3,11.7,3.3,17.1,95.6,64.0,52.2,9.5,3.1,27.5,20.0,67.1,6.4,21.4,9.6,16.6,3.3,18.2,57.6,92.5,46.7,6.3,60.7,8.2,109.2,25.4,22.0,11.3,98.7,12.7,15.1,43.4,6.3,36.5,33.3,30.1,24.8,10.7,5.3,14.0,8.7,3.2
2017-05-26 13:27:00+02:00,5.9,12.8,3.6,18.8,105.0,69.9,56.9,10.2,3.5,30.6,22.2,73.4,6.9,23.2,10.7,18.5,3.6,19.7,62.9,101.5,50.9,7.1,66.3,9.2,120.2,28.2,24.1,12.6,108.5,13.7,16.8,47.3,6.9,40.4,36.7,33.3,27.3,11.8,5.9,15.5,9.6,3.6
2017-05-26 13:28:00+02:00,7.2,15.2,4.3,22.3,125.6,83.6,68.2,12.1,4.1,37.0,26.5,87.8,8.2,27.6,12.7,22.4,4.3,23.5,75.3,121.5,60.9,8.5,79.3,11.1,143.9,33.7,29.1,15.3,129.8,16.3,20.0,56.7,8.2,48.3,44.0,39.8,32.6,14.1,7.0,18.5,11.4,4.2
2017-05-26 13:29:00+02:00,7.6,16.1,4.5,23.6,132.2,87.9,71.6,12.7,4.4,39.1,28.0,92.3,8.5,28.9,13.1,23.7,4.5,24.6,79.2,127.8,64.0,8.9,83.4,11.8,151.5,35.6,30.6,16.1,136.5,17.0,20.8,59.5,8.6,51.0,46.5,42.1,34.5,14.9,7.4,19.5,12.0,4.4
2017-05-26 13:30:00+02:00,7.7,16.4,4.6,24.1,133.5,89.0,72.4,12.8,4.4,39.3,28.2,93.4,8.7,29.3,13.2,23.8,4.5,24.9,80.1,129.2,64.8,9.0,84.5,11.9,152.9,35.9,31.1,16.2,137.9,17.2,21.0,60.3,8.9,51.3,46.7,42.3,34.6,15.0,7.5,19.6,12.1,4.4
2017-05-26 13:31:00+02:00,6.5,14.2,3.9,20.8,113.7,75.8,61.6,11.1,3.8,33.3,24.1,79.6,7.5,25.2,11.5,20.2,4.0,21.5,68.1,110.0,55.2,7.9,71.9,10.1,128.0,30.6,26.1,13.9,117.4,14.9,18.0,51.3,7.7,43.6,39.7,35.9,29.4,12.8,6.4,16.6,10.3,3.8
2017-05-26 13:32:00+02:00,2.8,6.4,1.7,9.5,49.0,33.2,27.0,4.7,1.7,14.0,10.1,34.7,3.2,11.0,4.6,8.3,1.7,9.4,30.0,47.6,24.1,3.3,31.6,4.2,53.6,13.0,11.5,5.7,50.3,6.3,7.6,22.4,3.3,19.0,17.4,16.0,13.1,5.8,2.9,7.3,4.5,1.5
2017-05-26 13:33:00+02:00,2.3,5.2,1.3,7.7,38.7,26.3,21.4,3.6,1.3,11.2,7.9,27.5,2.5,8.6,3.6,6.6,1.3,7.4,23.8,37.7,19.0,2.6,25.1,3.3,42.0,10.3,9.0,4.4,39.7,4.9,6.0,17.7,2.6,15.4,14.1,13.0,10.6,4.7,2.3,5.9,3.6,1.2
2017-05-26 13:34:00+02:00,4.7,10.0,2.8,14.7,80.0,53.0,42.8,7.4,2.7,24.1,17.0,55.7,5.0,17.4,8.1,14.6,2.7,14.8,47.6,77.4,38.2,5.6,50.3,7.4,90.4,21.7,18.1,10.0,82.7,10.1,12.8,35.5,5.3,31.4,28.6,25.9,21.2,9.3,4.6,11.9,7.3,2.6
2017-05-26 13:35:00+02:00,8.0,16.5,4.6,24.3,135.4,89.5,72.4,12.6,4.4,41.3,29.0,94.0,8.5,29.1,13.6,25.0,4.5,24.8,80.3,130.9,64.6,9.3,84.9,12.7,155.7,37.0,31.0,17.2,140.0,17.0,21.5,60.0,8.9,52.8,48.1,43.5,35.6,15.5,7.7,20.1,12.3,4.4
2017-05-26 13:36:00+02:00,8.1,16.8,4.7,24.8,137.3,90.8,73.6,12.6,4.5,41.7,29.4,95.4,8.4,29.4,13.7,25.3,4.6,25.0,81.6,132.7,65.5,9.4,86.2,12.8,157.7,37.4,31.6,17.3,141.8,17.1,21.8,60.9,9.0,53.5,48.8,44.1,36.1,15.7,7.8,20.4,12.6,4.6
2017-05-26 13:37:00+02:00,8.2,17.2,4.7,25.3,139.5,92.5,75.1,12.8,4.6,42.1,29.8,97.0,8.5,29.9,13.9,25.6,4.7,25.4,83.2,135.0,66.9,9.5,87.9,12.9,160.2,38.0,32.3,17.5,144.1,17.4,22.1,62.2,9.2,54.5,49.8,45.0,36.9,16.1,8.0,20.8,12.8,4.6
2017-05-26 13:38:00+02:00,8.2,17.2,4.7,25.4,139.6,92.8,75.4,12.8,4.6,42.1,29.7,97.2,8.5,30.0,13.8,25.6,4.6,25.5,83.5,135.1,67.2,9.4,88.2,12.9,160.2,37.9,32.6,17.4,144.1,17.3,22.0,62.5,9.1,54.6,49.9,45.2,37.0,16.2,8.1,20.8,12.8,4.6
2017-05-26 13:39:00+02:00,8.4,17.7,4.8,26.2,143.6,95.5,77.7,13.2,4.7,43.2,30.6,100.1,8.8,30.9,14.2,26.2,4.7,26.3,86.1,139.0,69.3,9.7,90.7,13.2,164.7,39.0,33.6,17.8,148.3,17.9,22.6,64.5,9.4,56.0,51.1,46.3,37.9,16.6,8.3,21.4,13.1,4.7
2017-05-26 13:40:00+02:00,8.4,17.6,4.8,25.8,142.3,94.6,77.2,13.3,4.6,42.8,30.2,99.2,8.9,30.9,14.0,26.0,4.7,26.3,85.6,137.6,68.8,9.6,89.9,13.0,163.0,38.6,33.2,17.7,146.8,17.9,22.4,64.1,9.3,55.4,50.7,45.9,37.6,16.3,8.1,21.2,13.1,4.7
2017-05-26 13:41:00+02:00,7.6,16.3,4.4,23.1,128.8,86.2,70.2,12.2,4.3,38.9,27.5,89.5,8.2,28.5,12.8,23.6,4.3,24.2,77.9,124.5,62.6,8.7,81.9,11.9,147.5,35.2,29.7,16.1,132.8,16.5,20.4,58.2,8.7,50.7,46.4,42.0,34.4,15.0,7.4,19.4,12.0,4.3
2017-05-26 13:42:00+02:00,8.4,17.6,4.8,25.2,141.0,94.6,77.3,13.3,4.6,42.8,30.1,98.1,8.9,31.0,13.9,26.0,4.7,26.4,85.7,136.4,69.0,9.5,90.0,13.1,161.6,38.4,33.3,17.7,145.4,18.0,22.3,64.3,9.4,55.2,50.5,45.7,37.4,16.3,8.1,21.1,13.0,4.7
2017-05-26 13:43:00+02:00,8.4,17.7,4.8,26.1,143.1,96.4,79.0,13.5,4.7,43.0,30.2,100.0,9.1,31.3,14.0,26.1,4.7,26.7,87.3,138.4,70.6,9.5,91.7,13.2,163.6,38.6,34.5,17.8,147.5,18.2,22.4,65.8,9.4,55.4,50.6,45.8,37.5,16.3,8.1,21.2,13.1,4.7
2017-05-26 13:44:00+02:00,8.3,17.6,4.8,26.0,143.3,96.7,79.2,14.0,4.7,42.6,30.3,100.2,9.5,31.8,14.3,25.9,4.8,27.2,87.5,138.7,70.9,9.6,92.0,13.1,163.7,38.6,34.3,17.7,147.7,18.7,22.6,66.1,9.5,55.0,50.2,45.5,37.2,16.1,8.0,21.1,13.0,4.7
2017-05-26 13:45:00+02:00,7.6,16.3,4.5,24.1,132.2,89.3,72.9,13.2,4.4,39.1,28.0,92.4,9.0,29.7,13.3,23.8,4.5,25.4,80.6,127.9,65.3,8.9,84.9,12.1,150.8,35.6,31.1,16.4,136.3,17.6,20.9,60.8,8.7,50.8,46.3,41.9,34.3,14.8,7.4,19.5,12.0,4.4
2017-05-26 13:46:00+02:00,6.9,14.9,4.1,22.0,120.6,81.5,66.7,12.0,4.0,35.5,25.7,84.3,8.2,27.1,12.2,21.6,4.1,23.2,73.6,116.8,59.7,8.1,77.5,10.9,137.3,32.6,28.5,14.8,124.2,16.1,19.1,55.6,7.9,46.3,42.3,38.3,31.4,13.6,6.8,17.8,11.0,4.0
2017-05-26 13:47:00+02:00,8.1,17.0,4.7,25.2,139.1,93.6,76.4,13.7,4.5,41.5,29.8,97.0,9.3,31.0,13.9,25.3,4.7,26.5,84.5,134.7,68.3,9.3,89.0,12.8,158.1,37.9,32.7,17.3,142.6,18.2,22.0,63.7,9.0,53.8,49.1,44.5,36.4,15.8,7.9,20.6,12.7,4.6
2017-05-26 13:48:00+02:00,8.0,17.1,4.7,25.2,139.3,93.6,76.3,13.8,4.6,41.5,29.9,96.9,9.3,31.1,14.0,25.2,4.7,26.5,84.4,134.8,68.2,9.4,88.9,12.7,158.2,38.0,32.4,17.2,142.7,18.4,22.1,63.5,9.1,53.9,49.2,44.6,36.5,15.8,7.9,20.7,12.7,4.6
2017-05-26 13:49:00+02:00,7.2,15.7,4.3,23.0,127.1,85.6,69.9,12.7,4.2,37.4,27.2,88.7,8.6,28.5,12.8,22.8,4.4,24.3,77.3,123.1,62.5,8.6,81.4,11.5,144.1,34.6,29.8,15.6,130.2,16.9,20.2,58.2,8.3,48.9,44.7,40.4,33.1,14.4,7.1,18.7,11.5,4.2
2017-05-26 13:50:00+02:00,3.1,7.1,1.8,10.3,55.5,38.1,31.0,5.3,1.8,15.7,12.0,38.8,3.6,12.4,5.4,9.4,1.8,10.6,34.5,54.0,27.5,3.6,36.3,4.7,61.8,15.3,13.3,6.3,56.0,7.1,8.8,25.7,3.5,21.8,20.2,18.5,15.2,6.7,3.3,8.5,5.2,1.8
2017-05-26 13:51:00+02:00,2.7,6.0,1.6,8.8,46.4,32.0,26.0,4.4,1.5,13.6,9.5,32.6,3.0,10.5,4.4,8.1,1.5,8.9,29.1,45.0,23.0,3.0,30.5,4.1,52.5,12.4,11.1,5.4,47.4,5.9,7.5,21.5,2.9,18.8,17.4,16.0,13.1,5.8,2.8,7.3,4.4,1.5
2017-05-26 13:52:00+02:00,2.6,5.6,1.4,8.2,42.5,28.8,23.2,3.1,1.4,13.0,8.7,29.8,2.7,8.7,4.2,7.7,1.4,7.2,26.0,41.2,20.4,2.8,27.4,3.9,48.3,11.4,10.3,5.1,43.3,4.5,7.0,19.0,2.7,17.8,16.4,15.1,12.3,5.5,2.7,6.9,4.2,1.4
2017-05-26 13:53:00+02:00,3.0,6.2,1.7,9.1,48.8,31.8,25.5,2.7,1.5,15.0,11.0,33.1,1.5,9.0,4.9,8.9,1.5,7.4,28.6,47.2,22.3,3.3,30.2,4.4,55.8,14.1,11.6,5.9,50.0,4.3,8.1,20.7,3.0,20.2,18.6,17.0,13.9,6.2,3.0,7.7,4.7,1.6
2017-05-26 13:54:00+02:00,6.8,14.1,4.0,20.6,116.3,76.1,61.4,9.6,3.7,34.9,25.6,79.9,6.0,23.9,12.0,21.1,3.9,20.2,68.2,112.3,54.5,8.0,72.1,10.3,133.5,32.5,26.6,14.2,120.0,13.4,18.9,50.5,7.4,45.7,41.7,37.7,30.8,13.4,6.6,17.4,10.7,3.9
2017-05-26 13:55:00+02:00,8.0,16.2,4.6,23.8,134.5,88.5,71.5,11.3,4.2,40.4,29.4,92.7,7.2,27.9,13.7,24.4,4.4,23.5,79.4,130.0,63.5,9.2,83.9,11.9,154.6,37.3,31.1,16.4,139.0,15.7,21.7,59.0,8.6,52.5,47.9,43.3,35.4,15.3,7.6,20.1,12.4,4.5
2017-05-26 13:56:00+02:00,8.0,16.4,4.6,24.1,135.1,89.0,72.0,11.5,4.4,40.5,29.5,93.2,7.3,28.1,13.8,24.5,4.5,23.8,79.9,130.6,64.0,9.2,84.4,12.0,155.1,37.5,31.3,16.5,139.7,15.9,21.8,59.4,8.7,52.8,48.0,43.5,35.5,15.4,7.6,20.1,12.4,4.5
2017-05-26 13:57:00+02:00,8.1,16.6,4.7,24.3,136.0,89.6,72.5,11.6,4.4,40.6,29.8,93.8,7.4,28.4,14.0,24.5,4.5,24.0,80.5,131.5,64.4,9.4,85.0,12.0,155.9,37.8,31.4,16.5,140.6,16.0,22.0,59.8,8.8,53.1,48.4,43.8,35.8,15.5,7.7,20.3,12.5,4.5
2017-05-26 13:58:00+02:00,8.1,16.6,4.7,24.6,135.4,89.9,72.8,11.7,4.4,40.8,28.9,94.2,7.4,28.5,14.0,24.7,4.6,24.1,80.8,130.9,64.8,9.4,85.3,12.2,155.2,36.8,31.6,16.7,140.0,16.1,22.0,60.1,8.9,53.1,48.4,43.8,35.8,15.5,7.7,20.3,12.5,4.5
2017-05-26 13:59:00+02:00,8.0,16.4,4.7,24.4,136.2,91.0,73.9,13.1,4.5,41.0,28.7,95.2,8.9,30.0,13.6,25.0,4.5,25.6,81.9,131.8,65.8,9.4,86.4,12.5,155.9,36.6,31.2,17.1,140.8,17.6,21.5,61.2,8.9,53.0,48.3,43.7,35.7,15.5,7.7,20.2,12.5,4.5
2017-05-26 14:00:00+02:00,8.0,16.5,4.6,24.4,136.7,91.2,74.3,13.1,4.4,40.7,29.1,95.4,9.0,29.9,13.5,24.8,4.6,25.5,82.2,132.2,66.3,9.3,86.7,12.4,156.2,36.9,31.8,17.0,141.2,17.6,21.4,61.7,8.9,52.6,47.9,43.4,35.5,15.4,7.6,20.1,12.4,4.5
2017-05-26 14:01:00+02:00,7.7,16.2,4.5,24.0,133.5,89.4,72.9,12.8,4.3,39.5,28.2,93.4,8.8,29.1,13.1,24.1,4.4,24.9,80.7,129.2,65.1,9.1,84.9,12.0,152.4,35.9,31.5,16.5,137.9,17.1,20.8,60.6,8.6,51.3,46.8,42.3,34.6,15.0,7.5,19.6,12.0,4.4
2017-05-26 14:02:00+02:00,7.9,16.6,4.6,24.6,137.6,92.0,75.0,13.2,4.4,40.8,29.1,96.2,9.1,30.0,13.5,24.8,4.6,25.6,83.0,133.1,67.0,9.3,87.4,12.3,157.0,37.0,32.4,16.9,142.0,17.6,21.4,62.4,8.8,52.8,48.1,43.5,35.7,15.4,7.7,20.2,12.4,4.5
2017-05-26 14:03:00+02:00,7.6,15.9,4.5,23.6,132.5,88.7,72.3,12.7,4.3,39.2,28.1,92.7,8.8,28.9,13.0,23.9,4.5,24.7,80.0,128.2,64.5,9.1,84.2,11.8,151.2,35.7,31.1,16.3,136.8,17.1,20.7,60.0,8.3,51.0,46.4,42.0,34.4,14.9,7.4,19.5,12.0,4.3
2017-05-26 14:04:00+02:00,7.6,15.7,4.5,23.3,131.9,88.2,71.8,12.7,4.3,39.1,28.0,92.2,8.8,28.8,13.0,23.8,4.5,24.6,79.5,127.6,64.1,9.0,83.7,11.8,150.6,35.6,30.8,16.2,136.2,17.0,20.6,59.6,8.4,50.9,46.3,41.8,34.2,14.8,7.4,19.4,11.9,4.3
2017-05-26 14:05:00+02:00,6.3,13.5,3.8,20.0,111.2,74.7,61.0,10.8,3.7,32.4,23.4,78.1,7.5,24.4,11.0,19.8,3.8,20.8,67.4,107.7,54.5,7.7,71.0,9.8,126.7,29.7,26.3,13.6,114.9,14.5,17.3,50.7,7.3,42.7,38.9,35.0,28.7,12.4,6.2,16.3,10.0,3.7
2017-05-26 14:06:00+02:00,6.1,13.2,3.8,19.4,108.3,72.7,59.2,10.4,3.6,31.7,22.9,76.0,7.1,23.6,10.8,19.3,3.6,20.1,65.4,104.8,52.9,7.5,68.9,9.6,123.6,29.0,25.6,13.2,112.0,13.9,16.9,49.1,7.1,41.7,37.9,34.1,27.9,12.1,6.0,15.8,9.7,3.6
2017-05-26 14:07:00+02:00,6.4,12.9,3.9,19.3,110.9,73.6,59.8,10.4,3.7,32.9,23.7,77.3,7.1,24.0,11.2,20.1,3.4,20.5,66.1,107.2,53.4,7.8,69.8,10.0,126.8,30.0,25.5,13.8,114.7,14.1,17.5,49.4,6.6,43.0,39.1,35.2,28.7,12.4,6.2,16.3,10.0,3.7
2017-05-26 14:08:00+02:00,7.4,13.6,4.4,21.0,126.6,83.6,67.7,12.3,4.1,38.3,27.3,87.9,8.5,27.8,12.8,23.3,4.3,23.8,75.0,122.3,60.4,8.8,79.2,11.6,145.1,34.6,28.1,15.9,130.9,16.5,20.1,55.9,6.5,49.4,44.8,40.4,33.0,14.2,7.1,18.8,11.6,4.3
2017-05-26 14:09:00+02:00,7.3,13.5,4.3,20.8,125.2,82.8,67.1,12.3,4.1,37.8,27.0,87.0,8.5,27.6,12.6,23.0,4.3,23.7,74.4,121.0,59.9,8.7,78.5,11.5,143.3,34.1,27.8,15.8,129.4,16.4,19.8,55.4,6.4,48.6,44.1,39.7,32.5,14.0,7.0,18.5,11.4,4.2
2017-05-26 14:10:00+02:00,7.2,13.8,4.3,21.1,124.5,82.6,67.0,12.2,4.1,37.2,26.7,86.7,8.4,27.4,12.4,22.7,4.3,23.5,74.2,120.3,59.8,8.6,78.2,11.3,142.4,33.7,28.0,15.5,128.7,16.3,19.6,55.4,6.8,48.2,43.7,39.4,32.3,13.9,7.0,18.3,11.3,4.2
2017-05-26 14:11:00+02:00,7.1,14.8,4.3,22.0,125.0,83.3,67.8,12.2,4.0,37.0,26.6,87.4,8.4,27.3,12.5,22.7,4.3,23.3,74.9,120.9,60.6,8.6,78.9,11.3,142.8,33.6,28.9,15.5,129.3,16.2,19.6,56.2,7.9,47.9,43.5,39.1,32.1,13.8,6.9,18.2,11.3,4.1
2017-05-26 14:12:00+02:00,7.1,14.4,4.3,21.6,124.4,82.6,67.2,12.2,4.0,36.9,26.6,86.8,8.4,27.3,12.5,22.6,4.3,23.4,74.3,120.3,60.0,8.7,78.3,11.3,142.1,33.7,28.4,15.5,128.7,16.2,19.6,55.6,7.5,47.6,43.2,38.8,31.8,13.8,6.9,17.9,11.3,4.1
2017-05-26 14:13:00+02:00,7.1,13.4,4.3,20.6,122.9,81.4,66.0,12.1,4.0,36.8,26.5,85.5,8.4,27.2,12.5,22.5,4.3,23.3,73.1,118.9,58.9,8.7,77.1,11.2,140.5,33.5,27.3,15.4,127.1,16.2,19.5,54.5,6.5,47.6,43.2,38.9,31.9,13.7,6.9,18.1,11.2,4.1
2017-05-26 14:14:00+02:00,7.1,14.6,4.3,21.7,123.8,82.1,66.8,12.0,4.0,36.6,26.6,86.2,8.3,26.9,12.7,22.4,4.2,23.1,73.9,119.7,59.7,8.7,77.9,11.1,141.3,33.6,28.4,15.3,128.0,16.1,19.8,55.4,7.7,47.4,43.0,38.6,31.7,13.7,6.8,18.0,11.1,4.1
2017-05-26 14:15:00+02:00,7.1,14.3,4.3,21.2,124.4,82.4,66.9,12.1,4.1,37.0,26.9,86.5,8.3,27.2,12.8,22.6,4.3,23.3,74.1,120.3,59.8,8.7,78.1,11.3,142.0,33.9,28.2,15.5,128.6,16.2,19.9,55.4,7.3,47.9,43.5,39.1,32.0,13.8,6.9,18.2,11.2,4.1
2017-05-26 14:16:00+02:00,7.1,14.0,4.3,21.3,124.3,82.2,66.8,12.1,4.1,37.1,26.9,86.4,8.3,27.1,12.8,22.7,4.3,23.3,73.9,120.2,59.7,8.7,78.0,11.3,141.8,33.9,28.1,15.6,128.5,16.2,19.9,55.3,7.0,47.9,43.5,39.1,31.9,13.8,6.9,18.2,11.2,4.1
2017-05-26 14:17:00+02:00,6.9,13.9,4.3,21.1,123.7,81.9,66.5,12.1,4.1,36.8,26.8,86.0,8.3,27.0,12.8,22.7,4.3,23.2,73.6,119.7,59.4,8.7,77.6,11.3,141.2,33.8,28.0,15.6,128.0,16.1,19.8,55.0,7.0,47.6,43.2,38.8,31.7,13.7,6.8,18.0,11.2,4.1
2017-05-26 14:18:00+02:00,6.8,13.5,4.2,20.5,120.5,79.8,64.8,11.8,4.0,35.8,26.1,83.8,8.1,26.4,12.5,22.1,4.2,22.6,71.7,116.6,57.9,8.5,75.6,11.0,137.6,32.9,27.2,15.2,124.7,15.7,19.3,53.6,6.8,46.4,42.0,37.8,30.9,13.3,6.7,17.6,10.9,4.0
2017-05-26 14:19:00+02:00,7.0,13.7,4.3,20.9,122.8,81.2,66.0,12.0,4.0,36.7,26.6,85.4,8.2,26.9,12.7,22.6,4.2,23.1,73.0,118.8,59.0,8.6,77.0,11.3,140.2,33.5,27.7,15.6,127.0,16.0,19.7,54.6,6.9,47.1,42.7,38.4,31.4,13.5,6.8,17.9,11.0,4.1
2017-05-26 14:20:00+02:00,7.1,13.8,4.3,21.0,123.5,81.7,66.4,12.1,4.0,36.8,26.7,85.9,8.3,27.1,12.7,22.7,4.3,23.3,73.4,119.4,59.4,8.6,77.4,11.4,141.0,33.7,27.8,15.7,127.7,16.1,19.8,55.0,7.0,47.4,43.0,38.6,31.6,13.6,6.8,18.0,11.1,4.1
2017-05-26 14:21:00+02:00,7.1,13.7,4.3,20.9,123.0,81.5,66.2,12.1,4.0,36.7,26.5,85.6,8.3,27.1,12.7,22.7,4.3,23.2,73.2,119.0,59.2,8.6,77.2,11.4,140.4,33.5,27.8,15.6,127.2,16.1,19.7,54.8,6.9,47.1,42.7,38.4,31.4,13.6,6.8,17.9,11.0,4.1
2017-05-26 14:22:00+02:00,7.1,13.8,4.3,21.0,123.3,81.6,66.4,12.0,4.0,36.9,26.6,85.7,8.3,27.1,12.7,22.7,4.3,23.3,73.3,119.2,59.4,8.6,77.3,11.4,140.6,33.6,27.8,15.7,127.5,16.0,19.7,55.0,6.9,47.4,43.0,38.6,31.6,13.6,6.8,18.0,11.1,4.1
2017-05-26 14:23:00+02:00,7.2,14.0,4.3,21.4,125.6,83.1,67.6,12.2,4.1,37.5,27.1,87.3,8.4,27.5,12.9,23.2,4.3,23.6,74.7,121.4,60.3,8.8,78.7,11.6,143.3,34.2,28.4,15.9,129.8,16.2,20.1,55.9,7.1,48.1,43.6,39.3,32.1,13.8,6.9,18.3,11.3,4.2
2017-05-26 14:24:00+02:00,7.3,14.2,4.4,21.6,127.1,84.1,68.3,12.3,4.2,37.9,27.4,88.4,8.4,27.8,13.1,23.4,4.3,23.9,75.6,122.9,61.0,8.8,79.7,11.8,145.0,34.7,28.7,16.1,131.4,16.4,20.3,56.5,7.2,48.6,44.1,39.7,32.5,13.9,6.9,18.5,11.4,4.2
2017-05-26 14:25:00+02:00,7.4,14.3,4.4,21.8,127.8,84.6,68.6,12.4,4.2,38.0,27.6,88.8,8.5,27.9,13.1,23.6,4.4,24.1,76.0,123.6,61.3,8.9,80.2,11.8,145.8,34.9,28.8,16.2,132.1,16.5,20.4,56.8,7.2,49.1,44.5,40.1,32.8,14.1,7.1,18.7,11.5,4.2
2017-05-26 14:26:00+02:00,7.4,14.4,4.4,22.0,128.7,85.2,69.1,12.4,4.2,38.4,27.8,89.4,8.6,28.1,13.2,23.7,4.4,24.2,76.5,124.5,61.7,8.9,80.7,11.9,146.8,35.2,29.0,16.3,133.0,16.6,20.6,57.1,7.2,49.5,44.9,40.5,33.1,14.2,7.1,18.8,11.6,4.2
2017-05-26 14:27:00+02:00,7.5,14.6,4.5,22.2,130.1,86.1,69.9,12.5,4.3,38.9,28.1,90.4,8.6,28.4,13.3,24.1,4.4,24.4,77.4,125.8,62.4,9.0,81.7,12.1,148.4,35.5,29.4,16.5,134.4,16.8,20.7,57.8,7.3,50.0,45.4,40.9,33.5,14.4,7.2,19.1,11.7,4.3
2017-05-26 14:28:00+02:00,7.6,14.7,4.5,21.6,130.0,85.9,69.6,12.6,4.3,39.1,28.2,90.2,8.7,28.5,13.3,24.2,4.5,24.5,77.1,125.7,62.0,9.1,81.4,12.2,148.3,35.6,28.9,16.7,134.4,16.9,20.8,57.4,7.4,50.3,45.7,41.2,33.7,14.5,7.2,19.2,11.8,4.3
2017-05-26 14:29:00+02:00,7.5,14.5,4.4,21.1,128.6,84.7,68.6,12.5,4.3,38.6,28.1,89.0,8.7,28.2,13.5,23.9,4.5,24.3,76.0,124.4,61.1,9.0,80.2,12.0,146.7,35.5,28.3,16.5,132.9,16.7,20.9,56.5,7.3,49.7,45.1,40.6,33.2,14.3,7.1,18.9,11.7,4.3
2017-05-26 14:30:00+02:00,5.3,10.7,3.3,16.1,94.2,62.3,50.7,9.2,3.2,27.5,20.6,65.4,6.4,20.7,10.0,17.1,3.3,17.8,56.1,91.1,45.3,6.7,59.1,8.6,107.0,25.9,21.1,11.9,97.2,12.3,15.3,41.8,5.3,36.3,33.0,29.7,24.3,10.5,5.2,13.8,8.5,3.1
2017-05-26 14:31:00+02:00,2.4,4.6,1.5,7.3,42.3,27.8,22.5,3.7,1.5,11.8,9.5,29.1,2.5,9.1,4.5,7.3,1.3,7.7,25.1,41.0,19.8,3.0,26.4,3.7,47.7,12.0,9.2,5.0,43.5,5.1,7.1,18.3,2.0,17.0,15.6,14.1,11.6,5.1,2.5,6.5,4.0,1.4
2017-05-26 14:32:00+02:00,4.5,8.3,2.7,12.7,76.7,50.3,40.7,7.0,2.5,22.5,17.0,52.8,4.9,16.3,8.2,14.0,2.5,13.9,45.1,74.2,36.2,5.5,47.6,6.9,87.9,21.4,17.1,9.6,79.3,9.5,12.7,33.4,3.9,30.4,27.6,24.8,20.3,8.8,4.4,11.5,7.1,2.6
2017-05-26 14:33:00+02:00,7.2,13.3,4.2,20.2,121.0,79.4,64.3,11.3,3.9,36.4,26.6,83.5,7.9,25.9,12.8,22.5,4.0,22.2,71.2,116.9,57.4,8.5,75.2,11.2,138.7,33.5,27.1,15.5,125.2,15.2,19.7,53.0,6.7,47.0,42.6,38.2,31.2,13.5,6.7,17.7,11.0,4.0
2017-05-26 14:34:00+02:00,3.3,5.9,2.0,9.1,56.2,36.9,29.8,4.9,1.9,16.4,12.5,38.6,3.5,11.9,6.0,10.1,1.8,10.2,33.1,54.4,26.5,4.1,34.9,5.0,64.3,15.8,12.5,6.9,58.1,6.8,9.3,24.4,2.6,22.5,20.4,18.4,15.1,6.6,3.3,8.5,5.2,1.9
2017-05-26 14:35:00+02:00,5.0,9.2,3.0,14.0,84.3,54.6,43.9,7.8,2.7,25.5,18.9,57.5,5.5,18.1,9.2,15.7,2.9,15.4,48.8,81.4,39.0,6.1,51.6,7.8,96.9,23.9,17.8,10.8,87.2,10.4,14.1,35.8,4.3,33.8,30.6,27.5,22.5,9.8,4.9,12.7,7.8,2.9
2017-05-26 14:36:00+02:00,7.2,13.4,4.2,20.3,120.9,78.8,63.5,11.4,3.9,36.7,26.8,82.9,8.0,26.2,12.9,22.6,4.1,22.4,70.5,116.7,56.5,8.6,74.5,11.3,138.7,33.9,26.0,15.4,125.1,15.2,19.9,52.1,6.6,47.1,42.6,38.2,31.2,13.6,6.8,17.6,10.7,3.7
2017-05-26 14:37:00+02:00,7.2,13.6,4.3,20.6,122.3,79.8,64.4,11.6,3.9,36.8,27.1,84.0,8.2,26.5,13.1,22.6,4.3,22.7,71.5,118.1,57.3,8.7,75.5,11.2,140.2,34.2,26.4,15.4,126.5,15.5,20.1,52.9,6.8,47.2,42.8,38.4,31.3,13.7,6.9,17.6,10.7,3.7
2017-05-26 14:38:00+02:00,7.2,13.5,4.3,20.6,124.4,81.6,66.0,11.8,4.0,37.1,27.4,85.8,8.3,26.9,13.1,22.8,4.3,23.1,73.2,120.3,58.8,8.7,77.3,11.3,142.5,34.5,27.4,15.5,128.6,15.7,20.3,54.3,6.6,47.8,43.3,38.8,31.6,13.8,7.0,17.8,10.8,3.7
2017-05-26 14:39:00+02:00,7.3,14.0,4.3,21.2,126.4,83.2,67.5,11.9,4.0,37.4,27.5,87.4,8.4,27.2,13.2,23.0,4.3,23.3,74.8,122.1,60.2,8.8,78.9,11.4,144.5,34.8,28.5,15.6,130.6,15.9,20.4,55.7,7.0,48.1,43.6,39.1,31.9,13.9,7.0,18.0,10.9,3.7
2017-05-26 14:40:00+02:00,7.3,14.5,4.3,21.8,127.1,83.8,68.0,12.0,4.0,37.5,27.7,88.0,8.5,27.4,13.3,23.0,4.4,23.5,75.4,122.8,60.7,8.8,79.4,11.4,145.3,34.9,28.8,15.6,131.5,16.0,20.5,56.2,7.5,48.2,43.7,39.2,32.0,13.9,7.0,18.0,11.0,3.7
2017-05-26 14:41:00+02:00,7.3,15.1,4.4,22.5,127.9,84.3,68.5,12.1,4.1,37.8,27.8,88.5,8.5,27.6,13.3,23.3,4.4,23.7,75.9,123.6,61.1,8.8,79.9,11.4,145.2,35.1,28.9,15.8,132.3,16.1,20.6,56.5,8.0,48.5,44.0,39.5,32.2,14.0,7.0,18.2,11.1,3.8
2017-05-26 14:42:00+02:00,7.4,15.3,4.4,22.9,129.7,85.6,69.5,12.2,4.1,38.4,28.2,89.8,8.6,28.0,13.4,23.6,4.5,24.0,77.0,125.3,62.0,8.9,81.1,11.6,147.6,35.6,29.4,16.1,134.1,16.3,20.8,57.4,8.1,49.3,44.7,40.2,32.7,14.2,7.1,18.5,11.3,3.8
2017-05-26 14:43:00+02:00,7.5,15.5,4.4,23.2,130.9,86.4,70.2,12.3,4.2,38.8,28.4,90.7,8.7,28.2,13.5,23.8,4.5,24.2,77.8,126.5,62.6,8.9,81.9,11.7,149.8,35.9,29.8,16.2,135.3,16.4,21.0,58.0,8.2,49.9,45.3,40.7,33.2,14.5,7.3,18.7,11.4,3.9
2017-05-26 14:44:00+02:00,7.8,16.0,4.5,23.9,134.3,88.6,72.0,12.6,4.3,40.0,29.2,92.9,8.7,28.9,13.7,24.4,4.6,24.8,79.8,129.8,64.1,9.1,84.0,12.1,153.7,37.0,30.5,16.6,138.7,16.9,21.5,59.5,8.4,51.4,46.7,42.1,34.3,15.0,7.5,19.3,11.7,4.0
2017-05-26 14:45:00+02:00,7.3,15.3,4.3,22.5,126.1,83.0,67.2,12.0,4.1,37.5,27.6,87.1,8.2,27.4,13.1,23.0,4.4,23.5,74.6,121.9,59.8,8.6,78.7,11.3,144.3,35.0,28.0,15.6,130.3,16.0,20.4,55.4,8.1,48.6,44.2,39.8,32.5,14.2,7.1,18.3,11.1,3.7
2017-05-26 14:46:00+02:00,5.7,12.5,3.4,17.7,99.9,65.5,52.9,9.5,3.3,29.6,22.2,68.7,6.5,21.9,10.4,18.1,3.5,18.8,58.8,96.6,46.9,6.9,62.1,8.9,113.9,28.1,21.4,12.3,103.1,12.7,16.3,43.3,6.5,39.1,35.6,32.1,26.2,11.6,5.8,14.6,8.8,2.9
2017-05-26 14:47:00+02:00,5.3,11.7,3.2,16.4,93.8,61.3,49.6,8.8,3.0,28.0,20.9,64.3,6.0,20.4,9.7,17.1,3.2,17.5,55.2,90.7,43.9,6.4,58.2,8.4,106.6,26.5,20.2,11.6,96.8,11.8,15.3,40.6,6.1,37.0,33.7,30.5,24.8,11.1,5.5,13.8,8.2,2.7
2017-05-26 14:48:00+02:00,7.7,15.8,4.4,21.8,129.7,84.7,68.4,12.3,4.2,39.8,28.8,89.0,8.4,28.0,13.5,24.4,4.4,24.1,76.0,125.4,60.7,9.0,80.3,12.1,148.7,36.5,28.1,16.6,134.1,16.4,21.1,56.2,8.3,50.6,46.0,41.4,33.7,14.8,7.4,18.9,11.4,3.9
2017-05-26 14:49:00+02:00,5.5,11.4,3.2,15.0,95.0,62.4,50.5,9.2,3.1,28.6,21.1,65.3,6.3,20.9,9.8,17.4,3.3,18.0,56.1,92.0,44.8,6.5,59.2,8.6,109.1,26.8,20.5,11.9,98.1,12.2,15.5,41.4,5.7,37.3,33.9,30.6,25.0,11.1,5.5,13.9,8.3,2.7
2017-05-26 14:50:00+02:00,5.3,10.2,3.1,13.6,89.9,58.7,47.4,8.7,2.9,27.5,20.2,61.6,6.0,19.9,9.3,16.8,3.1,17.1,52.7,87.1,41.9,6.2,55.7,8.4,103.5,25.6,18.9,11.4,92.9,11.6,14.8,38.7,4.8,35.8,32.6,29.4,23.9,10.7,5.3,13.3,7.9,2.6
2017-05-26 14:51:00+02:00,4.4,8.3,2.5,10.8,73.0,47.4,38.6,7.0,2.4,22.5,16.6,49.7,4.8,16.3,7.5,13.7,2.5,14.0,43.0,70.7,34.0,5.0,44.9,6.8,84.2,21.1,15.2,9.2,75.4,9.3,12.1,31.5,3.7,29.8,27.2,24.7,20.1,9.0,4.5,11.1,6.6,2.2
2017-05-26 14:52:00+02:00,7.6,14.3,4.4,20.1,126.6,82.3,67.1,12.2,4.1,38.5,28.3,86.5,8.5,27.8,13.3,23.3,4.4,23.9,74.7,122.3,59.6,8.9,77.9,11.2,145.7,35.8,27.4,15.7,130.9,16.3,20.8,55.1,7.1,49.9,45.3,40.7,33.2,14.5,7.3,18.7,11.3,4.0
2017-05-26 14:53:00+02:00,7.7,14.7,4.5,20.7,129.9,84.6,68.9,12.6,4.1,39.4,28.9,88.9,8.8,28.6,13.7,23.9,4.5,24.6,76.6,125.5,61.2,9.1,80.0,11.5,149.3,36.6,28.0,16.1,134.4,16.8,21.3,56.6,7.3,51.0,46.3,41.6,34.0,14.8,7.4,19.2,11.7,4.1
2017-05-26 14:54:00+02:00,7.7,14.6,4.4,20.6,128.6,83.8,68.2,12.4,4.1,39.4,28.6,88.1,8.6,28.2,13.6,24.4,4.3,24.3,75.9,124.2,60.7,9.0,79.3,12.2,146.7,36.2,27.9,16.7,133.0,16.5,21.1,56.1,7.3,50.4,45.7,41.1,33.5,14.6,7.3,19.0,11.6,4.1
2017-05-26 14:55:00+02:00,7.6,14.4,4.4,21.1,127.2,82.9,67.6,11.6,4.1,38.1,28.3,87.2,7.8,27.3,13.5,23.5,3.6,23.4,75.2,122.9,60.2,9.0,78.5,11.4,145.0,35.7,28.3,15.9,131.6,15.7,20.9,55.6,7.1,49.7,45.1,40.5,33.0,14.4,7.2,18.7,11.4,4.0
2017-05-26 14:56:00+02:00,7.7,14.5,4.4,21.5,128.7,84.3,68.7,12.3,4.1,39.0,28.4,88.6,8.5,28.0,13.5,24.1,4.2,24.1,76.3,124.3,61.3,9.0,79.9,12.1,147.2,35.8,28.8,16.6,133.0,16.4,21.0,56.7,7.2,49.7,45.0,40.4,33.0,14.4,7.2,18.6,11.4,4.0
2017-05-26 14:57:00+02:00,7.8,14.7,4.4,22.1,131.1,86.2,70.3,12.7,4.1,39.6,28.8,90.5,8.9,28.7,13.7,24.4,4.5,24.7,77.9,126.7,62.7,9.1,81.7,12.2,150.0,36.3,29.5,16.8,135.5,16.9,21.2,58.1,7.3,50.3,45.6,41.0,33.5,14.6,7.3,18.8,11.7,4.1
2017-05-26 14:58:00+02:00,7.9,14.5,4.5,22.0,132.2,87.0,70.7,12.8,4.2,40.0,29.0,91.3,8.9,28.9,13.8,24.7,4.6,24.9,78.5,127.8,63.1,9.2,82.5,12.4,151.3,36.6,29.5,16.9,136.6,17.0,21.4,58.4,7.1,50.7,46.0,41.4,33.7,14.8,7.4,18.9,11.8,4.1
2017-05-26 14:59:00+02:00,7.2,12.1,4.1,18.9,119.8,78.3,63.6,11.7,3.8,36.6,26.8,82.2,8.3,26.5,12.7,22.6,4.3,22.8,70.6,115.8,56.5,8.5,74.1,11.3,137.1,33.8,25.8,15.5,123.8,15.6,19.8,52.2,5.5,46.4,42.0,37.8,31.1,13.7,6.9,17.4,10.8,3.8
2017-05-26 15:00:00+02:00,2.8,4.7,1.6,7.4,46.4,30.5,25.0,4.1,1.5,13.4,10.5,31.9,2.9,10.2,4.7,8.2,1.5,8.7,27.9,45.1,21.9,3.2,29.0,4.1,52.6,13.4,10.2,5.5,47.7,5.6,7.7,20.3,2.0,18.3,16.8,15.4,12.9,5.8,2.9,7.1,4.4,1.4
2017-05-26 15:01:00+02:00,2.5,4.7,1.4,7.2,41.2,27.0,22.2,3.5,1.3,12.0,9.3,28.3,2.4,8.8,4.1,7.3,1.3,7.5,24.8,40.1,19.5,2.8,25.7,3.7,46.8,11.9,9.3,4.8,42.4,4.8,6.7,18.2,2.0,16.6,15.4,14.1,11.5,5.2,2.6,6.3,3.9,1.2
2017-05-26 15:02:00+02:00,2.4,4.8,1.4,7.3,41.9,27.2,22.3,3.5,1.3,12.7,9.5,28.5,2.4,8.9,4.1,7.6,1.3,7.6,24.9,40.7,19.5,2.8,25.8,3.8,47.7,12.3,9.3,5.0,43.1,4.8,6.9,18.2,2.0,17.1,15.8,14.5,11.8,5.4,2.7,6.4,3.9,1.2
2017-05-26 15:03:00+02:00,2.7,5.1,1.5,7.9,44.8,28.9,23.5,3.8,1.4,14.0,10.3,30.3,2.6,9.6,4.5,8.4,1.4,8.2,26.4,43.5,20.6,3.1,27.4,4.2,51.6,13.3,9.5,5.6,46.2,5.3,7.4,19.2,2.2,18.6,17.1,15.6,12.7,5.8,2.9,6.9,4.2,1.3
2017-05-26 15:04:00+02:00,3.5,6.8,2.0,10.3,59.6,38.5,31.4,5.3,1.9,18.5,13.5,40.4,3.7,12.7,6.1,11.3,1.9,10.9,35.0,57.7,27.6,4.1,36.5,5.6,68.2,17.3,12.9,7.6,61.5,7.2,9.8,25.7,3.1,24.4,22.3,20.2,16.5,7.4,3.7,9.0,5.5,1.7
2017-05-26 15:05:00+02:00,3.9,7.6,2.3,11.4,66.1,42.7,34.7,5.5,2.1,20.6,15.0,44.8,3.7,13.6,6.9,12.6,2.2,11.6,38.7,63.9,30.6,4.6,40.4,6.2,75.6,19.1,14.7,8.5,68.3,7.6,11.0,28.4,3.5,26.8,24.5,22.1,18.1,8.1,4.1,10.0,6.1,2.0
2017-05-26 15:06:00+02:00,4.0,7.8,2.3,11.7,68.2,44.0,35.8,5.8,2.1,21.2,15.5,46.3,4.0,14.1,7.1,13.0,2.3,12.1,39.9,66.0,31.6,4.8,41.7,6.5,78.1,19.7,15.1,8.8,70.5,8.0,11.3,29.2,3.6,27.8,25.3,22.8,18.7,8.3,4.2,10.4,6.4,2.2
2017-05-26 15:07:00+02:00,4.4,8.5,2.5,12.7,74.2,48.0,39.0,6.6,2.3,22.9,16.8,50.4,4.6,15.5,7.8,14.1,2.5,13.3,43.4,71.7,34.5,5.2,45.4,7.0,84.9,21.3,16.4,9.7,76.7,8.9,12.3,31.9,4.0,30.0,27.3,24.6,20.1,9.0,4.5,11.2,6.9,2.4
2017-05-26 15:08:00+02:00,4.2,8.2,2.5,12.3,71.8,46.4,37.7,6.4,2.3,22.2,16.3,48.8,4.5,15.0,7.6,13.7,2.4,12.9,42.0,69.4,33.4,5.1,43.9,6.8,82.6,20.6,15.8,9.4,74.3,8.6,12.0,30.8,3.9,29.0,26.3,23.7,19.4,8.6,4.3,10.7,6.6,2.3
2017-05-26 15:09:00+02:00,2.3,4.2,1.2,6.4,36.7,23.5,19.2,2.9,1.2,11.6,8.5,24.7,2.0,7.6,3.7,7.0,1.1,6.4,21.5,35.6,16.8,2.5,22.3,3.6,42.3,10.9,8.0,4.7,37.9,4.1,6.1,15.6,1.8,15.5,14.3,13.0,10.6,4.8,2.3,5.9,3.6,1.1
2017-05-26 15:10:00+02:00,2.3,4.2,1.2,6.4,36.6,23.5,19.2,2.8,1.2,11.7,8.4,24.7,1.9,7.6,3.6,7.1,1.0,6.4,21.5,35.5,16.8,2.4,22.3,3.6,42.2,10.9,8.0,4.7,37.8,4.0,6.0,15.6,1.8,15.6,14.4,13.2,10.8,4.9,2.4,5.9,3.6,1.1
2017-05-26 15:11:00+02:00,2.5,4.5,1.3,6.8,39.2,25.2,20.5,3.0,1.3,12.6,9.0,26.4,2.1,8.0,3.8,7.6,1.1,6.8,23.0,38.1,17.9,2.6,23.9,3.9,45.4,11.6,8.6,5.1,40.5,4.3,6.4,16.6,1.9,16.7,15.4,14.1,11.6,5.2,2.6,6.3,3.8,1.2
2017-05-26 15:12:00+02:00,2.5,4.6,1.3,6.9,39.7,25.5,20.7,3.1,1.3,12.7,9.1,26.8,2.1,8.1,3.9,7.7,1.2,6.9,23.2,38.5,18.1,2.7,24.2,3.9,45.7,11.8,8.7,5.2,41.0,4.4,6.5,16.8,1.9,16.9,15.6,14.3,11.7,5.2,2.6,6.5,3.9,1.2
2017-05-26 15:13:00+02:00,2.4,4.3,1.3,6.5,38.0,24.3,19.6,3.0,1.3,12.2,8.8,25.5,2.1,7.7,3.9,7.4,1.1,6.6,22.0,36.9,17.1,2.7,23.0,3.8,44.0,11.4,8.1,5.0,39.3,4.2,6.4,15.9,1.8,16.3,15.0,13.7,11.2,5.0,2.5,6.2,3.7,1.2
2017-05-26 15:14:00+02:00,2.3,4.0,1.3,6.0,35.9,22.8,18.4,2.7,1.2,11.5,8.4,24.0,1.8,7.3,3.7,7.0,1.1,6.2,20.8,34.8,16.0,2.5,21.6,3.6,41.5,10.8,7.6,4.8,37.1,3.9,6.1,14.9,1.7,15.5,14.3,13.1,10.7,4.8,2.4,5.9,3.5,1.1
2017-05-26 15:15:00+02:00,2.2,4.0,1.2,6.0,34.6,22.2,18.0,2.6,1.1,10.5,8.0,23.3,1.7,7.0,3.5,6.2,1.0,5.9,20.2,33.6,15.7,2.4,21.1,3.4,40.0,10.3,7.8,4.1,35.7,3.7,5.7,14.7,1.7,14.7,13.6,12.4,10.2,4.6,2.3,5.6,3.4,1.1
2017-05-26 15:16:00+02:00,2.2,4.1,1.2,6.1,34.7,22.4,18.2,2.7,1.1,10.7,7.9,23.5,1.8,6.8,3.5,6.4,1.0,5.9,20.4,33.7,16.0,2.4,21.2,3.3,39.1,10.2,8.3,4.3,35.8,3.8,5.7,15.0,1.9,14.6,13.4,12.2,10.0,4.5,2.2,5.5,3.3,1.0
2017-05-26 15:17:00+02:00,2.3,4.1,1.3,6.2,33.5,20.6,16.3,2.9,1.1,11.4,8.3,21.8,1.9,6.9,3.7,6.7,1.1,6.2,18.5,32.5,14.0,2.5,19.4,3.3,38.6,10.7,6.0,4.4,34.7,4.0,6.0,12.9,1.8,15.2,14.0,12.7,10.4,4.7,2.3,5.8,3.5,1.1
2017-05-26 15:18:00+02:00,3.6,7.0,2.1,10.5,57.3,35.6,28.2,5.3,1.9,19.0,13.9,37.6,3.8,12.2,6.6,11.5,2.0,10.8,31.7,55.3,24.6,4.4,33.5,5.6,65.8,17.7,10.3,7.9,59.4,7.2,10.2,22.6,3.4,24.8,22.5,20.2,16.6,7.3,3.6,9.2,5.6,1.9
2017-05-26 15:19:00+02:00,3.0,5.8,1.7,8.7,45.8,28.2,22.2,4.2,1.5,14.5,11.3,29.8,2.9,9.8,5.2,9.2,1.6,8.7,25.1,44.2,19.3,3.5,26.5,4.6,52.7,14.4,8.0,6.2,47.5,5.7,8.2,17.7,2.8,20.5,18.7,16.9,13.8,6.1,3.0,7.6,4.6,1.5
2017-05-26 15:20:00+02:00,2.4,4.3,1.3,6.6,34.2,20.6,16.1,3.0,1.2,10.7,8.7,21.9,2.0,7.3,3.8,6.6,1.1,6.6,18.4,33.0,13.8,2.6,19.4,3.1,39.4,11.1,5.3,4.3,35.4,4.2,6.2,12.6,1.9,16.2,14.8,13.5,11.0,5.0,2.4,6.1,3.7,1.2
2017-05-26 15:21:00+02:00,2.4,4.5,1.3,6.8,34.8,21.0,16.4,2.9,1.2,10.9,8.8,22.3,1.9,7.3,3.9,6.7,1.0,6.5,18.8,33.6,14.1,2.7,19.8,3.2,40.1,11.3,5.6,4.3,36.0,4.1,6.3,12.9,2.1,16.4,15.0,13.7,11.2,5.0,2.5,6.2,3.7,1.2
2017-05-26 15:22:00+02:00,5.0,9.6,2.9,14.5,80.5,51.0,40.7,7.5,2.5,24.9,18.8,53.8,5.3,17.1,9.0,15.8,2.8,15.1,45.6,77.6,35.9,6.0,48.1,7.8,92.5,23.9,15.8,10.8,83.3,10.1,13.9,32.9,4.9,33.7,30.6,27.4,22.4,9.8,4.9,12.6,7.6,2.6
2017-05-26 15:23:00+02:00,7.1,13.1,4.2,20.1,117.0,75.0,59.9,11.3,3.6,36.5,26.9,79.0,8.0,25.3,13.0,22.8,4.2,22.2,67.0,112.8,53.0,8.6,70.7,11.2,134.1,33.8,23.4,15.6,121.3,15.0,19.9,48.6,6.5,47.1,42.5,37.9,30.9,13.4,6.7,17.5,10.8,3.9
2017-05-26 15:24:00+02:00,7.1,13.7,4.2,20.7,118.2,76.0,60.9,11.4,3.7,37.2,27.1,80.0,8.1,25.5,13.1,22.8,4.2,22.3,68.0,114.0,53.9,8.7,71.7,11.1,135.3,34.0,24.0,15.6,122.5,15.2,20.0,49.5,7.1,47.2,42.7,38.0,31.1,13.5,6.7,17.6,10.8,3.9
2017-05-26 15:25:00+02:00,7.3,14.2,4.2,21.4,121.3,78.2,62.8,11.7,3.8,38.3,27.6,82.3,8.3,26.2,13.3,23.5,4.3,22.9,70.1,116.9,55.7,8.8,73.9,11.6,138.9,34.7,25.0,16.1,125.5,15.6,20.4,51.2,7.4,48.2,43.6,38.9,31.7,13.8,6.8,18.0,11.0,3.9
2017-05-26 15:26:00+02:00,7.5,14.6,4.3,22.1,124.1,80.3,64.6,12.0,3.9,39.1,28.1,84.4,8.5,26.8,13.4,23.9,4.4,23.5,72.1,119.7,57.3,8.8,75.9,11.8,142.1,35.3,25.9,16.4,128.3,15.9,20.7,52.7,7.5,49.4,44.7,40.0,32.6,14.2,7.0,18.4,11.3,4.0
2017-05-26 15:27:00+02:00,7.6,15.2,4.4,22.1,125.8,81.5,65.6,12.3,4.0,39.8,28.3,85.7,8.6,27.4,13.3,24.3,4.4,23.9,73.2,121.4,58.1,8.7,77.1,12.0,144.0,35.7,26.1,16.6,130.1,16.2,20.8,53.5,7.8,50.4,45.6,40.9,33.4,14.6,7.2,18.8,11.5,4.1
2017-05-26 15:28:00+02:00,5.2,10.6,3.0,15.9,90.0,59.2,48.5,8.3,2.8,27.1,19.8,62.1,5.9,18.8,9.3,16.4,3.0,16.4,53.7,87.1,43.1,6.1,56.3,8.1,102.5,25.1,21.2,11.2,92.9,11.1,14.5,39.9,5.3,35.4,32.2,28.9,23.6,10.4,5.2,13.2,8.0,2.8
2017-05-26 15:29:00+02:00,3.3,6.9,1.8,10.3,56.5,37.4,30.8,4.9,1.8,16.6,12.3,39.1,3.4,11.6,5.4,9.6,1.8,10.2,34.2,54.7,27.3,3.6,35.7,4.8,64.0,15.7,13.9,6.5,58.0,6.7,8.9,25.5,3.3,22.5,20.7,18.8,15.4,6.9,3.4,8.5,5.1,1.7
2017-05-26 15:30:00+02:00,2.9,5.7,1.6,8.6,48.2,31.5,25.7,4.1,1.6,14.2,10.7,33.0,2.9,10.0,4.7,8.1,1.5,8.7,28.6,46.7,22.5,3.1,29.9,4.2,54.8,13.8,11.0,5.2,49.5,5.7,7.8,21.0,2.6,19.8,18.2,16.6,13.5,6.0,3.0,7.5,4.5,1.5
2017-05-26 15:31:00+02:00,2.7,5.0,1.5,7.7,45.3,29.4,23.9,3.8,1.5,13.5,10.2,30.8,2.7,9.4,4.5,7.7,1.4,8.1,26.7,43.8,21.0,3.0,27.9,3.9,51.8,13.1,10.1,5.0,46.5,5.3,7.4,19.5,2.1,18.7,17.2,15.7,12.8,5.7,2.8,7.1,4.3,1.4
2017-05-26 15:32:00+02:00,2.3,4.3,1.3,6.7,39.3,25.4,20.6,3.2,1.3,11.7,8.9,26.7,2.3,8.1,3.9,6.6,1.2,7.0,23.1,38.1,18.0,2.6,24.2,3.3,45.1,11.5,8.7,4.3,40.4,4.5,6.4,16.8,1.8,16.5,15.1,13.8,11.2,5.0,2.4,6.2,3.7,1.2
2017-05-26 15:33:00+02:00,2.0,3.7,1.2,5.8,35.2,22.6,18.3,2.8,1.2,10.6,8.1,23.7,2.0,7.2,3.5,5.9,1.1,6.2,20.5,34.1,15.9,2.3,21.4,3.0,40.4,10.4,7.6,3.8,36.2,4.0,5.8,14.8,1.4,15.0,13.7,12.6,10.2,4.6,2.2,5.6,3.4,1.1
2017-05-26 15:34:00+02:00,1.8,3.3,1.1,5.2,31.6,20.2,16.4,2.4,1.0,9.4,7.2,21.3,1.7,6.4,3.2,5.2,0.9,5.5,18.3,30.5,14.2,2.1,19.2,2.6,36.2,9.3,6.9,3.3,32.4,3.4,5.2,13.3,1.3,13.5,12.4,11.3,9.2,4.2,2.0,5.1,3.0,1.0
2017-05-26 15:35:00+02:00,1.7,3.2,1.0,4.9,29.7,19.0,15.4,2.2,1.0,8.4,6.8,20.0,1.6,5.9,3.0,4.5,0.9,5.1,17.3,28.7,13.5,2.0,18.1,2.0,34.1,8.8,6.6,2.7,30.5,3.2,5.0,12.5,1.2,12.7,11.6,10.6,8.7,3.9,1.9,4.8,2.8,0.9
2017-05-26 15:36:00+02:00,1.7,3.4,1.0,5.1,29.5,18.9,15.3,2.1,0.9,8.2,6.7,19.8,1.5,5.8,2.9,4.4,0.8,4.9,17.2,28.5,13.4,1.9,18.0,2.0,34.0,8.7,6.7,2.6,30.3,3.1,4.9,12.5,1.5,12.5,11.4,10.5,8.5,3.9,1.8,4.6,2.8,0.9
2017-05-26 15:37:00+02:00,1.7,3.5,1.1,5.2,30.0,19.1,15.6,2.2,1.0,8.9,7.0,20.0,1.5,5.9,3.0,5.0,0.9,5.1,17.3,29.0,13.5,2.0,18.1,2.5,34.7,9.0,6.7,3.1,30.9,3.1,5.0,12.6,1.5,12.8,11.7,10.7,8.7,3.9,1.9,4.8,2.8,0.9
2017-05-26 15:38:00+02:00,1.7,3.6,1.1,5.4,31.1,19.7,16.0,2.3,1.0,9.3,7.3,20.7,1.7,6.2,3.2,5.2,0.9,5.3,17.8,30.0,14.1,2.1,18.7,2.6,36.0,9.4,6.9,3.3,32.0,3.3,5.3,13.1,1.6,13.3,12.1,11.0,9.0,4.1,2.0,4.9,2.9,0.9
2017-05-26 15:39:00+02:00,1.8,3.6,1.1,5.5,31.2,19.8,16.1,2.4,1.0,9.2,7.4,20.7,1.7,6.3,3.3,5.0,0.9,5.4,17.9,30.2,14.1,2.2,18.8,2.4,36.2,9.5,6.9,3.0,32.2,3.4,5.3,13.1,1.6,13.5,12.3,11.2,9.1,4.1,2.0,5.0,3.0,1.0
2017-05-26 15:40:00+02:00,1.8,3.6,1.1,5.7,31.9,20.3,16.5,2.4,1.0,9.0,7.5,21.3,1.7,6.2,3.3,4.8,0.9,5.4,18.3,30.9,14.5,2.2,19.2,2.1,37.0,9.6,7.2,2.8,32.8,3.4,5.4,13.5,1.6,13.7,12.6,11.4,9.3,4.1,2.0,5.2,3.1,1.0
2017-05-26 15:41:00+02:00,2.0,4.0,1.2,6.1,34.2,21.8,17.7,2.6,1.1,10.2,7.9,22.9,1.8,6.8,3.4,5.6,1.0,5.8,19.7,33.1,15.7,2.3,20.7,2.7,39.5,10.2,7.8,3.5,35.2,3.7,5.7,14.6,1.8,14.7,13.4,12.2,10.0,4.4,2.1,5.5,3.3,1.0
2017-05-26 15:42:00+02:00,2.3,4.4,1.4,6.9,39.8,25.4,20.6,3.1,1.0,12.2,9.2,26.7,2.2,8.0,4.0,6.9,1.2,6.9,23.0,38.5,18.2,2.7,24.1,3.5,45.8,11.8,8.9,4.4,40.9,4.4,6.6,16.9,1.9,17.1,15.6,14.2,11.6,5.2,2.5,6.5,3.9,1.3
2017-05-26 15:43:00+02:00,6.2,11.9,3.7,18.3,107.5,69.7,56.6,9.9,2.8,33.3,24.2,73.2,7.1,22.4,11.6,20.3,3.7,19.5,62.7,103.7,50.5,7.7,66.0,10.0,123.4,30.5,24.1,13.8,111.2,13.1,17.8,46.5,5.9,42.9,38.6,34.4,28.1,12.3,6.1,15.8,9.6,3.4
2017-05-26 15:44:00+02:00,6.8,13.2,4.0,20.1,116.9,76.1,61.7,11.0,3.3,35.9,26.1,80.0,7.9,24.5,12.5,21.9,4.0,21.4,68.5,112.8,55.2,8.2,72.1,10.8,133.9,32.8,26.3,14.9,120.8,14.4,19.2,50.9,6.6,46.0,41.5,37.0,30.2,13.2,6.5,17.0,10.4,3.7
2017-05-26 15:45:00+02:00,4.6,9.2,2.7,13.7,79.0,51.3,42.0,7.3,2.4,24.2,17.8,53.8,5.1,16.5,8.3,14.5,2.7,14.4,46.5,76.4,37.4,5.4,48.6,7.1,90.7,22.6,18.0,9.8,81.5,9.6,13.0,34.5,4.5,30.7,27.6,24.6,19.8,9.4,4.6,10.4,7.2,2.4
2017-05-26 15:46:00+02:00,6.3,12.3,3.7,18.5,107.7,70.1,57.1,10.1,3.2,33.8,24.1,73.6,7.2,22.6,11.7,20.9,3.7,19.7,63.3,104.0,51.0,7.6,66.3,10.1,123.5,30.4,24.4,14.4,111.2,13.3,17.9,47.0,6.2,43.0,38.7,34.5,28.2,12.3,6.1,15.9,9.6,3.4
2017-05-26 15:47:00+02:00,6.9,13.3,4.0,20.0,116.4,76.0,61.8,11.1,3.5,36.7,25.9,79.8,7.9,24.6,12.6,22.8,4.1,21.5,68.6,112.4,55.3,8.3,71.9,11.2,133.4,32.6,26.3,15.8,120.3,14.5,19.2,50.9,6.8,46.0,41.4,36.8,30.1,13.1,6.4,17.0,10.4,3.7
2017-05-26 15:48:00+02:00,6.9,13.4,4.0,20.1,117.1,76.5,62.2,11.2,3.5,36.8,26.1,80.3,8.0,24.8,12.7,22.9,4.2,21.7,69.1,113.0,55.7,8.3,72.4,11.3,134.0,32.8,26.5,15.9,121.0,14.7,19.3,51.3,6.8,46.1,41.5,36.9,30.1,13.1,6.5,17.0,10.4,3.7
2017-05-26 15:49:00+02:00,6.8,13.3,4.0,20.0,115.9,75.8,61.7,11.2,3.5,36.2,25.8,79.6,8.0,24.6,12.6,22.5,4.2,21.6,68.4,111.9,55.2,8.2,71.7,11.1,132.4,32.4,26.3,15.6,119.7,14.6,19.2,50.9,6.8,45.4,40.9,36.4,29.7,13.0,6.4,16.8,10.2,3.6
2017-05-26 15:50:00+02:00,6.7,13.2,3.9,19.8,115.5,75.5,61.5,11.2,3.5,36.0,25.7,79.3,8.1,24.6,12.5,22.4,4.2,21.5,68.2,111.5,55.1,8.2,71.5,11.0,131.7,32.3,26.1,15.6,119.3,14.6,19.2,50.7,6.7,45.2,40.7,36.2,29.6,12.9,6.3,16.7,10.2,3.7
2017-05-26 15:51:00+02:00,6.7,13.2,3.9,19.9,115.4,75.4,61.6,11.2,3.5,35.1,25.8,79.2,8.0,24.6,12.5,21.5,4.2,21.6,68.1,111.4,55.2,8.2,71.4,11.0,131.6,32.3,26.2,14.7,119.3,14.6,19.1,50.8,6.8,45.0,40.5,35.9,29.3,12.9,6.4,16.4,9.8,3.3
2017-05-26 15:52:00+02:00,6.6,13.2,3.9,19.9,114.5,74.8,61.2,11.1,3.5,34.7,25.5,78.6,8.0,24.4,12.5,21.2,4.1,21.4,67.5,110.5,54.8,8.2,70.7,10.9,130.6,32.0,26.1,14.4,118.3,14.5,19.1,50.6,6.8,44.7,40.2,35.7,29.1,12.8,6.3,16.3,9.8,3.3
2017-05-26 15:53:00+02:00,6.5,12.9,3.9,19.5,112.2,73.3,59.9,10.9,3.4,34.8,25.0,77.0,7.9,24.0,12.4,21.5,4.0,21.1,66.1,108.3,53.6,8.1,69.3,10.7,127.9,31.3,25.6,14.9,116.0,14.3,18.8,49.6,6.6,44.2,39.8,35.2,28.8,12.6,6.2,16.2,9.9,3.5
2017-05-26 15:54:00+02:00,5.8,11.5,3.5,17.4,100.3,65.2,53.4,9.7,3.0,31.3,22.7,68.5,7.0,21.3,11.1,19.5,3.6,18.7,58.9,96.8,47.8,7.2,61.7,9.6,114.6,28.4,22.9,13.6,103.7,12.7,16.9,44.2,5.8,39.7,35.7,31.6,25.8,11.3,5.6,14.5,8.7,3.1
2017-05-26 15:55:00+02:00,4.7,9.3,2.7,13.9,80.0,52.0,42.8,7.6,2.4,24.5,18.2,54.5,5.5,16.9,8.7,15.1,2.8,14.9,47.0,77.3,38.1,5.7,49.2,7.6,91.6,22.9,18.5,10.4,82.6,10.0,13.4,35.4,4.6,32.1,29.0,25.8,21.0,9.2,4.5,11.8,7.1,2.4
2017-05-26 15:56:00+02:00,6.4,12.4,3.8,18.7,109.2,70.9,57.8,10.5,3.2,33.4,24.7,74.5,7.5,23.1,12.1,20.4,3.9,20.3,63.8,105.3,51.6,7.9,67.0,10.5,125.0,30.9,24.7,14.0,112.9,13.7,18.4,47.8,6.3,42.8,38.4,34.0,27.8,11.9,5.7,15.8,9.6,3.4
2017-05-26 15:57:00+02:00,6.4,12.4,3.7,18.7,109.1,70.9,57.8,10.5,3.2,33.2,24.6,74.5,7.5,23.0,12.1,20.3,3.9,20.2,63.8,105.2,51.8,7.9,67.0,10.5,124.9,30.8,24.7,13.9,112.8,13.7,18.3,47.7,6.3,43.0,38.7,34.3,28.1,12.3,6.1,15.8,9.6,3.4
2017-05-26 15:58:00+02:00,6.3,12.4,3.7,18.6,109.0,70.8,58.0,10.4,3.2,33.1,24.5,74.5,7.5,23.0,12.0,20.3,3.9,20.2,64.0,105.1,51.9,7.9,67.0,10.5,124.7,30.7,24.6,13.9,112.7,13.6,18.3,47.6,6.3,42.9,38.6,34.2,28.0,12.2,6.0,15.8,9.6,3.4
2017-05-26 15:59:00+02:00,6.3,11.4,3.7,17.6,106.5,69.0,56.3,10.2,3.1,33.0,24.2,72.5,7.4,22.5,11.9,20.4,3.9,19.8,62.2,102.7,50.3,7.8,65.2,10.3,122.0,30.3,23.5,14.1,110.2,13.3,18.0,46.0,5.4,42.3,38.0,33.7,27.5,12.0,5.9,15.5,9.4,3.4
2017-05-26 16:00:00+02:00,6.2,11.4,3.7,17.6,106.1,68.8,55.9,10.1,3.1,33.4,24.1,72.2,7.5,22.1,11.9,20.8,3.9,19.7,61.8,102.3,50.0,7.9,65.0,10.3,121.5,30.2,23.5,14.5,109.8,13.3,18.0,45.6,5.4,42.1,37.7,33.4,27.3,11.9,5.9,15.3,9.4,3.3
2017-05-26 16:01:00+02:00,6.2,12.3,3.7,18.4,105.7,68.8,56.0,10.0,3.1,32.3,23.9,72.1,7.4,21.6,11.8,19.9,3.9,19.5,61.8,101.9,50.1,7.8,65.1,9.8,120.9,29.9,24.3,13.6,109.4,13.1,17.8,45.9,6.3,41.5,37.2,33.0,26.9,11.8,5.8,15.1,9.3,3.3
2017-05-26 16:02:00+02:00,6.2,12.3,3.7,18.6,107.6,70.2,57.3,10.1,3.1,32.0,24.1,73.7,7.5,22.6,11.9,19.5,3.9,19.7,63.2,103.8,51.3,7.8,66.4,9.2,123.1,30.2,24.5,13.1,111.3,13.3,18.0,47.1,6.3,42.0,37.7,33.4,27.3,11.9,5.9,15.3,9.4,3.3
2017-05-26 16:03:00+02:00,6.3,12.5,3.7,18.7,108.2,70.6,57.7,10.1,3.1,32.2,24.2,74.1,7.4,22.7,11.9,19.6,3.9,19.8,63.6,104.4,51.6,7.8,66.9,9.2,123.8,30.4,24.7,13.2,111.9,13.3,18.1,47.4,6.4,42.3,38.0,33.7,27.5,12.1,5.9,15.4,9.4,3.3
2017-05-26 16:04:00+02:00,6.2,12.4,3.7,18.6,107.6,70.2,57.3,10.0,3.1,32.1,24.2,73.7,7.4,22.5,11.9,19.5,3.9,19.7,63.2,103.8,51.3,7.8,66.4,9.2,122.3,30.2,24.6,13.1,111.3,13.2,18.1,47.1,6.3,42.1,37.8,33.5,27.3,12.0,5.9,15.3,9.4,3.3
2017-05-26 16:05:00+02:00,6.2,11.8,3.7,18.1,107.1,69.6,56.7,10.1,3.1,32.1,24.2,73.1,7.4,22.6,12.0,19.5,3.9,19.7,62.6,103.3,50.7,7.9,65.8,9.2,122.0,30.3,24.1,13.1,110.9,13.2,18.1,46.7,5.7,42.2,37.9,33.6,27.4,12.0,5.9,15.4,9.4,3.3
2017-05-26 16:06:00+02:00,5.8,11.8,3.5,17.7,102.1,66.6,54.5,9.5,2.9,30.3,23.0,69.9,7.0,21.3,11.4,18.3,3.7,18.6,60.0,98.6,48.8,7.4,63.1,8.6,116.8,28.8,23.4,12.3,105.6,12.5,17.2,44.7,6.0,40.0,35.8,31.8,26.0,11.4,5.6,14.5,8.8,3.1
2017-05-26 16:07:00+02:00,5.0,10.1,3.0,15.2,87.9,57.3,46.7,8.0,2.5,25.8,19.8,60.1,6.0,18.1,9.8,15.5,3.1,15.9,51.7,84.9,41.7,6.4,54.3,7.2,100.6,24.9,20.1,10.4,90.9,10.6,14.8,38.2,5.0,34.6,31.0,27.5,22.5,9.9,4.9,12.6,7.6,2.6
2017-05-26 16:08:00+02:00,6.0,12.0,3.6,18.1,104.8,68.1,55.2,9.7,3.1,31.4,23.6,71.6,7.2,21.8,11.8,19.1,3.7,19.1,61.3,101.1,49.5,7.7,64.5,9.0,119.9,29.5,23.8,12.8,108.4,12.8,17.7,45.6,6.1,40.8,36.5,32.4,26.4,11.6,5.7,14.8,9.0,3.2
2017-05-26 16:09:00+02:00,6.1,12.0,3.6,18.1,104.5,67.9,55.0,9.7,3.1,31.4,23.6,71.4,7.2,21.7,11.8,19.1,3.7,19.0,61.1,100.8,49.3,7.7,64.2,9.0,119.6,29.5,23.8,12.9,108.1,12.7,17.7,45.5,6.1,40.7,36.4,32.2,26.3,11.5,5.7,14.8,9.0,3.1
2017-05-26 16:10:00+02:00,6.1,12.0,3.6,18.0,104.2,67.8,54.9,9.7,3.0,31.2,23.6,71.2,7.2,21.7,11.7,19.1,3.7,19.0,61.0,100.6,49.2,7.7,64.1,9.0,118.5,29.4,23.7,12.9,107.9,12.7,17.7,45.5,6.1,40.6,36.4,32.2,26.3,11.5,5.7,14.7,9.0,3.1
2017-05-26 16:11:00+02:00,6.0,11.8,3.5,17.7,102.7,66.8,54.1,9.6,2.9,30.7,23.2,70.2,7.1,21.3,11.6,18.8,3.7,18.7,60.1,99.1,48.4,7.6,63.1,8.8,116.6,29.0,23.3,12.7,106.3,12.5,17.4,44.7,6.0,40.0,35.7,31.6,25.8,11.3,5.6,14.4,8.8,3.1
2017-05-26 16:12:00+02:00,5.9,11.5,3.4,17.4,100.7,65.5,53.1,9.4,2.9,30.0,22.7,68.8,7.0,20.7,11.4,18.3,3.6,18.2,58.9,97.2,47.6,7.4,61.9,8.6,114.9,28.4,22.9,12.4,104.1,12.2,17.1,43.6,5.8,39.2,35.1,31.0,25.3,11.1,5.5,14.1,8.6,3.0
2017-05-26 16:13:00+02:00,6.0,11.6,3.5,17.5,101.5,66.0,53.4,9.5,2.9,30.4,23.0,69.3,7.1,21.1,11.5,18.7,3.6,18.5,59.3,98.0,47.8,7.5,62.4,8.8,116.0,28.7,23.1,12.6,105.0,12.4,17.3,44.2,5.9,39.7,35.5,31.4,25.6,11.3,5.6,14.3,8.8,3.1
2017-05-26 16:14:00+02:00,5.9,11.5,3.4,17.3,100.3,65.2,52.8,9.3,2.9,30.0,22.7,68.5,6.9,20.8,11.3,18.4,3.6,18.2,58.7,96.8,47.3,7.4,61.7,8.6,114.6,28.4,22.8,12.4,103.8,12.2,17.0,43.6,5.8,39.4,35.3,31.2,25.4,11.2,5.5,14.2,8.7,3.0
2017-05-26 16:15:00+02:00,2.7,5.0,1.5,7.8,44.6,29.2,24.1,4.0,1.4,12.4,10.1,30.5,2.9,9.3,4.8,7.1,1.6,8.1,26.6,43.2,21.4,3.2,27.8,3.2,50.6,12.8,10.5,4.4,45.9,5.3,7.5,19.8,2.2,18.0,16.3,14.7,12.0,5.3,2.6,6.6,4.0,1.3
2017-05-26 16:16:00+02:00,1.6,3.5,0.9,5.4,28.0,18.7,15.6,2.2,0.9,6.9,6.2,19.5,1.5,5.9,2.7,3.5,0.8,5.0,17.2,27.3,13.9,1.9,17.9,1.3,31.5,7.9,7.1,1.8,28.8,3.2,4.5,13.0,1.5,11.0,10.1,9.4,7.6,3.4,1.7,4.2,2.5,0.8
2017-05-26 16:17:00+02:00,3.1,6.3,1.9,9.7,54.6,34.9,28.3,4.8,1.6,16.1,12.8,36.7,3.5,11.1,6.1,9.3,1.9,9.8,31.5,52.8,25.1,4.0,33.0,4.0,62.6,16.2,11.7,5.9,56.4,6.4,9.5,22.9,2.9,22.6,20.3,18.2,14.8,6.6,3.2,8.2,5.0,1.6
2017-05-26 16:18:00+02:00,3.3,6.5,1.9,9.9,57.2,37.0,30.1,4.9,1.6,16.8,13.1,38.7,3.6,11.4,6.3,9.7,2.0,10.0,33.4,55.3,26.8,4.2,35.0,4.3,65.4,16.6,13.2,6.2,59.1,6.5,9.7,24.6,3.0,23.2,20.9,18.8,15.3,6.8,3.3,8.5,5.1,1.7
2017-05-26 16:19:00+02:00,2.1,4.1,1.2,6.4,35.2,22.9,18.9,2.8,1.0,9.8,8.0,23.9,1.9,7.0,3.6,5.3,1.1,6.1,20.9,34.1,16.8,2.5,21.9,2.2,40.1,10.3,8.6,3.1,36.3,3.9,5.9,15.6,1.8,14.5,13.2,12.1,9.8,4.4,2.1,5.4,3.3,1.0
2017-05-26 16:20:00+02:00,2.3,4.6,1.3,7.0,38.5,24.9,20.4,3.2,1.1,11.2,9.1,25.7,2.3,7.7,4.2,6.2,1.2,6.8,22.6,37.2,18.0,2.8,23.7,2.5,44.1,11.6,9.5,3.7,39.7,4.3,6.7,17.1,2.0,16.3,14.8,13.4,10.9,4.9,2.4,6.1,3.7,1.1
2017-05-26 16:21:00+02:00,2.0,3.9,1.1,6.1,33.9,21.7,17.7,2.7,0.9,9.6,8.1,22.5,1.9,6.8,3.6,5.2,1.1,6.0,19.7,32.8,15.6,2.4,20.6,2.0,38.8,10.3,8.3,3.0,34.9,3.8,5.9,15.0,1.7,14.3,12.9,11.8,9.5,4.3,2.1,5.2,3.1,0.9
2017-05-26 16:22:00+02:00,1.8,3.4,1.0,5.4,30.4,19.1,15.4,2.1,0.8,8.6,7.3,20.1,1.3,5.7,3.2,4.5,0.6,5.0,17.3,29.4,13.5,2.2,18.1,1.7,34.7,9.3,7.4,2.5,31.2,3.0,5.3,13.1,1.4,12.8,11.6,10.6,8.6,3.8,1.9,4.7,2.8,0.8
2017-05-26 16:23:00+02:00,1.4,2.8,0.8,4.3,23.1,14.3,11.5,1.2,0.7,6.1,5.6,15.1,0.7,4.1,2.5,2.8,0.2,3.6,13.0,22.3,10.1,1.7,13.6,1.0,26.2,7.2,5.8,1.4,23.6,2.0,4.0,10.0,1.1,9.8,8.9,8.3,6.6,3.0,1.5,3.7,2.2,0.5
2017-05-26 16:24:00+02:00,1.2,2.3,0.7,3.6,19.0,11.6,9.2,0.9,0.6,4.7,4.7,12.3,0.5,3.3,2.1,2.0,0.1,2.9,10.4,18.4,8.2,1.4,11.0,0.7,21.6,6.1,4.9,1.0,19.5,1.5,3.4,8.2,0.9,8.1,7.4,6.9,5.5,2.5,1.2,3.0,1.7,0.4
2017-05-26 16:25:00+02:00,1.0,1.9,0.6,3.1,15.9,9.5,7.5,0.5,0.5,3.8,4.1,10.1,0.3,2.5,1.8,1.5,0.3,2.1,8.5,15.4,6.6,1.3,8.9,0.4,18.2,5.3,4.1,0.6,16.4,1.0,3.0,6.6,0.7,7.0,6.3,6.0,4.7,2.2,1.1,2.5,1.5,0.3
2017-05-26 16:26:00+02:00,0.9,1.7,0.6,2.7,14.4,8.5,6.7,0.4,0.5,3.4,3.8,9.0,0.2,2.3,1.7,1.2,0.2,1.9,7.6,13.8,5.8,1.2,8.0,0.3,16.4,4.9,3.7,0.5,14.8,0.9,2.7,6.0,0.6,6.4,5.8,5.4,4.3,2.0,1.0,2.3,1.3,0.2
2017-05-26 16:27:00+02:00,0.9,1.7,0.6,2.7,14.7,8.7,6.8,0.5,0.5,3.5,3.8,9.2,0.2,2.5,1.7,1.3,0.1,2.0,7.8,14.2,6.0,1.2,8.2,0.3,16.9,4.9,3.7,0.6,15.1,1.0,2.8,6.2,0.6,6.6,5.9,5.5,4.4,2.0,1.0,2.4,1.4,0.2
2017-05-26 16:28:00+02:00,1.1,1.9,0.7,3.1,17.0,10.2,8.1,0.7,0.6,4.3,4.3,10.8,0.4,3.0,2.0,1.8,0.1,2.5,9.1,16.4,7.1,1.3,9.6,0.4,19.5,5.5,4.2,0.7,17.5,1.3,3.2,7.2,0.7,7.5,6.8,6.3,5.0,2.3,1.2,2.8,1.6,0.3
2017-05-26 16:29:00+02:00,1.2,2.3,0.7,3.5,19.3,11.6,9.2,0.8,0.6,5.1,4.9,12.3,0.7,3.3,2.2,2.2,0.2,2.7,10.3,18.5,8.0,1.5,10.9,0.6,22.2,6.3,4.8,1.0,19.9,1.4,3.6,8.1,0.9,8.6,7.8,7.2,5.8,2.6,1.3,3.2,1.9,0.4
2017-05-26 16:30:00+02:00,1.2,2.4,0.7,3.5,18.8,11.2,8.8,0.6,0.6,4.9,4.9,11.8,0.6,2.9,2.2,2.2,0.1,2.4,10.0,18.1,7.7,1.5,10.5,0.6,21.7,6.3,4.8,0.9,19.4,1.1,3.6,7.7,1.0,8.7,7.9,7.3,5.8,2.5,1.3,3.3,1.9,0.4
2017-05-26 16:31:00+02:00,1.4,2.6,0.9,4.1,21.9,13.0,10.2,0.7,0.7,6.5,5.8,13.7,0.6,3.1,2.6,3.3,0.4,2.5,11.5,21.0,8.8,1.8,12.2,1.4,24.3,7.4,5.6,1.9,22.6,1.1,4.2,8.6,1.0,10.4,9.4,8.5,6.9,3.0,1.5,3.9,2.2,0.6
2017-05-26 16:32:00+02:00,2.5,4.8,1.5,7.4,41.6,25.8,20.6,2.7,1.2,13.3,10.2,27.2,2.3,7.3,4.9,8.0,1.1,6.5,23.1,40.1,18.2,3.2,24.3,4.0,46.9,12.9,10.0,5.4,43.1,3.9,7.5,17.2,2.2,18.1,16.2,14.5,11.7,5.2,2.6,6.6,3.9,1.1
2017-05-26 16:33:00+02:00,2.1,3.8,1.3,6.1,36.4,22.4,18.0,2.7,1.0,11.5,9.0,23.6,1.9,6.7,4.3,6.8,0.9,6.0,20.1,35.0,15.8,2.8,21.1,3.4,40.8,11.4,8.3,4.5,37.6,3.7,6.6,15.0,1.5,15.9,14.2,12.7,10.4,4.5,2.3,5.8,3.4,1.0
2017-05-26 16:34:00+02:00,4.9,9.3,3.0,14.4,86.2,54.7,43.9,7.7,2.3,27.2,20.4,57.6,5.8,16.9,10.3,16.9,2.9,15.2,49.0,83.0,39.2,6.7,51.5,8.3,98.6,25.4,19.2,11.8,89.4,10.0,15.3,36.2,4.3,34.9,31.0,27.1,22.3,9.8,4.9,12.5,7.5,2.5
2017-05-26 16:35:00+02:00,4.6,8.7,2.8,13.5,80.2,50.8,40.8,7.0,2.1,25.3,19.0,53.5,5.3,15.5,9.5,15.7,2.6,14.0,45.5,77.2,36.3,6.2,47.8,7.7,91.8,23.7,18.1,10.9,83.1,9.1,14.3,33.6,4.2,31.5,27.9,24.3,19.8,8.2,3.6,11.6,6.9,2.2
2017-05-26 16:36:00+02:00,3.5,6.9,2.2,10.6,62.8,39.4,31.8,5.1,1.6,19.7,15.1,41.5,3.8,11.7,7.5,12.1,1.8,10.6,35.3,60.5,28.2,4.9,37.1,5.8,71.9,19.0,14.3,8.3,65.0,6.7,11.3,26.1,3.2,25.3,22.4,19.6,16.0,6.7,3.0,9.2,5.4,1.7
2017-05-26 16:37:00+02:00,1.1,2.2,0.7,3.4,18.1,10.9,8.7,1.1,0.5,5.6,4.7,11.5,0.7,3.1,2.1,3.0,0.2,2.8,9.8,17.4,7.6,1.4,10.3,1.5,20.6,6.1,4.7,1.8,18.5,1.6,3.4,7.8,1.0,8.0,7.2,6.6,5.5,2.5,1.2,3.0,1.7,0.4
2017-05-26 16:38:00+02:00,4.0,7.6,2.3,11.7,68.6,43.3,34.8,6.0,1.8,21.8,16.4,45.6,4.6,13.1,8.2,13.5,2.3,11.9,38.8,66.0,31.1,5.3,40.7,6.5,78.4,20.5,15.6,9.4,70.8,7.8,12.3,28.7,3.6,28.2,25.1,22.0,18.1,8.1,4.0,10.0,5.9,1.9
2017-05-26 16:39:00+02:00,1.1,2.2,0.6,3.3,17.8,10.7,8.6,1.2,0.5,5.6,4.6,11.3,0.8,3.1,2.1,3.1,0.3,2.8,9.6,17.1,7.6,1.4,10.1,1.6,20.1,5.9,4.5,2.0,18.2,1.7,3.4,7.6,0.9,7.9,7.1,6.4,5.3,2.4,1.2,2.9,1.6,0.4
2017-05-26 16:40:00+02:00,0.6,1.4,0.4,1.9,9.6,5.6,4.5,0.6,0.3,2.1,2.6,5.9,0.4,1.7,1.2,0.6,0.0,1.5,5.0,9.2,4.0,0.8,5.3,0.1,10.8,3.5,2.6,0.2,9.8,0.8,2.0,4.3,0.6,4.5,4.1,3.8,3.1,1.5,0.7,1.6,0.9,0.2
2017-05-26 16:41:00+02:00,0.6,1.4,0.4,1.1,8.8,4.7,3.6,0.6,0.3,2.3,2.7,5.0,0.4,1.7,1.2,0.7,0.0,1.5,4.2,8.5,3.2,0.9,4.4,0.1,10.0,3.6,1.9,0.1,9.1,0.8,2.1,3.6,0.6,4.5,4.1,3.8,3.1,1.5,0.7,1.6,0.9,0.2
2017-05-26 16:42:00+02:00,0.9,1.8,0.6,2.4,13.4,7.8,6.3,0.8,0.4,4.4,3.7,8.3,0.5,2.3,1.7,2.3,0.1,2.0,7.0,13.0,5.6,1.2,7.4,1.1,15.2,4.7,3.4,1.4,13.9,1.2,2.8,5.7,0.7,6.3,5.7,5.2,4.2,2.0,0.9,2.3,1.3,0.3
2017-05-26 16:43:00+02:00,0.9,1.8,0.6,2.1,12.8,7.4,5.8,0.8,0.4,4.3,3.6,7.8,0.5,2.3,1.7,2.3,0.1,2.0,6.6,12.3,5.1,1.2,6.9,1.2,14.5,4.6,3.0,1.4,13.2,1.1,2.7,5.3,0.7,6.2,5.6,5.1,4.2,1.9,0.9,2.2,1.3,0.2
2017-05-26 16:44:00+02:00,2.4,4.6,1.4,7.1,41.0,25.7,20.8,3.5,1.1,13.1,9.9,27.0,2.7,7.8,4.9,7.9,1.2,7.1,23.1,39.5,18.5,3.2,24.2,3.9,47.1,12.5,9.5,5.5,42.4,4.5,7.5,17.3,2.0,17.5,15.6,13.7,11.2,5.1,2.5,6.1,3.6,1.0
2017-05-26 16:45:00+02:00,4.8,9.1,2.9,13.8,82.3,52.3,42.2,7.7,2.1,26.2,19.4,55.1,5.9,16.2,9.9,16.5,2.9,14.6,47.0,79.2,37.7,6.4,49.3,8.0,94.4,24.1,18.4,11.6,85.3,9.7,14.7,34.6,4.2,33.7,29.9,26.0,21.3,9.5,4.7,11.8,7.0,2.3
2017-05-26 16:46:00+02:00,4.6,9.1,2.8,13.8,82.0,52.1,41.9,7.6,2.1,25.3,19.4,54.8,5.9,16.1,9.9,15.6,2.9,14.6,46.7,78.9,37.4,6.4,49.0,7.1,94.4,24.1,18.3,10.7,85.0,9.7,14.6,34.4,4.2,33.6,29.7,25.9,21.2,9.5,4.6,11.8,7.0,2.2
2017-05-26 16:47:00+02:00,4.5,9.1,2.8,13.8,82.3,52.4,42.2,7.6,2.1,24.1,19.4,55.1,5.9,16.0,9.9,14.4,2.8,14.5,47.0,79.3,37.6,6.4,49.3,5.8,94.1,24.1,18.4,9.5,85.3,9.6,14.6,34.4,4.2,33.7,29.8,25.9,21.2,9.4,4.6,11.8,7.0,2.2
2017-05-26 16:48:00+02:00,4.5,9.0,2.8,13.7,81.5,51.5,41.3,7.4,2.1,24.2,19.5,54.3,5.7,15.8,10.0,14.5,2.9,14.4,46.1,78.5,36.7,6.4,48.4,5.8,92.8,24.2,18.3,9.6,84.5,9.4,14.7,34.2,4.2,33.6,29.8,25.9,21.3,9.4,4.6,11.8,7.0,2.3
2017-05-26 16:49:00+02:00,4.5,9.0,2.8,13.7,81.5,51.4,41.2,7.3,2.1,24.3,19.6,54.2,5.6,15.8,10.0,14.5,2.9,14.3,46.0,78.5,36.6,6.4,48.3,5.8,92.8,24.3,18.4,9.6,84.5,9.3,14.8,34.2,4.2,33.5,29.7,25.8,21.3,9.4,4.6,11.9,7.0,2.3
2017-05-26 16:50:00+02:00,4.5,9.0,2.8,13.8,82.6,52.5,42.3,7.3,2.1,25.5,19.6,55.2,5.6,15.8,10.0,15.6,2.8,14.2,47.1,79.6,37.7,6.4,49.4,6.9,94.1,24.4,18.4,10.7,85.6,9.3,14.8,34.2,4.2,33.6,29.8,26.0,21.4,9.5,4.6,11.9,7.1,2.3
2017-05-26 16:51:00+02:00,4.6,9.0,2.8,13.8,82.0,52.3,42.1,7.2,2.0,24.2,19.5,54.8,5.5,15.7,9.9,14.4,2.8,14.2,47.0,79.0,37.6,6.3,49.3,5.7,93.0,24.3,18.4,9.5,84.9,9.2,14.8,34.1,4.2,33.6,29.8,26.0,21.3,9.4,4.6,11.9,7.1,2.3
2017-05-26 16:52:00+02:00,4.6,9.0,2.8,13.8,81.0,52.2,42.2,7.2,2.0,25.8,19.5,53.8,5.6,15.6,9.8,15.9,2.9,14.1,46.8,78.0,37.6,6.3,49.1,7.2,92.1,24.3,18.5,11.0,83.9,9.2,14.7,34.1,4.2,33.3,29.5,25.7,21.2,9.3,4.6,11.9,7.1,2.3
2017-05-26 16:53:00+02:00,4.6,9.1,2.8,13.8,81.5,52.7,42.7,7.2,2.0,25.8,19.5,54.3,5.6,15.7,9.8,15.9,3.0,14.2,47.3,78.6,37.8,6.2,49.6,7.2,93.1,24.3,18.5,11.0,84.5,9.3,14.7,34.2,4.2,33.4,29.7,25.9,21.3,9.3,4.7,12.0,7.1,2.3
2017-05-26 16:54:00+02:00,4.7,9.1,2.8,13.9,82.0,52.9,42.8,7.3,2.1,25.9,19.6,54.6,5.7,15.7,9.9,16.0,2.9,14.2,47.5,79.0,37.9,6.3,49.9,7.2,93.6,24.5,18.6,11.0,84.9,9.3,14.8,34.3,4.2,33.7,29.9,26.0,21.5,9.4,4.7,12.1,7.2,2.3
2017-05-26 16:55:00+02:00,4.7,9.2,2.8,14.0,81.8,52.7,43.0,7.4,2.1,26.0,19.6,54.4,5.8,15.8,9.8,16.0,3.0,14.4,47.5,78.9,38.1,6.3,49.7,7.2,93.1,24.5,18.7,11.0,84.5,9.4,14.8,34.5,4.3,33.9,30.1,26.3,21.7,9.5,4.9,12.1,7.2,2.3
2017-05-26 16:56:00+02:00,4.7,9.1,2.8,13.9,81.4,52.4,42.6,7.4,2.0,25.7,19.6,54.1,5.8,15.8,9.8,15.8,3.1,14.3,47.2,78.5,38.0,6.3,49.4,7.0,92.3,24.5,18.6,10.8,84.0,9.3,14.8,34.3,4.2,33.8,29.9,26.2,21.6,9.5,4.8,12.1,7.2,2.3
2017-05-26 16:57:00+02:00,4.7,9.1,2.8,13.6,80.3,51.4,41.3,7.2,2.0,25.8,19.6,53.0,5.6,15.6,9.8,15.9,2.9,14.1,46.1,77.4,36.7,6.3,48.3,7.1,90.4,24.5,17.5,10.9,82.9,9.2,14.8,33.1,4.2,33.7,29.9,26.1,21.6,9.5,4.8,12.0,7.1,2.3
2017-05-26 16:58:00+02:00,4.8,9.0,2.7,13.8,79.5,50.8,40.8,7.2,2.0,25.4,19.4,52.4,5.7,15.6,9.7,15.6,3.0,14.1,45.6,76.6,36.2,6.2,47.8,7.2,90.7,24.3,17.1,10.9,82.0,9.2,14.6,32.7,4.1,33.4,29.6,25.9,21.4,9.4,4.7,12.0,7.1,2.2
2017-05-26 16:59:00+02:00,4.4,8.8,2.7,13.5,78.6,50.4,40.5,6.9,1.9,24.7,19.1,51.9,5.5,15.2,9.5,15.0,2.9,13.7,45.2,75.8,36.0,6.1,47.4,6.8,89.8,23.9,17.4,10.4,81.1,8.9,14.4,32.5,4.0,33.0,29.3,25.5,21.1,9.3,4.6,11.8,7.0,2.2
2017-05-26 17:00:00+02:00,3.7,8.8,2.7,13.5,79.4,50.7,41.0,6.7,1.9,22.6,19.1,52.7,5.4,14.9,9.5,13.0,2.8,13.5,45.7,76.6,36.5,6.1,47.8,6.1,90.6,23.9,18.1,8.4,82.0,8.6,14.3,33.0,4.0,32.9,29.2,25.4,21.0,9.2,4.6,11.7,6.9,2.1
2017-05-26 17:01:00+02:00,4.1,8.7,2.7,13.4,79.6,50.6,40.9,6.8,1.9,24.1,19.0,53.1,5.5,15.0,9.4,14.6,2.9,13.5,45.6,76.8,36.4,6.1,47.6,6.3,91.5,23.8,18.0,10.0,82.2,8.7,14.2,33.0,3.9,32.7,29.0,25.2,20.8,9.2,4.6,11.6,6.8,2.1
2017-05-26 17:02:00+02:00,4.4,8.5,2.6,13.1,77.9,49.4,39.9,6.6,1.8,24.0,18.6,51.9,5.3,14.6,9.3,14.6,2.8,13.1,44.5,75.2,35.4,6.0,46.5,6.3,89.5,23.3,17.6,10.0,80.4,8.4,14.0,32.2,3.8,32.1,28.5,24.7,20.4,9.0,4.5,11.4,6.7,2.0
2017-05-26 17:03:00+02:00,4.4,8.4,2.6,12.9,76.1,47.6,38.1,6.6,1.8,24.0,18.6,50.1,5.4,14.4,9.3,14.6,2.9,13.0,42.7,73.4,34.7,6.0,44.7,6.3,87.6,23.3,17.4,10.1,78.6,8.4,14.0,31.9,3.7,32.1,28.4,24.6,20.3,9.0,4.5,11.3,6.6,2.0
2017-05-26 17:04:00+02:00,2.0,4.0,1.2,6.2,34.0,20.6,16.3,2.7,0.9,10.7,8.9,21.6,2.2,5.7,4.2,5.9,1.2,4.9,18.5,32.9,15.0,2.7,19.3,2.1,39.4,11.4,8.5,3.8,35.0,3.6,6.6,14.2,1.6,15.5,13.8,12.1,10.1,4.5,2.3,5.7,3.2,0.8
2017-05-26 17:05:00+02:00,0.7,1.9,0.6,2.8,13.2,7.9,6.2,0.8,0.5,3.4,3.7,8.3,0.5,1.5,1.6,1.2,0.3,1.2,7.1,12.9,5.3,1.1,7.4,0.1,15.0,4.7,3.8,0.5,13.4,1.2,2.7,5.1,0.8,6.3,5.7,5.1,4.5,1.9,1.0,2.5,1.4,0.3
2017-05-26 17:06:00+02:00,0.6,1.6,0.5,2.4,11.3,7.2,5.8,0.6,0.4,2.5,3.2,7.1,0.5,1.6,1.4,0.6,0.3,1.2,6.6,11.0,4.9,0.9,6.8,0.3,12.8,4.1,3.2,0.1,11.5,1.0,2.3,4.7,0.7,5.5,4.9,4.5,3.9,1.7,0.9,2.3,1.3,0.3
2017-05-26 17:07:00+02:00,0.6,1.5,0.5,2.3,9.1,6.0,4.8,0.5,0.4,1.6,3.2,5.0,0.4,1.1,1.4,0.3,0.3,0.8,5.3,8.8,4.1,0.9,5.5,0.3,10.6,4.0,3.0,0.9,9.3,0.8,2.3,4.0,0.7,5.3,4.8,4.3,3.8,1.6,0.9,2.2,1.3,0.3
2017-05-26 17:08:00+02:00,0.5,1.4,0.5,2.1,8.8,5.7,4.8,0.5,0.4,2.5,3.1,4.7,0.4,1.0,1.3,0.8,0.2,0.7,5.1,8.5,4.0,0.9,5.3,0.3,9.7,3.9,2.8,0.1,9.0,0.9,2.3,3.8,0.6,5.1,4.6,4.1,3.6,1.5,0.8,2.2,1.2,0.3
2017-05-26 17:09:00+02:00,0.3,1.4,0.5,2.1,8.8,5.1,4.8,0.5,0.4,2.4,3.2,4.6,0.3,1.0,1.3,0.6,0.2,0.6,4.5,8.5,3.9,0.9,4.7,0.6,9.7,4.0,2.9,0.2,9.0,0.9,2.3,3.8,0.6,5.2,4.7,4.3,3.7,1.5,0.8,2.3,1.3,0.3
2017-05-26 17:10:00+02:00,0.4,1.3,0.5,2.0,7.8,4.1,4.6,0.5,0.3,2.1,3.2,3.6,0.3,0.8,1.3,0.4,0.2,0.5,3.5,7.5,3.7,0.9,3.7,0.4,9.4,4.0,2.7,0.4,8.1,0.9,2.3,3.6,0.5,5.0,4.5,4.1,3.6,1.4,0.7,2.2,1.2,0.3
2017-05-26 17:11:00+02:00,0.6,1.3,0.5,2.0,9.3,5.6,5.0,0.5,0.3,1.5,3.0,5.0,0.3,1.3,1.2,0.3,0.2,0.9,5.0,9.0,4.2,0.8,5.2,0.3,10.9,4.0,2.7,0.9,9.6,0.9,2.2,4.0,0.5,5.0,4.5,4.1,3.5,1.4,0.7,2.2,1.2,0.3
2017-05-26 17:12:00+02:00,0.6,1.3,0.5,2.0,10.1,6.7,5.6,0.5,0.3,1.4,3.0,6.1,0.3,1.9,1.2,0.3,0.2,1.5,6.1,9.8,4.8,0.8,6.2,0.3,11.5,3.7,2.7,0.9,10.4,0.9,2.1,4.6,0.5,4.9,4.3,3.9,3.6,1.4,0.8,2.2,1.2,0.3
2017-05-26 17:13:00+02:00,0.6,1.4,0.5,2.1,9.9,7.0,6.0,0.5,0.4,2.7,3.1,6.4,0.4,2.0,1.2,4.1,0.2,1.6,6.4,9.6,5.2,0.8,6.6,3.5,11.2,3.2,2.9,4.1,10.3,0.9,2.2,5.0,0.6,5.4,4.8,4.4,3.7,1.5,0.8,2.2,1.2,0.3
2017-05-26 17:14:00+02:00,0.7,1.5,0.5,2.2,10.3,7.6,6.5,0.8,0.4,1.9,3.4,6.5,0.6,2.3,1.3,3.0,0.3,1.9,6.9,10.0,5.6,0.9,7.1,2.5,11.7,3.4,3.1,2.9,10.7,1.2,2.4,5.4,0.6,5.8,5.2,4.7,4.0,1.6,0.8,2.4,1.3,0.3
2017-05-26 17:15:00+02:00,0.8,1.5,0.5,2.4,9.9,6.8,7.0,0.9,0.4,1.9,3.6,5.8,0.7,2.5,1.4,2.7,0.3,2.1,6.3,9.5,6.0,0.9,6.3,2.6,11.7,3.8,3.3,2.8,10.3,1.3,2.5,5.7,0.5,6.1,5.4,4.9,4.1,1.7,0.9,2.4,1.4,0.3
2017-05-26 17:16:00+02:00,1.0,2.9,1.0,4.6,24.8,16.2,14.5,2.1,0.6,7.2,7.2,15.6,1.7,5.0,3.2,3.4,0.9,4.4,14.9,23.9,12.5,2.0,15.1,1.1,29.0,8.3,6.5,1.7,25.7,2.8,5.2,11.5,1.1,12.5,11.1,9.8,8.1,3.5,1.8,4.6,2.6,0.6
2017-05-26 17:17:00+02:00,2.2,4.4,1.4,7.0,40.9,26.1,21.7,3.4,0.9,14.0,10.8,26.7,2.8,7.4,5.0,8.3,1.5,6.7,24.0,39.5,18.9,3.1,24.6,3.8,47.1,12.8,9.7,5.6,42.4,4.3,7.9,17.1,1.7,18.7,16.6,14.4,11.9,5.2,2.7,6.7,3.9,1.0
2017-05-26 17:18:00+02:00,0.8,1.5,0.6,2.5,12.3,7.9,7.0,1.0,0.4,4.9,3.8,8.0,0.7,2.2,1.5,2.7,0.4,1.9,7.5,11.9,6.0,1.0,7.4,1.2,13.9,4.0,3.5,1.7,12.7,1.4,2.7,5.7,0.6,6.3,5.6,5.1,4.3,1.8,0.9,2.5,1.4,0.3
2017-05-26 17:19:00+02:00,0.8,1.4,0.5,2.3,10.5,6.5,5.8,0.9,0.4,4.5,3.5,6.5,0.6,1.3,1.4,2.4,0.3,1.1,6.1,10.1,4.8,0.9,6.0,1.1,12.2,3.7,3.2,1.5,10.8,1.3,2.5,4.5,0.5,5.7,5.1,4.6,3.9,1.6,0.9,2.3,1.3,0.3
2017-05-26 17:20:00+02:00,0.8,1.4,0.5,2.3,9.3,5.7,5.3,0.9,0.4,4.7,2.8,5.8,0.7,1.4,1.5,2.6,0.3,1.2,5.4,8.9,4.4,1.0,5.2,1.2,10.7,3.1,3.3,1.6,9.6,1.3,2.6,4.7,0.5,6.0,5.3,4.8,4.2,1.8,0.9,2.5,1.4,0.3
2017-05-26 17:21:00+02:00,1.8,2.8,1.0,4.6,22.9,13.9,12.8,2.2,0.6,9.5,6.6,13.6,1.7,4.1,3.3,5.6,0.9,3.6,12.7,22.0,10.9,2.1,12.9,2.8,26.7,8.4,6.5,3.6,23.7,2.8,5.4,10.6,1.0,12.8,11.4,10.0,8.4,3.6,1.8,4.8,2.7,0.7
2017-05-26 17:22:00+02:00,2.0,3.1,1.0,5.1,25.4,16.5,14.2,2.5,0.6,10.7,8.0,14.6,2.0,4.6,3.6,6.5,1.1,4.1,15.1,24.4,12.2,2.2,15.4,3.1,29.6,10.0,7.1,4.3,26.3,3.2,5.8,11.8,1.1,14.1,12.5,11.0,9.2,4.1,2.0,5.1,3.0,0.7
2017-05-26 17:23:00+02:00,0.8,1.3,0.5,2.2,7.8,5.4,4.9,1.1,0.3,4.4,3.4,3.8,0.7,1.6,1.4,2.5,0.5,1.3,5.0,7.4,4.2,0.9,4.9,1.2,9.3,4.4,3.1,1.5,8.0,1.5,2.3,4.7,0.4,6.2,5.5,5.0,4.3,1.8,0.9,2.5,1.5,0.4
2017-05-26 17:24:00+02:00,0.8,1.2,0.5,2.0,9.0,4.7,4.2,0.7,0.3,4.2,3.2,4.6,0.4,1.1,1.3,2.4,0.1,0.9,4.4,8.6,3.4,0.9,4.2,1.2,10.2,4.1,2.9,1.4,9.3,1.1,2.2,4.0,0.3,6.0,5.4,4.9,4.2,1.8,0.8,2.4,1.4,0.4
2017-05-26 17:25:00+02:00,0.8,1.1,0.5,1.9,7.6,3.2,2.9,0.6,0.3,4.2,3.2,3.1,0.4,0.4,1.3,2.4,0.6,0.6,2.9,7.2,2.1,0.9,2.7,1.1,9.0,4.1,2.8,1.4,8.0,0.3,2.2,2.7,0.2,5.8,5.2,4.6,4.2,1.8,0.9,2.4,1.4,0.4
2017-05-26 17:26:00+02:00,0.7,1.0,0.5,1.7,6.4,2.9,2.4,0.7,0.2,3.9,3.0,2.4,0.3,0.5,1.2,2.1,0.1,0.7,2.7,6.1,1.7,0.8,2.5,1.0,8.0,3.8,2.5,1.2,6.8,0.4,2.0,2.3,0.2,5.2,4.7,4.2,3.9,1.7,0.8,2.2,1.3,0.3
2017-05-26 17:27:00+02:00,0.7,1.0,0.5,1.7,5.5,4.2,3.8,0.5,0.3,3.7,2.9,1.7,0.6,1.2,1.2,2.0,0.3,1.0,4.0,5.2,3.1,0.9,3.8,0.9,7.2,3.6,2.5,1.1,5.9,0.9,2.0,3.7,0.2,5.4,4.9,4.5,3.8,1.6,0.8,2.1,1.2,0.3
2017-05-26 17:28:00+02:00,0.7,0.9,0.4,1.6,3.6,3.8,3.5,0.8,0.3,3.6,2.8,0.9,0.6,1.1,1.2,2.0,0.3,0.8,3.7,3.2,2.8,0.9,3.4,0.9,5.0,3.3,2.4,1.1,3.9,1.1,2.0,3.4,0.2,5.3,4.8,4.4,3.7,1.6,0.7,2.1,1.2,0.3
2017-05-26 17:29:00+02:00,0.6,1.0,0.4,1.7,2.4,3.4,3.3,0.5,0.3,3.6,3.1,0.6,0.5,0.8,1.3,2.0,0.3,0.6,3.3,2.0,2.6,0.9,3.0,0.9,3.9,2.4,2.4,1.1,2.7,0.9,2.2,3.2,0.2,5.3,4.9,4.4,3.7,1.6,0.8,2.1,1.2,0.3
2017-05-26 17:30:00+02:00,0.7,0.7,0.5,0.2,2.0,1.9,2.0,0.5,0.3,3.8,3.3,4.7,0.5,0.8,1.4,2.0,0.4,0.6,1.1,2.3,1.2,0.9,2.1,1.0,1.8,2.6,0.9,1.1,2.1,0.9,2.4,1.7,1.6,5.8,5.2,4.7,3.9,1.8,0.8,2.2,1.3,0.3
2017-05-26 17:31:00+02:00,0.9,0.4,0.5,1.3,2.0,2.2,3.9,0.7,0.3,4.7,3.9,3.2,0.7,1.2,1.7,2.6,0.5,0.9,2.9,1.8,2.9,1.1,2.0,1.1,3.8,3.3,2.2,1.5,2.4,1.1,2.9,3.4,0.7,6.9,6.2,5.5,4.6,2.0,1.0,2.6,1.5,0.4
2017-05-26 17:32:00+02:00,1.6,1.4,0.8,3.0,11.1,7.1,9.2,1.6,0.5,8.5,6.5,3.9,1.5,2.9,3.0,4.9,0.9,2.6,8.1,10.3,7.5,1.9,6.2,2.2,15.0,6.6,4.6,3.2,11.9,2.1,4.9,7.5,0.3,11.5,10.2,9.0,7.4,3.4,1.6,4.0,2.2,0.6
2017-05-26 17:33:00+02:00,1.8,0.9,0.9,2.7,14.4,8.9,10.9,1.9,0.5,9.7,7.5,5.8,1.8,4.1,3.4,5.7,1.1,3.8,9.9,13.5,8.9,2.2,8.0,2.5,19.0,7.9,4.6,3.8,15.4,2.4,5.6,8.7,1.0,12.6,11.1,10.0,8.3,3.8,1.8,4.5,2.5,0.6
2017-05-26 17:34:00+02:00,0.8,2.0,0.5,1.2,3.6,3.2,1.4,0.5,0.3,3.8,3.3,6.5,0.6,1.7,1.4,1.9,0.4,1.5,0.6,3.9,0.6,0.9,3.6,0.8,2.3,2.7,0.4,1.0,3.3,0.9,2.4,1.3,2.9,4.7,4.1,3.6,3.2,1.7,0.8,1.5,0.6,0.2
2017-05-26 17:35:00+02:00,0.7,2.7,0.4,2.0,2.7,2.7,0.7,0.4,0.3,3.2,2.9,6.0,0.5,1.4,1.2,1.5,0.3,1.2,0.1,3.0,0.1,0.8,3.0,0.6,2.0,3.2,1.3,0.8,2.5,0.7,2.1,0.1,3.4,3.4,2.9,2.4,2.2,1.5,0.7,0.7,0.1,0.8
2017-05-26 17:36:00+02:00,0.6,0.9,0.4,0.3,2.8,2.2,2.5,0.3,0.3,3.0,2.7,0.6,0.5,1.3,1.2,1.4,0.3,1.1,1.8,2.5,1.8,0.8,1.9,0.5,4.2,3.1,0.5,0.7,3.1,0.6,2.0,1.7,1.6,4.0,3.5,3.0,2.9,1.4,0.6,1.5,0.7,0.1
2017-05-26 17:37:00+02:00,0.6,0.4,0.4,0.2,6.1,2.8,2.8,0.2,0.3,3.0,2.7,2.8,0.3,1.1,1.2,1.5,0.2,0.9,2.5,5.8,2.1,0.8,2.6,0.6,7.6,3.1,0.9,0.7,6.4,0.5,2.0,2.0,1.1,4.3,3.8,3.3,3.0,1.4,0.6,1.6,0.8,0.2
2017-05-26 17:38:00+02:00,3.2,3.3,1.5,6.4,47.5,28.3,23.0,3.6,0.7,17.2,13.3,29.4,3.5,7.9,6.4,10.3,1.9,7.4,25.6,45.7,19.6,3.9,26.6,5.0,55.7,16.4,9.9,7.6,49.2,4.4,9.9,17.8,0.0,23.4,20.7,17.7,14.5,6.5,3.2,7.9,4.5,0.9
2017-05-26 17:39:00+02:00,0.7,0.5,0.4,0.2,6.4,2.4,2.3,0.3,0.2,2.7,3.2,2.4,0.4,1.3,1.4,1.0,0.2,1.2,2.0,6.1,1.5,0.9,2.1,0.8,8.2,3.7,1.1,1.1,6.7,0.5,2.4,2.4,1.3,5.6,5.0,4.4,3.6,1.6,0.7,2.0,1.1,0.2
2017-05-26 17:40:00+02:00,0.5,0.1,0.3,0.4,4.0,1.3,1.2,0.1,0.2,2.0,2.3,1.3,0.1,0.6,1.0,0.7,0.1,0.5,1.1,3.8,0.6,0.7,1.2,0.4,5.2,2.6,1.1,0.5,4.2,0.2,1.7,1.7,0.6,3.9,3.4,3.0,2.6,1.2,0.5,1.5,0.8,0.2
2017-05-26 17:41:00+02:00,0.4,0.6,0.3,0.9,3.5,1.6,1.7,0.1,0.2,2.3,2.3,1.5,0.1,0.6,1.0,1.0,0.1,0.5,1.3,3.3,1.1,0.7,1.4,0.4,4.6,1.9,1.6,0.4,3.7,0.2,1.7,2.1,0.1,3.9,3.5,3.1,2.6,1.2,0.5,1.4,0.7,0.2
2017-05-26 17:42:00+02:00,0.6,0.9,0.4,1.4,5.2,2.8,2.5,0.1,0.2,2.9,2.6,2.7,0.2,0.8,1.2,1.4,0.1,0.7,2.4,4.9,1.9,0.8,2.6,0.6,6.6,2.2,2.1,0.7,5.4,0.3,2.0,2.9,0.2,4.4,3.9,3.4,2.9,1.3,0.6,1.6,0.9,0.2
2017-05-26 17:43:00+02:00,2.4,3.5,1.1,5.9,34.2,19.8,17.0,2.3,0.5,13.2,10.0,20.5,2.3,5.2,4.6,7.9,1.3,5.1,17.9,33.0,14.4,2.9,18.6,3.6,40.4,12.5,8.6,5.4,35.4,2.8,7.4,13.9,1.1,17.1,15.0,12.9,11.0,4.9,2.4,6.1,3.4,0.6
2017-05-26 17:44:00+02:00,3.4,4.6,1.5,7.8,49.5,29.4,24.4,3.7,0.7,18.7,13.8,30.5,3.5,7.9,6.5,11.4,1.9,7.7,26.7,47.8,20.8,4.1,27.6,5.3,58.3,17.3,11.5,8.0,51.3,4.5,10.2,19.4,1.1,24.1,21.2,18.2,15.1,6.8,3.3,8.3,4.6,0.9
2017-05-26 17:45:00+02:00,3.0,4.2,1.4,6.6,44.1,26.1,22.1,3.3,0.6,16.8,12.4,27.0,3.0,7.1,5.8,10.2,1.7,6.9,23.9,42.6,18.9,3.6,24.6,4.7,51.6,15.5,9.8,7.1,45.7,4.0,9.2,16.9,1.0,22.3,19.7,17.0,13.7,6.2,3.1,7.5,4.2,0.8
2017-05-26 17:46:00+02:00,1.7,2.5,0.8,3.8,22.6,13.1,11.1,1.5,0.4,9.2,6.8,13.4,1.4,2.8,3.1,5.4,0.7,3.4,12.1,21.8,9.3,1.9,12.3,2.4,26.6,8.4,5.6,3.7,23.4,1.9,5.0,8.3,0.7,12.3,11.0,9.5,7.6,3.4,1.6,4.2,2.3,0.4
2017-05-26 17:47:00+02:00,0.6,0.0,0.4,0.5,4.4,1.8,1.8,0.3,0.2,2.4,2.4,1.9,0.2,0.7,1.1,1.5,0.1,1.0,1.7,4.2,1.3,0.8,1.7,0.7,5.9,2.9,1.0,0.9,4.6,0.5,1.9,1.2,0.8,4.4,3.9,3.5,2.8,1.2,0.5,1.6,0.9,0.1
2017-05-26 17:48:00+02:00,0.4,1.3,0.3,1.1,1.4,1.9,1.6,0.2,0.2,1.9,1.9,2.1,0.1,1.3,0.9,0.9,0.1,0.4,1.9,1.3,2.0,0.6,2.1,0.3,2.3,2.3,0.6,0.5,1.5,0.3,1.5,1.9,1.9,3.4,3.0,2.6,2.2,1.0,0.4,1.3,0.7,0.1
2017-05-26 17:49:00+02:00,0.4,1.6,0.3,1.2,1.7,3.5,2.8,0.2,0.2,2.0,1.8,3.7,0.0,1.5,0.8,0.7,0.1,1.2,3.5,1.8,3.2,0.6,3.7,0.2,1.2,2.1,0.7,0.4,1.6,0.3,1.4,2.2,2.1,2.7,2.3,2.0,2.0,0.9,0.4,1.1,0.6,0.2
2017-05-26 17:50:00+02:00,0.4,1.9,0.3,1.6,1.5,2.7,2.2,0.2,0.2,1.9,1.8,2.9,0.0,1.3,0.8,0.7,0.0,1.1,2.6,1.6,2.5,0.6,2.8,0.3,1.7,2.0,1.1,0.3,1.5,0.2,1.4,2.3,2.0,2.5,2.2,1.9,1.9,0.8,0.3,1.0,0.5,0.2
2017-05-26 17:51:00+02:00,0.5,2.4,0.3,2.0,2.0,3.2,2.5,0.4,0.2,1.9,1.9,3.6,0.2,1.4,0.9,0.7,0.1,0.5,3.1,2.1,2.8,0.6,3.3,0.3,2.0,2.2,1.5,0.3,2.0,0.3,1.5,2.7,2.0,2.8,2.4,2.1,2.1,0.9,0.3,1.2,0.6,0.1
2017-05-26 17:52:00+02:00,0.6,2.4,0.3,2.1,1.5,2.3,2.3,0.1,0.2,2.3,2.2,3.4,0.2,1.3,1.0,1.0,0.1,0.7,2.3,1.6,2.6,0.7,2.5,0.4,1.9,2.6,1.4,0.5,1.5,0.2,1.7,2.6,1.9,3.0,2.6,2.2,2.0,1.0,0.4,1.0,0.4,0.3
2017-05-26 17:53:00+02:00,2.9,0.9,1.1,3.3,33.4,18.9,15.2,2.6,0.5,14.4,10.9,18.5,2.6,4.0,4.9,8.8,1.5,3.8,17.3,32.1,12.3,3.0,17.7,4.0,40.1,13.6,6.3,6.1,34.7,3.1,8.0,10.4,1.1,18.7,16.5,14.1,11.6,5.3,2.6,6.2,3.3,0.2
2017-05-26 17:54:00+02:00,3.6,1.8,1.4,5.0,45.3,26.2,20.9,3.4,0.6,19.2,14.0,26.1,3.4,5.8,6.5,11.7,2.0,5.6,23.7,43.6,17.2,3.9,24.5,5.4,53.8,17.5,8.8,8.2,47.0,4.0,10.3,14.6,0.8,24.6,21.6,18.5,15.2,6.9,3.4,8.3,4.6,0.8
2017-05-26 17:55:00+02:00,3.6,2.1,1.4,5.5,45.1,25.8,20.6,2.8,0.6,19.3,14.1,25.7,2.8,4.9,6.5,11.7,2.0,4.9,23.4,43.3,16.8,3.9,24.2,5.3,53.8,17.6,9.3,8.1,46.8,3.3,10.4,14.2,0.6,24.9,22.0,18.8,15.5,7.1,3.6,8.4,4.7,0.8
2017-05-26 17:56:00+02:00,3.7,2.3,1.4,4.9,45.2,25.3,20.0,2.9,0.6,19.3,14.1,25.7,2.9,4.9,6.4,11.9,2.0,5.2,22.9,43.4,16.2,3.9,23.7,5.5,53.9,17.7,8.8,8.3,46.8,3.6,10.4,13.6,0.7,25.4,22.4,19.3,15.7,7.1,3.6,8.6,4.7,0.8
2017-05-26 17:57:00+02:00,3.6,2.3,1.4,4.8,45.4,25.3,20.1,2.9,0.6,19.2,14.0,26.3,2.9,5.1,6.2,11.7,2.0,5.1,23.0,43.6,16.3,3.7,23.7,5.3,54.1,17.3,8.6,8.1,47.1,3.5,10.2,13.7,0.6,25.6,22.7,19.6,15.7,7.1,3.6,8.6,4.7,0.8
2017-05-26 17:58:00+02:00,1.8,0.5,0.8,0.3,18.5,9.2,7.6,0.9,0.4,9.0,7.1,9.6,0.9,2.2,2.9,5.0,0.9,2.0,8.2,17.6,5.6,1.7,8.5,2.4,22.0,8.0,2.3,3.7,18.5,1.3,5.1,4.5,1.3,13.3,11.9,10.4,8.3,3.7,1.9,4.6,2.5,0.4
2017-05-26 17:59:00+02:00,0.5,1.9,0.4,2.4,1.6,1.6,1.4,0.4,0.3,2.0,2.2,1.7,0.5,0.7,0.8,0.8,0.2,0.4,1.8,1.5,1.8,0.5,1.8,0.4,2.5,1.7,1.7,0.6,1.8,0.2,1.6,1.7,1.6,4.3,3.9,3.5,2.9,1.2,0.6,1.7,0.9,0.2
2017-05-26 18:00:00+02:00,0.5,1.8,0.3,1.8,2.4,1.9,1.8,0.2,0.3,2.0,2.1,2.2,0.0,1.0,0.7,0.9,0.1,0.8,1.9,2.3,1.8,0.5,2.0,0.4,3.1,1.6,1.2,0.6,2.5,0.5,1.5,1.5,1.8,4.1,3.6,3.3,2.6,1.0,0.5,1.6,0.8,0.1
2017-05-26 18:01:00+02:00,0.5,1.9,0.3,1.9,2.3,1.7,1.7,0.2,0.3,2.4,2.2,2.0,0.1,1.0,0.8,1.3,0.2,0.9,1.6,2.2,1.5,0.5,1.8,0.6,2.9,1.7,1.3,0.6,2.4,0.5,1.6,1.2,1.9,4.0,3.6,3.3,2.7,1.0,0.5,1.7,0.9,0.1
2017-05-26 18:02:00+02:00,0.7,1.8,0.4,1.7,4.1,2.3,2.4,0.4,0.2,3.6,3.0,1.7,0.2,1.5,1.1,2.1,0.2,1.2,2.0,3.8,1.7,0.7,2.2,1.1,5.5,2.8,1.0,1.2,4.3,0.7,2.2,1.4,1.9,5.4,4.8,4.4,3.5,1.4,0.7,2.1,1.1,0.1
2017-05-26 18:03:00+02:00,1.6,0.6,0.6,1.4,17.0,10.3,9.1,1.3,0.3,8.6,6.4,9.5,1.1,3.3,2.6,5.2,0.7,3.1,9.5,16.5,7.3,1.6,9.7,2.5,20.8,7.1,3.1,3.4,17.7,1.6,4.5,6.4,1.0,11.4,10.2,9.0,7.2,3.1,1.6,4.1,2.2,0.3
2017-05-26 18:04:00+02:00,3.5,2.6,1.2,5.6,44.4,27.1,22.9,3.3,0.4,19.1,13.5,26.8,3.1,7.3,5.9,11.8,1.8,7.1,25.0,42.9,19.1,3.5,25.6,5.5,52.9,16.2,9.4,8.1,46.0,3.8,9.8,16.7,0.3,24.3,21.5,18.6,15.0,6.7,3.4,8.3,4.5,0.6
2017-05-26 18:05:00+02:00,3.5,2.0,1.2,5.1,43.5,26.1,22.0,3.3,0.4,19.1,13.4,25.9,3.0,7.3,5.8,11.7,1.8,7.1,24.2,41.9,18.3,3.5,24.7,5.4,52.0,16.0,8.8,8.1,45.0,3.7,9.7,16.1,0.8,24.0,21.2,18.4,15.0,6.8,3.4,8.2,4.4,0.6
2017-05-26 18:06:00+02:00,3.5,1.7,1.2,4.8,43.8,25.5,21.4,3.2,0.4,18.9,13.3,26.3,3.0,7.2,5.7,11.6,1.8,6.9,23.6,42.2,17.8,3.4,24.1,5.4,52.2,15.9,8.5,8.0,45.3,3.6,9.6,15.7,1.3,23.6,20.8,18.0,14.9,6.7,3.4,8.1,4.4,0.6
2017-05-26 18:07:00+02:00,3.5,1.6,1.2,4.6,42.2,24.3,21.0,3.1,0.3,18.7,13.2,25.0,2.9,7.0,5.6,11.4,1.8,6.8,22.4,40.6,17.4,3.4,22.9,5.3,50.4,15.7,8.3,7.9,43.6,3.5,9.5,15.4,1.4,23.3,20.6,17.8,14.7,6.7,3.4,8.0,4.3,0.6
2017-05-26 18:08:00+02:00,3.5,1.7,1.2,4.7,41.6,23.9,20.7,3.1,0.4,18.6,13.1,24.6,2.9,6.9,5.6,11.4,1.8,6.7,22.1,40.1,17.2,3.3,22.6,5.2,49.7,15.6,8.2,7.8,43.1,3.4,9.4,15.1,1.3,23.4,20.8,18.0,14.6,6.7,3.3,7.9,4.3,0.6
2017-05-26 18:09:00+02:00,3.4,1.7,1.1,4.7,42.6,25.2,20.7,3.0,0.4,18.5,13.0,25.8,2.8,6.9,5.5,11.3,1.7,6.6,23.4,41.2,17.2,3.3,23.9,5.2,50.6,15.5,8.2,7.7,43.9,3.4,9.3,15.1,1.2,23.4,20.8,18.0,14.5,6.6,3.3,7.9,4.2,0.6
2017-05-26 18:10:00+02:00,3.4,1.8,1.1,5.3,41.7,24.6,21.0,2.5,0.4,18.5,12.9,25.1,2.8,6.3,5.5,11.3,1.7,6.1,22.9,40.5,17.5,3.3,23.3,5.2,49.7,15.4,8.8,7.7,42.9,2.8,9.3,15.2,1.1,23.2,20.6,17.8,14.3,6.5,3.3,7.8,4.2,0.6
2017-05-26 18:11:00+02:00,3.3,1.9,1.1,5.4,40.5,23.8,20.6,2.0,0.4,18.5,12.7,24.3,2.7,5.9,5.5,11.2,1.7,5.6,22.0,39.4,17.0,3.3,22.5,5.1,48.5,15.2,8.9,7.6,41.8,2.4,9.1,14.8,0.5,23.1,20.6,17.8,14.4,6.5,3.3,7.9,4.2,0.6
2017-05-26 18:12:00+02:00,3.3,2.3,1.1,5.8,40.5,23.9,20.8,2.0,0.3,18.3,12.5,24.4,2.7,5.8,5.4,11.1,1.6,5.6,22.2,39.6,17.4,3.3,22.6,5.1,48.5,15.3,9.3,7.5,41.8,2.3,9.1,15.2,0.8,22.9,20.4,17.7,14.2,6.5,3.3,7.7,4.1,0.5
2017-05-26 18:13:00+02:00,3.3,2.4,1.1,5.9,43.1,25.8,21.1,2.0,0.3,18.3,12.5,26.3,2.7,5.9,5.4,11.1,1.6,5.6,24.1,42.2,17.6,3.2,24.5,5.1,51.1,16.0,9.5,7.5,44.4,2.4,9.0,15.4,0.8,23.0,20.5,17.7,14.2,6.5,3.3,7.8,4.1,0.5
2017-05-26 18:14:00+02:00,3.3,2.4,1.1,5.9,43.4,26.2,21.5,2.4,0.3,18.3,12.3,26.7,2.7,6.2,5.2,11.2,1.6,6.0,24.8,42.5,18.0,3.1,25.2,5.1,51.4,15.8,9.5,7.6,44.6,2.7,8.9,15.8,0.7,23.1,20.6,17.8,14.3,6.5,3.3,7.8,4.1,0.5
2017-05-26 18:15:00+02:00,3.4,1.5,1.0,4.6,41.2,24.8,20.3,2.6,0.3,18.2,11.3,25.3,2.7,6.4,5.2,11.3,1.6,6.1,23.5,40.1,16.8,3.1,24.0,5.2,49.1,14.8,8.2,7.7,42.4,2.9,8.9,14.6,0.4,22.9,20.4,17.7,14.2,6.4,3.3,7.7,4.1,0.5
2017-05-26 18:16:00+02:00,3.3,1.3,1.0,4.4,40.5,24.1,19.6,2.5,0.3,18.1,11.6,24.5,2.6,6.1,5.2,11.0,1.6,5.9,22.8,39.5,16.2,3.1,23.2,4.8,48.3,15.0,7.8,7.5,41.7,2.7,8.8,14.0,0.4,22.7,20.2,17.5,14.0,6.4,3.2,7.6,4.0,0.4
2017-05-26 18:17:00+02:00,1.6,0.6,0.6,1.5,21.0,11.5,8.8,0.2,0.2,9.8,7.1,11.5,0.3,2.4,2.9,5.6,0.8,2.2,10.7,20.6,6.9,1.8,10.9,2.1,25.2,9.1,3.4,3.5,21.5,0.3,5.2,5.8,0.6,13.1,11.7,10.3,8.2,3.7,1.9,4.5,2.4,0.3
2017-05-26 18:18:00+02:00,0.4,1.6,0.4,1.5,5.5,2.2,1.5,0.2,0.3,3.2,2.8,2.1,0.1,1.1,1.2,1.6,0.3,0.9,1.9,5.5,1.0,0.8,2.0,0.4,6.9,3.5,0.9,0.7,5.7,0.1,2.2,0.8,0.7,5.2,4.7,4.2,3.5,1.6,0.7,1.9,1.0,0.2
2017-05-26 18:19:00+02:00,0.6,1.5,0.4,0.8,8.0,4.2,3.0,0.3,0.2,3.9,3.1,4.1,0.4,1.6,1.3,2.0,0.3,1.4,3.8,8.0,2.2,0.9,3.9,0.6,9.6,3.9,0.5,1.1,8.2,0.4,2.3,1.8,0.7,6.1,5.5,4.9,4.0,1.8,0.8,2.2,1.1,0.2
2017-05-26 18:20:00+02:00,2.9,1.0,0.8,4.0,36.4,21.4,17.5,2.1,0.2,16.0,10.9,21.7,2.2,5.3,4.5,9.5,1.4,5.2,20.0,35.7,14.3,2.7,20.3,4.0,43.2,14.0,7.1,6.3,37.4,2.2,7.8,12.4,0.5,20.6,18.4,15.9,12.7,5.9,2.9,6.8,3.6,0.3
2017-05-26 18:21:00+02:00,2.3,1.3,0.8,4.5,39.1,23.1,18.8,2.2,0.2,16.2,11.5,23.5,2.4,5.6,4.7,9.3,1.5,5.5,21.6,38.3,15.4,2.8,21.9,3.4,46.3,14.8,7.8,6.0,40.1,2.3,8.2,13.4,0.5,21.8,19.5,16.9,13.4,6.2,3.1,7.3,3.8,0.4
2017-05-26 18:22:00+02:00,2.2,1.6,0.8,4.8,37.6,21.5,19.0,2.1,0.2,16.0,11.4,22.2,2.3,5.6,4.6,9.1,1.4,5.5,20.1,36.9,15.6,2.8,20.3,3.3,44.8,14.7,8.1,5.8,38.6,2.3,8.2,13.6,0.5,21.6,19.3,16.7,13.3,6.0,3.1,7.2,3.8,0.4
2017-05-26 18:23:00+02:00,2.2,1.7,0.8,4.9,37.5,21.4,19.0,2.1,0.2,16.0,11.5,22.1,2.3,5.5,4.6,9.0,1.4,5.4,20.0,36.9,15.6,2.8,20.3,3.3,44.7,14.7,8.1,5.7,38.5,2.3,8.2,13.6,0.6,21.6,19.3,16.7,13.3,6.0,3.1,7.2,3.8,0.3
2017-05-26 18:24:00+02:00,2.2,1.6,0.8,4.6,36.3,20.8,18.4,2.0,0.2,15.1,11.4,21.5,2.2,5.4,4.5,8.2,1.4,5.3,19.5,36.2,15.2,2.7,19.7,3.3,43.5,14.7,7.8,5.2,37.3,2.2,8.1,13.2,0.7,21.6,19.3,16.7,13.3,6.1,3.1,7.2,3.8,0.3
2017-05-26 18:25:00+02:00,2.6,2.1,0.8,5.4,37.3,22.5,19.3,2.0,0.2,15.5,11.3,23.2,2.2,5.4,4.5,8.6,1.4,5.3,21.2,37.7,16.0,2.7,21.4,3.7,44.3,14.6,8.6,5.7,38.3,2.2,8.1,14.1,0.4,21.5,19.2,16.7,13.2,6.0,3.1,7.2,3.8,0.3
2017-05-26 18:26:00+02:00,2.6,2.1,0.8,5.3,38.1,23.3,19.2,2.0,0.2,15.7,11.3,24.0,2.2,5.5,4.5,8.8,1.3,5.4,22.0,38.5,16.0,2.7,22.2,3.7,45.1,14.5,8.5,5.6,39.1,2.2,8.1,14.0,0.5,20.9,18.7,16.1,13.3,6.0,3.1,7.3,3.8,0.3
2017-05-26 18:27:00+02:00,2.6,1.7,0.8,4.9,37.3,22.7,18.7,1.9,0.2,15.7,11.2,23.4,2.1,5.4,4.4,8.8,1.3,5.3,21.4,37.8,15.4,2.6,21.6,3.7,44.3,14.4,8.1,5.6,38.3,2.1,8.0,13.5,0.5,20.3,18.2,15.6,13.2,6.0,3.0,7.2,3.8,0.3
2017-05-26 18:28:00+02:00,2.6,1.9,0.7,4.0,37.0,21.6,17.7,1.9,0.2,15.6,11.0,22.3,2.1,5.3,4.3,8.7,1.3,5.2,20.4,36.6,14.4,2.6,20.6,3.6,43.9,14.3,7.2,5.5,37.9,2.1,7.9,12.5,0.5,20.0,17.8,15.3,13.0,5.9,3.0,7.1,3.7,0.3
2017-05-26 18:29:00+02:00,1.9,2.3,0.7,4.9,37.8,22.5,18.7,2.1,0.2,14.7,10.9,23.2,2.2,5.5,4.3,7.9,1.3,5.4,21.3,37.3,15.5,2.5,21.5,2.9,44.1,14.2,8.1,4.7,38.0,2.2,7.8,13.6,0.5,20.4,18.3,15.8,12.7,5.9,3.0,6.8,3.5,0.2
2017-05-26 18:30:00+02:00,1.6,1.9,0.7,4.8,37.6,22.4,18.6,2.1,0.2,14.4,10.8,23.0,2.2,5.6,4.2,7.7,1.2,5.5,21.3,37.0,15.5,2.5,21.4,2.8,43.8,14.0,8.1,4.5,37.8,2.3,7.7,13.6,0.2,20.2,18.0,15.6,12.5,5.8,3.0,6.7,3.4,0.2
2017-05-26 18:31:00+02:00,1.9,2.0,0.7,5.0,36.6,22.2,18.5,2.1,0.2,15.0,10.6,22.8,2.1,5.3,4.1,8.2,1.2,5.3,21.1,36.6,15.3,2.4,21.2,3.1,43.4,13.8,8.3,5.1,37.5,2.2,7.6,13.6,0.1,19.7,17.6,15.2,12.3,5.7,2.9,6.6,3.3,0.2
2017-05-26 18:32:00+02:00,2.1,2.2,0.6,5.1,35.0,21.6,18.0,1.9,0.1,14.7,10.4,22.2,2.0,5.0,4.0,8.0,1.2,5.1,20.6,35.8,14.9,2.4,20.7,3.0,41.3,13.6,8.3,4.9,35.9,2.1,7.4,13.3,0.1,19.3,17.3,15.0,12.1,5.6,2.9,6.5,3.3,0.2
2017-05-26 18:33:00+02:00,2.1,2.3,0.6,5.2,34.5,21.3,17.7,1.9,0.2,14.4,10.2,21.9,2.0,4.9,3.9,7.8,1.1,5.0,20.3,35.2,14.7,2.3,20.4,2.9,39.7,13.3,8.3,4.7,34.4,2.0,7.2,13.2,0.1,19.0,17.0,14.8,11.9,5.5,2.8,6.4,3.2,0.1
2017-05-26 18:34:00+02:00,2.2,2.3,0.6,5.3,36.2,21.9,18.2,1.9,0.2,14.7,10.5,22.4,2.0,5.1,4.0,8.0,1.1,5.2,20.8,36.0,15.2,2.3,21.0,3.0,41.1,13.6,8.5,4.9,35.7,2.1,7.4,13.6,0.1,19.5,17.5,15.2,12.2,5.7,2.9,6.5,3.3,0.1
2017-05-26 18:35:00+02:00,2.1,2.4,0.6,5.4,35.9,22.2,18.6,1.8,0.1,14.6,10.4,22.7,1.9,5.0,3.9,7.9,1.1,5.1,21.3,36.2,15.5,2.3,21.4,3.0,40.9,13.5,8.6,4.8,35.4,2.0,7.3,13.6,0.1,19.4,17.4,15.1,12.1,5.6,2.8,6.5,3.3,0.1
2017-05-26 18:36:00+02:00,2.2,2.4,0.6,5.4,36.0,22.2,18.6,1.8,0.1,14.5,10.4,22.8,2.0,4.9,3.9,7.9,1.1,5.0,21.3,36.2,15.6,2.3,21.4,3.0,40.9,13.5,8.6,4.9,35.5,1.9,7.3,13.6,0.2,19.4,17.4,15.1,12.1,5.6,2.8,6.5,3.3,0.1
2017-05-26 18:37:00+02:00,2.2,2.3,0.6,5.1,34.6,21.0,18.2,1.8,0.1,14.4,10.3,21.5,1.9,4.8,3.8,7.8,1.1,4.9,20.1,34.8,15.1,2.2,20.2,3.0,40.0,13.3,8.3,4.8,34.0,1.9,7.2,13.1,0.3,19.2,17.2,15.0,12.1,5.5,2.8,6.5,3.3,0.2
2017-05-26 18:38:00+02:00,2.2,2.2,0.5,5.0,33.9,20.7,18.0,1.7,0.1,14.4,10.3,21.1,1.9,4.7,3.8,7.8,1.1,4.8,19.8,34.5,14.9,2.2,19.9,3.0,39.5,13.3,8.2,4.7,33.4,1.8,7.2,12.9,0.3,19.1,17.2,14.9,12.0,5.5,2.8,6.5,3.3,0.1
2017-05-26 18:39:00+02:00,2.2,2.3,0.5,5.3,34.2,20.9,18.2,1.7,0.1,14.3,10.1,21.3,1.8,4.6,3.7,7.8,1.1,4.8,20.0,34.5,15.1,2.1,20.1,2.9,40.7,13.2,8.5,4.7,34.8,1.8,7.1,13.1,0.3,19.0,17.1,14.9,12.0,5.5,2.8,6.5,3.3,0.1
2017-05-26 18:40:00+02:00,2.1,2.4,0.5,5.4,34.6,20.5,17.8,1.6,0.1,14.2,10.0,21.0,1.7,4.6,3.7,7.7,1.1,4.7,19.7,34.0,14.7,2.1,19.7,2.8,40.9,13.1,8.6,4.6,35.0,1.8,7.0,13.2,0.2,18.7,17.1,14.8,11.9,5.5,2.8,6.4,3.3,0.1
2017-05-26 18:41:00+02:00,1.8,2.3,0.5,5.3,32.5,19.1,16.4,0.5,0.1,13.8,9.4,19.6,0.4,3.4,3.6,7.4,1.0,3.5,18.3,32.0,13.3,2.0,18.3,2.5,38.8,12.4,8.5,4.3,32.9,0.6,6.9,11.9,0.3,18.0,17.2,15.0,12.1,5.5,2.8,6.6,3.4,0.1
2017-05-26 18:42:00+02:00,1.6,2.2,0.5,5.3,32.2,18.6,15.9,0.5,0.1,13.7,9.7,19.1,0.4,3.4,3.5,7.3,1.0,3.5,17.9,31.7,12.8,2.0,17.9,2.4,38.5,12.6,8.5,4.2,32.6,0.6,6.8,11.9,0.3,18.3,17.0,14.8,11.9,5.3,2.6,6.6,3.4,0.1
2017-05-26 18:43:00+02:00,1.6,2.2,0.5,5.3,32.8,19.5,15.9,0.4,0.1,13.6,9.8,19.9,0.4,3.3,3.5,7.2,1.0,3.4,18.8,32.3,12.8,1.9,18.7,2.4,39.0,12.4,8.4,4.1,33.2,0.5,6.8,11.7,0.2,18.8,17.0,14.8,11.9,5.3,2.6,6.6,3.4,0.1
2017-05-26 18:44:00+02:00,1.6,2.2,0.5,5.3,34.2,20.4,16.8,1.4,0.1,13.5,9.7,20.8,1.3,4.3,3.4,7.1,1.0,4.5,19.7,33.7,13.7,1.9,19.7,2.3,40.2,12.9,8.4,4.1,34.4,1.5,6.7,12.7,0.1,18.6,16.9,14.7,11.8,5.2,2.6,6.5,3.4,0.1
2017-05-26 18:45:00+02:00,1.6,2.3,0.4,5.4,34.5,21.0,17.4,1.3,0.1,13.7,9.6,21.4,1.2,4.3,3.3,7.3,0.8,4.5,20.3,34.1,14.3,1.9,20.3,2.2,40.5,12.6,8.6,4.2,34.7,1.5,6.6,12.9,0.1,18.5,16.7,14.6,11.6,5.3,2.7,6.3,3.3,0.1
2017-05-26 18:46:00+02:00,2.3,2.2,0.4,5.3,34.0,20.6,17.0,0.9,0.1,14.4,9.6,21.0,1.2,4.0,3.3,8.1,0.8,4.1,19.9,33.6,14.0,1.8,19.9,3.1,40.0,12.6,8.5,5.0,34.3,1.1,6.6,12.5,0.1,18.4,16.7,14.6,11.6,5.3,2.7,6.3,3.3,0.1
2017-05-26 18:47:00+02:00,2.9,2.0,0.4,5.1,33.2,20.3,16.7,0.6,0.1,14.9,9.6,20.7,1.3,3.8,3.2,8.9,0.9,3.8,19.6,33.1,13.7,1.8,19.6,4.0,39.1,12.4,8.4,5.9,33.5,0.8,6.5,12.2,0.1,18.2,16.6,14.4,11.4,5.2,2.6,6.2,3.2,0.1
2017-05-26 18:48:00+02:00,2.4,1.6,0.4,3.8,31.9,18.9,15.4,0.6,0.1,14.3,9.5,19.3,1.2,3.8,3.2,8.4,0.9,3.8,18.2,31.8,12.4,1.8,18.3,3.5,37.8,12.6,7.0,5.3,32.0,0.8,6.5,10.8,0.1,17.7,16.6,14.5,11.5,5.3,2.7,6.2,3.2,0.1
2017-05-26 18:49:00+02:00,2.9,2.0,0.4,4.1,31.7,18.9,15.4,0.7,0.1,14.6,9.3,19.3,1.2,3.8,3.1,8.6,0.9,3.9,18.3,31.6,12.5,1.7,18.3,3.8,37.2,12.3,7.3,5.6,31.9,0.8,6.3,11.2,0.2,16.7,16.1,14.0,11.0,5.2,2.6,5.8,2.8,0.1
2017-05-26 18:50:00+02:00,2.8,2.1,0.4,4.7,31.8,19.3,15.9,0.6,0.1,14.4,9.2,19.7,1.1,3.7,3.1,8.5,0.8,3.8,18.8,31.7,13.0,1.7,18.8,3.7,37.4,12.0,7.9,5.5,31.9,0.8,6.2,11.6,0.2,16.5,15.9,13.9,10.9,5.2,2.6,5.7,2.8,0.1
2017-05-26 18:51:00+02:00,2.8,2.2,0.4,5.2,32.1,19.9,16.4,0.5,0.1,14.3,9.1,20.2,1.0,3.7,3.0,8.4,0.7,3.7,19.3,32.2,13.5,1.7,19.3,3.7,37.6,12.0,8.5,5.5,32.2,0.7,6.1,12.1,0.2,16.6,16.0,14.0,11.1,5.1,2.6,6.0,3.1,0.1
2017-05-26 18:52:00+02:00,2.8,2.0,0.4,5.0,31.7,19.6,16.2,0.7,0.0,14.2,9.0,19.9,1.0,3.8,3.0,8.4,0.8,3.8,19.1,31.7,13.3,1.7,19.1,3.6,36.8,11.8,8.2,5.4,31.7,0.9,6.1,12.0,0.4,16.4,15.9,13.9,11.0,5.2,2.6,5.9,2.9,0.1
2017-05-26 18:53:00+02:00,2.8,2.1,0.3,5.1,30.0,18.5,15.1,0.4,0.1,14.2,8.9,18.8,0.8,2.8,2.9,8.3,0.7,2.8,17.9,30.6,12.3,1.6,17.9,3.6,35.5,11.9,8.3,5.3,30.1,0.3,6.0,11.1,0.3,16.3,15.8,13.8,11.0,5.2,2.6,5.9,3.0,0.1
2017-05-26 18:54:00+02:00,2.8,1.5,0.3,4.6,29.6,17.9,14.7,0.3,0.1,14.1,8.9,18.3,0.9,2.9,2.9,8.2,0.7,3.0,17.5,30.1,11.9,1.6,17.5,3.6,35.0,11.8,7.8,5.3,29.8,0.3,6.0,10.7,0.8,16.1,15.7,13.7,11.0,5.1,2.6,5.8,3.0,0.1
2017-05-26 18:55:00+02:00,2.8,1.0,0.3,4.0,29.7,17.5,14.3,0.3,0.1,14.1,8.8,17.8,1.0,3.0,2.8,8.3,0.7,3.1,17.0,29.3,11.4,1.6,17.0,3.6,34.8,11.5,7.2,5.4,30.1,0.3,5.9,10.2,1.3,16.2,15.5,13.6,10.8,5.0,2.5,5.8,3.0,0.1
2017-05-26 18:56:00+02:00,2.8,2.1,0.3,5.1,30.8,18.5,15.3,0.3,0.1,14.0,8.7,18.8,1.0,3.0,2.7,8.3,0.7,3.1,18.1,30.4,12.5,1.5,18.1,3.7,36.4,11.6,8.2,5.4,31.1,0.3,5.8,11.2,0.2,16.7,15.4,13.5,10.7,5.0,2.5,5.8,3.0,0.1
2017-05-26 18:57:00+02:00,2.8,2.1,0.3,5.1,29.4,17.9,14.7,0.3,0.1,13.9,8.6,18.1,0.7,2.8,2.7,8.2,0.7,2.9,17.5,29.0,11.9,1.5,17.4,3.7,34.5,10.9,7.8,5.3,29.7,0.3,5.7,10.6,0.2,16.6,15.2,13.3,10.7,4.9,2.5,5.8,2.9,0.1
2017-05-26 18:58:00+02:00,2.8,2.1,0.3,5.1,26.1,16.6,13.5,1.0,0.1,13.8,8.5,16.9,0.4,2.0,2.6,8.2,0.7,2.1,16.2,25.8,10.7,1.4,16.2,3.6,31.2,9.0,7.4,5.3,26.4,0.8,5.7,9.4,0.2,16.5,15.2,13.3,10.6,4.9,2.5,5.7,2.9,0.1
2017-05-26 18:59:00+02:00,2.8,2.0,0.3,5.0,27.4,18.0,14.8,0.6,0.1,13.7,8.5,18.2,0.9,3.5,2.6,8.0,0.7,3.6,17.6,27.0,12.1,1.4,17.6,3.5,32.2,8.9,7.3,5.2,27.6,0.8,5.6,10.8,0.2,16.4,15.1,13.2,10.5,4.8,2.4,5.7,2.9,0.1
2017-05-26 19:00:00+02:00,2.7,1.9,0.3,4.7,27.4,18.0,15.0,0.8,0.2,13.6,8.4,18.2,1.0,3.7,2.5,8.0,0.7,3.8,17.7,27.0,12.2,1.4,17.6,3.4,32.0,8.8,7.2,5.1,27.4,1.0,5.5,11.0,0.4,16.2,15.0,13.2,10.5,4.8,2.4,5.7,2.9,0.1
2017-05-26 19:01:00+02:00,2.2,1.9,0.2,4.6,27.4,18.2,15.3,0.8,0.2,12.8,8.3,18.4,0.9,3.8,2.4,7.2,0.7,3.7,17.9,27.0,12.5,1.3,17.9,2.7,32.3,8.7,7.5,4.4,27.5,0.9,5.4,11.3,0.4,15.8,14.7,12.8,10.4,4.7,2.4,5.6,2.9,0.0
2017-05-26 19:02:00+02:00,1.7,1.9,0.3,4.6,27.5,18.3,15.3,0.7,0.1,12.1,8.3,18.5,0.9,3.8,2.4,6.3,0.6,3.7,18.0,27.1,12.6,1.3,17.9,1.8,32.4,8.7,7.5,3.5,27.6,0.8,5.4,11.4,0.3,16.0,14.8,13.0,10.3,4.7,2.4,5.6,2.9,0.1
2017-05-26 19:03:00+02:00,1.7,2.0,0.3,4.6,26.3,17.2,14.2,0.5,0.1,12.1,8.3,17.4,0.9,2.7,2.4,6.2,0.6,2.6,16.9,26.0,11.5,1.3,16.8,1.8,31.4,8.6,7.6,3.5,26.4,0.4,5.4,10.3,0.3,15.9,14.8,13.0,10.3,4.7,2.3,5.6,2.9,0.1
2017-05-26 19:04:00+02:00,1.6,2.0,0.3,4.7,26.2,16.6,13.8,1.1,0.1,12.0,8.1,16.8,0.9,2.4,2.3,6.2,0.7,2.3,16.4,25.9,11.1,1.3,16.4,1.8,31.3,9.1,7.6,3.4,26.4,1.0,5.3,9.9,0.2,15.9,14.7,12.9,10.2,4.6,2.3,5.6,2.9,0.1
2017-05-26 19:05:00+02:00,1.5,2.0,0.3,4.6,27.8,16.5,13.7,1.2,0.1,11.9,8.0,16.7,0.9,2.4,2.3,6.1,0.6,2.3,16.3,27.4,11.0,1.3,16.3,1.6,32.9,10.8,7.5,3.2,28.1,1.1,5.2,9.8,0.3,15.6,14.5,12.7,10.1,4.6,2.3,5.5,2.9,0.1
2017-05-26 19:06:00+02:00,0.8,2.0,0.2,4.6,27.7,16.7,13.9,0.6,0.1,11.0,7.7,16.9,0.8,2.6,2.3,5.3,0.6,2.5,16.5,27.3,11.2,1.2,16.5,0.9,32.7,10.5,7.4,2.4,27.9,0.4,5.1,10.0,0.2,15.5,14.3,12.6,9.9,4.5,2.3,5.4,2.8,0.2
2017-05-26 19:07:00+02:00,0.8,1.9,0.2,4.5,26.6,16.1,13.6,0.7,0.1,9.8,7.4,16.2,0.7,2.4,2.2,4.0,0.5,2.4,15.9,26.3,10.9,1.2,15.9,0.9,31.5,10.2,7.3,1.2,26.9,0.5,5.1,9.7,0.4,15.3,14.2,12.4,9.8,4.5,2.3,5.3,2.7,0.3
2017-05-26 19:08:00+02:00,1.8,1.8,0.2,4.4,26.5,15.6,13.1,0.7,0.0,11.5,7.8,15.7,0.7,2.3,2.2,5.7,0.5,2.3,15.4,26.2,10.5,1.2,15.4,1.8,31.4,10.5,7.0,2.9,26.7,0.5,5.0,9.3,0.3,15.1,14.0,12.3,9.8,4.5,2.3,5.3,2.7,0.3
2017-05-26 19:09:00+02:00,1.9,1.8,0.2,4.4,26.2,15.3,13.0,0.7,0.0,11.9,7.7,15.4,0.6,2.3,2.1,6.2,0.5,2.3,15.2,25.9,10.4,1.2,15.2,1.9,31.0,10.4,6.9,3.4,26.4,0.5,5.0,9.2,0.3,15.1,14.0,12.3,9.8,4.5,2.3,5.3,2.7,0.2
2017-05-26 19:10:00+02:00,1.9,1.8,0.2,4.4,25.2,14.4,12.1,1.3,0.0,11.8,7.6,14.6,0.2,1.2,2.0,6.1,0.5,1.7,14.3,24.9,9.5,1.1,14.3,1.9,29.8,10.3,7.2,3.4,25.2,1.1,4.9,8.3,0.3,13.7,12.9,11.2,8.6,3.4,1.2,5.3,2.8,0.1
2017-05-26 19:11:00+02:00,2.1,1.8,0.2,4.3,25.1,14.6,12.2,1.6,0.0,11.7,7.5,14.7,0.4,1.3,2.0,6.2,0.5,1.4,14.4,24.8,9.6,1.1,14.4,2.0,29.1,10.2,7.1,3.5,24.6,1.4,4.7,8.4,0.2,13.0,12.6,11.0,8.6,3.4,1.3,5.2,2.7,0.4
2017-05-26 19:12:00+02:00,1.9,1.8,0.2,4.3,24.3,14.1,11.8,1.5,0.0,11.5,7.4,14.2,0.3,1.5,1.9,5.9,0.5,1.5,13.9,24.0,9.2,1.0,14.0,1.8,28.9,9.8,6.9,3.3,24.4,1.3,4.7,8.4,0.3,13.1,12.7,11.2,8.7,3.5,1.4,5.2,2.7,0.3
2017-05-26 19:13:00+02:00,2.0,1.7,0.2,4.3,23.1,13.7,11.3,0.8,0.0,11.7,7.3,13.8,0.4,2.1,1.8,6.2,0.5,2.2,13.5,22.8,8.8,1.0,13.6,2.0,27.7,9.0,6.6,3.4,23.2,0.6,4.6,8.7,0.3,13.0,12.6,11.1,8.6,3.4,1.2,5.2,2.7,0.3
2017-05-26 19:14:00+02:00,2.1,1.7,0.2,4.2,23.1,13.9,11.5,0.6,0.0,11.8,7.2,14.0,0.2,2.1,1.9,6.3,0.5,2.5,13.7,22.8,8.9,1.0,13.7,2.1,27.7,8.9,6.8,3.5,23.2,0.4,4.7,8.8,0.2,13.1,12.7,11.2,8.7,3.4,1.3,5.2,2.7,0.2
2017-05-26 19:15:00+02:00,2.4,1.6,0.2,3.7,23.0,14.2,12.0,0.3,0.0,12.0,6.9,14.3,0.3,2.5,1.8,6.4,0.4,2.7,14.2,22.8,9.4,1.0,14.1,2.3,27.5,8.5,6.3,3.6,23.1,0.3,4.6,8.7,0.4,13.0,12.7,11.1,8.6,3.4,1.3,5.2,2.7,0.2
2017-05-26 19:16:00+02:00,1.6,1.5,0.2,3.6,22.5,14.2,12.0,0.4,0.0,11.0,6.6,14.2,0.3,2.6,1.8,5.5,0.3,2.6,14.3,22.3,9.5,0.9,14.1,1.4,27.1,8.1,5.8,2.7,22.6,0.3,4.6,8.4,0.4,12.9,12.5,11.0,8.5,3.3,1.3,5.2,2.6,0.1
2017-05-26 19:17:00+02:00,1.2,1.6,0.2,3.7,22.6,13.9,11.8,0.5,0.0,10.4,7.1,13.9,0.4,2.4,1.8,5.0,0.2,2.4,14.0,22.5,9.2,0.9,13.8,1.0,27.1,8.6,5.7,2.2,22.7,0.4,4.5,8.1,0.3,12.9,12.5,11.0,8.5,3.3,1.3,5.2,2.7,0.1
2017-05-26 19:18:00+02:00,1.8,1.8,0.2,4.0,23.6,14.8,12.6,0.5,0.1,11.1,7.1,14.9,0.4,2.4,1.8,5.7,0.3,2.4,14.9,23.5,10.1,1.0,14.7,1.7,28.2,8.6,6.6,2.9,23.7,0.4,4.5,9.0,0.1,12.8,12.4,10.9,8.4,3.3,1.2,5.1,2.6,0.3
2017-05-26 19:19:00+02:00,1.6,1.8,0.2,4.2,23.9,15.1,12.8,0.5,0.1,10.8,7.1,15.2,0.4,2.4,1.8,5.4,0.3,2.4,15.1,23.7,10.3,1.0,14.9,1.5,28.5,8.6,6.9,2.7,24.0,0.4,4.5,9.3,0.1,12.8,12.4,11.0,8.3,3.2,1.2,5.1,2.6,0.3
2017-05-26 19:20:00+02:00,1.8,1.8,0.2,4.5,23.9,15.3,13.0,0.5,0.1,11.0,7.0,15.3,0.4,2.4,1.8,5.6,0.3,2.4,15.2,23.8,10.5,1.0,15.0,1.7,28.5,8.4,7.1,2.9,24.0,0.3,4.5,9.6,0.0,12.5,12.2,10.8,8.2,3.1,1.1,5.1,2.6,0.3
2017-05-26 19:21:00+02:00,1.3,1.7,0.2,4.4,23.3,14.8,12.7,0.5,0.1,10.3,6.9,14.9,0.5,2.3,1.7,5.0,0.3,2.3,14.9,23.2,10.2,1.0,14.6,1.2,27.8,8.2,7.0,2.4,23.3,0.4,4.4,9.3,0.1,12.5,12.2,10.8,8.2,3.2,1.3,5.0,2.6,0.1
2017-05-26 19:22:00+02:00,1.3,1.6,0.2,4.2,22.4,14.2,11.8,0.6,0.1,10.1,6.7,14.3,0.5,2.1,1.6,4.9,0.3,2.2,14.3,22.3,9.4,0.9,14.0,1.2,26.6,8.0,6.8,2.3,22.4,0.5,4.3,8.9,0.1,12.0,11.8,10.4,7.9,3.0,1.1,4.9,2.5,0.0
2017-05-26 19:23:00+02:00,1.5,1.5,0.2,4.2,21.4,13.4,11.0,0.6,0.1,10.1,6.6,13.4,0.6,2.0,1.5,5.0,0.3,2.0,13.5,21.3,8.5,0.9,13.2,1.3,25.5,7.9,6.7,2.4,21.4,0.6,4.2,8.7,0.2,11.8,11.6,10.2,7.9,3.1,1.2,4.8,2.5,0.0
2017-05-26 19:24:00+02:00,1.7,1.5,0.2,3.7,21.6,13.6,11.2,0.6,0.1,10.3,6.5,13.7,0.6,1.9,1.5,5.2,0.2,2.0,13.7,21.5,8.8,0.8,13.5,1.6,25.7,7.9,6.2,2.6,21.6,0.6,4.1,8.1,0.2,11.4,11.2,9.9,7.7,2.9,1.1,4.8,2.5,0.0
2017-05-26 19:25:00+02:00,1.5,1.4,0.2,3.4,20.8,12.9,10.9,0.7,0.1,9.7,6.4,12.9,0.6,1.9,1.5,4.7,0.2,2.0,13.0,20.7,8.5,0.8,12.8,1.4,24.9,7.8,5.9,2.5,20.8,0.6,4.0,7.8,0.2,10.5,10.2,8.9,6.7,1.9,0.1,4.8,2.4,0.0
2017-05-26 19:26:00+02:00,1.6,1.4,0.2,3.5,20.2,12.6,10.7,0.7,0.1,8.9,6.2,12.6,0.6,1.8,1.4,3.9,0.2,1.9,12.7,20.2,8.4,0.8,12.5,1.5,24.2,7.5,6.0,2.5,20.2,0.7,3.9,7.7,0.2,10.4,9.5,8.2,6.0,1.4,0.4,4.6,2.4,0.0
2017-05-26 19:27:00+02:00,1.4,1.4,0.2,3.3,18.9,11.5,10.3,0.7,0.1,9.1,5.9,11.6,0.6,1.6,1.8,4.3,0.2,1.7,12.2,18.9,8.0,0.7,11.4,1.3,22.7,7.4,5.7,2.2,18.9,0.7,3.8,7.3,0.2,10.0,9.1,7.9,5.8,1.3,0.4,4.5,2.3,0.0
2017-05-26 19:28:00+02:00,1.4,1.3,0.2,3.1,18.4,11.0,9.7,0.8,0.1,8.9,5.6,11.1,0.7,1.5,1.7,4.4,0.2,1.6,11.9,18.4,7.6,0.7,10.9,1.3,22.2,7.4,5.4,2.2,18.4,0.8,3.5,6.9,0.2,9.5,8.6,7.5,5.5,1.2,0.5,4.3,2.2,0.0
2017-05-26 19:29:00+02:00,1.2,1.2,0.2,2.9,18.3,11.0,9.5,0.5,0.1,8.5,5.5,11.0,0.5,1.8,1.2,4.0,0.1,1.9,11.8,18.3,7.5,0.7,10.9,1.1,21.2,7.3,5.1,1.9,18.3,0.6,3.5,6.9,0.2,9.1,8.3,7.3,5.4,1.2,0.4,4.2,2.1,0.0
2017-05-26 19:30:00+02:00,1.2,1.1,0.2,3.1,17.2,10.0,9.3,0.5,0.1,8.1,5.3,10.1,0.5,1.6,1.1,3.8,0.1,1.7,11.5,17.2,7.3,0.6,9.9,1.1,19.7,7.1,5.2,1.9,17.1,0.7,3.3,6.7,0.2,9.5,8.7,7.8,5.9,1.9,0.4,4.0,2.1,0.0
2017-05-26 19:31:00+02:00,0.8,1.1,0.1,3.0,15.5,8.5,8.8,0.6,0.1,7.6,5.3,8.5,0.6,1.5,1.1,3.4,0.1,1.5,10.9,15.5,6.9,0.7,8.5,0.8,18.9,7.0,4.9,1.5,15.4,0.8,3.3,6.4,0.2,9.3,8.5,7.6,5.8,1.8,0.3,3.9,2.1,0.0
2017-05-26 19:32:00+02:00,1.8,1.0,0.1,2.9,16.5,9.5,8.3,0.8,0.1,8.7,5.3,9.5,0.7,1.3,1.0,4.6,0.1,1.2,10.4,16.5,6.4,0.6,9.5,1.9,19.7,7.0,4.7,2.7,16.4,1.0,3.1,5.9,0.2,8.8,8.2,7.3,5.5,1.7,0.3,3.8,2.0,0.1
2017-05-26 19:33:00+02:00,1.9,1.1,0.1,3.0,17.3,9.9,8.7,0.8,0.1,9.2,5.5,10.0,0.7,1.3,1.0,4.9,0.1,1.3,10.9,17.3,6.7,0.6,10.0,2.1,20.6,7.4,5.0,2.8,17.2,1.0,3.3,6.2,0.2,8.8,8.1,7.2,5.9,1.9,0.3,4.0,2.1,0.1
2017-05-26 19:34:00+02:00,1.6,1.1,0.1,3.0,16.6,9.3,8.8,0.9,0.0,9.0,5.5,9.3,0.8,1.3,1.0,4.7,0.0,1.3,10.9,16.6,6.8,0.6,9.3,1.8,19.7,7.3,5.0,2.6,16.4,1.1,3.2,6.3,0.2,9.5,8.8,7.8,5.9,1.8,0.4,4.1,2.1,0.1
2017-05-26 19:35:00+02:00,1.8,1.0,0.1,2.9,14.8,7.9,8.1,1.1,0.0,8.7,5.2,7.9,1.0,1.3,0.9,4.7,0.0,1.3,10.1,14.8,6.2,0.6,7.9,2.0,17.6,7.0,4.8,2.8,14.5,1.3,3.1,5.9,0.2,8.9,8.2,7.3,5.5,1.6,0.2,3.9,2.0,0.1
2017-05-26 19:36:00+02:00,1.1,1.1,0.1,3.0,15.8,8.9,8.3,0.9,0.0,8.0,5.4,8.6,0.8,1.1,1.0,4.1,0.0,1.1,10.4,15.8,6.3,0.6,8.8,1.3,18.7,7.2,5.0,2.1,15.4,1.4,3.2,6.0,0.2,9.3,8.6,7.7,5.8,1.7,0.3,4.0,2.1,0.1
2017-05-26 19:37:00+02:00,0.9,1.1,0.1,3.0,13.5,7.6,6.4,1.8,0.0,7.7,5.2,6.6,1.6,1.0,0.9,3.8,0.0,1.0,8.5,13.6,4.5,0.5,7.6,1.0,16.1,7.0,4.9,1.8,13.1,3.0,3.1,4.1,0.2,9.1,8.5,7.5,5.6,1.6,0.2,4.0,2.1,0.1
2017-05-26 19:38:00+02:00,0.8,1.1,0.1,2.8,12.3,6.8,5.5,2.5,0.1,7.5,5.1,5.5,2.3,1.6,0.9,3.7,0.0,1.6,7.6,12.4,3.6,0.5,6.8,0.9,14.9,6.9,4.7,1.7,11.9,3.8,3.0,3.2,0.2,9.0,8.3,7.3,5.5,1.6,0.2,3.9,2.0,0.2
2017-05-26 19:39:00+02:00,0.7,0.7,0.1,2.5,10.0,4.8,4.9,2.6,0.1,7.0,5.0,3.4,2.5,1.8,0.9,3.5,0.0,1.8,7.0,10.1,3.1,0.5,4.7,0.8,12.8,6.7,4.4,1.6,9.7,3.8,2.9,2.7,0.6,8.7,8.1,7.1,5.4,1.6,0.2,3.8,2.0,0.2
2017-05-26 19:40:00+02:00,1.6,0.7,0.1,2.4,9.4,4.1,3.8,3.6,0.1,8.0,4.9,3.0,3.5,2.8,0.8,4.2,0.1,2.8,5.7,9.5,2.0,0.5,4.1,1.7,12.0,6.6,4.3,2.4,9.0,4.9,2.9,1.7,0.6,9.0,8.5,7.5,5.8,2.1,0.9,3.7,1.9,0.2
2017-05-26 19:41:00+02:00,1.6,1.1,0.1,2.7,8.1,3.0,2.4,5.0,0.1,7.8,4.8,1.8,4.8,4.3,0.8,4.2,0.2,4.3,4.4,8.2,0.9,0.5,2.9,1.7,10.7,6.5,4.5,2.3,7.7,6.3,2.8,0.7,0.2,8.8,8.2,7.3,5.7,2.1,0.9,3.6,1.8,0.2
2017-05-26 19:42:00+02:00,1.5,1.0,0.1,2.6,8.6,3.4,2.0,5.1,0.1,7.7,4.2,2.8,5.0,4.6,0.8,4.0,0.1,4.6,3.8,8.7,0.7,0.5,3.3,1.6,11.1,5.9,4.4,2.3,8.2,6.5,2.7,0.7,0.3,8.5,8.0,7.1,5.5,2.0,0.8,3.5,1.8,0.2
2017-05-26 19:43:00+02:00,1.5,0.7,0.1,2.3,6.9,2.5,3.1,3.6,0.1,7.6,3.5,1.7,3.4,3.1,0.7,3.9,0.1,3.0,4.9,7.0,1.5,0.5,2.5,1.6,9.3,5.3,4.0,2.2,6.3,5.0,2.6,1.3,0.3,8.4,7.9,7.0,5.4,2.0,0.8,3.5,1.8,0.2
2017-05-26 19:44:00+02:00,1.4,0.6,0.1,2.0,9.5,5.1,5.4,0.6,0.1,7.4,3.4,4.4,0.5,0.2,0.6,3.8,0.1,0.1,7.0,9.5,3.8,0.5,5.1,1.5,11.7,5.2,3.6,2.1,8.7,2.0,2.5,3.6,0.3,8.2,7.7,6.9,5.3,2.0,0.8,3.4,1.7,0.2
2017-05-26 19:45:00+02:00,1.4,1.0,0.1,2.5,11.4,6.9,6.1,0.3,0.1,7.2,3.3,6.5,0.3,0.2,0.7,3.6,0.1,0.2,7.2,11.5,4.5,0.4,6.8,1.4,13.6,5.1,4.2,2.0,10.7,1.8,2.5,4.3,0.2,8.2,7.7,6.9,5.4,2.0,0.8,3.4,1.7,0.1
2017-05-26 19:46:00+02:00,1.5,0.9,0.1,2.4,11.7,6.8,5.8,0.4,0.1,7.3,3.3,6.8,0.4,0.1,0.6,3.7,0.1,0.1,6.8,11.8,4.1,0.4,6.8,1.5,13.9,5.0,3.9,2.1,11.0,1.8,2.5,3.9,0.2,7.9,7.5,6.8,5.3,1.9,0.8,3.4,1.7,0.1
2017-05-26 19:47:00+02:00,1.3,0.8,0.1,2.2,11.6,7.2,5.5,0.5,0.0,6.8,3.4,6.6,0.4,0.1,0.6,3.4,0.2,0.0,7.3,11.7,3.9,0.4,7.2,1.2,13.8,5.1,3.7,1.8,10.9,1.8,2.4,3.7,0.2,7.8,7.4,6.7,5.2,1.9,0.8,3.4,1.7,0.1
2017-05-26 19:48:00+02:00,0.2,0.9,0.1,2.3,11.5,6.9,5.3,0.5,0.0,5.5,4.0,5.9,0.5,0.1,0.6,2.2,0.2,0.1,7.0,11.6,3.7,0.4,6.9,0.1,13.6,5.7,3.7,0.6,10.8,1.9,2.4,3.6,0.2,7.6,7.2,6.5,5.1,1.8,0.8,3.3,1.7,0.1
2017-05-26 19:49:00+02:00,0.2,0.6,0.1,2.0,10.5,6.3,4.9,0.5,0.0,4.0,3.7,5.4,0.5,0.1,0.5,0.7,0.2,0.1,6.6,10.6,3.4,0.3,6.5,1.1,12.3,5.3,3.4,0.6,9.5,1.9,2.0,3.3,0.2,7.5,7.1,6.4,5.0,1.8,0.8,3.3,1.6,0.1
2017-05-26 19:50:00+02:00,0.3,0.6,0.1,2.0,9.0,5.3,3.9,0.6,0.0,4.3,2.7,4.8,0.6,0.4,0.5,1.0,0.2,0.2,5.6,9.1,2.4,0.3,5.4,0.9,10.9,4.3,3.3,0.4,8.1,1.9,1.9,3.1,0.4,7.3,6.8,6.2,4.9,1.7,0.8,3.2,1.6,0.1
2017-05-26 19:51:00+02:00,0.2,0.5,0.1,1.8,11.0,6.3,5.0,0.5,0.0,4.0,3.4,6.2,0.5,0.3,0.5,0.9,0.2,0.3,6.6,11.1,3.5,0.3,6.5,1.0,13.0,4.9,3.1,0.5,10.2,1.5,1.9,3.3,0.4,7.1,6.7,6.0,4.8,1.7,0.7,3.2,1.5,0.0
2017-05-26 19:52:00+02:00,0.3,0.6,0.1,1.8,10.0,6.4,5.5,0.6,0.0,4.0,3.4,5.6,0.5,0.9,0.5,0.9,0.2,0.9,7.0,10.1,4.1,0.3,6.6,0.9,11.7,4.5,3.1,0.5,8.9,1.0,1.9,3.9,0.4,6.7,6.4,5.8,4.6,1.5,0.7,3.1,1.5,0.0
2017-05-26 19:53:00+02:00,0.3,0.5,0.1,1.7,9.3,6.5,5.3,0.6,0.1,4.1,3.3,5.6,0.5,0.8,0.5,1.1,0.2,0.8,6.8,9.4,3.9,0.3,6.6,0.7,10.7,3.9,2.9,0.2,8.0,1.0,1.8,3.6,0.5,6.5,6.2,5.6,4.4,1.5,0.7,3.0,1.4,0.0
2017-05-26 19:54:00+02:00,0.5,0.5,0.1,1.6,9.6,6.0,5.2,0.6,0.2,4.9,3.2,5.1,0.5,0.8,0.4,2.0,0.2,0.8,6.6,9.7,3.8,0.3,6.2,0.3,11.0,4.6,2.9,0.7,8.4,1.1,1.7,3.6,0.6,6.4,6.0,5.4,4.3,1.4,0.7,2.9,1.4,0.0
2017-05-26 19:55:00+02:00,0.4,0.5,0.1,1.6,9.7,6.2,5.2,0.7,0.1,3.8,3.1,5.3,0.5,0.8,0.4,1.8,0.2,0.7,6.6,9.8,3.8,0.3,6.4,0.2,11.7,4.5,3.0,0.6,9.2,1.1,1.7,3.6,0.6,6.4,6.0,5.4,4.3,1.6,0.8,2.8,1.3,0.0
2017-05-26 19:56:00+02:00,0.2,0.5,0.1,1.5,9.4,5.9,4.9,0.7,0.1,4.2,3.0,5.1,0.6,0.7,0.4,1.6,0.2,0.7,6.3,9.4,3.6,0.2,6.1,0.1,11.2,4.4,2.9,0.4,8.8,1.2,1.6,3.5,0.6,6.1,5.7,5.2,4.1,1.5,0.8,2.6,1.2,0.1
2017-05-26 19:57:00+02:00,0.2,0.5,0.1,1.5,9.0,5.7,4.7,0.8,0.0,4.0,2.8,4.9,0.6,0.7,0.3,1.5,0.2,0.6,6.0,9.0,3.5,0.2,5.8,0.1,10.9,4.2,2.9,0.4,8.5,1.2,1.5,3.4,0.5,6.0,5.6,5.1,4.0,1.5,0.8,2.6,1.2,0.0
2017-05-26 19:58:00+02:00,0.1,0.5,0.1,1.4,8.4,5.3,4.6,0.8,0.0,3.9,2.7,4.5,0.5,0.6,0.3,1.4,0.2,0.6,5.8,8.5,3.3,0.2,5.4,0.1,9.5,4.0,2.8,0.3,7.1,1.0,1.4,3.2,0.5,5.8,5.4,4.9,3.9,1.4,0.8,2.6,1.2,0.0
2017-05-26 19:59:00+02:00,0.1,0.5,0.1,0.8,7.8,4.9,3.9,0.6,0.0,3.8,2.5,4.0,0.5,0.6,0.3,1.3,0.3,0.6,5.2,7.8,2.7,0.1,5.0,0.1,8.5,3.8,2.1,0.2,6.2,0.9,1.2,2.7,0.6,5.5,5.2,4.7,3.7,1.4,0.7,2.5,1.1,0.1
2017-05-26 20:00:00+02:00,0.9,1.0,0.1,0.5,6.7,3.8,3.1,0.5,0.0,4.4,2.5,3.1,0.4,0.6,0.2,2.1,0.3,0.6,4.3,6.8,2.0,0.1,3.9,0.7,7.6,3.8,1.4,1.0,5.4,0.8,1.2,2.0,0.6,5.2,4.9,4.4,3.5,1.3,0.7,2.2,1.1,0.1
2017-05-26 20:01:00+02:00,0.1,1.1,0.1,0.5,6.1,3.5,2.9,0.6,0.0,3.2,2.3,2.7,0.5,0.5,0.2,0.9,0.3,0.5,4.0,6.2,1.8,0.1,3.6,0.3,6.3,3.5,1.3,0.1,4.2,0.9,1.2,1.8,0.6,5.1,4.8,4.3,3.4,1.3,0.7,2.1,1.1,0.1
2017-05-26 20:02:00+02:00,1.1,1.2,0.1,0.6,5.4,3.1,2.5,0.6,0.0,2.1,2.0,2.3,0.5,0.4,0.2,0.2,0.3,0.5,3.6,5.5,1.5,0.1,3.2,1.3,6.1,3.2,1.1,1.1,3.9,0.9,1.1,1.5,0.6,4.9,4.6,4.1,3.2,1.2,0.7,2.1,1.0,0.1
2017-05-26 20:03:00+02:00,1.1,1.2,0.1,0.5,5.1,2.9,2.4,0.7,0.0,1.9,2.0,2.2,0.5,0.4,0.2,0.3,0.3,0.4,3.4,5.2,1.5,0.1,3.0,1.4,5.1,3.1,1.1,1.2,3.2,1.0,1.1,1.5,0.6,4.7,4.4,3.9,3.2,1.2,0.7,2.1,0.9,0.1
2017-05-26 20:04:00+02:00,1.1,1.2,0.1,0.6,4.4,2.6,2.0,0.7,0.0,1.8,1.6,1.9,0.6,0.3,0.2,0.4,0.3,0.3,3.0,4.5,1.2,0.1,2.6,1.4,4.3,2.7,0.9,1.2,2.6,1.0,0.8,1.2,0.6,4.4,4.2,3.7,3.1,1.1,0.7,2.0,0.9,0.1
2017-05-26 20:05:00+02:00,1.2,1.4,0.1,0.7,3.1,2.1,1.6,0.7,0.0,1.6,0.8,1.5,0.6,0.4,0.2,0.5,0.3,0.4,2.5,3.2,1.0,0.1,2.1,1.5,2.4,1.8,0.7,1.4,2.0,1.0,0.4,1.1,0.6,4.3,4.0,3.5,2.9,1.1,0.6,1.9,0.9,0.1
2017-05-26 20:06:00+02:00,1.2,1.9,0.1,1.1,3.2,1.6,1.1,0.7,0.0,1.5,1.4,1.0,0.5,0.3,0.1,0.6,0.2,0.3,2.0,3.3,0.5,0.1,1.6,1.5,2.4,2.4,0.4,1.4,1.4,0.9,0.7,0.6,0.6,3.9,3.7,3.2,2.6,1.1,0.6,1.7,0.7,0.3
2017-05-26 20:07:00+02:00,0.7,1.9,0.0,1.3,3.4,1.3,0.9,0.7,0.0,3.4,1.4,1.2,0.5,0.3,0.2,1.3,0.2,0.3,1.7,3.6,0.6,0.0,1.3,0.4,3.3,2.4,0.6,0.5,1.8,0.8,0.8,0.6,0.6,3.7,3.5,3.0,2.5,1.0,0.6,1.6,0.6,0.3
2017-05-26 20:08:00+02:00,0.8,2.0,0.0,1.2,2.8,1.0,0.9,0.8,0.1,3.5,1.4,0.9,0.6,0.4,0.2,1.4,0.2,0.4,1.3,3.0,0.8,0.0,1.0,0.5,2.7,2.4,0.6,0.6,1.9,1.0,0.8,0.8,0.7,3.6,3.4,3.0,2.4,1.0,0.6,1.7,0.7,0.2
2017-05-26 20:09:00+02:00,0.8,2.0,0.1,1.3,2.7,0.9,0.8,0.7,0.1,3.3,1.4,0.9,0.5,0.3,0.1,1.4,0.2,0.3,1.2,2.9,0.8,0.1,1.0,0.5,2.8,2.3,0.6,0.6,1.8,0.9,0.8,0.7,0.6,3.5,3.3,3.0,2.5,0.9,0.6,1.7,0.8,0.1
2017-05-26 20:10:00+02:00,0.8,2.0,0.1,1.5,2.3,0.8,0.9,0.8,0.1,3.2,1.4,0.7,0.5,0.3,0.1,1.3,0.2,0.3,0.9,2.4,1.1,0.1,0.8,0.5,3.3,2.1,0.8,0.7,1.9,1.0,0.7,0.9,0.7,3.6,3.6,3.2,2.8,1.2,0.7,1.6,0.7,0.1
2017-05-26 20:11:00+02:00,0.7,2.1,0.1,1.4,1.5,0.9,1.2,0.8,0.1,2.9,1.3,1.0,0.6,0.4,0.1,1.2,0.2,0.4,0.9,1.4,1.5,0.1,1.0,0.4,2.1,1.1,1.1,0.6,1.5,1.0,0.7,1.3,0.7,2.9,3.5,3.2,2.7,1.1,0.7,1.6,0.8,0.1
2017-05-26 20:12:00+02:00,0.6,2.1,0.1,1.5,1.6,0.8,0.9,0.8,0.1,2.7,1.2,0.7,0.6,0.3,0.1,1.1,0.3,0.3,0.8,1.6,1.3,0.0,0.8,0.3,1.9,1.3,0.9,0.5,1.5,1.0,0.7,1.1,0.7,2.8,3.4,3.1,2.7,1.1,0.7,1.6,0.7,0.1
2017-05-26 20:13:00+02:00,0.5,2.2,0.1,1.7,1.5,0.8,1.1,0.8,0.1,2.7,1.2,0.8,0.5,0.2,0.1,1.1,0.3,0.2,0.7,1.5,1.5,0.0,0.8,0.2,1.6,1.7,1.2,0.4,1.6,1.0,0.6,1.3,0.8,2.8,3.3,2.9,2.6,1.1,0.7,1.5,0.7,0.1
2017-05-26 20:14:00+02:00,0.6,2.3,0.0,1.8,1.4,1.0,1.3,0.8,0.1,2.8,1.2,1.1,0.5,0.3,0.0,1.2,0.3,0.3,0.8,1.4,1.6,0.0,1.1,0.3,1.5,1.7,1.1,0.4,1.9,1.0,0.5,1.4,0.8,2.1,3.1,2.8,2.4,1.0,0.7,1.4,0.7,0.1
2017-05-26 20:15:00+02:00,0.6,2.1,0.0,1.6,1.2,1.0,1.0,0.8,0.1,2.7,1.0,1.0,0.4,0.4,0.1,1.2,0.2,0.4,0.6,1.2,1.3,0.0,1.0,0.3,1.4,1.5,0.9,0.5,1.8,1.0,0.4,1.2,0.5,1.9,3.0,2.6,2.3,0.9,0.6,1.4,0.6,0.1
2017-05-26 20:16:00+02:00,0.3,2.0,0.0,1.6,1.2,1.6,1.2,0.8,0.1,1.7,1.0,1.7,0.4,0.5,0.1,0.3,0.2,0.5,0.7,1.1,1.5,0.0,1.6,0.6,1.4,1.4,1.0,0.5,2.2,1.1,0.4,1.3,0.5,2.0,2.7,2.5,2.2,0.9,0.6,1.3,0.6,0.1
2017-05-26 20:17:00+02:00,0.1,1.5,0.0,1.4,1.0,0.8,0.9,0.8,0.1,1.9,0.9,0.9,0.4,0.5,0.1,0.7,0.2,0.4,0.5,1.1,1.3,0.0,0.8,0.1,1.2,1.3,0.8,0.0,1.4,1.0,0.4,1.2,0.5,2.0,2.5,2.3,2.1,0.9,0.6,1.2,0.5,0.1
2017-05-26 20:18:00+02:00,0.8,0.1,0.0,0.3,1.7,0.9,0.7,1.3,0.1,1.0,0.8,0.8,1.0,1.3,0.1,0.1,0.2,1.1,1.0,1.8,0.7,0.0,0.9,0.8,1.7,1.2,0.9,0.7,1.2,1.5,0.4,0.6,0.5,1.5,2.1,1.9,2.0,0.8,0.6,1.2,0.5,0.1
2017-05-26 20:19:00+02:00,0.1,0.1,0.0,0.2,1.6,0.8,0.6,0.9,0.1,1.6,0.9,0.7,0.6,1.0,0.1,0.5,0.2,0.9,1.0,1.8,0.6,0.0,0.8,0.1,1.5,1.3,0.7,0.1,0.8,1.1,0.4,0.5,0.5,0.9,1.5,1.3,1.9,0.8,0.5,1.1,0.5,0.1
2017-05-26 20:20:00+02:00,0.9,0.1,0.0,0.3,1.7,0.9,0.7,0.7,0.1,0.8,0.9,0.9,0.4,0.8,0.1,0.3,0.3,0.7,1.1,1.9,0.5,0.0,1.0,0.9,1.6,1.3,0.8,0.8,0.8,0.9,0.5,0.5,0.5,0.8,1.4,1.2,1.8,0.7,0.5,1.1,0.5,0.1
2017-05-26 20:21:00+02:00,0.2,0.8,0.0,0.4,0.8,0.7,0.8,0.9,0.1,1.4,0.9,0.7,0.6,0.9,0.1,0.3,0.3,0.8,0.5,0.9,1.1,0.0,0.6,0.2,0.8,1.2,0.1,0.2,1.1,1.1,0.4,0.8,0.4,0.5,1.2,1.0,1.6,0.7,0.5,0.9,0.3,0.2
2017-05-26 20:22:00+02:00,0.9,1.0,0.0,0.6,1.3,1.9,1.7,1.3,0.1,0.5,0.8,2.0,1.0,1.5,0.1,0.5,0.3,1.4,1.2,1.0,2.1,0.1,1.8,0.9,1.7,1.1,0.2,0.9,2.5,1.7,0.3,1.7,0.5,0.2,0.8,0.6,1.3,0.5,0.4,0.8,0.3,0.2
2017-05-26 20:23:00+02:00,0.2,1.1,0.0,0.8,1.2,1.7,1.5,0.9,0.2,1.1,0.7,1.8,0.6,1.1,0.2,0.2,0.3,1.0,1.0,1.0,1.8,0.1,1.7,0.2,1.6,0.9,0.4,0.3,2.5,1.3,0.3,1.5,0.6,0.1,0.7,0.5,1.2,0.5,0.4,0.7,0.2,0.2
2017-05-26 20:24:00+02:00,1.0,1.2,0.0,1.0,1.4,1.7,1.8,0.9,0.2,0.7,0.6,1.8,0.6,1.0,0.2,1.6,0.3,1.0,1.3,1.1,2.0,0.2,1.7,1.0,1.6,0.8,0.6,1.0,2.4,1.1,0.2,1.6,0.7,0.7,0.5,0.3,1.0,0.4,0.3,0.6,0.2,0.2
2017-05-26 20:25:00+02:00,0.3,1.2,0.0,1.0,1.5,1.8,1.9,0.9,0.1,0.2,0.5,1.9,0.6,1.0,0.2,0.7,0.3,1.0,1.4,1.3,2.0,0.2,1.8,0.3,1.2,0.6,0.7,0.4,1.9,1.1,0.1,1.6,0.6,1.0,0.7,0.6,1.1,0.5,0.4,0.6,0.2,0.2
2017-05-26 20:26:00+02:00,0.1,1.1,0.0,0.9,1.6,1.8,1.9,1.0,0.1,1.2,0.4,2.0,0.6,1.1,0.2,0.3,0.3,1.1,1.4,1.4,2.0,0.1,1.8,0.0,1.2,0.6,0.6,0.1,1.9,1.2,0.1,1.7,0.5,0.5,1.0,0.9,1.0,0.4,0.3,0.6,0.2,0.2
2017-05-26 20:27:00+02:00,0.1,1.1,0.0,1.0,1.6,1.8,1.9,0.8,0.1,1.0,0.4,2.0,0.5,1.0,0.2,0.2,0.3,0.9,1.4,1.5,1.9,0.1,1.7,0.0,1.3,0.5,0.7,0.1,1.9,1.0,0.1,1.7,0.6,0.8,0.8,0.7,0.9,0.4,0.3,0.5,0.2,0.2
2017-05-26 20:28:00+02:00,0.1,1.2,0.0,1.0,2.2,2.3,2.1,0.8,0.1,0.1,0.3,2.5,0.5,1.0,0.3,0.7,0.3,0.9,1.7,2.1,2.2,0.1,2.2,0.0,1.9,0.4,0.8,0.1,2.4,1.0,0.0,1.8,0.6,1.2,0.7,0.6,0.8,0.4,0.3,0.5,0.1,0.2
2017-05-26 20:29:00+02:00,0.1,1.1,0.0,1.0,2.4,2.5,2.5,1.0,0.1,0.5,0.2,2.7,0.8,1.3,0.2,0.1,0.3,1.2,2.2,2.3,2.6,0.1,2.4,0.1,2.2,0.3,0.8,0.2,2.7,1.3,0.0,2.0,0.5,1.1,0.6,0.5,0.7,0.3,0.3,0.4,0.1,0.2
2017-05-26 20:30:00+02:00,0.1,1.1,0.0,1.0,2.6,2.6,2.7,1.0,0.1,0.5,0.2,2.8,0.8,1.3,0.2,0.1,0.3,1.3,2.3,2.5,2.7,0.1,2.5,0.1,2.7,0.2,0.9,0.3,2.9,1.3,0.1,2.1,0.4,0.9,0.4,0.4,0.6,0.3,0.2,0.3,0.0,0.2
2017-05-26 20:31:00+02:00,0.1,1.8,0.0,1.8,3.1,3.1,3.2,0.9,0.2,0.3,0.1,3.3,0.7,1.2,0.2,0.2,0.3,1.1,2.9,3.1,3.1,0.1,3.0,0.0,3.2,0.2,1.6,0.5,3.6,1.1,0.1,2.9,0.4,1.0,0.2,0.2,0.4,0.2,0.2,0.3,0.0,0.2
2017-05-26 20:32:00+02:00,0.3,2.1,0.0,2.2,3.7,3.6,3.6,0.9,0.2,0.3,0.1,3.7,0.7,1.2,0.2,0.2,0.3,1.1,3.3,3.6,3.5,0.1,3.5,0.1,3.7,0.1,2.0,0.5,4.1,1.1,0.1,3.3,0.4,1.2,0.2,0.1,0.4,0.2,0.2,0.2,0.1,0.2
2017-05-26 20:33:00+02:00,0.3,2.1,0.0,2.2,4.1,3.7,3.7,0.9,0.2,0.2,0.1,3.8,0.7,1.2,0.2,0.3,0.3,1.0,3.4,3.9,3.6,0.1,3.6,0.1,4.2,0.1,2.1,0.5,4.5,1.1,0.1,3.3,0.4,2.0,0.4,0.4,0.3,0.2,0.1,0.1,0.1,0.2
2017-05-26 20:34:00+02:00,0.2,2.2,0.0,2.3,4.3,3.9,3.8,0.9,0.2,0.3,0.1,4.0,0.7,1.1,0.3,0.4,0.3,1.0,3.6,4.2,3.7,0.2,3.8,0.1,4.4,0.2,2.2,0.6,4.7,1.1,0.2,3.4,0.4,2.6,1.2,1.2,0.2,0.1,0.1,0.2,0.1,0.2
2017-05-26 20:35:00+02:00,0.2,1.9,0.0,2.1,5.0,4.5,4.3,0.9,0.2,0.5,0.2,4.6,0.7,1.2,0.3,0.5,0.3,1.1,4.1,4.9,3.7,0.2,4.4,0.2,5.2,0.3,2.1,0.7,5.5,1.1,0.2,3.3,0.4,2.7,1.4,1.3,0.1,0.1,0.1,0.1,0.1,0.2
2017-05-26 20:36:00+02:00,0.2,2.1,0.0,2.6,7.6,6.2,5.8,1.0,0.2,1.5,0.6,6.3,0.7,1.6,0.3,1.1,0.3,1.4,5.8,7.3,4.7,0.2,6.1,0.5,8.1,1.0,2.8,1.0,7.9,1.2,0.4,4.4,1.1,3.4,2.1,1.3,0.8,0.5,0.2,0.3,0.2,0.1
2017-05-26 20:37:00+02:00,0.2,2.4,0.0,2.8,8.0,6.3,5.9,1.0,0.2,1.6,0.8,6.5,0.7,1.9,0.4,1.2,0.3,1.7,6.0,7.6,5.3,0.2,6.2,0.5,8.5,1.1,3.1,1.0,8.3,1.5,0.5,5.0,1.3,3.3,2.2,1.4,1.0,0.5,0.3,0.5,0.4,0.3
2017-05-26 20:38:00+02:00,0.2,2.5,0.0,2.9,8.5,6.3,5.9,1.0,0.3,1.5,0.8,6.5,0.7,1.9,0.3,1.1,0.3,1.7,6.0,7.6,5.4,0.2,6.2,0.5,9.0,1.2,3.1,1.0,8.8,1.5,0.5,5.1,1.4,2.5,1.6,1.4,1.0,0.4,0.2,0.6,0.5,0.3
2017-05-26 20:39:00+02:00,0.2,2.4,0.0,2.8,7.9,6.2,5.8,1.0,0.3,1.5,0.8,6.4,0.8,1.9,0.3,1.2,0.3,1.7,5.9,7.7,5.3,0.2,6.1,0.5,8.6,1.3,3.1,1.0,8.4,1.5,0.5,5.0,1.3,2.6,1.5,1.4,1.0,0.5,0.3,0.6,0.5,0.3
2017-05-26 20:40:00+02:00,0.2,1.8,0.0,2.2,7.4,5.7,5.3,1.0,0.3,1.5,0.9,5.9,0.8,1.9,0.3,1.2,0.3,1.8,5.3,7.2,4.8,0.2,5.6,0.5,8.8,1.3,2.5,1.0,8.6,1.5,0.5,4.4,0.7,2.3,1.7,1.5,1.1,0.5,0.3,0.6,0.5,0.3
2017-05-26 20:41:00+02:00,0.1,1.8,0.0,2.3,7.7,5.9,5.4,1.0,0.3,1.4,0.9,6.1,0.8,2.0,0.3,1.1,0.3,1.8,5.5,7.4,4.9,0.2,5.8,0.4,9.0,1.3,2.6,0.9,8.7,1.6,0.6,4.6,0.8,2.5,1.9,1.8,1.4,0.6,0.3,0.8,0.7,0.5
2017-05-26 20:42:00+02:00,0.2,1.8,0.0,2.2,8.2,5.9,5.4,0.9,0.3,2.4,1.1,6.0,0.7,1.9,0.3,2.1,0.3,1.8,5.5,7.8,4.9,0.3,5.7,1.4,9.4,1.8,2.5,1.9,9.2,1.5,0.6,4.4,0.7,2.5,1.9,1.7,1.3,0.6,0.3,0.8,0.6,0.4
2017-05-26 20:43:00+02:00,0.7,1.2,0.0,1.7,7.9,5.3,4.8,0.9,0.3,2.5,1.1,5.4,0.7,1.9,0.4,2.2,0.3,1.7,4.9,7.6,4.3,0.3,5.1,1.5,8.9,2.2,1.9,2.0,8.7,1.5,0.6,3.9,0.7,2.3,1.8,1.6,1.2,0.6,0.3,0.7,0.6,0.4
2017-05-26 20:44:00+02:00,2.0,1.1,0.0,1.6,7.1,5.2,4.7,0.9,0.2,3.4,1.0,5.3,0.7,1.9,0.4,3.0,0.3,1.7,4.8,6.8,4.1,0.3,5.0,2.3,8.2,1.5,1.8,2.8,7.9,1.5,0.6,3.7,0.7,2.4,1.8,1.7,1.3,0.6,0.3,0.7,0.6,0.4
2017-05-26 20:45:00+02:00,2.0,1.2,0.0,1.6,7.0,5.3,4.8,1.0,0.2,3.4,1.0,5.4,0.7,1.9,0.4,3.0,0.3,1.8,4.9,6.7,4.2,0.3,5.1,2.3,8.1,1.3,1.9,2.8,7.9,1.5,0.6,3.8,0.7,2.7,2.1,1.9,1.5,0.6,0.3,1.0,0.6,0.4
2017-05-26 20:46:00+02:00,1.2,1.3,0.0,1.6,7.1,5.3,4.8,1.0,0.2,2.7,1.0,5.5,0.7,2.0,0.4,2.2,0.3,1.8,4.9,6.7,4.2,0.3,5.1,1.6,8.3,1.3,1.8,2.0,7.9,1.5,0.6,3.8,0.8,2.6,2.1,2.0,1.5,0.5,0.3,1.0,0.5,0.4
2017-05-26 20:47:00+02:00,0.4,1.2,0.0,1.8,7.1,5.4,4.9,0.9,0.2,2.2,0.9,5.5,0.7,1.9,0.4,1.7,0.2,1.7,5.0,6.7,4.3,0.3,5.1,1.0,8.2,1.2,2.0,1.4,7.9,1.5,0.6,3.9,0.7,2.5,1.9,1.8,1.2,0.5,0.3,0.7,0.3,0.1
2017-05-26 20:48:00+02:00,0.6,1.2,0.0,2.2,7.6,5.8,5.3,1.0,0.2,2.3,0.9,6.0,0.8,1.8,0.4,1.9,0.3,1.6,5.4,7.3,4.8,0.3,5.5,1.1,8.8,1.3,2.4,1.6,8.5,1.5,0.6,4.2,0.7,2.6,2.1,2.0,1.5,0.5,0.3,1.0,0.3,0.1
2017-05-26 20:49:00+02:00,0.5,1.2,0.0,1.6,7.6,5.7,4.7,1.0,0.2,2.2,1.0,5.9,0.7,1.8,0.4,1.8,0.3,1.7,4.9,7.2,4.2,0.3,5.0,1.0,8.7,1.3,1.9,1.5,8.4,1.5,0.6,3.7,0.7,3.0,2.4,2.3,2.0,0.5,0.3,1.6,0.3,0.1
2017-05-26 20:50:00+02:00,0.6,1.0,0.0,1.4,8.8,7.0,6.0,0.9,0.2,2.2,0.9,7.2,0.7,3.6,0.3,1.8,0.2,3.4,6.1,8.4,5.4,0.2,6.3,1.1,9.9,1.3,1.7,1.5,9.5,3.3,0.6,5.2,0.6,3.7,3.1,2.9,2.7,0.5,0.3,2.2,0.3,0.1
2017-05-26 20:51:00+02:00,0.4,0.9,0.0,1.3,10.1,8.4,7.3,0.9,0.2,2.1,0.9,8.6,0.7,5.1,0.3,1.7,0.3,4.9,7.4,9.7,6.8,0.2,7.6,1.0,11.3,1.2,1.5,1.4,10.9,4.8,0.6,6.6,0.6,3.5,2.9,2.8,2.5,0.5,0.3,2.0,0.4,0.2
2017-05-26 20:52:00+02:00,0.5,0.9,0.0,1.3,7.7,5.8,4.8,1.2,0.2,2.4,0.8,6.3,0.9,2.3,0.3,1.9,0.4,2.1,4.9,7.4,4.0,0.2,5.0,1.0,9.0,1.1,1.6,1.5,8.6,2.0,0.6,3.8,0.7,3.5,2.9,2.8,2.5,0.6,0.3,2.0,0.5,0.3
2017-05-26 20:53:00+02:00,0.5,0.9,0.0,1.3,8.5,6.5,5.4,1.3,0.2,2.3,0.8,7.0,1.0,3.2,0.3,1.8,0.5,3.0,5.5,8.1,4.9,0.3,5.7,1.0,9.2,1.1,1.6,1.4,8.8,2.1,0.6,4.7,0.7,3.5,2.9,2.8,2.5,0.6,0.3,2.0,0.5,0.3
2017-05-26 20:54:00+02:00,0.4,0.9,0.0,1.8,8.3,6.3,5.3,1.3,0.2,2.2,0.9,6.8,1.1,2.6,0.3,1.6,0.6,2.4,5.4,7.9,4.8,0.3,5.5,0.9,9.1,1.2,2.1,1.4,8.7,2.3,0.6,4.6,0.6,4.2,3.6,3.5,3.2,0.6,0.4,2.6,0.5,0.3
2017-05-26 20:55:00+02:00,0.4,0.9,0.0,1.5,8.0,6.0,5.2,1.4,0.2,2.1,0.9,6.5,1.1,2.7,0.3,1.6,0.6,2.5,5.3,7.7,4.7,0.3,5.4,0.9,9.5,1.3,1.8,1.4,9.1,2.4,0.6,4.5,0.6,2.9,2.4,2.2,1.9,0.4,0.2,1.5,0.5,0.3
2017-05-26 20:56:00+02:00,0.5,0.9,0.0,1.2,8.5,6.4,5.5,1.4,0.2,2.1,1.0,6.8,1.1,3.2,0.4,1.7,0.6,3.1,5.7,8.2,5.0,0.3,5.8,1.0,9.9,1.4,1.6,1.5,9.5,2.9,0.7,4.8,0.6,3.9,3.6,3.4,3.1,0.4,0.2,2.7,0.7,0.3
2017-05-26 20:57:00+02:00,0.4,0.9,0.0,1.2,8.7,6.5,5.6,1.4,0.2,1.9,1.2,6.9,1.1,3.0,0.6,1.5,0.6,2.8,5.8,8.4,5.0,0.5,5.9,0.9,10.0,1.5,1.6,1.3,9.6,2.7,0.8,4.6,0.6,3.4,3.1,2.9,2.6,0.4,0.2,2.1,0.7,0.3
2017-05-26 20:58:00+02:00,0.4,0.9,0.0,1.2,9.0,6.5,5.7,1.4,0.2,1.9,1.1,7.0,1.1,3.1,0.6,1.5,0.6,3.0,5.8,8.7,5.1,0.5,5.9,0.9,10.3,1.7,1.6,1.4,9.9,2.4,0.8,4.7,0.6,2.7,2.4,2.2,1.9,0.4,0.2,1.4,0.7,0.3
2017-05-26 20:59:00+02:00,0.4,1.0,0.0,1.3,8.8,6.5,5.6,1.2,0.2,2.0,1.1,6.8,1.0,2.9,0.5,1.5,0.6,2.8,5.7,8.5,5.0,0.4,5.9,0.9,10.2,1.7,1.7,1.4,9.8,2.3,0.8,4.6,0.7,2.8,2.3,2.1,1.8,0.4,0.2,1.4,0.7,0.3
2017-05-26 21:00:00+02:00,0.4,1.2,0.0,2.4,9.6,7.2,6.3,1.2,0.3,1.9,1.1,7.6,1.0,2.6,0.5,1.4,0.6,2.4,6.5,9.3,5.7,0.4,6.6,0.9,10.9,1.7,2.7,1.3,10.5,2.3,0.8,5.3,0.9,2.8,1.9,1.8,1.5,0.4,0.2,1.0,0.7,0.3
2017-05-26 21:01:00+02:00,0.3,1.3,0.0,2.6,10.2,7.8,6.9,1.2,0.3,1.8,1.0,8.2,1.0,2.7,0.5,1.3,0.6,2.5,7.1,9.9,6.4,0.4,7.2,0.9,11.7,1.7,2.9,1.1,11.2,2.4,0.8,5.6,1.1,3.0,2.1,2.0,1.5,0.5,0.3,1.0,0.7,0.3
2017-05-26 21:02:00+02:00,0.2,1.2,0.0,2.8,10.2,8.0,7.1,1.3,0.3,1.9,1.0,8.4,1.0,2.6,0.5,1.4,0.6,2.5,7.3,9.9,6.5,0.4,7.4,0.8,11.6,1.6,3.1,1.1,11.2,2.3,0.7,5.7,1.1,2.9,2.2,2.0,1.5,0.5,0.3,1.0,0.6,0.3
2017-05-26 21:03:00+02:00,0.2,1.2,0.0,2.6,10.8,8.6,7.8,1.3,0.3,3.0,1.0,9.0,1.1,3.5,0.5,2.5,0.6,3.3,7.9,10.5,7.2,0.4,8.1,0.8,12.3,1.6,2.9,1.3,11.8,2.4,0.7,6.4,1.1,2.9,2.1,1.9,1.5,0.5,0.3,1.0,0.6,0.3
2017-05-26 21:04:00+02:00,0.2,1.2,0.0,2.8,10.4,8.5,7.6,1.3,0.3,2.4,0.8,8.8,1.0,3.1,0.5,2.0,0.6,2.9,7.8,10.1,7.0,0.4,7.9,0.7,11.8,1.3,3.2,1.1,11.4,2.4,0.7,6.2,1.0,2.5,2.1,1.9,1.5,0.5,0.3,1.0,0.6,0.3
2017-05-26 21:05:00+02:00,0.2,1.3,0.0,2.5,9.9,7.8,6.9,1.3,0.3,1.5,1.1,8.1,1.0,2.8,0.5,1.2,0.6,2.6,7.1,9.6,6.3,0.4,7.2,0.7,11.3,1.5,2.8,1.0,10.9,2.3,0.7,5.5,1.0,2.5,2.1,2.0,1.5,0.5,0.3,1.0,0.6,0.3
2017-05-26 21:06:00+02:00,0.2,1.3,0.0,2.4,9.8,7.8,6.9,1.2,0.3,1.9,1.0,8.1,0.9,2.7,0.5,1.6,0.5,2.6,7.1,9.5,6.4,0.4,7.2,1.1,11.3,1.4,2.8,1.4,10.9,2.3,0.7,5.5,1.0,2.5,2.1,1.9,1.5,0.5,0.3,1.0,0.6,0.3
2017-05-26 21:07:00+02:00,0.2,1.2,0.0,2.4,9.8,7.4,6.5,1.0,0.3,1.4,0.8,8.3,0.8,2.4,0.5,1.1,0.3,2.2,6.7,9.5,6.0,0.4,6.8,0.6,11.2,1.2,2.7,1.0,10.8,1.9,0.7,5.0,0.9,2.5,2.1,2.0,1.5,0.5,0.3,1.0,0.7,0.3
2017-05-26 21:08:00+02:00,0.2,1.1,0.0,2.2,10.2,7.0,6.1,0.9,0.2,1.4,0.8,8.6,0.6,2.2,0.5,1.2,0.2,2.0,6.3,9.9,5.5,0.4,6.5,0.6,11.8,1.3,2.5,1.0,11.3,1.8,0.7,4.7,0.8,2.5,2.1,1.9,1.5,0.5,0.3,1.0,0.7,0.3
2017-05-26 21:09:00+02:00,0.9,1.1,0.0,2.2,10.0,6.6,5.7,0.8,0.1,2.4,0.9,8.3,0.5,2.2,0.5,2.1,0.2,2.0,5.8,9.7,5.0,0.3,6.1,1.4,11.2,1.4,2.5,2.0,10.8,1.7,0.7,4.6,0.8,2.5,2.1,1.9,1.5,0.5,0.3,1.0,0.7,0.3
2017-05-26 21:10:00+02:00,1.6,1.1,0.0,2.1,9.2,6.4,5.4,0.7,0.1,2.8,1.3,7.3,0.5,2.1,0.5,2.5,0.2,1.9,5.6,9.0,4.8,0.3,5.9,2.1,9.8,1.7,2.4,2.4,9.4,1.7,0.7,4.5,0.8,2.4,2.0,1.8,1.4,0.4,0.2,1.0,0.7,0.3
2017-05-26 21:11:00+02:00,2.3,1.1,0.0,2.1,7.8,5.9,4.9,0.6,0.1,3.6,0.7,6.4,0.4,2.0,0.3,3.1,0.2,1.8,5.1,7.6,4.7,0.2,5.4,2.8,8.4,1.2,2.4,3.0,7.9,1.6,0.6,4.4,0.8,3.2,2.6,2.3,1.9,1.1,0.2,0.8,0.5,0.3
2017-05-26 21:12:00+02:00,2.6,1.1,0.0,1.8,7.5,5.7,4.8,0.6,0.1,3.9,0.6,6.2,0.5,2.0,0.2,3.4,0.2,1.8,5.0,7.3,4.3,0.1,5.2,3.1,8.2,1.0,2.1,3.3,7.7,1.6,0.4,4.0,0.8,2.6,1.9,1.7,1.2,0.4,0.2,0.9,0.6,0.3
2017-05-26 21:13:00+02:00,1.6,1.1,0.0,2.0,8.2,5.9,5.1,0.6,0.2,3.0,0.7,6.8,0.4,2.0,0.2,2.5,0.2,1.8,5.3,8.0,4.6,0.1,5.5,2.1,9.5,1.2,2.4,2.3,9.1,1.6,0.3,4.3,0.8,2.7,2.1,1.9,1.5,0.4,0.2,1.1,0.6,0.3
2017-05-26 21:14:00+02:00,1.6,1.1,0.0,2.1,10.0,6.5,5.7,1.0,0.2,3.0,0.8,8.5,0.8,2.3,0.2,2.6,0.2,2.2,5.9,9.8,5.1,0.1,6.1,2.1,11.2,1.3,2.4,2.3,10.8,2.0,0.4,4.7,0.8,3.3,2.5,2.3,1.9,0.3,0.1,1.6,0.6,0.3
2017-05-26 21:15:00+02:00,1.6,1.1,0.0,2.7,11.0,6.8,6.0,1.0,0.2,3.3,0.8,9.5,0.8,2.3,0.2,2.9,0.2,2.2,6.1,10.8,5.6,0.1,6.3,2.1,11.7,1.3,3.0,2.6,11.3,1.9,0.4,5.3,0.9,4.0,1.9,1.6,1.2,0.3,0.2,0.9,0.6,0.3
2017-05-26 21:16:00+02:00,1.2,1.2,0.0,3.0,11.9,7.8,7.0,0.7,0.2,4.1,0.8,10.4,0.5,2.2,0.3,3.6,0.2,2.0,7.2,11.7,6.4,0.1,7.3,2.1,12.8,1.3,3.3,3.4,12.3,1.8,0.5,5.5,1.0,4.1,2.2,2.1,1.7,0.7,0.3,1.0,0.8,0.5
2017-05-26 21:17:00+02:00,0.8,1.2,0.0,2.9,11.0,8.3,7.4,0.9,0.2,4.5,0.7,9.6,0.8,2.3,0.3,4.0,0.5,2.1,7.5,10.8,6.7,0.1,7.7,3.6,11.9,1.2,3.3,3.8,11.4,1.9,0.4,5.5,1.0,4.3,2.6,2.5,2.1,1.1,0.4,1.0,0.8,0.5
2017-05-26 21:18:00+02:00,0.8,1.3,0.0,3.0,11.0,8.5,7.6,1.7,0.2,4.8,0.8,9.5,1.6,3.2,0.3,4.4,1.3,3.0,7.7,10.8,6.8,0.1,7.9,3.9,12.3,1.3,3.4,4.1,11.5,2.8,0.5,6.5,0.9,4.0,2.3,2.1,1.6,0.4,0.2,1.2,1.0,0.7
2017-05-26 21:19:00+02:00,0.8,1.3,0.0,2.9,9.7,7.4,6.9,1.3,0.2,4.5,0.7,8.4,1.1,2.8,0.3,4.1,0.8,2.6,7.0,9.5,6.3,0.1,7.2,3.7,10.7,1.1,3.2,3.9,10.1,2.4,0.4,6.0,0.9,3.6,2.2,2.0,1.3,0.4,0.2,0.9,0.7,0.4
2017-05-26 21:20:00+02:00,0.8,1.2,0.0,2.8,10.2,7.9,7.4,0.8,0.2,4.0,0.6,8.9,0.6,2.4,0.2,3.6,0.3,2.2,7.5,10.0,6.8,0.1,7.6,3.2,11.3,1.1,3.2,3.4,10.7,2.0,0.4,5.6,0.9,3.6,2.2,2.1,1.4,0.4,0.2,0.9,0.7,0.4
2017-05-26 21:21:00+02:00,0.8,1.1,0.0,2.7,10.0,7.8,7.2,0.6,0.2,3.2,0.6,8.8,0.5,1.9,0.2,2.9,0.2,1.7,7.3,9.8,6.5,0.1,7.4,2.4,11.0,1.1,3.0,2.6,10.4,1.5,0.4,4.9,0.9,3.6,2.2,2.1,1.4,0.5,0.2,0.9,0.7,0.4
2017-05-26 21:22:00+02:00,0.8,1.1,0.0,2.8,8.6,7.2,6.5,0.6,0.2,3.3,0.7,7.3,0.5,1.9,0.2,2.9,0.2,1.7,6.8,8.4,5.9,0.1,7.0,2.5,9.7,1.1,3.1,2.7,9.1,1.5,0.4,4.9,1.0,3.5,2.1,2.0,1.3,0.5,0.2,0.8,0.6,0.4
2017-05-26 21:23:00+02:00,0.8,1.1,0.0,2.8,9.8,8.2,7.5,0.7,0.2,3.3,0.8,8.3,0.5,3.7,0.3,2.9,0.2,3.6,7.8,9.6,7.1,0.1,8.0,2.5,10.9,1.3,3.1,2.7,10.3,3.3,0.5,6.8,1.0,3.5,2.1,2.0,1.3,0.5,0.2,0.8,0.6,0.4
2017-05-26 21:24:00+02:00,0.8,1.1,0.1,2.7,8.8,7.3,6.6,0.7,0.1,3.3,0.7,7.4,0.6,2.7,0.2,2.9,0.2,2.5,6.9,8.6,6.0,0.1,7.0,2.5,9.8,1.2,3.0,2.7,9.0,2.2,0.5,5.7,0.9,3.6,2.2,2.1,1.4,0.5,0.2,0.9,0.7,0.5
2017-05-26 21:25:00+02:00,0.7,1.2,0.1,2.8,8.6,7.0,6.3,0.7,0.1,3.3,0.7,7.4,0.6,2.1,0.2,2.9,0.2,2.0,6.6,8.6,5.6,0.1,6.7,2.4,9.5,1.2,3.1,2.6,8.7,1.7,0.5,5.3,0.9,2.8,2.4,2.3,1.4,0.5,0.3,0.9,0.7,0.5
2017-05-26 21:26:00+02:00,0.7,1.2,0.1,2.8,9.7,7.2,6.6,0.7,0.1,3.3,0.7,7.7,0.6,2.3,0.2,2.9,0.2,2.1,6.8,8.8,5.8,0.1,7.0,2.3,10.3,1.2,3.1,2.5,9.8,1.8,0.5,5.4,0.9,3.3,2.6,2.5,1.4,0.5,0.3,0.9,0.7,0.5
2017-05-26 21:27:00+02:00,0.7,1.2,0.1,1.7,8.4,5.9,5.3,0.7,0.1,3.5,0.6,6.3,0.5,2.3,0.2,3.0,0.2,2.1,5.5,7.4,4.6,0.1,5.7,2.5,9.0,1.1,2.0,2.7,8.5,1.8,0.4,4.3,0.9,3.4,2.7,2.6,1.5,0.6,0.3,0.9,0.7,0.5
2017-05-26 21:28:00+02:00,0.7,1.2,0.1,1.8,7.5,5.5,4.8,0.7,0.1,3.5,0.6,5.9,0.6,1.9,0.2,3.0,0.3,1.7,5.1,6.7,4.2,0.1,5.2,2.5,8.1,0.9,2.1,2.7,7.6,1.4,0.4,3.9,0.9,3.4,2.7,2.6,1.5,0.6,0.3,0.9,0.7,0.5
2017-05-26 21:29:00+02:00,0.7,1.2,0.1,2.5,7.5,6.1,5.4,0.8,0.1,3.4,0.7,6.5,0.6,1.7,0.3,3.0,0.2,1.5,5.7,7.5,4.9,0.1,5.8,2.5,8.3,0.9,2.8,2.7,7.7,1.2,0.4,4.5,0.9,3.4,2.6,2.5,1.4,0.5,0.3,0.9,0.7,0.5
2017-05-26 21:30:00+02:00,0.7,1.2,0.1,3.7,8.8,7.7,7.0,0.9,0.1,3.2,0.7,7.9,0.7,2.3,0.3,2.7,0.3,2.1,7.3,8.8,6.4,0.1,7.4,2.2,10.5,0.9,4.0,2.5,10.0,1.8,0.4,6.2,0.9,3.4,2.7,2.5,1.5,0.5,0.2,1.0,0.7,0.5
2017-05-26 21:31:00+02:00,0.8,1.1,0.1,3.9,8.8,7.7,7.1,1.0,0.1,3.3,0.7,7.8,0.8,2.1,0.3,2.9,0.3,1.9,7.3,8.8,6.4,0.1,7.5,2.3,9.7,0.9,4.2,2.6,9.6,1.6,0.4,6.2,0.8,3.5,2.8,2.6,1.5,0.5,0.2,1.0,0.7,0.5
2017-05-26 21:32:00+02:00,0.8,1.1,0.1,3.8,8.7,7.6,6.9,1.2,0.1,3.3,0.7,7.7,1.0,2.0,0.3,2.9,0.4,1.8,7.2,8.6,6.4,0.1,7.4,2.3,8.9,1.0,4.2,2.6,8.8,1.6,0.4,6.2,0.7,3.4,2.7,2.5,1.5,0.5,0.2,1.0,0.7,0.5
2017-05-26 21:33:00+02:00,0.6,1.1,0.1,3.9,9.0,8.0,7.3,1.1,0.2,3.1,0.7,8.0,0.9,2.5,0.3,2.7,0.3,2.3,7.5,9.0,6.8,0.1,7.7,2.1,9.3,1.0,4.2,2.4,9.2,2.1,0.4,6.7,0.8,3.3,2.6,2.5,1.4,0.5,0.2,0.9,0.7,0.5
2017-05-26 21:34:00+02:00,0.6,1.1,0.1,3.9,9.7,8.6,7.8,1.1,0.2,3.1,0.7,8.7,0.9,3.1,0.3,2.7,0.4,2.9,8.1,9.6,7.4,0.1,8.3,2.1,10.0,1.0,4.1,2.4,9.8,2.6,0.4,7.2,0.8,4.9,4.3,4.1,1.4,0.5,0.2,0.9,0.6,0.5
2017-05-26 21:35:00+02:00,0.8,1.0,0.1,3.8,11.0,8.9,8.2,1.2,0.2,3.3,0.7,9.3,1.0,3.2,0.2,2.9,0.5,3.0,8.5,10.9,7.8,0.1,8.6,2.3,11.5,1.6,4.1,2.6,11.1,2.8,0.4,7.3,0.8,6.4,4.8,4.6,1.4,0.5,0.2,0.9,0.6,0.5
2017-05-26 21:36:00+02:00,0.5,1.0,0.1,3.8,11.0,7.9,7.2,1.1,0.2,3.0,0.7,8.9,0.9,2.2,0.2,2.5,0.4,2.0,7.5,10.9,6.8,0.1,7.7,1.9,11.6,2.0,4.1,2.3,11.1,1.8,0.4,6.2,0.8,5.1,3.4,3.2,1.3,0.6,0.2,0.7,0.4,0.3
2017-05-26 21:37:00+02:00,0.8,1.0,0.1,1.8,8.8,6.9,5.3,0.8,0.2,3.2,0.7,7.5,0.7,2.3,0.2,2.8,0.3,2.1,6.5,8.8,4.9,0.1,6.6,2.2,9.5,1.2,2.1,2.5,9.0,1.8,0.4,4.4,0.8,4.4,3.3,3.1,1.5,0.9,0.2,0.6,0.4,0.2
2017-05-26 21:38:00+02:00,0.6,1.1,0.0,1.5,8.4,6.8,5.2,0.9,0.3,3.0,0.7,7.4,0.6,2.4,0.2,2.6,0.3,2.2,6.4,8.4,4.7,0.1,6.5,2.0,9.5,0.9,1.8,2.3,8.6,1.9,0.4,4.2,0.8,4.7,3.7,3.5,2.5,1.6,0.2,0.8,0.6,0.2
2017-05-26 21:39:00+02:00,0.6,1.1,0.0,1.5,7.8,6.0,5.2,0.9,0.3,3.1,0.7,6.7,0.6,2.5,0.2,2.7,0.3,2.3,5.7,7.7,4.7,0.1,5.8,2.1,10.5,1.0,1.8,2.4,8.2,2.1,0.4,4.2,0.8,4.9,4.0,3.8,3.0,1.7,0.2,1.3,1.0,0.2
2017-05-26 21:40:00+02:00,0.9,1.0,0.0,1.4,7.6,5.7,5.1,0.9,0.2,3.4,0.7,6.3,0.6,2.4,0.2,2.9,0.3,2.3,5.4,7.4,4.6,0.1,5.5,2.3,8.9,1.0,1.7,2.7,8.4,2.0,0.4,4.1,0.8,3.6,3.0,2.8,2.2,0.9,0.2,1.3,1.1,0.2
2017-05-26 21:41:00+02:00,0.8,1.0,0.0,1.4,7.5,5.6,4.9,0.8,0.1,3.3,0.7,6.2,0.6,2.3,0.2,2.8,0.3,2.1,5.2,7.2,4.4,0.1,5.3,2.3,8.8,1.0,1.7,2.6,8.3,1.9,0.4,4.0,0.8,2.5,2.3,2.2,1.7,0.9,0.2,0.8,0.6,0.2
2017-05-26 21:42:00+02:00,0.8,1.0,0.0,1.4,7.7,5.3,4.6,0.8,0.2,3.2,1.1,5.9,0.6,2.0,0.2,2.8,0.2,1.8,4.9,7.4,4.1,0.1,5.0,2.3,9.0,1.5,1.7,2.6,8.5,1.5,0.4,3.7,0.8,2.5,2.4,2.3,1.7,0.9,0.2,0.8,0.6,0.2
2017-05-26 21:43:00+02:00,0.8,1.0,0.0,1.4,8.2,5.9,5.1,0.7,0.3,3.1,1.0,6.6,0.6,2.4,0.2,2.7,0.2,2.2,5.3,7.9,4.6,0.1,5.6,2.2,9.6,1.3,1.8,2.5,9.0,1.9,0.4,4.2,0.8,2.5,2.4,2.3,1.7,0.9,0.2,0.8,0.6,0.3
2017-05-26 21:44:00+02:00,0.6,1.0,0.0,1.4,8.3,6.2,5.0,0.8,0.3,3.0,0.8,6.9,0.7,2.3,0.3,2.5,0.2,2.0,5.2,8.0,4.5,0.2,5.9,2.0,9.6,1.1,1.7,2.4,9.1,1.8,0.5,4.0,0.8,2.5,2.3,2.2,1.7,0.9,0.2,0.9,0.7,0.3
2017-05-26 21:45:00+02:00,0.8,0.7,0.0,2.3,8.7,6.3,5.7,0.8,0.2,3.2,1.0,7.0,0.7,2.2,0.3,2.7,0.2,1.9,5.9,8.4,5.2,0.2,6.1,2.2,9.9,1.3,2.6,2.6,9.5,1.7,0.5,4.8,0.5,2.6,2.5,2.3,1.9,1.0,0.2,0.9,0.7,0.3
2017-05-26 21:46:00+02:00,0.9,1.0,0.0,2.8,9.5,7.3,6.2,0.8,0.2,3.0,0.9,8.0,0.7,2.3,0.4,2.5,0.2,2.1,6.4,9.2,5.7,0.2,7.0,2.0,10.9,1.2,3.1,2.4,10.3,1.8,0.6,5.3,0.7,3.7,3.6,3.5,3.1,2.3,0.2,0.9,0.7,0.3
2017-05-26 21:47:00+02:00,1.0,1.7,0.0,2.7,9.2,6.9,6.1,0.8,0.3,2.7,1.0,7.7,0.7,2.3,0.4,2.2,0.2,2.2,6.3,9.0,5.6,0.2,6.7,1.7,10.8,1.3,2.9,2.1,10.0,1.9,0.6,5.2,1.5,2.6,2.4,2.3,1.9,1.0,0.2,0.9,0.7,0.3
2017-05-26 21:48:00+02:00,1.1,1.6,0.0,2.2,8.8,6.6,5.4,0.8,0.3,3.0,0.9,7.4,0.7,2.2,0.4,2.4,0.2,2.0,5.7,8.6,5.0,0.2,6.4,1.9,10.2,1.3,2.4,2.3,9.7,1.8,0.6,4.6,1.5,2.6,2.5,2.4,1.9,0.9,0.2,1.0,0.7,0.3
2017-05-26 21:49:00+02:00,0.9,1.6,0.0,2.4,9.9,7.4,5.7,0.8,0.3,2.6,0.9,8.1,0.7,2.1,0.4,2.1,0.2,2.0,5.9,9.3,5.2,0.2,7.1,1.7,11.2,1.2,2.7,2.0,10.8,1.8,0.6,4.8,1.4,2.6,2.5,2.4,1.9,0.9,0.2,1.0,0.7,0.3
2017-05-26 21:50:00+02:00,0.9,1.6,0.0,3.5,10.1,8.1,6.7,0.8,0.2,2.6,0.7,8.8,0.7,2.0,0.3,2.1,0.2,1.9,7.0,9.8,6.3,0.1,7.8,1.7,11.4,1.0,3.8,2.0,10.9,1.7,0.4,5.8,1.4,2.6,2.5,2.3,1.9,0.9,0.2,1.0,0.7,0.3
2017-05-26 21:51:00+02:00,0.9,1.6,0.0,2.4,8.6,6.8,5.9,0.8,0.2,2.7,0.6,7.5,0.7,2.3,0.3,2.2,0.2,2.2,6.2,8.4,5.5,0.1,6.6,1.6,10.0,0.9,2.7,2.0,9.5,2.0,0.4,5.0,1.4,3.5,3.4,3.2,2.8,0.9,0.2,1.9,1.7,1.3
2017-05-26 21:52:00+02:00,0.9,1.1,0.0,1.6,7.3,6.0,5.2,1.1,0.2,2.7,0.5,6.3,0.9,2.5,0.2,2.2,0.3,2.4,5.6,7.2,4.8,0.1,5.7,1.7,8.7,0.8,1.9,2.0,8.2,2.2,0.3,4.3,0.8,3.3,3.2,3.0,2.6,0.8,0.3,1.8,1.6,1.2
2017-05-26 21:53:00+02:00,0.9,0.5,0.1,1.0,8.1,6.0,5.3,1.6,0.1,2.5,1.2,6.4,0.9,3.0,0.2,2.0,0.3,2.9,5.7,7.9,4.7,0.1,5.8,1.5,9.4,1.5,1.3,1.8,9.0,2.7,0.9,4.2,0.3,2.4,2.3,2.1,1.6,0.8,0.3,0.9,0.7,0.2
2017-05-26 21:54:00+02:00,0.9,0.5,0.1,2.2,10.6,8.4,7.0,1.6,0.2,2.5,1.2,8.7,0.9,3.6,0.2,2.0,0.3,3.5,7.4,10.3,6.5,0.1,8.1,1.4,12.1,1.6,2.5,1.9,11.6,3.3,1.0,6.0,0.3,2.4,2.3,2.1,1.6,0.8,0.3,0.9,0.7,0.2
2017-05-26 21:55:00+02:00,0.9,0.5,0.1,2.5,10.8,8.4,7.0,1.4,0.2,2.5,1.3,8.8,0.9,3.2,0.3,2.0,0.4,3.0,7.4,10.4,6.5,0.1,8.1,1.4,12.6,1.6,2.8,1.8,12.0,2.8,1.1,6.0,0.3,2.2,2.1,1.9,1.5,0.7,0.2,0.8,0.6,0.2
2017-05-26 21:56:00+02:00,0.9,0.6,0.1,3.8,11.3,9.2,7.7,1.1,0.2,2.7,0.6,9.8,0.9,2.5,0.3,2.0,0.4,2.3,8.1,10.8,7.2,0.1,8.9,1.5,13.1,1.0,4.2,1.8,12.5,2.1,0.4,6.6,0.4,2.1,2.0,1.8,1.4,0.7,0.2,0.7,0.5,0.2
2017-05-26 21:57:00+02:00,0.9,0.7,0.0,3.2,9.7,7.8,7.1,1.1,0.2,2.5,0.7,8.2,0.9,2.5,0.3,2.1,0.3,2.3,7.5,9.2,6.5,0.1,7.6,1.6,11.5,1.0,3.5,1.9,11.0,2.1,0.4,6.0,0.5,2.3,2.2,2.0,1.6,0.7,0.2,0.9,0.6,0.4
2017-05-26 21:58:00+02:00,1.0,0.7,0.0,2.7,9.4,7.5,6.6,1.1,0.2,2.4,0.6,7.9,0.9,2.5,0.2,2.2,0.3,2.3,7.0,8.9,6.0,0.1,7.2,1.7,11.4,0.9,3.0,2.0,10.9,2.1,0.3,5.5,0.6,2.3,2.2,2.0,1.6,0.7,0.3,0.9,0.7,0.4
2017-05-26 21:59:00+02:00,1.0,0.7,0.0,2.6,9.6,7.7,6.3,0.8,0.2,2.5,0.6,8.2,0.6,2.3,0.2,2.2,0.3,2.1,6.7,9.1,5.8,0.1,7.5,1.7,11.2,0.9,3.0,2.1,10.9,1.9,0.4,5.3,0.5,2.2,2.0,1.9,1.5,0.7,0.2,0.8,0.6,0.3
2017-05-26 22:00:00+02:00,1.2,0.7,0.0,1.8,8.4,6.5,5.6,0.8,0.2,3.5,0.6,7.0,0.6,2.3,0.2,2.5,0.3,2.1,6.0,7.8,5.0,0.1,6.2,2.0,10.2,0.9,2.2,2.4,9.7,1.8,0.3,4.4,0.6,2.3,2.1,2.0,1.6,0.7,0.2,0.9,0.7,0.3
2017-05-26 22:01:00+02:00,2.3,0.8,0.0,1.4,7.9,6.1,5.2,0.8,0.2,4.4,0.6,6.5,0.6,2.3,0.2,4.0,0.3,2.1,5.6,7.4,4.6,0.1,5.8,3.4,9.9,0.9,1.8,3.9,9.4,1.8,0.3,4.1,0.6,2.4,2.2,2.1,1.7,0.7,0.2,1.0,0.7,0.4
2017-05-26 22:02:00+02:00,3.3,0.8,0.0,1.5,8.5,6.4,5.5,0.7,0.2,6.2,0.5,7.1,0.6,2.5,0.2,5.7,0.3,2.3,5.9,7.9,5.0,0.1,6.1,5.1,10.4,0.8,1.9,5.6,9.6,1.8,0.3,4.4,0.6,2.2,2.0,1.9,1.5,0.7,0.2,0.8,0.5,0.2
2017-05-26 22:03:00+02:00,3.3,0.9,0.0,1.7,8.8,7.0,5.7,0.8,0.2,7.2,0.5,7.4,0.6,2.5,0.2,6.3,0.3,2.3,6.1,8.2,5.1,0.1,6.8,5.7,10.6,0.8,2.1,6.2,10.1,1.8,0.3,4.6,0.7,2.4,2.2,2.0,1.6,0.8,0.2,0.8,0.5,0.1
2017-05-26 22:04:00+02:00,3.3,0.9,0.0,1.7,8.2,6.3,5.4,0.8,0.2,6.0,0.6,6.7,0.6,2.2,0.2,5.6,0.3,2.0,5.8,7.6,4.8,0.1,6.0,4.9,10.0,0.9,2.1,5.5,9.6,1.8,0.5,4.3,0.7,2.8,2.6,2.5,2.1,0.8,0.2,1.3,0.5,0.1
2017-05-26 22:05:00+02:00,3.4,0.9,0.0,1.6,8.4,6.4,5.5,0.9,0.2,6.0,0.7,6.8,0.7,2.3,0.2,5.6,0.3,2.1,5.9,7.8,4.9,0.1,6.1,5.0,10.0,1.0,2.0,5.5,9.6,1.9,0.5,4.3,0.7,2.3,2.1,1.9,1.5,0.8,0.2,0.8,0.5,0.1
2017-05-26 22:06:00+02:00,3.4,0.9,0.0,1.6,8.2,6.1,5.3,0.9,0.2,6.1,0.7,6.6,0.7,2.2,0.3,5.6,0.4,1.9,5.7,7.6,4.6,0.1,5.9,5.0,10.0,1.0,1.9,5.5,9.6,1.8,0.5,4.0,0.7,2.5,2.3,2.2,1.8,0.7,0.2,1.1,0.6,0.3
2017-05-26 22:07:00+02:00,2.2,1.3,0.0,2.2,8.4,6.7,5.5,1.0,0.2,4.4,0.7,6.9,0.8,1.9,0.2,4.0,0.2,1.7,6.2,7.9,4.9,0.1,6.4,3.4,10.1,1.0,2.4,3.9,9.6,1.5,0.5,4.3,1.1,2.2,2.0,1.9,1.5,0.6,0.2,0.9,0.7,0.4
2017-05-26 22:08:00+02:00,0.3,2.2,0.0,3.0,9.1,7.3,6.3,0.9,0.4,1.8,0.7,7.6,0.8,1.9,0.3,1.3,0.1,1.6,6.8,8.6,5.7,0.1,7.1,0.9,10.8,1.0,3.2,1.2,10.3,1.4,0.5,5.1,1.9,2.1,1.9,1.8,1.5,0.6,0.2,0.9,0.7,0.4
2017-05-26 22:09:00+02:00,0.3,2.4,0.0,3.2,9.0,7.3,6.4,0.8,0.6,1.7,0.7,7.6,0.7,1.7,0.3,1.3,0.1,1.5,6.8,8.6,5.7,0.1,7.0,0.9,10.6,1.0,3.4,1.2,10.1,1.3,0.5,5.1,2.1,2.1,1.9,1.8,1.4,0.5,0.2,0.9,0.7,0.4
2017-05-26 22:10:00+02:00,0.3,2.4,0.0,3.0,8.8,7.0,6.0,0.7,0.6,1.8,0.7,7.2,0.6,1.6,0.3,1.4,0.1,1.3,6.5,8.4,5.4,0.1,6.7,0.9,10.1,1.2,3.3,1.3,9.6,1.2,0.6,4.8,2.0,2.2,2.0,1.9,1.5,0.6,0.3,0.9,0.7,0.4
2017-05-26 22:11:00+02:00,0.3,1.5,0.0,2.2,7.5,5.8,4.9,0.6,0.6,2.0,0.6,6.0,0.5,1.5,0.2,1.4,0.1,1.2,5.3,7.1,4.4,0.1,5.5,0.9,8.7,1.1,2.4,1.3,8.1,1.1,0.5,3.8,1.1,2.0,1.9,1.8,1.4,0.6,0.3,0.8,0.6,0.4
2017-05-26 22:12:00+02:00,0.2,1.3,0.0,2.2,7.5,5.8,5.0,0.6,0.5,2.2,0.7,6.1,0.5,1.5,0.2,1.7,0.1,1.2,5.4,7.1,4.4,0.1,5.5,1.2,8.9,1.0,2.4,1.6,8.4,1.1,0.5,3.8,0.9,2.1,1.9,1.7,1.4,0.6,0.3,0.8,0.6,0.3
2017-05-26 22:13:00+02:00,0.2,1.2,0.0,2.0,7.5,5.7,5.0,0.6,0.5,3.0,0.7,6.0,0.5,1.5,0.3,2.4,0.1,1.2,5.3,7.0,4.3,0.2,5.5,2.0,9.1,1.0,2.3,2.4,8.5,1.0,0.5,3.7,0.9,2.0,1.8,1.7,1.4,0.6,0.3,0.8,0.6,0.3
2017-05-26 22:14:00+02:00,0.2,1.2,0.0,1.8,7.3,5.5,4.8,0.7,0.5,2.1,0.8,5.8,0.5,1.5,0.3,1.6,0.1,1.3,5.1,6.9,4.1,0.2,5.2,1.2,8.5,1.1,2.1,1.5,7.9,1.1,0.5,3.5,0.8,2.0,1.8,1.7,1.3,0.6,0.2,0.8,0.6,0.3
2017-05-26 22:15:00+02:00,0.2,1.5,0.0,2.1,7.8,6.0,5.2,0.7,0.5,1.8,0.7,6.3,0.5,1.6,0.3,1.3,0.1,1.3,5.4,7.4,4.4,0.1,5.8,0.9,8.6,1.1,2.4,1.3,8.2,1.1,0.5,3.9,1.1,2.3,2.2,2.0,1.7,0.6,0.2,1.2,0.7,0.4
2017-05-26 22:16:00+02:00,0.6,1.6,0.0,2.1,8.2,6.3,5.5,0.9,0.5,3.1,0.7,6.8,0.7,2.0,0.3,2.6,0.4,1.8,5.8,7.8,4.9,0.1,6.1,2.0,8.9,1.1,2.4,2.5,8.6,1.6,0.5,4.4,1.2,2.5,2.4,2.1,1.8,0.5,0.2,1.3,0.7,0.4
2017-05-26 22:17:00+02:00,1.0,1.6,0.0,2.3,9.6,6.9,6.2,1.7,0.5,4.2,0.7,7.9,1.5,2.6,0.3,3.8,1.2,2.4,6.5,8.9,5.6,0.1,6.7,3.2,10.1,1.0,2.6,3.7,9.7,2.2,0.5,5.1,1.2,2.5,2.4,2.2,1.9,0.5,0.2,1.4,0.8,0.4
2017-05-26 22:18:00+02:00,0.9,1.6,0.0,2.4,8.9,6.5,5.7,1.2,0.5,4.1,0.7,7.4,1.0,2.0,0.3,3.7,0.6,1.8,6.0,8.5,5.2,0.1,6.2,3.1,9.4,1.1,2.7,3.5,9.0,1.6,0.5,4.7,1.1,2.9,2.8,2.5,1.9,0.5,0.2,1.4,0.8,0.4
2017-05-26 22:19:00+02:00,0.9,1.6,0.0,2.2,8.4,6.0,5.0,0.7,0.5,4.4,0.7,7.0,0.5,1.5,0.3,4.0,0.1,1.3,5.5,8.0,4.4,0.1,5.6,3.4,8.9,1.0,2.5,3.8,8.5,1.1,0.5,3.9,1.1,3.4,3.3,3.0,1.7,0.5,0.2,1.2,0.7,0.4
2017-05-26 22:20:00+02:00,0.9,1.6,0.0,2.1,8.1,5.9,4.9,0.7,0.5,4.5,0.7,6.7,0.6,1.5,0.3,4.1,0.1,1.3,5.3,7.7,4.3,0.1,5.5,3.2,8.6,1.0,2.4,3.9,8.2,1.1,0.5,3.9,1.2,3.5,3.3,3.1,1.8,0.5,0.2,1.3,1.2,0.9
2017-05-26 22:21:00+02:00,0.9,1.6,0.0,2.2,7.9,6.0,5.0,0.7,0.5,3.7,0.7,6.6,0.6,1.5,0.3,3.3,0.1,1.3,5.4,7.5,4.4,0.1,5.6,2.3,8.5,1.0,2.5,3.2,8.0,1.2,0.5,4.0,1.2,3.1,3.0,2.8,1.5,0.5,0.2,1.0,0.9,0.6
2017-05-26 22:22:00+02:00,0.9,1.6,0.0,2.2,7.6,6.1,5.3,1.2,0.5,3.6,0.7,6.2,1.1,1.9,0.3,3.2,0.6,1.8,5.4,7.2,4.8,0.1,5.7,2.3,8.1,1.0,2.4,3.0,7.7,1.6,0.5,4.4,1.2,2.9,2.8,2.6,1.4,0.5,0.2,0.8,0.7,0.4
2017-05-26 22:23:00+02:00,0.9,1.5,0.0,2.1,7.6,6.1,5.3,1.4,0.4,3.5,0.7,6.3,1.2,2.1,0.3,3.1,0.8,1.9,5.4,7.3,4.9,0.1,5.7,2.3,8.2,1.0,2.4,3.0,7.8,1.7,0.5,4.5,1.1,3.3,3.1,3.0,1.7,0.6,0.2,1.1,0.7,0.4
2017-05-26 22:24:00+02:00,1.0,1.4,0.0,2.1,7.8,6.2,5.1,1.2,0.3,3.5,0.7,6.4,1.0,1.9,0.3,3.1,0.5,1.7,5.3,7.4,4.7,0.1,5.8,2.3,8.4,1.0,2.3,2.9,8.0,1.5,0.5,4.2,1.1,3.4,3.3,3.1,1.8,0.5,0.2,1.3,0.7,0.4
2017-05-26 22:25:00+02:00,1.0,1.4,0.0,2.0,8.0,6.4,5.3,1.4,0.3,3.4,0.7,6.6,1.2,2.1,0.3,3.0,0.7,1.9,5.6,7.6,4.8,0.1,6.0,2.3,8.9,1.0,2.3,2.9,8.5,1.7,0.5,4.4,1.0,3.4,3.3,3.1,1.8,0.6,0.2,1.3,0.7,0.4
2017-05-26 22:26:00+02:00,1.0,1.4,0.0,1.9,8.0,6.3,5.3,1.4,0.3,3.3,0.8,6.4,1.3,2.1,0.4,2.8,0.8,1.9,5.6,7.5,4.8,0.1,5.9,2.3,8.8,1.1,2.2,2.7,8.5,1.7,0.6,4.3,1.0,3.3,3.2,3.0,1.7,0.6,0.2,1.1,0.6,0.4
2017-05-26 22:27:00+02:00,1.0,1.5,0.0,2.0,8.2,6.5,5.3,1.4,0.4,2.8,0.8,6.6,1.2,2.1,0.4,2.3,0.7,1.9,5.6,7.8,4.9,0.2,6.1,1.7,9.0,1.2,2.3,2.1,8.7,1.7,0.6,4.4,1.1,3.4,3.3,3.1,1.8,0.6,0.3,1.2,0.6,0.4
2017-05-26 22:28:00+02:00,1.0,1.5,0.0,2.0,7.9,6.1,5.1,1.2,0.4,2.4,0.8,6.2,1.1,1.9,0.4,1.9,0.6,1.8,5.4,7.4,4.7,0.2,5.7,1.3,8.7,1.2,2.3,1.7,8.4,1.5,0.6,4.2,1.1,3.5,3.4,3.3,1.8,0.6,0.3,1.2,0.7,0.5
2017-05-26 22:29:00+02:00,1.0,1.5,0.0,2.0,7.9,6.1,5.3,1.3,0.4,2.4,0.8,6.2,1.2,2.1,0.4,1.9,0.8,1.9,5.5,7.4,4.8,0.2,5.7,1.3,8.7,1.2,2.3,1.8,8.4,1.7,0.6,4.3,1.1,3.1,3.0,2.9,1.4,0.6,0.3,0.8,0.7,0.5
2017-05-26 22:30:00+02:00,1.0,1.4,0.0,2.0,8.0,6.1,5.3,1.4,0.4,2.8,0.9,6.3,1.3,2.1,0.5,2.3,0.8,2.0,5.5,7.5,4.9,0.2,5.7,1.7,8.7,1.2,2.2,2.2,8.4,1.7,0.7,4.4,1.1,3.4,3.3,3.2,1.7,0.6,0.3,1.1,0.7,0.4
2017-05-26 22:31:00+02:00,1.3,1.4,0.0,2.0,7.5,5.6,4.8,1.3,0.4,3.2,0.9,5.7,1.2,2.0,0.5,2.8,0.8,1.8,5.1,7.0,4.6,0.2,5.3,2.2,8.2,1.2,2.1,2.7,7.9,1.6,0.7,4.1,1.0,3.6,3.5,3.4,1.8,0.6,0.3,1.2,0.7,0.4
2017-05-26 22:32:00+02:00,2.2,1.3,0.0,1.8,7.1,5.3,4.5,1.1,0.3,3.3,1.0,5.4,0.9,1.7,0.5,2.9,0.5,1.5,4.8,6.6,4.2,0.2,5.0,2.3,7.8,1.3,2.0,2.8,7.5,1.2,0.7,3.7,1.0,3.5,3.4,3.2,1.8,0.6,0.3,1.2,0.7,0.4
2017-05-26 22:33:00+02:00,2.0,1.3,0.0,1.8,8.9,6.7,6.0,1.1,0.3,3.2,1.4,6.8,1.0,1.8,0.4,2.8,0.5,1.6,6.2,8.5,4.4,0.2,6.4,2.2,9.6,1.6,1.9,2.7,9.3,1.3,0.6,3.8,1.0,3.1,3.0,2.7,1.7,0.6,0.3,1.1,0.7,0.4
2017-05-26 22:34:00+02:00,2.0,1.3,0.0,1.8,8.2,5.7,5.0,1.2,0.3,3.2,1.6,5.8,1.1,1.9,0.4,2.8,0.6,1.6,5.2,7.7,4.5,0.2,5.4,2.2,8.9,1.9,2.0,2.7,8.6,1.4,0.6,3.9,1.0,2.4,2.3,2.1,1.8,0.6,0.3,1.2,0.7,0.4
2017-05-26 22:35:00+02:00,2.0,1.3,0.0,1.8,7.3,5.3,4.5,1.1,0.3,3.2,1.1,5.4,0.9,1.8,0.4,2.8,0.5,1.5,4.7,6.8,4.1,0.2,5.0,2.2,8.0,1.4,2.0,2.7,7.7,1.3,0.6,3.8,1.0,2.4,2.3,2.1,1.8,0.6,0.3,1.2,0.7,0.5
2017-05-26 22:36:00+02:00,2.0,1.3,0.0,1.8,7.6,6.0,5.2,1.2,0.3,3.3,0.7,6.1,1.1,1.9,0.4,2.8,0.6,1.7,5.4,7.1,4.9,0.2,5.7,2.2,8.3,1.0,2.0,2.7,8.0,1.4,0.6,3.9,1.0,2.6,2.5,2.3,2.0,0.6,0.3,1.4,1.0,0.7
2017-05-26 22:37:00+02:00,1.8,1.3,0.0,1.9,6.7,5.0,4.2,0.9,0.3,3.1,0.8,5.1,0.8,1.7,0.5,2.6,0.2,1.5,4.4,6.2,4.0,0.3,4.7,2.0,7.4,1.1,2.1,2.5,7.1,1.2,0.7,3.8,1.0,2.8,2.7,2.5,2.1,0.6,0.3,1.5,1.1,0.8
2017-05-26 22:38:00+02:00,1.7,1.5,0.1,2.1,8.2,6.4,5.6,1.0,0.4,2.9,0.9,6.5,0.8,1.8,0.6,2.5,0.3,1.6,5.9,7.7,5.0,0.4,6.1,1.9,8.9,1.2,2.3,2.4,8.6,1.3,0.8,4.1,1.2,3.0,2.9,2.7,2.4,0.6,0.3,1.8,1.3,0.5
2017-05-26 22:39:00+02:00,1.7,1.5,0.1,2.1,7.7,5.9,5.1,1.1,0.4,2.9,0.9,6.0,1.0,2.0,0.6,2.5,0.5,1.8,5.3,7.2,4.5,0.4,5.6,1.9,8.5,1.2,2.3,2.3,8.0,1.5,0.8,4.3,1.2,2.7,2.6,2.5,2.2,1.0,0.2,1.2,0.7,0.5
2017-05-26 22:40:00+02:00,1.9,1.5,0.1,2.1,7.9,6.5,5.7,1.1,0.4,3.1,0.8,6.6,0.9,1.9,0.4,2.6,0.4,1.7,5.9,7.6,5.0,0.3,6.2,2.0,8.7,1.1,2.3,2.5,8.3,1.4,0.6,4.1,1.3,2.4,2.3,2.2,1.8,0.7,0.3,1.2,0.7,0.5
2017-05-26 22:41:00+02:00,1.9,1.4,0.1,2.0,7.0,5.7,4.9,1.0,0.4,3.0,0.7,5.8,0.9,1.8,0.3,2.6,0.4,1.6,5.1,6.7,4.2,0.3,5.4,2.0,7.7,1.0,2.3,2.5,7.3,1.4,0.6,4.0,1.2,2.4,2.3,2.2,1.8,0.7,0.3,1.2,0.7,0.5
2017-05-26 22:42:00+02:00,1.0,1.4,0.1,2.0,8.0,6.5,5.7,1.0,0.4,2.2,0.8,6.7,0.9,1.8,0.4,1.7,0.4,1.6,5.9,7.7,4.9,0.3,6.2,1.2,8.7,1.1,2.2,1.6,8.2,1.4,0.6,4.0,1.2,2.4,2.2,2.1,1.7,0.7,0.3,1.1,0.7,0.4
2017-05-26 22:43:00+02:00,0.7,1.5,0.1,2.0,7.2,5.8,5.0,1.0,0.4,1.9,0.8,5.9,0.9,1.7,0.4,1.5,0.4,1.5,5.3,6.9,4.2,0.3,5.5,0.9,7.8,1.1,2.3,1.3,7.4,1.3,0.6,4.0,1.2,2.3,2.2,2.1,1.7,0.6,0.3,1.1,0.7,0.5
2017-05-26 22:44:00+02:00,0.7,1.4,0.1,2.0,7.8,6.3,5.6,0.7,0.4,1.9,0.9,6.4,0.6,1.4,0.5,1.5,0.2,1.2,5.8,7.5,4.6,0.3,6.1,0.9,8.5,1.1,2.3,1.4,8.1,1.0,0.7,3.7,1.1,2.3,2.2,2.1,1.8,0.6,0.3,1.1,0.7,0.5
2017-05-26 22:45:00+02:00,0.8,2.0,0.1,2.4,8.2,6.7,6.0,0.7,0.4,2.0,0.8,6.8,0.6,1.4,0.5,1.6,0.2,1.2,6.2,7.9,5.0,0.4,6.4,1.0,8.8,1.1,3.4,1.4,8.4,1.0,0.7,4.8,1.7,2.3,2.2,2.1,1.8,0.6,0.3,1.1,0.7,0.5
2017-05-26 22:46:00+02:00,1.0,2.2,0.1,2.6,9.6,8.1,7.2,0.7,0.4,2.1,0.8,8.2,0.6,1.5,0.4,1.7,0.2,1.2,7.4,9.3,6.3,0.3,7.6,1.2,10.3,1.1,4.6,1.6,9.9,1.0,0.6,6.1,1.9,2.3,2.2,1.9,1.6,0.5,0.2,1.1,0.7,0.5
2017-05-26 22:47:00+02:00,1.5,2.0,0.1,2.4,9.2,7.6,6.9,0.7,0.4,2.5,0.9,7.7,0.6,1.6,0.4,2.2,0.2,1.3,7.1,8.9,6.2,0.3,7.3,1.7,9.8,1.2,4.4,2.1,9.5,1.0,0.7,6.0,1.7,2.3,2.1,1.9,1.6,0.5,0.2,1.1,0.7,0.4
2017-05-26 22:48:00+02:00,1.5,3.0,0.1,3.4,9.6,8.2,7.4,0.8,0.4,3.4,0.8,8.2,0.6,1.6,0.3,3.1,0.2,1.3,7.6,9.3,7.0,0.2,7.8,2.6,10.2,1.1,5.2,3.0,9.9,1.1,0.6,6.7,2.7,2.4,2.3,2.1,1.7,0.5,0.2,1.2,0.8,0.6
2017-05-26 22:49:00+02:00,1.6,1.7,0.1,2.2,7.7,6.2,5.6,0.8,0.4,3.3,0.8,6.3,0.6,1.6,0.3,2.9,0.2,1.3,5.7,7.3,5.1,0.2,5.9,2.4,8.3,1.1,3.3,2.8,8.0,1.1,0.5,4.9,1.4,2.9,2.8,2.0,1.7,0.5,0.2,1.3,0.8,0.5
2017-05-26 22:50:00+02:00,1.5,1.3,0.1,1.8,7.2,5.7,5.0,0.8,0.4,2.6,0.8,5.7,0.6,1.6,0.3,2.3,0.2,1.3,5.2,6.8,4.5,0.2,5.4,1.8,7.8,1.1,2.6,2.2,7.5,1.1,0.6,4.1,1.1,2.6,2.4,2.1,1.8,0.5,0.2,1.3,0.7,0.4
2017-05-26 22:51:00+02:00,1.6,1.8,0.1,2.2,7.6,6.0,5.3,0.7,0.4,2.7,0.9,6.0,0.5,1.4,0.4,2.3,0.2,1.2,5.5,7.2,4.8,0.3,5.7,1.9,8.2,1.2,3.0,2.3,7.9,1.0,0.7,4.4,1.5,3.3,3.1,2.5,2.2,0.5,0.2,1.7,1.2,1.0
2017-05-26 22:52:00+02:00,1.6,1.5,0.1,1.8,7.5,5.8,5.1,0.9,0.3,2.8,0.9,5.9,0.7,1.5,0.4,2.4,0.3,1.3,5.3,7.0,4.5,0.3,5.5,2.0,8.0,1.2,2.6,2.3,7.8,1.1,0.7,4.1,1.2,3.0,2.9,2.5,2.2,0.4,0.2,1.8,1.4,1.2
2017-05-26 22:53:00+02:00,1.6,1.2,0.2,1.5,7.1,5.5,4.8,0.7,0.6,2.7,0.9,5.5,0.5,1.3,0.5,2.3,0.2,1.1,5.1,6.7,4.2,0.4,5.3,1.9,7.7,1.2,2.4,2.3,7.4,0.9,0.7,3.7,1.0,2.9,2.8,2.5,2.2,0.4,0.2,1.8,1.4,1.2
2017-05-26 22:54:00+02:00,1.5,0.8,0.2,1.2,6.6,4.9,4.3,0.6,0.4,2.8,1.0,5.0,0.5,1.3,0.6,2.4,0.2,1.1,4.5,6.2,3.7,0.4,4.7,1.9,7.1,1.3,1.9,2.3,6.8,0.9,0.7,3.3,0.5,2.9,2.8,2.5,2.2,0.4,0.2,1.8,1.4,1.2
2017-05-26 22:55:00+02:00,1.5,0.9,0.2,1.3,6.7,5.2,4.5,0.7,0.5,3.0,0.9,5.2,0.6,1.4,0.5,2.6,0.2,1.2,4.7,6.5,3.9,0.4,5.0,2.1,7.2,1.2,2.1,2.5,6.9,1.0,0.7,3.5,0.6,2.7,2.6,2.3,2.0,0.4,0.2,1.7,1.2,1.1
2017-05-26 22:56:00+02:00,1.5,0.9,0.2,1.3,6.6,5.1,4.5,0.6,0.5,3.7,0.9,5.1,0.5,1.3,0.5,3.4,0.2,1.1,4.6,6.3,3.8,0.4,4.9,2.9,7.1,1.2,2.0,3.3,6.8,0.9,0.6,3.4,0.6,2.7,2.6,2.3,2.0,0.4,0.2,1.6,1.2,1.1
2017-05-26 22:57:00+02:00,1.5,0.8,0.2,1.3,6.6,5.0,4.4,0.6,0.5,3.7,0.9,5.0,0.5,1.3,0.4,3.4,0.2,1.1,4.5,6.3,3.8,0.3,4.8,2.9,7.1,1.2,2.0,3.3,6.8,0.9,0.6,3.3,0.6,2.7,2.6,2.4,2.2,0.4,0.2,1.8,1.4,1.3
2017-05-26 22:58:00+02:00,1.5,0.9,0.2,1.5,6.9,5.2,4.6,0.7,0.5,2.7,0.9,5.3,0.5,1.3,0.4,2.4,0.2,1.1,4.8,6.6,4.0,0.3,5.0,1.9,7.4,1.3,2.3,2.3,7.1,0.9,0.6,3.5,0.6,2.7,2.6,2.4,2.1,0.4,0.2,1.8,1.3,1.2
2017-05-26 22:59:00+02:00,1.5,0.9,0.2,1.4,7.1,5.5,5.0,1.2,0.5,2.8,0.9,5.6,1.0,1.7,0.4,2.5,0.2,1.6,5.1,6.8,4.3,0.3,5.3,2.0,7.6,1.3,2.1,2.4,7.3,1.5,0.6,3.9,0.6,2.1,2.0,1.8,1.5,0.4,0.2,1.2,0.7,0.6
2017-05-26 23:00:00+02:00,1.5,2.4,0.2,3.4,10.5,8.4,6.9,1.3,0.4,3.0,0.9,8.5,1.0,1.8,0.4,2.7,0.2,1.7,7.1,9.7,6.3,0.3,7.5,2.1,11.0,1.2,4.0,2.6,10.7,1.6,0.6,5.8,2.1,1.8,1.7,1.5,1.3,0.4,0.2,0.9,0.7,0.5
2017-05-26 23:01:00+02:00,1.8,3.0,0.2,3.5,10.1,8.4,6.8,1.2,0.5,3.2,0.9,8.5,1.0,1.9,0.4,2.9,0.2,1.7,6.9,9.7,6.1,0.3,7.3,2.3,10.7,1.2,3.9,2.8,10.5,1.5,0.6,5.7,2.7,1.6,1.5,1.4,1.2,0.4,0.2,0.8,0.6,0.4
2017-05-26 23:02:00+02:00,2.2,1.0,0.2,1.4,7.7,5.6,4.8,1.2,0.4,3.5,1.2,5.7,1.0,1.9,0.4,3.2,0.2,1.7,5.0,7.3,4.2,0.3,5.4,2.6,8.4,1.6,1.8,3.1,8.2,1.5,0.6,3.7,0.7,1.6,1.5,1.5,1.2,0.4,0.2,0.8,0.6,0.4
2017-05-26 23:03:00+02:00,2.2,1.1,0.2,1.5,8.1,5.8,5.0,1.3,0.5,3.5,1.3,5.8,1.1,2.2,0.4,3.2,0.2,2.0,5.1,7.5,4.5,0.3,5.5,2.6,8.8,1.7,1.9,3.1,8.5,1.6,0.6,4.1,0.8,2.2,2.1,2.0,1.8,0.4,0.2,1.4,0.6,0.4
2017-05-26 23:04:00+02:00,2.2,1.1,0.2,1.9,8.3,6.3,5.4,1.2,0.5,3.5,1.0,6.4,1.0,2.0,0.4,3.3,0.2,1.8,5.6,7.7,4.8,0.3,5.9,2.6,9.0,1.4,2.3,3.1,8.8,1.5,0.6,4.3,0.8,1.7,1.7,1.6,1.4,0.4,0.2,1.0,0.6,0.4
2017-05-26 23:05:00+02:00,2.2,1.1,0.2,1.5,7.3,5.8,4.9,1.2,0.5,4.1,0.8,5.9,1.0,2.0,0.4,3.1,0.2,1.7,5.0,7.0,4.3,0.3,5.4,2.6,8.0,1.1,1.9,3.0,7.8,1.5,0.6,3.8,0.8,1.8,1.7,1.6,1.3,0.4,0.2,0.9,0.6,0.4
2017-05-26 23:06:00+02:00,2.2,1.2,0.2,1.5,7.9,6.3,5.4,1.1,0.5,4.1,0.8,6.4,0.9,2.6,0.5,3.1,0.2,1.7,5.6,7.6,4.9,0.3,5.9,2.6,8.4,1.2,2.0,3.0,8.2,1.4,0.7,4.5,0.8,2.6,2.5,2.4,2.0,0.4,0.2,1.7,1.3,1.0
2017-05-26 23:07:00+02:00,2.2,1.1,0.2,1.5,6.2,4.7,3.8,0.5,0.5,3.4,0.8,4.8,0.3,1.4,0.4,3.1,0.2,1.1,4.0,5.9,3.7,0.3,4.3,2.6,6.7,1.1,1.9,3.0,6.5,0.8,0.6,3.3,0.8,3.0,3.0,2.9,2.4,0.4,0.2,2.0,1.5,1.2
2017-05-26 23:08:00+02:00,2.3,1.0,0.1,1.3,6.2,4.7,3.9,0.5,0.4,3.4,0.8,4.9,0.4,1.4,0.4,3.2,0.2,1.1,4.1,5.9,3.6,0.2,4.4,2.7,6.7,1.1,1.8,3.1,6.5,0.9,0.6,3.1,0.7,1.9,1.8,1.7,1.3,0.5,0.2,0.9,0.5,0.2
2017-05-26 23:09:00+02:00,2.3,1.0,0.1,1.3,7.0,5.5,4.3,0.5,0.4,3.6,0.9,5.6,0.4,1.7,0.3,3.3,0.2,1.1,4.5,6.7,3.9,0.2,4.7,2.7,7.6,1.1,1.8,3.2,7.3,0.9,0.6,3.5,0.6,2.6,2.6,2.5,2.1,0.4,0.2,1.7,1.4,1.2
2017-05-26 23:10:00+02:00,2.3,1.0,0.1,1.4,8.7,7.0,5.1,0.5,0.4,3.6,0.8,7.2,0.3,2.5,0.4,3.3,0.2,1.1,5.3,8.2,4.7,0.2,5.6,2.7,9.2,1.1,1.8,3.2,9.0,0.8,0.6,4.3,0.6,2.5,2.5,2.4,2.0,0.6,0.5,1.4,1.1,0.9
2017-05-26 23:11:00+02:00,2.3,1.0,0.1,1.4,6.5,4.8,4.0,0.6,0.4,3.7,0.8,4.9,0.4,1.4,0.4,3.3,0.3,1.1,4.3,6.0,3.7,0.3,4.5,2.7,6.8,1.1,1.8,3.2,6.6,0.9,0.6,3.2,0.6,2.2,2.1,2.0,1.8,1.2,1.1,0.6,0.3,0.2
2017-05-26 23:12:00+02:00,2.3,1.2,0.1,1.6,6.8,5.1,4.4,0.7,0.4,3.7,0.8,5.2,0.5,1.5,0.4,3.3,0.4,1.3,4.6,6.4,4.0,0.3,4.8,2.7,7.2,1.1,2.0,3.2,7.0,1.0,0.7,3.5,0.8,3.1,3.0,2.9,2.8,1.2,1.1,1.6,1.3,1.2
2017-05-26 23:13:00+02:00,2.3,1.3,0.1,1.7,6.6,5.0,4.3,0.5,0.3,3.8,0.8,5.2,0.4,1.3,0.4,3.4,0.2,1.1,4.5,6.2,3.9,0.3,4.7,2.7,7.0,1.0,2.1,3.3,6.8,0.9,0.6,3.4,0.9,2.3,2.2,2.1,1.9,0.3,0.2,1.6,0.8,0.7
2017-05-26 23:14:00+02:00,2.3,2.9,0.1,3.3,8.8,7.1,6.4,0.8,0.3,3.7,0.8,7.3,0.6,1.6,0.4,3.4,0.2,1.3,6.6,8.3,5.7,0.3,6.8,2.7,9.4,1.0,3.7,3.2,9.1,1.1,0.7,5.3,2.4,1.8,1.7,1.7,1.5,0.2,0.1,1.3,0.3,0.2
2017-05-26 23:15:00+02:00,2.3,2.3,0.1,2.7,7.9,6.4,5.6,0.8,0.3,3.6,0.7,6.5,0.7,1.7,0.3,3.3,0.3,1.4,5.8,7.5,5.1,0.2,6.1,2.7,8.4,0.9,3.0,3.1,8.2,1.2,0.6,4.7,1.8,2.3,2.2,2.1,1.9,0.2,0.1,1.7,1.3,1.2
2017-05-26 23:16:00+02:00,1.7,1.5,0.1,2.0,7.2,5.6,4.7,0.8,0.3,2.8,0.7,5.8,0.7,1.6,0.4,2.4,0.3,1.4,4.9,6.7,4.2,0.3,5.1,2.0,7.6,1.0,2.2,2.3,7.3,1.2,0.6,3.7,1.0,1.7,1.6,1.6,1.3,0.2,0.1,1.1,0.7,0.7
2017-05-26 23:17:00+02:00,1.3,1.5,0.1,2.0,7.4,5.8,4.8,0.8,0.3,2.3,0.8,5.9,0.7,1.5,0.3,2.0,0.2,1.4,5.0,6.9,4.2,0.2,5.2,1.6,7.8,1.0,2.3,1.9,7.5,1.2,0.6,3.8,1.0,1.1,1.0,1.0,0.8,0.2,0.1,0.6,0.2,0.1
2017-05-26 23:18:00+02:00,1.3,1.5,0.1,2.0,7.4,5.7,4.7,0.8,0.3,2.2,0.9,5.8,0.6,1.6,0.3,1.9,0.2,1.5,4.9,6.9,4.2,0.2,5.2,1.5,7.8,1.1,2.2,1.8,7.5,1.2,0.7,3.8,1.0,2.2,2.1,2.1,1.9,0.2,0.1,1.6,1.3,1.2
2017-05-26 23:19:00+02:00,1.3,1.5,0.1,1.9,7.4,5.6,4.7,0.8,0.3,2.4,1.0,5.7,0.7,1.8,0.4,2.1,0.2,1.7,4.9,6.9,4.3,0.2,5.1,1.7,7.8,1.2,2.1,2.0,7.5,1.2,0.8,3.9,1.0,1.8,1.8,1.7,1.4,0.2,0.1,1.3,0.9,0.9
2017-05-26 23:20:00+02:00,1.3,1.4,0.1,1.9,7.4,5.6,4.7,0.9,0.3,2.4,0.9,5.8,0.8,1.8,0.4,2.0,0.2,1.7,4.9,6.9,4.3,0.2,5.2,1.6,7.8,1.1,2.1,1.9,7.5,1.3,0.8,3.9,1.0,1.1,1.1,1.0,0.7,0.2,0.1,0.5,0.2,0.1
2017-05-26 23:21:00+02:00,1.3,1.4,0.1,1.9,7.4,5.6,4.7,1.0,0.3,2.3,0.8,5.8,0.9,1.9,0.3,1.9,0.3,1.8,4.9,6.9,4.3,0.2,5.1,1.5,7.8,1.1,2.1,1.8,7.5,1.3,0.7,3.9,1.0,2.9,2.6,2.5,2.2,0.3,0.1,2.0,1.6,1.1
2017-05-26 23:22:00+02:00,1.3,1.4,0.1,1.8,7.2,5.4,4.5,0.9,0.3,2.3,0.9,5.5,0.8,1.7,0.3,1.9,0.3,1.6,4.7,6.7,4.1,0.2,5.0,1.5,7.7,1.2,2.0,1.8,7.4,1.2,0.8,3.7,1.0,3.2,2.5,2.4,2.2,0.3,0.1,1.9,1.5,0.4
2017-05-26 23:23:00+02:00,1.3,1.2,0.2,1.7,7.0,5.1,4.4,0.8,0.2,2.2,0.9,5.3,0.7,1.6,0.4,1.9,0.2,1.5,4.6,6.5,3.9,0.3,4.8,1.5,7.4,1.2,1.9,1.8,7.1,1.1,0.8,3.5,0.9,3.2,2.5,2.4,2.1,0.3,0.1,1.9,1.5,0.4
2017-05-26 23:24:00+02:00,1.3,1.3,0.2,1.8,7.3,5.1,4.4,0.8,0.2,2.2,1.3,5.3,0.6,1.6,0.4,1.9,0.2,1.5,4.6,6.8,3.9,0.3,4.8,1.5,7.7,1.6,2.0,1.9,7.4,1.1,1.1,3.5,1.0,2.3,1.5,1.4,1.1,0.3,0.1,0.8,0.5,0.4
2017-05-26 23:25:00+02:00,1.3,1.2,0.2,1.7,6.7,5.0,4.2,0.8,0.2,2.1,1.0,5.1,0.6,1.6,0.5,1.9,0.2,1.5,4.4,6.3,3.8,0.3,4.6,1.5,7.0,1.2,1.9,1.8,6.8,1.0,0.8,3.5,1.0,2.2,1.6,1.5,1.2,0.3,0.1,0.9,0.5,0.4
2017-05-26 23:26:00+02:00,1.3,1.2,0.2,1.8,6.9,5.2,4.4,0.8,0.2,2.3,1.0,5.3,0.6,1.6,0.5,1.9,0.2,1.5,4.6,6.5,3.9,0.3,4.8,1.5,7.2,1.2,1.9,1.9,7.0,1.1,0.8,3.6,1.0,2.4,1.7,1.6,1.3,0.3,0.1,1.0,0.6,0.4
2017-05-26 23:27:00+02:00,1.3,1.2,0.2,1.7,6.6,5.0,4.2,0.8,0.2,2.3,0.8,5.2,0.6,1.6,0.4,1.9,0.2,1.5,4.4,6.2,3.8,0.3,4.6,1.5,7.0,1.1,1.8,1.9,6.7,1.1,0.8,3.5,1.0,2.8,2.1,2.0,1.6,0.6,0.4,1.0,0.6,0.4
2017-05-26 23:28:00+02:00,1.3,1.2,0.2,1.8,7.1,5.4,4.5,1.0,0.2,2.3,0.9,5.5,0.8,1.8,0.5,1.9,0.2,1.7,4.7,6.7,4.1,0.3,5.0,1.5,7.5,1.1,1.9,1.9,7.2,1.3,0.8,3.7,1.0,3.4,2.8,2.7,2.2,1.3,1.1,1.0,0.6,0.4
2017-05-26 23:29:00+02:00,1.3,1.2,0.3,1.8,7.0,5.3,4.4,0.7,0.2,2.3,0.8,5.4,0.5,1.6,0.5,1.9,0.2,1.4,4.7,6.5,3.9,0.4,4.9,1.5,7.4,1.0,1.9,1.8,7.1,1.0,0.7,3.5,1.0,3.4,2.8,2.7,2.3,1.3,1.1,1.0,0.6,0.4
2017-05-26 23:30:00+02:00,1.3,1.6,0.3,1.7,6.9,5.2,4.4,0.8,0.2,2.3,0.8,5.4,0.5,1.6,0.5,1.8,0.2,1.5,4.6,6.4,3.9,0.4,4.8,1.5,7.4,1.0,1.9,1.8,7.1,1.1,0.7,3.5,1.2,2.6,2.0,2.0,1.5,0.3,0.1,1.2,0.9,0.6
2017-05-26 23:31:00+02:00,0.9,1.8,0.3,2.2,7.6,5.9,4.9,0.7,0.2,2.2,0.9,6.0,0.5,1.6,0.4,1.6,0.2,1.5,5.2,7.1,4.5,0.4,5.4,1.3,7.9,1.1,2.5,1.6,7.7,1.0,0.7,4.0,1.4,3.5,2.9,2.8,2.3,0.3,0.1,2.0,1.7,1.4
2017-05-26 23:32:00+02:00,0.6,1.8,0.3,2.9,8.4,6.6,5.8,0.7,0.2,2.0,1.0,6.8,0.5,1.6,0.4,1.4,0.2,1.4,6.0,8.0,5.3,0.4,6.2,1.0,8.9,1.2,3.2,1.3,8.5,1.0,0.7,4.8,1.5,3.6,2.6,2.5,2.1,0.3,0.1,1.8,1.5,1.2
2017-05-26 23:33:00+02:00,0.6,1.7,0.3,2.9,9.1,7.3,6.4,0.7,0.2,2.0,1.0,7.5,0.5,1.4,0.4,1.4,0.2,1.2,6.6,8.7,6.0,0.4,6.8,1.0,9.6,1.2,3.2,1.3,9.3,1.0,0.7,4.6,1.5,3.8,1.8,1.7,1.3,0.3,0.1,1.0,0.7,0.4
2017-05-26 23:34:00+02:00,0.6,0.9,0.3,1.7,7.0,5.0,4.5,0.7,0.2,2.0,1.2,5.1,0.5,1.2,0.5,1.4,0.2,1.1,4.7,6.6,4.0,0.4,4.9,1.0,7.5,1.5,2.0,1.3,7.2,1.0,0.9,3.2,0.7,3.7,1.8,1.7,1.3,0.3,0.1,1.1,0.7,0.4
2017-05-26 23:35:00+02:00,0.6,0.7,0.3,0.8,5.7,3.9,3.3,0.7,0.2,1.9,1.1,4.0,0.5,1.3,0.5,1.4,0.2,1.1,3.6,5.4,3.0,0.4,3.7,1.0,6.2,1.4,1.1,1.3,5.9,1.0,0.9,2.4,0.4,4.4,2.5,2.4,1.3,0.3,0.1,1.0,0.7,0.4
2017-05-26 23:36:00+02:00,0.6,0.6,0.3,0.7,5.5,3.7,3.2,0.7,0.2,1.8,1.1,3.9,0.5,1.3,0.5,1.4,0.2,1.1,3.4,5.2,2.8,0.4,3.6,1.0,6.0,1.3,1.0,1.2,5.7,0.9,0.9,2.3,0.4,2.8,1.8,1.7,1.3,0.3,0.1,1.0,0.6,0.4
2017-05-26 23:37:00+02:00,0.6,0.6,0.3,0.8,5.4,3.6,3.1,0.6,0.2,1.8,1.1,3.7,0.4,1.0,0.5,1.3,0.1,0.8,3.3,5.0,2.6,0.3,3.4,1.0,5.8,1.3,1.1,1.2,5.5,0.7,1.0,2.1,0.4,2.5,1.8,1.8,1.4,0.3,0.1,1.1,0.7,0.4
2017-05-26 23:38:00+02:00,0.6,0.6,0.2,0.8,6.2,4.6,3.0,0.6,0.2,1.7,0.9,4.8,0.4,1.0,0.4,1.2,0.1,0.8,3.3,5.9,2.6,0.2,3.4,1.0,6.8,1.1,1.1,1.2,6.5,0.7,0.8,2.1,0.4,2.5,1.8,1.8,1.4,0.3,0.2,1.1,0.7,0.4
2017-05-26 23:39:00+02:00,0.6,0.7,0.1,1.0,5.8,4.2,3.2,0.6,0.2,1.6,0.9,4.4,0.4,1.0,0.4,1.2,0.1,0.8,3.4,5.5,2.9,0.2,3.6,1.0,6.8,1.1,1.3,1.1,6.5,0.7,0.8,2.3,0.4,2.5,1.9,1.8,1.5,0.3,0.2,1.1,0.7,0.5
2017-05-26 23:40:00+02:00,0.6,0.7,0.1,1.0,5.9,4.2,3.7,0.6,0.2,1.6,1.0,4.4,0.4,1.5,0.5,1.2,0.1,1.4,3.9,5.6,3.4,0.2,4.1,1.0,7.4,1.2,1.4,1.1,7.1,0.7,0.9,2.9,0.4,2.5,2.0,2.0,1.6,0.3,0.2,1.3,0.8,0.5
2017-05-26 23:41:00+02:00,0.6,1.6,0.1,1.9,7.2,5.6,5.1,1.1,0.2,1.5,1.0,5.7,0.9,2.0,0.5,1.1,0.1,1.8,5.3,6.9,4.8,0.2,5.5,1.0,8.4,1.2,2.2,1.1,8.1,1.1,0.9,4.2,1.3,2.1,1.9,1.9,1.5,0.4,0.2,1.2,0.9,0.5
2017-05-26 23:42:00+02:00,0.6,1.8,0.1,2.1,7.7,6.0,5.5,1.6,0.3,1.5,1.2,6.1,1.3,2.2,0.6,1.2,0.2,2.1,5.7,7.5,5.2,0.2,5.9,1.0,8.7,1.3,2.4,1.1,8.6,1.6,1.1,4.6,1.6,2.2,2.0,1.9,1.6,0.4,0.2,1.2,0.9,0.5
2017-05-26 23:43:00+02:00,0.6,1.1,0.1,1.4,7.1,5.3,4.8,1.8,0.2,1.4,1.3,5.4,1.5,2.2,0.8,1.2,0.2,2.0,5.0,6.8,4.5,0.3,5.2,1.0,8.0,1.3,1.8,1.1,7.9,1.8,1.2,3.9,0.9,2.5,2.3,2.2,1.9,0.4,0.2,1.5,0.8,0.5
2017-05-26 23:44:00+02:00,0.6,0.6,0.1,0.9,6.2,4.9,4.3,1.4,0.3,1.4,0.9,5.0,1.1,2.2,0.5,1.2,0.2,2.1,4.5,5.9,4.0,0.3,4.7,1.0,7.2,1.0,1.3,1.1,7.1,1.5,0.9,3.5,0.4,2.3,2.1,2.0,1.7,0.5,0.2,1.2,0.8,0.5
2017-05-26 23:45:00+02:00,0.6,0.8,0.2,1.1,6.1,4.8,4.1,1.3,0.2,1.4,0.9,4.9,1.1,1.9,0.4,1.2,0.2,1.7,4.3,5.8,3.8,0.3,4.6,1.0,7.0,1.0,1.4,1.1,6.9,1.4,0.8,3.3,0.5,2.4,2.2,2.1,1.8,0.5,0.2,1.2,0.9,0.5
2017-05-26 23:46:00+02:00,0.5,0.8,0.2,1.3,6.6,5.3,4.6,1.3,0.2,1.4,0.9,5.4,1.1,2.2,0.4,1.1,0.2,2.1,4.8,6.4,4.4,0.3,5.1,0.9,7.4,0.9,1.6,1.1,7.2,1.4,0.8,3.7,0.5,2.4,2.2,2.1,1.8,0.5,0.2,1.3,1.0,0.6
2017-05-26 23:47:00+02:00,0.4,1.0,0.2,1.7,6.7,5.3,4.6,1.4,0.3,1.3,1.0,5.4,1.2,1.8,0.4,0.9,0.2,1.7,4.8,6.4,4.4,0.3,5.1,0.7,7.5,1.0,2.0,0.9,7.3,1.5,0.8,3.7,0.7,2.2,2.0,1.9,1.6,0.5,0.2,1.2,0.9,0.6
2017-05-26 23:48:00+02:00,0.4,1.0,0.2,1.6,6.8,5.4,4.7,1.5,0.3,1.2,1.0,5.5,1.3,2.0,0.4,0.9,0.2,1.8,4.9,6.5,4.4,0.3,5.2,0.6,7.5,1.0,1.8,0.8,7.4,1.6,0.8,3.8,0.8,2.1,1.9,1.8,1.5,0.5,0.2,1.1,0.8,0.5
2017-05-26 23:49:00+02:00,0.4,0.9,0.2,1.6,7.0,5.6,4.8,1.5,0.2,1.1,1.0,5.7,1.3,2.0,0.4,0.8,0.2,1.9,5.0,6.7,4.5,0.3,5.3,0.6,7.7,1.0,1.9,0.8,7.5,1.6,0.8,3.9,0.6,3.4,3.3,3.2,1.5,0.5,0.3,1.0,0.7,0.5
2017-05-26 23:50:00+02:00,0.4,0.9,0.2,1.5,7.2,5.7,5.0,1.5,0.2,1.1,1.1,5.8,1.3,2.0,0.4,0.8,0.2,1.9,5.1,7.0,4.7,0.3,5.4,0.6,7.9,1.2,1.8,0.8,7.8,1.6,1.0,3.8,0.7,2.3,2.1,2.0,1.6,0.5,0.3,1.0,0.7,0.5
2017-05-26 23:51:00+02:00,0.4,0.9,0.2,1.4,6.4,4.9,4.2,1.5,0.2,1.2,1.0,5.0,1.3,1.9,0.4,0.9,0.2,1.8,4.4,6.1,3.9,0.3,4.7,0.7,7.1,1.1,1.7,0.8,7.0,1.6,0.9,3.6,0.7,2.3,2.1,2.1,1.7,0.5,0.2,1.3,1.0,0.8
2017-05-26 23:52:00+02:00,0.4,0.8,0.2,1.3,6.8,5.3,4.8,2.2,0.2,1.2,1.0,5.4,2.0,2.7,0.4,0.9,0.4,2.5,4.8,6.5,4.5,0.3,5.1,0.7,7.6,1.2,1.5,0.8,7.4,2.3,0.9,4.2,0.6,2.3,2.1,2.1,1.8,0.5,0.2,1.3,1.0,0.8
2017-05-26 23:53:00+02:00,0.4,0.9,0.2,1.5,8.7,7.2,6.0,2.2,0.2,1.1,1.1,7.2,2.0,2.7,0.5,0.8,0.5,2.5,6.6,8.4,5.7,0.4,6.9,0.7,9.4,1.2,1.8,0.8,9.3,2.3,1.0,4.5,0.7,2.2,2.1,2.0,1.7,0.5,0.2,1.2,0.9,0.7
2017-05-26 23:54:00+02:00,0.4,0.8,0.3,1.2,8.3,6.6,5.0,1.7,0.2,1.1,1.2,6.7,1.5,2.2,0.5,0.9,0.5,2.1,6.1,8.0,4.7,0.5,6.4,0.7,8.9,1.3,1.5,0.8,8.8,1.8,1.0,3.7,0.7,1.9,1.7,1.7,1.3,0.5,0.2,0.8,0.5,0.3
2017-05-26 23:55:00+02:00,0.4,0.8,0.3,1.0,7.1,5.5,4.1,1.7,0.2,1.1,1.2,5.5,1.5,2.2,0.5,0.9,0.5,2.1,4.9,6.8,3.7,0.5,5.2,0.7,7.5,1.3,1.3,0.8,7.4,1.8,1.0,3.4,0.7,2.3,1.8,1.8,1.5,0.6,0.3,0.9,0.6,0.3
2017-05-26 23:56:00+02:00,0.4,0.8,0.3,1.0,6.6,4.9,4.3,2.0,0.2,1.1,1.1,5.0,1.8,2.4,0.5,0.8,0.8,2.3,4.4,6.3,3.9,0.4,4.6,0.7,7.0,1.3,1.3,0.8,6.9,2.1,1.0,3.7,0.7,3.1,1.8,1.8,1.5,0.5,0.2,1.0,0.7,0.4
2017-05-26 23:57:00+02:00,0.4,1.0,0.2,1.1,8.2,6.0,5.3,2.8,0.2,1.1,1.1,6.0,2.6,3.2,0.6,0.8,1.6,3.2,5.3,8.0,4.9,0.5,5.7,0.7,8.6,2.0,1.4,0.8,8.5,2.9,0.9,4.6,0.9,3.1,1.8,1.8,1.5,0.5,0.2,1.0,0.7,0.4
2017-05-26 23:58:00+02:00,0.4,0.7,0.3,0.8,7.1,5.5,4.8,2.8,0.2,1.8,1.2,5.5,2.6,3.2,0.7,1.5,1.6,3.2,4.9,6.9,4.5,0.6,5.1,1.3,7.4,1.3,1.1,1.4,7.2,2.9,1.0,4.3,0.6,3.2,1.8,1.8,1.5,0.5,0.2,1.0,0.7,0.4
2017-05-26 23:59:00+02:00,0.4,0.7,0.4,0.8,5.5,3.9,3.4,1.5,0.2,1.9,1.2,4.0,1.3,1.9,0.7,1.6,0.9,1.8,3.5,5.3,3.1,0.6,3.6,1.4,5.9,1.4,1.0,1.6,5.7,1.6,1.1,2.9,0.6,3.4,2.1,2.1,1.8,0.5,0.2,1.3,0.8,0.4
2017-05-27 00:00:00+02:00,0.4,0.7,0.3,1.1,5.9,4.2,3.5,1.2,0.2,1.1,1.2,4.3,1.0,1.6,0.7,0.8,0.7,1.5,3.6,5.6,3.2,0.6,4.0,0.7,6.3,1.4,1.4,0.8,6.0,1.3,1.0,3.0,0.6,3.4,2.0,1.9,1.6,0.5,0.2,1.2,0.8,0.4
2017-05-27 00:01:00+02:00,0.3,0.7,0.3,1.3,6.0,4.4,3.7,1.2,0.2,0.9,1.2,4.5,1.0,1.6,0.7,0.6,0.7,1.5,3.7,5.7,3.4,0.6,4.1,0.5,6.4,1.3,1.6,0.6,6.1,1.2,1.0,3.3,0.6,2.6,2.0,1.9,1.6,0.4,0.2,1.2,0.8,0.4
2017-05-27 00:02:00+02:00,0.1,0.7,0.4,1.3,6.0,4.4,3.7,1.2,0.2,0.7,1.1,4.5,1.0,1.7,0.7,0.4,0.7,1.6,3.8,5.8,3.5,0.6,4.1,0.2,6.4,1.3,1.6,0.3,6.1,1.3,1.0,3.3,0.6,2.2,2.0,1.9,1.6,0.4,0.2,1.2,0.8,0.4
2017-05-27 00:03:00+02:00,0.1,0.7,0.4,1.2,6.7,5.0,4.4,1.3,0.2,0.7,1.2,5.1,1.2,1.8,0.7,0.4,0.6,1.7,4.4,6.4,4.2,0.6,4.8,0.2,7.1,1.4,1.5,0.3,6.8,1.4,1.1,3.4,0.6,2.6,2.3,2.2,2.0,0.7,0.2,1.2,0.7,0.4
2017-05-27 00:04:00+02:00,0.1,0.8,0.4,1.2,7.1,5.4,4.7,1.3,0.2,0.7,1.2,5.5,1.1,1.8,0.8,0.4,0.5,1.7,4.7,6.8,4.5,0.7,5.1,0.2,7.5,1.3,1.6,0.3,7.2,1.4,1.1,3.4,0.6,2.2,2.0,1.9,1.6,0.5,0.2,1.1,0.7,0.4
2017-05-27 00:05:00+02:00,0.2,0.8,0.3,1.3,6.3,4.8,4.0,1.5,0.2,0.7,1.1,4.8,1.3,2.0,0.7,0.4,0.8,1.9,4.0,6.0,3.8,0.6,4.4,0.3,6.7,1.3,1.7,0.4,6.4,1.6,1.0,3.7,0.6,2.3,2.1,2.0,1.7,0.7,0.2,1.0,0.7,0.4
2017-05-27 00:06:00+02:00,0.3,0.9,0.4,1.3,6.0,4.4,3.6,1.3,0.2,0.7,1.1,4.4,1.1,1.7,0.7,0.5,0.5,1.6,3.6,5.7,3.4,0.6,4.0,0.3,6.3,1.3,1.6,0.5,6.1,1.3,1.0,3.3,0.6,2.2,2.0,1.9,1.5,0.4,0.2,1.2,0.8,0.5
2017-05-27 00:07:00+02:00,0.3,0.9,0.3,1.3,6.2,4.5,3.6,1.2,0.2,0.8,1.1,4.6,1.1,1.7,0.7,0.5,0.4,1.6,3.9,5.9,3.3,0.6,4.3,0.3,6.6,1.3,1.6,0.5,6.3,1.3,1.0,3.2,0.6,2.4,2.2,2.1,1.7,0.5,0.2,1.2,0.8,0.6
2017-05-27 00:08:00+02:00,0.3,0.9,0.2,1.3,6.8,4.4,3.5,1.3,0.2,0.9,1.1,4.4,1.1,1.7,0.6,0.6,0.5,1.6,3.8,5.7,3.4,0.5,4.2,0.3,7.2,1.2,1.5,0.5,7.0,1.3,0.9,3.2,0.6,2.3,2.1,2.0,1.6,0.5,0.2,1.1,0.8,0.6
2017-05-27 00:09:00+02:00,0.3,0.9,0.2,1.3,6.5,4.2,3.4,1.2,0.2,0.9,1.0,4.3,1.0,1.6,0.5,0.6,0.4,1.5,3.7,5.4,3.3,0.4,4.0,0.3,6.8,1.2,1.5,0.5,6.6,1.2,0.9,3.1,0.6,2.3,2.2,2.1,1.8,0.6,0.4,1.1,0.8,0.6
2017-05-27 00:10:00+02:00,0.3,0.8,0.2,1.2,6.0,4.1,3.4,1.2,0.2,0.9,1.0,4.2,1.1,1.6,0.5,0.5,0.6,1.5,3.7,5.4,3.3,0.4,3.9,0.3,6.4,1.2,1.5,0.5,6.1,1.3,0.9,3.1,0.6,2.1,2.0,1.9,1.6,0.4,0.1,1.2,0.8,0.6
2017-05-27 00:11:00+02:00,0.3,0.7,0.2,1.3,5.8,4.0,3.3,1.0,0.2,0.9,1.0,4.0,0.9,1.4,0.5,0.5,0.4,1.3,3.5,5.2,3.2,0.4,3.8,0.3,6.1,1.1,1.6,0.5,5.9,1.1,0.8,3.0,0.6,2.3,2.3,2.2,1.6,0.4,0.1,1.2,0.9,0.5
2017-05-27 00:12:00+02:00,0.3,0.7,0.2,1.1,5.6,3.8,3.1,0.9,0.2,0.9,0.9,3.8,0.8,1.4,0.4,0.5,0.4,1.3,3.3,4.9,3.0,0.3,3.5,0.3,5.8,1.1,1.4,0.5,5.6,1.0,0.8,2.8,0.6,2.8,2.8,2.7,1.7,0.4,0.1,1.3,1.0,0.5
2017-05-27 00:13:00+02:00,0.3,0.7,0.2,1.1,5.7,4.0,3.3,1.1,0.2,0.9,1.0,4.0,1.0,1.6,0.4,0.5,0.6,1.5,3.5,5.0,3.2,0.3,3.7,0.3,5.9,1.0,1.4,0.5,5.8,1.2,0.8,3.0,0.6,2.3,2.3,2.2,1.7,0.4,0.1,1.3,1.0,0.6
2017-05-27 00:14:00+02:00,0.3,0.7,0.2,1.1,5.9,4.1,3.3,1.2,0.2,0.9,1.0,4.1,0.8,1.6,0.4,0.5,0.4,1.5,3.6,5.3,3.2,0.3,3.9,0.3,6.1,1.1,1.4,0.5,6.0,1.2,0.8,3.0,0.6,2.0,2.0,1.9,1.6,0.4,0.1,1.2,0.9,0.6
2017-05-27 00:15:00+02:00,0.2,0.6,0.2,1.1,6.1,4.2,3.4,1.2,0.2,0.9,1.0,4.3,0.9,1.7,0.5,0.5,0.4,1.6,3.6,5.4,3.2,0.3,4.0,0.3,6.3,1.1,1.3,0.5,6.1,1.3,0.8,3.0,0.5,1.9,1.9,1.9,1.6,0.4,0.1,1.2,0.9,0.5
2017-05-27 00:16:00+02:00,0.3,0.5,0.2,1.0,5.9,4.1,3.2,1.2,0.2,1.1,1.0,4.1,1.0,1.6,0.5,0.7,0.6,1.5,3.5,5.3,3.0,0.3,3.9,0.5,6.1,1.1,1.2,0.7,6.0,1.3,0.8,2.9,0.5,1.8,1.8,1.7,1.5,0.4,0.1,1.1,0.8,0.4
2017-05-27 00:17:00+02:00,0.3,0.5,0.2,1.0,5.9,4.0,3.1,1.0,0.2,1.3,1.0,4.1,0.8,1.4,0.5,1.0,0.4,1.3,3.4,5.2,2.9,0.3,3.8,0.8,6.1,1.1,1.3,0.9,6.0,1.1,0.8,2.7,0.5,1.7,1.7,1.7,1.4,0.4,0.1,1.0,0.7,0.4
2017-05-27 00:18:00+02:00,0.3,0.7,0.2,1.1,6.6,4.8,3.9,1.1,0.3,1.3,1.0,4.9,1.0,1.4,0.5,1.0,0.5,1.4,4.2,6.0,3.7,0.3,4.6,0.8,6.8,1.1,1.4,0.9,6.7,1.1,0.8,2.9,0.6,1.7,1.7,1.6,1.4,0.4,0.1,1.0,0.7,0.4
2017-05-27 00:19:00+02:00,0.3,0.8,0.2,1.2,7.6,6.0,5.1,1.1,0.3,1.3,0.8,6.1,1.0,1.4,0.5,1.0,0.5,1.4,5.4,7.0,4.2,0.3,5.7,0.8,7.8,0.9,1.5,0.9,7.7,1.2,0.6,3.0,0.7,1.8,1.7,1.7,1.4,0.4,0.2,1.0,0.7,0.4
2017-05-27 00:20:00+02:00,0.3,0.7,0.2,1.2,6.8,5.2,4.4,1.0,0.3,1.3,0.8,5.3,0.9,1.3,0.4,1.0,0.4,1.2,4.6,6.2,3.2,0.3,5.0,0.8,7.0,0.9,1.5,0.9,6.9,1.1,0.6,2.8,0.6,1.8,1.8,1.8,1.5,0.5,0.2,1.0,0.7,0.4
2017-05-27 00:21:00+02:00,0.3,0.8,0.2,1.2,6.6,5.0,4.2,1.1,0.3,1.3,0.8,5.1,1.0,1.5,0.5,1.0,0.6,1.4,4.4,6.0,3.2,0.3,4.8,0.8,6.8,0.9,1.5,0.9,6.7,1.2,0.6,3.0,0.7,2.0,2.0,2.0,1.6,0.6,0.3,1.0,0.7,0.4
2017-05-27 00:22:00+02:00,0.3,0.9,0.2,1.3,5.6,3.9,3.1,0.8,0.3,1.4,0.8,4.1,0.7,1.1,0.5,1.0,0.2,1.0,3.3,5.0,2.9,0.4,3.7,0.8,5.8,1.0,1.6,0.9,5.7,0.8,0.7,2.7,0.8,2.1,2.0,2.0,1.6,0.6,0.3,1.0,0.7,0.4
2017-05-27 00:23:00+02:00,0.3,0.8,0.1,1.2,5.5,3.8,3.0,0.7,0.2,1.4,0.7,4.0,0.6,1.0,0.4,1.0,0.1,0.9,3.1,4.9,2.7,0.3,3.6,0.8,5.7,0.9,1.5,0.9,5.6,0.7,0.5,2.5,0.7,2.0,2.0,1.9,1.6,0.6,0.3,1.0,0.7,0.4
2017-05-27 00:24:00+02:00,0.3,0.8,0.1,1.2,5.4,3.8,3.0,0.7,0.2,1.3,0.7,4.0,0.6,1.0,0.4,0.9,0.1,1.0,3.2,4.8,2.7,0.3,3.6,0.7,5.6,0.8,1.5,0.8,5.5,0.8,0.5,2.5,0.6,1.9,1.9,1.8,1.5,0.5,0.3,1.0,0.7,0.4
2017-05-27 00:25:00+02:00,0.3,0.7,0.1,1.1,5.4,3.8,3.0,0.7,0.2,1.3,0.7,4.0,0.6,1.1,0.4,1.0,0.1,1.0,3.1,4.8,2.7,0.3,3.6,0.7,5.7,0.8,1.4,0.9,5.5,0.8,0.5,2.5,0.6,1.8,1.8,1.8,1.5,0.4,0.2,1.0,0.7,0.4
2017-05-27 00:26:00+02:00,0.4,0.7,0.1,1.1,5.8,3.8,3.0,0.7,0.2,1.3,0.7,3.9,0.6,1.2,0.3,1.0,0.1,1.1,3.2,4.8,2.7,0.2,3.6,0.7,6.1,0.9,1.4,0.9,6.0,0.8,0.5,2.5,0.6,1.9,1.9,1.9,1.6,0.4,0.2,1.2,0.9,0.4
2017-05-27 00:27:00+02:00,0.3,0.7,0.1,1.1,6.5,3.8,3.1,0.7,0.2,1.5,0.7,4.0,0.6,1.2,0.3,1.0,0.1,1.1,3.2,4.9,2.8,0.2,3.6,0.7,6.7,0.9,1.4,0.9,6.6,0.8,0.5,2.6,0.5,1.9,1.8,1.8,1.5,0.4,0.2,1.1,0.8,0.4
2017-05-27 00:28:00+02:00,0.3,0.7,0.2,1.2,6.1,4.0,3.2,0.7,0.2,1.4,0.8,4.1,0.6,1.2,0.4,0.9,0.1,1.2,3.3,5.0,2.9,0.3,3.8,0.7,6.3,0.9,1.5,0.9,6.2,0.8,0.6,2.7,0.5,1.9,1.9,1.9,1.6,0.5,0.2,1.2,0.8,0.4
2017-05-27 00:29:00+02:00,0.3,0.7,0.2,1.2,6.1,4.0,3.3,0.8,0.2,1.2,0.8,4.2,0.5,1.3,0.4,0.9,0.1,1.2,3.4,5.1,3.0,0.3,3.8,0.7,6.3,1.0,1.5,0.9,6.3,0.9,0.6,2.8,0.5,1.9,1.9,1.8,1.6,0.4,0.2,1.1,0.8,0.4
2017-05-27 00:30:00+02:00,0.3,0.7,0.2,1.1,7.8,4.7,4.0,1.6,0.2,1.2,0.8,4.8,1.3,2.1,0.4,0.9,0.2,2.0,4.1,5.7,3.7,0.3,4.5,0.7,8.0,0.9,1.4,0.8,7.9,1.7,0.5,3.5,0.5,1.9,1.9,1.8,1.5,0.4,0.2,1.1,0.8,0.4
2017-05-27 00:31:00+02:00,0.3,0.7,0.2,1.1,7.7,4.2,3.5,1.2,0.3,1.1,1.0,4.3,0.8,1.7,0.4,0.9,0.2,1.6,3.7,5.4,3.3,0.3,4.0,0.7,7.9,1.1,1.3,0.8,7.8,1.3,0.6,3.0,0.5,1.8,1.8,1.8,1.4,0.4,0.1,1.0,0.8,0.3
2017-05-27 00:32:00+02:00,0.4,0.7,0.2,1.1,6.2,3.8,3.1,0.8,0.2,1.2,0.7,3.9,0.6,1.3,0.5,0.9,0.2,1.2,3.2,4.7,2.8,0.3,3.6,0.7,6.4,0.8,1.3,0.9,6.3,1.0,0.6,2.5,0.5,1.9,1.9,1.8,1.5,0.4,0.1,1.1,0.9,0.4
2017-05-27 00:33:00+02:00,0.4,0.7,0.2,1.1,6.0,4.1,3.5,1.1,0.2,1.2,0.7,4.2,0.9,1.6,0.5,0.9,0.1,1.5,3.6,5.0,3.2,0.3,3.9,0.7,6.2,0.8,1.3,0.9,6.1,1.2,0.6,2.9,0.5,1.9,1.9,1.9,1.5,0.4,0.1,1.2,0.9,0.5
2017-05-27 00:34:00+02:00,0.4,0.7,0.2,1.1,5.6,4.1,3.6,1.1,0.3,1.4,0.7,4.2,1.0,1.7,0.5,1.1,0.2,1.6,3.7,5.0,3.3,0.3,4.0,0.7,5.7,0.7,1.3,1.1,5.6,1.3,0.6,3.0,0.5,1.9,1.9,1.9,1.5,0.3,0.1,1.2,0.9,0.5
2017-05-27 00:35:00+02:00,0.4,0.6,0.2,1.0,5.6,4.1,3.5,0.5,0.2,1.3,0.7,4.2,0.3,1.1,0.5,1.0,0.2,1.0,3.6,5.0,3.2,0.3,4.0,0.7,5.8,0.8,1.9,0.9,5.7,0.7,0.6,3.0,0.5,1.9,1.9,1.9,1.5,0.3,0.1,1.2,0.9,0.5
2017-05-27 00:36:00+02:00,0.4,0.7,0.2,1.1,5.9,4.4,3.8,0.8,0.2,1.2,0.8,4.5,0.6,1.3,0.5,0.9,0.2,1.2,3.9,5.4,3.5,0.3,4.3,0.7,6.1,0.8,2.0,0.9,6.0,0.9,0.6,3.3,0.5,1.7,1.7,1.7,1.3,0.3,0.1,1.0,0.7,0.4
2017-05-27 00:37:00+02:00,0.4,0.7,0.2,1.1,4.9,3.4,2.9,0.6,0.2,1.3,0.8,3.6,0.4,1.1,0.4,1.0,0.2,1.0,2.9,4.4,2.6,0.3,3.3,0.8,5.1,0.9,1.3,1.0,5.0,0.6,0.6,2.4,0.5,1.7,1.7,1.6,1.2,0.4,0.1,0.8,0.6,0.4
2017-05-27 00:38:00+02:00,0.4,0.7,0.2,1.1,5.1,3.6,3.1,0.8,0.2,1.3,0.8,3.8,0.6,1.3,0.4,1.0,0.2,1.2,3.1,4.6,2.8,0.3,3.5,0.8,5.3,0.8,1.3,1.0,5.2,0.9,0.6,2.6,0.5,1.7,1.6,1.6,1.2,0.4,0.1,0.8,0.6,0.4
2017-05-27 00:39:00+02:00,0.4,0.7,0.2,1.1,5.0,3.2,2.7,0.6,0.2,1.3,0.8,3.4,0.4,1.1,0.4,1.0,0.2,0.9,2.8,4.2,2.5,0.3,3.1,0.8,5.2,0.8,1.3,1.0,5.1,0.6,0.6,2.3,0.5,1.7,1.6,1.6,1.2,0.4,0.1,0.8,0.6,0.4
2017-05-27 00:40:00+02:00,0.3,0.7,0.2,1.0,5.9,3.5,3.0,0.9,0.2,1.3,0.8,3.7,0.7,1.4,0.4,1.0,0.2,1.3,3.1,4.5,2.8,0.3,3.4,0.8,6.1,0.9,1.3,0.9,6.0,1.0,0.6,2.6,0.5,1.7,1.6,1.5,1.2,0.4,0.1,0.8,0.6,0.4
2017-05-27 00:41:00+02:00,0.4,0.7,0.2,1.0,5.6,3.4,2.9,0.8,0.2,1.4,0.7,3.5,0.6,1.3,0.4,1.0,0.1,1.2,3.0,4.3,2.7,0.2,3.2,0.8,5.8,0.8,1.2,1.0,5.7,0.9,0.5,2.5,0.6,1.7,1.6,1.6,1.2,0.4,0.1,0.9,0.6,0.4
2017-05-27 00:42:00+02:00,0.4,0.6,0.1,0.9,5.1,2.9,2.4,0.4,0.2,1.9,0.6,3.0,0.2,0.9,0.3,1.5,0.1,0.8,2.4,3.7,2.2,0.2,2.7,1.2,5.3,0.7,1.1,1.4,5.1,0.5,0.4,2.0,0.6,1.7,1.6,1.5,1.2,0.4,0.1,0.9,0.6,0.4
2017-05-27 00:43:00+02:00,0.4,0.6,0.2,1.1,5.2,3.0,2.5,0.5,0.2,1.5,0.6,3.1,0.3,0.8,0.3,1.1,0.1,0.8,2.5,3.8,2.2,0.2,2.9,0.9,5.4,0.7,1.2,1.1,5.2,0.5,0.4,2.1,0.6,1.7,1.6,1.6,1.2,0.4,0.1,0.9,0.6,0.4
2017-05-27 00:44:00+02:00,0.4,0.6,0.2,1.0,6.4,4.1,3.6,1.6,0.2,2.4,0.7,4.2,1.4,2.0,0.4,2.0,0.1,1.9,3.7,5.0,3.4,0.2,4.0,1.8,6.6,0.8,1.2,2.0,6.4,1.7,0.5,3.2,0.6,1.7,1.6,1.5,1.2,0.3,0.1,0.9,0.6,0.4
2017-05-27 00:45:00+02:00,0.4,0.5,0.1,0.8,6.4,4.1,3.5,1.6,0.2,1.2,0.7,4.2,1.5,2.0,0.3,0.8,0.1,2.0,3.6,5.0,3.3,0.2,4.0,0.6,6.6,0.8,1.0,0.8,6.4,1.7,0.5,3.0,0.5,1.6,1.5,1.5,1.2,0.3,0.1,0.8,0.6,0.4
2017-05-27 00:46:00+02:00,0.2,0.5,0.2,0.8,5.4,4.1,3.6,1.6,0.2,1.0,0.7,4.2,1.5,2.1,0.4,0.7,0.1,2.1,3.6,5.0,3.3,0.2,4.0,0.5,5.7,0.8,1.0,0.6,5.5,1.8,0.5,3.1,0.4,1.6,1.5,1.5,1.2,0.3,0.1,0.8,0.6,0.4
2017-05-27 00:47:00+02:00,0.1,0.5,0.1,0.8,5.4,4.2,3.7,1.7,0.2,0.9,0.6,4.3,1.5,2.2,0.3,0.5,0.1,2.1,3.7,5.1,3.4,0.2,4.1,0.3,5.7,0.7,1.0,0.5,5.5,1.8,0.5,3.2,0.5,1.5,1.4,1.4,1.1,0.3,0.1,0.8,0.6,0.4
2017-05-27 00:48:00+02:00,0.1,0.5,0.2,0.8,5.4,4.2,3.6,1.7,0.2,0.9,0.6,4.4,1.6,2.1,0.4,0.5,0.1,2.1,3.8,5.1,3.4,0.2,4.1,0.3,5.7,0.7,1.0,0.5,5.5,1.8,0.5,3.1,0.4,1.4,1.3,1.3,1.1,0.3,0.1,0.8,0.6,0.4
2017-05-27 00:49:00+02:00,0.1,0.5,0.2,1.5,6.3,5.0,4.4,1.9,0.2,0.9,0.7,5.2,1.7,2.2,0.4,0.5,0.1,2.1,4.6,5.9,4.2,0.3,4.9,0.3,6.6,0.8,1.7,0.5,6.3,1.9,0.5,3.9,0.4,1.7,1.6,1.6,1.5,0.4,0.1,1.1,0.6,0.4
2017-05-27 00:50:00+02:00,0.1,0.5,0.2,1.6,5.9,4.6,4.1,1.6,0.2,0.9,0.7,4.8,1.5,2.0,0.4,0.5,0.1,1.9,4.2,5.6,3.9,0.3,4.6,0.2,6.2,0.8,1.8,0.4,6.0,1.7,0.5,3.7,0.4,1.9,1.8,1.8,1.6,0.4,0.1,1.3,0.6,0.4
2017-05-27 00:51:00+02:00,0.1,0.5,0.2,0.8,5.1,3.8,3.3,1.6,0.2,0.9,0.7,4.0,1.5,1.9,0.4,0.5,0.1,1.9,3.4,4.7,3.0,0.3,3.8,0.2,5.3,0.8,1.0,0.5,5.1,1.7,0.5,2.9,0.4,1.8,1.7,1.6,1.5,0.4,0.1,1.1,0.7,0.4
2017-05-27 00:52:00+02:00,0.1,0.5,0.2,0.8,5.2,4.0,3.3,1.6,0.2,0.9,0.6,4.1,1.5,1.9,0.4,0.5,0.1,1.9,3.6,4.8,3.1,0.2,4.0,0.2,5.5,0.7,1.0,0.4,5.3,1.7,0.5,3.0,0.4,1.3,1.2,1.2,1.0,0.3,0.1,0.7,0.5,0.2
2017-05-27 00:53:00+02:00,0.1,0.6,0.1,0.8,4.8,3.8,3.2,1.6,0.2,0.9,0.5,3.9,1.5,1.9,0.3,0.5,0.1,1.9,3.3,4.5,3.1,0.2,3.7,0.2,5.1,0.6,1.0,0.4,4.9,1.7,0.4,3.0,0.4,1.4,1.3,1.2,1.1,0.4,0.2,0.7,0.5,0.2
2017-05-27 00:54:00+02:00,0.1,0.6,0.0,0.8,4.8,3.8,3.3,1.7,0.2,1.0,0.5,4.0,1.5,2.0,0.2,0.6,0.1,1.9,3.4,4.5,3.1,0.1,3.8,0.2,5.0,0.5,1.0,0.5,4.8,1.7,0.3,3.0,0.4,1.4,1.3,1.2,1.1,0.4,0.2,0.7,0.5,0.2
2017-05-27 00:55:00+02:00,0.1,1.1,0.0,1.4,5.5,4.7,4.1,1.8,0.2,0.9,0.5,4.8,1.6,2.1,0.2,0.6,0.1,2.1,4.2,5.3,3.9,0.1,4.6,0.2,5.7,0.5,1.7,0.5,5.5,1.8,0.3,3.8,1.0,2.5,2.4,2.3,1.2,0.5,0.3,0.6,0.5,0.2
2017-05-27 00:56:00+02:00,0.1,1.3,0.0,1.5,5.6,4.9,4.3,1.7,0.2,0.8,0.4,5.0,1.6,2.1,0.2,0.5,0.1,2.0,4.4,5.5,4.1,0.1,4.9,0.2,5.9,0.5,1.9,0.5,5.7,1.8,0.3,4.0,1.1,2.3,2.3,2.2,1.0,0.5,0.3,0.5,0.3,0.2
2017-05-27 00:57:00+02:00,0.2,0.6,0.0,1.1,5.3,4.6,4.1,1.6,0.2,0.7,0.4,4.7,1.5,2.0,0.2,0.5,0.1,1.9,4.2,5.2,3.9,0.1,4.6,0.3,5.6,0.5,1.8,0.5,5.4,1.7,0.3,3.8,0.4,1.6,1.6,1.5,1.0,0.5,0.3,0.5,0.3,0.2
2017-05-27 00:58:00+02:00,0.2,1.0,0.0,1.8,5.6,4.8,4.3,1.5,0.2,0.8,0.4,4.9,1.3,1.9,0.2,0.6,0.1,1.8,4.4,5.5,4.2,0.1,4.8,0.3,5.9,0.6,2.2,0.5,5.7,1.6,0.3,4.0,0.9,1.3,1.3,1.2,1.1,0.5,0.3,0.5,0.4,0.3
2017-05-27 00:59:00+02:00,0.2,1.2,0.0,1.5,4.7,3.9,3.4,0.8,0.2,0.8,0.4,4.0,0.7,1.2,0.2,0.6,0.1,1.2,3.5,4.5,3.2,0.1,3.8,0.3,4.9,0.5,1.9,0.5,4.7,0.9,0.3,3.1,1.0,1.3,1.3,1.2,1.1,0.5,0.3,0.5,0.3,0.3
2017-05-27 01:00:00+02:00,0.2,0.7,0.0,1.0,4.4,3.7,2.9,0.9,0.2,0.9,0.4,3.8,0.8,1.3,0.2,0.6,0.2,1.3,3.0,4.3,2.7,0.1,3.6,0.3,4.6,0.5,1.3,0.5,4.4,1.0,0.3,2.6,0.4,1.4,1.4,1.4,1.2,0.6,0.4,0.7,0.3,0.2
2017-05-27 01:01:00+02:00,0.6,0.6,0.2,1.0,4.6,3.5,3.2,1.6,0.1,1.8,0.7,3.6,1.4,1.9,0.4,1.2,0.9,1.8,3.3,4.4,3.1,0.2,3.5,0.9,4.7,0.9,1.1,1.1,4.6,1.6,0.5,3.0,0.5,1.5,1.4,1.4,1.2,0.3,0.1,0.9,0.7,0.5
2017-05-27 01:02:00+02:00,0.3,0.6,0.2,1.0,5.2,3.9,3.7,1.7,0.1,1.9,0.9,4.0,1.5,1.9,0.6,1.0,1.1,1.9,3.8,5.1,3.3,0.4,3.9,0.7,5.4,1.1,1.2,0.9,5.3,1.8,0.7,3.1,0.5,2.1,2.1,2.0,1.6,0.4,0.2,1.3,0.7,0.5
2017-05-27 01:03:00+02:00,0.4,0.4,0.2,0.8,4.4,3.3,3.0,1.7,0.1,2.0,0.7,3.4,1.6,1.9,0.4,1.1,1.0,1.9,3.1,4.3,3.0,0.2,3.3,0.8,4.5,0.9,1.0,1.0,4.4,1.8,0.5,2.9,0.3,2.3,2.2,2.2,1.8,0.4,0.2,1.5,0.7,0.5
2017-05-27 01:04:00+02:00,0.1,0.4,0.2,0.8,4.8,3.7,3.2,1.7,0.1,1.7,0.7,3.8,1.6,2.0,0.4,0.8,1.0,1.9,3.3,4.7,3.0,0.2,3.7,0.5,5.0,0.9,1.0,0.7,4.8,1.8,0.5,3.0,0.2,2.5,2.4,2.4,1.9,0.4,0.2,1.6,0.8,0.5
2017-05-27 01:05:00+02:00,0.3,0.4,0.2,0.9,5.0,4.0,3.5,1.9,0.2,1.8,0.7,4.1,1.7,2.1,0.4,0.9,1.1,2.0,3.6,4.9,3.3,0.2,3.9,0.7,5.2,0.8,1.1,0.8,5.0,1.9,0.5,3.2,0.3,1.7,1.7,1.6,1.2,0.4,0.2,0.9,0.5,0.2
2017-05-27 01:06:00+02:00,0.3,0.4,0.2,0.7,4.7,3.9,3.4,1.9,0.2,1.8,0.6,4.0,1.7,2.2,0.3,0.9,1.1,2.2,3.5,4.6,3.2,0.2,3.8,0.7,4.9,0.7,0.9,0.9,4.8,2.1,0.4,3.1,0.3,1.3,1.3,1.2,0.9,0.4,0.2,0.5,0.4,0.1
2017-05-27 01:07:00+02:00,0.3,0.4,0.1,0.8,4.8,4.0,3.6,1.7,0.2,1.7,0.5,4.1,1.6,2.3,0.2,0.9,0.9,2.0,3.7,4.7,3.4,0.1,4.0,0.7,5.0,0.5,1.0,0.8,4.9,1.9,0.3,3.3,0.3,1.3,1.3,1.2,0.8,0.4,0.2,0.5,0.4,0.1
2017-05-27 01:08:00+02:00,0.3,0.4,0.0,0.8,4.9,4.3,3.7,2.0,0.2,1.1,0.4,4.4,1.8,2.5,0.1,0.8,1.2,2.3,3.8,4.8,3.5,0.1,4.2,0.6,5.2,0.5,1.0,0.7,5.1,2.1,0.2,3.5,0.3,1.3,1.3,1.2,0.8,0.3,0.1,0.5,0.4,0.1
2017-05-27 01:09:00+02:00,0.1,0.4,0.0,0.8,4.6,4.0,3.3,1.7,0.2,1.4,0.4,4.1,1.6,2.1,0.2,1.0,1.0,2.0,3.5,4.5,3.1,0.1,3.9,0.8,4.9,0.5,1.0,1.0,4.8,1.8,0.3,3.1,0.3,1.1,1.1,1.0,0.6,0.2,0.1,0.4,0.3,0.1
2017-05-27 01:10:00+02:00,0.2,0.4,0.0,0.8,4.8,4.1,3.5,1.9,0.2,1.4,0.4,4.2,1.8,2.3,0.2,1.1,1.2,2.2,3.7,4.7,3.3,0.1,4.0,0.9,5.1,0.5,1.1,1.0,4.9,1.9,0.3,3.3,0.3,1.2,1.2,1.2,0.8,0.3,0.1,0.5,0.3,0.1
2017-05-27 01:11:00+02:00,0.2,0.4,0.0,0.8,4.6,3.9,3.3,1.7,0.2,1.4,0.5,4.1,1.6,2.1,0.2,1.1,0.9,2.0,3.4,4.6,3.2,0.1,3.9,0.9,4.9,0.5,1.0,1.0,4.8,1.7,0.3,3.1,0.3,1.3,1.3,1.3,0.9,0.2,0.1,0.7,0.3,0.1
2017-05-27 01:12:00+02:00,0.2,0.4,0.0,0.8,4.7,3.8,3.1,1.5,0.2,1.3,0.5,3.9,1.3,1.9,0.2,0.9,0.7,1.8,3.2,4.4,3.0,0.1,3.7,0.7,5.0,0.6,1.0,0.8,4.9,1.6,0.3,2.9,0.3,1.6,1.6,1.6,1.3,0.2,0.1,1.0,0.7,0.1
2017-05-27 01:13:00+02:00,0.2,1.6,0.0,2.0,5.6,4.6,3.9,1.1,0.2,1.1,0.5,4.7,0.9,1.5,0.2,0.7,0.2,1.4,4.1,5.3,3.7,0.1,4.5,0.5,5.9,0.6,2.2,0.7,5.8,1.1,0.3,3.7,1.5,2.2,2.2,2.2,1.9,0.2,0.1,1.7,1.3,0.1
2017-05-27 01:14:00+02:00,0.2,1.0,0.0,1.4,4.7,3.7,3.2,0.9,0.2,1.2,0.4,3.8,0.8,1.3,0.2,0.8,0.2,1.2,3.3,4.4,2.9,0.1,3.7,0.6,5.0,0.5,1.6,0.7,4.9,1.0,0.3,2.9,0.9,1.6,1.5,1.5,1.2,0.2,0.1,1.0,0.6,0.1
2017-05-27 01:15:00+02:00,0.2,0.6,0.0,0.9,4.2,3.2,2.7,0.9,0.2,1.3,0.4,3.3,0.7,1.3,0.2,0.8,0.2,1.2,2.8,3.8,2.4,0.1,3.2,0.6,4.5,0.5,1.1,0.8,4.4,1.0,0.3,2.4,0.5,1.2,1.2,1.2,0.8,0.2,0.1,0.6,0.3,0.1
2017-05-27 01:16:00+02:00,0.2,1.3,0.0,1.7,4.8,3.8,3.2,0.9,0.2,1.3,0.4,3.9,0.7,1.3,0.2,0.8,0.2,1.2,3.4,4.4,3.1,0.1,3.7,0.6,5.2,0.5,1.8,0.8,5.1,0.9,0.3,3.0,1.1,1.4,1.3,1.3,0.9,0.3,0.2,0.6,0.3,0.1
2017-05-27 01:17:00+02:00,0.2,2.0,0.0,2.5,5.3,4.2,3.8,0.8,0.2,1.3,0.5,4.3,0.6,1.1,0.2,0.8,0.1,1.0,4.0,4.9,3.6,0.1,4.2,0.6,5.6,0.6,2.6,0.8,5.5,0.8,0.3,3.6,1.9,1.4,1.4,1.3,1.0,0.3,0.2,0.7,0.3,0.1
2017-05-27 01:18:00+02:00,0.2,0.8,0.1,1.3,4.1,3.0,2.6,0.8,0.2,1.3,0.5,3.1,0.6,1.1,0.2,0.8,0.1,1.0,2.7,3.7,2.4,0.1,3.0,0.6,4.4,0.6,1.3,0.7,4.3,0.8,0.3,2.4,0.7,1.4,1.4,1.4,1.0,0.3,0.2,0.7,0.3,0.1
2017-05-27 01:19:00+02:00,0.2,0.6,0.1,1.1,3.9,2.8,2.4,0.8,0.2,1.2,0.5,2.9,0.6,1.0,0.2,0.8,0.1,0.9,2.5,3.5,2.3,0.1,2.8,0.6,4.2,0.6,1.2,0.8,4.1,0.8,0.3,2.2,0.5,1.3,1.3,1.2,0.9,0.3,0.2,0.7,0.3,0.1
2017-05-27 01:20:00+02:00,0.2,0.6,0.1,1.0,3.8,2.7,2.4,0.8,0.2,1.4,0.5,2.8,0.7,1.1,0.2,0.9,0.2,1.0,2.5,3.4,2.3,0.1,2.7,0.7,4.2,0.6,1.1,0.9,4.0,0.9,0.3,2.2,0.5,1.3,1.2,1.2,0.9,0.3,0.2,0.6,0.3,0.1
2017-05-27 01:21:00+02:00,0.2,0.5,0.1,0.8,3.5,2.5,2.1,0.8,0.2,1.3,0.5,2.6,0.7,1.1,0.2,0.9,0.1,1.0,2.3,3.2,2.1,0.1,2.5,0.7,4.0,0.6,0.9,0.8,3.8,0.9,0.3,2.0,0.4,1.4,1.4,1.4,1.0,0.4,0.2,0.6,0.3,0.1
2017-05-27 01:22:00+02:00,0.2,0.6,0.0,0.9,3.5,2.4,2.1,0.7,0.2,1.2,0.5,2.6,0.6,1.0,0.2,0.9,0.1,0.9,2.2,3.1,2.0,0.1,2.4,0.7,3.9,0.6,1.0,0.8,3.7,0.8,0.3,1.9,0.4,1.5,1.5,1.4,1.0,0.3,0.2,0.6,0.3,0.1
2017-05-27 01:23:00+02:00,0.2,0.5,0.0,0.9,3.4,2.4,2.1,0.7,0.2,1.2,0.4,2.5,0.6,1.0,0.2,0.9,0.1,0.9,2.2,3.0,2.0,0.1,2.4,0.7,3.7,0.5,0.9,0.8,3.5,0.8,0.3,1.9,0.4,1.9,1.9,1.8,1.5,0.8,0.2,0.6,0.3,0.1
2017-05-27 01:24:00+02:00,0.2,0.5,0.0,0.9,3.5,2.4,2.1,0.7,0.2,1.1,0.5,2.5,0.6,1.0,0.2,0.8,0.1,0.9,2.2,3.1,2.0,0.1,2.4,0.6,3.8,0.6,0.9,0.7,3.6,0.8,0.3,1.9,0.4,1.3,1.3,1.2,0.9,0.3,0.2,0.6,0.3,0.1
2017-05-27 01:25:00+02:00,0.2,0.7,0.0,1.1,3.8,2.7,2.3,0.7,0.1,1.0,0.5,2.9,0.6,1.0,0.2,0.7,0.1,0.9,2.4,3.5,2.2,0.1,2.7,0.6,4.0,0.6,1.1,0.7,3.9,0.8,0.3,2.1,0.5,1.4,1.4,1.3,0.8,0.3,0.2,0.5,0.2,0.1
2017-05-27 01:26:00+02:00,0.2,0.7,0.0,1.0,3.6,2.5,2.2,0.7,0.1,1.1,0.5,2.7,0.6,1.0,0.2,0.8,0.1,0.9,2.3,3.3,2.1,0.1,2.5,0.6,3.8,0.6,1.1,0.8,3.7,0.7,0.4,2.0,0.5,1.5,1.5,1.4,0.8,0.3,0.2,0.5,0.2,0.1
2017-05-27 01:27:00+02:00,0.2,0.6,0.0,1.0,4.6,2.5,2.2,0.8,0.1,1.1,0.5,2.7,0.6,1.0,0.2,0.8,0.1,0.9,2.3,3.3,2.1,0.1,2.5,0.5,4.8,0.6,1.1,0.8,4.7,0.8,0.4,2.1,0.5,1.6,1.5,1.4,0.8,0.3,0.2,0.5,0.2,0.1
2017-05-27 01:28:00+02:00,0.2,0.6,0.0,1.0,4.8,2.7,2.3,0.8,0.1,1.1,0.5,2.8,0.5,1.1,0.2,0.7,0.1,1.0,2.4,3.4,2.2,0.1,2.6,0.5,5.0,0.6,1.0,0.7,4.9,0.9,0.3,2.2,0.5,1.5,1.5,1.3,0.8,0.3,0.2,0.5,0.2,0.1
2017-05-27 01:29:00+02:00,0.2,0.6,0.0,1.0,4.7,2.6,2.2,0.8,0.1,1.0,0.5,2.7,0.5,1.1,0.2,0.7,0.1,0.9,2.3,3.3,2.1,0.1,2.5,0.5,4.9,0.6,1.1,0.7,4.7,0.8,0.3,2.1,0.5,1.4,1.4,1.3,0.8,0.3,0.2,0.5,0.2,0.1
2017-05-27 01:30:00+02:00,0.2,0.7,0.0,1.1,4.9,2.8,2.3,0.8,0.1,0.9,0.5,2.9,0.5,1.1,0.2,0.5,0.1,0.9,2.4,3.5,2.3,0.1,2.6,0.3,5.0,0.6,1.2,0.5,4.9,0.8,0.3,2.2,0.5,1.5,1.5,1.4,0.9,0.3,0.2,0.5,0.2,0.1
2017-05-27 01:31:00+02:00,0.2,0.7,0.0,1.1,4.8,2.7,2.2,0.7,0.1,0.9,0.5,2.8,0.5,1.0,0.2,0.5,0.1,0.8,2.3,3.4,2.1,0.1,2.6,0.3,5.0,0.6,1.1,0.5,4.9,0.8,0.3,2.1,0.5,1.5,1.5,1.4,0.9,0.3,0.2,0.5,0.2,0.1
2017-05-27 01:32:00+02:00,0.2,0.7,0.0,1.1,4.7,2.7,2.3,0.7,0.1,0.9,0.4,2.8,0.5,1.0,0.2,0.6,0.1,0.9,2.4,3.3,2.1,0.1,2.6,0.3,4.9,0.5,1.1,0.5,4.8,0.7,0.3,2.1,0.5,1.3,1.3,1.2,0.9,0.3,0.2,0.5,0.2,0.1
2017-05-27 01:33:00+02:00,0.2,0.8,0.0,1.2,4.6,2.9,2.4,0.7,0.1,1.1,0.5,3.0,0.5,1.0,0.2,0.7,0.1,0.9,2.5,3.6,2.3,0.1,2.8,0.5,4.8,0.6,1.2,0.7,4.7,0.7,0.4,2.2,0.6,1.2,1.2,1.1,0.8,0.3,0.2,0.5,0.2,0.1
2017-05-27 01:34:00+02:00,0.2,0.8,0.0,1.2,4.8,2.8,2.4,0.7,0.1,1.1,0.4,2.9,0.4,1.0,0.2,0.7,0.1,0.9,2.5,3.4,2.2,0.1,2.7,0.5,5.0,0.5,1.2,0.7,4.9,0.7,0.3,2.2,0.6,1.3,1.2,1.1,0.8,0.3,0.2,0.5,0.2,0.1
2017-05-27 01:35:00+02:00,0.2,0.8,0.0,1.2,5.0,2.8,2.5,0.7,0.1,1.0,0.4,3.0,0.5,1.0,0.1,0.6,0.1,0.9,2.6,3.5,2.2,0.1,2.8,0.4,5.2,0.5,1.2,0.6,5.0,0.7,0.3,2.2,0.6,1.3,1.2,1.1,0.8,0.3,0.2,0.5,0.2,0.1
2017-05-27 01:36:00+02:00,0.2,0.7,0.0,1.0,4.4,2.7,2.3,0.7,0.1,1.0,0.4,2.8,0.5,1.0,0.1,0.6,0.1,0.9,2.4,3.3,2.1,0.1,2.6,0.4,4.6,0.5,1.0,0.6,4.5,0.7,0.3,2.0,0.5,1.2,1.2,1.1,0.8,0.3,0.2,0.4,0.2,0.1
2017-05-27 01:37:00+02:00,0.2,0.6,0.0,0.9,3.4,2.6,2.2,0.7,0.1,1.0,0.4,2.7,0.5,1.0,0.2,0.6,0.1,0.9,2.3,3.2,2.0,0.1,2.6,0.4,3.6,0.5,0.9,0.6,3.5,0.8,0.3,1.9,0.5,1.2,1.2,1.1,0.7,0.3,0.2,0.4,0.2,0.1
2017-05-27 01:38:00+02:00,0.2,0.6,0.0,0.8,4.1,2.5,2.1,0.6,0.0,0.9,0.6,2.7,0.5,1.0,0.2,0.6,0.1,0.9,2.3,3.4,1.9,0.1,2.5,0.4,4.3,0.7,0.9,0.6,4.2,0.8,0.3,1.9,0.4,1.3,1.3,1.2,0.8,0.3,0.2,0.5,0.2,0.1
2017-05-27 01:39:00+02:00,0.2,0.5,0.0,0.8,3.8,2.5,2.1,0.7,0.0,0.9,0.7,2.6,0.5,1.0,0.2,0.6,0.1,0.9,2.2,3.4,1.9,0.1,2.4,0.4,4.0,0.8,0.8,0.5,3.9,0.8,0.4,1.8,0.4,1.4,1.3,1.3,0.9,0.3,0.1,0.6,0.3,0.1
2017-05-27 01:40:00+02:00,0.2,0.5,0.0,0.8,3.4,2.4,2.0,0.6,0.0,0.8,0.6,2.6,0.5,1.0,0.2,0.5,0.1,0.9,2.1,3.2,1.8,0.1,2.3,0.3,3.6,0.6,0.8,0.5,3.5,0.8,0.4,1.7,0.4,1.3,1.3,1.2,0.8,0.3,0.1,0.5,0.2,0.1
2017-05-27 01:41:00+02:00,0.2,0.5,0.0,0.8,3.4,2.3,1.9,0.6,0.0,0.8,0.5,2.5,0.4,0.9,0.2,0.5,0.1,0.9,2.1,3.1,1.8,0.1,2.3,0.3,3.6,0.6,0.8,0.5,3.4,0.7,0.4,1.7,0.4,1.2,1.2,1.2,0.8,0.3,0.1,0.5,0.3,0.2
2017-05-27 01:42:00+02:00,0.2,0.5,0.0,0.8,3.3,2.3,1.9,0.6,0.0,0.8,0.7,2.5,0.4,0.9,0.2,0.5,0.1,0.9,2.0,3.2,1.8,0.1,2.3,0.3,3.5,0.7,0.8,0.5,3.4,0.7,0.4,1.7,0.4,1.2,1.2,1.1,0.8,0.3,0.1,0.5,0.3,0.1
2017-05-27 01:43:00+02:00,0.2,0.5,0.0,0.8,3.3,2.3,1.9,0.6,0.0,0.8,0.5,2.5,0.4,0.9,0.2,0.5,0.1,0.8,2.1,3.1,1.8,0.1,2.3,0.3,3.5,0.6,0.8,0.5,3.4,0.7,0.4,1.7,0.4,1.1,1.1,1.1,0.7,0.3,0.1,0.4,0.2,0.1
2017-05-27 01:44:00+02:00,0.2,0.6,0.0,0.8,3.3,2.3,1.9,0.5,0.0,0.7,0.5,2.5,0.3,0.8,0.2,0.5,0.1,0.8,2.0,3.2,1.8,0.1,2.2,0.3,3.5,0.6,0.9,0.4,3.4,0.6,0.4,1.7,0.4,1.1,1.1,1.0,0.7,0.3,0.1,0.4,0.2,0.1
2017-05-27 01:45:00+02:00,0.2,0.6,0.0,0.8,3.9,2.3,1.9,0.5,0.0,0.7,0.5,2.5,0.3,0.8,0.2,0.5,0.1,0.7,2.0,3.0,1.7,0.1,2.2,0.3,4.2,0.5,0.9,0.4,4.0,0.6,0.4,1.7,0.4,1.1,1.1,1.1,0.7,0.3,0.1,0.4,0.2,0.1
2017-05-27 01:46:00+02:00,0.6,0.6,0.0,0.8,3.0,2.2,1.9,0.5,0.0,1.2,0.5,2.5,0.3,0.8,0.2,0.9,0.1,0.7,1.9,3.0,1.7,0.1,2.1,0.7,3.2,0.5,0.9,0.9,3.1,0.5,0.3,1.7,0.4,1.1,1.1,1.0,0.8,0.4,0.2,0.4,0.2,0.1
2017-05-27 01:47:00+02:00,0.3,0.6,0.0,0.8,3.6,2.1,1.8,0.4,0.0,0.9,0.5,2.4,0.3,0.7,0.2,0.7,0.1,0.6,1.8,2.9,1.6,0.1,2.0,0.5,3.7,0.5,0.8,0.6,3.6,0.5,0.3,1.5,0.4,1.3,1.3,1.3,0.9,0.4,0.3,0.4,0.2,0.1
2017-05-27 01:48:00+02:00,0.2,0.4,0.0,0.7,3.6,2.7,2.4,1.1,0.0,0.8,0.6,2.9,1.0,1.4,0.3,0.6,0.1,1.3,2.4,3.5,2.1,0.1,2.6,0.4,3.7,0.6,0.7,0.5,3.6,1.2,0.4,2.1,0.3,1.3,1.3,1.2,0.8,0.4,0.3,0.4,0.2,0.1
2017-05-27 01:49:00+02:00,0.1,0.6,0.0,0.9,4.5,3.6,3.2,1.8,0.0,0.7,0.6,3.8,1.7,2.1,0.3,0.5,0.1,2.0,3.3,4.5,3.0,0.1,3.5,0.3,4.7,0.6,0.9,0.4,4.5,1.9,0.4,3.0,0.5,1.2,1.2,1.2,0.8,0.4,0.3,0.4,0.2,0.1
2017-05-27 01:50:00+02:00,0.1,0.6,0.0,0.8,3.1,2.3,1.9,0.6,0.1,0.7,0.6,2.5,0.4,0.9,0.3,0.4,0.1,0.8,1.9,3.1,1.7,0.2,2.1,0.2,3.3,0.6,0.8,0.4,3.2,0.7,0.4,1.7,0.4,1.2,1.2,1.1,0.8,0.4,0.3,0.4,0.2,0.1
2017-05-27 01:51:00+02:00,0.1,0.6,0.0,0.7,3.2,2.2,1.8,0.6,0.1,0.7,0.6,2.4,0.5,0.9,0.3,0.4,0.1,0.8,1.9,3.1,1.7,0.2,2.1,0.2,3.3,0.7,0.8,0.4,3.2,0.7,0.4,1.6,0.4,1.3,1.2,1.2,0.9,0.5,0.3,0.4,0.2,0.1
2017-05-27 01:52:00+02:00,0.1,0.5,0.0,0.7,3.0,2.1,1.7,0.5,0.1,0.7,0.6,2.3,0.4,0.8,0.3,0.5,0.1,0.7,1.8,3.0,1.6,0.2,2.0,0.3,3.2,0.7,0.7,0.4,3.1,0.6,0.4,1.5,0.4,1.2,1.2,1.1,0.9,0.5,0.3,0.4,0.2,0.1
2017-05-27 01:53:00+02:00,0.2,0.5,0.0,0.6,2.8,1.9,1.5,0.4,0.0,0.7,0.6,2.1,0.2,0.7,0.3,0.5,0.1,0.6,1.6,2.8,1.4,0.1,1.8,0.3,3.2,0.7,0.7,0.5,3.1,0.5,0.4,1.3,0.3,1.2,1.2,1.1,0.9,0.5,0.3,0.4,0.2,0.1
2017-05-27 01:54:00+02:00,0.2,0.4,0.0,0.6,2.7,1.8,1.4,0.4,0.0,0.7,0.6,2.0,0.2,0.7,0.3,0.5,0.1,0.6,1.5,2.6,1.3,0.1,1.7,0.3,3.0,0.7,0.6,0.5,2.8,0.5,0.4,1.2,0.3,1.2,1.1,1.1,0.8,0.3,0.2,0.4,0.2,0.1
2017-05-27 01:55:00+02:00,0.3,0.4,0.0,1.2,3.2,2.3,2.0,0.4,0.0,0.7,0.5,2.5,0.2,0.6,0.2,0.5,0.1,0.5,2.1,3.1,1.9,0.1,2.2,0.4,3.5,0.6,1.2,0.5,3.3,0.4,0.4,1.8,0.2,1.2,1.1,1.1,0.8,0.4,0.2,0.4,0.1,0.1
2017-05-27 01:56:00+02:00,0.3,0.4,0.0,1.5,3.4,2.6,2.3,0.4,0.0,0.8,0.5,2.8,0.2,0.6,0.2,0.6,0.1,0.5,2.4,3.4,2.2,0.1,2.5,0.4,3.7,0.6,1.5,0.6,3.6,0.4,0.4,2.1,0.2,1.3,1.2,1.1,0.8,0.3,0.3,0.5,0.3,0.1
2017-05-27 01:57:00+02:00,0.2,0.4,0.0,0.9,2.9,2.1,1.7,0.4,0.0,0.8,0.5,2.2,0.2,0.6,0.2,0.6,0.1,0.5,1.8,2.8,1.5,0.1,2.0,0.4,3.2,0.6,0.9,0.6,3.0,0.5,0.4,1.5,0.2,1.3,1.2,1.1,0.8,0.3,0.2,0.5,0.3,0.1
2017-05-27 01:58:00+02:00,0.3,0.4,0.0,0.5,2.6,1.8,1.4,0.5,0.0,0.8,0.5,2.0,0.3,0.7,0.2,0.6,0.2,0.6,1.5,2.5,1.3,0.1,1.7,0.5,2.9,0.6,0.5,0.6,2.8,0.5,0.4,1.2,0.2,1.2,1.1,1.1,0.8,0.3,0.3,0.4,0.2,0.1
2017-05-27 01:59:00+02:00,0.3,0.4,0.0,0.5,2.7,1.9,1.5,0.6,0.0,0.7,0.4,2.1,0.4,0.8,0.2,0.6,0.1,0.7,1.7,2.6,1.4,0.1,1.8,0.5,2.9,0.5,0.5,0.6,2.8,0.7,0.3,1.3,0.2,1.0,1.0,0.9,0.6,0.3,0.2,0.3,0.1,0.1
2017-05-27 02:00:00+02:00,0.3,0.4,0.0,0.5,2.9,2.1,1.7,0.6,0.0,0.7,0.4,2.3,0.5,0.9,0.2,0.6,0.1,0.8,1.8,2.8,1.6,0.1,2.0,0.4,3.1,0.5,0.5,0.5,3.0,0.7,0.3,1.4,0.2,0.9,0.9,0.8,0.5,0.3,0.1,0.3,0.1,0.1
2017-05-27 02:01:00+02:00,0.3,0.3,0.0,0.4,2.7,1.9,1.6,0.6,0.0,0.7,0.5,2.0,0.5,0.9,0.2,0.6,0.1,0.8,1.6,2.6,1.4,0.1,1.8,0.4,2.9,0.6,0.5,0.6,2.8,0.7,0.3,1.3,0.2,0.9,0.9,0.8,0.5,0.3,0.1,0.3,0.1,0.1
2017-05-27 02:02:00+02:00,0.3,0.4,0.0,0.5,2.7,1.9,1.6,0.6,0.0,0.6,0.4,2.1,0.5,0.8,0.2,0.5,0.1,0.7,1.6,2.6,1.5,0.1,1.8,0.4,2.9,0.5,0.6,0.5,2.8,0.7,0.3,1.4,0.2,0.8,0.8,0.7,0.6,0.3,0.1,0.3,0.2,0.1
2017-05-27 02:03:00+02:00,0.3,0.4,0.0,0.5,2.8,1.9,1.5,0.6,0.0,0.6,0.6,2.0,0.5,0.7,0.3,0.5,0.1,0.7,1.6,2.7,1.4,0.2,1.8,0.4,3.0,0.7,0.6,0.5,2.9,0.7,0.4,1.3,0.2,0.9,0.8,0.8,0.6,0.3,0.1,0.4,0.2,0.1
2017-05-27 02:04:00+02:00,0.3,0.3,0.0,0.5,2.7,1.8,1.5,0.6,0.0,0.6,0.6,2.0,0.5,0.7,0.2,0.5,0.1,0.7,1.5,2.6,1.4,0.1,1.7,0.4,3.0,0.6,0.6,0.5,2.8,0.7,0.3,1.3,0.1,0.9,0.8,0.7,0.6,0.3,0.1,0.4,0.2,0.1
2017-05-27 02:05:00+02:00,0.3,0.4,0.0,0.6,2.7,1.9,1.5,0.6,0.1,0.7,0.5,2.1,0.5,0.7,0.2,0.5,0.1,0.7,1.6,2.6,1.5,0.1,1.8,0.4,3.0,0.6,0.6,0.5,2.8,0.7,0.2,1.4,0.2,0.9,0.8,0.8,0.6,0.2,0.1,0.4,0.2,0.1
2017-05-27 02:06:00+02:00,0.2,0.3,0.0,0.5,2.7,1.8,1.5,0.6,0.1,0.5,0.5,2.0,0.5,0.8,0.2,0.4,0.1,0.7,1.6,2.6,1.4,0.1,1.7,0.3,3.0,0.6,0.6,0.4,2.8,0.7,0.3,1.3,0.2,0.8,0.8,0.7,0.6,0.2,0.1,0.4,0.2,0.2
2017-05-27 02:07:00+02:00,0.2,0.3,0.0,0.5,2.7,1.9,1.5,0.7,0.1,0.6,0.5,2.1,0.5,0.8,0.2,0.5,0.1,0.8,1.6,2.6,1.4,0.1,1.8,0.3,3.0,0.6,0.5,0.4,2.8,0.7,0.2,1.3,0.2,0.8,0.7,0.7,0.6,0.3,0.1,0.4,0.2,0.2
2017-05-27 02:08:00+02:00,0.2,0.4,0.0,0.6,2.8,2.0,1.6,0.7,0.1,0.6,0.5,2.2,0.5,0.8,0.2,0.5,0.1,0.8,1.7,2.7,1.6,0.1,1.9,0.3,3.1,0.6,0.6,0.4,2.9,0.7,0.3,1.5,0.3,0.8,0.8,0.7,0.6,0.2,0.1,0.4,0.3,0.2
2017-05-27 02:09:00+02:00,0.2,0.4,0.0,0.5,2.7,1.9,1.6,0.7,0.1,0.6,0.5,2.0,0.5,0.8,0.2,0.5,0.1,0.8,1.7,2.6,1.5,0.1,1.8,0.3,2.9,0.6,0.6,0.4,2.7,0.7,0.3,1.4,0.3,0.7,0.7,0.7,0.5,0.1,0.0,0.4,0.3,0.2
2017-05-27 02:10:00+02:00,0.2,0.3,0.0,0.5,2.6,1.9,1.5,0.6,0.1,0.8,0.4,2.0,0.5,0.8,0.2,0.6,0.1,0.8,1.6,2.5,1.5,0.1,1.8,0.3,2.8,0.5,0.5,0.5,2.6,0.7,0.3,1.4,0.2,0.7,0.7,0.7,0.5,0.1,0.0,0.4,0.2,0.2
2017-05-27 02:11:00+02:00,0.2,0.3,0.0,0.5,2.6,1.9,1.5,0.6,0.1,0.8,0.4,2.0,0.5,0.8,0.2,0.7,0.1,0.8,1.7,2.5,1.5,0.1,1.8,0.3,2.8,0.5,0.6,0.6,2.6,0.7,0.3,1.3,0.2,0.7,0.7,0.7,0.5,0.1,0.0,0.4,0.2,0.2
2017-05-27 02:12:00+02:00,0.2,0.3,0.0,0.5,2.9,2.1,1.7,0.7,0.1,0.8,0.5,2.2,0.5,0.9,0.2,0.6,0.2,0.8,1.8,2.8,1.6,0.1,2.0,0.3,3.1,0.5,0.6,0.6,2.9,0.8,0.3,1.4,0.2,0.7,0.6,0.6,0.4,0.1,0.0,0.3,0.2,0.2
2017-05-27 02:13:00+02:00,0.2,0.4,0.0,0.6,3.0,2.3,1.8,0.7,0.1,0.6,0.4,2.4,0.6,0.9,0.2,0.5,0.2,0.9,1.9,2.9,1.8,0.1,2.2,0.3,3.2,0.5,0.6,0.5,3.0,0.8,0.3,1.6,0.2,0.6,0.6,0.6,0.4,0.1,0.0,0.3,0.2,0.2
2017-05-27 02:14:00+02:00,0.2,0.6,0.0,0.7,3.1,2.4,1.9,0.7,0.1,0.7,0.4,2.5,0.5,0.9,0.2,0.5,0.2,0.8,2.0,3.0,1.9,0.1,2.3,0.3,3.4,0.5,0.8,0.5,3.2,0.8,0.3,1.7,0.3,0.8,0.7,0.7,0.6,0.2,0.1,0.4,0.2,0.1
2017-05-27 02:15:00+02:00,0.2,0.6,0.0,0.7,3.0,2.4,1.9,0.8,0.1,0.7,0.3,2.5,0.6,1.0,0.2,0.6,0.2,0.9,2.0,2.9,1.9,0.1,2.3,0.3,3.3,0.4,0.8,0.5,3.1,0.9,0.3,1.8,0.3,0.8,0.7,0.7,0.5,0.2,0.1,0.4,0.2,0.1
2017-05-27 02:16:00+02:00,0.2,0.6,0.0,0.8,3.2,2.5,1.9,0.8,0.1,0.7,0.4,2.6,0.6,0.9,0.2,0.6,0.2,0.9,2.0,3.1,1.9,0.1,2.4,0.3,3.5,0.5,0.8,0.5,3.3,0.8,0.3,1.8,0.3,0.9,0.8,0.8,0.6,0.3,0.2,0.4,0.2,0.1
2017-05-27 02:17:00+02:00,0.2,0.6,0.0,0.8,3.3,2.6,2.0,0.8,0.1,0.7,0.4,2.7,0.6,0.9,0.2,0.5,0.2,0.9,2.1,3.2,2.0,0.1,2.6,0.3,3.5,0.4,0.9,0.5,3.4,0.8,0.3,1.9,0.4,0.9,0.9,0.8,0.7,0.3,0.2,0.4,0.2,0.1
2017-05-27 02:18:00+02:00,0.2,0.5,0.0,0.7,2.7,2.2,1.8,0.7,0.1,0.6,0.4,2.3,0.5,0.8,0.2,0.5,0.2,0.8,1.9,2.7,1.8,0.1,2.1,0.3,3.0,0.5,0.8,0.4,2.8,0.7,0.3,1.6,0.3,0.8,0.8,0.7,0.7,0.3,0.2,0.4,0.2,0.1
2017-05-27 02:19:00+02:00,0.2,0.5,0.0,0.7,2.7,2.2,1.9,0.7,0.1,0.6,0.4,2.3,0.5,0.9,0.2,0.5,0.2,0.8,2.0,2.7,1.8,0.1,2.1,0.3,3.0,0.4,0.8,0.4,2.8,0.7,0.3,1.6,0.4,1.0,0.9,0.8,0.8,0.3,0.2,0.4,0.2,0.1
2017-05-27 02:20:00+02:00,0.2,0.5,0.0,0.7,2.9,2.2,2.0,0.7,0.1,0.6,0.4,2.4,0.5,0.9,0.2,0.5,0.2,0.8,2.0,2.8,1.8,0.1,2.2,0.3,3.1,0.5,0.8,0.5,2.9,0.7,0.3,1.6,0.4,1.0,0.9,0.8,0.8,0.3,0.2,0.5,0.2,0.2
2017-05-27 02:21:00+02:00,0.2,0.5,0.0,0.6,2.7,2.1,1.8,0.7,0.1,0.7,0.4,2.2,0.5,0.8,0.2,0.5,0.1,0.8,1.8,2.6,1.6,0.1,2.0,0.3,2.9,0.5,0.7,0.5,2.7,0.7,0.3,1.5,0.4,1.0,0.9,0.8,0.8,0.3,0.2,0.5,0.2,0.1
2017-05-27 02:22:00+02:00,0.2,0.5,0.0,0.6,2.7,2.0,1.7,0.6,0.1,0.8,0.4,2.2,0.5,0.8,0.2,0.5,0.2,0.7,1.8,2.6,1.6,0.1,1.9,0.3,2.9,0.5,0.6,0.5,2.7,0.7,0.3,1.4,0.4,0.9,0.8,0.7,0.7,0.3,0.2,0.4,0.2,0.2
2017-05-27 02:23:00+02:00,0.2,0.5,0.0,0.5,2.7,2.1,1.7,0.6,0.1,0.7,0.4,2.2,0.5,0.8,0.2,0.5,0.1,0.7,1.8,2.7,1.6,0.1,1.9,0.3,2.9,0.5,0.6,0.5,2.8,0.7,0.3,1.4,0.3,0.9,0.8,0.7,0.7,0.3,0.2,0.4,0.2,0.1
2017-05-27 02:24:00+02:00,0.2,0.5,0.0,0.6,2.8,2.1,1.8,0.7,0.1,0.8,0.4,2.2,0.5,0.9,0.2,0.6,0.2,0.7,1.8,2.7,1.6,0.1,2.0,0.3,3.0,0.5,0.7,0.5,2.8,0.7,0.3,1.5,0.4,0.8,0.7,0.6,0.6,0.2,0.1,0.4,0.2,0.1
2017-05-27 02:25:00+02:00,0.2,0.5,0.0,0.6,3.0,2.1,1.8,0.7,0.1,0.9,0.6,2.3,0.5,0.9,0.2,0.7,0.1,0.7,1.8,2.9,1.6,0.1,2.0,0.4,3.2,0.7,0.7,0.5,3.1,0.7,0.3,1.5,0.4,0.8,0.8,0.7,0.7,0.2,0.1,0.5,0.2,0.1
2017-05-27 02:26:00+02:00,0.3,0.5,0.0,0.6,3.1,2.3,1.9,0.9,0.1,0.9,0.5,2.4,0.4,1.0,0.2,0.7,0.1,0.9,2.0,3.1,1.8,0.1,2.1,0.4,3.3,0.7,0.7,0.5,3.2,0.9,0.3,1.7,0.4,0.8,0.8,0.7,0.7,0.2,0.1,0.5,0.2,0.1
2017-05-27 02:27:00+02:00,0.3,0.5,0.0,0.6,2.8,2.1,1.7,0.6,0.1,1.0,0.4,2.2,0.4,0.8,0.2,0.8,0.1,0.7,1.8,2.8,1.5,0.1,1.9,0.6,3.0,0.6,0.7,0.7,2.9,0.7,0.2,1.4,0.4,0.8,0.7,0.7,0.7,0.2,0.1,0.5,0.2,0.1
2017-05-27 02:28:00+02:00,0.3,0.5,0.0,0.6,2.8,2.0,1.6,0.6,0.1,0.9,0.5,2.1,0.4,0.7,0.1,0.7,0.2,0.7,1.7,2.7,1.4,0.1,1.8,0.4,3.0,0.6,0.7,0.5,2.9,0.6,0.2,1.4,0.4,0.8,0.7,0.7,0.7,0.2,0.1,0.5,0.2,0.1
2017-05-27 02:29:00+02:00,0.3,0.4,0.0,0.5,2.6,1.8,1.5,0.6,0.1,0.9,0.5,2.0,0.5,0.8,0.1,0.7,0.1,0.7,1.6,2.6,1.4,0.1,1.8,0.4,2.8,0.6,0.5,0.6,2.7,0.6,0.3,1.3,0.3,0.8,0.7,0.7,0.7,0.2,0.1,0.5,0.2,0.1
2017-05-27 02:30:00+02:00,0.3,0.4,0.0,0.5,2.7,2.0,1.6,0.7,0.1,0.9,0.5,2.1,0.5,0.8,0.1,0.6,0.2,0.8,1.7,2.7,1.5,0.1,1.9,0.3,3.0,0.6,0.6,0.5,2.8,0.7,0.3,1.4,0.3,0.8,0.7,0.7,0.7,0.2,0.1,0.5,0.2,0.1
2017-05-27 02:31:00+02:00,0.3,0.5,0.0,0.5,2.8,2.1,1.7,0.7,0.1,0.9,0.5,2.2,0.5,0.8,0.1,0.6,0.2,0.8,1.7,2.8,1.5,0.1,2.0,0.3,3.1,0.6,0.6,0.5,2.9,0.7,0.3,1.5,0.4,0.8,0.7,0.7,0.7,0.2,0.1,0.5,0.2,0.1
2017-05-27 02:32:00+02:00,0.3,0.5,0.0,0.6,2.9,2.1,1.7,0.6,0.1,0.8,0.5,2.2,0.5,0.8,0.1,0.6,0.1,0.7,1.7,2.8,1.5,0.1,2.0,0.3,3.1,0.6,0.6,0.5,2.9,0.7,0.3,1.5,0.4,0.8,0.7,0.7,0.7,0.2,0.1,0.5,0.2,0.1
2017-05-27 02:33:00+02:00,0.3,0.4,0.0,0.5,2.8,2.1,1.7,0.7,0.1,0.8,0.4,2.2,0.5,0.9,0.2,0.6,0.1,0.8,1.8,2.7,1.6,0.1,2.0,0.4,3.0,0.5,0.6,0.6,2.9,0.7,0.3,1.5,0.3,0.8,0.7,0.7,0.7,0.2,0.1,0.5,0.2,0.1
2017-05-27 02:34:00+02:00,0.3,0.4,0.0,0.5,2.5,1.8,1.6,0.6,0.1,0.8,0.3,2.0,0.4,0.8,0.2,0.7,0.1,0.7,1.6,2.4,1.5,0.1,1.8,0.4,2.7,0.5,0.6,0.6,2.6,0.6,0.3,1.4,0.3,0.8,0.7,0.7,0.7,0.2,0.1,0.5,0.3,0.1
2017-05-27 02:35:00+02:00,0.3,0.4,0.0,0.5,2.4,1.8,1.5,0.6,0.1,0.9,0.3,1.9,0.4,0.8,0.2,0.6,0.1,0.7,1.6,2.4,1.5,0.1,1.7,0.4,2.7,0.5,0.6,0.6,2.5,0.6,0.3,1.4,0.3,0.9,0.8,0.8,0.7,0.2,0.1,0.5,0.3,0.1
2017-05-27 02:36:00+02:00,0.3,0.4,0.0,0.5,2.4,1.7,1.5,0.6,0.1,0.9,0.5,1.8,0.4,0.8,0.4,0.6,0.1,0.7,1.5,2.4,1.4,0.1,1.6,0.4,2.7,0.6,0.5,0.6,2.5,0.6,0.5,1.4,0.3,1.0,0.9,0.8,0.8,0.3,0.1,0.5,0.3,0.2
2017-05-27 02:37:00+02:00,0.3,0.4,0.0,0.5,2.5,1.7,1.5,0.6,0.1,0.8,0.5,1.8,0.4,0.8,0.4,0.6,0.1,0.7,1.6,2.4,1.5,0.1,1.6,0.4,2.7,0.6,0.6,0.5,2.6,0.7,0.5,1.4,0.3,1.0,0.9,0.8,0.8,0.3,0.1,0.5,0.3,0.1
2017-05-27 02:38:00+02:00,0.3,0.4,0.0,0.5,2.5,1.8,1.6,0.7,0.1,0.8,0.4,1.9,0.4,0.9,0.3,0.6,0.2,0.8,1.6,2.4,1.5,0.1,1.7,0.4,2.8,0.5,0.6,0.5,2.6,0.7,0.4,1.5,0.3,1.0,0.9,0.8,0.8,0.4,0.2,0.5,0.3,0.1
2017-05-27 02:39:00+02:00,0.3,0.3,0.0,0.4,2.3,1.7,1.5,0.6,0.1,0.8,0.3,1.8,0.4,0.9,0.2,0.6,0.1,0.8,1.5,2.3,1.4,0.1,1.6,0.4,2.7,0.4,0.5,0.5,2.5,0.6,0.3,1.4,0.2,0.8,0.8,0.7,0.7,0.3,0.1,0.4,0.2,0.1
2017-05-27 02:40:00+02:00,0.2,0.3,0.0,0.5,2.5,1.9,1.6,0.6,0.1,0.7,0.4,2.0,0.4,0.9,0.2,0.5,0.2,0.8,1.6,2.4,1.5,0.1,1.8,0.3,2.9,0.5,0.5,0.5,2.7,0.7,0.3,1.4,0.2,0.8,0.8,0.7,0.7,0.3,0.1,0.4,0.2,0.1
2017-05-27 02:41:00+02:00,0.2,0.3,0.0,0.4,2.5,1.9,1.5,0.6,0.1,0.7,0.4,1.9,0.4,0.9,0.2,0.5,0.1,0.8,1.6,2.4,1.5,0.1,1.7,0.2,2.9,0.5,0.5,0.4,2.6,0.7,0.3,1.4,0.2,0.8,0.8,0.7,0.7,0.3,0.1,0.4,0.2,0.1
2017-05-27 02:42:00+02:00,0.2,0.4,0.0,0.5,2.5,1.8,1.5,0.5,0.1,0.7,0.4,1.9,0.4,0.8,0.2,0.5,0.2,0.7,1.5,2.4,1.4,0.1,1.7,0.3,2.9,0.5,0.5,0.5,2.7,0.6,0.3,1.3,0.3,0.8,0.8,0.7,0.7,0.2,0.1,0.4,0.2,0.1
2017-05-27 02:43:00+02:00,0.2,0.3,0.0,0.4,2.6,1.8,1.5,0.6,0.1,0.8,0.4,2.0,0.4,0.8,0.2,0.5,0.2,0.7,1.5,2.5,1.4,0.1,1.7,0.3,3.1,0.5,0.5,0.5,2.8,0.6,0.3,1.3,0.2,0.8,0.8,0.8,0.7,0.3,0.1,0.4,0.2,0.1
2017-05-27 02:44:00+02:00,0.3,0.3,0.0,0.5,2.5,1.8,1.5,0.6,0.1,0.8,0.4,1.9,0.5,0.8,0.2,0.6,0.2,0.8,1.5,2.4,1.4,0.1,1.8,0.3,3.0,0.5,0.5,0.5,2.7,0.6,0.3,1.3,0.2,0.9,0.9,0.8,0.7,0.3,0.1,0.4,0.2,0.1
2017-05-27 02:45:00+02:00,0.3,0.3,0.0,0.5,2.5,1.8,1.5,0.6,0.1,0.7,0.4,1.9,0.5,0.8,0.2,0.6,0.2,0.8,1.5,2.4,1.4,0.1,1.7,0.3,3.0,0.5,0.5,0.5,2.7,0.7,0.3,1.3,0.2,0.9,0.9,0.8,0.7,0.3,0.2,0.4,0.2,0.1
2017-05-27 02:46:00+02:00,0.3,0.3,0.0,0.4,2.7,1.9,1.6,0.6,0.1,0.7,0.4,2.1,0.5,0.9,0.2,0.6,0.2,0.8,1.7,2.6,1.5,0.1,1.9,0.3,3.1,0.5,0.5,0.5,2.8,0.7,0.3,1.4,0.2,0.9,0.9,0.8,0.7,0.3,0.2,0.4,0.2,0.1
2017-05-27 02:47:00+02:00,0.2,0.4,0.0,0.5,3.5,2.0,1.7,0.8,0.1,0.7,1.2,2.2,0.5,1.0,0.2,0.6,0.3,0.9,1.7,3.4,1.6,0.1,2.0,0.3,4.0,1.3,0.5,0.5,3.7,0.8,0.3,1.5,0.3,0.9,0.9,0.8,0.7,0.3,0.2,0.4,0.2,0.1
2017-05-27 02:48:00+02:00,0.3,0.3,0.0,0.4,3.2,1.9,1.6,0.7,0.1,0.8,1.0,2.0,0.5,1.0,0.2,0.6,0.2,0.9,1.6,3.1,1.5,0.1,1.8,0.4,3.6,1.1,0.4,0.6,3.4,0.8,0.4,1.4,0.2,0.9,0.9,0.8,0.8,0.3,0.2,0.5,0.2,0.1
2017-05-27 02:49:00+02:00,0.3,0.2,0.0,0.3,2.7,1.8,1.5,0.8,0.1,0.9,0.6,1.9,0.5,1.0,0.2,0.6,0.2,0.9,1.6,2.5,1.5,0.1,1.7,0.4,3.1,0.7,0.4,0.6,2.9,0.8,0.4,1.4,0.1,1.0,1.0,0.9,0.8,0.3,0.2,0.5,0.2,0.2
2017-05-27 02:50:00+02:00,0.3,0.2,0.0,0.3,2.5,1.6,1.3,0.6,0.0,1.0,0.7,1.7,0.4,0.8,0.2,0.8,0.1,0.8,1.3,2.4,1.2,0.1,1.4,0.5,2.9,0.7,0.3,0.7,2.8,0.6,0.3,1.2,0.1,1.0,0.9,0.9,0.7,0.3,0.2,0.4,0.2,0.1
2017-05-27 02:51:00+02:00,0.3,0.2,0.0,0.4,2.5,1.6,1.3,0.6,0.0,1.0,0.6,1.7,0.4,0.8,0.2,0.8,0.2,0.7,1.4,2.4,1.3,0.1,1.5,0.5,2.9,0.7,0.4,0.7,2.7,0.6,0.3,1.2,0.1,0.8,0.8,0.8,0.6,0.3,0.2,0.3,0.2,0.1
2017-05-27 02:52:00+02:00,0.2,0.2,0.0,0.4,2.4,1.6,1.3,0.6,0.0,0.8,0.6,1.6,0.4,0.8,0.2,0.6,0.2,0.7,1.4,2.3,1.2,0.1,1.5,0.3,2.8,0.7,0.4,0.5,2.6,0.6,0.3,1.2,0.1,0.9,0.8,0.8,0.7,0.3,0.1,0.4,0.2,0.1
2017-05-27 02:53:00+02:00,0.1,0.2,0.0,0.4,2.3,1.5,1.2,0.4,0.0,0.8,0.6,1.5,0.4,0.7,0.2,0.5,0.2,0.6,1.3,2.2,1.1,0.1,1.4,0.2,2.6,0.7,0.4,0.4,2.4,0.5,0.3,1.1,0.1,0.8,0.8,0.8,0.7,0.3,0.2,0.4,0.2,0.1
2017-05-27 02:54:00+02:00,0.1,0.2,0.0,0.4,2.5,1.5,1.2,0.5,0.0,0.8,0.6,1.6,0.4,0.7,0.2,0.5,0.2,0.6,1.3,2.3,1.2,0.1,1.4,0.2,2.7,0.7,0.4,0.4,2.5,0.5,0.4,1.1,0.1,1.0,0.9,0.9,0.8,0.4,0.2,0.4,0.2,0.1
2017-05-27 02:55:00+02:00,0.1,0.2,0.0,0.4,2.4,1.5,1.2,0.5,0.0,0.7,0.5,1.7,0.4,0.7,0.3,0.5,0.2,0.6,1.3,2.3,1.2,0.1,1.4,0.2,2.6,0.6,0.4,0.4,2.5,0.5,0.4,1.1,0.1,0.9,0.9,0.9,0.8,0.4,0.2,0.4,0.2,0.1
2017-05-27 02:56:00+02:00,0.2,0.2,0.0,0.4,2.5,1.6,1.3,0.5,0.0,0.7,0.5,1.7,0.5,0.7,0.2,0.5,0.2,0.6,1.4,2.3,1.2,0.1,1.4,0.3,2.6,0.6,0.4,0.5,2.5,0.6,0.4,1.2,0.1,0.9,0.8,0.8,0.7,0.4,0.2,0.4,0.2,0.1
2017-05-27 02:57:00+02:00,0.1,0.3,0.0,0.4,2.5,1.7,1.4,0.7,0.0,0.6,0.4,1.9,0.5,0.9,0.2,0.4,0.1,0.8,1.5,2.4,1.4,0.1,1.6,0.2,2.7,0.5,0.4,0.4,2.5,0.7,0.3,1.3,0.1,0.9,0.9,0.9,0.8,0.4,0.2,0.4,0.2,0.1
2017-05-27 02:58:00+02:00,0.1,0.3,0.0,0.4,3.3,2.5,1.4,0.6,0.0,0.6,0.4,2.7,0.5,0.8,0.2,0.4,0.2,0.8,1.4,3.1,1.3,0.1,2.5,0.2,3.4,0.4,0.4,0.4,3.3,0.7,0.3,1.3,0.1,0.9,0.8,0.8,0.7,0.3,0.2,0.4,0.2,0.1
2017-05-27 02:59:00+02:00,0.1,0.3,0.0,0.4,3.2,2.4,1.4,0.6,0.0,0.7,0.4,2.6,0.5,0.8,0.2,0.5,0.2,0.7,1.4,3.1,1.3,0.1,2.3,0.3,3.4,0.5,0.4,0.5,3.2,0.7,0.3,1.2,0.1,0.7,0.7,0.7,0.6,0.2,0.1,0.4,0.2,0.1
2017-05-27 03:00:00+02:00,0.1,0.3,0.0,0.4,2.4,1.6,1.4,0.6,0.0,0.6,0.5,1.8,0.5,0.8,0.2,0.4,0.2,0.7,1.4,2.3,1.3,0.1,1.5,0.2,2.6,0.5,0.4,0.4,2.4,0.7,0.3,1.2,0.1,0.6,0.6,0.6,0.5,0.2,0.1,0.3,0.2,0.1
2017-05-27 03:01:00+02:00,0.1,0.3,0.0,0.4,2.4,1.7,1.4,0.6,0.0,0.6,0.4,1.8,0.5,0.8,0.2,0.4,0.2,0.7,1.5,2.3,1.3,0.1,1.5,0.2,2.6,0.5,0.5,0.4,2.5,0.7,0.3,1.2,0.1,0.7,0.7,0.7,0.5,0.2,0.1,0.3,0.2,0.1
2017-05-27 03:02:00+02:00,0.1,0.3,0.0,0.4,2.4,1.7,1.4,0.6,0.0,0.6,0.4,1.8,0.4,0.8,0.2,0.4,0.2,0.7,1.5,2.3,1.3,0.1,1.6,0.2,2.6,0.4,0.5,0.4,2.4,0.6,0.3,1.3,0.1,0.7,0.7,0.6,0.5,0.2,0.1,0.3,0.2,0.1
2017-05-27 03:03:00+02:00,0.1,0.4,0.0,0.5,2.5,1.8,1.5,0.6,0.0,0.6,0.5,1.9,0.4,0.8,0.2,0.4,0.2,0.7,1.6,2.4,1.4,0.1,1.6,0.2,2.7,0.5,0.6,0.4,2.6,0.6,0.3,1.3,0.2,0.6,0.6,0.6,0.5,0.2,0.1,0.3,0.2,0.1
2017-05-27 03:04:00+02:00,0.1,0.4,0.0,0.5,2.6,1.8,1.5,0.6,0.0,0.6,0.5,2.0,0.4,0.8,0.2,0.4,0.2,0.7,1.6,2.5,1.5,0.1,1.7,0.2,2.8,0.5,0.6,0.4,2.7,0.6,0.3,1.4,0.2,0.6,0.6,0.6,0.5,0.2,0.1,0.3,0.2,0.1
2017-05-27 03:05:00+02:00,0.1,0.4,0.0,0.6,2.6,1.8,1.6,0.5,0.1,0.6,0.5,2.0,0.4,0.8,0.2,0.4,0.1,0.6,1.6,2.5,1.5,0.1,1.7,0.2,2.8,0.5,0.6,0.4,2.7,0.6,0.3,1.4,0.3,0.7,0.6,0.6,0.5,0.2,0.1,0.3,0.2,0.1
2017-05-27 03:06:00+02:00,0.1,0.4,0.0,0.7,2.7,1.9,1.6,0.5,0.1,0.6,0.5,2.1,0.4,0.7,0.2,0.4,0.1,0.6,1.7,2.6,1.5,0.1,1.8,0.2,2.9,0.5,0.7,0.4,2.7,0.6,0.3,1.4,0.2,0.7,0.7,0.6,0.5,0.2,0.1,0.4,0.2,0.1
2017-05-27 03:07:00+02:00,0.1,0.2,0.0,0.5,2.5,1.8,1.5,0.6,0.1,0.7,0.5,1.9,0.5,0.8,0.2,0.5,0.1,0.7,1.6,2.5,1.4,0.1,1.7,0.2,2.7,0.5,0.6,0.5,2.6,0.6,0.3,1.4,0.1,0.9,0.9,0.8,0.7,0.3,0.1,0.4,0.2,0.1
2017-05-27 03:08:00+02:00,0.1,0.2,0.1,0.4,2.4,1.7,1.4,0.6,0.1,0.7,0.5,1.8,0.5,0.8,0.2,0.4,0.1,0.6,1.5,2.3,1.3,0.1,1.6,0.1,2.6,0.5,0.5,0.4,2.5,0.6,0.3,1.3,0.1,0.9,0.9,0.8,0.7,0.3,0.2,0.4,0.2,0.1
2017-05-27 03:09:00+02:00,0.1,0.2,0.1,0.5,2.6,1.8,1.5,0.6,0.1,0.7,0.5,2.0,0.5,0.8,0.2,0.4,0.1,0.7,1.6,2.5,1.4,0.1,1.7,0.1,2.8,0.6,0.6,0.4,2.7,0.6,0.3,1.3,0.1,0.8,0.8,0.7,0.6,0.3,0.1,0.3,0.2,0.1
2017-05-27 03:10:00+02:00,0.2,0.3,0.1,0.6,2.7,1.9,1.6,0.6,0.1,0.7,0.5,2.1,0.5,0.8,0.2,0.4,0.1,0.7,1.6,2.6,1.5,0.1,1.8,0.2,2.9,0.6,0.6,0.4,2.8,0.7,0.3,1.4,0.1,0.8,0.8,0.7,0.6,0.3,0.2,0.3,0.2,0.1
2017-05-27 03:11:00+02:00,0.2,0.3,0.1,0.5,2.6,1.8,1.5,0.6,0.1,0.7,0.4,2.0,0.4,0.8,0.2,0.4,0.1,0.6,1.6,2.5,1.4,0.1,1.8,0.2,2.7,0.5,0.6,0.4,2.6,0.6,0.3,1.4,0.1,0.7,0.7,0.6,0.6,0.3,0.2,0.3,0.2,0.1
2017-05-27 03:12:00+02:00,0.2,0.3,0.1,0.6,2.7,2.0,1.7,0.6,0.1,0.7,0.4,2.1,0.4,0.8,0.2,0.5,0.1,0.7,1.7,2.6,1.5,0.1,1.9,0.2,2.8,0.5,0.6,0.5,2.7,0.7,0.3,1.4,0.1,0.7,0.7,0.6,0.5,0.3,0.1,0.3,0.2,0.1
2017-05-27 03:13:00+02:00,0.2,0.3,0.1,0.6,2.7,1.9,1.7,0.7,0.1,0.8,0.4,2.1,0.5,0.8,0.2,0.5,0.2,0.7,1.7,2.6,1.5,0.1,1.9,0.2,2.8,0.5,0.6,0.5,2.7,0.7,0.3,1.5,0.1,0.7,0.7,0.6,0.5,0.2,0.1,0.3,0.2,0.1
2017-05-27 03:14:00+02:00,0.2,0.3,0.1,0.6,2.7,1.9,1.6,0.6,0.1,0.8,0.4,2.1,0.4,0.8,0.2,0.5,0.2,0.7,1.7,2.5,1.5,0.1,1.9,0.2,2.8,0.5,0.7,0.5,2.7,0.7,0.3,1.4,0.1,0.7,0.7,0.6,0.5,0.2,0.1,0.3,0.2,0.1
2017-05-27 03:15:00+02:00,0.2,0.3,0.1,0.5,2.6,1.8,1.5,0.6,0.1,0.7,0.4,2.0,0.4,0.8,0.2,0.5,0.2,0.7,1.6,2.4,1.4,0.1,1.8,0.2,2.7,0.5,0.6,0.5,2.6,0.7,0.3,1.3,0.1,0.8,0.8,0.7,0.5,0.3,0.2,0.3,0.2,0.1
2017-05-27 03:16:00+02:00,0.2,0.4,0.1,0.7,2.8,2.1,1.7,0.6,0.1,0.7,0.4,2.2,0.4,0.8,0.2,0.5,0.2,0.7,1.8,2.7,1.6,0.1,2.0,0.2,2.9,0.5,0.8,0.5,2.8,0.7,0.3,1.6,0.2,0.8,0.8,0.7,0.5,0.3,0.2,0.3,0.2,0.1
2017-05-27 03:17:00+02:00,0.2,0.4,0.1,0.9,3.0,2.3,1.9,0.6,0.1,0.7,0.4,2.4,0.4,0.7,0.2,0.5,0.2,0.7,2.0,2.8,1.8,0.1,2.2,0.2,3.1,0.4,1.0,0.5,3.0,0.6,0.3,1.7,0.2,0.7,0.7,0.6,0.5,0.3,0.2,0.2,0.2,0.1
2017-05-27 03:18:00+02:00,0.2,0.3,0.1,0.5,2.7,1.9,1.5,0.6,0.1,0.7,0.5,2.0,0.4,0.8,0.2,0.5,0.2,0.7,1.6,2.6,1.4,0.1,1.8,0.2,2.8,0.6,0.6,0.5,2.7,0.7,0.3,1.4,0.2,0.7,0.7,0.6,0.5,0.3,0.2,0.2,0.2,0.1
2017-05-27 03:19:00+02:00,0.2,0.3,0.1,0.5,2.8,2.0,1.4,0.6,0.1,0.7,0.5,2.2,0.4,0.8,0.2,0.5,0.2,0.7,1.5,2.7,1.3,0.1,1.9,0.2,3.0,0.5,0.6,0.5,2.9,0.7,0.2,1.3,0.1,0.6,0.6,0.5,0.4,0.2,0.1,0.2,0.2,0.1
2017-05-27 03:20:00+02:00,0.2,0.3,0.1,0.5,2.8,2.0,1.5,0.6,0.1,0.7,0.4,2.2,0.4,0.7,0.2,0.5,0.2,0.7,1.5,2.7,1.4,0.1,2.0,0.2,3.0,0.5,0.6,0.5,2.8,0.6,0.2,1.3,0.1,0.7,0.6,0.6,0.5,0.2,0.1,0.3,0.2,0.1
2017-05-27 03:21:00+02:00,0.2,0.3,0.1,0.6,2.8,2.1,1.6,0.6,0.1,0.7,0.3,2.3,0.4,0.7,0.2,0.5,0.2,0.7,1.6,2.7,1.5,0.1,2.1,0.2,3.1,0.4,0.7,0.5,2.9,0.6,0.2,1.4,0.1,0.6,0.6,0.6,0.5,0.2,0.1,0.3,0.2,0.1
2017-05-27 03:22:00+02:00,0.2,0.3,0.1,0.7,2.9,2.2,1.6,0.6,0.1,0.6,0.4,2.4,0.4,0.7,0.2,0.4,0.2,0.7,1.7,2.8,1.5,0.1,2.1,0.2,3.1,0.4,0.8,0.4,2.9,0.6,0.2,1.5,0.1,0.6,0.6,0.6,0.5,0.2,0.1,0.3,0.2,0.1
2017-05-27 03:23:00+02:00,0.2,0.3,0.1,0.7,2.9,2.2,1.6,0.6,0.1,0.7,0.4,2.4,0.4,0.7,0.2,0.4,0.2,0.7,1.7,2.8,1.6,0.1,2.1,0.2,3.2,0.4,0.8,0.3,3.0,0.6,0.2,1.5,0.2,0.6,0.6,0.6,0.5,0.2,0.1,0.3,0.2,0.1
2017-05-27 03:24:00+02:00,0.1,0.3,0.1,0.7,2.9,2.2,1.6,0.6,0.1,0.7,0.4,2.3,0.4,0.7,0.2,0.4,0.2,0.7,1.7,2.8,1.5,0.1,2.1,0.2,3.1,0.5,0.8,0.3,3.0,0.6,0.2,1.5,0.1,0.7,0.6,0.5,0.5,0.2,0.1,0.3,0.2,0.1
2017-05-27 03:25:00+02:00,0.3,0.4,0.1,0.9,3.1,2.3,1.7,0.6,0.1,0.9,0.5,2.4,0.4,0.7,0.2,0.5,0.2,0.7,1.8,3.0,1.7,0.1,2.2,0.3,3.3,0.6,0.9,0.4,3.1,0.6,0.3,1.6,0.2,0.7,0.7,0.6,0.6,0.2,0.1,0.4,0.3,0.1
2017-05-27 03:26:00+02:00,0.3,0.6,0.1,1.0,3.2,2.4,1.9,0.6,0.1,0.9,0.5,2.6,0.4,0.7,0.2,0.6,0.2,0.6,1.9,3.1,1.8,0.1,2.4,0.3,3.5,0.6,1.1,0.5,3.3,0.6,0.3,1.7,0.4,0.8,0.7,0.7,0.7,0.2,0.1,0.5,0.3,0.2
2017-05-27 03:27:00+02:00,0.2,0.6,0.1,1.1,3.3,2.5,2.0,0.6,0.1,0.8,0.4,2.7,0.4,0.7,0.2,0.5,0.2,0.6,2.0,3.3,1.9,0.1,2.4,0.2,3.5,0.5,1.1,0.4,3.4,0.6,0.3,1.8,0.5,0.8,0.7,0.7,0.6,0.2,0.1,0.5,0.3,0.2
2017-05-27 03:28:00+02:00,0.2,0.5,0.1,0.9,3.1,2.4,1.8,0.5,0.1,0.7,0.5,2.6,0.4,0.7,0.2,0.5,0.1,0.6,1.9,3.1,1.7,0.1,2.3,0.2,3.4,0.6,1.0,0.4,3.2,0.6,0.3,1.6,0.3,0.8,0.7,0.7,0.6,0.2,0.1,0.5,0.3,0.2
2017-05-27 03:29:00+02:00,0.2,0.4,0.1,0.8,2.9,2.2,1.7,0.5,0.1,0.6,0.4,2.4,0.4,0.6,0.2,0.4,0.1,0.6,1.7,2.9,1.6,0.1,2.1,0.2,3.2,0.5,0.9,0.4,3.0,0.6,0.3,1.5,0.3,0.8,0.7,0.7,0.6,0.2,0.1,0.5,0.3,0.2
2017-05-27 03:30:00+02:00,0.3,0.3,0.1,0.8,3.3,2.5,2.0,0.5,0.1,0.7,0.4,2.7,0.4,0.6,0.2,0.5,0.1,0.6,2.1,3.2,1.9,0.1,2.5,0.3,3.5,0.5,0.9,0.5,3.3,0.6,0.3,1.5,0.2,0.8,0.7,0.7,0.6,0.2,0.1,0.5,0.3,0.1
2017-05-27 03:31:00+02:00,0.3,0.3,0.1,0.8,2.9,2.1,1.6,0.5,0.1,0.7,0.4,2.4,0.4,0.6,0.2,0.5,0.1,0.6,1.7,2.8,1.5,0.1,2.1,0.3,3.1,0.5,0.8,0.5,2.9,0.5,0.3,1.4,0.2,0.8,0.7,0.7,0.6,0.2,0.1,0.5,0.3,0.1
2017-05-27 03:32:00+02:00,0.3,0.3,0.1,0.8,3.0,2.3,1.8,0.6,0.1,0.6,0.4,2.5,0.4,0.8,0.2,0.5,0.1,0.7,1.9,3.0,1.7,0.1,2.2,0.3,3.2,0.5,0.9,0.5,3.1,0.7,0.3,1.6,0.2,0.8,0.7,0.7,0.6,0.2,0.1,0.4,0.3,0.1
2017-05-27 03:33:00+02:00,0.3,0.5,0.1,1.0,3.3,2.6,2.0,0.7,0.1,0.7,0.4,2.8,0.4,0.8,0.3,0.5,0.1,0.8,2.1,3.3,1.9,0.2,2.5,0.3,3.6,0.5,1.0,0.5,3.4,0.7,0.3,1.8,0.3,0.8,0.7,0.6,0.6,0.2,0.1,0.5,0.3,0.1
2017-05-27 03:34:00+02:00,0.3,0.5,0.1,1.0,3.3,2.5,2.0,0.6,0.1,0.7,0.4,2.7,0.4,0.8,0.3,0.6,0.1,0.8,2.1,3.3,1.9,0.2,2.4,0.4,3.5,0.5,1.1,0.6,3.3,0.7,0.3,1.9,0.3,0.8,0.8,0.7,0.7,0.2,0.1,0.5,0.3,0.1
2017-05-27 03:35:00+02:00,0.3,0.4,0.1,0.9,3.1,2.3,1.8,0.6,0.1,0.7,0.5,2.5,0.4,0.8,0.3,0.6,0.1,0.8,1.9,3.1,1.8,0.2,2.3,0.4,3.2,0.5,0.9,0.6,3.1,0.7,0.3,1.7,0.2,0.8,0.8,0.7,0.7,0.2,0.1,0.5,0.3,0.1
2017-05-27 03:36:00+02:00,0.3,0.2,0.1,0.7,3.0,2.1,1.6,0.6,0.1,0.7,0.5,2.4,0.4,0.8,0.3,0.6,0.1,0.7,1.7,3.0,1.6,0.2,2.1,0.4,3.2,0.6,0.8,0.6,3.0,0.6,0.3,1.5,0.1,0.8,0.7,0.7,0.7,0.2,0.1,0.5,0.3,0.1
2017-05-27 03:37:00+02:00,0.3,0.2,0.1,0.7,3.0,2.1,1.6,0.6,0.1,0.6,0.5,2.4,0.4,0.8,0.3,0.5,0.1,0.8,1.7,3.0,1.6,0.2,2.1,0.3,3.2,0.6,0.7,0.5,3.1,0.7,0.3,1.5,0.1,0.8,0.8,0.7,0.7,0.2,0.1,0.5,0.3,0.1
2017-05-27 03:38:00+02:00,0.3,0.2,0.0,0.7,2.9,2.1,1.6,0.6,0.1,0.6,0.5,2.3,0.4,0.8,0.2,0.5,0.1,0.7,1.7,2.9,1.6,0.1,2.1,0.3,3.1,0.6,0.7,0.4,3.0,0.6,0.3,1.5,0.1,0.8,0.8,0.7,0.7,0.2,0.1,0.5,0.3,0.1
2017-05-27 03:39:00+02:00,0.3,0.2,0.0,0.7,2.9,2.1,1.6,0.6,0.1,0.6,0.5,2.3,0.4,0.7,0.2,0.5,0.1,0.7,1.7,2.8,1.5,0.1,2.0,0.3,3.0,0.6,0.7,0.4,2.9,0.6,0.3,1.4,0.1,0.8,0.8,0.8,0.7,0.2,0.1,0.6,0.4,0.1
2017-05-27 03:40:00+02:00,0.2,0.2,0.0,0.7,3.0,2.2,1.7,0.7,0.1,0.6,0.5,2.3,0.4,0.8,0.3,0.4,0.1,0.8,1.8,2.9,1.6,0.1,2.1,0.3,3.1,0.7,0.8,0.4,3.0,0.7,0.3,1.5,0.1,0.8,0.7,0.7,0.7,0.2,0.1,0.5,0.3,0.1
2017-05-27 03:41:00+02:00,0.2,0.2,0.0,0.7,3.1,2.2,1.7,0.7,0.1,0.6,0.6,2.3,0.4,0.7,0.3,0.4,0.1,0.7,1.8,3.0,1.6,0.1,2.1,0.3,3.2,0.7,0.8,0.3,3.1,0.7,0.3,1.5,0.1,0.7,0.7,0.7,0.6,0.2,0.1,0.5,0.3,0.1
2017-05-27 03:42:00+02:00,0.2,0.2,0.0,0.7,3.3,2.0,1.6,0.5,0.1,0.6,0.6,2.1,0.4,0.6,0.3,0.4,0.1,0.6,1.7,2.8,1.4,0.2,1.9,0.3,3.4,0.7,0.8,0.4,3.3,0.5,0.3,1.4,0.1,0.7,0.7,0.6,0.6,0.2,0.1,0.4,0.3,0.2
2017-05-27 03:43:00+02:00,0.2,0.3,0.0,0.7,2.7,1.8,1.4,0.4,0.1,0.6,0.6,2.0,0.3,0.5,0.3,0.4,0.1,0.4,1.5,2.6,1.4,0.2,1.8,0.3,2.8,0.7,0.8,0.3,2.7,0.4,0.3,1.3,0.1,0.8,0.7,0.7,0.6,0.2,0.1,0.5,0.4,0.2
2017-05-27 03:44:00+02:00,0.2,0.3,0.0,0.8,2.8,1.9,1.5,0.4,0.1,0.6,0.6,2.0,0.3,0.6,0.3,0.4,0.1,0.5,1.6,2.7,1.4,0.2,1.8,0.3,2.9,0.7,0.8,0.4,2.8,0.5,0.3,1.4,0.1,0.8,0.8,0.7,0.7,0.2,0.1,0.5,0.4,0.2
2017-05-27 03:45:00+02:00,0.2,0.4,0.0,0.8,3.1,2.2,1.8,0.6,0.1,0.7,0.6,2.3,0.5,0.7,0.3,0.5,0.2,0.6,2.0,3.0,1.7,0.2,2.2,0.4,3.2,0.7,0.9,0.4,3.1,0.6,0.3,1.5,0.2,0.8,0.8,0.7,0.7,0.2,0.1,0.5,0.4,0.2
2017-05-27 03:46:00+02:00,0.2,0.4,0.0,0.9,3.1,2.3,1.9,0.5,0.1,0.7,0.6,2.4,0.4,0.7,0.3,0.5,0.2,0.6,2.0,3.0,1.8,0.2,2.2,0.4,3.2,0.7,0.9,0.4,3.1,0.6,0.4,1.7,0.3,0.8,0.8,0.7,0.7,0.2,0.1,0.5,0.4,0.2
2017-05-27 03:47:00+02:00,0.2,0.4,0.0,0.9,3.3,2.3,1.9,0.5,0.1,0.7,0.7,2.4,0.5,0.7,0.3,0.5,0.2,0.6,2.0,3.2,1.8,0.1,2.2,0.4,3.5,0.8,0.9,0.4,3.3,0.6,0.3,1.7,0.3,0.8,0.7,0.7,0.7,0.2,0.1,0.5,0.4,0.2
2017-05-27 03:48:00+02:00,0.2,0.3,0.0,0.7,3.1,2.3,1.9,0.6,0.1,0.7,0.5,2.4,0.5,0.8,0.3,0.5,0.2,0.6,2.0,3.0,1.7,0.1,2.3,0.4,3.3,0.6,0.8,0.4,3.1,0.6,0.4,1.6,0.1,0.8,0.8,0.7,0.7,0.2,0.1,0.5,0.4,0.2
2017-05-27 03:49:00+02:00,0.2,0.4,0.0,0.8,3.1,2.3,2.0,0.6,0.1,0.7,0.5,2.4,0.5,0.8,0.3,0.5,0.2,0.7,2.1,3.0,1.8,0.1,2.3,0.4,3.3,0.6,0.9,0.4,3.1,0.6,0.4,1.7,0.2,0.9,0.8,0.8,0.8,0.2,0.1,0.6,0.3,0.2
2017-05-27 03:50:00+02:00,0.2,0.4,0.0,0.8,3.0,2.3,1.9,0.5,0.1,0.7,0.5,2.4,0.4,0.7,0.3,0.5,0.1,0.6,2.0,2.9,1.8,0.1,2.2,0.4,3.2,0.6,0.9,0.4,3.1,0.6,0.4,1.7,0.2,0.9,0.9,0.8,0.8,0.2,0.1,0.6,0.4,0.2
2017-05-27 03:51:00+02:00,0.2,0.3,0.0,0.4,2.6,1.9,1.5,0.5,0.1,0.7,0.5,2.0,0.4,0.7,0.3,0.5,0.1,0.5,1.7,2.5,1.4,0.1,1.9,0.4,2.8,0.6,0.6,0.5,2.7,0.5,0.4,1.3,0.2,0.9,0.8,0.7,0.7,0.2,0.1,0.5,0.4,0.2
2017-05-27 03:52:00+02:00,0.2,0.2,0.0,0.3,2.5,1.8,1.4,0.5,0.0,0.7,0.5,1.8,0.3,0.7,0.3,0.5,0.1,0.6,1.6,2.4,1.3,0.1,1.7,0.4,2.6,0.5,0.4,0.5,2.5,0.5,0.4,1.2,0.1,0.8,0.8,0.7,0.7,0.2,0.1,0.5,0.4,0.2
2017-05-27 03:53:00+02:00,0.2,0.2,0.0,0.3,2.5,1.8,1.5,0.5,0.0,0.7,0.5,1.8,0.3,0.7,0.3,0.5,0.1,0.6,1.6,2.4,1.3,0.1,1.7,0.4,2.6,0.5,0.5,0.5,2.5,0.6,0.4,1.2,0.1,0.8,0.7,0.7,0.6,0.2,0.1,0.5,0.4,0.2
2017-05-27 03:54:00+02:00,0.2,0.2,0.0,0.3,2.6,1.9,1.5,0.6,0.0,0.7,0.5,1.9,0.3,0.8,0.3,0.6,0.1,0.7,1.7,2.5,1.4,0.1,1.8,0.4,2.8,0.6,0.5,0.5,2.6,0.7,0.4,1.3,0.1,0.7,0.7,0.6,0.6,0.2,0.1,0.5,0.3,0.2
2017-05-27 03:55:00+02:00,0.2,0.2,0.0,0.4,2.6,1.9,1.5,0.6,0.0,0.7,0.4,2.0,0.3,0.8,0.2,0.6,0.1,0.7,1.7,2.6,1.4,0.1,1.9,0.3,2.8,0.5,0.5,0.5,2.7,0.7,0.3,1.3,0.1,0.8,0.7,0.7,0.6,0.2,0.1,0.4,0.3,0.2
2017-05-27 03:56:00+02:00,0.1,0.2,0.0,0.4,2.7,1.9,1.5,0.6,0.0,0.7,0.5,2.0,0.3,0.7,0.2,0.6,0.1,0.6,1.6,2.6,1.4,0.1,1.9,0.2,2.9,0.6,0.5,0.5,2.8,0.6,0.3,1.2,0.1,0.8,0.8,0.7,0.7,0.2,0.1,0.5,0.3,0.2
2017-05-27 03:57:00+02:00,0.1,0.2,0.0,0.4,2.8,1.9,1.4,0.5,0.0,0.8,0.6,2.1,0.4,0.6,0.2,0.6,0.1,0.6,1.5,2.7,1.3,0.1,1.9,0.2,3.0,0.6,0.5,0.5,2.8,0.5,0.3,1.1,0.1,0.8,0.8,0.7,0.6,0.1,0.1,0.5,0.3,0.2
2017-05-27 03:58:00+02:00,0.2,0.2,0.0,0.4,2.7,1.9,1.4,0.5,0.0,0.9,0.6,2.0,0.4,0.6,0.3,0.7,0.1,0.6,1.5,2.6,1.3,0.1,1.8,0.3,2.9,0.7,0.5,0.6,2.8,0.5,0.4,1.1,0.1,0.8,0.7,0.7,0.6,0.1,0.1,0.5,0.3,0.2
2017-05-27 03:59:00+02:00,0.2,0.3,0.0,0.4,2.9,2.1,1.6,0.7,0.0,0.9,0.6,2.1,0.6,0.8,0.3,0.7,0.1,0.8,1.7,2.8,1.5,0.1,2.1,0.3,3.0,0.6,0.6,0.6,2.9,0.7,0.4,1.4,0.1,0.7,0.7,0.6,0.5,0.1,0.1,0.4,0.3,0.2
2017-05-27 04:00:00+02:00,0.2,0.3,0.0,0.4,3.0,2.1,1.7,0.7,0.0,0.8,0.7,2.2,0.6,0.9,0.3,0.5,0.1,0.8,1.7,2.9,1.5,0.1,2.1,0.2,3.2,0.7,0.5,0.5,3.0,0.7,0.4,1.4,0.1,0.7,0.7,0.6,0.5,0.1,0.1,0.4,0.3,0.2
2017-05-27 04:01:00+02:00,0.2,0.3,0.0,0.4,3.1,2.2,1.7,0.7,0.0,0.8,0.7,2.3,0.6,0.9,0.3,0.6,0.2,0.8,1.9,3.0,1.5,0.1,2.2,0.2,3.3,0.7,0.5,0.4,3.2,0.7,0.4,1.4,0.2,0.7,0.7,0.6,0.5,0.1,0.1,0.4,0.3,0.2
2017-05-27 04:02:00+02:00,0.2,0.3,0.0,0.5,3.1,2.2,1.6,0.7,0.0,0.9,0.7,2.3,0.6,0.8,0.3,0.6,0.1,0.8,1.9,3.0,1.5,0.1,2.2,0.2,3.3,0.7,0.5,0.5,3.2,0.7,0.4,1.3,0.2,0.8,0.7,0.7,0.6,0.1,0.1,0.5,0.3,0.2
2017-05-27 04:03:00+02:00,0.2,0.3,0.0,0.4,3.1,2.2,1.6,0.7,0.0,0.9,0.6,2.3,0.6,0.8,0.2,0.7,0.1,0.8,1.9,3.0,1.5,0.1,2.2,0.3,3.3,0.7,0.5,0.5,3.1,0.7,0.4,1.3,0.2,0.8,0.8,0.7,0.6,0.2,0.1,0.4,0.3,0.2
2017-05-27 04:04:00+02:00,0.2,0.3,0.0,0.4,2.8,2.0,1.6,0.7,0.0,1.0,0.5,2.1,0.6,0.9,0.2,0.7,0.1,0.8,1.9,2.7,1.5,0.1,2.0,0.3,3.0,0.6,0.5,0.6,2.9,0.7,0.3,1.3,0.2,0.8,0.7,0.7,0.6,0.2,0.1,0.5,0.3,0.2
2017-05-27 04:05:00+02:00,0.2,0.4,0.0,0.5,2.9,2.2,1.7,0.8,0.1,0.9,0.5,2.2,0.7,1.0,0.2,0.7,0.2,0.9,2.0,2.8,1.7,0.1,2.1,0.3,3.1,0.6,0.6,0.6,3.0,0.8,0.3,1.5,0.2,0.7,0.7,0.6,0.6,0.2,0.1,0.4,0.2,0.1
2017-05-27 04:06:00+02:00,0.2,0.4,0.0,0.5,2.9,2.2,1.7,0.8,0.1,1.0,0.5,2.3,0.7,0.9,0.2,0.8,0.2,0.9,2.0,2.8,1.6,0.1,2.1,0.3,3.2,0.6,0.6,0.6,3.0,0.8,0.3,1.5,0.2,0.7,0.6,0.6,0.5,0.2,0.1,0.4,0.2,0.1
2017-05-27 04:07:00+02:00,0.2,0.4,0.0,0.5,3.0,2.3,1.7,0.8,0.1,0.9,0.5,2.3,0.6,0.9,0.2,0.7,0.2,0.9,2.0,2.9,1.6,0.1,2.2,0.3,3.2,0.6,0.6,0.6,3.1,0.8,0.3,1.4,0.2,0.7,0.6,0.6,0.6,0.2,0.1,0.3,0.2,0.1
2017-05-27 04:08:00+02:00,0.2,0.4,0.1,0.5,3.1,2.3,1.7,0.8,0.1,0.8,0.6,2.4,0.6,0.9,0.2,0.7,0.2,0.8,2.0,3.0,1.6,0.1,2.2,0.3,3.4,0.7,0.6,0.5,3.2,0.8,0.4,1.4,0.2,0.7,0.6,0.6,0.6,0.2,0.1,0.4,0.3,0.2
2017-05-27 04:09:00+02:00,0.2,0.3,0.0,0.5,3.0,2.2,1.5,0.7,0.1,0.7,0.5,2.3,0.6,0.8,0.2,0.6,0.2,0.8,1.9,2.9,1.5,0.1,2.1,0.3,3.2,0.6,0.6,0.5,3.0,0.7,0.3,1.4,0.2,0.6,0.6,0.6,0.5,0.2,0.1,0.4,0.3,0.2
2017-05-27 04:10:00+02:00,0.3,0.4,0.0,0.5,2.9,2.2,1.5,0.7,0.1,0.8,0.5,2.3,0.6,0.8,0.1,0.7,0.2,0.7,1.9,2.9,1.5,0.1,2.1,0.4,3.2,0.6,0.6,0.5,3.0,0.7,0.2,1.4,0.2,0.6,0.6,0.6,0.5,0.2,0.1,0.4,0.3,0.2
2017-05-27 04:11:00+02:00,0.3,0.4,0.0,0.5,2.9,2.1,1.5,0.6,0.1,0.9,0.5,2.2,0.5,0.7,0.1,0.7,0.1,0.7,1.8,2.8,1.4,0.1,2.0,0.3,3.1,0.6,0.6,0.5,2.9,0.6,0.3,1.3,0.2,0.6,0.6,0.6,0.5,0.2,0.1,0.4,0.3,0.2
2017-05-27 04:12:00+02:00,0.3,0.4,0.0,0.5,3.1,2.2,1.7,0.8,0.1,0.8,0.5,2.3,0.5,0.9,0.2,0.6,0.2,0.8,2.0,2.8,1.6,0.1,2.1,0.3,3.3,0.6,0.6,0.5,3.1,0.8,0.3,1.5,0.2,0.6,0.6,0.6,0.5,0.2,0.1,0.4,0.3,0.2
2017-05-27 04:13:00+02:00,0.2,0.3,0.0,0.4,3.0,2.1,1.7,0.8,0.1,0.8,0.4,2.3,0.6,1.0,0.2,0.6,0.2,0.9,2.0,2.8,1.6,0.1,2.1,0.3,3.2,0.5,0.5,0.5,3.0,0.8,0.3,1.5,0.2,0.7,0.7,0.6,0.6,0.2,0.1,0.5,0.4,0.3
2017-05-27 04:14:00+02:00,0.2,0.3,0.0,0.4,2.9,2.0,1.6,0.7,0.1,0.8,0.5,2.2,0.4,0.9,0.2,0.6,0.2,0.8,1.9,2.7,1.5,0.1,2.0,0.3,3.1,0.5,0.5,0.5,2.9,0.7,0.3,1.4,0.2,0.7,0.7,0.7,0.6,0.2,0.1,0.5,0.4,0.3
2017-05-27 04:15:00+02:00,0.1,0.3,0.0,0.4,2.9,2.1,1.7,0.7,0.1,0.6,0.4,2.2,0.4,0.9,0.2,0.5,0.2,0.8,2.0,2.7,1.6,0.1,2.0,0.2,3.1,0.5,0.5,0.4,2.9,0.7,0.3,1.4,0.2,0.7,0.7,0.7,0.6,0.2,0.1,0.4,0.3,0.2
2017-05-27 04:16:00+02:00,0.1,0.3,0.0,0.4,2.8,2.2,1.7,0.7,0.1,0.6,0.3,2.2,0.4,0.9,0.2,0.5,0.3,0.8,2.1,2.6,1.6,0.1,2.1,0.2,3.0,0.4,0.5,0.4,2.9,0.8,0.2,1.4,0.2,0.7,0.7,0.6,0.6,0.2,0.1,0.4,0.3,0.2
2017-05-27 04:17:00+02:00,0.1,0.3,0.0,0.4,2.8,2.1,1.7,0.7,0.1,0.7,0.4,2.2,0.5,0.9,0.2,0.4,0.2,0.9,2.0,2.6,1.6,0.1,2.1,0.2,2.9,0.4,0.5,0.4,2.8,0.8,0.2,1.4,0.2,0.6,0.6,0.5,0.5,0.2,0.1,0.3,0.2,0.1
2017-05-27 04:18:00+02:00,0.1,0.3,0.0,0.4,2.7,2.0,1.6,0.7,0.1,0.7,0.4,2.1,0.4,0.9,0.2,0.5,0.2,0.8,1.9,2.6,1.5,0.1,1.9,0.2,2.9,0.5,0.5,0.4,2.7,0.7,0.3,1.3,0.1,0.6,0.6,0.5,0.5,0.2,0.1,0.3,0.2,0.1
2017-05-27 04:19:00+02:00,0.1,0.3,0.0,0.4,2.6,1.9,1.5,0.5,0.1,0.7,0.4,1.9,0.4,0.7,0.2,0.4,0.1,0.7,1.7,2.4,1.4,0.1,1.8,0.2,2.7,0.5,0.5,0.4,2.6,0.6,0.3,1.2,0.2,0.6,0.6,0.5,0.5,0.2,0.1,0.3,0.2,0.1
2017-05-27 04:20:00+02:00,0.1,0.3,0.0,0.4,2.4,1.7,1.3,0.4,0.1,0.7,0.4,1.8,0.3,0.6,0.2,0.5,0.1,0.6,1.6,2.3,1.2,0.1,1.7,0.2,2.6,0.5,0.5,0.4,2.4,0.5,0.3,1.2,0.2,0.7,0.7,0.6,0.5,0.2,0.1,0.3,0.2,0.2
2017-05-27 04:21:00+02:00,0.1,0.3,0.0,0.4,2.4,1.8,1.4,0.4,0.1,0.7,0.4,1.8,0.3,0.7,0.2,0.4,0.1,0.6,1.6,2.3,1.3,0.1,1.7,0.2,2.6,0.5,0.5,0.4,2.5,0.5,0.3,1.2,0.2,0.7,0.7,0.6,0.6,0.2,0.1,0.3,0.3,0.2
2017-05-27 04:22:00+02:00,0.1,0.3,0.0,0.4,2.8,2.1,1.6,0.6,0.1,0.8,0.4,2.1,0.5,0.9,0.2,0.5,0.1,0.7,1.8,2.6,1.5,0.1,2.0,0.2,2.9,0.5,0.5,0.4,2.8,0.7,0.3,1.4,0.2,0.7,0.7,0.6,0.6,0.2,0.1,0.3,0.3,0.2
2017-05-27 04:23:00+02:00,0.1,0.3,0.0,0.4,2.8,2.1,1.6,0.6,0.1,0.8,0.4,2.2,0.5,1.0,0.2,0.5,0.1,0.8,1.9,2.6,1.5,0.1,2.0,0.2,2.9,0.5,0.5,0.4,2.8,0.7,0.3,1.4,0.2,0.7,0.7,0.6,0.6,0.3,0.2,0.3,0.3,0.2
2017-05-27 04:24:00+02:00,0.1,0.3,0.0,0.4,2.8,2.1,1.6,0.6,0.1,0.8,0.4,2.2,0.5,1.0,0.1,0.5,0.1,0.8,1.9,2.7,1.5,0.1,2.0,0.2,3.0,0.5,0.5,0.4,2.9,0.7,0.2,1.5,0.2,0.8,0.8,0.7,0.7,0.3,0.2,0.3,0.3,0.2
2017-05-27 04:25:00+02:00,0.2,0.3,0.0,0.5,2.9,2.2,1.6,0.6,0.1,0.8,0.4,2.3,0.5,1.0,0.1,0.5,0.1,0.8,1.9,2.7,1.6,0.1,2.1,0.3,3.0,0.4,0.6,0.4,2.9,0.7,0.2,1.5,0.2,0.8,0.7,0.6,0.6,0.2,0.2,0.4,0.3,0.2
2017-05-27 04:26:00+02:00,0.2,0.3,0.0,0.5,3.0,2.3,1.7,0.7,0.1,0.8,0.4,2.4,0.5,1.0,0.1,0.5,0.2,0.8,2.0,2.9,1.7,0.1,2.2,0.3,3.2,0.4,0.6,0.5,3.1,0.7,0.2,1.6,0.2,0.7,0.7,0.6,0.6,0.2,0.2,0.4,0.3,0.2
2017-05-27 04:27:00+02:00,0.2,0.3,0.0,0.5,2.8,2.2,1.7,0.7,0.1,0.8,0.4,2.4,0.6,1.0,0.1,0.5,0.2,0.9,2.0,2.8,1.7,0.1,2.2,0.3,3.0,0.4,0.6,0.5,2.9,0.8,0.2,1.6,0.2,0.8,0.7,0.7,0.7,0.2,0.2,0.4,0.3,0.2
2017-05-27 04:28:00+02:00,0.2,0.3,0.0,0.5,2.7,2.0,1.6,0.7,0.1,0.8,0.4,2.2,0.5,0.9,0.1,0.5,0.2,0.8,1.9,2.6,1.6,0.1,2.0,0.3,2.9,0.5,0.6,0.5,2.8,0.7,0.2,1.5,0.2,0.8,0.8,0.7,0.7,0.3,0.2,0.4,0.3,0.2
2017-05-27 04:29:00+02:00,0.2,0.3,0.0,0.5,2.6,1.9,1.5,0.5,0.1,0.7,0.4,2.1,0.4,0.7,0.1,0.5,0.1,0.6,1.7,2.5,1.4,0.1,1.8,0.3,2.8,0.4,0.6,0.4,2.6,0.6,0.2,1.3,0.2,0.8,0.8,0.7,0.6,0.3,0.2,0.4,0.3,0.2
2017-05-27 04:30:00+02:00,0.2,0.3,0.0,0.5,2.6,1.9,1.4,0.5,0.1,0.7,0.4,2.1,0.4,0.7,0.2,0.5,0.1,0.6,1.7,2.5,1.4,0.1,1.8,0.3,2.8,0.4,0.6,0.5,2.7,0.6,0.2,1.3,0.2,0.8,0.8,0.7,0.6,0.3,0.2,0.4,0.3,0.2
2017-05-27 04:31:00+02:00,0.2,0.3,0.0,0.5,2.5,1.9,1.5,0.5,0.1,0.7,0.4,2.0,0.4,0.8,0.2,0.5,0.1,0.7,1.7,2.5,1.4,0.1,1.8,0.3,2.8,0.4,0.5,0.5,2.7,0.6,0.3,1.3,0.2,0.8,0.8,0.7,0.6,0.3,0.2,0.4,0.3,0.2
2017-05-27 04:32:00+02:00,0.2,0.3,0.0,0.4,2.5,1.8,1.4,0.6,0.1,0.7,0.5,1.9,0.4,0.8,0.2,0.6,0.1,0.7,1.6,2.5,1.4,0.1,1.7,0.4,2.8,0.5,0.5,0.5,2.6,0.6,0.3,1.3,0.2,0.9,0.8,0.8,0.6,0.3,0.2,0.4,0.3,0.2
2017-05-27 04:33:00+02:00,0.2,0.5,0.0,0.6,2.5,1.9,1.6,0.6,0.2,0.7,0.4,2.1,0.4,0.8,0.2,0.5,0.1,0.7,1.8,2.5,1.5,0.1,1.8,0.4,2.8,0.4,0.7,0.5,2.7,0.6,0.3,1.4,0.3,0.8,0.8,0.7,0.6,0.2,0.2,0.4,0.3,0.2
2017-05-27 04:34:00+02:00,0.2,0.4,0.0,0.5,2.5,1.9,1.5,0.6,0.2,0.7,0.3,2.1,0.4,0.7,0.2,0.5,0.1,0.7,1.7,2.5,1.4,0.1,1.8,0.4,2.9,0.4,0.6,0.5,2.7,0.6,0.3,1.3,0.3,0.8,0.8,0.7,0.6,0.2,0.2,0.4,0.3,0.2
2017-05-27 04:35:00+02:00,0.2,0.3,0.0,0.4,2.4,1.8,1.4,0.6,0.1,0.7,0.3,2.0,0.4,0.7,0.2,0.5,0.1,0.7,1.6,2.3,1.3,0.1,1.7,0.4,2.7,0.4,0.5,0.5,2.5,0.6,0.3,1.2,0.2,0.7,0.7,0.7,0.6,0.2,0.2,0.4,0.3,0.1
2017-05-27 04:36:00+02:00,0.2,0.3,0.0,0.4,2.7,1.9,1.5,0.6,0.1,0.7,0.5,2.0,0.4,0.7,0.3,0.5,0.1,0.7,1.7,2.6,1.3,0.1,1.8,0.4,3.0,0.6,0.5,0.5,2.8,0.6,0.3,1.2,0.2,0.7,0.7,0.6,0.6,0.2,0.2,0.3,0.3,0.1
2017-05-27 04:37:00+02:00,0.2,0.4,0.0,0.5,3.3,2.6,2.1,0.6,0.1,0.7,0.4,2.7,0.4,0.8,0.2,0.5,0.1,0.7,2.3,3.1,1.4,0.0,2.5,0.4,3.5,0.5,0.5,0.5,3.4,0.7,0.3,1.3,0.3,0.8,0.8,0.7,0.6,0.2,0.2,0.4,0.3,0.1
2017-05-27 04:38:00+02:00,0.2,0.4,0.0,0.5,2.7,2.0,1.5,0.6,0.1,0.7,0.4,2.1,0.4,0.8,0.2,0.5,0.1,0.7,1.8,2.6,1.4,0.0,1.9,0.3,2.9,0.5,0.5,0.5,2.7,0.7,0.3,1.3,0.3,0.8,0.8,0.8,0.7,0.2,0.2,0.4,0.3,0.1
2017-05-27 04:39:00+02:00,0.2,0.4,0.0,0.5,2.6,1.9,1.5,0.6,0.1,0.7,0.4,2.0,0.4,0.8,0.2,0.5,0.1,0.7,1.7,2.5,1.4,0.0,1.8,0.3,2.8,0.5,0.5,0.4,2.7,0.7,0.3,1.3,0.2,1.0,1.0,1.0,0.9,0.5,0.4,0.4,0.3,0.1
2017-05-27 04:40:00+02:00,0.2,0.4,0.0,0.5,2.7,1.9,1.5,0.6,0.1,0.7,0.4,2.1,0.4,0.8,0.2,0.5,0.1,0.7,1.7,2.6,1.4,0.0,1.8,0.3,2.9,0.5,0.5,0.5,2.8,0.6,0.3,1.3,0.2,0.9,0.9,0.9,0.8,0.4,0.3,0.4,0.3,0.1
2017-05-27 04:41:00+02:00,0.2,0.4,0.0,0.5,2.9,2.0,1.5,0.6,0.1,0.7,0.5,2.2,0.4,0.8,0.2,0.5,0.1,0.7,1.7,2.8,1.4,0.0,1.9,0.4,3.1,0.6,0.6,0.5,2.9,0.6,0.3,1.3,0.2,0.8,0.7,0.7,0.6,0.3,0.2,0.4,0.3,0.1
2017-05-27 04:42:00+02:00,0.3,0.4,0.0,0.5,2.7,1.9,1.4,0.5,0.1,0.8,0.5,2.1,0.4,0.7,0.2,0.6,0.1,0.6,1.6,2.7,1.3,0.0,1.7,0.4,2.9,0.6,0.6,0.5,2.8,0.5,0.3,1.2,0.2,0.8,0.7,0.7,0.6,0.3,0.2,0.4,0.3,0.1
2017-05-27 04:43:00+02:00,0.3,0.4,0.0,0.5,2.7,1.9,1.3,0.5,0.1,0.7,0.5,2.1,0.4,0.6,0.2,0.6,0.1,0.6,1.6,2.7,1.2,0.0,1.7,0.4,2.9,0.6,0.5,0.5,2.8,0.5,0.3,1.2,0.2,0.8,0.7,0.7,0.6,0.2,0.2,0.4,0.3,0.1
2017-05-27 04:44:00+02:00,0.3,0.4,0.0,0.5,2.7,1.9,1.3,0.5,0.1,0.7,0.4,2.1,0.4,0.6,0.2,0.5,0.1,0.5,1.5,2.6,1.2,0.0,1.7,0.4,2.9,0.5,0.6,0.5,2.7,0.5,0.3,1.1,0.2,0.7,0.7,0.7,0.6,0.2,0.1,0.4,0.3,0.1
2017-05-27 04:45:00+02:00,0.3,0.4,0.0,0.5,2.8,2.1,1.5,0.5,0.1,0.7,0.4,2.2,0.4,0.6,0.2,0.5,0.1,0.6,1.7,2.7,1.4,0.0,2.0,0.3,3.0,0.5,0.6,0.4,2.8,0.5,0.3,1.2,0.2,0.6,0.5,0.5,0.4,0.2,0.1,0.3,0.2,0.1
2017-05-27 04:46:00+02:00,0.3,0.4,0.0,0.5,3.1,2.2,1.6,0.6,0.1,0.7,0.4,2.5,0.4,0.7,0.2,0.5,0.1,0.6,1.8,3.0,1.4,0.0,2.1,0.3,3.2,0.5,0.6,0.5,3.1,0.6,0.2,1.3,0.2,0.5,0.5,0.5,0.4,0.2,0.1,0.2,0.2,0.1
2017-05-27 04:47:00+02:00,0.3,0.4,0.0,0.5,3.0,2.2,1.6,0.6,0.1,0.7,0.4,2.4,0.4,0.8,0.2,0.5,0.1,0.7,1.8,3.0,1.4,0.0,2.0,0.4,3.2,0.5,0.5,0.5,3.1,0.6,0.2,1.3,0.2,0.5,0.5,0.5,0.4,0.2,0.1,0.2,0.2,0.1
2017-05-27 04:48:00+02:00,0.4,0.5,0.0,0.6,3.1,2.3,1.8,0.6,0.1,0.7,0.5,2.5,0.5,0.8,0.2,0.5,0.2,0.7,2.0,3.1,1.6,0.1,2.2,0.4,3.4,0.6,0.6,0.5,3.2,0.6,0.3,1.4,0.3,0.5,0.5,0.5,0.4,0.2,0.1,0.2,0.2,0.1
2017-05-27 04:49:00+02:00,0.4,0.5,0.0,0.6,2.9,2.1,1.7,0.6,0.1,0.8,0.5,2.3,0.5,0.8,0.2,0.5,0.2,0.7,1.9,2.8,1.6,0.1,2.0,0.4,3.2,0.6,0.6,0.5,2.9,0.6,0.3,1.4,0.3,0.6,0.6,0.5,0.4,0.2,0.1,0.3,0.2,0.1
2017-05-27 04:50:00+02:00,0.3,0.4,0.0,0.5,2.9,2.0,1.6,0.6,0.0,1.2,0.5,2.2,0.4,0.8,0.2,0.9,0.2,0.7,1.8,2.9,1.5,0.1,1.9,0.4,3.1,0.7,0.6,0.9,3.0,0.6,0.3,1.3,0.2,0.6,0.6,0.5,0.4,0.2,0.1,0.3,0.2,0.1
2017-05-27 04:51:00+02:00,0.3,0.4,0.0,0.5,2.8,1.9,1.5,0.6,0.0,1.0,0.5,2.2,0.4,0.8,0.2,0.8,0.2,0.7,1.7,2.7,1.4,0.1,1.8,0.3,3.0,0.6,0.5,0.7,2.8,0.7,0.3,1.3,0.2,0.6,0.6,0.5,0.4,0.2,0.1,0.2,0.2,0.1
2017-05-27 04:52:00+02:00,0.3,0.4,0.0,0.4,2.8,1.9,1.5,0.6,0.0,1.0,0.5,2.1,0.4,0.8,0.3,0.7,0.2,0.7,1.7,2.8,1.4,0.1,1.8,0.3,3.3,0.6,0.5,0.7,3.0,0.6,0.3,1.3,0.2,0.6,0.6,0.5,0.4,0.2,0.1,0.3,0.2,0.1
2017-05-27 04:53:00+02:00,0.3,0.4,0.0,0.5,2.7,1.9,1.5,0.6,0.0,0.5,0.5,2.1,0.5,0.8,0.2,0.4,0.2,0.7,1.7,2.7,1.4,0.1,1.8,0.3,3.5,0.6,0.5,0.3,3.3,0.7,0.3,1.3,0.2,0.6,0.6,0.5,0.4,0.2,0.1,0.3,0.2,0.1
2017-05-27 04:54:00+02:00,0.2,0.3,0.0,0.4,2.6,1.8,1.4,0.6,0.0,0.7,0.5,2.0,0.5,0.8,0.2,0.5,0.2,0.7,1.6,2.6,1.3,0.1,1.7,0.3,3.3,0.6,0.5,0.4,3.1,0.6,0.4,1.2,0.2,0.9,0.9,0.8,0.7,0.3,0.1,0.4,0.3,0.1
2017-05-27 04:55:00+02:00,0.2,0.3,0.0,0.4,2.6,1.7,1.4,0.6,0.0,0.6,0.6,1.9,0.5,0.8,0.3,0.5,0.2,0.7,1.6,2.5,1.3,0.1,1.7,0.3,3.4,0.7,0.4,0.4,3.2,0.6,0.5,1.2,0.2,1.0,0.9,0.8,0.7,0.3,0.1,0.4,0.3,0.1
2017-05-27 04:56:00+02:00,0.1,0.4,0.0,0.4,4.4,3.5,3.1,2.4,0.0,0.6,0.7,3.6,2.3,2.5,0.3,0.5,0.2,2.4,3.3,4.4,3.0,0.1,3.4,0.2,5.2,0.8,0.5,0.4,5.0,2.4,0.5,3.0,0.2,0.9,0.9,0.8,0.7,0.3,0.1,0.4,0.3,0.1
2017-05-27 04:57:00+02:00,0.1,0.3,0.0,0.4,2.6,1.8,1.4,0.7,0.0,0.6,0.6,1.9,0.5,0.8,0.2,0.5,0.2,0.7,1.6,2.6,1.3,0.1,1.7,0.2,3.4,0.7,0.5,0.4,3.2,0.7,0.5,1.3,0.2,0.9,0.8,0.7,0.6,0.2,0.1,0.4,0.3,0.1
2017-05-27 04:58:00+02:00,0.1,0.4,0.0,0.4,2.4,1.6,1.3,0.6,0.0,0.6,0.5,1.8,0.5,0.7,0.2,0.5,0.2,0.6,1.5,2.3,1.2,0.1,1.6,0.2,3.2,0.6,0.5,0.4,3.0,0.6,0.2,1.1,0.2,0.8,0.7,0.7,0.5,0.2,0.1,0.4,0.3,0.1
2017-05-27 04:59:00+02:00,0.1,0.3,0.0,0.4,2.5,1.8,1.3,0.6,0.0,0.7,0.5,1.9,0.5,0.7,0.2,0.5,0.2,0.6,1.5,2.5,1.3,0.1,1.6,0.2,4.2,0.5,0.5,0.4,4.0,0.6,0.3,1.2,0.2,0.7,0.7,0.6,0.5,0.2,0.1,0.4,0.3,0.1
2017-05-27 05:00:00+02:00,0.1,0.3,0.0,0.4,2.6,1.9,1.4,0.6,0.0,0.7,0.5,2.0,0.5,0.7,0.2,0.5,0.2,0.7,1.6,2.5,1.3,0.1,1.7,0.2,3.6,0.5,0.5,0.4,3.5,0.6,0.3,1.2,0.2,0.6,0.5,0.5,0.4,0.1,0.1,0.3,0.2,0.1
2017-05-27 05:01:00+02:00,0.1,0.3,0.0,0.4,2.7,1.9,1.4,0.6,0.0,0.7,0.5,2.1,0.5,0.8,0.2,0.5,0.2,0.7,1.7,2.6,1.4,0.1,1.8,0.2,3.3,0.6,0.5,0.4,3.1,0.7,0.3,1.3,0.2,0.6,0.5,0.4,0.4,0.1,0.1,0.2,0.2,0.1
2017-05-27 05:02:00+02:00,0.1,0.3,0.0,0.4,2.7,2.0,1.4,0.6,0.0,0.6,0.5,2.1,0.5,0.8,0.2,0.5,0.2,0.7,1.6,2.7,1.4,0.1,1.8,0.2,3.3,0.6,0.5,0.4,3.1,0.7,0.3,1.3,0.2,0.6,0.6,0.5,0.4,0.2,0.1,0.2,0.2,0.1
2017-05-27 05:03:00+02:00,0.1,0.2,0.0,0.3,2.6,1.8,1.3,0.6,0.0,0.6,0.5,2.0,0.5,0.7,0.2,0.5,0.2,0.7,1.5,2.6,1.2,0.1,1.7,0.2,3.2,0.6,0.4,0.4,2.9,0.6,0.3,1.1,0.1,0.7,0.6,0.5,0.4,0.2,0.1,0.3,0.2,0.1
2017-05-27 05:04:00+02:00,0.1,0.2,0.0,0.4,2.6,1.7,1.3,0.6,0.0,0.6,0.5,1.9,0.5,0.7,0.2,0.5,0.2,0.6,1.5,2.6,1.2,0.1,1.6,0.2,3.1,0.7,0.5,0.4,2.9,0.6,0.3,1.2,0.1,0.7,0.6,0.5,0.4,0.2,0.1,0.2,0.2,0.1
2017-05-27 05:05:00+02:00,0.2,0.3,0.0,0.4,2.6,1.8,1.4,0.6,0.0,0.7,0.6,2.0,0.5,0.7,0.2,0.5,0.2,0.7,1.6,2.6,1.3,0.1,1.7,0.2,3.1,0.6,0.5,0.4,3.0,0.6,0.4,1.2,0.1,0.7,0.6,0.5,0.4,0.2,0.1,0.3,0.2,0.1
2017-05-27 05:06:00+02:00,0.3,0.3,0.0,0.4,2.7,1.8,1.4,0.6,0.0,0.7,0.6,2.0,0.5,0.8,0.3,0.6,0.2,0.7,1.6,2.7,1.3,0.1,1.7,0.3,3.2,0.7,0.5,0.5,3.0,0.7,0.4,1.2,0.1,0.7,0.6,0.5,0.5,0.2,0.1,0.3,0.2,0.2
2017-05-27 05:07:00+02:00,0.3,0.3,0.0,0.4,2.7,1.8,1.4,0.6,0.0,0.7,0.6,2.0,0.4,0.8,0.3,0.5,0.2,0.7,1.6,2.7,1.3,0.1,1.7,0.3,3.1,0.7,0.5,0.5,2.9,0.7,0.4,1.3,0.1,0.8,0.7,0.6,0.5,0.2,0.1,0.3,0.2,0.2
2017-05-27 05:08:00+02:00,0.3,0.3,0.1,0.4,2.7,1.8,1.4,0.6,0.0,0.7,0.6,1.9,0.4,0.8,0.3,0.5,0.2,0.7,1.6,2.6,1.3,0.1,1.7,0.3,2.9,0.7,0.5,0.5,2.7,0.7,0.4,1.2,0.1,0.7,0.6,0.5,0.5,0.2,0.1,0.3,0.2,0.2
2017-05-27 05:09:00+02:00,0.3,0.3,0.0,0.4,2.5,1.8,1.3,0.6,0.0,0.7,0.5,1.9,0.5,0.8,0.2,0.5,0.2,0.7,1.6,2.5,1.3,0.1,1.7,0.3,2.7,0.6,0.4,0.5,2.6,0.7,0.3,1.2,0.1,0.8,0.7,0.6,0.6,0.2,0.1,0.4,0.2,0.2
2017-05-27 05:10:00+02:00,0.2,0.2,0.0,0.3,2.3,1.6,1.2,0.6,0.0,0.5,0.5,1.7,0.4,0.7,0.1,0.4,0.2,0.6,1.4,2.2,1.1,0.1,1.5,0.3,2.5,0.6,0.4,0.3,2.3,0.6,0.3,1.0,0.1,0.8,0.7,0.6,0.6,0.2,0.1,0.4,0.2,0.2
2017-05-27 05:11:00+02:00,0.2,0.2,0.0,0.3,2.4,1.6,1.2,0.6,0.0,0.5,0.5,1.7,0.4,0.6,0.2,0.3,0.2,0.6,1.4,2.3,1.1,0.1,1.5,0.2,2.6,0.6,0.4,0.3,2.4,0.6,0.3,1.0,0.1,0.7,0.7,0.6,0.5,0.2,0.1,0.4,0.2,0.2
2017-05-27 05:12:00+02:00,0.2,0.2,0.0,0.3,2.4,1.6,1.2,0.6,0.0,0.5,0.5,1.7,0.4,0.7,0.2,0.3,0.2,0.6,1.4,2.3,1.1,0.1,1.5,0.2,2.7,0.6,0.4,0.3,2.5,0.6,0.3,1.0,0.1,0.7,0.7,0.6,0.5,0.2,0.1,0.4,0.2,0.2
2017-05-27 05:13:00+02:00,0.2,0.2,0.0,0.3,2.6,1.8,1.3,0.7,0.0,0.5,0.6,1.9,0.5,0.8,0.2,0.3,0.2,0.7,1.5,2.5,1.3,0.1,1.7,0.2,2.8,0.7,0.4,0.3,2.6,0.7,0.3,1.2,0.1,0.6,0.6,0.6,0.5,0.2,0.1,0.3,0.2,0.1
2017-05-27 05:14:00+02:00,0.1,0.2,0.0,0.3,2.5,1.7,1.3,0.6,0.0,0.6,0.6,1.8,0.5,0.7,0.2,0.4,0.2,0.6,1.5,2.4,1.2,0.1,1.6,0.2,2.8,0.7,0.4,0.4,2.6,0.6,0.3,1.1,0.1,0.7,0.6,0.6,0.5,0.2,0.1,0.4,0.2,0.2
2017-05-27 05:15:00+02:00,0.1,0.2,0.0,0.3,2.6,1.7,1.3,0.6,0.0,0.6,0.6,1.8,0.5,0.8,0.2,0.5,0.2,0.6,1.5,2.4,1.2,0.1,1.6,0.2,2.8,0.7,0.4,0.4,2.6,0.6,0.3,1.1,0.1,0.7,0.6,0.6,0.5,0.2,0.1,0.4,0.2,0.2
2017-05-27 05:16:00+02:00,0.1,0.3,0.0,0.4,2.7,1.8,1.4,0.6,0.0,0.6,0.6,1.9,0.5,0.8,0.2,0.4,0.2,0.7,1.6,2.6,1.3,0.1,1.7,0.2,2.9,0.7,0.4,0.4,2.7,0.6,0.3,1.2,0.2,0.7,0.7,0.6,0.6,0.2,0.1,0.4,0.2,0.2
2017-05-27 05:17:00+02:00,0.1,0.3,0.0,0.4,2.7,1.9,1.4,0.6,0.1,0.6,0.6,1.9,0.5,0.7,0.2,0.4,0.2,0.6,1.6,2.6,1.3,0.1,1.8,0.2,2.9,0.7,0.5,0.4,2.8,0.6,0.3,1.2,0.2,0.8,0.7,0.7,0.6,0.2,0.1,0.4,0.3,0.2
2017-05-27 05:18:00+02:00,0.1,0.2,0.0,0.3,2.6,1.7,1.3,0.5,0.0,0.6,0.5,1.8,0.4,0.7,0.2,0.4,0.2,0.6,1.5,2.5,1.2,0.1,1.6,0.2,2.9,0.6,0.4,0.4,2.7,0.6,0.3,1.1,0.1,0.7,0.7,0.6,0.6,0.2,0.1,0.4,0.3,0.2
2017-05-27 05:19:00+02:00,0.1,0.3,0.0,0.4,2.6,1.8,1.3,0.5,0.0,0.6,0.5,1.9,0.3,0.6,0.2,0.5,0.1,0.5,1.5,2.5,1.2,0.1,1.7,0.2,2.8,0.6,0.5,0.4,2.6,0.5,0.3,1.1,0.1,0.7,0.7,0.6,0.6,0.2,0.1,0.4,0.3,0.2
2017-05-27 05:20:00+02:00,0.1,0.3,0.0,0.4,2.5,1.8,1.2,0.5,0.1,0.5,0.5,1.9,0.3,0.6,0.2,0.3,0.1,0.5,1.5,2.4,1.1,0.1,1.7,0.2,2.8,0.6,0.5,0.3,2.6,0.5,0.3,1.1,0.1,0.7,0.6,0.6,0.5,0.2,0.1,0.4,0.2,0.1
2017-05-27 05:21:00+02:00,0.1,0.3,0.0,0.4,2.5,1.9,1.3,0.5,0.1,0.5,0.4,1.9,0.4,0.6,0.2,0.4,0.1,0.5,1.5,2.4,1.2,0.1,1.8,0.2,2.8,0.5,0.5,0.3,2.6,0.5,0.2,1.1,0.1,0.7,0.6,0.6,0.6,0.2,0.1,0.4,0.3,0.2
2017-05-27 05:22:00+02:00,0.1,0.3,0.0,0.4,2.5,1.9,1.3,0.5,0.1,0.5,0.4,1.9,0.3,0.6,0.2,0.4,0.1,0.5,1.5,2.4,1.2,0.1,1.8,0.2,2.8,0.5,0.5,0.3,2.6,0.5,0.2,1.1,0.2,0.7,0.6,0.6,0.6,0.2,0.1,0.4,0.3,0.2
2017-05-27 05:23:00+02:00,0.1,0.3,0.1,0.4,2.6,1.9,1.3,0.5,0.1,0.5,0.4,2.0,0.4,0.7,0.2,0.4,0.1,0.5,1.6,2.4,1.2,0.1,1.8,0.2,2.8,0.5,0.5,0.3,2.6,0.5,0.2,1.2,0.2,0.7,0.6,0.6,0.6,0.2,0.1,0.4,0.3,0.2
2017-05-27 05:24:00+02:00,0.1,0.2,0.1,0.3,2.6,1.9,1.3,0.6,0.1,0.5,0.4,2.0,0.5,0.8,0.2,0.4,0.1,0.7,1.6,2.5,1.2,0.1,1.8,0.2,2.8,0.5,0.4,0.3,2.7,0.6,0.2,1.2,0.1,0.7,0.6,0.6,0.5,0.2,0.1,0.4,0.2,0.2
2017-05-27 05:25:00+02:00,0.2,0.2,0.1,0.3,2.6,1.9,1.4,0.6,0.1,0.6,0.5,2.0,0.5,0.8,0.2,0.4,0.1,0.7,1.6,2.5,1.3,0.1,1.8,0.2,2.8,0.5,0.4,0.3,2.7,0.7,0.3,1.2,0.1,0.7,0.6,0.6,0.5,0.2,0.1,0.4,0.2,0.2
2017-05-27 05:26:00+02:00,0.1,0.3,0.1,0.5,3.9,3.1,2.5,1.7,0.1,0.5,0.5,3.2,0.5,1.9,0.3,0.4,0.1,1.8,2.8,3.7,2.4,0.1,3.0,0.2,4.0,0.6,0.6,0.3,3.9,1.8,0.3,2.4,0.1,0.7,0.6,0.6,0.5,0.2,0.1,0.3,0.2,0.1
2017-05-27 05:27:00+02:00,0.1,0.3,0.1,0.5,3.2,2.5,1.9,1.1,0.1,0.6,0.6,2.5,0.5,1.2,0.3,0.4,0.1,1.2,2.2,3.1,1.8,0.1,2.3,0.2,3.4,0.6,0.6,0.3,3.3,1.1,0.3,1.8,0.1,0.7,0.6,0.6,0.5,0.2,0.2,0.3,0.2,0.1
2017-05-27 05:28:00+02:00,0.1,0.3,0.1,0.5,2.8,2.1,1.6,0.7,0.1,0.5,0.6,2.2,0.5,0.8,0.3,0.4,0.1,0.8,1.8,2.7,1.5,0.1,2.0,0.1,3.0,0.6,0.6,0.3,2.9,0.8,0.3,1.4,0.1,0.6,0.6,0.6,0.5,0.2,0.2,0.3,0.2,0.1
2017-05-27 05:29:00+02:00,0.1,0.3,0.1,0.5,2.8,2.1,1.6,0.5,0.1,0.5,0.5,2.2,0.3,0.6,0.2,0.3,0.1,0.6,1.9,2.7,1.3,0.1,2.0,0.1,3.0,0.6,0.6,0.3,2.9,0.5,0.3,1.2,0.1,0.6,0.6,0.6,0.5,0.2,0.2,0.3,0.2,0.1
2017-05-27 05:30:00+02:00,0.1,0.4,0.1,0.5,3.0,2.3,1.8,0.5,0.1,0.5,0.5,2.3,0.3,0.6,0.2,0.4,0.2,0.6,2.1,2.9,1.4,0.1,2.2,0.2,3.1,0.6,0.6,0.3,3.0,0.5,0.3,1.3,0.2,0.6,0.6,0.5,0.5,0.2,0.2,0.3,0.2,0.1
2017-05-27 05:31:00+02:00,0.1,0.4,0.1,0.6,3.1,2.3,1.7,0.6,0.1,0.5,0.6,2.3,0.4,0.7,0.2,0.4,0.2,0.6,2.0,2.9,1.5,0.1,2.2,0.2,3.2,0.6,0.6,0.3,3.1,0.6,0.3,1.3,0.2,0.6,0.5,0.5,0.5,0.2,0.2,0.3,0.2,0.1
2017-05-27 05:32:00+02:00,0.0,0.1,0.1,0.2,0.7,0.6,0.6,0.6,0.1,0.5,0.1,0.6,0.5,0.4,0.2,0.1,0.2,0.4,0.5,0.6,0.6,0.1,0.6,0.1,0.8,0.3,0.4,0.2,0.7,0.6,0.1,0.3,0.2,0.9,0.9,1.0,0.7,0.4,0.2,0.3,0.1,0.1
2017-05-27 05:33:00+02:00,0.1,0.2,0.1,0.2,0.5,0.2,0.4,0.5,0.1,0.6,0.2,0.2,0.5,0.3,0.2,0.1,0.2,0.4,0.3,0.5,0.3,0.1,0.3,0.1,0.8,0.4,0.5,0.2,0.4,0.5,0.1,0.2,0.2,1.0,1.1,1.1,0.8,0.5,0.2,0.4,0.2,0.1
2017-05-27 05:34:00+02:00,0.1,0.2,0.1,0.3,0.8,0.4,0.6,0.5,0.0,0.7,0.3,0.3,0.4,0.2,0.2,0.2,0.2,0.3,0.6,0.9,0.4,0.1,0.5,0.1,1.3,0.5,0.6,0.1,0.7,0.5,0.1,0.4,0.2,1.3,1.3,1.3,1.0,0.6,0.3,0.4,0.2,0.1
2017-05-27 05:35:00+02:00,0.2,0.2,0.1,0.4,1.1,0.6,0.8,0.4,0.1,0.5,0.4,0.5,0.4,0.1,0.2,0.2,0.1,0.2,0.8,1.2,0.5,0.1,0.7,0.3,1.6,0.7,0.7,0.4,1.0,0.4,0.2,0.6,0.2,1.4,1.4,1.5,1.1,0.6,0.3,0.5,0.2,0.1
2017-05-27 05:36:00+02:00,0.0,0.2,0.0,0.4,1.5,0.8,1.0,0.4,0.1,0.8,0.5,0.8,0.4,0.1,0.2,0.1,0.1,0.1,1.0,1.6,0.7,0.1,0.9,0.1,2.1,0.8,0.7,0.2,1.4,0.4,0.2,0.7,0.2,1.6,1.6,1.7,1.3,0.7,0.3,0.6,0.3,0.1
2017-05-27 05:37:00+02:00,0.3,0.2,0.0,0.5,1.9,1.1,1.2,0.2,0.0,1.2,0.6,1.0,0.3,0.1,0.1,0.5,0.1,0.0,1.3,2.0,0.9,0.1,1.2,0.2,2.6,1.0,0.9,0.1,1.8,0.3,0.2,1.0,0.2,1.8,1.8,1.8,1.4,0.7,0.4,0.7,0.3,0.1
2017-05-27 05:38:00+02:00,0.4,0.3,0.0,0.6,2.2,1.3,1.4,0.2,0.0,1.3,0.6,1.3,0.2,0.2,0.1,0.6,0.1,0.1,1.5,2.3,1.0,0.1,1.4,0.3,3.0,1.1,0.9,0.2,2.2,0.3,0.3,1.1,0.2,1.9,1.9,2.0,1.5,0.8,0.4,0.8,0.3,0.1
2017-05-27 05:39:00+02:00,0.4,0.3,0.0,0.6,2.5,1.5,1.6,0.2,0.0,1.4,0.7,1.5,0.2,0.2,0.2,0.6,0.1,0.1,1.7,2.6,1.2,0.1,1.6,0.3,3.3,1.1,1.0,0.2,2.4,0.2,0.3,1.2,0.2,2.1,2.1,2.2,1.7,0.9,0.5,0.8,0.3,0.1
2017-05-27 05:40:00+02:00,0.3,0.2,0.0,0.6,2.5,1.6,1.6,0.3,0.0,1.2,0.7,1.5,0.4,0.2,0.2,0.4,0.1,0.0,1.7,2.6,1.2,0.1,1.6,0.2,3.4,1.1,1.0,0.1,2.5,0.3,0.3,1.2,0.2,2.2,2.3,2.3,1.8,1.0,0.5,0.8,0.4,0.1
2017-05-27 05:41:00+02:00,0.3,0.3,0.0,0.7,2.8,1.7,1.8,0.3,0.0,1.4,0.7,1.7,0.4,0.2,0.2,0.5,0.2,0.1,1.9,2.8,1.3,0.1,1.8,0.2,3.7,1.2,1.1,0.2,2.7,0.3,0.3,1.4,0.2,2.3,2.3,2.4,1.9,1.0,0.5,0.8,0.3,0.1
2017-05-27 05:42:00+02:00,0.4,0.3,0.0,0.7,3.1,2.0,2.0,0.2,0.0,1.5,0.7,1.9,0.3,0.3,0.2,0.5,0.1,0.2,2.2,3.2,1.5,0.1,2.1,0.3,4.1,1.3,1.2,0.2,3.0,0.2,0.3,1.6,0.2,2.5,2.5,2.5,1.9,1.1,0.5,0.9,0.4,0.1
2017-05-27 05:43:00+02:00,0.4,0.4,0.0,0.8,3.4,2.3,2.2,0.1,0.0,1.6,0.8,2.1,0.3,0.4,0.2,0.6,0.1,0.3,2.4,3.5,1.7,0.1,2.3,0.3,4.5,1.4,1.3,0.2,3.4,0.2,0.4,1.7,0.2,2.5,2.5,2.6,2.0,1.1,0.5,0.9,0.3,0.1
2017-05-27 05:44:00+02:00,0.4,0.4,0.0,0.9,3.7,2.4,2.3,0.2,0.0,1.7,0.9,2.3,0.3,0.4,0.2,0.7,0.1,0.3,2.5,3.7,1.7,0.1,2.4,0.3,4.8,1.5,1.4,0.2,3.6,0.2,0.4,1.8,0.2,2.7,2.7,2.8,2.1,1.2,0.6,1.0,0.4,0.1
2017-05-27 05:45:00+02:00,0.5,0.5,0.0,1.0,4.0,2.6,2.5,0.1,0.1,1.9,1.0,2.5,0.3,0.4,0.2,0.7,0.1,0.3,2.8,4.1,1.9,0.1,2.7,0.3,5.3,1.6,1.6,0.2,3.9,0.1,0.5,2.0,0.2,2.9,2.9,3.0,2.3,1.3,0.6,1.1,0.5,0.1
2017-05-27 05:46:00+02:00,0.5,0.5,0.0,1.0,4.3,2.8,2.7,0.1,0.1,2.0,1.0,2.7,0.3,0.5,0.1,0.8,0.1,0.4,2.9,4.3,2.0,0.0,2.8,0.3,5.6,1.7,1.7,0.2,4.2,0.1,0.5,2.1,0.2,3.1,3.1,3.2,2.5,1.3,0.6,1.1,0.5,0.1
2017-05-27 05:47:00+02:00,0.5,0.5,0.0,1.1,4.5,2.9,2.8,0.2,0.1,2.1,1.1,2.8,0.4,0.5,0.2,0.9,0.1,0.3,3.1,4.6,2.1,0.1,3.0,0.4,5.9,1.8,1.8,0.3,4.5,0.2,0.6,2.3,0.2,3.3,3.3,3.4,2.7,1.4,0.7,1.2,0.6,0.1
2017-05-27 05:48:00+02:00,0.6,0.5,0.0,1.1,4.8,3.1,2.9,0.2,0.1,2.2,1.2,2.9,0.4,0.6,0.2,0.9,0.1,0.4,3.2,4.9,2.2,0.1,3.1,0.4,6.3,1.9,1.8,0.3,4.7,0.2,0.6,2.4,0.2,3.5,3.5,3.6,2.8,1.5,0.7,1.4,0.6,0.1
2017-05-27 05:49:00+02:00,0.6,0.6,0.0,1.3,5.2,3.4,3.3,0.2,0.1,2.3,1.3,3.3,0.4,0.7,0.2,0.9,0.1,0.4,3.6,5.3,2.5,0.1,3.5,0.4,6.7,2.0,2.0,0.3,5.2,0.1,0.6,2.7,0.2,3.7,3.7,3.8,3.0,1.5,0.7,1.4,0.7,0.1
2017-05-27 05:50:00+02:00,0.6,0.6,0.0,1.3,5.6,3.7,3.5,0.2,0.1,2.4,1.4,3.6,0.4,0.7,0.2,1.0,0.1,0.5,3.9,5.7,2.7,0.1,3.8,0.5,7.2,2.2,2.1,0.3,5.6,0.1,0.7,2.8,0.2,4.0,3.9,4.0,3.2,1.6,0.8,1.6,0.8,0.1
2017-05-27 05:51:00+02:00,0.6,0.7,0.0,1.4,5.8,3.9,3.7,0.2,0.1,1.5,1.3,3.8,0.4,0.7,0.2,0.1,0.1,0.5,4.0,5.8,2.8,0.1,3.9,0.5,7.4,2.1,2.2,0.7,5.7,0.2,0.6,2.9,0.2,4.1,4.1,4.2,3.3,1.7,0.8,1.6,0.8,0.1
2017-05-27 05:52:00+02:00,0.7,0.7,0.0,1.5,6.2,4.1,3.9,0.3,0.1,2.2,1.4,4.0,0.4,0.8,0.1,0.7,0.1,0.6,4.3,6.2,3.0,0.1,4.2,0.1,7.8,2.3,2.3,0.2,6.0,0.3,0.7,3.1,0.1,4.3,4.3,4.3,3.4,1.7,0.8,1.7,0.8,0.1
2017-05-27 05:53:00+02:00,0.7,0.8,0.0,1.6,6.7,4.4,4.2,0.3,0.1,2.6,1.5,4.3,0.4,0.9,0.1,1.2,0.1,0.7,4.6,6.8,3.3,0.1,4.5,0.6,8.2,2.5,2.4,0.4,6.4,0.3,0.8,3.3,0.1,4.5,4.5,4.5,3.6,1.8,0.9,1.7,0.8,0.1
2017-05-27 05:54:00+02:00,0.7,0.8,0.0,1.7,7.1,4.8,4.5,0.3,0.1,2.9,1.6,4.7,0.4,1.1,0.2,1.3,0.1,0.7,4.9,7.2,3.6,0.1,4.9,0.6,8.8,2.5,2.6,0.4,6.9,0.3,0.7,3.6,0.1,4.7,4.6,4.6,3.7,1.8,0.9,1.8,0.9,0.1
2017-05-27 05:55:00+02:00,0.8,0.9,0.0,1.8,7.5,5.1,4.7,0.3,0.1,3.2,1.6,5.0,0.4,1.1,0.2,1.5,0.1,0.8,5.2,7.6,3.7,0.1,5.1,0.7,9.3,2.6,2.7,0.6,7.3,0.3,0.7,3.8,0.1,4.8,4.8,4.8,3.8,1.9,1.0,1.8,0.9,0.1
2017-05-27 05:56:00+02:00,0.9,0.9,0.0,1.8,7.9,5.4,5.0,0.3,0.2,3.4,1.7,5.3,0.4,1.2,0.2,1.6,0.1,0.9,5.4,8.0,3.9,0.1,5.4,0.8,9.8,2.7,2.8,0.7,7.7,0.3,0.8,4.0,0.1,4.9,4.9,4.9,3.9,2.0,1.0,1.9,0.9,0.1
2017-05-27 05:57:00+02:00,0.9,1.0,0.0,1.9,8.5,5.7,5.3,0.2,0.2,3.6,1.8,5.6,0.3,1.4,0.2,1.7,0.0,1.0,5.8,8.5,4.2,0.1,5.8,0.8,10.4,2.8,2.9,0.8,8.3,0.3,0.9,4.3,0.1,5.1,5.1,5.1,4.0,2.0,1.0,2.0,1.0,0.1
2017-05-27 05:58:00+02:00,0.9,1.0,0.0,2.0,8.9,6.0,5.5,0.2,0.2,3.8,1.9,5.9,0.3,1.5,0.2,1.8,0.0,1.0,6.0,8.9,4.4,0.1,6.0,0.8,10.9,2.9,3.0,0.8,8.7,0.4,0.9,4.5,0.1,5.3,5.3,5.3,4.2,2.1,1.1,2.1,1.0,0.1
2017-05-27 05:59:00+02:00,1.0,1.1,0.0,2.1,9.0,6.1,5.7,0.2,0.2,3.9,1.9,6.0,0.2,1.6,0.2,1.8,0.0,1.1,6.2,9.0,4.6,0.1,6.2,0.9,11.1,3.0,3.1,0.8,8.9,0.4,0.9,4.7,0.1,5.5,5.4,5.4,4.3,2.1,1.1,2.1,1.1,0.0
2017-05-27 06:00:00+02:00,1.0,1.1,0.0,2.1,9.4,6.4,5.9,0.2,0.2,3.6,2.0,6.3,0.2,1.6,0.2,1.5,0.0,1.2,6.5,9.4,4.8,0.1,6.5,0.5,11.6,3.1,3.2,0.4,9.3,0.4,0.9,4.8,0.1,5.7,5.7,5.7,4.5,2.3,1.1,2.2,1.1,0.0
2017-05-27 06:01:00+02:00,1.0,1.2,0.0,2.2,9.6,6.5,6.1,0.2,0.2,3.7,2.1,6.4,0.2,1.6,0.2,1.5,0.0,1.2,6.6,9.6,4.9,0.1,6.6,0.5,11.9,3.2,3.3,0.5,9.5,0.4,1.0,5.0,0.1,5.9,5.8,5.8,4.6,2.3,1.2,2.3,1.2,0.0
2017-05-27 06:02:00+02:00,1.0,1.3,0.0,2.2,10.1,6.8,6.3,0.2,0.2,3.8,2.1,6.7,0.2,1.8,0.2,1.5,0.0,1.3,6.9,10.1,5.1,0.1,6.9,0.5,12.4,3.3,3.4,0.5,10.0,0.4,1.0,5.1,0.2,6.0,6.0,5.9,4.7,2.4,1.2,2.4,1.2,0.0
2017-05-27 06:03:00+02:00,1.1,1.4,0.0,2.4,10.7,7.1,6.6,0.2,0.2,3.9,2.4,7.1,0.2,1.8,0.1,1.6,0.0,1.3,7.2,10.6,5.3,0.0,7.2,0.6,13.1,3.6,3.6,0.5,10.6,0.4,1.1,5.4,0.3,6.2,6.2,6.2,4.9,2.5,1.3,2.5,1.3,0.1
2017-05-27 06:04:00+02:00,1.1,1.4,0.0,2.5,11.0,7.3,6.7,0.3,0.3,4.1,2.5,7.2,0.2,1.8,0.1,1.7,0.0,1.3,7.4,11.0,5.5,0.0,7.4,0.7,13.4,3.8,3.7,0.6,10.9,0.5,1.2,5.5,0.3,6.4,6.3,6.3,5.0,2.5,1.3,2.5,1.3,0.1
2017-05-27 06:05:00+02:00,1.2,1.4,0.0,2.5,11.2,7.4,6.9,0.3,0.2,4.2,2.5,7.3,0.2,1.9,0.1,1.7,0.0,1.4,7.5,11.2,5.6,0.0,7.6,0.7,13.7,3.9,3.8,0.6,11.1,0.5,1.2,5.7,0.2,6.6,6.5,6.5,5.2,2.6,1.3,2.6,1.3,0.0
2017-05-27 06:06:00+02:00,1.2,1.5,0.0,2.5,11.5,7.7,7.1,0.3,0.2,4.3,2.6,7.6,0.2,2.0,0.1,1.8,0.0,1.4,7.8,11.4,5.8,0.0,7.8,0.8,14.1,3.9,3.9,0.6,11.3,0.5,1.3,5.8,0.2,6.7,6.7,6.7,5.3,2.7,1.3,2.7,1.4,0.1
2017-05-27 06:07:00+02:00,1.2,1.5,0.0,2.6,11.8,7.9,7.2,0.3,0.2,4.4,2.7,7.8,0.2,2.1,0.1,1.8,0.0,1.5,7.9,11.8,5.9,0.0,8.0,0.8,14.5,4.0,3.9,0.6,11.7,0.6,1.3,6.0,0.2,6.9,6.9,6.9,5.5,2.7,1.4,2.8,1.4,0.1
2017-05-27 06:08:00+02:00,1.3,1.5,0.0,2.6,12.1,8.2,7.5,0.3,0.2,4.5,2.8,8.0,0.2,2.1,0.0,1.9,0.0,1.5,8.2,12.1,6.1,0.0,8.3,0.8,15.0,4.1,4.0,0.7,12.1,0.6,1.4,6.2,0.3,7.2,7.1,7.1,5.6,2.8,1.4,2.9,1.5,0.1
2017-05-27 06:09:00+02:00,1.3,1.6,0.0,2.7,11.8,8.5,7.7,0.3,0.3,4.7,2.8,7.5,0.2,2.2,0.0,2.0,0.0,1.6,8.5,11.8,6.3,0.0,8.6,0.9,14.7,4.2,4.2,0.7,11.8,0.6,1.4,6.4,0.3,7.2,7.2,7.2,5.7,2.8,1.4,2.9,1.4,0.1
2017-05-27 06:10:00+02:00,1.3,1.7,0.0,2.8,9.6,8.6,8.0,0.4,0.3,4.9,3.0,5.2,0.2,2.3,0.1,2.1,0.0,1.7,8.8,9.6,6.6,0.1,8.7,0.9,12.7,4.4,4.3,0.8,9.6,0.7,1.5,6.6,0.3,7.4,7.3,7.3,5.8,2.8,1.4,3.0,1.4,0.1
2017-05-27 06:11:00+02:00,1.4,1.8,0.1,2.9,10.2,9.0,8.3,0.4,0.3,5.1,3.1,5.6,0.2,2.5,0.1,2.2,0.0,1.8,9.2,10.1,6.9,0.1,9.1,1.0,13.3,4.6,4.5,0.9,10.2,0.8,1.6,6.9,0.4,7.6,7.6,7.6,6.0,2.9,1.5,3.1,1.5,0.1
2017-05-27 06:12:00+02:00,1.4,1.9,0.1,3.0,11.2,9.4,8.7,0.5,0.4,5.2,3.2,6.5,0.2,2.6,0.1,2.3,0.0,1.9,9.6,11.2,7.2,0.1,9.5,1.0,14.3,4.7,4.6,1.0,11.1,0.9,1.6,7.2,0.4,7.9,7.8,7.8,6.2,3.0,1.5,3.2,1.6,0.1
2017-05-27 06:13:00+02:00,1.5,2.0,0.1,3.1,12.7,9.7,8.9,0.5,0.4,5.3,3.3,7.8,0.3,2.7,0.1,2.4,0.1,2.0,9.8,12.7,7.3,0.1,9.9,1.0,15.9,4.9,4.7,1.0,12.6,0.9,1.7,7.4,0.4,8.1,8.0,8.0,6.4,3.1,1.6,3.3,1.6,0.2
2017-05-27 06:14:00+02:00,1.5,2.0,0.1,3.3,12.6,9.9,9.3,0.6,0.4,5.5,3.1,7.9,0.2,2.9,0.1,2.4,0.1,2.1,10.2,12.6,7.7,0.1,10.4,1.1,15.9,4.7,4.9,1.1,12.5,1.0,1.7,7.7,0.5,8.3,8.3,8.3,6.6,3.2,1.6,3.4,1.7,0.2
2017-05-27 06:15:00+02:00,1.5,2.1,0.1,3.3,13.0,10.4,9.5,0.6,0.4,6.0,3.2,8.2,0.2,2.9,0.1,2.8,0.1,2.2,10.5,13.0,7.9,0.1,10.7,1.4,16.4,4.8,5.0,1.4,12.9,1.1,1.7,8.0,0.5,8.5,8.5,8.5,6.7,3.3,1.7,3.4,1.7,0.2
2017-05-27 06:16:00+02:00,1.6,2.2,0.1,3.4,14.2,10.6,9.7,0.5,0.4,6.0,3.1,9.4,0.2,2.9,0.1,2.7,0.1,2.2,10.6,14.2,8.0,0.1,10.8,1.5,17.6,4.8,5.1,1.3,14.1,1.0,1.8,8.1,0.5,8.7,8.6,8.6,6.9,3.4,1.7,3.5,1.8,0.2
2017-05-27 06:17:00+02:00,1.6,2.2,0.1,3.5,14.2,11.0,10.0,0.6,0.4,6.1,3.3,9.1,0.3,3.0,0.1,2.8,0.1,2.3,11.0,14.2,8.3,0.1,11.2,1.5,17.6,5.1,5.3,1.3,14.1,1.1,1.8,8.3,0.5,8.8,8.8,8.8,7.0,3.5,1.7,3.6,1.8,0.2
2017-05-27 06:18:00+02:00,1.6,2.3,0.1,3.7,14.7,11.4,10.3,0.6,0.5,6.3,3.5,9.4,0.3,3.2,0.0,2.8,0.1,2.4,11.3,14.7,8.6,0.0,11.5,1.5,18.3,5.3,5.5,1.4,14.6,1.1,1.7,8.6,0.6,9.0,9.0,9.0,7.2,3.5,1.8,3.7,1.9,0.2
2017-05-27 06:19:00+02:00,1.6,2.4,0.1,3.7,15.1,11.7,10.6,0.7,0.5,6.3,3.6,9.7,0.3,3.3,0.0,2.9,0.1,2.5,11.6,15.1,8.8,0.1,11.8,1.5,18.6,5.4,5.6,1.4,15.0,1.2,1.8,8.9,0.7,9.3,9.2,9.2,7.4,3.6,1.8,3.8,2.0,0.2
2017-05-27 06:20:00+02:00,1.7,2.4,0.1,3.8,15.3,11.7,10.6,0.4,0.4,6.4,3.6,9.7,0.3,3.1,0.0,3.0,0.0,2.3,11.7,15.3,8.8,0.1,11.9,1.6,18.5,5.5,5.7,1.4,15.3,1.0,1.8,8.8,0.6,9.5,9.4,9.4,7.6,3.7,1.9,3.9,2.0,0.3
2017-05-27 06:21:00+02:00,1.7,2.4,0.1,4.0,15.7,12.1,11.0,0.4,0.4,6.5,3.7,10.1,0.3,3.2,0.0,3.0,0.1,2.3,12.1,15.8,9.1,0.1,12.3,1.6,19.1,5.6,5.9,1.4,15.7,1.0,1.9,9.1,0.6,9.7,9.6,9.6,7.7,3.7,1.9,4.0,2.1,0.3
2017-05-27 06:22:00+02:00,1.7,2.6,0.1,4.1,16.1,12.5,11.3,0.4,0.5,6.5,3.7,10.5,0.3,3.3,0.0,3.0,0.1,2.4,12.4,16.2,9.4,0.1,12.6,1.6,19.6,5.7,6.1,1.5,16.1,1.0,1.9,9.4,0.7,9.8,9.8,9.8,7.9,3.8,1.9,4.1,2.1,0.3
2017-05-27 06:23:00+02:00,1.7,2.6,0.1,4.2,16.3,12.5,11.4,0.5,0.5,6.8,3.8,10.6,0.3,3.3,0.0,3.0,0.1,2.4,12.6,16.4,9.5,0.1,12.7,1.6,19.8,5.8,6.2,1.4,16.3,1.1,1.9,9.5,0.7,10.0,10.0,10.0,8.1,3.9,2.0,4.2,2.2,0.3
2017-05-27 06:24:00+02:00,1.7,2.7,0.1,4.3,17.5,12.7,11.6,0.3,0.6,6.9,3.9,11.6,0.3,3.2,0.0,3.1,0.1,2.3,12.7,17.5,9.5,0.1,12.9,1.6,21.0,6.0,6.3,1.5,17.4,0.9,2.0,9.6,0.8,9.8,9.8,9.8,7.8,3.8,2.0,4.0,2.0,0.3
2017-05-27 06:25:00+02:00,1.8,2.8,0.1,4.4,19.2,13.0,11.9,0.4,0.6,7.0,4.1,13.0,0.3,3.4,0.1,3.2,0.1,2.5,13.1,19.2,9.8,0.2,13.3,1.6,22.8,6.2,6.5,1.5,19.1,1.1,2.2,9.9,0.9,9.8,9.8,9.8,7.8,3.8,2.1,4.0,1.9,0.3
2017-05-27 06:26:00+02:00,1.8,2.8,0.1,4.5,19.6,13.3,12.1,0.5,0.6,7.1,4.2,13.3,0.4,3.5,0.1,3.3,0.1,2.5,13.3,19.6,10.0,0.2,13.5,1.7,23.3,6.3,6.6,1.6,19.5,1.1,2.2,10.1,0.9,9.7,9.7,9.7,7.6,3.6,2.1,4.0,2.0,0.3
2017-05-27 06:27:00+02:00,1.8,2.9,0.2,4.6,18.1,13.9,12.6,0.7,0.7,7.2,4.3,11.7,0.3,3.8,0.2,3.3,0.1,2.8,13.8,18.1,10.5,0.2,14.0,1.7,21.9,6.5,6.7,1.6,18.0,1.4,2.3,10.5,0.9,10.0,10.0,9.9,7.8,3.9,2.1,3.9,1.8,0.2
2017-05-27 06:28:00+02:00,1.8,3.0,0.2,4.7,18.3,14.3,12.9,0.8,0.7,7.2,4.4,11.9,0.3,4.0,0.2,3.3,0.0,2.9,14.2,18.4,10.8,0.2,14.4,1.7,22.2,6.6,6.8,1.6,18.3,1.5,2.4,10.8,1.0,10.2,10.2,10.2,8.1,4.1,2.2,4.0,1.8,0.2
2017-05-27 06:29:00+02:00,1.9,3.1,0.2,4.8,18.5,14.4,12.8,0.5,0.7,7.5,4.5,12.0,0.7,3.7,0.2,3.4,0.0,2.7,14.1,18.6,10.7,0.2,14.4,1.8,22.5,6.7,7.0,1.6,18.5,1.2,2.4,10.7,1.0,10.9,10.9,10.9,8.7,4.2,2.2,4.5,2.4,0.2
2017-05-27 06:30:00+02:00,1.9,3.1,0.2,4.9,18.9,14.6,13.0,0.5,0.7,7.7,4.6,12.2,0.8,3.7,0.2,3.5,0.0,2.6,14.3,18.9,10.8,0.2,14.6,1.9,23.0,6.8,7.1,1.7,18.9,1.1,2.5,10.8,1.1,11.1,11.1,11.1,8.9,4.2,2.2,4.6,2.4,0.2
2017-05-27 06:31:00+02:00,1.9,3.2,0.2,4.9,19.4,15.0,13.2,0.5,0.7,7.9,4.6,12.6,0.8,3.8,0.2,3.6,0.0,2.7,14.7,19.4,11.0,0.2,15.0,1.9,23.6,6.9,7.2,1.8,19.4,1.1,2.5,10.9,1.1,11.4,11.4,11.3,9.0,4.3,2.3,4.7,2.5,0.3
2017-05-27 06:32:00+02:00,2.0,3.3,0.2,4.8,19.4,14.8,13.1,0.6,0.8,8.0,4.7,12.5,0.9,3.8,0.2,3.6,0.0,2.7,14.6,19.4,10.8,0.2,14.9,2.0,23.6,7.0,7.0,1.8,19.3,1.2,2.6,10.8,1.1,11.6,11.6,11.5,9.2,4.4,2.3,4.8,2.6,0.3
2017-05-27 06:33:00+02:00,2.0,3.4,0.2,4.9,19.7,15.1,13.4,0.6,0.8,8.1,4.7,12.8,0.9,3.9,0.2,3.7,0.0,2.7,14.9,19.8,11.0,0.3,15.2,2.0,24.0,7.1,7.2,1.9,19.7,1.2,2.6,11.0,1.2,11.5,11.5,11.4,9.1,4.5,2.3,4.6,2.3,0.4
2017-05-27 06:34:00+02:00,2.0,3.4,0.2,5.0,20.1,15.4,13.6,0.6,0.8,8.1,4.8,13.1,0.8,4.0,0.2,3.7,0.0,2.8,15.1,20.1,11.2,0.2,15.4,2.0,24.6,7.1,7.3,1.8,20.1,1.2,2.6,11.2,1.2,11.0,11.0,10.9,8.6,4.7,2.4,3.9,1.5,0.5
2017-05-27 06:35:00+02:00,2.0,3.5,0.2,5.1,20.7,15.8,14.0,0.6,0.8,8.2,4.8,13.5,0.7,4.1,0.2,3.7,0.0,2.9,15.5,20.7,11.6,0.2,15.9,2.0,25.5,7.2,7.5,1.9,20.7,1.3,2.6,11.6,1.3,11.0,11.0,11.0,8.6,4.7,2.4,3.9,1.4,0.3
2017-05-27 06:36:00+02:00,2.1,3.6,0.2,5.2,21.7,16.6,14.7,1.0,0.9,8.3,4.9,14.4,0.2,4.7,0.3,3.8,0.0,3.4,16.3,21.7,12.3,0.3,16.7,2.1,26.6,7.4,7.6,1.9,21.7,1.8,2.7,12.3,1.3,12.1,12.1,12.1,9.7,4.7,2.5,5.0,2.5,0.4
2017-05-27 06:37:00+02:00,2.1,3.7,0.2,5.3,22.2,17.0,15.0,1.0,0.9,8.4,5.0,14.7,0.2,4.8,0.3,3.9,0.0,3.6,16.6,22.2,12.5,0.3,17.1,2.1,27.0,7.5,7.7,1.9,22.0,1.9,2.7,12.5,1.4,12.5,12.5,12.5,10.1,4.7,2.4,5.4,2.9,0.5
2017-05-27 06:38:00+02:00,2.1,3.7,0.3,5.3,21.9,16.6,15.1,1.0,0.9,8.4,5.0,14.3,0.2,4.9,0.3,4.0,0.0,3.6,16.3,21.9,12.7,0.3,16.7,2.1,26.6,7.6,7.7,2.0,21.6,2.0,2.8,12.7,1.4,12.5,12.5,12.5,10.0,4.6,2.2,5.5,2.9,0.5
2017-05-27 06:39:00+02:00,2.1,3.8,0.3,5.4,22.6,16.2,15.3,1.1,0.9,8.5,5.1,14.9,0.1,5.0,0.3,4.0,0.0,3.7,15.7,22.6,12.8,0.3,16.2,2.1,27.3,7.7,7.9,2.0,22.3,2.0,2.8,12.8,1.4,11.6,11.6,11.5,9.1,3.5,2.5,5.6,3.0,0.5
2017-05-27 06:40:00+02:00,2.1,3.8,0.3,5.5,25.1,17.2,15.6,1.1,0.9,8.3,5.1,17.3,0.1,5.1,0.3,3.8,0.0,3.8,16.9,25.1,13.1,0.4,17.3,2.1,29.9,7.8,8.0,1.7,24.8,2.0,2.9,13.1,1.5,11.6,11.5,11.5,9.0,3.4,2.5,5.6,3.1,0.5
2017-05-27 06:41:00+02:00,2.1,3.9,0.3,5.6,25.7,17.7,15.8,1.2,0.9,8.5,5.1,17.9,0.1,5.2,0.3,4.0,0.0,3.9,17.3,25.6,13.3,0.3,17.8,2.1,30.5,7.8,8.1,1.9,25.4,2.1,2.8,13.3,1.5,11.8,11.7,11.7,9.2,3.5,2.6,5.6,3.1,0.6
2017-05-27 06:42:00+02:00,2.1,4.0,0.3,5.7,26.5,18.5,16.1,1.2,1.0,8.4,5.2,18.6,0.1,5.3,0.3,3.7,0.0,3.9,17.9,26.4,13.5,0.4,18.5,2.1,31.4,7.8,8.2,1.6,26.2,2.2,2.9,13.5,1.5,11.1,11.0,11.0,8.4,2.8,2.6,5.6,3.0,0.6
2017-05-27 06:43:00+02:00,2.1,4.0,0.4,5.8,26.9,18.8,16.4,1.3,1.0,8.9,5.2,18.9,0.0,5.4,0.3,4.1,0.1,4.1,18.2,26.8,13.8,0.3,18.8,2.1,31.9,7.9,8.3,1.9,26.6,2.3,2.9,13.7,1.6,11.5,11.4,11.3,8.8,3.0,2.6,5.8,3.2,0.6
2017-05-27 06:44:00+02:00,2.1,4.1,0.4,5.9,27.0,18.8,16.3,1.0,1.0,8.7,5.3,18.9,0.3,5.2,0.3,3.8,0.1,3.8,18.1,26.9,13.7,0.3,18.8,2.1,32.0,7.9,8.4,1.7,26.7,2.0,2.9,13.7,1.7,12.4,12.3,12.3,9.6,3.9,2.6,5.8,3.2,0.6
2017-05-27 06:45:00+02:00,2.2,4.2,0.4,6.0,27.4,19.1,16.6,1.0,1.1,8.9,5.3,19.3,0.3,5.3,0.4,3.9,0.1,3.9,18.4,27.3,13.9,0.4,19.1,2.1,32.4,8.0,8.6,1.8,27.1,2.0,2.9,13.9,1.7,12.6,12.5,12.5,9.8,4.0,2.6,5.9,3.2,0.6
2017-05-27 06:46:00+02:00,2.2,4.3,0.4,6.1,27.6,19.2,16.9,1.1,1.1,8.9,5.4,19.4,0.3,5.5,0.4,3.9,0.1,4.1,18.5,27.5,14.2,0.4,19.2,2.0,32.7,8.1,8.7,1.7,27.4,2.2,3.0,14.2,1.8,12.7,12.7,12.6,9.9,4.0,2.7,5.9,3.3,0.7
2017-05-27 06:47:00+02:00,2.2,4.3,0.4,6.2,28.0,19.4,17.0,1.1,1.1,9.0,5.5,19.7,0.3,5.5,0.4,3.9,0.0,4.1,18.7,27.8,14.3,0.4,19.4,2.1,33.1,8.2,8.7,1.7,27.7,2.2,3.0,14.3,1.8,12.7,12.6,12.5,9.9,3.9,2.7,6.0,3.3,0.7
2017-05-27 06:48:00+02:00,2.2,4.3,0.4,6.2,28.4,19.7,17.2,1.1,1.1,9.1,5.6,20.0,0.3,5.7,0.5,4.0,0.0,4.2,19.0,28.3,14.5,0.5,19.7,2.1,33.6,8.3,8.8,1.8,28.2,2.3,3.1,14.5,1.8,12.9,12.8,12.8,10.1,4.0,2.7,6.1,3.3,0.7
2017-05-27 06:49:00+02:00,2.3,4.4,0.5,6.2,28.7,19.9,17.4,1.2,1.2,9.3,5.6,20.1,0.3,5.8,0.4,4.1,0.0,4.3,19.1,28.6,14.7,0.5,19.9,2.2,33.9,8.4,8.8,1.9,28.5,2.3,3.1,14.6,1.8,13.7,13.6,13.6,10.9,4.7,2.7,6.1,3.4,0.7
2017-05-27 06:50:00+02:00,2.2,4.4,0.5,6.3,29.0,20.0,17.4,1.2,1.2,9.4,5.7,20.3,0.3,5.9,0.5,4.3,0.0,4.4,19.2,28.8,14.8,0.5,20.0,2.2,34.2,8.5,8.8,2.0,28.8,2.4,3.2,14.7,1.9,14.2,14.1,14.1,11.4,5.1,2.8,6.2,3.4,0.7
2017-05-27 06:51:00+02:00,2.2,4.5,0.5,6.3,29.1,20.2,17.5,1.2,1.2,9.1,5.7,20.4,0.3,5.9,0.5,3.9,0.0,4.4,19.3,29.0,14.8,0.5,20.1,2.2,34.4,8.5,8.9,1.7,29.0,2.4,3.2,14.8,1.9,14.4,14.3,14.2,11.5,5.2,2.8,6.3,3.5,0.8
2017-05-27 06:52:00+02:00,2.2,4.5,0.5,6.5,29.4,20.3,17.7,1.3,1.2,9.1,5.8,20.6,0.3,5.9,0.5,3.9,0.0,4.3,19.4,29.2,15.0,0.5,20.2,2.2,34.8,8.6,9.1,1.6,29.3,2.3,3.3,14.9,2.0,14.5,14.4,14.3,11.6,5.2,2.8,6.4,3.5,0.8
2017-05-27 06:53:00+02:00,2.3,4.6,0.5,6.6,29.6,20.3,17.6,1.0,1.3,9.4,5.9,20.7,0.6,5.7,0.5,4.2,0.0,4.1,19.5,29.4,14.9,0.5,20.3,2.2,35.2,8.7,9.2,1.9,29.7,2.1,3.3,14.8,2.0,14.6,14.5,14.4,11.7,5.2,2.8,6.4,3.6,0.8
2017-05-27 06:54:00+02:00,2.3,4.7,0.5,6.7,30.3,21.1,18.3,1.4,1.3,9.0,5.9,21.4,0.2,6.1,0.5,3.8,0.0,4.5,20.1,30.2,15.5,0.5,20.9,2.2,36.0,8.7,9.3,1.4,30.4,2.5,3.3,15.5,2.1,13.4,13.4,13.3,10.5,4.1,2.8,6.4,3.5,0.8
2017-05-27 06:55:00+02:00,2.1,4.8,0.6,6.8,30.9,21.6,18.7,1.5,1.3,9.4,6.0,21.9,0.1,6.3,0.5,4.1,0.0,4.8,20.6,30.7,15.9,0.6,21.5,2.1,36.6,8.9,9.5,1.7,31.0,2.7,3.3,15.8,2.1,13.5,13.4,13.4,10.6,4.2,2.8,6.4,3.5,0.9
2017-05-27 06:56:00+02:00,2.1,4.8,0.6,6.8,31.5,22.0,19.0,1.5,1.3,9.6,6.0,22.3,0.1,6.5,0.6,4.3,0.1,4.9,20.9,31.3,16.2,0.6,21.8,2.1,37.3,9.0,9.6,1.9,31.6,2.8,3.4,16.1,2.2,13.7,13.6,13.8,10.9,4.4,2.8,6.6,3.6,0.9
2017-05-27 06:57:00+02:00,2.1,4.9,0.6,6.9,31.5,22.3,19.1,1.5,1.4,9.7,6.0,22.5,0.1,6.5,0.6,4.3,0.1,4.9,21.1,31.5,16.3,0.6,22.0,2.1,37.3,9.0,9.7,1.9,31.6,2.8,3.4,16.2,2.2,13.9,13.8,13.9,11.0,4.4,2.9,6.6,3.7,0.9
2017-05-27 06:58:00+02:00,2.1,4.9,0.6,7.0,31.7,22.5,19.3,1.5,1.4,9.8,6.2,22.8,0.1,6.6,0.5,4.4,0.1,4.9,21.4,31.9,16.5,0.6,22.3,2.1,37.6,9.1,9.8,1.9,31.9,2.8,3.4,16.4,2.3,13.8,13.7,13.8,11.0,4.3,2.9,6.7,3.7,0.9
2017-05-27 06:59:00+02:00,2.1,5.0,0.6,7.1,32.0,22.7,19.6,1.6,1.4,9.8,6.3,23.0,0.1,6.8,0.6,4.4,0.1,5.1,21.7,32.2,16.7,0.7,22.6,2.1,38.0,9.2,9.9,2.0,32.2,3.0,3.5,16.7,2.3,13.8,13.7,13.9,11.0,4.2,2.9,6.7,3.8,0.9
2017-05-27 07:00:00+02:00,2.2,5.1,0.7,7.1,32.7,23.0,19.8,1.7,1.4,9.9,6.4,23.3,0.2,6.9,0.7,4.6,0.1,5.2,21.9,32.6,16.9,0.7,22.9,2.2,38.7,9.3,10.0,2.1,32.9,3.0,3.6,16.9,2.4,13.9,13.8,13.9,11.0,4.2,2.9,6.8,3.8,1.0
2017-05-27 07:01:00+02:00,2.2,5.2,0.7,7.2,32.8,23.2,20.0,1.7,1.4,10.0,6.5,23.5,0.2,7.1,0.8,4.6,0.1,5.4,22.1,33.0,17.1,0.7,23.1,2.2,38.8,9.5,10.0,2.1,33.0,3.1,3.7,17.1,2.4,14.4,14.3,14.2,11.3,4.5,2.9,6.8,3.8,1.0
2017-05-27 07:02:00+02:00,2.0,5.2,0.7,7.3,33.0,23.1,19.9,1.8,1.4,9.8,6.5,23.5,0.2,7.1,0.8,4.4,0.1,5.4,22.0,32.9,17.0,0.7,23.0,2.0,39.1,9.5,9.8,1.9,33.2,3.2,3.7,17.0,2.5,14.3,14.3,14.2,11.3,4.4,2.9,6.9,3.9,1.0
2017-05-27 07:03:00+02:00,2.1,4.4,0.7,6.5,32.2,22.4,19.3,1.9,1.5,9.9,6.5,22.8,0.2,7.3,0.7,4.6,0.1,5.5,21.4,32.3,16.4,0.7,22.4,2.2,38.3,9.5,9.1,2.1,32.4,3.2,3.7,16.4,1.7,14.8,14.7,14.7,11.8,4.8,2.9,7.0,3.9,1.0
2017-05-27 07:04:00+02:00,2.3,4.4,0.7,6.5,32.2,22.3,19.1,1.7,1.5,10.1,6.4,22.7,0.3,7.2,0.7,4.8,0.3,5.4,21.2,32.2,16.2,0.7,22.2,2.4,38.2,9.5,9.0,2.2,32.4,3.1,3.7,16.2,1.6,15.5,15.4,15.4,12.4,5.4,2.9,7.0,4.0,1.1
2017-05-27 07:05:00+02:00,2.2,4.5,0.7,6.6,33.0,22.7,19.4,1.8,1.5,10.1,6.5,23.1,0.3,7.4,0.8,4.7,0.3,5.6,21.6,32.7,16.6,0.7,22.6,2.3,38.8,9.6,9.2,2.2,33.2,3.2,3.7,16.5,1.7,15.0,15.0,14.9,11.9,4.9,2.9,7.0,4.0,1.1
2017-05-27 07:06:00+02:00,2.3,4.6,0.8,6.9,33.1,22.9,19.6,1.8,1.5,10.2,6.6,23.4,0.3,7.2,0.8,4.8,0.3,5.7,21.8,33.1,16.8,0.7,22.9,2.4,39.0,9.7,9.5,2.2,33.4,3.3,3.8,16.7,1.8,15.2,15.2,15.1,12.1,5.0,2.9,7.1,4.0,1.1
2017-05-27 07:07:00+02:00,2.3,4.8,0.8,7.2,33.6,23.1,19.7,1.9,1.6,10.3,6.7,23.6,0.3,7.0,0.8,4.8,0.3,5.7,21.9,33.3,16.9,0.8,23.0,2.4,39.4,9.8,9.8,2.2,33.7,3.4,3.8,16.8,2.0,15.3,15.3,15.3,12.2,5.1,3.0,7.2,4.1,1.1
2017-05-27 07:08:00+02:00,2.3,5.3,0.8,7.7,34.2,23.9,20.6,1.9,1.6,10.4,6.8,24.5,0.3,7.2,0.8,4.9,0.3,5.9,22.7,34.4,17.7,0.8,23.8,2.4,39.1,9.9,10.5,2.3,33.4,3.4,3.9,17.7,2.4,15.5,15.5,15.5,12.4,5.2,3.0,7.2,4.1,1.1
2017-05-27 07:09:00+02:00,2.3,5.3,0.8,7.7,34.7,24.2,20.7,1.9,1.6,10.5,6.8,24.7,0.4,7.2,0.8,5.0,0.3,5.9,22.9,34.7,17.8,0.8,24.0,2.5,39.7,10.0,10.5,2.3,33.9,3.5,3.9,17.7,2.5,15.8,15.9,15.9,12.8,5.4,2.9,7.4,4.2,1.2
2017-05-27 07:10:00+02:00,2.4,5.4,0.9,7.8,35.1,24.5,20.9,2.0,1.6,10.6,6.9,24.8,0.4,7.3,0.9,5.0,0.3,6.0,23.1,34.9,18.0,0.8,24.3,2.5,40.2,10.0,10.6,2.3,34.5,3.6,4.0,17.9,2.5,15.8,15.9,15.9,12.8,5.4,2.9,7.4,4.3,1.2
2017-05-27 07:11:00+02:00,2.4,5.5,0.9,7.9,35.5,25.0,21.3,2.1,1.6,10.7,7.0,25.4,0.4,7.5,0.9,5.1,0.3,6.2,23.6,35.5,18.4,0.9,24.7,2.5,40.7,10.1,10.8,2.4,34.9,3.8,4.0,18.3,2.6,15.9,16.0,16.0,12.9,5.4,2.9,7.5,4.3,1.2
2017-05-27 07:12:00+02:00,2.4,5.5,0.9,8.0,36.5,25.4,21.6,2.4,1.7,10.9,7.1,25.9,0.4,7.7,1.0,5.2,0.1,6.5,23.9,36.2,18.7,0.9,25.1,2.6,41.8,10.3,10.9,2.4,36.0,4.0,4.1,18.6,2.7,16.1,16.1,16.1,13.0,5.5,3.0,7.5,4.4,1.2
2017-05-27 07:13:00+02:00,2.4,5.6,0.9,8.1,36.7,25.3,21.5,2.6,1.7,11.0,7.2,25.9,0.6,7.5,1.0,5.2,0.1,6.8,23.8,36.3,18.5,1.0,25.0,2.6,42.3,10.4,11.0,2.4,36.4,4.3,4.2,18.4,2.7,16.2,16.3,16.2,13.2,5.6,3.0,7.6,4.4,1.3
2017-05-27 07:14:00+02:00,2.5,5.6,0.9,8.1,36.8,25.2,21.8,2.5,1.7,11.1,7.2,25.9,0.4,7.7,1.0,5.2,0.1,6.7,24.1,36.3,18.8,1.0,25.4,2.6,42.6,10.5,11.1,2.4,36.7,4.2,4.2,18.7,2.7,16.3,16.3,16.3,13.2,5.6,3.0,7.6,4.4,1.3
2017-05-27 07:15:00+02:00,2.5,5.6,1.0,8.2,37.2,25.6,22.0,2.5,1.7,11.1,7.3,26.2,0.4,7.9,1.0,5.1,0.2,6.8,24.4,36.7,19.0,1.0,25.7,2.4,42.9,10.5,11.2,2.3,36.9,4.3,4.2,19.1,2.7,16.4,16.4,16.4,13.3,5.6,3.0,7.7,4.5,1.3
2017-05-27 07:16:00+02:00,2.5,5.7,1.0,8.3,37.5,25.8,22.1,2.6,1.7,11.1,7.3,26.4,0.4,8.0,1.1,5.1,0.2,6.9,24.5,37.0,19.1,1.0,25.9,2.5,43.0,10.6,11.2,2.3,37.4,4.3,4.2,19.1,2.8,16.4,16.4,16.5,13.3,5.6,3.0,7.7,4.5,1.3
2017-05-27 07:17:00+02:00,2.4,5.8,1.0,8.4,37.6,25.8,22.2,2.6,1.7,11.0,7.3,26.5,0.4,8.1,1.1,5.0,0.2,6.9,24.6,37.1,19.1,1.1,26.0,2.3,43.3,10.6,11.0,2.1,37.6,4.3,4.2,19.2,2.8,16.7,16.7,16.7,13.5,5.7,3.0,7.8,4.6,1.3
2017-05-27 07:18:00+02:00,2.5,4.5,1.0,7.1,36.8,24.9,21.1,2.5,1.8,11.2,7.4,25.6,0.5,8.2,1.1,5.1,0.2,6.9,23.6,36.3,18.1,1.1,25.0,2.4,42.9,10.7,10.0,2.2,36.9,4.3,4.3,18.2,1.5,16.8,16.8,16.8,13.6,5.7,3.1,7.9,4.6,1.4
2017-05-27 07:19:00+02:00,2.5,4.1,1.1,6.8,36.4,24.4,20.6,2.1,1.8,11.2,7.4,25.1,0.6,7.9,1.1,5.1,0.2,6.6,23.1,35.8,17.5,1.0,24.5,2.4,42.8,10.7,9.7,2.3,36.7,4.0,4.3,17.6,1.2,16.9,17.0,16.9,13.7,5.8,3.1,7.9,4.6,1.4
2017-05-27 07:20:00+02:00,2.5,4.4,1.1,7.0,36.8,24.8,21.0,2.1,1.8,11.3,7.4,25.5,0.5,8.0,1.2,5.2,0.2,6.7,23.5,36.2,17.8,1.1,24.9,2.5,43.3,10.7,9.9,2.3,37.0,4.0,4.4,17.9,1.4,17.0,17.0,17.0,13.7,5.8,3.1,8.0,4.7,1.4
2017-05-27 07:21:00+02:00,2.5,4.2,1.1,7.1,37.5,25.5,21.7,2.7,1.8,11.4,7.6,26.3,0.5,8.5,1.2,5.2,0.2,7.2,24.2,37.0,18.5,1.1,25.6,2.5,44.2,10.7,10.0,2.3,37.9,4.5,4.5,18.6,1.3,16.9,16.9,17.1,13.8,5.8,3.1,8.0,4.7,1.4
2017-05-27 07:22:00+02:00,2.5,4.3,1.1,7.2,37.8,25.7,21.8,2.7,1.8,11.4,7.7,26.4,0.5,8.6,1.3,5.3,0.2,7.3,24.3,37.2,18.6,1.2,25.7,2.5,44.5,10.8,10.1,2.4,38.1,4.6,4.5,18.6,1.4,17.0,17.0,17.1,13.9,5.8,3.1,8.1,4.8,1.5
2017-05-27 07:23:00+02:00,2.6,3.8,1.1,6.6,37.7,25.6,21.6,2.9,1.8,11.3,7.6,26.4,0.7,8.7,1.3,5.3,0.2,7.4,24.2,37.1,18.4,1.2,25.6,2.6,44.4,10.7,9.7,2.4,38.0,4.7,4.4,18.4,0.8,17.1,17.1,17.2,14.0,5.8,3.1,8.1,4.8,1.5
2017-05-27 07:24:00+02:00,2.6,3.2,1.1,6.1,37.5,25.1,21.2,2.9,1.9,11.3,7.7,26.0,0.7,8.8,1.4,5.4,0.2,7.5,23.7,36.9,17.9,1.2,25.1,2.6,44.1,10.8,9.1,2.4,37.8,4.7,4.5,17.9,0.4,16.9,17.0,17.1,13.9,5.7,2.8,8.2,4.8,1.5
2017-05-27 07:25:00+02:00,2.6,3.6,1.2,6.5,38.3,25.7,21.6,2.8,1.9,11.6,7.8,26.7,0.7,8.8,1.4,5.5,0.3,7.4,24.1,37.6,18.3,1.3,25.6,2.6,45.0,10.9,9.5,2.5,38.6,4.6,4.6,18.3,0.6,17.1,17.1,17.3,14.0,5.8,2.9,8.2,4.9,1.5
2017-05-27 07:26:00+02:00,2.6,3.5,1.2,6.4,39.7,26.9,22.7,2.9,1.9,11.8,7.9,27.9,0.8,9.8,1.5,5.5,0.3,7.6,25.3,39.0,19.4,1.3,26.8,2.7,46.0,11.1,9.6,2.6,39.6,4.8,4.7,19.4,0.6,17.1,17.2,17.4,14.0,5.8,2.9,8.3,4.9,1.5
2017-05-27 07:27:00+02:00,2.6,3.3,1.2,6.3,39.3,26.4,22.1,3.0,1.9,11.8,7.9,27.5,0.8,9.5,1.5,5.6,0.3,7.7,24.7,38.6,18.8,1.3,26.3,2.7,45.5,11.1,9.3,2.6,39.1,4.9,4.7,18.8,0.5,16.8,17.1,17.3,13.9,5.6,2.7,8.3,4.9,1.6
2017-05-27 07:28:00+02:00,2.7,3.5,1.2,6.4,38.6,26.0,21.7,3.1,1.9,12.0,7.6,27.1,0.9,8.6,1.5,5.7,0.4,7.9,24.3,37.9,18.3,1.4,25.9,2.8,45.2,10.8,9.8,2.7,38.8,5.1,4.8,18.3,0.6,17.4,17.5,17.6,14.3,5.9,3.0,8.4,5.0,1.6
2017-05-27 07:29:00+02:00,2.7,4.1,1.3,7.1,40.3,27.1,22.9,3.4,2.0,12.2,8.1,28.3,1.1,9.0,1.6,5.8,0.4,8.2,25.5,39.6,19.5,1.5,27.1,2.8,47.2,11.3,10.5,2.7,40.8,5.4,5.0,19.5,1.2,17.5,17.6,17.7,14.3,5.9,3.0,8.4,5.0,1.6
2017-05-27 07:30:00+02:00,2.7,4.1,1.3,7.1,40.1,26.6,22.4,3.5,2.0,12.6,8.4,27.8,1.1,8.9,1.6,6.1,0.4,8.3,25.0,39.4,19.0,1.5,26.7,3.1,47.0,11.6,10.5,3.0,40.5,5.5,5.0,19.4,1.1,17.7,17.7,17.9,14.4,6.0,3.0,8.5,5.0,1.6
2017-05-27 07:31:00+02:00,2.7,4.1,1.3,7.2,39.9,26.6,22.3,3.5,2.0,12.7,8.2,27.7,1.2,9.5,1.5,6.2,0.4,8.5,24.9,39.2,18.9,1.3,26.6,3.1,46.9,11.4,9.8,3.1,40.4,5.6,4.9,19.3,1.1,16.5,17.8,18.0,14.5,6.0,3.1,8.5,5.1,1.7
2017-05-27 07:32:00+02:00,2.8,4.6,1.3,7.6,38.3,24.9,20.6,3.6,2.0,12.9,8.3,26.1,1.2,9.0,1.5,6.3,0.5,8.5,23.2,37.6,17.2,1.3,24.9,3.2,45.4,11.5,8.5,3.1,38.9,5.6,4.9,17.5,1.5,17.6,17.9,18.1,14.6,6.0,3.1,8.6,5.1,1.7
2017-05-27 07:33:00+02:00,2.8,5.8,1.4,8.9,40.4,27.1,22.7,3.6,2.1,12.9,8.5,28.3,1.3,9.9,1.8,6.3,0.5,8.6,25.4,40.0,19.3,1.6,27.1,3.2,47.4,11.7,9.8,3.2,40.9,5.7,5.1,19.6,2.8,18.0,18.0,18.2,14.7,6.1,3.1,8.6,5.2,1.7
2017-05-27 07:34:00+02:00,2.8,6.6,1.4,9.6,41.0,28.2,24.1,3.7,2.1,13.0,7.9,29.3,1.3,9.9,1.8,6.4,0.5,8.7,26.8,40.5,20.7,1.6,28.1,3.3,48.0,11.2,11.2,3.2,41.4,5.8,4.5,21.0,3.5,18.0,18.0,18.2,14.7,6.0,3.1,8.7,5.2,1.7
2017-05-27 07:35:00+02:00,2.8,6.6,1.4,9.7,41.0,28.4,24.7,3.8,2.1,13.1,7.5,29.6,1.3,10.3,1.9,6.4,0.5,8.8,27.4,40.4,21.3,1.6,28.4,3.3,47.3,10.8,11.5,3.2,41.5,5.9,4.1,21.8,3.5,17.8,17.9,18.0,14.4,5.7,2.9,8.7,5.2,1.8
2017-05-27 07:36:00+02:00,2.8,6.7,1.4,9.7,42.2,28.6,24.6,3.5,2.2,13.2,8.4,29.8,1.1,10.2,2.0,6.4,0.5,8.7,27.4,41.4,21.2,1.7,28.5,3.4,48.6,11.7,11.6,3.2,42.7,5.7,5.0,21.7,3.5,18.5,18.5,18.4,14.9,6.1,3.2,8.8,5.3,1.8
2017-05-27 07:37:00+02:00,2.9,6.9,1.5,10.0,42.0,28.0,23.9,3.3,2.2,13.2,8.8,29.2,0.8,9.9,2.0,6.4,0.6,8.4,26.7,41.2,20.4,1.7,27.9,3.4,48.1,12.0,11.0,3.3,42.7,5.4,5.3,20.9,3.8,18.5,18.5,18.4,14.8,6.0,3.1,8.8,5.3,1.8
2017-05-27 07:38:00+02:00,2.9,6.9,1.5,10.0,44.0,29.8,25.0,3.4,2.2,13.0,8.9,31.0,0.9,10.2,2.1,6.5,0.6,8.5,27.8,43.1,21.6,1.8,29.3,3.4,50.8,12.1,11.8,3.3,45.0,5.5,5.4,22.0,3.8,18.6,18.6,18.5,14.9,6.0,3.1,8.9,5.4,1.8
2017-05-27 07:39:00+02:00,2.9,7.0,1.5,10.1,44.5,30.2,25.3,3.4,2.2,13.2,8.9,31.4,0.9,10.2,2.1,6.6,0.5,8.6,28.1,43.6,21.8,1.8,29.5,3.5,51.4,12.2,12.0,3.3,45.5,5.6,5.4,22.2,3.8,19.0,18.9,18.8,15.2,6.4,3.4,8.9,5.4,1.9
2017-05-27 07:40:00+02:00,2.2,7.1,1.5,10.2,44.7,30.3,25.2,3.1,2.2,12.5,9.0,31.6,0.6,10.0,2.1,6.0,0.5,8.4,28.0,43.8,21.7,1.8,29.5,2.8,51.7,12.2,12.2,2.7,45.8,5.3,5.4,22.2,3.9,19.0,19.0,18.9,15.3,6.4,3.4,8.9,5.4,1.9
2017-05-27 07:41:00+02:00,2.1,7.1,1.6,10.2,45.7,31.1,25.8,3.5,2.3,12.4,9.1,32.5,1.0,10.5,2.2,5.9,0.6,8.8,28.6,44.8,22.3,1.9,30.3,2.7,53.6,12.3,12.2,2.6,46.7,5.7,5.5,22.7,3.9,19.1,19.0,18.9,15.3,6.4,3.4,8.9,5.4,1.9
2017-05-27 07:42:00+02:00,2.1,7.2,1.6,10.3,45.7,31.0,25.8,3.4,2.3,12.5,9.1,32.3,1.0,10.3,2.2,6.0,0.5,8.6,28.7,44.7,22.3,1.9,30.2,2.8,53.6,12.4,12.3,2.7,46.6,5.6,5.6,22.6,4.0,19.2,19.1,19.0,15.4,6.5,3.5,8.9,5.4,1.9
2017-05-27 07:43:00+02:00,2.1,7.3,1.6,10.4,45.6,30.7,25.4,2.2,2.3,12.6,9.2,32.1,1.1,9.7,2.3,6.0,0.5,7.5,28.3,44.7,21.8,2.0,29.9,2.8,53.6,12.5,12.5,2.7,46.6,4.4,5.7,22.2,4.1,19.3,19.2,19.1,15.5,6.5,3.5,9.0,5.4,1.9
2017-05-27 07:44:00+02:00,2.2,7.2,1.6,10.4,47.1,32.1,26.6,3.5,2.3,12.6,9.3,33.5,1.2,11.0,2.4,6.1,0.5,8.8,29.5,46.1,23.0,2.0,31.2,2.8,55.1,12.6,12.4,2.7,48.1,5.7,5.7,23.4,4.0,19.3,19.2,19.1,15.5,6.5,3.5,9.0,5.5,1.9
2017-05-27 07:45:00+02:00,2.4,6.8,1.6,10.0,46.7,31.9,26.6,3.9,2.3,12.0,9.1,33.3,1.4,11.2,2.4,5.5,0.5,9.2,29.6,45.7,23.1,2.1,31.0,2.2,54.9,12.4,12.0,2.1,47.8,6.1,5.8,23.2,3.6,19.3,19.3,19.2,15.6,6.5,3.5,9.1,5.5,2.0
2017-05-27 07:46:00+02:00,2.9,5.7,1.7,8.9,45.0,30.2,24.5,4.0,2.4,12.6,9.0,31.7,1.5,11.5,2.5,5.8,0.5,9.4,27.6,44.0,20.9,2.1,29.2,2.6,53.2,12.3,9.7,2.5,46.1,6.3,6.0,21.2,2.5,19.5,19.4,19.3,15.7,6.5,3.5,9.1,5.6,2.0
2017-05-27 07:47:00+02:00,3.1,5.7,1.7,8.9,44.3,29.4,23.8,4.1,2.4,13.7,9.0,30.9,1.5,11.6,2.5,6.8,0.6,9.5,26.9,43.3,20.2,2.1,28.5,3.6,51.6,12.4,9.2,3.5,45.5,6.4,6.1,20.9,2.5,19.3,19.1,19.0,15.4,6.2,3.2,9.1,5.6,2.0
2017-05-27 07:48:00+02:00,3.3,7.3,1.7,10.5,46.4,31.2,25.7,4.1,2.4,13.9,9.3,32.8,1.6,11.7,2.4,7.0,0.6,9.5,28.9,45.4,22.1,2.0,30.2,3.8,53.7,12.6,11.1,3.7,47.7,6.4,6.0,22.8,4.1,19.4,19.2,19.1,15.4,6.3,3.2,9.2,5.6,2.0
2017-05-27 07:49:00+02:00,3.2,7.4,1.7,10.6,48.2,32.8,26.9,4.2,2.4,13.9,9.4,34.4,1.6,11.8,2.5,7.0,0.6,9.6,30.0,47.2,23.3,2.1,31.8,3.7,56.5,12.8,11.9,3.6,49.5,6.5,6.1,23.7,4.2,19.4,19.2,19.2,15.4,6.2,3.2,9.2,5.7,2.1
2017-05-27 07:50:00+02:00,3.3,7.2,1.8,10.4,48.6,33.1,27.1,4.2,2.0,13.9,9.5,34.7,1.6,11.8,2.5,7.1,0.6,9.7,30.3,47.6,23.6,2.1,32.1,3.8,56.9,12.9,11.8,3.7,49.9,6.6,6.2,23.7,3.9,19.3,19.1,19.1,15.4,6.3,3.2,9.1,5.5,1.9
2017-05-27 07:51:00+02:00,3.0,6.7,1.8,9.9,47.9,32.3,26.2,4.3,2.1,13.6,9.6,33.9,1.7,11.8,2.6,6.9,0.7,9.8,29.4,46.8,22.6,2.2,31.2,3.5,56.2,13.0,10.9,3.4,49.2,6.7,6.2,22.7,3.4,19.4,19.2,19.1,15.3,6.3,3.3,9.1,5.5,1.9
2017-05-27 07:52:00+02:00,3.1,6.6,1.8,9.8,47.9,32.2,26.1,4.4,2.1,14.1,9.7,33.9,1.7,11.8,2.7,7.0,0.7,9.8,29.3,46.8,22.5,2.3,31.1,3.7,56.2,12.9,10.8,3.6,49.2,6.6,6.4,22.6,3.4,18.2,18.0,17.9,14.1,6.3,3.2,7.8,4.2,0.7
2017-05-27 07:53:00+02:00,3.4,6.6,1.8,9.9,48.6,32.9,26.7,4.4,2.1,14.6,9.8,34.5,1.8,11.9,2.8,7.4,0.7,9.9,29.9,47.5,23.1,2.3,31.7,4.0,56.9,13.0,11.3,4.0,49.9,6.7,6.5,23.2,3.4,18.3,18.0,17.9,14.1,6.4,3.3,7.8,4.2,0.7
2017-05-27 07:54:00+02:00,3.4,6.9,1.8,10.1,48.6,32.5,26.3,4.5,2.1,14.1,9.9,34.2,1.8,12.2,2.9,7.7,0.7,10.0,29.5,47.4,23.7,2.3,31.4,4.3,57.0,13.3,11.6,4.2,50.0,6.8,6.5,23.8,3.6,19.0,18.8,18.6,14.9,5.9,3.6,8.9,5.4,1.7
2017-05-27 07:55:00+02:00,1.9,6.9,1.9,10.2,48.7,32.5,26.2,4.6,2.1,12.3,9.9,34.2,1.9,12.4,2.9,6.0,0.8,10.1,29.5,47.4,23.6,2.4,31.3,2.8,57.2,13.2,11.3,2.5,50.0,6.9,6.5,23.7,3.7,19.1,18.8,18.7,14.9,6.1,3.6,8.8,5.7,2.0
2017-05-27 07:56:00+02:00,1.6,7.1,1.9,10.4,49.2,32.8,26.5,4.6,2.2,13.0,10.0,34.6,1.9,12.4,2.9,5.8,0.8,10.2,29.8,48.0,23.9,2.4,31.6,2.6,57.7,13.4,11.5,2.3,50.6,7.0,6.6,23.9,3.8,19.3,19.0,18.9,15.1,6.9,3.6,8.2,5.7,2.0
2017-05-27 07:57:00+02:00,1.6,6.2,1.9,9.5,47.5,30.8,24.5,3.9,2.2,13.0,10.0,32.6,1.8,11.9,2.9,5.8,0.7,9.5,27.8,46.1,21.9,2.4,29.6,2.6,56.0,13.5,10.0,2.3,48.9,6.3,6.6,21.9,2.9,19.4,19.1,18.9,15.2,6.9,3.6,8.2,5.7,2.0
2017-05-27 07:58:00+02:00,2.0,7.2,1.9,10.6,48.7,32.2,25.8,3.5,2.2,13.0,10.1,34.0,1.9,11.9,3.0,5.8,0.8,9.2,29.1,47.4,23.2,2.4,31.0,2.5,57.3,13.3,11.3,2.2,50.2,5.9,6.7,23.2,3.9,18.6,18.3,18.1,14.3,6.1,3.6,8.3,5.8,2.0
2017-05-27 07:59:00+02:00,3.1,7.3,1.9,10.7,49.4,32.5,26.2,2.9,2.3,13.8,10.2,34.4,1.8,11.4,3.0,6.5,0.6,8.6,29.5,48.0,23.6,2.5,31.4,3.0,57.9,13.6,12.2,2.9,50.8,5.3,6.7,23.6,4.0,18.9,18.6,18.4,14.6,6.3,3.6,8.3,5.8,2.0
2017-05-27 08:00:00+02:00,3.3,7.1,2.0,10.4,51.0,33.9,27.6,4.3,2.3,14.9,10.3,35.8,1.7,12.9,3.1,7.5,0.4,10.0,30.9,49.6,25.0,2.5,32.9,4.1,59.6,13.8,11.9,3.9,52.4,6.7,6.8,24.8,3.8,18.0,17.7,17.5,13.7,5.4,2.8,8.3,5.8,2.1
2017-05-27 08:01:00+02:00,3.3,7.5,2.0,10.9,52.8,35.8,29.4,4.8,2.3,15.0,10.4,37.6,2.2,13.5,3.1,7.6,0.9,10.6,32.7,51.4,26.7,2.5,34.7,4.1,61.4,13.8,13.1,4.0,54.2,7.2,6.9,26.6,4.2,18.0,17.7,17.5,13.6,5.3,2.6,8.3,5.8,2.1
2017-05-27 08:02:00+02:00,3.2,7.7,2.0,11.1,54.5,37.5,31.1,4.8,2.3,14.9,10.5,39.4,2.2,13.5,3.2,7.5,0.9,10.6,34.5,53.1,28.5,2.6,36.5,4.0,63.1,13.7,14.8,3.9,55.9,7.2,6.9,28.3,4.4,18.3,17.9,17.7,13.9,5.5,2.7,8.4,5.9,2.1
2017-05-27 08:03:00+02:00,3.3,7.7,2.0,11.1,55.0,37.7,31.2,4.8,2.3,15.1,10.6,39.6,2.3,13.6,3.3,7.7,1.0,10.6,34.6,53.5,28.6,2.7,36.7,4.2,63.7,14.0,14.8,4.0,56.4,7.2,7.1,28.4,4.3,19.7,19.3,19.1,15.3,7.0,3.6,8.4,5.8,2.1
2017-05-27 08:04:00+02:00,3.3,7.8,2.0,11.2,56.1,38.8,32.2,5.0,2.3,15.4,10.7,40.7,2.3,13.8,3.4,7.9,1.0,10.8,35.6,54.7,28.9,2.7,37.7,4.3,64.9,14.0,14.9,4.3,57.6,7.4,7.2,28.7,4.4,19.2,18.7,18.6,14.8,6.7,3.6,8.1,5.9,2.1
2017-05-27 08:05:00+02:00,3.3,8.0,2.1,11.4,57.4,39.8,33.1,5.0,2.5,15.4,10.9,41.7,2.4,14.0,3.5,7.9,1.0,10.9,36.5,55.9,29.4,2.8,38.5,4.2,66.1,14.2,15.1,4.2,58.9,7.5,7.3,29.1,4.6,18.9,18.5,18.3,14.5,6.2,3.6,8.3,6.0,2.3
2017-05-27 08:06:00+02:00,3.3,8.0,2.1,11.5,58.0,40.0,33.1,4.9,2.5,15.4,10.9,41.9,2.4,13.9,3.6,7.9,1.0,10.9,36.6,56.5,29.4,2.8,38.6,4.2,66.8,14.6,15.2,4.2,59.5,7.4,7.4,29.1,4.6,15.7,15.2,15.0,11.1,2.8,0.2,8.4,6.1,2.3
2017-05-27 08:07:00+02:00,3.4,8.0,2.1,11.5,58.7,40.5,33.6,5.1,2.6,15.6,11.0,42.4,2.4,14.4,3.6,8.0,1.1,11.3,37.1,57.2,29.9,2.9,39.2,4.3,67.5,14.8,15.2,4.4,60.3,7.8,7.5,29.6,4.6,13.3,12.8,12.6,8.8,0.1,2.9,8.7,6.2,2.4
2017-05-27 08:08:00+02:00,3.4,8.2,2.1,11.7,59.2,40.8,34.0,5.2,2.7,15.6,11.1,42.8,2.5,14.5,3.7,8.1,1.1,11.4,37.5,57.7,30.3,2.9,39.6,4.3,68.1,14.9,15.4,4.4,60.8,7.9,7.6,29.9,4.8,20.1,19.6,19.3,15.4,6.6,3.3,8.8,6.3,2.4
2017-05-27 08:09:00+02:00,3.4,8.3,2.2,11.8,59.4,40.9,34.2,5.3,2.7,15.8,11.2,42.9,2.5,14.5,3.8,8.2,1.1,11.6,37.7,57.8,30.4,3.0,39.8,4.4,68.3,15.0,15.5,4.5,61.0,8.0,7.6,30.1,4.9,20.3,19.7,19.5,15.6,6.7,3.5,8.9,6.3,2.5
2017-05-27 08:10:00+02:00,3.5,8.4,2.2,11.9,59.5,40.9,34.2,5.2,2.7,15.9,11.3,42.9,2.6,14.5,3.8,8.3,1.1,11.5,37.7,57.9,30.4,3.0,39.8,4.5,68.4,15.1,15.6,4.6,61.1,8.0,7.7,30.1,4.9,20.4,19.9,19.6,15.7,6.5,3.5,9.3,6.3,2.5
2017-05-27 08:11:00+02:00,3.6,8.5,2.2,12.0,59.4,40.7,33.9,4.8,2.7,16.0,11.3,42.8,2.7,14.1,3.9,8.4,1.1,11.1,37.5,57.8,30.2,3.1,39.6,4.6,68.4,15.1,15.7,4.7,61.1,7.6,7.7,29.8,5.0,21.0,20.4,20.2,16.3,6.6,3.6,9.7,6.3,2.5
2017-05-27 08:12:00+02:00,3.6,8.5,2.2,12.0,60.3,41.4,34.6,5.4,2.8,16.1,11.4,43.5,2.7,14.7,4.0,8.5,1.2,11.7,38.2,58.6,30.9,3.1,40.3,4.6,69.3,15.2,15.8,4.7,62.0,8.1,7.8,30.5,5.0,21.0,20.5,20.2,16.4,6.8,3.6,9.6,6.2,2.4
2017-05-27 08:13:00+02:00,3.6,8.6,2.2,12.1,61.0,41.9,35.0,5.5,2.8,16.1,11.5,44.0,2.8,14.9,4.1,8.5,1.3,11.9,38.6,59.3,31.2,3.2,40.7,4.7,70.1,15.3,15.9,4.7,62.7,8.3,7.9,30.8,5.1,21.2,20.6,20.3,16.5,6.8,3.6,9.6,6.2,2.4
2017-05-27 08:14:00+02:00,3.6,8.6,2.3,12.2,61.1,41.9,35.0,5.5,2.8,16.1,11.6,44.0,2.9,14.9,4.1,8.6,1.3,11.9,38.6,59.4,31.3,3.2,40.7,4.7,70.2,15.4,15.9,4.8,62.8,8.3,8.0,30.8,5.1,21.3,20.7,20.4,16.6,6.8,3.6,9.8,6.2,2.4
2017-05-27 08:15:00+02:00,3.7,8.6,2.3,12.2,61.4,42.1,35.2,5.6,2.8,16.5,11.7,44.2,2.9,15.1,4.2,8.9,1.3,12.0,38.8,59.7,31.4,3.3,40.9,5.0,70.5,15.5,15.9,5.2,63.2,8.3,8.0,31.0,5.1,21.4,20.7,20.4,16.6,6.8,3.6,9.7,6.3,2.4
2017-05-27 08:16:00+02:00,3.7,8.7,2.3,12.3,61.9,42.3,35.3,5.5,2.8,16.7,11.9,44.4,2.8,15.1,4.3,9.1,1.3,11.9,38.9,60.1,31.5,3.3,41.1,5.1,71.0,15.7,16.0,5.3,63.6,8.3,8.2,31.1,5.2,21.6,21.0,20.7,16.7,6.9,3.6,9.9,6.3,2.5
2017-05-27 08:17:00+02:00,3.7,8.7,2.3,12.4,62.4,42.6,35.6,5.5,2.9,16.8,11.9,44.8,2.8,15.1,4.4,9.2,1.4,11.9,39.2,60.6,31.8,3.4,41.5,5.1,71.6,15.8,16.2,5.4,64.2,8.3,8.3,31.3,5.2,21.7,21.0,20.7,16.8,6.9,3.6,9.8,6.4,2.5
2017-05-27 08:18:00+02:00,3.7,8.4,2.3,12.0,62.5,42.7,35.6,5.6,2.9,16.9,12.0,44.8,2.9,15.3,4.4,9.2,1.3,12.1,39.2,60.7,31.7,3.4,41.4,5.1,71.7,15.8,15.9,5.4,64.3,8.4,8.3,31.2,4.9,21.8,21.1,20.8,16.9,7.0,3.6,9.9,6.4,2.5
2017-05-27 08:19:00+02:00,3.7,8.4,2.3,12.0,63.0,43.1,35.7,5.7,2.9,16.9,12.0,45.3,2.9,15.5,4.4,9.2,1.3,12.3,39.4,61.2,31.9,3.4,41.9,5.1,72.3,15.9,15.9,5.4,64.9,8.6,8.3,31.3,4.9,21.9,21.2,20.9,17.0,7.0,3.7,10.0,6.4,2.5
2017-05-27 08:20:00+02:00,3.7,8.5,2.4,12.1,63.8,43.6,36.2,5.9,2.9,16.8,12.1,45.9,3.0,15.7,4.5,9.1,1.3,12.5,39.8,61.9,32.2,3.5,42.4,5.1,72.5,16.0,16.0,5.2,65.6,8.7,8.4,31.7,4.9,21.9,21.2,20.9,17.0,7.1,3.7,9.9,6.5,2.6
2017-05-27 08:21:00+02:00,3.7,8.5,2.4,12.2,64.0,43.8,36.3,5.9,2.9,16.8,12.2,46.0,3.1,15.8,4.6,9.0,1.4,12.6,40.0,62.1,32.4,3.5,42.5,5.0,72.6,16.1,16.1,5.1,65.9,8.8,8.5,31.9,4.9,22.0,21.3,21.0,17.0,7.1,3.7,9.9,6.5,2.6
2017-05-27 08:22:00+02:00,3.7,8.6,2.4,12.3,64.4,44.1,36.5,6.1,2.9,16.9,12.3,46.4,3.2,15.9,4.6,9.0,1.5,12.7,40.2,62.6,32.6,3.6,42.8,5.0,72.7,16.2,16.2,5.2,66.4,8.9,8.6,32.1,5.0,22.2,21.4,21.1,17.1,7.1,3.7,10.0,6.5,2.6
2017-05-27 08:23:00+02:00,3.7,8.6,2.4,12.4,64.8,44.4,36.8,6.2,2.9,17.1,12.4,46.7,3.3,16.1,4.7,9.2,1.5,12.8,40.5,62.9,32.9,3.6,43.1,5.0,73.1,16.3,16.2,5.3,66.8,9.0,8.7,32.3,5.0,22.2,21.4,21.1,17.2,7.1,3.7,10.0,6.6,2.7
2017-05-27 08:24:00+02:00,3.7,8.7,2.4,12.4,65.1,44.6,37.0,6.3,2.9,17.2,12.4,46.9,3.4,16.2,4.8,9.2,1.5,12.9,40.7,63.2,33.1,3.6,43.3,5.0,73.6,16.3,16.3,5.4,67.0,9.1,8.7,32.5,5.0,21.9,21.1,21.0,17.1,7.1,3.7,10.0,6.6,2.7
2017-05-27 08:25:00+02:00,3.7,8.8,2.5,12.5,65.4,44.8,37.1,6.3,3.0,17.5,12.5,47.2,3.4,16.2,4.8,9.6,1.5,13.0,40.9,63.5,33.2,3.7,43.5,5.2,74.0,16.4,16.4,5.7,67.4,9.2,8.8,32.6,5.0,22.3,21.5,21.2,17.3,7.1,3.7,10.2,6.6,2.7
2017-05-27 08:26:00+02:00,3.7,8.9,2.5,12.6,65.8,45.1,37.3,6.3,3.0,17.0,12.6,47.5,3.3,16.3,4.9,9.6,1.4,13.0,41.1,63.9,33.4,3.7,43.7,5.2,74.5,16.4,16.5,5.7,67.8,9.2,8.9,32.8,5.1,22.8,22.0,21.6,17.6,7.1,3.7,10.5,6.7,2.7
2017-05-27 08:27:00+02:00,3.7,8.9,2.5,12.7,65.1,45.5,37.6,6.5,3.0,16.5,12.6,47.9,3.4,16.4,5.0,9.5,1.4,13.2,41.4,64.3,33.7,3.8,44.1,5.3,73.8,16.5,16.6,5.6,67.1,9.4,9.0,33.0,5.2,23.0,22.1,21.6,17.7,7.1,3.7,10.5,6.7,2.7
2017-05-27 08:28:00+02:00,3.8,8.9,2.5,12.7,65.5,45.8,37.9,6.6,3.0,17.6,12.7,48.2,3.5,16.6,5.1,9.6,1.5,13.4,41.7,64.8,33.9,3.8,44.4,5.3,74.3,16.6,16.6,5.7,67.5,9.5,9.0,33.2,5.2,23.1,22.2,21.7,17.7,7.2,3.8,10.5,6.7,2.8
2017-05-27 08:29:00+02:00,3.8,8.9,2.5,12.7,66.2,46.4,37.9,6.6,3.0,17.7,12.8,48.8,3.5,16.6,5.1,9.7,1.5,13.4,41.6,65.5,33.9,3.8,44.3,5.4,75.1,16.7,16.6,5.7,68.2,9.5,9.1,33.2,5.2,23.2,22.3,21.8,17.8,7.3,3.8,10.5,6.7,2.8
2017-05-27 08:30:00+02:00,3.8,8.9,2.5,12.7,66.6,46.4,37.9,6.6,3.0,17.6,12.9,48.9,3.5,16.6,5.2,9.7,1.6,13.4,41.6,65.6,33.9,3.9,44.3,5.3,75.5,16.8,16.6,5.8,68.6,9.5,9.2,33.2,5.2,23.1,22.1,21.7,17.8,7.3,3.8,10.5,6.7,2.7
2017-05-27 08:31:00+02:00,3.8,9.0,2.6,12.8,67.4,46.3,37.9,6.5,3.0,17.7,13.0,48.7,3.5,16.6,5.2,9.8,1.5,13.3,41.8,65.6,34.0,3.9,44.6,5.4,76.4,16.9,16.7,5.8,69.4,9.5,9.2,33.3,5.2,23.4,22.4,21.8,17.8,7.3,3.9,10.5,6.7,2.8
2017-05-27 08:32:00+02:00,3.8,9.0,2.6,12.8,68.0,46.8,38.0,6.5,3.0,17.8,13.1,49.2,3.5,16.6,5.3,9.9,1.5,13.4,41.9,66.1,34.1,4.0,44.7,5.4,77.1,17.0,16.7,5.9,70.1,9.5,9.3,33.4,5.2,23.6,22.6,21.9,17.9,7.4,3.9,10.6,6.7,2.7
2017-05-27 08:33:00+02:00,3.8,9.5,2.6,13.3,68.8,47.6,38.7,6.6,3.0,18.1,12.9,50.1,3.6,16.8,5.2,10.2,1.5,13.5,42.7,66.9,34.8,3.8,45.5,5.5,77.9,16.8,17.2,6.1,70.9,9.6,9.2,34.1,5.7,23.7,22.6,22.0,18.0,7.4,3.9,10.5,6.7,2.7
2017-05-27 08:34:00+02:00,3.8,9.5,2.6,13.3,69.0,47.9,39.0,6.7,3.0,17.4,12.9,50.4,3.6,16.9,5.2,10.1,1.6,13.6,42.9,67.2,35.0,3.8,45.7,5.4,78.2,16.8,17.3,6.0,71.2,9.7,9.2,34.2,5.7,23.8,22.8,22.1,18.0,7.5,3.9,10.6,6.7,2.8
2017-05-27 08:35:00+02:00,3.8,9.7,2.6,13.6,69.6,48.3,39.3,6.7,3.1,16.8,13.0,50.8,3.6,17.0,5.2,9.9,1.6,13.7,43.3,67.7,35.3,3.9,46.1,5.2,79.5,16.9,17.5,5.8,71.7,9.7,9.3,34.5,5.9,23.8,22.8,22.2,18.2,7.5,3.9,10.7,6.9,2.9
2017-05-27 08:36:00+02:00,3.9,9.1,2.6,13.1,69.4,48.0,39.0,6.7,3.2,16.8,13.1,50.5,3.6,17.1,5.3,10.0,1.6,13.7,42.9,67.4,35.0,3.9,45.8,5.3,78.6,17.0,17.0,5.9,71.6,9.7,9.3,34.1,5.3,23.6,22.5,22.4,18.3,7.5,3.9,10.8,6.9,2.9
2017-05-27 08:37:00+02:00,3.9,8.7,2.7,12.7,69.5,47.8,38.8,6.7,3.2,17.1,13.1,50.3,3.6,17.2,5.4,10.0,1.7,13.8,42.7,67.4,34.7,4.0,45.6,5.3,78.3,17.1,16.7,5.9,71.7,9.8,9.4,33.9,4.8,23.6,22.5,22.4,18.3,7.6,4.0,10.8,6.9,2.8
2017-05-27 08:38:00+02:00,3.9,9.7,2.7,13.6,70.9,49.1,40.0,6.8,3.2,16.5,13.2,51.7,3.7,17.4,5.5,10.0,1.7,14.0,44.0,68.8,36.0,4.1,46.9,5.3,80.8,17.1,17.6,6.0,73.0,10.0,9.4,35.0,5.7,23.9,22.8,22.5,18.4,7.6,4.0,10.8,6.9,2.9
2017-05-27 08:39:00+02:00,3.9,10.0,2.7,13.9,71.4,49.5,40.3,6.8,3.2,16.8,13.3,52.1,3.7,17.3,5.5,9.7,1.8,13.9,44.3,69.3,36.2,4.1,47.2,5.3,81.6,17.2,17.9,5.6,73.6,9.9,9.5,35.3,6.0,23.9,22.8,22.5,18.4,7.7,4.0,10.7,6.9,2.9
2017-05-27 08:40:00+02:00,4.0,10.0,2.7,13.9,71.9,49.8,40.6,7.1,3.2,17.5,13.4,52.5,3.9,17.6,5.6,10.1,1.8,14.1,44.6,69.8,36.5,4.1,47.5,5.4,82.2,17.3,18.0,6.1,74.1,10.1,9.6,35.5,6.0,23.9,22.8,22.5,18.4,7.7,3.9,10.7,7.0,2.9
2017-05-27 08:41:00+02:00,4.0,10.0,2.7,14.0,72.1,50.0,40.7,7.0,3.2,17.4,13.4,52.6,3.9,17.6,5.7,10.3,1.8,14.1,44.7,69.9,36.6,4.2,47.6,5.6,82.4,17.3,18.0,6.3,74.4,10.1,9.7,35.6,6.0,24.2,23.0,22.7,18.6,7.7,4.0,10.9,7.0,2.9
2017-05-27 08:42:00+02:00,4.1,10.1,2.8,14.1,72.7,50.3,40.9,7.0,3.2,17.7,13.5,52.9,3.8,17.6,5.7,10.5,1.6,14.2,44.9,70.4,36.8,4.2,47.9,5.7,83.0,17.5,18.2,6.4,75.0,10.1,9.8,35.8,6.1,24.4,23.2,22.8,18.7,7.7,4.0,10.9,7.0,2.9
2017-05-27 08:43:00+02:00,4.0,10.1,2.8,14.1,72.6,50.1,40.8,6.8,3.2,17.6,13.6,52.8,3.5,17.4,5.8,10.5,1.4,13.9,44.7,70.3,36.6,4.2,47.7,5.6,83.0,17.5,18.2,6.3,74.9,9.8,9.8,35.6,6.1,24.4,23.1,22.7,18.5,7.7,4.0,10.9,7.0,2.9
2017-05-27 08:44:00+02:00,4.0,9.3,2.8,13.3,72.2,49.5,40.1,6.9,3.3,18.3,13.7,52.2,3.6,17.6,5.9,10.6,1.4,14.1,44.2,69.8,36.0,4.3,47.1,5.7,82.6,17.6,17.4,6.4,74.5,10.0,9.9,34.9,5.2,24.5,23.3,22.8,18.7,7.7,4.0,10.9,7.0,2.9
2017-05-27 08:45:00+02:00,4.0,9.2,2.8,13.3,72.4,49.6,40.2,6.9,3.3,18.7,13.8,52.3,3.6,17.6,5.9,10.8,1.4,14.2,44.2,70.0,36.0,4.3,47.2,5.8,82.9,17.8,17.4,6.6,74.7,10.1,10.0,35.0,5.2,24.6,23.3,22.9,18.7,7.7,4.0,11.0,7.0,2.9
2017-05-27 08:46:00+02:00,4.1,10.1,2.8,14.2,73.3,50.4,41.1,6.9,3.3,18.8,13.8,53.1,3.6,17.7,5.9,10.8,1.7,14.2,45.0,70.9,37.0,4.3,48.0,5.9,83.8,17.8,18.3,6.7,75.6,10.1,10.0,35.9,6.0,24.0,22.7,23.0,18.8,7.8,4.1,11.0,7.0,2.9
2017-05-27 08:47:00+02:00,4.1,10.3,2.8,14.4,73.3,50.2,40.9,6.4,3.3,19.0,14.0,53.0,3.1,17.2,6.0,10.9,0.8,13.7,44.7,70.9,36.8,4.4,47.8,5.9,83.9,18.0,18.4,6.8,75.7,9.6,10.1,35.7,6.2,24.4,23.1,23.1,18.9,7.9,4.0,11.0,7.1,3.0
2017-05-27 08:48:00+02:00,3.5,10.4,2.8,14.5,73.5,50.2,40.8,6.1,3.3,18.4,14.2,52.9,2.7,16.9,6.1,10.4,0.5,13.4,44.7,71.1,36.6,4.4,47.7,5.3,84.1,18.2,18.6,6.2,75.9,9.3,10.2,35.5,6.3,25.0,23.7,23.2,19.0,7.9,4.1,11.0,7.1,3.0
2017-05-27 08:49:00+02:00,3.1,10.5,2.9,14.5,74.0,50.4,41.0,6.2,3.3,18.1,14.4,53.2,2.8,17.1,6.1,10.1,0.5,13.6,44.9,71.6,36.8,4.5,47.9,5.0,84.3,18.4,18.6,5.9,76.4,9.4,10.3,35.7,6.3,25.1,23.8,23.2,19.0,7.9,4.1,11.1,7.1,3.0
2017-05-27 08:50:00+02:00,4.1,10.4,2.9,14.5,75.1,51.5,41.9,7.2,3.4,19.1,14.4,54.2,3.8,18.1,6.2,11.1,1.5,14.6,45.9,72.6,37.8,4.5,48.9,6.0,85.3,18.4,18.6,6.9,77.5,10.4,10.3,36.7,6.4,25.0,23.6,22.9,18.7,8.0,4.1,10.7,6.7,2.6
2017-05-27 08:51:00+02:00,4.1,10.3,2.9,14.4,74.9,51.8,42.2,7.5,3.4,19.2,14.4,54.6,4.1,18.4,6.2,11.1,1.7,14.9,46.2,72.4,38.1,4.5,49.3,6.0,85.1,17.9,18.5,6.9,77.3,10.7,10.4,36.9,6.4,25.3,23.9,23.2,18.9,8.1,4.1,10.8,6.8,2.7
2017-05-27 08:52:00+02:00,4.1,10.3,2.9,14.4,73.4,50.2,40.5,7.5,3.4,19.4,14.5,53.0,4.1,16.7,6.3,11.2,1.7,13.1,44.6,70.9,36.4,4.6,47.7,6.1,83.2,17.9,18.5,7.0,75.3,8.9,10.5,35.2,6.3,25.6,24.1,23.4,19.1,8.2,4.2,10.9,6.9,2.7
2017-05-27 08:53:00+02:00,4.1,10.4,2.9,14.5,73.8,50.5,40.7,7.6,3.4,19.6,14.7,53.3,4.2,16.7,6.4,11.3,1.8,13.2,44.8,71.4,36.6,4.6,47.9,6.1,83.7,18.1,18.6,7.1,75.8,9.0,10.6,35.3,6.4,25.8,24.3,23.5,19.3,8.2,4.2,11.0,7.0,2.8
2017-05-27 08:54:00+02:00,4.2,10.5,2.9,14.7,74.5,51.0,41.2,7.7,3.4,19.6,14.8,53.8,4.3,16.9,6.4,11.4,1.9,13.4,45.3,72.0,37.0,4.6,48.4,6.1,84.0,18.2,18.8,7.1,76.1,9.2,10.7,35.8,6.4,25.8,24.4,23.6,19.3,8.3,4.2,11.0,6.9,2.8
2017-05-27 08:55:00+02:00,3.8,10.6,2.9,14.9,74.4,51.2,41.3,7.6,3.4,19.4,14.4,54.1,4.2,16.9,6.5,11.1,1.7,13.4,45.5,71.9,37.2,4.7,48.6,5.8,83.4,17.8,19.0,6.9,75.4,9.1,10.8,35.9,6.4,25.7,24.2,23.4,19.1,8.2,4.2,10.9,6.8,2.8
2017-05-27 08:56:00+02:00,3.8,10.7,3.0,14.9,74.7,51.6,41.7,7.8,3.4,19.5,14.4,54.5,4.4,17.1,6.5,11.2,1.9,13.6,45.8,72.2,37.5,4.7,48.9,5.8,85.0,17.8,19.1,6.9,77.0,9.3,10.8,36.2,6.4,25.9,24.4,23.6,19.3,8.3,4.3,11.0,6.9,2.9
2017-05-27 08:57:00+02:00,3.8,10.7,3.0,15.0,74.7,51.9,42.0,8.1,3.4,19.5,14.5,54.8,4.5,17.4,6.6,11.2,2.0,13.8,46.1,72.2,37.8,4.7,49.3,5.9,84.7,17.4,19.2,6.9,76.6,9.6,10.9,36.6,6.5,26.0,24.4,23.6,19.3,8.2,4.2,11.1,7.0,2.9
2017-05-27 08:58:00+02:00,3.8,10.8,3.0,15.0,76.0,52.3,42.3,8.2,3.4,19.6,14.6,55.3,4.7,17.6,6.7,11.2,2.2,14.0,46.5,73.5,38.1,4.8,49.7,5.9,85.6,18.3,19.3,6.9,77.5,9.7,11.0,36.9,6.5,26.2,24.7,23.8,19.5,8.3,4.2,11.2,7.1,2.9
2017-05-27 08:59:00+02:00,3.8,10.9,3.0,15.1,76.3,52.4,42.4,8.0,3.5,19.7,14.7,55.4,4.4,17.5,6.7,11.3,1.9,13.8,46.6,73.8,38.2,4.8,49.8,5.9,86.0,18.4,19.4,7.0,77.9,9.5,11.0,36.9,6.5,26.5,24.9,24.1,19.7,8.4,4.2,11.3,7.2,2.9
2017-05-27 09:00:00+02:00,4.0,10.9,3.0,15.2,76.6,52.7,42.7,8.0,3.5,19.7,14.7,55.7,4.5,17.5,6.8,11.7,1.9,13.9,46.8,74.1,38.4,4.8,50.0,6.3,86.2,18.4,19.4,7.4,78.1,9.6,11.1,37.0,6.5,26.4,24.8,24.0,19.6,8.4,4.3,11.2,7.0,2.7
2017-05-27 09:01:00+02:00,4.2,11.0,3.0,15.2,76.8,52.9,43.2,8.4,3.5,19.6,14.7,55.9,4.8,17.9,6.8,12.0,2.2,14.3,47.0,74.2,38.9,4.9,50.2,6.5,86.6,18.4,19.5,7.6,78.4,9.9,11.1,37.4,6.6,26.6,25.0,24.2,19.9,8.5,4.3,11.4,7.2,2.9
2017-05-27 09:02:00+02:00,4.2,11.0,3.0,15.3,77.1,52.9,43.1,8.2,3.5,19.2,14.9,55.9,4.6,17.8,6.9,12.1,2.0,14.2,47.0,74.4,38.9,4.9,50.2,6.6,86.9,18.5,19.6,7.7,78.7,9.8,11.2,37.5,6.5,26.8,25.2,24.4,20.0,8.6,4.3,11.5,7.2,2.9
2017-05-27 09:03:00+02:00,4.3,11.2,3.1,15.5,77.1,53.2,43.4,8.1,3.5,19.3,14.6,56.1,4.4,17.8,6.1,12.2,2.0,14.1,47.2,74.4,39.1,4.2,50.4,6.6,87.1,18.3,19.9,7.8,78.8,9.7,10.5,37.7,6.7,27.0,25.4,24.6,20.2,8.6,4.3,11.6,7.3,3.0
2017-05-27 09:04:00+02:00,4.3,11.2,3.1,15.6,77.7,53.9,44.0,8.5,3.5,20.1,14.4,56.9,4.9,18.3,5.8,12.2,2.3,14.6,47.8,75.0,39.7,3.9,51.1,6.7,88.2,18.1,19.9,7.8,80.2,10.2,10.1,38.2,6.7,27.2,25.6,24.6,20.2,8.6,4.4,11.6,7.3,3.0
2017-05-27 09:05:00+02:00,4.3,11.2,3.1,15.6,79.3,55.7,45.7,8.6,3.5,20.3,14.1,58.7,4.9,20.0,5.9,12.4,2.3,16.3,49.6,76.6,41.3,4.0,52.9,6.7,89.5,17.9,20.0,7.9,82.0,11.9,10.3,40.0,6.7,25.9,24.2,23.1,18.6,8.7,4.4,10.0,5.7,1.8
2017-05-27 09:06:00+02:00,4.3,11.3,3.1,15.7,78.1,54.1,44.0,8.7,3.5,20.5,14.0,57.1,5.0,18.5,6.0,12.4,2.4,14.8,47.9,75.3,39.7,4.0,51.3,6.8,89.2,18.3,20.1,8.0,80.8,10.3,10.4,38.6,6.8,25.7,24.0,22.7,18.3,8.7,4.4,9.6,5.4,1.8
2017-05-27 09:07:00+02:00,4.3,11.3,3.1,15.7,79.1,54.9,44.8,8.7,3.5,20.5,14.1,57.9,5.1,19.7,5.9,12.5,2.4,16.0,48.7,76.4,40.5,4.0,52.1,6.8,89.4,18.5,20.1,8.0,81.8,11.5,10.4,39.8,6.7,25.9,24.2,22.8,18.4,8.8,4.5,9.6,5.4,1.8
2017-05-27 09:08:00+02:00,4.4,11.4,3.1,15.8,79.7,55.3,45.3,8.8,3.6,20.1,14.2,58.4,5.1,20.0,6.0,12.6,2.5,16.3,49.2,77.0,40.9,4.0,52.5,6.9,87.0,18.6,20.2,8.1,82.3,11.7,10.5,40.3,6.8,26.2,24.4,23.0,18.5,8.9,4.5,9.7,5.4,1.9
2017-05-27 09:09:00+02:00,4.4,11.5,3.2,15.9,81.1,56.4,46.3,8.9,3.6,20.8,14.5,59.5,5.2,20.0,6.2,12.7,2.5,16.2,50.2,78.3,41.9,4.1,53.6,6.9,87.7,18.9,20.3,8.2,83.4,11.7,10.7,40.3,6.8,26.5,24.7,23.3,18.8,9.1,4.6,9.8,5.5,1.9
2017-05-27 09:10:00+02:00,4.3,11.5,3.2,15.9,81.0,55.6,45.4,8.9,3.6,21.0,15.1,58.6,5.2,19.0,6.3,12.8,2.5,15.2,49.3,78.2,41.0,4.2,52.7,6.9,89.9,19.6,20.4,8.2,83.4,10.6,10.8,39.3,6.8,26.7,24.8,23.4,18.9,9.2,4.6,9.8,5.5,1.9
2017-05-27 09:11:00+02:00,4.3,11.6,3.2,16.1,80.8,55.1,44.8,9.0,3.6,20.7,15.3,58.2,5.3,18.2,6.4,12.9,2.5,14.4,48.8,78.0,40.4,4.2,52.2,6.9,91.7,19.8,20.5,8.3,82.9,9.8,10.9,38.7,6.9,26.9,25.0,23.6,19.0,9.2,4.6,9.9,5.6,1.9
2017-05-27 09:12:00+02:00,4.3,11.6,3.2,16.1,81.2,55.5,45.2,9.0,3.6,21.0,15.3,58.6,5.2,18.5,6.4,13.0,2.5,14.7,49.2,78.4,40.8,4.2,52.6,6.9,91.3,19.8,20.6,8.3,83.8,10.1,11.0,39.1,6.9,26.2,24.3,22.9,18.3,8.4,3.8,10.0,5.6,1.9
2017-05-27 09:13:00+02:00,4.4,11.7,3.2,16.2,81.8,56.4,46.1,8.9,3.6,21.1,15.0,59.6,5.2,19.2,6.5,13.0,2.4,15.4,50.1,79.0,41.6,4.3,53.5,7.0,91.4,19.5,20.7,8.4,84.5,10.7,11.0,39.9,7.0,26.2,24.3,22.8,18.3,8.3,3.6,10.0,5.6,1.9
2017-05-27 09:14:00+02:00,4.4,11.7,3.2,16.2,82.1,56.3,46.0,8.9,3.6,21.1,15.4,59.4,5.1,19.1,6.5,13.0,2.4,15.3,50.0,79.2,41.5,4.3,53.4,7.0,93.6,19.8,20.7,8.4,84.7,10.7,11.1,39.8,7.0,27.3,25.4,23.9,19.3,7.7,3.1,11.6,7.1,2.6
2017-05-27 09:15:00+02:00,4.4,11.7,3.2,16.2,82.5,56.0,45.7,8.9,3.7,21.4,16.1,59.1,5.1,19.5,7.2,12.7,2.5,15.6,49.7,79.7,41.2,5.0,53.1,6.6,92.8,20.6,20.7,8.1,85.2,11.1,11.8,40.1,7.0,28.1,26.1,24.6,20.0,7.7,3.0,12.3,7.8,3.3
2017-05-27 09:16:00+02:00,4.4,11.8,3.2,16.2,84.4,57.5,46.6,8.9,3.7,21.7,16.5,60.6,5.1,19.6,7.6,12.9,2.4,15.7,51.1,81.5,42.1,5.4,54.5,6.7,96.1,21.0,20.8,8.2,87.2,11.2,12.1,40.3,7.0,28.3,26.3,24.8,20.2,7.8,3.1,12.4,7.9,3.3
2017-05-27 09:17:00+02:00,3.5,11.8,3.2,16.3,84.5,57.3,46.4,9.0,3.7,20.6,16.6,60.4,5.2,19.2,7.7,12.0,2.4,15.4,50.9,81.6,41.9,5.4,54.3,5.8,96.0,21.2,20.9,7.3,87.3,10.7,12.2,40.1,7.1,28.9,26.9,25.3,20.7,8.3,3.5,12.4,7.8,3.3
2017-05-27 09:18:00+02:00,3.2,11.8,3.2,16.4,85.3,58.3,47.4,9.0,3.7,20.6,16.3,61.5,5.3,20.3,7.5,11.8,2.5,16.5,51.9,82.4,42.9,5.3,55.4,5.5,97.1,20.9,20.9,7.1,88.1,11.8,12.1,41.3,7.0,28.8,26.7,25.2,20.5,8.0,3.3,12.5,7.8,3.3
2017-05-27 09:19:00+02:00,3.2,11.8,3.3,16.4,85.7,58.7,47.7,9.1,3.7,20.6,16.3,61.9,5.3,20.7,7.6,11.8,2.5,16.8,52.2,82.8,43.2,5.3,55.7,5.5,96.7,20.9,21.0,7.1,88.5,12.2,12.1,41.7,7.0,28.7,26.7,25.1,20.5,7.9,3.2,12.5,7.9,3.3
2017-05-27 09:20:00+02:00,2.2,11.9,3.3,16.4,86.4,59.2,48.2,9.1,3.7,19.9,16.4,62.4,5.3,20.8,7.6,10.9,2.5,16.9,52.7,83.4,43.7,5.3,56.2,4.6,97.6,21.1,21.1,6.2,89.2,12.2,12.2,41.9,7.0,28.2,26.2,24.5,19.9,8.1,3.3,11.8,7.1,2.6
2017-05-27 09:21:00+02:00,2.8,11.9,3.3,16.5,86.6,59.3,48.2,9.2,3.7,20.8,16.5,62.5,5.4,20.9,7.6,11.5,2.5,17.0,52.7,83.6,43.7,5.4,56.2,5.2,97.5,21.2,21.1,6.8,89.4,12.3,12.2,42.0,7.1,28.6,26.5,25.3,20.6,9.1,4.2,11.6,6.9,2.3
2017-05-27 09:22:00+02:00,3.2,12.0,3.3,16.6,86.5,59.0,47.9,9.2,3.7,21.1,16.6,62.3,5.4,20.4,7.7,12.0,2.5,16.5,52.5,83.6,43.4,5.4,56.0,5.6,97.5,21.4,21.3,7.3,89.4,11.8,12.3,41.7,7.1,28.6,26.4,25.8,21.1,9.4,4.5,11.7,6.9,2.3
2017-05-27 09:23:00+02:00,4.4,12.0,3.3,16.6,86.9,59.3,48.2,9.3,3.7,22.5,16.8,62.5,5.4,20.4,7.7,13.2,2.6,16.5,52.7,84.0,43.6,5.4,56.2,6.8,98.7,21.5,21.3,8.4,89.8,11.8,12.4,41.8,7.1,29.0,26.9,26.2,21.4,9.8,4.8,11.7,6.9,2.3
2017-05-27 09:24:00+02:00,4.5,12.0,3.3,16.7,86.8,59.4,48.3,9.3,3.7,22.5,16.6,62.6,5.4,20.5,7.8,13.2,2.6,16.6,52.8,83.9,43.7,5.5,56.4,6.9,98.8,21.3,21.4,8.6,89.7,11.8,12.5,41.8,7.1,29.3,27.1,26.4,21.7,9.7,4.7,12.0,7.2,2.7
2017-05-27 09:25:00+02:00,4.2,12.1,3.3,16.7,87.5,59.6,48.4,9.4,3.7,22.2,17.0,62.8,5.5,20.5,7.9,12.9,2.6,16.6,53.0,84.5,43.9,5.5,56.5,6.7,99.5,21.8,21.4,8.3,90.4,11.9,12.7,42.0,7.2,29.5,27.4,26.7,21.9,9.7,4.8,12.2,7.4,2.8
2017-05-27 09:26:00+02:00,3.9,12.1,3.3,16.8,87.8,59.9,48.7,9.4,3.8,22.0,17.1,63.1,5.5,20.6,8.0,12.6,2.6,16.7,53.2,84.9,44.0,5.5,56.8,6.4,99.9,21.8,21.5,8.0,90.8,11.9,12.7,42.1,7.2,30.7,28.5,26.8,22.0,9.8,4.8,12.2,7.5,2.8
2017-05-27 09:27:00+02:00,4.4,11.8,3.3,16.5,87.9,59.8,48.5,9.5,3.8,22.2,17.2,63.1,5.5,20.7,8.0,12.9,2.6,16.8,53.1,85.0,43.9,5.6,56.7,6.9,100.2,22.0,21.2,8.2,90.9,12.0,12.8,41.9,7.2,30.9,28.7,26.9,22.1,9.8,4.8,12.3,7.5,2.8
2017-05-27 09:28:00+02:00,4.4,12.2,3.3,16.9,88.8,60.7,49.4,9.5,3.8,22.2,17.2,64.0,5.6,21.2,8.0,12.8,2.6,17.3,54.1,85.9,44.8,5.6,57.6,7.0,101.1,21.9,21.6,8.2,91.9,12.5,12.8,42.8,7.2,30.8,28.6,26.8,22.0,9.8,4.8,12.2,7.5,2.8
2017-05-27 09:29:00+02:00,4.4,12.2,3.3,16.9,89.1,61.0,49.7,9.5,3.8,22.2,17.2,64.3,5.6,21.4,8.1,12.9,2.7,17.5,54.4,86.2,45.1,5.6,57.9,7.0,101.4,22.0,21.7,8.3,92.2,12.6,12.9,43.0,7.2,30.9,28.7,26.9,22.1,9.8,4.8,12.3,7.5,2.9
2017-05-27 09:30:00+02:00,4.4,12.3,3.4,17.0,89.3,61.2,49.8,9.6,3.8,22.4,17.2,64.5,5.6,21.5,8.1,12.9,2.7,17.6,54.5,86.4,45.1,5.6,58.1,7.0,101.5,22.0,21.8,8.3,92.4,12.7,12.9,43.2,7.3,30.6,28.3,26.5,21.7,9.9,4.8,11.8,7.0,2.4
2017-05-27 09:31:00+02:00,4.4,12.4,3.4,17.1,89.8,61.4,49.9,9.6,3.8,21.2,17.3,64.7,5.7,21.4,8.1,11.8,2.7,17.5,54.7,86.8,45.3,5.6,58.3,7.1,102.1,22.2,21.9,8.4,92.9,12.6,13.0,43.3,7.3,30.9,28.7,26.8,21.9,10.0,4.9,12.0,7.2,2.5
2017-05-27 09:32:00+02:00,4.5,12.4,3.4,17.2,90.1,61.7,50.1,9.7,3.8,22.5,17.4,65.0,5.7,21.5,8.2,13.0,2.7,17.6,54.9,87.2,45.4,5.6,58.6,7.1,102.5,22.3,22.0,8.5,93.2,12.7,13.0,43.5,7.3,31.2,28.9,27.0,22.1,10.1,4.9,12.0,7.2,2.5
2017-05-27 09:33:00+02:00,4.5,12.4,3.4,17.2,90.8,62.0,50.5,9.7,3.8,22.8,17.7,65.3,5.7,21.8,8.3,13.3,2.7,17.9,55.3,87.8,45.8,5.8,58.9,7.2,103.3,22.6,22.0,8.5,93.9,13.0,13.2,43.8,7.3,31.7,29.4,27.4,22.6,10.1,5.0,12.4,7.6,2.9
2017-05-27 09:34:00+02:00,4.5,12.5,3.4,17.2,91.1,62.3,50.7,9.7,3.8,22.9,17.7,65.6,5.8,21.9,8.4,13.3,2.7,17.9,55.6,88.2,46.0,5.9,59.1,7.2,104.0,22.7,22.1,8.6,94.2,13.0,13.3,44.0,7.3,31.9,29.6,27.7,22.8,10.1,5.0,12.6,7.8,3.0
2017-05-27 09:35:00+02:00,4.5,12.4,3.4,17.2,91.4,62.5,50.9,9.7,3.8,22.9,17.8,65.8,5.8,22.0,8.5,13.4,2.8,18.0,55.7,88.5,46.1,5.9,59.3,7.2,104.0,22.7,22.1,8.6,94.5,13.1,13.3,44.1,7.2,32.2,29.9,28.0,23.1,10.2,5.0,12.9,8.0,3.2
2017-05-27 09:36:00+02:00,4.5,12.5,3.4,17.3,91.7,62.7,51.2,9.8,3.8,23.0,17.8,66.1,5.8,22.1,8.5,13.3,2.8,18.1,56.0,88.8,46.3,5.9,59.6,7.2,104.4,22.7,22.2,8.6,94.8,13.2,13.3,44.3,7.3,32.2,29.9,28.2,23.3,10.2,5.0,13.0,8.1,3.3
2017-05-27 09:37:00+02:00,4.0,12.5,3.5,17.4,91.7,62.6,50.9,9.8,3.8,22.6,17.9,66.0,5.8,21.8,8.6,12.9,2.8,17.7,55.8,88.8,46.1,6.0,59.4,6.7,104.4,22.9,22.3,8.2,94.7,12.8,13.4,44.0,7.3,32.4,30.1,28.3,23.4,10.3,5.0,13.1,8.1,3.3
2017-05-27 09:38:00+02:00,4.1,12.6,3.5,17.5,91.9,62.7,51.0,9.8,3.8,22.7,18.0,66.0,5.9,21.7,8.6,13.1,2.8,17.7,55.9,89.0,46.1,6.0,59.5,6.8,104.4,23.0,22.4,8.3,94.7,12.8,13.5,44.0,7.3,32.6,30.2,28.4,23.5,10.3,5.1,13.1,8.1,3.3
2017-05-27 09:39:00+02:00,4.4,12.6,3.5,17.5,92.2,62.9,51.1,9.9,3.8,23.3,18.1,66.2,5.9,21.6,8.7,13.6,2.8,17.8,56.0,89.3,46.2,6.1,59.7,7.2,104.9,23.1,22.5,8.7,95.0,12.8,13.6,44.1,7.4,32.6,30.2,28.4,23.4,10.4,5.1,13.1,8.0,3.3
2017-05-27 09:40:00+02:00,4.7,12.6,3.5,17.6,92.5,63.0,51.2,9.9,3.8,23.5,18.2,66.4,5.9,21.7,8.8,13.8,2.8,17.8,56.1,89.5,46.3,6.1,59.8,7.4,105.2,23.2,22.6,8.8,95.3,12.8,13.7,44.2,7.4,32.5,30.1,28.3,23.3,10.3,5.1,13.0,7.9,3.3
2017-05-27 09:41:00+02:00,4.8,12.6,3.5,17.6,92.5,63.0,51.2,9.9,3.8,23.6,18.2,66.3,5.9,21.6,8.8,13.9,2.8,17.7,56.1,89.5,46.3,6.1,59.8,7.5,105.3,23.2,22.6,9.0,95.4,12.7,13.7,44.2,7.4,32.4,30.0,28.3,23.3,10.3,5.1,13.0,7.9,3.3
2017-05-27 09:42:00+02:00,4.8,12.7,3.5,17.6,92.9,63.3,51.4,9.9,3.8,23.7,18.2,66.6,5.9,21.7,8.9,13.9,2.8,17.8,56.3,89.7,46.5,6.1,60.0,7.6,105.9,23.2,22.7,9.0,95.8,12.8,13.8,44.4,7.4,31.5,29.0,28.4,23.4,10.3,5.2,13.1,8.0,3.3
2017-05-27 09:43:00+02:00,4.8,12.7,3.5,17.7,93.2,63.6,51.7,10.0,3.8,23.8,18.1,67.0,6.0,21.9,8.7,14.0,2.9,17.9,56.7,90.0,46.8,6.2,60.4,7.6,106.1,23.1,22.7,9.0,96.2,12.9,13.6,44.6,7.4,31.6,29.1,28.5,23.5,10.4,5.2,13.1,8.0,3.4
2017-05-27 09:44:00+02:00,4.9,12.8,3.5,17.8,93.5,63.9,52.0,10.1,3.9,24.0,17.9,67.3,6.1,22.1,8.4,14.1,3.0,18.1,57.0,90.2,47.1,6.2,60.7,7.7,106.4,23.0,22.9,9.1,96.4,13.1,13.5,44.9,7.4,31.7,29.2,28.6,23.5,10.4,5.2,13.1,8.0,3.4
2017-05-27 09:45:00+02:00,4.9,12.8,3.6,17.8,94.0,64.4,52.4,10.2,3.9,24.3,18.0,67.8,6.1,22.3,8.4,14.4,3.0,18.3,57.4,90.8,47.5,6.2,61.1,7.9,107.2,23.1,22.9,9.4,97.0,13.2,13.5,45.2,7.4,31.9,29.3,28.7,23.7,10.5,5.2,13.2,8.0,3.4
2017-05-27 09:46:00+02:00,4.8,12.8,3.6,17.8,94.7,64.3,52.5,10.2,3.8,24.3,18.7,67.8,6.2,22.4,9.0,14.3,3.0,18.4,57.4,91.5,47.6,6.2,61.1,7.9,107.9,23.8,22.9,9.3,97.8,13.3,14.1,45.2,7.4,32.2,29.6,28.9,23.8,10.6,5.2,13.2,8.1,3.4
2017-05-27 09:47:00+02:00,4.9,12.8,3.6,17.8,95.1,64.6,52.6,10.2,3.8,24.6,18.8,68.0,6.1,22.4,9.1,14.5,2.9,18.4,57.6,91.8,47.7,6.2,61.3,8.0,108.3,23.9,22.9,9.5,98.1,13.3,14.1,45.3,7.4,33.4,30.9,29.0,23.9,10.7,5.3,13.2,8.1,3.4
2017-05-27 09:48:00+02:00,4.9,12.9,3.6,17.9,95.2,64.9,52.9,10.2,3.8,24.6,18.4,68.4,6.2,22.5,8.5,14.5,3.0,18.5,57.9,91.9,48.0,5.6,61.6,8.0,108.4,23.6,23.1,9.5,98.2,13.4,13.6,45.6,7.5,33.6,31.1,29.2,24.1,10.8,5.3,13.3,8.1,3.4
2017-05-27 09:49:00+02:00,5.0,13.0,3.6,18.0,95.5,65.1,53.2,10.3,3.8,24.8,18.5,68.5,6.2,22.7,8.5,14.7,3.0,18.6,58.3,92.2,48.2,5.6,61.8,8.1,108.8,23.7,23.2,9.6,98.5,13.5,13.6,45.8,7.5,33.8,31.2,29.2,24.1,10.8,5.3,13.3,8.1,3.4
2017-05-27 09:50:00+02:00,5.0,13.1,3.6,18.1,95.6,65.2,53.4,10.3,3.9,25.0,18.5,68.7,6.3,22.7,8.5,14.8,3.0,18.7,58.5,92.3,48.4,5.6,61.9,8.1,108.9,23.7,23.2,9.7,98.6,13.6,13.6,46.0,7.6,34.1,31.5,29.5,24.3,10.8,5.3,13.5,8.3,3.6
2017-05-27 09:51:00+02:00,5.1,13.1,3.6,18.1,95.4,65.3,53.5,10.4,3.9,25.1,18.6,68.8,6.3,22.8,8.5,14.9,3.0,18.7,58.6,92.1,48.4,5.7,62.0,8.2,108.5,23.3,23.2,9.7,98.5,13.6,13.7,46.0,7.6,34.4,31.8,29.6,24.5,10.9,5.4,13.6,8.4,3.6
2017-05-27 09:52:00+02:00,5.1,13.1,3.6,18.1,96.3,66.2,54.3,10.4,3.9,25.2,18.6,69.7,6.3,23.5,8.5,14.9,3.1,19.4,59.4,93.0,49.2,5.6,62.8,8.2,109.0,23.3,23.3,9.8,99.3,14.2,13.7,46.7,7.6,34.5,31.9,29.7,24.6,10.9,5.4,13.6,8.4,3.7
2017-05-27 09:53:00+02:00,5.1,13.2,3.5,18.2,96.6,66.4,54.4,10.4,3.9,25.3,18.7,69.9,6.4,23.5,8.5,15.0,3.0,19.5,59.6,93.3,49.3,5.6,63.1,8.3,109.4,23.4,23.3,9.9,99.4,14.3,13.7,46.9,7.6,34.7,32.0,29.8,24.7,11.0,5.4,13.7,8.4,3.7
2017-05-27 09:54:00+02:00,5.2,13.2,3.6,18.2,97.0,66.6,54.6,10.4,3.9,25.3,18.8,70.2,6.3,23.6,8.6,15.0,3.0,19.5,59.8,93.6,49.5,5.7,63.3,8.3,110.1,23.5,23.4,9.9,99.7,14.3,13.8,47.0,7.7,35.0,32.4,30.1,24.9,10.9,5.4,14.0,8.7,3.7
2017-05-27 09:55:00+02:00,4.9,13.2,3.6,18.2,97.1,66.7,54.7,10.4,4.0,25.2,18.8,70.2,6.3,23.6,8.5,14.8,3.0,19.5,59.8,93.8,49.5,5.7,63.3,8.1,110.3,23.6,23.5,9.8,99.9,14.3,13.7,47.0,7.7,35.3,32.6,30.4,25.2,11.0,5.4,14.2,8.8,3.6
2017-05-27 09:56:00+02:00,4.9,13.2,3.7,18.2,97.1,66.7,54.6,10.4,4.0,25.3,18.7,70.3,6.4,23.6,8.5,14.8,3.0,19.5,59.8,93.7,49.5,5.8,63.3,8.1,110.4,23.5,23.4,9.8,99.9,14.3,13.7,47.0,7.7,35.4,32.8,30.5,25.3,11.0,5.4,14.3,8.9,3.6
2017-05-27 09:57:00+02:00,4.9,13.2,3.7,18.3,96.7,66.1,54.0,10.4,4.0,25.4,18.8,69.7,6.4,23.7,8.5,14.9,3.1,19.5,59.2,93.2,48.8,5.8,62.7,8.1,110.1,23.6,23.5,9.9,99.5,14.3,13.8,47.2,7.7,35.4,32.7,30.4,25.1,10.9,5.4,14.2,8.9,3.7
2017-05-27 09:58:00+02:00,4.9,13.2,3.7,18.3,96.9,66.2,54.1,10.5,4.0,25.5,19.0,69.7,6.5,23.5,8.7,15.0,3.1,19.4,59.2,93.5,48.9,5.8,62.8,8.1,110.3,23.8,23.6,9.9,99.7,14.1,13.9,47.1,7.7,35.6,32.9,30.6,25.3,11.1,5.5,14.2,8.9,3.7
2017-05-27 09:59:00+02:00,5.0,13.3,3.7,18.4,97.1,66.4,54.3,10.6,4.0,25.6,18.9,70.0,6.5,22.9,8.8,15.1,3.1,18.8,59.5,93.7,49.1,5.8,63.0,8.2,110.8,23.7,23.7,10.0,100.4,13.5,14.0,46.6,7.8,35.7,33.0,30.6,25.4,11.2,5.5,14.2,8.9,3.6
2017-05-27 10:00:00+02:00,5.0,13.3,3.7,18.5,98.4,67.5,55.3,10.6,4.0,25.4,19.1,71.1,6.5,23.9,8.8,14.8,3.1,19.7,60.5,95.0,50.1,5.9,64.1,7.9,112.2,23.9,23.8,9.7,101.7,14.5,14.1,47.6,7.8,35.9,33.1,30.8,25.5,11.2,5.5,14.3,8.9,3.7
2017-05-27 10:01:00+02:00,5.0,13.4,3.7,18.5,98.3,67.1,55.5,10.6,4.0,25.6,19.3,70.7,6.5,23.9,8.9,14.9,3.1,19.8,60.1,94.8,50.3,5.9,63.6,7.9,112.4,24.2,23.8,9.8,101.6,14.5,14.2,47.8,7.8,36.0,33.3,30.9,25.6,11.2,5.6,14.3,9.0,3.7
2017-05-27 10:02:00+02:00,5.0,13.5,3.7,18.7,98.4,67.2,55.6,10.6,4.0,25.5,19.3,70.8,6.5,23.9,8.9,14.9,3.1,19.8,60.2,94.9,50.4,5.9,63.8,7.9,112.5,24.2,24.0,9.8,101.7,14.5,14.2,47.9,7.8,36.1,33.3,30.9,25.6,11.3,5.6,14.4,9.0,3.7
2017-05-27 10:03:00+02:00,5.0,13.6,3.7,18.8,99.4,67.5,55.8,10.6,4.0,25.7,20.0,71.1,6.5,24.0,9.6,15.0,3.1,19.9,60.4,95.9,50.6,6.7,64.1,8.0,113.5,24.8,24.1,9.9,102.7,14.5,15.0,48.1,7.8,36.4,33.6,31.2,25.8,11.3,5.6,14.5,9.0,3.7
2017-05-27 10:04:00+02:00,5.0,13.6,3.7,18.8,100.0,67.8,56.0,10.7,3.9,25.7,20.3,71.4,6.5,24.0,9.7,15.1,3.1,19.9,60.6,96.5,50.6,6.7,64.3,8.0,114.0,25.2,24.1,9.9,103.4,14.6,15.1,48.1,7.8,36.4,33.6,31.2,25.9,11.3,5.6,14.6,9.0,3.7
2017-05-27 10:05:00+02:00,5.1,13.6,3.7,18.8,100.3,68.0,56.2,10.7,4.0,25.8,20.3,71.7,6.6,24.0,9.7,15.1,3.1,19.9,60.8,96.8,50.8,6.7,64.6,8.0,114.2,25.2,24.2,9.9,103.6,14.6,15.1,48.3,7.8,36.6,33.8,31.3,26.0,11.4,5.6,14.6,9.0,3.7
2017-05-27 10:06:00+02:00,5.1,13.7,3.7,18.9,100.7,68.1,56.2,10.6,4.0,25.9,20.3,71.7,6.6,24.0,9.7,15.2,3.1,19.9,60.8,97.2,50.8,6.7,64.6,8.1,114.7,25.5,24.2,10.0,104.1,14.6,15.1,48.3,7.9,36.8,33.9,31.5,26.1,11.4,5.6,14.7,9.1,3.8
2017-05-27 10:07:00+02:00,4.6,13.7,3.8,18.8,101.2,68.4,56.4,10.7,4.0,25.5,20.4,72.0,6.6,24.2,9.8,14.8,3.2,20.1,61.0,97.7,51.0,6.7,64.9,7.6,115.3,25.7,24.2,9.5,104.7,14.7,15.2,48.4,7.9,36.9,34.1,31.6,26.2,11.4,5.7,14.8,9.2,3.8
2017-05-27 10:08:00+02:00,4.1,13.8,3.8,19.0,101.7,68.6,56.6,10.7,4.0,25.1,20.5,72.3,6.7,24.3,9.8,14.3,3.2,20.2,61.3,98.1,51.2,6.8,65.1,7.1,115.6,25.9,24.3,9.1,105.0,14.8,15.2,48.7,7.9,36.9,34.1,31.6,26.3,11.4,5.6,14.8,9.2,3.8
2017-05-27 10:09:00+02:00,4.5,13.7,3.8,18.8,101.3,68.5,56.5,10.7,4.0,25.4,20.5,72.1,6.7,24.3,9.8,14.6,3.2,20.2,61.1,97.7,51.1,6.8,64.9,7.5,115.3,25.7,24.2,9.5,104.7,14.8,15.2,48.5,7.9,37.0,34.2,31.7,26.3,11.5,5.7,14.8,9.2,3.8
2017-05-27 10:10:00+02:00,5.0,13.7,3.8,18.9,101.0,68.7,56.7,10.8,4.0,26.4,20.6,72.5,6.7,24.4,9.8,15.6,3.2,20.2,61.4,97.4,51.3,6.8,65.2,8.1,115.0,25.0,24.3,10.5,104.3,14.8,15.3,48.7,7.9,37.2,34.3,31.8,26.4,11.5,5.7,14.9,9.2,3.8
2017-05-27 10:11:00+02:00,5.0,13.7,3.8,18.9,100.9,68.7,56.7,10.8,4.0,26.5,20.5,72.4,6.7,24.4,9.8,15.6,3.2,20.2,61.4,97.3,51.2,6.8,65.2,8.0,114.9,25.0,24.3,10.5,104.3,14.8,15.3,48.6,7.9,37.1,34.2,31.7,26.3,11.5,5.7,14.8,9.2,3.7
2017-05-27 10:12:00+02:00,5.1,13.7,3.8,19.0,101.3,69.0,56.9,10.8,4.0,26.6,20.6,72.7,6.7,24.4,9.9,15.6,3.2,20.2,61.6,97.7,51.4,6.8,65.4,8.0,115.5,25.1,24.5,10.5,104.8,14.8,15.4,48.8,7.9,37.2,34.3,31.8,26.4,11.5,5.7,14.8,9.2,3.8
2017-05-27 10:13:00+02:00,5.1,13.8,3.8,19.0,101.3,68.9,56.9,10.8,4.1,26.7,20.6,72.7,6.7,24.3,9.9,15.7,3.2,20.2,61.6,97.7,51.4,6.8,65.4,8.1,115.5,25.1,24.5,10.6,104.7,14.8,15.4,48.8,7.9,37.3,34.4,31.8,26.4,11.6,5.7,14.9,9.2,3.7
2017-05-27 10:14:00+02:00,5.1,13.8,3.8,19.1,101.5,69.1,57.0,10.7,4.0,26.8,20.8,72.8,6.7,24.3,10.0,15.9,3.2,20.2,61.7,97.9,51.5,6.9,65.5,8.1,115.7,25.2,24.5,10.6,105.0,14.8,15.5,48.9,7.9,37.4,34.5,31.9,26.5,11.6,5.8,14.9,9.2,3.7
2017-05-27 10:15:00+02:00,5.1,13.8,3.8,19.1,101.5,69.1,57.0,10.6,4.0,26.9,20.7,72.8,6.6,24.3,9.9,15.9,3.1,20.1,61.7,97.9,51.5,6.9,65.5,8.1,115.8,25.2,24.5,10.7,105.0,14.7,15.5,48.8,7.9,37.5,34.6,31.9,26.6,11.7,5.8,14.9,9.2,3.7
2017-05-27 10:16:00+02:00,5.1,13.8,3.8,19.1,101.2,68.8,57.1,10.7,4.0,27.0,20.7,72.5,6.7,24.3,10.0,16.0,3.2,20.2,61.4,97.5,51.6,6.9,65.2,8.2,115.4,25.2,24.5,10.7,104.6,14.8,15.5,48.9,7.8,37.6,34.6,32.0,26.6,11.7,5.8,14.9,9.2,3.7
2017-05-27 10:17:00+02:00,5.1,13.9,3.8,19.2,101.7,69.1,57.4,10.8,4.1,27.1,20.8,72.9,6.7,24.5,10.0,16.1,3.2,20.4,61.7,98.1,51.9,6.9,65.5,8.2,116.1,25.3,24.6,10.8,105.2,14.8,15.6,49.1,7.9,37.6,34.7,32.0,26.8,11.7,5.8,15.0,9.3,3.8
2017-05-27 10:18:00+02:00,5.1,12.9,3.8,18.3,101.4,68.5,56.7,10.8,4.1,27.2,21.0,72.3,6.7,24.6,10.1,16.1,3.2,20.5,61.0,97.7,51.1,6.9,64.9,8.3,115.8,25.6,23.8,10.8,104.9,14.9,15.6,48.4,7.0,37.6,34.7,32.0,26.8,11.7,5.8,15.1,9.3,3.8
2017-05-27 10:19:00+02:00,5.1,12.8,3.8,18.1,101.2,68.3,56.6,11.0,4.1,27.3,21.1,72.0,6.8,24.7,10.1,16.2,3.3,20.6,61.0,97.6,51.1,6.9,64.6,8.3,115.0,25.6,23.6,10.8,104.8,15.0,15.6,48.3,6.8,37.6,34.7,32.0,26.8,11.7,5.8,15.1,9.3,3.8
2017-05-27 10:20:00+02:00,5.2,12.9,3.8,18.2,101.7,68.6,56.9,11.0,4.1,27.5,21.1,72.4,6.9,24.8,10.1,16.3,3.3,20.7,61.2,98.0,51.3,6.9,64.9,8.3,115.6,25.7,23.7,10.9,105.2,15.1,15.7,48.5,6.9,37.8,34.8,32.1,27.0,11.8,5.8,15.2,9.4,3.8
2017-05-27 10:21:00+02:00,5.2,12.9,3.8,18.3,102.7,68.6,57.0,11.0,4.1,27.6,21.2,72.4,6.9,24.8,10.1,16.4,3.3,20.7,61.3,99.1,51.4,6.9,65.0,8.3,116.6,26.8,23.8,11.0,106.2,15.1,15.7,48.6,6.9,38.0,35.0,32.3,27.1,11.8,5.8,15.3,9.5,3.9
2017-05-27 10:22:00+02:00,5.2,12.9,3.9,18.3,103.1,68.8,57.1,11.0,4.1,27.6,21.3,72.6,6.9,24.8,10.1,16.4,3.3,20.6,61.4,99.5,51.5,6.9,65.2,8.4,117.1,26.9,23.9,11.0,106.6,15.0,15.8,48.7,6.9,37.1,34.0,31.3,27.1,11.8,5.8,15.3,9.5,3.9
2017-05-27 10:23:00+02:00,5.2,13.0,3.9,18.4,103.5,69.0,57.3,11.0,4.2,27.8,21.4,72.8,6.8,24.8,10.2,16.5,3.3,20.7,61.5,99.8,51.7,7.0,65.4,8.4,117.4,27.1,24.0,11.1,107.0,15.1,15.8,48.8,6.9,37.4,34.4,31.7,27.2,11.8,5.8,15.4,9.5,3.9
2017-05-27 10:24:00+02:00,5.2,12.9,3.9,18.4,104.0,69.4,57.5,11.1,4.2,27.9,21.5,73.2,7.0,25.0,10.2,16.6,3.4,20.9,61.9,100.3,51.9,7.0,65.7,8.4,118.0,27.2,24.0,11.1,107.5,15.2,15.9,49.0,6.9,38.7,35.7,32.9,27.5,12.0,5.9,15.5,9.6,3.9
2017-05-27 10:25:00+02:00,5.1,13.0,3.9,18.4,104.1,69.6,57.7,11.2,4.2,27.8,21.4,73.4,7.0,25.1,10.3,16.4,3.4,20.9,62.1,100.4,52.0,7.0,65.9,8.3,118.2,27.1,24.1,10.9,107.7,15.3,16.0,49.2,6.9,38.9,35.8,33.0,27.5,12.0,5.9,15.5,9.6,3.9
2017-05-27 10:26:00+02:00,5.1,13.0,3.9,18.4,104.4,70.2,57.7,11.2,4.2,27.8,21.0,74.0,7.0,25.1,10.4,16.4,3.4,20.9,62.7,100.7,52.1,7.1,66.5,8.3,118.5,26.8,24.0,10.9,108.0,15.3,16.1,49.2,6.9,38.7,35.6,32.8,27.5,12.0,5.9,15.5,9.6,3.9
2017-05-27 10:27:00+02:00,5.1,13.0,3.9,18.5,104.0,70.9,57.8,11.1,4.2,28.0,21.1,74.7,7.0,25.1,10.4,16.5,3.5,20.9,63.3,101.5,52.1,7.2,67.2,8.4,118.0,26.9,24.1,11.0,107.6,15.2,16.2,49.3,6.9,38.6,35.5,32.7,27.4,12.0,6.0,15.4,9.5,3.7
2017-05-27 10:28:00+02:00,5.2,13.0,3.9,18.5,103.5,70.5,57.6,11.0,4.2,28.0,21.2,74.3,6.9,24.9,10.4,16.6,3.5,20.8,63.0,101.2,51.9,7.2,66.8,8.5,117.5,27.0,24.1,11.1,107.1,15.1,16.2,49.0,6.9,37.9,34.8,32.0,26.7,12.0,6.0,14.6,8.7,3.0
2017-05-27 10:29:00+02:00,5.0,13.0,3.9,18.5,105.5,70.7,57.8,11.2,4.2,27.8,21.7,74.6,7.1,25.1,10.5,16.5,3.5,21.0,63.3,101.9,52.1,7.2,67.0,8.3,119.6,27.5,24.1,10.9,109.0,15.3,16.2,49.2,6.9,39.0,35.9,33.1,27.6,12.0,6.0,15.6,9.6,3.9
2017-05-27 10:30:00+02:00,4.4,13.0,3.9,18.5,106.1,71.1,58.1,11.2,4.1,27.4,21.8,74.9,7.1,25.2,10.5,16.1,3.5,21.1,63.5,102.5,52.4,7.2,67.4,7.8,120.2,27.6,24.2,10.5,109.7,15.4,16.3,49.4,6.8,39.4,36.2,33.4,27.8,12.1,6.0,15.7,9.7,4.0
2017-05-27 10:31:00+02:00,4.4,13.0,3.9,18.6,105.9,70.9,58.3,11.3,4.1,27.5,21.9,74.7,7.2,25.3,10.5,16.1,3.5,21.1,63.3,102.3,52.6,7.2,67.1,7.9,119.3,27.7,24.3,10.6,109.5,15.4,16.3,49.6,6.9,39.5,36.4,33.5,27.8,12.1,6.0,15.7,9.7,4.0
2017-05-27 10:32:00+02:00,4.4,13.1,3.9,18.7,106.1,70.9,58.3,11.3,4.1,27.6,22.0,74.8,7.2,25.1,10.6,16.2,3.5,20.9,63.3,102.5,52.5,7.2,67.2,7.9,119.4,27.8,24.4,10.6,109.8,15.4,16.4,49.5,6.9,39.1,36.0,33.1,27.9,12.1,6.0,15.8,9.8,3.9
2017-05-27 10:33:00+02:00,4.5,14.1,3.9,19.5,107.0,71.7,58.9,11.2,4.1,27.7,22.0,75.6,7.2,25.0,10.6,16.3,3.5,20.8,64.0,103.4,53.2,7.3,68.0,8.0,121.1,27.8,25.2,10.7,110.6,15.4,16.4,50.2,7.9,39.1,35.9,33.0,27.9,12.1,6.0,15.8,9.8,4.0
2017-05-27 10:34:00+02:00,4.9,14.3,3.9,18.5,106.2,70.8,58.0,11.3,4.2,28.2,22.0,74.8,7.2,25.1,10.6,16.7,3.5,20.9,63.2,102.6,52.3,7.3,67.1,8.5,121.1,27.9,24.2,11.2,109.8,15.4,16.4,49.3,8.1,39.3,36.1,33.2,28.0,12.2,6.0,15.8,9.8,4.0
2017-05-27 10:35:00+02:00,4.8,14.2,4.0,18.0,105.1,69.7,56.9,11.3,4.2,28.3,22.1,73.6,7.2,25.1,10.6,16.7,3.6,20.9,62.0,101.5,51.1,7.3,66.0,8.5,119.5,28.0,23.8,11.2,108.7,15.5,16.5,48.9,7.9,39.5,36.4,33.4,28.0,12.2,6.1,15.8,9.8,3.9
2017-05-27 10:36:00+02:00,4.9,14.0,4.0,18.9,106.4,70.9,58.0,11.3,4.2,28.4,22.2,74.8,7.2,25.2,10.6,16.8,3.6,20.9,63.2,102.8,52.3,7.3,67.2,8.5,120.9,28.1,24.7,11.3,110.0,15.5,16.5,49.8,7.7,39.8,36.6,33.7,28.1,12.3,6.1,15.9,9.8,3.9
2017-05-27 10:37:00+02:00,4.7,13.0,4.0,18.2,106.4,70.8,57.9,11.3,4.2,28.3,22.2,74.7,7.2,25.1,10.7,16.7,3.6,20.9,63.1,102.7,52.2,7.3,67.1,8.4,120.9,28.1,24.0,11.1,110.0,15.4,16.5,49.1,6.8,39.8,36.6,33.7,28.2,12.3,6.1,15.9,9.8,3.9
2017-05-27 10:38:00+02:00,4.1,13.1,4.0,18.3,106.7,71.0,58.1,11.3,4.2,27.7,22.3,74.9,7.3,25.1,10.7,16.0,3.6,20.9,63.3,103.0,52.3,7.3,67.2,7.7,121.3,28.3,24.1,10.5,110.4,15.4,16.6,49.2,6.8,39.9,36.7,33.8,28.3,12.4,6.1,15.9,9.8,3.9
2017-05-27 10:39:00+02:00,4.0,13.1,4.0,18.3,106.6,70.9,58.1,11.3,4.2,27.4,22.3,74.8,7.3,25.1,10.7,15.7,3.6,20.9,63.2,103.0,52.3,7.3,67.2,7.6,121.3,28.3,24.1,10.4,110.3,15.4,16.6,49.2,6.8,40.0,36.8,33.8,28.2,12.3,6.1,15.9,9.8,3.9
2017-05-27 10:40:00+02:00,4.8,13.2,4.0,18.4,106.5,70.9,58.1,11.3,4.2,28.6,22.3,74.8,7.3,25.1,10.7,16.9,3.6,20.9,63.2,102.9,52.3,7.3,67.2,8.4,121.3,28.2,24.2,11.3,110.3,15.3,16.6,49.2,6.9,40.0,36.7,33.7,28.2,12.3,6.1,15.9,9.8,3.9
2017-05-27 10:41:00+02:00,4.9,13.2,4.0,18.4,106.7,71.1,58.2,11.3,4.2,28.8,22.3,74.9,7.3,25.1,10.7,17.2,3.6,20.9,63.3,103.1,52.4,7.3,67.3,8.6,121.4,28.3,24.2,11.5,110.4,15.4,16.6,49.3,6.9,40.1,36.8,33.8,28.2,12.3,6.1,15.9,9.8,3.9
2017-05-27 10:42:00+02:00,4.8,13.2,4.0,18.5,107.4,71.5,58.6,11.4,4.2,28.9,22.4,75.3,7.4,25.3,10.8,17.1,3.6,21.1,63.7,103.7,52.7,7.4,67.7,8.5,122.0,28.4,24.4,11.5,111.2,15.5,16.7,49.6,7.0,40.4,37.1,34.0,28.4,12.4,6.1,16.0,9.9,3.9
2017-05-27 10:43:00+02:00,4.9,13.3,4.0,18.6,107.4,71.8,58.9,11.5,4.2,29.0,22.5,75.7,7.4,25.4,10.8,17.2,3.7,21.2,64.0,104.1,53.0,7.4,68.0,8.6,122.1,28.5,24.5,11.5,111.1,15.6,16.8,49.9,7.0,40.6,37.3,34.2,28.6,12.4,6.2,16.1,10.0,3.9
2017-05-27 10:44:00+02:00,5.0,13.3,4.0,18.7,107.1,72.0,59.0,11.6,4.2,29.1,22.5,75.9,7.3,25.5,10.8,17.3,3.7,21.3,64.2,104.3,53.1,7.3,68.2,8.7,121.9,28.5,24.6,11.6,110.9,15.7,16.8,50.0,7.0,40.6,37.3,34.2,28.6,12.5,6.2,16.1,9.9,3.9
2017-05-27 10:45:00+02:00,5.1,13.4,4.0,18.8,107.3,72.1,58.9,11.6,4.2,29.0,22.6,76.0,7.3,25.4,10.8,17.2,3.7,21.2,64.2,104.5,53.1,7.4,68.3,8.5,122.1,28.6,24.7,11.5,111.1,15.7,16.8,50.1,7.1,40.6,37.2,34.2,28.5,12.5,6.2,16.0,9.8,3.9
2017-05-27 10:46:00+02:00,4.3,13.5,4.0,18.9,108.2,72.8,59.1,11.6,4.2,28.3,22.7,76.7,7.4,25.5,10.9,16.5,3.7,21.2,64.9,105.4,53.2,7.4,69.0,7.7,122.9,28.7,24.8,10.7,112.0,15.7,16.9,50.2,7.1,40.6,37.2,34.1,28.4,12.5,6.2,15.9,9.7,4.0
2017-05-27 10:47:00+02:00,4.7,13.5,4.0,18.9,108.5,73.0,59.3,11.6,4.2,28.7,22.8,76.9,7.4,25.7,10.9,16.9,3.7,21.4,65.2,105.7,53.4,7.4,69.2,8.1,123.2,28.8,24.8,11.1,112.2,15.7,16.9,50.4,7.2,40.6,37.3,34.2,28.4,12.5,6.2,15.9,9.7,4.0
2017-05-27 10:48:00+02:00,5.1,14.5,4.0,19.9,110.0,74.3,60.6,11.7,4.2,29.2,22.9,78.3,7.4,25.8,11.0,17.3,3.7,21.6,66.4,107.2,54.6,7.5,70.5,8.5,124.9,29.0,25.8,11.5,113.8,15.8,17.1,51.6,8.1,41.2,37.8,34.7,28.9,12.6,6.3,16.3,10.1,4.0
2017-05-27 10:49:00+02:00,5.3,14.6,4.0,20.0,110.5,74.7,60.9,11.7,4.2,29.4,23.0,78.6,7.5,25.9,11.0,17.5,3.7,21.6,66.8,107.6,54.9,7.5,70.8,8.6,125.6,29.1,26.0,11.6,114.2,15.8,17.1,51.9,8.2,41.4,38.0,34.9,29.1,12.6,6.3,16.5,10.2,4.0
2017-05-27 10:50:00+02:00,5.1,14.7,4.0,20.1,110.8,75.0,61.2,11.7,4.3,29.4,22.9,78.9,7.4,25.9,11.0,17.3,3.7,21.7,67.1,107.9,55.1,7.5,71.1,8.5,126.0,29.1,26.1,11.5,114.5,15.9,17.1,52.1,8.3,41.4,38.0,34.9,29.1,12.6,6.3,16.4,10.2,4.0
2017-05-27 10:51:00+02:00,5.1,14.6,4.0,20.2,110.6,74.8,61.1,11.7,4.2,29.3,22.9,78.8,7.4,25.8,11.0,17.3,3.7,21.5,67.0,107.7,55.0,7.5,71.0,8.4,125.6,29.0,26.3,11.5,114.3,15.7,17.1,52.0,8.2,41.3,37.9,34.8,28.9,12.6,6.3,16.4,10.1,3.9
2017-05-27 10:52:00+02:00,5.2,14.6,4.0,20.2,110.8,75.0,61.3,11.7,4.2,29.5,22.9,79.0,7.4,25.9,11.0,17.5,3.7,21.6,67.2,107.9,55.2,7.5,71.2,8.6,125.8,29.0,26.3,11.7,114.5,15.8,17.1,52.1,8.2,41.3,37.9,34.8,29.0,12.6,6.3,16.4,10.1,4.0
2017-05-27 10:53:00+02:00,4.6,14.6,4.0,20.3,111.5,75.6,61.8,11.7,4.2,29.2,23.0,79.6,7.5,26.0,11.0,17.0,3.7,21.7,67.7,108.7,55.7,7.5,71.7,8.1,126.7,29.2,26.4,11.2,115.3,15.9,17.2,52.4,8.2,41.6,38.2,35.0,29.2,12.7,6.3,16.5,10.2,4.0
2017-05-27 10:54:00+02:00,4.7,14.6,4.0,20.3,111.9,75.6,61.8,11.6,4.2,29.3,23.0,79.6,7.5,25.9,11.0,17.2,3.7,21.6,67.7,108.7,55.7,7.5,71.7,8.2,127.1,29.2,26.5,11.3,115.7,15.8,17.2,52.3,8.2,41.7,38.3,35.1,29.2,12.8,6.3,16.4,10.1,4.0
2017-05-27 10:55:00+02:00,5.7,14.4,4.0,20.1,112.1,75.2,61.3,11.7,4.2,30.4,23.1,79.1,7.5,25.6,11.0,18.3,3.7,21.4,67.3,108.3,55.2,7.5,71.3,9.2,127.2,29.3,26.2,12.3,115.9,15.5,17.2,51.8,8.0,41.7,38.3,35.1,29.3,12.8,6.4,16.5,10.1,4.0
2017-05-27 10:56:00+02:00,5.8,14.6,4.1,20.3,112.4,75.6,61.8,11.7,4.2,30.6,23.2,79.2,7.6,25.8,11.1,18.4,3.8,21.5,67.7,108.5,55.6,7.6,71.7,9.4,127.6,29.4,26.5,12.5,116.2,15.7,17.3,52.3,8.2,41.7,38.3,35.1,29.3,12.8,6.4,16.4,10.1,4.0
2017-05-27 10:57:00+02:00,5.8,14.6,4.1,20.3,113.1,75.9,62.0,11.6,4.2,30.7,23.3,79.9,7.6,25.9,11.2,18.5,3.8,21.6,67.9,109.3,55.8,7.6,71.9,9.4,128.3,29.5,26.5,12.6,116.8,15.8,17.3,52.4,8.1,41.8,38.3,35.1,29.3,12.9,6.4,16.4,10.0,3.9
2017-05-27 10:58:00+02:00,5.9,14.7,4.1,20.4,113.2,75.8,62.0,11.6,4.2,30.7,23.3,79.9,7.6,25.8,11.2,18.5,3.8,21.6,67.9,109.3,55.8,7.6,71.9,9.4,128.3,29.6,26.6,12.6,116.8,15.8,17.3,52.4,8.2,41.8,38.3,35.1,29.3,12.9,6.4,16.4,10.0,3.9
2017-05-27 10:59:00+02:00,5.9,14.2,4.1,20.1,112.8,75.4,61.5,11.6,4.2,30.7,23.4,79.4,7.6,25.8,11.2,18.6,3.8,21.6,67.5,108.9,55.3,7.6,71.5,9.4,127.9,29.6,26.2,12.6,116.4,15.7,17.4,52.1,7.8,41.9,38.4,35.2,29.4,12.9,6.4,16.5,10.2,3.9
2017-05-27 11:00:00+02:00,5.9,13.7,4.1,19.6,112.5,75.0,61.2,11.6,4.2,30.8,23.4,79.1,7.6,25.8,11.2,18.6,3.8,21.6,67.1,108.7,55.0,7.6,71.1,9.4,127.6,29.7,25.8,12.6,116.1,15.7,17.4,51.6,7.3,42.0,38.5,35.3,29.5,12.9,6.4,16.5,10.2,3.9
2017-05-27 11:01:00+02:00,5.9,13.7,4.1,19.6,112.8,75.3,61.3,11.6,4.2,31.0,23.5,79.2,7.6,25.9,11.3,18.7,3.8,21.7,67.3,109.0,55.1,7.6,71.3,9.5,128.1,29.9,25.8,12.7,116.5,15.7,17.5,51.7,7.2,42.1,38.6,35.3,29.5,13.0,6.4,16.6,10.2,3.9
2017-05-27 11:02:00+02:00,6.0,13.8,4.1,19.7,111.8,74.5,60.5,11.6,4.2,30.9,23.6,78.3,7.6,25.2,11.3,18.6,3.8,21.0,66.4,108.0,54.2,7.6,70.5,9.4,127.3,29.9,25.6,12.6,115.5,15.7,17.5,50.9,7.3,42.0,38.5,35.2,29.6,13.0,6.4,16.6,10.2,4.0
2017-05-27 11:03:00+02:00,6.0,14.7,4.1,20.5,112.1,74.7,60.8,11.6,4.2,31.0,23.6,78.5,7.6,25.5,11.3,18.7,3.8,21.3,66.7,108.3,54.5,7.6,70.8,9.5,127.5,29.9,25.6,12.7,115.8,15.7,17.5,51.2,8.2,42.0,38.4,35.2,29.6,12.9,6.4,16.6,10.2,4.0
2017-05-27 11:04:00+02:00,5.9,14.8,4.1,20.7,112.4,74.7,60.8,11.5,4.2,30.8,23.6,78.7,7.5,25.5,11.3,18.6,3.7,21.3,66.7,108.5,54.6,7.6,70.8,9.3,127.8,29.9,25.7,12.6,116.1,15.6,17.5,51.2,8.3,41.9,38.4,35.1,29.5,12.9,6.4,16.6,10.2,4.0
2017-05-27 11:05:00+02:00,5.9,14.7,4.1,20.6,112.7,75.1,61.2,11.5,4.2,30.6,23.6,79.1,7.5,24.9,11.2,18.4,3.7,20.7,67.1,108.9,54.9,7.6,71.1,9.4,128.7,29.9,26.7,12.7,116.4,15.6,17.5,51.6,8.3,41.8,38.3,35.1,29.4,12.9,6.4,16.6,10.2,4.0
2017-05-27 11:06:00+02:00,5.9,14.8,4.1,20.8,113.4,75.7,61.7,11.6,4.2,30.8,23.7,79.6,7.6,25.3,11.3,18.5,3.8,21.1,67.7,109.5,55.5,7.6,71.7,9.4,129.4,30.0,26.8,12.7,117.1,15.5,17.5,52.1,8.3,42.3,38.8,35.6,29.5,12.9,6.4,16.6,10.2,4.0
2017-05-27 11:07:00+02:00,6.0,14.8,4.1,20.8,113.7,75.7,61.7,11.6,4.2,30.8,23.8,79.7,7.6,25.9,11.3,18.5,3.8,21.7,67.7,109.8,55.4,7.7,71.7,9.4,129.8,30.2,26.9,12.7,117.4,15.8,17.6,52.8,8.3,42.6,39.1,35.8,29.6,12.9,6.5,16.7,10.3,4.0
2017-05-27 11:08:00+02:00,6.0,14.8,4.1,20.8,113.8,75.7,61.8,11.6,4.2,31.0,23.8,79.8,7.6,25.8,11.3,18.7,3.8,21.7,67.8,109.9,55.5,7.7,71.8,9.5,129.8,30.2,26.9,12.8,117.4,15.8,17.6,52.8,8.3,42.6,39.1,35.8,29.6,12.9,6.4,16.7,10.3,4.0
2017-05-27 11:09:00+02:00,6.0,14.8,4.1,20.8,114.4,76.4,62.4,11.6,4.2,31.0,23.9,80.4,7.6,25.8,11.3,18.7,3.8,21.6,68.4,110.5,56.1,7.7,72.5,9.5,130.5,30.2,26.9,12.8,118.1,15.8,17.6,52.7,8.3,42.6,39.1,35.8,29.6,12.9,6.3,16.8,10.3,4.0
2017-05-27 11:10:00+02:00,6.1,14.9,4.1,20.9,114.7,76.7,62.7,11.6,4.2,31.1,23.8,80.7,7.6,25.9,11.3,18.8,3.8,21.7,68.7,110.8,56.4,7.7,72.8,9.6,130.8,30.2,27.1,12.8,118.4,15.8,17.6,52.9,8.3,42.7,39.2,35.9,29.7,12.9,6.4,16.8,10.3,4.0
2017-05-27 11:11:00+02:00,6.1,14.9,4.1,20.9,114.6,76.8,62.7,11.7,4.2,31.2,23.6,80.8,7.6,25.9,11.3,18.8,3.8,21.7,68.8,110.7,56.4,7.7,72.8,9.6,130.7,30.0,27.1,12.8,118.3,15.9,17.6,53.0,8.3,42.8,39.2,35.9,29.7,12.9,6.4,16.8,10.3,4.0
2017-05-27 11:12:00+02:00,6.1,14.9,4.1,21.0,114.6,77.2,63.1,11.8,4.2,31.2,23.3,81.1,7.6,26.1,11.4,18.8,3.8,21.9,69.1,110.8,56.7,7.7,73.2,9.7,130.6,29.8,27.2,12.9,118.3,15.9,17.7,53.3,8.3,43.1,39.5,36.2,30.0,13.1,6.5,16.9,10.4,4.1
2017-05-27 11:13:00+02:00,6.1,14.9,4.1,21.1,115.0,77.4,63.3,11.7,4.2,31.4,23.4,81.4,7.5,26.1,11.4,19.0,3.7,21.8,69.3,111.1,56.9,7.7,73.4,9.8,130.8,29.8,27.3,13.0,118.6,15.9,17.7,53.4,8.3,43.3,39.7,36.4,30.1,13.1,6.5,17.0,10.5,4.1
2017-05-27 11:14:00+02:00,6.2,15.0,4.1,21.2,115.3,77.3,63.1,11.9,4.2,31.7,23.7,81.3,7.7,26.5,11.4,19.1,3.7,22.2,69.2,111.4,56.7,7.8,73.3,9.8,131.4,30.2,26.7,13.1,118.9,16.1,17.8,53.2,8.3,43.5,39.9,36.6,30.3,13.2,6.6,17.1,10.5,4.1
2017-05-27 11:15:00+02:00,6.2,14.6,4.2,20.8,115.2,76.9,62.6,12.0,4.2,32.1,24.0,80.9,7.7,26.6,11.5,19.4,3.7,22.3,68.8,111.3,56.2,7.8,72.9,10.0,131.5,30.5,26.2,13.4,118.9,16.2,17.9,52.8,8.3,43.7,40.0,36.7,30.3,13.2,6.6,17.1,10.5,4.1
2017-05-27 11:16:00+02:00,6.2,14.8,4.1,20.9,115.7,77.5,63.2,11.9,4.2,32.1,23.9,81.6,7.7,26.4,11.5,19.5,3.7,22.1,69.4,111.9,56.8,7.8,73.5,10.0,132.1,30.4,26.9,13.4,119.5,16.1,17.9,53.3,8.3,43.7,40.0,36.6,30.4,13.3,6.6,17.1,10.6,4.1
2017-05-27 11:17:00+02:00,6.2,15.0,4.1,21.2,116.2,78.3,64.1,11.9,4.2,32.1,23.5,82.4,7.7,26.5,11.5,19.5,3.7,22.2,70.2,112.3,57.6,7.8,74.3,10.0,132.6,30.0,27.6,13.3,120.1,16.1,17.9,54.1,8.4,43.6,40.0,36.6,30.4,13.3,6.6,17.1,10.6,4.1
2017-05-27 11:18:00+02:00,6.2,15.1,4.1,21.3,117.0,78.6,64.3,11.9,4.2,32.2,24.0,82.7,7.7,26.6,11.6,19.5,3.7,22.3,70.5,113.1,57.9,7.8,74.6,10.0,127.8,30.5,27.8,13.4,121.0,16.1,18.0,54.4,8.4,43.7,40.0,36.6,30.5,13.3,6.6,17.2,10.6,4.1
2017-05-27 11:19:00+02:00,6.2,15.0,4.1,21.2,116.5,78.2,64.1,11.9,4.2,32.2,24.1,82.2,7.7,26.5,11.5,19.5,3.7,22.2,70.3,112.7,57.7,7.8,74.2,10.0,132.9,30.6,27.7,13.4,120.5,16.0,17.9,54.2,8.4,43.6,40.0,36.6,30.4,13.2,6.6,17.1,10.6,4.1
2017-05-27 11:20:00+02:00,6.2,14.6,4.1,20.9,116.0,77.6,63.4,11.9,4.2,32.2,24.1,81.6,7.7,26.5,11.6,19.5,3.7,22.2,69.6,112.1,57.4,7.8,73.6,10.0,131.3,30.6,27.4,13.4,119.9,16.1,18.0,53.9,8.4,43.6,40.0,36.6,30.3,13.2,6.6,17.1,10.5,4.1
2017-05-27 11:21:00+02:00,6.2,14.9,4.1,21.1,117.0,78.4,64.1,11.9,4.1,32.3,24.2,82.4,7.8,26.6,11.6,19.6,3.8,22.3,70.3,113.1,57.8,7.8,74.4,10.0,132.3,30.7,27.7,13.4,121.0,16.1,18.0,54.2,8.3,43.8,40.1,36.7,30.4,13.2,6.6,17.2,10.6,4.1
2017-05-27 11:22:00+02:00,6.2,15.0,4.2,21.2,117.2,78.6,64.3,12.0,4.2,32.4,24.3,82.5,7.8,26.7,11.7,19.6,3.8,22.4,70.5,113.2,57.9,7.9,74.5,10.1,133.0,30.8,27.8,13.5,121.0,16.2,18.1,54.5,8.3,43.8,40.2,36.7,30.4,13.3,6.6,17.2,10.6,4.1
2017-05-27 11:23:00+02:00,6.2,15.1,4.2,21.2,117.3,78.6,64.2,12.0,4.1,32.5,24.4,82.5,7.8,26.6,11.7,19.7,3.8,22.4,70.5,113.3,57.9,7.9,74.5,10.1,133.4,31.0,27.8,13.5,120.9,16.2,18.2,54.4,8.3,43.9,40.3,36.8,30.5,13.3,6.6,17.2,10.6,4.1
2017-05-27 11:24:00+02:00,6.2,15.1,4.2,21.3,117.2,78.3,64.0,11.5,4.1,32.3,24.5,82.3,7.3,26.2,11.7,19.5,3.8,21.9,70.2,113.2,57.5,8.0,74.3,10.1,133.6,31.0,27.9,13.5,120.9,15.7,18.2,54.0,8.3,43.9,40.2,36.8,30.5,13.3,6.6,17.2,10.6,4.1
2017-05-27 11:25:00+02:00,6.2,15.1,4.2,21.3,117.3,78.4,64.0,11.5,4.2,32.1,24.5,82.4,7.3,26.2,11.7,19.3,3.8,21.9,70.2,113.4,57.5,8.0,74.3,10.0,133.7,31.1,27.8,13.4,120.9,15.7,18.2,54.0,8.4,44.0,40.3,36.9,30.5,13.3,6.6,17.2,10.6,4.1
2017-05-27 11:26:00+02:00,6.2,15.1,4.2,21.3,118.0,78.9,64.5,12.1,4.2,32.1,24.6,82.9,7.8,26.7,11.7,19.4,3.8,22.5,70.7,114.0,58.0,8.0,74.8,10.0,134.5,31.2,27.8,13.4,121.7,16.2,18.3,54.5,8.3,44.1,40.4,36.9,30.5,13.2,6.6,17.3,10.6,4.1
2017-05-27 11:27:00+02:00,6.2,15.1,4.2,21.3,117.9,78.9,64.4,12.0,4.2,32.2,24.6,82.9,7.9,26.7,11.8,19.4,3.9,22.4,70.7,114.1,58.0,8.0,74.8,10.1,134.4,31.3,27.8,13.4,121.6,16.2,18.3,54.5,8.4,44.3,40.6,37.1,30.6,13.3,6.6,17.3,10.7,4.2
2017-05-27 11:28:00+02:00,6.2,15.1,4.2,21.4,118.2,79.1,64.6,12.1,4.2,32.3,24.7,83.1,8.0,26.7,11.8,19.4,4.0,22.5,70.9,114.3,58.2,8.0,75.0,10.1,134.7,31.3,27.9,13.4,121.9,16.3,18.4,54.6,8.4,44.5,40.7,37.2,30.7,13.3,6.6,17.4,10.7,4.2
2017-05-27 11:29:00+02:00,6.2,15.1,4.2,21.4,118.3,79.1,64.6,12.0,4.2,32.4,24.7,83.2,8.0,26.6,11.8,19.5,4.0,22.4,70.9,114.4,58.1,8.0,75.0,10.1,134.5,31.4,27.9,13.5,122.0,16.2,18.4,54.5,8.4,44.5,40.8,37.3,30.8,13.4,6.7,17.4,10.7,4.2
2017-05-27 11:30:00+02:00,6.3,15.2,4.2,21.5,118.8,79.5,65.0,12.1,4.2,32.3,24.8,83.5,8.0,26.8,11.9,19.4,4.0,22.5,71.3,114.9,58.4,8.0,75.4,9.9,134.4,31.5,28.0,13.4,122.5,16.3,18.5,54.8,8.4,44.6,40.9,37.3,30.9,13.4,6.7,17.5,10.8,4.2
2017-05-27 11:31:00+02:00,6.2,15.1,4.2,21.4,118.5,79.3,64.8,12.0,4.2,32.4,24.8,83.3,8.0,26.7,11.9,19.4,4.0,22.5,71.1,114.7,58.3,8.0,75.2,9.9,134.2,31.5,27.9,13.3,122.4,16.2,18.5,54.6,8.4,44.6,40.8,37.3,30.8,13.4,6.7,17.4,10.7,4.2
2017-05-27 11:32:00+02:00,6.3,15.2,4.2,21.2,118.5,79.2,64.7,12.0,4.2,32.4,24.8,83.3,8.0,26.8,11.9,19.4,4.0,22.5,71.0,114.6,58.2,8.0,75.1,9.9,134.1,31.4,27.7,13.4,122.3,16.2,18.5,54.5,8.4,44.6,40.9,37.3,30.9,13.4,6.7,17.4,10.7,4.2
2017-05-27 11:33:00+02:00,6.3,14.2,4.2,20.5,117.9,78.5,64.1,12.1,4.2,32.6,24.8,82.6,8.0,26.8,11.9,19.6,4.0,22.6,70.3,113.9,57.5,8.0,74.4,10.0,133.5,31.4,27.0,13.4,121.7,16.3,18.5,53.8,7.5,44.6,40.9,37.3,30.8,13.4,6.7,17.4,10.7,4.1
2017-05-27 11:34:00+02:00,6.3,14.1,4.2,20.5,118.0,78.6,64.1,12.0,4.2,32.7,24.8,82.7,8.0,26.8,11.9,19.6,3.9,22.6,70.4,114.0,57.6,8.0,74.5,10.0,133.8,31.4,27.1,13.5,121.9,16.2,18.5,53.9,7.3,44.7,40.9,37.4,30.9,13.4,6.7,17.4,10.7,4.2
2017-05-27 11:35:00+02:00,6.3,14.2,4.2,20.6,118.0,78.7,64.2,12.0,4.2,32.8,24.8,82.7,8.0,26.9,11.8,19.6,3.9,22.6,70.5,114.0,57.7,8.0,74.6,10.1,134.5,31.4,27.1,13.5,121.9,16.2,18.5,54.0,7.4,44.7,40.9,37.3,30.8,13.4,6.7,17.4,10.7,4.1
2017-05-27 11:36:00+02:00,6.3,14.2,4.2,20.6,118.1,78.8,64.3,12.1,4.2,32.8,24.8,82.7,8.0,26.9,11.9,19.7,3.9,22.6,70.5,114.1,57.7,8.0,74.7,10.0,134.6,31.5,27.1,13.5,122.0,16.3,18.5,54.0,7.4,44.7,41.0,37.4,30.9,13.4,6.7,17.4,10.7,4.1
2017-05-27 11:37:00+02:00,6.3,14.1,4.2,20.5,118.1,78.7,64.2,12.0,4.2,32.8,24.9,82.7,8.0,26.8,11.9,19.7,3.9,22.6,70.5,114.1,57.6,8.0,74.6,10.1,134.5,31.5,27.1,13.5,121.9,16.2,18.5,53.9,7.3,44.8,41.0,37.4,30.9,13.4,6.7,17.5,10.8,4.2
2017-05-27 11:38:00+02:00,6.3,14.1,4.2,20.6,118.0,78.6,64.1,12.0,4.2,32.9,24.9,82.6,8.0,26.9,11.9,19.7,4.0,22.6,70.4,114.0,57.5,8.0,74.5,10.1,134.5,31.5,27.0,13.5,121.9,16.2,18.5,53.8,7.3,44.9,41.1,37.5,31.0,13.5,6.7,17.5,10.8,4.2
2017-05-27 11:39:00+02:00,6.3,14.1,4.2,20.5,118.3,78.7,64.2,12.0,4.2,33.0,24.9,82.8,8.0,26.8,11.9,19.8,4.0,22.6,70.5,114.3,57.5,8.0,74.6,10.1,134.8,31.6,27.0,13.6,122.1,16.2,18.6,53.9,7.3,44.9,41.2,37.5,31.0,13.5,6.7,17.5,10.8,4.2
2017-05-27 11:40:00+02:00,6.4,14.1,4.2,20.5,118.3,78.7,64.2,12.1,4.1,33.2,24.9,82.8,8.0,26.9,11.9,20.0,4.0,22.6,70.5,114.3,57.6,8.0,74.6,10.1,134.8,31.6,27.0,13.7,122.2,16.3,18.6,53.9,7.2,44.8,41.1,37.4,31.0,13.5,6.7,17.5,10.8,4.2
2017-05-27 11:41:00+02:00,6.4,14.1,4.2,20.5,118.3,78.7,64.1,12.1,4.2,33.2,24.9,82.8,8.0,26.8,11.9,20.0,4.0,22.6,70.4,114.3,57.4,8.0,74.6,10.1,134.7,31.6,26.9,13.7,122.1,16.3,18.6,53.8,7.2,44.7,40.9,37.3,30.9,13.5,6.7,17.4,10.8,4.2
2017-05-27 11:42:00+02:00,6.4,14.5,4.2,20.9,118.5,79.0,64.5,12.1,4.1,33.1,24.9,83.1,7.9,26.9,11.9,20.0,3.9,22.7,70.9,114.6,57.9,8.0,75.0,10.1,135.0,31.6,27.3,13.7,122.4,16.4,18.6,54.3,7.6,44.5,40.8,37.2,30.8,13.5,6.7,17.3,10.8,4.2
2017-05-27 11:43:00+02:00,6.3,15.0,4.2,21.4,119.3,79.8,65.2,12.1,4.1,33.1,24.9,83.9,7.9,26.9,11.9,20.0,3.8,22.7,71.5,115.4,58.6,8.1,75.7,10.1,135.8,31.7,28.0,13.7,123.2,16.3,18.6,54.9,8.2,44.5,40.7,37.2,30.8,13.5,6.7,17.3,10.8,4.2
2017-05-27 11:44:00+02:00,6.4,15.1,4.2,21.3,119.5,79.8,65.2,12.1,4.1,33.3,25.1,83.9,7.9,27.0,12.0,20.1,3.8,22.7,71.6,115.6,58.6,8.1,75.7,10.1,136.0,31.8,27.9,13.7,123.3,16.3,18.7,54.9,8.2,44.6,40.8,37.3,30.9,13.5,6.8,17.4,10.8,4.2
2017-05-27 11:45:00+02:00,6.4,15.1,4.2,21.1,119.5,79.7,65.1,12.2,4.1,33.5,25.2,83.8,7.9,27.1,12.0,20.2,3.9,22.8,71.5,115.6,58.4,8.1,75.6,10.3,136.2,31.9,27.7,13.8,123.5,16.4,18.7,54.8,8.3,44.7,40.9,37.4,31.0,13.6,6.8,17.4,10.8,4.2
2017-05-27 11:46:00+02:00,6.4,15.1,4.2,21.3,119.9,80.0,65.4,12.2,4.1,33.4,25.2,84.1,7.9,27.1,12.0,20.1,3.9,22.8,71.7,116.0,58.7,8.1,75.9,10.2,136.6,32.0,27.9,13.7,123.8,16.4,18.7,55.0,8.2,44.8,41.0,37.5,31.1,13.6,6.8,17.5,10.9,4.2
2017-05-27 11:47:00+02:00,6.4,15.0,4.2,21.5,120.0,80.1,65.4,12.2,4.1,33.5,25.2,84.2,7.9,27.1,12.0,20.1,3.9,22.8,71.8,116.0,58.8,8.1,76.0,10.2,136.7,32.0,28.0,13.7,123.9,16.4,18.7,55.1,8.1,45.0,41.2,37.6,31.0,13.6,6.8,17.4,10.8,4.2
2017-05-27 11:48:00+02:00,6.4,15.0,4.2,21.4,120.0,80.0,65.4,12.2,4.1,33.5,25.3,84.1,7.9,27.1,12.0,20.1,3.8,22.8,71.7,116.1,58.7,8.1,75.9,10.2,136.7,32.1,27.9,13.7,123.9,16.4,18.7,55.0,8.1,45.1,41.3,37.7,31.1,13.6,6.8,17.5,10.8,4.2
2017-05-27 11:49:00+02:00,6.4,15.0,4.2,21.4,119.4,79.3,64.6,12.2,4.2,33.5,25.4,83.4,7.9,26.3,12.1,20.2,3.9,22.0,71.0,115.5,57.9,8.1,75.2,10.2,136.0,32.2,27.9,13.7,123.3,16.4,18.8,54.2,8.1,45.1,41.3,37.6,31.1,13.6,6.7,17.5,10.8,4.2
2017-05-27 11:50:00+02:00,6.4,14.7,4.2,21.2,119.3,79.1,64.4,12.2,4.2,33.7,25.5,83.3,8.0,26.2,12.1,20.3,3.9,22.0,70.9,115.4,57.7,8.1,75.0,10.3,136.3,32.3,27.7,13.8,123.3,16.5,18.8,54.0,7.8,45.3,41.4,37.7,31.2,13.6,6.7,17.6,10.9,4.2
2017-05-27 11:51:00+02:00,6.4,15.1,4.2,21.6,120.1,79.9,65.2,12.2,4.2,33.8,25.5,84.0,8.0,26.5,12.1,20.3,3.9,22.3,71.6,116.1,58.4,8.2,75.7,10.3,137.2,32.3,28.1,13.8,124.0,16.5,18.9,54.7,8.2,45.2,41.4,37.7,31.2,13.6,6.7,17.6,10.9,4.2
2017-05-27 11:52:00+02:00,6.4,15.1,4.0,21.6,120.4,80.4,65.7,12.2,4.2,33.8,25.3,84.6,7.9,27.1,11.9,20.4,3.9,22.9,72.2,116.5,59.0,7.9,76.3,10.3,137.5,32.0,28.1,13.8,124.4,16.4,18.7,55.2,8.2,45.2,41.3,37.6,31.1,13.5,6.7,17.6,10.9,4.2
2017-05-27 11:53:00+02:00,6.4,15.1,3.9,21.6,120.3,80.4,65.7,12.1,4.2,33.8,25.1,84.6,7.9,27.1,11.7,20.4,3.9,22.8,72.2,116.4,59.0,7.8,76.3,10.3,137.3,31.9,28.2,13.8,124.2,16.4,18.5,55.2,8.2,45.2,41.4,37.6,31.1,13.5,6.7,17.6,10.9,4.2
2017-05-27 11:54:00+02:00,6.4,15.1,4.0,21.6,120.3,80.4,65.6,12.1,4.2,33.9,25.3,84.5,7.9,27.0,11.9,20.4,3.9,22.8,72.1,116.4,58.9,7.9,76.2,10.3,137.4,32.0,28.2,13.8,124.2,16.3,18.6,55.1,8.2,45.3,41.4,37.7,31.2,13.6,6.8,17.6,10.9,4.2
2017-05-27 11:55:00+02:00,6.5,15.1,3.9,21.6,120.2,80.3,65.6,12.1,4.2,33.7,25.2,84.4,7.9,26.9,11.8,20.3,3.9,22.6,72.0,116.3,58.8,7.8,76.1,10.3,137.3,32.0,28.2,13.8,124.2,16.3,18.6,55.1,8.2,45.2,41.3,37.6,31.1,13.6,6.8,17.5,10.9,4.2
2017-05-27 11:56:00+02:00,6.5,14.7,3.9,21.3,120.0,80.1,65.3,12.1,4.2,33.7,25.3,84.2,7.9,26.9,11.8,20.2,3.9,22.7,71.8,116.1,58.5,7.8,75.9,10.3,137.2,32.0,27.9,13.7,124.0,16.3,18.6,54.8,7.8,45.3,41.3,37.7,31.1,13.7,6.8,17.4,10.9,4.2
2017-05-27 11:57:00+02:00,6.5,15.1,3.9,21.6,120.5,80.5,65.7,12.1,4.2,33.7,25.2,84.6,8.0,26.9,11.8,20.2,4.0,22.7,72.1,116.5,58.9,7.8,76.3,10.4,137.6,32.0,28.2,13.7,124.4,16.3,18.6,55.1,8.2,45.5,41.6,37.9,31.3,13.7,6.8,17.6,10.9,4.2
2017-05-27 11:58:00+02:00,6.5,15.2,3.5,21.8,120.3,80.7,65.9,12.2,4.3,33.8,24.8,84.8,8.1,27.0,11.4,20.3,4.1,22.8,72.4,116.3,59.1,7.4,76.5,10.4,137.5,31.6,28.4,13.7,124.3,16.4,18.3,55.3,8.3,45.6,41.7,38.0,31.4,13.7,6.8,17.7,10.9,4.2
2017-05-27 11:59:00+02:00,6.5,15.2,3.3,21.8,119.9,80.4,65.6,11.9,4.3,33.8,24.6,84.5,8.1,26.7,11.2,20.3,4.0,22.5,72.1,115.9,58.9,7.2,76.3,10.4,137.1,31.4,28.4,13.7,123.8,16.0,18.0,55.1,8.3,45.8,41.9,38.1,31.4,13.7,6.9,17.7,10.9,4.2
2017-05-27 12:00:00+02:00,6.6,15.2,2.9,21.8,119.6,80.5,65.7,12.0,4.3,33.9,24.2,84.6,7.9,26.8,10.8,20.4,4.0,22.5,72.2,115.6,58.9,6.8,76.4,10.5,136.0,31.0,28.4,13.8,122.7,16.1,17.6,55.2,8.3,45.9,42.0,38.2,31.5,13.8,6.9,17.7,11.0,4.2
2017-05-27 12:01:00+02:00,6.6,15.1,3.1,21.8,119.6,80.3,65.5,11.6,4.3,34.0,24.3,84.4,7.5,26.5,11.0,20.5,4.0,22.3,72.0,115.5,58.7,7.0,76.2,10.6,136.0,31.2,28.4,13.9,122.6,15.8,17.8,55.0,8.2,46.0,42.0,38.3,31.6,13.8,6.9,17.8,11.0,4.2
2017-05-27 12:02:00+02:00,6.6,15.2,3.9,21.8,121.1,81.0,66.2,12.0,4.3,34.0,25.2,85.2,7.9,27.1,11.8,20.4,4.0,22.8,72.7,117.1,59.4,7.8,76.9,10.6,137.5,32.1,28.6,13.8,124.1,16.3,18.6,55.6,8.2,45.7,41.7,38.0,31.6,13.8,6.9,17.8,11.0,4.2
2017-05-27 12:03:00+02:00,6.6,15.4,4.0,22.1,121.8,81.5,66.6,12.1,4.3,33.8,25.4,85.6,8.0,27.2,12.0,20.2,4.0,22.9,73.2,117.8,59.8,8.0,77.4,10.6,138.2,32.2,28.9,13.6,124.8,16.4,18.8,56.1,8.5,45.7,41.7,38.0,31.6,13.8,6.9,17.8,11.0,4.2
2017-05-27 12:04:00+02:00,6.6,15.5,3.9,22.2,120.6,80.4,66.9,12.2,4.3,33.9,25.3,84.5,8.1,27.3,11.9,20.3,4.0,23.0,73.5,116.6,60.1,7.9,76.3,10.6,137.0,32.2,29.0,13.6,123.7,16.4,18.7,56.3,8.5,45.8,41.8,38.0,31.6,13.8,6.9,17.8,11.0,4.2
2017-05-27 12:05:00+02:00,6.5,15.5,3.9,22.2,120.6,80.4,67.0,12.2,4.2,34.0,25.3,84.6,8.2,27.4,11.9,20.3,4.1,23.1,73.5,116.5,60.1,7.9,76.3,10.5,136.9,32.1,29.0,13.7,123.6,16.5,18.7,56.4,8.5,45.8,41.8,38.0,31.6,13.8,6.9,17.8,11.0,4.2
2017-05-27 12:06:00+02:00,6.5,15.5,4.0,22.2,120.6,80.3,66.9,12.3,4.2,34.2,25.4,84.5,8.2,27.4,12.0,20.5,4.1,23.1,73.4,116.6,60.0,8.0,76.2,10.5,137.8,32.3,28.9,13.9,124.5,16.5,18.8,56.3,8.5,45.7,41.8,37.9,31.5,13.8,6.9,17.8,11.0,4.2
2017-05-27 12:07:00+02:00,6.5,15.5,4.1,22.2,120.6,80.2,66.7,12.2,4.2,34.2,25.5,84.3,8.2,27.2,12.1,20.5,4.1,23.0,73.3,116.5,59.9,8.1,76.0,10.5,137.9,32.4,28.9,13.9,124.5,16.4,18.9,56.2,8.5,45.7,41.7,37.9,31.5,13.8,6.9,17.8,11.0,4.2
2017-05-27 12:08:00+02:00,6.5,15.5,4.1,22.2,120.8,80.3,66.8,12.2,4.2,34.3,25.5,84.4,8.2,27.3,12.1,20.6,4.1,23.0,73.3,116.7,59.9,8.1,76.1,10.5,138.1,32.4,29.0,13.9,124.7,16.4,18.9,56.2,8.5,45.8,41.8,38.0,31.6,13.8,6.9,17.8,11.0,4.2
2017-05-27 12:09:00+02:00,6.7,15.5,4.1,22.1,120.6,80.1,66.7,12.2,4.2,34.3,25.6,84.2,8.2,27.2,12.1,20.6,4.1,23.0,73.2,116.5,59.8,8.1,76.0,10.6,137.9,32.4,28.9,14.0,124.5,16.4,19.0,56.1,8.5,45.6,41.7,37.8,31.4,13.7,6.8,17.8,11.0,4.2
2017-05-27 12:10:00+02:00,6.6,15.4,4.1,22.0,120.4,80.1,66.6,12.2,4.2,34.5,25.6,84.1,8.2,27.2,12.1,20.8,4.1,23.0,73.1,116.4,59.7,8.1,75.9,10.6,137.8,32.4,28.8,14.2,124.4,16.4,18.9,56.0,8.5,45.6,41.6,37.8,31.4,13.7,6.8,17.7,10.9,4.2
2017-05-27 12:11:00+02:00,6.6,15.4,4.1,22.0,120.5,80.1,66.6,12.2,4.2,34.7,25.6,84.2,8.2,27.2,12.1,20.9,4.1,23.0,73.1,116.4,59.7,8.1,75.9,10.6,137.9,32.4,28.8,14.3,124.5,16.4,19.0,56.0,8.5,45.6,41.6,37.8,31.4,13.7,6.8,17.7,10.9,4.2
2017-05-27 12:12:00+02:00,6.6,15.5,4.1,22.0,121.3,80.8,66.7,12.3,4.2,34.7,25.5,84.9,8.2,27.3,12.1,21.0,4.1,23.1,73.3,117.2,59.8,8.1,76.7,10.6,138.7,32.4,28.8,14.4,125.2,16.5,18.9,56.1,8.5,45.7,41.7,37.8,31.4,13.7,6.8,17.8,11.0,4.2
2017-05-27 12:13:00+02:00,6.6,15.5,4.0,22.1,121.8,81.5,66.8,12.3,4.3,34.7,25.4,85.6,8.1,27.3,12.0,21.0,4.1,23.1,73.3,117.8,59.9,8.0,77.4,10.6,139.3,32.3,28.9,14.3,125.8,16.5,18.8,56.2,8.5,45.7,41.7,37.8,31.4,13.7,6.8,17.8,11.0,4.2
2017-05-27 12:14:00+02:00,6.5,15.5,3.9,22.1,120.8,80.5,65.8,12.0,4.3,34.3,25.4,84.6,7.8,26.3,11.9,20.7,4.1,22.0,72.3,116.7,58.9,7.9,76.4,10.5,138.2,32.3,28.9,14.1,124.8,16.1,18.7,55.1,8.5,45.8,41.7,37.9,31.5,13.7,6.8,17.8,11.0,4.2
2017-05-27 12:15:00+02:00,6.5,15.5,3.9,22.1,121.4,81.0,66.3,12.3,4.3,34.1,25.4,85.1,8.2,26.7,11.9,20.6,4.1,22.5,72.9,117.3,59.4,7.9,76.9,10.3,138.9,32.3,28.9,13.9,125.4,16.5,18.8,55.6,8.5,45.9,41.8,38.0,31.6,13.7,6.8,17.9,11.0,4.2
2017-05-27 12:16:00+02:00,6.6,15.5,4.0,22.2,122.4,81.9,67.1,12.3,4.3,34.2,25.5,86.0,8.2,27.4,11.9,20.6,4.1,23.1,73.8,118.3,60.2,7.9,77.8,10.4,139.9,32.4,29.1,13.9,126.4,16.5,18.8,56.4,8.5,45.9,41.9,38.0,31.6,13.7,6.9,17.9,11.0,4.2
2017-05-27 12:17:00+02:00,6.6,15.5,4.0,22.2,122.2,81.8,67.1,12.3,4.3,34.1,25.4,85.9,8.1,27.4,11.9,20.6,4.1,23.1,73.7,118.1,60.2,7.9,77.7,10.4,139.6,32.3,29.1,13.9,126.1,16.4,18.7,56.5,8.5,45.8,41.8,37.9,31.6,13.7,6.8,17.9,11.0,4.2
2017-05-27 12:18:00+02:00,6.6,15.5,4.0,22.2,122.5,81.9,67.2,12.3,4.3,34.2,25.5,86.1,8.2,27.4,12.0,20.7,4.1,23.2,73.8,118.4,60.3,8.0,77.8,10.4,139.8,32.5,29.1,14.0,126.5,16.5,18.9,56.5,8.5,45.8,41.8,37.9,31.6,13.7,6.9,17.9,11.0,4.2
2017-05-27 12:19:00+02:00,6.7,15.5,4.2,22.3,122.7,81.9,67.3,12.3,4.3,34.5,25.7,86.1,8.1,27.4,12.1,20.9,4.1,23.2,73.9,118.6,60.4,8.1,77.8,10.5,140.0,32.7,29.2,14.2,126.7,16.4,19.0,56.6,8.5,46.4,42.4,38.5,31.7,13.8,6.9,17.9,11.1,4.2
2017-05-27 12:20:00+02:00,6.7,15.5,4.2,22.3,122.8,82.0,67.4,12.3,4.3,34.7,25.8,86.2,8.2,27.5,12.2,21.1,4.1,23.2,74.0,118.7,60.5,8.1,77.9,10.6,140.2,32.7,29.2,14.4,126.8,16.5,19.1,56.7,8.5,46.5,42.5,38.6,31.8,13.8,6.9,17.9,11.1,4.2
2017-05-27 12:21:00+02:00,6.7,15.6,4.2,22.3,122.8,82.0,67.4,12.3,4.3,34.7,25.8,86.2,8.2,27.5,12.2,21.1,4.1,23.2,74.0,118.7,60.5,8.1,77.9,10.6,140.2,32.7,29.2,14.4,126.8,16.5,19.1,56.6,8.5,46.5,42.5,38.6,31.8,13.8,6.9,18.0,11.1,4.2
2017-05-27 12:22:00+02:00,6.7,15.6,4.2,22.3,122.9,82.1,67.4,12.3,4.3,34.7,25.8,86.2,8.2,27.5,12.2,21.1,4.1,23.3,74.0,118.8,60.5,8.2,78.0,10.6,140.3,32.7,29.2,14.4,126.9,16.5,19.1,56.7,8.5,46.6,42.5,38.6,31.8,13.8,6.9,17.9,11.1,4.2
2017-05-27 12:23:00+02:00,6.7,15.6,4.2,22.3,122.9,82.1,67.3,12.3,4.3,34.6,25.8,86.2,8.1,27.4,12.2,21.0,4.1,23.2,74.1,118.8,60.4,8.2,78.0,10.5,140.2,32.7,29.2,14.3,126.9,16.5,19.1,56.6,8.6,46.4,42.4,38.5,31.7,13.8,6.9,17.9,11.0,4.2
2017-05-27 12:24:00+02:00,6.7,15.5,4.2,22.2,122.7,82.0,67.3,12.3,4.3,34.5,25.8,86.0,8.1,27.4,12.2,20.9,4.1,23.2,74.0,118.6,60.4,8.2,77.9,10.5,140.0,32.7,29.1,14.3,126.7,16.5,19.1,56.5,8.6,46.4,42.3,38.4,31.7,13.8,6.9,17.9,11.0,4.2
2017-05-27 12:25:00+02:00,6.6,15.4,4.2,22.1,122.4,81.8,67.0,12.3,4.2,34.3,25.8,85.8,8.1,27.4,12.2,20.8,4.1,23.2,73.7,118.3,60.2,8.2,77.6,10.5,139.5,32.6,28.9,14.2,126.4,16.5,19.1,56.3,8.5,46.2,42.1,38.2,31.5,13.7,6.9,17.8,11.0,4.2
2017-05-27 12:26:00+02:00,6.6,15.4,4.2,22.0,122.2,81.7,67.0,12.3,4.2,34.2,25.7,85.7,8.1,27.3,12.2,20.7,4.1,23.1,73.7,118.1,60.1,8.1,77.5,10.4,139.4,32.6,28.9,14.2,126.2,16.5,19.1,56.3,8.5,46.1,42.1,38.2,31.5,13.7,6.8,17.8,10.9,4.1
2017-05-27 12:27:00+02:00,6.6,15.3,4.2,22.0,122.1,81.5,66.8,12.2,4.2,34.4,25.8,85.5,8.2,27.3,12.2,20.8,4.2,23.1,73.6,118.1,60.0,8.2,77.4,10.5,139.4,32.7,28.9,14.3,126.1,16.4,19.1,56.2,8.5,46.2,42.2,38.3,31.6,13.7,6.9,17.9,10.9,4.2
2017-05-27 12:28:00+02:00,6.6,15.4,4.2,22.1,122.6,81.9,67.2,12.2,4.2,34.6,25.9,85.9,8.3,27.4,12.3,20.9,4.2,23.2,73.9,118.6,60.3,8.2,77.8,10.6,140.0,32.8,29.1,14.4,126.6,16.4,19.2,56.4,8.5,46.4,42.3,38.4,31.7,13.8,6.9,17.9,11.0,4.2
2017-05-27 12:29:00+02:00,6.6,15.5,4.2,22.2,122.9,82.0,67.4,12.3,4.2,34.7,26.0,86.1,8.3,27.5,12.3,21.0,4.3,23.3,74.1,118.8,60.5,8.2,78.0,10.6,140.3,32.9,29.2,14.4,126.9,16.5,19.2,56.6,8.5,46.4,42.3,38.4,31.7,13.7,6.9,18.0,11.0,4.2
2017-05-27 12:30:00+02:00,6.7,15.5,4.2,22.3,123.4,82.4,67.6,12.4,4.2,34.2,26.1,86.5,8.4,27.5,12.3,20.4,4.3,23.3,74.4,119.3,60.7,8.2,78.2,9.9,140.8,33.0,29.2,13.8,127.4,16.6,19.3,56.8,8.5,46.5,42.4,38.5,31.7,13.7,6.9,18.0,11.0,4.2
2017-05-27 12:31:00+02:00,6.7,15.5,4.2,22.3,123.4,82.3,67.6,12.3,4.2,34.5,26.1,86.4,8.4,27.5,12.3,20.6,4.3,23.3,74.3,119.3,60.7,8.2,78.1,10.2,140.8,33.0,29.3,14.0,127.3,16.5,19.3,56.8,8.5,46.5,42.4,38.5,31.7,13.7,6.9,17.9,11.0,4.2
2017-05-27 12:32:00+02:00,6.7,15.6,4.2,22.3,123.4,82.4,67.5,12.3,4.2,34.5,26.1,86.5,8.4,27.4,12.3,20.7,4.3,23.2,74.3,119.3,60.7,8.3,78.2,10.3,140.9,33.0,29.3,14.0,127.4,16.5,19.3,56.7,8.5,46.5,42.4,38.4,31.7,13.7,6.9,17.9,11.0,4.2
2017-05-27 12:33:00+02:00,6.7,15.4,4.3,22.2,123.4,82.3,67.5,12.3,4.2,35.0,26.1,86.4,8.4,27.4,12.3,21.2,4.3,23.2,74.3,119.3,60.5,8.3,78.1,10.7,140.9,33.1,29.2,14.5,127.4,16.5,19.3,56.6,8.3,46.5,42.4,38.4,31.7,13.8,6.9,18.0,11.0,4.2
2017-05-27 12:34:00+02:00,6.8,15.4,4.3,22.2,123.4,82.2,67.5,12.3,4.2,35.2,26.2,86.4,8.4,27.4,12.3,21.4,4.3,23.2,74.3,119.3,60.6,8.3,78.1,10.8,140.7,33.1,29.2,14.6,127.4,16.5,19.3,56.6,8.3,46.4,42.3,38.4,31.6,13.8,6.9,17.9,11.0,4.2
2017-05-27 12:35:00+02:00,6.8,15.3,4.3,22.1,123.8,82.6,67.5,12.4,4.3,35.2,26.2,86.7,8.4,27.5,12.4,21.4,4.3,23.3,74.3,119.7,60.6,8.3,78.4,10.8,139.6,33.1,29.2,14.6,127.8,16.5,19.4,56.6,8.3,46.4,42.3,38.3,31.5,13.8,6.9,17.8,10.9,4.1
2017-05-27 12:36:00+02:00,6.8,15.3,4.3,22.0,123.8,82.6,67.6,12.4,4.3,35.1,26.2,86.7,8.4,27.6,12.4,21.1,4.3,23.4,74.4,119.7,60.6,8.3,78.4,10.5,140.7,33.1,29.0,14.3,127.9,16.6,19.4,56.6,8.4,46.5,42.4,38.3,31.6,13.8,6.9,17.8,11.0,4.1
2017-05-27 12:37:00+02:00,6.8,15.3,4.2,22.1,123.4,82.6,67.6,12.4,4.3,35.4,25.9,86.7,8.4,27.6,12.1,21.6,4.3,23.4,74.4,119.4,60.6,8.0,78.4,10.9,140.9,32.8,29.1,14.8,127.4,16.6,19.1,56.7,8.3,46.4,42.2,38.2,31.5,13.7,6.9,17.8,11.0,4.1
2017-05-27 12:38:00+02:00,6.7,15.4,4.2,22.2,123.1,82.7,67.7,12.4,4.3,35.4,25.5,86.8,8.4,27.6,11.7,21.6,4.3,23.4,74.5,119.1,60.7,7.6,78.5,10.9,140.6,32.4,29.2,14.8,127.1,16.6,18.7,56.8,8.3,46.4,42.2,38.2,31.5,13.7,6.9,17.8,11.0,4.1
2017-05-27 12:39:00+02:00,6.7,15.3,4.2,22.1,122.6,82.3,67.3,12.2,4.2,34.6,25.4,86.4,8.4,27.4,11.7,20.8,4.3,23.2,74.1,118.5,60.4,7.6,78.2,10.8,140.0,32.3,29.1,14.8,126.6,16.4,18.7,56.5,8.3,46.3,42.2,38.2,31.4,13.8,6.9,17.6,10.9,4.1
2017-05-27 12:40:00+02:00,6.7,15.2,4.2,22.1,122.3,81.7,66.8,11.7,4.2,34.2,25.6,85.8,8.4,26.9,11.8,20.4,4.3,22.7,73.6,118.2,59.8,7.8,77.7,10.8,139.2,32.5,29.0,14.7,126.2,15.9,18.9,55.9,8.3,46.6,42.5,38.4,31.6,13.8,6.9,17.8,10.9,4.1
2017-05-27 12:41:00+02:00,6.7,15.2,4.2,22.0,122.8,81.8,66.9,11.9,4.2,34.5,26.1,85.9,8.4,27.0,12.3,20.7,4.2,22.8,73.7,118.7,59.9,8.2,77.8,10.8,140.5,33.0,29.0,14.7,126.8,16.0,19.3,56.0,8.3,46.6,42.5,38.5,31.7,13.8,6.9,17.8,11.0,4.1
2017-05-27 12:42:00+02:00,6.7,15.2,4.2,21.8,123.5,82.3,67.4,12.4,4.2,34.6,26.2,86.4,8.3,27.6,12.4,20.7,4.2,23.4,74.2,119.3,60.4,8.3,78.2,10.7,141.1,33.1,28.8,14.7,127.4,16.6,19.4,56.4,8.3,46.8,42.7,38.6,31.8,13.8,6.9,18.0,11.1,4.2
2017-05-27 12:43:00+02:00,6.6,15.1,4.2,21.6,123.4,82.1,67.2,12.4,4.2,34.2,26.2,86.3,8.3,27.7,12.4,20.3,4.2,23.4,74.0,119.2,60.2,8.3,78.1,10.7,141.0,33.1,28.6,14.6,127.3,16.6,19.4,56.3,8.3,46.8,42.7,38.6,31.8,13.8,6.9,18.0,11.1,4.2
2017-05-27 12:44:00+02:00,6.6,15.1,4.2,21.7,123.4,82.3,67.3,12.4,4.2,34.5,26.2,86.4,8.3,27.6,12.4,20.6,4.2,23.4,74.1,119.3,60.2,8.2,78.1,10.7,140.2,33.1,28.7,14.7,127.4,16.5,19.4,56.3,8.4,46.8,42.7,38.7,31.8,13.8,6.9,18.0,11.1,4.2
2017-05-27 12:45:00+02:00,6.6,15.1,4.2,21.8,123.7,82.5,67.4,12.4,4.3,34.4,26.2,86.6,8.3,27.6,12.4,20.6,4.2,23.4,74.3,119.6,60.4,8.2,78.3,10.8,141.4,33.1,28.8,14.8,127.6,16.5,19.4,56.4,8.4,46.8,42.7,38.7,31.8,13.8,6.9,18.0,11.1,4.2
2017-05-27 12:46:00+02:00,6.6,15.1,4.2,21.9,123.6,82.5,67.4,12.3,4.2,34.6,26.2,86.6,8.2,27.5,12.3,20.7,4.2,23.3,74.3,119.5,60.4,8.2,78.3,10.8,141.2,33.1,28.9,14.8,127.5,16.5,19.4,56.4,8.4,46.8,42.6,38.6,31.8,13.8,6.9,18.0,11.1,4.2
2017-05-27 12:47:00+02:00,6.6,15.2,4.2,22.1,123.8,82.7,67.6,12.3,4.2,34.4,26.2,86.8,8.2,27.5,12.3,20.5,4.2,23.3,74.5,119.7,60.6,8.2,78.5,10.8,141.4,33.1,29.1,14.8,127.7,16.5,19.4,56.7,8.3,46.8,42.6,38.6,31.8,13.8,6.9,18.0,11.1,4.2
2017-05-27 12:48:00+02:00,6.7,15.3,4.2,22.1,123.3,82.8,67.7,12.3,4.2,34.2,25.6,86.9,8.2,27.5,11.7,20.3,4.2,23.3,74.6,119.2,60.7,7.6,78.6,10.8,140.7,32.4,29.2,14.5,127.2,16.5,18.8,56.7,8.3,46.8,42.7,38.6,31.8,13.8,6.9,18.0,11.1,4.2
2017-05-27 12:49:00+02:00,6.7,15.3,4.2,22.0,123.0,82.5,67.4,12.3,4.2,33.5,25.6,86.6,8.2,27.4,11.8,19.6,4.2,23.2,74.3,118.9,60.4,7.6,78.3,10.8,140.0,32.4,29.0,13.8,127.0,16.4,18.8,56.5,8.3,46.7,42.6,38.6,31.8,13.8,6.9,18.0,11.1,4.2
2017-05-27 12:50:00+02:00,6.7,15.3,4.2,22.0,123.0,82.4,67.3,12.3,4.2,34.1,25.6,86.6,8.2,27.4,11.8,20.2,4.2,23.2,74.2,118.9,60.4,7.7,78.2,10.8,140.4,32.5,29.0,14.4,126.9,16.4,18.8,56.4,8.3,46.6,42.5,38.5,31.7,13.8,6.9,17.9,11.0,4.1
2017-05-27 12:51:00+02:00,6.8,15.3,4.2,22.0,123.1,82.3,67.3,12.3,4.2,34.6,25.8,86.5,8.2,27.4,12.0,20.8,4.2,23.2,74.2,119.0,60.4,7.8,78.2,10.9,140.5,32.6,29.0,15.0,127.0,16.4,19.0,56.4,8.3,46.5,42.4,38.4,31.6,13.8,6.9,17.9,11.0,4.1
2017-05-27 12:52:00+02:00,6.8,15.3,4.2,22.0,122.8,82.2,67.2,12.2,4.2,34.6,25.7,86.3,8.2,27.4,12.0,20.7,4.2,23.2,74.0,118.7,60.3,7.8,78.1,10.9,140.0,32.6,29.0,15.0,126.6,16.4,18.9,56.4,8.3,46.5,42.4,38.4,31.6,13.7,6.9,17.9,11.0,4.1
2017-05-27 12:53:00+02:00,6.8,15.3,4.2,22.0,123.1,82.4,67.4,12.2,4.2,34.7,25.8,86.5,8.3,27.4,12.0,20.7,4.2,23.2,74.2,119.0,60.4,7.9,78.3,11.0,140.1,32.6,29.0,15.0,126.7,16.4,19.0,56.5,8.3,46.7,42.5,38.5,31.7,13.8,6.9,18.0,11.0,4.1
2017-05-27 12:54:00+02:00,6.9,15.3,4.2,22.1,123.3,82.4,67.4,12.2,4.2,35.2,25.9,86.5,8.3,27.4,12.0,21.2,4.2,23.2,74.3,119.1,60.4,7.9,78.3,11.0,140.3,32.7,29.1,14.9,126.8,16.4,19.1,56.5,8.3,46.6,42.5,38.5,31.7,13.8,6.9,17.9,11.0,4.1
2017-05-27 12:55:00+02:00,6.9,15.3,4.2,22.0,123.3,82.5,67.5,12.2,4.2,35.3,25.8,86.6,8.3,27.4,12.0,21.3,4.2,23.2,74.4,119.2,60.4,7.9,78.3,11.0,140.3,32.7,29.1,14.9,126.9,16.4,19.0,56.5,8.3,46.6,42.5,38.4,31.6,13.8,6.9,17.8,10.9,4.1
2017-05-27 12:56:00+02:00,6.8,15.2,4.2,22.0,123.1,82.3,67.3,12.2,4.2,35.3,25.8,86.5,8.3,27.3,12.0,21.3,4.2,23.1,74.2,119.0,60.3,7.9,78.2,10.9,140.1,32.6,29.0,14.9,126.7,16.3,19.0,56.3,8.3,46.5,42.4,38.4,31.6,13.8,6.9,17.8,10.9,4.1
2017-05-27 12:57:00+02:00,6.8,15.1,4.2,21.9,122.1,81.5,66.5,11.5,4.2,35.2,25.7,85.6,8.3,26.5,12.0,21.3,4.2,22.4,73.3,118.0,59.4,7.9,77.3,10.9,139.1,32.5,28.9,14.9,125.6,15.5,19.0,55.4,8.2,46.5,42.3,38.3,31.5,13.7,6.9,17.8,10.9,4.1
2017-05-27 12:58:00+02:00,6.8,15.1,4.2,21.8,122.1,81.6,66.6,11.8,4.2,35.1,25.7,85.7,8.3,26.8,12.0,21.2,4.3,22.7,73.4,118.0,59.6,7.9,77.4,10.9,139.0,32.5,28.7,14.9,125.6,15.9,19.0,55.6,8.2,46.3,42.1,38.1,31.4,13.6,6.8,17.7,10.9,4.1
2017-05-27 12:59:00+02:00,6.8,15.1,4.2,19.7,120.6,80.0,65.0,12.3,4.2,35.2,25.7,84.1,8.3,27.3,12.0,21.2,4.3,23.2,71.9,116.5,58.0,7.9,75.8,10.9,137.5,32.5,26.7,14.9,124.1,16.4,19.0,54.0,8.2,46.3,42.2,38.1,31.4,13.7,6.8,17.7,10.9,4.1
2017-05-27 13:00:00+02:00,6.8,15.1,4.2,20.5,121.4,80.8,65.8,12.2,4.2,35.0,25.7,84.9,8.3,27.3,11.9,21.1,4.3,23.2,72.7,117.3,58.8,7.8,76.7,10.8,138.3,32.5,27.5,14.7,124.9,16.4,18.8,54.8,8.2,46.3,42.2,38.2,31.4,13.7,6.8,17.8,10.9,4.1
2017-05-27 13:01:00+02:00,6.8,15.1,4.2,20.0,121.0,80.5,65.5,12.3,4.2,35.2,25.5,84.6,8.3,27.4,12.0,21.2,4.3,23.3,72.4,116.9,58.5,7.8,76.3,10.8,137.9,32.4,27.1,14.8,124.5,16.4,18.7,54.5,8.2,46.4,42.3,38.2,31.5,13.7,6.8,17.8,10.9,4.1
2017-05-27 13:02:00+02:00,6.9,15.1,4.2,21.9,123.0,82.5,67.5,12.3,4.1,35.4,25.5,86.7,8.3,27.4,11.8,21.4,4.2,23.3,74.4,118.9,60.5,7.7,78.4,10.9,140.0,32.3,29.0,14.8,126.5,16.4,18.6,56.5,8.2,46.5,42.3,38.3,31.6,13.7,6.8,17.8,10.9,4.1
2017-05-27 13:03:00+02:00,6.9,15.1,4.2,21.8,123.0,82.2,67.1,12.1,4.1,35.4,25.7,86.3,8.2,27.2,12.1,21.4,4.1,23.1,74.1,118.8,60.1,7.9,78.0,10.9,140.0,32.7,29.0,14.8,126.5,16.2,18.8,56.2,8.1,46.5,42.3,38.3,31.5,13.7,6.8,17.8,10.9,4.0
2017-05-27 13:04:00+02:00,6.9,15.1,4.2,21.8,122.8,82.0,66.9,11.9,4.1,35.4,25.8,86.1,8.0,27.0,12.1,21.4,3.9,22.9,73.9,118.7,59.9,8.0,77.8,10.9,139.9,32.7,29.0,14.8,126.3,16.0,18.9,56.0,8.1,46.7,42.5,38.4,31.6,13.7,6.8,17.8,10.9,4.0
2017-05-27 13:05:00+02:00,6.9,15.0,4.2,21.8,123.1,82.4,67.3,12.3,4.1,35.4,25.7,86.5,8.3,27.4,12.1,21.4,4.2,23.3,74.3,119.0,60.3,8.0,78.2,10.9,140.0,32.6,28.9,14.8,126.6,16.4,18.9,56.3,8.1,46.7,42.5,38.4,31.6,13.7,6.9,17.8,11.0,4.0
2017-05-27 13:06:00+02:00,6.9,15.0,4.2,21.8,123.0,82.4,67.3,12.4,4.1,35.4,25.5,86.5,8.3,27.5,12.1,21.4,4.2,23.4,74.2,118.9,60.3,7.9,78.2,10.8,139.9,32.5,28.9,14.8,126.6,16.5,18.8,56.4,8.1,46.7,42.6,38.5,31.6,13.8,6.9,17.8,11.0,4.0
2017-05-27 13:07:00+02:00,6.9,15.0,4.2,21.8,122.9,82.4,67.3,12.4,4.1,35.4,25.5,86.5,8.4,27.5,12.1,21.3,4.2,23.4,74.2,118.8,60.3,7.9,78.2,10.8,140.1,32.4,29.0,14.8,126.7,16.5,18.7,56.5,8.1,46.8,42.6,38.5,31.6,13.8,6.9,17.9,11.0,4.1
2017-05-27 13:08:00+02:00,6.9,15.1,4.2,21.8,123.2,82.5,67.5,12.4,4.1,35.2,25.5,86.6,8.4,27.6,12.1,21.1,4.3,23.4,74.4,119.0,60.5,7.9,78.4,10.5,140.6,32.5,29.0,14.6,127.2,16.5,18.7,56.5,8.1,46.8,42.6,38.5,31.7,13.8,6.9,17.9,11.0,4.1
2017-05-27 13:09:00+02:00,6.9,15.1,4.2,21.9,123.2,82.6,67.5,12.3,4.1,35.6,25.5,86.7,8.4,27.5,12.1,21.6,4.2,23.4,74.5,119.1,60.5,7.9,78.4,10.6,140.7,32.5,29.0,14.7,127.2,16.5,18.8,56.5,8.1,46.5,42.4,38.4,31.6,13.8,6.9,17.8,11.0,4.1
2017-05-27 13:10:00+02:00,6.9,15.1,4.2,21.9,123.3,82.6,67.5,12.3,4.1,36.1,25.6,86.8,8.3,27.5,12.1,22.0,4.2,23.4,74.5,119.2,60.5,7.9,78.5,10.9,140.9,32.5,29.0,15.0,127.4,16.5,18.8,56.5,8.1,46.5,42.4,38.3,31.6,13.8,6.9,17.8,10.9,4.1
2017-05-27 13:11:00+02:00,6.8,15.1,4.2,21.9,123.6,82.8,67.6,12.3,4.1,36.0,25.7,86.9,8.3,27.6,12.1,22.0,4.3,23.4,74.6,119.4,60.6,8.0,78.6,10.8,141.1,32.6,29.0,14.9,127.6,16.5,18.8,56.6,8.1,46.6,42.5,38.4,31.6,13.8,6.9,17.8,11.0,4.1
2017-05-27 13:12:00+02:00,6.8,15.1,4.2,21.9,123.3,82.7,67.6,12.4,4.1,36.0,25.7,86.9,8.3,27.6,12.1,22.0,4.3,23.5,74.6,119.4,60.6,7.9,78.6,10.9,140.8,32.6,29.0,15.0,127.3,16.5,18.8,56.6,8.1,46.6,42.5,38.3,31.6,13.7,6.8,17.8,11.0,4.1
2017-05-27 13:13:00+02:00,6.8,15.1,4.2,21.9,123.2,82.7,67.6,12.4,4.1,36.0,25.7,86.8,8.3,27.6,12.1,22.0,4.2,23.5,74.5,119.3,60.6,7.9,78.5,10.9,140.7,32.6,29.0,15.0,127.2,16.5,18.8,56.6,8.1,46.5,42.4,38.3,31.5,13.7,6.8,17.8,11.0,4.1
2017-05-27 13:14:00+02:00,6.8,15.1,4.2,21.9,123.3,82.8,67.7,12.5,4.1,35.2,25.6,86.9,8.4,27.7,12.0,21.1,4.2,23.6,74.6,119.4,60.7,7.9,78.6,10.0,140.8,32.6,29.0,14.1,127.3,16.6,18.7,56.7,8.1,46.5,42.3,38.2,31.5,13.7,6.8,17.8,11.0,4.1
2017-05-27 13:15:00+02:00,6.8,15.1,4.2,21.9,123.4,82.7,67.6,12.5,4.1,36.0,25.8,86.8,8.4,27.7,12.0,21.9,4.2,23.6,74.5,119.4,60.7,7.9,78.5,10.7,140.9,32.7,29.0,14.8,127.3,16.7,18.8,56.7,8.1,46.7,42.5,38.4,31.5,13.7,6.8,17.8,11.0,4.1
2017-05-27 13:16:00+02:00,6.9,15.1,4.2,21.8,123.6,82.7,67.6,12.5,4.1,36.0,25.9,86.8,8.4,27.7,12.0,21.8,4.2,23.6,74.5,119.6,60.6,7.9,78.5,10.7,140.7,32.9,29.0,14.8,127.5,16.7,19.0,56.7,8.1,46.6,42.5,38.4,31.5,13.7,6.8,17.8,11.0,4.1
2017-05-27 13:17:00+02:00,6.9,15.0,4.2,21.8,123.4,82.6,67.5,12.5,4.1,36.0,25.9,86.7,8.4,27.7,12.0,21.8,4.2,23.6,74.5,119.4,60.5,7.9,78.4,10.8,139.8,32.8,28.9,14.9,127.4,16.7,19.0,56.6,8.1,46.4,42.3,38.2,31.4,13.6,6.8,17.8,11.0,4.1
2017-05-27 13:18:00+02:00,6.9,15.0,4.2,21.7,123.8,82.5,67.4,12.5,4.1,36.0,26.3,86.6,8.4,27.7,12.4,21.9,4.2,23.6,74.4,119.7,60.4,8.3,78.3,10.8,141.2,33.2,28.8,14.9,127.7,16.6,19.4,56.5,8.0,46.3,42.2,38.1,31.4,13.6,6.8,17.8,11.0,4.0
2017-05-27 13:19:00+02:00,6.9,14.9,4.2,21.7,123.6,82.3,67.2,12.4,4.1,36.0,26.3,86.4,8.4,27.6,12.4,21.9,4.2,23.5,74.2,119.5,60.3,8.3,78.2,10.8,141.0,33.2,28.8,14.9,127.5,16.6,19.4,56.4,8.0,46.2,42.1,38.0,31.3,13.6,6.8,17.7,10.9,4.0
2017-05-27 13:20:00+02:00,6.9,15.0,4.2,21.8,123.3,81.9,66.8,11.9,4.1,35.6,26.3,86.1,7.9,27.1,12.4,21.5,4.2,23.0,73.8,119.2,59.9,8.3,77.8,10.4,140.2,33.3,28.8,14.5,127.3,16.1,19.4,55.9,8.1,46.3,42.2,38.1,31.4,13.6,6.8,17.8,11.0,4.1
2017-05-27 13:21:00+02:00,6.9,14.9,4.2,21.7,122.7,81.4,66.3,11.6,4.1,35.7,26.3,85.5,7.5,26.8,12.4,21.6,4.2,22.7,73.3,118.6,59.5,8.3,77.3,10.7,139.5,33.2,28.7,14.7,126.6,15.7,19.4,55.5,8.0,46.3,42.1,38.0,31.3,13.6,6.8,17.8,11.0,4.1
2017-05-27 13:22:00+02:00,6.9,14.8,4.2,21.5,123.1,82.0,66.9,12.4,4.0,35.8,26.2,86.1,8.4,27.5,12.4,21.7,4.2,23.5,73.9,119.1,60.1,8.3,77.9,10.9,140.0,33.1,28.6,14.9,127.1,16.6,19.4,56.1,7.9,46.1,41.9,37.8,31.2,13.5,6.7,17.7,10.9,4.0
2017-05-27 13:23:00+02:00,6.8,14.8,4.2,21.6,123.2,82.1,67.0,12.4,4.0,35.7,26.2,86.2,8.4,27.6,12.4,21.7,4.3,23.5,73.9,119.1,60.1,8.3,77.9,10.9,140.1,33.1,28.6,14.9,127.2,16.6,19.4,56.1,7.9,46.1,41.9,37.8,31.2,13.5,6.7,17.7,10.9,4.0
2017-05-27 13:24:00+02:00,6.8,14.8,4.2,21.5,123.1,82.0,66.9,12.4,4.0,35.8,26.1,86.1,8.4,27.5,12.4,21.8,4.3,23.5,73.9,119.1,60.0,8.3,77.9,10.9,140.0,33.0,28.5,14.9,127.1,16.6,19.4,56.1,7.9,46.1,41.9,37.8,31.2,13.6,6.8,17.6,10.9,4.0
2017-05-27 13:25:00+02:00,6.8,14.8,4.2,21.5,123.2,82.1,67.0,12.4,4.0,36.0,26.2,86.2,8.4,27.5,12.4,22.0,4.3,23.5,73.9,119.2,60.1,8.3,77.9,10.9,140.1,33.1,28.5,15.0,127.3,16.6,19.4,56.1,7.9,46.2,42.0,37.9,31.2,13.5,6.7,17.7,10.9,4.0
2017-05-27 13:26:00+02:00,6.8,14.5,4.2,21.2,122.9,81.8,66.6,12.4,4.0,36.0,26.2,85.9,8.4,27.5,12.5,22.0,4.3,23.5,73.6,118.9,59.8,8.3,77.6,10.9,139.8,33.1,28.3,15.0,127.0,16.5,19.4,55.8,7.7,46.2,42.0,37.9,31.2,13.5,6.7,17.7,10.9,4.0
2017-05-27 13:27:00+02:00,6.9,13.7,4.2,20.5,121.9,80.7,65.6,12.1,4.0,36.0,26.2,84.8,8.4,27.2,12.5,22.0,4.2,23.2,72.6,117.8,58.7,8.3,76.6,10.9,138.8,33.1,27.5,15.0,126.0,16.2,19.4,54.7,6.9,46.2,42.0,37.9,31.2,13.5,6.7,17.7,10.8,4.0
2017-05-27 13:28:00+02:00,6.8,14.7,4.2,21.4,122.5,81.4,66.3,12.0,4.0,35.9,26.2,85.4,8.3,27.0,12.4,21.9,4.2,23.1,73.2,118.4,59.4,8.3,77.2,10.9,139.5,33.1,28.4,14.9,126.5,16.2,19.4,55.5,7.9,46.2,42.0,37.8,31.2,13.5,6.7,17.7,10.9,4.0
2017-05-27 13:29:00+02:00,6.8,14.6,4.2,21.3,121.8,80.9,65.9,11.9,3.9,35.8,26.1,84.9,8.2,26.8,12.4,21.8,4.2,22.9,72.8,117.7,59.0,8.3,76.8,10.8,138.7,32.9,28.3,14.9,125.8,16.0,19.3,55.1,7.8,46.0,41.8,37.7,31.0,13.4,6.7,17.6,10.8,4.0
2017-05-27 13:30:00+02:00,6.8,14.8,4.2,21.4,121.8,80.8,65.9,12.0,4.1,35.9,26.1,84.9,8.2,26.7,12.4,21.9,4.2,22.8,72.7,117.7,59.0,8.3,76.7,11.0,138.5,32.9,28.4,15.0,125.8,15.9,19.4,55.1,8.0,46.1,41.9,37.8,31.1,13.5,6.7,17.6,10.8,4.0
2017-05-27 13:31:00+02:00,6.8,14.8,4.2,21.4,120.6,79.7,64.8,11.9,4.1,35.9,26.0,83.8,8.2,26.6,12.4,21.9,4.2,22.6,71.7,116.5,58.0,8.3,75.6,10.9,137.6,32.8,28.2,15.0,124.6,15.7,19.3,54.8,8.0,45.9,41.7,37.6,31.0,13.4,6.7,17.6,10.8,4.0
2017-05-27 13:32:00+02:00,6.8,14.8,4.2,21.3,120.2,79.6,64.7,11.9,4.1,35.8,26.0,83.6,8.2,26.6,12.4,21.8,4.2,22.7,71.5,116.3,57.9,8.3,75.4,10.9,136.9,32.8,28.1,14.9,124.2,15.8,19.3,54.7,8.0,45.9,41.7,37.6,30.9,13.4,6.7,17.5,10.8,4.0
2017-05-27 13:33:00+02:00,6.8,14.8,4.2,21.4,121.4,80.6,65.7,11.9,4.1,35.8,26.1,84.7,8.2,26.7,12.4,21.8,4.2,22.7,72.6,117.5,58.9,8.3,76.5,10.9,138.0,32.9,28.1,15.0,125.4,15.9,19.3,54.8,8.0,45.9,41.7,37.6,31.0,13.4,6.7,17.6,10.8,4.0
2017-05-27 13:34:00+02:00,6.8,14.8,4.2,21.4,121.5,80.8,65.8,11.9,4.1,35.8,26.0,84.8,8.2,26.7,12.4,21.8,4.2,22.8,72.7,117.6,59.0,8.2,76.6,10.9,138.4,32.9,28.1,15.0,125.4,15.9,19.2,54.9,8.1,45.9,41.8,37.6,30.9,13.4,6.7,17.5,10.8,3.9
2017-05-27 13:35:00+02:00,6.8,14.7,4.2,21.3,121.3,80.4,66.0,12.1,4.0,35.9,26.0,84.5,8.2,27.0,12.4,21.9,4.2,23.0,72.8,117.3,59.2,8.3,76.3,10.9,136.1,32.9,28.1,15.0,124.3,16.2,19.2,55.1,8.0,46.0,41.8,37.6,30.9,13.4,6.7,17.5,10.7,3.9
2017-05-27 13:36:00+02:00,6.8,14.7,4.2,21.5,121.5,80.6,66.2,12.2,4.0,35.9,26.1,84.7,8.2,27.1,12.4,21.9,4.2,23.1,73.1,117.5,59.4,8.3,76.4,11.0,136.6,33.0,28.2,15.1,125.0,16.2,19.2,55.3,7.9,46.0,41.8,37.7,31.0,13.5,6.7,17.5,10.8,3.9
2017-05-27 13:37:00+02:00,6.8,14.7,4.2,21.5,122.2,81.3,66.3,12.2,4.0,36.0,26.0,85.4,8.2,27.1,12.4,22.0,4.2,23.2,73.2,118.2,59.5,8.3,77.2,11.0,137.7,32.9,28.3,15.1,126.1,16.3,19.2,55.4,7.9,46.0,41.8,37.7,31.0,13.4,6.7,17.6,10.8,4.0
2017-05-27 13:38:00+02:00,6.8,14.7,4.2,21.5,122.0,81.1,66.1,12.2,4.0,35.9,26.0,85.2,8.2,27.1,12.4,22.0,4.2,23.1,73.0,118.0,59.4,8.3,77.0,11.0,137.5,32.9,28.2,15.1,125.9,16.3,19.2,55.3,7.9,45.8,41.7,37.6,30.9,13.4,6.7,17.5,10.8,4.0
2017-05-27 13:39:00+02:00,6.8,14.7,4.2,21.5,122.1,81.1,66.1,12.2,4.0,35.9,26.1,85.1,8.2,27.1,12.4,21.9,4.2,23.1,73.0,118.0,59.4,8.3,77.0,11.0,137.5,33.0,28.2,15.1,125.9,16.3,19.3,55.3,7.9,45.9,41.7,37.6,30.9,13.5,6.7,17.5,10.7,3.9
2017-05-27 13:40:00+02:00,6.7,14.6,4.2,21.4,121.9,80.9,65.9,12.2,4.0,35.8,26.2,84.9,8.2,27.1,12.5,21.9,4.2,23.1,72.8,117.8,59.3,8.3,76.8,10.9,137.5,33.1,28.1,15.0,125.8,16.3,19.4,55.2,7.9,45.8,41.6,37.5,30.9,13.5,6.7,17.4,10.7,4.0
2017-05-27 13:41:00+02:00,6.7,14.6,4.1,21.3,122.1,81.0,66.0,12.2,4.0,35.8,26.3,85.0,8.2,27.1,12.5,21.8,4.2,23.1,72.9,118.0,59.2,8.3,76.9,10.8,137.7,33.1,28.1,15.0,126.0,16.3,19.4,55.2,7.9,45.8,41.6,37.5,30.8,13.4,6.7,17.4,10.7,3.9
2017-05-27 13:42:00+02:00,6.7,14.6,4.1,21.3,121.5,80.8,65.8,12.1,4.0,35.6,26.2,84.8,8.3,27.0,12.4,21.7,4.2,23.0,72.7,117.6,59.1,8.2,76.7,10.7,136.9,33.0,28.0,14.8,125.3,16.2,19.3,55.0,7.8,45.7,41.5,37.4,30.7,13.4,6.7,17.3,10.7,3.9
2017-05-27 13:43:00+02:00,6.7,14.5,4.1,21.3,121.3,80.7,65.7,12.1,4.0,35.6,26.1,84.7,8.3,27.0,12.3,21.7,4.2,23.0,72.6,117.5,59.0,8.2,76.6,10.8,137.0,32.9,28.0,14.9,125.1,16.2,19.3,55.0,7.8,45.6,41.4,37.3,30.7,13.4,6.7,17.3,10.7,3.9
2017-05-27 13:44:00+02:00,6.7,14.5,4.1,21.3,121.4,80.8,65.8,12.1,4.0,35.5,26.1,84.8,8.3,27.0,12.3,21.6,4.2,23.1,72.7,117.6,59.1,8.2,76.7,10.7,137.9,32.9,28.0,14.8,125.2,16.2,19.3,55.0,7.8,45.8,41.6,37.4,30.8,13.4,6.7,17.4,10.7,3.9
2017-05-27 13:45:00+02:00,6.7,14.5,4.1,21.3,120.8,80.5,65.6,12.1,3.9,35.5,25.7,84.5,8.3,27.0,12.2,21.6,4.2,23.1,72.5,116.9,58.9,8.2,76.4,10.7,137.2,32.5,28.0,14.8,124.6,16.2,18.9,55.0,7.8,45.8,41.6,37.5,30.8,13.4,6.7,17.5,10.7,3.9
2017-05-27 13:46:00+02:00,6.7,14.5,4.1,21.3,119.7,79.7,64.7,12.1,3.9,35.4,25.5,83.6,8.3,27.0,12.4,21.6,4.2,23.0,71.6,115.8,58.1,8.2,75.5,10.6,135.4,32.3,27.9,14.7,123.5,16.1,18.7,54.9,7.8,45.6,41.4,37.4,30.7,13.3,6.6,17.4,10.6,3.9
2017-05-27 13:47:00+02:00,6.8,14.5,4.1,21.2,120.0,80.0,65.1,12.0,3.9,35.5,25.5,83.9,8.3,26.8,12.4,21.6,4.2,22.9,71.9,116.1,58.4,8.2,75.8,10.7,135.6,32.3,27.8,14.8,123.8,16.1,18.8,54.5,7.8,44.1,39.9,35.9,30.7,13.3,6.6,17.4,10.6,3.9
2017-05-27 13:48:00+02:00,6.8,14.6,4.1,21.4,120.1,80.4,65.5,12.0,4.0,35.4,25.2,84.4,8.3,26.8,12.4,21.6,4.2,22.8,72.4,116.3,58.8,8.3,76.3,10.7,135.7,32.0,27.9,14.8,123.9,16.1,18.8,54.7,8.0,45.0,40.8,36.8,30.6,13.3,6.6,17.4,10.6,3.9
2017-05-27 13:49:00+02:00,6.7,14.2,4.1,21.0,119.4,79.7,65.0,12.0,3.9,35.3,25.3,83.6,8.3,26.7,12.4,21.6,4.2,22.8,71.8,115.6,58.3,8.2,75.5,10.7,135.0,32.1,27.5,14.8,123.2,16.0,18.8,54.2,7.6,45.5,41.3,37.2,30.5,13.2,6.6,17.3,10.6,3.9
2017-05-27 13:50:00+02:00,6.7,13.4,4.1,20.2,118.5,78.7,64.1,12.0,3.6,35.3,25.4,82.6,8.2,26.7,12.4,21.5,4.2,22.8,70.9,114.7,57.3,8.2,74.6,10.6,135.1,32.1,26.5,14.7,122.2,16.0,18.7,53.2,6.8,45.5,41.3,37.2,30.5,13.2,6.6,17.3,10.5,3.9
2017-05-27 13:51:00+02:00,6.7,13.5,4.1,20.1,118.2,78.6,64.0,11.9,3.9,35.2,25.3,82.5,8.2,26.6,12.4,21.5,4.2,22.7,70.8,114.4,57.3,8.2,74.5,10.6,134.9,32.0,26.5,14.7,122.0,15.9,18.6,53.1,6.9,45.3,41.1,37.0,30.4,13.2,6.6,17.2,10.5,3.8
2017-05-27 13:52:00+02:00,6.7,13.4,4.1,19.9,117.8,78.3,63.8,12.0,3.9,35.2,25.1,82.3,8.2,26.7,12.4,21.5,4.2,22.8,70.5,114.0,57.0,8.2,74.2,10.6,134.5,31.8,26.3,14.7,121.6,16.0,18.7,52.9,6.7,45.0,40.8,36.7,30.4,13.2,6.6,17.2,10.5,3.9
2017-05-27 13:53:00+02:00,6.6,13.6,4.1,20.1,117.5,78.2,63.6,11.9,3.9,35.1,25.0,82.1,8.2,26.4,12.3,21.4,4.2,22.5,70.4,113.7,57.0,8.2,74.0,10.5,134.3,31.7,26.5,14.6,121.4,15.9,18.6,52.9,7.0,45.3,41.2,37.0,30.2,13.1,6.6,17.1,10.5,3.8
2017-05-27 13:54:00+02:00,6.6,13.8,4.1,20.4,117.7,78.4,63.9,11.9,3.9,34.8,25.1,82.3,8.2,26.3,12.3,21.1,4.2,22.5,70.6,113.9,57.3,8.2,74.3,10.2,134.5,31.8,26.8,14.3,121.6,15.9,18.5,53.2,7.2,45.2,41.0,36.9,30.1,13.0,6.5,17.0,10.5,3.8
2017-05-27 13:55:00+02:00,6.8,14.4,4.1,20.9,118.5,79.0,64.5,11.8,3.9,34.9,25.1,83.0,8.1,26.4,12.3,21.2,4.2,22.6,71.3,114.8,57.9,8.2,74.9,10.3,135.2,31.8,27.4,14.3,122.4,15.8,18.5,53.8,7.8,45.3,41.1,36.9,30.1,13.1,6.5,17.1,10.5,3.8
2017-05-27 13:56:00+02:00,6.8,14.3,4.1,20.8,118.2,78.8,64.4,11.8,3.8,35.0,25.1,82.8,8.1,26.4,12.3,21.3,4.2,22.5,71.1,114.5,57.7,8.2,74.8,10.5,134.5,31.8,27.3,14.5,122.2,15.8,18.5,53.6,7.7,44.4,40.2,36.1,30.1,13.0,6.5,17.1,10.5,3.8
2017-05-27 13:57:00+02:00,6.8,13.9,4.1,20.4,118.1,78.4,63.9,11.6,3.5,35.1,25.3,82.4,8.1,26.2,12.3,21.4,4.2,22.4,70.6,114.2,57.2,8.2,74.3,10.6,133.6,31.9,26.9,14.6,122.1,15.6,18.6,53.1,7.4,45.3,41.1,37.0,30.2,13.1,6.5,17.1,10.5,3.8
2017-05-27 13:58:00+02:00,6.7,13.9,4.1,20.5,118.1,78.3,63.9,11.6,3.5,34.8,25.3,82.3,8.0,26.2,12.4,21.1,4.1,22.3,70.6,114.2,57.2,8.2,74.2,10.2,133.5,32.0,26.9,14.2,122.1,15.6,18.6,53.1,7.4,45.3,41.1,37.0,30.2,13.1,6.6,17.1,10.5,3.8
2017-05-27 13:59:00+02:00,6.8,14.2,4.1,20.7,118.5,78.6,64.2,11.6,3.8,35.2,25.3,82.6,8.1,26.2,12.3,21.5,4.1,22.4,70.9,114.5,57.5,8.2,74.6,10.6,133.9,32.0,27.2,14.6,122.4,15.6,18.6,53.4,7.8,45.3,41.1,36.9,30.1,13.0,6.6,17.1,10.5,3.8
2017-05-27 14:00:00+02:00,6.8,14.2,4.1,20.7,118.5,78.6,64.1,11.6,3.8,35.1,25.4,82.5,8.1,26.2,12.3,21.5,4.1,22.4,70.9,114.5,57.5,8.2,74.5,10.6,134.1,32.1,27.1,14.6,122.5,15.6,18.8,53.3,7.8,44.9,40.7,36.6,30.1,13.0,6.5,17.0,10.5,3.8
2017-05-27 14:01:00+02:00,6.7,14.2,4.1,20.7,118.4,78.5,64.0,11.6,3.8,35.0,25.6,82.4,8.1,26.1,12.3,21.4,4.1,22.3,70.8,114.5,57.4,8.2,74.4,10.6,134.0,32.2,27.1,14.6,122.4,15.6,19.0,53.3,7.7,44.6,40.4,36.2,30.0,13.0,6.5,17.0,10.5,3.8
2017-05-27 14:02:00+02:00,6.6,14.2,4.1,20.8,118.5,78.5,64.1,11.6,3.8,34.9,25.6,82.4,8.0,26.1,12.3,21.3,4.1,22.3,70.8,114.5,57.5,8.2,74.4,10.5,134.1,32.2,27.3,14.5,122.5,15.5,18.9,53.3,7.7,44.8,40.6,36.5,29.9,13.0,6.5,17.0,10.4,3.8
2017-05-27 14:03:00+02:00,6.6,14.0,4.1,20.6,116.9,78.2,63.8,11.5,3.8,34.8,24.4,82.1,8.0,26.0,12.1,21.3,4.1,22.2,70.5,112.9,57.2,8.0,74.1,10.5,132.4,31.0,27.1,14.5,120.9,15.4,18.7,53.0,7.5,44.7,40.5,36.3,29.8,13.0,6.5,16.9,10.3,3.8
2017-05-27 14:04:00+02:00,6.6,13.9,4.1,20.5,116.6,78.2,63.6,11.5,3.8,34.8,24.0,82.1,8.0,25.9,12.1,21.3,4.2,22.1,70.3,112.6,57.0,8.0,74.1,10.5,132.2,30.6,26.9,14.5,120.6,15.4,18.7,52.9,7.4,44.5,40.3,36.2,29.6,12.9,6.4,16.8,10.3,3.8
2017-05-27 14:05:00+02:00,6.6,14.1,4.1,20.6,117.3,78.5,63.8,11.5,3.9,34.9,24.4,82.4,8.1,25.9,12.1,21.3,4.2,22.2,70.5,113.3,57.2,8.0,74.4,10.5,134.1,31.0,27.1,14.5,121.3,15.4,18.8,53.0,7.6,44.5,40.3,36.2,29.6,12.8,6.5,16.8,10.3,3.7
2017-05-27 14:06:00+02:00,6.6,14.1,4.0,19.7,117.1,77.5,62.9,11.5,3.9,34.9,25.1,81.5,8.1,26.0,12.1,21.3,4.2,22.2,69.6,113.1,56.2,8.0,73.4,10.5,133.9,31.8,26.1,14.5,121.1,15.5,18.7,52.1,7.6,44.5,40.3,36.2,29.6,12.8,6.5,16.8,10.3,3.7
2017-05-27 14:07:00+02:00,6.6,14.1,4.0,19.4,115.5,77.2,62.6,11.5,3.9,34.8,23.8,81.2,8.1,25.9,11.7,21.4,4.2,22.2,69.3,111.5,56.0,7.6,73.1,10.5,132.2,30.4,25.9,14.5,119.4,15.4,18.4,51.8,7.6,44.6,40.4,36.3,29.7,12.8,6.5,16.9,10.4,3.9
2017-05-27 14:08:00+02:00,6.7,14.1,4.1,19.4,115.5,77.0,62.4,11.5,3.9,35.0,24.1,81.0,8.1,25.9,12.1,21.4,4.2,22.1,69.1,111.6,55.8,8.0,72.9,10.6,132.1,30.7,25.8,14.6,119.4,15.4,18.8,51.7,7.6,44.4,40.2,36.1,29.6,12.8,6.4,16.9,10.4,3.9
2017-05-27 14:09:00+02:00,6.7,14.0,4.0,19.3,116.0,76.6,62.1,11.4,3.9,34.9,25.0,80.6,8.0,25.7,12.1,21.3,4.1,22.0,68.7,112.0,55.5,8.0,72.5,10.5,132.5,31.5,25.7,14.5,119.8,15.3,18.7,51.4,7.6,44.3,40.1,36.0,29.5,12.7,6.4,16.8,10.4,3.9
2017-05-27 14:10:00+02:00,6.6,14.0,4.0,20.4,116.1,77.6,63.1,11.4,3.9,34.7,24.1,81.6,8.0,25.7,12.0,21.2,4.1,22.0,69.7,112.1,56.5,8.0,73.5,10.5,132.6,30.6,26.8,14.4,119.9,15.3,18.6,52.4,7.6,44.3,40.1,36.0,29.5,12.7,6.4,16.8,10.4,3.9
2017-05-27 14:11:00+02:00,6.6,13.9,4.0,20.5,114.9,76.7,62.2,11.4,3.9,34.7,23.9,80.6,8.0,25.6,12.0,21.2,4.1,21.9,68.8,110.9,55.7,7.9,72.6,10.5,131.4,30.4,26.0,14.4,118.7,15.3,18.6,51.6,7.6,44.1,39.9,35.8,29.4,12.7,6.3,16.7,10.3,3.8
2017-05-27 14:12:00+02:00,6.6,13.9,4.0,20.5,115.3,76.8,62.3,11.6,3.9,34.7,24.3,80.7,8.0,25.8,12.0,21.2,4.1,22.1,68.9,111.4,55.8,7.9,72.7,10.5,131.7,30.8,25.9,14.4,119.1,15.4,18.6,51.7,7.5,44.1,40.0,35.9,29.4,12.7,6.3,16.7,10.3,3.8
2017-05-27 14:13:00+02:00,6.6,13.9,4.0,20.5,115.0,76.5,62.0,11.5,3.9,34.7,24.2,80.5,7.9,25.8,12.0,21.2,4.1,22.1,68.7,111.1,55.5,7.9,72.5,10.5,131.4,30.7,25.6,14.4,118.8,15.4,18.5,51.4,7.5,44.1,40.0,35.9,29.3,12.7,6.3,16.7,10.3,3.8
2017-05-27 14:14:00+02:00,6.6,13.9,4.0,20.5,115.0,76.9,62.3,11.5,3.9,33.9,24.0,80.8,8.0,25.8,12.0,20.6,4.1,22.1,69.0,111.1,55.8,7.9,72.8,9.8,131.5,30.4,25.9,13.8,118.8,15.4,18.6,51.7,7.5,44.2,40.0,35.9,29.4,12.7,6.3,16.7,10.3,3.8
2017-05-27 14:15:00+02:00,6.6,13.9,4.0,20.0,114.7,76.5,61.9,11.5,3.9,34.7,24.2,80.4,8.0,25.8,12.0,21.5,4.1,22.1,68.6,110.8,55.4,7.9,72.4,10.8,131.2,30.6,25.5,14.7,118.6,15.4,18.5,51.2,7.5,44.1,39.9,35.8,29.2,12.7,6.3,16.6,10.2,3.7
2017-05-27 14:16:00+02:00,6.6,13.8,4.0,20.4,115.5,77.2,62.6,11.6,3.7,34.8,24.2,81.1,8.0,25.8,12.0,21.5,4.1,22.1,69.3,111.6,56.1,7.9,73.1,10.8,131.9,30.7,26.2,14.7,119.3,15.4,18.4,52.0,7.4,44.0,39.9,35.7,29.2,12.6,6.3,16.5,10.2,3.7
2017-05-27 14:17:00+02:00,6.6,13.8,4.0,20.4,115.2,77.8,63.3,11.6,3.7,34.7,23.4,81.6,8.0,25.8,12.0,21.5,4.1,22.1,70.0,111.3,56.8,7.9,73.8,10.8,131.6,29.8,26.8,14.7,119.1,15.4,18.4,52.6,7.4,43.9,39.7,35.6,29.2,12.6,6.3,16.5,10.1,3.7
2017-05-27 14:18:00+02:00,6.6,13.8,4.0,20.4,115.6,77.8,63.3,11.5,3.7,34.7,23.6,81.7,8.0,25.8,12.2,21.5,4.1,22.1,70.0,111.6,56.8,8.0,73.7,10.7,132.0,30.0,26.8,14.7,119.5,15.4,18.4,52.6,7.4,43.7,39.5,35.4,29.1,12.6,6.3,16.5,10.1,3.7
2017-05-27 14:19:00+02:00,6.6,13.8,4.0,20.4,114.9,77.6,63.2,11.5,3.7,34.8,23.1,81.5,8.0,25.7,12.1,21.5,4.1,22.0,69.9,110.9,56.7,8.0,73.5,10.7,131.2,29.5,26.8,14.7,118.7,15.4,18.4,52.6,7.4,43.5,39.3,35.2,29.0,12.5,6.2,16.4,10.1,3.6
2017-05-27 14:20:00+02:00,6.6,13.9,4.0,20.5,114.8,77.7,63.2,11.5,3.8,34.8,24.2,81.6,8.0,25.7,12.1,21.4,4.1,22.0,69.9,112.2,56.8,8.0,73.6,10.7,131.1,30.7,26.9,14.7,118.6,15.3,18.2,52.6,7.5,43.5,39.4,35.3,29.0,12.5,6.2,16.5,10.1,3.7
2017-05-27 14:21:00+02:00,6.6,13.8,4.0,20.1,113.8,77.1,62.7,11.5,3.8,34.6,24.5,81.0,8.0,25.6,12.1,21.3,4.1,22.0,69.4,111.8,56.2,8.0,73.0,10.7,130.1,31.0,26.5,14.6,117.7,15.3,18.2,52.1,7.5,43.4,39.3,35.2,28.9,12.5,6.2,16.5,10.1,3.7
2017-05-27 14:22:00+02:00,6.6,13.9,4.0,20.0,113.8,77.1,62.7,11.5,3.8,34.7,24.5,80.9,8.0,25.6,12.1,21.4,4.1,21.9,69.3,111.9,56.2,8.0,73.0,10.7,130.2,31.0,26.4,14.7,117.7,15.2,18.1,52.0,7.5,43.5,39.3,35.2,29.0,12.5,6.2,16.5,10.2,3.7
2017-05-27 14:23:00+02:00,6.6,13.9,4.0,20.1,113.9,77.2,62.8,11.5,3.8,34.9,24.4,81.1,8.0,25.6,12.2,21.5,4.1,22.0,69.4,111.9,56.3,8.0,73.1,10.7,130.4,30.9,26.5,14.8,117.8,15.3,18.2,52.1,7.5,43.6,39.4,35.3,29.1,12.5,6.3,16.5,10.2,3.7
2017-05-27 14:24:00+02:00,6.6,13.8,4.0,20.0,113.9,77.2,62.7,11.5,3.8,35.0,24.4,81.1,8.0,25.7,12.1,21.6,4.1,22.0,69.4,111.9,56.2,8.0,73.1,10.7,130.4,30.9,26.4,14.8,117.9,15.3,18.2,52.1,7.5,43.7,39.6,35.4,29.2,12.7,6.3,16.6,10.2,3.8
2017-05-27 14:25:00+02:00,6.4,13.8,4.0,20.0,113.8,77.1,62.7,11.5,3.8,34.8,24.4,81.0,8.0,25.6,12.1,21.4,4.1,22.0,69.4,111.8,56.2,8.0,73.0,10.5,129.9,30.8,26.4,14.6,117.8,15.3,18.2,52.0,7.4,43.7,39.5,35.4,29.2,12.6,6.3,16.6,10.2,3.8
2017-05-27 14:26:00+02:00,6.1,13.7,4.0,19.9,113.6,77.0,62.6,11.5,3.8,34.4,24.3,80.9,8.0,25.7,12.1,21.1,4.1,22.0,69.3,111.6,56.1,8.0,72.9,10.2,129.0,30.8,26.3,14.3,117.5,15.3,18.2,52.0,7.4,43.6,39.5,35.3,29.1,12.6,6.3,16.5,10.2,3.8
2017-05-27 14:27:00+02:00,6.1,13.7,4.0,19.9,113.8,76.7,62.3,11.4,3.8,34.5,23.0,80.6,8.0,25.5,12.1,21.1,4.1,21.8,69.0,110.0,55.9,8.0,72.6,10.2,128.5,29.5,26.2,14.3,117.0,15.1,17.1,51.7,7.4,43.6,39.4,35.3,29.1,12.5,6.3,16.6,10.2,3.8
2017-05-27 14:28:00+02:00,6.1,13.7,4.0,19.8,113.3,76.6,62.2,11.3,3.8,34.5,22.5,80.5,8.0,25.4,12.1,21.1,4.1,21.8,68.8,109.3,55.7,8.0,72.5,10.2,128.8,28.9,26.2,14.3,116.8,15.1,16.9,51.6,7.4,43.7,39.5,35.3,29.1,12.6,6.3,16.6,10.2,3.8
2017-05-27 14:29:00+02:00,6.0,13.7,4.0,19.7,113.4,76.2,61.9,11.2,3.7,34.3,22.9,80.2,7.9,25.3,12.1,21.0,4.1,21.7,68.5,109.4,55.5,8.0,72.2,10.1,129.6,29.3,26.0,14.2,117.2,15.0,16.9,51.3,7.4,43.4,39.2,35.1,29.0,12.5,6.3,16.5,10.2,3.8
2017-05-27 14:30:00+02:00,6.0,13.6,4.0,19.6,113.5,75.8,61.6,11.1,3.7,34.0,23.5,79.7,7.9,25.1,12.0,20.7,4.1,21.5,68.1,109.5,55.2,8.0,71.8,9.9,129.7,29.9,25.9,14.0,117.4,14.9,17.5,51.1,7.3,43.0,38.8,34.7,28.5,12.4,6.2,16.1,9.9,3.5
2017-05-27 14:31:00+02:00,5.9,13.5,3.9,19.5,113.7,75.5,61.3,11.1,3.7,33.8,24.1,79.4,7.9,25.0,12.0,20.6,4.1,21.5,67.8,109.7,55.0,7.9,71.5,9.8,129.9,30.4,25.9,13.9,117.6,14.8,18.5,50.9,7.3,43.0,38.9,34.8,28.6,12.4,6.2,16.3,10.1,3.7
2017-05-27 14:32:00+02:00,5.9,13.5,3.9,19.5,113.4,75.6,61.5,11.2,3.7,33.7,23.6,79.5,8.0,25.1,12.0,20.5,4.1,21.5,68.0,109.4,55.1,7.9,71.6,9.8,129.5,29.9,25.9,13.8,117.3,14.9,18.5,51.0,7.2,43.1,38.9,34.8,28.7,12.4,6.2,16.3,10.1,3.7
2017-05-27 14:33:00+02:00,5.9,13.5,3.9,19.6,113.2,74.6,60.5,11.2,3.6,33.6,24.7,78.4,7.9,25.0,12.1,20.5,4.1,21.5,66.9,109.3,55.1,8.0,70.5,9.7,129.2,31.0,26.0,13.8,117.1,14.9,18.5,50.9,7.3,42.9,38.7,34.6,28.5,12.4,6.2,16.2,10.1,3.7
2017-05-27 14:34:00+02:00,5.9,13.5,3.9,19.4,112.9,74.3,60.1,11.2,3.6,33.3,24.8,78.1,7.9,24.9,12.0,20.3,4.1,21.4,66.5,109.1,54.7,8.0,70.3,9.6,128.9,31.1,25.7,13.6,116.8,14.8,18.4,50.6,7.3,42.7,38.6,34.5,28.4,12.3,6.2,16.1,10.0,3.7
2017-05-27 14:35:00+02:00,5.8,13.5,3.9,19.4,113.6,75.1,61.0,11.2,3.6,33.2,24.7,79.0,7.9,24.9,12.0,20.2,4.1,21.4,67.4,109.8,54.7,7.9,71.1,9.6,129.6,30.9,25.7,13.6,117.5,14.8,18.3,50.6,7.3,42.3,38.2,34.1,28.0,12.3,6.2,15.8,9.9,3.6
2017-05-27 14:36:00+02:00,5.9,13.6,3.9,19.7,114.1,75.5,61.4,11.2,3.6,33.3,24.7,79.4,7.9,24.9,12.0,20.3,4.1,21.4,67.8,110.3,55.1,8.0,71.5,9.6,129.6,31.0,26.0,13.6,117.6,14.8,18.4,50.9,7.4,42.4,38.2,34.1,28.2,12.3,6.2,15.9,10.0,3.7
2017-05-27 14:37:00+02:00,5.9,13.5,3.9,19.8,113.8,75.3,61.3,11.2,3.6,33.3,24.6,79.2,7.9,24.8,12.0,20.3,4.1,21.3,67.7,110.0,55.0,7.9,71.3,9.6,129.3,30.9,26.1,13.6,117.3,14.7,18.3,50.8,7.4,42.1,38.0,33.9,28.0,12.2,6.1,15.8,9.9,3.6
2017-05-27 14:38:00+02:00,5.9,13.6,3.9,19.8,113.9,75.4,61.3,11.1,3.6,33.4,24.7,79.2,7.9,24.8,11.9,20.3,4.0,21.3,67.7,110.1,55.0,7.9,71.4,9.6,129.6,31.0,26.1,13.6,117.6,14.7,18.3,50.8,7.4,42.4,38.3,34.2,28.0,12.2,6.1,15.7,9.6,3.3
2017-05-27 14:39:00+02:00,5.9,13.5,3.9,19.7,113.9,75.4,61.2,11.1,3.6,33.4,24.7,79.2,7.9,24.8,12.0,20.3,4.0,21.3,67.7,110.1,54.9,7.9,71.4,9.6,129.7,31.0,26.0,13.6,117.6,14.7,18.4,50.8,7.3,42.6,38.5,34.4,28.4,12.3,6.2,16.1,9.9,3.6
2017-05-27 14:40:00+02:00,6.3,13.6,3.9,19.9,114.3,75.6,61.4,11.1,3.6,34.0,24.9,79.4,7.9,24.8,12.0,20.8,4.0,21.3,67.9,110.5,55.1,8.0,71.6,10.1,130.1,31.2,26.1,14.2,118.0,14.7,18.5,50.9,7.4,42.3,38.2,34.1,28.2,12.3,6.2,15.8,9.6,3.3
2017-05-27 14:41:00+02:00,6.4,13.5,3.9,19.8,114.3,75.6,61.4,11.1,3.6,34.0,24.9,79.4,7.9,24.8,12.1,20.8,4.1,21.3,67.9,110.5,55.1,8.0,71.6,10.1,130.1,31.2,26.1,14.2,118.0,14.7,18.5,50.9,7.4,42.6,38.5,34.4,28.4,12.3,6.2,16.1,9.9,3.6
2017-05-27 14:42:00+02:00,6.4,13.5,3.9,19.8,113.6,75.6,61.5,11.3,3.6,33.9,24.6,79.5,7.9,25.0,12.1,20.8,4.0,21.5,68.0,110.3,55.2,8.0,71.6,10.1,129.4,30.9,26.1,14.2,117.3,14.8,18.5,51.1,7.4,42.4,38.3,34.2,28.2,12.3,6.2,15.9,9.9,3.6
2017-05-27 14:43:00+02:00,6.4,13.4,3.9,19.7,112.5,75.3,61.2,11.2,3.6,33.8,24.6,79.1,7.8,24.9,12.0,20.8,4.0,21.4,67.7,109.9,55.0,7.9,71.3,10.1,128.2,30.9,26.0,14.1,116.2,14.8,18.4,50.8,7.3,42.1,38.1,34.0,28.0,12.3,6.1,15.7,9.9,3.7
2017-05-27 14:44:00+02:00,6.4,13.4,3.9,19.7,112.1,75.3,61.3,11.3,3.6,34.0,24.7,79.1,8.0,25.0,12.0,20.9,4.1,21.5,67.8,109.9,55.1,7.9,71.3,10.2,127.8,30.9,26.0,14.3,115.8,14.9,18.4,50.9,7.3,42.5,38.4,34.4,28.3,12.2,6.1,16.1,10.0,3.7
2017-05-27 14:45:00+02:00,6.4,13.2,3.9,19.5,112.4,74.9,61.0,11.3,3.6,34.0,24.6,78.7,8.0,24.9,12.0,20.9,4.0,21.5,67.5,109.5,54.8,7.9,71.0,10.2,128.2,30.9,25.7,14.3,116.2,14.9,18.2,50.7,7.1,42.7,38.6,34.5,28.3,12.2,6.1,16.1,10.0,3.7
2017-05-27 14:46:00+02:00,6.4,12.5,3.9,18.7,111.5,74.1,60.2,11.3,3.6,34.0,24.2,77.9,8.0,24.9,12.0,20.9,4.0,21.5,66.7,108.2,54.0,7.9,70.2,10.2,127.2,30.4,25.0,14.3,115.2,15.0,17.8,49.9,6.4,42.8,38.7,34.6,28.3,12.2,6.1,16.1,10.0,3.7
2017-05-27 14:47:00+02:00,6.4,12.4,3.9,18.6,111.5,74.0,60.2,11.3,3.6,33.9,24.0,77.8,8.0,24.9,12.0,20.8,4.0,21.5,66.6,108.0,54.0,7.9,70.1,10.2,127.2,30.3,24.9,14.2,115.2,14.9,17.8,49.9,6.3,42.7,38.6,34.4,28.2,12.2,6.1,16.0,9.9,3.7
2017-05-27 14:48:00+02:00,6.4,13.0,3.8,19.3,112.1,74.6,60.8,11.3,3.5,33.9,24.0,78.4,8.0,24.9,12.0,20.8,4.0,21.5,67.2,108.6,54.6,8.0,70.7,10.2,127.9,30.3,25.6,14.2,115.9,14.9,17.8,50.5,7.0,42.6,38.5,34.4,28.1,12.1,6.1,16.0,9.9,3.7
2017-05-27 14:49:00+02:00,6.3,13.1,3.8,18.9,111.7,74.3,60.4,11.3,3.5,33.7,24.0,78.1,8.0,24.8,12.0,20.7,4.0,21.4,66.8,108.2,54.2,7.9,70.4,10.1,127.4,30.2,25.2,14.2,115.4,14.9,17.7,50.1,7.0,42.5,38.4,34.3,28.0,12.1,6.0,15.9,9.9,3.7
2017-05-27 14:50:00+02:00,6.3,13.1,3.8,18.6,111.2,73.8,60.0,11.3,3.6,33.7,23.9,77.6,8.0,24.8,12.0,20.7,4.0,21.4,66.3,107.7,53.8,7.9,69.9,10.1,126.7,30.1,24.9,14.2,114.9,14.8,17.7,49.7,7.1,42.3,38.1,34.0,27.8,12.1,6.0,15.7,9.7,3.6
2017-05-27 14:51:00+02:00,6.3,13.1,3.8,19.3,110.9,73.7,59.9,10.6,3.6,33.6,23.9,77.5,7.4,24.1,12.0,20.7,4.0,20.7,66.2,107.4,53.7,7.9,69.8,10.1,126.4,30.1,25.6,14.2,114.6,14.2,17.7,49.7,7.1,42.0,37.9,33.9,27.7,12.0,6.0,15.7,9.7,3.5
2017-05-27 14:52:00+02:00,6.4,13.0,3.8,19.3,110.4,73.4,59.6,10.5,3.6,33.6,23.7,77.2,7.3,23.9,12.0,20.7,4.0,20.5,65.9,106.9,53.5,8.0,69.5,10.2,125.9,29.8,25.5,14.2,114.1,14.0,17.5,49.4,7.0,41.9,37.8,33.7,27.6,12.0,6.0,15.6,9.6,3.5
2017-05-27 14:53:00+02:00,6.3,12.9,3.8,19.1,110.6,73.3,59.5,10.6,3.5,33.6,23.9,77.1,7.5,24.0,12.0,20.7,4.0,20.7,65.9,107.1,53.4,8.0,69.4,10.1,126.1,30.0,25.3,14.1,114.4,14.1,17.7,49.3,6.9,41.9,37.8,33.6,27.5,12.0,5.9,15.6,9.6,3.5
2017-05-27 14:54:00+02:00,6.3,12.9,3.8,19.1,110.3,73.2,59.4,10.7,3.4,33.5,23.9,76.9,7.5,24.0,12.0,20.6,4.0,20.7,65.7,106.9,53.3,7.9,69.2,10.1,125.8,30.0,25.2,14.1,114.1,14.1,17.7,49.2,6.9,41.7,37.6,33.5,27.4,11.9,5.8,15.5,9.6,3.5
2017-05-27 14:55:00+02:00,6.2,12.9,3.8,19.0,107.9,73.0,59.2,10.5,3.4,33.3,24.3,76.7,7.3,23.8,12.0,20.5,4.0,20.5,65.5,107.0,53.1,7.9,69.0,10.0,123.4,30.4,25.2,14.0,111.7,13.9,18.1,49.0,6.8,41.7,37.5,33.5,27.4,11.9,5.9,15.5,9.6,3.5
2017-05-27 14:56:00+02:00,6.2,12.8,3.8,18.9,107.6,72.9,59.1,10.6,3.4,33.2,24.2,76.6,7.4,23.9,12.0,20.4,4.0,20.6,65.4,106.9,53.0,7.9,69.0,10.0,123.1,30.4,25.1,14.0,111.4,14.1,18.1,49.0,6.7,41.6,37.4,33.4,27.3,11.9,5.9,15.4,9.5,3.5
2017-05-27 14:57:00+02:00,6.2,12.7,3.8,18.8,110.0,72.8,59.2,10.9,3.3,33.2,24.0,76.6,7.7,24.1,11.9,20.4,4.0,20.8,65.5,106.5,53.1,7.9,68.9,10.0,125.5,30.1,25.0,14.0,113.8,14.3,17.9,49.1,6.7,41.4,37.3,33.2,27.2,11.8,5.9,15.3,9.5,3.5
2017-05-27 14:58:00+02:00,6.1,12.7,3.8,18.8,110.1,73.1,59.4,11.1,3.3,33.1,23.9,76.7,7.9,24.3,11.9,20.4,4.0,21.1,65.7,106.7,53.4,7.9,69.2,9.9,125.6,30.0,25.0,13.9,113.9,14.6,17.8,49.3,6.7,41.5,37.4,33.3,27.2,11.8,5.9,15.4,9.5,3.5
2017-05-27 14:59:00+02:00,6.2,12.7,3.8,18.8,110.2,72.9,59.3,11.0,3.4,33.2,24.2,76.5,7.8,24.3,11.9,20.5,4.0,21.0,65.6,106.7,53.3,7.9,69.1,10.0,125.7,30.3,25.0,14.0,114.0,14.5,18.1,49.2,6.7,41.6,37.4,33.3,27.3,11.8,5.9,15.4,9.6,3.5
2017-05-27 15:00:00+02:00,6.2,12.8,3.8,18.9,110.1,72.8,59.2,11.0,3.5,33.3,24.2,76.5,7.8,24.2,12.0,20.6,4.0,21.0,65.6,106.7,53.3,7.9,69.0,10.1,125.7,30.3,25.1,14.1,113.9,14.5,18.1,49.3,6.8,41.6,37.4,33.3,27.3,11.8,5.9,15.4,9.6,3.5
2017-05-27 15:01:00+02:00,6.2,12.8,3.8,18.9,109.8,72.5,58.9,11.0,3.5,33.3,24.2,76.2,7.8,24.2,12.0,20.5,4.0,21.0,65.3,106.4,52.9,7.9,68.7,10.1,125.4,30.3,24.7,14.1,113.6,14.4,18.1,49.0,6.8,41.5,37.3,33.2,27.2,11.8,5.9,15.4,9.5,3.5
2017-05-27 15:02:00+02:00,6.2,12.8,3.8,18.9,109.2,71.9,58.3,11.0,3.5,33.3,24.2,75.6,7.8,24.1,12.0,20.6,4.0,20.9,64.7,105.7,52.3,7.9,68.1,10.1,124.7,30.2,24.0,14.1,113.0,14.4,18.0,48.2,6.8,41.5,37.4,33.3,27.2,11.9,5.9,15.4,9.5,3.5
2017-05-27 15:03:00+02:00,6.2,12.9,3.8,19.0,109.0,71.9,58.2,11.0,3.5,33.2,24.1,75.6,7.8,24.1,11.9,20.5,4.0,20.8,64.6,105.6,52.3,7.9,68.1,10.1,124.6,30.1,24.1,14.1,112.8,14.4,18.0,48.2,6.9,41.3,37.2,33.1,27.1,11.8,5.9,15.3,9.5,3.5
2017-05-27 15:04:00+02:00,6.2,12.9,3.8,18.9,107.5,70.4,57.7,10.6,3.4,33.1,24.0,74.1,7.7,23.7,11.9,20.4,4.0,20.4,63.9,104.1,51.8,7.8,66.6,10.0,122.9,30.1,24.0,14.0,111.3,14.1,17.9,47.7,6.9,41.2,37.1,33.0,27.0,11.8,5.9,15.3,9.4,3.5
2017-05-27 15:05:00+02:00,6.2,12.7,3.8,18.8,106.7,69.6,56.8,9.9,3.3,33.1,24.1,73.3,7.8,23.0,11.9,20.5,4.0,19.7,63.0,103.3,50.9,7.9,65.8,10.1,122.1,30.1,23.9,14.0,110.5,13.3,17.9,46.9,6.8,41.2,37.0,32.9,27.0,11.8,5.9,15.2,9.4,3.4
2017-05-27 15:06:00+02:00,6.2,12.7,3.8,19.0,106.8,69.9,56.9,10.1,3.3,33.1,23.9,73.5,7.7,23.2,11.9,20.5,4.0,19.9,63.2,103.4,51.0,7.8,66.0,10.1,122.2,29.9,24.1,14.0,110.6,13.5,17.9,47.3,6.8,41.1,37.0,32.9,26.9,11.8,5.9,15.2,9.3,3.3
2017-05-27 15:07:00+02:00,6.2,12.7,3.8,18.9,107.1,70.4,57.8,10.8,3.3,33.1,23.7,74.1,7.7,23.8,11.8,20.4,4.0,20.5,64.0,103.7,51.9,7.8,66.6,10.0,122.5,29.7,24.0,14.0,110.9,14.2,17.7,47.8,6.8,41.0,36.9,32.8,26.9,11.7,5.8,15.1,9.3,3.3
2017-05-27 15:08:00+02:00,6.2,12.6,3.7,18.8,106.8,70.3,57.6,10.8,3.3,33.0,23.6,73.9,7.7,23.7,11.8,20.4,4.0,20.5,63.8,103.4,51.7,7.8,66.4,10.0,122.2,29.6,23.9,14.0,110.6,14.1,17.6,47.6,6.8,40.9,36.8,32.7,26.8,11.7,5.8,15.1,9.3,3.3
2017-05-27 15:09:00+02:00,6.2,12.6,3.7,18.8,106.5,69.9,57.4,10.8,3.3,32.9,23.6,73.6,7.7,23.6,11.8,20.3,4.0,20.5,63.6,103.1,51.6,7.8,66.1,10.0,121.8,29.6,23.8,14.0,110.3,14.1,17.6,47.4,6.7,40.9,36.7,32.6,26.7,11.7,5.8,15.1,9.3,3.4
2017-05-27 15:10:00+02:00,6.1,12.6,3.7,18.8,106.5,70.1,57.2,10.7,3.3,32.7,23.6,73.7,7.7,23.5,11.7,20.2,4.0,20.4,63.5,103.2,51.4,7.8,66.3,9.9,121.8,29.6,23.8,13.9,110.3,14.1,17.6,47.3,6.7,40.8,36.7,32.5,26.7,11.6,5.8,15.1,9.3,3.4
2017-05-27 15:11:00+02:00,6.1,12.5,3.7,18.7,106.2,69.9,57.1,10.7,3.3,32.6,23.6,73.4,7.7,23.5,11.7,20.1,4.0,20.3,63.3,102.9,51.3,7.8,66.0,9.9,121.4,29.5,23.7,13.8,109.9,14.0,17.6,47.2,6.7,40.6,36.5,32.4,26.6,11.5,5.7,15.0,9.3,3.4
2017-05-27 15:12:00+02:00,6.2,12.4,3.7,18.7,106.2,69.6,57.0,10.7,3.3,32.7,23.6,73.2,7.6,23.5,11.7,20.2,3.9,20.3,63.2,102.5,51.3,7.8,65.8,10.0,121.2,29.5,23.7,13.9,109.9,14.0,17.6,47.2,6.6,40.6,36.4,32.3,26.5,11.5,5.7,15.0,9.3,3.4
2017-05-27 15:13:00+02:00,6.1,12.3,3.7,18.6,106.1,69.4,56.8,10.6,3.3,32.7,23.6,72.9,7.5,23.4,11.7,20.3,3.9,20.2,63.0,102.3,51.0,7.8,65.6,10.0,121.1,29.5,23.6,14.0,109.8,13.9,17.6,47.0,6.6,40.5,36.4,32.3,26.5,11.5,5.7,15.0,9.2,3.4
2017-05-27 15:14:00+02:00,6.1,12.2,3.7,18.5,105.6,69.1,56.7,10.7,3.2,32.6,23.6,72.6,7.7,23.4,11.7,20.2,3.9,20.3,62.9,101.9,51.0,7.7,65.3,9.9,120.6,29.4,23.5,13.9,109.3,14.0,17.6,46.9,6.5,40.4,36.3,32.2,26.3,11.4,5.7,14.9,9.2,3.3
2017-05-27 15:15:00+02:00,6.1,12.2,3.7,18.5,105.1,68.6,56.5,10.7,3.2,32.5,23.5,72.1,7.7,23.4,11.6,20.2,3.9,20.3,62.7,101.4,50.8,7.7,64.8,10.0,119.9,29.3,23.4,14.0,108.7,14.0,17.5,46.8,6.5,40.3,36.2,32.1,26.3,11.4,5.7,14.8,9.2,3.3
2017-05-27 15:16:00+02:00,6.1,12.2,3.7,18.5,105.6,69.3,56.7,10.7,3.2,32.5,23.3,72.9,7.6,23.2,11.6,20.2,3.9,20.2,62.8,101.9,51.0,7.6,65.6,10.0,120.3,29.1,23.7,13.9,109.2,13.9,17.4,46.9,6.5,40.1,36.0,31.9,26.1,11.4,5.7,14.7,9.1,3.3
2017-05-27 15:17:00+02:00,6.1,12.3,3.7,18.5,106.3,70.0,57.4,10.7,3.2,32.5,23.3,73.5,7.7,23.2,11.6,20.2,3.9,20.2,63.5,102.6,51.6,7.6,66.2,10.0,121.1,29.1,24.4,13.9,109.9,13.9,17.4,47.6,6.5,39.9,35.8,31.7,26.0,11.4,5.7,14.6,9.1,3.3
2017-05-27 15:18:00+02:00,6.0,12.3,3.6,18.5,106.1,69.8,57.2,10.6,3.2,32.4,23.4,73.3,7.6,23.1,11.6,20.1,3.8,20.1,63.3,102.4,51.5,7.6,66.0,9.9,120.9,29.2,24.3,13.9,109.7,13.9,17.5,47.5,6.5,39.9,35.8,31.7,26.0,11.3,5.6,14.7,9.1,3.3
2017-05-27 15:19:00+02:00,6.0,12.3,3.6,18.5,106.4,70.1,57.2,10.7,3.2,32.4,23.4,73.6,7.7,23.2,11.5,20.1,3.9,20.1,63.2,102.7,51.5,7.6,66.4,9.9,121.3,29.2,24.3,13.9,110.0,13.9,17.5,47.4,6.5,39.8,35.7,31.6,25.9,11.2,5.6,14.6,9.1,3.3
2017-05-27 15:20:00+02:00,6.0,12.2,3.6,18.4,106.0,69.8,56.9,10.6,3.2,32.3,23.4,73.3,7.6,23.0,11.5,20.1,3.8,20.0,62.9,102.3,51.3,7.6,66.0,9.9,120.9,29.2,24.2,13.9,109.6,13.8,17.5,47.2,6.5,39.4,35.3,31.2,25.5,11.0,5.3,14.5,9.0,3.3
2017-05-27 15:21:00+02:00,6.0,12.2,3.6,18.4,105.9,69.7,56.8,10.6,3.1,32.3,23.3,73.2,7.7,23.0,11.5,20.1,3.9,20.0,62.8,102.2,51.2,7.6,66.0,9.9,120.8,29.1,24.2,13.9,109.5,13.8,17.5,47.2,6.5,39.5,35.4,31.4,25.7,11.3,5.6,14.4,9.0,3.2
2017-05-27 15:22:00+02:00,6.0,12.2,3.5,18.3,105.6,69.5,56.6,10.6,3.1,32.3,23.3,73.0,7.6,22.9,11.5,20.1,3.8,19.9,62.6,101.9,51.0,7.6,65.8,9.9,120.5,29.0,24.1,13.9,109.2,13.7,17.4,47.0,6.4,39.4,35.3,31.3,25.6,11.1,5.4,14.5,9.0,3.2
2017-05-27 15:23:00+02:00,6.0,12.1,3.6,18.3,105.7,69.6,56.7,10.6,3.1,32.3,23.3,73.1,7.6,22.9,11.5,20.1,3.8,19.9,62.7,102.1,51.0,7.6,65.9,9.9,120.7,29.1,24.1,13.9,109.5,13.7,17.5,47.0,6.4,39.3,35.2,31.2,25.5,11.0,5.3,14.5,8.9,3.2
2017-05-27 15:24:00+02:00,6.0,12.0,3.5,18.1,105.3,69.3,56.5,10.6,3.1,32.2,23.2,72.8,7.7,22.9,11.5,20.0,3.9,19.9,62.4,101.7,50.8,7.6,65.6,9.9,119.6,29.0,23.9,13.8,109.0,13.7,17.4,46.8,6.4,39.5,35.4,31.4,25.7,11.4,5.7,14.4,8.8,3.2
2017-05-27 15:25:00+02:00,6.0,11.9,3.5,18.1,103.8,67.8,56.3,10.5,3.1,31.0,23.2,71.4,7.6,22.8,11.5,18.9,3.8,19.8,62.3,100.2,50.6,7.5,64.1,8.9,118.7,28.9,23.8,12.8,107.5,13.6,17.4,46.6,6.3,39.3,35.2,31.2,25.5,11.3,5.6,14.2,8.7,3.2
2017-05-27 15:26:00+02:00,6.0,11.1,3.5,17.2,102.5,66.6,55.3,10.5,3.1,30.9,23.2,70.1,7.7,22.7,11.5,18.8,3.9,19.8,61.3,98.8,49.7,7.6,62.9,8.8,117.2,28.9,23.0,12.8,106.1,13.7,17.4,45.7,5.5,39.2,35.1,31.1,25.5,11.3,5.6,14.2,8.7,3.2
2017-05-27 15:27:00+02:00,5.9,10.2,3.5,16.3,100.7,64.8,53.6,9.8,3.1,31.1,23.1,68.4,7.1,22.0,11.5,19.0,3.8,19.1,59.6,97.0,48.1,7.5,61.2,8.9,115.5,28.8,22.1,13.0,104.4,12.9,17.3,44.1,4.6,39.2,35.1,31.1,25.4,11.2,5.6,14.2,8.6,3.2
2017-05-27 15:28:00+02:00,5.9,9.8,3.5,15.9,99.7,64.0,52.8,9.4,3.1,31.4,22.9,67.5,6.7,21.6,11.5,19.4,3.8,18.6,58.7,96.0,47.2,7.5,60.3,9.2,114.5,28.6,21.6,13.3,103.4,12.5,17.2,43.2,4.2,39.1,35.0,31.0,25.4,11.2,5.6,14.1,8.6,3.2
2017-05-27 15:29:00+02:00,5.9,10.1,3.5,16.1,100.3,64.7,53.6,10.0,3.1,31.3,22.8,68.2,7.3,22.1,11.4,19.4,3.8,19.2,59.5,96.6,48.0,7.4,61.1,9.3,114.3,28.4,21.8,13.3,103.9,13.1,17.0,44.0,4.6,39.0,34.9,30.8,25.2,11.1,5.5,14.1,8.6,3.1
2017-05-27 15:30:00+02:00,5.9,10.6,3.5,16.1,100.2,64.6,53.5,10.1,3.1,31.5,22.8,68.1,7.4,22.2,11.4,19.6,3.8,19.3,59.4,96.5,48.0,7.5,61.0,9.5,114.9,28.4,21.8,13.5,103.8,13.2,17.1,44.0,5.0,38.8,34.7,30.7,25.1,11.1,5.5,13.9,8.5,3.1
2017-05-27 15:31:00+02:00,5.8,11.5,3.5,16.5,100.5,64.9,53.8,10.2,3.1,31.4,22.8,68.4,7.4,22.2,11.3,19.5,3.8,19.3,59.8,96.8,48.3,7.4,61.3,9.4,115.1,28.4,22.1,13.4,104.1,13.2,17.1,44.4,5.9,38.8,34.7,30.7,25.1,11.1,5.5,14.0,8.5,3.1
2017-05-27 15:32:00+02:00,5.8,11.8,3.5,16.7,100.2,64.8,53.8,10.1,3.1,31.3,22.8,68.2,7.4,22.1,11.3,19.4,3.8,19.2,59.7,96.5,48.4,7.4,61.2,9.4,114.9,28.4,22.3,13.4,103.8,13.2,17.1,44.4,6.2,38.8,34.7,30.7,25.1,11.1,5.5,14.0,8.5,3.1
2017-05-27 15:33:00+02:00,5.8,10.5,3.5,15.5,98.5,63.6,52.5,10.1,3.0,31.2,22.3,67.0,7.4,22.1,11.4,19.3,3.8,19.2,58.5,94.8,47.1,7.5,60.0,9.4,113.1,27.9,21.1,13.4,102.1,13.1,17.1,43.2,5.0,38.7,34.6,30.6,25.0,11.1,5.5,13.9,8.5,3.1
2017-05-27 15:34:00+02:00,5.9,10.3,3.5,15.3,99.0,63.6,52.2,10.0,3.0,31.3,22.8,67.0,7.3,22.0,11.3,19.4,3.8,19.1,58.1,95.3,46.8,7.5,60.0,9.4,113.5,28.4,20.8,13.5,102.6,13.1,17.0,42.8,4.8,38.6,34.5,30.6,25.0,11.0,5.5,13.9,8.5,3.1
2017-05-27 15:35:00+02:00,5.9,10.3,3.5,15.3,98.8,63.5,52.0,10.0,3.0,31.2,22.8,66.8,7.3,21.9,11.3,19.4,3.8,19.0,57.9,95.1,46.6,7.4,59.8,9.5,113.2,28.4,20.8,13.5,102.4,13.0,17.0,42.7,4.8,38.5,34.4,30.4,24.8,11.0,5.4,13.8,8.4,3.0
2017-05-27 15:36:00+02:00,5.8,10.3,3.5,15.9,99.5,64.3,52.7,10.0,3.0,31.0,22.7,67.6,7.3,21.8,11.3,19.3,3.8,19.0,58.5,95.8,47.2,7.4,60.7,9.4,113.7,28.3,21.4,13.4,103.0,13.0,17.0,43.3,4.7,38.4,34.3,30.3,24.7,11.0,5.4,13.7,8.3,3.0
2017-05-27 15:37:00+02:00,5.8,10.2,3.4,16.0,99.1,64.1,52.5,9.9,3.0,31.0,22.6,67.4,7.3,21.7,11.2,19.4,3.8,18.9,58.3,95.5,47.2,7.4,60.5,9.4,113.4,28.1,21.5,13.4,102.7,12.9,16.9,43.2,4.7,38.2,34.1,30.1,24.6,10.9,5.4,13.6,8.3,3.0
2017-05-27 15:38:00+02:00,5.8,10.1,3.4,16.0,98.7,63.8,52.3,9.9,3.0,30.8,22.5,67.2,7.3,21.6,11.2,19.2,3.7,18.8,58.1,95.1,47.0,7.4,60.2,9.3,113.0,28.0,21.4,13.3,102.3,12.9,16.8,43.0,4.7,38.0,34.0,30.0,24.4,10.9,5.4,13.5,8.2,2.9
2017-05-27 15:39:00+02:00,5.8,10.1,3.4,15.9,98.4,63.6,52.1,9.9,3.0,30.9,22.4,66.9,7.3,21.5,11.2,19.3,3.7,18.7,57.9,94.7,46.8,7.3,60.0,9.4,112.5,27.9,21.3,13.4,102.0,12.8,16.8,42.8,4.6,37.8,33.7,29.8,24.3,10.7,5.2,13.6,8.3,2.9
2017-05-27 15:40:00+02:00,5.8,10.0,3.4,15.8,97.7,63.1,51.7,9.8,2.9,30.5,22.3,66.4,7.2,21.3,11.2,19.0,3.7,18.6,57.5,94.0,46.4,7.3,59.6,9.3,111.7,27.7,21.2,13.2,101.2,12.7,16.7,42.5,4.6,37.6,33.5,29.5,24.1,10.6,5.2,13.5,8.2,2.9
2017-05-27 15:41:00+02:00,5.7,9.9,3.3,15.7,96.9,62.6,51.3,9.6,2.9,30.4,22.2,65.8,7.1,21.1,11.1,19.0,3.7,18.4,57.0,93.3,46.0,7.3,59.1,9.3,110.9,27.6,21.0,13.2,100.5,12.5,16.7,42.1,4.5,37.4,33.3,29.4,24.0,10.6,5.1,13.4,8.2,2.9
2017-05-27 15:42:00+02:00,5.7,9.9,3.3,15.6,96.6,62.5,51.2,9.7,2.9,30.3,22.1,65.7,7.1,21.1,11.1,19.0,3.7,18.4,56.9,93.1,45.9,7.2,59.0,9.3,110.5,27.4,20.9,13.1,100.1,12.6,16.6,42.0,4.5,37.1,33.1,29.2,23.8,10.4,5.1,13.4,8.2,2.9
2017-05-27 15:43:00+02:00,5.7,9.8,3.3,15.5,96.4,62.3,51.1,9.7,2.9,30.2,22.1,65.5,7.1,21.1,11.1,18.9,3.6,18.4,56.8,92.9,45.8,7.2,58.8,9.2,110.2,27.4,20.8,13.0,99.9,12.5,16.6,41.9,4.4,37.1,33.1,29.1,23.8,10.4,5.1,13.4,8.2,2.9
2017-05-27 15:44:00+02:00,5.7,9.8,3.1,15.4,96.0,62.1,50.8,9.6,2.9,30.2,21.8,65.4,7.0,21.0,10.9,18.8,3.6,18.3,56.5,92.5,45.6,7.0,58.5,9.2,109.8,27.2,20.7,13.0,99.5,12.4,16.4,41.7,4.4,37.1,33.1,29.1,23.8,10.4,5.0,13.4,8.2,3.0
2017-05-27 15:45:00+02:00,5.6,9.7,3.2,15.4,95.6,61.8,50.6,9.5,2.8,30.4,21.8,65.1,7.0,20.9,10.9,19.0,3.6,18.2,56.3,92.2,45.4,7.1,58.2,9.4,109.4,27.2,20.6,13.2,99.1,12.4,16.4,41.5,4.4,37.1,33.1,29.2,23.9,10.4,5.1,13.5,8.4,3.1
2017-05-27 15:46:00+02:00,5.6,9.7,3.2,15.3,95.1,61.4,50.3,9.5,2.8,30.2,21.7,64.7,7.0,20.7,10.9,18.9,3.6,18.1,55.8,91.6,45.2,7.1,57.8,9.3,108.7,27.0,20.6,13.2,98.6,12.3,16.3,41.3,4.3,37.0,33.0,29.0,23.8,10.3,5.0,13.5,8.3,3.1
2017-05-27 15:47:00+02:00,5.6,9.7,3.2,15.3,94.9,61.2,50.3,9.4,2.8,30.1,21.7,64.5,6.9,20.6,10.9,18.9,3.6,18.0,55.7,91.4,45.1,7.1,57.7,9.4,108.5,26.9,20.7,13.2,98.4,12.2,16.3,41.3,4.4,36.9,33.0,29.0,23.7,10.3,5.0,13.4,8.3,3.1
2017-05-27 15:48:00+02:00,5.6,9.9,3.2,15.5,95.0,61.4,50.4,9.4,2.8,30.1,21.6,64.7,6.9,20.6,10.8,18.9,3.6,17.9,55.9,91.5,45.3,7.0,57.9,9.4,108.7,26.9,20.9,13.2,98.5,12.2,16.2,41.4,4.6,36.9,33.0,29.0,23.7,10.3,5.0,13.4,8.3,3.1
2017-05-27 15:49:00+02:00,5.7,10.2,3.2,15.8,96.1,62.5,50.8,9.4,2.8,30.1,21.5,65.8,6.9,20.5,10.7,18.9,3.6,17.9,56.3,92.6,45.6,7.0,59.1,9.4,109.7,26.9,21.2,13.2,99.5,12.2,16.2,41.7,4.9,37.0,33.0,29.0,23.7,10.3,5.0,13.4,8.3,3.1
2017-05-27 15:50:00+02:00,5.6,10.3,3.1,15.9,96.1,62.6,50.8,9.4,2.8,30.1,21.5,65.9,6.9,20.5,10.7,18.9,3.6,17.9,56.3,92.6,45.6,7.0,59.1,9.4,107.9,26.8,21.2,13.2,99.5,12.1,16.1,41.7,5.0,36.9,32.9,28.9,23.7,10.3,5.0,13.3,8.2,3.0
2017-05-27 15:51:00+02:00,5.6,10.4,3.2,15.9,96.0,62.4,50.7,9.4,2.8,29.5,21.6,65.7,6.9,20.4,10.8,18.9,3.6,17.8,56.2,92.6,45.4,7.1,59.0,9.3,107.8,26.9,21.3,13.2,99.4,12.1,16.2,41.7,5.1,36.8,32.8,28.9,23.7,10.4,5.0,13.3,8.2,3.0
2017-05-27 15:52:00+02:00,5.6,10.5,3.3,16.0,96.3,62.6,50.9,9.4,2.8,29.9,21.7,65.9,6.9,20.5,10.8,18.9,3.6,17.9,56.3,92.9,45.6,7.1,59.2,9.3,108.1,27.1,21.3,13.1,99.7,12.2,16.2,41.8,5.2,36.8,32.8,28.9,23.6,10.4,5.0,13.3,8.2,3.0
2017-05-27 15:53:00+02:00,5.6,10.6,3.3,16.0,96.2,62.5,50.8,9.4,2.8,30.0,21.7,65.8,6.9,20.5,10.9,18.8,3.6,17.9,56.2,92.7,45.6,7.1,59.1,9.3,107.9,27.0,21.3,13.1,99.5,12.2,16.2,41.8,5.4,36.8,32.8,28.8,23.6,10.4,5.0,13.3,8.1,3.0
2017-05-27 15:54:00+02:00,5.6,10.4,3.3,15.8,95.3,61.7,50.5,9.3,2.8,30.0,21.6,65.0,6.9,20.4,10.8,18.8,3.6,17.8,55.9,91.9,45.3,7.1,58.3,9.3,107.1,27.0,21.1,13.1,98.7,12.1,16.2,41.5,5.1,36.7,32.7,28.8,23.6,10.3,5.1,13.2,8.1,3.0
2017-05-27 15:55:00+02:00,5.4,10.3,3.3,15.7,95.1,61.6,50.2,9.3,2.8,29.7,21.5,64.9,6.9,20.3,10.8,18.6,3.6,17.7,55.6,91.7,45.0,7.1,58.2,9.0,106.8,26.8,21.0,12.9,98.5,12.0,16.1,41.2,5.0,36.4,32.4,28.5,23.3,10.3,5.1,13.0,8.1,2.9
2017-05-27 15:56:00+02:00,5.3,10.4,3.3,15.8,95.2,61.8,50.2,9.3,2.8,29.6,21.5,65.1,6.9,20.3,10.8,18.5,3.6,17.7,55.6,91.7,45.1,7.1,58.4,9.0,106.8,26.7,21.1,12.9,98.5,12.1,16.1,41.3,5.2,36.1,32.1,28.2,22.9,10.3,5.1,12.7,8.1,2.9
2017-05-27 15:57:00+02:00,5.3,10.4,3.2,15.8,94.9,61.6,50.0,9.2,2.8,29.3,21.4,64.8,6.9,20.1,10.8,18.5,3.6,17.6,55.4,91.4,44.9,7.0,58.2,9.0,106.5,26.7,21.0,12.8,98.2,12.0,16.1,41.1,5.2,35.0,31.0,27.1,21.9,9.2,4.0,12.6,8.1,2.9
2017-05-27 15:58:00+02:00,5.3,10.4,3.2,15.8,94.5,61.3,49.7,9.1,2.8,29.3,21.4,64.5,6.7,19.9,10.8,18.5,3.4,17.4,55.1,91.0,44.6,7.0,57.9,9.0,106.0,26.6,21.0,12.9,97.8,11.8,16.1,40.9,5.2,35.4,31.5,27.5,22.3,9.7,4.6,12.6,8.1,2.9
2017-05-27 15:59:00+02:00,5.3,10.3,3.2,15.6,94.1,61.0,49.4,9.1,2.7,29.2,21.3,64.2,6.8,19.8,10.8,18.4,3.4,17.4,54.8,90.7,44.4,7.0,57.6,8.9,105.7,26.6,20.8,12.8,97.4,11.8,16.0,40.6,5.1,35.8,31.8,27.9,22.7,10.2,5.0,12.6,8.1,2.9
2017-05-27 16:00:00+02:00,5.3,10.2,3.2,15.5,94.0,60.9,49.4,9.1,2.7,28.5,21.3,64.1,6.8,19.8,10.8,17.6,3.4,17.4,54.7,90.6,44.3,7.0,57.5,8.2,105.5,26.5,20.7,12.0,97.3,11.8,16.0,40.5,5.0,35.5,31.6,27.7,22.5,10.1,4.9,12.5,8.0,2.9
2017-05-27 16:01:00+02:00,5.3,10.3,3.2,15.6,93.0,60.0,49.2,9.0,2.7,28.3,21.2,63.2,6.7,19.7,10.7,17.6,3.4,17.2,54.6,89.5,44.2,7.0,56.6,8.0,104.4,26.4,20.7,12.0,96.2,11.7,16.0,40.4,5.1,35.3,31.4,27.5,22.4,10.0,4.9,12.4,8.0,2.9
2017-05-27 16:02:00+02:00,5.3,10.0,3.2,15.3,92.1,59.3,48.7,9.0,2.5,28.3,21.1,62.5,6.7,19.5,10.6,17.6,3.4,17.0,54.1,88.7,43.7,6.9,55.9,8.0,103.5,26.3,20.4,12.0,95.4,11.6,15.9,39.9,4.9,35.3,31.3,27.4,22.3,10.0,4.9,12.3,7.9,2.8
2017-05-27 16:03:00+02:00,5.2,10.3,3.2,15.5,93.0,60.3,48.9,9.0,2.4,28.2,21.0,63.5,6.7,19.5,10.6,17.6,3.4,17.1,54.2,89.6,43.9,6.8,56.9,8.1,104.3,26.2,20.6,12.1,96.2,11.6,15.8,40.1,5.1,35.2,31.3,27.4,22.3,10.0,4.9,12.3,7.9,2.8
2017-05-27 16:04:00+02:00,5.2,10.3,3.2,14.6,92.0,59.4,47.8,8.9,2.4,28.1,21.0,62.5,6.7,19.4,10.6,17.5,3.4,17.0,53.2,88.6,42.9,6.8,56.0,8.0,103.4,26.2,19.7,12.0,95.3,11.5,15.9,39.1,5.1,35.3,31.3,27.4,22.3,10.0,4.9,12.3,7.9,2.8
2017-05-27 16:05:00+02:00,5.2,10.3,3.2,14.9,92.0,59.5,48.0,8.8,2.5,28.0,21.0,62.6,6.7,19.3,10.6,17.5,3.4,16.9,53.3,88.6,43.1,6.8,56.1,8.0,103.8,26.1,20.0,12.0,95.3,11.4,15.8,39.3,5.1,35.2,31.3,27.4,22.2,9.9,4.9,12.3,7.9,2.9
2017-05-27 16:06:00+02:00,5.2,10.4,3.2,15.7,92.4,60.1,48.6,8.8,2.5,27.8,20.9,63.2,6.7,19.2,10.6,17.3,3.4,16.8,54.0,89.0,43.8,6.8,56.7,8.1,103.9,25.8,20.8,11.8,95.6,11.3,15.8,40.0,5.3,35.2,31.3,27.4,22.2,10.0,4.9,12.3,7.9,2.8
2017-05-27 16:07:00+02:00,5.2,10.0,3.1,15.3,91.0,58.9,47.4,8.1,2.5,27.7,20.9,62.1,5.9,18.4,10.6,17.3,2.6,16.1,52.8,87.7,42.6,6.8,55.6,8.1,102.5,25.7,20.4,11.8,94.3,10.6,15.8,38.8,4.9,35.0,31.1,27.2,22.1,9.9,4.9,12.2,7.8,2.8
2017-05-27 16:08:00+02:00,5.2,9.4,3.1,14.6,90.8,58.8,47.4,8.8,2.5,28.0,20.8,61.9,6.6,19.1,10.5,17.5,3.4,16.7,52.7,87.4,42.5,6.8,55.5,8.2,102.3,25.6,19.7,12.0,94.1,11.3,15.7,38.7,4.3,34.8,30.9,27.0,21.9,9.8,4.8,12.1,7.8,2.8
2017-05-27 16:09:00+02:00,5.1,9.0,3.1,14.3,90.0,58.1,46.7,8.7,2.5,27.4,20.7,61.2,6.6,18.9,10.5,16.9,3.3,16.6,52.1,86.6,41.9,6.8,54.8,8.2,101.6,25.5,19.3,11.5,93.2,11.1,15.6,38.1,3.9,34.6,30.7,26.8,21.8,9.7,4.7,12.1,7.8,2.8
2017-05-27 16:10:00+02:00,5.3,9.2,3.1,14.4,89.6,57.9,46.6,8.6,2.5,27.6,20.6,61.0,6.5,18.7,10.4,17.2,3.3,16.4,51.9,86.2,41.7,6.7,54.6,8.3,101.2,25.4,19.4,11.8,92.8,11.0,15.5,38.1,4.1,34.8,30.9,27.0,22.0,9.7,4.7,12.3,7.8,2.8
2017-05-27 16:11:00+02:00,5.2,8.8,3.1,14.0,89.0,57.4,46.1,8.6,2.4,27.5,20.5,60.4,6.5,18.6,10.4,17.1,3.3,16.4,51.4,85.7,41.3,6.7,54.1,8.2,101.7,25.3,19.0,11.8,92.2,11.0,15.5,37.6,3.8,35.0,31.1,27.2,22.3,9.6,4.7,12.6,7.7,2.8
2017-05-27 16:12:00+02:00,5.1,9.1,3.1,14.3,88.8,57.5,46.2,8.5,2.4,27.3,20.4,60.5,6.5,18.5,10.4,17.0,3.3,16.3,51.5,85.6,41.4,6.7,54.2,8.1,101.8,25.2,19.2,11.7,92.0,10.9,15.4,37.7,4.1,34.9,31.1,27.2,22.2,9.6,4.7,12.6,7.7,2.8
2017-05-27 16:13:00+02:00,5.1,9.0,3.1,14.2,88.5,57.4,46.2,8.5,2.4,27.3,20.3,60.4,6.5,18.6,10.2,17.0,3.4,16.4,51.5,85.4,41.4,6.6,54.1,8.1,101.4,25.0,19.2,11.6,91.7,11.0,15.2,37.8,4.0,34.9,31.0,27.1,22.2,9.6,4.6,12.6,7.7,2.7
2017-05-27 16:14:00+02:00,5.1,8.9,3.1,14.0,88.1,57.1,45.9,8.4,2.4,27.3,20.1,60.1,6.5,18.5,10.2,17.0,3.4,16.3,51.2,85.0,41.2,6.5,53.8,8.1,101.0,24.9,19.0,11.6,91.3,11.0,15.2,37.5,4.0,34.7,30.9,27.0,22.1,9.6,4.6,12.5,7.7,2.7
2017-05-27 16:15:00+02:00,5.0,8.8,3.1,14.0,88.2,57.1,46.0,8.4,2.4,27.5,20.2,60.1,6.5,18.5,10.2,17.2,3.4,16.3,51.2,85.0,41.2,6.5,53.8,8.3,100.3,24.9,18.9,11.9,91.4,11.0,15.2,37.4,3.9,34.5,30.7,26.8,21.9,9.5,4.6,12.4,7.5,2.7
2017-05-27 16:16:00+02:00,5.0,8.9,3.1,14.0,87.8,56.8,45.7,8.3,2.4,27.5,20.2,59.8,6.5,18.3,10.2,17.2,3.4,16.1,51.0,84.7,41.0,6.6,53.5,8.3,100.0,24.9,18.8,11.9,91.0,10.8,15.2,37.1,4.0,34.4,30.6,26.8,21.9,9.5,4.6,12.4,7.5,2.7
2017-05-27 16:17:00+02:00,5.0,8.9,3.1,14.0,87.0,56.0,44.9,8.4,2.4,27.4,20.1,59.0,6.5,18.4,10.1,17.2,3.3,16.2,50.2,83.8,40.2,6.5,52.8,8.3,99.8,24.8,18.5,11.9,90.1,10.9,15.2,36.9,4.0,34.4,30.7,26.9,21.9,9.5,4.6,12.4,7.5,2.7
2017-05-27 16:18:00+02:00,5.0,8.6,3.0,13.7,85.9,55.1,44.2,8.4,2.3,27.3,19.9,58.1,6.5,18.3,10.0,17.1,3.3,16.1,49.4,82.7,39.4,6.4,51.9,8.2,98.6,24.6,18.3,11.8,89.0,10.8,15.0,36.6,3.8,34.4,30.6,26.9,21.8,9.5,4.6,12.3,7.5,2.7
2017-05-27 16:19:00+02:00,5.0,8.3,3.0,13.4,85.3,54.7,43.9,8.4,2.3,27.0,19.8,57.7,6.5,18.2,9.9,16.9,3.3,16.0,49.0,82.0,39.1,6.3,51.4,8.0,97.9,24.4,17.9,11.6,88.4,10.8,14.9,36.1,3.5,34.1,30.4,26.7,21.7,9.4,4.5,12.2,7.4,2.7
2017-05-27 16:20:00+02:00,5.0,9.4,3.0,14.4,86.9,56.4,45.6,8.3,2.3,26.7,19.7,59.4,6.4,18.1,9.9,16.6,3.3,16.0,50.7,83.7,40.8,6.3,53.2,7.8,99.0,24.4,18.9,11.3,90.0,10.7,14.9,37.0,4.5,34.1,30.3,26.6,21.6,9.4,4.5,12.2,7.4,2.6
2017-05-27 16:21:00+02:00,4.9,9.6,3.0,14.7,87.1,56.5,45.7,8.3,2.3,26.6,19.7,59.4,6.4,18.0,9.9,16.5,3.3,15.9,50.8,83.9,40.9,6.3,53.3,7.8,99.2,24.5,19.2,11.3,90.2,10.7,14.9,37.2,4.8,34.0,30.3,26.5,21.6,9.4,4.5,12.2,7.4,2.6
2017-05-27 16:22:00+02:00,4.8,9.1,2.9,14.1,86.0,55.6,45.0,8.2,2.3,26.4,19.5,58.6,6.4,17.9,9.8,16.3,3.3,15.8,50.1,82.9,40.2,6.2,52.5,7.6,98.1,24.3,18.6,11.1,89.2,10.6,14.7,36.4,4.2,33.9,30.2,26.4,21.5,9.3,4.5,12.2,7.4,2.6
2017-05-27 16:23:00+02:00,4.7,8.5,2.9,13.5,85.2,54.9,44.3,8.2,2.3,26.3,19.4,57.9,6.4,17.8,9.7,16.2,3.3,15.7,49.4,82.1,39.6,6.1,51.8,7.5,97.4,24.2,18.0,11.0,88.4,10.6,14.6,35.8,3.7,33.4,29.6,25.9,21.0,9.3,4.5,11.7,7.4,2.5
2017-05-27 16:24:00+02:00,4.7,8.5,2.9,13.5,84.9,54.8,44.2,8.2,2.3,26.2,19.3,57.6,6.4,17.8,9.7,16.2,3.3,15.7,49.3,81.7,39.5,6.1,51.7,7.5,96.1,24.1,18.0,11.0,88.0,10.5,14.6,35.7,3.7,32.7,28.9,25.2,20.3,9.3,4.5,11.0,7.3,2.5
2017-05-27 16:25:00+02:00,4.9,8.5,2.9,13.5,84.4,54.6,44.1,8.2,2.3,26.4,19.2,57.3,6.3,17.7,9.6,16.4,3.3,15.7,49.1,81.3,39.3,6.1,51.5,7.6,95.1,24.0,17.9,11.3,87.4,10.5,14.4,35.6,3.7,32.7,28.9,25.2,20.3,9.3,4.5,11.1,7.3,2.5
2017-05-27 16:26:00+02:00,4.9,8.4,2.9,13.3,84.0,54.3,43.8,8.1,2.3,26.4,19.1,57.0,6.3,17.6,9.6,16.4,3.3,15.5,48.8,80.8,39.1,6.1,51.2,7.6,95.7,23.9,17.8,11.3,87.0,10.4,14.4,35.3,3.6,32.8,29.0,25.3,20.4,9.2,4.5,11.2,7.2,2.5
2017-05-27 16:27:00+02:00,4.8,8.4,2.9,13.1,83.5,53.9,43.4,8.1,2.2,26.2,19.1,56.6,6.3,17.5,9.6,16.4,3.3,15.5,48.4,80.4,38.7,6.1,50.8,7.6,95.1,23.9,17.5,11.3,86.5,10.3,14.4,34.9,3.6,32.7,28.9,25.2,20.4,9.2,4.4,11.2,7.2,2.5
2017-05-27 16:28:00+02:00,4.8,9.1,2.9,13.8,83.7,54.1,43.7,7.8,2.2,26.1,19.1,56.9,6.1,17.1,9.5,16.3,3.1,15.2,48.7,80.6,39.0,6.1,51.0,7.6,95.3,23.8,18.2,11.2,86.7,10.0,14.3,35.2,4.4,32.6,28.8,25.1,20.3,9.1,4.4,11.2,7.2,2.5
2017-05-27 16:29:00+02:00,4.8,9.4,2.8,14.3,82.3,53.1,42.7,6.5,2.2,26.1,18.5,56.0,5.3,15.7,9.0,16.3,2.3,13.8,47.7,79.2,38.1,5.6,50.0,7.6,94.0,23.2,18.6,11.2,85.2,8.7,13.8,34.4,4.7,32.7,28.9,25.2,20.4,9.2,4.4,11.1,7.2,2.5
2017-05-27 16:30:00+02:00,4.9,8.8,2.8,13.6,80.7,51.7,41.3,6.0,2.2,26.6,18.5,54.5,5.3,15.3,9.0,16.8,2.3,13.4,46.2,77.6,36.8,5.6,48.5,8.1,92.4,23.2,17.9,11.7,83.7,8.3,13.8,33.2,4.0,32.5,28.8,25.1,20.3,9.2,4.4,11.1,7.1,2.4
2017-05-27 16:31:00+02:00,4.9,9.3,2.8,14.1,81.5,52.7,42.3,6.5,2.2,26.6,18.2,55.5,5.4,15.7,8.8,16.8,2.3,13.8,47.3,78.4,37.8,5.4,49.6,8.1,93.3,22.9,18.5,11.7,84.6,8.7,13.5,34.2,4.5,32.4,28.6,25.0,20.2,9.2,4.4,11.0,7.1,2.4
2017-05-27 16:32:00+02:00,4.9,9.1,2.8,14.0,82.1,53.2,42.9,7.0,2.2,26.5,18.3,56.1,5.3,16.1,8.9,16.7,2.3,14.3,47.8,79.0,38.3,5.5,50.1,8.1,93.9,23.0,18.6,11.7,85.1,9.2,13.6,34.8,4.5,32.4,28.6,24.9,20.2,9.1,4.3,11.0,7.1,2.4
2017-05-27 16:33:00+02:00,4.9,8.9,2.7,13.7,82.2,52.8,42.5,7.0,2.1,26.4,18.8,55.6,5.3,16.1,9.5,16.7,2.3,14.2,47.5,79.1,37.9,6.1,49.7,8.0,93.9,23.5,18.3,11.7,85.2,9.2,14.2,34.4,4.3,32.3,28.5,24.9,20.1,9.1,4.3,11.0,7.1,2.4
2017-05-27 16:34:00+02:00,4.8,8.9,2.7,13.7,81.9,52.7,42.2,6.9,2.1,26.4,18.9,55.5,5.3,16.0,9.6,16.7,2.3,14.1,47.2,78.8,37.8,6.1,49.6,8.0,93.2,23.3,18.3,11.7,84.9,9.1,14.2,34.2,4.2,32.2,28.4,24.8,20.0,9.1,4.3,10.9,7.1,2.4
2017-05-27 16:35:00+02:00,4.8,8.9,2.7,13.6,81.1,52.2,41.9,6.9,2.2,26.1,18.8,55.0,5.2,15.8,9.6,16.5,2.2,14.0,46.8,78.0,37.5,6.1,49.2,8.0,92.9,23.1,18.2,11.6,84.1,9.0,14.2,34.0,4.2,31.9,28.2,24.5,19.8,9.0,4.3,10.8,7.0,2.4
2017-05-27 16:36:00+02:00,4.8,8.8,2.7,13.5,81.1,52.0,41.7,6.8,2.1,26.0,18.7,54.8,5.2,15.8,9.6,16.6,2.2,13.9,46.6,78.0,37.3,6.1,49.0,8.0,92.8,23.3,18.0,11.7,84.1,9.0,14.1,33.8,4.2,31.7,27.9,24.4,19.7,8.9,4.2,10.8,6.9,2.4
2017-05-27 16:37:00+02:00,4.8,8.7,2.7,13.4,80.5,51.5,41.2,6.8,2.1,26.0,18.7,54.3,5.2,15.5,9.6,16.5,2.2,13.7,46.1,77.4,36.9,6.1,48.5,8.0,92.1,23.2,17.9,11.6,83.5,8.7,14.1,33.3,4.1,31.5,27.7,24.2,19.5,8.9,4.2,10.6,6.9,2.3
2017-05-27 16:38:00+02:00,4.8,8.7,2.7,13.3,80.5,51.7,41.4,7.1,2.0,26.0,18.5,54.4,5.5,15.7,9.5,16.5,2.7,13.9,46.3,77.5,37.1,6.1,48.6,8.0,92.1,23.0,17.8,11.6,83.4,9.0,14.1,33.5,4.1,31.4,27.7,24.1,19.5,8.9,4.2,10.6,6.8,2.3
2017-05-27 16:39:00+02:00,4.7,8.6,2.7,13.2,80.3,51.7,41.8,7.7,2.0,25.9,18.3,54.4,6.1,16.2,9.5,16.4,3.3,14.4,46.3,77.2,37.4,6.1,48.7,8.0,91.7,22.9,17.7,11.6,83.2,9.5,14.0,33.9,4.0,31.4,27.7,24.1,19.5,8.9,4.3,10.6,6.8,2.3
2017-05-27 16:40:00+02:00,4.6,8.5,2.7,13.1,78.8,50.4,40.9,7.0,2.0,25.7,18.3,53.1,5.5,15.4,9.5,16.3,3.2,13.6,45.1,75.8,36.5,6.0,47.4,7.8,90.2,22.8,17.6,11.5,81.7,8.7,14.0,32.9,4.0,31.5,27.8,24.2,19.6,8.8,4.3,10.8,6.8,2.3
2017-05-27 16:41:00+02:00,4.5,8.5,2.7,13.0,78.7,50.8,40.8,7.3,2.0,24.9,17.8,53.4,5.8,15.5,9.1,15.6,3.1,13.8,45.6,75.7,36.5,5.7,47.9,7.7,89.6,22.3,17.5,10.8,81.6,9.0,13.6,33.0,4.0,31.4,27.7,24.1,19.6,8.7,4.3,10.9,6.7,2.2
2017-05-27 16:42:00+02:00,4.6,8.4,2.7,12.9,77.8,50.3,40.4,7.1,2.0,24.5,17.5,52.9,5.7,15.2,8.8,15.2,3.1,13.6,45.1,74.8,36.1,5.4,47.3,7.8,87.2,22.0,17.3,10.5,80.6,8.8,13.3,32.6,3.9,31.1,27.4,23.9,19.4,8.7,4.3,10.7,6.7,2.2
2017-05-27 16:43:00+02:00,4.7,8.3,2.7,12.9,76.5,49.6,39.7,6.8,1.9,25.6,17.1,52.1,5.4,14.8,8.4,16.3,3.0,13.2,44.4,73.6,35.4,5.0,46.6,7.8,85.8,21.5,17.3,11.5,79.3,8.4,12.8,32.0,3.9,31.0,27.4,23.8,19.3,8.7,4.3,10.7,6.6,2.2
2017-05-27 16:44:00+02:00,4.6,8.3,2.7,12.6,77.2,49.4,39.6,7.0,1.9,25.5,18.0,52.0,5.6,15.0,9.2,16.2,3.0,13.4,44.3,74.3,35.3,5.8,46.5,7.8,86.5,22.4,17.0,11.5,80.0,8.7,13.6,32.0,3.8,30.9,27.3,23.8,19.3,8.7,4.2,10.6,6.6,2.2
2017-05-27 16:45:00+02:00,4.6,8.2,2.6,11.5,75.9,48.1,38.4,6.9,1.9,25.2,18.0,50.6,5.6,14.9,9.2,16.0,2.9,13.3,43.0,73.0,34.2,5.9,45.2,7.6,85.1,22.4,15.9,11.3,78.7,8.6,13.6,30.8,3.8,30.8,27.1,23.6,19.2,8.6,4.2,10.6,6.6,2.2
2017-05-27 16:46:00+02:00,4.6,8.2,2.6,12.6,76.9,49.1,39.5,7.0,1.9,24.9,18.0,51.6,5.6,14.9,9.2,15.7,2.9,13.3,44.0,74.0,35.3,5.8,46.2,7.4,86.0,22.4,17.0,11.0,79.6,8.6,13.7,31.9,3.8,30.8,27.1,23.6,19.2,8.5,4.2,10.6,6.6,2.2
2017-05-27 16:47:00+02:00,4.6,8.0,2.6,12.4,75.9,48.3,38.8,6.6,1.8,24.6,17.9,50.8,5.2,14.4,9.1,15.5,2.5,12.9,43.3,73.0,34.6,5.8,45.4,7.2,84.9,22.2,16.8,10.9,78.6,8.2,13.6,31.2,3.6,30.4,26.8,23.3,18.9,8.5,4.1,10.4,6.5,2.2
2017-05-27 16:48:00+02:00,4.5,8.2,2.6,12.5,74.7,47.0,37.5,5.3,1.8,24.5,18.1,49.5,4.1,13.1,9.3,15.5,1.4,11.6,42.0,71.9,33.4,5.9,44.1,7.2,83.7,22.5,16.8,10.9,77.4,7.0,13.7,30.0,3.8,30.5,26.9,23.4,19.0,8.5,4.1,10.5,6.5,2.1
2017-05-27 16:49:00+02:00,4.5,8.2,2.6,12.5,74.2,46.6,37.4,5.3,1.8,24.4,18.1,49.0,4.0,13.0,9.2,15.4,1.4,11.5,41.8,71.3,33.2,5.9,43.7,7.2,83.6,22.4,16.8,10.8,76.9,6.9,13.6,29.8,3.8,30.3,26.7,23.2,18.8,8.5,4.1,10.4,6.5,2.1
2017-05-27 16:50:00+02:00,4.5,8.1,2.6,12.4,74.3,46.7,37.4,5.4,1.7,24.3,18.0,49.1,4.1,13.1,9.1,15.4,1.4,11.6,41.9,71.4,33.2,5.9,43.9,7.2,85.3,22.3,16.7,10.8,76.9,7.0,13.6,29.8,3.8,30.5,26.9,23.4,19.1,8.5,4.1,10.6,6.5,2.1
2017-05-27 16:51:00+02:00,4.3,8.1,2.6,12.3,74.9,47.4,38.1,6.4,1.7,24.1,18.0,49.8,5.1,14.0,9.1,15.2,2.4,12.5,42.6,72.0,33.9,5.9,44.6,7.0,85.9,22.3,16.5,10.6,77.5,8.0,13.5,30.5,3.7,30.3,26.7,23.1,18.9,8.4,4.1,10.4,6.4,2.1
2017-05-27 16:52:00+02:00,4.3,8.0,2.5,12.2,75.1,47.7,38.4,6.7,1.7,24.1,17.9,50.1,5.4,14.4,9.1,15.2,2.7,13.0,42.9,72.3,34.2,5.8,44.9,7.0,86.1,22.2,16.5,10.6,77.8,8.4,13.5,30.9,3.7,30.0,26.4,22.8,18.6,8.4,4.1,10.2,6.4,2.1
2017-05-27 16:53:00+02:00,4.3,7.8,2.5,11.9,74.0,46.7,37.5,6.1,1.7,24.1,17.8,49.1,4.9,13.8,9.0,15.2,2.2,12.4,41.9,71.2,33.3,5.8,43.9,7.1,84.9,22.1,16.1,10.7,76.7,7.8,13.4,30.0,3.5,29.4,25.9,22.3,18.1,8.3,4.0,9.7,6.3,2.0
2017-05-27 16:54:00+02:00,4.3,7.6,2.5,11.8,73.5,46.4,37.1,6.1,1.7,22.5,17.7,48.7,4.9,13.7,9.0,13.6,2.2,12.3,41.6,70.7,33.0,5.8,43.6,5.6,84.3,22.0,16.0,9.1,76.2,7.8,13.3,29.7,3.3,29.5,26.0,22.4,18.2,8.3,4.0,9.9,6.2,1.9
2017-05-27 16:55:00+02:00,4.3,7.5,2.5,11.7,72.3,46.0,36.8,6.0,1.6,22.4,17.1,48.3,4.8,13.6,8.9,13.5,2.2,12.2,41.2,69.6,32.7,5.8,43.2,5.5,83.1,21.4,15.8,9.1,75.0,7.7,13.2,29.4,3.2,28.9,25.4,21.8,17.6,8.4,4.1,9.2,6.1,1.9
2017-05-27 16:56:00+02:00,4.3,7.4,2.5,11.6,71.4,45.6,36.5,6.0,1.6,22.2,16.6,47.9,4.9,13.4,8.9,13.5,2.2,12.1,40.9,68.7,32.4,5.7,42.9,5.5,82.2,20.8,15.7,9.0,74.1,7.7,13.2,29.1,3.2,27.5,24.0,20.5,16.3,8.4,4.0,8.0,6.1,1.9
2017-05-27 16:57:00+02:00,4.2,7.4,2.5,11.5,70.9,45.2,36.2,5.8,1.6,22.1,16.5,47.5,4.9,13.2,8.9,13.4,2.3,11.8,40.5,68.2,32.1,5.7,42.5,5.5,81.6,20.8,15.7,9.0,73.5,7.4,13.1,28.8,3.1,29.7,26.2,22.7,18.5,8.2,3.9,10.2,6.0,1.8
2017-05-27 16:58:00+02:00,4.2,7.4,2.4,11.6,72.3,45.7,36.8,6.3,1.6,22.0,17.4,48.0,5.4,13.6,8.9,13.4,2.8,12.3,41.1,69.6,32.6,5.7,43.0,5.4,82.9,21.6,15.7,9.0,74.9,7.9,13.1,29.4,3.1,29.7,26.2,22.7,18.5,8.3,4.0,10.2,6.0,1.8
2017-05-27 16:59:00+02:00,4.2,7.4,2.4,11.5,71.9,45.5,36.6,6.3,1.5,21.8,17.3,47.8,5.4,13.5,8.8,13.2,2.8,12.2,40.9,69.3,32.4,5.6,42.8,5.3,82.5,21.5,15.7,8.8,74.5,7.8,13.0,29.2,3.1,29.6,26.1,22.7,18.5,8.2,4.0,10.3,6.1,1.9
2017-05-27 17:00:00+02:00,4.1,7.3,2.4,11.4,70.5,44.2,35.3,5.5,1.5,21.4,17.2,46.5,5.4,12.5,8.7,12.8,2.8,11.2,39.6,67.9,31.3,5.6,41.6,5.0,81.0,21.4,15.5,8.5,73.0,6.8,13.0,28.0,3.1,29.3,25.8,22.4,18.2,8.0,3.8,10.3,6.1,2.0
2017-05-27 17:01:00+02:00,4.1,7.2,2.4,11.3,70.4,44.3,35.4,5.9,1.5,21.3,17.1,46.5,5.3,12.8,8.7,12.8,2.8,11.5,39.8,67.8,31.4,5.6,41.7,4.9,80.9,21.3,15.4,8.4,73.0,7.2,12.9,28.2,3.0,29.4,25.9,22.5,18.3,8.1,4.0,10.2,6.0,1.9
2017-05-27 17:02:00+02:00,4.1,7.4,2.4,11.5,70.5,44.4,35.7,6.3,1.5,21.2,17.1,46.7,5.3,13.1,8.6,12.7,2.7,11.9,40.0,67.8,31.8,5.5,41.8,4.9,80.9,21.2,15.5,8.4,73.0,7.6,12.8,28.6,3.3,29.3,25.8,22.4,18.3,8.1,3.9,10.2,6.0,1.9
2017-05-27 17:03:00+02:00,4.1,7.3,2.4,11.4,69.4,43.5,34.7,6.3,1.5,21.8,16.9,45.7,5.2,13.2,8.6,13.3,2.7,11.9,39.0,66.7,31.6,5.5,40.9,5.6,79.9,21.1,15.3,9.0,71.9,7.6,12.8,28.5,3.1,29.2,25.8,22.4,18.2,8.0,3.8,10.2,6.0,1.9
2017-05-27 17:04:00+02:00,4.1,7.3,2.3,11.3,69.4,43.6,35.0,6.0,1.5,22.5,16.8,45.8,5.2,12.8,8.6,14.0,2.7,11.5,39.2,66.8,31.3,5.5,41.0,6.3,79.4,20.9,15.4,9.7,71.9,7.3,12.8,28.2,3.1,29.4,25.9,22.6,18.4,8.2,4.0,10.2,6.0,1.9
2017-05-27 17:05:00+02:00,4.1,7.2,2.3,11.2,69.3,43.7,35.3,6.2,1.4,22.4,16.7,45.9,5.2,12.9,8.5,14.0,2.7,11.6,39.4,66.7,31.2,5.4,41.1,6.3,79.4,20.8,15.2,9.7,71.8,7.5,12.7,28.1,3.0,29.3,25.8,22.4,18.3,8.1,4.0,10.2,6.0,1.9
2017-05-27 17:06:00+02:00,4.1,7.1,2.3,11.1,68.9,43.5,35.1,6.2,1.4,22.4,16.7,45.7,5.2,12.9,8.5,14.0,2.7,11.6,39.2,66.2,31.2,5.4,41.0,6.3,78.9,20.5,15.2,9.6,71.3,7.5,12.7,28.0,3.0,29.1,25.7,22.3,18.1,8.0,3.8,10.1,6.0,1.9
2017-05-27 17:07:00+02:00,4.1,7.0,2.3,11.0,68.4,43.2,34.9,6.1,1.4,22.3,16.6,45.4,5.1,12.8,8.5,13.9,2.7,11.6,39.0,65.8,31.0,5.4,40.7,6.2,78.3,20.4,15.1,9.6,70.8,7.5,12.6,27.9,2.9,29.1,25.7,22.3,18.2,8.1,4.0,10.1,6.0,1.9
2017-05-27 17:08:00+02:00,4.0,6.9,2.3,10.9,67.9,42.8,34.6,6.1,1.3,22.0,16.6,45.0,5.1,12.7,8.4,13.7,2.7,11.5,38.6,65.3,30.8,5.4,40.3,6.1,77.7,20.3,14.9,9.5,70.2,7.4,12.6,27.7,2.9,29.0,25.6,22.2,18.0,8.0,3.9,10.1,6.0,1.9
2017-05-27 17:09:00+02:00,4.0,6.8,2.3,10.7,67.3,42.4,34.3,6.0,1.3,21.3,16.5,44.6,5.0,12.6,8.4,13.1,2.7,11.4,38.2,64.8,30.4,5.3,39.9,5.5,77.1,20.3,14.8,8.9,69.7,7.3,12.5,27.3,2.8,28.8,25.4,22.0,17.9,8.1,4.0,9.9,5.8,1.8
2017-05-27 17:10:00+02:00,4.1,6.6,2.2,10.5,67.0,42.1,34.0,6.0,1.3,20.7,16.5,44.3,5.1,12.5,8.4,12.4,2.7,11.4,38.0,64.5,30.2,5.3,39.6,4.9,76.8,20.2,14.5,8.3,69.4,7.3,12.5,27.1,2.7,28.6,25.2,21.8,17.8,8.1,3.9,9.7,5.7,1.7
2017-05-27 17:11:00+02:00,4.1,6.4,2.2,10.3,66.3,41.6,33.6,5.9,1.3,20.7,16.4,43.7,5.0,12.4,8.3,12.5,2.6,11.3,37.5,63.8,29.7,5.3,39.1,5.0,76.1,20.1,14.2,8.3,68.7,7.2,12.4,26.6,2.5,28.3,24.9,21.6,17.6,8.0,3.9,9.6,5.7,1.7
2017-05-27 17:12:00+02:00,4.1,6.4,2.2,10.2,65.8,41.4,33.3,5.8,1.2,21.3,16.3,43.5,4.9,12.2,8.3,13.2,2.6,11.1,37.3,63.4,29.5,5.2,38.9,5.7,75.5,20.0,14.2,9.1,68.1,7.0,12.3,26.3,2.5,28.1,24.8,21.4,17.4,8.0,3.9,9.5,5.6,1.6
2017-05-27 17:13:00+02:00,4.0,6.3,2.2,10.1,65.0,40.8,32.8,5.6,1.2,22.0,16.1,42.8,4.7,11.8,8.2,13.8,2.5,10.8,36.8,62.7,29.0,5.2,38.4,6.4,74.7,19.9,14.1,9.7,67.3,6.8,12.2,25.9,2.4,28.0,24.6,21.3,17.3,7.9,3.9,9.4,5.5,1.6
2017-05-27 17:14:00+02:00,3.0,6.3,2.2,10.1,64.5,40.5,32.5,5.5,1.2,20.8,16.0,42.5,4.7,11.6,8.1,12.7,2.5,10.7,36.5,62.2,28.8,5.2,38.1,5.3,74.1,19.8,14.0,8.7,66.8,6.7,12.1,25.6,2.4,27.8,24.5,21.2,17.2,7.9,3.9,9.4,5.5,1.6
2017-05-27 17:15:00+02:00,3.3,6.3,2.1,10.1,64.4,40.4,32.5,5.5,1.2,21.2,16.0,42.4,4.7,11.6,8.1,13.2,2.4,10.6,36.5,62.1,28.8,5.1,38.0,5.9,73.9,19.7,14.0,9.2,66.6,6.6,12.1,25.6,2.4,27.7,24.4,21.1,17.1,7.8,3.8,9.3,5.5,1.5
2017-05-27 17:16:00+02:00,4.0,6.2,2.1,10.0,63.3,39.5,31.7,5.0,1.2,21.8,15.9,41.4,4.2,11.0,8.0,13.9,2.4,10.1,35.6,61.0,28.0,5.1,37.2,6.5,72.8,19.6,13.8,9.8,65.6,6.1,12.0,24.9,2.3,27.6,24.3,21.0,17.1,7.8,3.8,9.3,5.4,1.5
2017-05-27 17:17:00+02:00,4.0,6.1,2.1,9.9,62.5,38.8,31.1,5.2,1.1,21.8,15.9,40.7,4.5,10.5,8.0,13.8,2.5,9.6,34.9,60.3,27.3,5.0,36.5,6.5,72.0,19.6,13.7,9.8,64.8,6.4,12.0,24.2,2.3,27.7,24.4,21.1,17.1,7.8,3.8,9.3,5.5,1.6
2017-05-27 17:18:00+02:00,4.0,6.2,2.1,10.0,62.4,38.7,31.0,5.4,1.1,21.8,15.9,40.6,4.7,10.4,8.0,13.8,2.4,9.5,34.8,60.2,27.3,5.0,36.4,6.5,71.8,19.6,13.7,9.8,64.6,6.5,12.0,24.2,2.4,27.7,24.4,21.1,17.1,7.8,3.8,9.3,5.5,1.6
2017-05-27 17:19:00+02:00,4.0,6.2,2.1,9.9,63.0,39.3,31.7,5.3,1.1,21.7,15.9,41.3,4.6,11.2,7.9,13.8,2.4,10.3,35.5,60.8,28.0,5.0,37.0,6.5,72.6,19.5,13.7,9.8,65.2,6.4,11.9,24.9,2.4,27.6,24.4,21.1,17.1,7.8,3.8,9.3,5.6,1.6
2017-05-27 17:20:00+02:00,4.0,6.1,2.0,9.8,62.8,39.2,31.6,5.3,1.1,21.6,15.8,41.1,4.6,11.2,7.9,13.7,2.4,10.3,35.4,60.6,27.9,5.0,36.9,6.5,71.6,19.5,13.6,9.7,64.2,6.3,11.9,24.8,2.3,26.9,23.7,20.4,17.0,7.8,3.8,9.3,5.5,1.6
2017-05-27 17:21:00+02:00,4.0,6.1,2.0,9.7,62.6,38.9,31.4,5.2,1.1,21.6,15.7,40.8,4.5,11.1,7.8,13.7,2.3,10.2,35.1,60.4,27.6,4.9,36.6,6.5,71.5,19.6,13.5,9.7,64.0,6.2,11.8,24.6,2.3,26.7,23.5,20.2,17.0,7.7,3.8,9.3,5.5,1.6
2017-05-27 17:22:00+02:00,4.0,6.1,2.0,9.6,62.8,39.0,31.5,5.2,1.1,21.7,15.8,40.9,4.5,11.2,7.8,13.7,2.3,10.4,35.2,60.6,27.7,4.9,36.7,6.5,72.4,19.7,13.5,9.7,64.9,6.4,11.8,24.7,2.3,26.8,23.5,20.2,17.0,7.8,3.8,9.3,5.5,1.5
2017-05-27 17:23:00+02:00,4.0,6.0,2.0,9.6,62.4,38.7,31.3,5.1,1.0,21.6,15.7,40.6,4.4,11.1,7.8,13.7,2.3,10.2,35.1,60.3,27.5,4.9,36.5,6.5,72.0,19.6,13.4,9.7,64.5,6.3,11.7,24.5,2.3,26.8,23.6,20.3,17.0,7.7,3.8,9.2,5.5,1.5
2017-05-27 17:24:00+02:00,4.0,6.0,2.0,9.5,62.0,38.5,31.0,5.0,1.0,21.5,15.6,40.4,4.4,11.0,7.7,13.6,2.2,10.1,34.8,59.9,27.3,4.9,36.2,6.4,71.6,19.5,13.4,9.6,64.1,6.2,11.7,24.3,2.2,26.7,23.5,20.2,16.8,7.7,3.8,9.1,5.4,1.5
2017-05-27 17:25:00+02:00,3.8,5.9,2.0,9.4,61.4,38.1,30.7,5.0,1.0,21.3,15.4,40.0,4.4,10.9,7.6,13.4,2.3,10.1,34.5,59.3,27.1,4.8,35.9,6.3,70.9,19.3,13.3,9.4,63.5,6.2,11.6,24.2,2.2,26.6,23.4,20.2,16.8,7.6,3.7,9.1,5.3,1.5
2017-05-27 17:26:00+02:00,3.8,5.8,1.9,9.3,60.9,37.7,30.4,5.0,1.0,21.1,15.3,39.6,4.4,10.8,7.6,13.3,2.3,10.0,34.2,58.8,26.8,4.8,35.5,6.2,70.4,19.2,13.1,9.3,63.0,6.1,11.5,23.9,2.1,26.4,23.3,20.0,16.7,7.6,3.7,9.1,5.3,1.5
2017-05-27 17:27:00+02:00,3.8,5.6,1.9,6.1,57.4,34.3,27.0,4.8,1.0,21.1,15.2,36.1,4.4,10.5,7.5,13.3,2.3,9.8,30.8,55.3,23.4,4.8,32.1,6.2,67.0,19.1,10.0,9.3,59.5,5.9,11.5,20.5,2.0,25.9,22.7,19.4,16.6,7.6,3.7,9.0,5.3,1.4
2017-05-27 17:28:00+02:00,3.7,5.6,1.9,9.3,60.1,37.0,29.8,4.7,1.0,20.9,15.2,38.9,4.3,10.2,7.5,13.1,2.2,9.6,33.5,57.9,26.2,4.7,34.9,6.1,69.6,19.1,13.2,9.2,62.2,5.8,11.4,23.4,2.0,25.8,22.6,19.4,16.5,7.6,3.7,8.9,5.3,1.4
2017-05-27 17:29:00+02:00,3.7,5.0,1.9,7.8,58.1,35.2,28.2,4.6,0.5,20.8,15.1,37.0,4.2,10.1,7.5,13.1,2.2,9.5,31.9,56.0,24.6,4.7,33.2,6.0,67.6,19.0,11.6,9.1,60.2,5.7,11.3,21.7,1.4,25.5,22.4,19.2,16.4,7.5,3.7,8.9,5.2,1.4
2017-05-27 17:30:00+02:00,3.7,4.4,1.9,8.2,58.3,35.4,28.5,4.5,0.1,20.6,15.1,37.2,4.1,10.0,7.4,12.9,2.2,9.4,32.1,56.2,24.9,4.7,33.4,5.9,67.8,18.9,12.0,9.0,60.4,5.5,11.3,22.0,0.8,25.7,22.6,19.4,16.4,7.5,3.7,8.9,5.2,1.4
2017-05-27 17:31:00+02:00,3.7,5.4,1.8,9.1,58.3,35.5,28.6,3.8,0.9,20.5,15.1,37.3,3.4,9.2,7.4,12.8,2.2,8.6,32.2,56.2,25.0,4.6,33.5,5.8,67.7,18.9,12.9,8.9,60.3,4.8,11.3,22.1,1.8,25.6,22.5,19.3,16.3,7.5,3.7,8.8,5.2,1.4
2017-05-27 17:32:00+02:00,3.7,5.3,1.8,8.8,57.3,34.7,27.9,4.1,0.9,20.3,15.0,36.5,3.8,9.0,7.3,12.7,2.1,8.4,31.4,55.2,24.4,4.6,32.7,5.7,66.7,18.8,12.5,8.8,59.3,5.1,11.2,21.5,1.7,26.0,22.9,19.7,16.2,7.4,3.6,8.8,5.1,1.3
2017-05-27 17:33:00+02:00,3.6,5.6,1.8,9.0,57.3,34.8,28.1,4.4,0.9,20.2,14.9,36.5,4.0,9.0,7.3,12.6,2.1,8.4,31.6,55.2,24.6,4.6,32.8,5.7,66.5,18.7,12.8,8.8,59.3,5.3,11.1,21.7,2.0,26.0,22.9,19.8,16.0,7.4,3.6,8.7,5.1,1.3
2017-05-27 17:34:00+02:00,3.5,5.1,1.8,8.5,56.1,33.7,27.0,4.3,0.8,19.9,14.8,35.4,3.9,8.4,7.2,12.4,2.1,7.9,30.5,54.0,23.5,4.5,31.7,5.6,65.2,18.6,12.3,8.6,57.9,5.2,11.0,20.7,1.6,25.8,22.7,19.6,15.9,7.3,3.6,8.6,5.0,1.3
2017-05-27 17:35:00+02:00,3.5,5.0,1.7,8.3,55.2,32.9,26.4,4.2,0.8,19.8,14.7,34.6,4.0,8.0,7.1,12.3,2.1,7.5,29.9,53.1,22.9,4.5,31.0,5.5,63.7,18.5,12.1,8.6,57.0,5.1,11.0,20.1,1.4,25.5,22.4,19.3,15.8,7.3,3.6,8.5,4.9,1.2
2017-05-27 17:36:00+02:00,3.5,5.3,1.7,8.6,55.6,33.6,27.2,4.2,0.8,19.8,14.6,35.2,4.0,8.5,7.1,12.3,2.1,8.0,30.6,53.6,23.7,4.4,31.6,5.5,63.5,18.4,12.3,8.5,57.2,5.0,10.9,20.9,1.8,24.9,21.9,18.8,15.7,7.2,3.6,8.5,4.9,1.2
2017-05-27 17:37:00+02:00,3.5,5.2,1.7,8.5,55.1,33.2,26.8,4.1,0.8,19.6,14.6,34.8,3.9,8.3,7.1,12.1,2.0,7.9,30.3,53.1,23.3,4.4,31.3,5.4,63.1,18.3,12.2,8.4,56.9,4.9,10.9,20.6,1.7,24.8,21.8,18.6,15.6,7.2,3.5,8.4,4.9,1.2
2017-05-27 17:38:00+02:00,3.6,5.0,1.7,8.2,54.9,33.2,26.9,4.1,0.8,19.6,14.5,34.8,3.9,8.7,7.0,12.1,2.0,8.2,30.4,53.0,23.4,4.4,31.3,5.5,63.6,18.2,12.0,8.4,56.9,4.9,10.8,20.6,1.5,24.6,21.6,18.5,15.5,7.1,3.4,8.4,4.8,1.1
2017-05-27 17:39:00+02:00,3.5,5.1,1.7,8.4,54.9,33.2,27.0,4.0,0.8,19.5,14.4,34.8,3.8,8.7,6.9,12.0,2.0,8.2,30.5,53.0,23.6,4.3,31.4,5.4,63.5,18.2,12.1,8.3,56.9,4.8,10.7,20.8,1.6,24.2,21.4,18.3,15.2,6.9,3.3,8.4,4.8,1.1
2017-05-27 17:40:00+02:00,2.5,4.4,1.7,7.7,54.2,32.6,26.4,4.1,0.7,18.5,14.4,34.2,3.8,8.7,6.9,11.1,2.0,8.3,29.9,52.4,22.9,4.3,30.8,4.4,62.9,18.2,11.4,7.3,56.2,4.8,10.7,20.1,1.5,24.3,21.5,18.4,15.3,6.9,3.3,8.4,4.9,1.2
2017-05-27 17:41:00+02:00,3.5,5.1,1.6,8.4,54.0,32.4,26.1,4.0,0.7,19.6,14.4,34.0,3.8,7.6,6.8,12.1,2.0,7.1,29.6,52.1,22.5,4.3,30.6,5.4,62.5,18.1,12.2,8.3,55.9,4.7,10.6,19.7,1.8,24.3,21.5,18.4,15.3,6.9,3.3,8.5,4.9,1.1
2017-05-27 17:42:00+02:00,3.6,5.2,1.6,8.5,53.9,32.5,26.1,4.1,0.6,19.5,14.3,34.1,3.8,7.6,6.8,12.0,2.0,7.2,29.6,52.1,22.7,4.3,30.7,5.4,62.5,18.1,12.2,8.3,55.8,4.8,10.6,19.8,1.7,24.2,21.4,18.4,15.3,6.8,3.3,8.4,4.8,1.1
2017-05-27 17:43:00+02:00,3.6,5.1,1.6,8.4,53.7,32.3,26.0,4.0,0.6,19.5,14.2,33.9,3.8,7.6,6.8,12.0,2.0,7.1,29.5,51.9,22.6,4.2,30.5,5.4,62.2,18.0,12.1,8.3,55.6,4.8,10.5,19.7,1.6,24.1,21.4,18.3,15.2,6.8,3.3,8.4,4.8,1.1
2017-05-27 17:44:00+02:00,3.6,5.1,1.6,8.4,53.2,31.9,25.9,4.0,0.6,19.4,14.2,33.4,3.7,7.5,6.7,11.9,2.0,7.1,29.4,51.4,22.5,4.2,30.4,5.4,61.6,17.9,12.1,8.2,55.0,4.7,10.5,19.7,1.6,24.0,21.3,18.3,15.2,6.8,3.2,8.4,4.8,1.1
2017-05-27 17:45:00+02:00,3.6,5.0,1.6,8.3,52.6,31.5,25.6,3.9,0.5,19.5,14.0,33.1,3.7,7.5,6.7,12.0,2.0,7.0,29.1,50.8,22.2,4.2,30.0,5.4,61.1,17.8,12.0,8.3,54.5,4.6,10.4,19.5,1.5,24.0,21.4,18.3,15.2,6.9,3.3,8.4,4.8,1.1
2017-05-27 17:46:00+02:00,3.6,5.0,1.5,8.3,52.6,31.5,25.5,3.9,0.6,19.5,14.1,33.0,3.7,7.4,6.6,12.0,2.0,6.9,29.0,50.8,22.1,4.1,29.9,5.5,60.9,17.8,12.0,8.3,54.3,4.6,10.4,19.4,1.5,24.3,21.6,18.6,15.5,7.2,3.7,8.3,4.8,1.0
2017-05-27 17:47:00+02:00,3.5,4.9,1.5,8.2,51.6,30.7,24.9,3.8,0.5,19.4,14.0,32.2,3.6,7.3,6.6,11.9,1.9,6.9,28.3,49.9,21.4,4.1,29.2,5.4,59.8,17.7,11.5,8.2,53.4,4.5,10.3,18.8,1.4,24.4,21.7,18.7,15.4,7.1,3.6,8.3,4.7,1.0
2017-05-27 17:48:00+02:00,3.5,4.7,1.5,8.0,52.5,31.7,25.9,3.7,0.5,19.4,13.9,33.2,3.6,8.1,6.5,11.9,1.9,7.7,29.3,50.7,22.4,4.0,30.2,5.4,60.6,17.5,11.6,8.3,54.2,4.4,10.2,19.8,1.3,24.3,21.7,18.7,15.3,7.1,3.6,8.2,4.7,1.0
2017-05-27 17:49:00+02:00,3.5,4.6,1.5,7.8,52.0,31.4,25.7,3.7,0.5,19.3,13.8,32.8,3.5,8.1,6.4,11.8,1.9,7.7,29.0,50.3,22.2,3.9,29.9,5.4,60.2,17.4,11.5,8.2,53.7,4.3,10.1,19.6,1.2,24.2,21.6,18.6,15.3,7.1,3.6,8.2,4.7,1.0
2017-05-27 17:50:00+02:00,3.5,3.5,1.5,6.9,50.7,30.3,24.6,3.6,0.4,19.3,13.7,31.6,3.5,8.0,6.4,11.8,1.9,7.6,28.0,49.0,21.2,3.9,28.8,5.4,59.5,17.4,10.6,8.2,52.4,4.3,10.1,18.5,1.1,23.6,21.6,18.6,15.2,7.1,3.6,8.2,4.7,1.0
2017-05-27 17:51:00+02:00,3.5,3.5,1.4,6.7,50.2,29.8,24.2,3.6,0.4,19.2,13.7,31.2,3.4,7.9,6.3,11.7,1.8,7.5,27.6,48.5,20.9,3.9,28.3,5.3,59.0,17.3,10.4,8.1,51.9,4.2,10.0,18.3,1.1,23.9,21.2,18.2,15.2,7.0,3.6,8.1,4.6,1.0
2017-05-27 17:52:00+02:00,3.5,4.4,1.4,7.5,50.1,29.8,24.3,3.5,0.4,19.1,13.6,31.1,3.4,7.2,6.3,11.7,1.8,6.9,27.6,48.3,21.0,3.8,28.3,5.3,58.7,17.2,11.2,8.1,51.7,3.6,10.0,18.4,1.0,23.6,21.0,18.1,15.1,7.0,3.6,8.1,4.6,0.9
2017-05-27 17:53:00+02:00,3.5,4.3,1.4,7.5,49.8,29.7,24.3,3.5,0.4,18.8,13.5,31.0,3.3,7.2,6.2,11.6,1.8,6.9,27.5,48.1,20.9,3.8,28.2,5.2,58.4,17.1,11.2,8.0,51.4,3.6,9.9,18.4,1.0,23.1,20.9,18.0,15.0,6.9,3.5,8.0,4.5,0.9
2017-05-27 17:54:00+02:00,3.5,4.1,1.4,7.3,49.2,29.3,23.9,3.4,0.4,18.7,13.4,30.5,3.3,7.0,6.2,11.5,1.8,6.7,27.1,47.5,20.5,3.7,27.8,5.2,57.7,17.0,11.0,8.0,50.7,3.5,9.8,18.0,1.0,23.3,20.6,17.7,14.7,6.7,3.4,8.0,4.5,0.9
2017-05-27 17:55:00+02:00,3.4,3.9,1.3,7.1,48.5,28.7,23.4,3.3,0.3,18.6,13.3,29.9,3.2,6.9,6.1,11.4,1.7,6.6,26.7,46.8,20.1,3.7,27.3,5.1,57.0,16.9,10.7,7.9,50.0,3.4,9.7,17.6,0.9,23.1,20.3,17.5,14.5,6.7,3.4,7.8,4.4,0.8
2017-05-27 17:56:00+02:00,3.4,3.9,1.3,7.0,48.1,28.4,23.2,3.3,0.3,18.6,13.3,29.6,3.2,6.7,6.0,11.4,1.7,6.4,26.4,46.4,19.8,3.7,27.1,5.1,56.5,16.8,10.6,7.9,49.6,3.4,9.7,17.3,0.8,22.8,20.1,17.5,14.5,6.7,3.4,7.8,4.4,0.8
2017-05-27 17:57:00+02:00,3.4,3.9,1.3,7.0,46.9,27.3,22.1,3.4,0.4,18.5,13.2,28.5,3.2,5.6,6.0,11.3,1.8,5.4,25.3,45.3,18.7,3.6,26.0,5.1,55.2,16.8,10.6,7.8,48.5,3.5,9.6,16.3,0.9,23.0,20.3,17.4,14.5,6.7,3.4,7.8,4.4,0.8
2017-05-27 17:58:00+02:00,3.4,3.8,1.3,6.9,46.3,26.8,21.7,3.4,0.3,18.4,13.1,28.0,3.2,5.4,5.9,11.3,1.8,5.4,24.9,44.7,18.2,3.6,25.5,5.0,53.6,16.7,10.4,7.8,47.8,3.5,9.6,15.8,0.8,23.0,20.3,17.4,14.4,6.6,3.3,7.8,4.3,0.8
2017-05-27 17:59:00+02:00,3.3,3.7,1.2,6.8,45.8,26.6,21.5,3.4,0.3,17.8,13.0,27.8,3.2,5.4,5.8,10.7,1.8,5.4,24.7,44.3,18.1,3.5,25.3,5.0,53.1,16.5,10.3,7.2,47.4,3.5,9.5,15.7,0.8,22.7,20.0,17.1,14.2,6.5,3.3,7.7,4.3,0.7
2017-05-27 18:00:00+02:00,3.3,3.7,1.2,6.8,45.2,26.1,21.2,3.3,0.3,18.2,12.9,27.2,3.2,5.1,5.8,11.1,1.8,5.1,24.3,43.7,17.8,3.5,24.9,5.0,52.4,16.4,10.3,7.6,46.7,3.3,9.4,15.3,0.7,22.6,20.0,17.1,14.2,6.5,3.3,7.7,4.2,0.7
2017-05-27 18:01:00+02:00,3.3,3.7,1.2,6.7,44.9,26.0,21.0,3.2,0.3,18.1,12.8,27.1,3.2,5.0,5.7,11.0,1.7,5.1,24.2,43.4,17.6,3.5,24.8,5.0,52.0,16.3,10.3,7.6,46.4,3.3,9.4,15.2,0.7,21.2,18.6,15.9,13.9,6.5,3.2,7.4,4.2,0.7
2017-05-27 18:02:00+02:00,3.3,3.7,1.2,6.7,45.8,27.0,21.9,3.2,0.3,18.0,12.7,28.1,3.1,5.9,5.6,11.0,1.7,6.1,25.1,44.4,18.5,3.4,25.7,4.9,52.9,16.3,10.2,7.5,47.3,3.2,9.3,16.1,0.7,22.5,19.9,17.1,14.0,6.4,3.2,7.5,4.2,0.7
2017-05-27 18:03:00+02:00,3.2,3.8,1.2,6.8,44.8,26.1,21.2,3.1,0.2,17.8,12.6,27.3,3.0,5.2,5.5,10.8,1.6,5.4,24.3,43.3,17.8,3.3,24.8,4.8,51.7,16.1,10.2,7.3,46.2,3.1,9.1,15.4,0.8,22.5,19.9,17.2,13.9,6.4,3.2,7.6,4.1,0.7
2017-05-27 18:04:00+02:00,3.2,3.8,1.1,6.8,43.8,25.3,20.8,3.0,0.2,17.8,12.4,26.4,3.0,5.1,5.4,10.8,1.6,5.3,23.9,42.4,17.6,3.2,24.1,4.8,50.7,15.9,10.2,7.3,45.2,3.0,9.0,15.3,0.8,22.2,19.7,16.9,13.6,6.3,3.2,7.3,4.1,0.6
2017-05-27 18:05:00+02:00,3.2,3.6,1.1,6.5,43.2,25.0,20.3,3.1,1.4,17.8,12.3,26.0,3.0,5.0,5.3,10.7,1.6,5.3,23.4,41.8,17.2,3.2,23.7,4.8,51.1,15.8,9.9,7.3,44.6,3.0,8.9,14.9,1.4,21.9,19.3,16.5,13.6,6.3,3.2,7.3,4.0,0.6
2017-05-27 18:06:00+02:00,3.2,3.8,1.0,7.0,43.8,25.6,20.8,3.1,0.3,17.8,12.2,26.6,2.9,5.0,5.2,10.7,1.6,5.2,23.9,42.4,17.7,3.1,24.3,4.8,51.6,15.7,10.4,7.3,45.0,3.0,8.8,15.4,0.9,22.2,19.7,16.9,13.6,6.3,3.2,7.3,4.0,0.6
2017-05-27 18:07:00+02:00,3.2,3.8,1.1,7.0,43.0,25.0,20.3,2.1,0.3,17.7,12.2,26.0,2.0,4.5,5.2,10.7,1.6,4.8,23.3,41.6,17.2,3.1,23.8,4.8,50.7,15.7,10.4,7.2,44.2,2.1,8.8,14.8,0.8,22.0,19.5,16.8,13.5,6.3,3.1,7.2,3.9,0.6
2017-05-27 18:08:00+02:00,3.2,3.7,1.0,6.9,42.9,25.1,20.4,2.1,0.3,17.5,12.1,26.0,2.1,4.7,5.2,10.6,1.6,5.0,23.4,41.6,17.3,3.0,23.9,4.7,50.5,15.5,10.3,7.2,44.0,2.0,8.7,14.9,0.7,21.7,19.2,16.4,13.4,6.3,3.2,7.1,3.8,0.5
2017-05-27 18:09:00+02:00,3.2,3.7,1.0,6.9,43.6,25.9,21.3,2.8,0.2,17.4,12.0,26.8,2.9,5.4,5.1,10.5,1.6,5.8,24.3,42.2,18.0,3.0,24.7,4.7,51.1,15.5,10.2,7.1,44.6,2.8,8.7,15.6,0.7,21.3,18.8,16.1,13.2,6.3,3.2,7.0,3.7,0.5
2017-05-27 18:10:00+02:00,3.0,3.0,1.0,6.1,42.8,25.3,20.7,2.9,0.4,17.0,12.0,26.1,2.9,5.6,5.1,10.2,1.6,5.8,23.7,41.5,17.4,3.0,24.1,4.4,50.3,15.4,9.5,6.8,43.9,2.9,8.6,15.1,0.1,21.1,18.6,15.9,12.9,6.2,3.2,6.7,3.7,0.5
2017-05-27 18:11:00+02:00,3.0,3.3,1.0,6.5,43.1,25.6,21.0,2.9,0.0,17.0,12.0,26.4,2.8,5.6,5.1,10.1,1.6,5.8,24.0,41.8,17.7,3.0,24.5,4.4,50.5,15.4,9.9,6.8,44.1,2.8,8.6,15.4,0.4,21.2,18.7,16.0,12.8,6.2,3.2,6.6,3.8,0.5
2017-05-27 18:12:00+02:00,2.9,3.3,1.0,6.5,42.8,25.4,20.8,2.6,0.2,16.9,11.9,26.2,2.6,5.4,5.0,10.0,1.3,5.5,23.8,41.6,17.5,3.0,24.2,4.2,50.2,15.4,9.8,6.6,43.8,2.6,8.6,15.2,0.5,21.6,19.1,16.5,13.2,6.2,3.2,7.0,3.8,0.5
2017-05-27 18:13:00+02:00,3.0,2.1,0.9,5.2,41.1,23.7,19.3,2.3,0.2,16.9,11.9,24.6,2.3,5.2,5.0,10.1,1.0,5.1,22.2,39.9,16.0,2.9,22.7,4.3,48.4,15.3,8.6,6.7,42.1,2.2,8.5,13.7,0.8,21.5,19.1,16.4,13.2,6.2,3.2,7.0,3.8,0.5
2017-05-27 18:14:00+02:00,3.0,2.1,0.9,5.2,39.7,22.8,18.3,2.0,0.2,17.0,11.5,23.7,2.0,4.8,4.7,10.2,1.0,4.8,21.2,38.6,14.9,2.7,21.6,4.4,46.9,14.9,8.6,6.8,40.6,1.9,8.2,13.4,0.8,21.3,18.9,16.3,13.1,6.2,3.1,6.9,3.7,0.4
2017-05-27 18:15:00+02:00,3.1,2.1,0.9,5.2,39.9,23.4,18.9,2.0,0.2,17.0,11.3,24.1,2.0,4.8,4.5,10.2,1.0,4.8,21.8,38.8,15.5,2.6,22.2,4.5,46.9,14.7,8.6,6.8,40.8,1.9,8.0,13.3,0.8,21.2,18.8,16.2,13.1,6.2,3.1,6.9,3.6,0.4
2017-05-27 18:16:00+02:00,3.0,2.1,0.9,5.2,39.3,22.7,18.2,1.5,0.2,16.9,11.5,23.4,1.5,4.2,4.7,10.1,1.0,4.1,21.1,38.2,14.8,2.8,21.5,4.4,45.9,14.8,8.5,6.7,39.7,1.3,8.2,12.7,0.8,21.0,18.6,16.1,12.9,6.1,3.1,6.8,3.6,0.4
2017-05-27 18:17:00+02:00,3.1,2.2,0.9,5.3,39.2,22.6,18.2,1.5,0.2,16.8,11.4,23.3,1.5,4.2,4.7,10.1,1.0,4.1,21.1,38.1,14.8,2.7,21.4,4.4,45.8,14.8,8.5,6.7,39.6,1.3,8.1,12.6,0.7,20.5,18.2,15.6,12.5,6.1,3.1,6.3,3.6,0.3
2017-05-27 18:18:00+02:00,3.1,2.9,0.9,6.1,40.1,23.3,19.0,1.4,0.2,16.8,11.5,24.0,1.4,4.1,4.7,10.0,1.0,4.0,21.9,39.0,15.5,2.8,22.2,4.3,46.8,15.0,9.3,6.6,40.6,1.2,8.2,13.4,0.1,20.9,18.6,16.0,12.9,6.1,3.1,6.8,3.6,0.3
2017-05-27 18:19:00+02:00,3.1,2.9,0.8,6.0,40.0,23.4,19.1,1.8,0.2,16.7,11.4,24.1,1.8,4.6,4.7,9.9,1.0,4.5,22.0,39.0,15.9,2.8,22.3,4.3,46.7,14.9,9.2,6.6,40.5,1.7,8.1,13.8,0.2,20.9,18.5,16.0,12.9,6.1,3.1,6.8,3.6,0.3
2017-05-27 18:20:00+02:00,3.1,2.7,0.8,5.8,39.5,23.1,18.8,1.9,0.1,16.6,11.3,23.8,1.9,4.6,4.6,9.9,1.0,4.6,21.7,38.5,15.7,2.7,22.0,4.3,46.2,14.7,9.0,6.5,40.0,1.7,8.0,13.6,0.2,20.5,18.2,16.0,12.9,6.0,3.1,6.9,3.6,0.3
2017-05-27 18:21:00+02:00,3.1,2.7,0.8,5.8,39.1,22.9,18.6,1.9,0.1,16.5,11.2,23.5,1.9,4.5,4.5,9.8,0.9,4.5,21.5,38.1,15.6,2.7,21.8,4.3,45.9,14.6,9.0,6.5,39.6,1.7,7.9,13.5,0.2,19.8,17.5,15.8,12.8,6.0,3.1,6.8,3.5,0.3
2017-05-27 18:22:00+02:00,3.0,2.6,0.8,5.7,39.2,23.1,18.9,1.9,0.1,16.4,11.2,23.8,1.9,4.9,4.5,9.7,0.9,4.8,21.8,38.2,15.8,2.6,22.1,4.2,46.1,14.5,8.9,6.4,39.9,2.0,7.8,13.8,0.1,20.1,17.8,15.7,12.7,6.0,3.1,6.7,3.5,0.3
2017-05-27 18:23:00+02:00,3.0,2.7,0.8,5.7,38.8,22.9,18.8,1.8,0.1,16.3,11.1,23.5,1.9,4.7,4.4,9.6,0.9,4.7,21.7,37.9,15.7,2.6,21.9,4.1,45.9,14.4,9.0,6.3,39.7,2.0,7.8,13.7,0.2,19.9,17.7,15.6,12.6,6.0,3.1,6.6,3.5,0.3
2017-05-27 18:24:00+02:00,3.0,2.6,0.7,5.6,38.3,22.5,18.5,1.7,0.1,16.2,11.0,23.1,1.8,4.7,4.4,9.5,0.9,4.6,21.4,37.4,15.5,2.6,21.6,4.1,45.3,14.3,8.8,6.3,39.1,1.8,7.7,13.5,0.2,19.9,17.7,15.6,12.6,5.9,3.1,6.7,3.5,0.3
2017-05-27 18:25:00+02:00,1.9,2.6,0.7,5.6,38.1,22.4,18.4,1.7,0.1,15.2,10.9,23.0,1.7,4.6,4.3,8.5,0.9,4.6,21.3,37.2,15.4,2.6,21.4,3.1,45.1,14.2,8.8,5.3,38.9,1.8,7.7,13.4,0.2,19.5,17.3,15.5,12.5,5.9,3.0,6.6,3.4,0.3
2017-05-27 18:26:00+02:00,1.4,2.6,0.7,5.5,38.0,22.3,18.4,1.7,0.1,14.5,10.8,23.0,1.7,4.6,4.3,7.9,0.8,4.5,21.3,37.1,15.3,2.5,21.4,2.5,44.9,14.1,8.7,4.7,38.8,1.8,7.6,13.4,0.3,19.4,17.3,15.3,12.3,5.9,3.0,6.4,3.4,0.3
2017-05-27 18:27:00+02:00,1.4,2.6,0.7,5.6,37.9,22.4,18.5,1.7,0.1,14.5,10.8,23.0,1.8,4.7,4.2,7.9,1.0,4.6,21.4,37.1,15.4,2.5,21.5,2.5,44.9,14.1,8.8,4.6,38.8,1.8,7.6,13.5,0.3,19.5,17.3,15.3,12.2,5.9,3.0,6.4,3.4,0.2
2017-05-27 18:28:00+02:00,1.4,2.5,0.7,5.6,37.9,22.5,18.6,1.8,0.1,14.5,10.8,23.1,1.9,4.8,4.2,7.9,1.2,4.7,21.5,37.1,15.6,2.5,21.6,2.4,44.6,14.0,8.8,4.6,38.8,1.9,7.5,13.6,0.2,19.4,17.2,15.2,12.2,5.8,3.0,6.4,3.4,0.2
2017-05-27 18:29:00+02:00,1.4,2.5,0.7,5.6,37.8,22.6,18.6,1.8,0.1,14.4,10.7,23.1,1.9,4.8,4.1,7.8,1.2,4.7,21.5,37.0,15.6,2.4,21.7,2.4,44.5,13.9,8.8,4.6,38.7,1.9,7.5,13.6,0.2,19.3,17.2,15.2,12.1,5.8,3.0,6.3,3.4,0.2
2017-05-27 18:30:00+02:00,2.5,2.5,0.7,5.5,37.4,22.3,18.4,1.7,0.1,15.5,10.7,22.8,1.7,4.7,4.1,9.0,1.1,4.6,21.2,36.6,15.3,2.4,21.4,3.6,44.1,13.8,8.7,5.7,38.2,1.8,7.4,13.4,0.4,19.2,17.1,15.1,12.0,5.8,3.0,6.3,3.3,0.2
2017-05-27 18:31:00+02:00,1.4,2.4,0.6,5.6,37.2,22.2,18.3,1.7,0.1,14.2,10.6,22.6,1.7,4.7,4.0,7.8,1.1,4.6,21.2,36.4,15.3,2.4,21.3,2.4,43.8,13.8,8.7,4.5,38.0,1.8,7.3,13.4,0.4,18.9,16.8,14.9,11.9,5.7,2.9,6.2,3.3,0.2
2017-05-27 18:32:00+02:00,3.0,2.5,0.6,5.6,36.9,22.1,18.2,1.6,0.1,15.7,10.5,22.5,1.6,4.7,4.0,9.4,1.1,4.6,21.1,36.1,15.3,2.3,21.2,4.1,43.4,13.6,8.7,6.1,37.7,1.7,7.3,13.4,0.2,18.7,16.7,14.7,11.7,5.5,2.8,6.2,3.3,0.2
2017-05-27 18:33:00+02:00,3.0,2.5,0.6,5.6,36.6,21.9,18.2,1.6,0.1,15.6,10.3,22.4,1.7,4.7,3.8,9.3,1.1,4.6,21.0,35.8,15.3,2.2,21.1,4.0,43.0,13.4,8.7,6.1,37.4,1.7,7.1,13.4,0.0,18.7,16.6,14.6,11.6,5.5,2.7,6.1,3.2,0.2
2017-05-27 18:34:00+02:00,3.0,2.5,0.6,5.6,36.2,21.7,18.0,1.5,0.1,15.6,10.2,22.1,1.6,4.6,3.7,9.2,1.1,4.5,20.8,35.4,15.0,2.2,20.9,4.0,42.6,13.3,8.6,6.0,36.9,1.5,7.0,13.2,0.1,18.5,16.5,14.5,11.5,5.5,2.7,6.0,3.1,0.1
2017-05-27 18:35:00+02:00,3.0,2.3,0.5,5.4,35.8,21.4,17.8,1.5,0.0,15.4,10.0,21.8,1.5,4.5,3.7,9.2,1.0,4.5,20.7,35.0,14.8,2.1,20.7,3.9,42.1,13.1,8.5,6.0,36.5,1.5,6.9,13.0,0.2,18.3,16.3,14.5,11.5,5.5,2.8,6.0,3.2,0.2
2017-05-27 18:36:00+02:00,3.0,2.3,0.5,5.3,35.0,21.0,17.4,1.3,0.0,15.2,9.9,21.3,1.4,4.3,3.6,9.1,0.9,4.3,20.2,34.3,14.4,2.1,20.3,3.9,41.4,13.0,8.3,5.9,35.8,1.3,6.8,12.6,0.2,17.9,15.9,14.4,11.5,5.5,2.8,6.0,3.2,0.2
2017-05-27 18:37:00+02:00,3.0,2.3,0.5,5.2,34.7,20.8,17.2,1.3,0.0,14.9,9.8,21.0,1.4,4.3,3.6,9.0,0.9,4.2,20.0,34.0,14.3,2.1,20.1,3.8,41.0,12.9,8.3,5.8,35.4,1.3,6.7,12.5,0.2,16.7,14.8,13.4,11.4,5.4,2.8,6.0,3.2,0.2
2017-05-27 18:38:00+02:00,2.9,2.3,0.5,5.2,34.3,20.5,17.1,1.2,0.0,14.2,9.7,20.8,1.3,4.2,3.5,8.9,0.9,4.1,19.8,33.6,14.1,2.0,19.9,3.8,40.6,12.8,8.2,5.8,35.0,1.2,6.6,12.4,0.2,16.5,14.6,13.3,11.3,5.4,2.7,5.9,3.1,0.2
2017-05-27 18:39:00+02:00,2.9,2.3,0.5,5.3,34.1,20.4,17.0,1.2,0.0,14.0,9.7,20.7,1.3,4.1,3.5,8.8,0.9,4.1,19.8,33.5,14.0,2.0,19.8,3.8,40.4,12.8,8.2,5.7,34.8,1.2,6.6,12.4,0.2,17.0,15.1,13.8,11.2,5.4,2.8,5.9,3.1,0.2
2017-05-27 18:40:00+02:00,1.4,2.3,0.5,5.2,33.9,20.3,16.9,1.2,0.0,12.5,9.6,20.6,1.3,4.2,3.4,7.3,0.9,4.1,19.6,33.3,14.0,2.0,19.6,2.2,40.1,12.7,8.2,4.2,34.6,1.2,6.5,12.3,0.2,17.3,15.3,14.1,11.2,5.4,2.7,5.8,3.1,0.1
2017-05-27 18:41:00+02:00,0.7,2.2,0.4,5.2,33.7,20.2,16.8,1.2,0.0,11.8,9.5,20.5,1.2,4.2,3.4,6.7,0.9,4.1,19.5,33.1,14.0,1.9,19.5,1.5,39.9,12.6,8.1,3.6,34.3,1.3,6.5,12.3,0.2,16.0,14.1,12.8,10.0,5.3,2.7,4.7,3.0,0.1
2017-05-27 18:42:00+02:00,1.5,2.2,0.4,5.1,31.5,19.9,16.6,1.1,0.0,12.6,9.5,20.2,1.2,4.0,3.3,7.4,0.8,4.0,19.3,32.8,13.7,1.9,19.3,2.3,37.6,12.6,8.0,4.3,32.0,1.2,6.4,12.1,0.3,16.0,14.1,12.8,10.0,5.3,2.7,4.8,2.9,0.1
2017-05-27 18:43:00+02:00,1.8,2.2,0.4,5.2,30.9,19.7,16.3,1.0,0.0,12.9,9.5,19.9,1.1,3.8,3.3,7.7,0.7,3.9,19.0,32.5,13.5,1.9,19.1,2.6,36.9,12.6,8.1,4.6,31.4,1.1,6.4,11.8,0.2,16.4,14.5,13.4,10.4,5.2,2.7,5.2,2.9,0.1
2017-05-27 18:44:00+02:00,1.6,2.2,0.4,5.1,29.6,18.4,15.4,0.4,0.0,12.6,9.5,18.7,0.5,3.0,3.2,7.5,0.7,3.1,18.0,31.2,12.5,1.9,18.1,2.4,35.5,12.5,8.0,4.4,30.1,0.4,6.3,10.9,0.2,16.7,14.8,13.7,10.8,5.2,2.6,5.6,2.9,0.1
2017-05-27 18:45:00+02:00,1.9,2.0,0.4,4.9,30.6,18.0,14.9,0.3,0.1,13.1,9.3,18.2,0.4,2.8,3.1,7.9,0.7,2.9,17.6,30.5,12.1,1.8,17.6,2.9,36.4,12.3,7.8,4.9,31.1,0.3,6.1,10.5,0.4,16.5,14.7,13.6,10.7,5.2,2.6,5.5,2.9,0.0
2017-05-27 18:46:00+02:00,1.6,1.9,0.4,4.8,30.4,17.9,14.8,0.3,0.1,13.0,9.0,18.1,0.5,2.8,3.1,7.2,0.7,3.0,17.4,30.1,12.0,1.8,17.5,2.6,36.2,12.0,7.7,4.2,30.9,0.3,5.9,10.5,0.4,16.4,14.6,13.5,10.6,5.1,2.6,5.5,2.9,0.1
2017-05-27 18:47:00+02:00,1.6,2.0,0.4,4.8,31.1,18.7,15.7,1.0,0.1,12.3,8.9,18.9,1.2,3.7,3.0,6.4,0.7,3.9,18.3,30.8,12.9,1.7,18.4,2.5,36.8,11.9,7.7,3.3,31.6,1.1,5.8,11.4,0.4,16.1,14.3,13.3,10.5,5.1,2.6,5.5,2.9,0.1
2017-05-27 18:48:00+02:00,1.8,1.6,0.3,4.4,30.5,18.2,15.3,1.0,0.0,13.5,8.9,18.4,1.1,3.6,3.0,7.6,0.6,3.8,17.9,30.3,12.5,1.7,17.9,2.7,36.2,11.8,7.3,4.6,31.0,1.1,5.8,10.9,0.7,16.0,14.2,13.2,10.5,5.0,2.6,5.5,2.8,0.1
2017-05-27 18:49:00+02:00,1.6,1.6,0.3,4.4,30.3,18.1,15.1,1.0,0.0,13.2,8.8,18.3,1.1,3.6,2.9,7.4,0.6,3.7,17.7,30.0,12.4,1.7,17.7,2.5,35.8,11.7,7.2,4.4,30.7,1.0,5.8,10.8,0.8,16.0,14.2,13.2,10.5,4.9,2.5,5.6,2.8,0.1
2017-05-27 18:50:00+02:00,1.8,1.6,0.3,4.4,29.8,17.8,14.9,0.9,0.0,13.2,8.7,18.0,1.0,3.5,2.9,7.5,0.6,3.7,17.5,29.6,12.2,1.7,17.5,2.7,35.2,11.6,7.2,4.5,30.2,1.0,5.7,10.7,0.8,15.8,14.0,13.2,10.5,4.9,2.5,5.6,2.8,0.1
2017-05-27 18:51:00+02:00,1.8,1.3,0.3,4.1,29.3,17.6,14.6,0.9,0.1,13.1,8.5,17.8,1.0,3.5,2.8,7.4,0.6,3.6,17.3,29.1,11.9,1.6,17.2,2.6,34.6,11.4,6.9,4.4,29.7,0.9,5.6,10.4,0.9,16.6,14.9,13.1,10.4,4.9,2.5,5.6,2.8,0.1
2017-05-27 18:52:00+02:00,1.8,1.4,0.3,4.2,29.0,17.5,14.6,0.8,0.0,12.9,8.3,17.7,1.0,3.4,2.8,7.3,0.6,3.5,17.2,28.8,11.9,1.6,17.2,2.6,34.5,11.2,7.0,4.3,29.5,0.9,5.5,10.4,0.8,16.5,14.9,13.1,10.4,4.9,2.5,5.5,2.8,0.1
2017-05-27 18:53:00+02:00,1.8,1.4,0.3,4.2,28.9,17.3,14.5,0.8,0.0,11.6,8.4,17.5,1.0,3.3,2.7,7.3,0.6,3.5,17.1,28.7,11.8,1.6,17.0,2.7,34.4,11.2,7.0,4.4,29.3,0.9,5.5,10.3,0.8,16.5,14.8,13.0,10.4,4.9,2.5,5.5,2.8,0.1
2017-05-27 18:54:00+02:00,1.8,1.4,0.3,4.1,28.5,17.1,14.3,0.8,0.0,12.1,8.3,17.3,0.9,3.3,2.7,7.2,0.5,3.4,16.9,28.4,11.6,1.6,16.8,2.6,33.9,11.1,6.9,4.2,28.9,0.8,5.4,10.1,0.8,16.2,14.7,13.0,10.4,4.9,2.6,5.4,2.8,0.1
2017-05-27 18:55:00+02:00,2.3,1.4,0.3,4.1,28.3,17.0,14.2,0.8,0.0,12.9,8.3,17.2,0.9,3.2,2.7,7.7,0.5,3.4,16.8,28.2,11.4,1.5,16.7,3.1,33.6,11.0,6.8,4.7,28.7,0.8,5.4,10.0,0.8,15.7,14.2,12.5,10.0,4.9,2.6,5.1,2.8,0.1
2017-05-27 18:56:00+02:00,2.5,1.3,0.3,4.0,28.2,17.0,14.2,0.7,0.1,12.5,8.2,17.2,0.9,3.3,2.6,7.7,0.5,3.5,16.8,28.1,11.4,1.5,16.7,3.3,33.4,10.9,6.7,4.8,28.6,0.8,5.3,10.0,0.8,14.9,13.5,11.8,9.3,4.8,2.6,4.5,2.8,0.1
2017-05-27 18:57:00+02:00,2.4,1.3,0.3,4.0,28.1,17.0,14.2,1.0,0.1,12.8,8.1,17.2,0.9,3.5,2.6,7.6,0.5,3.7,16.8,28.0,11.5,1.5,16.8,3.2,33.3,10.8,6.7,4.7,28.5,1.0,5.2,10.2,0.8,14.4,13.0,11.3,8.8,4.7,2.5,4.0,2.7,0.1
2017-05-27 18:58:00+02:00,2.4,1.3,0.2,4.0,27.9,16.9,14.2,1.0,0.1,12.7,8.0,17.1,0.9,3.4,2.5,7.5,0.5,3.7,16.7,27.8,11.5,1.4,16.7,3.1,33.0,10.7,6.7,4.6,28.2,1.1,5.1,10.1,0.8,14.5,13.1,11.4,8.9,4.7,2.5,4.2,2.7,0.1
2017-05-27 18:59:00+02:00,2.4,1.2,0.2,3.9,27.4,16.5,13.7,0.7,0.1,12.6,7.9,16.7,0.5,3.1,2.5,7.4,0.5,3.4,16.3,27.3,11.1,1.4,16.3,3.1,32.5,10.6,6.6,4.5,27.7,0.8,5.1,9.7,0.8,14.2,12.8,11.2,8.7,4.7,2.5,4.0,2.7,0.1
2017-05-27 19:00:00+02:00,2.3,1.2,0.2,4.0,27.4,16.6,13.9,0.8,0.1,11.5,7.9,16.7,0.7,3.2,2.4,7.0,0.5,3.5,16.4,27.3,11.3,1.4,16.3,2.8,32.4,10.6,6.7,4.2,27.7,0.9,5.1,9.9,0.8,14.2,12.8,11.2,8.7,4.7,2.5,4.0,2.7,0.1
2017-05-27 19:01:00+02:00,2.3,0.8,0.2,3.6,26.2,15.4,12.7,0.7,0.1,12.2,8.0,15.5,0.6,2.5,2.3,7.0,0.4,2.8,15.2,26.2,10.1,1.3,15.2,2.8,31.1,10.6,6.2,4.1,26.5,0.8,5.2,8.7,1.2,14.1,12.7,11.1,8.7,4.7,2.5,4.0,2.7,0.1
2017-05-27 19:02:00+02:00,2.2,0.6,0.2,3.4,26.3,15.5,12.9,0.7,0.1,11.9,7.9,15.6,0.6,2.9,2.3,6.7,0.4,3.2,15.4,26.2,10.3,1.3,15.3,2.7,31.2,10.6,6.1,3.8,26.5,0.8,5.1,9.0,1.4,14.0,12.7,11.1,8.6,4.6,2.4,4.1,2.7,0.1
2017-05-27 19:03:00+02:00,2.3,0.2,0.2,2.6,24.7,14.2,11.6,0.2,0.1,11.7,7.9,14.2,0.5,2.5,2.3,6.7,0.4,2.8,14.1,24.7,9.0,1.3,14.0,2.8,29.6,10.5,5.2,3.9,25.0,0.3,5.1,7.7,2.2,14.4,13.1,11.5,9.1,4.5,2.4,4.5,2.6,0.0
2017-05-27 19:04:00+02:00,2.3,0.1,0.2,2.8,24.9,14.5,11.8,0.4,0.1,11.6,7.8,14.4,0.5,2.7,2.2,6.6,0.4,3.0,14.3,24.9,9.3,1.2,14.3,2.7,29.7,10.4,5.4,3.8,25.2,0.5,5.0,8.1,2.0,14.2,13.0,11.4,8.9,4.4,2.3,4.5,2.6,0.0
2017-05-27 19:05:00+02:00,2.2,0.1,0.2,2.8,24.8,14.5,11.9,0.6,0.1,11.4,7.7,14.5,0.5,2.9,2.2,6.5,0.4,3.1,14.4,24.7,9.5,1.2,14.3,2.6,29.5,10.3,5.4,3.7,25.1,0.7,5.0,8.2,1.9,13.9,12.7,11.2,8.8,4.4,2.3,4.4,2.5,0.2
2017-05-27 19:06:00+02:00,2.3,0.1,0.2,2.6,24.2,14.0,11.4,0.2,0.1,11.4,7.6,13.9,0.1,2.5,2.2,6.5,0.4,2.8,13.9,24.2,8.9,1.2,13.8,2.6,28.8,10.2,5.2,3.7,24.5,0.3,5.0,7.7,1.9,13.7,12.5,11.1,8.7,4.4,2.3,4.4,2.4,0.2
2017-05-27 19:07:00+02:00,2.3,0.1,0.2,2.6,21.9,12.0,9.4,0.2,0.1,11.5,7.2,12.0,0.1,0.6,1.8,6.4,0.3,2.2,11.9,21.8,7.0,0.8,11.8,2.6,26.4,9.9,5.2,3.7,22.1,0.3,4.6,5.8,1.9,12.9,11.7,10.3,7.9,3.6,1.5,4.3,2.4,0.2
2017-05-27 19:08:00+02:00,2.4,0.1,0.5,2.7,22.6,13.1,10.5,0.1,0.1,11.0,6.9,13.1,0.1,1.7,1.4,6.4,0.3,2.2,13.0,22.6,8.0,0.5,12.9,2.5,27.2,9.5,5.2,3.6,22.8,0.4,4.2,6.9,1.8,12.9,11.7,10.3,7.9,3.6,1.5,4.3,2.4,0.2
2017-05-27 19:09:00+02:00,2.4,0.2,0.5,2.4,22.1,12.7,10.1,0.2,0.1,11.0,6.8,12.8,0.2,1.6,1.4,6.3,0.3,1.9,12.5,22.2,7.6,0.5,12.5,2.6,26.7,9.4,4.9,3.6,22.4,0.7,4.2,6.5,2.0,13.3,12.4,11.0,8.6,4.2,2.2,4.3,2.5,0.1
2017-05-27 19:10:00+02:00,2.2,0.2,0.5,2.3,22.6,13.3,10.6,0.4,0.1,10.8,6.7,13.4,0.3,2.2,1.3,6.2,0.3,2.4,13.0,22.6,8.2,0.4,13.0,2.3,27.0,9.3,4.9,3.5,22.8,0.1,4.0,7.1,1.9,13.3,12.3,11.0,8.6,4.1,2.0,4.5,2.5,0.1
2017-05-27 19:11:00+02:00,2.1,0.1,0.5,2.6,22.5,13.4,10.7,0.3,0.1,10.8,6.6,13.5,0.2,2.1,1.3,6.1,0.3,2.4,13.1,22.6,8.3,0.4,13.1,2.3,26.3,9.1,5.1,3.4,22.1,0.2,3.9,7.2,1.7,13.4,12.5,11.1,8.8,4.0,2.0,4.8,2.5,0.0
2017-05-27 19:12:00+02:00,2.1,0.1,0.5,2.6,22.1,13.4,10.8,0.3,0.1,11.0,6.5,13.4,0.3,2.1,1.2,6.0,0.3,2.3,13.1,22.5,8.4,0.4,13.1,2.2,25.5,9.0,5.1,3.3,21.4,0.2,3.9,7.3,1.6,13.3,12.4,11.1,8.8,4.0,2.0,4.7,2.5,0.0
2017-05-27 19:13:00+02:00,2.1,0.2,0.5,2.4,21.7,13.1,10.5,0.4,0.1,10.5,6.4,13.2,0.4,2.2,1.2,6.0,0.4,2.3,12.9,22.1,8.2,0.4,12.9,2.3,26.0,8.9,4.9,3.4,21.9,0.2,3.8,7.1,1.8,13.2,12.3,11.0,8.7,4.0,2.0,4.7,2.5,0.0
2017-05-27 19:14:00+02:00,2.0,0.2,0.5,2.3,21.1,12.7,10.2,0.2,0.1,10.3,6.3,12.8,0.1,2.0,1.1,5.9,0.4,2.1,12.5,21.5,7.8,0.3,12.5,2.2,25.4,8.8,4.8,3.3,21.3,0.3,3.7,6.8,1.9,13.0,12.2,10.9,8.6,4.0,2.1,4.6,2.5,0.0
2017-05-27 19:15:00+02:00,2.0,0.1,0.5,2.5,21.0,12.8,10.3,0.2,0.1,10.3,6.2,12.8,0.1,2.0,1.1,5.8,0.4,2.1,12.6,21.5,8.0,0.3,12.6,2.1,25.3,8.7,4.9,3.2,21.2,0.3,3.6,6.9,1.6,12.8,12.0,10.8,8.5,4.0,2.1,4.6,2.4,0.0
2017-05-27 19:16:00+02:00,2.0,0.1,0.5,2.5,20.5,12.6,10.4,0.2,0.1,9.9,6.2,12.7,0.1,2.0,1.1,5.7,0.4,2.1,12.5,21.2,8.0,0.3,12.5,2.1,24.7,8.6,5.0,3.1,20.7,0.2,3.6,7.0,1.5,12.8,12.0,10.8,8.5,3.9,2.0,4.5,2.4,0.0
2017-05-27 19:17:00+02:00,2.0,0.2,0.4,2.6,20.0,12.5,10.2,0.2,0.1,9.8,6.1,12.5,0.2,1.9,1.1,5.7,0.4,2.0,12.4,20.9,7.9,0.4,12.3,2.1,24.1,8.4,5.1,3.1,20.1,0.3,3.6,6.9,1.5,12.6,11.8,10.6,8.4,3.9,2.0,4.5,2.4,0.1
2017-05-27 19:18:00+02:00,2.0,0.1,0.4,2.3,19.6,12.1,9.9,0.3,0.1,9.6,6.1,12.2,0.2,1.8,1.1,5.6,0.3,1.9,12.0,20.6,7.6,0.4,12.0,2.0,23.6,8.4,4.8,3.0,19.7,0.4,3.6,6.6,1.7,12.4,11.6,10.5,8.3,3.8,2.0,4.5,2.4,0.1
2017-05-27 19:19:00+02:00,1.9,0.2,0.4,2.2,19.3,11.5,9.3,0.4,0.1,9.2,6.1,11.5,0.3,1.6,1.1,5.3,0.3,1.7,11.4,19.8,7.2,0.4,11.4,1.7,23.2,8.3,4.6,2.7,19.4,0.5,3.6,6.2,1.8,12.2,11.5,10.3,8.2,3.7,1.9,4.4,2.4,0.0
2017-05-27 19:20:00+02:00,1.9,0.2,0.4,2.3,19.1,11.3,9.1,0.4,0.0,9.3,6.0,11.4,0.3,1.6,1.0,5.3,0.3,1.7,11.3,19.6,7.2,0.4,11.2,1.8,23.0,8.2,4.7,2.8,19.1,0.5,3.5,6.2,1.7,12.0,11.3,10.1,8.0,3.7,1.9,4.3,2.2,0.1
2017-05-27 19:21:00+02:00,1.9,0.3,0.4,2.3,17.4,10.2,8.0,1.4,0.0,9.8,5.9,10.2,1.3,0.5,1.0,5.3,0.1,0.6,10.2,17.8,6.1,0.3,10.1,1.8,21.3,7.6,4.7,2.8,17.4,1.5,3.4,5.2,1.7,11.8,11.1,9.9,7.9,3.7,1.9,4.2,2.2,0.1
2017-05-27 19:22:00+02:00,1.8,0.3,0.2,2.2,15.0,7.8,5.7,3.1,0.0,9.8,6.0,7.8,3.0,1.7,1.2,5.2,0.2,1.6,7.8,15.5,3.8,0.5,7.7,1.8,18.8,7.6,4.6,2.7,15.0,3.7,3.6,3.0,1.7,11.5,10.9,9.7,7.8,3.6,1.9,4.2,2.2,0.1
2017-05-27 19:23:00+02:00,1.6,0.3,0.0,2.2,14.6,7.4,5.4,3.3,0.0,9.7,6.1,7.5,3.3,1.9,1.3,5.0,0.3,1.9,7.4,15.1,3.5,0.7,7.4,1.7,18.4,7.6,4.5,2.6,14.6,3.9,3.7,2.7,1.7,11.4,10.8,9.6,7.7,3.5,1.8,4.1,2.1,0.1
2017-05-27 19:24:00+02:00,1.0,0.4,0.0,2.0,13.8,6.8,4.9,3.5,0.0,9.0,6.0,6.8,3.5,2.2,1.2,4.3,0.2,2.1,6.9,14.3,3.1,0.7,6.8,1.0,17.6,7.5,4.4,1.9,13.8,4.1,3.6,2.4,1.7,11.5,10.9,9.7,7.6,3.5,1.8,4.1,2.2,0.1
2017-05-27 19:25:00+02:00,0.9,0.4,0.0,1.9,13.3,6.6,4.7,3.4,0.0,9.1,5.9,6.6,3.4,2.2,1.2,4.4,0.1,2.1,6.7,13.9,2.9,0.6,6.6,1.0,17.1,7.3,4.2,2.0,13.4,4.1,3.6,2.2,1.6,11.4,10.8,9.8,7.6,3.4,1.8,4.1,2.2,0.0
2017-05-27 19:26:00+02:00,0.1,0.4,0.0,1.9,12.4,5.7,4.0,3.4,0.1,8.0,5.8,5.8,3.4,2.2,1.1,3.3,0.1,2.1,5.9,13.0,2.2,0.6,5.7,0.2,16.1,7.2,3.4,1.0,12.5,4.0,3.5,1.5,1.6,11.4,10.7,9.6,7.5,3.4,1.8,4.1,2.2,0.0
2017-05-27 19:27:00+02:00,1.0,0.5,0.0,1.8,12.8,5.8,4.0,3.6,0.1,9.0,5.7,5.8,3.5,2.5,1.1,4.4,0.2,2.4,6.0,12.9,2.3,0.5,5.8,1.0,16.4,7.1,3.6,2.0,12.9,4.2,3.4,1.7,1.6,11.2,10.6,9.5,7.3,3.3,1.7,4.0,2.1,0.0
2017-05-27 19:28:00+02:00,1.7,0.7,0.0,1.5,13.5,6.5,4.6,3.3,0.1,9.6,5.6,6.5,3.2,2.2,1.0,5.1,0.2,2.2,6.6,13.4,2.9,0.5,6.5,1.7,16.9,7.0,3.7,2.8,13.5,3.9,3.3,2.2,1.6,10.6,10.0,8.9,7.1,3.1,1.6,4.0,2.1,0.0
2017-05-27 19:29:00+02:00,2.0,0.6,0.6,1.6,13.3,7.1,5.2,2.5,0.1,9.8,4.8,7.2,2.5,1.5,0.4,5.3,0.2,1.5,7.2,13.3,3.4,0.1,7.1,2.0,16.7,6.2,3.8,3.0,13.3,3.2,2.6,2.7,1.6,10.5,9.9,8.8,7.0,3.1,1.6,3.9,2.1,0.0
2017-05-27 19:30:00+02:00,1.3,0.4,1.0,1.8,12.8,7.1,5.2,2.4,0.1,9.1,4.4,7.1,2.3,1.3,0.1,4.7,0.2,1.3,7.1,12.8,3.5,0.5,7.1,1.4,16.1,5.7,3.9,2.4,12.8,3.0,2.2,2.9,1.5,10.3,9.7,8.6,6.7,3.1,1.6,3.6,1.9,0.1
2017-05-27 19:31:00+02:00,1.1,0.4,0.8,1.8,11.4,5.5,4.8,2.4,0.1,8.7,4.5,5.6,2.4,1.4,0.1,4.4,0.2,1.4,5.7,11.4,3.1,0.3,5.6,1.2,14.5,5.8,3.6,2.1,11.3,3.0,2.3,2.5,1.5,10.3,9.7,8.7,6.7,3.1,1.6,3.6,1.9,0.2
2017-05-27 19:32:00+02:00,1.9,0.5,0.0,1.7,12.0,5.4,4.4,2.6,0.1,9.5,5.2,5.4,2.5,1.3,0.8,5.2,0.2,1.2,5.5,12.0,2.7,0.4,5.4,2.0,15.2,6.6,3.0,3.0,11.9,3.2,3.0,2.1,1.6,9.9,9.4,8.4,6.4,2.8,1.4,3.6,1.9,0.2
2017-05-27 19:33:00+02:00,1.9,0.9,0.0,3.0,12.9,6.4,5.2,3.1,0.1,9.2,5.1,6.4,2.2,1.6,0.9,5.1,0.3,1.6,6.5,12.9,3.5,0.5,6.4,2.0,16.1,6.5,4.3,2.9,12.8,3.7,3.0,2.9,0.2,9.7,9.2,8.2,6.5,2.9,1.4,3.6,1.9,0.2
2017-05-27 19:34:00+02:00,0.9,1.0,0.0,3.0,13.2,6.8,5.1,3.1,0.1,8.0,5.0,6.8,1.6,1.7,0.8,4.0,0.3,1.6,6.9,13.2,3.4,0.4,6.9,0.9,16.3,6.4,4.3,1.8,13.1,3.7,3.0,2.8,0.1,9.9,9.3,8.4,6.4,2.8,1.4,3.5,1.8,0.2
2017-05-27 19:35:00+02:00,1.3,0.9,0.0,2.9,12.7,6.5,5.2,3.2,0.1,8.5,4.9,6.5,1.6,1.8,0.8,4.3,0.3,1.8,6.6,12.7,3.5,0.4,6.6,1.3,16.0,6.2,4.6,2.2,12.7,3.9,2.9,3.0,0.2,9.6,9.0,8.2,6.3,2.8,1.4,3.6,1.9,0.1
2017-05-27 19:36:00+02:00,1.8,0.8,0.0,2.7,12.4,5.9,4.9,3.0,0.1,8.9,4.9,5.9,1.6,1.7,0.8,4.8,0.3,1.7,6.0,12.4,3.2,0.4,6.0,1.9,15.6,6.5,4.2,2.7,12.4,3.7,2.9,2.7,0.3,9.4,9.0,8.1,6.4,2.8,1.5,3.6,1.9,0.1
2017-05-27 19:37:00+02:00,1.8,0.9,0.0,2.7,12.2,5.9,5.2,2.8,0.1,8.3,4.8,5.9,1.6,1.2,0.7,4.4,0.3,1.2,6.0,12.2,3.6,0.4,6.0,1.8,15.0,6.3,4.2,2.3,11.7,3.1,2.8,3.1,0.2,8.4,8.9,8.0,6.4,2.8,1.5,3.5,1.9,0.1
2017-05-27 19:38:00+02:00,1.8,0.7,0.0,2.4,12.5,6.3,5.4,2.3,0.1,8.3,4.7,6.3,1.6,0.8,0.7,4.2,0.3,0.8,6.5,12.5,3.8,0.4,6.5,1.8,14.5,6.2,3.9,2.2,11.3,2.7,2.8,3.3,0.4,8.1,8.8,7.9,6.3,2.8,1.5,3.5,1.9,0.1
2017-05-27 19:39:00+02:00,1.6,0.8,0.0,2.6,13.1,7.1,5.6,2.2,0.1,8.3,4.5,7.1,1.6,0.6,0.6,4.3,0.3,0.6,7.3,13.2,4.0,0.3,7.2,1.6,15.1,6.0,4.0,2.3,11.9,2.4,2.6,3.5,0.3,9.4,8.7,7.9,6.3,2.9,1.6,3.4,1.8,0.1
2017-05-27 19:40:00+02:00,1.5,0.1,0.1,1.7,11.8,6.0,4.5,2.4,0.1,8.1,4.4,6.0,1.7,0.9,0.6,4.2,0.3,0.8,6.1,11.9,2.9,0.4,6.1,1.5,13.5,5.9,3.2,2.1,10.4,2.7,2.5,2.4,1.0,9.0,8.4,7.5,6.0,2.6,1.4,3.3,1.8,0.1
2017-05-27 19:41:00+02:00,1.5,0.7,0.1,1.0,10.8,5.1,3.7,2.5,0.1,8.0,4.3,5.2,1.7,0.9,0.5,4.1,0.3,0.9,5.3,10.8,2.2,0.4,5.2,1.5,12.5,5.7,2.5,2.1,9.4,2.7,2.5,1.7,1.2,8.9,8.2,7.4,5.9,2.6,1.4,3.3,1.8,0.1
2017-05-27 19:42:00+02:00,1.5,1.0,0.1,0.6,10.1,4.7,3.3,2.3,0.1,7.8,4.2,4.7,1.8,0.8,0.5,4.0,0.3,0.7,4.8,10.2,1.8,0.3,4.8,1.5,11.7,5.5,2.0,2.0,8.6,2.6,2.4,1.4,1.3,8.6,8.0,7.2,5.7,2.5,1.3,3.2,1.7,0.1
2017-05-27 19:43:00+02:00,1.5,0.9,0.1,0.7,10.0,4.7,3.5,2.3,0.1,7.7,4.1,4.7,1.9,0.8,0.5,3.9,0.2,0.7,5.0,10.0,2.0,0.3,4.8,1.4,11.6,5.3,2.3,2.0,8.6,2.6,2.3,1.5,1.2,8.4,7.8,7.1,5.6,2.5,1.3,3.1,1.7,0.1
2017-05-27 19:44:00+02:00,1.4,1.2,0.1,0.4,10.9,5.6,4.5,1.0,0.1,7.5,4.0,5.6,0.7,0.5,0.4,3.8,0.2,0.5,5.9,10.9,2.9,0.3,5.7,1.3,12.6,5.3,2.0,1.9,9.7,1.3,2.3,2.5,1.4,8.3,7.7,7.0,5.6,2.5,1.4,3.1,1.6,0.2
2017-05-27 19:45:00+02:00,1.3,1.2,0.1,0.4,10.6,5.6,4.4,0.7,0.1,7.1,3.9,5.6,0.5,0.7,0.4,3.5,0.2,0.7,5.9,10.6,3.0,0.3,5.7,1.1,12.3,5.0,1.9,1.6,9.4,1.1,2.2,2.5,1.3,8.2,7.6,6.9,5.5,2.5,1.4,3.0,1.6,0.2
2017-05-27 19:46:00+02:00,1.3,1.0,0.1,0.6,10.3,5.7,4.5,0.7,0.1,6.7,3.8,5.7,0.5,0.7,0.4,3.2,0.2,0.8,6.0,10.4,3.1,0.3,5.8,0.8,11.8,4.7,2.0,1.4,9.0,1.0,2.2,2.7,1.1,8.4,7.8,7.1,5.4,2.4,1.3,2.9,1.6,0.1
2017-05-27 19:47:00+02:00,1.3,1.1,0.1,0.4,9.9,5.4,4.4,0.7,0.1,6.4,3.7,5.5,0.5,0.6,0.4,3.0,0.2,0.6,5.8,10.0,3.0,0.3,5.5,0.7,12.1,4.5,1.9,1.2,9.3,1.0,2.1,2.5,1.2,7.9,7.4,6.7,5.3,2.4,1.3,2.9,1.5,0.1
2017-05-27 19:48:00+02:00,1.2,0.5,0.1,1.0,9.8,5.7,4.7,0.9,0.1,6.2,3.6,5.7,0.7,0.4,0.3,2.9,0.2,0.4,6.0,9.8,3.3,0.2,5.8,0.7,12.1,4.1,2.5,1.1,9.3,1.2,2.0,2.9,0.6,7.7,7.2,6.6,5.2,2.4,1.3,2.8,1.5,0.2
2017-05-27 19:49:00+02:00,1.1,0.4,0.1,0.9,7.8,3.6,2.5,1.9,0.1,6.0,3.5,3.6,1.7,0.6,0.3,2.8,0.2,0.6,3.8,7.9,1.1,0.2,3.7,0.6,10.4,4.3,2.4,1.0,7.7,2.2,2.0,1.8,0.5,7.5,7.0,6.4,5.1,2.3,1.2,2.8,1.5,0.2
2017-05-27 19:50:00+02:00,1.1,0.4,0.0,0.9,7.9,3.8,2.8,1.9,0.1,5.9,3.4,3.8,1.7,0.7,0.2,2.7,0.2,0.7,4.1,8.0,1.4,0.2,3.9,0.6,10.4,4.2,2.4,1.0,7.8,2.2,1.9,1.7,0.4,6.6,6.2,5.5,4.2,1.5,1.2,2.7,1.4,0.1
2017-05-27 19:51:00+02:00,1.1,0.4,0.0,0.9,8.4,4.3,3.3,1.9,0.0,5.8,3.2,4.2,1.7,0.8,0.1,2.7,0.2,0.8,4.6,8.5,1.9,0.1,4.4,0.6,10.9,4.3,2.3,1.0,8.3,2.2,1.8,1.6,0.4,6.4,6.1,5.4,4.2,1.5,1.2,2.7,1.4,0.1
2017-05-27 19:52:00+02:00,1.0,0.4,0.0,0.9,8.0,4.1,3.2,2.0,0.0,5.7,3.2,4.1,1.7,0.7,0.1,2.6,0.3,0.6,4.5,8.2,2.0,0.2,4.2,0.5,8.7,4.1,2.3,1.0,6.2,2.1,1.7,1.6,0.4,6.5,6.1,5.6,4.4,1.8,0.8,2.6,1.4,0.1
2017-05-27 19:53:00+02:00,1.0,0.4,0.0,0.9,7.9,4.0,3.1,2.0,0.0,5.7,3.1,4.0,1.7,0.6,0.1,2.6,0.3,0.6,4.3,8.0,1.9,0.2,4.1,0.6,6.3,4.0,2.2,1.0,4.0,2.0,1.7,1.6,0.4,6.0,5.7,5.1,4.0,1.4,0.5,2.6,1.4,0.1
2017-05-27 19:54:00+02:00,0.9,1.2,0.1,0.9,6.9,3.6,2.7,1.9,0.1,5.5,3.0,3.2,1.7,0.6,0.1,2.5,0.2,0.6,3.9,7.0,1.5,0.1,3.7,0.6,7.3,3.9,1.9,0.9,5.1,2.0,1.6,1.3,0.3,6.3,5.8,5.3,4.2,1.8,1.0,2.4,1.2,0.1
2017-05-27 19:55:00+02:00,0.8,2.5,0.1,1.8,4.8,3.0,2.3,1.9,0.0,5.2,2.9,1.9,1.7,0.6,0.1,2.3,0.2,0.6,3.3,4.9,1.7,0.1,3.0,0.3,5.7,3.7,1.8,0.8,4.2,2.0,1.6,1.7,0.3,6.0,5.6,5.2,4.1,1.8,1.0,2.4,1.2,0.1
2017-05-27 19:56:00+02:00,0.6,2.6,0.1,1.9,4.9,2.9,2.3,1.9,0.0,5.1,2.8,2.0,1.7,0.6,0.1,2.2,0.2,0.7,3.2,4.9,1.8,0.1,2.9,0.4,5.7,3.7,1.8,0.8,4.3,2.0,1.6,1.8,0.3,5.1,4.6,4.4,3.3,1.7,0.9,1.6,1.2,0.1
2017-05-27 19:57:00+02:00,0.7,2.6,0.0,1.9,4.8,2.6,2.2,1.8,0.0,5.2,2.8,1.9,1.7,0.6,0.1,2.4,0.2,0.6,3.0,4.9,1.7,0.1,2.7,0.6,5.7,3.6,1.8,1.0,3.9,1.9,1.5,1.7,0.3,4.7,4.3,4.0,3.0,1.7,1.0,1.3,1.2,0.1
2017-05-27 19:58:00+02:00,0.7,2.6,0.0,1.9,4.2,2.4,2.1,1.8,0.0,5.0,2.7,1.9,1.7,0.7,0.2,2.3,0.2,0.7,2.7,4.3,1.8,0.2,2.4,0.5,5.5,3.4,1.8,1.0,3.4,1.9,1.5,1.8,0.3,4.7,4.3,3.8,2.8,1.7,0.9,1.2,1.2,0.1
2017-05-27 19:59:00+02:00,0.6,2.2,0.0,1.6,5.3,3.2,2.8,1.0,0.0,4.7,2.6,2.5,0.8,0.2,0.1,2.2,0.2,0.1,3.6,5.4,2.0,0.2,3.2,0.5,6.6,3.4,1.7,0.9,4.5,1.1,1.5,1.9,0.2,4.4,4.1,3.6,2.6,1.6,0.9,1.1,1.1,0.1
2017-05-27 20:00:00+02:00,0.6,0.5,0.0,1.5,6.7,4.4,4.0,0.8,0.0,4.8,2.5,3.6,0.6,0.3,0.1,2.3,0.2,0.3,4.9,6.8,2.9,0.1,4.4,0.6,8.6,3.2,2.7,1.0,6.4,0.9,1.4,2.9,0.2,3.9,3.5,3.1,2.1,1.5,0.9,0.6,1.1,0.1
2017-05-27 20:01:00+02:00,1.0,0.4,0.0,1.4,5.3,3.3,3.7,0.8,0.0,4.7,2.3,2.5,0.6,0.3,0.0,2.2,0.2,0.2,3.7,5.4,2.7,0.1,3.4,0.6,7.2,3.0,2.5,1.0,5.0,0.9,1.2,2.8,0.3,3.3,3.0,2.5,1.9,1.5,0.9,0.4,1.1,0.1
2017-05-27 20:02:00+02:00,1.0,0.1,0.0,1.0,5.1,3.3,3.0,0.8,0.0,3.8,2.2,2.4,0.7,0.3,0.0,1.4,0.2,0.2,3.6,5.2,2.1,0.1,3.3,0.1,6.8,2.8,1.9,0.3,4.8,1.0,1.2,2.1,0.6,3.8,3.5,3.1,2.3,1.4,0.8,0.9,1.0,0.2
2017-05-27 20:03:00+02:00,1.0,0.4,0.0,1.2,5.8,3.9,3.1,0.9,0.0,4.5,2.2,3.3,0.8,0.4,0.1,2.2,0.2,0.3,4.2,6.0,2.2,0.1,3.9,0.7,7.5,2.8,2.1,0.9,5.6,1.1,1.1,2.2,0.2,3.3,3.0,2.6,1.9,1.4,0.8,0.4,1.0,0.2
2017-05-27 20:04:00+02:00,0.9,0.3,0.0,0.6,4.6,2.6,2.4,0.9,0.1,4.6,2.0,2.3,0.7,0.3,0.1,2.3,0.2,0.3,2.8,4.8,1.6,0.1,2.6,0.9,6.1,2.6,1.4,1.1,4.3,1.0,1.0,1.6,0.3,4.0,3.7,3.3,2.6,1.4,0.8,1.2,1.0,0.2
2017-05-27 20:05:00+02:00,0.9,0.4,0.0,1.0,4.5,2.6,2.9,0.8,0.0,3.6,1.9,2.3,0.7,0.3,0.1,1.3,0.2,0.2,2.8,4.7,2.0,0.1,2.6,0.0,5.2,2.4,1.9,0.3,4.2,0.9,0.9,2.0,0.3,4.1,3.8,3.5,2.8,1.3,0.8,1.5,1.0,0.1
2017-05-27 20:06:00+02:00,0.9,0.4,0.0,0.2,4.7,2.6,1.9,0.8,0.0,3.5,1.9,2.3,0.7,0.2,0.1,1.4,0.2,0.2,2.7,4.9,1.1,0.1,2.6,0.0,5.5,2.6,1.1,0.4,4.5,0.9,0.9,1.2,0.3,4.2,3.9,3.6,3.0,1.3,0.8,1.7,1.0,0.1
2017-05-27 20:07:00+02:00,0.8,0.4,0.0,0.6,4.2,2.9,2.1,0.8,0.0,4.2,1.2,2.6,0.7,0.2,0.8,2.1,0.2,0.2,3.1,4.4,1.3,0.1,2.9,0.8,4.9,1.8,1.5,1.0,3.8,1.0,0.2,1.4,0.3,3.8,3.6,3.2,2.6,1.3,0.7,1.4,0.9,0.1
2017-05-27 20:08:00+02:00,0.8,0.4,0.0,1.2,4.7,3.4,2.6,0.8,0.0,3.5,1.1,3.1,0.7,0.2,0.8,1.5,0.2,0.2,3.6,4.8,1.8,0.1,3.4,0.2,5.1,1.8,2.1,0.5,4.0,1.0,0.2,2.0,0.2,3.5,3.3,3.0,2.4,1.2,0.7,1.2,0.8,0.1
2017-05-27 20:09:00+02:00,0.7,0.2,0.0,1.1,4.7,3.0,2.3,0.8,0.0,2.8,1.7,2.5,0.7,0.2,0.1,0.8,0.2,0.2,3.2,4.8,1.5,0.1,3.1,0.4,5.1,2.4,1.9,0.5,4.1,1.0,0.8,1.7,0.3,3.4,3.2,3.0,2.4,1.0,0.5,1.4,0.8,0.1
2017-05-27 20:10:00+02:00,0.9,0.1,0.0,0.8,4.2,2.6,1.9,0.8,0.0,3.5,1.6,2.2,0.6,0.2,0.3,1.5,0.2,0.2,2.8,4.4,1.2,0.0,2.6,0.4,4.6,2.3,1.5,0.5,3.7,1.0,0.8,1.4,0.3,3.5,3.3,3.0,2.5,1.0,0.5,1.5,0.7,0.1
2017-05-27 20:11:00+02:00,0.9,0.2,0.0,0.8,3.9,2.5,1.8,0.8,0.0,3.8,1.6,1.9,0.6,0.2,0.3,1.9,0.2,0.2,2.7,4.0,1.2,0.0,2.5,0.8,4.2,2.2,1.6,0.9,3.4,0.9,0.7,1.4,0.3,3.4,3.3,3.0,2.5,0.9,0.5,1.5,0.7,0.1
2017-05-27 20:12:00+02:00,0.8,0.2,0.0,0.3,3.2,2.0,1.4,0.8,0.0,3.0,1.5,1.7,0.5,0.4,0.3,1.1,0.1,0.4,2.2,3.7,0.9,0.0,2.1,0.1,3.5,2.1,1.1,0.2,2.8,0.9,0.7,1.0,0.3,3.2,3.1,2.8,2.4,0.9,0.5,1.4,0.6,0.1
2017-05-27 20:13:00+02:00,0.7,0.4,0.0,0.9,2.0,1.2,0.8,0.6,0.0,2.4,1.4,1.2,0.4,0.3,0.3,0.6,0.0,0.3,1.3,2.4,1.0,0.0,1.2,0.4,2.0,2.0,0.2,0.3,1.7,0.8,0.7,0.5,0.4,1.7,1.6,1.4,0.9,0.9,0.5,0.1,0.6,0.1
2017-05-27 20:14:00+02:00,0.6,0.6,0.0,1.1,1.7,0.9,0.7,0.6,0.0,3.0,1.4,1.1,0.3,0.3,0.4,1.3,0.0,0.3,0.9,2.1,1.0,0.0,0.9,0.6,2.1,1.9,0.4,0.4,1.6,0.8,0.6,0.5,0.6,1.1,0.9,0.7,0.3,0.9,0.5,0.6,0.6,0.1
2017-05-27 20:15:00+02:00,0.6,1.1,0.0,0.4,1.1,0.5,0.7,0.6,0.0,2.9,1.1,1.1,0.3,0.3,0.4,1.3,0.0,0.2,0.4,1.4,1.3,0.0,0.5,0.5,1.3,1.8,0.2,0.4,1.1,0.7,0.5,0.4,1.0,1.0,0.9,0.6,0.2,0.8,0.4,0.7,0.6,0.1
2017-05-27 20:16:00+02:00,0.7,1.7,0.0,1.0,1.5,0.6,0.4,0.6,0.0,2.9,1.1,0.9,0.3,0.3,0.4,1.3,0.0,0.2,0.6,1.8,0.9,0.0,0.5,0.5,1.6,1.7,0.4,0.5,1.4,0.7,0.6,0.6,0.9,1.8,1.7,1.4,0.9,0.8,0.4,0.1,0.5,0.1
2017-05-27 20:17:00+02:00,0.7,1.2,0.0,0.6,1.4,0.6,0.2,0.6,0.0,2.8,1.2,0.5,0.3,0.2,0.4,1.3,0.0,0.2,0.8,1.8,0.4,0.0,0.6,0.5,1.6,1.8,0.2,0.5,1.2,0.7,0.7,0.1,0.5,1.6,1.5,1.3,0.9,0.7,0.4,0.2,0.5,0.1
2017-05-27 20:18:00+02:00,0.5,1.1,0.0,0.5,1.4,0.4,0.1,0.8,0.1,2.2,1.2,0.6,0.4,0.4,0.5,0.9,0.0,0.3,0.6,1.7,0.6,0.0,0.4,0.0,1.4,1.8,0.1,0.1,1.2,0.9,0.7,0.3,0.5,1.1,1.0,0.8,0.4,0.7,0.4,0.4,0.2,0.6
2017-05-27 20:19:00+02:00,0.4,1.1,0.0,0.6,1.7,0.8,0.7,0.9,0.0,2.3,1.2,1.5,0.5,0.5,0.4,1.0,0.0,0.4,0.7,1.8,0.9,0.0,0.8,0.2,1.8,1.7,0.2,0.2,1.8,1.0,0.7,0.7,0.5,0.9,0.8,0.6,0.3,0.6,0.3,0.5,0.2,0.6
2017-05-27 20:20:00+02:00,0.4,0.9,0.0,1.5,2.5,2.3,2.6,1.0,0.2,2.1,1.1,2.9,0.6,0.6,0.5,0.9,0.0,0.6,2.2,2.2,2.9,0.0,2.3,0.2,2.1,1.6,1.0,0.2,2.7,1.1,0.6,1.7,0.6,1.1,1.1,0.8,0.6,0.6,0.3,0.1,0.4,0.1
2017-05-27 20:21:00+02:00,0.3,0.6,0.0,0.3,1.9,1.3,1.5,0.9,0.2,1.8,1.1,2.0,0.6,0.6,0.5,0.6,0.0,0.5,1.3,1.8,1.8,0.0,1.3,0.1,1.8,1.6,0.2,0.2,2.1,1.1,0.6,0.6,0.6,1.3,1.3,1.1,0.8,0.5,0.2,0.3,0.4,0.0
2017-05-27 20:22:00+02:00,0.3,0.6,0.0,0.2,2.0,1.3,1.1,1.1,0.2,1.1,1.0,1.9,0.8,0.8,0.5,0.1,0.3,0.7,1.2,2.0,1.3,0.1,1.3,0.7,2.0,1.5,0.4,0.7,2.1,1.2,0.6,0.6,0.6,1.9,1.8,1.7,1.4,0.5,0.2,1.0,0.4,0.0
2017-05-27 20:23:00+02:00,0.2,0.6,0.1,0.3,3.1,2.4,2.3,1.9,0.2,0.8,0.7,3.1,1.6,2.4,0.5,0.1,1.1,2.3,2.3,2.7,2.5,0.1,2.4,0.6,2.7,1.1,0.4,0.7,3.2,2.0,0.6,2.2,0.6,1.5,1.4,1.3,1.2,0.3,0.0,0.9,0.4,0.0
2017-05-27 20:24:00+02:00,0.2,0.6,0.1,0.4,3.1,2.3,2.2,1.5,0.2,1.3,0.4,2.8,1.2,2.2,0.5,0.5,0.5,2.1,2.2,2.7,2.4,0.1,2.3,0.1,2.8,0.6,0.4,0.2,3.3,1.6,0.4,2.0,0.6,0.7,0.7,0.5,0.4,0.4,0.6,0.7,0.3,0.0
2017-05-27 20:25:00+02:00,0.2,0.6,0.1,0.6,2.0,1.6,1.3,1.1,0.2,1.2,0.5,1.9,0.8,1.0,0.7,0.4,0.0,0.9,1.5,1.9,1.3,0.1,1.6,0.1,1.9,0.9,0.6,0.2,2.1,1.2,0.4,1.1,0.6,0.6,0.6,0.5,0.4,0.4,0.3,0.1,0.2,0.0
2017-05-27 20:26:00+02:00,0.2,0.7,0.1,0.6,2.0,1.7,1.3,1.1,0.2,1.0,0.5,1.9,0.8,0.9,0.6,0.3,0.0,0.8,1.5,1.8,1.3,0.1,1.7,0.1,2.0,0.9,0.6,0.2,2.1,1.2,0.2,1.0,0.6,0.4,0.4,0.5,0.4,0.4,0.3,0.7,0.1,0.1
2017-05-27 20:27:00+02:00,0.2,0.7,0.1,0.6,2.7,2.6,2.1,1.1,0.2,0.9,0.4,2.9,0.8,0.9,0.6,0.2,0.2,0.8,2.3,2.5,2.2,0.1,2.6,0.0,2.7,0.8,0.6,0.3,2.9,1.2,0.3,1.1,0.6,0.6,0.6,0.6,0.6,0.4,0.3,0.8,0.1,0.1
2017-05-27 20:28:00+02:00,0.2,0.6,0.1,0.8,3.7,3.5,3.0,1.4,0.1,0.8,0.3,3.9,1.2,1.2,0.6,0.1,0.6,1.2,3.2,3.5,3.1,0.1,3.5,0.0,3.7,0.7,0.6,0.3,4.0,1.6,0.3,1.8,0.6,0.8,0.8,0.8,0.7,0.3,0.2,0.9,0.1,0.1
2017-05-27 20:29:00+02:00,0.1,0.8,0.1,2.0,4.6,4.1,3.6,1.2,0.1,0.5,0.5,4.5,0.9,1.0,0.6,0.2,0.5,1.0,3.7,4.4,3.6,0.1,4.0,0.0,6.2,0.7,1.8,0.6,4.9,1.3,0.6,2.8,0.7,1.1,1.1,1.1,1.0,0.3,0.2,1.1,0.1,0.1
2017-05-27 20:30:00+02:00,0.1,0.8,0.1,2.1,4.4,3.8,3.3,1.4,0.1,0.2,0.4,4.2,1.1,1.3,0.6,0.4,0.6,1.2,3.4,4.1,3.3,0.1,3.7,0.5,7.6,0.6,2.0,0.8,4.6,1.5,0.4,3.2,0.7,1.4,1.4,1.4,1.3,0.3,0.2,1.3,0.1,0.1
2017-05-27 20:31:00+02:00,0.1,0.8,0.1,1.7,3.9,3.6,2.9,1.4,0.1,0.2,0.2,4.0,1.2,1.3,0.5,0.7,0.6,1.3,3.2,3.7,2.9,0.1,3.5,0.7,7.2,0.4,1.5,1.1,4.2,1.6,0.2,2.8,0.7,1.4,1.4,1.4,1.3,0.3,0.2,1.3,0.1,0.1
2017-05-27 20:32:00+02:00,0.0,0.9,0.1,1.0,4.2,3.8,3.1,1.6,0.1,0.5,0.1,4.2,1.3,1.6,0.4,1.0,0.7,1.6,3.4,3.9,3.1,0.1,3.7,0.5,7.4,0.3,1.4,1.4,4.5,1.7,0.1,3.0,0.7,1.5,1.4,1.4,1.2,0.3,0.2,1.1,0.1,0.1
2017-05-27 20:33:00+02:00,0.0,1.0,0.1,1.1,5.1,4.7,4.0,1.5,0.1,0.2,0.1,5.0,1.2,1.6,0.3,0.6,0.6,1.5,4.3,4.9,4.0,0.1,4.6,0.5,8.3,0.3,1.7,0.9,5.4,1.6,0.1,3.2,0.8,1.8,1.8,1.7,1.3,0.2,0.2,1.2,0.2,0.2
2017-05-27 20:34:00+02:00,0.0,1.0,0.1,1.1,4.7,4.2,3.5,1.3,0.1,0.3,0.1,4.5,1.1,1.4,0.4,0.6,0.5,1.4,3.9,4.4,3.3,0.1,4.0,0.5,7.7,0.2,0.9,0.9,5.0,1.5,0.1,2.3,0.8,2.8,2.7,2.7,2.2,0.2,0.2,2.1,0.9,0.8
2017-05-27 20:35:00+02:00,0.0,1.0,0.1,1.1,4.7,4.1,3.4,1.3,0.1,0.5,0.2,4.4,1.1,1.4,0.4,0.8,0.5,1.4,3.8,4.5,3.1,0.1,3.9,0.6,5.1,0.2,0.9,1.1,5.0,1.4,0.2,2.2,0.8,2.5,2.4,2.4,1.9,0.1,0.1,1.8,0.6,0.5
2017-05-27 20:36:00+02:00,0.1,0.9,0.1,1.0,5.2,4.5,3.8,1.4,0.1,0.8,0.1,4.9,1.2,1.5,0.4,1.0,0.6,1.5,4.2,5.0,3.4,0.1,4.4,0.6,5.7,0.1,0.9,1.2,5.5,1.5,0.2,2.4,0.7,2.5,2.4,2.3,1.8,0.2,0.2,1.6,0.4,0.3
2017-05-27 20:37:00+02:00,0.3,1.1,0.1,1.4,7.2,5.8,4.9,1.5,0.1,2.4,0.6,6.2,1.2,1.8,0.4,2.1,0.5,1.8,5.5,7.0,4.2,0.1,5.7,1.4,8.9,0.8,1.5,2.1,7.5,1.5,0.4,3.3,0.7,3.7,3.6,3.5,2.7,0.7,0.4,2.0,0.6,0.2
2017-05-27 20:38:00+02:00,0.3,1.0,0.0,1.3,6.7,5.4,4.5,1.4,0.1,2.1,0.6,5.8,1.1,1.6,0.4,1.7,0.5,1.6,5.1,6.5,3.8,0.1,5.2,0.9,8.6,0.8,1.4,1.7,6.9,1.4,0.4,3.0,0.7,3.6,3.5,3.5,2.6,0.7,0.4,2.0,0.5,0.2
2017-05-27 20:39:00+02:00,0.4,1.0,0.0,1.4,6.7,5.2,4.3,1.2,0.1,2.2,0.6,5.6,1.0,1.6,0.4,1.8,0.5,1.5,4.8,6.5,3.5,0.1,5.0,0.9,8.6,0.8,1.5,1.8,6.9,1.3,0.5,3.1,0.7,3.4,3.3,3.2,2.5,0.8,0.4,1.7,0.4,0.1
2017-05-27 20:40:00+02:00,0.5,1.2,0.0,1.5,7.4,5.7,4.9,1.3,0.2,1.9,0.7,6.3,1.1,1.7,0.5,1.5,0.5,1.7,5.4,7.2,3.8,0.1,5.6,1.1,9.4,0.9,1.7,1.4,7.6,1.4,0.5,3.3,0.8,3.3,3.2,3.1,2.5,0.7,0.4,1.8,0.3,0.1
2017-05-27 20:41:00+02:00,0.5,1.2,0.0,1.5,8.1,5.8,5.0,1.4,0.2,1.9,0.7,7.0,1.1,1.7,0.5,1.5,0.5,1.6,5.5,7.9,3.9,0.1,5.7,1.1,9.7,0.9,1.7,1.4,8.3,1.4,0.5,3.3,0.8,3.3,3.1,3.0,2.6,0.7,0.4,1.9,0.3,0.1
2017-05-27 20:42:00+02:00,0.5,1.1,0.0,1.5,7.7,5.4,4.5,0.9,0.2,1.8,0.7,6.5,0.8,1.3,0.5,1.4,0.3,1.2,5.1,7.4,3.3,0.1,5.3,1.0,9.7,0.9,1.6,1.2,7.9,0.9,0.5,2.9,0.7,3.2,3.0,3.0,2.6,0.7,0.4,1.8,0.2,0.1
2017-05-27 20:43:00+02:00,0.5,1.2,0.0,1.6,7.0,5.6,4.5,0.6,0.2,1.8,0.7,5.8,0.6,1.0,0.5,1.4,0.1,0.9,5.3,6.7,3.3,0.1,5.5,1.0,9.0,0.9,1.7,1.3,7.2,0.7,0.5,2.8,0.8,3.2,3.0,2.9,2.6,0.8,0.5,1.8,0.2,0.1
2017-05-27 20:44:00+02:00,0.5,1.3,0.0,1.7,6.7,5.4,4.4,0.7,0.3,2.1,0.8,5.5,0.7,1.0,0.5,1.6,0.1,0.9,5.0,6.5,3.3,0.1,5.3,1.0,8.7,1.0,1.8,1.5,7.0,0.8,0.6,2.9,0.9,3.1,2.9,2.8,2.5,0.8,0.5,1.7,0.2,0.1
2017-05-27 20:45:00+02:00,0.5,1.3,0.0,1.9,7.1,5.7,4.8,0.9,0.3,1.6,0.8,5.8,0.8,1.2,0.5,1.2,0.1,1.1,5.4,6.8,3.5,0.1,5.6,0.6,9.0,1.0,2.0,1.1,7.4,0.9,0.6,3.1,0.9,3.1,2.9,2.9,2.5,0.7,0.4,1.8,0.3,0.2
2017-05-27 20:46:00+02:00,0.5,1.3,0.0,2.6,7.2,5.5,5.1,0.6,0.3,1.6,1.0,5.7,0.5,0.9,0.6,1.2,0.1,0.8,5.2,6.9,4.0,0.1,5.4,0.6,8.2,1.2,2.8,1.0,7.4,0.6,0.8,3.7,0.9,3.1,3.0,2.9,2.6,0.7,0.4,1.9,0.3,0.2
2017-05-27 20:47:00+02:00,0.5,1.4,0.0,2.5,7.7,5.7,5.2,0.6,0.3,1.6,1.4,5.8,0.5,0.9,1.0,1.2,0.1,0.8,5.3,7.4,3.8,0.1,5.5,0.6,8.6,1.6,2.6,1.0,7.9,0.6,1.2,3.5,1.0,3.1,2.8,2.8,2.6,0.7,0.4,1.9,0.3,0.2
2017-05-27 20:48:00+02:00,0.5,1.8,0.0,2.4,7.9,6.2,5.6,0.7,0.4,1.6,1.0,6.4,0.6,1.0,0.5,1.1,0.1,0.9,5.9,7.6,4.0,0.1,6.1,0.6,8.8,1.2,2.6,1.0,8.1,0.7,0.7,3.5,1.3,2.9,2.8,2.7,2.6,0.7,0.4,1.9,0.3,0.2
2017-05-27 20:49:00+02:00,0.5,1.6,0.0,2.3,7.4,5.7,4.6,0.7,0.3,1.6,1.0,5.9,0.6,1.0,0.5,1.1,0.1,0.9,4.9,7.2,3.9,0.1,5.6,0.6,8.9,1.2,2.4,1.0,8.3,0.7,0.7,3.4,1.1,3.2,3.1,3.1,2.6,0.7,0.4,2.0,0.4,0.2
2017-05-27 20:50:00+02:00,0.5,1.1,0.0,1.9,7.8,6.2,4.7,0.8,0.2,1.5,1.0,6.4,0.8,1.1,0.5,1.1,0.2,1.1,5.3,7.6,4.4,0.1,6.0,0.5,10.6,1.2,2.0,1.0,9.0,0.9,0.7,3.1,0.6,3.9,3.8,3.7,2.6,0.7,0.4,1.9,0.4,0.2
2017-05-27 20:51:00+02:00,0.4,1.1,0.0,1.7,9.1,7.5,5.0,1.2,0.2,2.5,1.0,7.7,1.1,1.5,0.5,2.1,0.4,1.4,6.6,8.9,4.7,0.1,7.3,1.5,11.3,1.2,1.9,2.0,9.7,1.2,0.7,3.4,0.6,4.0,3.4,3.3,2.8,0.8,0.4,2.1,0.4,0.2
2017-05-27 20:52:00+02:00,0.4,1.3,0.0,1.8,9.0,7.4,5.4,1.3,0.2,2.5,1.0,7.6,1.1,1.7,0.4,2.1,0.4,1.6,6.5,8.8,5.1,0.1,7.2,1.6,11.0,1.2,2.0,2.0,9.5,1.4,0.7,3.6,0.8,3.6,3.5,3.4,2.8,0.7,0.4,2.0,0.3,0.2
2017-05-27 20:53:00+02:00,0.4,1.4,0.0,1.9,10.2,8.7,6.9,2.7,0.2,2.5,0.9,8.8,0.9,3.1,0.4,2.1,0.3,3.0,7.8,9.9,6.6,0.1,8.4,1.6,12.4,1.1,2.1,2.0,10.9,2.7,0.6,5.1,0.9,4.0,3.9,3.8,3.0,0.9,0.6,2.1,0.3,0.2
2017-05-27 20:54:00+02:00,0.5,1.1,0.0,1.6,9.4,7.9,6.3,2.5,0.2,2.4,0.8,8.1,0.9,2.8,0.3,2.1,0.3,2.8,7.1,9.1,6.0,0.1,7.7,1.6,11.7,1.0,1.8,2.0,10.1,2.5,0.5,4.6,0.7,4.9,4.8,4.6,4.2,2.1,1.0,2.1,0.3,0.2
2017-05-27 20:55:00+02:00,0.4,1.0,0.0,1.5,8.9,7.6,6.1,1.2,0.2,2.4,0.6,7.8,0.9,1.5,0.2,2.0,0.3,1.5,6.7,8.7,5.8,0.1,7.4,1.5,10.7,0.9,2.7,1.9,9.6,1.2,0.4,4.3,0.7,4.3,4.2,4.0,3.2,1.2,1.0,2.0,0.3,0.2
2017-05-27 20:56:00+02:00,1.2,1.1,0.0,1.6,7.6,6.3,5.0,1.0,0.2,2.7,0.7,6.5,0.8,1.3,0.2,2.4,0.3,1.2,5.4,7.4,4.7,0.1,6.1,1.9,9.4,1.0,2.1,2.3,8.4,1.0,0.4,3.4,0.7,3.8,3.7,3.5,3.2,1.3,1.2,1.9,0.3,0.2
2017-05-27 20:57:00+02:00,1.2,1.0,0.0,1.6,7.6,6.1,4.8,1.0,0.1,2.0,0.7,6.3,0.8,1.3,0.2,1.7,0.2,1.3,5.1,7.2,4.4,0.1,5.9,1.2,9.4,0.9,1.7,1.6,8.3,1.0,0.4,3.1,0.7,4.0,3.9,3.7,3.1,1.2,1.1,1.9,0.3,0.2
2017-05-27 20:58:00+02:00,1.1,1.1,0.0,1.9,7.8,6.3,5.0,0.8,0.2,2.0,0.7,6.4,0.7,1.2,0.2,1.6,0.1,1.1,5.4,7.4,4.7,0.1,6.0,1.1,9.6,0.9,2.1,1.5,8.5,0.9,0.4,3.3,0.7,4.2,4.1,3.9,3.2,1.2,1.0,2.0,0.3,0.2
2017-05-27 20:59:00+02:00,0.1,1.1,0.0,1.9,7.2,5.6,4.6,1.1,0.1,1.0,0.7,5.8,0.8,1.5,0.2,0.7,0.1,1.4,4.9,6.8,4.2,0.1,5.6,0.1,9.0,0.9,2.1,0.6,7.9,1.1,0.4,3.5,0.7,4.3,4.2,4.0,3.2,1.2,1.1,2.0,0.4,0.2
2017-05-27 21:00:00+02:00,0.1,1.0,0.0,1.7,6.7,5.2,4.1,1.1,0.2,1.1,0.7,5.3,0.9,1.6,0.2,0.7,0.1,1.4,4.5,6.3,3.8,0.1,5.1,0.3,8.5,1.0,1.8,0.6,7.4,1.1,0.5,3.3,0.6,4.3,4.1,3.9,3.3,1.2,1.1,2.0,0.4,0.2
2017-05-27 21:01:00+02:00,0.1,0.9,0.0,1.6,6.8,5.2,4.1,1.1,0.2,1.0,0.8,5.4,0.9,1.6,0.2,0.7,0.2,1.5,4.6,6.4,3.8,0.1,5.2,0.2,8.7,1.0,1.8,0.6,7.6,1.2,0.5,3.3,0.6,4.2,4.1,3.9,3.2,1.2,1.1,2.0,0.4,0.2
2017-05-27 21:02:00+02:00,0.1,0.9,0.0,1.6,7.1,5.6,3.9,1.0,0.2,1.1,0.8,5.8,0.8,1.4,0.2,0.7,0.2,1.3,4.9,6.8,3.6,0.1,5.6,0.3,9.0,1.0,1.8,0.6,7.9,1.1,0.5,3.1,0.6,5.1,5.0,4.8,3.7,1.7,1.5,2.0,0.4,0.2
2017-05-27 21:03:00+02:00,0.5,1.1,0.0,1.8,7.7,6.1,4.2,1.1,0.2,1.5,0.8,6.3,0.8,1.4,0.2,1.1,0.2,1.3,5.3,7.3,3.9,0.2,6.0,0.7,9.5,1.0,2.1,1.0,8.4,1.1,0.6,3.5,0.8,6.8,6.6,6.4,5.1,3.1,1.9,2.0,0.4,0.2
2017-05-27 21:04:00+02:00,0.5,1.1,0.1,1.8,12.5,11.0,4.2,1.0,0.2,1.5,0.8,11.2,0.7,1.3,0.2,1.2,0.2,1.2,5.3,12.2,3.8,0.2,10.9,0.7,14.4,1.0,2.1,1.0,13.2,1.0,0.6,3.4,0.7,4.2,4.0,3.9,3.5,2.5,2.0,1.0,0.3,0.2
2017-05-27 21:05:00+02:00,0.2,0.8,0.1,1.5,12.9,10.3,4.1,1.0,0.1,1.2,1.8,10.5,0.8,1.4,0.4,0.8,0.2,1.3,4.4,12.6,3.6,0.2,10.3,0.3,14.9,2.1,1.7,0.6,13.7,1.1,0.8,3.1,0.6,3.6,3.4,3.2,2.8,2.1,1.9,0.8,0.4,0.2
2017-05-27 21:06:00+02:00,0.5,0.9,0.1,1.6,14.1,10.9,4.6,1.2,0.1,1.5,2.5,11.0,0.9,1.7,1.2,1.2,0.2,1.6,4.9,13.7,4.0,0.2,10.7,0.7,15.9,2.8,1.8,1.0,14.8,1.2,1.5,3.5,0.6,2.8,2.5,2.5,2.1,1.3,1.2,0.8,0.4,0.2
2017-05-27 21:07:00+02:00,0.4,1.3,0.0,2.0,13.6,11.3,5.1,1.3,0.2,1.3,1.6,11.5,1.0,1.8,1.1,1.0,0.2,1.7,5.5,13.2,4.5,0.1,11.2,0.5,15.1,1.8,2.3,0.9,14.2,1.3,1.5,4.0,1.0,2.6,2.4,2.3,1.9,1.2,1.1,0.7,0.4,0.2
2017-05-27 21:08:00+02:00,0.1,1.1,0.0,1.8,13.3,11.2,4.9,1.2,0.2,0.9,1.4,11.4,1.0,1.7,0.9,0.7,0.2,1.7,5.2,12.9,4.3,0.1,11.1,0.2,14.5,1.6,2.1,0.6,13.7,1.3,1.3,3.8,0.8,2.5,2.3,2.2,1.8,1.0,0.9,0.7,0.3,0.2
2017-05-27 21:09:00+02:00,0.1,1.1,0.0,1.8,13.2,11.0,4.7,1.1,0.1,1.0,1.2,11.3,0.8,1.6,0.7,0.8,0.2,1.5,5.1,12.8,4.2,0.1,10.9,0.2,14.7,1.5,2.1,0.5,13.6,1.1,1.1,3.6,0.9,2.4,2.2,2.1,1.6,0.8,0.5,0.8,0.4,0.2
2017-05-27 21:10:00+02:00,0.6,1.1,0.0,1.8,13.0,11.1,4.9,0.9,0.1,1.6,0.7,11.6,0.6,1.2,0.2,1.4,0.2,1.2,5.2,12.6,4.3,0.1,11.0,0.8,14.2,1.0,2.1,1.1,13.3,0.9,0.6,3.3,0.9,3.4,3.2,3.1,2.6,1.3,0.9,1.3,0.4,0.2
2017-05-27 21:11:00+02:00,0.7,1.1,0.0,1.8,12.4,10.6,4.4,0.6,0.1,1.7,0.6,11.1,0.4,0.9,0.2,1.5,0.2,0.8,4.7,12.0,4.0,0.1,10.5,0.9,13.5,0.9,2.0,1.2,12.7,0.7,0.6,2.9,0.9,3.9,3.7,3.7,3.3,1.3,1.0,2.0,0.4,0.2
2017-05-27 21:12:00+02:00,1.0,1.2,0.0,1.8,11.9,10.3,4.6,0.6,0.1,1.9,0.6,10.8,0.4,0.9,0.2,1.8,0.2,0.8,4.9,11.7,4.2,0.1,10.2,1.1,13.1,0.9,2.1,1.5,12.3,0.6,0.5,3.0,1.0,3.9,3.8,3.7,3.4,1.3,0.9,2.1,0.4,0.2
2017-05-27 21:13:00+02:00,0.2,1.1,0.0,1.7,12.1,10.6,4.9,0.6,0.1,1.2,0.6,11.0,0.3,0.9,0.2,1.0,0.2,0.8,5.3,11.9,4.6,0.1,10.5,0.3,13.3,0.9,2.0,0.7,12.4,0.6,0.5,2.9,0.9,4.1,4.0,3.9,3.6,1.3,0.9,2.3,0.6,0.2
2017-05-27 21:14:00+02:00,0.2,1.2,0.0,1.8,11.9,10.3,4.3,1.0,0.1,1.3,0.6,10.8,0.7,1.3,0.2,1.1,0.2,1.2,4.6,11.7,4.0,0.1,10.2,0.4,13.1,0.9,2.0,0.8,12.3,1.0,0.5,3.3,1.0,3.7,3.6,3.5,3.2,1.3,0.9,1.9,0.5,0.2
2017-05-27 21:15:00+02:00,0.4,1.1,0.0,1.7,12.5,10.9,4.5,1.0,0.1,2.1,0.6,11.4,0.8,1.3,0.3,1.9,0.2,1.2,4.8,12.2,4.1,0.1,10.8,1.2,13.7,0.9,1.9,1.6,12.8,1.1,0.5,3.3,0.9,2.8,2.7,2.6,2.3,1.5,1.1,0.8,0.4,0.2
2017-05-27 21:16:00+02:00,0.8,1.1,0.0,1.7,10.3,8.8,4.2,1.0,0.1,2.5,0.5,9.3,0.8,1.3,0.3,2.3,0.2,1.2,4.8,10.1,3.9,0.1,8.7,1.6,11.5,0.8,2.0,2.0,10.7,1.1,0.4,3.3,0.9,2.8,2.7,2.6,2.3,1.6,1.2,0.7,0.4,0.2
2017-05-27 21:17:00+02:00,0.2,1.0,0.0,1.6,9.9,8.4,3.9,1.0,0.1,2.1,0.5,8.9,0.8,1.3,0.3,2.0,0.2,1.2,4.4,9.7,3.6,0.1,8.4,1.0,11.1,0.8,1.9,1.4,10.3,1.1,0.4,3.1,0.8,2.9,2.8,2.8,1.9,1.2,0.9,0.7,0.4,0.2
2017-05-27 21:18:00+02:00,0.2,2.1,0.0,2.7,11.2,9.7,5.1,1.0,0.1,2.1,0.6,10.1,0.9,1.3,0.3,2.0,0.3,1.2,5.6,11.0,4.8,0.1,9.6,0.8,12.3,0.9,2.9,1.2,11.6,1.1,0.5,4.2,1.8,4.2,4.1,4.0,3.1,1.2,1.0,1.9,0.4,0.2
2017-05-27 21:19:00+02:00,0.2,2.2,0.0,2.8,8.0,6.2,5.2,1.0,0.1,2.3,0.8,6.7,0.9,1.3,0.3,2.1,0.3,1.2,5.8,7.8,4.9,0.1,6.1,0.8,9.2,1.1,3.1,1.2,8.4,1.1,0.5,4.3,1.9,4.1,4.0,4.0,3.2,1.2,1.0,2.0,0.4,0.2
2017-05-27 21:20:00+02:00,0.2,2.2,0.0,2.8,8.7,6.3,5.4,1.0,0.1,2.3,1.4,6.8,0.9,1.3,0.2,1.5,0.3,1.2,6.0,8.5,4.9,0.1,6.2,0.8,9.6,1.7,3.0,1.2,9.1,1.1,0.4,4.3,1.9,3.4,3.3,3.2,2.3,1.5,1.3,0.8,0.3,0.1
2017-05-27 21:21:00+02:00,0.2,2.2,0.0,2.6,8.0,5.9,5.0,1.0,0.1,2.7,1.2,6.4,0.8,1.3,0.3,1.5,0.3,1.2,5.6,7.8,4.6,0.1,5.8,0.8,8.8,1.4,2.8,1.2,8.4,1.1,0.5,4.1,1.9,3.2,3.0,2.9,2.0,1.4,1.0,0.6,0.3,0.1
2017-05-27 21:22:00+02:00,0.2,2.2,0.0,2.6,7.7,6.0,5.1,1.0,0.1,2.7,0.7,6.4,0.8,1.4,0.3,1.5,0.3,1.3,5.6,7.5,4.6,0.2,5.9,0.8,8.5,1.0,2.7,1.2,8.0,1.2,0.6,4.1,1.9,3.4,3.3,3.2,2.2,1.1,0.8,1.1,0.3,0.1
2017-05-27 21:23:00+02:00,0.2,2.1,0.0,2.5,7.6,6.1,5.2,1.1,0.1,1.9,0.7,6.6,0.9,1.5,0.3,1.5,0.3,1.4,5.8,7.4,4.7,0.2,6.0,0.8,8.4,0.8,2.7,1.2,7.9,1.3,0.6,4.2,1.8,4.1,4.0,3.9,3.0,1.2,0.8,1.8,0.5,0.1
2017-05-27 21:24:00+02:00,0.2,2.0,0.0,2.4,7.5,6.0,5.1,1.1,0.1,1.8,0.6,6.3,1.0,1.6,0.3,1.4,0.3,1.5,5.6,7.3,4.6,0.2,5.9,0.8,8.3,1.0,2.6,1.2,7.9,1.4,0.6,4.2,1.8,3.8,3.6,3.5,2.5,0.6,0.3,1.9,0.7,0.3
2017-05-27 21:25:00+02:00,0.4,1.2,0.0,1.5,6.9,5.3,4.3,1.2,0.1,1.9,1.1,5.5,1.0,1.6,0.4,1.5,0.3,1.5,4.8,6.7,3.8,0.2,5.1,1.0,7.7,1.3,1.7,1.4,7.2,1.4,0.6,3.3,1.0,4.2,4.0,3.9,3.0,0.6,0.3,2.4,0.5,0.2
2017-05-27 21:26:00+02:00,0.4,0.9,0.0,1.3,7.6,5.5,4.4,1.2,0.1,1.9,1.3,5.7,1.0,1.9,0.3,1.6,0.3,1.8,4.9,7.4,3.9,0.2,5.3,1.0,8.3,1.7,1.5,1.4,7.9,1.4,0.6,3.3,0.7,2.9,2.7,2.7,1.7,0.6,0.3,1.1,0.5,0.2
2017-05-27 21:27:00+02:00,0.4,1.1,0.0,1.5,6.6,5.4,4.3,1.2,0.1,1.9,0.7,5.6,1.0,1.6,0.3,1.6,0.3,1.5,4.8,6.5,3.8,0.2,5.2,1.0,7.4,0.9,1.7,1.4,7.0,1.4,0.5,3.3,0.9,3.0,2.8,2.7,1.8,0.6,0.3,1.3,0.6,0.2
2017-05-27 21:28:00+02:00,0.4,1.0,0.0,1.4,6.9,5.2,4.2,1.2,0.1,2.0,0.8,5.5,1.0,1.5,0.3,1.6,0.3,1.5,4.7,6.7,3.6,0.2,5.1,1.0,7.7,1.2,1.6,1.4,7.2,1.4,0.5,3.1,0.7,3.0,2.8,2.7,1.9,0.6,0.3,1.3,0.6,0.1
2017-05-27 21:29:00+02:00,0.4,0.8,0.0,1.2,6.8,5.0,4.0,1.1,0.1,2.0,0.8,5.4,0.8,1.6,0.3,1.6,0.4,1.6,4.6,6.6,3.5,0.2,4.9,1.1,7.5,1.2,1.4,1.5,7.1,1.3,0.5,3.0,0.6,3.0,2.8,2.8,1.8,0.6,0.3,1.2,0.5,0.1
2017-05-27 21:30:00+02:00,0.4,0.8,0.0,1.2,6.6,4.8,3.9,0.8,0.1,1.8,1.0,5.1,0.6,1.4,0.4,1.5,0.2,1.4,4.4,6.5,3.3,0.3,4.7,0.9,7.4,1.3,1.4,1.3,7.0,1.0,0.6,2.8,0.6,3.0,2.8,2.7,1.8,0.6,0.3,1.2,0.4,0.1
2017-05-27 21:31:00+02:00,0.4,0.8,0.0,1.3,7.2,5.5,4.6,0.8,0.1,1.8,0.9,5.8,0.6,2.1,0.4,1.5,0.2,2.0,5.0,7.0,4.1,0.3,5.4,0.9,7.9,1.2,1.6,1.3,7.5,1.0,0.6,3.6,0.5,3.2,3.0,2.9,2.0,0.6,0.3,1.3,0.4,0.1
2017-05-27 21:32:00+02:00,0.4,0.8,0.0,1.3,6.5,4.8,3.9,0.8,0.1,1.9,0.8,5.1,0.6,1.3,0.3,1.5,0.2,1.2,4.4,6.3,3.3,0.2,4.7,0.9,7.2,1.2,1.6,1.4,6.8,1.0,0.5,2.8,0.5,3.5,3.4,3.3,2.8,0.7,0.3,2.1,0.4,0.1
2017-05-27 21:33:00+02:00,0.4,1.0,0.0,2.5,7.4,6.1,5.1,0.9,0.1,1.9,0.8,6.3,0.7,1.3,0.3,1.6,0.2,1.2,5.6,7.2,4.6,0.2,5.9,1.0,8.1,0.9,2.8,1.4,7.7,1.0,0.5,4.1,0.7,3.7,3.5,3.4,2.9,0.7,0.3,2.3,0.3,0.1
2017-05-27 21:34:00+02:00,0.4,1.1,0.0,2.8,8.3,7.0,5.3,0.9,0.1,2.1,0.8,7.2,0.7,1.3,0.3,1.6,0.2,1.2,5.8,8.1,4.9,0.2,6.8,1.0,9.1,0.9,3.1,1.4,8.6,1.1,0.5,4.3,0.8,2.7,2.6,2.4,2.0,0.7,0.3,1.3,0.4,0.2
2017-05-27 21:35:00+02:00,0.4,1.1,0.0,2.8,8.3,7.0,5.3,0.9,0.1,2.1,0.8,7.2,0.7,1.3,0.3,1.6,0.2,1.3,5.8,8.1,4.9,0.2,6.8,1.0,8.9,0.9,3.1,1.4,8.6,1.1,0.5,4.4,0.8,3.1,2.9,2.8,2.3,0.7,0.3,1.7,0.6,0.2
2017-05-27 21:36:00+02:00,0.4,1.1,0.0,1.9,7.5,6.2,4.4,0.9,0.2,2.1,0.8,6.3,0.7,1.3,0.3,1.6,0.2,1.3,4.9,7.3,4.0,0.2,6.0,1.0,8.1,1.0,2.2,1.4,7.8,1.1,0.5,3.5,0.9,3.9,3.8,3.6,3.2,0.7,0.3,2.5,0.7,0.3
2017-05-27 21:37:00+02:00,0.4,1.1,0.0,1.7,7.3,6.1,4.3,1.0,0.2,2.1,0.7,6.2,0.7,1.5,0.2,1.6,0.2,1.4,4.8,7.2,3.9,0.2,5.9,1.0,8.0,1.0,2.0,1.4,7.7,1.2,0.5,3.4,0.9,3.6,3.5,3.3,2.9,0.7,0.3,2.2,0.7,0.2
2017-05-27 21:38:00+02:00,0.4,1.1,0.0,1.8,7.5,6.2,4.5,1.0,0.2,2.0,0.8,6.3,0.7,1.5,0.3,1.6,0.2,1.4,5.0,7.4,4.0,0.2,6.0,1.0,8.2,1.1,2.1,1.4,7.9,1.2,0.6,3.5,0.9,2.7,2.6,2.5,2.0,0.6,0.3,1.4,0.5,0.2
2017-05-27 21:39:00+02:00,0.5,1.1,0.0,1.9,8.1,6.4,4.5,1.0,0.2,2.1,1.0,6.6,0.7,1.4,0.4,1.7,0.2,1.4,5.0,7.9,4.0,0.2,6.3,1.1,8.8,1.3,2.2,1.5,8.5,1.2,0.8,3.5,0.9,2.7,2.6,2.4,2.0,0.7,0.4,1.3,0.4,0.1
2017-05-27 21:40:00+02:00,0.5,1.1,0.0,1.9,8.6,6.7,4.8,1.0,0.2,2.7,1.2,7.0,0.8,1.4,0.6,2.3,0.2,1.4,5.3,8.4,4.0,0.2,6.6,1.2,9.3,1.5,2.2,2.1,9.0,1.2,0.9,3.6,0.9,3.2,3.1,3.0,2.6,0.6,0.3,2.0,0.4,0.1
2017-05-27 21:41:00+02:00,0.7,1.1,0.0,1.8,8.4,6.6,4.7,1.0,0.2,3.0,1.0,6.8,0.8,1.5,0.6,2.6,0.2,1.4,5.2,8.3,4.1,0.2,6.4,1.4,9.1,1.4,2.1,2.4,8.8,1.2,0.8,3.5,0.9,2.1,2.0,1.9,1.5,0.6,0.3,0.9,0.4,0.1
2017-05-27 21:42:00+02:00,0.4,1.0,0.0,1.8,8.1,6.3,4.7,1.3,0.2,2.8,1.1,6.6,0.8,1.7,0.6,2.4,0.3,1.6,5.2,8.0,4.2,0.2,6.2,1.1,8.7,1.4,2.0,2.1,8.5,1.4,0.8,3.7,0.8,2.1,2.0,1.9,1.5,0.6,0.3,0.9,0.4,0.1
2017-05-27 21:43:00+02:00,0.4,0.9,0.0,1.7,8.3,6.4,4.8,1.2,0.1,2.7,1.1,6.6,0.8,1.9,0.6,2.2,0.3,1.6,5.3,8.1,4.3,0.2,6.2,1.0,8.9,1.4,1.9,2.0,8.6,1.5,0.8,3.8,0.7,2.1,2.0,1.9,1.5,0.6,0.3,0.9,0.4,0.1
2017-05-27 21:44:00+02:00,0.4,0.9,0.0,1.7,9.0,7.1,5.3,1.1,0.1,2.5,1.1,7.3,0.8,2.6,0.6,2.0,0.3,1.5,5.8,8.8,4.9,0.2,6.8,0.9,9.6,1.4,1.9,1.8,9.4,1.3,0.8,4.4,0.7,2.1,2.0,1.9,1.5,0.6,0.3,0.9,0.4,0.1
2017-05-27 21:45:00+02:00,0.4,0.9,0.0,1.7,9.5,7.6,5.9,1.0,0.1,2.0,1.1,7.9,0.8,3.2,0.6,1.5,0.3,1.4,6.4,9.3,5.4,0.2,7.3,1.2,10.2,1.5,1.9,1.3,9.9,1.3,0.8,5.0,0.7,2.2,2.1,2.0,1.6,0.7,0.3,1.0,0.5,0.1
2017-05-27 21:46:00+02:00,0.4,0.9,0.0,1.7,10.0,8.1,6.2,1.1,0.1,1.9,1.2,8.3,0.9,3.3,0.6,1.3,0.4,1.6,6.8,9.8,5.8,0.2,7.7,1.0,10.7,1.6,2.1,1.1,10.4,1.4,0.9,5.4,0.7,2.3,2.2,2.0,1.7,0.7,0.3,1.0,0.5,0.2
2017-05-27 21:47:00+02:00,0.4,1.0,0.0,1.7,11.2,8.7,6.8,1.1,0.1,1.4,1.8,8.9,0.9,3.3,0.6,0.9,0.4,1.6,7.4,11.0,6.4,0.2,8.3,0.6,11.9,2.1,2.7,0.7,11.6,1.4,0.9,6.0,0.8,3.3,3.1,3.0,1.7,0.7,0.3,1.0,0.5,0.1
2017-05-27 21:48:00+02:00,0.4,0.8,0.0,1.5,10.1,8.1,6.3,1.2,0.1,1.9,1.4,8.4,1.0,3.3,0.5,1.5,0.4,1.6,6.8,10.1,5.9,0.2,7.8,1.2,10.9,1.7,2.2,1.2,10.5,1.4,0.8,5.4,0.6,3.4,3.3,3.1,1.7,0.7,0.3,1.0,0.5,0.1
2017-05-27 21:49:00+02:00,0.4,0.8,0.0,1.6,8.4,6.7,5.0,1.2,0.1,1.7,1.2,6.9,1.0,2.1,0.5,1.3,0.4,1.6,5.5,8.3,4.7,0.2,6.3,1.0,9.1,1.4,2.2,1.1,8.7,1.4,0.8,4.2,0.6,3.4,3.3,3.1,1.7,0.7,0.3,1.0,0.5,0.1
2017-05-27 21:50:00+02:00,0.4,0.9,0.0,1.6,9.7,8.1,5.5,1.2,0.2,1.6,1.2,8.3,1.0,2.1,0.5,1.2,0.5,1.6,6.0,9.7,5.2,0.2,7.7,1.0,10.4,1.4,2.8,1.0,10.1,1.4,0.8,4.8,0.7,3.3,3.2,3.0,1.7,0.7,0.3,1.0,0.4,0.1
2017-05-27 21:51:00+02:00,0.4,0.8,0.0,2.2,8.6,6.9,5.6,1.2,0.2,1.5,1.2,7.1,1.0,2.0,0.5,1.1,0.5,1.5,6.1,8.6,5.3,0.2,6.6,0.8,9.3,1.4,2.9,0.9,9.0,1.4,0.8,4.9,0.6,3.3,3.2,3.1,1.7,0.7,0.3,1.0,0.4,0.1
2017-05-27 21:52:00+02:00,0.4,0.8,0.0,2.4,9.0,7.4,6.0,1.2,0.1,1.6,1.2,7.6,1.0,2.0,0.6,1.3,0.5,1.6,6.5,9.0,5.8,0.2,7.1,1.0,9.7,1.4,3.4,1.1,9.4,1.4,0.8,5.3,0.6,3.3,3.2,3.1,1.7,0.7,0.3,1.0,0.4,0.1
2017-05-27 21:53:00+02:00,0.4,0.8,0.0,2.4,9.0,7.2,5.8,1.3,0.1,1.8,1.3,7.4,1.0,2.1,0.6,1.5,0.5,1.7,6.4,8.9,5.6,0.2,6.9,1.2,9.6,1.5,3.1,1.2,9.3,1.5,0.8,5.2,0.6,3.4,3.3,3.2,1.7,0.7,0.3,1.0,0.4,0.1
2017-05-27 21:54:00+02:00,0.4,0.8,0.0,1.8,8.6,6.7,5.3,1.2,0.1,1.3,1.5,6.9,1.0,2.0,0.8,1.0,0.4,1.6,5.9,8.6,5.1,0.2,6.4,0.6,9.2,1.7,2.6,0.7,9.0,1.4,1.1,4.6,0.6,3.2,3.0,2.9,1.4,0.5,0.2,1.0,0.4,0.1
2017-05-27 21:55:00+02:00,0.3,0.8,0.0,1.3,9.1,7.2,5.7,1.2,0.1,2.0,1.4,7.4,1.0,2.0,0.8,1.6,0.4,1.6,6.3,9.0,5.5,0.2,6.9,0.9,9.7,1.6,1.7,1.3,9.4,1.4,1.1,3.7,0.7,3.1,2.9,2.8,1.4,0.5,0.2,0.9,0.4,0.2
2017-05-27 21:56:00+02:00,0.8,0.8,0.0,1.3,7.6,6.2,4.6,1.1,0.1,2.9,1.0,6.4,0.9,1.9,0.3,2.5,0.4,1.5,5.3,7.6,4.4,0.2,5.9,1.8,8.2,1.2,2.0,2.2,7.9,1.3,0.6,3.9,0.6,3.1,2.9,2.8,1.4,0.5,0.2,0.9,0.5,0.2
2017-05-27 21:57:00+02:00,0.4,0.8,0.0,1.3,7.6,6.1,4.6,1.0,0.1,2.5,0.9,6.4,0.8,1.7,0.3,2.1,0.3,1.4,5.3,7.5,4.3,0.2,5.8,1.4,8.6,1.1,2.3,1.8,8.3,1.2,0.6,4.0,0.6,3.2,3.0,2.9,1.5,0.7,0.4,0.8,0.5,0.2
2017-05-27 21:58:00+02:00,0.4,1.0,0.0,1.5,8.0,6.5,5.0,0.9,0.1,1.9,0.8,6.8,0.7,2.4,0.3,1.5,0.3,1.3,5.7,7.9,4.7,0.2,6.2,0.8,8.8,1.1,2.0,1.2,8.5,1.1,0.6,4.3,0.8,3.9,3.7,3.6,2.3,1.4,1.2,0.8,0.4,0.2
2017-05-27 21:59:00+02:00,0.4,1.8,0.0,2.3,8.7,7.2,5.6,0.6,0.1,2.0,0.9,7.4,0.4,2.3,0.3,1.6,0.3,1.0,6.3,8.5,5.3,0.2,6.8,1.0,9.2,1.1,2.6,1.4,8.9,0.8,0.6,4.9,1.6,3.8,3.7,3.6,2.1,1.3,1.0,0.8,0.4,0.1
2017-05-27 22:00:00+02:00,0.4,1.3,0.0,1.7,9.0,7.5,5.8,0.6,0.1,3.2,0.9,7.8,0.4,2.2,0.3,2.8,0.3,1.0,6.4,8.9,5.6,0.2,6.9,2.4,9.5,1.1,2.1,2.6,9.3,0.8,0.6,4.3,0.8,3.0,2.8,2.7,1.2,0.4,0.2,0.8,0.4,0.1
2017-05-27 22:01:00+02:00,0.4,1.8,0.0,2.4,8.9,7.4,6.5,0.6,0.1,3.4,0.9,7.7,0.4,2.2,0.3,3.0,0.3,1.0,6.9,8.8,6.2,0.2,7.4,2.5,9.4,1.1,2.7,2.7,9.2,0.8,0.6,5.0,0.6,3.0,2.8,2.7,1.2,0.4,0.2,0.8,0.4,0.1
2017-05-27 22:02:00+02:00,0.4,1.4,0.0,2.1,9.2,7.6,6.7,1.4,0.1,3.4,1.0,7.8,1.1,3.1,0.3,3.0,0.3,1.8,7.0,9.0,6.4,0.2,7.5,2.1,10.1,1.2,2.5,2.7,9.4,1.6,0.6,5.6,0.9,2.1,1.9,1.9,1.3,0.5,0.2,0.8,0.4,0.1
2017-05-27 22:03:00+02:00,0.4,1.0,0.0,1.4,6.3,4.8,3.9,1.0,0.1,2.9,0.8,5.0,0.7,1.7,0.3,2.5,0.3,1.4,4.2,6.1,3.6,0.2,4.7,1.5,6.9,1.1,1.8,2.2,6.5,1.2,0.6,3.5,0.8,2.0,1.8,1.7,1.3,0.5,0.2,0.8,0.4,0.1
2017-05-27 22:04:00+02:00,0.4,0.8,0.0,1.2,6.8,5.3,4.5,1.8,0.1,2.4,0.8,5.6,1.6,2.4,0.3,2.0,0.3,2.1,4.9,6.6,4.2,0.2,5.3,1.5,7.5,1.1,1.6,1.8,7.1,1.9,0.6,4.0,0.7,2.0,1.8,1.7,1.2,0.5,0.2,0.7,0.3,0.1
2017-05-27 22:05:00+02:00,0.4,0.9,0.0,1.3,7.3,5.8,4.9,1.6,0.2,2.3,0.8,6.1,1.4,2.2,0.3,1.9,0.3,1.9,5.3,7.1,4.6,0.2,5.7,1.4,7.9,1.1,1.8,1.7,7.6,1.7,0.6,3.9,0.8,2.9,2.7,2.6,2.2,0.5,0.2,1.7,1.3,1.1
2017-05-27 22:06:00+02:00,0.4,0.9,0.0,1.5,7.2,5.7,4.8,0.7,0.2,2.3,0.8,5.9,0.5,1.4,0.3,1.9,0.3,1.1,5.2,7.0,4.5,0.2,5.6,1.4,7.8,1.1,2.0,1.7,7.5,0.8,0.6,3.3,0.8,3.6,3.4,3.4,2.9,0.5,0.2,2.4,2.0,1.8
2017-05-27 22:07:00+02:00,0.4,0.9,0.0,1.5,6.7,5.0,4.0,0.7,0.2,2.2,0.8,5.2,0.5,1.5,0.3,1.9,0.3,1.3,4.5,6.5,3.6,0.2,4.9,1.4,7.2,1.3,2.0,1.6,6.9,1.0,0.6,3.5,0.8,3.8,3.6,3.4,3.0,0.5,0.2,2.5,2.1,1.9
2017-05-27 22:08:00+02:00,0.4,0.9,0.0,1.5,6.9,5.3,4.3,0.7,0.1,2.3,0.8,5.4,0.5,1.6,0.3,1.9,0.3,1.3,4.8,6.7,4.0,0.1,5.2,1.4,7.8,1.3,2.0,1.6,7.4,0.9,0.6,3.6,0.8,3.9,3.8,3.5,3.1,0.6,0.2,2.5,2.1,2.0
2017-05-27 22:09:00+02:00,0.4,1.0,0.0,2.2,7.9,6.2,5.4,1.1,0.1,2.2,0.8,6.4,0.9,1.9,0.3,1.8,0.3,1.7,5.7,7.7,5.1,0.1,6.1,1.4,8.6,1.3,2.6,1.6,8.3,1.3,0.6,4.6,0.8,4.4,4.2,3.9,3.5,0.8,0.4,2.7,2.3,2.2
2017-05-27 22:10:00+02:00,0.5,1.2,0.0,2.6,8.8,6.7,6.0,1.1,0.1,2.4,1.0,7.0,0.9,2.0,0.3,2.0,0.3,1.7,6.2,8.5,5.6,0.1,6.6,1.5,9.3,1.5,3.1,1.8,8.9,1.3,0.8,5.1,0.8,4.0,3.8,3.5,3.0,0.7,0.3,2.3,1.9,1.4
2017-05-27 22:11:00+02:00,0.6,1.2,0.0,2.6,8.1,6.4,5.5,0.9,0.1,2.4,0.8,6.7,0.7,1.8,0.3,2.0,0.3,1.5,5.8,8.0,5.2,0.1,6.3,1.5,9.0,1.3,3.1,1.9,8.6,1.1,0.6,4.9,0.8,3.7,3.5,3.3,2.8,0.7,0.3,2.1,1.6,1.3
2017-05-27 22:12:00+02:00,0.6,1.1,0.0,2.6,8.4,6.7,5.8,1.0,0.1,2.5,0.8,7.0,0.7,2.3,0.3,2.1,0.2,1.5,6.1,8.3,5.5,0.1,6.6,1.6,9.4,1.3,3.1,1.9,9.1,1.2,0.6,5.4,0.8,3.5,3.3,3.2,2.7,0.7,0.3,2.0,1.0,0.7
2017-05-27 22:13:00+02:00,0.6,1.1,0.0,2.6,9.9,8.2,7.3,1.5,0.1,2.5,0.8,8.5,1.2,3.8,0.3,2.1,0.3,2.0,7.6,9.8,7.0,0.1,8.1,1.6,11.0,1.3,3.1,1.9,10.7,1.6,0.6,6.9,0.8,3.3,3.1,3.0,2.5,0.7,0.3,1.8,1.2,0.7
2017-05-27 22:14:00+02:00,0.6,1.1,0.0,1.9,8.9,7.2,6.3,1.0,0.1,2.5,0.8,7.4,0.8,3.5,0.3,2.0,0.3,1.6,6.6,8.7,6.0,0.1,7.0,1.6,9.7,1.4,2.3,1.8,9.4,1.2,0.6,5.8,0.7,2.9,2.7,2.6,2.1,0.7,0.3,1.4,0.9,0.6
2017-05-27 22:15:00+02:00,0.6,1.0,0.0,1.5,8.9,7.3,6.3,1.0,0.1,2.0,0.8,7.4,0.8,3.4,0.3,1.6,0.3,1.6,6.6,8.8,6.0,0.1,7.1,1.1,9.6,1.4,2.0,1.4,9.3,1.2,0.6,5.4,0.7,2.6,2.4,2.4,1.9,0.6,0.3,1.2,0.7,0.5
2017-05-27 22:16:00+02:00,0.6,1.0,0.0,1.5,9.5,8.1,6.7,1.6,0.1,2.0,0.9,8.3,1.3,4.0,0.3,1.6,0.3,2.1,6.9,9.4,6.4,0.1,8.0,1.1,10.4,1.1,1.8,1.4,10.1,1.8,0.6,5.8,0.7,2.7,2.5,2.4,1.7,0.6,0.3,1.1,0.6,0.4
2017-05-27 22:17:00+02:00,0.7,1.0,0.0,1.6,10.3,8.9,6.4,1.2,0.1,2.2,1.0,9.1,0.9,3.6,0.3,1.7,0.3,1.7,6.6,10.2,6.1,0.1,8.7,1.3,11.4,1.1,1.9,1.6,11.2,1.4,0.6,5.5,0.7,3.5,3.3,3.1,1.7,0.6,0.3,1.1,0.6,0.4
2017-05-27 22:18:00+02:00,0.8,0.7,0.0,1.3,9.2,8.0,5.6,1.0,0.1,2.2,0.8,8.2,0.7,3.0,0.3,1.8,0.3,1.5,5.8,9.1,5.3,0.1,7.8,1.3,10.0,0.9,1.6,1.6,9.8,1.2,0.6,4.7,0.5,3.4,3.2,3.0,1.7,0.6,0.3,1.1,0.6,0.4
2017-05-27 22:19:00+02:00,0.7,0.7,0.0,1.4,6.7,5.5,4.9,0.9,0.1,2.3,0.8,5.6,0.7,2.2,0.3,1.8,0.3,1.5,5.1,6.5,4.5,0.2,5.3,1.3,7.0,0.9,1.7,1.6,6.8,1.1,0.7,3.9,0.5,2.4,2.2,2.1,1.8,0.6,0.4,1.1,0.6,0.4
2017-05-27 22:20:00+02:00,0.7,1.0,0.0,1.6,6.8,5.6,5.1,0.9,0.1,2.4,0.8,5.8,0.7,2.1,0.3,1.9,0.3,1.5,5.3,6.7,4.7,0.2,5.4,1.3,7.3,0.9,2.0,1.6,7.1,1.1,0.7,4.1,0.8,2.3,2.1,2.0,1.8,0.6,0.4,1.2,0.7,0.5
2017-05-27 22:21:00+02:00,0.7,0.7,0.0,1.5,6.9,5.4,4.9,0.9,0.1,2.3,0.8,5.6,0.7,2.2,0.3,1.9,0.3,1.5,5.1,6.7,4.6,0.2,5.3,1.3,7.7,1.1,1.8,1.6,7.4,1.1,0.7,4.0,0.5,2.3,2.1,2.0,1.8,0.6,0.4,1.2,0.7,0.5
2017-05-27 22:22:00+02:00,0.8,0.8,0.0,1.7,7.1,5.6,5.0,0.9,0.1,2.4,0.9,5.8,0.7,2.2,0.3,1.9,0.2,1.6,5.2,6.9,4.7,0.2,5.5,1.4,7.9,1.1,2.0,1.7,7.6,1.2,0.7,4.2,0.6,2.2,2.0,1.9,1.7,0.6,0.4,1.2,0.7,0.5
2017-05-27 22:23:00+02:00,0.8,1.0,0.0,1.9,7.2,5.7,5.2,0.8,0.1,2.2,0.9,5.9,0.6,2.2,0.3,1.9,0.1,1.5,5.4,7.0,4.9,0.2,5.6,1.3,7.9,1.1,2.2,1.6,7.6,1.1,0.7,4.4,0.8,2.0,1.9,1.8,1.7,0.5,0.4,1.1,0.7,0.4
2017-05-27 22:24:00+02:00,0.8,1.3,0.0,2.2,7.3,5.8,5.4,0.8,0.1,2.2,0.9,6.0,0.5,2.1,0.3,1.8,0.1,1.5,5.6,7.1,5.1,0.2,5.8,1.3,8.2,1.1,2.5,1.6,8.0,1.1,0.6,4.6,1.0,3.0,2.9,2.8,2.7,1.5,0.4,1.2,0.7,0.4
2017-05-27 22:25:00+02:00,1.2,1.0,0.0,1.9,6.8,5.4,5.1,0.8,0.1,2.7,0.9,5.5,0.5,2.1,0.3,2.3,0.1,1.4,5.2,6.6,4.8,0.2,5.3,1.7,7.8,1.1,2.2,2.1,7.5,1.1,0.6,4.3,0.6,3.4,3.0,2.9,2.7,1.5,0.4,1.3,0.7,0.4
2017-05-27 22:26:00+02:00,0.9,1.0,0.0,1.9,6.8,5.5,5.1,0.8,0.1,2.4,0.9,5.6,0.5,2.1,0.3,2.0,0.1,1.4,5.3,6.7,4.8,0.2,5.4,1.5,7.8,1.1,2.3,1.8,7.6,1.1,0.7,4.3,0.6,3.6,2.8,2.7,2.6,1.3,0.4,1.3,0.7,0.4
2017-05-27 22:27:00+02:00,0.6,1.0,0.0,1.9,6.8,5.3,4.9,0.8,0.1,2.1,0.9,5.5,0.6,2.0,0.3,1.8,0.1,1.5,5.1,6.6,4.7,0.2,5.3,1.2,7.7,1.1,2.2,1.6,7.4,1.1,0.7,4.2,0.6,3.1,3.0,2.9,2.6,1.4,0.4,1.2,0.7,0.4
2017-05-27 22:28:00+02:00,0.6,1.0,0.0,1.8,6.4,5.0,4.6,0.9,0.1,2.1,0.8,5.1,0.7,1.7,0.3,1.8,0.3,1.5,4.8,6.2,4.4,0.2,4.9,1.2,7.3,1.0,2.2,1.6,7.0,1.2,0.6,3.9,0.6,4.0,3.9,3.8,3.6,1.3,0.4,2.4,1.6,1.3
2017-05-27 22:29:00+02:00,0.7,1.0,0.0,1.8,6.5,5.1,4.5,0.8,0.1,2.7,0.9,5.2,0.6,1.6,0.3,1.8,0.3,1.4,4.7,6.3,4.3,0.2,4.9,1.2,7.4,1.1,2.2,1.6,7.2,1.1,0.6,3.8,0.6,4.9,4.8,4.7,4.4,1.4,0.4,3.1,2.0,1.8
2017-05-27 22:30:00+02:00,0.7,1.0,0.0,2.0,6.9,5.3,4.7,0.8,0.3,1.9,0.9,5.4,0.6,1.5,0.3,1.4,0.3,1.3,4.9,6.7,4.5,0.2,5.0,0.9,7.9,1.3,2.3,1.3,7.6,1.1,0.6,3.9,0.7,4.6,4.5,4.3,4.2,1.3,0.4,2.8,2.2,1.9
2017-05-27 22:31:00+02:00,0.7,1.1,0.0,2.0,7.1,5.3,4.8,0.8,0.2,1.7,0.8,5.4,0.6,1.6,0.4,1.4,0.3,1.4,5.0,6.9,4.6,0.2,5.1,0.9,8.0,1.5,2.3,1.3,7.7,1.1,0.6,3.9,0.7,4.9,4.8,4.6,4.5,1.5,0.4,3.0,2.3,2.0
2017-05-27 22:32:00+02:00,0.7,1.5,0.0,2.4,6.9,5.6,5.1,0.9,0.2,1.8,0.8,5.7,0.6,1.5,0.3,1.4,0.3,1.3,5.3,6.7,4.9,0.2,5.4,0.9,7.5,1.0,2.7,1.3,7.2,1.1,0.5,4.2,1.1,5.2,5.1,5.0,4.5,1.6,0.4,2.9,2.2,1.9
2017-05-27 22:33:00+02:00,0.6,1.3,0.0,2.2,7.1,5.5,5.0,1.0,0.3,1.8,0.7,5.6,0.7,1.6,0.3,1.4,0.3,1.4,5.1,6.9,4.7,0.1,5.3,0.9,7.7,1.3,2.5,1.2,7.4,1.3,0.5,4.1,0.9,5.0,4.9,4.8,4.0,1.3,0.4,2.7,2.0,1.7
2017-05-27 22:34:00+02:00,0.6,2.3,0.1,3.2,7.7,6.5,5.9,1.0,1.3,1.7,0.7,6.6,0.7,1.6,0.4,1.3,0.3,1.4,6.1,7.6,5.6,0.2,6.2,0.8,8.4,1.0,3.5,1.1,8.1,1.2,0.6,5.0,1.9,4.6,4.5,4.4,3.5,1.1,0.4,2.4,1.7,1.4
2017-05-27 22:35:00+02:00,0.6,1.4,0.1,1.9,6.5,5.2,4.6,1.0,0.4,1.8,0.8,5.3,0.7,1.6,0.4,1.3,0.3,1.4,4.8,6.3,4.3,0.2,5.0,0.8,7.1,1.0,2.1,1.2,6.8,1.3,0.6,3.7,1.0,3.4,3.2,3.1,2.6,1.1,0.4,1.5,0.8,0.5
2017-05-27 22:36:00+02:00,0.7,1.4,0.1,3.4,8.1,6.8,6.2,1.0,0.3,1.9,0.7,6.9,0.7,1.6,0.4,1.5,0.3,1.4,6.4,8.0,5.9,0.2,6.6,0.9,8.8,1.0,3.7,1.3,8.5,1.3,0.6,5.3,1.0,3.6,3.5,3.4,2.5,1.1,0.4,1.4,0.7,0.4
2017-05-27 22:37:00+02:00,0.6,1.4,0.0,3.8,8.6,7.1,6.5,1.0,0.4,1.9,0.9,7.3,0.7,1.7,0.3,1.5,0.3,1.5,6.7,8.4,6.3,0.1,6.9,0.9,10.0,1.1,4.0,1.3,9.7,1.3,0.5,5.7,1.0,3.6,3.5,3.4,2.5,1.2,0.4,1.4,0.8,0.4
2017-05-27 22:38:00+02:00,0.6,1.4,0.0,3.7,9.3,7.9,7.3,1.0,0.3,1.8,0.8,8.1,0.7,2.5,0.3,1.5,0.3,2.3,7.5,9.2,7.1,0.1,7.7,0.9,11.3,1.1,4.0,1.3,11.0,1.3,0.5,6.5,1.0,3.3,3.2,3.1,2.5,1.1,0.4,1.4,0.8,0.4
2017-05-27 22:39:00+02:00,0.6,1.4,0.0,3.7,9.4,8.1,7.5,0.9,0.3,1.8,0.8,8.3,0.6,2.7,0.3,1.5,0.3,2.5,7.7,9.3,7.2,0.1,7.9,0.9,10.7,1.1,4.0,1.3,10.3,1.3,0.4,6.7,1.0,3.3,3.1,3.0,2.3,1.0,0.6,1.3,0.7,0.4
2017-05-27 22:40:00+02:00,0.4,1.2,0.0,3.6,8.3,7.0,6.5,1.1,0.3,1.6,0.7,7.1,0.6,1.8,0.2,1.2,0.3,1.7,6.6,8.1,6.2,0.1,6.8,0.6,8.9,1.0,3.9,1.1,8.6,1.4,0.4,5.7,0.9,3.5,3.3,3.2,2.4,1.0,0.6,1.3,0.7,0.5
2017-05-27 22:41:00+02:00,0.4,1.3,0.0,3.6,8.4,7.2,6.7,1.3,0.3,1.6,0.6,7.3,0.6,1.9,0.2,1.2,0.3,1.8,6.8,8.2,6.4,0.1,7.0,0.6,9.1,0.9,3.9,1.0,8.7,1.6,0.4,5.8,1.0,3.4,3.2,3.1,2.3,1.0,0.5,1.3,0.8,0.5
2017-05-27 22:42:00+02:00,0.4,1.3,0.0,3.3,8.1,7.0,6.5,0.9,0.4,1.7,0.6,7.1,0.6,2.1,0.2,1.3,0.3,1.4,6.6,8.0,6.2,0.1,6.8,0.6,9.7,0.9,3.5,1.1,9.4,1.2,0.4,5.6,0.9,3.1,3.0,2.8,2.2,1.0,0.5,1.3,0.7,0.5
2017-05-27 22:43:00+02:00,0.6,1.4,0.0,1.6,6.0,4.8,4.3,0.9,0.4,1.9,0.7,4.9,0.6,1.6,0.3,1.5,0.3,1.4,4.5,5.9,4.0,0.1,4.6,0.9,7.7,1.0,1.9,1.3,7.4,1.2,0.4,3.5,1.0,3.7,3.5,3.4,2.2,1.0,0.6,1.2,0.7,0.4
2017-05-27 22:44:00+02:00,1.4,1.6,0.0,1.8,6.9,5.3,4.5,0.9,0.6,2.7,1.1,5.4,0.6,1.6,0.7,2.3,0.3,1.3,4.7,6.8,4.3,0.1,4.8,1.7,8.6,1.4,2.1,2.2,8.3,1.2,0.8,3.7,1.2,4.9,4.7,4.6,2.8,1.0,0.6,1.9,1.4,1.1
2017-05-27 22:45:00+02:00,1.4,1.6,0.0,1.8,6.6,5.3,4.5,0.9,0.6,2.7,0.8,5.4,0.6,1.6,0.4,2.3,0.3,1.4,4.7,6.5,4.3,0.1,4.8,1.8,8.2,1.1,2.1,2.2,7.9,1.2,0.5,3.7,1.2,4.1,4.0,3.8,3.0,0.8,0.4,2.2,1.7,1.5
2017-05-27 22:46:00+02:00,0.7,1.4,0.0,1.7,6.7,5.1,4.3,0.8,0.6,2.1,1.1,5.2,0.5,1.5,0.6,1.7,0.3,1.3,4.5,6.6,4.1,0.1,4.7,1.2,8.4,1.4,2.0,1.6,8.0,1.1,0.8,3.5,1.0,4.3,4.1,4.0,3.1,0.8,0.4,2.4,1.8,1.5
2017-05-27 22:47:00+02:00,0.5,1.5,0.0,1.8,6.2,5.0,4.3,0.8,0.7,1.8,0.7,5.1,0.5,1.4,0.2,1.4,0.3,1.3,4.5,6.1,4.1,0.1,4.6,0.9,8.0,1.0,2.0,1.3,7.6,1.1,0.4,3.5,1.1,4.6,4.4,4.2,3.1,0.8,0.5,2.3,1.8,1.4
2017-05-27 22:48:00+02:00,0.6,1.5,0.0,1.8,6.2,4.9,4.2,0.8,0.7,2.0,0.8,5.0,0.5,1.4,0.3,1.7,0.3,1.2,4.4,6.1,3.9,0.1,4.5,1.1,7.9,1.1,2.0,1.6,7.6,1.1,0.5,3.4,1.1,4.5,4.3,4.0,3.1,0.8,0.4,2.3,1.7,1.4
2017-05-27 22:49:00+02:00,0.6,2.0,0.0,2.3,6.9,5.6,4.7,0.8,0.7,1.9,0.8,5.7,0.5,1.4,0.3,1.6,0.3,1.3,4.9,6.8,4.5,0.1,5.3,1.0,8.5,1.1,2.5,1.5,8.2,1.1,0.5,3.9,1.6,4.3,4.1,3.8,3.1,0.8,0.5,2.3,1.8,1.4
2017-05-27 22:50:00+02:00,0.5,2.1,0.0,2.4,7.1,5.9,4.9,0.8,0.2,1.8,0.7,6.0,0.5,1.5,0.3,1.4,0.3,1.3,5.2,7.0,4.7,0.1,5.6,0.9,7.7,1.0,2.7,1.3,7.5,1.1,0.5,4.1,1.7,3.6,3.5,3.2,2.3,0.6,0.3,1.7,1.2,0.8
2017-05-27 22:51:00+02:00,0.4,1.0,0.0,2.3,7.2,5.9,4.9,0.8,0.2,1.7,0.7,6.0,0.5,1.5,0.3,1.4,0.3,1.3,5.1,7.0,4.6,0.1,5.5,0.9,8.4,1.1,2.6,1.3,8.2,1.1,0.4,4.0,0.6,3.6,3.4,3.3,2.1,0.6,0.3,1.5,1.0,0.7
2017-05-27 22:52:00+02:00,0.4,1.0,0.1,2.6,7.5,6.1,5.1,0.8,0.2,1.7,0.7,6.2,0.5,1.4,0.3,1.3,0.3,1.3,5.4,7.4,4.8,0.2,5.8,0.9,8.9,1.1,2.8,1.2,8.7,1.1,0.5,4.3,0.6,3.4,3.3,3.2,2.1,0.6,0.3,1.5,1.0,0.7
2017-05-27 22:53:00+02:00,0.4,1.0,0.1,2.3,7.9,6.6,5.6,0.8,0.2,1.7,0.7,6.7,0.5,2.2,0.3,1.4,0.3,2.1,5.8,7.8,5.3,0.2,6.2,0.9,8.4,1.1,2.6,1.3,8.2,1.1,0.5,4.8,0.6,3.3,3.1,3.0,2.1,0.6,0.3,1.6,1.0,0.8
2017-05-27 22:54:00+02:00,0.4,0.9,0.0,2.0,7.7,6.5,5.4,0.8,0.2,1.6,0.7,6.7,0.5,2.3,0.3,1.3,0.2,2.2,5.7,7.6,5.1,0.1,6.1,0.9,8.3,1.0,2.3,1.3,8.1,1.1,0.4,4.6,0.6,3.7,3.7,3.5,2.6,1.1,0.8,1.5,1.1,0.8
2017-05-27 22:55:00+02:00,0.7,0.9,0.0,2.0,7.1,5.7,4.6,0.9,0.2,1.7,0.8,5.9,0.7,1.5,0.3,1.4,0.2,1.4,4.9,6.9,4.3,0.1,5.3,1.2,7.6,1.1,2.3,1.3,7.4,1.2,0.4,3.8,0.6,3.5,3.4,3.2,2.2,0.4,0.1,1.8,1.1,0.8
2017-05-27 22:56:00+02:00,0.8,0.9,0.0,2.0,7.5,6.0,4.9,1.3,0.2,1.7,0.8,6.2,1.0,1.8,0.3,1.4,0.2,1.7,5.2,7.4,4.6,0.1,5.6,1.2,8.0,1.2,2.3,1.4,7.8,1.5,0.5,4.1,0.6,3.2,3.1,2.9,2.0,0.4,0.2,1.6,1.1,0.7
2017-05-27 22:57:00+02:00,0.8,0.9,0.0,2.0,7.5,6.0,4.9,1.2,0.2,1.7,0.8,6.2,1.0,1.8,0.4,1.4,0.2,1.6,5.1,7.3,4.6,0.1,5.6,1.2,8.0,1.1,2.3,1.3,7.8,1.4,0.5,4.0,0.6,3.0,2.8,2.7,2.0,0.5,0.2,1.5,1.0,0.7
2017-05-27 22:58:00+02:00,0.8,1.0,0.0,2.4,8.4,6.7,5.6,0.6,0.2,1.8,1.0,6.9,0.4,2.1,0.5,1.5,0.2,1.1,5.8,8.2,5.2,0.1,6.3,1.2,8.9,1.3,2.7,1.3,8.7,0.9,0.7,4.7,0.7,3.0,2.8,2.7,2.0,0.4,0.2,1.5,1.0,0.7
2017-05-27 22:59:00+02:00,0.8,2.2,0.0,3.8,10.7,8.9,7.1,0.8,0.2,1.7,1.0,9.1,0.6,2.0,0.5,1.4,0.3,1.3,7.3,10.5,6.7,0.1,7.9,1.2,11.2,1.3,4.1,1.3,11.0,1.1,0.7,6.1,1.9,4.1,3.9,3.8,2.7,1.3,1.0,1.5,1.0,0.7
2017-05-27 23:00:00+02:00,0.7,1.0,0.0,2.6,8.7,7.1,5.3,0.8,0.2,1.8,1.0,7.3,0.6,1.5,0.5,1.6,0.2,1.3,5.5,8.5,4.9,0.1,6.0,1.3,9.2,1.3,2.9,1.4,9.0,1.1,0.7,4.4,0.7,3.1,2.9,2.8,1.9,0.4,0.2,1.5,1.0,0.7
2017-05-27 23:01:00+02:00,0.5,0.9,0.0,2.2,7.5,6.0,4.8,0.8,0.2,1.6,0.9,6.1,0.6,1.5,0.5,1.3,0.2,1.2,5.0,7.3,4.5,0.1,5.6,1.1,8.0,1.2,2.5,1.2,7.8,1.1,0.6,4.0,0.6,3.3,3.1,2.9,2.3,0.4,0.2,1.8,1.3,1.1
2017-05-27 23:02:00+02:00,0.4,0.8,0.0,1.4,6.6,5.0,4.2,0.8,0.2,1.5,0.9,5.2,0.6,1.7,0.5,1.3,0.2,1.5,4.4,6.4,3.9,0.1,4.9,1.0,7.0,1.2,1.7,1.1,6.8,1.1,0.6,3.4,0.6,2.9,2.7,2.5,1.9,0.4,0.2,1.4,1.0,0.7
2017-05-27 23:03:00+02:00,0.4,0.9,0.0,1.5,6.8,5.2,4.3,0.8,0.2,1.8,1.1,5.3,0.6,1.7,0.5,1.6,0.2,1.5,4.5,6.7,4.0,0.2,5.0,1.0,7.3,1.3,1.8,1.4,7.1,1.1,0.7,3.5,0.7,2.8,2.6,2.4,1.9,0.5,0.2,1.4,1.0,0.7
2017-05-27 23:04:00+02:00,0.4,0.9,0.0,1.4,6.7,5.1,4.2,0.8,0.2,1.9,1.0,5.2,0.6,1.8,0.4,1.6,0.2,1.6,4.4,6.5,3.9,0.2,4.8,1.0,7.3,1.3,1.7,1.5,7.0,1.1,0.6,3.4,0.7,3.7,3.6,3.4,2.9,1.4,1.1,1.5,1.0,0.7
2017-05-27 23:05:00+02:00,0.4,0.9,0.0,1.4,6.6,5.2,4.3,0.9,0.1,1.5,0.8,5.3,0.6,1.8,0.3,1.3,0.2,1.6,4.5,6.4,4.0,0.2,4.9,1.0,7.2,1.1,1.7,1.2,6.9,1.1,0.5,3.5,0.6,3.1,3.0,2.8,2.3,1.0,0.7,1.4,0.9,0.6
2017-05-27 23:06:00+02:00,0.4,1.2,0.0,2.5,7.7,6.3,5.4,0.9,0.1,1.8,0.8,6.4,0.6,1.9,0.4,1.5,0.2,1.6,5.6,7.6,5.1,0.2,6.1,1.0,8.3,1.1,2.8,1.5,8.0,1.1,0.5,4.6,0.6,2.8,2.6,2.5,2.0,0.6,0.4,1.4,0.9,0.6
2017-05-27 23:07:00+02:00,0.4,1.1,0.0,2.8,7.9,6.5,5.6,0.9,0.1,2.2,0.8,6.6,0.6,1.8,0.3,1.8,0.2,1.6,5.7,7.7,5.3,0.2,6.2,1.0,8.4,1.1,3.0,1.8,8.1,1.1,0.4,4.8,0.6,2.9,2.8,2.7,2.2,0.8,0.5,1.4,0.9,0.7
2017-05-27 23:08:00+02:00,0.4,0.9,0.0,2.5,8.5,6.4,5.5,0.9,0.1,2.3,0.7,6.6,0.6,1.8,0.3,1.9,0.2,1.5,5.7,8.3,5.3,0.2,6.2,1.0,8.9,1.7,2.8,1.8,8.6,1.1,0.4,4.5,0.6,2.8,2.7,2.6,2.1,0.8,0.6,1.3,1.0,0.7
2017-05-27 23:09:00+02:00,0.4,1.1,0.0,2.7,8.7,6.5,5.8,0.9,0.1,1.8,0.9,6.7,0.6,1.8,0.3,1.4,0.2,1.5,5.9,8.5,5.5,0.2,6.4,1.0,9.0,1.8,2.9,1.3,8.8,1.1,0.4,4.7,0.8,4.4,4.3,4.1,3.6,2.5,2.4,1.1,1.0,0.7
2017-05-27 23:10:00+02:00,0.5,1.1,0.0,2.4,8.0,6.2,5.4,0.9,0.1,1.7,0.8,6.4,0.6,1.8,0.4,1.3,0.2,1.5,5.6,7.8,5.2,0.2,6.1,1.1,8.3,1.4,2.7,1.2,8.1,1.1,0.5,4.4,0.8,4.9,4.7,4.6,4.1,2.5,2.3,1.6,1.1,0.7
2017-05-27 23:11:00+02:00,0.5,1.1,0.0,1.4,6.5,5.0,4.3,0.8,0.1,1.7,0.9,5.2,0.6,1.7,0.3,1.3,0.2,1.4,4.4,6.4,4.0,0.2,4.9,1.1,6.8,1.1,1.6,1.2,6.7,1.1,0.4,3.3,0.8,5.2,5.1,4.9,4.5,2.5,2.3,1.9,1.1,0.7
2017-05-27 23:12:00+02:00,0.5,1.1,0.0,1.4,8.1,6.4,4.5,0.8,0.2,2.4,1.1,6.6,0.6,1.9,0.4,2.1,0.2,1.3,4.7,8.0,4.2,0.2,6.3,1.8,8.4,1.4,1.7,2.0,8.3,1.0,0.7,3.6,0.8,4.8,4.7,4.5,4.0,2.6,2.3,1.5,1.1,0.7
2017-05-27 23:13:00+02:00,0.5,1.2,0.0,1.5,9.7,7.5,5.3,0.7,0.2,2.6,1.6,7.8,0.5,2.6,0.6,2.3,0.1,1.2,5.4,9.6,5.0,0.2,7.4,2.1,10.0,1.8,1.7,2.2,9.9,0.9,1.2,4.3,0.9,4.7,4.6,4.5,4.0,2.5,2.3,1.5,1.0,0.7
2017-05-27 23:14:00+02:00,0.5,1.1,0.0,1.5,9.2,7.6,5.2,0.7,0.2,1.7,1.1,7.8,0.5,2.6,0.6,1.3,0.1,1.2,5.4,9.2,5.0,0.2,7.4,1.1,9.6,1.4,1.7,1.2,9.4,1.0,0.8,4.3,0.9,2.8,2.6,2.5,2.0,0.6,0.3,1.5,1.0,0.7
2017-05-27 23:15:00+02:00,0.5,1.1,0.0,1.4,8.8,7.3,5.0,0.7,0.2,1.3,1.0,7.5,0.5,2.5,0.5,0.9,0.1,1.2,5.1,8.7,4.7,0.2,7.1,0.7,9.1,1.2,1.7,0.8,9.0,1.0,0.7,4.2,0.9,2.8,2.7,2.6,2.1,0.6,0.3,1.5,1.1,0.7
2017-05-27 23:16:00+02:00,0.5,1.2,0.0,1.5,8.7,7.3,4.9,0.7,0.2,1.3,0.9,7.5,0.5,2.5,0.5,0.9,0.1,1.2,5.1,8.7,4.7,0.2,7.1,0.7,9.0,1.2,1.7,0.8,8.9,1.0,0.6,4.2,0.9,2.9,2.8,2.7,2.2,0.6,0.3,1.6,1.2,0.9
2017-05-27 23:17:00+02:00,0.5,1.2,0.0,2.6,9.9,8.4,6.1,0.7,0.2,1.3,0.9,8.6,0.5,2.3,0.5,0.9,0.1,1.3,6.3,9.8,5.8,0.2,8.2,0.7,10.1,1.2,2.8,0.8,10.0,1.0,0.6,5.1,0.9,2.7,2.5,2.4,2.1,0.5,0.3,1.6,1.2,0.8
2017-05-27 23:18:00+02:00,0.5,1.1,0.0,2.8,10.6,9.1,6.7,0.6,0.2,1.3,1.0,9.3,0.5,2.7,0.6,0.9,0.1,1.3,6.9,10.5,6.3,0.2,8.9,0.7,10.9,1.2,3.0,0.8,10.7,0.9,0.7,5.7,0.8,2.6,2.5,2.4,2.1,0.5,0.3,1.6,1.2,0.8
2017-05-27 23:19:00+02:00,0.5,1.1,0.0,1.8,7.9,6.5,5.7,0.6,0.2,1.4,1.0,6.7,0.5,2.6,0.6,1.0,0.1,1.3,5.9,7.9,5.3,0.2,6.2,0.7,8.3,1.2,2.1,0.8,8.1,1.0,0.7,4.7,0.8,2.7,2.5,2.4,2.1,0.6,0.3,1.6,1.1,0.8
2017-05-27 23:20:00+02:00,0.5,1.1,0.0,1.4,7.3,5.9,5.2,0.6,0.2,1.4,1.0,6.1,0.5,2.6,0.6,1.0,0.1,1.2,5.3,7.3,4.8,0.2,5.6,0.7,7.8,1.2,1.6,0.8,7.5,0.9,0.7,4.2,0.8,2.2,2.0,1.9,1.6,0.6,0.3,1.0,0.6,0.2
2017-05-27 23:21:00+02:00,0.5,1.0,0.0,1.2,7.3,5.5,4.7,0.6,0.1,1.4,1.0,5.7,0.5,2.3,0.6,1.0,0.1,1.2,4.9,7.2,4.4,0.2,5.2,0.7,7.7,1.6,1.5,0.8,7.3,0.9,0.8,3.8,0.7,2.0,1.8,1.7,1.4,0.6,0.3,0.8,0.4,0.1
2017-05-27 23:22:00+02:00,0.5,1.1,0.1,1.3,6.6,4.8,4.0,0.6,0.2,1.3,1.1,5.0,0.5,1.6,0.8,0.9,0.2,1.1,4.2,6.6,3.7,0.3,4.4,0.6,7.1,1.7,1.5,0.8,6.7,0.8,0.9,3.1,0.8,2.9,2.8,2.6,1.5,0.6,0.3,0.9,0.4,0.1
2017-05-27 23:23:00+02:00,0.5,1.1,0.2,1.3,6.9,5.1,4.4,0.6,0.2,1.4,1.0,5.3,0.5,1.8,0.7,0.9,0.2,1.1,4.5,6.8,4.0,0.4,4.8,0.6,7.4,1.6,1.6,0.8,7.0,0.8,0.8,3.3,0.8,3.2,3.1,2.9,1.7,0.8,0.5,0.9,0.4,0.1
2017-05-27 23:24:00+02:00,0.5,1.1,0.2,1.3,7.5,5.7,5.0,0.6,0.2,1.4,1.0,5.9,0.5,2.5,0.6,0.9,0.2,1.1,5.2,7.5,4.7,0.4,5.4,0.6,8.1,1.5,1.6,0.7,7.8,0.8,0.7,4.0,0.8,3.7,3.6,3.5,3.2,2.3,1.5,0.9,0.4,0.1
2017-05-27 23:25:00+02:00,0.4,1.2,0.2,1.4,7.7,5.8,5.1,0.6,0.2,1.3,1.0,6.0,0.5,2.5,0.7,0.9,0.2,1.1,5.2,7.6,4.7,0.4,5.5,0.6,8.3,1.6,1.7,0.7,7.9,0.8,0.8,4.1,0.9,3.4,3.3,3.2,2.9,2.1,1.5,0.8,0.4,0.1
2017-05-27 23:26:00+02:00,0.4,1.1,0.2,1.3,7.7,5.8,5.1,0.6,0.2,1.3,1.0,6.1,0.5,2.4,0.7,0.9,0.2,1.1,5.3,7.6,4.7,0.3,5.5,0.6,8.4,1.6,1.6,0.7,8.0,0.7,0.8,4.0,0.8,3.8,3.7,3.5,2.4,1.6,1.5,0.7,0.4,0.1
2017-05-27 23:27:00+02:00,0.4,1.1,0.2,1.4,7.7,5.7,5.0,0.7,0.2,1.3,1.0,6.0,0.5,2.2,0.6,0.8,0.1,1.1,5.1,7.6,4.5,0.3,5.4,0.6,8.4,1.6,1.7,0.7,8.0,0.8,0.8,3.8,0.9,3.4,3.3,3.1,2.7,1.9,1.7,0.9,0.5,0.2
2017-05-27 23:28:00+02:00,0.4,1.1,0.2,2.1,7.6,5.5,4.8,0.7,0.2,1.3,1.0,5.8,0.4,1.4,0.6,0.9,0.1,1.1,4.9,7.4,4.3,0.4,5.2,0.6,8.2,1.6,2.3,0.7,7.8,0.8,0.8,3.7,0.8,4.8,4.6,4.5,3.6,1.9,1.7,1.8,1.4,1.1
2017-05-27 23:29:00+02:00,0.4,1.0,0.2,2.1,7.2,5.2,4.7,0.6,0.1,1.3,1.0,5.4,0.3,1.3,0.6,0.8,0.1,1.0,4.8,7.0,4.3,0.4,5.0,0.6,7.8,1.6,2.4,0.7,7.4,0.7,0.8,3.7,0.8,4.0,3.8,3.7,3.4,1.6,1.5,1.8,1.4,1.1
2017-05-27 23:30:00+02:00,0.7,1.0,0.2,2.8,7.8,5.8,5.3,0.6,0.1,1.9,1.1,6.1,0.4,1.4,0.6,1.4,0.1,1.0,5.4,7.7,5.0,0.4,5.6,1.2,8.3,1.6,3.1,1.3,7.9,0.7,0.8,4.4,0.7,4.0,3.8,3.7,3.4,1.6,1.4,1.8,1.4,1.1
2017-05-27 23:31:00+02:00,0.6,1.0,0.2,2.5,7.9,5.9,5.0,0.6,0.1,1.7,1.1,6.1,0.4,1.4,0.6,1.3,0.1,1.0,5.5,7.7,4.8,0.4,5.7,1.0,8.3,1.6,2.8,1.2,8.0,0.7,0.8,4.2,0.7,4.0,3.8,3.7,3.4,1.6,1.4,1.9,1.4,1.1
2017-05-27 23:32:00+02:00,0.4,1.0,0.2,2.0,7.2,5.2,4.4,0.6,0.1,1.7,1.1,5.5,0.4,1.3,0.6,1.3,0.1,1.0,4.8,7.1,4.1,0.4,5.1,1.0,7.7,1.6,2.2,1.2,7.3,0.7,0.8,3.6,0.7,4.4,4.2,4.1,3.4,1.5,1.4,1.9,1.4,1.1
2017-05-27 23:33:00+02:00,0.4,1.0,0.2,2.0,6.9,5.0,4.4,0.6,0.1,1.7,1.0,5.2,0.4,1.3,0.6,1.2,0.1,1.0,4.6,6.8,4.1,0.3,4.9,0.9,7.3,1.5,2.3,1.1,7.0,0.7,0.8,3.6,0.8,4.4,4.3,4.1,3.4,1.6,1.4,1.9,1.4,1.1
2017-05-27 23:34:00+02:00,0.4,1.0,0.2,2.0,7.0,5.2,4.6,0.6,0.1,1.7,0.9,5.4,0.4,1.5,0.5,1.2,0.1,1.2,4.8,6.9,4.3,0.2,5.1,0.9,7.5,1.5,2.2,1.1,7.1,0.9,0.7,3.7,0.7,4.4,4.2,4.1,3.4,1.5,1.4,1.9,1.4,1.1
2017-05-27 23:35:00+02:00,0.4,1.0,0.1,1.9,6.3,5.1,4.4,0.6,0.1,1.7,0.9,5.2,0.4,1.4,0.5,1.2,0.1,1.0,4.7,6.2,4.1,0.2,4.9,1.0,6.7,1.0,2.1,1.2,6.4,0.7,0.6,3.5,0.7,3.2,3.0,2.8,2.3,0.8,0.7,1.4,0.9,0.6
2017-05-27 23:36:00+02:00,0.4,1.0,0.1,1.3,5.6,4.3,3.7,0.6,0.1,1.6,0.8,4.5,0.4,1.3,0.4,1.2,0.1,1.0,4.0,5.5,3.4,0.2,4.2,0.9,6.0,1.0,1.5,1.1,5.7,0.7,0.6,2.8,0.7,2.5,2.3,2.1,1.7,0.3,0.2,1.4,0.8,0.5
2017-05-27 23:37:00+02:00,0.4,1.0,0.1,1.2,5.7,4.3,3.7,0.6,0.1,1.6,0.9,4.4,0.4,1.3,0.5,1.1,0.1,1.0,3.9,5.6,3.3,0.2,4.2,0.8,6.1,1.2,1.4,1.0,5.8,0.7,0.7,2.7,0.7,2.5,2.3,2.2,1.7,0.3,0.2,1.4,0.9,0.6
2017-05-27 23:38:00+02:00,0.4,1.0,0.2,1.2,6.2,4.7,4.2,0.6,0.1,1.7,0.9,4.9,0.4,1.7,0.5,1.2,0.1,0.9,4.4,6.0,3.8,0.2,4.6,1.0,6.6,1.2,1.4,1.1,6.3,0.6,0.7,3.2,0.7,2.6,2.4,2.2,1.7,0.3,0.2,1.4,0.9,0.6
2017-05-27 23:39:00+02:00,0.4,0.8,0.1,1.0,6.3,4.9,4.3,0.6,0.1,1.6,0.9,5.0,0.4,2.0,0.5,1.1,0.1,0.9,4.5,6.2,3.9,0.2,4.8,0.9,6.7,1.2,1.3,1.1,6.4,0.6,0.7,3.3,0.6,3.0,2.8,2.6,2.1,0.7,0.3,1.5,0.9,0.6
2017-05-27 23:40:00+02:00,0.4,0.7,0.1,1.0,6.8,5.3,4.2,0.5,0.1,1.3,1.0,5.4,0.3,2.0,0.6,0.9,0.1,0.9,4.5,6.7,3.8,0.2,4.7,0.8,7.2,1.2,1.2,0.9,6.9,0.6,0.8,3.3,0.6,4.0,3.8,3.6,3.2,0.6,0.3,2.6,0.9,0.6
2017-05-27 23:41:00+02:00,0.4,0.7,0.1,1.4,8.0,6.6,5.4,1.4,0.1,1.5,1.0,6.7,1.2,2.9,0.6,1.1,0.1,1.8,5.6,7.9,5.0,0.2,5.9,1.0,8.4,1.2,1.7,1.1,8.2,1.5,0.8,4.5,0.6,5.4,5.3,5.1,4.8,0.5,0.3,4.3,0.9,0.6
2017-05-27 23:42:00+02:00,0.5,0.8,0.1,1.7,8.3,6.8,5.7,1.3,0.2,1.6,1.0,7.0,1.0,2.4,0.6,1.2,0.1,1.7,5.9,8.2,5.3,0.2,6.1,1.0,8.6,1.2,2.0,1.2,8.4,1.4,0.8,4.4,0.7,2.6,2.5,2.4,1.9,0.5,0.3,1.4,0.9,0.6
2017-05-27 23:43:00+02:00,0.4,0.9,0.1,1.8,6.6,5.1,4.0,0.7,0.2,1.5,0.9,5.3,0.4,1.1,0.5,1.1,0.2,1.0,4.3,6.5,3.7,0.2,4.5,1.0,6.9,1.2,2.1,1.1,6.7,0.7,0.7,3.2,0.8,2.3,2.2,2.1,1.6,0.4,0.3,1.1,0.9,0.6
2017-05-27 23:44:00+02:00,0.4,1.0,0.2,1.9,6.6,5.1,4.4,0.9,0.2,1.6,1.0,5.2,0.5,1.4,0.6,1.2,0.2,1.3,4.6,6.5,4.0,0.2,4.8,1.0,7.0,1.3,2.3,1.2,6.8,1.0,0.7,3.6,0.8,3.1,3.0,2.9,2.4,1.3,1.1,1.1,0.9,0.6
2017-05-27 23:45:00+02:00,0.4,1.0,0.2,1.9,6.7,5.0,4.3,0.8,0.2,1.7,0.9,5.1,0.6,1.3,0.5,1.3,0.2,1.2,4.5,6.5,3.9,0.2,4.7,1.1,7.0,1.4,2.3,1.3,6.8,0.9,0.7,3.4,0.7,3.4,3.2,3.1,2.6,1.5,1.3,1.1,0.9,0.6
2017-05-27 23:46:00+02:00,0.4,1.0,0.2,2.0,6.5,4.9,4.1,0.7,0.2,1.7,0.9,5.1,0.5,1.1,0.5,1.3,0.2,1.0,4.4,6.4,3.7,0.2,4.6,1.1,6.8,1.3,2.2,1.3,6.6,0.7,0.7,3.3,0.8,3.3,3.2,3.0,2.5,1.4,1.3,1.1,0.9,0.6
2017-05-27 23:47:00+02:00,0.5,1.0,0.2,1.9,6.3,4.8,4.0,0.7,0.2,1.7,0.8,4.9,0.5,1.2,0.4,1.3,0.2,1.1,4.3,6.2,3.6,0.2,4.5,1.1,6.7,1.3,2.0,1.3,6.5,0.7,0.6,3.2,0.7,3.8,3.7,3.6,3.1,2.0,1.9,1.1,0.9,0.6
2017-05-27 23:48:00+02:00,0.5,0.8,0.2,1.8,6.5,4.8,4.1,0.7,0.2,1.7,0.8,5.0,0.5,1.4,0.4,1.3,0.2,1.3,4.3,6.4,3.7,0.2,4.5,1.1,6.8,1.4,1.9,1.3,6.6,0.9,0.6,3.2,0.6,3.9,3.8,3.6,3.1,2.1,2.0,1.0,0.9,0.6
2017-05-27 23:49:00+02:00,0.5,0.8,0.2,1.8,6.5,4.8,4.1,0.6,0.2,1.8,0.8,5.0,0.5,1.4,0.4,1.4,0.2,1.3,4.3,6.4,3.7,0.2,4.5,1.2,6.8,1.5,1.9,1.4,6.6,0.8,0.6,3.2,0.6,3.9,3.7,3.6,3.1,2.1,1.9,1.0,0.9,0.6
2017-05-27 23:50:00+02:00,0.6,1.0,0.2,1.9,6.6,4.8,4.0,0.6,0.4,1.8,0.9,4.9,0.4,1.2,0.5,1.5,0.1,1.1,4.3,6.5,3.8,0.2,4.4,1.2,6.9,1.6,2.1,1.5,6.7,0.8,0.6,3.2,0.8,3.8,3.7,3.6,3.1,1.5,1.3,1.6,1.5,1.2
2017-05-27 23:51:00+02:00,0.6,1.0,0.2,1.6,6.1,4.5,3.8,0.6,0.4,1.9,1.0,4.7,0.4,1.3,0.6,1.5,0.1,1.2,4.0,6.0,3.5,0.2,4.2,1.2,6.4,1.3,1.7,1.5,6.3,0.8,0.7,3.0,0.7,3.1,2.9,2.9,2.3,1.5,1.3,0.8,0.6,0.3
2017-05-27 23:52:00+02:00,0.6,0.9,0.1,1.4,5.9,4.2,3.5,0.6,0.4,1.9,0.9,4.4,0.4,1.2,0.5,1.5,0.1,1.1,3.8,5.7,3.3,0.2,3.9,1.2,6.1,1.3,1.6,1.5,6.0,0.7,0.7,2.7,0.6,3.2,3.0,2.9,2.4,1.5,1.3,0.8,0.6,0.4
2017-05-27 23:53:00+02:00,0.6,0.9,0.1,1.4,5.9,4.3,3.6,0.6,0.4,1.9,0.9,4.5,0.4,1.3,0.5,1.5,0.1,1.2,3.7,5.7,3.3,0.1,3.9,1.2,6.2,1.3,1.6,1.5,6.0,0.7,0.7,2.8,0.6,3.9,3.7,3.7,3.2,2.3,1.5,0.8,0.6,0.4
2017-05-27 23:54:00+02:00,0.6,0.9,0.1,1.4,5.7,4.2,3.5,0.6,0.3,1.9,0.8,4.4,0.4,1.2,0.5,1.5,0.1,1.1,3.7,5.6,3.3,0.1,3.9,1.2,6.0,1.2,1.6,1.5,5.9,0.7,0.7,2.7,0.7,3.5,3.4,3.3,2.8,2.0,1.8,0.9,0.6,0.4
2017-05-27 23:55:00+02:00,0.4,0.8,0.2,1.3,5.7,4.2,3.5,0.6,0.3,1.8,0.9,4.3,0.4,1.2,0.5,1.5,0.1,1.1,3.6,5.6,3.2,0.2,3.8,1.1,6.0,1.3,1.5,1.5,5.9,0.7,0.7,2.7,0.6,3.6,3.6,3.5,3.0,2.0,1.8,1.0,0.7,0.4
2017-05-27 23:56:00+02:00,0.4,0.8,0.2,1.3,6.7,5.2,4.5,1.6,0.3,1.9,0.8,5.3,1.4,2.1,0.5,1.5,1.1,2.0,4.7,6.5,4.2,0.2,4.9,1.1,6.9,1.2,1.5,1.5,6.8,1.7,0.6,3.6,0.6,3.7,3.6,3.5,3.0,1.9,1.7,1.1,0.7,0.4
2017-05-27 23:57:00+02:00,0.4,0.8,0.2,1.5,6.5,5.0,4.3,1.1,0.3,1.8,0.9,5.1,1.0,1.7,0.6,1.5,0.7,1.6,4.4,6.4,4.0,0.2,4.6,1.1,6.8,1.3,1.7,1.5,6.6,1.2,0.7,3.4,0.7,4.0,4.0,3.9,3.4,1.7,1.5,1.8,1.3,1.0
2017-05-27 23:58:00+02:00,0.4,0.8,0.2,1.7,6.1,4.5,3.9,0.6,0.3,1.8,0.9,4.7,0.5,1.1,0.6,1.5,0.2,1.0,4.0,6.0,3.6,0.2,4.2,1.1,6.4,1.3,1.9,1.5,6.1,0.7,0.7,3.0,0.6,3.6,3.6,3.5,3.0,0.8,0.7,2.2,1.7,1.4
2017-05-27 23:59:00+02:00,0.4,0.8,0.2,1.4,6.1,4.6,4.0,1.1,0.3,1.6,0.9,4.7,1.0,1.6,0.5,1.3,0.2,1.5,4.1,6.0,3.7,0.2,4.3,1.1,6.4,1.3,1.6,1.3,6.2,1.2,0.7,3.2,0.6,3.6,3.6,3.5,3.0,0.9,0.7,2.2,1.7,1.3
2017-05-28 00:00:00+02:00,0.4,0.9,0.2,1.8,6.5,5.0,4.5,1.3,0.3,1.1,0.8,5.1,1.1,1.8,0.5,0.7,0.2,1.7,4.5,6.4,4.2,0.2,4.7,0.6,6.8,1.3,2.1,0.7,6.5,1.4,0.7,3.9,0.7,2.9,2.9,2.7,2.2,0.9,0.7,1.3,0.9,0.5
2017-05-28 00:01:00+02:00,0.4,0.8,0.2,1.4,6.0,4.7,4.1,1.3,0.3,1.0,0.8,4.8,1.2,1.9,0.5,0.7,0.2,1.8,4.2,5.9,3.9,0.2,4.4,0.5,6.4,1.2,1.7,0.7,6.1,1.4,0.6,3.5,0.6,2.6,2.6,2.4,1.9,0.9,0.7,1.1,0.6,0.3
2017-05-28 00:02:00+02:00,0.4,0.8,0.2,1.4,5.9,4.6,3.9,1.1,0.3,1.1,0.8,4.6,1.0,1.8,0.6,0.7,0.2,1.7,4.1,5.8,3.7,0.2,4.2,0.6,6.3,1.2,1.5,0.7,6.0,1.2,0.7,3.3,0.6,2.5,2.5,2.3,1.9,1.0,0.8,1.0,0.6,0.3
2017-05-28 00:03:00+02:00,0.5,0.8,0.2,1.4,6.3,4.6,4.0,1.2,0.3,1.1,0.8,5.0,1.0,1.8,0.6,0.8,0.2,1.7,4.1,6.2,3.8,0.2,4.3,0.6,6.7,1.2,1.6,0.8,6.4,1.3,0.7,3.3,0.6,2.6,2.5,2.4,2.0,1.0,0.8,1.0,0.6,0.3
2017-05-28 00:04:00+02:00,0.5,0.8,0.2,1.4,6.0,4.4,3.9,0.9,0.3,1.1,0.8,4.6,0.8,1.6,0.6,0.8,0.2,1.5,4.0,5.9,3.6,0.2,4.1,0.6,6.4,1.3,1.6,0.7,6.1,1.1,0.7,3.1,0.7,2.4,2.3,2.2,1.8,0.9,0.7,0.8,0.6,0.2
2017-05-28 00:05:00+02:00,0.5,0.8,0.1,1.4,5.7,4.3,3.7,0.8,0.3,1.1,0.8,4.3,0.6,1.5,0.6,0.8,0.2,1.4,3.8,5.5,3.5,0.2,3.9,0.6,5.9,1.2,1.5,0.7,5.8,0.9,0.7,3.0,0.6,2.7,2.7,2.6,2.1,0.9,0.7,1.2,0.9,0.5
2017-05-28 00:06:00+02:00,0.5,0.8,0.1,1.4,5.6,4.2,3.7,0.7,0.3,1.2,0.8,4.3,0.6,1.4,0.6,0.9,0.2,1.3,3.8,5.4,3.4,0.2,3.9,0.6,5.8,1.2,1.6,0.8,5.7,0.9,0.6,3.0,0.6,2.7,2.6,2.6,2.2,0.9,0.6,1.3,1.0,0.6
2017-05-28 00:07:00+02:00,0.5,0.7,0.1,1.4,5.3,3.9,3.4,0.4,0.3,1.2,0.9,3.9,0.3,1.1,0.6,0.9,0.2,1.0,3.5,5.1,3.0,0.2,3.6,0.6,5.5,1.2,1.5,0.8,5.3,0.6,0.6,2.5,0.6,2.5,2.5,2.4,2.0,0.8,0.6,1.2,0.9,0.5
2017-05-28 00:08:00+02:00,0.4,0.7,0.1,1.3,5.3,3.8,3.2,0.4,0.3,1.1,0.9,3.9,0.3,1.1,0.6,0.8,0.2,1.0,3.4,5.2,2.9,0.2,3.5,0.6,5.5,1.2,1.5,0.7,5.3,0.6,0.7,2.5,0.6,2.6,2.5,2.5,2.1,0.8,0.6,1.2,0.9,0.5
2017-05-28 00:09:00+02:00,0.4,0.7,0.1,1.3,5.4,3.9,3.4,0.6,0.3,1.2,0.9,4.0,0.4,1.2,0.5,0.9,0.2,1.1,3.5,5.2,3.0,0.2,3.6,0.7,5.5,1.2,1.5,0.8,5.4,0.7,0.6,2.6,0.6,2.8,2.8,2.7,2.3,1.2,1.0,1.1,0.7,0.5
2017-05-28 00:10:00+02:00,0.9,0.8,0.1,1.4,5.5,4.3,3.7,0.5,0.3,1.6,0.7,4.3,0.3,1.1,0.4,1.3,0.2,1.0,3.8,5.3,3.3,0.2,4.0,1.0,5.6,1.0,1.5,1.2,5.5,0.6,0.5,2.6,0.7,2.7,2.6,2.6,2.1,1.2,1.0,0.9,0.6,0.5
2017-05-28 00:11:00+02:00,0.9,0.8,0.2,1.4,5.6,4.4,3.8,0.6,0.3,1.6,0.8,4.5,0.5,1.2,0.5,1.3,0.2,1.1,3.9,5.5,3.5,0.2,4.1,1.1,5.8,1.1,1.6,1.2,5.6,0.7,0.6,2.7,0.7,2.6,2.5,2.5,2.0,1.2,1.0,0.9,0.6,0.5
2017-05-28 00:12:00+02:00,0.4,0.8,0.2,1.4,5.7,4.6,4.0,1.2,0.3,1.2,0.7,4.7,1.1,1.7,0.5,0.8,0.8,1.6,4.1,5.7,3.7,0.2,4.3,0.6,5.9,1.0,1.6,0.8,5.7,1.3,0.6,3.3,0.7,2.6,2.5,2.5,2.0,1.2,1.0,0.8,0.6,0.5
2017-05-28 00:13:00+02:00,0.4,0.8,0.2,1.4,5.0,3.9,3.2,0.4,0.3,1.2,0.7,3.9,0.3,0.9,0.5,0.8,0.1,0.9,3.4,5.0,3.0,0.2,3.6,0.6,5.1,1.0,1.6,0.7,5.0,0.5,0.6,2.5,0.7,2.8,2.7,2.7,2.0,1.2,1.0,0.8,0.6,0.5
2017-05-28 00:14:00+02:00,0.4,0.8,0.2,1.4,5.1,4.0,3.4,0.8,0.2,1.2,0.8,4.1,0.6,1.2,0.5,0.9,0.1,1.1,3.6,5.1,3.2,0.2,3.8,0.6,5.3,1.0,1.6,0.8,5.2,0.8,0.6,2.7,0.6,2.9,2.8,2.8,2.0,1.2,1.0,0.9,0.7,0.6
2017-05-28 00:15:00+02:00,0.4,0.8,0.2,1.4,5.2,4.0,3.5,0.9,0.2,1.8,0.8,4.1,0.8,1.3,0.5,1.5,0.1,1.3,3.6,5.1,3.3,0.2,3.8,1.2,5.3,1.1,1.6,1.4,5.2,1.0,0.6,2.9,0.6,2.9,2.8,2.8,2.0,1.2,1.0,0.9,0.7,0.6
2017-05-28 00:16:00+02:00,0.4,0.8,0.2,1.4,5.1,4.0,3.5,1.0,0.2,1.5,0.7,4.0,0.8,1.4,0.6,1.3,0.2,1.3,3.6,5.0,3.3,0.2,3.7,1.0,5.2,1.0,1.5,1.2,5.1,1.0,0.6,2.9,0.7,2.8,2.8,2.7,2.1,1.2,1.0,0.9,0.7,0.6
2017-05-28 00:17:00+02:00,0.4,0.8,0.2,1.5,5.2,4.1,3.6,0.9,0.2,1.0,0.8,4.1,0.8,1.4,0.6,0.7,0.2,1.4,3.7,5.1,3.4,0.3,3.8,0.5,5.4,1.0,1.6,0.7,5.2,1.0,0.6,3.0,0.7,2.6,2.6,2.5,2.1,1.2,1.0,0.9,0.7,0.6
2017-05-28 00:18:00+02:00,0.5,0.8,0.2,1.6,5.4,4.3,3.7,1.0,0.2,1.2,0.7,4.4,0.7,1.5,0.5,0.9,0.2,1.4,3.8,5.4,3.5,0.2,3.9,0.6,5.6,1.0,1.7,0.9,5.4,1.1,0.6,3.2,0.7,2.8,2.7,2.6,2.1,1.2,1.0,0.9,0.7,0.6
2017-05-28 00:19:00+02:00,0.6,0.8,0.2,1.1,4.8,3.7,3.0,0.7,0.2,1.3,0.8,3.7,0.6,1.2,0.5,1.0,0.2,1.2,3.1,4.7,2.8,0.2,3.3,0.7,4.9,1.0,1.2,1.0,4.8,0.8,0.6,2.4,0.7,2.9,2.8,2.7,2.1,1.2,1.0,1.0,0.7,0.6
2017-05-28 00:20:00+02:00,0.3,0.7,0.2,1.4,5.1,4.0,3.3,0.7,0.2,1.0,0.8,4.0,0.6,1.1,0.5,0.7,0.2,1.1,3.4,5.0,3.0,0.2,3.6,0.4,5.2,1.0,1.5,0.7,5.1,0.8,0.6,2.6,0.6,2.7,2.6,2.5,2.0,1.1,0.9,0.9,0.6,0.4
2017-05-28 00:21:00+02:00,0.3,0.7,0.2,1.3,5.2,4.0,3.3,0.8,0.2,0.9,0.7,4.0,0.6,1.2,0.5,0.6,0.2,1.1,3.4,5.1,3.0,0.2,3.6,0.4,5.3,1.1,1.4,0.6,5.2,0.8,0.6,2.6,0.6,2.6,2.5,2.4,1.9,1.1,0.9,0.8,0.5,0.4
2017-05-28 00:22:00+02:00,0.3,0.7,0.1,1.4,5.2,4.0,3.3,0.7,0.2,0.8,0.7,4.1,0.5,1.1,0.4,0.6,0.1,1.1,3.5,5.1,3.1,0.2,3.7,0.4,5.3,1.0,1.5,0.6,5.2,0.8,0.5,2.6,0.6,2.6,2.5,2.4,1.9,1.1,0.9,0.8,0.5,0.4
2017-05-28 00:23:00+02:00,0.3,0.7,0.1,1.3,4.9,3.9,3.2,0.7,0.2,1.0,0.6,3.9,0.5,1.1,0.4,0.6,0.1,1.0,3.3,4.9,2.9,0.1,3.5,0.4,5.1,0.9,1.4,0.6,5.0,0.7,0.4,2.5,0.6,2.5,2.4,2.4,1.8,1.0,0.8,0.8,0.6,0.4
2017-05-28 00:24:00+02:00,0.4,0.8,0.1,1.3,5.0,3.8,3.2,0.8,0.2,1.0,0.5,3.9,0.6,1.2,0.3,0.7,0.2,1.1,3.3,4.8,2.9,0.1,3.5,0.5,5.1,0.9,1.4,0.6,5.0,0.9,0.4,2.5,0.6,1.9,1.9,1.8,1.3,0.4,0.1,0.9,0.6,0.4
2017-05-28 00:25:00+02:00,1.7,0.7,0.1,1.2,4.9,3.8,3.2,0.8,0.2,2.9,0.5,4.0,0.7,1.2,0.3,2.7,0.2,1.1,3.3,4.8,2.9,0.1,3.4,2.4,5.0,0.8,1.3,2.6,5.0,0.9,0.3,2.5,0.6,1.8,1.8,1.7,1.2,0.3,0.1,0.9,0.6,0.4
2017-05-28 00:26:00+02:00,1.8,0.7,0.1,1.2,4.7,3.7,3.2,0.8,0.2,3.7,0.5,3.8,0.7,1.2,0.3,3.5,0.2,1.1,3.3,4.6,3.0,0.1,3.5,3.2,4.9,0.8,1.3,3.4,4.8,0.9,0.3,2.5,0.6,1.7,1.7,1.6,1.1,0.3,0.1,0.8,0.6,0.4
2017-05-28 00:27:00+02:00,1.7,0.7,0.1,1.2,4.8,3.8,3.3,0.8,0.2,3.6,0.5,3.9,0.6,1.3,0.3,3.4,0.2,1.2,3.5,4.7,3.0,0.2,3.6,3.1,5.0,0.8,1.3,3.3,4.8,0.9,0.3,2.6,0.6,2.2,2.2,2.1,1.6,0.9,0.6,0.8,0.6,0.4
2017-05-28 00:28:00+02:00,1.2,0.7,0.1,1.2,4.6,3.7,3.3,0.8,0.2,2.0,0.4,3.9,0.5,1.3,0.3,1.7,0.1,1.1,3.4,4.5,2.9,0.2,3.5,1.5,4.8,0.7,1.3,1.6,4.7,0.8,0.3,2.5,0.6,2.7,2.7,2.6,2.2,1.3,1.1,0.8,0.7,0.5
2017-05-28 00:29:00+02:00,1.2,0.8,0.1,1.4,4.7,3.8,3.3,0.7,0.3,2.5,0.4,4.0,0.5,1.2,0.3,2.3,0.1,1.1,3.4,4.6,3.0,0.2,3.5,2.0,4.9,0.7,1.5,2.2,4.8,0.8,0.3,2.7,0.7,3.1,3.1,3.0,2.5,1.6,1.3,1.0,0.8,0.6
2017-05-28 00:30:00+02:00,1.2,1.0,0.2,1.7,5.1,4.1,3.5,0.8,0.3,2.1,0.5,4.2,0.5,1.3,0.3,1.9,0.2,1.1,3.6,5.0,3.2,0.2,3.8,1.6,5.3,0.8,1.8,1.8,5.1,0.8,0.4,3.0,0.9,3.0,3.0,2.9,2.5,1.6,1.3,0.9,0.7,0.6
2017-05-28 00:31:00+02:00,0.9,0.9,0.3,1.5,5.1,4.0,3.4,0.8,0.3,2.0,0.7,4.1,0.5,1.3,0.4,1.8,0.2,1.1,3.5,5.1,3.1,0.3,3.7,1.5,5.3,0.9,1.6,1.7,5.2,0.8,0.6,2.9,0.8,3.3,3.3,3.2,2.8,2.1,1.3,0.7,0.5,0.4
2017-05-28 00:32:00+02:00,0.6,0.8,0.2,1.3,4.8,3.6,3.1,0.8,0.3,1.6,0.6,3.8,0.5,1.2,0.3,1.3,0.2,1.1,3.1,4.7,2.8,0.2,3.3,1.1,4.9,0.9,1.4,1.3,4.8,0.8,0.5,2.6,0.7,3.4,3.3,3.3,2.9,2.1,1.3,0.9,0.7,0.5
2017-05-28 00:33:00+02:00,0.6,0.8,0.2,1.3,4.7,3.5,3.0,0.8,0.3,1.6,0.7,3.7,0.5,1.2,0.4,1.3,0.2,1.1,3.0,4.6,2.6,0.2,3.2,1.1,4.9,1.0,1.3,1.2,4.7,0.8,0.5,2.5,0.7,3.3,3.3,3.3,2.9,2.1,1.3,0.8,0.6,0.5
2017-05-28 00:34:00+02:00,0.6,0.8,0.1,1.2,4.4,3.3,2.8,0.7,0.3,1.6,0.6,3.5,0.5,1.1,0.3,1.4,0.2,1.1,2.9,4.3,2.6,0.2,3.0,1.1,4.6,0.9,1.3,1.3,4.4,0.8,0.4,2.4,0.7,3.3,3.2,3.2,2.9,2.1,1.3,0.8,0.6,0.4
2017-05-28 00:35:00+02:00,0.4,0.6,0.1,1.1,4.0,2.9,2.4,0.7,0.2,1.4,0.6,3.1,0.5,1.1,0.3,1.2,0.2,1.0,2.5,4.0,2.3,0.2,2.6,0.9,4.3,0.9,1.1,1.1,4.1,0.8,0.4,2.2,0.5,3.2,3.2,3.1,2.9,2.1,1.3,0.8,0.5,0.3
2017-05-28 00:36:00+02:00,1.1,0.6,0.1,1.0,4.0,2.9,2.4,0.7,0.1,2.0,0.6,3.1,0.5,1.1,0.3,1.8,0.2,1.0,2.5,3.9,2.3,0.2,2.6,1.5,4.2,0.8,1.1,1.7,4.0,0.8,0.4,2.2,0.5,4.1,4.0,4.0,3.7,2.0,1.3,1.7,0.5,0.3
2017-05-28 00:37:00+02:00,1.4,0.5,0.1,1.0,4.0,3.0,2.5,0.7,0.1,2.9,0.6,3.1,0.5,1.2,0.4,2.7,0.2,1.1,2.5,3.9,2.4,0.1,2.7,2.4,4.2,0.9,1.1,2.5,4.1,0.8,0.4,2.3,0.4,3.6,3.6,3.5,3.2,2.0,1.3,1.3,0.5,0.3
2017-05-28 00:38:00+02:00,1.5,0.6,0.1,1.0,4.1,3.0,2.5,0.7,0.1,2.7,0.7,3.1,0.5,1.3,0.4,2.1,0.2,1.1,2.6,4.1,2.4,0.2,2.7,1.8,4.4,1.0,1.1,2.0,4.2,0.8,0.5,2.3,0.4,2.9,2.8,2.8,2.5,1.8,1.1,0.7,0.5,0.3
2017-05-28 00:39:00+02:00,1.4,0.6,0.1,1.0,4.2,3.0,2.5,0.7,0.1,2.7,0.6,3.3,0.5,1.3,0.3,2.0,0.1,1.1,2.6,4.1,2.4,0.2,2.7,1.7,4.4,0.8,1.1,1.9,4.3,0.8,0.4,2.3,0.4,1.6,1.6,1.5,1.1,0.5,0.4,0.7,0.5,0.4
2017-05-28 00:40:00+02:00,0.7,0.6,0.1,1.0,4.3,3.0,2.6,0.7,0.1,2.0,0.5,3.4,0.5,1.3,0.3,1.2,0.1,1.1,2.6,4.2,2.5,0.2,2.8,1.0,4.6,0.8,1.1,1.1,4.4,0.8,0.4,2.4,0.4,1.5,1.5,1.4,1.2,0.5,0.4,0.7,0.5,0.4
2017-05-28 00:41:00+02:00,0.6,0.6,0.1,1.0,4.0,2.9,2.5,0.7,0.1,2.0,0.6,3.0,0.5,1.2,0.3,1.1,0.1,1.1,2.5,3.9,2.4,0.2,2.6,0.9,4.2,0.9,1.1,1.1,4.1,0.8,0.4,2.3,0.4,1.6,1.5,1.5,1.2,0.5,0.4,0.8,0.5,0.4
2017-05-28 00:42:00+02:00,0.6,0.6,0.1,1.0,3.9,2.9,2.5,0.8,0.1,2.1,0.6,3.0,0.5,1.2,0.3,1.3,0.1,1.1,2.6,3.9,2.4,0.2,2.7,1.0,4.2,0.9,1.0,1.2,4.1,0.9,0.4,2.3,0.4,1.5,1.5,1.4,1.2,0.5,0.4,0.8,0.5,0.4
2017-05-28 00:43:00+02:00,0.6,0.6,0.1,1.0,4.0,3.0,2.5,0.8,0.1,2.1,0.6,3.1,0.6,1.2,0.3,1.3,0.1,1.2,2.6,3.9,2.4,0.2,2.7,1.0,4.3,0.8,1.0,1.2,4.1,0.9,0.4,2.3,0.4,2.9,2.8,2.8,1.7,0.5,0.4,1.3,1.0,0.9
2017-05-28 00:44:00+02:00,0.6,0.5,0.1,0.9,3.8,2.8,2.3,0.6,0.1,1.8,0.6,3.0,0.4,1.1,0.3,1.0,0.1,1.0,2.4,3.8,2.2,0.2,2.5,0.8,4.1,0.8,1.0,0.9,4.0,0.7,0.4,2.1,0.4,2.9,2.9,2.8,1.6,0.4,0.4,1.2,0.9,0.7
2017-05-28 00:45:00+02:00,0.6,0.5,0.1,0.9,3.8,2.8,2.2,0.6,0.1,1.8,0.6,2.9,0.5,1.1,0.3,0.9,0.1,1.0,2.4,3.7,2.1,0.2,2.5,0.7,4.2,0.8,1.0,0.9,3.9,0.7,0.4,2.0,0.4,2.6,2.6,2.6,1.4,0.4,0.4,0.9,0.7,0.5
2017-05-28 00:46:00+02:00,0.6,0.5,0.1,0.9,3.7,2.7,2.2,0.6,0.1,1.8,0.6,2.8,0.4,1.0,0.3,0.9,0.1,1.0,2.3,3.7,2.1,0.2,2.4,0.7,4.1,0.8,1.0,0.9,3.9,0.7,0.4,2.0,0.3,1.8,1.8,1.7,1.4,0.4,0.3,1.0,0.6,0.5
2017-05-28 00:47:00+02:00,0.6,0.4,0.1,0.9,3.8,2.7,2.2,0.6,0.1,1.8,0.6,2.8,0.4,1.0,0.3,0.9,0.1,0.9,2.3,3.7,2.1,0.2,2.4,0.7,4.1,0.8,1.0,0.9,3.9,0.7,0.4,2.0,0.3,1.7,1.7,1.6,1.4,0.4,0.3,0.9,0.6,0.5
2017-05-28 00:48:00+02:00,0.5,0.6,0.1,1.0,3.8,2.8,2.3,0.7,0.2,1.7,0.6,2.9,0.5,0.9,0.4,0.9,0.1,0.9,2.4,3.7,2.2,0.2,2.5,0.7,4.1,0.8,1.1,0.8,3.9,0.7,0.5,2.1,0.4,1.8,1.7,1.7,1.4,0.4,0.3,1.0,0.6,0.5
2017-05-28 00:49:00+02:00,1.0,0.6,0.1,1.1,3.9,2.9,2.4,0.7,0.2,2.2,0.6,3.0,0.5,1.0,0.4,1.4,0.1,0.9,2.4,3.8,2.3,0.2,2.5,1.1,4.2,0.8,1.2,1.3,4.0,0.8,0.5,2.2,0.4,2.3,2.3,2.2,1.4,0.4,0.3,1.0,0.6,0.5
2017-05-28 00:50:00+02:00,1.4,0.6,0.1,1.0,4.5,3.4,2.9,0.7,0.2,2.5,0.7,3.6,0.5,1.6,0.4,1.8,0.1,1.6,3.0,4.4,2.8,0.2,3.1,1.5,4.8,0.8,1.1,1.7,4.6,0.8,0.6,2.8,0.4,1.7,1.7,1.6,1.4,0.4,0.3,1.0,0.6,0.5
2017-05-28 00:51:00+02:00,0.5,0.6,0.1,1.0,4.7,3.6,3.1,0.7,0.2,1.7,0.7,3.7,0.5,1.8,0.4,0.9,0.1,1.8,3.2,4.6,3.0,0.2,3.3,0.7,5.0,1.0,1.1,0.9,4.9,0.8,0.6,3.0,0.5,1.7,1.7,1.6,1.4,0.4,0.3,1.0,0.6,0.5
2017-05-28 00:52:00+02:00,0.5,0.6,0.2,1.0,4.0,2.8,2.3,0.7,0.2,1.6,0.7,2.9,0.5,1.0,0.5,0.9,0.2,1.0,2.4,3.9,2.2,0.3,2.5,0.7,4.2,1.0,1.1,0.8,4.1,0.8,0.6,2.1,0.5,1.7,1.7,1.6,1.4,0.4,0.3,1.0,0.6,0.5
2017-05-28 00:53:00+02:00,0.5,0.6,0.3,1.0,4.1,2.9,2.4,0.8,0.1,1.7,0.8,2.9,0.6,1.1,0.5,0.9,0.2,1.1,2.4,4.0,2.3,0.3,2.6,0.7,4.3,1.1,1.1,0.8,4.1,0.9,0.7,2.2,0.4,1.7,1.6,1.6,1.4,0.4,0.3,1.0,0.6,0.5
2017-05-28 00:54:00+02:00,0.5,0.6,0.3,1.0,4.1,2.9,2.4,0.9,0.1,1.5,0.8,3.0,0.7,1.1,0.5,0.9,0.3,1.1,2.5,4.0,2.3,0.3,2.6,0.7,4.2,1.0,1.1,0.8,4.1,1.0,0.6,2.3,0.5,1.7,1.6,1.6,1.4,0.3,0.1,1.1,0.7,0.5
2017-05-28 00:55:00+02:00,0.1,0.6,0.3,1.0,3.8,2.8,2.3,0.8,0.1,1.1,0.7,2.8,0.7,1.1,0.4,0.5,0.3,1.0,2.3,3.7,2.2,0.3,2.5,0.3,3.9,0.8,1.1,0.4,3.8,0.9,0.6,2.1,0.5,1.8,1.7,1.7,1.4,0.3,0.1,1.1,0.9,0.4
2017-05-28 00:56:00+02:00,0.1,0.6,0.2,1.0,3.7,2.8,2.3,0.8,0.1,1.0,0.6,2.8,0.7,1.0,0.3,0.5,0.3,1.0,2.3,3.6,2.2,0.2,2.5,0.2,3.8,0.8,1.1,0.4,3.7,0.8,0.5,2.1,0.5,1.7,1.6,1.6,1.3,0.3,0.1,1.0,0.9,0.4
2017-05-28 00:57:00+02:00,0.1,0.6,0.2,1.0,4.2,3.1,2.6,1.1,0.1,1.0,0.6,3.2,1.0,1.4,0.3,0.5,0.6,1.3,2.7,3.9,2.5,0.2,2.8,0.2,4.3,0.8,1.1,0.4,4.2,1.2,0.4,2.5,0.4,1.5,1.4,1.4,1.1,0.3,0.1,0.9,0.7,0.4
2017-05-28 00:58:00+02:00,0.1,0.6,0.2,1.0,4.5,3.6,3.1,1.5,0.1,1.0,0.5,3.6,1.4,1.9,0.3,0.5,1.0,1.8,3.2,4.4,3.1,0.2,3.3,0.2,4.7,0.7,1.1,0.4,4.6,1.6,0.4,3.0,0.4,1.8,1.8,1.8,1.1,0.3,0.1,0.8,0.7,0.4
2017-05-28 00:59:00+02:00,0.1,0.5,0.2,0.9,4.3,3.3,3.1,1.6,0.1,1.2,0.5,3.4,1.4,1.9,0.3,0.5,0.9,1.8,3.2,4.1,3.0,0.2,3.3,0.2,4.4,0.7,1.0,0.4,4.3,1.6,0.4,2.9,0.4,2.7,2.7,2.6,1.2,0.3,0.1,0.9,0.7,0.4
2017-05-28 01:00:00+02:00,0.1,0.6,0.2,0.9,4.5,3.3,3.1,1.6,0.1,1.3,0.7,3.4,1.4,1.9,0.4,0.7,0.9,1.8,3.2,4.2,3.1,0.2,3.3,0.4,4.6,0.8,1.0,0.6,4.5,1.6,0.5,2.9,0.4,1.5,1.4,1.4,1.1,0.3,0.1,0.9,0.7,0.4
2017-05-28 01:01:00+02:00,0.4,0.5,0.3,1.0,5.5,3.9,3.5,1.7,0.1,1.0,1.1,4.2,1.5,2.0,0.6,0.6,0.2,1.9,3.6,5.4,3.3,0.4,3.8,0.5,6.1,1.2,1.2,0.6,5.8,1.8,0.8,3.1,0.5,1.6,1.5,1.4,1.1,0.2,0.1,0.8,0.7,0.5
2017-05-28 01:02:00+02:00,0.4,0.6,0.2,1.0,5.2,3.9,3.4,1.6,0.1,1.0,0.8,4.1,1.5,1.9,0.6,0.7,0.2,1.8,3.5,5.0,3.3,0.4,3.8,0.6,5.7,1.0,1.2,0.7,5.4,1.8,0.7,3.1,0.5,1.3,1.2,1.1,0.7,0.3,0.2,0.4,0.3,0.2
2017-05-28 01:03:00+02:00,0.6,0.6,0.2,0.9,4.5,3.2,2.7,1.2,0.1,1.4,0.9,3.4,1.0,1.5,0.6,1.1,0.2,1.4,2.8,4.4,2.6,0.4,3.1,1.0,5.1,1.0,1.1,1.1,4.8,1.3,0.8,2.6,0.5,1.4,1.3,1.2,0.8,0.3,0.2,0.5,0.3,0.3
2017-05-28 01:04:00+02:00,0.8,0.6,0.2,0.9,4.2,2.9,2.2,0.6,0.1,1.7,0.8,3.1,0.4,0.9,0.5,1.4,0.2,0.8,2.3,4.1,2.1,0.4,2.4,1.3,4.7,1.0,1.1,1.4,4.5,0.7,0.6,2.0,0.5,1.5,1.4,1.3,0.9,0.3,0.2,0.7,0.5,0.4
2017-05-28 01:05:00+02:00,0.7,0.9,0.2,1.4,4.2,2.9,2.6,0.5,0.1,1.6,0.8,3.1,0.4,0.9,0.5,1.3,0.2,0.8,2.6,4.1,2.4,0.3,2.7,1.2,4.6,0.9,1.5,1.3,4.4,0.7,0.6,2.4,0.8,1.5,1.5,1.4,1.0,0.3,0.2,0.7,0.5,0.4
2017-05-28 01:06:00+02:00,0.8,0.6,0.2,0.9,3.5,2.4,2.0,0.5,0.1,1.7,0.8,2.5,0.3,0.9,0.4,1.4,0.2,0.8,2.1,3.4,1.9,0.3,2.1,1.2,3.9,0.9,1.0,1.3,3.7,0.6,0.5,1.9,0.5,1.5,1.4,1.4,1.0,0.3,0.2,0.8,0.5,0.5
2017-05-28 01:07:00+02:00,0.8,0.6,0.2,0.9,3.5,2.4,2.1,0.4,0.1,1.9,0.7,2.6,0.3,1.0,0.4,1.3,0.1,0.9,2.1,3.4,2.0,0.2,2.2,1.2,3.9,0.8,1.0,1.3,3.7,0.6,0.5,1.9,0.4,1.5,1.4,1.4,1.0,0.3,0.2,0.7,0.5,0.4
2017-05-28 01:08:00+02:00,0.6,0.6,0.2,0.8,3.5,2.4,2.0,0.4,0.1,1.7,0.7,2.6,0.3,0.9,0.4,1.2,0.1,0.9,2.1,3.4,1.9,0.3,2.2,1.1,3.8,0.9,0.9,1.2,3.6,0.6,0.5,1.9,0.4,1.5,1.4,1.3,1.0,0.3,0.2,0.7,0.5,0.4
2017-05-28 01:09:00+02:00,0.7,0.6,0.2,0.8,3.7,2.5,2.0,0.5,0.1,1.8,0.7,2.7,0.3,1.0,0.4,1.3,0.1,1.0,2.1,3.6,1.9,0.2,2.2,1.2,3.9,0.9,0.9,1.3,3.7,0.6,0.5,1.9,0.5,1.4,1.4,1.3,0.9,0.3,0.2,0.7,0.5,0.4
2017-05-28 01:10:00+02:00,0.4,0.5,0.2,0.8,3.7,2.6,2.0,0.5,0.1,1.6,0.7,2.7,0.4,1.0,0.4,1.1,0.1,1.0,2.1,3.6,1.9,0.3,2.2,0.9,3.9,0.9,0.8,1.0,3.8,0.6,0.5,1.8,0.4,1.4,1.3,1.2,0.9,0.2,0.1,0.7,0.5,0.4
2017-05-28 01:11:00+02:00,0.6,0.5,0.2,0.9,3.6,2.7,2.1,0.5,0.1,1.9,0.6,2.7,0.3,1.0,0.4,1.4,0.1,0.9,2.2,3.5,1.9,0.2,2.3,1.1,3.8,0.8,0.9,1.4,3.6,0.5,0.4,1.9,0.4,1.5,1.4,1.3,0.9,0.2,0.1,0.7,0.6,0.4
2017-05-28 01:12:00+02:00,0.6,0.6,0.2,1.5,4.2,3.3,2.8,0.5,0.2,1.9,0.6,3.4,0.3,1.0,0.4,1.4,0.1,0.9,2.8,4.1,2.6,0.3,3.0,1.1,4.4,0.8,1.6,1.4,4.2,0.5,0.5,2.5,0.5,1.5,1.5,1.4,1.0,0.2,0.2,0.8,0.6,0.4
2017-05-28 01:13:00+02:00,0.5,0.5,0.2,1.0,3.7,2.8,2.2,0.4,0.1,2.0,0.7,2.9,0.3,0.9,0.4,1.4,0.1,0.8,2.3,3.7,2.0,0.3,2.4,1.1,3.9,0.8,1.1,1.3,3.8,0.5,0.5,2.0,0.4,1.6,1.6,1.5,1.1,0.2,0.1,0.9,0.6,0.4
2017-05-28 01:14:00+02:00,0.5,0.5,0.3,1.2,4.0,3.0,2.4,0.5,0.1,2.6,0.7,3.1,0.3,1.0,0.5,2.0,0.1,0.9,2.5,3.9,2.2,0.4,2.6,1.7,4.2,0.9,1.2,2.0,4.1,0.6,0.6,2.2,0.4,1.7,1.6,1.5,1.2,0.2,0.1,0.9,0.6,0.4
2017-05-28 01:15:00+02:00,0.4,0.5,0.5,2.4,5.9,4.6,3.9,0.6,0.1,2.5,1.0,4.7,0.5,1.1,0.7,2.0,0.1,1.0,3.9,5.8,3.7,0.6,4.1,1.7,6.1,1.1,2.5,2.0,5.9,0.7,0.8,3.6,0.4,1.7,1.6,1.5,1.2,0.2,0.1,0.9,0.6,0.4
2017-05-28 01:16:00+02:00,0.4,0.5,0.5,2.5,6.7,5.4,4.2,0.7,0.1,2.2,0.9,5.5,0.5,1.2,0.7,1.8,0.1,1.2,4.2,6.6,3.9,0.6,4.4,1.5,6.9,1.1,2.6,1.7,6.7,0.8,0.8,3.8,0.4,1.6,1.6,1.5,1.1,0.2,0.1,0.9,0.6,0.4
2017-05-28 01:17:00+02:00,0.6,0.5,0.5,3.2,6.7,5.5,4.9,0.8,0.1,1.9,0.9,5.5,0.5,1.3,0.7,1.4,0.1,1.2,4.9,6.6,4.6,0.6,5.1,1.1,6.9,1.1,3.3,1.3,6.7,0.8,0.8,4.5,0.4,1.6,1.5,1.5,1.1,0.3,0.2,0.8,0.5,0.4
2017-05-28 01:18:00+02:00,0.3,0.5,0.5,3.5,6.8,5.5,5.0,0.7,0.1,1.4,1.0,5.6,0.5,1.2,0.8,0.8,0.1,1.1,5.0,6.7,4.8,0.6,5.2,0.5,6.9,1.1,3.6,0.8,6.8,0.8,0.8,4.7,0.4,1.6,1.6,1.5,1.2,0.3,0.2,0.9,0.5,0.4
2017-05-28 01:19:00+02:00,0.6,0.5,0.5,2.4,5.4,4.3,3.7,0.5,0.1,1.7,0.9,4.3,0.4,1.0,0.8,1.1,0.1,0.9,3.7,5.4,3.5,0.6,3.9,0.9,5.6,1.1,2.5,1.1,5.5,0.6,0.8,3.5,0.4,1.9,1.8,1.8,1.4,0.3,0.2,1.1,0.8,0.7
2017-05-28 01:20:00+02:00,0.6,0.4,0.5,1.8,4.8,3.7,3.1,0.5,0.1,1.6,0.9,3.7,0.4,1.0,0.7,1.1,0.1,0.9,3.1,4.7,3.0,0.6,3.3,0.9,4.9,1.0,1.9,1.1,4.8,0.6,0.8,2.9,0.3,1.9,1.9,1.8,1.5,0.3,0.2,1.2,0.8,0.8
2017-05-28 01:21:00+02:00,0.2,0.5,0.5,1.1,4.1,2.9,2.4,0.5,0.1,1.3,0.9,3.0,0.4,1.1,0.7,0.7,0.1,1.0,2.4,4.0,2.3,0.6,2.7,0.5,4.2,1.0,1.2,0.7,4.1,0.6,0.7,2.2,0.4,1.9,1.8,1.8,1.5,0.3,0.2,1.2,0.9,0.8
2017-05-28 01:22:00+02:00,0.2,0.7,0.5,1.3,4.2,3.1,2.6,0.5,0.2,1.4,0.9,3.2,0.4,1.0,0.7,0.8,0.1,0.9,2.6,4.2,2.5,0.6,2.8,0.6,4.4,1.0,1.4,0.8,4.3,0.6,0.7,2.4,0.6,1.8,1.7,1.7,1.4,0.3,0.2,1.1,0.8,0.7
2017-05-28 01:23:00+02:00,0.3,0.7,0.5,1.3,4.2,3.1,2.6,0.6,0.2,1.6,0.9,3.1,0.5,1.1,0.7,1.1,0.2,1.0,2.6,4.2,2.5,0.6,2.8,0.9,4.4,1.0,1.4,1.1,4.3,0.7,0.7,2.4,0.6,1.5,1.5,1.4,1.1,0.3,0.2,0.8,0.6,0.6
2017-05-28 01:24:00+02:00,0.3,0.7,0.5,1.3,4.2,3.0,2.5,0.6,0.2,1.5,0.9,3.1,0.5,1.0,0.7,0.9,0.1,1.0,2.6,4.1,2.5,0.6,2.8,0.7,4.3,1.0,1.4,0.9,4.2,0.7,0.7,2.4,0.6,1.4,1.4,1.4,0.9,0.3,0.2,0.7,0.6,0.5
2017-05-28 01:25:00+02:00,0.3,0.6,0.5,1.2,4.1,2.9,2.4,0.6,0.2,1.5,0.9,3.0,0.5,1.1,0.7,1.0,0.2,1.0,2.5,4.0,2.3,0.6,2.6,0.8,4.2,1.0,1.3,1.0,4.1,0.7,0.7,2.3,0.5,1.3,1.2,1.2,0.8,0.2,0.1,0.7,0.5,0.5
2017-05-28 01:26:00+02:00,0.3,0.5,0.5,1.1,3.9,2.8,2.3,0.6,0.2,1.6,0.9,2.9,0.5,1.1,0.7,1.1,0.2,1.0,2.3,3.8,2.2,0.6,2.5,0.7,4.0,1.0,1.1,1.0,3.9,0.7,0.7,2.1,0.4,1.3,1.3,1.3,0.8,0.2,0.1,0.7,0.6,0.5
2017-05-28 01:27:00+02:00,0.4,0.4,0.5,1.0,3.7,2.6,2.3,0.6,0.2,1.7,0.9,2.7,0.5,1.1,0.7,1.2,0.2,1.0,2.3,3.6,2.1,0.5,2.5,0.9,3.8,1.0,1.0,1.1,3.7,0.7,0.7,2.1,0.3,1.3,1.3,1.2,0.9,0.2,0.1,0.7,0.6,0.5
2017-05-28 01:28:00+02:00,0.3,0.4,0.5,1.0,3.8,2.7,2.4,0.7,0.2,1.6,0.9,2.8,0.5,1.2,0.7,1.1,0.2,1.1,2.4,3.7,2.2,0.5,2.6,0.8,3.9,1.0,1.0,1.1,3.8,0.8,0.7,2.2,0.3,1.3,1.3,1.2,0.9,0.2,0.1,0.7,0.6,0.5
2017-05-28 01:29:00+02:00,0.3,0.5,0.5,1.3,4.2,3.1,2.8,0.7,0.2,1.5,0.9,3.2,0.5,1.3,0.7,1.0,0.1,1.3,2.9,4.2,2.7,0.6,3.0,0.7,4.3,1.0,1.3,1.0,4.3,0.8,0.7,2.6,0.3,1.3,1.2,1.2,0.9,0.2,0.1,0.7,0.6,0.5
2017-05-28 01:30:00+02:00,0.3,0.5,0.5,1.3,4.4,3.3,3.0,0.7,0.2,1.4,0.9,3.4,0.4,1.4,0.7,0.9,0.1,1.3,3.0,4.4,2.8,0.6,3.2,0.6,4.6,1.0,1.3,0.9,4.5,0.8,0.7,2.7,0.3,1.2,1.2,1.2,0.8,0.2,0.1,0.7,0.5,0.5
2017-05-28 01:31:00+02:00,0.2,0.5,0.5,1.3,4.5,3.4,3.1,0.7,0.2,1.2,0.9,3.5,0.4,1.5,0.7,0.7,0.1,1.4,3.1,4.5,2.9,0.6,3.3,0.6,4.6,1.0,1.3,0.7,4.5,0.8,0.7,2.8,0.3,1.3,1.3,1.2,0.9,0.2,0.2,0.7,0.5,0.4
2017-05-28 01:32:00+02:00,0.3,0.5,0.5,1.4,4.5,3.5,3.0,0.7,0.2,1.2,0.8,3.5,0.4,1.3,0.7,0.7,0.1,1.2,3.1,4.5,2.8,0.5,3.3,0.6,4.7,1.0,1.4,0.7,4.6,0.8,0.7,2.7,0.3,1.3,1.2,1.2,0.9,0.3,0.2,0.7,0.5,0.4
2017-05-28 01:33:00+02:00,1.8,0.5,0.5,1.3,4.5,3.4,2.9,0.7,0.2,2.5,0.8,3.4,0.4,1.3,0.7,2.1,0.1,1.2,3.0,4.4,2.7,0.5,3.2,1.9,4.6,1.0,1.4,2.0,4.5,0.7,0.7,2.7,0.3,1.2,1.2,1.2,0.9,0.3,0.2,0.7,0.5,0.4
2017-05-28 01:34:00+02:00,1.8,0.5,0.5,1.4,4.2,3.1,2.7,0.6,0.2,2.6,0.8,3.2,0.4,1.1,0.7,2.1,0.1,1.0,2.8,4.2,2.6,0.5,2.9,1.9,4.4,1.0,1.4,2.1,4.3,0.6,0.7,2.5,0.3,1.3,1.3,1.2,1.0,0.3,0.2,0.7,0.6,0.5
2017-05-28 01:35:00+02:00,1.6,0.5,0.5,1.4,4.3,3.2,2.7,0.6,0.2,2.4,0.9,3.3,0.4,1.0,0.7,2.0,0.1,0.9,2.8,4.2,2.6,0.6,3.0,1.8,4.5,1.0,1.5,1.9,4.3,0.6,0.7,2.5,0.3,1.3,1.3,1.2,1.0,0.3,0.2,0.7,0.6,0.5
2017-05-28 01:36:00+02:00,1.8,0.5,0.5,1.3,4.3,3.2,2.6,0.6,0.2,2.7,0.9,3.2,0.4,1.1,0.7,2.1,0.2,1.0,2.8,4.2,2.5,0.6,2.9,1.9,4.5,1.0,1.4,2.1,4.3,0.7,0.7,2.5,0.3,1.3,1.3,1.2,1.0,0.3,0.2,0.7,0.6,0.5
2017-05-28 01:37:00+02:00,1.8,0.4,0.5,1.4,4.2,3.1,2.6,0.6,0.2,3.2,0.8,3.2,0.4,1.0,0.6,2.1,0.2,0.9,2.8,4.1,2.5,0.5,2.9,2.0,4.4,1.0,1.4,2.1,4.2,0.7,0.7,2.4,0.3,1.3,1.3,1.2,1.0,0.3,0.2,0.7,0.6,0.5
2017-05-28 01:38:00+02:00,1.8,0.4,0.5,1.4,4.3,3.2,2.7,0.7,0.2,2.9,0.8,3.3,0.5,1.1,0.6,2.1,0.2,1.0,2.8,4.3,2.6,0.5,3.0,1.9,4.5,1.0,1.5,2.0,4.4,0.8,0.7,2.5,0.3,1.2,1.2,1.1,0.9,0.3,0.2,0.6,0.6,0.5
2017-05-28 01:39:00+02:00,1.7,0.3,0.5,1.3,4.1,3.0,2.5,0.7,0.1,2.9,0.8,3.1,0.5,1.0,0.6,2.0,0.1,1.0,2.6,4.0,2.4,0.5,2.8,1.8,4.4,1.0,1.3,2.0,4.2,0.8,0.7,2.4,0.3,1.2,1.2,1.1,0.8,0.3,0.2,0.6,0.6,0.5
2017-05-28 01:40:00+02:00,1.7,0.3,0.5,1.2,4.0,2.8,2.4,0.7,0.1,2.9,0.8,2.9,0.5,1.0,0.6,2.0,0.1,0.9,2.5,3.9,2.3,0.5,2.6,1.8,4.2,1.0,1.2,1.9,4.0,0.8,0.7,2.3,0.2,1.1,1.1,1.0,0.7,0.1,0.1,0.6,0.6,0.5
2017-05-28 01:41:00+02:00,1.7,0.3,0.4,1.2,3.9,2.9,2.4,0.7,0.1,2.7,0.8,2.9,0.5,1.0,0.5,2.0,0.1,1.0,2.5,3.9,2.4,0.5,2.7,1.8,4.2,1.0,1.3,1.9,4.0,0.8,0.6,2.3,0.2,1.1,1.1,1.0,0.7,0.1,0.1,0.6,0.5,0.5
2017-05-28 01:42:00+02:00,1.4,0.4,0.5,1.2,4.0,2.9,2.5,0.7,0.2,2.3,0.8,3.0,0.5,1.1,0.5,1.9,0.1,1.0,2.6,4.0,2.5,0.5,2.7,1.5,4.2,1.0,1.3,1.8,4.1,0.8,0.6,2.4,0.3,1.1,1.1,1.0,0.7,0.1,0.1,0.6,0.5,0.5
2017-05-28 01:43:00+02:00,0.3,0.4,0.5,1.3,4.2,3.1,2.6,0.7,0.2,1.3,0.8,3.2,0.5,1.2,0.6,0.8,0.1,1.1,2.7,4.2,2.6,0.5,2.8,0.5,4.4,1.0,1.4,0.7,4.2,0.8,0.7,2.5,0.3,1.1,1.1,1.0,0.7,0.1,0.1,0.6,0.5,0.4
2017-05-28 01:44:00+02:00,0.3,0.4,0.4,1.7,4.5,3.5,3.0,0.7,0.2,1.3,0.7,3.6,0.5,1.1,0.5,0.9,0.1,1.1,3.1,4.4,3.0,0.4,3.2,0.5,4.7,0.9,1.8,0.7,4.5,0.8,0.6,2.9,0.3,1.1,1.1,1.0,0.7,0.1,0.1,0.6,0.5,0.4
2017-05-28 01:45:00+02:00,0.3,0.4,0.2,1.9,4.4,3.5,3.0,0.6,0.2,1.4,0.6,3.6,0.4,0.9,0.3,0.9,0.1,0.8,3.1,4.4,3.0,0.2,3.2,0.5,4.6,0.8,2.0,0.8,4.5,0.6,0.4,2.9,0.3,1.1,1.1,1.0,0.7,0.1,0.1,0.6,0.5,0.4
2017-05-28 01:46:00+02:00,0.3,0.4,0.2,1.9,4.4,3.4,3.0,0.6,0.2,1.4,0.6,3.5,0.4,1.0,0.3,0.8,0.1,0.9,3.1,4.4,3.0,0.2,3.2,0.5,4.6,0.9,1.9,0.8,4.5,0.6,0.4,2.9,0.3,1.1,1.1,1.0,0.8,0.2,0.1,0.6,0.5,0.4
2017-05-28 01:47:00+02:00,0.4,0.4,0.2,1.2,3.7,2.6,2.4,0.6,0.2,1.4,0.6,2.8,0.4,0.9,0.3,0.8,0.1,0.8,2.5,3.6,2.3,0.2,2.6,0.5,3.9,0.9,1.3,0.7,3.7,0.6,0.4,2.2,0.3,1.1,1.1,1.0,0.8,0.2,0.1,0.6,0.5,0.4
2017-05-28 01:48:00+02:00,0.3,0.5,0.2,1.0,3.5,2.5,2.3,0.7,0.2,1.2,0.6,2.6,0.5,1.0,0.3,0.7,0.1,0.9,2.3,3.5,2.2,0.2,2.4,0.4,3.7,0.8,1.1,0.6,3.6,0.7,0.4,2.1,0.4,1.1,1.1,1.0,0.7,0.2,0.1,0.6,0.5,0.4
2017-05-28 01:49:00+02:00,0.3,0.5,0.7,1.1,4.0,2.6,2.4,0.8,0.2,1.2,1.0,2.7,0.6,1.1,0.8,0.6,0.2,1.0,2.4,4.0,2.3,0.7,2.5,0.4,4.2,1.3,1.1,0.5,4.1,0.8,0.9,2.2,0.4,0.9,0.9,0.8,0.5,0.2,0.1,0.3,0.3,0.2
2017-05-28 01:50:00+02:00,0.3,0.5,0.5,1.1,4.0,2.7,2.4,0.8,0.2,1.0,0.9,2.8,0.6,1.1,0.6,0.6,0.2,1.0,2.6,4.0,2.3,0.5,2.7,0.4,4.2,1.1,1.2,0.5,4.1,0.8,0.7,2.3,0.4,0.9,0.8,0.8,0.5,0.2,0.1,0.3,0.3,0.2
2017-05-28 01:51:00+02:00,0.3,0.5,0.1,1.2,3.8,2.8,2.4,0.8,0.2,1.6,0.6,2.9,0.6,1.1,0.3,0.5,0.2,1.0,2.6,3.7,2.3,0.2,2.7,0.4,4.0,0.9,1.2,0.5,3.9,0.8,0.5,2.3,0.3,0.7,0.6,0.6,0.5,0.2,0.1,0.3,0.2,0.1
2017-05-28 01:52:00+02:00,0.3,0.5,0.6,1.2,3.9,2.5,2.2,0.6,0.2,2.5,1.1,2.7,0.5,0.9,0.8,0.5,0.2,0.8,2.4,3.8,2.1,0.7,2.5,0.4,4.1,1.1,1.2,0.5,4.0,0.6,1.0,2.1,0.4,0.6,0.6,0.5,0.5,0.2,0.1,0.3,0.3,0.2
2017-05-28 01:53:00+02:00,0.3,0.5,0.2,1.1,3.4,2.4,2.1,0.6,0.2,2.5,0.7,2.6,0.5,0.8,0.4,0.5,0.2,0.8,2.3,3.3,2.0,0.3,2.4,0.4,3.7,0.7,1.2,0.5,3.6,0.6,0.6,2.0,0.4,0.6,0.6,0.5,0.5,0.2,0.1,0.3,0.3,0.1
2017-05-28 01:54:00+02:00,0.3,0.6,0.5,1.3,3.9,2.7,2.4,0.6,0.3,2.6,0.9,2.8,0.5,0.9,0.7,0.5,0.2,0.8,2.5,3.8,2.3,0.5,2.6,0.4,4.2,1.0,1.4,0.5,4.0,0.7,0.8,2.3,0.5,0.7,0.7,0.6,0.5,0.2,0.1,0.3,0.3,0.2
2017-05-28 01:55:00+02:00,0.3,0.7,0.3,1.4,4.1,2.8,2.5,0.7,0.3,2.2,1.0,3.0,0.5,0.9,0.8,0.6,0.2,0.8,2.6,4.0,2.4,0.3,2.7,0.4,4.3,1.1,1.5,0.5,4.2,0.7,0.9,2.4,0.5,0.7,0.7,0.6,0.6,0.2,0.2,0.4,0.3,0.2
2017-05-28 01:56:00+02:00,0.3,0.5,0.4,1.3,4.0,2.7,2.5,0.6,0.3,1.4,0.9,2.9,0.5,0.9,0.7,0.7,0.2,0.9,2.6,3.9,2.3,0.5,2.7,0.4,4.2,1.0,1.4,0.6,4.1,0.7,0.8,2.3,0.4,0.7,0.7,0.6,0.5,0.2,0.1,0.4,0.3,0.2
2017-05-28 01:57:00+02:00,0.3,0.5,1.0,2.1,5.7,3.9,3.7,1.0,0.2,1.4,1.4,4.1,0.9,1.3,1.2,0.7,0.2,1.3,3.8,5.6,3.5,1.1,3.9,0.4,5.9,1.5,2.2,0.6,5.8,1.1,1.3,3.5,0.3,0.7,0.7,0.6,0.5,0.1,0.1,0.4,0.3,0.3
2017-05-28 01:58:00+02:00,0.3,0.6,0.5,2.1,5.1,3.5,3.2,0.6,0.3,1.4,1.3,3.6,0.5,0.9,0.7,0.7,0.2,0.9,3.4,5.0,3.1,0.6,3.5,0.4,5.3,1.3,2.2,0.6,5.2,0.7,0.9,3.1,0.4,0.9,0.8,0.8,0.7,0.1,0.1,0.6,0.5,0.4
2017-05-28 01:59:00+02:00,0.3,0.5,0.3,1.3,3.7,2.7,2.5,0.6,0.2,1.4,0.7,2.9,0.5,0.9,0.4,0.6,0.2,0.9,2.6,3.6,2.4,0.3,2.7,0.4,3.9,0.8,1.4,0.6,3.8,0.7,0.6,2.3,0.3,1.0,1.0,0.9,0.8,0.1,0.1,0.7,0.7,0.6
2017-05-28 02:00:00+02:00,0.3,0.5,0.0,1.0,3.0,2.2,1.9,0.5,0.2,1.4,0.5,2.3,0.3,0.8,0.2,0.6,0.2,0.7,2.0,2.9,1.8,0.1,2.2,0.4,3.2,0.5,1.0,0.6,3.2,0.6,0.4,1.8,0.3,1.5,1.5,1.4,1.3,0.1,0.1,1.2,1.1,1.1
2017-05-28 02:01:00+02:00,0.3,0.5,0.0,1.0,3.0,2.2,1.9,0.4,0.2,1.4,0.5,2.4,0.3,0.7,0.2,0.7,0.1,0.6,2.0,2.8,1.8,0.1,2.1,0.4,3.2,0.5,1.0,0.6,3.2,0.5,0.3,1.8,0.3,1.7,1.6,1.5,1.5,0.1,0.1,1.3,1.3,1.2
2017-05-28 02:02:00+02:00,0.3,0.4,0.0,1.0,2.8,2.1,1.9,0.4,0.2,1.4,0.3,2.3,0.2,0.7,0.2,0.7,0.1,0.6,2.0,2.7,1.8,0.1,2.1,0.4,3.0,0.4,1.0,0.6,3.0,0.5,0.3,1.7,0.3,1.1,1.1,1.0,0.9,0.1,0.1,0.8,0.7,0.6
2017-05-28 02:03:00+02:00,0.2,0.5,0.0,1.0,3.0,2.2,1.9,0.4,0.2,1.2,0.4,2.4,0.2,0.7,0.2,0.6,0.1,0.7,2.1,2.9,1.8,0.1,2.2,0.3,3.2,0.5,1.1,0.5,3.1,0.5,0.3,1.8,0.3,1.8,1.8,1.7,0.6,0.1,0.1,0.4,0.4,0.3
2017-05-28 02:04:00+02:00,0.3,0.4,0.0,1.0,3.0,2.2,1.9,0.5,0.1,1.3,0.4,2.4,0.3,0.7,0.2,0.6,0.1,0.7,2.0,2.8,1.7,0.1,2.1,0.3,3.1,0.5,1.0,0.5,3.0,0.6,0.2,1.7,0.3,0.9,0.9,0.8,0.6,0.1,0.1,0.5,0.4,0.3
2017-05-28 02:05:00+02:00,0.3,0.4,0.0,1.0,3.3,2.3,2.0,0.6,0.1,1.3,0.6,2.5,0.5,0.9,0.2,0.6,0.1,0.8,2.1,3.2,1.9,0.1,2.3,0.3,3.6,0.7,1.0,0.5,3.4,0.7,0.2,1.9,0.2,0.8,0.8,0.7,0.6,0.1,0.1,0.5,0.4,0.3
2017-05-28 02:06:00+02:00,0.3,0.4,0.0,1.0,3.4,2.4,2.1,0.7,0.2,1.1,0.6,2.6,0.5,1.0,0.2,0.6,0.1,0.9,2.3,3.3,2.0,0.1,2.4,0.3,3.7,0.7,1.0,0.5,3.5,0.8,0.2,2.0,0.3,0.8,0.8,0.7,0.6,0.1,0.1,0.5,0.4,0.3
2017-05-28 02:07:00+02:00,0.2,0.5,0.0,1.0,3.1,2.2,1.9,0.4,0.2,0.8,0.5,2.4,0.3,0.7,0.2,0.6,0.1,0.6,2.0,3.0,1.8,0.1,2.1,0.3,3.4,0.6,1.0,0.5,3.2,0.5,0.2,1.7,0.4,0.8,0.8,0.7,0.6,0.1,0.1,0.5,0.4,0.3
2017-05-28 02:08:00+02:00,0.2,0.5,0.0,1.0,3.3,2.6,2.3,0.8,0.3,0.8,0.3,2.8,0.7,1.1,0.2,0.6,0.1,1.0,2.4,3.2,2.2,0.1,2.6,0.3,3.6,0.4,1.1,0.4,3.4,0.9,0.2,2.2,0.4,0.8,0.7,0.7,0.6,0.1,0.1,0.5,0.4,0.3
2017-05-28 02:09:00+02:00,0.2,0.4,0.0,0.9,3.5,2.8,2.5,0.9,0.2,0.8,0.4,3.0,0.8,1.3,0.2,0.6,0.1,1.2,2.6,3.4,2.3,0.1,2.7,0.3,3.7,0.4,1.0,0.5,3.6,1.1,0.2,2.3,0.3,0.7,0.7,0.7,0.6,0.1,0.1,0.5,0.4,0.3
2017-05-28 02:10:00+02:00,0.2,0.4,0.0,0.9,3.4,2.7,2.4,0.9,0.2,0.9,0.4,2.9,0.8,1.2,0.2,0.6,0.1,1.1,2.5,3.3,2.3,0.1,2.7,0.3,3.7,0.5,1.0,0.5,3.5,1.0,0.2,2.3,0.3,0.7,0.7,0.7,0.6,0.2,0.1,0.5,0.4,0.3
2017-05-28 02:11:00+02:00,0.3,0.4,0.0,0.9,3.4,2.6,2.4,0.9,0.2,0.9,0.4,2.8,0.8,1.2,0.3,0.6,0.1,1.1,2.5,3.3,2.2,0.1,2.6,0.3,3.6,0.5,1.0,0.5,3.5,1.0,0.3,2.2,0.2,0.7,0.7,0.7,0.6,0.2,0.1,0.5,0.4,0.3
2017-05-28 02:12:00+02:00,0.3,0.3,0.0,0.8,3.3,2.6,2.3,0.8,0.1,0.8,0.4,2.8,0.7,1.2,0.3,0.6,0.1,1.1,2.4,3.2,2.1,0.1,2.5,0.3,3.5,0.5,0.9,0.5,3.4,0.9,0.3,2.1,0.1,0.7,0.7,0.7,0.6,0.2,0.1,0.5,0.4,0.3
2017-05-28 02:13:00+02:00,0.2,0.3,0.0,0.8,3.4,2.6,2.4,0.9,0.0,0.7,0.4,2.8,0.8,1.3,0.2,0.5,0.1,1.1,2.5,3.3,2.2,0.1,2.6,0.3,3.6,0.5,0.9,0.4,3.5,1.0,0.3,2.2,0.1,0.7,0.7,0.7,0.7,0.2,0.1,0.5,0.4,0.3
2017-05-28 02:14:00+02:00,0.1,0.3,0.0,0.7,3.3,2.5,2.2,0.9,0.0,0.7,0.4,2.7,0.8,1.2,0.2,0.4,0.1,1.1,2.3,3.2,2.0,0.1,2.4,0.2,3.5,0.5,0.8,0.4,3.3,1.0,0.3,2.0,0.1,0.7,0.7,0.7,0.7,0.2,0.1,0.5,0.4,0.3
2017-05-28 02:15:00+02:00,0.1,0.3,0.0,0.6,3.0,2.2,1.9,0.6,0.0,0.9,0.4,2.4,0.5,1.1,0.2,0.5,0.2,0.9,2.0,2.9,1.8,0.1,2.1,0.2,3.2,0.5,0.7,0.4,3.1,0.7,0.3,1.7,0.1,0.7,0.7,0.7,0.7,0.2,0.1,0.5,0.4,0.3
2017-05-28 02:16:00+02:00,0.2,0.3,0.0,0.6,2.9,2.2,1.8,0.6,0.0,0.9,0.4,2.3,0.4,1.0,0.3,0.5,0.2,0.9,2.0,2.8,1.7,0.1,2.1,0.3,3.2,0.5,0.7,0.4,3.0,0.7,0.3,1.7,0.1,0.7,0.7,0.7,0.7,0.2,0.1,0.4,0.4,0.3
2017-05-28 02:17:00+02:00,0.2,0.4,0.0,0.6,3.2,2.3,1.9,0.6,0.0,0.9,0.5,2.4,0.4,1.0,0.3,0.5,0.2,0.9,2.1,3.0,1.8,0.1,2.2,0.3,3.4,0.6,0.7,0.4,3.3,0.7,0.3,1.7,0.1,1.0,0.9,0.9,0.9,0.4,0.3,0.5,0.4,0.3
2017-05-28 02:18:00+02:00,0.1,0.3,0.0,0.6,3.1,2.3,1.9,0.6,0.0,0.9,0.5,2.4,0.4,1.0,0.3,0.5,0.2,0.9,2.0,3.0,1.8,0.1,2.1,0.3,3.3,0.6,0.6,0.4,3.2,0.7,0.3,1.7,0.1,0.8,0.8,0.8,0.7,0.2,0.2,0.5,0.4,0.3
2017-05-28 02:19:00+02:00,0.1,0.3,0.0,0.6,3.3,2.4,1.7,0.6,0.0,0.8,0.6,2.6,0.4,1.0,0.2,0.5,0.1,0.8,1.9,3.1,1.7,0.1,2.3,0.3,3.5,0.6,0.6,0.4,3.4,0.7,0.4,1.6,0.1,0.6,0.6,0.6,0.5,0.2,0.2,0.3,0.3,0.2
2017-05-28 02:20:00+02:00,0.1,0.3,0.0,0.6,3.2,2.3,1.7,0.6,0.0,0.8,0.6,2.4,0.4,1.0,0.3,0.5,0.1,0.8,1.8,3.0,1.6,0.1,2.2,0.3,3.4,0.7,0.6,0.4,3.2,0.7,0.4,1.6,0.1,0.7,0.6,0.6,0.5,0.2,0.2,0.3,0.3,0.2
2017-05-28 02:21:00+02:00,0.1,0.3,0.0,0.6,3.0,2.2,1.7,0.6,0.0,1.0,0.6,2.3,0.4,0.9,0.2,0.5,0.1,0.8,1.8,2.9,1.6,0.1,2.1,0.3,3.3,0.6,0.6,0.4,3.1,0.7,0.3,1.5,0.1,0.7,0.6,0.6,0.5,0.2,0.2,0.3,0.2,0.2
2017-05-28 02:22:00+02:00,0.1,0.3,0.0,0.6,3.0,2.2,1.8,0.6,0.0,0.9,0.5,2.3,0.5,1.0,0.2,0.5,0.1,0.9,1.9,2.8,1.7,0.1,2.1,0.3,3.2,0.6,0.6,0.4,3.0,0.7,0.3,1.6,0.1,0.7,0.6,0.6,0.5,0.2,0.2,0.3,0.2,0.2
2017-05-28 02:23:00+02:00,0.1,0.3,0.0,0.6,2.9,2.1,1.7,0.6,0.0,0.6,0.5,2.3,0.5,1.0,0.2,0.5,0.1,0.9,1.8,2.8,1.6,0.1,2.1,0.3,3.2,0.6,0.6,0.4,3.0,0.7,0.3,1.6,0.1,0.8,0.7,0.7,0.6,0.2,0.2,0.4,0.2,0.2
2017-05-28 02:24:00+02:00,0.1,0.3,0.0,0.5,2.9,2.1,1.7,0.6,0.0,0.6,0.5,2.3,0.5,1.0,0.2,0.5,0.1,0.9,1.8,2.7,1.6,0.1,2.1,0.3,3.2,0.6,0.6,0.4,3.0,0.7,0.3,1.6,0.1,0.7,0.7,0.6,0.5,0.2,0.1,0.4,0.2,0.2
2017-05-28 02:25:00+02:00,0.2,0.3,0.0,0.6,2.8,2.1,1.7,0.6,0.0,0.7,0.5,2.3,0.4,0.9,0.2,0.6,0.1,0.9,1.8,2.8,1.6,0.1,2.1,0.4,3.1,0.5,0.6,0.6,3.0,0.7,0.3,1.5,0.2,0.7,0.7,0.6,0.5,0.1,0.1,0.4,0.2,0.2
2017-05-28 02:26:00+02:00,0.2,0.4,0.0,0.6,2.9,2.2,1.6,0.6,0.0,0.7,0.4,2.4,0.4,0.8,0.2,0.6,0.1,0.7,1.8,2.9,1.5,0.1,2.2,0.4,3.2,0.5,0.7,0.6,3.0,0.7,0.2,1.5,0.2,0.9,0.8,0.7,0.6,0.2,0.2,0.4,0.3,0.2
2017-05-28 02:27:00+02:00,0.2,0.4,0.0,0.7,2.9,2.2,1.7,0.6,0.1,0.7,0.4,2.4,0.5,0.8,0.1,0.6,0.1,0.8,1.8,2.9,1.6,0.1,2.2,0.4,3.2,0.5,0.7,0.6,3.0,0.7,0.2,1.5,0.2,0.8,0.8,0.7,0.5,0.2,0.2,0.4,0.3,0.2
2017-05-28 02:28:00+02:00,0.2,0.4,0.0,0.7,3.0,2.4,1.8,0.8,0.1,0.7,0.4,2.6,0.6,1.0,0.1,0.6,0.2,0.9,2.0,3.0,1.7,0.1,2.3,0.4,3.3,0.5,0.7,0.6,3.1,0.9,0.2,1.7,0.2,0.7,0.7,0.7,0.5,0.2,0.2,0.4,0.3,0.2
2017-05-28 02:29:00+02:00,0.2,0.4,0.0,0.7,3.1,2.5,1.8,0.8,0.0,0.8,0.4,2.6,0.6,0.9,0.1,0.6,0.2,0.9,1.9,3.1,1.7,0.1,2.3,0.4,3.3,0.5,0.7,0.6,3.1,0.8,0.2,1.6,0.2,0.7,0.7,0.6,0.5,0.2,0.2,0.4,0.3,0.2
2017-05-28 02:30:00+02:00,0.3,0.4,0.0,0.7,2.9,2.3,1.7,0.7,0.0,0.9,0.4,2.5,0.5,0.8,0.1,0.8,0.2,0.8,1.8,2.9,1.6,0.0,2.2,0.5,3.2,0.5,0.7,0.7,3.0,0.7,0.2,1.6,0.2,0.7,0.7,0.6,0.5,0.2,0.2,0.4,0.3,0.2
2017-05-28 02:31:00+02:00,0.3,0.3,0.0,0.7,3.0,2.3,1.8,0.7,0.0,0.9,0.4,2.5,0.5,0.9,0.1,0.8,0.2,0.9,1.9,2.9,1.7,0.0,2.2,0.5,3.2,0.4,0.7,0.7,3.0,0.8,0.2,1.7,0.2,0.7,0.7,0.6,0.5,0.2,0.1,0.4,0.3,0.2
2017-05-28 02:32:00+02:00,0.3,0.3,0.0,0.6,2.9,2.3,1.9,0.7,0.0,0.9,0.4,2.5,0.5,0.9,0.1,0.7,0.2,0.9,2.0,2.9,1.8,0.0,2.2,0.4,3.2,0.4,0.8,0.7,3.0,0.8,0.2,1.7,0.2,0.8,0.7,0.6,0.5,0.2,0.2,0.4,0.3,0.2
2017-05-28 02:33:00+02:00,0.1,0.3,0.0,0.6,2.8,2.2,1.7,0.5,0.0,0.6,0.4,2.3,0.4,0.8,0.1,0.4,0.1,0.7,1.8,2.8,1.6,0.0,2.1,0.2,3.1,0.5,0.8,0.4,2.9,0.6,0.2,1.6,0.2,0.8,0.7,0.6,0.5,0.1,0.0,0.4,0.3,0.2
2017-05-28 02:34:00+02:00,0.1,0.3,0.0,0.6,2.7,2.1,1.8,0.6,0.0,0.6,0.4,2.3,0.4,0.8,0.1,0.4,0.1,0.8,1.9,2.7,1.7,0.0,2.0,0.2,3.0,0.4,0.8,0.4,2.8,0.7,0.2,1.6,0.2,1.0,0.9,0.7,0.6,0.1,0.0,0.6,0.5,0.3
2017-05-28 02:35:00+02:00,0.1,0.3,0.0,0.6,2.9,2.3,1.9,0.7,0.0,0.6,0.4,2.4,0.4,0.9,0.2,0.4,0.1,0.8,2.0,2.9,1.8,0.1,2.2,0.2,3.2,0.5,0.8,0.4,3.0,0.8,0.2,1.7,0.2,1.0,0.9,0.7,0.6,0.1,0.0,0.6,0.5,0.4
2017-05-28 02:36:00+02:00,0.1,0.4,0.0,0.6,2.9,2.3,1.9,0.7,0.1,0.6,0.4,2.4,0.4,0.9,0.2,0.4,0.1,0.9,2.0,2.9,1.8,0.1,2.2,0.2,3.2,0.5,0.8,0.4,3.0,0.8,0.3,1.7,0.2,0.9,0.8,0.8,0.6,0.1,0.0,0.6,0.5,0.4
2017-05-28 02:37:00+02:00,0.1,0.4,0.0,0.7,2.8,2.2,1.8,0.6,0.1,0.7,0.4,2.3,0.4,0.8,0.2,0.5,0.1,0.8,1.9,2.8,1.7,0.1,2.1,0.3,3.1,0.5,0.8,0.5,2.9,0.7,0.3,1.6,0.2,0.6,0.5,0.5,0.4,0.1,0.1,0.3,0.2,0.1
2017-05-28 02:38:00+02:00,0.2,0.4,0.0,0.7,2.8,2.0,1.7,0.6,0.1,0.8,0.5,2.2,0.4,0.8,0.2,0.6,0.1,0.7,1.7,2.7,1.6,0.1,1.9,0.3,3.0,0.5,0.7,0.5,2.8,0.7,0.3,1.5,0.2,0.6,0.5,0.5,0.4,0.1,0.1,0.3,0.2,0.1
2017-05-28 02:39:00+02:00,0.2,0.4,0.0,0.6,2.8,2.0,1.6,0.6,0.1,0.8,0.5,2.1,0.4,0.7,0.2,0.5,0.1,0.7,1.7,2.7,1.5,0.1,1.9,0.3,3.1,0.6,0.7,0.5,2.9,0.6,0.3,1.4,0.2,0.6,0.5,0.5,0.4,0.1,0.1,0.3,0.2,0.1
2017-05-28 02:40:00+02:00,0.3,0.4,0.0,0.7,2.8,2.0,1.6,0.5,0.1,0.8,0.5,2.1,0.4,0.7,0.2,0.6,0.1,0.6,1.7,2.7,1.5,0.1,1.9,0.4,3.1,0.6,0.8,0.6,2.9,0.6,0.3,1.4,0.2,0.6,0.5,0.5,0.4,0.1,0.1,0.3,0.2,0.1
2017-05-28 02:41:00+02:00,0.3,0.4,0.0,0.7,2.8,2.0,1.6,0.5,0.1,0.9,0.5,2.1,0.4,0.6,0.2,0.6,0.1,0.6,1.7,2.7,1.5,0.1,1.9,0.4,3.0,0.6,0.8,0.6,2.8,0.6,0.3,1.5,0.3,0.6,0.5,0.5,0.4,0.1,0.1,0.3,0.2,0.1
2017-05-28 02:42:00+02:00,0.3,0.4,0.0,0.6,2.7,1.8,1.6,0.5,0.1,0.9,0.5,2.0,0.3,0.6,0.2,0.6,0.1,0.6,1.6,2.6,1.4,0.1,1.8,0.4,3.0,0.6,0.7,0.6,2.8,0.5,0.3,1.4,0.3,0.6,0.6,0.5,0.4,0.1,0.1,0.3,0.2,0.1
2017-05-28 02:43:00+02:00,0.3,0.4,0.0,0.6,2.7,1.8,1.5,0.5,0.0,0.8,0.5,2.0,0.3,0.6,0.2,0.6,0.1,0.6,1.6,2.6,1.4,0.1,1.8,0.4,2.9,0.6,0.7,0.6,2.7,0.6,0.3,1.4,0.2,0.6,0.6,0.5,0.4,0.1,0.1,0.3,0.2,0.1
2017-05-28 02:44:00+02:00,0.3,0.2,0.0,0.5,3.0,2.2,1.9,1.0,0.0,0.9,0.5,2.3,0.8,1.1,0.2,0.6,0.1,1.1,2.0,3.0,1.8,0.1,2.2,0.4,3.3,0.6,0.6,0.6,3.1,1.0,0.3,1.7,0.1,0.6,0.6,0.5,0.4,0.1,0.1,0.3,0.2,0.1
2017-05-28 02:45:00+02:00,0.2,0.2,0.0,0.6,3.6,2.7,2.4,1.5,0.0,0.8,0.5,2.9,1.4,1.6,0.2,0.5,0.1,1.6,2.5,3.5,2.3,0.1,2.7,0.3,3.8,0.6,0.7,0.5,3.6,1.6,0.3,2.3,0.1,0.6,0.5,0.5,0.4,0.1,0.1,0.3,0.2,0.1
2017-05-28 02:46:00+02:00,0.2,0.2,0.0,0.6,2.7,1.9,1.5,0.6,0.0,0.8,0.5,2.0,0.4,0.7,0.2,0.5,0.1,0.6,1.6,2.6,1.4,0.1,1.8,0.3,3.0,0.6,0.6,0.5,2.8,0.6,0.3,1.3,0.1,0.6,0.5,0.5,0.4,0.2,0.1,0.3,0.2,0.1
2017-05-28 02:47:00+02:00,0.1,0.2,0.0,0.6,2.7,1.9,1.5,0.5,0.0,0.7,0.4,2.1,0.4,0.7,0.2,0.4,0.1,0.6,1.6,2.6,1.4,0.1,1.8,0.2,2.9,0.5,0.7,0.4,2.7,0.6,0.3,1.3,0.1,0.6,0.6,0.6,0.5,0.2,0.1,0.3,0.2,0.1
2017-05-28 02:48:00+02:00,0.2,0.2,0.0,0.6,2.7,2.0,1.6,0.5,0.0,0.8,0.4,2.1,0.3,0.6,0.2,0.5,0.1,0.5,1.6,2.6,1.4,0.1,1.9,0.3,2.9,0.5,0.6,0.5,2.7,0.5,0.3,1.3,0.1,0.6,0.6,0.6,0.4,0.2,0.1,0.3,0.2,0.1
2017-05-28 02:49:00+02:00,0.1,0.3,0.0,0.7,2.8,2.2,1.8,0.5,0.0,0.7,0.4,2.3,0.3,0.7,0.2,0.4,0.1,0.6,1.9,2.8,1.6,0.1,2.1,0.2,3.1,0.5,0.8,0.4,2.9,0.5,0.3,1.4,0.2,0.6,0.6,0.5,0.4,0.2,0.1,0.2,0.2,0.1
2017-05-28 02:50:00+02:00,0.1,0.3,0.0,0.7,2.8,2.2,1.8,0.6,0.0,0.7,0.4,2.3,0.3,0.8,0.2,0.4,0.1,0.7,1.9,2.8,1.6,0.1,2.1,0.2,3.1,0.5,0.7,0.3,2.9,0.7,0.3,1.5,0.1,0.6,0.6,0.6,0.4,0.2,0.1,0.2,0.2,0.1
2017-05-28 02:51:00+02:00,0.1,0.3,0.0,0.6,2.6,2.0,1.7,0.7,0.0,0.7,0.4,2.2,0.4,0.8,0.2,0.4,0.1,0.7,1.8,2.6,1.6,0.1,2.0,0.2,2.9,0.5,0.7,0.3,2.7,0.7,0.2,1.5,0.2,0.6,0.6,0.5,0.5,0.2,0.1,0.2,0.2,0.1
2017-05-28 02:52:00+02:00,0.1,0.4,0.0,0.7,2.7,2.1,1.8,0.6,0.0,0.6,0.4,2.2,0.4,0.8,0.2,0.4,0.1,0.7,1.8,2.7,1.7,0.1,2.0,0.2,3.0,0.5,0.8,0.3,2.8,0.7,0.2,1.6,0.3,0.6,0.6,0.5,0.4,0.2,0.1,0.2,0.2,0.1
2017-05-28 02:53:00+02:00,0.1,0.4,0.0,0.7,2.8,2.0,1.8,0.7,0.0,0.6,0.5,2.2,0.4,0.8,0.2,0.4,0.1,0.8,1.8,2.8,1.7,0.1,1.9,0.2,3.0,0.6,0.8,0.3,2.9,0.7,0.3,1.6,0.3,0.6,0.5,0.5,0.4,0.2,0.1,0.2,0.2,0.1
2017-05-28 02:54:00+02:00,0.1,0.4,0.0,0.7,2.7,2.0,1.7,0.6,0.0,0.6,0.4,2.1,0.4,0.8,0.2,0.3,0.1,0.7,1.7,2.7,1.6,0.1,1.9,0.2,2.9,0.6,0.8,0.3,2.8,0.7,0.3,1.5,0.3,0.6,0.5,0.5,0.4,0.2,0.1,0.2,0.2,0.1
2017-05-28 02:55:00+02:00,0.2,0.3,0.0,0.6,2.6,1.8,1.6,0.6,0.0,0.7,0.4,2.0,0.4,0.8,0.2,0.4,0.1,0.7,1.6,2.6,1.5,0.1,1.7,0.2,2.8,0.6,0.7,0.4,2.7,0.7,0.3,1.4,0.2,0.6,0.6,0.5,0.5,0.2,0.2,0.3,0.2,0.1
2017-05-28 02:56:00+02:00,0.2,0.2,0.1,0.5,2.5,1.7,1.4,0.5,0.0,0.7,0.6,1.8,0.4,0.7,0.3,0.4,0.1,0.6,1.4,2.5,1.3,0.2,1.6,0.2,2.8,0.7,0.6,0.4,2.6,0.5,0.4,1.2,0.1,0.8,0.7,0.7,0.6,0.2,0.2,0.4,0.3,0.2
2017-05-28 02:57:00+02:00,0.2,0.2,0.1,0.6,2.5,1.7,1.4,0.5,0.0,0.7,0.6,1.8,0.5,0.7,0.3,0.4,0.1,0.6,1.5,2.4,1.3,0.2,1.6,0.3,2.8,0.6,0.6,0.4,2.7,0.5,0.4,1.3,0.1,0.7,0.7,0.6,0.6,0.2,0.1,0.4,0.3,0.1
2017-05-28 02:58:00+02:00,0.3,0.2,0.1,0.6,2.5,1.7,1.4,0.5,0.0,0.7,0.5,1.8,0.5,0.7,0.3,0.5,0.1,0.6,1.5,2.4,1.3,0.2,1.6,0.3,2.8,0.6,0.6,0.5,2.7,0.5,0.4,1.3,0.1,0.8,0.7,0.7,0.6,0.2,0.1,0.4,0.3,0.1
2017-05-28 02:59:00+02:00,0.3,0.2,0.1,0.5,2.4,1.6,1.4,0.5,0.0,0.8,0.5,1.8,0.5,0.7,0.3,0.6,0.1,0.6,1.4,2.4,1.3,0.1,1.5,0.3,2.7,0.6,0.5,0.5,2.5,0.6,0.4,1.2,0.1,0.8,0.8,0.7,0.6,0.2,0.1,0.4,0.3,0.1
2017-05-28 03:00:00+02:00,0.3,0.2,0.0,0.4,2.3,1.6,1.2,0.5,0.0,0.8,0.5,1.7,0.4,0.7,0.2,0.5,0.1,0.6,1.3,2.2,1.1,0.1,1.5,0.3,2.5,0.5,0.4,0.5,2.4,0.5,0.3,1.1,0.1,0.8,0.7,0.6,0.6,0.2,0.1,0.4,0.3,0.1
2017-05-28 03:01:00+02:00,0.2,0.2,0.0,0.4,2.3,1.6,1.3,0.5,0.0,0.7,0.5,1.7,0.4,0.7,0.2,0.4,0.1,0.6,1.4,2.2,1.2,0.1,1.5,0.2,2.5,0.5,0.4,0.4,2.4,0.6,0.3,1.1,0.1,0.8,0.7,0.7,0.6,0.3,0.1,0.3,0.3,0.1
2017-05-28 03:02:00+02:00,0.2,0.2,0.0,0.4,2.3,1.7,1.4,0.5,0.0,0.7,0.4,1.8,0.3,0.7,0.2,0.5,0.1,0.6,1.5,2.2,1.2,0.1,1.6,0.3,2.6,0.5,0.4,0.5,2.4,0.6,0.3,1.1,0.1,0.7,0.6,0.6,0.5,0.3,0.1,0.3,0.2,0.1
2017-05-28 03:03:00+02:00,0.1,0.2,0.0,0.3,2.1,1.5,1.2,0.5,0.0,0.8,0.3,1.6,0.3,0.7,0.2,0.5,0.1,0.6,1.3,2.0,1.1,0.1,1.4,0.4,2.3,0.4,0.4,0.5,2.2,0.5,0.3,1.1,0.1,0.6,0.6,0.5,0.5,0.2,0.1,0.3,0.2,0.1
2017-05-28 03:04:00+02:00,0.2,0.2,0.0,0.4,2.1,1.6,1.3,0.5,0.0,0.9,0.3,1.6,0.3,0.7,0.2,0.6,0.1,0.6,1.3,2.0,1.2,0.0,1.5,0.5,2.3,0.4,0.5,0.6,2.2,0.5,0.2,1.2,0.1,0.6,0.6,0.5,0.4,0.2,0.1,0.3,0.2,0.1
2017-05-28 03:05:00+02:00,0.2,0.2,0.0,0.4,2.1,1.6,1.3,0.5,0.0,0.8,0.3,1.6,0.3,0.7,0.2,0.6,0.1,0.6,1.4,2.0,1.2,0.1,1.5,0.5,2.3,0.4,0.5,0.6,2.2,0.5,0.3,1.2,0.1,0.6,0.5,0.5,0.4,0.2,0.1,0.2,0.2,0.1
2017-05-28 03:06:00+02:00,0.2,0.2,0.0,0.4,2.1,1.6,1.3,0.4,0.0,0.8,0.4,1.6,0.3,0.7,0.3,0.6,0.1,0.6,1.3,2.1,1.2,0.1,1.5,0.5,2.3,0.4,0.5,0.6,2.3,0.5,0.3,1.2,0.1,0.5,0.5,0.5,0.4,0.2,0.1,0.2,0.2,0.1
2017-05-28 03:07:00+02:00,0.2,0.2,0.0,0.4,3.1,1.6,1.3,0.4,0.0,0.7,1.3,1.6,0.3,0.7,0.3,0.6,0.1,0.6,1.3,3.0,1.2,0.1,1.5,0.4,3.3,1.4,0.5,0.5,3.2,0.5,0.3,1.2,0.1,0.6,0.6,0.6,0.5,0.3,0.2,0.2,0.2,0.1
2017-05-28 03:08:00+02:00,0.2,0.2,0.0,0.4,2.3,1.5,1.3,0.4,0.0,0.7,0.5,1.6,0.3,0.6,0.3,0.5,0.1,0.6,1.3,2.2,1.2,0.1,1.4,0.4,2.4,0.6,0.5,0.5,2.3,0.5,0.3,1.2,0.1,0.6,0.6,0.6,0.5,0.3,0.2,0.2,0.2,0.1
2017-05-28 03:09:00+02:00,0.2,0.2,0.0,0.4,2.2,1.6,1.3,0.4,0.0,0.7,0.4,1.7,0.3,0.7,0.3,0.5,0.1,0.6,1.4,2.1,1.2,0.1,1.5,0.4,2.4,0.5,0.5,0.5,2.2,0.5,0.4,1.2,0.1,0.6,0.6,0.5,0.5,0.3,0.2,0.2,0.2,0.1
2017-05-28 03:10:00+02:00,0.2,0.5,0.0,0.8,2.6,1.9,1.7,0.4,0.0,0.7,0.5,2.0,0.3,0.7,0.3,0.5,0.1,0.6,1.7,2.5,1.6,0.2,1.8,0.4,2.8,0.6,0.9,0.5,2.7,0.5,0.4,1.5,0.4,0.6,0.5,0.5,0.5,0.2,0.2,0.3,0.2,0.1
2017-05-28 03:11:00+02:00,0.2,0.3,0.0,0.5,2.5,1.7,1.4,0.5,0.0,0.7,0.4,1.8,0.4,0.7,0.3,0.5,0.1,0.7,1.5,2.3,1.4,0.2,1.6,0.4,2.7,0.5,0.6,0.4,2.6,0.6,0.4,1.4,0.2,0.6,0.6,0.5,0.5,0.2,0.2,0.3,0.3,0.1
2017-05-28 03:12:00+02:00,0.1,0.3,0.0,0.5,2.6,1.8,1.6,0.7,0.1,0.6,0.5,1.9,0.6,0.9,0.3,0.4,0.1,0.9,1.6,2.4,1.5,0.2,1.7,0.3,2.8,0.5,0.6,0.4,2.7,0.7,0.4,1.5,0.2,0.6,0.5,0.5,0.5,0.2,0.1,0.3,0.2,0.1
2017-05-28 03:13:00+02:00,0.1,0.2,0.0,0.5,3.0,2.2,2.0,1.1,0.1,0.6,0.5,2.3,1.0,1.4,0.3,0.4,0.1,1.3,2.0,2.8,1.9,0.2,2.1,0.3,3.2,0.5,0.5,0.4,3.1,1.1,0.4,1.9,0.2,0.5,0.5,0.5,0.4,0.2,0.1,0.3,0.2,0.1
2017-05-28 03:14:00+02:00,0.1,0.2,0.0,0.4,2.6,1.8,1.6,0.8,0.1,0.6,0.5,2.0,0.7,1.0,0.3,0.4,0.1,1.0,1.6,2.5,1.5,0.1,1.7,0.3,2.8,0.5,0.4,0.4,2.7,0.8,0.3,1.5,0.2,0.5,0.5,0.5,0.4,0.2,0.1,0.2,0.2,0.1
2017-05-28 03:15:00+02:00,0.1,0.2,0.0,0.4,2.9,2.2,1.9,1.2,0.1,0.6,0.4,2.3,1.0,1.4,0.2,0.4,0.1,1.3,2.0,2.8,1.9,0.1,2.1,0.3,3.2,0.5,0.4,0.4,3.0,1.2,0.3,1.8,0.2,0.6,0.6,0.5,0.5,0.2,0.2,0.2,0.2,0.1
2017-05-28 03:16:00+02:00,0.1,0.3,0.0,0.4,2.3,1.5,1.3,0.4,0.1,0.6,0.4,1.6,0.3,0.7,0.2,0.4,0.1,0.6,1.3,2.1,1.2,0.1,1.4,0.3,2.5,0.5,0.5,0.4,2.4,0.5,0.3,1.2,0.2,0.5,0.5,0.4,0.4,0.2,0.2,0.2,0.1,0.1
2017-05-28 03:17:00+02:00,0.1,0.4,0.0,0.5,2.4,1.6,1.4,0.5,0.1,0.6,0.5,1.7,0.3,0.8,0.2,0.4,0.1,0.6,1.5,2.3,1.4,0.1,1.6,0.3,2.7,0.6,0.6,0.3,2.5,0.6,0.3,1.3,0.2,0.5,0.5,0.4,0.4,0.2,0.2,0.2,0.1,0.1
2017-05-28 03:18:00+02:00,0.2,0.4,0.0,0.6,2.5,1.7,1.5,0.5,0.1,0.6,0.4,1.8,0.3,0.8,0.2,0.4,0.1,0.6,1.5,2.3,1.4,0.1,1.6,0.3,2.7,0.5,0.7,0.4,2.6,0.6,0.2,1.4,0.2,0.6,0.5,0.5,0.4,0.2,0.2,0.2,0.1,0.1
2017-05-28 03:19:00+02:00,0.2,0.5,0.0,0.6,2.7,1.8,1.6,0.6,0.1,0.6,0.5,1.9,0.3,0.8,0.2,0.4,0.1,0.6,1.6,2.5,1.5,0.1,1.7,0.2,2.9,0.6,0.7,0.4,2.7,0.6,0.3,1.4,0.2,0.6,0.6,0.5,0.5,0.2,0.2,0.2,0.2,0.1
2017-05-28 03:20:00+02:00,0.2,0.3,0.0,0.5,2.7,1.8,1.5,0.6,0.1,0.7,0.5,1.9,0.3,0.8,0.3,0.5,0.1,0.7,1.6,2.6,1.4,0.1,1.7,0.2,2.9,0.6,0.6,0.5,2.8,0.6,0.3,1.4,0.2,0.6,0.6,0.5,0.5,0.2,0.2,0.2,0.2,0.1
2017-05-28 03:21:00+02:00,0.2,0.3,0.0,0.5,2.7,1.7,1.4,0.5,0.1,0.7,0.6,1.9,0.4,0.7,0.3,0.5,0.1,0.6,1.5,2.5,1.3,0.1,1.6,0.2,2.9,0.6,0.6,0.5,2.7,0.6,0.3,1.3,0.2,0.6,0.5,0.5,0.4,0.2,0.2,0.2,0.2,0.1
2017-05-28 03:22:00+02:00,0.2,0.3,0.0,0.5,2.5,1.6,1.3,0.5,0.1,0.7,0.5,1.7,0.4,0.7,0.2,0.5,0.1,0.6,1.4,2.3,1.2,0.1,1.5,0.2,2.7,0.6,0.6,0.5,2.5,0.5,0.3,1.2,0.2,0.6,0.6,0.5,0.5,0.2,0.2,0.3,0.2,0.1
2017-05-28 03:23:00+02:00,0.2,0.3,0.0,0.5,2.4,1.6,1.3,0.5,0.1,0.8,0.5,1.7,0.3,0.6,0.2,0.6,0.1,0.5,1.4,2.3,1.2,0.1,1.5,0.3,2.7,0.6,0.6,0.5,2.6,0.5,0.3,1.2,0.2,0.7,0.7,0.6,0.6,0.3,0.2,0.3,0.2,0.1
2017-05-28 03:24:00+02:00,0.2,0.4,0.0,0.5,2.5,1.6,1.3,0.5,0.1,0.9,0.6,1.7,0.3,0.6,0.3,0.8,0.1,0.5,1.4,2.3,1.2,0.1,1.5,0.4,2.9,0.7,0.6,0.6,2.7,0.5,0.4,1.2,0.2,0.6,0.6,0.6,0.5,0.3,0.2,0.2,0.2,0.1
2017-05-28 03:25:00+02:00,0.2,0.3,0.0,0.5,2.5,1.6,1.3,0.5,0.1,0.8,0.6,1.7,0.3,0.6,0.3,0.7,0.1,0.5,1.3,2.4,1.2,0.1,1.5,0.4,2.8,0.7,0.6,0.6,2.7,0.5,0.4,1.1,0.2,0.5,0.5,0.4,0.4,0.2,0.1,0.2,0.2,0.1
2017-05-28 03:26:00+02:00,0.2,0.3,0.1,0.5,2.3,1.6,1.3,0.5,0.1,0.9,0.4,1.8,0.3,0.6,0.2,0.7,0.1,0.5,1.3,2.3,1.2,0.1,1.5,0.4,2.7,0.5,0.5,0.6,2.5,0.5,0.3,1.1,0.2,0.5,0.5,0.4,0.4,0.1,0.1,0.3,0.2,0.1
2017-05-28 03:27:00+02:00,0.2,0.3,0.1,0.5,2.4,1.6,1.3,0.4,0.1,0.8,0.4,1.8,0.3,0.6,0.2,0.7,0.1,0.5,1.3,2.4,1.2,0.1,1.5,0.4,2.7,0.5,0.6,0.6,2.6,0.5,0.3,1.2,0.2,0.5,0.4,0.4,0.4,0.1,0.1,0.3,0.2,0.1
2017-05-28 03:28:00+02:00,0.2,0.3,0.1,0.5,2.4,1.6,1.3,0.4,0.1,0.8,0.4,1.8,0.3,0.6,0.2,0.7,0.1,0.5,1.3,2.3,1.2,0.1,1.5,0.4,2.7,0.5,0.6,0.6,2.6,0.4,0.3,1.1,0.2,0.5,0.4,0.4,0.4,0.1,0.1,0.3,0.2,0.1
2017-05-28 03:29:00+02:00,0.1,0.3,0.1,0.5,2.5,1.6,1.3,0.4,0.1,0.7,0.4,1.9,0.3,0.6,0.2,0.6,0.1,0.5,1.3,2.3,1.2,0.1,1.5,0.3,2.8,0.5,0.6,0.5,2.6,0.5,0.3,1.2,0.3,0.5,0.4,0.4,0.4,0.1,0.1,0.3,0.2,0.1
2017-05-28 03:30:00+02:00,0.1,0.3,0.0,0.6,2.4,1.6,1.3,0.4,0.1,0.6,0.4,1.9,0.2,0.6,0.2,0.5,0.1,0.5,1.4,2.3,1.2,0.1,1.5,0.2,2.7,0.4,0.6,0.4,2.6,0.5,0.2,1.2,0.2,0.5,0.5,0.4,0.4,0.1,0.1,0.3,0.2,0.1
2017-05-28 03:31:00+02:00,0.1,0.3,0.0,0.5,2.9,2.3,2.0,1.1,0.1,0.6,0.3,2.4,0.9,1.3,0.2,0.5,0.1,1.2,2.0,2.8,1.9,0.1,2.2,0.2,3.2,0.4,0.6,0.4,3.0,1.2,0.2,1.8,0.2,0.5,0.4,0.3,0.3,0.1,0.1,0.2,0.2,0.0
2017-05-28 03:32:00+02:00,0.2,0.3,0.0,0.5,3.3,2.7,2.4,1.5,0.1,0.6,0.3,2.8,1.2,1.7,0.2,0.5,0.1,1.6,2.5,3.2,2.3,0.1,2.6,0.2,3.5,0.4,0.6,0.4,3.4,1.6,0.2,2.3,0.2,0.4,0.4,0.3,0.3,0.1,0.1,0.2,0.2,0.0
2017-05-28 03:33:00+02:00,0.1,0.3,0.0,0.4,2.3,1.7,1.4,0.6,0.1,0.5,0.4,1.8,0.4,0.8,0.2,0.4,0.1,0.8,1.5,2.3,1.3,0.1,1.6,0.2,2.6,0.4,0.5,0.4,2.4,0.7,0.2,1.3,0.2,0.4,0.4,0.3,0.3,0.1,0.1,0.2,0.2,0.0
2017-05-28 03:34:00+02:00,0.1,0.3,0.0,0.5,2.4,1.7,1.3,0.5,0.1,0.5,0.4,1.8,0.3,0.7,0.2,0.4,0.1,0.7,1.4,2.3,1.3,0.1,1.6,0.2,2.6,0.5,0.6,0.4,2.5,0.6,0.3,1.3,0.2,0.6,0.6,0.5,0.5,0.1,0.1,0.3,0.3,0.2
2017-05-28 03:35:00+02:00,0.1,0.3,0.0,0.4,2.2,1.6,1.2,0.5,0.1,0.5,0.4,1.7,0.3,0.7,0.2,0.4,0.1,0.6,1.3,2.2,1.2,0.1,1.5,0.2,2.5,0.4,0.5,0.4,2.3,0.6,0.2,1.1,0.2,0.6,0.6,0.5,0.5,0.1,0.1,0.3,0.3,0.2
2017-05-28 03:36:00+02:00,0.1,0.4,0.0,0.6,2.4,1.8,1.4,0.5,0.1,0.6,0.4,1.9,0.3,0.7,0.1,0.4,0.1,0.6,1.5,2.3,1.3,0.0,1.7,0.2,2.7,0.4,0.6,0.4,2.5,0.6,0.2,1.3,0.2,0.6,0.6,0.5,0.5,0.1,0.1,0.3,0.3,0.2
2017-05-28 03:37:00+02:00,0.1,0.5,0.0,0.6,2.4,1.7,1.4,0.5,0.1,0.6,0.4,1.9,0.2,0.6,0.1,0.4,0.1,0.6,1.5,2.3,1.3,0.0,1.7,0.2,2.6,0.4,0.6,0.4,2.5,0.6,0.2,1.3,0.2,0.7,0.7,0.6,0.6,0.2,0.1,0.4,0.3,0.2
2017-05-28 03:38:00+02:00,0.1,0.5,0.0,0.7,2.7,2.0,1.6,0.5,0.1,0.6,0.4,2.1,0.2,0.7,0.1,0.4,0.1,0.6,1.7,2.6,1.5,0.0,1.9,0.2,2.9,0.5,0.8,0.4,2.8,0.6,0.2,1.5,0.2,0.8,0.7,0.7,0.6,0.3,0.2,0.4,0.2,0.1
2017-05-28 03:39:00+02:00,0.1,0.6,0.0,0.7,2.5,1.9,1.6,0.5,0.1,0.5,0.3,2.1,0.2,0.7,0.1,0.4,0.1,0.6,1.7,2.5,1.4,0.0,1.9,0.2,2.8,0.4,0.7,0.3,2.6,0.5,0.2,1.4,0.3,0.7,0.7,0.6,0.6,0.2,0.2,0.4,0.2,0.1
2017-05-28 03:40:00+02:00,0.1,0.5,0.0,0.6,2.6,1.9,1.5,0.5,0.1,0.6,0.4,2.1,0.2,0.7,0.2,0.4,0.1,0.5,1.6,2.5,1.4,0.0,1.8,0.2,2.8,0.4,0.7,0.4,2.7,0.5,0.2,1.4,0.2,0.8,0.8,0.7,0.7,0.2,0.2,0.4,0.3,0.1
2017-05-28 03:41:00+02:00,0.1,0.4,0.0,0.5,2.4,1.8,1.4,0.5,0.1,0.6,0.4,1.9,0.2,0.7,0.1,0.5,0.1,0.5,1.5,2.3,1.3,0.0,1.7,0.2,2.7,0.4,0.6,0.4,2.5,0.5,0.2,1.2,0.2,0.9,0.8,0.7,0.7,0.2,0.2,0.5,0.3,0.1
2017-05-28 03:42:00+02:00,0.9,0.4,0.0,0.6,2.6,1.8,1.5,0.4,0.1,1.5,0.4,2.0,0.2,0.6,0.2,1.3,0.1,0.5,1.6,2.5,1.3,0.0,1.7,1.0,2.7,0.5,0.7,1.2,2.7,0.5,0.3,1.3,0.3,0.9,0.9,0.8,0.7,0.2,0.2,0.5,0.3,0.1
2017-05-28 03:43:00+02:00,1.1,0.4,0.0,0.5,2.5,1.7,1.4,0.4,0.1,1.7,0.4,1.9,0.2,0.6,0.2,1.6,0.1,0.5,1.5,2.4,1.1,0.0,1.6,1.2,2.7,0.5,0.5,1.4,2.6,0.4,0.3,1.1,0.2,0.8,0.8,0.7,0.6,0.2,0.2,0.5,0.3,0.1
2017-05-28 03:44:00+02:00,0.8,0.3,0.1,0.7,2.7,2.0,1.6,0.4,0.1,1.3,0.5,2.1,0.2,0.6,0.2,1.1,0.1,0.5,1.7,2.6,1.3,0.1,1.9,0.8,2.9,0.5,0.7,1.1,2.8,0.4,0.3,1.3,0.2,0.8,0.8,0.7,0.6,0.2,0.2,0.5,0.3,0.1
2017-05-28 03:45:00+02:00,0.1,0.3,0.1,0.7,2.9,2.2,1.8,0.7,0.1,0.6,0.5,2.3,0.5,0.8,0.2,0.4,0.1,0.7,1.9,2.8,1.5,0.1,2.1,0.2,3.1,0.5,0.7,0.4,3.0,0.7,0.3,1.5,0.2,0.8,0.8,0.7,0.6,0.2,0.2,0.5,0.3,0.1
2017-05-28 03:46:00+02:00,0.1,0.3,0.1,0.7,2.8,2.2,1.8,0.6,0.1,0.6,0.4,2.3,0.5,0.8,0.2,0.4,0.1,0.7,2.0,2.8,1.6,0.1,2.1,0.2,3.1,0.4,0.7,0.4,3.0,0.7,0.3,1.5,0.2,0.8,0.8,0.7,0.6,0.2,0.2,0.5,0.3,0.1
2017-05-28 03:47:00+02:00,0.1,0.3,0.1,0.7,2.8,2.1,1.8,0.6,0.1,0.6,0.4,2.2,0.5,0.8,0.2,0.4,0.1,0.6,1.9,2.7,1.6,0.1,2.1,0.2,3.0,0.5,0.7,0.4,2.9,0.6,0.3,1.5,0.2,0.8,0.8,0.7,0.6,0.2,0.2,0.5,0.3,0.1
2017-05-28 03:48:00+02:00,0.2,0.3,0.1,0.7,2.7,2.0,1.7,0.6,0.1,0.7,0.4,2.1,0.5,0.8,0.2,0.5,0.1,0.6,1.8,2.6,1.5,0.1,1.9,0.3,2.9,0.5,0.7,0.5,2.8,0.6,0.3,1.5,0.2,0.8,0.8,0.7,0.6,0.2,0.2,0.5,0.3,0.1
2017-05-28 03:49:00+02:00,0.2,0.2,0.1,0.7,2.7,1.9,1.6,0.6,0.1,0.7,0.5,2.0,0.5,0.8,0.3,0.5,0.1,0.6,1.8,2.6,1.5,0.2,1.9,0.3,2.9,0.5,0.7,0.5,2.8,0.6,0.3,1.5,0.2,0.9,0.9,0.8,0.7,0.2,0.2,0.6,0.4,0.2
2017-05-28 03:50:00+02:00,0.2,0.2,0.1,0.7,2.7,2.0,1.6,0.6,0.1,0.7,0.5,2.1,0.5,0.8,0.3,0.5,0.1,0.6,1.9,2.6,1.5,0.2,2.0,0.3,3.0,0.5,0.7,0.5,2.8,0.6,0.3,1.5,0.2,0.9,0.8,0.8,0.7,0.2,0.2,0.6,0.4,0.2
2017-05-28 03:51:00+02:00,0.2,0.2,0.1,0.7,2.7,2.0,1.6,0.6,0.1,0.6,0.4,2.1,0.5,0.8,0.3,0.5,0.1,0.6,1.9,2.6,1.5,0.2,2.0,0.2,2.9,0.5,0.7,0.5,2.8,0.6,0.3,1.5,0.2,0.9,0.8,0.8,0.7,0.2,0.1,0.6,0.4,0.2
2017-05-28 03:52:00+02:00,0.1,0.2,0.1,0.7,2.7,2.0,1.6,0.6,0.1,0.7,0.4,2.1,0.5,0.7,0.3,0.5,0.1,0.6,1.8,2.7,1.5,0.2,1.9,0.2,3.0,0.6,0.7,0.5,2.8,0.6,0.3,1.4,0.2,0.8,0.8,0.8,0.7,0.1,0.1,0.6,0.4,0.2
2017-05-28 03:53:00+02:00,0.1,0.2,0.1,0.6,2.7,2.0,1.6,0.7,0.1,0.7,0.4,2.1,0.5,0.8,0.3,0.6,0.1,0.7,1.8,2.7,1.5,0.2,2.0,0.2,3.0,0.5,0.7,0.5,2.8,0.7,0.3,1.5,0.2,0.8,0.8,0.8,0.7,0.1,0.1,0.6,0.4,0.2
2017-05-28 03:54:00+02:00,0.1,0.2,0.1,0.6,2.7,2.0,1.6,0.7,0.1,0.7,0.5,2.1,0.4,0.8,0.3,0.6,0.1,0.7,1.8,2.7,1.5,0.2,1.9,0.2,3.0,0.6,0.7,0.5,2.8,0.7,0.3,1.5,0.2,0.8,0.8,0.8,0.7,0.1,0.1,0.6,0.4,0.2
2017-05-28 03:55:00+02:00,0.1,0.3,0.2,0.7,2.8,2.0,1.6,0.6,0.1,0.6,0.5,2.1,0.4,0.8,0.3,0.5,0.1,0.7,1.8,2.7,1.5,0.2,1.9,0.2,3.1,0.6,0.7,0.4,2.9,0.6,0.4,1.5,0.2,0.8,0.8,0.7,0.7,0.2,0.1,0.5,0.3,0.2
2017-05-28 03:56:00+02:00,0.1,0.3,0.2,0.7,3.0,2.2,1.7,0.7,0.1,0.6,0.6,2.3,0.4,0.8,0.3,0.4,0.1,0.7,2.0,2.9,1.6,0.2,2.1,0.2,3.2,0.7,0.8,0.4,3.1,0.7,0.4,1.6,0.2,0.8,0.7,0.7,0.7,0.2,0.1,0.5,0.3,0.2
2017-05-28 03:57:00+02:00,0.1,0.3,0.2,0.7,3.0,2.2,1.7,0.7,0.1,0.5,0.5,2.3,0.4,0.8,0.3,0.4,0.1,0.7,2.0,3.0,1.6,0.2,2.2,0.2,3.2,0.7,0.8,0.4,3.1,0.7,0.4,1.6,0.2,0.8,0.8,0.7,0.7,0.2,0.1,0.5,0.3,0.2
2017-05-28 03:58:00+02:00,0.1,0.3,0.2,0.8,3.0,2.2,1.7,0.6,0.1,0.5,0.5,2.3,0.4,0.7,0.3,0.4,0.1,0.6,2.0,2.9,1.6,0.2,2.2,0.2,3.1,0.7,0.8,0.4,3.1,0.6,0.4,1.5,0.2,0.7,0.7,0.7,0.7,0.2,0.2,0.5,0.3,0.2
2017-05-28 03:59:00+02:00,0.1,0.3,0.1,1.5,3.7,3.0,2.4,0.6,0.0,0.5,0.5,3.1,0.4,0.7,0.2,0.4,0.1,0.6,2.8,3.7,2.3,0.2,2.9,0.2,3.9,0.6,1.6,0.4,3.8,0.6,0.3,2.3,0.2,0.8,0.8,0.8,0.8,0.3,0.3,0.5,0.3,0.2
2017-05-28 04:00:00+02:00,0.2,0.3,0.0,2.0,4.1,3.5,2.9,0.6,0.0,0.6,0.4,3.6,0.5,0.7,0.1,0.5,0.1,0.7,3.2,4.1,2.8,0.1,3.4,0.2,4.3,0.5,2.0,0.4,4.2,0.7,0.2,2.7,0.2,0.8,0.8,0.8,0.8,0.3,0.2,0.5,0.3,0.2
2017-05-28 04:01:00+02:00,0.3,0.3,0.0,0.9,3.1,2.4,1.9,0.6,0.0,0.7,0.4,2.5,0.5,0.7,0.1,0.5,0.1,0.7,2.2,3.0,1.8,0.1,2.3,0.3,3.2,0.5,0.9,0.5,3.1,0.7,0.2,1.7,0.2,0.8,0.8,0.8,0.7,0.3,0.2,0.5,0.3,0.2
2017-05-28 04:02:00+02:00,0.3,0.3,0.0,0.5,2.5,1.9,1.4,0.6,0.0,0.7,0.4,2.0,0.5,0.7,0.1,0.6,0.1,0.7,1.7,2.5,1.3,0.1,1.8,0.3,2.7,0.5,0.5,0.5,2.6,0.7,0.2,1.2,0.2,1.0,0.9,0.8,0.8,0.3,0.2,0.5,0.3,0.2
2017-05-28 04:03:00+02:00,0.1,0.3,0.0,0.8,2.8,2.1,1.7,0.6,0.0,0.6,0.4,2.2,0.5,0.7,0.2,0.4,0.1,0.7,1.9,2.7,1.6,0.1,2.0,0.2,3.0,0.5,0.8,0.4,2.9,0.6,0.2,1.5,0.2,1.1,0.9,0.9,0.8,0.3,0.2,0.5,0.3,0.2
2017-05-28 04:04:00+02:00,0.1,0.3,0.0,1.5,3.4,2.7,2.3,0.6,0.0,0.6,0.4,2.8,0.5,0.7,0.2,0.4,0.1,0.7,2.5,3.3,2.3,0.1,2.6,0.2,3.6,0.5,1.5,0.4,3.5,0.7,0.3,2.2,0.2,0.9,0.8,0.7,0.6,0.2,0.2,0.4,0.3,0.2
2017-05-28 04:05:00+02:00,0.1,0.3,0.0,0.4,2.6,1.8,1.4,0.7,0.0,0.6,0.5,1.9,0.5,0.8,0.2,0.4,0.1,0.7,1.7,2.5,1.3,0.1,1.8,0.2,2.8,0.6,0.5,0.4,2.6,0.7,0.3,1.3,0.2,0.9,0.8,0.7,0.6,0.2,0.1,0.4,0.3,0.2
2017-05-28 04:06:00+02:00,0.1,0.3,0.0,0.4,2.6,1.8,1.4,0.6,0.0,0.6,0.6,1.9,0.4,0.8,0.3,0.4,0.1,0.7,1.7,2.5,1.3,0.1,1.8,0.2,2.8,0.6,0.5,0.4,2.7,0.7,0.3,1.2,0.2,1.0,0.9,0.8,0.6,0.2,0.1,0.4,0.3,0.2
2017-05-28 04:07:00+02:00,0.1,0.3,0.0,0.4,2.6,1.8,1.4,0.6,0.0,0.6,0.5,2.0,0.4,0.7,0.3,0.4,0.1,0.7,1.6,2.5,1.3,0.1,1.8,0.2,2.8,0.6,0.5,0.4,2.7,0.6,0.3,1.2,0.2,1.0,0.9,0.8,0.6,0.2,0.1,0.4,0.3,0.2
2017-05-28 04:08:00+02:00,0.1,0.3,0.0,0.4,2.6,1.8,1.4,0.6,0.0,0.6,0.5,1.9,0.3,0.8,0.3,0.4,0.1,0.7,1.6,2.5,1.3,0.1,1.7,0.2,3.1,0.6,0.5,0.4,3.0,0.6,0.3,1.2,0.2,1.0,0.9,0.9,0.7,0.2,0.1,0.5,0.4,0.3
2017-05-28 04:09:00+02:00,0.1,0.3,0.0,0.4,2.4,1.7,1.3,0.5,0.0,0.6,0.5,1.8,0.3,0.7,0.2,0.4,0.1,0.6,1.6,2.4,1.3,0.0,1.7,0.2,3.5,0.6,0.5,0.4,3.4,0.5,0.3,1.2,0.2,0.9,0.9,0.8,0.6,0.2,0.1,0.5,0.3,0.2
2017-05-28 04:10:00+02:00,0.1,0.3,0.0,0.7,2.9,2.1,1.6,0.5,0.0,0.5,0.5,2.2,0.3,0.7,0.2,0.4,0.1,0.6,1.9,2.8,1.6,0.1,2.0,0.2,4.0,0.6,0.8,0.4,3.8,0.5,0.3,1.5,0.2,0.9,0.8,0.7,0.6,0.2,0.1,0.4,0.3,0.2
2017-05-28 04:11:00+02:00,0.1,0.4,0.0,0.8,2.9,2.2,1.7,0.5,0.0,0.5,0.4,2.3,0.3,0.7,0.1,0.4,0.1,0.6,2.0,2.8,1.7,0.0,2.1,0.2,4.0,0.5,0.9,0.4,3.8,0.6,0.2,1.6,0.2,0.8,0.7,0.7,0.6,0.2,0.1,0.4,0.3,0.2
2017-05-28 04:12:00+02:00,0.1,0.3,0.0,0.5,2.4,1.7,1.2,0.4,0.1,0.5,0.4,1.8,0.3,0.6,0.1,0.4,0.1,0.5,1.5,2.3,1.2,0.1,1.6,0.3,3.5,0.5,0.5,0.4,3.3,0.4,0.2,1.1,0.2,0.8,0.7,0.7,0.6,0.2,0.1,0.4,0.3,0.2
2017-05-28 04:13:00+02:00,0.1,0.3,0.0,0.5,2.5,1.7,1.2,0.4,0.1,0.6,0.5,1.8,0.3,0.5,0.2,0.4,0.1,0.4,1.5,2.4,1.2,0.1,1.6,0.3,3.6,0.6,0.6,0.4,3.4,0.4,0.3,1.1,0.2,0.7,0.7,0.7,0.6,0.2,0.1,0.4,0.3,0.2
2017-05-28 04:14:00+02:00,0.1,0.3,0.0,0.6,2.6,1.8,1.3,0.4,0.1,0.7,0.5,1.9,0.3,0.6,0.2,0.4,0.1,0.5,1.6,2.5,1.3,0.1,1.8,0.3,3.8,0.6,0.6,0.4,3.6,0.4,0.3,1.2,0.2,0.7,0.7,0.7,0.6,0.1,0.1,0.4,0.3,0.2
2017-05-28 04:15:00+02:00,0.1,0.3,0.0,0.5,2.7,1.8,1.3,0.3,0.1,0.7,0.6,1.9,0.3,0.6,0.2,0.4,0.1,0.4,1.6,2.6,1.3,0.1,1.7,0.3,3.8,0.7,0.6,0.4,3.6,0.4,0.3,1.2,0.2,0.7,0.7,0.7,0.5,0.1,0.1,0.4,0.3,0.2
2017-05-28 04:16:00+02:00,0.2,0.3,0.0,0.5,2.6,1.8,1.3,0.4,0.1,0.8,0.5,1.9,0.3,0.6,0.2,0.5,0.1,0.5,1.6,2.5,1.3,0.1,1.7,0.3,3.7,0.6,0.6,0.4,3.5,0.4,0.3,1.2,0.2,0.7,0.7,0.6,0.5,0.1,0.1,0.4,0.2,0.2
2017-05-28 04:17:00+02:00,0.2,0.3,0.0,0.5,2.5,1.7,1.3,0.4,0.1,0.7,0.4,1.9,0.3,0.6,0.2,0.4,0.1,0.5,1.6,2.3,1.3,0.1,1.7,0.3,3.0,0.5,0.6,0.4,2.9,0.4,0.3,1.2,0.2,0.7,0.6,0.6,0.5,0.1,0.1,0.4,0.2,0.2
2017-05-28 04:18:00+02:00,0.2,0.3,0.0,0.5,2.6,1.8,1.3,0.4,0.1,0.7,0.5,2.0,0.3,0.6,0.2,0.4,0.1,0.5,1.6,2.5,1.2,0.1,1.7,0.3,3.2,0.5,0.6,0.4,3.0,0.4,0.3,1.2,0.2,0.7,0.7,0.6,0.5,0.1,0.1,0.4,0.2,0.2
2017-05-28 04:19:00+02:00,0.2,0.3,0.0,0.5,2.8,2.0,1.5,0.5,0.1,0.7,0.5,2.1,0.3,0.7,0.2,0.4,0.1,0.6,1.8,2.6,1.3,0.1,1.9,0.3,3.3,0.5,0.6,0.4,3.2,0.5,0.3,1.3,0.2,0.7,0.7,0.6,0.5,0.1,0.1,0.4,0.2,0.1
2017-05-28 04:20:00+02:00,0.2,0.3,0.0,0.5,2.7,1.9,1.5,0.5,0.1,0.7,0.4,2.1,0.3,0.7,0.2,0.5,0.1,0.6,1.7,2.6,1.3,0.1,1.9,0.3,3.2,0.5,0.6,0.4,3.1,0.5,0.3,1.2,0.2,0.7,0.6,0.5,0.4,0.1,0.1,0.3,0.2,0.1
2017-05-28 04:21:00+02:00,0.2,0.3,0.0,0.5,2.7,2.0,1.5,0.5,0.1,0.8,0.4,2.2,0.3,0.7,0.2,0.5,0.1,0.6,1.8,2.6,1.4,0.1,2.0,0.3,3.2,0.5,0.6,0.5,3.2,0.6,0.3,1.3,0.2,0.7,0.6,0.6,0.4,0.2,0.1,0.3,0.2,0.1
2017-05-28 04:22:00+02:00,0.2,0.3,0.0,0.6,2.9,2.1,1.6,0.6,0.1,0.8,0.5,2.2,0.3,0.7,0.2,0.5,0.1,0.6,1.9,2.8,1.4,0.1,2.0,0.3,3.4,0.5,0.6,0.5,3.4,0.6,0.3,1.4,0.2,0.7,0.6,0.6,0.4,0.2,0.2,0.3,0.2,0.1
2017-05-28 04:23:00+02:00,0.2,0.4,0.0,0.7,3.0,2.2,1.7,0.6,0.1,0.8,0.5,2.3,0.4,0.7,0.2,0.5,0.1,0.7,2.0,2.9,1.5,0.1,2.1,0.3,3.2,0.6,0.7,0.5,3.1,0.6,0.3,1.5,0.3,0.7,0.7,0.6,0.5,0.2,0.2,0.3,0.2,0.1
2017-05-28 04:24:00+02:00,0.2,0.4,0.1,0.7,2.9,2.1,1.6,0.5,0.1,0.8,0.5,2.2,0.4,0.7,0.2,0.5,0.1,0.6,1.9,2.8,1.4,0.1,2.0,0.3,3.0,0.6,0.7,0.5,3.0,0.6,0.3,1.4,0.3,0.7,0.6,0.6,0.5,0.2,0.2,0.3,0.2,0.1
2017-05-28 04:25:00+02:00,0.2,0.3,0.1,0.6,2.7,1.9,1.5,0.5,0.1,0.7,0.5,2.0,0.3,0.6,0.2,0.5,0.1,0.6,1.7,2.6,1.3,0.1,1.9,0.3,2.8,0.6,0.6,0.5,2.8,0.5,0.3,1.3,0.2,0.7,0.6,0.6,0.5,0.2,0.2,0.3,0.2,0.1
2017-05-28 04:26:00+02:00,0.2,0.3,0.1,0.6,2.6,1.9,1.5,0.5,0.1,0.7,0.4,2.0,0.3,0.7,0.2,0.5,0.1,0.6,1.7,2.5,1.3,0.1,1.9,0.3,2.7,0.5,0.6,0.4,2.7,0.6,0.2,1.3,0.1,0.6,0.6,0.6,0.5,0.2,0.2,0.3,0.2,0.1
2017-05-28 04:27:00+02:00,0.2,0.3,0.1,0.7,2.6,1.9,1.5,0.5,0.1,0.7,0.4,2.0,0.3,0.6,0.2,0.5,0.1,0.5,1.8,2.5,1.3,0.1,1.9,0.3,2.8,0.5,0.7,0.4,2.7,0.5,0.2,1.3,0.1,0.6,0.6,0.5,0.4,0.1,0.1,0.3,0.2,0.1
2017-05-28 04:28:00+02:00,0.2,0.3,0.1,0.6,2.6,1.9,1.5,0.4,0.1,0.7,0.4,2.0,0.3,0.6,0.2,0.5,0.1,0.5,1.7,2.5,1.3,0.1,1.9,0.3,2.8,0.5,0.7,0.4,2.7,0.5,0.2,1.3,0.1,0.6,0.6,0.5,0.5,0.1,0.1,0.4,0.3,0.1
2017-05-28 04:29:00+02:00,0.2,0.3,0.0,0.5,2.6,2.0,1.5,0.6,0.1,0.8,0.4,2.0,0.3,0.7,0.2,0.5,0.1,0.6,1.8,2.5,1.3,0.1,1.9,0.2,2.8,0.5,0.5,0.4,2.7,0.6,0.2,1.2,0.1,0.6,0.5,0.5,0.4,0.1,0.1,0.3,0.3,0.1
2017-05-28 04:30:00+02:00,0.2,0.3,0.0,0.4,3.0,2.0,1.4,0.6,0.1,0.8,0.8,2.1,0.4,0.7,0.2,0.5,0.1,0.7,1.7,2.9,1.3,0.1,1.9,0.2,3.2,0.8,0.5,0.4,3.1,0.6,0.5,1.2,0.1,0.6,0.5,0.5,0.4,0.1,0.1,0.3,0.3,0.1
2017-05-28 04:31:00+02:00,0.2,0.3,0.0,0.4,3.2,1.9,1.4,0.6,0.1,0.8,1.0,2.1,0.4,0.7,0.2,0.5,0.1,0.6,1.7,3.1,1.2,0.1,1.8,0.2,3.4,1.0,0.5,0.4,3.2,0.6,0.8,1.1,0.1,0.6,0.5,0.5,0.4,0.1,0.1,0.3,0.3,0.1
2017-05-28 04:32:00+02:00,0.2,0.3,0.0,0.4,2.6,1.9,1.4,0.6,0.1,0.8,0.4,2.1,0.4,0.7,0.2,0.5,0.1,0.6,1.7,2.5,1.2,0.1,1.8,0.3,2.9,0.5,0.5,0.4,2.7,0.6,0.2,1.2,0.1,0.6,0.5,0.5,0.4,0.1,0.1,0.3,0.3,0.1
2017-05-28 04:33:00+02:00,0.2,0.3,0.0,0.4,2.7,1.9,1.4,0.6,0.1,0.7,0.4,2.1,0.3,0.8,0.2,0.5,0.1,0.7,1.7,2.6,1.3,0.1,1.8,0.3,2.9,0.5,0.5,0.4,2.8,0.6,0.3,1.3,0.1,0.6,0.6,0.5,0.4,0.1,0.1,0.3,0.3,0.1
2017-05-28 04:34:00+02:00,0.2,0.3,0.0,0.4,2.7,1.8,1.3,0.6,0.1,0.7,0.4,2.0,0.3,0.8,0.2,0.5,0.1,0.7,1.6,2.6,1.2,0.1,1.8,0.3,2.9,0.5,0.5,0.4,2.8,0.6,0.3,1.2,0.1,0.6,0.6,0.5,0.4,0.1,0.1,0.3,0.2,0.1
2017-05-28 04:35:00+02:00,0.2,0.2,0.0,0.4,2.5,1.7,1.2,0.6,0.1,0.7,0.4,1.8,0.3,0.7,0.3,0.5,0.1,0.7,1.5,2.4,1.2,0.1,1.6,0.3,2.8,0.6,0.4,0.4,2.6,0.6,0.3,1.2,0.1,0.6,0.6,0.5,0.4,0.1,0.1,0.3,0.3,0.2
2017-05-28 04:36:00+02:00,0.2,0.2,0.0,0.3,3.2,2.3,1.2,0.6,0.1,0.7,0.4,2.5,0.3,0.7,0.3,0.5,0.1,0.7,2.2,3.1,1.1,0.1,2.3,0.3,3.5,0.6,0.4,0.4,3.3,0.6,0.3,1.1,0.1,0.5,0.5,0.5,0.4,0.1,0.1,0.3,0.3,0.2
2017-05-28 04:37:00+02:00,0.2,0.2,0.0,0.3,2.7,2.0,1.2,0.5,0.1,0.8,0.4,2.2,0.3,0.7,0.3,0.5,0.1,0.7,1.8,2.7,1.1,0.1,1.9,0.3,2.9,0.5,0.4,0.4,2.8,0.6,0.3,1.1,0.1,0.6,0.6,0.5,0.5,0.2,0.1,0.3,0.3,0.2
2017-05-28 04:38:00+02:00,0.2,0.2,0.0,0.3,2.2,1.5,1.2,0.6,0.1,0.8,0.4,1.7,0.3,0.7,0.2,0.5,0.1,0.6,1.3,2.2,1.1,0.1,1.5,0.2,2.5,0.5,0.4,0.4,2.3,0.6,0.3,1.1,0.1,0.6,0.6,0.5,0.5,0.2,0.1,0.3,0.3,0.2
2017-05-28 04:39:00+02:00,0.2,0.2,0.0,0.4,2.2,1.6,1.2,0.6,0.1,0.8,0.4,1.8,0.3,0.7,0.2,0.5,0.1,0.7,1.4,2.2,1.2,0.1,1.5,0.2,2.5,0.5,0.4,0.4,2.3,0.6,0.3,1.1,0.1,0.6,0.6,0.6,0.5,0.2,0.1,0.3,0.3,0.2
2017-05-28 04:40:00+02:00,0.2,0.3,0.0,0.4,2.5,1.7,1.4,0.6,0.1,0.7,0.5,1.9,0.3,0.8,0.2,0.5,0.1,0.7,1.5,2.4,1.3,0.1,1.7,0.2,2.8,0.5,0.5,0.4,2.6,0.7,0.3,1.3,0.2,0.7,0.7,0.7,0.6,0.2,0.1,0.4,0.3,0.2
2017-05-28 04:41:00+02:00,0.2,0.4,0.0,0.5,2.7,1.9,1.5,0.6,0.1,0.7,0.6,2.1,0.3,0.9,0.2,0.4,0.1,0.8,1.7,2.7,1.5,0.1,1.8,0.2,2.9,0.6,0.6,0.4,2.8,0.8,0.3,1.5,0.2,0.7,0.7,0.6,0.6,0.2,0.1,0.4,0.3,0.2
2017-05-28 04:42:00+02:00,0.3,0.4,0.0,0.5,2.8,1.9,1.6,0.7,0.1,0.7,0.5,2.1,0.3,0.9,0.2,0.5,0.1,0.9,1.8,2.7,1.5,0.1,1.9,0.3,3.0,0.6,0.6,0.4,2.9,0.8,0.3,1.5,0.2,0.6,0.5,0.5,0.5,0.2,0.1,0.2,0.2,0.1
2017-05-28 04:43:00+02:00,0.3,0.4,0.0,0.5,3.5,2.5,1.6,0.7,0.1,0.7,0.5,2.7,0.3,0.9,0.2,0.5,0.1,0.9,2.4,3.3,1.5,0.1,2.5,0.3,3.6,0.6,0.5,0.4,3.5,0.8,0.3,1.5,0.1,0.6,0.5,0.5,0.5,0.2,0.1,0.2,0.2,0.1
2017-05-28 04:44:00+02:00,0.3,0.4,0.0,0.5,2.8,1.9,1.6,0.7,0.1,0.7,0.5,2.1,0.3,0.9,0.2,0.5,0.1,0.9,1.7,2.7,1.5,0.1,1.8,0.3,3.0,0.6,0.5,0.4,2.9,0.8,0.3,1.5,0.1,0.5,0.5,0.5,0.4,0.2,0.1,0.2,0.1,0.1
2017-05-28 04:45:00+02:00,0.3,0.4,0.0,0.5,2.8,1.9,1.6,0.8,0.1,0.7,0.5,2.1,0.4,1.0,0.2,0.5,0.1,0.9,1.7,2.7,1.5,0.1,1.9,0.3,3.0,0.6,0.5,0.4,2.9,0.9,0.3,1.5,0.1,0.6,0.5,0.5,0.4,0.2,0.1,0.2,0.2,0.1
2017-05-28 04:46:00+02:00,0.3,0.4,0.0,0.5,2.6,1.8,1.4,0.7,0.1,0.8,0.5,1.9,0.4,0.8,0.2,0.5,0.1,0.8,1.6,2.5,1.3,0.1,1.7,0.3,2.8,0.6,0.5,0.5,2.7,0.7,0.3,1.3,0.1,0.6,0.5,0.5,0.4,0.2,0.1,0.2,0.2,0.1
2017-05-28 04:47:00+02:00,0.3,0.4,0.0,0.5,2.7,1.9,1.5,0.7,0.1,0.8,0.5,2.1,0.4,0.9,0.2,0.6,0.1,0.8,1.6,2.5,1.4,0.1,1.7,0.3,2.9,0.5,0.5,0.5,2.7,0.7,0.3,1.3,0.1,0.5,0.5,0.5,0.4,0.2,0.1,0.2,0.2,0.1
2017-05-28 04:48:00+02:00,0.2,0.4,0.0,0.5,3.3,2.6,1.5,0.7,0.1,0.7,0.4,2.7,0.4,0.9,0.2,0.4,0.1,0.8,2.3,3.2,1.4,0.1,2.4,0.2,3.6,0.5,0.5,0.4,3.4,0.7,0.3,1.4,0.1,0.5,0.5,0.4,0.4,0.2,0.1,0.2,0.2,0.1
2017-05-28 04:49:00+02:00,0.2,0.4,0.0,0.5,2.6,1.8,1.4,0.6,0.1,0.7,0.4,2.0,0.4,0.9,0.2,0.5,0.1,0.7,1.6,2.4,1.4,0.1,1.7,0.2,2.8,0.4,0.5,0.4,2.7,0.7,0.2,1.4,0.1,0.5,0.5,0.5,0.4,0.2,0.1,0.3,0.2,0.1
2017-05-28 04:50:00+02:00,0.2,0.4,0.0,0.5,2.7,1.9,1.5,0.6,0.1,0.7,0.4,2.1,0.4,0.8,0.2,0.4,0.1,0.7,1.7,2.6,1.4,0.1,1.8,0.2,3.0,0.5,0.5,0.4,2.8,0.7,0.2,1.4,0.2,0.6,0.5,0.5,0.4,0.2,0.1,0.3,0.2,0.1
2017-05-28 04:51:00+02:00,0.2,0.4,0.0,0.5,2.7,1.9,1.5,0.6,0.1,0.7,0.4,2.1,0.4,0.8,0.2,0.4,0.1,0.7,1.8,2.5,1.4,0.1,1.9,0.2,3.0,0.5,0.5,0.4,2.7,0.7,0.2,1.4,0.2,0.6,0.6,0.5,0.4,0.2,0.1,0.3,0.2,0.1
2017-05-28 04:52:00+02:00,0.2,0.4,0.0,0.6,2.7,1.9,1.5,0.6,0.1,0.7,0.4,2.1,0.4,0.8,0.2,0.5,0.1,0.7,1.8,2.6,1.4,0.1,1.9,0.2,3.0,0.5,0.6,0.4,2.8,0.7,0.2,1.4,0.2,0.6,0.5,0.5,0.4,0.2,0.1,0.2,0.2,0.1
2017-05-28 04:53:00+02:00,0.2,0.4,0.0,0.6,2.9,2.1,1.5,0.6,0.1,0.7,0.3,2.3,0.4,0.8,0.2,0.4,0.1,0.7,2.0,2.7,1.5,0.1,2.1,0.2,3.2,0.4,0.7,0.4,3.0,0.7,0.2,1.4,0.2,0.6,0.6,0.5,0.4,0.2,0.1,0.3,0.2,0.1
2017-05-28 04:54:00+02:00,0.2,0.4,0.0,0.6,2.7,2.0,1.5,0.6,0.1,0.7,0.3,2.3,0.4,0.8,0.2,0.4,0.1,0.7,1.9,2.7,1.5,0.1,2.0,0.2,3.0,0.4,0.7,0.4,2.8,0.7,0.2,1.4,0.2,0.6,0.6,0.5,0.4,0.2,0.1,0.3,0.2,0.1
2017-05-28 04:55:00+02:00,0.2,0.5,0.0,0.7,2.7,2.0,1.6,0.6,0.1,0.7,0.3,2.3,0.4,0.8,0.2,0.4,0.1,0.7,1.9,2.7,1.5,0.1,2.0,0.2,3.0,0.4,0.7,0.4,2.9,0.7,0.2,1.5,0.3,0.6,0.6,0.5,0.4,0.2,0.1,0.3,0.2,0.1
2017-05-28 04:56:00+02:00,0.2,0.5,0.0,0.7,2.7,2.0,1.6,0.6,0.1,0.7,0.4,2.2,0.4,0.7,0.2,0.5,0.1,0.7,1.9,2.7,1.5,0.1,2.0,0.3,3.1,0.5,0.7,0.5,2.9,0.7,0.3,1.5,0.4,0.6,0.6,0.5,0.5,0.2,0.1,0.3,0.2,0.1
2017-05-28 04:57:00+02:00,0.2,0.4,0.0,0.5,2.6,1.8,1.4,0.6,0.1,0.7,0.4,2.0,0.4,0.8,0.3,0.5,0.1,0.7,1.7,2.6,1.3,0.1,1.7,0.3,3.0,0.5,0.5,0.4,2.8,0.7,0.3,1.3,0.3,0.6,0.6,0.5,0.5,0.2,0.1,0.3,0.2,0.1
2017-05-28 04:58:00+02:00,0.2,0.3,0.0,0.5,2.5,1.8,1.4,0.6,0.1,0.7,0.4,2.0,0.4,0.8,0.2,0.5,0.1,0.7,1.6,2.4,1.3,0.1,1.7,0.3,2.8,0.5,0.5,0.4,2.7,0.7,0.3,1.3,0.2,0.8,0.8,0.7,0.7,0.2,0.1,0.5,0.4,0.3
2017-05-28 04:59:00+02:00,0.2,0.3,0.0,0.4,2.5,1.8,1.4,0.7,0.1,0.6,0.4,2.0,0.4,0.8,0.2,0.5,0.1,0.7,1.6,2.5,1.3,0.1,1.7,0.3,2.9,0.5,0.4,0.4,2.7,0.7,0.3,1.3,0.2,0.7,0.7,0.6,0.6,0.2,0.1,0.4,0.3,0.2
2017-05-28 05:00:00+02:00,0.2,0.4,0.0,0.4,2.5,1.8,1.4,0.6,0.1,0.6,0.4,1.9,0.4,0.8,0.2,0.5,0.1,0.7,1.6,2.5,1.3,0.1,1.7,0.3,2.8,0.5,0.5,0.4,2.7,0.7,0.3,1.3,0.2,0.7,0.6,0.5,0.5,0.2,0.1,0.3,0.2,0.1
2017-05-28 05:01:00+02:00,0.2,0.4,0.0,0.4,2.5,1.8,1.4,0.7,0.1,0.6,0.4,2.0,0.4,0.8,0.2,0.5,0.1,0.7,1.6,2.4,1.3,0.1,1.7,0.3,2.8,0.5,0.5,0.4,2.7,0.7,0.3,1.3,0.3,0.7,0.7,0.6,0.5,0.2,0.1,0.3,0.2,0.1
2017-05-28 05:02:00+02:00,0.2,0.4,0.0,0.5,2.5,1.8,1.4,0.6,0.1,0.6,0.4,1.9,0.4,0.8,0.2,0.5,0.1,0.7,1.6,2.4,1.3,0.1,1.7,0.3,2.8,0.5,0.5,0.4,2.7,0.6,0.3,1.3,0.3,0.7,0.7,0.6,0.5,0.2,0.1,0.3,0.2,0.1
2017-05-28 05:03:00+02:00,0.1,0.4,0.0,0.5,2.4,1.8,1.4,0.6,0.1,0.5,0.4,1.9,0.4,0.8,0.2,0.4,0.1,0.7,1.6,2.4,1.3,0.1,1.7,0.2,2.7,0.5,0.5,0.4,2.6,0.6,0.3,1.3,0.3,0.7,0.7,0.6,0.5,0.2,0.1,0.3,0.2,0.1
2017-05-28 05:04:00+02:00,0.1,0.4,0.0,0.5,2.4,1.8,1.3,0.5,0.1,0.5,0.4,1.9,0.3,0.7,0.2,0.4,0.1,0.6,1.5,2.4,1.2,0.1,1.7,0.2,2.8,0.5,0.5,0.3,2.6,0.6,0.3,1.2,0.3,0.7,0.6,0.6,0.5,0.2,0.1,0.3,0.2,0.1
2017-05-28 05:05:00+02:00,0.1,0.4,0.0,0.5,2.5,1.8,1.4,0.5,0.1,0.7,0.4,2.0,0.3,0.8,0.2,0.5,0.1,0.6,1.6,2.5,1.3,0.1,1.8,0.2,2.8,0.5,0.5,0.4,2.7,0.6,0.3,1.2,0.3,0.6,0.6,0.5,0.5,0.2,0.1,0.3,0.2,0.1
2017-05-28 05:06:00+02:00,0.1,0.4,0.0,0.5,2.5,1.9,1.4,0.5,0.1,0.8,0.4,2.0,0.3,0.8,0.2,0.4,0.1,0.6,1.6,2.5,1.3,0.1,1.8,0.2,2.8,0.5,0.5,0.4,2.7,0.6,0.3,1.2,0.2,0.7,0.6,0.6,0.5,0.2,0.1,0.3,0.2,0.1
2017-05-28 05:07:00+02:00,0.1,0.4,0.0,0.5,2.5,1.8,1.3,0.5,0.1,1.2,0.5,2.0,0.3,0.7,0.3,0.4,0.1,0.6,1.6,2.5,1.2,0.1,1.7,0.2,2.9,0.5,0.5,0.4,2.7,0.5,0.3,1.2,0.2,0.6,0.6,0.5,0.5,0.2,0.1,0.3,0.2,0.1
2017-05-28 05:08:00+02:00,0.2,0.4,0.0,0.5,2.6,1.9,1.4,0.5,0.1,1.0,0.5,2.0,0.3,0.7,0.2,0.8,0.1,0.7,1.6,2.5,1.2,0.1,1.8,0.3,2.8,0.5,0.5,0.7,2.7,0.6,0.3,1.2,0.2,0.6,0.6,0.5,0.5,0.2,0.1,0.3,0.2,0.1
2017-05-28 05:09:00+02:00,0.2,0.4,0.0,0.6,2.8,2.1,1.5,0.6,0.1,1.2,0.5,2.2,0.3,0.8,0.3,1.1,0.1,0.7,1.8,2.8,1.4,0.1,1.9,0.3,3.0,0.6,0.6,1.0,2.9,0.6,0.4,1.3,0.3,0.6,0.6,0.5,0.5,0.2,0.1,0.3,0.2,0.1
2017-05-28 05:10:00+02:00,0.2,0.4,0.0,0.5,2.8,2.0,1.4,0.6,0.1,1.0,0.5,2.1,0.3,0.8,0.2,0.9,0.1,0.7,1.7,2.6,1.3,0.1,1.8,0.3,2.9,0.5,0.5,0.8,2.8,0.6,0.3,1.3,0.2,0.6,0.6,0.5,0.5,0.1,0.1,0.3,0.3,0.1
2017-05-28 05:11:00+02:00,0.2,0.3,0.0,0.4,2.7,1.9,1.4,0.6,0.1,0.7,0.5,2.0,0.4,0.9,0.2,0.6,0.1,0.8,1.6,2.5,1.3,0.1,1.7,0.3,2.8,0.5,0.4,0.5,2.7,0.7,0.3,1.3,0.1,0.5,0.5,0.5,0.4,0.1,0.1,0.3,0.2,0.1
2017-05-28 05:12:00+02:00,0.2,0.3,0.0,0.4,2.7,1.9,1.4,0.6,0.1,0.7,0.5,2.0,0.4,0.8,0.2,0.6,0.1,0.7,1.6,2.5,1.3,0.1,1.7,0.3,2.9,0.5,0.4,0.5,2.7,0.7,0.3,1.3,0.2,0.6,0.5,0.5,0.4,0.1,0.1,0.3,0.2,0.1
2017-05-28 05:13:00+02:00,0.2,0.3,0.0,0.4,2.7,1.8,1.4,0.6,0.1,0.8,0.5,2.0,0.4,0.8,0.2,0.7,0.1,0.7,1.6,2.6,1.2,0.1,1.7,0.3,2.9,0.6,0.4,0.6,2.8,0.6,0.3,1.2,0.2,0.5,0.5,0.5,0.4,0.1,0.1,0.3,0.2,0.1
2017-05-28 05:14:00+02:00,0.2,0.3,0.0,0.4,2.8,1.8,1.4,0.6,0.1,0.8,0.5,2.1,0.4,0.8,0.2,0.7,0.1,0.7,1.6,2.7,1.2,0.1,1.7,0.3,3.1,0.6,0.4,0.6,2.9,0.6,0.3,1.2,0.2,0.6,0.5,0.5,0.4,0.1,0.1,0.3,0.2,0.1
2017-05-28 05:15:00+02:00,0.7,0.3,0.0,0.4,3.0,2.1,1.6,0.5,0.1,1.3,0.5,2.3,0.3,0.7,0.2,1.2,0.1,0.6,1.8,2.8,1.2,0.1,1.9,0.8,3.3,0.6,0.4,1.1,3.1,0.6,0.3,1.1,0.2,0.6,0.5,0.5,0.4,0.1,0.1,0.3,0.2,0.2
2017-05-28 05:16:00+02:00,0.3,0.3,0.0,0.4,2.8,1.9,1.5,0.6,0.1,0.8,0.5,2.1,0.3,0.7,0.2,0.8,0.1,0.6,1.7,2.6,1.2,0.1,1.8,0.4,3.0,0.6,0.4,0.7,2.9,0.6,0.3,1.2,0.2,0.6,0.6,0.6,0.5,0.1,0.1,0.4,0.3,0.2
2017-05-28 05:17:00+02:00,0.2,0.3,0.0,0.4,2.8,2.0,1.5,0.6,0.1,0.7,0.5,2.1,0.3,0.8,0.2,0.7,0.1,0.6,1.7,2.7,1.2,0.1,1.8,0.3,3.1,0.6,0.4,0.6,2.9,0.6,0.3,1.2,0.2,0.6,0.6,0.5,0.5,0.1,0.1,0.4,0.2,0.1
2017-05-28 05:18:00+02:00,0.2,0.3,0.0,0.4,2.7,1.9,1.4,0.5,0.1,0.8,0.5,2.0,0.3,0.8,0.2,0.6,0.1,0.6,1.6,2.6,1.2,0.1,1.7,0.3,2.9,0.6,0.4,0.6,2.8,0.6,0.3,1.2,0.2,0.7,0.6,0.6,0.5,0.1,0.1,0.4,0.3,0.2
2017-05-28 05:19:00+02:00,0.2,0.3,0.0,0.4,3.1,2.3,1.5,0.5,0.1,0.7,0.5,2.4,0.2,0.7,0.2,0.5,0.1,0.6,1.9,3.0,1.2,0.1,2.1,0.3,3.4,0.6,0.4,0.5,3.2,0.5,0.3,1.1,0.2,0.6,0.6,0.5,0.5,0.1,0.1,0.3,0.2,0.1
2017-05-28 05:20:00+02:00,0.2,0.3,0.0,0.4,2.9,2.1,1.5,0.6,0.1,0.7,0.5,2.2,0.2,0.8,0.2,0.5,0.1,0.7,1.7,2.8,1.2,0.1,1.9,0.3,3.2,0.6,0.4,0.5,3.0,0.6,0.4,1.2,0.2,0.6,0.6,0.5,0.5,0.2,0.1,0.3,0.2,0.1
2017-05-28 05:21:00+02:00,0.2,0.3,0.0,0.4,2.5,1.6,1.2,0.5,0.1,0.7,0.6,1.8,0.3,0.7,0.2,0.5,0.1,0.6,1.4,2.4,1.2,0.1,1.6,0.3,2.9,0.6,0.4,0.5,2.6,0.5,0.4,1.1,0.2,0.8,0.7,0.6,0.6,0.2,0.2,0.4,0.2,0.1
2017-05-28 05:22:00+02:00,0.2,0.3,0.0,0.4,2.4,1.6,1.1,0.4,0.1,0.7,0.5,1.7,0.2,0.6,0.2,0.5,0.1,0.5,1.4,2.3,1.1,0.1,1.5,0.3,2.7,0.6,0.4,0.5,2.5,0.5,0.3,1.0,0.2,0.8,0.8,0.7,0.7,0.3,0.2,0.4,0.2,0.1
2017-05-28 05:23:00+02:00,0.2,0.3,0.0,0.4,2.4,1.6,1.2,0.5,0.1,0.6,0.5,1.8,0.2,0.6,0.2,0.5,0.1,0.6,1.4,2.3,1.1,0.0,1.5,0.3,2.8,0.6,0.4,0.5,2.5,0.5,0.3,1.0,0.2,0.7,0.7,0.6,0.6,0.3,0.2,0.3,0.2,0.1
2017-05-28 05:24:00+02:00,0.2,0.3,0.0,0.4,2.3,1.5,1.1,0.4,0.1,0.6,0.4,1.7,0.2,0.5,0.2,0.5,0.1,0.5,1.3,2.2,1.0,0.0,1.4,0.3,2.6,0.6,0.4,0.5,2.4,0.4,0.3,1.0,0.2,0.8,0.8,0.7,0.6,0.3,0.2,0.3,0.2,0.1
2017-05-28 05:25:00+02:00,0.2,0.3,0.0,0.4,2.3,1.6,1.1,0.4,0.1,0.6,0.4,1.7,0.2,0.5,0.2,0.5,0.1,0.5,1.4,2.3,1.1,0.0,1.5,0.3,2.6,0.5,0.5,0.4,2.4,0.4,0.3,1.0,0.2,0.8,0.7,0.6,0.6,0.3,0.2,0.4,0.2,0.2
2017-05-28 05:26:00+02:00,0.2,0.3,0.0,0.4,2.2,1.6,1.1,0.4,0.1,0.6,0.4,1.7,0.2,0.6,0.2,0.5,0.1,0.5,1.4,2.2,1.1,0.0,1.5,0.3,2.5,0.5,0.5,0.4,2.3,0.4,0.3,1.0,0.2,0.7,0.7,0.6,0.5,0.2,0.2,0.4,0.2,0.2
2017-05-28 05:27:00+02:00,0.2,0.4,0.0,0.5,2.2,1.6,1.1,0.4,0.1,0.6,0.4,1.7,0.2,0.6,0.2,0.5,0.1,0.5,1.4,2.1,1.1,0.0,1.5,0.3,2.4,0.5,0.5,0.4,2.3,0.4,0.3,1.0,0.3,0.7,0.7,0.6,0.6,0.2,0.2,0.4,0.2,0.2
2017-05-28 05:28:00+02:00,0.2,0.4,0.1,0.5,2.3,1.6,1.2,0.4,0.1,0.6,0.5,1.7,0.3,0.6,0.2,0.5,0.1,0.5,1.4,2.3,1.1,0.1,1.5,0.3,2.5,0.6,0.5,0.4,2.4,0.4,0.3,1.0,0.3,0.8,0.7,0.6,0.6,0.3,0.2,0.4,0.2,0.2
2017-05-28 05:29:00+02:00,0.2,0.4,0.1,0.4,2.9,2.3,1.8,1.1,0.1,0.6,0.4,2.4,1.0,1.2,0.2,0.5,0.1,1.1,2.0,2.9,1.8,0.1,2.2,0.2,3.1,0.5,0.5,0.4,3.0,1.1,0.3,1.6,0.3,0.6,0.6,0.5,0.5,0.1,0.1,0.4,0.2,0.2
2017-05-28 05:30:00+02:00,0.2,0.3,0.0,0.4,2.3,1.7,1.2,0.5,0.1,0.6,0.4,1.8,0.4,0.7,0.2,0.4,0.1,0.6,1.5,2.3,1.2,0.0,1.6,0.2,2.5,0.5,0.5,0.4,2.4,0.6,0.2,1.1,0.3,0.6,0.5,0.5,0.5,0.1,0.1,0.3,0.2,0.2
2017-05-28 05:31:00+02:00,0.1,0.1,0.0,0.2,0.1,0.2,0.1,0.6,0.1,0.4,0.2,0.4,0.3,0.5,0.2,0.0,0.1,0.5,0.1,0.1,0.2,0.0,0.1,0.1,0.4,0.4,0.4,0.2,0.2,0.6,0.0,0.1,0.2,0.8,0.8,0.8,0.6,0.5,0.2,0.1,0.1,0.3
2017-05-28 05:32:00+02:00,0.1,0.1,0.0,0.2,0.3,0.1,0.3,0.6,0.1,0.5,0.3,0.2,0.3,0.4,0.2,0.0,0.1,0.4,0.3,0.3,0.0,0.0,0.2,0.1,0.7,0.5,0.5,0.2,0.2,0.6,0.1,0.2,0.2,1.0,1.0,1.1,0.8,0.5,0.2,0.3,0.1,0.2
2017-05-28 05:33:00+02:00,0.2,0.1,0.0,0.3,0.8,0.3,0.6,0.5,0.1,0.5,0.4,0.2,0.3,0.2,0.2,0.0,0.1,0.3,0.6,0.8,0.3,0.0,0.4,0.1,1.3,0.6,0.6,0.2,0.7,0.5,0.1,0.4,0.2,1.2,1.2,1.3,1.0,0.6,0.3,0.4,0.1,0.1
2017-05-28 05:34:00+02:00,0.2,0.1,0.0,0.4,1.0,0.5,0.7,0.5,0.1,0.6,0.4,0.4,0.3,0.2,0.1,0.1,0.1,0.3,0.7,1.1,0.4,0.0,0.6,0.0,1.6,0.7,0.7,0.2,1.0,0.5,0.2,0.5,0.2,1.2,1.3,1.4,1.0,0.6,0.3,0.4,0.1,0.2
2017-05-28 05:35:00+02:00,0.3,0.2,0.0,0.3,1.3,0.7,0.9,0.4,0.1,0.8,0.4,0.6,0.3,0.1,0.2,0.1,0.1,0.2,0.9,1.3,0.5,0.1,0.8,0.0,1.8,0.7,0.7,0.2,1.2,0.4,0.1,0.6,0.2,1.4,1.5,1.6,1.2,0.7,0.3,0.5,0.2,0.1
2017-05-28 05:36:00+02:00,0.3,0.2,0.0,0.5,1.6,1.0,1.2,0.3,0.1,0.9,0.4,0.9,0.3,0.1,0.3,0.2,0.1,0.1,1.2,1.7,0.8,0.2,1.1,0.1,2.3,0.8,0.9,0.1,1.6,0.3,0.1,0.9,0.2,1.5,1.7,1.7,1.4,0.8,0.4,0.6,0.3,0.1
2017-05-28 05:37:00+02:00,0.3,0.2,0.0,0.5,1.6,1.0,1.4,0.2,0.1,1.0,0.5,0.8,0.3,0.2,0.2,0.3,0.1,0.1,1.2,1.7,1.0,0.2,1.1,0.2,2.3,0.8,0.9,0.1,1.6,0.2,0.2,1.1,0.2,1.7,1.8,1.8,1.5,0.8,0.4,0.7,0.3,0.1
2017-05-28 05:38:00+02:00,0.3,0.2,0.0,0.5,2.1,1.4,1.5,0.2,0.1,1.1,0.4,1.3,0.3,0.2,0.2,0.3,0.1,0.1,1.6,2.1,1.1,0.1,1.5,0.1,2.9,0.8,0.9,0.1,2.1,0.2,0.2,1.1,0.1,1.9,1.9,2.0,1.6,0.9,0.4,0.7,0.3,0.1
2017-05-28 05:39:00+02:00,0.3,0.3,0.0,0.5,2.4,1.6,1.7,0.2,0.1,1.2,0.5,1.5,0.3,0.3,0.2,0.4,0.1,0.2,1.8,2.4,1.2,0.2,1.7,0.2,3.2,0.9,1.0,0.1,2.3,0.2,0.2,1.3,0.1,2.1,2.1,2.2,1.7,0.9,0.4,0.8,0.3,0.1
2017-05-28 05:40:00+02:00,0.4,0.2,0.0,0.5,2.6,1.7,1.7,0.2,0.0,1.3,0.6,1.6,0.3,0.3,0.2,0.4,0.1,0.2,1.9,2.7,1.3,0.1,1.8,0.2,3.5,1.0,1.0,0.1,2.5,0.1,0.3,1.3,0.1,2.2,2.3,2.3,1.8,1.0,0.5,0.9,0.4,0.1
2017-05-28 05:41:00+02:00,0.4,0.3,0.0,0.6,2.9,2.0,2.0,0.2,0.0,1.5,0.6,1.9,0.3,0.4,0.3,0.5,0.0,0.3,2.1,3.0,1.5,0.1,2.1,0.2,3.8,1.1,1.1,0.1,2.9,0.1,0.3,1.5,0.1,2.3,2.3,2.4,1.9,1.0,0.4,0.9,0.4,0.1
2017-05-28 05:42:00+02:00,0.4,0.4,0.0,0.8,3.3,2.3,2.2,0.2,0.0,1.7,0.7,2.2,0.3,0.4,0.3,0.6,0.0,0.3,2.4,3.4,1.7,0.1,2.4,0.3,4.3,1.2,1.3,0.2,3.3,0.1,0.3,1.8,0.1,2.5,2.5,2.6,2.0,1.1,0.5,1.0,0.4,0.1
2017-05-28 05:43:00+02:00,0.5,0.5,0.0,0.9,3.7,2.5,2.4,0.2,0.0,1.8,0.8,2.4,0.3,0.5,0.3,0.7,0.0,0.4,2.7,3.8,1.9,0.1,2.6,0.3,4.7,1.3,1.4,0.2,3.6,0.1,0.4,1.9,0.1,2.7,2.7,2.7,2.2,1.1,0.5,1.0,0.5,0.1
2017-05-28 05:44:00+02:00,0.5,0.5,0.0,0.9,4.2,2.8,2.7,0.1,0.0,1.8,0.9,2.7,0.3,0.6,0.3,0.7,0.0,0.4,2.9,4.2,2.1,0.2,2.9,0.3,5.2,1.5,1.5,0.2,4.1,0.1,0.4,2.1,0.1,2.9,2.9,2.9,2.3,1.2,0.6,1.1,0.5,0.1
2017-05-28 05:45:00+02:00,0.5,0.6,0.0,1.0,4.5,3.1,2.9,0.1,0.1,1.9,1.0,3.0,0.3,0.7,0.2,0.8,0.0,0.4,3.2,4.6,2.3,0.2,3.1,0.4,5.7,1.6,1.6,0.2,4.5,0.1,0.4,2.3,0.1,3.0,3.0,3.0,2.4,1.3,0.6,1.1,0.5,0.1
2017-05-28 05:46:00+02:00,0.6,0.6,0.0,1.1,4.8,3.2,3.0,0.1,0.1,2.1,1.1,3.1,0.3,0.6,0.2,0.9,0.0,0.4,3.3,4.8,2.4,0.1,3.3,0.4,6.0,1.7,1.7,0.3,4.7,0.1,0.5,2.4,0.1,3.2,3.2,3.2,2.5,1.3,0.6,1.2,0.5,0.2
2017-05-28 05:47:00+02:00,0.6,0.6,0.0,1.1,4.9,3.3,3.2,0.1,0.1,2.2,1.0,3.2,0.3,0.7,0.2,0.9,0.0,0.5,3.5,4.9,2.5,0.2,3.4,0.5,6.2,1.7,1.8,0.4,4.8,0.0,0.5,2.5,0.1,3.4,3.4,3.4,2.7,1.4,0.7,1.3,0.6,0.1
2017-05-28 05:48:00+02:00,0.5,0.6,0.0,1.2,5.1,3.4,3.2,0.1,0.1,2.3,1.1,3.3,0.3,0.7,0.2,0.9,0.0,0.5,3.6,5.2,2.5,0.2,3.5,0.4,6.5,1.9,1.9,0.4,5.1,0.0,0.5,2.6,0.1,3.5,3.6,3.6,2.8,1.5,0.7,1.3,0.6,0.1
2017-05-28 05:49:00+02:00,0.5,0.7,0.0,1.3,5.7,3.7,3.4,0.1,0.1,2.4,1.3,3.7,0.3,0.8,0.1,1.0,0.0,0.6,3.8,5.7,2.7,0.1,3.8,0.4,7.1,2.1,2.0,0.4,5.6,0.0,0.7,2.8,0.1,3.9,3.9,3.9,3.1,1.6,0.8,1.5,0.8,0.1
2017-05-28 05:50:00+02:00,0.6,0.8,0.0,1.3,6.1,4.0,3.7,0.1,0.1,2.5,1.4,3.9,0.3,0.9,0.1,1.1,0.0,0.7,4.1,6.1,2.9,0.0,4.0,0.5,7.7,2.2,2.1,0.5,6.1,0.1,0.8,3.0,0.1,4.0,4.0,4.0,3.2,1.7,0.8,1.5,0.7,0.0
2017-05-28 05:51:00+02:00,0.6,0.8,0.0,1.4,6.4,4.2,3.9,0.1,0.1,2.7,1.5,4.1,0.3,0.9,0.1,1.2,0.0,0.7,4.3,6.4,3.1,0.0,4.3,0.5,8.0,2.3,2.3,0.5,6.3,0.1,0.8,3.2,0.1,4.1,4.1,4.1,3.3,1.8,0.9,1.6,0.8,0.0
2017-05-28 05:52:00+02:00,0.6,0.9,0.0,1.5,6.8,4.5,4.2,0.1,0.1,2.8,1.6,4.4,0.3,1.0,0.1,1.2,0.0,0.7,4.6,6.8,3.3,0.0,4.5,0.6,8.5,2.5,2.4,0.5,6.7,0.1,0.8,3.4,0.1,4.2,4.2,4.3,3.5,1.8,0.9,1.6,0.8,0.0
2017-05-28 05:53:00+02:00,0.7,0.9,0.0,1.6,7.1,4.8,4.4,0.1,0.1,2.9,1.6,4.7,0.3,1.1,0.1,1.3,0.0,0.8,4.9,7.2,3.6,0.0,4.8,0.6,8.8,2.5,2.5,0.5,7.0,0.1,0.9,3.6,0.1,4.4,4.4,4.4,3.6,1.9,0.9,1.7,0.8,0.0
2017-05-28 05:54:00+02:00,0.7,1.0,0.0,1.7,7.4,5.0,4.7,0.0,0.1,3.1,1.7,4.9,0.3,1.2,0.1,1.4,0.0,0.8,5.1,7.5,3.8,0.0,5.1,0.6,9.2,2.6,2.6,0.6,7.3,0.1,0.9,3.8,0.1,4.6,4.6,4.6,3.7,1.9,0.9,1.8,0.8,0.0
2017-05-28 05:55:00+02:00,0.8,1.0,0.0,1.8,7.9,5.3,4.9,0.0,0.2,3.2,1.8,5.2,0.3,1.2,0.1,1.4,0.0,0.8,5.4,7.9,4.0,0.0,5.3,0.7,9.7,2.7,2.8,0.6,7.8,0.1,1.0,4.0,0.1,4.8,4.8,4.8,3.9,1.9,1.0,1.9,0.9,0.0
2017-05-28 05:56:00+02:00,0.8,1.1,0.0,1.9,8.2,5.4,5.1,0.1,0.2,3.4,1.8,5.4,0.4,1.2,0.1,1.5,0.0,0.8,5.5,8.2,4.1,0.0,5.5,0.7,9.9,2.8,2.9,0.6,8.1,0.1,1.0,4.1,0.1,5.0,5.0,5.0,4.0,2.0,1.0,2.1,1.0,0.0
2017-05-28 05:57:00+02:00,0.8,1.1,0.0,2.0,8.6,5.7,5.4,0.1,0.2,3.6,1.9,5.7,0.3,1.3,0.1,1.6,0.0,0.9,5.8,8.6,4.4,0.0,5.8,0.8,10.4,3.0,3.0,0.7,8.6,0.2,1.1,4.4,0.2,5.1,5.1,5.1,4.1,2.0,1.0,2.1,1.0,0.1
2017-05-28 05:58:00+02:00,0.8,1.2,0.0,2.1,9.1,6.1,5.6,0.1,0.2,3.8,2.0,6.0,0.3,1.4,0.1,1.7,0.0,1.0,6.1,9.1,4.6,0.0,6.1,0.8,10.9,3.1,3.1,0.7,9.0,0.2,1.1,4.6,0.2,5.4,5.4,5.4,4.3,2.2,1.1,2.2,1.1,0.0
2017-05-28 05:59:00+02:00,0.9,1.3,0.0,2.1,9.4,6.3,5.8,0.1,0.2,3.9,2.1,6.3,0.3,1.5,0.1,1.8,0.0,1.1,6.4,9.5,4.8,0.0,6.4,0.8,11.3,3.2,3.2,0.8,9.4,0.3,1.1,4.7,0.2,5.5,5.5,5.5,4.4,2.2,1.1,2.2,1.1,0.0
2017-05-28 06:00:00+02:00,0.9,1.3,0.0,2.2,9.8,6.6,6.1,0.2,0.2,3.9,2.1,6.6,0.3,1.6,0.1,1.8,0.1,1.1,6.7,9.9,5.0,0.0,6.7,0.9,11.7,3.3,3.3,0.8,9.7,0.3,1.1,4.9,0.2,5.7,5.7,5.7,4.6,2.3,1.1,2.3,1.1,0.1
2017-05-28 06:01:00+02:00,0.9,1.4,0.0,2.3,10.2,7.0,6.4,0.3,0.2,4.1,2.2,6.9,0.4,1.7,0.1,1.9,0.1,1.2,7.0,10.4,5.2,0.0,7.0,0.9,12.3,3.4,3.5,0.8,10.2,0.4,1.2,5.2,0.2,6.0,6.0,6.0,4.8,2.4,1.2,2.4,1.2,0.1
2017-05-28 06:02:00+02:00,1.0,1.4,0.0,2.4,10.4,7.2,6.5,0.3,0.2,4.2,2.4,7.0,0.3,1.8,0.1,1.9,0.1,1.3,7.1,10.6,5.3,0.1,7.2,0.9,12.5,3.6,3.6,0.9,10.4,0.4,1.2,5.4,0.3,6.1,6.1,6.1,4.9,2.4,1.2,2.5,1.2,0.1
2017-05-28 06:03:00+02:00,1.1,1.5,0.0,2.4,10.8,7.4,6.7,0.2,0.3,4.5,2.5,7.2,0.3,1.8,0.1,2.1,0.1,1.2,7.3,10.9,5.5,0.1,7.4,1.1,12.9,3.7,3.7,1.0,10.8,0.4,1.3,5.4,0.3,6.3,6.2,6.2,5.0,2.4,1.2,2.5,1.3,0.1
2017-05-28 06:04:00+02:00,1.1,1.6,0.0,2.5,11.0,7.6,6.9,0.2,0.3,4.6,2.5,7.4,0.3,1.8,0.0,2.2,0.0,1.3,7.6,11.1,5.6,0.0,7.6,1.1,13.2,3.8,3.8,1.1,11.0,0.4,1.3,5.6,0.3,6.5,6.4,6.4,5.1,2.5,1.3,2.6,1.3,0.1
2017-05-28 06:05:00+02:00,1.2,1.6,0.0,2.6,11.7,8.0,7.2,0.2,0.3,4.8,2.6,7.8,0.2,1.9,0.0,2.3,0.0,1.4,8.0,11.8,5.9,0.0,8.0,1.2,14.1,3.9,3.9,1.1,11.7,0.5,1.3,5.9,0.3,6.7,6.7,6.7,5.4,2.6,1.3,2.7,1.3,0.1
2017-05-28 06:06:00+02:00,1.2,1.7,0.0,2.7,12.1,8.3,7.4,0.2,0.3,4.8,2.6,8.1,0.2,2.0,0.1,2.3,0.1,1.4,8.3,12.1,6.0,0.0,8.3,1.2,14.5,4.0,4.1,1.1,12.1,0.4,1.4,6.0,0.4,6.9,6.8,6.9,5.5,2.7,1.4,2.8,1.4,0.1
2017-05-28 06:07:00+02:00,1.1,1.7,0.0,2.8,12.2,8.6,7.7,0.3,0.3,4.8,2.7,8.4,0.2,2.1,0.1,2.2,0.1,1.5,8.5,12.2,6.3,0.0,8.6,1.1,14.5,3.8,4.2,1.0,12.1,0.5,1.4,6.2,0.4,7.1,7.1,7.1,5.7,2.8,1.4,2.9,1.5,0.1
2017-05-28 06:08:00+02:00,1.2,1.8,0.1,2.8,12.8,8.9,8.0,0.4,0.3,5.0,2.8,8.9,0.2,2.3,0.1,2.3,0.1,1.7,8.9,12.8,6.6,0.1,9.0,1.2,14.8,3.9,4.3,1.1,12.6,0.7,1.5,6.6,0.4,7.1,7.0,7.0,5.6,2.8,1.4,2.8,1.5,0.1
2017-05-28 06:09:00+02:00,1.3,1.8,0.0,2.9,13.0,9.0,8.2,0.4,0.3,5.2,2.8,9.0,0.2,2.3,0.1,2.4,0.1,1.7,9.0,13.0,6.7,0.0,9.1,1.3,15.3,4.0,4.4,1.2,12.8,0.7,1.5,6.7,0.4,7.5,7.5,7.5,6.0,2.9,1.5,3.1,1.6,0.1
2017-05-28 06:10:00+02:00,1.4,1.8,0.1,3.0,13.2,9.2,8.3,0.4,0.4,5.2,2.9,9.2,0.2,2.4,0.1,2.3,0.1,1.7,9.1,13.3,6.9,0.1,9.2,1.3,14.3,4.1,4.4,1.1,13.0,0.7,1.5,6.8,0.4,7.7,7.7,7.6,6.1,3.0,1.5,3.2,1.6,0.1
2017-05-28 06:11:00+02:00,1.4,1.8,0.1,2.9,13.4,9.4,8.5,0.5,0.4,5.5,3.0,9.4,0.1,2.5,0.0,2.6,0.1,1.8,9.3,13.6,7.0,0.0,9.4,1.4,16.2,4.2,4.4,1.2,13.2,0.8,1.6,7.0,0.4,7.9,7.9,7.8,6.3,3.0,1.5,3.3,1.7,0.1
2017-05-28 06:12:00+02:00,1.4,1.9,0.1,3.1,13.8,9.6,8.9,0.5,0.4,5.7,3.1,9.6,0.1,2.6,0.0,2.6,0.1,1.9,9.5,13.9,7.3,0.1,9.6,1.4,16.8,4.3,4.6,1.3,13.6,0.9,1.6,7.3,0.4,8.1,8.1,8.0,6.5,3.1,1.6,3.4,1.7,0.2
2017-05-28 06:13:00+02:00,1.5,1.9,0.1,3.1,13.8,9.4,8.8,0.5,0.4,5.8,3.1,9.4,0.1,2.7,0.0,2.7,0.1,2.0,9.4,13.8,7.2,0.1,9.5,1.4,17.0,4.4,4.5,1.3,13.8,0.9,1.6,7.2,0.4,8.3,8.3,8.3,6.7,3.2,1.6,3.5,1.8,0.2
2017-05-28 06:14:00+02:00,1.5,2.1,0.1,3.2,14.5,10.0,9.1,0.5,0.4,5.9,3.2,10.1,0.1,2.8,0.0,2.7,0.1,2.1,10.0,14.5,7.5,0.1,10.1,1.5,17.8,4.5,4.6,1.3,14.5,0.9,1.7,7.5,0.5,8.5,8.5,8.5,6.8,3.3,1.6,3.6,1.9,0.2
2017-05-28 06:15:00+02:00,1.5,2.2,0.1,3.4,15.3,10.6,9.6,0.5,0.5,5.9,3.3,10.7,0.2,2.8,0.1,2.8,0.0,2.1,10.6,15.3,8.0,0.1,10.7,1.5,18.7,4.6,5.1,1.3,15.3,1.0,1.8,7.9,0.6,8.7,8.7,8.7,7.0,3.3,1.7,3.7,1.9,0.2
2017-05-28 06:16:00+02:00,1.5,2.3,0.1,3.6,15.8,11.0,9.9,0.6,0.5,6.0,3.4,11.0,0.2,2.9,0.1,2.8,0.0,2.1,11.0,15.8,8.2,0.1,11.1,1.5,19.3,4.8,5.3,1.4,15.8,1.0,1.8,8.2,0.7,8.9,8.9,8.9,7.2,3.4,1.7,3.8,2.0,0.2
2017-05-28 06:17:00+02:00,1.6,2.4,0.1,3.7,16.0,11.1,10.1,0.6,0.5,6.4,3.5,11.1,0.2,2.9,0.0,3.0,0.0,2.1,11.2,16.0,8.3,0.1,11.3,1.6,19.5,4.9,5.4,1.5,16.0,1.0,1.8,8.3,0.7,9.1,9.1,9.1,7.4,3.5,1.7,3.8,2.0,0.2
2017-05-28 06:18:00+02:00,1.7,2.5,0.1,3.9,16.5,11.5,10.4,0.5,0.5,6.6,3.6,11.5,0.3,3.0,0.1,3.1,0.1,2.2,11.5,16.5,8.6,0.1,11.6,1.7,20.2,5.1,5.6,1.6,16.5,1.0,1.9,8.5,0.8,9.3,9.3,9.3,7.5,3.6,1.8,3.9,2.1,0.3
2017-05-28 06:19:00+02:00,1.7,2.5,0.1,4.0,17.0,11.9,10.7,0.7,0.5,6.7,3.6,11.9,0.2,3.2,0.1,3.2,0.0,2.4,11.9,17.0,8.9,0.1,12.1,1.7,20.7,5.1,5.7,1.6,17.0,1.2,1.9,8.8,0.8,9.5,9.4,9.4,7.6,3.6,1.8,3.9,2.1,0.2
2017-05-28 06:20:00+02:00,1.7,2.6,0.1,4.1,17.2,12.0,10.9,0.7,0.6,6.8,3.6,12.0,0.2,3.2,0.1,3.2,0.0,2.4,12.0,17.2,9.0,0.1,12.2,1.7,20.9,5.2,5.7,1.6,17.2,1.2,1.9,8.9,0.8,9.7,9.6,9.6,7.7,3.7,1.8,4.1,2.1,0.3
2017-05-28 06:21:00+02:00,1.7,2.7,0.1,4.2,17.4,12.2,11.2,0.7,0.6,6.9,3.7,12.2,0.3,3.3,0.1,3.2,0.0,2.5,12.2,17.4,9.2,0.1,12.4,1.8,21.2,5.2,5.9,1.6,17.4,1.2,1.8,9.2,0.9,9.9,9.9,9.8,7.9,3.8,1.9,4.1,2.1,0.3
2017-05-28 06:22:00+02:00,1.7,2.7,0.1,4.2,18.2,12.6,11.4,0.7,0.6,7.0,3.7,12.6,0.3,3.3,0.1,3.3,0.0,2.5,12.5,18.2,9.4,0.1,12.7,1.8,22.0,5.6,6.0,1.7,18.2,1.2,1.9,9.4,0.9,10.1,10.1,10.0,8.0,3.8,1.9,4.2,2.2,0.3
2017-05-28 06:23:00+02:00,1.8,2.8,0.1,4.3,18.6,12.8,11.7,0.7,0.6,7.1,3.8,12.9,0.3,3.4,0.1,3.3,0.0,2.5,12.8,18.7,9.7,0.1,13.0,1.8,22.5,5.8,6.2,1.7,18.5,1.3,1.9,9.6,0.9,10.2,10.2,10.1,8.1,3.9,2.0,4.2,2.2,0.3
2017-05-28 06:24:00+02:00,1.8,2.7,0.1,4.3,18.8,13.0,11.8,0.7,0.6,7.1,3.9,13.0,0.3,3.5,0.1,3.3,0.0,2.6,12.9,19.0,9.7,0.1,13.1,1.8,22.7,5.9,6.2,1.7,18.7,1.3,2.0,9.7,0.8,10.4,10.3,10.3,8.2,4.0,2.0,4.3,2.3,0.3
2017-05-28 06:25:00+02:00,1.8,2.8,0.1,4.4,19.4,13.3,12.1,0.8,0.6,7.2,4.0,13.4,0.3,3.6,0.1,3.4,0.0,2.7,13.2,19.4,10.0,0.1,13.5,1.8,23.4,6.0,6.3,1.7,19.4,1.4,2.0,9.9,0.8,10.2,10.1,10.1,8.0,3.8,2.0,4.2,2.1,0.3
2017-05-28 06:26:00+02:00,1.8,2.9,0.2,4.5,20.0,13.6,12.3,0.8,0.7,7.3,4.2,13.7,0.3,3.7,0.1,3.4,0.0,2.7,13.5,19.9,10.2,0.1,13.8,1.9,23.9,6.3,6.5,1.8,20.0,1.4,2.1,10.1,0.9,10.0,10.0,9.9,7.8,3.8,2.0,4.0,1.9,0.3
2017-05-28 06:27:00+02:00,1.9,2.9,0.1,4.5,20.4,13.9,12.6,0.8,0.7,7.3,4.3,14.0,0.2,3.8,0.2,3.5,0.0,2.8,13.7,20.4,10.4,0.1,14.1,1.9,24.4,6.4,6.6,1.8,20.4,1.4,2.2,10.3,0.9,10.2,10.2,10.1,7.9,3.9,2.0,4.0,2.0,0.3
2017-05-28 06:28:00+02:00,1.9,2.9,0.1,4.6,20.7,14.1,12.7,0.8,0.7,7.5,4.3,14.2,0.2,3.9,0.2,3.5,0.0,2.9,13.9,20.7,10.6,0.1,14.3,1.9,24.8,6.5,6.6,1.8,20.7,1.5,2.3,10.5,0.9,10.5,10.4,10.3,8.1,4.0,2.1,4.1,2.1,0.3
2017-05-28 06:29:00+02:00,1.9,3.0,0.2,4.7,21.2,14.4,13.1,0.9,0.7,7.6,4.4,14.5,0.2,4.0,0.2,3.6,0.0,3.0,14.3,21.1,10.8,0.2,14.6,1.9,25.3,6.6,6.8,1.9,21.1,1.5,2.3,10.8,1.0,10.7,10.6,10.6,8.3,4.1,2.1,4.3,2.2,0.3
2017-05-28 06:30:00+02:00,1.9,3.1,0.2,4.8,20.4,14.1,12.6,0.4,0.7,7.7,4.5,14.2,0.8,3.4,0.2,3.7,0.0,2.3,13.9,20.3,10.4,0.2,14.2,2.0,24.6,6.2,6.9,1.9,20.3,0.9,2.4,10.3,1.0,11.0,10.9,10.8,8.6,4.1,2.2,4.4,2.2,0.4
2017-05-28 06:31:00+02:00,2.0,3.2,0.2,4.9,21.5,14.6,13.1,0.4,0.7,7.9,4.6,14.8,0.8,3.6,0.2,3.8,0.0,2.5,14.4,21.4,10.8,0.2,14.8,2.0,25.8,6.6,7.1,1.9,21.4,1.1,2.5,10.7,1.1,11.3,11.2,11.1,8.8,4.3,2.2,4.5,2.3,0.4
2017-05-28 06:32:00+02:00,2.0,3.3,0.2,5.0,22.3,15.0,13.3,0.5,0.8,7.9,4.6,15.3,0.7,3.8,0.2,3.8,0.0,2.7,14.8,22.2,11.0,0.2,15.2,2.0,26.7,6.9,7.2,1.9,22.2,1.2,2.5,11.0,1.1,11.4,11.4,11.3,8.9,4.4,2.3,4.6,2.4,0.4
2017-05-28 06:33:00+02:00,2.0,3.4,0.2,5.1,21.3,14.0,12.2,1.0,0.8,7.7,4.7,14.2,2.1,2.5,0.3,3.5,0.2,1.4,13.7,21.3,9.9,0.3,14.1,1.7,25.8,7.1,7.3,1.7,21.3,0.3,2.6,9.8,1.2,11.6,11.6,11.5,9.1,4.4,2.3,4.7,2.4,0.5
2017-05-28 06:34:00+02:00,1.9,3.4,0.2,5.2,21.9,14.5,12.7,0.7,0.8,7.8,4.8,14.7,1.7,2.9,0.3,3.6,1.1,1.7,14.1,21.8,10.3,0.3,14.6,1.7,26.4,7.2,7.4,1.7,21.9,0.2,2.6,10.3,1.2,11.7,11.6,11.5,9.1,4.5,2.3,4.6,2.3,0.4
2017-05-28 06:35:00+02:00,2.0,3.4,0.3,5.3,23.3,15.7,13.9,0.4,0.8,8.0,4.8,15.9,0.7,4.0,0.3,3.7,0.1,2.8,15.4,23.2,11.6,0.3,15.8,1.8,27.9,7.3,7.5,1.7,23.3,1.2,2.7,11.5,1.2,11.8,11.7,11.7,9.3,4.5,2.4,4.7,2.4,0.4
2017-05-28 06:36:00+02:00,2.0,3.5,0.3,5.4,23.6,16.0,14.2,0.5,0.8,8.1,4.9,16.2,0.7,4.1,0.3,3.7,0.1,2.9,15.6,23.6,11.8,0.3,16.1,1.8,28.4,7.4,7.6,1.8,23.6,1.3,2.8,11.7,1.3,11.9,11.8,11.8,9.4,4.6,2.4,4.8,2.5,0.4
2017-05-28 06:37:00+02:00,2.0,3.5,0.3,5.4,23.8,16.2,14.3,0.5,0.9,8.2,5.0,16.4,0.7,4.2,0.3,3.8,0.1,3.0,15.8,23.8,12.0,0.3,16.3,1.8,28.6,7.4,7.7,1.8,23.8,1.4,2.8,11.9,1.3,12.0,11.9,11.9,9.4,4.6,2.4,4.8,2.4,0.5
2017-05-28 06:38:00+02:00,2.0,3.6,0.3,5.5,24.1,16.4,14.6,0.6,0.9,8.2,5.0,16.7,0.7,4.3,0.4,3.8,0.1,3.1,16.1,24.1,12.2,0.3,16.5,1.9,28.8,7.4,7.8,1.8,23.9,1.4,2.8,12.1,1.3,12.2,12.1,12.1,9.6,4.7,2.5,4.9,2.5,0.5
2017-05-28 06:39:00+02:00,2.0,3.6,0.3,5.6,24.5,16.7,14.8,0.6,0.9,8.3,5.1,17.0,0.7,4.4,0.4,3.8,0.1,3.1,16.3,24.5,12.4,0.4,16.8,1.9,29.2,7.5,7.9,1.8,24.3,1.4,2.9,12.3,1.4,12.3,12.2,12.2,9.7,4.7,2.5,5.0,2.5,0.5
2017-05-28 06:40:00+02:00,2.1,3.8,0.3,5.7,25.0,17.1,15.1,0.6,0.9,8.5,5.2,17.4,0.7,4.5,0.4,3.9,0.1,3.2,16.7,24.9,12.7,0.4,17.2,1.9,29.7,7.6,8.1,1.9,24.8,1.5,2.9,12.6,1.5,12.5,12.4,12.4,9.8,4.5,2.4,5.3,2.8,0.5
2017-05-28 06:41:00+02:00,2.1,3.8,0.3,5.8,25.2,17.3,15.3,0.7,0.9,8.5,5.1,17.6,0.7,4.5,0.3,4.0,0.1,3.2,16.8,25.1,12.8,0.4,17.4,2.0,30.0,7.5,8.2,1.9,25.0,1.5,2.9,12.7,1.5,12.8,12.7,12.7,10.1,4.5,2.4,5.6,3.1,0.6
2017-05-28 06:42:00+02:00,2.2,4.0,0.4,6.0,25.6,17.7,15.6,0.7,1.0,8.6,5.2,18.0,0.7,4.6,0.3,4.0,0.1,3.3,17.2,25.6,13.1,0.4,17.7,2.0,30.6,7.6,8.4,1.9,25.4,1.5,2.9,13.0,1.6,12.9,12.8,12.8,10.2,4.6,2.5,5.7,3.1,0.6
2017-05-28 06:43:00+02:00,2.2,4.0,0.4,6.1,26.1,18.0,15.8,0.7,1.0,8.7,5.3,18.3,0.7,4.7,0.4,4.1,0.1,3.3,17.5,26.0,13.3,0.4,18.0,2.1,31.1,7.7,8.5,2.0,25.9,1.5,3.0,13.2,1.7,13.0,12.9,12.9,10.3,4.6,2.5,5.7,3.1,0.6
2017-05-28 06:44:00+02:00,2.2,4.1,0.3,6.1,26.4,18.2,16.0,0.8,1.1,8.8,5.3,18.5,0.7,4.8,0.4,4.1,0.1,3.4,17.7,26.3,13.5,0.4,18.2,2.0,31.4,7.8,8.6,2.0,26.2,1.6,3.0,13.4,1.7,13.1,13.0,13.0,10.4,4.6,2.5,5.8,3.2,0.6
2017-05-28 06:45:00+02:00,2.3,4.1,0.4,6.1,27.1,18.7,16.5,1.1,1.1,8.9,5.5,19.0,0.3,5.3,0.5,4.1,0.1,3.9,18.2,27.0,14.0,0.5,18.7,2.0,32.2,8.0,8.6,2.0,27.0,2.0,3.1,13.9,1.8,13.2,13.1,13.1,10.5,4.7,2.5,5.8,3.2,0.6
2017-05-28 06:46:00+02:00,2.3,4.2,0.4,6.2,27.4,18.7,16.5,1.0,1.1,9.0,5.6,19.1,0.4,5.2,0.5,4.2,0.1,3.8,18.2,27.3,14.0,0.5,18.8,2.0,32.5,8.1,8.7,2.0,27.3,1.9,3.2,13.9,1.8,13.5,13.4,13.4,10.7,4.8,2.6,5.9,3.3,0.7
2017-05-28 06:47:00+02:00,2.3,4.2,0.4,6.3,28.0,19.1,16.8,0.9,1.1,9.2,5.7,19.5,0.5,5.3,0.5,4.3,0.1,3.9,18.5,27.8,14.2,0.5,19.2,2.1,33.2,8.3,8.8,2.1,27.8,2.0,3.2,14.1,1.8,13.7,13.6,13.6,10.9,4.9,2.7,6.0,3.3,0.7
2017-05-28 06:48:00+02:00,1.9,4.3,0.5,6.4,28.4,19.5,17.1,1.0,1.1,9.1,5.8,19.9,0.4,5.5,0.5,4.1,0.1,4.0,18.8,28.2,14.5,0.5,19.5,2.0,33.6,8.3,9.0,1.9,28.3,2.1,3.2,14.5,1.9,13.9,13.8,13.7,11.0,5.0,2.7,6.0,3.4,0.7
2017-05-28 06:49:00+02:00,1.9,4.4,0.5,6.5,28.2,19.1,17.4,1.1,1.2,9.1,5.8,19.6,0.3,5.6,0.6,4.1,0.1,4.1,19.1,28.0,14.8,0.5,19.9,1.9,33.4,8.4,9.1,1.9,28.0,2.2,3.3,14.7,1.9,14.1,14.0,13.9,11.2,5.0,2.7,6.2,3.5,0.8
2017-05-28 06:50:00+02:00,2.0,4.0,0.5,6.2,28.9,19.7,17.2,1.1,0.8,9.3,5.9,20.2,0.3,5.7,0.6,4.2,0.1,4.2,19.0,28.7,14.5,0.6,19.8,2.0,34.2,8.5,8.7,2.0,28.7,2.2,3.3,14.5,1.5,14.2,14.1,14.1,11.3,5.1,2.8,6.2,3.5,0.8
2017-05-28 06:51:00+02:00,2.0,4.3,0.5,6.5,29.3,20.1,17.5,1.0,1.0,9.3,5.9,20.6,0.6,5.7,0.6,4.3,0.1,4.1,19.3,29.1,14.8,0.6,20.1,2.0,34.7,8.5,9.1,2.0,29.2,2.1,3.4,14.7,1.8,14.3,14.2,14.1,11.4,5.1,2.8,6.3,3.5,0.8
2017-05-28 06:52:00+02:00,2.0,4.5,0.5,6.8,29.6,20.1,17.4,0.5,1.2,9.2,6.0,20.6,1.1,5.2,0.6,4.3,0.1,3.7,19.3,29.3,14.7,0.6,20.1,2.0,35.0,8.7,9.4,2.0,29.4,1.7,3.4,14.6,2.0,14.4,14.3,14.2,11.5,5.1,2.8,6.4,3.6,0.8
2017-05-28 06:53:00+02:00,2.1,4.6,0.5,6.9,30.0,20.4,17.6,0.6,1.2,9.4,6.1,20.9,1.1,5.3,0.7,4.4,0.1,3.7,19.5,29.7,14.9,0.6,20.3,2.1,35.6,8.8,9.5,2.1,30.0,1.7,3.5,14.8,2.1,14.4,14.3,14.3,11.5,5.1,2.8,6.3,3.6,0.8
2017-05-28 06:54:00+02:00,2.1,4.7,0.6,7.0,30.9,21.2,18.4,1.3,1.3,9.5,6.1,21.7,0.4,6.1,0.7,4.5,0.1,4.6,20.3,30.7,15.6,0.7,21.1,2.2,36.6,8.9,9.4,2.1,31.0,2.5,3.5,15.5,2.1,14.6,14.5,14.4,11.6,5.1,2.8,6.4,3.6,0.8
2017-05-28 06:55:00+02:00,2.2,4.6,0.6,6.9,31.0,21.5,18.6,1.5,1.3,9.5,6.2,22.0,0.2,6.5,0.7,4.4,0.1,4.9,20.5,31.0,15.8,0.7,21.3,2.2,36.6,9.0,9.3,2.0,31.1,2.8,3.6,15.8,2.0,14.7,14.6,14.6,11.7,5.2,2.7,6.5,3.7,0.8
2017-05-28 06:56:00+02:00,2.3,4.1,0.6,6.5,30.7,21.3,18.3,1.6,0.8,9.5,6.2,21.9,0.2,6.7,0.7,4.4,0.0,5.1,20.3,30.9,15.6,0.7,21.1,2.4,36.5,9.0,8.8,2.1,30.9,2.9,3.6,15.5,1.5,14.7,14.5,14.5,11.6,5.0,2.8,6.6,3.8,0.9
2017-05-28 06:57:00+02:00,2.4,4.1,0.6,6.4,31.2,21.6,18.5,1.7,1.2,9.5,6.2,22.2,0.2,6.8,0.7,4.6,0.0,5.1,20.5,31.3,15.7,0.7,21.3,2.5,37.1,9.1,8.8,2.2,31.3,3.0,3.6,15.6,1.5,15.0,14.9,14.8,11.9,5.2,2.8,6.7,3.8,0.9
2017-05-28 06:58:00+02:00,2.5,3.6,0.6,6.0,30.9,21.3,18.1,1.7,1.2,8.8,6.3,21.9,0.2,7.0,0.7,4.6,0.0,5.3,20.1,31.0,15.3,0.7,21.0,2.6,36.9,9.1,8.3,2.3,31.1,3.1,3.7,15.2,1.0,14.9,14.8,14.7,11.8,5.1,2.8,6.7,3.8,1.0
2017-05-28 06:59:00+02:00,2.6,4.6,0.6,6.9,31.8,22.1,18.9,1.8,1.2,9.7,6.3,22.7,0.1,7.1,0.7,4.8,0.0,5.4,20.9,31.9,16.1,0.7,21.8,2.7,37.8,9.2,8.9,2.4,32.0,3.2,3.7,16.0,2.0,15.2,15.1,15.0,12.1,5.3,2.8,6.8,3.9,1.0
2017-05-28 07:00:00+02:00,2.6,4.7,0.6,6.9,32.3,22.6,19.3,1.8,1.2,10.0,6.3,23.2,0.1,7.1,0.7,4.9,0.0,5.4,21.4,32.4,16.5,0.7,22.2,2.7,38.4,9.2,9.3,2.4,32.5,3.2,3.6,16.4,2.1,15.4,15.3,15.3,12.3,5.5,2.9,6.8,3.9,1.0
2017-05-28 07:01:00+02:00,2.6,4.7,0.7,7.1,32.9,23.0,19.7,1.8,1.2,10.1,6.4,23.6,0.1,7.2,0.8,4.9,0.0,5.4,21.7,32.9,16.8,0.7,22.6,2.7,39.0,9.4,9.5,2.4,33.1,3.2,3.7,16.7,2.1,15.3,15.2,15.1,12.2,5.5,2.9,6.6,3.6,0.7
2017-05-28 07:02:00+02:00,2.6,4.9,0.7,7.3,33.4,23.4,20.0,1.8,1.3,10.2,6.5,24.0,0.1,7.3,0.8,5.0,0.0,5.5,22.1,33.4,17.1,0.8,23.0,2.8,39.5,9.4,9.8,2.5,33.6,3.2,3.8,17.0,2.3,15.4,15.3,15.2,12.2,5.5,2.9,6.7,3.7,0.8
2017-05-28 07:03:00+02:00,1.4,5.0,0.7,7.4,33.7,23.6,20.2,1.8,1.4,9.1,6.5,24.3,0.1,7.4,0.8,3.8,0.0,5.6,22.3,33.7,17.3,0.8,23.2,1.5,39.9,9.5,9.8,1.2,34.0,3.3,3.8,17.2,2.4,15.1,15.0,15.0,12.0,5.6,2.9,6.4,3.4,0.5
2017-05-28 07:04:00+02:00,2.0,5.1,0.7,7.5,34.3,24.1,20.5,1.9,1.4,9.8,6.6,24.8,0.2,7.4,0.8,4.5,0.1,5.6,22.6,34.3,17.6,0.8,23.7,2.2,40.5,9.5,10.0,1.9,34.6,3.3,3.8,17.5,2.4,15.7,15.6,15.6,12.6,5.6,2.9,7.0,4.0,1.1
2017-05-28 07:05:00+02:00,2.0,5.1,0.8,7.5,34.5,24.2,20.6,1.9,1.4,9.9,6.6,24.9,0.2,7.5,0.8,4.6,0.1,5.6,22.7,34.5,17.6,0.8,23.8,2.2,40.6,9.6,10.0,2.0,34.7,3.3,3.8,17.5,2.4,15.4,15.3,15.7,12.7,5.6,2.9,7.1,4.0,1.1
2017-05-28 07:06:00+02:00,2.2,5.1,0.8,7.6,35.1,24.7,21.0,1.9,1.5,10.1,6.6,25.4,0.2,7.6,0.8,4.7,0.1,5.7,23.2,35.0,18.0,0.8,24.3,2.3,41.2,9.6,10.3,2.1,35.3,3.4,3.8,17.9,2.4,15.7,15.7,15.7,12.7,5.5,2.9,7.1,4.0,1.1
2017-05-28 07:07:00+02:00,2.0,5.2,0.8,7.7,35.3,24.8,21.0,1.9,1.5,10.0,6.7,25.5,0.2,7.6,0.8,4.6,0.1,5.7,23.2,35.2,18.0,0.8,24.3,2.2,41.4,9.7,10.4,2.0,35.5,3.4,3.9,18.0,2.4,15.8,15.7,15.7,12.7,5.6,2.9,7.2,4.1,1.1
2017-05-28 07:08:00+02:00,2.1,5.2,0.8,7.8,35.6,25.0,21.2,2.0,1.5,10.3,6.7,25.8,0.3,7.6,0.9,4.8,0.1,5.9,23.4,35.5,18.2,0.8,24.5,2.3,40.5,9.8,10.5,2.1,34.6,3.5,3.9,18.1,2.5,15.5,15.5,15.5,12.5,5.6,2.9,6.9,3.8,1.1
2017-05-28 07:09:00+02:00,2.1,5.3,0.8,7.9,36.1,25.4,21.5,2.0,1.5,10.3,6.8,26.1,0.2,7.7,0.9,4.7,0.0,5.9,23.8,36.0,18.5,0.8,24.9,2.3,40.7,9.9,10.7,2.1,34.6,3.5,3.9,18.4,2.5,14.1,14.1,14.1,11.0,5.4,2.9,5.6,2.5,1.2
2017-05-28 07:10:00+02:00,2.0,4.3,0.9,6.9,35.4,24.5,20.6,2.0,1.5,9.3,6.9,25.3,0.2,7.7,0.9,4.7,0.0,5.9,22.9,35.2,17.5,0.8,24.0,2.3,40.9,9.9,9.8,2.1,34.8,3.5,4.0,17.5,1.6,15.2,15.1,15.2,12.1,5.6,3.0,6.5,3.3,1.2
2017-05-28 07:11:00+02:00,2.3,3.6,0.9,6.0,34.3,23.4,19.6,2.0,1.6,9.6,6.8,24.3,0.2,7.7,0.7,5.0,0.0,5.9,21.9,34.1,16.6,0.8,23.0,2.5,40.0,9.9,8.9,2.3,33.9,3.5,3.8,16.5,1.7,16.4,16.3,16.4,13.3,5.8,3.0,7.5,4.3,1.2
2017-05-28 07:12:00+02:00,2.6,3.6,0.9,6.1,34.0,23.0,19.1,2.1,1.6,9.9,6.8,23.8,0.3,7.0,0.8,5.3,0.0,6.0,21.4,33.7,16.0,0.9,22.5,2.7,39.6,9.9,9.0,2.6,33.6,3.6,3.9,15.9,1.7,16.5,16.4,16.5,13.4,5.9,3.1,7.5,4.4,1.2
2017-05-28 07:13:00+02:00,2.8,3.7,0.9,6.2,34.0,23.0,19.1,2.1,1.6,10.8,6.8,23.9,0.3,6.9,0.8,5.5,0.0,6.1,21.4,33.8,16.0,0.9,22.6,3.0,39.7,10.0,9.1,2.8,33.7,3.7,3.9,15.9,1.7,16.6,16.5,16.5,13.4,5.9,3.1,7.5,4.4,1.2
2017-05-28 07:14:00+02:00,2.8,3.7,0.9,6.1,34.4,23.2,19.2,2.2,1.6,11.5,6.9,24.1,0.3,7.2,0.8,5.6,0.0,6.3,21.5,34.1,16.1,0.9,22.7,3.0,40.1,10.1,9.0,2.8,34.0,3.7,4.0,16.0,1.7,16.7,16.6,16.7,13.5,5.9,3.1,7.6,4.4,1.2
2017-05-28 07:15:00+02:00,2.9,3.8,1.0,6.1,34.8,23.6,19.5,2.4,1.6,11.7,7.0,24.4,0.6,7.5,0.9,5.6,0.1,6.6,21.9,34.6,16.4,0.9,23.1,3.0,40.6,10.2,9.0,2.9,34.5,4.0,4.0,16.4,1.8,16.8,16.7,16.8,13.6,5.9,3.1,7.7,4.4,1.3
2017-05-28 07:16:00+02:00,2.9,3.8,1.0,6.1,35.8,24.5,20.4,2.4,1.6,11.8,7.1,25.3,0.7,8.2,0.9,5.7,0.1,6.5,22.7,35.6,17.2,1.0,24.0,3.1,41.8,10.3,9.1,2.9,35.6,3.9,4.1,17.2,1.8,16.9,16.8,16.8,13.7,5.9,3.1,7.7,4.5,1.3
2017-05-28 07:17:00+02:00,2.9,3.9,1.0,6.2,36.2,24.8,20.6,2.5,1.7,11.7,7.1,25.6,0.7,8.5,0.9,5.7,0.2,6.6,23.0,36.0,17.5,1.0,24.3,3.0,42.2,10.4,9.1,2.9,36.0,4.0,4.1,17.4,1.8,16.5,16.7,16.8,13.6,5.9,3.1,7.7,4.5,1.3
2017-05-28 07:18:00+02:00,2.5,4.0,1.0,6.3,34.9,23.2,18.9,2.6,1.7,11.0,7.2,24.1,0.7,6.6,1.0,4.9,0.2,4.8,21.4,34.6,15.8,1.0,22.7,2.3,40.8,10.4,9.3,2.1,34.6,2.2,4.2,15.8,1.8,16.6,16.8,16.9,13.7,5.9,3.1,7.7,4.5,1.3
2017-05-28 07:19:00+02:00,2.5,4.1,1.1,6.5,34.3,22.5,18.1,2.1,1.8,11.1,7.2,23.5,0.2,5.6,1.0,5.0,0.2,3.8,20.6,34.0,15.0,1.0,22.0,2.3,40.2,10.5,9.5,2.1,34.1,1.2,4.2,15.1,1.8,16.6,16.9,16.9,13.8,6.0,3.1,7.8,4.5,1.3
2017-05-28 07:20:00+02:00,2.5,4.2,1.1,6.6,35.8,24.4,19.9,2.7,1.8,11.2,6.8,25.4,0.8,7.3,0.6,5.0,0.2,5.4,22.4,35.5,16.8,0.6,23.9,2.3,40.1,10.1,9.6,2.2,34.6,2.8,3.8,16.8,1.9,16.8,17.0,17.0,13.8,6.0,3.1,7.9,4.6,1.3
2017-05-28 07:21:00+02:00,2.5,4.2,1.1,6.6,35.6,24.6,20.0,2.7,1.9,11.2,6.4,25.6,0.8,7.3,0.1,5.1,0.2,5.4,22.5,35.2,16.9,0.1,24.0,2.4,40.8,9.6,9.7,2.2,35.0,2.7,3.3,16.9,1.9,17.0,17.2,17.2,13.9,6.0,3.1,7.9,4.6,1.4
2017-05-28 07:22:00+02:00,2.5,4.2,1.1,6.7,34.3,23.3,18.7,1.6,1.9,11.1,6.2,24.4,0.3,5.9,0.4,5.2,0.3,4.4,21.2,34.0,15.5,0.3,22.7,2.5,40.3,9.6,9.7,2.3,34.2,1.7,3.1,15.6,1.9,17.1,17.4,17.3,14.0,6.0,3.1,8.0,4.7,1.4
2017-05-28 07:23:00+02:00,2.6,4.3,1.1,6.8,34.5,23.4,18.7,1.6,1.9,11.3,6.3,24.4,0.2,5.7,0.9,5.3,0.3,4.4,21.2,34.1,15.5,0.9,22.7,2.5,41.1,9.6,9.8,2.4,34.9,1.7,3.2,15.5,1.9,17.1,17.3,17.2,13.9,6.0,3.2,7.9,4.7,1.5
2017-05-28 07:24:00+02:00,2.6,4.3,1.2,6.8,34.6,23.2,18.5,2.5,1.8,11.2,6.5,24.3,0.5,7.1,0.5,5.3,0.3,5.4,21.1,34.2,15.3,0.5,22.6,2.6,41.4,9.9,8.5,2.4,35.2,2.6,3.4,15.3,2.0,17.1,17.3,17.2,13.9,5.9,3.2,8.0,4.7,1.5
2017-05-28 07:25:00+02:00,2.6,5.2,1.2,7.8,35.7,24.0,19.3,2.9,1.8,11.5,6.7,25.1,0.9,7.8,0.4,5.5,0.3,6.0,21.8,35.2,16.0,0.4,23.3,2.6,42.5,10.1,8.4,2.5,36.3,3.3,3.5,16.0,2.3,17.2,17.5,17.4,14.1,6.0,3.1,8.0,4.8,1.5
2017-05-28 07:26:00+02:00,2.6,6.2,1.2,8.8,37.7,25.8,21.1,2.9,1.9,11.2,6.9,26.9,0.9,9.0,0.4,5.6,0.3,7.2,23.7,37.2,17.9,0.4,25.2,2.6,44.6,10.3,8.9,2.6,38.3,4.5,3.7,17.8,3.3,17.3,17.5,17.4,14.1,6.1,3.1,8.0,4.8,1.5
2017-05-28 07:27:00+02:00,2.6,5.8,1.2,8.4,36.3,24.3,19.6,3.0,1.9,11.6,7.1,25.3,1.0,9.2,0.6,5.6,0.3,7.4,22.2,35.8,16.3,0.4,23.7,2.6,43.2,10.5,7.2,2.6,37.0,4.6,3.9,16.3,2.8,17.4,17.7,17.6,14.2,6.1,3.1,8.1,4.8,1.5
2017-05-28 07:28:00+02:00,2.7,5.4,1.3,8.0,36.2,24.1,19.4,3.1,2.0,11.5,7.1,25.1,1.0,9.2,0.6,5.7,0.3,7.5,22.0,35.6,16.1,0.5,23.5,2.7,43.1,10.5,6.9,2.6,36.9,4.7,3.9,16.0,2.4,17.7,17.9,17.8,14.4,6.1,3.2,8.3,4.9,1.5
2017-05-28 07:29:00+02:00,2.7,5.4,1.3,7.8,36.2,23.9,19.3,3.1,2.0,11.5,7.2,25.0,1.0,9.3,0.7,5.8,0.4,7.5,21.9,35.6,16.0,0.5,23.4,2.7,43.1,10.6,6.8,2.7,36.9,4.7,3.9,16.0,2.4,17.8,18.0,18.0,14.6,6.2,3.2,8.4,5.0,1.6
2017-05-28 07:30:00+02:00,2.7,5.5,1.3,8.0,36.7,24.3,19.6,3.0,2.0,11.5,7.3,25.4,1.0,9.3,0.7,5.8,0.4,7.5,22.1,36.1,16.3,0.5,23.7,2.8,43.7,10.7,7.0,2.7,37.4,4.6,4.1,16.2,2.5,17.8,18.1,18.0,14.6,6.1,3.1,8.5,5.1,1.6
2017-05-28 07:31:00+02:00,2.7,5.5,1.3,7.6,36.7,24.1,19.3,2.9,2.0,12.0,7.3,25.3,1.0,9.2,0.6,5.9,0.4,7.4,21.9,36.0,16.0,0.5,23.4,2.8,43.7,10.7,6.8,2.8,37.4,4.6,4.0,15.9,2.5,17.9,18.1,18.0,14.6,6.1,3.1,8.5,5.1,1.7
2017-05-28 07:32:00+02:00,2.7,6.6,1.3,9.1,38.3,26.1,21.0,3.0,2.1,12.2,6.8,27.3,1.1,9.4,0.2,6.0,0.4,7.6,23.7,37.6,17.7,0.1,25.2,2.9,44.8,10.3,8.3,2.9,39.0,4.7,3.6,17.6,3.5,18.3,18.2,18.1,14.7,6.1,3.1,8.6,5.1,1.7
2017-05-28 07:33:00+02:00,3.1,6.7,1.4,9.4,37.8,25.5,20.4,3.1,2.1,12.9,6.8,26.8,1.1,9.5,0.2,6.7,0.4,7.7,23.0,37.1,17.3,0.1,24.7,3.6,44.1,10.3,8.5,3.6,38.5,4.9,3.6,18.0,3.6,18.3,18.2,18.1,14.7,6.1,3.1,8.6,5.1,1.7
2017-05-28 07:34:00+02:00,3.1,6.7,1.4,9.5,38.0,25.3,20.3,3.2,2.1,12.3,7.2,26.7,1.2,9.8,0.5,6.1,0.5,7.9,23.0,37.3,17.4,0.3,24.5,3.7,45.0,10.7,8.7,2.9,38.8,5.0,3.9,18.4,3.7,18.2,18.1,18.1,14.6,6.2,3.1,8.5,5.0,1.6
2017-05-28 07:35:00+02:00,3.2,6.8,1.4,9.6,40.6,27.4,22.0,3.3,2.1,12.5,7.6,28.7,1.3,9.9,0.9,6.2,0.5,8.0,24.9,39.9,19.1,0.7,26.5,3.7,46.7,11.1,9.3,3.0,41.4,5.1,4.3,19.2,3.7,18.4,18.2,18.2,14.7,6.2,3.1,8.5,5.1,1.6
2017-05-28 07:36:00+02:00,3.2,6.4,1.4,9.1,41.8,27.8,22.3,3.4,2.1,12.7,8.5,29.1,1.3,10.0,1.8,6.2,0.5,8.1,25.2,41.1,19.4,1.6,26.9,3.7,48.0,12.0,9.5,3.0,42.7,5.2,5.2,19.5,3.3,18.5,18.4,18.3,14.7,6.2,3.2,8.5,5.1,1.6
2017-05-28 07:37:00+02:00,3.2,5.9,1.5,8.6,40.2,26.2,20.7,3.1,2.2,13.0,8.6,27.5,1.1,10.1,1.8,6.3,0.3,7.9,23.6,39.5,17.7,1.6,25.3,3.8,46.4,12.0,7.9,3.0,41.1,5.0,5.3,17.8,2.8,18.7,18.5,18.4,14.9,6.3,3.2,8.6,5.2,1.7
2017-05-28 07:38:00+02:00,3.2,5.9,1.5,8.8,39.3,25.2,19.5,2.9,2.2,13.1,8.7,26.5,1.0,10.0,1.9,6.3,0.5,7.6,22.5,38.5,16.5,1.6,24.2,3.8,45.5,12.1,6.7,3.1,40.3,4.7,5.3,16.6,2.8,18.8,18.7,18.5,15.0,6.3,3.2,8.7,5.2,1.7
2017-05-28 07:39:00+02:00,2.7,6.0,1.5,8.8,43.3,29.1,23.3,3.5,2.2,12.6,8.8,30.4,1.4,10.7,1.9,5.8,0.6,8.2,26.3,42.5,20.3,1.7,28.1,3.3,49.5,12.1,9.7,2.6,44.3,5.3,5.4,20.4,2.9,18.8,18.7,18.6,15.0,6.3,3.2,8.8,5.2,1.7
2017-05-28 07:40:00+02:00,2.2,6.5,1.5,9.4,46.8,32.3,26.5,3.6,2.2,12.4,8.8,33.7,1.4,10.9,2.0,5.7,0.6,8.5,29.5,45.9,23.5,1.7,31.3,2.8,53.0,12.2,12.7,2.5,47.8,5.5,5.5,23.6,3.4,18.9,18.8,18.6,15.1,6.4,3.4,8.7,5.1,1.7
2017-05-28 07:41:00+02:00,2.2,6.9,1.5,9.7,47.9,33.2,27.4,3.6,2.2,12.8,8.9,34.7,1.5,11.4,2.0,6.0,0.6,8.9,30.4,46.9,24.4,1.7,32.1,2.8,54.1,12.3,13.1,2.8,48.9,5.9,5.5,24.4,3.9,18.2,18.1,17.9,14.4,6.4,3.4,8.0,5.1,1.7
2017-05-28 07:42:00+02:00,1.9,7.0,1.6,9.9,48.4,33.6,27.7,3.7,2.2,12.6,8.9,35.1,1.5,11.5,2.1,5.9,0.6,9.0,30.7,47.4,24.7,1.8,32.5,2.6,54.5,12.3,13.2,2.6,49.4,5.9,5.6,24.7,3.9,18.2,18.1,17.9,14.4,6.4,3.4,7.9,5.1,1.7
2017-05-28 07:43:00+02:00,1.8,7.1,1.6,10.0,48.7,33.7,27.7,3.8,2.2,12.5,9.0,35.2,1.6,11.3,2.2,5.7,0.7,9.1,30.7,47.6,24.6,1.8,32.6,2.5,54.9,12.4,13.4,2.5,49.8,6.0,5.7,24.7,3.9,17.7,17.5,17.4,13.8,6.4,3.4,7.3,5.2,1.8
2017-05-28 07:44:00+02:00,3.1,5.9,1.6,8.9,47.9,32.9,26.7,3.8,2.3,13.9,9.1,34.4,1.6,11.3,2.2,7.1,0.7,9.2,29.7,46.8,23.6,1.8,31.7,3.8,54.2,12.5,12.3,3.8,49.0,6.1,5.7,23.6,2.7,18.3,18.1,18.0,14.4,6.5,3.4,7.9,5.3,1.8
2017-05-28 07:45:00+02:00,3.3,5.1,1.6,8.2,48.1,32.8,26.6,3.8,2.3,14.2,9.2,34.4,1.6,11.9,2.2,7.3,0.7,9.3,29.6,47.0,23.5,1.8,31.6,4.0,54.5,12.6,11.6,4.0,49.2,6.2,5.8,23.5,2.0,18.2,18.0,17.8,14.4,6.5,3.4,7.9,5.3,1.8
2017-05-28 07:46:00+02:00,3.3,5.2,1.6,8.3,48.7,33.2,26.9,4.1,2.3,14.3,9.2,34.9,1.6,12.2,2.3,7.4,0.7,9.5,30.0,47.6,23.8,1.9,32.0,4.1,55.1,12.7,11.7,4.0,49.8,6.4,5.8,23.9,2.0,18.6,18.4,18.2,14.8,6.6,3.5,8.2,5.3,1.8
2017-05-28 07:47:00+02:00,3.3,5.2,1.6,8.3,48.3,32.8,26.9,4.1,2.3,14.4,9.3,34.4,1.6,12.3,2.3,7.4,0.8,9.6,29.6,47.1,23.7,1.9,31.6,4.0,54.7,12.7,11.7,4.0,49.5,6.5,5.9,23.9,2.0,18.9,18.7,18.6,15.2,6.6,3.5,8.6,5.4,1.8
2017-05-28 07:48:00+02:00,3.1,5.4,1.7,8.5,48.1,32.5,27.2,4.2,2.3,14.1,9.3,34.2,1.7,12.3,2.4,7.1,0.8,9.7,29.3,47.0,24.1,1.9,31.4,3.7,54.6,12.8,11.9,3.7,49.4,6.6,5.9,24.2,2.2,17.5,17.3,17.2,13.5,6.6,3.5,6.9,5.4,1.9
2017-05-28 07:49:00+02:00,3.2,5.4,1.7,8.5,48.5,32.7,27.4,4.3,2.4,14.2,9.5,34.4,1.8,12.5,2.5,7.2,0.7,9.9,29.5,47.3,24.4,2.0,31.5,3.7,55.1,12.9,12.0,3.8,49.7,6.7,6.1,24.5,2.2,14.8,14.6,14.5,10.8,6.6,3.4,4.2,4.6,1.1
2017-05-28 07:50:00+02:00,3.2,5.5,1.7,8.6,49.9,33.9,27.6,4.4,2.4,14.2,9.6,35.6,1.8,12.6,2.6,7.2,0.7,10.0,30.7,48.7,24.6,2.2,32.7,3.8,57.3,13.1,12.0,3.8,51.2,6.8,6.2,24.6,2.3,15.5,15.2,15.2,11.6,6.6,3.4,5.0,5.4,1.8
2017-05-28 07:51:00+02:00,3.2,5.5,1.8,8.7,49.5,33.7,27.6,4.3,2.4,14.3,9.8,35.4,1.9,12.6,2.7,7.2,0.7,9.9,30.4,48.3,24.7,2.3,32.4,3.8,57.0,12.9,12.1,3.8,50.8,6.7,6.3,24.7,2.3,15.8,15.5,15.6,11.9,6.6,3.4,5.4,5.7,2.1
2017-05-28 07:52:00+02:00,3.2,5.6,1.8,8.7,50.3,34.0,27.5,4.4,2.4,14.3,9.7,35.7,1.9,12.4,2.6,7.2,0.8,9.8,30.7,49.0,24.5,2.2,32.7,3.8,57.7,13.3,12.2,3.8,51.6,6.8,6.3,24.5,2.3,18.2,18.0,17.9,14.3,6.6,3.5,7.7,5.8,2.1
2017-05-28 07:53:00+02:00,3.2,5.6,1.8,8.7,49.8,34.3,27.7,4.5,2.4,14.4,8.9,36.0,1.9,12.5,2.8,7.3,0.8,9.9,30.9,48.5,24.6,2.3,33.0,3.8,56.8,12.5,12.2,3.8,51.0,7.0,5.4,24.7,2.4,19.8,19.5,19.4,15.7,6.6,3.5,9.1,5.8,2.2
2017-05-28 07:54:00+02:00,3.2,5.6,1.8,8.8,50.3,34.5,28.0,4.5,2.4,14.5,9.2,36.3,2.0,12.6,2.9,7.4,0.8,9.9,31.2,49.1,24.8,2.4,33.2,3.9,57.1,12.8,12.3,3.9,51.6,7.0,5.7,24.8,2.4,20.0,19.7,19.5,15.9,6.6,3.5,9.2,5.8,2.2
2017-05-28 07:55:00+02:00,3.2,6.6,1.8,9.8,52.4,35.9,29.2,4.7,2.5,14.5,9.9,37.7,2.0,12.8,2.8,7.4,0.8,10.1,32.5,51.2,26.1,2.2,34.5,3.9,59.7,13.5,13.3,3.9,53.7,7.2,6.4,26.1,3.4,19.8,19.5,19.4,15.7,6.4,3.5,9.3,5.8,2.2
2017-05-28 07:56:00+02:00,2.0,7.5,1.9,10.7,53.7,36.9,30.2,4.7,2.5,13.3,10.2,38.7,2.0,12.9,3.0,6.1,0.8,10.2,33.5,52.5,27.0,2.4,35.6,2.6,61.4,13.8,14.2,2.6,55.1,7.2,6.6,27.0,4.2,19.8,19.5,19.3,15.6,6.3,3.5,9.3,5.9,2.2
2017-05-28 07:57:00+02:00,3.5,7.3,1.9,10.5,53.6,37.0,30.2,4.7,2.3,14.8,10.0,38.8,2.1,12.9,2.8,7.6,0.8,10.2,33.5,52.4,26.9,2.1,35.6,4.2,61.4,13.6,14.0,4.1,55.0,7.2,6.4,26.9,4.1,20.0,19.6,19.4,15.7,6.3,3.5,9.4,5.9,2.2
2017-05-28 07:58:00+02:00,2.8,7.3,1.9,10.5,54.3,37.2,30.4,4.8,2.2,14.2,10.4,39.1,2.1,13.0,3.1,7.0,0.9,10.4,33.7,53.1,27.0,2.4,35.8,3.5,62.2,14.0,14.0,3.4,55.7,7.3,6.8,27.0,4.0,20.3,19.9,19.7,15.9,6.5,3.5,9.4,5.9,2.2
2017-05-28 07:59:00+02:00,3.5,7.4,1.9,10.7,54.2,37.3,30.4,4.6,2.3,15.0,10.1,39.2,2.2,12.8,3.0,7.7,0.9,10.1,33.7,52.9,27.1,2.4,35.9,4.2,62.1,13.8,14.3,4.2,55.7,7.1,6.7,27.0,4.1,20.3,19.9,19.7,15.9,6.5,3.5,9.4,6.0,2.3
2017-05-28 08:00:00+02:00,3.4,7.5,1.9,10.9,53.9,37.1,30.1,4.1,2.3,15.0,10.0,39.0,1.9,12.4,3.0,7.7,0.9,9.7,33.4,52.6,26.8,2.3,35.6,4.1,61.8,13.7,14.4,4.1,55.4,6.7,6.7,26.8,4.2,20.3,19.9,19.7,16.0,6.5,3.5,9.5,6.0,2.3
2017-05-28 08:01:00+02:00,3.3,7.6,1.9,11.0,54.8,37.6,30.6,4.4,2.4,14.9,10.3,39.5,1.9,12.6,3.3,7.6,1.0,10.0,33.9,53.5,27.3,2.5,36.1,4.0,62.7,14.0,14.6,4.0,56.3,7.0,7.0,27.2,4.3,20.4,20.0,19.8,16.0,6.5,3.5,9.6,6.1,2.3
2017-05-28 08:02:00+02:00,2.7,7.7,2.0,11.2,55.5,38.0,30.9,4.5,2.5,14.4,10.6,39.9,1.9,12.7,3.3,7.0,1.0,10.0,34.2,54.2,27.5,2.6,36.5,3.4,63.4,14.2,14.7,3.4,57.0,7.0,7.1,27.5,4.4,20.5,20.1,19.9,16.1,6.5,3.6,9.6,6.1,2.4
2017-05-28 08:03:00+02:00,3.6,7.8,2.0,11.2,56.1,38.5,31.4,4.6,2.5,15.5,10.6,40.4,1.9,12.9,3.4,8.1,1.0,10.2,34.7,54.7,27.7,2.6,37.0,4.5,64.0,14.3,14.8,4.5,57.6,7.1,7.1,27.6,4.4,20.1,19.7,19.4,15.7,6.5,3.6,9.2,6.1,2.4
2017-05-28 08:04:00+02:00,3.5,7.7,2.0,11.2,55.8,38.3,31.5,4.6,2.5,15.5,10.5,40.2,1.9,12.9,3.4,8.1,0.8,10.2,34.8,54.4,27.8,2.7,37.0,4.5,63.9,14.2,14.8,4.5,57.3,7.1,7.0,27.7,4.5,19.5,19.1,18.9,15.1,6.6,3.6,8.5,5.9,2.2
2017-05-28 08:05:00+02:00,2.0,7.8,2.0,11.3,55.6,38.0,31.8,4.8,2.5,13.9,10.5,40.0,2.2,13.3,3.3,6.5,0.7,10.5,35.2,54.2,28.3,2.6,37.5,2.9,64.1,14.2,14.9,2.9,57.2,7.4,6.9,28.2,4.5,20.6,20.2,19.9,16.1,6.6,3.6,9.5,6.0,2.2
2017-05-28 08:06:00+02:00,3.4,7.9,2.1,11.4,56.2,38.8,31.6,4.9,2.6,15.6,10.2,40.8,2.2,13.4,3.1,8.1,0.7,10.6,35.0,54.7,28.6,2.3,37.3,4.5,64.0,13.9,15.0,4.5,57.7,7.5,6.6,28.4,4.5,20.7,20.3,20.0,16.2,6.6,3.6,9.5,6.0,2.2
2017-05-28 08:07:00+02:00,3.0,7.9,2.1,11.5,57.8,39.8,32.4,4.8,2.6,15.1,10.7,41.8,2.2,13.6,3.6,7.8,0.7,10.8,35.9,56.3,28.8,2.8,38.2,4.1,66.2,14.5,15.1,4.1,59.4,7.5,7.1,28.7,4.5,20.9,20.4,20.1,16.3,6.8,3.6,9.4,6.2,2.4
2017-05-28 08:08:00+02:00,2.8,8.0,2.1,11.5,58.5,40.3,32.9,4.9,2.6,15.0,10.8,42.4,2.3,13.9,3.6,7.6,0.8,11.0,36.4,57.0,29.2,2.8,38.7,3.9,67.4,14.6,15.2,3.9,60.1,7.6,7.1,29.1,4.6,21.1,20.6,20.3,16.4,6.6,3.6,9.8,6.2,2.4
2017-05-28 08:09:00+02:00,3.6,8.1,2.1,11.6,59.1,40.8,33.3,5.0,2.6,15.1,10.8,42.9,2.3,14.1,3.6,7.8,0.8,11.1,36.8,57.5,29.6,2.8,39.1,4.0,68.0,14.7,15.3,4.1,60.7,7.8,7.2,29.4,4.6,21.3,20.8,20.5,16.6,6.7,3.6,10.0,6.3,2.4
2017-05-28 08:10:00+02:00,2.4,8.4,2.1,11.9,58.9,41.4,33.9,5.1,2.6,14.0,10.9,43.5,2.4,14.3,3.7,6.4,0.9,11.3,37.4,57.4,30.1,2.8,39.7,2.5,67.9,13.9,15.6,2.7,60.5,7.9,7.2,29.9,4.9,20.9,20.4,20.1,16.2,6.2,3.6,10.0,6.3,2.5
2017-05-28 08:11:00+02:00,3.5,8.6,2.1,12.1,58.6,41.0,34.2,5.1,2.6,16.2,11.0,43.1,2.4,14.3,3.8,8.5,0.8,11.3,37.7,57.1,30.4,2.9,39.3,4.6,67.5,14.0,15.9,4.8,60.3,7.9,7.4,30.2,5.1,21.8,21.3,20.9,17.0,7.0,3.6,10.0,6.3,2.5
2017-05-28 08:12:00+02:00,3.1,8.7,2.1,12.3,59.4,41.7,34.4,5.2,2.8,15.8,11.0,43.9,2.5,14.5,3.8,8.2,0.9,11.4,38.0,57.9,30.7,2.9,40.0,4.3,68.3,14.1,16.0,4.5,61.1,8.0,7.3,30.5,5.3,21.7,21.2,20.9,17.0,7.0,3.6,10.0,6.3,2.5
2017-05-28 08:13:00+02:00,2.8,8.8,2.1,12.3,60.1,42.4,34.8,5.3,2.8,15.5,11.0,44.6,2.5,14.7,3.8,7.8,0.9,11.6,38.3,58.6,31.0,2.9,40.7,4.0,69.1,14.1,16.1,4.1,61.9,8.1,7.4,30.7,5.3,21.8,21.3,20.9,17.0,7.0,3.6,10.0,6.4,2.5
2017-05-28 08:14:00+02:00,3.6,8.7,2.2,12.3,60.6,42.6,35.0,5.4,2.8,16.5,11.2,44.8,2.6,14.8,3.9,8.7,1.0,11.7,38.5,59.6,31.2,3.0,40.9,4.8,69.6,14.7,16.1,5.0,62.3,8.2,7.6,30.8,5.3,21.9,21.4,21.0,17.1,7.0,3.7,10.1,6.4,2.5
2017-05-28 08:15:00+02:00,2.4,8.7,2.2,12.3,60.2,42.5,34.8,5.4,2.9,15.4,11.4,44.7,2.6,14.8,4.0,7.6,1.0,11.6,38.3,59.6,31.3,3.1,40.7,3.7,69.3,14.9,16.1,3.9,62.0,8.2,7.7,30.9,5.3,22.0,21.4,21.0,17.1,7.0,3.7,10.1,6.4,2.5
2017-05-28 08:16:00+02:00,3.5,8.8,2.2,12.4,60.6,42.7,34.9,5.5,2.9,16.6,11.5,44.9,2.7,15.0,4.1,8.8,1.0,11.8,38.5,59.8,31.6,3.1,40.9,4.8,69.8,14.9,16.2,5.0,62.4,8.4,7.8,31.2,5.3,21.9,21.3,20.9,17.0,7.1,3.7,9.9,6.2,2.3
2017-05-28 08:17:00+02:00,3.3,8.8,2.2,12.4,62.2,43.5,35.7,5.7,2.8,16.4,11.3,45.7,2.7,15.2,4.1,8.6,1.1,12.0,39.3,60.5,31.9,3.2,41.8,4.6,71.5,14.8,16.2,4.8,64.1,8.5,7.9,31.4,5.3,21.2,21.1,20.7,16.8,7.1,3.7,9.7,6.0,2.2
2017-05-28 08:18:00+02:00,3.0,8.8,2.3,12.4,61.7,43.6,35.8,5.7,2.9,16.3,11.3,45.9,2.8,15.2,4.2,8.5,1.1,12.0,39.4,60.8,32.0,3.2,41.9,4.4,71.0,14.9,16.3,4.7,63.6,8.5,7.9,31.5,5.3,21.3,21.3,20.9,16.9,7.1,3.7,9.8,6.1,2.3
2017-05-28 08:19:00+02:00,3.1,8.7,2.3,12.4,61.9,42.9,35.3,5.1,2.9,16.5,11.6,45.2,3.1,14.7,4.3,8.6,1.4,11.5,38.9,60.2,31.6,3.3,41.1,4.6,71.2,15.0,16.3,4.8,63.8,8.0,8.1,31.0,5.2,21.6,21.6,21.2,17.2,7.1,3.7,10.1,6.3,2.5
2017-05-28 08:20:00+02:00,3.2,8.0,2.3,11.6,61.7,42.9,35.3,5.8,2.9,16.6,11.6,45.2,3.1,15.4,4.3,8.7,1.4,12.3,38.8,60.3,31.5,3.3,41.1,4.7,70.8,15.1,15.5,4.9,63.6,8.7,8.2,30.9,4.4,21.6,21.5,21.1,17.2,7.1,3.7,10.0,6.3,2.6
2017-05-28 08:21:00+02:00,3.2,8.0,2.3,11.7,62.7,43.5,35.8,6.2,3.0,16.5,11.7,45.8,3.1,15.9,4.4,8.7,1.4,12.7,39.3,60.9,32.0,3.3,41.6,4.6,71.9,15.2,15.6,4.9,64.6,9.1,8.2,31.4,4.4,21.2,21.3,21.0,17.1,7.2,3.7,10.0,6.3,2.6
2017-05-28 08:22:00+02:00,3.1,8.2,2.3,11.9,62.8,43.4,35.6,6.3,3.0,16.6,11.7,45.7,3.2,15.5,4.5,8.7,1.5,12.8,39.2,61.3,31.9,3.4,41.5,4.6,72.0,15.7,15.8,4.9,64.7,9.2,8.3,31.3,4.5,21.3,21.4,21.1,17.2,7.2,3.7,10.0,6.3,2.6
2017-05-28 08:23:00+02:00,3.1,8.2,2.4,11.9,61.5,42.6,34.9,6.4,3.0,16.6,11.9,44.9,3.2,14.6,4.5,8.8,1.5,12.9,38.5,60.8,31.1,3.4,40.8,4.6,70.7,15.9,15.9,4.9,63.4,9.3,8.4,30.5,4.5,21.8,21.8,21.4,17.5,7.3,3.8,10.2,6.4,2.6
2017-05-28 08:24:00+02:00,3.2,8.3,2.4,12.0,62.1,42.9,35.1,6.4,3.0,16.8,12.1,45.2,3.2,14.7,4.7,8.9,1.5,13.0,38.7,61.3,31.3,3.5,41.1,4.7,71.4,16.1,16.0,5.1,64.0,9.3,8.5,30.6,4.6,21.9,22.0,21.6,17.7,7.4,3.8,10.3,6.6,2.6
2017-05-28 08:25:00+02:00,3.1,8.5,2.4,12.2,63.2,43.6,35.7,6.4,3.0,16.8,12.2,46.0,3.3,15.0,4.7,8.9,1.5,13.1,39.4,62.1,31.9,3.5,41.8,4.7,72.6,16.2,16.2,5.0,65.1,9.4,8.6,31.2,4.8,22.2,22.0,21.6,17.6,7.3,3.8,10.3,6.6,2.6
2017-05-28 08:26:00+02:00,3.1,8.3,2.4,12.0,63.4,43.7,35.8,6.5,3.0,16.8,12.1,46.1,3.3,15.3,4.7,8.9,1.5,13.1,39.5,62.2,32.0,3.6,41.9,4.7,72.9,16.1,16.0,5.0,65.4,9.5,8.5,31.3,4.6,22.1,21.9,21.5,17.5,7.2,3.8,10.3,6.5,2.6
2017-05-28 08:27:00+02:00,3.3,8.1,2.5,11.8,63.0,43.0,35.7,6.6,3.0,17.1,12.3,45.4,3.4,15.3,4.7,9.1,1.5,13.2,39.4,61.6,31.8,3.6,41.7,4.8,72.5,16.3,15.8,5.2,65.1,9.5,8.7,31.1,4.5,22.4,22.1,21.6,17.6,7.3,3.8,10.4,6.6,2.7
2017-05-28 08:28:00+02:00,3.3,8.3,2.5,12.1,63.2,43.1,35.8,6.6,3.0,17.2,12.3,45.6,3.5,15.1,4.7,9.2,1.6,13.3,39.5,61.8,31.9,3.6,41.9,4.9,72.8,16.3,16.1,5.3,65.3,9.6,8.7,31.2,4.7,22.6,22.2,21.7,17.7,7.3,3.8,10.4,6.6,2.7
2017-05-28 08:29:00+02:00,3.2,8.6,2.5,12.3,64.1,43.9,35.9,6.6,3.0,17.2,12.5,46.4,3.5,15.0,4.9,9.2,1.6,13.3,39.6,62.7,32.1,3.7,42.1,4.9,73.7,16.4,16.3,5.3,66.2,9.6,8.8,31.3,4.8,22.8,22.3,21.8,17.8,7.3,3.8,10.5,6.6,2.7
2017-05-28 08:30:00+02:00,3.2,8.3,2.5,12.1,63.2,42.9,34.7,5.3,3.1,17.2,12.7,45.3,2.2,13.9,4.9,9.2,1.6,12.0,38.5,61.8,30.9,3.7,40.9,4.9,72.9,16.5,16.2,5.3,65.3,8.3,8.9,30.1,4.6,22.9,22.4,21.9,17.9,7.3,3.8,10.5,6.7,2.7
2017-05-28 08:31:00+02:00,3.1,8.5,2.5,12.3,63.7,43.3,35.2,5.5,3.1,17.2,12.7,45.7,2.6,14.1,5.0,9.2,1.6,12.3,38.9,62.3,31.3,3.7,41.3,4.9,73.4,16.6,16.3,5.3,65.8,8.5,8.9,30.5,4.7,22.8,22.4,21.9,17.9,7.4,3.8,10.5,6.7,2.7
2017-05-28 08:32:00+02:00,3.2,8.6,2.6,12.4,65.3,44.9,36.8,6.5,3.1,17.3,12.7,47.3,3.5,15.6,5.1,9.3,1.6,13.3,40.5,63.8,32.9,3.8,42.9,5.0,74.9,16.5,16.4,5.4,67.4,9.5,9.0,32.1,4.8,23.0,22.5,21.9,18.0,7.4,3.9,10.5,6.7,2.8
2017-05-28 08:33:00+02:00,3.6,8.7,2.6,12.6,65.8,45.3,37.1,6.9,3.1,17.7,12.8,47.7,3.7,15.8,5.1,9.8,1.6,13.7,40.9,64.3,33.2,3.8,43.3,5.4,75.5,16.6,16.6,5.9,67.9,9.9,9.1,32.4,4.9,23.1,22.6,22.1,18.1,7.5,3.9,10.6,6.7,2.8
2017-05-28 08:34:00+02:00,3.6,8.7,2.6,12.6,65.6,44.8,36.9,6.7,3.1,17.8,13.0,47.3,3.8,15.6,5.2,9.9,1.7,13.5,40.7,64.1,33.1,3.9,42.7,5.4,75.3,16.8,16.7,5.9,67.7,9.7,9.2,32.3,4.9,23.3,22.8,22.2,18.2,7.5,3.9,10.6,6.7,2.8
2017-05-28 08:35:00+02:00,3.6,8.5,2.6,12.5,66.3,45.2,36.9,6.6,3.1,17.9,13.1,47.7,3.8,15.7,5.3,9.9,1.7,13.5,40.6,64.8,33.1,3.9,43.1,5.4,75.6,17.1,16.5,5.9,68.4,9.7,9.3,32.2,4.7,23.4,22.9,22.3,18.3,7.6,3.9,10.7,6.8,2.8
2017-05-28 08:36:00+02:00,3.6,8.8,2.6,12.7,67.6,46.5,38.1,7.1,3.1,18.0,13.1,49.0,3.9,16.6,5.3,9.9,1.8,14.0,41.8,66.1,34.2,4.0,44.3,5.4,77.1,17.2,16.7,6.0,69.8,10.2,9.3,33.4,4.9,22.7,22.3,21.7,18.2,7.6,3.9,10.7,6.8,2.8
2017-05-28 08:37:00+02:00,3.6,8.9,2.6,12.8,68.1,46.8,38.6,7.2,3.2,18.0,13.2,49.4,3.9,16.9,5.4,9.9,1.8,14.1,42.3,66.6,34.7,4.0,44.7,5.4,77.6,17.2,16.9,5.9,70.3,10.3,9.4,33.8,5.0,23.0,22.5,21.8,18.4,7.7,4.0,10.8,6.9,2.8
2017-05-28 08:38:00+02:00,3.7,9.1,2.7,13.1,69.1,47.9,39.5,7.2,3.2,18.0,13.3,50.4,4.0,17.5,5.5,10.0,1.8,14.2,43.2,67.7,35.6,4.1,45.7,5.3,78.7,17.3,17.2,5.9,71.3,10.3,9.5,34.7,5.2,23.2,22.6,21.8,18.4,7.7,4.0,10.7,6.8,2.9
2017-05-28 08:39:00+02:00,3.7,9.2,2.7,13.2,69.4,48.1,39.7,7.2,3.2,18.1,13.3,50.7,4.0,17.6,5.5,10.0,1.8,14.2,43.4,68.0,35.8,4.1,45.9,5.4,79.0,17.4,17.3,5.9,71.6,10.4,9.6,34.8,5.3,23.4,22.7,22.0,18.5,7.8,3.9,10.8,6.8,2.9
2017-05-28 08:40:00+02:00,3.7,9.6,2.7,13.5,70.0,48.6,40.2,7.3,3.2,18.2,13.4,51.2,4.0,17.6,5.6,10.1,1.8,14.3,43.9,68.7,36.2,4.1,46.4,5.4,79.7,17.5,17.6,6.0,72.3,10.4,9.7,35.3,5.6,23.4,22.7,21.9,18.5,7.7,3.9,10.8,6.8,2.9
2017-05-28 08:41:00+02:00,3.7,9.8,2.7,13.8,70.6,49.1,40.6,7.3,3.2,18.0,13.5,51.7,4.0,17.8,5.7,9.9,1.8,14.5,44.3,69.2,36.6,4.2,46.9,5.4,80.3,17.6,17.9,6.1,72.8,10.6,9.8,35.7,5.9,23.6,22.9,22.1,18.6,7.8,3.9,10.9,6.9,2.9
2017-05-28 08:42:00+02:00,3.7,9.8,2.7,13.8,71.0,49.3,40.6,7.3,3.1,18.2,13.6,51.9,4.1,17.8,5.8,10.1,1.9,14.4,44.5,69.6,36.7,4.2,47.1,5.6,80.7,17.6,17.9,6.3,73.2,10.5,9.9,35.7,5.9,23.9,23.1,22.3,18.8,7.9,4.0,10.9,6.9,2.9
2017-05-28 08:43:00+02:00,3.7,9.8,2.8,13.9,71.3,49.5,40.7,7.3,3.1,18.2,13.6,52.2,4.1,17.7,5.8,10.0,1.9,14.4,44.7,69.9,36.8,4.3,47.3,5.6,80.6,17.7,18.0,6.3,73.6,10.5,10.0,35.7,5.9,24.0,23.2,22.4,18.9,7.9,4.0,10.9,7.0,2.9
2017-05-28 08:44:00+02:00,3.7,9.9,2.8,13.9,71.5,49.7,41.0,7.5,3.1,18.4,13.7,52.3,4.2,17.9,5.9,10.1,1.9,14.6,44.9,70.1,37.0,4.4,47.4,5.6,80.8,17.8,18.0,6.3,73.8,10.7,10.0,35.9,5.9,24.5,23.7,22.9,18.9,8.0,4.0,11.0,7.0,2.9
2017-05-28 08:45:00+02:00,3.7,9.9,2.8,14.0,71.3,49.4,41.1,7.5,3.1,17.2,13.8,52.0,4.1,17.9,6.0,8.9,1.9,14.6,45.1,69.9,37.1,4.4,47.1,4.3,80.6,17.9,18.1,5.1,73.6,10.7,10.2,36.0,5.9,24.7,24.0,23.1,19.0,8.0,4.0,11.0,7.0,3.0
2017-05-28 08:46:00+02:00,3.8,9.9,2.8,14.0,71.8,49.6,41.4,7.5,3.1,16.7,13.9,52.2,4.2,18.1,6.1,8.5,1.9,14.6,45.2,70.3,37.4,4.4,47.3,3.9,81.1,18.1,18.1,4.6,74.1,10.7,10.3,36.2,5.9,24.9,24.0,23.2,19.1,8.0,4.0,11.1,7.1,3.0
2017-05-28 08:47:00+02:00,3.8,10.0,2.8,14.0,72.0,49.8,41.6,7.5,3.1,17.2,13.7,52.6,4.2,18.3,6.1,8.9,2.0,14.7,45.5,70.5,37.6,4.5,47.5,4.3,81.4,17.9,18.2,5.0,74.4,10.8,10.3,36.4,5.9,25.2,24.0,23.3,19.2,8.1,4.1,11.1,7.1,3.0
2017-05-28 08:48:00+02:00,3.9,10.0,2.8,14.1,72.9,50.1,42.0,7.7,3.2,18.8,14.3,52.9,4.3,18.4,6.2,10.4,2.0,14.9,45.8,71.3,37.9,4.5,47.8,5.7,82.4,18.4,18.3,6.5,75.3,10.9,10.4,36.7,6.0,25.3,24.1,23.3,19.2,8.0,4.1,11.2,7.1,3.0
2017-05-28 08:49:00+02:00,3.9,10.0,2.8,14.1,73.8,51.3,42.1,7.7,3.2,18.8,14.3,54.1,4.3,18.5,6.2,10.5,2.0,15.0,46.0,72.5,38.0,4.5,48.9,5.7,83.5,18.4,18.3,6.5,76.3,11.0,10.4,36.8,6.0,25.3,24.1,23.3,19.2,8.0,4.1,11.2,7.1,3.0
2017-05-28 08:50:00+02:00,4.0,10.1,2.9,14.2,74.2,51.8,42.5,7.9,3.2,19.0,14.3,54.6,4.4,18.7,6.3,10.6,2.1,15.2,46.4,73.1,38.4,4.6,49.4,5.8,84.4,18.5,18.4,6.6,76.6,11.1,10.4,37.1,6.0,25.5,24.3,23.4,19.3,8.0,4.1,11.3,7.2,3.1
2017-05-28 08:51:00+02:00,4.0,10.2,2.9,14.3,74.9,52.2,42.8,7.9,3.2,19.1,14.3,55.0,4.4,18.9,6.3,10.6,2.1,15.3,46.7,73.5,38.7,4.6,49.8,5.8,85.2,18.5,18.5,6.7,77.4,11.2,10.4,37.4,6.1,25.0,23.8,22.8,18.8,7.6,4.1,11.3,7.2,3.1
2017-05-28 08:52:00+02:00,4.0,10.2,2.9,14.4,75.3,52.4,43.0,8.0,3.2,19.2,14.4,55.2,4.4,18.9,6.3,10.7,2.1,15.4,46.9,73.7,38.9,4.6,50.0,5.9,85.7,18.5,18.6,6.7,77.8,11.3,10.5,37.5,6.1,25.6,24.3,23.3,19.4,8.1,4.2,11.3,7.2,3.1
2017-05-28 08:53:00+02:00,4.0,10.3,2.9,14.5,75.9,52.8,43.3,8.0,3.2,19.3,14.5,55.6,4.5,19.1,6.4,10.8,2.1,15.6,47.3,74.2,39.1,4.7,50.3,5.9,86.4,18.6,18.7,6.8,78.4,11.4,10.6,37.8,6.1,25.9,24.6,23.5,19.6,8.2,4.2,11.3,7.3,3.1
2017-05-28 08:54:00+02:00,4.0,10.3,2.9,14.5,76.2,52.9,43.4,8.0,3.2,19.3,14.6,55.8,4.5,19.0,6.5,10.8,2.1,15.5,47.4,74.5,39.2,4.7,50.5,6.0,86.3,18.7,18.8,6.9,78.7,11.3,10.7,37.8,6.2,26.0,24.7,23.6,19.5,8.2,4.1,11.3,7.3,3.1
2017-05-28 08:55:00+02:00,3.4,9.0,2.9,13.2,75.4,51.7,42.2,8.0,3.2,19.0,14.7,54.4,4.6,19.1,6.5,10.4,2.2,15.6,46.2,73.3,38.0,4.8,49.3,5.4,84.8,18.9,17.5,6.4,78.0,11.4,10.7,36.6,4.8,25.8,24.5,23.4,19.3,7.8,3.7,11.4,7.3,3.1
2017-05-28 08:56:00+02:00,3.1,7.9,3.0,12.2,74.7,50.7,41.2,8.1,3.3,18.9,14.7,53.4,4.6,19.1,6.6,10.4,2.2,15.6,45.2,72.4,37.0,4.8,48.2,5.1,84.8,19.0,16.4,6.2,77.3,11.4,10.8,35.6,3.7,24.9,23.5,22.4,18.3,6.8,2.6,11.5,7.3,3.1
2017-05-28 08:57:00+02:00,3.2,8.7,3.0,12.9,75.5,51.5,41.9,8.0,3.3,19.0,14.7,54.2,4.6,19.1,6.6,10.5,2.2,15.6,46.0,73.2,37.7,4.8,49.0,5.2,85.6,19.0,17.2,6.3,78.1,11.3,10.8,36.3,4.4,24.8,23.4,22.2,18.2,6.7,2.5,11.5,7.4,3.1
2017-05-28 08:58:00+02:00,3.2,8.9,3.0,13.1,76.0,51.9,42.2,8.1,3.4,19.1,14.8,54.6,4.6,19.1,6.7,10.6,2.2,15.6,46.3,73.7,38.0,4.8,49.4,5.3,86.1,19.1,17.4,6.4,78.6,11.4,10.9,36.5,4.6,26.2,24.8,23.6,19.5,8.0,3.7,11.6,7.4,3.2
2017-05-28 08:59:00+02:00,3.1,8.9,3.0,13.2,75.5,51.3,42.2,8.1,3.4,19.2,14.8,54.1,4.7,19.2,6.7,10.6,2.2,15.7,45.7,73.2,38.0,4.9,48.8,5.3,85.7,19.1,17.5,6.4,78.0,11.4,11.0,36.7,4.7,26.5,25.1,23.9,19.8,8.1,3.9,11.6,7.4,3.2
2017-05-28 09:00:00+02:00,3.2,9.0,3.0,13.2,74.8,50.4,41.7,8.2,3.4,19.2,15.0,53.2,4.7,19.5,6.9,10.7,2.3,16.0,44.7,72.5,37.5,4.9,47.8,5.3,84.4,19.3,17.5,6.5,76.7,11.7,11.1,37.0,4.7,26.6,25.1,23.9,19.7,8.0,3.7,11.7,7.4,3.2
2017-05-28 09:01:00+02:00,3.2,8.9,3.0,13.2,74.4,50.7,42.0,8.3,3.4,19.3,15.2,53.7,4.8,19.7,6.9,10.8,2.3,16.1,45.0,73.1,37.8,4.9,48.1,5.3,83.6,19.5,17.5,6.5,75.9,11.8,11.2,37.2,4.6,26.6,25.1,23.9,19.7,8.0,3.7,11.7,7.4,3.2
2017-05-28 09:02:00+02:00,3.3,9.0,3.0,13.2,74.9,50.9,42.3,8.4,3.4,19.6,15.4,53.9,4.8,19.9,7.0,11.0,2.3,16.2,45.4,73.6,38.1,5.0,48.4,5.4,84.2,19.7,17.5,6.6,76.4,11.8,11.2,37.4,4.7,25.4,23.9,22.6,18.4,6.7,2.4,11.7,7.4,3.1
2017-05-28 09:03:00+02:00,3.9,9.0,3.0,13.3,75.8,51.8,43.2,8.4,3.4,20.3,15.4,54.8,4.8,19.9,7.0,11.7,2.3,16.2,46.3,74.5,39.0,5.0,49.3,6.1,84.3,19.7,17.6,7.4,76.5,11.9,11.3,37.5,4.7,26.5,24.9,23.6,19.4,7.7,3.3,11.7,7.4,3.1
2017-05-28 09:04:00+02:00,3.9,9.1,3.1,13.4,75.8,52.3,43.3,8.3,3.4,20.5,15.2,55.3,4.7,19.9,7.1,11.8,2.1,16.2,46.4,74.9,39.1,5.1,49.5,6.2,84.5,19.6,17.7,7.4,76.5,11.9,11.4,37.6,4.7,27.3,25.8,24.5,20.2,8.3,4.0,11.9,7.5,3.2
2017-05-28 09:05:00+02:00,3.9,9.1,3.1,13.4,75.6,53.8,43.5,8.4,3.4,20.5,14.1,56.8,4.8,20.0,7.0,11.8,2.2,16.3,47.9,75.3,39.3,5.0,51.1,6.2,84.6,18.5,17.8,7.4,76.5,11.9,11.4,37.8,4.7,27.3,25.7,24.4,20.1,8.2,3.9,11.9,7.5,3.2
2017-05-28 09:06:00+02:00,3.9,9.1,3.1,13.4,76.2,53.9,43.6,8.5,3.4,20.7,14.1,57.0,4.8,20.0,7.0,11.9,2.2,16.3,48.0,75.5,39.3,4.9,51.2,6.2,85.3,18.5,17.8,7.5,77.1,12.0,11.3,37.9,4.7,27.4,25.8,24.5,20.2,8.2,3.8,12.0,7.6,3.2
2017-05-28 09:07:00+02:00,3.9,9.1,3.1,13.4,76.7,54.0,43.6,8.5,3.4,20.8,14.2,57.1,4.8,20.0,7.0,11.9,2.2,16.3,48.1,75.7,39.3,4.9,51.3,6.3,85.9,18.6,17.8,7.5,77.6,12.0,11.4,37.8,4.7,26.9,25.3,23.9,19.7,7.6,3.2,12.0,7.6,3.2
2017-05-28 09:08:00+02:00,3.9,9.1,3.1,13.5,77.1,54.0,43.6,8.3,3.4,20.8,14.5,57.1,4.8,19.9,7.1,12.0,2.2,16.2,48.1,76.0,39.3,5.0,51.3,6.3,87.8,19.0,17.9,7.6,79.5,11.9,11.4,37.8,4.7,26.2,24.6,23.2,19.0,7.0,2.5,12.0,7.6,3.2
2017-05-28 09:09:00+02:00,3.9,9.2,3.1,13.6,77.6,54.0,43.6,8.3,3.4,20.9,14.9,57.1,4.8,19.8,7.1,12.0,2.2,16.1,48.1,76.5,39.3,5.0,51.3,6.3,88.6,19.4,18.0,7.6,80.3,11.7,11.5,37.8,4.7,27.7,26.0,24.6,20.4,8.4,3.9,12.0,7.6,3.2
2017-05-28 09:10:00+02:00,3.9,9.1,3.1,13.5,79.1,54.1,43.7,8.4,3.4,20.9,15.5,57.2,4.8,19.9,7.1,12.1,2.2,16.2,48.1,77.2,39.3,5.0,51.4,6.3,89.7,20.0,17.9,7.7,81.8,11.8,11.5,37.8,4.7,28.1,26.4,25.0,20.7,8.7,4.1,12.1,7.7,3.3
2017-05-28 09:11:00+02:00,4.0,9.1,3.1,13.4,79.9,54.3,43.8,8.5,3.4,21.1,15.7,57.4,4.9,20.1,7.1,12.2,2.2,16.4,48.3,77.6,39.4,5.0,51.5,6.3,90.3,20.2,17.8,7.7,82.6,12.0,11.6,37.9,4.8,28.3,26.6,25.1,20.9,8.7,4.1,12.2,7.8,3.3
2017-05-28 09:12:00+02:00,4.0,9.1,3.1,13.5,78.9,54.5,43.9,8.5,3.5,21.1,14.4,57.6,4.9,20.2,7.2,12.2,2.2,16.4,48.5,76.5,39.6,5.0,51.7,6.4,89.2,19.0,17.9,7.8,81.7,12.1,11.6,38.0,4.9,28.3,26.6,25.2,20.9,8.7,4.1,12.2,7.8,3.3
2017-05-28 09:13:00+02:00,4.0,9.2,3.2,13.5,79.4,54.8,44.2,8.6,3.5,21.2,14.5,57.9,5.0,20.4,7.2,12.3,2.3,16.6,48.7,77.0,39.8,5.1,52.0,6.4,89.7,19.1,17.9,7.8,82.2,12.2,11.7,38.3,4.9,28.4,26.7,25.2,21.0,8.8,4.1,12.2,7.8,3.3
2017-05-28 09:14:00+02:00,4.0,9.2,3.2,13.6,79.9,55.1,44.5,8.7,3.5,21.3,14.6,58.2,4.9,20.5,7.3,12.3,2.2,16.7,49.0,77.4,40.1,5.1,52.3,6.4,90.2,19.2,18.0,7.8,82.6,12.2,11.8,38.4,4.9,28.6,26.8,25.3,21.0,8.8,4.1,12.2,7.8,3.3
2017-05-28 09:15:00+02:00,4.0,9.2,3.2,13.6,80.4,55.4,44.7,8.7,3.5,21.4,14.9,58.6,5.0,20.6,7.4,12.3,2.3,16.8,49.3,78.0,40.3,5.3,52.6,6.5,90.9,19.4,18.1,7.9,83.2,12.3,12.0,38.6,5.0,28.5,26.8,25.2,20.9,8.5,3.8,12.4,7.9,3.3
2017-05-28 09:16:00+02:00,4.0,9.3,3.2,13.7,80.5,55.7,44.9,8.8,3.5,21.5,15.4,58.8,5.1,20.7,7.5,12.4,2.3,16.9,49.5,78.8,40.5,5.3,52.8,6.5,91.0,20.0,18.1,7.9,83.2,12.4,12.0,38.8,5.0,28.2,26.4,24.9,20.5,8.1,3.4,12.4,7.9,3.4
2017-05-28 09:17:00+02:00,4.0,9.3,3.2,13.8,82.3,55.8,45.0,8.8,3.5,21.5,16.4,59.0,5.1,20.7,7.5,12.4,2.3,17.0,49.6,79.9,40.6,5.3,52.9,6.4,92.9,21.0,18.2,7.8,85.1,12.4,12.1,38.9,5.0,28.6,26.9,25.4,21.0,8.6,3.9,12.4,7.9,3.4
2017-05-28 09:18:00+02:00,4.4,9.4,3.2,13.8,82.7,56.1,45.3,8.9,3.5,21.7,16.5,59.3,5.2,20.9,7.6,12.5,2.4,17.1,49.9,80.3,40.9,5.4,53.2,6.5,93.3,21.1,18.3,8.0,85.5,12.5,12.2,39.2,5.0,28.9,27.3,25.7,21.4,8.9,4.2,12.4,8.0,3.4
2017-05-28 09:19:00+02:00,4.4,9.4,3.3,13.9,82.9,56.2,45.4,8.9,3.5,21.8,16.6,59.4,5.2,20.9,7.7,12.6,2.4,17.1,50.1,80.5,41.0,5.4,53.2,6.5,93.4,21.3,18.4,8.0,85.8,12.5,12.3,39.3,5.1,29.1,27.4,25.8,21.4,9.0,4.2,12.4,7.9,3.3
2017-05-28 09:20:00+02:00,4.5,9.5,3.3,14.0,83.2,56.4,45.7,9.0,3.6,21.8,16.8,59.6,5.2,21.0,7.8,12.6,2.4,17.2,50.3,81.0,41.2,5.5,53.5,6.6,92.5,21.4,18.5,8.1,86.1,12.6,12.4,39.4,5.1,29.2,27.5,25.9,21.5,9.0,4.2,12.5,7.9,3.3
2017-05-28 09:21:00+02:00,4.5,9.6,3.3,14.1,84.0,56.8,46.0,9.0,3.6,21.9,17.0,60.1,5.3,21.1,8.0,12.7,2.5,17.3,50.6,81.6,41.5,5.6,53.9,6.6,93.3,21.7,18.6,8.1,86.9,12.7,12.6,39.7,5.1,29.2,27.5,25.9,21.3,9.1,4.2,12.3,7.7,3.4
2017-05-28 09:22:00+02:00,4.5,9.6,3.3,14.1,83.8,56.6,45.7,9.1,3.6,22.1,17.0,59.9,5.3,20.6,8.0,12.8,2.5,16.8,50.3,81.4,41.1,5.7,53.6,6.6,93.2,21.7,18.7,8.2,86.7,12.8,12.7,39.3,5.2,29.8,28.0,26.4,21.8,9.2,4.3,12.6,8.0,3.3
2017-05-28 09:23:00+02:00,4.5,9.7,3.3,14.2,84.9,57.4,46.4,9.2,3.6,22.3,17.1,60.7,5.3,21.2,8.1,13.0,2.5,17.4,51.1,82.3,41.8,5.7,54.4,6.8,94.4,21.8,18.8,8.4,87.8,12.8,12.7,40.0,5.2,30.0,28.3,26.6,22.0,9.2,4.3,12.7,8.1,3.4
2017-05-28 09:24:00+02:00,4.5,9.7,3.3,14.3,84.1,56.5,45.6,9.2,3.6,22.4,17.2,59.8,5.4,21.2,8.1,13.2,2.5,17.4,50.3,81.6,41.0,5.7,53.5,6.9,93.6,21.9,18.0,8.5,86.9,12.9,12.8,39.2,5.2,30.2,28.4,26.7,22.1,9.3,4.4,12.8,8.1,3.4
2017-05-28 09:25:00+02:00,4.5,10.6,3.3,15.2,84.7,57.0,46.0,9.3,3.7,22.4,17.2,60.3,5.5,21.3,8.1,13.2,2.6,17.5,50.8,82.2,41.4,5.8,54.0,6.9,94.3,22.0,18.3,8.5,87.6,13.0,12.8,39.6,6.0,30.4,28.6,26.8,22.2,9.4,4.4,12.8,8.1,3.4
2017-05-28 09:26:00+02:00,4.5,11.6,3.3,16.2,86.2,58.2,47.2,9.3,3.7,22.4,17.2,61.5,5.5,21.3,8.1,13.1,2.6,17.5,51.9,83.5,42.5,5.8,55.2,6.9,96.2,22.0,19.3,8.5,89.1,13.0,12.8,40.6,6.8,30.5,28.7,27.0,22.3,9.5,4.5,12.8,8.2,3.4
2017-05-28 09:27:00+02:00,4.6,11.7,3.3,16.3,86.6,58.5,47.4,9.4,3.6,22.5,17.3,61.8,5.6,21.4,8.1,13.2,2.7,17.6,52.1,83.8,42.7,5.7,55.4,6.9,96.7,22.0,19.4,8.5,89.4,13.1,12.8,40.8,6.8,30.7,28.8,27.1,22.4,9.5,4.5,12.9,8.2,3.4
2017-05-28 09:28:00+02:00,4.6,11.8,3.4,16.5,86.7,58.5,47.3,9.5,3.6,22.6,17.3,61.8,5.6,21.1,8.2,13.2,2.7,17.3,52.1,83.9,42.7,5.7,55.4,6.9,96.9,22.1,19.6,8.6,89.6,13.2,12.9,40.7,6.8,30.9,29.0,27.2,22.5,9.5,4.5,13.0,8.3,3.5
2017-05-28 09:29:00+02:00,4.6,11.8,3.4,16.5,86.4,58.1,46.9,9.5,3.7,22.7,17.4,61.4,5.7,20.6,8.2,13.3,2.7,16.8,51.7,83.6,42.2,5.8,55.0,6.9,96.8,22.2,19.6,8.6,89.3,13.2,13.0,40.3,6.9,31.0,29.1,27.3,22.6,9.6,4.6,13.0,8.3,3.5
2017-05-28 09:30:00+02:00,4.6,11.9,3.4,16.6,87.4,59.0,47.8,9.5,3.7,22.8,17.5,62.3,5.7,21.4,8.2,13.3,2.7,17.6,52.6,84.6,43.1,5.8,56.0,6.9,97.8,22.3,19.7,8.6,90.3,13.3,13.0,41.1,6.9,31.2,29.2,27.4,22.7,9.6,4.6,13.0,8.3,3.5
2017-05-28 09:31:00+02:00,4.6,11.9,3.4,16.7,88.1,59.5,48.3,9.6,3.7,22.8,17.6,62.8,5.7,21.8,8.3,13.3,2.7,18.0,53.1,85.2,43.6,5.8,56.5,6.9,98.2,22.5,19.8,8.6,90.9,13.3,13.1,41.6,6.9,31.3,29.4,27.5,22.8,9.7,4.6,13.1,8.3,3.5
2017-05-28 09:32:00+02:00,4.6,12.0,3.4,16.7,88.1,59.8,48.4,9.6,3.7,23.0,17.4,63.1,5.7,21.9,8.3,13.5,2.8,18.0,53.3,85.3,43.7,5.8,56.7,7.0,98.4,22.3,19.9,8.7,91.0,13.4,13.1,41.7,7.0,31.5,29.4,27.6,22.8,9.7,4.6,13.1,8.3,3.5
2017-05-28 09:33:00+02:00,4.8,12.0,3.4,16.7,86.8,60.0,48.6,9.7,3.7,23.2,16.9,63.3,5.8,21.9,8.4,13.7,2.8,18.1,53.5,85.0,43.9,5.9,56.9,7.3,97.2,21.8,19.9,8.9,89.7,13.4,13.2,41.8,7.0,31.6,29.6,27.7,22.9,9.7,4.6,13.2,8.4,3.5
2017-05-28 09:34:00+02:00,4.8,12.0,3.4,16.7,87.4,60.1,48.7,9.6,3.7,23.3,18.0,63.5,5.7,21.9,8.4,13.7,2.7,18.1,53.6,86.2,44.0,5.9,57.0,7.3,98.0,22.9,20.0,8.9,90.3,13.4,13.2,41.9,7.0,31.8,29.7,27.8,23.0,9.8,4.6,13.2,8.4,3.5
2017-05-28 09:35:00+02:00,4.8,12.0,3.4,16.8,87.5,60.2,48.8,9.5,3.8,23.5,18.1,63.5,5.6,21.8,8.5,13.9,2.7,18.0,53.6,86.4,44.0,6.0,57.0,7.4,99.1,23.0,20.1,9.1,90.5,13.2,13.3,41.9,7.0,31.8,29.7,27.9,23.1,9.8,4.6,13.3,8.4,3.5
2017-05-28 09:36:00+02:00,4.8,12.1,3.4,16.9,86.8,59.4,48.0,9.2,3.8,23.6,18.1,62.7,5.3,21.0,8.6,14.0,2.8,17.1,52.8,85.7,43.2,6.0,56.2,7.4,98.4,23.0,20.1,9.2,89.7,13.0,13.4,41.1,7.0,31.3,29.2,27.3,23.1,9.9,4.7,13.2,8.4,3.5
2017-05-28 09:37:00+02:00,4.8,12.1,3.4,16.9,87.8,60.3,48.8,9.7,3.7,23.6,18.2,63.6,5.8,21.8,8.6,14.0,2.8,17.9,53.7,86.6,44.0,6.0,57.1,7.4,99.5,23.1,20.2,9.2,90.8,13.5,13.4,41.9,7.0,31.5,29.3,27.4,23.1,9.9,4.6,13.2,8.4,3.5
2017-05-28 09:38:00+02:00,4.8,12.2,3.4,17.0,89.6,62.0,50.5,9.7,3.7,23.8,18.2,65.4,5.8,22.0,8.6,14.1,2.8,18.1,55.4,88.4,45.7,6.1,58.8,7.4,101.1,23.2,21.6,9.2,92.4,13.5,13.5,43.6,7.0,31.8,29.7,27.7,23.2,9.9,4.7,13.3,8.4,3.5
2017-05-28 09:39:00+02:00,4.8,12.2,3.5,17.0,88.9,61.2,49.7,9.8,3.8,23.9,18.3,64.6,5.9,22.2,8.7,14.1,2.8,18.3,54.6,87.7,44.8,6.1,58.0,7.4,100.5,23.3,20.5,9.3,91.6,13.6,13.6,42.7,7.0,32.0,29.8,27.9,23.3,9.9,4.7,13.4,8.5,3.5
2017-05-28 09:40:00+02:00,4.8,12.2,3.5,17.1,89.6,60.5,49.0,9.7,3.8,23.8,18.3,63.9,5.8,22.2,8.6,14.0,2.8,18.2,54.0,87.1,44.1,6.1,57.4,7.5,102.1,23.3,19.8,9.1,92.3,13.5,13.6,42.0,7.1,32.4,30.2,28.3,23.6,10.2,4.9,13.4,8.5,3.6
2017-05-28 09:41:00+02:00,4.8,12.3,3.5,17.2,90.2,60.2,48.7,9.7,3.8,23.7,18.5,63.6,5.8,22.2,8.8,13.8,2.8,18.2,53.6,87.0,43.7,6.2,57.0,7.5,103.0,23.5,19.4,9.0,92.9,13.6,13.7,41.6,7.1,32.5,30.3,28.4,23.8,10.3,5.0,13.5,8.5,3.6
2017-05-28 09:42:00+02:00,4.9,12.4,3.5,17.3,88.4,58.3,46.7,9.8,3.8,23.8,18.6,61.7,5.9,22.3,8.8,13.8,2.9,18.4,51.7,85.3,41.7,6.2,55.1,7.5,101.2,23.7,17.3,9.1,91.2,13.6,13.8,39.5,7.2,33.0,30.8,28.8,23.8,10.2,4.9,13.6,8.5,3.6
2017-05-28 09:43:00+02:00,4.9,12.4,3.5,17.3,88.7,58.4,46.8,9.9,3.8,23.9,18.7,61.9,6.0,22.5,8.9,13.9,2.9,18.5,51.8,85.5,41.8,6.2,55.2,7.6,100.4,23.8,17.2,9.1,91.5,13.7,13.9,39.6,7.2,32.9,30.7,28.7,23.7,10.1,4.7,13.6,8.6,3.6
2017-05-28 09:44:00+02:00,4.9,12.4,3.5,17.4,89.1,58.7,47.0,10.0,3.8,24.0,18.8,62.2,6.1,22.6,9.0,14.0,2.9,18.6,52.0,85.9,42.0,6.3,55.5,7.7,100.9,23.9,17.3,9.2,92.0,13.8,14.0,39.8,7.2,32.1,29.8,27.7,22.8,9.1,3.7,13.7,8.6,3.6
2017-05-28 09:45:00+02:00,4.9,12.5,3.6,17.5,88.9,58.4,46.6,10.0,3.8,24.1,18.9,61.8,6.0,22.6,9.0,14.1,2.9,18.7,51.7,85.7,41.6,6.3,55.1,7.7,101.6,24.0,16.8,9.2,91.7,13.8,14.1,39.4,7.2,32.2,29.9,27.8,23.0,9.2,3.8,13.8,8.7,3.6
2017-05-28 09:46:00+02:00,4.9,12.5,3.6,17.5,89.2,58.6,46.9,9.9,3.8,24.2,19.0,62.0,6.1,22.6,9.1,14.2,2.9,18.6,51.9,86.0,41.9,6.3,55.4,7.7,101.8,24.1,17.1,9.3,92.1,13.8,14.1,39.6,7.3,32.2,30.0,27.8,23.0,9.2,3.8,13.8,8.7,3.6
2017-05-28 09:47:00+02:00,4.9,12.6,3.6,17.6,88.8,58.5,46.7,9.9,3.8,24.4,18.8,61.9,6.1,22.6,9.1,14.3,2.9,18.6,51.7,85.7,41.7,6.4,55.2,7.8,102.0,23.9,16.9,9.4,91.8,13.8,14.2,39.4,7.3,32.5,30.1,28.0,23.1,9.2,3.8,13.9,8.7,3.6
2017-05-28 09:48:00+02:00,5.0,12.7,3.6,17.7,87.3,57.4,45.6,9.9,3.8,24.7,18.2,60.9,6.1,22.7,9.1,14.6,2.9,18.7,50.7,84.1,41.0,6.4,54.1,8.0,100.5,23.3,16.8,9.6,90.3,13.8,14.2,39.4,7.3,31.8,29.4,27.2,22.4,9.3,3.8,13.1,7.9,2.8
2017-05-28 09:49:00+02:00,4.2,12.8,3.6,17.8,87.1,57.2,45.3,10.0,3.9,23.8,18.2,60.6,6.1,22.7,9.2,13.7,2.9,18.7,50.4,83.8,41.5,6.4,54.1,7.1,100.4,23.3,17.5,8.7,90.0,13.8,14.2,40.0,7.3,32.6,30.2,28.0,23.1,9.3,3.8,13.8,8.6,3.5
2017-05-28 09:50:00+02:00,5.0,12.8,3.6,17.8,86.5,56.5,44.8,10.1,3.9,24.7,18.2,60.0,6.1,22.8,9.1,14.5,2.9,18.8,49.9,83.2,41.5,6.3,53.6,8.0,98.8,23.4,17.3,9.6,89.4,13.9,14.2,40.0,7.3,32.7,30.3,28.1,23.1,9.3,3.8,13.9,8.7,3.5
2017-05-28 09:51:00+02:00,5.1,12.9,3.6,17.9,86.6,56.5,44.6,10.1,3.9,24.9,18.4,59.9,6.1,22.9,9.3,14.6,3.0,18.8,49.7,83.3,41.3,6.5,53.4,8.0,98.6,23.5,16.9,9.7,89.6,13.9,14.3,39.7,7.3,32.8,30.3,28.1,23.2,9.2,3.7,13.9,8.7,3.5
2017-05-28 09:52:00+02:00,5.1,12.9,3.6,18.0,86.8,56.7,44.8,10.1,3.9,24.9,18.6,60.1,6.1,22.2,9.2,14.7,2.9,18.1,49.9,83.6,41.1,6.4,53.6,8.0,99.6,23.6,17.5,9.7,89.9,14.0,14.3,39.6,7.4,33.0,30.5,28.2,23.3,9.4,3.8,14.0,8.7,3.5
2017-05-28 09:53:00+02:00,5.1,12.9,3.6,18.0,87.8,57.8,45.9,10.1,3.9,25.0,18.5,61.2,6.1,22.0,9.3,14.8,3.0,18.0,51.0,84.6,41.6,6.5,54.7,8.1,100.8,23.4,17.9,9.8,91.0,14.0,14.4,39.9,7.4,33.1,30.6,28.4,23.4,9.6,4.1,13.8,8.7,3.6
2017-05-28 09:54:00+02:00,5.1,12.9,3.6,17.9,91.5,61.3,49.4,10.2,3.9,25.1,18.5,64.8,6.2,22.0,9.3,14.8,3.0,18.1,54.5,88.3,45.0,6.5,58.3,8.1,104.8,23.5,20.6,9.8,94.7,14.0,14.5,42.6,7.3,34.1,31.5,29.3,24.3,10.5,4.9,13.9,8.8,3.6
2017-05-28 09:55:00+02:00,5.1,13.0,3.6,18.0,93.6,63.2,51.6,10.2,3.9,25.1,18.6,66.7,6.2,22.1,9.4,14.8,3.0,18.1,56.7,90.3,47.1,6.5,60.4,8.1,106.4,23.6,22.6,9.8,96.8,14.1,14.5,44.6,7.4,33.1,30.6,28.3,23.3,9.4,3.8,13.9,8.8,3.6
2017-05-28 09:56:00+02:00,5.1,13.1,3.7,18.1,93.9,63.4,51.7,10.2,3.9,25.0,18.7,66.9,6.2,22.1,9.4,14.8,3.0,18.1,56.8,90.6,47.2,6.6,60.5,8.1,107.2,23.7,22.6,9.8,97.0,14.1,14.6,44.7,7.5,33.3,30.7,28.4,23.4,9.5,3.9,13.9,8.8,3.6
2017-05-28 09:57:00+02:00,5.1,13.1,3.7,18.1,93.2,62.6,51.8,10.2,3.9,25.2,18.7,66.1,6.3,22.1,9.5,14.9,3.0,18.1,57.0,89.9,47.3,6.6,60.7,8.2,106.6,23.8,22.7,9.9,96.3,14.1,14.6,44.8,7.6,33.4,30.8,28.5,23.6,9.5,3.9,14.0,8.8,3.6
2017-05-28 09:58:00+02:00,5.2,12.7,3.7,17.8,93.6,62.9,51.7,10.3,3.9,25.4,18.8,66.4,6.3,22.2,9.5,15.0,3.1,18.2,56.9,90.3,47.1,6.6,60.7,8.3,107.1,23.9,22.4,10.0,96.8,14.2,14.7,44.6,7.2,33.7,31.1,28.7,23.8,9.6,3.9,14.2,8.9,3.6
2017-05-28 09:59:00+02:00,5.2,12.5,3.7,17.6,94.4,63.6,51.7,10.4,3.9,25.5,18.8,67.2,6.4,22.4,9.4,15.1,3.1,18.4,57.0,91.0,47.1,6.6,60.7,8.3,107.9,23.9,22.2,10.0,97.6,14.3,14.6,44.5,6.9,33.7,31.1,28.8,23.9,9.6,4.0,14.2,8.9,3.6
2017-05-28 10:00:00+02:00,5.2,13.1,3.7,18.2,94.2,63.8,51.8,10.5,3.9,25.7,18.7,67.0,6.4,21.7,9.5,15.2,3.1,17.7,57.1,90.8,47.1,6.6,60.8,8.4,107.8,23.8,22.8,10.1,97.4,14.4,14.7,44.6,7.5,33.9,31.3,28.9,24.0,9.7,4.0,14.3,8.9,3.6
2017-05-28 10:01:00+02:00,5.2,13.0,3.7,18.1,93.5,62.9,50.6,10.4,4.0,25.8,19.1,65.9,6.4,21.1,9.5,15.3,3.1,17.1,55.9,90.1,46.5,6.7,59.7,8.5,107.2,24.3,22.8,10.2,96.7,14.3,14.7,43.9,7.4,34.1,31.5,29.1,24.1,9.8,4.0,14.4,9.0,3.6
2017-05-28 10:02:00+02:00,5.2,12.6,3.7,17.7,94.6,63.3,50.8,10.4,4.0,25.8,19.8,66.3,6.4,21.9,9.7,15.3,3.1,17.9,56.1,91.2,46.9,6.7,59.9,8.4,108.4,25.0,22.4,10.2,97.8,14.4,14.8,44.4,7.0,34.2,31.5,29.1,24.1,9.7,3.9,14.4,9.0,3.6
2017-05-28 10:03:00+02:00,5.2,13.0,3.7,18.2,95.9,64.3,51.9,10.3,4.0,25.6,20.0,67.5,6.3,22.0,9.7,15.1,3.0,18.0,57.2,92.6,47.3,6.7,61.0,8.2,109.5,25.1,22.9,10.0,99.2,14.2,14.9,45.0,7.4,34.3,31.5,29.1,24.1,9.6,3.8,14.5,9.0,3.6
2017-05-28 10:04:00+02:00,5.2,13.1,3.7,18.3,96.2,64.4,51.9,9.5,4.0,25.8,20.3,67.4,5.5,21.6,9.8,15.2,2.2,17.6,57.2,92.8,46.8,6.7,61.0,8.2,108.4,25.4,22.9,10.1,99.4,13.4,15.1,44.5,7.4,34.1,31.4,28.9,23.9,9.6,3.8,14.3,8.8,3.4
2017-05-28 10:05:00+02:00,5.2,13.1,3.7,18.4,96.2,64.4,52.1,9.6,4.0,25.9,20.4,67.3,5.5,21.7,9.8,15.2,2.2,17.6,57.2,92.8,47.0,6.8,61.0,8.2,108.4,25.6,23.0,10.1,99.4,13.5,15.2,44.7,7.4,33.8,31.0,28.5,23.5,9.7,3.8,13.8,8.3,2.8
2017-05-28 10:06:00+02:00,5.2,12.9,3.7,18.1,95.9,63.7,51.3,9.6,4.0,26.0,20.5,66.9,5.6,21.5,9.9,15.3,2.2,17.7,56.4,92.5,46.2,6.8,60.2,8.3,108.2,25.8,22.8,10.1,99.2,13.5,15.3,44.3,7.1,34.0,31.3,28.7,23.6,10.2,4.4,13.4,7.8,2.3
2017-05-28 10:07:00+02:00,5.3,13.1,3.7,18.4,96.3,64.1,51.6,9.6,4.0,26.1,20.2,67.2,5.6,22.1,9.9,15.4,2.2,18.1,56.8,92.9,46.5,6.8,60.6,8.3,108.8,25.8,23.2,10.2,99.6,13.6,15.3,45.3,7.4,35.3,32.4,29.9,24.7,11.2,5.4,13.5,7.8,2.3
2017-05-28 10:08:00+02:00,5.1,13.0,3.6,18.1,93.9,62.8,50.6,9.2,3.9,25.5,19.6,65.7,5.2,21.8,9.6,15.1,2.0,17.8,55.6,90.6,45.6,6.6,59.4,8.1,106.0,25.0,22.8,9.9,97.1,13.0,14.9,44.5,7.4,34.3,31.6,29.1,24.0,10.9,5.2,13.1,7.7,2.4
2017-05-28 10:09:00+02:00,5.3,13.3,3.7,18.5,94.5,63.1,50.7,9.2,4.0,26.2,19.5,66.2,5.2,22.0,9.9,15.5,2.1,17.9,55.8,91.1,45.6,6.8,59.7,8.3,106.9,25.1,22.4,10.2,97.9,13.1,15.3,44.4,7.5,34.6,31.8,29.2,24.0,10.5,4.6,13.5,8.0,2.5
2017-05-28 10:10:00+02:00,5.3,13.5,3.7,18.7,95.5,63.7,51.2,9.3,4.0,26.1,19.7,66.9,5.3,22.2,9.9,15.4,2.2,18.1,56.4,92.0,46.1,6.8,60.2,8.4,107.7,25.3,22.1,10.1,98.9,13.3,15.4,44.3,7.7,34.5,31.7,29.1,23.9,10.3,4.5,13.6,8.1,2.5
2017-05-28 10:11:00+02:00,5.2,13.3,3.6,18.5,93.9,63.1,50.9,9.7,3.9,25.5,19.1,66.1,5.7,22.3,9.6,15.0,2.6,18.3,55.9,90.5,45.9,6.7,59.7,8.1,104.7,24.6,21.8,9.8,97.2,13.5,15.0,44.1,7.6,33.5,30.7,28.3,23.1,10.0,4.3,13.1,7.8,2.3
2017-05-28 10:12:00+02:00,5.3,13.7,3.7,19.1,97.1,65.7,53.2,10.7,4.0,27.2,19.4,68.8,6.7,23.7,9.9,16.3,3.2,19.6,58.4,93.6,48.0,6.9,62.2,8.4,108.0,25.0,22.5,10.9,100.4,14.7,15.5,46.2,7.8,35.4,32.5,29.9,24.7,10.4,4.5,14.3,8.7,3.1
2017-05-28 10:13:00+02:00,5.4,13.7,3.7,19.0,97.1,65.9,53.5,10.7,4.0,27.2,19.3,68.9,6.6,23.8,9.9,16.2,3.1,19.7,58.6,93.7,48.3,6.8,62.4,8.5,107.1,24.9,22.4,10.9,99.3,14.7,15.4,46.1,7.8,35.3,32.5,29.9,24.6,10.4,4.5,14.3,8.7,3.2
2017-05-28 10:14:00+02:00,5.4,13.6,3.8,18.9,96.9,65.4,53.0,10.7,4.0,27.2,19.6,68.4,6.6,23.8,9.9,16.2,3.2,19.7,58.1,93.5,47.8,6.9,61.9,8.5,107.8,25.2,22.3,10.9,100.3,14.6,15.4,46.1,7.7,35.5,32.6,30.0,24.8,10.4,4.5,14.4,8.9,3.3
2017-05-28 10:15:00+02:00,5.4,13.6,3.8,18.9,97.1,65.2,52.8,10.6,3.9,27.3,19.5,68.6,6.5,23.6,10.0,16.4,3.2,19.6,57.9,93.6,47.5,6.9,61.7,8.5,108.1,25.1,22.4,11.0,100.5,14.5,15.5,46.0,7.7,36.0,33.0,30.4,25.1,10.4,4.5,14.7,9.1,3.5
2017-05-28 10:16:00+02:00,5.4,13.7,3.8,19.0,98.0,65.5,53.0,10.4,4.0,27.1,19.9,69.1,6.4,23.0,10.0,16.1,3.0,18.9,58.2,94.5,47.7,6.9,62.0,8.5,109.5,25.5,22.4,10.7,101.4,14.4,15.5,45.4,7.7,36.0,33.1,30.5,25.2,10.3,4.4,14.9,9.2,3.6
2017-05-28 10:17:00+02:00,5.4,13.7,3.8,19.0,98.3,64.8,52.3,9.7,4.0,26.1,21.0,68.4,5.6,22.1,10.1,15.1,2.3,18.0,57.5,94.8,47.0,6.9,61.3,8.6,111.9,26.6,22.4,9.7,101.8,13.6,15.6,44.5,7.8,35.9,33.1,30.4,25.1,10.2,4.3,14.9,9.2,3.6
2017-05-28 10:18:00+02:00,5.3,13.6,3.8,18.9,99.4,66.0,53.6,10.4,4.0,26.4,20.9,69.7,6.4,23.2,10.0,15.4,3.0,19.1,58.8,95.9,48.1,6.9,62.6,8.6,112.5,26.4,22.3,10.1,102.9,14.4,15.5,45.5,7.7,35.8,32.9,30.3,25.0,10.2,4.4,14.8,9.2,3.6
2017-05-28 10:19:00+02:00,5.3,13.6,3.8,18.9,99.5,66.0,53.5,10.3,4.0,27.0,21.0,69.6,6.2,23.0,10.0,16.1,2.8,18.9,58.6,96.0,48.0,6.9,62.5,8.6,113.4,26.5,22.4,10.7,102.9,14.2,15.6,45.3,7.7,36.2,33.3,30.7,25.3,10.3,4.5,15.0,9.5,3.8
2017-05-28 10:20:00+02:00,5.4,13.6,3.8,18.9,100.1,66.2,54.3,10.4,4.0,26.6,21.2,69.9,6.3,23.7,10.2,15.6,2.9,19.6,58.8,96.5,48.8,7.0,62.7,8.7,115.1,26.8,22.4,10.3,103.6,14.4,15.8,46.1,7.8,37.2,34.2,31.5,26.2,11.0,5.1,15.2,9.5,3.9
2017-05-28 10:21:00+02:00,5.5,13.7,3.8,19.1,100.8,66.6,54.9,10.4,4.0,27.5,21.4,70.3,6.4,24.0,10.3,16.4,2.9,19.9,59.1,97.2,49.4,7.1,63.1,8.8,115.9,27.0,22.7,11.0,104.3,14.5,15.9,46.6,7.8,37.8,34.8,32.1,26.8,11.6,5.6,15.3,9.6,3.9
2017-05-28 10:22:00+02:00,5.5,13.7,3.9,19.1,101.0,66.7,54.0,10.5,4.1,26.9,21.5,70.3,6.4,23.0,10.3,15.8,2.9,19.0,59.1,97.4,48.4,7.1,63.1,8.8,116.1,27.2,22.7,10.4,104.5,14.5,16.0,45.6,7.8,38.0,35.1,32.3,27.0,11.7,5.6,15.3,9.6,3.9
2017-05-28 10:23:00+02:00,5.5,13.7,3.9,19.1,101.2,66.8,54.1,10.6,4.1,27.6,21.5,70.5,6.5,22.9,10.3,16.5,3.1,18.9,59.3,97.6,48.5,7.2,63.2,8.8,116.4,27.3,22.8,11.1,104.7,14.6,16.0,45.7,7.8,38.2,35.2,32.4,27.1,11.7,5.7,15.4,9.7,3.9
2017-05-28 10:24:00+02:00,5.4,13.7,3.9,19.1,102.3,67.8,55.1,10.5,4.0,26.9,21.5,71.5,6.4,22.9,10.3,15.8,3.0,18.8,60.4,98.7,49.5,7.1,64.3,8.8,117.4,27.3,23.9,10.4,105.7,14.5,16.0,46.7,7.8,38.0,35.0,32.2,26.9,11.5,5.5,15.4,9.7,3.9
2017-05-28 10:25:00+02:00,5.5,14.0,3.9,19.5,104.7,69.8,56.8,10.7,4.1,28.4,21.8,73.5,6.6,23.2,10.5,17.0,3.1,19.1,62.2,101.1,51.1,7.2,66.2,8.9,120.1,27.7,25.0,11.5,108.2,14.8,16.3,48.2,8.0,37.8,34.9,32.1,26.7,11.0,5.0,15.6,9.8,4.0
2017-05-28 10:26:00+02:00,5.4,13.8,3.8,19.2,102.7,68.6,55.8,10.5,4.0,27.9,21.2,72.3,6.5,22.7,10.1,16.7,3.0,18.7,61.2,99.1,50.2,7.1,65.1,8.7,116.5,26.9,24.7,11.3,106.0,14.5,15.8,47.4,7.9,37.0,34.1,31.4,26.1,10.8,4.8,15.3,9.7,3.9
2017-05-28 10:27:00+02:00,5.0,12.8,3.5,17.8,94.2,62.7,50.8,9.6,3.7,25.7,19.7,66.1,5.9,20.9,9.4,15.4,2.7,17.1,55.9,90.9,45.6,6.6,59.4,8.1,106.6,25.0,22.2,10.4,97.3,13.3,14.7,43.1,7.3,34.0,31.4,28.9,24.0,9.8,4.4,14.2,8.9,3.6
2017-05-28 10:28:00+02:00,4.3,10.9,3.0,15.2,79.6,52.8,42.8,8.1,3.1,21.8,16.8,55.7,4.9,17.6,8.0,13.0,2.2,14.4,47.1,76.8,38.4,5.6,50.1,6.7,89.8,21.3,18.7,8.7,82.2,11.3,12.5,36.3,6.2,28.8,26.6,24.4,20.2,8.1,3.5,12.0,7.6,3.1
2017-05-28 10:29:00+02:00,3.0,10.2,2.8,13.7,74.1,48.8,40.3,7.4,2.9,19.5,15.8,51.5,4.4,16.3,7.5,11.1,2.0,13.3,43.4,71.4,36.1,5.2,46.2,5.2,83.6,20.1,17.8,7.1,76.5,10.4,11.7,34.1,5.8,27.0,25.0,23.0,18.9,7.6,3.3,11.3,7.2,2.9
2017-05-28 10:30:00+02:00,4.3,11.7,3.3,15.3,86.4,57.2,47.2,8.8,3.4,23.1,18.2,60.3,5.4,20.1,8.6,13.5,2.4,16.6,50.9,83.3,42.5,6.0,54.2,6.7,97.6,23.1,20.0,8.8,89.2,12.2,13.5,40.1,6.7,31.5,29.0,26.7,22.0,9.0,3.9,13.1,8.3,3.3
2017-05-28 10:31:00+02:00,4.6,13.3,3.7,18.2,98.6,65.6,54.2,9.9,3.8,25.4,20.6,69.1,6.2,22.7,9.8,14.6,2.8,18.8,58.5,95.1,48.8,6.8,62.2,6.9,112.0,26.1,23.4,9.4,102.0,13.8,15.3,46.1,7.5,35.8,33.0,30.4,25.1,10.3,4.6,14.8,9.3,3.8
2017-05-28 10:32:00+02:00,4.6,13.2,3.7,18.1,98.4,65.4,54.1,9.9,3.8,25.5,20.6,68.9,6.2,22.6,9.9,14.8,2.8,18.8,58.4,94.9,48.7,6.8,62.1,7.1,112.8,26.1,23.4,9.6,101.7,13.7,15.3,46.0,7.5,35.7,32.8,30.3,25.0,10.3,4.6,14.7,9.3,3.7
2017-05-28 10:33:00+02:00,4.8,13.8,3.8,19.0,102.2,67.7,55.8,9.4,3.9,27.5,21.5,71.3,5.6,22.7,10.3,16.3,2.7,18.7,60.3,98.5,50.1,7.1,64.1,8.2,117.3,27.3,24.5,10.9,105.7,13.4,16.0,47.2,7.9,37.6,34.5,31.8,26.3,10.9,4.9,15.4,9.7,3.9
2017-05-28 10:34:00+02:00,3.7,14.2,3.9,19.5,105.4,69.9,57.7,10.0,4.1,26.9,22.1,73.6,6.0,23.6,10.6,15.4,3.1,19.5,62.3,101.6,51.8,7.3,66.2,7.2,120.9,28.0,25.2,9.9,108.9,14.1,16.4,48.8,8.0,38.6,35.4,32.7,27.0,11.2,5.0,15.8,10.0,4.0
2017-05-28 10:35:00+02:00,4.9,14.2,3.9,19.5,106.9,71.4,58.5,10.7,4.0,28.2,22.1,75.1,6.8,24.4,10.6,16.7,3.1,20.3,63.8,103.1,52.6,7.3,67.7,8.5,122.4,28.1,25.2,11.2,110.4,14.8,16.4,49.6,8.0,38.7,35.5,32.7,27.0,11.1,5.0,15.9,10.0,4.0
2017-05-28 10:36:00+02:00,4.3,14.2,3.9,19.6,107.0,71.5,58.6,10.7,4.0,27.7,22.1,75.3,6.8,24.4,10.6,16.1,3.1,20.3,63.9,103.3,52.7,7.3,67.9,7.9,122.5,28.1,25.3,10.6,110.6,14.8,16.4,49.7,8.0,38.6,35.4,32.6,27.0,11.1,5.0,15.9,10.0,4.0
2017-05-28 10:37:00+02:00,5.0,14.4,4.0,19.9,108.2,72.3,59.2,10.8,4.1,28.7,22.4,76.1,6.8,24.7,10.8,17.0,3.2,20.5,64.6,104.4,53.4,7.4,68.6,8.6,123.8,28.4,25.7,11.4,111.8,15.0,16.6,50.4,8.1,39.1,35.9,33.0,27.4,11.3,5.1,16.1,10.1,4.0
2017-05-28 10:38:00+02:00,4.5,14.5,4.0,20.1,108.6,72.4,59.3,10.8,4.1,28.3,22.6,76.2,6.8,24.8,10.8,16.5,3.1,20.6,64.7,104.8,53.8,7.4,68.7,8.0,124.5,28.6,25.9,10.9,112.3,15.0,16.8,50.7,8.1,39.5,36.3,33.4,27.7,11.4,5.1,16.2,10.2,4.1
2017-05-28 10:39:00+02:00,4.4,14.5,4.0,20.2,107.2,70.9,57.7,10.9,4.1,28.5,22.7,74.7,6.9,24.8,10.9,16.6,3.1,20.6,63.2,103.4,53.9,7.5,67.1,8.0,123.0,28.8,26.1,10.9,110.9,15.1,16.9,50.9,8.2,39.8,36.5,33.5,27.8,11.7,5.4,16.1,10.2,4.1
2017-05-28 10:40:00+02:00,4.5,14.6,4.0,20.2,107.5,71.1,57.8,10.9,4.1,28.6,22.8,74.9,6.9,24.9,10.9,16.7,3.2,20.7,63.4,103.7,54.1,7.5,67.3,8.1,123.4,28.9,26.2,11.0,111.2,15.1,16.9,51.1,8.2,40.6,37.3,34.3,28.6,12.4,6.1,16.2,10.2,4.1
2017-05-28 10:41:00+02:00,5.2,14.6,4.0,20.3,107.6,71.2,57.9,11.0,4.1,29.3,22.8,75.0,6.9,25.0,10.9,17.4,3.2,20.8,63.4,103.9,54.2,7.5,67.4,8.7,122.0,29.0,26.3,11.6,111.3,15.2,16.9,51.3,8.2,40.6,37.3,34.3,28.5,12.3,5.9,16.2,10.2,4.1
2017-05-28 10:42:00+02:00,4.6,14.6,4.0,20.3,108.2,71.6,58.3,11.0,4.1,28.7,23.0,75.4,7.0,25.1,10.9,16.8,3.2,20.9,63.9,104.5,54.3,7.5,67.8,8.0,122.0,29.1,26.3,10.9,111.7,15.2,17.0,51.4,8.2,40.6,37.3,34.2,28.5,12.3,5.9,16.2,10.3,4.1
2017-05-28 10:43:00+02:00,5.2,14.5,4.0,20.1,108.4,72.1,59.0,10.9,4.0,29.2,22.8,75.9,6.9,24.9,10.9,17.3,3.2,20.7,64.5,104.7,53.8,7.5,68.4,8.6,122.0,28.9,26.1,11.5,111.8,15.1,16.8,51.0,8.1,40.3,37.0,33.9,28.2,12.1,5.7,16.2,10.2,4.1
2017-05-28 10:44:00+02:00,4.5,14.3,3.9,19.3,106.6,70.9,58.0,10.8,4.0,28.1,22.4,74.7,6.8,24.5,10.7,16.4,3.2,20.4,63.4,103.0,52.5,7.4,67.3,7.8,120.3,28.4,25.2,10.7,110.3,14.9,16.6,49.7,8.0,39.9,36.6,33.6,28.0,12.1,5.9,15.9,10.0,4.0
2017-05-28 10:45:00+02:00,5.0,14.1,3.9,19.3,104.9,69.4,56.6,9.6,3.9,28.6,22.3,73.1,5.7,23.3,10.6,16.9,2.6,19.2,61.9,101.3,51.2,7.3,65.8,8.4,118.4,28.3,25.1,11.2,108.5,13.7,16.5,48.4,7.9,39.6,36.4,33.4,27.8,12.1,5.9,15.8,9.9,3.9
2017-05-28 10:46:00+02:00,4.3,13.9,3.8,19.1,102.6,67.8,55.2,9.1,3.9,26.9,21.8,71.4,5.1,22.5,10.4,15.4,2.1,18.5,60.4,99.0,49.9,7.2,64.2,7.6,115.8,27.7,24.8,9.9,106.1,13.1,16.1,47.3,7.8,38.7,35.6,32.6,27.2,11.8,5.8,15.4,9.7,3.8
2017-05-28 10:47:00+02:00,5.2,14.5,4.0,19.8,107.4,71.1,57.9,9.5,4.0,28.9,22.8,74.8,5.4,23.4,10.9,16.9,2.3,19.2,63.3,103.6,51.9,7.5,67.3,8.8,121.4,29.0,25.8,11.0,111.1,13.6,16.9,49.2,8.1,40.6,37.4,34.3,28.6,12.4,6.1,16.2,10.2,4.0
2017-05-28 10:48:00+02:00,5.7,14.8,4.1,20.2,108.8,71.6,58.6,9.9,4.1,30.0,23.4,75.3,5.7,24.1,11.2,17.7,2.4,19.9,63.7,104.9,52.7,7.7,67.8,9.4,123.2,29.7,26.4,11.7,112.5,14.1,17.4,50.5,8.3,40.9,37.5,34.3,28.5,11.8,5.2,16.7,10.5,4.1
2017-05-28 10:49:00+02:00,5.4,14.4,4.0,19.9,106.7,70.4,57.4,9.8,4.0,29.1,22.8,74.1,5.8,23.7,10.9,17.1,2.7,19.6,62.8,102.9,51.8,7.5,66.7,9.0,120.6,28.9,25.9,11.3,110.3,14.0,16.9,49.7,8.1,39.7,36.4,33.3,27.6,11.3,5.0,16.3,10.1,3.9
2017-05-28 10:50:00+02:00,5.2,13.9,3.8,19.4,104.0,69.0,56.1,10.1,3.9,28.1,22.0,72.6,6.2,23.5,10.5,16.5,3.2,19.5,61.7,100.4,50.7,7.2,65.5,8.6,117.3,27.9,25.2,10.9,107.5,14.1,16.3,48.7,7.8,38.0,34.9,31.9,26.5,10.8,4.7,15.7,9.7,3.8
2017-05-28 10:51:00+02:00,5.6,14.6,4.0,20.4,109.7,72.8,59.2,10.8,4.0,30.3,23.2,76.6,6.7,24.8,11.1,18.2,3.4,20.6,65.1,105.9,53.5,7.6,69.0,9.2,123.9,29.4,26.5,12.3,113.5,14.9,17.3,51.3,8.1,40.3,37.0,33.9,28.0,11.5,5.1,16.5,10.1,3.9
2017-05-28 10:52:00+02:00,5.8,14.9,4.1,20.7,110.9,74.4,60.4,11.0,4.1,31.1,23.8,77.1,6.8,25.4,11.4,18.6,3.5,21.1,66.4,107.0,54.5,7.7,70.5,9.5,125.4,30.1,26.9,12.6,114.7,15.2,17.7,52.3,8.3,41.4,38.0,34.8,28.8,11.8,5.3,17.0,10.5,4.1
2017-05-28 10:53:00+02:00,5.8,15.0,4.1,20.7,112.4,75.0,60.9,11.1,4.1,30.9,24.0,78.3,7.0,25.7,11.5,18.3,3.6,21.4,67.0,108.5,55.0,7.8,71.0,9.6,126.9,30.3,27.1,12.2,116.0,15.4,17.8,52.7,8.3,41.8,38.3,35.1,29.0,12.0,5.3,17.1,10.6,4.2
2017-05-28 10:54:00+02:00,5.4,13.8,3.8,19.4,103.9,69.0,56.0,10.1,3.8,28.2,22.1,72.6,6.3,23.6,10.5,16.6,3.3,19.6,61.7,100.3,50.6,7.2,65.4,8.8,116.8,27.9,25.0,10.9,107.1,14.0,16.4,48.6,7.7,38.4,35.2,32.3,26.7,11.0,5.0,15.6,9.8,3.8
2017-05-28 10:55:00+02:00,4.9,12.6,3.5,17.8,94.5,62.5,50.9,9.1,3.5,25.9,20.2,65.7,5.6,21.5,9.6,15.2,2.9,17.9,55.9,91.2,45.8,6.6,59.3,8.0,106.1,25.6,22.6,10.0,97.4,12.7,15.0,44.1,7.0,35.7,32.8,30.1,25.0,10.7,5.1,14.3,8.9,3.5
2017-05-28 10:56:00+02:00,5.5,14.1,3.9,19.8,105.4,69.5,56.7,10.1,3.9,29.4,22.6,73.2,6.2,23.9,10.8,17.4,3.2,19.9,62.1,101.7,51.1,7.3,65.9,9.0,120.2,28.7,25.2,11.6,108.9,14.1,16.7,49.0,7.8,40.2,36.9,33.9,28.2,12.1,5.9,16.1,10.0,3.9
2017-05-28 10:57:00+02:00,5.4,13.7,3.8,19.1,101.3,66.6,54.8,9.7,3.8,27.8,21.9,70.1,5.9,23.1,10.4,16.3,3.0,19.2,59.4,97.8,49.4,7.1,63.1,8.1,114.9,27.8,24.3,10.6,104.8,13.6,16.2,47.4,7.6,39.0,35.8,32.8,27.3,11.7,5.7,15.5,9.7,3.8
2017-05-28 10:58:00+02:00,4.7,12.0,3.3,16.4,87.6,57.3,47.1,8.2,3.4,24.0,19.1,60.4,4.9,20.0,9.1,13.9,2.5,16.6,51.1,84.5,42.5,6.2,54.3,6.9,98.1,24.2,20.9,9.0,90.5,11.6,14.2,40.9,6.7,33.9,31.1,28.5,23.7,10.2,5.0,13.5,8.5,3.3
2017-05-28 10:59:00+02:00,4.2,10.8,3.0,14.9,79.0,52.1,42.8,7.8,3.0,21.8,17.2,54.8,4.8,18.3,8.1,12.7,2.3,15.3,46.4,76.4,38.6,5.6,49.3,6.4,88.1,21.7,18.9,8.3,81.6,10.8,12.7,37.3,6.0,30.4,27.9,25.6,21.3,9.2,4.5,12.1,7.6,3.0
2017-05-28 11:00:00+02:00,4.8,11.9,3.3,16.7,86.9,58.3,47.2,8.1,3.3,24.3,19.2,59.6,4.9,19.9,9.1,14.2,2.6,16.5,51.9,83.8,42.6,6.2,55.2,7.0,98.4,24.3,21.1,9.2,89.9,11.5,14.2,40.9,6.6,34.2,31.4,28.8,24.0,10.4,5.1,13.5,8.5,3.3
2017-05-28 11:01:00+02:00,5.1,12.7,3.5,17.8,90.6,62.5,50.5,8.7,3.5,26.5,20.6,61.3,5.3,21.2,9.8,15.6,2.7,17.6,55.6,87.2,45.5,6.7,59.2,8.0,103.1,26.0,22.5,10.3,93.8,12.3,15.2,43.7,7.0,36.7,33.7,30.9,25.6,11.2,5.5,14.5,9.0,3.5
2017-05-28 11:02:00+02:00,5.4,13.5,3.8,19.0,98.4,67.0,54.4,9.3,3.8,28.7,22.0,67.0,5.7,22.7,10.5,17.0,3.0,18.8,59.6,94.8,49.0,7.1,63.4,8.8,112.4,27.9,24.1,11.3,101.9,13.2,16.3,46.8,7.5,39.6,36.3,33.3,27.4,12.0,5.9,15.5,9.6,3.7
2017-05-28 11:03:00+02:00,5.1,13.8,3.8,19.3,101.1,69.3,56.3,9.6,3.8,28.4,22.3,69.3,5.9,23.1,10.6,16.6,3.1,19.2,61.9,97.4,50.7,7.2,65.7,8.3,115.4,28.2,24.5,10.9,104.6,13.5,16.5,47.6,7.6,40.0,36.7,33.7,27.7,12.2,6.0,15.6,9.7,3.7
2017-05-28 11:04:00+02:00,5.3,14.3,3.9,20.0,105.1,72.0,58.7,10.0,3.9,29.4,23.2,72.1,6.2,24.0,11.0,17.2,3.2,19.9,64.4,101.4,52.7,7.5,68.3,8.6,119.6,29.3,25.5,11.3,108.8,14.0,17.2,49.5,7.9,41.7,38.3,35.1,28.9,12.6,6.2,16.3,10.2,3.9
2017-05-28 11:05:00+02:00,5.2,14.1,3.9,19.8,103.9,71.2,58.1,9.9,3.9,29.1,22.9,71.3,6.1,23.8,10.9,17.0,3.2,19.8,63.7,100.2,52.2,7.4,67.6,8.5,119.0,29.0,25.2,11.2,107.5,13.9,17.0,49.0,7.8,40.9,37.5,34.4,28.3,12.2,5.8,16.1,10.0,3.9
2017-05-28 11:06:00+02:00,5.2,14.0,3.9,19.7,103.7,71.1,58.0,9.9,3.9,29.0,22.9,71.1,6.1,23.7,10.9,17.0,3.2,19.7,63.6,100.0,52.1,7.4,67.4,8.5,119.1,28.9,25.1,11.1,107.2,13.9,16.9,48.8,7.8,40.5,37.1,34.0,28.1,12.1,5.7,16.1,10.0,3.8
2017-05-28 11:07:00+02:00,4.9,13.4,3.7,18.8,98.4,67.5,55.1,9.4,3.7,27.5,21.7,67.4,5.8,22.5,10.4,16.1,3.0,18.7,60.3,94.8,49.5,7.1,64.0,8.0,112.9,27.6,23.9,10.5,101.8,13.1,16.1,46.4,7.4,38.2,35.0,32.1,26.5,11.3,5.3,15.2,9.5,3.7
2017-05-28 11:08:00+02:00,4.6,12.8,3.5,17.9,93.8,64.6,52.7,8.9,3.6,26.2,20.8,64.3,5.6,21.5,9.9,15.3,2.9,17.9,57.7,90.5,47.4,6.7,61.2,7.6,107.7,26.3,22.9,9.9,97.1,12.5,15.4,44.4,7.1,36.5,33.5,30.6,25.4,10.8,5.1,14.6,9.0,3.5
2017-05-28 11:09:00+02:00,5.1,14.0,3.9,19.6,104.0,71.3,58.3,10.1,3.9,29.0,22.8,71.4,6.4,23.8,10.9,17.0,3.2,19.8,63.7,100.3,52.4,7.4,67.6,8.5,119.2,28.9,25.3,11.1,107.6,14.0,16.9,49.2,7.7,40.3,37.0,33.8,28.0,11.9,5.7,16.0,9.9,3.8
2017-05-28 11:10:00+02:00,5.6,14.8,4.1,20.8,110.8,75.7,61.8,11.0,4.0,31.1,24.3,76.1,7.1,25.6,11.6,18.3,3.4,21.3,67.7,106.8,55.6,7.9,71.7,9.2,126.0,30.8,27.1,12.1,114.7,15.2,18.0,52.7,8.1,43.3,39.7,36.3,30.1,13.0,6.2,17.1,10.6,4.1
2017-05-28 11:11:00+02:00,5.6,14.9,4.1,20.9,111.3,75.9,62.0,11.1,4.2,30.9,24.5,76.4,7.1,25.7,11.7,18.1,3.5,21.5,67.9,107.3,55.7,7.9,72.0,9.2,127.1,31.1,27.3,11.8,115.2,15.3,18.2,53.0,8.2,43.6,39.9,36.5,30.3,13.1,6.3,17.2,10.7,4.1
2017-05-28 11:12:00+02:00,5.5,14.8,4.1,20.7,109.5,74.7,60.9,11.0,4.1,30.9,24.2,75.0,7.1,25.1,11.6,18.3,3.5,20.9,66.7,105.6,54.7,7.8,70.8,9.1,125.0,30.7,27.1,12.1,113.3,15.1,17.9,52.1,8.2,43.0,39.4,36.1,29.9,13.0,6.3,17.0,10.5,4.0
2017-05-28 11:13:00+02:00,5.5,14.6,4.1,20.5,109.2,73.6,59.9,10.9,4.1,30.1,24.0,74.9,7.0,24.6,11.5,17.7,3.4,20.5,65.7,105.2,53.8,7.8,69.7,9.0,124.5,30.4,26.8,11.6,112.9,15.0,17.8,51.4,8.1,42.7,39.1,35.8,29.7,12.9,6.3,16.8,10.4,4.0
2017-05-28 11:14:00+02:00,5.6,15.0,4.1,21.1,113.2,75.6,61.7,11.1,4.2,31.1,24.6,78.2,7.1,25.8,11.7,18.3,3.5,21.6,67.6,109.2,55.4,7.9,71.7,9.2,129.0,31.1,27.6,12.0,117.1,15.4,18.2,53.4,8.3,43.7,40.1,36.7,30.4,13.2,6.4,17.2,10.7,4.1
2017-05-28 11:15:00+02:00,5.7,15.0,4.2,21.3,115.0,76.1,62.1,11.4,4.2,31.2,24.6,79.9,7.3,26.0,11.8,18.3,3.4,21.8,68.0,111.0,55.8,8.0,72.1,9.3,130.8,31.2,27.7,12.0,118.9,15.6,18.2,53.8,8.3,43.7,40.1,36.6,30.4,13.2,6.4,17.2,10.6,4.0
2017-05-28 11:16:00+02:00,6.2,15.0,4.2,21.3,115.7,76.6,62.7,11.5,4.2,32.2,24.6,80.6,7.3,26.3,11.8,19.2,3.4,22.0,68.6,111.7,56.3,8.0,72.7,9.8,132.5,31.2,27.8,12.9,119.6,15.8,18.3,54.1,8.3,43.9,40.2,36.8,30.5,13.2,6.4,17.3,10.7,4.1
2017-05-28 11:17:00+02:00,6.2,15.0,4.2,21.3,115.8,76.9,62.9,11.6,4.1,31.8,24.4,80.9,7.4,26.3,11.8,18.8,3.5,22.1,68.8,111.8,56.5,7.9,72.9,9.8,132.6,31.0,27.9,12.5,119.7,15.8,18.3,54.2,8.3,43.9,40.3,36.8,30.5,13.2,6.4,17.3,10.7,4.1
2017-05-28 11:18:00+02:00,5.9,15.0,4.2,21.4,116.7,77.7,63.7,11.3,4.2,32.0,24.5,81.8,7.1,26.0,11.7,19.0,3.2,21.8,69.7,112.7,57.3,7.9,73.8,9.6,133.5,31.1,27.9,12.7,120.6,15.5,18.3,53.9,8.3,44.0,40.3,36.8,30.5,13.2,6.4,17.3,10.7,4.1
2017-05-28 11:19:00+02:00,5.9,15.0,4.2,21.4,117.7,78.6,64.6,11.9,4.2,32.0,24.5,82.7,7.7,26.7,11.7,19.0,3.8,22.4,70.6,113.7,58.1,8.0,74.7,9.6,134.5,31.2,28.0,12.6,121.6,16.1,18.3,54.6,8.3,44.1,40.4,37.0,30.6,13.2,6.5,17.4,10.7,4.0
2017-05-28 11:20:00+02:00,5.9,15.0,4.2,21.4,117.8,78.7,64.6,11.9,4.2,31.8,24.4,82.8,7.7,26.7,11.7,18.9,3.8,22.4,70.7,113.7,58.1,8.0,74.8,9.6,133.6,31.1,28.0,12.5,121.6,16.1,18.2,54.7,8.3,44.1,40.4,36.9,30.6,13.2,6.5,17.4,10.7,4.0
2017-05-28 11:21:00+02:00,6.0,15.1,4.2,21.5,118.0,78.9,64.8,11.9,4.2,32.0,24.6,82.9,7.7,26.7,11.7,19.0,3.8,22.5,70.8,114.0,58.3,8.0,74.9,9.6,133.9,31.3,28.1,12.6,121.9,16.1,18.3,54.8,8.3,44.3,40.6,37.2,30.7,13.2,6.5,17.4,10.7,4.0
2017-05-28 11:22:00+02:00,6.0,15.1,4.2,21.6,118.0,78.8,64.7,11.9,4.2,31.9,24.6,82.8,7.7,26.5,11.7,18.9,3.8,22.3,70.8,114.0,58.2,8.0,74.8,9.6,133.8,31.3,28.2,12.4,121.8,16.1,18.3,54.7,8.3,44.4,40.7,37.2,30.7,13.2,6.5,17.5,10.7,4.0
2017-05-28 11:23:00+02:00,6.0,15.2,4.2,21.7,118.2,78.9,64.8,11.9,4.2,32.1,24.7,82.9,7.7,26.5,11.7,19.0,3.8,22.3,70.9,114.2,58.2,8.0,75.0,9.7,134.2,31.4,28.3,12.6,122.1,16.2,18.4,54.8,8.4,44.5,40.8,37.4,30.8,13.3,6.5,17.5,10.8,4.0
2017-05-28 11:24:00+02:00,6.0,15.1,4.1,21.5,117.6,78.6,64.5,11.9,4.1,32.1,24.5,82.5,7.7,26.4,11.7,19.0,3.8,22.3,70.6,113.7,58.0,8.0,74.6,9.7,132.5,31.2,28.1,12.6,120.6,16.1,18.3,54.5,8.3,44.3,40.6,37.2,30.6,13.2,6.5,17.4,10.7,4.0
2017-05-28 11:25:00+02:00,5.9,14.7,4.0,20.9,113.8,75.8,62.1,11.6,4.0,30.9,24.0,79.6,7.5,25.0,11.4,18.2,3.7,20.9,68.0,109.9,55.7,7.7,72.0,9.0,129.0,30.5,27.4,11.9,116.9,15.7,17.8,52.4,8.1,43.0,39.4,36.1,29.7,12.8,6.2,16.9,10.4,3.9
2017-05-28 11:26:00+02:00,6.0,15.1,4.1,21.5,116.9,77.8,63.8,11.8,4.1,31.1,24.6,81.8,7.6,25.7,11.7,18.1,3.7,21.6,69.9,112.9,57.3,7.9,73.9,8.6,133.0,31.3,28.1,11.6,120.8,16.0,18.3,53.8,8.3,44.2,40.5,37.0,30.5,13.1,6.4,17.3,10.7,4.0
2017-05-28 11:27:00+02:00,5.9,14.7,4.0,21.0,114.5,76.4,62.7,11.5,4.0,29.4,24.0,80.3,7.4,25.6,11.4,16.7,3.6,21.6,68.7,110.7,56.4,7.7,72.6,7.5,129.9,30.5,27.4,10.4,118.3,15.6,17.8,53.0,8.1,43.0,39.4,36.0,29.7,12.8,6.2,16.9,10.4,3.9
2017-05-28 11:28:00+02:00,6.0,14.9,4.1,20.8,115.5,76.9,63.0,11.6,4.1,29.6,24.3,80.8,7.5,25.8,11.5,16.7,3.7,21.8,69.1,111.6,56.6,7.8,73.0,7.4,131.2,30.9,27.4,10.3,119.4,15.7,18.0,53.2,8.2,43.6,40.0,36.6,30.1,13.0,6.4,17.1,10.5,4.0
2017-05-28 11:29:00+02:00,5.9,14.6,4.0,20.8,114.0,76.0,62.4,11.4,4.0,29.1,23.9,79.9,7.4,25.5,11.3,16.4,3.6,21.5,68.4,110.2,56.1,7.7,72.3,7.2,129.4,30.4,27.3,10.1,117.8,15.5,17.7,52.7,8.1,42.7,39.2,35.8,29.6,12.8,6.3,16.8,10.4,3.9
2017-05-28 11:30:00+02:00,5.8,14.5,4.0,20.7,113.2,75.5,62.0,11.4,4.0,29.1,23.8,79.3,7.4,25.3,11.2,16.3,3.6,21.3,67.8,109.3,55.7,7.6,71.7,7.3,128.5,30.2,27.1,10.1,117.0,15.4,17.6,52.4,8.0,42.0,38.5,35.1,29.6,12.8,6.3,16.7,10.3,3.9
2017-05-28 11:31:00+02:00,5.8,14.4,3.9,20.4,111.9,74.6,61.2,11.2,3.9,28.8,23.6,78.3,7.4,25.0,11.1,16.2,3.6,21.0,67.0,108.1,55.1,7.6,70.9,7.3,127.0,29.9,26.8,10.1,115.6,15.2,17.4,51.7,7.9,41.9,38.3,35.0,29.2,12.6,6.2,16.5,10.2,3.8
2017-05-28 11:32:00+02:00,6.0,14.7,4.0,21.0,115.2,76.8,62.9,11.4,4.0,30.2,24.3,80.5,7.5,25.5,11.5,17.2,3.6,21.5,68.9,111.3,56.5,7.8,72.8,7.9,131.4,30.8,27.5,10.9,119.1,15.5,18.0,53.1,8.1,43.0,39.3,35.9,30.1,13.1,6.4,17.1,10.5,3.9
2017-05-28 11:33:00+02:00,6.2,15.0,4.1,21.3,115.9,76.9,62.9,10.4,4.1,30.3,24.7,80.8,6.4,24.7,11.7,17.2,2.5,20.7,68.9,112.0,56.3,7.9,72.9,7.7,133.1,31.3,27.9,10.8,119.9,14.5,18.3,52.7,8.2,44.2,40.5,37.0,30.7,13.3,6.6,17.3,10.6,4.0
2017-05-28 11:34:00+02:00,6.3,15.3,4.2,21.9,120.6,80.4,66.0,12.0,4.2,31.3,25.3,84.4,8.0,26.8,12.0,17.7,3.9,22.6,72.2,116.5,59.2,8.1,76.4,8.0,138.2,32.2,28.7,11.1,124.6,16.2,18.8,55.4,8.4,45.9,42.0,38.4,31.7,13.8,6.8,17.9,11.0,4.2
2017-05-28 11:35:00+02:00,5.9,15.1,4.1,21.5,119.5,79.8,65.3,11.9,4.1,30.6,25.1,83.7,7.9,26.6,11.8,17.1,3.9,22.4,71.7,115.5,58.5,8.0,75.8,7.5,136.5,31.8,28.3,10.6,123.5,16.1,18.6,54.9,8.4,45.4,41.6,38.0,31.3,13.6,6.7,17.7,10.9,4.1
2017-05-28 11:36:00+02:00,5.9,14.9,4.1,21.4,119.0,79.4,64.9,11.8,4.1,30.4,25.0,83.3,7.8,26.4,11.8,17.1,3.9,22.3,71.3,115.0,58.2,8.0,75.4,7.5,135.0,31.8,28.1,10.6,123.0,16.0,18.5,54.6,8.3,44.4,40.6,37.0,31.2,13.6,6.7,17.6,10.8,4.1
2017-05-28 11:37:00+02:00,5.0,13.4,3.7,19.1,106.2,71.1,58.1,10.6,3.7,25.2,22.2,74.6,7.0,23.8,10.5,13.3,3.5,20.1,63.8,102.7,52.2,7.1,67.5,6.2,120.2,28.2,25.1,7.6,109.7,14.4,16.4,48.9,7.5,40.0,36.6,33.4,27.7,12.0,5.9,15.7,9.6,3.6
2017-05-28 11:38:00+02:00,4.4,12.3,3.4,17.6,97.4,65.3,53.3,9.7,3.4,23.6,20.3,68.5,6.4,21.9,9.7,12.8,3.2,18.4,58.6,94.1,48.0,6.5,62.0,5.3,110.9,25.8,23.1,7.5,100.4,13.2,15.0,45.0,6.9,36.6,33.5,30.6,25.2,11.0,5.4,14.3,8.9,3.3
2017-05-28 11:39:00+02:00,4.8,11.2,3.1,16.1,87.7,58.4,47.5,8.8,3.1,22.4,18.5,61.3,5.8,19.9,8.8,12.4,2.9,16.8,52.3,84.7,42.6,6.0,55.4,5.5,100.2,23.5,20.9,7.6,90.4,12.0,13.7,40.8,6.3,33.2,30.4,27.8,22.9,9.9,4.8,13.0,8.1,3.1
2017-05-28 11:40:00+02:00,5.7,13.0,3.6,18.6,103.2,68.8,56.0,10.2,3.6,27.1,21.7,72.2,6.8,23.1,10.3,15.4,3.4,19.5,61.6,99.7,50.3,7.0,65.2,6.8,118.2,27.6,24.2,9.7,106.6,13.9,16.1,47.3,7.2,39.0,35.7,32.6,26.8,11.6,5.6,15.2,9.5,3.6
2017-05-28 11:41:00+02:00,6.0,14.0,3.9,20.0,111.2,74.0,60.4,11.0,3.9,29.5,23.4,77.7,7.3,24.8,11.1,16.9,3.6,20.9,66.4,107.4,54.2,7.5,70.3,7.4,127.4,29.8,26.0,10.7,114.8,15.0,17.3,50.8,7.7,42.3,38.7,35.3,29.1,12.6,6.2,16.4,10.2,3.9
2017-05-28 11:42:00+02:00,6.1,14.1,3.9,20.2,112.7,75.0,61.2,11.3,3.9,29.9,23.8,78.7,7.5,25.2,11.2,17.1,3.7,21.3,67.3,108.9,54.9,7.6,71.2,7.5,129.1,30.2,26.3,10.9,116.3,15.3,17.7,51.5,7.7,42.9,39.2,35.8,29.5,12.8,6.3,16.6,10.3,3.9
2017-05-28 11:43:00+02:00,6.1,13.9,3.9,19.9,111.3,74.2,60.6,11.2,3.8,30.3,23.4,77.8,7.4,25.1,11.1,17.7,3.6,21.1,66.6,107.5,54.4,7.5,70.4,8.1,127.5,29.8,25.9,11.5,114.9,15.2,17.4,51.0,7.7,42.3,38.8,35.3,29.1,12.6,6.2,16.5,10.2,3.8
2017-05-28 11:44:00+02:00,6.2,14.2,4.0,20.2,113.0,75.2,61.4,11.4,3.9,32.3,23.8,79.0,7.5,25.4,11.3,19.5,3.7,21.5,67.5,109.2,55.2,7.7,71.4,9.8,129.4,30.3,26.3,13.3,116.7,15.4,17.7,51.7,7.8,43.1,39.5,36.0,29.7,12.9,6.4,16.8,10.4,3.9
2017-05-28 11:45:00+02:00,6.2,14.4,4.0,20.4,113.8,75.9,62.0,11.5,3.9,32.6,24.1,79.5,7.6,25.7,11.4,19.7,3.7,21.7,68.1,110.0,55.7,7.7,72.1,9.9,130.3,30.6,26.5,13.4,117.5,15.6,17.9,52.2,7.9,43.5,39.8,36.3,29.9,13.0,6.4,16.9,10.4,4.0
2017-05-28 11:46:00+02:00,6.3,14.5,4.0,20.6,113.3,76.3,62.3,11.6,3.9,32.7,24.1,78.9,7.7,25.8,11.5,19.8,3.8,21.8,68.5,109.5,56.1,7.8,72.5,10.0,129.6,30.7,26.8,13.4,117.0,15.7,17.9,52.6,7.9,43.6,39.9,36.4,30.0,13.0,6.4,17.0,10.5,4.0
2017-05-28 11:47:00+02:00,6.3,14.5,4.0,20.6,113.5,76.3,62.3,11.6,3.9,32.7,24.2,79.0,7.7,25.8,11.5,19.8,3.8,21.8,68.5,109.6,56.1,7.8,72.5,9.9,128.9,30.8,26.7,13.4,117.2,15.7,17.9,52.6,7.9,43.6,39.9,36.4,30.0,13.0,6.4,17.0,10.5,4.0
2017-05-28 11:48:00+02:00,6.0,14.4,4.0,20.5,112.2,75.3,61.6,11.5,3.9,32.2,24.1,77.9,7.6,25.6,11.4,19.4,3.7,21.6,67.7,108.3,55.3,7.7,71.4,9.7,127.2,30.5,26.5,13.2,115.8,15.5,17.8,52.1,7.9,43.2,39.6,36.1,29.8,12.9,6.4,16.8,10.4,3.9
2017-05-28 11:49:00+02:00,6.1,14.4,4.0,20.5,112.7,75.7,61.7,11.3,3.8,32.0,24.1,78.3,7.4,25.5,11.5,19.1,3.5,21.4,67.8,108.8,55.3,7.8,71.8,9.3,128.5,30.6,26.6,12.8,116.4,15.3,18.0,52.1,7.8,43.5,39.9,36.3,29.9,13.0,6.5,16.9,10.4,3.9
2017-05-28 11:50:00+02:00,6.1,14.4,4.0,20.5,112.3,75.5,61.5,11.2,3.8,29.8,24.0,78.1,7.3,25.3,11.5,17.2,3.5,21.3,67.6,108.4,55.1,7.8,71.6,7.5,127.3,30.5,26.6,11.0,116.0,15.2,18.0,51.9,7.8,43.4,39.7,36.2,29.8,13.0,6.5,16.8,10.4,3.9
2017-05-28 11:51:00+02:00,6.1,14.3,4.0,20.4,111.2,74.5,60.6,10.7,3.9,29.9,24.0,77.1,6.9,24.7,11.4,17.2,3.8,20.8,66.8,107.4,54.3,7.7,70.7,7.6,126.1,30.4,26.4,11.0,114.9,14.7,17.8,51.2,7.8,42.9,39.2,35.8,29.6,12.9,6.4,16.7,10.3,3.9
2017-05-28 11:52:00+02:00,6.3,14.6,4.0,20.8,113.7,76.3,62.1,11.7,4.0,30.6,24.5,78.9,7.7,26.0,11.6,17.7,3.9,22.0,68.4,109.8,55.6,7.9,72.4,7.8,129.0,31.0,27.0,11.3,117.5,15.7,18.1,53.0,8.0,43.9,40.1,36.6,30.2,13.1,6.5,17.1,10.5,4.0
2017-05-28 11:53:00+02:00,6.2,14.6,4.0,20.5,112.8,75.6,61.4,11.8,4.0,30.5,24.3,78.2,7.8,26.1,11.6,17.7,3.9,22.1,67.7,108.9,55.0,7.8,71.7,7.8,127.9,30.8,26.7,11.3,116.5,15.9,18.1,52.8,8.0,43.6,39.9,36.4,30.0,13.1,6.5,16.9,10.5,4.0
2017-05-28 11:54:00+02:00,6.3,14.7,4.1,21.0,113.9,75.7,61.4,11.9,4.0,31.0,24.7,78.8,7.9,26.3,11.7,17.9,4.0,22.2,67.7,110.0,54.9,7.9,71.7,8.0,129.1,31.3,26.3,11.5,117.7,16.0,18.3,52.6,8.1,44.2,40.5,36.8,30.4,13.3,6.6,17.2,10.6,4.0
2017-05-28 11:55:00+02:00,6.4,14.8,4.1,21.1,113.4,75.5,61.1,11.9,4.0,31.2,24.8,78.2,7.8,26.4,11.8,18.0,4.0,22.3,67.4,109.5,54.5,8.0,71.5,8.0,129.0,31.5,25.8,11.6,117.2,15.9,18.4,52.2,8.1,44.5,40.8,37.1,30.7,13.4,6.7,17.3,10.7,4.1
2017-05-28 11:56:00+02:00,6.3,14.7,4.1,21.0,111.3,73.5,59.1,11.6,4.0,31.0,24.7,76.2,7.6,26.1,11.7,17.9,4.0,22.0,65.5,107.4,52.6,7.9,69.5,8.0,127.8,31.4,25.7,11.5,115.1,15.7,18.4,51.8,8.1,44.3,40.6,37.0,30.5,13.3,6.6,17.2,10.7,4.0
2017-05-28 11:57:00+02:00,6.3,14.7,4.1,20.9,110.4,72.9,58.7,11.6,4.0,30.8,24.5,75.6,7.6,26.0,11.6,17.8,4.0,22.0,65.0,106.6,52.2,7.9,69.0,7.9,127.1,31.2,25.6,11.4,114.2,15.7,18.2,51.6,8.1,44.0,40.3,36.7,30.3,13.2,6.6,17.1,10.6,4.0
2017-05-28 11:58:00+02:00,6.3,14.6,4.1,20.8,110.8,73.2,59.0,11.9,4.0,30.9,24.5,75.9,7.9,26.3,11.6,17.8,4.0,22.3,65.3,106.9,52.5,7.8,69.3,8.0,127.5,31.2,25.5,11.5,114.6,16.0,18.2,51.8,8.1,44.0,40.3,36.7,30.3,13.2,6.6,17.1,10.6,4.0
2017-05-28 11:59:00+02:00,6.4,14.8,4.1,21.1,111.6,73.8,59.5,12.0,4.0,31.1,24.6,76.5,7.9,26.5,11.7,18.0,4.0,22.4,65.8,107.7,53.0,7.9,69.9,8.0,128.5,31.3,25.8,11.5,115.4,16.1,18.3,52.2,8.1,44.3,40.5,36.9,30.5,13.3,6.6,17.2,10.7,4.0
2017-05-28 12:00:00+02:00,5.9,14.9,4.1,21.3,113.3,74.6,60.1,12.0,4.1,31.0,24.9,77.9,8.0,26.6,11.8,17.7,4.0,22.5,66.6,109.4,53.5,7.9,70.6,7.6,130.4,31.7,26.1,11.2,117.2,16.2,18.5,52.7,8.2,44.9,41.0,37.4,30.9,13.5,6.7,17.4,10.8,4.1
2017-05-28 12:01:00+02:00,5.5,15.0,4.1,21.4,114.3,74.9,60.3,11.9,4.1,30.7,25.0,78.8,8.0,26.6,11.8,17.4,4.0,22.5,66.8,110.5,53.7,8.0,70.8,7.3,131.5,31.8,26.3,10.9,118.2,16.1,18.5,52.8,8.2,45.1,41.2,37.5,31.0,13.5,6.7,17.5,10.9,4.1
2017-05-28 12:02:00+02:00,5.9,15.1,4.1,21.5,114.9,75.3,60.7,12.0,4.1,31.5,25.1,79.2,8.1,26.7,11.9,18.1,4.1,22.6,67.2,111.0,54.0,8.0,71.2,7.9,132.1,31.9,26.3,11.5,118.8,16.1,18.6,53.0,8.2,45.3,41.5,37.7,31.2,13.6,6.8,17.6,10.9,4.1
2017-05-28 12:03:00+02:00,6.6,15.0,4.1,21.4,115.4,75.8,61.3,11.9,4.1,33.0,25.0,79.7,8.0,26.6,11.8,19.6,4.1,22.5,67.8,111.5,54.6,7.9,71.8,9.4,132.6,31.8,26.3,13.0,119.3,16.1,18.6,52.9,8.2,45.1,41.3,37.6,31.0,13.5,6.7,17.5,10.9,4.1
2017-05-28 12:04:00+02:00,6.6,15.0,4.1,21.4,117.2,77.5,62.9,11.9,4.1,33.1,25.1,81.4,8.0,26.6,11.9,19.6,4.0,22.5,69.4,113.2,56.1,8.0,73.4,9.4,134.4,32.0,26.3,13.0,121.1,16.0,18.7,52.9,8.2,45.1,41.3,37.5,31.0,13.5,6.7,17.4,10.8,4.0
2017-05-28 12:05:00+02:00,6.6,15.1,4.2,21.6,115.7,76.5,61.8,11.9,4.1,33.3,25.4,79.7,8.0,26.7,12.0,19.8,4.0,22.6,68.3,111.8,55.1,8.1,72.4,9.4,133.0,32.2,26.5,13.1,119.7,16.1,18.8,53.2,8.2,45.3,41.5,37.8,31.1,13.6,6.8,17.5,10.9,4.0
2017-05-28 12:06:00+02:00,6.6,15.1,4.2,21.6,116.2,76.6,61.9,12.0,4.0,33.4,25.5,80.0,8.0,26.8,12.1,19.8,4.0,22.6,68.4,112.2,55.1,8.2,72.5,9.5,133.5,32.4,26.5,13.2,120.2,16.1,19.0,53.3,8.2,44.5,40.6,36.9,31.2,13.6,6.8,17.6,10.9,4.0
2017-05-28 12:07:00+02:00,6.6,15.2,4.2,21.7,116.6,76.9,62.1,12.0,4.1,33.5,25.6,80.3,8.1,26.9,12.1,19.9,4.1,22.8,68.7,112.6,55.3,8.2,72.8,9.5,134.0,32.4,26.5,13.2,120.6,16.2,19.0,53.5,8.2,44.4,40.5,36.7,31.3,13.6,6.8,17.6,10.9,4.1
2017-05-28 12:08:00+02:00,6.7,15.2,4.2,21.8,115.8,76.2,61.5,12.0,4.1,33.6,25.7,79.4,8.1,27.0,12.2,20.0,4.0,22.8,68.0,111.8,54.6,8.2,72.1,9.6,133.2,32.6,25.8,13.3,119.8,16.2,19.1,52.8,8.3,44.1,40.3,36.5,30.9,13.2,6.3,17.7,11.0,4.1
2017-05-28 12:09:00+02:00,6.7,15.1,4.2,21.6,117.7,77.8,63.1,12.0,4.1,33.7,25.5,81.4,8.0,26.9,12.2,20.0,4.0,22.8,69.6,113.7,56.2,8.2,73.7,9.6,135.0,32.4,27.5,13.3,121.6,16.2,19.0,54.4,8.2,44.3,40.4,36.6,31.0,13.3,6.4,17.7,10.9,4.1
2017-05-28 12:10:00+02:00,6.6,15.1,4.2,21.6,118.1,78.4,63.7,12.0,4.1,33.4,25.5,82.0,8.0,26.9,12.1,19.9,4.0,22.8,70.2,114.1,56.9,8.2,74.3,9.5,135.4,32.3,28.2,13.2,122.0,16.1,18.9,55.1,8.2,45.3,41.4,37.7,31.1,13.5,6.7,17.6,10.9,4.1
2017-05-28 12:11:00+02:00,6.5,15.1,4.2,21.6,118.6,78.6,64.0,12.0,4.1,33.1,25.5,82.4,8.0,27.0,12.1,19.6,4.0,22.8,70.5,114.7,57.2,8.2,74.6,9.5,136.0,32.4,28.4,13.1,122.5,16.2,19.0,55.4,8.2,45.5,41.6,37.8,31.2,13.5,6.7,17.7,10.9,4.1
2017-05-28 12:12:00+02:00,6.6,15.1,4.2,21.7,119.1,78.9,64.1,12.0,4.1,33.0,25.6,82.7,8.1,27.1,12.2,19.4,4.1,22.9,70.7,115.0,57.3,8.2,74.9,9.6,136.5,32.5,28.4,13.2,123.0,16.2,19.0,55.5,8.2,45.6,41.6,37.9,31.3,13.6,6.7,17.7,10.9,4.1
2017-05-28 12:13:00+02:00,6.6,15.2,4.2,21.7,119.5,79.2,64.4,12.1,4.1,33.1,25.6,83.0,8.1,27.2,12.2,19.5,4.1,23.0,71.0,115.5,57.5,8.2,75.1,9.6,137.0,32.6,28.5,13.3,123.4,16.3,19.0,55.7,8.3,45.8,41.9,38.1,31.4,13.6,6.7,17.8,11.0,4.1
2017-05-28 12:14:00+02:00,6.5,15.2,4.2,21.8,119.5,79.3,64.5,12.0,4.1,33.2,25.6,83.1,8.1,27.0,12.2,19.6,4.1,22.9,71.1,115.5,57.6,8.2,75.3,9.5,137.0,32.5,28.6,13.2,123.4,16.2,19.0,55.7,8.3,45.4,41.5,37.7,31.4,13.6,6.7,17.8,11.0,4.1
2017-05-28 12:15:00+02:00,6.6,15.2,4.2,21.9,121.1,80.9,66.0,12.2,4.1,33.4,25.7,84.6,8.2,27.2,12.2,19.8,4.1,23.1,72.7,117.1,59.2,8.2,76.8,9.7,138.6,32.6,28.7,13.4,125.0,16.3,19.1,55.9,8.3,45.6,41.7,37.9,31.5,13.6,6.8,17.9,11.1,4.2
2017-05-28 12:16:00+02:00,6.6,15.3,4.2,22.0,120.2,79.8,64.9,12.4,4.1,33.4,25.8,83.6,8.2,27.4,12.2,19.8,4.1,23.3,71.6,116.2,58.1,8.3,75.7,9.8,137.8,32.7,28.8,13.5,124.1,16.6,19.1,56.2,8.3,45.5,41.6,37.8,31.6,13.7,6.8,17.9,11.1,4.2
2017-05-28 12:17:00+02:00,6.7,15.3,4.2,22.0,120.3,79.9,65.0,12.4,4.0,34.0,25.7,83.7,8.2,27.4,12.2,20.3,4.1,23.2,71.7,116.3,58.2,8.2,75.8,10.3,137.9,32.7,28.8,14.0,124.2,16.6,19.1,56.1,8.3,45.5,41.6,37.8,31.4,13.6,6.7,17.8,11.0,4.1
2017-05-28 12:18:00+02:00,6.7,15.3,4.2,21.9,121.1,80.7,65.8,12.3,4.0,33.2,25.7,84.6,8.1,27.2,12.2,19.6,4.1,23.1,72.5,117.1,58.9,8.2,76.6,10.4,138.2,32.6,28.8,13.2,125.0,16.4,19.1,56.0,8.3,45.4,41.4,37.6,31.5,13.6,6.7,17.8,11.0,4.1
2017-05-28 12:19:00+02:00,6.7,15.2,4.2,21.9,121.3,80.7,65.7,12.2,4.0,33.6,25.8,84.7,8.1,27.2,12.2,19.9,4.0,23.1,72.4,117.2,58.9,8.2,76.6,10.4,137.8,32.7,28.7,13.6,125.2,16.4,19.1,55.9,8.3,45.1,41.2,37.4,31.4,13.6,6.7,17.8,11.0,4.1
2017-05-28 12:20:00+02:00,6.7,15.2,4.2,21.9,121.3,80.6,65.7,12.3,4.0,34.4,25.8,84.6,8.1,27.2,12.3,20.7,4.1,23.1,72.3,117.2,58.8,8.2,76.5,10.6,138.7,32.7,28.7,14.3,125.2,16.4,19.2,55.9,8.3,45.1,41.2,37.5,31.4,13.6,6.7,17.8,11.0,4.1
2017-05-28 12:21:00+02:00,6.7,15.3,4.2,22.0,121.6,80.8,65.9,12.3,4.1,34.3,25.9,84.8,8.2,27.3,12.3,20.5,4.1,23.1,72.5,117.5,59.0,8.3,76.7,10.4,139.2,32.9,28.8,14.1,125.5,16.5,19.2,56.1,8.3,45.9,42.0,38.2,31.5,13.6,6.7,17.9,11.0,4.1
2017-05-28 12:22:00+02:00,6.7,15.4,4.2,22.1,122.5,81.6,66.6,12.3,4.1,33.2,26.0,85.6,8.2,27.4,12.3,19.4,4.1,23.3,73.3,118.5,59.6,8.3,77.5,10.5,140.2,33.0,29.0,13.0,126.5,16.5,19.3,56.4,8.3,46.3,42.4,38.5,31.7,13.7,6.8,18.0,11.1,4.1
2017-05-28 12:23:00+02:00,6.8,15.4,4.2,22.2,123.6,82.4,67.4,12.3,4.1,33.3,26.1,86.5,8.2,27.5,12.4,19.4,4.1,23.3,74.2,119.5,60.5,8.3,78.3,10.5,141.0,33.1,29.1,13.0,127.3,16.5,19.4,56.6,8.4,46.4,42.4,38.5,31.8,13.7,6.8,18.0,11.1,4.1
2017-05-28 12:24:00+02:00,6.8,15.4,4.2,22.2,123.2,82.2,67.2,12.3,4.1,33.4,26.1,86.1,8.2,27.5,12.4,19.5,4.1,23.2,73.9,119.1,60.3,8.3,78.1,10.5,140.7,33.1,29.1,13.0,127.0,16.5,19.3,56.5,8.4,46.2,42.2,38.3,31.6,13.7,6.8,17.8,10.9,4.0
2017-05-28 12:25:00+02:00,6.8,15.3,4.2,22.1,122.5,81.9,66.9,12.3,4.1,33.9,25.9,85.7,8.2,27.4,12.4,20.2,4.1,23.2,73.6,118.5,60.0,8.3,77.8,10.5,140.1,32.9,29.0,13.6,126.4,16.5,19.2,56.4,8.3,46.2,42.2,38.4,31.7,13.8,6.8,17.9,11.0,4.0
2017-05-28 12:26:00+02:00,6.8,15.3,4.2,22.2,123.2,82.1,67.1,12.4,4.1,34.9,26.1,86.1,8.2,27.6,12.4,21.1,4.1,23.4,73.9,119.1,60.2,8.3,78.0,10.6,140.8,33.1,29.1,14.3,127.0,16.6,19.3,56.7,8.3,45.8,41.8,37.9,32.0,13.8,6.9,18.1,11.2,4.2
2017-05-28 12:27:00+02:00,6.8,15.4,4.2,22.2,123.7,82.5,67.5,12.4,4.1,35.2,26.2,86.6,8.2,27.7,12.5,21.3,4.1,23.5,74.2,119.7,60.5,8.4,78.4,10.6,141.4,33.2,29.2,14.4,127.6,16.7,19.4,56.8,8.3,43.8,39.9,35.9,32.1,13.9,6.9,18.2,11.2,4.2
2017-05-28 12:28:00+02:00,6.8,15.3,4.2,22.1,123.1,82.0,67.0,12.4,4.1,34.9,26.0,86.1,8.2,27.6,12.4,21.1,4.1,23.4,73.8,119.0,60.1,8.3,77.9,10.5,140.6,33.1,29.1,14.2,126.9,16.6,19.3,56.6,8.3,44.2,40.2,36.3,31.9,13.9,6.9,18.1,11.2,4.1
2017-05-28 12:29:00+02:00,6.6,14.9,4.1,21.5,118.5,78.8,64.3,12.1,4.0,33.6,25.1,82.7,8.0,26.8,12.0,20.2,4.0,22.7,70.9,114.5,57.6,8.1,74.8,10.0,135.4,31.9,28.2,13.6,122.2,16.2,18.6,55.0,8.1,44.6,40.8,37.0,30.8,13.4,6.7,17.4,10.7,4.0
2017-05-28 12:30:00+02:00,6.8,15.2,4.2,22.1,122.0,81.1,66.1,12.3,4.1,34.8,26.0,85.1,8.2,27.4,12.3,20.9,4.1,23.3,72.9,118.0,59.2,8.3,77.0,10.3,139.5,33.0,29.0,14.0,125.9,16.5,19.2,56.5,8.2,46.2,42.2,38.3,31.8,13.8,6.9,18.0,11.1,4.1
2017-05-28 12:31:00+02:00,6.9,15.4,4.2,22.4,123.2,81.9,66.8,12.3,4.1,35.2,26.4,85.7,8.2,27.5,12.4,21.2,4.1,23.3,73.6,119.1,59.8,8.4,77.8,10.4,140.9,33.5,29.4,14.2,127.0,16.5,19.5,56.9,8.3,46.6,42.6,38.7,32.1,14.0,7.0,18.2,11.2,4.1
2017-05-28 12:32:00+02:00,6.9,15.5,4.3,22.5,123.8,82.3,67.2,12.3,4.1,35.4,26.5,86.1,8.2,27.6,12.5,21.3,4.2,23.4,74.1,119.7,60.2,8.4,78.2,10.5,141.6,33.7,29.6,14.3,127.7,16.5,19.6,57.2,8.4,47.1,43.1,39.1,32.3,14.0,7.0,18.2,11.2,4.1
2017-05-28 12:33:00+02:00,6.7,14.8,4.1,21.5,119.1,79.4,64.9,11.8,3.9,33.8,25.4,83.0,7.9,26.5,12.0,20.4,4.0,22.5,71.5,115.1,58.1,8.1,75.5,10.0,136.0,32.2,28.2,13.7,122.8,15.9,18.7,54.7,7.9,44.9,41.0,37.2,30.8,13.4,6.7,17.4,10.7,3.9
2017-05-28 12:34:00+02:00,6.9,15.3,4.2,22.1,122.7,81.7,66.8,12.2,4.1,34.8,26.2,85.5,8.2,27.2,12.3,20.8,4.1,23.1,73.7,118.6,59.8,8.3,77.7,10.1,140.4,33.2,29.1,13.9,126.7,16.3,19.3,56.3,8.2,46.0,42.0,38.0,31.8,13.9,6.9,17.9,10.9,3.9
2017-05-28 12:35:00+02:00,7.1,15.6,4.3,22.7,125.6,83.8,68.5,12.4,4.2,35.8,26.7,87.6,8.3,27.9,12.4,21.5,4.2,23.6,75.5,121.4,61.3,8.2,79.7,10.4,143.7,33.9,29.9,14.3,129.6,16.7,19.6,57.7,8.4,47.4,43.3,39.2,32.5,14.2,7.1,18.3,11.1,3.9
2017-05-28 12:36:00+02:00,6.8,15.1,4.2,21.9,121.0,80.9,66.2,12.0,4.1,34.4,25.5,84.6,8.1,27.0,11.7,20.7,4.1,22.9,72.9,116.9,59.2,7.6,77.0,10.0,138.4,32.4,28.8,13.8,124.8,16.1,18.7,55.8,8.1,46.0,42.1,38.2,31.4,13.7,6.8,17.7,10.8,3.8
2017-05-28 12:37:00+02:00,5.9,13.3,3.7,19.2,106.0,71.2,58.3,10.6,3.6,29.6,22.2,74.3,7.1,23.9,10.2,17.9,3.7,20.3,64.2,102.5,52.2,6.7,67.8,8.6,121.1,28.3,25.3,11.9,109.4,14.3,16.3,49.2,7.2,40.1,36.7,33.3,27.4,11.9,5.9,15.5,9.5,3.4
2017-05-28 12:38:00+02:00,6.4,14.1,3.9,20.4,112.7,75.4,61.7,11.2,3.8,32.2,23.7,78.8,7.5,25.2,10.9,19.6,3.8,21.4,68.0,108.9,55.2,7.1,71.8,9.7,127.8,30.2,26.8,13.1,115.1,15.0,17.3,52.0,7.6,42.9,39.2,35.5,29.3,12.8,6.3,16.5,10.1,3.6
2017-05-28 12:39:00+02:00,6.6,14.5,4.0,21.0,116.9,78.2,63.8,11.6,3.8,33.7,24.6,81.7,7.7,26.1,11.3,20.5,3.9,22.1,70.4,112.9,57.1,7.4,74.3,10.2,132.6,31.3,27.7,13.8,119.3,15.5,18.0,53.8,7.7,44.6,40.7,36.9,30.4,13.3,6.6,17.2,10.5,3.8
2017-05-28 12:40:00+02:00,6.6,14.4,4.0,20.9,116.2,77.8,63.5,11.5,3.8,33.6,24.5,81.3,7.7,25.9,11.2,20.5,3.9,22.0,70.0,112.4,56.9,7.3,73.9,10.2,131.8,31.2,27.6,13.8,118.6,15.4,17.9,53.5,7.7,44.3,40.5,36.7,30.3,13.2,6.6,17.0,10.4,3.7
2017-05-28 12:41:00+02:00,6.9,15.1,4.2,21.9,121.8,81.6,66.6,12.0,4.0,35.4,25.6,85.4,8.1,27.2,11.6,21.6,4.1,23.1,73.5,117.9,59.7,7.6,77.5,10.8,138.2,32.6,28.9,14.6,124.3,16.2,18.6,56.1,8.1,46.6,42.5,38.6,31.8,14.0,6.9,17.8,10.8,3.9
2017-05-28 12:42:00+02:00,7.0,15.3,4.2,22.1,122.5,82.0,67.0,12.1,4.1,35.6,25.7,85.8,8.2,27.3,11.7,21.7,4.1,23.1,73.9,118.5,60.0,7.7,78.0,10.8,140.4,32.8,29.2,14.6,126.5,16.3,18.7,56.5,8.2,46.9,42.8,38.8,32.0,14.1,7.0,17.9,10.9,4.0
2017-05-28 12:43:00+02:00,6.9,15.0,4.1,21.7,119.7,80.1,65.3,11.9,4.0,34.8,25.2,83.8,8.0,26.8,11.5,21.2,4.1,22.7,72.1,115.8,58.5,7.5,76.1,10.5,137.1,32.1,28.6,14.3,123.6,16.0,18.4,55.4,8.1,45.9,41.9,38.0,31.3,13.7,6.8,17.6,10.7,3.9
2017-05-28 12:44:00+02:00,6.2,13.7,3.8,19.9,108.6,72.6,59.1,10.9,3.6,31.6,23.0,75.9,7.4,24.6,10.5,19.4,3.7,20.8,65.3,105.0,52.9,6.9,68.9,9.6,124.3,29.2,26.2,13.1,112.1,14.7,16.8,50.8,7.4,41.7,38.1,34.5,28.5,12.5,6.2,16.0,9.7,3.5
2017-05-28 12:45:00+02:00,6.7,14.5,4.0,21.1,115.6,77.1,62.7,11.5,3.8,33.6,24.6,80.6,7.7,26.0,11.2,20.5,3.9,22.0,69.3,111.7,56.0,7.4,73.2,10.0,132.5,31.3,27.8,13.7,119.4,15.5,18.0,53.8,7.8,44.7,40.8,36.9,30.4,13.3,6.6,17.1,10.4,3.8
2017-05-28 12:46:00+02:00,6.7,14.6,4.1,21.2,117.3,78.2,63.8,11.5,3.9,33.2,24.7,82.0,7.7,26.0,11.3,20.0,3.9,22.0,70.4,113.4,57.1,7.4,74.3,9.5,134.4,31.5,28.0,13.2,121.1,15.5,18.1,54.0,7.8,44.9,41.0,37.2,30.6,13.4,6.7,17.1,10.4,3.8
2017-05-28 12:47:00+02:00,6.6,14.4,4.0,21.0,115.6,77.5,63.2,11.3,3.8,32.9,24.4,80.8,7.6,25.8,11.2,19.8,3.9,21.9,69.8,111.7,56.6,7.3,73.7,9.4,132.4,31.0,27.7,13.1,119.4,15.3,17.8,53.5,7.8,44.2,40.4,36.6,30.1,13.2,6.6,16.9,10.3,3.7
2017-05-28 12:48:00+02:00,6.9,15.1,4.2,22.0,120.4,80.6,65.6,12.0,4.0,35.4,25.5,83.9,8.1,27.1,11.6,21.5,4.2,23.0,72.5,116.3,58.9,7.6,76.5,10.6,138.0,32.5,29.0,14.5,124.2,16.1,18.6,56.2,8.1,46.3,42.5,38.5,31.7,13.9,6.9,17.8,10.8,3.8
2017-05-28 12:49:00+02:00,7.1,15.5,4.3,22.6,123.1,82.3,67.0,12.2,4.1,36.3,26.0,85.9,8.2,27.7,11.7,22.2,4.2,23.5,74.0,118.9,60.4,7.6,78.2,11.0,141.1,33.2,29.8,15.0,127.0,16.4,18.9,57.5,8.4,47.4,43.4,39.4,32.4,14.2,7.1,18.1,11.0,3.8
2017-05-28 12:50:00+02:00,7.1,15.5,4.3,22.7,124.0,82.4,67.1,12.2,4.2,36.3,26.4,86.3,8.2,27.7,12.2,22.2,4.2,23.5,74.1,119.8,60.5,8.1,78.3,11.0,141.9,33.6,29.8,15.0,127.9,16.5,19.4,57.6,8.4,47.4,43.4,39.4,32.4,14.2,7.1,18.2,11.1,3.9
2017-05-28 12:51:00+02:00,7.1,15.7,4.3,22.8,123.3,83.0,67.6,12.3,4.2,36.5,27.0,85.1,8.3,27.9,12.7,22.3,4.2,23.7,74.7,119.1,60.9,8.5,78.9,11.1,141.2,34.2,30.0,15.1,127.2,16.6,20.0,57.9,8.5,47.7,43.7,39.6,32.6,14.3,7.1,18.4,11.2,4.0
2017-05-28 12:52:00+02:00,7.1,15.5,4.3,22.7,122.4,82.4,67.1,12.2,4.2,35.1,26.9,84.4,8.2,27.6,12.6,21.0,4.2,23.5,74.2,118.2,60.4,8.5,78.3,9.9,140.1,34.0,29.8,13.9,126.1,16.5,19.8,57.5,8.4,47.2,43.3,39.3,32.4,14.1,7.1,18.2,11.1,4.0
2017-05-28 12:53:00+02:00,7.0,15.5,4.3,22.6,121.9,82.0,66.8,12.2,4.2,35.0,26.8,84.1,8.3,27.5,12.6,21.0,4.2,23.4,73.9,117.8,60.2,8.5,77.9,9.9,139.3,33.9,29.7,13.9,125.4,16.5,19.8,57.3,8.4,47.1,43.2,39.2,32.3,14.1,7.0,18.2,11.1,4.0
2017-05-28 12:54:00+02:00,6.9,15.3,4.2,22.3,120.1,80.9,65.9,12.1,4.1,33.9,26.4,82.9,8.2,27.2,12.4,20.1,4.1,23.1,72.8,116.1,59.3,8.3,76.9,9.2,137.0,33.4,29.3,13.1,123.4,16.3,19.5,56.5,8.3,46.4,42.5,38.6,31.8,13.9,6.9,17.9,10.9,3.9
2017-05-28 12:55:00+02:00,6.9,15.3,4.2,22.3,120.4,81.1,66.0,12.1,4.1,33.6,26.4,83.0,8.2,27.2,12.4,19.7,4.1,23.2,73.0,116.3,59.5,8.4,77.0,8.7,137.7,33.5,29.4,12.7,124.0,16.3,19.5,56.6,8.3,46.5,42.7,38.7,31.9,14.0,7.0,17.9,10.9,3.9
2017-05-28 12:56:00+02:00,7.0,15.5,4.2,22.3,121.3,81.5,66.4,12.2,4.2,33.7,26.7,83.5,8.2,27.4,12.6,19.6,4.2,23.3,73.4,117.2,59.7,8.4,77.5,8.5,137.3,33.9,29.4,12.5,125.0,16.4,19.7,56.8,8.4,47.0,43.2,39.1,32.2,14.1,7.1,18.1,11.1,4.0
2017-05-28 12:57:00+02:00,7.1,14.8,4.3,21.3,121.4,81.2,65.9,12.3,3.4,34.7,27.0,83.3,8.3,27.7,12.7,20.5,4.2,23.6,73.0,117.3,59.2,8.5,77.1,9.2,137.2,34.2,28.5,13.3,125.1,16.6,19.9,56.2,7.6,47.6,43.7,39.6,32.6,14.3,7.1,18.4,11.2,4.1
2017-05-28 12:58:00+02:00,7.1,14.5,4.2,21.2,120.7,80.7,65.5,12.2,3.2,34.5,26.9,82.8,8.3,27.6,12.6,20.5,4.2,23.5,72.6,116.6,58.8,8.5,76.7,9.3,136.3,34.0,28.4,13.4,124.3,16.5,19.8,55.9,7.4,46.3,42.4,38.3,31.4,13.2,6.1,18.2,11.1,4.0
2017-05-28 12:59:00+02:00,7.1,14.4,4.2,21.1,119.9,80.3,65.2,12.1,3.1,34.3,26.6,82.3,8.2,27.4,12.5,20.3,4.2,23.3,72.2,115.8,58.5,8.4,76.3,9.2,136.3,33.7,28.3,13.2,123.5,16.3,19.6,55.6,7.3,46.5,42.7,38.7,31.8,13.7,6.7,18.1,11.1,4.0
2017-05-28 13:00:00+02:00,7.1,14.4,4.2,21.4,121.0,81.1,65.8,12.3,3.1,35.3,26.7,83.2,8.4,27.6,12.6,21.1,4.2,23.5,72.9,116.9,59.1,8.4,77.0,10.0,137.8,33.9,28.6,14.0,124.7,16.5,19.7,56.2,7.3,47.2,43.3,39.3,32.4,14.2,7.1,18.2,11.1,4.0
2017-05-28 13:01:00+02:00,7.2,14.6,4.3,20.9,122.0,81.0,65.6,12.3,3.2,35.7,27.0,83.8,8.5,27.7,12.7,21.4,4.2,23.6,72.7,117.8,58.8,8.5,76.9,10.1,139.0,34.2,28.1,14.2,125.6,16.5,19.9,55.9,7.4,47.7,43.8,39.7,32.7,14.3,7.1,18.4,11.2,4.1
2017-05-28 13:02:00+02:00,7.0,15.1,4.2,21.0,120.2,80.0,64.9,11.9,3.9,35.1,26.5,82.7,8.2,27.1,12.5,21.1,4.2,23.0,71.9,116.2,58.3,8.4,76.0,10.0,136.9,33.6,28.1,14.0,123.8,16.1,19.6,55.2,8.1,46.9,42.9,38.9,32.1,14.0,7.0,18.0,11.0,4.0
2017-05-28 13:03:00+02:00,7.1,15.4,4.2,21.4,122.8,82.0,66.7,11.8,4.0,36.3,26.8,84.8,7.9,27.2,12.6,22.1,4.2,23.0,73.8,118.6,59.8,8.4,77.9,10.8,140.3,34.0,28.6,14.9,126.4,16.0,19.7,55.8,8.3,47.8,43.7,39.6,32.6,14.3,7.1,18.3,11.2,4.1
2017-05-28 13:04:00+02:00,7.1,15.4,4.2,21.5,123.0,82.0,66.8,11.7,4.0,36.4,26.9,84.9,7.9,27.2,12.6,22.1,4.2,23.0,73.9,118.9,59.8,8.5,78.0,10.8,140.5,34.1,28.7,14.9,126.7,16.0,19.8,55.8,8.3,47.9,43.8,39.6,32.7,14.3,7.1,18.4,11.3,4.1
2017-05-28 13:05:00+02:00,7.0,15.2,4.2,21.9,122.1,81.8,66.7,11.8,4.0,35.8,26.5,84.5,8.0,27.0,12.4,21.8,4.1,22.9,73.7,118.0,59.9,8.3,77.7,10.6,139.1,33.6,29.0,14.6,125.6,16.0,19.6,56.0,8.2,46.8,42.8,38.7,31.9,14.0,7.0,17.8,10.8,3.8
2017-05-28 13:06:00+02:00,6.5,14.1,3.9,20.5,113.2,76.0,62.0,11.0,3.7,32.8,24.6,78.5,7.7,25.1,11.5,20.0,3.8,21.3,68.5,109.4,55.8,7.8,72.2,9.7,128.9,31.1,27.1,13.4,116.5,14.9,18.1,52.2,7.6,42.9,39.2,35.5,29.1,12.9,6.4,16.1,9.7,3.2
2017-05-28 13:07:00+02:00,7.1,15.2,4.2,22.2,123.2,82.6,67.4,12.0,4.0,36.0,26.7,85.4,8.3,27.3,12.5,21.9,4.1,23.2,74.5,119.1,60.6,8.4,78.5,10.7,140.5,33.8,29.3,14.7,126.8,16.1,19.6,56.6,8.2,46.8,42.8,38.8,31.7,14.1,7.0,17.6,10.6,3.6
2017-05-28 13:08:00+02:00,7.2,15.4,4.2,22.4,124.5,83.5,68.2,12.1,4.0,36.4,27.0,86.3,8.3,27.7,12.6,22.1,4.1,23.5,75.3,120.3,61.3,8.4,79.3,10.8,141.8,34.2,29.6,14.9,128.0,16.3,19.8,57.3,8.3,47.8,43.7,39.6,32.5,14.2,7.1,18.3,11.2,4.1
2017-05-28 13:09:00+02:00,6.7,14.5,4.0,21.1,117.0,78.6,64.2,11.5,3.8,34.0,25.3,81.2,7.8,26.1,11.9,20.7,3.9,22.2,70.9,113.1,57.8,8.0,74.7,10.1,133.3,32.1,27.9,13.9,120.4,15.5,18.6,54.0,7.8,44.7,40.8,37.0,30.4,13.3,6.6,17.1,10.5,3.8
2017-05-28 13:10:00+02:00,7.0,14.9,4.2,21.7,121.6,81.5,66.5,11.9,3.9,35.6,26.4,84.2,8.1,27.0,12.4,21.6,4.1,23.0,73.5,117.6,59.7,8.3,77.4,10.6,139.0,33.5,28.8,14.5,125.4,16.1,19.4,55.9,7.9,46.7,42.6,38.7,31.7,13.8,6.9,17.9,11.0,4.0
2017-05-28 13:11:00+02:00,7.1,15.0,4.2,21.0,122.3,81.6,66.4,12.1,4.0,36.1,26.8,84.4,8.2,27.4,12.5,21.9,4.1,23.3,73.5,118.2,59.6,8.4,77.5,10.7,139.6,33.9,28.3,14.7,126.0,16.3,19.7,55.7,8.0,47.4,43.2,39.2,32.2,14.0,7.0,18.1,11.2,4.1
2017-05-28 13:12:00+02:00,7.1,15.1,4.2,21.2,123.1,82.1,66.8,12.1,4.0,36.2,26.9,85.1,8.3,27.5,12.6,22.0,4.1,23.4,73.9,119.1,59.9,8.4,78.0,10.8,140.6,34.1,28.5,14.8,126.9,16.3,19.8,56.0,8.1,47.5,43.4,39.3,32.3,14.1,7.0,18.2,11.2,4.0
2017-05-28 13:13:00+02:00,7.1,15.3,4.2,22.0,124.5,82.9,67.6,12.2,4.1,36.3,26.9,86.5,8.3,27.6,12.6,22.0,4.2,23.4,74.7,120.5,60.7,8.4,78.8,10.8,142.0,34.1,29.2,14.8,128.3,16.4,19.8,56.8,8.2,47.5,43.4,39.3,32.3,14.1,7.0,18.2,11.1,4.0
2017-05-28 13:14:00+02:00,7.0,15.1,4.2,21.4,122.5,81.5,66.4,12.0,4.0,35.7,26.5,85.0,8.2,27.2,12.4,21.7,4.1,23.2,73.4,118.5,59.6,8.3,77.4,10.6,139.6,33.6,28.5,14.6,126.2,16.2,19.5,55.7,8.2,46.9,42.8,38.8,31.8,13.9,6.9,17.9,11.0,4.0
2017-05-28 13:15:00+02:00,6.9,14.9,4.1,20.7,119.4,79.0,64.1,11.6,4.0,35.2,26.1,82.4,7.8,26.6,12.3,21.4,4.1,22.6,71.0,115.4,57.4,8.2,75.0,10.4,136.2,33.1,26.9,14.4,123.0,15.7,19.3,53.5,8.1,46.2,42.2,38.3,31.4,13.7,6.8,17.7,10.9,3.9
2017-05-28 13:16:00+02:00,6.7,14.6,4.0,20.2,116.8,77.7,63.3,11.3,3.9,34.3,25.5,80.8,7.6,26.0,12.0,20.8,4.0,22.1,70.1,113.0,56.8,8.0,73.9,10.2,133.3,32.3,27.1,14.0,120.4,15.3,18.8,53.1,7.9,45.1,41.1,37.3,30.6,13.3,6.6,17.3,10.6,3.8
2017-05-28 13:17:00+02:00,6.8,14.7,4.1,20.3,118.3,78.2,63.9,11.4,3.9,34.8,25.8,81.9,7.7,26.2,12.1,21.1,4.0,22.3,70.7,114.4,57.3,8.1,74.6,10.4,135.0,32.7,27.3,14.2,122.0,15.4,19.0,53.5,7.9,45.6,41.5,37.6,30.9,13.5,6.7,17.4,10.7,3.8
2017-05-28 13:18:00+02:00,6.8,14.6,4.1,20.2,117.2,77.1,62.9,11.4,3.9,34.9,25.7,80.9,7.6,26.1,12.1,21.3,4.0,22.2,69.7,113.3,56.2,8.1,73.5,10.6,133.8,32.6,27.1,14.4,120.8,15.4,18.9,53.2,7.9,44.9,40.9,37.0,30.8,13.4,6.7,17.3,10.7,3.8
2017-05-28 13:19:00+02:00,6.9,14.9,4.1,20.7,120.5,79.6,65.0,11.5,4.0,35.7,26.3,83.4,7.7,26.5,12.3,21.8,4.0,22.5,72.0,116.6,58.2,8.2,75.9,10.8,137.4,33.3,27.7,14.8,124.2,15.6,19.3,54.2,8.1,45.7,41.6,37.6,31.3,13.7,6.8,17.7,10.8,3.8
2017-05-28 13:20:00+02:00,5.5,12.0,3.3,16.4,94.5,62.2,51.4,9.2,3.2,28.1,20.9,65.1,6.2,21.3,9.9,17.2,3.2,18.1,56.7,91.4,46.0,6.6,59.8,8.5,107.5,26.5,22.0,11.6,97.2,12.5,15.4,43.3,6.5,36.1,32.8,29.7,24.8,10.8,5.3,13.9,8.5,3.0
2017-05-28 13:21:00+02:00,6.4,13.8,3.9,19.0,109.4,72.1,59.8,10.7,3.7,33.1,24.4,74.9,7.1,24.6,11.4,20.1,3.7,20.9,66.0,105.7,53.5,7.7,69.7,10.0,124.8,30.9,25.5,13.6,112.6,14.5,18.0,50.1,7.4,42.7,38.9,35.1,28.9,12.6,6.2,16.3,10.0,3.5
2017-05-28 13:22:00+02:00,7.1,14.9,4.2,20.7,119.0,78.4,64.8,11.7,4.0,35.8,26.4,81.6,7.7,26.8,12.4,21.6,4.0,22.7,71.6,114.9,58.0,8.3,75.6,10.5,135.4,33.4,27.8,14.4,122.2,15.8,19.4,54.5,8.1,46.6,42.4,38.3,31.5,13.7,6.8,17.7,10.8,3.8
2017-05-28 13:23:00+02:00,6.9,14.7,4.1,20.4,118.4,78.5,64.3,11.5,3.9,35.5,25.9,81.7,7.7,26.4,12.2,21.6,4.0,22.4,71.0,114.4,57.6,8.2,74.9,10.7,134.9,32.9,27.3,14.6,121.9,15.6,19.0,53.7,7.9,44.9,40.8,36.8,30.1,13.5,6.7,16.6,10.6,3.7
2017-05-28 13:24:00+02:00,6.8,14.5,4.0,20.0,116.5,77.3,63.3,11.4,3.8,34.9,25.5,80.4,7.5,26.0,12.0,21.3,3.9,22.1,69.8,112.6,56.7,8.1,73.7,10.5,133.0,32.3,26.8,14.4,120.3,15.3,18.8,52.8,7.8,43.8,39.8,35.8,29.2,13.0,6.3,16.2,10.5,3.8
2017-05-28 13:25:00+02:00,6.7,14.2,4.0,20.2,115.9,76.5,62.7,11.2,3.8,33.7,25.2,80.3,7.4,25.6,11.9,20.3,3.9,21.8,69.2,112.1,56.2,8.0,73.0,9.7,132.2,31.9,26.9,13.6,119.6,15.1,18.5,52.5,7.7,42.8,38.9,35.0,28.4,12.1,5.5,16.3,10.4,3.7
2017-05-28 13:26:00+02:00,6.8,13.7,4.1,20.3,117.6,77.3,63.2,11.4,3.0,35.0,25.8,81.1,7.6,26.1,12.1,21.3,4.0,22.2,69.8,113.6,56.6,8.1,73.7,10.4,134.1,32.7,27.1,14.3,121.4,15.4,19.0,53.2,6.9,43.7,39.7,35.7,29.0,12.4,5.6,16.6,10.6,3.8
2017-05-28 13:27:00+02:00,6.9,14.7,4.1,21.5,119.3,79.1,65.4,11.6,3.8,35.7,26.2,82.2,7.7,26.5,12.3,21.7,4.0,22.5,72.1,115.3,58.7,8.2,76.1,10.8,136.1,33.2,28.4,14.7,123.1,15.6,19.3,54.9,7.8,44.1,40.0,35.9,29.1,12.6,5.7,16.5,10.8,3.8
2017-05-28 13:28:00+02:00,7.0,15.0,4.2,21.8,119.6,79.1,65.7,11.7,4.0,36.0,26.4,82.3,7.8,26.7,12.4,22.0,4.1,22.7,72.4,115.6,58.9,8.3,76.4,10.8,136.6,33.4,28.8,14.8,123.5,15.7,19.4,55.5,8.0,44.7,40.7,36.6,29.7,12.8,5.8,16.9,10.9,3.9
2017-05-28 13:29:00+02:00,6.2,13.5,3.7,19.4,107.3,71.4,59.1,10.4,3.6,31.9,23.5,74.1,7.0,23.9,11.1,19.4,3.7,20.3,65.1,103.7,53.1,7.4,68.6,9.5,122.3,29.8,25.6,13.1,110.8,14.1,17.4,49.5,7.2,40.4,36.8,33.2,27.1,11.3,5.1,15.8,9.7,3.5
2017-05-28 13:30:00+02:00,6.1,13.1,3.6,18.8,105.2,69.8,57.4,10.0,3.5,31.1,23.0,72.6,6.7,23.2,10.9,18.9,3.6,19.6,63.3,101.6,51.6,7.3,66.7,9.2,119.8,29.1,25.0,12.7,108.5,13.6,17.0,48.1,7.0,39.2,35.6,32.0,26.1,11.0,4.9,15.0,9.5,3.4
2017-05-28 13:31:00+02:00,6.2,13.4,3.7,19.2,108.0,71.2,58.5,10.1,3.6,32.0,23.5,74.7,6.8,23.5,11.1,19.5,3.6,19.9,64.4,104.3,52.4,7.4,68.0,9.6,122.8,29.8,25.5,13.1,111.4,13.7,17.3,49.0,7.2,39.5,35.9,32.2,26.1,11.3,5.1,14.8,9.8,3.5
2017-05-28 13:32:00+02:00,6.4,13.6,3.8,19.5,109.7,72.1,59.0,10.3,3.6,32.6,24.1,75.7,6.9,23.9,11.3,19.8,3.7,20.3,65.1,106.0,52.9,7.6,68.7,9.8,124.9,30.5,25.9,13.4,113.2,14.0,17.7,49.8,7.3,41.0,37.2,33.5,27.3,11.5,5.2,15.7,10.0,3.6
2017-05-28 13:33:00+02:00,6.7,14.3,4.0,20.6,114.4,74.9,61.1,10.8,3.8,34.7,25.3,78.6,7.3,25.2,11.8,21.2,3.9,21.3,67.5,110.5,54.4,7.9,71.3,10.6,130.7,32.1,27.3,14.4,118.1,14.7,18.6,52.5,7.7,43.7,39.8,35.9,29.3,12.2,5.5,17.1,10.5,3.7
2017-05-28 13:34:00+02:00,6.9,14.5,4.0,21.0,116.0,75.8,61.7,10.4,3.9,35.4,25.7,79.6,6.8,25.0,12.0,21.6,3.3,21.1,68.3,112.0,54.9,8.0,72.2,10.8,132.6,32.6,27.8,14.7,119.8,14.3,18.8,52.8,7.7,44.6,40.6,36.6,29.9,12.5,5.7,17.5,10.7,3.8
2017-05-28 13:35:00+02:00,6.6,14.2,3.9,20.4,111.8,72.9,59.5,9.8,3.8,34.2,24.9,76.6,6.3,23.9,11.6,20.9,2.9,20.1,65.6,108.0,52.9,7.7,69.4,10.4,127.9,31.6,27.1,14.2,115.5,13.6,18.2,51.0,7.5,43.1,39.3,35.4,29.0,12.1,5.5,16.9,10.4,3.7
2017-05-28 13:36:00+02:00,7.0,14.6,4.1,21.2,118.0,77.2,63.2,11.1,3.9,36.0,26.2,81.0,7.4,25.9,12.1,22.0,3.8,21.9,69.5,114.0,56.2,8.1,73.5,11.0,135.0,33.2,28.2,14.9,121.9,15.0,19.1,54.0,7.9,45.5,41.5,37.4,30.6,12.8,5.9,17.8,10.9,3.9
2017-05-28 13:37:00+02:00,6.6,13.9,3.9,20.2,112.6,73.5,60.3,10.7,3.7,34.2,25.0,77.2,7.1,24.8,11.6,20.9,3.8,21.1,66.4,108.7,53.6,7.8,70.1,10.5,128.6,31.7,26.8,14.2,116.3,14.5,18.3,51.6,7.5,43.4,39.5,35.7,29.2,12.2,5.6,17.0,10.4,3.8
2017-05-28 13:38:00+02:00,7.1,14.8,4.1,21.6,120.6,78.8,64.4,11.4,4.0,36.7,26.7,82.8,7.6,26.4,12.4,22.5,4.0,22.5,71.0,116.5,57.3,8.3,75.0,11.2,137.9,33.9,28.7,15.2,124.6,15.4,19.6,55.1,8.0,46.5,42.4,38.3,31.3,13.1,6.0,18.2,11.1,4.0
2017-05-28 13:39:00+02:00,6.6,13.9,3.9,20.2,111.6,73.4,60.1,10.6,3.8,34.1,24.2,77.1,7.1,24.7,11.6,20.9,3.8,21.0,66.2,107.8,53.5,7.8,69.9,10.4,127.6,30.9,26.9,14.2,115.3,14.4,18.3,51.5,7.5,43.5,39.6,35.8,29.3,12.3,5.7,17.0,10.4,3.7
2017-05-28 13:40:00+02:00,6.2,13.0,3.6,19.0,104.8,69.0,56.5,9.9,3.5,32.2,22.7,72.4,6.6,23.2,11.0,19.7,3.6,19.7,62.2,101.2,50.2,7.3,65.7,9.8,119.9,29.0,25.3,13.3,108.3,13.5,17.2,48.5,7.0,41.5,37.9,34.3,28.1,12.1,5.9,16.0,9.8,3.5
2017-05-28 13:41:00+02:00,5.5,11.4,3.2,16.6,91.6,59.7,49.1,8.5,3.1,28.1,20.6,62.6,5.7,20.1,9.5,17.1,3.1,17.1,53.9,88.5,43.6,6.4,56.9,8.5,105.1,26.1,22.2,11.6,94.6,11.6,15.1,42.3,6.0,36.3,33.1,30.0,24.7,10.7,5.2,14.0,8.5,3.0
2017-05-28 13:42:00+02:00,5.4,11.1,3.1,16.2,89.6,58.2,47.9,8.2,3.0,27.7,20.2,61.1,5.5,19.5,9.4,16.9,2.9,16.6,52.5,86.6,42.4,6.3,55.5,8.4,102.9,25.7,21.6,11.4,92.6,11.2,14.8,41.1,5.6,35.7,32.5,29.5,24.2,10.5,5.1,13.7,8.3,2.9
2017-05-28 13:43:00+02:00,6.3,13.0,3.7,18.9,105.4,68.5,56.2,9.7,3.5,32.6,23.7,71.9,6.5,22.9,11.0,19.9,3.4,19.4,61.7,101.8,49.8,7.3,65.2,9.9,121.2,30.0,25.2,13.5,109.0,13.2,17.3,48.1,6.7,41.7,38.0,34.4,28.2,12.3,6.0,15.9,9.7,3.4
2017-05-28 13:44:00+02:00,6.6,13.6,3.8,20.0,110.7,72.6,59.8,10.1,3.6,33.7,24.5,76.1,6.8,23.7,11.3,20.6,3.6,20.2,65.5,107.1,53.2,7.6,69.2,10.3,127.0,31.0,26.6,13.9,114.4,13.7,17.9,50.3,7.1,43.1,39.3,35.6,29.2,12.7,6.2,16.5,10.0,3.5
2017-05-28 13:45:00+02:00,6.5,13.5,3.8,19.4,110.2,72.3,59.5,10.3,3.6,33.4,24.3,75.9,7.0,23.9,11.3,20.4,3.5,20.4,65.4,106.6,53.0,7.5,69.0,10.1,126.3,30.8,26.0,13.8,113.9,14.0,17.8,49.9,7.1,42.2,38.5,34.8,28.4,12.1,5.6,16.4,9.9,3.5
2017-05-28 13:46:00+02:00,6.0,12.4,3.4,18.0,99.6,66.7,54.9,9.6,3.3,30.5,22.1,68.3,6.5,22.1,10.3,18.6,3.2,18.8,60.4,96.3,48.9,6.9,63.6,9.3,114.3,28.1,24.0,12.6,102.9,12.9,16.2,46.1,6.5,38.0,34.6,31.2,25.4,10.4,4.4,15.0,9.1,3.2
2017-05-28 13:47:00+02:00,5.4,11.2,3.1,16.5,89.4,60.3,49.5,8.5,2.9,27.4,19.7,61.4,5.8,19.8,9.2,16.7,2.9,16.9,54.5,86.5,44.0,6.1,57.4,8.3,102.6,25.2,22.0,11.2,92.4,11.5,14.6,41.8,5.8,34.1,31.0,28.0,22.8,9.1,3.7,13.6,8.3,2.9
2017-05-28 13:48:00+02:00,5.6,11.7,3.2,17.3,93.8,62.3,51.0,8.9,3.1,28.6,20.7,64.3,6.1,20.7,9.6,17.4,3.0,17.6,56.3,90.6,45.3,6.4,59.2,8.5,107.7,26.4,23.0,11.6,96.9,12.0,15.3,43.7,6.1,36.1,32.8,29.7,24.2,9.9,4.2,14.3,8.7,3.0
2017-05-28 13:49:00+02:00,6.5,13.4,3.7,19.1,108.1,71.0,58.0,10.4,3.5,33.0,24.0,74.0,7.1,23.8,11.1,20.1,3.6,20.3,64.2,104.4,51.5,7.4,67.4,9.9,124.2,30.5,25.6,13.5,111.7,13.9,17.6,49.4,7.0,41.7,37.9,34.2,27.9,11.5,5.1,16.4,10.0,3.5
2017-05-28 13:50:00+02:00,6.5,13.6,3.8,19.5,109.4,72.1,58.9,10.5,3.6,33.3,24.2,75.0,7.2,24.1,11.1,20.3,3.6,20.6,65.3,105.6,52.4,7.5,68.4,10.0,125.7,30.8,26.1,13.7,113.0,14.1,17.7,50.2,7.1,42.2,38.4,34.7,28.3,11.8,5.3,16.5,10.1,3.5
2017-05-28 13:51:00+02:00,6.5,13.6,3.8,19.3,108.5,71.8,58.7,10.5,3.6,33.2,24.1,74.3,7.2,24.0,11.1,20.2,3.6,20.6,65.0,104.8,52.2,7.5,68.2,9.9,124.7,30.7,25.9,13.6,112.2,14.1,17.6,49.9,7.1,41.0,37.2,33.5,27.1,10.7,4.2,16.4,10.1,3.5
2017-05-28 13:52:00+02:00,6.8,14.2,3.9,20.9,115.4,76.3,62.4,11.1,3.8,35.1,25.3,79.5,7.5,25.3,11.6,21.4,3.8,21.7,69.1,111.5,55.5,7.9,72.4,10.5,132.5,32.2,27.8,14.4,119.3,14.8,18.6,53.1,7.5,44.6,40.6,36.8,30.0,12.8,6.0,17.3,10.6,3.7
2017-05-28 13:53:00+02:00,6.5,13.5,3.7,19.5,108.5,71.6,58.5,10.5,3.6,33.2,23.9,74.6,7.2,24.1,11.0,20.2,3.6,20.6,64.9,104.9,52.0,7.4,68.0,9.9,124.5,30.4,25.7,13.6,112.1,14.1,17.6,49.8,7.1,41.4,37.6,33.9,27.6,11.2,4.7,16.4,10.0,3.5
2017-05-28 13:54:00+02:00,6.0,12.5,3.4,17.9,99.7,65.7,53.6,9.7,3.3,30.5,22.1,68.3,6.6,22.3,10.1,18.5,3.3,19.0,59.5,96.3,47.6,6.9,62.3,9.1,114.3,28.1,23.4,12.5,102.9,13.0,16.2,45.7,6.5,38.8,35.4,32.0,26.2,11.0,5.0,15.2,9.2,3.2
2017-05-28 13:55:00+02:00,5.6,10.9,3.3,16.3,93.5,61.5,50.1,9.0,3.1,28.8,21.0,64.3,6.1,21.0,9.6,17.5,3.1,17.9,55.7,90.8,44.4,6.5,58.3,8.6,107.3,26.6,21.7,11.7,96.5,12.1,15.4,42.7,5.2,37.6,34.3,31.1,25.5,11.2,5.6,14.4,8.7,3.0
2017-05-28 13:56:00+02:00,5.5,9.8,3.2,15.0,89.4,58.1,47.0,7.7,3.0,28.3,20.6,60.9,4.9,19.4,9.5,17.2,3.1,16.4,52.4,86.9,41.4,6.4,55.0,8.4,103.1,26.2,20.3,11.5,92.4,10.8,15.1,39.7,4.3,36.9,33.7,30.5,25.1,11.0,5.5,14.1,8.6,3.0
2017-05-28 13:57:00+02:00,5.7,10.1,3.3,15.6,92.6,60.3,48.8,8.1,3.1,28.9,21.3,63.2,5.1,20.1,9.8,17.5,3.2,17.0,54.4,90.1,43.0,6.6,57.1,8.5,107.0,27.0,21.1,11.6,95.8,11.2,15.6,41.2,4.4,38.1,34.7,31.4,25.8,11.3,5.6,14.5,8.8,3.0
2017-05-28 13:58:00+02:00,6.0,10.6,3.5,16.0,97.1,63.0,50.8,8.5,3.2,30.0,22.3,65.9,5.4,21.0,10.3,18.0,3.4,17.8,56.7,94.0,44.8,6.9,59.6,8.6,112.1,28.3,21.8,11.9,100.4,11.8,16.3,42.9,4.6,39.8,36.3,32.9,27.0,11.8,5.9,15.1,9.2,3.2
2017-05-28 13:59:00+02:00,6.2,11.2,3.6,16.8,100.0,65.3,52.8,8.8,3.3,31.0,23.0,67.9,5.6,21.7,10.6,18.7,3.5,18.4,58.8,96.9,46.6,7.1,61.8,8.9,115.5,29.1,22.8,12.3,103.5,12.2,16.9,44.6,5.2,40.3,36.7,33.1,27.1,11.5,5.4,15.6,9.5,3.3
2017-05-28 14:00:00+02:00,6.2,10.9,3.6,16.7,99.7,64.7,52.2,8.3,3.3,31.0,22.9,67.5,5.2,21.2,10.6,18.7,3.5,17.9,58.2,96.5,46.0,7.1,61.2,8.9,115.1,29.1,22.7,12.4,103.2,11.7,16.9,43.9,4.8,40.8,37.2,33.7,27.7,12.0,5.9,15.6,9.5,3.3
2017-05-28 14:01:00+02:00,6.4,11.3,3.7,16.6,102.8,66.5,53.7,9.2,3.4,31.8,23.6,69.7,6.2,22.5,10.9,19.2,3.6,19.0,59.8,99.5,47.3,7.3,63.0,9.2,118.7,30.0,22.7,12.8,106.4,12.6,17.3,45.1,5.0,41.7,37.9,34.3,28.1,12.1,5.8,16.0,9.8,3.4
2017-05-28 14:02:00+02:00,6.4,11.3,3.7,16.0,102.4,66.1,53.2,9.3,3.4,32.1,23.7,69.3,6.4,22.7,11.0,19.3,3.6,19.2,59.4,99.2,46.8,7.4,62.5,9.2,118.3,30.0,22.1,12.8,106.0,12.8,17.4,44.8,5.1,41.5,37.8,34.1,28.0,11.9,5.6,16.1,9.8,3.4
2017-05-28 14:03:00+02:00,6.9,12.2,3.9,17.4,109.6,70.3,56.4,10.0,3.7,35.1,25.4,73.9,6.8,24.4,11.8,21.3,3.8,20.7,63.1,106.0,49.6,7.9,66.5,10.4,126.6,32.2,24.0,14.3,113.4,13.8,18.6,48.3,5.6,44.4,40.5,36.6,30.0,12.7,6.0,17.2,10.5,3.7
2017-05-28 14:04:00+02:00,6.6,12.9,3.8,18.6,109.1,71.1,57.4,9.9,3.6,34.0,24.6,74.6,6.7,23.8,11.5,20.6,3.7,20.2,63.9,105.7,50.8,7.7,67.3,10.1,125.6,31.3,25.0,13.8,112.8,13.6,18.1,48.8,6.4,43.2,39.3,35.5,29.1,12.2,5.6,16.9,10.4,3.7
2017-05-28 14:05:00+02:00,6.3,11.6,3.7,17.7,104.8,67.8,54.5,8.8,3.5,32.8,24.0,71.1,5.7,22.3,11.2,19.9,3.6,18.8,60.8,101.3,48.1,7.5,64.2,9.7,120.9,30.4,23.9,13.3,108.4,12.4,17.6,46.2,5.3,42.1,38.4,34.7,28.5,12.0,5.6,16.5,10.1,3.6
2017-05-28 14:06:00+02:00,6.4,12.8,3.7,19.0,104.8,68.2,54.9,8.6,3.5,32.8,23.9,71.4,5.5,22.1,11.2,19.9,3.6,18.6,61.2,101.5,48.5,7.5,64.6,9.7,120.9,30.2,25.1,13.3,108.5,12.2,17.6,47.2,6.5,42.6,38.8,35.1,28.9,12.6,6.2,16.4,10.0,3.6
2017-05-28 14:07:00+02:00,6.4,12.7,3.7,18.8,107.1,70.1,56.7,9.5,3.5,32.6,23.9,73.5,6.4,22.9,11.2,19.7,3.6,19.4,63.0,103.7,50.4,7.5,66.5,9.5,123.1,30.3,24.8,13.2,110.7,13.1,17.6,47.7,6.4,42.4,38.7,34.9,28.8,12.5,6.2,16.3,10.0,3.6
2017-05-28 14:08:00+02:00,6.6,13.0,3.8,19.2,110.1,72.0,58.3,9.8,3.5,33.6,24.6,75.5,6.6,23.5,11.5,20.4,3.7,20.0,64.8,106.5,51.7,7.7,68.3,9.9,126.4,31.1,25.4,13.7,113.7,13.5,18.1,48.9,6.6,43.4,39.5,35.7,29.4,12.7,6.2,16.6,10.3,3.7
2017-05-28 14:09:00+02:00,6.4,12.7,3.7,18.8,107.9,70.7,57.2,9.7,3.5,32.7,24.1,74.0,6.6,23.1,11.3,19.7,3.6,19.6,63.6,104.4,50.8,7.5,67.0,9.5,123.8,30.6,24.9,13.2,111.4,13.3,17.7,48.0,6.4,42.4,38.7,34.9,28.7,12.5,6.2,16.2,10.0,3.6
2017-05-28 14:10:00+02:00,4.4,8.2,2.6,11.8,72.3,46.9,37.8,6.4,2.4,22.1,16.6,49.1,4.4,15.8,7.7,13.3,2.4,13.4,42.2,70.0,33.3,5.1,44.5,6.3,83.0,21.1,16.0,8.7,74.6,8.9,12.2,31.7,3.7,29.2,26.7,24.2,20.0,8.8,4.4,11.1,6.8,2.3
2017-05-28 14:11:00+02:00,4.0,6.0,2.4,9.9,65.1,41.6,33.1,5.2,2.2,20.4,15.4,43.4,3.4,13.8,7.1,12.1,2.3,11.6,37.2,62.9,29.0,4.7,39.3,5.6,75.1,19.6,13.7,7.9,67.2,7.5,11.3,27.5,1.9,27.3,24.9,22.5,18.6,8.3,4.1,10.4,6.3,2.1
2017-05-28 14:12:00+02:00,4.6,6.7,2.7,11.0,74.2,47.8,38.0,6.6,2.4,23.6,17.5,49.5,4.5,16.3,8.1,14.2,2.6,13.8,42.7,71.6,33.4,5.4,45.2,6.8,84.6,22.2,15.4,9.4,76.7,9.2,12.8,31.7,2.0,31.1,28.3,25.6,21.1,9.3,4.6,11.8,7.1,2.4
2017-05-28 14:13:00+02:00,5.9,10.4,3.5,16.0,98.7,64.4,51.8,9.4,3.1,30.5,22.4,66.9,6.5,21.7,10.5,18.4,3.3,18.5,57.7,95.3,45.8,7.0,60.9,8.9,113.5,28.4,21.6,12.4,102.0,12.6,16.5,43.3,4.6,39.7,36.1,32.6,26.8,11.7,5.8,15.1,9.1,3.2
2017-05-28 14:14:00+02:00,5.9,10.8,3.5,16.5,99.2,64.7,52.0,9.4,3.2,30.7,22.6,67.2,6.6,21.9,10.5,18.6,3.4,18.7,58.0,95.7,46.1,7.0,61.2,9.0,113.9,28.6,22.1,12.6,102.5,12.7,16.6,44.0,4.9,39.8,36.2,32.7,26.9,11.7,5.8,15.2,9.2,3.2
2017-05-28 14:15:00+02:00,5.7,10.0,3.4,15.5,95.1,61.6,49.4,8.5,3.0,29.2,21.7,64.3,5.8,20.5,10.1,17.7,3.2,17.4,55.2,91.8,43.7,6.8,58.3,8.5,109.1,27.5,20.9,11.9,98.2,11.7,16.0,41.4,4.3,38.3,34.8,31.4,25.9,11.3,5.6,14.6,8.8,3.1
2017-05-28 14:16:00+02:00,5.7,10.6,3.4,16.2,96.2,62.4,50.3,8.4,3.0,29.3,21.6,65.6,5.5,20.3,10.1,17.7,3.2,17.2,56.0,92.9,44.6,6.8,59.1,8.6,110.2,27.4,21.5,12.0,99.4,11.5,15.9,41.8,4.9,38.2,34.8,31.4,25.8,11.2,5.6,14.6,8.9,3.1
2017-05-28 14:17:00+02:00,5.7,10.6,3.4,16.2,97.3,63.4,51.3,8.8,3.1,29.6,21.7,66.6,6.0,20.8,10.2,18.0,3.2,17.7,57.0,94.0,45.6,6.8,60.1,9.0,111.2,27.5,21.6,12.3,100.5,12.0,16.0,42.3,5.0,38.2,34.8,31.4,25.9,11.3,5.6,14.6,8.9,3.1
2017-05-28 14:18:00+02:00,5.9,10.8,3.4,16.5,99.1,64.5,52.1,8.9,3.2,30.3,22.1,67.7,6.0,21.1,10.4,18.4,3.3,17.9,58.0,95.7,46.2,6.9,61.1,9.1,113.2,28.0,22.0,12.5,102.3,12.1,16.3,43.1,5.0,39.0,35.5,32.0,26.3,11.4,5.6,14.9,9.1,3.2
2017-05-28 14:19:00+02:00,5.7,10.6,3.3,16.2,96.1,62.5,50.5,8.5,3.1,29.2,21.4,65.7,5.7,20.3,10.0,17.8,3.1,17.3,56.2,92.8,44.9,6.7,59.3,8.8,109.0,27.2,21.5,12.1,99.2,11.6,15.7,41.8,5.0,37.9,34.5,31.1,25.7,11.1,5.5,14.5,8.8,3.2
2017-05-28 14:20:00+02:00,6.1,11.1,3.5,17.0,101.9,66.2,53.5,9.0,3.3,31.1,22.8,69.6,6.0,21.6,10.6,19.0,3.3,18.3,59.5,98.4,47.4,7.1,62.7,9.4,115.6,28.9,22.7,12.9,105.3,12.3,16.7,44.2,5.2,40.2,36.6,33.0,27.2,11.8,5.8,15.4,9.4,3.3
2017-05-28 14:21:00+02:00,6.2,11.6,3.6,17.6,104.6,67.9,54.8,8.9,3.4,31.8,23.4,71.4,5.8,21.8,11.0,19.5,3.5,18.5,61.0,101.0,48.6,7.3,64.3,9.7,119.2,29.7,23.5,13.3,108.0,12.3,17.2,45.3,5.5,41.2,37.4,33.8,27.8,12.1,6.0,15.7,9.6,3.4
2017-05-28 14:22:00+02:00,6.3,12.2,3.7,18.3,106.9,69.9,56.7,9.7,3.4,32.4,23.7,73.4,6.5,22.8,11.1,19.7,3.5,19.4,62.9,103.3,50.4,7.4,66.3,9.8,121.8,30.0,24.2,13.4,110.4,13.1,17.4,47.0,6.1,41.6,37.8,34.1,28.0,12.2,6.0,15.8,9.7,3.5
2017-05-28 14:23:00+02:00,6.3,11.9,3.7,18.1,106.9,69.8,56.5,9.8,3.4,32.6,23.8,73.4,6.6,23.0,11.1,19.9,3.6,19.6,62.8,103.4,50.2,7.4,66.2,9.8,121.6,30.1,23.8,13.6,110.2,13.2,17.5,46.8,5.8,41.8,38.0,34.3,28.2,12.3,6.1,15.9,9.8,3.5
2017-05-28 14:24:00+02:00,6.1,11.7,3.6,17.8,104.0,67.8,54.7,9.6,3.4,31.8,23.2,71.3,6.5,22.4,10.9,19.4,3.5,19.2,60.9,100.6,48.6,7.3,64.2,9.4,118.4,29.4,22.8,13.1,107.2,12.9,17.1,45.2,5.7,41.0,37.3,33.6,27.6,12.0,6.0,15.6,9.6,3.4
2017-05-28 14:25:00+02:00,6.2,11.3,3.7,17.5,104.1,67.4,54.2,9.9,3.4,30.9,23.4,70.9,6.7,22.8,11.1,18.4,3.5,19.5,60.4,100.5,48.0,7.4,63.8,8.3,118.8,29.7,21.8,12.0,107.2,13.3,17.3,44.6,5.3,41.5,37.7,34.0,27.9,12.1,6.1,15.8,9.7,3.4
2017-05-28 14:26:00+02:00,5.8,10.3,3.5,16.1,98.3,64.0,51.5,9.6,3.2,29.8,21.9,67.3,6.7,21.9,10.5,18.0,3.3,18.7,57.4,95.0,45.6,7.0,60.5,8.6,111.0,27.8,20.5,12.1,101.3,12.9,16.3,42.4,4.5,39.3,35.7,32.2,26.4,11.5,5.7,14.9,9.1,3.2
2017-05-28 14:27:00+02:00,5.6,10.7,3.3,16.0,95.0,61.9,50.1,9.1,3.1,28.7,21.1,65.1,6.3,20.8,10.0,17.5,3.1,17.8,55.7,91.8,44.4,6.6,58.7,8.7,106.6,26.8,20.6,11.9,97.8,12.2,15.6,41.5,5.1,37.5,34.0,30.7,25.2,11.0,5.5,14.2,8.7,3.1
2017-05-28 14:28:00+02:00,5.4,10.6,3.2,14.8,91.4,59.2,47.6,8.9,3.0,28.1,20.6,62.3,6.2,20.3,9.8,17.2,3.1,17.4,53.1,88.3,42.1,6.5,56.0,8.5,102.6,26.1,19.0,11.7,94.1,11.9,15.3,39.3,5.1,36.6,33.2,29.9,24.5,10.8,5.4,13.8,8.5,3.0
2017-05-28 14:29:00+02:00,5.2,10.1,3.1,14.8,88.0,57.1,46.0,8.5,2.8,26.9,19.7,60.1,5.9,19.4,9.4,16.5,2.9,16.7,51.3,85.0,40.7,6.2,54.1,8.2,98.6,25.0,18.4,11.2,90.5,11.3,14.6,37.8,4.9,35.1,31.9,28.8,23.6,10.3,5.1,13.2,8.2,2.9
2017-05-28 14:30:00+02:00,5.3,10.1,3.1,15.3,89.0,57.8,46.6,8.5,2.9,27.1,19.9,60.8,5.9,19.4,9.4,16.6,2.9,16.7,51.9,85.9,41.3,6.3,54.8,8.2,99.7,25.2,19.1,11.3,91.5,11.3,14.7,38.5,4.9,35.4,32.1,28.9,23.7,10.4,5.2,13.3,8.2,2.9
2017-05-28 14:31:00+02:00,4.8,9.1,2.8,13.9,81.5,52.9,42.6,7.7,2.5,24.8,18.3,55.6,5.3,17.8,8.6,15.2,2.7,15.2,47.5,78.7,37.7,5.7,50.1,7.5,91.1,23.2,17.4,10.3,83.7,10.4,13.5,35.2,4.3,32.5,29.5,26.6,21.8,9.6,4.8,12.2,7.6,2.7
2017-05-28 14:32:00+02:00,4.4,8.3,2.6,12.7,74.9,48.8,39.4,7.0,2.4,22.6,16.7,51.2,4.8,16.2,7.8,13.8,2.4,13.8,43.8,72.3,34.9,5.2,46.2,6.8,83.2,21.2,16.4,9.4,76.7,9.4,12.2,32.6,3.9,29.7,27.0,24.4,20.0,8.8,4.4,11.2,6.9,2.4
2017-05-28 14:33:00+02:00,4.6,8.7,2.7,13.2,78.8,51.4,41.6,7.3,2.5,23.5,17.5,54.0,5.1,16.9,8.2,14.2,2.5,14.5,46.2,76.1,36.9,5.5,48.6,6.9,87.8,22.2,17.4,9.6,80.8,9.8,12.9,34.2,4.1,31.1,28.3,25.5,21.0,9.2,4.6,11.8,7.3,2.6
2017-05-28 14:34:00+02:00,5.1,9.4,3.0,14.3,85.2,55.2,45.3,8.1,2.6,25.9,19.2,58.0,5.7,18.5,9.0,15.7,2.8,15.9,50.4,82.2,40.2,6.0,52.2,7.6,95.4,24.3,18.8,10.6,87.6,10.9,14.1,37.3,4.4,34.0,30.9,27.8,22.8,10.0,5.0,12.9,7.9,2.8
2017-05-28 14:35:00+02:00,5.3,10.0,3.1,15.2,89.1,57.8,47.3,8.2,2.8,27.0,20.0,60.8,5.7,19.1,9.5,16.4,2.7,16.4,52.5,86.0,42.0,6.3,54.6,8.0,99.9,25.3,19.9,11.1,91.7,11.1,14.7,39.0,4.8,35.3,32.1,28.9,23.7,10.4,5.2,13.4,8.2,2.9
2017-05-28 14:36:00+02:00,5.8,10.7,3.4,16.4,98.2,63.7,52.0,9.4,3.1,29.9,22.1,67.0,6.5,21.4,10.5,18.2,3.2,18.3,57.8,94.8,46.3,7.0,60.2,8.9,110.4,27.9,21.6,12.4,101.2,12.5,16.2,42.9,5.0,38.8,35.2,31.6,26.0,11.3,5.6,14.7,9.0,3.2
2017-05-28 14:37:00+02:00,6.2,11.4,3.6,17.5,104.1,67.6,55.4,9.9,3.3,31.8,23.4,71.1,6.8,22.7,11.2,19.3,3.4,19.5,61.5,100.6,49.2,7.4,63.9,9.5,117.2,29.6,23.0,13.2,107.4,13.2,17.3,45.7,5.4,41.0,37.2,33.5,27.5,11.9,5.9,15.6,9.6,3.5
2017-05-28 14:38:00+02:00,6.4,12.5,3.8,18.7,107.8,70.0,58.1,10.4,3.4,32.9,24.1,73.6,7.3,23.6,11.5,20.0,3.7,20.3,64.4,104.0,51.7,7.6,66.2,9.8,121.9,30.5,24.4,13.6,111.0,13.9,17.8,48.1,6.4,42.3,38.4,34.5,28.3,12.3,6.1,16.1,9.9,3.6
2017-05-28 14:39:00+02:00,6.5,13.1,3.8,19.5,110.6,72.0,59.6,10.3,3.5,33.7,24.7,75.7,7.6,23.9,11.8,20.5,3.9,20.5,66.1,106.8,53.1,7.8,68.1,10.0,125.3,31.2,25.5,14.0,113.9,13.9,18.3,49.4,6.8,42.5,38.4,34.5,28.2,12.5,6.3,15.6,10.0,3.7
2017-05-28 14:40:00+02:00,5.8,11.7,3.5,17.5,99.5,64.7,53.9,9.7,3.2,30.0,22.3,68.0,6.8,21.9,10.7,18.2,3.5,18.8,59.7,96.1,48.0,7.1,61.3,8.9,112.4,28.1,22.8,12.4,102.4,12.9,16.5,44.6,6.0,38.6,35.0,31.4,25.7,11.4,5.7,14.3,9.0,3.3
2017-05-28 14:41:00+02:00,6.6,13.2,3.9,19.9,113.4,74.0,60.7,10.5,3.6,34.5,25.2,77.8,7.7,24.4,12.0,21.0,4.0,20.9,67.3,109.5,54.1,8.0,70.0,10.4,127.9,31.8,25.9,14.3,116.6,14.2,18.6,50.3,6.9,44.3,40.2,36.1,29.6,12.8,6.4,16.8,10.3,3.7
2017-05-28 14:42:00+02:00,6.7,13.5,4.0,20.4,114.2,74.1,60.2,11.0,3.7,35.3,25.7,78.0,7.9,25.2,12.2,21.6,4.0,21.6,67.0,110.2,53.5,8.2,70.1,10.7,129.7,32.4,26.5,14.7,117.4,14.7,19.0,51.7,7.1,45.1,40.9,36.7,30.1,13.0,6.5,17.1,10.5,3.8
2017-05-28 14:43:00+02:00,6.7,13.5,4.0,20.4,113.2,73.3,59.5,10.9,3.7,35.3,25.6,77.2,7.9,25.1,12.2,21.6,4.1,21.5,66.3,109.3,52.8,8.2,69.3,10.7,126.8,32.3,25.9,14.7,116.4,14.6,19.0,51.0,7.1,45.0,40.8,36.8,30.1,13.0,6.5,17.1,10.5,3.8
2017-05-28 14:44:00+02:00,6.7,13.4,4.0,20.2,111.6,72.2,58.4,10.8,3.7,34.9,25.4,75.9,7.8,24.9,12.1,21.4,4.0,21.3,65.1,107.8,51.7,8.1,68.2,10.6,126.2,32.0,25.1,14.6,114.8,14.5,18.8,49.9,7.1,44.6,40.4,36.4,29.9,12.9,6.5,17.0,10.4,3.8
2017-05-28 14:45:00+02:00,6.9,13.8,4.1,20.7,114.4,73.9,60.1,11.2,3.8,35.9,26.0,77.8,8.0,25.6,12.4,22.0,4.1,22.0,67.0,110.4,53.3,8.2,69.8,10.9,128.9,32.8,25.8,15.0,117.8,14.9,19.2,51.4,7.3,45.7,41.4,37.3,30.5,13.2,6.6,17.4,10.6,3.8
2017-05-28 14:46:00+02:00,6.7,13.5,4.0,20.3,111.1,71.4,58.8,11.4,3.7,35.1,25.5,75.2,7.9,25.5,12.2,21.5,4.0,22.0,65.2,107.1,52.1,8.1,67.4,10.6,126.6,32.1,24.8,14.7,114.3,15.1,18.9,50.3,7.1,44.5,40.3,36.2,29.7,12.8,6.4,16.9,10.3,3.7
2017-05-28 14:47:00+02:00,5.6,11.6,3.4,17.3,94.6,60.7,49.4,9.7,3.1,29.7,21.8,64.0,6.7,21.7,10.5,18.2,3.5,18.7,55.1,91.2,43.7,7.0,57.3,9.0,106.4,27.4,20.4,12.4,97.1,12.9,16.1,42.1,6.0,37.9,34.5,30.9,25.4,11.0,5.4,14.4,8.8,3.2
2017-05-28 14:48:00+02:00,5.4,11.1,3.3,16.6,93.0,60.3,49.0,9.3,3.0,28.7,21.0,63.5,6.5,20.9,10.1,17.6,3.3,18.0,54.5,89.8,43.5,6.7,57.0,8.7,104.7,26.4,20.1,12.0,94.9,12.4,15.6,40.9,5.8,36.6,33.2,29.8,24.5,10.6,5.2,13.9,8.5,3.0
2017-05-28 14:49:00+02:00,5.2,10.7,3.2,15.9,90.1,58.6,47.3,8.9,2.9,27.6,20.3,61.6,6.2,19.9,9.8,17.0,3.2,17.2,52.6,87.0,42.0,6.5,55.4,8.4,99.9,25.6,19.6,11.6,92.3,11.8,15.1,39.5,5.6,35.3,32.0,28.6,23.5,10.2,5.0,13.3,8.1,2.9
2017-05-28 14:50:00+02:00,6.4,12.8,3.8,19.2,108.9,70.8,57.5,10.8,3.5,33.2,24.5,74.5,7.5,24.1,11.8,20.2,3.8,20.8,63.5,105.2,51.2,7.8,66.9,9.8,122.3,30.8,23.9,13.7,111.4,14.2,18.1,47.9,6.8,42.4,38.4,34.4,28.2,12.2,6.0,16.0,9.8,3.5
2017-05-28 14:51:00+02:00,6.6,13.3,4.0,19.9,112.9,73.5,59.7,11.2,3.6,34.4,25.4,77.3,7.7,25.0,12.2,20.9,4.0,21.6,65.9,109.0,53.2,8.1,69.4,10.1,126.1,31.9,24.8,14.2,115.5,14.8,18.8,49.8,7.0,41.9,37.8,33.8,29.0,12.6,6.2,16.4,10.2,3.7
2017-05-28 14:52:00+02:00,6.6,13.3,3.9,19.9,113.0,73.7,59.7,11.1,3.6,34.4,25.3,77.5,7.7,25.0,12.1,21.0,3.9,21.6,66.3,109.2,53.2,8.1,69.7,10.3,128.5,31.8,24.8,14.3,116.2,14.8,18.7,49.8,7.0,41.4,37.3,33.3,28.8,12.6,6.2,16.2,10.1,3.6
2017-05-28 14:53:00+02:00,6.6,13.3,3.9,19.9,113.2,73.8,59.9,11.1,3.6,34.4,25.3,77.6,7.7,25.0,12.1,21.0,3.9,21.6,66.5,109.3,53.4,8.1,69.8,10.2,126.5,31.8,24.9,14.2,114.3,14.8,18.7,49.9,7.0,41.7,37.6,33.5,29.1,12.6,6.2,16.5,10.2,3.6
2017-05-28 14:54:00+02:00,6.6,13.4,4.0,20.2,114.7,75.0,61.0,11.2,3.7,33.4,25.5,78.8,7.8,25.3,12.2,19.9,4.0,21.8,67.6,110.8,54.4,8.1,70.9,9.6,127.9,32.1,25.7,13.6,115.5,14.9,18.9,51.0,7.1,41.9,37.9,33.8,29.3,12.7,6.3,16.6,10.2,3.7
2017-05-28 14:55:00+02:00,6.5,12.9,3.9,19.5,111.1,72.4,58.6,10.3,3.6,32.1,25.0,76.1,7.7,24.0,12.0,18.9,4.0,20.6,65.1,107.4,52.2,8.0,68.4,9.3,123.4,31.4,24.9,13.3,111.9,13.8,18.5,48.8,6.7,41.0,37.0,33.0,28.7,12.4,6.2,16.2,10.0,3.6
2017-05-28 14:56:00+02:00,6.6,12.9,3.9,19.6,111.7,72.8,58.8,10.7,3.6,33.4,25.4,76.6,7.8,24.4,12.2,20.1,4.0,20.9,65.4,108.4,52.3,8.1,68.8,9.5,124.0,31.9,24.5,13.5,112.5,14.1,18.8,48.9,6.6,42.2,38.2,34.1,29.0,12.6,6.3,16.4,10.2,3.6
2017-05-28 14:57:00+02:00,6.3,12.2,3.8,18.6,106.3,69.0,55.6,9.8,3.4,32.6,24.3,72.7,7.1,22.9,11.7,19.9,3.5,19.6,61.9,103.1,49.4,7.8,65.2,9.8,118.0,30.5,23.2,13.7,106.9,13.1,18.0,46.1,6.2,40.8,36.9,33.0,27.6,12.1,6.0,15.5,9.6,3.5
2017-05-28 14:58:00+02:00,6.5,12.7,3.9,19.3,111.2,72.2,58.2,10.5,3.5,34.0,25.1,75.9,7.5,24.0,12.1,20.9,3.8,20.6,64.7,107.4,51.7,8.0,68.2,10.4,124.0,31.5,24.4,14.4,112.0,13.8,18.6,48.4,6.4,42.4,38.3,34.3,28.4,12.4,6.2,16.0,9.9,3.6
2017-05-28 14:59:00+02:00,6.4,12.5,3.9,19.0,110.3,71.7,58.0,10.4,3.5,33.5,24.8,75.5,7.6,23.6,11.9,20.6,3.9,20.3,64.5,106.5,51.7,7.9,67.8,10.3,122.9,31.1,24.7,14.3,111.0,13.6,18.4,48.4,6.4,42.0,38.0,34.0,28.1,12.3,6.1,15.8,9.8,3.6
2017-05-28 15:00:00+02:00,6.3,12.2,3.8,18.6,108.0,70.2,56.8,10.3,3.4,32.9,24.3,73.9,7.4,23.2,11.7,20.2,3.9,19.9,63.1,104.3,50.6,7.8,66.4,10.1,120.3,30.5,24.2,14.0,108.7,13.4,18.0,47.4,6.2,41.2,37.3,33.4,27.6,12.0,6.0,15.6,9.7,3.5
2017-05-28 15:01:00+02:00,4.9,9.6,3.0,14.7,85.5,55.6,45.1,8.3,2.7,25.9,19.3,58.5,5.9,18.5,9.3,15.9,3.1,15.9,50.0,82.6,40.1,6.2,52.6,8.0,96.9,24.2,19.1,11.0,87.8,10.7,14.3,37.6,4.7,32.7,29.6,26.5,22.1,9.7,4.8,12.4,7.7,2.7
2017-05-28 15:02:00+02:00,6.7,12.7,3.9,19.4,113.5,74.0,59.8,10.9,3.6,34.7,25.3,77.8,7.7,24.4,12.2,21.3,4.0,21.0,66.4,109.6,53.3,8.1,70.0,10.7,129.4,31.8,25.3,14.7,117.1,14.2,18.8,49.8,6.5,42.9,39.3,35.2,29.1,12.6,6.3,16.5,10.1,3.6
2017-05-28 15:03:00+02:00,6.7,13.1,4.0,19.9,116.7,76.4,61.9,11.0,3.6,35.4,25.9,80.3,7.9,25.0,12.4,21.6,4.1,21.5,68.6,112.8,55.2,8.3,72.3,10.8,132.8,32.5,26.1,14.9,120.5,14.5,19.2,51.1,6.6,44.1,40.5,36.3,29.8,12.9,6.4,16.9,10.4,3.7
2017-05-28 15:04:00+02:00,6.9,13.5,4.0,20.5,117.9,77.0,62.2,10.3,3.7,35.9,26.3,80.9,7.9,24.5,12.6,21.9,4.1,20.9,69.1,113.9,55.4,8.3,72.9,11.0,134.5,33.0,26.8,15.2,121.7,13.8,19.4,51.3,6.9,44.7,41.1,36.9,30.3,13.2,6.6,17.1,10.5,3.7
2017-05-28 15:05:00+02:00,6.9,13.5,4.1,20.6,118.9,77.9,63.0,10.7,3.7,36.0,26.4,81.8,7.9,25.0,12.6,21.9,4.1,21.4,70.0,114.9,56.2,8.4,73.7,11.1,135.6,33.2,27.0,15.2,122.7,14.3,19.5,52.0,6.9,45.0,41.3,37.1,30.5,13.3,6.6,17.2,10.5,3.7
2017-05-28 15:06:00+02:00,6.0,13.5,4.0,20.5,118.4,77.8,63.1,11.1,3.7,34.5,26.1,81.6,7.8,25.3,12.4,20.6,4.0,21.8,70.0,114.5,56.3,8.2,73.7,10.1,135.0,33.0,26.8,14.1,122.1,14.7,19.3,52.2,6.8,44.9,41.3,37.0,30.4,13.3,6.6,17.1,10.4,3.6
2017-05-28 15:07:00+02:00,6.7,13.5,4.0,20.5,118.1,77.4,62.8,11.1,3.7,34.8,26.2,81.3,7.8,25.4,12.4,21.0,4.0,21.9,69.7,114.2,55.9,8.2,73.4,10.7,134.8,33.0,26.4,14.9,121.8,14.7,19.3,51.8,6.8,44.8,41.2,37.0,30.5,13.4,6.7,17.1,10.4,3.6
2017-05-28 15:08:00+02:00,6.9,13.3,4.0,20.3,117.1,76.6,62.1,11.1,3.7,34.6,26.1,80.5,7.8,25.3,12.3,21.0,4.0,21.8,69.0,113.2,55.2,8.2,72.6,10.9,132.0,32.9,25.9,14.9,119.2,14.6,19.2,51.2,6.6,44.7,41.1,37.0,30.4,13.4,6.6,17.1,10.3,3.5
2017-05-28 15:09:00+02:00,5.2,10.3,3.0,15.7,89.6,58.7,47.7,8.3,2.8,26.2,20.0,61.6,5.8,19.4,9.4,15.8,3.0,16.6,52.9,86.8,42.3,6.2,55.7,8.2,100.3,25.3,19.9,11.4,90.5,11.0,14.7,39.2,4.9,33.8,31.3,28.1,23.7,10.6,5.2,13.2,7.9,2.6
2017-05-28 15:10:00+02:00,4.9,10.0,2.8,15.1,84.0,56.2,45.8,7.7,2.6,24.7,18.8,58.9,5.4,18.1,8.8,14.9,2.8,15.5,50.8,82.6,40.8,5.8,53.3,7.8,94.0,23.9,19.9,10.7,84.7,10.2,13.9,37.9,4.9,32.2,29.8,26.8,22.0,10.0,5.0,12.0,7.5,2.4
2017-05-28 15:11:00+02:00,6.2,12.6,3.6,18.9,103.6,69.2,56.2,9.8,3.2,30.9,23.5,72.6,6.9,22.6,11.0,18.5,3.5,19.5,62.4,102.2,50.0,7.3,65.6,9.8,116.7,29.7,23.8,13.1,104.9,13.0,17.3,46.4,6.5,39.3,36.2,32.3,26.7,12.2,6.1,14.4,9.4,3.1
2017-05-28 15:12:00+02:00,5.8,11.9,3.4,17.8,98.3,66.0,53.7,9.3,3.1,28.8,22.2,69.2,6.5,21.4,10.5,17.2,3.4,18.4,59.5,97.2,47.9,7.0,62.5,9.3,110.5,28.0,23.1,12.2,99.5,12.3,16.4,44.5,6.1,38.2,35.2,31.6,26.0,11.6,5.7,14.4,8.8,3.0
2017-05-28 15:13:00+02:00,6.0,12.2,3.5,18.2,100.7,67.2,54.6,9.6,3.2,30.5,22.9,70.6,6.7,22.0,10.8,18.5,3.5,19.0,60.6,99.4,48.6,7.2,63.7,9.6,113.2,28.9,23.0,13.3,101.9,12.7,16.9,45.1,6.3,38.8,35.7,32.0,26.8,11.8,5.8,15.0,9.1,3.0
2017-05-28 15:14:00+02:00,5.0,10.3,2.9,15.3,84.4,56.8,46.4,7.9,2.7,25.1,19.1,59.6,5.6,18.4,9.0,15.1,2.9,15.8,51.3,83.7,41.3,6.0,53.9,7.9,94.1,24.2,20.0,11.0,85.0,10.6,14.1,38.4,5.2,32.7,30.3,27.2,22.6,10.0,4.9,12.6,7.5,2.5
2017-05-28 15:15:00+02:00,4.8,9.8,2.8,14.7,79.0,53.2,43.2,7.4,2.5,23.9,17.8,55.8,5.2,17.4,8.6,14.4,2.8,14.9,48.0,78.4,38.4,5.7,50.4,7.6,89.5,22.7,18.2,10.5,80.8,9.9,13.5,35.6,5.0,31.0,28.7,25.8,21.6,9.6,4.7,12.0,7.2,2.4
2017-05-28 15:16:00+02:00,5.2,10.5,3.0,15.7,84.7,57.2,46.4,7.9,2.7,25.9,18.8,60.0,5.5,18.6,9.3,15.7,2.8,15.9,51.5,84.0,41.2,6.2,54.2,8.2,97.1,24.0,19.7,11.4,87.6,10.6,14.6,38.2,5.4,33.6,31.1,27.9,23.2,10.2,5.0,13.0,7.8,2.6
2017-05-28 15:17:00+02:00,6.4,12.8,3.7,19.1,105.2,70.2,56.8,9.5,3.3,32.3,24.2,73.4,6.5,22.6,11.5,19.6,3.2,19.4,63.1,103.9,50.5,7.6,66.4,10.1,120.6,30.5,24.1,14.1,108.9,12.8,17.9,46.7,6.7,41.4,37.9,34.0,28.2,12.4,6.1,15.8,9.6,3.3
2017-05-28 15:18:00+02:00,6.7,13.8,4.0,20.7,115.1,77.6,63.0,10.9,3.6,34.5,26.2,80.5,7.6,25.2,12.5,20.8,3.9,21.7,69.9,113.4,56.2,8.3,73.5,10.4,130.8,32.9,26.9,14.7,119.0,14.5,19.4,52.1,7.3,44.4,40.5,36.2,30.3,13.3,6.6,17.0,10.4,3.6
2017-05-28 15:19:00+02:00,6.0,12.5,3.6,18.7,104.1,69.1,56.0,9.6,3.3,30.7,23.6,72.5,6.7,22.4,11.3,18.4,3.4,19.3,62.2,102.1,49.8,7.5,65.4,9.2,118.1,29.7,23.6,13.1,107.6,12.9,17.4,46.1,6.5,40.0,36.5,32.7,27.5,12.1,6.0,15.4,9.4,3.3
2017-05-28 15:20:00+02:00,4.6,9.8,2.8,14.6,81.9,53.8,43.9,7.2,2.5,23.1,18.2,56.4,5.0,17.1,8.6,13.7,2.6,14.8,48.6,79.3,39.0,5.7,51.1,6.9,93.5,23.1,19.1,9.8,84.5,9.8,13.5,36.2,4.9,31.0,28.4,25.6,21.6,9.5,4.7,12.0,7.3,2.5
2017-05-28 15:21:00+02:00,4.8,10.2,2.9,15.3,84.6,55.7,45.2,7.6,2.6,24.5,19.2,57.6,5.3,18.0,9.2,14.6,2.7,15.5,50.2,81.8,40.0,6.1,52.8,7.3,97.0,24.3,19.1,10.5,87.4,10.3,14.3,37.0,5.2,32.4,29.6,26.7,22.7,10.0,5.0,12.7,7.7,2.6
2017-05-28 15:22:00+02:00,5.6,11.7,3.4,17.5,98.5,65.4,53.1,9.1,3.0,28.8,22.1,67.4,6.4,21.0,10.7,17.3,3.2,18.2,58.9,95.2,47.3,7.0,61.9,8.6,112.8,27.9,22.7,12.4,101.8,12.2,16.4,43.8,6.0,37.5,34.2,30.7,25.8,11.3,5.6,14.5,8.8,3.1
2017-05-28 15:23:00+02:00,6.0,12.5,3.6,18.7,104.6,69.4,56.2,9.9,3.3,31.0,23.7,71.3,7.0,22.8,11.4,18.6,3.5,19.7,62.5,101.1,50.0,7.6,65.7,9.3,119.8,29.8,23.5,13.3,108.1,13.2,17.6,46.3,6.5,39.9,36.4,32.6,27.4,12.0,6.0,15.4,9.4,3.3
2017-05-28 15:24:00+02:00,6.2,12.8,3.7,19.1,108.1,71.6,58.1,10.2,3.3,31.8,24.3,74.0,7.2,23.2,11.7,19.1,3.5,20.1,64.5,104.5,51.8,7.7,67.8,9.6,123.5,30.5,24.7,13.6,111.6,13.5,18.0,48.0,6.6,40.6,37.0,33.2,27.8,12.2,6.0,15.7,9.6,3.4
2017-05-28 15:25:00+02:00,5.0,10.6,3.0,15.9,87.8,58.6,47.7,8.3,2.7,25.6,20.0,60.4,5.9,19.0,9.6,15.2,2.9,16.4,52.9,85.5,42.4,6.3,55.6,7.6,100.5,25.2,20.3,10.9,90.7,11.0,14.8,39.3,5.5,33.2,30.3,27.2,23.0,10.1,4.9,12.9,7.9,2.7
2017-05-28 15:26:00+02:00,4.7,9.8,2.8,14.8,82.0,54.6,44.4,7.7,2.6,24.2,18.8,56.6,5.5,17.8,9.0,14.5,2.7,15.4,49.2,80.2,39.4,5.9,51.7,7.2,93.9,23.7,18.7,10.3,84.6,10.3,13.9,36.5,5.0,31.3,28.6,25.8,21.8,9.6,4.7,12.2,7.4,2.5
2017-05-28 15:27:00+02:00,5.6,11.7,3.4,17.6,98.3,65.3,52.9,9.3,3.0,28.7,22.4,68.5,6.6,21.3,10.7,17.0,3.3,18.4,58.8,96.6,47.1,7.1,61.8,8.6,112.1,28.2,22.3,12.4,101.0,12.3,16.6,43.6,6.0,37.6,34.2,30.7,25.8,11.3,5.6,14.5,8.8,3.0
2017-05-28 15:28:00+02:00,6.2,12.7,3.7,19.1,106.8,71.2,57.8,10.2,3.3,31.5,24.3,74.7,7.3,23.3,11.7,18.8,3.6,20.1,64.2,105.2,51.4,7.7,67.4,9.5,121.8,30.6,24.3,13.7,109.8,13.5,18.0,47.6,6.5,40.6,36.9,33.0,27.6,11.9,5.7,15.7,9.6,3.3
2017-05-28 15:29:00+02:00,6.1,12.7,3.7,19.0,106.8,71.2,57.7,10.2,3.3,31.3,24.3,74.7,7.3,23.3,11.7,18.6,3.6,20.2,64.1,105.1,51.4,7.7,67.4,9.4,119.6,30.5,24.2,13.6,107.7,13.6,18.0,47.5,6.5,40.3,36.6,32.7,27.2,11.5,5.3,15.7,9.6,3.4
2017-05-28 15:30:00+02:00,5.8,12.1,3.5,18.1,100.5,67.4,54.7,9.6,3.0,29.1,23.1,70.2,6.8,22.0,11.1,17.1,3.4,19.0,60.8,99.2,48.7,7.3,63.8,8.9,112.9,29.1,23.0,12.3,101.6,12.8,17.1,45.0,6.2,38.4,34.9,31.1,25.9,10.9,5.0,14.9,9.1,3.2
2017-05-28 15:31:00+02:00,5.7,11.7,3.4,17.6,96.4,66.2,53.7,9.3,3.0,27.9,22.6,67.3,6.7,21.5,10.9,16.2,3.3,18.6,59.6,95.6,47.9,7.2,62.7,8.7,108.5,28.4,22.8,11.6,97.5,12.4,16.7,44.3,6.0,37.6,34.2,30.3,25.2,10.6,4.8,14.6,8.9,3.1
2017-05-28 15:32:00+02:00,5.6,11.6,3.4,17.4,95.7,65.0,52.8,9.2,3.0,27.4,22.3,66.1,6.6,21.2,10.8,15.8,3.3,18.3,58.6,94.1,47.0,7.1,61.6,8.4,107.8,28.1,22.2,11.4,96.9,12.3,16.6,43.4,6.0,37.2,33.7,29.9,24.9,10.5,4.8,14.4,8.8,3.1
2017-05-28 15:33:00+02:00,5.1,10.5,3.0,15.7,85.8,58.1,47.3,8.1,2.7,24.5,20.0,59.0,5.9,18.9,9.7,14.1,2.9,16.3,52.4,84.1,42.0,6.4,55.0,6.7,96.4,25.2,19.9,10.2,86.6,10.8,14.9,38.7,5.4,33.5,30.4,27.0,22.5,9.5,4.3,13.0,7.9,2.7
2017-05-28 15:34:00+02:00,6.1,12.3,3.6,18.5,102.8,69.2,56.1,9.8,3.2,29.9,23.8,70.4,7.1,22.5,11.5,17.5,3.5,19.5,62.3,100.2,50.0,7.6,65.5,8.4,115.7,29.9,23.5,12.5,104.1,13.0,17.7,46.1,6.4,39.8,36.0,31.9,26.5,11.2,5.2,15.3,9.4,3.3
2017-05-28 15:35:00+02:00,6.5,12.9,3.8,19.4,108.1,72.8,58.9,10.4,3.4,31.0,24.9,74.4,7.5,23.7,12.1,18.1,3.7,20.6,65.5,105.6,52.5,8.0,68.9,8.4,121.7,31.2,24.7,12.7,109.6,13.8,18.5,48.4,6.7,41.9,37.9,33.6,27.9,12.0,5.7,15.9,9.8,3.5
2017-05-28 15:36:00+02:00,5.7,11.6,3.4,17.4,96.0,64.5,52.3,9.1,3.0,28.3,22.2,65.9,6.6,20.9,10.8,16.7,3.3,18.1,58.1,93.7,46.6,7.1,61.1,8.5,107.9,27.9,22.1,12.4,97.1,12.1,16.5,43.0,6.0,37.3,33.7,30.0,25.2,11.0,5.4,14.1,8.6,2.9
2017-05-28 15:37:00+02:00,5.3,10.7,3.1,16.1,89.2,60.0,48.7,8.4,2.8,26.9,20.6,61.4,6.1,19.2,10.0,16.1,3.0,16.7,54.1,87.2,43.4,6.6,56.8,8.4,100.1,25.9,20.8,12.0,90.1,11.1,15.3,40.0,5.5,34.8,31.5,28.0,23.6,10.3,5.0,13.3,8.1,2.8
2017-05-28 15:38:00+02:00,5.5,11.1,3.3,16.7,92.0,61.7,49.9,8.6,2.9,27.8,21.4,63.2,6.3,19.9,10.4,16.7,3.2,17.3,55.5,90.0,44.4,6.8,58.4,8.8,105.1,26.8,21.1,12.6,94.7,11.5,15.9,40.9,5.7,36.0,32.5,28.9,24.3,10.6,5.1,13.7,8.4,2.9
2017-05-28 15:39:00+02:00,6.0,12.0,3.6,18.1,102.0,67.8,54.9,9.5,3.1,30.3,23.3,70.2,6.9,21.8,11.3,18.1,3.5,19.0,61.0,99.4,48.9,7.5,64.1,9.2,116.6,29.2,23.3,13.3,105.2,12.7,17.3,45.1,6.2,39.3,35.5,31.5,26.4,11.5,5.6,14.9,9.1,3.2
2017-05-28 15:40:00+02:00,6.1,12.1,3.6,18.2,103.3,68.8,55.8,9.7,3.1,30.4,23.6,70.9,7.1,22.1,11.5,18.1,3.6,19.3,62.0,100.4,49.8,7.6,65.2,9.5,118.0,29.6,23.8,13.6,106.6,12.9,17.6,45.9,6.2,40.0,36.1,32.1,27.0,11.8,5.9,15.2,9.3,3.4
2017-05-28 15:41:00+02:00,5.8,11.9,3.5,17.9,101.1,66.9,54.3,9.4,3.0,29.9,22.8,69.4,6.9,21.4,11.1,18.0,3.5,18.7,60.3,98.0,48.5,7.3,63.4,9.4,115.4,28.7,23.3,13.4,104.3,12.5,17.0,44.7,6.2,38.7,34.9,31.0,26.1,11.4,5.7,14.7,9.0,3.2
2017-05-28 15:42:00+02:00,6.0,12.1,3.6,18.2,102.1,68.1,55.2,9.6,3.1,30.6,23.3,70.3,7.0,21.8,11.3,18.4,3.5,19.1,61.3,99.4,49.3,7.5,64.5,9.6,116.6,29.2,23.7,13.6,105.4,12.8,17.3,45.4,6.3,39.4,35.6,31.6,26.5,11.6,5.7,14.9,9.2,3.3
2017-05-28 15:43:00+02:00,6.0,12.1,3.6,18.1,101.9,68.0,55.2,9.6,3.0,30.5,23.3,70.7,7.0,21.8,11.4,18.4,3.6,19.1,61.2,99.8,49.3,7.5,64.4,9.6,116.4,29.2,23.6,13.6,105.2,12.8,17.3,45.4,6.3,39.6,35.8,32.1,26.3,11.6,5.7,14.7,9.0,3.1
2017-05-28 15:44:00+02:00,5.9,12.1,3.6,18.1,102.5,68.1,55.2,9.7,3.0,30.4,23.3,70.4,7.1,21.8,11.4,18.4,3.6,19.1,61.3,99.5,49.3,7.5,64.4,9.6,117.1,29.2,23.6,13.6,105.8,12.8,17.4,45.4,6.3,39.6,35.8,32.2,26.4,11.6,5.7,14.8,9.1,3.2
2017-05-28 15:45:00+02:00,5.9,12.0,3.6,18.1,102.6,67.8,54.9,9.6,3.0,30.3,23.3,70.5,7.0,21.7,11.4,18.3,3.6,19.0,61.0,99.6,49.1,7.5,64.1,9.5,117.2,29.2,23.5,13.5,105.9,12.7,17.3,45.2,6.3,39.4,35.6,32.1,26.3,11.5,5.7,14.7,9.0,3.2
2017-05-28 15:46:00+02:00,5.9,12.0,3.6,18.0,102.9,67.7,55.0,9.6,3.0,30.1,23.2,70.9,7.0,21.5,11.4,18.3,3.6,19.0,61.0,99.8,49.1,7.5,64.1,9.5,117.4,29.0,23.7,13.5,106.2,12.7,17.3,45.2,6.3,39.0,35.3,31.4,26.1,11.5,5.7,14.6,9.0,3.2
2017-05-28 15:47:00+02:00,5.9,12.0,3.6,18.0,102.2,67.7,55.0,9.6,3.0,30.2,23.2,70.4,7.0,21.5,11.4,18.3,3.6,19.0,61.1,99.3,49.1,7.5,64.2,9.5,116.7,29.0,23.8,13.5,105.5,12.7,17.3,45.2,6.2,39.4,35.4,31.4,26.1,11.5,5.7,14.6,8.9,3.1
2017-05-28 15:48:00+02:00,6.0,12.0,3.6,18.0,102.1,67.5,54.9,9.5,3.0,30.4,23.1,70.2,6.9,21.4,11.4,18.5,3.5,18.9,60.9,99.1,49.0,7.5,64.0,9.7,116.7,29.0,23.8,13.8,105.4,12.6,17.3,45.2,6.2,39.8,35.8,31.8,26.0,11.5,5.7,14.5,8.8,3.0
2017-05-28 15:49:00+02:00,5.4,10.9,3.2,16.4,92.9,60.9,49.4,8.2,2.7,27.6,21.1,63.5,5.9,18.9,10.3,16.7,2.9,16.7,54.9,89.8,44.1,6.8,57.7,8.8,106.2,26.5,21.7,12.5,95.8,11.0,15.8,40.6,5.6,36.6,32.9,29.3,24.0,10.6,5.3,13.4,8.1,2.8
2017-05-28 15:50:00+02:00,5.1,10.3,3.0,15.4,86.4,57.0,46.3,7.7,2.6,25.8,19.7,59.0,5.6,17.7,9.6,15.5,2.7,15.7,51.4,83.7,41.3,6.3,54.0,8.2,98.9,24.8,20.4,11.7,89.1,10.3,14.7,38.0,5.2,34.5,31.1,27.7,22.6,10.0,5.0,12.6,7.7,2.6
2017-05-28 15:51:00+02:00,5.6,11.1,3.3,16.7,95.4,62.7,50.9,8.7,2.8,28.6,21.7,65.5,6.2,19.7,10.6,17.3,3.1,17.5,56.6,92.7,45.4,7.0,59.5,9.1,109.1,27.2,22.1,12.9,98.4,11.6,16.2,41.8,5.6,37.1,33.2,29.7,24.4,10.9,5.4,13.5,8.0,2.5
2017-05-28 15:52:00+02:00,5.7,10.8,3.4,16.5,96.4,63.5,51.5,8.9,2.9,29.1,22.1,66.3,6.4,20.1,10.8,17.6,3.1,17.8,57.2,93.9,45.9,7.1,60.2,9.3,110.3,27.7,22.1,13.2,99.5,11.8,16.5,42.2,5.3,37.9,34.0,30.5,25.1,11.1,5.5,14.0,8.5,2.9
2017-05-28 15:53:00+02:00,5.5,10.9,3.2,16.4,93.3,61.3,49.9,8.5,2.7,27.7,21.0,64.0,6.0,19.4,10.3,16.7,3.0,16.9,55.3,90.4,44.6,6.8,58.2,8.9,106.9,26.4,21.6,12.6,96.5,11.3,15.7,41.0,5.6,36.4,32.6,29.3,24.1,10.6,5.3,13.5,8.2,2.9
2017-05-28 15:54:00+02:00,5.7,11.4,3.4,17.1,97.9,64.3,52.2,8.9,2.9,29.1,22.0,67.1,6.3,20.2,10.8,17.6,3.1,17.7,57.9,94.6,46.6,7.1,60.9,9.3,112.1,27.6,22.7,13.2,101.3,11.7,16.4,42.9,5.9,38.1,34.2,30.5,25.1,11.0,5.5,14.0,8.6,3.1
2017-05-28 15:55:00+02:00,5.4,10.7,3.2,16.1,91.1,60.2,48.9,8.3,2.7,27.0,20.5,62.8,5.9,18.9,10.0,16.3,2.9,16.5,54.2,88.5,43.7,6.6,57.0,8.7,104.2,25.8,21.3,12.3,94.3,10.9,15.2,40.2,5.5,35.8,32.1,28.5,23.5,10.3,5.1,13.2,8.1,2.8
2017-05-28 15:56:00+02:00,5.4,10.8,3.2,16.2,91.2,60.8,49.4,8.4,2.7,27.8,20.7,63.5,6.0,19.1,10.2,16.9,2.9,16.7,54.8,89.5,44.1,6.6,57.6,8.7,104.3,26.1,21.5,12.3,94.4,11.1,15.4,40.5,5.6,36.1,32.4,28.8,23.7,10.4,5.2,13.3,8.1,2.9
2017-05-28 15:57:00+02:00,4.6,9.2,2.7,13.9,79.2,52.0,42.3,7.0,2.3,23.6,17.9,54.3,5.0,16.2,8.7,14.2,2.4,14.2,47.0,76.7,37.7,5.7,49.4,7.5,90.3,22.5,18.5,10.6,81.9,9.3,13.3,34.7,4.8,31.3,28.1,25.0,20.6,9.1,4.5,11.5,7.0,2.4
2017-05-28 15:58:00+02:00,3.8,7.7,2.3,11.6,65.7,43.1,35.1,5.6,1.9,19.2,14.9,44.9,4.0,13.3,7.2,11.3,1.9,11.6,39.0,63.7,31.3,4.7,40.9,6.1,74.9,18.9,15.5,8.7,67.9,7.5,11.0,28.7,4.0,26.4,23.7,21.1,17.4,7.7,3.8,9.7,5.9,2.0
2017-05-28 15:59:00+02:00,5.5,11.0,3.3,16.4,95.3,62.3,50.4,8.5,2.7,28.4,21.6,65.1,6.1,19.5,10.6,17.2,3.0,17.1,56.1,92.2,45.0,6.9,59.0,9.0,108.8,27.1,21.8,12.8,98.6,11.3,16.1,41.3,5.7,37.0,33.1,29.3,24.1,10.7,5.3,13.4,8.1,2.7
2017-05-28 16:00:00+02:00,5.6,11.2,3.4,16.7,97.3,63.7,51.5,8.8,2.8,29.0,22.0,66.5,6.3,20.1,10.8,17.6,3.1,17.6,57.3,94.1,46.0,7.0,60.3,9.2,111.0,27.6,22.2,13.0,100.7,11.7,16.4,42.3,5.9,37.5,33.5,29.6,24.3,10.9,5.4,13.4,7.9,2.5
2017-05-28 16:01:00+02:00,5.7,11.3,3.4,16.9,98.1,64.1,51.9,8.8,2.9,29.2,22.2,67.1,6.4,20.2,10.9,17.7,3.1,17.7,57.7,94.9,46.4,7.1,60.7,9.2,111.9,27.9,22.4,13.1,101.4,11.7,16.6,42.6,5.9,38.2,34.2,30.3,25.0,11.0,5.5,14.0,8.6,3.1
2017-05-28 16:02:00+02:00,5.7,11.4,3.4,17.1,97.4,64.5,52.3,8.9,2.9,29.8,22.3,67.5,6.4,20.3,11.0,18.2,3.1,17.8,58.1,95.4,46.7,7.2,61.1,9.2,111.4,28.0,22.6,13.1,100.7,11.8,16.7,42.9,6.0,38.5,34.6,30.6,25.2,11.1,5.5,14.2,8.7,3.1
2017-05-28 16:03:00+02:00,4.1,11.4,3.4,17.1,98.4,64.6,52.3,8.8,2.9,28.9,22.4,67.6,6.4,20.2,11.0,17.3,3.1,17.7,58.2,95.6,46.7,7.2,61.2,7.5,112.9,28.0,22.6,11.4,101.8,11.7,16.7,42.9,6.0,38.5,34.6,30.6,25.3,11.1,5.5,14.2,8.7,3.1
2017-05-28 16:04:00+02:00,4.1,11.4,3.4,17.0,97.4,63.5,51.5,8.2,2.9,28.7,22.2,66.5,5.7,19.5,10.9,17.2,2.5,17.0,57.3,94.3,45.9,7.2,60.2,7.5,111.6,27.8,22.5,11.4,100.7,11.0,16.6,42.0,5.9,38.3,34.4,30.4,25.1,11.1,5.4,14.0,8.6,3.0
2017-05-28 16:05:00+02:00,4.4,11.2,3.3,16.9,96.8,63.2,51.3,8.2,2.8,28.8,22.0,66.1,5.8,19.5,10.9,17.5,2.6,17.0,56.9,93.7,45.7,7.1,59.8,7.8,110.6,27.6,22.4,11.7,100.1,11.1,16.5,41.9,5.8,37.6,33.7,30.2,24.9,11.0,5.4,14.0,8.5,3.0
2017-05-28 16:06:00+02:00,4.9,10.8,3.3,16.3,94.5,61.5,50.1,8.1,2.8,28.9,21.6,64.4,5.7,19.1,10.6,17.7,2.5,16.7,55.4,91.5,44.6,6.9,58.3,8.2,108.3,27.2,21.7,12.0,97.8,10.9,16.1,40.9,5.5,36.6,32.7,29.8,24.6,10.8,5.3,13.7,8.4,2.9
2017-05-28 16:07:00+02:00,4.5,11.0,3.3,16.6,96.4,62.8,51.0,8.3,2.8,29.0,22.0,65.8,6.0,19.6,10.8,17.5,2.7,17.1,56.6,93.3,45.4,7.0,59.5,7.9,110.2,27.6,22.1,11.7,99.7,11.2,16.4,41.6,5.6,37.3,33.4,30.3,25.0,11.1,5.4,14.0,8.5,3.0
2017-05-28 16:08:00+02:00,4.6,10.8,3.3,16.3,96.1,63.3,51.3,8.7,2.8,29.2,22.0,66.3,6.3,20.1,10.7,17.7,3.1,17.5,57.1,93.8,45.7,7.0,60.0,8.0,109.8,27.6,21.8,11.9,99.4,11.5,16.4,41.9,5.3,37.5,33.5,30.3,25.0,11.1,5.4,13.9,8.5,3.0
2017-05-28 16:09:00+02:00,4.4,9.1,3.0,14.1,85.5,56.0,45.5,7.7,2.5,26.6,19.9,58.7,5.5,17.9,9.6,16.2,2.7,15.6,50.5,83.7,40.5,6.3,53.0,7.4,98.3,25.0,19.1,10.9,88.5,10.2,14.8,37.0,4.1,34.0,30.4,27.6,22.8,10.1,5.0,12.6,7.7,2.6
2017-05-28 16:10:00+02:00,3.3,8.4,2.5,12.5,71.3,46.8,38.3,5.9,2.1,21.5,16.6,49.0,4.2,14.4,7.9,12.8,1.9,12.5,42.2,69.8,34.0,5.2,44.3,5.7,82.0,20.9,16.7,8.5,73.7,8.0,12.3,31.2,4.2,28.5,25.5,23.2,19.1,8.5,4.1,10.6,6.5,2.2
2017-05-28 16:11:00+02:00,2.7,6.8,2.0,10.2,57.4,37.8,31.0,4.7,1.7,17.3,13.4,39.5,3.3,11.5,6.4,10.1,1.5,9.9,34.2,56.5,27.4,4.2,35.8,4.6,65.9,17.1,13.7,6.6,59.3,6.2,10.0,25.2,3.5,23.3,20.9,19.1,15.8,7.1,3.5,8.7,5.3,1.7
2017-05-28 16:12:00+02:00,2.0,5.8,1.7,8.7,48.9,32.3,26.5,3.9,1.4,14.4,11.5,33.7,2.7,9.8,5.4,8.2,1.2,8.4,29.3,48.4,23.4,3.6,30.7,3.5,56.2,14.7,11.7,5.2,50.5,5.3,8.6,21.5,2.9,19.8,17.8,16.6,13.8,6.2,3.1,7.5,4.5,1.5
2017-05-28 16:13:00+02:00,2.4,6.5,1.9,9.7,54.5,36.1,29.7,4.6,1.6,16.3,12.9,37.8,3.3,11.2,6.2,9.5,1.6,9.7,32.8,54.1,26.3,4.0,34.4,4.2,62.8,16.4,13.0,6.2,56.3,6.2,9.6,24.2,3.2,22.1,20.0,18.4,15.2,6.9,3.4,8.3,5.0,1.6
2017-05-28 16:14:00+02:00,2.5,6.0,1.8,8.5,50.6,33.0,27.1,4.2,1.5,14.5,12.0,34.5,2.9,10.3,5.7,8.3,1.4,8.9,29.9,49.8,23.9,3.7,31.4,3.3,58.3,15.3,11.6,5.1,52.3,5.7,8.9,22.0,3.0,20.5,18.6,17.1,14.2,6.5,3.2,7.8,4.7,1.5
2017-05-28 16:15:00+02:00,2.4,5.5,1.7,6.8,46.7,30.4,24.7,4.1,1.4,13.7,11.6,31.5,2.9,10.0,5.5,7.7,1.4,8.6,27.5,46.2,21.7,3.6,28.9,2.9,53.5,14.7,9.8,4.7,48.3,5.5,8.6,19.8,2.8,19.7,17.9,16.4,13.7,6.2,3.1,7.5,4.5,1.4
2017-05-28 16:16:00+02:00,2.6,5.2,1.6,7.9,45.7,30.4,25.0,3.9,1.2,14.1,11.1,30.6,2.7,9.5,5.2,8.4,1.2,8.2,27.6,44.7,22.1,3.5,28.9,3.9,51.5,14.1,10.8,5.6,47.2,5.3,8.2,20.3,2.5,18.6,16.8,15.6,13.0,5.9,2.9,7.1,4.2,1.3
2017-05-28 16:17:00+02:00,3.3,6.8,2.1,10.3,59.0,39.1,31.9,5.2,1.6,18.3,14.2,39.7,3.7,12.0,6.8,11.1,1.7,10.4,35.3,57.7,28.3,4.5,37.0,5.3,67.6,18.0,13.9,7.4,61.0,6.9,10.5,25.9,3.2,23.9,21.4,19.7,16.3,7.4,3.7,8.9,5.4,1.7
2017-05-28 16:18:00+02:00,4.8,10.2,3.1,15.4,88.9,58.7,47.7,8.2,2.5,27.3,20.8,60.4,5.9,18.3,10.2,16.7,2.9,16.0,52.9,86.5,42.5,6.7,55.5,7.9,102.1,26.1,20.5,11.3,92.0,10.7,15.5,38.9,5.0,35.5,31.7,28.4,23.5,10.5,5.2,13.0,7.9,2.6
2017-05-28 16:19:00+02:00,5.2,11.0,3.3,16.6,95.4,63.1,51.2,8.6,2.7,29.4,22.2,65.0,6.2,19.7,11.0,18.1,2.9,17.2,56.8,92.9,45.7,7.2,59.7,8.6,109.5,27.9,22.1,12.3,98.7,11.4,16.6,41.8,5.4,38.0,34.0,30.4,25.1,11.2,5.5,13.9,8.5,2.9
2017-05-28 16:20:00+02:00,4.9,10.5,3.2,15.9,91.1,60.2,48.8,8.1,2.5,28.2,21.2,61.9,5.8,18.7,10.3,17.2,2.7,16.3,54.2,88.5,43.5,6.7,56.9,8.1,104.5,26.6,21.2,11.6,94.2,10.8,15.8,39.9,5.2,36.5,32.7,29.2,24.1,10.8,5.3,13.3,8.1,2.7
2017-05-28 16:21:00+02:00,4.0,8.8,2.6,13.3,75.0,49.9,40.7,6.6,2.1,23.2,17.6,51.0,4.7,15.4,8.4,13.9,2.3,13.4,45.1,73.2,36.2,5.4,47.3,6.5,85.5,22.2,17.8,9.4,77.6,8.8,13.0,33.2,4.2,30.7,27.6,24.8,20.4,9.2,4.5,11.3,6.8,2.2
2017-05-28 16:22:00+02:00,3.8,8.4,2.5,12.7,71.9,48.0,39.1,6.4,2.0,22.2,16.9,49.0,4.6,14.9,8.1,13.4,2.3,13.0,43.3,70.1,34.8,5.3,45.4,6.2,81.7,21.1,17.1,9.0,74.4,8.5,12.6,32.0,4.0,29.6,26.6,23.9,19.7,8.9,4.4,10.9,6.5,2.1
2017-05-28 16:23:00+02:00,4.4,9.5,2.9,14.5,82.5,54.8,44.6,7.5,2.3,25.5,19.4,56.3,5.4,17.1,9.5,15.5,2.8,15.0,49.5,80.4,39.7,6.2,51.9,7.2,94.5,24.2,19.4,10.5,85.4,9.9,14.5,36.4,4.6,33.5,30.1,26.9,22.2,9.9,4.9,12.3,7.4,2.4
2017-05-28 16:24:00+02:00,4.4,9.4,2.8,14.2,81.1,53.9,43.8,7.4,2.2,25.3,19.2,55.3,5.4,16.7,9.4,15.3,2.8,14.7,48.6,79.1,39.0,6.1,51.0,7.2,93.2,23.8,19.0,10.4,84.0,9.7,14.4,35.7,4.5,33.1,29.6,26.5,21.9,9.8,4.8,12.1,7.3,2.4
2017-05-28 16:25:00+02:00,3.9,8.5,2.5,11.6,71.6,47.2,38.1,6.6,2.0,22.6,17.3,48.3,4.8,15.0,8.5,13.6,2.5,13.2,42.5,69.8,33.8,5.5,44.6,6.4,82.6,21.6,15.8,9.1,74.1,8.6,13.0,30.8,4.1,30.0,26.9,24.2,19.9,8.9,4.4,11.0,6.6,2.1
2017-05-28 16:26:00+02:00,3.7,8.1,2.4,12.0,69.3,46.1,37.5,6.3,1.9,21.3,16.6,47.1,4.5,14.4,8.1,12.6,2.4,12.6,41.6,67.8,33.3,5.3,43.6,6.1,79.7,20.7,16.1,8.3,71.7,8.3,12.4,30.5,3.9,28.8,25.9,23.3,19.2,8.6,4.3,10.6,6.3,2.0
2017-05-28 16:27:00+02:00,4.0,8.7,2.6,12.6,74.4,49.4,40.1,6.9,2.1,22.5,17.8,50.6,5.0,15.5,8.7,13.2,2.6,13.7,44.6,72.5,35.6,5.7,46.7,6.6,85.4,22.0,17.0,8.6,77.0,9.0,13.3,32.6,4.2,30.9,27.7,24.9,20.5,9.2,4.6,11.3,6.8,2.2
2017-05-28 16:28:00+02:00,4.2,9.0,2.7,12.6,76.4,50.6,40.9,7.1,2.2,23.3,18.4,51.8,5.2,16.1,9.0,13.8,2.7,14.2,45.6,74.6,36.3,5.9,47.8,6.9,88.0,22.8,17.1,9.2,79.1,9.3,13.8,33.2,4.3,31.8,28.5,25.5,21.0,9.4,4.7,11.6,7.0,2.2
2017-05-28 16:29:00+02:00,3.9,8.3,2.5,12.0,71.0,47.3,38.3,6.6,2.0,21.4,17.1,48.3,4.8,15.0,8.3,12.5,2.4,13.1,42.7,69.4,34.0,5.4,44.7,6.3,82.0,21.1,16.2,8.2,73.6,8.6,12.8,31.1,4.0,29.7,26.6,23.8,19.6,8.8,4.3,10.8,6.5,2.1
2017-05-28 16:30:00+02:00,3.9,8.2,2.5,11.4,70.4,46.6,37.7,6.5,2.0,21.0,17.1,48.0,4.7,14.8,8.3,12.0,2.4,13.0,42.0,68.6,33.4,5.4,44.1,6.3,81.4,20.7,15.6,7.8,72.9,8.5,12.8,30.5,3.9,29.6,26.5,23.8,19.6,8.8,4.3,10.8,6.5,2.1
2017-05-28 16:31:00+02:00,3.6,7.7,2.3,10.5,65.5,42.7,34.5,5.7,1.8,19.4,15.7,44.7,4.1,13.5,7.5,11.1,2.1,11.7,38.5,63.9,30.5,4.9,40.4,5.8,75.6,19.2,14.4,7.2,67.8,7.6,11.7,27.9,3.7,27.5,24.7,22.3,18.3,8.2,4.0,10.1,6.1,1.9
2017-05-28 16:32:00+02:00,3.6,7.8,2.3,11.5,65.6,43.1,34.9,5.0,1.8,19.7,15.9,44.2,4.2,12.7,7.6,11.4,2.2,11.0,38.9,64.0,30.9,4.9,40.7,5.8,75.8,19.8,15.5,7.4,67.9,6.9,11.8,28.2,3.7,27.6,24.8,22.4,18.4,8.3,4.1,10.1,6.1,1.9
2017-05-28 16:33:00+02:00,2.9,7.6,2.2,11.6,64.5,42.9,34.9,5.5,1.8,18.5,15.6,43.7,4.1,13.0,7.4,10.3,2.1,11.4,38.8,63.1,31.0,4.8,40.6,5.2,74.5,19.4,15.5,6.4,66.7,7.3,11.5,28.5,3.6,27.2,24.4,22.0,18.1,8.1,4.0,10.0,6.0,1.9
2017-05-28 16:34:00+02:00,2.5,6.9,2.0,10.6,58.5,39.0,31.7,4.8,1.6,15.2,14.2,40.0,3.7,11.8,6.6,7.7,2.0,10.2,35.3,57.4,28.2,4.3,36.9,4.7,67.7,17.3,14.1,5.6,60.6,6.5,10.4,25.9,3.3,24.7,22.2,20.1,16.5,7.5,3.7,9.0,5.3,1.5
2017-05-28 16:35:00+02:00,1.7,5.5,1.6,7.4,45.4,29.8,24.1,3.8,1.3,11.1,11.2,31.0,2.7,9.4,5.1,5.1,1.4,8.1,27.0,44.8,21.3,3.3,28.2,3.3,52.8,13.8,10.2,4.0,47.0,5.1,8.2,19.6,2.6,19.6,17.7,16.1,13.2,6.0,2.9,7.2,4.3,1.2
2017-05-28 16:36:00+02:00,3.8,9.4,2.8,13.1,80.6,52.3,42.1,6.9,2.2,22.4,19.2,54.7,5.4,16.2,9.4,12.4,2.8,14.2,47.1,78.6,37.3,6.1,49.4,6.7,93.2,23.9,17.8,9.1,83.5,9.2,14.4,34.0,4.6,33.8,30.3,26.8,21.9,9.8,4.8,12.1,7.3,2.3
2017-05-28 16:37:00+02:00,4.0,9.9,3.0,13.9,85.9,55.8,45.0,7.8,2.3,23.3,20.2,58.4,5.8,17.7,9.9,12.8,3.0,15.6,50.2,83.7,40.1,6.4,52.7,7.2,98.7,25.3,18.8,9.3,89.0,10.2,15.2,36.6,4.8,35.5,31.8,28.1,23.0,10.3,5.1,12.7,7.6,2.5
2017-05-28 16:38:00+02:00,3.1,8.0,2.4,12.3,70.8,46.4,37.7,6.2,1.9,18.4,16.5,48.4,4.5,14.4,7.9,9.7,2.4,12.6,42.0,69.1,33.6,5.1,43.9,5.6,81.0,20.8,16.5,7.2,73.1,8.1,12.3,30.8,3.8,28.9,25.9,23.4,19.1,8.6,4.3,10.5,6.3,1.9
2017-05-28 16:39:00+02:00,0.6,3.3,1.0,5.1,27.4,18.4,15.0,2.1,0.8,4.7,6.5,19.0,1.3,5.9,2.7,1.0,0.7,5.0,16.8,27.3,13.3,1.8,17.5,1.3,31.0,8.3,6.6,1.0,28.2,3.0,4.7,12.5,1.5,11.6,10.7,9.9,8.1,3.7,1.8,4.4,2.6,0.7
2017-05-28 16:40:00+02:00,0.7,3.4,1.0,5.4,29.1,19.2,15.6,2.1,0.9,5.6,6.8,19.9,1.3,6.1,2.9,1.7,0.7,5.1,17.4,28.6,13.8,2.0,18.3,1.5,33.2,8.8,6.9,1.6,29.9,3.0,5.0,13.0,1.5,12.3,11.3,10.4,8.5,3.9,1.9,4.6,2.8,0.8
2017-05-28 16:41:00+02:00,2.2,6.3,1.9,9.8,56.3,36.2,29.4,4.3,1.5,15.5,13.4,37.8,3.1,11.0,6.2,8.4,1.6,9.5,32.7,54.6,25.9,4.1,34.3,4.1,64.5,16.9,12.9,6.0,58.1,5.9,9.9,23.8,2.8,23.5,21.2,19.0,15.5,7.0,3.4,8.5,5.1,1.5
2017-05-28 16:42:00+02:00,1.3,4.7,1.4,7.3,39.9,26.7,21.6,3.0,1.2,11.2,9.9,27.7,2.0,8.1,4.4,5.8,1.0,7.0,24.2,40.2,19.1,2.9,25.3,2.6,46.3,12.6,9.6,3.8,41.1,4.2,7.2,17.7,2.1,17.1,15.5,14.0,11.6,5.2,2.6,6.4,3.8,1.1
2017-05-28 16:43:00+02:00,0.5,3.2,1.0,5.0,26.3,18.2,14.8,1.9,0.9,6.8,6.8,18.8,1.2,5.7,2.9,3.0,0.6,4.8,16.5,27.4,13.0,1.9,17.3,1.3,30.6,8.7,6.5,1.7,27.0,2.8,4.9,12.2,1.5,11.7,10.7,9.9,8.2,3.6,1.8,4.5,2.6,0.7
2017-05-28 16:44:00+02:00,0.4,2.9,0.9,4.4,24.3,16.0,13.0,1.6,0.8,5.7,6.0,16.5,0.9,5.0,2.6,2.5,0.5,4.2,14.5,24.2,11.4,1.7,15.2,1.0,28.1,7.7,5.7,1.4,24.9,2.4,4.3,10.7,1.3,10.4,9.6,8.9,7.3,3.3,1.6,4.1,2.4,0.6
2017-05-28 16:45:00+02:00,0.3,2.7,0.9,4.1,22.8,14.8,12.0,1.3,0.8,5.2,5.7,15.4,0.7,4.5,2.4,2.2,0.4,3.8,13.4,22.7,10.4,1.7,14.1,0.9,26.4,7.4,5.3,1.2,23.4,2.0,4.1,9.8,1.2,10.0,9.2,8.5,7.1,3.2,1.7,3.9,2.2,0.6
2017-05-28 16:46:00+02:00,0.3,2.7,0.8,3.9,22.5,14.4,11.6,1.3,0.8,5.2,5.6,15.2,0.7,4.4,2.4,2.2,0.5,3.7,13.0,22.4,10.1,1.6,13.7,0.9,26.1,7.2,5.1,1.2,23.1,2.0,4.0,9.5,1.2,9.8,9.0,8.4,6.8,3.1,1.6,3.8,2.2,0.6
2017-05-28 16:47:00+02:00,0.2,2.6,0.8,3.8,22.0,13.9,11.2,1.3,0.7,5.1,5.6,14.7,0.8,4.2,2.4,2.1,0.5,3.6,12.6,21.8,9.8,1.6,13.2,0.7,25.5,7.2,4.9,1.2,22.6,2.0,4.1,9.1,1.1,9.8,8.9,8.3,6.8,3.1,1.6,3.7,2.1,0.6
2017-05-28 16:48:00+02:00,1.1,2.5,0.8,3.7,22.1,13.8,11.2,1.4,0.7,5.2,5.5,14.6,0.9,4.3,2.4,2.4,0.5,3.6,12.6,21.6,9.7,1.6,13.2,1.2,25.5,7.0,4.8,1.5,22.7,2.1,4.0,9.1,1.1,9.7,8.9,8.3,6.8,3.1,1.5,3.6,2.1,0.5
2017-05-28 16:49:00+02:00,1.0,2.5,0.8,3.8,21.2,14.0,11.4,1.5,0.7,5.3,5.3,14.8,0.9,4.5,2.3,2.5,0.6,3.8,12.7,21.7,9.9,1.6,13.4,1.1,24.5,6.9,4.8,1.5,21.8,2.2,3.9,9.3,1.1,9.7,8.9,8.3,6.8,3.2,1.6,3.7,2.1,0.6
2017-05-28 16:50:00+02:00,1.1,2.6,0.8,3.8,21.7,14.3,11.6,1.5,0.7,5.4,5.5,15.1,1.0,4.6,2.4,2.5,0.6,3.9,13.0,22.2,10.1,1.6,13.6,1.2,24.9,7.0,4.8,1.5,22.3,2.3,4.0,9.4,1.1,10.0,9.1,8.5,7.0,3.3,1.6,3.8,2.2,0.6
2017-05-28 16:51:00+02:00,0.6,2.6,0.8,3.8,22.4,14.6,11.8,1.7,0.7,5.3,5.5,15.4,1.0,4.8,2.4,2.4,0.6,4.1,13.2,22.5,10.3,1.6,13.9,0.9,24.7,7.1,4.9,1.4,23.0,2.4,4.0,9.7,1.1,10.1,9.2,8.5,7.1,3.3,1.6,3.8,2.2,0.6
2017-05-28 16:52:00+02:00,0.5,2.6,0.9,3.8,23.3,14.8,12.0,1.8,0.8,4.9,5.6,15.6,1.1,4.8,2.4,2.0,0.6,4.1,13.4,22.8,10.4,1.7,14.0,0.7,25.2,7.2,5.0,1.1,24.0,2.5,4.1,9.8,1.2,10.2,9.3,8.7,7.2,3.3,1.7,3.9,2.3,0.6
2017-05-28 16:53:00+02:00,0.5,2.7,0.9,3.0,22.7,14.0,11.1,1.8,0.8,5.0,5.7,14.9,1.1,4.7,2.5,2.0,0.6,4.2,12.6,22.2,9.5,1.7,13.3,0.7,25.6,7.4,4.2,1.0,23.4,2.6,4.2,8.9,1.2,9.5,8.6,7.9,6.4,3.4,1.7,3.0,2.2,0.5
2017-05-28 16:54:00+02:00,0.6,2.8,0.9,3.4,23.8,15.0,12.0,1.9,0.8,4.9,5.9,15.7,1.2,4.9,2.6,1.9,0.6,4.3,13.5,23.3,10.4,1.7,14.2,0.8,26.9,7.6,4.9,0.9,24.6,2.7,4.3,9.7,1.3,10.4,9.5,8.8,7.3,3.5,1.7,3.7,2.2,0.5
2017-05-28 16:55:00+02:00,0.3,2.9,0.9,4.3,26.0,16.7,13.5,2.0,0.8,5.2,6.2,17.5,1.3,5.1,2.7,1.9,0.7,4.5,15.2,25.5,11.8,1.9,15.9,0.9,29.3,8.0,6.0,0.8,26.8,2.8,4.6,11.1,1.3,11.2,10.2,9.4,7.8,3.6,1.8,4.2,2.5,0.7
2017-05-28 16:56:00+02:00,0.4,3.3,1.0,4.8,27.8,17.5,14.0,2.2,0.9,6.2,6.8,18.3,1.4,4.7,3.0,2.6,0.7,5.0,15.8,27.0,12.1,2.0,16.6,1.4,31.8,8.7,6.6,1.0,28.7,3.1,4.9,11.3,1.4,12.0,10.9,10.1,8.3,3.8,1.9,4.5,2.6,0.8
2017-05-28 16:57:00+02:00,0.6,3.4,1.0,4.9,28.6,18.1,14.5,2.3,0.9,6.9,6.9,18.9,1.4,4.9,3.0,3.2,0.8,5.1,16.3,27.8,12.6,2.0,17.1,1.6,31.2,8.9,6.9,1.2,29.5,3.2,5.0,11.8,1.5,12.2,11.2,10.4,8.5,3.9,2.0,4.6,2.7,0.8
2017-05-28 16:58:00+02:00,0.6,3.5,1.0,5.0,28.9,18.3,14.6,2.3,0.9,6.9,6.9,19.2,1.4,5.9,2.9,3.1,0.8,5.2,16.5,28.1,13.7,2.0,17.3,1.6,32.2,8.9,7.0,1.2,29.8,3.2,5.0,12.9,1.5,12.4,11.3,10.5,8.6,3.9,2.0,4.7,2.7,0.8
2017-05-28 16:59:00+02:00,1.1,4.5,1.3,6.6,39.2,25.0,20.3,3.1,1.1,10.1,9.3,26.2,2.1,7.6,4.1,5.1,1.1,6.7,22.7,38.0,18.0,2.7,23.7,2.5,44.5,11.8,9.1,2.6,40.4,4.2,6.7,16.7,2.0,16.4,14.9,13.5,11.1,5.1,2.6,6.1,3.5,1.0
2017-05-28 17:00:00+02:00,1.3,6.0,1.8,9.0,54.2,34.6,28.0,4.4,1.4,14.4,12.8,36.1,3.3,10.2,5.9,7.6,1.7,9.2,31.3,52.4,24.6,3.9,32.7,3.3,61.9,16.3,12.4,4.3,56.0,5.8,9.4,22.6,2.6,22.6,20.4,18.1,15.1,6.8,3.5,8.3,4.8,1.4
2017-05-28 17:01:00+02:00,2.5,7.6,2.3,11.5,69.3,44.2,35.8,5.9,1.7,19.8,16.5,46.1,4.6,13.0,7.9,11.3,2.4,11.9,40.0,66.9,31.5,5.1,41.9,5.2,79.4,20.8,15.7,7.0,71.7,7.6,12.2,28.8,3.4,28.5,25.5,22.4,18.7,8.5,4.3,10.2,5.9,1.7
2017-05-28 17:02:00+02:00,1.9,6.2,1.9,9.4,55.6,35.0,28.5,4.6,1.4,15.6,13.6,36.5,3.5,9.8,6.3,8.6,1.8,9.5,31.9,53.8,24.9,4.1,33.4,3.9,63.7,17.2,12.9,5.1,57.5,6.0,10.0,22.7,2.7,23.5,21.1,18.7,15.4,7.0,3.6,8.4,4.7,1.2
2017-05-28 17:03:00+02:00,1.7,3.3,1.0,4.8,27.2,16.9,13.8,2.0,0.9,7.6,6.9,17.5,1.3,4.3,3.0,3.9,0.7,4.8,15.6,26.4,11.9,2.0,16.3,2.4,30.6,8.9,6.7,2.1,28.1,2.9,4.9,11.1,1.4,12.0,11.1,10.1,8.4,3.7,2.0,4.7,2.7,0.8
2017-05-28 17:04:00+02:00,1.3,2.9,0.9,4.2,24.8,15.7,13.0,1.8,0.8,5.8,6.1,16.2,1.2,4.8,2.6,2.5,0.7,4.3,14.6,24.1,11.5,1.8,15.3,1.4,28.5,7.9,5.9,0.9,25.6,2.6,4.4,10.8,1.3,10.6,9.7,8.9,7.3,3.3,1.8,4.0,2.3,0.6
2017-05-28 17:05:00+02:00,1.3,2.8,0.9,4.1,23.2,14.3,12.6,1.7,0.8,6.3,6.0,14.8,1.2,4.6,2.6,3.0,0.7,4.1,13.2,22.5,11.0,1.7,13.8,2.0,26.9,7.7,5.8,1.4,23.9,2.5,4.3,10.3,1.2,9.4,8.6,8.3,6.8,2.9,1.7,3.9,2.2,0.6
2017-05-28 17:06:00+02:00,1.6,3.6,1.1,5.4,31.3,19.6,16.4,2.4,0.9,8.7,7.8,20.4,1.7,5.7,3.4,4.5,1.0,5.2,18.1,30.4,14.3,2.3,18.9,2.5,36.2,10.0,7.5,2.5,32.3,3.3,5.6,13.3,1.5,11.4,10.1,10.3,8.4,3.4,2.1,5.1,2.9,0.8
2017-05-28 17:07:00+02:00,1.4,2.8,0.9,4.1,24.2,15.4,12.7,1.7,0.8,6.3,5.9,15.9,1.1,4.7,2.5,3.1,0.6,4.1,14.3,23.5,11.1,1.7,14.9,2.0,27.9,7.6,5.8,1.5,24.9,2.5,4.2,10.4,1.2,8.8,7.9,7.8,6.4,2.4,1.6,4.0,2.3,0.7
2017-05-28 17:08:00+02:00,1.5,2.9,0.9,4.3,25.6,16.3,13.5,1.8,0.8,6.8,6.3,16.9,1.3,5.0,2.7,3.4,0.7,4.2,15.2,24.8,11.8,1.8,15.8,2.1,29.4,8.0,6.0,1.7,26.2,2.5,4.5,11.0,1.2,9.9,9.0,8.1,6.6,2.4,1.7,4.2,2.4,0.7
2017-05-28 17:09:00+02:00,0.1,2.3,0.8,3.4,20.2,12.7,10.6,1.3,0.6,4.1,5.0,13.2,0.9,3.9,2.1,1.3,0.5,3.2,11.9,19.6,9.3,1.5,12.4,0.6,23.0,6.4,4.8,0.2,20.6,1.9,3.6,8.7,1.0,7.6,6.9,6.2,5.1,1.7,1.4,3.3,1.9,0.6
2017-05-28 17:10:00+02:00,0.1,2.0,0.7,2.9,16.6,10.6,9.0,1.1,0.6,3.4,4.3,10.9,0.7,3.3,1.8,1.0,0.4,2.8,10.1,16.3,7.9,1.2,10.4,0.2,18.8,5.4,4.2,0.2,16.8,1.6,3.0,7.4,0.9,7.1,6.5,6.0,5.0,2.2,1.2,2.8,1.6,0.5
2017-05-28 17:11:00+02:00,0.2,1.8,0.6,2.5,14.1,9.0,7.7,0.8,0.5,3.2,3.7,9.2,0.6,2.8,1.6,1.1,0.3,2.3,8.6,14.0,6.8,1.1,8.9,0.2,15.8,4.8,3.7,0.1,14.2,1.3,2.7,6.4,0.8,6.2,5.7,5.3,4.5,2.1,1.0,2.4,1.5,0.4
2017-05-28 17:12:00+02:00,0.4,1.5,0.5,2.1,11.3,7.2,6.2,0.6,0.4,2.3,3.1,7.4,0.4,2.2,1.3,0.7,0.2,1.8,7.0,11.3,5.5,0.9,7.2,0.3,12.6,4.0,3.1,0.3,11.4,1.0,2.2,5.3,0.7,5.1,4.7,4.4,3.7,1.7,0.8,2.0,1.2,0.3
2017-05-28 17:13:00+02:00,0.5,1.3,0.4,1.7,9.1,5.7,5.0,0.4,0.3,1.7,2.6,5.8,0.2,1.7,1.1,0.3,0.2,1.4,5.6,9.2,4.4,0.8,5.8,0.4,10.0,3.4,2.5,0.5,9.1,0.7,1.9,4.2,0.6,4.2,3.8,3.7,3.1,1.5,0.7,1.7,1.0,0.2
2017-05-28 17:14:00+02:00,0.7,1.1,0.2,1.6,7.5,4.9,4.4,0.3,0.3,1.1,2.0,5.0,0.1,1.4,0.7,0.1,0.1,1.2,4.9,7.6,3.9,0.5,5.0,0.6,8.2,2.6,2.3,0.8,7.4,0.6,1.4,3.8,0.5,3.4,3.1,3.1,2.7,1.3,0.6,1.4,0.8,0.2
2017-05-28 17:15:00+02:00,0.7,1.0,0.1,1.5,6.7,4.6,4.1,0.3,0.2,0.9,1.6,4.6,0.2,1.4,0.5,0.2,0.1,1.1,4.6,6.8,3.6,0.2,4.7,0.7,7.4,2.2,2.2,0.8,6.7,0.6,1.1,3.6,0.4,3.0,2.7,2.7,2.3,1.2,0.6,1.1,0.6,0.1
2017-05-28 17:16:00+02:00,0.8,2.0,0.2,1.8,4.2,2.8,2.4,0.3,0.3,0.6,1.4,2.9,0.1,1.3,0.3,0.5,0.1,1.1,2.7,4.6,2.1,0.1,2.8,0.9,4.8,2.0,1.6,1.0,4.2,0.6,0.9,1.9,2.4,2.7,2.4,2.4,2.1,1.1,0.5,1.0,0.6,0.0
2017-05-28 17:17:00+02:00,0.1,2.4,0.2,2.2,3.6,2.6,2.2,0.3,0.3,1.1,1.4,2.6,0.0,1.2,0.3,0.3,0.1,1.0,2.4,4.1,2.0,0.1,2.5,0.4,4.1,2.0,1.9,0.4,3.6,0.5,0.9,1.8,2.8,2.6,2.3,2.3,2.0,1.0,0.5,1.0,0.5,0.1
2017-05-28 17:18:00+02:00,0.6,2.5,0.2,2.3,3.0,2.2,2.0,0.1,0.3,1.8,1.2,2.2,0.1,1.0,0.2,0.9,0.0,0.8,2.2,3.4,1.8,0.1,2.2,0.7,3.4,1.7,2.0,0.4,3.0,0.4,0.8,1.7,2.8,2.4,2.2,2.1,1.8,0.9,0.4,0.9,0.5,0.1
2017-05-28 17:19:00+02:00,0.6,2.6,0.1,2.4,2.7,2.2,1.9,0.2,0.2,1.5,1.2,2.1,0.2,0.7,0.3,0.7,0.2,0.4,2.0,3.1,1.8,0.2,2.2,0.7,3.1,1.7,2.1,0.3,2.8,0.1,0.8,1.7,2.9,2.3,2.1,2.0,1.8,0.9,0.4,0.9,0.5,0.2
2017-05-28 17:20:00+02:00,0.5,2.7,0.0,2.5,2.7,2.4,2.2,0.4,0.2,1.5,1.2,2.4,0.5,0.4,0.4,0.7,0.2,0.2,2.2,2.9,2.1,0.2,2.5,0.6,2.9,1.7,2.2,0.4,2.7,0.2,0.9,2.1,2.9,2.3,2.1,1.9,1.7,0.8,0.4,0.9,0.5,0.1
2017-05-28 17:21:00+02:00,0.1,2.7,0.0,2.5,2.6,2.5,2.2,0.5,0.2,1.1,1.2,2.4,0.5,0.4,0.3,0.3,0.1,0.2,2.3,2.9,2.2,0.2,2.5,0.3,2.9,1.7,2.2,0.0,2.7,0.3,0.8,2.1,2.9,2.2,2.0,1.9,1.8,0.9,0.4,0.9,0.5,0.1
2017-05-28 17:22:00+02:00,0.2,2.7,0.0,2.5,2.5,2.5,2.2,0.4,0.2,1.1,1.3,2.4,0.4,0.4,0.4,0.1,0.1,0.3,2.2,2.6,2.1,0.3,2.5,0.1,2.8,1.1,2.2,0.3,2.6,0.2,0.9,2.1,2.9,2.3,2.1,2.0,1.8,0.9,0.5,0.9,0.5,0.2
2017-05-28 17:23:00+02:00,0.1,2.6,0.2,2.6,2.9,2.5,2.3,0.3,0.2,1.1,1.6,2.5,0.4,0.5,0.6,0.1,0.0,0.4,2.3,3.2,2.2,0.4,2.6,0.1,3.2,1.8,2.2,0.3,2.9,0.2,1.1,2.2,2.9,2.5,2.3,2.1,2.0,1.0,0.5,1.0,0.6,0.2
2017-05-28 17:24:00+02:00,0.0,2.6,0.2,2.7,3.3,2.5,2.1,0.2,0.2,1.2,1.7,2.4,0.1,1.0,0.7,0.1,0.0,0.9,2.2,3.8,1.9,0.5,2.5,0.2,3.8,2.2,2.3,0.4,3.4,0.4,1.2,1.9,2.9,2.7,2.5,2.3,2.1,1.0,0.5,1.1,0.6,0.2
2017-05-28 17:25:00+02:00,0.1,1.8,0.2,1.9,3.6,2.1,1.5,0.2,0.3,1.4,1.8,2.1,0.1,1.1,0.7,0.4,0.0,0.9,1.8,4.1,1.2,0.5,2.0,0.2,4.3,2.3,1.4,0.4,3.7,0.4,1.3,1.1,2.2,3.0,2.7,2.5,2.3,1.1,0.5,1.2,0.7,0.2
2017-05-28 17:26:00+02:00,0.1,1.3,0.2,1.3,3.8,2.1,1.3,0.3,0.3,2.1,2.0,2.1,0.1,1.2,0.8,0.9,0.0,1.0,1.7,4.6,0.8,0.6,1.9,0.3,4.7,2.6,0.7,0.5,4.0,0.5,1.5,0.9,1.8,3.2,2.9,2.7,2.4,1.2,0.6,1.3,0.7,0.2
2017-05-28 17:27:00+02:00,0.1,1.4,0.3,1.3,4.0,2.3,1.5,0.3,0.2,2.2,2.1,2.4,0.1,1.3,0.9,1.0,0.0,1.1,2.0,4.9,1.0,0.6,2.1,0.3,4.9,2.7,0.7,0.5,4.2,0.5,1.5,0.9,1.9,3.4,3.1,2.8,2.5,1.2,0.6,1.3,0.7,0.2
2017-05-28 17:28:00+02:00,0.5,1.4,0.2,1.4,4.3,2.4,1.5,0.2,0.2,2.8,2.1,2.4,0.1,1.2,0.8,1.5,0.0,1.0,2.0,5.0,1.0,0.5,2.2,0.8,5.3,2.7,0.7,0.9,4.5,0.4,1.5,0.9,1.9,3.6,3.2,2.9,2.6,1.3,0.6,1.4,0.8,0.2
2017-05-28 17:29:00+02:00,0.6,1.3,0.2,0.9,4.6,3.0,2.0,0.3,0.2,3.0,1.9,3.1,0.0,1.3,0.5,1.6,0.1,1.1,2.6,5.5,1.5,0.2,2.7,0.9,5.7,2.5,0.3,1.0,4.9,0.5,1.3,1.3,1.8,3.7,3.3,3.1,2.8,1.3,0.7,1.4,0.8,0.2
2017-05-28 17:30:00+02:00,0.6,1.2,0.6,0.7,5.1,3.3,2.4,0.6,0.3,3.2,1.6,3.5,0.3,1.3,0.2,1.7,0.1,1.1,2.9,5.6,1.8,0.2,3.1,0.9,6.2,2.3,0.3,1.0,5.3,0.7,1.0,1.6,1.7,3.9,3.6,3.4,3.0,1.4,0.7,1.5,0.9,0.2
2017-05-28 17:31:00+02:00,0.7,0.7,1.1,0.3,5.6,3.9,2.9,1.5,0.3,3.6,1.3,4.1,0.4,1.4,0.3,1.9,0.2,1.3,3.5,5.9,2.2,0.7,3.7,1.0,6.9,2.0,0.9,1.1,5.9,1.4,0.6,2.0,1.3,4.4,4.0,3.7,3.3,1.6,0.8,1.7,0.9,0.2
2017-05-28 17:32:00+02:00,0.8,0.4,0.5,0.8,8.9,6.2,4.9,0.7,0.3,4.0,2.3,6.4,0.5,2.1,0.4,2.2,0.3,1.8,5.7,8.9,4.1,0.1,5.8,1.1,10.4,2.5,1.7,1.3,9.2,1.1,1.3,3.9,0.8,5.0,4.5,4.2,3.7,1.7,0.9,1.9,1.1,0.3
2017-05-28 17:33:00+02:00,0.9,1.1,1.0,2.0,14.2,9.4,7.7,0.9,0.4,5.3,2.9,9.9,0.6,2.8,0.4,2.9,0.3,2.5,8.7,14.0,6.5,0.3,8.9,1.3,16.6,4.1,3.2,1.7,14.7,1.3,1.6,6.1,0.4,7.3,6.6,6.0,5.1,2.4,1.2,2.7,1.5,0.4
2017-05-28 17:34:00+02:00,1.3,1.8,0.8,3.1,19.6,12.4,9.8,0.4,0.4,7.4,4.5,13.1,0.3,2.7,1.2,4.1,0.5,2.4,11.3,19.3,8.3,0.3,11.7,1.8,22.5,6.2,4.7,2.6,20.3,0.9,2.9,7.5,0.5,10.2,9.1,8.1,6.7,3.1,1.6,3.6,2.1,0.4
2017-05-28 17:35:00+02:00,0.6,0.5,1.0,1.0,8.8,5.7,4.1,0.7,0.3,3.7,1.8,6.0,0.9,1.0,0.1,1.8,1.0,0.7,5.0,8.8,3.3,0.5,5.3,0.7,9.6,2.8,2.0,1.0,9.0,0.3,1.0,3.0,0.7,5.3,4.7,4.3,3.7,1.7,0.8,2.0,1.2,0.3
2017-05-28 17:36:00+02:00,0.5,0.7,0.4,0.4,6.9,3.9,2.6,0.8,0.3,3.2,2.0,4.2,1.0,0.7,0.4,1.5,1.0,0.5,3.4,7.0,1.9,0.0,3.6,0.6,8.1,2.8,0.9,0.8,7.1,0.5,1.3,1.7,1.4,4.3,3.8,3.4,3.3,1.6,0.8,1.7,1.0,0.2
2017-05-28 17:37:00+02:00,0.5,0.4,1.0,0.5,5.0,3.7,2.4,0.9,0.2,2.8,1.2,3.9,1.1,0.5,0.3,1.3,1.0,0.3,3.2,5.1,1.8,0.6,3.3,0.5,6.4,1.2,1.2,0.7,5.2,0.6,0.5,1.6,1.0,4.1,3.7,3.3,3.0,1.4,0.7,1.6,0.9,0.2
2017-05-28 17:38:00+02:00,0.4,0.5,0.5,0.9,4.9,3.7,2.5,1.0,0.2,2.4,1.6,3.4,1.1,0.3,0.2,1.0,1.1,0.3,3.2,5.0,1.9,0.1,3.3,0.4,6.1,1.5,1.6,0.6,5.0,0.7,1.0,1.7,0.5,4.0,3.6,3.2,2.8,1.3,0.6,1.5,0.9,0.2
2017-05-28 17:39:00+02:00,0.4,0.5,1.0,0.9,4.4,3.3,2.3,1.0,0.2,2.2,1.0,3.5,1.1,0.3,0.4,0.8,1.1,0.4,2.9,4.5,1.7,0.7,3.0,0.4,5.1,0.9,1.5,0.6,4.1,0.8,0.4,1.6,0.6,3.9,3.5,3.2,2.7,1.3,0.6,1.4,0.8,0.2
2017-05-28 17:40:00+02:00,0.4,0.3,0.5,0.6,5.7,4.0,2.9,0.4,0.2,2.2,1.4,4.2,0.5,0.8,0.1,0.8,0.3,0.8,3.5,5.6,2.3,0.2,3.7,0.4,5.9,1.4,1.4,0.5,4.8,0.3,0.8,2.1,0.6,3.9,3.5,3.1,2.6,1.2,0.7,1.4,0.8,0.2
2017-05-28 17:41:00+02:00,0.5,0.2,1.0,0.5,6.1,4.4,3.2,0.4,0.2,2.6,1.2,4.6,0.3,1.2,0.4,1.1,0.0,1.2,3.9,5.9,2.6,0.6,4.1,0.5,6.2,1.2,1.2,0.5,5.2,0.6,0.4,2.4,0.7,4.1,3.7,3.3,2.8,1.2,0.7,1.5,0.8,0.2
2017-05-28 17:42:00+02:00,0.4,0.2,0.5,0.5,7.6,5.1,3.7,0.4,0.1,2.9,2.0,5.3,0.3,1.5,0.3,1.3,0.0,1.4,4.5,7.3,3.1,0.1,4.7,0.4,7.6,2.0,1.4,0.5,6.7,0.7,1.1,2.8,0.8,4.5,4.0,3.7,3.1,1.4,0.8,1.7,0.9,0.2
2017-05-28 17:43:00+02:00,0.5,0.2,1.8,0.8,7.8,6.1,4.5,0.5,0.2,3.3,1.0,6.4,0.3,1.7,1.0,1.5,0.0,1.6,5.4,7.5,3.7,1.4,5.7,0.6,8.0,1.1,1.7,0.6,7.0,0.8,0.1,3.5,0.6,5.1,4.6,4.2,3.5,1.6,0.9,1.9,1.0,0.3
2017-05-28 17:44:00+02:00,0.5,0.4,0.9,0.9,10.2,7.1,5.4,0.7,0.3,3.8,2.2,7.5,0.4,2.1,0.1,1.8,0.1,1.9,6.3,9.9,4.4,0.4,6.7,0.7,10.6,2.4,1.9,0.8,9.4,1.0,1.2,4.1,0.5,5.9,5.3,4.8,4.0,1.8,1.0,2.2,1.2,0.3
2017-05-28 17:45:00+02:00,0.6,0.6,0.1,1.2,13.3,8.5,6.5,0.9,0.3,4.6,3.6,8.9,0.5,2.7,1.2,2.3,0.1,2.4,7.6,12.9,5.3,0.6,7.9,0.9,14.1,3.9,2.3,1.1,12.6,1.3,2.4,4.9,0.4,6.8,6.1,5.6,4.6,2.1,1.2,2.5,1.3,0.4
2017-05-28 17:46:00+02:00,0.9,0.9,0.1,1.5,14.7,9.1,6.9,1.0,0.4,5.3,4.0,9.7,0.7,2.4,1.4,2.7,0.2,2.7,8.1,14.2,5.6,0.8,8.5,1.2,15.8,4.5,2.8,1.4,14.1,1.5,2.7,5.2,0.3,7.7,7.0,6.4,5.2,2.4,1.3,2.8,1.5,0.4
2017-05-28 17:47:00+02:00,1.0,1.1,0.8,1.9,16.2,11.1,8.6,1.1,0.5,6.0,3.3,11.7,0.8,3.4,0.6,3.1,0.3,3.0,10.0,15.7,7.2,0.1,10.5,1.4,17.7,4.0,3.3,1.7,15.6,1.7,2.0,6.7,0.2,8.4,7.7,7.0,5.8,2.6,1.4,3.1,1.7,0.5
2017-05-28 17:48:00+02:00,1.3,1.6,0.9,2.5,18.5,12.8,10.1,1.4,0.5,6.9,3.7,13.5,0.9,3.9,0.6,3.7,0.4,3.4,11.6,17.9,8.6,0.1,12.1,1.7,20.4,4.4,4.1,2.1,18.0,2.0,2.2,8.0,0.2,9.4,8.6,7.8,6.4,2.8,1.5,3.5,1.9,0.6
2017-05-28 17:49:00+02:00,1.5,2.2,0.8,3.2,21.3,14.7,11.8,1.8,0.6,7.7,4.3,15.4,1.3,4.6,0.9,4.2,0.6,4.0,13.4,20.6,10.2,0.1,13.9,2.0,23.7,5.2,5.0,2.5,20.8,2.5,2.6,9.6,0.7,10.5,9.7,8.8,7.2,3.2,1.7,4.0,2.2,0.7
2017-05-28 17:50:00+02:00,1.7,2.5,0.7,3.8,24.5,16.8,13.4,2.0,0.6,8.6,5.0,17.6,1.4,5.3,1.3,4.7,0.7,4.6,15.3,23.6,11.7,0.3,15.9,2.2,27.5,6.1,5.7,2.8,24.0,2.8,3.2,10.9,0.8,11.7,10.7,9.8,8.0,3.6,1.8,4.4,2.5,0.8
2017-05-28 17:51:00+02:00,1.9,2.9,0.7,4.3,28.0,19.1,15.3,2.3,0.7,9.8,5.8,20.0,1.7,5.9,1.6,5.4,0.8,5.2,17.4,27.0,13.3,0.5,18.1,2.6,31.6,7.1,6.5,3.3,27.5,3.2,3.7,12.4,0.9,13.2,12.1,10.9,8.9,4.0,2.1,4.8,2.8,0.9
2017-05-28 17:52:00+02:00,2.1,3.2,0.5,4.9,31.2,20.3,17.1,2.6,0.7,10.4,6.7,21.2,1.9,6.5,2.0,5.6,1.0,5.7,18.4,30.2,14.8,0.7,19.2,2.2,34.5,9.0,7.3,3.2,30.9,3.5,4.4,13.8,1.0,14.8,13.5,12.1,9.8,4.5,2.3,5.4,3.1,0.9
2017-05-28 17:53:00+02:00,2.5,3.7,0.7,5.7,38.0,23.9,20.0,2.9,0.8,12.1,9.1,24.9,2.2,7.4,3.6,6.5,1.1,6.5,21.6,36.8,17.3,2.1,22.6,2.5,43.0,11.8,8.5,3.8,38.8,3.9,6.4,16.0,1.2,17.4,15.8,14.2,11.5,5.1,2.7,6.3,3.6,1.0
2017-05-28 17:54:00+02:00,2.4,3.5,0.8,5.4,36.3,22.9,18.3,2.0,0.8,12.2,8.7,23.9,1.3,6.6,3.5,7.0,1.0,5.6,20.7,35.1,15.7,2.1,21.7,3.3,41.1,11.2,8.0,4.4,37.1,3.1,6.1,14.6,1.2,16.1,14.7,13.3,10.8,4.8,2.5,6.0,3.4,1.0
2017-05-28 17:55:00+02:00,2.5,4.0,0.8,6.1,38.8,25.0,20.1,2.7,0.9,12.7,9.0,26.1,1.9,7.4,3.6,7.3,1.1,6.3,22.7,37.7,17.4,2.2,23.7,3.5,43.9,11.6,8.8,4.6,39.7,3.8,6.3,16.2,1.7,16.8,15.3,13.9,11.2,5.0,2.6,6.2,3.5,1.0
2017-05-28 17:56:00+02:00,2.8,4.8,0.9,7.1,42.5,27.2,21.8,3.4,1.0,14.1,9.9,28.4,2.4,7.3,3.9,8.1,1.2,6.1,24.7,41.2,18.8,2.4,25.9,3.9,48.6,12.8,10.1,5.1,43.3,4.0,7.0,17.4,2.2,18.7,17.1,15.5,12.6,5.6,2.9,6.9,3.9,1.1
2017-05-28 17:57:00+02:00,3.1,5.2,0.5,7.8,45.5,29.2,23.6,3.6,1.1,14.9,10.5,30.6,2.6,7.7,3.8,8.3,1.3,6.4,26.8,44.2,20.3,2.2,28.1,3.7,49.1,13.6,11.1,5.1,46.4,4.3,7.2,18.8,2.4,20.7,18.9,17.1,13.8,6.2,3.1,7.6,4.3,1.2
2017-05-28 17:58:00+02:00,3.2,4.4,0.4,7.1,46.5,29.8,23.6,3.0,1.2,15.2,10.7,31.2,1.9,8.2,3.8,8.4,0.5,6.9,26.9,45.1,20.2,2.2,28.2,3.6,52.1,13.9,10.5,5.1,47.4,3.6,7.3,18.7,2.5,21.3,19.4,17.6,14.2,6.4,3.2,7.9,4.5,1.2
2017-05-28 17:59:00+02:00,2.9,3.9,0.8,6.7,43.2,27.4,21.6,2.4,1.1,14.3,10.3,28.7,1.4,7.3,3.9,8.0,0.2,6.0,24.7,41.9,18.5,2.4,26.0,3.7,50.1,13.2,9.9,4.9,44.3,3.0,7.1,17.1,2.3,19.6,17.9,16.3,13.2,5.9,3.0,7.3,4.2,1.2
2017-05-28 18:00:00+02:00,3.2,5.0,0.4,8.2,46.8,30.2,24.6,2.9,1.0,16.1,10.6,31.5,1.7,8.1,3.8,9.3,0.3,6.8,27.8,45.3,21.2,2.1,29.2,4.5,54.4,13.8,11.6,5.9,47.8,3.5,7.2,19.7,2.2,20.9,19.1,17.3,14.2,6.5,3.3,7.7,4.4,1.2
2017-05-28 18:01:00+02:00,4.7,6.9,0.7,11.5,68.0,43.5,35.4,4.7,1.3,24.3,15.9,45.4,3.3,11.5,6.0,14.4,1.2,10.2,40.1,65.9,30.5,3.4,41.7,6.8,79.3,20.6,16.4,9.6,69.7,5.5,11.0,27.9,2.8,31.1,28.1,25.1,20.2,9.3,4.7,10.9,6.2,1.5
2017-05-28 18:02:00+02:00,4.8,7.2,0.8,11.9,70.9,45.4,36.8,4.9,1.3,25.3,16.4,47.4,3.5,12.0,6.3,15.0,1.3,10.6,41.6,68.7,31.7,3.6,43.3,7.2,82.8,21.4,17.0,10.1,72.9,5.8,11.4,29.0,2.9,32.0,29.0,25.8,21.0,9.6,4.9,11.3,6.4,1.5
2017-05-28 18:03:00+02:00,4.9,6.9,1.4,11.6,70.2,44.5,36.1,4.9,1.3,25.2,16.7,46.4,3.6,11.9,6.8,15.1,1.4,10.5,40.9,68.1,31.2,4.1,42.4,7.4,81.8,21.6,16.6,10.2,72.0,5.8,11.8,28.5,2.8,31.4,28.4,25.3,20.5,9.4,4.8,11.1,6.3,1.4
2017-05-28 18:04:00+02:00,4.7,5.8,1.7,10.3,68.0,42.9,34.9,5.7,1.2,24.1,16.5,44.8,4.4,12.4,6.9,14.4,2.3,11.1,39.4,65.9,30.1,4.4,40.9,7.1,79.2,21.1,15.1,9.7,69.8,6.5,11.8,27.5,2.7,30.2,27.4,24.4,19.8,9.1,4.6,10.8,6.1,1.5
2017-05-28 18:05:00+02:00,4.7,5.7,1.8,10.3,67.9,42.8,34.8,5.7,1.2,24.2,16.6,44.6,4.4,12.3,6.9,14.4,2.3,11.0,39.3,65.8,30.0,4.4,40.8,7.1,79.0,21.1,15.1,9.7,69.5,6.5,11.8,27.4,2.6,30.3,27.5,24.5,19.8,9.0,4.6,10.8,6.1,1.5
2017-05-28 18:06:00+02:00,4.7,6.0,1.7,10.5,67.2,42.3,34.4,5.1,1.2,24.1,16.5,44.1,3.9,11.6,6.9,14.4,2.0,10.4,38.8,65.2,29.6,4.3,40.3,7.0,78.6,21.1,15.4,9.7,69.2,5.9,11.7,27.0,2.5,30.3,27.5,24.5,19.7,9.0,4.6,10.7,6.1,1.4
2017-05-28 18:07:00+02:00,4.6,6.4,1.6,10.9,66.0,41.3,33.6,4.3,1.1,23.9,16.3,43.0,3.1,10.5,6.8,14.3,1.3,9.3,38.0,64.0,28.8,4.2,39.4,6.9,77.3,21.0,15.7,9.7,67.9,4.9,11.5,26.2,2.4,30.3,27.4,24.3,19.5,8.9,4.6,10.6,6.0,1.4
2017-05-28 18:08:00+02:00,4.5,6.2,1.5,10.6,63.3,39.4,32.5,4.0,1.1,23.2,15.8,41.0,2.9,10.0,6.5,13.8,1.4,8.9,36.7,61.4,27.9,4.0,38.0,6.7,71.6,20.4,15.3,9.3,65.2,4.6,11.2,25.3,2.3,29.3,26.5,23.5,19.0,8.7,4.4,10.3,5.8,1.3
2017-05-28 18:09:00+02:00,4.4,6.2,1.5,10.5,63.0,39.5,33.0,4.9,1.1,22.9,15.6,41.1,3.8,10.8,6.4,13.7,2.2,9.7,37.3,61.2,28.5,3.9,38.5,6.6,70.1,20.1,15.2,9.2,64.8,5.4,11.0,25.9,2.3,28.9,26.1,23.2,18.7,8.5,4.4,10.2,5.7,1.3
2017-05-28 18:10:00+02:00,4.4,6.1,1.5,10.3,62.1,39.8,32.6,4.8,1.1,22.6,15.3,41.3,3.7,10.6,6.3,13.5,2.2,9.6,36.8,60.3,28.1,3.8,38.0,6.5,68.9,19.0,15.0,9.1,63.8,5.4,10.8,25.6,2.3,28.6,25.8,22.9,18.5,8.5,4.3,10.0,5.6,1.2
2017-05-28 18:11:00+02:00,3.0,4.4,1.1,7.4,44.0,28.6,23.6,3.4,0.9,15.4,10.5,29.7,2.5,8.2,4.2,9.0,1.4,7.2,26.5,42.8,20.4,2.6,27.5,4.5,49.5,13.1,10.7,5.9,45.1,4.3,7.4,18.9,1.9,19.8,18.0,16.2,13.2,6.0,3.0,7.2,4.0,0.9
2017-05-28 18:12:00+02:00,1.8,2.9,0.7,4.7,28.3,18.4,15.1,2.3,0.7,9.2,6.4,19.2,1.5,5.7,2.5,5.2,0.9,4.8,17.0,27.6,13.3,1.6,17.7,2.7,31.4,8.3,6.7,3.2,28.9,3.0,4.5,12.4,1.4,11.5,10.5,9.6,7.8,3.8,1.9,4.0,2.6,0.7
2017-05-28 18:13:00+02:00,1.6,2.4,0.6,2.6,22.5,13.8,10.9,2.0,0.6,8.2,5.7,14.5,1.3,4.9,2.2,4.6,0.8,4.2,12.5,21.8,9.3,1.4,13.2,2.4,25.1,7.5,4.0,2.8,23.0,2.6,4.0,8.6,1.2,10.6,9.7,8.9,7.4,3.3,1.7,4.0,2.3,0.6
2017-05-28 18:14:00+02:00,1.7,2.3,0.6,3.1,23.4,14.6,11.8,1.6,0.5,8.1,5.7,15.2,1.0,4.4,2.1,4.7,0.5,3.7,13.4,22.7,10.1,1.3,14.0,2.4,25.9,7.5,5.0,2.9,23.8,2.1,3.9,9.3,1.1,10.8,9.8,8.9,7.4,3.4,1.7,4.0,2.3,0.6
2017-05-28 18:15:00+02:00,1.4,2.0,0.4,3.4,20.1,12.7,10.3,0.8,0.5,6.3,4.7,13.3,0.3,3.2,1.6,3.2,0.3,2.5,11.6,19.5,8.8,0.9,12.2,2.1,21.9,6.2,5.0,2.4,20.3,1.2,3.2,8.2,1.0,9.1,8.4,7.6,6.4,2.9,1.4,3.5,2.0,0.5
2017-05-28 18:16:00+02:00,1.3,1.9,0.2,3.1,17.9,11.8,9.5,0.7,0.5,5.2,3.6,12.4,0.3,3.0,0.8,2.4,0.4,2.3,10.8,17.4,8.2,0.2,11.3,2.0,19.7,5.0,4.6,2.2,18.2,1.1,2.2,7.6,0.9,8.5,7.8,7.2,6.0,2.7,1.3,3.2,1.9,0.5
2017-05-28 18:17:00+02:00,1.3,1.7,0.2,3.0,16.6,10.7,8.4,0.8,0.4,5.1,3.5,11.3,0.4,3.1,0.8,2.2,0.2,2.5,9.6,16.2,8.1,0.2,10.1,1.9,18.3,4.9,4.4,2.1,16.9,1.2,2.2,7.5,0.8,8.4,7.8,7.1,5.9,2.7,1.3,3.2,1.9,0.6
2017-05-28 18:18:00+02:00,2.4,2.8,0.3,5.2,32.8,21.2,17.3,2.4,0.4,11.2,7.2,22.0,1.9,5.8,2.0,5.8,1.1,5.2,19.7,31.9,15.1,0.7,20.3,3.3,37.0,9.8,8.0,4.4,33.4,2.8,4.7,13.8,0.9,16.1,14.7,13.1,10.6,4.8,2.4,5.8,3.2,0.7
2017-05-28 18:19:00+02:00,3.3,3.5,0.1,6.7,43.3,27.4,22.6,3.0,0.4,15.6,10.2,28.4,2.5,7.0,3.3,8.6,1.5,6.5,25.7,42.0,19.2,1.4,26.2,4.5,49.4,13.6,10.2,6.4,44.2,3.3,6.8,17.2,0.9,21.4,19.4,17.0,13.6,6.3,3.2,7.3,4.0,0.6
2017-05-28 18:20:00+02:00,3.3,3.4,0.0,6.6,42.2,26.1,22.2,2.8,0.3,15.5,10.4,27.0,2.5,6.8,3.5,8.5,1.4,6.4,25.3,41.0,18.8,1.7,24.9,4.5,48.4,13.9,10.1,6.4,43.1,3.2,7.1,16.9,0.8,21.2,19.2,16.8,13.4,6.2,3.1,7.2,3.9,0.5
2017-05-28 18:21:00+02:00,3.2,3.2,0.8,6.3,42.3,25.7,21.3,2.6,0.3,15.1,11.2,26.6,2.3,6.4,4.4,8.2,1.3,6.0,24.4,41.1,18.0,2.6,24.6,4.4,47.9,14.6,9.7,6.2,42.8,2.9,7.9,16.2,0.8,20.6,18.6,16.2,13.0,6.0,3.0,7.0,3.7,0.5
2017-05-28 18:22:00+02:00,3.2,3.0,0.8,6.0,39.9,24.0,19.5,1.8,0.3,14.6,10.8,24.8,1.5,5.1,4.3,7.9,0.6,4.9,22.4,38.8,16.2,2.6,22.9,4.3,45.3,14.0,9.3,6.0,40.4,2.0,7.6,14.4,0.7,20.0,18.1,15.8,12.7,5.8,2.9,6.9,3.7,0.5
2017-05-28 18:23:00+02:00,3.2,2.8,0.9,5.8,39.4,23.3,18.7,1.6,0.3,15.0,11.0,24.1,1.3,4.4,4.3,8.2,0.3,4.7,21.7,38.3,15.5,2.6,22.2,4.3,45.2,14.2,9.2,6.1,40.2,1.8,7.7,13.6,0.4,20.3,18.3,16.0,12.8,5.9,3.0,7.0,3.8,0.6
2017-05-28 18:24:00+02:00,3.2,2.7,0.9,5.7,38.5,22.8,18.3,1.5,0.3,14.5,10.8,23.6,1.2,4.4,4.2,7.9,0.3,4.6,21.2,37.4,15.1,2.6,21.8,4.2,44.2,13.8,9.0,6.0,39.3,1.7,7.6,13.4,0.3,19.9,18.0,15.8,12.6,5.7,2.9,6.8,3.7,0.5
2017-05-28 18:25:00+02:00,3.2,2.8,0.9,5.8,38.4,23.8,19.4,2.0,0.3,14.6,10.7,24.6,1.7,5.3,4.2,7.9,0.8,5.2,22.3,38.4,16.3,2.5,22.8,4.2,44.1,13.8,9.2,6.0,39.2,2.2,7.6,14.5,0.5,19.8,17.9,15.6,12.5,5.7,2.9,6.7,3.6,0.4
2017-05-28 18:26:00+02:00,3.3,3.4,0.8,6.5,38.9,24.5,19.9,1.6,0.2,15.9,11.1,25.3,1.2,5.0,4.4,9.0,0.3,4.9,22.9,39.6,16.7,2.6,23.4,4.4,45.5,14.3,10.0,6.3,39.5,1.9,7.9,14.9,0.7,20.5,18.6,16.2,13.0,5.9,3.0,7.0,3.9,0.5
2017-05-28 18:27:00+02:00,2.9,3.2,0.8,5.9,34.0,21.6,17.6,1.2,0.2,14.3,9.7,22.3,0.9,4.3,3.8,8.1,0.1,4.2,20.3,34.8,14.8,2.3,20.7,3.8,39.8,12.5,9.0,5.3,34.3,1.5,6.9,13.3,0.7,17.7,16.0,14.2,11.3,5.2,2.6,6.1,3.3,0.4
2017-05-28 18:28:00+02:00,2.8,3.0,0.7,5.6,32.4,20.6,16.8,1.0,0.2,13.6,9.4,21.3,0.7,4.0,3.6,7.7,0.1,3.9,19.4,33.3,14.1,2.2,19.8,3.6,38.3,12.0,8.6,4.9,33.0,1.3,6.6,12.6,0.6,16.9,15.2,13.5,10.8,5.0,2.5,5.8,3.1,0.3
2017-05-28 18:29:00+02:00,3.1,2.3,0.7,5.2,35.0,21.6,17.5,1.2,0.2,15.2,10.3,22.3,0.9,4.3,4.0,8.7,0.1,4.2,20.4,35.7,14.5,2.3,20.8,4.0,41.0,13.4,8.5,5.6,35.7,1.4,7.3,12.8,0.6,18.6,16.8,14.9,11.8,5.5,2.8,6.3,3.3,0.2
2017-05-28 18:30:00+02:00,3.1,1.4,0.7,4.2,34.7,20.2,16.3,1.0,0.3,14.9,10.1,20.9,0.7,4.1,3.9,8.5,0.1,4.1,19.1,34.0,13.3,2.3,19.4,4.0,41.2,13.1,7.5,5.5,35.4,1.2,7.1,11.6,0.4,18.5,16.7,14.7,11.7,5.4,2.8,6.3,3.3,0.3
2017-05-28 18:31:00+02:00,3.0,2.7,0.7,5.6,35.5,21.3,17.4,0.8,0.3,14.7,10.0,21.8,0.6,3.9,3.8,8.4,0.1,3.8,20.2,34.8,14.4,2.2,20.5,3.9,41.9,13.0,8.8,5.4,36.2,1.0,7.0,12.7,0.1,18.5,16.7,14.6,11.6,5.4,2.7,6.2,3.3,0.3
2017-05-28 18:32:00+02:00,3.0,3.2,0.7,6.0,35.7,21.5,17.8,0.9,0.3,14.4,10.0,22.1,0.7,4.0,3.8,8.1,0.1,3.8,20.6,35.0,14.8,2.2,20.9,3.7,40.9,13.0,9.2,5.2,36.4,1.0,6.9,13.2,0.5,18.3,16.6,14.5,11.5,5.3,2.7,6.2,3.3,0.3
2017-05-28 18:33:00+02:00,3.0,3.2,0.7,6.1,35.4,21.2,17.5,0.9,0.2,14.1,10.0,21.6,0.7,3.5,3.7,7.9,0.1,3.4,20.3,34.6,14.5,2.2,20.7,3.4,40.4,13.0,9.3,5.0,36.1,0.5,6.9,12.9,0.5,18.4,16.7,14.6,11.6,5.4,2.7,6.2,3.3,0.3
2017-05-28 18:34:00+02:00,2.7,2.9,0.7,5.5,32.0,20.2,17.0,1.6,0.2,12.4,9.0,19.7,1.4,4.4,3.3,6.8,0.9,4.2,19.5,31.3,14.2,2.0,19.7,3.0,36.3,11.7,8.4,4.2,32.6,1.6,6.2,12.8,0.5,16.7,15.1,13.3,10.6,4.8,2.5,5.8,3.2,0.4
2017-05-28 18:35:00+02:00,2.6,2.8,0.6,5.4,30.2,19.3,16.1,1.5,0.2,12.1,8.8,19.2,1.2,3.7,3.2,6.5,0.8,3.6,18.7,30.6,13.4,1.9,18.9,2.8,34.0,11.4,8.3,4.0,30.3,1.0,6.0,12.0,0.5,16.3,14.8,13.1,10.4,4.7,2.4,5.7,3.1,0.4
2017-05-28 18:36:00+02:00,2.4,2.6,0.6,5.0,28.1,18.3,15.3,1.3,0.2,11.0,8.0,18.7,1.1,3.9,2.8,5.8,0.7,3.8,17.7,29.1,12.8,1.6,17.9,2.5,31.8,10.4,7.7,3.5,28.6,1.4,5.4,11.6,0.5,15.0,13.6,12.0,9.6,4.4,2.2,5.3,2.9,0.4
2017-05-28 18:37:00+02:00,2.5,2.7,0.6,5.2,30.1,18.8,15.7,1.2,0.2,11.5,8.3,19.2,1.0,4.0,2.9,6.1,0.7,3.8,18.2,30.0,13.1,1.7,18.4,2.6,34.0,10.8,7.9,3.8,30.6,1.3,5.6,11.8,0.5,14.8,13.4,11.8,9.2,4.5,2.3,4.8,2.3,0.7
2017-05-28 18:38:00+02:00,2.5,2.8,0.6,5.3,31.6,19.5,16.4,1.5,0.2,11.8,8.4,19.9,1.3,4.4,2.9,6.3,0.7,4.1,18.9,31.0,13.8,1.7,19.1,2.6,35.5,11.0,8.1,3.9,31.9,1.7,5.7,12.5,0.6,15.6,14.2,12.5,9.9,4.6,2.3,5.3,2.8,0.2
2017-05-28 18:39:00+02:00,2.6,2.9,0.6,5.5,31.9,20.1,16.9,1.4,0.2,12.4,8.1,20.5,1.2,4.4,2.5,6.7,0.8,4.1,19.4,31.3,14.1,1.2,19.7,2.8,36.0,10.8,8.4,4.2,32.3,1.5,5.3,12.8,0.5,16.4,14.9,13.2,10.5,4.8,2.4,5.8,3.1,0.4
2017-05-28 18:40:00+02:00,2.8,2.9,0.6,5.6,32.5,20.7,17.4,1.5,0.2,12.6,8.0,21.1,1.3,4.5,2.1,6.7,0.8,4.2,20.0,31.9,14.5,0.8,20.2,2.9,36.8,10.8,8.7,4.1,32.8,1.5,5.1,13.1,0.5,17.2,15.6,13.8,11.0,5.1,2.6,5.9,3.2,0.4
2017-05-28 18:41:00+02:00,2.8,2.8,0.6,5.6,33.1,20.4,16.9,1.5,0.2,12.5,9.1,20.8,1.3,4.0,3.2,6.6,0.8,3.8,19.6,32.7,14.1,1.8,19.8,2.9,38.1,11.9,8.6,3.8,33.5,1.1,6.2,12.6,0.5,17.2,15.6,13.8,11.0,5.1,2.6,5.9,3.2,0.4
2017-05-28 18:42:00+02:00,2.9,3.0,0.6,5.8,34.9,21.5,17.9,1.6,0.3,13.5,9.6,22.0,1.4,4.3,3.4,7.3,0.8,4.0,20.7,34.5,14.9,1.9,21.0,3.1,40.5,12.5,9.0,4.2,35.3,1.2,6.5,13.3,0.6,18.1,16.4,14.5,11.5,5.4,2.7,6.2,3.3,0.4
2017-05-28 18:43:00+02:00,2.9,2.9,0.6,5.8,34.3,21.4,17.9,1.5,0.3,14.0,9.5,21.8,1.3,4.3,3.3,7.7,0.8,4.0,20.7,33.8,14.8,1.9,20.9,3.0,39.7,12.0,9.0,4.6,34.6,1.2,6.5,13.3,0.6,17.9,16.2,14.3,11.3,5.3,2.7,6.0,3.2,0.2
2017-05-28 18:44:00+02:00,2.9,2.9,0.6,5.8,32.7,21.1,17.7,1.6,0.3,14.1,9.3,21.5,1.3,4.3,3.2,7.9,0.8,4.0,20.4,32.2,14.7,1.8,20.6,3.1,38.1,10.7,8.9,4.8,33.0,1.2,6.3,13.3,0.6,17.3,15.7,13.7,10.8,5.3,2.7,5.5,2.7,0.2
2017-05-28 18:45:00+02:00,2.8,2.9,0.6,5.8,32.3,20.9,17.5,1.4,0.3,13.7,9.1,21.1,1.2,4.3,3.1,7.5,0.8,4.0,20.2,31.8,14.6,1.8,20.4,2.8,37.6,10.7,8.9,4.5,32.6,1.2,6.2,13.2,0.6,17.7,16.1,14.2,11.2,5.2,2.6,6.0,3.3,0.4
2017-05-28 18:46:00+02:00,2.7,2.7,0.5,5.4,29.7,19.4,16.3,1.2,0.3,11.7,8.6,19.2,1.1,3.9,2.9,5.9,0.7,3.6,18.8,29.3,13.6,1.7,19.0,1.5,34.6,10.1,8.3,3.1,29.9,1.0,5.8,12.3,0.5,16.6,15.1,13.3,10.5,4.9,2.4,5.7,3.0,0.3
2017-05-28 18:47:00+02:00,2.6,2.8,0.5,5.5,30.1,19.8,16.7,1.1,0.3,12.1,8.6,19.7,1.1,4.3,2.8,6.2,0.7,4.0,19.2,29.7,14.0,1.7,19.4,1.8,35.1,10.0,8.4,3.4,30.3,1.4,5.7,12.7,0.5,16.1,15.2,13.3,10.6,4.9,2.4,5.7,3.0,0.3
2017-05-28 18:48:00+02:00,2.5,2.8,0.5,5.5,30.3,20.1,16.9,1.2,0.3,12.3,8.7,19.9,1.1,4.3,2.8,6.5,0.7,4.0,19.4,29.9,14.2,1.7,19.6,2.6,35.4,10.0,8.5,3.6,30.5,1.4,5.8,12.8,0.5,16.1,15.4,13.5,10.7,4.9,2.5,5.8,3.1,0.3
2017-05-28 18:49:00+02:00,2.7,2.7,0.5,5.4,30.2,20.2,17.1,1.3,0.3,12.4,8.7,20.0,1.2,4.5,2.8,6.5,0.8,4.2,19.6,29.8,14.3,1.7,19.8,2.7,35.3,9.9,8.4,3.6,30.4,1.5,5.8,13.0,0.4,15.9,15.2,13.3,10.5,4.9,2.5,5.6,2.9,0.2
2017-05-28 18:50:00+02:00,2.6,2.5,0.5,5.2,29.0,19.1,15.9,1.3,0.3,12.3,8.3,18.8,1.1,4.5,2.5,6.4,0.8,4.2,18.5,28.6,14.0,1.2,18.7,2.7,34.0,9.8,8.2,3.5,29.2,1.5,5.4,12.7,0.4,15.7,14.8,13.1,10.3,4.8,2.4,5.5,2.9,0.1
2017-05-28 18:51:00+02:00,2.6,2.5,0.5,5.2,29.1,19.6,16.5,1.3,0.2,12.2,7.9,19.3,1.1,4.6,2.1,6.4,0.8,4.3,19.0,28.7,14.0,0.8,19.2,2.7,34.1,9.4,8.1,3.5,29.3,1.6,5.0,12.7,0.4,15.2,14.3,13.1,10.2,4.8,2.4,5.4,2.8,0.1
2017-05-28 18:52:00+02:00,2.6,2.5,0.5,5.2,30.1,19.7,16.7,1.3,0.2,12.4,7.9,19.4,1.1,4.3,2.1,6.5,0.7,4.1,19.1,29.8,13.8,0.9,19.3,2.7,35.1,10.4,8.2,3.7,30.3,1.6,5.0,12.5,0.4,15.1,14.3,13.1,10.2,4.8,2.4,5.5,2.8,0.2
2017-05-28 18:53:00+02:00,2.6,2.4,0.5,5.1,29.4,19.1,16.0,1.2,0.2,12.2,7.8,18.8,1.0,3.8,2.1,6.4,0.7,3.6,18.5,29.1,13.2,0.9,18.7,2.6,34.3,10.3,8.0,3.6,29.6,1.5,4.9,11.9,0.4,14.7,14.2,13.0,10.1,4.7,2.4,5.4,2.8,0.2
2017-05-28 18:54:00+02:00,2.6,2.4,0.5,5.1,28.2,18.0,14.9,1.0,0.2,12.2,7.7,17.7,1.0,2.9,2.0,6.3,0.6,2.6,17.4,27.9,12.1,0.8,17.6,2.6,33.0,10.2,8.0,3.5,28.4,1.3,4.9,10.8,0.4,15.0,14.1,13.0,10.1,4.7,2.4,5.3,2.8,0.2
2017-05-28 18:55:00+02:00,2.6,2.1,0.4,4.7,27.8,17.5,14.5,1.1,0.2,12.4,7.7,17.2,1.0,2.9,2.0,6.7,0.7,2.6,17.0,27.3,11.7,0.8,17.2,2.6,32.5,10.1,7.6,3.8,28.0,1.3,4.8,10.5,0.0,14.7,14.0,12.9,10.0,4.7,2.4,5.4,2.8,0.2
2017-05-28 18:56:00+02:00,2.5,2.5,0.4,5.1,27.8,17.7,14.7,1.3,0.2,12.3,7.5,17.4,1.0,2.7,1.9,6.7,0.7,2.5,17.3,27.3,11.9,0.8,17.4,2.5,32.8,9.9,8.0,3.9,28.0,1.2,4.7,10.7,0.4,14.3,13.8,12.7,9.9,4.6,2.3,5.4,2.9,0.2
2017-05-28 18:57:00+02:00,2.4,2.3,0.4,4.9,27.0,17.3,14.3,1.3,0.2,12.0,7.3,16.9,1.0,2.7,1.8,6.4,0.6,2.4,16.8,26.6,11.6,0.8,17.0,2.4,31.9,9.7,7.7,3.7,27.2,1.2,4.6,10.4,0.4,14.2,13.5,12.5,9.8,4.5,2.3,5.3,2.8,0.2
2017-05-28 18:58:00+02:00,2.3,2.3,0.4,4.9,26.7,17.1,14.1,1.3,0.2,11.8,7.2,16.7,1.0,2.6,1.8,6.3,0.6,2.4,16.6,26.3,11.4,0.7,16.8,2.3,31.5,9.6,7.6,3.6,26.8,1.2,4.5,10.3,0.4,13.9,13.2,12.2,9.7,4.4,2.2,5.2,2.8,0.2
2017-05-28 18:59:00+02:00,2.3,2.3,0.4,4.5,25.9,16.5,13.6,1.2,0.2,11.6,7.1,16.1,0.9,2.5,1.8,6.2,0.6,2.3,16.0,25.5,10.9,0.7,16.2,2.2,30.5,9.4,7.2,3.5,26.0,1.1,4.5,9.7,0.4,13.7,13.0,12.0,9.5,4.4,2.2,5.1,2.8,0.2
2017-05-28 19:00:00+02:00,2.2,2.2,0.4,4.2,25.2,15.9,13.1,1.2,0.2,11.4,7.1,15.7,0.9,2.5,1.8,6.0,0.6,2.2,15.5,24.9,10.5,0.7,15.8,2.1,29.8,9.2,6.9,3.4,25.3,1.1,4.4,9.4,0.4,13.5,12.8,11.9,9.4,4.3,2.2,5.1,2.8,0.2
2017-05-28 19:01:00+02:00,2.2,2.2,0.4,4.1,25.8,16.6,13.8,1.1,0.2,11.3,6.8,16.7,0.9,3.3,1.7,5.9,0.5,3.1,16.3,25.4,11.3,0.7,16.5,2.0,30.3,8.8,6.8,3.3,25.8,1.0,4.4,10.1,0.4,13.0,12.7,11.8,9.4,4.3,2.1,5.1,2.8,0.2
2017-05-28 19:02:00+02:00,2.2,2.1,0.4,4.0,24.4,15.5,12.7,0.2,0.2,11.2,6.7,15.6,0.0,2.4,1.5,5.9,0.5,2.2,15.1,24.1,10.2,0.6,15.3,2.1,28.9,8.6,6.7,3.3,24.5,0.1,4.1,9.1,0.3,13.5,12.6,11.6,9.2,4.2,2.1,5.0,2.7,0.2
2017-05-28 19:03:00+02:00,1.8,2.1,0.3,4.0,22.3,15.2,12.5,0.1,0.2,11.1,5.3,14.8,0.1,2.2,0.2,5.8,0.5,2.0,14.9,22.0,10.0,0.7,15.0,2.1,26.7,7.3,6.6,3.3,22.4,0.1,2.8,8.9,0.3,13.4,12.4,11.5,9.1,4.2,2.1,5.0,2.7,0.2
2017-05-28 19:04:00+02:00,1.8,2.1,0.3,4.0,22.0,15.6,13.1,0.9,0.2,11.0,5.0,14.6,0.7,3.0,0.2,5.8,0.5,2.8,15.4,21.6,10.6,0.7,15.4,2.1,26.3,7.0,6.6,3.3,22.0,0.7,2.5,9.5,0.3,13.0,12.1,11.2,8.9,4.1,2.1,4.8,2.5,0.1
2017-05-28 19:05:00+02:00,1.8,2.1,0.3,3.7,22.7,14.6,11.9,1.0,0.2,10.8,5.6,14.7,0.8,2.1,0.8,5.7,0.5,1.9,14.3,22.3,9.5,0.0,14.4,2.0,26.9,7.6,6.3,3.2,22.7,0.9,3.1,8.4,0.4,13.0,12.0,11.0,8.7,4.1,2.1,4.6,2.4,0.1
2017-05-28 19:06:00+02:00,1.8,2.1,0.3,2.8,22.3,13.1,10.3,1.1,0.2,10.9,6.9,13.1,0.9,1.5,1.9,5.7,0.5,1.2,12.7,21.9,7.9,1.1,12.9,2.1,26.6,8.8,5.5,3.2,22.3,0.2,4.4,6.9,0.4,13.3,12.4,11.1,8.7,4.1,2.1,4.6,2.3,0.1
2017-05-28 19:07:00+02:00,1.8,2.1,0.3,3.2,23.4,13.8,11.0,1.1,0.2,10.9,6.9,13.8,0.9,1.7,1.9,5.7,0.5,1.5,13.4,23.1,8.6,1.1,13.6,2.1,27.8,9.3,5.8,3.2,23.4,0.3,4.4,7.5,0.4,13.2,12.3,11.0,8.6,4.1,2.1,4.5,2.3,0.1
2017-05-28 19:08:00+02:00,1.8,2.1,0.3,2.7,22.9,13.3,10.6,1.0,0.2,10.8,7.0,13.3,0.8,1.8,2.0,5.6,0.5,1.6,13.0,22.6,8.1,1.1,13.2,2.0,27.4,9.4,5.3,3.1,23.0,0.4,4.5,7.1,0.4,13.1,12.2,11.0,8.5,4.1,2.1,4.5,2.2,0.1
2017-05-28 19:09:00+02:00,1.8,2.0,0.3,3.2,21.9,13.6,10.9,1.0,0.2,10.7,6.9,12.3,0.8,1.7,2.0,5.6,0.5,1.5,13.3,21.6,8.5,1.1,13.4,2.0,26.2,9.3,5.8,3.1,21.9,0.4,4.5,7.5,0.3,12.8,11.9,10.6,8.5,4.0,2.1,4.4,2.2,0.2
2017-05-28 19:10:00+02:00,1.8,2.0,0.3,3.5,22.2,14.1,11.4,1.0,0.2,10.6,6.9,12.8,0.8,2.0,1.9,5.5,0.5,1.8,13.8,22.0,9.0,1.1,13.9,1.9,26.6,9.2,6.0,3.0,22.3,0.1,4.4,8.1,0.3,12.8,11.9,10.7,8.5,4.0,2.1,4.5,2.3,0.2
2017-05-28 19:11:00+02:00,1.8,1.7,0.3,3.3,22.6,14.6,12.0,0.9,0.2,10.4,6.7,13.4,0.7,2.9,1.8,5.3,0.5,2.7,14.3,22.3,9.6,1.0,14.5,1.9,26.9,9.0,5.8,3.0,22.6,0.8,4.3,8.7,0.1,12.8,12.0,10.8,8.4,3.9,2.0,4.5,2.3,0.2
2017-05-28 19:12:00+02:00,1.8,1.1,0.3,2.8,21.4,13.4,10.8,0.9,0.1,10.2,6.6,12.2,0.8,2.2,1.8,5.2,0.5,2.0,13.1,21.1,8.4,1.0,13.3,1.9,25.7,9.0,5.3,3.0,21.4,0.2,4.2,7.5,0.3,12.5,11.7,10.5,8.1,3.9,2.0,4.2,2.0,0.4
2017-05-28 19:13:00+02:00,1.7,0.9,0.2,2.4,21.1,13.0,10.4,0.9,0.0,10.4,6.6,11.9,0.7,2.2,1.7,5.3,0.4,1.9,12.7,20.8,8.0,1.0,12.9,1.8,25.3,8.9,4.9,2.9,21.1,0.2,4.2,7.1,0.3,11.5,10.6,9.8,7.4,3.9,2.0,3.5,1.3,1.0
2017-05-28 19:14:00+02:00,1.7,1.2,0.2,2.7,22.4,13.2,10.7,0.9,0.1,10.5,6.7,13.2,0.7,2.2,1.7,5.3,0.5,1.9,12.9,22.2,8.3,1.0,13.1,1.8,26.7,9.0,5.3,2.9,22.4,0.2,4.2,7.4,0.3,11.2,10.4,10.1,7.7,3.9,2.0,3.8,1.5,0.8
2017-05-28 19:15:00+02:00,1.7,1.5,0.2,3.6,22.8,14.0,11.6,0.6,0.1,10.2,6.5,13.8,0.5,2.3,1.7,5.1,0.4,2.1,13.8,22.5,9.3,1.0,14.0,1.8,27.0,8.7,6.1,2.9,22.8,0.2,4.1,8.4,0.3,10.6,9.7,9.7,7.3,3.8,1.9,3.5,1.3,1.0
2017-05-28 19:16:00+02:00,1.1,0.3,0.2,1.2,14.9,8.8,7.1,0.5,0.1,7.3,4.8,8.2,0.3,1.9,1.3,3.5,0.3,1.6,8.9,14.7,5.5,0.8,9.1,1.1,17.9,6.5,3.0,1.8,14.9,0.6,3.1,4.9,0.3,7.2,6.6,7.0,5.2,2.8,1.4,2.4,0.8,0.9
2017-05-28 19:17:00+02:00,0.8,0.6,0.2,0.5,10.9,5.7,4.8,0.4,0.0,5.6,4.1,5.3,0.2,1.1,1.1,2.4,0.3,0.8,6.2,10.7,3.5,0.7,6.4,0.6,13.3,5.4,1.9,1.1,10.8,0.2,2.6,3.0,0.3,5.3,6.1,6.6,5.1,2.4,1.2,2.8,1.4,0.1
2017-05-28 19:18:00+02:00,0.3,1.5,0.2,1.1,3.9,1.2,0.8,0.3,0.0,2.0,2.5,0.8,0.1,0.2,0.8,0.2,0.2,0.3,1.6,3.7,0.3,0.5,1.8,0.8,5.2,3.2,0.3,0.6,3.8,0.6,1.6,0.4,0.2,1.9,3.1,3.9,3.1,1.4,0.7,1.6,0.8,0.1
2017-05-28 19:19:00+02:00,0.4,1.1,0.3,0.4,4.9,1.8,1.4,0.1,0.0,2.5,2.6,1.4,0.2,0.3,0.8,0.5,0.1,0.6,2.3,4.7,0.6,0.6,2.5,0.6,6.4,3.5,0.6,0.4,4.8,0.9,1.7,0.4,0.2,1.4,2.5,3.3,2.4,1.5,0.7,1.0,0.1,0.8
2017-05-28 19:20:00+02:00,0.2,1.1,0.3,0.6,2.7,0.6,0.5,0.1,0.0,1.5,2.1,0.6,0.2,0.5,0.7,0.2,0.1,0.8,1.2,2.6,0.2,0.5,1.0,0.9,3.9,2.8,0.2,0.8,2.6,0.9,1.4,0.3,0.2,0.6,1.1,2.5,1.9,1.2,0.6,0.7,0.1,0.7
2017-05-28 19:21:00+02:00,0.2,0.1,0.3,0.6,6.3,3.2,3.2,0.3,0.0,1.6,2.5,2.9,0.1,0.8,0.9,0.1,0.1,0.6,4.0,6.2,2.5,0.6,3.9,1.0,7.7,3.3,1.5,0.8,6.2,0.3,1.7,2.3,0.3,0.2,1.1,3.5,2.8,1.4,0.7,1.4,0.7,0.1
2017-05-28 19:22:00+02:00,0.9,0.6,0.3,1.9,13.8,8.1,7.5,0.4,0.0,5.1,4.5,7.6,0.2,2.0,1.3,2.1,0.1,1.7,9.1,13.7,6.0,0.8,8.6,0.1,16.5,6.0,3.5,0.6,13.8,0.4,2.9,5.5,0.3,5.3,6.2,6.9,5.4,2.5,1.3,2.9,1.4,0.2
2017-05-28 19:23:00+02:00,1.8,1.0,0.3,3.1,20.8,12.5,10.9,0.5,0.0,8.8,6.3,12.1,0.3,2.5,1.6,4.3,0.2,2.2,13.2,20.6,8.7,1.0,12.2,1.1,24.8,8.5,5.4,2.1,20.8,0.2,4.0,7.9,0.3,9.4,10.0,9.9,7.7,3.6,1.9,4.1,2.0,0.2
2017-05-28 19:24:00+02:00,1.9,1.1,0.3,3.3,20.9,12.5,10.9,0.5,0.0,9.0,6.5,12.0,0.3,2.2,1.7,4.4,0.2,1.9,13.3,20.8,8.7,1.0,12.2,1.1,25.0,8.8,5.7,2.1,21.0,0.4,4.1,7.9,0.3,9.7,10.3,10.1,7.7,3.5,1.8,4.2,2.1,0.1
2017-05-28 19:25:00+02:00,1.7,0.4,0.3,2.5,19.3,10.9,10.2,0.6,0.1,8.5,6.3,10.5,0.4,2.4,1.7,4.1,0.2,2.1,12.5,19.0,8.0,1.0,11.5,0.9,23.1,8.5,4.9,1.8,19.3,0.2,4.0,7.3,0.2,9.1,9.7,9.8,7.5,3.5,1.8,4.1,2.1,0.1
2017-05-28 19:26:00+02:00,0.8,0.3,0.3,2.4,21.4,13.0,10.6,0.6,0.1,8.6,6.4,12.6,0.3,2.9,1.7,4.2,0.2,2.6,12.9,21.1,8.4,1.0,12.9,0.9,25.4,8.6,4.8,1.8,21.5,0.4,4.0,7.6,0.2,9.5,10.1,9.9,7.6,3.5,1.8,4.1,2.1,0.1
2017-05-28 19:27:00+02:00,0.8,0.6,0.3,2.1,20.3,12.2,10.1,0.6,0.8,8.6,6.2,11.7,0.4,2.8,1.6,4.2,0.2,2.5,12.4,20.1,7.9,1.0,11.9,1.1,24.1,8.4,4.4,1.9,20.3,0.5,4.0,7.2,1.2,8.5,8.6,9.7,7.5,3.4,1.8,4.1,2.1,0.1
2017-05-28 19:28:00+02:00,1.2,0.8,0.3,2.2,17.9,10.9,8.5,0.6,0.9,7.7,5.3,10.5,0.4,2.1,1.5,4.1,0.2,1.8,10.4,17.6,6.7,0.9,10.6,1.5,21.1,7.1,4.1,2.1,17.8,0.2,3.4,6.1,1.0,7.7,7.2,8.1,6.3,2.9,1.5,3.4,1.7,0.1
2017-05-28 19:29:00+02:00,1.0,0.5,0.3,1.4,15.1,9.3,7.3,0.5,1.0,5.8,4.5,8.8,0.3,2.4,1.3,3.2,0.1,2.1,8.9,14.9,5.8,0.8,9.1,1.1,17.8,6.0,3.0,1.5,15.1,0.5,2.9,5.3,1.1,7.0,6.5,6.8,5.4,2.5,1.2,2.9,1.4,0.1
2017-05-28 19:30:00+02:00,0.1,1.5,0.3,0.8,7.0,3.6,2.2,0.2,1.1,0.9,2.9,3.1,0.0,0.7,1.0,0.4,0.0,0.4,3.2,6.8,1.3,0.7,3.4,0.7,8.7,3.7,0.7,0.5,7.0,0.6,2.0,1.1,1.1,4.1,3.9,4.0,3.2,1.5,0.7,1.7,0.8,0.0
2017-05-28 19:31:00+02:00,0.2,0.9,0.3,0.4,5.6,3.3,2.2,0.1,0.1,0.1,2.5,2.3,0.1,0.6,0.9,0.3,0.0,0.3,3.0,5.4,1.4,0.6,3.2,1.1,7.0,3.2,0.7,1.1,5.6,0.4,1.7,1.3,0.3,3.3,3.2,3.4,2.7,1.3,0.6,1.4,0.7,0.0
2017-05-28 19:32:00+02:00,0.1,0.8,0.3,0.4,5.3,3.1,2.0,0.1,0.0,0.3,2.4,2.1,0.1,0.6,0.9,0.2,0.0,0.3,2.8,5.1,1.3,0.6,3.0,0.6,6.4,3.0,0.7,0.6,5.2,0.4,1.7,1.2,0.2,2.8,2.7,3.2,2.6,1.2,0.6,1.4,0.7,0.0
2017-05-28 19:33:00+02:00,0.2,0.7,0.3,0.4,5.0,2.8,1.8,0.2,0.0,1.1,2.3,2.0,0.0,0.8,0.9,1.1,0.0,0.6,2.5,4.8,1.3,0.6,2.7,1.8,6.1,2.8,0.6,1.8,4.9,0.1,1.6,1.4,0.3,1.7,1.6,3.0,2.4,1.2,0.6,1.3,0.6,0.1
2017-05-28 19:34:00+02:00,0.2,0.3,0.3,0.7,8.4,4.9,3.5,0.3,0.1,0.2,3.0,4.3,0.1,1.2,1.0,0.7,0.1,0.9,4.5,8.2,2.8,0.7,4.8,1.9,10.0,3.9,1.6,1.7,8.3,0.1,2.1,2.8,0.3,3.2,3.3,4.4,3.5,1.7,0.8,1.8,0.9,0.1
2017-05-28 19:35:00+02:00,0.3,0.4,0.3,1.6,12.7,7.9,6.2,0.3,0.0,1.1,3.9,7.3,0.1,1.8,1.1,0.6,0.1,1.6,7.6,12.5,5.0,0.7,7.9,2.0,14.9,5.2,3.0,2.0,12.5,0.2,2.6,4.9,0.5,5.1,6.2,6.2,4.9,2.3,1.2,2.6,1.3,0.1
2017-05-28 19:36:00+02:00,0.6,0.6,0.2,1.5,8.2,4.7,3.3,0.2,0.0,0.3,3.0,4.1,0.0,0.1,0.9,1.4,0.1,0.2,4.4,8.0,2.5,0.6,4.6,2.5,9.8,4.0,2.5,2.5,8.0,1.3,2.0,2.5,0.4,4.1,3.9,4.6,3.7,1.7,0.9,2.0,0.9,0.1
2017-05-28 19:37:00+02:00,1.2,0.5,0.2,0.8,4.1,2.3,1.5,0.2,0.0,1.8,1.7,1.8,0.0,0.2,0.7,2.7,0.0,0.1,2.1,3.9,1.3,0.5,2.3,3.1,4.9,2.2,1.3,3.3,3.9,0.5,1.3,1.5,0.3,1.3,1.3,2.2,1.9,1.0,0.5,0.9,0.4,0.2
2017-05-28 19:38:00+02:00,1.2,0.5,0.2,0.7,4.5,2.4,1.7,0.1,0.0,3.1,1.5,2.4,0.0,0.5,0.7,2.9,0.0,0.3,2.2,4.4,1.6,0.4,2.4,3.1,5.2,2.0,1.1,3.4,4.3,0.2,1.2,1.6,0.3,0.9,1.0,1.9,1.6,0.8,0.4,0.8,0.3,0.2
2017-05-28 19:39:00+02:00,1.2,0.7,0.2,0.6,3.0,1.1,0.5,0.2,0.3,3.8,1.5,1.1,0.1,0.1,0.6,3.3,0.0,0.4,0.9,2.9,0.5,0.4,1.1,3.2,3.6,1.9,0.4,3.7,2.8,0.7,1.1,0.5,0.4,0.8,0.9,1.9,1.5,0.8,0.4,0.8,0.3,0.1
2017-05-28 19:40:00+02:00,1.3,0.9,0.2,0.7,3.1,1.0,0.4,0.2,0.1,4.1,1.5,1.1,0.1,0.1,0.6,3.5,0.0,0.2,0.8,2.9,0.4,0.4,1.0,3.9,3.6,1.9,0.3,4.0,2.8,0.5,1.1,0.4,0.4,0.9,1.0,1.8,1.5,0.8,0.4,0.7,0.3,0.2
2017-05-28 19:41:00+02:00,0.6,2.3,0.2,2.0,0.6,1.7,2.4,0.2,0.1,3.5,1.6,1.7,0.1,1.3,0.6,3.0,0.0,1.6,1.9,0.5,2.6,0.4,1.8,3.4,1.3,1.9,1.5,3.5,0.5,2.0,1.1,2.8,1.4,1.0,1.0,2.0,1.6,0.9,0.4,0.8,0.3,0.1
2017-05-28 19:42:00+02:00,0.2,1.9,0.2,1.6,1.4,1.1,1.8,0.2,0.1,2.3,1.7,1.2,0.1,1.2,0.6,2.0,0.0,1.5,1.3,1.2,2.1,0.4,1.2,2.4,1.6,2.1,1.1,2.5,1.2,1.9,1.2,2.3,0.8,1.2,1.2,2.1,1.7,0.9,0.4,0.8,0.4,0.1
2017-05-28 19:43:00+02:00,0.2,1.6,0.2,1.2,1.9,0.7,1.4,0.1,0.1,1.9,1.7,0.7,0.0,1.1,0.7,1.6,0.0,1.4,0.9,1.7,1.6,0.5,0.8,2.1,1.8,2.1,0.7,2.1,1.8,1.8,1.2,1.8,0.5,0.8,0.8,1.7,1.3,0.9,0.4,0.4,0.1,0.6
2017-05-28 19:44:00+02:00,0.2,1.3,0.2,1.0,2.1,0.5,1.1,0.1,0.1,0.8,1.7,0.5,0.0,1.1,0.6,1.6,0.0,1.3,0.7,1.9,1.3,0.4,0.6,2.1,2.9,2.0,0.5,2.1,1.9,1.8,1.2,1.5,0.3,0.5,0.5,1.3,1.0,0.9,0.4,0.1,0.4,0.9
2017-05-28 19:45:00+02:00,0.9,1.7,0.2,1.3,1.2,1.3,2.0,0.5,0.2,1.7,1.6,1.3,0.2,1.5,0.6,2.5,0.0,1.8,1.5,1.1,2.1,0.4,1.4,2.8,1.9,1.9,0.8,2.9,1.1,2.2,1.1,2.3,0.6,1.1,1.0,1.8,1.5,0.9,0.4,0.7,0.2,0.3
2017-05-28 19:46:00+02:00,1.3,1.5,0.2,1.1,1.0,2.9,3.4,2.3,0.2,2.2,1.5,2.8,0.2,3.1,0.6,2.9,0.0,3.3,2.9,1.2,3.5,0.4,2.7,3.2,0.8,1.8,0.6,3.3,1.2,3.7,1.1,3.7,0.5,2.3,2.0,2.2,2.0,1.6,0.4,0.6,0.2,0.3
2017-05-28 19:47:00+02:00,1.3,2.1,0.2,1.8,1.5,2.2,2.1,1.3,0.7,1.9,1.5,2.0,0.2,1.1,0.6,2.6,0.0,1.3,1.8,1.5,2.3,0.4,1.7,2.9,1.7,1.8,1.4,3.0,1.4,1.6,1.0,2.4,1.2,2.2,2.3,2.2,2.1,1.7,0.4,0.6,0.3,0.2
2017-05-28 19:48:00+02:00,0.4,2.0,0.2,1.7,1.5,2.0,1.9,1.3,0.7,0.7,1.4,1.9,0.2,0.7,0.5,0.4,0.0,0.9,1.5,1.5,2.0,0.4,1.4,0.5,1.7,1.7,1.3,0.6,1.4,1.1,1.0,1.9,1.1,2.2,2.3,2.3,2.1,1.7,0.4,0.6,0.2,0.3
2017-05-28 19:49:00+02:00,0.4,2.1,0.2,1.9,1.4,2.0,1.9,1.0,0.7,0.5,1.2,2.0,0.3,0.5,0.5,0.4,0.0,0.7,1.6,1.4,1.9,0.3,1.5,0.5,1.5,1.5,1.5,0.6,1.4,0.9,0.9,1.9,1.2,2.0,2.0,2.0,1.9,1.7,0.4,0.5,0.1,0.2
2017-05-28 19:50:00+02:00,0.4,1.9,0.2,1.7,1.6,2.3,2.2,1.4,0.8,0.4,0.9,2.3,0.3,0.8,0.3,0.4,0.0,1.0,1.9,1.7,2.2,0.2,1.8,0.6,1.4,1.2,1.3,0.7,1.7,1.2,0.6,2.1,1.0,1.9,1.9,2.0,1.8,1.7,0.3,0.4,0.0,0.2
2017-05-28 19:51:00+02:00,0.5,1.9,0.2,1.8,1.7,2.4,2.1,1.3,0.8,0.4,0.8,2.4,0.4,0.7,0.1,0.5,0.0,0.9,1.8,1.8,2.1,0.0,1.8,0.6,1.4,1.0,1.4,0.7,1.9,1.1,0.5,2.1,0.9,1.9,1.9,2.0,1.8,1.7,0.3,0.3,0.0,0.2
2017-05-28 19:52:00+02:00,0.5,1.7,0.1,1.5,1.6,2.3,2.1,1.4,0.5,0.5,0.6,2.3,0.4,0.9,0.1,0.5,0.0,1.0,1.8,1.7,2.0,0.1,1.7,0.7,1.3,0.8,1.1,0.8,1.9,1.3,0.3,2.0,0.6,1.9,1.9,1.9,1.8,1.7,0.3,0.2,0.0,0.3
2017-05-28 19:53:00+02:00,0.5,1.4,0.1,1.3,1.9,2.4,2.1,1.7,0.3,0.5,0.5,2.4,0.4,1.2,0.2,0.7,0.0,1.2,1.9,1.9,2.1,0.2,1.8,0.8,1.5,0.7,0.9,1.0,2.1,1.5,0.3,2.0,0.3,1.8,1.7,1.8,1.6,1.6,0.3,0.3,0.1,0.3
2017-05-28 19:54:00+02:00,0.5,1.4,0.1,1.2,2.7,3.3,3.2,1.7,0.2,0.5,0.5,3.3,0.4,2.2,0.2,0.7,0.0,2.2,2.8,2.8,3.1,0.2,2.7,0.8,2.3,0.7,0.9,1.0,2.9,2.5,0.3,3.0,0.2,1.7,1.7,1.7,1.6,1.6,0.3,0.2,0.1,0.3
2017-05-28 19:55:00+02:00,0.5,1.2,0.1,1.0,2.2,2.6,2.4,1.2,0.2,0.6,0.6,2.5,0.4,1.6,0.2,0.9,0.0,1.7,2.1,2.1,2.4,0.2,2.0,1.1,1.9,0.7,0.8,1.3,2.4,1.9,0.3,2.3,0.4,0.7,0.9,0.9,0.8,0.6,0.3,0.2,0.0,0.3
2017-05-28 19:56:00+02:00,0.5,0.6,0.1,0.4,1.9,1.9,1.7,1.4,0.2,0.7,0.6,2.0,0.4,1.5,0.1,0.9,0.0,1.5,1.5,1.6,1.7,0.1,1.3,1.0,1.8,0.8,0.3,1.2,2.0,1.8,0.4,1.7,0.5,0.3,0.3,0.9,0.8,0.4,0.3,0.3,0.1,0.2
2017-05-28 19:57:00+02:00,0.4,0.5,0.1,0.4,1.7,1.8,1.5,1.1,0.2,0.6,0.6,1.9,0.4,1.3,0.1,0.7,0.0,1.4,1.3,1.7,1.5,0.1,1.2,0.8,1.8,0.8,0.3,1.0,1.7,1.6,0.4,1.5,0.5,0.6,0.4,0.9,0.8,0.4,0.3,0.3,0.1,0.2
2017-05-28 19:58:00+02:00,0.4,0.3,0.1,0.2,2.1,1.9,1.5,1.3,0.1,0.7,0.6,2.1,0.4,1.5,0.1,1.0,0.0,1.6,1.2,1.9,1.5,0.1,1.2,1.0,1.9,0.5,0.3,1.2,2.2,1.8,0.4,1.5,0.3,0.5,0.7,1.0,0.8,0.4,0.3,0.4,0.1,0.2
2017-05-28 19:59:00+02:00,0.5,0.2,0.1,0.3,2.1,2.1,1.6,1.2,0.1,1.0,0.5,2.3,0.4,1.4,0.1,1.4,0.0,1.5,1.4,2.0,1.6,0.2,1.4,1.3,1.9,0.6,0.3,1.5,2.2,1.7,0.3,1.6,0.3,0.4,0.5,0.9,0.7,0.4,0.3,0.3,0.1,0.3
2017-05-28 20:00:00+02:00,0.8,0.2,0.1,0.4,1.8,1.9,1.4,0.9,0.1,1.0,0.4,1.9,0.2,1.1,0.1,1.2,0.0,1.2,1.1,1.6,1.3,0.2,1.2,1.1,1.5,0.6,0.3,1.3,1.9,1.4,0.3,1.3,0.3,0.4,0.6,0.8,0.6,0.4,0.2,0.2,0.2,0.3
2017-05-28 20:01:00+02:00,0.9,0.2,0.1,0.4,3.3,3.5,2.9,2.2,0.0,1.5,0.3,3.5,0.2,2.5,0.1,1.7,0.0,2.5,2.6,3.2,2.8,0.2,2.6,1.5,3.2,0.4,0.3,1.8,3.5,2.8,0.1,2.7,0.3,0.4,0.4,0.6,0.4,0.3,0.2,0.2,0.2,0.3
2017-05-28 20:02:00+02:00,1.0,0.5,0.1,0.7,4.8,4.9,3.9,2.8,0.2,1.4,0.2,5.0,0.2,3.1,0.2,1.6,0.0,3.2,3.7,4.7,3.8,0.2,3.7,1.5,5.0,0.3,0.6,1.7,5.2,3.3,0.1,3.6,0.5,0.4,0.4,0.4,0.3,0.2,0.2,0.1,0.2,0.3
2017-05-28 20:03:00+02:00,0.1,0.8,0.1,1.0,4.4,4.4,3.3,1.9,0.5,0.4,0.2,4.5,0.2,2.2,0.2,0.4,0.1,2.3,3.2,4.2,3.2,0.2,3.2,0.1,4.6,0.2,0.9,0.4,4.7,2.4,0.0,3.1,0.9,0.8,0.8,0.7,0.7,0.2,0.2,0.8,1.0,1.1
2017-05-28 20:04:00+02:00,0.1,0.8,0.1,1.0,4.4,4.3,3.3,1.9,0.4,0.4,0.1,4.4,0.2,2.2,0.2,0.3,0.0,2.3,3.1,4.2,3.2,0.2,3.2,0.2,4.5,0.2,0.9,0.5,4.7,2.4,0.1,3.1,0.8,0.3,0.4,0.4,0.3,0.2,0.2,0.1,0.2,0.3
2017-05-28 20:05:00+02:00,0.1,0.5,0.1,0.7,3.8,3.9,3.0,1.9,0.1,0.5,0.2,4.0,0.2,2.3,0.1,0.4,0.0,2.3,2.8,3.8,2.9,0.1,2.8,0.3,4.0,0.3,0.5,0.6,4.2,2.4,0.1,2.8,0.5,0.4,0.4,0.4,0.3,0.2,0.2,0.1,0.2,0.4
2017-05-28 20:06:00+02:00,0.1,0.5,0.1,0.7,3.8,4.1,3.1,1.9,0.1,0.5,0.4,4.2,0.2,2.3,0.1,0.5,0.1,2.4,2.9,3.7,3.0,0.0,2.9,0.3,4.0,0.4,0.5,0.6,4.2,2.5,0.3,2.9,0.5,0.2,0.3,0.3,0.3,0.2,0.1,0.1,0.3,0.4
2017-05-28 20:07:00+02:00,0.1,1.0,0.1,1.2,4.5,4.4,3.5,1.9,0.1,0.4,0.3,4.6,0.2,2.2,0.0,0.5,0.1,2.3,3.3,4.4,3.4,0.0,3.3,0.3,4.7,0.2,1.0,0.6,4.8,2.5,0.2,3.2,0.4,0.3,0.3,0.3,0.3,0.2,0.2,0.2,0.3,0.4
2017-05-28 20:08:00+02:00,0.1,0.6,0.1,0.7,4.5,4.4,3.4,2.3,0.0,0.3,0.2,4.6,0.6,2.6,0.0,0.4,0.1,2.7,3.3,4.4,3.3,0.0,3.2,0.3,4.7,0.2,0.6,0.6,4.8,2.9,0.1,3.2,0.4,0.3,0.4,0.4,0.4,0.2,0.1,0.2,0.3,0.4
2017-05-28 20:09:00+02:00,0.1,0.5,0.1,0.6,4.4,4.3,3.4,2.5,0.1,0.2,0.3,4.6,0.8,2.8,0.0,0.4,0.1,2.8,3.2,4.2,3.3,0.0,3.2,0.2,4.5,0.3,0.5,0.5,4.7,3.1,0.2,3.2,0.4,0.3,0.4,0.4,0.4,0.2,0.1,0.3,0.3,0.4
2017-05-28 20:10:00+02:00,0.1,0.6,0.1,1.3,4.3,4.5,3.6,2.0,0.0,0.2,0.4,4.7,0.3,2.4,0.0,0.2,0.1,2.4,3.4,4.2,3.6,0.0,3.4,0.1,4.3,0.5,1.1,0.4,4.6,2.8,0.2,3.5,0.6,0.3,0.3,0.3,0.2,0.1,0.1,0.2,0.2,0.4
2017-05-28 20:11:00+02:00,0.1,0.7,0.1,2.2,2.6,3.1,3.0,1.3,0.0,0.3,0.6,3.2,0.3,1.0,0.1,0.1,0.1,1.0,2.7,2.5,3.0,0.0,2.7,0.1,2.4,0.7,1.9,0.3,2.9,1.3,0.4,2.9,0.8,0.5,0.4,0.4,0.2,0.1,0.1,0.1,0.1,0.4
2017-05-28 20:12:00+02:00,0.2,0.7,0.0,2.0,1.9,2.6,2.8,1.5,0.0,0.6,0.7,2.7,0.3,1.1,0.1,0.1,0.1,1.1,2.4,1.8,2.9,0.0,2.4,0.1,1.6,0.9,1.7,0.2,2.2,1.5,0.4,2.7,0.9,0.9,0.8,0.7,0.5,0.3,0.2,0.3,0.0,0.4
2017-05-28 20:13:00+02:00,0.2,1.1,0.0,2.4,1.6,2.5,2.8,1.3,0.0,0.5,0.8,2.7,0.2,0.9,0.1,1.2,0.1,0.9,2.4,1.6,3.0,0.1,2.4,1.4,1.2,1.1,2.0,1.5,1.9,1.4,0.4,2.9,0.8,1.3,1.2,1.1,0.8,0.4,0.2,0.4,0.1,0.4
2017-05-28 20:14:00+02:00,0.2,0.5,0.0,1.1,0.4,0.6,0.6,0.5,0.0,0.7,0.8,0.7,0.2,0.2,0.1,0.1,0.1,0.2,0.5,0.5,0.8,0.1,0.4,0.2,0.7,1.0,0.7,0.3,0.3,0.6,0.4,0.7,0.8,1.3,1.2,1.1,0.8,0.4,0.2,0.4,0.1,0.4
2017-05-28 20:15:00+02:00,0.2,0.4,0.0,1.3,0.9,1.4,1.4,0.9,0.0,0.7,0.7,1.8,0.4,0.5,0.1,0.1,0.1,0.5,1.3,0.9,1.5,0.1,1.3,0.2,0.6,1.0,1.0,0.3,1.2,1.0,0.4,1.4,0.6,1.1,1.0,0.9,0.6,0.3,0.2,0.4,0.0,0.4
2017-05-28 20:16:00+02:00,0.2,0.5,0.0,1.2,2.4,2.5,2.5,2.1,0.0,0.6,0.7,3.2,0.4,1.7,0.1,0.1,0.1,1.7,2.4,2.3,2.6,0.1,2.3,0.2,2.1,0.9,0.9,0.3,2.7,2.2,0.3,2.5,0.3,1.1,1.0,0.9,0.7,0.3,0.3,0.3,0.0,0.4
2017-05-28 20:17:00+02:00,0.1,0.8,0.0,1.1,3.1,3.3,2.3,2.1,0.0,0.6,0.5,3.7,0.4,1.7,0.2,0.1,0.1,1.7,3.3,3.1,2.5,0.2,3.3,0.1,2.9,0.8,0.9,0.3,3.5,2.1,0.2,2.4,0.3,0.9,0.9,0.8,0.6,0.3,0.3,0.3,0.0,0.4
2017-05-28 20:18:00+02:00,0.3,0.4,0.0,0.3,3.2,1.9,1.9,2.1,0.0,0.8,0.4,3.6,0.5,1.8,0.2,0.3,0.1,1.8,1.9,3.1,1.9,0.2,1.8,0.3,3.2,0.6,0.4,0.1,3.6,2.2,0.2,1.7,0.3,0.6,0.6,0.6,0.4,0.2,0.2,0.2,0.1,0.4
2017-05-28 20:19:00+02:00,0.3,0.4,0.0,0.4,4.8,2.4,2.3,2.3,0.0,0.7,0.3,5.1,0.7,2.0,0.3,0.2,0.2,2.0,2.3,4.8,2.3,0.2,2.3,0.2,4.9,0.4,0.3,0.1,5.2,2.4,0.1,2.1,0.3,0.6,0.6,0.5,0.4,0.2,0.2,0.2,0.1,0.3
2017-05-28 20:20:00+02:00,0.2,0.7,0.0,0.8,4.5,2.9,2.8,2.2,0.0,0.6,0.2,4.6,0.6,2.0,0.4,0.2,0.2,2.0,2.8,4.4,2.7,0.2,2.8,0.2,4.5,0.4,0.6,0.2,4.8,2.4,0.1,2.6,0.3,0.3,0.3,0.5,0.3,0.2,0.2,0.2,0.1,0.3
2017-05-28 20:21:00+02:00,0.3,0.4,0.0,0.9,4.0,3.0,2.9,2.2,0.0,0.4,0.2,4.1,0.6,2.0,0.4,0.2,0.2,2.0,2.9,3.9,2.8,0.3,2.9,0.2,4.1,0.2,0.7,0.3,4.3,2.3,0.1,2.7,0.3,0.4,0.4,0.5,0.3,0.2,0.2,0.2,0.1,0.3
2017-05-28 20:22:00+02:00,0.3,0.4,0.0,1.3,4.7,3.6,3.5,2.2,0.0,0.7,0.1,4.7,0.5,2.1,0.5,0.9,0.1,2.1,3.4,4.6,3.4,0.4,3.5,0.9,4.7,0.2,1.1,1.0,5.0,2.3,0.3,3.2,0.3,0.4,0.4,0.4,0.2,0.2,0.2,0.1,0.1,0.3
2017-05-28 20:23:00+02:00,0.3,0.4,0.0,1.3,4.7,3.6,3.4,2.1,0.0,0.3,0.1,4.7,0.6,2.1,0.4,0.3,0.1,2.1,3.5,4.6,3.4,0.3,3.5,0.3,4.8,0.3,1.1,0.3,5.0,2.3,0.2,3.2,0.3,0.6,0.6,0.2,0.1,0.1,0.2,0.2,0.1,0.3
2017-05-28 20:24:00+02:00,0.3,0.4,0.0,0.4,3.4,2.5,2.4,2.1,0.0,0.4,0.2,3.5,0.6,2.1,0.3,0.2,0.1,2.1,2.4,3.3,2.4,0.2,2.5,0.2,3.5,0.4,0.3,0.3,3.7,2.2,0.1,2.3,0.3,1.1,1.2,0.4,0.5,0.1,0.2,0.7,0.1,0.3
2017-05-28 20:25:00+02:00,0.3,0.3,0.0,0.4,4.5,2.4,2.4,2.1,0.0,0.3,0.2,4.7,0.5,2.0,0.3,0.4,0.1,2.0,2.3,4.4,2.4,0.2,2.4,0.4,4.7,0.4,0.2,0.5,4.9,2.2,0.1,2.2,0.3,1.5,1.5,0.4,0.5,0.3,0.2,0.5,0.1,0.3
2017-05-28 20:26:00+02:00,0.3,0.4,0.0,0.5,4.0,2.5,2.4,2.1,0.0,0.4,0.2,4.3,0.5,1.9,0.2,0.2,0.1,1.9,2.4,3.9,2.4,0.2,2.4,0.2,4.1,0.4,0.3,0.3,4.4,2.1,0.1,2.2,0.4,1.3,1.3,0.4,0.4,0.3,0.2,0.4,0.1,0.3
2017-05-28 20:27:00+02:00,0.3,0.5,0.0,0.6,2.9,1.8,1.6,1.3,0.0,0.4,0.2,3.2,0.5,1.1,0.2,0.2,0.1,1.1,1.6,2.8,1.6,0.2,1.7,0.2,2.9,0.4,0.4,0.2,3.3,1.3,0.1,1.5,0.5,1.5,1.5,0.5,0.5,0.3,0.2,0.5,0.1,0.3
2017-05-28 20:28:00+02:00,0.3,0.4,0.1,1.0,2.1,1.6,1.5,0.7,0.1,0.4,0.2,2.3,0.6,0.6,0.2,0.2,0.1,0.6,1.5,2.0,1.5,0.2,1.5,0.2,2.1,0.4,0.8,0.3,2.4,0.7,0.1,1.3,0.4,1.5,1.5,0.5,0.5,0.3,0.2,0.5,0.1,0.3
2017-05-28 20:29:00+02:00,0.3,0.5,0.1,1.1,2.7,2.0,1.7,0.7,0.1,0.3,0.1,2.6,0.5,0.6,0.3,0.3,0.1,0.5,1.8,2.6,1.7,0.2,1.9,0.3,2.8,0.2,0.9,0.4,3.0,0.7,0.2,1.5,0.5,1.6,1.6,0.5,0.5,0.3,0.2,0.4,0.1,0.3
2017-05-28 20:30:00+02:00,0.3,0.5,0.0,1.0,3.5,2.1,1.8,0.6,0.1,0.4,0.2,3.2,0.5,0.6,0.3,0.4,0.2,0.5,1.9,3.4,1.7,0.3,2.0,0.3,3.6,0.2,0.9,0.5,3.8,0.6,0.2,1.4,0.5,1.7,1.6,0.6,0.5,0.2,0.2,0.4,0.2,0.3
2017-05-28 20:31:00+02:00,0.3,0.5,0.0,1.0,4.7,2.5,2.1,0.9,0.1,0.5,0.3,4.3,0.6,0.8,0.4,0.5,0.2,0.8,2.2,4.6,2.0,0.3,2.3,0.4,4.9,0.3,0.9,0.5,5.0,0.9,0.3,1.7,0.5,1.7,1.6,0.5,0.5,0.2,0.2,0.4,0.2,0.3
2017-05-28 20:32:00+02:00,0.3,0.5,0.0,1.0,5.1,2.8,2.1,0.8,0.1,0.6,0.5,4.4,0.5,0.7,0.5,0.6,0.2,0.7,2.2,5.0,1.9,0.5,2.3,0.5,5.3,0.5,1.0,0.6,5.4,0.8,0.4,1.7,0.4,1.6,1.5,0.6,0.5,0.2,0.2,0.4,0.2,0.3
2017-05-28 20:33:00+02:00,0.2,0.7,0.0,1.1,5.1,2.9,2.2,0.7,0.1,0.7,0.6,4.3,0.5,0.7,0.6,0.7,0.2,0.7,2.3,5.0,1.9,0.5,2.4,0.5,5.3,0.7,1.0,0.7,5.4,0.7,0.5,1.7,0.5,1.8,1.7,0.7,0.6,0.2,0.1,0.5,0.2,0.3
2017-05-28 20:34:00+02:00,0.2,0.9,0.0,1.4,6.3,3.3,2.7,0.8,0.1,0.9,0.6,5.6,0.5,0.8,0.4,0.9,0.2,0.7,2.8,6.2,2.3,0.3,2.9,0.6,6.6,0.6,1.4,0.8,6.6,0.8,0.4,2.1,0.6,2.4,2.3,1.3,1.2,0.9,0.6,0.3,0.1,0.1
2017-05-28 20:35:00+02:00,0.2,0.8,0.1,1.4,6.4,3.7,3.0,1.0,0.1,1.1,0.6,5.7,0.7,1.1,0.3,1.0,0.2,1.0,3.1,6.3,2.6,0.3,3.2,0.6,6.7,0.6,1.3,0.8,6.7,1.0,0.4,2.4,0.6,2.6,2.5,1.6,1.5,1.2,1.0,0.4,0.1,0.1
2017-05-28 20:36:00+02:00,0.2,1.0,0.1,1.8,7.1,3.9,3.3,0.8,0.1,1.7,0.6,6.3,0.5,1.0,0.3,1.1,0.2,0.8,3.4,6.9,2.9,0.2,3.4,0.7,7.4,0.6,1.7,0.9,7.4,0.8,0.4,2.7,0.7,2.2,2.1,1.7,1.6,1.2,1.0,0.4,0.1,0.1
2017-05-28 20:37:00+02:00,0.3,1.0,0.1,1.3,5.4,3.9,3.0,0.8,0.1,1.9,0.7,4.5,0.5,1.1,0.4,1.2,0.2,1.0,3.2,5.3,2.6,0.3,3.3,0.7,5.8,0.7,1.3,1.0,5.6,0.9,0.5,2.4,0.7,1.6,1.4,1.0,0.9,0.5,0.2,0.5,0.2,0.2
2017-05-28 20:38:00+02:00,0.3,1.0,0.1,1.5,7.5,5.0,3.5,0.9,0.1,2.2,0.8,6.5,0.6,1.2,0.4,1.3,0.1,1.2,3.9,7.4,3.0,0.3,4.0,0.8,8.2,0.9,1.6,1.1,7.9,1.0,0.6,2.8,0.6,1.6,1.5,1.0,0.9,0.4,0.1,0.6,0.2,0.2
2017-05-28 20:39:00+02:00,0.3,1.0,0.1,1.7,8.0,4.9,3.7,0.9,0.1,2.3,0.9,6.8,0.5,1.2,0.4,1.4,0.1,1.1,4.4,7.8,3.2,0.3,4.5,0.8,8.8,1.0,1.8,1.1,8.6,0.9,0.6,3.0,0.7,1.8,1.7,1.2,1.1,0.5,0.1,0.6,0.2,0.2
2017-05-28 20:40:00+02:00,0.4,1.7,0.1,2.2,9.6,6.3,4.3,0.8,0.1,2.2,0.9,8.6,0.4,1.2,0.4,1.3,0.1,1.2,4.5,9.5,3.8,0.3,4.6,0.8,10.6,1.0,2.3,1.2,10.0,0.9,0.6,3.5,1.2,2.0,1.9,1.4,1.2,0.6,0.2,0.7,0.3,0.1
2017-05-28 20:41:00+02:00,0.7,1.7,0.1,2.0,9.5,7.1,4.9,0.8,0.2,2.5,1.0,8.4,0.4,1.9,0.5,1.6,0.1,1.8,5.2,9.5,4.4,0.4,5.3,1.1,10.4,1.1,2.2,1.5,9.9,1.5,0.7,4.1,1.3,2.2,2.1,1.5,1.3,0.6,0.2,0.7,0.3,0.1
2017-05-28 20:42:00+02:00,1.4,1.8,0.1,2.1,9.7,7.4,5.1,1.0,0.2,3.3,1.0,8.4,0.6,2.0,0.5,2.3,0.1,1.9,5.5,9.6,4.6,0.4,5.6,1.9,10.3,1.2,2.3,2.2,10.1,1.7,0.7,4.3,1.4,2.3,2.2,1.6,1.4,0.6,0.2,0.7,0.3,0.1
2017-05-28 20:43:00+02:00,0.7,1.2,0.1,1.5,9.4,6.4,4.3,0.8,0.2,2.8,0.9,8.2,0.4,1.7,0.4,1.8,0.1,1.6,4.5,9.3,3.8,0.3,4.6,1.2,10.4,1.1,1.7,1.6,10.1,1.4,0.6,3.5,0.9,2.3,2.2,1.6,1.4,0.6,0.2,0.7,0.3,0.1
2017-05-28 20:44:00+02:00,0.4,1.0,0.1,1.5,9.8,6.3,4.2,0.8,0.1,2.5,0.9,8.6,0.4,1.7,0.4,1.4,0.1,1.6,4.4,9.8,3.7,0.3,4.5,0.9,10.5,1.1,1.7,1.3,10.2,1.3,0.6,3.3,0.7,2.1,2.0,1.5,1.3,0.6,0.2,0.7,0.3,0.1
2017-05-28 20:45:00+02:00,0.4,1.0,0.1,1.6,9.2,6.0,4.1,0.8,0.1,2.5,1.3,7.6,0.4,1.6,0.8,1.5,0.1,1.5,4.4,9.1,3.6,0.7,4.5,0.9,9.8,1.5,1.8,1.3,9.5,1.3,1.0,3.3,0.7,2.1,2.0,1.5,1.3,0.6,0.2,0.7,0.3,0.1
2017-05-28 20:46:00+02:00,0.4,1.3,0.1,1.9,7.5,5.0,4.3,0.7,0.1,2.5,0.9,6.3,0.5,1.4,0.4,1.5,0.1,1.4,4.5,7.4,3.8,0.3,4.6,0.9,8.2,1.1,2.0,1.3,7.9,1.2,0.6,3.5,0.9,2.2,2.1,1.6,1.3,0.6,0.2,0.7,0.3,0.1
2017-05-28 20:47:00+02:00,0.4,1.3,0.1,1.8,7.1,5.3,4.4,0.8,0.1,2.6,0.7,6.1,0.6,1.6,0.4,1.6,0.2,1.5,4.9,7.1,3.9,0.3,5.0,1.0,7.8,1.0,2.0,1.4,7.5,1.3,0.6,3.6,0.9,2.3,2.2,1.7,1.4,0.6,0.2,0.7,0.3,0.1
2017-05-28 20:48:00+02:00,1.8,1.1,0.1,1.6,6.8,5.3,4.3,0.7,0.2,4.6,0.8,5.7,0.6,1.5,0.4,3.5,0.2,1.5,5.0,6.7,3.6,0.3,5.0,2.9,7.5,1.1,1.8,3.3,7.2,1.3,0.6,3.3,0.8,2.3,2.2,1.7,1.4,0.7,0.2,0.7,0.3,0.1
2017-05-28 20:49:00+02:00,1.6,1.0,0.2,1.5,8.3,5.9,5.2,0.9,0.2,4.4,1.4,6.5,0.6,1.7,0.5,3.4,0.2,1.6,5.4,8.1,3.7,0.4,5.6,2.8,9.0,1.7,1.7,3.2,8.8,1.5,1.1,3.4,0.7,2.5,2.4,1.9,1.5,0.7,0.2,0.8,0.3,0.2
2017-05-28 20:50:00+02:00,2.2,1.3,0.2,1.8,10.1,7.1,6.2,1.7,0.2,5.0,1.4,8.3,0.7,2.4,0.5,3.9,0.2,2.3,6.6,10.0,4.7,0.3,6.8,3.3,11.2,1.7,2.0,3.7,10.8,2.2,1.1,4.4,1.0,2.2,2.1,1.7,1.3,0.6,0.2,0.8,0.3,0.2
2017-05-28 20:51:00+02:00,1.6,0.8,0.1,1.2,7.9,4.9,4.1,0.7,0.3,4.0,1.4,6.2,0.6,1.6,0.5,3.0,0.2,1.5,4.4,7.8,3.2,0.4,4.6,2.4,8.6,1.6,1.4,2.7,8.3,1.4,1.1,3.0,0.5,1.9,1.8,1.6,1.3,0.5,0.2,0.7,0.3,0.1
2017-05-28 20:52:00+02:00,1.0,0.8,0.1,1.2,7.7,4.7,3.9,0.8,0.3,3.1,1.4,6.0,0.6,1.7,0.5,1.8,0.1,1.6,4.3,7.6,3.3,0.3,4.4,1.2,8.4,1.6,1.4,1.6,8.1,1.5,1.1,3.1,0.5,2.0,1.9,1.6,1.3,0.6,0.2,0.7,0.3,0.1
2017-05-28 20:53:00+02:00,1.0,0.8,0.1,1.0,7.1,4.6,3.8,1.0,0.3,2.9,1.3,5.6,0.6,1.9,0.5,1.7,0.1,1.8,4.2,7.0,3.3,0.3,4.4,1.1,7.8,1.4,1.2,1.5,7.4,1.6,1.1,3.0,0.4,1.9,1.8,1.5,1.2,0.6,0.2,0.7,0.3,0.1
2017-05-28 20:54:00+02:00,1.6,0.8,0.1,0.9,6.3,4.2,3.5,0.7,0.2,3.2,1.4,4.6,0.5,1.5,0.5,2.3,0.1,1.4,3.9,6.2,2.9,0.3,4.0,1.7,7.0,1.6,1.2,2.1,6.6,1.3,1.2,2.7,0.4,2.0,2.0,1.7,1.5,0.9,0.5,0.6,0.3,0.1
2017-05-28 20:55:00+02:00,0.4,0.9,0.1,1.0,7.6,5.4,4.7,0.8,0.2,2.5,1.4,5.8,0.3,1.7,0.5,1.1,0.1,1.6,5.0,7.4,3.3,0.3,5.2,0.6,8.3,1.6,1.3,1.0,7.9,1.5,1.2,3.0,0.4,2.9,2.8,2.5,2.3,1.7,1.3,0.6,0.3,0.1
2017-05-28 20:56:00+02:00,1.0,0.7,0.1,0.8,7.7,5.5,4.7,0.5,0.2,2.8,1.4,5.9,0.3,1.8,0.5,1.8,0.1,1.7,5.1,7.4,3.2,0.3,5.3,1.2,8.3,1.5,1.1,1.5,8.0,1.5,1.2,2.9,0.4,2.9,2.8,2.6,2.3,1.7,1.4,0.6,0.3,0.1
2017-05-28 20:57:00+02:00,0.9,1.2,0.2,1.3,7.8,5.5,4.8,0.5,0.2,2.8,1.4,5.9,0.3,1.8,0.5,1.7,0.1,1.7,5.1,7.5,3.7,0.4,5.3,1.1,8.4,1.6,1.6,1.5,8.1,1.5,1.2,3.4,1.0,2.9,2.8,2.6,2.3,1.7,1.4,0.6,0.3,0.1
2017-05-28 20:58:00+02:00,1.8,1.8,0.2,1.9,8.0,5.6,4.9,0.5,0.2,3.8,1.5,5.9,0.3,1.8,0.6,2.5,0.1,1.7,5.2,7.6,4.3,0.5,5.4,1.9,8.5,1.7,2.2,2.3,8.3,1.5,1.3,4.1,1.7,2.9,2.8,2.6,2.4,1.7,1.4,0.6,0.3,0.1
2017-05-28 20:59:00+02:00,0.3,1.8,1.3,2.0,9.0,5.6,4.8,0.5,0.2,2.0,2.6,5.9,0.3,1.8,1.7,1.1,0.1,1.7,5.2,8.6,4.3,1.6,5.4,0.6,9.6,2.8,2.3,0.9,9.4,1.5,2.3,4.0,1.7,2.6,2.5,2.3,2.1,1.6,1.3,0.5,0.3,0.2
2017-05-28 21:00:00+02:00,0.8,1.8,3.5,2.0,11.4,5.7,4.9,0.7,0.2,2.5,4.8,6.1,0.5,1.9,4.0,1.5,0.1,1.8,5.3,11.0,4.4,3.8,5.5,1.0,12.2,5.1,2.3,1.3,11.9,1.6,4.6,4.1,1.7,2.6,2.5,2.3,2.1,1.6,1.3,0.5,0.3,0.2
2017-05-28 21:01:00+02:00,0.2,1.8,1.0,1.9,8.6,5.3,4.6,0.7,0.2,2.5,2.5,5.6,0.5,1.6,1.6,1.4,0.1,1.5,5.0,8.3,4.1,1.4,5.1,0.9,9.5,2.8,2.2,1.2,9.1,1.3,2.2,3.8,1.7,2.6,2.5,2.3,2.1,1.6,1.3,0.5,0.3,0.2
2017-05-28 21:02:00+02:00,0.6,1.2,0.4,1.3,8.2,5.4,4.8,0.7,0.2,2.9,2.0,5.6,0.5,1.4,0.9,2.0,0.1,1.4,5.1,7.8,3.3,0.8,5.3,1.6,9.0,2.2,1.6,1.9,8.7,1.1,1.5,3.0,1.1,2.6,2.4,2.3,2.1,1.5,1.3,0.5,0.3,0.2
2017-05-28 21:03:00+02:00,0.4,0.5,0.4,0.6,7.3,4.5,3.9,0.7,0.2,1.9,2.0,4.8,0.5,1.4,1.0,1.0,0.1,1.4,4.3,7.0,2.7,0.7,4.5,0.5,8.1,2.2,1.0,0.8,7.7,1.1,1.5,2.4,0.4,2.4,2.3,2.1,1.9,1.4,1.1,0.5,0.3,0.2
2017-05-28 21:04:00+02:00,0.4,0.5,0.3,0.7,7.5,5.3,3.8,0.8,0.2,2.0,1.5,5.5,0.6,1.5,1.0,1.0,0.2,1.4,4.1,7.2,2.8,0.7,4.3,0.6,8.2,1.7,1.0,0.8,7.8,1.2,1.1,2.5,0.4,1.8,1.7,1.5,1.3,0.8,0.6,0.5,0.2,0.1
2017-05-28 21:05:00+02:00,0.5,0.5,0.3,0.7,8.2,5.5,3.9,0.9,0.2,2.0,2.0,5.8,0.6,1.5,1.5,1.0,0.2,1.5,4.2,8.0,2.9,1.3,4.4,0.6,9.0,2.2,1.0,0.9,8.5,1.3,1.6,2.6,0.4,1.8,1.6,1.5,1.3,0.8,0.6,0.5,0.2,0.1
2017-05-28 21:06:00+02:00,0.5,0.5,0.3,0.7,8.1,4.8,3.8,0.8,0.2,2.0,2.5,5.1,0.6,1.4,2.0,1.1,0.2,1.4,4.1,7.8,2.8,1.8,4.3,0.6,8.8,2.7,1.0,0.9,8.3,1.2,2.1,2.5,0.4,3.0,2.9,2.7,2.6,2.1,0.7,0.5,0.2,0.1
2017-05-28 21:07:00+02:00,0.5,0.5,0.3,0.7,10.5,4.3,3.7,0.8,0.2,1.6,2.5,4.5,0.6,1.3,2.0,1.1,0.2,1.3,4.0,10.2,2.7,1.8,4.2,0.6,11.2,5.7,1.0,0.9,10.7,1.2,2.1,2.4,0.4,3.8,3.7,3.5,3.4,2.9,0.7,0.5,0.2,0.1
2017-05-28 21:08:00+02:00,0.4,0.5,0.3,0.8,10.2,4.4,3.8,0.8,0.2,1.6,2.5,4.6,0.6,1.4,2.0,1.0,0.2,1.3,4.1,9.9,2.8,1.8,4.3,0.5,11.0,5.2,1.1,0.8,10.5,1.2,2.1,2.5,0.4,3.9,3.8,3.6,3.6,2.9,0.7,0.7,0.2,0.1
2017-05-28 21:09:00+02:00,0.6,1.6,0.3,1.9,14.1,5.5,4.9,0.8,0.2,1.8,2.5,9.2,0.6,1.4,2.0,1.2,0.2,1.3,5.2,13.7,3.9,1.8,5.4,0.7,14.8,4.4,2.1,1.0,14.3,1.2,2.1,3.5,0.4,4.1,4.0,3.8,3.7,2.9,0.7,0.8,0.3,0.2
2017-05-28 21:10:00+02:00,0.8,1.8,0.3,2.2,14.2,6.4,5.7,0.8,0.2,2.0,2.5,9.2,0.6,1.3,2.0,1.5,0.2,1.2,6.1,14.0,4.8,1.8,6.3,0.9,15.0,4.7,3.1,1.2,14.5,1.1,2.1,4.4,0.7,2.5,2.4,2.2,2.1,1.3,0.6,0.8,0.3,0.2
2017-05-28 21:11:00+02:00,0.4,1.1,0.3,1.5,10.1,5.3,4.7,0.8,0.2,1.8,2.5,5.6,0.6,1.0,2.0,1.2,0.2,0.9,5.1,9.9,3.8,1.9,5.3,0.5,10.8,4.3,2.4,0.9,10.4,0.8,2.1,3.4,0.9,2.0,1.8,1.7,1.6,0.8,0.6,0.8,0.3,0.2
2017-05-28 21:12:00+02:00,0.4,1.3,0.4,1.6,9.3,4.7,4.1,0.8,0.3,2.7,2.5,5.0,0.6,1.0,2.0,2.1,0.2,0.9,4.5,9.1,3.2,1.9,4.7,0.5,9.9,4.1,1.8,0.9,9.6,0.8,2.2,2.8,1.0,2.0,1.8,1.6,1.5,0.8,0.6,0.8,0.3,0.2
2017-05-28 21:13:00+02:00,0.4,1.3,0.4,1.7,9.2,4.7,4.1,0.8,0.3,1.8,2.5,5.0,0.6,1.0,2.1,1.2,0.2,0.9,4.5,9.0,3.2,2.0,4.7,0.5,9.9,4.0,1.8,0.9,9.5,0.8,2.2,2.8,1.0,1.9,1.8,1.6,1.5,0.8,0.6,0.8,0.3,0.2
2017-05-28 21:14:00+02:00,0.4,1.3,0.7,1.6,9.9,4.6,4.1,0.8,0.3,1.6,2.9,5.2,0.6,1.0,2.5,1.0,0.2,0.9,4.4,9.7,3.1,2.4,4.6,0.5,10.5,4.5,1.8,0.9,10.2,0.9,2.7,2.7,1.0,1.9,1.7,1.5,1.5,0.8,0.6,0.7,0.3,0.2
2017-05-28 21:15:00+02:00,0.4,1.4,1.7,1.7,11.6,4.8,4.3,0.9,0.4,1.6,4.0,5.6,0.7,1.1,3.5,1.0,0.2,1.0,4.6,11.4,3.3,3.4,4.8,0.5,12.2,5.7,1.8,0.8,11.9,1.0,3.7,3.0,1.1,1.8,1.6,1.5,1.4,0.8,0.7,0.6,0.3,0.2
2017-05-28 21:16:00+02:00,0.4,1.2,1.2,1.5,11.3,4.7,4.1,0.8,0.3,1.6,3.7,5.6,0.7,1.1,3.1,1.0,0.2,0.9,4.4,11.0,3.2,2.9,4.6,0.5,11.9,5.4,1.7,0.8,11.6,0.9,3.3,2.7,1.0,1.8,1.6,1.5,1.4,0.8,0.7,0.6,0.3,0.2
2017-05-28 21:17:00+02:00,0.4,1.4,1.2,1.7,10.2,5.1,4.5,0.8,0.3,1.7,2.7,6.0,0.7,1.0,1.9,1.1,0.2,0.9,4.8,9.9,3.5,1.8,4.9,0.5,10.8,3.9,1.9,0.9,10.5,0.9,2.2,2.9,1.1,1.8,1.6,1.5,1.4,0.8,0.7,0.6,0.3,0.2
2017-05-28 21:18:00+02:00,0.4,1.4,0.4,1.7,10.7,6.8,6.0,0.8,0.3,2.1,1.5,7.6,0.7,1.1,0.8,1.4,0.2,1.0,6.4,10.5,5.5,0.7,6.5,0.9,11.3,2.8,2.0,1.3,11.0,0.9,1.0,3.1,1.2,2.6,2.5,2.4,1.9,1.3,0.7,0.6,0.3,0.2
2017-05-28 21:19:00+02:00,0.4,1.4,0.3,1.7,11.2,6.6,5.7,0.8,0.3,2.1,2.2,7.5,0.7,1.2,0.7,1.4,0.2,1.0,6.0,11.0,5.5,0.6,6.3,0.9,11.7,3.5,1.9,1.3,11.4,0.9,1.8,3.1,1.2,3.1,2.9,2.8,1.8,1.1,0.7,0.7,0.4,0.3
2017-05-28 21:20:00+02:00,0.4,1.4,0.5,1.7,11.7,6.4,5.7,0.7,0.3,2.1,2.8,7.4,0.6,1.1,1.2,1.4,0.2,1.0,5.9,11.6,5.5,1.1,6.1,0.9,12.3,4.1,1.9,1.3,12.0,0.9,2.4,3.0,1.1,3.0,2.8,2.7,1.7,1.1,0.7,0.6,0.3,0.2
2017-05-28 21:21:00+02:00,0.3,1.3,1.2,1.6,12.3,6.1,4.6,0.7,0.3,1.9,3.8,7.0,0.6,1.0,1.9,1.4,0.1,0.9,5.5,12.1,4.3,1.6,5.8,0.9,13.0,5.1,1.8,1.2,12.6,0.8,3.0,2.9,1.1,4.8,4.7,4.5,4.2,3.5,0.7,0.7,0.3,0.2
2017-05-28 21:22:00+02:00,0.2,1.1,1.2,1.4,12.9,5.8,4.7,1.0,0.3,1.7,3.1,6.6,0.6,1.2,2.2,1.3,0.1,1.2,5.2,12.7,4.5,2.0,5.5,0.8,13.7,6.1,1.6,1.1,13.2,1.1,2.7,2.9,0.9,4.6,4.4,4.3,4.2,3.5,0.7,0.7,0.2,0.2
2017-05-28 21:23:00+02:00,0.2,1.1,0.4,1.4,12.3,5.7,4.9,1.2,0.3,1.7,2.8,6.4,0.6,1.4,1.5,1.3,0.1,1.4,5.2,12.1,4.6,1.3,5.4,0.8,13.1,5.8,1.6,1.1,12.6,1.3,2.3,3.0,0.9,2.8,2.6,2.5,2.3,1.4,0.7,0.9,0.2,0.1
2017-05-28 21:24:00+02:00,0.2,1.1,0.3,1.4,12.5,6.7,5.1,1.2,0.2,1.7,2.0,7.2,0.6,1.4,0.9,1.3,0.1,1.4,6.2,12.3,4.9,0.7,6.4,0.8,13.3,5.2,1.9,1.1,12.8,1.3,1.6,3.3,0.9,2.4,2.2,2.1,2.0,1.0,0.6,1.0,0.2,0.1
2017-05-28 21:25:00+02:00,0.3,1.5,0.4,1.7,12.4,6.1,5.5,1.0,0.2,1.7,2.2,6.6,0.6,1.5,1.1,1.3,0.1,1.5,5.7,11.8,5.2,0.8,5.8,0.8,13.3,5.3,2.4,1.1,12.7,1.4,1.8,3.9,0.9,2.0,1.9,1.8,1.7,0.5,0.2,1.1,0.4,0.1
2017-05-28 21:26:00+02:00,0.5,1.2,1.2,1.5,14.8,7.7,6.5,1.0,0.2,2.0,2.7,8.2,0.7,2.5,1.8,1.6,0.2,2.5,7.3,13.9,6.2,1.6,7.4,1.0,15.5,5.8,2.1,1.3,15.2,2.4,2.3,4.6,0.9,2.2,2.1,1.9,1.8,0.6,0.2,1.3,0.5,0.1
2017-05-28 21:27:00+02:00,1.0,1.2,1.2,1.5,14.7,7.8,6.7,1.0,0.3,2.6,2.5,8.4,0.6,2.6,1.8,2.2,0.2,2.5,7.4,13.9,6.4,1.7,7.6,1.5,15.4,5.6,2.4,1.7,15.1,2.4,2.1,4.9,1.0,2.2,2.1,1.9,1.8,0.6,0.2,1.2,0.4,0.1
2017-05-28 21:28:00+02:00,1.0,1.3,0.5,1.5,14.6,8.2,7.6,0.9,0.3,2.6,2.0,8.7,0.6,2.5,1.1,2.2,0.2,2.4,7.7,13.7,7.3,1.0,8.0,1.5,15.3,5.1,3.4,1.7,14.9,2.3,1.6,5.9,1.0,2.5,2.4,2.2,2.1,0.6,0.1,1.5,0.6,0.3
2017-05-28 21:29:00+02:00,1.0,1.3,0.2,1.6,14.4,8.3,6.7,0.9,0.3,2.6,1.6,8.9,0.6,2.0,0.9,2.2,0.2,1.9,7.9,13.5,6.4,0.7,8.1,1.5,15.1,4.8,3.1,1.7,14.7,1.8,1.2,5.0,1.0,2.5,2.4,2.2,2.1,0.6,0.1,1.5,0.6,0.3
2017-05-28 21:30:00+02:00,1.1,1.3,0.1,1.7,14.2,8.2,7.3,1.3,0.3,2.7,1.6,8.8,1.1,2.8,0.7,2.3,0.2,2.7,7.7,13.3,6.9,0.6,8.0,1.6,14.9,4.6,2.8,1.8,14.5,2.6,1.2,5.6,1.0,2.5,2.4,2.2,2.1,0.6,0.1,1.5,0.6,0.3
2017-05-28 21:31:00+02:00,1.8,1.3,0.1,1.7,13.9,7.9,7.1,1.4,0.3,3.6,1.5,8.7,1.2,2.9,0.7,3.0,0.2,2.8,7.5,13.1,6.8,0.6,7.7,2.3,14.7,4.6,2.7,2.6,14.3,2.7,1.1,5.5,1.0,2.4,2.3,2.2,2.0,0.6,0.1,1.5,0.6,0.3
2017-05-28 21:32:00+02:00,1.6,1.2,0.1,1.6,15.6,9.2,7.7,2.3,0.2,3.3,1.9,9.9,1.1,3.7,0.6,2.7,0.1,3.7,8.8,14.7,7.5,0.5,9.0,2.0,16.4,5.0,2.6,2.3,16.0,3.6,1.5,6.4,1.0,2.5,2.3,2.1,2.0,0.6,0.1,1.4,0.6,0.3
2017-05-28 21:33:00+02:00,0.3,1.3,0.1,1.7,13.9,7.2,6.6,2.2,0.2,2.0,2.1,8.0,1.1,3.7,0.6,1.5,0.1,3.7,6.8,13.0,6.4,0.5,7.1,0.8,14.7,5.1,2.2,1.0,14.3,3.6,1.7,6.0,1.0,2.4,2.2,2.0,1.9,0.6,0.1,1.3,0.6,0.3
2017-05-28 21:34:00+02:00,0.3,1.3,0.1,1.7,11.4,6.2,5.6,1.4,0.2,2.9,2.2,6.9,1.2,2.9,0.7,2.4,0.2,2.8,5.9,10.5,5.5,0.6,6.0,0.8,12.2,3.9,2.2,1.9,11.8,2.7,1.8,5.0,1.0,2.4,2.2,2.0,1.9,0.6,0.2,1.3,0.4,0.2
2017-05-28 21:35:00+02:00,0.3,1.4,0.1,1.7,9.9,6.7,5.3,1.3,0.3,2.9,1.9,7.4,1.2,2.5,0.5,2.4,0.2,2.5,6.4,9.0,5.2,0.4,6.6,0.8,10.7,1.9,2.2,1.9,10.3,2.4,1.5,4.7,1.0,2.5,2.3,2.1,2.0,0.7,0.3,1.3,0.4,0.2
2017-05-28 21:36:00+02:00,0.7,1.4,0.1,1.7,10.8,7.4,5.3,1.2,0.3,2.5,1.9,8.2,1.1,2.5,0.3,1.9,0.1,2.4,7.2,9.8,5.1,0.2,7.3,1.2,11.5,2.0,2.2,1.5,11.1,2.3,1.6,4.7,1.0,2.5,2.4,2.2,1.9,0.7,0.3,1.2,0.4,0.1
2017-05-28 21:37:00+02:00,1.7,1.4,0.1,1.7,12.3,8.4,6.1,1.3,0.3,3.7,1.9,9.2,1.2,2.7,0.3,3.0,0.2,2.6,8.1,11.4,6.0,0.2,8.3,2.1,13.0,2.5,2.8,2.4,12.6,2.5,1.6,5.5,1.0,2.5,2.4,2.2,1.9,0.7,0.3,1.2,0.4,0.1
2017-05-28 21:38:00+02:00,1.7,1.3,0.1,1.7,13.1,8.9,5.5,1.2,0.3,3.6,1.8,9.6,1.1,2.6,0.3,2.9,0.1,2.5,8.6,12.2,5.4,0.2,8.7,2.1,13.6,2.8,2.3,2.4,13.3,2.5,1.4,4.9,1.0,3.0,2.8,2.6,2.3,0.7,0.3,1.6,0.4,0.1
2017-05-28 21:39:00+02:00,1.4,1.3,0.1,1.7,12.6,8.3,5.3,1.2,0.3,3.4,1.8,9.0,1.1,2.6,0.3,2.6,0.1,2.5,8.0,11.6,5.2,0.2,8.2,1.8,14.0,2.8,2.1,2.2,13.7,2.5,1.5,4.7,1.0,3.1,2.9,2.7,2.4,0.6,0.3,1.8,0.4,0.1
2017-05-28 21:40:00+02:00,0.9,1.8,0.1,2.2,14.2,8.4,6.0,1.2,0.3,3.5,1.7,9.1,1.1,2.6,0.3,2.1,0.1,2.5,8.0,11.6,5.9,0.2,8.2,1.3,15.6,2.7,2.5,1.6,15.3,2.5,1.3,5.1,1.5,3.2,3.0,2.8,2.5,0.8,0.3,1.8,0.5,0.1
2017-05-28 21:41:00+02:00,0.7,2.2,0.1,2.6,17.9,7.7,6.3,1.2,0.3,4.2,1.5,8.3,1.1,2.0,0.4,2.4,0.1,1.9,7.3,10.6,6.2,0.2,7.5,1.1,18.4,2.5,2.8,1.4,18.1,1.8,1.2,4.8,2.0,3.0,2.8,2.6,2.3,0.8,0.3,1.7,0.5,0.1
2017-05-28 21:42:00+02:00,1.2,3.1,0.1,3.4,12.6,8.3,7.4,1.3,1.1,4.4,1.5,8.9,1.2,2.2,0.4,3.5,0.2,2.1,8.0,11.1,7.3,0.2,8.2,1.6,13.1,2.4,3.7,1.8,12.7,2.1,1.2,5.9,2.8,3.1,2.9,2.7,2.4,0.8,0.3,1.7,0.5,0.2
2017-05-28 21:43:00+02:00,0.9,3.3,0.1,3.7,12.1,8.9,8.1,1.5,1.3,4.8,1.5,9.6,1.4,2.6,0.4,3.2,0.4,2.5,8.6,11.8,7.9,0.2,8.8,1.4,12.6,2.4,3.9,1.6,12.2,2.4,1.2,6.5,3.0,3.0,2.8,2.7,2.4,0.8,0.3,1.7,0.5,0.2
2017-05-28 21:44:00+02:00,0.8,3.4,0.1,4.0,12.6,9.2,8.3,1.4,1.3,4.8,1.6,9.9,1.3,2.5,0.4,3.0,0.3,2.4,8.9,12.3,8.2,0.2,9.1,1.2,13.1,2.5,4.3,1.4,12.8,2.3,1.3,6.8,3.0,3.1,3.0,2.9,2.5,0.7,0.3,1.8,0.6,0.2
2017-05-28 21:45:00+02:00,0.8,3.3,0.1,4.2,14.7,9.7,8.9,1.0,1.3,4.8,1.6,10.3,0.8,2.4,0.4,3.0,0.3,2.3,9.5,12.7,8.3,0.2,9.6,1.2,15.1,2.6,4.4,1.5,14.8,2.3,1.4,6.9,3.0,3.2,3.1,3.0,2.6,0.7,0.3,1.9,0.7,0.2
2017-05-28 21:46:00+02:00,0.8,3.3,0.1,4.2,16.4,11.0,10.1,1.0,1.3,4.9,1.7,11.2,0.8,3.0,0.3,3.0,0.3,2.9,10.7,13.6,9.0,0.2,10.8,1.3,17.5,2.7,4.5,1.6,17.1,2.8,1.4,7.5,3.0,3.2,3.1,2.9,2.5,0.8,0.3,1.8,0.6,0.2
2017-05-28 21:47:00+02:00,0.9,3.4,0.1,4.7,15.2,9.4,8.6,0.9,1.3,5.0,1.7,10.2,0.8,1.9,0.3,3.2,0.3,1.7,9.2,13.6,8.3,0.2,9.3,1.4,16.7,3.5,5.0,1.7,16.3,1.7,1.4,6.9,3.1,3.3,3.2,2.9,2.6,0.8,0.3,1.9,0.6,0.2
2017-05-28 21:48:00+02:00,1.4,3.4,0.1,4.8,14.5,10.0,9.2,1.1,1.3,4.6,1.5,10.8,0.9,1.9,0.3,2.8,0.4,1.8,9.8,14.2,9.0,0.2,9.8,1.5,15.3,3.5,5.1,1.8,15.0,1.7,1.2,7.0,3.1,3.4,3.3,3.0,2.6,0.7,0.3,1.9,0.7,0.2
2017-05-28 21:49:00+02:00,1.4,3.3,0.1,4.5,15.1,11.0,10.0,1.9,1.3,4.1,1.2,11.4,1.7,2.9,0.3,2.3,1.2,2.8,10.6,14.8,9.8,0.2,10.8,1.5,15.6,3.4,4.8,1.8,15.3,2.8,0.7,7.7,3.1,3.3,3.2,2.8,2.5,0.7,0.3,1.8,0.6,0.2
2017-05-28 21:50:00+02:00,1.4,3.3,0.1,3.7,13.9,9.7,8.4,2.0,1.3,4.0,1.2,10.2,1.8,3.1,0.3,2.2,1.3,3.0,9.3,13.6,8.3,0.2,9.5,1.5,14.5,3.4,4.1,1.8,14.1,2.9,0.8,7.2,3.0,3.2,3.1,2.8,2.5,0.7,0.3,1.8,0.6,0.2
2017-05-28 21:51:00+02:00,1.4,3.1,0.1,4.1,13.8,9.5,8.2,2.1,1.3,3.7,1.2,10.0,1.9,3.0,0.3,2.3,1.4,2.9,9.1,13.5,8.1,0.2,9.3,1.5,14.5,3.4,4.4,1.8,13.9,2.8,0.8,7.4,2.9,3.0,3.0,2.7,2.4,0.7,0.3,1.8,0.6,0.2
2017-05-28 21:52:00+02:00,1.4,3.3,0.1,4.2,10.9,8.7,7.5,1.6,1.3,3.0,1.1,9.1,1.4,2.5,0.3,2.4,0.9,2.4,8.4,10.5,7.3,0.2,8.6,1.5,11.6,1.4,4.5,1.8,11.0,2.3,0.8,7.0,3.0,3.0,2.9,2.8,2.4,0.7,0.3,1.8,0.7,0.2
2017-05-28 21:53:00+02:00,1.4,3.4,0.1,4.2,10.6,8.1,7.0,1.0,1.3,3.0,1.1,8.6,0.8,2.0,0.3,2.3,0.3,1.9,7.9,9.8,6.8,0.2,8.0,1.5,11.7,1.3,4.5,1.8,11.1,1.9,0.8,6.5,3.0,2.7,2.6,2.5,2.1,0.6,0.3,1.6,0.5,0.2
2017-05-28 21:54:00+02:00,1.4,3.5,0.1,4.0,10.1,7.9,6.8,0.9,1.5,2.9,1.1,8.5,0.7,2.0,0.4,2.2,0.2,1.9,7.6,9.7,6.6,0.2,7.7,1.5,11.5,1.2,4.2,1.8,10.8,1.9,0.7,6.2,3.2,2.7,2.6,2.4,2.1,0.6,0.2,1.6,0.6,0.2
2017-05-28 21:55:00+02:00,1.5,3.1,0.1,3.6,9.5,7.5,6.3,0.9,1.7,3.0,1.1,7.9,0.7,1.6,0.4,2.4,0.2,1.4,7.1,9.1,6.1,0.3,7.3,1.6,10.8,1.2,3.8,1.8,10.2,1.4,0.7,5.3,2.9,3.4,3.3,3.1,2.7,1.0,0.4,1.8,0.7,0.2
2017-05-28 21:56:00+02:00,1.5,3.3,0.1,3.7,9.7,7.8,6.8,1.0,2.2,3.0,1.1,8.1,0.8,1.7,0.4,2.4,0.3,1.6,7.5,9.4,6.6,0.3,7.6,1.6,11.0,1.2,3.9,1.9,10.5,1.6,0.7,5.7,3.0,2.9,2.8,2.6,2.3,0.8,0.2,1.5,0.6,0.2
2017-05-28 21:57:00+02:00,1.6,1.9,0.1,2.3,7.9,5.9,4.8,1.0,0.7,3.1,1.1,6.3,0.8,1.6,0.4,2.4,0.3,1.5,5.6,7.5,4.6,0.3,5.7,1.7,9.3,1.2,2.5,1.9,8.8,1.5,0.7,4.2,1.5,3.3,3.2,3.0,2.5,0.8,0.2,1.8,0.6,0.2
2017-05-28 21:58:00+02:00,1.6,1.5,0.1,1.9,7.4,5.2,4.2,1.0,0.3,3.1,1.1,5.7,0.8,1.7,0.4,2.5,0.3,1.5,4.9,6.9,4.0,0.3,5.0,1.7,8.8,1.3,2.1,1.9,8.3,1.5,0.7,3.7,1.1,3.1,3.0,2.8,2.3,0.8,0.2,1.6,0.5,0.2
2017-05-28 21:59:00+02:00,1.6,1.5,0.2,1.9,7.5,5.5,4.5,1.0,0.3,3.2,1.1,5.8,0.8,1.7,0.4,2.5,0.3,1.6,5.2,7.0,4.4,0.3,5.3,1.7,8.8,1.2,2.1,2.0,8.3,1.5,0.7,3.8,1.1,3.0,2.9,2.6,2.1,0.8,0.2,1.5,0.5,0.1
2017-05-28 22:00:00+02:00,1.6,1.5,0.2,1.9,7.7,5.7,4.7,0.9,0.3,3.1,1.1,6.0,0.7,1.7,0.4,2.4,0.3,1.6,5.3,7.2,4.6,0.3,5.5,1.7,9.2,1.2,2.1,1.9,8.8,1.6,0.8,3.8,1.1,3.3,3.1,2.9,2.4,0.8,0.2,1.7,0.5,0.1
2017-05-28 22:01:00+02:00,1.5,1.5,0.2,1.9,7.4,5.5,4.7,1.1,0.3,3.1,1.1,5.7,0.8,1.9,0.4,2.4,0.3,1.7,5.2,7.0,4.6,0.3,5.3,1.7,9.2,1.2,2.1,1.9,8.8,1.7,0.8,3.9,1.1,3.0,2.8,2.6,2.1,0.8,0.2,1.5,0.4,0.1
2017-05-28 22:02:00+02:00,1.5,1.5,0.2,1.9,7.8,5.2,4.5,1.1,0.3,4.0,1.1,5.4,0.8,1.8,0.4,3.3,0.3,1.8,4.9,7.4,4.3,0.3,5.1,1.8,9.5,2.0,2.2,2.1,9.1,1.7,0.7,4.0,1.1,3.0,2.9,2.7,2.2,0.8,0.1,1.6,0.5,0.1
2017-05-28 22:03:00+02:00,0.4,2.0,0.2,2.5,8.6,5.8,5.0,1.1,0.3,3.4,1.1,5.9,0.8,1.7,0.3,2.7,0.3,1.7,5.5,8.2,4.8,0.3,5.6,1.1,10.3,2.3,2.7,1.4,9.9,1.6,0.7,4.4,1.7,3.0,2.9,2.7,2.3,0.8,0.1,1.6,0.4,0.1
2017-05-28 22:04:00+02:00,0.4,2.5,0.2,3.0,8.6,6.2,5.4,1.0,0.3,3.5,1.3,6.3,0.8,1.6,0.3,2.8,0.3,1.5,5.9,8.2,5.2,0.3,6.1,1.2,12.6,1.9,3.2,1.5,12.2,1.5,0.9,4.7,2.2,2.8,2.8,2.5,2.1,0.8,0.1,1.5,0.4,0.1
2017-05-28 22:05:00+02:00,0.4,2.6,0.2,3.0,8.5,5.7,5.3,0.9,0.4,3.5,1.5,5.8,0.8,1.5,0.4,2.8,0.3,1.5,5.4,7.4,5.1,0.4,5.6,1.2,12.9,1.6,3.3,1.5,12.5,1.4,1.0,4.7,2.2,3.0,3.0,2.8,2.4,0.9,0.2,1.7,0.6,0.2
2017-05-28 22:06:00+02:00,0.4,2.6,0.2,3.0,9.1,5.9,5.5,0.9,0.4,3.5,1.5,6.0,0.8,1.6,0.5,2.6,0.2,1.6,5.6,7.6,5.3,0.4,5.8,0.9,13.4,1.6,3.3,1.3,13.0,1.4,1.1,4.8,2.2,3.1,3.1,2.8,2.5,0.9,0.2,1.7,0.5,0.2
2017-05-28 22:07:00+02:00,0.4,2.6,0.2,3.0,8.9,5.8,5.4,0.9,0.4,3.5,1.5,5.9,0.7,1.6,0.5,2.5,0.2,1.6,5.5,7.5,5.2,0.4,5.7,0.9,13.3,1.6,3.3,1.1,12.9,1.5,1.0,4.8,2.2,2.7,2.7,2.5,2.3,0.9,0.2,1.5,0.5,0.2
2017-05-28 22:08:00+02:00,0.4,2.6,0.2,3.0,9.1,5.8,5.4,0.9,0.4,2.6,1.5,5.9,0.8,1.6,0.5,1.5,0.2,1.5,5.5,7.6,5.2,0.4,5.7,0.8,11.7,1.7,3.3,1.1,11.3,1.4,1.1,4.8,2.2,3.5,3.5,3.3,3.0,0.8,0.2,2.2,0.6,0.2
2017-05-28 22:09:00+02:00,0.5,2.6,0.2,3.0,10.0,5.6,5.1,0.9,0.4,1.9,1.4,5.7,0.8,1.4,0.5,1.5,0.2,1.3,5.2,7.5,4.9,0.4,5.5,0.9,12.0,1.8,3.2,1.2,11.5,1.3,1.0,4.5,2.2,2.8,2.8,2.6,2.3,1.1,0.5,1.3,0.5,0.2
2017-05-28 22:10:00+02:00,0.4,2.0,0.2,2.5,7.6,4.8,4.4,0.9,0.4,1.8,1.4,5.0,0.8,1.3,0.5,1.4,0.2,1.2,4.5,6.7,4.2,0.4,4.8,0.8,9.5,1.7,2.6,1.1,9.0,1.2,1.1,3.8,1.7,3.7,3.7,3.5,3.2,2.0,1.4,1.2,0.5,0.2
2017-05-28 22:11:00+02:00,0.4,1.4,0.2,1.8,6.5,4.1,3.6,0.9,0.4,1.9,1.4,4.2,0.8,1.2,0.5,1.4,0.2,1.1,3.7,6.4,3.4,0.4,4.0,0.8,9.1,2.2,2.0,1.2,8.5,1.1,1.0,3.1,1.0,4.2,4.2,4.0,3.8,2.2,1.4,1.6,0.4,0.1
2017-05-28 22:12:00+02:00,0.5,1.7,0.2,2.1,7.3,4.4,3.9,0.8,0.4,2.1,1.4,4.5,0.7,1.1,0.6,1.3,0.2,1.0,4.0,7.0,3.7,0.4,4.3,0.9,10.6,2.6,2.3,1.2,10.0,1.0,1.0,3.4,1.3,4.3,4.2,4.0,3.8,1.8,1.3,2.0,0.4,0.1
2017-05-28 22:13:00+02:00,0.5,1.3,0.2,1.7,5.9,4.0,3.5,0.7,0.4,1.7,1.4,4.1,0.7,1.0,0.6,1.3,0.2,1.0,3.6,5.6,3.3,0.4,3.9,0.7,8.5,1.5,2.0,1.1,7.9,1.0,1.1,3.0,0.9,3.7,3.7,3.6,3.3,1.4,0.8,1.9,0.4,0.1
2017-05-28 22:14:00+02:00,0.5,1.5,0.2,2.0,6.7,4.7,3.8,0.8,0.4,1.7,1.4,4.9,0.7,1.1,0.5,1.4,0.3,1.0,3.9,6.4,3.6,0.4,4.2,0.9,8.6,1.5,2.2,1.2,7.9,1.0,1.1,3.3,1.1,3.8,3.8,3.7,3.4,1.4,0.8,2.0,0.4,0.1
2017-05-28 22:15:00+02:00,0.5,1.2,0.1,1.8,7.6,5.6,3.7,0.8,0.4,1.6,1.5,5.7,0.7,1.2,0.5,1.3,0.3,1.1,4.8,7.3,3.5,0.4,5.0,0.7,9.2,1.6,2.0,1.1,8.5,1.1,1.1,3.2,0.9,3.5,3.5,3.4,3.1,1.3,0.8,1.9,0.5,0.1
2017-05-28 22:16:00+02:00,0.7,1.2,0.2,1.8,7.7,5.6,3.8,0.9,0.4,1.7,1.4,5.8,0.7,1.3,0.5,1.5,0.3,1.2,4.9,7.4,3.6,0.4,5.1,1.0,9.3,1.6,2.0,1.4,8.6,1.2,1.1,3.3,1.0,2.9,2.9,2.8,2.6,1.3,0.8,1.2,0.5,0.2
2017-05-28 22:17:00+02:00,1.2,1.4,0.2,2.0,8.2,5.7,4.1,1.0,0.4,2.3,1.9,5.9,0.8,1.4,0.5,1.9,0.4,1.3,5.2,7.9,3.9,0.4,5.4,1.4,10.1,2.0,2.2,1.8,9.4,1.3,1.2,3.5,1.2,2.9,2.9,2.8,2.5,1.3,0.8,1.2,0.5,0.2
2017-05-28 22:18:00+02:00,0.4,1.1,0.2,1.6,6.9,4.5,3.7,0.9,0.4,1.6,1.9,4.6,0.7,1.2,0.5,1.2,0.4,1.2,4.0,6.7,3.5,0.4,4.2,0.7,9.5,2.0,1.8,1.1,8.9,1.1,1.1,3.0,0.9,2.8,2.8,2.7,2.5,1.3,0.8,1.1,0.5,0.2
2017-05-28 22:19:00+02:00,0.4,1.5,0.2,2.0,7.4,4.9,4.3,1.0,0.4,2.4,2.0,5.1,0.8,1.4,0.5,1.6,0.5,1.4,4.5,7.2,4.1,0.4,4.7,1.2,10.1,2.1,2.2,1.5,9.5,1.3,1.6,3.6,1.2,2.8,2.8,2.7,2.5,1.2,0.8,1.3,0.7,0.3
2017-05-28 22:20:00+02:00,0.5,1.2,0.2,1.7,6.8,4.7,4.2,1.0,0.4,1.7,1.6,4.9,0.9,1.5,0.5,1.4,0.5,1.4,4.3,6.6,3.9,0.4,4.5,0.9,9.1,1.7,1.9,1.2,8.4,1.4,1.2,3.4,0.9,2.9,2.8,2.7,2.5,1.2,0.8,1.3,0.7,0.3
2017-05-28 22:21:00+02:00,0.5,1.7,0.2,2.3,6.9,5.3,4.7,1.1,0.4,1.9,1.1,5.5,0.8,1.5,0.6,1.4,0.5,1.4,4.9,6.6,4.5,0.4,5.1,0.9,8.5,1.2,2.5,1.3,7.8,1.4,0.7,4.0,1.4,2.9,2.8,2.6,2.6,1.2,0.8,1.4,0.8,0.4
2017-05-28 22:22:00+02:00,0.5,1.6,0.1,2.2,7.5,5.9,4.7,1.1,0.4,2.0,1.0,6.0,0.8,1.6,0.6,1.4,0.5,1.4,4.8,7.2,4.5,0.4,5.7,1.0,9.1,1.2,2.4,1.3,8.4,1.4,0.7,4.0,1.3,3.2,3.0,2.8,2.8,1.4,0.8,1.4,0.8,0.4
2017-05-28 22:23:00+02:00,0.5,1.4,0.1,1.9,6.5,4.9,4.3,1.0,0.4,2.0,1.0,5.0,0.8,1.4,0.6,1.4,0.5,1.4,4.4,6.3,4.1,0.4,4.6,1.0,7.8,1.3,2.1,1.3,7.1,1.3,0.7,3.6,1.1,2.7,2.6,2.4,2.3,1.3,0.8,1.0,0.7,0.3
2017-05-28 22:24:00+02:00,0.5,1.3,0.1,1.9,6.8,5.3,4.2,1.0,0.4,1.8,1.0,5.4,0.8,1.4,0.6,1.4,0.5,1.4,4.4,6.7,4.0,0.4,5.0,0.9,8.4,1.3,2.1,1.2,7.7,1.3,0.7,3.5,1.0,2.6,2.4,2.2,2.1,1.2,0.8,0.9,0.7,0.3
2017-05-28 22:25:00+02:00,0.5,1.6,0.1,2.1,7.0,5.3,4.5,1.0,0.3,1.8,1.0,5.4,0.8,1.4,0.6,1.4,0.5,1.4,4.7,6.7,4.3,0.4,5.1,0.9,8.0,1.3,2.4,1.3,7.4,1.3,0.7,3.8,1.3,2.4,2.3,2.1,2.0,1.2,0.7,0.8,0.6,0.3
2017-05-28 22:26:00+02:00,0.5,0.8,0.1,1.4,6.2,4.2,3.6,0.9,0.3,1.9,1.2,4.3,0.7,1.2,0.7,1.5,0.3,1.2,3.7,5.8,3.4,0.5,3.9,0.9,7.0,1.5,1.6,1.4,6.4,1.2,0.8,2.9,0.6,3.6,3.5,3.3,1.9,1.2,0.7,0.8,0.6,0.2
2017-05-28 22:27:00+02:00,0.5,0.9,0.1,1.5,6.1,4.0,3.5,0.7,0.4,1.8,1.2,4.1,0.4,1.0,0.7,1.5,0.1,1.0,3.6,5.7,3.2,0.5,3.7,0.9,7.8,1.6,1.8,1.4,7.2,1.0,0.8,2.8,0.7,2.6,2.4,2.2,1.9,1.2,0.7,0.7,0.6,0.2
2017-05-28 22:28:00+02:00,0.5,1.0,0.1,1.5,5.9,3.9,3.4,0.6,0.5,2.4,1.1,4.0,0.4,0.9,0.7,2.0,0.1,0.9,3.5,5.6,3.1,0.5,3.6,1.4,8.2,1.5,1.8,1.9,7.6,0.9,0.8,2.8,0.7,3.1,3.0,2.8,1.9,1.2,0.7,0.7,0.6,0.2
2017-05-28 22:29:00+02:00,0.5,1.0,0.1,1.9,7.0,4.1,3.6,0.5,0.5,2.0,2.1,4.2,0.3,0.8,1.6,1.6,0.1,0.7,3.7,6.7,3.3,1.4,3.8,1.0,9.3,2.5,2.2,1.5,8.8,0.7,1.7,2.9,0.7,3.4,3.3,3.1,1.9,1.2,0.7,0.7,0.6,0.2
2017-05-28 22:30:00+02:00,0.5,0.9,0.2,1.7,7.3,4.1,3.5,0.6,0.5,1.8,2.4,4.2,0.4,0.9,2.0,1.4,0.1,0.8,3.7,7.0,3.3,1.8,3.8,0.8,9.7,2.8,2.0,1.2,9.1,0.8,2.0,2.9,0.7,2.3,2.2,2.0,1.9,1.2,0.7,0.7,0.6,0.2
2017-05-28 22:31:00+02:00,0.6,0.9,0.2,1.7,6.9,3.8,3.3,0.4,0.5,1.8,2.3,4.1,0.4,0.7,1.9,1.4,0.1,0.7,3.4,6.6,3.0,1.8,3.6,0.8,9.7,2.5,2.0,1.3,9.1,0.6,1.9,2.7,0.7,2.3,2.2,2.0,1.9,1.2,0.7,0.7,0.6,0.2
2017-05-28 22:32:00+02:00,0.7,1.0,0.2,1.6,6.6,3.7,3.3,0.4,0.5,2.0,2.2,3.9,0.4,0.7,1.9,1.6,0.1,0.7,3.4,6.3,3.0,1.8,3.6,0.9,9.5,2.4,1.9,1.4,8.8,0.6,2.0,2.6,0.7,2.4,2.2,2.0,1.9,1.2,0.7,0.7,0.6,0.2
2017-05-28 22:33:00+02:00,0.4,1.0,0.2,1.6,7.1,3.6,3.2,0.5,0.5,1.7,2.2,3.8,0.4,0.8,1.9,1.3,0.1,0.7,3.4,6.3,3.0,1.8,3.6,0.6,9.6,2.4,1.8,1.1,8.9,0.7,2.0,2.6,0.7,2.4,2.2,2.0,1.8,1.2,0.7,0.7,0.5,0.2
2017-05-28 22:34:00+02:00,0.5,1.0,0.2,1.6,7.1,3.7,3.3,0.6,0.5,1.7,2.5,4.0,0.5,0.9,1.9,1.3,0.2,0.8,3.5,6.6,3.1,1.8,3.7,0.6,9.8,2.7,1.8,1.1,9.1,0.8,2.2,2.7,0.8,2.4,2.2,2.0,1.9,1.2,0.7,0.7,0.6,0.2
2017-05-28 22:35:00+02:00,0.4,1.5,0.2,2.1,7.0,4.3,3.9,0.6,0.5,1.7,1.8,4.6,0.5,0.9,1.2,1.3,0.2,0.8,4.0,6.5,3.7,1.1,4.3,0.6,9.8,2.0,2.4,1.1,9.1,0.8,1.5,3.3,1.3,3.6,3.4,3.2,3.1,1.1,0.6,2.1,0.6,0.2
2017-05-28 22:36:00+02:00,0.4,1.1,0.2,1.9,6.0,4.1,3.6,0.6,0.5,1.7,1.0,4.3,0.5,0.9,0.4,1.3,0.2,0.8,3.8,5.5,3.4,0.3,4.0,0.6,8.6,1.2,2.2,1.1,8.0,0.8,0.7,3.0,0.9,5.7,5.5,5.3,5.1,1.2,0.7,4.0,0.6,0.2
2017-05-28 22:37:00+02:00,0.4,1.0,0.2,1.7,6.2,4.3,3.9,0.6,0.5,1.8,1.0,4.5,0.5,1.3,0.4,1.3,0.2,1.2,4.0,5.7,3.7,0.3,4.3,0.6,8.7,1.2,2.0,1.1,8.1,1.2,0.7,3.3,0.7,5.7,5.5,5.3,5.1,1.3,0.8,4.0,0.6,0.2
2017-05-28 22:38:00+02:00,0.4,1.0,0.2,1.7,6.4,4.7,4.2,0.6,0.4,1.7,0.9,4.8,0.5,1.7,0.4,1.2,0.2,1.6,4.4,6.0,4.0,0.4,4.6,0.6,8.0,1.1,2.0,1.1,7.3,1.4,0.7,3.7,0.7,3.4,3.3,3.1,2.8,1.3,0.8,1.7,0.6,0.2
2017-05-28 22:39:00+02:00,0.4,1.0,0.2,1.8,7.2,5.3,4.8,1.2,0.4,1.7,1.0,5.4,0.5,2.3,0.6,1.2,0.2,2.1,4.9,6.7,4.6,0.4,5.2,0.6,8.6,1.3,2.0,1.1,7.8,2.0,0.8,4.2,0.7,2.8,2.7,2.5,2.2,1.3,0.8,1.0,0.5,0.2
2017-05-28 22:40:00+02:00,0.4,1.2,0.2,1.9,8.5,5.8,5.3,2.2,0.4,1.7,1.1,5.9,0.5,2.7,0.7,1.3,0.2,2.5,5.5,7.3,5.1,0.4,5.7,0.6,9.8,1.3,2.1,1.1,9.1,2.4,0.9,4.8,0.9,3.0,2.9,2.7,2.4,1.2,0.8,1.3,0.7,0.4
2017-05-28 22:41:00+02:00,0.4,1.3,0.2,2.0,9.5,6.4,5.9,2.7,0.5,1.7,1.1,6.5,0.5,3.3,0.6,1.3,0.2,3.1,6.1,7.8,5.8,0.5,6.3,0.6,10.7,1.3,2.2,1.1,10.1,3.0,0.8,5.4,1.1,3.6,3.5,3.3,2.9,1.2,0.9,1.7,1.1,0.8
2017-05-28 22:42:00+02:00,0.4,2.1,0.2,2.7,10.5,7.2,6.8,2.7,1.2,1.6,1.3,7.3,0.5,3.3,0.6,1.2,0.2,3.1,6.9,8.9,6.6,0.5,7.1,0.6,11.6,1.5,2.9,1.1,11.1,2.9,0.8,6.2,1.9,3.0,2.9,2.7,2.3,1.2,0.8,1.2,0.6,0.3
2017-05-28 22:43:00+02:00,0.5,2.3,0.2,3.0,11.7,7.8,7.3,2.8,1.4,1.7,1.9,7.9,0.5,3.4,0.6,1.2,0.2,3.2,7.5,10.0,7.2,0.4,7.7,0.6,12.7,2.1,3.3,1.1,12.3,3.1,0.8,6.7,2.1,3.0,2.9,2.7,2.3,1.2,0.9,1.1,0.5,0.2
2017-05-28 22:44:00+02:00,0.4,2.4,0.4,3.1,10.9,7.2,6.8,2.1,1.4,1.6,1.7,7.4,0.6,2.7,0.8,1.2,0.3,2.5,7.0,9.2,6.6,0.7,7.2,0.6,12.0,1.9,3.5,1.1,11.5,2.4,1.0,6.1,2.2,3.0,2.9,2.7,2.3,1.2,0.9,1.1,0.5,0.2
2017-05-28 22:45:00+02:00,0.4,2.6,0.8,3.3,10.2,6.2,5.8,1.0,1.4,1.6,2.0,6.4,0.6,1.6,1.2,1.2,0.3,1.4,6.0,8.6,5.7,1.1,6.2,0.5,11.4,2.2,3.6,1.0,10.9,1.3,1.4,5.2,2.3,2.8,2.7,2.5,2.1,1.2,0.9,0.9,0.5,0.2
2017-05-28 22:46:00+02:00,0.4,3.5,0.8,4.2,10.8,6.7,6.3,0.8,1.4,1.7,1.9,7.0,0.6,1.3,1.1,1.2,0.3,1.2,6.5,9.1,6.2,1.0,6.7,0.5,11.9,2.2,4.5,1.0,11.4,1.1,1.3,5.8,3.2,2.8,2.7,2.4,2.1,1.2,0.9,0.9,0.5,0.2
2017-05-28 22:47:00+02:00,0.4,3.5,0.8,4.3,11.4,7.5,7.1,1.6,1.3,1.7,1.8,7.7,0.6,2.1,1.1,1.2,0.3,2.0,7.3,9.7,7.0,0.9,7.5,0.6,12.8,2.0,4.5,1.1,12.3,1.9,1.3,6.6,3.3,3.1,3.0,2.8,2.5,1.1,0.9,1.4,1.0,0.7
2017-05-28 22:48:00+02:00,0.4,2.4,0.7,3.1,10.4,6.6,6.3,1.9,1.3,2.0,1.6,6.9,0.6,2.3,0.9,1.6,0.2,2.3,6.4,8.7,6.1,0.8,6.6,0.9,13.0,1.9,3.4,1.4,12.5,2.2,1.2,5.7,2.1,2.7,2.6,2.4,2.2,1.1,0.9,1.1,0.7,0.4
2017-05-28 22:49:00+02:00,0.4,2.1,0.2,2.9,9.8,6.4,6.0,1.9,0.7,1.9,1.2,6.7,0.6,2.3,0.5,1.5,0.2,2.2,6.1,8.1,5.8,0.4,6.4,0.9,12.5,1.5,3.1,1.3,12.1,2.2,0.8,5.4,1.9,2.6,2.6,2.4,2.1,1.2,0.9,0.9,0.6,0.3
2017-05-28 22:50:00+02:00,0.4,2.8,0.3,3.6,9.9,7.2,6.8,1.9,0.7,1.9,1.3,7.4,0.6,2.3,0.5,1.5,0.2,2.2,6.9,9.0,6.6,0.4,7.2,0.9,12.1,1.6,3.9,1.3,11.6,2.2,0.8,6.2,2.6,2.6,2.5,2.3,2.1,1.1,0.9,0.9,0.6,0.3
2017-05-28 22:51:00+02:00,0.4,2.4,0.3,3.2,8.8,6.8,6.4,1.9,0.7,1.9,1.3,7.0,0.5,2.3,0.6,1.5,0.2,2.2,6.5,8.6,6.2,0.4,6.8,0.8,11.2,1.6,3.5,1.3,10.6,2.2,0.8,5.8,2.2,2.5,2.5,2.3,2.1,1.1,0.9,0.9,0.6,0.3
2017-05-28 22:52:00+02:00,0.4,1.9,0.3,2.8,8.0,6.3,5.8,1.8,0.7,1.7,1.3,6.5,0.5,2.3,0.5,1.4,0.2,2.2,6.0,7.9,5.6,0.4,6.2,0.8,10.3,1.4,3.0,1.3,9.8,2.1,0.8,5.3,1.6,2.6,2.5,2.3,2.1,1.1,0.9,0.9,0.6,0.3
2017-05-28 22:53:00+02:00,0.4,2.0,0.4,2.8,8.2,6.3,5.9,1.9,0.8,1.7,1.4,6.5,0.5,2.3,0.6,1.4,0.2,2.3,6.0,8.0,5.7,0.5,6.3,0.9,9.1,1.5,3.0,1.3,8.6,2.1,0.9,5.3,1.7,3.0,2.9,2.8,2.5,1.1,0.9,1.4,1.1,0.3
2017-05-28 22:54:00+02:00,0.4,3.4,0.7,4.2,10.1,7.9,7.4,1.8,0.8,1.9,1.7,8.1,0.5,2.3,0.9,1.6,0.2,2.2,7.6,10.0,7.2,0.8,7.8,0.9,10.8,1.9,4.6,1.4,10.3,2.1,1.2,6.8,3.1,1.9,1.8,1.7,1.4,0.6,0.3,0.9,0.6,0.3
2017-05-28 22:55:00+02:00,0.5,2.4,0.7,3.2,9.1,6.8,6.3,1.8,0.7,1.9,1.6,7.0,0.5,2.2,0.9,1.6,0.2,2.2,6.4,8.8,6.1,0.8,6.7,1.0,9.8,1.9,3.5,1.4,9.2,2.0,1.2,5.7,2.1,2.3,2.2,2.1,1.9,1.0,0.2,0.9,0.6,0.3
2017-05-28 22:56:00+02:00,0.5,1.5,0.7,2.3,7.6,5.3,4.9,1.4,0.8,2.0,1.6,5.5,0.5,1.9,0.9,1.7,0.2,1.8,5.1,7.4,4.8,0.7,5.3,1.0,8.7,1.9,2.5,1.4,8.1,1.7,1.1,4.4,1.2,2.5,2.4,2.3,2.1,1.2,0.2,0.9,0.6,0.3
2017-05-28 22:57:00+02:00,0.6,1.7,0.5,2.5,6.9,4.9,4.5,0.7,0.9,2.2,1.4,5.1,0.5,1.2,0.7,1.9,0.2,1.2,4.6,6.7,4.3,0.5,4.8,1.0,8.7,1.7,2.7,1.5,8.1,1.0,0.9,3.9,1.3,2.6,2.5,2.4,2.1,1.2,0.3,0.9,0.6,0.3
2017-05-28 22:58:00+02:00,0.5,1.1,0.4,1.9,7.3,5.3,4.9,1.6,0.3,2.1,1.3,5.5,0.5,2.1,0.6,1.9,0.2,2.1,5.1,7.1,4.7,0.5,5.3,1.0,9.0,1.6,2.2,1.4,8.4,1.9,0.8,4.3,0.7,2.8,2.7,2.6,2.4,1.4,0.3,1.0,0.6,0.3
2017-05-28 22:59:00+02:00,0.7,2.2,0.4,2.9,8.3,6.3,5.9,1.8,0.3,2.3,1.3,6.5,0.6,2.3,0.6,2.1,0.3,2.2,6.1,8.1,5.8,0.5,6.3,1.2,9.0,1.6,3.1,1.6,8.5,2.1,0.9,5.4,1.7,2.5,2.4,2.3,2.1,1.1,0.2,0.9,0.6,0.2
2017-05-28 23:00:00+02:00,0.7,2.4,0.5,3.1,8.0,5.8,5.4,1.0,0.3,2.5,1.6,6.0,0.7,1.4,0.9,2.2,0.3,1.4,5.6,7.8,5.2,0.8,5.8,1.3,8.8,1.9,3.4,1.7,8.2,1.2,1.2,4.9,2.0,2.5,2.4,2.3,2.0,1.1,0.2,0.9,0.5,0.2
2017-05-28 23:01:00+02:00,0.6,3.7,0.5,4.4,9.3,7.2,6.8,1.1,0.3,2.9,1.6,7.3,0.7,1.6,0.9,2.2,0.2,1.6,7.0,9.1,6.6,0.8,7.2,1.2,10.0,1.8,4.6,1.8,9.5,1.5,1.2,6.2,3.3,2.5,2.4,2.3,2.0,1.2,0.2,0.9,0.6,0.3
2017-05-28 23:02:00+02:00,0.6,2.7,0.6,3.4,8.0,6.1,5.6,1.0,0.3,3.0,1.5,6.1,0.7,1.5,1.0,2.1,0.2,1.4,5.8,7.9,5.4,0.9,6.0,1.2,8.8,1.7,3.5,1.7,8.2,1.3,1.2,5.0,2.2,2.4,2.3,2.2,2.0,1.1,0.2,0.9,0.6,0.3
2017-05-28 23:03:00+02:00,0.7,2.4,0.6,3.3,8.0,6.0,5.5,1.0,0.3,3.0,1.6,6.1,0.7,1.6,1.0,1.8,0.2,1.5,5.7,7.9,5.3,0.9,5.9,0.9,8.8,1.8,3.4,1.4,8.2,1.4,1.3,4.9,2.0,2.7,2.6,2.4,2.2,1.3,0.4,0.9,0.6,0.3
2017-05-28 23:04:00+02:00,0.7,2.3,0.6,3.2,7.7,5.8,5.4,1.1,0.3,2.9,1.5,5.9,0.7,1.6,1.0,1.8,0.3,1.5,5.6,7.6,5.3,0.9,5.8,0.9,8.5,1.7,3.3,1.3,7.9,1.4,1.2,4.9,1.9,2.6,2.6,2.4,2.2,1.2,0.4,1.0,0.6,0.3
2017-05-28 23:05:00+02:00,0.7,1.3,0.7,2.3,7.7,5.2,4.7,1.2,0.6,2.9,2.0,5.3,0.8,1.7,1.0,1.8,0.3,1.7,5.0,7.5,4.5,0.9,5.2,0.9,8.5,2.2,2.4,1.3,7.9,1.6,1.2,4.2,0.9,2.4,2.4,2.2,2.0,1.1,0.2,0.9,0.6,0.3
2017-05-28 23:06:00+02:00,0.7,4.1,0.6,5.0,10.1,7.7,7.2,1.1,3.4,2.7,1.9,7.8,0.7,1.6,1.0,1.8,0.3,1.5,7.5,9.9,7.1,0.9,7.7,0.9,10.8,2.1,5.2,1.3,10.2,1.4,1.1,6.7,3.8,3.1,3.0,2.9,2.7,1.0,0.2,1.6,0.6,0.3
2017-05-28 23:07:00+02:00,0.7,4.1,0.6,4.9,10.2,7.7,7.1,1.1,3.4,2.9,2.1,7.7,0.7,1.5,0.9,2.5,0.3,1.4,7.4,10.1,7.0,0.8,7.6,1.7,11.0,2.4,5.0,2.1,10.4,1.4,1.1,6.4,3.8,2.4,2.3,2.2,2.0,1.1,0.3,0.9,0.6,0.3
2017-05-28 23:08:00+02:00,0.6,4.2,0.6,4.8,10.5,7.7,7.1,1.1,3.4,2.6,2.4,7.8,0.7,1.5,0.9,2.2,0.3,1.4,7.4,10.4,6.9,0.8,7.6,1.3,11.5,2.7,4.9,1.7,10.9,1.4,1.0,6.3,3.8,3.0,2.9,2.8,2.5,1.1,0.3,1.4,0.7,0.3
2017-05-28 23:09:00+02:00,0.6,4.2,0.5,4.6,10.6,7.6,6.9,1.1,3.4,2.9,2.6,7.7,0.7,1.6,0.9,2.4,0.3,1.5,7.2,10.4,6.7,0.8,7.6,1.7,11.6,2.8,4.8,2.0,10.9,1.4,1.0,6.2,3.8,3.3,3.2,3.0,2.8,1.1,0.3,1.7,0.7,0.4
2017-05-28 23:10:00+02:00,0.6,4.0,0.5,4.5,10.4,7.4,6.7,1.1,3.4,2.1,2.4,7.6,0.7,1.5,0.8,1.6,0.3,1.4,7.0,10.2,6.5,0.7,7.4,0.8,11.3,2.6,4.6,1.2,10.7,1.4,0.9,6.0,3.6,2.0,2.0,1.8,1.6,0.7,0.2,0.9,0.6,0.4
2017-05-28 23:11:00+02:00,0.5,5.1,0.5,5.5,11.7,8.5,7.8,1.1,3.4,2.4,1.9,9.5,0.7,1.6,0.8,1.9,0.3,1.5,8.1,11.6,7.6,0.7,8.4,1.0,12.6,2.1,5.6,1.3,12.1,1.5,0.9,7.1,4.7,1.8,1.7,1.5,1.4,0.5,0.2,0.9,0.5,0.3
2017-05-28 23:12:00+02:00,0.5,1.9,0.5,2.3,8.1,5.6,4.9,1.4,0.9,2.6,1.5,6.3,0.7,1.8,0.8,2.1,0.4,1.7,5.2,8.0,4.7,0.7,5.5,1.0,9.0,1.7,2.5,1.3,8.5,1.7,0.9,4.3,1.4,1.8,1.7,1.5,1.3,0.5,0.2,0.9,0.5,0.3
2017-05-28 23:13:00+02:00,0.5,1.1,0.5,1.6,7.6,5.6,5.0,2.2,0.5,2.8,1.6,5.7,0.7,2.6,0.8,2.3,0.4,2.6,5.4,7.4,4.8,0.7,5.5,1.0,8.4,1.8,1.8,1.3,7.9,2.5,0.9,4.4,0.7,1.8,1.7,1.5,1.3,0.6,0.2,0.8,0.5,0.4
2017-05-28 23:14:00+02:00,0.5,1.2,0.6,1.7,7.3,5.3,4.7,1.7,0.5,2.6,1.6,5.4,0.7,2.2,0.8,2.1,0.3,2.1,5.1,7.2,4.5,0.7,5.2,0.8,8.2,1.8,1.9,1.1,7.7,2.1,1.0,4.1,0.7,1.8,1.7,1.5,1.4,0.6,0.2,0.9,0.5,0.4
2017-05-28 23:15:00+02:00,0.5,1.1,0.9,2.1,7.6,5.4,4.8,1.4,0.5,2.6,1.8,5.5,1.0,1.8,1.0,2.1,0.3,1.7,5.2,7.5,4.6,1.0,5.3,0.8,8.6,2.0,2.3,1.1,8.0,1.6,1.3,4.1,0.7,3.3,3.2,3.0,1.8,0.6,0.2,1.3,0.9,0.3
2017-05-28 23:16:00+02:00,0.5,1.1,0.8,2.1,7.4,4.8,4.3,0.7,0.5,2.6,2.0,5.0,0.6,1.1,1.0,2.1,0.3,1.0,4.7,7.3,4.0,0.9,4.8,0.8,8.3,2.2,2.3,1.1,7.7,0.9,1.2,3.4,0.7,2.4,2.3,2.2,1.6,0.6,0.2,1.0,0.7,0.3
2017-05-28 23:17:00+02:00,0.5,1.1,0.8,1.6,7.5,4.2,3.8,0.6,0.5,2.5,2.8,4.3,0.5,1.0,1.0,2.0,0.3,0.9,4.0,7.3,3.5,0.9,4.1,0.7,8.4,3.0,1.8,1.1,7.8,0.8,1.8,2.8,0.7,1.7,1.6,1.5,1.3,0.6,0.2,0.8,0.5,0.3
2017-05-28 23:18:00+02:00,0.6,1.1,0.8,1.5,7.7,4.1,3.6,0.6,0.4,2.7,3.1,4.2,0.5,1.0,1.0,2.2,0.3,0.9,3.9,7.5,3.5,0.9,4.0,0.8,8.6,3.4,1.7,1.1,8.0,0.9,2.1,2.7,0.6,1.9,1.8,1.7,1.5,0.6,0.2,1.0,0.7,0.3
2017-05-28 23:19:00+02:00,0.6,1.1,0.8,1.5,8.0,5.0,4.0,1.1,0.4,2.7,2.3,5.2,1.0,1.4,1.0,2.1,0.1,1.3,4.4,7.8,3.9,0.9,5.0,0.8,8.9,2.6,1.7,1.1,8.3,1.3,1.4,3.1,0.7,1.8,1.7,1.6,1.4,0.6,0.2,0.9,0.7,0.4
2017-05-28 23:20:00+02:00,0.7,1.2,0.9,1.7,7.9,5.1,4.4,1.1,0.4,2.8,2.3,5.2,1.0,1.5,1.1,2.2,0.1,1.4,4.6,7.8,4.3,1.0,5.0,0.9,8.9,2.6,1.9,1.2,8.2,1.3,1.4,3.3,0.7,1.8,1.8,1.7,1.5,0.6,0.2,1.0,0.7,0.4
2017-05-28 23:21:00+02:00,0.7,1.2,0.9,1.7,7.6,4.4,3.6,0.6,0.5,3.2,2.7,4.6,0.4,1.0,1.1,2.6,0.1,0.8,3.7,7.4,3.4,1.0,4.3,0.8,8.5,2.9,1.9,1.2,7.9,0.8,1.4,2.8,0.7,1.9,1.9,1.8,1.5,0.6,0.2,1.0,0.7,0.3
2017-05-28 23:22:00+02:00,0.5,1.2,0.9,1.7,8.7,4.2,3.4,0.6,0.5,2.6,2.4,4.5,0.4,0.9,1.1,2.1,0.1,0.8,3.5,8.6,3.2,1.0,4.1,0.7,9.5,4.1,1.9,1.0,9.0,0.8,1.4,2.8,0.7,1.8,1.7,1.6,1.3,0.6,0.2,0.8,0.6,0.3
2017-05-28 23:23:00+02:00,0.6,1.2,0.8,2.7,9.9,6.3,5.5,1.2,0.5,2.6,2.1,6.5,1.0,1.6,1.0,2.0,0.1,1.4,5.6,9.8,5.3,0.9,6.2,0.7,10.9,3.3,2.9,1.1,10.5,1.4,1.3,4.5,0.8,2.4,2.3,2.1,1.2,0.6,0.2,0.7,0.6,0.3
2017-05-28 23:24:00+02:00,0.5,1.2,0.6,2.7,8.0,5.3,4.8,1.1,0.5,3.2,2.0,5.6,0.9,1.3,0.9,2.6,0.1,1.3,5.0,7.8,4.7,0.7,5.3,0.7,8.9,2.2,2.9,1.1,8.5,1.3,1.3,4.2,0.7,2.5,2.5,2.3,1.4,0.5,0.2,0.9,0.7,0.3
2017-05-28 23:25:00+02:00,0.5,1.2,0.5,1.7,7.0,4.5,4.2,1.2,0.5,3.5,1.9,4.8,0.9,1.4,0.7,2.9,0.2,1.4,4.4,6.8,4.1,0.6,4.5,0.7,8.0,2.0,1.8,1.4,7.5,1.3,1.1,3.2,0.7,2.1,2.0,1.8,1.5,0.5,0.2,1.0,0.8,0.3
2017-05-28 23:26:00+02:00,0.5,1.1,0.5,1.6,6.5,4.2,3.9,1.2,0.4,3.1,1.8,4.4,1.0,1.5,0.7,2.4,0.2,1.4,4.1,6.4,3.8,0.6,4.2,0.7,7.4,2.0,1.8,1.8,7.0,1.4,1.1,3.2,0.7,1.8,1.7,1.6,1.4,0.5,0.2,0.9,0.8,0.3
2017-05-28 23:27:00+02:00,0.5,1.6,0.5,2.2,6.7,4.5,4.2,1.1,0.9,1.7,1.8,4.7,0.9,1.4,0.7,1.1,0.2,1.4,4.4,6.6,4.1,0.6,4.4,0.7,7.8,2.0,2.3,1.0,7.3,1.4,1.1,3.7,1.3,2.0,1.9,1.7,1.4,0.5,0.3,0.9,0.7,0.3
2017-05-28 23:28:00+02:00,0.5,1.1,0.5,1.7,5.7,3.4,3.2,0.5,0.4,1.5,1.8,3.7,0.3,0.9,0.7,0.9,0.2,0.8,3.3,5.6,3.0,0.6,3.4,0.7,6.6,1.9,1.8,0.8,6.2,0.8,1.0,2.7,0.7,2.1,2.0,1.8,1.6,0.5,0.3,1.1,0.7,0.3
2017-05-28 23:29:00+02:00,0.5,1.0,0.5,1.4,5.5,3.2,3.0,0.7,0.3,1.5,1.8,3.4,0.2,1.1,0.8,1.0,0.2,1.0,3.1,5.4,2.9,0.6,3.2,0.7,6.5,2.0,1.6,0.9,6.0,1.0,1.1,2.6,0.6,2.0,1.9,1.7,1.5,0.5,0.3,1.0,0.6,0.3
2017-05-28 23:30:00+02:00,0.5,1.1,0.6,1.5,5.8,3.4,3.1,0.8,0.4,1.6,1.9,3.6,0.4,1.1,0.8,1.0,0.1,1.0,3.2,5.7,3.0,0.7,3.3,0.7,6.7,2.1,1.6,0.9,6.3,1.0,1.1,2.7,0.7,1.8,1.7,1.5,1.3,0.5,0.2,0.8,0.6,0.3
2017-05-28 23:31:00+02:00,0.5,1.1,0.6,1.5,6.4,4.1,3.1,0.7,0.4,1.6,1.9,4.2,0.5,1.0,0.9,1.0,0.1,0.9,3.2,6.3,2.9,0.7,3.9,0.7,7.2,2.1,1.7,0.9,6.8,0.9,1.1,2.7,0.7,1.8,1.7,1.5,1.3,0.5,0.2,0.8,0.6,0.3
2017-05-28 23:32:00+02:00,0.5,1.1,0.6,1.4,7.6,5.3,3.1,0.7,0.4,1.6,2.0,5.4,0.5,1.0,0.9,1.0,0.1,1.0,3.3,7.5,3.0,0.7,5.0,0.7,8.5,2.1,1.7,0.9,8.1,0.9,1.2,2.7,0.7,2.0,1.8,1.6,1.4,0.5,0.2,0.9,0.7,0.3
2017-05-28 23:33:00+02:00,0.9,1.1,0.6,1.4,8.1,5.8,3.4,0.7,0.4,2.2,2.0,5.9,0.5,1.1,0.9,1.6,0.1,1.0,3.5,8.0,3.2,0.7,5.5,1.3,9.1,2.1,1.7,1.5,8.7,0.9,1.2,2.7,0.7,2.4,2.3,2.1,1.9,0.5,0.2,1.4,0.7,0.4
2017-05-28 23:34:00+02:00,1.0,1.1,0.6,1.5,6.7,4.3,3.4,0.7,0.4,2.3,2.0,4.5,0.5,1.1,0.9,1.6,0.2,1.0,3.6,6.6,3.2,0.7,4.0,1.3,7.6,2.1,1.7,1.5,7.2,1.0,1.2,2.8,0.7,3.3,3.2,2.7,2.5,0.5,0.2,2.0,0.7,0.3
2017-05-28 23:35:00+02:00,0.9,1.1,0.6,1.5,6.9,4.2,3.5,0.7,0.4,2.1,2.1,4.4,0.5,1.1,0.9,1.5,0.2,1.0,3.7,6.7,3.3,0.8,3.9,1.2,7.9,2.3,1.6,1.4,7.4,1.0,1.3,2.8,0.8,2.8,2.7,1.7,1.4,0.5,0.2,0.9,0.7,0.3
2017-05-28 23:36:00+02:00,0.8,1.0,0.6,1.4,7.6,4.9,4.1,0.7,0.4,2.3,2.1,5.1,0.5,1.2,1.0,1.6,0.2,1.1,4.3,7.4,3.9,0.8,4.5,1.3,8.6,2.3,1.5,1.5,8.1,1.0,1.3,2.7,0.7,2.2,2.0,1.8,1.5,0.6,0.3,0.9,0.7,0.3
2017-05-28 23:37:00+02:00,0.7,1.0,0.6,1.4,8.0,5.2,4.4,0.7,0.4,2.3,2.2,5.4,0.5,1.2,0.9,1.7,0.2,1.1,4.6,7.8,4.2,0.7,4.8,1.3,8.9,2.4,1.6,1.6,8.5,1.0,1.3,2.8,0.6,2.2,2.0,1.8,1.4,0.5,0.3,0.9,0.7,0.3
2017-05-28 23:38:00+02:00,0.8,1.0,0.6,1.4,6.9,4.3,3.5,0.7,0.3,2.4,2.0,4.5,0.5,1.1,0.9,1.8,0.2,1.1,3.6,6.7,3.2,0.7,3.9,1.4,7.6,2.2,1.5,1.7,7.1,1.0,1.2,2.7,0.6,2.4,2.3,2.0,1.7,0.5,0.3,1.2,0.7,0.3
2017-05-28 23:39:00+02:00,0.9,1.0,0.6,1.9,7.7,4.9,4.0,0.7,0.3,2.4,2.2,5.1,0.5,1.1,0.9,1.8,0.2,1.1,4.2,7.5,3.8,0.8,4.5,1.5,8.3,2.4,2.1,1.7,7.9,1.0,1.4,3.2,0.6,2.4,2.3,2.0,1.8,0.5,0.3,1.2,0.7,0.3
2017-05-28 23:40:00+02:00,0.8,1.0,0.6,2.9,8.2,5.8,5.0,0.7,0.3,2.4,2.0,5.9,0.5,1.2,0.9,1.8,0.2,1.2,5.1,8.0,4.7,0.7,5.3,1.4,10.0,2.1,3.1,1.7,9.6,1.1,1.1,4.3,0.6,2.2,2.0,1.8,1.5,0.4,0.4,1.1,0.6,0.3
2017-05-28 23:41:00+02:00,0.8,1.0,0.6,2.8,8.1,5.8,5.1,0.7,0.3,2.4,1.8,5.9,0.5,1.4,0.8,1.8,0.2,1.3,5.2,7.9,4.8,0.7,5.5,1.4,9.8,2.0,3.0,1.7,9.6,1.3,1.0,4.4,0.7,2.8,2.6,2.5,2.2,0.8,0.4,1.3,0.9,0.3
2017-05-28 23:42:00+02:00,0.4,1.0,0.6,2.3,7.8,5.5,4.7,0.7,0.4,2.0,1.8,5.6,0.5,1.4,0.8,1.5,0.2,1.3,4.9,7.6,4.5,0.7,5.2,1.0,8.4,2.0,2.5,1.4,8.1,1.3,1.0,3.9,0.7,2.8,2.7,2.5,2.2,0.8,0.4,1.4,0.9,0.3
2017-05-28 23:43:00+02:00,0.3,1.2,0.6,1.7,7.0,4.7,4.0,0.7,0.4,1.9,1.8,4.8,0.5,1.2,0.8,1.4,0.2,1.1,4.1,6.7,3.6,0.7,4.4,0.7,7.8,2.0,1.9,1.2,7.3,1.1,1.0,3.0,0.8,2.4,2.3,2.2,1.8,0.4,0.4,1.4,0.9,0.4
2017-05-28 23:44:00+02:00,0.3,1.1,0.5,1.4,6.5,4.3,3.6,0.7,0.4,1.6,1.6,4.4,0.5,1.2,0.7,1.2,0.2,1.1,3.7,6.3,3.2,0.6,4.0,0.5,7.2,1.9,1.6,1.0,6.8,1.0,0.8,2.7,0.7,2.6,2.5,2.3,2.0,0.6,0.4,1.4,1.0,0.4
2017-05-28 23:45:00+02:00,0.2,1.1,0.4,1.3,6.8,4.3,3.6,0.9,0.4,1.7,1.8,4.4,0.7,1.3,0.6,1.3,0.2,1.2,3.7,6.5,3.2,0.5,4.0,0.6,7.5,2.1,1.4,1.1,7.1,1.1,1.0,2.7,0.7,3.0,2.8,2.7,2.3,0.8,0.4,1.5,1.0,0.5
2017-05-28 23:46:00+02:00,0.2,1.0,0.4,1.2,6.6,4.3,3.6,0.8,0.4,1.7,1.6,4.4,0.7,1.3,0.6,1.3,0.2,1.2,3.7,6.3,3.2,0.5,4.0,0.6,7.4,1.9,1.4,1.1,6.9,1.1,0.8,2.6,0.6,2.6,2.5,2.3,2.0,0.5,0.4,1.5,1.0,0.5
2017-05-28 23:47:00+02:00,0.2,1.0,0.4,1.2,6.4,4.3,3.5,0.8,0.4,1.7,1.5,4.4,0.7,1.2,0.6,1.2,0.1,1.1,3.6,6.1,3.1,0.5,3.9,0.6,7.1,1.7,1.4,1.0,6.7,1.1,0.7,2.6,0.6,2.2,2.1,1.9,1.5,0.4,0.4,1.2,0.7,0.5
2017-05-28 23:48:00+02:00,0.2,1.0,0.4,1.3,6.9,4.8,4.0,0.8,0.4,1.4,1.4,4.9,0.7,1.2,0.6,1.0,0.1,1.1,4.2,6.6,3.1,0.4,4.4,0.4,7.7,1.7,1.5,0.8,7.2,1.1,0.6,2.7,0.6,2.0,2.0,1.8,1.4,0.4,0.4,1.0,0.6,0.5
2017-05-28 23:49:00+02:00,0.2,1.0,0.4,1.3,7.4,5.3,4.4,0.9,0.4,1.3,1.5,5.4,0.7,1.3,0.5,0.9,0.2,1.2,4.6,7.1,3.1,0.4,5.0,0.4,8.1,1.7,1.5,0.8,7.7,1.1,0.7,2.8,0.6,2.0,1.9,1.7,1.4,0.4,0.4,1.0,0.7,0.5
2017-05-28 23:50:00+02:00,0.2,1.0,0.4,1.9,7.2,5.0,4.2,0.8,0.4,1.3,1.5,5.1,0.7,1.2,0.6,0.9,0.2,1.1,4.4,6.9,3.7,0.5,4.8,0.4,7.8,1.8,2.1,0.8,7.6,1.1,0.7,3.3,0.6,1.8,1.7,1.5,1.3,0.4,0.4,0.9,0.6,0.4
2017-05-28 23:51:00+02:00,0.2,1.0,0.4,1.7,6.6,4.4,3.6,0.8,0.4,1.3,1.6,4.6,0.6,1.2,0.6,0.9,0.2,1.1,3.7,6.4,3.4,0.5,4.2,0.4,7.2,1.8,1.9,0.8,6.9,1.0,0.8,3.1,0.6,1.9,1.8,1.7,1.3,0.4,0.4,0.9,0.6,0.4
2017-05-28 23:52:00+02:00,2.1,1.0,0.4,1.6,6.4,4.2,3.4,0.7,0.4,3.2,1.6,4.4,0.6,1.2,0.7,2.8,0.2,1.1,3.6,6.2,3.3,0.5,4.0,2.4,7.0,1.9,1.7,2.8,6.7,1.0,0.8,2.9,0.7,2.0,1.9,1.8,1.3,0.4,0.4,0.9,0.6,0.4
2017-05-28 23:53:00+02:00,2.0,1.1,0.4,1.7,6.7,4.4,3.6,0.7,0.4,3.1,1.7,4.5,0.6,1.3,0.7,2.7,0.2,1.0,3.8,6.4,3.5,0.5,4.1,2.2,7.2,1.9,1.8,2.7,6.9,1.0,0.8,3.1,0.7,2.0,1.9,1.7,1.2,0.4,0.4,0.8,0.6,0.4
2017-05-28 23:54:00+02:00,1.5,1.0,0.4,1.7,6.7,4.3,3.6,0.7,0.4,2.6,1.7,4.5,0.6,1.3,0.7,2.2,0.2,1.0,3.7,6.4,3.4,0.6,4.1,1.7,7.2,2.0,1.8,2.1,7.0,1.0,0.9,3.1,0.7,1.7,1.6,1.5,1.2,0.5,0.5,0.7,0.6,0.4
2017-05-28 23:55:00+02:00,1.5,1.0,0.4,1.6,6.6,4.3,3.5,0.7,0.4,2.7,1.8,4.5,0.6,1.3,0.7,2.3,0.2,1.0,3.7,6.4,3.4,0.6,4.0,1.8,7.2,2.0,1.7,2.3,7.0,1.0,0.8,3.0,0.6,2.2,2.1,2.0,1.8,1.0,0.8,0.8,0.7,0.4
2017-05-28 23:56:00+02:00,1.5,0.8,0.4,1.4,6.2,4.1,3.4,0.7,0.3,2.8,1.5,4.3,0.6,1.3,0.7,2.4,0.2,1.0,3.5,5.9,3.3,0.6,3.9,1.8,6.9,1.7,1.6,2.3,6.6,0.9,0.9,2.9,0.4,2.3,2.2,2.1,1.8,1.0,0.8,0.8,0.7,0.4
2017-05-28 23:57:00+02:00,1.9,0.8,0.4,1.5,6.2,4.3,3.5,0.7,0.4,3.3,1.2,4.5,0.6,1.3,0.7,2.9,0.2,1.0,3.7,5.9,3.4,0.5,4.0,2.2,7.0,1.5,1.7,2.7,6.6,0.9,0.9,3.0,0.5,2.2,2.1,2.0,1.8,1.1,0.8,0.7,0.7,0.5
2017-05-28 23:58:00+02:00,0.3,0.8,0.4,1.4,6.1,4.2,3.5,0.6,0.3,1.6,1.2,4.4,0.5,1.3,0.7,1.1,0.2,1.0,3.6,5.8,3.3,0.5,4.0,0.6,6.9,1.4,1.6,1.0,6.5,0.9,0.9,2.9,0.5,2.4,2.3,2.2,2.0,1.1,0.9,1.0,0.9,0.5
2017-05-28 23:59:00+02:00,0.2,0.8,0.4,1.4,6.1,4.1,3.4,0.6,0.3,1.5,1.3,4.3,0.5,1.3,0.7,1.0,0.1,0.9,3.5,5.9,3.2,0.5,3.9,0.5,6.8,1.6,1.6,0.9,6.5,0.9,1.0,2.9,0.5,2.2,2.2,2.1,1.8,1.1,0.9,0.7,0.7,0.5
2017-05-29 00:00:00+02:00,0.2,0.9,0.1,1.4,5.7,4.1,3.4,0.6,0.3,1.5,1.0,4.3,0.5,1.2,0.3,1.1,0.1,0.9,3.5,5.5,3.2,0.2,3.9,0.5,6.4,1.2,1.6,0.9,6.0,0.9,0.7,2.8,0.6,2.9,2.8,2.7,2.5,1.1,0.9,1.3,1.3,0.5
2017-05-29 00:01:00+02:00,0.2,0.9,0.1,1.4,6.1,4.1,3.4,0.6,0.3,2.2,1.2,4.4,0.6,1.2,0.3,1.8,0.1,0.9,3.5,5.9,3.2,0.2,3.9,1.3,6.7,1.5,1.6,1.6,6.4,0.9,0.6,2.9,0.6,2.3,2.2,2.0,1.8,1.1,0.9,0.7,0.6,0.3
2017-05-29 00:02:00+02:00,0.2,0.9,0.1,1.4,5.8,4.1,3.4,0.7,0.3,2.5,1.0,4.3,0.6,1.3,0.6,2.1,0.1,1.0,3.5,5.6,3.2,0.3,3.9,1.6,6.6,1.3,1.6,2.0,6.2,0.9,1.0,2.9,0.6,2.2,2.1,2.0,1.8,1.1,0.9,0.7,0.5,0.3
2017-05-29 00:03:00+02:00,0.8,1.0,0.2,1.5,6.7,4.2,3.5,0.7,0.3,1.9,1.9,4.4,0.6,1.3,0.5,1.5,0.2,1.0,3.6,6.5,3.2,0.3,3.9,1.0,7.5,2.1,1.7,1.4,7.1,0.9,0.9,3.0,0.7,3.3,3.3,3.2,3.0,1.1,0.9,1.8,0.7,0.3
2017-05-29 00:04:00+02:00,0.8,0.9,0.2,1.4,6.2,4.3,3.6,0.8,0.3,1.9,1.2,4.5,0.7,1.5,0.5,1.5,0.2,1.2,3.7,5.9,3.2,0.3,4.1,1.0,6.8,1.4,1.6,1.4,6.5,1.1,0.7,3.1,0.7,3.7,3.7,3.5,3.3,1.1,0.9,2.2,1.1,0.6
2017-05-29 00:05:00+02:00,0.9,0.9,0.2,1.4,5.6,4.3,3.6,0.8,0.3,1.9,0.7,4.4,0.7,1.4,0.4,1.5,0.2,1.2,3.6,5.4,3.2,0.3,4.0,1.0,6.2,0.9,1.6,1.4,5.9,1.1,0.6,3.0,0.7,3.6,3.6,3.5,3.3,1.1,0.9,2.2,1.1,0.6
2017-05-29 00:06:00+02:00,0.9,0.8,0.2,1.3,6.5,4.2,3.5,0.8,0.3,1.8,1.7,4.4,0.7,1.4,0.6,1.5,0.2,1.2,3.6,6.3,3.2,0.2,4.0,1.0,7.1,1.9,1.5,1.4,6.9,1.1,0.8,3.0,0.6,3.1,3.0,3.0,2.7,1.0,0.8,1.7,0.6,0.4
2017-05-29 00:07:00+02:00,0.9,0.8,0.2,1.3,6.1,4.0,3.4,0.8,0.3,1.7,1.5,4.2,0.7,1.4,0.4,1.5,0.3,1.1,3.4,5.9,3.0,0.2,3.8,1.0,6.7,1.8,1.5,1.4,6.5,1.1,0.6,2.9,0.6,3.8,3.7,3.6,3.4,2.2,2.0,1.2,0.5,0.3
2017-05-29 00:08:00+02:00,0.9,0.8,0.2,1.3,5.3,4.0,3.3,0.8,0.3,1.7,0.7,4.1,0.7,1.3,0.4,1.5,0.2,1.1,3.3,5.1,3.0,0.2,3.7,1.1,5.9,1.0,1.5,1.4,5.6,1.1,0.6,2.8,0.6,4.0,4.0,3.9,3.6,2.6,2.4,1.0,0.8,0.3
2017-05-29 00:09:00+02:00,0.9,0.8,0.2,1.4,5.7,4.1,3.4,0.8,0.4,1.7,1.0,4.2,0.7,1.3,0.5,1.5,0.2,1.1,3.5,5.5,3.1,0.3,3.9,1.1,6.3,1.3,1.6,1.4,6.0,1.1,0.7,2.9,0.5,3.3,3.3,3.2,2.9,2.1,1.9,0.9,0.6,0.4
2017-05-29 00:10:00+02:00,0.4,0.8,0.2,1.4,6.9,4.0,3.3,0.7,0.4,1.1,1.9,4.1,0.6,1.2,0.5,0.9,0.2,1.1,3.4,6.3,3.0,0.3,3.8,0.6,7.4,2.2,1.6,0.8,7.2,1.0,0.7,2.8,0.6,2.1,2.1,2.0,1.7,0.7,0.5,1.0,0.7,0.6
2017-05-29 00:11:00+02:00,0.6,0.8,0.1,1.3,5.5,3.9,3.2,0.7,0.4,1.3,1.0,4.0,0.6,1.2,0.5,1.1,0.2,1.0,3.3,5.3,2.9,0.2,3.7,0.7,6.0,1.3,1.5,0.9,5.8,1.0,0.7,2.7,0.6,1.9,1.9,1.8,1.5,0.6,0.3,1.0,0.7,0.5
2017-05-29 00:12:00+02:00,1.0,0.6,0.0,1.2,5.1,3.7,3.1,0.7,0.2,1.6,0.7,3.9,0.6,1.2,0.5,1.4,0.2,1.0,3.1,4.9,2.7,0.2,3.5,1.2,5.6,1.0,1.4,1.3,5.4,1.0,0.7,2.6,0.3,1.9,1.9,1.8,1.4,0.6,0.3,0.9,0.6,0.5
2017-05-29 00:13:00+02:00,1.0,0.5,0.1,1.2,6.0,3.6,3.0,0.7,0.1,1.6,1.7,3.8,0.6,1.1,0.6,1.4,0.2,1.0,3.1,5.8,2.6,0.3,3.4,1.2,6.6,2.0,1.3,1.3,6.3,0.9,0.8,2.5,0.3,2.0,1.9,1.8,1.5,0.6,0.4,0.9,0.6,0.4
2017-05-29 00:14:00+02:00,1.0,0.5,0.1,1.1,5.9,3.4,2.7,0.7,0.1,1.6,1.9,3.6,0.6,1.1,0.6,1.4,0.2,0.9,2.9,5.8,2.4,0.3,3.2,1.2,6.5,2.2,1.2,1.3,6.2,0.9,0.8,2.3,0.3,2.1,2.1,1.9,1.6,0.6,0.4,1.0,0.7,0.4
2017-05-29 00:15:00+02:00,1.0,0.5,0.0,1.0,5.0,3.4,2.8,0.8,0.1,1.6,1.0,3.6,0.6,1.2,0.7,1.4,0.2,1.0,2.9,4.9,2.5,0.2,3.2,1.1,5.6,1.2,1.2,1.3,5.3,0.9,0.9,2.3,0.3,1.8,1.8,1.7,1.5,0.6,0.4,0.9,0.6,0.4
2017-05-29 00:16:00+02:00,1.0,0.5,0.0,1.0,5.1,3.4,2.8,0.8,0.1,1.6,1.0,3.7,0.6,1.1,0.7,1.4,0.2,1.0,2.9,4.9,2.5,0.2,3.2,1.2,5.7,1.3,1.2,1.3,5.4,0.9,0.9,2.3,0.3,2.2,2.1,2.0,1.7,0.6,0.4,1.1,0.6,0.4
2017-05-29 00:17:00+02:00,1.0,0.6,0.0,1.0,5.3,3.5,2.8,0.8,0.1,1.7,1.1,3.7,0.6,1.2,0.6,1.5,0.2,1.0,2.9,5.1,2.5,0.2,3.3,1.3,5.9,1.4,1.2,1.4,5.6,1.0,0.8,2.4,0.3,2.2,2.2,2.1,1.8,0.6,0.4,1.2,0.7,0.4
2017-05-29 00:18:00+02:00,0.2,0.6,0.0,1.0,5.2,3.5,2.8,0.8,0.1,1.3,1.0,3.7,0.6,1.3,0.6,1.0,0.2,1.1,2.9,5.0,2.6,0.2,3.3,0.8,5.8,1.3,1.2,0.9,5.5,1.0,0.8,2.5,0.3,2.0,2.0,1.9,1.7,0.6,0.4,1.1,0.6,0.4
2017-05-29 00:19:00+02:00,0.2,0.6,0.0,1.0,5.6,3.5,3.0,0.9,0.1,1.2,1.4,3.8,0.7,1.5,0.6,1.0,0.3,1.3,3.1,5.5,2.9,0.2,3.4,0.8,6.2,1.7,1.2,0.9,5.9,1.3,0.9,2.7,0.3,1.8,1.8,1.6,1.4,0.6,0.4,0.8,0.3,0.1
2017-05-29 00:20:00+02:00,0.2,0.6,0.0,1.0,6.1,3.5,3.0,0.9,0.1,1.2,2.0,3.7,0.7,1.5,0.6,1.0,0.3,1.3,3.1,6.0,2.8,0.2,3.3,0.8,6.6,2.2,1.2,0.9,6.4,1.3,0.8,2.7,0.3,1.8,1.8,1.6,1.4,0.6,0.4,0.8,0.4,0.1
2017-05-29 00:21:00+02:00,0.2,0.6,0.0,1.0,5.5,3.5,2.9,0.9,0.1,1.2,1.4,3.7,0.7,1.5,0.7,0.9,0.3,1.3,3.1,5.4,2.8,0.3,3.3,0.7,6.1,1.7,1.2,0.8,5.8,1.3,0.9,2.7,0.3,2.3,2.3,2.1,1.7,0.6,0.4,1.2,0.7,0.1
2017-05-29 00:22:00+02:00,0.2,1.5,0.0,1.9,6.3,4.3,3.9,0.8,1.0,1.4,1.3,4.5,0.6,1.5,0.7,1.2,0.3,1.3,3.9,6.2,3.8,0.3,4.2,0.7,6.9,1.7,2.2,1.1,6.6,1.2,0.9,3.6,1.2,2.6,2.6,2.4,2.1,0.5,0.3,1.6,1.1,0.1
2017-05-29 00:23:00+02:00,0.3,1.0,0.0,1.5,6.3,3.8,3.3,0.8,0.6,2.3,1.8,4.0,0.6,1.3,0.7,2.2,0.3,1.2,3.4,6.1,3.2,0.3,3.7,0.9,6.7,2.2,1.8,2.0,6.5,1.2,0.9,3.1,0.8,1.9,1.9,1.7,1.4,0.5,0.3,0.9,0.5,0.1
2017-05-29 00:24:00+02:00,0.8,0.6,0.0,1.0,5.3,3.1,2.7,0.8,0.1,2.2,1.5,3.3,0.6,1.2,0.7,2.0,0.3,1.2,2.8,5.1,2.6,0.3,3.0,1.4,5.7,1.8,1.3,1.9,5.4,1.1,0.9,2.5,0.3,1.9,1.9,1.7,1.4,0.5,0.3,0.9,0.6,0.3
2017-05-29 00:25:00+02:00,0.8,0.6,0.1,1.1,5.1,3.3,2.8,0.7,0.1,1.8,1.3,3.5,0.6,1.1,0.7,1.6,0.3,1.1,2.9,5.1,2.7,0.3,3.2,1.3,5.6,1.6,1.3,1.5,5.3,1.0,0.9,2.4,0.3,1.8,1.8,1.7,1.4,0.3,0.1,1.0,0.6,0.3
2017-05-29 00:26:00+02:00,0.8,0.6,0.1,1.0,5.0,3.2,2.8,0.8,0.1,1.8,1.3,3.4,0.6,1.1,0.7,1.7,0.3,1.0,2.8,5.0,2.5,0.3,3.1,1.3,5.5,1.6,1.3,1.6,5.2,0.9,0.9,2.3,0.4,1.9,1.9,1.8,1.5,0.3,0.1,1.2,0.7,0.3
2017-05-29 00:27:00+02:00,0.8,0.6,0.1,1.1,5.6,3.2,2.8,0.7,0.2,1.8,1.9,3.4,0.6,1.0,0.7,1.7,0.3,1.0,2.8,5.5,2.5,0.3,3.1,1.3,6.0,2.1,1.3,1.6,5.7,0.9,0.9,2.3,0.4,2.1,2.0,2.0,1.6,0.3,0.1,1.3,0.9,0.6
2017-05-29 00:28:00+02:00,0.8,0.9,0.1,1.7,6.3,3.7,3.3,0.7,0.2,1.9,1.1,3.9,0.6,1.0,0.7,1.7,0.3,1.0,3.3,6.2,3.1,0.3,3.6,1.4,6.7,2.3,1.9,1.6,6.4,0.9,0.9,2.9,0.7,2.0,2.0,1.9,1.6,0.3,0.1,1.3,0.9,0.6
2017-05-29 00:29:00+02:00,0.9,0.7,0.1,1.8,6.1,3.8,3.4,0.8,0.2,2.0,1.2,4.1,0.6,1.1,0.7,1.8,0.3,1.0,3.5,6.1,3.3,0.3,3.7,1.5,6.6,2.0,2.0,1.7,6.3,1.0,0.8,3.1,0.6,1.7,1.7,1.6,1.3,0.3,0.1,1.0,0.6,0.3
2017-05-29 00:30:00+02:00,0.9,0.6,0.0,2.0,5.9,4.0,3.6,0.8,0.2,2.0,1.1,4.5,0.6,1.0,0.7,1.8,0.3,1.0,3.7,5.9,3.5,0.2,3.9,1.5,6.4,1.4,2.2,1.7,6.2,1.0,0.9,3.3,0.4,1.7,1.7,1.6,1.3,0.3,0.1,1.0,0.5,0.3
2017-05-29 00:31:00+02:00,0.9,0.6,0.0,2.0,6.7,4.1,3.7,0.9,0.2,2.1,1.3,5.2,0.7,1.2,0.7,1.8,0.3,1.1,3.8,6.7,3.6,0.2,4.0,1.5,7.2,1.5,2.3,1.7,7.0,1.1,0.9,3.4,0.4,1.5,1.5,1.4,1.1,0.3,0.1,0.8,0.5,0.2
2017-05-29 00:32:00+02:00,0.9,0.5,0.0,2.0,6.6,4.0,3.6,0.9,0.2,2.0,1.4,5.0,0.7,1.2,0.7,1.8,0.3,1.1,3.7,6.6,3.5,0.2,3.9,1.5,7.1,1.6,2.2,1.7,6.8,1.1,0.9,3.3,0.4,1.5,1.5,1.4,1.1,0.3,0.1,0.8,0.5,0.2
2017-05-29 00:33:00+02:00,0.4,0.5,0.0,1.9,6.5,3.9,3.5,0.8,0.2,1.4,1.4,4.9,0.7,1.2,0.7,1.2,0.3,1.1,3.6,6.5,3.5,0.2,3.8,0.9,6.9,1.6,2.1,1.1,6.7,1.1,0.9,3.3,0.4,1.5,1.4,1.4,1.0,0.3,0.1,0.7,0.5,0.2
2017-05-29 00:34:00+02:00,1.7,0.6,0.0,1.9,6.1,4.0,3.5,0.8,0.2,2.7,1.5,4.4,0.6,1.2,0.7,2.5,0.2,1.1,3.6,6.0,3.4,0.2,3.9,2.2,6.5,1.6,2.1,2.4,6.3,1.0,1.0,3.3,0.5,1.6,1.6,1.5,1.2,0.3,0.1,0.9,0.6,0.3
2017-05-29 00:35:00+02:00,0.7,0.6,0.0,1.0,5.0,3.0,2.5,0.8,0.2,1.6,1.4,3.4,0.6,1.1,0.6,1.5,0.3,1.1,2.6,5.0,2.5,0.2,2.9,1.1,5.5,1.6,1.2,1.4,5.3,1.0,0.9,2.3,0.4,1.7,1.7,1.6,1.2,0.3,0.1,0.9,0.7,0.3
2017-05-29 00:36:00+02:00,0.2,0.7,0.0,1.0,5.1,3.1,2.6,0.9,0.2,1.1,1.3,3.5,0.6,1.2,0.6,1.0,0.3,1.2,2.7,5.1,2.6,0.3,3.0,0.7,5.9,1.5,1.2,0.9,5.7,1.1,0.8,2.4,0.4,1.7,1.7,1.5,1.3,0.3,0.1,1.0,0.7,0.3
2017-05-29 00:37:00+02:00,0.2,0.7,0.0,1.0,5.0,3.2,2.7,0.9,0.2,1.2,1.2,3.6,0.6,1.2,0.6,1.0,0.2,1.1,2.8,5.0,2.6,0.3,3.1,0.6,6.2,1.5,1.3,0.9,5.9,1.1,0.7,2.5,0.5,1.7,1.6,1.4,1.2,0.3,0.1,0.9,0.6,0.3
2017-05-29 00:38:00+02:00,0.2,0.6,0.0,1.1,5.0,3.1,2.7,0.8,0.2,1.2,1.2,3.5,0.6,1.3,0.6,1.0,0.2,1.1,2.8,4.9,2.7,0.3,3.0,0.6,5.6,1.4,1.3,0.9,5.3,1.1,0.7,2.5,0.4,1.4,1.3,1.2,1.0,0.3,0.1,0.7,0.6,0.3
2017-05-29 00:39:00+02:00,0.2,0.7,0.0,1.1,5.2,3.2,2.9,0.8,0.2,1.2,1.2,3.7,0.6,1.2,0.6,1.0,0.2,1.1,2.9,5.2,2.7,0.3,3.2,0.6,5.8,1.5,1.4,0.8,5.4,1.0,0.7,2.6,0.5,1.3,1.2,1.1,1.0,0.3,0.1,0.7,0.6,0.3
2017-05-29 00:40:00+02:00,0.2,0.8,0.0,1.2,5.4,3.3,2.9,0.8,0.2,1.3,1.2,3.7,0.6,1.2,0.6,1.1,0.2,1.1,3.0,5.3,2.8,0.3,3.2,0.6,5.9,1.6,1.4,0.9,5.6,1.0,0.7,2.7,0.5,1.3,1.2,1.1,0.9,0.3,0.1,0.6,0.6,0.2
2017-05-29 00:41:00+02:00,0.2,0.7,0.0,1.2,5.0,3.1,2.8,0.9,0.2,1.0,1.1,3.6,0.6,1.2,0.5,0.8,0.2,1.0,2.9,4.9,2.7,0.3,3.1,0.6,5.5,1.3,1.4,0.7,5.2,1.0,0.5,2.6,0.5,1.3,1.3,1.2,1.0,0.3,0.1,0.6,0.6,0.2
2017-05-29 00:42:00+02:00,0.2,0.8,0.0,1.2,5.1,3.2,2.8,0.9,0.3,1.1,1.1,3.6,0.6,1.1,0.5,0.9,0.2,1.0,2.9,5.0,2.7,0.3,3.1,0.6,5.6,1.3,1.4,0.8,5.4,0.9,0.6,2.6,0.6,1.4,1.3,1.2,1.0,0.3,0.1,0.6,0.6,0.2
2017-05-29 00:43:00+02:00,0.2,0.8,0.0,1.2,5.3,3.3,2.8,0.8,0.3,1.2,1.2,3.7,0.6,1.2,0.6,1.0,0.2,1.0,2.9,5.1,2.7,0.3,3.1,0.7,5.8,1.4,1.4,0.9,5.6,0.9,0.7,2.6,0.6,1.4,1.3,1.2,1.0,0.3,0.1,0.6,0.6,0.2
2017-05-29 00:44:00+02:00,0.2,0.8,0.1,1.7,5.8,3.8,3.4,0.8,0.3,1.3,1.2,4.3,0.6,1.2,0.6,1.0,0.2,1.0,3.4,5.7,3.2,0.3,3.6,0.7,7.4,1.4,1.9,0.9,7.2,0.9,0.7,3.1,0.6,1.4,1.4,1.3,1.0,0.3,0.1,0.7,0.6,0.2
2017-05-29 00:45:00+02:00,0.3,0.8,0.1,2.0,6.2,4.2,3.8,0.9,0.3,1.4,1.2,4.6,0.7,1.2,0.6,1.0,0.2,1.1,3.8,6.0,3.6,0.3,4.0,0.8,8.0,1.4,2.2,0.9,7.8,1.0,0.7,3.5,0.6,1.5,1.5,1.4,1.1,0.3,0.1,0.8,0.6,0.3
2017-05-29 00:46:00+02:00,0.3,0.8,0.1,2.1,5.8,4.0,3.7,0.8,0.3,1.4,1.3,4.2,0.7,1.2,0.6,1.0,0.2,1.0,3.8,5.6,3.6,0.3,3.9,0.8,6.8,1.5,2.3,0.9,6.5,0.9,0.7,3.4,0.6,1.5,1.5,1.4,1.1,0.3,0.1,0.8,0.7,0.3
2017-05-29 00:47:00+02:00,0.3,0.8,0.1,2.0,6.1,4.0,3.6,0.8,0.3,1.3,1.6,4.1,0.7,1.1,1.0,0.9,0.2,1.0,3.7,5.9,3.5,0.3,3.9,0.7,6.7,1.8,2.2,0.8,6.5,0.9,1.1,3.4,0.6,1.6,1.5,1.4,1.1,0.3,0.1,0.8,0.7,0.3
2017-05-29 00:48:00+02:00,0.6,0.7,0.1,2.0,5.8,4.1,3.6,0.8,0.3,1.3,1.3,4.2,0.7,1.2,0.7,0.9,0.2,1.1,3.7,5.7,3.5,0.3,3.9,0.7,6.2,1.5,2.2,0.8,5.9,1.0,0.8,3.4,0.5,1.5,1.5,1.4,1.1,0.3,0.1,0.8,0.7,0.3
2017-05-29 00:49:00+02:00,0.5,0.7,0.1,2.0,5.8,4.1,3.6,0.8,0.3,1.2,1.3,4.1,0.6,1.1,0.7,0.8,0.2,1.0,3.7,5.7,3.4,0.3,3.9,0.6,6.1,1.5,2.2,0.7,5.9,0.9,0.8,3.3,0.5,1.7,1.6,1.6,1.3,0.3,0.1,1.0,0.6,0.3
2017-05-29 00:50:00+02:00,0.4,0.7,0.1,2.1,5.6,4.1,3.6,0.8,0.3,1.1,1.2,4.2,0.7,1.1,0.5,0.8,0.2,1.0,3.7,5.5,3.4,0.2,4.0,0.5,6.0,1.4,2.2,0.7,5.8,0.9,0.7,3.3,0.5,3.0,3.0,2.9,2.1,0.3,0.1,1.8,0.6,0.3
2017-05-29 00:51:00+02:00,0.4,0.7,0.1,2.1,5.5,4.0,3.6,0.7,0.3,1.1,1.1,4.1,0.6,1.1,0.4,0.7,0.2,1.0,3.6,5.4,3.4,0.1,3.9,0.5,5.8,1.3,2.2,0.6,5.6,0.9,0.6,3.3,0.5,2.7,2.7,2.6,2.1,0.3,0.1,1.8,0.6,0.3
2017-05-29 00:52:00+02:00,0.4,0.7,0.1,2.1,5.2,3.9,3.5,0.7,0.3,1.1,1.0,4.0,0.6,1.0,0.4,0.7,0.2,0.9,3.6,5.1,3.3,0.1,3.8,0.5,5.6,1.1,2.2,0.6,5.4,0.8,0.5,3.2,0.5,2.9,2.8,2.7,2.4,0.4,0.2,2.0,0.7,0.4
2017-05-29 00:53:00+02:00,0.4,0.7,0.1,2.1,5.3,3.9,3.5,0.7,0.3,1.0,1.1,4.0,0.6,1.0,0.5,0.7,0.2,0.9,3.5,5.2,3.3,0.2,3.8,0.4,5.7,1.2,2.2,0.6,5.5,0.8,0.6,3.2,0.5,2.1,2.1,2.0,1.6,0.3,0.2,1.3,0.8,0.5
2017-05-29 00:54:00+02:00,0.4,0.7,0.1,2.1,5.2,3.9,3.4,0.7,0.3,1.0,1.1,3.9,0.5,1.0,0.5,0.8,0.2,0.9,3.5,5.1,3.3,0.2,3.7,0.4,5.8,1.2,2.2,0.7,5.5,0.8,0.6,3.2,0.5,1.7,1.6,1.5,1.1,0.3,0.1,0.8,0.6,0.3
2017-05-29 00:55:00+02:00,0.4,0.8,0.1,2.1,5.3,3.8,3.4,0.7,0.3,1.1,1.2,3.9,0.5,1.0,0.5,0.8,0.2,0.9,3.5,5.1,3.2,0.2,3.7,0.5,5.8,1.3,2.2,0.7,5.6,0.8,0.6,3.1,0.6,1.5,1.5,1.4,1.0,0.2,0.1,0.8,0.5,0.3
2017-05-29 00:56:00+02:00,0.4,0.7,0.1,2.0,6.1,3.7,3.4,0.7,0.3,1.1,2.0,3.8,0.5,0.9,0.4,0.7,0.2,0.9,3.4,5.9,3.2,0.2,3.6,0.6,6.7,2.1,2.1,0.7,6.4,0.8,0.6,3.1,0.6,2.7,2.7,2.6,2.2,0.2,0.1,2.0,0.4,0.3
2017-05-29 00:57:00+02:00,0.4,0.9,0.1,2.1,6.0,3.9,3.5,0.7,0.2,1.1,1.8,3.9,0.5,1.0,0.3,0.7,0.2,0.9,3.6,5.8,3.4,0.2,3.8,0.6,6.6,1.9,2.2,0.7,6.3,0.8,0.5,3.2,0.8,1.7,1.7,1.6,1.3,0.2,0.1,1.0,0.4,0.3
2017-05-29 00:58:00+02:00,0.4,0.5,0.1,1.9,5.0,3.7,3.3,0.7,0.2,1.1,0.9,3.8,0.5,1.0,0.3,0.7,0.2,0.9,3.4,4.8,3.2,0.2,3.6,0.6,5.6,1.0,2.0,0.7,5.4,0.9,0.5,3.0,0.5,1.3,1.2,1.1,0.8,0.2,0.1,0.6,0.4,0.3
2017-05-29 00:59:00+02:00,0.4,0.5,0.1,1.1,4.4,3.0,2.6,0.7,0.2,1.2,1.0,3.1,0.5,1.0,0.4,0.7,0.2,0.9,2.7,4.2,2.4,0.3,2.9,0.6,5.0,1.2,1.3,0.7,4.7,0.9,0.6,2.3,0.5,1.3,1.2,1.1,0.8,0.2,0.1,0.6,0.4,0.3
2017-05-29 01:00:00+02:00,0.4,0.6,0.2,0.8,5.0,3.5,3.1,1.5,0.2,1.2,1.1,3.6,1.3,1.8,0.5,0.8,0.2,1.7,3.2,4.9,3.0,0.4,3.4,0.6,5.6,1.3,1.0,0.7,5.3,1.6,0.7,2.8,0.5,1.5,1.4,1.3,1.0,0.2,0.1,0.8,0.6,0.5
2017-05-29 01:01:00+02:00,0.4,0.5,0.0,0.9,4.5,3.2,2.4,0.8,0.2,1.4,0.8,3.2,0.6,1.1,0.4,0.9,0.2,1.0,2.5,4.2,2.2,0.1,2.9,0.5,4.9,1.0,1.0,0.6,4.5,0.9,0.7,2.1,0.3,1.8,1.7,1.6,1.3,0.4,0.1,0.9,0.4,0.2
2017-05-29 01:02:00+02:00,0.5,0.5,0.0,0.9,4.3,3.0,2.4,0.8,0.2,2.0,0.8,3.1,0.6,1.1,0.4,1.5,0.2,0.9,2.5,4.0,2.2,0.1,2.7,1.1,4.6,1.0,1.0,1.2,4.3,0.9,0.7,2.1,0.3,1.7,1.7,1.6,1.3,0.4,0.1,0.9,0.4,0.2
2017-05-29 01:03:00+02:00,0.5,0.6,0.0,0.9,4.2,3.0,2.3,0.7,0.3,2.0,0.8,3.0,0.5,1.0,0.4,1.5,0.2,0.9,2.4,4.0,2.2,0.1,2.7,1.0,4.6,1.0,1.1,1.2,4.4,0.8,0.7,2.1,0.3,1.7,1.7,1.6,1.2,0.4,0.1,0.9,0.4,0.2
2017-05-29 01:04:00+02:00,0.4,0.7,0.0,1.0,4.6,3.1,2.4,0.6,0.4,1.9,1.1,3.1,0.5,1.0,0.4,1.4,0.2,0.9,2.5,4.4,2.3,0.1,2.8,0.9,5.0,1.3,1.2,1.2,4.8,0.8,0.6,2.3,0.5,1.9,1.9,1.8,1.4,0.4,0.1,1.1,0.5,0.3
2017-05-29 01:05:00+02:00,0.5,0.8,0.0,1.1,4.7,3.0,2.4,0.6,0.4,1.9,1.2,3.1,0.4,1.0,0.4,1.4,0.2,0.8,2.5,4.4,2.3,0.1,2.7,1.1,5.1,1.4,1.3,1.3,4.8,0.7,0.6,2.2,0.5,1.9,1.9,1.8,1.4,0.4,0.1,1.1,0.5,0.3
2017-05-29 01:06:00+02:00,0.3,0.9,0.1,1.3,4.7,3.2,2.5,0.5,0.5,1.7,1.1,3.2,0.4,0.9,0.3,1.2,0.2,0.8,2.6,4.5,2.4,0.2,2.9,0.9,5.1,1.3,1.5,1.1,4.8,0.7,0.5,2.4,0.6,1.8,1.8,1.7,1.3,0.4,0.1,1.0,0.5,0.3
2017-05-29 01:07:00+02:00,0.3,0.8,0.1,1.3,4.6,3.1,2.5,0.5,0.5,1.6,1.1,3.2,0.4,0.9,0.2,1.2,0.2,0.8,2.6,4.5,2.4,0.2,2.8,0.9,5.0,1.3,1.5,1.1,4.7,0.7,0.4,2.3,0.6,2.1,2.0,1.9,1.6,0.4,0.1,1.3,0.7,0.3
2017-05-29 01:08:00+02:00,0.6,0.7,0.0,1.2,4.4,3.1,2.5,0.7,0.4,1.9,0.9,3.2,0.5,1.0,0.2,1.4,0.2,0.9,2.6,4.3,2.4,0.2,2.8,1.1,4.8,1.1,1.3,1.4,4.6,0.8,0.3,2.3,0.5,2.2,2.2,2.1,1.8,0.4,0.1,1.4,0.9,0.3
2017-05-29 01:09:00+02:00,0.5,0.6,0.0,1.2,4.4,3.2,2.5,0.7,0.3,1.7,0.8,3.2,0.6,1.1,0.2,1.3,0.2,1.0,2.6,4.3,2.4,0.1,2.8,1.0,4.8,1.1,1.3,1.2,4.5,0.9,0.2,2.4,0.4,1.7,1.6,1.5,1.2,0.4,0.1,0.8,0.4,0.3
2017-05-29 01:10:00+02:00,0.4,0.6,0.0,2.1,5.3,4.1,3.5,0.7,0.3,1.6,0.8,4.2,0.6,1.0,0.2,1.2,0.2,0.9,3.6,5.2,3.3,0.1,3.8,0.9,5.7,1.0,2.3,1.2,5.4,0.8,0.2,3.3,0.4,1.8,1.7,1.6,1.2,0.4,0.1,0.9,0.4,0.3
2017-05-29 01:11:00+02:00,0.2,0.6,0.0,3.0,6.3,4.9,4.3,0.7,0.3,1.4,0.9,5.0,0.6,0.9,0.2,1.0,0.2,0.8,4.4,6.1,4.2,0.1,4.6,0.7,6.7,1.2,3.2,0.9,6.4,0.8,0.3,4.1,0.5,1.7,1.6,1.6,1.2,0.4,0.1,0.8,0.4,0.3
2017-05-29 01:12:00+02:00,0.2,0.6,0.0,3.2,6.4,5.0,4.4,0.7,0.3,1.4,1.0,5.0,0.6,0.9,0.2,1.0,0.2,0.8,4.5,6.2,4.2,0.1,4.7,0.7,6.8,1.3,3.3,0.9,6.5,0.8,0.3,4.2,0.5,2.2,2.1,2.1,1.7,0.9,0.1,0.8,0.4,0.3
2017-05-29 01:13:00+02:00,0.2,0.6,0.0,3.1,6.3,4.9,4.3,0.7,0.3,1.4,1.0,5.0,0.6,0.9,0.2,1.0,0.2,0.8,4.4,6.1,4.2,0.1,4.6,0.7,6.6,1.2,3.3,0.9,6.4,0.8,0.3,4.1,0.5,2.3,2.2,2.1,1.8,0.8,0.1,1.0,0.5,0.3
2017-05-29 01:14:00+02:00,0.3,0.6,0.0,3.1,6.2,4.8,4.3,0.7,0.3,1.6,1.1,4.9,0.5,0.8,0.2,1.2,0.2,0.8,4.4,6.1,4.1,0.1,4.6,0.9,6.6,1.3,3.3,1.1,6.4,0.7,0.3,4.1,0.5,2.0,1.9,1.9,1.5,0.5,0.1,1.1,0.6,0.3
2017-05-29 01:15:00+02:00,1.2,0.6,0.0,3.1,6.4,4.7,4.3,0.7,0.3,2.5,1.1,4.8,0.5,0.8,0.2,2.0,0.2,0.8,4.4,6.3,4.1,0.1,4.6,1.7,6.8,1.6,3.3,1.9,6.6,0.7,0.3,4.1,0.4,1.9,1.8,1.7,1.3,0.5,0.1,0.9,0.5,0.2
2017-05-29 01:16:00+02:00,0.9,0.5,0.0,2.6,6.2,4.3,3.7,0.6,0.3,2.3,1.2,4.4,0.5,0.8,0.3,1.8,0.2,0.7,3.9,6.1,3.6,0.1,4.2,1.5,6.6,1.8,2.8,1.7,6.4,0.7,0.4,3.6,0.4,1.8,1.8,1.7,1.3,0.5,0.1,0.8,0.5,0.2
2017-05-29 01:17:00+02:00,0.3,0.5,0.0,2.2,5.8,3.9,3.3,0.6,0.3,1.6,1.2,3.9,0.5,0.8,0.3,1.1,0.2,0.7,3.5,5.7,3.2,0.1,3.7,0.9,6.4,1.8,2.4,1.1,6.2,0.7,0.4,3.2,0.4,1.7,1.6,1.6,1.3,0.4,0.1,0.9,0.5,0.2
2017-05-29 01:18:00+02:00,0.3,0.6,0.0,2.3,5.7,3.9,3.3,0.5,0.3,1.5,1.2,4.0,0.4,0.7,0.2,1.0,0.1,0.7,3.5,5.7,3.2,0.1,3.7,0.8,7.0,1.8,2.4,0.9,6.7,0.6,0.3,3.2,0.4,1.7,1.7,1.6,1.2,0.3,0.1,0.9,0.5,0.2
2017-05-29 01:19:00+02:00,0.3,0.5,0.0,3.7,6.9,5.3,4.8,0.6,0.3,2.1,0.7,5.4,0.4,0.8,0.2,0.7,0.1,0.7,4.9,6.8,4.7,0.1,5.2,0.5,8.1,1.3,3.8,0.6,7.8,0.7,0.3,4.6,0.4,1.7,1.7,1.6,1.2,0.3,0.1,0.9,0.5,0.2
2017-05-29 01:20:00+02:00,0.3,0.4,0.0,3.0,6.0,4.6,4.1,0.6,0.1,1.5,0.6,4.7,0.4,0.8,0.2,1.0,0.1,0.7,4.2,5.9,4.0,0.1,4.5,0.8,7.2,1.2,3.1,1.0,7.0,0.7,0.3,4.0,0.2,1.7,1.7,1.6,1.2,0.3,0.1,0.9,0.5,0.2
2017-05-29 01:21:00+02:00,0.3,0.4,0.0,0.8,3.9,2.5,2.1,0.8,0.1,1.5,0.6,2.6,0.5,1.0,0.2,1.1,0.1,0.9,2.1,3.8,1.9,0.1,2.4,0.9,5.1,1.2,0.9,1.0,4.9,0.8,0.3,1.9,0.2,1.8,1.7,1.6,1.2,0.3,0.1,0.8,0.5,0.2
2017-05-29 01:22:00+02:00,0.3,0.7,0.0,1.0,4.1,2.8,2.3,0.8,0.4,1.6,0.5,2.9,0.6,1.0,0.2,1.1,0.1,0.9,2.4,4.0,2.2,0.1,2.6,0.9,5.3,1.2,1.2,1.1,5.1,0.9,0.3,2.2,0.5,1.9,1.8,1.7,1.2,0.3,0.1,0.8,0.5,0.2
2017-05-29 01:23:00+02:00,0.4,0.7,0.0,1.0,4.1,2.8,2.3,0.7,0.3,1.7,0.5,2.9,0.6,1.0,0.2,1.2,0.1,0.9,2.4,4.0,2.2,0.1,2.7,1.0,5.3,1.2,1.2,1.2,5.1,0.9,0.2,2.2,0.4,1.5,1.5,1.4,1.1,0.3,0.1,0.8,0.4,0.2
2017-05-29 01:24:00+02:00,0.3,0.5,0.1,2.8,6.1,4.7,4.2,0.7,0.1,1.4,0.5,4.8,0.6,1.1,0.2,1.1,0.1,1.0,4.3,6.0,4.1,0.1,4.6,0.8,7.2,1.2,3.0,1.0,7.0,1.0,0.3,4.1,0.3,1.5,1.4,1.3,1.1,0.3,0.1,0.8,0.4,0.2
2017-05-29 01:25:00+02:00,0.3,0.5,0.1,3.0,6.2,4.8,4.4,0.7,0.1,1.4,0.5,4.9,0.6,1.1,0.2,1.1,0.1,1.0,4.5,6.1,4.3,0.1,4.7,0.8,7.4,1.2,3.1,1.0,7.2,1.0,0.2,4.2,0.2,1.3,1.2,1.2,1.1,0.3,0.1,0.8,0.4,0.2
2017-05-29 01:26:00+02:00,0.3,0.5,0.1,2.1,5.2,3.9,3.4,0.7,0.1,1.5,0.5,3.9,0.6,1.0,0.2,1.2,0.1,0.9,3.5,5.1,3.3,0.1,3.7,0.9,6.3,1.2,2.3,1.1,6.1,0.9,0.3,3.2,0.2,1.3,1.2,1.2,1.1,0.3,0.1,0.8,0.4,0.2
2017-05-29 01:27:00+02:00,0.3,0.5,0.1,2.1,5.2,4.0,3.3,0.8,0.1,1.6,0.5,4.1,0.6,1.0,0.2,1.3,0.1,0.9,3.4,5.2,3.2,0.1,3.7,1.0,6.3,1.1,2.2,1.2,6.1,0.9,0.3,3.2,0.2,1.4,1.4,1.3,1.2,0.4,0.1,0.8,0.4,0.2
2017-05-29 01:28:00+02:00,0.3,0.5,0.1,2.0,5.3,4.0,3.4,0.8,0.1,1.1,0.5,4.1,0.6,1.0,0.2,0.8,0.1,0.9,3.5,5.2,3.2,0.1,3.7,0.6,6.4,1.2,2.3,0.8,6.2,0.9,0.3,3.2,0.2,1.5,1.5,1.4,1.3,0.5,0.1,0.8,0.4,0.2
2017-05-29 01:29:00+02:00,0.3,0.4,0.1,0.8,4.1,2.8,2.2,0.8,0.1,1.2,0.5,2.9,0.7,1.0,0.2,0.9,0.2,0.9,2.3,4.0,2.0,0.1,2.6,0.6,5.1,1.1,1.0,0.8,4.9,0.9,0.3,2.0,0.2,1.5,1.4,1.4,1.3,0.5,0.1,0.8,0.4,0.2
2017-05-29 01:30:00+02:00,0.3,0.4,0.1,0.7,3.9,2.8,2.2,1.1,0.1,1.2,0.5,2.9,0.9,1.2,0.2,0.9,0.5,1.1,2.3,3.9,2.1,0.1,2.6,0.6,5.0,1.1,0.9,0.8,4.8,1.1,0.3,2.1,0.3,1.4,1.3,1.3,1.2,0.5,0.2,0.7,0.4,0.2
2017-05-29 01:31:00+02:00,0.3,0.4,0.1,0.7,3.8,2.8,2.3,1.0,0.1,1.2,0.5,2.9,0.8,1.2,0.2,0.8,0.5,1.1,2.3,3.8,2.1,0.1,2.7,0.6,4.8,0.9,0.9,0.8,4.6,1.1,0.3,2.1,0.3,1.4,1.4,1.3,1.2,0.6,0.2,0.7,0.5,0.2
2017-05-29 01:32:00+02:00,0.3,0.4,0.1,0.6,3.7,2.8,2.2,1.0,0.1,1.1,0.5,2.8,0.8,1.2,0.2,0.8,0.4,1.1,2.3,3.7,2.1,0.1,2.7,0.5,4.4,0.9,0.9,0.7,4.3,1.0,0.3,2.1,0.2,1.4,1.4,1.3,1.2,0.6,0.2,0.7,0.5,0.2
2017-05-29 01:33:00+02:00,0.3,0.4,0.1,0.6,3.5,2.5,2.0,0.9,0.1,1.0,0.5,2.6,0.7,1.0,0.2,0.7,0.3,0.9,2.1,3.5,1.9,0.1,2.4,0.4,3.7,0.9,0.8,0.6,3.5,0.9,0.3,1.8,0.2,1.5,1.4,1.4,1.3,0.6,0.2,0.8,0.5,0.2
2017-05-29 01:34:00+02:00,0.3,0.4,0.1,0.6,3.5,2.5,2.0,0.8,0.1,1.1,0.4,2.6,0.7,1.0,0.2,0.7,0.2,0.9,2.1,3.5,1.8,0.1,2.4,0.4,3.7,0.9,0.8,0.6,3.5,0.9,0.3,1.8,0.2,1.5,1.5,1.4,1.3,0.6,0.2,0.8,0.5,0.2
2017-05-29 01:35:00+02:00,0.3,0.4,0.1,0.9,3.7,2.7,2.2,0.8,0.1,1.0,0.4,2.9,0.6,1.0,0.2,0.6,0.2,0.9,2.3,3.7,2.1,0.1,2.6,0.4,3.9,0.8,1.1,0.6,3.8,0.9,0.3,2.1,0.2,1.4,1.4,1.3,1.2,0.6,0.2,0.8,0.5,0.2
2017-05-29 01:36:00+02:00,0.3,0.4,0.1,2.0,4.9,3.8,3.3,0.9,0.1,1.0,0.4,4.0,0.7,1.0,0.2,0.6,0.2,0.9,3.4,4.9,3.2,0.1,3.7,0.4,5.1,0.9,2.1,0.6,4.9,0.9,0.3,3.1,0.2,1.4,1.4,1.3,1.2,0.6,0.2,0.7,0.5,0.2
2017-05-29 01:37:00+02:00,0.3,0.4,0.1,0.8,3.7,2.6,2.2,0.8,0.1,1.0,0.4,2.8,0.7,1.0,0.2,0.6,0.2,0.9,2.2,3.7,2.0,0.1,2.5,0.4,3.9,0.9,1.0,0.6,3.8,0.9,0.3,2.0,0.2,1.4,1.4,1.3,1.2,0.6,0.2,0.7,0.5,0.2
2017-05-29 01:38:00+02:00,0.3,0.4,0.0,0.7,3.6,2.5,2.1,0.8,0.1,1.0,0.4,2.7,0.7,1.0,0.2,0.6,0.2,0.9,2.2,3.6,1.9,0.1,2.4,0.4,3.8,0.9,0.9,0.6,3.7,0.9,0.3,1.9,0.3,1.5,1.4,1.3,1.2,0.6,0.2,0.7,0.4,0.2
2017-05-29 01:39:00+02:00,0.3,0.5,0.0,0.7,3.6,2.6,2.1,0.8,0.1,0.9,0.3,2.7,0.7,1.1,0.2,0.7,0.2,1.0,2.2,3.5,2.0,0.1,2.5,0.4,3.8,0.8,0.9,0.6,3.6,0.9,0.2,2.0,0.3,1.6,1.4,1.3,1.2,0.7,0.2,0.6,0.4,0.2
2017-05-29 01:40:00+02:00,0.3,0.5,0.0,0.7,3.4,2.5,2.0,0.8,0.1,1.0,0.3,2.6,0.6,1.0,0.2,0.7,0.2,0.9,2.1,3.3,1.9,0.1,2.4,0.5,3.6,0.7,0.9,0.6,3.5,0.8,0.2,1.9,0.3,1.4,1.3,1.2,1.1,0.6,0.2,0.7,0.4,0.2
2017-05-29 01:41:00+02:00,0.3,0.5,0.0,0.7,3.6,2.5,2.1,0.7,0.1,0.9,0.4,2.6,0.5,0.9,0.2,0.7,0.2,0.8,2.1,3.4,1.8,0.1,2.4,0.5,3.8,0.8,0.9,0.6,3.6,0.8,0.2,1.8,0.3,1.4,1.3,1.2,1.1,0.6,0.2,0.7,0.4,0.2
2017-05-29 01:42:00+02:00,0.2,0.5,0.0,0.7,3.7,2.6,2.2,0.8,0.1,0.9,0.4,2.7,0.5,1.0,0.2,0.7,0.2,0.9,2.2,3.6,1.9,0.1,2.5,0.5,4.0,0.8,0.9,0.6,3.8,0.8,0.2,1.9,0.3,1.2,1.1,1.0,0.9,0.3,0.2,0.7,0.4,0.2
2017-05-29 01:43:00+02:00,0.3,0.5,0.0,1.0,4.0,2.9,2.4,0.8,0.1,1.3,0.4,3.0,0.5,1.0,0.2,1.0,0.2,0.9,2.5,3.9,2.2,0.1,2.8,0.8,4.2,0.8,1.2,1.0,4.0,0.8,0.2,2.1,0.3,1.1,1.0,0.9,0.9,0.2,0.1,0.6,0.4,0.2
2017-05-29 01:44:00+02:00,0.3,0.5,0.0,2.1,5.2,4.1,3.6,0.8,0.1,1.7,0.4,4.3,0.6,1.0,0.2,1.4,0.2,0.9,3.7,5.1,3.4,0.1,4.0,1.1,5.5,0.8,2.3,1.4,5.3,0.9,0.3,3.3,0.3,1.0,0.9,0.8,0.8,0.2,0.1,0.6,0.4,0.2
2017-05-29 01:45:00+02:00,0.3,0.5,0.0,1.0,4.0,3.1,2.5,0.8,0.1,1.6,0.4,3.3,0.6,1.0,0.2,1.3,0.2,0.9,2.7,3.9,2.3,0.1,3.0,1.1,4.3,0.7,1.2,1.3,4.1,0.9,0.3,2.2,0.3,1.4,1.3,1.3,1.2,0.2,0.1,1.0,0.4,0.2
2017-05-29 01:46:00+02:00,0.3,0.5,0.0,1.2,4.0,3.2,2.6,0.7,0.1,1.1,0.4,3.4,0.5,0.9,0.2,0.8,0.2,0.8,2.7,3.9,2.4,0.1,3.1,0.6,4.2,0.5,1.4,0.8,4.1,0.8,0.2,2.3,0.3,1.5,1.4,1.4,1.3,0.3,0.1,1.1,0.4,0.2
2017-05-29 01:47:00+02:00,0.3,0.5,0.0,0.8,3.8,2.8,2.2,0.7,0.1,1.2,0.5,3.1,0.4,0.9,0.3,0.9,0.2,0.8,2.4,3.6,1.9,0.1,2.7,0.7,3.9,0.6,1.0,0.9,3.8,0.7,0.3,1.9,0.3,1.5,1.4,1.3,1.3,0.2,0.1,1.1,0.4,0.2
2017-05-29 01:48:00+02:00,0.3,0.5,0.0,0.8,3.7,2.8,2.2,0.6,0.1,1.2,0.5,3.0,0.4,0.8,0.3,1.0,0.1,0.7,2.3,3.6,1.9,0.1,2.7,0.7,3.9,0.6,1.1,0.9,3.8,0.7,0.3,1.9,0.3,0.9,0.8,0.8,0.7,0.2,0.1,0.5,0.3,0.2
2017-05-29 01:49:00+02:00,0.3,0.5,0.0,0.9,3.5,2.6,2.1,0.5,0.2,1.2,0.5,2.8,0.4,0.6,0.3,0.9,0.1,0.6,2.2,3.4,1.8,0.1,2.5,0.7,3.8,0.6,1.1,0.9,3.6,0.5,0.3,1.8,0.4,0.9,0.8,0.7,0.6,0.2,0.1,0.4,0.3,0.2
2017-05-29 01:50:00+02:00,0.3,0.5,0.0,0.8,3.4,2.5,2.0,0.5,0.1,1.2,0.5,2.6,0.4,0.7,0.3,0.9,0.1,0.6,2.1,3.2,1.8,0.1,2.4,0.7,3.6,0.6,1.1,0.9,3.5,0.5,0.3,1.7,0.3,0.9,0.8,0.7,0.7,0.2,0.1,0.4,0.4,0.2
2017-05-29 01:51:00+02:00,0.3,0.4,0.0,0.8,3.4,2.5,1.9,0.5,0.1,1.2,0.5,2.6,0.4,0.7,0.3,1.0,0.1,0.7,2.0,3.3,1.8,0.1,2.4,0.7,3.6,0.6,1.1,0.9,3.5,0.6,0.3,1.8,0.3,1.0,0.9,0.7,0.7,0.2,0.1,0.5,0.4,0.2
2017-05-29 01:52:00+02:00,0.4,0.5,0.0,0.9,3.6,2.7,2.1,0.7,0.1,1.2,0.5,2.8,0.5,0.9,0.3,1.0,0.2,0.8,2.2,3.5,2.1,0.1,2.5,0.7,3.9,0.7,1.2,0.9,3.7,0.7,0.3,2.0,0.4,1.0,0.9,0.8,0.7,0.2,0.1,0.5,0.4,0.2
2017-05-29 01:53:00+02:00,0.4,0.6,0.0,0.9,3.9,2.8,2.2,0.7,0.1,1.2,0.6,3.0,0.5,0.9,0.3,1.0,0.2,0.8,2.3,3.8,2.1,0.1,2.6,0.7,4.1,0.8,1.2,0.9,4.0,0.7,0.4,2.1,0.4,1.0,0.9,0.8,0.7,0.2,0.1,0.5,0.4,0.2
2017-05-29 01:54:00+02:00,0.3,0.6,0.0,1.0,3.8,2.8,2.3,0.7,0.1,1.2,0.5,3.0,0.5,0.9,0.2,0.9,0.2,0.8,2.4,3.6,2.2,0.1,2.6,0.7,4.0,0.7,1.3,0.9,3.9,0.8,0.3,2.1,0.4,0.9,0.9,0.7,0.7,0.2,0.1,0.4,0.3,0.2
2017-05-29 01:55:00+02:00,0.3,0.6,0.0,1.0,3.8,2.9,2.4,0.7,0.1,1.2,0.4,3.0,0.5,1.0,0.2,1.0,0.2,0.9,2.5,3.6,2.3,0.1,2.7,0.7,4.0,0.6,1.3,1.0,3.8,0.9,0.3,2.3,0.4,0.8,0.8,0.7,0.7,0.2,0.1,0.4,0.3,0.2
2017-05-29 01:56:00+02:00,0.3,0.6,0.0,1.0,3.9,3.0,2.5,0.8,0.1,1.2,0.4,3.1,0.6,1.0,0.2,1.0,0.2,1.0,2.6,3.8,2.4,0.1,2.8,0.7,4.2,0.7,1.3,0.9,4.0,0.9,0.3,2.4,0.4,0.9,0.9,0.8,0.7,0.3,0.1,0.5,0.3,0.2
2017-05-29 01:57:00+02:00,0.3,0.5,0.0,0.9,3.4,2.5,2.2,0.6,0.1,1.2,0.4,2.7,0.5,0.8,0.2,1.0,0.2,0.7,2.3,3.3,2.1,0.1,2.5,0.7,3.6,0.6,1.2,0.9,3.5,0.6,0.3,2.0,0.3,0.9,0.8,0.8,0.7,0.2,0.1,0.5,0.3,0.2
2017-05-29 01:58:00+02:00,0.3,0.4,0.0,0.8,3.2,2.4,2.1,0.6,0.1,1.3,0.5,2.5,0.5,0.8,0.2,1.0,0.2,0.7,2.1,3.1,2.0,0.1,2.4,0.7,3.4,0.6,1.2,0.9,3.3,0.6,0.3,1.9,0.3,0.8,0.8,0.7,0.7,0.2,0.1,0.5,0.3,0.2
2017-05-29 01:59:00+02:00,0.3,0.4,0.0,0.8,3.2,2.4,2.1,0.6,0.1,1.4,0.4,2.5,0.5,0.8,0.2,1.1,0.2,0.7,2.1,3.1,2.0,0.1,2.3,0.8,3.4,0.6,1.1,1.1,3.3,0.6,0.3,1.9,0.3,0.9,0.9,0.8,0.8,0.2,0.1,0.5,0.4,0.2
2017-05-29 02:00:00+02:00,0.3,0.5,0.0,0.8,3.2,2.4,2.1,0.6,0.1,1.3,0.5,2.5,0.5,0.8,0.2,1.0,0.2,0.7,2.2,3.1,2.0,0.1,2.4,0.7,3.5,0.6,1.1,1.0,3.3,0.7,0.3,1.9,0.3,1.1,1.1,1.0,1.0,0.3,0.1,0.7,0.4,0.1
2017-05-29 02:01:00+02:00,0.4,0.5,0.0,0.8,3.3,2.4,2.1,0.6,0.1,1.3,0.5,2.5,0.5,0.8,0.2,1.1,0.2,0.7,2.1,3.2,2.0,0.1,2.4,0.8,3.6,0.7,1.2,1.0,3.4,0.6,0.2,1.9,0.3,1.2,1.2,1.1,1.1,0.3,0.1,0.7,0.4,0.1
2017-05-29 02:02:00+02:00,0.4,0.5,0.0,0.8,3.3,2.4,2.0,0.6,0.1,1.1,0.5,2.5,0.5,0.7,0.2,0.8,0.2,0.7,2.1,3.2,1.9,0.1,2.4,0.5,3.9,0.7,1.2,0.8,3.7,0.6,0.2,1.9,0.3,1.1,1.1,1.0,0.9,0.3,0.1,0.7,0.4,0.1
2017-05-29 02:03:00+02:00,0.4,0.5,0.0,0.8,3.6,2.3,2.0,0.5,0.1,1.1,0.5,2.5,0.4,0.7,0.2,0.8,0.1,0.7,2.1,3.5,1.9,0.1,2.3,0.5,4.7,1.0,1.1,0.8,4.5,0.6,0.2,1.8,0.3,1.2,1.1,1.0,0.9,0.3,0.1,0.7,0.4,0.1
2017-05-29 02:04:00+02:00,0.4,0.5,0.0,0.8,3.4,2.4,2.0,0.5,0.2,1.1,0.4,2.5,0.4,0.7,0.2,0.8,0.1,0.7,2.1,3.3,1.9,0.1,2.4,0.5,3.6,0.8,1.2,0.7,3.5,0.6,0.2,1.9,0.3,1.1,1.1,0.9,0.9,0.3,0.1,0.6,0.4,0.1
2017-05-29 02:05:00+02:00,0.4,0.5,0.0,0.8,3.3,2.5,2.1,0.5,0.2,1.1,0.4,2.6,0.4,0.8,0.2,0.8,0.1,0.8,2.2,3.2,2.0,0.1,2.4,0.5,3.6,0.6,1.2,0.8,3.4,0.6,0.2,2.0,0.3,1.1,1.1,0.9,0.9,0.3,0.1,0.6,0.4,0.1
2017-05-29 02:06:00+02:00,0.3,0.5,0.0,0.9,3.4,2.5,2.1,0.5,0.2,1.0,0.4,2.6,0.4,0.8,0.2,0.7,0.1,0.8,2.2,3.3,2.1,0.1,2.4,0.5,3.6,0.7,1.2,0.7,3.5,0.6,0.2,2.0,0.4,1.2,1.1,1.0,0.9,0.3,0.1,0.7,0.5,0.2
2017-05-29 02:07:00+02:00,0.2,0.5,0.0,0.9,3.4,2.6,2.2,0.6,0.2,0.9,0.4,2.7,0.4,0.9,0.2,0.6,0.1,0.8,2.3,3.3,2.2,0.1,2.5,0.4,3.6,0.6,1.2,0.6,3.5,0.7,0.3,2.1,0.4,1.2,1.1,0.9,0.9,0.3,0.1,0.6,0.4,0.2
2017-05-29 02:08:00+02:00,0.2,0.6,0.0,0.9,3.5,2.7,2.3,0.6,0.2,0.9,0.5,2.8,0.4,0.9,0.2,0.6,0.1,0.8,2.4,3.4,2.2,0.1,2.6,0.4,3.8,0.7,1.3,0.6,3.6,0.7,0.3,2.2,0.4,1.1,1.0,0.8,0.8,0.3,0.1,0.6,0.4,0.2
2017-05-29 02:09:00+02:00,0.2,0.5,0.0,0.9,3.5,2.7,2.3,0.6,0.2,1.0,0.5,2.8,0.4,0.9,0.2,0.6,0.1,0.8,2.4,3.4,2.2,0.1,2.6,0.4,3.8,0.7,1.2,0.6,3.6,0.7,0.3,2.1,0.3,0.9,0.9,0.7,0.7,0.3,0.1,0.5,0.3,0.2
2017-05-29 02:10:00+02:00,0.2,0.5,0.0,0.9,3.5,2.6,2.3,0.6,0.2,0.9,0.5,2.7,0.5,1.0,0.2,0.6,0.1,0.9,2.3,3.4,2.2,0.1,2.6,0.4,3.7,0.7,1.2,0.6,3.5,0.7,0.3,2.1,0.3,0.9,0.9,0.8,0.7,0.3,0.1,0.5,0.3,0.2
2017-05-29 02:11:00+02:00,0.3,0.5,0.0,0.9,3.5,2.7,2.3,0.7,0.2,0.9,0.5,2.8,0.5,1.0,0.2,0.7,0.1,0.9,2.4,3.4,2.3,0.1,2.6,0.4,3.7,0.6,1.2,0.6,3.6,0.8,0.3,2.2,0.3,0.9,0.8,0.8,0.7,0.3,0.1,0.5,0.3,0.2
2017-05-29 02:12:00+02:00,0.3,0.4,0.0,0.8,3.4,2.6,2.3,0.6,0.1,1.0,0.5,2.7,0.5,1.0,0.2,0.7,0.1,0.9,2.3,3.3,2.2,0.1,2.5,0.5,3.7,0.7,1.1,0.7,3.5,0.8,0.3,2.1,0.2,1.0,0.9,0.8,0.8,0.3,0.1,0.5,0.3,0.2
2017-05-29 02:13:00+02:00,0.3,0.4,0.0,0.8,3.5,2.6,2.2,0.7,0.1,1.0,0.6,2.7,0.5,1.0,0.2,0.7,0.1,0.9,2.3,3.4,2.2,0.1,2.5,0.5,3.7,0.7,1.2,0.6,3.6,0.8,0.4,2.1,0.2,1.0,0.9,0.8,0.8,0.3,0.1,0.5,0.3,0.2
2017-05-29 02:14:00+02:00,0.3,0.4,0.0,0.8,3.4,2.6,2.2,0.7,0.1,1.0,0.6,2.7,0.5,1.0,0.2,0.7,0.1,0.9,2.3,3.3,2.1,0.1,2.4,0.5,3.7,0.7,1.1,0.6,3.5,0.8,0.4,2.1,0.2,1.0,1.0,0.9,0.8,0.3,0.1,0.5,0.3,0.2
2017-05-29 02:15:00+02:00,0.3,0.5,0.0,0.8,3.7,2.6,2.2,0.6,0.1,1.4,0.5,2.7,0.5,1.0,0.2,0.7,0.1,0.9,2.3,3.5,2.2,0.1,2.5,0.5,3.9,0.8,1.2,0.7,3.7,0.8,0.4,2.1,0.3,1.1,1.1,1.0,1.0,0.3,0.1,0.7,0.3,0.2
2017-05-29 02:16:00+02:00,0.3,0.5,0.0,0.8,3.8,2.7,2.3,0.7,0.1,0.9,0.5,2.8,0.5,1.1,0.2,0.7,0.1,1.0,2.3,3.7,2.2,0.1,2.6,0.4,4.1,0.8,1.1,0.7,3.9,0.8,0.3,2.1,0.3,1.0,1.0,0.9,0.9,0.2,0.1,0.7,0.3,0.2
2017-05-29 02:17:00+02:00,0.3,0.5,0.0,0.8,3.9,2.8,2.3,0.7,0.1,0.9,0.5,2.9,0.6,1.1,0.2,0.7,0.2,1.0,2.4,3.7,2.2,0.1,2.7,0.4,4.1,0.8,1.1,0.6,3.9,0.9,0.3,2.2,0.3,1.0,1.0,0.9,0.9,0.2,0.2,0.6,0.3,0.2
2017-05-29 02:18:00+02:00,0.3,0.5,0.0,0.8,3.8,2.6,2.2,0.8,0.1,0.8,0.5,2.8,0.6,1.0,0.2,0.7,0.2,0.9,2.2,3.6,2.1,0.1,2.5,0.4,3.9,0.9,1.0,0.6,3.8,0.9,0.3,2.1,0.3,1.0,1.0,0.9,0.9,0.2,0.1,0.7,0.3,0.2
2017-05-29 02:19:00+02:00,0.3,0.4,0.0,0.7,3.6,2.6,2.2,0.8,0.0,0.9,0.4,2.7,0.6,1.1,0.2,0.7,0.2,1.0,2.2,3.5,2.1,0.1,2.5,0.4,3.8,0.7,1.0,0.6,3.7,0.9,0.3,2.0,0.2,1.0,1.0,0.9,0.9,0.2,0.1,0.7,0.3,0.2
2017-05-29 02:20:00+02:00,0.3,0.4,0.0,0.8,4.2,3.2,2.8,0.8,0.0,0.9,0.4,3.3,0.6,1.1,0.2,0.7,0.2,1.0,2.8,4.1,2.7,0.1,3.1,0.4,4.4,0.7,1.5,0.6,4.2,1.0,0.3,2.7,0.2,1.0,1.0,0.9,0.9,0.2,0.2,0.7,0.3,0.2
2017-05-29 02:21:00+02:00,0.3,0.4,0.0,0.7,3.6,2.6,2.2,0.8,0.0,0.9,0.4,2.7,0.6,1.1,0.2,0.7,0.2,1.0,2.2,3.4,2.1,0.1,2.5,0.4,3.7,0.7,0.9,0.6,3.6,1.0,0.3,2.0,0.2,1.0,1.0,0.8,0.8,0.2,0.1,0.6,0.3,0.2
2017-05-29 02:22:00+02:00,0.3,0.4,0.0,0.8,3.7,2.6,2.2,0.8,0.0,0.9,0.4,2.7,0.6,1.1,0.2,0.6,0.2,1.0,2.2,3.5,2.1,0.1,2.5,0.4,3.8,0.8,0.9,0.6,3.7,1.0,0.3,2.0,0.2,1.1,1.0,0.9,0.9,0.3,0.2,0.6,0.3,0.2
2017-05-29 02:23:00+02:00,0.3,0.4,0.0,0.8,3.8,2.8,2.3,0.8,0.0,0.9,0.4,2.8,0.6,1.1,0.2,0.6,0.2,1.0,2.4,3.6,2.2,0.1,2.6,0.4,4.0,0.8,1.1,0.6,3.8,1.0,0.3,2.2,0.2,1.0,1.0,0.9,0.8,0.2,0.2,0.6,0.3,0.2
2017-05-29 02:24:00+02:00,0.3,0.4,0.1,0.8,3.7,2.6,2.1,0.8,0.0,0.9,0.4,2.7,0.6,1.0,0.2,0.6,0.2,0.9,2.2,3.5,2.1,0.1,2.5,0.4,3.9,0.8,1.0,0.5,3.8,0.9,0.3,2.0,0.3,1.0,0.9,0.8,0.8,0.3,0.2,0.5,0.3,0.2
2017-05-29 02:25:00+02:00,0.2,0.4,0.1,0.7,3.7,2.7,2.1,0.8,0.0,0.9,0.4,2.7,0.6,1.0,0.2,0.6,0.2,0.9,2.2,3.6,2.0,0.1,2.5,0.3,4.0,0.9,1.0,0.5,3.8,0.9,0.3,2.0,0.3,0.9,0.9,0.8,0.7,0.2,0.2,0.5,0.2,0.2
2017-05-29 02:26:00+02:00,0.2,0.5,0.1,0.8,4.2,3.1,2.6,0.8,0.0,0.9,0.5,3.2,0.6,1.0,0.2,0.6,0.2,0.9,2.7,4.1,2.5,0.1,3.0,0.3,4.4,0.9,1.5,0.6,4.3,0.9,0.3,2.5,0.3,0.9,0.9,0.8,0.7,0.3,0.2,0.5,0.2,0.2
2017-05-29 02:27:00+02:00,0.2,0.5,0.1,0.8,3.7,2.7,2.2,0.8,0.0,1.0,0.5,2.8,0.6,1.0,0.3,0.6,0.2,0.9,2.2,3.7,2.1,0.1,2.6,0.3,4.0,0.9,1.1,0.6,3.9,0.8,0.3,2.0,0.3,0.9,0.9,0.8,0.7,0.3,0.2,0.4,0.2,0.1
2017-05-29 02:28:00+02:00,0.2,0.5,0.1,0.8,3.8,2.7,2.2,0.8,0.0,1.0,0.5,2.8,0.6,0.9,0.3,0.6,0.2,0.9,2.3,3.7,2.1,0.1,2.6,0.3,4.0,0.9,1.1,0.6,3.9,0.8,0.3,2.0,0.3,0.9,0.9,0.8,0.7,0.3,0.2,0.4,0.2,0.1
2017-05-29 02:29:00+02:00,0.2,0.4,0.1,0.8,3.9,2.8,2.3,0.8,0.0,1.0,0.5,2.9,0.6,0.9,0.3,0.6,0.2,0.9,2.4,3.9,2.2,0.1,2.7,0.3,4.3,1.0,1.2,0.6,4.1,0.8,0.3,2.2,0.3,1.0,1.0,0.9,0.8,0.3,0.2,0.5,0.2,0.1
2017-05-29 02:30:00+02:00,0.2,0.4,0.1,0.7,3.7,2.7,2.1,0.7,0.0,0.9,0.5,2.7,0.6,1.0,0.3,0.6,0.2,0.9,2.2,3.7,2.0,0.1,2.6,0.3,4.0,1.0,1.0,0.6,3.9,0.8,0.3,2.0,0.3,1.0,1.0,0.9,0.8,0.3,0.2,0.5,0.2,0.2
2017-05-29 02:31:00+02:00,0.2,0.4,0.1,0.8,3.6,2.6,2.1,0.7,0.1,0.8,0.5,2.6,0.5,0.9,0.3,0.6,0.2,0.9,2.2,3.6,2.0,0.2,2.5,0.3,3.9,1.0,1.1,0.6,3.7,0.7,0.4,2.0,0.3,1.0,1.0,0.9,0.8,0.3,0.1,0.5,0.2,0.2
2017-05-29 02:32:00+02:00,0.2,0.4,0.1,0.8,4.2,2.6,2.2,0.7,0.1,0.9,0.5,2.6,0.5,1.0,0.3,0.7,0.2,0.9,2.2,4.2,2.0,0.2,2.5,0.4,4.6,1.6,1.1,0.6,4.3,0.8,0.4,2.0,0.3,1.0,1.0,0.9,0.8,0.3,0.1,0.5,0.2,0.2
2017-05-29 02:33:00+02:00,0.2,0.3,0.1,0.7,4.4,2.4,2.0,0.7,0.1,0.9,0.5,2.4,0.6,0.9,0.3,0.7,0.2,0.8,2.0,4.4,1.9,0.2,2.3,0.4,4.7,1.9,0.9,0.6,4.5,0.8,0.4,1.8,0.2,0.9,0.9,0.8,0.7,0.2,0.1,0.5,0.2,0.2
2017-05-29 02:34:00+02:00,0.2,0.3,0.1,0.7,4.4,2.4,2.0,0.8,0.1,0.9,0.5,2.5,0.6,1.0,0.3,0.7,0.2,0.9,2.1,4.4,1.9,0.2,2.3,0.4,4.7,1.9,0.9,0.6,4.5,0.9,0.4,1.9,0.2,0.9,0.9,0.8,0.7,0.2,0.1,0.5,0.2,0.2
2017-05-29 02:35:00+02:00,0.2,0.3,0.1,0.7,4.3,2.4,2.0,0.8,0.1,0.9,0.5,2.4,0.6,1.0,0.3,0.7,0.2,0.9,2.0,4.3,1.9,0.2,2.3,0.4,4.6,1.9,0.9,0.5,4.4,0.9,0.4,1.9,0.2,1.0,1.0,0.9,0.8,0.2,0.1,0.6,0.2,0.2
2017-05-29 02:36:00+02:00,0.2,0.4,0.1,0.8,4.4,2.4,2.0,0.8,0.1,0.9,0.5,2.5,0.6,1.0,0.3,0.7,0.2,0.9,2.1,4.3,1.9,0.2,2.3,0.4,4.6,1.9,0.9,0.6,4.4,0.9,0.4,1.9,0.2,1.0,1.0,0.9,0.8,0.3,0.2,0.5,0.2,0.2
2017-05-29 02:37:00+02:00,0.2,0.4,0.1,0.8,4.4,2.3,2.0,0.8,0.1,0.9,0.5,2.4,0.5,0.9,0.3,0.6,0.2,0.8,2.0,4.3,1.9,0.2,2.2,0.3,4.6,1.9,0.9,0.5,4.4,0.8,0.4,1.8,0.2,1.0,1.0,0.9,0.8,0.3,0.2,0.6,0.2,0.2
2017-05-29 02:38:00+02:00,0.2,0.3,0.0,0.7,4.8,2.3,1.9,0.8,0.1,0.8,0.4,2.4,0.6,1.0,0.2,0.5,0.2,0.9,2.0,4.7,1.8,0.1,2.2,0.3,5.0,2.4,0.8,0.4,4.8,0.9,0.3,1.8,0.2,1.1,1.0,0.9,0.9,0.3,0.2,0.6,0.2,0.2
2017-05-29 02:39:00+02:00,0.2,0.3,0.0,0.7,4.7,2.3,1.9,0.8,0.1,0.9,0.4,2.4,0.5,0.9,0.2,0.5,0.2,0.9,2.0,4.6,1.8,0.1,2.2,0.3,4.9,2.3,0.8,0.4,4.8,0.8,0.3,1.8,0.2,1.1,1.1,1.0,0.9,0.3,0.2,0.6,0.3,0.2
2017-05-29 02:40:00+02:00,0.2,0.3,0.0,0.7,4.4,2.4,1.9,0.8,0.1,0.9,0.5,2.5,0.6,1.0,0.2,0.5,0.2,0.9,2.0,4.4,1.8,0.1,2.3,0.3,4.6,1.9,0.8,0.4,4.5,0.9,0.3,1.8,0.3,1.1,1.1,1.0,0.9,0.3,0.2,0.6,0.3,0.2
2017-05-29 02:41:00+02:00,0.2,0.4,0.0,0.7,3.6,2.5,2.1,0.9,0.1,0.9,0.4,2.6,0.7,1.1,0.2,0.5,0.3,1.0,2.1,3.5,1.9,0.1,2.4,0.3,3.7,0.9,0.8,0.5,3.6,1.0,0.3,1.9,0.3,1.1,1.0,0.9,0.8,0.3,0.1,0.6,0.3,0.2
2017-05-29 02:42:00+02:00,0.2,0.4,0.0,0.7,3.5,2.5,2.0,0.8,0.1,1.0,0.4,2.5,0.6,1.0,0.2,0.6,0.2,0.9,2.1,3.4,1.9,0.1,2.4,0.3,3.7,0.9,0.8,0.5,3.5,0.9,0.2,1.9,0.3,1.0,1.0,0.8,0.7,0.2,0.1,0.5,0.3,0.2
2017-05-29 02:43:00+02:00,0.2,0.3,0.0,0.7,3.5,2.5,2.0,0.9,0.1,1.1,0.4,2.6,0.6,1.0,0.2,0.7,0.2,1.0,2.1,3.5,1.9,0.1,2.4,0.4,3.7,0.9,0.8,0.6,3.6,0.9,0.2,1.8,0.3,1.0,1.0,0.8,0.7,0.2,0.1,0.5,0.3,0.2
2017-05-29 02:44:00+02:00,0.2,0.5,0.0,0.8,3.6,2.6,2.1,0.9,0.1,1.0,0.4,2.6,0.6,1.0,0.2,0.7,0.2,1.0,2.2,3.6,2.0,0.1,2.5,0.4,3.8,0.9,0.9,0.6,3.7,1.0,0.2,2.0,0.3,1.1,1.1,1.0,0.8,0.2,0.1,0.6,0.3,0.2
2017-05-29 02:45:00+02:00,0.2,0.4,0.0,0.7,3.2,2.4,2.0,0.9,0.1,1.0,0.4,2.5,0.7,1.1,0.2,0.7,0.2,1.0,2.1,3.1,1.9,0.1,2.3,0.4,3.4,0.6,0.8,0.6,3.3,1.0,0.2,1.9,0.2,1.2,1.2,1.1,0.9,0.3,0.2,0.7,0.3,0.2
2017-05-29 02:46:00+02:00,0.2,0.3,0.0,0.7,3.0,2.3,2.0,0.8,0.1,0.9,0.5,2.3,0.6,1.0,0.3,0.7,0.2,1.0,2.0,2.9,1.9,0.1,2.2,0.4,3.2,0.6,0.8,0.6,3.1,0.9,0.3,1.8,0.2,1.3,1.2,1.2,1.0,0.4,0.3,0.7,0.3,0.2
2017-05-29 02:47:00+02:00,0.2,0.4,0.0,0.7,3.0,2.3,2.0,0.8,0.1,0.8,0.5,2.4,0.6,1.0,0.3,0.5,0.2,1.0,2.0,3.0,1.9,0.1,2.2,0.3,3.3,0.6,0.9,0.4,3.1,0.9,0.3,1.9,0.2,1.3,1.2,1.1,1.0,0.4,0.2,0.6,0.3,0.2
2017-05-29 02:48:00+02:00,0.2,0.4,0.0,0.7,3.0,2.2,1.9,0.7,0.1,0.8,0.5,2.3,0.6,1.0,0.3,0.6,0.2,0.9,2.0,2.9,1.9,0.1,2.1,0.3,3.2,0.6,0.9,0.5,3.0,0.8,0.3,1.8,0.2,1.2,1.2,1.1,1.0,0.3,0.2,0.7,0.3,0.2
2017-05-29 02:49:00+02:00,0.2,0.4,0.0,0.8,3.1,2.3,2.1,0.8,0.1,0.9,0.5,2.4,0.6,1.1,0.3,0.6,0.1,1.0,2.1,3.1,2.0,0.1,2.2,0.3,3.4,0.6,0.9,0.5,3.2,0.9,0.3,2.0,0.2,1.2,1.1,1.0,0.9,0.3,0.2,0.6,0.3,0.2
2017-05-29 02:50:00+02:00,0.2,0.4,0.0,0.8,3.1,2.3,2.0,0.8,0.1,0.6,0.5,2.4,0.6,1.0,0.3,0.5,0.1,1.0,2.0,3.1,1.9,0.1,2.2,0.3,3.4,0.6,0.9,0.5,3.2,0.9,0.3,1.9,0.2,1.3,1.3,1.1,1.0,0.4,0.2,0.6,0.3,0.2
2017-05-29 02:51:00+02:00,0.2,0.4,0.0,0.7,3.0,2.1,1.9,0.8,0.1,0.8,0.5,2.3,0.6,1.0,0.3,0.5,0.1,0.9,1.9,2.9,1.8,0.1,2.0,0.3,3.3,0.6,0.8,0.5,3.1,0.8,0.3,1.8,0.2,1.3,1.3,1.1,1.0,0.4,0.2,0.6,0.3,0.2
2017-05-29 02:52:00+02:00,0.2,0.4,0.0,0.7,3.0,2.2,1.9,0.8,0.1,0.8,0.4,2.3,0.6,1.0,0.2,0.5,0.1,0.9,1.9,2.9,1.8,0.1,2.1,0.3,3.3,0.6,0.9,0.5,3.1,0.8,0.3,1.8,0.2,1.2,1.2,1.0,0.9,0.4,0.2,0.6,0.3,0.2
2017-05-29 02:53:00+02:00,0.2,0.4,0.0,0.7,3.0,2.1,1.8,0.8,0.1,0.8,0.5,2.3,0.6,1.0,0.2,0.5,0.1,0.9,1.8,2.9,1.8,0.1,2.1,0.3,3.3,0.6,0.8,0.4,3.1,0.8,0.3,1.8,0.2,1.2,1.2,1.0,0.9,0.4,0.2,0.6,0.3,0.2
2017-05-29 02:54:00+02:00,0.2,0.4,0.0,0.7,3.1,2.1,1.8,0.7,0.1,0.8,0.5,2.3,0.6,0.9,0.2,0.5,0.1,0.9,1.8,2.9,1.7,0.1,2.1,0.3,3.4,0.6,0.8,0.4,3.2,0.8,0.3,1.7,0.2,1.2,1.2,1.0,0.9,0.4,0.2,0.6,0.3,0.2
2017-05-29 02:55:00+02:00,0.2,0.4,0.0,0.7,3.2,2.2,1.8,0.7,0.1,0.9,0.5,2.4,0.6,0.9,0.2,0.6,0.1,0.9,1.9,3.0,1.8,0.1,2.1,0.4,3.4,0.6,0.9,0.5,3.3,0.8,0.3,1.7,0.2,1.1,1.1,1.0,0.9,0.4,0.2,0.5,0.3,0.2
2017-05-29 02:56:00+02:00,0.2,0.4,0.0,0.6,2.9,2.1,1.6,0.7,0.1,0.9,0.6,2.2,0.6,0.9,0.3,0.6,0.1,0.8,1.8,2.8,1.6,0.2,2.0,0.4,3.2,0.7,0.8,0.5,3.0,0.7,0.4,1.6,0.1,1.0,1.0,0.9,0.8,0.4,0.2,0.5,0.3,0.2
2017-05-29 02:57:00+02:00,0.2,0.3,0.0,0.6,2.9,2.0,1.6,0.7,0.1,0.9,0.6,2.1,0.5,0.8,0.3,0.6,0.1,0.8,1.7,2.8,1.5,0.2,1.9,0.4,3.1,0.7,0.7,0.5,3.0,0.7,0.4,1.5,0.1,1.0,1.0,0.9,0.8,0.4,0.2,0.5,0.3,0.2
2017-05-29 02:58:00+02:00,0.2,0.3,0.0,0.6,3.1,2.2,1.8,0.7,0.1,0.8,0.6,2.4,0.5,0.9,0.3,0.6,0.1,0.8,1.9,3.0,1.7,0.2,2.1,0.4,3.4,0.7,0.9,0.5,3.2,0.7,0.4,1.7,0.1,1.0,1.0,0.9,0.8,0.4,0.2,0.5,0.3,0.2
2017-05-29 02:59:00+02:00,0.3,0.3,0.0,0.6,3.2,2.4,1.8,0.7,0.1,0.8,0.6,2.5,0.6,1.0,0.3,0.6,0.1,0.8,1.9,3.1,1.8,0.2,2.2,0.4,3.5,0.7,0.9,0.5,3.3,0.7,0.4,1.8,0.1,1.0,1.0,0.9,0.8,0.4,0.2,0.5,0.3,0.2
2017-05-29 03:00:00+02:00,0.3,0.4,0.0,0.7,3.1,2.3,1.8,0.7,0.1,0.8,0.5,2.4,0.6,1.0,0.3,0.7,0.1,0.8,1.9,3.0,1.7,0.1,2.2,0.4,3.3,0.6,0.8,0.6,3.2,0.8,0.4,1.7,0.2,1.2,1.1,1.0,0.9,0.3,0.2,0.6,0.3,0.2
2017-05-29 03:01:00+02:00,0.3,0.4,0.0,0.7,2.9,2.1,1.8,0.6,0.1,0.8,0.5,2.2,0.4,0.9,0.3,0.6,0.1,0.7,1.9,2.8,1.7,0.1,2.0,0.4,3.2,0.6,0.8,0.5,3.0,0.6,0.3,1.7,0.2,1.2,1.2,1.1,1.0,0.3,0.2,0.7,0.4,0.3
2017-05-29 03:02:00+02:00,0.3,0.4,0.0,0.6,2.9,2.1,1.7,0.6,0.1,0.7,0.5,2.2,0.4,0.9,0.3,0.5,0.1,0.7,1.8,2.8,1.7,0.1,2.0,0.3,3.2,0.6,0.8,0.4,3.0,0.6,0.3,1.6,0.2,1.2,1.2,1.1,1.0,0.3,0.2,0.7,0.4,0.3
2017-05-29 03:03:00+02:00,0.3,0.3,0.0,0.5,2.9,2.1,1.7,0.6,0.1,0.7,0.5,2.3,0.4,0.9,0.2,0.5,0.1,0.7,1.8,2.8,1.7,0.1,2.0,0.3,3.2,0.6,0.7,0.4,3.0,0.6,0.3,1.6,0.2,1.2,1.1,1.0,0.9,0.3,0.2,0.6,0.4,0.3
2017-05-29 03:04:00+02:00,0.3,0.3,0.0,0.5,2.6,1.9,1.5,0.5,0.1,0.7,0.4,2.0,0.4,0.8,0.2,0.5,0.1,0.7,1.6,2.5,1.4,0.1,1.8,0.3,2.9,0.5,0.6,0.4,2.7,0.6,0.3,1.4,0.1,1.1,1.0,0.9,0.8,0.3,0.2,0.5,0.2,0.2
2017-05-29 03:05:00+02:00,0.2,0.3,0.0,0.5,2.5,1.9,1.5,0.5,0.1,0.6,0.4,2.0,0.4,0.8,0.2,0.5,0.1,0.7,1.6,2.5,1.4,0.1,1.8,0.3,2.8,0.5,0.7,0.4,2.6,0.6,0.3,1.4,0.1,1.1,1.0,0.9,0.8,0.3,0.2,0.5,0.2,0.1
2017-05-29 03:06:00+02:00,0.3,0.3,0.0,0.4,2.4,1.7,1.4,0.5,0.1,0.6,0.4,1.8,0.4,0.7,0.2,0.5,0.1,0.7,1.5,2.3,1.3,0.1,1.6,0.3,2.7,0.5,0.6,0.4,2.5,0.6,0.3,1.3,0.2,1.0,0.9,0.8,0.7,0.3,0.2,0.4,0.2,0.1
2017-05-29 03:07:00+02:00,0.3,0.3,0.1,0.4,2.5,1.7,1.4,0.5,0.1,0.6,0.4,1.9,0.4,0.8,0.2,0.5,0.1,0.7,1.5,2.4,1.3,0.1,1.7,0.3,2.8,0.5,0.6,0.4,2.6,0.6,0.3,1.3,0.2,1.0,0.9,0.8,0.7,0.3,0.2,0.4,0.2,0.1
2017-05-29 03:08:00+02:00,0.2,0.4,0.0,0.5,2.6,1.8,1.5,0.5,0.1,0.5,0.4,1.9,0.4,0.8,0.2,0.4,0.1,0.7,1.6,2.4,1.4,0.1,1.7,0.2,2.9,0.5,0.7,0.3,2.7,0.6,0.3,1.4,0.2,1.0,0.9,0.8,0.8,0.3,0.2,0.4,0.2,0.1
2017-05-29 03:09:00+02:00,0.2,0.5,0.0,0.6,2.7,1.9,1.5,0.5,0.1,0.8,0.4,2.0,0.4,0.8,0.2,0.7,0.1,0.7,1.7,2.5,1.5,0.1,1.8,0.2,2.9,0.5,0.7,0.7,2.8,0.6,0.3,1.5,0.3,1.0,1.0,0.9,0.8,0.3,0.2,0.5,0.3,0.1
2017-05-29 03:10:00+02:00,0.1,0.6,0.0,0.7,2.7,1.9,1.6,0.5,0.1,0.5,0.4,2.1,0.4,0.8,0.2,0.4,0.1,0.7,1.7,2.6,1.5,0.1,1.9,0.2,3.0,0.5,0.8,0.3,2.8,0.6,0.2,1.5,0.4,0.9,0.9,0.8,0.8,0.3,0.2,0.4,0.2,0.1
2017-05-29 03:11:00+02:00,0.1,0.6,0.0,0.7,2.8,2.0,1.7,0.6,0.1,0.5,0.4,2.2,0.4,0.8,0.2,0.4,0.1,0.7,1.8,2.7,1.6,0.1,2.0,0.2,3.1,0.5,0.9,0.3,2.9,0.6,0.3,1.6,0.4,1.0,1.0,0.9,0.9,0.3,0.2,0.5,0.2,0.1
2017-05-29 03:12:00+02:00,0.1,0.6,0.0,0.7,3.0,2.3,1.8,0.7,0.1,0.5,0.4,2.4,0.5,0.9,0.2,0.4,0.1,0.9,1.9,2.9,1.8,0.1,2.1,0.2,3.3,0.5,0.8,0.3,3.1,0.8,0.2,1.7,0.4,1.0,1.0,0.9,0.9,0.3,0.2,0.6,0.2,0.1
2017-05-29 03:13:00+02:00,0.1,0.5,0.0,0.6,2.9,2.1,1.7,0.6,0.1,0.6,0.4,2.3,0.5,0.8,0.2,0.4,0.1,0.8,1.8,2.8,1.6,0.1,1.9,0.2,3.2,0.5,0.7,0.4,3.0,0.7,0.3,1.5,0.3,0.9,0.9,0.8,0.8,0.3,0.2,0.5,0.3,0.2
2017-05-29 03:14:00+02:00,0.1,0.5,0.0,0.6,2.9,2.1,1.7,0.6,0.1,0.6,0.5,2.3,0.5,0.8,0.2,0.5,0.1,0.7,1.8,2.8,1.6,0.1,1.9,0.2,3.2,0.5,0.7,0.5,3.0,0.7,0.3,1.5,0.3,1.1,1.0,1.0,0.9,0.3,0.2,0.7,0.4,0.3
2017-05-29 03:15:00+02:00,0.1,0.4,0.0,0.5,2.9,2.0,1.6,0.6,0.1,0.6,0.5,2.2,0.5,0.8,0.3,0.4,0.1,0.8,1.7,2.8,1.5,0.2,1.9,0.2,3.2,0.6,0.6,0.4,3.0,0.7,0.4,1.5,0.2,1.0,1.0,0.9,0.9,0.3,0.2,0.6,0.3,0.2
2017-05-29 03:16:00+02:00,0.1,0.3,0.0,0.4,3.2,2.4,2.1,1.1,0.1,0.5,0.4,2.6,0.9,1.3,0.2,0.4,0.1,1.3,2.2,3.1,1.9,0.1,2.4,0.2,3.6,0.5,0.6,0.3,3.3,1.1,0.3,1.9,0.2,1.0,0.9,0.9,0.8,0.4,0.2,0.5,0.2,0.0
2017-05-29 03:17:00+02:00,0.1,0.3,0.0,0.4,2.7,2.0,1.7,0.7,0.1,0.4,0.4,2.2,0.6,0.9,0.2,0.3,0.1,0.9,1.8,2.6,1.6,0.1,2.0,0.2,3.0,0.4,0.6,0.3,2.8,0.7,0.3,1.5,0.2,1.1,1.0,1.0,0.9,0.4,0.2,0.6,0.2,0.0
2017-05-29 03:18:00+02:00,0.1,0.3,0.0,0.4,2.5,1.8,1.4,0.5,0.1,0.5,0.4,1.9,0.3,0.7,0.2,0.4,0.0,0.6,1.5,2.4,1.3,0.1,1.7,0.2,2.8,0.5,0.6,0.3,2.6,0.5,0.3,1.2,0.1,1.0,1.0,0.9,0.9,0.4,0.2,0.5,0.2,0.0
2017-05-29 03:19:00+02:00,0.2,0.3,0.0,0.4,2.7,2.0,1.6,0.7,0.0,0.6,0.4,2.1,0.5,0.9,0.1,0.5,0.1,0.8,1.8,2.6,1.5,0.1,1.9,0.3,3.0,0.5,0.6,0.5,2.8,0.8,0.2,1.4,0.1,0.9,0.8,0.8,0.7,0.4,0.2,0.4,0.2,0.0
2017-05-29 03:20:00+02:00,0.2,0.3,0.0,0.4,2.8,2.1,1.7,0.7,0.0,0.6,0.4,2.2,0.5,1.0,0.1,0.5,0.1,0.9,1.8,2.7,1.6,0.1,2.0,0.3,3.1,0.5,0.6,0.5,3.0,0.8,0.3,1.5,0.1,0.8,0.8,0.7,0.7,0.3,0.2,0.4,0.2,0.0
2017-05-29 03:21:00+02:00,0.2,0.3,0.0,0.4,2.8,2.0,1.7,0.7,0.0,0.6,0.4,2.2,0.5,0.9,0.1,0.5,0.1,0.8,1.8,2.7,1.5,0.1,2.0,0.3,3.1,0.5,0.6,0.5,2.9,0.8,0.3,1.5,0.2,0.8,0.7,0.7,0.6,0.3,0.1,0.4,0.2,0.0
2017-05-29 03:22:00+02:00,0.6,0.3,0.0,0.4,2.7,2.0,1.6,0.7,0.0,0.9,0.4,2.1,0.5,0.9,0.1,0.8,0.1,0.8,1.8,2.6,1.5,0.1,1.9,0.6,2.9,0.4,0.5,0.8,2.8,0.8,0.2,1.4,0.2,0.9,0.9,0.8,0.8,0.3,0.1,0.5,0.3,0.2
2017-05-29 03:23:00+02:00,0.5,0.3,0.0,0.4,2.7,2.0,1.7,0.7,0.0,0.9,0.3,2.1,0.5,0.9,0.1,0.8,0.1,0.8,1.8,2.6,1.5,0.1,1.9,0.6,2.9,0.4,0.5,0.8,2.8,0.8,0.2,1.4,0.1,0.9,0.9,0.8,0.7,0.3,0.1,0.5,0.3,0.1
2017-05-29 03:24:00+02:00,0.9,0.3,0.0,0.4,2.6,1.9,1.6,0.7,0.0,1.3,0.3,2.0,0.5,0.8,0.1,1.2,0.1,0.8,1.7,2.4,1.5,0.1,1.8,0.9,2.8,0.4,0.5,1.1,2.7,0.8,0.2,1.4,0.1,1.0,1.0,0.9,0.9,0.3,0.1,0.6,0.4,0.2
2017-05-29 03:25:00+02:00,0.5,0.3,0.0,0.4,2.5,1.8,1.4,0.6,0.0,0.9,0.4,2.0,0.4,0.7,0.1,0.8,0.1,0.7,1.5,2.4,1.3,0.1,1.7,0.5,2.8,0.4,0.5,0.7,2.6,0.7,0.2,1.3,0.1,1.0,1.0,0.9,0.8,0.3,0.1,0.6,0.3,0.2
2017-05-29 03:26:00+02:00,0.2,0.3,0.0,0.4,2.6,1.9,1.5,0.6,0.0,0.7,0.4,2.0,0.4,0.7,0.1,0.6,0.1,0.7,1.6,2.5,1.3,0.1,1.7,0.3,2.8,0.5,0.5,0.5,2.7,0.7,0.2,1.3,0.1,1.0,1.0,0.9,0.8,0.3,0.1,0.6,0.3,0.2
2017-05-29 03:27:00+02:00,0.2,0.3,0.0,0.4,2.5,1.8,1.5,0.5,0.0,0.7,0.4,1.9,0.4,0.7,0.1,0.6,0.1,0.7,1.6,2.4,1.3,0.1,1.7,0.3,2.8,0.5,0.5,0.6,2.6,0.6,0.2,1.2,0.1,0.8,0.8,0.7,0.7,0.2,0.1,0.4,0.2,0.1
2017-05-29 03:28:00+02:00,0.2,0.3,0.0,0.4,2.5,1.8,1.5,0.5,0.0,0.8,0.4,1.9,0.4,0.7,0.1,0.7,0.1,0.7,1.6,2.4,1.3,0.1,1.7,0.3,2.8,0.5,0.6,0.6,2.6,0.6,0.2,1.3,0.1,0.8,0.8,0.7,0.7,0.2,0.1,0.4,0.2,0.1
2017-05-29 03:29:00+02:00,0.2,0.4,0.0,0.5,2.6,1.8,1.5,0.5,0.0,0.7,0.3,2.0,0.4,0.7,0.1,0.6,0.1,0.6,1.7,2.4,1.3,0.1,1.8,0.3,2.8,0.5,0.6,0.6,2.7,0.6,0.2,1.3,0.2,0.8,0.8,0.7,0.6,0.2,0.1,0.4,0.2,0.1
2017-05-29 03:30:00+02:00,0.2,0.4,0.0,0.5,2.6,1.9,1.6,0.5,0.0,0.7,0.4,2.0,0.4,0.7,0.1,0.6,0.1,0.6,1.7,2.5,1.4,0.1,1.8,0.3,2.8,0.5,0.6,0.6,2.7,0.6,0.2,1.3,0.2,0.8,0.8,0.7,0.7,0.2,0.1,0.5,0.1,0.1
2017-05-29 03:31:00+02:00,0.2,0.3,0.0,0.4,2.7,1.9,1.5,0.5,0.0,0.7,0.4,2.0,0.4,0.8,0.2,0.6,0.1,0.7,1.6,2.6,1.4,0.1,1.8,0.3,2.9,0.5,0.6,0.5,2.8,0.6,0.2,1.3,0.1,0.8,0.8,0.7,0.7,0.2,0.0,0.5,0.2,0.1
2017-05-29 03:32:00+02:00,0.2,0.3,0.0,0.4,2.6,1.8,1.4,0.5,0.0,0.8,0.4,1.9,0.4,0.8,0.2,0.6,0.1,0.7,1.5,2.5,1.3,0.1,1.7,0.3,3.0,0.6,0.5,0.6,2.8,0.6,0.2,1.2,0.1,0.8,0.8,0.7,0.7,0.2,0.0,0.5,0.2,0.1
2017-05-29 03:33:00+02:00,0.3,0.3,0.0,0.4,2.7,1.9,1.5,0.6,0.0,0.8,0.4,2.1,0.4,0.8,0.2,0.7,0.1,0.7,1.7,2.6,1.4,0.1,1.9,0.4,3.2,0.5,0.6,0.6,2.9,0.7,0.2,1.3,0.1,0.8,0.8,0.7,0.7,0.2,0.0,0.5,0.2,0.1
2017-05-29 03:34:00+02:00,0.3,0.3,0.0,0.4,2.9,2.1,1.7,0.7,0.1,0.8,0.4,2.2,0.5,0.9,0.1,0.7,0.1,0.8,1.9,2.7,1.6,0.1,2.1,0.4,3.2,0.5,0.6,0.6,3.0,0.8,0.2,1.6,0.1,0.9,0.9,0.7,0.7,0.2,0.1,0.5,0.2,0.1
2017-05-29 03:35:00+02:00,0.3,0.3,0.0,0.4,2.9,2.2,1.8,0.7,0.1,0.8,0.4,2.3,0.5,1.0,0.1,0.7,0.1,0.9,2.0,2.8,1.7,0.1,2.1,0.4,3.2,0.5,0.6,0.6,3.1,0.8,0.2,1.6,0.1,0.9,0.9,0.7,0.7,0.2,0.1,0.5,0.2,0.1
2017-05-29 03:36:00+02:00,0.3,0.3,0.0,0.7,3.2,2.5,2.0,0.7,0.1,0.8,0.4,2.5,0.5,1.0,0.2,0.7,0.1,0.8,2.2,3.1,2.0,0.1,2.4,0.4,3.5,0.5,0.9,0.7,3.4,0.8,0.2,1.9,0.1,0.9,0.9,0.8,0.8,0.3,0.1,0.5,0.2,0.1
2017-05-29 03:37:00+02:00,0.3,0.3,0.1,0.7,3.3,2.5,2.1,0.8,0.1,0.8,0.5,2.6,0.5,1.0,0.2,0.7,0.1,0.9,2.3,3.2,2.0,0.1,2.4,0.4,3.5,0.6,0.9,0.6,3.4,0.9,0.3,1.9,0.1,0.9,0.9,0.8,0.7,0.2,0.1,0.5,0.2,0.1
2017-05-29 03:38:00+02:00,0.3,0.3,0.1,0.8,3.3,2.5,2.1,0.7,0.1,0.8,0.5,2.6,0.4,1.0,0.2,0.7,0.1,0.9,2.3,3.2,2.0,0.1,2.4,0.4,3.6,0.6,0.9,0.6,3.5,0.8,0.3,1.9,0.1,1.0,1.0,0.8,0.8,0.2,0.1,0.5,0.2,0.1
2017-05-29 03:39:00+02:00,0.3,0.3,0.0,0.7,3.1,2.3,2.0,0.7,0.1,0.7,0.5,2.4,0.5,0.9,0.2,0.6,0.1,0.8,2.1,3.0,1.9,0.1,2.3,0.3,3.4,0.6,0.9,0.5,3.3,0.8,0.3,1.8,0.1,1.0,0.9,0.8,0.8,0.2,0.1,0.5,0.2,0.1
2017-05-29 03:40:00+02:00,0.3,0.3,0.0,0.7,3.1,2.3,2.0,0.6,0.1,0.6,0.5,2.4,0.5,0.9,0.2,0.5,0.1,0.8,2.1,3.0,1.9,0.1,2.2,0.3,3.3,0.6,0.9,0.5,3.2,0.7,0.3,1.8,0.1,1.0,0.9,0.8,0.8,0.2,0.1,0.5,0.2,0.1
2017-05-29 03:41:00+02:00,0.3,0.3,0.0,0.7,3.0,2.3,1.9,0.6,0.1,0.7,0.5,2.4,0.4,0.9,0.2,0.5,0.1,0.8,2.0,2.9,1.9,0.1,2.2,0.4,3.2,0.6,0.9,0.5,3.1,0.8,0.3,1.8,0.1,1.1,1.0,0.9,0.9,0.4,0.1,0.5,0.2,0.1
2017-05-29 03:42:00+02:00,0.3,0.3,0.0,0.8,3.0,2.4,2.0,0.6,0.1,0.6,0.5,2.4,0.4,0.9,0.2,0.5,0.1,0.8,2.1,3.0,1.9,0.1,2.3,0.3,3.3,0.6,0.9,0.5,3.2,0.8,0.3,1.8,0.1,1.1,1.0,0.9,0.9,0.3,0.2,0.6,0.3,0.1
2017-05-29 03:43:00+02:00,0.3,0.3,0.0,0.8,2.9,2.3,1.9,0.6,0.1,0.6,0.5,2.4,0.4,0.8,0.2,0.5,0.0,0.7,2.0,2.9,1.8,0.1,2.2,0.3,3.2,0.5,0.9,0.5,3.1,0.7,0.3,1.7,0.1,1.1,1.0,0.9,0.9,0.3,0.1,0.6,0.3,0.1
2017-05-29 03:44:00+02:00,0.3,0.3,0.0,0.8,2.8,2.2,1.8,0.5,0.1,0.7,0.5,2.3,0.4,0.8,0.2,0.6,0.0,0.7,2.0,2.7,1.8,0.1,2.1,0.4,3.1,0.5,0.9,0.5,3.0,0.6,0.3,1.7,0.1,1.1,1.1,0.9,0.9,0.3,0.1,0.7,0.3,0.1
2017-05-29 03:45:00+02:00,0.4,0.4,0.0,0.8,3.0,2.2,1.9,0.5,0.1,0.7,0.5,2.3,0.4,0.7,0.2,0.6,0.1,0.6,2.0,2.9,1.8,0.1,2.2,0.4,3.2,0.6,1.0,0.6,3.1,0.6,0.3,1.7,0.2,1.1,1.1,0.9,0.9,0.3,0.1,0.6,0.3,0.1
2017-05-29 03:46:00+02:00,0.4,0.4,0.0,0.9,2.8,2.2,1.8,0.5,0.1,0.7,0.4,2.2,0.3,0.6,0.2,0.6,0.0,0.6,1.9,2.7,1.8,0.1,2.1,0.4,3.1,0.5,1.0,0.6,2.9,0.5,0.2,1.7,0.2,1.1,1.1,0.9,0.9,0.3,0.2,0.6,0.3,0.1
2017-05-29 03:47:00+02:00,0.4,0.4,0.0,0.8,2.9,2.3,1.9,0.6,0.1,0.7,0.4,2.3,0.3,0.8,0.1,0.6,0.1,0.7,2.1,2.8,1.9,0.1,2.2,0.4,3.2,0.5,1.0,0.6,3.0,0.7,0.2,1.8,0.2,1.0,1.0,0.9,0.9,0.2,0.1,0.7,0.3,0.1
2017-05-29 03:48:00+02:00,0.4,0.4,0.0,0.9,3.0,2.3,2.0,0.7,0.1,0.8,0.5,2.4,0.5,0.9,0.2,0.6,0.2,0.8,2.1,2.9,1.9,0.1,2.3,0.4,3.2,0.5,0.9,0.6,3.0,0.8,0.3,1.9,0.2,0.9,0.9,0.8,0.8,0.2,0.1,0.6,0.3,0.1
2017-05-29 03:49:00+02:00,0.4,0.3,0.0,0.8,2.8,2.0,1.7,0.6,0.1,0.8,0.7,2.1,0.4,0.8,0.3,0.7,0.2,0.7,1.9,2.8,1.7,0.1,2.0,0.4,3.0,0.7,0.8,0.6,2.9,0.7,0.4,1.6,0.2,0.9,0.9,0.8,0.8,0.2,0.1,0.5,0.3,0.1
2017-05-29 03:50:00+02:00,0.4,0.3,0.0,0.7,2.7,1.9,1.6,0.5,0.1,0.9,0.7,2.0,0.4,0.7,0.2,0.7,0.1,0.6,1.7,2.6,1.6,0.1,1.9,0.4,2.9,0.7,0.8,0.6,2.8,0.6,0.3,1.5,0.2,0.9,0.9,0.8,0.8,0.2,0.1,0.5,0.3,0.1
2017-05-29 03:51:00+02:00,0.4,0.3,0.0,0.8,2.7,1.9,1.7,0.5,0.1,1.0,0.6,2.0,0.3,0.7,0.2,0.8,0.0,0.6,1.8,2.6,1.6,0.1,1.9,0.4,2.9,0.6,0.9,0.7,2.7,0.6,0.3,1.6,0.2,0.9,0.9,0.8,0.7,0.3,0.1,0.5,0.2,0.1
2017-05-29 03:52:00+02:00,0.3,0.3,0.0,0.8,2.6,1.9,1.6,0.5,0.1,0.9,0.5,2.0,0.3,0.7,0.2,0.7,0.0,0.6,1.8,2.5,1.6,0.1,1.9,0.4,2.9,0.6,0.9,0.6,2.7,0.6,0.3,1.6,0.2,0.9,0.9,0.8,0.8,0.3,0.1,0.5,0.3,0.1
2017-05-29 03:53:00+02:00,0.2,0.3,0.0,0.8,2.6,1.9,1.7,0.5,0.1,0.8,0.5,2.0,0.3,0.7,0.2,0.6,0.0,0.6,1.8,2.5,1.6,0.1,1.9,0.3,2.9,0.5,0.9,0.6,2.7,0.5,0.3,1.6,0.2,0.9,0.9,0.8,0.8,0.3,0.1,0.5,0.3,0.1
2017-05-29 03:54:00+02:00,0.3,0.3,0.0,0.8,2.6,1.9,1.6,0.5,0.1,0.7,0.5,2.0,0.3,0.7,0.2,0.6,0.0,0.6,1.7,2.5,1.6,0.1,1.9,0.3,2.9,0.6,0.9,0.5,2.7,0.5,0.3,1.6,0.2,0.9,0.9,0.8,0.7,0.3,0.1,0.4,0.3,0.1
2017-05-29 03:55:00+02:00,0.3,0.3,0.0,0.8,2.5,1.9,1.7,0.5,0.1,0.8,0.5,1.9,0.3,0.7,0.2,0.6,0.0,0.6,1.7,2.5,1.6,0.1,1.8,0.3,2.8,0.6,0.9,0.5,2.7,0.6,0.3,1.6,0.2,0.9,0.9,0.8,0.7,0.3,0.1,0.4,0.3,0.1
2017-05-29 03:56:00+02:00,0.3,0.3,0.0,0.7,2.6,1.9,1.7,0.5,0.1,0.7,0.5,1.9,0.3,0.7,0.2,0.6,0.0,0.6,1.7,2.5,1.6,0.1,1.8,0.4,2.9,0.6,0.9,0.5,2.7,0.5,0.3,1.6,0.2,0.8,0.7,0.7,0.6,0.2,0.1,0.4,0.3,0.1
2017-05-29 03:57:00+02:00,0.3,0.3,0.0,0.8,3.0,2.1,1.8,0.5,0.1,0.8,0.7,2.2,0.3,0.7,0.2,0.6,0.0,0.6,1.9,2.9,1.8,0.1,2.0,0.4,3.3,0.8,1.0,0.5,3.1,0.5,0.4,1.7,0.2,0.7,0.7,0.6,0.6,0.2,0.1,0.3,0.3,0.1
2017-05-29 03:58:00+02:00,0.3,0.3,0.0,0.8,2.9,2.0,1.7,0.5,0.1,0.8,0.6,2.1,0.3,0.7,0.2,0.6,0.0,0.6,1.8,2.8,1.7,0.1,1.9,0.4,3.2,0.7,0.9,0.5,3.0,0.5,0.4,1.6,0.2,0.7,0.7,0.6,0.6,0.2,0.1,0.3,0.3,0.1
2017-05-29 03:59:00+02:00,0.3,0.3,0.0,0.8,3.1,2.1,1.8,0.6,0.1,0.8,0.6,2.2,0.5,0.8,0.2,0.6,0.2,0.7,1.9,3.0,1.7,0.1,2.0,0.4,3.4,0.8,0.9,0.5,3.2,0.6,0.4,1.7,0.2,0.7,0.7,0.6,0.6,0.2,0.1,0.3,0.3,0.1
2017-05-29 04:00:00+02:00,0.3,0.4,0.0,0.8,3.1,2.2,1.8,0.6,0.1,0.7,0.6,2.3,0.5,0.8,0.2,0.6,0.2,0.7,1.9,3.0,1.8,0.1,2.1,0.4,3.3,0.7,0.9,0.5,3.2,0.6,0.4,1.8,0.2,0.8,0.8,0.7,0.7,0.2,0.1,0.4,0.3,0.1
2017-05-29 04:01:00+02:00,0.3,0.3,0.0,0.7,3.3,2.3,1.9,0.7,0.1,0.8,0.8,2.4,0.5,1.0,0.3,0.6,0.2,0.9,2.0,3.2,1.9,0.1,2.2,0.4,3.5,0.8,0.9,0.5,3.4,0.8,0.5,1.8,0.2,0.8,0.8,0.7,0.7,0.3,0.1,0.5,0.3,0.2
2017-05-29 04:02:00+02:00,0.3,0.3,0.0,0.7,3.3,2.4,2.1,0.8,0.1,0.9,0.6,2.5,0.6,1.1,0.3,0.8,0.2,1.0,2.1,3.2,2.0,0.1,2.3,0.7,3.5,0.7,0.9,0.7,3.4,0.9,0.4,1.9,0.2,0.9,0.8,0.8,0.7,0.3,0.1,0.5,0.3,0.2
2017-05-29 04:03:00+02:00,0.3,0.3,0.0,0.7,2.9,2.2,1.8,0.6,0.1,1.0,0.5,2.3,0.4,0.9,0.3,0.9,0.1,0.8,1.9,2.8,1.7,0.1,2.1,0.7,3.1,0.5,0.8,0.8,2.9,0.7,0.3,1.7,0.2,0.8,0.8,0.7,0.7,0.3,0.1,0.4,0.3,0.2
2017-05-29 04:04:00+02:00,0.3,0.3,0.0,0.7,2.9,2.1,1.8,0.6,0.1,1.0,0.5,2.2,0.4,0.9,0.3,0.9,0.1,0.8,1.8,2.8,1.7,0.1,2.0,0.6,3.0,0.6,0.8,0.8,2.9,0.7,0.3,1.7,0.2,0.8,0.8,0.7,0.7,0.3,0.1,0.5,0.3,0.2
2017-05-29 04:05:00+02:00,0.3,0.3,0.0,0.7,2.9,2.1,1.8,0.7,0.1,1.3,0.5,2.2,0.5,1.0,0.2,1.2,0.1,0.9,1.9,2.8,1.8,0.1,2.1,0.6,3.0,0.6,0.8,1.1,2.9,0.7,0.3,1.7,0.2,0.8,0.7,0.7,0.6,0.3,0.1,0.4,0.3,0.1
2017-05-29 04:06:00+02:00,0.3,0.3,0.0,0.5,3.0,2.2,2.0,0.8,0.1,1.0,0.5,2.3,0.7,1.1,0.2,1.0,0.1,1.0,2.0,2.9,1.7,0.1,2.2,0.5,3.1,0.6,0.6,0.8,3.0,0.9,0.3,1.7,0.2,0.8,0.8,0.7,0.6,0.3,0.1,0.4,0.3,0.1
2017-05-29 04:07:00+02:00,0.3,0.3,0.1,0.6,2.7,1.9,1.7,0.6,0.1,1.1,0.6,2.0,0.4,0.8,0.3,1.0,0.1,0.7,1.7,2.6,1.4,0.1,1.9,0.5,2.9,0.6,0.6,0.9,2.8,0.7,0.4,1.4,0.2,0.8,0.7,0.6,0.6,0.3,0.1,0.4,0.3,0.1
2017-05-29 04:08:00+02:00,0.3,0.4,0.1,0.7,2.8,2.0,1.7,0.6,0.1,0.9,0.6,2.1,0.4,0.8,0.3,0.8,0.1,0.7,1.8,2.7,1.5,0.1,2.0,0.5,3.0,0.7,0.7,0.7,2.9,0.7,0.4,1.5,0.3,0.8,0.8,0.7,0.6,0.3,0.1,0.4,0.2,0.1
2017-05-29 04:09:00+02:00,0.3,0.4,0.0,0.6,2.9,2.1,1.8,0.7,0.1,0.9,0.5,2.2,0.5,0.9,0.2,0.7,0.1,0.8,1.9,2.8,1.6,0.1,2.0,0.5,3.0,0.6,0.7,0.6,2.9,0.8,0.3,1.6,0.2,0.9,0.8,0.7,0.6,0.3,0.1,0.4,0.2,0.1
2017-05-29 04:10:00+02:00,0.3,0.3,0.0,0.6,3.0,2.0,1.7,0.7,0.1,0.9,0.5,2.3,0.5,0.9,0.2,0.7,0.1,0.8,1.8,2.9,1.5,0.1,2.0,0.6,3.1,0.6,0.6,0.6,3.0,0.7,0.3,1.5,0.2,0.8,0.7,0.6,0.6,0.3,0.1,0.3,0.2,0.1
2017-05-29 04:11:00+02:00,0.3,0.3,0.0,0.6,2.8,1.8,1.5,0.5,0.1,0.9,0.5,2.1,0.4,0.7,0.2,0.7,0.1,0.7,1.6,2.7,1.4,0.1,1.8,0.6,2.9,0.6,0.6,0.6,2.8,0.6,0.3,1.3,0.1,0.8,0.7,0.6,0.6,0.3,0.1,0.3,0.2,0.1
2017-05-29 04:12:00+02:00,0.3,0.3,0.0,0.6,2.6,1.7,1.4,0.5,0.1,1.0,0.5,2.0,0.4,0.7,0.2,0.7,0.1,0.6,1.4,2.6,1.3,0.1,1.6,0.6,2.8,0.6,0.6,0.6,2.7,0.5,0.3,1.3,0.2,0.7,0.7,0.6,0.5,0.2,0.1,0.3,0.2,0.1
2017-05-29 04:13:00+02:00,0.3,0.4,0.0,0.8,3.1,2.2,1.8,0.7,0.1,1.0,0.5,2.4,0.6,0.9,0.2,0.7,0.1,0.8,1.8,3.0,1.7,0.1,2.1,0.5,3.2,0.6,0.8,0.5,3.1,0.8,0.3,1.7,0.2,0.8,0.7,0.6,0.5,0.2,0.1,0.3,0.2,0.1
2017-05-29 04:14:00+02:00,0.3,0.4,0.0,0.8,2.8,2.0,1.6,0.5,0.1,1.0,0.5,2.2,0.4,0.7,0.2,0.7,0.1,0.6,1.6,2.8,1.6,0.1,1.9,0.5,2.9,0.6,0.9,0.5,2.9,0.5,0.3,1.5,0.2,0.8,0.7,0.6,0.5,0.2,0.1,0.3,0.2,0.1
2017-05-29 04:15:00+02:00,0.3,0.4,0.0,0.9,2.9,2.1,1.7,0.5,0.1,0.9,0.5,2.3,0.4,0.7,0.2,0.7,0.1,0.6,1.8,2.9,1.6,0.1,2.0,0.5,3.0,0.6,1.0,0.5,3.0,0.5,0.3,1.6,0.2,0.8,0.7,0.6,0.5,0.3,0.2,0.3,0.2,0.1
2017-05-29 04:16:00+02:00,0.3,0.4,0.0,0.6,2.4,1.7,1.4,0.5,0.1,0.8,0.5,1.8,0.4,0.7,0.2,0.7,0.1,0.6,1.4,2.4,1.3,0.1,1.6,0.5,2.5,0.6,0.6,0.5,2.4,0.5,0.3,1.3,0.2,0.8,0.7,0.6,0.5,0.3,0.2,0.3,0.2,0.1
2017-05-29 04:17:00+02:00,0.3,0.4,0.0,0.7,2.4,1.7,1.5,0.4,0.1,0.7,0.5,1.8,0.3,0.6,0.2,0.6,0.1,0.6,1.5,2.3,1.4,0.1,1.7,0.4,2.5,0.6,0.8,0.5,2.4,0.4,0.3,1.4,0.2,0.8,0.7,0.6,0.5,0.3,0.2,0.3,0.2,0.1
2017-05-29 04:18:00+02:00,0.3,0.4,0.0,1.2,2.8,2.2,1.9,0.4,0.1,0.8,0.5,2.2,0.3,0.6,0.2,0.6,0.1,0.5,2.0,2.8,1.9,0.1,2.2,0.4,3.0,0.5,1.2,0.5,2.9,0.5,0.3,1.8,0.2,0.8,0.7,0.6,0.6,0.3,0.2,0.3,0.2,0.1
2017-05-29 04:19:00+02:00,0.3,0.4,0.0,1.2,2.9,2.3,2.0,0.4,0.1,0.8,0.4,2.4,0.3,0.6,0.2,0.6,0.1,0.5,2.0,2.8,1.9,0.1,2.2,0.4,3.1,0.5,1.3,0.5,3.0,0.5,0.3,1.9,0.2,0.9,0.8,0.7,0.6,0.3,0.2,0.3,0.2,0.1
2017-05-29 04:20:00+02:00,0.3,0.4,0.0,0.7,2.4,1.7,1.4,0.4,0.1,1.1,0.3,1.9,0.3,0.6,0.2,0.7,0.1,0.5,1.5,2.3,1.4,0.1,1.7,0.4,2.6,0.4,0.8,0.7,2.5,0.5,0.2,1.3,0.2,0.9,0.8,0.7,0.7,0.3,0.2,0.4,0.3,0.2
2017-05-29 04:21:00+02:00,0.3,0.4,0.0,0.6,2.3,1.6,1.3,0.4,0.1,1.1,0.4,1.8,0.3,0.6,0.2,0.8,0.1,0.5,1.4,2.2,1.2,0.1,1.5,0.4,2.5,0.4,0.6,0.7,2.3,0.5,0.2,1.2,0.2,0.8,0.8,0.7,0.6,0.2,0.1,0.4,0.3,0.2
2017-05-29 04:22:00+02:00,0.3,0.3,0.0,0.6,2.3,1.6,1.3,0.5,0.1,1.2,0.4,1.8,0.3,0.6,0.2,0.8,0.1,0.5,1.4,2.3,1.2,0.1,1.6,0.4,2.5,0.4,0.6,0.8,2.4,0.5,0.2,1.2,0.2,0.8,0.7,0.6,0.6,0.2,0.1,0.4,0.3,0.2
2017-05-29 04:23:00+02:00,0.3,0.3,0.0,0.5,2.2,1.5,1.3,0.5,0.1,1.0,0.4,1.7,0.3,0.6,0.2,0.7,0.1,0.5,1.3,2.2,1.2,0.1,1.5,0.3,2.4,0.4,0.5,0.6,2.3,0.5,0.2,1.2,0.2,0.8,0.7,0.6,0.6,0.2,0.1,0.4,0.3,0.2
2017-05-29 04:24:00+02:00,0.3,0.3,0.0,0.5,2.1,1.5,1.2,0.5,0.1,1.1,0.4,1.7,0.3,0.6,0.2,0.7,0.1,0.5,1.2,2.1,1.1,0.1,1.4,0.3,2.4,0.4,0.5,0.7,2.2,0.5,0.2,1.1,0.2,0.8,0.7,0.7,0.6,0.2,0.1,0.4,0.3,0.2
2017-05-29 04:25:00+02:00,0.2,0.4,0.0,0.5,2.4,1.7,1.4,0.6,0.1,0.9,0.4,1.9,0.5,0.8,0.2,0.5,0.1,0.7,1.5,2.3,1.3,0.1,1.7,0.3,2.5,0.4,0.5,0.4,2.4,0.7,0.2,1.3,0.2,0.9,0.8,0.7,0.6,0.2,0.1,0.4,0.3,0.2
2017-05-29 04:26:00+02:00,0.3,0.4,0.0,0.6,2.5,1.7,1.4,0.6,0.1,0.8,0.4,1.9,0.5,0.8,0.2,0.5,0.1,0.7,1.5,2.3,1.4,0.1,1.7,0.3,2.6,0.4,0.6,0.4,2.5,0.6,0.2,1.4,0.3,0.9,0.8,0.7,0.6,0.2,0.1,0.4,0.3,0.2
2017-05-29 04:27:00+02:00,0.3,0.5,0.0,0.6,2.6,1.8,1.5,0.6,0.1,0.8,0.4,2.0,0.5,0.8,0.2,0.5,0.1,0.7,1.5,2.4,1.4,0.1,1.7,0.3,2.7,0.5,0.6,0.4,2.6,0.6,0.3,1.4,0.4,1.0,0.9,0.7,0.7,0.3,0.1,0.4,0.3,0.2
2017-05-29 04:28:00+02:00,0.2,0.5,0.0,0.6,2.8,2.0,1.7,0.8,0.1,0.7,0.4,2.2,0.7,1.0,0.2,0.5,0.1,0.9,1.8,2.7,1.6,0.1,2.0,0.3,3.0,0.5,0.7,0.4,2.9,0.8,0.3,1.6,0.4,1.0,1.0,0.8,0.7,0.3,0.1,0.4,0.3,0.2
2017-05-29 04:29:00+02:00,0.2,1.0,0.0,1.1,3.4,2.6,2.3,0.9,0.1,0.7,0.4,2.8,0.7,1.0,0.2,0.5,0.1,0.9,2.3,3.3,2.2,0.1,2.5,0.3,3.6,0.5,1.2,0.4,3.5,0.9,0.3,2.2,0.8,1.1,1.1,0.9,0.7,0.3,0.1,0.4,0.3,0.2
2017-05-29 04:30:00+02:00,0.2,0.7,0.0,0.8,3.1,2.2,1.9,0.8,0.1,0.7,0.4,2.4,0.6,0.9,0.2,0.5,0.1,0.8,1.9,2.9,1.8,0.1,2.1,0.3,3.2,0.6,0.8,0.4,3.1,0.8,0.3,1.8,0.5,1.1,1.0,0.8,0.7,0.3,0.1,0.4,0.3,0.2
2017-05-29 04:31:00+02:00,0.2,0.6,0.0,0.7,2.6,1.7,1.6,0.6,0.1,0.7,0.4,2.0,0.5,0.8,0.2,0.5,0.1,0.7,1.6,2.5,1.5,0.1,1.7,0.3,2.8,0.6,0.7,0.4,2.7,0.6,0.3,1.5,0.3,1.0,0.9,0.8,0.7,0.3,0.1,0.4,0.3,0.2
2017-05-29 04:32:00+02:00,0.2,0.5,0.0,0.6,2.5,1.6,1.4,0.5,0.1,0.9,0.4,1.8,0.4,0.8,0.2,0.6,0.1,0.6,1.5,2.4,1.4,0.1,1.5,0.3,2.7,0.6,0.6,0.5,2.6,0.6,0.3,1.4,0.3,1.0,0.9,0.8,0.6,0.3,0.1,0.3,0.3,0.2
2017-05-29 04:33:00+02:00,0.2,0.5,0.0,0.6,2.3,1.5,1.4,0.5,0.1,0.8,0.4,1.8,0.3,0.7,0.2,0.5,0.1,0.6,1.4,2.2,1.3,0.1,1.5,0.3,2.5,0.5,0.6,0.5,2.4,0.5,0.3,1.3,0.3,1.0,1.0,0.8,0.6,0.3,0.1,0.3,0.3,0.2
2017-05-29 04:34:00+02:00,0.2,0.5,0.0,0.6,2.3,1.6,1.4,0.6,0.1,0.8,0.4,1.8,0.3,0.7,0.2,0.5,0.1,0.6,1.4,2.2,1.3,0.1,1.5,0.3,2.5,0.5,0.6,0.4,2.4,0.6,0.3,1.3,0.3,0.9,0.9,0.7,0.6,0.3,0.1,0.3,0.2,0.1
2017-05-29 04:35:00+02:00,0.2,0.5,0.0,0.6,2.4,1.6,1.4,0.6,0.1,0.7,0.4,1.8,0.4,0.8,0.2,0.5,0.1,0.7,1.5,2.3,1.4,0.1,1.6,0.3,2.6,0.5,0.6,0.4,2.4,0.7,0.3,1.4,0.2,0.9,0.8,0.7,0.5,0.3,0.1,0.2,0.2,0.1
2017-05-29 04:36:00+02:00,0.2,0.4,0.1,0.5,2.5,1.6,1.4,0.6,0.1,0.7,0.5,1.9,0.4,0.8,0.2,0.4,0.1,0.6,1.4,2.4,1.3,0.1,1.5,0.3,2.7,0.5,0.6,0.4,2.5,0.6,0.3,1.3,0.2,0.9,0.8,0.6,0.5,0.3,0.1,0.2,0.2,0.1
2017-05-29 04:37:00+02:00,0.2,0.5,0.1,0.5,2.4,1.5,1.3,0.6,0.1,0.7,0.5,1.8,0.4,0.7,0.3,0.4,0.1,0.6,1.3,2.3,1.2,0.2,1.4,0.3,2.6,0.6,0.6,0.4,2.5,0.6,0.4,1.2,0.2,0.8,0.7,0.6,0.5,0.3,0.1,0.2,0.2,0.1
2017-05-29 04:38:00+02:00,0.2,0.3,0.1,0.4,2.4,1.6,1.4,0.8,0.1,0.6,0.5,1.8,0.4,0.9,0.2,0.4,0.1,0.8,1.4,2.3,1.3,0.1,1.5,0.3,2.6,0.6,0.4,0.4,2.5,0.8,0.3,1.3,0.2,0.8,0.7,0.6,0.5,0.3,0.1,0.2,0.2,0.1
2017-05-29 04:39:00+02:00,0.2,0.4,0.0,0.5,2.4,1.6,1.4,0.8,0.1,0.7,0.5,1.7,0.5,0.8,0.2,0.5,0.1,0.8,1.4,2.3,1.3,0.1,1.5,0.3,2.6,0.5,0.5,0.4,2.4,0.8,0.3,1.3,0.2,0.8,0.8,0.7,0.6,0.4,0.1,0.3,0.3,0.1
2017-05-29 04:40:00+02:00,0.2,0.4,0.0,0.5,2.6,1.7,1.5,0.8,0.1,0.7,0.5,1.9,0.5,0.9,0.2,0.5,0.2,0.9,1.5,2.5,1.4,0.1,1.6,0.3,2.8,0.6,0.5,0.5,2.6,0.8,0.3,1.4,0.2,0.8,0.8,0.7,0.6,0.4,0.1,0.3,0.2,0.1
2017-05-29 04:41:00+02:00,0.2,0.4,0.0,0.5,2.9,2.0,1.4,0.8,0.1,0.6,0.5,2.2,0.5,0.9,0.2,0.5,0.2,0.9,1.5,2.7,1.4,0.1,1.9,0.2,3.1,0.5,0.5,0.4,2.9,0.9,0.3,1.4,0.2,0.8,0.8,0.7,0.6,0.4,0.1,0.3,0.2,0.1
2017-05-29 04:42:00+02:00,0.2,0.4,0.0,0.4,2.7,1.8,1.4,0.7,0.1,0.6,0.5,2.1,0.4,0.8,0.2,0.5,0.2,0.8,1.4,2.6,1.3,0.1,1.7,0.3,3.0,0.5,0.5,0.4,2.8,0.8,0.3,1.3,0.2,0.8,0.8,0.7,0.6,0.3,0.1,0.3,0.3,0.2
2017-05-29 04:43:00+02:00,0.2,0.4,0.0,0.5,2.9,2.0,1.4,0.6,0.1,0.7,0.5,2.3,0.4,0.7,0.2,0.5,0.2,0.7,1.4,2.8,1.3,0.1,1.9,0.3,3.2,0.6,0.5,0.4,3.0,0.7,0.3,1.2,0.2,1.0,0.9,0.8,0.7,0.3,0.1,0.3,0.3,0.2
2017-05-29 04:44:00+02:00,0.2,0.4,0.0,0.5,2.8,1.8,1.5,0.7,0.1,0.7,0.5,2.1,0.5,0.8,0.2,0.6,0.1,0.8,1.5,2.7,1.4,0.1,1.7,0.3,3.0,0.6,0.5,0.5,2.8,0.8,0.4,1.3,0.2,0.9,0.9,0.8,0.7,0.3,0.1,0.4,0.3,0.2
2017-05-29 04:45:00+02:00,0.2,0.4,0.0,0.5,2.6,1.7,1.5,0.7,0.1,0.7,0.5,1.9,0.5,0.8,0.2,0.6,0.1,0.8,1.5,2.5,1.4,0.1,1.6,0.3,2.8,0.6,0.5,0.5,2.6,0.8,0.3,1.4,0.2,1.1,1.1,1.0,0.9,0.5,0.3,0.4,0.3,0.2
2017-05-29 04:46:00+02:00,0.2,0.4,0.0,0.5,2.7,1.9,1.6,0.7,0.1,0.8,0.5,2.0,0.6,0.9,0.2,0.6,0.1,0.8,1.6,2.6,1.5,0.1,1.8,0.3,3.0,0.6,0.5,0.5,2.7,0.8,0.3,1.4,0.2,0.8,0.8,0.7,0.6,0.3,0.2,0.3,0.2,0.1
2017-05-29 04:47:00+02:00,0.2,0.4,0.0,0.5,2.8,1.9,1.6,0.8,0.1,0.7,0.5,2.1,0.6,0.9,0.2,0.5,0.1,0.8,1.6,2.6,1.5,0.1,1.8,0.2,3.0,0.6,0.5,0.5,2.8,0.8,0.3,1.4,0.2,0.7,0.7,0.6,0.5,0.2,0.1,0.3,0.2,0.1
2017-05-29 04:48:00+02:00,0.2,0.4,0.0,0.5,2.6,1.8,1.5,0.7,0.1,0.7,0.5,1.9,0.5,0.8,0.2,0.5,0.1,0.7,1.5,2.5,1.4,0.1,1.7,0.2,2.9,0.6,0.5,0.5,2.8,0.7,0.3,1.3,0.2,0.8,0.8,0.6,0.5,0.2,0.1,0.3,0.2,0.1
2017-05-29 04:49:00+02:00,0.2,0.3,0.0,0.5,2.6,1.8,1.5,0.7,0.1,0.7,0.5,1.9,0.5,0.8,0.2,0.5,0.1,0.7,1.5,2.5,1.3,0.1,1.7,0.2,2.8,0.6,0.5,0.5,2.7,0.7,0.3,1.3,0.2,0.8,0.8,0.7,0.6,0.2,0.1,0.4,0.3,0.2
2017-05-29 04:50:00+02:00,0.2,0.3,0.0,0.4,2.6,1.9,1.5,0.7,0.1,0.6,0.4,2.0,0.5,0.8,0.2,0.5,0.1,0.8,1.6,2.5,1.4,0.1,1.7,0.2,2.9,0.6,0.5,0.4,2.7,0.8,0.3,1.3,0.2,0.7,0.7,0.7,0.6,0.2,0.1,0.4,0.3,0.1
2017-05-29 04:51:00+02:00,0.2,0.4,0.0,0.6,2.5,1.7,1.3,0.5,0.1,0.6,0.5,1.8,0.3,0.6,0.2,0.4,0.1,0.6,1.4,2.4,1.2,0.1,1.6,0.2,2.7,0.6,0.6,0.4,2.6,0.5,0.3,1.2,0.2,0.7,0.7,0.7,0.5,0.2,0.1,0.4,0.3,0.1
2017-05-29 04:52:00+02:00,0.2,0.4,0.0,0.6,2.6,1.8,1.4,0.5,0.1,0.6,0.5,1.9,0.3,0.7,0.2,0.5,0.1,0.6,1.5,2.5,1.3,0.1,1.7,0.2,2.8,0.6,0.6,0.4,2.7,0.5,0.3,1.3,0.2,0.8,0.8,0.7,0.6,0.2,0.1,0.4,0.3,0.1
2017-05-29 04:53:00+02:00,0.2,0.4,0.1,0.6,2.7,1.9,1.5,0.5,0.1,0.6,0.5,2.0,0.3,0.7,0.2,0.4,0.1,0.6,1.6,2.6,1.4,0.1,1.8,0.2,2.9,0.6,0.7,0.4,2.8,0.5,0.4,1.3,0.2,0.8,0.8,0.7,0.6,0.3,0.1,0.4,0.3,0.1
2017-05-29 04:54:00+02:00,0.2,0.4,0.1,0.6,2.8,1.9,1.5,0.5,0.1,0.6,0.5,2.0,0.4,0.7,0.3,0.5,0.1,0.6,1.6,2.7,1.4,0.2,1.8,0.2,3.0,0.6,0.7,0.5,2.9,0.6,0.4,1.4,0.2,0.8,0.8,0.7,0.7,0.3,0.1,0.4,0.3,0.1
2017-05-29 04:55:00+02:00,0.1,0.4,0.1,0.7,2.8,2.0,1.6,0.5,0.1,0.6,0.5,2.1,0.4,0.7,0.3,0.5,0.1,0.6,1.6,2.7,1.5,0.2,1.8,0.2,3.0,0.6,0.7,0.5,2.9,0.6,0.4,1.4,0.2,0.8,0.8,0.7,0.7,0.3,0.1,0.4,0.3,0.1
2017-05-29 04:56:00+02:00,0.2,0.4,0.1,0.6,2.9,1.9,1.5,0.5,0.1,0.6,0.6,2.0,0.4,0.7,0.3,0.5,0.1,0.6,1.6,2.7,1.4,0.2,1.8,0.2,3.1,0.7,0.6,0.5,3.0,0.6,0.5,1.3,0.2,0.8,0.8,0.7,0.7,0.3,0.1,0.4,0.3,0.1
2017-05-29 04:57:00+02:00,0.1,0.4,0.1,0.5,2.9,1.9,1.5,0.6,0.1,0.6,0.7,2.0,0.4,0.8,0.4,0.5,0.1,0.7,1.6,2.8,1.4,0.2,1.8,0.2,3.1,0.8,0.5,0.4,3.0,0.7,0.5,1.3,0.2,0.8,0.8,0.7,0.7,0.3,0.1,0.4,0.3,0.1
2017-05-29 04:58:00+02:00,0.1,0.4,0.1,0.5,2.9,1.9,1.5,0.6,0.1,0.6,0.7,2.0,0.4,0.8,0.4,0.5,0.1,0.7,1.6,2.8,1.4,0.2,1.8,0.2,3.1,0.8,0.5,0.5,3.0,0.6,0.5,1.3,0.2,0.8,0.7,0.7,0.6,0.3,0.1,0.4,0.3,0.1
2017-05-29 04:59:00+02:00,0.1,0.4,0.1,0.5,2.8,1.8,1.4,0.6,0.1,0.6,0.7,2.0,0.4,0.7,0.4,0.5,0.1,0.7,1.5,2.7,1.3,0.2,1.7,0.2,3.1,0.8,0.5,0.4,3.0,0.6,0.5,1.2,0.2,0.8,0.7,0.7,0.6,0.3,0.1,0.4,0.3,0.1
2017-05-29 05:00:00+02:00,0.1,0.4,0.1,0.5,2.7,1.8,1.4,0.5,0.1,0.6,0.6,1.9,0.4,0.7,0.3,0.5,0.1,0.6,1.5,2.6,1.3,0.2,1.7,0.2,3.0,0.7,0.5,0.5,2.8,0.6,0.4,1.2,0.2,0.7,0.7,0.6,0.6,0.3,0.1,0.4,0.3,0.1
2017-05-29 05:01:00+02:00,0.1,0.4,0.1,0.5,2.8,1.8,1.5,0.6,0.1,0.6,0.6,2.0,0.5,0.8,0.3,0.5,0.1,0.7,1.6,2.7,1.4,0.2,1.7,0.2,3.0,0.7,0.5,0.4,2.9,0.7,0.4,1.3,0.2,0.7,0.7,0.6,0.6,0.2,0.1,0.3,0.2,0.1
2017-05-29 05:02:00+02:00,0.1,0.4,0.1,0.5,2.8,1.9,1.6,0.6,0.1,0.7,0.6,2.0,0.5,0.8,0.3,0.5,0.1,0.7,1.6,2.7,1.4,0.2,1.8,0.2,3.0,0.7,0.5,0.5,2.9,0.7,0.4,1.3,0.2,0.7,0.7,0.6,0.6,0.2,0.1,0.3,0.2,0.1
2017-05-29 05:03:00+02:00,0.1,0.4,0.1,0.5,2.9,2.0,1.6,0.6,0.1,0.7,0.5,2.1,0.5,0.9,0.3,0.5,0.1,0.8,1.7,2.7,1.5,0.1,1.9,0.2,3.1,0.6,0.6,0.5,3.0,0.7,0.3,1.4,0.2,0.7,0.7,0.6,0.6,0.2,0.1,0.3,0.2,0.1
2017-05-29 05:04:00+02:00,0.2,0.4,0.1,0.5,2.7,1.9,1.6,0.7,0.0,0.7,0.5,2.1,0.5,0.9,0.2,0.6,0.1,0.8,1.7,2.6,1.5,0.1,1.8,0.2,2.9,0.5,0.5,0.5,2.8,0.7,0.3,1.4,0.2,0.7,0.7,0.6,0.6,0.2,0.1,0.3,0.2,0.1
2017-05-29 05:05:00+02:00,0.2,0.4,0.1,0.4,2.6,1.9,1.5,0.6,0.0,0.7,0.5,2.0,0.5,0.9,0.3,0.5,0.1,0.7,1.6,2.5,1.4,0.2,1.8,0.3,2.8,0.5,0.5,0.4,2.7,0.7,0.3,1.3,0.2,0.7,0.7,0.6,0.6,0.2,0.1,0.3,0.2,0.1
2017-05-29 05:06:00+02:00,0.5,0.4,0.1,0.5,2.7,2.0,1.6,0.6,0.0,1.0,0.5,2.1,0.5,0.8,0.3,0.8,0.1,0.7,1.7,2.6,1.5,0.1,1.9,0.6,2.9,0.5,0.6,0.7,2.8,0.7,0.3,1.4,0.2,0.7,0.7,0.6,0.6,0.2,0.1,0.3,0.2,0.1
2017-05-29 05:07:00+02:00,0.4,0.4,0.1,0.6,2.7,2.0,1.6,0.7,0.0,0.8,0.5,2.0,0.5,0.8,0.3,0.6,0.1,0.7,1.7,2.6,1.5,0.1,1.8,0.4,2.8,0.5,0.6,0.5,2.7,0.7,0.3,1.4,0.2,0.7,0.7,0.6,0.6,0.2,0.1,0.3,0.2,0.1
2017-05-29 05:08:00+02:00,0.4,0.4,0.1,0.5,2.6,1.9,1.6,0.6,0.0,0.8,0.4,2.0,0.5,0.8,0.2,0.6,0.1,0.7,1.7,2.5,1.4,0.1,1.8,0.4,2.8,0.5,0.6,0.5,2.7,0.7,0.3,1.4,0.2,0.7,0.7,0.6,0.5,0.2,0.1,0.3,0.2,0.1
2017-05-29 05:09:00+02:00,0.2,0.4,0.0,0.5,2.6,1.9,1.5,0.7,0.0,0.6,0.4,2.0,0.5,0.8,0.2,0.4,0.1,0.7,1.7,2.5,1.4,0.1,1.8,0.2,2.8,0.5,0.6,0.3,2.6,0.7,0.3,1.4,0.2,0.7,0.7,0.6,0.6,0.2,0.1,0.3,0.2,0.1
2017-05-29 05:10:00+02:00,0.2,0.4,0.0,0.6,2.7,2.0,1.6,0.7,0.0,0.6,0.4,2.1,0.6,0.8,0.2,0.5,0.1,0.8,1.8,2.6,1.5,0.1,1.9,0.2,2.9,0.4,0.6,0.4,2.7,0.7,0.2,1.5,0.2,0.7,0.7,0.6,0.6,0.2,0.1,0.3,0.2,0.1
2017-05-29 05:11:00+02:00,0.3,0.4,0.0,0.6,3.0,2.4,2.0,1.1,0.0,0.7,0.4,2.5,0.9,1.2,0.2,0.5,0.1,1.1,2.1,2.9,1.9,0.1,2.3,0.3,3.2,0.4,0.7,0.4,3.0,1.1,0.2,1.9,0.2,0.7,0.7,0.6,0.6,0.2,0.1,0.3,0.2,0.1
2017-05-29 05:12:00+02:00,0.3,0.5,0.0,0.6,2.8,2.3,1.8,0.8,0.0,0.7,0.4,2.4,0.7,1.0,0.2,0.5,0.2,0.9,1.9,2.8,1.7,0.1,2.1,0.3,3.0,0.4,0.7,0.4,2.8,0.8,0.2,1.6,0.2,0.7,0.7,0.6,0.5,0.2,0.1,0.3,0.2,0.1
2017-05-29 05:13:00+02:00,0.2,0.5,0.0,0.6,3.1,2.5,2.0,1.0,0.0,0.7,0.5,2.6,0.9,1.2,0.3,0.5,0.2,1.1,2.2,3.1,1.9,0.1,2.3,0.3,3.3,0.5,0.7,0.4,3.1,1.1,0.3,1.9,0.2,0.7,0.7,0.6,0.5,0.2,0.1,0.3,0.2,0.1
2017-05-29 05:14:00+02:00,0.2,0.4,0.0,0.5,2.7,2.0,1.5,0.6,0.0,0.7,0.6,2.1,0.5,0.8,0.4,0.5,0.2,0.7,1.7,2.7,1.4,0.2,1.8,0.3,2.9,0.6,0.6,0.4,2.8,0.7,0.5,1.4,0.2,0.7,0.7,0.6,0.5,0.2,0.1,0.3,0.2,0.1
2017-05-29 05:15:00+02:00,0.2,0.3,0.0,0.4,2.8,1.9,1.4,0.6,0.0,0.6,0.7,2.0,0.5,0.8,0.4,0.4,0.2,0.7,1.6,2.7,1.3,0.2,1.7,0.2,3.0,0.7,0.5,0.4,2.8,0.7,0.5,1.3,0.2,0.7,0.6,0.5,0.5,0.2,0.1,0.3,0.2,0.1
2017-05-29 05:16:00+02:00,0.3,0.3,0.0,0.4,2.4,1.8,1.3,0.6,0.0,0.7,0.5,1.8,0.4,0.7,0.2,0.5,0.2,0.6,1.4,2.4,1.2,0.1,1.6,0.3,2.6,0.6,0.4,0.5,2.5,0.6,0.3,1.2,0.2,0.7,0.6,0.5,0.5,0.3,0.2,0.2,0.2,0.1
2017-05-29 05:17:00+02:00,0.3,0.3,0.0,0.4,2.4,1.7,1.3,0.6,0.0,0.7,0.5,1.8,0.5,0.7,0.2,0.6,0.2,0.7,1.4,2.3,1.2,0.1,1.6,0.4,2.5,0.6,0.4,0.5,2.4,0.6,0.3,1.2,0.2,0.7,0.7,0.6,0.6,0.3,0.2,0.3,0.2,0.1
2017-05-29 05:18:00+02:00,0.3,0.3,0.0,0.4,2.3,1.7,1.3,0.6,0.0,0.7,0.4,1.8,0.4,0.7,0.2,0.6,0.2,0.7,1.4,2.2,1.2,0.1,1.6,0.4,2.4,0.5,0.4,0.5,2.3,0.6,0.2,1.2,0.2,0.8,0.7,0.6,0.6,0.3,0.2,0.3,0.3,0.1
2017-05-29 05:19:00+02:00,0.3,0.3,0.0,0.4,2.3,1.8,1.5,0.7,0.0,0.7,0.3,1.9,0.5,0.9,0.1,0.6,0.1,0.9,1.6,2.3,1.4,0.1,1.8,0.3,2.6,0.4,0.4,0.5,2.4,0.8,0.2,1.4,0.2,0.8,0.8,0.6,0.6,0.3,0.2,0.3,0.3,0.1
2017-05-29 05:20:00+02:00,0.3,0.3,0.0,0.4,2.2,1.7,1.4,0.6,0.0,0.8,0.3,1.8,0.4,0.8,0.1,0.6,0.1,0.7,1.5,2.2,1.3,0.1,1.7,0.3,2.5,0.4,0.4,0.5,2.3,0.6,0.2,1.3,0.2,0.7,0.7,0.6,0.6,0.2,0.1,0.3,0.3,0.1
2017-05-29 05:21:00+02:00,0.3,0.3,0.1,0.4,2.2,1.7,1.4,0.6,0.0,0.8,0.3,1.8,0.4,0.8,0.1,0.6,0.1,0.7,1.5,2.2,1.3,0.1,1.6,0.3,2.5,0.4,0.5,0.5,2.3,0.6,0.2,1.3,0.2,0.7,0.7,0.6,0.6,0.2,0.1,0.4,0.3,0.1
2017-05-29 05:22:00+02:00,0.3,0.3,0.1,0.4,2.3,1.7,1.4,0.7,0.0,0.7,0.4,1.8,0.5,0.8,0.2,0.6,0.1,0.8,1.5,2.2,1.3,0.1,1.6,0.3,2.5,0.4,0.4,0.5,2.3,0.7,0.2,1.3,0.2,0.9,0.8,0.7,0.7,0.3,0.1,0.4,0.3,0.1
2017-05-29 05:23:00+02:00,0.3,0.3,0.1,0.4,2.3,1.6,1.3,0.6,0.0,0.7,0.5,1.7,0.4,0.7,0.1,0.5,0.1,0.7,1.4,2.2,1.3,0.1,1.6,0.3,2.5,0.5,0.5,0.5,2.3,0.6,0.3,1.2,0.2,0.9,0.9,0.8,0.7,0.2,0.1,0.5,0.3,0.1
2017-05-29 05:24:00+02:00,0.3,0.3,0.0,0.4,2.4,1.7,1.3,0.5,0.0,0.7,0.4,1.8,0.4,0.7,0.1,0.6,0.1,0.6,1.5,2.3,1.2,0.1,1.7,0.3,2.6,0.5,0.5,0.5,2.4,0.5,0.3,1.2,0.2,0.8,0.8,0.7,0.7,0.2,0.1,0.4,0.3,0.1
2017-05-29 05:25:00+02:00,0.3,0.3,0.0,0.4,2.4,1.8,1.3,0.5,0.0,0.7,0.4,1.9,0.4,0.7,0.1,0.6,0.1,0.6,1.5,2.3,1.3,0.1,1.7,0.3,2.6,0.5,0.5,0.5,2.4,0.5,0.3,1.2,0.2,0.8,0.8,0.7,0.6,0.2,0.1,0.4,0.3,0.1
2017-05-29 05:26:00+02:00,0.3,0.3,0.0,0.4,2.5,1.9,1.4,0.6,0.0,0.7,0.4,2.0,0.5,0.8,0.1,0.6,0.1,0.7,1.6,2.4,1.3,0.1,1.8,0.3,2.7,0.5,0.5,0.5,2.5,0.6,0.2,1.3,0.2,0.8,0.8,0.6,0.6,0.2,0.1,0.3,0.3,0.1
2017-05-29 05:27:00+02:00,0.3,0.3,0.0,0.3,2.4,1.8,1.2,0.6,0.0,0.7,0.3,1.9,0.5,0.8,0.1,0.5,0.1,0.7,1.5,2.3,1.2,0.1,1.6,0.3,2.5,0.4,0.4,0.5,2.4,0.6,0.2,1.2,0.1,0.7,0.7,0.5,0.5,0.2,0.1,0.3,0.3,0.1
2017-05-29 05:28:00+02:00,0.2,0.3,0.0,0.3,2.2,1.6,1.1,0.6,0.0,0.6,0.3,1.7,0.5,0.7,0.1,0.5,0.1,0.6,1.3,2.1,1.1,0.1,1.5,0.3,2.2,0.4,0.3,0.5,2.2,0.6,0.2,1.0,0.1,0.6,0.6,0.5,0.4,0.2,0.1,0.3,0.2,0.1
2017-05-29 05:29:00+02:00,0.2,0.2,0.0,0.2,2.0,1.4,0.9,0.6,0.0,0.6,0.3,1.5,0.5,0.7,0.1,0.5,0.1,0.6,1.1,1.9,0.9,0.1,1.3,0.3,2.0,0.4,0.3,0.4,2.0,0.6,0.1,0.9,0.1,0.5,0.5,0.4,0.4,0.1,0.1,0.3,0.3,0.1
2017-05-29 05:30:00+02:00,0.1,0.1,0.0,0.1,0.5,0.6,0.2,0.6,0.0,0.2,0.1,0.7,0.5,0.5,0.1,0.2,0.2,0.5,0.3,0.5,0.3,0.1,0.5,0.1,0.3,0.2,0.2,0.3,0.6,0.6,0.1,0.3,0.1,0.3,0.3,0.4,0.2,0.2,0.1,0.1,0.1,0.1
2017-05-29 05:31:00+02:00,0.1,0.1,0.0,0.1,0.1,0.2,0.1,0.4,0.0,0.2,0.1,0.3,0.4,0.3,0.1,0.2,0.2,0.3,0.0,0.1,0.1,0.0,0.1,0.1,0.2,0.3,0.3,0.3,0.1,0.4,0.1,0.1,0.2,0.6,0.6,0.7,0.5,0.2,0.1,0.3,0.1,0.0
2017-05-29 05:32:00+02:00,0.1,0.1,0.0,0.1,0.2,0.1,0.3,0.4,0.0,0.2,0.2,0.2,0.4,0.3,0.1,0.2,0.1,0.3,0.2,0.2,0.2,0.0,0.1,0.1,0.5,0.4,0.3,0.3,0.1,0.4,0.1,0.2,0.2,0.7,0.7,0.8,0.6,0.3,0.1,0.3,0.1,0.0
2017-05-29 05:33:00+02:00,0.1,0.1,0.0,0.2,0.5,0.1,0.4,0.3,0.0,0.3,0.3,0.0,0.3,0.2,0.0,0.1,0.1,0.2,0.3,0.5,0.3,0.0,0.2,0.1,0.8,0.5,0.3,0.2,0.4,0.3,0.2,0.3,0.1,0.8,0.8,0.9,0.7,0.3,0.1,0.4,0.2,0.0
2017-05-29 05:34:00+02:00,0.1,0.1,0.0,0.2,0.8,0.3,0.6,0.3,0.0,0.4,0.4,0.3,0.3,0.1,0.0,0.1,0.1,0.1,0.6,0.9,0.4,0.0,0.4,0.1,1.3,0.6,0.4,0.2,0.8,0.2,0.2,0.4,0.2,1.0,1.0,1.0,0.8,0.4,0.2,0.4,0.2,0.0
2017-05-29 05:35:00+02:00,0.1,0.2,0.0,0.3,1.1,0.5,0.7,0.3,0.0,0.5,0.5,0.4,0.3,0.1,0.0,0.1,0.1,0.2,0.7,1.1,0.5,0.0,0.6,0.1,1.6,0.7,0.5,0.2,1.1,0.2,0.3,0.5,0.2,1.1,1.1,1.2,0.9,0.4,0.2,0.5,0.2,0.0
2017-05-29 05:36:00+02:00,0.1,0.2,0.0,0.3,0.9,0.6,0.8,0.3,0.0,0.6,0.5,0.2,0.3,0.2,0.1,0.1,0.1,0.2,0.8,0.9,0.6,0.1,0.7,0.0,1.4,0.7,0.6,0.1,0.9,0.3,0.3,0.6,0.2,1.2,1.2,1.2,0.9,0.4,0.2,0.5,0.3,0.0
2017-05-29 05:37:00+02:00,0.1,0.2,0.0,0.4,0.6,0.5,0.7,0.5,0.0,0.8,0.4,0.1,0.3,0.3,0.1,0.2,0.1,0.4,0.7,0.7,0.5,0.1,0.6,0.1,1.2,0.7,0.7,0.1,0.6,0.5,0.3,0.5,0.1,1.1,1.1,1.2,0.9,0.4,0.2,0.4,0.2,0.1
2017-05-29 05:38:00+02:00,0.2,0.3,0.0,0.5,1.0,0.5,0.7,0.7,0.1,0.8,0.3,0.4,0.3,0.5,0.1,0.3,0.1,0.6,0.7,1.0,0.5,0.1,0.6,0.1,1.6,0.7,0.8,0.0,1.0,0.7,0.3,0.5,0.1,1.1,1.1,1.2,0.8,0.4,0.1,0.5,0.2,0.1
2017-05-29 05:39:00+02:00,0.1,0.3,0.0,0.5,1.3,0.7,0.8,0.8,0.1,0.8,0.4,0.6,0.4,0.5,0.1,0.2,0.2,0.6,0.8,1.3,0.6,0.1,0.7,0.1,2.0,0.7,0.8,0.1,1.3,0.8,0.3,0.6,0.1,1.2,1.3,1.3,1.0,0.5,0.2,0.5,0.2,0.1
2017-05-29 05:40:00+02:00,0.2,0.3,0.0,0.6,1.6,0.9,1.0,0.7,0.1,1.0,0.4,0.8,0.4,0.4,0.1,0.3,0.2,0.5,1.0,1.6,0.7,0.1,0.9,0.2,2.3,0.8,0.9,0.0,1.6,0.7,0.3,0.7,0.1,1.4,1.4,1.4,1.1,0.5,0.3,0.6,0.3,0.1
2017-05-29 05:41:00+02:00,0.3,0.4,0.0,0.6,2.3,1.5,1.5,0.4,0.1,1.1,0.4,1.5,0.3,0.3,0.0,0.5,0.2,0.3,1.6,2.3,1.2,0.0,1.6,0.3,3.0,0.9,1.0,0.1,2.3,0.3,0.3,1.2,0.1,1.5,1.5,1.6,1.2,0.6,0.3,0.6,0.3,0.1
2017-05-29 05:42:00+02:00,0.3,0.4,0.0,0.7,2.6,1.7,1.7,0.4,0.1,1.2,0.5,1.7,0.3,0.4,0.1,0.5,0.1,0.3,1.8,2.6,1.4,0.0,1.8,0.3,3.3,0.9,1.0,0.1,2.6,0.3,0.4,1.4,0.1,1.7,1.7,1.7,1.3,0.6,0.3,0.7,0.3,0.1
2017-05-29 05:43:00+02:00,0.4,0.4,0.0,0.7,2.9,1.9,1.9,0.3,0.1,1.3,0.6,1.9,0.3,0.4,0.1,0.6,0.1,0.3,2.0,2.9,1.5,0.0,1.9,0.3,3.7,1.0,1.1,0.2,2.9,0.2,0.4,1.5,0.1,1.8,1.8,1.8,1.4,0.7,0.3,0.7,0.3,0.1
2017-05-29 05:44:00+02:00,0.4,0.4,0.1,0.7,3.1,2.1,2.0,0.2,0.1,1.4,0.7,2.1,0.2,0.4,0.0,0.6,0.1,0.3,2.2,3.2,1.6,0.1,2.1,0.3,4.0,1.1,1.2,0.2,3.1,0.2,0.4,1.6,0.1,2.0,2.0,2.0,1.5,0.8,0.4,0.7,0.3,0.1
2017-05-29 05:45:00+02:00,0.4,0.4,0.1,0.8,3.3,2.2,2.2,0.2,0.1,1.4,0.7,2.2,0.2,0.5,0.0,0.6,0.1,0.4,2.3,3.3,1.8,0.1,2.2,0.3,4.2,1.1,1.2,0.2,3.3,0.1,0.4,1.7,0.0,2.1,2.1,2.1,1.6,0.8,0.4,0.8,0.3,0.1
2017-05-29 05:46:00+02:00,0.4,0.5,0.1,0.9,3.6,2.4,2.4,0.3,0.1,1.5,0.8,2.3,0.3,0.5,0.1,0.7,0.1,0.4,2.5,3.6,1.9,0.1,2.4,0.4,4.5,1.3,1.3,0.3,3.6,0.3,0.4,1.8,0.1,2.3,2.2,2.3,1.7,0.9,0.5,0.8,0.4,0.1
2017-05-29 05:47:00+02:00,0.4,0.5,0.1,0.9,3.5,2.2,2.1,0.6,0.1,1.6,0.8,2.1,0.7,0.3,0.1,0.8,0.1,0.4,2.3,3.5,1.6,0.1,2.2,0.4,4.5,1.4,1.4,0.3,3.5,0.5,0.5,1.6,0.1,2.4,2.4,2.4,1.8,1.0,0.5,0.9,0.4,0.1
2017-05-29 05:48:00+02:00,0.4,0.5,0.1,0.9,3.8,2.5,2.4,0.3,0.1,1.7,0.9,2.5,0.4,0.5,0.1,0.8,0.1,0.3,2.6,3.8,1.9,0.1,2.5,0.4,4.9,1.4,1.4,0.3,3.8,0.2,0.5,1.9,0.0,2.4,2.4,2.4,1.9,1.0,0.5,0.9,0.4,0.1
2017-05-29 05:49:00+02:00,0.4,0.4,0.1,0.8,3.8,2.5,2.3,0.4,0.1,1.8,0.9,2.4,0.4,0.5,0.1,0.8,0.1,0.4,2.5,3.8,1.8,0.1,2.5,0.4,4.8,1.4,1.4,0.3,3.8,0.3,0.5,1.8,0.1,2.5,2.4,2.4,1.9,1.0,0.5,0.9,0.4,0.1
2017-05-29 05:50:00+02:00,0.4,0.4,0.1,0.8,4.0,2.6,2.5,0.4,0.1,1.9,0.9,2.5,0.4,0.5,0.1,0.9,0.1,0.4,2.7,4.0,2.0,0.1,2.6,0.4,5.1,1.5,1.4,0.4,4.0,0.3,0.5,1.9,0.2,2.6,2.6,2.6,2.0,1.0,0.5,0.9,0.4,0.1
2017-05-29 05:51:00+02:00,0.5,0.6,0.1,1.1,4.6,3.0,2.9,0.4,0.1,2.0,1.1,3.0,0.4,0.5,0.1,0.9,0.1,0.4,3.1,4.6,2.3,0.1,3.0,0.5,5.8,1.7,1.7,0.4,4.6,0.3,0.6,2.2,0.0,2.9,2.9,2.9,2.2,1.1,0.6,1.1,0.5,0.1
2017-05-29 05:52:00+02:00,0.5,0.7,0.1,1.3,5.3,3.5,3.3,0.3,0.1,2.3,1.2,3.5,0.3,0.6,0.1,1.1,0.1,0.5,3.6,5.3,2.7,0.1,3.5,0.6,6.6,1.8,2.0,0.5,5.3,0.2,0.7,2.6,0.1,3.1,3.2,3.2,2.5,1.3,0.6,1.2,0.6,0.1
2017-05-29 05:53:00+02:00,0.6,0.8,0.1,1.4,5.6,3.7,3.5,0.4,0.2,2.4,1.3,3.6,0.4,0.7,0.1,1.1,0.1,0.5,3.7,5.6,2.8,0.1,3.7,0.6,7.0,2.0,2.1,0.5,5.6,0.2,0.8,2.8,0.2,3.3,3.3,3.3,2.6,1.3,0.7,1.3,0.6,0.1
2017-05-29 05:54:00+02:00,0.6,0.8,0.1,1.4,5.9,4.0,3.7,0.3,0.2,2.5,1.3,3.9,0.3,0.7,0.1,1.2,0.1,0.5,4.0,5.9,3.0,0.1,4.0,0.6,7.3,2.0,2.2,0.6,5.9,0.2,0.8,2.9,0.2,3.4,3.4,3.3,2.6,1.3,0.7,1.3,0.6,0.1
2017-05-29 05:55:00+02:00,0.6,0.9,0.1,1.5,6.1,4.2,3.8,0.3,0.2,2.6,1.4,4.1,0.4,0.8,0.1,1.2,0.1,0.5,4.2,6.1,3.1,0.1,4.2,0.6,7.6,2.0,2.3,0.5,6.1,0.2,0.9,3.0,0.2,3.4,3.4,3.5,2.7,1.4,0.7,1.3,0.6,0.1
2017-05-29 05:56:00+02:00,0.6,0.9,0.1,1.5,6.3,4.3,3.9,0.3,0.2,2.7,1.4,4.2,0.3,0.9,0.1,1.2,0.1,0.6,4.3,6.4,3.2,0.1,4.3,0.6,7.9,2.1,2.3,0.5,6.3,0.2,0.9,3.2,0.2,3.5,3.5,3.6,2.8,1.4,0.7,1.4,0.6,0.1
2017-05-29 05:57:00+02:00,0.6,0.9,0.1,1.6,6.6,4.5,4.1,0.2,0.2,2.7,1.5,4.5,0.3,0.9,0.1,1.3,0.1,0.7,4.5,6.7,3.4,0.2,4.5,0.6,8.2,2.2,2.4,0.6,6.6,0.2,0.9,3.4,0.2,3.7,3.6,3.7,2.9,1.4,0.7,1.4,0.6,0.1
2017-05-29 05:58:00+02:00,0.6,1.0,0.1,1.6,6.9,4.7,4.2,0.2,0.2,2.8,1.6,4.6,0.3,1.0,0.2,1.3,0.1,0.7,4.6,6.9,3.5,0.2,4.6,0.7,8.5,2.3,2.5,0.6,6.9,0.2,0.9,3.5,0.2,3.7,3.7,3.7,2.9,1.4,0.7,1.5,0.7,0.1
2017-05-29 05:59:00+02:00,0.7,1.0,0.1,1.7,7.3,4.9,4.4,0.2,0.2,3.0,1.7,4.8,0.3,1.0,0.2,1.4,0.1,0.8,4.8,7.3,3.6,0.2,4.8,0.7,9.0,2.5,2.6,0.7,7.3,0.2,1.0,3.6,0.2,4.0,3.9,3.9,3.1,1.5,0.8,1.6,0.8,0.1
2017-05-29 06:00:00+02:00,0.7,1.0,0.1,1.8,7.8,5.2,4.7,0.3,0.2,3.1,1.8,5.2,0.2,1.2,0.2,1.5,0.0,1.0,5.2,7.8,3.9,0.2,5.2,0.8,9.6,2.6,2.7,0.7,7.8,0.4,1.0,3.9,0.2,4.2,4.2,4.1,3.2,1.5,0.8,1.7,0.8,0.1
2017-05-29 06:01:00+02:00,0.7,1.1,0.1,1.9,8.1,5.6,5.0,0.2,0.2,3.2,1.7,5.5,0.1,1.3,0.1,1.5,0.1,1.0,5.5,8.1,4.2,0.1,5.5,0.8,10.0,2.6,2.8,0.7,8.2,0.4,0.9,4.1,0.3,4.4,4.4,4.3,3.4,1.7,0.9,1.7,0.8,0.1
2017-05-29 06:02:00+02:00,0.8,1.2,0.1,2.0,8.6,5.9,5.4,0.2,0.3,3.3,1.8,5.9,0.1,1.4,0.1,1.6,0.1,1.0,5.9,8.6,4.4,0.1,5.8,0.8,10.5,2.7,2.9,0.7,8.6,0.4,1.0,4.3,0.3,4.7,4.6,4.5,3.6,1.8,0.9,1.8,0.9,0.1
2017-05-29 06:03:00+02:00,0.8,1.2,0.1,2.0,8.9,6.1,5.5,0.1,0.2,3.5,1.9,6.0,0.2,1.4,0.1,1.7,0.0,1.0,6.0,8.9,4.5,0.1,6.0,0.8,10.8,2.8,3.0,0.8,8.9,0.3,1.0,4.4,0.3,4.8,4.8,4.7,3.7,1.8,0.9,1.9,0.9,0.0
2017-05-29 06:04:00+02:00,0.9,1.2,0.1,2.1,9.4,6.5,5.8,0.2,0.2,3.7,1.9,6.5,0.2,1.5,0.1,1.8,0.0,1.2,6.4,9.4,4.8,0.1,6.4,0.9,11.5,3.0,3.1,0.9,9.4,0.4,1.1,4.7,0.3,5.1,5.1,5.0,3.9,1.9,1.0,2.0,1.0,0.0
2017-05-29 06:05:00+02:00,0.9,1.2,0.1,2.1,9.8,6.7,6.0,0.2,0.2,3.9,2.0,6.8,0.2,1.6,0.1,1.9,0.0,1.2,6.6,9.8,4.9,0.1,6.7,1.0,12.0,3.1,3.2,1.0,9.8,0.4,1.1,4.8,0.2,5.4,5.3,5.2,4.1,2.0,1.0,2.1,1.1,0.0
2017-05-29 06:06:00+02:00,1.0,1.2,0.1,2.1,10.0,6.8,6.1,0.2,0.2,4.1,2.1,6.9,0.2,1.7,0.1,2.0,0.0,1.3,6.7,10.0,5.0,0.1,6.8,1.1,12.2,3.2,3.2,1.0,10.1,0.5,1.2,4.9,0.2,5.6,5.5,5.5,4.3,2.1,1.1,2.3,1.2,0.1
2017-05-29 06:07:00+02:00,1.0,1.3,0.1,2.2,10.4,7.1,6.4,0.2,0.2,4.2,2.1,7.2,0.2,1.8,0.1,2.1,0.0,1.3,7.0,10.5,5.2,0.1,7.1,1.1,12.6,3.3,3.3,1.1,10.4,0.5,1.2,5.1,0.3,5.8,5.7,5.6,4.5,2.1,1.1,2.3,1.2,0.1
2017-05-29 06:08:00+02:00,1.1,1.4,0.1,2.3,10.7,7.3,6.6,0.1,0.3,4.3,2.2,7.4,0.3,1.8,0.1,2.1,0.0,1.3,7.2,10.8,5.4,0.1,7.3,1.1,13.0,3.4,3.5,1.1,10.8,0.4,1.2,5.3,0.4,5.9,5.8,5.8,4.6,2.2,1.1,2.4,1.2,0.1
2017-05-29 06:09:00+02:00,1.1,1.5,0.1,2.4,11.2,7.6,6.9,0.2,0.3,4.4,2.3,7.7,0.2,2.0,0.1,2.2,0.0,1.4,7.5,11.2,5.7,0.1,7.5,1.2,13.5,3.5,3.6,1.2,11.2,0.6,1.3,5.6,0.4,6.0,5.8,5.9,4.7,2.2,1.2,2.5,1.3,0.1
2017-05-29 06:10:00+02:00,1.1,1.5,0.1,2.4,11.6,7.9,7.1,0.3,0.3,4.5,2.4,8.0,0.1,2.1,0.1,2.2,0.0,1.6,7.7,11.6,5.9,0.1,7.8,1.2,14.1,3.6,3.7,1.2,11.7,0.7,1.4,5.8,0.4,6.1,6.0,6.0,4.8,2.3,1.2,2.5,1.3,0.1
2017-05-29 06:11:00+02:00,1.1,1.6,0.1,2.5,12.1,8.1,7.3,0.3,0.3,4.6,2.5,8.2,0.2,2.1,0.2,2.3,0.0,1.6,7.9,12.0,6.1,0.1,8.0,1.2,14.6,3.8,3.8,1.2,12.1,0.7,1.4,5.9,0.4,6.4,6.2,6.2,5.0,2.4,1.2,2.6,1.3,0.1
2017-05-29 06:12:00+02:00,1.1,1.5,0.1,2.4,11.8,7.9,7.0,0.3,0.3,4.4,2.4,8.0,0.1,2.1,0.2,2.2,0.0,1.5,7.7,11.7,5.9,0.1,7.8,1.2,14.2,3.6,3.7,1.2,11.9,0.7,1.4,5.7,0.4,6.1,5.9,5.9,4.7,2.2,1.2,2.5,1.3,0.1
2017-05-29 06:13:00+02:00,1.0,1.5,0.2,2.4,11.6,7.8,6.8,0.3,0.3,4.3,2.4,7.9,0.1,2.1,0.2,2.2,0.1,1.5,7.5,11.4,5.7,0.1,7.6,1.1,13.9,3.6,3.6,1.1,11.7,0.7,1.4,5.6,0.4,5.8,5.7,5.6,4.5,2.1,1.1,2.4,1.3,0.1
2017-05-29 06:14:00+02:00,1.2,1.8,0.2,2.8,13.6,9.2,8.1,0.5,0.4,5.0,2.8,9.3,0.1,2.5,0.2,2.5,0.1,1.9,8.9,13.4,6.8,0.1,9.0,1.3,16.3,4.2,4.2,1.3,13.7,0.9,1.6,6.7,0.5,6.7,6.5,6.5,5.2,2.4,1.3,2.8,1.5,0.2
2017-05-29 06:15:00+02:00,1.3,1.9,0.2,3.0,14.6,9.9,8.7,0.5,0.4,5.3,3.0,10.0,0.1,2.7,0.2,2.7,0.1,2.0,9.6,14.4,7.3,0.1,9.7,1.4,17.5,4.4,4.5,1.4,14.7,1.0,1.7,7.2,0.6,7.0,6.9,6.8,5.5,2.6,1.4,2.8,1.6,0.1
2017-05-29 06:16:00+02:00,1.3,2.0,0.2,3.2,15.6,10.5,9.3,0.7,0.4,5.6,3.3,10.6,0.1,2.9,0.4,2.8,0.1,2.3,10.2,15.4,7.8,0.3,10.4,1.5,18.6,4.8,4.7,1.5,15.7,1.1,1.9,7.7,0.6,7.4,7.2,7.2,5.8,2.8,1.5,3.0,1.7,0.2
2017-05-29 06:17:00+02:00,1.4,2.1,0.2,3.3,16.1,10.9,9.6,0.7,0.4,5.8,3.4,11.0,0.1,3.0,0.4,2.9,0.1,2.3,10.5,16.0,8.1,0.3,10.7,1.5,19.3,5.0,4.9,1.5,16.2,1.2,2.0,7.9,0.7,7.8,7.6,7.5,6.1,2.9,1.5,3.2,1.7,0.2
2017-05-29 06:18:00+02:00,1.4,2.1,0.2,3.4,16.4,11.0,9.6,0.7,0.4,5.9,3.5,11.1,0.1,3.0,0.5,2.9,0.1,2.3,10.6,16.2,8.1,0.4,10.8,1.5,19.6,5.1,4.9,1.6,16.4,1.2,2.0,7.9,0.7,8.0,7.8,7.7,6.2,2.9,1.5,3.3,1.8,0.2
2017-05-29 06:19:00+02:00,1.3,2.2,0.2,3.5,17.1,11.5,10.0,0.7,0.5,6.0,3.7,11.6,0.1,3.1,0.5,2.9,0.1,2.4,11.0,16.9,8.4,0.4,11.3,1.5,20.5,5.3,5.1,1.5,17.2,1.2,2.1,8.3,0.7,8.2,8.0,8.0,6.4,3.1,1.6,3.4,1.8,0.2
2017-05-29 06:20:00+02:00,1.4,2.4,0.2,3.7,17.8,11.9,10.4,0.6,0.5,6.4,3.9,12.1,0.2,3.1,0.5,3.0,0.1,2.3,11.4,17.6,8.7,0.4,11.7,1.6,21.4,5.5,5.5,1.6,17.9,1.1,2.3,8.5,0.8,8.7,8.4,8.4,6.7,3.2,1.6,3.5,1.9,0.3
2017-05-29 06:21:00+02:00,1.4,2.5,0.2,3.9,18.7,12.6,11.0,0.8,0.5,6.5,3.9,12.8,0.1,3.5,0.6,3.1,0.1,2.7,12.1,18.5,9.3,0.4,12.4,1.6,22.3,5.7,5.6,1.7,18.8,1.4,2.3,9.1,0.8,8.9,8.7,8.6,6.9,3.3,1.7,3.7,2.0,0.3
2017-05-29 06:22:00+02:00,1.5,2.5,0.3,3.9,19.0,12.8,11.2,0.9,0.5,6.6,4.0,13.0,0.2,3.5,0.6,3.2,0.1,2.8,12.3,18.8,9.4,0.4,12.6,1.6,22.7,5.8,5.7,1.7,19.1,1.5,2.3,9.2,0.9,9.2,9.0,8.9,7.1,3.3,1.7,3.8,2.1,0.3
2017-05-29 06:23:00+02:00,1.5,2.7,0.3,4.1,19.5,13.1,11.4,0.9,0.5,6.7,4.1,13.3,0.2,3.5,0.7,3.3,0.1,2.8,12.6,19.3,9.7,0.5,12.9,1.7,23.2,5.9,5.9,1.8,19.6,1.5,2.4,9.4,0.9,9.3,9.0,9.0,7.2,3.4,1.7,3.8,2.1,0.3
2017-05-29 06:24:00+02:00,1.6,2.9,0.3,4.3,20.6,13.9,12.1,1.0,0.6,7.1,4.4,14.1,0.2,3.8,0.7,3.4,0.1,3.0,13.3,20.4,10.3,0.5,13.7,1.8,24.6,6.3,6.3,1.8,20.8,1.7,2.6,10.1,1.0,9.9,9.6,9.5,7.6,3.6,1.8,4.1,2.2,0.3
2017-05-29 06:25:00+02:00,1.7,3.0,0.3,4.5,21.6,14.5,12.7,1.0,0.6,7.3,4.6,14.8,0.2,4.0,0.7,3.5,0.2,3.2,13.9,21.4,10.7,0.5,14.3,1.8,25.7,6.5,6.6,1.8,21.7,1.7,2.7,10.6,1.0,10.4,10.1,10.0,8.0,3.8,1.9,4.3,2.3,0.4
2017-05-29 06:26:00+02:00,1.7,3.1,0.3,4.7,21.9,14.7,12.8,0.8,0.6,7.5,4.7,15.0,0.1,3.9,0.8,3.6,0.2,3.0,14.1,21.7,10.8,0.6,14.5,1.9,26.2,6.7,6.8,1.9,22.1,1.5,2.8,10.6,1.1,10.7,10.4,10.3,8.3,3.8,2.0,4.4,2.4,0.4
2017-05-29 06:27:00+02:00,1.8,3.2,0.3,4.8,22.7,15.4,13.4,1.1,0.7,7.6,4.8,15.7,0.2,4.3,0.8,3.7,0.2,3.4,14.7,22.5,11.4,0.6,15.1,1.9,27.0,6.8,6.9,2.0,22.8,1.9,2.8,11.2,1.1,10.9,10.6,10.5,8.4,3.9,2.0,4.5,2.4,0.4
2017-05-29 06:28:00+02:00,1.8,3.2,0.4,4.8,23.0,15.6,13.6,1.2,0.7,7.7,4.8,15.9,0.3,4.4,0.8,3.7,0.2,3.5,14.9,22.7,11.5,0.6,15.3,1.9,27.3,6.9,6.9,2.0,23.1,1.9,2.8,11.3,1.1,11.1,10.8,10.5,8.5,4.0,2.0,4.5,2.5,0.4
2017-05-29 06:29:00+02:00,1.8,3.3,0.4,4.9,23.4,15.8,13.8,1.2,0.7,7.8,4.9,16.2,0.3,4.5,0.8,3.8,0.2,3.6,15.2,23.1,11.7,0.6,15.6,2.0,27.8,7.0,7.0,2.1,23.5,2.0,2.9,11.5,1.2,11.2,10.9,10.7,8.6,4.0,2.0,4.6,2.5,0.4
2017-05-29 06:30:00+02:00,1.9,3.4,0.4,5.0,23.8,16.2,14.1,1.3,0.7,8.0,5.0,16.5,0.3,4.6,0.9,4.0,0.2,3.6,15.5,23.6,12.0,0.6,15.9,2.1,28.3,7.1,7.2,2.2,24.0,2.0,3.0,11.8,1.2,11.4,11.1,10.9,8.8,4.1,2.1,4.7,2.5,0.5
2017-05-29 06:31:00+02:00,1.9,3.4,0.4,5.1,24.3,16.5,14.5,1.3,0.7,8.1,5.0,16.8,0.3,4.7,0.8,4.1,0.3,3.7,15.8,24.0,12.3,0.6,16.2,2.1,28.8,7.2,7.4,2.3,24.4,2.1,2.9,12.1,1.3,11.7,11.4,11.1,9.0,4.2,2.1,4.8,2.6,0.5
2017-05-29 06:32:00+02:00,1.9,3.5,0.4,5.2,24.6,16.7,14.6,1.2,0.8,8.2,5.1,17.0,0.2,4.7,0.8,4.1,0.2,3.6,15.9,24.4,12.4,0.6,16.4,2.1,29.3,7.3,7.5,2.3,24.8,2.0,3.0,12.1,1.3,11.9,11.6,11.3,9.2,4.3,2.2,4.9,2.7,0.5
2017-05-29 06:33:00+02:00,1.9,3.4,0.4,5.2,24.9,16.8,14.6,1.2,0.8,8.4,5.2,17.1,0.2,4.6,0.9,4.2,0.2,3.5,16.0,24.6,12.4,0.6,16.5,2.2,29.7,7.5,7.5,2.4,25.1,2.0,3.1,12.1,1.4,12.1,11.8,11.6,9.3,4.4,2.2,5.0,2.8,0.5
2017-05-29 06:34:00+02:00,1.9,3.4,0.4,5.2,24.8,16.7,14.5,1.1,0.8,8.4,5.1,17.1,0.2,4.6,0.9,4.2,0.2,3.6,15.9,24.5,12.3,0.7,16.5,2.2,29.6,7.4,7.4,2.4,25.1,1.9,3.1,12.0,1.4,12.1,11.8,11.5,9.3,4.3,2.2,5.0,2.8,0.5
2017-05-29 06:35:00+02:00,1.9,3.5,0.4,5.2,25.1,16.9,14.7,1.2,0.8,8.5,5.2,17.3,0.2,4.7,1.0,4.3,0.2,3.6,16.2,24.9,12.5,0.7,16.7,2.2,30.0,7.5,7.5,2.4,25.4,2.0,3.2,12.2,1.4,12.2,11.8,11.6,9.4,4.4,2.2,5.0,2.7,0.5
2017-05-29 06:36:00+02:00,2.0,3.6,0.5,5.1,25.4,17.0,14.7,1.2,0.8,8.4,5.3,17.4,0.2,4.8,1.0,4.2,0.2,3.7,16.2,25.1,12.5,0.7,16.7,2.2,30.3,7.7,7.4,2.4,25.6,2.0,3.2,12.2,1.4,12.2,11.9,11.6,9.4,4.4,2.3,5.0,2.8,0.5
2017-05-29 06:37:00+02:00,2.0,3.6,0.5,5.1,25.4,17.1,14.8,1.2,0.8,8.4,5.3,17.5,0.2,4.9,1.0,4.2,0.2,3.8,16.3,25.2,12.6,0.7,16.8,2.2,30.3,7.7,7.4,2.3,25.7,2.1,3.2,12.3,1.5,12.2,11.9,11.6,9.4,4.4,2.3,5.0,2.8,0.5
2017-05-29 06:38:00+02:00,2.0,3.7,0.5,5.3,26.4,17.8,15.5,1.4,0.9,8.7,5.5,18.2,0.4,5.2,1.0,4.4,0.2,4.0,17.0,26.1,13.2,0.8,17.5,2.3,31.3,7.9,7.7,2.4,26.6,2.3,3.3,12.9,1.5,12.6,12.3,12.0,9.7,4.5,2.3,5.2,2.9,0.6
2017-05-29 06:39:00+02:00,2.0,3.9,0.5,5.5,27.0,18.3,15.9,1.4,0.9,8.9,5.5,18.7,0.3,5.3,1.0,4.5,0.2,4.1,17.5,26.7,13.6,0.8,18.0,2.3,32.1,8.0,7.9,2.5,27.3,2.3,3.4,13.3,1.6,12.9,12.6,12.3,10.0,4.6,2.4,5.4,3.0,0.6
2017-05-29 06:40:00+02:00,2.0,3.9,0.5,5.6,27.2,18.4,16.1,1.5,0.9,9.0,5.6,18.8,0.4,5.4,1.1,4.5,0.2,4.2,17.5,26.9,13.7,0.8,18.1,2.3,32.4,8.1,8.0,2.6,27.5,2.4,3.4,13.4,1.6,13.1,12.7,12.4,10.1,4.6,2.4,5.5,3.0,0.6
2017-05-29 06:41:00+02:00,2.1,3.9,0.5,5.6,27.7,18.6,16.3,1.5,1.0,9.1,5.7,19.1,0.4,5.5,1.1,4.6,0.2,4.3,17.8,27.3,13.9,0.8,18.4,2.3,32.9,8.2,8.1,2.6,28.0,2.5,3.5,13.6,1.6,13.2,12.9,12.6,10.2,4.7,2.4,5.5,3.1,0.6
2017-05-29 06:42:00+02:00,2.1,4.0,0.5,5.7,28.0,18.9,16.5,1.5,1.0,9.3,5.7,19.4,0.4,5.6,1.1,4.7,0.2,4.4,18.0,27.7,14.1,0.8,18.7,2.4,33.3,8.3,8.2,2.7,28.4,2.5,3.5,13.8,1.6,13.4,13.1,12.8,10.4,4.8,2.4,5.6,3.1,0.6
2017-05-29 06:43:00+02:00,2.2,4.1,0.6,5.9,28.8,19.4,17.0,1.6,1.0,9.5,5.9,19.9,0.4,5.8,1.1,4.8,0.2,4.6,18.5,28.4,14.6,0.9,19.2,2.5,34.2,8.5,8.4,2.7,29.1,2.6,3.6,14.2,1.7,13.8,13.4,13.1,10.6,4.9,2.5,5.7,3.2,0.7
2017-05-29 06:44:00+02:00,2.2,4.2,0.6,6.0,29.4,19.9,17.4,1.7,1.0,9.7,6.0,20.4,0.5,6.0,1.1,4.9,0.2,4.7,19.0,29.0,14.9,0.9,19.6,2.5,35.0,8.7,8.6,2.8,29.8,2.8,3.6,14.5,1.7,14.0,13.7,13.4,10.8,5.0,2.5,5.8,3.3,0.7
2017-05-29 06:45:00+02:00,2.3,4.2,0.6,6.0,29.7,20.1,17.5,1.6,1.0,9.8,6.1,20.6,0.4,6.0,1.2,5.0,0.2,4.7,19.1,29.3,15.0,0.9,19.8,2.6,35.3,8.7,8.6,2.8,30.1,2.7,3.7,14.6,1.7,14.2,13.8,13.5,11.0,5.0,2.6,5.9,3.3,0.7
2017-05-29 06:46:00+02:00,2.3,4.3,0.6,6.1,30.3,20.5,17.8,1.6,1.0,9.8,6.2,21.0,0.5,6.1,1.2,5.0,0.3,4.7,19.5,29.8,15.2,0.9,20.2,2.6,35.9,8.8,8.7,2.8,30.6,2.7,3.8,14.8,1.8,14.4,14.0,13.7,11.1,5.1,2.6,6.0,3.3,0.7
2017-05-29 06:47:00+02:00,2.1,4.4,0.6,6.2,30.6,20.7,18.0,1.6,1.0,9.8,6.3,21.2,0.4,6.1,1.2,4.9,0.2,4.8,19.6,30.2,15.4,0.9,20.4,2.4,36.3,8.9,8.9,2.7,30.9,2.7,3.8,15.0,1.8,14.5,14.1,13.8,11.2,5.2,2.6,6.0,3.4,0.7
2017-05-29 06:48:00+02:00,2.1,4.4,0.6,6.4,31.4,21.4,18.3,1.7,1.1,9.8,6.4,21.9,0.5,6.3,1.3,4.8,0.3,4.9,20.3,31.0,15.7,1.0,21.1,2.4,37.2,9.0,9.0,2.6,31.7,2.9,3.9,15.3,1.9,14.6,14.2,13.9,11.2,5.2,2.7,6.0,3.3,0.7
2017-05-29 06:49:00+02:00,2.2,4.6,0.7,6.5,31.8,21.5,18.3,1.4,1.2,10.1,6.5,22.0,0.5,6.1,1.3,5.1,0.3,4.7,20.4,31.3,15.7,1.0,21.2,2.6,37.6,9.2,9.2,2.8,32.1,2.6,4.0,15.3,2.0,14.8,14.4,14.1,11.4,5.3,2.7,6.1,3.3,0.8
2017-05-29 06:50:00+02:00,2.4,4.6,0.7,6.6,32.6,22.2,19.0,1.9,1.2,10.4,6.6,22.8,0.5,6.7,1.3,5.3,0.3,5.2,21.1,32.1,16.3,1.0,21.9,2.8,38.4,9.3,9.2,3.0,32.9,3.1,4.0,15.9,2.0,15.0,14.6,14.2,11.5,5.3,2.7,6.2,3.4,0.8
2017-05-29 06:51:00+02:00,2.4,4.6,0.6,6.7,33.0,22.5,19.3,1.9,1.2,10.6,6.6,23.1,0.5,6.7,1.3,5.4,0.3,5.3,21.3,32.5,16.5,1.0,22.2,2.8,38.9,9.4,9.4,3.0,33.3,3.1,4.0,16.1,2.0,15.2,14.8,14.4,11.7,5.4,2.8,6.3,3.5,0.8
2017-05-29 06:52:00+02:00,2.4,4.7,0.7,6.7,33.0,22.5,19.2,1.9,1.3,10.6,6.7,23.1,0.5,6.7,1.3,5.4,0.3,5.3,21.3,32.5,16.5,1.0,22.2,2.8,39.0,9.4,9.4,3.0,33.4,3.1,4.0,16.1,2.0,15.2,14.8,14.5,11.7,5.4,2.8,6.3,3.5,0.9
2017-05-29 06:53:00+02:00,2.5,4.7,0.7,6.7,33.4,22.8,19.5,1.9,1.3,10.7,6.7,23.4,0.5,6.8,1.4,5.5,0.3,5.4,21.6,32.9,16.7,1.0,22.5,2.9,39.4,9.5,9.5,3.1,33.8,3.2,4.1,16.3,2.1,15.4,15.0,14.7,11.8,5.4,2.8,6.4,3.6,0.9
2017-05-29 06:54:00+02:00,2.5,4.8,0.7,6.8,34.1,23.2,19.9,2.0,1.3,10.9,6.9,23.9,0.5,7.0,1.4,5.6,0.3,5.5,21.9,33.6,17.0,1.1,22.8,2.9,40.0,9.8,9.6,3.2,34.5,3.3,4.2,16.6,2.1,15.3,14.9,14.6,11.7,5.5,2.8,6.3,3.4,0.9
2017-05-29 06:55:00+02:00,2.5,4.8,0.8,6.9,34.4,23.4,20.1,2.0,1.3,11.0,6.9,24.1,0.6,7.1,1.4,5.7,0.3,5.6,22.1,33.9,17.2,1.1,23.0,2.9,40.3,9.8,9.7,3.2,34.8,3.3,4.2,16.8,2.2,15.7,15.3,14.9,12.1,5.5,2.8,6.6,3.6,0.9
2017-05-29 06:56:00+02:00,2.5,4.9,0.8,7.0,34.2,23.1,20.3,2.1,1.3,11.1,7.0,23.8,0.6,7.2,1.5,5.7,0.3,5.7,21.8,33.7,17.4,1.1,22.7,2.9,40.3,9.9,9.8,3.2,34.6,3.4,4.3,17.0,2.2,16.0,15.5,15.2,12.3,5.5,2.8,6.8,3.8,0.9
2017-05-29 06:57:00+02:00,2.5,4.9,0.8,7.0,34.0,22.8,20.3,2.0,1.3,11.1,7.1,23.5,0.5,7.2,1.5,5.8,0.3,5.7,21.4,33.5,17.5,1.2,22.3,3.0,40.1,10.0,9.8,3.2,34.4,3.4,4.4,17.1,2.2,15.8,15.4,15.1,12.2,5.4,2.8,6.8,3.8,1.0
2017-05-29 06:58:00+02:00,2.6,5.0,0.8,7.1,35.5,24.2,20.6,2.1,1.4,11.2,7.2,24.9,0.6,7.3,1.5,5.8,0.3,5.8,22.7,34.9,17.7,1.2,23.7,3.0,41.7,10.1,10.0,3.3,35.9,3.4,4.4,17.3,2.3,16.0,15.6,15.2,12.3,5.5,2.8,6.9,3.9,1.0
2017-05-29 06:59:00+02:00,2.6,5.1,0.8,7.3,34.4,24.6,21.0,2.1,1.4,11.3,7.2,25.3,0.6,7.4,1.5,5.8,0.3,5.8,23.1,35.5,18.0,1.2,24.0,3.0,40.7,10.2,10.2,3.2,34.8,3.5,4.5,17.6,2.4,16.1,15.7,15.4,12.5,5.5,2.9,7.0,4.0,1.0
2017-05-29 07:00:00+02:00,2.5,5.2,0.8,7.3,36.0,24.6,21.0,2.2,1.4,11.3,7.3,25.4,0.6,7.5,1.6,5.7,0.3,5.9,23.2,35.6,18.1,1.3,24.1,2.9,42.3,10.2,10.2,3.2,36.5,3.5,4.5,17.7,2.4,16.0,15.6,15.2,12.3,5.5,2.8,6.9,3.9,1.0
2017-05-29 07:01:00+02:00,2.6,5.2,0.8,7.4,36.2,24.9,21.2,2.2,1.4,11.4,7.1,25.6,0.7,7.6,1.4,5.8,0.3,6.0,23.4,35.7,18.3,1.0,24.4,3.0,42.6,10.0,10.3,3.2,36.7,3.6,4.3,17.9,2.4,16.0,15.6,15.2,12.3,5.5,2.8,6.8,3.9,0.9
2017-05-29 07:02:00+02:00,2.6,5.2,0.9,7.4,36.4,25.1,21.4,2.3,1.4,11.5,7.0,25.8,0.7,7.7,1.4,5.8,0.3,6.0,23.5,35.9,18.4,1.1,24.5,3.0,42.8,10.0,10.3,3.2,36.9,3.7,4.3,18.0,2.5,16.2,15.8,15.4,12.5,5.6,2.8,6.9,3.9,1.0
2017-05-29 07:03:00+02:00,2.6,5.3,0.9,7.5,36.7,25.5,21.7,2.4,1.4,11.4,6.9,26.2,0.8,7.8,1.4,5.7,0.4,6.2,23.9,36.1,18.7,1.0,24.9,3.0,43.1,9.9,10.5,3.1,37.2,3.8,4.3,18.3,2.5,16.3,15.9,15.6,12.6,5.7,2.9,6.9,3.9,1.0
2017-05-29 07:04:00+02:00,2.6,5.5,0.9,7.7,37.7,26.0,22.1,2.5,1.5,11.6,7.3,26.8,0.8,8.1,1.5,5.9,0.4,6.4,24.3,37.1,19.2,1.2,25.4,3.0,44.0,10.3,10.7,3.2,38.1,3.9,4.5,18.7,2.6,16.4,16.0,15.7,12.7,5.7,2.9,7.0,3.9,1.0
2017-05-29 07:05:00+02:00,2.7,5.5,0.9,7.8,38.0,26.2,22.3,2.6,1.5,11.8,7.2,27.1,0.9,8.2,1.6,6.1,0.4,6.5,24.6,37.4,19.4,1.3,25.7,3.1,44.3,10.3,10.8,3.4,38.5,4.0,4.6,18.9,2.6,16.6,16.1,15.8,12.8,5.8,2.9,7.0,3.9,1.0
2017-05-29 07:06:00+02:00,2.7,5.5,0.9,7.7,38.0,26.2,22.3,2.6,1.5,11.9,7.3,27.0,0.9,8.2,1.6,6.2,0.4,6.5,24.6,37.4,19.3,1.3,25.7,3.2,44.4,10.3,10.7,3.5,38.5,4.0,4.6,18.9,2.7,16.6,16.2,15.8,12.8,5.8,2.9,7.0,4.0,1.0
2017-05-29 07:07:00+02:00,2.8,5.5,1.0,7.8,38.4,26.5,22.6,2.6,1.5,12.1,7.4,27.3,0.9,8.3,1.7,6.3,0.4,6.6,24.9,37.7,19.6,1.3,26.0,3.2,44.8,10.4,10.8,3.6,38.9,4.1,4.7,19.1,2.7,16.8,16.4,16.0,12.9,5.8,3.0,7.1,4.0,1.1
2017-05-29 07:08:00+02:00,2.7,5.6,1.0,7.9,38.9,26.9,22.9,2.7,1.6,12.1,7.4,27.7,1.0,8.5,1.7,6.3,0.4,6.7,25.2,38.2,19.8,1.4,26.4,3.2,45.5,10.5,10.9,3.6,39.6,4.2,4.7,19.4,2.7,16.9,16.4,16.1,13.0,5.9,3.0,7.1,4.0,1.0
2017-05-29 07:09:00+02:00,2.8,5.7,1.0,8.0,39.6,27.4,23.2,2.7,1.6,12.3,7.5,28.3,1.0,8.6,1.8,6.4,0.5,6.9,25.6,38.9,20.2,1.4,26.8,3.3,46.2,10.7,11.1,3.7,40.3,4.3,4.8,19.7,2.8,17.1,16.7,16.3,13.1,5.9,3.0,7.2,4.1,1.1
2017-05-29 07:10:00+02:00,2.9,5.8,1.0,8.1,40.3,27.8,23.5,2.8,1.6,12.6,7.7,28.7,1.0,8.8,1.8,6.6,0.5,7.0,25.9,39.6,20.4,1.4,27.1,3.4,46.8,10.9,11.1,3.8,41.0,4.4,4.8,19.9,2.8,17.2,16.8,16.4,13.2,6.0,3.1,7.2,4.1,1.2
2017-05-29 07:11:00+02:00,2.9,5.8,1.0,8.2,40.0,27.1,23.8,2.9,1.6,12.8,8.0,28.1,1.1,9.0,1.8,6.7,0.5,7.1,25.1,39.3,20.7,1.5,26.4,3.5,47.0,11.2,11.3,3.9,40.7,4.5,4.9,20.2,2.9,17.4,17.0,16.6,13.4,6.1,3.1,7.3,4.2,1.2
2017-05-29 07:12:00+02:00,2.9,5.9,1.1,8.3,40.6,27.6,24.0,2.9,1.7,12.7,8.1,28.6,1.1,9.0,1.8,6.7,0.5,7.2,25.7,39.8,20.8,1.5,27.0,3.4,47.5,11.3,11.3,3.8,41.3,4.5,4.9,20.4,2.9,17.4,17.0,16.6,13.4,6.0,3.1,7.4,4.2,1.3
2017-05-29 07:13:00+02:00,2.9,5.9,1.1,8.3,41.1,28.2,24.0,2.9,1.7,12.7,8.1,29.1,1.1,9.1,1.8,6.6,0.5,7.2,26.3,40.4,20.9,1.5,27.6,3.4,48.1,11.3,11.4,3.8,41.9,4.5,4.9,20.4,2.9,17.3,16.9,16.6,13.3,6.0,3.1,7.4,4.2,1.3
2017-05-29 07:14:00+02:00,2.8,5.8,1.1,8.2,40.3,27.8,23.6,2.8,1.6,12.4,7.9,28.7,1.1,8.9,1.8,6.5,0.5,7.1,26.0,39.6,20.6,1.4,27.2,3.3,47.2,11.0,11.2,3.7,41.1,4.5,4.8,20.1,2.9,17.1,16.7,16.3,13.2,5.8,3.0,7.4,4.3,1.3
2017-05-29 07:15:00+02:00,2.7,5.5,1.0,7.8,38.1,26.2,22.3,2.7,1.5,11.7,7.5,27.0,1.0,8.4,1.8,6.2,0.5,6.7,24.5,37.4,19.4,1.4,25.7,3.2,44.6,10.4,10.6,3.6,38.9,4.2,4.7,19.0,2.8,16.2,15.8,15.4,12.5,5.5,2.8,7.0,4.1,1.1
2017-05-29 07:16:00+02:00,2.7,5.4,1.0,7.6,37.9,26.0,22.1,2.7,1.5,10.6,7.4,26.9,1.1,8.4,1.7,5.2,0.5,6.7,24.3,37.2,19.3,1.4,25.5,3.2,44.3,10.3,10.4,2.6,38.6,4.2,4.6,18.8,2.7,15.9,15.5,15.2,12.2,5.4,2.8,6.8,3.9,1.0
2017-05-29 07:17:00+02:00,2.6,5.2,1.0,7.4,36.8,25.2,21.5,2.7,1.4,10.2,7.2,26.1,1.1,8.2,1.7,5.1,0.5,6.5,23.5,36.1,18.7,1.4,24.7,2.9,42.9,10.0,10.1,2.6,37.5,4.1,4.5,18.3,2.6,15.3,14.9,14.6,11.8,5.2,2.7,6.6,3.8,1.0
2017-05-29 07:18:00+02:00,2.5,5.2,1.0,7.3,36.3,24.8,21.2,2.6,1.4,10.7,7.1,25.8,1.1,8.0,1.7,5.7,0.5,6.4,23.2,35.7,18.5,1.3,24.3,2.8,42.3,9.9,10.0,3.2,37.0,4.1,4.4,18.1,2.6,15.3,14.9,14.6,11.8,5.2,2.7,6.6,3.8,1.1
2017-05-29 07:19:00+02:00,2.7,5.4,1.0,7.6,38.1,26.2,22.3,2.8,1.5,11.4,7.4,27.2,1.1,8.5,1.7,6.0,0.5,6.7,24.4,37.4,19.4,1.4,25.7,3.0,44.2,10.3,10.5,3.3,38.8,4.4,4.6,19.0,2.8,16.1,15.7,15.4,12.4,5.5,2.8,7.0,4.1,1.2
2017-05-29 07:20:00+02:00,2.8,5.6,1.1,7.9,39.3,27.1,23.0,2.9,1.6,11.9,7.5,28.0,1.1,8.9,1.8,6.1,0.5,7.0,25.2,38.5,20.1,1.4,26.5,3.1,45.6,10.5,10.9,3.4,40.0,4.5,4.7,19.7,2.9,16.5,16.2,15.9,12.8,5.6,2.9,7.2,4.2,1.2
2017-05-29 07:21:00+02:00,2.5,5.1,1.0,7.5,36.3,25.1,21.4,2.7,1.4,10.9,6.9,26.0,1.1,8.1,1.7,5.6,0.5,6.4,23.4,35.7,18.7,1.3,24.6,2.8,42.1,9.6,10.2,3.1,37.0,4.2,4.4,18.4,2.6,15.1,14.8,14.5,11.7,5.1,2.7,6.6,3.9,1.1
2017-05-29 07:22:00+02:00,2.4,4.8,0.9,7.0,34.1,23.5,19.9,2.6,1.3,10.2,6.5,24.3,1.1,7.5,1.6,5.3,0.5,6.0,21.9,33.4,17.5,1.2,23.0,2.7,39.5,9.1,9.6,3.0,34.7,3.9,4.1,17.1,2.5,14.3,13.9,13.6,11.0,4.8,2.5,6.2,3.6,1.0
2017-05-29 07:23:00+02:00,2.3,4.7,0.9,6.8,32.9,22.7,19.2,2.5,1.3,9.8,6.3,23.5,1.0,7.2,1.6,5.0,0.5,5.8,21.2,32.3,16.9,1.3,22.2,2.5,38.2,8.8,9.3,2.8,33.5,3.7,4.0,16.5,2.4,13.8,13.4,13.1,10.6,4.6,2.4,6.0,3.5,1.0
2017-05-29 07:24:00+02:00,2.6,5.3,1.0,7.8,37.3,25.8,21.8,2.8,1.5,11.0,7.1,26.8,1.1,8.2,1.8,5.6,0.5,6.6,24.0,36.6,19.1,1.4,25.3,2.9,43.4,9.9,10.5,3.1,38.0,4.3,4.5,18.8,2.7,15.4,15.1,14.7,11.9,5.2,2.7,6.8,4.0,1.2
2017-05-29 07:25:00+02:00,2.6,5.5,1.1,8.0,38.5,26.7,22.5,2.9,1.5,11.2,7.3,27.6,1.2,8.5,1.8,5.8,0.5,6.8,24.8,37.8,19.7,1.4,26.1,2.9,44.7,10.1,10.8,3.2,39.2,4.4,4.6,19.3,2.9,15.8,15.4,15.1,12.2,5.3,2.7,7.0,4.1,1.2
2017-05-29 07:26:00+02:00,2.6,5.5,1.1,8.0,38.6,26.7,22.5,2.9,1.6,11.1,7.3,27.7,1.1,8.5,1.8,5.7,0.5,6.8,24.9,37.9,19.7,1.5,26.1,2.9,44.9,10.2,10.9,3.1,39.4,4.4,4.6,19.3,2.9,15.8,15.5,15.2,12.3,5.3,2.7,7.0,4.1,1.2
2017-05-29 07:27:00+02:00,2.6,5.6,1.1,8.1,39.1,26.9,22.6,2.6,1.6,11.4,7.4,27.9,0.8,8.3,1.9,5.9,0.5,6.5,25.0,38.3,19.7,1.5,26.3,2.9,45.4,10.3,11.0,3.2,39.8,4.1,4.7,19.4,2.9,16.1,15.8,15.4,12.5,5.4,2.8,7.1,4.2,1.2
2017-05-29 07:28:00+02:00,2.6,5.4,1.1,7.8,38.2,26.4,22.2,2.9,1.5,11.0,7.2,27.4,1.2,8.5,1.9,5.7,0.5,6.7,24.5,37.4,19.5,1.5,25.8,2.9,44.3,10.0,10.6,3.2,38.9,4.3,4.6,19.1,2.8,15.6,15.2,14.9,12.1,5.3,2.7,6.8,4.1,1.2
2017-05-29 07:29:00+02:00,2.9,6.0,1.2,8.7,42.5,29.5,24.8,3.2,1.7,12.4,7.9,30.6,1.2,9.5,2.0,6.4,0.6,7.5,27.3,41.6,21.7,1.6,28.8,3.3,49.3,11.1,11.9,3.6,43.3,4.9,5.0,21.3,3.2,17.2,16.9,16.6,13.5,5.8,3.0,7.7,4.5,1.4
2017-05-29 07:30:00+02:00,3.0,6.1,1.2,8.8,42.6,29.4,24.7,2.8,1.8,12.5,8.0,30.6,0.9,9.3,2.0,6.5,0.6,7.2,27.3,41.8,21.6,1.6,28.8,3.3,49.5,11.2,12.0,3.6,43.4,4.6,5.0,21.3,3.2,17.4,17.1,16.8,13.7,5.9,3.0,7.7,4.6,1.4
2017-05-29 07:31:00+02:00,3.0,6.3,1.3,9.1,44.4,30.7,25.9,3.3,1.9,11.6,8.3,31.9,1.2,10.0,2.1,5.5,0.6,7.8,28.6,43.5,22.6,1.7,30.0,2.3,51.5,11.6,12.4,2.5,45.3,5.1,5.3,22.3,3.4,18.0,17.7,17.4,14.1,6.1,3.1,8.0,4.8,1.5
2017-05-29 07:32:00+02:00,3.0,6.3,1.3,9.1,44.5,30.8,25.9,3.3,1.9,12.9,8.3,31.9,1.3,10.0,2.1,6.8,0.6,7.8,28.6,43.5,22.7,1.7,30.1,3.5,51.5,11.6,12.4,3.8,45.3,5.1,5.3,22.4,3.4,17.8,17.5,17.3,14.0,6.1,3.1,7.8,4.6,1.5
2017-05-29 07:33:00+02:00,2.9,6.0,1.2,8.7,42.1,29.2,24.6,3.1,1.8,12.3,7.9,30.2,1.2,9.4,2.0,6.5,0.5,7.4,27.1,41.3,21.5,1.7,28.5,3.4,48.9,11.0,11.7,3.6,43.0,4.8,5.0,21.2,3.2,16.9,16.6,16.4,13.2,5.8,3.0,7.4,4.4,1.4
2017-05-29 07:34:00+02:00,2.8,5.8,1.2,8.5,41.1,28.5,24.0,3.1,1.8,12.1,7.6,29.6,1.2,9.3,2.0,6.4,0.5,7.3,26.5,40.3,21.1,1.6,27.9,3.3,47.7,10.7,11.4,3.6,42.0,4.8,4.8,20.7,3.2,16.4,16.2,15.9,12.8,5.7,2.9,7.2,4.2,1.4
2017-05-29 07:35:00+02:00,2.8,5.7,1.2,8.3,39.9,27.4,23.7,3.2,1.7,11.9,7.5,28.5,1.3,9.2,2.0,6.2,0.6,7.3,25.5,39.0,20.7,1.6,26.8,3.3,46.4,10.5,11.2,3.5,40.7,4.8,4.8,20.4,3.1,16.1,15.8,15.6,12.6,5.6,2.8,7.0,4.1,1.4
2017-05-29 07:36:00+02:00,2.7,5.5,1.2,8.0,38.6,26.3,23.0,3.1,1.7,11.6,7.3,27.4,1.3,9.0,2.0,6.1,0.6,7.1,24.4,37.7,20.2,1.6,25.7,3.2,44.8,10.3,10.9,3.5,39.4,4.7,4.7,19.9,3.0,15.7,15.4,15.1,12.2,5.4,2.7,6.8,4.0,1.3
2017-05-29 07:37:00+02:00,2.8,5.7,1.2,8.3,40.6,28.1,23.7,3.2,1.7,11.9,7.5,29.2,1.3,9.2,2.1,6.2,0.6,7.3,26.1,39.7,20.8,1.7,27.4,3.3,47.1,10.5,11.2,3.5,41.5,4.8,4.8,20.4,3.1,16.1,15.8,15.5,12.5,5.5,2.8,7.0,4.1,1.4
2017-05-29 07:38:00+02:00,3.0,6.4,1.3,9.2,44.6,31.1,26.2,3.6,1.9,13.0,8.0,32.4,1.5,10.2,2.3,6.8,0.7,8.1,28.8,43.6,23.0,1.8,30.4,3.6,51.7,11.2,12.4,3.8,45.6,5.4,5.1,22.6,3.5,17.7,17.3,17.0,13.8,6.0,3.1,7.7,4.6,1.5
2017-05-29 07:39:00+02:00,3.2,6.7,1.4,9.7,47.4,32.9,27.7,3.8,2.1,13.8,8.6,34.3,1.6,10.9,2.4,7.2,0.7,8.6,30.5,46.3,24.3,2.0,32.1,3.9,54.8,12.0,13.1,4.1,48.4,5.7,5.5,24.0,3.7,18.8,18.5,18.2,14.7,6.4,3.2,8.3,5.0,1.7
2017-05-29 07:40:00+02:00,3.1,6.8,1.5,9.8,48.2,33.5,28.1,3.8,2.1,13.9,8.7,34.9,1.6,11.1,2.5,7.2,0.7,8.7,30.9,47.1,24.7,2.0,32.6,3.8,55.7,12.2,13.3,4.1,49.2,5.8,5.6,24.3,3.8,19.0,18.7,18.4,14.9,6.5,3.3,8.5,5.1,1.7
2017-05-29 07:41:00+02:00,3.1,6.9,1.5,10.0,48.9,33.9,28.4,3.9,2.1,13.9,8.9,35.4,1.6,11.2,2.5,7.2,0.7,8.8,31.3,47.7,25.0,2.1,33.0,3.8,56.4,12.4,13.4,4.0,49.9,5.9,5.7,24.6,3.8,19.2,18.8,18.6,15.1,6.5,3.3,8.5,5.1,1.7
2017-05-29 07:42:00+02:00,3.1,6.9,1.5,10.0,49.2,34.2,28.5,3.9,2.1,14.0,8.9,35.7,1.7,11.3,2.6,7.3,0.7,8.9,31.4,48.1,25.1,2.1,33.1,3.8,56.8,12.4,13.4,4.1,50.2,6.0,5.7,24.7,3.8,19.2,18.8,18.5,15.0,6.4,3.3,8.6,5.2,1.7
2017-05-29 07:43:00+02:00,3.1,6.9,1.5,9.9,49.4,34.3,28.6,3.9,2.1,14.0,9.0,35.8,1.7,11.4,2.6,7.3,0.7,9.0,31.5,48.3,25.1,2.1,33.2,3.8,57.0,12.5,13.4,4.1,50.5,6.0,5.7,24.8,3.8,19.2,18.8,18.5,14.9,6.4,3.3,8.6,5.2,1.7
2017-05-29 07:44:00+02:00,3.0,6.9,1.5,10.0,49.7,34.5,28.7,4.0,2.1,13.9,9.0,36.0,1.8,11.5,2.6,7.2,0.8,9.1,31.6,48.5,25.3,2.1,33.4,3.8,57.3,12.5,13.4,4.0,50.7,6.1,5.8,24.9,3.8,19.2,18.8,18.5,15.0,6.4,3.3,8.6,5.2,1.7
2017-05-29 07:45:00+02:00,3.0,6.9,1.6,10.0,50.1,34.7,29.0,4.0,2.1,14.0,9.1,36.3,1.8,11.6,2.7,7.3,0.8,9.2,31.9,48.9,25.5,2.2,33.6,3.8,57.8,12.7,13.5,4.0,51.2,6.2,5.9,25.1,3.9,19.3,18.8,18.5,15.0,6.4,3.3,8.6,5.2,1.8
2017-05-29 07:46:00+02:00,3.1,7.0,1.6,10.1,50.7,35.2,29.2,4.1,2.2,14.1,9.2,36.7,1.8,11.7,2.8,7.3,0.8,9.3,32.2,49.5,25.7,2.2,34.0,3.9,58.4,12.7,13.6,4.1,51.8,6.2,5.9,25.3,3.9,19.4,19.0,18.7,15.1,6.4,3.3,8.7,5.3,1.8
2017-05-29 07:47:00+02:00,3.1,7.0,1.6,10.2,51.1,35.5,29.5,4.1,2.2,13.9,9.2,37.1,1.9,11.8,2.8,7.0,0.9,9.3,32.4,49.9,25.9,2.2,34.3,3.5,59.0,12.8,13.7,3.8,52.3,6.3,5.9,25.5,3.9,19.5,19.1,18.8,15.2,6.4,3.4,8.8,5.3,1.9
2017-05-29 07:48:00+02:00,3.1,7.1,1.6,10.3,51.9,36.1,29.9,4.2,2.2,14.1,9.4,37.6,2.0,12.1,2.9,7.1,0.9,9.6,33.0,50.6,26.4,2.3,34.8,3.6,59.9,13.0,13.9,3.8,53.1,6.5,6.0,25.9,4.0,19.7,19.3,19.0,15.3,6.5,3.4,8.8,5.4,1.9
2017-05-29 07:49:00+02:00,3.2,7.2,1.7,10.4,52.5,36.5,30.3,4.4,2.2,13.9,9.5,38.1,2.0,12.2,3.0,7.0,0.9,9.7,33.4,51.2,26.7,2.3,35.3,3.7,60.6,13.1,14.0,3.9,53.8,6.6,6.1,26.2,4.0,19.9,19.4,19.1,15.5,6.6,3.4,8.9,5.4,1.9
2017-05-29 07:50:00+02:00,3.2,7.2,1.7,10.5,52.9,36.7,30.5,4.4,2.3,13.8,9.6,38.4,2.0,12.4,3.0,6.7,1.0,9.9,33.6,51.6,26.9,2.4,35.5,3.8,60.9,13.2,14.1,4.0,54.2,6.7,6.2,26.4,4.1,19.9,19.5,19.2,15.6,6.6,3.4,9.0,5.5,1.9
2017-05-29 07:51:00+02:00,3.2,7.3,1.7,10.5,53.1,36.8,30.5,4.4,2.3,13.5,9.7,38.5,2.0,12.4,3.1,6.4,0.9,9.8,33.6,51.8,26.9,2.4,35.5,3.9,61.2,13.3,14.1,4.1,54.4,6.7,6.3,26.4,4.1,20.1,19.6,19.3,15.7,6.6,3.4,9.0,5.5,2.0
2017-05-29 07:52:00+02:00,3.2,7.2,1.7,10.4,53.0,36.7,30.3,4.4,2.3,13.5,9.8,38.3,1.9,12.3,3.1,6.5,0.8,9.8,33.4,51.7,26.8,2.4,35.4,3.9,61.1,13.4,14.0,4.1,54.3,6.6,6.3,26.3,4.1,20.1,19.6,19.2,15.6,6.6,3.4,9.0,5.5,2.0
2017-05-29 07:53:00+02:00,3.1,7.1,1.7,10.3,52.6,36.3,30.0,4.3,2.2,13.7,9.8,37.9,1.9,12.1,3.0,6.7,0.8,9.7,33.0,51.3,26.4,2.4,35.0,3.9,60.6,13.4,13.8,4.1,53.9,6.5,6.4,26.0,4.0,19.9,19.4,19.1,15.5,6.5,3.4,9.0,5.5,2.0
2017-05-29 07:54:00+02:00,3.1,7.0,1.7,10.2,52.5,36.1,29.8,4.3,2.2,13.7,9.8,37.8,2.0,12.1,3.1,6.7,0.9,9.7,32.9,51.1,26.3,2.4,34.8,3.9,60.5,13.4,13.7,4.1,53.8,6.5,6.4,25.8,3.9,19.8,19.3,18.9,15.4,6.5,3.3,8.9,5.4,1.9
2017-05-29 07:55:00+02:00,2.7,6.9,1.7,9.9,51.2,35.2,29.1,4.2,2.1,13.0,9.6,36.8,1.9,11.8,3.0,6.2,0.8,9.4,32.1,49.9,25.6,2.4,33.9,3.4,59.0,13.1,13.4,3.7,52.4,6.4,6.3,25.2,3.8,19.2,18.6,18.3,14.9,6.3,3.3,8.6,5.2,1.8
2017-05-29 07:56:00+02:00,2.7,7.4,1.8,10.6,53.9,37.2,30.7,4.5,2.3,13.5,10.1,38.9,2.1,12.5,3.2,6.4,0.9,10.0,33.9,52.5,27.1,2.5,35.8,3.5,62.1,13.7,14.2,3.7,55.3,6.8,6.6,26.6,4.2,20.0,19.5,19.2,15.6,6.6,3.4,9.0,5.5,2.0
2017-05-29 07:57:00+02:00,3.2,7.7,1.8,11.1,56.3,38.8,32.0,4.8,2.4,14.4,10.5,40.6,2.3,13.1,3.4,7.1,1.0,10.5,35.3,54.8,28.3,2.6,37.4,4.0,64.7,14.2,14.8,4.3,57.7,7.1,6.9,27.8,4.4,20.7,20.2,19.9,16.2,6.8,3.5,9.4,5.7,2.0
2017-05-29 07:58:00+02:00,3.2,7.7,1.8,11.1,56.3,38.9,32.1,4.9,2.4,13.6,10.5,40.7,2.4,13.2,3.4,6.4,1.1,10.6,35.3,54.9,28.4,2.6,37.5,4.0,64.7,14.2,14.7,4.3,57.7,7.3,6.9,28.0,4.4,20.6,20.0,19.7,16.0,6.7,3.5,9.3,5.6,2.0
2017-05-29 07:59:00+02:00,3.0,7.7,1.8,11.0,56.1,38.8,31.9,4.9,2.3,13.0,10.4,40.6,2.4,13.2,3.4,5.8,1.1,10.6,35.2,54.6,28.2,2.7,37.3,3.8,64.5,14.1,14.6,4.1,57.5,7.3,6.9,27.9,4.4,20.4,19.8,19.5,15.8,6.6,3.5,9.2,5.6,2.0
2017-05-29 08:00:00+02:00,3.0,7.4,1.8,10.6,54.3,37.5,30.9,4.8,2.3,12.7,10.1,39.2,2.3,12.8,3.3,5.8,1.1,10.2,34.0,52.9,27.3,2.6,36.1,3.8,62.4,13.7,14.1,4.1,55.7,7.1,6.7,26.9,4.2,19.7,19.1,18.8,15.3,6.4,3.3,8.9,5.4,1.9
2017-05-29 08:01:00+02:00,2.9,7.4,1.8,10.6,54.2,37.4,30.8,4.8,2.3,12.4,10.1,39.1,2.3,12.8,3.3,5.5,1.1,10.2,33.9,52.7,27.3,2.6,36.0,3.6,62.3,13.6,14.1,3.9,55.6,7.1,6.7,26.9,4.3,19.6,19.1,18.8,15.2,6.4,3.3,8.9,5.4,2.0
2017-05-29 08:02:00+02:00,2.9,7.4,1.8,10.6,54.5,37.6,30.9,4.8,2.2,12.9,10.2,39.4,2.4,12.9,3.3,6.0,1.1,10.3,34.1,53.1,27.5,2.6,36.2,3.9,62.3,13.7,14.2,4.2,55.5,7.1,6.7,27.1,4.2,19.7,19.2,18.9,15.3,6.4,3.3,8.9,5.5,2.0
2017-05-29 08:03:00+02:00,3.0,7.5,1.8,10.7,54.9,37.8,31.1,4.9,2.2,13.6,10.3,39.6,2.4,13.0,3.4,6.7,1.1,10.4,34.3,53.4,27.6,2.6,36.4,3.8,62.0,13.8,14.2,4.0,55.1,7.2,6.8,27.2,4.3,19.9,19.3,19.0,15.4,6.4,3.3,9.0,5.5,2.0
2017-05-29 08:04:00+02:00,2.6,6.8,1.7,9.8,51.0,35.1,28.8,4.6,2.0,12.8,9.6,36.7,2.3,12.1,3.2,6.4,1.0,9.8,31.8,49.7,25.6,2.5,33.8,3.4,57.6,12.9,13.1,3.7,51.1,6.7,6.4,25.2,3.9,18.6,18.0,17.7,14.3,5.9,3.1,8.4,5.1,1.8
2017-05-29 08:05:00+02:00,2.9,7.5,1.8,10.7,55.1,38.0,31.3,5.0,2.2,14.2,10.4,39.8,2.5,13.2,3.5,7.3,1.1,10.6,34.5,53.7,27.8,2.7,36.6,3.9,62.3,13.9,14.2,4.1,55.4,7.3,6.9,27.4,4.3,19.9,19.3,19.0,15.4,6.4,3.3,9.0,5.5,2.0
2017-05-29 08:06:00+02:00,3.0,7.5,1.8,10.7,55.1,38.0,31.3,5.0,2.2,14.3,10.4,39.8,2.5,13.1,3.5,7.4,1.1,10.6,34.5,53.7,27.8,2.7,36.6,4.0,62.2,13.9,14.2,4.3,55.4,7.3,6.9,27.4,4.3,20.0,19.3,19.0,15.4,6.4,3.3,9.0,5.5,2.0
2017-05-29 08:07:00+02:00,2.9,7.6,1.9,10.9,56.3,38.8,31.9,5.2,2.3,13.4,10.6,40.6,2.6,13.3,3.6,6.4,1.2,10.8,35.2,54.8,28.3,2.8,37.3,3.8,63.5,14.2,14.5,4.1,56.6,7.5,7.1,27.8,4.4,20.4,19.7,19.3,15.7,6.5,3.4,9.2,5.7,2.1
2017-05-29 08:08:00+02:00,3.0,7.5,1.8,10.8,56.0,38.5,31.7,5.2,2.3,13.6,10.7,40.3,2.6,13.2,3.7,6.6,1.2,10.8,35.0,54.6,28.2,2.8,37.1,3.9,63.3,14.2,14.4,4.2,56.4,7.5,7.2,27.7,4.3,20.4,19.7,19.3,15.7,6.5,3.4,9.2,5.6,2.1
2017-05-29 08:09:00+02:00,3.2,8.2,2.0,11.7,60.2,41.2,33.8,5.6,2.5,15.8,11.5,43.2,2.9,13.8,4.0,8.1,1.3,11.8,37.4,58.5,30.0,3.0,39.6,4.3,68.1,15.3,15.6,4.7,60.7,8.2,7.8,29.4,4.7,21.6,21.1,20.7,16.9,7.0,3.7,9.9,6.1,2.3
2017-05-29 08:10:00+02:00,3.5,8.7,2.2,12.4,63.3,43.3,35.5,6.0,2.6,16.8,12.2,45.4,3.1,14.3,4.3,8.7,1.4,12.4,39.2,61.6,31.5,3.2,41.6,4.7,72.2,16.1,16.4,5.1,64.5,8.7,8.2,30.8,5.0,22.7,22.2,21.7,17.8,7.4,3.9,10.5,6.5,2.4
2017-05-29 08:11:00+02:00,3.9,8.9,2.2,12.6,65.4,45.1,37.1,6.1,2.7,17.4,12.4,47.2,3.1,15.6,4.4,9.3,1.4,12.7,40.9,63.7,33.0,3.3,43.3,5.1,74.8,16.4,16.7,5.6,67.1,8.9,8.4,32.3,5.1,23.1,22.6,22.0,18.1,7.5,3.9,10.6,6.6,2.5
2017-05-29 08:12:00+02:00,3.6,8.2,2.0,11.7,60.0,41.2,33.8,5.6,2.5,16.2,11.5,43.1,2.9,13.7,4.1,8.7,1.4,11.7,37.3,58.4,30.0,3.1,39.6,4.8,68.7,15.3,15.6,5.2,61.5,8.2,7.8,29.3,4.7,21.6,21.1,20.5,16.9,7.0,3.6,9.9,6.1,2.3
2017-05-29 08:13:00+02:00,3.9,9.0,2.2,12.8,66.1,45.7,37.6,6.2,2.7,17.1,12.5,47.8,3.2,15.8,4.5,9.0,1.5,12.9,41.4,64.4,33.5,3.4,43.9,5.2,75.5,16.6,16.9,5.7,67.8,9.0,8.5,32.7,5.2,23.3,22.7,22.2,18.2,7.5,3.9,10.7,6.6,2.5
2017-05-29 08:14:00+02:00,3.9,8.9,2.2,12.8,65.8,45.5,37.5,6.2,2.7,17.5,12.4,47.6,3.2,15.7,4.5,9.3,1.5,12.9,41.3,64.1,33.5,3.3,43.8,5.2,75.1,16.5,16.9,5.7,67.5,9.0,8.5,32.6,5.2,23.1,22.6,22.0,18.1,7.5,3.9,10.6,6.6,2.5
2017-05-29 08:15:00+02:00,3.8,8.6,2.1,12.2,63.0,43.5,36.0,5.9,2.6,16.8,11.9,45.6,3.1,15.0,4.2,9.0,1.4,12.3,39.6,61.4,32.1,3.2,42.0,5.0,71.9,15.8,16.2,5.5,64.6,8.6,8.1,31.2,4.9,22.4,21.7,21.2,17.4,7.2,3.7,10.2,6.3,2.4
2017-05-29 08:16:00+02:00,3.2,7.5,1.8,10.8,55.4,38.4,31.8,5.2,2.2,14.8,10.3,40.2,2.8,13.1,3.5,7.9,1.3,10.8,35.0,54.0,28.3,2.6,37.1,4.2,63.3,13.8,14.3,4.8,56.8,7.5,6.9,27.4,4.2,20.0,19.4,18.8,15.5,6.4,3.3,9.1,5.6,2.1
2017-05-29 08:17:00+02:00,3.7,8.4,2.1,12.0,61.9,43.0,35.5,5.9,2.6,16.8,11.5,45.0,3.2,14.8,4.0,9.2,1.4,12.2,39.1,60.3,31.6,2.9,41.4,5.1,70.8,15.3,15.9,5.7,63.5,8.5,7.7,30.7,4.8,22.2,21.5,20.9,17.2,7.1,3.7,10.1,6.2,2.4
2017-05-29 08:18:00+02:00,4.0,9.1,2.3,13.0,67.1,46.5,38.3,6.4,2.8,18.0,12.4,48.7,3.4,16.0,4.4,9.9,1.6,13.2,42.1,65.2,34.1,3.2,44.7,5.6,76.7,16.5,17.1,6.2,68.9,9.3,8.4,33.2,5.3,23.4,22.7,22.1,18.1,7.6,3.9,10.5,6.4,2.3
2017-05-29 08:19:00+02:00,3.8,9.1,2.3,12.9,66.4,46.0,37.8,6.4,2.8,17.8,12.3,48.1,3.4,15.9,4.4,9.8,1.5,13.1,41.6,64.5,33.8,3.2,44.2,5.4,75.9,16.4,16.9,6.0,68.2,9.2,8.3,32.9,5.3,22.4,21.6,21.0,17.1,7.4,3.8,9.7,5.7,1.6
2017-05-29 08:20:00+02:00,2.4,8.0,2.0,11.4,59.3,40.9,33.7,5.6,2.5,15.1,11.0,42.9,2.9,14.1,3.9,7.9,1.4,11.6,37.1,57.6,30.0,2.8,39.4,3.8,67.8,14.7,15.1,4.4,60.9,8.1,7.4,29.2,4.6,20.0,19.2,18.6,15.1,6.6,3.4,8.5,4.9,1.3
2017-05-29 08:21:00+02:00,2.5,8.3,2.1,11.5,61.0,42.0,34.4,5.8,2.6,15.6,11.4,44.1,3.1,14.5,4.1,8.1,1.4,11.9,38.0,59.2,30.7,2.9,40.3,4.0,69.7,15.2,15.3,4.5,62.7,8.4,7.7,29.8,4.8,20.7,19.8,19.2,15.7,6.9,3.6,8.8,5.1,1.4
2017-05-29 08:22:00+02:00,2.3,7.2,2.0,10.1,55.6,38.0,31.0,5.3,2.3,14.5,10.6,39.9,2.8,13.0,3.8,7.5,1.3,11.0,34.3,54.0,27.5,2.7,36.4,3.6,63.8,14.1,13.7,4.2,57.1,7.6,7.2,26.6,4.4,20.0,19.1,18.5,15.2,6.4,3.3,8.8,5.3,1.9
2017-05-29 08:23:00+02:00,2.1,7.1,1.9,9.9,53.5,36.5,29.8,5.1,2.2,13.9,10.3,38.3,2.7,12.3,3.6,7.2,1.3,10.5,32.9,51.9,26.4,2.6,35.0,3.4,61.3,13.7,13.3,4.0,54.9,7.3,7.0,25.5,4.2,19.1,18.2,17.6,14.4,6.1,3.2,8.3,5.0,1.7
2017-05-29 08:24:00+02:00,2.9,9.1,2.4,12.6,66.6,45.6,37.4,6.5,2.8,17.1,12.6,47.9,3.5,15.6,4.6,9.0,1.7,13.2,41.1,64.6,33.3,3.3,43.7,4.5,76.2,16.7,16.7,5.1,68.5,9.3,8.7,32.3,5.3,22.8,22.0,21.3,17.5,7.5,3.9,10.0,6.1,2.0
2017-05-29 08:25:00+02:00,2.8,9.3,2.4,12.9,67.8,46.5,38.1,6.7,2.9,17.2,12.8,48.8,3.6,16.0,4.7,9.0,1.7,13.5,41.9,65.7,34.0,3.4,44.5,4.4,77.5,16.9,17.0,5.0,69.7,9.5,8.8,33.0,5.4,23.4,22.5,21.8,17.9,7.6,3.9,10.4,6.3,2.3
2017-05-29 08:26:00+02:00,3.7,9.2,2.4,12.6,66.5,45.7,37.5,6.6,2.8,17.9,12.4,48.0,3.6,15.7,4.7,9.9,1.7,13.2,41.2,64.5,33.4,3.4,43.8,5.3,76.1,16.4,16.7,5.9,68.4,9.3,8.7,32.4,5.4,23.1,22.2,21.4,17.6,7.4,3.9,10.2,6.2,2.2
2017-05-29 08:27:00+02:00,3.7,9.1,2.4,12.7,67.2,46.0,37.6,6.7,2.8,18.0,12.8,48.3,3.6,15.8,4.7,9.9,1.7,13.3,41.3,65.2,33.6,3.4,43.9,5.3,77.0,16.9,16.8,5.9,69.1,9.4,8.8,32.5,5.3,23.0,22.0,21.2,17.4,7.3,3.9,10.1,6.1,2.1
2017-05-29 08:28:00+02:00,3.7,9.2,2.4,12.9,67.9,46.4,37.9,6.6,2.8,18.2,12.9,48.8,3.7,15.8,4.8,10.0,1.7,13.3,41.6,65.8,33.8,3.5,44.3,5.4,77.7,17.0,17.0,6.0,69.8,9.3,8.9,32.7,5.4,23.5,22.5,21.7,17.9,7.5,3.9,10.4,6.4,2.3
2017-05-29 08:29:00+02:00,3.7,9.3,2.4,12.9,68.3,46.8,38.3,6.8,2.8,18.3,13.0,49.1,3.7,16.1,4.9,10.1,1.8,13.6,42.1,66.2,34.3,3.5,44.7,5.4,78.3,17.2,17.0,6.0,70.3,9.6,9.0,33.1,5.4,23.8,22.7,21.9,18.1,7.9,4.0,10.2,6.1,2.1
2017-05-29 08:30:00+02:00,3.8,9.4,2.5,12.3,68.2,46.5,37.9,6.9,2.9,18.4,13.2,48.8,3.8,16.3,5.0,10.2,1.8,13.8,41.7,66.1,33.8,3.6,44.4,5.5,78.2,17.4,16.4,6.1,70.2,9.7,9.1,32.7,5.5,23.9,22.8,21.9,18.1,7.7,3.9,10.4,6.4,2.3
2017-05-29 08:31:00+02:00,3.8,9.4,2.5,11.5,67.8,46.0,37.3,7.0,2.9,18.4,13.2,48.2,3.9,16.4,5.0,10.3,1.8,13.9,41.2,65.6,33.2,3.5,43.8,5.5,77.9,17.4,15.6,6.2,69.8,9.8,9.1,32.0,5.6,24.3,23.2,22.3,18.4,7.7,3.9,10.6,6.6,2.5
2017-05-29 08:32:00+02:00,3.8,9.4,2.5,11.5,68.4,46.3,37.5,7.0,2.9,18.4,13.5,48.6,3.9,16.4,5.1,10.2,1.8,14.0,41.4,66.2,33.3,3.7,44.1,5.4,78.6,17.7,15.7,6.0,70.5,9.9,9.3,32.1,5.6,24.5,23.4,22.5,18.5,7.8,4.0,10.7,6.7,2.5
2017-05-29 08:33:00+02:00,3.8,9.5,2.5,11.5,68.7,46.5,37.6,7.1,3.0,18.4,13.6,48.8,3.9,16.5,5.2,10.2,1.9,14.1,41.5,66.5,33.5,3.7,44.3,5.3,78.9,17.8,15.7,6.0,70.8,10.0,9.4,32.2,5.6,24.7,23.5,22.6,18.7,7.9,4.0,10.8,6.7,2.6
2017-05-29 08:34:00+02:00,3.8,9.6,2.5,11.6,69.0,46.6,37.7,7.0,3.0,18.3,13.6,48.9,3.9,16.5,5.3,10.1,1.9,14.0,41.6,66.7,33.5,3.8,44.3,5.4,78.9,17.8,15.8,6.0,71.1,9.9,9.5,32.3,5.7,24.8,23.7,22.7,18.8,7.9,4.0,10.9,6.8,2.6
2017-05-29 08:35:00+02:00,3.8,9.7,2.5,11.7,68.7,46.2,37.3,6.4,3.0,18.4,13.7,48.6,3.3,15.9,5.4,10.2,1.9,13.4,41.2,66.5,33.1,3.9,43.9,5.4,78.9,17.9,15.9,6.0,70.9,9.3,9.6,31.8,5.7,24.9,23.8,22.8,18.9,8.0,4.0,11.0,6.8,2.7
2017-05-29 08:36:00+02:00,2.6,9.7,2.5,13.1,70.9,48.4,39.4,7.1,3.0,17.2,13.7,50.8,4.0,16.7,5.4,9.0,1.9,14.1,43.3,68.7,35.2,3.9,46.1,4.1,81.0,17.9,17.2,4.8,73.2,10.0,9.6,33.9,5.7,25.0,23.9,22.9,19.0,8.0,4.0,11.0,6.9,2.7
2017-05-29 08:37:00+02:00,3.6,9.8,2.6,12.5,71.2,48.5,39.5,7.1,3.0,18.2,13.7,51.0,4.0,17.4,5.4,10.0,1.9,14.2,43.4,68.9,35.3,3.8,46.2,5.2,81.5,17.9,16.6,5.8,73.4,10.1,9.6,34.0,5.7,25.1,24.0,23.0,19.1,8.0,4.1,11.0,6.9,2.7
2017-05-29 08:38:00+02:00,3.8,9.7,2.6,13.1,71.8,49.2,40.2,7.1,3.0,18.5,13.7,51.6,4.0,17.5,5.5,10.3,1.9,14.2,44.1,69.5,36.0,3.9,46.9,5.4,82.2,17.9,17.3,6.1,74.0,10.1,9.6,34.8,5.7,25.1,23.9,22.9,19.0,8.0,4.0,11.0,6.9,2.7
2017-05-29 08:39:00+02:00,3.8,9.7,2.6,13.7,72.2,49.7,40.6,7.1,3.0,17.8,13.7,52.1,4.0,17.4,5.5,10.4,1.9,14.2,44.6,69.9,36.5,3.9,47.4,5.4,82.5,17.8,17.8,6.2,74.4,10.1,9.6,35.2,5.7,25.0,23.8,22.8,18.9,7.9,4.0,10.9,6.8,2.7
2017-05-29 08:40:00+02:00,3.9,9.7,2.6,13.6,71.1,49.0,39.9,6.5,3.0,17.7,13.3,51.5,3.4,16.8,5.1,10.5,1.9,13.6,44.0,68.9,35.8,3.5,46.8,5.5,81.4,17.4,17.7,6.4,73.3,9.5,9.2,34.5,5.7,24.7,23.4,22.9,18.8,7.9,4.0,10.9,6.8,2.7
2017-05-29 08:41:00+02:00,3.9,9.6,2.6,13.6,70.7,49.3,40.2,7.2,3.0,17.6,12.6,51.8,4.1,17.2,4.4,10.5,1.9,14.0,44.3,68.4,36.1,2.8,47.1,5.6,81.0,16.7,17.7,6.4,72.9,10.0,8.6,34.9,5.7,24.3,23.0,22.7,18.7,7.9,4.0,10.8,6.7,2.6
2017-05-29 08:42:00+02:00,4.0,9.7,2.6,13.7,71.3,49.8,40.7,7.4,3.0,18.1,12.6,52.3,4.1,17.4,4.4,10.7,1.9,14.2,44.7,69.0,36.5,2.8,47.6,5.6,81.8,16.8,17.8,6.5,73.6,10.1,8.6,35.2,5.8,24.6,23.3,23.0,18.9,8.0,4.0,10.9,6.8,2.7
2017-05-29 08:43:00+02:00,2.5,9.6,2.6,13.6,70.6,49.3,40.2,7.3,3.0,16.9,12.5,51.7,4.1,17.2,4.4,9.1,1.9,14.0,44.3,68.3,36.1,2.8,47.1,4.1,80.9,16.6,17.7,5.0,72.8,9.9,8.5,34.8,5.7,24.6,23.3,22.7,18.7,7.9,4.0,10.8,6.7,2.6
2017-05-29 08:44:00+02:00,1.5,9.8,2.6,13.8,70.8,50.0,40.7,7.4,3.1,16.3,11.9,52.4,4.2,17.4,3.8,8.2,2.0,14.1,44.8,68.5,36.6,2.2,47.6,3.1,81.2,16.1,17.9,4.0,73.1,10.1,7.9,35.3,5.8,24.6,23.3,22.9,18.9,8.0,4.0,10.9,6.8,2.6
2017-05-29 08:45:00+02:00,2.6,9.9,2.6,13.6,70.8,50.0,40.8,7.4,3.1,17.4,11.7,52.5,4.2,17.5,3.6,9.3,2.0,14.3,44.8,68.4,36.6,1.9,47.7,4.2,81.2,15.9,17.8,5.1,73.1,10.2,7.7,35.3,5.9,24.5,23.1,22.9,18.8,7.9,3.9,10.9,6.8,2.7
2017-05-29 08:46:00+02:00,3.9,9.7,2.6,11.7,69.8,47.3,38.2,7.3,3.0,18.4,13.7,49.7,4.1,17.1,5.7,10.4,1.9,14.0,42.2,67.5,34.3,4.1,45.0,5.5,80.0,17.8,15.8,6.3,72.0,9.9,9.8,32.9,5.7,24.0,22.7,22.3,18.3,7.7,3.8,10.7,6.7,2.6
2017-05-29 08:47:00+02:00,3.5,8.7,2.3,10.0,62.4,41.9,33.8,6.5,2.7,16.8,12.6,44.1,3.6,15.3,5.2,9.4,1.7,12.5,37.4,60.4,30.2,3.8,39.9,5.1,71.7,16.3,13.7,5.7,64.4,8.8,9.0,29.0,5.2,21.9,20.7,20.2,16.6,7.0,3.5,9.7,6.0,2.4
2017-05-29 08:48:00+02:00,3.3,8.1,2.1,9.1,57.5,38.5,30.9,5.7,2.5,15.5,11.7,40.4,3.1,13.9,4.9,8.7,1.4,11.3,34.3,55.6,27.6,3.5,36.5,4.7,66.2,15.2,12.6,5.3,59.4,7.9,8.4,26.4,4.7,20.1,19.0,18.8,15.4,6.4,3.3,8.9,5.6,2.2
2017-05-29 08:49:00+02:00,3.8,9.4,2.5,11.2,67.6,45.4,36.6,6.7,2.9,17.7,13.6,47.8,3.8,16.3,5.7,9.9,1.6,13.2,40.5,65.4,32.8,4.2,43.1,5.5,77.7,17.6,15.2,6.2,69.8,9.3,9.7,31.5,5.6,23.3,21.9,21.7,17.8,7.5,3.8,10.3,6.5,2.6
2017-05-29 08:50:00+02:00,3.9,10.1,2.7,12.1,72.1,48.5,39.2,7.3,3.1,18.5,14.4,51.1,4.1,17.5,6.1,10.2,1.8,14.2,43.3,69.7,35.1,4.4,46.1,5.8,82.7,18.6,16.2,6.5,74.4,10.1,10.3,33.7,6.0,25.0,23.6,23.0,18.9,8.0,4.0,11.0,6.9,2.8
2017-05-29 08:51:00+02:00,3.5,10.1,2.7,13.2,72.9,49.4,40.0,7.1,3.1,18.2,14.4,52.0,3.9,17.2,6.1,9.9,1.8,14.0,44.1,70.5,36.0,4.4,47.0,5.4,83.6,18.6,17.4,6.2,75.2,9.8,10.3,34.6,6.0,25.0,23.6,23.0,18.9,8.0,4.1,10.9,6.9,2.8
2017-05-29 08:52:00+02:00,3.9,10.1,2.7,13.1,71.8,48.3,39.0,6.3,3.1,18.6,14.4,50.8,3.1,16.3,6.1,10.4,1.9,13.2,43.0,69.4,34.9,4.4,45.8,5.8,82.5,18.6,17.2,6.6,74.2,9.1,10.3,33.5,6.0,24.9,23.5,23.1,19.0,8.0,4.1,11.0,6.9,2.8
2017-05-29 08:53:00+02:00,3.9,10.1,2.7,13.5,73.1,49.5,40.2,7.0,3.1,18.7,14.4,52.1,3.8,17.0,6.1,10.4,1.9,14.0,44.2,70.6,36.1,4.4,47.1,5.8,83.8,18.6,17.7,6.6,75.4,9.8,10.3,34.7,6.0,24.9,23.6,23.2,19.1,8.1,4.1,11.0,6.9,2.8
2017-05-29 08:54:00+02:00,3.9,10.1,2.7,13.2,73.5,49.8,40.4,7.4,3.1,18.7,14.5,52.4,4.2,17.5,6.2,10.4,1.9,14.4,44.4,71.0,36.4,4.4,47.3,5.8,84.3,18.7,17.4,6.6,75.8,10.2,10.3,35.0,6.0,25.4,24.0,23.3,19.2,8.1,4.1,11.1,6.9,2.8
2017-05-29 08:55:00+02:00,3.8,10.1,2.7,13.2,73.7,49.7,40.4,7.5,3.1,18.5,14.6,52.4,4.3,17.6,6.3,10.2,1.9,14.5,44.4,71.2,36.5,4.5,47.3,5.7,83.7,18.9,17.4,6.3,76.0,10.3,10.5,35.0,6.1,25.4,23.9,23.5,19.4,8.2,4.1,11.2,7.0,2.8
2017-05-29 08:56:00+02:00,3.7,10.2,2.7,13.7,74.4,50.5,41.1,7.5,3.2,18.5,14.8,53.1,4.3,17.9,6.4,10.1,1.9,14.8,45.1,72.1,37.2,4.6,48.0,5.6,84.7,19.0,17.8,6.3,76.8,10.5,10.6,35.7,6.1,25.7,24.2,23.6,19.4,8.2,4.1,11.2,7.1,2.8
2017-05-29 08:57:00+02:00,3.7,10.2,2.8,13.2,74.2,50.3,40.9,7.5,3.2,18.6,14.8,52.9,4.3,18.1,6.5,10.1,1.9,15.0,44.9,72.0,37.0,4.6,47.8,5.6,85.2,19.1,17.4,6.3,76.6,10.7,10.7,35.5,6.1,25.7,24.1,23.5,19.5,8.2,4.2,11.2,7.1,2.8
2017-05-29 08:58:00+02:00,3.7,10.3,2.8,13.3,74.8,50.7,41.2,7.6,3.2,18.7,15.0,53.4,4.3,18.3,6.5,10.2,1.9,15.1,45.3,72.6,37.3,4.7,48.2,5.6,85.9,19.3,17.5,6.3,77.3,10.8,10.8,35.8,6.1,25.9,24.3,23.7,19.6,8.3,4.2,11.3,7.1,2.9
2017-05-29 08:59:00+02:00,3.7,10.4,2.8,13.7,75.7,51.3,41.7,7.7,3.2,18.2,15.1,54.0,4.4,18.3,6.6,9.5,2.0,15.2,45.8,73.5,37.8,4.8,48.8,5.7,86.9,19.5,18.0,6.5,78.2,10.8,10.9,36.2,6.2,26.2,24.6,23.9,19.8,8.4,4.2,11.4,7.2,2.9
2017-05-29 09:00:00+02:00,3.7,10.3,2.8,13.7,75.7,51.3,41.7,7.7,3.2,18.0,15.2,54.0,4.4,18.3,6.7,9.4,2.0,15.1,45.8,73.4,37.8,4.8,48.8,5.6,86.9,19.5,18.0,6.4,78.2,10.8,11.0,36.2,6.1,26.4,24.8,24.1,20.0,8.4,4.3,11.5,7.2,2.9
2017-05-29 09:01:00+02:00,3.6,10.3,2.8,13.4,75.5,51.3,41.5,7.5,3.2,18.8,15.0,53.9,4.3,18.1,6.5,10.4,2.0,15.0,45.7,73.2,37.3,4.6,48.7,5.7,86.7,19.3,17.6,6.4,78.0,10.6,10.8,35.8,6.1,26.4,24.8,24.1,20.0,8.5,4.3,11.5,7.2,2.9
2017-05-29 09:02:00+02:00,4.0,10.4,2.8,13.5,75.8,51.5,41.7,7.5,3.2,19.4,15.0,54.3,4.3,18.1,6.5,11.0,2.0,15.0,45.9,73.5,37.5,4.6,49.0,6.2,87.0,19.3,17.8,7.0,78.3,10.6,10.8,35.9,6.1,26.4,24.7,24.3,20.1,8.5,4.3,11.6,7.2,2.9
2017-05-29 09:03:00+02:00,4.0,10.4,2.8,13.9,76.1,51.8,41.9,7.5,3.2,19.4,15.0,54.5,4.2,18.0,6.5,11.0,1.9,14.9,46.1,73.7,37.8,4.6,49.2,6.2,87.1,19.3,18.2,7.0,78.5,10.6,10.8,36.2,6.1,26.4,24.7,24.3,20.1,8.6,4.3,11.6,7.2,2.9
2017-05-29 09:04:00+02:00,4.0,10.4,2.9,13.7,76.2,51.8,42.0,7.6,3.2,19.4,15.1,54.5,4.2,18.3,6.6,11.1,1.9,15.0,46.2,73.9,37.9,4.6,49.2,6.2,87.3,19.4,18.0,7.0,78.7,10.7,10.9,36.3,6.1,26.3,24.7,24.3,20.2,8.6,4.3,11.6,7.3,2.9
2017-05-29 09:05:00+02:00,4.0,10.5,2.9,13.6,76.3,52.0,42.1,7.6,3.2,19.3,15.2,54.5,4.2,18.4,6.6,11.2,1.9,15.1,46.3,74.0,38.0,4.7,49.4,6.2,87.4,19.5,17.9,7.0,78.8,10.8,10.9,36.3,6.2,26.4,24.7,24.4,20.2,8.6,4.3,11.6,7.3,2.9
2017-05-29 09:06:00+02:00,4.0,10.5,2.9,13.1,76.2,51.8,41.9,7.7,3.3,19.4,15.3,54.3,4.2,18.6,6.7,11.3,1.9,15.3,46.1,73.8,37.7,4.7,49.2,6.3,87.3,19.6,17.5,7.1,78.7,10.9,11.0,36.0,6.2,26.7,25.0,24.5,20.3,8.6,4.4,11.7,7.3,3.0
2017-05-29 09:07:00+02:00,4.1,10.6,2.9,13.2,76.4,51.8,41.9,7.7,3.3,19.5,15.4,54.3,4.3,18.5,6.7,11.4,1.9,15.4,46.1,74.0,37.7,4.7,49.2,6.3,87.7,19.7,17.6,7.1,79.0,11.0,11.0,36.0,6.2,27.1,25.4,24.6,20.4,8.7,4.4,11.7,7.3,3.0
2017-05-29 09:08:00+02:00,4.0,10.7,2.9,13.7,77.0,52.4,42.4,7.7,3.3,19.5,15.4,54.9,4.3,18.5,6.7,11.4,1.9,15.4,46.6,74.6,38.3,4.7,49.7,6.3,88.4,19.8,18.1,7.2,79.6,11.0,11.0,36.6,6.3,27.2,25.4,24.6,20.4,8.7,4.4,11.7,7.4,3.0
2017-05-29 09:09:00+02:00,4.0,10.7,2.9,13.9,77.2,52.5,42.6,7.6,3.3,19.9,15.5,55.0,4.3,18.4,6.8,11.8,2.0,15.3,46.7,74.8,38.4,4.8,49.9,6.4,88.6,19.8,18.3,7.5,79.9,10.9,11.1,36.7,6.3,27.1,25.6,24.8,20.5,8.7,4.4,11.8,7.4,3.0
2017-05-29 09:10:00+02:00,4.1,10.8,2.9,14.3,77.6,53.1,43.1,7.7,3.3,20.3,15.5,55.3,4.4,18.5,6.9,12.1,2.0,15.5,47.3,75.2,38.9,4.8,50.4,6.4,89.0,19.9,18.7,7.9,80.3,11.0,11.2,37.2,6.3,26.9,25.3,24.9,20.5,8.7,4.4,11.8,7.4,3.0
2017-05-29 09:11:00+02:00,4.2,10.8,3.0,14.5,77.5,53.4,43.3,7.7,3.4,20.5,15.5,55.2,4.4,18.5,6.9,12.3,2.0,15.4,47.6,75.0,39.1,4.8,50.7,6.6,89.0,19.9,18.9,8.0,80.2,11.0,11.3,37.4,6.4,26.7,25.1,25.0,20.6,8.8,4.4,11.8,7.4,3.0
2017-05-29 09:12:00+02:00,4.2,10.9,3.0,14.2,77.7,53.2,43.3,7.8,3.4,20.6,15.7,55.1,4.5,18.6,7.0,12.3,2.0,15.5,47.5,75.1,39.0,4.9,50.6,6.6,89.2,20.1,18.7,8.0,80.3,11.0,11.4,37.2,6.4,27.3,25.7,25.2,20.8,8.9,4.4,11.9,7.5,3.0
2017-05-29 09:13:00+02:00,4.2,10.9,3.0,14.4,78.3,53.5,43.5,7.8,3.3,20.6,15.6,55.7,4.5,18.6,7.0,12.3,2.0,15.5,47.8,75.7,39.3,4.9,50.9,6.6,89.9,20.1,18.8,7.9,81.0,11.1,11.4,37.4,6.5,27.6,26.0,25.3,20.9,8.9,4.4,12.0,7.5,3.0
2017-05-29 09:14:00+02:00,4.3,10.9,3.0,14.2,78.2,53.5,43.5,8.0,3.3,20.8,15.6,55.6,4.5,18.8,7.0,12.4,2.0,15.7,47.8,75.6,39.3,5.0,50.9,6.7,89.8,20.1,18.6,8.1,80.9,11.2,11.4,37.4,6.5,27.7,26.1,25.4,21.0,8.9,4.4,12.0,7.5,3.1
2017-05-29 09:15:00+02:00,4.2,10.9,3.0,14.2,78.6,53.7,43.6,8.0,3.4,20.9,15.6,55.9,4.5,18.8,7.0,12.4,2.0,15.7,47.9,76.0,39.4,5.0,51.1,6.7,90.1,20.1,18.7,8.1,81.2,11.2,11.4,37.6,6.4,27.9,26.3,25.6,21.1,9.0,4.5,12.1,7.6,3.1
2017-05-29 09:16:00+02:00,4.3,10.9,3.0,14.4,78.2,54.1,44.0,8.0,3.4,21.1,15.1,56.0,4.5,18.9,6.4,12.5,2.0,15.8,48.3,75.6,39.6,4.3,51.5,6.7,89.9,19.6,18.9,8.1,80.9,11.3,10.8,37.8,6.4,28.0,26.4,25.7,21.2,9.1,4.5,12.2,7.6,3.1
2017-05-29 09:17:00+02:00,4.2,11.0,3.0,14.2,78.4,54.0,43.9,8.1,3.4,20.6,15.5,55.9,4.6,18.9,6.5,12.0,2.1,15.9,48.2,75.8,39.5,4.5,51.4,6.3,90.1,20.0,18.7,7.6,81.1,11.4,11.0,37.6,6.5,28.0,26.3,25.8,21.3,9.1,4.5,12.2,7.6,3.1
2017-05-29 09:18:00+02:00,4.3,11.0,3.0,14.6,78.7,54.9,44.7,8.4,3.4,20.8,15.5,56.1,4.9,19.3,6.5,12.1,2.4,16.2,49.0,76.1,40.3,4.4,52.2,6.4,90.5,20.1,19.1,7.7,81.4,11.7,11.0,38.4,6.5,27.9,26.3,25.9,21.4,9.2,4.6,12.3,7.7,3.1
2017-05-29 09:19:00+02:00,4.4,11.0,3.1,14.6,79.4,54.9,44.8,8.2,3.3,20.7,15.5,56.8,4.9,19.3,6.5,12.0,2.4,16.2,49.1,76.8,40.3,4.3,52.2,6.4,91.3,20.1,19.1,7.8,82.1,11.6,11.0,38.5,6.4,28.4,26.7,26.0,21.4,9.2,4.6,12.3,7.6,3.1
2017-05-29 09:20:00+02:00,4.4,11.0,3.1,14.2,79.5,54.6,44.5,8.3,3.2,21.0,15.5,56.8,5.0,19.4,6.5,12.0,2.4,16.3,48.9,76.8,40.1,4.3,52.0,6.5,91.4,20.1,18.8,7.9,82.2,11.7,11.0,38.2,6.4,28.8,27.1,26.1,21.6,9.2,4.6,12.4,7.8,3.2
2017-05-29 09:21:00+02:00,4.4,11.0,3.1,15.5,81.7,56.1,46.0,8.3,3.2,21.0,15.6,58.9,5.0,19.4,6.7,12.0,2.4,16.3,50.3,79.1,41.5,4.5,53.4,6.5,93.7,20.3,20.1,7.8,84.4,11.7,11.2,39.6,6.4,29.2,27.5,26.2,21.6,9.2,4.6,12.4,7.8,3.2
2017-05-29 09:22:00+02:00,4.4,11.0,3.1,15.5,82.5,56.5,46.3,8.3,3.2,21.0,15.8,59.4,5.0,19.8,6.9,12.0,2.4,16.3,50.7,79.8,41.8,4.6,53.9,6.5,94.5,20.4,20.1,7.9,85.2,11.7,11.4,39.9,6.4,29.3,27.5,26.2,21.7,9.2,4.6,12.5,7.8,3.2
2017-05-29 09:23:00+02:00,4.4,10.2,3.1,13.4,81.0,54.8,44.5,8.4,2.8,20.6,15.8,57.8,5.1,20.0,6.8,12.2,2.4,16.5,48.9,78.2,40.0,4.5,52.1,6.6,93.1,20.5,18.0,8.0,83.7,11.8,11.4,38.0,6.0,29.5,27.6,26.4,21.8,9.3,4.6,12.6,7.9,3.2
2017-05-29 09:24:00+02:00,4.3,10.2,3.1,13.5,80.6,55.0,44.7,8.4,2.9,20.7,15.9,57.4,5.1,20.0,6.7,12.3,2.5,16.5,49.1,77.9,40.1,4.5,52.3,6.6,92.8,20.5,18.1,8.1,83.4,11.8,11.4,38.1,6.0,29.7,27.7,26.5,21.9,9.3,4.7,12.6,7.9,3.3
2017-05-29 09:25:00+02:00,4.2,10.2,3.1,13.5,80.9,55.1,44.7,8.4,2.9,20.8,15.8,57.7,5.1,20.1,6.6,12.3,2.5,16.5,49.2,78.1,40.2,4.4,52.4,6.5,93.0,20.4,18.1,8.1,83.6,11.8,11.3,38.2,6.0,29.3,27.3,26.5,21.8,9.2,4.7,12.7,7.9,3.3
2017-05-29 09:26:00+02:00,4.2,10.5,3.2,13.7,82.0,55.6,45.1,8.5,2.9,20.8,16.4,58.2,5.2,20.1,7.2,12.3,2.5,16.6,49.6,79.2,40.5,5.0,52.8,6.5,94.2,21.1,18.4,8.1,84.8,11.9,11.9,38.5,6.1,28.9,26.8,26.3,21.6,8.9,4.7,12.7,8.0,3.3
2017-05-29 09:27:00+02:00,4.2,10.7,3.2,14.0,81.8,56.0,45.4,8.5,2.9,20.9,16.0,58.5,5.2,20.2,6.8,12.3,2.5,16.6,49.9,79.1,40.8,4.6,53.2,6.5,94.1,20.7,18.6,8.1,84.6,11.9,11.5,38.8,6.1,29.4,27.2,26.7,22.0,9.2,4.7,12.7,8.0,3.3
2017-05-29 09:28:00+02:00,4.2,10.6,3.2,13.8,81.6,55.8,45.3,8.5,2.9,20.9,16.0,58.3,5.2,20.2,6.8,12.3,2.5,16.6,49.7,78.9,40.7,4.6,52.9,6.5,93.8,20.7,18.5,8.1,84.4,11.9,11.5,38.6,6.1,29.5,27.4,26.8,22.1,9.4,4.7,12.7,8.0,3.3
2017-05-29 09:29:00+02:00,4.2,10.7,3.2,13.9,81.8,56.0,45.5,8.6,2.9,21.2,16.1,58.3,5.3,20.2,6.9,12.3,2.5,16.7,49.9,79.1,40.9,4.7,53.1,6.5,94.0,20.8,18.6,8.1,84.6,12.0,11.6,38.8,6.1,29.5,27.4,26.8,22.1,9.4,4.7,12.7,8.0,3.3
2017-05-29 09:30:00+02:00,4.2,10.7,3.2,13.9,82.3,56.2,45.7,8.6,2.9,21.6,16.2,58.9,5.3,20.3,7.0,12.4,2.5,16.8,50.1,79.5,41.0,4.7,53.3,6.5,94.6,20.6,18.6,8.2,85.1,12.1,11.7,39.0,6.1,29.6,27.4,26.8,22.1,9.4,4.7,12.8,8.0,3.3
2017-05-29 09:31:00+02:00,4.1,10.8,3.2,14.1,83.1,56.4,45.8,8.6,2.9,20.6,16.6,59.6,5.3,20.4,7.3,12.4,2.6,16.8,50.3,80.3,41.2,5.0,53.5,6.4,95.4,20.8,18.8,8.1,85.9,12.1,12.0,39.1,6.2,29.8,27.6,27.0,22.3,9.5,4.7,12.8,8.0,3.3
2017-05-29 09:32:00+02:00,4.2,10.4,3.2,13.7,83.0,56.3,45.6,8.7,3.0,21.6,16.7,59.4,5.3,20.5,7.4,12.7,2.6,16.9,50.1,80.3,41.0,5.1,53.4,6.7,95.2,20.9,18.4,8.4,85.9,12.2,12.1,38.9,6.2,29.8,27.6,27.0,22.3,9.5,4.7,12.8,8.0,3.3
2017-05-29 09:33:00+02:00,4.2,10.4,3.2,13.7,83.5,56.6,45.9,8.8,3.1,22.1,16.8,59.8,5.4,20.7,7.5,12.8,2.7,17.0,50.4,80.8,41.3,5.1,53.7,6.8,95.8,21.1,18.4,8.5,86.4,12.3,12.2,39.1,6.3,30.0,27.8,27.2,22.4,9.5,4.8,12.9,8.1,3.3
2017-05-29 09:34:00+02:00,4.3,10.9,3.2,14.3,84.4,57.5,46.7,8.8,3.4,22.6,16.7,60.6,5.2,20.8,7.5,13.2,2.7,17.2,51.2,81.6,42.0,5.1,54.5,6.8,96.6,21.0,19.0,8.6,87.3,12.4,12.3,39.8,6.8,30.4,28.2,27.3,22.5,9.6,4.8,13.0,8.1,3.3
2017-05-29 09:35:00+02:00,4.3,10.9,3.3,14.4,84.6,57.8,47.0,8.9,3.4,23.0,16.6,60.9,5.3,20.9,7.5,13.4,2.7,17.2,51.5,81.8,42.3,5.1,54.9,6.9,96.9,20.9,19.2,8.7,87.5,12.4,12.3,40.1,6.8,31.4,29.1,27.4,22.6,9.6,4.8,12.9,8.1,3.3
2017-05-29 09:36:00+02:00,4.3,11.1,3.3,15.6,85.6,59.1,48.3,8.9,3.4,23.0,16.3,62.2,5.3,20.9,7.6,13.5,2.7,17.3,52.9,82.8,43.6,5.1,56.2,6.9,97.9,20.7,20.5,8.7,88.5,12.4,12.4,41.4,6.8,31.5,29.2,27.5,22.7,9.7,4.9,13.0,8.1,3.3
2017-05-29 09:37:00+02:00,4.3,11.5,3.3,16.0,85.8,59.5,48.7,8.9,3.4,23.0,16.2,62.6,5.3,20.9,7.6,13.5,2.7,17.3,53.2,83.0,44.0,5.2,56.5,6.9,97.1,20.5,20.8,8.7,87.7,12.5,12.4,41.7,6.8,31.5,29.2,27.5,22.7,9.7,4.8,13.0,8.0,3.3
2017-05-29 09:38:00+02:00,4.3,11.5,3.3,16.0,85.8,59.6,48.7,9.0,3.4,23.1,16.1,62.7,5.4,21.0,7.6,13.5,2.7,17.3,53.3,83.1,44.1,5.2,56.6,6.9,97.7,20.4,20.8,8.7,88.2,12.5,12.4,41.8,6.8,31.5,29.2,27.4,22.6,9.8,4.9,12.8,7.9,3.3
2017-05-29 09:39:00+02:00,4.3,11.7,3.3,16.2,86.1,60.2,49.1,9.0,3.5,23.1,16.0,63.3,5.4,21.1,7.7,13.5,2.7,17.4,53.8,83.5,44.4,5.3,57.2,7.0,98.4,20.2,21.0,8.7,89.0,12.6,12.5,42.1,6.8,31.1,28.9,27.1,22.3,9.8,4.9,12.5,7.5,3.3
2017-05-29 09:40:00+02:00,4.4,11.7,3.3,16.2,86.5,60.5,49.4,9.1,3.5,23.2,16.6,63.7,5.5,21.2,7.8,13.5,2.8,17.5,54.2,84.2,44.7,5.3,57.5,7.0,98.9,20.6,21.1,8.7,89.4,12.7,12.6,42.3,6.9,31.1,29.0,27.2,22.4,9.9,4.9,12.6,7.6,3.3
2017-05-29 09:41:00+02:00,4.5,11.8,3.3,16.2,86.9,60.5,49.4,9.1,3.5,23.4,16.9,63.6,5.5,21.2,7.8,13.7,2.8,17.5,54.2,84.5,44.6,5.3,57.5,7.2,99.4,21.0,21.0,8.9,89.9,12.6,12.7,42.2,6.9,31.2,29.1,27.4,22.5,9.9,4.9,12.6,7.6,3.4
2017-05-29 09:42:00+02:00,4.5,11.8,3.3,16.1,87.5,60.6,49.4,9.2,3.5,23.3,17.1,63.8,5.5,21.3,7.8,13.5,2.8,17.6,54.2,84.7,44.6,5.3,57.6,7.1,100.1,21.0,21.0,8.7,90.4,12.7,12.7,42.3,6.9,31.3,29.1,27.4,22.5,9.8,4.9,12.7,7.7,3.4
2017-05-29 09:43:00+02:00,4.4,11.9,3.3,16.1,88.1,60.6,49.4,9.3,3.5,23.3,17.2,63.8,5.6,21.4,7.9,13.5,2.8,17.7,54.2,85.3,44.6,5.4,57.6,7.1,100.8,21.6,21.0,8.7,91.1,12.8,12.8,42.4,7.0,31.3,29.1,27.4,22.5,9.8,4.9,12.7,7.7,3.4
2017-05-29 09:44:00+02:00,4.5,11.9,3.3,16.3,88.1,60.6,49.3,8.9,3.5,23.4,17.3,63.8,5.7,21.1,8.0,13.6,2.8,17.3,54.2,85.3,44.5,5.4,57.5,7.2,100.8,21.6,21.2,8.8,91.1,12.4,12.9,42.3,7.0,31.6,29.3,27.5,22.6,9.9,4.9,12.8,7.7,3.4
2017-05-29 09:45:00+02:00,4.6,11.8,3.3,16.4,88.6,60.7,49.4,8.9,3.5,22.1,17.2,63.9,5.8,21.1,7.9,12.3,2.8,17.3,54.3,85.8,44.6,5.4,57.6,6.0,101.3,22.0,21.3,7.4,91.6,12.4,12.8,42.4,6.9,31.8,29.5,27.6,22.7,10.0,5.0,12.7,7.7,3.4
2017-05-29 09:46:00+02:00,4.5,11.7,3.3,16.3,89.1,60.5,49.2,8.8,3.5,22.9,17.6,63.7,5.7,21.0,8.3,13.2,2.8,17.3,54.0,86.3,44.4,5.8,57.5,7.1,101.3,22.6,21.2,8.6,92.1,12.3,13.2,42.2,6.7,31.9,29.5,27.6,22.7,10.0,5.1,12.7,7.7,3.4
2017-05-29 09:47:00+02:00,4.6,11.8,3.3,16.3,89.3,60.7,49.4,8.9,3.5,22.9,17.6,63.9,5.7,21.1,8.3,13.2,2.8,17.4,54.2,86.5,44.6,5.8,57.6,7.4,99.5,22.6,21.3,9.3,91.6,12.4,13.2,42.4,6.8,31.9,29.6,27.6,22.7,10.0,5.1,12.7,7.7,3.4
2017-05-29 09:48:00+02:00,4.6,11.5,3.3,16.0,89.1,60.5,49.1,8.9,3.5,23.4,17.7,63.7,5.7,21.2,8.3,13.8,2.9,17.4,54.0,86.3,44.3,5.8,57.4,7.4,98.0,22.7,21.0,9.3,90.1,12.5,13.3,42.1,6.8,32.0,29.6,27.7,22.8,10.0,5.1,12.8,7.7,3.4
2017-05-29 09:49:00+02:00,4.6,11.5,3.3,16.0,89.5,60.9,49.6,9.4,3.6,21.7,17.6,64.1,5.8,21.7,8.4,12.0,2.9,17.9,54.4,86.6,44.8,5.8,57.9,7.4,98.8,22.6,21.0,9.3,90.8,13.0,13.3,42.6,6.9,32.2,29.8,27.8,22.9,10.1,5.1,12.8,7.7,3.4
2017-05-29 09:50:00+02:00,4.5,10.9,3.3,15.4,88.8,60.4,49.0,9.4,3.6,20.9,17.5,63.5,5.8,21.7,8.4,11.0,2.9,17.9,53.9,85.9,44.2,5.8,57.3,7.4,98.4,22.5,20.4,9.2,90.4,13.0,13.3,42.0,6.8,32.2,29.8,27.8,22.9,10.1,5.1,12.8,7.8,3.4
2017-05-29 09:51:00+02:00,4.6,11.6,3.4,16.4,89.9,61.5,50.1,9.4,3.6,21.1,17.5,64.6,5.8,21.8,8.4,11.2,2.9,18.0,55.0,87.1,45.3,5.8,58.4,7.5,99.8,22.5,21.4,9.4,91.7,13.0,13.4,43.1,6.8,32.3,29.9,27.9,23.0,10.1,5.1,12.9,7.8,3.4
2017-05-29 09:52:00+02:00,4.6,11.8,3.4,16.7,90.1,61.7,50.3,9.4,3.5,22.9,17.4,64.9,5.8,21.6,8.5,13.0,2.9,18.0,55.2,87.2,45.5,5.9,58.7,7.6,99.9,22.4,21.7,9.4,91.9,13.0,13.5,43.3,6.8,32.4,30.0,28.0,23.1,10.2,5.1,12.9,7.8,3.4
2017-05-29 09:53:00+02:00,4.6,12.0,3.4,16.9,91.0,62.3,50.8,9.5,3.6,23.2,17.7,65.4,5.8,21.8,8.6,13.2,2.9,18.1,55.7,88.1,45.9,6.0,59.2,7.5,100.9,22.8,21.9,9.5,92.8,13.1,13.7,43.7,6.9,32.6,30.1,28.1,23.1,10.3,5.2,12.8,7.7,3.5
2017-05-29 09:54:00+02:00,4.7,12.1,3.4,17.0,91.3,62.5,51.0,9.5,3.6,22.6,17.8,65.6,5.8,21.8,8.6,12.6,2.9,18.2,55.9,88.4,46.1,6.0,59.4,7.6,101.2,22.8,22.0,8.6,93.0,13.1,13.7,43.8,6.9,32.2,29.8,27.7,22.7,10.3,5.2,12.4,7.2,3.5
2017-05-29 09:55:00+02:00,4.7,12.1,3.4,17.0,91.5,62.8,51.2,9.5,3.6,22.0,17.7,65.8,5.9,21.9,8.7,12.0,2.9,18.2,56.1,88.6,46.2,6.0,59.6,7.7,101.5,22.8,22.1,7.8,93.2,13.2,13.8,43.9,6.9,33.0,30.5,28.6,23.5,10.2,5.1,13.3,8.1,3.5
2017-05-29 09:56:00+02:00,4.1,12.1,3.4,17.1,91.9,63.0,51.4,9.5,3.6,21.5,18.0,66.1,5.8,21.9,8.8,11.4,2.9,18.3,56.4,89.2,46.4,6.0,59.9,7.1,102.1,23.2,22.2,7.3,93.8,13.2,13.9,44.1,6.9,32.5,30.0,28.9,23.7,10.3,5.1,13.4,8.2,3.5
2017-05-29 09:57:00+02:00,4.4,12.2,3.4,17.2,91.9,62.9,51.2,9.6,3.6,21.8,18.2,66.0,5.9,22.0,8.9,11.7,2.9,18.4,56.3,89.3,46.2,6.1,59.8,7.4,102.2,23.4,22.3,7.5,93.8,13.3,14.0,44.3,7.0,32.6,30.1,29.0,23.8,10.3,5.2,13.6,8.3,3.5
2017-05-29 09:58:00+02:00,4.4,12.2,3.4,17.2,92.7,63.7,51.9,9.7,3.6,23.4,18.2,66.8,5.9,22.1,8.9,13.2,2.9,18.5,57.0,90.1,46.9,6.1,60.5,7.3,103.0,23.4,22.3,9.0,94.6,13.3,14.1,44.4,7.0,32.7,30.2,29.0,23.8,10.3,5.2,13.5,8.3,3.5
2017-05-29 09:59:00+02:00,4.4,12.3,3.5,17.3,93.2,63.9,52.2,9.7,3.6,23.8,18.4,67.0,5.9,22.2,9.0,13.5,3.0,18.5,57.2,90.5,47.1,6.2,60.8,7.3,103.6,23.6,22.4,9.4,95.1,13.4,14.1,44.6,7.0,32.7,30.2,29.0,23.8,10.3,5.2,13.5,8.2,3.4
2017-05-29 10:00:00+02:00,4.7,11.9,3.5,16.9,93.5,63.9,52.1,9.8,3.7,24.1,18.6,67.1,6.0,22.4,9.0,13.9,3.0,18.7,57.2,90.8,47.1,6.2,60.8,7.7,103.9,23.8,22.1,9.7,95.4,13.5,14.2,44.5,6.6,32.8,30.3,29.0,23.9,10.4,5.3,13.5,8.2,3.5
2017-05-29 10:01:00+02:00,4.5,11.8,3.5,16.8,93.1,64.0,52.2,9.9,3.7,24.0,18.2,67.1,6.1,22.5,8.9,13.6,3.0,18.7,57.3,90.4,47.1,6.1,60.8,7.4,103.0,23.4,22.0,9.5,95.0,13.6,14.1,44.5,6.5,32.2,29.6,28.4,23.3,10.5,5.3,12.8,7.5,3.5
2017-05-29 10:02:00+02:00,4.5,11.7,3.5,16.7,92.6,63.6,51.8,9.6,3.6,23.8,18.1,66.6,6.0,22.2,8.9,13.5,3.0,18.5,56.9,89.9,46.7,6.1,60.3,7.2,104.8,23.4,21.9,9.3,94.9,13.3,13.9,44.2,6.4,32.1,29.5,28.4,23.2,10.4,5.3,12.8,7.5,3.5
2017-05-29 10:03:00+02:00,4.8,11.8,3.5,16.8,92.2,63.0,51.2,8.9,3.6,24.1,18.2,66.1,6.0,21.5,8.9,13.8,3.0,17.8,56.3,89.4,46.1,6.1,59.7,7.5,104.9,23.4,22.0,9.6,95.0,12.6,14.0,43.5,6.5,32.9,30.3,29.1,23.9,10.5,5.3,13.5,8.2,3.5
2017-05-29 10:04:00+02:00,4.8,12.0,3.5,17.1,93.4,64.3,52.5,9.9,3.7,24.8,18.8,66.6,6.1,22.5,9.0,14.3,3.1,18.7,57.7,90.6,47.3,6.2,61.1,7.5,105.7,24.0,22.2,9.7,96.4,13.5,14.0,44.8,6.7,33.3,30.7,29.5,24.3,10.5,5.3,13.8,8.5,3.4
2017-05-29 10:05:00+02:00,4.4,12.5,3.5,17.6,93.1,64.9,53.1,9.9,3.7,24.5,19.1,66.0,6.1,22.6,9.0,14.1,3.1,18.8,58.2,90.2,47.9,6.2,61.7,7.1,105.4,24.4,22.7,9.3,96.0,13.5,14.1,45.3,7.1,33.7,31.1,29.5,24.3,10.5,5.3,13.8,8.5,3.4
2017-05-29 10:06:00+02:00,4.6,12.6,3.5,17.7,93.7,65.4,53.4,10.0,3.7,24.8,19.3,66.4,6.2,22.7,9.1,14.3,3.1,18.9,58.6,90.8,48.2,6.2,62.1,7.4,106.1,24.6,22.9,9.6,96.7,13.6,14.2,45.6,7.1,34.7,32.0,29.8,24.5,10.6,5.4,13.9,8.5,3.4
2017-05-29 10:07:00+02:00,4.5,12.7,3.6,17.8,93.1,65.7,53.7,10.1,3.7,24.1,19.1,65.9,6.2,22.8,9.1,13.6,3.1,19.0,58.9,90.3,48.5,6.3,62.4,7.3,105.4,24.5,23.0,9.5,96.1,13.7,14.3,45.9,7.2,35.0,32.3,30.0,24.8,10.7,5.4,14.1,8.7,3.5
2017-05-29 10:08:00+02:00,4.6,12.6,3.6,17.8,92.5,65.9,53.9,10.1,3.7,23.4,18.9,65.5,6.3,23.0,9.1,12.8,3.1,19.1,59.1,89.6,48.7,6.3,62.6,7.4,103.8,24.2,23.0,9.6,95.5,13.8,14.3,46.0,7.2,35.2,32.4,30.2,24.9,10.7,5.4,14.1,8.7,3.6
2017-05-29 10:09:00+02:00,4.7,12.7,3.5,17.8,93.1,66.1,54.0,10.1,3.7,23.0,19.4,65.6,6.3,23.0,9.1,12.4,3.1,19.1,59.2,90.3,48.8,6.2,62.7,7.6,104.4,24.7,23.1,9.6,96.1,13.8,14.3,46.1,7.2,35.5,32.7,30.4,25.1,10.7,5.4,14.4,9.0,3.6
2017-05-29 10:10:00+02:00,4.3,12.7,3.6,17.8,93.1,66.1,54.0,10.2,3.7,22.4,19.4,65.6,6.3,23.1,9.1,11.9,3.2,19.2,59.3,90.3,48.8,6.2,62.7,7.2,104.4,24.8,23.0,9.0,96.1,13.9,14.3,46.1,7.2,35.5,32.8,30.5,25.2,10.7,5.4,14.4,9.0,3.6
2017-05-29 10:11:00+02:00,4.1,12.6,3.6,17.8,93.4,66.0,54.0,10.2,3.7,22.2,19.5,65.6,6.4,23.1,9.1,11.6,3.2,19.2,59.3,90.3,48.8,6.2,62.8,6.9,103.7,24.8,23.0,8.8,95.9,13.9,14.4,46.1,7.2,35.4,32.7,30.5,25.2,10.8,5.5,14.4,9.0,3.6
2017-05-29 10:12:00+02:00,4.1,12.7,3.6,17.8,93.2,65.5,54.3,10.2,3.7,22.4,19.6,65.2,6.4,23.2,9.2,11.8,3.2,19.3,59.6,90.0,49.0,6.3,63.1,7.0,102.3,25.0,23.1,8.9,94.9,14.0,14.5,46.3,7.2,35.5,32.8,30.5,25.2,10.6,5.5,14.5,9.1,3.7
2017-05-29 10:13:00+02:00,4.9,12.6,3.6,17.7,93.1,65.5,54.3,10.2,3.6,23.5,19.7,65.1,6.4,23.2,9.2,12.9,3.2,19.3,59.5,90.0,49.0,6.3,63.0,7.8,104.4,25.0,23.1,9.7,94.7,14.0,14.5,46.3,7.1,35.5,32.7,30.5,25.1,10.6,5.5,14.5,9.1,3.7
2017-05-29 10:14:00+02:00,4.9,12.5,3.6,17.7,92.9,65.2,53.5,9.5,3.5,24.2,19.7,64.8,5.7,22.4,9.2,13.6,3.2,18.6,58.7,89.8,48.2,6.3,62.3,7.9,104.3,25.1,23.0,9.8,94.6,13.3,14.6,45.4,7.0,35.4,32.6,30.5,25.1,10.6,5.5,14.5,9.0,3.7
2017-05-29 10:15:00+02:00,4.1,12.7,3.6,17.9,94.4,66.5,54.5,10.3,3.5,23.5,19.8,66.1,6.4,23.2,9.3,12.8,3.2,19.4,59.8,91.2,49.2,6.4,63.4,7.1,105.8,25.2,23.3,9.0,96.1,14.1,14.7,46.5,7.2,35.4,32.6,30.4,24.9,10.5,5.4,14.4,9.0,3.6
2017-05-29 10:16:00+02:00,4.7,12.8,3.6,18.0,94.6,66.8,54.7,10.3,3.6,23.0,19.9,66.5,6.4,23.2,9.3,12.3,3.2,19.4,60.0,91.7,49.4,6.4,63.6,7.7,106.3,25.3,23.5,9.6,96.4,14.1,14.7,46.6,7.3,35.5,32.7,30.4,25.0,10.5,5.4,14.4,9.0,3.6
2017-05-29 10:17:00+02:00,4.9,12.8,3.6,18.1,97.9,66.9,54.8,10.3,3.6,23.1,20.0,70.0,6.4,23.1,9.3,12.3,3.2,19.4,60.1,95.4,49.4,6.4,63.7,7.8,110.6,25.4,23.5,9.8,100.2,14.1,14.8,46.6,7.3,35.7,32.9,30.7,25.2,10.6,5.4,14.6,9.0,3.6
2017-05-29 10:18:00+02:00,4.7,12.9,3.6,18.1,97.3,67.0,54.8,10.2,3.6,24.2,20.2,69.2,6.4,23.3,9.4,13.3,3.2,19.5,60.2,94.7,49.4,6.4,63.8,7.7,111.3,25.6,23.4,9.6,100.4,14.1,14.9,46.6,7.3,36.1,33.2,30.9,25.4,10.7,5.5,14.7,9.1,3.6
2017-05-29 10:19:00+02:00,4.2,13.0,3.6,18.3,96.5,67.1,54.8,10.3,3.7,24.4,20.1,68.4,6.4,23.3,9.5,13.5,3.2,19.6,60.2,93.9,49.4,6.4,63.9,7.2,109.6,25.5,23.3,9.2,99.6,14.1,14.9,46.6,7.4,36.1,33.2,30.9,25.4,10.7,5.5,14.7,9.1,3.6
2017-05-29 10:20:00+02:00,4.9,13.1,3.6,18.3,98.3,67.2,54.9,10.3,3.8,26.0,20.0,70.2,6.5,23.3,9.5,15.2,3.2,19.6,60.3,95.7,49.5,6.5,63.9,7.9,111.2,25.5,23.4,9.9,101.5,14.1,14.9,46.7,7.5,36.1,33.3,31.0,25.5,10.7,5.5,14.7,9.1,3.6
2017-05-29 10:21:00+02:00,4.0,13.1,3.6,18.2,98.8,67.2,54.8,10.3,3.8,25.2,20.1,70.5,6.5,23.4,9.5,14.3,3.2,19.7,60.3,96.1,49.4,6.5,63.9,7.0,112.1,25.6,23.2,9.1,102.2,14.2,15.0,46.6,7.5,36.4,33.5,31.2,25.6,10.8,5.5,14.8,9.1,3.6
2017-05-29 10:22:00+02:00,4.1,13.1,3.7,18.2,99.1,67.5,55.1,10.3,3.8,25.4,20.1,70.9,6.5,23.6,9.5,14.5,3.2,19.7,60.5,96.5,49.6,6.5,64.2,7.2,112.6,25.6,23.2,9.2,102.6,14.2,15.0,46.8,7.5,36.4,33.5,31.2,25.6,10.8,5.5,14.8,9.2,3.6
2017-05-29 10:23:00+02:00,3.7,13.2,3.7,18.3,99.4,67.8,55.3,10.4,3.8,24.9,20.2,71.1,6.5,23.6,9.6,14.0,3.2,19.7,60.7,96.8,49.8,6.5,64.4,6.8,113.7,25.7,23.3,8.8,102.8,14.2,15.1,46.9,7.5,36.5,33.6,31.2,25.7,10.8,5.5,14.8,9.1,3.6
2017-05-29 10:24:00+02:00,4.1,13.2,3.7,18.2,99.4,67.8,55.3,10.4,3.8,25.5,20.2,71.2,6.5,23.7,9.5,14.6,3.2,19.7,60.7,96.7,49.8,6.5,64.4,7.1,113.8,25.6,23.3,9.4,102.7,14.2,15.0,46.9,7.5,36.5,33.5,31.2,25.6,10.8,5.5,14.8,9.1,3.6
2017-05-29 10:25:00+02:00,4.8,13.3,3.7,18.3,99.7,68.1,55.6,10.4,3.8,26.0,20.3,71.5,6.6,23.7,9.6,15.1,3.3,19.8,61.0,97.0,50.1,6.5,64.7,7.8,114.1,25.6,23.5,9.8,103.0,14.3,15.1,47.2,7.5,36.5,33.6,31.2,25.7,10.8,5.5,14.9,9.1,3.6
2017-05-29 10:26:00+02:00,5.3,13.3,3.7,18.4,99.6,68.4,55.8,10.5,3.8,27.1,20.3,71.7,6.6,23.8,9.6,16.1,3.3,19.9,61.3,96.9,50.3,6.6,65.0,8.3,114.0,25.2,23.6,10.8,102.9,14.3,15.2,47.4,7.6,36.7,33.7,31.3,25.7,10.9,5.5,14.8,9.2,3.7
2017-05-29 10:27:00+02:00,4.4,13.3,3.7,18.4,99.6,68.4,55.8,10.5,3.7,25.7,20.4,71.8,6.6,23.8,9.6,14.7,3.3,19.9,61.3,96.9,50.3,6.6,65.0,7.5,114.1,25.2,23.6,9.4,103.0,14.4,15.2,47.4,7.5,37.0,34.0,31.6,26.0,11.2,5.6,14.8,9.2,3.7
2017-05-29 10:28:00+02:00,4.5,13.4,3.7,18.5,99.8,68.5,55.9,10.5,3.8,25.5,20.4,71.9,6.6,23.9,9.6,14.5,3.3,20.0,61.3,97.1,50.3,6.6,65.1,7.5,114.4,25.3,23.6,9.5,103.2,14.4,15.2,47.5,7.6,37.2,34.2,31.8,26.2,11.3,5.6,14.9,9.2,3.7
2017-05-29 10:29:00+02:00,4.5,13.4,3.7,18.6,99.5,68.0,55.4,10.5,3.8,23.4,20.5,71.4,6.7,23.9,9.7,12.4,3.3,20.0,60.9,96.9,49.8,6.6,64.6,7.6,114.0,25.5,23.0,10.0,102.9,14.4,15.3,46.9,7.6,37.3,34.3,31.9,26.2,11.3,5.6,14.9,9.2,3.7
2017-05-29 10:30:00+02:00,4.5,13.3,3.7,18.5,99.5,68.4,55.7,10.5,3.8,24.2,20.6,71.8,6.7,24.0,9.7,13.1,3.3,20.0,61.2,96.8,50.1,6.6,64.9,7.6,114.0,25.1,23.3,10.2,102.9,14.4,15.3,47.2,7.5,37.5,34.5,32.0,26.3,11.3,5.5,15.1,9.3,3.7
2017-05-29 10:31:00+02:00,4.4,13.2,3.7,18.4,98.9,68.4,55.8,10.5,3.8,23.6,20.9,71.9,6.7,24.0,9.9,12.5,3.3,20.0,61.3,96.8,50.4,6.9,65.0,7.5,113.6,25.0,23.5,9.4,102.4,14.4,15.6,47.5,7.5,37.6,34.6,32.1,26.4,11.3,5.5,15.1,9.3,3.7
2017-05-29 10:32:00+02:00,4.4,13.3,3.7,18.4,98.8,68.7,56.0,10.6,3.8,24.1,20.9,72.1,6.7,24.0,10.0,13.0,3.3,20.1,61.5,97.2,50.7,6.9,65.2,7.8,113.4,25.1,23.8,9.9,102.2,14.5,15.6,47.8,7.5,37.7,34.6,32.1,26.4,11.3,5.5,15.1,9.3,3.7
2017-05-29 10:33:00+02:00,4.5,12.9,3.8,18.1,98.0,68.5,55.7,10.6,3.3,24.3,21.1,72.0,6.8,24.1,10.0,13.1,3.4,20.2,61.3,96.4,50.4,6.9,65.0,7.9,112.7,24.5,23.3,10.0,101.3,14.5,15.7,47.5,7.0,37.9,34.8,32.3,26.6,11.3,5.5,15.2,9.4,3.7
2017-05-29 10:34:00+02:00,4.5,13.4,3.8,18.7,98.4,69.3,56.5,10.6,3.9,25.0,20.1,72.4,6.8,24.1,10.1,13.6,3.4,20.1,62.1,96.6,51.2,6.9,65.8,7.9,113.3,24.2,24.1,10.3,101.7,14.5,15.8,48.2,7.5,38.1,35.0,32.4,26.6,11.4,5.5,15.3,9.4,3.7
2017-05-29 10:35:00+02:00,4.6,13.4,3.8,18.7,97.0,68.4,55.6,10.5,3.9,24.7,19.6,71.0,6.7,24.0,10.0,13.4,3.4,20.1,61.2,95.3,51.1,6.9,64.9,8.0,111.8,24.3,24.1,10.0,100.4,14.4,15.7,48.2,7.6,38.0,34.9,32.4,26.6,11.3,5.5,15.3,9.4,3.7
2017-05-29 10:36:00+02:00,3.5,13.4,3.8,18.6,96.9,68.3,55.4,10.5,3.9,23.7,19.6,70.9,6.8,24.1,10.0,12.5,3.4,20.1,61.1,95.2,51.2,6.9,64.8,6.8,111.8,24.3,24.1,9.1,100.2,14.4,15.7,48.2,7.6,38.2,35.1,32.5,26.7,11.4,5.6,15.3,9.4,3.7
2017-05-29 10:37:00+02:00,4.4,13.5,3.8,18.7,96.8,68.2,55.3,10.6,3.9,24.6,19.7,70.9,6.8,24.0,10.1,13.3,3.4,20.2,61.0,95.2,51.0,7.0,64.7,7.8,111.8,24.4,24.0,9.9,100.2,14.5,15.8,48.0,7.7,38.3,35.1,32.6,26.8,11.4,5.5,15.4,9.4,3.7
2017-05-29 10:38:00+02:00,4.6,13.6,3.7,18.9,98.9,69.4,56.4,10.7,3.9,25.1,19.9,72.0,6.9,24.2,10.2,13.6,3.5,20.4,62.1,96.6,51.8,7.0,65.9,8.1,114.0,24.7,24.5,10.2,102.3,14.6,16.0,48.8,7.7,38.4,35.3,32.9,27.0,11.5,5.7,15.5,9.5,3.8
2017-05-29 10:39:00+02:00,4.7,13.7,3.7,19.0,100.2,70.3,57.3,10.8,3.9,25.3,19.9,73.0,6.9,24.4,10.1,13.7,3.5,20.5,63.0,97.6,52.1,6.9,66.8,8.1,115.4,24.7,24.7,10.3,103.6,14.7,16.0,49.0,7.7,38.6,35.4,33.0,27.1,11.4,5.7,15.6,9.6,3.8
2017-05-29 10:40:00+02:00,4.2,13.7,3.7,19.1,100.8,70.6,57.5,10.8,3.9,25.9,20.0,73.5,7.0,24.5,10.2,14.2,3.5,20.6,63.2,98.2,52.4,7.0,67.0,7.7,115.9,24.8,24.8,9.9,104.2,14.7,16.1,49.3,7.8,39.1,36.0,33.2,27.3,11.5,5.7,15.7,9.7,3.8
2017-05-29 10:41:00+02:00,4.0,13.8,3.7,19.3,102.7,71.2,58.1,10.8,3.9,26.2,20.7,74.1,7.0,24.6,10.3,14.5,3.5,20.7,63.8,99.6,52.8,7.0,67.6,7.5,118.0,25.6,25.1,9.0,106.1,14.8,16.2,49.6,7.8,39.5,36.3,33.4,27.5,11.6,5.7,15.8,9.8,3.8
2017-05-29 10:42:00+02:00,4.0,13.9,3.7,19.4,103.2,71.1,57.9,10.9,3.9,26.7,21.1,74.0,7.0,24.2,10.4,14.9,3.6,20.8,63.7,99.9,52.5,7.1,67.5,7.6,118.6,26.0,25.2,9.3,106.6,14.9,16.3,49.4,7.8,40.1,36.8,33.9,27.8,11.9,5.8,15.9,9.8,3.8
2017-05-29 10:43:00+02:00,4.0,14.0,3.8,19.6,103.7,72.2,58.8,11.0,3.9,27.8,21.3,75.1,7.1,24.7,10.5,16.0,3.6,20.9,64.7,100.4,53.2,7.1,68.6,7.7,119.2,25.4,25.4,10.3,107.2,15.0,16.5,50.1,7.9,40.5,37.2,34.2,28.2,12.1,5.9,16.1,9.9,3.8
2017-05-29 10:44:00+02:00,4.1,14.1,3.8,19.8,103.8,72.4,58.8,11.0,4.0,28.1,21.6,75.3,7.1,25.1,10.6,16.1,3.6,21.1,64.7,100.5,53.9,7.2,68.7,7.8,119.5,25.3,25.7,10.4,107.4,15.1,16.7,50.7,7.9,40.8,37.5,34.5,28.4,12.2,5.9,16.2,10.0,3.8
2017-05-29 10:45:00+02:00,4.2,14.2,3.8,19.9,105.5,72.6,59.0,11.0,4.0,28.3,21.7,75.6,7.1,25.1,10.6,16.3,3.6,21.1,65.0,102.1,54.1,7.3,68.9,7.8,121.2,26.6,25.8,10.5,109.0,15.0,16.7,50.9,8.0,41.2,37.9,34.9,28.7,12.5,6.2,16.2,10.0,3.9
2017-05-29 10:46:00+02:00,3.9,13.5,3.6,18.9,101.7,69.9,56.9,10.6,3.8,26.9,21.3,72.7,6.8,24.0,10.1,15.3,3.4,20.2,62.6,98.5,51.5,6.9,66.4,7.3,116.6,25.9,24.5,9.8,105.1,14.4,16.0,48.5,7.6,39.3,36.1,33.3,27.4,12.0,6.0,15.5,9.5,3.7
2017-05-29 10:47:00+02:00,3.2,11.9,3.2,16.7,89.6,61.9,50.4,9.3,3.4,23.0,19.0,64.1,6.0,21.1,8.9,12.8,3.0,17.8,55.5,86.9,45.4,6.1,58.8,5.9,102.1,22.8,21.7,8.0,92.2,12.7,14.0,42.8,6.7,34.4,31.7,29.2,24.0,10.4,5.3,13.6,8.4,3.3
2017-05-29 10:48:00+02:00,3.5,12.6,3.4,17.7,95.2,65.6,53.5,9.8,3.6,24.4,20.2,68.0,6.3,22.3,9.5,13.6,3.2,18.8,58.8,92.4,48.2,6.5,62.3,6.4,108.0,24.4,23.0,8.4,97.4,13.4,14.9,45.4,7.1,36.6,33.6,31.0,25.5,11.1,5.6,14.4,8.9,3.4
2017-05-29 10:49:00+02:00,3.8,13.4,3.6,18.8,101.8,69.5,56.6,10.6,3.8,25.2,21.5,72.5,6.8,23.8,10.1,13.6,3.4,20.0,62.2,98.8,50.9,6.9,66.0,7.0,115.4,26.4,24.5,8.5,104.1,14.4,15.9,48.3,7.6,39.0,35.8,33.0,27.2,11.8,6.0,15.4,9.5,3.7
2017-05-29 10:50:00+02:00,4.1,14.0,3.8,19.6,105.9,72.0,58.5,11.0,4.0,27.0,22.4,75.5,7.1,24.9,10.6,15.0,3.5,20.9,64.4,102.7,52.6,7.2,68.3,7.5,120.2,27.2,25.6,9.6,108.4,15.0,16.6,50.5,7.9,40.7,37.4,34.5,28.4,12.3,6.2,16.1,9.9,3.9
2017-05-29 10:51:00+02:00,5.6,13.9,3.7,19.5,105.6,71.9,58.5,11.0,3.9,28.8,22.3,75.4,7.1,24.7,10.5,16.9,3.5,20.8,64.4,102.5,52.7,7.2,68.2,9.0,118.9,27.1,25.5,11.6,108.1,14.9,16.5,50.2,7.8,40.6,37.3,34.4,28.3,12.3,6.2,16.0,9.9,3.9
2017-05-29 10:52:00+02:00,5.6,13.9,3.7,19.5,106.5,72.6,59.3,11.0,3.9,28.8,22.3,76.1,7.1,24.8,10.5,16.8,3.5,20.8,65.1,103.4,53.5,7.2,68.9,9.0,119.7,27.4,25.5,11.6,109.0,14.9,16.5,50.4,7.8,40.6,37.3,34.3,28.3,12.3,6.2,16.0,9.9,3.8
2017-05-29 10:53:00+02:00,5.5,13.6,3.6,19.1,104.5,71.4,58.3,10.8,3.9,28.0,21.9,74.8,6.9,24.5,10.3,16.3,3.5,20.5,64.0,101.4,52.6,7.0,67.7,8.8,117.4,26.7,25.0,11.4,106.9,14.7,16.2,49.5,7.7,40.0,36.8,33.9,27.9,12.1,6.1,15.8,9.7,3.8
2017-05-29 10:54:00+02:00,5.5,13.8,3.7,19.4,106.1,72.4,59.2,10.9,3.9,28.5,22.4,75.9,7.1,24.8,10.5,16.6,3.5,20.8,65.0,103.0,53.3,7.1,68.7,8.8,120.2,27.2,25.4,11.6,108.6,14.9,16.5,50.2,7.8,40.7,37.5,34.5,28.4,12.3,6.2,16.1,9.9,3.9
2017-05-29 10:55:00+02:00,5.7,13.8,3.7,19.5,107.1,73.0,59.7,11.0,4.0,29.2,22.6,76.5,7.1,25.0,10.6,17.2,3.6,21.0,65.5,103.9,53.8,7.2,69.3,9.1,121.3,27.5,25.6,11.9,109.6,15.0,16.7,50.6,7.8,41.0,37.7,34.8,28.6,12.4,6.2,16.2,10.0,3.9
2017-05-29 10:56:00+02:00,5.8,13.9,3.7,19.7,108.1,73.4,59.9,11.1,4.0,29.5,22.6,76.9,7.2,25.1,10.6,17.3,3.6,21.0,65.8,104.7,54.0,7.2,69.6,9.2,122.6,27.8,25.7,12.1,110.6,15.0,16.8,50.8,7.9,41.2,37.9,35.0,28.8,12.5,6.3,16.3,10.1,3.9
2017-05-29 10:57:00+02:00,5.9,14.0,3.7,19.7,107.1,73.0,60.0,11.1,4.0,29.5,21.6,76.5,7.2,25.1,10.6,17.3,3.6,21.1,65.3,103.5,54.1,7.2,69.2,9.2,121.7,27.1,25.8,12.1,109.6,15.0,16.7,50.9,7.9,41.4,38.1,35.2,29.0,12.6,6.3,16.4,10.1,3.9
2017-05-29 10:58:00+02:00,5.8,13.4,3.7,19.1,105.7,72.2,59.4,11.1,4.0,29.4,20.8,75.7,7.2,25.1,10.6,17.2,3.6,21.1,64.4,102.1,53.4,7.2,68.4,9.2,119.8,26.5,25.2,12.1,108.1,15.0,16.7,50.4,7.9,41.5,38.2,35.2,29.0,12.7,6.3,16.4,10.1,3.9
2017-05-29 10:59:00+02:00,5.8,14.0,3.7,19.7,105.9,72.7,59.9,11.1,4.0,29.2,20.7,76.2,7.2,25.1,10.5,17.2,3.6,21.1,64.9,102.4,54.0,7.2,68.9,9.2,120.3,26.3,25.8,12.1,109.3,15.0,16.7,50.9,7.9,41.3,38.0,35.1,28.9,12.6,6.3,16.3,10.0,3.8
2017-05-29 11:00:00+02:00,5.8,14.0,3.7,19.8,106.5,72.8,60.0,11.2,4.0,29.2,20.8,76.3,7.3,25.1,10.5,17.2,3.6,21.1,65.1,102.9,54.1,7.2,69.1,9.2,121.0,26.7,25.9,12.1,110.0,15.1,16.7,51.0,8.0,41.1,37.8,34.9,28.7,12.6,6.2,16.1,10.0,3.8
2017-05-29 11:01:00+02:00,5.7,14.0,3.7,19.8,106.6,72.9,60.1,11.2,4.0,28.9,20.8,76.4,7.2,25.1,10.6,17.0,3.6,21.1,65.2,103.0,54.1,7.2,69.1,8.9,121.6,26.7,25.9,11.9,110.1,15.1,16.7,51.0,8.0,41.1,37.8,34.9,28.7,12.6,6.2,16.1,10.1,3.9
2017-05-29 11:02:00+02:00,5.7,13.9,3.7,19.7,107.1,73.2,60.2,11.2,4.0,28.2,21.0,76.7,7.3,25.2,10.6,16.3,3.6,21.2,65.4,103.5,54.2,7.2,69.4,8.1,122.3,26.9,25.9,11.0,110.3,15.1,16.8,51.0,8.0,41.3,38.0,35.0,28.8,12.6,6.2,16.2,10.1,3.9
2017-05-29 11:03:00+02:00,5.6,12.8,3.7,18.6,105.8,71.9,59.0,11.2,4.0,28.3,20.9,75.5,7.3,25.1,10.6,16.4,3.7,21.1,64.3,102.2,53.0,7.2,68.2,8.3,120.4,26.8,24.8,11.2,108.5,15.1,16.7,49.9,8.0,41.2,37.9,34.9,28.8,12.6,6.2,16.2,10.1,3.9
2017-05-29 11:04:00+02:00,5.7,12.4,3.7,18.1,105.7,71.1,58.2,11.0,4.0,29.1,21.8,74.5,7.3,24.8,10.5,17.2,3.6,20.8,63.4,102.2,52.2,7.2,67.3,9.1,120.4,27.8,24.3,12.0,108.4,14.8,16.6,49.0,7.9,41.0,37.7,34.8,28.6,12.6,6.2,16.1,10.1,3.9
2017-05-29 11:05:00+02:00,5.7,11.8,3.7,17.5,105.7,70.4,57.5,11.0,4.0,29.5,22.6,73.8,7.3,24.8,10.5,17.7,3.6,20.8,62.7,102.2,51.5,7.2,66.6,9.1,120.4,28.6,23.6,12.0,108.4,14.8,16.6,48.4,7.9,40.9,37.6,34.6,28.5,12.6,6.2,15.9,10.1,3.9
2017-05-29 11:06:00+02:00,5.6,12.7,3.7,18.6,106.8,71.4,58.5,10.9,4.0,29.4,22.7,74.8,7.2,24.7,10.5,17.7,3.6,20.7,63.9,103.3,52.5,7.2,67.7,9.0,121.4,28.6,24.7,11.9,109.5,14.7,16.6,49.4,7.9,41.0,37.6,34.7,28.6,12.6,6.2,16.0,10.0,3.8
2017-05-29 11:07:00+02:00,5.6,12.8,3.7,18.7,107.5,72.0,58.7,10.9,4.0,29.6,22.7,75.4,7.2,24.7,10.6,17.8,3.6,20.7,64.4,104.0,52.7,7.2,68.2,9.1,122.2,28.7,24.8,12.0,110.2,14.7,16.6,49.5,7.9,41.1,37.7,34.8,28.6,12.6,6.2,16.0,10.1,3.9
2017-05-29 11:08:00+02:00,5.6,12.9,3.8,18.9,107.6,72.0,58.8,10.9,3.7,29.6,22.9,75.5,7.2,24.7,10.6,17.8,3.6,20.7,64.4,104.1,52.8,7.3,68.3,9.1,122.3,28.8,25.0,12.0,110.4,14.7,16.8,49.6,7.6,40.8,37.5,34.5,28.4,12.6,6.3,15.8,10.0,3.9
2017-05-29 11:09:00+02:00,5.6,13.4,3.9,19.3,107.4,71.9,59.0,10.8,3.9,29.5,22.8,75.3,7.2,24.5,10.7,17.8,3.6,20.6,64.3,103.9,53.0,7.4,68.2,9.1,121.8,28.7,25.4,12.0,110.2,14.6,16.8,49.9,7.9,40.6,37.3,34.3,28.2,12.5,6.2,15.8,10.0,3.8
2017-05-29 11:10:00+02:00,5.8,13.4,3.9,19.3,107.3,71.6,59.0,10.9,3.9,29.6,22.9,75.0,7.2,24.5,10.7,17.8,3.6,20.6,64.1,103.7,53.0,7.4,67.9,9.0,121.7,28.8,25.4,12.0,110.2,14.6,16.8,49.9,7.8,41.1,37.7,34.6,28.5,12.5,6.2,16.0,10.0,3.8
2017-05-29 11:11:00+02:00,6.0,13.5,3.9,19.5,107.8,72.1,59.4,10.9,4.0,29.4,23.0,75.5,7.2,24.7,10.8,17.5,3.6,20.7,64.5,104.3,53.4,7.5,68.3,8.7,122.0,28.9,25.6,11.7,110.9,14.7,16.9,50.2,7.9,41.4,38.0,34.8,28.7,12.6,6.3,16.1,10.0,3.8
2017-05-29 11:12:00+02:00,6.0,13.6,3.9,19.6,108.6,72.7,59.9,11.0,4.0,30.4,23.1,76.1,7.3,24.8,10.8,18.5,3.6,20.8,65.0,105.1,53.8,7.5,68.9,9.6,122.7,29.1,25.8,12.6,111.5,14.8,17.0,50.6,7.9,41.6,38.2,35.1,28.9,12.7,6.3,16.2,10.1,3.9
2017-05-29 11:13:00+02:00,6.0,13.4,3.9,19.4,108.8,72.8,60.0,11.0,3.9,30.6,23.2,76.2,7.3,24.8,10.9,18.5,3.6,20.8,65.1,105.3,53.8,7.5,69.0,9.6,123.5,29.2,25.6,12.6,111.7,14.8,17.1,50.5,7.9,41.7,38.3,35.1,28.9,12.7,6.3,16.3,10.1,3.9
2017-05-29 11:14:00+02:00,6.0,13.6,3.9,19.6,109.0,72.9,60.1,11.0,4.0,30.6,23.2,76.4,7.4,24.9,10.9,18.5,3.7,20.9,65.2,105.5,54.0,7.5,69.1,9.5,123.7,29.2,25.8,12.6,111.6,14.9,17.1,50.7,7.9,41.7,38.3,35.1,28.9,12.7,6.3,16.3,10.1,3.9
2017-05-29 11:15:00+02:00,6.0,12.9,3.9,19.0,108.6,72.5,59.7,11.1,4.0,30.8,23.1,75.9,7.4,25.0,10.9,18.6,3.7,20.9,64.8,105.1,53.6,7.6,68.7,9.6,124.1,29.3,25.3,12.8,111.9,14.9,17.1,50.2,7.2,41.8,38.4,35.2,29.0,12.7,6.3,16.3,10.2,3.9
2017-05-29 11:16:00+02:00,6.0,12.6,3.9,18.7,108.1,72.1,59.3,11.1,4.0,30.7,22.8,75.6,7.4,25.0,10.9,18.6,3.7,21.0,64.4,104.5,53.2,7.5,68.3,9.6,123.5,29.1,24.9,12.7,111.3,14.9,17.1,49.9,6.9,41.9,38.4,35.2,29.0,12.6,6.2,16.4,10.2,4.0
2017-05-29 11:17:00+02:00,6.0,12.9,3.9,18.9,108.3,72.3,59.5,11.1,4.0,30.2,22.9,75.7,7.4,24.9,10.8,18.2,3.7,20.9,64.6,104.7,53.4,7.5,68.5,9.2,123.8,29.1,25.2,12.4,111.4,14.9,17.1,50.1,7.2,41.8,38.4,35.3,29.0,12.6,6.2,16.4,10.2,3.9
2017-05-29 11:18:00+02:00,6.0,12.7,3.9,18.7,108.7,72.2,59.4,11.1,4.0,30.3,23.3,75.7,7.4,25.0,10.9,18.3,3.7,21.0,64.6,105.1,53.3,7.5,68.4,9.2,124.8,29.6,25.0,12.4,112.3,14.9,17.2,50.0,7.0,42.0,38.5,35.3,29.1,12.7,6.3,16.4,10.1,3.9
2017-05-29 11:19:00+02:00,6.1,12.4,3.9,18.5,108.9,72.3,59.5,11.4,4.0,30.5,23.4,75.8,7.4,25.3,11.0,18.5,3.7,21.3,64.6,105.4,53.3,7.6,68.5,9.2,124.9,29.6,24.7,12.4,112.6,15.2,17.3,50.0,6.7,42.1,38.6,35.4,29.2,12.7,6.3,16.5,10.2,3.9
2017-05-29 11:20:00+02:00,6.1,11.5,4.0,17.6,109.1,72.0,59.0,11.5,4.0,30.9,23.6,75.7,7.5,25.5,11.1,18.8,3.7,21.5,64.3,105.5,52.8,7.6,68.2,9.3,125.3,29.9,23.9,12.6,112.8,15.3,17.5,49.4,5.8,42.6,39.1,35.8,29.5,12.8,6.3,16.7,10.3,3.9
2017-05-29 11:21:00+02:00,6.2,12.0,4.0,18.1,110.4,73.0,59.9,11.5,4.0,31.4,23.8,76.7,7.5,25.7,11.2,19.1,3.7,21.6,65.2,106.7,53.6,7.7,69.1,9.5,126.7,30.2,24.5,12.9,114.0,15.4,17.6,50.1,6.1,43.0,39.4,36.2,29.8,12.9,6.4,16.8,10.4,4.0
2017-05-29 11:22:00+02:00,6.3,12.6,4.0,18.8,111.7,73.7,60.4,10.8,4.1,32.3,24.2,77.4,6.8,25.2,11.4,19.7,3.8,21.1,65.8,108.0,53.9,7.8,69.7,9.9,128.3,30.7,25.3,13.3,115.4,14.8,17.9,50.4,6.6,43.7,40.1,36.8,30.3,13.2,6.5,17.1,10.5,4.0
2017-05-29 11:23:00+02:00,6.4,13.2,4.1,19.7,114.4,75.4,61.8,10.5,4.1,33.2,24.7,79.3,6.4,25.2,11.5,20.2,3.9,21.1,67.4,110.6,55.2,8.0,71.4,10.1,131.4,31.5,26.4,13.6,118.2,14.6,18.2,51.6,6.7,44.9,41.2,37.8,31.1,13.5,6.7,17.6,10.8,4.1
2017-05-29 11:24:00+02:00,6.5,14.5,4.2,21.2,119.3,79.4,65.2,11.7,4.2,34.0,25.4,83.4,7.5,26.8,11.9,20.6,4.0,22.6,71.2,115.6,58.4,8.1,75.3,10.4,136.9,32.4,28.0,13.8,123.3,15.8,18.7,54.8,7.6,46.1,42.3,38.7,31.9,13.9,6.9,18.0,11.1,4.2
2017-05-29 11:25:00+02:00,6.4,13.9,4.0,20.4,114.6,76.4,62.9,11.4,4.0,32.3,24.4,80.2,7.4,26.0,11.4,19.5,3.8,22.0,68.5,111.1,56.4,7.8,72.5,9.9,131.4,31.0,27.0,12.9,118.4,15.5,18.0,53.0,7.3,44.0,40.4,37.1,30.5,13.3,6.6,17.2,10.6,4.0
2017-05-29 11:26:00+02:00,5.6,11.9,3.5,17.6,99.6,66.6,54.9,10.1,3.5,27.9,21.0,69.8,6.7,22.8,9.7,16.7,3.3,19.3,59.9,96.5,49.2,6.7,63.3,8.5,113.9,26.8,23.4,11.0,102.8,13.6,15.5,46.2,6.2,38.1,35.0,32.1,26.4,11.5,5.7,14.9,9.2,3.4
2017-05-29 11:27:00+02:00,5.3,11.3,3.2,16.6,92.0,61.7,51.0,9.2,3.2,25.8,19.4,64.5,6.1,20.9,8.9,15.5,3.0,17.8,55.6,89.2,45.6,6.1,58.6,7.7,105.2,24.8,22.0,10.1,94.9,12.4,14.3,42.9,5.9,35.2,32.3,29.7,24.4,10.7,5.3,13.7,8.4,3.1
2017-05-29 11:28:00+02:00,4.9,10.2,2.9,15.1,83.9,56.2,46.5,8.3,2.8,23.8,17.8,58.7,5.5,19.0,8.0,14.2,2.7,16.1,50.7,81.3,41.6,5.5,53.5,7.1,96.0,22.7,20.0,9.2,86.5,11.1,13.0,39.0,5.3,32.4,29.7,27.3,22.4,9.8,4.9,12.6,7.7,2.8
2017-05-29 11:29:00+02:00,5.1,10.4,2.9,15.4,86.3,57.7,47.5,8.5,2.9,24.7,18.4,60.3,5.6,19.4,8.3,14.8,2.8,16.5,52.0,83.6,42.5,5.7,54.8,7.4,99.0,23.5,20.5,9.6,89.0,11.3,13.4,39.9,5.3,33.5,30.7,28.2,23.2,10.2,5.1,13.0,8.0,2.9
2017-05-29 11:30:00+02:00,4.9,9.2,2.8,14.1,81.9,54.5,44.8,8.1,2.8,23.7,17.6,57.0,5.3,18.5,7.9,14.2,2.6,15.8,49.1,79.3,39.9,5.4,51.8,7.1,94.0,22.4,19.0,9.3,84.4,10.8,12.8,37.5,4.4,32.1,29.5,27.1,22.2,9.8,4.8,12.5,7.6,2.7
2017-05-29 11:31:00+02:00,4.9,9.9,2.8,14.8,82.6,55.0,45.2,7.6,2.8,24.0,17.7,57.5,4.8,18.1,8.0,14.5,2.6,15.3,49.5,80.0,40.3,5.5,52.2,7.3,94.9,22.6,19.7,9.5,85.2,10.3,13.0,37.8,5.1,32.4,29.8,27.4,22.4,9.8,4.9,12.6,7.7,2.7
2017-05-29 11:32:00+02:00,5.7,11.0,3.4,16.6,96.9,64.3,52.5,9.2,3.3,28.6,20.9,67.3,6.0,21.6,9.5,17.3,3.1,18.3,57.7,93.8,46.8,6.5,61.0,8.9,111.5,26.6,22.3,11.5,100.0,12.6,15.3,43.9,5.3,38.1,34.9,32.1,26.3,11.5,5.7,14.8,9.1,3.3
2017-05-29 11:33:00+02:00,6.2,12.8,3.7,18.9,106.5,71.1,58.2,10.4,3.6,30.7,22.6,74.4,6.9,23.8,10.4,18.6,3.4,20.2,64.0,103.1,52.0,7.1,67.5,9.4,122.3,28.8,25.0,12.3,109.9,14.0,16.6,48.8,6.7,41.2,37.8,34.6,28.4,12.4,6.2,16.0,9.8,3.6
2017-05-29 11:34:00+02:00,5.6,10.5,3.3,16.1,94.2,62.6,51.2,9.2,3.2,27.1,20.2,65.5,6.2,21.3,9.3,16.3,3.1,18.1,56.3,91.2,45.7,6.3,59.5,8.1,107.9,25.8,21.5,10.7,97.2,12.5,14.8,42.8,5.0,36.8,33.8,31.0,25.5,11.1,5.5,14.3,8.8,3.2
2017-05-29 11:35:00+02:00,5.1,9.6,3.0,14.6,85.9,57.2,46.7,8.3,2.8,24.1,18.5,59.7,5.6,19.4,8.5,14.2,2.8,16.4,51.4,83.1,41.6,5.8,54.3,6.8,97.7,23.5,19.7,9.1,88.6,11.3,13.6,39.0,4.6,33.6,30.8,28.3,23.2,10.2,5.0,13.0,8.0,2.9
2017-05-29 11:36:00+02:00,4.4,7.9,2.6,12.2,72.9,48.4,39.6,7.1,2.4,19.8,15.8,50.6,4.7,16.6,7.3,11.3,2.4,14.0,43.5,70.6,35.3,5.0,46.0,5.0,83.7,20.1,16.5,6.9,75.2,9.6,11.6,33.1,3.7,28.7,26.3,24.2,19.8,8.7,4.3,11.2,6.9,2.5
2017-05-29 11:37:00+02:00,4.4,8.7,2.6,13.0,73.8,49.2,40.2,7.0,2.4,20.5,15.9,51.3,4.7,16.5,7.3,12.1,2.4,14.0,44.1,71.4,35.9,5.0,46.6,5.7,84.8,20.1,17.2,7.7,76.1,9.6,11.7,33.7,4.4,28.7,26.3,24.2,19.8,8.7,4.3,11.2,6.9,2.5
2017-05-29 11:38:00+02:00,6.5,12.8,4.0,19.0,111.8,73.9,60.3,10.9,3.8,31.5,24.1,77.5,7.2,25.0,11.3,18.8,3.7,21.2,66.2,108.1,53.9,7.7,70.0,9.0,128.8,30.6,25.4,12.3,115.6,14.8,17.8,50.4,6.4,43.5,39.9,36.6,30.1,13.1,6.5,16.9,10.4,3.9
2017-05-29 11:39:00+02:00,6.6,14.3,4.1,20.8,117.2,77.9,63.8,11.3,4.0,32.2,25.0,81.7,7.6,26.0,11.8,19.1,3.8,22.0,69.9,113.3,57.1,8.0,73.9,8.9,134.8,31.7,27.5,12.4,121.2,15.4,18.5,53.4,7.7,45.1,41.3,37.8,31.1,13.6,6.8,17.5,10.8,4.1
2017-05-29 11:40:00+02:00,6.6,13.6,4.2,20.2,117.7,78.1,63.7,11.5,4.1,32.1,25.3,81.9,7.7,26.4,11.9,18.8,3.9,22.3,70.0,113.8,56.9,8.1,74.0,8.5,135.4,32.0,26.9,12.1,121.6,15.7,18.7,53.2,6.9,45.6,41.7,38.1,31.4,13.7,6.8,17.7,10.9,4.1
2017-05-29 11:41:00+02:00,6.4,14.2,4.1,20.7,116.7,77.8,63.6,11.4,4.0,31.3,24.8,81.5,7.6,26.1,11.7,18.4,3.9,22.0,69.8,112.8,57.0,8.0,73.8,8.3,133.9,31.4,27.3,11.8,120.6,15.5,18.4,53.3,7.6,44.6,40.9,37.4,30.7,13.4,6.7,17.3,10.7,4.0
2017-05-29 11:42:00+02:00,6.4,13.3,4.1,19.8,115.4,76.6,62.5,11.5,4.0,31.1,24.8,80.3,7.7,26.2,11.7,18.3,3.9,22.1,68.6,111.5,55.9,8.0,72.6,8.2,132.6,31.3,26.4,11.8,119.3,15.6,18.4,52.5,6.8,44.3,40.6,37.1,30.5,13.2,6.6,17.2,10.6,4.0
2017-05-29 11:43:00+02:00,6.4,14.2,4.1,20.6,115.2,76.6,62.5,11.7,4.0,30.9,24.7,80.3,7.9,26.3,11.7,18.1,3.9,22.2,68.6,111.4,55.9,7.9,72.6,8.1,132.3,31.2,27.3,11.6,119.1,15.7,18.3,53.6,7.6,44.1,40.4,36.9,30.3,13.2,6.6,17.1,10.6,4.0
2017-05-29 11:44:00+02:00,6.3,13.3,4.1,19.7,113.7,75.4,61.4,11.7,4.0,31.4,24.5,79.0,7.8,26.2,11.6,18.7,3.9,22.1,67.4,109.9,54.8,7.9,71.4,8.8,130.6,31.0,26.3,12.3,117.5,15.7,18.2,52.5,6.8,43.8,40.1,36.6,30.1,13.0,6.5,17.0,10.5,4.0
2017-05-29 11:45:00+02:00,6.2,12.5,4.0,18.9,112.9,75.0,61.2,11.6,4.0,31.2,24.3,78.6,7.8,26.0,11.5,18.6,3.9,21.9,67.2,109.2,54.7,7.8,71.1,8.8,129.6,30.8,25.4,12.3,116.7,15.5,18.0,51.3,6.2,43.5,39.8,36.3,29.9,12.9,6.5,17.0,10.4,4.0
2017-05-29 11:46:00+02:00,6.3,12.3,4.0,18.6,111.3,73.2,60.8,11.7,4.0,31.3,24.4,76.8,7.8,26.1,11.6,18.6,3.9,22.1,66.8,107.6,54.2,7.9,69.3,8.7,128.1,30.9,25.2,12.2,115.1,15.7,18.1,51.3,6.0,43.8,40.1,36.6,30.1,13.0,6.5,17.1,10.5,4.0
2017-05-29 11:47:00+02:00,6.2,12.6,4.0,19.0,110.8,73.0,61.0,11.6,4.0,30.5,24.2,76.5,7.8,26.0,11.5,17.8,3.8,22.0,67.0,107.1,54.5,7.8,69.1,8.0,127.5,30.7,25.5,11.5,114.5,15.6,18.0,51.5,6.2,43.6,39.9,36.4,30.0,13.0,6.5,17.0,10.5,4.0
2017-05-29 11:48:00+02:00,6.3,13.8,4.0,20.2,111.9,73.9,60.9,11.5,4.0,30.8,24.3,77.5,7.7,26.0,11.5,18.0,3.8,21.9,66.9,108.2,54.4,7.9,70.0,8.1,128.9,30.8,26.8,11.6,115.8,15.5,18.1,52.7,7.3,43.8,40.1,36.6,30.2,13.1,6.5,17.1,10.5,4.0
2017-05-29 11:49:00+02:00,6.3,14.0,4.0,20.4,113.9,75.5,62.3,11.6,4.0,30.7,24.5,79.2,7.7,26.0,11.6,17.9,3.8,22.0,68.3,110.1,55.7,7.9,71.6,8.1,130.8,31.0,26.9,11.6,117.8,15.6,18.2,53.0,7.5,43.9,40.2,36.7,30.2,13.1,6.6,17.1,10.5,4.0
2017-05-29 11:50:00+02:00,6.3,13.4,4.0,19.9,114.0,75.5,62.2,11.7,4.0,30.6,24.5,79.3,7.8,26.1,11.6,17.8,3.8,22.1,68.2,110.2,55.6,7.9,71.5,8.1,130.8,31.1,26.4,11.6,117.9,15.7,18.1,52.5,7.1,43.8,40.1,36.6,30.1,13.1,6.5,17.0,10.5,4.0
2017-05-29 11:51:00+02:00,6.3,13.8,4.0,20.2,113.9,75.4,62.2,11.5,4.0,30.2,24.5,79.2,7.7,26.0,11.6,17.5,3.8,21.9,68.2,110.1,55.6,7.9,71.4,8.1,130.7,31.1,26.7,11.3,117.7,15.5,18.1,52.7,7.4,43.8,40.1,36.6,30.1,13.1,6.5,17.0,10.5,4.0
2017-05-29 11:52:00+02:00,6.3,13.6,4.0,20.0,114.1,75.5,62.2,11.6,4.0,30.1,24.6,79.3,7.7,26.1,11.6,17.3,3.8,22.0,68.2,110.4,55.6,7.9,71.6,8.1,131.0,31.2,26.5,11.1,118.0,15.6,18.1,52.6,7.2,43.8,40.1,36.6,30.1,13.1,6.5,17.1,10.5,4.0
2017-05-29 11:53:00+02:00,6.3,13.6,4.0,20.0,114.7,75.9,62.3,11.6,4.0,29.3,24.7,79.8,7.7,26.1,11.6,16.5,3.8,22.0,68.4,110.9,55.8,7.9,72.0,8.1,131.6,31.2,26.6,10.3,118.6,15.6,18.2,52.6,7.4,43.9,40.2,36.7,30.2,13.1,6.6,17.1,10.5,4.0
2017-05-29 11:54:00+02:00,6.4,13.5,4.1,19.9,114.0,75.3,62.0,11.6,4.0,29.8,24.7,79.1,7.7,26.1,11.7,17.0,3.8,22.0,67.6,110.2,55.4,7.9,71.3,8.1,130.9,31.2,26.4,10.8,117.9,15.5,18.2,52.5,7.2,44.0,40.3,36.7,30.2,13.1,6.6,17.1,10.5,4.0
2017-05-29 11:55:00+02:00,6.4,13.5,4.1,19.9,114.2,75.4,62.4,11.6,4.0,31.9,24.7,79.3,7.7,26.1,11.7,19.1,3.9,22.0,67.8,110.4,55.8,7.9,71.5,9.9,131.1,31.2,26.5,13.0,118.1,15.5,18.3,52.6,7.3,43.9,40.2,36.7,30.2,13.1,6.6,17.1,10.5,3.9
2017-05-29 11:56:00+02:00,6.4,13.5,4.1,19.9,113.9,75.7,62.2,11.5,4.0,32.2,24.7,79.5,7.6,25.9,11.7,19.4,3.9,21.8,68.0,110.6,55.6,7.9,71.7,10.2,130.8,31.2,26.4,13.3,117.8,15.4,18.3,52.3,7.3,43.8,40.1,36.6,30.1,13.1,6.5,17.1,10.5,3.9
2017-05-29 11:57:00+02:00,6.4,13.5,4.1,19.9,114.4,76.3,62.3,11.6,4.0,32.2,24.6,80.1,7.6,26.0,11.6,19.4,3.8,21.9,68.7,111.2,55.7,7.9,72.4,10.2,131.2,31.2,26.4,13.3,118.2,15.4,18.2,52.4,7.3,43.8,40.1,36.6,30.2,13.1,6.5,17.1,10.5,3.9
2017-05-29 11:58:00+02:00,6.4,14.0,4.1,20.4,113.8,75.5,62.8,11.5,4.0,32.1,24.7,79.2,7.6,25.9,11.7,19.3,3.9,21.8,69.2,110.4,56.2,7.9,71.5,10.2,130.5,31.3,26.9,13.2,117.6,15.4,18.3,52.8,7.8,43.9,40.2,36.8,30.3,13.1,6.5,17.1,10.5,3.9
2017-05-29 11:59:00+02:00,6.4,14.0,4.0,20.5,113.4,75.2,62.7,11.4,4.0,32.0,24.7,79.0,7.6,25.8,11.6,19.3,3.8,21.8,69.1,110.1,56.1,7.9,71.3,10.1,130.0,31.3,27.0,13.2,117.1,15.3,18.2,52.8,7.8,43.8,40.0,36.6,30.1,13.1,6.5,17.0,10.4,3.9
2017-05-29 12:00:00+02:00,6.4,14.1,4.1,20.6,112.5,75.5,62.9,11.5,4.0,31.5,24.7,79.3,7.7,25.9,11.6,19.3,3.8,21.9,69.3,110.2,56.3,7.9,71.5,10.1,129.2,31.1,27.1,13.2,116.2,15.4,18.2,53.0,7.9,43.8,40.0,36.5,30.0,13.1,6.4,17.0,10.4,3.9
2017-05-29 12:01:00+02:00,6.5,14.2,4.1,20.7,113.4,76.1,62.3,10.7,4.0,32.3,24.7,79.8,6.8,25.1,11.6,19.4,3.8,21.0,68.7,110.6,55.7,7.8,72.1,10.2,130.3,30.9,27.3,13.3,117.2,14.6,18.2,52.4,8.0,44.0,40.2,36.7,30.3,13.1,6.4,17.2,10.6,4.0
2017-05-29 12:02:00+02:00,6.5,14.3,4.1,20.8,112.3,75.6,61.5,9.6,4.0,32.6,24.8,79.4,5.8,24.1,11.6,19.6,3.3,20.0,67.9,110.3,54.9,7.8,71.7,10.2,129.3,31.0,27.4,13.4,116.2,13.5,18.3,51.5,8.0,44.3,40.5,37.0,30.4,13.2,6.5,17.3,10.6,4.0
2017-05-29 12:03:00+02:00,6.5,14.3,4.1,20.8,114.6,76.6,62.6,10.7,4.0,32.7,24.8,80.4,6.9,25.1,11.6,19.7,3.6,21.0,69.0,111.4,55.9,7.8,72.7,10.2,131.7,31.1,27.4,13.5,118.5,14.6,18.3,52.5,8.0,44.4,40.6,37.0,30.5,13.2,6.5,17.3,10.7,4.0
2017-05-29 12:04:00+02:00,6.5,13.0,4.1,19.5,114.2,75.6,61.6,11.1,2.7,32.9,24.9,79.4,7.5,25.4,11.6,19.9,3.6,21.3,68.0,110.4,54.9,7.8,71.6,10.2,131.3,31.1,26.1,13.5,118.1,15.0,18.3,51.5,6.6,44.4,40.6,37.0,30.5,13.2,6.5,17.3,10.7,4.1
2017-05-29 12:05:00+02:00,6.5,12.7,4.1,19.3,113.5,75.0,61.0,10.9,2.5,32.9,24.8,78.8,7.4,25.1,11.6,19.9,3.5,21.1,67.4,109.7,54.4,7.8,71.0,10.2,129.8,31.0,25.8,13.4,117.4,14.8,18.3,51.0,6.5,44.2,40.4,36.9,30.4,13.1,6.4,17.3,10.6,4.0
2017-05-29 12:06:00+02:00,6.5,13.3,4.1,19.8,114.1,75.6,61.6,11.0,3.1,32.9,24.7,79.4,7.4,25.2,11.6,20.0,3.5,21.2,68.0,110.3,55.0,7.7,71.6,10.2,130.1,31.0,26.4,13.4,117.8,14.9,18.2,51.6,7.1,44.1,40.3,36.8,30.3,13.1,6.4,17.2,10.6,4.0
2017-05-29 12:07:00+02:00,6.5,13.9,4.1,20.3,114.8,76.3,62.3,11.1,3.6,33.0,24.8,80.1,7.4,25.3,11.6,20.0,3.5,21.3,68.7,111.0,55.6,7.7,72.3,10.2,131.6,31.0,26.9,13.4,118.5,15.0,18.3,52.2,7.6,43.9,40.1,36.6,30.1,12.9,6.2,17.2,10.6,4.0
2017-05-29 12:08:00+02:00,6.5,14.0,4.1,20.5,114.9,76.3,62.4,11.1,3.8,33.0,24.8,80.2,7.4,25.3,11.6,20.0,3.5,21.3,68.8,111.2,55.7,7.7,72.4,10.2,131.9,31.1,27.1,13.4,118.7,15.0,18.3,52.3,7.8,43.2,39.4,35.9,29.4,12.1,5.4,17.2,10.6,4.0
2017-05-29 12:09:00+02:00,6.5,14.0,4.0,20.5,114.4,76.2,62.2,10.9,3.8,32.4,24.3,80.0,7.5,25.1,11.1,19.5,3.5,21.1,68.7,110.6,55.6,7.7,72.3,10.2,131.3,30.7,27.1,13.0,118.2,14.8,17.8,52.2,7.8,43.2,39.4,35.8,29.3,12.1,5.4,17.2,10.6,4.0
2017-05-29 12:10:00+02:00,6.5,13.8,4.0,20.3,113.9,76.1,62.1,11.1,3.6,32.0,24.0,79.9,7.4,25.2,10.9,19.1,3.5,21.2,68.5,110.1,55.5,7.7,72.2,10.1,130.8,30.3,26.9,12.6,117.7,14.9,17.5,52.1,7.6,43.0,39.2,35.7,29.2,12.0,5.4,17.1,10.6,4.0
2017-05-29 12:11:00+02:00,6.5,12.5,4.0,18.9,112.2,74.7,60.7,11.1,2.8,32.0,24.2,78.5,7.4,25.2,11.1,19.2,3.5,21.2,67.1,108.8,54.1,7.7,70.8,10.1,129.0,30.4,25.5,12.7,115.9,14.9,17.8,50.7,6.7,42.4,38.6,35.0,28.5,11.4,4.7,17.2,10.6,4.0
2017-05-29 12:12:00+02:00,6.5,11.6,4.0,18.0,110.5,73.5,59.6,10.9,2.3,32.1,24.6,77.3,7.4,25.0,11.5,19.3,3.5,21.1,66.0,108.1,53.0,7.7,69.6,10.1,127.2,30.9,24.6,12.8,114.1,14.7,18.1,49.6,6.2,42.4,38.6,35.0,28.5,11.4,4.8,17.1,10.5,4.0
2017-05-29 12:13:00+02:00,6.5,12.7,4.0,19.2,112.0,74.6,60.7,10.9,3.5,31.9,24.5,78.3,7.4,24.9,11.5,19.1,3.5,20.9,67.1,109.0,54.1,7.6,70.7,10.1,128.7,30.8,25.7,12.7,115.7,14.6,18.1,50.6,7.4,42.6,38.8,35.3,28.8,11.7,5.1,17.1,10.5,3.9
2017-05-29 12:14:00+02:00,6.5,13.0,4.0,19.5,113.4,75.3,61.4,11.1,3.7,32.2,24.7,79.1,7.5,25.2,11.5,19.3,3.6,21.2,67.8,109.9,54.8,7.7,71.4,10.2,130.2,30.9,26.0,12.8,117.0,14.9,18.2,51.2,7.6,43.0,39.2,35.6,29.2,12.1,5.4,17.1,10.5,3.9
2017-05-29 12:15:00+02:00,6.6,13.4,4.0,19.9,113.4,75.7,61.8,10.8,4.0,32.3,24.8,79.6,7.5,25.0,11.6,19.5,3.6,21.0,68.2,110.0,55.2,7.7,71.8,10.3,130.4,30.5,26.5,13.0,117.1,14.6,18.3,51.5,8.0,43.7,39.9,36.3,29.8,12.6,5.9,17.2,10.5,3.9
2017-05-29 12:16:00+02:00,6.6,13.3,4.1,19.9,113.0,75.5,61.3,10.3,3.8,32.1,24.8,79.3,7.0,24.5,11.5,20.1,3.6,20.5,67.7,109.5,54.7,7.7,71.6,10.3,130.0,30.3,26.5,13.6,116.7,14.2,18.2,51.0,7.9,44.0,40.2,36.6,30.1,12.8,6.2,17.2,10.6,4.0
2017-05-29 12:17:00+02:00,6.6,13.3,4.1,20.0,113.8,75.9,61.6,10.4,3.9,32.7,24.8,79.8,6.6,24.7,11.5,20.5,3.6,20.7,68.1,110.3,55.0,7.7,72.0,10.4,130.3,30.7,26.6,14.0,117.0,14.3,18.2,51.3,7.9,44.1,40.3,36.7,30.1,12.8,6.2,17.3,10.6,4.0
2017-05-29 12:18:00+02:00,6.6,13.4,4.1,20.0,114.7,76.6,62.3,10.9,3.9,32.5,24.8,80.5,6.9,25.3,11.5,20.4,3.9,21.3,68.8,111.1,55.7,7.7,72.7,10.4,131.4,30.7,26.7,13.9,118.1,14.7,18.2,52.0,8.0,44.1,40.3,36.6,30.1,12.8,6.1,17.2,10.6,4.0
2017-05-29 12:19:00+02:00,6.6,12.9,4.0,19.5,112.5,75.5,61.2,10.3,3.7,32.3,24.7,79.4,6.8,24.8,11.5,20.3,3.9,20.8,67.7,108.9,54.7,7.7,71.6,10.4,128.6,29.6,26.3,13.8,115.4,14.2,18.2,51.0,7.6,44.0,40.1,36.5,30.0,12.8,6.2,17.1,10.5,4.0
2017-05-29 12:20:00+02:00,6.6,12.9,4.0,19.5,112.2,75.4,61.1,10.2,3.7,32.5,24.5,79.3,6.7,24.6,11.3,20.2,3.9,20.7,67.6,108.7,54.5,7.4,71.5,10.3,127.7,29.5,26.3,13.7,114.6,14.1,18.0,50.9,7.6,44.0,40.2,36.6,30.0,12.9,6.2,17.1,10.5,4.0
2017-05-29 12:21:00+02:00,6.6,13.0,4.1,19.6,111.0,75.1,60.8,10.7,3.7,32.7,23.8,79.0,7.1,25.1,10.4,20.4,3.9,21.1,67.3,107.4,54.1,6.5,71.2,10.4,127.4,28.5,25.4,13.9,114.2,14.5,17.2,50.5,7.6,44.3,40.4,36.8,30.2,12.9,6.2,17.3,10.6,4.0
2017-05-29 12:22:00+02:00,6.6,13.3,4.1,19.9,111.9,75.3,60.9,11.0,3.7,32.6,24.2,79.3,7.4,25.5,10.8,20.3,3.9,21.4,67.5,108.2,54.3,6.9,71.4,10.4,128.4,29.1,25.2,13.7,115.2,14.8,17.6,50.6,7.6,44.3,40.5,36.9,30.3,12.9,6.2,17.3,10.7,4.0
2017-05-29 12:23:00+02:00,6.7,14.2,4.1,20.8,113.7,76.4,61.9,11.0,3.7,31.5,24.7,80.3,7.4,25.5,11.3,19.2,3.9,21.5,68.5,110.2,55.2,7.3,72.4,10.0,130.5,30.0,26.1,12.6,117.2,14.8,18.1,51.6,7.8,44.6,40.7,37.1,30.4,13.0,6.3,17.4,10.7,4.1
2017-05-29 12:24:00+02:00,6.6,13.7,4.1,20.3,112.8,75.9,61.5,11.0,3.7,31.2,25.2,79.9,7.4,25.6,11.8,19.7,4.0,21.5,68.0,110.1,54.8,7.8,71.9,9.9,129.6,30.4,25.6,13.1,116.3,14.8,18.6,51.1,7.8,44.5,40.7,37.0,30.4,13.0,6.3,17.4,10.7,4.1
2017-05-29 12:25:00+02:00,6.6,14.3,4.1,21.0,114.8,77.1,62.6,11.0,3.7,32.4,25.4,81.0,7.4,25.6,12.0,20.1,3.9,21.5,69.2,111.4,55.9,8.0,73.1,9.9,131.6,30.5,26.7,13.5,118.4,14.8,18.8,52.3,7.8,44.6,40.7,37.1,30.5,13.0,6.3,17.4,10.7,4.1
2017-05-29 12:26:00+02:00,6.6,14.4,4.1,21.1,116.6,77.6,63.0,11.0,3.8,32.7,25.3,81.6,7.5,25.7,11.8,20.2,3.9,21.6,69.7,112.9,56.3,7.8,73.6,9.9,132.8,31.4,26.9,13.5,119.5,14.9,18.7,52.6,7.9,44.8,41.0,37.2,30.6,13.1,6.3,17.5,10.8,4.1
2017-05-29 12:27:00+02:00,6.7,14.5,4.1,21.2,117.1,77.8,63.1,11.1,3.8,32.9,25.4,81.8,7.5,25.9,11.8,20.5,4.0,21.8,69.8,113.3,56.4,7.9,73.7,10.1,133.5,31.7,27.1,13.7,120.1,15.1,18.7,53.0,7.9,44.2,40.3,36.6,29.9,12.3,5.5,17.6,10.8,4.1
2017-05-29 12:28:00+02:00,6.7,14.2,4.1,20.9,115.3,76.5,62.0,11.1,3.8,31.9,24.9,80.5,7.5,25.8,11.4,19.5,4.0,21.7,68.7,111.5,55.3,7.8,72.6,10.0,132.2,31.1,26.8,12.8,118.9,15.0,18.2,52.6,7.8,43.8,39.9,36.2,29.5,12.0,5.2,17.5,10.7,4.1
2017-05-29 12:29:00+02:00,6.6,13.0,4.1,19.6,112.1,74.2,59.9,10.9,3.8,31.2,24.5,78.1,7.4,25.4,11.2,19.0,3.9,21.4,66.5,108.5,53.3,7.7,70.3,9.8,128.8,30.5,25.2,12.4,115.7,14.8,17.9,50.6,7.7,43.1,39.3,35.6,29.1,11.8,5.1,17.3,10.6,4.0
2017-05-29 12:30:00+02:00,6.7,12.9,4.1,19.6,113.0,75.2,60.7,11.1,3.8,32.8,24.9,79.1,7.5,25.7,11.4,20.3,3.9,21.6,67.3,109.4,53.9,7.8,71.2,10.0,130.0,30.4,25.5,13.6,116.7,14.9,18.2,51.2,7.9,44.8,40.9,37.2,30.5,13.0,6.2,17.5,10.7,4.1
2017-05-29 12:31:00+02:00,6.7,12.3,4.1,19.0,111.4,74.3,59.7,11.3,3.8,32.8,24.4,78.2,7.7,26.0,11.0,20.4,3.9,21.9,66.4,107.8,53.5,7.3,70.3,10.0,128.4,29.7,24.8,13.6,115.0,15.2,17.7,50.8,7.9,45.2,41.3,37.6,30.9,13.5,6.7,17.4,10.7,4.0
2017-05-29 12:32:00+02:00,6.7,13.3,4.1,20.0,112.2,74.8,60.2,11.5,3.8,32.9,24.6,78.8,7.7,26.1,11.2,20.5,3.8,22.1,66.9,108.6,54.2,7.2,70.8,10.1,128.9,29.9,25.3,13.7,115.5,15.3,17.9,51.5,7.9,45.2,41.3,37.7,31.0,13.5,6.7,17.5,10.7,4.0
2017-05-29 12:33:00+02:00,6.7,13.3,4.1,20.1,111.6,74.2,59.6,11.4,3.8,33.0,24.6,78.2,7.6,25.1,11.2,20.5,3.7,21.0,66.3,108.0,53.5,7.3,70.2,10.2,127.9,30.0,25.7,13.8,114.5,15.3,17.9,50.8,8.0,45.3,41.4,37.8,31.1,13.6,6.8,17.5,10.7,4.0
2017-05-29 12:34:00+02:00,6.6,13.5,4.1,20.1,109.4,72.7,58.2,10.5,3.7,32.3,24.2,76.6,7.7,23.9,10.9,20.2,3.8,19.9,64.8,105.9,52.4,7.1,68.7,10.0,125.3,29.4,25.9,13.6,112.2,14.4,17.6,49.7,7.7,44.6,40.7,37.2,30.6,13.3,6.7,17.2,10.6,4.0
2017-05-29 12:35:00+02:00,6.8,14.5,4.1,21.2,112.1,74.8,60.1,10.7,3.8,32.6,24.4,78.8,7.8,24.3,11.1,20.7,3.9,20.2,66.9,108.4,54.1,7.3,70.8,10.3,128.3,29.7,27.1,13.9,114.9,14.6,17.9,51.4,7.9,45.5,41.5,37.9,31.2,13.6,6.8,17.5,10.8,4.0
2017-05-29 12:36:00+02:00,6.8,14.4,4.1,21.1,111.3,74.7,60.0,10.7,3.7,32.6,23.7,78.7,7.8,24.3,11.1,20.7,3.9,20.3,66.7,107.7,54.0,7.3,70.7,10.3,127.5,29.1,27.0,13.9,114.2,14.6,17.9,51.3,7.8,45.3,41.4,37.8,31.1,13.6,6.8,17.5,10.7,4.0
2017-05-29 12:37:00+02:00,6.8,13.4,4.1,20.1,111.3,73.8,59.1,10.8,3.6,32.6,24.5,77.9,7.8,24.4,11.1,20.6,3.9,20.3,65.8,107.6,53.1,7.3,69.8,10.3,127.5,29.9,26.0,13.8,114.1,14.7,18.0,50.4,6.9,45.5,41.6,37.9,31.2,13.7,6.8,17.5,10.8,4.0
2017-05-29 12:38:00+02:00,6.7,13.1,4.1,19.9,111.2,73.7,59.0,10.7,3.3,32.4,24.7,77.7,7.8,24.4,11.1,20.5,3.9,20.4,65.7,107.6,52.9,7.3,69.7,10.3,127.4,30.1,25.7,13.8,114.1,14.6,18.0,50.1,6.5,45.0,41.0,37.4,30.7,13.6,6.8,17.1,10.4,4.0
2017-05-29 12:39:00+02:00,6.6,13.6,4.1,20.3,111.5,74.3,59.7,10.7,3.4,32.4,24.6,78.3,7.8,25.1,11.1,20.5,3.9,21.1,66.3,107.9,53.9,7.2,70.3,10.1,127.6,29.8,26.1,13.7,114.3,14.6,17.9,51.2,7.0,45.2,41.2,37.6,31.0,13.5,6.8,17.4,10.7,4.0
2017-05-29 12:40:00+02:00,6.6,14.0,4.1,20.6,112.0,74.5,60.1,10.6,3.4,32.3,24.5,78.4,7.7,25.0,11.0,20.4,3.9,21.0,66.6,108.5,54.1,7.2,70.5,10.1,128.0,30.2,26.4,13.8,114.7,14.5,17.8,51.4,7.5,45.0,41.0,37.4,30.8,13.5,6.7,17.3,10.7,4.0
2017-05-29 12:41:00+02:00,6.6,13.8,4.0,20.4,111.8,73.9,59.6,10.5,3.3,31.8,24.4,77.8,7.7,24.7,11.0,20.4,3.8,20.8,66.0,108.2,53.5,7.1,69.9,10.1,127.7,30.5,26.1,13.8,114.5,14.3,17.8,50.9,7.4,44.6,40.7,37.2,30.6,13.4,6.7,17.2,10.6,4.0
2017-05-29 12:42:00+02:00,6.5,13.6,4.0,20.2,110.1,72.3,58.1,10.4,3.3,31.4,24.1,76.2,7.6,23.5,10.9,20.2,3.8,19.6,64.5,106.3,52.2,7.0,68.4,10.0,125.8,30.2,25.8,13.6,112.8,14.1,17.6,49.2,7.3,43.9,40.0,36.5,30.0,13.0,6.5,17.0,10.4,3.9
2017-05-29 12:43:00+02:00,6.5,13.6,4.0,20.1,110.7,72.9,58.8,10.4,3.3,31.3,24.1,76.8,7.6,23.4,10.9,20.1,3.8,19.5,65.1,106.9,52.8,7.0,69.0,9.9,126.3,30.2,25.7,13.5,113.4,14.0,17.5,49.1,7.2,43.5,39.6,36.2,29.7,12.7,6.1,17.0,10.4,3.9
2017-05-29 12:44:00+02:00,6.5,13.6,4.0,20.2,111.3,73.4,59.1,10.4,3.3,31.7,24.2,77.3,7.6,23.6,10.9,20.2,3.8,19.6,65.6,107.5,53.0,7.0,69.4,10.0,127.1,30.4,25.8,13.5,114.0,14.1,17.6,49.4,7.3,43.8,39.9,36.4,29.8,12.7,6.2,17.1,10.5,4.0
2017-05-29 12:45:00+02:00,6.6,12.4,4.0,18.9,110.0,72.1,57.9,10.4,3.3,32.2,24.1,76.1,7.6,23.6,10.9,20.2,3.8,19.7,64.3,106.2,51.7,7.0,68.2,10.0,125.8,30.3,24.5,13.6,112.8,14.2,17.5,48.1,6.1,44.0,40.1,36.6,30.1,13.0,6.4,17.1,10.5,4.0
2017-05-29 12:46:00+02:00,6.5,11.9,4.0,18.4,109.8,71.2,57.4,10.3,3.3,33.2,24.8,75.1,7.5,23.5,11.6,20.3,3.8,19.6,63.9,106.0,51.0,7.8,67.3,10.0,125.6,31.1,23.9,13.6,112.5,14.0,18.2,47.4,5.7,44.1,40.2,36.7,30.2,13.1,6.5,17.1,10.5,3.9
2017-05-29 12:47:00+02:00,6.5,11.8,4.0,18.3,108.6,70.2,56.7,9.9,3.2,33.4,24.7,74.1,7.2,23.0,11.7,20.6,3.5,19.1,63.1,104.9,50.4,7.9,66.3,10.4,124.0,31.0,23.8,14.0,111.0,13.6,18.2,46.8,5.6,44.0,40.1,36.6,30.1,13.0,6.5,17.0,10.4,3.9
2017-05-29 12:48:00+02:00,6.5,11.9,4.0,18.3,109.9,71.3,57.5,9.6,3.3,33.5,24.8,75.2,6.8,23.4,11.7,20.6,3.2,19.5,63.9,106.1,51.2,7.9,67.4,10.4,124.7,31.1,24.2,14.0,111.7,13.3,18.2,47.5,5.7,44.0,40.1,36.6,30.1,13.1,6.5,17.1,10.5,3.9
2017-05-29 12:49:00+02:00,6.6,12.2,4.0,18.7,111.6,72.9,59.0,10.1,3.5,33.8,25.0,76.6,7.0,24.1,11.7,20.7,3.2,20.2,65.5,107.8,52.6,8.0,69.0,10.6,126.0,31.3,24.9,14.1,114.0,13.9,18.3,48.9,5.9,44.5,40.6,37.0,30.4,13.2,6.6,17.2,10.6,4.0
2017-05-29 12:50:00+02:00,6.6,11.8,4.0,18.3,109.9,71.6,57.8,9.2,3.0,33.9,25.1,75.0,7.0,23.2,11.8,20.7,3.2,19.2,64.3,106.0,51.4,8.0,67.8,10.6,124.7,31.2,24.5,14.1,113.2,12.9,18.4,47.7,5.4,44.5,40.6,37.0,30.4,13.2,6.6,17.2,10.6,4.0
2017-05-29 12:51:00+02:00,6.6,12.0,4.0,18.6,108.6,70.7,56.9,8.1,3.2,33.8,24.9,74.0,7.0,22.0,11.8,20.6,3.2,18.0,63.3,104.8,50.5,7.9,66.8,10.5,125.1,31.0,24.8,14.1,111.9,11.8,18.3,46.8,5.6,44.4,40.4,36.9,30.3,13.2,6.5,17.1,10.5,3.9
2017-05-29 12:52:00+02:00,6.7,12.2,4.0,18.8,109.0,71.1,57.3,8.5,3.4,33.7,24.9,74.4,6.9,22.3,11.8,20.6,3.1,18.4,63.8,105.2,50.9,7.9,67.3,10.5,125.6,31.0,25.0,14.0,112.4,12.1,18.3,47.3,5.8,44.3,40.4,36.9,30.3,13.2,6.5,17.1,10.5,3.9
2017-05-29 12:53:00+02:00,6.7,11.9,4.0,18.5,109.8,71.5,57.7,9.1,3.3,33.9,25.1,74.9,7.0,23.1,11.8,20.7,3.2,19.2,64.1,106.0,51.3,8.0,67.7,10.5,126.4,31.2,24.6,14.1,113.1,12.9,18.5,47.7,5.7,44.4,40.5,37.0,30.4,13.2,6.5,17.2,10.6,4.0
2017-05-29 12:54:00+02:00,6.7,11.2,4.0,17.8,108.8,70.2,56.9,9.3,2.7,33.3,25.2,73.7,7.1,23.2,11.9,20.8,3.2,19.3,62.8,104.9,50.5,8.0,66.4,10.5,125.4,31.4,24.0,14.2,112.1,13.0,18.6,47.1,5.2,44.6,40.7,37.1,30.5,13.3,6.6,17.3,10.6,4.0
2017-05-29 12:55:00+02:00,6.7,10.9,4.1,17.5,108.6,70.0,57.0,9.6,2.5,33.2,25.2,73.4,7.0,23.5,11.9,20.9,3.2,19.6,62.6,104.7,50.5,8.0,66.2,10.5,125.2,31.5,23.8,14.3,111.9,13.3,18.7,47.2,5.1,44.5,40.6,37.1,30.6,13.3,6.6,17.3,10.6,4.0
2017-05-29 12:56:00+02:00,6.7,11.2,4.1,17.7,110.1,71.7,57.9,9.7,2.5,33.3,25.3,74.8,7.2,23.8,12.0,20.9,3.3,19.9,64.1,106.2,51.4,8.1,67.7,10.5,126.8,31.6,24.0,14.3,113.5,13.6,18.7,47.8,5.0,43.9,39.9,37.2,30.6,13.3,6.6,17.3,10.7,4.0
2017-05-29 12:57:00+02:00,6.7,11.3,4.1,17.9,109.7,71.5,57.9,9.4,2.6,33.6,25.4,74.2,7.3,23.6,12.0,21.0,3.4,19.6,63.8,105.8,51.4,8.1,67.5,10.6,126.4,31.7,24.1,14.4,113.1,13.3,18.7,47.6,5.2,43.9,40.0,37.3,30.7,13.3,6.6,17.4,10.7,4.0
2017-05-29 12:58:00+02:00,6.6,11.7,4.1,18.4,112.5,73.5,59.6,10.5,3.2,34.1,25.5,76.9,7.3,24.6,12.0,20.7,3.4,20.7,65.8,108.6,53.0,8.1,69.5,10.2,129.4,31.9,24.6,14.1,115.9,14.4,18.8,49.2,5.5,44.2,40.2,37.5,30.8,13.4,6.6,17.4,10.8,4.0
2017-05-29 12:59:00+02:00,6.6,11.8,4.1,18.5,112.8,73.6,59.8,10.5,3.4,34.0,25.5,77.1,7.1,24.7,12.0,20.4,3.2,20.8,66.0,108.8,53.3,8.1,69.7,10.0,129.0,31.8,24.7,13.8,115.6,14.5,18.8,49.4,5.6,44.7,40.8,37.5,30.8,13.4,6.6,17.4,10.7,4.0
2017-05-29 13:00:00+02:00,6.6,13.0,4.1,19.7,114.3,74.9,61.2,10.5,3.4,34.1,25.4,78.7,7.2,24.7,12.0,20.6,3.3,20.8,67.2,110.4,54.6,8.1,70.9,10.1,129.7,31.8,26.0,13.9,116.3,14.5,18.8,50.8,6.7,45.1,41.1,37.3,30.7,13.4,6.6,17.3,10.7,3.9
2017-05-29 13:01:00+02:00,6.6,13.6,4.1,20.3,115.5,75.6,62.1,10.6,3.4,34.5,25.6,79.5,7.2,24.8,12.0,21.0,3.4,20.9,68.1,111.5,55.4,8.1,71.6,10.5,130.9,32.1,26.7,14.3,117.4,14.6,18.8,51.5,7.3,45.1,41.1,37.3,30.6,13.4,6.6,17.2,10.6,3.9
2017-05-29 13:02:00+02:00,6.6,13.5,4.0,20.2,114.7,74.9,61.4,10.2,3.4,33.8,25.4,78.7,7.3,24.3,11.9,20.4,3.4,20.4,67.5,110.8,54.7,8.1,70.9,10.0,130.2,32.1,26.5,13.8,116.9,14.1,18.7,50.9,7.2,44.8,40.9,37.1,30.4,13.3,6.6,17.2,10.6,3.8
2017-05-29 13:03:00+02:00,6.6,13.3,4.1,20.1,114.1,74.5,61.0,9.4,3.2,33.8,25.4,78.1,7.3,23.9,11.9,20.4,3.4,20.0,67.0,110.1,54.4,8.1,70.5,10.0,130.1,32.1,26.6,13.8,116.9,13.3,18.7,50.5,7.1,44.8,40.9,37.1,30.5,13.3,6.6,17.2,10.6,3.8
2017-05-29 13:04:00+02:00,6.7,12.6,4.1,19.4,114.8,75.1,61.6,10.4,2.5,34.1,25.5,78.8,7.2,25.0,12.0,20.8,3.3,21.1,67.6,110.9,54.9,8.1,71.1,10.2,130.8,32.2,26.0,14.1,117.7,14.4,18.8,51.0,6.4,45.1,41.1,37.3,30.7,13.4,6.6,17.3,10.6,3.9
2017-05-29 13:05:00+02:00,6.7,13.0,4.1,19.8,115.1,75.8,62.1,10.4,2.8,34.1,25.5,79.3,7.2,25.1,11.9,20.9,3.3,21.1,68.3,111.1,55.4,8.1,71.8,10.3,131.1,31.9,26.5,14.1,117.9,14.3,18.8,51.5,6.7,45.2,41.2,37.4,30.8,13.4,6.7,17.3,10.6,3.9
2017-05-29 13:06:00+02:00,6.7,12.9,4.1,19.6,114.6,75.3,61.7,10.4,2.8,34.0,25.5,78.8,7.2,24.9,11.9,20.8,3.3,21.0,67.8,110.7,55.0,8.1,71.4,10.2,130.6,32.0,26.3,14.1,117.4,14.3,18.7,51.2,6.7,45.0,41.0,37.2,30.6,13.3,6.6,17.3,10.6,3.8
2017-05-29 13:07:00+02:00,6.7,13.0,4.1,19.7,114.2,75.2,61.6,10.4,2.8,34.3,25.6,78.7,7.2,24.5,12.0,21.0,3.3,20.6,67.5,110.2,54.9,8.1,71.2,10.3,130.2,31.7,26.6,14.2,117.0,14.4,18.8,51.0,6.7,45.2,41.2,37.4,30.7,13.4,6.7,17.3,10.6,3.9
2017-05-29 13:08:00+02:00,6.8,13.3,4.1,20.1,115.1,75.9,62.0,10.3,2.8,34.5,25.7,79.4,7.2,24.4,12.0,21.1,3.3,20.5,68.2,111.1,55.3,8.1,71.9,10.4,131.1,31.9,27.0,14.3,117.9,14.3,18.9,51.4,6.7,45.4,41.4,37.6,30.9,13.5,6.7,17.4,10.7,3.9
2017-05-29 13:09:00+02:00,6.8,13.2,4.1,20.1,114.6,75.6,62.4,10.3,2.8,34.4,25.6,79.1,7.2,24.9,12.0,21.1,3.3,21.0,68.2,110.6,55.7,8.1,71.6,10.4,130.5,31.7,26.9,14.3,117.4,14.3,18.8,51.8,6.7,45.2,41.1,37.3,30.6,13.4,6.7,17.2,10.6,3.9
2017-05-29 13:10:00+02:00,6.7,13.2,4.1,20.0,114.4,75.7,62.2,10.3,2.8,33.9,25.3,79.2,7.2,24.8,12.0,20.8,3.4,20.9,68.0,110.4,55.5,8.1,71.7,10.3,130.3,31.4,26.9,14.0,117.2,14.1,18.9,51.6,6.7,45.1,41.1,37.2,30.6,13.4,6.6,17.2,10.6,3.9
2017-05-29 13:11:00+02:00,6.6,13.2,4.1,20.1,114.8,75.8,62.4,10.4,2.8,34.1,25.5,79.4,7.3,24.9,12.0,20.9,3.4,21.0,68.2,110.9,55.7,8.1,71.8,10.3,130.7,31.6,26.9,14.1,117.6,14.3,18.8,51.8,6.7,45.1,41.1,37.2,30.6,13.4,6.6,17.3,10.6,3.9
2017-05-29 13:12:00+02:00,6.6,13.2,4.1,20.0,114.0,75.2,61.9,10.3,2.8,34.2,25.5,78.8,7.3,24.7,11.9,20.8,3.4,20.8,67.6,110.2,55.3,8.1,71.2,10.3,129.9,31.5,26.8,14.1,116.8,14.0,18.8,51.4,6.7,45.0,41.0,37.1,30.6,13.3,6.6,17.2,10.5,3.9
2017-05-29 13:13:00+02:00,6.7,13.1,4.1,19.9,113.9,75.2,61.8,10.3,2.8,34.0,25.5,78.7,7.3,24.7,11.9,20.9,3.4,20.8,67.6,110.1,55.1,8.1,71.2,10.3,129.9,31.5,26.7,14.2,116.7,14.1,18.8,51.4,6.6,45.0,41.0,37.1,30.5,13.3,6.6,17.2,10.5,3.9
2017-05-29 13:14:00+02:00,6.6,13.1,4.0,19.8,113.5,74.8,61.6,10.3,2.8,34.0,25.3,78.4,7.3,24.6,11.9,20.7,3.4,20.8,67.2,109.6,54.9,8.0,70.9,10.2,129.3,31.4,26.6,14.1,116.2,14.1,18.7,51.2,6.6,44.8,40.8,37.0,30.4,13.2,6.5,17.2,10.5,3.8
2017-05-29 13:15:00+02:00,6.6,11.9,4.0,18.6,111.6,73.0,59.8,10.2,2.8,33.8,25.3,76.5,7.2,24.2,11.9,20.7,3.4,20.4,65.4,107.8,53.1,8.0,69.0,10.1,127.4,31.6,25.3,14.0,114.4,14.0,18.6,49.5,5.6,44.1,40.1,36.9,30.3,13.2,6.5,17.1,10.5,3.8
2017-05-29 13:16:00+02:00,6.6,11.5,4.0,18.1,110.8,72.1,59.0,10.1,2.8,33.5,25.3,75.6,7.2,24.0,11.9,20.7,3.3,20.1,64.7,107.0,52.3,8.0,68.1,10.1,126.6,31.7,24.7,14.1,113.6,13.9,18.7,48.7,5.4,43.7,39.7,36.9,30.3,13.2,6.6,17.1,10.5,3.8
2017-05-29 13:17:00+02:00,6.6,11.8,4.0,18.4,112.1,73.5,59.7,10.3,2.8,33.5,25.1,77.0,7.3,24.4,11.9,20.7,3.5,20.5,66.1,108.3,53.0,8.0,69.5,10.1,127.8,31.5,25.0,14.0,114.9,13.8,18.7,49.4,5.5,44.8,40.8,37.0,30.4,13.3,6.6,17.2,10.5,3.8
2017-05-29 13:18:00+02:00,6.6,13.1,4.0,19.8,113.1,74.6,61.6,10.8,2.8,33.4,24.9,78.1,7.7,24.9,11.9,20.7,3.9,21.0,67.9,109.2,54.9,8.0,70.7,10.1,128.6,31.2,26.4,14.0,115.6,14.5,18.7,51.2,6.7,44.7,40.7,36.9,30.3,13.2,6.6,17.1,10.4,3.8
2017-05-29 13:19:00+02:00,6.6,13.2,4.0,19.9,113.2,74.6,61.9,11.0,2.9,33.0,25.0,78.1,7.7,25.1,11.7,20.5,3.9,21.3,68.3,109.4,55.3,8.0,70.6,10.0,128.3,31.4,26.5,13.8,115.4,14.8,18.4,51.6,6.8,44.4,40.5,36.7,30.2,13.1,6.5,17.0,10.4,3.8
2017-05-29 13:20:00+02:00,6.6,13.2,4.0,19.9,113.7,75.0,62.1,11.1,2.9,32.4,25.0,78.6,7.7,25.3,11.7,20.6,3.9,21.4,68.5,109.9,55.5,8.0,71.0,10.1,129.1,31.4,26.5,13.9,116.2,14.9,18.4,51.8,6.8,44.4,40.5,36.7,30.2,13.1,6.6,17.0,10.4,3.8
2017-05-29 13:21:00+02:00,6.6,13.2,4.0,19.9,114.5,75.5,61.7,11.1,2.9,32.5,25.2,79.2,7.7,25.3,11.9,20.7,3.9,21.5,68.1,110.7,55.0,8.0,71.5,10.1,129.9,31.6,26.0,13.9,117.0,14.9,18.6,51.3,6.8,44.5,40.5,36.7,30.2,13.2,6.6,17.0,10.4,3.8
2017-05-29 13:22:00+02:00,6.5,13.0,4.0,19.7,113.2,74.4,60.8,11.0,2.9,32.8,25.0,78.2,7.7,25.1,11.8,20.3,3.8,21.2,67.1,109.4,54.1,7.9,70.5,9.9,128.4,31.3,25.4,13.7,115.7,14.7,18.5,50.4,6.8,43.9,40.0,36.4,29.9,13.1,6.5,16.9,10.3,3.8
2017-05-29 13:23:00+02:00,6.5,12.6,4.0,19.3,112.3,73.6,60.5,11.0,2.3,32.9,25.1,77.2,7.7,25.2,11.8,20.0,3.9,21.4,66.8,108.5,53.9,8.0,69.6,9.8,127.4,31.4,25.0,13.4,114.6,14.8,18.5,50.2,6.2,42.4,38.5,36.5,30.0,13.1,6.5,16.9,10.3,3.8
2017-05-29 13:24:00+02:00,6.6,12.4,4.0,19.2,113.6,74.4,61.5,11.1,2.1,32.9,25.3,78.2,7.7,25.4,11.9,20.0,3.9,21.5,68.1,109.7,54.8,8.0,70.5,9.9,129.0,31.7,25.8,13.2,116.1,14.9,18.7,51.2,5.9,41.2,38.0,36.4,29.9,12.9,6.3,16.9,10.3,3.8
2017-05-29 13:25:00+02:00,6.6,12.5,4.0,19.3,114.3,75.2,61.6,11.1,2.1,33.2,25.3,78.9,7.7,25.3,11.9,20.2,3.9,21.5,68.3,110.5,54.9,8.0,71.2,10.0,129.8,31.7,25.9,13.4,116.9,14.9,18.7,51.2,6.0,43.0,39.6,36.7,30.2,13.2,6.6,17.0,10.3,3.8
2017-05-29 13:26:00+02:00,6.7,13.3,4.0,20.0,115.0,76.2,62.0,11.1,2.9,33.2,25.3,79.8,7.7,25.0,11.9,20.3,3.8,21.2,68.7,111.2,55.3,8.0,72.2,10.0,130.4,31.6,26.6,13.5,117.5,14.7,18.7,51.6,6.8,43.1,39.8,36.7,30.1,13.2,6.6,16.9,10.3,3.8
2017-05-29 13:27:00+02:00,6.6,13.2,4.0,19.9,114.6,75.7,61.6,11.1,2.8,33.1,25.2,79.3,7.7,25.0,11.9,20.2,3.8,21.1,68.2,110.7,54.9,8.0,71.7,9.9,129.8,31.5,26.5,13.5,117.0,14.6,18.6,51.5,6.7,42.5,39.2,36.4,29.9,13.0,6.5,16.9,10.3,3.8
2017-05-29 13:28:00+02:00,6.6,13.2,4.0,19.9,113.1,74.1,61.0,11.1,2.9,33.0,25.2,77.8,7.7,24.9,11.9,20.2,3.8,21.1,67.6,109.2,54.4,8.0,70.2,10.0,128.4,31.5,26.5,13.5,115.6,14.6,18.6,51.4,6.8,43.2,39.9,36.3,29.9,13.0,6.5,16.8,10.2,3.8
2017-05-29 13:29:00+02:00,6.7,13.2,4.0,19.9,112.8,73.9,61.0,11.2,2.9,33.2,25.2,77.5,7.7,25.0,11.9,20.3,3.8,21.2,67.7,108.9,54.4,8.0,69.9,10.1,128.2,31.6,26.5,13.6,115.3,14.6,18.6,51.5,6.8,43.3,40.1,36.5,30.0,13.1,6.5,16.9,10.3,3.8
2017-05-29 13:30:00+02:00,6.6,13.0,4.0,19.7,113.3,74.2,60.9,11.2,2.9,33.4,25.2,77.9,7.7,25.1,11.9,20.5,3.9,21.2,67.5,109.3,54.3,8.0,70.3,10.0,128.5,31.5,26.3,13.8,115.7,14.7,18.6,51.3,6.6,43.1,40.0,36.4,30.0,13.0,6.5,17.0,10.3,3.8
2017-05-29 13:31:00+02:00,6.7,13.1,4.0,19.7,114.1,75.4,61.1,11.2,2.9,33.9,24.9,79.1,7.6,25.4,11.6,20.6,3.9,21.6,67.8,110.1,54.6,7.7,71.4,10.0,129.3,31.1,26.3,13.9,116.5,14.9,18.3,51.7,6.5,42.3,40.0,36.4,29.9,13.0,6.5,16.9,10.3,3.8
2017-05-29 13:32:00+02:00,6.7,13.1,4.0,19.7,113.7,74.9,61.3,11.2,2.9,33.3,25.2,78.6,7.6,25.5,11.9,20.0,3.9,21.7,67.9,109.8,54.8,8.0,71.0,9.3,129.5,31.3,26.3,13.3,116.7,15.0,18.6,51.8,6.5,42.9,40.0,36.4,29.9,13.0,6.5,16.9,10.3,3.8
2017-05-29 13:33:00+02:00,6.6,13.2,4.0,19.8,114.3,75.5,61.4,11.4,3.0,33.2,25.2,79.2,7.8,25.5,11.9,20.0,4.0,21.7,67.9,110.3,54.8,8.0,71.5,9.3,130.8,31.3,26.4,13.3,117.9,15.2,18.5,51.9,6.7,43.2,39.9,36.3,29.8,12.9,6.4,16.9,10.3,3.8
2017-05-29 13:34:00+02:00,6.8,13.9,4.0,20.6,115.2,76.6,62.8,10.7,3.6,33.6,25.5,79.6,7.9,25.1,12.1,20.2,4.0,21.2,69.4,111.2,56.0,8.1,72.6,9.4,131.9,31.7,27.2,13.4,118.9,14.6,18.8,52.3,7.4,43.8,40.4,36.7,30.2,13.1,6.5,17.1,10.4,3.9
2017-05-29 13:35:00+02:00,6.7,13.9,4.0,20.5,114.5,77.0,62.8,10.7,3.6,33.3,25.3,79.2,7.9,25.0,12.0,20.0,4.0,21.1,69.4,110.5,56.1,8.1,73.1,9.4,131.1,31.5,27.2,13.4,118.2,14.5,18.7,52.1,7.3,43.6,40.3,36.6,30.1,13.1,6.5,17.0,10.4,3.9
2017-05-29 13:36:00+02:00,6.6,13.9,4.0,20.6,114.3,76.6,62.8,10.7,3.6,33.2,25.3,78.7,7.9,24.9,12.0,20.0,4.0,21.1,69.4,110.4,56.0,8.0,72.6,9.3,130.9,31.8,27.2,13.3,118.0,14.5,18.7,52.1,7.3,43.6,40.2,36.6,30.1,13.0,6.5,17.0,10.3,3.8
2017-05-29 13:37:00+02:00,6.7,13.9,4.0,20.6,114.4,76.3,62.2,10.2,3.6,33.4,25.4,78.8,7.9,24.4,12.0,20.2,4.0,20.7,68.8,110.4,55.4,8.0,72.4,9.4,130.6,31.8,27.2,13.4,117.7,14.0,18.8,51.6,7.3,43.6,40.3,36.6,30.1,13.0,6.5,17.0,10.4,3.9
2017-05-29 13:38:00+02:00,6.7,13.9,4.0,20.7,115.2,76.2,62.2,10.7,3.6,33.5,25.0,79.9,7.9,24.9,11.6,20.2,4.0,21.1,68.9,111.2,55.5,8.1,72.2,9.3,131.7,31.4,27.3,13.4,118.8,14.5,18.3,52.1,7.4,43.8,40.5,36.8,30.2,13.1,6.5,17.1,10.4,3.9
2017-05-29 13:39:00+02:00,6.7,13.9,4.0,20.7,115.7,77.5,63.3,11.2,3.6,33.6,24.9,81.3,8.0,25.4,11.5,20.2,4.0,21.6,70.0,111.8,56.6,8.1,73.5,9.5,132.4,30.6,27.2,13.4,119.5,15.0,18.3,52.6,7.3,44.1,40.7,37.0,30.4,13.1,6.5,17.3,10.6,3.9
2017-05-29 13:40:00+02:00,6.7,13.7,4.0,20.5,115.4,77.5,63.4,11.6,3.6,33.3,25.1,81.3,7.9,25.8,11.8,20.0,4.0,22.0,70.1,111.4,56.7,8.1,73.5,9.4,132.0,30.3,27.0,13.3,119.1,15.4,18.5,52.8,7.2,43.4,40.0,36.3,29.6,13.0,6.5,16.6,9.9,3.9
2017-05-29 13:41:00+02:00,6.7,13.6,4.0,20.3,114.9,76.8,62.8,11.4,3.6,33.2,25.3,80.6,7.7,25.4,12.1,20.0,4.0,21.6,69.5,110.9,56.1,8.0,72.9,9.4,131.5,30.5,26.9,13.2,118.6,15.0,18.7,52.2,7.0,43.7,40.3,36.6,29.8,13.0,6.4,16.9,10.3,3.8
2017-05-29 13:42:00+02:00,6.7,13.5,4.0,20.2,114.5,76.6,62.5,11.5,3.5,33.1,25.2,80.3,7.8,25.3,12.0,19.9,4.0,21.6,69.1,110.6,55.8,8.0,72.6,9.4,131.0,30.4,26.8,13.2,118.3,15.0,18.7,52.1,7.0,43.7,40.4,36.7,30.0,12.9,6.4,17.1,10.4,3.8
2017-05-29 13:43:00+02:00,6.6,13.5,4.0,19.6,111.6,75.1,61.3,11.6,3.5,33.0,25.2,78.9,7.9,25.4,12.0,19.8,4.0,21.6,68.0,107.7,54.8,8.0,71.2,9.3,128.0,28.9,26.2,13.1,115.3,15.1,18.7,51.5,7.0,43.2,40.3,36.6,29.9,12.9,6.4,17.0,10.4,3.8
2017-05-29 13:44:00+02:00,6.7,13.4,4.0,19.1,112.5,75.3,61.0,11.6,3.5,32.9,25.2,79.1,7.9,25.4,12.0,19.9,4.0,21.7,67.6,108.6,54.5,8.0,71.3,9.4,129.0,29.6,25.8,13.2,116.2,15.1,18.7,51.2,7.0,43.1,39.9,36.2,29.9,12.9,6.4,17.1,10.5,3.9
2017-05-29 13:45:00+02:00,6.6,13.5,4.0,19.8,114.2,76.0,61.6,11.6,3.5,30.7,25.2,79.7,7.9,25.3,12.0,19.8,4.0,21.6,68.3,110.2,55.1,8.0,72.0,9.3,130.6,30.7,26.4,13.2,117.9,15.0,18.7,51.7,7.1,41.1,38.0,34.3,28.7,12.5,6.0,16.2,9.6,3.8
2017-05-29 13:46:00+02:00,6.6,13.4,4.0,20.1,112.6,75.5,61.3,11.3,3.5,32.5,25.0,79.2,7.6,25.0,11.9,19.8,3.9,21.3,67.9,108.7,54.9,7.9,71.5,9.4,128.9,29.6,26.7,13.3,116.3,14.7,18.5,51.6,7.2,41.9,38.3,34.7,29.0,12.2,5.8,16.8,10.3,3.8
2017-05-29 13:47:00+02:00,6.6,13.5,4.0,20.1,111.7,74.8,60.7,11.2,3.6,32.6,25.0,78.5,7.6,24.4,11.9,19.9,3.9,20.7,67.3,107.8,54.3,7.9,70.9,9.4,127.9,29.4,26.7,13.4,115.3,14.2,18.5,51.1,7.2,42.8,39.3,35.6,29.0,12.2,5.8,16.8,10.3,3.8
2017-05-29 13:48:00+02:00,6.6,13.6,4.0,20.2,111.4,73.4,59.3,11.2,3.6,32.8,25.0,77.2,7.5,24.1,11.9,20.0,3.9,20.4,65.9,107.5,52.9,8.0,69.5,9.5,127.4,30.5,26.8,13.5,114.7,13.8,18.5,50.9,7.3,43.0,39.4,35.7,29.1,12.2,5.8,16.9,10.3,3.8
2017-05-29 13:49:00+02:00,6.7,13.9,4.0,20.6,112.1,75.0,60.8,11.2,3.8,32.6,25.0,77.3,7.8,24.1,11.9,19.8,3.9,20.4,67.5,108.1,54.4,8.0,71.1,9.6,128.2,31.0,27.2,13.6,115.4,13.7,18.6,51.3,7.5,42.7,39.1,35.3,28.7,12.3,5.8,16.3,9.8,3.8
2017-05-29 13:50:00+02:00,6.6,13.9,4.0,20.6,111.0,75.3,61.0,11.2,3.8,32.5,24.9,76.2,7.9,24.1,11.9,19.5,3.9,20.4,67.7,107.1,54.6,8.0,71.3,9.5,127.1,31.1,27.2,13.6,114.4,13.8,18.6,51.3,7.5,42.9,39.4,35.7,29.0,12.3,5.8,16.7,10.2,3.8
2017-05-29 13:51:00+02:00,6.7,13.9,4.0,20.6,109.9,74.8,60.6,10.9,3.8,32.6,24.9,75.2,7.6,23.9,11.9,19.6,3.9,20.2,67.2,106.0,54.2,8.0,70.9,9.6,126.0,30.9,27.2,13.7,113.2,13.5,18.6,51.1,7.5,43.1,39.7,36.0,29.3,12.3,5.8,17.0,10.4,3.8
2017-05-29 13:52:00+02:00,6.6,13.9,4.0,20.6,110.4,73.9,59.7,10.9,3.8,32.5,24.9,75.5,7.6,23.9,11.9,19.5,3.9,20.1,66.3,106.4,53.2,8.0,70.0,9.5,126.6,31.1,27.2,13.6,113.8,13.5,18.6,51.1,7.5,43.0,39.7,36.0,29.3,12.3,5.8,17.0,10.4,3.8
2017-05-29 13:53:00+02:00,6.6,12.7,4.0,19.4,112.0,73.5,59.3,10.9,3.8,32.5,24.9,77.2,7.6,23.8,11.9,19.6,3.9,20.1,65.9,108.0,52.8,8.0,69.5,9.5,128.2,30.9,26.1,13.5,115.3,13.4,18.5,49.9,7.5,43.0,39.7,35.9,29.3,12.2,5.8,17.0,10.5,3.9
2017-05-29 13:54:00+02:00,6.6,13.5,4.0,20.1,112.6,74.7,60.6,11.1,3.8,32.1,24.8,78.5,7.8,24.0,11.9,19.2,3.9,20.3,67.2,108.7,54.1,8.0,70.8,9.3,128.8,30.3,26.7,13.2,116.0,13.6,18.5,50.7,7.5,42.7,39.4,35.7,29.1,12.2,5.8,16.9,10.4,3.8
2017-05-29 13:55:00+02:00,6.6,13.8,4.0,20.5,112.6,75.2,61.1,11.3,3.8,32.4,24.9,79.0,7.9,24.2,11.9,19.5,3.9,20.5,67.6,108.7,54.6,8.0,71.3,9.6,128.8,29.8,27.1,13.5,116.0,13.8,18.5,51.3,7.5,42.7,39.4,35.7,29.2,12.2,5.8,17.0,10.4,3.8
2017-05-29 13:56:00+02:00,6.7,13.9,4.0,20.6,113.6,75.3,61.1,11.3,3.8,33.3,25.0,79.1,7.9,24.4,11.9,20.3,3.9,20.6,67.7,109.6,54.7,8.0,71.4,10.3,128.9,30.6,27.2,14.3,117.0,14.0,18.6,51.6,7.5,42.9,39.5,35.9,29.3,12.3,5.8,17.1,10.5,3.9
2017-05-29 13:57:00+02:00,6.7,13.9,4.0,20.6,114.9,76.2,61.9,11.2,3.8,33.3,25.1,79.9,7.9,25.3,12.0,20.3,3.9,21.5,68.6,111.0,55.4,8.0,72.2,10.3,130.5,31.1,27.3,14.3,118.3,14.9,18.7,52.6,7.5,42.9,39.6,35.9,29.3,12.3,5.8,17.1,10.5,3.9
2017-05-29 13:58:00+02:00,6.7,13.8,4.0,20.0,114.5,76.0,61.8,11.1,3.8,33.2,24.9,79.7,7.9,25.2,12.0,20.2,3.9,21.5,68.4,110.6,55.3,8.0,72.0,10.3,130.6,30.9,26.6,14.2,117.8,14.8,18.6,51.8,7.5,42.7,39.4,35.8,29.2,12.2,5.8,17.0,10.4,3.8
2017-05-29 13:59:00+02:00,6.6,13.7,4.0,19.6,112.9,74.6,60.5,10.4,3.8,32.8,24.7,78.3,7.3,24.4,11.9,20.0,3.9,20.7,67.1,109.0,54.1,7.9,70.6,10.2,128.9,30.8,26.2,14.1,116.2,14.1,18.4,50.6,7.4,42.3,39.0,35.4,28.9,12.1,5.7,16.9,10.3,3.8
2017-05-29 14:00:00+02:00,6.5,13.6,4.0,19.6,111.9,73.6,59.5,10.3,3.7,32.8,24.7,77.3,7.5,24.2,11.8,20.0,3.9,20.5,66.0,108.0,53.1,7.9,69.6,10.1,127.8,30.9,26.1,14.0,115.2,14.0,18.4,50.3,7.4,41.5,38.2,34.6,28.1,11.7,5.3,16.5,10.3,3.8
2017-05-29 14:01:00+02:00,6.6,13.7,4.0,19.8,113.0,74.4,60.2,10.5,3.7,33.3,24.8,78.1,7.9,24.4,11.9,20.2,3.9,20.7,66.8,109.1,53.7,7.9,70.4,10.3,129.1,31.1,26.4,14.2,116.3,14.1,18.5,50.8,7.4,41.4,38.1,34.5,28.0,11.5,5.2,16.5,10.3,3.7
2017-05-29 14:02:00+02:00,6.6,13.6,4.0,19.8,113.3,74.8,60.7,10.4,3.7,33.0,24.8,78.5,7.9,24.3,11.8,19.9,3.9,20.6,67.3,109.4,54.2,7.9,70.9,10.0,129.6,31.0,26.4,13.9,116.8,14.0,18.4,50.7,7.4,42.1,38.8,35.2,28.7,12.3,6.0,16.4,10.2,3.7
2017-05-29 14:03:00+02:00,6.6,13.5,4.0,19.7,113.6,74.9,60.7,10.4,3.6,33.1,24.9,78.6,7.8,24.3,11.9,20.0,3.8,20.6,67.3,109.7,54.2,7.9,70.9,10.1,130.1,31.2,26.3,14.0,117.4,14.1,18.5,50.6,7.3,42.4,39.1,35.4,29.0,12.5,6.2,16.5,10.3,3.7
2017-05-29 14:04:00+02:00,6.6,12.1,4.0,18.3,111.3,73.0,58.8,9.8,3.4,32.3,25.0,76.3,7.8,23.8,11.9,19.1,3.8,20.1,65.5,107.4,52.3,7.9,69.1,10.0,127.7,31.3,25.0,14.0,115.1,13.5,18.5,48.7,7.0,41.9,38.6,35.1,28.6,12.2,5.9,16.4,10.3,3.7
2017-05-29 14:05:00+02:00,6.6,12.9,4.0,19.1,110.9,73.5,59.4,9.7,3.3,31.8,24.9,75.9,7.7,23.6,11.8,18.6,3.7,19.9,66.0,107.0,52.8,7.9,69.5,10.0,127.2,31.2,25.7,13.9,114.7,13.4,18.4,49.3,7.0,41.1,37.8,34.2,27.8,11.5,5.2,16.3,10.2,3.7
2017-05-29 14:06:00+02:00,6.6,13.1,4.0,19.4,110.3,73.7,59.5,9.7,3.3,31.6,24.9,75.4,7.7,23.5,11.8,18.6,3.8,19.8,66.2,106.4,53.0,7.9,69.7,10.0,126.6,31.2,26.0,13.9,114.1,13.3,18.3,49.4,6.9,40.9,37.6,34.1,27.7,11.4,5.1,16.3,10.2,3.7
2017-05-29 14:07:00+02:00,6.5,13.0,3.9,19.2,109.2,73.1,59.1,9.6,3.3,32.6,24.7,74.5,7.7,23.3,11.7,19.8,3.8,19.7,65.7,105.3,52.6,7.9,69.2,9.9,125.3,30.9,25.8,13.8,112.9,13.3,18.2,49.1,6.9,41.5,38.2,34.7,28.4,12.2,6.0,16.2,10.1,3.7
2017-05-29 14:08:00+02:00,6.5,13.0,3.9,19.3,109.0,72.8,58.7,9.2,3.3,32.7,24.7,74.4,7.2,22.9,11.7,19.9,3.8,19.3,65.3,105.2,52.3,7.8,68.9,9.9,125.2,31.0,25.8,13.9,112.8,12.8,18.2,48.7,6.9,41.6,38.4,34.8,28.5,12.3,6.0,16.2,10.1,3.7
2017-05-29 14:09:00+02:00,6.5,12.9,3.9,19.1,108.3,71.7,57.9,8.6,3.3,32.7,24.6,73.7,6.7,22.3,11.6,19.8,3.8,18.7,64.2,104.5,51.4,7.8,67.8,9.9,124.5,30.9,25.6,13.8,112.1,12.3,18.2,47.9,6.8,41.8,38.3,34.7,28.4,12.2,6.0,16.2,10.1,3.7
2017-05-29 14:10:00+02:00,6.4,12.0,3.9,18.2,106.6,70.3,56.8,8.5,3.3,32.2,24.5,72.2,6.6,22.1,11.6,19.5,3.8,18.5,62.9,102.7,50.3,7.7,66.4,9.8,122.6,30.6,24.7,13.6,110.3,12.1,18.0,46.8,6.8,41.0,37.5,33.7,27.5,11.4,5.3,16.1,10.0,3.6
2017-05-29 14:11:00+02:00,6.3,12.0,3.9,18.2,108.3,71.3,57.6,9.3,3.3,31.9,24.4,74.0,7.0,22.9,11.6,19.5,3.8,19.3,63.9,104.4,51.2,7.7,67.4,9.8,124.4,30.6,24.7,13.6,112.0,12.9,18.0,47.6,6.8,40.7,37.2,33.3,27.2,11.2,5.0,16.0,10.0,3.6
2017-05-29 14:12:00+02:00,6.2,11.9,3.9,18.1,108.8,72.1,58.4,10.2,3.2,31.7,24.3,74.6,7.7,23.8,11.6,19.3,3.7,20.3,64.8,104.9,52.0,7.7,68.3,9.6,124.8,30.5,24.6,13.4,112.5,13.9,18.0,48.4,6.7,41.3,37.8,34.0,27.9,11.9,5.7,16.0,10.0,3.6
2017-05-29 14:13:00+02:00,6.3,11.9,3.9,18.1,108.6,72.1,58.4,10.0,3.2,32.4,24.4,74.4,7.7,23.6,11.6,19.5,3.7,20.1,64.7,104.8,51.9,7.8,68.2,9.8,124.7,30.6,24.7,13.6,112.4,13.7,18.0,48.3,6.7,41.9,38.3,34.5,28.1,12.1,5.9,16.0,10.0,3.6
2017-05-29 14:14:00+02:00,6.4,12.0,3.9,18.3,110.6,73.3,59.5,11.0,3.3,32.6,24.5,76.2,7.7,24.6,11.6,19.6,3.8,21.1,65.9,106.8,53.1,7.8,69.4,9.9,126.8,30.7,24.8,13.8,114.4,14.6,18.1,49.4,6.8,42.1,38.5,34.6,28.2,12.2,5.9,16.1,10.0,3.6
2017-05-29 14:15:00+02:00,6.5,11.9,3.9,18.1,110.7,73.0,59.2,10.8,3.3,32.5,24.4,76.3,7.6,24.5,11.6,19.7,3.8,20.9,65.6,106.9,52.8,7.8,69.1,10.0,126.8,30.7,24.6,13.8,114.5,14.5,18.0,49.0,6.5,40.4,36.7,32.9,26.5,12.2,5.9,14.3,9.7,3.3
2017-05-29 14:16:00+02:00,6.6,12.2,3.9,18.4,110.2,72.8,59.0,10.6,3.2,32.5,24.4,75.7,7.4,24.3,11.6,19.7,3.8,20.7,65.4,106.3,53.0,7.8,68.9,10.0,126.2,30.8,24.9,13.8,113.9,14.3,18.1,49.2,6.9,38.6,35.0,31.1,24.7,12.1,5.9,12.6,8.7,2.3
2017-05-29 14:17:00+02:00,6.5,12.2,3.9,18.4,109.8,72.6,58.8,10.6,3.2,32.3,24.4,75.3,7.5,24.2,11.6,19.5,3.6,20.7,65.3,106.0,52.9,7.8,68.7,9.9,125.7,30.8,24.8,13.7,113.5,14.3,18.1,49.1,6.8,38.7,35.0,31.2,24.8,12.1,5.9,12.7,8.8,2.4
2017-05-29 14:18:00+02:00,6.4,12.9,3.9,19.0,109.6,72.0,58.4,10.1,3.3,32.0,24.3,75.3,6.9,23.6,11.6,19.3,3.1,20.1,64.8,105.8,52.6,7.8,68.2,9.7,125.2,30.6,25.5,13.5,113.1,13.7,18.0,49.1,6.9,39.1,35.4,31.6,25.3,12.0,5.8,13.3,8.7,2.4
2017-05-29 14:19:00+02:00,6.2,13.3,3.9,19.5,110.2,72.6,58.9,10.3,3.6,32.1,24.3,75.9,6.9,23.9,11.6,19.4,3.1,20.4,65.4,106.4,53.2,7.8,68.7,9.4,125.9,30.6,25.9,13.2,113.8,14.0,18.0,49.8,7.2,39.1,35.5,31.6,25.3,12.0,5.8,13.3,8.7,2.4
2017-05-29 14:20:00+02:00,6.1,13.2,3.8,19.2,108.4,71.2,57.7,10.2,3.5,31.8,24.0,74.5,6.8,23.6,11.5,19.4,3.1,20.2,64.0,104.6,52.0,7.7,67.4,9.3,123.8,30.2,25.6,13.1,111.9,13.8,17.8,49.2,7.1,39.0,35.4,31.6,25.3,11.8,5.7,13.5,8.5,2.3
2017-05-29 14:21:00+02:00,6.3,12.9,3.8,19.3,108.1,70.9,57.4,10.0,3.5,32.1,24.1,74.2,6.6,23.4,11.5,19.6,3.1,19.9,63.7,104.4,51.7,7.7,67.1,9.5,123.6,30.3,25.6,13.3,111.7,13.6,17.9,49.0,6.8,38.1,34.5,30.7,24.5,11.8,5.7,12.6,8.6,2.3
2017-05-29 14:22:00+02:00,6.3,12.6,3.8,19.0,107.2,69.9,56.4,9.3,3.5,32.1,24.2,73.1,5.9,22.7,11.6,19.7,3.1,19.3,62.7,103.4,50.7,7.7,66.0,9.5,122.6,30.4,25.4,13.4,110.7,12.9,17.9,48.1,6.5,38.9,35.3,31.5,25.2,11.8,5.7,13.4,8.5,2.3
2017-05-29 14:23:00+02:00,6.4,12.4,3.8,18.8,107.3,70.3,56.9,9.6,3.5,32.1,24.0,73.5,6.2,22.9,11.5,19.8,3.1,19.5,63.1,103.6,51.1,7.7,66.4,9.6,122.7,30.2,25.2,13.5,110.9,13.2,17.8,48.1,6.5,39.1,35.5,31.7,25.4,11.8,5.7,13.6,8.5,2.3
2017-05-29 14:24:00+02:00,6.4,12.3,3.8,18.7,107.4,70.5,57.2,10.1,3.5,31.7,23.9,73.7,6.8,23.4,11.5,19.5,3.1,19.9,63.4,103.6,51.5,7.6,66.7,9.6,122.6,30.0,25.0,13.3,110.9,13.7,17.7,48.3,6.4,39.3,35.5,31.7,25.5,11.7,5.7,13.8,8.4,2.3
2017-05-29 14:25:00+02:00,6.3,12.2,3.8,18.6,107.1,70.4,57.3,9.9,3.5,31.5,23.7,73.6,6.8,23.1,11.4,19.2,3.1,19.7,63.4,103.4,51.5,7.6,66.6,9.5,122.3,29.8,24.8,13.0,110.6,13.5,17.6,48.0,6.4,38.5,34.7,30.9,24.7,11.7,5.6,13.1,8.4,2.2
2017-05-29 14:26:00+02:00,6.2,12.3,3.8,18.6,107.2,70.6,57.5,10.1,3.5,31.6,23.7,73.8,6.9,23.3,11.4,19.3,3.2,19.9,63.6,103.5,51.7,7.6,66.9,9.4,122.5,29.8,24.9,13.0,110.7,13.6,17.6,48.2,6.4,40.2,36.4,32.5,26.4,11.7,5.7,14.7,8.9,2.8
2017-05-29 14:27:00+02:00,6.2,12.2,3.8,18.6,106.8,70.5,57.4,10.0,3.5,31.7,23.7,73.3,6.9,23.1,11.4,19.3,3.2,19.8,63.5,103.1,51.6,7.6,66.8,9.5,122.1,29.8,24.9,13.1,110.3,13.5,17.6,48.0,6.4,39.3,35.5,31.6,25.5,11.7,5.7,13.8,8.7,2.5
2017-05-29 14:28:00+02:00,6.2,12.2,3.8,18.6,107.6,71.0,57.9,10.1,3.5,31.7,23.8,74.1,6.9,23.2,11.4,19.3,3.2,19.9,63.9,103.9,51.9,7.6,67.2,9.5,122.8,29.9,24.8,13.1,111.1,13.6,17.6,48.1,6.4,40.0,36.2,32.4,26.2,11.7,5.7,14.6,9.1,3.0
2017-05-29 14:29:00+02:00,6.2,12.1,3.7,18.3,105.6,70.1,57.1,10.0,3.4,31.4,23.6,72.4,6.9,22.9,11.3,19.2,3.1,19.6,63.1,101.9,51.3,7.5,66.4,9.4,120.6,29.6,24.5,13.0,109.0,13.4,17.5,47.4,6.3,38.6,34.9,31.0,25.0,11.5,5.6,13.4,9.0,3.0
2017-05-29 14:30:00+02:00,6.2,12.5,3.7,18.2,105.3,70.0,57.0,10.0,3.4,31.3,23.6,72.1,6.9,23.0,11.3,19.2,3.2,19.7,63.0,101.6,51.2,7.5,66.2,9.4,120.3,29.6,24.4,13.0,108.7,13.5,17.5,47.4,6.7,40.0,36.2,32.4,26.3,11.6,5.6,14.8,9.2,3.1
2017-05-29 14:31:00+02:00,6.2,12.7,3.7,18.5,106.2,70.6,57.4,10.0,3.4,30.1,23.6,73.0,6.8,22.9,11.3,19.2,3.2,19.6,63.4,102.6,51.5,7.6,66.9,9.5,121.3,29.7,24.8,13.0,109.7,13.4,17.5,47.7,6.9,40.4,36.7,32.9,26.8,11.7,5.7,15.2,9.4,3.4
2017-05-29 14:32:00+02:00,6.3,12.7,3.8,19.1,106.8,71.0,57.6,9.5,3.4,31.8,23.8,73.4,6.3,22.5,11.4,19.9,2.6,19.2,63.7,103.1,51.7,7.6,67.2,10.0,121.9,29.9,25.4,13.6,110.3,13.0,17.6,47.9,6.9,40.5,36.8,32.9,26.9,11.7,5.6,15.2,9.4,3.3
2017-05-29 14:33:00+02:00,6.3,12.7,3.8,19.1,108.5,72.4,58.9,10.8,3.4,31.9,23.9,75.0,7.5,23.9,11.4,19.8,3.8,20.6,65.0,104.9,53.0,7.6,68.6,10.0,123.7,30.0,25.3,13.6,112.1,14.3,17.6,49.2,6.8,40.6,36.9,33.0,26.9,11.7,5.7,15.2,9.4,3.2
2017-05-29 14:34:00+02:00,6.2,12.4,3.7,18.7,106.9,70.7,57.3,10.8,3.2,31.9,23.8,73.6,7.5,23.9,11.4,20.0,3.8,20.6,63.4,103.3,51.4,7.6,67.0,10.1,122.0,29.8,24.6,13.7,110.5,14.3,17.6,48.5,6.5,40.3,36.6,32.8,26.7,11.5,5.5,15.2,9.4,3.3
2017-05-29 14:35:00+02:00,6.2,12.3,3.7,18.7,106.2,69.7,56.3,10.8,3.2,31.6,23.7,72.9,7.5,23.8,11.4,19.9,3.8,20.5,62.4,102.6,50.5,7.6,65.9,10.0,121.2,29.7,23.8,13.6,109.7,14.3,17.6,47.6,6.5,40.3,36.5,32.6,26.6,11.4,5.4,15.2,9.4,3.3
2017-05-29 14:36:00+02:00,6.2,12.3,3.7,18.5,105.7,69.4,56.0,10.8,3.2,31.5,23.7,72.6,7.5,23.7,11.4,19.8,3.8,20.4,62.1,102.1,50.2,7.6,65.6,9.9,120.8,29.7,23.6,13.5,109.3,14.3,17.6,47.3,6.5,40.6,36.7,32.8,26.8,11.7,5.7,15.1,9.4,3.3
2017-05-29 14:37:00+02:00,6.2,12.3,3.7,18.5,105.2,68.8,55.5,10.6,3.2,31.6,23.7,72.0,7.5,23.7,11.4,19.9,3.8,20.4,61.6,101.5,50.2,7.6,65.1,10.0,120.3,29.7,23.6,13.6,108.8,14.1,17.6,47.3,6.5,40.5,36.7,32.8,26.8,11.6,5.7,15.2,9.4,3.2
2017-05-29 14:38:00+02:00,6.3,12.5,3.7,18.7,105.2,68.5,55.1,10.5,3.2,31.5,23.7,71.8,7.5,23.6,11.4,19.9,3.8,20.3,61.2,101.5,50.3,7.6,64.7,10.0,120.3,29.7,23.8,13.6,108.7,14.0,17.6,47.4,6.5,40.6,36.8,32.9,26.8,11.7,5.7,15.2,9.4,3.3
2017-05-29 14:39:00+02:00,6.3,12.5,3.7,18.7,106.0,69.2,55.8,10.5,3.2,30.2,23.8,72.6,7.5,23.4,11.4,18.5,3.8,20.2,62.0,102.3,50.1,7.6,65.5,8.5,121.2,29.8,23.8,12.1,109.5,14.0,17.6,47.2,6.5,40.7,36.8,32.9,26.8,11.7,5.7,15.2,9.4,3.3
2017-05-29 14:40:00+02:00,6.3,12.2,3.7,18.4,105.9,69.2,55.6,10.4,3.2,30.0,23.8,72.5,7.5,23.4,11.4,18.2,3.8,20.2,61.9,102.2,49.8,7.6,65.4,8.3,121.1,29.8,23.4,11.9,109.4,13.9,17.6,46.9,6.5,40.6,36.8,32.9,26.9,11.7,5.7,15.2,9.4,3.3
2017-05-29 14:41:00+02:00,6.4,12.6,3.7,18.9,106.7,69.7,56.5,10.6,3.2,30.1,23.9,73.1,7.5,23.6,11.5,18.3,3.8,20.4,62.4,103.0,50.6,7.6,65.9,8.4,121.8,30.0,24.0,12.0,110.2,14.1,17.7,47.7,6.6,40.9,37.0,33.1,27.0,11.7,5.7,15.3,9.4,3.3
2017-05-29 14:42:00+02:00,6.4,12.5,3.7,18.8,105.6,68.6,56.5,10.5,3.2,29.2,23.9,72.0,7.5,23.6,11.5,18.3,3.8,20.3,61.9,101.9,50.6,7.6,64.8,8.4,120.8,30.0,23.9,11.9,109.2,14.0,17.7,47.5,6.6,40.8,36.9,33.0,27.0,11.7,5.7,15.3,9.4,3.2
2017-05-29 14:43:00+02:00,6.3,12.3,3.7,18.6,106.3,69.3,56.6,10.5,3.2,28.8,23.8,72.8,7.4,23.5,11.4,18.2,3.8,20.2,62.1,102.6,50.7,7.6,65.6,8.3,121.4,29.8,23.5,11.9,109.8,13.9,17.6,47.1,6.5,40.6,36.7,32.9,26.9,11.7,5.7,15.2,9.4,3.2
2017-05-29 14:44:00+02:00,6.4,12.1,3.7,18.4,104.8,67.8,54.6,10.5,3.2,29.1,23.8,71.3,7.5,23.6,11.4,18.3,3.8,20.3,60.9,101.0,48.7,7.6,64.0,8.3,119.8,29.9,21.6,11.9,108.2,14.0,17.6,45.1,6.5,40.8,36.9,33.0,27.0,11.7,5.7,15.3,9.4,3.3
2017-05-29 14:45:00+02:00,6.3,12.0,3.7,18.3,102.9,67.0,54.5,10.5,3.2,28.9,23.8,70.5,7.5,23.6,11.4,18.2,3.8,20.3,60.4,99.2,48.6,7.6,63.3,8.3,118.0,28.9,21.5,11.9,106.4,14.0,17.6,45.0,6.5,41.0,37.2,33.3,27.2,11.9,5.9,15.3,9.4,3.3
2017-05-29 14:46:00+02:00,6.4,12.2,3.8,18.5,103.4,67.5,55.1,10.5,3.2,29.6,24.0,71.0,7.5,23.7,11.5,18.6,3.8,20.4,60.5,99.6,49.1,7.7,63.8,8.6,118.6,28.8,21.9,12.2,106.9,14.0,17.8,45.5,6.6,41.6,37.7,33.8,27.6,12.1,6.0,15.5,9.6,3.3
2017-05-29 14:47:00+02:00,6.4,12.7,3.8,19.0,104.2,68.2,55.6,10.4,3.2,31.3,24.1,71.7,7.4,23.6,11.5,20.0,3.8,20.3,61.0,100.4,49.6,7.7,64.5,10.0,119.5,28.8,22.4,13.6,107.7,13.9,17.8,46.0,6.6,41.8,37.8,33.9,27.7,12.2,6.1,15.6,9.6,3.3
2017-05-29 14:48:00+02:00,6.5,12.9,3.8,19.4,108.1,71.4,58.6,10.5,3.3,31.9,24.5,75.0,7.6,24.0,11.6,20.4,3.9,20.6,64.2,104.3,52.4,7.8,67.6,10.2,123.8,29.4,24.7,13.9,111.7,14.0,18.1,48.7,6.7,42.5,38.5,34.6,28.3,12.4,6.2,15.8,9.7,3.4
2017-05-29 14:49:00+02:00,6.4,12.6,3.7,19.1,108.2,72.3,59.0,10.7,3.2,31.4,24.0,75.8,7.4,23.9,11.4,20.0,3.8,20.6,65.2,104.5,53.0,7.6,68.6,10.0,123.6,28.8,25.4,13.6,111.8,14.1,17.7,49.4,6.5,41.9,38.0,34.1,27.8,12.3,6.1,15.6,9.6,3.3
2017-05-29 14:50:00+02:00,4.5,8.8,2.6,13.4,75.1,50.5,41.5,7.4,2.0,21.5,16.8,52.9,5.2,16.9,7.9,13.6,2.7,14.5,45.6,72.6,37.3,5.3,47.9,6.9,85.8,19.8,18.0,9.2,77.5,9.8,12.3,34.8,4.3,29.5,26.8,24.2,19.7,8.9,4.4,10.9,6.7,2.2
2017-05-29 14:51:00+02:00,3.7,6.6,2.0,10.3,58.6,39.6,32.5,5.7,1.2,17.1,13.3,41.3,4.0,13.3,6.0,10.5,2.1,11.4,35.8,56.6,29.1,4.1,37.6,5.4,67.1,15.4,14.0,7.0,60.4,7.6,9.7,27.3,2.9,23.7,21.6,19.6,16.0,7.2,3.5,8.8,5.4,1.8
2017-05-29 14:52:00+02:00,4.2,7.3,2.3,11.4,65.5,44.5,36.4,6.4,1.3,19.8,15.1,45.6,4.4,14.8,6.8,12.2,2.3,12.7,40.2,63.3,32.5,4.6,42.2,6.2,75.3,17.8,15.6,8.2,67.6,8.5,11.0,30.4,3.2,26.9,24.6,22.3,18.2,8.1,4.0,10.0,6.1,2.0
2017-05-29 14:53:00+02:00,4.8,7.9,2.6,12.6,74.9,50.3,41.2,7.3,1.7,22.6,17.4,51.7,5.0,16.9,7.9,14.2,2.6,14.5,45.4,72.3,36.8,5.3,47.7,7.2,86.5,20.7,17.4,9.5,77.4,9.7,12.7,34.3,3.9,31.0,28.3,25.6,20.9,9.4,4.6,11.6,7.1,2.3
2017-05-29 14:54:00+02:00,4.4,7.4,2.4,11.8,68.3,46.2,37.7,6.5,1.9,19.6,15.8,47.3,4.3,15.3,7.1,12.9,2.3,13.1,41.7,66.0,33.7,4.8,43.8,6.6,78.8,18.7,16.2,8.6,70.5,8.7,11.5,31.5,3.9,28.2,26.0,23.5,19.3,8.7,4.3,10.6,6.5,2.1
2017-05-29 14:55:00+02:00,3.7,6.3,2.0,10.0,57.4,39.0,31.8,5.3,1.6,16.7,13.3,39.7,3.5,12.8,5.7,10.8,1.9,11.0,35.4,55.5,28.3,3.9,37.1,5.4,66.0,15.8,13.8,7.1,59.1,7.1,9.5,26.6,3.2,23.7,21.9,20.0,16.5,7.5,3.6,9.0,5.5,1.7
2017-05-29 14:56:00+02:00,4.0,7.0,2.2,11.1,63.8,42.8,34.9,5.8,1.8,19.0,14.5,43.6,3.8,14.1,6.3,11.8,2.0,12.0,38.8,61.7,31.1,4.3,40.7,5.9,73.0,18.1,15.2,7.8,65.2,7.8,10.4,29.2,3.6,26.1,24.0,21.9,18.0,8.2,4.0,9.8,6.0,1.9
2017-05-29 14:57:00+02:00,4.8,8.7,2.7,13.5,78.5,52.3,42.7,7.3,2.2,23.5,17.7,53.7,4.9,17.3,7.9,14.6,2.6,14.8,47.4,75.8,38.1,5.3,49.7,7.2,88.1,22.2,18.4,9.8,78.7,9.8,12.8,35.7,4.4,31.8,29.1,26.4,21.6,9.7,4.8,11.9,7.3,2.4
2017-05-29 14:58:00+02:00,4.6,7.9,2.5,12.4,72.9,48.6,39.6,6.8,2.0,22.0,16.5,49.8,4.6,16.1,7.3,13.7,2.4,13.8,44.1,70.5,35.4,4.9,46.2,6.9,82.1,20.7,17.0,9.2,73.5,9.1,11.9,33.1,3.9,29.6,27.1,24.6,20.2,9.1,4.5,11.1,6.8,2.2
2017-05-29 14:59:00+02:00,3.9,6.0,2.0,9.8,59.7,39.8,32.4,5.5,1.7,18.2,13.7,40.6,3.7,13.4,6.0,11.4,2.0,11.5,36.2,57.7,28.8,4.0,37.9,5.7,66.5,17.2,13.7,7.5,60.3,7.5,9.9,27.1,3.0,24.7,22.8,20.7,17.0,7.7,3.8,9.3,5.7,1.8
2017-05-29 15:00:00+02:00,3.8,5.2,2.0,9.0,57.4,38.2,30.9,5.3,1.6,17.9,13.3,38.9,3.5,12.9,5.8,11.1,1.9,11.1,34.6,55.5,27.4,3.9,36.3,5.5,64.6,16.7,12.8,7.3,57.9,7.2,9.6,25.7,3.0,23.0,21.0,19.1,15.4,7.6,3.8,7.8,5.4,1.5
2017-05-29 15:01:00+02:00,4.5,6.6,2.4,11.1,69.9,46.3,37.5,6.7,2.0,22.3,16.1,47.4,4.5,15.6,7.3,13.4,2.4,13.4,41.9,67.5,33.2,4.9,44.0,6.7,79.2,20.1,15.5,8.9,70.8,8.9,11.7,31.1,3.7,27.7,25.2,22.8,18.4,8.9,4.4,9.5,6.6,2.1
2017-05-29 15:02:00+02:00,6.3,10.7,3.5,16.9,101.9,67.5,54.8,9.9,3.0,32.1,23.0,69.7,6.8,22.4,10.8,19.7,3.6,19.3,60.9,98.4,48.8,7.2,64.0,9.9,116.5,28.7,23.0,13.4,104.5,13.0,16.9,45.4,5.7,39.6,35.9,32.2,26.2,12.1,6.1,14.0,9.3,3.2
2017-05-29 15:03:00+02:00,6.4,11.4,3.6,17.7,104.4,69.4,56.3,10.2,3.0,32.7,23.5,71.5,7.1,22.9,11.1,20.1,3.7,19.8,62.6,100.8,50.3,7.4,65.8,10.1,119.9,29.3,23.9,13.7,107.9,13.4,17.3,46.8,5.9,40.2,36.4,32.7,26.6,12.3,6.1,14.3,9.5,3.3
2017-05-29 15:04:00+02:00,6.1,10.8,3.5,16.9,101.4,67.0,54.3,9.8,2.8,31.4,22.8,69.6,6.9,22.1,10.8,19.5,3.6,19.1,60.4,97.9,48.5,7.2,63.5,9.8,116.2,28.4,22.9,13.3,104.8,12.9,16.8,45.0,5.6,38.9,35.2,31.6,25.7,11.9,5.9,13.8,9.2,3.2
2017-05-29 15:05:00+02:00,6.7,11.9,3.8,18.6,111.8,73.3,59.4,10.7,3.1,33.1,24.9,77.1,7.6,24.2,11.8,21.4,3.9,20.9,66.0,107.9,53.1,7.9,69.5,10.7,127.8,30.9,25.1,14.5,115.5,14.2,18.4,49.3,6.3,42.0,38.0,34.0,27.7,12.8,6.4,14.9,9.9,3.4
2017-05-29 15:06:00+02:00,6.5,11.6,3.7,18.0,108.4,71.2,57.7,10.4,3.0,32.0,24.2,74.9,7.4,23.5,11.6,20.7,3.8,20.3,64.1,104.7,51.6,7.7,67.5,10.3,123.9,29.9,24.3,14.1,112.1,13.8,17.9,47.9,6.1,40.4,36.5,32.6,26.4,12.3,6.2,14.1,9.3,3.0
2017-05-29 15:07:00+02:00,5.1,9.1,3.0,14.3,86.0,56.7,46.0,8.3,2.4,25.1,19.4,59.3,5.9,18.8,9.3,16.4,3.1,16.2,51.1,83.0,41.2,6.2,53.8,8.2,98.4,23.8,19.4,11.2,88.9,11.0,14.4,38.2,4.7,32.5,29.3,26.2,21.3,10.0,5.0,11.3,7.6,2.6
2017-05-29 15:08:00+02:00,5.7,11.0,3.3,16.7,96.7,63.7,51.8,9.2,2.6,28.1,21.5,66.9,6.6,20.8,10.3,18.4,3.4,18.0,57.4,93.3,46.4,6.9,60.4,9.1,110.5,26.5,22.3,12.5,99.9,12.2,16.0,43.1,5.6,36.1,32.5,29.1,23.6,11.0,5.5,12.6,8.5,2.9
2017-05-29 15:09:00+02:00,6.1,11.8,3.5,17.9,102.9,67.8,55.1,9.8,2.8,29.9,22.8,71.3,7.0,22.2,10.9,19.3,3.6,19.2,61.1,99.3,49.5,7.3,64.3,9.8,117.6,28.1,23.8,13.1,106.3,13.0,16.9,45.9,6.0,37.8,34.4,30.7,25.0,11.6,5.8,13.4,8.9,3.2
2017-05-29 15:10:00+02:00,5.4,10.5,3.1,15.9,91.5,60.4,49.1,8.7,2.5,26.6,20.3,63.4,6.2,19.8,9.7,17.4,3.3,17.1,54.4,88.3,44.1,6.5,57.2,8.7,104.5,25.0,21.2,11.9,94.4,11.6,15.1,40.9,5.3,33.8,30.8,27.4,22.2,10.4,5.2,11.8,7.9,2.8
2017-05-29 15:11:00+02:00,5.8,11.3,3.4,17.1,98.1,64.8,52.7,9.4,2.7,28.8,21.8,68.1,6.7,21.2,10.4,18.8,3.5,18.4,58.4,94.7,47.3,7.0,61.4,9.4,112.1,26.7,22.7,12.8,101.3,12.5,16.1,43.9,5.7,36.3,33.1,29.4,23.9,11.1,5.6,12.8,8.5,3.1
2017-05-29 15:12:00+02:00,6.3,12.2,3.6,18.4,106.1,70.1,57.0,10.2,2.9,31.4,23.5,73.7,7.3,23.0,11.3,20.3,3.8,19.9,63.2,102.4,51.2,7.5,66.5,10.2,121.2,28.8,24.5,13.9,109.6,13.5,17.4,47.5,6.3,40.2,36.7,32.7,26.7,11.9,5.9,14.8,9.3,3.4
2017-05-29 15:13:00+02:00,6.2,12.1,3.6,18.2,104.0,69.1,56.2,10.1,2.9,30.8,23.2,72.6,7.2,22.7,11.2,20.0,3.8,19.7,62.2,100.4,50.7,7.4,65.5,10.0,118.8,27.9,24.2,13.7,107.4,13.4,17.2,46.9,6.2,38.8,35.9,32.0,26.2,11.6,5.8,14.5,9.0,3.3
2017-05-29 15:14:00+02:00,6.0,11.9,3.5,18.0,102.7,67.9,55.3,10.0,2.8,30.1,22.9,71.3,7.1,22.4,11.0,19.7,3.7,19.4,61.1,99.1,50.0,7.3,64.3,9.8,117.3,27.9,23.9,13.5,106.1,13.2,16.9,46.3,6.1,37.0,35.1,31.2,25.5,11.5,5.7,14.0,8.6,3.3
2017-05-29 15:15:00+02:00,6.0,11.1,3.5,17.1,101.9,66.9,54.5,10.0,2.8,30.0,22.7,70.4,7.1,22.3,10.9,19.6,3.7,19.3,60.3,98.3,48.9,7.3,63.4,9.8,116.4,28.1,22.9,13.4,105.3,13.1,16.9,45.2,5.2,37.4,35.3,31.5,25.7,11.4,5.7,14.3,8.7,3.2
2017-05-29 15:16:00+02:00,6.0,10.1,3.5,16.1,99.9,65.0,52.8,10.0,2.8,29.9,22.5,68.5,7.2,22.3,10.7,19.4,3.7,19.3,58.6,96.4,47.9,7.1,61.5,9.6,114.3,28.0,21.9,13.3,103.3,13.2,16.7,44.2,4.3,37.6,35.4,31.5,25.8,11.4,5.7,14.3,8.8,3.2
2017-05-29 15:17:00+02:00,6.0,10.5,3.5,16.4,99.6,64.9,52.7,9.9,2.8,28.9,22.3,68.3,7.1,22.2,10.6,18.5,3.7,19.2,58.5,96.0,48.1,7.0,61.4,8.8,114.1,27.8,22.3,12.4,103.0,13.1,16.5,44.4,4.7,37.4,35.1,31.3,25.6,11.4,5.7,14.2,8.7,3.1
2017-05-29 15:18:00+02:00,5.9,10.4,3.5,16.4,99.2,64.7,52.5,9.8,2.8,28.9,22.3,68.1,7.1,22.0,10.7,18.5,3.7,19.1,58.3,95.7,47.8,7.0,61.2,8.8,113.8,27.7,22.2,12.5,102.7,13.0,16.5,44.2,4.7,37.7,34.9,31.1,25.4,11.3,5.6,14.1,8.6,3.1
2017-05-29 15:19:00+02:00,6.0,11.6,3.5,17.6,101.7,67.1,54.8,10.0,3.0,29.9,22.3,70.5,7.1,22.2,10.7,18.5,3.7,19.3,60.6,98.2,49.3,7.1,63.6,8.7,116.4,27.7,23.4,12.4,105.3,13.2,16.6,45.6,5.8,37.9,34.9,31.1,25.4,11.3,5.6,14.1,8.6,3.1
2017-05-29 15:20:00+02:00,5.9,11.7,3.5,17.7,101.6,67.1,54.9,10.0,3.0,29.7,22.3,70.5,7.1,22.2,10.7,18.4,3.7,19.2,60.7,98.0,49.3,7.0,63.6,8.6,116.2,27.6,23.5,12.3,105.1,13.1,16.5,45.6,6.0,38.2,34.7,30.9,25.2,11.2,5.6,14.0,8.5,3.1
2017-05-29 15:21:00+02:00,5.9,11.8,3.5,17.7,101.6,67.1,54.4,10.0,3.0,29.8,22.4,70.4,7.1,22.2,10.8,18.5,3.7,19.2,60.3,98.1,49.3,7.1,63.6,8.7,115.7,27.7,23.5,12.4,105.1,13.2,16.6,45.6,6.0,38.3,34.8,30.9,25.3,11.3,5.6,14.0,8.5,3.1
2017-05-29 15:22:00+02:00,5.9,11.7,3.5,17.6,100.5,66.1,53.4,10.0,3.0,29.6,22.3,69.4,7.1,22.1,10.8,18.5,3.7,19.2,59.3,97.0,49.1,7.2,62.5,8.8,115.0,27.7,23.4,12.4,104.0,13.1,16.6,45.4,6.0,38.2,34.7,30.8,25.2,11.2,5.6,14.0,8.5,3.1
2017-05-29 15:23:00+02:00,5.9,11.1,3.5,17.1,99.5,65.2,52.6,9.9,3.0,29.4,22.3,68.5,7.1,22.0,10.8,18.5,3.7,19.1,58.5,96.0,48.3,7.2,61.7,8.8,114.0,27.6,22.6,12.4,103.0,13.0,16.6,44.7,5.6,37.7,34.2,30.4,24.8,11.2,5.5,13.6,8.2,3.0
2017-05-29 15:24:00+02:00,5.8,10.2,3.5,16.1,97.5,63.4,51.6,9.8,2.9,29.3,22.1,66.7,7.0,21.8,10.7,18.3,3.6,18.9,56.9,94.0,46.7,7.1,60.0,8.7,111.9,27.4,21.3,12.3,101.0,12.9,16.5,43.1,4.7,36.9,33.3,29.5,24.0,11.1,5.5,12.9,7.5,3.0
2017-05-29 15:25:00+02:00,5.8,10.2,3.5,16.1,97.4,63.1,51.7,9.9,2.9,29.7,22.2,66.4,7.0,21.9,10.8,18.4,3.6,19.0,56.7,93.9,46.5,7.1,59.7,8.7,111.8,27.5,21.0,12.4,100.9,13.0,16.5,42.8,4.7,37.1,33.5,29.6,24.1,11.1,5.5,12.9,7.5,3.1
2017-05-29 15:26:00+02:00,5.8,10.9,3.5,16.8,97.2,63.0,51.2,9.8,2.6,29.3,22.2,66.3,7.0,21.8,10.8,18.4,3.6,18.9,56.5,93.7,45.9,7.1,59.6,8.7,111.6,27.4,20.4,12.4,100.7,12.9,16.5,42.2,5.4,37.1,33.4,29.5,24.0,11.1,5.5,12.9,7.5,3.1
2017-05-29 15:27:00+02:00,5.8,10.6,3.4,16.5,96.9,62.7,50.3,9.8,2.2,29.5,22.1,66.1,7.0,21.7,10.7,18.5,3.6,18.9,56.2,93.3,45.5,7.1,59.2,8.9,111.2,27.4,20.1,12.5,100.3,12.9,16.4,41.8,5.1,36.9,33.2,29.4,23.9,11.1,5.5,12.8,7.4,3.0
2017-05-29 15:28:00+02:00,5.8,11.2,3.4,17.1,96.9,62.7,50.3,9.8,2.8,29.4,22.1,66.1,7.0,21.8,10.8,18.5,3.6,18.9,56.2,93.4,46.1,7.1,59.3,8.8,111.2,27.4,20.6,12.5,100.4,12.9,16.5,42.4,5.7,36.9,33.3,29.4,23.9,11.1,5.5,12.8,7.5,3.1
2017-05-29 15:29:00+02:00,5.8,11.4,3.4,17.2,97.4,63.3,50.9,9.8,2.8,29.7,22.1,66.6,7.0,21.7,10.7,18.4,3.6,18.9,56.8,93.9,46.2,7.1,59.8,8.9,111.6,27.3,20.7,12.4,100.8,12.9,16.4,42.4,5.9,36.9,33.2,29.3,23.8,11.0,5.5,12.8,7.4,3.1
2017-05-29 15:30:00+02:00,5.8,9.2,3.4,14.9,95.6,61.4,49.0,9.8,2.8,29.1,22.0,64.8,7.0,21.7,10.7,18.2,3.6,18.8,54.9,92.1,43.7,7.1,58.0,8.7,109.8,27.5,18.4,12.2,99.0,12.8,16.4,39.9,4.1,36.9,33.3,29.5,23.9,11.0,5.4,12.9,7.4,3.0
2017-05-29 15:31:00+02:00,5.8,8.3,3.4,13.9,94.3,60.3,48.0,9.7,2.8,28.4,21.9,63.6,6.9,21.5,10.7,17.6,3.6,18.7,53.8,90.9,42.5,7.0,56.9,8.2,108.4,27.4,17.4,11.7,97.8,12.7,16.3,38.8,3.6,36.9,33.3,29.5,24.0,10.9,5.4,13.0,7.5,3.1
2017-05-29 15:32:00+02:00,5.8,8.1,3.4,13.8,94.0,60.0,47.7,9.6,2.8,29.2,21.9,63.3,6.9,21.4,10.7,18.4,3.6,18.6,53.6,90.5,42.3,7.0,56.6,9.0,107.9,27.4,17.3,12.5,97.3,12.7,16.3,38.6,3.5,36.8,33.2,29.3,23.8,10.9,5.4,12.9,7.4,3.1
2017-05-29 15:33:00+02:00,5.7,8.2,3.4,13.9,95.1,61.0,48.8,9.6,2.8,28.8,22.0,64.3,6.9,21.4,10.8,17.7,3.6,18.5,54.7,91.6,43.3,7.1,57.7,8.3,108.8,27.4,18.4,11.8,98.2,12.6,16.4,39.6,3.5,36.6,33.0,29.2,23.7,10.9,5.4,12.8,7.4,3.0
2017-05-29 15:34:00+02:00,5.7,8.2,3.4,13.8,94.4,60.5,48.4,9.2,2.9,27.2,22.0,63.7,6.8,20.9,10.8,16.8,3.6,18.1,54.2,91.0,43.0,7.1,57.2,7.7,108.2,27.4,18.5,11.2,97.6,12.2,16.4,39.3,3.5,36.3,32.8,28.9,23.5,10.8,5.3,12.7,7.3,3.0
2017-05-29 15:35:00+02:00,5.6,8.1,3.3,13.7,93.4,60.0,48.0,9.2,2.9,27.9,21.8,63.0,6.8,20.7,10.8,16.7,3.5,17.9,53.8,90.0,42.7,7.1,56.7,7.8,106.3,27.2,18.4,11.3,95.7,12.1,16.3,39.0,3.5,36.0,32.4,28.6,23.3,10.7,5.3,12.5,7.2,3.0
2017-05-29 15:36:00+02:00,5.6,8.1,3.3,13.7,93.0,59.8,47.9,9.1,2.8,28.1,21.7,62.8,6.7,20.5,10.6,16.9,3.5,17.8,53.6,89.6,42.6,7.0,56.5,8.0,106.5,27.0,18.4,11.5,95.9,12.0,16.2,38.9,3.4,35.8,32.2,28.4,23.1,10.6,5.3,12.5,7.1,3.0
2017-05-29 15:37:00+02:00,5.6,8.1,3.3,13.6,92.9,59.7,47.8,9.1,2.8,29.2,21.7,62.6,6.7,20.5,10.6,18.0,3.5,17.8,53.5,89.5,42.4,7.0,56.4,9.1,106.5,27.0,18.3,12.6,95.9,12.0,16.2,38.8,3.4,35.8,32.2,28.5,23.1,10.7,5.3,12.5,7.1,3.0
2017-05-29 15:38:00+02:00,5.6,8.0,3.3,13.6,92.5,59.4,47.5,9.1,2.8,28.1,21.6,62.4,6.7,20.5,10.6,17.9,3.5,17.8,53.2,89.1,42.1,7.0,56.1,9.1,105.0,26.9,18.2,12.5,94.5,12.0,16.1,38.6,3.4,35.9,32.3,28.5,23.2,10.6,5.3,12.6,7.3,3.0
2017-05-29 15:39:00+02:00,5.6,8.0,3.3,13.5,91.7,59.0,47.3,9.0,2.8,27.7,21.3,61.9,6.7,20.3,10.5,17.8,3.5,17.6,53.0,88.3,42.0,6.9,55.8,9.0,104.0,26.6,18.3,12.5,93.6,11.9,15.9,38.5,3.3,35.7,32.6,28.8,23.6,10.5,5.3,13.0,7.8,2.9
2017-05-29 15:40:00+02:00,5.5,7.9,3.3,13.4,91.7,59.0,47.3,9.0,2.8,28.5,21.3,61.9,6.7,20.2,10.4,17.6,3.5,17.6,52.9,88.3,42.0,6.9,55.8,9.0,103.9,26.5,18.3,12.3,93.5,11.9,15.9,38.5,3.3,35.5,32.5,28.7,23.5,10.5,5.2,13.0,7.7,2.9
2017-05-29 15:41:00+02:00,5.5,7.9,3.3,13.4,91.1,58.4,47.4,9.0,2.8,28.4,21.3,61.3,6.7,20.3,10.4,17.3,3.5,17.7,52.3,87.8,42.1,6.9,55.2,9.0,103.5,26.6,18.3,12.0,93.1,11.9,15.9,38.5,3.3,35.6,32.5,28.7,23.5,10.5,5.2,13.0,7.7,2.9
2017-05-29 15:42:00+02:00,5.5,7.8,3.2,13.2,91.2,58.6,47.0,9.0,2.8,28.7,21.2,61.6,6.7,20.1,10.4,17.7,3.5,17.5,52.6,87.9,41.8,6.9,55.4,9.0,103.1,26.5,18.1,12.4,92.8,11.8,15.8,38.2,3.3,35.5,32.5,28.7,23.6,10.5,5.2,13.0,7.8,3.0
2017-05-29 15:43:00+02:00,5.5,9.1,3.2,14.6,92.4,59.9,48.3,8.9,2.8,28.0,21.0,62.8,6.7,20.1,10.3,17.7,3.5,17.5,53.8,89.0,43.0,6.8,56.7,9.0,104.1,26.3,19.6,12.4,93.8,11.8,15.7,39.6,4.0,35.4,32.4,28.7,23.5,10.5,5.2,13.0,7.8,3.0
2017-05-29 15:44:00+02:00,5.5,9.5,3.2,15.1,93.0,60.6,48.9,9.0,2.8,26.2,21.0,63.4,6.7,20.2,10.3,16.4,3.5,17.6,54.5,89.7,43.7,6.8,57.4,7.7,105.2,26.3,20.0,11.0,94.8,11.8,15.7,40.2,4.5,35.4,32.5,28.7,23.6,10.6,5.2,13.0,7.8,3.0
2017-05-29 15:45:00+02:00,5.5,10.4,3.2,16.0,94.1,61.6,50.0,9.0,2.8,26.3,21.1,64.5,6.7,20.2,10.3,16.4,3.5,17.6,55.6,90.7,44.7,6.8,58.4,7.6,106.3,26.3,21.0,11.0,95.9,11.8,15.7,41.2,5.4,35.5,32.6,28.8,23.7,10.6,5.3,13.1,7.8,3.0
2017-05-29 15:46:00+02:00,5.5,10.9,3.2,16.5,93.9,61.7,50.1,8.7,2.8,27.4,20.9,64.6,6.5,19.9,10.2,16.4,3.5,17.3,55.7,90.6,44.8,6.6,58.5,7.8,105.9,26.1,21.4,11.1,95.6,11.6,15.5,41.3,5.8,35.4,32.5,28.7,23.6,10.6,5.3,13.1,7.7,3.0
2017-05-29 15:47:00+02:00,5.4,10.7,3.2,16.1,91.7,60.3,49.0,8.5,2.7,27.2,20.4,63.1,6.3,19.3,9.9,17.1,3.4,16.8,54.4,88.5,43.8,6.4,57.1,8.6,104.0,25.5,20.9,11.9,93.9,11.2,15.2,40.2,5.6,34.7,31.8,28.1,23.1,10.3,5.1,12.8,7.6,3.0
2017-05-29 15:48:00+02:00,5.5,10.8,3.2,16.3,92.2,60.2,48.8,7.7,2.8,28.1,20.8,63.1,6.4,18.8,10.1,17.4,3.4,16.2,54.3,88.9,43.5,6.6,57.1,8.7,105.4,25.9,21.1,12.2,95.1,10.5,15.4,39.9,5.7,35.1,32.1,28.4,23.4,10.4,5.2,12.9,7.6,3.0
2017-05-29 15:49:00+02:00,5.5,10.0,3.2,15.5,92.5,60.3,48.8,8.8,2.8,27.6,20.8,63.2,6.5,19.8,10.1,17.6,3.4,17.3,54.3,89.2,43.5,6.5,57.1,8.7,105.6,26.0,20.3,12.2,95.4,11.6,15.5,40.1,4.9,35.1,32.2,28.4,23.4,10.4,5.2,12.9,7.6,3.0
2017-05-29 15:50:00+02:00,5.5,10.0,3.2,15.5,92.6,60.2,48.8,8.7,2.7,28.4,20.9,63.4,6.4,19.7,10.1,17.8,3.4,17.2,54.3,89.3,43.5,6.5,57.0,8.7,105.7,26.0,20.2,12.2,95.5,11.5,15.4,39.9,4.9,35.1,32.1,28.3,23.3,10.4,5.2,12.9,7.6,2.9
2017-05-29 15:51:00+02:00,5.4,9.9,3.2,15.4,92.1,59.9,48.5,8.6,2.7,28.3,20.8,63.0,6.3,19.5,10.0,17.8,3.4,17.0,54.0,88.8,43.2,6.5,56.7,8.7,105.2,25.9,20.1,12.3,95.0,11.3,15.4,39.6,4.8,35.1,32.0,28.3,23.3,10.4,5.1,12.9,7.6,2.9
2017-05-29 15:52:00+02:00,5.4,10.1,3.2,15.5,92.1,60.1,48.7,8.8,2.7,28.4,20.8,63.0,6.5,19.5,10.1,17.8,3.4,17.2,54.2,88.8,43.4,6.5,56.9,8.8,105.2,25.9,20.2,12.3,95.0,11.5,15.4,39.8,5.0,34.8,31.8,28.1,23.1,10.4,5.1,12.7,7.5,2.9
2017-05-29 15:53:00+02:00,5.4,10.2,3.2,15.7,90.7,59.8,48.4,8.5,2.7,28.2,20.5,61.9,6.4,19.2,10.0,17.7,3.4,16.9,53.9,87.5,43.2,6.5,56.6,8.7,103.7,25.7,20.4,12.2,93.6,11.3,15.3,39.6,5.0,34.9,31.7,28.1,23.0,10.3,5.1,12.7,7.5,2.8
2017-05-29 15:54:00+02:00,5.4,10.1,3.2,15.6,90.6,59.3,48.2,8.5,2.7,28.3,20.4,61.9,6.4,19.1,10.0,17.8,3.4,16.8,53.4,87.4,42.9,6.5,56.1,8.7,103.5,25.5,20.3,12.3,93.5,11.2,15.2,39.4,4.9,35.5,31.8,28.2,23.1,10.3,5.1,12.9,7.7,2.7
2017-05-29 15:55:00+02:00,5.3,9.5,3.1,14.9,90.0,58.4,47.4,8.6,2.7,28.2,20.4,61.4,6.5,19.2,9.9,17.8,3.4,16.9,52.6,86.8,42.3,6.4,55.2,8.6,103.0,25.4,19.5,12.3,93.0,11.3,15.1,38.7,4.9,35.4,31.7,28.1,23.0,10.2,5.1,12.8,7.6,2.7
2017-05-29 15:56:00+02:00,5.3,9.1,3.1,14.5,89.1,57.7,46.8,8.6,2.6,27.9,20.2,60.7,6.4,19.1,9.9,17.6,3.4,16.9,51.9,85.9,41.6,6.4,54.5,8.5,102.0,25.2,19.1,12.3,92.0,11.3,15.0,38.2,4.9,33.5,29.8,26.2,21.1,10.2,5.0,11.0,5.8,2.7
2017-05-29 15:57:00+02:00,5.3,9.9,3.1,15.3,89.2,58.0,47.3,8.6,2.6,27.8,20.0,61.1,6.3,18.9,9.8,17.5,3.3,16.7,52.4,86.0,42.2,6.4,55.0,8.5,102.1,25.0,19.9,12.2,92.2,11.2,14.9,38.8,4.8,33.4,29.8,26.1,21.1,10.1,5.0,11.0,5.8,2.8
2017-05-29 15:58:00+02:00,5.3,9.9,3.1,15.3,89.1,57.9,47.2,8.4,2.6,27.1,20.0,60.9,6.3,18.8,9.8,16.8,3.3,16.5,52.3,85.9,42.1,6.4,54.9,8.5,102.0,25.0,19.9,12.2,92.1,11.1,14.9,38.6,4.8,33.4,29.7,26.1,21.1,10.1,5.0,11.0,5.9,2.8
2017-05-29 15:59:00+02:00,5.2,10.0,3.1,15.3,89.2,58.1,47.4,8.5,2.6,25.2,19.9,61.1,6.3,18.9,9.7,15.0,3.3,16.6,52.4,86.0,42.3,6.4,55.0,8.5,102.1,24.9,19.9,12.2,92.2,11.1,14.9,38.8,4.9,34.0,30.4,26.7,21.7,10.1,5.0,11.6,6.5,2.7
2017-05-29 16:00:00+02:00,5.3,9.3,3.1,14.7,88.0,56.9,46.4,8.3,2.6,25.3,20.0,59.8,6.1,18.7,9.7,15.1,3.3,16.5,51.5,84.8,41.3,6.4,53.8,8.5,100.9,25.0,19.2,12.2,91.1,11.0,14.8,37.9,4.3,34.4,30.8,27.1,22.1,10.1,5.0,12.0,7.0,2.7
2017-05-29 16:01:00+02:00,5.3,8.9,3.1,14.3,86.8,55.9,45.2,8.5,2.6,25.0,19.8,58.8,6.3,18.8,9.5,15.2,3.3,16.6,50.3,83.7,41.1,6.2,52.8,8.5,99.7,24.9,18.8,12.2,89.9,11.1,14.7,37.6,3.9,34.4,30.8,27.1,22.1,10.1,5.0,12.0,7.0,2.7
2017-05-29 16:02:00+02:00,5.3,9.5,3.1,14.8,86.8,56.0,45.2,8.5,2.6,24.7,19.7,58.9,6.2,18.7,9.5,14.9,3.2,16.5,50.2,83.6,41.4,6.1,52.9,8.3,99.6,24.7,19.3,12.0,89.7,11.1,14.6,37.9,4.4,34.4,30.8,27.1,22.1,10.0,5.0,12.1,7.1,2.7
2017-05-29 16:03:00+02:00,5.3,10.3,3.1,15.6,87.0,56.7,45.9,8.3,2.6,24.6,19.3,59.6,6.1,18.4,9.1,14.8,3.1,16.3,50.9,83.9,42.1,5.7,53.5,8.2,99.8,24.3,20.2,11.9,90.0,10.9,14.2,38.6,5.2,35.0,31.4,27.8,22.8,10.0,4.9,12.7,7.7,2.7
2017-05-29 16:04:00+02:00,5.0,9.7,2.9,14.8,81.5,53.4,43.2,7.7,2.4,24.5,17.6,56.1,5.8,17.3,8.0,15.1,3.1,15.3,48.0,78.5,39.7,4.8,50.4,7.7,93.6,22.5,19.2,11.0,84.3,10.2,12.8,36.4,4.9,33.2,29.8,26.3,21.6,9.5,4.7,12.0,7.3,2.5
2017-05-29 16:05:00+02:00,5.0,9.8,2.9,14.8,82.1,53.9,43.7,7.8,2.4,24.8,17.6,56.7,6.0,17.4,8.0,15.0,3.2,15.4,48.5,79.1,40.0,4.8,51.0,7.7,94.3,22.5,19.3,10.1,84.8,10.3,12.9,36.7,5.0,33.4,29.9,26.5,21.7,9.6,4.7,12.1,7.3,2.5
2017-05-29 16:06:00+02:00,5.3,10.3,3.0,15.5,87.3,57.0,46.2,8.3,2.6,26.1,19.2,59.9,6.3,18.4,9.1,15.9,3.4,16.3,51.2,84.1,42.1,5.8,53.8,8.2,100.0,24.3,20.2,10.7,90.2,10.9,14.3,38.7,5.2,35.0,31.4,27.8,22.7,10.1,5.0,12.7,7.6,2.7
2017-05-29 16:07:00+02:00,5.3,10.3,3.1,15.6,85.7,55.0,44.2,8.3,2.6,26.5,19.6,57.9,6.3,16.5,9.4,16.1,3.4,16.3,49.3,82.5,40.2,6.1,51.9,8.2,97.6,24.7,20.3,10.9,88.6,10.9,14.6,36.7,5.2,35.1,31.5,27.8,22.8,10.1,5.0,12.6,7.6,2.6
2017-05-29 16:08:00+02:00,5.3,10.3,3.0,15.6,85.5,54.8,43.9,8.2,2.6,26.5,19.7,57.7,6.3,16.1,9.5,16.2,3.3,16.3,49.0,82.3,39.9,6.1,51.6,8.2,97.9,24.8,20.4,11.0,88.4,10.8,14.6,36.4,5.2,35.2,31.6,27.9,22.9,10.2,5.0,12.7,7.6,2.6
2017-05-29 16:09:00+02:00,5.3,10.4,3.0,15.7,86.0,55.2,44.2,8.2,2.6,26.9,19.8,58.1,6.2,16.1,9.5,16.5,3.3,16.3,49.5,82.9,40.2,6.1,52.1,8.3,99.1,24.9,20.7,11.2,89.0,10.8,14.7,36.7,5.3,35.5,31.9,28.2,23.1,10.3,5.1,12.8,7.7,2.6
2017-05-29 16:10:00+02:00,5.4,10.4,3.1,15.8,85.8,55.5,44.4,8.3,2.6,27.3,19.4,58.5,6.3,16.2,9.0,16.9,3.3,16.4,49.8,82.6,40.3,5.6,52.4,8.3,98.9,24.3,20.8,11.6,88.7,10.9,14.2,37.0,5.2,35.7,32.1,28.4,23.3,10.4,5.1,12.9,7.7,2.6
2017-05-29 16:11:00+02:00,5.3,10.2,3.0,15.5,82.7,53.4,42.5,8.1,2.5,27.0,18.7,56.3,6.2,14.7,8.4,16.6,3.2,16.1,47.7,79.6,38.4,5.1,50.3,8.2,95.6,23.5,20.5,11.4,85.6,10.7,13.6,35.2,5.1,35.3,31.7,28.1,23.0,10.3,5.1,12.7,7.6,2.6
2017-05-29 16:12:00+02:00,5.1,9.8,2.9,14.8,78.9,50.3,39.9,7.8,2.4,25.9,18.4,53.0,5.9,13.3,8.5,15.9,3.1,15.4,44.9,75.9,36.0,5.3,47.3,7.8,91.2,23.1,19.7,10.9,81.6,10.2,13.4,32.8,4.9,33.9,30.6,27.1,22.2,9.9,4.9,12.3,7.3,2.4
2017-05-29 16:13:00+02:00,4.9,9.4,2.7,14.2,75.4,47.8,37.9,7.4,2.3,24.3,18.0,50.4,5.6,12.5,8.5,14.7,3.0,14.7,42.7,72.6,34.3,5.4,45.0,7.0,87.3,22.3,18.9,9.9,78.0,9.7,13.2,31.2,4.7,32.6,29.4,26.1,21.4,9.5,4.7,11.9,7.1,2.4
2017-05-29 16:14:00+02:00,4.7,9.0,2.6,13.7,72.4,45.6,36.2,7.1,2.2,23.6,17.2,48.1,5.3,11.7,8.0,14.3,2.8,14.1,40.8,69.7,32.7,5.2,43.0,7.1,83.9,21.7,18.2,9.7,74.8,9.3,12.6,29.8,4.5,31.5,28.4,25.3,20.7,9.2,4.6,11.5,6.9,2.3
2017-05-29 16:15:00+02:00,4.8,9.1,2.7,13.9,74.3,46.8,37.1,7.2,2.3,24.2,17.7,49.4,5.4,12.1,8.2,14.7,2.9,14.4,41.8,71.6,33.5,5.3,44.1,7.3,86.2,22.4,18.6,10.0,76.9,9.5,12.9,30.6,4.5,32.2,29.1,25.9,21.2,9.4,4.7,11.8,7.1,2.3
2017-05-29 16:16:00+02:00,3.9,7.3,2.1,11.1,57.1,35.1,27.5,5.0,1.8,18.9,14.3,37.1,4.1,8.2,6.6,11.4,2.2,10.8,31.3,55.0,25.0,4.3,33.0,5.7,66.5,18.1,14.9,7.6,58.9,6.8,10.4,22.9,3.5,25.8,23.4,21.0,17.2,7.7,3.8,9.5,5.7,1.8
2017-05-29 16:17:00+02:00,3.4,6.3,1.8,9.6,47.1,28.6,22.1,3.6,1.6,16.3,12.1,30.2,3.4,6.0,5.5,9.6,1.8,8.6,25.4,45.3,20.2,3.7,26.8,4.9,55.1,15.3,12.8,6.4,48.7,5.2,8.8,18.5,3.0,22.1,20.2,18.2,14.9,6.7,3.3,8.2,4.9,1.5
2017-05-29 16:18:00+02:00,3.3,6.1,1.7,9.3,46.4,28.3,22.1,4.2,1.5,15.6,11.8,29.9,3.3,6.3,5.3,9.3,1.8,9.0,25.2,44.7,20.2,3.5,26.6,4.8,54.4,14.9,12.6,6.2,48.1,5.8,8.6,18.6,2.9,21.6,19.7,17.8,14.6,6.5,3.2,8.1,4.8,1.5
2017-05-29 16:19:00+02:00,3.5,6.4,1.8,9.8,49.8,30.6,24.1,4.7,1.6,16.8,12.5,32.3,3.4,7.1,5.6,9.9,1.9,9.8,27.4,48.0,22.0,3.7,28.8,5.1,58.2,15.8,13.4,6.6,51.6,6.3,9.1,20.2,3.1,22.9,20.9,18.9,15.6,6.9,3.4,8.6,5.2,1.6
2017-05-29 16:20:00+02:00,3.7,6.7,1.9,10.2,52.0,31.9,25.3,4.9,1.7,17.5,13.0,33.7,3.6,7.5,5.8,10.4,2.0,10.2,28.8,50.1,23.1,3.9,30.0,5.4,60.7,16.5,13.9,6.9,53.8,6.6,9.5,21.2,3.2,23.8,21.8,19.6,16.1,7.2,3.6,8.9,5.3,1.7
2017-05-29 16:21:00+02:00,3.2,5.8,1.6,8.9,44.5,27.1,21.2,4.1,1.4,15.0,11.3,28.6,3.0,6.0,5.0,8.8,1.7,8.8,24.3,42.8,19.5,3.3,25.4,4.6,52.0,14.3,12.1,5.8,46.0,5.6,8.1,17.9,2.7,20.8,19.1,17.3,14.2,6.4,3.1,7.9,4.7,1.5
2017-05-29 16:22:00+02:00,2.9,5.2,1.5,8.0,42.5,27.1,22.0,3.7,1.3,13.2,9.9,28.5,2.7,8.5,4.3,7.7,1.4,7.9,24.8,41.1,20.8,2.9,25.7,4.0,49.3,12.6,10.9,4.9,43.9,5.0,7.1,19.4,2.5,18.5,17.0,15.5,12.7,5.7,2.8,7.0,4.2,1.3
2017-05-29 16:23:00+02:00,3.6,6.5,1.9,10.1,55.6,35.6,28.7,4.9,1.6,17.5,12.9,37.4,3.6,11.6,5.8,10.4,1.9,10.2,32.2,53.7,27.2,3.8,33.7,5.3,64.3,16.3,13.7,6.8,57.5,6.6,9.3,25.3,3.1,23.8,21.7,19.6,16.1,7.2,3.5,8.9,5.3,1.7
2017-05-29 16:24:00+02:00,4.4,8.0,2.4,12.4,70.2,45.2,36.5,6.3,2.0,22.1,16.2,47.4,4.6,14.3,7.5,13.5,2.5,12.7,40.8,67.8,33.7,4.9,42.7,6.6,81.0,20.4,16.8,9.0,72.6,8.3,11.8,31.1,3.8,29.4,26.6,23.8,19.5,8.7,4.3,10.8,6.4,2.1
2017-05-29 16:25:00+02:00,5.0,9.2,2.7,14.2,81.5,52.4,42.3,7.4,2.3,25.7,18.7,55.1,5.5,16.6,8.9,15.9,2.9,14.8,47.3,78.6,38.9,5.8,49.5,7.7,93.9,23.5,19.2,10.8,84.2,9.8,13.8,35.8,4.5,33.7,30.4,27.0,22.2,9.9,4.9,12.3,7.3,2.4
2017-05-29 16:26:00+02:00,4.2,7.5,2.2,11.6,66.3,42.5,34.4,5.9,1.8,21.0,15.2,44.7,4.4,13.5,7.1,12.8,2.3,12.0,38.5,63.9,31.8,4.7,40.2,6.3,76.4,19.2,15.8,8.6,68.5,7.8,11.3,29.3,3.5,27.9,25.2,22.5,18.5,8.3,4.1,10.2,6.1,2.0
2017-05-29 16:27:00+02:00,4.6,8.4,2.5,12.9,73.5,47.1,38.0,6.6,2.1,23.4,16.9,49.5,5.0,14.9,8.0,14.4,2.6,13.3,42.5,70.9,35.2,5.3,44.5,7.0,84.7,21.4,17.4,9.7,76.0,8.7,12.6,32.3,4.0,30.7,27.7,24.6,20.2,9.0,4.5,11.2,6.6,2.2
2017-05-29 16:28:00+02:00,4.5,8.2,2.5,12.7,72.3,46.4,37.6,6.6,2.0,23.1,16.5,48.8,5.0,14.8,7.8,14.2,2.6,13.1,42.0,69.7,34.8,5.0,43.9,6.9,83.4,20.9,17.2,9.6,74.8,8.6,12.2,32.0,3.9,30.2,27.2,24.2,19.8,8.8,4.3,11.0,6.6,2.2
2017-05-29 16:29:00+02:00,4.3,7.7,2.3,12.0,64.4,43.9,35.7,6.3,1.9,21.9,11.6,46.2,4.7,14.0,3.3,13.5,2.4,12.4,39.9,62.0,32.9,0.7,41.5,6.5,74.9,15.8,16.2,9.1,66.7,8.2,7.6,30.2,3.6,28.6,25.8,22.9,18.8,8.3,4.0,10.5,6.2,2.0
2017-05-29 16:30:00+02:00,4.0,7.1,2.2,11.1,58.9,40.7,33.0,5.8,1.8,20.1,10.1,42.8,4.3,13.0,2.3,12.6,2.3,11.6,36.9,56.7,30.5,0.1,38.4,6.0,68.8,14.0,15.1,8.5,61.1,7.6,6.3,28.1,3.3,26.7,24.1,21.6,17.7,7.9,3.8,9.8,5.8,1.9
2017-05-29 16:31:00+02:00,3.9,6.9,2.1,10.9,62.5,40.6,32.7,5.7,1.7,20.0,13.8,42.6,4.2,12.9,6.0,12.3,2.2,11.4,36.6,60.3,30.1,3.7,38.4,5.9,72.2,17.7,14.9,8.2,64.6,7.5,9.9,27.8,3.1,26.5,23.9,21.5,17.6,7.9,3.9,9.7,5.8,1.9
2017-05-29 16:32:00+02:00,3.7,6.5,2.0,10.2,58.7,38.0,30.6,5.2,1.5,18.7,13.1,39.9,3.8,12.1,5.7,11.4,2.0,10.6,34.2,56.6,28.2,3.6,36.0,5.6,67.7,16.7,14.0,7.7,60.6,6.9,9.4,26.0,2.9,24.9,22.6,20.3,16.6,7.5,3.7,9.2,5.5,1.8
2017-05-29 16:33:00+02:00,3.9,6.8,2.1,10.7,61.4,39.8,32.0,5.4,1.7,19.5,13.7,41.8,4.0,12.6,6.0,11.9,2.1,11.1,35.8,59.2,29.4,3.7,37.6,5.8,70.7,17.5,14.6,8.1,63.4,7.2,9.9,27.2,3.1,25.9,23.5,21.1,17.3,7.8,3.8,9.5,5.7,1.8
2017-05-29 16:34:00+02:00,3.4,5.9,1.8,9.3,52.0,34.3,27.7,4.8,1.4,16.6,10.8,36.0,3.3,11.1,4.8,10.1,1.7,9.8,31.0,50.2,25.5,3.0,32.6,5.0,59.8,14.1,12.6,6.7,53.6,6.3,8.3,23.7,2.6,22.4,20.4,18.5,15.1,6.8,3.3,8.3,4.9,1.6
2017-05-29 16:35:00+02:00,2.7,4.7,1.4,7.4,41.7,27.6,22.2,3.7,1.2,13.1,8.8,28.9,2.4,9.0,3.5,7.8,1.3,7.8,24.9,40.4,20.3,2.2,26.2,3.9,48.0,11.5,10.1,5.0,43.0,5.0,6.3,19.1,2.0,17.7,16.3,14.9,12.2,5.5,2.7,6.7,4.0,1.3
2017-05-29 16:36:00+02:00,2.7,4.6,1.4,7.2,41.1,27.1,21.9,3.7,1.2,12.6,8.7,28.5,2.4,8.8,3.4,7.4,1.3,7.7,24.5,39.8,20.0,2.1,25.8,3.8,46.4,11.3,9.9,4.7,41.4,5.0,6.2,18.7,2.0,17.5,16.1,14.7,12.0,5.4,2.6,6.6,3.9,1.3
2017-05-29 16:37:00+02:00,2.8,4.9,1.4,7.6,42.9,28.6,23.2,3.8,1.2,13.2,9.0,29.9,2.5,9.4,3.6,7.9,1.3,8.0,25.9,41.5,20.9,2.2,27.2,3.9,47.9,11.6,10.3,5.0,42.8,5.2,6.4,19.7,2.2,18.0,16.6,15.2,12.4,5.6,2.7,6.8,4.1,1.3
2017-05-29 16:38:00+02:00,2.9,5.1,1.5,7.9,44.9,29.9,24.2,4.0,1.3,13.8,9.4,31.3,2.6,9.8,3.7,8.1,1.4,8.4,27.1,43.4,21.9,2.3,28.4,4.0,49.2,12.1,10.8,5.2,44.1,5.4,6.7,20.6,2.3,18.8,17.3,15.8,12.9,5.8,2.8,7.1,4.2,1.4
2017-05-29 16:39:00+02:00,2.9,5.1,1.5,8.0,45.5,30.3,24.5,4.1,1.3,14.0,9.5,31.7,2.6,10.0,3.8,8.3,1.4,8.5,27.4,44.0,22.1,2.4,28.8,4.1,48.8,12.2,10.9,5.3,44.7,5.5,6.8,20.9,2.4,19.1,17.6,16.1,13.2,5.9,2.9,7.3,4.3,1.4
2017-05-29 16:40:00+02:00,2.8,5.1,1.5,8.0,45.3,30.3,24.6,4.0,1.3,13.9,9.5,31.7,2.6,9.9,3.7,8.2,1.4,8.5,27.4,43.9,22.0,2.3,28.8,4.1,48.9,12.1,10.9,5.2,45.0,5.5,6.7,20.8,2.4,18.8,17.3,15.9,13.1,5.9,2.9,7.2,4.3,1.4
2017-05-29 16:41:00+02:00,2.9,5.1,1.5,8.1,45.9,30.7,24.9,4.1,1.3,14.1,9.6,32.1,2.7,10.0,3.8,8.4,1.4,8.6,27.8,44.4,22.3,2.4,29.2,4.2,50.2,12.3,11.0,5.4,46.0,5.5,6.8,21.0,2.4,19.1,17.5,16.2,13.3,6.0,2.9,7.4,4.4,1.4
2017-05-29 16:42:00+02:00,2.9,5.2,1.5,8.1,45.4,30.2,24.5,4.1,1.3,14.0,9.5,31.6,2.7,9.9,3.7,8.3,1.4,8.5,27.4,43.9,22.0,2.3,28.8,4.1,49.5,12.3,11.0,5.3,45.3,5.5,6.7,20.9,2.4,18.9,17.4,16.0,13.1,5.9,2.9,7.3,4.3,1.4
2017-05-29 16:43:00+02:00,2.8,5.1,1.5,7.9,44.7,29.7,24.1,4.0,1.2,13.9,9.4,31.1,2.6,9.8,3.7,8.2,1.4,8.4,26.9,43.2,21.6,2.3,28.2,4.1,48.9,12.1,10.9,5.3,44.8,5.4,6.6,20.7,2.3,18.7,17.1,15.8,13.0,5.8,2.8,7.2,4.3,1.4
2017-05-29 16:44:00+02:00,3.0,5.3,1.5,8.3,46.6,30.8,24.9,3.8,1.3,14.6,9.9,32.2,2.4,9.8,4.0,8.7,1.5,8.3,27.9,45.1,22.6,2.4,29.3,4.3,51.2,12.8,11.3,5.6,46.8,5.2,7.1,21.1,2.4,19.5,17.9,16.4,13.5,6.0,3.0,7.5,4.5,1.4
2017-05-29 16:45:00+02:00,3.0,5.5,1.5,8.5,46.2,30.5,24.7,3.1,1.3,14.6,9.9,32.0,2.2,9.1,3.9,8.7,1.5,7.6,27.6,44.6,22.1,2.4,29.0,4.3,50.6,12.7,11.5,5.7,46.2,4.6,7.0,20.6,2.5,19.5,17.9,16.4,13.5,6.1,3.0,7.4,4.4,1.4
2017-05-29 16:46:00+02:00,3.0,5.6,1.5,8.6,46.7,30.9,25.0,3.1,1.3,14.7,10.1,32.3,2.6,9.1,4.1,8.8,1.5,7.6,28.0,45.2,22.2,2.7,29.4,4.3,51.6,12.9,11.7,5.7,46.9,4.5,7.2,20.8,2.6,19.5,17.9,16.4,13.4,6.0,2.9,7.4,4.4,1.4
2017-05-29 16:47:00+02:00,3.0,5.7,1.6,8.7,45.9,30.9,25.0,2.6,1.3,14.5,9.3,32.3,2.8,8.7,3.2,8.6,1.5,7.2,27.9,44.4,22.0,1.9,29.3,4.1,52.3,12.1,11.8,5.5,46.6,4.1,6.4,20.5,2.7,19.7,18.0,16.5,13.5,6.0,2.9,7.5,4.4,1.4
2017-05-29 16:48:00+02:00,3.1,5.5,1.6,8.6,46.7,31.7,25.7,3.3,1.1,15.1,9.1,33.1,2.4,9.5,3.3,9.0,1.6,8.0,28.7,45.1,22.6,1.9,30.1,4.4,53.7,12.0,11.7,5.8,47.8,4.8,6.6,21.2,2.5,20.4,18.7,17.0,13.9,6.3,3.0,7.7,4.6,1.4
2017-05-29 16:49:00+02:00,3.2,5.0,1.6,8.2,47.3,31.8,25.5,3.4,0.4,15.5,9.8,32.8,2.0,9.7,3.6,9.3,1.6,8.2,28.6,45.6,22.4,2.0,30.1,4.5,54.8,12.8,11.3,6.0,48.4,4.9,7.0,21.0,1.8,20.9,19.2,17.5,14.3,6.4,3.1,7.9,4.7,1.5
2017-05-29 16:50:00+02:00,3.1,5.5,1.6,8.7,48.0,32.9,26.8,4.3,1.2,15.2,10.0,33.4,3.0,10.5,3.5,9.0,1.6,9.0,29.8,46.4,23.7,2.0,31.3,4.4,55.3,13.0,11.8,5.9,49.1,5.8,6.8,22.3,2.5,20.5,18.8,17.1,14.0,6.3,3.1,7.7,4.6,1.4
2017-05-29 16:51:00+02:00,3.0,5.6,1.6,8.4,46.4,32.0,26.1,4.1,1.4,14.5,9.5,32.5,2.8,10.2,3.4,8.6,1.5,8.7,29.0,44.9,23.1,1.9,30.4,4.1,53.1,12.4,11.4,5.5,47.1,5.6,6.5,21.6,2.6,19.8,18.2,16.6,13.6,6.1,2.9,7.5,4.5,1.4
2017-05-29 16:52:00+02:00,3.0,4.6,1.5,7.4,45.0,30.7,24.9,4.0,0.5,14.5,9.4,31.2,2.7,10.0,3.3,8.6,1.5,8.6,27.8,43.5,21.9,1.8,29.2,4.2,51.4,12.2,10.4,5.5,45.5,5.5,6.4,20.4,1.7,19.6,18.0,16.5,13.5,6.0,2.9,7.5,4.5,1.4
2017-05-29 16:53:00+02:00,3.0,4.7,1.5,7.6,44.3,30.9,25.0,4.0,0.7,14.5,8.6,31.3,2.7,10.0,2.5,8.6,1.5,8.6,27.9,42.7,22.1,1.0,29.3,4.2,51.2,11.4,10.6,5.5,45.4,5.5,5.6,20.6,1.8,19.6,18.0,16.5,13.5,6.1,2.9,7.4,4.4,1.4
2017-05-29 16:54:00+02:00,2.9,5.5,1.5,8.4,45.1,31.3,25.5,3.9,1.4,14.2,9.0,31.8,2.6,9.8,3.0,8.4,1.4,8.4,28.4,43.5,22.6,1.6,29.8,4.1,51.3,11.8,11.3,5.3,45.5,5.4,6.1,21.2,2.6,19.0,17.7,16.2,13.3,6.0,2.9,7.3,4.3,1.4
2017-05-29 16:55:00+02:00,2.9,5.1,1.5,8.1,44.7,30.7,25.0,3.9,1.0,14.0,9.1,31.3,2.5,9.7,3.3,8.3,1.4,8.3,27.8,43.2,22.1,1.9,29.2,4.1,51.4,11.9,11.0,5.3,45.6,5.3,6.3,20.7,2.3,18.9,17.6,16.1,13.2,5.9,2.9,7.2,4.2,1.4
2017-05-29 16:56:00+02:00,2.9,4.4,1.5,7.3,43.8,29.6,23.9,3.8,0.3,13.8,9.6,30.0,2.5,9.6,3.9,8.1,1.3,8.2,26.7,42.4,21.2,2.5,28.2,4.1,50.5,12.3,10.1,5.2,44.8,5.2,6.8,19.8,1.6,18.5,17.3,15.8,13.0,5.9,2.9,7.1,4.2,1.4
2017-05-29 16:57:00+02:00,2.9,5.3,1.5,8.1,43.6,29.9,24.4,3.7,1.3,13.4,9.4,30.3,2.4,9.4,3.8,7.9,1.3,8.1,27.1,42.3,21.7,2.5,28.5,3.9,50.1,12.0,10.9,5.0,44.7,5.1,6.7,20.3,2.5,18.0,16.8,15.4,12.7,5.7,2.8,7.0,4.1,1.4
2017-05-29 16:58:00+02:00,2.9,5.2,1.4,8.0,43.0,29.4,23.9,3.7,1.3,13.3,9.2,29.9,2.4,9.3,3.7,7.9,1.3,7.9,26.6,41.6,21.3,2.4,28.0,4.0,49.4,11.8,10.8,5.0,44.1,5.1,6.5,20.0,2.5,17.7,16.5,15.1,12.4,5.6,2.8,6.8,4.0,1.3
2017-05-29 16:59:00+02:00,2.8,4.0,1.4,6.8,41.3,27.9,22.5,3.7,0.2,13.0,9.1,28.3,2.4,9.2,3.7,7.7,1.3,7.9,25.2,40.0,19.9,2.4,26.5,3.9,47.6,11.7,9.5,4.9,42.4,5.0,6.5,18.6,1.3,17.5,16.3,14.9,12.3,5.5,2.7,6.7,3.9,1.3
2017-05-29 17:00:00+02:00,2.8,4.3,1.4,7.0,40.2,28.0,22.6,3.6,0.9,12.9,8.5,28.3,2.4,9.1,3.1,7.7,1.3,7.8,25.3,38.9,20.0,1.8,26.6,3.9,46.2,10.6,9.7,4.9,41.1,5.0,5.9,18.8,1.7,17.1,15.9,14.5,11.9,5.3,2.6,6.6,3.9,1.3
2017-05-29 17:01:00+02:00,2.8,4.6,1.4,7.3,40.5,27.9,22.6,3.6,1.3,13.0,8.6,28.4,2.4,9.0,3.1,7.7,1.3,7.7,25.3,39.2,20.2,1.9,26.6,3.8,46.7,10.8,10.0,4.9,41.5,4.9,5.9,19.0,2.0,17.1,15.9,14.5,11.9,5.3,2.5,6.6,3.8,1.2
2017-05-29 17:02:00+02:00,2.8,4.0,1.4,6.8,40.9,27.7,22.3,3.7,0.6,13.1,8.9,28.3,2.5,9.2,3.3,7.7,1.3,7.9,25.0,39.6,20.0,2.1,26.3,3.6,47.5,11.3,9.5,4.8,42.1,5.0,6.2,18.7,1.3,17.5,16.2,14.9,12.1,5.4,2.6,6.7,3.9,1.2
2017-05-29 17:03:00+02:00,3.1,4.3,1.5,7.3,44.6,30.1,24.1,4.0,0.5,14.5,9.8,30.6,2.7,9.9,3.8,8.5,1.5,8.5,27.1,43.2,21.6,2.4,28.5,4.0,52.0,12.5,10.3,5.4,46.0,5.4,6.9,20.1,1.3,19.2,17.8,16.2,13.3,6.0,2.9,7.3,4.3,1.3
2017-05-29 17:04:00+02:00,3.6,5.9,1.8,9.4,53.2,35.8,28.9,4.6,1.5,17.0,11.7,36.7,3.3,11.2,4.7,10.2,1.8,9.7,32.3,51.5,25.8,2.9,34.0,4.8,62.0,14.9,12.8,6.6,54.9,6.1,8.2,24.0,2.5,22.6,20.8,18.8,15.3,6.9,3.4,8.5,4.9,1.5
2017-05-29 17:05:00+02:00,3.4,5.7,1.7,9.1,51.9,34.8,28.2,4.5,1.4,16.2,11.3,35.8,3.3,11.0,4.5,9.8,1.7,9.5,31.4,50.3,25.1,2.8,33.0,4.6,60.4,14.4,12.4,6.3,53.5,6.0,7.9,23.4,2.4,21.8,20.1,18.1,14.8,6.7,3.3,8.1,4.7,1.4
2017-05-29 17:06:00+02:00,3.5,5.9,1.7,9.3,52.8,35.4,28.6,4.6,1.5,16.4,11.5,36.5,3.3,11.2,4.5,9.7,1.8,9.6,31.9,51.2,25.6,2.8,33.6,4.5,61.4,14.7,12.6,6.2,54.5,6.1,8.1,23.8,2.5,21.2,20.5,18.5,15.1,6.8,3.3,8.3,4.8,1.5
2017-05-29 17:07:00+02:00,4.4,7.4,2.2,11.8,68.2,45.0,36.4,5.9,1.8,21.8,15.2,46.6,4.5,13.9,6.4,13.3,2.4,12.2,40.7,66.0,32.4,4.0,42.7,6.3,79.2,19.4,16.0,8.8,70.4,7.8,10.9,29.9,3.2,28.4,26.3,23.6,19.3,8.7,4.2,10.7,6.2,1.9
2017-05-29 17:08:00+02:00,5.0,8.4,2.5,13.2,76.6,50.5,40.9,6.8,2.0,24.7,17.1,52.4,5.1,15.6,7.4,15.0,2.7,13.7,45.6,74.0,36.4,4.6,47.9,7.1,88.9,21.7,17.9,10.1,79.1,8.8,12.3,33.5,3.6,32.3,29.5,26.3,21.5,9.6,4.7,11.9,7.0,2.2
2017-05-29 17:09:00+02:00,4.5,7.7,2.3,12.2,70.2,46.5,37.6,6.2,1.8,22.1,15.5,48.1,4.6,14.4,6.5,13.2,2.5,12.7,42.0,67.9,33.5,4.0,44.1,6.2,81.5,19.8,16.6,8.6,72.4,8.1,11.1,31.0,3.3,30.0,27.3,24.5,20.0,8.9,4.4,11.1,6.5,2.1
2017-05-29 17:10:00+02:00,4.4,7.3,2.1,11.6,66.6,44.3,35.9,5.9,1.8,20.9,14.6,45.8,4.3,13.8,6.0,12.4,2.3,12.1,40.1,64.5,32.0,3.7,42.1,6.0,77.4,18.7,15.8,8.0,68.7,7.7,10.4,29.7,3.1,28.5,25.9,23.3,19.0,8.4,4.2,10.6,6.2,2.0
2017-05-29 17:11:00+02:00,4.3,7.3,2.0,11.5,64.7,43.1,35.0,5.6,1.8,20.5,14.1,44.6,4.0,13.4,5.8,12.2,2.1,11.7,39.0,62.6,31.2,3.6,41.0,6.0,75.1,18.0,15.6,8.0,66.7,7.4,10.0,29.0,3.2,27.6,25.2,22.7,18.6,8.3,4.0,10.3,6.0,1.9
2017-05-29 17:12:00+02:00,4.6,8.3,2.2,12.8,70.5,46.9,38.2,6.1,1.9,22.3,15.5,48.5,4.4,14.4,6.4,13.4,2.3,12.6,42.5,68.2,34.1,4.0,44.6,6.6,81.8,19.7,17.2,8.8,72.7,8.0,11.0,31.6,3.9,30.0,27.3,24.6,20.1,8.9,4.4,11.1,6.5,2.1
2017-05-29 17:13:00+02:00,5.2,9.4,2.5,14.4,81.0,53.5,43.6,7.0,2.1,25.9,17.9,55.5,5.3,16.3,7.7,15.7,2.8,14.3,48.6,78.2,38.8,4.7,50.9,7.7,93.9,22.8,19.5,10.5,83.6,9.1,12.8,35.7,4.3,34.4,31.2,27.9,22.8,10.1,5.0,12.6,7.4,2.3
2017-05-29 17:14:00+02:00,5.8,10.4,2.9,16.0,90.9,59.8,48.6,8.0,2.3,29.3,20.3,62.1,6.1,18.2,9.0,17.9,3.2,16.1,54.2,87.8,43.3,5.6,56.8,8.8,105.3,25.7,21.6,12.1,93.9,10.3,14.7,39.8,4.8,38.5,34.8,30.9,25.3,11.3,5.5,14.0,8.3,2.6
2017-05-29 17:15:00+02:00,6.1,10.9,3.0,16.8,95.2,62.8,51.1,8.5,2.4,30.7,21.4,65.3,6.5,19.1,9.6,18.9,3.5,17.0,56.9,92.0,45.5,6.0,59.6,9.2,110.3,26.7,22.7,12.8,98.4,11.0,15.5,41.8,5.0,40.2,36.3,32.2,26.3,11.8,5.8,14.5,8.6,2.7
2017-05-29 17:16:00+02:00,5.6,10.1,2.7,15.6,86.6,57.8,47.1,7.8,2.2,28.2,19.0,60.0,5.9,17.7,8.0,17.3,3.2,15.6,52.4,83.7,42.0,4.8,54.9,8.5,100.3,23.8,21.0,11.7,89.5,10.1,13.5,38.7,4.6,37.0,33.5,29.8,24.3,10.9,5.4,13.4,7.9,2.4
2017-05-29 17:17:00+02:00,5.0,8.9,2.4,13.7,74.9,50.3,41.1,6.7,2.0,24.6,16.2,52.1,5.0,15.5,6.6,15.0,2.7,13.6,45.7,72.4,36.7,3.9,47.9,7.5,86.3,20.4,18.5,10.1,77.3,8.7,11.5,34.0,4.1,32.2,29.3,26.2,21.4,9.6,4.7,11.8,6.9,2.1
2017-05-29 17:18:00+02:00,4.4,7.9,2.1,12.2,64.9,43.8,35.7,5.7,1.8,21.3,14.0,45.2,4.2,13.5,5.4,12.9,2.2,11.8,39.7,62.7,32.1,3.1,41.7,6.5,74.4,17.5,16.4,8.6,67.0,7.5,9.8,29.9,3.7,28.0,25.6,23.0,18.8,8.4,4.1,10.3,6.0,1.9
2017-05-29 17:19:00+02:00,3.6,6.7,1.7,10.3,53.5,36.2,29.4,4.9,1.6,17.5,11.4,37.5,3.4,11.8,4.2,10.5,1.8,10.2,32.8,51.7,27.3,2.3,34.5,5.3,61.7,14.2,13.8,6.8,55.2,6.6,7.8,25.6,3.2,23.2,21.3,19.3,15.7,7.1,3.5,8.7,5.1,1.6
2017-05-29 17:20:00+02:00,3.3,6.3,1.7,9.7,48.9,32.6,26.2,4.6,1.5,16.2,10.6,34.2,3.1,11.1,3.8,9.6,1.6,9.6,29.5,47.2,25.6,2.1,31.0,4.8,56.2,13.1,12.9,6.2,50.5,6.2,7.2,24.0,3.0,21.7,20.0,18.1,14.8,6.6,3.2,8.1,4.7,1.5
2017-05-29 17:21:00+02:00,3.3,6.2,1.7,9.6,48.9,32.7,26.3,4.6,1.5,16.3,10.6,34.2,3.1,11.0,3.8,9.7,1.6,9.5,29.5,47.3,25.4,2.1,31.1,4.9,55.9,13.1,12.8,6.2,50.5,6.1,7.3,23.8,2.9,21.8,20.0,18.2,14.8,6.6,3.3,8.2,4.8,1.5
2017-05-29 17:22:00+02:00,3.3,6.3,1.7,9.5,50.9,34.5,28.1,4.6,1.5,16.5,10.6,36.0,3.1,11.1,3.7,9.8,1.7,9.6,31.3,49.2,25.5,2.0,32.9,4.9,57.9,13.2,12.8,6.3,52.5,6.2,7.2,23.9,2.9,22.1,20.3,18.4,15.0,6.7,3.3,8.3,4.8,1.5
2017-05-29 17:23:00+02:00,3.5,6.5,1.7,9.9,53.6,36.4,29.7,4.8,1.5,17.4,11.2,38.0,3.3,11.4,4.0,10.4,1.7,9.9,33.1,51.9,26.5,2.2,34.7,5.2,61.0,13.9,13.3,6.8,55.3,6.4,7.6,24.7,3.0,23.0,21.1,19.1,15.6,7.0,3.4,8.6,5.0,1.5
2017-05-29 17:24:00+02:00,3.6,6.7,1.8,10.3,54.9,36.9,29.9,5.0,1.5,18.4,11.7,38.5,3.4,11.7,4.3,11.1,1.8,10.2,33.5,53.1,27.5,2.3,35.1,5.5,62.7,14.6,13.8,7.3,56.7,6.5,8.0,25.5,3.0,24.0,22.0,19.8,16.2,7.2,3.6,9.0,5.2,1.6
2017-05-29 17:25:00+02:00,3.9,7.0,1.9,10.8,57.7,38.3,31.0,5.2,1.5,19.9,12.6,40.1,3.7,12.2,4.7,12.2,2.0,10.7,34.8,55.8,28.9,2.6,36.5,6.0,66.1,15.7,14.6,8.2,59.6,6.8,8.7,26.8,3.1,25.6,23.4,21.0,17.1,7.6,3.8,9.5,5.5,1.6
2017-05-29 17:26:00+02:00,4.1,7.3,2.0,11.2,62.0,41.3,33.7,5.5,1.6,21.0,13.4,43.1,3.9,12.7,5.1,12.9,2.1,11.2,37.6,59.9,30.0,2.8,39.4,6.3,70.9,16.8,15.2,8.7,64.0,7.1,9.3,27.9,3.2,27.0,24.6,22.0,17.9,8.0,4.0,9.9,5.7,1.7
2017-05-29 17:27:00+02:00,3.7,6.6,1.8,10.3,55.4,37.3,30.4,4.9,1.4,18.6,11.7,38.9,3.4,11.5,4.3,11.4,1.8,10.0,33.9,53.6,27.2,2.3,35.5,5.6,63.2,14.7,13.9,7.6,57.2,6.4,8.0,25.4,3.0,24.1,22.0,19.9,16.2,7.2,3.6,9.0,5.2,1.6
2017-05-29 17:28:00+02:00,3.4,6.1,1.6,9.4,50.3,34.0,27.8,4.5,1.4,16.9,10.4,35.5,3.0,10.6,3.7,10.3,1.6,9.2,31.0,48.6,24.9,1.9,32.4,5.1,57.1,13.1,12.7,6.8,51.8,5.9,7.1,23.3,2.8,21.8,20.0,18.2,14.8,6.6,3.2,8.2,4.8,1.5
2017-05-29 17:29:00+02:00,3.2,5.8,1.5,8.9,47.1,32.0,26.2,4.2,1.3,15.7,9.7,33.4,2.8,10.1,3.3,9.5,1.5,8.7,29.2,45.5,23.5,1.7,30.6,4.8,53.4,12.1,12.0,6.3,48.5,5.5,6.5,22.1,2.7,20.4,18.7,17.0,13.9,6.2,3.0,7.7,4.5,1.4
2017-05-29 17:30:00+02:00,3.0,5.5,1.5,8.5,43.0,28.8,23.4,3.9,1.3,14.0,8.9,30.1,2.6,9.5,2.9,8.2,1.4,8.2,26.1,41.6,22.1,1.5,27.5,4.4,48.9,11.4,11.4,5.2,44.4,5.2,5.9,20.8,2.6,18.8,17.3,15.7,12.8,5.8,2.8,7.1,4.2,1.3
2017-05-29 17:31:00+02:00,2.8,5.3,1.4,8.1,42.3,28.0,22.9,3.4,1.3,13.4,9.1,29.3,2.1,8.7,3.5,8.0,1.3,7.5,25.4,40.9,20.7,2.2,26.7,4.1,48.0,11.7,10.8,5.2,43.6,4.6,6.4,19.5,2.5,17.7,16.3,14.9,12.1,5.4,2.6,6.7,4.0,1.3
2017-05-29 17:32:00+02:00,2.7,5.1,1.3,7.8,40.8,27.0,22.2,3.1,1.2,12.5,8.8,28.2,1.9,8.2,3.4,7.3,1.2,7.0,24.6,39.5,19.7,2.1,25.8,3.6,47.2,11.2,10.4,4.6,42.0,4.3,6.1,18.6,2.4,17.0,15.7,14.3,11.7,5.2,2.5,6.5,3.8,1.2
2017-05-29 17:33:00+02:00,2.6,4.9,1.3,7.5,39.7,26.2,21.5,3.0,1.2,12.3,8.6,27.4,1.8,8.0,3.4,7.2,1.2,6.8,23.9,38.4,18.9,2.1,25.0,3.5,46.1,11.0,9.9,4.6,41.0,4.1,6.0,17.9,2.3,16.8,15.5,14.1,11.5,5.1,2.5,6.4,3.8,1.2
2017-05-29 17:34:00+02:00,2.6,4.7,1.3,7.2,39.1,25.6,20.8,2.7,1.1,12.1,8.6,26.7,1.7,7.7,3.3,7.2,1.2,6.6,23.2,37.8,18.2,2.0,24.4,3.5,45.5,11.0,9.4,4.5,40.2,3.9,6.0,17.2,2.1,16.6,15.2,13.9,11.3,5.2,2.5,6.1,3.5,1.2
2017-05-29 17:35:00+02:00,2.6,4.7,1.3,7.2,38.6,25.2,20.4,2.3,1.1,12.1,8.6,26.3,1.3,7.4,3.3,7.2,1.2,6.2,22.8,37.3,17.8,2.0,23.9,3.5,45.0,11.0,9.4,4.5,39.7,3.5,5.9,16.7,2.1,16.9,15.6,14.2,11.6,5.1,2.5,6.5,3.8,1.2
2017-05-29 17:36:00+02:00,2.6,4.7,1.3,7.0,39.0,25.6,20.7,2.8,1.1,12.4,8.6,26.7,1.8,7.9,3.3,7.4,1.2,6.7,23.1,37.7,18.1,2.0,24.3,3.5,45.4,11.0,9.2,4.7,40.2,4.0,6.0,17.1,2.1,16.9,15.6,14.2,11.6,5.2,2.5,6.4,3.7,1.1
2017-05-29 17:37:00+02:00,2.7,4.8,1.3,7.2,40.2,26.3,21.3,2.9,1.1,12.7,8.9,27.5,1.9,8.1,3.4,7.6,1.2,6.9,23.7,38.9,18.6,2.1,25.0,3.6,46.8,11.3,9.4,4.8,41.4,4.2,6.1,17.5,2.2,17.4,16.0,14.6,11.9,5.3,2.6,6.6,3.9,1.2
2017-05-29 17:38:00+02:00,2.7,4.9,1.3,7.4,41.6,27.1,22.0,3.0,1.1,13.1,9.2,28.4,2.0,8.4,3.5,7.8,1.3,7.1,24.6,40.2,19.3,2.1,25.9,3.6,48.4,11.8,9.7,4.9,42.8,4.3,6.4,18.1,2.2,17.9,16.5,15.0,12.2,5.5,2.7,6.7,3.9,1.2
2017-05-29 17:39:00+02:00,2.8,5.1,1.4,7.6,43.1,28.1,22.8,3.2,1.1,13.5,9.6,29.5,2.2,8.7,3.7,8.0,1.4,7.4,25.6,41.7,20.0,2.2,26.9,3.9,50.1,12.2,10.1,5.1,44.4,4.5,6.7,18.8,2.3,18.4,16.8,15.3,12.4,5.7,2.8,6.7,3.8,1.2
2017-05-29 17:40:00+02:00,3.0,5.4,1.4,8.0,45.1,29.4,23.8,3.4,1.2,14.1,10.0,30.8,2.3,9.0,3.9,8.4,1.4,7.7,26.7,43.6,20.9,2.4,28.1,4.1,52.4,12.8,10.6,5.3,46.4,4.7,7.0,19.6,2.4,19.3,17.6,16.0,12.9,5.9,2.9,7.0,4.0,1.3
2017-05-29 17:41:00+02:00,3.3,5.7,1.5,8.6,48.8,31.6,25.8,3.7,1.2,15.6,11.0,33.1,2.6,9.6,4.3,9.3,1.6,8.3,28.9,47.2,22.6,2.6,30.3,4.5,56.7,14.1,11.5,6.0,50.2,5.0,7.7,21.1,2.5,20.3,18.4,16.6,13.3,6.4,3.1,6.9,3.6,1.3
2017-05-29 17:42:00+02:00,3.3,5.7,1.5,8.6,48.5,31.4,25.7,3.6,1.2,15.5,10.9,32.9,2.5,9.5,4.3,9.3,1.5,8.2,28.7,46.9,22.6,2.6,30.1,4.5,56.4,14.0,11.5,6.0,50.0,4.9,7.7,21.1,2.6,20.2,18.3,16.6,13.3,6.4,3.1,6.9,3.7,1.3
2017-05-29 17:43:00+02:00,3.5,6.0,1.6,9.1,51.4,33.1,26.9,3.4,1.2,17.0,11.8,34.6,2.3,9.6,4.6,10.2,1.6,8.3,30.2,49.7,23.6,2.8,31.6,5.0,59.9,15.1,12.3,6.6,53.0,4.8,8.3,21.9,2.6,22.4,20.4,18.4,14.8,6.8,3.4,8.0,4.5,1.3
2017-05-29 17:44:00+02:00,4.3,7.1,1.9,11.0,62.7,39.8,32.2,3.6,1.4,21.5,14.8,41.6,2.4,10.7,6.1,13.1,2.1,9.3,36.2,60.6,28.1,3.6,37.9,6.3,73.2,18.9,15.0,8.7,64.7,5.1,10.5,25.7,3.0,28.1,25.4,22.6,18.3,8.4,4.1,9.9,5.6,1.6
2017-05-29 17:45:00+02:00,5.0,8.1,2.2,12.6,73.4,46.3,37.5,4.5,1.5,25.3,17.5,48.5,3.3,12.5,7.4,15.5,2.6,11.0,42.2,70.8,32.7,4.4,44.1,7.4,85.6,22.3,17.3,10.5,75.7,6.1,12.5,29.8,3.3,32.9,29.6,26.2,21.1,9.7,4.8,11.4,6.5,1.8
2017-05-29 17:46:00+02:00,5.2,8.4,2.3,13.1,77.6,48.6,39.5,5.1,1.5,25.9,19.0,50.8,3.8,13.2,8.5,16.3,2.7,11.8,44.4,74.9,34.3,5.4,46.3,7.8,90.3,24.1,18.0,11.0,80.1,6.7,13.8,31.2,3.4,34.2,30.8,27.2,22.0,10.1,5.0,11.9,6.7,1.9
2017-05-29 17:47:00+02:00,5.1,8.3,2.2,13.0,76.9,48.4,39.4,5.1,1.5,25.8,18.8,50.5,3.9,13.2,8.4,16.2,2.7,11.8,44.2,74.3,34.1,5.3,46.1,7.8,89.5,23.8,17.8,11.0,79.4,6.8,13.7,31.0,3.4,33.9,30.5,27.0,21.8,10.0,4.9,11.8,6.7,1.8
2017-05-29 17:48:00+02:00,5.1,8.3,2.2,12.9,76.5,48.3,39.4,5.2,1.5,25.9,18.6,50.3,4.0,13.2,8.2,16.0,2.7,11.9,44.1,73.9,34.2,5.2,46.0,7.7,89.0,23.6,17.9,10.8,78.9,6.8,13.5,31.2,3.4,33.5,30.2,26.7,21.6,9.9,4.9,11.7,6.6,1.8
2017-05-29 17:49:00+02:00,5.1,8.2,2.2,12.8,75.8,48.0,39.2,5.2,1.5,25.7,18.2,50.0,3.9,13.2,8.0,15.8,2.6,11.8,44.0,73.2,34.1,5.1,45.8,7.6,88.2,23.2,17.9,10.7,78.2,6.8,13.2,31.1,3.4,33.2,29.8,26.4,21.3,9.8,4.8,11.6,6.5,1.8
2017-05-29 17:50:00+02:00,5.0,8.2,2.1,12.7,75.0,47.6,38.9,5.1,1.5,25.6,18.1,49.6,3.9,13.0,7.9,15.7,2.6,11.7,43.6,72.5,33.8,5.0,45.4,7.5,87.4,23.0,17.8,10.6,77.4,6.7,13.0,30.8,3.3,32.9,29.6,26.3,21.2,9.7,4.8,11.5,6.5,1.8
2017-05-29 17:51:00+02:00,5.0,8.1,2.1,12.7,75.5,48.2,39.6,5.9,1.5,25.5,18.0,50.2,4.7,13.7,7.8,15.7,2.6,12.4,44.2,73.0,34.5,4.9,46.0,7.5,87.8,22.8,17.7,10.6,77.9,7.5,13.0,31.4,3.2,32.3,29.0,25.6,21.1,9.7,4.8,11.4,6.4,1.7
2017-05-29 17:52:00+02:00,5.0,8.0,2.1,12.6,74.8,47.9,39.4,6.1,1.5,25.3,17.8,49.8,4.9,13.7,7.6,15.6,2.6,12.5,44.0,72.4,34.3,4.8,45.8,7.5,87.1,22.6,17.6,10.5,77.2,7.6,12.8,31.3,3.2,32.5,29.2,25.8,20.8,9.6,4.8,11.2,6.4,1.7
2017-05-29 17:53:00+02:00,5.0,7.9,2.1,12.4,74.4,47.5,39.1,6.0,1.4,25.2,17.7,49.5,4.8,13.6,7.6,15.5,2.6,12.4,43.7,72.0,34.0,4.7,45.5,7.4,86.6,22.5,17.4,10.5,76.8,7.5,12.7,31.0,3.1,32.6,29.3,25.9,20.9,9.6,4.7,11.3,6.4,1.7
2017-05-29 17:54:00+02:00,5.0,7.7,2.1,12.3,74.0,47.2,38.7,5.9,1.3,25.0,17.7,49.1,4.7,13.4,7.6,15.3,2.5,12.3,43.4,71.6,33.7,4.8,45.1,7.3,86.1,22.5,17.3,10.3,76.3,7.4,12.7,30.7,3.0,32.6,29.4,26.0,21.0,9.5,4.7,11.5,6.6,1.6
2017-05-29 17:55:00+02:00,4.9,7.6,2.1,12.2,73.4,46.7,38.3,5.9,1.3,24.6,17.7,48.6,4.7,13.3,7.6,14.9,2.5,12.2,43.0,71.0,33.4,4.8,44.7,7.1,85.4,22.4,17.1,10.0,75.7,7.3,12.7,30.4,3.0,32.2,29.0,25.7,20.8,9.4,4.7,11.4,6.6,1.6
2017-05-29 17:56:00+02:00,4.8,7.5,2.0,12.0,72.5,46.2,37.8,5.8,1.3,24.4,17.5,48.1,4.7,13.1,7.6,14.9,2.4,12.0,42.5,70.1,33.0,4.8,44.2,7.1,84.3,22.1,16.9,10.0,74.7,7.2,12.6,30.0,2.9,32.0,28.8,25.4,20.6,9.4,4.6,11.3,6.5,1.6
2017-05-29 17:57:00+02:00,4.8,7.4,2.0,11.8,71.6,45.7,37.3,5.7,1.3,24.3,17.3,47.5,4.6,12.9,7.4,14.8,2.4,11.8,42.0,69.4,32.5,4.6,43.6,7.1,83.1,21.9,16.7,10.0,73.9,7.1,12.4,29.6,2.8,31.7,28.6,25.2,20.4,9.3,4.6,11.1,6.4,1.6
2017-05-29 17:58:00+02:00,4.8,7.3,2.0,11.7,70.8,45.1,36.9,5.6,1.2,24.0,17.0,46.9,4.6,12.8,7.2,14.7,2.4,11.7,41.5,68.5,32.2,4.5,43.1,7.0,81.6,21.7,16.5,9.9,73.0,7.0,12.2,29.3,2.8,31.4,28.3,25.0,20.2,9.2,4.6,11.0,6.3,1.5
2017-05-29 17:59:00+02:00,4.7,7.1,1.9,11.5,69.8,44.4,36.4,5.6,1.2,23.6,16.8,46.2,4.5,12.6,7.1,14.4,2.4,11.5,40.8,67.6,31.7,4.4,42.4,6.8,79.5,21.5,16.3,9.6,72.0,6.9,12.1,28.9,2.7,31.0,27.9,24.7,19.9,9.1,4.5,10.8,6.2,1.4
2017-05-29 18:00:00+02:00,4.7,7.1,1.9,11.4,68.8,43.7,35.9,5.5,1.2,23.3,16.7,45.4,4.4,12.4,7.1,14.2,2.3,11.3,40.3,66.6,31.3,4.4,41.8,6.7,78.4,21.2,16.1,9.5,70.9,6.8,11.9,28.5,2.7,30.7,27.6,24.4,19.7,8.9,4.3,10.8,6.2,1.4
2017-05-29 18:01:00+02:00,4.7,6.9,1.9,11.2,68.3,43.2,35.4,5.2,1.2,23.3,16.7,44.9,4.3,12.1,7.2,14.2,2.3,11.0,39.8,66.2,30.7,4.5,41.3,6.7,78.4,21.3,15.9,9.5,70.4,6.5,12.0,28.0,2.6,30.4,27.4,24.2,19.5,8.8,4.3,10.8,6.2,1.5
2017-05-29 18:02:00+02:00,4.6,6.9,1.8,11.1,67.6,42.7,35.1,5.1,1.2,23.4,16.6,44.5,4.2,11.9,7.1,14.4,2.3,10.9,39.4,65.5,30.4,4.5,40.9,7.0,78.1,21.1,15.8,9.7,69.6,6.4,11.9,27.7,2.6,30.2,27.2,24.0,19.3,8.6,4.2,10.7,6.2,1.5
2017-05-29 18:03:00+02:00,4.6,6.9,1.8,11.1,67.1,42.5,35.0,5.1,1.2,23.3,16.4,44.2,4.2,11.8,7.0,14.3,2.3,10.8,39.1,65.1,30.2,4.4,40.6,7.0,77.4,20.9,15.8,9.6,69.0,6.3,11.8,27.6,2.6,30.0,27.0,23.9,19.2,8.5,4.1,10.7,6.1,1.4
2017-05-29 18:04:00+02:00,4.6,6.8,1.8,11.0,66.7,42.3,34.9,5.1,1.2,22.9,16.2,44.0,4.2,11.8,7.0,14.0,2.3,10.8,39.1,64.6,30.2,4.4,40.5,7.0,76.8,20.7,15.7,9.6,68.6,6.3,11.7,27.5,2.6,29.9,26.9,23.8,19.1,8.5,4.2,10.6,6.1,1.4
2017-05-29 18:05:00+02:00,4.6,6.8,1.8,10.9,65.9,41.9,34.5,5.1,1.2,22.9,16.0,43.4,4.1,11.7,6.8,13.8,2.2,10.7,38.6,63.9,29.9,4.3,40.1,6.9,75.8,20.5,15.6,9.5,67.7,6.2,11.5,27.2,2.6,29.3,26.4,23.3,18.7,8.3,4.0,10.4,6.0,1.3
2017-05-29 18:06:00+02:00,4.6,6.7,1.8,11.0,65.8,41.9,34.5,5.0,1.2,23.0,16.0,43.5,4.1,11.6,6.8,13.8,2.2,10.6,38.6,63.9,29.9,4.3,40.1,6.9,75.8,20.4,15.7,9.4,67.8,6.2,11.5,27.2,2.5,29.1,26.2,23.1,18.6,8.3,4.0,10.3,5.9,1.3
2017-05-29 18:07:00+02:00,4.6,6.7,1.7,10.9,65.5,41.6,34.2,5.0,1.2,23.3,16.0,43.1,4.1,11.5,6.8,14.0,2.2,10.5,38.4,63.5,29.5,4.2,39.8,6.9,75.4,20.4,15.3,9.6,67.4,6.1,11.4,26.9,2.5,29.2,26.3,23.2,18.7,8.4,4.2,10.3,5.9,1.3
2017-05-29 18:08:00+02:00,4.6,6.6,1.7,10.8,64.1,40.4,33.1,4.9,1.1,23.0,15.9,41.9,4.0,11.4,6.7,13.9,2.2,10.4,37.2,62.1,28.4,4.2,38.7,6.8,74.0,20.3,14.4,9.5,65.9,6.0,11.3,25.8,2.4,29.1,26.2,23.1,18.6,8.5,4.2,10.2,5.8,1.3
2017-05-29 18:09:00+02:00,4.5,6.4,1.6,10.6,62.9,39.7,32.4,4.8,1.1,22.6,15.6,41.2,3.9,11.1,6.5,13.8,2.2,10.1,36.6,61.0,27.8,4.1,38.0,6.7,72.7,19.9,14.1,9.5,64.8,5.8,11.1,25.3,2.3,28.7,25.9,22.9,18.5,8.5,4.3,10.0,5.7,1.2
2017-05-29 18:10:00+02:00,4.4,6.2,1.6,10.3,61.2,38.6,31.4,3.8,1.0,21.7,15.2,40.0,3.0,10.0,6.3,13.6,2.1,9.0,35.6,59.4,26.9,4.0,36.9,6.5,70.7,19.5,14.3,9.4,63.0,4.8,10.8,24.3,2.2,28.1,25.4,22.5,18.1,8.3,4.2,9.9,5.6,1.2
2017-05-29 18:11:00+02:00,4.3,6.0,1.5,10.1,60.7,38.4,31.4,3.9,1.0,21.5,15.0,39.8,3.1,9.9,6.2,13.3,2.0,9.0,35.5,58.9,26.9,3.9,36.8,6.4,70.0,19.1,14.5,9.2,62.5,4.9,10.6,24.4,2.2,27.7,25.0,22.1,17.8,8.2,4.1,9.7,5.5,1.1
2017-05-29 18:12:00+02:00,4.2,5.8,1.5,9.8,59.7,38.0,31.0,4.3,0.9,21.7,14.6,39.3,3.5,10.2,6.0,13.1,1.9,9.3,35.0,58.0,26.6,3.8,36.2,6.3,68.8,18.7,14.1,9.0,61.4,5.2,10.4,24.2,2.1,27.2,24.6,21.7,17.5,8.0,4.1,9.5,5.4,1.1
2017-05-29 18:13:00+02:00,3.9,5.4,1.3,9.0,54.3,34.4,28.0,3.9,0.9,19.2,13.4,35.6,3.2,9.4,5.5,12.0,1.8,8.6,31.7,52.8,24.0,3.4,32.8,5.7,62.6,17.2,12.6,8.3,55.8,4.8,9.5,22.0,1.9,25.1,22.6,20.0,16.1,7.4,3.7,8.7,5.0,1.0
2017-05-29 18:14:00+02:00,4.0,5.3,1.3,9.0,49.2,29.0,22.5,3.9,0.8,19.6,13.7,30.1,3.2,9.2,5.6,12.2,1.8,8.5,26.3,47.6,18.5,3.5,27.4,5.8,57.6,17.5,7.1,8.4,50.7,4.7,9.7,16.3,1.8,25.5,22.9,20.3,16.3,7.5,3.8,8.8,5.0,0.9
2017-05-29 18:15:00+02:00,3.9,5.1,1.3,8.7,49.7,30.0,23.7,3.7,0.7,19.6,13.4,31.1,3.2,8.9,5.5,12.0,1.8,8.3,27.5,48.2,19.7,3.4,28.5,5.7,58.0,17.1,8.7,8.3,51.3,4.5,9.5,17.6,1.6,25.0,22.5,19.9,16.0,7.3,3.6,8.7,4.9,0.9
2017-05-29 18:16:00+02:00,3.8,4.8,1.2,8.2,50.9,32.2,26.1,3.4,0.7,19.3,12.8,33.2,2.8,8.4,5.1,11.6,1.7,7.7,29.7,49.5,22.3,3.1,30.7,5.5,59.0,16.3,12.0,8.0,52.4,4.1,9.0,20.3,1.5,23.9,21.5,19.0,15.2,6.9,3.4,8.3,4.6,0.9
2017-05-29 18:17:00+02:00,3.5,4.4,1.1,7.6,46.4,29.0,23.4,3.1,0.6,16.9,11.8,29.9,2.6,7.7,4.6,9.7,1.6,7.1,26.8,45.0,19.9,2.8,27.7,4.7,54.4,15.1,10.4,6.3,47.7,3.7,8.3,18.1,1.3,22.4,20.1,17.7,14.2,6.5,3.2,7.7,4.3,0.8
2017-05-29 18:18:00+02:00,3.5,4.2,1.0,7.4,45.3,28.3,23.1,2.9,0.6,16.8,11.6,29.2,2.5,7.4,4.5,9.7,1.5,6.9,26.2,44.0,19.6,2.7,27.0,4.8,53.0,14.8,10.5,6.4,46.5,3.6,8.1,17.8,1.2,21.9,19.7,17.3,13.8,6.3,3.1,7.5,4.1,0.7
2017-05-29 18:19:00+02:00,3.1,3.8,0.9,6.6,39.5,24.7,20.7,2.6,0.5,14.6,10.2,25.3,2.1,6.5,3.9,8.3,1.3,6.1,22.9,38.4,17.6,2.3,23.6,4.2,45.8,13.1,9.6,5.6,40.6,3.1,7.2,16.1,1.1,19.3,17.4,15.3,12.1,5.6,2.7,6.6,3.6,0.6
2017-05-29 18:20:00+02:00,2.5,3.2,0.8,5.4,32.6,20.5,17.1,2.1,0.5,11.1,8.2,21.2,1.7,5.4,3.1,6.2,1.0,5.0,19.0,31.7,14.6,1.8,19.7,3.4,37.6,10.5,7.9,4.2,33.4,2.6,5.7,13.3,1.0,15.6,14.1,12.4,9.9,4.5,2.2,5.4,2.9,0.5
2017-05-29 18:21:00+02:00,2.4,3.0,0.7,5.3,30.9,19.6,16.0,1.8,0.4,10.2,7.7,20.2,1.5,4.9,2.9,6.0,0.9,4.6,18.3,30.1,13.7,1.7,18.8,3.0,35.5,9.9,7.6,3.8,31.7,2.3,5.4,12.5,0.9,14.6,13.1,11.6,9.2,4.2,2.1,5.0,2.7,0.4
2017-05-29 18:22:00+02:00,2.9,3.4,0.8,6.3,37.4,23.5,19.2,2.3,0.4,13.3,9.6,24.1,2.0,5.7,3.7,7.7,1.2,5.5,21.9,36.4,16.3,2.2,22.5,3.7,43.2,12.3,9.1,4.9,38.4,2.7,6.7,14.8,0.9,17.9,16.1,14.1,11.2,5.2,2.5,6.0,3.2,0.5
2017-05-29 18:23:00+02:00,2.6,2.8,0.7,5.4,33.1,20.8,17.0,2.0,0.4,12.3,8.5,21.4,1.7,5.1,3.2,7.2,1.0,5.0,19.4,32.3,14.4,1.8,20.0,3.3,38.2,10.9,7.9,4.8,34.0,2.4,5.9,13.1,0.9,16.0,14.4,12.6,10.0,4.6,2.3,5.4,2.9,0.4
2017-05-29 18:24:00+02:00,2.9,3.2,0.7,6.0,36.1,22.9,18.7,2.1,0.4,14.0,8.9,23.6,1.9,5.5,3.0,8.3,1.1,5.3,21.4,35.2,15.8,1.6,22.0,3.8,41.9,11.6,8.8,5.5,37.1,2.5,6.0,14.3,0.9,17.8,16.0,14.0,11.1,5.2,2.5,6.0,3.2,0.4
2017-05-29 18:25:00+02:00,3.0,3.2,0.8,6.2,36.5,23.7,19.3,2.3,0.4,14.4,8.4,24.3,2.0,5.7,2.2,8.5,1.2,5.6,22.2,35.5,16.4,0.7,22.7,3.9,42.5,11.2,9.1,5.6,37.5,2.7,5.3,14.8,0.9,18.6,16.6,14.6,11.6,5.4,2.7,6.3,3.4,0.4
2017-05-29 18:26:00+02:00,3.1,3.3,0.8,6.4,38.5,24.8,20.2,2.3,0.4,15.4,9.0,25.5,2.1,5.9,2.5,9.1,1.3,5.7,23.2,37.5,17.2,0.8,23.8,4.2,45.0,12.0,9.5,6.0,39.6,2.7,5.8,15.4,0.8,19.5,17.4,15.2,12.1,5.7,2.8,6.4,3.4,0.4
2017-05-29 18:27:00+02:00,3.1,3.2,0.8,6.3,37.7,24.2,20.0,2.3,0.3,15.3,9.0,24.8,2.1,5.8,2.4,9.0,1.3,5.7,23.0,36.7,17.0,0.8,23.5,4.1,44.1,11.9,9.4,6.0,38.7,2.6,5.7,15.2,0.7,19.5,17.5,15.3,12.2,5.6,2.8,6.6,3.5,0.4
2017-05-29 18:28:00+02:00,2.9,3.1,0.7,6.0,35.7,23.1,19.2,2.1,0.3,14.5,8.3,23.6,1.9,5.5,2.2,8.5,1.2,5.4,22.0,34.7,16.3,0.7,22.5,3.9,41.7,11.1,9.0,5.6,36.6,2.5,5.3,14.5,0.7,18.5,16.6,14.6,11.6,5.3,2.7,6.3,3.4,0.4
2017-05-29 18:29:00+02:00,3.0,3.1,0.7,6.2,36.5,23.5,19.6,2.2,0.3,14.9,8.5,24.1,1.9,5.6,2.3,8.8,1.2,5.5,22.5,35.5,16.6,0.7,22.9,4.0,42.6,11.4,9.2,5.7,37.4,2.5,5.5,14.8,0.8,18.8,16.9,14.8,11.8,5.4,2.7,6.4,3.4,0.4
2017-05-29 18:30:00+02:00,2.9,3.0,0.7,5.9,35.7,23.0,19.1,2.1,0.2,14.6,8.4,23.6,1.9,5.5,2.2,8.6,1.2,5.4,22.0,34.7,16.2,0.7,22.4,3.9,41.7,11.2,8.9,5.6,36.6,2.5,5.3,14.4,0.6,18.4,16.5,14.5,11.5,5.3,2.6,6.3,3.3,0.3
2017-05-29 18:31:00+02:00,2.9,2.9,0.7,5.8,36.5,22.7,18.9,2.0,0.2,14.2,9.7,23.2,1.8,5.4,3.6,8.4,1.1,5.2,21.7,35.6,15.8,2.1,22.1,3.8,42.4,12.4,8.7,5.5,37.4,2.4,6.7,14.1,0.6,18.0,16.1,14.1,11.3,5.1,2.5,6.1,3.2,0.2
2017-05-29 18:32:00+02:00,2.8,2.8,0.7,5.7,35.7,22.2,18.5,1.9,0.2,13.8,9.5,22.6,1.7,5.3,3.6,8.1,1.1,5.0,21.2,34.8,15.5,2.2,21.7,3.6,41.3,12.2,8.5,5.3,36.5,2.2,6.6,13.8,0.6,17.7,15.9,14.0,11.1,5.1,2.5,6.1,3.2,0.3
2017-05-29 18:33:00+02:00,2.8,2.7,0.7,5.6,35.5,21.9,18.3,1.8,0.2,13.8,9.4,22.5,1.6,5.2,3.5,8.2,1.1,4.9,20.9,34.6,15.3,2.1,21.4,3.6,40.9,12.2,8.4,5.3,36.2,2.1,6.5,13.6,0.5,17.7,15.9,14.0,11.2,5.1,2.5,6.1,3.3,0.4
2017-05-29 18:34:00+02:00,2.8,2.5,0.6,5.3,34.4,21.2,17.7,1.7,0.0,13.5,9.0,21.8,1.5,5.0,3.4,7.9,1.0,4.8,20.3,33.5,14.7,2.0,20.7,3.6,38.9,11.8,8.1,5.1,35.0,2.0,6.3,13.1,0.3,17.4,15.7,13.8,11.0,5.0,2.4,6.0,3.2,0.4
2017-05-29 18:35:00+02:00,2.7,2.4,0.6,5.2,33.2,20.5,17.0,1.5,0.0,13.1,8.8,20.9,1.3,4.7,3.2,7.6,1.0,4.4,19.6,32.4,14.1,1.9,20.0,3.4,37.5,11.5,7.9,4.9,33.8,1.8,6.0,12.6,0.4,16.9,15.2,13.4,10.7,4.8,2.4,5.8,3.1,0.3
2017-05-29 18:36:00+02:00,2.6,2.2,0.6,4.4,31.6,19.3,16.0,1.7,0.1,12.7,8.6,19.7,1.4,4.7,3.0,7.4,1.0,4.5,18.5,30.8,13.2,1.8,18.9,3.3,35.7,11.1,7.0,4.7,32.2,1.9,5.8,11.7,0.2,16.4,14.7,13.0,10.3,4.7,2.3,5.6,3.0,0.3
2017-05-29 18:37:00+02:00,2.6,2.1,0.6,4.5,29.9,18.8,15.6,1.5,0.1,12.4,8.3,18.4,1.3,4.5,2.9,7.2,0.9,4.4,18.1,29.2,12.9,1.7,18.4,3.2,34.0,10.8,7.0,4.6,30.5,1.8,5.6,11.4,0.2,16.0,14.4,12.8,10.1,4.6,2.2,5.6,3.0,0.4
2017-05-29 18:38:00+02:00,2.6,2.1,0.5,4.8,30.1,19.0,15.8,1.5,0.1,12.6,8.5,18.3,1.2,4.4,2.9,7.3,0.9,4.3,18.3,29.3,13.0,1.7,18.6,3.3,34.2,11.1,7.1,4.7,30.7,1.7,5.8,11.5,0.1,16.3,14.7,12.9,10.2,4.7,2.3,5.6,3.0,0.3
2017-05-29 18:39:00+02:00,2.7,2.1,0.5,4.9,31.1,19.4,16.1,1.5,0.1,12.9,8.7,19.0,1.3,4.6,3.0,7.4,1.0,4.5,18.6,30.3,13.3,1.7,18.9,3.3,35.4,11.3,7.2,4.7,31.7,1.8,5.9,11.8,0.0,16.6,15.1,13.2,10.5,4.8,2.4,5.7,3.1,0.2
2017-05-29 18:40:00+02:00,2.7,2.2,0.5,4.9,31.4,19.4,16.2,1.6,0.1,12.7,8.7,19.2,1.4,4.7,3.0,7.2,0.9,4.6,18.7,30.7,13.5,1.8,19.0,3.3,35.8,11.4,7.2,4.5,32.1,1.8,5.9,11.9,0.1,16.5,14.9,13.1,10.4,4.8,2.4,5.6,3.0,0.2
2017-05-29 18:41:00+02:00,2.7,2.4,0.5,5.2,32.0,19.9,16.6,1.6,0.1,12.6,8.8,19.6,1.4,4.9,3.1,7.2,0.9,4.6,19.1,31.2,13.9,1.9,19.4,3.3,37.3,11.6,7.5,4.5,32.6,1.9,6.1,12.3,0.3,16.5,14.9,13.1,10.4,4.8,2.4,5.6,3.0,0.2
2017-05-29 18:42:00+02:00,2.7,2.4,0.5,5.1,32.6,19.9,16.7,1.6,0.1,12.7,8.9,20.2,1.4,4.9,3.1,7.2,0.9,4.6,19.2,31.8,13.9,1.9,19.5,3.3,38.0,11.6,7.5,4.5,33.3,1.8,6.1,12.3,0.3,16.1,14.5,12.7,10.0,4.7,2.4,5.3,2.7,0.6
2017-05-29 18:43:00+02:00,2.7,1.6,0.5,4.3,31.7,19.1,15.9,1.5,0.1,12.7,8.8,19.3,1.3,4.7,3.1,7.2,0.9,4.5,18.4,30.9,13.1,1.8,18.7,3.3,37.1,11.6,6.7,4.5,32.3,1.7,6.0,11.5,0.3,16.4,14.8,13.0,10.3,4.7,2.4,5.6,3.0,0.2
2017-05-29 18:44:00+02:00,2.7,1.6,0.5,4.4,31.3,18.9,15.7,1.5,0.1,12.5,8.7,19.1,1.2,4.6,3.0,7.1,0.8,4.4,18.2,30.5,13.0,1.8,18.5,3.2,36.5,11.4,6.8,4.5,31.9,1.6,5.9,11.4,0.2,16.2,14.6,12.8,10.1,4.6,2.3,5.5,2.9,0.2
2017-05-29 18:45:00+02:00,2.6,1.7,0.5,4.4,30.9,18.8,15.5,1.3,0.1,12.3,8.5,18.9,1.1,4.5,2.9,7.0,0.7,4.2,18.1,30.1,12.8,1.7,18.3,3.2,36.1,11.2,6.8,4.4,31.5,1.5,5.8,11.2,0.2,15.4,13.8,12.1,9.5,4.6,2.3,4.9,3.0,0.3
2017-05-29 18:46:00+02:00,2.6,1.7,0.4,4.4,30.4,18.4,15.2,1.1,0.1,12.3,8.4,18.6,1.0,4.3,2.9,7.0,0.6,4.0,17.8,29.7,12.5,1.7,18.1,3.2,35.6,11.1,6.7,4.4,31.0,1.3,5.7,11.0,0.2,15.1,13.6,11.9,9.3,4.5,2.3,4.7,2.9,0.2
2017-05-29 18:47:00+02:00,2.6,1.9,0.5,4.6,30.6,18.6,15.3,1.0,0.1,12.7,8.4,18.8,0.9,4.1,2.9,7.4,0.4,3.9,17.9,29.9,12.6,1.7,18.2,3.6,35.8,11.1,6.9,4.8,31.1,1.2,5.7,11.1,0.2,15.1,13.6,11.9,9.3,4.5,2.3,4.7,2.9,0.2
2017-05-29 18:48:00+02:00,2.7,1.9,0.5,4.7,31.4,19.2,15.9,1.0,0.1,13.0,8.5,19.4,0.9,4.3,2.9,7.5,0.8,4.0,18.5,30.6,13.1,1.7,18.8,3.6,36.8,11.2,7.3,4.9,32.0,1.3,5.8,11.6,0.2,15.3,13.7,12.0,9.3,4.5,2.2,4.9,2.9,0.2
2017-05-29 18:49:00+02:00,2.6,1.8,0.5,4.6,31.3,19.4,16.0,1.4,0.3,12.2,8.4,19.5,1.3,4.6,2.8,6.8,0.8,4.4,18.7,30.6,13.4,1.7,19.0,3.6,36.9,11.0,7.2,4.8,31.9,1.6,5.7,11.9,0.3,14.2,12.7,11.0,8.4,4.6,2.3,3.8,2.9,0.2
2017-05-29 18:50:00+02:00,2.6,1.9,0.5,4.5,31.2,19.4,16.0,1.4,0.3,12.7,8.3,19.5,1.3,4.7,2.8,7.4,0.8,4.4,18.6,30.5,13.3,1.7,18.9,3.5,36.7,11.0,7.2,4.7,31.7,1.7,5.6,11.9,0.3,14.1,12.7,10.9,8.3,4.5,2.3,3.8,2.9,0.2
2017-05-29 18:51:00+02:00,2.6,2.0,0.3,4.4,30.9,19.3,15.8,1.4,0.2,12.8,8.3,19.3,1.2,4.7,2.6,7.4,0.8,4.4,18.5,30.2,13.2,1.5,18.8,3.6,36.5,10.9,7.1,4.7,31.5,1.7,5.5,11.7,0.3,15.3,13.8,12.1,9.4,4.6,2.3,4.8,2.9,0.2
2017-05-29 18:52:00+02:00,2.6,2.0,0.3,4.4,30.6,19.1,15.7,1.4,0.2,12.8,8.2,19.1,1.2,4.6,2.6,7.4,0.8,4.3,18.3,29.9,13.0,1.5,18.6,3.5,36.2,10.9,7.1,4.7,31.2,1.6,5.5,11.6,0.3,15.3,13.8,12.1,9.4,4.6,2.3,4.8,3.0,0.2
2017-05-29 18:53:00+02:00,2.6,2.1,0.3,4.5,29.9,18.9,15.6,1.3,0.2,12.5,8.0,18.6,1.1,4.5,2.5,7.2,0.8,4.2,18.1,29.2,12.9,1.5,18.4,3.5,35.1,10.6,7.1,4.6,30.4,1.5,5.3,11.6,0.3,14.9,13.4,11.8,9.2,4.5,2.3,4.7,2.9,0.2
2017-05-29 18:54:00+02:00,2.6,2.1,0.4,4.5,29.6,18.8,15.5,1.3,0.3,12.5,8.0,18.5,1.1,4.5,2.6,7.3,0.8,4.3,18.1,29.0,12.9,1.5,18.4,3.4,34.9,10.6,7.1,4.6,30.2,1.6,5.3,11.6,0.3,14.2,12.7,11.0,9.1,4.4,2.2,4.7,2.8,0.2
2017-05-29 18:55:00+02:00,2.5,2.1,0.4,4.4,29.2,18.4,15.2,1.3,0.3,12.2,7.8,18.3,1.1,4.4,2.5,7.1,0.7,4.2,17.6,28.6,12.6,1.5,17.9,3.4,34.3,10.3,6.9,4.5,29.7,1.6,5.2,11.3,0.3,12.5,11.1,9.5,8.8,4.3,2.1,4.5,2.8,0.2
2017-05-29 18:56:00+02:00,2.5,2.0,0.4,4.3,28.0,17.9,14.8,1.2,0.3,11.7,7.6,17.4,1.0,4.2,2.4,7.0,0.7,4.0,17.2,27.5,12.3,1.5,17.5,3.3,33.0,10.0,6.8,4.4,28.5,1.5,5.1,11.0,0.3,13.7,12.3,10.7,8.7,4.2,2.1,4.4,2.7,0.2
2017-05-29 18:57:00+02:00,2.5,2.0,0.4,4.2,27.6,17.5,14.6,1.2,0.3,11.3,7.5,17.2,1.0,4.2,2.4,6.9,0.7,4.0,17.0,27.1,12.1,1.4,17.3,3.3,32.6,10.0,6.7,4.4,28.1,1.4,5.0,10.9,0.3,13.5,12.1,10.6,8.5,4.1,2.1,4.5,2.7,0.2
2017-05-29 18:58:00+02:00,2.5,2.0,0.4,4.1,27.2,17.2,14.4,1.2,0.2,11.1,7.5,16.9,1.0,4.1,2.3,6.8,0.7,3.9,16.8,26.7,12.0,1.4,17.1,3.2,32.1,9.8,6.6,4.3,27.7,1.4,4.9,10.7,0.3,12.9,11.5,10.0,8.4,4.0,2.1,4.4,2.7,0.2
2017-05-29 18:59:00+02:00,2.5,1.9,0.4,4.1,27.6,17.2,14.4,1.2,0.2,11.1,7.5,17.2,0.9,4.1,2.3,6.8,0.6,3.9,16.8,27.0,12.0,1.4,17.0,3.2,32.4,9.9,6.6,4.3,28.0,1.4,4.9,10.7,0.3,12.3,11.0,9.4,8.3,3.9,2.0,4.4,2.7,0.2
2017-05-29 19:00:00+02:00,2.5,2.0,0.4,4.2,27.8,17.5,14.6,1.2,0.2,11.3,7.5,17.3,0.9,4.1,2.3,6.9,0.6,3.9,17.0,27.3,12.1,1.3,17.3,3.3,32.7,10.0,6.7,4.4,28.2,1.4,4.9,10.8,0.3,12.7,11.4,9.8,8.8,4.0,2.1,4.8,2.7,0.2
2017-05-29 19:01:00+02:00,2.4,1.9,0.4,4.1,26.6,16.9,14.2,1.1,0.2,10.8,7.1,16.6,0.9,4.0,2.0,6.6,0.6,3.8,16.4,26.1,11.8,1.2,16.7,3.1,31.3,9.5,6.5,4.1,27.0,1.3,4.6,10.5,0.4,12.7,11.4,9.9,8.6,3.9,2.0,4.7,2.6,0.2
2017-05-29 19:02:00+02:00,2.1,1.7,0.4,3.6,23.1,14.7,12.4,1.0,0.2,8.8,6.2,14.4,0.8,3.5,1.8,5.3,0.5,3.3,14.4,22.6,10.2,1.0,14.7,2.3,27.2,8.3,5.6,3.1,23.4,1.2,4.0,9.2,0.4,11.3,10.2,9.0,7.4,3.3,1.7,4.1,2.2,0.2
2017-05-29 19:03:00+02:00,1.9,1.5,0.4,3.3,21.6,13.5,11.6,1.0,0.2,8.0,5.8,13.4,0.8,3.4,1.6,4.8,0.5,3.2,13.5,21.1,9.6,1.0,13.8,2.1,25.5,7.7,5.2,2.8,22.0,1.2,3.7,8.6,0.4,10.3,9.3,8.1,6.7,3.1,1.6,3.6,1.9,0.1
2017-05-29 19:04:00+02:00,1.8,1.5,0.3,3.2,20.6,13.0,11.0,0.9,0.2,7.7,5.5,12.8,0.7,3.2,1.5,4.5,0.5,3.0,12.9,20.2,9.1,0.9,13.1,2.0,24.3,7.3,5.0,2.6,21.0,1.1,3.5,8.2,0.3,9.8,8.8,7.7,6.4,3.0,1.5,3.4,1.8,0.1
2017-05-29 19:05:00+02:00,1.7,1.4,0.3,3.0,19.6,12.5,10.5,0.8,0.2,8.1,5.2,12.3,0.7,3.1,1.4,4.2,0.4,2.9,12.3,19.2,8.7,0.8,12.6,1.8,23.1,7.0,4.7,2.5,20.0,1.0,3.4,7.8,0.3,9.4,8.5,7.4,6.2,2.8,1.5,3.3,1.8,0.1
2017-05-29 19:06:00+02:00,1.2,1.0,0.3,2.1,14.1,8.9,7.7,0.7,0.2,5.8,3.9,8.6,0.5,2.4,1.1,2.9,0.3,2.2,9.1,13.8,6.4,0.7,9.3,1.3,16.8,5.2,3.3,1.5,14.4,0.9,2.5,5.7,0.3,6.8,6.1,5.4,4.6,2.1,1.1,2.5,1.4,0.1
2017-05-29 19:07:00+02:00,0.9,0.8,0.3,1.6,10.7,7.1,6.0,0.6,0.2,4.1,2.9,6.6,0.5,2.0,0.8,1.9,0.3,1.8,7.0,10.4,4.9,0.5,7.2,0.9,12.8,3.9,2.5,0.9,11.0,0.8,1.9,4.5,0.3,5.0,4.5,3.9,3.5,1.6,0.8,1.9,1.0,0.1
2017-05-29 19:08:00+02:00,0.8,0.8,0.3,0.9,8.7,5.6,4.7,0.5,0.2,3.0,2.5,5.2,0.4,1.7,0.7,1.4,0.2,1.6,5.6,8.4,3.8,0.4,5.7,0.7,10.5,3.3,1.6,0.6,9.0,0.7,1.6,3.4,0.3,4.2,3.8,3.3,3.0,1.4,0.7,1.6,0.9,0.1
2017-05-29 19:09:00+02:00,0.7,0.7,0.2,1.2,8.1,5.3,4.5,0.5,0.2,1.9,2.2,5.0,0.4,1.6,0.6,1.3,0.2,1.4,5.3,7.8,3.8,0.4,5.4,0.5,9.6,2.9,1.8,0.6,8.3,0.6,1.4,3.4,0.3,3.5,3.1,2.8,2.7,1.2,0.6,1.5,0.9,0.1
2017-05-29 19:10:00+02:00,0.6,0.6,0.2,1.3,7.8,5.2,4.5,0.5,0.2,2.2,2.0,4.9,0.4,1.5,0.5,1.3,0.2,1.4,5.1,7.6,3.8,0.4,5.3,0.5,9.3,2.7,2.0,0.7,8.0,0.6,1.3,3.4,0.3,3.0,2.6,2.2,2.6,1.1,0.5,1.4,0.8,0.1
2017-05-29 19:11:00+02:00,0.6,0.5,0.2,1.1,6.4,4.2,3.6,0.4,0.1,1.5,1.8,3.9,0.4,1.3,0.5,1.1,0.2,1.2,4.1,6.3,3.3,0.3,4.3,0.4,7.7,2.3,1.7,0.5,6.6,0.5,1.2,3.0,0.3,2.4,2.1,1.8,2.2,1.0,0.4,1.2,0.7,0.1
2017-05-29 19:12:00+02:00,0.5,0.4,0.2,1.0,5.9,3.9,3.4,0.4,0.1,1.1,1.7,3.6,0.4,1.1,0.5,0.9,0.2,1.0,3.9,5.7,2.9,0.3,4.0,0.3,7.0,2.2,1.5,0.4,6.0,0.5,1.1,2.6,0.3,2.1,1.8,1.5,2.0,0.9,0.4,1.1,0.7,0.1
2017-05-29 19:13:00+02:00,0.4,0.4,0.2,0.9,5.2,3.3,3.1,0.4,0.1,0.8,1.5,3.1,0.4,1.0,0.4,0.8,0.2,0.9,3.5,5.0,2.6,0.3,3.7,0.3,6.2,2.0,1.3,0.3,5.3,0.4,1.0,2.3,0.3,1.8,1.6,1.3,1.8,0.8,0.3,1.0,0.6,0.1
2017-05-29 19:14:00+02:00,0.4,0.3,0.2,0.7,3.3,2.1,2.6,0.4,0.1,0.5,1.4,1.5,0.3,0.9,0.4,0.6,0.2,0.8,3.0,3.2,2.2,0.3,3.1,0.2,4.2,1.8,1.0,0.2,3.4,0.4,0.9,1.9,0.3,1.4,1.2,1.0,1.6,0.7,0.3,0.9,0.6,0.1
2017-05-29 19:15:00+02:00,0.4,0.2,0.2,0.6,3.5,2.1,2.4,0.4,0.1,0.5,1.4,1.7,0.3,0.9,0.4,0.6,0.1,0.8,2.8,3.5,2.0,0.3,2.9,0.2,4.4,1.8,0.9,0.2,3.6,0.4,0.9,1.8,0.1,1.3,1.1,0.9,1.5,0.8,0.3,0.7,0.5,0.0
2017-05-29 19:16:00+02:00,0.4,0.1,0.2,0.5,4.2,2.5,2.2,0.3,0.1,0.4,1.5,2.2,0.4,0.8,0.5,0.5,0.1,0.8,2.6,4.1,1.8,0.4,2.6,0.2,5.0,1.9,0.8,0.2,4.3,0.3,1.0,1.6,0.0,1.3,1.1,0.9,1.5,0.8,0.4,0.7,0.4,0.0
2017-05-29 19:17:00+02:00,0.4,0.1,0.2,0.4,3.5,1.9,2.1,0.2,0.1,0.5,1.5,1.6,0.3,0.8,0.5,0.6,0.1,0.7,2.4,3.5,1.7,0.3,2.5,0.2,4.4,1.9,0.7,0.1,3.7,0.3,1.0,1.5,0.1,1.3,1.1,0.9,1.5,0.8,0.4,0.7,0.4,0.0
2017-05-29 19:18:00+02:00,0.3,0.1,0.2,0.4,1.8,0.5,0.7,0.1,0.1,0.3,1.4,0.5,0.2,0.7,0.5,0.5,0.1,0.7,1.0,1.7,0.5,0.3,1.1,0.1,2.7,1.7,0.6,0.1,2.0,0.2,0.9,0.3,0.1,1.3,1.1,0.9,1.5,0.8,0.4,0.7,0.4,0.0
2017-05-29 19:19:00+02:00,0.3,0.1,0.2,0.4,0.6,1.4,0.4,0.2,0.1,0.5,1.4,2.1,0.2,0.7,0.5,0.4,0.1,0.6,0.5,0.7,0.5,0.3,0.5,0.2,0.9,1.7,1.3,0.1,0.6,0.2,0.9,0.7,0.1,1.3,1.1,0.9,1.5,0.8,0.4,0.7,0.4,0.0
2017-05-29 19:20:00+02:00,0.4,0.2,0.2,0.5,1.0,1.4,0.4,0.2,0.1,0.8,1.3,2.3,0.2,0.7,0.5,0.1,0.1,0.6,0.5,1.1,0.5,0.3,0.5,0.3,1.0,1.7,1.3,0.2,0.9,0.2,0.9,0.7,0.1,1.3,1.1,0.9,1.5,0.8,0.4,0.7,0.4,0.0
2017-05-29 19:21:00+02:00,0.4,0.1,0.2,0.5,0.7,0.6,0.3,0.2,0.1,1.0,1.3,1.8,0.2,0.7,0.5,0.2,0.1,0.6,0.3,0.7,0.7,0.3,0.3,0.3,1.2,1.7,1.5,0.2,0.7,0.2,0.9,0.9,0.1,1.2,1.0,0.8,1.5,0.7,0.3,0.7,0.4,0.0
2017-05-29 19:22:00+02:00,0.4,0.1,0.2,0.4,3.8,3.9,3.8,0.2,0.1,1.1,1.3,5.2,0.2,0.4,0.4,0.4,0.1,0.5,3.5,3.9,4.1,0.3,3.5,0.3,3.0,1.7,4.2,0.2,3.6,0.2,0.9,4.4,0.1,1.2,1.0,0.8,1.5,0.7,0.3,0.7,0.4,0.0
2017-05-29 19:23:00+02:00,0.4,0.2,0.2,0.6,3.2,4.2,3.6,0.1,0.1,1.3,1.4,4.7,0.2,0.3,0.5,0.6,0.1,0.5,3.3,3.3,3.9,0.3,3.3,0.3,2.5,1.8,3.9,0.3,3.1,0.1,1.0,4.1,0.1,1.5,1.2,1.1,1.5,0.7,0.3,0.8,0.4,0.0
2017-05-29 19:24:00+02:00,0.4,0.3,0.2,0.6,3.7,4.9,3.3,0.1,0.1,0.8,1.4,5.4,0.2,0.3,0.5,0.0,0.1,0.6,3.5,3.9,3.7,0.3,3.5,0.3,3.0,1.8,3.8,0.2,3.7,0.1,1.0,3.9,0.1,1.8,1.5,1.3,1.5,0.7,0.3,0.8,0.5,0.0
2017-05-29 19:25:00+02:00,0.4,0.3,0.2,0.7,2.7,3.7,2.9,0.1,0.1,0.2,1.5,4.2,0.2,0.4,0.5,0.9,0.1,0.7,2.8,2.8,3.3,0.3,2.7,0.3,2.2,1.9,3.7,0.8,2.6,0.2,1.0,3.5,0.1,0.8,0.6,0.4,1.6,0.8,0.3,0.8,0.5,0.0
2017-05-29 19:26:00+02:00,0.4,0.4,0.2,0.7,2.1,2.6,2.6,0.2,0.1,0.4,1.6,3.0,0.2,0.6,0.5,1.2,0.1,0.7,2.3,2.1,3.0,0.4,2.2,0.3,2.2,2.0,3.7,0.6,2.2,0.1,1.1,3.3,0.1,0.9,0.7,0.5,1.7,0.8,0.4,0.9,0.5,0.0
2017-05-29 19:27:00+02:00,0.6,0.4,0.2,0.9,2.1,2.6,2.6,0.2,0.1,1.4,1.8,2.9,0.2,0.4,0.6,0.3,0.1,0.8,2.2,2.0,3.1,0.4,2.2,0.5,2.4,2.3,3.5,0.5,2.1,0.1,1.2,3.3,0.1,1.2,0.9,0.7,1.9,0.8,0.4,1.0,0.6,0.0
2017-05-29 19:28:00+02:00,0.7,0.5,0.2,1.1,2.5,2.1,2.2,0.2,0.2,2.0,2.1,2.3,0.2,0.5,0.6,0.6,0.1,0.9,1.9,2.3,2.7,0.4,1.8,0.6,3.2,2.8,3.1,0.4,2.5,0.1,1.4,2.9,0.1,1.8,1.5,1.2,2.3,1.0,0.5,1.3,0.7,0.0
2017-05-29 19:29:00+02:00,0.8,0.6,0.2,1.3,2.5,2.5,2.3,0.2,0.2,2.2,2.4,2.9,0.2,0.6,0.7,0.7,0.1,1.1,1.9,2.4,2.9,0.5,1.8,0.7,3.2,3.1,3.5,0.5,2.5,0.2,1.6,3.1,0.1,2.3,2.0,1.6,2.6,1.2,0.7,1.5,0.8,0.0
2017-05-29 19:30:00+02:00,0.7,0.6,0.2,1.2,3.2,1.8,1.8,0.2,0.2,2.4,2.1,1.9,0.2,0.6,0.7,1.1,0.1,1.1,1.8,3.0,2.1,0.5,1.8,0.6,4.0,2.8,2.4,0.6,3.1,0.2,1.4,2.3,0.1,2.0,1.6,1.3,2.4,1.1,0.6,1.3,0.8,0.1
2017-05-29 19:31:00+02:00,0.8,0.7,0.3,1.3,3.7,1.8,1.9,0.2,0.2,2.3,2.1,1.9,0.3,0.4,0.7,1.0,0.1,0.9,1.8,3.6,2.2,0.5,1.8,0.7,4.7,2.8,2.4,0.8,3.8,0.1,1.4,2.4,0.2,2.2,1.8,1.5,2.5,1.1,0.6,1.4,0.8,0.2
2017-05-29 19:32:00+02:00,0.8,0.7,0.3,1.3,3.8,1.8,1.8,0.3,0.2,3.1,2.2,1.9,0.4,0.4,0.7,1.7,0.1,0.8,1.9,3.7,2.1,0.5,1.9,1.1,5.0,2.9,2.1,1.4,4.0,0.2,1.5,2.3,0.2,2.3,1.9,1.6,2.6,1.1,0.6,1.5,0.9,0.2
2017-05-29 19:33:00+02:00,0.8,0.7,0.3,1.3,4.5,6.8,1.9,0.3,0.2,3.0,2.2,7.1,0.4,0.3,0.7,1.6,0.0,0.7,1.7,4.6,2.3,0.5,1.8,1.1,3.4,2.9,2.5,1.5,4.4,0.1,1.5,2.5,0.1,2.3,1.9,1.6,2.6,1.1,0.6,1.5,0.8,0.2
2017-05-29 19:34:00+02:00,0.8,0.7,0.3,1.3,2.2,3.0,2.0,0.6,0.2,3.0,2.2,3.6,0.3,0.3,0.7,1.6,0.1,0.3,1.8,2.1,2.5,0.5,1.8,1.0,2.8,2.9,2.8,1.4,2.3,0.6,1.5,2.7,0.1,3.6,3.3,2.9,2.5,1.1,0.6,1.4,0.7,0.2
2017-05-29 19:35:00+02:00,0.8,0.3,0.3,0.9,2.1,2.2,2.3,0.5,0.2,2.8,2.1,2.8,0.3,0.1,0.7,1.6,0.1,0.3,2.0,2.0,2.9,0.5,1.9,1.0,3.0,2.8,3.1,1.4,2.2,0.4,1.5,3.2,0.1,3.5,3.2,2.9,2.4,1.0,0.6,1.3,0.7,0.2
2017-05-29 19:36:00+02:00,0.7,0.7,0.3,1.2,2.4,2.1,2.2,0.6,0.2,2.7,2.0,2.7,0.3,0.3,0.7,1.5,0.1,0.3,2.0,2.3,2.8,0.5,2.0,1.0,3.4,2.7,2.9,1.3,2.6,0.5,1.5,3.0,0.1,3.3,3.0,2.7,2.2,1.0,0.6,1.2,0.7,0.2
2017-05-29 19:37:00+02:00,0.7,0.6,0.3,1.2,2.4,2.2,2.3,0.8,0.2,2.7,1.8,2.8,0.3,0.4,0.7,1.5,0.1,0.4,2.1,2.3,2.8,0.5,2.1,1.0,3.2,2.5,2.9,1.3,2.5,0.7,1.2,3.0,0.1,3.3,3.0,2.7,2.3,1.0,0.6,1.2,0.7,0.2
2017-05-29 19:38:00+02:00,0.7,0.5,0.3,1.0,2.5,2.2,2.3,0.4,0.2,2.5,0.3,2.7,0.1,0.7,0.7,1.4,0.1,0.6,2.2,2.5,2.7,0.4,2.2,1.0,2.6,0.9,3.2,1.3,2.5,0.3,0.3,2.9,0.0,3.3,3.0,2.7,2.2,1.0,0.6,1.2,0.7,0.2
2017-05-29 19:39:00+02:00,0.7,0.5,0.3,1.0,2.5,2.3,2.3,0.3,0.2,2.3,1.7,2.8,0.2,0.8,0.6,1.2,0.1,0.8,2.2,2.5,2.7,0.4,2.3,0.9,3.3,2.4,3.3,1.1,2.6,0.2,1.2,2.8,0.0,3.2,2.9,2.6,2.2,1.0,0.6,1.2,0.7,0.1
2017-05-29 19:40:00+02:00,0.6,0.5,0.3,1.0,2.5,2.2,2.2,0.1,0.2,2.1,1.7,2.7,0.2,0.8,0.6,1.0,0.1,0.7,2.1,2.4,2.6,0.4,2.2,0.9,3.2,2.3,3.3,0.9,2.6,0.1,1.1,2.7,0.0,3.0,2.7,2.4,2.1,1.0,0.6,1.2,0.7,0.1
2017-05-29 19:41:00+02:00,0.5,0.5,0.3,1.0,2.3,2.5,2.5,0.2,0.2,2.0,1.7,3.2,0.3,0.4,0.6,0.9,0.1,0.3,2.3,2.3,3.0,0.4,2.3,0.8,2.8,2.3,3.3,0.8,2.4,0.4,1.1,3.1,0.0,2.9,2.6,2.3,2.1,0.9,0.6,1.1,0.7,0.1
2017-05-29 19:42:00+02:00,0.5,0.5,0.3,0.9,2.1,2.2,1.8,0.2,0.2,1.9,0.9,2.9,0.3,0.7,0.1,0.9,0.1,0.7,1.8,2.2,2.1,0.5,1.9,0.8,2.3,1.5,2.6,0.8,2.1,0.1,0.4,2.2,0.1,2.3,2.0,1.7,1.5,0.4,0.5,1.1,0.6,0.1
2017-05-29 19:43:00+02:00,0.5,0.5,0.2,0.9,2.3,2.0,2.8,0.2,0.2,1.8,0.7,0.8,0.2,0.6,0.2,0.7,0.1,0.6,3.3,2.1,2.2,0.5,3.4,0.7,3.5,1.3,1.3,0.7,2.5,0.2,0.2,1.9,0.1,1.9,1.6,1.3,1.1,0.3,0.5,1.1,0.6,0.1
2017-05-29 19:44:00+02:00,0.5,0.5,0.2,0.9,0.5,0.8,0.1,0.1,0.2,1.6,1.5,2.5,0.2,0.5,0.6,0.6,0.1,0.6,0.5,0.7,0.6,0.5,0.6,0.7,1.0,2.0,0.3,0.6,0.5,1.2,1.0,0.8,0.1,1.9,1.6,1.3,1.1,0.3,0.5,1.0,0.6,0.1
2017-05-29 19:45:00+02:00,0.4,0.4,0.2,0.8,0.6,1.0,0.1,0.1,0.2,1.3,1.4,2.6,0.2,0.5,0.6,0.4,0.1,0.6,0.4,0.8,0.7,0.4,0.5,0.7,0.8,1.9,0.4,0.6,0.5,1.1,0.9,0.9,0.0,1.7,1.4,1.2,1.0,0.4,0.5,1.0,0.5,0.1
2017-05-29 19:46:00+02:00,0.4,0.4,0.2,0.7,2.3,1.5,0.6,0.4,0.2,1.1,1.1,4.1,0.1,0.7,0.4,0.4,0.1,0.7,0.5,2.5,1.1,0.3,0.5,0.6,1.5,1.6,0.7,0.5,2.2,1.2,0.7,1.4,0.0,1.5,1.3,1.0,0.9,0.3,0.5,0.9,0.5,0.1
2017-05-29 19:47:00+02:00,0.4,0.3,0.2,0.6,1.7,0.5,1.1,0.4,0.2,1.0,1.1,3.4,0.0,0.4,0.5,0.3,0.1,0.4,1.4,1.9,0.7,0.3,1.4,0.5,1.1,1.6,0.3,0.4,1.6,0.5,0.7,0.6,0.0,1.4,1.2,1.0,0.8,0.4,0.4,0.8,0.5,0.1
2017-05-29 19:48:00+02:00,0.4,0.3,0.2,0.6,0.8,0.7,1.6,0.5,0.1,0.9,1.0,1.8,0.1,0.5,0.4,0.2,0.1,0.5,1.9,0.9,1.1,0.3,1.9,0.5,1.2,1.4,0.5,0.4,0.8,0.5,0.6,1.0,0.0,1.1,0.9,0.8,0.7,0.5,0.4,0.8,0.4,0.1
2017-05-29 19:49:00+02:00,0.4,0.2,0.2,0.5,0.5,0.8,0.5,0.6,0.1,0.7,0.8,1.9,0.1,0.9,0.3,0.1,0.1,0.9,0.8,0.7,0.3,0.3,0.8,0.4,0.5,1.3,0.8,0.3,0.5,1.4,0.5,0.4,0.1,1.1,0.9,0.8,0.7,0.4,0.4,0.7,0.4,0.1
2017-05-29 19:50:00+02:00,0.3,0.2,0.2,0.4,0.4,1.4,0.3,0.8,0.1,0.6,0.8,1.4,0.1,1.5,0.3,0.1,0.1,1.4,0.4,0.5,0.7,0.3,0.4,0.4,0.8,1.2,0.8,0.3,0.4,1.9,0.5,0.8,0.1,1.1,0.9,0.8,0.7,0.4,0.4,0.7,0.4,0.1
2017-05-29 19:51:00+02:00,0.3,0.2,0.2,0.4,0.4,1.5,0.4,0.9,0.1,0.6,0.9,1.6,0.1,1.6,0.2,0.1,0.1,1.5,0.4,0.5,0.8,0.3,0.3,0.4,0.7,1.3,0.8,0.3,0.3,2.0,0.6,0.9,0.2,1.1,1.0,0.8,0.7,0.4,0.4,0.7,0.4,0.1
2017-05-29 19:52:00+02:00,0.3,0.2,0.2,0.4,0.5,0.9,0.3,1.0,0.1,0.5,0.8,1.0,0.1,1.0,0.2,0.1,0.1,1.0,0.7,0.3,0.2,0.3,0.6,0.3,1.1,1.2,0.8,0.2,0.5,1.4,0.5,0.3,0.2,1.2,1.0,0.8,0.7,0.4,0.4,0.7,0.4,0.1
2017-05-29 19:53:00+02:00,0.3,0.1,0.2,0.4,0.1,0.7,0.5,1.1,0.0,0.8,0.3,0.8,0.1,0.8,0.2,0.4,0.1,0.8,0.8,0.1,0.1,0.3,0.8,0.3,0.8,0.8,0.8,0.3,0.2,1.2,0.7,0.2,0.2,1.0,0.9,0.7,0.6,0.5,0.4,0.7,0.4,0.1
2017-05-29 19:54:00+02:00,0.3,0.2,0.2,0.4,0.7,1.3,0.1,1.0,0.0,0.9,0.1,1.4,0.1,1.2,0.3,1.3,0.1,1.1,0.2,0.9,0.5,0.3,0.3,0.3,0.1,0.5,0.7,0.4,0.7,1.6,0.7,0.6,0.2,0.9,0.9,0.8,0.7,0.5,0.4,0.8,0.5,0.1
2017-05-29 19:55:00+02:00,0.5,0.2,0.2,0.6,1.0,1.0,0.2,0.8,0.0,0.7,1.3,1.1,0.1,1.5,0.3,1.2,0.1,1.4,0.6,0.8,0.4,0.3,0.6,0.5,0.8,1.9,1.0,0.5,0.2,2.0,0.9,0.6,0.3,1.2,1.2,1.0,1.0,0.4,0.5,1.0,0.6,0.1
2017-05-29 19:56:00+02:00,0.7,0.3,0.2,0.9,3.5,1.1,1.8,0.7,0.0,0.5,1.6,1.0,0.1,0.6,0.3,0.8,0.1,0.5,2.4,3.3,1.1,0.2,2.4,0.3,3.3,2.4,1.5,0.3,2.0,1.3,1.0,0.9,0.2,2.0,1.9,1.6,1.5,0.4,0.6,1.3,0.7,0.1
2017-05-29 19:57:00+02:00,1.0,0.4,0.2,1.3,7.1,3.9,3.6,0.6,0.1,2.5,2.2,3.8,0.1,0.2,0.3,0.9,0.1,0.3,4.5,7.0,2.6,0.2,4.5,0.9,7.5,3.2,2.2,1.1,5.7,0.8,1.3,2.3,0.3,3.6,3.4,2.9,3.1,1.2,0.8,1.9,1.0,0.1
2017-05-29 19:58:00+02:00,1.1,0.4,0.2,1.4,7.7,4.2,4.0,0.6,0.2,4.0,2.4,4.1,0.1,0.2,0.3,2.2,0.1,0.3,5.0,7.6,2.9,0.2,5.0,1.1,8.2,3.5,2.4,1.3,6.3,0.9,1.4,2.6,0.4,4.2,4.0,3.5,3.7,1.6,0.9,2.1,1.1,0.1
2017-05-29 19:59:00+02:00,1.1,0.5,0.2,1.5,7.1,3.6,3.0,0.6,0.2,4.2,2.4,3.5,0.1,0.9,0.3,2.4,0.1,0.8,4.0,7.0,1.8,0.2,4.0,1.1,7.7,3.5,2.4,1.3,5.7,2.0,1.4,1.5,0.3,4.2,4.1,3.6,3.8,1.6,0.9,2.1,1.1,0.1
2017-05-29 20:00:00+02:00,1.1,0.6,0.2,1.5,7.5,3.9,3.3,0.4,0.1,4.1,2.4,3.8,0.1,0.8,0.3,2.3,0.1,0.7,4.3,7.4,2.2,0.2,4.3,1.1,8.0,3.5,2.7,1.3,6.1,1.8,1.4,1.8,0.1,4.8,4.7,4.2,3.8,1.6,0.8,2.2,1.1,0.1
2017-05-29 20:01:00+02:00,1.0,0.7,0.2,1.6,7.5,3.9,3.3,0.4,0.1,4.1,2.5,3.8,0.1,0.8,0.4,2.2,0.1,0.7,4.2,7.4,2.2,0.4,4.3,1.0,8.0,3.6,2.7,1.2,6.1,1.8,1.5,1.9,0.1,4.8,4.7,4.3,3.8,1.6,0.8,2.2,1.2,0.1
2017-05-29 20:02:00+02:00,1.0,0.7,0.2,1.6,7.8,4.3,3.7,0.4,0.1,3.6,2.5,4.2,0.1,0.4,0.5,1.9,0.1,0.3,4.6,7.7,2.6,0.4,4.7,0.7,8.9,3.5,2.7,0.9,7.0,1.3,1.5,2.3,0.1,4.8,4.7,4.2,3.7,1.6,0.8,2.2,1.1,0.1
2017-05-29 20:03:00+02:00,1.0,0.7,0.2,1.6,7.7,4.2,3.6,0.3,0.1,3.1,2.5,4.1,0.1,0.3,0.5,1.3,0.1,0.1,4.5,7.5,2.6,0.4,4.6,0.6,9.7,3.4,2.5,0.9,7.8,1.3,1.5,2.3,0.1,4.7,4.6,4.2,3.6,1.5,0.8,2.0,1.0,0.0
2017-05-29 20:04:00+02:00,1.0,0.8,0.2,1.6,3.8,3.9,3.3,0.4,0.2,2.7,1.2,3.9,0.1,0.6,0.6,1.0,0.1,0.5,4.2,3.7,2.3,0.4,4.3,0.6,5.9,0.4,2.5,0.8,3.9,1.6,2.2,2.0,0.2,5.1,4.9,4.4,3.6,1.5,0.8,2.1,1.0,0.0
2017-05-29 20:05:00+02:00,1.0,0.8,0.2,1.7,4.1,4.1,3.4,0.5,0.2,2.6,1.1,4.1,0.1,0.5,0.6,1.0,0.1,0.4,4.2,4.0,2.4,0.4,4.3,0.6,6.2,0.4,2.6,0.8,4.3,1.5,2.0,2.1,0.2,4.6,4.4,4.0,3.2,1.2,0.8,2.0,1.0,0.0
2017-05-29 20:06:00+02:00,1.0,0.8,0.2,1.6,4.1,3.9,3.2,0.7,0.2,0.6,1.0,4.0,0.1,0.5,0.6,1.0,0.1,0.4,4.1,4.0,2.3,0.4,4.2,0.6,6.1,0.4,2.5,0.8,4.3,1.5,1.9,2.0,0.2,2.9,2.7,2.3,1.6,0.4,0.8,2.0,1.0,0.0
2017-05-29 20:07:00+02:00,0.9,0.8,0.2,1.5,6.3,2.9,2.7,1.1,0.2,2.6,2.3,2.9,0.0,1.0,0.6,1.0,0.1,0.9,3.6,6.2,1.8,0.4,3.7,0.6,8.3,3.3,2.4,0.8,6.5,2.0,1.4,1.5,0.2,2.9,2.7,2.3,1.5,0.4,0.8,1.9,1.0,0.0
2017-05-29 20:08:00+02:00,0.9,0.8,0.2,1.5,6.3,3.2,3.0,0.8,0.2,2.5,2.0,3.3,0.0,0.6,0.6,0.9,0.1,0.5,3.9,6.1,2.1,0.4,4.0,0.6,8.2,2.9,2.4,0.7,6.4,1.6,1.1,1.8,0.2,3.4,3.2,2.7,2.0,0.2,0.8,1.8,1.0,0.1
2017-05-29 20:09:00+02:00,0.9,0.8,0.2,1.5,6.2,3.2,3.0,0.7,0.2,2.4,1.9,3.2,0.1,0.6,0.6,0.9,0.1,0.3,3.8,6.0,2.1,0.4,3.9,0.6,8.0,2.8,2.3,0.7,6.2,1.3,1.0,1.8,0.3,4.8,4.5,4.1,3.4,1.5,0.8,1.9,1.0,0.1
2017-05-29 20:10:00+02:00,0.8,0.8,0.2,1.5,6.2,3.5,3.3,0.1,0.2,2.8,1.6,3.5,0.1,0.4,0.6,1.3,0.1,0.6,4.1,6.0,2.5,0.4,4.2,0.5,7.8,2.4,2.3,0.6,6.2,0.4,0.8,2.2,0.3,4.5,4.2,3.9,3.2,1.4,0.7,1.8,1.0,0.1
2017-05-29 20:11:00+02:00,0.8,0.9,0.2,1.5,6.7,3.8,4.1,0.1,0.2,2.2,1.8,3.9,0.1,0.6,0.6,0.8,0.1,1.0,4.9,6.5,3.3,0.4,5.0,0.5,8.4,2.6,2.4,0.6,6.8,0.1,1.0,3.0,0.3,4.4,4.2,3.9,3.3,1.5,0.8,1.8,1.0,0.1
2017-05-29 20:12:00+02:00,0.8,0.9,0.2,1.5,8.2,5.2,4.5,0.1,0.2,2.8,1.9,5.3,0.1,1.0,0.6,1.3,0.1,1.1,5.3,8.0,3.7,0.4,5.4,0.5,9.9,2.7,2.3,0.7,8.3,0.1,1.1,3.4,0.3,4.3,4.1,3.8,3.2,1.4,0.8,1.8,1.0,0.1
2017-05-29 20:13:00+02:00,0.8,0.8,0.2,1.4,7.8,5.1,4.4,0.2,0.2,2.4,1.6,5.2,0.1,1.1,0.6,1.0,0.1,1.1,5.1,7.6,3.6,0.4,5.3,0.5,9.4,2.4,2.2,0.6,7.9,0.2,0.9,3.3,0.2,4.3,4.0,3.7,3.2,1.4,0.8,1.8,1.0,0.1
2017-05-29 20:14:00+02:00,0.8,0.8,0.2,1.4,7.6,5.1,4.4,0.2,0.2,2.9,1.4,5.2,0.1,1.1,0.6,1.2,0.1,1.2,5.2,7.4,3.6,0.4,5.3,0.5,9.2,2.2,2.2,0.7,7.7,0.2,0.8,3.3,0.2,4.2,4.0,3.7,3.1,1.4,0.8,1.8,0.9,0.1
2017-05-29 20:15:00+02:00,0.8,0.8,0.2,1.4,8.0,5.1,4.3,0.2,0.2,3.3,1.9,5.1,0.1,1.1,0.6,1.6,0.1,1.2,5.1,7.8,3.5,0.4,5.3,0.7,9.6,2.7,2.2,0.8,8.1,0.2,1.3,3.3,0.2,4.1,3.8,3.5,3.0,1.3,0.7,1.7,0.9,0.1
2017-05-29 20:16:00+02:00,0.7,0.8,0.2,1.4,7.5,4.8,4.2,0.2,0.2,2.9,1.6,4.9,0.0,1.0,0.6,1.5,0.1,1.0,4.9,7.3,3.4,0.4,5.0,0.7,9.1,2.4,2.2,0.8,7.7,0.2,1.0,3.1,0.3,4.0,3.7,3.4,3.0,1.3,0.7,1.7,0.9,0.2
2017-05-29 20:17:00+02:00,0.7,0.8,0.2,1.4,7.4,4.7,4.0,0.2,0.2,2.9,1.7,4.7,0.1,0.9,0.6,1.6,0.1,1.0,4.7,7.3,3.2,0.4,4.9,0.8,8.9,2.5,2.1,0.9,7.6,0.2,1.1,3.0,0.3,2.6,2.4,2.1,2.9,1.2,0.7,1.6,0.9,0.2
2017-05-29 20:18:00+02:00,0.7,0.8,0.2,1.5,6.9,4.5,3.9,0.2,0.2,2.8,1.4,4.6,0.1,0.9,0.5,1.5,0.1,1.0,4.6,6.7,3.1,0.4,4.7,0.7,8.3,2.1,2.0,0.8,7.0,0.2,0.9,2.9,0.3,2.1,1.8,1.5,2.7,1.2,0.7,1.6,0.8,0.2
2017-05-29 20:19:00+02:00,0.6,0.7,0.2,1.4,6.6,4.3,3.7,0.2,0.1,2.3,1.5,4.3,0.1,0.9,0.5,1.2,0.1,1.0,4.4,6.4,3.0,0.3,4.5,0.7,8.1,2.1,1.9,0.8,6.8,0.2,0.9,2.7,0.2,1.6,1.4,1.1,2.3,0.9,0.6,1.5,0.8,0.1
2017-05-29 20:20:00+02:00,0.6,0.6,0.2,1.3,6.2,4.1,3.5,0.2,0.1,1.9,1.4,4.1,0.1,0.8,0.4,1.1,0.1,1.0,4.1,6.0,2.8,0.3,4.2,0.8,7.6,1.9,1.7,0.8,6.3,0.2,0.7,2.6,0.2,1.0,0.7,0.5,1.8,0.6,0.6,1.2,0.6,0.0
2017-05-29 20:21:00+02:00,0.6,0.6,0.2,1.1,5.0,3.6,3.1,0.1,0.1,1.8,1.3,3.1,0.1,0.8,0.4,1.1,0.1,0.9,3.7,4.9,2.4,0.2,3.8,0.7,6.4,1.8,1.5,0.7,5.2,0.2,0.7,2.3,0.2,0.8,0.6,0.4,1.8,0.6,0.5,1.2,0.6,0.0
2017-05-29 20:22:00+02:00,0.5,0.5,0.1,1.0,4.3,3.3,2.8,0.1,0.1,1.7,1.3,2.4,0.2,0.8,0.4,1.0,0.1,0.7,3.4,4.2,2.3,0.2,3.4,0.6,5.3,1.8,1.3,0.6,4.4,0.1,0.8,2.1,0.1,0.7,0.5,0.3,1.6,0.6,0.5,1.1,0.5,0.0
2017-05-29 20:23:00+02:00,0.5,0.4,0.2,0.8,4.1,2.8,2.5,0.1,0.1,1.4,1.3,2.2,0.1,0.7,0.4,1.0,0.1,0.7,2.9,4.0,2.0,0.2,3.0,0.6,5.0,1.7,1.2,0.6,4.2,0.1,0.9,1.9,0.1,1.5,1.7,1.8,0.5,1.3,0.4,0.9,0.5,0.0
2017-05-29 20:24:00+02:00,0.4,0.2,0.2,0.5,3.8,2.1,2.0,0.0,0.1,1.1,1.2,2.0,0.2,0.6,0.3,0.7,0.1,0.6,2.2,3.7,1.6,0.2,2.3,0.5,4.7,1.6,0.9,0.4,3.9,0.0,0.8,1.5,0.1,0.2,0.2,0.3,0.7,0.2,0.4,0.9,0.4,0.0
2017-05-29 20:25:00+02:00,0.3,0.2,0.2,0.5,3.2,2.0,1.8,0.0,0.1,0.3,1.1,1.5,0.2,0.6,0.3,0.6,0.1,0.5,2.2,3.0,1.4,0.2,2.3,0.4,4.0,1.5,0.7,0.3,3.2,0.0,0.7,1.3,0.1,1.8,1.6,1.5,1.4,0.5,0.4,0.9,0.5,0.1
2017-05-29 20:26:00+02:00,0.3,0.1,0.2,0.4,3.2,1.8,1.5,0.1,0.0,0.6,1.0,1.8,0.2,0.4,0.3,1.0,0.0,0.4,2.0,3.2,1.2,0.2,2.1,0.4,4.0,1.4,0.7,0.3,3.2,0.1,0.6,1.1,0.1,1.6,1.5,1.3,1.3,0.5,0.3,0.9,0.5,0.1
2017-05-29 20:27:00+02:00,0.3,0.1,0.1,0.3,2.3,1.2,1.1,0.2,0.0,1.4,0.9,1.1,0.2,0.3,0.2,1.2,0.0,0.3,1.2,2.3,0.9,0.1,1.2,0.3,3.0,1.2,0.6,0.2,2.4,0.3,0.6,0.8,0.1,0.8,0.7,0.6,1.3,0.5,0.3,0.8,0.4,0.1
2017-05-29 20:28:00+02:00,0.2,0.1,0.1,0.3,1.9,0.9,0.8,0.2,0.0,0.8,0.8,0.8,0.3,0.2,0.2,0.4,0.0,0.2,0.9,1.9,0.7,0.1,1.0,0.3,2.5,1.1,0.5,0.2,1.9,0.3,0.5,0.6,0.1,0.7,0.5,0.5,1.1,0.5,0.3,0.6,0.3,0.1
2017-05-29 20:29:00+02:00,0.2,0.0,0.1,0.2,1.7,1.0,0.7,0.2,0.0,0.4,0.6,0.9,0.2,0.1,0.1,0.4,0.0,0.2,1.0,1.7,0.5,0.1,1.1,0.3,2.3,0.8,0.3,0.2,1.7,0.3,0.4,0.5,0.2,1.1,1.0,1.0,0.9,0.4,0.3,0.5,0.2,0.1
2017-05-29 20:30:00+02:00,0.2,0.1,0.1,0.1,0.9,0.3,0.5,0.2,0.0,0.4,0.5,0.2,0.3,0.1,0.1,0.4,0.0,0.1,0.4,0.9,0.4,0.1,0.4,0.2,1.3,0.7,0.2,0.3,0.9,0.3,0.3,0.3,0.2,0.9,0.7,0.7,0.7,0.3,0.2,0.4,0.2,0.1
2017-05-29 20:31:00+02:00,0.2,0.7,0.1,0.6,0.7,0.6,0.5,0.2,0.0,0.5,0.4,0.7,0.2,0.1,0.0,0.5,0.0,0.1,0.5,0.7,0.6,0.0,0.6,0.1,0.7,0.5,0.6,0.4,0.7,0.2,0.2,0.5,0.7,0.6,0.5,0.5,0.5,0.3,0.2,0.3,0.1,0.1
2017-05-29 20:32:00+02:00,0.2,1.6,0.1,1.6,1.4,1.4,1.5,0.1,0.0,0.6,0.3,1.5,0.1,0.0,0.1,0.7,0.0,0.1,1.3,1.4,1.6,0.0,1.3,0.3,1.2,0.4,1.6,0.6,1.4,0.2,0.1,1.6,1.7,0.4,0.3,0.3,0.4,0.2,0.1,0.2,0.1,0.1
2017-05-29 20:33:00+02:00,0.2,0.8,0.1,0.9,1.1,1.0,1.1,0.2,0.1,0.7,0.3,1.1,0.1,0.1,0.1,0.8,0.1,0.1,0.9,1.0,1.1,0.1,0.9,0.4,1.0,0.3,0.9,0.7,1.1,0.3,0.1,1.0,0.8,0.2,0.2,0.1,0.2,0.1,0.1,0.2,0.1,0.1
2017-05-29 20:34:00+02:00,0.2,0.5,0.1,0.6,2.1,1.2,1.1,0.2,0.2,1.6,0.1,1.9,0.2,0.3,0.1,1.6,0.1,0.2,1.0,2.0,1.1,0.1,1.0,0.5,2.0,0.1,0.8,0.8,2.1,0.4,0.1,1.1,0.5,1.2,1.3,1.2,1.1,1.0,0.0,0.2,0.1,0.2
2017-05-29 20:35:00+02:00,0.1,0.6,0.1,0.7,3.7,1.5,1.4,0.4,0.2,1.2,0.3,3.3,0.3,0.5,0.1,1.2,0.1,0.4,1.3,3.7,1.3,0.1,1.4,0.4,3.7,0.3,0.9,0.7,3.8,0.6,0.1,1.4,0.5,1.6,1.6,1.5,1.3,1.1,0.0,0.3,0.1,0.2
2017-05-29 20:36:00+02:00,0.1,0.6,0.1,0.7,3.8,1.6,1.5,0.4,0.2,1.0,0.2,3.5,0.4,0.6,0.0,1.0,0.1,0.5,1.4,3.7,1.4,0.0,1.4,0.4,3.7,0.3,0.8,0.8,3.8,0.6,0.0,1.4,0.5,1.7,1.7,1.6,1.4,1.1,0.0,0.3,0.2,0.2
2017-05-29 20:37:00+02:00,0.1,0.7,0.0,0.7,4.0,1.8,1.6,0.4,0.2,1.1,0.2,3.7,0.4,0.7,0.0,1.0,0.1,0.6,1.5,4.0,1.6,0.0,1.6,0.4,4.0,0.3,0.9,0.8,4.0,0.6,0.1,1.6,0.5,1.9,1.8,1.7,1.5,1.2,0.0,0.3,0.2,0.2
2017-05-29 20:38:00+02:00,0.1,0.7,0.0,0.8,4.4,2.2,1.8,0.4,0.2,2.2,0.2,4.1,0.4,0.7,0.1,2.0,0.1,0.6,1.8,4.4,1.7,0.1,2.0,0.5,4.5,0.3,1.0,0.8,4.4,0.6,0.1,1.7,0.5,2.0,2.0,1.8,1.6,1.3,0.1,0.3,0.2,0.2
2017-05-29 20:39:00+02:00,0.1,0.7,0.0,0.8,4.9,2.5,2.0,0.5,0.2,2.7,0.3,4.4,0.4,0.8,0.1,2.4,0.1,0.7,2.1,4.8,1.9,0.1,2.3,0.5,5.0,0.5,1.1,0.8,4.9,0.7,0.1,1.9,0.5,1.0,1.1,1.0,0.7,0.3,0.1,0.3,0.2,0.2
2017-05-29 20:40:00+02:00,0.3,0.7,0.0,0.9,5.2,2.7,2.1,0.5,0.2,2.9,0.4,4.6,0.4,0.8,0.1,2.5,0.1,0.7,2.3,5.1,2.0,0.1,2.5,0.6,5.4,0.6,1.1,0.9,5.2,0.7,0.2,2.0,0.5,1.1,1.1,1.0,0.6,0.3,0.1,0.3,0.2,0.2
2017-05-29 20:41:00+02:00,0.4,0.7,0.0,0.9,5.6,3.0,2.3,0.5,0.2,2.1,0.5,4.9,0.5,0.9,0.1,1.7,0.1,0.7,2.4,5.5,2.1,0.1,2.7,0.8,5.9,0.7,1.2,1.1,5.7,0.7,0.2,2.1,0.5,1.1,1.1,1.0,0.6,0.4,0.1,0.3,0.2,0.1
2017-05-29 20:42:00+02:00,0.4,1.3,0.0,1.5,6.7,3.9,3.0,0.6,0.2,2.0,0.5,5.8,0.5,1.0,0.2,1.5,0.2,0.8,3.2,6.5,2.9,0.1,3.5,0.9,7.1,0.7,1.8,1.1,6.8,0.8,0.3,2.8,1.1,1.5,1.5,1.4,0.9,0.6,0.2,0.3,0.2,0.1
2017-05-29 20:43:00+02:00,0.5,1.8,0.0,2.0,7.6,4.7,3.7,0.6,0.2,2.1,0.6,6.7,0.5,1.1,0.2,1.5,0.2,0.9,3.9,7.5,3.5,0.1,4.2,0.9,8.1,0.8,2.3,1.2,7.7,0.8,0.3,3.4,1.6,1.7,1.7,1.6,1.2,0.7,0.2,0.4,0.3,0.1
2017-05-29 20:44:00+02:00,0.4,0.8,0.0,1.0,6.4,3.6,2.7,0.6,0.2,2.6,0.6,5.5,0.5,1.1,0.2,1.4,0.2,0.9,2.9,6.3,2.5,0.1,3.1,0.9,6.9,0.8,1.3,1.2,6.5,0.8,0.3,2.4,0.5,1.8,1.7,1.6,1.2,0.8,0.2,0.4,0.3,0.1
2017-05-29 20:45:00+02:00,0.4,0.7,0.0,0.9,6.6,3.5,2.7,0.6,0.2,2.5,0.6,5.2,0.5,1.2,0.3,1.5,0.2,1.0,2.9,6.5,2.5,0.2,3.2,0.8,7.1,1.3,1.3,1.2,6.8,0.9,0.4,2.4,0.5,1.8,1.8,1.7,1.3,0.8,0.1,0.5,0.3,0.2
2017-05-29 20:46:00+02:00,0.4,0.8,0.0,1.0,7.1,3.4,2.8,0.6,0.2,2.0,0.6,5.1,0.5,1.1,0.3,1.4,0.2,0.9,2.9,7.0,2.5,0.2,3.1,0.8,7.7,1.9,1.3,1.1,7.3,0.9,0.4,2.4,0.5,1.9,1.9,1.8,1.4,0.8,0.1,0.6,0.4,0.3
2017-05-29 20:47:00+02:00,0.4,0.8,0.0,1.4,7.8,3.8,3.2,0.6,0.2,2.0,0.6,5.6,0.5,1.1,0.3,1.4,0.2,0.9,3.4,7.7,3.0,0.2,3.5,0.8,8.3,2.1,1.7,1.2,7.9,0.9,0.4,2.8,0.5,1.9,1.9,1.8,1.4,0.8,0.1,0.6,0.4,0.3
2017-05-29 20:48:00+02:00,0.5,0.8,0.0,1.4,8.3,4.1,3.5,0.6,0.2,2.0,0.6,5.9,0.5,1.1,0.3,1.5,0.2,0.9,3.7,8.3,3.3,0.2,3.8,0.8,8.9,2.4,2.0,1.2,8.5,0.8,0.4,3.1,0.5,2.0,1.9,1.8,1.4,0.7,0.1,0.7,0.5,0.3
2017-05-29 20:49:00+02:00,0.5,0.8,0.0,1.3,8.3,4.5,3.9,0.7,0.2,2.0,0.6,6.0,0.5,1.2,0.3,1.5,0.2,1.0,4.1,8.2,3.7,0.2,4.2,0.8,8.8,2.2,2.4,1.2,8.5,0.9,0.3,3.5,0.6,2.5,2.5,2.3,1.9,1.2,0.1,0.7,0.5,0.3
2017-05-29 20:50:00+02:00,0.5,0.9,0.0,1.1,7.1,3.6,3.0,0.7,0.3,1.9,0.7,4.7,0.5,1.2,0.3,1.4,0.2,1.0,3.2,7.0,2.7,0.2,3.3,0.8,7.6,2.3,1.5,1.1,7.3,0.9,0.3,2.6,0.6,3.1,3.0,2.9,2.5,1.8,0.1,0.7,0.5,0.3
2017-05-29 20:51:00+02:00,0.5,1.1,0.0,1.4,6.7,3.6,3.0,0.7,0.3,1.9,0.6,4.9,0.5,1.2,0.3,1.4,0.2,1.0,3.2,6.6,2.8,0.2,3.3,0.9,7.2,1.8,1.5,1.1,6.9,0.9,0.3,2.7,0.9,2.0,2.0,1.9,1.4,0.8,0.1,0.7,0.5,0.3
2017-05-29 20:52:00+02:00,0.5,1.3,0.0,1.5,6.8,3.8,3.2,0.7,0.3,1.8,0.7,5.1,0.5,1.1,0.3,1.4,0.2,1.0,3.4,6.7,2.9,0.2,3.5,0.9,7.3,1.6,1.6,1.1,6.9,0.9,0.3,2.8,1.0,2.0,2.0,1.9,1.4,0.8,0.1,0.7,0.5,0.3
2017-05-29 20:53:00+02:00,0.4,1.0,0.0,1.3,7.4,3.5,2.9,0.7,0.3,1.7,1.5,4.8,0.5,1.1,1.0,1.3,0.2,1.0,3.1,7.3,2.6,0.9,3.2,0.8,7.8,2.5,1.4,1.0,7.5,0.9,1.1,2.5,0.8,2.0,2.0,1.8,1.4,0.8,0.1,0.7,0.5,0.3
2017-05-29 20:54:00+02:00,0.4,1.0,0.0,1.2,7.3,3.3,2.8,0.6,0.3,1.6,1.6,4.6,0.5,1.1,1.1,1.2,0.2,0.8,2.9,7.2,2.5,1.1,3.0,0.7,7.8,2.7,1.3,1.0,7.5,0.8,1.3,2.4,0.8,2.1,2.0,1.9,1.5,0.8,0.2,0.7,0.5,0.3
2017-05-29 20:55:00+02:00,0.3,0.8,0.0,1.2,6.7,3.4,2.7,0.6,0.2,1.4,0.7,4.7,0.4,1.0,0.2,1.1,0.2,0.8,2.9,6.6,2.4,0.1,3.1,0.7,7.1,1.9,1.3,0.9,6.8,0.8,0.4,2.3,0.6,2.3,2.3,2.1,1.7,1.0,0.2,0.7,0.5,0.3
2017-05-29 20:56:00+02:00,0.3,0.8,0.0,1.1,8.1,4.9,3.3,0.5,0.1,1.4,0.7,6.2,0.4,1.6,0.2,1.1,0.2,1.4,4.4,8.0,3.0,0.1,4.5,0.7,8.5,1.8,1.3,0.8,8.2,1.4,0.4,2.9,0.6,2.3,2.2,2.1,1.7,1.0,0.2,0.7,0.5,0.3
2017-05-29 20:57:00+02:00,0.3,0.8,0.0,1.1,7.7,4.8,3.6,0.5,0.1,1.4,0.7,6.2,0.4,2.0,0.2,1.1,0.2,1.8,4.2,7.7,3.3,0.1,4.3,0.6,8.2,1.5,1.2,0.8,7.9,1.8,0.4,3.2,0.6,2.0,2.0,1.9,1.4,0.7,0.2,0.7,0.5,0.3
2017-05-29 20:58:00+02:00,0.4,0.8,0.0,1.1,6.9,4.4,3.6,0.5,0.2,2.3,0.7,5.7,0.4,1.9,0.2,2.0,0.1,1.7,3.7,6.9,3.3,0.1,3.8,0.7,7.4,1.2,1.2,1.7,7.1,1.7,0.4,3.2,0.6,1.9,1.9,1.7,1.3,0.6,0.2,0.7,0.5,0.3
2017-05-29 20:59:00+02:00,0.4,0.8,0.0,1.2,6.8,4.2,3.5,0.5,0.2,2.5,0.6,5.5,0.4,1.7,0.2,2.0,0.1,1.6,3.6,6.7,3.1,0.1,3.7,0.7,7.3,1.2,1.3,1.8,7.0,1.5,0.4,3.0,0.6,1.9,1.9,1.7,1.3,0.6,0.2,0.7,0.5,0.3
2017-05-29 21:00:00+02:00,0.4,0.8,0.0,1.1,5.9,3.5,2.8,0.5,0.2,1.6,0.6,4.0,0.4,1.1,0.2,1.2,0.1,0.9,2.9,5.8,2.4,0.1,3.0,0.7,6.4,1.8,1.2,0.9,6.0,0.9,0.4,2.3,0.6,2.1,2.0,1.9,1.5,0.6,0.2,0.9,0.7,0.5
2017-05-29 21:01:00+02:00,0.4,0.7,0.0,1.1,7.2,4.2,2.8,0.5,0.2,1.6,0.7,4.5,0.4,1.1,0.4,1.2,0.1,1.0,3.0,7.1,2.4,0.3,3.1,0.7,7.6,2.6,1.2,0.9,7.3,0.9,0.5,2.3,0.5,2.6,2.5,2.4,2.0,0.6,0.1,1.4,1.2,1.0
2017-05-29 21:02:00+02:00,0.4,0.8,0.0,1.2,6.9,3.9,3.0,0.5,0.2,1.3,0.8,4.2,0.4,1.2,0.4,0.9,0.1,1.1,3.1,6.8,2.6,0.3,3.3,0.4,7.6,2.6,1.3,0.6,7.2,1.1,0.6,2.5,0.6,2.5,2.5,2.4,2.0,0.6,0.1,1.4,1.2,1.0
2017-05-29 21:03:00+02:00,0.4,0.9,0.0,1.2,7.8,4.8,4.0,0.5,0.2,1.3,0.8,5.3,0.4,2.0,0.4,0.9,0.1,1.8,4.2,7.7,3.5,0.3,4.3,0.4,8.9,2.4,1.4,0.6,8.5,1.8,0.5,3.4,0.6,2.6,2.5,2.4,2.0,0.6,0.1,1.4,1.2,1.0
2017-05-29 21:04:00+02:00,0.4,1.4,0.0,1.7,8.8,5.4,4.5,0.7,0.4,1.3,0.8,6.4,0.4,2.1,0.3,0.9,0.1,2.0,4.6,8.6,4.1,0.3,4.8,0.4,9.6,2.3,1.9,0.6,9.3,2.0,0.4,4.0,0.8,2.5,2.5,2.4,2.0,0.6,0.1,1.4,1.2,1.0
2017-05-29 21:05:00+02:00,0.4,1.5,0.0,1.7,9.0,6.1,4.4,0.7,0.4,1.3,0.9,6.6,0.4,2.1,0.3,0.9,0.1,2.0,4.5,8.9,4.2,0.3,4.7,0.4,9.7,2.3,2.0,0.6,9.4,2.0,0.4,4.1,0.8,2.6,2.6,2.5,2.0,0.6,0.1,1.5,1.2,1.0
2017-05-29 21:06:00+02:00,0.4,1.1,0.0,1.4,7.3,4.6,3.4,0.7,0.4,1.3,0.8,5.0,0.4,1.5,0.3,1.0,0.1,1.3,3.5,7.3,3.2,0.2,3.7,0.4,8.2,2.3,1.6,0.7,7.9,1.3,0.4,3.1,0.8,2.6,2.6,2.5,2.0,0.6,0.1,1.5,1.2,1.0
2017-05-29 21:07:00+02:00,0.4,1.0,0.0,1.4,7.0,4.8,3.2,0.7,0.4,1.3,0.9,5.2,0.4,1.2,0.3,1.0,0.1,1.1,3.3,7.0,2.9,0.2,3.5,0.4,7.9,1.8,1.6,0.7,7.6,1.0,0.5,2.8,0.8,2.7,2.6,2.5,2.1,0.6,0.1,1.5,1.2,1.0
2017-05-29 21:08:00+02:00,0.3,1.1,0.0,1.4,7.0,4.5,3.1,0.7,0.4,1.4,1.0,4.9,0.4,1.2,0.3,1.1,0.1,1.0,3.2,7.0,2.9,0.3,3.4,0.5,7.5,2.1,1.6,0.7,7.2,1.0,0.6,2.8,0.7,2.7,2.7,2.5,2.1,0.6,0.1,1.5,1.2,1.0
2017-05-29 21:09:00+02:00,0.3,1.0,0.1,1.4,6.4,4.5,3.0,0.7,0.4,1.4,0.9,4.9,0.5,1.2,0.4,1.1,0.1,1.0,3.3,6.4,2.8,0.3,3.4,0.4,6.8,1.5,1.6,0.7,6.5,1.0,0.5,2.7,0.7,2.7,2.7,2.5,2.1,0.7,0.2,1.4,1.2,1.0
2017-05-29 21:10:00+02:00,0.9,1.0,0.1,1.4,6.4,4.6,3.0,0.7,0.4,2.0,0.9,5.0,0.4,1.1,0.4,1.7,0.1,1.0,3.3,6.3,2.8,0.3,3.5,1.0,6.8,1.4,1.6,1.4,6.5,0.9,0.5,2.7,0.7,2.8,2.7,2.6,2.1,0.7,0.2,1.5,1.2,1.0
2017-05-29 21:11:00+02:00,0.7,1.0,0.1,1.3,6.5,4.6,3.0,0.7,0.4,1.9,0.9,5.0,0.5,1.2,0.4,1.6,0.1,1.0,3.3,6.4,2.8,0.3,3.5,0.9,6.9,1.3,1.5,1.2,6.6,1.0,0.5,2.7,0.7,2.8,2.7,2.6,2.2,0.7,0.2,1.5,1.2,1.0
2017-05-29 21:12:00+02:00,1.0,1.0,0.1,1.3,5.9,4.1,3.0,0.7,0.4,2.1,0.8,4.6,0.5,1.2,0.4,1.8,0.1,1.0,3.3,5.9,2.8,0.3,3.5,1.1,6.4,1.3,1.5,1.5,6.0,1.0,0.5,2.7,0.7,2.7,2.7,2.5,2.1,0.6,0.2,1.5,1.2,1.0
2017-05-29 21:13:00+02:00,0.6,1.0,0.1,1.3,6.1,4.0,2.9,0.7,0.4,1.6,0.8,4.5,0.5,1.2,0.3,1.4,0.1,1.1,3.2,6.0,2.7,0.3,3.4,0.7,6.6,1.5,1.4,1.0,6.2,1.1,0.5,2.7,0.7,2.6,2.6,2.5,2.0,0.6,0.2,1.5,1.2,1.0
2017-05-29 21:14:00+02:00,1.1,0.9,0.0,1.2,6.0,3.9,2.9,0.7,0.4,2.1,0.7,4.5,0.4,1.2,0.3,1.9,0.1,1.0,3.2,5.9,2.6,0.2,3.4,1.2,6.5,1.4,1.3,1.6,6.1,1.0,0.5,2.5,0.7,2.6,2.5,2.4,2.0,0.5,0.2,1.5,1.2,1.0
2017-05-29 21:15:00+02:00,0.5,1.1,0.0,1.3,6.6,4.2,3.1,0.6,0.4,1.5,0.6,4.6,0.4,1.2,0.3,1.3,0.1,1.0,3.4,6.5,2.7,0.2,3.6,0.6,7.1,1.8,1.5,0.9,6.7,1.0,0.5,2.7,0.9,3.3,3.2,3.1,2.6,0.6,0.2,2.0,1.5,1.4
2017-05-29 21:16:00+02:00,0.4,1.2,0.0,1.4,7.7,4.4,3.3,0.8,0.4,1.4,0.6,5.6,0.6,1.4,0.2,1.2,0.1,1.3,3.6,7.6,3.0,0.2,3.9,0.5,8.1,2.0,1.6,0.8,7.8,1.3,0.4,3.0,1.0,4.2,4.2,4.0,3.5,0.7,0.3,2.8,2.3,2.1
2017-05-29 21:17:00+02:00,0.4,1.2,0.0,1.4,7.9,4.5,3.3,0.8,0.4,1.7,0.5,5.9,0.6,1.4,0.2,1.4,0.1,1.3,3.5,7.8,3.1,0.2,3.9,0.7,8.4,2.0,1.6,1.1,8.0,1.3,0.4,3.0,1.1,4.1,4.1,4.0,3.4,0.6,0.3,2.8,2.3,2.1
2017-05-29 21:18:00+02:00,0.4,1.1,0.0,1.3,8.1,4.6,3.4,1.0,0.4,1.7,0.5,6.0,0.8,1.7,0.3,1.5,0.1,1.5,3.6,8.0,3.2,0.2,4.0,0.7,8.5,1.9,1.5,1.1,8.2,1.5,0.4,3.2,1.0,4.1,4.1,4.0,3.4,0.6,0.3,2.8,2.3,2.1
2017-05-29 21:19:00+02:00,0.4,1.0,0.0,1.2,7.7,4.3,3.2,0.9,0.2,1.9,0.7,5.5,0.7,1.6,0.4,1.5,0.1,1.4,3.4,7.6,3.0,0.2,3.8,0.7,8.1,2.1,1.4,1.3,7.8,1.3,0.6,2.9,0.9,4.1,4.0,3.9,3.4,0.6,0.3,2.8,2.3,2.1
2017-05-29 21:20:00+02:00,0.4,1.1,0.0,1.3,7.2,4.3,3.2,0.9,0.2,1.9,0.8,5.0,0.7,1.6,0.4,1.5,0.1,1.4,3.4,7.1,3.0,0.2,3.8,0.7,7.6,2.1,1.5,1.2,7.3,1.3,0.5,2.9,0.9,4.1,4.0,3.9,3.4,0.6,0.3,2.8,2.3,2.1
2017-05-29 21:21:00+02:00,0.4,1.1,0.0,1.3,7.1,4.3,3.3,1.0,0.2,1.9,0.7,4.9,0.8,1.6,0.3,1.4,0.1,1.5,3.4,7.0,3.1,0.2,3.8,0.7,7.5,2.1,1.5,1.2,7.2,1.4,0.5,3.0,0.9,4.1,4.0,3.9,3.4,0.6,0.3,2.8,2.3,2.1
2017-05-29 21:22:00+02:00,0.3,1.5,0.0,1.7,8.0,5.2,4.1,0.9,0.2,1.8,0.7,5.9,0.8,1.7,0.3,1.4,0.1,1.5,4.2,8.0,3.5,0.2,4.6,0.7,8.4,2.1,1.9,1.1,8.1,1.4,0.5,3.4,0.9,3.2,3.2,3.1,2.5,0.6,0.3,1.9,1.4,1.2
2017-05-29 21:23:00+02:00,0.3,1.2,0.0,1.4,7.3,4.5,3.4,0.9,0.2,1.8,0.6,5.2,0.7,1.6,0.3,1.4,0.1,1.4,3.5,7.2,3.1,0.2,3.9,0.7,7.7,2.0,1.6,1.1,7.4,1.3,0.4,3.0,0.9,2.8,2.6,2.6,2.0,0.6,0.3,1.4,0.8,0.6
2017-05-29 21:24:00+02:00,0.3,1.1,0.0,1.3,6.9,4.3,3.2,0.9,0.2,1.7,0.6,4.9,0.7,1.6,0.2,1.4,0.1,1.4,3.4,6.9,3.0,0.1,3.7,0.7,7.3,2.0,1.5,1.1,7.1,1.3,0.3,2.9,0.9,2.6,2.5,2.4,2.0,0.6,0.3,1.4,0.9,0.6
2017-05-29 21:25:00+02:00,0.4,1.1,0.0,1.3,6.8,4.1,3.1,0.8,0.2,1.7,0.7,4.7,0.6,1.4,0.3,1.5,0.1,1.2,3.3,6.8,2.8,0.2,3.6,0.8,7.3,2.1,1.5,1.2,7.0,1.2,0.4,2.8,0.9,2.7,2.6,2.4,2.3,0.6,0.2,1.7,0.9,0.6
2017-05-29 21:26:00+02:00,0.5,1.1,0.0,1.8,7.3,4.4,3.5,0.7,0.2,1.8,0.7,5.1,0.5,1.3,0.3,1.5,0.1,1.1,3.7,7.2,3.3,0.2,4.0,0.9,7.7,2.1,1.9,1.3,7.4,1.1,0.4,3.2,0.9,3.8,3.7,3.5,3.4,0.6,0.2,2.8,0.9,0.6
2017-05-29 21:27:00+02:00,0.5,1.1,0.0,1.9,7.4,4.6,3.6,0.7,0.2,1.8,0.7,5.2,0.5,1.3,0.3,1.5,0.1,1.1,3.8,7.3,3.4,0.2,4.1,0.9,7.8,2.0,2.1,1.3,7.6,1.1,0.4,3.3,0.9,3.8,3.7,3.6,3.4,0.5,0.2,2.9,0.9,0.7
2017-05-29 21:28:00+02:00,0.5,1.1,0.0,1.7,6.2,4.4,3.4,0.8,0.2,1.8,0.7,5.1,0.6,1.3,0.3,1.5,0.1,1.1,3.6,6.1,3.2,0.2,4.0,0.9,6.7,1.0,1.9,1.3,6.4,1.1,0.4,3.2,0.8,3.8,3.7,3.6,3.4,0.5,0.2,2.9,0.9,0.7
2017-05-29 21:29:00+02:00,0.5,1.1,0.0,1.3,5.5,3.8,3.0,0.8,0.2,1.8,0.7,4.4,0.6,1.3,0.3,1.5,0.1,1.2,3.3,5.4,2.9,0.2,3.5,0.9,6.0,1.0,1.5,1.3,5.6,1.1,0.4,2.8,0.9,3.6,3.4,3.3,3.2,0.5,0.1,2.7,0.9,0.7
2017-05-29 21:30:00+02:00,0.5,0.9,0.0,1.1,5.3,3.6,2.8,0.7,0.2,1.9,0.7,4.3,0.6,1.3,0.3,1.5,0.1,1.1,3.0,5.2,2.6,0.2,3.3,0.9,5.9,1.0,1.3,1.3,5.5,1.1,0.4,2.6,0.6,3.0,2.8,2.7,2.6,1.4,1.0,1.2,0.8,0.6
2017-05-29 21:31:00+02:00,0.5,0.8,0.0,1.0,5.2,3.5,2.8,0.7,0.2,2.2,0.7,4.2,0.5,1.2,0.3,1.7,0.1,1.1,3.0,5.1,2.5,0.2,3.2,0.9,5.8,0.9,1.2,1.4,5.4,1.1,0.4,2.5,0.6,3.1,3.0,2.9,2.7,1.8,1.4,0.9,0.6,0.4
2017-05-29 21:32:00+02:00,0.5,0.8,0.0,1.0,5.3,3.5,2.8,0.7,0.2,2.1,0.7,4.2,0.5,1.2,0.3,1.6,0.1,1.1,3.0,5.2,2.5,0.2,3.2,0.8,5.9,1.0,1.2,1.3,5.4,1.1,0.4,2.5,0.6,3.1,3.0,2.9,2.7,1.8,1.4,0.9,0.6,0.4
2017-05-29 21:33:00+02:00,0.5,0.9,0.0,1.1,5.6,3.9,3.2,0.6,0.2,2.1,0.7,4.5,0.5,1.6,0.3,1.6,0.1,1.1,3.4,5.5,2.9,0.2,3.6,0.8,6.2,1.0,1.2,1.3,5.7,1.0,0.4,2.8,0.6,5.0,4.9,4.8,4.6,1.9,1.4,2.7,0.6,0.4
2017-05-29 21:34:00+02:00,0.5,0.9,0.0,1.1,5.5,3.8,3.0,0.7,0.2,1.9,0.7,4.5,0.5,1.4,0.3,1.5,0.1,1.1,3.2,5.4,2.7,0.2,3.4,0.8,6.0,0.9,1.2,1.3,5.6,1.1,0.3,2.6,0.6,4.8,4.7,4.6,4.4,1.5,1.1,2.9,0.6,0.4
2017-05-29 21:35:00+02:00,0.5,0.9,0.0,1.1,5.9,3.6,2.8,0.7,0.2,2.0,0.7,4.8,0.5,1.3,0.3,1.5,0.1,1.1,3.0,5.8,2.5,0.2,3.3,0.8,6.4,1.0,1.2,1.3,6.0,1.1,0.4,2.5,0.6,4.2,4.1,4.0,3.7,0.8,0.4,2.9,0.6,0.4
2017-05-29 21:36:00+02:00,0.5,0.9,0.0,1.2,6.1,3.7,2.9,0.7,0.2,1.7,0.8,5.0,0.5,1.2,0.4,1.4,0.1,1.1,3.1,6.0,2.6,0.3,3.3,0.8,6.6,1.0,1.3,1.1,6.2,1.1,0.5,2.5,0.6,4.4,4.2,4.1,3.7,0.8,0.5,2.9,0.6,0.4
2017-05-29 21:37:00+02:00,0.5,0.8,0.0,1.1,5.9,3.5,2.9,0.6,0.2,1.8,0.8,4.7,0.5,1.3,0.4,1.4,0.1,1.1,3.1,5.8,2.6,0.3,3.3,0.9,6.3,1.0,1.2,1.1,6.0,1.1,0.5,2.5,0.6,4.6,4.5,4.4,3.7,0.8,0.5,2.9,0.6,0.4
2017-05-29 21:38:00+02:00,0.5,0.9,0.1,1.3,6.7,3.7,2.9,0.6,0.2,1.8,0.8,4.6,0.5,1.3,0.4,1.3,0.1,1.1,3.3,6.6,2.7,0.3,3.5,0.9,7.1,2.0,1.4,1.1,6.8,1.1,0.5,2.6,0.6,4.9,4.7,4.7,3.7,0.8,0.5,2.9,0.6,0.4
2017-05-29 21:39:00+02:00,0.5,0.9,0.0,1.3,5.8,3.7,3.1,0.6,0.2,1.6,0.7,4.2,0.5,1.3,0.3,1.3,0.1,1.1,3.4,5.7,2.8,0.2,3.6,0.8,6.3,1.5,1.4,1.1,5.9,1.0,0.4,2.7,0.6,4.6,4.5,4.4,3.7,0.8,0.5,2.9,0.6,0.4
2017-05-29 21:40:00+02:00,0.4,0.9,0.0,1.2,5.1,3.8,3.1,0.7,0.2,1.6,0.6,4.2,0.5,1.4,0.2,1.4,0.1,1.2,3.4,5.0,2.9,0.1,3.6,0.8,5.5,0.8,1.3,1.2,5.2,1.1,0.3,2.7,0.6,4.3,4.2,4.0,3.7,0.8,0.5,2.9,0.6,0.4
2017-05-29 21:41:00+02:00,0.4,0.9,0.0,1.2,5.4,4.0,3.1,0.7,0.2,1.5,0.6,4.4,0.5,1.4,0.3,1.3,0.1,1.2,3.4,5.3,2.8,0.1,3.6,0.7,5.8,0.9,1.3,1.1,5.5,1.1,0.4,2.7,0.6,4.4,4.2,4.0,3.7,0.8,0.5,2.9,0.6,0.4
2017-05-29 21:42:00+02:00,0.4,0.9,0.0,1.2,6.0,4.6,3.0,0.6,0.2,1.6,0.7,4.9,0.4,1.4,0.3,1.4,0.1,1.2,3.3,5.9,2.8,0.2,3.5,0.7,6.5,0.9,1.3,1.2,6.1,1.1,0.4,2.6,0.6,4.6,4.4,4.2,3.9,0.9,0.5,3.0,0.6,0.4
2017-05-29 21:43:00+02:00,0.4,0.9,0.0,1.2,5.7,4.4,2.9,0.6,0.2,1.7,0.7,4.7,0.4,1.4,0.3,1.5,0.1,1.2,3.2,5.7,2.7,0.2,3.4,0.7,6.2,1.0,1.3,1.2,5.9,1.1,0.4,2.6,0.6,4.7,4.6,4.4,4.0,0.9,0.5,3.1,0.7,0.4
2017-05-29 21:44:00+02:00,0.4,2.9,0.0,3.2,6.7,5.4,4.8,0.6,0.2,1.7,0.7,5.7,0.4,1.4,0.3,1.4,0.1,1.2,5.1,6.6,4.7,0.2,5.3,0.8,7.3,1.0,3.3,1.2,6.8,1.1,0.4,4.6,2.6,5.0,4.9,4.7,4.4,1.2,0.9,3.2,0.7,0.4
2017-05-29 21:45:00+02:00,0.7,2.2,0.0,2.5,6.1,4.8,4.2,0.7,0.2,2.1,0.7,5.1,0.5,1.4,0.3,1.8,0.1,1.3,4.5,6.0,4.0,0.2,4.7,1.1,6.6,0.9,2.6,1.6,6.2,1.1,0.4,4.0,1.9,5.7,5.6,5.5,5.2,1.1,0.8,4.1,0.8,0.5
2017-05-29 21:46:00+02:00,0.4,1.1,0.0,1.4,5.3,4.1,3.6,1.0,0.2,1.9,0.6,4.4,0.8,1.7,0.3,1.6,0.1,1.6,3.8,5.2,3.3,0.1,4.0,0.7,5.8,0.9,1.5,1.4,5.4,1.5,0.4,3.2,0.8,5.3,5.2,5.1,4.8,0.7,0.3,4.1,0.8,0.5
2017-05-29 21:47:00+02:00,0.3,1.5,0.0,1.7,5.9,4.6,4.1,1.2,0.2,1.5,0.6,4.9,1.0,1.9,0.3,1.1,0.1,1.8,4.4,5.8,3.8,0.1,4.5,0.3,6.3,0.9,1.8,0.9,6.0,1.6,0.4,3.7,1.1,5.5,5.3,5.2,4.9,0.8,0.3,4.2,0.9,0.6
2017-05-29 21:48:00+02:00,0.3,1.1,0.0,1.4,7.5,5.2,4.7,1.9,0.2,1.6,0.8,6.3,1.0,2.6,0.4,1.0,0.1,2.5,5.0,7.4,4.3,0.1,5.1,0.3,7.9,1.0,1.7,0.8,7.6,2.4,0.5,4.3,0.8,5.5,5.4,5.2,5.0,0.8,0.3,4.2,0.9,0.7
2017-05-29 21:49:00+02:00,0.3,1.3,0.0,1.6,7.2,4.8,4.3,1.3,0.2,1.6,1.1,5.7,1.1,2.0,0.6,1.0,0.2,1.8,4.6,7.1,4.0,0.1,4.7,0.3,7.7,1.4,2.0,0.7,7.3,1.8,0.8,3.9,1.0,5.2,5.1,4.9,4.7,0.8,0.3,3.9,0.9,0.7
2017-05-29 21:50:00+02:00,0.3,1.5,0.0,1.8,7.4,5.9,5.3,1.3,0.2,1.3,0.7,6.2,1.1,2.7,0.3,1.0,0.3,2.6,5.6,7.3,5.0,0.1,5.8,0.4,7.9,1.1,2.2,0.7,7.5,2.5,0.4,4.9,1.2,3.5,3.4,3.4,3.1,0.7,0.3,2.4,1.0,0.8
2017-05-29 21:51:00+02:00,0.4,1.4,0.0,1.7,9.0,7.6,5.8,1.3,0.2,1.6,0.7,7.9,1.1,3.3,0.2,1.2,0.3,3.2,6.0,8.9,5.4,0.1,6.2,0.5,9.5,1.0,2.1,1.0,9.1,3.1,0.3,5.4,1.0,4.4,4.3,4.3,3.9,0.6,0.3,3.3,2.0,1.7
2017-05-29 21:52:00+02:00,0.4,1.2,0.0,1.5,9.6,8.2,6.8,1.5,0.2,1.6,0.7,8.6,1.3,4.5,0.2,1.2,0.3,4.4,7.0,9.6,6.5,0.1,7.2,0.5,10.2,1.0,1.9,1.0,9.8,4.4,0.4,6.4,0.8,3.8,3.7,3.7,3.3,0.6,0.3,2.7,1.7,1.5
2017-05-29 21:53:00+02:00,0.5,1.9,0.0,2.2,9.2,7.8,6.8,1.3,0.3,1.5,0.7,8.2,1.1,3.7,0.2,1.3,0.2,3.6,7.0,9.2,6.4,0.1,7.2,0.5,9.8,1.1,2.6,1.0,9.4,3.5,0.4,6.3,1.3,3.7,3.6,3.6,3.2,0.7,0.2,2.6,1.7,1.4
2017-05-29 21:54:00+02:00,0.3,1.6,0.0,1.9,7.7,6.3,5.8,1.2,0.3,1.3,0.7,6.7,1.0,3.3,0.2,1.0,0.1,3.0,6.1,7.7,5.5,0.1,6.2,0.4,8.2,1.0,2.1,0.8,7.9,3.0,0.4,5.4,0.9,3.9,3.7,3.6,3.2,0.6,0.2,2.7,1.6,1.4
2017-05-29 21:55:00+02:00,0.5,1.6,0.0,1.9,7.8,6.4,5.8,1.2,0.3,1.5,0.7,6.7,1.0,3.3,0.2,1.2,0.1,3.0,6.1,7.7,5.5,0.1,6.3,0.5,8.3,1.0,2.1,1.0,8.0,3.0,0.4,5.4,1.0,3.9,3.7,3.6,3.1,0.4,0.2,2.7,1.6,1.4
2017-05-29 21:56:00+02:00,0.5,1.7,0.0,2.0,7.0,5.5,4.8,1.2,0.3,1.5,0.8,5.8,1.0,2.2,0.3,1.1,0.1,1.9,5.1,6.9,4.5,0.2,5.3,0.5,8.3,1.1,2.2,0.9,7.9,1.9,0.4,4.4,1.1,3.9,3.7,3.5,3.0,0.4,0.2,2.6,1.6,1.4
2017-05-29 21:57:00+02:00,0.5,1.5,0.0,1.8,7.7,5.8,4.6,1.2,0.2,1.5,0.8,6.5,1.0,2.1,0.3,1.1,0.1,1.9,4.9,7.5,4.3,0.2,5.1,0.5,8.8,1.1,2.1,0.9,8.4,1.8,0.4,4.2,0.8,4.1,3.9,3.7,3.2,0.7,0.2,2.6,1.5,1.4
2017-05-29 21:58:00+02:00,0.5,1.7,0.0,2.0,9.1,6.6,5.4,1.2,0.2,1.4,0.8,7.9,1.0,2.1,0.3,1.1,0.1,1.9,5.7,9.0,5.1,0.2,5.9,0.5,9.7,1.2,2.8,0.9,9.3,1.8,0.4,4.9,1.0,5.1,4.8,4.6,4.3,0.9,0.2,3.4,2.3,1.4
2017-05-29 21:59:00+02:00,0.5,1.8,0.0,2.2,9.0,7.2,5.9,1.5,0.2,1.4,0.8,7.7,1.2,2.2,0.3,1.1,0.1,2.1,6.2,8.9,5.6,0.2,6.5,0.5,9.6,1.2,3.2,0.9,9.2,2.1,0.4,5.4,1.1,7.9,7.7,7.5,7.2,1.0,0.2,6.3,5.3,4.4
2017-05-29 22:00:00+02:00,0.4,1.6,0.0,1.9,8.6,7.0,5.6,1.5,0.2,1.4,0.8,7.1,1.1,2.3,0.3,1.1,0.1,2.3,5.9,8.5,5.3,0.2,6.2,0.4,9.2,1.4,2.8,1.0,8.8,2.2,0.4,5.1,0.9,7.9,7.7,7.5,7.2,1.4,0.7,5.8,3.4,3.1
2017-05-29 22:01:00+02:00,0.5,1.7,0.0,1.9,9.4,7.7,6.4,2.2,0.2,1.6,0.7,7.8,1.9,3.8,0.3,1.2,0.1,3.7,6.7,9.2,6.0,0.2,6.9,0.5,10.0,1.4,2.2,1.1,9.5,3.6,0.4,5.9,1.0,4.6,4.4,4.2,3.9,1.6,0.9,2.3,0.6,0.2
2017-05-29 22:02:00+02:00,0.5,1.7,0.0,1.9,9.6,8.0,6.7,2.4,0.2,1.7,0.7,8.1,2.2,4.0,0.3,1.3,0.1,4.0,7.0,9.5,6.3,0.2,7.2,0.8,10.3,1.4,2.2,1.2,9.9,3.8,0.4,6.2,1.0,4.4,4.2,4.0,3.7,1.5,0.8,2.2,0.5,0.3
2017-05-29 22:03:00+02:00,0.5,1.7,0.0,1.9,8.8,7.0,5.7,2.5,0.2,1.7,0.8,7.1,2.2,3.1,0.3,1.4,0.2,3.0,6.0,8.6,5.4,0.2,6.2,0.8,9.7,1.5,2.2,1.2,9.2,3.0,0.5,5.3,1.0,8.6,8.4,8.2,7.9,5.7,5.0,2.2,0.5,0.2
2017-05-29 22:04:00+02:00,0.2,1.6,0.0,1.9,8.1,6.4,5.5,2.4,0.2,1.6,0.7,6.6,2.2,3.0,0.3,1.2,0.1,2.9,5.7,8.0,5.2,0.2,6.0,0.6,9.1,1.4,2.1,1.0,8.6,2.9,0.4,5.1,0.9,7.0,6.8,6.6,6.2,3.9,3.4,2.3,0.6,0.3
2017-05-29 22:05:00+02:00,0.2,1.6,0.0,1.9,7.7,6.1,5.4,2.4,0.2,1.7,0.7,6.2,2.1,2.9,0.2,1.4,0.1,2.8,5.7,7.6,5.1,0.1,5.9,0.6,8.6,1.3,2.1,1.1,8.2,2.8,0.4,5.0,0.9,3.6,3.4,3.2,2.9,0.8,0.3,2.1,1.2,1.0
2017-05-29 22:06:00+02:00,1.2,1.6,0.0,1.9,7.8,6.2,5.5,2.4,0.2,3.1,0.7,6.3,2.2,2.9,0.2,2.8,0.1,2.9,5.8,7.6,5.2,0.1,6.0,2.1,8.7,1.3,2.2,2.5,8.2,2.8,0.4,5.1,0.9,2.8,2.6,2.4,2.1,0.8,0.3,1.3,0.9,0.7
2017-05-29 22:07:00+02:00,0.9,1.6,0.0,1.9,7.6,6.1,5.3,2.0,0.2,3.2,0.7,6.1,1.8,2.8,0.2,2.9,0.1,2.5,5.6,7.5,5.0,0.1,5.8,2.2,8.5,1.3,2.2,2.7,8.0,2.5,0.4,4.9,0.9,3.2,3.0,2.8,2.4,0.8,0.3,1.7,0.4,0.2
2017-05-29 22:08:00+02:00,0.5,1.2,0.0,1.5,7.5,6.0,5.2,2.4,0.2,1.9,0.7,6.1,2.2,3.1,0.3,1.5,0.1,2.9,5.5,7.5,4.9,0.2,5.7,0.9,8.4,1.4,1.7,1.3,8.0,2.8,0.5,4.8,0.9,3.3,3.1,2.9,2.5,0.8,0.3,1.8,0.5,0.2
2017-05-29 22:09:00+02:00,0.4,1.2,0.1,1.5,7.2,6.0,5.1,2.4,0.2,1.8,0.7,6.1,2.2,3.0,0.3,1.4,0.1,2.9,5.5,7.2,4.8,0.2,5.7,0.8,8.1,1.1,1.7,1.2,7.6,2.8,0.5,4.7,0.9,4.3,4.1,3.9,3.4,1.4,1.0,2.0,0.4,0.2
2017-05-29 22:10:00+02:00,1.1,1.5,0.1,1.8,7.4,6.3,5.4,2.4,0.2,2.3,0.7,6.4,2.2,3.0,0.3,2.0,0.1,2.8,5.8,7.3,5.1,0.2,6.0,1.4,8.2,0.9,2.0,1.8,7.8,2.8,0.5,5.0,0.9,5.5,5.3,5.1,4.5,2.2,1.8,2.3,0.4,0.2
2017-05-29 22:11:00+02:00,1.7,1.6,0.1,1.9,7.3,6.2,5.2,2.2,0.2,2.8,0.7,6.4,1.9,2.7,0.3,2.5,0.1,2.6,5.6,7.2,4.9,0.2,5.8,2.0,8.2,0.9,2.1,2.3,7.7,2.6,0.5,4.8,0.9,5.4,5.3,5.1,4.6,1.7,1.2,2.9,1.1,1.0
2017-05-29 22:12:00+02:00,1.7,1.1,0.1,1.4,5.9,4.8,3.9,1.3,0.2,2.8,0.7,5.0,1.1,1.9,0.3,2.5,0.1,1.7,4.3,5.9,3.6,0.2,4.5,2.0,6.7,0.8,1.6,2.3,6.3,1.7,0.5,3.5,0.9,5.0,4.8,4.6,4.1,1.1,0.8,3.0,1.1,0.7
2017-05-29 22:13:00+02:00,1.7,1.2,0.1,1.5,6.7,5.6,4.3,1.7,0.3,2.8,0.7,5.8,1.5,2.2,0.3,2.5,0.1,2.1,4.7,6.6,4.0,0.2,4.9,2.0,8.0,0.8,1.7,2.3,7.6,2.1,0.4,3.9,0.9,4.1,3.9,3.8,3.2,0.7,0.4,2.5,0.6,0.2
2017-05-29 22:14:00+02:00,0.8,1.1,0.1,1.4,5.1,4.0,3.2,0.6,0.3,1.9,0.7,4.2,0.4,1.1,0.3,1.6,0.1,1.0,3.6,5.0,2.8,0.2,3.7,1.1,6.9,0.9,1.6,1.4,6.5,1.0,0.4,2.7,0.9,4.1,3.9,3.7,3.1,0.7,0.4,2.5,0.6,0.2
2017-05-29 22:15:00+02:00,0.2,1.5,0.1,1.8,6.6,4.4,3.6,0.6,0.3,1.4,0.7,4.5,0.4,1.2,0.3,1.1,0.1,1.0,3.9,6.5,3.2,0.2,4.1,0.5,7.7,2.0,2.0,0.9,7.3,1.0,0.4,3.1,1.3,2.5,2.3,2.1,1.7,0.5,0.3,1.2,0.6,0.2
2017-05-29 22:16:00+02:00,0.2,1.3,0.1,1.6,5.5,4.3,3.4,0.7,0.3,1.4,0.8,4.4,0.5,1.3,0.3,1.1,0.1,1.1,3.7,5.5,3.1,0.2,4.0,0.5,6.4,1.1,1.8,0.9,6.0,1.1,0.4,3.0,1.1,2.3,2.2,2.0,1.6,0.4,0.1,1.2,0.7,0.3
2017-05-29 22:17:00+02:00,0.2,0.7,0.1,1.0,5.0,3.6,2.7,0.7,0.3,1.4,0.8,3.8,0.5,1.3,0.3,1.1,0.1,1.1,3.1,5.0,2.5,0.2,3.3,0.5,5.8,1.2,1.1,0.9,5.4,1.1,0.4,2.4,0.4,2.2,2.1,1.9,1.5,0.4,0.1,1.1,0.7,0.3
2017-05-29 22:18:00+02:00,0.2,0.7,0.1,1.0,6.8,4.0,3.1,0.8,0.3,1.5,0.8,4.3,0.5,1.7,0.3,1.1,0.1,1.1,3.5,6.7,2.9,0.2,3.8,0.5,7.4,2.4,1.1,0.9,7.0,1.1,0.5,2.8,0.4,1.9,1.8,1.6,1.2,0.3,0.1,0.9,0.7,0.3
2017-05-29 22:19:00+02:00,0.2,0.8,0.1,1.1,6.5,4.0,3.1,0.9,0.4,1.4,0.7,4.3,0.6,1.5,0.3,1.0,0.1,1.2,3.5,6.4,2.8,0.2,3.8,0.5,7.1,2.1,1.3,0.8,6.6,1.2,0.5,2.7,0.5,2.0,1.8,1.7,1.2,0.3,0.1,0.9,0.7,0.3
2017-05-29 22:20:00+02:00,0.2,1.0,0.1,1.3,5.8,4.2,3.3,0.9,0.4,1.4,1.1,4.4,0.6,1.4,0.3,1.1,0.1,1.2,3.7,5.7,2.9,0.2,3.9,0.5,6.5,1.4,1.5,0.8,6.0,1.2,0.5,2.8,0.7,3.5,3.4,3.2,2.8,0.6,0.1,2.2,0.7,0.3
2017-05-29 22:21:00+02:00,0.2,1.7,0.1,1.9,5.9,4.6,3.6,0.7,0.2,1.2,0.8,4.7,0.6,1.1,0.3,0.9,0.1,1.0,4.0,5.8,3.3,0.2,4.3,0.5,6.5,1.1,2.1,0.7,6.1,1.0,0.4,3.2,1.4,4.5,4.3,4.2,3.7,1.6,0.1,2.2,0.7,0.3
2017-05-29 22:22:00+02:00,0.2,1.7,0.1,1.9,6.8,5.1,3.7,0.7,0.2,1.2,0.6,5.3,0.6,1.2,0.3,0.9,0.1,1.0,4.5,6.7,3.4,0.2,4.8,0.5,7.4,1.4,2.1,0.7,7.0,1.0,0.4,3.3,1.4,4.8,4.6,4.4,4.0,1.8,0.3,2.2,0.7,0.3
2017-05-29 22:23:00+02:00,0.2,0.8,0.0,1.1,6.7,3.8,2.9,0.7,0.2,1.2,1.2,4.0,0.6,1.2,0.3,0.9,0.1,1.0,3.2,6.6,2.6,0.2,3.5,0.4,7.7,2.7,1.3,0.7,7.0,1.0,0.4,2.5,0.5,6.8,6.5,6.3,5.9,3.7,2.2,2.2,0.7,0.3
2017-05-29 22:24:00+02:00,0.2,0.8,0.0,1.0,5.3,3.7,2.8,0.7,0.3,1.2,1.0,3.8,0.6,1.2,0.3,1.0,0.1,1.0,3.2,5.2,2.5,0.2,3.4,0.4,6.2,1.4,1.2,0.7,5.6,1.0,0.4,2.4,0.4,6.6,6.4,6.3,5.9,3.7,2.2,2.2,0.6,0.3
2017-05-29 22:25:00+02:00,0.3,0.9,0.0,1.1,4.9,3.8,2.9,0.7,0.3,1.4,0.6,4.0,0.6,1.2,0.3,1.1,0.1,1.0,3.3,4.8,2.6,0.2,3.5,0.5,5.6,0.9,1.3,0.9,5.2,1.0,0.4,2.5,0.5,5.6,5.4,5.3,4.9,2.5,2.2,2.4,0.7,0.4
2017-05-29 22:26:00+02:00,0.5,0.7,0.0,1.0,4.8,3.6,2.7,0.7,0.2,1.6,0.6,3.8,0.6,1.1,0.3,1.3,0.1,0.9,3.1,4.6,2.4,0.2,3.3,0.7,5.5,0.8,1.2,1.1,5.2,0.9,0.4,2.3,0.4,6.3,6.1,6.0,5.7,2.5,2.2,3.2,0.7,0.4
2017-05-29 22:27:00+02:00,0.5,1.0,0.0,1.2,5.7,3.8,2.9,0.6,0.2,1.6,0.5,4.0,0.5,1.0,0.3,1.4,0.1,0.9,3.3,5.5,2.6,0.2,3.5,0.7,7.0,1.6,1.5,1.2,6.7,0.9,0.4,2.5,0.7,6.1,5.9,5.8,5.5,2.4,2.2,3.1,0.7,0.4
2017-05-29 22:28:00+02:00,0.5,1.7,0.0,2.0,8.1,4.6,3.5,0.6,0.2,2.4,0.5,4.8,0.5,1.1,0.3,2.1,0.1,0.9,4.0,7.9,3.3,0.2,4.2,1.4,10.3,3.1,2.2,1.9,9.9,0.9,0.4,3.2,1.4,5.9,5.7,5.6,5.4,2.4,2.2,3.1,0.6,0.4
2017-05-29 22:29:00+02:00,0.5,1.6,0.0,1.8,8.3,5.7,3.4,0.6,0.2,2.6,0.5,5.9,0.5,1.1,0.3,2.4,0.1,1.0,3.9,8.2,3.2,0.2,4.1,1.8,10.6,2.3,2.0,2.2,10.1,0.9,0.4,3.1,1.3,6.0,5.8,5.7,5.5,2.4,2.2,3.1,0.6,0.4
2017-05-29 22:30:00+02:00,0.5,1.9,0.0,2.2,6.5,4.9,4.0,0.7,0.2,1.8,0.5,5.1,0.5,1.2,0.3,1.5,0.1,1.0,4.4,6.3,3.7,0.2,4.6,0.9,8.7,1.3,2.4,1.3,8.3,1.0,0.4,3.6,1.7,3.0,2.8,2.7,2.5,1.1,0.9,1.4,0.8,0.4
2017-05-29 22:31:00+02:00,0.4,1.6,0.0,1.9,5.9,4.6,3.7,0.7,0.2,1.6,0.5,4.8,0.4,1.3,0.2,1.3,0.1,1.0,4.2,5.7,3.4,0.2,4.3,0.6,8.1,1.0,2.1,1.1,7.6,0.9,0.4,3.3,1.4,1.8,1.6,1.5,1.3,0.4,0.3,0.9,0.5,0.3
2017-05-29 22:32:00+02:00,0.4,0.6,0.0,0.9,4.8,3.5,2.7,0.6,0.3,1.4,0.4,3.7,0.4,1.2,0.2,1.1,0.1,0.9,3.1,4.6,2.3,0.2,3.3,0.5,6.6,0.9,1.1,0.9,6.1,0.9,0.4,2.2,0.4,1.9,1.6,1.6,1.4,0.5,0.3,0.9,0.5,0.4
2017-05-29 22:33:00+02:00,0.4,0.7,0.0,1.0,5.4,4.0,3.2,1.2,0.3,1.4,0.5,4.2,0.9,1.6,0.3,1.1,0.1,1.5,3.6,5.2,2.8,0.2,3.8,0.5,6.5,1.0,1.1,0.9,6.1,1.5,0.4,2.7,0.5,2.2,2.0,1.9,1.7,0.9,0.5,0.9,0.5,0.3
2017-05-29 22:34:00+02:00,0.4,0.8,0.0,1.1,6.4,4.9,4.1,2.0,0.4,1.4,0.7,5.1,1.9,2.4,0.3,1.1,0.1,2.3,4.5,6.3,3.7,0.2,4.7,0.5,7.7,1.2,1.3,0.9,7.1,2.2,0.5,3.6,0.6,2.8,2.6,2.5,2.3,1.5,0.5,0.8,0.5,0.4
2017-05-29 22:35:00+02:00,0.5,0.8,0.0,1.1,4.9,3.4,2.5,0.4,0.4,1.4,0.7,3.5,0.4,0.8,0.3,1.1,0.1,0.7,2.9,4.7,2.2,0.2,3.1,0.5,6.0,1.2,1.3,0.9,5.5,0.7,0.5,2.1,0.6,4.4,4.2,4.1,2.5,1.6,0.5,0.9,0.6,0.4
2017-05-29 22:36:00+02:00,0.5,0.8,0.0,1.2,5.0,3.5,2.6,0.5,0.4,1.4,0.7,3.6,0.4,0.8,0.3,1.0,0.1,0.7,3.0,4.8,2.3,0.2,3.2,0.5,6.1,1.2,1.4,0.9,5.7,0.7,0.5,2.2,0.6,4.7,4.6,4.4,3.1,1.7,0.6,1.4,0.6,0.4
2017-05-29 22:37:00+02:00,0.5,0.8,0.0,1.2,5.0,3.5,2.6,0.4,0.4,1.4,0.7,3.6,0.4,0.9,0.4,1.0,0.1,0.7,3.1,4.8,2.3,0.2,3.2,0.5,5.8,1.2,1.4,0.9,5.4,0.7,0.5,2.2,0.6,5.6,5.5,5.4,4.4,1.7,0.7,2.7,0.7,0.5
2017-05-29 22:38:00+02:00,0.5,1.3,0.0,1.7,5.7,4.0,3.2,0.4,0.3,1.4,0.9,4.2,0.4,0.9,0.4,1.1,0.1,0.7,3.6,5.6,2.9,0.2,3.8,0.5,6.3,1.4,1.9,0.9,5.9,0.7,0.7,2.8,1.1,5.5,5.4,5.2,4.7,1.8,0.8,2.9,0.9,0.7
2017-05-29 22:39:00+02:00,0.4,2.3,0.0,2.7,7.0,5.3,4.5,0.7,0.5,1.5,0.9,5.4,0.7,1.2,0.4,1.2,0.1,1.0,4.8,6.8,4.2,0.2,5.0,0.5,7.6,1.4,2.9,1.0,7.1,1.0,0.7,4.1,2.1,5.5,5.3,5.2,4.8,1.8,0.8,3.0,0.8,0.6
2017-05-29 22:40:00+02:00,0.5,2.4,0.0,2.8,7.4,5.6,4.8,0.9,0.6,1.7,1.0,5.7,0.8,1.4,0.6,1.4,0.1,1.2,5.2,7.2,4.5,0.2,5.3,0.5,8.1,1.5,3.0,1.2,7.6,1.2,0.8,4.4,2.2,5.4,5.2,5.1,4.9,1.9,0.9,2.9,0.6,0.4
2017-05-29 22:41:00+02:00,0.8,1.6,0.0,2.0,6.2,4.5,3.7,0.5,0.4,2.0,1.0,4.6,0.4,1.0,0.5,1.7,0.1,0.9,4.0,6.1,3.3,0.2,4.2,0.8,6.8,1.5,2.2,1.5,6.4,0.8,0.7,3.2,1.4,5.0,4.8,4.6,4.4,1.8,0.7,2.6,0.6,0.4
2017-05-29 22:42:00+02:00,1.0,0.8,0.0,1.2,5.7,3.8,3.0,0.7,0.3,2.2,1.0,4.0,0.3,1.2,0.6,1.9,0.1,1.0,3.4,5.6,2.6,0.1,3.5,1.0,6.5,1.6,1.3,1.7,5.9,1.0,0.8,2.5,0.6,4.3,4.1,4.0,3.6,1.0,0.4,2.6,0.6,0.4
2017-05-29 22:43:00+02:00,0.4,0.8,0.0,1.2,5.6,3.8,3.0,0.7,0.3,1.6,1.0,4.0,0.3,1.3,0.5,1.3,0.1,1.0,3.3,5.6,2.6,0.1,3.5,0.4,6.7,1.6,1.3,1.1,5.8,0.9,0.8,2.6,0.6,4.5,3.9,3.8,3.4,0.8,0.4,2.6,0.6,0.4
2017-05-29 22:44:00+02:00,0.9,0.8,0.0,1.2,5.6,3.6,2.8,0.6,0.3,2.2,1.1,3.8,0.3,1.1,0.5,1.8,0.1,0.9,3.2,5.5,2.5,0.1,3.3,1.0,6.2,1.7,1.3,1.6,5.8,0.8,0.8,2.4,0.5,4.4,4.0,3.8,3.3,0.8,0.4,2.5,0.6,0.4
2017-05-29 22:45:00+02:00,0.5,0.9,0.0,1.3,5.6,3.6,2.8,0.6,0.3,1.7,1.1,3.9,0.3,1.0,0.5,1.3,0.1,0.9,3.1,5.5,2.5,0.1,3.3,0.5,6.1,1.6,1.4,1.1,5.8,0.8,0.8,2.4,0.7,3.8,3.5,3.4,2.9,0.8,0.3,2.1,0.6,0.4
2017-05-29 22:46:00+02:00,0.5,1.4,0.0,1.8,6.2,4.2,3.4,0.7,0.3,1.3,1.1,4.5,0.5,1.2,0.6,0.9,0.1,1.0,3.7,6.1,3.1,0.2,3.9,0.5,6.7,1.5,1.9,0.7,6.3,0.9,0.8,3.1,1.2,3.4,3.2,3.1,2.7,0.8,0.3,1.9,0.4,0.2
2017-05-29 22:47:00+02:00,0.4,2.2,0.0,2.6,7.3,5.4,4.3,0.8,0.3,1.8,1.1,5.7,0.7,1.4,0.5,1.4,0.2,1.2,4.7,7.2,4.1,0.2,4.9,0.9,7.8,1.5,2.7,1.1,7.5,1.1,0.8,4.1,2.0,3.3,3.1,2.9,2.6,0.8,0.3,1.8,0.4,0.2
2017-05-29 22:48:00+02:00,0.2,1.3,0.0,1.7,6.8,4.9,3.9,1.1,0.7,1.6,1.0,5.3,0.9,1.6,0.5,1.2,0.4,1.4,4.2,6.7,3.5,0.2,4.3,0.7,7.5,1.4,1.9,0.9,7.1,1.3,0.7,3.5,1.1,3.3,3.1,2.9,2.6,0.8,0.3,1.8,0.4,0.2
2017-05-29 22:49:00+02:00,0.2,1.3,0.0,1.7,7.4,5.1,4.2,1.1,0.7,1.5,1.6,5.4,0.9,1.7,0.5,1.2,0.4,1.4,4.5,7.4,3.5,0.2,4.7,0.7,8.3,2.0,1.8,0.9,7.7,1.3,0.8,3.4,1.1,3.3,3.2,3.0,2.7,0.8,0.3,1.9,0.5,0.2
2017-05-29 22:50:00+02:00,0.4,1.5,0.0,1.9,7.3,4.9,4.0,1.0,1.0,1.6,1.9,5.0,0.9,1.7,0.5,1.3,0.4,1.3,4.3,7.3,3.8,0.1,4.5,0.9,8.2,2.3,2.0,1.1,7.6,1.2,0.7,3.7,1.3,3.2,3.0,2.9,2.6,0.8,0.4,1.8,0.5,0.2
2017-05-29 22:51:00+02:00,0.3,0.9,0.0,1.9,6.9,4.7,3.8,1.0,0.3,1.6,1.6,4.8,0.8,1.5,0.6,1.3,0.3,1.2,4.1,6.8,3.6,0.2,4.3,0.8,7.8,2.0,2.0,1.2,7.2,1.2,0.8,3.5,0.7,3.2,3.1,2.9,2.6,0.8,0.3,1.8,0.5,0.2
2017-05-29 22:52:00+02:00,0.8,0.9,0.1,1.6,5.8,4.3,3.4,0.8,0.3,2.4,0.9,4.5,0.6,1.2,0.6,2.1,0.2,1.1,3.8,5.8,3.1,0.2,4.0,1.3,6.7,1.4,1.8,1.9,6.2,1.0,0.8,3.0,0.7,4.4,4.3,4.1,3.7,2.0,0.3,1.7,0.5,0.2
2017-05-29 22:53:00+02:00,0.2,1.0,0.1,1.4,5.5,4.1,3.1,0.8,0.3,2.2,0.9,4.2,0.6,1.2,0.5,1.5,0.2,1.1,3.5,5.5,2.9,0.2,3.7,0.7,6.3,1.3,1.6,1.3,5.9,1.0,0.8,2.8,0.7,4.5,4.4,4.2,3.9,1.8,0.3,2.1,0.5,0.3
2017-05-29 22:54:00+02:00,0.2,1.6,0.0,2.1,6.3,4.9,3.8,0.8,0.3,1.9,0.8,5.1,0.7,1.2,0.5,1.2,0.2,1.1,4.3,6.3,3.5,0.2,4.5,0.7,7.2,1.2,2.2,1.0,6.6,1.0,0.7,3.4,1.4,3.6,3.3,3.2,3.0,1.3,0.6,1.7,0.5,0.3
2017-05-29 22:55:00+02:00,1.0,1.0,0.0,1.4,6.3,4.8,3.6,0.9,0.3,2.6,0.9,5.0,0.7,1.3,0.5,2.1,0.2,1.2,4.3,6.2,3.0,0.2,4.5,1.5,7.1,1.2,1.6,2.0,6.6,1.1,0.8,2.9,0.7,4.7,4.5,4.1,3.8,2.1,1.4,1.7,0.5,0.3
2017-05-29 22:56:00+02:00,0.5,1.0,0.0,1.4,6.1,4.6,3.2,0.9,0.3,2.0,0.9,4.8,0.7,1.3,0.6,1.7,0.2,1.1,4.0,6.0,3.0,0.2,4.3,1.0,6.9,1.2,1.6,1.5,6.4,1.1,0.8,2.9,0.7,4.6,4.4,4.1,3.8,2.1,1.4,1.7,0.5,0.3
2017-05-29 22:57:00+02:00,0.5,0.9,0.0,1.7,6.5,4.8,3.6,0.9,0.3,2.0,1.0,5.0,0.8,1.3,0.7,1.7,0.3,1.1,4.4,6.4,3.3,0.3,4.6,1.0,7.3,1.4,1.9,1.5,6.8,1.1,0.9,3.2,0.7,4.6,4.3,4.0,3.8,2.1,1.4,1.6,0.5,0.3
2017-05-29 22:58:00+02:00,0.5,0.9,0.0,1.9,6.6,4.9,3.7,0.9,0.3,2.0,1.1,5.0,0.7,1.3,0.8,1.7,0.2,1.1,4.4,6.5,3.3,0.3,4.7,1.0,7.5,1.4,2.1,1.5,7.0,1.1,1.0,3.3,0.7,5.2,4.9,4.6,4.3,2.6,2.1,1.7,0.5,0.3
2017-05-29 22:59:00+02:00,0.5,2.2,0.0,3.2,7.7,6.0,4.9,0.9,0.3,2.0,1.0,6.2,0.7,1.3,0.7,1.7,0.2,1.2,5.6,7.6,4.6,0.3,5.9,1.0,8.5,1.3,3.3,1.5,8.0,1.1,0.9,4.6,2.0,5.2,4.9,4.6,4.3,2.7,2.1,1.7,0.5,0.3
2017-05-29 23:00:00+02:00,0.5,1.5,0.0,2.5,7.1,5.3,4.2,0.9,0.3,1.9,1.1,5.5,0.7,1.3,0.7,1.6,0.2,1.1,4.9,7.0,4.0,0.3,5.1,1.0,8.0,1.5,2.7,1.5,7.5,1.0,1.0,3.9,1.3,4.1,3.9,3.5,3.2,1.6,1.1,1.7,0.4,0.2
2017-05-29 23:01:00+02:00,0.5,1.1,0.0,1.7,7.4,5.5,3.3,0.6,0.3,2.0,1.2,5.7,0.4,1.0,0.7,1.6,0.2,0.9,4.1,7.3,3.0,0.3,4.3,1.0,8.2,1.6,1.9,1.5,7.7,0.8,1.1,2.9,0.9,3.6,3.3,3.0,2.7,1.1,0.6,1.6,0.4,0.1
2017-05-29 23:02:00+02:00,0.5,1.5,0.0,2.0,7.3,5.4,3.6,0.5,0.3,2.1,1.2,5.6,0.4,0.9,0.7,1.6,0.2,0.8,4.4,7.2,3.2,0.2,4.6,1.0,8.1,1.7,2.2,1.5,7.6,0.7,1.1,3.1,1.3,3.6,3.4,3.1,2.8,1.3,0.6,1.6,0.4,0.2
2017-05-29 23:03:00+02:00,0.5,1.1,0.0,1.8,6.6,4.7,3.4,0.7,0.3,2.2,1.2,4.9,0.5,1.0,0.6,1.7,0.3,0.9,4.3,6.5,3.1,0.3,4.5,1.0,7.3,1.6,1.9,1.5,6.8,0.8,1.1,3.0,0.9,3.7,3.4,3.2,2.8,1.2,0.6,1.7,0.5,0.3
2017-05-29 23:04:00+02:00,0.5,1.3,0.0,1.8,7.6,5.8,4.5,0.8,0.3,2.2,1.2,5.9,0.5,2.1,0.5,1.7,0.3,1.9,5.3,7.5,4.1,0.2,5.5,1.0,8.3,1.6,1.9,1.6,7.9,1.8,1.0,4.0,1.1,3.5,3.3,3.0,2.7,1.2,0.6,1.5,0.5,0.2
2017-05-29 23:05:00+02:00,0.5,1.0,0.0,1.5,6.6,4.8,3.6,0.9,0.3,2.2,1.1,4.9,0.6,1.5,0.5,1.7,0.3,1.3,4.3,6.5,3.2,0.2,4.6,1.0,7.3,1.5,1.7,1.6,6.9,1.3,0.9,3.2,0.8,3.5,3.3,3.1,2.7,1.2,0.6,1.6,0.5,0.3
2017-05-29 23:06:00+02:00,0.5,1.0,0.0,1.5,6.7,4.9,3.8,0.9,0.3,2.2,1.2,5.0,0.6,1.7,0.5,1.7,0.3,1.6,4.5,6.6,3.4,0.2,4.7,1.0,7.5,1.6,1.6,1.6,7.0,1.5,0.9,3.4,0.8,3.7,3.4,3.2,2.8,1.1,0.6,1.8,0.5,0.3
2017-05-29 23:07:00+02:00,0.5,1.2,0.0,1.7,6.5,4.7,3.7,0.9,0.3,2.2,1.1,4.8,0.6,1.5,0.5,1.7,0.3,1.2,4.2,6.4,3.4,0.2,4.4,1.0,7.2,1.6,1.9,1.6,6.7,1.1,0.9,3.4,1.0,3.8,3.6,3.3,3.0,1.3,0.6,1.8,0.7,0.5
2017-05-29 23:08:00+02:00,0.5,1.2,0.0,1.8,6.3,4.7,3.6,0.9,0.3,2.3,1.0,4.8,0.6,1.4,0.5,1.8,0.3,1.0,4.1,6.2,3.4,0.2,4.4,1.1,7.0,1.5,2.0,1.6,6.6,0.9,0.8,3.4,1.1,3.2,3.0,2.6,2.3,1.1,0.6,1.2,0.7,0.5
2017-05-29 23:09:00+02:00,0.5,1.1,0.0,1.7,6.0,4.4,3.5,0.9,0.3,2.1,1.0,4.5,0.6,1.4,0.5,1.7,0.3,1.0,3.9,5.9,3.3,0.2,4.1,1.1,6.8,1.4,1.9,1.5,6.3,0.9,0.7,3.2,1.0,2.6,2.4,2.1,1.8,1.1,0.6,0.7,0.6,0.3
2017-05-29 23:10:00+02:00,0.6,0.9,0.0,1.5,6.0,4.3,3.2,0.7,0.3,2.1,1.0,4.4,0.4,1.2,0.5,1.6,0.3,0.9,3.8,5.9,3.0,0.2,4.0,1.2,6.8,1.4,1.7,1.5,6.3,0.8,0.7,2.9,0.8,2.8,2.6,2.5,2.1,1.2,0.6,0.9,0.6,0.3
2017-05-29 23:11:00+02:00,0.7,1.0,0.0,1.6,6.8,5.1,3.4,0.8,0.3,2.1,1.0,5.2,0.5,1.3,0.5,1.6,0.3,0.9,4.1,6.7,3.1,0.2,4.4,1.2,7.7,1.5,1.8,1.5,7.2,0.9,0.8,3.1,0.9,2.8,2.6,2.5,2.2,1.3,0.6,0.9,0.6,0.3
2017-05-29 23:12:00+02:00,0.6,0.9,0.0,1.5,10.7,7.8,4.2,1.8,0.3,2.0,2.1,7.9,1.5,2.4,0.5,1.5,0.3,2.1,5.2,10.6,4.0,0.2,5.4,1.1,11.6,2.7,1.6,1.3,11.1,2.0,1.8,4.0,0.7,2.5,2.3,2.2,1.9,1.1,0.6,0.8,0.6,0.3
2017-05-29 23:13:00+02:00,0.7,1.0,0.0,1.5,8.1,6.2,4.5,1.9,0.3,2.0,1.1,6.3,1.6,2.5,0.5,1.6,0.3,2.2,5.2,8.0,4.3,0.2,5.5,1.2,9.0,1.7,1.7,1.4,8.5,2.2,0.9,4.2,0.8,2.4,2.1,2.1,1.7,0.9,0.6,0.8,0.6,0.3
2017-05-29 23:14:00+02:00,0.6,0.9,0.0,1.5,7.7,6.0,4.5,1.9,0.3,2.0,1.0,6.1,1.6,2.6,0.5,1.6,0.3,2.2,5.4,7.6,4.2,0.2,5.6,1.1,8.6,1.5,1.6,1.4,8.1,2.2,0.7,4.2,0.7,2.3,2.1,2.1,1.7,0.9,0.6,0.8,0.6,0.3
2017-05-29 23:15:00+02:00,0.6,0.9,0.0,1.5,7.2,5.5,4.4,1.8,0.3,2.0,1.1,5.6,1.6,2.5,0.6,1.6,0.3,2.2,4.9,7.1,4.2,0.3,5.1,1.2,8.1,1.5,1.6,1.4,7.6,2.1,0.8,4.1,0.6,2.9,2.6,2.6,2.2,1.3,0.9,0.9,0.6,0.3
2017-05-29 23:16:00+02:00,0.9,1.2,0.0,1.7,6.7,5.2,4.2,1.1,0.3,2.4,1.0,5.3,0.9,1.8,0.5,1.8,0.3,1.5,4.5,6.6,3.8,0.2,4.8,1.4,7.6,1.3,2.0,1.6,7.1,1.5,0.7,3.7,0.9,2.3,2.1,2.1,1.7,0.8,0.4,0.9,0.7,0.4
2017-05-29 23:17:00+02:00,1.0,1.5,0.0,2.1,6.9,5.4,4.4,0.9,0.3,1.9,1.0,5.5,0.7,1.6,0.5,1.4,0.3,1.3,4.8,6.8,3.9,0.1,5.1,1.0,7.8,1.3,2.3,1.2,7.3,1.2,0.7,3.8,1.2,2.2,1.9,1.9,1.6,0.8,0.4,0.8,0.6,0.4
2017-05-29 23:18:00+02:00,1.0,1.4,0.0,2.0,7.2,5.5,4.3,0.9,0.3,2.0,1.0,5.6,0.7,1.6,0.5,1.4,0.2,1.2,4.9,7.0,3.9,0.1,5.2,1.0,8.1,1.4,2.2,1.2,7.6,1.1,0.7,3.8,1.1,2.1,1.9,1.8,1.6,0.8,0.5,0.7,0.6,0.4
2017-05-29 23:19:00+02:00,1.0,1.3,0.0,1.9,6.9,5.1,4.1,1.0,0.2,2.0,1.1,5.2,0.7,1.6,0.5,1.5,0.2,1.3,4.4,6.7,3.8,0.1,4.7,1.0,7.7,1.5,2.1,1.3,7.2,1.2,0.7,3.7,1.0,2.1,1.9,1.8,1.5,0.8,0.4,0.7,0.6,0.4
2017-05-29 23:20:00+02:00,0.7,1.4,0.0,2.0,7.3,5.5,4.3,1.0,0.2,1.9,1.2,5.5,0.6,1.6,0.5,1.3,0.2,1.3,4.8,7.2,4.0,0.1,5.1,0.7,8.1,1.6,2.2,1.1,7.6,1.2,0.7,3.8,1.1,2.0,1.8,1.7,1.4,0.7,0.3,0.7,0.6,0.4
2017-05-29 23:21:00+02:00,0.5,1.4,0.0,1.5,7.4,5.5,3.8,1.0,0.2,1.7,1.2,5.6,0.7,1.6,0.5,1.2,0.2,1.2,4.9,7.2,3.5,0.1,5.2,0.6,8.3,1.6,1.7,0.9,7.8,1.2,0.7,3.3,1.0,2.0,1.8,1.7,1.5,0.8,0.4,0.7,0.6,0.4
2017-05-29 23:22:00+02:00,0.5,1.1,0.0,1.2,6.6,4.8,3.3,1.0,0.2,1.8,1.2,4.9,0.7,1.4,0.5,1.3,0.2,1.2,4.2,6.4,3.0,0.1,4.5,0.6,7.6,1.6,1.4,1.0,6.9,1.2,0.7,2.8,0.8,2.0,1.8,1.8,1.5,0.8,0.4,0.7,0.6,0.4
2017-05-29 23:23:00+02:00,0.4,1.6,0.0,1.7,7.2,5.4,3.8,1.0,0.2,1.7,1.2,5.4,0.7,1.4,0.5,1.2,0.2,1.3,4.6,7.1,3.5,0.1,5.0,0.5,8.6,1.6,1.9,1.0,7.5,1.2,0.8,3.3,1.2,2.4,2.2,2.1,1.9,0.9,0.5,1.0,0.6,0.4
2017-05-29 23:24:00+02:00,0.5,1.5,0.0,1.7,7.1,5.2,3.7,1.0,0.3,1.6,1.2,5.3,0.7,1.4,0.5,1.1,0.2,1.2,4.4,6.9,3.4,0.2,4.8,0.6,7.9,1.6,1.8,0.9,7.3,1.2,0.8,3.2,1.2,2.9,2.6,2.5,2.3,0.9,0.5,1.5,0.6,0.3
2017-05-29 23:25:00+02:00,0.2,1.5,0.0,1.6,7.3,5.5,3.9,1.0,0.3,1.2,1.2,5.6,0.7,1.4,0.5,0.7,0.2,1.3,4.7,7.2,3.3,0.2,5.1,0.4,8.2,1.6,1.8,0.5,7.6,1.2,0.8,3.2,1.2,2.9,2.6,2.6,2.3,0.9,0.5,1.4,0.6,0.4
2017-05-29 23:26:00+02:00,0.1,0.8,0.0,0.9,6.5,4.8,2.9,1.0,0.3,1.1,1.2,4.8,0.7,1.4,0.5,0.5,0.2,1.2,3.7,6.4,2.6,0.2,4.0,0.2,7.3,1.6,1.1,0.3,6.8,1.2,0.8,2.5,0.6,2.8,2.5,2.5,2.2,0.8,0.5,1.4,0.6,0.3
2017-05-29 23:27:00+02:00,0.1,1.1,0.0,1.4,6.7,4.9,3.4,1.0,0.3,1.0,1.2,4.9,0.7,1.3,0.5,0.5,0.2,1.2,4.1,6.5,3.1,0.2,4.5,0.2,7.5,1.6,1.6,0.3,6.9,1.2,0.8,3.0,0.9,2.6,2.4,2.3,2.1,0.7,0.5,1.4,0.6,0.4
2017-05-29 23:28:00+02:00,0.1,1.3,0.0,1.8,7.0,5.3,3.7,0.9,0.3,1.0,1.2,5.3,0.7,1.3,0.5,0.6,0.2,1.2,4.5,6.9,3.4,0.2,4.9,0.2,7.9,1.6,2.1,0.4,7.3,1.1,0.8,3.4,1.1,2.5,2.3,2.2,2.0,0.6,0.4,1.4,0.6,0.4
2017-05-29 23:29:00+02:00,0.1,0.6,0.0,1.1,6.8,5.0,3.0,0.9,0.3,1.1,1.2,5.1,0.7,1.3,0.5,0.6,0.2,1.2,3.8,6.6,2.7,0.2,4.7,0.2,7.6,1.6,1.4,0.5,7.0,1.1,0.8,2.7,0.4,2.5,2.4,2.3,2.0,0.7,0.4,1.4,0.6,0.3
2017-05-29 23:30:00+02:00,0.1,2.3,0.0,2.7,7.8,6.1,4.7,0.9,0.2,1.1,1.2,6.1,0.7,1.3,0.5,0.6,0.2,1.1,5.4,7.7,4.4,0.2,5.7,0.2,8.7,1.6,3.0,0.4,8.1,1.1,0.8,4.3,2.1,2.9,2.6,2.5,2.3,1.5,0.3,0.8,0.6,0.4
2017-05-29 23:31:00+02:00,0.8,1.2,0.0,1.7,7.6,5.6,4.2,1.4,0.2,1.6,1.5,5.6,1.2,1.8,0.7,1.3,0.2,1.7,4.9,7.4,3.8,0.4,5.2,0.9,8.4,1.8,2.0,1.2,7.8,1.6,1.0,3.8,1.0,1.9,1.7,1.6,1.4,0.7,0.3,0.7,0.6,0.3
2017-05-29 23:32:00+02:00,1.3,0.7,0.0,0.9,7.0,4.9,3.5,1.5,0.2,2.4,1.5,5.0,1.4,1.9,0.7,2.1,0.2,1.8,4.2,6.9,3.1,0.4,4.6,1.7,7.9,1.9,1.1,1.9,7.4,1.8,1.1,3.0,0.5,1.8,1.6,1.6,1.3,0.6,0.3,0.7,0.6,0.3
2017-05-29 23:33:00+02:00,1.3,0.7,0.0,0.9,6.4,4.4,3.0,0.9,0.2,2.5,1.4,4.5,0.7,1.3,0.7,2.1,0.5,1.2,3.8,6.2,2.6,0.4,4.1,1.7,7.6,1.8,1.2,2.0,7.2,1.1,1.0,2.5,0.5,2.3,2.1,2.0,1.8,1.0,0.3,0.7,0.6,0.4
2017-05-29 23:34:00+02:00,0.6,0.8,0.0,1.3,6.6,4.8,3.3,0.7,0.2,1.8,1.2,4.9,0.5,1.1,0.6,1.4,0.3,0.9,4.1,6.5,2.9,0.4,4.5,1.0,7.9,1.6,1.8,1.2,7.4,0.9,0.9,2.8,0.5,1.9,1.7,1.6,1.3,0.6,0.3,0.7,0.6,0.4
2017-05-29 23:35:00+02:00,0.3,0.9,0.0,1.3,6.1,4.5,3.1,0.5,0.2,1.6,1.0,4.6,0.3,0.9,0.4,1.1,0.2,0.8,3.9,6.0,2.7,0.1,4.2,0.7,7.1,1.4,1.6,1.0,6.7,0.8,0.7,2.5,0.5,1.8,1.6,1.5,1.2,0.5,0.3,0.7,0.6,0.4
2017-05-29 23:36:00+02:00,0.3,0.9,0.0,1.0,5.8,4.1,2.7,0.5,0.2,1.7,1.0,4.2,0.3,0.9,0.4,1.2,0.1,0.8,3.4,5.6,2.2,0.1,3.8,0.8,6.7,1.5,1.2,1.1,6.3,0.7,0.8,2.1,0.5,1.8,1.5,1.5,1.2,0.5,0.3,0.7,0.6,0.4
2017-05-29 23:37:00+02:00,0.3,0.9,0.0,0.9,5.9,4.3,2.8,0.5,0.2,1.6,1.0,4.3,0.3,1.1,0.4,1.1,0.1,0.9,3.6,5.7,2.4,0.1,3.9,0.8,6.9,1.4,1.2,1.0,6.4,0.8,0.8,2.3,0.5,1.9,1.7,1.6,1.3,0.6,0.3,0.8,0.6,0.4
2017-05-29 23:38:00+02:00,0.4,0.8,0.0,0.9,5.3,3.7,2.7,0.5,0.2,1.5,1.0,3.8,0.3,1.1,0.4,1.1,0.1,0.9,3.0,5.1,2.3,0.1,3.4,0.8,6.2,1.4,1.1,1.0,5.8,0.8,0.7,2.2,0.5,2.6,2.4,2.3,1.3,0.6,0.3,0.8,0.6,0.4
2017-05-29 23:39:00+02:00,0.4,0.8,0.0,0.8,5.2,3.8,2.6,0.5,0.2,1.5,1.0,3.9,0.3,1.0,0.4,1.1,0.1,0.8,3.1,5.1,2.2,0.1,3.5,0.8,6.2,1.3,1.1,0.9,5.8,0.8,0.7,2.1,0.5,3.4,3.0,3.0,2.2,0.6,0.3,1.6,0.6,0.3
2017-05-29 23:40:00+02:00,0.3,1.1,0.0,1.2,6.4,4.7,3.3,0.8,0.2,1.7,1.0,4.8,0.6,1.3,0.4,1.1,0.1,1.2,4.1,6.2,2.9,0.1,4.4,0.7,7.3,1.4,1.4,0.9,6.9,1.1,0.7,2.7,0.8,3.4,3.0,2.9,2.6,0.6,0.4,1.9,0.5,0.3
2017-05-29 23:41:00+02:00,0.3,2.2,0.0,2.3,8.6,7.0,5.2,1.5,0.2,2.0,1.0,7.1,1.3,2.1,0.4,1.1,0.1,2.0,6.4,8.6,4.9,0.2,6.7,0.7,9.6,1.5,2.6,0.9,9.2,1.9,0.7,4.7,1.9,3.1,2.8,2.7,2.4,0.9,0.4,1.5,0.5,0.3
2017-05-29 23:42:00+02:00,0.4,2.2,0.0,2.3,7.7,6.2,4.8,1.3,0.2,1.4,1.0,6.2,1.1,1.6,0.4,1.1,0.1,1.5,5.6,7.6,4.4,0.2,5.9,0.8,8.7,1.4,2.6,0.9,8.2,1.4,0.7,4.2,2.0,2.4,2.1,2.0,1.7,0.7,0.4,1.0,0.6,0.3
2017-05-29 23:43:00+02:00,0.4,1.9,0.0,2.0,6.3,4.9,3.8,0.5,0.2,1.3,0.9,4.9,0.3,0.8,0.4,1.0,0.1,0.7,4.4,6.2,3.4,0.1,4.7,0.8,7.3,1.3,2.2,0.9,6.9,0.6,0.6,3.1,1.6,2.8,2.4,2.4,2.0,1.2,0.4,0.8,0.6,0.4
2017-05-29 23:44:00+02:00,0.4,1.0,0.0,1.1,5.4,4.1,2.9,0.6,0.2,1.4,0.9,4.1,0.3,0.9,0.4,1.1,0.1,0.7,3.5,5.3,2.5,0.1,3.9,0.8,6.5,1.2,1.3,0.9,6.0,0.7,0.6,2.2,0.7,3.2,2.9,2.7,2.4,1.6,0.4,0.8,0.6,0.4
2017-05-29 23:45:00+02:00,0.4,1.2,0.0,1.3,6.5,5.2,3.2,0.6,0.2,1.5,0.9,5.2,0.3,0.9,0.4,1.2,0.1,0.7,3.8,6.4,2.7,0.1,4.1,0.8,7.6,1.2,1.6,0.9,7.0,0.7,0.6,2.4,0.9,3.2,2.9,2.7,2.4,1.5,0.4,0.9,0.6,0.3
2017-05-29 23:46:00+02:00,0.4,1.2,0.0,2.2,7.9,6.4,4.6,1.4,0.2,1.6,1.0,6.5,1.2,1.7,0.5,1.1,0.8,1.6,5.2,7.8,4.4,0.2,5.5,0.7,9.4,1.4,2.5,0.9,8.4,1.5,0.7,4.1,1.0,2.0,1.7,1.6,1.3,0.4,0.3,0.9,0.6,0.3
2017-05-29 23:47:00+02:00,0.5,1.2,0.0,2.4,6.9,5.4,4.4,1.0,0.2,1.5,0.9,5.5,0.8,1.3,0.4,1.1,0.3,1.2,5.0,6.8,4.3,0.2,5.2,0.7,7.7,1.3,2.7,0.8,7.4,1.1,0.7,4.0,1.0,2.2,1.8,1.7,1.4,0.4,0.3,1.0,0.7,0.3
2017-05-29 23:48:00+02:00,0.5,1.2,0.0,2.0,6.3,4.9,3.9,0.8,0.2,1.6,1.0,4.9,0.6,1.1,0.5,1.1,0.1,1.0,4.4,6.2,3.7,0.2,4.6,0.8,7.2,1.4,2.3,0.9,6.7,1.0,0.7,3.5,1.0,2.2,1.8,1.7,1.4,0.4,0.3,1.0,0.6,0.3
2017-05-29 23:49:00+02:00,0.5,1.2,0.0,1.2,5.3,4.1,3.1,0.8,0.2,1.4,0.8,4.1,0.6,1.1,0.4,1.0,0.1,1.0,3.6,5.2,2.9,0.2,3.8,0.7,6.3,1.2,1.6,0.9,5.7,0.9,0.7,2.7,1.0,2.5,2.0,1.9,1.6,0.6,0.3,1.0,0.6,0.3
2017-05-29 23:50:00+02:00,0.5,1.2,0.0,1.3,5.3,4.0,3.1,0.8,0.1,1.4,0.8,4.1,0.6,1.2,0.4,1.0,0.1,1.0,3.6,5.2,2.9,0.2,3.8,0.7,6.2,1.2,1.6,0.9,5.7,1.0,0.7,2.8,1.0,2.8,2.3,2.2,1.9,1.0,0.4,1.0,0.6,0.3
2017-05-29 23:51:00+02:00,0.5,1.2,0.0,1.5,5.5,4.3,3.3,0.9,0.1,1.3,0.8,4.3,0.6,1.2,0.4,1.0,0.1,1.0,3.8,5.4,3.1,0.2,4.0,0.7,6.3,1.2,1.8,0.9,5.9,1.0,0.7,3.0,1.0,2.8,2.4,2.2,1.9,1.0,0.7,0.9,0.6,0.3
2017-05-29 23:52:00+02:00,0.5,1.2,0.0,1.5,5.6,4.3,3.4,0.9,0.1,1.4,0.8,4.4,0.7,1.2,0.4,1.0,0.1,1.1,3.9,5.5,3.2,0.2,4.1,0.7,6.4,1.2,1.8,0.9,5.9,1.0,0.7,3.0,1.0,2.5,2.1,1.9,1.6,0.7,0.6,0.9,0.6,0.3
2017-05-29 23:53:00+02:00,0.5,1.3,0.0,1.6,5.6,4.4,3.5,0.9,0.2,1.4,0.8,4.5,0.7,1.2,0.4,1.0,0.1,1.1,4.0,5.6,3.3,0.2,4.2,0.7,6.4,1.2,1.9,0.9,6.0,1.1,0.7,3.2,1.0,2.2,1.7,1.6,1.3,0.3,0.3,1.0,0.6,0.3
2017-05-29 23:54:00+02:00,0.5,1.3,0.1,1.6,5.5,4.2,3.4,0.9,0.2,1.4,0.8,4.3,0.7,1.1,0.5,1.0,0.2,1.1,3.8,5.4,3.3,0.2,4.0,0.7,6.3,1.2,2.0,0.9,5.9,1.0,0.7,3.1,1.0,2.1,1.8,1.7,1.4,0.3,0.3,1.1,0.8,0.3
2017-05-29 23:55:00+02:00,0.4,1.3,0.1,1.6,5.4,4.0,3.3,0.8,0.2,1.3,0.8,4.1,0.6,1.1,0.4,0.9,0.2,1.0,3.6,5.3,3.2,0.2,3.8,0.6,6.1,1.2,1.9,0.8,5.8,1.0,0.7,3.0,1.0,2.0,1.7,1.7,1.4,0.3,0.3,1.1,0.8,0.3
2017-05-29 23:56:00+02:00,0.4,1.3,0.0,1.6,5.5,4.0,3.3,0.9,0.2,1.3,0.9,4.2,0.6,1.1,0.5,0.9,0.2,1.0,3.6,5.4,3.1,0.2,3.8,0.6,6.3,1.3,1.9,0.8,5.9,0.9,0.7,3.0,1.0,2.0,1.7,1.7,1.4,0.3,0.3,1.1,0.7,0.3
2017-05-29 23:57:00+02:00,0.4,1.3,0.0,1.6,6.3,4.1,3.2,0.9,0.2,1.6,1.5,4.3,0.6,1.1,0.5,1.2,0.2,1.0,3.6,6.2,3.1,0.2,3.8,0.8,7.1,1.9,1.9,1.1,6.7,0.9,0.7,2.9,1.0,2.0,1.7,1.7,1.5,0.5,0.2,1.0,0.6,0.3
2017-05-29 23:58:00+02:00,0.4,1.3,0.0,1.6,6.0,4.1,3.2,0.8,0.2,2.3,1.2,4.3,0.6,1.1,0.5,1.8,0.2,1.0,3.6,5.9,3.1,0.2,3.8,1.5,7.2,1.6,1.9,1.7,6.8,0.9,0.8,2.9,1.0,2.1,1.8,1.8,1.5,0.6,0.2,0.9,0.6,0.3
2017-05-29 23:59:00+02:00,0.4,1.0,0.0,1.2,5.9,4.1,3.2,0.9,0.2,2.3,1.2,4.3,0.6,1.1,0.5,1.9,0.2,1.0,3.5,5.9,2.8,0.2,3.7,1.5,6.8,1.6,1.6,1.8,6.4,0.9,0.8,2.6,0.7,2.1,1.8,1.7,1.5,0.6,0.2,0.9,0.6,0.3
2017-05-30 00:00:00+02:00,0.4,1.5,0.0,1.8,7.2,5.5,4.6,0.8,0.2,1.7,1.0,5.7,0.6,1.0,0.5,1.3,0.1,0.9,4.9,7.1,3.2,0.2,5.2,0.9,8.0,1.4,2.1,1.2,7.6,0.8,0.7,3.1,1.2,2.1,1.9,1.8,1.5,0.6,0.2,1.0,0.6,0.3
2017-05-30 00:01:00+02:00,0.4,1.1,0.0,1.3,5.8,4.1,3.2,0.8,0.3,1.7,1.1,4.3,0.6,1.0,0.4,1.2,0.1,0.9,3.5,5.7,2.9,0.1,3.7,0.8,6.6,1.5,1.7,1.1,6.2,0.8,0.8,2.7,0.8,2.0,1.8,1.7,1.5,0.6,0.2,0.9,0.6,0.3
2017-05-30 00:02:00+02:00,0.4,1.6,0.0,2.0,7.0,5.3,4.5,0.9,0.3,1.4,1.2,5.5,0.6,1.1,0.4,0.9,0.1,0.9,4.8,7.0,4.1,0.1,5.0,0.6,8.0,1.5,2.4,0.8,7.6,0.9,0.8,3.5,1.3,2.1,1.8,1.7,1.5,0.6,0.2,0.9,0.6,0.3
2017-05-30 00:03:00+02:00,0.4,1.5,0.0,1.7,7.3,5.6,4.8,0.9,0.2,1.6,1.1,5.8,0.7,1.1,0.4,0.8,0.2,1.0,5.2,7.2,4.5,0.1,5.4,0.6,8.6,1.4,2.1,0.7,8.2,0.9,0.7,3.2,1.3,2.1,1.8,1.7,1.5,0.6,0.2,0.9,0.6,0.3
2017-05-30 00:04:00+02:00,0.4,1.2,0.0,1.4,6.6,5.1,4.3,0.8,0.1,1.4,0.9,5.2,0.7,1.0,0.4,0.9,0.2,0.9,4.6,6.5,4.0,0.1,4.8,0.6,7.8,1.3,1.7,0.8,7.5,0.8,0.6,2.7,0.9,2.0,1.7,1.7,1.5,0.6,0.2,0.9,0.6,0.3
2017-05-30 00:05:00+02:00,0.5,0.8,0.0,1.1,6.2,4.8,3.9,0.7,0.1,1.3,1.0,4.9,0.7,1.0,0.4,0.9,0.2,0.8,4.3,6.2,3.6,0.2,4.5,0.7,7.5,1.3,1.4,0.8,7.1,0.8,0.7,2.3,0.6,2.1,1.8,1.8,1.6,0.6,0.2,1.0,0.6,0.3
2017-05-30 00:06:00+02:00,0.5,1.0,0.0,1.2,6.5,5.0,4.1,0.7,0.1,1.3,1.0,5.1,0.7,1.0,0.4,0.9,0.2,0.8,4.5,6.4,3.8,0.2,4.7,0.7,7.7,1.4,1.5,0.8,7.4,0.8,0.7,2.5,0.7,2.1,1.8,1.8,1.6,0.6,0.2,1.0,0.7,0.4
2017-05-30 00:07:00+02:00,0.5,1.2,0.0,1.5,6.8,5.3,4.4,0.8,0.1,1.2,1.0,5.4,0.6,1.1,0.4,0.9,0.2,0.9,4.8,6.8,4.1,0.2,5.0,0.7,8.1,1.3,1.8,0.8,7.7,0.8,0.7,2.8,0.9,2.1,1.8,1.7,1.5,0.6,0.2,0.9,0.6,0.3
2017-05-30 00:08:00+02:00,0.5,0.9,0.1,1.1,7.1,5.6,4.1,0.8,0.1,1.2,1.0,5.7,0.6,1.1,0.5,0.9,0.2,0.9,4.5,7.1,3.8,0.2,4.8,0.7,8.5,1.4,1.4,0.8,8.1,0.9,0.7,2.5,0.6,2.2,1.9,1.8,1.5,0.6,0.3,0.9,0.6,0.3
2017-05-30 00:09:00+02:00,0.5,1.1,0.2,1.4,6.8,5.2,4.0,1.4,0.1,1.2,1.1,5.4,0.7,1.6,0.5,0.9,0.2,1.5,4.6,6.8,3.7,0.3,4.9,0.7,8.2,1.4,1.7,0.8,7.8,1.4,0.7,3.3,0.8,2.0,1.8,1.7,1.4,0.6,0.3,0.8,0.4,0.3
2017-05-30 00:10:00+02:00,0.8,0.9,0.2,1.3,7.1,5.5,4.1,1.8,0.1,1.6,1.1,5.7,0.7,1.9,0.6,1.2,0.2,1.8,5.0,7.1,3.7,0.3,5.3,1.0,8.4,1.4,1.6,1.2,8.0,1.8,0.7,3.5,0.7,1.9,1.7,1.6,1.3,0.6,0.3,0.7,0.4,0.3
2017-05-30 00:11:00+02:00,0.9,1.0,0.2,1.3,6.8,5.1,3.7,1.4,0.1,1.7,1.0,5.3,0.6,1.5,0.5,1.4,0.2,1.5,4.6,6.6,3.3,0.3,4.8,1.1,8.1,1.4,1.6,1.3,7.7,1.4,0.7,3.1,0.7,1.8,1.6,1.6,1.3,0.6,0.3,0.8,0.4,0.3
2017-05-30 00:12:00+02:00,0.9,1.1,0.2,1.4,6.7,5.0,3.6,0.8,0.1,1.7,1.0,5.1,0.6,1.0,0.5,1.4,0.1,0.9,4.4,6.5,3.3,0.3,4.6,1.1,8.0,1.4,1.7,1.3,7.6,0.9,0.8,2.6,0.8,1.8,1.7,1.7,1.4,0.6,0.3,0.8,0.5,0.4
2017-05-30 00:13:00+02:00,0.9,1.2,0.3,1.6,7.6,5.7,4.6,0.8,0.1,1.6,1.1,5.9,0.6,1.0,0.6,1.3,0.1,0.9,5.1,7.4,4.3,0.4,5.4,1.0,9.0,1.5,1.9,1.2,8.6,0.8,0.9,2.8,0.9,1.9,1.8,1.7,1.5,0.6,0.3,0.8,0.5,0.4
2017-05-30 00:14:00+02:00,0.9,1.4,0.3,1.8,7.4,5.5,4.9,0.8,0.3,1.7,1.1,5.7,0.6,1.4,0.6,1.4,0.1,0.9,5.0,7.2,4.6,0.4,5.2,1.0,8.7,1.4,2.1,1.2,8.3,0.8,0.8,3.4,1.1,2.3,2.2,2.1,1.9,0.6,0.3,1.3,0.9,0.8
2017-05-30 00:15:00+02:00,0.9,1.3,0.3,1.7,6.8,4.9,4.3,0.8,0.6,1.8,1.1,5.1,0.6,1.3,0.5,1.4,0.1,0.9,4.4,6.6,4.0,0.3,4.6,1.0,8.1,1.5,2.0,1.2,7.7,0.8,0.8,3.3,1.0,3.2,3.1,3.1,2.8,0.6,0.3,2.2,1.3,1.2
2017-05-30 00:16:00+02:00,1.2,1.4,0.3,1.8,8.0,5.9,5.3,1.6,0.8,2.2,1.4,6.0,1.4,2.1,0.7,1.7,0.1,1.6,5.4,7.8,4.9,0.5,5.6,1.4,9.3,1.8,2.1,1.6,8.8,1.6,1.1,4.2,1.2,2.0,1.9,1.9,1.7,0.5,0.2,1.1,0.5,0.3
2017-05-30 00:17:00+02:00,1.3,1.0,0.3,1.3,7.6,5.5,4.8,1.8,0.3,2.7,1.3,5.6,1.6,2.2,0.7,2.2,0.1,1.9,4.9,7.4,4.4,0.5,5.2,1.8,8.7,1.8,1.6,2.0,8.2,1.9,1.1,3.8,0.7,1.7,1.6,1.6,1.4,0.5,0.2,0.8,0.5,0.3
2017-05-30 00:18:00+02:00,1.5,0.9,0.3,1.3,7.4,5.3,4.6,1.9,0.3,2.9,1.3,5.5,1.7,2.1,0.7,2.4,0.1,1.9,4.7,7.3,4.2,0.5,5.0,2.0,8.0,1.8,1.5,2.2,7.5,1.9,1.0,3.6,0.7,1.7,1.6,1.6,1.3,0.5,0.2,0.7,0.4,0.3
2017-05-30 00:19:00+02:00,1.4,0.8,0.3,1.2,7.3,5.3,4.6,1.9,0.3,2.7,1.3,5.4,1.7,2.1,0.8,2.2,0.1,2.0,4.7,7.1,4.2,0.5,4.9,1.9,7.7,1.7,1.4,2.1,7.4,2.0,1.0,3.5,0.6,1.6,1.6,1.5,1.2,0.5,0.2,0.7,0.4,0.3
2017-05-30 00:20:00+02:00,1.7,0.8,0.3,1.1,7.1,5.1,4.4,2.0,0.3,2.9,1.2,5.2,1.7,2.1,0.7,2.4,0.2,2.0,4.5,6.9,4.1,0.5,4.8,2.2,7.5,1.7,1.3,2.4,7.2,2.0,1.0,3.5,0.6,1.6,1.5,1.5,1.2,0.5,0.2,0.7,0.4,0.3
2017-05-30 00:21:00+02:00,1.6,0.9,0.3,1.0,6.8,5.0,4.3,2.0,0.3,2.8,1.2,5.1,1.7,2.1,0.7,2.4,0.2,2.0,4.4,6.6,3.9,0.4,4.6,2.1,7.3,1.6,1.3,2.3,6.9,2.0,0.9,3.4,0.6,1.6,1.5,1.5,1.2,0.5,0.2,0.6,0.4,0.2
2017-05-30 00:22:00+02:00,1.6,0.9,0.3,1.0,6.6,4.8,4.2,2.0,0.2,2.8,1.2,4.9,1.7,2.1,0.7,2.4,0.2,2.0,4.3,6.4,3.8,0.5,4.5,2.1,7.1,1.5,1.3,2.3,6.7,2.0,1.0,3.4,0.6,2.4,2.4,2.3,2.1,0.5,0.2,1.6,1.3,0.2
2017-05-30 00:23:00+02:00,1.7,0.8,0.2,1.0,6.7,4.9,4.2,2.0,0.2,2.9,1.3,5.0,1.7,2.2,0.7,2.4,0.2,2.1,4.3,6.5,3.8,0.4,4.5,2.2,7.1,1.6,1.3,2.4,6.8,2.0,1.1,3.4,0.6,2.2,2.1,2.1,1.9,0.5,0.2,1.4,1.1,0.2
2017-05-30 00:24:00+02:00,1.7,0.9,0.2,1.1,6.8,5.0,4.3,2.0,0.2,2.9,1.2,5.1,1.7,2.1,0.7,2.4,0.1,2.0,4.5,6.6,4.0,0.4,4.7,2.2,7.2,1.5,1.4,2.3,6.9,2.0,1.0,3.5,0.6,1.5,1.4,1.4,1.2,0.5,0.2,0.7,0.3,0.2
2017-05-30 00:25:00+02:00,1.6,0.9,0.2,1.1,6.7,5.0,4.4,1.9,0.3,2.8,1.2,5.2,1.7,2.1,0.6,2.3,0.1,2.0,4.5,6.6,4.0,0.4,4.7,2.1,7.2,1.5,1.4,2.3,6.8,2.0,1.0,3.5,0.7,1.7,1.6,1.5,1.3,0.6,0.2,0.7,0.3,0.2
2017-05-30 00:26:00+02:00,1.7,0.8,0.2,1.0,5.8,4.2,3.5,1.1,0.3,2.8,1.2,4.3,0.9,1.3,0.6,2.4,0.1,1.2,3.6,5.7,3.2,0.4,3.9,2.2,6.3,1.4,1.3,2.4,5.9,1.2,1.0,2.7,0.7,2.0,1.9,1.8,1.5,0.8,0.4,0.8,0.4,0.3
2017-05-30 00:27:00+02:00,1.7,0.7,0.2,0.9,5.9,4.0,3.3,1.0,0.3,2.9,1.2,4.1,0.6,1.1,0.6,2.5,0.1,1.1,3.4,5.7,2.9,0.4,3.6,2.2,6.3,1.7,1.3,2.4,6.0,1.0,1.0,2.4,0.6,2.2,2.2,2.1,1.8,0.9,0.2,0.9,0.5,0.4
2017-05-30 00:28:00+02:00,1.7,0.7,0.2,0.9,6.1,4.2,3.4,1.0,0.2,2.9,1.2,4.3,0.6,1.2,0.7,2.5,0.1,1.0,3.6,5.9,3.1,0.4,3.9,2.2,6.6,1.6,1.3,2.4,6.2,1.0,1.0,2.4,0.6,2.2,2.2,2.1,1.9,1.0,0.2,0.9,0.5,0.4
2017-05-30 00:29:00+02:00,1.7,0.9,0.2,1.1,6.4,4.6,3.6,1.0,0.3,2.8,1.2,4.7,0.6,1.1,0.6,2.4,0.1,1.0,3.8,6.2,3.3,0.4,4.2,2.2,7.1,1.5,1.5,2.3,6.6,1.0,1.0,2.6,0.6,1.7,1.7,1.6,1.4,0.5,0.2,0.9,0.5,0.4
2017-05-30 00:30:00+02:00,1.7,0.8,0.2,1.1,6.5,4.5,3.6,1.0,0.3,2.8,1.2,4.7,0.6,1.2,0.6,2.5,0.1,1.0,3.8,6.2,3.3,0.4,4.1,2.2,7.1,1.6,1.5,2.3,6.6,1.0,1.0,2.7,0.6,1.7,1.6,1.6,1.3,0.5,0.2,0.9,0.5,0.4
2017-05-30 00:31:00+02:00,1.7,0.8,0.2,1.3,8.5,6.5,5.8,3.0,0.2,2.7,1.2,6.7,2.6,3.2,0.7,2.4,0.1,3.1,6.0,8.3,5.4,0.5,6.1,2.2,9.1,1.6,1.7,2.3,8.7,3.0,1.1,4.8,0.6,1.6,1.5,1.4,1.2,0.4,0.1,0.8,0.4,0.3
2017-05-30 00:32:00+02:00,1.6,0.8,0.2,1.1,8.3,6.4,5.7,3.1,0.2,2.4,1.2,6.6,2.8,3.3,0.7,2.1,0.1,3.1,5.9,8.1,5.3,0.5,6.0,1.8,9.0,1.5,1.4,2.0,8.4,3.1,1.1,4.6,0.6,1.6,1.6,1.5,1.3,0.4,0.1,0.8,0.5,0.3
2017-05-30 00:33:00+02:00,1.5,0.9,0.2,1.2,5.8,3.9,3.3,0.6,0.2,2.3,1.1,4.1,0.3,0.8,0.6,2.0,0.1,0.6,3.5,5.6,2.9,0.5,3.5,1.7,6.4,1.5,1.4,1.8,5.8,0.6,1.0,2.2,0.6,1.8,1.7,1.6,1.4,0.5,0.2,0.9,0.6,0.3
2017-05-30 00:34:00+02:00,0.3,1.1,0.2,1.7,6.2,4.4,3.8,0.5,0.4,1.2,1.1,4.5,0.3,0.6,0.6,0.8,0.1,0.5,4.0,5.9,3.3,0.5,4.0,0.6,6.9,1.4,1.9,0.7,6.2,0.5,1.0,2.6,0.7,1.8,1.7,1.6,1.4,0.5,0.2,0.9,0.6,0.3
2017-05-30 00:35:00+02:00,0.3,1.2,0.1,1.5,6.3,4.7,4.1,0.5,0.4,1.2,1.0,4.8,0.3,0.7,0.5,0.8,0.1,0.6,4.3,6.1,3.7,0.4,4.4,0.5,7.0,1.4,2.2,0.7,6.4,0.5,0.9,2.9,0.8,2.0,1.9,1.9,1.6,0.5,0.2,1.1,0.6,0.3
2017-05-30 00:36:00+02:00,0.3,1.1,0.1,1.4,5.9,4.3,3.7,0.6,0.5,1.2,1.0,4.4,0.3,0.7,0.5,0.7,0.1,0.6,3.9,5.7,3.3,0.4,4.0,0.5,6.6,1.3,1.9,0.6,5.9,0.6,0.9,2.6,0.8,2.5,2.4,2.3,2.1,0.5,0.2,1.6,0.6,0.3
2017-05-30 00:37:00+02:00,0.3,0.9,0.1,1.2,5.6,4.0,3.2,0.6,0.5,1.2,0.9,4.1,0.3,0.8,0.5,0.8,0.1,0.6,3.4,5.4,2.9,0.4,3.7,0.5,6.3,1.3,1.4,0.7,5.6,0.6,0.9,2.3,0.8,2.0,1.9,1.9,1.7,0.6,0.2,1.1,0.6,0.3
2017-05-30 00:38:00+02:00,0.3,1.0,0.1,1.3,6.4,5.1,3.4,0.6,0.4,1.2,0.7,5.1,0.3,0.8,0.5,0.8,0.1,0.6,3.6,6.3,3.0,0.4,4.7,0.5,7.1,1.1,1.5,0.7,6.4,0.6,0.6,2.3,0.8,1.8,1.7,1.7,1.5,0.6,0.2,0.9,0.5,0.3
2017-05-30 00:39:00+02:00,0.3,1.0,0.2,1.2,6.4,4.9,3.4,0.6,0.3,1.2,0.8,5.0,0.4,0.8,0.5,0.8,0.2,0.7,3.5,6.2,3.0,0.4,4.6,0.5,7.1,1.2,1.4,0.7,6.4,0.7,0.7,2.3,0.7,1.8,1.7,1.7,1.4,0.6,0.2,0.8,0.5,0.3
2017-05-30 00:40:00+02:00,0.5,0.9,0.2,1.1,6.7,4.1,3.4,0.6,0.2,1.5,1.9,4.2,0.4,0.8,0.9,1.0,0.2,0.7,3.5,6.4,2.9,0.7,3.7,0.7,7.4,2.2,1.3,0.9,6.7,0.6,1.7,2.1,0.6,1.8,1.7,1.7,1.4,0.6,0.2,0.8,0.5,0.3
2017-05-30 00:41:00+02:00,0.6,0.9,0.2,1.2,6.6,3.9,3.4,0.6,0.3,1.8,2.2,4.0,0.4,0.9,1.5,1.1,0.2,0.7,3.6,6.5,3.0,1.3,3.6,0.8,7.3,2.5,1.4,1.0,6.6,0.7,2.0,2.3,0.6,1.9,1.8,1.7,1.4,0.6,0.2,0.8,0.5,0.2
2017-05-30 00:42:00+02:00,0.6,1.0,0.2,1.2,5.1,3.7,3.4,0.6,0.3,1.9,0.8,3.8,0.4,0.9,0.5,1.1,0.2,0.7,3.6,5.0,3.0,0.4,3.6,0.8,5.8,1.2,1.5,1.0,5.1,0.7,0.6,2.3,0.6,1.8,1.7,1.6,1.3,0.4,0.2,0.8,0.5,0.3
2017-05-30 00:43:00+02:00,0.5,0.9,0.2,1.2,4.9,3.5,3.2,0.6,0.3,1.6,0.8,3.6,0.4,0.9,0.5,1.0,0.2,0.7,3.4,4.8,2.9,0.4,3.4,0.7,5.6,1.1,1.4,0.9,4.9,0.7,0.6,2.3,0.6,1.6,1.6,1.4,1.2,0.4,0.2,0.8,0.5,0.3
2017-05-30 00:44:00+02:00,0.5,1.0,0.1,1.2,4.9,3.6,3.3,0.6,0.3,2.6,0.7,3.7,0.4,0.9,0.4,2.0,0.2,0.7,3.5,4.7,2.9,0.3,3.5,1.7,5.6,1.1,1.5,1.9,4.9,0.7,0.5,2.3,0.6,1.6,1.5,1.4,1.1,0.4,0.2,0.7,0.4,0.2
2017-05-30 00:45:00+02:00,0.5,1.2,0.1,1.4,5.0,3.6,3.3,0.5,0.3,2.2,0.8,3.7,0.4,0.8,0.5,1.6,0.2,0.6,3.5,4.8,2.9,0.3,3.5,1.3,5.7,1.2,1.6,1.5,5.0,0.6,0.6,2.4,0.7,1.4,1.3,1.2,0.9,0.3,0.2,0.6,0.5,0.3
2017-05-30 00:46:00+02:00,0.5,1.1,0.1,1.3,6.0,3.7,3.3,0.7,0.3,1.5,1.8,3.8,0.6,1.0,1.4,1.0,0.2,0.8,3.5,5.9,3.0,0.3,3.6,0.7,6.7,2.1,1.6,0.9,6.0,0.8,1.6,2.5,0.8,1.3,1.3,1.1,0.9,0.3,0.1,0.6,0.5,0.3
2017-05-30 00:47:00+02:00,0.4,1.3,0.1,1.6,5.8,4.2,3.6,0.7,0.3,1.2,1.1,4.2,0.5,0.9,0.7,0.8,0.1,0.8,3.7,5.6,3.3,0.3,3.8,0.5,6.6,1.4,1.8,0.7,5.8,0.7,0.8,2.7,0.8,1.4,1.3,1.2,0.9,0.3,0.1,0.6,0.5,0.3
2017-05-30 00:48:00+02:00,0.5,1.0,0.1,1.3,6.2,3.8,3.2,0.7,0.3,1.3,1.9,3.8,0.5,0.9,0.5,0.8,0.1,0.8,3.4,6.0,2.9,0.3,3.5,0.5,6.9,2.2,1.5,0.7,6.2,0.7,0.7,2.4,0.8,1.4,1.3,1.2,0.9,0.3,0.1,0.6,0.5,0.3
2017-05-30 00:49:00+02:00,0.4,1.1,0.1,1.4,5.9,3.9,3.2,0.6,0.3,1.2,1.5,3.9,0.5,0.9,0.6,0.8,0.1,0.8,3.4,5.8,2.9,0.3,3.5,0.5,6.5,1.8,1.5,0.7,5.9,0.7,0.9,2.4,0.8,1.4,1.3,1.2,0.9,0.3,0.1,0.6,0.5,0.3
2017-05-30 00:50:00+02:00,0.4,1.1,0.1,1.3,5.8,3.9,3.1,0.6,0.3,1.2,1.3,4.0,0.5,0.9,0.7,0.8,0.1,0.8,3.3,5.6,2.9,0.3,3.5,0.5,6.3,1.6,1.5,0.7,5.8,0.7,0.9,2.3,0.8,1.4,1.3,1.2,0.9,0.3,0.1,0.6,0.5,0.3
2017-05-30 00:51:00+02:00,0.4,1.0,0.1,1.3,6.2,4.5,3.5,0.6,0.3,1.2,1.2,4.5,0.5,0.9,0.7,0.8,0.1,0.8,3.7,6.0,3.2,0.3,3.8,0.5,6.6,1.5,1.7,0.7,6.2,0.7,0.9,2.6,0.8,1.4,1.4,1.2,1.0,0.4,0.2,0.5,0.5,0.3
2017-05-30 00:52:00+02:00,0.5,1.1,0.1,1.3,6.8,5.1,4.2,0.7,0.3,1.2,1.1,5.1,0.5,0.9,0.7,0.8,0.1,0.8,4.4,6.6,4.0,0.3,4.6,0.5,7.2,1.5,2.5,0.7,6.8,0.7,0.9,3.4,0.8,1.4,1.3,1.2,0.9,0.4,0.2,0.5,0.5,0.3
2017-05-30 00:53:00+02:00,0.4,1.2,0.1,1.4,7.2,5.4,4.6,0.7,0.4,1.2,1.1,5.5,0.5,0.9,0.7,0.8,0.1,0.8,4.8,7.0,4.4,0.3,5.0,0.5,7.7,1.5,2.1,0.7,7.2,0.8,0.9,3.0,0.8,1.3,1.3,1.2,0.9,0.4,0.2,0.5,0.5,0.3
2017-05-30 00:54:00+02:00,0.4,1.1,0.0,1.3,6.9,5.2,4.5,1.3,0.4,1.1,1.1,5.3,1.2,1.7,0.6,0.8,0.1,1.6,4.6,6.7,4.2,0.2,4.8,0.5,7.4,1.5,1.4,0.7,7.0,1.5,0.8,3.1,0.8,2.7,2.7,2.7,2.4,0.4,0.2,2.0,0.5,0.3
2017-05-30 00:55:00+02:00,0.5,1.1,0.0,1.3,6.8,5.2,4.5,1.7,0.4,1.2,1.1,5.2,1.6,2.0,0.6,0.8,0.1,2.0,4.6,6.7,4.2,0.2,4.7,0.6,7.4,1.5,1.5,0.7,6.9,1.8,0.8,3.5,0.8,3.8,3.8,3.6,3.2,0.4,0.2,2.9,0.5,0.3
2017-05-30 00:56:00+02:00,0.4,1.0,0.0,1.3,5.5,4.1,3.4,0.7,0.4,1.0,0.9,4.1,0.6,1.0,0.5,0.7,0.1,0.9,3.5,5.4,3.2,0.2,3.6,0.5,6.0,1.3,1.5,0.6,5.6,0.8,0.8,2.4,0.8,1.8,1.8,1.5,1.2,0.4,0.2,0.9,0.5,0.2
2017-05-30 00:57:00+02:00,0.6,1.0,0.0,1.3,5.2,3.7,3.2,0.7,0.4,1.2,0.9,3.8,0.6,1.0,0.5,0.9,0.2,0.9,3.3,5.1,3.0,0.2,3.4,0.7,5.6,1.3,1.5,0.8,5.2,0.8,0.8,2.4,0.8,1.8,1.8,1.6,1.3,0.5,0.2,0.8,0.5,0.2
2017-05-30 00:58:00+02:00,0.4,0.9,0.0,1.2,4.8,3.3,2.7,0.7,0.3,1.0,0.9,3.3,0.6,1.1,0.5,0.7,0.2,0.9,2.8,4.8,2.5,0.2,3.0,0.4,5.3,1.4,1.4,0.6,4.9,0.8,0.8,2.4,0.7,1.8,1.8,1.6,1.3,0.5,0.2,0.8,0.5,0.3
2017-05-30 00:59:00+02:00,0.4,0.9,0.0,1.2,5.2,3.6,2.7,0.7,0.2,1.1,0.9,3.6,0.6,1.0,0.5,0.8,0.2,0.9,2.8,5.1,2.4,0.2,3.3,0.5,5.7,1.5,1.3,0.6,5.3,0.8,0.8,2.4,0.7,1.8,1.8,1.7,1.3,0.5,0.2,0.8,0.5,0.3
2017-05-30 01:00:00+02:00,0.5,0.7,0.0,1.0,5.4,4.1,2.5,0.8,0.2,1.3,0.9,4.2,0.6,1.1,0.5,0.9,0.2,0.9,2.6,5.3,2.3,0.2,3.8,0.6,5.9,1.2,1.1,0.7,5.5,0.9,0.8,2.2,0.4,1.8,1.7,1.6,1.3,0.4,0.1,0.9,0.5,0.2
2017-05-30 01:01:00+02:00,0.5,1.0,0.2,1.4,6.7,4.7,4.0,1.7,0.4,1.2,1.7,4.8,1.4,2.0,1.0,1.0,0.1,1.9,4.1,6.7,3.8,0.2,4.5,0.9,7.4,1.8,1.7,1.0,7.3,1.7,1.3,3.7,0.9,1.5,1.5,1.4,1.1,0.3,0.1,0.9,0.6,0.3
2017-05-30 01:02:00+02:00,0.5,1.1,0.2,1.5,6.4,3.8,3.1,0.7,0.4,1.2,2.3,4.0,0.4,0.9,1.8,1.1,0.1,0.8,3.3,6.3,2.9,0.2,3.6,0.9,6.9,2.4,1.9,1.0,6.6,0.7,2.1,2.8,0.9,1.5,1.4,1.4,1.1,0.3,0.1,0.8,0.5,0.3
2017-05-30 01:03:00+02:00,0.5,0.9,0.2,1.4,6.5,3.5,2.9,0.7,0.4,1.3,2.6,3.7,0.4,0.9,2.1,1.1,0.1,0.8,3.0,6.4,2.7,0.3,3.4,0.9,7.0,2.7,1.7,1.0,6.7,0.7,2.4,2.6,0.7,1.5,1.5,1.4,1.1,0.2,0.1,0.9,0.6,0.4
2017-05-30 01:04:00+02:00,0.4,0.8,0.2,1.2,7.3,4.5,3.9,0.6,0.4,1.2,2.5,4.7,0.4,0.9,2.0,1.1,0.1,0.8,4.0,7.2,3.7,0.3,4.3,0.8,7.7,2.5,1.6,1.0,7.5,0.7,2.3,2.6,0.6,1.7,1.5,1.5,1.1,0.2,0.1,0.9,0.6,0.3
2017-05-30 01:05:00+02:00,0.4,0.8,0.2,1.2,7.7,5.0,4.4,0.6,0.4,1.3,2.4,5.1,0.4,1.0,2.0,1.1,0.1,0.8,4.5,7.6,4.2,0.3,4.8,0.8,8.1,2.5,1.6,1.0,7.9,0.7,2.2,2.6,0.6,1.6,1.5,1.4,1.1,0.4,0.2,0.8,0.5,0.3
2017-05-30 01:06:00+02:00,0.4,0.8,0.2,1.2,8.2,4.5,3.9,0.5,0.4,1.4,3.5,4.6,0.4,0.9,3.0,1.1,0.1,0.7,4.0,8.1,3.7,0.3,4.3,0.8,8.6,3.6,1.6,1.0,8.4,0.6,3.3,2.4,0.6,1.6,1.5,1.4,1.1,0.4,0.2,0.8,0.5,0.3
2017-05-30 01:07:00+02:00,0.5,0.8,0.2,1.2,8.2,4.3,3.6,0.5,0.4,1.5,3.6,4.4,0.3,0.8,3.2,1.2,0.1,0.6,3.8,8.1,3.3,0.3,4.0,0.8,8.8,3.7,1.5,1.0,8.5,0.5,3.4,2.3,0.6,1.6,1.4,1.4,1.1,0.3,0.1,0.8,0.5,0.3
2017-05-30 01:08:00+02:00,0.4,0.8,0.2,1.1,7.6,3.7,3.0,0.6,0.4,1.4,3.6,3.8,0.4,0.8,3.1,1.1,0.1,0.6,3.1,7.5,2.6,0.3,3.4,0.8,8.0,3.7,1.4,1.0,7.6,0.6,3.4,2.3,0.6,1.5,1.4,1.4,1.1,0.2,0.1,0.8,0.5,0.3
2017-05-30 01:09:00+02:00,0.6,0.8,0.2,1.1,5.1,3.4,2.7,0.6,0.4,1.5,1.4,3.5,0.4,0.8,0.9,1.2,0.1,0.6,2.8,5.0,2.3,0.4,3.1,0.9,5.6,1.5,1.4,1.1,5.1,0.6,1.2,2.2,0.6,1.6,1.5,1.5,1.1,0.3,0.1,0.9,0.5,0.3
2017-05-30 01:10:00+02:00,0.3,0.8,0.2,1.2,5.4,3.9,3.2,0.7,0.4,1.2,1.1,4.0,0.4,0.9,0.8,0.9,0.1,0.8,3.4,5.4,2.8,0.4,3.6,0.7,5.9,1.4,1.5,0.8,5.5,0.7,0.9,2.4,0.6,1.5,1.4,1.3,1.1,0.3,0.1,0.8,0.5,0.3
2017-05-30 01:11:00+02:00,0.1,0.6,0.2,0.9,6.7,4.6,3.8,0.7,0.1,1.0,1.8,4.7,0.5,0.9,1.5,0.7,0.1,0.8,4.0,6.7,3.5,0.4,4.2,0.5,7.2,2.0,1.2,0.6,6.8,0.7,1.6,2.1,0.3,1.5,1.4,1.3,1.1,0.3,0.2,0.8,0.5,0.3
2017-05-30 01:12:00+02:00,0.1,0.6,0.2,0.9,7.9,4.5,4.0,0.8,0.1,1.0,2.9,4.7,0.4,1.0,2.6,0.7,0.1,0.9,4.1,7.8,3.6,0.4,4.2,0.4,8.3,3.1,1.2,0.6,7.9,0.8,2.7,2.2,0.3,1.6,1.5,1.4,1.1,0.3,0.2,0.8,0.5,0.3
2017-05-30 01:13:00+02:00,0.1,0.7,0.2,1.0,9.6,5.9,5.4,1.8,0.2,1.1,2.9,6.1,1.5,2.1,2.6,0.7,0.1,2.0,5.4,9.5,5.1,0.4,5.6,0.4,10.0,3.4,1.4,0.6,9.6,1.8,2.7,3.4,0.4,1.6,1.5,1.5,1.1,0.3,0.2,0.8,0.5,0.3
2017-05-30 01:14:00+02:00,0.1,0.9,0.2,1.2,10.6,5.6,5.1,1.9,0.2,1.1,3.0,5.7,1.5,2.1,2.6,0.7,0.1,2.0,5.1,10.5,4.8,0.4,5.3,0.4,11.1,4.8,1.5,0.6,10.7,1.9,2.8,3.6,0.6,1.6,1.5,1.5,1.2,0.3,0.2,0.9,0.5,0.4
2017-05-30 01:15:00+02:00,0.2,1.1,0.2,1.5,8.1,5.0,4.5,1.9,0.2,1.2,1.9,5.1,1.5,2.1,1.4,0.8,0.1,2.0,4.5,8.0,4.2,0.4,4.7,0.5,8.5,2.9,1.8,0.7,8.1,1.9,1.6,3.9,0.8,1.7,1.6,1.5,1.2,0.3,0.2,0.9,0.6,0.4
2017-05-30 01:16:00+02:00,0.4,1.0,0.1,1.4,7.2,4.9,4.4,1.8,0.2,1.3,1.9,5.1,1.5,2.0,1.4,1.0,0.1,1.9,4.4,7.1,4.1,0.4,4.6,0.7,7.6,2.1,1.7,0.9,7.3,1.8,1.6,3.6,0.8,1.7,1.6,1.6,1.3,0.3,0.2,1.0,0.6,0.4
2017-05-30 01:17:00+02:00,1.3,0.9,0.0,1.3,7.7,5.1,4.5,1.9,0.2,2.0,2.3,5.2,1.5,2.1,1.8,1.9,0.1,2.0,4.5,7.7,4.1,0.3,4.7,1.5,8.0,2.5,1.6,1.7,7.8,2.0,2.0,3.6,0.7,1.7,1.6,1.5,1.2,0.3,0.2,0.9,0.6,0.4
2017-05-30 01:18:00+02:00,1.4,0.9,0.0,1.2,7.8,5.0,4.4,1.8,0.2,2.2,2.5,5.1,1.5,2.0,2.0,2.0,0.1,1.8,4.5,7.8,4.0,0.2,4.7,1.7,8.2,2.6,1.5,1.9,7.9,1.8,2.2,3.5,0.7,1.7,1.6,1.5,1.2,0.3,0.2,0.9,0.6,0.4
2017-05-30 01:19:00+02:00,1.7,0.6,0.0,1.0,7.6,4.8,4.1,1.8,0.2,2.4,2.5,4.9,1.5,2.0,2.0,2.2,0.1,1.9,4.2,7.5,3.7,0.2,4.4,1.9,7.9,2.7,1.3,2.1,7.6,1.8,2.3,3.3,0.4,2.0,1.6,1.5,1.2,0.3,0.2,0.9,0.6,0.4
2017-05-30 01:20:00+02:00,2.3,0.6,0.0,1.1,7.8,5.0,4.4,1.9,0.2,3.2,2.5,5.1,1.5,2.2,2.0,3.0,0.1,2.0,4.5,7.8,4.0,0.2,4.7,2.6,8.2,2.6,1.4,2.8,7.9,2.0,2.2,3.5,0.4,1.7,1.4,1.4,1.1,0.3,0.2,0.8,0.5,0.3
2017-05-30 01:21:00+02:00,2.0,0.6,0.0,1.1,7.8,5.0,4.3,1.8,0.2,2.8,2.4,5.1,1.5,2.1,2.0,2.6,0.1,1.9,4.4,7.7,4.0,0.2,4.6,2.3,8.1,2.6,1.4,2.5,7.8,1.9,2.2,3.4,0.4,1.7,1.5,1.4,1.1,0.3,0.2,0.9,0.5,0.3
2017-05-30 01:22:00+02:00,2.0,0.6,0.0,1.1,7.7,4.8,4.3,1.9,0.2,2.8,2.5,4.9,1.5,2.1,2.1,2.6,0.1,2.0,4.3,7.6,4.1,0.2,4.6,2.3,8.0,2.7,1.4,2.5,7.8,2.0,2.3,3.6,0.4,1.5,1.2,1.2,0.9,0.3,0.2,0.6,0.5,0.3
2017-05-30 01:23:00+02:00,2.0,0.6,0.0,1.1,7.7,4.9,4.3,2.0,0.2,3.2,2.4,4.9,1.6,2.2,2.0,3.0,0.2,2.1,4.4,7.6,4.1,0.2,4.6,2.7,8.0,2.6,1.4,2.8,7.8,2.0,2.2,3.6,0.4,1.6,1.4,1.4,1.1,0.3,0.2,0.8,0.5,0.3
2017-05-30 01:24:00+02:00,2.0,0.6,0.0,1.1,6.4,4.8,4.2,1.9,0.2,2.7,1.1,4.9,1.6,2.1,0.7,2.5,0.2,2.0,4.3,6.3,4.1,0.2,4.5,2.2,6.7,1.4,1.4,2.4,6.5,1.9,0.9,3.5,0.4,1.5,1.4,1.3,1.0,0.3,0.2,0.8,0.5,0.3
2017-05-30 01:25:00+02:00,1.3,0.6,0.0,1.1,7.7,4.6,4.0,1.5,0.2,2.2,2.5,4.7,1.2,1.8,2.1,2.0,0.2,1.6,4.1,7.6,3.9,0.2,4.3,1.5,8.1,2.9,1.4,1.9,7.8,1.6,2.3,3.2,0.4,1.4,1.3,1.3,1.0,0.3,0.2,0.7,0.5,0.3
2017-05-30 01:26:00+02:00,0.5,0.6,0.0,1.1,6.9,3.9,3.3,0.8,0.1,2.2,2.5,4.0,0.5,1.0,2.1,2.0,0.2,0.9,3.4,6.8,3.1,0.2,3.6,0.7,7.3,2.8,1.4,1.9,7.0,0.9,2.3,2.5,0.3,1.5,1.4,1.4,1.0,0.3,0.2,0.7,0.5,0.3
2017-05-30 01:27:00+02:00,0.5,0.7,0.0,1.3,7.0,3.8,3.3,0.8,0.3,1.3,2.5,4.0,0.5,1.0,2.1,1.1,0.2,0.9,3.3,6.8,3.0,0.2,3.5,0.6,7.3,2.8,1.6,1.0,7.1,0.9,2.3,2.6,0.5,1.4,1.3,1.3,1.1,0.3,0.2,0.7,0.5,0.3
2017-05-30 01:28:00+02:00,0.8,1.0,0.0,1.6,8.0,4.9,4.3,1.6,0.1,1.2,2.5,5.0,1.3,1.8,2.1,1.0,0.2,1.7,4.4,7.8,4.1,0.2,4.6,0.8,8.3,2.8,1.9,0.9,8.1,1.7,2.3,3.7,0.8,1.4,1.3,1.3,1.1,0.3,0.2,0.8,0.5,0.3
2017-05-30 01:29:00+02:00,1.4,1.9,0.0,2.5,8.8,5.6,5.0,1.4,0.2,1.9,2.5,5.7,1.1,1.6,2.2,1.7,0.2,1.5,5.0,8.6,4.8,0.2,5.3,1.5,9.1,2.9,2.8,1.6,8.9,1.4,2.3,4.4,1.7,1.4,1.3,1.3,1.1,0.3,0.2,0.8,0.4,0.2
2017-05-30 01:30:00+02:00,1.4,0.7,0.0,1.2,7.5,4.3,3.7,1.3,0.2,1.9,2.5,4.5,1.1,1.6,2.1,1.7,0.2,1.5,3.8,7.4,3.5,0.2,4.0,1.5,7.8,2.9,1.6,1.6,7.6,1.4,2.3,3.2,0.4,1.4,1.3,1.2,1.0,0.2,0.1,0.7,0.3,0.2
2017-05-30 01:31:00+02:00,0.6,0.8,0.0,1.4,7.7,4.4,3.7,1.4,0.3,1.0,2.6,4.6,1.2,1.7,2.1,0.9,0.1,1.6,3.8,7.5,3.5,0.2,4.1,0.7,8.0,3.0,1.7,0.8,7.8,1.5,2.4,3.4,0.6,1.6,1.5,1.4,1.1,0.2,0.1,0.9,0.3,0.2
2017-05-30 01:32:00+02:00,0.5,0.6,0.0,1.1,6.2,4.1,3.5,1.4,0.2,0.9,1.4,4.3,1.3,1.7,0.9,0.7,0.1,1.6,3.6,6.0,3.3,0.2,3.8,0.6,6.7,1.7,1.5,0.7,6.3,1.5,1.2,3.2,0.4,1.7,1.6,1.5,1.2,0.2,0.1,1.0,0.4,0.2
2017-05-30 01:33:00+02:00,0.5,0.8,0.0,1.3,5.7,4.2,3.7,1.4,0.3,0.8,0.7,4.4,1.3,1.7,0.3,0.7,0.1,1.6,3.7,5.5,3.5,0.2,3.9,0.5,6.6,1.1,1.6,0.6,5.8,1.6,0.5,3.4,0.6,1.8,1.7,1.6,1.3,0.2,0.1,1.1,0.4,0.2
2017-05-30 01:34:00+02:00,0.4,0.8,0.0,1.3,5.8,4.4,3.7,1.5,0.3,0.9,0.7,4.5,1.3,1.7,0.3,0.7,0.1,1.6,3.8,5.6,3.5,0.2,4.0,0.5,6.1,1.1,1.7,0.6,5.9,1.6,0.5,3.4,0.6,1.7,1.6,1.5,1.2,0.2,0.1,0.9,0.4,0.2
2017-05-30 01:35:00+02:00,0.4,0.7,0.0,1.1,5.4,4.2,3.5,1.4,0.2,0.9,0.7,4.3,1.3,1.7,0.3,0.8,0.1,1.6,3.6,5.3,3.3,0.2,3.9,0.5,5.9,1.0,1.4,0.6,5.6,1.5,0.5,3.2,0.5,1.9,1.9,1.8,1.4,0.3,0.1,1.1,0.5,0.2
2017-05-30 01:36:00+02:00,0.4,0.7,0.0,1.1,5.3,4.1,3.4,1.2,0.3,0.7,0.7,4.2,1.1,1.5,0.3,0.7,0.1,1.4,3.5,5.2,3.1,0.2,3.8,0.4,5.7,1.0,1.5,0.6,5.5,1.3,0.5,3.0,0.5,1.6,1.5,1.4,1.1,0.3,0.1,0.8,0.5,0.2
2017-05-30 01:37:00+02:00,0.4,0.6,0.0,1.1,4.6,3.3,2.8,0.8,0.2,0.8,0.7,3.5,0.7,1.1,0.3,0.7,0.1,1.0,2.9,4.5,2.7,0.2,3.1,0.5,5.0,1.1,1.4,0.6,4.8,0.9,0.5,2.5,0.5,1.6,1.6,1.5,1.1,0.4,0.2,0.8,0.5,0.2
2017-05-30 01:38:00+02:00,0.4,0.6,0.0,1.1,4.2,3.0,2.4,0.5,0.2,0.8,0.7,3.1,0.4,0.7,0.3,0.7,0.1,0.6,2.5,4.1,2.3,0.2,2.7,0.5,4.5,1.1,1.4,0.7,4.3,0.6,0.4,2.2,0.5,1.7,1.6,1.5,1.3,0.4,0.2,0.9,0.6,0.3
2017-05-30 01:39:00+02:00,0.4,0.7,0.0,1.1,4.4,3.1,2.4,0.5,0.2,0.8,0.7,3.2,0.4,0.8,0.3,0.7,0.1,0.6,2.5,4.3,2.3,0.2,2.8,0.5,4.7,1.1,1.5,0.7,4.5,0.6,0.5,2.2,0.5,1.5,1.5,1.4,1.2,0.4,0.2,0.8,0.5,0.2
2017-05-30 01:40:00+02:00,0.3,0.7,0.0,1.1,4.4,3.1,2.4,0.6,0.2,0.7,0.7,3.2,0.4,0.8,0.3,0.6,0.1,0.7,2.5,4.3,2.3,0.2,2.7,0.4,4.7,1.1,1.4,0.6,4.4,0.7,0.5,2.2,0.5,1.4,1.4,1.3,1.1,0.4,0.2,0.7,0.4,0.2
2017-05-30 01:41:00+02:00,0.2,0.7,0.0,1.1,4.6,3.2,2.5,0.7,0.2,0.6,0.8,3.4,0.4,0.9,0.4,0.6,0.1,0.8,2.6,4.5,2.5,0.2,2.9,0.3,5.0,1.2,1.4,0.5,4.7,0.8,0.5,2.4,0.5,1.3,1.3,1.2,1.0,0.3,0.1,0.7,0.5,0.2
2017-05-30 01:42:00+02:00,0.2,0.7,0.0,1.1,6.4,3.2,2.5,0.7,0.2,0.8,2.5,3.3,0.4,0.9,2.2,0.7,0.1,0.8,2.6,6.2,2.4,0.2,2.9,0.5,6.7,2.9,1.4,0.7,6.4,0.8,2.3,2.3,0.5,1.3,1.3,1.2,1.0,0.3,0.1,0.7,0.5,0.2
2017-05-30 01:43:00+02:00,0.2,0.7,0.0,1.0,6.9,3.6,2.9,1.1,0.2,0.8,2.6,3.7,0.9,1.4,2.3,0.7,0.1,1.3,3.0,6.7,2.9,0.2,3.3,0.5,7.2,3.0,1.3,0.6,6.9,1.2,2.5,2.7,0.5,1.3,1.3,1.2,1.0,0.2,0.1,0.8,0.5,0.2
2017-05-30 01:44:00+02:00,0.2,0.6,0.0,1.0,6.8,3.6,3.0,1.3,0.1,0.8,2.6,3.8,1.1,1.5,2.2,0.7,0.1,1.4,3.1,6.7,2.9,0.2,3.3,0.5,7.2,3.0,1.3,0.7,6.9,1.3,2.4,2.8,0.4,1.4,1.4,1.3,1.0,0.2,0.1,0.8,0.5,0.2
2017-05-30 01:45:00+02:00,0.2,0.7,0.0,1.1,5.5,3.1,2.5,0.8,0.2,0.8,1.8,3.3,0.6,0.9,1.3,0.7,0.1,0.9,2.6,5.3,2.4,0.2,2.8,0.5,5.8,2.1,1.4,0.6,5.5,0.8,1.5,2.3,0.5,1.3,1.3,1.2,1.0,0.2,0.1,0.8,0.5,0.2
2017-05-30 01:46:00+02:00,0.2,0.7,0.0,1.1,5.6,3.2,2.6,0.8,0.2,0.9,1.7,3.4,0.6,1.0,1.3,0.7,0.1,0.9,2.6,5.4,2.5,0.2,2.9,0.5,5.9,2.0,1.5,0.7,5.6,0.9,1.4,2.4,0.5,1.3,1.3,1.2,0.9,0.2,0.1,0.8,0.5,0.2
2017-05-30 01:47:00+02:00,0.2,0.8,0.0,1.2,5.2,3.2,2.7,0.8,0.3,0.9,1.3,3.5,0.6,1.0,0.9,0.8,0.1,0.9,2.8,5.1,2.6,0.2,3.0,0.6,5.5,1.6,1.6,0.7,5.2,0.9,1.0,2.6,0.6,1.3,1.3,1.2,0.9,0.2,0.1,0.7,0.4,0.2
2017-05-30 01:48:00+02:00,0.2,0.6,0.0,1.0,4.8,3.1,2.5,0.8,0.3,1.0,1.0,3.3,0.6,1.0,0.6,0.8,0.1,0.9,2.6,4.7,2.5,0.2,2.9,0.6,5.0,1.3,1.4,0.8,4.8,0.9,0.7,2.4,0.5,1.3,1.2,1.1,0.9,0.2,0.2,0.6,0.3,0.2
2017-05-30 01:49:00+02:00,0.2,0.5,0.0,0.8,4.5,2.9,2.4,0.9,0.2,0.9,1.0,3.1,0.6,1.0,0.6,0.8,0.1,1.0,2.4,4.4,2.3,0.2,2.7,0.6,4.8,1.3,1.2,0.7,4.6,0.9,0.7,2.2,0.3,1.3,1.2,1.2,0.9,0.3,0.2,0.7,0.4,0.1
2017-05-30 01:50:00+02:00,0.2,0.5,0.0,0.8,4.4,2.9,2.3,0.8,0.2,0.8,1.0,2.9,0.6,1.0,0.6,0.7,0.1,1.0,2.3,4.3,2.2,0.2,2.6,0.5,4.7,1.3,1.2,0.7,4.5,0.9,0.7,2.2,0.3,1.6,1.6,1.5,1.2,0.5,0.2,0.8,0.4,0.1
2017-05-30 01:51:00+02:00,0.3,0.5,0.0,0.8,4.2,2.8,2.3,0.8,0.2,0.9,0.9,2.9,0.6,0.9,0.6,0.8,0.1,0.9,2.3,4.1,2.2,0.2,2.6,0.6,4.5,1.2,1.2,0.8,4.3,0.8,0.7,2.1,0.3,1.7,1.7,1.6,1.4,0.5,0.2,0.9,0.4,0.1
2017-05-30 01:52:00+02:00,0.3,0.5,0.0,0.8,4.1,2.7,2.1,0.7,0.2,0.9,0.9,2.8,0.5,0.9,0.6,0.8,0.1,0.9,2.2,4.0,1.9,0.2,2.4,0.6,4.5,1.2,1.0,0.8,4.2,0.8,0.7,1.9,0.3,1.6,1.6,1.5,1.3,0.5,0.2,0.8,0.4,0.1
2017-05-30 01:53:00+02:00,0.2,0.5,0.0,0.8,4.3,2.7,2.1,0.7,0.2,0.9,0.9,2.7,0.5,0.9,0.6,0.8,0.1,0.9,2.2,4.1,1.9,0.2,2.4,0.6,4.6,1.4,1.0,0.8,4.3,0.8,0.8,1.9,0.3,1.6,1.5,1.5,1.2,0.5,0.2,0.8,0.4,0.1
2017-05-30 01:54:00+02:00,0.2,0.5,0.0,0.8,4.3,2.7,2.1,0.7,0.2,0.9,0.9,2.8,0.6,0.9,0.6,0.8,0.2,0.9,2.2,4.1,1.9,0.2,2.5,0.6,4.6,1.4,1.0,0.7,4.4,0.8,0.7,1.9,0.3,1.6,1.5,1.5,1.2,0.5,0.2,0.7,0.4,0.1
2017-05-30 01:55:00+02:00,0.2,0.5,0.0,0.8,4.4,2.7,2.2,0.8,0.2,0.9,0.9,2.8,0.6,1.0,0.6,0.7,0.2,0.9,2.2,4.2,2.0,0.2,2.5,0.6,4.7,1.4,1.0,0.7,4.5,0.9,0.7,1.9,0.4,1.4,1.4,1.4,1.1,0.5,0.2,0.6,0.3,0.1
2017-05-30 01:56:00+02:00,0.2,0.4,0.0,0.7,4.3,2.6,2.1,0.8,0.1,0.9,0.8,2.7,0.6,1.0,0.6,0.7,0.2,0.9,2.2,4.1,1.9,0.2,2.4,0.6,4.6,1.4,0.9,0.7,4.4,0.9,0.7,1.9,0.3,1.5,1.4,1.4,1.1,0.5,0.2,0.6,0.3,0.1
2017-05-30 01:57:00+02:00,0.2,0.4,0.0,0.7,4.0,2.5,2.0,0.8,0.1,0.6,0.8,2.6,0.6,0.9,0.6,0.4,0.2,0.9,2.1,4.0,1.9,0.2,2.3,0.2,4.3,1.4,0.8,0.4,4.1,0.9,0.7,1.8,0.3,1.4,1.4,1.3,1.1,0.4,0.1,0.7,0.4,0.1
2017-05-30 01:58:00+02:00,0.2,0.4,0.0,0.6,3.8,2.3,1.8,0.6,0.1,0.6,0.9,2.4,0.4,0.8,0.6,0.4,0.2,0.8,1.9,3.7,1.7,0.2,2.2,0.3,4.0,1.3,0.8,0.4,3.8,0.7,0.7,1.6,0.3,1.2,1.2,1.1,1.0,0.4,0.1,0.6,0.4,0.1
2017-05-30 01:59:00+02:00,0.2,0.4,0.0,0.6,3.6,2.4,1.9,0.7,0.1,0.6,0.9,2.5,0.5,0.9,0.6,0.5,0.2,0.8,2.0,3.6,1.8,0.2,2.3,0.2,3.9,1.1,0.8,0.4,3.7,0.8,0.7,1.7,0.3,1.2,1.2,1.1,1.0,0.4,0.1,0.6,0.4,0.1
2017-05-30 02:00:00+02:00,0.2,0.4,0.0,0.6,3.6,2.4,1.8,0.6,0.1,0.6,0.9,2.4,0.4,0.8,0.6,0.5,0.2,0.7,1.9,3.6,1.7,0.2,2.2,0.2,3.9,1.1,0.8,0.4,3.6,0.7,0.8,1.7,0.3,1.2,1.2,1.1,1.0,0.4,0.1,0.6,0.3,0.1
2017-05-30 02:01:00+02:00,0.2,0.4,0.0,0.7,3.7,2.5,1.9,0.6,0.1,0.7,0.9,2.5,0.4,0.9,0.7,0.5,0.2,0.8,2.0,3.7,1.8,0.2,2.3,0.2,4.0,1.2,0.9,0.4,3.8,0.7,0.8,1.7,0.3,1.1,1.1,1.0,0.9,0.4,0.1,0.5,0.3,0.1
2017-05-30 02:02:00+02:00,0.2,0.5,0.0,0.8,4.5,2.6,2.0,0.7,0.1,0.6,1.6,2.6,0.4,0.9,1.4,0.4,0.2,0.8,2.1,4.5,1.9,0.2,2.4,0.2,4.7,1.8,0.9,0.4,4.5,0.8,1.4,1.9,0.3,1.1,1.1,1.0,0.9,0.4,0.1,0.5,0.3,0.1
2017-05-30 02:03:00+02:00,0.2,0.4,0.1,0.7,4.7,2.5,2.0,0.7,0.1,0.6,1.8,2.5,0.4,0.9,1.7,0.5,0.2,0.8,2.0,4.7,1.9,0.1,2.3,0.2,5.0,2.1,0.9,0.4,4.8,0.8,1.7,1.8,0.2,1.1,1.1,1.0,0.9,0.4,0.1,0.5,0.3,0.1
2017-05-30 02:04:00+02:00,0.2,0.4,0.1,0.7,4.7,2.5,1.9,0.7,0.1,0.6,1.8,2.6,0.4,0.9,1.6,0.5,0.2,0.8,2.0,4.7,1.8,0.1,2.3,0.3,5.0,2.1,0.9,0.4,4.8,0.8,1.6,1.8,0.2,1.1,1.1,1.0,0.9,0.4,0.1,0.5,0.3,0.1
2017-05-30 02:05:00+02:00,0.2,0.5,0.1,0.7,4.7,2.5,1.9,0.6,0.1,0.7,1.8,2.6,0.4,0.9,1.6,0.5,0.2,0.8,2.0,4.7,1.8,0.1,2.3,0.3,5.0,2.1,0.9,0.4,4.8,0.8,1.7,1.8,0.3,1.2,1.2,1.1,1.0,0.5,0.1,0.5,0.3,0.1
2017-05-30 02:06:00+02:00,0.1,0.5,0.0,0.7,4.7,2.5,1.9,0.6,0.1,0.6,1.8,2.6,0.4,0.9,1.6,0.4,0.2,0.8,1.9,4.7,1.7,0.1,2.2,0.2,5.0,2.1,0.8,0.4,4.8,0.7,1.7,1.7,0.3,1.2,1.2,1.1,1.0,0.5,0.1,0.6,0.3,0.1
2017-05-30 02:07:00+02:00,0.1,0.5,0.0,0.7,4.7,2.5,1.9,0.6,0.1,0.7,1.8,2.6,0.4,0.9,1.6,0.5,0.2,0.8,2.0,4.7,1.7,0.1,2.3,0.3,5.0,2.1,0.8,0.4,4.8,0.7,1.7,1.7,0.3,1.2,1.1,1.1,1.0,0.4,0.1,0.6,0.3,0.1
2017-05-30 02:08:00+02:00,0.2,0.5,0.0,0.7,4.8,2.6,2.0,0.6,0.1,0.8,1.8,2.7,0.4,0.8,1.7,0.5,0.2,0.7,2.0,4.8,1.7,0.1,2.3,0.3,5.0,2.2,0.9,0.4,4.9,0.7,1.7,1.7,0.3,1.2,1.2,1.1,1.0,0.5,0.1,0.6,0.3,0.1
2017-05-30 02:09:00+02:00,0.2,0.4,0.0,0.7,4.7,2.5,1.9,0.5,0.1,0.8,1.8,2.6,0.4,0.8,1.7,0.5,0.1,0.7,1.9,4.7,1.7,0.1,2.2,0.3,4.9,2.2,0.9,0.5,4.8,0.7,1.7,1.7,0.3,1.2,1.2,1.1,1.0,0.5,0.2,0.6,0.3,0.1
2017-05-30 02:10:00+02:00,0.2,0.4,0.0,0.7,5.3,3.0,2.4,1.2,0.1,0.8,1.8,3.1,1.0,1.4,1.6,0.6,0.1,1.3,2.4,5.2,2.3,0.1,2.7,0.3,5.4,2.2,0.9,0.5,5.3,1.3,1.7,2.2,0.3,1.2,1.2,1.1,1.0,0.5,0.2,0.6,0.3,0.1
2017-05-30 02:11:00+02:00,0.2,0.5,0.0,0.7,5.5,3.3,2.7,1.4,0.1,0.8,1.8,3.3,1.4,1.7,1.6,0.6,0.1,1.7,2.8,5.5,2.7,0.1,3.1,0.3,5.7,2.2,0.9,0.5,5.6,1.6,1.7,2.6,0.3,1.1,1.1,1.0,1.0,0.5,0.2,0.5,0.2,0.1
2017-05-30 02:12:00+02:00,0.2,0.6,0.0,0.8,5.6,3.4,2.8,1.5,0.1,0.8,1.8,3.4,1.4,1.7,1.6,0.6,0.1,1.6,2.9,5.5,2.7,0.1,3.2,0.3,5.8,2.1,1.0,0.5,5.7,1.6,1.6,2.7,0.4,1.1,1.1,1.0,1.0,0.6,0.2,0.4,0.2,0.1
2017-05-30 02:13:00+02:00,0.2,0.7,0.0,0.9,4.8,2.5,1.9,0.5,0.2,0.8,1.8,2.6,0.4,0.7,1.6,0.6,0.1,0.7,2.0,4.7,1.9,0.1,2.3,0.3,5.0,2.1,1.1,0.5,4.8,0.6,1.6,1.8,0.5,1.1,1.1,1.1,1.0,0.6,0.2,0.4,0.2,0.1
2017-05-30 02:14:00+02:00,0.2,0.6,0.0,0.9,4.8,2.5,1.9,0.5,0.2,0.7,1.7,2.6,0.4,0.7,1.6,0.5,0.1,0.6,2.0,4.7,1.9,0.1,2.3,0.3,5.0,2.1,1.1,0.5,4.8,0.6,1.6,1.8,0.5,1.1,1.1,1.1,1.1,0.6,0.2,0.5,0.2,0.1
2017-05-30 02:15:00+02:00,0.2,0.6,0.0,0.9,5.6,3.3,2.7,1.2,0.2,0.7,1.8,3.3,1.1,1.4,1.6,0.5,0.1,1.3,2.8,5.5,2.6,0.1,3.1,0.2,5.8,2.2,1.1,0.4,5.6,1.3,1.6,2.6,0.5,1.2,1.2,1.2,1.1,0.6,0.2,0.5,0.3,0.1
2017-05-30 02:16:00+02:00,0.2,0.7,0.0,1.0,5.4,3.1,2.6,1.0,0.2,0.8,1.8,3.2,0.9,1.2,1.5,0.5,0.1,1.1,2.6,5.3,2.5,0.1,2.9,0.3,5.6,2.2,1.2,0.5,5.5,1.0,1.6,2.4,0.5,1.2,1.2,1.1,1.1,0.6,0.2,0.5,0.3,0.1
2017-05-30 02:17:00+02:00,0.2,0.5,0.0,0.7,3.9,2.6,2.0,0.8,0.2,0.8,0.9,2.7,0.7,0.9,0.7,0.5,0.1,0.9,2.1,3.9,1.9,0.1,2.4,0.3,4.2,1.2,0.9,0.5,4.0,0.8,0.7,1.9,0.3,1.1,1.1,1.1,1.0,0.6,0.2,0.5,0.2,0.1
2017-05-30 02:18:00+02:00,0.2,0.5,0.0,0.7,3.2,2.4,1.9,0.6,0.2,0.8,0.4,2.5,0.5,0.8,0.2,0.5,0.1,0.7,2.0,3.2,1.8,0.1,2.2,0.3,3.5,0.7,0.9,0.5,3.3,0.7,0.3,1.7,0.3,1.2,1.1,1.1,1.1,0.6,0.2,0.5,0.3,0.1
2017-05-30 02:19:00+02:00,0.2,0.5,0.0,0.8,3.3,2.4,1.9,0.5,0.2,0.8,0.4,2.5,0.3,0.7,0.2,0.5,0.1,0.6,2.0,3.2,1.8,0.1,2.2,0.3,3.6,0.7,1.0,0.5,3.4,0.6,0.3,1.7,0.3,1.2,1.2,1.2,1.1,0.6,0.2,0.5,0.3,0.1
2017-05-30 02:20:00+02:00,0.2,0.4,0.0,0.9,4.1,2.8,2.0,0.5,0.2,0.8,0.4,2.9,0.3,0.7,0.2,0.6,0.1,0.6,2.1,4.0,1.9,0.1,2.6,0.4,4.4,1.1,1.1,0.5,4.2,0.6,0.3,1.8,0.3,1.6,1.5,1.5,1.5,0.6,0.2,0.8,0.3,0.1
2017-05-30 02:21:00+02:00,0.3,0.4,0.0,0.8,4.6,3.1,2.0,0.5,0.2,0.8,0.4,3.2,0.3,0.7,0.2,0.6,0.1,0.6,2.1,4.4,1.8,0.1,2.9,0.4,4.9,1.2,1.0,0.5,4.7,0.6,0.3,1.8,0.3,2.8,2.8,2.8,2.7,0.5,0.2,2.2,0.3,0.1
2017-05-30 02:22:00+02:00,0.3,0.4,0.0,0.8,3.9,3.0,2.1,0.5,0.2,0.8,0.4,3.1,0.3,0.7,0.2,0.5,0.1,0.6,2.2,3.7,1.9,0.1,2.8,0.3,4.1,0.6,1.1,0.5,4.0,0.6,0.3,1.8,0.3,1.7,1.7,1.6,1.6,0.5,0.2,1.1,0.3,0.1
2017-05-30 02:23:00+02:00,0.3,0.5,0.0,0.9,3.9,2.5,2.0,0.5,0.1,0.8,0.4,2.7,0.3,0.7,0.2,0.5,0.1,0.6,2.1,3.7,1.9,0.1,2.3,0.3,4.0,1.1,1.1,0.5,3.9,0.6,0.3,1.8,0.3,1.2,1.2,1.2,1.1,0.5,0.2,0.7,0.3,0.1
2017-05-30 02:24:00+02:00,0.3,0.5,0.0,0.8,3.9,2.4,2.0,0.6,0.1,0.8,0.4,2.5,0.4,0.8,0.2,0.5,0.1,0.7,2.1,3.8,1.9,0.1,2.2,0.3,4.0,1.3,1.0,0.5,3.9,0.6,0.3,1.8,0.3,1.2,1.2,1.2,1.1,0.5,0.2,0.7,0.3,0.1
2017-05-30 02:25:00+02:00,0.3,0.5,0.0,0.7,3.9,2.4,1.9,0.5,0.1,0.7,0.4,2.5,0.4,0.7,0.2,0.5,0.1,0.6,2.0,3.9,1.7,0.1,2.2,0.3,4.1,1.4,1.0,0.4,3.9,0.6,0.3,1.7,0.3,1.3,1.3,1.3,1.2,0.5,0.2,0.8,0.4,0.1
2017-05-30 02:26:00+02:00,0.2,0.5,0.0,0.7,3.9,2.4,1.8,0.5,0.1,0.7,0.5,2.5,0.4,0.7,0.2,0.4,0.1,0.6,1.9,3.8,1.7,0.1,2.1,0.3,4.1,1.3,1.0,0.4,3.9,0.6,0.3,1.6,0.3,1.2,1.2,1.1,1.1,0.5,0.2,0.6,0.2,0.1
2017-05-30 02:27:00+02:00,0.2,0.4,0.0,0.7,3.8,2.2,1.7,0.5,0.1,0.7,0.5,2.3,0.4,0.6,0.2,0.4,0.1,0.6,1.8,3.8,1.6,0.1,1.9,0.3,4.1,1.5,0.9,0.4,3.9,0.6,0.3,1.5,0.3,2.4,2.4,2.4,2.3,0.4,0.1,1.9,0.2,0.1
2017-05-30 02:28:00+02:00,0.2,0.4,0.0,0.7,3.7,2.1,1.6,0.4,0.1,0.7,0.5,2.2,0.3,0.6,0.2,0.5,0.1,0.5,1.7,3.7,1.5,0.1,1.9,0.3,3.9,1.5,0.8,0.4,3.7,0.5,0.3,1.4,0.3,1.5,1.5,1.4,1.3,0.4,0.1,0.9,0.2,0.1
2017-05-30 02:29:00+02:00,0.2,0.5,0.0,0.7,3.8,2.3,1.7,0.4,0.2,0.8,0.5,2.4,0.3,0.6,0.2,0.5,0.1,0.6,1.8,3.7,1.5,0.1,2.0,0.3,4.0,1.4,0.8,0.4,3.8,0.5,0.3,1.5,0.3,1.2,1.2,1.1,1.0,0.4,0.1,0.5,0.2,0.1
2017-05-30 02:30:00+02:00,0.2,0.4,0.0,0.7,3.9,2.4,1.8,0.5,0.1,0.8,0.4,2.5,0.4,0.7,0.2,0.5,0.1,0.6,1.9,3.8,1.7,0.1,2.1,0.3,4.1,1.4,0.8,0.4,3.9,0.5,0.3,1.6,0.3,1.2,1.2,1.1,1.0,0.5,0.1,0.6,0.2,0.1
2017-05-30 02:31:00+02:00,0.2,0.4,0.0,0.7,4.0,2.4,1.9,0.5,0.1,0.8,0.5,2.5,0.3,0.7,0.2,0.5,0.1,0.6,2.0,3.9,1.8,0.1,2.2,0.3,4.2,1.4,0.9,0.4,4.0,0.5,0.3,1.6,0.3,1.3,1.3,1.2,1.0,0.5,0.1,0.6,0.2,0.1
2017-05-30 02:32:00+02:00,0.2,0.4,0.0,0.6,4.0,2.5,1.9,0.5,0.1,0.8,0.5,2.6,0.4,0.8,0.2,0.5,0.1,0.7,2.0,3.9,1.7,0.1,2.3,0.3,4.2,1.3,0.8,0.4,4.0,0.6,0.3,1.6,0.2,1.3,1.3,1.2,1.1,0.5,0.1,0.6,0.2,0.1
2017-05-30 02:33:00+02:00,0.2,0.4,0.0,0.6,4.2,2.6,1.8,0.6,0.1,0.8,0.5,2.7,0.4,0.9,0.2,0.5,0.1,0.8,1.9,4.1,1.7,0.1,2.4,0.3,4.4,1.4,0.8,0.4,4.2,0.7,0.3,1.6,0.3,2.4,2.4,2.3,2.2,0.5,0.1,1.7,0.2,0.1
2017-05-30 02:34:00+02:00,0.2,0.4,0.0,0.7,4.3,2.8,2.0,0.7,0.1,0.7,0.4,3.0,0.5,1.0,0.2,0.5,0.1,0.9,2.1,4.3,1.9,0.1,2.6,0.3,4.5,1.2,0.8,0.4,4.3,0.8,0.3,1.8,0.3,2.1,2.0,1.9,1.8,0.4,0.1,1.3,0.2,0.1
2017-05-30 02:35:00+02:00,0.2,0.4,0.0,0.6,4.3,3.0,2.2,1.0,0.1,0.7,0.4,3.3,0.7,1.2,0.2,0.4,0.1,1.1,2.2,4.2,2.0,0.1,2.7,0.3,4.5,1.0,0.7,0.4,4.3,1.0,0.3,1.9,0.3,1.3,1.2,1.1,1.0,0.4,0.1,0.7,0.3,0.2
2017-05-30 02:36:00+02:00,0.2,0.4,0.0,0.6,4.3,3.0,2.1,1.0,0.1,0.6,0.4,3.3,0.7,1.2,0.2,0.4,0.1,1.1,2.2,4.2,2.0,0.1,2.8,0.3,4.4,0.9,0.7,0.4,4.3,1.0,0.3,1.9,0.2,1.2,1.0,1.0,0.9,0.4,0.1,0.5,0.3,0.2
2017-05-30 02:37:00+02:00,0.2,0.3,0.0,0.5,4.4,2.7,1.9,0.8,0.1,0.6,0.9,2.9,0.7,1.0,0.7,0.4,0.1,0.9,1.9,4.4,1.7,0.6,2.5,0.3,4.6,1.4,0.7,0.4,4.5,0.8,0.7,1.7,0.2,1.2,1.0,1.0,0.9,0.4,0.1,0.5,0.3,0.2
2017-05-30 02:38:00+02:00,0.2,0.3,0.0,0.5,4.7,2.8,1.9,0.8,0.1,0.6,1.0,3.0,0.7,0.9,0.7,0.4,0.1,0.9,2.0,4.7,1.8,0.7,2.5,0.3,5.0,1.7,0.7,0.4,4.8,0.8,0.8,1.6,0.2,1.2,1.0,0.9,0.9,0.4,0.1,0.5,0.3,0.2
2017-05-30 02:39:00+02:00,0.2,0.3,0.0,0.5,4.3,2.8,1.9,0.8,0.1,0.7,0.5,3.0,0.7,1.0,0.2,0.4,0.1,0.9,2.0,4.2,1.8,0.1,2.5,0.3,4.5,1.3,0.7,0.4,4.4,0.8,0.3,1.7,0.2,1.1,1.0,0.9,0.9,0.4,0.2,0.5,0.3,0.2
2017-05-30 02:40:00+02:00,0.2,0.3,0.0,0.6,4.0,2.5,1.9,0.8,0.1,0.7,0.5,2.7,0.6,1.0,0.2,0.4,0.1,0.9,2.0,3.9,1.8,0.1,2.2,0.3,4.3,1.3,0.7,0.4,4.1,0.9,0.3,1.7,0.2,1.1,1.0,1.0,0.9,0.4,0.2,0.5,0.3,0.2
2017-05-30 02:41:00+02:00,0.2,0.3,0.0,0.6,4.1,2.3,1.8,0.8,0.1,0.7,0.5,2.5,0.6,1.0,0.2,0.5,0.1,0.9,1.9,3.9,1.7,0.1,2.1,0.3,4.3,1.3,0.7,0.5,4.2,0.8,0.3,1.7,0.2,1.3,1.2,1.2,1.0,0.4,0.1,0.6,0.4,0.2
2017-05-30 02:42:00+02:00,0.2,0.3,0.0,0.5,3.8,2.1,1.7,0.7,0.1,0.7,0.5,2.3,0.5,0.9,0.2,0.5,0.1,0.8,1.7,3.6,1.6,0.1,1.9,0.3,4.0,1.3,0.7,0.5,3.9,0.8,0.3,1.5,0.1,1.5,1.4,1.3,1.2,0.6,0.1,0.6,0.4,0.2
2017-05-30 02:43:00+02:00,0.2,0.3,0.0,0.5,3.5,1.9,1.5,0.5,0.1,0.7,0.5,2.1,0.4,0.7,0.2,0.5,0.1,0.6,1.5,3.4,1.4,0.1,1.7,0.3,3.7,1.4,0.7,0.5,3.6,0.6,0.3,1.3,0.1,1.6,1.5,1.4,1.3,0.6,0.1,0.6,0.4,0.2
2017-05-30 02:44:00+02:00,0.2,0.3,0.0,1.2,4.7,3.1,2.6,0.9,0.1,0.8,0.5,3.2,0.8,1.1,0.2,0.5,0.1,1.1,2.7,4.6,2.5,0.1,2.8,0.3,4.8,1.4,1.4,0.5,4.7,1.0,0.3,2.4,0.2,1.4,1.3,1.3,1.1,0.5,0.1,0.6,0.4,0.2
2017-05-30 02:45:00+02:00,0.2,0.3,0.0,1.2,4.3,2.7,2.2,0.6,0.1,0.8,0.5,2.8,0.4,0.7,0.2,0.5,0.1,0.7,2.3,4.1,2.1,0.1,2.4,0.2,4.4,1.4,1.3,0.5,4.3,0.6,0.3,2.0,0.2,1.6,1.5,1.4,1.2,0.5,0.1,0.7,0.5,0.2
2017-05-30 02:46:00+02:00,0.2,0.3,0.0,0.6,3.7,2.3,1.8,0.7,0.1,0.7,0.4,2.4,0.5,0.9,0.2,0.5,0.1,0.9,1.9,3.6,1.7,0.1,2.1,0.3,3.9,1.2,0.7,0.5,3.8,0.8,0.3,1.6,0.1,1.4,1.3,1.2,1.1,0.4,0.1,0.7,0.5,0.2
2017-05-30 02:47:00+02:00,0.2,0.2,0.0,0.5,3.8,2.3,1.8,0.7,0.1,0.7,0.4,2.4,0.5,0.9,0.2,0.5,0.1,0.9,1.9,3.6,1.7,0.1,2.1,0.3,4.0,1.2,0.7,0.5,3.8,0.8,0.2,1.6,0.1,1.4,1.3,1.2,1.1,0.4,0.1,0.7,0.5,0.2
2017-05-30 02:48:00+02:00,0.1,0.4,0.0,0.7,4.0,2.4,1.8,0.4,0.1,0.6,0.5,2.5,0.3,0.8,0.3,0.4,0.1,0.6,1.9,3.8,1.7,0.2,2.2,0.2,4.2,1.3,0.9,0.4,4.0,0.5,0.3,1.6,0.4,1.4,1.3,1.2,1.1,0.4,0.1,0.7,0.5,0.2
2017-05-30 02:49:00+02:00,0.1,0.2,0.0,0.5,4.0,2.4,1.8,0.7,0.1,0.6,0.5,2.6,0.5,1.0,0.3,0.4,0.1,0.9,1.9,3.9,1.8,0.2,2.2,0.2,4.3,1.3,0.7,0.4,4.1,0.8,0.4,1.7,0.2,1.0,0.9,0.9,0.9,0.4,0.1,0.5,0.3,0.2
2017-05-30 02:50:00+02:00,0.1,0.3,0.0,0.6,3.8,2.2,1.6,0.4,0.1,0.6,0.5,2.3,0.3,0.7,0.3,0.4,0.1,0.6,1.7,3.6,1.5,0.2,2.0,0.2,4.0,1.3,0.8,0.4,3.9,0.5,0.4,1.4,0.2,0.8,0.7,0.7,0.7,0.2,0.1,0.4,0.3,0.2
2017-05-30 02:51:00+02:00,0.1,0.4,0.0,0.6,4.5,2.9,2.3,1.0,0.1,0.6,0.5,3.0,0.8,1.2,0.4,0.4,0.1,1.1,2.4,4.4,2.1,0.2,2.7,0.2,4.8,1.4,0.8,0.4,4.6,1.0,0.4,2.1,0.2,0.7,0.7,0.7,0.6,0.2,0.1,0.4,0.3,0.2
2017-05-30 02:52:00+02:00,0.1,0.4,0.0,0.7,4.5,2.8,2.1,0.9,0.1,0.6,0.5,3.0,0.5,1.1,0.4,0.4,0.1,1.0,2.2,4.4,2.0,0.2,2.5,0.2,4.7,1.4,0.7,0.4,4.6,1.0,0.4,1.9,0.2,0.8,0.7,0.7,0.7,0.2,0.1,0.5,0.2,0.2
2017-05-30 02:53:00+02:00,0.1,0.4,0.0,0.7,4.2,2.7,2.0,0.7,0.1,0.6,0.6,2.9,0.4,1.0,0.4,0.4,0.1,0.9,2.1,4.0,1.8,0.2,2.4,0.2,4.5,1.1,0.8,0.4,4.4,0.8,0.4,1.8,0.2,0.8,0.7,0.7,0.6,0.2,0.1,0.5,0.2,0.2
2017-05-30 02:54:00+02:00,0.1,0.4,0.0,0.7,4.3,2.9,2.2,1.0,0.1,0.6,0.6,3.1,0.7,1.3,0.4,0.4,0.1,1.2,2.3,4.1,2.0,0.2,2.6,0.2,4.6,1.0,0.7,0.4,4.5,1.1,0.5,2.0,0.2,0.7,0.7,0.7,0.6,0.2,0.1,0.4,0.2,0.2
2017-05-30 02:55:00+02:00,0.4,0.4,0.0,0.7,4.1,2.7,2.0,0.8,0.1,0.8,0.6,2.9,0.5,1.0,0.4,0.7,0.1,0.9,2.1,3.9,1.8,0.2,2.4,0.5,4.4,1.0,0.7,0.6,4.3,0.8,0.4,1.8,0.3,0.7,0.7,0.7,0.6,0.2,0.1,0.4,0.2,0.2
2017-05-30 02:56:00+02:00,0.1,0.4,0.0,0.6,4.2,2.8,2.1,0.9,0.1,0.6,0.6,3.0,0.7,1.2,0.3,0.4,0.1,1.1,2.2,4.0,2.0,0.2,2.5,0.2,4.5,1.0,0.7,0.4,4.4,1.0,0.4,1.9,0.2,0.8,0.8,0.8,0.7,0.2,0.1,0.5,0.3,0.2
2017-05-30 02:57:00+02:00,0.1,0.3,0.0,0.6,3.7,2.5,1.8,0.7,0.1,0.5,0.6,2.7,0.5,0.9,0.3,0.4,0.1,0.8,1.9,3.6,1.6,0.2,2.2,0.2,4.0,0.9,0.6,0.3,3.9,0.7,0.4,1.6,0.2,0.8,0.8,0.8,0.7,0.3,0.1,0.4,0.2,0.1
2017-05-30 02:58:00+02:00,0.1,0.3,0.0,0.6,3.6,2.4,1.7,0.6,0.1,0.5,0.5,2.5,0.4,0.8,0.3,0.4,0.1,0.7,1.8,3.5,1.6,0.2,2.1,0.2,3.8,0.9,0.7,0.3,3.7,0.6,0.4,1.5,0.2,0.8,0.7,0.7,0.7,0.3,0.1,0.4,0.2,0.1
2017-05-30 02:59:00+02:00,0.1,0.3,0.0,0.7,3.7,2.6,1.9,0.5,0.0,0.5,0.5,2.7,0.4,0.8,0.3,0.4,0.1,0.7,2.0,3.7,1.7,0.2,2.3,0.2,3.9,0.9,0.9,0.3,3.9,0.6,0.4,1.7,0.2,0.7,0.7,0.7,0.6,0.3,0.1,0.4,0.2,0.1
2017-05-30 03:00:00+02:00,0.1,0.3,0.0,0.6,3.7,2.5,1.8,0.5,0.0,0.5,0.5,2.6,0.4,0.8,0.3,0.4,0.1,0.7,1.9,3.6,1.6,0.2,2.2,0.2,3.9,0.9,0.7,0.3,3.8,0.6,0.4,1.5,0.2,0.7,0.7,0.6,0.6,0.3,0.1,0.4,0.2,0.1
2017-05-30 03:01:00+02:00,0.1,0.3,0.0,0.6,4.7,2.7,1.9,0.5,0.0,0.6,0.5,2.8,0.4,0.9,0.3,0.4,0.1,0.8,1.9,4.6,1.7,0.2,2.3,0.2,5.0,1.8,0.7,0.3,4.8,0.6,0.4,1.6,0.2,0.6,0.6,0.5,0.5,0.2,0.1,0.4,0.2,0.1
2017-05-30 03:02:00+02:00,0.1,0.3,0.0,0.6,4.9,2.7,1.8,0.5,0.0,0.6,0.5,2.8,0.4,1.0,0.3,0.4,0.1,0.9,1.9,4.8,1.7,0.2,2.3,0.2,5.2,2.1,0.7,0.3,5.0,0.6,0.4,1.7,0.2,0.7,0.6,0.6,0.6,0.2,0.1,0.4,0.2,0.1
2017-05-30 03:03:00+02:00,0.1,0.2,0.0,0.5,4.8,2.6,1.7,0.5,0.0,0.6,0.5,2.7,0.4,1.0,0.2,0.4,0.1,0.9,1.8,4.7,1.6,0.1,2.2,0.2,5.1,2.0,0.6,0.3,4.9,0.6,0.3,1.6,0.1,0.7,0.6,0.6,0.6,0.2,0.1,0.4,0.2,0.1
2017-05-30 03:04:00+02:00,0.1,0.2,0.0,0.6,4.8,2.6,1.8,0.5,0.0,0.6,0.4,2.7,0.4,1.0,0.2,0.4,0.1,0.9,1.9,4.7,1.7,0.1,2.2,0.2,5.1,2.0,0.6,0.3,4.9,0.6,0.3,1.6,0.1,0.7,0.6,0.6,0.6,0.2,0.1,0.4,0.2,0.1
2017-05-30 03:05:00+02:00,0.1,0.2,0.0,0.7,4.9,2.7,1.9,0.5,0.0,0.6,0.4,2.8,0.4,1.0,0.2,0.4,0.1,0.9,2.0,4.8,1.8,0.1,2.3,0.2,5.1,2.0,0.7,0.3,5.0,0.6,0.3,1.8,0.1,0.8,0.8,0.7,0.7,0.3,0.2,0.4,0.3,0.1
2017-05-30 03:06:00+02:00,0.1,0.2,0.0,0.6,5.1,2.8,2.0,0.6,0.0,0.6,0.4,2.9,0.4,1.1,0.2,0.4,0.1,1.0,2.0,5.0,1.9,0.1,2.4,0.2,5.3,2.1,0.7,0.4,5.2,0.7,0.3,1.8,0.1,0.8,0.7,0.7,0.7,0.3,0.2,0.4,0.3,0.1
2017-05-30 03:07:00+02:00,0.1,0.2,0.0,0.7,5.0,2.8,2.1,0.7,0.0,0.5,0.5,2.9,0.4,1.1,0.2,0.4,0.1,1.1,2.2,5.0,2.0,0.1,2.5,0.2,5.3,2.1,0.8,0.4,5.2,0.8,0.3,1.9,0.1,0.8,0.7,0.7,0.7,0.3,0.2,0.4,0.3,0.2
2017-05-30 03:08:00+02:00,0.2,0.2,0.0,0.6,4.0,2.7,2.0,0.6,0.0,0.6,0.5,2.8,0.4,1.1,0.2,0.4,0.1,1.0,2.2,3.9,1.9,0.1,2.5,0.2,4.3,1.1,0.8,0.4,4.1,0.7,0.3,1.9,0.1,0.8,0.8,0.7,0.7,0.3,0.2,0.4,0.3,0.2
2017-05-30 03:09:00+02:00,0.1,0.3,0.0,0.7,3.9,2.9,2.1,0.6,0.0,0.5,0.5,3.0,0.4,1.1,0.2,0.3,0.1,1.0,2.3,3.8,2.0,0.1,2.6,0.1,4.1,0.8,0.8,0.3,4.0,0.7,0.3,1.9,0.2,0.9,0.8,0.8,0.8,0.3,0.2,0.5,0.3,0.2
2017-05-30 03:10:00+02:00,0.1,0.4,0.0,0.8,3.6,2.9,2.1,0.6,0.1,0.5,0.4,3.0,0.4,1.1,0.2,0.3,0.1,0.9,2.3,3.5,1.9,0.1,2.6,0.2,3.9,0.6,0.9,0.3,3.7,0.7,0.3,1.9,0.2,0.9,0.8,0.8,0.8,0.2,0.1,0.5,0.4,0.2
2017-05-30 03:11:00+02:00,0.2,0.4,0.0,0.8,3.7,2.8,2.0,0.5,0.1,0.5,0.4,2.9,0.4,1.0,0.2,0.3,0.1,0.9,2.2,3.5,1.9,0.1,2.5,0.2,4.0,0.6,0.9,0.3,3.8,0.6,0.3,1.9,0.3,0.8,0.8,0.8,0.7,0.2,0.1,0.5,0.3,0.2
2017-05-30 03:12:00+02:00,0.2,0.4,0.0,0.8,3.9,2.7,2.0,0.5,0.1,0.5,0.4,2.8,0.4,0.9,0.2,0.4,0.1,0.9,2.1,3.7,1.9,0.1,2.4,0.2,4.2,0.8,0.9,0.4,4.0,0.6,0.3,1.8,0.3,0.9,0.8,0.8,0.7,0.3,0.2,0.5,0.3,0.2
2017-05-30 03:13:00+02:00,0.2,0.3,0.1,0.8,5.0,3.1,2.4,1.0,0.1,0.5,0.5,3.2,0.8,1.4,0.3,0.4,0.1,1.3,2.5,5.0,2.3,0.2,2.8,0.2,5.4,1.8,0.8,0.4,5.1,1.1,0.4,2.2,0.2,0.9,0.9,0.8,0.7,0.3,0.1,0.4,0.3,0.2
2017-05-30 03:14:00+02:00,0.2,0.3,0.1,0.7,4.9,2.9,2.2,0.9,0.1,0.6,0.5,3.0,0.7,1.3,0.3,0.4,0.1,1.2,2.3,4.9,2.1,0.2,2.6,0.2,5.3,1.8,0.8,0.4,5.0,0.9,0.4,2.1,0.2,0.8,0.8,0.8,0.7,0.3,0.1,0.4,0.3,0.1
2017-05-30 03:15:00+02:00,0.2,0.3,0.1,0.7,4.7,2.9,2.1,0.8,0.1,0.5,0.5,2.9,0.6,1.2,0.3,0.4,0.1,1.1,2.2,4.6,2.0,0.2,2.6,0.2,5.0,1.7,0.8,0.4,4.7,0.9,0.4,2.0,0.2,0.7,0.7,0.6,0.6,0.3,0.1,0.3,0.2,0.1
2017-05-30 03:16:00+02:00,0.2,0.2,0.1,0.6,4.3,2.4,1.7,0.6,0.1,0.6,0.5,2.5,0.4,0.9,0.3,0.4,0.1,0.8,1.8,4.2,1.6,0.2,2.1,0.2,4.6,1.7,0.7,0.4,4.3,0.7,0.4,1.6,0.2,0.7,0.7,0.6,0.6,0.3,0.1,0.3,0.2,0.1
2017-05-30 03:17:00+02:00,0.2,0.3,0.0,0.7,4.5,2.5,1.8,0.6,0.1,0.7,0.5,2.6,0.5,0.9,0.3,0.5,0.1,0.8,1.8,4.4,1.7,0.1,2.2,0.2,4.7,1.8,0.8,0.4,4.5,0.7,0.3,1.7,0.1,0.7,0.7,0.6,0.6,0.3,0.1,0.3,0.2,0.1
2017-05-30 03:18:00+02:00,0.2,0.3,0.0,0.7,4.9,3.0,1.8,0.6,0.1,0.6,0.5,3.1,0.5,0.9,0.3,0.5,0.1,0.8,1.8,4.8,1.7,0.1,2.8,0.2,5.1,1.7,0.8,0.4,4.9,0.7,0.4,1.6,0.1,0.8,0.8,0.6,0.6,0.3,0.1,0.3,0.2,0.1
2017-05-30 03:19:00+02:00,0.2,0.3,0.0,0.9,3.8,2.9,1.9,0.6,0.1,0.6,0.6,3.0,0.5,0.9,0.3,0.5,0.1,0.8,2.0,3.7,1.9,0.1,2.6,0.2,4.0,0.8,1.0,0.4,3.9,0.7,0.4,1.8,0.1,0.8,0.8,0.6,0.6,0.3,0.1,0.3,0.2,0.1
2017-05-30 03:20:00+02:00,0.2,0.3,0.0,1.4,3.9,3.0,2.4,0.6,0.1,0.6,0.6,3.1,0.5,0.9,0.3,0.5,0.1,0.8,2.5,3.8,2.3,0.1,2.8,0.2,4.1,0.7,1.5,0.4,3.9,0.7,0.4,2.3,0.1,0.8,0.8,0.6,0.6,0.3,0.2,0.3,0.2,0.1
2017-05-30 03:21:00+02:00,0.1,0.3,0.0,1.3,3.5,2.6,2.0,0.3,0.1,0.6,0.5,2.7,0.2,0.5,0.3,0.5,0.1,0.5,2.1,3.4,1.9,0.1,2.4,0.2,3.6,0.7,1.3,0.4,3.5,0.4,0.3,1.9,0.1,0.7,0.7,0.6,0.5,0.3,0.2,0.3,0.2,0.1
2017-05-30 03:22:00+02:00,0.1,0.3,0.0,1.2,3.2,2.3,1.8,0.3,0.1,0.6,0.5,2.4,0.2,0.5,0.3,0.5,0.1,0.5,1.8,3.1,1.7,0.1,2.1,0.2,3.3,0.7,1.2,0.4,3.2,0.4,0.3,1.7,0.1,0.8,0.7,0.6,0.6,0.3,0.2,0.3,0.2,0.1
2017-05-30 03:23:00+02:00,0.1,0.3,0.0,1.1,3.0,2.2,1.7,0.3,0.1,0.6,0.6,2.3,0.2,0.5,0.3,0.4,0.1,0.5,1.8,3.0,1.7,0.1,2.1,0.2,3.2,0.7,1.1,0.4,3.1,0.4,0.4,1.7,0.1,0.8,0.8,0.7,0.6,0.3,0.2,0.3,0.2,0.1
2017-05-30 03:24:00+02:00,0.1,0.3,0.0,1.3,3.1,2.4,1.9,0.3,0.1,0.6,0.5,2.5,0.2,0.5,0.2,0.5,0.1,0.5,1.9,3.1,1.8,0.1,2.2,0.2,3.3,0.6,1.3,0.4,3.2,0.4,0.3,1.8,0.1,0.8,0.7,0.7,0.6,0.3,0.2,0.3,0.2,0.1
2017-05-30 03:25:00+02:00,0.1,0.3,0.0,0.8,2.6,1.9,1.4,0.3,0.1,0.6,0.4,2.0,0.2,0.5,0.2,0.5,0.1,0.5,1.5,2.6,1.4,0.1,1.8,0.2,2.8,0.6,0.8,0.4,2.7,0.4,0.3,1.4,0.2,0.8,0.8,0.7,0.6,0.3,0.2,0.3,0.2,0.1
2017-05-30 03:26:00+02:00,0.2,0.3,0.0,0.8,2.7,1.9,1.4,0.3,0.1,0.6,0.5,2.0,0.2,0.6,0.2,0.5,0.1,0.5,1.5,2.6,1.4,0.1,1.8,0.2,2.9,0.6,0.8,0.4,2.8,0.4,0.3,1.4,0.2,0.8,0.8,0.7,0.6,0.3,0.2,0.3,0.2,0.1
2017-05-30 03:27:00+02:00,0.1,0.4,0.0,0.8,2.7,2.0,1.4,0.3,0.1,0.6,0.5,2.0,0.2,0.6,0.2,0.5,0.1,0.5,1.5,2.6,1.4,0.1,1.8,0.2,3.0,0.6,0.8,0.4,2.9,0.4,0.3,1.4,0.2,0.8,0.7,0.6,0.6,0.3,0.1,0.3,0.2,0.1
2017-05-30 03:28:00+02:00,0.2,0.3,0.0,0.7,3.0,2.2,1.6,0.6,0.1,0.6,0.5,2.3,0.5,0.8,0.2,0.5,0.1,0.8,1.7,2.9,1.6,0.1,2.0,0.2,3.3,0.6,0.7,0.4,3.1,0.7,0.3,1.6,0.2,0.7,0.7,0.6,0.6,0.2,0.1,0.3,0.2,0.1
2017-05-30 03:29:00+02:00,0.2,0.3,0.0,0.7,3.1,2.4,1.8,0.6,0.1,0.6,0.5,2.4,0.5,0.9,0.2,0.5,0.1,0.8,1.9,3.0,1.7,0.1,2.2,0.2,3.4,0.6,0.7,0.4,3.2,0.7,0.3,1.7,0.2,0.7,0.7,0.6,0.6,0.2,0.1,0.3,0.2,0.1
2017-05-30 03:30:00+02:00,0.2,0.3,0.0,0.7,3.1,2.3,1.8,0.6,0.1,0.6,0.5,2.4,0.5,1.0,0.2,0.5,0.1,0.8,1.9,3.0,1.7,0.1,2.2,0.2,3.4,0.6,0.7,0.4,3.3,0.7,0.3,1.7,0.2,0.7,0.6,0.6,0.5,0.2,0.1,0.3,0.2,0.1
2017-05-30 03:31:00+02:00,0.2,0.3,0.0,0.7,3.1,2.3,1.8,0.6,0.1,0.7,0.5,2.3,0.5,0.9,0.2,0.5,0.1,0.8,1.9,3.0,1.7,0.1,2.1,0.2,3.6,0.7,0.7,0.4,3.2,0.7,0.3,1.6,0.2,0.7,0.7,0.6,0.6,0.2,0.1,0.4,0.2,0.1
2017-05-30 03:32:00+02:00,0.2,0.3,0.1,0.6,3.1,2.3,1.7,0.6,0.1,0.7,0.5,2.3,0.5,0.9,0.2,0.5,0.1,0.7,1.8,3.0,1.6,0.1,2.1,0.2,3.6,0.7,0.7,0.4,3.2,0.7,0.3,1.5,0.2,0.7,0.7,0.6,0.6,0.2,0.1,0.4,0.2,0.1
2017-05-30 03:33:00+02:00,0.2,0.3,0.0,0.7,3.0,2.2,1.7,0.6,0.1,0.7,0.5,2.2,0.5,0.9,0.2,0.5,0.1,0.7,1.8,2.9,1.6,0.1,2.0,0.3,3.4,0.7,0.7,0.4,3.2,0.7,0.3,1.5,0.2,0.7,0.7,0.6,0.6,0.2,0.1,0.4,0.2,0.1
2017-05-30 03:34:00+02:00,0.3,0.4,0.0,0.7,2.9,2.1,1.6,0.6,0.1,0.8,0.5,2.2,0.5,0.8,0.2,0.7,0.1,0.7,1.7,2.8,1.5,0.1,1.9,0.3,3.2,0.7,0.7,0.5,3.0,0.7,0.3,1.5,0.2,0.7,0.7,0.6,0.6,0.2,0.1,0.4,0.2,0.1
2017-05-30 03:35:00+02:00,0.3,0.4,0.0,0.6,3.4,2.6,1.6,0.6,0.1,0.9,0.5,2.6,0.5,0.8,0.2,0.7,0.1,0.7,1.7,3.4,1.5,0.1,2.4,0.4,3.7,0.7,0.7,0.5,3.5,0.7,0.3,1.4,0.2,0.7,0.7,0.6,0.5,0.2,0.1,0.4,0.2,0.1
2017-05-30 03:36:00+02:00,0.3,0.4,0.0,0.6,2.9,2.0,1.6,0.6,0.1,0.8,0.5,2.1,0.5,0.8,0.2,0.7,0.1,0.7,1.7,2.8,1.5,0.1,1.9,0.4,3.2,0.7,0.6,0.5,3.0,0.7,0.3,1.4,0.2,0.7,0.6,0.5,0.5,0.2,0.1,0.4,0.2,0.1
2017-05-30 03:37:00+02:00,0.3,0.4,0.0,0.8,3.1,2.2,1.9,0.7,0.1,0.8,0.5,2.3,0.5,0.8,0.2,0.7,0.1,0.8,2.0,3.1,1.7,0.1,2.2,0.4,3.4,0.8,0.8,0.5,3.3,0.7,0.3,1.6,0.2,0.6,0.6,0.5,0.5,0.2,0.1,0.3,0.2,0.1
2017-05-30 03:38:00+02:00,0.3,0.4,0.0,0.9,3.2,2.3,1.9,0.7,0.1,0.8,0.5,2.3,0.5,0.8,0.2,0.7,0.1,0.8,2.0,3.1,1.8,0.1,2.2,0.4,3.4,0.8,0.9,0.5,3.3,0.8,0.3,1.7,0.2,0.6,0.6,0.5,0.5,0.2,0.1,0.3,0.2,0.1
2017-05-30 03:39:00+02:00,0.3,0.4,0.0,0.8,2.9,2.1,1.7,0.6,0.1,0.8,0.5,2.1,0.5,0.8,0.2,0.7,0.1,0.7,1.8,2.8,1.6,0.1,2.0,0.4,3.1,0.7,0.8,0.6,2.9,0.7,0.3,1.5,0.2,0.7,0.7,0.6,0.5,0.2,0.1,0.4,0.2,0.1
2017-05-30 03:40:00+02:00,0.2,0.4,0.0,0.9,3.0,2.1,1.8,0.5,0.1,0.8,0.5,2.2,0.3,0.7,0.2,0.6,0.1,0.6,1.9,2.9,1.7,0.1,2.1,0.3,3.3,0.7,1.0,0.5,3.1,0.6,0.3,1.6,0.2,0.7,0.7,0.6,0.5,0.2,0.1,0.4,0.2,0.1
2017-05-30 03:41:00+02:00,0.1,0.4,0.0,1.2,3.9,3.1,2.1,0.5,0.1,0.6,0.5,3.1,0.3,0.7,0.2,0.5,0.1,0.6,2.2,3.8,2.0,0.1,3.0,0.2,4.2,0.7,1.2,0.4,4.0,0.6,0.3,1.9,0.2,0.6,0.6,0.5,0.4,0.2,0.1,0.3,0.2,0.1
2017-05-30 03:42:00+02:00,0.1,0.4,0.0,1.1,3.7,2.9,1.9,0.5,0.1,0.6,0.5,2.9,0.3,0.7,0.2,0.4,0.1,0.6,2.1,3.6,1.9,0.1,2.8,0.2,3.9,0.7,1.2,0.4,3.8,0.6,0.3,1.8,0.2,0.6,0.6,0.5,0.5,0.2,0.1,0.3,0.2,0.2
2017-05-30 03:43:00+02:00,0.1,0.3,0.0,1.2,3.3,2.4,2.0,0.6,0.1,0.5,0.5,2.5,0.4,0.7,0.2,0.4,0.1,0.7,2.2,3.2,2.0,0.1,2.3,0.2,3.6,0.7,1.2,0.4,3.4,0.7,0.3,1.9,0.2,0.6,0.5,0.5,0.4,0.2,0.1,0.3,0.2,0.1
2017-05-30 03:44:00+02:00,0.1,0.4,0.0,1.4,3.5,2.6,2.2,0.6,0.1,0.6,0.5,2.6,0.4,0.7,0.2,0.4,0.1,0.7,2.4,3.3,2.2,0.1,2.5,0.2,3.7,0.7,1.4,0.4,3.5,0.7,0.3,2.1,0.2,0.6,0.6,0.5,0.5,0.2,0.1,0.3,0.2,0.1
2017-05-30 03:45:00+02:00,0.1,0.4,0.0,1.2,3.5,2.6,2.1,0.6,0.1,0.6,0.5,2.7,0.4,0.8,0.2,0.4,0.1,0.7,2.3,3.4,2.0,0.1,2.4,0.2,3.8,0.7,1.2,0.4,3.6,0.7,0.3,2.0,0.2,0.6,0.6,0.5,0.5,0.2,0.1,0.3,0.2,0.1
2017-05-30 03:46:00+02:00,0.1,0.4,0.0,1.2,4.1,3.3,2.3,0.7,0.1,0.6,0.4,3.5,0.5,0.9,0.2,0.4,0.1,0.8,2.5,4.0,2.2,0.1,3.2,0.2,4.4,0.6,1.2,0.4,4.2,0.8,0.2,2.1,0.2,0.7,0.6,0.5,0.5,0.2,0.1,0.4,0.2,0.1
2017-05-30 03:47:00+02:00,0.1,0.3,0.0,1.1,4.1,3.1,2.0,0.7,0.1,0.7,0.4,3.3,0.5,0.9,0.2,0.4,0.1,0.8,2.3,3.9,2.0,0.1,3.0,0.2,4.3,0.7,1.1,0.4,4.1,0.8,0.2,1.9,0.2,0.7,0.7,0.6,0.6,0.2,0.1,0.4,0.2,0.1
2017-05-30 03:48:00+02:00,0.1,0.3,0.0,0.8,3.5,2.6,1.8,0.7,0.1,0.6,0.5,2.7,0.5,0.8,0.2,0.4,0.1,0.8,2.0,3.4,1.7,0.1,2.4,0.2,3.8,0.7,0.8,0.4,3.6,0.8,0.3,1.7,0.2,0.7,0.7,0.6,0.6,0.3,0.1,0.4,0.2,0.1
2017-05-30 03:49:00+02:00,0.1,0.3,0.0,0.7,3.3,2.4,1.6,0.7,0.1,0.7,0.5,2.6,0.5,0.8,0.3,0.4,0.1,0.8,1.9,3.2,1.6,0.1,2.3,0.2,3.5,0.6,0.7,0.4,3.3,0.8,0.3,1.5,0.2,0.7,0.7,0.6,0.6,0.2,0.1,0.4,0.2,0.1
2017-05-30 03:50:00+02:00,0.1,0.3,0.0,0.6,3.2,2.3,1.6,0.7,0.1,0.7,0.4,2.6,0.4,0.8,0.2,0.5,0.1,0.7,1.8,3.1,1.5,0.1,2.2,0.2,3.5,0.6,0.6,0.4,3.3,0.7,0.3,1.4,0.2,0.6,0.6,0.5,0.5,0.1,0.1,0.4,0.2,0.1
2017-05-30 03:51:00+02:00,0.1,0.3,0.0,0.5,3.1,2.3,1.6,0.6,0.1,0.7,0.4,2.5,0.4,0.8,0.2,0.4,0.1,0.7,1.8,3.0,1.5,0.1,2.1,0.2,3.4,0.6,0.6,0.4,3.2,0.7,0.3,1.4,0.2,0.7,0.6,0.6,0.5,0.1,0.1,0.4,0.3,0.1
2017-05-30 03:52:00+02:00,0.1,0.2,0.0,0.5,3.0,2.2,1.7,0.6,0.1,0.7,0.3,2.4,0.4,0.8,0.2,0.4,0.1,0.7,1.9,3.0,1.5,0.1,2.2,0.2,3.3,0.5,0.6,0.4,3.1,0.7,0.2,1.4,0.2,0.6,0.5,0.5,0.5,0.1,0.1,0.3,0.2,0.1
2017-05-30 03:53:00+02:00,0.1,0.2,0.0,0.6,3.2,2.3,1.8,0.6,0.1,0.6,0.4,2.4,0.4,0.8,0.2,0.4,0.1,0.7,1.9,3.1,1.6,0.1,2.2,0.2,3.4,0.7,0.7,0.4,3.3,0.7,0.3,1.5,0.2,0.6,0.5,0.5,0.4,0.1,0.1,0.3,0.2,0.1
2017-05-30 03:54:00+02:00,0.1,0.3,0.0,0.6,3.1,2.2,1.7,0.6,0.1,0.6,0.3,2.4,0.4,0.8,0.2,0.4,0.1,0.7,1.9,3.0,1.6,0.1,2.2,0.2,3.4,0.6,0.7,0.4,3.2,0.7,0.2,1.5,0.2,0.6,0.5,0.5,0.4,0.1,0.1,0.3,0.2,0.1
2017-05-30 03:55:00+02:00,0.1,0.4,0.0,0.7,3.2,2.3,1.7,0.5,0.1,0.6,0.4,2.5,0.4,0.7,0.2,0.4,0.1,0.6,1.9,3.1,1.6,0.1,2.3,0.2,3.4,0.7,0.8,0.4,3.3,0.6,0.3,1.5,0.2,0.6,0.5,0.5,0.4,0.1,0.1,0.3,0.2,0.1
2017-05-30 03:56:00+02:00,0.1,0.4,0.0,0.7,3.1,2.3,1.7,0.5,0.1,0.6,0.3,2.4,0.3,0.7,0.2,0.4,0.1,0.6,1.9,3.0,1.5,0.1,2.2,0.2,3.3,0.6,0.8,0.4,3.2,0.5,0.2,1.5,0.2,0.6,0.5,0.5,0.4,0.2,0.1,0.3,0.2,0.1
2017-05-30 03:57:00+02:00,0.1,0.4,0.0,0.7,3.6,2.2,1.6,0.5,0.1,0.6,0.4,2.3,0.3,0.7,0.2,0.4,0.1,0.6,1.8,3.5,1.4,0.1,2.1,0.2,3.8,1.2,0.7,0.3,3.6,0.5,0.3,1.4,0.2,0.7,0.6,0.6,0.5,0.2,0.1,0.3,0.2,0.1
2017-05-30 03:58:00+02:00,0.1,0.4,0.0,0.6,3.7,2.1,1.5,0.4,0.1,0.5,0.4,2.2,0.3,0.6,0.2,0.4,0.1,0.5,1.7,3.7,1.4,0.1,2.0,0.2,3.9,1.5,0.7,0.3,3.8,0.5,0.2,1.3,0.2,0.7,0.6,0.6,0.5,0.2,0.1,0.3,0.3,0.1
2017-05-30 03:59:00+02:00,0.1,0.4,0.0,0.7,3.8,2.0,1.5,0.4,0.1,0.5,0.5,2.2,0.3,0.6,0.2,0.4,0.1,0.5,1.6,3.7,1.4,0.1,2.0,0.2,4.0,1.6,0.7,0.3,3.8,0.5,0.2,1.3,0.2,0.7,0.6,0.6,0.5,0.2,0.1,0.3,0.2,0.1
2017-05-30 04:00:00+02:00,0.1,0.4,0.0,0.7,3.7,2.0,1.4,0.4,0.1,0.5,0.4,2.2,0.3,0.6,0.2,0.4,0.1,0.5,1.6,3.7,1.3,0.1,1.9,0.2,3.9,1.5,0.7,0.3,3.8,0.5,0.3,1.3,0.2,0.7,0.6,0.6,0.5,0.2,0.1,0.3,0.2,0.1
2017-05-30 04:01:00+02:00,0.1,0.4,0.0,0.7,3.9,2.1,1.5,0.4,0.1,0.6,0.4,2.3,0.3,0.6,0.2,0.4,0.1,0.5,1.6,3.8,1.3,0.1,2.1,0.2,4.1,1.5,0.7,0.4,3.9,0.5,0.2,1.3,0.2,0.8,0.7,0.7,0.6,0.2,0.1,0.4,0.2,0.1
2017-05-30 04:02:00+02:00,0.2,0.4,0.0,0.6,3.9,2.2,1.4,0.4,0.1,0.9,0.4,2.4,0.3,0.6,0.2,0.6,0.1,0.5,1.6,3.8,1.3,0.1,2.1,0.2,4.1,1.5,0.7,0.6,4.0,0.5,0.2,1.3,0.2,0.8,0.7,0.6,0.5,0.2,0.1,0.4,0.2,0.1
2017-05-30 04:03:00+02:00,0.2,0.3,0.0,0.6,3.6,1.9,1.4,0.4,0.1,0.7,0.4,2.0,0.3,0.6,0.2,0.4,0.1,0.5,1.5,3.5,1.3,0.1,1.8,0.2,3.8,1.5,0.6,0.4,3.7,0.5,0.3,1.2,0.2,0.7,0.7,0.6,0.5,0.2,0.1,0.3,0.2,0.1
2017-05-30 04:04:00+02:00,0.1,0.3,0.0,0.6,3.6,1.9,1.4,0.4,0.1,0.7,0.4,2.0,0.3,0.6,0.2,0.4,0.1,0.5,1.6,3.5,1.3,0.1,1.8,0.2,3.8,1.5,0.6,0.3,3.7,0.5,0.3,1.2,0.2,0.8,0.7,0.6,0.5,0.2,0.1,0.3,0.3,0.2
2017-05-30 04:05:00+02:00,0.1,0.2,0.0,0.4,3.5,1.8,1.3,0.5,0.1,0.6,0.4,2.0,0.2,0.6,0.2,0.4,0.0,0.6,1.5,3.5,1.2,0.1,1.7,0.2,3.7,1.5,0.5,0.3,3.6,0.5,0.3,1.1,0.2,0.8,0.7,0.6,0.5,0.2,0.1,0.3,0.3,0.2
2017-05-30 04:06:00+02:00,0.1,0.2,0.0,0.5,3.6,1.8,1.3,0.5,0.1,0.6,0.4,2.0,0.2,0.6,0.2,0.3,0.0,0.6,1.5,3.5,1.2,0.1,1.7,0.2,3.8,1.5,0.5,0.3,3.7,0.5,0.3,1.2,0.2,0.8,0.7,0.6,0.5,0.2,0.1,0.3,0.3,0.2
2017-05-30 04:07:00+02:00,0.1,0.3,0.0,0.5,3.2,1.9,1.4,0.5,0.1,0.6,0.4,2.1,0.2,0.6,0.2,0.3,0.0,0.6,1.6,3.2,1.3,0.1,1.8,0.2,3.6,1.1,0.6,0.3,3.3,0.5,0.3,1.2,0.2,0.8,0.7,0.6,0.5,0.2,0.1,0.3,0.3,0.2
2017-05-30 04:08:00+02:00,0.1,0.3,0.0,0.5,2.9,1.8,1.4,0.4,0.1,0.6,0.4,2.0,0.2,0.6,0.2,0.3,0.0,0.5,1.6,2.9,1.3,0.1,1.8,0.2,3.3,0.8,0.7,0.3,3.1,0.5,0.3,1.2,0.2,0.8,0.7,0.6,0.5,0.2,0.1,0.3,0.2,0.2
2017-05-30 04:09:00+02:00,0.1,0.3,0.0,0.5,2.9,1.9,1.4,0.4,0.1,0.6,0.4,2.0,0.2,0.6,0.2,0.3,0.0,0.6,1.6,2.8,1.3,0.1,1.8,0.2,3.2,0.8,0.7,0.3,3.0,0.5,0.3,1.3,0.2,0.8,0.7,0.6,0.5,0.2,0.1,0.3,0.3,0.2
2017-05-30 04:10:00+02:00,0.2,0.3,0.0,0.5,3.4,2.3,1.8,1.0,0.1,0.6,0.4,2.5,0.8,1.1,0.2,0.3,0.0,1.1,2.1,3.3,1.8,0.1,2.3,0.2,3.6,0.8,0.7,0.3,3.4,1.0,0.3,1.8,0.2,0.8,0.7,0.7,0.5,0.2,0.1,0.4,0.3,0.2
2017-05-30 04:11:00+02:00,0.2,0.3,0.0,0.6,3.2,2.2,1.7,0.8,0.1,0.6,0.4,2.4,0.6,0.9,0.2,0.3,0.0,0.9,1.9,3.1,1.7,0.1,2.2,0.2,3.5,0.8,0.7,0.3,3.3,0.8,0.3,1.6,0.1,0.7,0.7,0.6,0.5,0.2,0.1,0.3,0.2,0.2
2017-05-30 04:12:00+02:00,0.2,0.3,0.0,0.5,3.0,1.9,1.4,0.4,0.1,0.5,0.4,2.1,0.2,0.6,0.2,0.4,0.0,0.5,1.6,2.9,1.3,0.1,1.9,0.2,3.3,0.8,0.7,0.3,3.1,0.5,0.3,1.2,0.2,0.8,0.7,0.7,0.5,0.2,0.1,0.3,0.2,0.2
2017-05-30 04:13:00+02:00,0.2,0.3,0.0,0.5,4.1,2.9,1.3,0.4,0.1,0.5,0.5,3.1,0.3,0.6,0.3,0.4,0.0,0.6,1.6,4.0,1.3,0.2,2.9,0.2,4.3,0.8,0.6,0.4,4.2,0.5,0.3,1.2,0.2,0.9,0.9,0.8,0.6,0.2,0.1,0.4,0.3,0.2
2017-05-30 04:14:00+02:00,0.2,0.2,0.0,0.4,3.7,2.6,1.3,0.4,0.1,0.6,0.5,2.8,0.3,0.6,0.3,0.4,0.1,0.5,1.6,3.6,1.2,0.2,2.6,0.2,4.0,0.8,0.5,0.4,3.8,0.5,0.3,1.1,0.2,0.9,0.8,0.8,0.6,0.2,0.1,0.4,0.3,0.2
2017-05-30 04:15:00+02:00,0.2,0.2,0.0,0.5,3.1,2.0,1.4,0.5,0.1,0.6,0.5,2.2,0.3,0.7,0.3,0.4,0.1,0.6,1.7,3.0,1.4,0.2,2.0,0.2,3.4,0.9,0.6,0.4,3.2,0.5,0.4,1.3,0.2,0.8,0.8,0.8,0.6,0.2,0.1,0.5,0.3,0.2
2017-05-30 04:16:00+02:00,0.1,0.2,0.0,0.5,3.3,2.0,1.4,0.4,0.1,0.5,0.7,2.1,0.3,0.7,0.3,0.3,0.1,0.6,1.7,3.2,1.4,0.2,1.9,0.2,3.5,1.1,0.6,0.3,3.4,0.5,0.5,1.3,0.2,0.8,0.8,0.7,0.6,0.2,0.2,0.4,0.3,0.2
2017-05-30 04:17:00+02:00,0.1,0.3,0.0,0.6,3.5,2.1,1.5,0.4,0.1,0.5,0.7,2.3,0.3,0.7,0.3,0.3,0.1,0.7,1.8,3.4,1.5,0.2,2.1,0.1,3.7,1.1,0.7,0.3,3.6,0.6,0.5,1.4,0.2,0.8,0.8,0.7,0.6,0.2,0.2,0.4,0.3,0.2
2017-05-30 04:18:00+02:00,0.2,0.3,0.0,0.7,3.5,2.3,1.6,0.5,0.1,0.6,0.6,2.4,0.4,0.7,0.2,0.4,0.1,0.7,1.9,3.4,1.6,0.1,2.2,0.2,3.7,1.0,0.8,0.4,3.6,0.6,0.4,1.5,0.2,0.8,0.8,0.7,0.6,0.2,0.2,0.4,0.3,0.2
2017-05-30 04:19:00+02:00,0.1,0.3,0.0,0.7,3.4,2.3,1.6,0.5,0.1,0.5,0.6,2.4,0.4,0.7,0.2,0.3,0.1,0.7,1.9,3.3,1.6,0.1,2.2,0.2,3.7,1.0,0.8,0.3,3.5,0.6,0.4,1.5,0.2,0.8,0.8,0.7,0.6,0.2,0.2,0.4,0.3,0.2
2017-05-30 04:20:00+02:00,0.1,0.3,0.0,0.7,3.5,2.4,1.6,0.5,0.1,0.5,0.6,2.4,0.4,0.8,0.2,0.3,0.1,0.7,1.8,3.4,1.5,0.1,2.3,0.1,3.7,1.0,0.8,0.3,3.6,0.6,0.4,1.5,0.2,0.8,0.7,0.6,0.6,0.2,0.2,0.4,0.3,0.2
2017-05-30 04:21:00+02:00,0.2,0.4,0.0,0.8,3.4,2.4,1.7,0.5,0.1,0.6,0.4,2.5,0.4,0.8,0.2,0.4,0.1,0.7,1.9,3.3,1.6,0.1,2.3,0.2,3.7,0.8,0.8,0.4,3.6,0.6,0.3,1.6,0.3,0.7,0.7,0.6,0.5,0.2,0.2,0.3,0.2,0.1
2017-05-30 04:22:00+02:00,0.2,0.4,0.0,0.8,3.4,2.5,1.8,0.6,0.1,0.6,0.4,2.5,0.4,0.9,0.2,0.4,0.1,0.8,2.0,3.3,1.7,0.1,2.4,0.2,3.6,0.8,0.8,0.4,3.5,0.7,0.3,1.7,0.3,0.7,0.7,0.6,0.5,0.2,0.2,0.3,0.2,0.1
2017-05-30 04:23:00+02:00,0.2,0.4,0.0,0.7,3.2,2.4,1.9,0.5,0.1,0.6,0.4,2.5,0.4,0.8,0.2,0.4,0.1,0.7,2.0,3.1,1.7,0.1,2.4,0.2,3.4,0.6,0.8,0.3,3.3,0.6,0.3,1.6,0.3,0.7,0.7,0.6,0.5,0.2,0.1,0.3,0.2,0.1
2017-05-30 04:24:00+02:00,0.2,0.4,0.0,0.7,3.1,2.4,1.9,0.6,0.1,0.5,0.4,2.5,0.4,0.9,0.2,0.3,0.1,0.8,2.1,3.0,1.7,0.1,2.4,0.2,3.4,0.5,0.8,0.3,3.2,0.7,0.3,1.7,0.3,0.7,0.6,0.5,0.5,0.2,0.1,0.3,0.2,0.1
2017-05-30 04:25:00+02:00,0.2,0.4,0.0,0.7,2.9,2.2,1.7,0.5,0.1,0.5,0.4,2.3,0.3,0.8,0.2,0.3,0.1,0.7,1.9,2.8,1.6,0.1,2.2,0.2,3.1,0.5,0.8,0.3,3.0,0.6,0.3,1.6,0.3,0.7,0.6,0.5,0.5,0.2,0.1,0.3,0.2,0.1
2017-05-30 04:26:00+02:00,0.2,0.4,0.0,0.7,2.9,2.2,1.6,0.4,0.1,0.5,0.4,2.3,0.3,0.7,0.2,0.3,0.1,0.6,1.7,2.8,1.5,0.1,2.1,0.2,3.1,0.5,0.7,0.3,3.0,0.5,0.3,1.5,0.2,0.7,0.7,0.6,0.5,0.2,0.1,0.3,0.2,0.1
2017-05-30 04:27:00+02:00,0.2,0.4,0.0,0.7,2.9,2.2,1.6,0.4,0.1,0.5,0.4,2.3,0.3,0.7,0.2,0.3,0.1,0.6,1.7,2.8,1.5,0.1,2.2,0.2,3.1,0.5,0.7,0.3,3.0,0.5,0.3,1.5,0.2,0.7,0.7,0.6,0.5,0.2,0.1,0.3,0.2,0.1
2017-05-30 04:28:00+02:00,0.2,0.3,0.0,0.7,3.0,2.3,1.8,0.6,0.1,0.5,0.4,2.5,0.4,0.9,0.2,0.3,0.1,0.8,1.9,2.9,1.7,0.1,2.3,0.2,3.3,0.5,0.7,0.3,3.2,0.7,0.3,1.7,0.2,0.7,0.7,0.6,0.5,0.2,0.1,0.3,0.2,0.1
2017-05-30 04:29:00+02:00,0.2,0.3,0.0,0.7,2.9,2.1,1.6,0.5,0.1,0.6,0.4,2.3,0.3,0.8,0.2,0.4,0.1,0.7,1.8,2.8,1.6,0.1,2.1,0.2,3.2,0.5,0.7,0.4,3.1,0.6,0.3,1.5,0.2,0.7,0.7,0.6,0.5,0.2,0.1,0.3,0.2,0.1
2017-05-30 04:30:00+02:00,0.2,0.3,0.0,0.7,2.8,2.0,1.5,0.4,0.0,0.7,0.4,2.2,0.3,0.7,0.2,0.4,0.1,0.6,1.7,2.7,1.5,0.1,2.0,0.3,3.2,0.5,0.7,0.4,3.0,0.5,0.3,1.4,0.2,0.7,0.7,0.6,0.5,0.2,0.1,0.3,0.2,0.1
2017-05-30 04:31:00+02:00,0.1,0.3,0.1,0.6,2.9,2.0,1.5,0.4,0.0,0.6,0.6,2.2,0.3,0.7,0.3,0.4,0.1,0.6,1.6,2.8,1.4,0.2,1.9,0.3,3.2,0.6,0.7,0.4,3.1,0.5,0.4,1.4,0.2,0.7,0.7,0.6,0.5,0.2,0.1,0.3,0.2,0.1
2017-05-30 04:32:00+02:00,0.1,0.5,0.0,0.7,2.9,2.1,1.6,0.4,0.0,0.5,0.5,2.3,0.3,0.6,0.2,0.4,0.1,0.5,1.8,2.9,1.5,0.1,2.0,0.2,3.2,0.5,0.9,0.4,3.1,0.5,0.3,1.5,0.2,0.6,0.6,0.5,0.5,0.2,0.1,0.3,0.2,0.1
2017-05-30 04:33:00+02:00,0.1,0.5,0.0,0.7,2.9,2.1,1.6,0.4,0.0,0.6,0.5,2.3,0.3,0.6,0.2,0.4,0.1,0.5,1.8,2.8,1.5,0.1,2.0,0.2,3.2,0.5,0.9,0.4,3.1,0.5,0.3,1.5,0.2,0.6,0.6,0.5,0.5,0.2,0.1,0.3,0.2,0.1
2017-05-30 04:34:00+02:00,0.1,0.4,0.0,0.7,2.8,2.1,1.6,0.4,0.0,0.6,0.5,2.2,0.3,0.6,0.2,0.4,0.1,0.5,1.8,2.7,1.5,0.1,2.0,0.2,3.2,0.5,0.8,0.4,3.0,0.5,0.3,1.5,0.2,0.7,0.6,0.6,0.5,0.3,0.1,0.3,0.2,0.1
2017-05-30 04:35:00+02:00,0.1,0.5,0.0,0.7,2.8,2.1,1.6,0.4,0.0,0.6,0.5,2.2,0.3,0.6,0.2,0.4,0.1,0.5,1.9,2.7,1.5,0.1,2.0,0.2,3.1,0.5,0.9,0.4,3.0,0.5,0.3,1.5,0.3,0.6,0.6,0.5,0.4,0.2,0.1,0.3,0.2,0.1
2017-05-30 04:36:00+02:00,0.1,0.6,0.0,0.8,2.9,2.2,1.6,0.4,0.0,0.5,0.5,2.3,0.3,0.6,0.2,0.4,0.1,0.5,2.0,2.8,1.6,0.1,2.1,0.2,3.2,0.5,0.9,0.3,3.1,0.5,0.3,1.5,0.4,0.7,0.7,0.7,0.6,0.2,0.1,0.4,0.2,0.2
2017-05-30 04:37:00+02:00,0.1,0.6,0.0,0.8,2.9,2.2,1.7,0.4,0.0,0.5,0.4,2.3,0.3,0.7,0.2,0.4,0.1,0.5,2.0,2.8,1.6,0.1,2.2,0.2,3.3,0.5,0.9,0.3,3.1,0.5,0.3,1.5,0.5,0.7,0.7,0.7,0.6,0.1,0.1,0.5,0.3,0.2
2017-05-30 04:38:00+02:00,0.1,0.6,0.0,0.8,2.9,2.2,1.7,0.4,0.0,0.5,0.4,2.3,0.3,0.7,0.2,0.4,0.1,0.5,2.0,2.8,1.5,0.1,2.2,0.2,3.2,0.5,0.9,0.3,3.0,0.5,0.3,1.5,0.5,0.7,0.7,0.6,0.6,0.1,0.1,0.4,0.3,0.2
2017-05-30 04:39:00+02:00,0.1,0.6,0.0,0.8,3.3,2.6,2.1,0.8,0.0,0.6,0.4,2.7,0.7,1.0,0.2,0.4,0.1,0.9,2.4,3.1,1.9,0.1,2.5,0.2,3.5,0.5,0.9,0.4,3.4,0.9,0.3,1.9,0.5,0.7,0.7,0.6,0.6,0.2,0.1,0.4,0.3,0.2
2017-05-30 04:40:00+02:00,0.1,0.6,0.0,0.8,3.9,3.2,2.7,1.5,0.0,0.6,0.4,3.3,1.3,1.7,0.2,0.5,0.1,1.6,3.0,3.8,2.6,0.1,3.2,0.2,4.1,0.5,0.9,0.4,4.0,1.6,0.2,2.6,0.5,0.7,0.7,0.6,0.6,0.2,0.1,0.4,0.2,0.1
2017-05-30 04:41:00+02:00,0.2,0.5,0.0,0.8,3.5,2.7,2.3,1.0,0.0,0.6,0.4,2.9,0.7,1.3,0.2,0.5,0.1,1.2,2.5,3.3,2.1,0.1,2.7,0.3,3.7,0.5,0.8,0.5,3.6,1.1,0.2,2.1,0.4,0.7,0.7,0.7,0.6,0.2,0.1,0.4,0.2,0.1
2017-05-30 04:42:00+02:00,0.2,0.4,0.0,0.7,3.0,2.3,1.8,0.6,0.0,0.6,0.4,2.4,0.3,0.9,0.2,0.5,0.1,0.8,2.0,2.9,1.7,0.1,2.2,0.2,3.2,0.5,0.7,0.4,3.1,0.7,0.2,1.6,0.3,0.7,0.7,0.6,0.6,0.2,0.2,0.3,0.2,0.1
2017-05-30 04:43:00+02:00,0.2,0.4,0.0,0.7,3.1,2.4,2.0,0.8,0.0,0.6,0.4,2.5,0.5,1.1,0.2,0.5,0.1,1.0,2.2,3.0,1.8,0.1,2.4,0.3,3.3,0.5,0.7,0.4,3.2,0.9,0.2,1.8,0.3,0.7,0.7,0.6,0.6,0.2,0.2,0.3,0.2,0.1
2017-05-30 04:44:00+02:00,0.2,0.4,0.0,0.7,3.1,2.3,1.9,0.7,0.0,0.6,0.5,2.4,0.5,1.0,0.2,0.5,0.1,0.9,2.1,3.0,1.7,0.1,2.3,0.3,3.3,0.6,0.7,0.4,3.2,0.8,0.2,1.7,0.3,0.7,0.7,0.7,0.6,0.2,0.2,0.4,0.3,0.2
2017-05-30 04:45:00+02:00,0.2,0.4,0.0,0.7,3.0,2.2,1.7,0.6,0.0,0.6,0.5,2.3,0.4,0.9,0.2,0.5,0.1,0.9,2.0,2.9,1.6,0.1,2.1,0.3,3.1,0.6,0.7,0.4,3.0,0.7,0.2,1.6,0.3,0.8,0.8,0.8,0.7,0.2,0.2,0.5,0.3,0.2
2017-05-30 04:46:00+02:00,0.2,0.4,0.0,0.7,3.0,2.3,1.8,0.7,0.0,0.6,0.4,2.4,0.5,0.9,0.2,0.5,0.1,0.8,2.0,2.9,1.7,0.1,2.2,0.2,3.2,0.5,0.7,0.4,3.1,0.8,0.3,1.6,0.3,0.8,0.7,0.7,0.6,0.2,0.2,0.4,0.2,0.1
2017-05-30 04:47:00+02:00,0.2,0.5,0.1,0.8,3.0,2.3,1.8,0.7,0.0,0.6,0.5,2.4,0.5,0.9,0.3,0.5,0.1,0.8,2.0,2.9,1.7,0.2,2.2,0.2,3.2,0.6,0.8,0.4,3.1,0.8,0.4,1.7,0.3,0.8,0.7,0.7,0.6,0.2,0.2,0.4,0.3,0.2
2017-05-30 04:48:00+02:00,0.2,0.5,0.1,0.7,3.0,2.2,1.8,0.7,0.0,0.6,0.5,2.3,0.5,0.8,0.3,0.5,0.1,0.8,2.0,2.9,1.7,0.2,2.1,0.2,3.2,0.6,0.8,0.4,3.1,0.8,0.4,1.6,0.2,0.7,0.7,0.6,0.6,0.2,0.2,0.4,0.3,0.1
2017-05-30 04:49:00+02:00,0.2,0.5,0.1,0.7,3.0,2.2,1.8,0.7,0.0,0.6,0.5,2.4,0.5,0.9,0.3,0.5,0.1,0.8,2.0,2.9,1.7,0.2,2.1,0.2,3.2,0.6,0.8,0.4,3.1,0.8,0.4,1.6,0.2,0.7,0.7,0.6,0.6,0.2,0.1,0.4,0.3,0.2
2017-05-30 04:50:00+02:00,0.2,0.4,0.1,0.7,3.0,2.1,1.7,0.7,0.0,0.6,0.5,2.3,0.5,0.8,0.3,0.5,0.1,0.8,1.9,2.9,1.6,0.2,2.0,0.2,3.2,0.6,0.7,0.4,3.1,0.7,0.3,1.5,0.2,0.6,0.6,0.5,0.5,0.1,0.1,0.4,0.3,0.1
2017-05-30 04:51:00+02:00,0.2,0.4,0.1,0.7,2.8,1.8,1.4,0.4,0.0,0.5,0.5,2.0,0.3,0.5,0.3,0.4,0.1,0.5,1.6,2.7,1.3,0.2,1.7,0.2,2.9,0.6,0.7,0.4,2.8,0.5,0.3,1.3,0.2,0.6,0.6,0.5,0.5,0.1,0.1,0.4,0.3,0.2
2017-05-30 04:52:00+02:00,0.2,0.5,0.1,0.7,2.8,1.8,1.4,0.3,0.0,0.5,0.5,2.0,0.2,0.5,0.3,0.4,0.1,0.4,1.6,2.7,1.3,0.2,1.7,0.2,2.9,0.6,0.8,0.4,2.8,0.4,0.3,1.3,0.3,0.6,0.5,0.5,0.5,0.1,0.1,0.4,0.3,0.1
2017-05-30 04:53:00+02:00,0.2,0.5,0.1,0.8,2.8,1.8,1.4,0.4,0.0,0.5,0.5,2.1,0.2,0.5,0.3,0.4,0.1,0.4,1.6,2.7,1.3,0.2,1.7,0.2,2.9,0.6,0.8,0.4,2.8,0.4,0.3,1.3,0.3,0.6,0.6,0.5,0.5,0.1,0.1,0.4,0.3,0.2
2017-05-30 04:54:00+02:00,0.2,0.5,0.1,0.8,2.9,1.9,1.4,0.4,0.0,0.6,0.6,2.1,0.1,0.5,0.3,0.5,0.1,0.4,1.7,2.8,1.4,0.2,1.8,0.2,3.1,0.7,0.8,0.4,2.9,0.4,0.3,1.3,0.3,0.5,0.5,0.4,0.4,0.1,0.1,0.3,0.2,0.1
2017-05-30 04:55:00+02:00,0.2,0.5,0.1,0.8,2.8,1.9,1.4,0.3,0.1,0.6,0.6,2.0,0.1,0.5,0.3,0.5,0.0,0.4,1.6,2.7,1.3,0.2,1.8,0.3,3.1,0.7,0.8,0.5,2.9,0.4,0.3,1.3,0.3,0.5,0.5,0.5,0.4,0.1,0.1,0.3,0.2,0.1
2017-05-30 04:56:00+02:00,0.2,0.5,0.1,0.8,2.6,1.8,1.3,0.3,0.0,0.7,0.6,1.9,0.1,0.4,0.3,0.6,0.0,0.3,1.6,2.5,1.2,0.2,1.7,0.3,2.9,0.7,0.8,0.5,2.7,0.3,0.3,1.2,0.3,0.6,0.6,0.5,0.5,0.2,0.2,0.3,0.2,0.1
2017-05-30 04:57:00+02:00,0.2,0.5,0.1,0.8,2.6,1.8,1.3,0.3,0.0,0.7,0.7,1.8,0.1,0.4,0.3,0.5,0.0,0.4,1.6,2.6,1.3,0.2,1.7,0.3,2.8,0.7,0.8,0.4,2.7,0.3,0.3,1.2,0.3,0.7,0.6,0.6,0.5,0.2,0.2,0.3,0.2,0.1
2017-05-30 04:58:00+02:00,0.2,0.5,0.1,0.8,2.8,1.9,1.5,0.4,0.0,0.7,0.7,2.0,0.3,0.6,0.3,0.5,0.0,0.5,1.7,2.8,1.4,0.2,1.8,0.3,3.0,0.8,0.8,0.5,2.9,0.5,0.4,1.4,0.3,0.7,0.7,0.6,0.6,0.2,0.2,0.4,0.3,0.2
2017-05-30 04:59:00+02:00,0.2,0.5,0.1,0.8,2.9,2.1,1.6,0.5,0.0,0.7,0.7,2.1,0.3,0.7,0.3,0.5,0.1,0.6,1.8,2.8,1.5,0.2,1.9,0.3,3.1,0.7,0.8,0.4,2.9,0.5,0.4,1.5,0.3,0.6,0.6,0.5,0.5,0.1,0.1,0.4,0.3,0.2
2017-05-30 05:00:00+02:00,0.2,0.5,0.1,0.8,2.8,2.1,1.6,0.5,0.0,0.8,0.6,2.1,0.4,0.7,0.3,0.5,0.1,0.6,1.8,2.8,1.5,0.2,2.0,0.3,3.1,0.7,0.8,0.4,2.9,0.6,0.3,1.5,0.3,0.6,0.5,0.5,0.5,0.1,0.1,0.4,0.3,0.2
2017-05-30 05:01:00+02:00,0.2,0.5,0.1,0.8,2.8,2.1,1.6,0.5,0.0,0.6,0.5,2.2,0.4,0.7,0.2,0.5,0.1,0.6,1.9,2.7,1.6,0.1,2.0,0.3,3.0,0.6,0.8,0.4,2.8,0.6,0.3,1.5,0.3,0.6,0.6,0.5,0.5,0.1,0.1,0.4,0.3,0.2
2017-05-30 05:02:00+02:00,0.2,0.6,0.0,0.8,2.8,2.2,1.7,0.5,0.0,0.6,0.5,2.2,0.4,0.8,0.2,0.5,0.1,0.7,1.9,2.8,1.7,0.1,2.1,0.3,3.1,0.5,0.8,0.4,2.9,0.6,0.3,1.6,0.3,0.6,0.6,0.5,0.5,0.2,0.2,0.4,0.3,0.2
2017-05-30 05:03:00+02:00,0.2,0.6,0.0,0.9,2.9,2.2,1.7,0.5,0.0,0.7,0.6,2.2,0.3,0.8,0.3,0.5,0.1,0.7,2.0,2.8,1.7,0.1,2.1,0.3,3.2,0.6,0.9,0.5,3.0,0.6,0.4,1.6,0.4,0.7,0.6,0.5,0.5,0.2,0.2,0.4,0.3,0.2
2017-05-30 05:04:00+02:00,0.2,0.6,0.0,0.9,2.9,2.1,1.7,0.5,0.0,0.7,0.6,2.3,0.3,0.8,0.3,0.6,0.1,0.7,1.9,2.9,1.6,0.1,2.1,0.3,3.3,0.6,0.9,0.5,3.1,0.6,0.4,1.6,0.4,0.7,0.7,0.6,0.5,0.2,0.2,0.4,0.3,0.2
2017-05-30 05:05:00+02:00,0.2,0.5,0.0,0.8,3.0,2.1,1.6,0.5,0.0,0.7,0.6,2.3,0.3,0.7,0.3,0.6,0.1,0.6,1.9,2.9,1.6,0.1,2.0,0.3,3.3,0.7,0.8,0.5,3.1,0.6,0.4,1.6,0.4,0.6,0.6,0.6,0.5,0.2,0.2,0.3,0.3,0.2
2017-05-30 05:06:00+02:00,0.2,0.5,0.0,0.8,3.1,2.1,1.7,0.5,0.0,0.7,0.6,2.3,0.3,0.7,0.3,0.6,0.1,0.6,1.9,3.0,1.6,0.1,2.1,0.3,3.4,0.7,0.8,0.5,3.2,0.6,0.4,1.6,0.4,0.6,0.6,0.5,0.5,0.2,0.2,0.3,0.3,0.1
2017-05-30 05:07:00+02:00,0.2,0.4,0.0,0.7,3.1,2.2,1.7,0.5,0.0,0.7,0.6,2.4,0.3,0.7,0.3,0.6,0.1,0.6,2.0,3.0,1.6,0.1,2.1,0.3,3.4,0.7,0.8,0.5,3.2,0.6,0.4,1.5,0.3,0.6,0.6,0.5,0.5,0.2,0.2,0.3,0.3,0.1
2017-05-30 05:08:00+02:00,0.1,0.4,0.0,0.7,3.0,2.1,1.6,0.5,0.0,0.7,0.5,2.3,0.3,0.7,0.3,0.5,0.1,0.6,1.9,3.0,1.5,0.1,2.0,0.2,3.3,0.6,0.8,0.4,3.1,0.6,0.4,1.5,0.3,0.6,0.6,0.6,0.5,0.2,0.2,0.3,0.3,0.2
2017-05-30 05:09:00+02:00,0.1,0.4,0.0,0.7,2.9,2.1,1.5,0.5,0.0,0.7,0.5,2.3,0.3,0.7,0.2,0.5,0.1,0.6,1.8,2.8,1.5,0.1,2.0,0.2,3.1,0.6,0.7,0.4,3.0,0.6,0.3,1.4,0.3,0.6,0.6,0.6,0.5,0.2,0.2,0.3,0.3,0.2
2017-05-30 05:10:00+02:00,0.1,0.5,0.0,0.7,2.8,2.1,1.5,0.5,0.0,0.7,0.4,2.2,0.3,0.7,0.2,0.5,0.1,0.6,1.8,2.8,1.5,0.1,1.9,0.2,2.9,0.5,0.8,0.4,2.9,0.6,0.3,1.4,0.4,0.6,0.6,0.6,0.5,0.2,0.2,0.3,0.3,0.2
2017-05-30 05:11:00+02:00,0.2,0.5,0.0,0.8,2.8,2.1,1.6,0.4,0.0,0.7,0.4,2.3,0.3,0.7,0.2,0.5,0.1,0.6,1.8,2.8,1.5,0.1,2.0,0.3,3.0,0.5,0.8,0.4,2.9,0.5,0.3,1.5,0.4,0.7,0.7,0.6,0.6,0.2,0.2,0.4,0.3,0.2
2017-05-30 05:12:00+02:00,0.2,0.4,0.0,0.7,2.7,1.9,1.5,0.4,0.0,0.7,0.4,2.1,0.3,0.7,0.1,0.5,0.1,0.5,1.7,2.6,1.4,0.1,1.8,0.3,2.9,0.5,0.7,0.4,2.8,0.5,0.2,1.4,0.2,0.7,0.7,0.6,0.6,0.2,0.2,0.4,0.3,0.2
2017-05-30 05:13:00+02:00,0.2,0.5,0.0,0.8,2.7,1.9,1.5,0.4,0.0,0.8,0.4,2.1,0.2,0.6,0.1,0.5,0.1,0.5,1.7,2.6,1.5,0.1,1.8,0.3,2.8,0.5,0.8,0.4,2.7,0.4,0.2,1.4,0.3,0.7,0.7,0.6,0.5,0.2,0.2,0.3,0.3,0.1
2017-05-30 05:14:00+02:00,0.2,0.5,0.0,0.8,2.6,1.9,1.5,0.3,0.0,0.8,0.4,2.1,0.2,0.6,0.1,0.5,0.1,0.5,1.6,2.5,1.4,0.1,1.8,0.3,2.7,0.4,0.8,0.5,2.7,0.4,0.2,1.4,0.3,0.7,0.7,0.6,0.5,0.2,0.2,0.3,0.3,0.1
2017-05-30 05:15:00+02:00,0.1,0.6,0.0,0.9,2.7,1.9,1.6,0.4,0.0,0.7,0.4,2.1,0.2,0.6,0.1,0.5,0.1,0.5,1.7,2.6,1.5,0.1,1.8,0.2,2.8,0.5,0.9,0.4,2.8,0.4,0.2,1.5,0.4,0.7,0.7,0.6,0.5,0.2,0.2,0.3,0.2,0.1
2017-05-30 05:16:00+02:00,0.1,0.7,0.0,1.0,3.9,3.1,2.7,1.4,0.0,0.6,0.4,3.3,1.2,1.6,0.2,0.4,0.1,1.5,2.9,3.8,2.6,0.1,3.0,0.2,4.0,0.5,1.0,0.4,3.9,1.4,0.3,2.6,0.6,0.7,0.7,0.6,0.6,0.2,0.2,0.3,0.3,0.2
2017-05-30 05:17:00+02:00,0.1,0.7,0.1,0.9,4.9,3.9,2.5,1.3,0.0,0.7,0.5,4.2,1.1,1.5,0.3,0.4,0.1,1.4,3.7,4.8,2.5,0.1,3.8,0.2,5.1,0.6,0.9,0.4,4.9,1.4,0.3,2.4,0.6,0.7,0.7,0.6,0.6,0.2,0.2,0.4,0.3,0.2
2017-05-30 05:18:00+02:00,0.1,0.4,0.1,0.6,3.2,2.3,1.3,0.4,0.0,0.7,0.5,2.5,0.2,0.6,0.3,0.4,0.1,0.5,2.1,3.1,1.3,0.1,2.2,0.2,3.5,0.6,0.6,0.4,3.3,0.5,0.3,1.2,0.3,0.8,0.7,0.6,0.6,0.2,0.2,0.3,0.3,0.2
2017-05-30 05:19:00+02:00,0.1,0.3,0.1,0.6,2.6,1.7,1.3,0.4,0.0,0.6,0.4,1.9,0.2,0.6,0.2,0.4,0.1,0.5,1.4,2.5,1.2,0.1,1.5,0.2,2.8,0.6,0.6,0.4,2.7,0.5,0.3,1.1,0.2,0.8,0.7,0.6,0.6,0.2,0.2,0.3,0.3,0.2
2017-05-30 05:20:00+02:00,0.1,0.3,0.1,0.5,2.4,1.5,1.1,0.4,0.0,0.6,0.4,1.7,0.2,0.5,0.2,0.4,0.1,0.5,1.3,2.3,1.1,0.1,1.4,0.2,2.6,0.6,0.5,0.4,2.5,0.5,0.3,1.0,0.2,0.7,0.6,0.6,0.5,0.2,0.2,0.3,0.3,0.2
2017-05-30 05:21:00+02:00,0.1,0.3,0.0,0.5,2.3,1.5,1.1,0.4,0.0,0.6,0.4,1.7,0.2,0.5,0.2,0.4,0.1,0.5,1.3,2.2,1.1,0.1,1.4,0.2,2.6,0.5,0.5,0.4,2.4,0.4,0.3,1.0,0.2,0.7,0.6,0.5,0.5,0.2,0.2,0.3,0.3,0.2
2017-05-30 05:22:00+02:00,0.1,0.3,0.0,0.5,2.4,1.6,1.2,0.4,0.0,0.6,0.4,1.8,0.2,0.5,0.2,0.4,0.1,0.5,1.3,2.3,1.1,0.1,1.5,0.1,2.6,0.5,0.5,0.3,2.5,0.4,0.2,1.0,0.2,0.7,0.6,0.5,0.5,0.2,0.2,0.3,0.3,0.2
2017-05-30 05:23:00+02:00,0.0,0.3,0.0,0.5,2.4,1.7,1.2,0.4,0.0,0.6,0.4,1.8,0.2,0.5,0.1,0.4,0.1,0.5,1.4,2.3,1.1,0.1,1.5,0.1,2.6,0.5,0.5,0.3,2.5,0.4,0.2,1.0,0.2,0.7,0.6,0.5,0.5,0.2,0.2,0.3,0.3,0.2
2017-05-30 05:24:00+02:00,0.0,0.3,0.0,0.5,2.5,1.7,1.3,0.4,0.0,0.6,0.4,1.9,0.3,0.6,0.1,0.4,0.1,0.5,1.4,2.4,1.2,0.1,1.6,0.1,2.7,0.5,0.5,0.3,2.6,0.4,0.2,1.1,0.2,0.8,0.6,0.6,0.5,0.2,0.2,0.4,0.3,0.2
2017-05-30 05:25:00+02:00,0.1,0.3,0.0,0.5,2.6,1.9,1.4,0.5,0.0,0.6,0.4,2.0,0.3,0.6,0.2,0.3,0.1,0.6,1.6,2.5,1.3,0.1,1.7,0.1,2.9,0.5,0.5,0.3,2.7,0.5,0.3,1.2,0.1,0.8,0.7,0.6,0.6,0.2,0.2,0.4,0.4,0.3
2017-05-30 05:26:00+02:00,0.1,0.3,0.0,0.5,2.7,1.9,1.5,0.5,0.1,0.6,0.4,2.1,0.3,0.7,0.2,0.4,0.1,0.6,1.6,2.6,1.3,0.1,1.8,0.2,2.9,0.5,0.5,0.3,2.8,0.6,0.3,1.2,0.1,0.8,0.7,0.6,0.6,0.1,0.1,0.5,0.4,0.3
2017-05-30 05:27:00+02:00,0.1,0.3,0.0,0.5,2.8,1.9,1.5,0.5,0.1,0.7,0.4,2.1,0.3,0.7,0.2,0.5,0.1,0.6,1.7,2.6,1.3,0.1,1.8,0.2,3.0,0.5,0.5,0.4,2.9,0.6,0.3,1.2,0.1,0.8,0.7,0.6,0.6,0.1,0.1,0.5,0.4,0.3
2017-05-30 05:28:00+02:00,0.1,0.3,0.0,0.5,2.9,2.0,1.6,0.6,0.1,0.7,0.5,2.2,0.4,0.8,0.2,0.4,0.1,0.7,1.8,2.7,1.4,0.1,1.9,0.2,3.1,0.5,0.5,0.4,3.0,0.7,0.3,1.3,0.1,0.8,0.7,0.6,0.5,0.1,0.1,0.5,0.4,0.3
2017-05-30 05:29:00+02:00,0.1,0.3,0.0,0.5,2.7,1.9,1.5,0.6,0.0,0.6,0.4,2.1,0.4,0.7,0.2,0.4,0.1,0.7,1.7,2.6,1.4,0.1,1.8,0.3,2.9,0.5,0.5,0.4,2.8,0.6,0.3,1.3,0.2,0.7,0.6,0.5,0.5,0.1,0.1,0.4,0.4,0.3
2017-05-30 05:30:00+02:00,0.1,1.2,0.0,1.4,2.9,2.3,2.0,0.5,0.0,0.3,0.3,2.5,0.4,0.6,0.1,0.3,0.1,0.5,2.2,2.8,1.9,0.1,2.2,0.2,2.9,0.2,1.3,0.3,3.0,0.5,0.2,1.9,1.2,0.3,0.2,0.2,0.3,0.1,0.0,0.3,0.3,0.3
2017-05-30 05:31:00+02:00,0.1,1.6,0.0,1.7,2.8,2.4,2.1,0.5,0.0,0.2,0.1,2.6,0.4,0.5,0.1,0.2,0.1,0.5,2.3,2.6,2.1,0.1,2.3,0.1,2.8,0.1,1.6,0.2,2.9,0.5,0.1,2.0,1.6,0.2,0.2,0.2,0.2,0.2,0.0,0.3,0.3,0.2
2017-05-30 05:32:00+02:00,0.1,1.0,0.0,1.1,1.7,1.5,1.3,0.5,0.0,0.1,0.1,1.7,0.4,0.4,0.1,0.1,0.1,0.4,1.4,1.6,1.4,0.0,1.5,0.1,1.6,0.1,1.0,0.2,1.8,0.5,0.0,1.3,1.2,0.2,0.3,0.4,0.3,0.2,0.1,0.1,0.2,0.1
2017-05-30 05:33:00+02:00,0.1,0.1,0.0,0.1,0.3,0.3,0.3,0.4,0.0,0.2,0.2,0.4,0.4,0.3,0.1,0.1,0.1,0.3,0.3,0.2,0.3,0.0,0.3,0.1,0.4,0.4,0.1,0.1,0.3,0.4,0.1,0.3,0.2,0.5,0.5,0.5,0.4,0.3,0.1,0.2,0.2,0.2
2017-05-30 05:34:00+02:00,0.2,0.0,0.0,0.1,0.5,0.2,0.3,0.4,0.0,0.4,0.3,0.2,0.4,0.2,0.1,0.1,0.1,0.2,0.3,0.5,0.2,0.0,0.2,0.1,0.8,0.5,0.2,0.1,0.5,0.4,0.2,0.2,0.2,0.8,0.8,0.9,0.6,0.4,0.2,0.2,0.1,0.1
2017-05-30 05:35:00+02:00,0.2,0.0,0.0,0.2,0.9,0.4,0.4,0.4,0.0,0.6,0.4,0.4,0.4,0.2,0.1,0.2,0.1,0.2,0.4,1.0,0.3,0.0,0.4,0.1,1.4,0.6,0.4,0.1,0.9,0.4,0.2,0.3,0.2,1.1,1.1,1.1,0.8,0.5,0.2,0.4,0.2,0.1
2017-05-30 05:36:00+02:00,0.2,0.0,0.0,0.2,1.3,0.6,0.7,0.4,0.0,0.7,0.5,0.6,0.3,0.2,0.1,0.3,0.1,0.2,0.7,1.3,0.4,0.0,0.6,0.2,1.8,0.7,0.5,0.1,1.2,0.4,0.3,0.4,0.2,1.3,1.3,1.3,1.0,0.6,0.2,0.4,0.2,0.1
2017-05-30 05:37:00+02:00,0.2,0.1,0.0,0.3,1.6,0.9,0.9,0.3,0.0,0.8,0.5,0.8,0.3,0.1,0.1,0.4,0.1,0.2,1.0,1.6,0.6,0.0,0.9,0.2,2.2,0.8,0.6,0.1,1.5,0.3,0.3,0.6,0.2,1.4,1.4,1.4,1.1,0.6,0.3,0.5,0.2,0.2
2017-05-30 05:38:00+02:00,0.3,0.1,0.0,0.4,1.9,1.1,1.1,0.3,0.1,1.0,0.6,1.1,0.3,0.2,0.1,0.4,0.0,0.1,1.2,1.9,0.8,0.1,1.2,0.2,2.6,0.9,0.7,0.1,1.9,0.3,0.4,0.8,0.2,1.5,1.4,1.4,1.1,0.7,0.3,0.4,0.2,0.3
2017-05-30 05:39:00+02:00,0.3,0.2,0.0,0.5,2.2,1.3,1.3,0.3,0.0,1.1,0.7,1.3,0.3,0.2,0.1,0.5,0.0,0.2,1.5,2.3,1.0,0.1,1.4,0.2,3.0,1.0,0.8,0.2,2.2,0.3,0.4,1.0,0.1,1.7,1.6,1.6,1.2,0.8,0.3,0.5,0.2,0.3
2017-05-30 05:40:00+02:00,0.3,0.2,0.0,0.5,2.4,1.5,1.5,0.3,0.0,1.3,0.7,1.5,0.3,0.2,0.1,0.6,0.1,0.2,1.6,2.5,1.1,0.0,1.6,0.2,3.2,1.0,0.9,0.2,2.4,0.3,0.4,1.1,0.1,1.8,1.8,1.7,1.3,0.8,0.3,0.6,0.2,0.2
2017-05-30 05:41:00+02:00,0.3,0.3,0.1,0.6,2.8,1.7,1.7,0.3,0.1,1.4,0.8,1.7,0.3,0.2,0.1,0.6,0.1,0.1,1.8,2.8,1.2,0.1,1.8,0.3,3.6,1.1,1.0,0.3,2.8,0.2,0.4,1.2,0.1,1.9,1.9,1.9,1.4,0.8,0.4,0.6,0.2,0.2
2017-05-30 05:42:00+02:00,0.3,0.3,0.1,0.7,3.1,2.0,1.8,0.3,0.1,1.5,0.8,2.0,0.3,0.3,0.1,0.7,0.1,0.2,2.1,3.1,1.4,0.1,2.0,0.3,4.0,1.2,1.1,0.3,3.1,0.2,0.4,1.4,0.1,2.1,2.1,2.0,1.6,0.9,0.4,0.7,0.2,0.2
2017-05-30 05:43:00+02:00,0.3,0.3,0.1,0.7,3.0,1.9,1.7,0.6,0.1,1.6,0.8,1.9,0.6,0.1,0.1,0.8,0.1,0.2,2.0,3.1,1.2,0.1,2.0,0.3,4.0,1.2,1.2,0.3,3.1,0.5,0.5,1.2,0.1,2.4,2.4,2.3,1.8,1.0,0.5,0.9,0.4,0.0
2017-05-30 05:44:00+02:00,0.3,0.4,0.1,0.8,3.6,2.3,2.1,0.3,0.1,1.8,0.8,2.3,0.3,0.3,0.1,0.9,0.1,0.2,2.4,3.6,1.6,0.1,2.4,0.4,4.6,1.3,1.2,0.4,3.6,0.3,0.5,1.5,0.1,2.5,2.4,2.4,1.9,1.1,0.5,0.9,0.4,0.1
2017-05-30 05:45:00+02:00,0.4,0.4,0.1,0.8,3.9,2.5,2.2,0.3,0.1,1.8,0.9,2.5,0.3,0.3,0.1,0.8,0.1,0.2,2.5,3.9,1.7,0.1,2.5,0.4,4.9,1.4,1.3,0.4,3.9,0.3,0.6,1.6,0.1,2.7,2.6,2.6,2.1,1.1,0.5,0.9,0.4,0.1
2017-05-30 05:46:00+02:00,0.4,0.5,0.1,0.9,4.4,2.8,2.5,0.3,0.1,1.8,1.1,2.8,0.2,0.4,0.1,0.9,0.1,0.3,2.8,4.4,1.9,0.1,2.8,0.4,5.5,1.6,1.4,0.4,4.4,0.2,0.7,1.8,0.0,2.8,2.8,2.7,2.2,1.2,0.6,1.0,0.5,0.0
2017-05-30 05:47:00+02:00,0.4,0.5,0.1,1.0,4.7,3.1,2.7,0.3,0.1,2.0,1.1,3.1,0.3,0.5,0.2,1.0,0.1,0.4,3.1,4.7,2.1,0.1,3.1,0.5,5.9,1.6,1.5,0.4,4.8,0.3,0.7,2.0,0.0,3.0,3.0,2.9,2.4,1.3,0.6,1.1,0.6,0.1
2017-05-30 05:48:00+02:00,0.5,0.6,0.1,1.2,5.2,3.4,2.9,0.4,0.1,2.1,1.2,3.4,0.4,0.5,0.2,1.1,0.1,0.3,3.3,5.2,2.3,0.1,3.3,0.5,6.4,1.8,1.7,0.5,5.2,0.3,0.7,2.2,0.1,3.1,3.1,3.0,2.4,1.3,0.6,1.1,0.5,0.0
2017-05-30 05:49:00+02:00,0.5,0.7,0.1,1.3,5.7,3.7,3.2,0.3,0.1,2.3,1.3,3.7,0.3,0.6,0.2,1.1,0.1,0.4,3.7,5.7,2.6,0.1,3.7,0.6,7.0,2.0,1.9,0.5,5.7,0.2,0.8,2.5,0.2,3.2,3.1,3.0,2.4,1.3,0.5,1.1,0.5,0.1
2017-05-30 05:50:00+02:00,0.5,0.8,0.1,1.4,6.4,4.3,3.9,0.2,0.1,2.4,1.4,4.3,0.0,1.0,0.2,1.2,0.1,0.8,4.2,6.4,3.2,0.1,4.2,0.6,7.8,2.1,2.0,0.5,6.5,0.3,0.9,3.1,0.2,3.4,3.2,3.1,2.5,1.2,0.6,1.3,0.6,0.0
2017-05-30 05:51:00+02:00,0.6,0.9,0.1,1.5,7.0,4.6,4.2,0.2,0.1,2.7,1.5,4.7,0.1,1.2,0.2,1.4,0.1,1.0,4.5,7.0,3.5,0.2,4.6,0.7,8.4,2.2,2.2,0.7,7.0,0.4,1.0,3.4,0.2,3.4,3.3,3.2,2.5,1.3,0.6,1.2,0.5,0.2
2017-05-30 05:52:00+02:00,0.6,0.9,0.1,1.6,7.4,4.9,4.6,0.3,0.1,2.9,1.6,5.0,0.1,1.3,0.2,1.5,0.1,1.1,4.9,7.4,3.8,0.2,4.9,0.7,9.0,2.4,2.4,0.8,7.4,0.5,1.0,3.7,0.2,3.8,3.7,3.5,2.8,1.4,0.6,1.4,0.6,0.1
2017-05-30 05:53:00+02:00,0.7,1.0,0.1,1.7,7.6,5.0,4.8,0.3,0.1,3.0,1.6,5.1,0.1,1.4,0.1,1.5,0.1,1.1,5.0,7.5,4.0,0.1,5.0,0.8,9.3,2.4,2.5,0.8,7.7,0.5,1.0,3.8,0.2,4.0,3.9,3.7,3.0,1.6,0.7,1.4,0.6,0.1
2017-05-30 05:54:00+02:00,0.6,1.0,0.1,1.7,7.9,5.3,4.8,0.3,0.2,2.7,1.7,5.3,0.1,1.4,0.2,1.3,0.0,1.1,5.2,7.8,4.0,0.2,5.3,0.6,9.6,2.5,2.5,0.7,8.0,0.5,1.0,3.9,0.2,4.1,3.9,3.8,3.0,1.6,0.7,1.5,0.7,0.1
2017-05-30 05:55:00+02:00,0.6,1.0,0.1,1.7,7.9,5.3,4.7,0.2,0.1,2.8,1.6,5.4,0.1,1.3,0.2,1.4,0.0,1.1,5.2,7.8,3.9,0.2,5.2,0.7,9.5,2.4,2.5,0.7,7.9,0.4,1.0,3.8,0.2,4.2,4.1,4.0,3.2,1.7,0.8,1.5,0.7,0.0
2017-05-30 05:56:00+02:00,0.7,1.0,0.1,1.6,7.9,5.3,4.7,0.3,0.1,3.0,1.7,5.4,0.1,1.3,0.2,1.6,0.0,1.1,5.2,7.9,3.9,0.2,5.2,0.8,9.6,2.5,2.4,0.8,8.0,0.5,1.0,3.8,0.2,4.2,4.1,3.9,3.2,1.6,0.8,1.5,0.7,0.0
2017-05-30 05:57:00+02:00,0.7,1.0,0.1,1.7,8.1,5.4,4.8,0.3,0.2,3.1,1.7,5.5,0.1,1.4,0.3,1.6,0.0,1.2,5.3,8.0,4.0,0.2,5.3,0.8,9.6,2.5,2.4,0.9,7.9,0.5,1.1,3.8,0.3,4.2,4.1,3.9,3.1,1.6,0.8,1.5,0.8,0.0
2017-05-30 05:58:00+02:00,0.7,1.0,0.1,1.7,8.2,5.5,4.8,0.2,0.2,3.2,1.8,5.5,0.1,1.3,0.3,1.7,0.1,1.1,5.3,8.2,4.0,0.2,5.4,0.9,9.5,2.6,2.5,0.9,7.8,0.4,1.1,3.8,0.3,4.3,4.2,4.1,3.3,1.7,0.8,1.6,0.9,0.1
2017-05-30 05:59:00+02:00,0.8,1.0,0.1,1.7,8.6,5.6,5.0,0.2,0.2,3.2,1.9,5.7,0.1,1.5,0.3,1.7,0.1,1.2,5.5,8.5,4.1,0.2,5.6,0.9,10.4,2.8,2.5,1.0,8.7,0.5,1.1,4.0,0.3,4.5,4.4,4.3,3.4,1.7,0.8,1.7,0.9,0.1
2017-05-30 06:00:00+02:00,0.8,1.1,0.1,1.8,9.1,6.0,5.3,0.3,0.2,3.4,2.0,6.1,0.1,1.6,0.3,1.8,0.1,1.3,5.9,9.0,4.4,0.2,6.0,1.0,10.9,2.9,2.7,1.0,9.2,0.6,1.2,4.3,0.4,4.7,4.6,4.5,3.6,1.8,0.9,1.8,1.0,0.1
2017-05-30 06:01:00+02:00,0.9,1.1,0.2,1.9,9.7,6.4,5.6,0.3,0.2,3.6,2.1,6.5,0.1,1.7,0.4,1.9,0.1,1.4,6.2,9.5,4.7,0.3,6.3,1.0,11.6,3.0,2.8,1.1,9.8,0.6,1.3,4.5,0.4,5.0,4.8,4.7,3.8,1.9,0.9,1.9,1.0,0.1
2017-05-30 06:02:00+02:00,0.9,1.3,0.2,2.2,10.5,7.0,6.1,0.4,0.3,3.9,2.2,7.1,0.1,1.9,0.4,2.0,0.2,1.5,6.8,10.3,5.1,0.3,6.9,1.1,12.6,3.2,3.1,1.2,10.7,0.7,1.4,4.9,0.4,5.3,5.1,5.0,4.0,2.0,1.0,2.0,1.1,0.1
2017-05-30 06:03:00+02:00,0.9,1.4,0.2,2.3,11.3,7.5,6.6,0.5,0.3,4.0,2.4,7.7,0.2,2.1,0.4,2.1,0.2,1.6,7.2,11.1,5.5,0.3,7.4,1.1,13.5,3.4,3.3,1.2,11.4,0.8,1.5,5.3,0.5,5.6,5.4,5.2,4.2,2.1,1.0,2.2,1.2,0.2
2017-05-30 06:04:00+02:00,0.9,1.5,0.2,2.5,12.1,8.1,7.0,0.6,0.3,4.3,2.6,8.3,0.2,2.2,0.5,2.2,0.2,1.8,7.8,11.9,5.9,0.4,8.0,1.1,14.5,3.7,3.5,1.3,12.3,0.9,1.6,5.7,0.5,6.0,5.7,5.6,4.5,2.2,1.1,2.3,1.3,0.2
2017-05-30 06:05:00+02:00,1.0,1.6,0.2,2.7,13.1,8.7,7.6,0.7,0.3,4.7,2.8,8.9,0.2,2.4,0.5,2.4,0.2,1.9,8.4,12.9,6.4,0.4,8.6,1.3,15.6,4.0,3.7,1.4,13.2,1.0,1.7,6.1,0.5,6.4,6.1,6.0,4.8,2.3,1.2,2.5,1.4,0.2
2017-05-30 06:06:00+02:00,1.1,1.7,0.3,2.8,14.3,9.5,8.2,0.8,0.4,5.0,3.0,9.7,0.3,2.7,0.6,2.6,0.2,2.2,9.1,14.1,7.0,0.5,9.3,1.3,17.0,4.3,4.0,1.5,14.5,1.2,1.9,6.7,0.6,6.8,6.5,6.3,5.1,2.5,1.2,2.6,1.5,0.2
2017-05-30 06:07:00+02:00,1.1,1.9,0.3,3.1,15.4,10.3,8.9,0.8,0.4,5.3,3.2,10.5,0.3,2.9,0.7,2.7,0.3,2.3,9.8,15.1,7.6,0.5,10.1,1.3,18.2,4.6,4.4,1.5,15.6,1.3,2.0,7.3,0.6,7.1,6.8,6.6,5.3,2.7,1.3,2.6,1.4,0.2
2017-05-30 06:08:00+02:00,1.2,1.9,0.3,3.2,15.9,10.7,9.2,0.9,0.4,5.6,3.3,10.9,0.3,3.0,0.7,2.9,0.3,2.4,10.2,15.7,7.9,0.5,10.5,1.4,18.9,4.8,4.6,1.6,16.1,1.3,2.1,7.6,0.6,7.3,7.0,6.8,5.4,2.8,1.4,2.6,1.3,0.2
2017-05-30 06:09:00+02:00,1.2,1.9,0.3,3.2,16.0,10.7,9.3,0.8,0.4,5.8,3.4,11.0,0.3,3.0,0.6,2.9,0.2,2.4,10.3,15.8,8.0,0.4,10.6,1.5,19.1,4.8,4.7,1.6,16.2,1.3,2.0,7.7,0.6,7.3,7.0,6.8,5.4,3.0,1.5,2.5,1.1,0.2
2017-05-30 06:10:00+02:00,1.4,2.0,0.2,3.3,16.0,10.7,9.4,0.8,0.4,5.9,3.4,10.9,0.2,3.0,0.5,3.0,0.2,2.3,10.3,15.8,8.0,0.4,10.6,1.6,19.1,4.9,4.8,1.7,16.1,1.2,2.0,7.8,0.6,7.7,7.5,7.3,5.9,3.0,1.5,2.9,1.4,0.1
2017-05-30 06:11:00+02:00,1.4,2.1,0.2,3.3,15.8,10.6,9.3,0.7,0.5,5.9,3.3,10.8,0.1,2.8,0.6,3.0,0.1,2.2,10.2,15.6,7.9,0.4,10.4,1.6,18.8,4.8,4.8,1.7,15.9,1.2,2.0,7.6,0.7,7.7,7.5,7.3,6.0,2.9,1.5,3.0,1.5,0.1
2017-05-30 06:12:00+02:00,1.3,2.0,0.2,3.2,15.1,10.1,8.8,0.7,0.5,5.6,3.2,10.3,0.1,2.7,0.6,2.9,0.1,2.0,9.7,15.0,7.5,0.4,10.0,1.5,18.0,4.6,4.6,1.6,15.3,1.1,2.0,7.2,0.7,7.4,7.2,7.0,5.7,2.7,1.4,2.9,1.5,0.1
2017-05-30 06:13:00+02:00,1.2,1.9,0.2,3.0,14.4,9.6,8.3,0.6,0.5,5.2,3.1,9.8,0.1,2.5,0.6,2.7,0.1,1.9,9.2,14.2,7.0,0.4,9.4,1.4,17.1,4.4,4.3,1.5,14.5,1.0,1.9,6.8,0.7,7.0,6.8,6.7,5.3,2.6,1.3,2.7,1.4,0.1
2017-05-30 06:14:00+02:00,1.2,1.9,0.2,2.9,14.0,9.3,8.1,0.5,0.4,5.2,3.0,9.5,0.1,2.4,0.5,2.6,0.1,1.8,8.9,13.9,6.8,0.4,9.2,1.4,16.8,4.4,4.3,1.5,14.2,0.9,1.9,6.6,0.7,7.0,6.8,6.6,5.3,2.6,1.3,2.7,1.4,0.2
2017-05-30 06:15:00+02:00,1.0,1.5,0.2,2.4,11.4,7.5,6.6,0.4,0.4,4.2,2.5,7.7,0.1,1.9,0.5,2.2,0.1,1.5,7.2,11.2,5.5,0.3,7.4,1.1,13.6,3.5,3.5,1.2,11.5,0.7,1.6,5.4,0.6,5.7,5.5,5.4,4.3,2.1,1.0,2.3,1.2,0.2
2017-05-30 06:16:00+02:00,0.5,0.8,0.2,1.3,6.8,4.4,3.7,0.2,0.2,2.4,1.5,4.6,0.1,1.1,0.5,1.3,0.1,0.8,4.1,6.6,3.2,0.3,4.3,0.7,8.0,2.0,1.9,0.8,6.9,0.4,1.0,3.0,0.4,3.2,3.0,2.9,2.3,1.1,0.6,1.2,0.6,0.1
2017-05-30 06:17:00+02:00,0.5,0.8,0.2,1.2,6.1,3.9,3.3,0.2,0.2,2.1,1.3,4.1,0.1,0.9,0.4,1.1,0.1,0.7,3.7,5.9,2.9,0.3,3.8,0.6,7.2,1.8,1.7,0.7,6.2,0.3,0.9,2.7,0.3,2.9,2.7,2.6,2.1,1.0,0.5,1.1,0.6,0.1
2017-05-30 06:18:00+02:00,0.4,0.7,0.2,1.1,5.6,3.6,3.1,0.1,0.2,2.0,1.2,3.8,0.1,0.8,0.4,1.1,0.1,0.6,3.4,5.5,2.6,0.3,3.5,0.6,6.7,1.7,1.6,0.6,5.7,0.3,0.8,2.4,0.3,2.7,2.6,2.4,1.9,0.9,0.5,1.0,0.5,0.1
2017-05-30 06:19:00+02:00,0.4,0.7,0.2,1.1,5.3,3.4,2.9,0.1,0.2,1.8,1.2,3.5,0.1,0.8,0.4,1.0,0.1,0.6,3.2,5.1,2.5,0.3,3.3,0.6,6.2,1.6,1.5,0.6,5.3,0.2,0.8,2.3,0.3,2.6,2.4,2.3,1.8,0.9,0.4,1.0,0.5,0.1
2017-05-30 06:20:00+02:00,0.4,0.7,0.2,1.0,5.0,3.3,2.9,0.1,0.2,1.8,1.1,3.4,0.0,0.8,0.3,1.0,0.1,0.6,3.1,4.9,2.4,0.3,3.2,0.5,6.0,1.5,1.5,0.6,5.1,0.3,0.7,2.3,0.3,2.6,2.4,2.3,1.8,0.9,0.4,0.9,0.5,0.1
2017-05-30 06:21:00+02:00,0.4,0.6,0.2,1.0,4.8,3.2,2.7,0.1,0.2,1.8,1.1,3.2,0.0,0.7,0.3,1.0,0.1,0.6,3.0,4.7,2.3,0.3,3.0,0.5,5.7,1.5,1.5,0.6,4.9,0.3,0.7,2.1,0.3,2.6,2.4,2.2,1.8,0.9,0.4,0.9,0.5,0.1
2017-05-30 06:22:00+02:00,0.4,0.6,0.2,1.0,4.8,3.2,2.7,0.1,0.2,1.8,1.1,3.2,0.0,0.7,0.3,1.0,0.1,0.6,3.0,4.7,2.3,0.3,3.0,0.5,5.7,1.4,1.4,0.6,4.9,0.3,0.7,2.1,0.3,2.6,2.4,2.2,1.8,0.8,0.4,0.9,0.5,0.2
2017-05-30 06:23:00+02:00,0.4,0.7,0.2,1.0,5.0,3.4,2.9,0.1,0.2,1.9,1.0,3.4,0.0,0.8,0.3,1.0,0.1,0.7,3.2,4.8,2.4,0.3,3.2,0.6,5.6,1.4,1.5,0.6,4.7,0.3,0.7,2.3,0.3,2.7,2.5,2.3,1.9,0.9,0.4,1.0,0.6,0.2
2017-05-30 06:24:00+02:00,0.5,0.7,0.2,1.1,5.6,3.8,3.3,0.2,0.2,2.1,1.2,3.8,0.1,0.9,0.4,1.1,0.1,0.9,3.5,5.5,2.8,0.3,3.6,0.6,6.4,1.7,1.7,0.7,5.4,0.4,0.8,2.6,0.3,2.9,2.8,2.6,2.1,1.0,0.5,1.1,0.6,0.2
2017-05-30 06:25:00+02:00,0.7,1.1,0.2,1.7,8.4,5.6,4.9,0.3,0.3,3.1,1.9,5.7,0.1,1.4,0.4,1.6,0.1,1.2,5.3,8.2,4.1,0.3,5.4,0.9,9.7,2.6,2.5,0.9,8.2,0.6,1.2,3.9,0.4,4.3,4.1,3.9,3.1,1.5,0.7,1.6,0.9,0.2
2017-05-30 06:26:00+02:00,0.9,1.6,0.2,2.3,11.3,7.5,6.6,0.4,0.4,4.0,2.5,7.6,0.1,2.0,0.5,2.0,0.1,1.6,7.2,11.1,5.6,0.3,7.4,1.1,13.0,3.4,3.4,1.1,11.0,0.8,1.5,5.4,0.6,5.7,5.5,5.3,4.2,2.1,1.0,2.2,1.2,0.2
2017-05-30 06:27:00+02:00,1.2,2.1,0.2,3.2,15.0,10.2,9.0,0.6,0.5,5.3,3.2,10.3,0.1,2.7,0.5,2.6,0.1,2.1,9.7,14.9,7.6,0.3,10.0,1.4,17.6,4.6,4.7,1.4,14.8,1.1,1.9,7.4,0.8,7.7,7.5,7.3,5.9,2.8,1.4,3.0,1.6,0.3
2017-05-30 06:28:00+02:00,1.3,2.3,0.2,3.4,16.0,10.9,9.6,0.7,0.6,5.6,3.4,11.0,0.3,2.9,0.5,2.7,0.1,2.2,10.4,15.9,8.1,0.3,10.7,1.4,18.8,4.9,5.0,1.5,15.8,1.2,2.0,7.9,0.8,8.2,8.0,7.8,6.2,3.0,1.5,3.2,1.7,0.3
2017-05-30 06:29:00+02:00,1.4,2.5,0.2,3.8,17.5,11.9,10.5,0.8,0.6,6.1,3.7,12.1,0.3,3.2,0.5,3.0,0.1,2.5,11.4,17.4,8.9,0.4,11.7,1.6,20.6,5.3,5.5,1.6,17.3,1.4,2.2,8.7,0.9,8.9,8.7,8.5,6.8,3.3,1.6,3.5,1.9,0.3
2017-05-30 06:30:00+02:00,1.5,2.7,0.3,4.1,18.9,12.9,11.3,0.9,0.6,6.5,4.0,13.0,0.3,3.5,0.6,3.2,0.1,2.7,12.3,18.7,9.6,0.3,12.7,1.7,22.2,5.7,5.9,1.7,18.6,1.5,2.3,9.3,1.0,9.6,9.3,9.1,7.3,3.5,1.8,3.8,2.1,0.4
2017-05-30 06:31:00+02:00,1.4,2.7,0.3,4.0,18.4,12.6,11.1,0.9,0.6,6.4,3.8,12.8,0.3,3.5,0.6,3.2,0.1,2.7,12.1,18.3,9.4,0.4,12.4,1.7,21.7,5.5,5.7,1.7,18.2,1.5,2.3,9.2,1.0,9.3,9.1,8.8,7.1,3.4,1.7,3.7,2.0,0.4
2017-05-30 06:32:00+02:00,1.1,2.1,0.2,3.2,15.0,10.2,8.9,0.8,0.5,5.2,3.1,10.4,0.3,2.9,0.6,2.6,0.2,2.3,9.7,14.8,7.6,0.4,10.0,1.4,17.5,4.4,4.5,1.5,14.8,1.3,1.9,7.3,0.8,7.4,7.1,6.9,5.5,2.6,1.3,2.9,1.6,0.3
2017-05-30 06:33:00+02:00,1.4,2.7,0.3,4.0,18.8,12.9,11.2,1.0,0.6,6.4,3.8,13.1,0.4,3.6,0.7,3.2,0.2,2.9,12.3,18.6,9.6,0.5,12.7,1.7,22.0,5.5,5.6,1.8,18.7,1.6,2.4,9.3,1.1,9.2,8.9,8.6,6.9,3.2,1.6,3.7,2.1,0.4
2017-05-30 06:34:00+02:00,0.9,1.8,0.3,2.7,13.0,9.0,7.7,0.7,0.5,4.4,2.7,9.0,0.4,2.5,0.7,2.3,0.2,2.1,8.4,12.8,6.6,0.5,8.7,1.2,15.0,3.8,3.8,1.3,12.8,1.2,1.8,6.3,0.8,6.1,5.8,5.5,4.4,2.1,1.0,2.4,1.3,0.3
2017-05-30 06:35:00+02:00,0.8,1.7,0.3,2.6,12.3,8.4,7.2,0.7,0.4,4.1,2.5,8.5,0.4,2.3,0.8,2.1,0.2,1.9,7.9,12.0,6.2,0.6,8.2,1.1,14.1,3.5,3.5,1.2,12.1,1.1,1.7,5.9,0.8,5.9,5.6,5.3,4.3,2.0,0.9,2.3,1.3,0.3
2017-05-30 06:36:00+02:00,0.8,1.6,0.3,2.4,11.5,7.9,6.8,0.6,0.4,3.8,2.4,7.9,0.3,2.2,0.8,1.9,0.2,1.8,7.4,11.3,5.8,0.6,7.6,1.0,13.2,3.4,3.3,1.1,11.3,1.0,1.6,5.5,0.8,5.5,5.3,5.0,4.0,1.9,0.9,2.2,1.2,0.3
2017-05-30 06:37:00+02:00,0.8,1.7,0.3,2.4,11.9,8.1,6.9,0.6,0.4,3.9,2.5,8.2,0.3,2.2,0.8,2.0,0.2,1.8,7.6,11.7,5.9,0.6,7.9,1.0,13.5,3.5,3.5,1.1,11.6,1.0,1.6,5.7,0.8,5.6,5.4,5.1,4.1,1.9,0.9,2.2,1.3,0.3
2017-05-30 06:38:00+02:00,0.7,1.5,0.3,2.2,10.9,7.4,6.2,0.6,0.4,3.6,2.4,7.5,0.4,2.0,0.8,1.9,0.2,1.7,6.9,10.7,5.4,0.6,7.1,1.0,11.5,3.2,3.1,1.0,9.8,0.9,1.7,5.1,0.7,5.1,4.8,4.5,3.7,1.7,0.8,2.0,1.1,0.3
2017-05-30 06:39:00+02:00,0.7,1.3,0.3,2.0,9.9,6.7,5.7,0.5,0.4,3.3,2.2,6.8,0.3,1.8,0.7,1.7,0.1,1.5,6.3,9.7,4.9,0.5,6.5,0.9,10.6,2.9,2.8,1.0,9.1,0.8,1.5,4.7,0.6,4.7,4.5,4.2,3.4,1.5,0.7,1.8,1.1,0.2
2017-05-30 06:40:00+02:00,0.6,1.3,0.3,1.9,9.3,6.3,5.3,0.4,0.3,3.2,2.0,6.4,0.3,1.7,0.7,1.7,0.1,1.3,5.9,9.1,4.6,0.5,6.1,0.8,10.7,2.8,2.7,1.0,9.2,0.7,1.5,4.3,0.6,4.5,4.3,4.0,3.3,1.5,0.7,1.8,1.0,0.2
2017-05-30 06:41:00+02:00,0.8,1.5,0.3,2.3,10.9,7.3,6.3,0.5,0.4,3.7,2.3,7.5,0.3,1.9,0.7,1.9,0.1,1.5,6.9,10.7,5.4,0.5,7.1,1.0,12.7,3.2,3.2,1.1,10.9,0.8,1.6,5.1,0.7,5.2,5.0,4.8,3.9,1.8,0.8,2.1,1.2,0.3
2017-05-30 06:42:00+02:00,1.1,2.3,0.3,3.4,15.5,10.7,9.4,0.7,0.6,5.2,3.3,10.8,0.2,2.9,0.6,2.5,0.1,2.2,10.2,15.4,8.0,0.5,10.5,1.2,18.3,4.6,4.9,1.3,15.5,1.2,2.0,7.8,1.0,7.7,7.6,7.4,5.9,2.7,1.3,3.2,1.8,0.4
2017-05-30 06:43:00+02:00,1.1,2.2,0.3,3.2,14.6,10.1,8.8,0.6,0.5,4.9,3.0,10.2,0.1,2.7,0.6,2.4,0.1,2.1,9.6,14.5,7.5,0.4,9.9,1.2,17.2,4.3,4.6,1.3,14.5,1.1,1.9,7.3,0.9,7.3,7.1,6.9,5.6,2.6,1.2,3.0,1.7,0.3
2017-05-30 06:44:00+02:00,1.4,2.7,0.3,4.1,18.3,12.7,11.1,0.7,0.7,6.1,3.7,12.9,0.1,3.5,0.6,3.0,0.0,2.6,12.1,18.2,9.4,0.5,12.5,1.5,21.6,5.3,5.8,1.6,18.3,1.4,2.3,9.2,1.1,9.1,9.0,8.8,7.1,3.4,1.7,3.7,2.1,0.4
2017-05-30 06:45:00+02:00,1.8,3.3,0.4,4.9,21.9,15.3,13.4,0.9,0.8,7.3,4.3,15.5,0.0,4.2,0.5,3.6,0.0,3.2,14.7,21.8,11.4,0.5,15.1,1.9,25.9,6.3,7.0,1.9,21.8,1.7,2.6,11.2,1.4,10.9,10.8,10.6,8.6,4.1,2.0,4.5,2.5,0.4
2017-05-30 06:46:00+02:00,1.8,3.3,0.3,4.9,21.7,15.3,13.4,0.9,0.8,7.3,4.3,15.3,0.0,4.2,0.5,3.6,0.0,3.2,14.6,21.6,11.3,0.5,15.1,1.9,25.8,6.3,7.0,1.9,21.7,1.7,2.5,11.2,1.4,10.8,10.7,10.6,8.5,4.0,2.0,4.5,2.5,0.4
2017-05-30 06:47:00+02:00,1.8,3.4,0.4,5.0,22.3,15.7,13.7,0.9,0.9,7.4,4.4,15.9,0.0,4.4,0.5,3.7,0.0,3.3,15.0,22.4,11.6,0.5,15.5,1.9,26.5,6.4,7.1,2.0,22.3,1.8,2.5,11.5,1.4,11.0,10.9,10.7,8.7,4.1,2.1,4.6,2.5,0.4
2017-05-30 06:48:00+02:00,1.8,3.4,0.4,5.1,22.4,15.8,13.7,1.0,0.9,7.4,4.3,16.0,0.1,4.4,0.5,3.7,0.0,3.4,15.1,22.4,11.7,0.5,15.6,1.9,26.5,6.4,7.1,2.0,22.3,1.8,2.4,11.6,1.5,10.9,10.8,10.7,8.6,4.0,2.0,4.6,2.5,0.5
2017-05-30 06:49:00+02:00,1.8,3.3,0.4,4.9,21.3,15.4,13.3,1.0,0.8,7.2,4.3,15.0,0.1,4.3,0.5,3.6,0.0,3.3,14.6,21.2,11.3,0.5,15.2,1.9,25.2,6.2,6.9,1.9,21.2,1.8,2.4,11.2,1.4,10.3,10.2,10.1,8.1,3.8,1.9,4.2,2.3,0.4
2017-05-30 06:50:00+02:00,1.0,1.9,0.3,2.7,11.7,8.8,7.6,0.5,0.5,4.3,2.6,7.9,0.1,2.4,0.4,2.2,0.1,1.9,8.3,11.6,6.5,0.4,8.6,1.1,13.8,3.7,3.9,1.2,11.6,1.0,1.6,6.3,0.8,5.9,5.8,5.6,4.5,2.2,1.1,2.3,1.2,0.2
2017-05-30 06:51:00+02:00,0.6,1.1,0.2,1.5,6.5,5.1,4.3,0.2,0.3,2.5,1.6,4.1,0.1,1.4,0.4,1.4,0.1,1.1,4.8,6.4,3.7,0.4,4.9,0.7,7.6,2.3,2.2,0.8,6.4,0.5,1.1,3.5,0.5,3.6,3.4,3.2,2.6,1.2,0.6,1.4,0.7,0.1
2017-05-30 06:52:00+02:00,0.5,1.1,0.2,1.5,6.4,5.0,4.2,0.3,0.3,2.4,1.6,4.0,0.1,1.3,0.4,1.3,0.1,1.1,4.6,6.3,3.7,0.4,4.8,0.6,7.6,2.3,2.2,0.7,6.4,0.5,1.1,3.5,0.5,3.5,3.3,3.2,2.5,1.2,0.6,1.3,0.7,0.1
2017-05-30 06:53:00+02:00,0.6,1.1,0.2,1.6,6.5,5.2,4.4,0.3,0.3,2.5,1.7,4.0,0.1,1.4,0.5,1.3,0.1,1.1,4.8,6.4,3.8,0.4,5.0,0.7,8.0,2.4,2.2,0.7,6.7,0.5,1.1,3.6,0.5,3.6,3.4,3.2,2.6,1.3,0.6,1.3,0.7,0.1
2017-05-30 06:54:00+02:00,0.6,1.1,0.2,1.7,6.7,5.6,4.7,0.4,0.3,2.7,1.8,4.1,0.2,1.5,0.5,1.4,0.1,1.3,5.1,6.5,4.1,0.4,5.3,0.7,8.2,2.5,2.4,0.8,6.9,0.6,1.1,3.9,0.5,3.7,3.5,3.3,2.7,1.3,0.6,1.4,0.7,0.2
2017-05-30 06:55:00+02:00,0.6,1.2,0.3,1.8,7.0,5.9,4.9,0.4,0.3,2.8,1.6,4.6,0.2,1.6,0.5,1.5,0.1,1.3,5.4,6.9,4.3,0.4,5.6,0.7,8.6,2.3,2.5,0.9,7.2,0.7,1.2,4.1,0.5,3.9,3.7,3.5,2.8,1.4,0.6,1.4,0.7,0.2
2017-05-30 06:56:00+02:00,0.6,1.2,0.3,1.9,7.8,6.1,5.1,0.4,0.3,3.0,1.7,5.2,0.2,1.7,0.6,1.6,0.1,1.3,5.6,7.6,4.5,0.5,5.9,0.8,9.4,2.4,2.6,0.9,8.0,0.7,1.4,4.3,0.5,4.1,4.0,3.8,3.0,1.4,0.7,1.6,0.8,0.2
2017-05-30 06:57:00+02:00,0.7,1.3,0.3,2.0,8.1,6.2,5.2,0.4,0.4,3.2,1.8,5.3,0.1,1.7,0.7,1.8,0.1,1.4,5.7,7.9,4.6,0.5,6.0,0.9,9.8,2.6,2.7,1.0,8.3,0.6,1.5,4.4,0.6,4.3,4.1,3.9,3.2,1.5,0.7,1.7,0.9,0.2
2017-05-30 06:58:00+02:00,0.7,1.3,0.3,2.0,8.8,6.5,5.5,0.5,0.4,3.3,2.2,5.6,0.2,1.9,0.8,1.9,0.1,1.5,6.0,8.6,4.8,0.6,6.3,0.9,10.6,3.0,2.8,1.1,9.0,0.8,1.5,4.7,0.6,4.5,4.3,4.1,3.3,1.5,0.7,1.7,1.0,0.2
2017-05-30 06:59:00+02:00,0.7,1.4,0.3,2.2,9.4,7.0,5.9,0.6,0.4,3.5,2.3,6.0,0.3,2.0,0.7,1.9,0.1,1.7,6.4,9.2,5.2,0.6,6.7,1.0,11.3,3.2,3.0,1.1,9.7,0.9,1.5,5.0,0.7,4.7,4.5,4.3,3.5,1.6,0.8,1.8,1.0,0.2
2017-05-30 07:00:00+02:00,0.8,1.4,0.3,2.2,9.9,7.3,6.2,0.6,0.4,3.5,2.5,6.4,0.3,2.1,0.8,2.0,0.2,1.7,6.7,9.7,5.4,0.6,7.0,1.0,11.8,3.3,3.1,1.2,10.2,0.9,1.6,5.2,0.7,4.8,4.6,4.4,3.5,1.7,0.8,1.9,1.0,0.2
2017-05-30 07:01:00+02:00,0.8,1.4,0.3,2.2,10.2,7.5,6.3,0.7,0.4,3.6,2.5,6.6,0.3,2.2,0.8,2.0,0.2,1.8,6.9,10.0,5.5,0.6,7.2,1.0,12.1,3.4,3.1,1.2,10.5,1.0,1.7,5.3,0.6,5.0,4.7,4.5,3.6,1.7,0.8,1.9,1.0,0.2
2017-05-30 07:02:00+02:00,1.0,1.8,0.4,2.9,13.4,9.7,8.2,0.9,0.5,4.5,3.1,8.9,0.4,2.9,0.9,2.4,0.2,2.3,9.0,13.1,7.2,0.7,9.4,1.3,15.8,4.2,4.0,1.4,13.6,1.3,2.0,6.9,0.8,6.4,6.2,6.0,4.8,2.3,1.1,2.6,1.4,0.3
2017-05-30 07:03:00+02:00,2.1,4.2,0.7,6.3,28.3,20.4,17.4,1.8,1.2,9.0,5.7,19.8,0.5,6.2,1.0,4.6,0.2,4.8,19.1,27.9,15.1,0.9,20.0,2.4,33.4,8.1,8.7,2.5,28.7,2.8,3.4,14.8,2.0,13.2,13.0,12.8,10.3,4.7,2.4,5.6,3.2,0.8
2017-05-30 07:04:00+02:00,2.4,4.7,0.7,6.9,32.0,22.7,19.4,2.0,1.3,10.0,6.3,22.6,0.5,6.9,1.1,5.0,0.2,5.4,21.3,31.6,16.8,0.9,22.2,2.6,37.6,8.9,9.6,2.7,32.4,3.2,3.7,16.5,2.2,14.6,14.4,14.2,11.5,5.2,2.6,6.3,3.6,0.9
2017-05-30 07:05:00+02:00,2.3,4.7,0.7,6.7,32.2,22.4,19.1,2.0,1.3,9.9,6.2,22.9,0.5,6.9,1.0,5.0,0.2,5.3,21.0,31.8,16.5,0.9,21.9,2.6,37.8,8.9,9.4,2.7,32.6,3.2,3.6,16.3,2.2,14.3,14.1,13.9,11.2,5.0,2.6,6.2,3.5,0.9
2017-05-30 07:06:00+02:00,2.3,4.7,0.7,6.7,32.2,22.4,19.0,2.0,1.3,9.9,6.2,22.9,0.5,6.9,1.1,5.0,0.2,5.4,21.0,31.8,16.5,0.9,21.9,2.5,37.8,8.9,9.3,2.7,32.7,3.2,3.7,16.2,2.2,14.3,14.0,13.8,11.1,5.0,2.6,6.2,3.5,0.9
2017-05-30 07:07:00+02:00,2.3,4.6,0.8,6.6,32.2,22.3,19.0,2.0,1.3,9.9,6.2,22.9,0.6,6.9,1.1,5.0,0.2,5.3,20.9,31.7,16.3,0.9,21.8,2.5,37.8,8.9,9.2,2.7,32.6,3.2,3.7,16.1,2.2,14.2,13.9,13.7,11.1,5.0,2.6,6.1,3.5,0.9
2017-05-30 07:08:00+02:00,2.3,4.7,0.8,6.7,32.5,22.5,19.1,2.0,1.3,9.9,6.2,23.1,0.6,7.0,1.1,5.0,0.3,5.4,21.1,32.0,16.5,1.0,22.0,2.6,38.2,8.9,9.3,2.7,33.0,3.3,3.7,16.3,2.3,14.3,14.0,13.8,11.1,5.0,2.6,6.1,3.5,0.9
2017-05-30 07:09:00+02:00,2.3,4.7,0.8,6.7,32.8,22.7,19.2,2.0,1.3,10.0,6.3,23.3,0.6,7.0,1.2,5.1,0.3,5.5,21.2,32.2,16.6,1.0,22.2,2.6,38.5,9.0,9.3,2.8,33.2,3.3,3.8,16.4,2.3,14.4,14.1,13.9,11.2,5.1,2.6,6.2,3.5,0.9
2017-05-30 07:10:00+02:00,2.3,4.7,0.8,6.8,33.1,22.9,19.4,2.1,1.4,10.1,6.4,23.5,0.6,7.1,1.2,5.1,0.2,5.6,21.4,32.5,16.8,1.0,22.4,2.7,38.8,9.0,9.4,2.8,33.6,3.4,3.8,16.5,2.3,14.4,14.1,13.8,11.2,5.0,2.5,6.2,3.5,0.9
2017-05-30 07:11:00+02:00,2.4,4.8,0.8,6.9,34.0,23.5,19.9,2.2,1.4,10.3,6.5,24.1,0.6,7.4,1.3,5.2,0.2,5.8,21.9,33.4,17.2,1.1,23.0,2.7,39.8,9.3,9.6,2.9,34.5,3.6,4.0,17.0,2.3,14.8,14.5,14.2,11.5,5.1,2.6,6.4,3.6,1.0
2017-05-30 07:12:00+02:00,2.4,4.9,0.8,7.0,34.0,23.6,19.9,2.2,1.4,10.0,6.5,24.2,0.6,7.4,1.2,5.0,0.2,5.8,22.0,33.5,17.3,1.1,23.0,2.4,39.8,9.3,9.7,2.6,34.5,3.6,3.9,17.1,2.4,14.8,14.5,14.3,11.6,5.2,2.6,6.4,3.7,1.0
2017-05-30 07:13:00+02:00,2.4,4.9,0.9,7.1,33.8,23.2,19.5,1.6,1.4,10.1,6.6,23.9,0.5,6.9,1.3,5.0,0.3,5.2,21.6,33.3,16.9,1.1,22.7,2.4,39.7,9.4,9.8,2.6,34.3,3.0,4.0,16.6,2.4,14.9,14.6,14.4,11.7,5.2,2.7,6.5,3.7,1.0
2017-05-30 07:14:00+02:00,2.4,5.0,0.9,7.1,34.3,24.2,20.4,2.3,1.4,10.2,6.2,24.8,0.6,7.6,1.3,5.1,0.3,6.0,22.5,33.8,17.7,1.1,23.6,2.5,40.2,8.9,9.9,2.6,34.8,3.7,4.0,17.5,2.5,15.0,14.8,14.6,11.8,5.2,2.7,6.6,3.8,1.0
2017-05-30 07:15:00+02:00,2.5,5.0,0.9,7.2,34.8,24.5,20.7,2.3,1.5,10.4,6.1,25.2,0.7,7.7,1.3,5.1,0.3,6.1,22.8,34.2,17.9,1.1,23.9,2.5,40.7,9.0,10.0,2.7,35.3,3.8,4.1,17.7,2.5,15.2,14.9,14.7,12.0,5.3,2.7,6.7,3.9,1.1
2017-05-30 07:16:00+02:00,2.5,5.1,0.9,7.3,35.7,24.9,21.0,2.4,1.5,10.5,6.6,25.6,0.7,7.9,1.3,5.2,0.3,6.2,23.1,35.0,18.2,1.1,24.2,2.6,41.7,9.4,10.1,2.7,36.2,3.9,4.1,18.0,2.5,15.4,15.1,14.9,12.1,5.3,2.7,6.7,3.9,1.1
2017-05-30 07:17:00+02:00,2.5,5.1,0.9,7.4,36.1,25.0,21.1,2.4,1.5,10.7,6.8,25.8,0.8,8.0,1.4,5.3,0.4,6.3,23.3,35.4,18.4,1.1,24.4,2.6,42.2,9.6,10.2,2.8,36.6,3.9,4.2,18.1,2.6,15.5,15.2,15.0,12.1,5.4,2.7,6.8,3.9,1.1
2017-05-30 07:18:00+02:00,2.5,5.3,0.9,7.5,36.8,25.5,21.5,2.5,1.5,10.8,7.0,26.3,0.8,8.1,1.5,5.4,0.4,6.4,23.7,36.1,18.7,1.2,24.8,2.6,43.0,9.8,10.4,2.8,37.3,4.0,4.3,18.5,2.7,15.5,15.2,14.9,12.1,5.4,2.8,6.6,4.0,1.2
2017-05-30 07:19:00+02:00,2.6,5.4,1.0,7.7,37.4,25.8,21.8,2.5,1.6,10.9,7.2,26.7,0.8,8.2,1.5,5.4,0.4,6.4,24.0,36.7,19.0,1.2,25.2,2.7,43.7,10.1,10.6,2.9,38.0,4.1,4.4,18.8,2.8,15.6,15.3,15.1,12.2,5.5,2.8,6.7,4.0,1.2
2017-05-30 07:20:00+02:00,2.6,5.5,1.0,7.8,38.1,26.3,22.2,2.6,1.6,11.0,7.3,27.2,0.9,8.4,1.6,5.5,0.4,6.6,24.4,37.4,19.3,1.3,25.6,2.7,44.5,10.2,10.7,2.9,38.8,4.2,4.5,19.1,2.9,15.9,15.6,15.3,12.4,5.4,2.8,7.0,4.1,1.2
2017-05-30 07:21:00+02:00,2.6,5.6,1.0,7.6,38.3,26.3,22.1,2.7,1.6,11.2,7.3,27.3,0.9,8.5,1.6,5.6,0.4,6.7,24.4,37.6,19.2,1.3,25.7,2.8,44.8,10.3,10.5,3.0,38.9,4.3,4.5,19.0,2.9,16.1,15.8,15.6,12.6,5.5,2.9,7.1,4.2,1.2
2017-05-30 07:22:00+02:00,2.7,5.6,1.0,7.8,38.7,26.8,22.6,2.7,1.6,11.2,7.3,27.7,1.0,8.6,1.5,5.6,0.4,6.8,24.9,38.0,19.6,1.2,26.1,2.8,45.2,10.3,10.7,3.0,39.3,4.3,4.5,19.4,2.9,16.2,15.9,15.6,12.7,5.5,2.9,7.2,4.2,1.2
2017-05-30 07:23:00+02:00,2.7,5.7,1.1,8.0,39.3,27.3,23.0,2.8,1.7,11.3,7.4,28.2,1.0,8.8,1.6,5.6,0.5,6.9,25.3,38.6,20.0,1.3,26.6,2.8,45.7,10.4,11.0,3.0,39.9,4.5,4.6,19.8,3.0,16.3,16.0,15.7,12.7,5.6,2.9,7.2,4.2,1.3
2017-05-30 07:24:00+02:00,2.7,5.7,1.1,8.1,39.7,27.6,23.2,2.8,1.7,11.5,7.4,28.5,1.0,8.9,1.6,5.7,0.5,7.0,25.6,38.9,20.2,1.3,26.9,2.9,46.3,10.5,11.1,3.1,40.3,4.5,4.6,19.9,3.0,16.5,16.2,15.9,12.9,5.6,2.9,7.2,4.2,1.3
2017-05-30 07:25:00+02:00,2.8,5.8,1.1,8.1,39.9,27.8,23.3,2.8,1.7,11.5,7.5,28.6,1.0,8.9,1.6,5.8,0.5,7.0,25.6,39.2,20.3,1.3,27.0,2.9,46.6,10.5,11.1,3.1,40.6,4.5,4.6,20.0,3.0,16.5,16.2,15.9,12.8,5.6,2.9,7.2,4.2,1.3
2017-05-30 07:26:00+02:00,2.8,5.8,1.1,8.2,40.2,27.9,23.4,2.8,1.6,11.7,7.6,28.8,1.0,8.9,1.7,5.9,0.4,7.0,25.7,39.4,20.4,1.4,27.1,3.0,46.9,10.6,11.2,3.2,40.9,4.5,4.7,20.1,3.0,16.6,16.3,16.0,12.9,5.7,2.9,7.3,4.3,1.3
2017-05-30 07:27:00+02:00,2.9,5.9,1.1,8.3,41.0,28.5,23.9,2.9,1.7,12.2,7.7,29.4,1.0,9.2,1.7,6.3,0.4,7.2,26.3,40.2,20.8,1.4,27.6,3.4,47.7,10.8,11.4,3.6,41.7,4.7,4.8,20.6,3.1,16.8,16.5,16.2,13.1,5.7,3.0,7.4,4.4,1.4
2017-05-30 07:28:00+02:00,2.9,5.9,1.2,8.4,41.4,28.7,24.1,2.9,1.7,12.3,7.8,29.7,0.9,9.2,1.8,6.3,0.3,7.2,26.5,40.6,21.0,1.5,27.9,3.4,48.3,10.9,11.5,3.6,42.1,4.6,4.9,20.7,3.1,16.9,16.6,16.4,13.3,5.8,3.0,7.5,4.5,1.4
2017-05-30 07:29:00+02:00,2.9,6.1,1.2,8.7,42.4,29.4,24.7,3.0,1.7,12.4,8.0,30.5,1.0,9.5,1.8,6.4,0.4,7.4,27.1,41.6,21.5,1.5,28.6,3.5,49.4,11.1,11.8,3.6,43.2,4.8,5.0,21.3,3.2,17.2,16.9,16.6,13.5,5.9,3.0,7.7,4.6,1.4
2017-05-30 07:30:00+02:00,3.0,6.2,1.2,8.4,42.9,29.6,24.8,3.1,1.8,12.6,8.1,30.8,1.1,9.7,1.9,6.6,0.4,7.6,27.2,42.1,21.6,1.6,28.7,3.6,50.0,11.3,11.6,3.8,43.8,4.9,5.1,21.3,3.3,17.4,17.1,16.8,13.6,5.9,3.0,7.8,4.7,1.5
2017-05-30 07:31:00+02:00,3.0,6.2,1.2,8.6,43.6,30.1,25.2,3.3,1.7,12.8,8.2,31.3,1.2,10.0,2.0,6.7,0.5,7.8,27.7,42.7,22.0,1.6,29.2,3.6,50.7,11.4,11.8,3.9,44.4,5.1,5.1,21.7,3.3,17.5,17.2,16.9,13.7,5.9,3.0,7.8,4.7,1.5
2017-05-30 07:32:00+02:00,3.0,6.3,1.3,8.9,44.4,30.7,25.7,3.4,1.8,13.0,8.4,31.9,1.3,10.1,2.1,6.8,0.6,7.9,28.3,43.5,22.5,1.7,29.8,3.7,51.6,11.6,12.1,4.0,45.3,5.2,5.3,22.2,3.3,17.7,17.3,17.0,13.8,5.9,3.0,7.9,4.7,1.5
2017-05-30 07:33:00+02:00,3.0,6.2,1.3,8.9,44.5,30.8,25.8,3.4,1.8,13.0,8.5,31.9,1.3,10.1,2.1,6.8,0.6,8.0,28.3,43.6,22.6,1.7,29.8,3.7,51.7,11.7,12.1,4.0,45.4,5.2,5.4,22.2,3.3,17.7,17.4,17.0,13.8,5.9,3.0,7.9,4.7,1.5
2017-05-30 07:34:00+02:00,3.0,6.3,1.3,8.9,44.8,31.0,25.8,3.4,1.8,13.3,8.5,32.1,1.3,10.2,2.2,6.9,0.6,8.0,28.5,43.9,22.6,1.7,30.0,3.7,52.0,11.8,12.1,4.0,45.7,5.3,5.5,22.2,3.3,17.8,17.4,17.1,13.9,6.0,3.1,7.9,4.7,1.5
2017-05-30 07:35:00+02:00,3.1,6.3,1.3,8.8,45.0,31.1,25.9,3.5,1.8,13.4,8.6,32.1,1.4,10.3,2.3,7.0,0.6,8.1,28.6,44.0,22.6,1.8,30.1,3.7,52.3,11.9,12.0,4.1,45.9,5.4,5.5,22.2,3.3,18.1,17.7,17.3,14.1,6.1,3.1,8.0,4.7,1.5
2017-05-30 07:36:00+02:00,3.1,6.5,1.4,9.2,46.5,32.2,26.8,3.6,1.9,13.7,8.9,33.3,1.5,10.7,2.3,7.2,0.6,8.4,29.6,45.5,23.5,1.8,31.2,3.8,54.0,12.2,12.5,4.1,47.5,5.6,5.7,23.1,3.4,18.6,18.1,17.8,14.5,6.3,3.1,8.2,4.9,1.6
2017-05-30 07:37:00+02:00,3.2,6.7,1.4,9.4,47.5,32.9,27.4,3.7,1.9,14.0,9.1,34.0,1.5,10.9,2.5,7.3,0.7,8.6,30.3,46.5,24.0,1.9,31.9,3.9,55.1,12.5,12.8,4.2,48.5,5.7,5.9,23.6,3.5,18.9,18.5,18.1,14.7,6.4,3.2,8.3,5.0,1.6
2017-05-30 07:38:00+02:00,3.3,6.9,1.5,9.6,48.9,33.8,28.2,3.9,2.0,14.3,9.4,35.0,1.6,11.2,2.6,7.5,0.7,8.9,31.1,47.8,24.7,2.0,32.8,4.0,56.8,12.8,13.1,4.3,50.0,5.9,6.1,24.3,3.7,19.3,18.9,18.5,15.0,6.5,3.3,8.5,5.1,1.7
2017-05-30 07:39:00+02:00,3.3,7.0,1.5,9.8,50.0,34.6,28.8,4.0,2.0,14.6,9.6,35.8,1.7,11.5,2.7,7.7,0.7,9.1,31.8,48.9,25.2,2.1,33.5,4.1,58.1,13.1,13.3,4.4,51.1,6.0,6.2,24.8,3.7,19.7,19.2,18.8,15.3,6.6,3.3,8.7,5.2,1.7
2017-05-30 07:40:00+02:00,3.4,7.1,1.5,9.9,50.5,34.9,29.0,4.0,2.0,14.6,9.7,36.1,1.7,11.6,2.7,7.6,0.8,9.2,32.0,49.3,25.5,2.1,33.7,4.2,58.6,13.2,13.4,4.3,51.6,6.1,6.3,25.0,3.8,20.0,19.5,19.0,15.5,6.7,3.4,8.8,5.3,1.8
2017-05-30 07:41:00+02:00,3.4,7.0,1.6,9.9,50.7,35.0,29.1,4.0,1.9,14.7,9.8,36.2,1.8,11.7,2.8,7.7,0.8,9.3,32.1,49.5,25.6,2.2,33.8,4.2,58.8,13.3,13.5,4.4,51.8,6.2,6.4,25.1,3.7,19.8,19.3,18.8,15.3,6.4,3.1,8.9,5.3,1.8
2017-05-30 07:42:00+02:00,3.4,7.0,1.6,9.9,50.5,34.9,29.1,4.0,2.0,14.1,9.8,36.1,1.8,11.6,2.8,7.4,0.8,9.3,32.1,49.4,25.5,2.2,33.7,3.9,58.6,13.3,13.5,4.1,51.6,6.1,6.4,25.0,3.8,19.9,19.4,18.9,15.5,6.7,3.4,8.9,5.4,1.8
2017-05-30 07:43:00+02:00,3.4,6.9,1.6,9.9,50.1,34.5,28.8,3.9,1.9,14.1,9.7,35.8,1.6,11.4,2.9,7.5,0.8,9.1,31.8,49.0,25.2,2.2,33.4,3.9,58.2,13.2,13.4,4.2,51.3,6.0,6.4,24.7,3.7,20.0,19.4,18.9,15.4,6.6,3.4,8.8,5.3,1.8
2017-05-30 07:44:00+02:00,3.3,7.1,1.6,10.1,51.4,35.4,29.5,4.1,2.0,14.3,9.9,36.7,1.9,11.8,2.9,7.5,0.8,9.4,32.6,50.2,26.0,2.3,34.2,3.9,59.5,13.5,13.7,4.2,52.5,6.3,6.5,25.5,3.8,20.3,19.7,19.2,15.7,6.7,3.4,9.0,5.4,1.8
2017-05-30 07:45:00+02:00,3.2,7.1,1.6,10.1,51.2,35.4,29.4,4.1,2.1,14.3,9.9,36.7,1.9,11.7,2.9,7.5,0.8,9.4,32.5,50.1,25.9,2.3,34.2,3.8,59.4,13.4,13.6,4.2,52.4,6.3,6.5,25.4,3.9,20.2,19.6,19.1,15.6,6.7,3.4,8.9,5.4,1.9
2017-05-30 07:46:00+02:00,2.6,7.2,1.6,10.2,51.3,35.4,29.5,4.2,2.1,13.6,9.9,36.7,1.9,11.8,2.9,6.7,0.8,9.4,32.5,50.1,25.9,2.3,34.2,3.1,59.5,13.4,13.7,3.5,52.5,6.3,6.5,25.5,3.9,20.1,19.5,19.1,15.6,6.7,3.4,8.9,5.4,1.8
2017-05-30 07:47:00+02:00,2.5,7.1,1.6,10.1,50.5,34.9,29.0,4.0,2.1,13.5,9.7,36.1,1.8,11.6,2.8,6.6,0.8,9.2,31.9,49.3,25.6,2.2,33.7,3.1,58.6,13.2,13.6,3.4,51.7,6.2,6.3,25.1,3.9,19.7,19.2,18.8,15.3,6.6,3.3,8.7,5.3,1.8
2017-05-30 07:48:00+02:00,2.9,6.3,1.4,9.0,45.5,31.6,26.2,3.6,1.9,12.9,8.6,32.6,1.6,10.4,2.3,6.6,0.7,8.3,28.8,44.4,23.1,1.8,30.5,3.4,52.8,11.8,12.2,3.7,46.6,5.6,5.5,22.6,3.4,18.0,17.5,17.1,13.9,6.0,3.0,7.9,4.8,1.6
2017-05-30 07:49:00+02:00,3.3,7.0,1.6,10.0,49.0,34.8,29.0,4.1,2.1,14.1,9.6,34.7,1.8,11.6,2.8,7.3,0.7,9.3,31.8,47.8,25.5,2.2,33.6,3.8,57.0,13.1,13.4,4.1,50.2,6.2,6.3,25.1,3.8,19.6,19.1,18.7,15.3,6.5,3.3,8.8,5.3,1.8
2017-05-30 07:50:00+02:00,3.2,6.9,1.6,10.0,47.5,34.5,28.7,4.1,2.1,14.0,9.5,33.3,1.8,11.3,2.8,7.2,0.7,9.0,31.5,46.3,25.2,2.2,33.3,3.8,55.4,13.0,13.5,4.0,48.7,5.9,6.2,24.8,3.8,19.3,18.8,18.5,15.0,6.3,3.3,8.7,5.3,1.8
2017-05-30 07:51:00+02:00,3.1,6.7,1.5,9.6,45.3,32.8,27.1,3.9,2.0,13.5,9.2,31.7,1.8,10.7,2.7,6.9,0.7,8.4,29.9,44.2,23.9,2.1,31.6,3.7,53.0,12.5,12.7,3.8,46.5,5.5,6.0,23.4,3.7,18.6,18.1,17.8,14.5,6.1,3.2,8.4,5.1,1.8
2017-05-30 07:52:00+02:00,2.6,5.6,1.3,8.2,35.3,25.0,20.6,3.3,1.7,11.4,7.9,23.8,1.5,9.0,2.3,5.9,0.6,7.1,22.6,34.4,17.8,1.8,24.1,3.1,41.9,10.7,8.5,3.3,36.3,4.5,5.2,17.4,3.0,15.9,15.4,15.1,12.3,5.2,2.7,7.1,4.3,1.5
2017-05-30 07:53:00+02:00,2.2,4.7,1.1,6.8,28.9,21.1,17.0,2.8,1.4,9.8,6.8,19.0,1.3,7.4,2.0,5.1,0.6,5.9,19.1,28.1,14.6,1.6,20.3,2.6,34.5,9.2,6.8,2.8,29.8,3.7,4.5,14.1,2.5,13.6,13.1,12.8,10.4,4.4,2.3,5.9,3.6,1.2
2017-05-30 07:54:00+02:00,3.1,6.7,1.6,9.7,42.9,31.1,25.2,4.1,2.0,13.4,9.3,29.2,2.0,11.0,2.7,7.0,0.8,8.7,28.1,41.7,21.9,2.2,29.9,3.7,50.5,12.5,10.5,3.9,44.0,5.8,6.1,21.5,3.7,18.4,17.9,17.6,14.3,6.0,3.1,8.3,5.0,1.8
2017-05-30 07:55:00+02:00,3.0,7.1,1.7,10.2,46.2,33.0,26.8,4.4,2.2,13.9,9.7,31.9,2.0,11.8,2.9,7.2,0.9,9.4,29.8,45.0,23.4,2.3,31.7,3.7,54.2,13.1,11.2,3.9,47.5,6.3,6.4,23.0,4.0,19.2,18.7,18.4,14.9,6.3,3.2,8.6,5.3,1.9
2017-05-30 07:56:00+02:00,2.6,7.2,1.7,10.3,46.5,33.1,27.0,4.4,2.2,13.6,9.7,32.3,2.1,11.9,2.9,6.8,0.9,9.5,30.0,45.3,23.6,2.3,31.9,3.4,54.5,13.1,11.3,3.6,47.8,6.4,6.3,23.1,4.1,19.2,18.7,18.5,15.0,6.3,3.3,8.7,5.3,1.9
2017-05-30 07:57:00+02:00,2.6,7.2,1.7,10.3,46.6,33.2,27.0,4.4,2.2,13.5,9.7,32.3,2.1,11.9,2.9,6.7,0.9,9.5,30.0,45.4,23.6,2.3,31.9,3.3,54.5,13.1,11.3,3.5,47.8,6.4,6.4,23.2,4.0,19.3,18.8,18.5,15.0,6.2,3.3,8.8,5.4,1.9
2017-05-30 07:58:00+02:00,2.7,7.2,1.7,10.3,46.6,33.2,27.2,4.5,2.2,13.6,9.5,32.4,2.1,12.0,2.7,6.9,0.9,9.6,30.1,45.3,23.8,2.1,31.9,3.4,54.5,12.9,11.3,3.6,47.8,6.5,6.2,23.3,4.1,19.3,18.8,18.5,15.0,6.2,3.3,8.8,5.4,1.9
2017-05-30 07:59:00+02:00,2.7,7.2,1.7,10.3,46.6,33.3,27.2,4.6,2.2,13.7,9.5,32.5,2.1,12.1,2.8,7.0,0.9,9.7,30.1,45.3,23.8,2.1,32.0,3.5,54.5,12.9,11.3,3.7,47.8,6.6,6.2,23.3,4.1,19.2,18.7,18.4,14.9,6.3,3.3,8.6,5.2,1.8
2017-05-30 08:00:00+02:00,2.7,7.2,1.7,10.3,45.6,32.2,26.1,4.6,2.2,13.7,9.5,31.4,2.2,12.3,2.8,7.0,1.0,9.8,29.0,44.3,22.7,2.1,30.9,3.5,53.5,12.9,10.0,3.7,46.8,6.7,6.2,22.2,4.1,19.3,18.8,18.5,15.0,6.3,3.3,8.7,5.3,1.9
2017-05-30 08:01:00+02:00,2.7,7.1,1.7,10.2,44.5,31.2,25.2,4.6,2.2,13.6,9.5,30.4,2.2,12.2,2.8,6.9,1.0,9.7,28.0,43.3,21.8,2.1,29.9,3.5,52.4,12.9,9.2,3.7,45.8,6.7,6.2,21.3,4.1,18.9,18.3,18.0,14.6,6.3,3.3,8.3,5.0,1.6
2017-05-30 08:02:00+02:00,2.6,6.8,1.6,9.7,42.0,29.4,23.7,4.3,2.1,12.9,9.0,28.5,2.1,11.6,2.7,6.6,0.9,9.3,26.4,40.8,20.6,2.0,28.2,3.3,49.5,12.3,8.5,3.5,43.2,6.4,5.9,20.0,3.9,18.3,17.8,17.5,14.2,6.0,3.1,8.2,5.1,1.9
2017-05-30 08:03:00+02:00,2.5,6.6,1.6,9.4,40.8,28.5,22.9,4.2,2.0,12.5,8.9,27.6,2.0,11.3,2.8,6.4,0.9,9.0,25.5,39.6,19.8,2.2,27.3,3.2,48.0,12.1,8.1,3.4,42.0,6.2,5.9,19.3,3.7,17.8,17.3,16.9,13.7,5.8,3.0,8.0,4.9,1.8
2017-05-30 08:04:00+02:00,2.7,6.8,1.7,9.7,43.5,29.8,23.9,4.4,2.1,13.1,9.3,29.7,2.1,11.8,3.0,6.7,1.0,9.4,26.6,42.3,20.7,2.3,28.5,3.4,51.1,12.6,8.5,3.6,44.8,6.5,6.2,20.2,3.9,18.3,17.7,17.4,14.1,5.9,3.1,8.2,5.1,1.8
2017-05-30 08:05:00+02:00,2.9,7.1,1.8,10.3,46.3,30.7,24.6,4.6,2.2,13.7,9.8,31.8,2.2,11.6,3.1,7.1,1.0,9.1,27.4,44.9,21.2,2.5,29.4,3.6,54.2,13.2,9.2,3.9,47.6,6.0,6.5,20.7,4.1,19.0,18.5,18.1,14.7,6.1,3.1,8.6,5.3,2.0
2017-05-30 08:06:00+02:00,3.0,7.6,1.9,10.9,49.4,32.6,26.1,4.9,2.4,14.5,10.3,34.1,2.4,12.1,3.4,7.5,1.1,9.4,29.1,48.0,22.6,2.7,31.2,3.9,57.7,13.9,10.0,4.1,50.9,6.2,6.9,22.0,4.4,20.0,19.5,19.1,15.5,6.4,3.2,9.1,5.6,2.1
2017-05-30 08:07:00+02:00,3.0,7.8,1.9,11.1,51.4,34.1,27.6,5.1,2.4,14.8,10.5,35.8,2.5,12.6,3.5,7.6,1.1,9.9,30.6,49.9,24.0,2.7,32.7,3.9,59.8,14.1,10.8,4.2,52.9,6.6,7.1,23.4,4.5,20.4,19.8,19.4,15.7,6.5,3.3,9.2,5.7,2.2
2017-05-30 08:08:00+02:00,3.0,7.6,1.9,10.9,51.4,34.3,27.9,5.0,2.4,14.5,10.4,36.0,2.4,12.4,3.5,7.5,1.1,9.7,30.9,49.9,24.4,2.7,32.9,3.8,59.7,14.0,11.4,4.1,52.8,6.5,7.0,23.7,4.5,20.0,19.4,19.0,15.4,6.4,3.2,9.0,5.5,2.1
2017-05-30 08:09:00+02:00,2.6,7.5,1.9,10.8,50.4,33.8,27.5,4.9,2.3,13.9,10.3,35.2,2.4,12.2,3.5,7.0,1.1,9.6,30.5,49.0,24.0,2.7,32.5,3.3,58.6,13.8,11.3,3.6,51.8,6.4,6.9,23.4,4.4,19.7,19.1,18.7,15.2,6.3,3.2,8.9,5.4,2.1
2017-05-30 08:10:00+02:00,3.0,7.8,1.9,11.1,52.5,35.1,28.5,5.1,2.4,14.5,10.7,36.7,2.5,12.6,3.7,7.4,1.1,9.9,31.6,50.9,25.0,2.8,33.7,3.7,60.9,14.3,11.8,4.0,53.9,6.7,7.2,24.3,4.6,20.4,19.8,19.3,15.7,6.6,3.4,9.1,5.6,2.2
2017-05-30 08:11:00+02:00,2.9,8.0,2.0,11.4,53.8,36.3,29.5,5.3,2.5,14.8,10.7,38.0,2.6,13.0,3.8,7.5,1.1,10.3,32.6,52.3,25.8,2.9,34.8,3.8,62.4,14.3,12.2,4.0,55.3,6.9,7.4,25.2,4.7,20.9,20.3,19.8,16.1,6.8,3.4,9.4,5.8,2.2
2017-05-30 08:12:00+02:00,2.9,8.1,2.0,11.5,54.8,36.7,29.8,5.4,2.6,15.2,11.0,38.5,2.6,13.2,3.9,7.9,1.2,10.4,33.0,53.2,26.2,2.9,35.2,4.0,63.4,14.7,12.4,4.3,56.3,7.0,7.5,25.5,4.8,21.1,20.5,20.0,16.3,6.8,3.4,9.5,5.9,2.3
2017-05-30 08:13:00+02:00,3.0,8.1,2.0,11.6,55.0,36.7,29.8,5.4,2.6,15.4,11.2,38.5,2.6,13.3,3.9,8.0,1.2,10.5,33.0,53.3,26.2,3.0,35.2,4.1,63.7,14.8,12.2,4.5,56.5,7.1,7.6,25.5,4.8,21.2,20.6,20.1,16.3,6.8,3.5,9.5,5.9,2.3
2017-05-30 08:14:00+02:00,3.0,8.1,2.1,11.6,55.7,37.2,30.3,5.5,2.6,15.5,11.3,39.0,2.7,13.4,4.0,8.1,1.3,10.6,33.4,53.9,26.6,3.0,35.6,4.1,64.4,14.9,12.5,4.5,57.2,7.2,7.6,25.9,4.8,21.2,20.5,20.0,16.3,6.9,3.5,9.4,5.8,2.2
2017-05-30 08:15:00+02:00,3.0,8.2,2.1,11.7,56.1,37.5,30.5,5.5,2.6,15.5,11.4,39.3,2.7,13.5,4.0,8.1,1.3,10.6,33.6,54.4,26.7,3.1,35.9,4.1,64.9,15.1,12.6,4.5,57.7,7.2,7.7,26.1,4.9,21.2,20.5,20.0,16.2,6.8,3.5,9.4,5.7,2.1
2017-05-30 08:16:00+02:00,3.0,8.2,2.1,11.8,56.2,37.5,30.4,5.5,2.6,15.6,11.4,39.4,2.8,13.5,4.1,8.2,1.3,10.7,33.7,54.5,26.7,3.1,35.9,4.2,65.0,15.1,12.5,4.6,57.8,7.2,7.8,26.0,4.9,21.2,20.5,20.0,16.3,6.9,3.5,9.4,5.7,2.1
2017-05-30 08:17:00+02:00,3.0,8.3,2.1,11.8,56.6,37.8,30.7,5.6,2.6,15.7,11.4,39.7,2.8,13.6,4.1,8.3,1.3,10.8,33.9,54.8,27.0,3.1,36.2,4.2,65.1,15.1,12.6,4.7,58.2,7.3,7.9,26.3,4.9,20.8,20.1,19.5,15.8,6.3,3.5,9.5,5.8,2.1
2017-05-30 08:18:00+02:00,3.0,8.3,2.1,11.7,56.9,38.0,30.8,5.6,2.6,15.7,11.5,39.9,2.8,13.7,4.2,8.3,1.3,10.8,34.1,55.1,27.1,3.2,36.4,4.3,65.2,15.2,12.7,4.7,58.5,7.4,7.9,26.3,4.9,20.2,19.5,19.0,15.2,5.6,3.5,9.6,5.9,2.2
2017-05-30 08:19:00+02:00,3.1,8.2,2.1,11.8,57.3,38.2,31.0,5.7,2.6,15.9,11.6,40.2,2.9,13.7,4.3,8.5,1.4,10.9,34.2,55.5,27.2,3.3,36.5,4.4,66.0,15.3,12.7,4.8,58.9,7.4,8.0,26.5,4.8,21.1,20.4,19.8,16.0,6.2,3.5,9.7,6.1,2.3
2017-05-30 08:20:00+02:00,3.1,8.3,2.2,11.9,58.3,39.0,31.6,5.7,2.7,16.0,11.8,41.0,2.9,14.3,4.4,8.5,1.4,11.5,34.9,56.5,27.8,3.3,37.2,4.4,67.2,15.5,12.7,4.9,59.9,8.0,8.1,27.0,4.9,22.2,21.3,20.8,16.9,7.1,3.5,9.8,6.1,2.4
2017-05-30 08:21:00+02:00,3.2,8.4,2.2,12.0,59.8,40.2,32.8,5.8,2.7,16.2,11.9,42.3,3.0,14.7,4.4,8.6,1.4,11.8,36.1,57.9,29.0,3.4,38.5,4.5,68.7,15.7,13.5,5.0,61.4,8.3,8.2,28.2,5.0,22.3,21.5,20.9,17.0,7.1,3.6,9.9,6.2,2.4
2017-05-30 08:22:00+02:00,3.2,8.5,2.2,12.1,61.9,42.2,35.3,5.8,2.7,16.3,11.9,44.3,3.0,14.8,4.5,8.7,1.4,11.9,38.6,60.0,31.5,3.4,41.0,4.5,70.8,15.7,15.9,5.0,63.6,8.3,8.3,30.7,5.0,22.0,21.2,20.6,16.7,6.8,3.6,9.9,6.2,2.4
2017-05-30 08:23:00+02:00,3.2,8.5,2.2,12.1,62.7,42.9,35.5,5.9,2.7,16.4,12.0,45.0,3.0,14.9,4.5,8.8,1.4,12.0,38.8,60.8,31.7,3.4,41.2,4.5,71.8,15.8,15.9,5.1,64.5,8.4,8.4,30.8,5.0,21.6,20.7,20.1,16.2,6.3,3.6,10.0,6.2,2.4
2017-05-30 08:24:00+02:00,3.2,8.6,2.2,12.2,63.1,43.3,35.7,5.9,2.8,16.4,12.1,45.3,3.1,15.0,4.6,8.8,1.4,12.1,39.1,61.2,32.0,3.5,41.5,4.5,72.2,15.9,16.0,5.1,65.0,8.5,8.4,31.1,5.1,22.5,21.6,20.9,17.1,7.1,3.6,10.0,6.3,2.5
2017-05-30 08:25:00+02:00,3.4,8.7,2.3,12.3,62.9,43.0,35.7,5.9,2.8,16.7,12.1,45.0,3.1,15.0,4.6,9.0,1.4,12.1,39.1,61.0,32.0,3.5,41.6,4.8,72.0,15.9,16.1,5.3,64.7,8.5,8.5,31.1,5.2,22.0,21.1,20.4,16.5,6.5,3.6,10.0,6.3,2.5
2017-05-30 08:26:00+02:00,3.7,8.7,2.3,12.4,62.6,42.6,36.0,6.0,2.8,17.1,12.2,44.6,3.1,15.1,4.7,9.4,1.5,12.2,39.5,60.6,32.2,3.5,41.9,5.0,71.7,16.0,16.2,5.6,64.4,8.5,8.5,31.3,5.2,22.0,21.1,20.4,16.5,6.5,3.6,10.0,6.3,2.5
2017-05-30 08:27:00+02:00,3.8,8.7,2.3,12.4,62.7,42.9,36.2,6.1,2.7,16.7,12.1,44.9,3.2,15.2,4.6,9.0,1.5,12.3,39.7,60.8,32.4,3.6,42.1,5.1,71.9,15.9,16.2,5.2,64.6,8.6,8.4,31.5,5.2,22.7,21.7,21.0,17.2,7.1,3.7,10.0,6.3,2.5
2017-05-30 08:28:00+02:00,3.7,8.7,2.2,12.3,62.3,42.6,36.0,6.0,2.7,16.5,12.0,44.6,3.1,15.1,4.6,8.9,1.5,12.2,39.4,60.4,32.2,3.5,41.8,5.0,71.5,15.8,16.1,5.1,64.2,8.6,8.4,31.2,5.1,22.7,21.7,21.0,17.2,7.3,3.6,9.9,6.2,2.5
2017-05-30 08:29:00+02:00,3.7,8.7,2.2,12.4,62.6,42.7,36.3,6.2,2.7,16.8,12.1,44.7,3.3,15.4,4.6,9.1,1.6,12.4,39.8,60.6,32.5,3.5,42.3,5.1,71.8,15.9,16.2,5.3,64.5,8.8,8.4,31.6,5.2,22.8,21.9,21.1,17.3,7.3,3.7,10.0,6.2,2.5
2017-05-30 08:30:00+02:00,3.8,8.8,2.3,12.5,62.9,42.9,36.6,6.2,2.8,17.2,12.2,44.9,3.3,15.5,4.7,9.5,1.6,12.5,40.0,60.9,32.7,3.6,42.5,5.1,72.2,16.0,16.3,5.7,64.8,8.8,8.5,31.8,5.2,22.9,21.9,21.2,17.3,7.3,3.7,10.0,6.3,2.5
2017-05-30 08:31:00+02:00,3.8,8.8,2.3,12.5,63.4,43.2,36.6,6.2,2.8,17.2,12.3,45.3,3.3,15.5,4.7,9.5,1.6,12.6,40.1,61.4,32.8,3.6,42.6,5.1,72.7,16.1,16.3,5.7,65.3,8.9,8.6,31.8,5.2,22.9,21.9,21.1,17.3,7.3,3.7,10.0,6.3,2.5
2017-05-30 08:32:00+02:00,3.8,9.0,2.3,12.6,63.1,43.8,36.9,6.3,2.8,17.3,11.5,45.8,3.4,15.7,3.8,9.6,1.6,12.7,40.4,61.1,33.1,3.7,42.9,5.1,72.6,15.3,16.4,5.8,65.1,9.0,7.7,32.1,5.3,23.1,22.0,21.3,17.4,7.4,3.7,10.0,6.3,2.5
2017-05-30 08:33:00+02:00,3.7,8.9,2.3,12.5,62.0,43.2,36.5,6.3,2.8,17.1,11.0,45.2,3.4,15.5,3.5,9.5,1.6,12.5,40.0,60.1,32.7,3.6,42.4,5.1,71.4,14.8,16.3,5.7,64.0,8.9,7.3,31.7,5.2,22.7,21.7,20.9,17.0,7.3,3.6,9.7,6.1,2.4
2017-05-30 08:34:00+02:00,3.8,8.2,2.4,11.9,62.2,42.9,36.2,6.4,2.8,17.2,11.3,45.0,3.4,15.7,3.8,9.6,1.6,12.7,39.6,60.2,32.4,3.7,42.1,5.2,71.6,15.2,15.7,5.8,64.2,9.0,7.7,31.3,5.2,23.1,22.0,21.2,17.3,7.4,3.7,9.9,6.2,2.4
2017-05-30 08:35:00+02:00,3.8,8.1,2.4,11.8,63.0,43.4,36.6,6.5,2.8,17.5,11.5,45.6,3.5,16.0,3.9,9.7,1.7,12.9,40.0,61.0,32.7,3.8,42.5,5.2,72.6,15.4,15.6,5.9,65.1,9.2,7.8,31.6,5.4,23.1,21.9,21.1,17.2,7.3,3.7,9.9,6.3,2.4
2017-05-30 08:36:00+02:00,3.5,9.1,2.4,12.8,64.7,44.9,37.8,6.5,2.9,17.2,11.7,47.0,3.5,16.1,4.0,9.4,1.7,13.1,41.4,62.6,33.9,3.9,43.9,4.8,74.4,15.5,16.7,5.5,66.7,9.3,7.9,32.8,5.4,23.2,22.0,21.1,17.2,7.4,3.8,9.8,6.4,2.5
2017-05-30 08:37:00+02:00,2.1,9.3,2.5,13.1,66.8,46.5,38.6,6.7,2.9,15.6,12.0,48.7,3.6,16.5,4.2,7.7,1.8,13.4,42.0,64.7,34.7,4.0,44.7,3.3,76.6,16.0,17.1,3.9,68.9,9.5,8.1,33.6,5.5,23.7,22.5,21.6,17.5,7.6,3.9,10.0,6.5,2.5
2017-05-30 08:38:00+02:00,2.3,9.6,2.5,13.5,69.2,48.2,39.7,6.9,3.0,16.2,12.4,50.5,3.8,16.9,4.4,8.1,1.8,13.8,43.5,66.9,35.7,4.1,46.2,3.5,79.2,16.4,17.6,4.2,71.3,9.8,8.4,34.5,5.6,24.4,23.1,22.2,18.0,7.8,4.0,10.2,6.7,2.6
2017-05-30 08:39:00+02:00,2.4,9.7,2.6,13.8,70.5,49.1,40.5,7.0,3.0,16.7,12.7,51.5,3.9,17.2,4.5,8.5,1.9,14.0,44.4,68.3,36.4,4.2,47.1,3.7,80.6,16.8,17.9,4.5,72.6,10.0,8.6,35.1,5.6,25.0,23.6,22.6,18.4,7.9,4.0,10.5,6.9,2.8
2017-05-30 08:40:00+02:00,3.0,10.0,2.6,14.1,72.5,50.4,41.6,7.3,3.1,18.2,13.1,52.9,4.1,17.7,4.7,9.7,1.9,14.4,45.6,70.2,37.4,4.3,48.3,4.6,83.0,17.3,18.4,5.5,74.7,10.3,8.9,36.1,5.8,25.7,24.3,23.3,19.0,8.1,4.1,10.8,7.1,2.8
2017-05-30 08:41:00+02:00,4.0,10.0,2.7,14.2,73.4,51.0,42.0,7.3,3.1,19.4,13.3,53.5,4.1,17.9,4.8,10.8,2.0,14.6,46.1,71.1,37.8,4.4,48.9,5.6,84.1,17.6,18.5,6.5,75.7,10.4,9.1,36.4,5.9,26.1,24.7,23.6,19.2,8.3,4.2,11.0,7.1,2.9
2017-05-30 08:42:00+02:00,3.9,9.8,2.6,14.0,72.0,49.9,41.2,7.1,3.0,19.2,13.1,52.4,4.0,17.5,4.7,10.7,2.0,14.3,45.2,69.7,37.0,4.3,47.9,5.6,82.4,17.3,18.2,6.5,74.2,10.1,8.9,35.7,5.7,25.7,24.3,23.1,18.9,8.1,4.1,10.7,7.0,2.8
2017-05-30 08:43:00+02:00,4.1,10.4,2.8,14.8,76.4,53.0,43.7,7.7,3.2,20.5,13.9,55.6,4.4,18.6,5.1,11.5,2.1,15.2,47.9,74.0,39.3,4.6,50.8,6.0,87.5,18.4,19.2,7.0,78.8,10.8,9.6,37.8,6.0,27.3,25.7,24.5,20.0,8.6,4.4,11.4,7.3,3.0
2017-05-30 08:44:00+02:00,3.7,9.8,2.6,14.0,72.6,50.2,41.4,7.3,3.0,19.5,13.3,52.7,4.2,17.4,4.8,10.8,2.0,14.4,45.5,70.3,37.2,4.4,48.2,5.5,83.2,17.6,18.3,6.5,74.9,10.2,9.1,35.8,5.6,26.1,24.6,23.4,19.0,8.2,4.2,10.8,7.0,2.7
2017-05-30 08:45:00+02:00,2.0,6.7,1.8,9.8,50.9,35.2,29.1,4.9,2.0,13.5,9.4,36.8,2.9,11.8,3.1,7.2,1.4,10.0,32.1,49.3,26.0,3.1,33.8,3.2,58.5,12.5,13.0,4.0,52.5,6.9,6.3,24.9,3.7,19.1,17.8,16.8,13.5,5.9,3.0,7.6,4.9,1.8
2017-05-30 08:46:00+02:00,3.2,8.9,2.3,12.8,66.6,46.0,38.0,6.6,2.7,18.1,12.4,48.2,3.8,15.8,4.4,10.0,1.8,13.2,41.7,64.5,34.1,4.0,44.1,4.9,76.5,16.4,16.9,6.0,68.7,9.2,8.5,32.6,5.0,24.4,22.9,21.6,17.6,7.6,3.9,9.9,6.4,2.5
2017-05-30 08:47:00+02:00,4.5,11.3,3.0,16.1,83.6,57.8,47.5,8.4,3.4,22.8,15.4,60.7,4.9,20.0,5.8,12.9,2.3,16.6,52.2,80.9,42.7,5.1,55.3,6.7,95.9,20.3,20.9,8.0,86.3,11.7,10.7,40.9,6.5,30.0,28.2,26.7,21.8,9.5,4.8,12.4,8.0,3.2
2017-05-30 08:48:00+02:00,3.8,9.7,2.5,14.0,72.2,49.9,41.2,7.1,2.9,19.8,13.3,52.3,4.2,17.0,4.8,11.1,2.0,14.2,45.3,69.9,36.9,4.2,47.9,5.6,82.8,17.6,18.3,6.8,74.5,9.9,9.1,35.3,5.5,26.3,24.7,23.3,19.0,8.3,4.2,10.7,6.9,2.7
2017-05-30 08:49:00+02:00,2.9,7.4,1.9,10.7,55.3,38.2,31.6,5.2,2.1,15.6,10.1,40.0,3.2,12.7,3.5,8.7,1.5,10.7,34.9,53.6,28.2,3.2,36.8,4.2,63.6,13.6,14.2,5.2,57.0,7.3,6.9,26.9,4.1,20.7,19.4,18.2,14.7,6.5,3.3,8.2,5.3,1.9
2017-05-30 08:50:00+02:00,2.2,5.7,1.5,8.4,43.1,29.2,24.2,4.0,1.6,12.6,8.4,30.6,2.5,9.1,3.0,7.0,1.2,7.6,26.8,41.7,21.4,2.5,28.2,3.3,49.8,11.1,11.2,4.2,44.5,4.9,5.7,20.3,3.0,16.8,15.6,14.5,11.7,5.2,2.7,6.5,4.2,1.5
2017-05-30 08:51:00+02:00,3.2,8.4,2.2,12.1,62.0,42.0,34.6,6.0,2.4,17.4,12.1,44.1,3.6,13.5,4.6,9.7,1.7,11.2,38.1,60.0,30.9,3.6,40.3,4.7,71.4,15.9,15.9,5.9,64.0,7.4,8.4,29.4,4.7,23.2,21.7,20.4,16.6,7.2,3.7,9.4,6.0,2.3
2017-05-30 08:52:00+02:00,4.2,10.5,2.8,15.0,77.4,52.8,43.2,7.8,3.1,21.4,14.8,55.5,4.6,17.5,5.7,12.1,2.2,14.4,47.6,74.9,38.7,4.4,50.4,6.2,89.1,19.4,19.5,7.5,79.9,9.8,10.3,36.9,6.0,28.2,26.5,25.0,20.4,8.9,4.5,11.5,7.4,2.9
2017-05-30 08:53:00+02:00,3.3,8.1,2.1,11.7,60.1,40.8,33.5,5.4,2.4,17.1,11.7,42.9,3.0,13.1,4.4,9.7,1.7,10.7,36.9,58.2,29.8,3.4,39.1,4.9,69.3,15.3,15.3,6.0,62.0,7.1,8.1,28.4,4.5,22.4,21.0,19.7,16.0,7.0,3.6,9.0,5.8,2.2
2017-05-30 08:54:00+02:00,3.0,7.3,1.9,10.6,54.3,36.8,30.1,4.3,2.1,15.6,10.7,38.6,2.2,11.5,3.9,8.8,1.5,9.4,33.3,52.6,26.7,3.1,35.2,4.5,61.8,14.0,13.9,5.5,56.0,6.0,7.3,25.4,4.0,20.6,19.3,18.1,14.6,6.4,3.3,8.2,5.3,1.9
2017-05-30 08:55:00+02:00,2.2,6.0,1.6,8.8,45.2,30.7,25.1,3.8,1.7,12.9,8.8,32.1,2.5,9.5,3.2,7.2,1.3,7.9,27.8,43.8,22.3,2.6,29.4,3.3,51.2,11.7,11.6,4.4,46.6,5.0,6.0,21.1,3.2,17.3,16.1,15.0,12.1,5.4,2.7,6.7,4.4,1.5
2017-05-30 08:56:00+02:00,2.0,5.4,1.4,8.0,41.7,28.4,23.4,3.9,1.5,11.9,8.2,29.7,2.5,9.1,3.0,6.7,1.2,7.6,25.9,40.5,20.7,2.4,27.2,3.1,47.7,10.8,10.6,4.0,43.0,5.0,5.6,19.6,2.9,15.8,14.7,13.6,11.0,4.9,2.5,6.1,3.9,1.3
2017-05-30 08:57:00+02:00,1.5,4.6,1.2,6.8,35.5,24.1,19.8,3.3,1.2,10.2,7.0,25.2,2.1,7.5,2.6,5.7,1.1,6.3,22.0,34.5,17.5,2.1,23.1,2.5,41.1,9.3,9.0,3.4,36.6,4.0,4.8,16.5,2.4,13.7,12.7,11.7,9.4,4.2,2.2,5.2,3.3,1.1
2017-05-30 08:58:00+02:00,1.6,5.1,1.3,7.6,39.2,26.6,21.9,3.6,1.4,11.0,7.6,27.9,2.2,8.4,2.7,6.1,1.2,7.0,24.3,38.0,19.4,2.3,25.5,2.8,45.3,10.1,10.0,3.6,40.4,4.5,5.2,18.4,2.7,15.0,14.0,13.0,10.5,4.7,2.4,5.8,3.7,1.2
2017-05-30 08:59:00+02:00,3.1,8.8,2.3,12.6,66.1,45.1,37.0,6.4,2.6,17.8,12.8,47.4,3.8,15.1,5.1,10.0,1.9,12.4,40.7,64.0,33.1,3.9,43.1,4.9,75.9,16.7,16.5,6.1,68.2,8.5,9.0,31.6,5.0,24.0,22.4,21.1,17.2,7.5,3.8,9.7,6.3,2.4
2017-05-30 09:00:00+02:00,3.5,10.6,2.8,15.0,78.3,53.5,43.9,7.8,3.2,20.7,15.1,56.3,4.6,18.2,6.1,11.7,2.3,14.9,48.2,75.8,39.4,4.7,51.1,5.8,89.9,19.5,19.4,7.1,80.8,10.5,10.6,37.6,6.1,27.9,26.1,24.7,20.2,8.8,4.4,11.4,7.4,3.0
2017-05-30 09:01:00+02:00,3.2,10.5,2.8,14.9,77.2,53.3,43.7,7.8,3.2,20.1,14.3,56.0,4.5,18.2,5.7,11.3,2.3,14.9,48.0,74.7,39.3,4.7,50.9,5.5,88.7,18.7,19.3,6.8,79.7,10.4,9.9,37.5,6.1,27.7,26.0,24.5,20.0,8.7,4.4,11.3,7.3,2.9
2017-05-30 09:02:00+02:00,2.0,7.7,2.0,11.1,57.3,39.3,32.3,5.6,2.3,14.6,10.9,41.3,3.3,13.1,4.6,8.1,1.7,10.7,35.5,55.6,28.9,3.4,37.5,3.7,65.9,14.3,14.4,4.7,59.1,7.3,7.7,27.6,4.4,20.8,19.4,18.3,14.8,6.5,3.3,8.4,5.4,2.1
2017-05-30 09:03:00+02:00,2.4,8.7,2.4,12.5,65.2,45.3,37.1,6.5,2.7,16.9,11.7,47.6,3.8,15.4,4.4,9.4,1.9,12.6,40.8,63.1,33.2,3.0,43.2,4.3,75.0,15.6,16.3,5.4,67.3,8.7,8.0,31.7,4.8,24.0,22.4,21.1,17.2,7.5,3.8,9.7,6.3,2.4
2017-05-30 09:04:00+02:00,3.6,11.2,3.1,16.0,83.7,58.2,47.6,8.6,3.5,22.0,15.0,61.2,5.1,20.2,5.8,12.5,2.5,16.5,52.2,80.9,42.8,3.9,55.4,6.1,96.2,19.7,20.7,7.7,86.5,11.7,10.3,40.8,6.4,30.3,28.3,26.7,21.9,9.5,4.8,12.4,8.0,3.2
2017-05-30 09:05:00+02:00,2.8,9.0,2.5,13.0,67.0,46.5,38.0,6.8,2.8,17.9,11.9,48.9,4.0,15.5,4.4,10.1,2.0,12.6,41.8,64.8,34.0,2.8,44.3,4.8,77.2,15.9,16.8,6.1,69.2,8.6,8.1,32.4,5.0,24.8,23.2,21.9,17.9,7.6,3.9,10.2,6.5,2.5
2017-05-30 09:06:00+02:00,3.4,10.2,2.8,14.5,75.6,52.3,42.6,7.7,3.1,20.2,13.7,55.0,4.6,17.7,5.2,11.5,2.3,14.4,46.9,73.1,38.2,3.4,49.8,5.7,87.0,18.0,18.7,7.1,78.1,10.0,9.3,36.5,5.7,27.9,26.2,24.7,20.3,8.5,4.3,11.7,7.3,2.9
2017-05-30 09:07:00+02:00,3.0,10.0,2.8,14.2,74.6,51.8,42.4,7.7,3.1,19.4,13.4,54.5,4.5,18.1,5.1,10.9,2.2,14.9,46.6,72.2,38.2,3.4,49.5,5.2,85.6,17.7,18.3,6.6,77.1,10.5,9.1,36.5,5.7,27.5,25.7,24.3,20.0,8.5,4.3,11.5,7.2,2.9
2017-05-30 09:08:00+02:00,3.3,9.2,2.6,13.0,68.5,47.6,39.0,7.0,2.8,18.4,12.2,50.1,4.1,16.6,4.5,10.5,2.0,13.6,42.8,66.2,35.1,3.0,45.5,5.4,78.5,16.1,16.8,6.6,70.7,9.6,8.2,33.5,5.1,25.3,23.7,22.3,18.3,7.8,4.0,10.5,6.6,2.6
2017-05-30 09:09:00+02:00,4.0,10.8,3.0,15.2,80.2,55.6,45.4,8.3,3.3,21.3,14.4,58.6,4.9,19.5,5.7,12.4,2.4,15.9,49.8,77.5,40.9,3.8,53.0,6.5,92.0,19.0,19.6,7.8,82.9,11.3,9.9,39.1,6.1,29.3,27.4,25.9,21.3,9.1,4.6,12.2,7.6,3.1
2017-05-30 09:10:00+02:00,3.0,8.3,2.3,11.9,62.5,43.5,35.6,6.3,2.6,16.6,11.0,45.8,3.8,15.0,4.0,9.4,1.8,12.3,39.2,60.4,31.9,2.6,41.6,4.8,71.8,14.7,15.4,5.8,64.6,8.6,7.4,30.5,4.6,23.2,21.7,20.5,16.8,7.2,3.6,9.6,6.0,2.4
2017-05-30 09:11:00+02:00,4.1,9.8,2.8,13.9,73.9,50.8,41.5,7.3,3.1,19.8,13.8,53.5,4.5,17.6,5.7,11.5,2.2,14.4,45.6,71.5,37.3,4.1,48.5,6.2,84.8,18.1,18.0,7.3,76.4,10.1,9.7,35.6,5.6,26.6,24.8,23.4,19.2,8.0,3.8,11.2,7.0,2.8
2017-05-30 09:12:00+02:00,4.1,9.9,2.8,14.0,75.1,51.3,41.9,7.3,3.1,19.7,14.4,54.0,4.6,17.7,6.1,11.3,2.2,14.5,46.1,72.6,37.6,4.5,48.9,6.0,86.1,18.6,18.1,7.1,77.6,10.2,10.1,35.9,5.6,26.9,25.2,23.7,19.5,8.2,4.0,11.3,7.0,2.8
2017-05-30 09:13:00+02:00,4.5,10.9,3.1,15.4,82.5,56.4,45.9,8.2,3.4,21.6,15.8,59.3,5.1,19.5,6.9,12.5,2.5,16.0,50.6,79.8,41.3,4.9,53.8,6.7,94.6,20.5,19.8,8.0,85.3,11.3,11.3,39.4,6.2,29.7,27.8,26.2,21.6,9.3,4.6,12.3,7.7,3.1
2017-05-30 09:14:00+02:00,4.6,11.0,3.1,15.6,83.7,57.1,46.5,8.3,3.4,21.9,16.2,60.0,5.1,19.8,7.1,12.8,2.5,16.2,51.3,80.9,41.9,5.0,54.5,6.8,95.9,20.9,20.1,8.1,86.5,11.5,11.6,39.9,6.3,30.2,28.2,26.5,21.9,9.4,4.7,12.5,7.8,3.2
2017-05-30 09:15:00+02:00,4.5,11.2,3.1,15.8,84.6,57.7,47.0,8.4,3.5,22.1,16.4,60.6,5.2,19.9,7.2,12.9,2.6,16.3,51.8,81.7,42.3,5.1,55.0,6.8,96.9,21.2,20.4,8.1,87.4,11.6,11.7,40.3,6.4,30.6,28.5,26.8,22.1,9.4,4.8,12.7,7.9,3.2
2017-05-30 09:16:00+02:00,3.7,11.2,3.1,15.8,85.1,58.0,47.2,8.4,3.5,21.4,16.5,60.9,5.2,20.0,7.3,12.1,2.6,16.4,52.0,82.2,42.4,5.1,55.2,6.0,97.5,21.3,20.4,7.4,87.9,11.6,11.9,40.4,6.3,30.8,28.7,27.0,22.3,9.5,4.8,12.8,8.0,3.2
2017-05-30 09:17:00+02:00,3.9,11.2,3.1,15.9,85.6,58.4,47.5,8.4,3.4,21.7,16.6,61.3,5.3,20.1,7.4,12.4,2.6,16.5,52.3,82.7,42.7,5.1,55.6,6.3,98.2,21.4,20.6,7.7,88.4,11.6,12.0,40.6,6.3,31.0,28.9,27.2,22.4,9.6,4.8,12.8,8.0,3.3
2017-05-30 09:18:00+02:00,4.7,11.2,3.2,16.0,86.2,58.8,47.8,8.5,3.4,22.7,16.8,61.7,5.3,20.2,7.5,13.3,2.6,16.6,52.6,83.3,43.0,5.2,55.9,7.1,98.9,21.6,20.7,8.5,89.1,11.7,12.1,40.9,6.3,31.2,29.1,27.3,22.5,9.7,4.8,12.9,8.0,3.3
2017-05-30 09:19:00+02:00,4.8,11.4,3.2,16.3,87.8,59.7,48.6,8.7,3.4,23.2,17.2,62.8,5.4,20.5,7.7,13.5,2.7,16.9,53.5,84.9,43.7,5.3,56.8,7.2,100.7,22.1,21.1,8.7,90.7,11.9,12.4,41.6,6.4,31.8,29.7,27.8,23.0,9.9,4.9,13.1,8.1,3.3
2017-05-30 09:20:00+02:00,5.0,11.6,3.3,16.6,89.9,61.1,49.9,8.9,3.5,23.8,17.6,64.3,5.6,21.1,7.8,13.9,2.8,17.4,54.9,86.9,44.9,5.4,58.2,7.4,103.1,22.6,21.6,8.9,92.9,12.3,12.7,42.6,6.5,32.7,30.4,28.5,23.5,10.2,5.1,13.3,8.3,3.3
2017-05-30 09:21:00+02:00,5.1,11.9,3.3,17.0,92.1,62.6,51.1,9.1,3.5,24.5,18.0,65.8,5.7,21.6,8.1,14.3,2.8,17.9,56.2,89.0,46.0,5.6,59.6,7.6,105.7,23.2,22.0,9.2,95.2,12.6,13.0,43.7,6.6,33.5,31.2,29.2,24.1,10.4,5.2,13.7,8.5,3.4
2017-05-30 09:22:00+02:00,5.2,12.1,3.4,17.4,94.1,63.9,52.2,9.3,3.6,25.1,18.5,67.2,5.8,22.0,8.3,14.7,2.9,18.2,57.5,91.0,47.0,5.7,60.9,7.8,108.0,23.9,22.6,9.5,97.3,12.9,13.3,44.6,6.7,34.4,32.0,29.9,24.7,10.7,5.4,14.0,8.7,3.5
2017-05-30 09:23:00+02:00,4.3,12.3,3.4,17.6,95.5,64.9,52.9,9.4,3.6,24.7,18.9,68.2,5.9,22.3,8.4,14.1,2.9,18.5,58.3,92.4,47.6,5.8,61.8,7.0,109.5,24.3,23.0,8.7,98.6,13.0,13.6,45.2,6.8,35.0,32.5,30.4,25.0,10.8,5.5,14.2,8.8,3.5
2017-05-30 09:24:00+02:00,4.7,12.6,3.5,18.1,98.4,66.7,54.5,9.7,3.7,25.8,19.5,70.1,6.1,22.9,8.7,14.8,3.0,19.0,60.1,95.1,49.0,6.0,63.6,7.4,112.8,25.1,23.6,9.3,101.5,13.4,14.0,46.5,6.9,36.3,33.7,31.5,26.0,11.3,5.6,14.7,9.1,3.6
2017-05-30 09:25:00+02:00,5.2,12.8,3.5,18.5,100.1,67.9,55.5,9.9,3.7,26.6,19.9,71.3,6.2,23.3,8.8,15.4,3.1,19.4,61.2,96.8,49.9,6.1,64.8,7.9,114.7,25.6,24.0,9.8,103.3,13.7,14.3,47.3,7.0,37.0,34.4,32.1,26.4,11.5,5.8,14.9,9.2,3.6
2017-05-30 09:26:00+02:00,5.0,13.2,3.6,19.0,103.3,70.0,57.2,10.2,3.9,27.2,20.5,73.5,6.2,23.9,9.2,15.7,3.2,19.9,63.0,99.9,51.4,6.3,66.8,7.9,118.4,26.4,24.8,9.8,106.5,14.0,14.8,48.7,7.2,38.2,35.5,33.1,27.3,11.9,5.9,15.4,9.5,3.7
2017-05-30 09:27:00+02:00,4.9,13.4,3.7,19.4,104.9,71.1,58.1,10.3,4.0,27.7,20.9,74.7,6.3,24.3,9.3,15.9,3.2,20.2,64.0,101.5,52.3,6.4,67.8,8.0,120.3,26.9,25.2,10.0,108.4,14.2,15.0,49.5,7.3,38.9,36.2,33.7,27.8,12.1,6.0,15.7,9.7,3.8
2017-05-30 09:28:00+02:00,5.0,13.6,3.8,19.6,106.5,72.3,59.2,10.8,4.0,27.9,21.2,75.9,6.7,25.0,9.4,16.0,3.3,20.9,65.1,103.0,53.3,6.5,68.9,8.0,122.1,27.2,25.5,10.1,110.0,14.8,15.2,50.5,7.4,39.5,36.7,34.2,28.2,12.3,6.1,15.9,9.8,3.8
2017-05-30 09:29:00+02:00,4.3,11.7,3.2,16.9,91.3,62.0,50.9,9.2,3.4,23.9,18.2,65.0,5.7,21.1,8.0,13.7,2.8,17.9,56.0,88.5,45.7,5.4,59.2,6.8,104.7,23.5,22.2,8.5,94.3,12.5,13.0,43.3,6.3,34.1,31.6,29.5,24.2,10.4,5.3,13.8,8.5,3.2
2017-05-30 09:30:00+02:00,3.7,10.0,2.7,14.8,79.6,53.9,44.3,7.9,2.9,20.9,16.0,56.5,5.0,18.1,6.9,12.1,2.5,15.5,48.8,77.1,39.6,4.7,51.5,5.9,91.4,20.7,19.4,7.4,82.2,10.7,11.4,37.5,5.3,30.1,27.9,26.0,21.3,9.2,4.7,12.1,7.4,2.7
2017-05-30 09:31:00+02:00,2.0,5.5,1.5,8.5,45.7,30.6,25.2,4.4,1.4,12.1,9.6,31.9,2.9,9.6,3.9,6.9,1.5,8.7,28.0,44.3,22.4,2.6,29.3,3.2,52.4,12.6,11.4,4.0,47.1,5.7,6.8,21.0,2.6,18.4,16.9,15.5,12.6,5.5,2.9,7.1,4.2,1.3
2017-05-30 09:32:00+02:00,1.7,5.2,1.4,8.0,43.4,28.9,23.8,4.1,1.4,11.2,9.2,30.2,2.7,9.0,3.7,6.3,1.4,8.2,26.4,42.0,21.1,2.4,27.7,2.7,48.6,12.0,10.7,3.6,44.7,5.3,6.5,19.7,2.4,17.6,16.2,14.9,12.1,5.3,2.7,6.8,4.0,1.3
2017-05-30 09:33:00+02:00,2.5,6.8,1.9,10.3,57.5,38.3,31.4,5.5,2.0,14.9,12.1,40.2,3.5,12.5,5.0,8.6,1.8,11.0,34.7,55.7,27.9,3.5,36.7,4.0,64.9,15.6,13.8,5.2,59.4,7.4,8.6,26.3,3.4,22.5,20.8,19.3,15.7,6.8,3.5,8.9,5.4,1.8
2017-05-30 09:34:00+02:00,3.8,9.9,2.8,14.4,79.7,53.3,43.6,7.9,2.9,20.4,16.4,56.0,4.9,17.9,7.1,11.8,2.4,15.4,48.1,77.1,39.0,5.0,50.9,6.0,90.1,21.1,19.0,7.4,82.3,10.8,11.8,36.9,5.2,29.5,27.7,25.8,21.2,9.1,4.6,12.1,7.4,2.8
2017-05-30 09:35:00+02:00,3.8,7.8,2.3,11.7,65.6,43.7,35.7,6.4,2.3,17.8,13.7,45.9,4.0,14.4,5.8,10.4,2.0,12.6,39.5,63.5,31.8,4.1,41.7,5.7,74.1,17.6,15.6,6.9,67.8,8.7,9.8,30.1,3.9,24.7,23.3,21.7,17.7,7.6,3.9,10.1,6.1,2.2
2017-05-30 09:36:00+02:00,3.0,5.5,1.6,8.5,48.2,31.8,26.1,4.5,1.6,13.3,10.3,33.4,2.9,10.1,4.3,7.8,1.5,9.1,28.9,46.7,23.1,3.0,30.4,4.3,54.2,13.4,11.5,5.2,49.8,6.1,7.3,21.7,2.5,19.1,17.7,16.4,13.3,5.8,3.0,7.5,4.5,1.5
2017-05-30 09:37:00+02:00,3.8,7.4,2.1,11.1,62.0,41.3,33.8,5.9,2.1,17.1,12.9,43.4,3.7,13.5,5.5,10.0,1.9,11.8,37.4,60.0,30.1,3.8,39.5,5.5,69.8,16.7,14.9,6.6,63.9,8.1,9.3,28.4,3.7,23.8,22.2,20.5,16.8,7.2,3.7,9.5,5.8,2.0
2017-05-30 09:38:00+02:00,5.3,11.7,3.3,16.9,92.4,62.0,50.8,9.3,3.4,24.7,18.8,65.2,5.7,20.9,8.3,14.6,2.8,17.9,55.8,89.3,45.5,5.8,59.2,7.9,104.3,24.1,22.2,9.7,95.0,12.7,13.6,43.1,6.4,34.3,31.9,29.7,24.4,10.5,5.3,13.9,8.5,3.3
2017-05-30 09:39:00+02:00,5.0,11.0,3.1,15.9,86.8,58.3,47.8,8.7,3.2,23.0,17.6,61.3,5.4,19.8,7.8,13.6,2.6,16.8,52.6,83.9,42.9,5.5,55.7,7.5,97.8,22.6,20.8,9.1,89.3,11.9,12.8,40.6,6.0,31.4,29.9,27.9,22.9,9.9,5.0,13.0,8.0,3.1
2017-05-30 09:40:00+02:00,4.0,9.2,2.6,13.5,74.3,49.8,40.9,7.4,2.6,19.5,15.1,52.4,4.6,16.8,6.6,11.4,2.2,14.4,45.0,71.8,36.6,4.7,47.6,6.1,84.3,19.5,17.8,7.5,76.3,10.1,10.9,34.6,4.9,27.7,25.8,24.0,19.7,8.5,4.3,11.2,6.9,2.6
2017-05-30 09:41:00+02:00,3.6,9.0,2.5,13.1,71.9,48.2,39.6,7.1,2.6,18.2,14.6,50.7,4.4,16.2,6.4,10.3,2.2,13.9,43.6,69.6,35.4,4.5,46.2,5.6,82.1,18.9,17.3,6.6,73.9,9.7,10.6,33.6,4.9,26.9,25.1,23.4,19.2,8.2,4.2,10.9,6.7,2.5
2017-05-30 09:42:00+02:00,3.8,9.5,2.7,13.8,75.5,50.6,41.5,7.4,2.7,19.3,15.4,53.2,4.6,17.1,6.8,11.1,2.3,14.6,45.7,73.0,37.2,4.8,48.4,6.2,86.2,19.8,18.1,7.2,77.5,10.2,11.1,35.2,5.2,28.2,26.3,24.6,20.1,8.7,4.4,11.5,7.1,2.7
2017-05-30 09:43:00+02:00,4.4,11.2,3.2,16.1,88.5,59.4,48.6,8.9,3.3,23.1,17.9,62.5,5.5,20.3,8.0,13.5,2.7,17.2,53.5,85.5,43.6,5.7,56.7,7.2,101.0,23.0,21.1,8.9,90.9,12.2,13.1,41.3,6.2,32.8,30.6,28.5,23.4,10.1,5.1,13.3,8.3,3.2
2017-05-30 09:44:00+02:00,4.7,12.3,3.5,17.5,95.8,64.4,52.7,9.8,3.6,25.0,19.3,67.8,6.1,22.0,8.8,14.7,3.0,18.7,57.9,92.5,47.4,6.2,61.4,7.7,109.2,24.8,22.9,9.7,98.5,13.4,14.2,44.9,6.9,35.3,32.9,30.7,25.2,10.9,5.5,14.4,8.9,3.5
2017-05-30 09:45:00+02:00,4.7,12.3,3.4,17.5,94.8,63.7,52.0,9.7,3.7,24.9,19.1,67.0,6.1,21.4,8.7,14.6,3.0,18.7,57.2,91.5,46.7,6.1,60.7,7.7,107.9,24.5,22.8,9.7,97.4,13.4,14.1,44.2,6.9,35.0,32.6,30.4,25.0,10.8,5.5,14.2,8.8,3.5
2017-05-30 09:46:00+02:00,4.7,12.2,3.4,17.4,94.3,63.5,51.8,9.7,3.6,23.8,19.0,66.8,6.0,21.3,8.6,14.1,3.0,18.6,56.9,91.1,46.5,6.1,60.4,7.6,107.3,24.4,22.7,9.2,97.0,13.3,13.9,44.0,6.8,34.0,32.4,30.2,24.8,10.7,5.4,14.1,8.8,3.4
2017-05-30 09:47:00+02:00,4.0,9.5,2.9,14.1,80.5,53.8,43.8,8.3,3.1,20.8,16.6,56.6,5.2,18.3,7.4,12.4,2.5,16.1,48.3,77.8,39.1,5.1,51.2,6.5,90.2,21.3,18.7,8.1,82.6,11.4,12.0,37.0,5.8,30.1,28.1,26.2,21.5,9.2,4.7,12.2,7.6,2.9
2017-05-30 09:48:00+02:00,4.9,11.5,3.5,16.9,96.7,64.8,52.6,10.1,3.8,24.7,19.6,68.2,6.3,22.2,9.1,14.8,3.1,19.4,58.0,93.4,47.1,6.2,61.6,8.0,109.2,25.2,22.3,9.7,99.7,13.9,14.6,44.5,7.0,36.4,33.8,31.4,25.8,11.1,5.6,14.7,9.1,3.6
2017-05-30 09:49:00+02:00,4.8,11.5,3.5,16.8,96.5,64.4,52.3,10.1,3.7,24.6,19.9,67.8,6.3,22.0,9.1,14.7,3.1,19.2,57.6,93.2,46.8,6.3,61.2,8.0,108.9,25.4,22.3,10.1,99.4,13.8,14.6,44.2,7.0,36.0,33.6,31.1,25.6,11.1,5.6,14.5,9.0,3.5
2017-05-30 09:50:00+02:00,5.0,12.0,3.6,17.5,99.9,66.8,54.4,10.4,3.8,26.4,20.5,70.3,6.5,23.0,9.4,15.6,3.2,19.8,59.8,96.5,48.7,6.5,63.5,8.2,112.6,26.3,23.0,10.5,102.8,14.2,15.1,46.0,7.3,37.1,34.6,32.1,26.4,11.4,5.8,15.0,9.3,3.6
2017-05-30 09:51:00+02:00,5.0,12.0,3.6,17.6,101.2,67.8,55.3,10.4,3.9,27.2,20.7,71.4,6.5,23.7,9.5,16.1,3.2,19.9,60.8,97.8,49.7,6.5,64.5,8.3,114.0,26.5,23.2,10.5,104.2,14.2,15.1,46.9,7.3,37.4,34.9,32.3,26.6,11.5,5.8,15.1,9.4,3.6
2017-05-30 09:52:00+02:00,5.1,12.1,3.6,17.7,101.3,67.8,55.6,10.5,3.8,27.3,20.8,71.4,6.5,23.8,9.5,16.2,3.2,20.0,61.2,97.9,49.9,6.5,64.9,8.4,114.2,26.6,23.4,10.6,104.3,14.3,15.2,47.2,7.3,37.5,35.1,32.5,26.7,11.5,5.8,15.2,9.4,3.6
2017-05-30 09:53:00+02:00,5.2,12.3,3.7,18.0,103.5,69.3,56.8,10.7,3.9,28.1,21.3,72.9,6.7,24.3,9.7,16.8,3.3,20.4,62.5,100.0,51.0,6.7,66.2,8.6,116.7,27.2,23.8,11.0,106.4,14.6,15.5,48.1,7.4,38.3,35.8,33.2,27.3,11.9,6.0,15.5,9.6,3.7
2017-05-30 09:54:00+02:00,5.3,12.3,3.7,18.1,103.5,69.0,57.2,10.7,3.9,28.4,21.5,72.7,6.8,24.4,9.8,16.9,3.3,20.5,63.0,100.0,51.3,6.7,66.8,8.7,115.5,27.5,24.0,11.1,105.2,14.6,15.7,48.5,7.4,38.6,36.2,33.5,27.5,11.9,6.0,15.7,9.7,3.7
2017-05-30 09:55:00+02:00,4.8,10.0,3.2,15.2,90.4,59.9,49.9,9.4,3.1,25.5,19.1,63.1,5.9,21.5,8.5,15.1,2.9,18.1,55.0,87.4,44.6,5.9,58.3,7.8,100.5,24.4,20.5,9.9,91.7,12.8,13.8,42.0,5.7,34.1,32.0,29.7,24.4,10.4,5.3,13.9,8.6,3.3
2017-05-30 09:56:00+02:00,4.2,7.3,2.6,11.6,72.9,48.1,39.6,7.6,2.3,20.1,15.7,50.6,4.8,17.0,6.9,12.5,2.4,14.7,43.9,70.5,35.2,4.7,46.5,6.5,80.5,20.1,16.1,8.2,73.6,10.2,11.3,33.1,3.9,26.8,26.2,24.3,19.9,8.5,4.3,11.4,7.0,2.6
2017-05-30 09:57:00+02:00,4.3,8.9,2.6,13.3,76.2,50.5,41.2,7.7,2.7,18.7,16.1,53.1,4.9,16.7,7.1,11.3,2.4,15.0,45.7,73.7,36.7,4.9,48.4,6.3,84.1,20.6,17.8,6.8,76.9,10.5,11.6,34.6,4.4,27.6,27.1,25.1,20.5,8.8,4.5,11.8,7.3,2.8
2017-05-30 09:58:00+02:00,2.8,5.1,1.6,8.0,47.5,31.2,25.5,4.8,1.6,11.0,10.4,32.8,3.1,10.0,4.4,6.6,1.6,9.4,28.5,46.0,22.5,3.0,30.1,3.9,51.3,13.4,11.1,3.7,47.2,6.4,7.4,21.1,2.3,17.8,17.7,16.3,13.3,5.7,3.0,7.6,4.6,1.6
2017-05-30 09:59:00+02:00,2.8,5.1,1.6,8.0,47.7,31.4,25.7,4.7,1.5,10.8,10.3,32.9,3.1,10.3,4.3,6.4,1.5,9.3,28.7,46.1,22.7,3.0,30.3,3.6,51.4,13.3,11.0,3.4,47.4,6.3,7.3,21.3,2.4,17.9,17.6,16.2,13.2,5.6,2.9,7.5,4.6,1.6
2017-05-30 10:00:00+02:00,4.4,8.4,2.8,12.9,79.2,52.5,42.7,8.2,2.8,19.4,16.6,55.2,5.2,18.3,7.4,11.5,2.5,15.6,47.4,76.5,38.0,5.1,50.2,6.3,87.6,21.4,17.6,6.9,80.0,11.0,12.0,35.8,4.8,28.8,28.1,26.0,21.3,9.1,4.6,12.2,7.5,2.8
2017-05-30 10:01:00+02:00,4.5,9.9,2.9,14.6,84.1,56.4,46.2,8.6,3.0,20.7,17.3,59.3,5.4,19.6,7.8,12.0,2.7,16.4,51.0,81.3,41.3,5.4,54.0,6.5,93.2,22.1,19.5,7.2,85.1,11.6,12.6,39.1,5.5,29.7,29.3,27.2,22.3,9.6,4.8,12.7,7.9,3.0
2017-05-30 10:02:00+02:00,2.0,5.2,1.6,8.0,47.7,31.7,26.2,4.6,1.5,11.2,10.0,33.3,3.0,10.9,4.3,5.7,1.5,9.2,29.1,46.2,23.2,3.0,30.7,3.0,52.7,12.9,11.0,2.8,47.4,6.2,7.3,21.9,2.7,16.9,17.5,16.2,13.1,5.7,2.9,7.4,4.5,1.6
2017-05-30 10:03:00+02:00,3.5,7.3,2.4,11.2,68.6,45.6,37.3,6.9,2.4,17.4,14.3,48.0,4.3,16.0,6.3,9.6,2.2,13.4,41.4,66.3,33.2,4.4,43.9,5.2,76.1,18.4,15.3,5.6,69.1,9.3,10.4,31.4,3.8,24.9,24.7,22.8,18.7,8.1,4.0,10.6,6.5,2.4
2017-05-30 10:04:00+02:00,5.0,10.3,3.3,15.4,91.9,61.4,50.1,9.4,3.4,23.7,18.9,64.6,5.9,21.6,8.6,13.6,3.0,18.1,55.4,88.8,44.8,5.9,58.7,7.6,103.0,24.2,20.7,8.5,93.3,12.8,13.8,42.3,5.5,34.6,32.5,30.0,24.7,10.7,5.3,14.0,8.7,3.4
2017-05-30 10:05:00+02:00,2.9,5.4,1.8,8.3,51.0,34.0,27.8,5.0,1.8,12.7,10.6,35.7,3.2,11.8,4.6,6.9,1.6,10.0,31.0,49.4,24.7,3.2,32.8,4.1,56.5,13.7,11.5,4.0,50.8,6.8,7.6,23.3,2.7,19.9,18.6,17.1,13.9,6.0,3.0,7.9,4.8,1.7
2017-05-30 10:06:00+02:00,2.6,4.9,1.6,7.6,47.2,31.4,25.7,4.6,1.6,12.1,9.9,32.9,2.9,10.9,4.4,6.7,1.5,9.2,28.6,45.7,22.8,3.0,30.2,3.6,52.3,12.8,10.5,4.0,47.3,6.2,7.2,21.4,2.5,18.5,17.2,15.9,12.9,5.5,2.8,7.4,4.5,1.6
2017-05-30 10:07:00+02:00,1.8,2.9,1.1,4.9,32.7,21.5,17.4,3.0,1.0,9.0,7.1,22.5,2.0,7.3,3.0,5.1,1.1,6.2,19.6,31.7,15.3,2.1,20.6,2.5,36.2,9.2,7.0,3.2,33.4,4.0,5.1,14.4,1.3,13.4,12.5,11.5,9.3,4.0,2.1,5.3,3.2,1.1
2017-05-30 10:08:00+02:00,4.8,10.8,3.3,15.7,91.5,61.2,49.6,9.1,3.4,24.3,18.9,64.4,5.6,21.2,8.7,14.3,2.9,17.6,54.8,88.5,44.5,6.0,58.2,7.4,104.0,24.1,20.8,9.4,94.3,12.5,13.9,42.0,6.0,34.4,31.9,29.5,24.3,10.5,5.3,13.8,8.6,3.3
2017-05-30 10:09:00+02:00,4.1,9.0,2.8,13.1,78.3,52.1,42.1,7.4,2.9,20.9,16.3,54.9,4.4,17.9,7.4,12.3,2.5,14.8,46.6,75.7,37.7,5.2,49.5,6.3,89.2,20.8,17.7,8.1,80.6,10.3,11.9,35.6,5.4,29.7,27.6,25.5,21.0,9.0,4.5,12.0,7.4,2.9
2017-05-30 10:10:00+02:00,3.9,8.7,2.6,12.6,73.5,49.1,39.8,7.0,2.6,18.7,15.2,51.6,4.2,16.8,6.9,10.6,2.4,14.0,44.0,71.0,35.7,4.8,46.7,5.9,83.5,19.4,16.8,6.7,75.6,9.8,11.1,33.7,4.9,27.3,25.3,23.4,19.1,8.3,4.2,10.8,6.5,2.3
2017-05-30 10:11:00+02:00,3.4,6.7,2.2,10.0,60.9,40.7,33.0,6.1,2.0,15.5,12.6,42.7,3.9,14.3,5.6,8.7,2.0,12.0,36.6,58.9,29.5,4.0,38.7,4.9,69.1,16.2,13.5,5.5,62.6,8.4,9.2,27.8,3.6,22.2,20.6,19.0,15.4,6.9,3.5,8.5,4.9,2.1
2017-05-30 10:12:00+02:00,3.4,6.5,2.1,9.8,60.3,40.2,32.6,6.0,2.0,15.7,12.6,42.2,3.8,14.1,5.6,8.9,1.9,11.8,36.1,58.3,29.1,3.9,38.3,5.1,68.3,16.1,13.3,5.6,62.0,8.2,9.1,27.4,3.5,21.9,20.3,18.7,15.1,6.9,3.5,8.2,4.6,2.2
2017-05-30 10:13:00+02:00,4.4,9.0,2.8,13.2,78.2,52.0,42.1,7.2,2.7,20.7,16.3,54.7,4.3,17.7,7.4,12.0,2.5,14.6,46.5,75.5,37.6,5.2,49.4,6.7,88.6,20.9,17.8,7.7,80.5,10.1,11.9,35.4,5.0,28.6,26.5,24.4,19.8,9.0,4.6,10.8,6.2,2.9
2017-05-30 10:14:00+02:00,5.4,11.8,3.6,17.1,98.6,65.8,53.4,9.4,3.5,26.0,20.4,69.2,5.7,22.5,9.5,15.3,3.2,18.7,58.8,95.2,47.9,6.6,62.5,8.4,111.5,26.0,22.6,10.0,101.9,13.2,15.0,45.1,6.5,36.6,33.8,31.2,25.5,11.3,5.7,14.2,8.5,3.6
2017-05-30 10:15:00+02:00,4.8,10.5,3.2,15.3,87.6,58.4,47.4,8.3,3.2,23.0,18.0,61.5,5.0,20.0,8.3,13.4,2.9,16.6,52.3,84.5,42.5,5.8,55.5,7.5,98.9,23.1,20.3,8.7,90.4,11.6,13.2,40.2,5.9,33.1,30.6,28.3,23.2,10.0,5.0,13.2,8.1,3.2
2017-05-30 10:16:00+02:00,5.2,12.1,3.4,17.2,95.1,63.6,51.7,9.1,3.5,24.9,19.5,66.9,5.5,21.8,8.9,14.6,3.1,18.1,56.9,91.8,46.4,6.2,60.4,8.0,108.3,24.9,22.5,9.5,98.2,12.7,14.3,44.3,7.0,35.8,33.1,30.6,25.2,10.9,5.5,14.3,8.8,3.5
2017-05-30 10:17:00+02:00,3.5,7.1,2.3,10.7,63.5,42.2,34.2,6.2,1.8,16.0,13.2,44.4,3.8,14.9,5.9,8.8,2.1,12.4,37.9,61.3,30.5,4.0,40.1,5.2,71.7,16.9,14.4,5.4,65.1,8.6,9.6,29.3,3.6,24.2,22.4,20.7,17.0,7.3,3.7,9.7,5.9,2.3
2017-05-30 10:18:00+02:00,4.3,8.9,2.8,13.1,77.2,51.3,41.5,7.6,2.2,20.1,16.1,54.0,4.7,18.0,7.4,11.5,2.5,15.0,45.9,74.6,37.2,5.1,48.7,6.4,86.4,20.6,17.5,7.3,78.0,10.5,11.8,35.5,4.6,29.1,26.9,24.9,20.4,8.8,4.5,11.7,7.1,2.8
2017-05-30 10:19:00+02:00,5.4,11.4,3.6,16.7,99.1,65.8,53.3,10.0,2.5,26.3,20.7,69.3,6.2,23.2,9.6,15.3,3.3,19.3,58.8,95.7,47.8,6.7,62.5,8.3,111.8,26.4,22.3,9.9,100.7,13.7,15.3,45.5,5.9,37.3,34.6,31.9,26.3,11.3,5.7,14.9,9.1,3.6
2017-05-30 10:20:00+02:00,5.6,11.9,3.7,17.3,101.7,67.3,54.4,10.2,2.5,26.8,21.4,71.0,6.4,23.1,10.0,15.5,3.4,19.2,60.1,98.2,48.7,6.9,63.9,8.6,114.1,27.3,23.1,9.8,102.6,13.4,15.8,46.3,6.1,38.2,35.4,32.6,26.8,11.8,5.9,15.0,9.0,3.7
2017-05-30 10:21:00+02:00,5.6,12.3,3.7,17.8,103.2,68.6,55.7,10.5,2.9,27.9,21.6,72.2,6.5,23.8,10.1,16.5,3.4,19.8,61.5,99.6,50.0,6.9,65.2,8.6,116.0,27.5,23.7,10.8,104.4,14.0,15.9,47.4,6.5,37.8,35.0,32.2,26.3,11.9,6.0,14.5,8.5,3.8
2017-05-30 10:22:00+02:00,5.2,11.8,3.4,16.9,95.1,63.3,51.5,9.4,3.2,25.0,19.9,66.6,5.8,21.6,9.2,14.5,3.1,18.0,56.9,91.8,46.2,6.3,60.2,7.9,107.3,25.3,22.3,9.2,96.6,12.6,14.6,44.0,6.5,34.6,32.0,29.5,24.1,10.8,5.5,13.2,7.7,3.4
2017-05-30 10:23:00+02:00,4.7,10.7,3.0,15.2,85.2,56.8,46.3,8.4,3.0,22.0,17.8,59.7,5.3,19.4,8.2,12.6,2.8,16.1,51.2,82.3,41.6,5.6,54.2,6.8,96.7,22.6,20.2,7.9,87.9,11.2,13.0,39.6,5.9,30.8,28.5,26.3,21.4,9.7,4.8,11.7,6.8,3.0
2017-05-30 10:24:00+02:00,5.0,11.3,3.2,16.1,91.2,60.8,49.5,8.9,3.1,24.7,19.0,64.0,5.5,20.7,8.7,14.6,3.0,17.2,54.6,88.1,44.4,6.1,57.9,7.5,104.5,24.2,21.4,9.5,94.2,12.0,13.9,42.1,6.2,33.1,30.6,28.2,23.0,10.4,5.2,12.6,7.3,3.3
2017-05-30 10:25:00+02:00,5.2,12.4,3.5,17.6,97.7,65.0,53.0,9.7,3.5,26.7,20.3,68.5,6.1,21.7,9.4,16.0,3.2,18.0,58.4,94.3,47.5,6.6,61.9,8.0,112.1,25.9,23.1,10.6,100.9,12.5,14.9,44.9,6.9,35.6,32.9,30.3,24.8,11.2,5.6,13.6,7.9,3.6
2017-05-30 10:26:00+02:00,5.4,13.0,3.6,18.3,100.3,66.7,54.2,9.8,3.8,27.5,20.9,70.2,6.3,21.7,9.7,16.5,3.3,17.9,59.7,96.8,48.6,6.8,63.4,8.3,114.0,26.7,24.1,10.9,103.6,12.2,15.4,45.8,7.3,37.4,34.7,31.9,26.2,11.5,5.8,14.7,8.8,3.7
2017-05-30 10:27:00+02:00,5.3,13.0,3.6,18.3,100.0,66.5,54.1,9.9,3.8,27.7,20.9,70.0,6.3,21.8,9.7,16.7,3.3,17.9,59.6,96.6,48.5,6.8,63.2,8.6,112.4,26.6,24.0,11.1,103.3,12.3,15.4,45.8,7.3,37.6,34.8,32.0,26.4,11.4,5.7,15.0,9.2,3.7
2017-05-30 10:28:00+02:00,5.3,12.9,3.6,18.2,100.3,67.0,54.6,10.2,3.8,25.1,20.8,70.5,6.7,22.5,9.7,14.2,3.3,18.6,60.1,96.9,49.1,6.7,63.8,8.5,113.1,26.5,23.9,8.8,103.6,13.0,15.3,46.4,7.3,37.4,34.6,31.9,26.3,11.4,5.7,14.9,9.1,3.7
2017-05-30 10:29:00+02:00,5.3,12.8,3.6,18.1,100.5,67.3,55.0,10.2,3.8,25.1,20.7,70.8,6.6,22.9,9.7,14.3,3.3,19.1,60.5,97.1,49.4,6.7,64.1,8.5,112.8,26.4,23.8,8.9,103.8,13.5,15.2,46.7,7.3,37.2,34.4,31.7,26.1,11.3,5.6,14.8,9.1,3.6
2017-05-30 10:30:00+02:00,5.3,12.7,3.6,17.9,99.9,66.9,54.7,10.1,3.8,25.1,20.6,70.4,6.6,22.7,9.6,14.3,3.3,19.0,60.1,96.6,49.1,6.7,63.7,8.5,112.1,26.3,23.6,8.9,103.2,13.4,15.2,46.3,7.2,37.0,34.2,31.5,26.0,11.3,5.6,14.7,9.0,3.6
2017-05-30 10:31:00+02:00,5.2,12.7,3.5,17.9,99.1,66.4,54.3,10.1,3.7,25.0,20.4,69.9,6.6,22.6,9.5,14.3,3.3,18.8,59.7,95.8,48.8,6.6,63.3,8.4,112.2,26.0,23.5,8.9,102.4,13.4,15.1,46.1,7.2,36.7,33.9,31.2,25.8,11.2,5.6,14.6,8.9,3.6
2017-05-30 10:32:00+02:00,4.9,12.4,3.4,17.4,95.7,64.3,52.6,9.7,3.6,23.9,19.6,67.6,6.4,21.8,9.2,13.5,3.2,18.1,57.8,92.5,47.2,6.4,61.2,8.0,108.0,25.0,22.9,8.4,98.8,12.9,14.6,44.6,6.9,35.4,32.8,30.2,24.9,10.8,5.5,14.1,8.6,3.4
2017-05-30 10:33:00+02:00,5.1,11.2,3.5,16.4,96.4,64.1,52.2,10.0,3.7,24.7,20.1,67.6,6.6,22.0,9.5,14.0,3.3,18.3,57.5,93.1,46.7,6.6,61.0,8.2,109.0,25.6,22.0,8.7,99.6,12.9,15.0,44.0,5.6,36.4,33.6,31.1,25.7,11.2,5.7,14.5,8.8,3.5
2017-05-30 10:34:00+02:00,5.2,11.0,3.6,16.3,98.3,64.8,52.5,10.2,3.7,25.4,20.9,68.4,6.8,22.0,9.8,14.5,3.4,18.2,58.0,94.9,46.8,6.7,61.6,8.5,111.8,26.6,22.0,9.0,101.6,12.6,15.5,44.0,5.1,37.4,34.6,32.0,26.4,11.5,5.8,14.9,9.0,3.6
2017-05-30 10:35:00+02:00,5.1,11.1,3.7,16.5,99.9,66.0,53.5,10.3,3.7,25.6,21.2,69.6,6.8,22.7,9.9,14.5,3.4,18.8,59.1,96.5,47.8,6.8,62.7,8.3,113.6,27.0,22.3,9.0,103.2,13.2,15.6,45.0,5.2,37.8,34.9,32.3,26.6,11.6,5.9,15.0,9.2,3.6
2017-05-30 10:36:00+02:00,5.2,11.2,3.7,16.7,100.9,66.6,54.5,10.4,3.8,26.0,21.4,70.3,6.9,23.2,10.0,14.8,3.4,19.3,60.1,97.4,48.7,6.9,63.8,8.5,113.5,27.2,22.6,9.2,104.2,13.6,15.8,45.8,5.2,38.4,35.4,32.7,27.0,11.8,5.9,15.2,9.3,3.6
2017-05-30 10:37:00+02:00,5.4,11.4,3.8,17.1,104.0,68.8,55.8,10.6,3.8,26.9,22.0,72.5,7.0,23.7,10.3,15.3,3.5,19.7,61.6,100.4,49.8,7.1,65.3,8.8,118.1,28.0,23.1,9.6,107.4,13.9,16.2,46.8,5.3,39.4,36.3,33.5,27.6,12.1,6.1,15.5,9.4,3.6
2017-05-30 10:38:00+02:00,5.9,11.9,3.9,17.8,107.7,71.5,57.9,10.9,4.0,28.4,22.9,75.3,7.3,24.5,10.6,16.3,3.6,20.5,64.0,104.0,51.7,7.3,67.8,9.4,123.8,28.8,24.1,10.3,111.3,14.3,16.9,48.6,5.5,41.1,37.9,35.0,28.8,12.6,6.4,16.2,9.8,3.7
2017-05-30 10:39:00+02:00,5.9,11.7,3.8,17.7,106.9,71.0,57.6,10.8,3.9,28.7,23.0,74.8,7.2,24.3,10.6,16.6,3.6,20.3,63.6,103.3,51.3,7.2,67.4,9.4,122.9,28.6,24.0,10.5,110.5,14.2,16.8,48.3,5.4,41.0,37.8,34.9,28.7,12.6,6.4,16.1,9.8,3.7
2017-05-30 10:40:00+02:00,5.7,11.3,3.7,17.0,103.6,68.9,55.8,10.5,3.9,28.7,22.2,72.5,6.8,23.6,10.2,16.9,3.4,19.8,61.7,100.1,49.7,7.0,65.4,9.1,119.0,27.7,23.1,11.0,107.1,13.7,16.3,46.8,5.1,39.7,36.6,33.8,27.8,12.2,6.1,15.7,9.5,3.6
2017-05-30 10:41:00+02:00,5.7,10.9,3.9,16.7,106.3,70.6,57.0,11.1,4.0,29.6,22.7,74.4,7.1,24.7,10.6,17.4,3.5,20.6,63.1,102.7,50.8,7.3,66.9,9.2,122.4,28.4,23.0,11.2,109.9,14.5,16.9,47.7,5.2,41.3,38.1,35.1,29.0,12.7,6.4,16.3,9.9,3.7
2017-05-30 10:42:00+02:00,5.0,11.1,3.9,16.7,105.9,70.3,56.8,11.1,4.0,27.9,22.7,74.1,7.1,24.6,10.6,15.9,3.6,20.6,62.9,102.3,50.6,7.3,66.7,7.9,121.9,28.3,23.0,9.8,109.5,14.5,16.7,47.6,5.5,41.0,37.8,34.9,28.8,12.6,6.4,16.3,9.9,3.7
2017-05-30 10:43:00+02:00,5.1,10.8,3.8,16.4,105.2,69.8,56.4,11.1,4.0,28.2,22.5,73.6,7.1,24.6,10.5,16.3,3.6,20.6,62.4,101.5,50.2,7.2,66.2,8.3,120.2,28.1,22.6,10.3,108.8,14.6,16.6,47.2,4.6,40.5,37.2,34.3,28.4,12.2,6.1,16.2,9.9,3.7
2017-05-30 10:44:00+02:00,5.7,10.1,3.8,15.7,101.9,66.8,53.5,11.1,3.9,28.0,22.4,70.5,7.2,22.6,10.5,16.7,3.6,20.5,59.4,98.3,47.4,7.2,63.2,8.7,116.6,28.0,21.8,10.7,105.5,14.5,16.6,44.4,4.3,38.0,34.9,32.0,26.1,10.0,3.9,16.0,9.8,3.7
2017-05-30 10:45:00+02:00,5.6,10.0,3.8,15.7,98.9,64.3,51.2,11.0,3.9,27.4,22.0,68.0,7.1,20.4,10.3,16.8,3.6,20.0,57.0,95.4,45.2,7.1,60.8,8.9,114.2,27.6,21.7,10.9,102.4,14.0,16.3,42.2,4.3,39.7,36.5,33.7,27.9,12.0,5.9,15.8,9.7,3.6
2017-05-30 10:46:00+02:00,5.6,9.9,3.8,15.5,96.7,62.4,49.6,10.5,3.9,27.8,21.9,66.1,7.0,19.2,10.3,16.5,3.5,19.5,55.3,93.2,43.7,7.1,59.0,8.6,111.8,27.3,21.5,10.7,100.2,13.6,16.3,40.7,4.2,39.3,36.2,33.4,27.6,11.9,5.9,15.7,9.6,3.6
2017-05-30 10:47:00+02:00,5.5,9.5,3.8,15.0,94.8,60.7,47.9,10.6,3.9,27.2,21.9,64.3,7.0,18.1,10.4,15.9,3.5,19.0,53.5,91.4,42.0,7.1,57.2,8.8,108.3,27.3,21.0,10.1,98.3,13.2,16.3,39.0,4.2,38.8,35.7,33.2,27.5,11.8,5.8,15.6,9.6,3.6
2017-05-30 10:48:00+02:00,5.5,11.8,3.8,17.3,97.8,63.9,51.1,10.6,3.8,26.9,21.6,67.6,7.0,19.1,10.2,15.8,3.5,19.2,56.8,94.4,45.3,7.0,60.5,8.8,111.2,26.9,23.3,10.0,101.3,13.5,16.1,42.3,6.2,36.4,33.4,31.7,27.3,11.8,5.8,15.5,9.5,3.6
2017-05-30 10:49:00+02:00,5.5,12.9,3.8,18.5,99.0,65.1,52.2,10.5,3.8,28.1,21.5,68.7,7.0,19.0,10.2,16.9,3.5,19.3,57.8,95.5,46.3,7.0,61.6,8.7,112.5,26.9,24.4,11.2,102.5,13.6,16.0,43.4,7.4,37.9,34.8,32.9,27.5,12.0,6.1,15.5,9.5,3.6
2017-05-30 10:50:00+02:00,5.5,12.8,3.7,18.3,97.3,63.5,50.8,10.5,3.8,28.1,21.4,67.1,7.0,17.8,10.1,17.0,3.5,18.5,56.4,93.8,44.9,6.9,60.1,8.6,110.6,26.8,24.2,11.3,100.7,12.8,16.0,42.0,7.3,37.6,34.6,32.7,27.1,11.8,6.0,15.3,9.5,3.6
2017-05-30 10:51:00+02:00,5.5,12.7,3.7,18.2,97.6,64.1,51.4,10.7,3.8,28.0,21.2,67.7,6.9,18.6,10.0,16.9,3.5,18.8,56.9,94.1,45.6,6.9,60.6,8.6,110.9,26.5,24.1,11.3,101.0,13.1,15.8,42.6,7.2,37.6,34.7,32.6,27.0,12.0,6.0,15.0,9.4,3.6
2017-05-30 10:52:00+02:00,5.4,11.9,3.7,17.3,95.6,62.4,50.1,10.6,3.7,27.8,21.1,66.0,6.9,18.4,9.9,16.8,3.4,18.6,55.6,92.2,44.4,6.8,59.3,8.5,108.7,26.3,23.2,11.2,99.1,12.9,15.7,41.5,6.4,37.2,34.2,32.3,26.8,11.9,6.0,14.9,9.4,3.5
2017-05-30 10:53:00+02:00,5.4,11.7,3.7,17.1,95.4,61.9,49.6,10.6,3.7,27.6,21.1,65.4,6.9,18.1,9.9,16.6,3.4,18.6,55.1,92.0,43.9,6.9,58.7,8.4,108.5,26.7,22.9,11.0,98.8,13.0,15.7,40.9,6.2,37.2,34.3,32.4,26.8,11.9,6.0,14.9,9.4,3.5
2017-05-30 10:54:00+02:00,5.4,12.6,3.7,18.0,96.4,63.0,50.7,10.6,3.7,27.8,21.2,66.6,6.9,18.3,10.0,16.7,3.4,19.0,56.3,93.0,45.0,6.9,59.9,8.5,109.4,26.5,23.8,11.1,99.7,13.3,15.8,42.1,7.1,36.6,33.6,31.6,25.9,11.1,5.8,14.9,9.4,3.5
2017-05-30 10:55:00+02:00,5.5,12.5,3.7,18.0,97.4,63.6,51.4,10.4,3.7,27.9,21.2,67.2,6.8,19.0,10.0,16.9,3.4,19.3,56.9,94.0,45.7,6.9,60.5,8.7,110.1,26.9,23.8,11.3,100.5,13.6,15.8,42.7,7.1,35.8,32.8,30.8,25.1,10.3,4.8,14.8,9.3,3.5
2017-05-30 10:56:00+02:00,5.5,12.7,3.7,18.2,97.7,63.8,51.5,10.2,3.7,28.1,21.3,67.4,6.9,18.8,10.1,17.0,3.4,19.1,57.1,94.3,45.8,6.8,60.7,8.7,110.8,27.0,24.0,11.4,101.1,13.4,15.8,42.8,7.3,35.8,32.8,30.9,25.2,10.3,4.3,14.9,9.3,3.5
2017-05-30 10:57:00+02:00,5.5,12.8,3.7,18.3,97.2,64.1,51.7,10.2,3.8,28.2,21.4,67.7,6.9,18.9,10.1,17.0,3.4,19.1,57.3,93.8,46.0,6.9,61.0,8.7,110.9,26.2,24.1,11.4,100.7,13.4,15.9,43.0,7.3,34.5,31.4,29.3,25.1,10.1,4.1,14.9,9.4,3.5
2017-05-30 10:58:00+02:00,5.5,11.9,3.7,17.4,95.9,63.1,50.8,10.1,3.8,28.1,21.4,66.8,6.9,18.8,10.1,17.0,3.5,19.0,56.4,92.5,45.0,6.9,60.0,8.7,111.0,25.9,23.2,11.4,99.4,13.3,15.9,42.0,6.4,33.3,30.3,28.2,25.1,10.1,4.1,15.0,9.4,3.5
2017-05-30 10:59:00+02:00,5.5,11.8,3.7,17.2,97.5,64.9,52.5,10.0,3.7,27.6,21.3,68.5,6.9,20.7,10.1,16.9,3.5,18.9,58.1,94.1,46.8,6.9,61.8,8.6,112.6,25.7,23.0,11.3,101.0,13.2,15.8,43.8,6.3,33.1,30.0,28.1,24.6,10.1,4.1,14.5,9.4,3.6
2017-05-30 11:00:00+02:00,5.5,12.7,3.7,18.0,99.7,67.2,54.9,10.0,3.7,27.2,21.2,70.8,6.8,22.4,10.1,16.9,3.4,18.9,60.5,96.3,49.1,6.9,64.1,8.6,114.8,25.6,23.8,11.3,103.2,13.2,15.8,46.2,7.1,33.4,30.4,28.2,23.9,10.0,4.0,13.9,9.4,3.6
2017-05-30 11:01:00+02:00,5.6,13.0,3.7,18.4,101.1,68.1,55.7,10.1,3.8,28.2,21.6,71.7,6.9,22.6,10.2,17.0,3.5,19.1,61.3,97.7,49.9,6.9,64.9,8.7,115.9,26.1,24.3,11.4,104.6,13.4,16.0,46.8,7.5,34.1,31.0,28.9,24.5,10.1,4.1,14.4,9.4,3.5
2017-05-30 11:02:00+02:00,5.6,12.3,3.7,17.7,100.8,67.6,55.2,10.2,3.8,27.7,21.8,71.2,6.9,22.7,10.2,16.4,3.5,19.2,60.8,97.4,49.3,7.0,64.5,8.7,114.0,26.3,23.6,10.7,104.3,13.5,16.1,46.3,7.5,34.8,31.7,29.6,25.1,10.1,4.1,15.0,9.5,3.6
2017-05-30 11:03:00+02:00,5.6,12.0,3.8,17.5,101.2,67.7,55.3,10.2,3.8,27.5,21.9,71.4,7.0,22.9,10.3,16.2,3.5,19.4,60.9,97.7,49.4,7.0,64.6,8.7,114.4,26.4,23.4,10.5,104.7,13.6,16.2,46.4,7.4,35.5,32.3,29.9,25.3,10.2,4.1,15.1,9.5,3.6
2017-05-30 11:04:00+02:00,5.7,12.2,3.8,17.6,102.1,68.4,55.8,10.3,3.8,27.9,22.1,72.0,7.0,23.2,10.4,16.4,3.5,19.7,61.5,98.6,49.9,7.1,65.2,8.9,115.5,26.7,23.6,10.6,105.7,13.8,16.3,46.7,7.4,36.0,32.7,30.2,25.6,10.3,4.2,15.2,9.6,3.6
2017-05-30 11:05:00+02:00,5.7,11.7,3.8,16.6,100.0,66.4,53.8,10.4,3.8,27.9,22.0,70.0,7.1,22.2,10.3,16.4,3.5,18.7,59.5,96.5,47.9,7.0,63.2,8.9,113.4,26.6,22.6,10.6,103.5,12.8,16.3,44.7,6.9,36.1,32.9,30.3,25.7,10.3,4.2,15.3,9.6,3.6
2017-05-30 11:06:00+02:00,5.7,11.7,3.8,16.6,98.5,65.0,52.4,9.8,3.8,28.0,22.1,68.6,7.1,21.0,10.3,16.4,3.5,17.5,58.1,95.1,46.6,7.0,61.8,8.9,111.9,26.6,22.7,10.7,102.0,11.6,16.3,43.6,6.9,36.2,33.0,30.4,25.7,10.3,4.2,15.4,9.6,3.6
2017-05-30 11:07:00+02:00,5.7,11.8,3.8,16.9,98.7,65.0,52.1,9.5,3.8,28.2,22.2,68.6,7.1,20.6,10.4,16.6,3.6,17.2,57.8,95.2,46.6,7.1,61.5,9.0,112.2,26.8,22.9,10.8,102.1,11.2,16.3,43.5,6.9,36.0,32.8,30.6,25.9,10.4,4.2,15.5,9.7,3.6
2017-05-30 11:08:00+02:00,5.8,11.8,3.8,17.2,100.1,65.4,52.5,9.5,3.8,28.6,22.1,69.1,7.1,20.7,10.4,16.8,3.6,17.2,58.3,96.6,47.0,7.1,62.0,9.0,114.4,27.7,23.2,10.9,102.6,11.3,16.3,43.9,6.9,35.7,32.4,30.5,26.0,10.4,4.2,15.6,9.7,3.6
2017-05-30 11:09:00+02:00,5.9,13.4,3.8,18.5,103.3,67.7,54.6,9.5,3.9,29.0,22.5,71.3,7.1,21.2,10.5,17.1,3.6,17.7,60.5,99.8,49.1,7.1,64.2,9.2,117.9,28.6,24.7,11.1,105.8,11.7,16.6,45.9,7.5,36.4,33.1,31.0,26.4,10.6,4.3,15.8,9.8,3.6
2017-05-30 11:10:00+02:00,3.7,6.7,2.3,9.7,61.4,39.8,31.8,4.5,1.7,17.5,13.8,42.0,3.5,12.9,6.3,10.1,2.2,10.8,35.6,59.4,28.5,4.3,37.8,5.5,68.6,17.6,13.7,6.3,62.5,6.9,10.1,26.6,3.8,22.3,20.6,19.6,17.1,7.5,3.6,9.6,5.9,2.1
2017-05-30 11:11:00+02:00,5.6,10.8,3.5,15.6,96.2,63.0,50.7,8.7,1.8,27.3,20.9,66.3,6.5,21.2,9.7,16.1,3.3,18.0,56.3,92.9,45.5,6.6,59.7,8.6,107.8,26.6,21.4,10.4,98.5,12.3,15.4,42.6,5.1,32.6,30.1,28.0,23.5,11.5,5.6,12.1,9.1,3.3
2017-05-30 11:12:00+02:00,6.4,12.2,4.0,18.6,110.2,72.2,58.6,10.1,2.2,31.5,23.9,76.0,7.5,24.2,11.0,18.7,3.8,20.6,64.8,106.3,52.7,7.5,68.7,10.0,123.8,30.4,25.1,12.3,112.9,14.2,17.5,49.3,5.9,39.1,36.2,33.8,28.1,13.1,6.4,15.0,10.4,3.8
2017-05-30 11:13:00+02:00,6.7,13.0,4.1,19.7,114.2,74.7,60.8,10.5,2.5,32.9,24.8,78.7,7.7,25.2,11.3,19.6,3.9,21.3,67.1,110.2,55.2,7.7,71.1,10.5,128.5,31.6,26.5,12.8,117.1,14.6,18.1,51.7,6.3,42.8,39.4,36.8,30.5,13.6,6.6,16.9,10.8,3.9
2017-05-30 11:14:00+02:00,5.1,10.3,3.0,15.5,86.5,56.6,46.2,7.5,2.1,24.9,18.9,59.5,5.7,19.0,8.4,14.6,3.0,16.0,51.1,83.5,42.5,5.7,54.0,7.9,96.3,24.1,20.8,9.3,88.4,10.7,13.7,39.8,4.9,31.1,28.4,26.6,22.3,10.1,4.8,12.2,8.1,2.9
2017-05-30 11:15:00+02:00,6.5,12.8,3.9,19.3,112.3,73.8,60.2,10.1,3.2,32.3,24.3,77.6,7.4,24.6,11.0,19.1,3.8,20.7,66.4,108.5,54.1,7.5,70.3,10.2,126.3,30.9,26.0,12.4,115.1,14.1,17.7,50.6,6.4,39.7,36.3,33.4,27.7,11.4,4.6,16.3,10.5,3.8
2017-05-30 11:16:00+02:00,4.4,8.3,2.5,12.8,72.2,47.4,38.7,5.9,2.1,20.8,15.8,49.7,4.7,15.5,6.9,12.0,2.4,13.0,42.9,69.9,34.8,4.7,45.2,6.6,81.0,20.2,17.4,7.5,74.2,8.4,11.4,32.8,3.9,23.1,21.0,19.4,15.3,6.0,1.5,9.3,6.8,2.3
2017-05-30 11:17:00+02:00,3.3,5.6,1.8,9.1,52.1,33.5,27.1,3.0,1.4,15.5,12.0,35.2,3.4,10.1,5.1,8.9,1.8,8.4,30.3,50.5,24.2,3.4,32.0,5.0,60.1,15.4,12.6,5.3,53.7,4.8,8.5,22.7,2.5,14.0,12.3,11.3,8.5,4.3,1.1,4.2,5.0,1.6
2017-05-30 11:18:00+02:00,3.2,4.7,1.7,8.0,49.4,31.6,25.6,3.2,1.3,14.8,11.4,33.2,3.2,10.0,4.8,8.4,1.7,8.4,28.6,47.8,22.8,3.2,30.2,4.7,57.1,14.6,11.3,5.0,50.9,4.9,8.1,21.3,2.5,13.1,11.5,10.3,7.7,4.6,1.4,3.1,4.8,1.5
2017-05-30 11:19:00+02:00,3.7,6.1,2.1,9.8,59.1,38.0,31.3,4.7,1.8,17.6,13.4,40.0,3.9,12.8,5.8,10.1,2.0,10.7,34.3,57.1,28.0,3.9,36.2,5.6,68.2,17.2,13.6,6.2,60.9,6.8,9.6,26.4,3.5,21.5,19.6,18.2,15.0,5.7,2.0,9.3,5.7,1.9
2017-05-30 11:20:00+02:00,3.4,5.4,1.8,8.6,52.7,33.6,28.0,4.0,1.6,16.0,12.2,35.3,3.5,11.3,5.1,9.1,1.8,9.5,30.2,51.0,25.0,3.4,32.0,5.1,60.3,15.7,12.1,5.6,53.5,5.8,8.7,23.4,3.2,19.1,17.4,16.2,13.2,5.2,1.8,8.0,5.2,1.7
2017-05-30 11:21:00+02:00,3.5,5.7,1.9,8.9,53.9,34.6,28.5,4.1,1.6,16.3,12.4,36.4,3.5,11.4,5.2,9.3,1.9,9.6,31.2,52.1,25.5,3.5,33.0,5.2,62.0,15.7,12.5,5.7,55.0,5.9,8.8,23.9,3.2,20.0,18.2,17.0,14.1,6.7,3.2,7.4,5.2,1.7
2017-05-30 11:22:00+02:00,3.7,6.2,2.0,9.7,57.6,37.6,30.3,4.4,1.7,17.4,13.2,39.5,3.7,12.2,5.6,10.0,2.0,10.2,33.8,55.6,27.1,3.7,35.8,5.6,66.6,16.2,13.4,6.2,59.3,6.3,9.4,25.5,3.4,21.5,19.7,18.3,15.3,7.2,3.5,8.1,5.6,1.8
2017-05-30 11:23:00+02:00,4.6,8.8,2.6,13.1,74.8,49.1,39.9,6.1,2.3,21.9,16.4,51.6,4.8,15.8,7.2,12.8,2.5,13.3,44.3,72.3,35.6,4.8,46.8,7.0,84.7,20.7,17.6,8.1,75.7,8.6,11.9,33.4,4.5,27.5,25.2,23.3,19.5,8.9,4.3,10.6,7.0,2.4
2017-05-30 11:24:00+02:00,4.3,7.6,2.4,11.7,69.7,45.5,36.9,5.5,2.1,20.8,15.3,47.7,4.5,14.5,6.6,12.1,2.3,12.2,41.0,67.3,32.5,4.4,43.3,6.5,78.9,19.6,16.0,7.6,70.3,7.7,11.0,30.5,4.1,26.1,23.9,22.2,18.2,8.4,4.1,9.9,6.6,2.2
2017-05-30 11:25:00+02:00,3.7,6.1,1.9,9.5,56.9,36.9,29.9,4.1,1.5,17.9,12.6,38.8,3.5,11.5,5.3,10.6,1.9,9.7,33.4,55.0,26.2,3.6,35.2,5.3,65.5,16.2,13.2,6.8,58.3,5.8,9.1,24.7,3.2,21.2,19.4,18.0,15.1,7.1,3.4,8.0,5.4,1.7
2017-05-30 11:26:00+02:00,3.5,6.1,1.9,9.4,54.5,35.0,28.1,3.9,1.3,16.6,12.2,36.8,3.4,11.2,5.2,9.5,1.8,9.4,31.5,52.6,25.7,3.5,33.3,5.1,62.9,15.8,12.9,5.8,55.9,5.7,8.8,24.1,3.1,20.9,19.1,17.8,14.7,6.9,3.3,7.8,5.3,1.7
2017-05-30 11:27:00+02:00,3.5,6.5,1.9,9.8,54.2,34.7,28.8,4.0,1.3,16.1,12.3,36.5,3.4,11.2,5.2,9.0,1.8,9.5,31.2,52.3,26.1,3.5,33.0,5.0,61.9,15.8,13.3,5.3,54.9,5.7,8.9,24.6,3.2,21.5,19.7,18.4,15.2,6.9,3.3,8.3,5.3,1.7
2017-05-30 11:28:00+02:00,4.5,8.7,2.5,12.9,72.4,46.6,39.3,6.0,2.0,21.9,16.2,49.1,4.8,15.6,7.1,12.9,2.5,13.1,41.9,69.9,35.2,4.8,44.4,6.7,82.3,20.8,17.5,8.1,73.2,8.4,11.7,33.1,4.5,28.4,26.1,24.2,19.7,8.9,4.3,10.8,7.0,2.4
2017-05-30 11:29:00+02:00,5.6,10.9,3.2,16.2,93.4,61.3,50.5,8.5,2.7,27.4,20.2,64.5,5.9,20.4,9.0,16.8,3.1,17.2,55.2,90.3,45.0,6.0,58.4,8.4,107.4,25.9,21.8,11.0,96.2,11.5,14.7,42.2,5.9,35.5,32.6,30.2,24.6,11.0,5.4,13.6,8.8,3.1
2017-05-30 11:30:00+02:00,5.9,11.9,3.3,17.5,99.3,65.4,54.5,9.5,2.9,29.0,21.4,68.7,6.4,22.1,9.5,17.9,3.3,18.8,58.9,96.0,48.5,6.4,62.3,9.0,114.2,27.3,23.4,11.8,102.3,12.8,15.5,45.6,6.2,37.9,34.8,32.2,26.3,11.7,5.7,14.5,9.3,3.3
2017-05-30 11:31:00+02:00,5.4,10.4,3.0,15.2,89.0,59.1,48.5,8.5,2.5,26.1,18.7,62.1,5.7,19.8,8.5,16.1,2.9,16.8,53.4,86.1,43.0,5.7,56.4,8.0,102.1,24.1,20.6,10.5,91.4,11.3,13.4,40.4,5.5,34.0,31.3,29.0,23.6,10.6,5.2,13.0,8.3,2.8
2017-05-30 11:32:00+02:00,4.7,8.4,2.5,12.3,76.2,50.5,41.0,7.1,2.1,22.4,16.1,53.0,4.8,16.9,7.1,13.9,2.5,14.3,45.8,73.8,36.1,4.9,48.3,6.9,86.3,20.8,17.1,9.0,76.9,9.5,11.3,33.9,4.5,29.5,27.2,25.3,20.6,9.3,4.5,11.3,7.2,2.4
2017-05-30 11:33:00+02:00,4.2,6.0,2.2,9.4,63.9,41.4,34.0,6.1,1.7,19.9,14.1,43.5,4.1,14.7,6.2,12.3,2.2,12.5,37.2,61.8,30.2,4.3,39.3,6.0,72.3,18.4,13.6,7.9,64.0,8.1,9.9,28.3,2.7,25.7,23.6,22.2,18.0,8.2,4.0,9.8,6.4,2.1
2017-05-30 11:34:00+02:00,3.8,4.7,2.0,7.8,57.1,36.9,29.5,5.4,1.5,17.6,12.7,38.8,3.6,13.1,5.6,10.6,1.9,11.2,33.1,55.2,26.4,3.9,35.0,5.4,63.4,16.5,11.6,6.6,55.9,7.2,8.9,24.7,1.7,22.2,21.0,19.8,16.1,7.3,3.6,8.8,5.8,1.8
2017-05-30 11:35:00+02:00,3.6,4.2,1.8,7.6,52.7,33.9,27.7,5.1,1.3,15.2,11.8,35.7,3.5,12.3,5.2,8.9,1.8,10.5,30.4,51.0,25.0,3.6,32.2,5.1,59.6,15.4,11.2,5.1,52.6,6.8,8.2,23.5,1.5,18.8,17.9,16.8,13.3,5.5,3.3,7.8,5.4,1.7
2017-05-30 11:36:00+02:00,3.5,4.1,1.8,7.3,52.3,33.9,27.4,4.9,1.3,14.5,11.5,35.7,3.4,11.8,5.1,8.5,1.7,10.1,30.6,50.7,24.1,3.5,32.3,4.8,59.1,15.0,10.8,4.9,52.3,6.6,8.0,22.6,1.3,17.6,16.8,15.7,12.4,5.3,3.2,7.1,5.2,1.6
2017-05-30 11:37:00+02:00,3.4,4.2,1.8,7.4,51.5,33.3,27.5,4.8,1.2,15.5,11.3,35.1,3.3,11.6,5.0,9.7,1.7,10.0,30.0,49.8,24.0,3.4,31.7,4.7,58.1,14.8,10.9,6.0,51.5,6.4,7.9,22.6,1.5,17.2,16.4,15.4,12.1,5.1,3.2,7.0,5.1,1.6
2017-05-30 11:38:00+02:00,3.5,4.6,1.8,8.0,54.2,35.4,28.7,5.1,1.3,16.1,11.7,37.2,3.4,12.1,5.2,10.0,1.8,10.4,31.9,52.5,25.1,3.6,33.7,4.9,62.2,15.3,11.6,6.2,55.4,6.7,8.2,23.7,1.8,17.9,17.1,16.0,12.6,5.3,3.3,7.3,5.3,1.7
2017-05-30 11:39:00+02:00,4.0,6.0,2.2,9.9,64.7,42.2,34.7,6.2,1.7,19.5,14.0,44.4,4.2,14.7,6.3,11.9,2.2,12.5,37.9,62.5,30.5,4.3,40.1,5.8,74.3,18.2,14.0,7.6,66.4,8.4,9.9,28.7,2.6,22.4,21.2,19.8,15.8,6.4,3.8,9.4,6.3,2.1
2017-05-30 11:40:00+02:00,4.7,7.4,2.6,11.8,75.6,49.6,40.3,7.3,2.1,22.9,16.1,52.3,5.0,17.1,7.4,14.2,2.5,14.5,44.6,73.0,35.6,5.1,47.2,7.0,86.6,20.8,16.4,9.3,77.6,9.8,11.5,33.5,3.4,26.9,25.3,23.6,19.1,7.5,4.4,11.6,7.2,2.5
2017-05-30 11:41:00+02:00,3.8,4.9,1.9,8.3,55.4,36.0,29.7,5.3,1.5,17.3,12.1,37.9,3.6,12.6,5.4,10.4,1.9,10.8,32.5,53.6,26.1,3.7,34.3,5.4,63.6,15.7,12.0,6.6,56.7,7.0,8.5,24.6,2.1,19.4,18.6,17.4,14.0,5.5,3.4,8.5,5.5,1.8
2017-05-30 11:42:00+02:00,3.7,4.8,1.9,8.0,54.5,35.5,29.1,5.1,1.5,17.0,11.8,37.4,3.5,12.4,5.3,10.2,1.8,10.6,32.0,52.7,25.5,3.6,33.8,5.5,62.5,15.4,11.6,6.5,55.8,6.9,8.3,24.0,2.0,18.7,17.9,16.8,13.4,6.0,3.4,7.5,5.4,1.8
2017-05-30 11:43:00+02:00,4.6,9.4,3.2,14.4,90.4,59.4,48.4,8.8,2.8,26.1,19.3,62.6,5.9,20.4,9.0,15.4,3.0,17.3,53.3,87.3,42.9,6.1,56.5,7.7,103.5,24.7,19.9,9.8,92.9,11.9,13.9,40.3,4.6,33.6,31.6,29.5,24.2,10.3,5.3,13.9,8.7,3.1
2017-05-30 11:44:00+02:00,4.8,10.1,3.3,15.4,95.2,62.6,50.9,9.1,3.0,27.8,20.3,65.9,6.0,21.3,9.5,16.5,3.2,18.1,56.1,92.0,45.2,6.5,59.5,8.0,109.1,26.1,21.2,10.6,98.0,12.4,14.7,42.4,5.0,35.5,33.3,31.0,25.4,10.8,5.5,14.6,9.1,3.3
2017-05-30 11:45:00+02:00,6.3,12.6,4.0,19.1,115.3,75.7,61.5,11.1,3.7,34.4,24.7,79.8,7.3,25.7,11.5,20.6,3.9,21.9,67.8,111.4,54.6,7.8,71.9,10.3,132.4,31.7,26.0,13.6,118.8,15.1,17.9,51.7,6.4,43.7,40.8,37.8,31.0,13.3,6.7,17.7,11.0,4.0
2017-05-30 11:46:00+02:00,6.9,12.6,4.0,19.1,114.7,75.1,61.0,11.5,3.7,34.6,24.9,79.1,7.7,26.0,11.5,20.9,3.9,22.3,67.2,110.8,54.1,7.8,71.3,10.9,131.6,31.8,25.9,14.0,118.2,15.5,18.1,52.0,6.4,43.6,40.4,37.5,30.7,13.0,6.6,17.6,11.0,4.0
2017-05-30 11:47:00+02:00,6.7,12.6,4.0,18.9,113.6,74.8,61.0,11.4,3.7,33.9,24.4,78.8,7.6,25.7,11.3,20.7,3.8,22.0,67.1,109.8,54.4,7.7,71.1,10.6,130.0,31.1,25.6,14.0,117.0,15.3,17.8,51.2,6.7,42.2,39.4,36.4,29.8,12.6,6.3,17.2,10.7,3.9
2017-05-30 11:48:00+02:00,6.6,12.8,3.9,19.0,111.9,73.9,60.4,11.3,3.6,32.7,23.8,77.8,7.5,25.2,11.1,19.9,3.8,21.7,66.4,108.1,53.9,7.5,70.3,10.3,127.9,30.4,25.6,13.3,115.2,15.2,17.4,50.8,7.1,41.9,39.2,35.7,29.3,12.4,6.3,16.9,10.5,3.9
2017-05-30 11:49:00+02:00,6.6,12.9,3.9,19.0,112.0,74.1,60.5,11.3,3.6,31.9,23.8,78.0,7.5,25.3,11.0,19.1,3.8,21.7,66.4,108.3,54.0,7.4,70.4,9.4,128.0,30.4,25.6,12.5,115.3,15.2,17.5,50.9,7.3,41.9,38.7,35.3,28.8,12.6,6.4,16.2,10.5,3.9
2017-05-30 11:50:00+02:00,6.5,13.0,3.9,19.1,111.7,73.7,60.5,11.3,3.6,31.9,23.8,77.6,7.5,25.2,11.1,19.2,3.8,21.7,66.4,107.9,54.0,7.4,70.0,9.5,127.6,30.4,25.7,12.6,115.0,15.2,17.5,50.9,7.3,41.6,38.3,34.9,28.4,12.7,6.2,15.7,10.5,3.9
2017-05-30 11:51:00+02:00,6.5,13.0,3.9,18.6,111.2,73.1,60.0,11.4,3.6,32.5,24.0,77.0,7.6,25.4,11.1,19.6,3.8,21.8,66.0,107.5,53.5,7.5,69.4,10.1,127.3,30.6,25.1,13.0,114.6,15.3,17.6,50.4,7.3,42.1,38.8,35.3,28.9,12.8,6.2,16.1,10.5,3.9
2017-05-30 11:52:00+02:00,6.5,12.8,3.9,19.0,110.9,72.9,60.2,11.3,3.6,32.2,24.0,76.8,7.5,25.3,11.1,19.4,3.8,21.7,65.7,107.2,53.7,7.5,69.3,9.9,127.1,30.5,25.3,12.8,114.2,15.2,17.6,50.6,7.3,41.8,38.5,35.1,28.7,12.7,6.2,16.0,10.5,3.9
2017-05-30 11:53:00+02:00,6.4,12.3,3.9,18.8,110.2,72.5,59.7,11.2,3.6,31.9,23.9,76.2,7.4,25.1,11.1,19.5,3.8,21.6,64.9,106.5,53.3,7.5,68.8,9.8,126.1,30.4,25.1,12.9,113.3,15.1,17.5,50.2,7.2,41.5,38.3,34.9,28.5,12.6,6.2,15.9,10.4,3.8
2017-05-30 11:54:00+02:00,6.4,11.8,3.9,18.2,109.4,71.7,59.0,11.2,3.6,30.2,23.8,75.4,7.4,25.1,11.0,18.8,3.8,21.6,64.2,105.7,52.6,7.4,68.0,9.8,125.3,30.4,24.5,12.3,112.5,15.1,17.5,49.5,7.1,41.7,38.5,35.0,28.7,12.7,6.3,15.9,10.4,3.8
2017-05-30 11:55:00+02:00,6.4,11.6,3.9,18.0,109.6,71.8,59.0,11.2,3.5,31.4,23.9,75.5,7.5,25.1,11.1,19.0,3.8,21.5,64.2,105.9,52.5,7.4,68.1,9.4,125.5,30.5,24.4,12.4,112.7,15.0,17.5,49.5,7.0,41.9,38.6,35.2,28.8,12.8,6.3,16.0,10.5,3.8
2017-05-30 11:56:00+02:00,6.3,12.4,3.9,18.9,110.1,72.3,59.5,11.0,3.7,31.2,23.8,76.1,7.4,24.9,11.0,18.5,3.8,21.4,64.7,106.4,53.1,7.4,68.6,8.4,125.7,30.4,25.2,11.9,113.0,14.9,17.5,50.1,7.2,41.6,38.4,35.0,28.5,12.7,6.2,15.8,10.3,3.8
2017-05-30 11:57:00+02:00,6.2,13.0,3.8,19.4,110.6,72.9,59.7,10.9,3.7,32.1,23.7,76.7,7.4,24.7,11.0,19.4,3.7,21.2,65.4,106.9,53.3,7.4,69.3,10.0,124.9,30.3,25.6,12.8,112.4,14.8,17.4,50.3,7.2,41.2,38.0,34.6,28.3,12.6,6.2,15.7,10.3,3.7
2017-05-30 11:58:00+02:00,6.3,12.7,3.9,19.1,111.1,73.3,59.7,11.0,3.7,31.6,23.8,77.1,7.4,24.8,11.0,18.8,3.8,21.2,65.8,107.3,53.3,7.4,69.6,10.0,125.5,30.3,25.5,12.3,113.0,14.8,17.4,50.3,7.2,41.3,38.1,34.6,28.3,12.6,6.2,15.7,10.2,3.7
2017-05-30 11:59:00+02:00,4.3,7.3,2.7,11.9,75.1,49.4,39.9,7.6,2.6,21.1,16.3,52.0,5.2,17.4,7.6,12.6,2.7,15.0,44.1,72.6,35.5,5.2,46.8,6.9,85.6,20.7,16.2,8.0,77.0,10.4,11.9,33.5,5.0,28.1,26.0,23.7,19.4,8.6,4.2,10.8,7.2,2.6
2017-05-30 12:00:00+02:00,1.3,1.8,0.8,2.8,20.6,13.4,10.6,2.0,0.7,6.0,4.5,14.2,1.4,5.0,2.2,3.8,0.8,4.5,11.9,20.0,9.0,1.5,12.8,2.0,23.2,6.0,4.2,2.2,20.7,2.7,3.1,9.0,1.2,9.1,8.7,8.1,6.8,2.9,1.3,3.9,2.3,0.7
2017-05-30 12:01:00+02:00,0.9,1.9,0.6,2.0,14.5,9.1,7.1,1.3,0.5,4.9,3.7,9.6,0.9,3.4,1.6,3.1,0.6,3.2,8.0,14.2,6.0,1.1,8.6,1.4,16.2,4.8,2.8,1.9,14.5,1.9,2.6,5.9,0.8,6.4,6.1,5.7,4.8,2.0,0.8,2.9,1.7,0.5
2017-05-30 12:02:00+02:00,0.7,1.4,0.5,2.3,12.4,8.1,6.5,1.0,0.4,3.9,2.8,8.5,0.7,2.6,1.0,2.5,0.4,2.5,7.3,12.1,5.6,0.9,7.7,1.1,13.5,3.6,3.0,1.5,12.6,1.4,1.9,5.6,0.6,5.0,4.8,4.6,3.9,1.6,0.6,2.3,1.4,0.4
2017-05-30 12:03:00+02:00,0.6,1.4,0.5,2.2,11.2,7.2,5.9,0.7,0.3,3.5,2.5,7.6,0.6,2.1,0.9,2.2,0.4,2.0,6.5,10.9,5.1,0.9,6.9,1.0,11.6,3.3,2.9,1.3,11.5,1.1,1.7,5.1,0.5,3.8,3.6,3.8,3.4,1.4,0.5,2.1,1.2,0.3
2017-05-30 12:04:00+02:00,0.6,1.3,0.4,2.0,10.1,6.2,5.1,0.6,0.2,2.7,2.6,6.5,0.5,1.8,1.2,1.5,0.3,1.8,5.6,9.9,4.4,0.8,5.9,0.9,10.4,3.4,2.5,0.8,10.4,0.9,1.9,4.4,0.5,3.4,3.2,3.4,3.2,1.3,0.5,1.9,1.2,0.3
2017-05-30 12:05:00+02:00,0.5,1.1,0.4,1.7,8.9,5.3,4.3,0.4,0.2,1.7,2.4,5.6,0.4,1.5,1.1,0.7,0.3,1.5,4.8,8.7,3.6,0.8,5.1,0.9,8.3,3.1,2.2,0.5,8.3,0.7,1.7,3.7,0.4,3.2,3.0,3.2,2.7,1.1,0.4,1.6,1.1,0.3
2017-05-30 12:06:00+02:00,0.5,1.1,0.4,1.7,8.7,5.1,4.1,0.3,0.2,1.8,2.3,5.3,0.4,1.4,1.0,0.7,0.3,1.4,4.6,8.4,3.4,0.8,4.8,0.9,7.7,3.1,2.2,0.2,7.8,0.6,1.7,3.5,0.4,2.6,2.4,2.6,2.1,1.1,0.4,1.1,1.1,0.3
2017-05-30 12:07:00+02:00,0.5,1.1,0.4,1.7,9.3,5.5,4.5,0.3,0.2,3.0,2.4,5.8,0.4,1.5,1.1,1.9,0.3,1.5,5.0,9.1,3.7,0.8,5.3,0.9,10.0,3.3,2.4,1.0,9.2,0.6,1.8,3.9,0.4,2.9,2.6,2.9,2.3,1.2,0.4,1.2,1.1,0.3
2017-05-30 12:08:00+02:00,0.6,1.2,0.5,1.9,10.4,6.2,5.1,0.5,0.3,3.3,2.7,6.6,0.5,1.8,1.2,2.1,0.3,1.7,5.7,10.1,4.2,0.9,6.0,1.0,11.5,3.6,2.6,1.2,10.2,0.7,1.9,4.4,0.5,3.4,3.2,3.4,2.7,1.4,0.6,1.4,1.2,0.4
2017-05-30 12:09:00+02:00,0.8,1.4,0.5,2.2,12.4,7.6,6.2,0.7,0.3,3.8,3.1,8.0,0.6,2.2,1.4,2.4,0.4,2.1,7.0,12.1,5.2,1.0,7.4,1.1,13.9,4.1,3.0,1.3,12.4,1.0,2.3,5.3,0.6,4.5,4.1,4.3,3.5,1.6,0.6,1.9,1.4,0.4
2017-05-30 12:10:00+02:00,0.9,1.7,0.6,2.7,15.9,9.9,8.0,1.0,0.3,4.2,3.9,10.4,0.8,3.1,1.7,2.3,0.5,2.8,9.0,15.4,6.8,1.2,9.5,1.4,17.7,5.0,3.7,1.1,15.9,1.5,2.8,6.8,0.7,6.0,5.5,5.5,4.5,2.0,0.9,2.5,1.7,0.5
2017-05-30 12:11:00+02:00,1.2,1.0,0.8,2.3,18.4,11.8,9.3,1.5,0.3,5.8,3.9,12.4,1.2,4.1,2.2,3.3,0.7,3.7,10.6,17.8,7.8,1.5,11.2,1.7,21.1,5.4,3.6,1.8,18.6,2.1,2.5,7.6,0.8,7.9,7.3,7.2,5.9,2.8,1.3,3.1,2.1,0.7
2017-05-30 12:12:00+02:00,1.6,1.3,1.0,3.0,24.5,15.4,12.3,2.0,0.5,7.8,5.6,16.3,1.6,5.4,2.8,4.6,0.9,4.8,13.7,23.7,10.5,1.9,14.6,2.3,28.1,7.4,4.7,2.7,25.0,2.9,3.8,10.1,1.3,10.1,9.3,9.0,7.5,3.5,1.7,4.0,2.6,0.8
2017-05-30 12:13:00+02:00,2.1,1.9,1.3,4.2,34.6,21.4,17.1,2.9,0.8,10.9,8.4,22.6,2.0,7.5,3.7,6.5,1.2,6.6,19.1,33.4,14.7,2.5,20.3,3.2,39.9,10.8,6.5,3.9,35.4,4.1,6.1,14.0,1.9,13.7,12.6,11.9,9.9,4.7,2.3,5.2,3.5,1.1
2017-05-30 12:14:00+02:00,5.9,10.2,3.6,16.0,100.6,65.0,53.1,9.5,3.2,30.2,22.4,68.5,6.4,22.2,10.4,18.3,3.5,19.0,58.7,97.0,47.0,7.0,62.3,9.3,115.7,28.5,21.9,12.1,103.7,12.9,16.4,44.2,6.6,38.3,34.9,32.2,26.4,12.0,5.9,14.4,9.5,3.4
2017-05-30 12:15:00+02:00,3.8,5.5,2.3,9.3,61.6,38.7,33.1,6.0,1.9,19.3,14.4,41.0,4.1,14.1,6.6,11.5,2.2,12.2,36.7,59.4,29.1,4.5,39.0,5.8,71.1,18.4,13.2,7.4,63.4,8.2,10.5,27.3,3.9,24.6,22.5,20.9,17.3,7.8,3.9,9.4,6.2,2.2
2017-05-30 12:16:00+02:00,3.2,4.3,2.0,7.6,51.0,31.5,27.2,4.5,1.6,16.3,12.3,33.4,2.9,11.3,5.6,9.7,1.9,9.8,30.1,49.0,23.7,3.9,32.0,4.9,57.6,15.7,10.8,6.2,51.2,6.3,9.0,22.1,3.3,20.4,18.6,17.4,14.3,6.6,3.2,7.7,5.3,1.8
2017-05-30 12:17:00+02:00,1.5,1.9,0.9,2.7,20.1,11.4,10.4,1.1,0.5,7.5,5.7,12.2,0.7,4.2,2.5,4.2,0.9,3.7,11.6,19.3,8.8,1.8,12.4,2.1,22.2,7.5,4.1,2.5,19.3,1.9,4.2,8.1,1.2,9.1,8.3,7.9,6.5,3.2,1.5,3.3,2.5,0.8
2017-05-30 12:18:00+02:00,1.2,2.0,0.8,2.4,16.0,9.2,8.6,1.2,0.4,5.0,4.6,9.9,0.9,3.7,2.0,2.4,0.7,3.4,9.4,15.3,7.2,1.4,10.1,1.7,17.3,6.0,3.3,0.9,15.0,1.9,3.4,6.8,1.0,7.3,6.6,6.2,5.1,2.6,1.2,2.5,2.1,0.6
2017-05-30 12:19:00+02:00,1.0,2.1,0.6,2.1,12.0,7.1,6.5,1.0,0.2,3.8,3.7,7.5,0.8,3.0,1.6,1.7,0.6,2.8,7.2,11.5,5.5,1.1,7.7,1.2,12.8,4.9,2.6,0.5,11.0,1.5,2.7,5.2,0.8,5.8,5.3,5.0,4.3,2.1,1.0,2.2,1.7,0.5
2017-05-30 12:20:00+02:00,0.9,2.1,0.6,2.1,11.3,6.7,6.1,0.9,0.2,3.6,3.5,7.1,0.8,2.8,1.5,1.6,0.5,2.6,6.7,10.8,5.1,1.1,7.2,1.2,12.0,4.7,2.5,0.4,10.3,1.3,2.6,4.8,0.7,5.1,4.6,4.5,3.8,2.0,1.0,1.8,1.6,0.5
2017-05-30 12:21:00+02:00,1.0,2.0,0.7,2.1,12.5,7.3,6.8,1.1,0.2,5.2,3.8,7.7,0.9,3.0,1.6,3.0,0.6,2.8,7.6,12.0,5.7,1.2,8.1,1.4,13.8,5.1,2.7,1.7,11.9,1.5,2.9,5.4,0.8,5.3,4.7,4.6,3.8,2.3,1.2,1.5,1.7,0.5
2017-05-30 12:22:00+02:00,1.3,1.9,0.8,2.5,17.2,9.9,9.0,1.4,0.3,6.3,4.7,10.6,1.1,3.9,2.0,3.6,0.7,3.5,10.0,16.5,7.6,1.4,10.6,1.7,20.1,6.2,3.5,2.0,17.4,2.0,3.5,7.1,1.0,7.3,6.6,6.4,5.2,2.8,1.4,2.4,2.1,0.6
2017-05-30 12:23:00+02:00,1.5,1.9,0.9,2.9,20.2,11.5,10.1,1.8,0.5,7.6,5.5,12.3,1.4,3.8,2.4,4.4,0.8,4.3,11.3,19.3,8.4,1.7,12.1,2.1,23.7,7.2,4.3,2.6,20.6,2.4,4.1,7.9,1.3,8.4,7.6,7.5,6.0,3.3,1.6,2.8,2.4,0.7
2017-05-30 12:24:00+02:00,1.7,2.0,1.0,3.3,23.7,13.8,12.1,2.1,0.6,8.4,6.2,14.7,1.6,4.8,2.7,4.9,0.9,4.8,13.4,22.7,10.2,1.9,14.4,2.4,27.6,8.1,4.9,2.9,24.1,2.8,4.6,9.5,1.5,10.1,9.2,8.9,7.3,3.7,1.8,3.6,2.7,0.8
2017-05-30 12:25:00+02:00,1.8,2.0,1.1,3.2,25.2,14.7,12.8,2.1,0.2,8.3,6.6,15.7,1.7,5.3,2.9,4.5,1.0,4.8,14.3,24.2,10.8,2.0,15.2,2.0,29.4,8.6,4.9,2.4,25.7,2.7,4.9,10.1,1.1,10.9,9.9,9.8,8.0,3.8,1.9,4.2,2.9,0.9
2017-05-30 12:26:00+02:00,1.9,1.9,1.1,2.8,24.7,13.9,12.0,1.8,0.5,8.2,6.8,14.9,1.7,5.1,3.0,4.3,1.0,4.6,13.5,23.6,10.0,2.1,14.4,1.7,28.9,8.8,4.4,2.2,25.2,2.4,5.0,9.3,0.5,9.6,9.2,9.9,8.1,3.8,1.9,4.3,2.9,0.9
2017-05-30 12:27:00+02:00,1.9,1.9,1.1,2.7,24.7,14.0,11.9,1.8,0.6,9.1,6.8,15.0,1.7,5.1,3.0,5.3,1.0,4.5,13.5,23.7,9.9,2.1,14.5,2.6,29.0,8.9,4.3,3.1,25.2,2.4,5.1,9.2,0.4,9.3,9.4,10.0,8.3,3.7,1.8,4.5,2.9,0.9
2017-05-30 12:28:00+02:00,1.9,1.9,1.1,2.8,24.0,13.3,11.0,0.4,0.6,9.4,6.7,14.4,1.0,4.0,2.7,5.5,1.0,3.3,12.8,23.0,9.0,1.8,13.8,2.7,28.4,8.8,4.4,3.3,24.6,1.2,4.8,8.3,0.4,11.2,10.2,10.5,8.5,3.9,1.8,4.6,2.9,0.9
2017-05-30 12:29:00+02:00,2.0,2.0,1.2,4.0,27.5,15.6,13.0,0.2,0.5,9.8,7.4,16.8,1.0,3.7,3.2,5.8,1.1,2.9,14.9,26.3,10.7,2.1,16.0,2.9,31.8,9.6,6.1,3.5,28.1,0.7,5.4,9.9,0.6,11.4,10.3,10.5,9.2,4.1,2.0,5.1,3.2,1.1
2017-05-30 12:30:00+02:00,2.0,2.6,1.2,4.7,27.8,15.9,13.3,0.5,0.5,9.1,7.4,17.1,0.7,3.5,3.3,5.7,1.1,2.6,15.2,26.7,11.1,2.2,16.3,2.8,32.4,9.6,6.8,3.4,28.4,0.4,5.5,10.3,0.5,10.2,9.2,9.7,9.0,4.1,2.0,4.9,3.1,1.1
2017-05-30 12:31:00+02:00,1.7,2.1,1.1,3.8,22.3,12.0,10.0,1.7,0.7,7.8,6.4,13.0,0.3,1.7,2.8,4.8,1.0,1.0,11.6,21.3,8.0,1.9,12.5,2.4,25.9,8.3,5.7,2.8,22.5,1.1,4.6,7.4,0.2,8.7,7.7,9.1,7.3,3.5,1.7,3.8,2.7,0.9
2017-05-30 12:32:00+02:00,1.4,0.4,0.9,2.0,16.6,8.1,6.6,1.9,0.8,6.3,5.3,8.9,0.3,0.9,2.2,3.8,0.8,0.4,8.0,15.8,5.0,1.6,8.7,1.9,18.2,6.9,3.5,2.1,15.3,1.4,3.7,4.4,0.2,7.2,6.5,7.5,6.1,2.9,1.4,3.1,2.4,0.7
2017-05-30 12:33:00+02:00,1.2,0.2,0.9,1.6,14.6,7.8,6.6,1.3,0.9,6.0,3.7,8.6,0.3,1.3,0.8,3.7,0.8,0.9,7.9,13.8,5.0,1.4,8.5,1.7,16.1,5.3,3.1,2.0,13.3,0.9,2.2,4.5,0.2,8.7,7.9,7.4,6.2,2.8,1.3,3.3,2.3,0.7
2017-05-30 12:34:00+02:00,1.2,0.2,0.8,1.4,12.5,6.3,5.4,1.5,0.9,5.5,3.3,7.1,0.2,0.8,0.6,3.4,0.7,0.4,6.5,11.8,3.9,1.3,7.1,1.7,13.7,4.8,2.7,1.9,11.2,1.3,1.9,3.5,0.3,8.0,7.4,6.9,5.6,2.4,1.2,3.2,2.1,0.7
2017-05-30 12:35:00+02:00,1.1,0.6,0.7,0.7,11.1,4.7,4.2,1.7,1.0,4.8,3.6,5.4,0.1,0.6,1.2,3.0,0.6,0.2,5.0,10.4,2.9,1.1,5.6,1.5,11.9,5.0,1.9,1.7,9.6,1.2,2.4,2.5,0.5,4.5,4.0,3.5,3.8,0.9,1.1,2.9,1.9,0.6
2017-05-30 12:36:00+02:00,0.9,1.0,0.7,0.2,8.8,3.8,3.8,1.1,1.1,4.0,2.6,4.5,0.8,1.1,0.5,2.6,0.6,0.7,4.2,8.2,2.6,1.0,4.7,1.2,9.3,3.8,1.2,1.4,7.4,0.5,1.5,2.3,0.6,4.1,3.7,3.3,3.1,0.6,0.9,2.5,1.6,0.5
2017-05-30 12:37:00+02:00,0.8,1.2,0.6,0.3,5.1,1.7,2.4,1.2,1.2,3.1,1.6,2.1,0.8,0.6,0.2,2.0,0.5,0.3,2.0,4.6,1.4,0.7,2.4,1.0,5.4,2.5,0.6,1.0,3.9,0.7,0.7,1.2,0.8,3.5,3.2,2.9,2.2,0.2,0.7,2.0,1.3,0.4
2017-05-30 12:38:00+02:00,0.7,1.6,0.5,0.9,3.2,0.3,0.7,1.5,1.2,2.4,1.4,0.7,0.6,0.0,0.1,1.5,0.4,0.2,0.9,2.8,0.2,0.5,1.2,0.8,4.3,2.2,0.3,0.7,3.3,1.1,0.7,0.3,0.9,2.1,1.9,1.7,1.2,0.1,0.6,1.4,1.0,0.2
2017-05-30 12:39:00+02:00,0.5,2.1,0.4,1.4,0.5,1.6,0.8,1.8,1.4,1.5,0.7,1.2,0.3,0.6,0.5,1.0,0.3,0.8,0.9,0.3,1.4,0.4,0.7,0.5,0.5,1.3,0.9,0.3,0.6,1.5,0.1,1.5,1.2,1.2,1.1,1.0,0.7,0.4,0.4,1.0,0.8,0.2
2017-05-30 12:40:00+02:00,0.3,3.3,0.3,2.8,2.3,3.8,3.0,2.0,1.9,1.0,0.3,3.5,0.2,1.1,0.6,0.8,0.2,1.2,2.9,2.6,3.5,0.3,2.7,0.3,2.5,0.9,2.4,0.3,2.4,1.8,0.2,3.5,1.8,0.8,0.8,0.8,0.6,0.7,0.3,0.8,0.6,0.1
2017-05-30 12:41:00+02:00,0.2,4.4,0.3,4.0,5.3,6.1,4.8,2.0,2.6,0.3,0.0,5.9,0.3,1.4,0.7,0.4,0.1,1.5,5.2,5.5,5.2,0.1,5.0,0.1,7.2,0.4,3.8,0.2,5.3,2.0,0.4,5.1,2.5,2.1,2.1,2.1,1.2,1.1,0.2,0.6,0.4,0.0
2017-05-30 12:42:00+02:00,0.1,1.8,0.2,2.2,5.0,5.6,3.8,2.6,0.8,0.2,0.1,5.4,0.9,2.0,0.6,0.3,0.1,2.1,4.3,4.9,4.2,0.1,4.2,0.2,4.9,0.4,2.1,0.1,5.1,2.5,0.3,4.1,0.8,2.3,2.3,2.2,1.4,1.2,0.2,0.6,0.4,0.0
2017-05-30 12:43:00+02:00,0.2,2.8,0.3,3.2,5.9,6.0,4.7,2.8,2.0,0.7,0.5,5.8,1.2,2.1,1.3,0.6,0.1,2.2,4.8,5.9,5.2,0.2,4.6,0.3,9.9,0.1,3.0,0.2,7.1,2.7,0.9,5.1,2.0,1.7,1.8,1.8,1.1,1.0,0.3,0.6,0.5,0.1
2017-05-30 12:44:00+02:00,0.2,2.8,0.3,2.3,5.5,6.0,5.0,2.9,1.5,0.7,0.3,5.7,1.2,3.3,1.1,0.4,0.1,2.2,5.0,5.6,5.4,0.2,4.8,0.3,7.1,0.2,2.1,0.2,7.0,2.8,0.7,5.4,1.4,1.0,1.0,1.1,0.4,1.0,0.3,0.8,0.6,0.1
2017-05-30 12:45:00+02:00,0.3,1.0,0.3,0.5,3.8,4.1,3.2,3.2,0.4,1.2,0.5,3.9,1.2,3.3,1.4,0.3,0.1,2.6,3.2,3.9,3.7,0.3,3.0,0.4,4.8,0.1,0.3,0.2,5.2,3.2,0.9,3.6,0.4,0.8,0.8,0.9,0.3,0.9,0.3,0.9,0.6,0.1
2017-05-30 12:46:00+02:00,0.3,0.8,0.3,0.3,2.9,3.4,3.0,3.2,0.2,1.5,0.4,3.1,1.2,3.6,1.3,0.7,0.1,2.4,3.0,3.0,3.5,0.3,2.7,0.4,3.8,0.1,0.3,0.1,4.2,3.1,0.8,3.5,0.3,0.7,0.6,0.7,0.4,0.8,0.3,1.0,0.7,0.2
2017-05-30 12:47:00+02:00,0.3,0.6,0.3,0.8,2.1,3.2,2.7,3.1,0.2,1.3,0.4,3.0,1.1,4.1,0.5,0.5,0.1,2.3,2.7,2.3,3.2,0.3,2.4,0.4,3.5,0.8,1.1,0.1,3.4,2.9,0.0,3.1,0.4,0.5,0.4,0.4,0.9,0.3,0.3,1.0,0.7,0.2
2017-05-30 12:48:00+02:00,0.3,0.6,0.3,0.6,1.8,3.7,3.1,3.1,0.1,1.3,1.5,3.4,1.1,4.2,0.6,0.5,0.1,2.2,3.1,1.9,3.7,0.4,2.9,0.4,2.7,1.9,0.9,0.1,2.7,2.9,1.0,3.5,0.3,0.5,0.5,0.8,1.5,0.5,0.3,1.0,0.7,0.2
2017-05-30 12:49:00+02:00,0.4,0.5,0.4,0.6,1.9,1.2,0.9,3.0,0.1,1.5,1.7,0.9,1.0,2.3,0.7,1.0,0.2,1.9,0.9,1.7,1.5,0.5,0.7,0.5,1.6,2.2,1.0,0.3,1.5,2.7,1.2,1.5,0.4,0.9,0.8,1.3,1.9,0.7,0.4,1.2,0.8,0.2
2017-05-30 12:50:00+02:00,0.5,0.5,0.4,0.7,3.3,0.7,0.7,2.6,0.1,1.9,1.9,0.8,0.7,1.9,0.7,1.1,0.2,1.6,0.7,3.1,1.2,0.5,0.6,0.7,2.5,2.4,1.2,0.4,2.7,2.4,1.3,1.1,0.4,1.2,1.0,1.5,2.1,0.9,0.4,1.3,0.9,0.2
2017-05-30 12:51:00+02:00,0.5,1.2,0.4,1.0,3.5,1.2,1.2,2.4,0.7,1.7,1.9,1.2,0.5,1.9,0.7,0.9,0.2,1.5,1.2,3.2,1.7,0.5,1.2,0.6,3.0,2.4,1.2,0.2,3.0,2.2,1.3,1.6,1.1,1.1,0.9,1.4,2.1,0.9,0.4,1.2,0.9,0.2
2017-05-30 12:52:00+02:00,0.5,1.0,0.4,1.0,3.5,0.9,0.9,2.2,0.6,2.5,1.9,1.0,0.5,1.7,0.8,1.5,0.2,1.3,1.0,3.3,1.2,0.5,1.0,0.7,3.3,2.5,1.2,0.8,3.1,2.0,1.3,1.2,0.9,1.1,1.0,1.4,2.1,0.9,0.4,1.2,0.9,0.2
2017-05-30 12:53:00+02:00,0.5,0.5,0.4,0.7,3.7,0.8,0.6,1.8,0.2,2.5,1.9,1.1,0.5,1.2,0.8,1.5,0.2,0.9,0.7,3.4,0.4,0.5,0.9,0.7,4.1,2.3,1.2,0.8,3.9,1.6,1.3,0.4,0.3,1.0,0.9,1.3,2.0,0.8,0.4,1.2,0.9,0.2
2017-05-30 12:54:00+02:00,0.4,0.6,0.4,0.5,2.0,0.5,0.5,2.0,0.0,1.3,1.0,0.5,0.5,1.5,0.3,1.4,0.2,1.1,0.5,1.7,0.9,0.5,0.5,0.7,2.2,1.3,0.8,0.8,2.2,1.8,0.5,0.9,0.5,0.7,0.6,1.0,1.7,0.7,0.3,1.0,0.8,0.2
2017-05-30 12:55:00+02:00,0.3,1.4,0.3,1.1,2.3,2.2,2.1,2.0,0.9,2.0,0.7,2.0,1.1,1.7,1.3,1.0,0.1,1.3,2.2,2.4,2.5,0.2,2.0,0.5,2.4,0.6,0.7,0.5,2.1,1.8,0.9,2.3,1.4,0.5,0.6,0.4,1.2,0.5,0.2,0.7,0.6,0.2
2017-05-30 12:56:00+02:00,0.1,1.0,0.2,0.8,3.7,2.4,2.0,1.4,0.2,2.8,1.6,2.3,1.3,1.5,1.9,0.2,0.0,1.0,2.3,3.8,2.2,0.2,2.2,0.1,4.6,1.6,0.6,0.1,3.7,1.3,1.7,2.0,0.8,1.6,1.6,0.9,0.3,0.0,0.1,0.3,0.4,0.1
2017-05-30 12:57:00+02:00,0.3,1.3,0.1,1.3,6.9,4.1,3.5,1.7,0.2,4.0,2.6,4.1,1.6,2.2,2.5,0.9,0.1,1.6,3.8,6.9,3.6,0.3,3.8,1.0,8.1,2.8,1.3,1.1,7.0,1.7,2.5,3.5,0.9,3.1,3.0,1.4,0.5,0.4,0.3,0.2,0.1,0.0
2017-05-30 12:58:00+02:00,0.5,1.6,0.0,1.7,8.5,4.8,4.0,0.9,0.3,5.3,3.1,4.9,0.7,1.7,2.8,2.0,0.2,1.0,4.3,8.3,4.0,0.4,4.4,1.8,10.1,3.5,1.8,2.1,8.6,1.0,2.9,3.6,1.1,3.9,3.7,1.8,1.1,0.5,0.3,0.6,0.1,0.1
2017-05-30 12:59:00+02:00,0.7,1.7,0.0,1.9,12.3,8.2,7.2,2.3,0.3,5.8,3.5,8.3,2.0,4.7,2.9,3.4,0.2,2.5,7.5,12.1,7.1,0.6,7.7,3.1,14.0,3.9,2.1,3.4,12.5,2.4,3.1,6.8,1.2,4.5,4.3,2.3,1.5,0.7,0.4,0.8,0.3,0.2
2017-05-30 13:00:00+02:00,0.5,1.8,0.0,2.0,14.3,10.1,9.0,4.2,0.3,4.0,3.6,10.2,3.3,6.2,3.0,3.4,0.2,4.4,9.4,14.1,8.8,0.6,9.6,3.0,16.0,4.0,2.2,3.4,14.5,4.3,3.2,8.5,1.2,4.6,4.3,2.4,1.5,0.7,0.4,0.9,0.3,0.2
2017-05-30 13:01:00+02:00,0.3,1.8,0.0,2.1,15.7,11.0,9.9,5.0,0.4,3.9,4.0,11.1,3.6,7.1,3.6,3.3,0.2,5.2,10.3,15.5,9.7,0.6,10.6,2.9,17.3,4.4,2.3,3.3,15.9,5.1,3.7,9.4,1.2,4.7,4.4,2.4,1.6,0.7,0.4,0.9,0.3,0.2
2017-05-30 13:02:00+02:00,0.3,1.9,0.1,2.3,13.4,10.5,9.5,4.9,0.4,3.9,2.2,10.6,3.6,6.5,1.8,3.2,0.2,5.1,9.9,13.3,9.3,0.6,10.1,2.8,15.2,2.6,2.5,3.2,13.7,5.0,2.0,9.0,1.3,4.1,3.8,2.2,1.4,0.7,0.4,0.7,0.2,0.2
2017-05-30 13:03:00+02:00,0.3,3.1,0.1,3.5,12.6,10.9,9.8,4.8,0.4,3.7,1.0,11.0,3.6,5.6,0.6,3.1,0.2,5.1,10.3,12.4,9.7,0.5,10.5,2.7,14.4,1.4,3.7,3.1,12.9,5.0,0.7,9.3,2.5,2.6,2.3,2.2,1.3,0.7,0.4,0.6,0.2,0.2
2017-05-30 13:04:00+02:00,0.3,4.9,0.0,5.2,14.2,12.5,11.4,4.7,0.3,3.2,0.9,12.7,3.6,5.5,0.5,2.6,0.2,5.0,11.9,14.0,11.3,0.4,12.1,2.2,16.0,1.3,5.4,2.6,14.5,4.9,0.7,10.9,3.0,3.5,2.4,2.3,1.5,0.9,0.5,0.7,0.2,0.2
2017-05-30 13:05:00+02:00,0.3,5.0,0.0,5.2,15.4,13.6,12.5,4.5,0.4,2.5,0.8,13.9,3.6,6.6,0.5,1.8,0.2,4.7,13.0,15.2,12.4,0.4,13.2,1.4,17.2,1.3,5.4,1.7,15.7,4.6,0.6,12.0,3.1,5.6,4.4,4.3,3.4,2.9,1.3,0.6,0.2,0.2
2017-05-30 13:06:00+02:00,0.3,4.4,0.0,4.6,13.6,11.9,10.8,4.2,0.4,2.1,0.8,12.1,3.6,5.5,0.5,1.4,0.2,4.4,11.3,13.4,10.7,0.4,11.5,0.9,15.4,1.3,4.8,1.4,13.9,4.3,0.6,10.4,3.1,3.8,3.3,3.2,2.4,1.9,0.4,0.5,0.2,0.2
2017-05-30 13:07:00+02:00,0.3,3.5,0.0,3.8,11.5,9.8,8.9,3.8,0.3,2.1,0.8,10.0,3.6,4.5,0.5,1.5,0.2,3.9,9.5,11.3,8.8,0.4,9.7,1.0,15.8,1.3,4.0,1.4,14.1,3.9,0.6,8.5,3.0,3.0,2.8,2.7,1.9,1.5,0.4,0.4,0.2,0.1
2017-05-30 13:08:00+02:00,0.3,3.6,0.0,3.9,12.3,9.8,8.8,3.7,0.3,2.4,1.7,10.0,3.5,4.4,1.3,1.5,0.2,3.9,9.5,12.1,8.7,0.4,9.6,1.0,14.2,2.1,4.0,1.5,12.7,3.8,1.4,8.4,2.9,3.8,3.6,3.5,2.7,2.2,0.4,0.4,0.2,0.1
2017-05-30 13:09:00+02:00,0.6,3.5,0.0,3.8,13.6,10.6,9.6,3.7,0.2,3.4,1.9,10.7,3.5,5.2,1.5,2.7,0.2,3.8,10.2,13.4,9.5,0.4,10.4,2.2,15.6,2.7,3.9,2.6,14.0,3.8,1.6,9.1,2.8,3.0,2.7,2.6,1.8,1.4,0.4,0.4,0.2,0.1
2017-05-30 13:10:00+02:00,0.3,4.1,0.0,4.3,14.3,11.2,10.3,3.2,0.2,3.2,1.9,11.4,3.0,5.3,1.5,2.4,0.1,3.3,10.9,14.1,10.2,0.4,11.1,2.1,16.3,2.8,4.4,2.4,14.7,3.3,1.6,9.7,2.7,3.2,3.0,2.9,2.1,1.6,0.4,0.4,0.2,0.1
2017-05-30 13:11:00+02:00,0.5,4.7,0.0,4.9,14.2,11.3,10.4,1.7,0.2,3.2,1.9,11.4,1.5,4.8,1.5,2.5,0.1,1.9,10.9,14.0,10.3,0.4,11.1,2.2,16.1,2.5,5.0,2.5,14.6,1.9,1.6,9.8,2.7,3.6,3.4,3.3,2.5,2.1,0.4,0.4,0.2,0.1
2017-05-30 13:12:00+02:00,1.1,4.9,0.0,5.1,14.3,11.4,10.6,1.8,0.2,2.7,1.9,11.5,1.5,4.8,1.5,2.0,0.2,2.0,11.0,14.2,10.4,0.4,11.2,1.6,16.3,2.7,5.2,1.9,14.7,1.9,1.6,10.0,2.7,2.7,2.5,2.3,1.7,1.2,0.4,0.4,0.2,0.1
2017-05-30 13:13:00+02:00,1.6,3.8,0.0,4.0,13.9,10.8,10.0,3.0,0.2,3.1,1.9,10.9,2.8,5.2,1.5,2.4,0.2,3.2,10.4,13.8,9.9,0.4,10.6,2.0,15.8,2.8,4.2,2.3,14.3,3.1,1.6,9.3,2.7,3.2,3.0,2.4,1.7,1.3,0.3,0.4,0.2,0.1
2017-05-30 13:14:00+02:00,1.6,3.5,0.0,3.8,12.5,9.9,9.1,2.9,0.2,3.1,1.6,10.0,2.7,4.6,1.1,2.4,0.2,3.1,9.5,12.4,9.1,0.4,9.7,2.1,14.5,2.3,3.9,2.4,12.9,3.0,1.3,8.5,2.6,4.3,3.7,3.1,2.4,2.0,0.3,0.5,0.3,0.2
2017-05-30 13:15:00+02:00,1.5,3.5,0.0,3.7,12.2,9.4,8.7,2.8,0.2,3.0,1.8,9.6,2.6,4.2,1.3,2.3,0.2,3.1,9.1,12.1,8.6,0.4,9.3,2.0,14.3,2.5,3.9,2.2,12.6,2.9,1.6,8.1,2.6,4.1,3.0,2.5,1.8,1.4,0.4,0.5,0.3,0.2
2017-05-30 13:16:00+02:00,0.8,3.5,0.0,3.7,12.0,9.1,8.4,2.9,0.2,2.3,1.7,9.2,2.7,4.2,1.4,1.6,0.2,3.1,8.8,11.8,8.3,0.3,9.0,1.3,13.9,2.6,3.9,1.6,12.4,3.0,1.5,8.0,2.6,4.8,2.9,2.3,1.8,1.4,0.4,0.5,0.3,0.2
2017-05-30 13:17:00+02:00,0.8,3.0,0.0,3.2,10.5,8.4,7.7,2.8,0.2,2.2,1.1,8.5,2.6,4.0,0.9,1.6,0.2,2.9,8.0,10.3,7.7,0.3,8.2,1.3,11.8,1.9,3.4,1.6,10.8,2.9,0.9,7.3,2.5,5.1,3.1,2.3,1.9,1.5,0.4,0.4,0.2,0.2
2017-05-30 13:18:00+02:00,1.0,1.6,0.0,1.8,8.4,7.0,6.3,2.8,0.2,2.4,0.7,7.1,2.5,4.0,0.5,1.7,0.2,2.9,6.6,8.3,6.2,0.3,6.8,1.5,9.7,1.2,2.0,1.7,8.8,2.9,0.6,5.9,1.0,5.0,3.1,2.9,2.5,2.1,0.4,0.4,0.2,0.2
2017-05-30 13:19:00+02:00,0.6,0.9,0.0,1.3,7.6,6.1,5.3,2.2,0.2,2.0,0.6,6.1,1.9,3.6,0.4,1.4,0.2,2.3,5.7,7.6,5.3,0.2,5.9,1.0,8.9,1.4,1.5,1.3,8.0,2.3,0.5,5.0,0.4,4.1,2.3,2.1,1.7,1.3,0.4,0.4,0.2,0.2
2017-05-30 13:20:00+02:00,0.5,1.5,0.0,3.1,10.6,8.7,7.8,2.6,0.2,2.0,0.9,8.8,2.4,4.3,0.6,1.4,0.2,2.8,8.2,10.5,7.8,0.3,8.5,0.9,11.9,1.8,3.3,1.3,11.0,2.7,0.6,7.5,1.2,4.8,3.1,2.9,2.4,2.0,0.4,0.4,0.3,0.2
2017-05-30 13:21:00+02:00,1.0,2.2,0.0,2.5,9.3,7.9,7.1,2.8,0.2,2.3,0.9,7.9,2.6,4.1,0.6,1.8,0.2,3.0,7.5,9.3,7.1,0.3,7.7,1.4,10.7,1.4,2.7,1.7,9.8,3.0,0.7,6.8,1.7,4.7,3.0,2.9,2.4,2.0,0.4,0.4,0.2,0.2
2017-05-30 13:22:00+02:00,1.4,2.5,0.0,2.8,10.6,7.4,6.9,2.2,0.2,2.6,2.2,7.5,2.0,3.5,1.9,2.1,0.1,2.3,7.2,10.6,6.8,1.7,7.4,1.8,11.9,3.1,3.1,2.0,11.1,2.3,2.0,6.6,2.2,4.0,2.9,2.8,2.3,2.0,0.3,0.3,0.2,0.2
2017-05-30 13:23:00+02:00,1.1,3.0,0.0,4.8,11.3,8.5,7.8,1.8,0.2,2.3,2.3,8.5,1.6,2.4,2.1,1.9,0.1,1.9,8.2,11.3,7.8,1.9,8.5,1.5,14.0,2.7,5.2,1.7,12.5,1.9,2.1,7.5,2.5,3.4,3.1,2.7,2.2,2.0,0.3,0.3,0.2,0.2
2017-05-30 13:24:00+02:00,1.0,3.0,0.0,3.8,9.8,7.1,6.5,1.8,0.2,2.3,2.2,7.2,1.6,2.0,2.0,1.7,0.1,1.9,6.9,9.7,6.4,1.8,7.1,1.4,12.4,2.5,4.2,1.6,10.9,1.9,2.0,6.1,2.5,2.9,2.6,2.4,2.0,1.7,0.2,0.3,0.2,0.2
2017-05-30 13:25:00+02:00,0.6,2.8,0.0,3.4,9.4,6.6,5.8,1.7,0.2,1.7,2.4,6.6,1.5,1.9,2.1,1.2,0.1,1.8,6.3,9.4,5.8,1.8,6.6,1.0,12.6,2.8,3.7,1.1,10.5,1.8,2.2,5.5,2.5,2.9,2.5,2.3,2.0,1.7,0.2,0.2,0.2,0.2
2017-05-30 13:26:00+02:00,0.3,3.0,0.0,4.4,10.8,7.7,6.9,1.7,0.1,1.3,2.3,7.8,1.5,1.9,2.0,0.8,0.1,1.8,7.3,10.7,6.9,1.8,7.7,0.6,14.4,3.0,4.7,0.7,11.9,1.8,2.1,6.6,2.6,2.9,2.5,2.4,2.1,1.8,0.3,0.2,0.2,0.2
2017-05-30 13:27:00+02:00,0.3,3.5,0.0,3.7,9.4,6.6,6.2,1.7,0.1,2.1,2.2,6.7,1.5,1.8,1.9,1.5,0.1,1.7,6.4,9.3,6.1,1.8,6.6,0.4,13.2,2.6,4.1,1.4,10.8,1.8,2.0,5.8,3.0,3.0,2.6,2.5,2.1,1.9,0.4,0.3,0.2,0.2
2017-05-30 13:28:00+02:00,0.7,3.3,0.0,4.5,9.2,6.4,6.1,0.8,0.1,1.5,2.3,6.5,0.4,0.9,1.9,1.0,0.1,0.9,6.2,9.2,6.1,1.8,6.4,0.8,12.9,2.7,4.8,0.8,11.4,0.9,2.0,5.8,3.0,4.2,2.7,2.6,2.2,2.0,0.4,0.3,0.2,0.2
2017-05-30 13:29:00+02:00,1.2,3.3,0.0,4.0,9.6,6.8,6.6,1.7,0.1,2.4,2.3,6.9,0.6,1.9,1.9,1.4,0.1,1.7,6.6,9.6,6.5,1.8,6.8,1.3,13.3,2.7,4.4,1.4,11.9,1.8,2.0,6.2,2.9,4.3,2.6,2.5,2.1,1.9,0.3,0.2,0.1,0.1
2017-05-30 13:30:00+02:00,1.3,3.5,0.0,3.9,9.9,7.2,7.0,2.3,0.1,3.1,2.3,7.3,0.4,2.5,2.0,1.5,0.1,2.3,7.0,9.9,6.9,1.8,7.2,1.4,13.5,2.7,4.2,1.4,12.1,2.4,2.0,6.7,3.0,3.3,2.6,2.5,2.2,1.9,0.3,0.2,0.1,0.1
2017-05-30 13:31:00+02:00,1.3,2.9,0.0,4.5,10.2,7.8,7.6,2.5,0.1,3.3,1.9,7.9,0.7,2.7,1.8,1.6,0.1,2.5,7.6,10.2,7.5,1.7,7.8,1.5,13.9,2.3,4.8,1.6,12.3,2.6,1.8,7.5,2.5,2.8,2.5,2.3,2.0,1.8,0.2,0.2,0.1,0.1
2017-05-30 13:32:00+02:00,1.4,2.2,0.0,2.3,5.6,4.5,4.2,1.3,0.1,4.2,0.6,4.5,0.6,1.5,0.4,2.5,0.1,1.3,4.3,5.6,4.2,0.3,4.5,1.6,9.7,1.1,2.6,2.4,7.5,1.4,0.5,4.1,2.0,2.8,2.4,2.3,1.9,1.7,0.2,0.2,0.1,0.1
2017-05-30 13:33:00+02:00,1.9,1.7,0.0,2.6,5.7,4.4,4.2,1.0,0.1,3.9,0.9,4.4,0.5,1.2,0.5,2.1,0.2,1.1,4.2,5.7,4.2,0.4,4.4,2.1,9.9,1.3,2.9,2.1,7.8,1.1,0.8,4.1,1.5,2.8,2.3,2.2,1.9,1.7,0.2,0.2,0.1,0.1
2017-05-30 13:34:00+02:00,2.5,1.5,0.0,2.4,5.3,4.0,3.8,0.9,0.1,4.5,0.7,4.0,0.6,1.1,0.5,2.8,0.2,0.9,3.9,5.2,3.8,0.4,4.1,2.6,9.5,1.2,2.7,2.7,7.1,1.0,0.6,3.8,1.3,4.6,4.3,2.3,2.0,1.7,0.3,0.3,0.1,0.1
2017-05-30 13:35:00+02:00,2.3,1.1,0.0,1.9,5.2,3.5,3.3,0.9,0.1,4.3,1.2,3.5,0.6,1.1,0.5,2.6,0.1,0.9,3.4,5.2,3.3,0.5,3.5,2.4,9.5,1.7,2.2,2.4,6.4,1.0,0.6,3.3,0.9,5.3,5.0,1.1,0.8,0.5,0.2,0.2,0.1,0.1
2017-05-30 13:36:00+02:00,2.5,1.2,0.0,2.0,5.7,4.5,4.3,1.4,0.1,5.4,0.7,4.5,0.5,1.7,0.6,3.7,0.1,1.4,4.4,5.6,4.3,0.5,4.5,2.5,9.8,1.1,2.6,3.5,6.9,1.5,0.6,4.3,1.0,2.0,1.8,0.9,0.6,0.5,0.2,0.1,0.1,0.1
2017-05-30 13:37:00+02:00,2.4,1.0,0.0,1.4,5.8,4.8,4.6,1.8,0.1,4.4,0.6,4.8,0.6,2.0,0.6,2.7,0.2,1.7,4.7,5.8,4.6,0.4,4.9,2.5,9.3,1.1,2.6,2.5,6.9,1.8,0.6,4.5,0.9,1.4,1.1,0.9,0.5,0.4,0.2,0.1,0.1,0.1
2017-05-30 13:38:00+02:00,2.3,1.2,0.0,1.6,4.2,3.2,3.1,1.2,0.1,4.1,0.9,3.2,0.4,1.3,0.6,2.6,0.2,1.0,3.1,4.1,3.0,0.4,3.2,2.4,6.8,1.0,1.6,2.4,4.4,1.1,0.6,2.9,1.1,1.2,0.9,0.8,0.6,0.4,0.2,0.2,0.1,0.1
2017-05-30 13:39:00+02:00,2.3,1.1,0.0,1.5,4.8,3.6,3.5,1.8,0.1,4.1,1.2,3.5,0.5,1.8,0.6,2.8,0.1,1.6,3.5,4.8,3.4,0.5,3.6,2.4,7.4,1.2,1.5,2.6,5.0,1.7,0.6,3.3,1.0,1.2,0.9,0.9,0.6,0.4,0.3,0.2,0.2,0.2
2017-05-30 13:40:00+02:00,1.8,1.1,0.1,2.1,5.4,4.6,4.5,1.9,0.1,3.6,0.6,4.6,0.6,2.3,0.5,2.4,0.1,1.7,4.6,5.4,4.4,0.4,4.6,1.8,8.0,0.9,2.1,2.2,5.6,1.8,0.5,4.4,1.1,1.9,1.6,1.6,0.5,0.4,0.2,0.2,0.2,0.2
2017-05-30 13:41:00+02:00,1.2,1.2,0.1,2.2,5.4,4.8,4.7,1.8,0.2,3.5,0.6,4.8,0.3,2.3,0.5,1.7,0.1,1.6,4.8,5.4,4.7,0.4,4.8,1.2,7.8,0.6,2.2,1.5,5.5,1.7,0.5,4.5,1.2,1.9,1.6,1.6,0.8,0.7,0.6,0.1,0.1,0.2
2017-05-30 13:42:00+02:00,1.1,1.3,0.1,2.2,7.1,6.2,6.3,1.8,0.2,3.2,1.0,6.2,0.4,2.9,0.5,1.6,0.0,1.6,6.2,7.1,6.2,0.4,6.3,1.3,9.7,1.0,2.3,1.5,7.4,1.8,0.5,5.2,1.3,1.6,1.3,1.3,1.0,0.9,0.9,0.1,0.2,0.3
2017-05-30 13:43:00+02:00,1.1,1.0,0.1,1.9,5.6,5.2,5.4,1.5,0.2,2.1,0.5,5.2,0.1,2.5,0.5,1.5,0.0,1.3,5.3,5.6,5.4,0.4,5.3,1.2,8.0,0.4,1.9,1.4,5.8,1.5,0.4,4.4,1.1,1.3,1.1,1.1,0.9,0.9,0.8,0.1,0.1,0.3
2017-05-30 13:44:00+02:00,1.1,1.2,0.1,2.0,4.6,4.3,4.5,1.5,0.1,2.0,0.5,4.3,0.1,1.5,0.5,1.4,0.0,1.3,4.4,4.6,4.6,0.4,4.4,1.2,7.0,0.5,2.0,1.4,4.8,1.4,0.4,3.5,1.2,1.0,0.8,0.8,0.7,0.8,0.8,0.1,0.1,0.2
2017-05-30 13:45:00+02:00,1.0,0.9,0.1,1.7,3.2,2.8,3.1,0.9,0.1,2.0,0.3,2.7,0.1,0.7,0.4,1.3,0.1,0.7,2.9,3.3,3.1,0.3,2.8,1.1,5.4,0.6,1.7,1.3,3.3,0.9,0.3,2.4,1.0,1.2,1.0,0.6,0.5,0.7,0.7,0.3,0.1,0.1
2017-05-30 13:46:00+02:00,1.0,0.9,0.1,1.6,1.9,1.1,1.5,0.3,0.0,1.5,0.5,1.1,0.1,0.1,0.4,1.2,0.1,0.0,1.3,1.9,1.6,0.4,1.2,1.1,3.8,0.8,1.5,1.2,2.0,0.3,0.4,1.5,1.0,4.4,4.2,0.4,0.3,0.6,0.7,0.3,0.2,0.1
2017-05-30 13:47:00+02:00,0.9,0.7,0.2,1.1,1.9,0.7,1.0,0.3,0.1,1.2,0.9,0.7,0.1,0.2,1.0,1.1,0.1,0.1,0.8,2.0,1.1,1.0,0.8,1.0,3.0,1.4,0.9,1.2,1.9,0.2,0.9,0.9,0.7,3.6,3.4,0.2,0.1,0.6,0.6,0.4,0.2,0.1
2017-05-30 13:48:00+02:00,0.9,0.3,0.2,0.7,1.0,0.5,0.2,0.3,0.2,0.9,0.2,0.6,0.1,0.3,0.0,0.9,0.1,0.2,0.4,0.9,0.2,0.1,0.4,0.9,0.4,0.3,0.5,1.1,1.0,0.2,0.2,0.3,0.4,1.1,0.9,0.0,0.1,0.4,0.5,0.4,0.2,0.1
2017-05-30 13:49:00+02:00,0.9,0.2,0.2,0.5,1.7,0.5,0.2,0.6,0.2,0.7,0.7,0.6,0.1,0.2,0.4,0.7,0.1,0.2,0.3,1.6,0.4,0.3,0.3,0.9,0.5,1.0,0.3,1.0,1.6,0.5,0.6,0.4,0.1,1.2,1.0,0.2,0.2,0.3,0.5,0.5,0.2,0.1
2017-05-30 13:50:00+02:00,0.8,0.5,0.2,0.6,1.2,0.7,1.0,1.6,0.2,0.9,0.9,0.5,0.3,1.0,0.5,0.5,0.1,1.0,0.8,1.1,1.3,0.4,0.8,0.8,0.5,1.2,0.3,0.9,1.2,1.4,0.8,1.3,0.1,0.5,0.5,0.5,0.4,0.2,0.5,0.6,0.3,0.1
2017-05-30 13:51:00+02:00,0.7,0.1,0.2,0.1,1.8,0.5,0.7,2.0,0.2,0.8,1.0,0.4,0.7,1.2,0.5,0.4,0.1,1.3,0.6,1.6,1.0,0.4,0.6,0.7,0.9,1.4,0.2,0.7,1.7,1.8,0.8,1.0,0.1,0.3,0.3,0.7,0.6,0.1,0.5,0.7,0.3,0.0
2017-05-30 13:52:00+02:00,0.7,0.4,0.3,0.5,2.2,0.8,0.5,1.7,0.2,0.9,1.1,0.8,0.5,1.1,0.6,0.7,0.1,1.1,0.7,2.0,0.5,0.5,0.7,0.6,1.5,1.5,0.8,0.7,2.2,1.5,0.9,0.4,0.1,0.3,0.3,0.9,0.7,0.0,0.4,0.8,0.4,0.0
2017-05-30 13:53:00+02:00,0.6,0.5,0.3,0.6,1.9,0.8,0.6,0.9,0.3,1.5,1.2,0.7,0.3,0.6,0.6,1.2,0.1,0.3,0.8,1.7,0.4,0.5,0.9,0.5,1.4,1.5,1.0,0.6,2.1,0.7,1.0,0.5,0.1,0.1,0.1,1.1,0.9,0.0,0.4,0.9,0.5,0.1
2017-05-30 13:54:00+02:00,0.6,0.5,0.3,0.7,2.6,0.8,1.1,0.8,0.3,3.3,1.3,0.9,0.2,0.1,0.6,2.9,0.0,0.1,1.4,2.4,0.7,0.5,1.5,3.0,2.1,1.6,1.1,3.0,2.7,0.6,1.0,1.1,0.2,0.3,0.3,1.2,1.0,0.1,0.4,1.0,0.5,0.1
2017-05-30 13:55:00+02:00,0.1,0.2,0.3,0.4,3.9,1.8,2.2,0.2,0.1,0.8,1.4,2.0,0.2,1.0,0.7,0.5,0.2,0.8,2.6,3.7,1.7,0.5,2.7,0.1,3.5,1.7,0.8,0.1,4.1,0.3,1.1,1.8,0.3,0.2,0.2,1.2,1.1,0.1,0.3,1.0,0.6,0.1
2017-05-30 13:56:00+02:00,0.3,1.0,0.3,0.7,3.1,0.9,1.1,0.3,1.3,0.7,1.5,1.1,0.1,1.2,0.7,0.2,0.2,1.0,1.6,2.8,0.6,0.6,1.7,0.3,2.7,1.8,0.4,0.3,3.2,0.5,1.1,0.8,1.5,1.5,1.4,0.6,0.2,0.8,1.3,1.0,0.5,0.1
2017-05-30 13:57:00+02:00,0.4,0.2,0.3,0.4,4.3,1.9,2.1,0.2,0.2,1.7,1.5,2.2,0.1,1.0,0.7,1.1,0.2,0.9,2.7,4.1,1.6,0.6,2.8,0.6,3.9,1.9,0.8,0.7,4.4,0.3,1.2,1.8,0.3,1.6,1.5,0.6,0.3,1.3,1.8,1.0,0.5,0.1
2017-05-30 13:58:00+02:00,0.4,0.8,0.3,0.5,2.7,0.3,0.4,1.1,1.1,1.8,1.6,0.5,0.3,0.2,0.7,1.2,0.2,0.4,0.9,2.5,0.1,0.6,1.1,0.6,2.3,2.0,0.1,0.7,2.8,0.8,1.2,0.2,1.2,1.3,1.2,0.1,0.2,1.3,1.8,1.1,0.6,0.1
2017-05-30 13:59:00+02:00,0.4,0.8,0.3,0.5,2.3,0.5,0.3,1.1,1.2,2.1,1.4,0.5,0.4,0.4,0.8,1.3,0.4,0.4,0.7,2.1,0.6,0.6,0.8,0.7,2.0,1.8,0.1,0.8,2.5,0.9,1.3,0.5,1.3,1.3,1.2,0.1,0.1,1.2,1.8,1.1,0.6,0.1
2017-05-30 14:00:00+02:00,0.4,0.9,0.3,0.6,2.9,0.8,0.8,0.5,1.2,2.3,1.4,1.0,0.6,0.4,0.8,1.3,0.6,0.7,1.2,2.6,0.6,0.6,1.3,0.7,2.5,1.9,0.2,0.8,3.0,0.4,1.3,0.5,1.4,1.1,1.0,0.2,0.1,1.3,1.8,1.2,0.7,0.2
2017-05-30 14:01:00+02:00,0.4,0.1,0.3,0.5,4.2,1.6,1.6,0.4,0.2,2.2,1.7,1.9,0.5,0.5,0.8,1.3,0.6,0.8,2.1,3.9,1.1,0.6,2.3,0.7,3.8,2.1,0.8,0.8,4.3,0.4,1.4,1.2,0.4,0.4,0.2,1.0,0.8,0.5,1.0,1.2,0.7,0.2
2017-05-30 14:02:00+02:00,0.5,0.2,0.3,0.6,4.7,2.0,1.9,0.4,0.2,2.2,1.7,2.3,0.6,0.5,0.7,1.3,0.6,0.8,2.5,4.4,1.4,0.6,2.7,0.6,4.0,2.2,0.9,0.7,4.8,0.4,1.4,1.4,0.4,1.7,1.6,2.4,2.2,0.9,0.3,1.3,0.7,0.1
2017-05-30 14:03:00+02:00,0.5,0.4,0.4,0.8,5.5,2.6,2.5,0.4,0.1,1.8,1.8,2.9,0.3,1.1,0.8,0.8,0.3,1.1,3.1,5.2,1.9,0.6,3.4,0.1,3.7,2.3,1.1,0.2,4.1,0.5,1.5,2.2,0.2,0.2,0.4,1.9,1.6,0.2,0.4,1.4,0.8,0.1
2017-05-30 14:04:00+02:00,0.5,0.5,0.4,0.0,4.6,1.5,1.4,0.8,1.1,0.7,2.0,1.7,0.2,0.3,0.9,0.2,0.1,0.4,2.0,4.3,0.7,0.7,2.2,0.5,3.4,2.5,0.5,0.4,3.4,0.5,1.6,0.8,1.1,0.7,0.4,1.4,1.1,0.4,1.0,1.5,0.8,0.2
2017-05-30 14:05:00+02:00,0.2,0.5,0.4,0.2,4.7,1.7,1.5,0.8,1.1,0.9,1.9,1.9,0.3,0.3,0.9,0.1,0.2,0.4,2.1,4.4,0.9,0.7,2.4,0.8,3.6,2.4,0.8,0.7,3.6,0.6,1.6,0.9,1.1,0.6,1.1,2.8,2.5,0.9,0.3,1.5,0.9,0.2
2017-05-30 14:06:00+02:00,0.5,0.8,0.4,0.2,5.8,2.7,2.5,0.4,1.0,0.8,2.1,2.9,0.3,1.3,0.9,0.2,0.2,1.3,3.2,5.5,1.9,0.7,3.4,0.8,4.2,2.5,0.4,0.7,4.4,0.6,1.6,1.7,1.1,0.8,1.2,3.0,2.6,1.0,0.3,1.6,0.9,0.2
2017-05-30 14:07:00+02:00,0.4,0.1,0.4,0.6,6.1,3.1,3.2,0.3,0.1,2.1,2.0,3.4,0.3,1.1,0.9,1.2,0.4,1.1,3.8,5.8,2.5,0.7,4.0,0.5,4.5,2.4,1.2,0.7,4.8,0.4,1.6,2.3,0.1,0.6,1.1,2.8,2.5,1.0,0.3,1.6,0.8,0.2
2017-05-30 14:08:00+02:00,0.5,0.4,0.4,1.0,5.9,3.0,3.0,0.5,0.1,2.1,1.9,3.2,0.7,0.6,0.9,1.3,0.9,0.6,3.7,5.6,2.4,0.7,3.9,0.6,4.2,2.4,1.5,0.8,4.8,0.3,1.6,2.2,0.2,0.6,1.0,2.8,2.5,1.0,0.3,1.5,0.8,0.2
2017-05-30 14:09:00+02:00,0.5,0.3,0.4,1.0,6.0,3.3,3.4,0.2,0.1,1.6,1.5,3.6,0.4,1.0,0.9,1.3,0.3,0.9,4.0,5.7,2.7,0.7,4.3,0.6,4.9,2.1,1.5,0.7,4.8,0.2,1.6,2.5,0.2,0.7,1.1,2.8,2.5,1.0,0.3,1.5,0.8,0.2
2017-05-30 14:10:00+02:00,0.3,0.1,0.4,0.7,5.7,2.3,2.3,1.0,0.4,1.7,2.2,2.6,0.8,0.4,0.9,1.1,0.2,0.1,3.0,5.3,1.7,0.7,3.3,0.5,5.4,2.8,1.3,0.6,4.7,0.8,1.6,1.5,0.5,0.2,0.6,2.3,2.0,0.5,0.2,1.6,0.8,0.2
2017-05-30 14:11:00+02:00,0.2,0.4,0.4,0.2,6.7,3.2,3.2,0.3,0.9,1.3,2.3,3.5,0.1,1.5,0.9,0.6,0.2,1.3,3.9,6.3,2.5,0.7,4.2,0.1,5.9,2.8,0.8,0.2,5.5,0.6,1.6,2.3,1.0,0.2,0.6,2.3,2.0,1.3,0.6,0.7,0.1,0.2
2017-05-30 14:12:00+02:00,0.2,0.7,0.4,0.1,6.5,3.0,2.9,0.7,1.2,1.7,2.4,3.3,0.3,1.3,0.9,1.2,0.2,1.7,3.5,6.2,2.1,0.8,3.9,0.6,4.2,2.9,0.6,0.7,4.9,0.9,1.7,1.9,1.3,0.2,0.3,1.8,1.6,1.4,0.8,0.2,0.6,0.2
2017-05-30 14:13:00+02:00,0.1,0.6,0.4,0.0,6.7,3.2,3.0,0.7,1.2,2.0,2.3,3.5,0.4,1.3,1.0,1.1,0.3,1.7,3.7,6.4,2.3,0.8,4.0,0.3,4.8,3.0,0.7,0.5,5.1,1.0,1.7,2.0,1.2,1.7,2.1,1.8,1.7,1.4,0.8,0.2,0.5,0.3
2017-05-30 14:14:00+02:00,0.1,0.1,0.4,0.6,8.1,4.4,4.2,0.7,0.6,2.4,2.4,4.7,0.4,1.8,1.0,1.3,0.3,1.8,4.9,7.8,3.4,0.8,5.3,0.5,6.5,3.0,1.3,0.7,6.4,1.0,1.8,3.2,0.7,1.7,2.1,2.4,2.2,1.5,0.8,0.7,0.1,0.2
2017-05-30 14:15:00+02:00,0.1,0.2,0.4,0.9,8.5,4.6,4.4,0.4,0.4,2.4,2.5,5.0,0.4,1.8,1.0,1.3,0.3,1.5,5.1,8.1,3.6,0.8,5.5,0.4,7.9,3.2,1.6,0.6,7.0,0.7,1.8,3.4,0.5,1.3,1.7,3.4,3.1,1.5,0.8,1.6,0.8,0.2
2017-05-30 14:16:00+02:00,0.3,0.7,0.3,0.2,8.1,4.1,3.5,0.3,1.3,2.8,2.5,4.5,0.4,1.8,1.0,1.5,0.3,1.5,4.3,7.7,2.7,0.7,4.6,0.7,8.1,3.2,0.9,0.9,7.2,0.6,1.8,2.6,1.4,1.5,1.9,3.6,3.2,1.6,0.9,1.6,0.8,0.3
2017-05-30 14:17:00+02:00,0.5,0.5,0.1,1.3,10.0,6.0,5.3,0.6,0.3,3.2,2.5,6.4,0.5,2.3,0.8,1.8,0.3,1.9,6.1,9.6,4.5,0.5,6.5,0.9,9.3,3.2,2.1,1.1,9.2,1.0,1.7,4.4,0.3,2.1,2.5,3.8,3.3,1.6,0.8,1.7,0.9,0.3
2017-05-30 14:18:00+02:00,0.5,0.4,0.1,1.1,9.8,5.7,5.2,0.4,0.8,3.5,2.6,6.1,0.5,2.2,0.8,2.0,0.3,1.8,6.0,9.4,4.3,0.5,6.4,1.0,9.1,3.3,2.0,1.2,9.1,0.8,1.8,4.1,0.6,2.5,2.8,2.5,1.9,0.1,0.8,1.9,1.0,0.3
2017-05-30 14:19:00+02:00,0.6,0.3,0.1,1.1,11.0,6.6,6.0,1.0,0.7,3.9,2.7,7.0,0.6,2.8,0.9,2.2,0.4,2.4,6.9,10.5,5.0,0.6,7.3,1.1,9.9,3.5,2.0,1.4,10.3,1.4,1.8,4.8,0.8,2.1,2.8,2.5,1.8,0.2,1.1,2.0,1.1,0.3
2017-05-30 14:20:00+02:00,0.7,0.3,0.1,1.0,11.6,6.9,6.1,1.0,0.7,4.3,2.8,7.4,0.7,3.0,0.9,2.4,0.4,2.5,7.1,11.1,5.1,0.6,7.6,1.2,10.6,3.7,1.9,1.6,10.9,1.4,1.9,4.9,0.7,2.2,2.9,2.6,1.9,0.3,1.0,2.2,1.2,0.3
2017-05-30 14:21:00+02:00,0.7,0.2,0.0,0.8,11.5,6.6,5.6,0.8,0.5,4.6,3.0,7.1,0.8,3.0,0.9,2.6,0.4,2.5,6.7,11.0,5.2,0.5,7.2,1.3,10.8,3.9,1.9,1.7,10.9,1.4,2.0,4.8,0.2,2.8,3.5,3.1,2.3,0.1,1.0,2.4,1.3,0.4
2017-05-30 14:22:00+02:00,0.8,0.3,0.0,1.1,13.4,7.9,6.1,1.3,0.5,5.1,3.3,8.5,0.9,3.7,1.1,2.9,0.5,3.2,7.2,12.8,6.1,0.6,7.7,1.5,13.8,4.3,2.1,1.9,12.9,1.9,2.2,5.7,0.3,3.4,4.0,3.6,2.7,0.0,1.0,2.6,1.4,0.4
2017-05-30 14:23:00+02:00,0.9,0.4,0.1,1.4,13.7,7.8,7.3,1.5,0.4,5.6,3.6,8.4,1.0,4.0,1.2,3.3,0.5,3.4,8.5,13.2,6.9,0.7,8.1,1.6,15.4,4.8,2.5,2.1,14.1,2.1,2.5,6.5,0.2,4.0,4.6,4.1,3.1,0.2,0.9,2.9,1.6,0.5
2017-05-30 14:24:00+02:00,0.9,0.5,0.1,1.6,14.1,7.8,7.1,1.2,0.2,6.0,3.8,8.4,0.7,4.0,1.4,3.4,0.2,3.3,8.4,13.5,7.2,0.8,8.0,1.7,15.8,5.1,2.8,2.2,14.6,1.9,2.7,6.7,0.2,5.4,5.1,4.5,3.4,0.3,0.8,3.1,1.7,0.5
2017-05-30 14:25:00+02:00,0.6,0.4,0.2,1.7,14.2,7.3,6.7,0.8,0.1,6.0,4.1,8.0,0.3,3.7,1.5,3.3,0.2,3.0,8.2,13.5,7.1,0.9,7.2,1.4,15.3,5.5,2.9,1.9,14.6,1.5,2.9,6.6,0.2,6.3,5.7,5.1,3.9,0.5,0.7,3.4,1.8,0.6
2017-05-30 14:26:00+02:00,0.2,1.8,0.2,3.2,16.8,9.5,9.0,0.3,0.2,5.4,4.4,10.3,0.2,3.3,1.6,3.0,0.7,2.6,10.6,16.1,8.3,1.0,9.6,1.0,18.1,5.8,4.6,1.6,17.3,1.0,3.1,7.8,0.3,6.7,6.0,5.4,4.1,1.7,1.1,2.6,1.0,0.6
2017-05-30 14:27:00+02:00,0.3,1.4,0.3,2.9,17.4,10.0,9.0,0.4,0.2,5.3,4.7,10.9,0.1,3.6,1.8,2.9,0.6,2.8,10.6,17.0,8.4,1.1,9.7,0.7,18.6,6.2,4.4,1.4,18.0,1.1,3.3,7.9,0.3,8.0,7.2,6.5,5.3,2.7,1.8,2.8,1.1,0.7
2017-05-30 14:28:00+02:00,0.4,1.1,0.3,2.7,18.9,11.2,9.4,0.5,0.2,4.1,5.0,12.0,0.1,3.9,1.9,3.2,0.5,3.1,11.1,18.6,8.7,1.1,10.7,0.9,19.7,6.5,4.2,1.6,19.5,1.3,3.5,8.1,0.3,7.3,6.6,5.8,4.6,1.9,1.3,2.9,1.2,0.7
2017-05-30 14:29:00+02:00,0.4,0.9,0.3,2.5,18.6,10.4,9.5,0.4,0.3,4.1,5.3,11.3,0.1,4.0,2.0,3.4,0.7,3.1,11.3,18.2,8.6,1.2,10.5,1.0,19.6,6.9,4.0,1.8,19.2,1.3,3.7,8.0,0.3,7.2,6.4,5.7,4.5,2.1,1.9,3.0,1.2,0.6
2017-05-30 14:30:00+02:00,0.5,1.9,0.4,3.6,20.9,12.3,11.2,0.6,0.3,3.9,5.6,13.2,0.2,4.4,2.1,3.1,0.5,3.4,13.0,20.5,10.3,1.3,12.2,1.1,22.0,7.2,5.2,1.5,21.5,1.5,3.8,9.6,1.1,8.1,7.2,6.4,5.1,2.3,1.8,3.2,1.4,0.7
2017-05-30 14:31:00+02:00,0.6,2.0,0.7,3.8,22.9,14.0,12.4,1.1,0.4,5.9,5.7,15.0,0.5,5.0,2.5,3.1,0.2,4.0,14.3,22.4,11.4,1.6,13.8,1.2,24.1,7.4,5.6,1.3,23.5,2.1,4.3,10.5,1.2,7.9,7.2,6.4,5.0,2.1,1.8,3.4,1.5,0.7
2017-05-30 14:32:00+02:00,0.6,2.8,0.9,4.6,26.1,17.3,14.5,1.6,0.5,7.4,5.5,18.3,0.9,5.6,2.8,4.0,0.2,4.6,16.4,25.6,12.9,1.9,16.9,1.3,27.1,7.4,6.4,2.1,26.7,2.6,4.7,12.0,1.4,7.9,7.7,6.8,5.3,2.2,1.8,3.6,1.6,0.8
2017-05-30 14:33:00+02:00,0.7,2.8,0.9,4.7,26.3,17.0,14.0,1.5,0.6,7.1,5.9,18.1,0.9,5.6,2.8,4.1,0.2,4.7,16.0,25.8,12.3,1.9,16.9,1.3,27.5,7.8,6.5,2.2,27.0,2.6,4.8,12.2,1.3,7.3,8.2,7.3,5.7,2.5,1.7,3.7,1.7,0.8
2017-05-30 14:34:00+02:00,0.7,2.8,0.9,4.7,26.6,17.0,13.6,0.6,0.6,7.0,6.1,18.0,0.3,4.7,2.8,4.1,0.9,3.7,15.6,26.0,12.1,1.9,16.5,1.4,27.9,8.0,6.6,2.2,27.3,1.6,4.8,11.2,1.2,10.2,9.4,8.5,6.9,3.3,1.9,3.7,1.7,0.9
2017-05-30 14:35:00+02:00,0.7,2.7,0.9,4.8,27.0,17.1,13.5,0.6,0.7,7.8,6.4,18.1,0.2,4.8,2.8,4.2,0.8,3.8,15.5,26.4,11.8,1.9,16.4,1.4,28.4,8.3,6.6,2.3,27.7,1.7,4.8,11.4,1.2,10.0,9.2,8.4,6.7,3.0,1.7,3.8,1.7,1.0
2017-05-30 14:36:00+02:00,1.1,2.8,0.9,4.8,27.8,17.7,14.2,0.8,0.6,8.2,6.5,18.8,0.2,5.0,2.9,4.6,0.7,4.0,16.2,27.2,12.6,1.9,17.2,1.8,29.1,8.4,6.7,2.7,28.5,1.9,4.9,11.7,1.2,8.8,8.1,7.2,5.6,2.3,1.8,3.8,1.7,1.0
2017-05-30 14:37:00+02:00,2.0,2.6,1.0,4.7,27.8,17.9,14.5,0.8,0.4,9.3,6.2,19.0,0.2,5.0,3.0,5.5,0.7,4.0,16.6,27.2,12.6,2.0,17.5,2.7,29.8,8.2,6.5,3.6,28.5,1.9,5.0,11.6,1.0,9.5,8.7,7.8,6.2,2.6,1.8,3.9,1.8,1.0
2017-05-30 14:38:00+02:00,2.0,3.0,1.0,5.1,29.3,18.8,15.4,0.9,0.7,9.5,6.7,19.9,0.2,5.2,3.0,5.6,0.6,4.2,17.5,28.7,13.4,2.0,18.4,2.7,32.9,8.8,7.2,3.7,30.1,2.0,5.1,12.4,1.4,9.5,8.8,7.9,6.2,2.6,1.8,4.0,1.8,1.0
2017-05-30 14:39:00+02:00,0.8,3.2,1.0,5.4,30.5,20.1,16.6,1.7,0.7,7.9,6.5,21.2,1.0,6.1,3.1,4.4,0.1,5.0,18.8,29.8,14.5,2.1,19.7,1.4,35.0,8.6,7.5,2.4,31.3,2.8,5.2,13.6,1.5,9.6,8.8,7.9,6.2,2.5,1.8,4.2,2.0,1.0
2017-05-30 14:40:00+02:00,0.8,3.4,1.1,5.6,32.2,21.1,17.4,2.7,0.9,8.8,7.0,22.3,1.9,7.2,3.2,4.5,1.1,6.1,19.7,31.4,15.4,2.1,20.7,1.5,36.9,9.2,7.8,2.5,33.0,3.8,5.4,15.0,1.6,10.0,9.2,8.2,6.5,2.6,1.8,4.3,2.1,1.1
2017-05-30 14:41:00+02:00,1.1,3.6,1.1,5.9,31.6,20.3,16.5,3.0,1.0,9.3,7.2,21.5,2.0,7.6,3.3,5.0,1.1,6.5,18.8,30.8,16.8,2.2,19.8,1.9,36.5,9.4,8.1,2.9,32.5,4.1,5.5,15.7,1.8,12.0,11.1,10.1,8.2,3.1,1.5,5.1,2.8,1.1
2017-05-30 14:42:00+02:00,0.9,3.1,1.1,5.2,31.6,19.8,16.0,3.0,1.0,9.5,7.4,21.0,2.0,7.6,3.3,5.2,1.1,6.5,18.2,30.6,16.2,2.2,19.3,2.0,36.5,9.6,7.5,3.1,32.5,4.1,5.6,15.1,1.3,11.8,10.8,9.8,7.8,3.6,1.5,4.2,1.9,1.1
2017-05-30 14:43:00+02:00,1.1,3.1,1.1,5.2,32.0,20.1,16.2,3.1,1.0,9.1,7.5,21.3,2.0,7.8,3.4,5.4,1.1,6.6,18.5,31.0,16.4,2.2,19.5,2.2,37.0,9.7,7.5,3.3,32.9,4.2,5.6,15.2,1.2,12.3,11.3,10.3,8.3,3.3,1.1,5.0,2.6,1.1
2017-05-30 14:44:00+02:00,1.9,3.3,1.1,5.3,32.1,20.2,16.4,3.1,1.0,10.0,7.5,21.4,2.0,7.8,3.3,6.2,1.0,6.6,18.7,31.1,16.5,2.2,19.7,3.0,37.1,9.8,7.6,4.0,32.9,4.2,5.6,15.4,1.4,13.5,12.5,11.5,9.5,4.1,1.7,5.4,3.1,1.1
2017-05-30 14:45:00+02:00,1.5,3.8,1.1,5.9,32.9,20.8,16.9,3.1,1.0,9.2,7.6,22.1,2.0,7.9,3.4,5.7,1.1,6.7,19.3,31.9,16.9,2.2,20.3,2.5,38.0,9.8,8.3,3.5,33.8,4.3,5.6,16.1,1.9,12.4,11.5,10.5,8.5,3.0,0.6,5.5,3.1,1.1
2017-05-30 14:46:00+02:00,1.7,4.1,1.2,6.2,33.4,21.1,17.1,3.2,1.1,10.1,7.7,22.3,2.2,8.0,3.5,6.0,1.2,6.7,19.5,32.3,17.1,2.3,20.5,2.8,38.6,10.1,8.6,3.8,34.3,4.4,5.8,16.5,2.1,12.4,11.4,10.3,8.7,3.1,0.7,5.6,3.2,1.1
2017-05-30 14:47:00+02:00,1.7,4.4,1.2,6.5,32.9,21.0,17.0,2.6,1.1,9.9,7.2,22.2,1.5,7.4,3.6,6.1,0.5,6.1,19.4,31.7,16.9,2.4,20.4,2.8,38.3,9.6,8.9,3.9,33.8,3.8,6.0,16.3,2.1,13.1,12.1,11.0,9.0,3.2,0.8,5.7,3.2,1.2
2017-05-30 14:48:00+02:00,2.0,4.2,1.3,6.4,33.3,21.2,17.3,2.6,1.1,9.6,7.3,22.5,1.6,7.5,3.7,6.1,0.6,6.2,19.8,32.1,17.3,2.5,20.6,2.8,38.8,9.7,8.7,3.8,34.2,3.8,6.1,16.2,1.9,13.0,12.0,11.0,9.0,3.2,0.8,5.8,3.3,1.2
2017-05-30 14:49:00+02:00,2.0,4.4,1.3,6.6,34.7,21.7,17.9,3.3,1.1,10.0,8.2,23.0,2.2,8.2,3.8,6.0,1.2,6.9,20.3,33.5,17.8,2.5,21.1,2.5,40.3,10.6,9.0,3.6,35.6,4.5,6.2,17.2,2.1,11.9,10.9,9.9,7.8,3.1,0.7,4.8,2.2,1.2
2017-05-30 14:50:00+02:00,1.8,4.3,1.3,6.7,34.4,22.5,18.6,3.4,1.1,9.8,7.2,23.7,2.2,8.3,3.8,5.9,1.2,7.0,21.1,33.2,18.6,2.6,21.9,2.3,40.0,9.5,9.1,3.4,35.3,4.6,6.3,17.3,2.0,12.3,11.2,10.2,8.1,3.0,0.7,5.2,2.6,1.2
2017-05-30 14:51:00+02:00,2.2,4.0,1.3,6.4,36.1,23.2,19.2,3.4,1.1,10.4,8.2,24.4,2.3,8.4,3.9,6.4,1.2,7.2,21.7,34.9,18.6,2.6,22.6,2.7,41.2,10.5,8.8,3.8,37.1,4.7,6.4,17.2,1.6,13.2,12.1,11.0,8.9,3.0,0.7,5.9,3.4,1.2
2017-05-30 14:52:00+02:00,1.9,4.3,1.3,6.8,38.3,25.1,21.2,3.5,1.1,10.7,8.3,26.4,2.3,8.5,3.9,6.1,1.2,7.3,23.7,37.1,19.1,2.6,24.5,2.5,43.4,10.7,9.3,3.6,39.3,4.8,6.5,17.8,1.9,12.9,11.7,10.6,8.4,2.5,1.5,6.0,3.4,1.2
2017-05-30 14:53:00+02:00,2.2,4.4,1.4,6.9,37.8,25.2,21.2,3.5,1.2,11.0,7.7,26.5,2.3,8.6,4.0,6.4,1.2,7.3,23.8,36.6,19.2,2.7,24.6,2.7,43.2,10.1,9.4,3.9,39.0,4.8,6.6,18.0,1.9,12.8,11.6,10.5,8.2,2.2,1.2,6.0,3.4,1.2
2017-05-30 14:54:00+02:00,2.1,4.5,1.4,7.0,39.1,25.4,21.4,3.5,1.2,11.3,8.8,26.7,2.2,8.6,4.0,6.7,1.2,7.3,24.0,37.9,19.4,2.7,24.9,2.9,44.6,11.2,9.5,4.1,40.3,4.8,6.6,18.1,2.0,13.3,12.1,11.0,8.7,2.6,1.6,6.1,3.5,1.2
2017-05-30 14:55:00+02:00,2.1,4.4,1.4,6.9,36.9,23.9,20.8,3.0,1.1,11.3,8.0,25.2,1.9,8.1,4.0,6.8,1.1,6.8,23.4,35.6,18.7,2.7,24.3,3.2,42.4,10.4,9.5,4.3,38.1,4.3,6.7,17.6,1.8,14.0,12.9,11.7,9.4,3.2,1.6,6.2,3.5,1.2
2017-05-30 14:56:00+02:00,2.0,3.7,1.4,6.3,37.3,23.6,20.3,2.7,0.5,11.1,8.7,24.9,1.7,7.9,4.2,6.9,1.2,6.6,22.9,36.0,18.1,2.8,23.9,3.2,43.0,11.1,8.9,4.3,38.6,4.0,6.8,16.8,1.1,14.4,13.1,12.0,9.6,3.2,0.7,6.4,3.7,1.2
2017-05-30 14:57:00+02:00,2.0,3.4,1.5,6.1,38.9,24.3,20.5,2.8,0.2,11.6,9.3,25.7,1.8,8.2,4.3,7.2,1.3,6.8,23.3,37.5,18.3,2.9,24.2,3.4,44.8,11.8,8.7,4.6,40.2,4.2,7.0,16.9,0.8,15.2,13.9,12.8,10.4,3.8,1.2,6.6,3.9,1.3
2017-05-30 14:58:00+02:00,2.2,3.5,1.5,6.2,39.1,25.5,21.0,3.3,0.1,12.1,8.3,26.9,2.3,8.7,4.3,7.5,1.3,7.2,23.8,37.7,18.8,2.9,24.8,3.6,45.0,10.8,8.9,4.8,40.4,4.6,7.1,17.6,0.8,16.3,15.0,13.8,11.4,4.7,2.1,6.7,3.9,1.3
2017-05-30 14:59:00+02:00,2.2,4.1,1.4,6.8,40.4,25.8,21.4,3.2,0.6,12.5,9.2,27.2,2.2,8.5,4.1,7.4,1.3,7.2,24.2,39.0,19.2,2.9,25.2,3.6,46.1,11.7,9.4,4.7,41.7,4.6,6.8,18.0,1.4,16.3,15.0,13.8,11.4,4.8,2.2,6.7,3.9,1.3
2017-05-30 15:00:00+02:00,1.9,4.3,1.4,6.9,39.2,25.2,20.9,3.2,1.0,11.6,8.8,26.6,2.3,8.4,3.8,7.0,1.2,7.1,23.6,37.8,18.8,2.8,24.6,3.2,44.8,11.2,9.5,4.4,40.4,4.5,6.5,17.9,1.7,15.7,14.5,13.3,11.0,4.4,1.9,6.5,3.8,1.3
2017-05-30 15:01:00+02:00,2.2,4.3,1.4,6.8,38.6,25.1,20.9,3.2,1.0,12.3,8.5,26.4,2.2,8.4,3.7,7.3,1.2,7.1,23.6,37.3,18.8,2.7,24.5,3.6,44.1,10.9,9.4,4.8,39.9,4.5,6.3,17.7,1.7,15.3,14.1,12.8,10.6,4.2,1.8,6.3,3.7,1.2
2017-05-30 15:02:00+02:00,1.9,3.8,1.4,6.3,38.3,24.4,20.3,3.1,1.0,12.2,8.9,25.8,2.1,8.2,3.8,7.0,1.2,7.0,22.9,37.0,18.1,2.7,23.8,3.3,43.6,11.2,8.8,4.5,39.4,4.4,6.4,17.1,1.3,15.1,13.9,12.7,10.4,4.2,1.8,6.2,3.6,1.2
2017-05-30 15:03:00+02:00,1.9,3.8,1.3,6.4,38.4,24.5,20.3,3.1,1.0,12.0,8.9,25.8,2.1,8.2,3.8,6.9,1.2,7.0,22.9,37.1,18.1,2.7,23.9,3.2,43.5,11.3,8.9,4.4,39.3,4.3,6.5,17.1,1.4,14.7,13.5,12.4,10.1,3.9,1.5,6.2,3.6,1.2
2017-05-30 15:04:00+02:00,1.9,3.8,1.3,6.3,38.4,24.3,20.6,3.3,1.0,12.2,9.0,25.6,2.3,8.4,3.9,7.1,1.3,7.2,23.2,37.0,18.4,2.7,24.3,3.3,43.5,11.4,8.9,4.5,39.3,4.5,6.6,17.3,1.3,14.3,13.1,12.0,9.7,3.4,1.1,6.3,3.6,1.2
2017-05-30 15:05:00+02:00,2.0,3.1,1.3,5.5,37.6,23.4,19.7,3.5,0.2,12.5,9.1,24.7,2.4,8.3,4.0,7.3,1.3,7.0,22.3,36.2,17.5,2.7,23.6,3.4,42.8,11.5,8.1,4.6,38.5,4.8,6.6,16.4,0.6,14.5,13.4,12.2,9.9,3.6,1.0,6.3,3.7,1.3
2017-05-30 15:06:00+02:00,2.2,3.7,1.3,5.1,38.1,24.0,19.5,3.5,0.0,12.8,9.1,25.3,2.3,8.3,3.9,7.6,1.3,7.0,22.2,36.8,17.2,2.7,23.4,3.5,43.3,11.5,7.8,4.8,38.9,4.8,6.6,16.0,1.2,14.3,13.1,11.9,9.6,3.3,1.1,6.3,3.7,1.3
2017-05-30 15:07:00+02:00,2.2,4.5,1.4,6.0,40.3,25.9,21.0,3.6,0.8,12.9,9.3,27.3,2.4,8.5,4.0,7.7,1.3,7.2,23.7,39.1,18.3,2.7,24.9,3.6,45.7,11.8,8.7,4.9,41.2,4.9,6.8,17.2,1.9,14.4,13.3,12.1,9.7,3.3,1.2,6.4,3.8,1.3
2017-05-30 15:08:00+02:00,2.1,4.4,1.4,6.3,42.3,27.4,22.2,3.8,1.1,13.2,9.6,28.7,2.5,9.1,4.1,7.7,1.3,7.8,25.0,41.0,19.5,2.8,26.3,3.6,48.0,12.3,9.2,4.9,43.2,5.1,7.0,18.3,1.7,14.2,13.2,11.9,9.5,2.9,0.7,6.6,3.9,1.3
2017-05-30 15:09:00+02:00,2.4,4.5,1.5,7.1,46.3,30.1,24.4,4.1,1.2,13.7,10.4,31.5,2.7,10.1,4.5,8.4,1.5,8.6,27.4,44.9,21.5,3.0,28.9,3.9,52.4,13.3,10.1,5.4,47.3,5.6,7.5,20.2,1.6,14.7,13.5,12.1,9.5,2.3,0.3,7.2,4.3,1.4
2017-05-30 15:10:00+02:00,3.1,5.1,1.7,8.2,51.4,33.5,27.2,4.5,1.4,15.3,11.5,35.1,3.0,11.0,5.0,9.8,1.7,9.4,30.5,49.8,24.0,3.4,32.1,4.8,58.3,14.7,11.5,6.5,52.5,6.1,8.3,22.6,2.0,16.9,15.5,14.0,11.1,3.2,0.1,7.9,4.7,1.6
2017-05-30 15:11:00+02:00,3.4,6.6,1.8,9.8,56.2,36.9,30.2,4.8,1.6,17.0,12.4,38.6,3.3,11.8,5.4,10.4,1.8,10.1,33.7,54.5,26.7,3.6,35.4,5.1,63.6,15.9,13.4,6.8,57.5,6.5,9.0,25.1,3.2,18.1,16.4,14.7,11.6,3.1,2.0,8.5,5.1,1.7
2017-05-30 15:12:00+02:00,3.5,6.9,1.9,10.3,58.7,38.6,31.6,5.1,1.7,16.3,13.0,40.4,3.5,12.3,5.6,9.2,1.9,10.5,35.2,57.0,28.0,3.8,37.0,4.2,66.6,16.6,14.0,5.4,60.1,6.8,9.3,26.3,3.4,18.9,17.1,15.3,12.1,3.1,2.3,9.0,5.4,1.7
2017-05-30 15:13:00+02:00,3.5,6.7,1.9,10.2,59.2,38.8,31.6,4.9,1.7,17.5,13.1,40.6,3.3,12.3,5.6,10.2,1.9,10.5,35.4,57.4,28.0,3.8,37.2,5.1,67.2,16.8,14.0,6.4,60.5,6.8,9.4,26.3,3.1,19.2,17.4,15.6,12.3,3.2,2.3,9.1,5.5,1.8
2017-05-30 15:14:00+02:00,3.6,6.1,1.9,9.6,59.1,38.6,31.4,5.2,1.7,17.8,13.2,40.5,3.4,12.7,5.6,10.4,1.9,10.8,35.2,57.3,27.8,3.8,37.0,5.2,67.1,16.9,13.4,6.6,60.4,7.0,9.4,26.1,2.5,19.9,18.3,16.5,13.2,4.0,2.4,9.1,5.5,1.7
2017-05-30 15:15:00+02:00,3.7,6.2,1.9,10.0,60.1,39.4,32.2,5.4,1.8,18.5,13.3,41.3,3.5,13.0,5.7,11.0,1.9,11.1,36.0,58.3,28.5,3.8,37.8,5.3,68.2,17.0,13.8,7.1,61.4,7.3,9.5,26.9,2.6,21.2,19.5,17.7,14.3,5.1,2.4,9.3,5.5,1.7
2017-05-30 15:16:00+02:00,3.3,6.2,2.0,10.0,61.0,40.0,32.6,5.5,1.8,17.9,13.5,41.9,3.6,13.3,5.8,10.8,2.0,11.3,36.5,59.2,28.9,3.9,38.3,5.0,69.4,17.3,13.9,6.8,62.4,7.5,9.7,27.2,2.5,22.3,20.6,18.8,15.3,5.9,2.5,9.4,5.6,1.8
2017-05-30 15:17:00+02:00,2.7,7.4,2.0,11.3,62.7,41.6,34.1,5.6,1.8,17.9,13.5,43.6,3.7,13.4,5.7,10.2,2.0,11.5,38.1,60.9,30.4,4.1,39.9,4.4,72.0,17.3,15.3,6.3,64.2,7.6,9.7,28.7,3.6,22.4,20.9,19.1,15.6,6.0,2.7,9.6,5.7,1.8
2017-05-30 15:18:00+02:00,2.8,7.3,2.0,11.2,62.9,41.6,34.1,5.7,1.8,18.0,13.5,43.6,3.7,13.5,5.7,10.3,2.0,11.5,38.1,60.9,30.4,4.0,39.9,4.5,72.1,17.4,15.2,6.4,64.3,7.6,9.7,28.6,3.5,21.6,20.9,19.1,15.5,5.8,2.8,9.7,5.8,1.9
2017-05-30 15:19:00+02:00,3.0,6.6,2.2,10.7,65.8,43.2,35.2,6.1,1.9,19.3,14.4,45.2,4.0,14.4,6.2,11.2,2.2,12.3,39.4,63.7,31.2,4.3,41.3,4.9,75.7,18.5,14.9,6.9,67.4,8.2,10.3,29.3,2.6,24.0,22.1,20.0,16.2,6.1,3.0,10.0,6.0,1.9
2017-05-30 15:20:00+02:00,3.0,6.4,2.1,10.4,64.2,41.9,34.3,5.9,1.9,19.0,14.2,44.0,3.9,13.9,6.3,11.0,2.1,11.9,38.3,62.1,30.3,4.2,40.2,4.8,73.7,18.1,14.5,6.8,65.7,7.9,10.2,28.4,2.5,22.5,20.4,18.4,14.7,4.9,2.9,9.8,5.9,1.8
2017-05-30 15:21:00+02:00,2.9,5.8,2.0,9.7,60.5,39.3,32.0,5.3,1.8,18.0,13.5,41.3,3.4,13.0,6.0,10.4,1.8,11.1,35.9,58.5,28.3,4.0,37.6,4.6,69.5,17.3,13.6,6.4,61.9,7.2,9.7,26.5,2.1,21.5,19.6,17.7,14.1,4.7,2.9,9.4,5.7,1.8
2017-05-30 15:22:00+02:00,2.7,4.9,1.9,8.5,55.7,36.0,29.1,4.8,1.6,16.7,12.5,37.8,3.0,11.9,5.5,9.6,1.5,10.2,32.6,53.9,25.6,3.7,34.3,4.2,63.2,16.0,12.1,5.9,57.0,6.6,9.0,24.1,1.5,20.4,18.7,16.9,13.7,4.9,3.4,8.8,5.2,1.7
2017-05-30 15:23:00+02:00,2.6,4.4,1.8,7.9,54.3,35.0,28.1,4.7,1.6,16.4,12.3,36.7,3.0,11.7,5.4,9.5,1.5,10.0,31.6,52.5,24.7,3.6,33.3,4.2,62.1,15.7,11.4,5.8,56.0,6.5,8.8,23.2,1.0,20.0,18.3,16.6,13.4,4.8,3.4,8.6,5.2,1.6
2017-05-30 15:24:00+02:00,2.9,4.4,1.8,7.9,53.2,33.9,27.1,3.9,1.6,16.5,12.3,35.7,2.1,10.8,5.4,9.7,0.7,9.1,30.6,51.5,23.8,3.7,32.3,4.4,61.3,15.8,11.4,6.1,54.9,5.6,8.9,22.2,1.0,19.1,17.4,15.7,12.5,3.9,2.5,8.5,5.1,1.6
2017-05-30 15:25:00+02:00,2.5,4.4,1.8,7.9,53.2,34.0,27.2,4.1,1.6,16.1,12.3,35.7,2.6,11.0,5.4,9.3,1.2,9.3,30.7,51.5,23.9,3.7,32.3,4.0,61.1,15.7,11.4,5.7,54.8,5.9,8.9,22.4,1.0,18.7,17.0,15.3,12.2,3.7,2.3,8.5,5.1,1.6
2017-05-30 15:26:00+02:00,2.4,4.3,1.8,7.8,51.7,32.8,26.2,3.6,1.7,15.7,12.1,34.6,2.2,10.3,5.3,9.1,0.8,8.6,29.6,50.0,23.0,3.6,31.2,3.8,59.3,15.4,11.2,5.6,53.3,5.3,8.8,21.5,1.0,20.4,18.7,16.9,13.9,5.6,2.3,8.3,4.9,1.6
2017-05-30 15:27:00+02:00,3.0,4.5,1.7,7.9,51.6,33.0,26.5,4.0,1.6,16.2,11.9,34.8,2.7,10.6,5.2,9.7,1.2,9.0,29.9,49.9,23.4,3.5,31.5,4.5,58.9,15.2,11.3,6.2,53.2,5.7,8.6,21.9,1.3,20.3,18.7,17.0,13.7,5.6,2.3,8.1,4.8,1.6
2017-05-30 15:28:00+02:00,2.6,4.5,1.7,7.0,50.1,31.8,25.4,4.0,1.6,15.5,11.7,33.5,2.7,10.5,5.1,9.1,1.3,8.9,28.7,48.4,22.3,3.5,30.3,4.0,57.6,14.9,10.4,5.6,51.6,5.6,8.5,20.9,1.3,20.2,18.6,16.9,13.5,5.5,2.2,8.0,4.8,1.5
2017-05-30 15:29:00+02:00,1.9,4.5,1.7,7.0,49.7,31.4,25.0,3.8,1.6,14.9,11.7,33.1,2.5,10.1,5.1,8.4,1.2,8.7,28.3,48.0,21.8,3.5,29.8,3.3,57.3,14.9,10.3,5.0,51.3,5.5,8.5,20.4,1.3,19.9,18.3,16.6,13.2,5.4,2.1,7.8,4.6,1.3
2017-05-30 15:30:00+02:00,3.1,4.7,1.7,7.1,50.4,31.8,25.2,3.8,1.6,16.4,11.9,33.5,2.4,10.0,5.2,9.8,1.2,8.8,28.6,48.7,22.1,3.5,30.2,4.6,58.1,15.2,10.6,6.3,52.0,5.5,8.7,20.6,1.4,20.0,18.3,16.6,13.2,5.0,2.2,8.2,4.8,1.5
2017-05-30 15:31:00+02:00,3.2,4.9,1.8,7.5,52.1,33.3,26.6,4.2,1.7,17.1,11.8,35.1,2.7,10.7,5.3,10.2,1.4,9.4,30.1,50.3,23.3,3.6,31.7,4.8,59.8,15.2,11.1,6.6,53.5,5.9,8.9,21.7,1.5,20.3,18.6,16.8,13.2,4.7,2.4,8.5,5.0,1.5
2017-05-30 15:32:00+02:00,3.3,5.0,1.8,7.7,53.0,33.9,27.4,4.2,1.7,17.6,12.0,35.7,2.8,11.1,5.3,10.5,1.4,9.6,31.0,51.2,24.0,3.7,32.3,5.0,61.0,15.5,11.3,6.8,54.6,6.0,9.0,22.5,1.6,20.7,19.0,17.2,13.5,4.9,2.4,8.6,5.1,1.6
2017-05-30 15:33:00+02:00,3.5,5.7,1.9,8.4,54.2,34.9,29.2,4.6,1.8,18.1,11.9,36.8,3.1,11.9,5.4,10.8,1.6,10.1,32.9,52.3,25.7,3.7,33.2,5.2,62.4,15.5,12.2,7.0,55.9,6.4,9.2,24.1,2.1,22.4,20.6,18.8,15.0,6.0,2.5,9.0,5.3,1.6
2017-05-30 15:34:00+02:00,3.7,6.0,2.0,9.2,58.1,37.5,31.4,5.0,1.9,18.9,12.8,39.5,3.4,12.7,5.9,11.2,1.7,10.8,35.3,56.1,27.7,4.0,35.7,5.5,65.5,16.6,13.2,7.2,59.4,6.9,9.8,25.9,2.2,24.0,22.0,20.0,16.0,6.5,2.7,9.6,5.7,1.8
2017-05-30 15:35:00+02:00,4.2,6.0,2.3,10.3,65.5,42.7,35.6,5.9,2.2,21.6,13.9,45.0,4.1,14.5,6.9,12.9,2.1,12.4,40.0,63.2,31.4,4.6,40.6,6.3,74.6,18.2,14.7,8.4,66.7,8.0,11.3,29.2,1.7,27.1,24.8,22.4,17.9,7.1,3.2,10.8,6.5,2.0
2017-05-30 15:36:00+02:00,3.0,4.9,2.0,8.7,56.8,36.5,30.5,4.9,2.0,18.3,12.4,38.5,3.4,12.7,5.9,10.6,1.7,10.8,34.4,54.8,27.1,4.0,34.7,4.7,64.3,16.3,12.6,6.6,57.3,6.9,9.9,25.3,1.1,23.6,21.7,19.7,15.7,6.1,2.7,9.6,5.7,1.7
2017-05-30 15:37:00+02:00,2.6,4.9,1.9,8.5,53.6,34.7,28.9,4.8,1.9,17.4,11.4,36.6,3.3,12.3,5.7,9.9,1.7,10.5,32.7,51.7,26.3,3.8,33.0,4.3,61.0,15.1,12.2,6.0,54.4,6.7,9.5,24.6,1.2,22.9,21.0,19.1,15.2,5.9,2.6,9.3,5.5,1.7
2017-05-30 15:38:00+02:00,3.5,5.3,1.9,8.9,53.1,34.6,28.9,4.7,1.8,17.9,11.0,36.5,3.2,12.1,5.5,10.5,1.7,10.2,32.7,51.2,26.3,3.7,32.9,5.1,61.1,14.7,12.5,6.7,54.7,6.5,9.2,24.6,1.7,23.4,21.5,19.7,15.8,6.7,3.4,9.1,5.4,1.7
2017-05-30 15:39:00+02:00,3.4,5.7,1.9,9.3,53.7,35.3,29.7,4.7,1.8,17.5,10.9,37.2,3.2,12.0,5.4,10.1,1.7,10.2,33.4,51.8,26.6,3.6,33.7,4.5,61.8,14.6,13.0,6.2,55.3,6.5,9.2,25.0,2.2,23.3,21.4,19.6,15.8,6.7,3.4,9.1,5.4,1.6
2017-05-30 15:40:00+02:00,3.5,5.9,1.9,9.6,56.2,36.5,30.6,4.9,1.8,16.3,12.0,38.5,3.2,12.4,5.8,8.7,1.6,10.5,34.5,54.2,27.5,3.9,34.8,3.2,64.8,15.8,13.4,4.9,57.9,6.7,9.6,25.7,2.2,24.3,22.3,20.4,16.5,6.9,3.6,9.5,5.7,1.8
2017-05-30 15:41:00+02:00,3.5,6.0,2.0,9.7,55.8,36.4,30.5,4.6,1.8,16.7,11.6,38.4,2.8,12.1,5.8,9.1,1.2,10.2,34.4,53.8,27.3,3.9,34.7,3.4,64.8,15.4,13.4,5.2,57.6,6.5,9.7,25.6,2.2,23.1,21.1,19.1,15.2,5.7,2.4,9.4,5.6,1.8
2017-05-30 15:42:00+02:00,3.7,6.3,2.1,10.2,58.2,37.9,31.6,4.3,1.9,20.0,12.2,40.0,2.5,12.2,6.1,12.0,0.7,10.3,35.7,56.1,28.3,4.1,36.0,5.8,67.7,16.2,14.1,7.9,60.2,6.3,10.2,26.4,2.4,23.6,21.5,19.4,15.3,5.4,1.9,9.8,5.8,1.9
2017-05-30 15:43:00+02:00,4.5,7.8,2.5,12.4,69.9,45.0,37.0,4.0,2.3,24.1,15.2,47.6,1.9,13.4,7.6,14.6,1.3,11.1,41.8,67.4,32.9,5.0,42.6,7.1,81.5,19.9,17.1,9.7,72.4,6.4,12.3,30.4,3.2,28.8,26.1,23.4,18.6,6.9,2.6,11.7,6.9,2.3
2017-05-30 15:44:00+02:00,3.9,6.6,2.2,10.7,60.0,38.1,31.2,2.9,2.0,20.8,13.5,40.2,1.0,11.1,6.4,12.6,0.8,9.1,35.4,57.9,27.9,4.2,36.0,6.1,70.0,17.6,14.8,8.2,62.0,5.0,10.5,25.9,2.6,24.6,22.4,20.2,15.9,5.7,2.0,10.2,6.0,1.9
2017-05-30 15:45:00+02:00,3.4,5.6,1.9,9.2,54.2,33.9,28.1,3.6,1.8,18.3,12.9,35.8,1.9,10.9,5.4,11.0,0.5,9.2,31.9,52.3,25.5,3.6,32.1,5.3,63.0,16.5,12.9,7.1,55.9,5.5,9.2,23.9,2.0,21.5,19.6,17.7,13.9,4.9,1.6,9.1,5.3,1.7
2017-05-30 15:46:00+02:00,3.2,5.1,1.8,8.6,50.1,31.5,26.2,3.3,1.7,17.0,11.6,33.3,1.7,10.2,5.0,10.3,0.4,8.5,29.8,48.4,23.8,3.4,29.9,5.0,58.2,15.1,12.1,6.6,51.6,5.0,8.6,22.3,1.7,20.0,18.2,16.5,12.9,4.4,1.4,8.5,5.0,1.6
2017-05-30 15:47:00+02:00,3.1,4.9,1.7,8.1,47.7,30.1,25.0,3.1,1.6,16.4,10.9,31.8,1.5,9.7,4.8,9.9,0.4,8.1,28.5,46.0,22.6,3.2,28.6,4.8,55.5,14.2,11.5,6.3,49.2,4.8,8.3,21.1,1.6,19.0,17.4,15.7,12.3,4.1,1.2,8.2,4.8,1.5
2017-05-30 15:48:00+02:00,3.0,3.9,1.7,7.0,46.0,28.9,23.8,3.0,1.6,15.9,10.7,30.6,1.5,9.4,4.7,9.5,0.4,7.8,27.1,44.4,21.1,3.2,27.4,4.6,53.6,13.8,10.3,6.1,47.6,4.6,8.1,19.6,0.7,18.5,16.9,15.3,11.9,3.9,1.1,7.9,4.7,1.5
2017-05-30 15:49:00+02:00,2.9,3.4,1.7,5.8,44.1,27.4,22.4,2.9,1.5,15.7,10.4,29.0,1.4,9.2,4.6,9.4,0.3,7.7,25.7,42.5,19.7,3.1,25.9,4.5,51.5,13.5,9.1,6.0,45.6,4.4,7.9,18.3,0.2,18.3,16.6,15.1,11.7,3.9,1.2,7.8,4.7,1.5
2017-05-30 15:50:00+02:00,2.9,4.3,1.7,7.5,45.7,29.2,24.1,2.9,1.6,15.7,10.2,30.8,1.4,9.3,4.7,9.4,0.3,7.7,27.4,44.1,21.5,3.2,27.6,4.5,53.1,13.4,10.8,6.0,47.2,4.5,8.0,20.1,1.1,17.9,16.2,14.6,11.3,3.4,1.2,7.9,4.7,1.5
2017-05-30 15:51:00+02:00,2.9,4.4,1.6,7.5,45.3,29.2,23.7,3.1,1.6,15.5,9.9,30.8,1.6,9.4,4.7,9.2,0.5,7.9,26.9,43.7,21.4,3.1,27.7,4.4,52.6,12.9,10.6,5.9,46.8,4.7,7.9,20.0,1.2,17.5,15.9,14.3,11.0,3.3,1.1,7.8,4.6,1.5
2017-05-30 15:52:00+02:00,2.8,4.3,1.6,7.4,44.1,28.0,22.7,3.7,1.6,15.2,9.9,29.6,2.3,9.9,4.6,9.0,1.2,8.4,25.9,42.6,20.5,3.1,27.0,4.3,51.6,13.0,9.3,5.8,45.6,5.3,7.8,19.1,1.2,17.1,15.5,14.0,10.7,3.1,1.0,7.6,4.5,1.4
2017-05-30 15:53:00+02:00,3.0,4.6,1.7,7.9,46.9,29.5,23.9,4.0,1.6,16.2,10.9,31.2,2.5,10.4,4.9,9.6,1.3,8.9,27.2,45.3,20.9,3.3,28.4,4.6,55.0,14.1,9.0,6.2,48.5,5.7,8.2,19.5,1.3,18.3,16.6,15.0,11.6,3.5,1.2,8.1,4.8,1.5
2017-05-30 15:54:00+02:00,3.6,5.8,2.1,9.7,59.2,38.4,31.3,4.9,1.9,19.7,13.4,40.4,3.0,12.5,6.1,11.8,1.4,10.7,35.3,57.7,27.5,4.1,36.9,5.6,69.0,17.3,13.1,7.7,61.3,6.9,10.1,25.6,1.9,22.9,20.7,18.6,14.5,4.8,1.9,9.8,5.8,1.8
2017-05-30 15:55:00+02:00,4.7,8.9,2.7,13.8,77.3,50.6,41.2,6.1,2.4,25.6,17.5,53.2,4.0,15.7,8.2,15.6,1.7,13.5,46.2,75.6,36.4,5.4,48.4,7.5,89.8,22.4,18.0,10.5,80.0,8.6,13.2,33.7,4.0,30.1,27.1,24.3,19.2,6.8,2.9,12.3,7.4,2.4
2017-05-30 15:56:00+02:00,4.7,8.3,2.5,13.0,73.4,47.5,39.1,5.6,2.3,24.6,16.7,50.0,3.7,14.8,7.7,15.0,1.5,12.7,43.9,71.3,34.5,5.1,45.5,7.3,85.4,21.3,17.2,10.0,76.0,7.9,12.5,32.0,3.6,29.7,26.9,24.3,19.4,7.5,3.8,11.8,7.0,2.3
2017-05-30 15:57:00+02:00,4.1,6.3,2.2,10.4,62.9,39.8,33.1,4.7,2.0,21.4,14.6,41.9,2.9,12.9,6.5,12.9,1.1,11.0,37.4,60.7,29.0,4.4,38.1,6.2,73.4,18.8,14.0,8.5,65.1,6.8,10.9,27.0,2.1,26.5,24.2,22.0,17.6,7.1,3.8,10.5,6.2,2.0
2017-05-30 15:58:00+02:00,4.0,6.2,2.1,10.2,61.4,39.0,32.5,4.7,2.0,20.8,14.2,41.0,3.0,12.8,6.3,12.5,1.0,10.9,36.7,59.3,28.5,4.2,37.4,5.9,71.7,18.2,13.8,8.1,63.5,6.8,10.5,26.6,2.0,25.7,23.5,21.4,17.1,6.9,3.8,10.2,6.0,1.9
2017-05-30 15:59:00+02:00,3.4,7.6,2.3,12.0,68.1,43.9,36.8,5.2,2.2,20.9,15.4,46.1,3.3,14.0,6.8,12.2,1.2,11.8,41.2,65.8,32.4,4.6,42.1,5.5,79.2,19.7,16.3,7.5,70.4,7.4,11.4,30.3,3.1,27.7,25.3,23.0,18.4,7.5,4.1,10.9,6.3,2.0
2017-05-30 16:00:00+02:00,4.3,8.5,2.4,13.2,71.9,46.2,39.3,5.4,2.3,21.6,16.3,48.6,3.6,14.6,7.3,12.9,1.4,12.3,44.0,69.4,34.7,4.9,44.3,6.5,83.5,20.8,17.8,8.1,74.3,7.7,12.1,32.4,3.9,29.1,26.5,24.0,19.2,7.9,4.2,11.4,6.6,2.1
2017-05-30 16:01:00+02:00,4.3,7.0,2.3,11.4,66.1,42.0,35.7,5.1,2.2,20.3,15.2,44.3,3.2,13.8,6.7,12.3,1.2,11.6,40.1,63.9,31.5,4.5,40.3,6.3,77.0,19.6,15.6,7.6,68.3,7.2,11.1,29.4,2.6,26.7,24.3,22.1,17.6,6.9,3.5,10.6,6.2,1.9
2017-05-30 16:02:00+02:00,4.5,7.1,2.4,11.6,70.1,44.6,37.8,5.8,2.2,22.5,16.1,47.0,3.9,14.9,7.0,13.9,1.7,12.7,42.4,67.7,33.3,4.7,42.8,6.7,81.7,20.7,16.1,9.1,72.4,8.1,11.7,31.1,2.4,27.5,24.9,22.5,17.8,6.6,3.0,11.2,6.5,2.0
2017-05-30 16:03:00+02:00,5.1,9.4,2.7,14.4,80.7,52.6,44.5,7.4,2.5,25.7,17.5,55.3,5.3,17.5,7.4,16.0,2.7,15.0,49.6,78.0,39.5,4.8,50.4,7.6,93.7,22.7,19.4,10.7,83.4,9.9,12.6,36.9,4.3,31.3,28.4,25.5,20.3,7.9,3.8,12.4,7.2,2.3
2017-05-30 16:04:00+02:00,4.9,9.7,2.6,14.6,79.4,52.5,43.6,7.2,2.4,24.8,16.7,55.1,5.1,16.9,6.9,15.4,2.6,14.5,48.6,76.7,38.8,4.3,50.4,7.4,92.0,21.7,19.4,10.3,82.0,9.5,11.9,36.3,4.7,31.1,28.3,25.5,20.4,8.5,4.6,12.0,6.9,2.2
2017-05-30 16:05:00+02:00,5.0,9.4,2.6,14.5,79.6,52.2,43.1,6.7,2.4,25.2,17.0,54.8,4.8,16.3,7.1,15.8,2.2,13.9,48.2,76.9,38.3,4.5,50.0,7.5,92.4,22.1,19.4,10.6,82.3,8.8,12.1,35.6,4.4,31.6,28.6,25.7,20.6,8.3,4.6,12.3,7.2,2.3
2017-05-30 16:06:00+02:00,6.2,12.0,3.4,18.3,99.5,65.2,54.1,8.5,3.0,31.9,21.8,68.5,5.9,20.3,9.5,20.1,2.5,17.4,60.4,96.0,48.1,6.0,62.2,9.7,115.4,27.5,24.3,13.6,103.0,11.1,15.7,44.6,5.9,40.7,36.8,33.0,26.6,11.3,5.8,15.4,9.2,3.0
2017-05-30 16:07:00+02:00,6.4,12.2,3.5,18.7,102.9,66.8,55.5,8.8,3.1,32.9,22.7,70.3,6.1,21.0,10.1,20.7,2.7,18.0,62.0,99.2,49.3,6.4,63.7,10.0,119.2,29.0,24.6,14.1,106.5,11.5,16.4,45.6,5.9,41.8,37.8,33.8,27.3,11.5,5.9,15.9,9.5,3.1
2017-05-30 16:08:00+02:00,6.7,11.8,3.7,17.6,106.8,69.1,56.1,9.3,3.3,33.7,23.9,72.7,6.4,22.1,10.7,21.0,2.9,18.9,63.0,103.0,49.7,6.8,65.8,9.9,123.6,30.2,23.7,14.0,110.5,12.1,17.4,45.8,5.2,43.6,39.3,35.1,28.4,11.9,6.2,16.5,9.9,3.3
2017-05-30 16:09:00+02:00,6.6,12.0,3.7,18.2,106.2,68.7,56.3,9.2,3.2,32.2,23.7,72.3,6.4,21.8,10.7,19.7,3.3,18.7,63.0,102.4,49.9,6.8,65.8,9.5,122.6,30.1,24.2,12.8,109.8,12.0,17.3,46.0,5.6,43.0,38.7,34.6,27.9,11.8,6.0,16.2,9.7,3.2
2017-05-30 16:10:00+02:00,4.8,7.8,2.6,12.8,76.6,49.8,40.7,6.7,2.4,24.1,16.9,52.4,4.7,16.0,7.1,15.0,2.7,13.7,45.6,74.0,35.9,4.5,47.5,7.3,88.7,21.7,17.3,9.9,79.1,8.7,12.1,33.2,2.9,31.1,28.1,25.3,20.3,8.1,4.0,12.1,7.2,2.2
2017-05-30 16:11:00+02:00,5.2,8.7,2.9,14.1,84.7,54.9,45.1,7.5,2.5,26.8,19.0,57.4,5.3,17.7,8.3,16.8,3.0,15.2,50.5,81.7,39.8,5.2,52.7,8.2,98.2,24.3,19.1,11.2,87.5,9.7,13.7,36.7,3.3,34.1,30.8,27.5,22.0,8.7,4.1,13.3,7.9,2.5
2017-05-30 16:12:00+02:00,5.9,11.0,3.3,17.1,97.0,63.3,51.9,8.8,2.8,30.3,21.3,66.5,6.1,20.1,9.4,19.1,3.4,17.3,57.9,93.6,46.0,6.0,60.4,9.3,112.2,27.1,22.4,12.8,100.4,11.2,15.4,42.4,5.1,38.6,34.7,31.0,24.9,10.2,4.8,14.7,8.8,2.9
2017-05-30 16:13:00+02:00,6.3,11.9,3.5,18.4,102.7,67.2,55.0,9.8,3.0,32.3,22.3,70.7,7.1,21.9,9.7,20.4,3.7,18.9,61.4,99.1,48.7,6.5,64.0,9.9,118.8,28.4,23.1,13.8,106.3,12.4,16.1,44.9,5.6,41.0,36.9,32.9,26.5,10.9,5.1,15.6,9.3,3.1
2017-05-30 16:14:00+02:00,6.3,12.2,3.5,18.7,103.3,67.6,55.5,9.8,3.0,31.5,22.4,71.1,7.0,22.0,9.7,19.4,3.6,19.1,62.0,99.7,49.2,6.5,64.6,8.9,119.5,28.6,23.4,12.7,106.9,12.5,16.1,45.5,5.8,41.4,37.3,33.3,26.9,11.0,5.2,15.9,9.5,3.2
2017-05-30 16:15:00+02:00,6.5,12.3,3.5,19.0,104.7,68.6,56.4,9.9,3.1,32.6,22.6,72.1,7.0,22.3,9.6,20.1,3.6,19.3,63.0,101.1,50.0,6.4,65.7,9.4,121.3,29.0,23.9,13.2,108.3,12.6,16.2,46.2,5.7,42.9,38.9,34.9,28.3,12.1,6.1,16.2,9.7,3.2
2017-05-30 16:16:00+02:00,6.7,12.7,3.7,19.7,109.6,71.9,59.0,10.5,3.3,33.7,23.7,75.5,7.4,23.5,10.1,21.5,3.9,20.3,65.8,105.9,52.2,6.8,68.7,10.5,126.9,30.4,24.9,14.4,113.4,13.4,16.9,48.4,6.0,45.1,41.0,36.9,30.0,13.0,6.7,17.0,10.1,3.4
2017-05-30 16:17:00+02:00,6.1,10.9,3.3,17.2,98.2,64.1,52.5,9.4,2.9,30.6,21.5,67.2,6.6,21.2,9.2,19.2,3.4,18.2,58.7,94.9,46.4,6.0,61.4,9.3,113.4,27.7,21.8,12.8,101.5,11.9,15.4,43.0,4.8,40.4,36.7,33.1,26.9,11.4,5.7,15.5,9.2,3.1
2017-05-30 16:18:00+02:00,4.8,9.2,2.6,14.3,77.5,51.0,41.8,7.2,2.4,24.4,16.8,53.4,4.9,16.7,6.8,14.7,2.5,14.3,46.7,75.1,36.9,4.3,49.2,7.2,89.5,21.7,17.8,9.5,80.0,9.2,11.9,34.5,4.2,30.8,28.2,25.6,20.5,8.1,3.6,12.5,7.4,2.4
2017-05-30 16:19:00+02:00,4.5,8.7,2.4,13.4,71.6,47.2,38.6,6.6,2.3,22.5,15.3,49.4,4.4,15.4,6.0,13.5,2.3,13.1,43.2,69.3,34.1,3.8,45.4,6.6,82.7,19.9,16.6,8.7,73.8,8.4,10.7,32.0,4.1,28.4,26.1,23.7,19.0,7.4,3.2,11.6,6.9,2.3
2017-05-30 16:20:00+02:00,4.6,9.0,2.5,13.7,72.1,47.4,39.6,6.6,2.3,23.1,15.2,49.8,4.5,15.8,5.7,13.9,2.3,13.5,44.2,69.7,34.9,3.4,45.5,6.8,83.6,19.9,16.9,9.0,74.5,8.7,10.5,32.7,4.4,30.3,27.8,25.4,20.5,8.7,3.9,11.8,7.0,2.3
2017-05-30 16:21:00+02:00,4.3,8.4,2.3,12.8,66.9,44.4,37.4,6.3,2.2,21.6,13.5,46.6,4.2,15.1,4.7,13.0,2.2,12.9,41.8,64.6,33.0,2.5,42.9,6.3,77.7,18.0,15.9,8.4,69.1,8.4,9.2,31.0,4.1,28.7,26.3,24.1,19.5,8.4,3.9,11.1,6.6,2.2
2017-05-30 16:22:00+02:00,3.9,7.7,2.1,11.7,62.8,42.2,35.2,5.6,2.0,19.8,12.4,44.3,3.8,13.6,4.3,12.0,2.0,11.6,39.3,60.8,31.2,2.3,40.2,5.8,72.6,16.5,15.8,7.7,64.8,7.5,8.4,29.3,3.7,26.5,24.3,22.2,18.0,7.9,3.7,10.1,6.0,2.0
2017-05-30 16:23:00+02:00,3.4,6.7,1.8,10.2,54.5,36.7,30.6,4.7,1.7,16.9,10.6,38.5,3.1,11.7,3.5,10.0,1.7,10.0,34.2,52.7,27.1,1.8,34.8,5.1,62.4,14.2,13.8,6.3,55.7,6.4,7.1,25.5,3.2,22.8,20.9,19.0,15.4,6.5,2.8,8.9,5.2,1.7
2017-05-30 16:24:00+02:00,3.1,6.2,1.7,9.5,50.4,33.9,28.4,4.4,1.6,15.8,9.8,35.6,2.9,10.8,3.2,9.6,1.6,9.3,31.7,48.8,25.2,1.6,32.2,4.7,58.3,13.1,12.8,6.1,52.0,5.9,6.6,23.6,2.9,20.3,18.6,16.9,13.5,5.3,1.9,8.2,4.9,1.6
2017-05-30 16:25:00+02:00,2.8,5.7,1.6,8.8,45.9,30.9,25.9,3.9,1.5,14.4,8.8,32.5,2.7,9.7,2.7,8.7,1.4,8.3,29.0,44.3,22.9,1.3,29.3,4.2,53.1,11.9,11.8,5.5,47.4,5.3,5.8,21.5,2.7,19.1,17.4,15.9,12.7,5.2,2.1,7.6,4.5,1.5
2017-05-30 16:26:00+02:00,2.3,4.6,1.4,7.5,41.2,27.5,23.1,3.4,1.4,13.0,8.0,29.0,2.5,8.8,2.4,7.6,1.4,7.5,25.9,39.8,20.4,1.0,26.1,3.6,47.5,10.8,10.3,4.7,42.5,4.7,5.2,19.1,1.9,18.0,16.5,15.1,12.2,5.7,2.8,6.6,3.7,1.3
2017-05-30 16:27:00+02:00,2.2,4.3,1.4,7.1,38.5,25.4,21.2,2.7,1.3,12.7,7.6,26.8,1.8,7.6,2.2,7.4,1.3,6.3,23.9,37.0,18.6,0.9,24.0,3.5,43.6,10.3,9.8,4.6,39.7,3.6,4.9,17.3,1.7,17.2,15.7,14.4,11.6,5.5,2.8,6.1,3.4,1.3
2017-05-30 16:28:00+02:00,2.0,4.9,1.3,7.6,36.9,24.5,20.6,3.1,1.3,11.9,7.1,25.8,2.2,6.8,1.9,6.9,1.3,5.5,23.1,35.5,18.1,0.8,23.2,3.2,41.7,9.7,10.1,4.2,38.1,2.9,4.6,16.9,2.4,16.3,15.0,13.8,11.1,5.3,2.6,5.9,3.2,1.2
2017-05-30 16:29:00+02:00,2.0,5.0,1.4,7.6,37.8,25.1,21.0,3.2,1.3,12.1,7.3,26.5,2.2,7.0,2.1,7.0,1.3,5.7,23.6,36.4,18.5,0.9,23.7,3.2,42.7,10.0,10.3,4.3,39.0,3.1,4.7,17.3,2.4,15.9,14.5,13.2,10.5,5.3,2.7,5.2,2.7,0.6
2017-05-30 16:30:00+02:00,2.0,5.1,1.4,7.8,39.0,25.7,21.6,3.3,1.3,12.4,7.8,27.1,2.3,7.3,2.5,7.2,1.3,6.0,24.2,37.6,19.0,1.3,24.4,3.3,44.1,10.5,10.5,4.4,40.2,3.3,5.2,17.8,2.5,16.6,15.2,13.9,11.1,5.5,2.7,5.7,3.1,0.9
2017-05-30 16:31:00+02:00,2.2,5.2,1.4,8.0,40.0,26.6,22.3,3.5,1.4,11.8,7.9,28.0,2.4,7.7,2.4,7.6,1.3,6.3,25.0,38.8,19.6,1.2,25.2,3.6,45.4,10.8,10.8,4.7,41.3,3.5,5.2,18.5,2.5,17.5,16.1,14.8,11.9,5.7,2.8,6.2,3.5,1.3
2017-05-30 16:32:00+02:00,2.4,5.4,1.5,8.3,42.5,28.7,23.9,3.7,1.4,11.8,8.1,30.2,2.5,8.7,2.3,8.0,1.4,7.4,26.8,41.2,21.2,1.0,27.3,3.8,48.4,11.0,11.2,5.0,43.8,4.5,5.3,20.0,2.7,18.3,16.8,15.4,12.4,5.9,2.9,6.5,3.7,1.4
2017-05-30 16:33:00+02:00,2.6,5.9,1.6,8.9,46.7,31.3,25.6,3.9,1.5,14.5,9.5,32.8,2.7,9.4,3.4,8.6,1.5,7.9,28.6,45.3,22.7,1.9,29.8,4.1,53.1,12.5,11.9,5.5,48.1,4.9,6.5,21.4,2.9,19.7,18.1,16.5,13.3,6.2,3.1,7.0,4.0,1.5
2017-05-30 16:34:00+02:00,2.9,6.1,1.6,9.2,48.2,32.0,26.5,4.1,1.5,15.2,9.9,33.6,2.9,9.8,3.6,9.1,1.6,8.2,29.6,46.6,23.5,2.1,30.5,4.4,54.9,13.0,12.3,5.8,49.7,5.1,6.8,22.1,3.0,20.5,18.9,17.1,13.8,6.5,3.2,7.4,4.2,1.5
2017-05-30 16:35:00+02:00,3.0,6.4,1.7,9.8,52.0,34.6,28.7,4.4,1.6,16.1,10.7,36.3,3.1,10.7,4.0,9.7,1.7,9.1,31.9,50.3,25.4,2.3,32.9,4.7,59.3,14.0,13.1,6.2,53.7,5.7,7.4,23.9,3.2,21.7,19.9,18.0,14.5,6.8,3.3,7.8,4.4,1.6
2017-05-30 16:36:00+02:00,3.3,6.7,1.9,10.3,57.0,37.7,31.2,4.8,1.4,16.9,11.9,39.6,3.4,11.9,4.6,10.6,1.9,10.2,34.7,55.1,27.6,2.7,35.9,5.1,64.8,15.5,13.9,6.9,58.7,6.5,8.3,25.9,3.1,23.7,21.8,19.7,15.9,7.4,3.6,8.5,4.8,1.7
2017-05-30 16:37:00+02:00,3.4,6.4,1.9,10.2,59.0,38.8,32.1,5.1,0.8,18.3,12.4,40.8,3.6,12.5,4.8,11.1,1.9,10.6,35.8,57.0,28.3,2.8,37.0,5.4,66.9,16.2,14.0,7.1,60.4,6.8,8.7,26.5,2.7,24.7,22.7,20.6,16.6,7.7,3.8,8.9,5.0,1.8
2017-05-30 16:38:00+02:00,4.0,7.4,2.2,11.6,67.0,44.2,36.1,5.8,1.2,20.8,14.0,46.4,4.1,14.0,5.5,12.7,2.2,12.0,40.3,64.8,31.9,3.3,42.1,6.2,75.8,18.3,15.8,8.3,68.3,7.8,9.9,29.8,3.2,27.7,25.3,22.9,18.5,8.6,4.2,9.9,5.7,2.0
2017-05-30 16:39:00+02:00,4.9,10.0,2.7,15.1,83.8,55.4,45.4,7.3,2.4,25.8,17.6,58.1,5.3,17.2,7.3,15.8,2.9,14.9,50.4,81.0,40.3,4.5,52.7,7.7,95.7,22.9,20.3,10.4,86.2,9.7,12.6,37.5,4.9,34.1,31.1,27.9,22.6,10.3,5.0,12.3,7.0,2.5
2017-05-30 16:40:00+02:00,5.5,12.1,3.4,18.3,103.0,67.5,55.6,9.4,2.9,31.6,22.3,70.9,6.9,21.3,9.8,19.3,3.7,18.6,61.8,99.5,49.4,6.0,64.7,9.2,117.8,28.6,24.4,12.7,106.1,12.3,16.1,45.7,5.9,41.8,37.9,33.8,27.4,12.4,6.1,15.0,8.7,3.1
2017-05-30 16:41:00+02:00,4.5,10.1,2.8,15.0,85.5,55.8,46.4,7.8,2.3,25.4,18.5,58.6,5.6,17.9,7.9,15.8,3.0,15.6,51.7,82.5,41.1,4.8,54.0,7.4,97.5,23.9,20.2,10.3,87.8,10.2,13.3,38.1,4.9,35.5,32.3,29.1,23.6,10.7,5.2,12.9,7.6,2.6
2017-05-30 16:42:00+02:00,3.3,7.5,2.0,11.2,60.9,39.9,34.0,5.5,1.7,17.8,13.1,41.9,3.8,13.1,5.2,10.2,2.1,11.2,37.2,58.9,30.1,3.1,38.9,4.3,70.0,17.1,15.1,6.1,62.6,7.3,9.2,28.1,3.6,26.1,23.9,21.7,17.7,7.9,3.9,9.7,5.7,1.8
2017-05-30 16:43:00+02:00,3.3,7.3,2.0,11.3,60.4,39.2,33.8,5.5,1.7,18.5,13.2,41.2,3.9,12.7,5.4,10.9,2.1,11.2,36.6,58.4,29.9,3.2,38.3,4.9,70.1,17.3,15.2,6.8,62.1,7.2,9.4,27.8,3.5,25.9,23.6,21.4,17.3,7.9,3.9,9.4,5.4,1.8
2017-05-30 16:44:00+02:00,2.8,6.0,1.8,9.5,52.3,33.7,29.2,4.8,1.5,16.5,11.5,35.5,3.3,11.1,4.5,9.6,1.8,9.6,31.5,50.6,25.7,2.6,33.0,4.4,60.6,15.1,12.9,5.9,53.6,6.0,8.1,24.0,2.6,22.2,20.3,18.5,14.8,7.1,3.5,7.7,4.1,1.6
2017-05-30 16:45:00+02:00,3.7,7.4,2.2,11.7,65.4,42.0,35.9,6.0,1.8,20.4,14.6,44.3,4.3,13.5,6.1,12.5,2.3,11.7,39.0,63.2,31.7,3.6,40.8,5.9,75.7,19.0,15.8,8.0,67.1,7.4,10.4,29.4,3.2,28.3,25.7,23.3,18.8,8.6,4.3,10.2,5.9,1.9
2017-05-30 16:46:00+02:00,3.7,6.8,2.1,10.9,62.7,40.1,34.3,5.8,1.7,20.3,14.1,42.2,4.2,13.0,5.8,12.1,2.2,11.2,37.3,60.6,30.2,3.4,39.0,5.7,72.6,18.3,14.9,7.9,64.5,7.1,10.1,27.9,2.8,27.5,25.0,22.8,18.5,8.3,4.1,10.2,6.0,1.8
2017-05-30 16:47:00+02:00,3.0,5.4,1.8,8.8,52.9,33.7,28.2,4.4,1.4,16.5,12.3,35.5,2.9,10.9,5.3,9.7,1.8,9.4,31.3,51.2,24.8,3.4,32.7,4.6,60.3,15.8,12.2,6.1,54.3,5.9,8.9,23.1,2.2,22.7,20.7,19.0,15.4,6.9,3.4,8.5,5.1,1.5
2017-05-30 16:48:00+02:00,3.4,6.5,2.0,10.3,61.1,39.5,32.3,5.3,1.6,18.5,13.9,41.4,3.7,12.5,6.2,11.0,2.0,10.8,35.8,59.2,28.5,4.1,37.5,5.2,69.5,17.8,14.0,7.0,62.7,7.0,10.1,26.5,2.9,25.5,23.3,21.1,17.1,7.7,3.8,9.4,5.6,1.7
2017-05-30 16:49:00+02:00,4.3,8.4,2.5,13.1,77.3,50.0,40.8,6.8,2.0,23.8,17.6,52.4,4.9,15.6,8.0,14.4,2.6,13.6,45.3,74.9,36.0,5.2,47.4,6.7,88.3,22.4,17.7,9.4,79.6,8.9,12.9,33.3,3.9,32.2,29.2,26.3,21.3,9.6,4.7,11.8,7.0,2.2
2017-05-30 16:50:00+02:00,3.8,7.4,2.2,11.5,67.3,43.7,35.7,5.8,1.8,20.9,15.2,45.8,4.1,13.7,6.7,12.7,2.2,11.8,39.6,65.2,31.5,4.4,41.4,5.8,76.7,19.4,15.6,8.3,69.2,7.6,11.1,29.3,3.5,28.0,25.6,23.2,18.8,8.4,4.2,10.4,6.2,1.9
2017-05-30 16:51:00+02:00,3.1,6.2,1.8,9.7,56.3,36.7,30.1,4.8,1.5,17.1,12.5,38.5,3.3,11.6,5.4,10.2,1.7,9.9,33.3,54.6,26.5,3.6,34.9,4.6,63.7,16.1,13.2,6.5,57.6,6.4,9.0,24.8,2.9,23.4,21.6,19.7,16.0,7.1,3.5,8.9,5.2,1.6
2017-05-30 16:52:00+02:00,2.7,5.7,1.7,8.9,52.1,33.9,28.0,4.6,1.4,15.5,11.7,35.6,3.1,10.9,5.0,9.2,1.7,9.3,31.0,50.6,24.6,3.3,32.5,3.9,59.6,15.0,12.1,5.7,53.3,6.0,8.4,23.0,2.7,21.8,20.1,18.4,14.9,6.6,3.3,8.3,4.9,1.5
2017-05-30 16:53:00+02:00,2.9,6.1,1.8,9.5,55.9,36.2,29.8,4.9,1.5,17.0,12.7,38.0,3.4,11.5,5.5,10.2,1.9,9.9,33.1,54.1,26.2,3.7,34.6,4.4,64.3,16.2,12.9,6.4,57.2,6.4,9.2,24.4,2.8,23.6,21.7,19.7,16.0,7.1,3.6,8.9,5.2,1.6
2017-05-30 16:54:00+02:00,4.0,7.7,2.3,12.0,71.1,45.7,37.4,5.9,1.8,22.4,16.4,47.9,4.2,14.0,7.4,13.8,2.5,12.1,41.6,68.8,32.9,4.9,43.5,6.2,81.2,20.8,16.3,9.1,72.2,7.7,12.0,30.3,3.5,30.2,27.4,24.6,20.0,8.9,4.5,11.1,6.5,2.0
2017-05-30 16:55:00+02:00,4.8,8.7,2.6,13.6,80.7,52.0,42.6,7.1,2.0,25.6,18.6,54.6,5.3,16.2,8.6,15.8,2.9,14.2,47.3,78.1,37.5,5.6,49.5,7.4,92.2,23.5,18.4,10.6,82.2,9.2,13.7,34.6,4.1,33.9,30.7,27.4,22.3,10.0,5.0,12.3,7.3,2.2
2017-05-30 16:56:00+02:00,4.6,8.5,2.5,13.1,77.2,49.7,40.7,6.7,2.0,24.4,17.8,52.2,5.1,15.4,8.2,15.1,2.7,13.4,45.3,74.7,35.9,5.3,47.4,7.0,88.1,22.5,17.7,10.1,78.5,8.7,13.1,33.1,3.9,32.4,29.3,26.2,21.3,9.5,4.8,11.7,6.9,2.1
2017-05-30 16:57:00+02:00,4.0,7.4,2.2,11.4,67.2,43.2,35.5,5.8,1.7,21.1,15.5,45.3,4.4,13.3,7.1,13.1,2.4,11.6,39.4,65.0,31.2,4.6,41.2,6.1,76.6,19.7,15.5,8.7,68.2,7.5,11.4,28.8,3.4,28.3,25.6,22.9,18.6,8.4,4.2,10.2,5.9,1.8
2017-05-30 16:58:00+02:00,3.8,7.1,2.1,11.0,65.1,41.8,34.2,5.6,1.6,20.6,15.1,43.8,4.3,12.8,6.9,12.8,2.3,11.2,38.1,62.9,30.1,4.5,39.8,6.0,74.8,19.1,14.9,8.6,66.6,7.2,11.1,27.7,3.2,27.4,24.8,22.2,18.0,8.1,4.0,9.9,5.7,1.7
2017-05-30 16:59:00+02:00,4.6,8.5,2.5,13.2,78.0,50.1,40.9,6.8,1.9,24.4,18.1,52.5,5.2,15.3,8.5,15.1,2.8,13.6,45.6,75.4,36.1,5.5,47.7,7.0,90.1,22.9,17.8,10.1,80.4,8.7,13.4,33.2,3.9,32.6,29.4,26.1,21.2,9.6,4.8,11.6,6.8,2.1
2017-05-30 17:00:00+02:00,5.0,9.2,2.7,14.3,84.0,54.0,44.1,7.3,2.1,26.5,19.5,56.6,5.6,16.5,9.0,16.4,3.0,14.6,49.1,81.2,38.9,5.9,51.4,7.6,97.0,24.6,19.2,11.0,86.6,9.5,14.3,35.7,4.2,34.9,31.5,28.1,22.8,10.4,5.2,12.4,7.3,2.2
2017-05-30 17:01:00+02:00,5.2,9.2,2.8,14.5,87.2,55.7,45.4,7.7,1.7,27.5,20.4,58.5,5.9,17.5,9.5,16.9,3.1,15.4,50.8,84.3,40.0,6.2,53.2,7.6,100.2,25.8,19.3,11.2,89.3,10.0,15.0,36.7,4.0,36.5,33.0,29.4,23.8,10.8,5.4,13.0,7.7,2.4
2017-05-30 17:02:00+02:00,5.2,8.8,2.8,14.1,84.6,53.5,43.7,7.5,1.3,28.0,20.1,56.2,5.8,17.2,9.4,17.5,3.1,15.1,49.0,81.6,38.4,6.1,51.4,8.3,97.8,25.4,17.9,12.0,87.2,9.7,14.8,35.1,3.5,36.1,32.5,28.9,23.5,10.6,5.3,12.9,7.6,2.3
2017-05-30 17:03:00+02:00,5.0,8.7,2.7,13.8,82.8,52.9,43.6,7.4,1.5,27.0,19.3,55.6,5.8,16.6,9.2,17.0,3.1,14.7,48.7,79.9,38.5,5.9,50.9,8.1,95.5,24.3,18.6,11.6,85.3,9.4,14.4,35.2,3.5,34.8,31.2,27.9,22.7,10.2,5.1,12.4,7.3,2.2
2017-05-30 17:04:00+02:00,4.8,8.9,2.6,13.8,79.8,51.6,42.5,7.1,1.9,26.2,18.0,54.1,5.6,16.0,8.9,16.4,3.0,14.2,47.5,77.0,37.6,5.8,49.6,7.8,91.3,22.9,18.4,11.3,81.5,9.0,13.9,34.4,3.9,33.7,30.3,27.0,21.9,9.9,4.9,12.1,7.0,2.1
2017-05-30 17:05:00+02:00,4.6,7.9,2.4,12.5,74.7,47.6,39.3,6.6,1.4,24.2,17.5,50.0,5.3,14.9,8.3,15.1,2.8,13.2,43.9,72.1,34.6,5.4,45.9,7.1,85.7,22.1,16.8,10.3,76.5,8.4,13.1,31.6,3.2,31.7,28.4,25.4,20.6,9.3,4.6,11.3,6.5,2.0
2017-05-30 17:06:00+02:00,3.4,5.9,1.7,9.2,53.9,34.5,28.5,4.5,1.3,17.1,12.7,36.1,3.6,10.5,5.7,10.7,1.9,9.2,31.8,52.2,25.0,3.8,33.1,5.0,62.1,16.1,12.5,7.1,55.4,5.8,9.2,23.1,2.5,22.6,20.4,18.5,14.9,6.7,3.3,8.2,4.6,1.3
2017-05-30 17:07:00+02:00,1.9,3.9,1.1,6.0,35.2,22.7,18.6,2.7,0.9,10.8,8.1,23.8,2.1,6.9,3.5,6.6,1.2,5.9,20.7,34.1,16.2,2.4,21.6,3.1,40.3,10.4,8.3,4.2,36.0,3.6,5.8,15.2,1.6,14.5,13.2,12.2,9.8,4.4,2.2,5.4,3.0,0.8
2017-05-30 17:08:00+02:00,2.0,4.3,1.2,6.7,38.2,25.4,20.7,3.1,1.0,12.1,9.1,26.6,2.4,7.6,3.9,7.4,1.3,6.6,23.1,37.0,18.1,2.6,24.1,3.3,44.2,10.4,9.2,4.7,39.4,4.0,6.5,16.8,1.8,16.5,15.0,13.7,11.0,5.0,2.5,6.1,3.4,0.9
2017-05-30 17:09:00+02:00,3.9,7.1,2.1,11.0,63.4,41.0,34.1,5.5,1.5,21.4,15.5,43.0,4.5,12.3,7.2,13.4,2.4,10.8,37.1,61.1,29.9,4.7,38.7,6.3,73.6,18.1,15.1,9.1,65.6,7.0,11.3,27.3,3.0,27.7,24.9,22.2,18.0,8.1,4.0,9.8,5.6,1.6
2017-05-30 17:10:00+02:00,4.4,7.5,2.2,11.7,69.5,45.0,36.9,6.1,1.5,22.5,16.6,47.2,4.9,13.6,7.7,14.0,2.6,12.0,40.8,67.1,32.4,5.0,42.6,6.3,80.6,19.9,16.1,9.4,71.9,7.7,12.2,29.6,3.1,29.6,26.6,23.7,19.1,8.6,4.3,10.5,6.0,1.7
2017-05-30 17:11:00+02:00,4.7,7.8,2.4,12.3,74.6,48.1,39.1,6.7,1.5,24.6,17.5,50.4,5.1,14.6,8.1,15.6,2.8,13.0,43.7,72.1,34.4,5.3,45.6,7.5,85.7,21.7,16.8,10.8,76.5,8.4,12.9,31.4,3.2,31.3,28.1,25.0,20.2,9.1,4.6,11.1,6.4,1.7
2017-05-30 17:12:00+02:00,4.8,8.1,2.4,12.8,76.7,49.8,40.5,6.7,1.6,25.6,18.2,52.1,5.2,15.0,8.4,16.2,2.9,13.3,45.2,74.0,35.6,5.5,47.1,7.8,88.6,21.9,17.5,11.2,79.2,8.5,13.4,32.5,3.4,32.7,29.3,26.2,21.2,9.5,4.8,11.7,6.8,1.8
2017-05-30 17:13:00+02:00,4.9,8.2,2.5,13.1,76.8,50.1,40.8,6.8,1.6,25.8,18.3,52.5,5.2,15.0,8.5,16.3,2.9,13.3,45.5,74.2,35.8,5.5,47.4,7.9,88.8,21.8,17.8,11.3,79.5,8.6,13.4,32.8,3.4,32.8,29.5,26.3,21.3,9.6,4.8,11.7,6.7,1.8
2017-05-30 17:14:00+02:00,4.9,7.8,2.4,12.6,76.1,48.9,39.8,6.7,1.3,25.4,18.0,51.2,5.2,14.8,8.3,16.1,2.8,13.1,44.4,73.4,34.9,5.4,46.3,7.7,86.7,22.3,17.1,11.1,78.6,8.4,13.2,31.9,3.1,32.4,29.1,26.0,21.1,9.4,4.7,11.6,6.8,1.9
2017-05-30 17:15:00+02:00,4.7,7.5,2.4,12.1,74.4,47.7,38.8,6.6,1.2,24.8,17.7,50.0,5.1,14.5,8.1,15.7,2.8,12.9,43.3,71.8,34.0,5.3,45.2,7.5,86.1,21.9,16.6,10.8,76.9,8.3,12.9,31.1,2.9,32.0,28.7,25.6,20.8,9.3,4.6,11.5,6.7,1.9
2017-05-30 17:16:00+02:00,4.7,7.7,2.3,12.2,73.7,47.3,38.5,6.5,1.4,24.7,17.4,49.5,5.0,14.3,8.1,15.6,2.7,12.8,43.0,71.2,33.8,5.2,44.8,7.5,85.4,21.7,16.6,10.8,76.2,8.2,12.7,30.9,3.1,31.7,28.5,25.4,20.6,9.2,4.6,11.4,6.7,1.9
2017-05-30 17:17:00+02:00,4.7,7.3,2.4,11.8,73.6,47.0,38.2,6.5,1.0,24.7,17.4,49.2,5.0,14.3,8.1,15.6,2.7,12.8,42.7,71.0,33.5,5.3,44.5,7.5,84.7,21.8,16.2,10.7,76.1,8.1,12.8,30.6,2.8,29.3,26.1,22.9,18.1,9.2,4.6,8.9,4.1,1.9
2017-05-30 17:18:00+02:00,4.7,7.5,2.4,11.9,73.7,47.1,38.3,6.5,1.2,23.1,17.5,49.3,5.0,14.2,8.1,13.9,2.7,12.7,42.7,71.1,33.5,5.3,44.6,7.5,85.0,21.9,16.4,9.1,76.2,8.1,12.8,30.6,3.0,32.2,28.9,25.6,20.8,9.2,4.6,11.5,6.7,1.9
2017-05-30 17:19:00+02:00,4.6,7.3,2.3,11.6,71.7,46.3,37.7,6.4,1.1,24.3,17.3,48.6,5.0,14.0,8.0,15.2,2.7,12.5,42.1,69.2,32.9,5.3,43.9,7.4,83.3,20.7,16.0,10.4,74.2,8.0,12.7,30.0,2.9,31.9,28.7,25.4,20.6,9.2,4.6,11.4,6.6,1.9
2017-05-30 17:20:00+02:00,4.6,7.6,2.3,11.9,72.6,46.6,37.9,6.4,1.3,24.2,17.2,48.9,5.0,14.0,8.0,15.5,2.7,12.5,42.3,70.1,33.2,5.3,44.1,7.4,84.3,21.3,16.3,10.7,75.1,8.0,12.6,30.3,3.1,32.0,28.9,25.5,20.7,9.2,4.6,11.5,6.7,2.0
2017-05-30 17:21:00+02:00,4.6,7.3,2.3,11.7,72.4,46.1,37.5,6.3,1.2,23.8,17.3,48.4,5.0,13.8,8.1,15.5,2.6,12.5,41.9,69.9,32.9,5.2,43.6,7.4,84.1,21.6,16.1,10.7,74.9,7.9,12.7,29.9,2.9,31.8,28.7,25.2,20.5,9.1,4.5,11.4,6.7,1.9
2017-05-30 17:22:00+02:00,4.5,7.1,2.3,11.4,71.5,45.5,37.0,6.1,1.1,23.5,17.1,47.8,4.9,13.6,8.0,15.2,2.6,12.2,41.3,69.1,32.5,5.2,43.0,7.3,82.3,21.4,16.0,10.6,73.9,7.7,12.5,29.6,2.8,31.3,28.2,24.8,20.1,9.0,4.5,11.1,6.6,1.9
2017-05-30 17:23:00+02:00,4.5,7.2,2.2,11.6,71.0,45.5,37.0,6.1,1.0,23.4,17.0,47.7,4.8,13.5,7.9,15.1,2.6,12.2,41.3,68.5,32.5,5.1,43.0,7.2,81.4,20.8,16.1,10.4,73.3,7.7,12.5,29.6,2.7,31.3,28.2,24.8,20.1,9.0,4.5,11.1,6.6,1.9
2017-05-30 17:24:00+02:00,4.5,7.3,2.2,11.7,70.8,45.6,37.1,6.2,1.3,23.4,16.9,47.8,4.9,13.6,7.8,15.1,2.6,12.2,41.4,68.4,32.6,5.1,43.1,7.2,81.2,20.7,16.2,10.4,73.1,7.7,12.4,29.8,2.9,31.1,28.1,24.7,20.1,9.0,4.5,11.1,6.5,1.9
2017-05-30 17:25:00+02:00,4.4,7.4,2.2,11.7,70.1,45.2,36.8,6.0,1.3,23.2,16.9,47.4,4.9,13.4,7.9,14.8,2.7,12.0,41.1,68.1,32.4,5.0,42.8,7.1,81.5,20.8,16.2,10.2,72.4,7.6,12.4,29.5,3.0,30.8,27.8,24.5,19.9,8.8,4.4,11.0,6.5,1.9
2017-05-30 17:26:00+02:00,4.3,7.4,2.2,11.7,69.0,44.3,36.1,5.7,1.4,23.1,16.6,46.4,4.8,12.9,7.8,14.5,2.6,11.6,40.3,66.8,31.8,4.9,41.9,6.9,80.2,20.4,16.0,10.0,71.3,7.2,12.2,29.0,3.0,30.3,27.3,24.0,19.5,8.7,4.4,10.8,6.3,1.7
2017-05-30 17:27:00+02:00,4.2,7.2,2.1,11.3,67.0,42.9,35.0,5.5,1.4,22.0,16.1,45.0,4.7,12.5,7.5,13.7,2.6,11.2,39.1,64.7,30.8,4.8,40.6,6.3,77.9,19.8,15.6,9.3,69.2,7.0,11.8,28.0,2.9,29.4,26.5,23.4,18.9,8.5,4.3,10.4,6.1,1.7
2017-05-30 17:28:00+02:00,4.1,7.0,2.0,11.1,65.8,42.1,34.3,5.4,1.4,21.7,15.9,44.1,4.5,12.2,7.4,13.5,2.5,10.9,38.3,63.6,30.2,4.7,39.9,6.2,76.5,19.5,15.3,9.1,68.0,6.8,11.7,27.5,2.8,28.9,26.1,23.0,18.6,8.4,4.2,10.2,6.0,1.6
2017-05-30 17:29:00+02:00,4.2,7.0,2.1,11.1,66.3,42.3,34.5,5.4,1.3,21.9,16.1,44.3,4.5,12.1,7.5,13.6,2.5,11.0,38.5,64.1,30.3,4.8,40.1,6.3,77.0,19.8,15.4,9.2,68.4,6.8,11.8,27.5,2.8,29.2,26.2,23.2,18.8,8.4,4.3,10.3,6.0,1.6
2017-05-30 17:30:00+02:00,4.2,6.9,2.0,11.0,65.8,41.9,34.1,5.3,1.2,21.8,16.0,43.9,4.5,12.0,7.5,13.5,2.5,10.8,38.1,63.5,29.9,4.8,39.6,6.2,76.4,19.7,15.2,9.2,67.8,6.7,11.8,27.2,2.7,29.0,26.1,23.1,18.7,8.4,4.2,10.3,6.0,1.6
2017-05-30 17:31:00+02:00,4.1,6.7,2.0,10.8,64.6,41.1,33.5,5.2,1.3,20.7,15.7,43.1,4.5,11.7,7.3,13.4,2.5,10.6,37.4,62.3,29.3,4.7,38.9,6.1,75.0,19.3,15.0,9.1,66.5,6.5,11.5,26.6,2.6,28.0,25.1,22.8,18.4,8.3,4.2,10.2,5.9,1.6
2017-05-30 17:32:00+02:00,3.8,5.2,1.9,8.9,59.0,37.1,29.9,4.7,1.2,18.9,14.7,38.9,4.1,10.7,6.9,12.5,2.3,9.7,33.7,56.9,26.0,4.4,35.0,5.7,68.8,18.1,12.8,8.4,60.9,5.9,10.8,23.6,2.4,26.5,23.9,21.3,17.2,7.8,3.9,9.5,5.5,1.4
2017-05-30 17:33:00+02:00,1.6,1.2,0.8,2.8,23.3,14.6,11.6,1.7,0.6,6.7,6.0,15.4,1.4,4.7,2.5,4.7,0.9,4.0,13.2,22.5,9.9,1.6,13.8,2.0,27.5,7.1,4.6,2.8,23.9,2.3,4.3,9.2,0.7,11.4,10.6,9.6,7.7,3.5,1.8,4.3,2.5,0.6
2017-05-30 17:34:00+02:00,1.5,0.6,0.8,2.1,21.1,13.1,10.3,1.5,0.5,6.3,5.6,13.8,1.3,4.2,2.3,4.5,0.8,3.6,11.8,20.4,8.7,1.4,12.3,1.9,25.1,6.6,3.8,2.7,21.8,2.0,4.0,8.0,0.3,11.0,10.0,9.1,7.3,3.3,1.7,4.0,2.3,0.6
2017-05-30 17:35:00+02:00,1.8,1.8,0.9,3.5,25.7,16.2,13.0,1.7,0.6,7.7,6.6,17.0,1.6,4.7,2.8,5.4,1.0,4.1,14.7,24.8,11.1,1.7,15.3,2.3,30.2,7.9,5.5,3.4,26.4,2.3,4.7,10.2,0.4,12.7,11.5,10.3,8.3,3.8,1.9,4.5,2.6,0.6
2017-05-30 17:36:00+02:00,2.5,3.0,1.2,5.5,37.0,23.2,18.8,2.7,0.7,11.7,9.4,24.3,2.4,6.6,4.1,7.9,1.4,5.9,21.1,35.7,16.1,2.5,21.9,3.5,43.3,11.4,8.1,5.2,38.1,3.4,6.8,14.6,0.7,17.6,15.8,14.1,11.3,5.2,2.6,6.2,3.6,0.9
2017-05-30 17:37:00+02:00,2.2,2.7,1.0,4.9,33.1,20.9,16.9,2.4,0.6,11.5,8.4,21.9,2.1,5.9,3.6,6.9,1.2,5.3,19.0,32.0,14.5,2.2,19.7,3.0,38.8,10.2,7.3,4.5,34.1,3.0,6.0,13.2,0.6,15.7,14.0,12.5,10.0,4.7,2.4,5.3,2.9,0.8
2017-05-30 17:38:00+02:00,3.3,4.9,1.5,8.1,50.3,31.8,25.8,3.8,0.8,17.0,12.5,33.3,3.3,8.7,5.6,10.7,1.9,7.9,29.0,48.6,22.4,3.4,30.1,4.8,58.6,15.3,11.5,7.2,51.9,4.6,9.1,20.2,1.7,22.6,20.2,17.7,14.1,6.8,3.4,7.3,3.9,1.2
2017-05-30 17:39:00+02:00,3.7,5.5,1.7,9.2,57.6,36.3,29.4,4.3,0.9,19.3,14.3,38.0,3.9,9.9,6.5,12.3,2.3,9.0,33.1,55.6,25.5,3.9,34.3,5.5,67.0,17.6,13.1,8.4,59.4,5.3,10.4,23.0,2.0,25.9,23.1,20.1,16.1,7.7,3.8,8.4,4.5,1.3
2017-05-30 17:40:00+02:00,3.7,5.5,1.7,9.1,56.9,35.9,29.2,4.4,1.0,19.7,14.1,37.6,3.8,10.0,6.3,12.1,2.2,9.1,32.8,54.9,25.3,3.9,34.0,5.5,66.2,17.3,12.9,8.2,58.6,5.4,10.3,22.9,2.0,25.5,22.7,19.8,15.9,7.5,3.8,8.3,4.4,1.3
2017-05-30 17:41:00+02:00,3.7,5.5,1.6,9.1,56.4,35.7,29.1,4.5,1.0,19.5,14.0,37.3,3.8,10.0,6.3,12.0,2.2,9.1,32.6,54.5,25.3,3.9,33.8,5.4,65.6,17.2,12.9,8.1,58.2,5.4,10.2,22.9,2.0,25.7,22.9,20.0,16.1,7.4,3.7,8.7,4.8,1.3
2017-05-30 17:42:00+02:00,3.7,5.7,1.6,9.3,57.1,36.2,29.6,4.5,1.0,19.2,14.2,37.9,3.8,10.1,6.4,11.6,2.2,9.2,33.1,55.3,25.7,4.0,34.3,5.0,66.4,17.4,13.1,7.7,58.8,5.5,10.4,23.2,2.1,26.2,23.4,20.5,16.5,7.5,3.7,9.0,5.1,1.3
2017-05-30 17:43:00+02:00,3.7,5.6,1.6,9.2,56.6,36.0,29.3,4.4,1.0,18.8,14.0,37.6,3.8,9.9,6.2,11.1,2.1,9.1,32.9,54.8,25.4,3.9,34.0,4.5,65.8,17.2,13.0,7.3,58.3,5.4,10.1,22.9,2.1,26.1,23.3,20.4,16.4,7.5,3.7,9.0,5.1,1.2
2017-05-30 17:44:00+02:00,3.7,5.5,1.6,9.1,56.0,35.5,28.9,4.4,1.0,18.7,13.9,37.1,3.7,9.8,6.1,11.1,2.1,9.0,32.4,54.2,25.1,3.9,33.5,4.5,65.2,17.1,12.9,7.2,57.7,5.3,10.1,22.7,2.1,26.0,23.2,20.3,16.3,7.5,3.7,8.9,5.0,1.2
2017-05-30 17:45:00+02:00,3.7,5.3,1.6,8.9,55.2,34.8,28.3,4.2,1.0,19.7,13.9,36.4,3.6,9.5,6.2,12.2,2.0,8.8,31.8,53.5,24.6,4.0,32.9,5.7,64.4,17.1,12.7,8.4,56.9,5.1,10.1,22.2,2.0,25.8,23.0,20.2,16.2,7.4,3.7,8.8,5.0,1.2
2017-05-30 17:46:00+02:00,3.7,4.3,1.6,7.8,54.1,33.8,27.3,4.3,1.0,18.4,13.8,35.3,3.6,9.5,6.1,12.2,2.1,8.8,30.8,52.4,23.6,4.0,31.8,5.7,63.2,17.0,11.6,8.4,55.7,5.2,10.0,21.1,2.0,25.7,22.9,20.0,16.1,7.3,3.7,8.8,4.9,1.1
2017-05-30 17:47:00+02:00,3.6,3.5,1.6,7.0,52.3,32.3,25.9,4.1,0.9,18.1,13.6,33.8,3.5,9.3,6.1,11.9,2.0,8.6,29.4,50.6,22.4,3.8,30.4,5.6,61.1,16.8,10.7,8.2,53.9,5.0,9.9,20.0,2.0,25.1,22.4,19.6,15.8,7.2,3.6,8.6,4.8,1.1
2017-05-30 17:48:00+02:00,3.4,3.0,1.5,6.3,47.2,30.4,24.3,4.0,0.9,17.2,12.9,31.9,3.4,8.9,5.7,11.4,2.0,8.3,27.7,45.7,21.0,3.5,28.7,5.3,55.6,13.8,9.8,7.8,48.7,4.8,9.3,18.7,1.7,24.0,21.4,18.9,15.1,6.9,3.5,8.2,4.6,1.0
2017-05-30 17:49:00+02:00,3.4,2.5,1.5,5.7,43.9,29.0,23.0,3.9,0.9,16.3,12.5,30.4,3.3,8.7,5.5,10.5,1.9,8.0,26.3,42.5,20.1,3.3,27.3,4.6,52.1,12.1,9.2,7.0,45.4,4.7,9.0,17.9,1.5,23.4,21.0,18.4,14.8,6.7,3.4,8.0,4.5,1.0
2017-05-30 17:50:00+02:00,3.6,2.6,1.5,6.0,46.4,30.5,24.3,4.1,0.7,16.5,13.1,32.0,3.5,9.1,5.8,10.4,2.0,8.5,27.7,44.9,21.1,3.5,28.7,4.2,54.9,12.9,9.7,6.7,47.8,5.0,9.5,18.8,1.4,24.7,22.1,19.4,15.6,7.1,3.6,8.5,4.7,1.1
2017-05-30 17:51:00+02:00,3.5,1.7,1.5,5.1,44.5,29.1,23.0,4.0,0.1,16.0,12.8,30.5,3.4,8.8,5.6,10.1,2.0,8.2,26.4,43.0,19.8,3.4,27.4,4.1,51.6,12.5,8.7,6.5,44.6,4.9,9.2,17.5,0.5,24.1,21.6,19.0,15.2,7.0,3.5,8.3,4.6,1.0
2017-05-30 17:52:00+02:00,3.3,1.3,1.4,4.5,41.3,27.0,21.4,3.7,0.4,16.2,12.0,28.3,3.2,8.0,5.1,10.6,1.8,7.4,24.6,39.8,18.0,3.2,25.5,4.9,48.0,11.5,7.9,7.2,41.4,4.5,8.6,16.0,1.0,22.9,20.5,18.1,14.5,6.6,3.3,7.8,4.3,1.0
2017-05-30 17:53:00+02:00,2.8,1.0,1.2,3.7,35.8,22.7,18.1,3.1,0.7,13.4,10.0,23.8,2.6,7.1,4.1,8.9,1.5,6.5,20.7,34.6,15.2,2.6,21.5,4.2,42.2,10.8,6.5,6.0,36.8,3.8,7.1,13.6,1.2,19.2,17.3,15.3,12.3,5.6,2.8,6.6,3.7,0.8
2017-05-30 17:54:00+02:00,2.6,1.2,1.1,3.8,35.3,21.9,17.5,3.0,0.7,12.6,9.5,22.9,2.5,6.8,3.9,8.5,1.4,6.3,20.0,34.2,14.8,2.4,20.8,4.0,41.5,11.3,6.5,5.7,36.3,3.6,6.8,13.3,1.1,18.3,16.4,14.6,11.6,5.4,2.7,6.2,3.4,0.8
2017-05-30 17:55:00+02:00,2.8,1.7,1.2,4.4,37.4,23.4,18.8,3.2,0.6,13.7,10.1,24.5,2.7,7.1,4.2,9.0,1.6,6.6,21.5,36.2,15.9,2.6,22.2,4.2,44.0,11.7,7.2,6.1,38.5,3.8,7.2,14.3,1.0,19.3,17.4,15.3,12.2,5.7,2.8,6.6,3.6,0.8
2017-05-30 17:56:00+02:00,2.8,1.9,1.1,4.6,37.5,23.5,18.8,3.1,0.5,13.6,10.2,24.6,2.7,7.0,4.2,9.0,1.5,6.5,21.5,36.3,16.0,2.5,22.2,4.2,44.1,11.8,7.4,6.1,38.6,3.7,7.2,14.3,0.9,19.4,17.4,15.3,12.2,5.7,2.8,6.6,3.6,0.8
2017-05-30 17:57:00+02:00,2.3,1.5,0.9,3.8,29.9,19.4,15.6,2.5,0.5,11.0,7.4,20.3,2.1,5.7,2.4,7.4,1.2,5.3,17.8,29.1,13.2,1.0,18.4,3.3,35.4,8.9,6.1,4.9,30.8,3.0,5.0,11.9,0.7,16.3,14.6,12.9,10.3,4.8,2.4,5.6,3.0,0.6
2017-05-30 17:58:00+02:00,2.0,0.9,0.8,2.8,24.3,15.7,12.5,1.9,0.4,9.2,6.1,16.5,1.6,4.7,1.8,6.2,1.0,4.3,14.4,23.6,10.6,0.7,14.9,2.8,28.8,7.2,4.9,4.0,25.0,2.3,4.0,9.5,0.5,13.8,12.4,11.0,8.8,4.1,2.0,4.7,2.6,0.5
2017-05-30 17:59:00+02:00,1.8,0.7,0.7,2.5,21.5,14.1,11.2,1.7,0.3,8.3,5.4,14.7,1.4,4.3,1.4,5.6,0.9,3.9,12.9,21.0,9.4,0.4,13.3,2.5,25.5,6.3,4.4,3.6,22.1,2.1,3.5,8.7,0.4,12.6,11.4,10.1,8.1,3.7,1.9,4.4,2.4,0.5
2017-05-30 18:00:00+02:00,1.7,1.6,0.7,3.4,22.3,14.9,12.1,1.6,0.3,8.2,5.3,15.5,1.4,4.1,1.4,5.5,0.9,3.8,13.8,21.7,10.3,0.4,14.2,2.4,26.1,6.2,5.2,3.6,22.8,2.0,3.4,9.4,0.4,12.5,11.3,10.0,8.0,3.7,1.8,4.3,2.4,0.5
2017-05-30 18:01:00+02:00,1.9,1.7,0.7,3.6,23.9,16.0,12.9,1.8,0.3,9.9,5.8,16.6,1.6,4.3,1.6,6.0,1.0,3.9,14.8,23.3,11.0,0.5,15.2,2.7,28.0,6.8,5.6,3.9,24.4,2.1,3.7,9.9,0.4,13.3,12.0,10.6,8.5,3.9,2.0,4.6,2.5,0.5
2017-05-30 18:02:00+02:00,1.8,1.9,0.7,3.7,23.0,14.9,12.2,1.6,0.3,9.5,6.1,15.5,1.4,3.9,2.3,5.5,0.9,3.6,13.9,22.5,10.4,1.4,14.2,2.5,26.8,7.0,5.5,3.6,23.3,1.9,4.2,9.5,0.3,12.2,11.0,9.8,7.9,3.6,1.8,4.2,2.3,0.5
2017-05-30 18:03:00+02:00,1.2,1.1,0.5,2.3,15.3,10.0,8.3,1.1,0.2,5.4,4.4,10.4,0.9,2.8,1.7,3.7,0.6,2.5,9.5,15.0,7.1,1.1,9.6,1.6,17.7,4.6,3.7,2.3,15.5,1.3,3.1,6.5,0.1,8.6,7.8,7.0,5.6,2.6,1.3,3.0,1.6,0.4
2017-05-30 18:04:00+02:00,1.1,0.8,0.4,1.8,12.3,8.2,6.8,0.9,0.2,3.3,3.8,8.6,0.8,2.4,1.5,2.2,0.6,2.2,7.8,12.1,5.8,1.1,7.9,0.5,14.3,3.5,3.0,1.0,12.4,1.2,2.7,5.4,0.3,7.4,6.6,6.1,4.9,2.3,1.1,2.6,1.4,0.3
2017-05-30 18:05:00+02:00,1.3,0.9,0.5,2.0,14.4,9.5,7.8,1.1,0.2,4.3,4.6,9.9,0.9,2.7,1.8,2.6,0.7,2.4,9.0,14.1,6.6,1.2,9.1,0.5,16.8,4.2,3.4,1.2,14.5,1.2,3.3,6.0,0.3,8.6,7.7,7.0,5.6,2.5,1.2,3.1,1.6,0.4
2017-05-30 18:06:00+02:00,1.4,0.9,0.5,2.2,15.8,10.3,8.4,1.3,0.2,6.5,4.9,10.7,1.1,2.8,2.0,4.1,0.7,2.5,9.7,15.5,7.0,1.3,9.8,1.8,18.5,4.8,3.6,2.5,16.0,1.3,3.5,6.4,0.2,9.3,8.3,7.5,6.0,2.7,1.3,3.3,1.7,0.3
2017-05-30 18:07:00+02:00,1.3,0.8,0.5,2.0,15.3,9.4,7.7,1.2,0.2,5.6,4.6,9.7,1.0,2.6,1.8,2.7,0.7,2.3,8.9,15.0,6.4,1.2,9.0,0.6,17.9,5.3,3.3,1.2,15.5,1.2,3.2,5.8,0.3,8.5,7.6,6.9,5.5,2.6,1.2,2.9,1.5,0.2
2017-05-30 18:08:00+02:00,1.4,1.1,0.5,2.4,16.6,10.3,8.8,1.3,0.3,5.4,4.9,10.7,1.1,3.0,2.0,3.1,0.7,2.7,10.1,16.3,7.4,1.3,10.2,0.8,19.3,5.6,3.8,1.5,17.1,1.3,3.5,6.8,0.2,9.2,8.3,7.5,6.0,2.8,1.3,3.2,1.6,0.2
2017-05-30 18:09:00+02:00,1.4,1.2,0.5,2.5,16.1,10.3,8.7,1.3,0.3,5.1,4.8,10.7,1.0,2.9,1.9,2.9,0.7,2.6,10.0,15.8,7.3,1.3,10.1,0.7,19.0,5.1,3.9,1.4,16.5,1.2,3.4,6.7,0.3,8.9,8.0,7.4,5.8,2.7,1.3,3.1,1.6,0.3
2017-05-30 18:10:00+02:00,1.2,0.8,0.5,1.9,14.3,9.0,7.6,1.1,0.3,4.3,4.4,9.4,0.9,2.7,1.8,2.1,0.6,2.3,8.8,14.0,6.4,1.2,8.9,0.3,17.0,4.6,3.2,0.9,14.7,1.1,3.2,5.8,0.3,8.4,7.5,6.9,5.5,2.6,1.3,2.9,1.5,0.2
2017-05-30 18:11:00+02:00,1.0,0.7,0.5,1.7,12.7,8.1,6.8,1.0,0.3,3.9,3.9,8.5,0.8,2.4,1.6,2.1,0.5,2.0,7.8,12.5,5.6,1.1,7.9,0.5,14.2,4.0,2.8,1.0,13.1,0.9,2.8,5.2,0.2,7.3,6.6,6.1,4.9,2.2,1.0,2.6,1.3,0.2
2017-05-30 18:12:00+02:00,0.8,0.7,0.4,1.5,9.5,6.8,5.9,0.9,0.3,4.5,2.7,7.2,0.6,2.1,1.4,2.4,0.4,1.8,6.7,9.7,4.9,0.9,6.6,1.1,10.6,2.5,2.5,1.3,9.7,0.8,1.7,4.6,0.3,6.0,5.4,5.0,4.2,1.9,0.8,2.3,1.2,0.2
2017-05-30 18:13:00+02:00,0.8,1.2,0.4,2.1,10.6,7.0,6.3,0.9,0.3,4.4,3.3,7.3,0.6,2.1,1.3,2.4,0.4,1.7,7.1,10.4,5.4,0.9,6.7,1.0,11.7,3.1,3.0,1.3,10.9,0.8,2.4,5.1,0.5,5.6,5.0,4.6,4.1,1.8,0.8,2.3,1.2,0.3
2017-05-30 18:14:00+02:00,0.8,0.9,0.4,1.7,9.5,6.4,5.8,0.8,0.3,4.2,3.2,6.7,0.6,2.0,1.3,2.3,0.4,1.7,6.5,9.7,4.9,0.9,6.1,1.0,10.5,3.0,2.6,1.3,9.7,0.8,2.3,4.6,0.2,5.3,4.8,4.5,3.9,1.7,0.8,2.2,1.1,0.2
2017-05-30 18:15:00+02:00,0.7,0.8,0.4,1.5,8.3,6.0,5.5,0.9,0.3,4.0,3.1,6.3,0.6,2.1,1.3,2.3,0.4,1.7,6.2,9.2,4.6,0.9,5.7,0.9,10.2,2.9,2.3,1.2,8.6,0.8,2.2,4.3,0.2,5.2,4.6,4.3,3.8,1.7,0.7,2.1,1.1,0.2
2017-05-30 18:16:00+02:00,0.7,1.4,0.4,2.2,9.3,6.5,6.0,0.9,0.3,3.9,2.9,6.8,0.6,2.1,1.2,2.2,0.4,1.7,6.7,10.2,5.2,0.9,6.2,0.9,11.2,3.3,2.9,1.2,9.6,0.8,2.1,5.0,0.7,5.0,4.5,4.2,3.6,1.6,0.6,2.0,1.0,0.2
2017-05-30 18:17:00+02:00,0.7,1.4,0.4,2.2,9.7,6.5,5.9,0.9,0.3,3.8,2.8,6.9,0.6,1.9,1.2,2.1,0.4,1.6,6.6,10.2,5.1,0.8,6.3,0.9,11.6,3.4,2.9,1.1,9.9,0.8,2.0,4.9,0.7,4.9,4.4,4.1,3.5,1.6,0.6,2.0,1.0,0.2
2017-05-30 18:18:00+02:00,0.7,1.1,0.4,1.8,8.0,6.4,5.4,0.9,0.3,3.1,1.2,6.7,0.6,1.9,0.5,1.4,0.4,1.5,6.1,7.8,4.7,0.7,6.1,0.2,9.8,1.1,2.5,0.5,8.2,0.8,0.4,4.4,0.4,4.8,4.3,4.0,3.4,1.5,0.6,1.9,1.0,0.2
2017-05-30 18:19:00+02:00,0.6,0.9,0.4,1.6,7.6,6.0,5.0,0.9,0.3,2.2,0.5,6.3,0.5,1.9,1.1,0.6,0.4,1.5,5.7,7.6,4.3,1.3,5.7,0.5,9.4,1.3,2.3,0.5,7.8,0.8,0.3,4.1,0.2,4.7,4.3,3.9,3.3,1.5,0.6,1.9,0.9,0.2
2017-05-30 18:20:00+02:00,0.5,0.9,0.4,1.5,6.6,5.9,5.0,0.9,0.3,2.0,0.5,6.3,0.5,1.8,1.1,0.4,0.4,1.4,5.7,7.6,4.3,1.3,5.6,0.7,7.4,1.2,2.2,0.6,5.9,0.8,0.3,4.1,0.2,4.6,4.2,3.8,3.3,1.5,0.6,1.8,0.9,0.2
2017-05-30 18:21:00+02:00,0.5,0.6,0.4,1.3,5.9,4.7,3.8,0.8,0.1,2.4,0.6,5.0,0.5,0.9,1.1,0.7,0.4,0.6,4.4,5.9,3.0,1.3,4.4,0.4,7.2,0.9,2.0,0.3,5.7,0.5,0.2,2.8,0.1,4.6,4.1,3.8,3.2,1.5,0.6,1.7,0.8,0.2
2017-05-30 18:22:00+02:00,0.5,0.1,0.4,0.5,6.0,4.8,3.8,0.6,0.8,3.2,0.5,5.2,0.3,1.7,1.2,1.6,0.4,1.3,4.4,5.7,3.0,1.3,4.4,0.6,7.4,0.6,1.1,0.7,6.3,0.7,0.3,2.8,0.9,4.5,4.1,3.8,3.2,1.4,0.6,1.7,0.9,0.2
2017-05-30 18:23:00+02:00,0.5,0.2,0.4,0.5,5.4,3.7,2.7,0.5,0.9,2.7,0.3,4.1,0.2,0.8,1.4,1.2,0.4,0.6,3.4,5.0,1.9,1.5,3.4,0.1,6.6,0.9,1.0,0.3,5.6,0.6,0.5,1.8,1.0,4.5,4.1,3.7,3.2,1.4,0.6,1.7,0.9,0.2
2017-05-30 18:24:00+02:00,0.5,0.4,0.4,1.2,6.3,5.5,4.5,0.7,0.4,2.8,0.6,5.9,0.4,1.8,2.1,1.2,0.4,1.4,5.2,6.0,3.7,2.3,5.1,0.1,7.7,0.5,1.8,0.3,6.6,0.8,1.3,3.5,0.3,4.5,4.0,3.7,3.2,1.4,0.6,1.8,0.9,0.2
2017-05-30 18:25:00+02:00,0.6,0.3,0.4,1.0,6.3,4.5,3.4,0.7,0.5,2.9,0.5,4.9,0.3,0.9,1.2,1.3,0.3,0.6,4.1,5.9,2.6,1.4,4.1,0.2,8.1,1.1,1.6,0.4,6.5,0.5,0.4,2.4,0.5,4.5,4.1,3.7,3.2,1.4,0.6,1.7,0.9,0.2
2017-05-30 18:26:00+02:00,0.7,0.6,0.4,0.3,6.3,4.4,3.4,0.7,1.4,2.9,0.6,4.8,0.3,1.7,1.2,1.3,0.3,1.4,4.1,5.9,2.6,1.4,4.1,0.3,8.2,1.1,0.8,0.5,6.5,0.9,0.3,2.5,1.4,4.3,3.9,3.5,3.0,1.3,0.4,1.7,0.8,0.2
2017-05-30 18:27:00+02:00,0.7,0.7,0.4,0.3,4.1,3.6,2.6,0.6,1.4,2.7,0.6,4.0,0.3,1.0,1.1,1.8,0.3,0.7,3.2,5.1,1.8,1.4,3.2,0.7,5.9,1.1,0.7,0.9,4.3,0.7,0.3,1.7,1.5,3.0,2.6,2.4,2.8,1.2,0.3,1.7,0.8,0.2
2017-05-30 18:28:00+02:00,0.7,0.4,0.4,0.5,5.3,4.8,3.8,0.8,1.0,2.4,0.8,5.2,0.4,1.8,0.9,1.8,0.3,1.5,4.5,6.5,3.0,1.2,4.5,0.8,7.1,1.3,1.1,0.9,5.5,0.8,0.2,2.9,1.1,2.6,2.3,2.2,2.8,1.1,0.2,1.7,0.8,0.2
2017-05-30 18:29:00+02:00,0.7,0.2,0.4,1.0,6.6,4.4,3.4,0.6,0.5,2.7,2.5,4.8,0.3,0.9,0.9,1.8,0.3,0.6,4.1,7.8,2.7,0.7,4.1,0.8,8.4,3.0,1.6,0.9,6.8,0.4,1.7,2.5,0.6,2.7,2.4,2.3,3.0,1.2,0.3,1.8,0.9,0.2
2017-05-30 18:30:00+02:00,0.7,0.7,0.4,0.3,6.6,4.1,3.1,0.7,0.3,3.4,2.5,4.5,0.4,1.5,0.9,1.8,0.3,1.1,3.8,7.5,2.4,0.7,3.8,0.7,8.4,3.0,0.8,0.9,6.8,0.4,1.7,2.2,1.2,2.7,2.4,2.2,2.9,1.2,0.3,1.8,0.9,0.2
2017-05-30 18:31:00+02:00,0.7,0.7,0.4,0.3,5.8,2.3,1.4,0.5,0.1,3.3,2.5,2.6,0.2,0.4,0.9,1.7,0.3,0.7,1.9,5.6,0.7,0.6,1.9,0.7,7.6,3.1,0.7,0.8,6.1,1.4,1.7,0.7,1.0,2.5,2.3,2.2,2.6,1.0,0.2,1.6,0.8,0.1
2017-05-30 18:32:00+02:00,0.7,1.6,0.3,0.9,4.6,1.8,1.0,0.6,0.2,3.2,1.7,2.2,0.3,0.6,0.7,1.6,0.3,0.4,1.5,4.3,0.7,0.6,1.6,0.7,6.3,2.3,0.5,0.8,4.8,0.7,1.5,0.8,0.8,2.5,2.3,2.2,2.7,1.1,0.3,1.6,0.7,0.1
2017-05-30 18:33:00+02:00,0.6,1.5,0.3,0.8,2.6,2.2,1.2,0.5,0.2,2.2,0.2,2.6,0.3,0.6,0.4,1.5,0.3,0.4,1.7,3.3,0.8,0.5,2.0,0.6,3.5,0.7,0.4,0.7,2.2,0.8,0.4,0.8,0.5,2.5,2.4,2.2,2.6,1.1,0.3,1.5,0.7,0.1
2017-05-30 18:34:00+02:00,0.5,1.2,0.3,0.6,3.3,2.6,1.6,0.4,0.2,2.9,0.2,2.8,0.2,0.8,1.3,1.4,0.3,0.6,2.1,3.5,1.0,1.4,2.3,0.5,3.2,0.7,0.3,0.6,1.9,0.5,0.5,1.0,0.4,2.8,2.4,2.1,2.4,1.0,0.2,1.5,0.7,0.1
2017-05-30 18:35:00+02:00,0.5,1.0,0.3,0.3,3.2,2.3,1.4,0.5,0.2,2.8,0.2,2.4,0.2,0.4,1.3,1.3,0.3,0.2,1.9,3.0,0.8,1.4,2.0,0.5,2.8,0.7,0.4,0.6,1.6,0.7,0.5,0.7,0.4,3.5,3.1,2.8,2.2,0.9,0.3,1.3,0.6,0.1
2017-05-30 18:36:00+02:00,0.3,1.1,0.3,0.4,2.4,1.6,0.8,0.3,0.2,2.4,0.1,1.6,0.1,0.0,1.3,1.0,0.2,0.3,1.2,2.2,0.3,1.4,1.3,0.3,2.3,0.5,0.3,0.4,1.1,0.9,0.6,0.3,0.4,3.1,2.8,2.5,1.9,0.7,0.1,1.2,0.5,0.1
2017-05-30 18:37:00+02:00,0.2,0.4,0.3,0.4,2.3,1.7,1.0,0.3,0.2,1.8,0.1,1.8,0.1,0.2,1.4,0.9,0.2,0.4,1.4,2.1,0.7,1.5,1.5,0.3,2.1,0.3,0.7,0.4,1.4,0.9,0.7,0.7,0.5,3.0,2.6,2.3,1.8,0.7,0.2,1.1,0.5,0.0
2017-05-30 18:38:00+02:00,0.2,0.3,0.2,0.5,1.0,1.7,1.1,0.3,0.3,1.4,0.2,1.7,0.1,0.2,1.4,0.8,0.2,0.3,1.4,1.0,0.7,1.5,1.5,0.3,1.5,1.3,0.7,0.4,1.0,0.8,0.8,0.8,0.5,2.7,2.3,2.1,1.6,0.6,0.1,1.0,0.4,0.0
2017-05-30 18:39:00+02:00,0.2,0.6,0.2,1.0,2.5,0.9,1.0,0.1,0.3,1.8,0.3,0.9,0.2,0.4,1.5,0.7,0.2,0.6,0.8,2.6,1.4,1.5,0.9,0.3,3.0,2.1,1.0,0.4,3.2,1.0,0.9,1.5,0.9,2.2,1.9,1.7,1.3,0.4,0.2,0.9,0.4,0.0
2017-05-30 18:40:00+02:00,0.2,0.4,0.2,0.6,3.3,0.8,0.7,0.2,0.2,1.4,0.5,0.8,0.1,0.5,1.6,0.4,0.1,0.6,0.6,2.8,1.1,1.6,0.7,0.4,3.2,2.5,0.6,0.4,3.3,1.0,1.0,1.1,0.7,1.4,1.1,0.9,0.6,0.4,0.8,0.9,0.4,0.0
2017-05-30 18:41:00+02:00,0.2,0.2,0.1,0.3,1.7,1.3,0.8,0.3,0.2,1.1,0.6,1.2,0.2,0.4,1.6,0.3,0.1,0.5,1.0,1.7,0.6,1.7,1.1,0.4,1.9,2.4,0.4,0.5,1.7,0.7,1.1,0.6,0.5,2.0,1.7,1.5,1.2,0.5,0.1,0.7,0.2,0.1
2017-05-30 18:42:00+02:00,0.2,0.3,0.1,0.2,1.2,1.3,0.9,0.4,0.2,0.6,0.7,1.3,0.2,0.4,1.6,0.5,0.1,0.4,1.1,0.8,0.7,1.7,1.2,0.3,1.6,1.2,0.3,0.3,1.2,0.4,1.1,0.7,0.6,2.0,1.7,1.6,1.4,0.8,0.4,0.6,0.1,0.1
2017-05-30 18:43:00+02:00,0.2,0.4,0.1,0.1,1.8,1.1,0.7,0.2,0.2,1.2,0.8,1.0,0.1,0.4,1.7,0.4,0.1,0.3,0.9,1.2,0.5,1.7,0.9,0.3,2.1,1.8,0.2,0.2,2.0,0.3,1.2,0.6,0.7,1.7,1.5,1.4,1.2,0.7,0.3,0.5,0.1,0.1
2017-05-30 18:44:00+02:00,0.1,0.6,0.1,0.2,2.9,0.5,0.5,0.6,0.2,1.1,0.9,0.6,0.6,0.4,1.7,0.4,0.1,0.4,0.3,2.2,0.7,1.7,0.4,0.2,3.1,2.1,0.3,0.2,3.1,0.7,1.3,0.7,0.8,0.6,0.4,0.3,1.2,0.6,0.3,0.5,0.1,0.1
2017-05-30 18:45:00+02:00,0.1,0.5,0.1,0.2,1.2,0.7,0.5,0.3,0.3,0.8,0.5,0.7,0.1,0.3,0.3,0.4,0.1,0.3,0.5,0.6,0.5,0.3,0.6,0.1,1.5,0.6,0.2,0.1,1.2,0.2,0.2,0.5,0.7,0.3,0.5,0.5,0.6,0.2,0.4,0.5,0.1,0.1
2017-05-30 18:46:00+02:00,0.1,0.5,0.1,0.2,2.8,1.1,1.3,0.3,0.2,0.8,0.2,1.2,0.2,1.1,0.1,0.3,0.1,1.0,1.1,2.2,1.4,0.1,1.1,0.1,3.1,1.0,0.3,0.1,2.8,1.2,0.5,1.3,0.7,0.6,0.7,0.8,0.4,0.3,0.5,0.4,0.0,0.1
2017-05-30 18:47:00+02:00,0.1,1.1,0.1,0.8,4.0,2.5,2.1,0.4,0.5,0.8,0.8,2.7,0.2,1.1,0.1,0.3,0.0,1.1,1.9,3.3,2.2,0.1,2.5,0.1,4.3,0.6,0.9,0.1,4.0,1.3,0.4,2.0,1.3,0.5,0.4,0.3,0.4,0.4,0.6,0.4,0.0,0.1
2017-05-30 18:48:00+02:00,0.1,2.8,0.1,2.6,7.3,4.8,3.9,0.4,1.3,0.6,1.8,5.0,0.2,1.1,0.9,0.2,0.0,1.1,3.8,6.6,4.0,0.9,4.7,0.1,7.4,1.7,2.7,0.1,7.3,1.4,0.6,3.8,3.0,0.4,0.3,0.3,0.3,0.4,0.6,0.3,0.0,0.1
2017-05-30 18:49:00+02:00,0.1,2.7,0.1,2.4,6.8,4.1,4.0,0.5,0.9,0.4,1.8,4.5,0.3,1.4,1.3,0.2,0.0,1.3,4.0,6.2,4.1,1.3,4.1,0.1,6.9,1.7,2.6,0.2,6.8,1.5,1.0,3.9,2.8,0.3,0.3,0.3,0.3,0.4,0.6,0.2,0.1,0.2
2017-05-30 18:50:00+02:00,0.2,2.1,0.1,1.9,5.5,3.5,3.3,0.5,0.3,0.3,0.9,3.9,0.3,0.7,1.4,0.1,0.0,0.7,3.3,4.8,3.4,1.3,3.4,0.1,6.0,0.9,2.5,0.2,5.8,0.8,1.1,3.2,2.2,0.2,0.3,0.3,0.3,0.4,0.6,0.1,0.1,0.2
2017-05-30 18:51:00+02:00,0.2,0.6,0.1,0.5,4.6,2.4,1.9,0.5,0.3,0.1,1.1,2.8,0.3,1.0,1.4,0.1,0.0,1.0,1.9,3.9,2.0,1.3,2.2,0.2,4.9,1.1,0.8,0.3,4.7,1.1,1.1,1.8,0.7,0.2,0.4,0.3,0.3,0.4,0.6,0.1,0.1,0.1
2017-05-30 18:52:00+02:00,0.2,0.5,0.1,0.4,5.0,2.9,1.6,0.5,0.3,0.1,1.2,3.2,0.4,1.1,1.4,0.2,0.0,1.1,1.7,4.3,1.7,1.4,2.7,0.3,5.1,1.2,0.2,0.4,5.2,1.2,1.2,1.3,0.6,0.3,0.5,0.4,0.4,0.4,0.6,0.1,0.1,0.1
2017-05-30 18:53:00+02:00,0.2,0.6,0.1,0.5,4.3,1.7,0.9,0.5,0.3,0.2,1.6,2.0,0.3,0.5,1.8,0.3,0.0,0.5,0.8,3.6,0.9,1.4,1.5,0.3,4.6,1.6,0.3,0.5,4.7,0.5,1.6,0.7,0.6,0.4,0.5,0.5,0.4,0.4,0.6,0.0,0.2,0.1
2017-05-30 18:54:00+02:00,0.2,0.6,0.1,0.5,4.0,1.5,1.0,0.5,0.3,0.6,1.4,1.8,0.4,0.5,1.6,0.7,0.0,0.5,1.0,3.3,1.0,1.4,1.3,0.4,4.3,1.5,0.3,0.9,4.4,0.6,1.4,0.8,0.7,0.6,0.7,0.6,0.5,0.5,0.7,0.0,0.2,0.2
2017-05-30 18:55:00+02:00,0.2,0.7,0.0,0.6,4.8,2.2,1.7,0.4,0.3,0.6,1.4,2.6,0.3,0.9,1.5,0.6,0.0,0.9,1.7,4.1,1.8,1.4,2.1,0.4,5.2,1.5,0.5,0.8,5.2,1.0,1.3,1.4,0.7,0.7,0.8,0.8,0.7,0.6,0.8,0.0,0.2,0.2
2017-05-30 18:56:00+02:00,0.2,0.6,0.0,0.6,5.9,3.2,2.2,0.3,0.2,1.1,1.4,3.7,0.3,1.3,1.5,1.1,0.0,1.3,2.1,5.2,2.2,1.4,3.0,0.5,6.3,1.5,0.6,1.2,6.2,1.4,1.4,1.9,0.7,1.4,1.5,1.4,0.2,0.2,0.4,0.0,0.2,0.2
2017-05-30 18:57:00+02:00,0.2,0.7,0.0,0.7,5.5,3.1,2.6,0.4,0.2,1.4,1.5,3.5,0.3,1.5,1.6,1.3,0.0,1.5,2.5,5.2,2.6,1.5,2.9,0.7,6.1,1.7,0.7,1.4,5.8,1.5,1.4,2.2,0.7,1.0,1.0,1.0,0.2,0.2,0.3,0.0,0.2,0.2
2017-05-30 18:58:00+02:00,0.2,0.7,0.0,0.8,5.7,3.3,3.0,0.4,0.2,1.1,1.6,3.8,0.3,1.9,1.6,0.9,0.1,1.8,3.0,5.5,3.0,1.5,3.1,0.7,6.5,1.7,0.8,1.1,6.1,1.7,1.5,2.7,0.7,1.0,1.0,1.0,0.5,0.4,0.4,0.1,0.2,0.2
2017-05-30 18:59:00+02:00,0.3,0.8,0.0,0.8,5.2,2.7,2.4,0.4,0.2,1.6,1.6,3.2,0.3,0.9,1.6,1.4,0.0,0.7,2.4,4.9,2.3,1.5,2.6,0.8,6.0,1.8,0.9,1.6,5.6,0.6,1.5,1.8,0.7,0.9,0.9,0.9,0.6,0.5,0.6,0.1,0.2,0.2
2017-05-30 19:00:00+02:00,0.3,1.2,0.0,1.2,7.2,4.5,3.4,0.4,0.7,1.6,1.6,5.0,0.3,1.7,1.6,1.3,0.0,1.4,3.4,6.8,3.2,1.5,4.4,0.8,8.1,1.8,1.3,1.5,7.5,1.3,1.5,3.0,1.1,0.8,0.8,0.8,0.7,0.6,0.6,0.1,0.2,0.2
2017-05-30 19:01:00+02:00,0.3,1.9,0.0,2.0,9.3,6.1,5.1,0.4,1.4,1.7,1.8,6.7,0.4,2.7,1.7,1.4,0.0,2.4,5.1,8.8,4.9,1.6,6.0,0.9,10.2,2.1,2.1,1.5,9.7,2.4,1.6,4.9,1.9,1.1,1.1,1.0,0.8,0.6,0.6,0.2,0.2,0.2
2017-05-30 19:02:00+02:00,0.4,1.3,0.1,1.4,7.5,4.3,3.6,0.5,0.2,1.7,2.1,4.9,0.4,1.7,1.8,1.3,0.1,1.4,3.6,7.2,3.3,1.6,4.1,1.0,8.2,2.3,1.6,1.4,7.9,1.4,1.8,3.3,0.7,1.2,1.2,1.0,0.9,0.7,0.6,0.2,0.3,0.2
2017-05-30 19:03:00+02:00,0.4,2.4,0.1,2.6,10.3,5.9,4.8,0.6,0.2,1.8,3.1,6.6,0.5,1.8,2.6,1.4,0.1,1.5,4.9,10.0,4.6,2.4,5.8,0.8,11.1,3.5,2.7,1.5,10.6,1.4,2.6,4.5,2.2,2.6,2.5,1.9,1.5,0.8,0.6,0.8,0.8,0.7
2017-05-30 19:04:00+02:00,0.4,2.1,0.1,2.4,12.5,7.4,6.3,0.7,0.3,2.0,3.5,8.4,0.5,2.6,3.1,1.6,0.2,2.3,6.4,12.2,6.1,2.9,7.2,0.9,13.4,3.8,2.5,1.6,12.8,2.2,3.1,5.1,2.0,2.5,2.3,1.6,1.3,0.8,0.7,0.5,0.5,0.3
2017-05-30 19:05:00+02:00,0.4,1.7,0.1,1.9,12.6,7.4,6.2,0.9,0.3,2.1,3.2,8.9,0.5,3.0,2.8,1.7,0.2,2.7,6.3,12.3,6.0,2.7,7.2,0.9,13.4,3.4,2.1,1.7,12.9,2.6,2.9,5.1,1.6,3.2,3.0,2.3,2.0,0.8,0.7,1.3,1.2,0.3
2017-05-30 19:06:00+02:00,0.4,0.6,0.1,0.9,12.0,6.6,5.4,1.2,0.3,1.8,3.3,8.1,0.6,3.1,2.9,1.4,0.2,2.8,5.5,11.7,5.1,2.7,6.4,0.8,12.9,3.6,1.0,1.4,12.4,2.7,2.9,4.1,0.5,3.0,2.8,2.0,1.6,0.8,0.7,0.9,0.8,0.2
2017-05-30 19:07:00+02:00,0.4,1.8,0.1,2.0,12.7,7.5,6.2,1.5,0.3,2.0,3.0,9.0,0.5,2.5,2.7,1.6,0.2,2.2,6.3,12.4,5.6,2.5,7.1,0.9,13.5,3.4,2.1,1.6,13.1,2.0,2.7,4.6,1.6,2.4,2.2,1.5,1.1,0.8,0.7,0.3,0.3,0.2
2017-05-30 19:08:00+02:00,0.4,2.0,0.1,2.2,12.0,8.5,6.1,1.3,0.3,2.2,2.2,9.1,0.5,2.3,1.9,1.8,0.1,2.0,7.3,11.6,5.5,1.6,8.1,0.9,12.5,2.6,2.3,1.8,12.2,1.8,1.9,4.5,1.8,2.9,2.7,2.0,1.0,0.7,0.6,0.4,0.3,0.2
2017-05-30 19:09:00+02:00,0.4,1.8,0.1,2.0,10.8,7.6,5.7,1.0,0.3,1.9,2.3,8.0,0.7,2.0,1.9,1.5,0.1,1.7,6.4,10.5,5.1,1.7,7.2,0.8,11.3,2.6,2.1,1.5,11.0,1.6,2.0,4.1,1.7,3.4,3.3,2.5,1.0,0.6,0.5,0.4,0.4,0.2
2017-05-30 19:10:00+02:00,0.7,0.8,0.1,1.0,8.1,5.6,4.8,1.0,0.3,1.8,1.6,6.0,0.7,2.0,1.2,1.4,0.2,1.7,4.9,7.8,4.1,1.0,5.2,1.1,8.6,1.9,1.1,1.4,8.3,1.6,1.2,3.2,0.7,2.7,2.5,1.8,1.0,0.7,0.5,0.4,0.3,0.2
2017-05-30 19:11:00+02:00,0.3,1.8,0.1,2.0,8.4,6.1,5.1,0.9,0.2,1.5,1.4,6.5,0.7,2.0,0.9,1.1,0.2,1.7,5.2,8.1,4.5,0.7,5.5,0.7,8.9,1.7,2.1,1.0,8.6,1.5,1.0,4.1,1.7,2.3,2.1,1.4,1.0,0.5,0.4,0.4,0.4,0.2
2017-05-30 19:12:00+02:00,0.3,1.8,0.1,2.0,9.1,6.1,5.3,0.9,0.2,1.4,2.1,6.5,0.7,2.3,1.6,1.0,0.2,2.0,5.5,8.8,4.9,1.4,5.7,0.6,9.5,2.4,2.2,0.9,9.3,1.9,1.7,4.5,1.7,2.5,2.3,1.7,1.1,0.5,0.4,0.6,0.5,0.2
2017-05-30 19:13:00+02:00,0.6,0.9,0.1,1.1,8.9,5.8,4.9,0.7,0.2,1.8,2.3,6.1,0.5,3.1,1.9,1.4,0.1,2.8,5.1,8.7,4.7,1.7,5.4,1.0,9.4,2.6,1.2,1.3,9.1,2.6,1.9,4.3,0.8,2.5,2.3,1.6,1.1,0.5,0.4,0.6,0.5,0.2
2017-05-30 19:14:00+02:00,0.4,1.6,0.1,1.8,9.5,6.2,5.4,0.7,0.2,1.5,2.3,6.6,0.5,2.7,1.8,1.2,0.2,2.4,5.6,9.2,5.1,1.6,5.8,0.8,10.5,2.6,1.9,1.1,10.3,2.3,2.0,4.6,1.5,2.3,2.1,1.5,1.1,0.5,0.4,0.6,0.5,0.2
2017-05-30 19:15:00+02:00,0.6,1.9,0.1,2.1,8.8,5.6,4.7,0.7,0.2,1.7,2.3,6.0,0.5,1.9,1.8,1.3,0.1,1.6,5.0,8.6,4.6,1.6,5.2,1.0,11.1,2.6,2.2,1.3,10.8,1.5,1.9,4.1,1.7,2.4,2.1,1.5,1.0,0.5,0.3,0.6,0.5,0.2
2017-05-30 19:16:00+02:00,0.3,1.4,0.1,1.6,9.5,6.4,5.5,0.7,0.2,1.9,2.2,6.8,0.5,2.6,1.8,0.9,0.1,2.3,5.8,9.3,5.4,1.6,6.0,0.6,11.8,2.5,1.8,0.9,11.5,1.5,1.9,4.4,1.3,2.6,2.3,1.5,1.0,0.5,0.3,0.5,0.5,0.2
2017-05-30 19:17:00+02:00,0.3,2.3,0.1,2.6,10.9,7.1,6.0,0.8,0.2,1.8,3.0,7.5,0.6,2.3,2.6,1.0,0.2,2.1,6.4,10.7,5.9,1.5,6.7,0.7,13.3,3.3,2.7,0.9,12.9,1.5,2.7,5.0,1.5,2.4,2.1,1.4,1.0,0.5,0.3,0.5,0.4,0.1
2017-05-30 19:18:00+02:00,0.2,1.9,0.1,2.1,10.0,6.6,5.4,1.0,0.3,1.7,2.6,6.9,0.7,2.1,2.3,0.9,0.2,1.9,5.7,9.8,5.3,0.7,6.2,0.6,13.3,2.9,2.3,0.8,12.9,1.7,2.3,4.4,1.0,2.2,2.0,1.5,1.1,0.5,0.4,0.5,0.4,0.1
2017-05-30 19:19:00+02:00,0.2,1.7,0.1,2.0,9.8,6.8,5.6,0.9,0.3,1.9,2.1,7.2,0.6,2.4,1.7,1.0,0.2,2.2,5.9,9.6,5.5,0.3,6.4,0.7,13.3,2.4,2.2,0.9,12.9,1.6,1.8,4.6,1.0,2.4,2.1,1.6,1.1,0.5,0.4,0.6,0.4,0.2
2017-05-30 19:20:00+02:00,0.2,1.8,0.1,2.2,10.3,7.2,6.0,1.9,0.4,1.6,2.0,7.8,1.6,2.7,1.7,1.1,0.2,2.4,6.4,10.1,5.9,0.2,6.8,0.8,13.8,2.3,2.4,1.1,13.4,2.3,1.7,5.1,1.0,2.2,2.0,1.5,1.0,0.5,0.4,0.5,0.4,0.2
2017-05-30 19:21:00+02:00,0.2,1.3,0.1,1.7,9.2,6.0,4.7,1.5,0.4,1.4,2.1,6.6,1.2,2.1,1.8,1.1,0.3,1.8,5.2,9.0,4.6,0.2,5.6,0.7,12.8,2.4,1.9,1.0,12.3,1.7,1.8,4.0,1.0,2.2,1.9,1.4,1.0,0.5,0.4,0.5,0.4,0.2
2017-05-30 19:22:00+02:00,0.2,1.3,0.1,1.7,8.2,5.1,4.0,0.9,0.4,1.6,2.1,5.6,0.6,1.5,1.7,1.2,0.3,1.2,4.4,8.0,3.7,0.3,4.9,0.8,11.8,2.4,1.9,1.2,11.3,1.1,1.8,3.4,1.0,2.2,1.9,1.4,1.0,0.5,0.5,0.5,0.4,0.2
2017-05-30 19:23:00+02:00,0.2,1.3,0.1,1.7,9.4,4.9,3.9,0.8,0.4,1.8,3.6,5.4,0.6,1.5,3.3,1.2,0.3,1.2,4.3,9.2,3.7,1.7,4.7,0.8,13.6,3.8,1.9,1.2,13.1,1.1,3.3,3.4,1.0,2.3,2.0,1.5,1.1,0.6,0.5,0.5,0.4,0.2
2017-05-30 19:24:00+02:00,0.2,1.4,0.1,1.8,10.3,4.9,4.1,0.8,0.4,1.9,3.6,5.4,0.6,1.5,3.2,1.1,0.3,1.2,4.3,9.1,3.8,2.2,4.7,0.7,14.4,3.7,2.0,1.1,13.8,1.1,3.3,3.5,1.1,2.6,2.4,1.9,1.3,0.6,0.5,0.7,0.6,0.3
2017-05-30 19:25:00+02:00,0.2,1.6,0.1,1.9,11.7,4.8,4.0,0.7,0.5,1.6,3.1,5.4,0.5,1.4,2.8,1.2,0.2,1.1,4.2,8.7,3.7,2.2,4.6,0.8,14.9,3.3,2.1,1.1,14.4,1.0,2.9,3.5,1.2,3.2,3.0,2.5,1.3,0.7,0.5,0.7,0.6,0.3
2017-05-30 19:26:00+02:00,0.2,1.9,0.1,2.2,12.0,5.1,4.3,0.7,0.8,1.4,3.2,5.7,0.5,1.4,2.8,1.1,0.2,1.1,4.5,9.0,4.0,2.2,4.9,0.7,14.3,3.3,2.4,1.1,13.8,1.0,2.9,3.8,1.5,2.8,2.6,2.1,1.1,0.5,0.4,0.6,0.6,0.3
2017-05-30 19:27:00+02:00,0.2,1.7,0.1,2.0,11.4,6.4,5.5,1.1,0.6,1.0,3.2,7.0,0.9,2.0,2.9,0.7,0.2,1.7,5.8,10.3,5.2,2.2,6.2,0.3,13.4,3.4,2.2,0.7,12.9,1.4,3.0,4.1,1.3,3.0,2.7,2.2,1.4,0.4,0.3,1.0,0.9,0.7
2017-05-30 19:28:00+02:00,0.2,1.7,0.1,1.9,12.5,7.1,6.0,1.4,0.6,1.0,3.4,7.7,1.1,2.4,3.1,0.7,0.2,2.1,6.4,11.7,5.7,2.3,6.8,0.4,14.0,4.0,2.1,0.7,13.5,1.6,3.3,4.5,1.3,2.5,2.3,1.8,1.1,0.5,0.3,0.7,0.6,0.4
2017-05-30 19:29:00+02:00,0.2,1.4,0.1,1.7,13.2,7.1,5.9,1.8,0.4,1.0,3.5,7.7,1.5,2.5,3.0,0.7,0.2,2.1,6.4,12.4,5.7,2.3,6.8,0.4,15.4,4.7,1.9,0.7,14.9,2.0,3.3,4.4,1.0,2.5,2.3,1.8,1.1,0.5,0.3,0.7,0.6,0.3
2017-05-30 19:30:00+02:00,0.2,1.6,0.1,1.8,10.8,5.4,4.3,0.7,0.5,1.1,3.5,6.0,0.4,1.5,3.2,0.8,0.2,1.1,4.7,10.0,4.0,2.2,5.1,0.4,13.0,4.0,2.0,0.7,12.4,1.0,3.2,3.5,1.2,2.5,2.2,1.7,1.1,0.5,0.4,0.6,0.6,0.3
2017-05-30 19:31:00+02:00,0.3,1.5,0.4,1.8,14.7,8.1,7.0,1.7,0.5,1.3,5.0,8.7,1.5,4.1,3.3,0.9,0.2,3.6,7.4,13.8,6.7,2.5,7.8,0.5,17.1,5.1,2.0,0.8,16.4,3.4,4.7,6.1,1.1,2.4,2.2,1.7,1.1,0.5,0.3,0.6,0.6,0.3
2017-05-30 19:32:00+02:00,0.3,1.4,0.9,1.6,15.2,7.6,6.5,1.3,0.3,1.4,6.0,8.2,1.0,3.9,4.1,0.9,0.2,3.4,6.9,14.3,6.3,3.0,7.3,0.6,16.6,6.2,1.8,0.9,16.1,3.0,5.8,5.7,1.0,2.4,2.1,1.7,1.1,0.5,0.4,0.6,0.6,0.3
2017-05-30 19:33:00+02:00,0.3,1.2,0.8,1.4,13.0,6.9,6.0,0.9,0.2,1.5,4.6,7.4,0.6,3.4,3.2,0.9,0.2,3.0,6.4,12.2,5.7,1.7,6.6,0.5,14.3,4.8,1.7,0.9,13.8,2.6,4.4,5.1,0.8,2.7,2.4,1.7,1.1,0.5,0.4,0.6,0.6,0.3
2017-05-30 19:34:00+02:00,0.3,1.2,0.8,1.5,13.5,7.9,7.1,1.8,0.2,1.4,4.2,8.4,1.6,4.6,2.7,0.9,0.2,4.1,7.5,12.7,6.9,1.2,7.7,0.5,14.2,4.3,1.7,0.9,13.7,3.8,3.9,6.2,0.7,2.4,2.2,1.7,1.1,0.5,0.3,0.6,0.5,0.2
2017-05-30 19:35:00+02:00,0.3,1.2,0.8,1.7,11.9,6.3,5.6,1.0,0.2,1.5,4.2,6.7,0.8,2.7,2.8,1.0,0.2,2.3,5.9,11.1,5.2,1.2,6.1,0.5,12.9,4.4,1.9,0.9,12.4,1.9,3.9,4.6,0.7,2.7,2.5,2.0,1.4,0.6,0.3,0.7,0.6,0.3
2017-05-30 19:36:00+02:00,0.3,1.2,0.9,1.7,11.0,5.6,4.9,1.0,0.2,1.5,4.0,6.0,0.7,2.1,2.6,1.0,0.2,1.7,5.2,10.2,4.6,1.9,5.4,0.5,12.9,4.2,1.9,0.9,12.4,1.3,3.8,4.0,0.7,3.2,2.9,2.0,1.4,0.6,0.3,0.8,0.6,0.2
2017-05-30 19:37:00+02:00,0.3,1.1,0.9,1.6,12.0,6.4,5.5,1.7,0.2,1.5,4.2,6.8,1.5,2.8,2.8,1.0,0.2,2.4,5.9,11.1,5.3,1.2,6.1,0.5,13.7,4.3,1.9,0.9,13.3,2.0,3.9,4.6,0.7,2.9,2.7,2.0,1.4,0.6,0.3,0.8,0.6,0.3
2017-05-30 19:38:00+02:00,0.2,1.1,0.9,1.6,10.7,5.3,4.3,0.6,0.2,1.5,4.2,5.7,0.3,1.6,2.8,0.9,0.2,1.3,4.6,9.9,4.1,1.2,4.9,0.5,13.0,4.3,1.9,0.9,11.9,0.9,3.9,3.5,0.7,3.1,2.9,1.9,1.4,0.6,0.3,0.7,0.6,0.3
2017-05-30 19:39:00+02:00,0.2,1.1,0.9,1.6,11.4,6.2,5.2,0.6,0.2,1.5,4.0,6.6,0.3,2.6,2.8,0.9,0.2,1.6,5.5,10.6,5.0,1.2,5.8,0.5,14.3,4.1,1.8,0.9,12.1,0.8,3.8,4.4,0.7,2.9,2.7,2.4,1.8,1.1,0.8,0.7,0.6,0.3
2017-05-30 19:40:00+02:00,0.2,1.2,0.9,1.7,11.8,6.3,5.4,0.5,0.3,2.3,4.3,6.7,0.3,2.6,2.6,1.7,0.1,1.2,5.7,11.0,5.2,1.2,5.9,1.2,15.0,4.3,1.9,1.7,12.8,0.8,4.1,4.5,0.8,4.0,3.7,3.1,2.6,1.9,1.6,0.7,0.5,0.2
2017-05-30 19:41:00+02:00,0.2,1.3,0.9,2.7,11.3,6.7,6.0,0.5,0.4,2.2,3.4,7.2,0.3,2.1,1.5,1.5,0.1,1.2,6.2,10.5,5.7,1.2,6.5,1.3,15.2,3.4,2.9,1.6,13.1,0.9,3.1,5.0,0.9,4.0,3.7,3.1,2.6,1.6,1.4,1.0,0.8,0.6
2017-05-30 19:42:00+02:00,0.3,1.4,0.9,2.6,10.3,6.2,5.3,0.6,0.4,2.6,3.3,6.6,0.3,1.6,1.5,2.0,0.1,1.2,5.7,9.9,5.1,1.2,5.9,1.7,14.2,3.4,2.8,2.0,12.1,0.8,3.1,4.4,0.9,3.4,3.1,2.7,2.2,1.5,1.2,0.7,0.6,0.4
2017-05-30 19:43:00+02:00,0.3,1.4,0.9,1.7,10.1,6.3,5.3,1.5,0.4,2.6,3.2,6.7,1.3,2.5,1.5,2.0,0.1,2.1,5.8,9.8,5.1,1.2,6.0,1.7,14.0,3.2,1.9,2.1,11.9,1.8,3.0,4.4,0.9,4.0,3.8,3.1,2.6,2.1,1.2,0.5,0.4,0.2
2017-05-30 19:44:00+02:00,0.3,1.4,0.9,1.6,10.7,6.6,5.5,1.3,0.4,3.1,3.4,7.0,1.0,2.8,1.5,2.4,0.1,1.9,6.0,10.4,5.3,1.2,6.3,1.6,14.5,3.4,1.8,2.4,12.4,1.6,3.2,4.6,0.9,4.8,4.6,3.0,2.6,2.0,1.0,0.6,0.5,0.3
2017-05-30 19:45:00+02:00,0.3,1.4,0.9,1.6,11.6,7.4,6.4,1.6,0.4,3.1,3.2,7.9,1.3,3.4,1.5,1.7,0.1,2.2,6.8,11.3,6.2,1.2,7.1,1.1,15.4,3.4,1.9,1.7,13.4,1.8,3.1,5.3,0.9,2.9,2.7,1.5,1.0,0.5,0.2,0.6,0.5,0.4
2017-05-30 19:46:00+02:00,0.2,1.3,0.6,1.6,10.6,7.0,5.9,1.4,0.4,1.7,1.6,7.5,1.1,2.8,1.2,1.0,0.1,2.0,6.3,10.3,5.7,0.9,6.6,0.5,14.4,2.9,1.7,1.1,12.4,1.6,1.5,4.5,0.9,3.1,2.9,1.5,1.0,0.4,0.2,0.6,0.6,0.4
2017-05-30 19:47:00+02:00,0.2,1.3,0.1,1.5,8.7,5.8,4.8,1.5,0.4,2.6,0.9,6.3,1.2,2.8,0.7,1.0,0.1,2.0,5.3,8.4,4.6,0.5,5.5,0.5,12.5,2.2,1.6,1.0,10.5,1.8,0.8,4.4,0.9,3.1,2.8,1.7,1.1,0.4,0.2,0.7,0.6,0.4
2017-05-30 19:48:00+02:00,0.2,1.0,0.1,1.2,8.7,5.9,5.0,1.4,0.4,2.6,0.7,6.4,1.2,2.6,0.5,0.9,0.1,1.8,5.4,8.4,4.8,0.3,5.6,0.4,12.5,2.0,1.3,0.9,10.4,1.7,0.6,3.9,0.6,2.3,2.1,1.7,1.1,0.4,0.2,0.7,0.6,0.4
2017-05-30 19:49:00+02:00,0.2,0.9,0.1,1.2,8.0,5.2,4.4,1.5,0.4,2.5,0.8,5.5,1.2,2.6,0.6,0.8,0.1,1.7,4.8,7.7,4.2,0.3,5.0,0.5,11.8,2.2,1.3,0.8,9.8,1.7,0.6,3.8,0.5,2.3,2.1,1.6,1.1,0.4,0.2,0.8,0.6,0.4
2017-05-30 19:50:00+02:00,0.2,0.9,0.1,1.4,8.6,6.4,5.5,1.3,0.4,2.6,0.9,6.4,1.1,2.4,0.6,0.8,0.2,1.7,6.0,8.3,5.4,0.3,6.1,0.4,12.4,1.9,1.5,0.8,10.4,1.6,0.7,4.0,0.4,2.3,2.1,1.7,1.2,0.4,0.2,0.8,0.6,0.4
2017-05-30 19:51:00+02:00,0.2,1.0,0.1,1.5,8.5,6.3,5.4,1.6,0.4,2.7,0.9,6.4,1.4,2.4,0.6,0.8,0.2,2.1,5.8,8.2,5.2,0.3,6.0,0.4,12.2,1.7,1.6,0.8,10.2,2.0,0.7,4.0,0.4,2.4,2.2,1.8,1.2,0.4,0.2,0.9,0.7,0.5
2017-05-30 19:52:00+02:00,0.2,1.0,0.1,1.4,8.1,5.0,4.1,1.3,0.4,2.7,0.9,5.1,1.0,2.2,0.6,0.8,0.2,1.8,4.6,6.8,3.9,0.3,4.8,0.5,11.2,1.7,1.5,0.8,9.8,1.7,0.7,3.7,0.4,2.5,2.2,1.8,1.3,0.4,0.2,0.9,0.7,0.5
2017-05-30 19:53:00+02:00,0.2,1.0,0.1,1.5,8.8,5.9,5.0,1.7,0.4,2.7,0.8,6.0,1.4,2.9,0.6,0.8,0.2,2.2,5.4,7.3,4.7,0.3,5.6,0.4,11.1,1.3,1.7,0.8,9.9,2.1,0.7,4.6,0.4,2.5,2.2,1.8,1.3,0.4,0.2,0.9,0.7,0.5
2017-05-30 19:54:00+02:00,0.2,1.0,0.1,1.5,8.5,5.8,4.7,1.5,0.4,2.4,0.9,5.9,1.3,2.6,0.6,0.8,0.2,1.9,5.1,7.0,4.4,0.3,5.5,0.5,10.0,1.1,1.7,0.8,8.9,1.8,0.7,4.3,0.4,2.4,2.2,1.8,1.3,0.4,0.2,0.9,0.7,0.4
2017-05-30 19:55:00+02:00,0.3,0.9,0.1,1.4,11.0,7.2,6.2,2.2,0.3,2.2,0.9,7.4,2.1,3.3,0.6,0.9,0.2,2.8,6.6,8.4,5.9,0.3,6.9,0.5,13.5,1.1,1.6,0.9,11.9,2.5,0.7,4.9,0.4,2.5,2.2,1.8,1.3,0.4,0.2,0.9,0.7,0.5
2017-05-30 19:56:00+02:00,0.4,0.8,0.1,1.4,10.2,7.1,6.1,2.0,0.2,2.6,0.8,7.3,1.9,3.0,0.6,1.1,0.3,2.5,6.6,8.3,5.9,0.3,6.9,0.7,13.4,1.0,1.6,1.1,12.2,2.3,0.6,4.5,0.3,3.5,3.2,2.8,2.1,1.4,0.7,0.7,0.5,0.5
2017-05-30 19:57:00+02:00,0.4,0.8,0.1,1.4,7.8,6.1,5.2,2.0,0.3,2.5,0.8,6.3,1.9,3.2,0.6,1.6,0.1,2.6,5.6,7.4,4.9,0.3,5.9,1.3,11.0,1.1,1.6,1.7,9.7,2.4,0.6,4.7,0.3,3.2,2.7,2.3,1.9,1.2,1.0,0.7,0.5,0.5
2017-05-30 19:58:00+02:00,0.3,0.8,0.1,1.4,7.0,5.3,4.4,1.6,0.2,4.1,1.0,5.4,1.4,2.4,0.6,2.1,0.1,2.1,4.8,6.8,4.2,0.3,5.0,1.8,10.2,1.3,1.6,2.2,8.9,1.9,0.8,4.0,0.3,3.8,3.3,2.9,2.4,1.7,1.0,0.7,0.5,0.5
2017-05-30 19:59:00+02:00,0.3,1.5,0.1,2.0,7.8,6.1,5.3,1.6,0.3,2.8,1.0,6.3,1.4,2.7,0.6,2.1,0.1,2.1,5.7,7.6,5.1,0.3,5.8,1.8,11.0,1.3,2.2,2.2,9.7,1.9,0.8,4.9,1.0,4.4,3.9,3.4,2.7,2.0,1.0,0.7,0.5,0.4
2017-05-30 20:00:00+02:00,0.3,2.2,0.2,2.6,9.1,6.7,6.0,1.6,0.3,2.4,0.9,6.9,1.5,2.6,0.6,2.1,0.1,1.9,6.3,8.9,5.7,0.4,6.5,1.8,13.0,2.0,2.8,2.2,11.0,1.9,0.7,5.4,1.7,4.3,3.9,3.4,2.7,2.0,1.0,0.7,0.5,0.4
2017-05-30 20:01:00+02:00,0.3,2.2,0.2,2.7,9.7,7.0,6.2,1.6,0.3,2.4,0.8,7.2,1.5,2.7,0.6,2.2,0.1,2.0,6.6,9.5,6.0,0.4,6.8,1.8,13.7,2.3,2.9,2.2,11.6,1.9,0.7,5.6,1.7,4.2,4.0,3.6,2.9,2.0,1.0,0.9,0.7,0.4
2017-05-30 20:02:00+02:00,0.3,2.0,0.2,2.5,9.3,6.8,6.0,1.6,0.3,2.0,0.8,7.0,1.4,2.7,0.6,1.8,0.1,2.0,6.3,9.2,5.8,0.4,6.5,1.4,12.2,2.2,2.7,1.8,10.7,1.9,0.7,5.4,1.6,3.8,3.5,3.1,2.4,1.6,1.0,0.8,0.6,0.3
2017-05-30 20:03:00+02:00,0.3,3.3,0.2,3.9,10.7,8.3,7.4,1.6,0.3,1.3,0.8,8.4,1.5,2.7,0.6,1.1,0.1,2.0,7.8,10.6,7.2,0.5,8.0,0.8,13.1,2.3,4.1,1.2,11.7,1.9,0.7,6.8,3.0,3.2,3.0,2.7,2.0,1.2,1.0,0.9,0.7,0.4
2017-05-30 20:04:00+02:00,0.3,3.9,0.3,4.4,10.9,8.4,7.6,1.3,0.3,2.2,1.0,8.5,1.1,2.4,0.7,2.0,0.1,1.7,7.9,10.8,7.3,0.6,8.2,1.7,14.2,2.4,4.6,2.0,12.9,1.6,0.8,6.9,3.6,3.1,3.0,2.6,1.9,1.2,1.0,0.8,0.6,0.4
2017-05-30 20:05:00+02:00,0.3,3.9,0.3,4.1,10.3,7.7,6.9,0.7,0.3,1.4,1.0,7.8,0.5,1.8,0.7,1.1,0.1,1.1,7.3,10.1,6.6,0.6,7.5,0.8,13.5,2.4,4.4,1.1,12.2,1.0,0.8,6.1,3.6,3.1,2.9,2.7,2.0,1.1,0.9,0.8,0.7,0.4
2017-05-30 20:06:00+02:00,0.3,4.0,0.3,4.3,10.6,8.0,7.2,0.8,0.4,1.3,1.0,8.1,0.7,2.0,0.8,1.0,0.2,1.3,7.5,10.4,7.0,0.5,7.8,0.7,13.8,2.4,4.5,1.1,12.5,1.2,0.8,6.4,3.7,3.1,2.9,2.8,2.1,1.1,0.9,1.0,0.8,0.4
2017-05-30 20:07:00+02:00,0.3,4.0,0.3,4.3,10.8,8.2,7.4,0.8,0.4,1.3,0.9,8.4,0.7,2.1,0.7,1.0,0.2,1.4,7.7,10.7,7.3,0.5,7.9,0.8,13.2,2.3,4.5,1.1,12.6,1.2,0.8,6.5,3.6,3.0,2.8,2.7,2.0,1.1,0.9,0.9,0.7,0.4
2017-05-30 20:08:00+02:00,0.3,4.0,0.3,4.3,11.7,9.3,8.5,1.2,0.4,1.3,0.9,9.5,0.7,2.4,0.7,1.1,0.2,1.8,8.8,11.5,8.3,0.5,8.9,0.8,13.3,2.0,4.5,1.1,12.9,1.5,0.8,6.9,3.7,3.0,2.8,2.7,2.0,1.1,0.9,0.9,0.7,0.4
2017-05-30 20:09:00+02:00,0.3,4.0,0.3,4.3,10.9,9.3,8.5,1.2,0.4,1.3,0.9,9.6,0.7,2.3,0.7,1.1,0.2,1.8,8.8,10.8,8.3,0.5,8.9,0.8,12.5,1.2,4.4,1.1,12.2,1.5,0.8,6.7,3.6,3.0,2.8,2.7,2.0,1.1,0.9,0.9,0.7,0.4
2017-05-30 20:10:00+02:00,0.7,3.9,0.3,4.3,11.6,9.8,9.0,1.8,0.3,2.0,0.9,10.1,0.7,2.8,0.7,1.7,0.2,2.3,9.3,11.1,8.8,0.5,9.4,1.3,13.2,1.1,4.4,1.7,12.8,2.1,0.8,7.2,3.6,3.0,2.8,2.7,2.0,1.1,0.9,0.9,0.7,0.4
2017-05-30 20:11:00+02:00,1.2,3.9,0.3,4.3,11.4,9.0,8.1,1.0,0.4,2.7,0.9,9.3,0.7,2.0,0.7,2.4,0.2,1.5,8.4,10.4,7.9,0.5,8.7,1.9,13.3,1.1,4.4,2.4,12.9,1.3,0.8,6.4,3.6,4.0,3.8,3.7,3.0,2.1,1.9,1.0,0.8,0.5
2017-05-30 20:12:00+02:00,1.2,3.9,0.2,4.3,10.4,8.9,7.8,0.9,0.4,2.2,0.8,9.1,0.7,1.9,0.6,1.9,0.2,1.5,8.3,10.2,7.7,0.4,8.5,1.4,12.1,1.0,4.4,1.9,11.8,1.3,0.7,6.4,3.6,4.8,4.6,4.5,3.5,2.5,2.2,1.0,0.8,0.6
2017-05-30 20:13:00+02:00,1.2,3.9,0.2,4.4,11.2,9.7,8.7,1.3,0.4,2.1,0.8,9.9,1.1,2.4,0.6,1.8,0.2,1.9,9.1,10.9,8.6,0.4,9.3,1.3,13.0,1.0,4.6,1.8,12.6,1.7,0.7,6.9,3.6,6.6,6.4,6.3,5.1,4.3,2.2,0.8,0.6,0.4
2017-05-30 20:14:00+02:00,0.6,4.0,0.2,4.4,11.6,9.5,8.5,1.2,0.4,1.6,0.8,9.6,1.0,2.2,0.6,1.3,0.2,1.7,8.9,10.6,8.4,0.4,9.1,0.8,13.0,1.0,4.6,1.3,12.6,1.5,0.7,6.7,3.6,6.4,6.2,6.1,5.0,4.2,2.2,0.8,0.6,0.4
2017-05-30 20:15:00+02:00,0.1,4.0,0.2,4.6,11.8,9.4,8.5,1.2,0.4,3.1,0.9,9.5,1.0,2.0,0.7,2.7,0.2,1.7,8.9,10.6,8.4,0.5,9.0,2.2,13.0,1.1,4.8,2.7,12.6,1.5,0.7,6.8,3.6,6.4,6.2,6.1,5.0,4.2,2.1,0.8,0.6,0.4
2017-05-30 20:16:00+02:00,0.1,1.7,0.2,2.3,9.4,6.6,5.8,1.2,0.4,3.2,1.3,6.7,1.0,2.0,0.6,2.8,0.2,1.7,6.1,8.3,5.6,0.5,6.3,2.4,10.6,1.5,2.5,2.8,10.3,1.5,1.2,4.5,1.3,6.0,5.8,5.7,4.6,3.8,1.7,0.8,0.6,0.4
2017-05-30 20:17:00+02:00,0.1,0.8,0.1,1.4,9.2,6.3,5.4,1.2,0.4,3.1,1.5,6.4,1.0,2.2,0.7,2.8,0.2,1.7,5.7,8.1,5.3,0.4,5.9,2.3,10.4,1.7,1.6,2.8,10.0,1.5,1.4,3.8,0.5,4.3,4.1,4.0,2.8,2.1,0.1,0.8,0.6,0.4
2017-05-30 20:18:00+02:00,0.1,0.9,0.1,1.5,9.5,6.4,5.5,1.1,0.4,3.2,1.6,6.5,0.9,2.6,0.8,2.9,0.2,1.7,5.8,8.3,5.4,0.4,6.0,2.3,10.6,1.8,1.7,2.9,10.3,1.5,1.4,4.3,0.6,4.4,4.2,4.0,2.9,2.1,0.1,0.8,0.6,0.4
2017-05-30 20:19:00+02:00,0.1,0.9,0.1,1.4,10.9,6.6,5.7,1.1,0.4,3.2,1.9,6.7,1.0,2.4,0.9,2.8,0.2,1.5,6.0,8.7,5.5,0.5,6.3,2.3,12.1,2.0,1.6,2.8,11.7,1.4,1.7,4.0,0.7,4.4,4.2,4.0,2.9,2.0,0.1,0.8,0.7,0.4
2017-05-30 20:20:00+02:00,0.1,1.0,0.1,1.2,10.0,5.7,5.0,1.1,0.4,3.2,1.8,5.7,1.0,2.4,0.9,2.8,0.2,1.5,5.1,7.8,4.8,0.5,5.3,2.3,11.4,2.0,1.4,2.8,11.0,1.4,1.7,3.7,0.7,3.4,3.2,3.1,2.4,1.6,0.1,0.8,0.7,0.4
2017-05-30 20:21:00+02:00,0.8,1.0,0.1,1.2,10.2,6.1,5.4,1.1,0.4,4.3,1.8,6.2,0.9,2.3,0.8,3.4,0.2,1.5,5.5,8.1,5.2,0.4,5.7,3.0,11.9,2.0,1.4,3.4,11.6,1.3,1.6,3.7,0.7,2.9,2.7,2.6,2.3,1.5,0.1,0.9,0.7,0.4
2017-05-30 20:22:00+02:00,1.2,1.0,0.1,1.2,8.9,5.8,5.2,1.1,0.4,4.2,1.7,5.9,1.0,2.4,0.7,3.8,0.2,1.5,5.3,7.7,5.0,0.3,5.5,3.4,10.4,1.8,1.5,3.8,10.1,1.4,1.5,3.9,0.7,2.9,2.7,2.6,2.4,1.5,0.1,0.8,0.7,0.4
2017-05-30 20:23:00+02:00,0.9,1.0,0.1,1.2,9.2,6.1,5.5,1.1,0.4,3.9,1.7,6.2,0.9,2.3,0.8,3.5,0.2,1.5,5.6,8.1,5.3,0.4,5.8,3.2,9.9,1.9,1.4,3.4,9.6,1.3,1.6,3.8,0.7,3.0,2.8,2.6,2.4,1.6,0.1,0.9,0.7,0.4
2017-05-30 20:24:00+02:00,0.1,1.0,0.1,1.2,9.1,5.9,5.3,1.1,0.4,3.1,1.7,6.0,1.0,2.5,0.8,2.6,0.2,1.6,5.4,7.9,5.1,0.4,5.6,2.3,9.7,1.9,1.5,2.6,9.5,1.4,1.6,4.0,0.7,3.5,3.4,3.2,3.0,2.1,0.6,0.9,0.7,0.5
2017-05-30 20:25:00+02:00,0.3,1.1,0.3,1.3,9.8,6.5,5.9,1.5,0.5,3.3,1.8,6.6,0.9,2.9,0.8,2.8,0.2,2.0,6.0,8.6,5.7,0.4,6.2,2.5,10.4,2.0,1.6,2.8,10.1,1.8,1.6,4.4,0.9,3.0,2.8,2.7,2.4,1.5,0.1,0.9,0.7,0.5
2017-05-30 20:26:00+02:00,0.5,1.3,0.3,1.5,9.8,6.5,5.8,1.8,0.7,3.4,1.8,6.6,0.9,3.2,0.9,3.0,0.1,2.3,6.0,8.7,5.7,0.4,6.2,2.6,10.5,2.1,1.8,2.9,10.2,2.1,1.7,5.0,1.1,3.2,3.0,2.8,2.6,1.6,0.2,1.0,0.8,0.5
2017-05-30 20:27:00+02:00,0.5,1.3,0.3,1.5,11.2,7.8,7.1,2.3,0.7,2.8,1.8,7.8,1.3,3.7,0.9,2.3,0.1,2.8,7.3,9.9,6.9,0.5,7.5,2.0,11.9,2.1,1.7,2.3,11.6,2.6,1.7,5.4,1.1,3.5,3.3,3.1,2.6,1.6,0.2,1.0,0.8,0.5
2017-05-30 20:28:00+02:00,0.5,1.2,0.3,1.4,11.1,7.5,6.8,1.9,0.6,2.9,1.9,7.6,0.8,3.3,0.9,2.4,0.1,2.4,7.0,9.8,6.6,0.4,7.2,2.0,11.7,2.2,1.7,2.4,11.5,2.2,1.7,5.0,0.9,3.9,3.7,3.5,2.7,1.7,0.3,1.0,0.8,0.5
2017-05-30 20:29:00+02:00,0.5,1.3,0.3,1.5,10.2,6.7,5.9,1.9,0.6,3.1,1.8,6.8,0.9,2.9,1.0,2.6,0.1,2.4,6.2,8.9,5.8,0.5,6.4,2.0,10.9,2.1,1.7,2.5,10.6,2.2,1.6,4.6,1.0,3.6,3.5,3.3,2.5,1.7,0.2,0.8,0.7,0.3
2017-05-30 20:30:00+02:00,0.5,1.3,0.3,1.5,10.8,7.4,6.6,2.9,0.6,3.6,1.8,7.5,1.9,3.6,0.9,3.1,0.1,3.4,6.9,9.6,6.4,0.5,7.1,2.5,11.7,2.1,1.7,3.1,11.2,3.2,1.6,5.3,1.0,2.4,2.2,2.0,1.2,0.6,0.2,0.6,0.4,0.2
2017-05-30 20:31:00+02:00,0.5,1.3,0.3,1.5,9.3,6.0,5.3,2.3,0.6,3.1,1.6,6.2,1.2,2.8,0.9,2.7,0.1,2.6,5.5,8.0,5.1,0.4,5.7,2.0,10.1,1.9,1.7,2.6,9.7,2.6,1.5,4.5,1.0,2.2,2.1,1.9,1.1,0.5,0.2,0.6,0.4,0.2
2017-05-30 20:32:00+02:00,0.5,1.3,0.2,1.5,8.3,5.5,4.8,1.8,0.6,3.0,1.6,5.6,0.8,2.3,0.8,2.6,0.1,2.1,5.0,7.4,4.6,0.4,5.2,1.9,9.1,1.8,1.7,2.5,8.7,2.1,1.4,4.0,1.0,2.3,2.1,1.9,1.1,0.5,0.2,0.6,0.4,0.2
2017-05-30 20:33:00+02:00,0.5,1.3,0.2,1.5,8.7,5.5,4.7,1.7,0.6,3.0,1.6,5.6,0.8,2.2,0.8,2.6,0.1,2.0,5.0,7.5,4.5,0.4,5.2,1.9,9.6,1.8,1.7,2.5,9.2,2.0,1.5,3.9,1.1,3.9,3.8,3.4,2.7,1.7,0.2,1.0,0.7,0.5
2017-05-30 20:34:00+02:00,0.5,1.4,0.2,1.6,10.8,5.8,4.9,1.8,0.6,2.9,3.2,6.0,0.9,2.3,0.9,2.5,0.1,2.1,5.2,9.5,4.7,0.4,5.5,2.0,11.7,3.4,1.8,2.4,11.2,2.1,3.0,4.1,1.1,3.9,3.8,3.5,2.8,1.8,0.2,1.0,0.8,0.5
2017-05-30 20:35:00+02:00,0.5,1.4,0.2,1.7,11.3,5.7,4.9,1.7,0.7,2.9,4.1,6.3,0.7,2.2,0.8,2.5,0.1,1.9,5.2,10.7,4.7,0.4,5.4,2.0,12.3,4.4,1.9,2.4,11.7,1.9,3.9,4.1,1.2,2.8,2.6,2.3,1.6,0.7,0.2,0.9,0.7,0.5
2017-05-30 20:36:00+02:00,0.3,1.4,0.2,1.7,10.5,6.1,5.4,2.2,0.6,2.1,3.2,6.8,1.3,2.7,0.7,1.7,0.8,2.4,5.7,10.2,5.2,0.4,5.9,0.9,11.4,3.5,1.9,1.6,10.9,2.4,3.0,4.6,1.2,2.8,2.6,2.2,1.5,0.7,0.2,0.8,0.7,0.5
2017-05-30 20:37:00+02:00,0.3,1.4,0.2,1.7,11.5,6.1,5.4,2.2,0.7,2.1,3.3,7.0,1.4,2.7,0.7,1.7,0.9,2.4,5.7,10.5,5.1,0.4,5.8,0.7,12.0,3.5,1.8,1.6,11.7,2.4,3.0,4.5,1.2,2.8,2.6,2.3,1.6,0.8,0.3,0.8,0.7,0.5
2017-05-30 20:38:00+02:00,0.4,1.4,0.2,1.7,10.7,5.2,4.5,1.2,0.7,2.5,3.3,6.2,0.9,1.7,0.7,2.1,0.4,1.5,4.8,9.7,4.2,0.4,5.0,1.6,11.0,3.5,1.9,2.0,10.8,1.5,3.0,3.6,1.2,2.8,2.7,2.4,1.7,0.8,0.3,0.9,0.6,0.5
2017-05-30 20:39:00+02:00,0.4,1.4,0.2,1.7,11.4,5.0,4.3,1.0,0.7,2.8,4.3,5.7,0.7,1.6,0.6,2.3,0.2,1.4,4.6,10.2,4.1,0.4,4.8,1.9,11.6,4.6,1.9,2.2,11.4,1.3,3.1,3.5,1.2,2.6,2.5,2.0,1.3,0.9,0.4,0.5,0.3,0.1
2017-05-30 20:40:00+02:00,0.3,1.2,0.2,1.5,11.7,5.5,4.7,1.8,0.5,2.1,4.1,6.1,1.3,2.3,0.7,1.7,0.3,2.1,5.0,10.4,4.5,0.4,5.3,1.3,12.0,4.3,1.7,1.6,11.7,2.1,3.1,3.9,1.0,3.5,3.4,2.9,2.2,1.7,1.3,0.4,0.2,0.1
2017-05-30 20:41:00+02:00,0.3,1.0,0.2,1.3,10.6,6.3,5.4,2.7,0.3,1.4,2.2,6.9,1.9,3.2,0.7,1.0,0.3,3.0,5.7,9.3,5.2,0.4,6.0,0.6,10.8,2.4,1.4,0.9,10.6,3.0,1.9,4.6,0.7,3.1,3.0,2.5,1.8,1.2,0.7,0.6,0.3,0.2
2017-05-30 20:42:00+02:00,0.3,1.0,0.3,1.3,9.2,5.3,4.4,1.7,0.3,1.6,2.8,5.9,0.9,2.2,0.7,1.1,0.2,2.1,4.8,9.0,4.2,0.5,5.0,0.8,9.5,3.1,1.4,1.0,9.3,2.0,2.6,3.6,0.7,2.6,2.5,2.1,1.5,0.7,0.2,0.8,0.4,0.2
2017-05-30 20:43:00+02:00,0.3,1.0,0.3,1.3,9.7,5.4,4.6,1.5,0.3,1.6,3.4,6.0,0.7,2.0,0.8,1.2,0.2,1.8,4.9,9.6,4.4,0.5,5.1,0.8,10.5,3.6,1.8,1.1,10.3,1.8,3.1,3.8,0.7,2.5,2.3,1.9,1.5,0.7,0.2,0.8,0.5,0.2
2017-05-30 20:44:00+02:00,0.3,1.0,0.3,1.3,10.6,6.2,5.5,1.6,0.3,1.6,3.4,6.8,0.8,2.1,0.7,1.2,0.2,1.9,5.8,10.4,5.2,0.5,6.0,0.9,11.5,3.6,2.5,1.1,11.3,1.9,3.1,4.6,0.7,2.4,2.2,1.9,1.5,0.7,0.2,0.8,0.5,0.2
2017-05-30 20:45:00+02:00,0.3,1.1,0.3,1.4,9.8,5.5,4.9,1.7,0.3,1.5,3.3,6.1,0.8,2.2,0.7,1.1,0.2,2.0,5.1,9.7,4.5,0.5,5.3,0.8,10.9,3.6,1.8,1.0,10.5,1.9,3.1,3.9,0.7,2.4,2.2,1.9,1.5,0.7,0.2,0.8,0.5,0.2
2017-05-30 20:46:00+02:00,0.3,1.0,0.4,1.2,8.1,4.9,4.3,1.6,0.3,2.0,2.2,5.5,0.8,2.1,0.8,1.6,0.2,1.9,4.5,7.9,3.9,0.6,4.7,0.8,9.1,2.4,1.4,1.5,8.8,1.9,1.9,3.5,0.7,2.4,2.2,1.8,1.4,0.6,0.2,0.8,0.5,0.2
2017-05-30 20:47:00+02:00,0.3,0.9,0.4,1.1,7.9,4.9,4.2,1.6,0.3,2.0,2.1,5.5,0.8,2.1,0.8,1.7,0.2,1.9,4.5,7.8,3.8,0.6,4.7,0.8,9.2,2.4,1.3,1.6,8.7,1.9,1.9,3.4,0.7,2.3,2.1,1.7,1.3,0.6,0.2,0.7,0.5,0.2
2017-05-30 20:48:00+02:00,0.3,0.9,0.3,1.1,8.0,5.0,4.1,1.6,0.3,3.0,2.0,5.6,0.8,2.1,0.7,2.6,0.2,1.8,4.5,7.8,3.7,0.5,4.8,0.8,9.4,2.3,1.3,1.6,8.7,1.8,1.8,3.3,0.7,2.7,2.5,1.7,1.3,0.7,0.2,0.6,0.5,0.2
2017-05-30 20:49:00+02:00,0.3,0.9,0.2,1.2,8.3,5.1,4.1,1.6,0.3,2.7,2.3,5.6,0.8,2.1,0.8,2.4,0.2,1.9,4.5,8.2,3.8,0.6,4.9,0.8,9.7,2.5,1.3,1.6,9.0,1.9,2.0,3.4,0.7,3.8,3.7,3.0,2.6,1.9,1.5,0.7,0.5,0.2
2017-05-30 20:50:00+02:00,0.3,0.9,0.2,1.2,10.1,5.1,4.1,1.7,0.3,2.4,3.9,5.8,0.8,2.2,0.7,2.1,0.2,2.0,4.5,9.9,3.9,0.5,4.9,0.8,11.0,4.2,1.3,1.6,10.3,1.9,3.7,3.5,0.7,3.6,3.5,2.8,1.9,0.7,0.4,1.2,0.5,0.2
2017-05-30 20:51:00+02:00,0.4,0.9,0.2,1.2,10.3,5.2,4.3,1.9,0.3,2.2,4.0,5.9,1.0,2.3,0.7,1.9,0.2,2.1,4.6,10.2,4.1,0.4,5.0,0.9,10.9,4.3,1.4,1.7,10.6,2.1,3.8,3.8,0.7,4.1,4.0,3.3,2.6,0.6,0.2,2.0,0.5,0.2
2017-05-30 20:52:00+02:00,0.4,0.9,0.2,1.2,11.4,6.2,5.3,2.8,0.3,2.2,4.1,6.8,1.8,3.3,0.6,1.8,0.1,3.1,5.6,11.2,5.1,0.4,6.0,0.8,12.0,4.4,1.5,1.6,11.7,3.0,3.1,4.7,0.7,3.9,3.8,3.1,2.5,0.5,0.2,2.0,0.5,0.2
2017-05-30 20:53:00+02:00,0.4,1.2,0.2,1.5,10.6,5.4,4.6,1.7,0.2,2.3,3.7,6.3,0.8,2.2,0.6,2.0,0.1,2.0,4.8,10.4,4.4,0.4,5.2,0.8,11.4,4.2,1.8,1.9,11.0,2.0,2.5,4.0,1.0,3.8,3.7,3.0,2.4,0.5,0.2,1.9,0.4,0.2
2017-05-30 20:54:00+02:00,0.4,1.0,0.2,1.3,8.6,5.2,4.4,1.7,0.2,2.5,2.1,5.9,0.8,2.2,0.7,2.1,0.2,2.0,4.6,8.5,4.2,0.5,5.0,0.8,9.5,2.6,1.6,2.0,9.1,2.0,1.8,3.8,0.7,4.0,3.9,3.1,2.5,0.6,0.2,1.9,0.4,0.2
2017-05-30 20:55:00+02:00,0.4,1.4,0.2,1.7,8.8,5.5,4.6,1.6,0.1,3.0,2.0,6.1,0.8,2.1,0.7,2.7,0.2,1.9,4.9,8.7,4.4,0.4,5.3,0.8,9.6,2.5,1.9,2.5,9.2,1.9,1.7,4.0,1.1,3.9,3.8,3.0,2.4,0.5,0.2,1.9,0.4,0.2
2017-05-30 20:56:00+02:00,0.4,1.4,0.2,1.7,9.4,5.9,4.5,1.5,0.1,3.0,2.2,6.6,0.8,1.9,0.7,2.6,0.1,1.7,5.3,9.2,4.3,0.4,5.7,0.8,10.1,2.7,2.0,2.5,9.7,1.7,1.9,3.9,1.2,4.0,3.9,3.2,2.6,0.6,0.3,1.9,0.4,0.2
2017-05-30 20:57:00+02:00,0.3,0.6,0.2,0.9,9.2,4.8,3.7,1.5,0.1,2.9,3.1,5.5,0.8,1.9,0.7,2.6,0.1,1.7,4.2,9.1,3.5,0.5,4.6,0.8,10.0,3.6,1.2,2.4,9.6,1.7,2.8,3.1,0.4,3.7,3.6,2.9,2.5,0.6,0.3,1.9,0.4,0.2
2017-05-30 20:58:00+02:00,0.3,0.6,0.2,0.9,8.1,4.1,3.2,1.0,0.1,1.9,2.7,4.8,0.6,1.4,0.7,1.6,0.1,1.2,3.5,7.9,3.0,0.5,3.9,0.9,8.8,3.2,1.2,1.4,8.3,1.2,2.4,2.7,0.4,4.4,4.2,3.6,2.5,0.6,0.3,1.9,0.4,0.2
2017-05-30 20:59:00+02:00,0.3,0.6,0.2,0.9,7.2,4.1,3.2,1.0,0.1,2.7,1.8,4.8,0.6,1.4,0.7,2.4,0.1,1.2,3.5,7.1,3.0,0.4,3.9,1.9,7.9,2.3,1.2,2.2,7.5,1.2,1.6,2.6,0.4,5.8,5.6,5.0,2.7,0.7,0.3,2.0,0.5,0.3
2017-05-30 21:00:00+02:00,0.3,0.6,0.2,0.9,7.9,4.0,3.2,1.0,0.1,2.8,1.9,4.7,0.6,1.4,0.7,2.4,0.1,1.2,3.4,7.0,2.9,0.5,3.8,1.9,8.8,2.3,1.2,2.1,8.3,1.2,1.7,2.6,0.4,5.7,5.5,4.8,2.6,0.6,0.3,2.0,0.5,0.3
2017-05-30 21:01:00+02:00,0.3,0.6,0.6,0.9,7.7,4.0,3.2,1.0,0.1,2.8,1.7,4.7,0.6,1.4,1.2,2.4,0.1,1.3,3.5,6.7,2.9,0.9,3.8,1.8,8.4,2.1,1.2,2.1,7.9,1.2,1.5,2.6,0.4,5.7,5.5,4.8,2.6,0.7,0.4,1.9,0.4,0.3
2017-05-30 21:02:00+02:00,0.3,0.6,0.3,0.9,6.5,4.1,3.1,0.9,0.1,2.8,1.3,4.7,0.6,1.4,0.8,2.4,0.1,1.3,3.4,6.4,2.9,0.5,3.8,1.9,7.2,1.7,1.2,2.2,6.9,1.2,1.1,2.6,0.4,5.8,5.6,4.9,2.7,0.9,0.4,1.9,0.4,0.3
2017-05-30 21:03:00+02:00,0.4,0.5,0.3,0.9,7.8,5.4,4.2,0.9,0.1,2.8,1.2,6.0,0.6,2.5,0.6,2.4,0.1,1.3,4.5,7.7,3.9,0.4,5.0,1.9,8.4,1.8,1.2,2.2,8.1,1.2,0.9,3.6,0.3,4.6,4.4,3.8,1.6,0.8,0.4,0.9,0.5,0.3
2017-05-30 21:04:00+02:00,0.4,0.6,0.3,0.8,8.4,6.0,4.8,1.0,0.1,2.8,1.1,6.6,0.6,3.1,0.6,2.4,0.1,1.3,5.1,8.3,4.5,0.3,5.6,2.0,9.1,1.7,1.2,2.2,8.8,1.2,0.8,4.2,0.3,4.8,4.3,3.8,1.6,0.8,0.4,0.9,0.6,0.3
2017-05-30 21:05:00+02:00,0.4,0.8,0.2,1.1,12.2,7.3,6.1,2.0,0.3,2.7,2.0,8.0,0.6,4.2,0.6,2.4,0.1,2.4,6.4,12.1,5.9,0.3,7.0,1.9,13.1,4.1,1.4,2.2,12.7,2.3,1.7,5.5,0.5,4.7,4.4,4.1,1.8,0.5,0.3,1.3,0.5,0.3
2017-05-30 21:06:00+02:00,0.4,0.9,0.2,1.2,12.4,6.6,5.3,1.2,0.4,2.7,3.0,7.2,0.6,3.2,0.6,2.4,0.1,1.5,5.6,12.3,5.1,0.3,6.2,1.9,13.2,5.1,1.5,2.2,12.8,1.5,2.7,4.7,0.7,4.2,3.9,3.6,1.3,0.5,0.2,0.8,0.5,0.3
2017-05-30 21:07:00+02:00,0.4,0.8,0.3,1.1,13.6,6.1,5.0,1.0,0.3,2.8,3.2,6.8,0.6,3.1,0.8,2.4,0.1,1.3,5.4,13.5,4.8,0.5,6.0,1.8,14.6,6.8,1.4,2.1,14.0,1.2,2.9,4.5,0.6,4.2,3.9,3.6,1.3,0.5,0.2,0.8,0.5,0.3
2017-05-30 21:08:00+02:00,0.4,0.6,0.3,0.9,12.5,5.9,4.8,1.0,0.1,2.7,3.4,6.6,0.6,3.1,0.9,2.4,0.1,1.3,5.2,12.4,4.6,0.7,5.8,1.8,13.3,5.8,1.2,2.1,12.8,1.3,3.1,4.3,0.4,4.3,4.0,3.6,1.4,0.5,0.2,0.9,0.5,0.3
2017-05-30 21:09:00+02:00,0.4,1.8,0.3,2.1,13.2,7.2,6.1,1.0,0.1,2.9,4.2,7.9,0.6,3.1,0.8,2.5,0.2,1.3,6.4,13.1,5.8,0.6,7.0,1.8,14.1,5.2,2.4,2.1,13.5,1.3,3.0,5.5,1.6,4.3,4.0,3.6,1.3,0.5,0.2,0.8,0.5,0.3
2017-05-30 21:10:00+02:00,0.4,2.1,0.3,2.4,13.4,7.5,6.3,0.9,0.2,2.9,4.2,8.1,0.6,3.0,0.8,2.5,0.1,1.2,6.6,13.3,6.1,0.5,7.3,1.8,14.2,5.1,2.7,2.2,13.7,1.2,3.0,5.7,1.9,4.1,3.9,3.5,1.3,0.5,0.2,0.8,0.5,0.3
2017-05-30 21:11:00+02:00,0.4,2.1,0.3,2.4,13.0,7.7,6.5,0.9,0.2,2.6,3.8,8.3,0.6,3.0,0.7,2.1,0.2,1.2,6.9,12.9,6.3,0.5,7.5,1.2,13.9,4.7,2.7,1.7,13.3,1.2,2.9,5.8,2.0,4.4,4.2,3.7,1.4,0.5,0.3,1.0,0.6,0.3
2017-05-30 21:12:00+02:00,0.4,2.1,0.2,2.3,12.5,7.7,6.5,1.0,0.2,2.0,3.1,8.3,0.7,3.1,0.6,1.4,0.2,1.3,7.0,12.3,6.3,0.4,7.6,0.6,13.3,4.0,2.6,1.1,12.8,1.3,2.8,5.8,1.9,4.9,4.8,4.2,1.5,0.5,0.3,1.0,0.7,0.3
2017-05-30 21:13:00+02:00,0.4,3.3,0.2,3.6,12.6,7.7,6.5,1.0,0.1,1.7,3.3,8.3,0.5,1.8,0.6,1.4,0.2,1.2,6.9,12.4,6.3,0.3,7.6,0.6,13.5,4.1,3.9,1.1,12.9,1.2,2.8,5.7,3.1,5.3,5.2,4.7,1.5,0.5,0.3,1.0,0.7,0.3
2017-05-30 21:14:00+02:00,0.4,2.4,0.2,2.7,11.2,6.7,5.5,0.9,0.1,1.7,2.9,7.3,0.5,1.9,0.5,1.4,0.2,1.1,5.9,11.0,5.3,0.3,6.6,0.6,12.1,3.7,3.0,1.2,11.5,1.1,2.7,4.9,2.2,5.4,5.2,4.6,1.4,0.5,0.3,1.0,0.6,0.3
2017-05-30 21:15:00+02:00,0.4,2.1,0.2,2.8,11.5,6.8,5.5,0.7,0.1,1.7,3.1,7.4,0.3,2.0,0.5,1.4,0.1,1.1,6.0,11.3,5.3,0.3,6.7,0.7,12.7,3.9,3.1,1.2,12.1,1.0,2.7,5.1,1.9,6.6,6.3,4.6,1.4,0.5,0.3,1.0,0.6,0.3
2017-05-30 21:16:00+02:00,0.4,2.1,0.5,2.4,9.6,6.1,4.8,0.6,0.1,1.7,1.9,6.7,0.4,1.4,0.8,1.3,0.2,1.0,5.4,9.5,4.6,0.6,6.0,0.7,11.9,2.7,2.7,1.2,11.3,0.9,1.6,4.1,1.9,6.5,6.3,4.6,1.4,0.5,0.3,1.0,0.6,0.3
2017-05-30 21:17:00+02:00,0.4,2.1,0.9,2.4,10.1,6.0,4.9,0.8,0.1,1.8,2.3,6.6,0.4,1.7,1.4,1.4,0.2,1.1,5.2,9.9,4.7,1.1,5.9,0.6,11.1,3.3,2.7,1.2,10.5,1.0,1.9,4.3,2.0,6.8,6.6,5.2,2.0,1.2,0.3,0.9,0.6,0.3
2017-05-30 21:18:00+02:00,0.4,1.7,0.9,2.1,10.2,6.2,5.2,0.9,0.1,1.8,2.3,6.8,0.3,2.3,1.3,1.4,0.1,1.2,5.5,10.1,5.0,1.0,6.1,0.7,11.2,3.3,2.4,1.1,10.6,1.1,1.9,4.7,1.6,6.0,5.8,5.5,2.4,1.6,0.3,0.9,0.5,0.3
2017-05-30 21:19:00+02:00,0.4,1.2,0.9,1.6,9.1,5.1,4.0,0.7,0.1,3.0,2.4,5.6,0.3,1.6,1.4,2.6,0.2,1.0,4.4,8.9,3.9,1.0,4.9,1.9,10.0,3.3,1.8,2.4,9.4,1.0,2.1,3.4,1.1,6.2,6.0,5.7,2.5,0.7,0.3,1.8,1.5,1.2
2017-05-30 21:20:00+02:00,0.4,1.3,0.9,1.5,9.5,5.6,4.6,1.5,0.1,3.3,2.3,6.3,1.1,2.4,1.3,2.8,0.1,1.8,4.9,9.4,4.5,1.0,5.5,2.1,10.5,3.1,1.7,2.6,9.9,1.8,1.9,4.2,1.2,6.0,5.8,5.5,2.2,0.7,0.3,1.5,1.2,1.0
2017-05-30 21:21:00+02:00,0.4,1.1,0.9,1.4,10.0,5.9,4.9,1.7,0.1,3.3,2.4,6.6,1.3,2.7,1.4,2.9,0.2,2.1,5.2,9.8,4.7,1.1,5.8,2.1,11.0,3.2,1.6,2.6,10.3,2.1,2.1,4.3,1.0,5.3,5.1,4.8,1.7,0.7,0.3,1.0,0.8,0.5
2017-05-30 21:22:00+02:00,0.5,1.3,0.7,1.6,10.8,6.8,5.6,1.8,0.2,3.4,2.2,7.5,1.3,2.8,1.3,2.9,0.2,2.3,6.0,10.7,5.3,0.9,6.5,2.1,11.6,3.3,2.0,2.7,11.2,2.2,1.9,4.8,1.0,2.9,2.7,2.5,1.7,0.8,0.3,0.9,0.7,0.5
2017-05-30 21:23:00+02:00,0.5,1.6,0.4,1.9,9.7,6.7,5.6,1.6,0.2,3.4,1.6,7.5,1.3,2.6,0.8,3.0,0.2,2.1,5.8,9.6,5.2,0.6,6.3,2.2,10.4,2.1,2.3,2.7,10.0,2.1,1.3,4.9,1.0,2.2,2.0,1.8,1.6,0.8,0.3,0.8,0.6,0.5
2017-05-30 21:24:00+02:00,0.4,1.4,0.5,1.6,8.3,5.6,4.5,0.8,0.1,3.3,1.8,6.2,0.5,1.6,0.9,2.9,0.1,1.3,4.8,8.2,4.2,0.6,5.3,2.2,9.1,2.0,2.2,2.6,8.6,1.2,1.4,3.8,1.0,2.2,2.0,1.8,1.6,0.7,0.3,0.9,0.7,0.5
2017-05-30 21:25:00+02:00,0.4,1.3,0.4,1.6,7.9,5.3,4.2,0.6,0.3,4.0,1.7,5.9,0.3,1.4,0.8,3.6,0.2,1.0,4.5,7.8,4.0,0.5,5.0,2.2,8.7,1.9,2.1,3.3,8.2,1.0,1.3,3.5,1.1,1.9,1.7,1.6,1.4,0.7,0.3,0.7,0.5,0.3
2017-05-30 21:26:00+02:00,0.4,1.3,0.4,1.6,7.8,5.2,4.1,0.6,0.3,3.7,1.7,5.7,0.3,1.4,0.8,3.3,0.2,1.0,4.3,7.6,3.8,0.5,4.8,2.0,8.5,1.9,2.1,3.1,8.1,1.0,1.3,3.5,1.1,1.9,1.7,1.6,1.4,0.7,0.3,0.7,0.5,0.3
2017-05-30 21:27:00+02:00,0.4,1.4,0.4,1.6,8.4,5.5,4.4,0.6,0.3,2.3,1.8,6.1,0.4,1.4,0.7,1.9,0.2,1.0,4.7,8.1,4.1,0.5,5.2,1.4,9.1,2.0,2.2,1.7,8.7,1.0,1.4,3.6,1.0,2.2,2.0,1.8,1.4,0.7,0.3,0.8,0.6,0.3
2017-05-30 21:28:00+02:00,0.6,1.5,0.4,1.8,8.7,5.8,4.6,0.8,0.3,2.7,1.7,6.4,0.5,1.5,0.7,2.3,0.2,1.1,5.0,8.5,4.3,0.6,5.5,1.9,9.4,2.1,2.4,2.1,9.0,1.1,1.3,3.9,1.0,2.4,2.2,2.0,1.5,0.7,0.3,0.8,0.6,0.3
2017-05-30 21:29:00+02:00,0.6,1.4,0.8,1.8,9.7,5.6,4.4,0.8,0.2,1.8,2.1,6.2,0.5,1.3,1.2,1.3,0.2,1.1,4.8,9.5,4.1,1.0,5.3,0.9,10.5,3.4,2.4,1.0,10.0,1.0,1.7,3.7,1.0,3.2,3.0,2.8,1.8,0.7,0.3,1.1,0.9,0.6
2017-05-30 21:30:00+02:00,0.6,2.3,1.0,2.7,10.2,6.4,5.2,0.8,0.2,2.2,2.3,7.0,0.5,1.2,1.3,1.7,0.2,1.0,5.6,10.0,5.0,1.2,6.1,0.8,10.9,3.0,3.3,1.5,10.5,1.0,1.9,4.5,1.9,3.0,2.8,2.6,2.0,0.7,0.4,1.3,1.1,0.8
2017-05-30 21:31:00+02:00,0.6,2.3,0.7,2.7,9.2,6.3,5.2,0.8,0.2,2.1,1.8,6.9,0.5,1.2,1.0,1.7,0.2,1.0,5.5,8.9,4.9,0.8,6.0,0.8,9.8,2.0,3.3,1.5,9.4,1.0,1.5,4.5,1.9,3.0,2.8,2.6,2.1,0.8,0.4,1.3,1.1,0.8
2017-05-30 21:32:00+02:00,0.6,1.9,0.2,2.3,8.2,5.8,4.7,0.8,0.2,2.0,1.3,6.4,0.5,1.2,0.5,1.6,0.2,1.0,5.0,7.9,4.5,0.3,5.5,0.8,9.0,1.6,2.9,1.3,8.6,1.0,1.1,4.1,1.7,3.1,2.9,2.7,2.2,0.8,0.4,1.4,1.2,0.9
2017-05-30 21:33:00+02:00,0.4,1.6,0.2,2.0,7.8,5.3,4.4,0.9,0.4,2.1,1.3,5.9,0.6,1.3,0.5,1.6,0.2,1.2,4.8,7.5,4.2,0.3,5.1,0.6,9.1,1.6,2.5,1.4,8.6,1.1,1.1,3.8,1.3,2.9,2.7,2.6,2.1,0.7,0.4,1.3,1.1,0.8
2017-05-30 21:34:00+02:00,0.4,1.9,0.2,2.3,8.3,5.7,4.8,1.0,1.0,2.1,1.3,6.4,0.7,1.4,0.5,1.6,0.2,1.2,5.1,7.9,4.5,0.3,5.5,0.6,9.6,1.6,2.8,1.3,9.1,1.2,1.1,4.2,1.6,3.0,2.8,2.7,2.1,0.7,0.3,1.4,1.1,0.8
2017-05-30 21:35:00+02:00,0.4,2.6,0.2,2.8,8.7,6.2,5.3,1.0,1.7,3.3,1.3,6.9,0.7,1.4,0.5,2.7,0.2,1.2,5.6,8.5,5.1,0.4,6.0,1.6,10.0,1.5,3.3,2.4,9.6,1.2,1.1,4.7,2.2,3.3,3.0,2.9,2.3,0.8,0.3,1.5,1.2,0.9
2017-05-30 21:36:00+02:00,0.4,2.9,0.2,3.1,8.9,6.4,5.5,1.0,2.0,3.2,1.4,7.1,0.7,1.4,0.7,2.8,0.2,1.2,5.8,8.7,5.3,0.4,6.1,1.9,9.8,1.6,3.6,2.5,9.4,1.2,1.2,5.0,2.5,3.0,2.7,2.5,2.0,0.9,0.4,1.1,0.8,0.5
2017-05-30 21:37:00+02:00,0.4,3.3,0.2,3.6,8.9,6.4,5.7,1.0,2.0,2.1,1.4,7.1,0.7,1.4,0.7,1.6,0.2,1.2,5.9,8.7,5.6,0.5,6.3,1.3,9.6,1.6,3.9,1.3,9.2,1.2,1.1,5.2,2.9,2.8,2.6,2.5,1.9,0.8,0.3,1.1,0.9,0.5
2017-05-30 21:38:00+02:00,0.3,3.4,0.2,3.7,9.3,6.6,5.9,1.0,2.0,1.8,1.4,7.3,0.7,1.5,0.7,1.4,0.2,1.3,6.2,9.1,5.8,0.4,6.5,1.0,10.0,1.8,4.0,1.1,9.7,1.3,1.1,5.4,3.0,2.9,2.7,2.5,2.0,0.8,0.4,1.1,0.9,0.5
2017-05-30 21:39:00+02:00,0.3,3.3,0.2,3.6,10.2,7.5,6.8,0.9,2.1,2.0,1.4,8.2,0.6,1.5,0.7,1.6,0.2,1.4,7.0,10.0,5.7,0.4,7.4,1.0,11.0,1.9,3.9,1.4,10.6,1.3,1.1,5.4,2.9,3.3,3.1,3.0,2.4,0.8,0.4,1.6,1.4,0.6
2017-05-30 21:40:00+02:00,0.4,2.5,0.3,2.8,9.2,6.4,5.7,0.8,1.3,2.3,1.5,7.0,0.5,1.4,0.8,2.0,0.1,1.3,6.0,9.0,4.8,0.6,6.3,0.7,10.0,2.0,3.0,1.8,9.6,1.1,1.2,4.4,2.3,3.4,3.2,3.0,2.2,0.9,0.4,1.3,1.0,0.6
2017-05-30 21:41:00+02:00,0.4,1.2,0.3,1.5,7.4,4.8,4.1,0.8,0.4,1.8,1.5,5.4,0.5,1.5,0.8,1.4,0.1,1.3,4.4,7.3,3.6,0.6,4.7,0.5,8.2,1.9,1.8,1.1,7.8,1.2,1.2,3.3,1.1,3.8,3.5,3.4,2.2,0.9,0.3,1.3,1.0,0.6
2017-05-30 21:42:00+02:00,0.4,1.9,0.7,2.2,8.5,5.6,4.8,0.9,1.3,1.9,1.9,6.1,0.5,1.5,1.1,1.5,0.1,1.3,5.1,8.3,4.4,0.9,5.4,0.7,9.2,2.2,2.5,1.2,8.9,1.2,1.6,4.0,1.8,4.0,3.8,3.6,2.7,1.5,0.2,1.2,1.0,0.6
2017-05-30 21:43:00+02:00,0.4,1.8,0.4,2.0,8.0,5.4,4.6,0.7,1.2,1.9,1.6,6.0,0.4,1.5,0.8,1.5,0.1,1.2,4.9,7.8,4.2,0.6,5.2,0.7,8.7,1.9,2.4,1.2,8.4,1.1,1.3,3.8,1.6,4.0,3.8,3.7,2.7,1.5,0.2,1.3,1.0,0.7
2017-05-30 21:44:00+02:00,0.4,0.9,0.3,1.2,6.9,4.3,3.5,0.7,0.3,2.1,1.6,4.9,0.5,1.3,0.7,1.5,0.1,1.1,3.8,6.7,3.1,0.5,4.2,0.7,7.6,1.8,1.5,1.2,7.3,1.0,1.2,2.8,0.8,4.3,4.1,3.9,3.2,1.3,0.2,1.9,1.6,1.3
2017-05-30 21:45:00+02:00,0.5,0.9,0.3,1.2,6.7,4.1,3.3,0.7,0.3,2.0,1.6,4.6,0.5,1.1,0.7,1.5,0.1,1.0,3.6,6.5,2.9,0.5,4.0,0.8,7.4,1.8,1.5,1.2,7.0,0.9,1.3,2.6,0.8,3.6,3.4,3.2,2.5,0.9,0.2,1.6,1.4,1.1
2017-05-30 21:46:00+02:00,0.4,1.7,0.5,1.9,8.7,6.0,5.3,0.8,1.1,2.0,1.7,6.5,0.5,1.1,0.9,1.5,0.1,1.0,5.6,8.5,3.7,0.7,5.9,0.7,9.4,2.0,2.3,1.2,9.0,1.0,1.4,3.4,1.5,4.0,3.8,3.6,2.9,0.9,0.2,2.1,1.8,1.5
2017-05-30 21:47:00+02:00,0.4,1.9,0.8,2.2,9.9,6.2,5.5,0.8,1.3,2.0,2.8,6.7,0.5,1.1,1.1,1.5,0.1,1.0,5.8,9.8,4.1,0.9,6.0,0.7,10.7,3.1,2.7,1.2,10.3,0.9,2.5,3.8,1.7,4.5,4.3,4.1,3.4,0.9,0.2,2.6,2.3,2.0
2017-05-30 21:48:00+02:00,0.4,1.9,0.8,2.2,9.7,6.1,5.5,0.8,1.3,2.0,2.6,6.6,0.5,1.1,1.1,1.5,0.1,1.0,5.9,9.5,4.2,0.9,5.9,0.8,10.5,3.0,2.7,1.3,10.1,1.0,2.4,3.8,1.7,4.7,4.6,4.4,3.7,1.0,0.2,2.8,2.5,2.2
2017-05-30 21:49:00+02:00,0.4,1.2,0.8,1.4,8.7,5.2,4.7,0.8,0.5,2.0,2.5,5.7,0.5,1.1,1.1,1.5,0.1,1.0,5.0,8.5,3.2,0.9,5.1,0.8,9.4,2.9,1.7,1.3,9.0,1.0,2.3,2.8,1.0,4.0,3.8,3.7,3.0,0.8,0.2,2.1,1.9,1.6
2017-05-30 21:50:00+02:00,0.4,0.9,0.7,1.1,8.2,4.6,4.1,0.8,0.3,1.8,2.5,5.1,0.5,1.2,1.0,1.4,0.1,1.1,4.4,8.0,3.0,0.8,4.5,0.7,8.9,2.9,1.4,1.2,8.5,1.0,2.3,2.6,0.7,3.6,3.3,3.2,2.5,0.6,0.2,1.9,1.6,1.3
2017-05-30 21:51:00+02:00,0.4,1.1,0.6,1.4,8.5,5.1,4.5,0.9,0.3,1.9,2.4,5.6,0.6,1.3,0.9,1.5,0.1,1.2,4.8,8.3,3.4,0.7,4.9,0.7,9.3,2.8,1.7,1.3,8.9,1.1,2.2,3.0,0.9,3.8,3.6,3.5,2.8,0.6,0.2,2.3,1.9,1.6
2017-05-30 21:52:00+02:00,0.5,1.0,0.6,1.2,7.8,4.3,3.9,0.9,0.3,2.0,2.4,4.8,0.6,1.3,0.9,1.6,0.1,1.2,4.2,7.7,3.1,0.7,4.3,0.8,9.1,2.9,1.5,1.4,8.3,1.1,2.2,2.8,0.7,3.7,3.4,3.2,2.6,0.6,0.2,2.0,1.6,1.3
2017-05-30 21:53:00+02:00,0.5,1.9,0.6,2.2,8.8,5.3,4.9,0.9,1.3,2.0,2.5,5.7,0.6,1.3,1.0,1.6,0.1,1.2,5.2,8.6,4.1,0.7,5.2,0.8,10.0,2.9,2.5,1.3,9.0,1.1,2.2,3.8,1.7,4.0,3.8,3.6,2.9,0.6,0.2,2.4,1.9,1.6
2017-05-30 21:54:00+02:00,0.5,2.0,0.6,2.3,8.7,5.3,4.9,0.8,1.4,2.2,2.5,5.7,0.5,1.2,1.0,1.9,0.1,1.1,5.2,8.6,4.1,0.7,5.2,0.8,10.0,2.9,2.6,1.6,9.0,1.1,2.2,3.8,1.8,3.7,3.4,3.3,2.6,0.6,0.2,2.1,1.7,1.3
2017-05-30 21:55:00+02:00,0.3,1.2,0.6,1.5,7.2,4.6,4.2,0.9,0.6,2.8,1.6,5.0,0.5,1.3,0.9,2.4,0.1,1.1,4.4,7.0,3.4,0.7,4.5,0.7,8.4,2.0,1.8,2.1,7.4,1.1,1.4,3.1,1.0,4.9,4.6,4.5,3.8,0.6,0.2,3.2,2.9,1.8
2017-05-30 21:56:00+02:00,0.3,1.0,0.6,1.3,6.8,4.3,3.9,0.8,0.4,2.4,1.5,4.7,0.5,1.2,1.0,2.0,0.1,1.1,4.2,6.6,3.1,0.7,4.2,0.6,8.0,2.0,1.6,1.8,7.1,1.1,1.3,2.8,0.8,4.2,4.0,3.8,3.1,0.7,0.3,2.5,2.1,1.7
2017-05-30 21:57:00+02:00,1.0,1.1,0.6,1.4,6.9,4.3,3.9,0.8,0.4,3.4,1.5,4.7,0.5,1.2,1.0,3.0,0.1,1.1,4.2,6.6,3.1,0.7,4.2,1.4,8.2,1.9,1.7,2.7,7.2,1.1,1.2,2.8,0.8,4.1,3.8,3.7,3.2,0.7,0.3,2.5,2.1,1.8
2017-05-30 21:58:00+02:00,0.4,1.0,0.6,1.3,7.0,4.3,3.8,0.8,0.4,2.1,1.5,4.7,0.4,1.2,1.0,1.7,0.1,1.1,4.2,6.6,3.1,0.7,4.2,0.9,8.7,1.9,1.6,1.5,7.8,1.0,1.3,2.8,0.8,3.4,3.1,3.0,2.6,0.7,0.3,1.9,1.5,1.1
2017-05-30 21:59:00+02:00,0.3,1.0,0.6,1.4,7.1,4.5,3.9,0.7,0.4,2.0,1.5,5.0,0.4,1.2,1.0,1.5,0.1,1.1,4.2,6.9,3.1,0.7,4.4,0.8,9.0,1.9,1.6,1.3,8.1,1.0,1.3,2.8,0.8,2.7,2.4,2.3,2.0,0.8,0.3,1.2,0.9,0.5
2017-05-30 22:00:00+02:00,1.0,1.0,0.6,1.3,7.3,4.7,3.9,0.7,0.4,3.3,1.6,5.1,0.4,1.2,1.1,2.8,0.1,1.0,4.2,7.1,3.1,0.8,4.5,1.5,9.2,1.9,1.6,2.6,8.3,0.9,1.4,2.8,0.8,2.5,2.3,2.1,1.8,0.8,0.3,1.1,0.7,0.4
2017-05-30 22:01:00+02:00,0.5,1.0,0.9,1.3,9.0,6.3,3.9,0.7,0.4,2.1,1.8,6.7,0.4,1.2,1.2,1.7,0.1,1.0,4.2,8.8,3.1,1.0,6.1,1.0,10.4,2.2,1.6,1.5,9.4,0.9,1.5,2.8,0.8,2.5,2.3,2.1,1.9,0.8,0.3,1.1,0.8,0.5
2017-05-30 22:02:00+02:00,0.2,1.0,1.5,1.4,8.9,6.1,3.9,0.7,0.3,1.6,2.1,6.5,0.4,1.2,1.6,1.3,0.1,1.0,4.2,8.7,3.1,1.6,5.9,0.7,10.1,2.5,1.7,1.1,9.2,1.0,1.8,2.8,0.7,3.5,3.2,3.1,1.8,0.8,0.3,1.0,0.7,0.4
2017-05-30 22:03:00+02:00,0.2,1.2,1.5,1.6,7.9,4.8,4.1,0.8,0.3,1.5,2.1,5.2,0.4,1.2,1.7,1.2,0.1,1.0,4.4,7.5,3.3,1.5,4.6,0.6,9.1,2.5,1.8,1.0,8.1,1.0,1.9,3.0,0.9,3.9,3.6,3.5,1.9,0.8,0.4,1.1,0.8,0.4
2017-05-30 22:04:00+02:00,0.7,1.3,1.5,1.6,7.8,4.8,4.1,0.8,0.3,1.9,2.3,5.1,0.5,1.3,1.7,1.6,0.1,1.1,4.4,7.5,3.3,1.5,4.7,1.2,9.0,2.7,1.9,1.5,8.1,1.0,1.9,3.1,1.0,4.0,3.7,3.6,2.0,0.8,0.4,1.2,0.8,0.5
2017-05-30 22:05:00+02:00,1.0,1.3,1.5,1.4,7.3,4.7,4.0,0.8,0.3,2.0,2.1,4.8,0.5,1.3,1.6,1.8,0.1,1.1,4.3,7.1,3.2,1.5,4.6,1.4,9.3,2.5,1.7,1.7,7.5,1.1,1.9,2.9,1.0,3.6,3.4,3.3,1.7,0.5,0.4,1.2,0.9,0.6
2017-05-30 22:06:00+02:00,0.4,1.3,1.5,1.4,7.5,4.6,3.8,0.8,0.3,1.6,2.2,4.7,0.5,1.3,1.7,1.3,0.1,1.2,4.2,7.0,3.3,1.5,4.5,0.9,10.6,2.5,1.7,1.2,7.8,1.1,1.9,3.0,1.0,3.8,3.6,3.5,1.8,0.5,0.4,1.4,1.2,0.8
2017-05-30 22:07:00+02:00,0.3,1.3,1.5,1.3,7.4,4.0,3.3,0.8,0.4,1.5,2.3,4.2,0.5,1.3,1.7,1.2,0.1,1.1,3.6,6.5,3.2,1.5,4.0,0.7,9.4,2.6,1.6,1.1,7.6,1.1,2.0,2.9,1.1,3.8,3.6,3.4,1.9,0.5,0.4,1.4,1.1,0.8
2017-05-30 22:08:00+02:00,0.8,1.2,1.5,1.3,7.4,4.0,3.3,0.9,0.4,2.1,2.4,4.1,0.6,1.3,1.8,1.8,0.2,1.2,3.6,7.1,3.2,1.5,3.9,1.3,9.2,3.1,1.5,1.7,7.7,1.1,2.1,2.9,1.1,3.9,3.7,3.5,2.0,0.6,0.3,1.3,1.1,0.8
2017-05-30 22:09:00+02:00,0.6,1.2,1.5,1.3,7.6,4.2,3.4,0.9,0.4,1.9,2.4,4.3,0.6,1.4,1.8,1.4,0.2,1.2,3.7,7.4,3.2,1.5,4.1,0.9,9.5,3.2,1.5,1.3,7.9,1.2,2.1,2.9,1.1,4.1,3.8,3.7,2.1,0.6,0.3,1.5,1.3,1.0
2017-05-30 22:10:00+02:00,0.2,1.1,1.5,1.2,7.7,4.0,3.2,0.8,0.3,2.6,2.3,4.2,0.5,1.2,1.8,1.3,0.1,1.1,3.6,7.5,3.1,1.5,3.9,0.7,9.5,3.4,1.5,1.2,8.0,1.0,2.1,2.7,1.0,4.9,4.7,4.5,2.9,1.4,0.3,1.5,1.3,1.0
2017-05-30 22:11:00+02:00,0.3,1.1,1.5,1.2,7.6,3.9,3.2,0.7,0.2,1.9,2.3,4.0,0.5,1.2,1.8,1.4,0.1,1.0,3.5,7.3,2.9,1.5,3.8,0.7,9.4,3.4,1.4,1.3,7.9,1.0,2.1,2.6,1.0,4.2,3.9,3.7,2.1,0.7,0.3,1.5,1.3,1.0
2017-05-30 22:12:00+02:00,0.3,1.1,1.5,1.2,7.5,3.8,3.2,0.7,0.2,1.8,2.4,4.0,0.5,1.2,1.8,1.5,0.1,1.0,3.5,7.3,2.9,1.5,3.7,0.8,9.3,3.5,1.4,1.4,7.8,1.0,2.1,2.6,1.0,4.2,3.5,3.4,2.5,0.7,0.4,1.8,1.6,1.3
2017-05-30 22:13:00+02:00,0.3,1.1,1.5,1.2,7.4,3.8,3.2,0.8,0.2,1.9,2.3,4.0,0.5,1.2,1.7,1.6,0.1,1.0,3.5,7.2,2.9,1.6,3.7,0.8,9.3,3.4,1.4,1.3,7.7,1.0,2.0,2.6,1.0,6.8,6.5,6.3,6.0,4.2,0.3,1.8,1.6,1.3
2017-05-30 22:14:00+02:00,0.4,1.2,1.5,1.3,7.6,4.2,3.5,0.8,0.1,2.0,2.2,4.3,0.5,1.3,1.7,1.6,0.1,1.1,3.8,7.4,3.3,1.5,4.1,0.9,9.5,3.3,1.6,1.4,8.0,1.1,2.0,2.8,0.9,4.6,4.3,4.2,3.8,2.3,0.3,1.5,1.4,1.1
2017-05-30 22:15:00+02:00,0.4,1.6,1.5,1.7,7.9,4.7,4.0,0.8,0.1,2.1,2.3,4.9,0.5,1.2,1.8,1.7,0.1,1.1,4.3,7.7,3.7,1.5,4.7,0.9,9.8,3.1,2.0,1.4,8.3,1.1,2.1,3.2,0.9,2.8,2.5,2.3,2.0,0.6,0.3,1.4,1.3,1.0
2017-05-30 22:16:00+02:00,0.4,1.1,1.0,1.6,8.1,4.7,4.0,0.8,0.1,2.1,1.7,4.9,0.5,1.3,1.4,1.7,0.1,1.2,4.3,8.0,3.7,1.1,4.6,0.9,10.0,3.2,1.9,1.4,8.5,1.1,1.5,3.2,0.9,2.9,2.6,2.4,2.1,0.6,0.3,1.4,1.3,1.0
2017-05-30 22:17:00+02:00,0.4,1.2,0.3,2.4,8.3,5.3,4.6,0.8,0.1,2.2,1.3,5.4,0.5,1.2,0.7,1.7,0.1,1.1,4.9,8.2,4.4,0.5,5.2,0.9,10.3,2.8,2.6,1.4,8.7,1.0,1.0,3.8,0.9,2.8,2.5,2.3,1.9,0.5,0.3,1.4,1.3,1.0
2017-05-30 22:18:00+02:00,0.4,1.2,0.3,2.4,8.2,5.0,4.5,0.8,0.2,2.1,1.4,5.2,0.5,1.2,0.8,1.7,0.1,1.1,4.8,8.1,4.3,0.5,4.9,0.9,10.1,2.9,2.6,1.5,8.6,1.0,1.1,3.9,0.9,2.5,2.2,2.1,1.7,0.3,0.3,1.4,1.3,1.0
2017-05-30 22:19:00+02:00,0.4,1.1,0.3,2.1,7.8,4.7,4.2,0.7,0.2,1.9,1.4,4.8,0.5,1.2,0.8,1.5,0.1,1.0,4.5,7.7,4.1,0.6,4.6,0.9,9.9,2.9,2.3,1.4,8.2,1.0,1.1,3.5,0.9,2.5,2.4,2.2,1.9,0.5,0.3,1.4,1.3,1.0
2017-05-30 22:20:00+02:00,0.4,1.3,0.6,1.4,7.4,3.9,3.4,0.7,0.4,2.0,1.7,4.0,0.5,1.3,1.1,1.5,0.1,1.2,3.8,7.3,3.3,0.9,3.8,0.9,9.4,3.3,1.7,1.4,7.8,1.1,1.4,3.0,1.1,3.3,3.1,3.0,2.7,1.0,0.3,1.7,1.3,1.0
2017-05-30 22:21:00+02:00,0.4,2.0,1.6,2.1,8.2,4.8,4.3,0.8,1.0,2.1,2.6,4.9,0.5,1.3,2.1,1.6,0.1,1.2,4.6,8.1,4.0,1.8,4.6,0.9,10.3,3.3,2.4,1.4,8.6,1.1,2.4,3.7,1.7,3.4,3.2,3.1,2.8,1.3,0.3,1.5,1.3,1.0
2017-05-30 22:22:00+02:00,0.4,2.7,1.6,2.8,9.2,5.8,5.3,0.8,1.7,2.1,2.6,5.9,0.5,1.3,2.1,1.7,0.1,1.2,5.6,9.1,4.7,1.8,5.7,0.9,11.2,3.3,3.1,1.4,9.6,1.1,2.4,4.4,2.4,3.3,3.2,3.0,2.8,1.3,0.3,1.5,1.3,1.0
2017-05-30 22:23:00+02:00,0.4,2.0,2.0,2.1,9.7,5.1,4.7,0.8,1.0,2.1,3.0,5.2,0.5,1.4,2.5,1.7,0.1,1.3,5.0,9.6,4.1,2.2,5.0,0.9,11.7,4.4,2.4,1.4,10.1,1.2,2.8,3.7,1.7,3.0,2.9,2.8,2.5,1.1,0.3,1.5,1.3,1.0
2017-05-30 22:24:00+02:00,0.4,1.4,2.6,1.5,8.6,4.5,4.0,0.9,0.3,2.2,3.6,4.6,0.6,1.4,3.1,1.7,0.1,1.3,4.3,8.5,3.4,2.8,4.4,0.9,10.5,3.9,1.7,1.5,8.9,1.3,3.3,3.1,1.0,2.9,2.7,2.6,2.4,0.9,0.3,1.5,1.3,1.0
2017-05-30 22:25:00+02:00,0.6,1.6,1.6,1.7,8.4,5.4,4.6,1.3,0.6,2.5,2.6,5.5,0.6,1.8,2.1,1.9,0.2,1.7,5.0,8.3,4.1,1.8,5.3,1.1,10.5,2.9,1.9,1.7,9.0,1.7,2.3,3.7,1.3,3.2,3.0,2.9,2.6,1.2,0.3,1.5,1.3,1.0
2017-05-30 22:26:00+02:00,0.6,1.6,1.1,1.7,8.0,5.6,4.6,1.3,0.6,2.3,2.1,5.6,0.7,1.9,1.5,1.9,0.2,1.8,5.0,7.9,4.1,1.3,5.5,1.1,11.0,2.3,1.9,1.8,9.4,1.7,1.8,3.7,1.3,3.2,3.0,2.9,2.6,1.2,0.3,1.4,1.2,0.9
2017-05-30 22:27:00+02:00,0.6,1.5,0.3,1.6,7.3,5.4,4.1,0.8,0.5,1.8,1.4,5.5,0.6,1.3,0.8,1.5,0.1,1.2,4.4,7.1,3.5,0.5,5.3,0.7,9.7,1.6,1.9,1.4,8.2,1.2,1.1,3.2,1.2,2.9,2.8,2.7,2.3,0.9,0.3,1.4,1.2,0.9
2017-05-30 22:28:00+02:00,0.6,1.4,0.3,1.6,6.8,4.9,4.2,0.8,0.5,1.7,1.3,5.0,0.6,1.4,0.8,1.4,0.1,1.3,4.5,6.6,3.6,0.5,4.8,0.7,8.7,1.6,1.8,1.3,7.2,1.3,1.0,3.2,1.1,2.4,2.3,2.1,1.8,0.9,0.2,0.8,0.7,0.4
2017-05-30 22:29:00+02:00,0.5,1.3,0.3,1.7,7.0,5.1,4.3,0.8,0.4,1.8,1.4,5.2,0.6,1.4,0.8,1.4,0.1,1.3,4.6,6.8,3.6,0.5,5.0,0.6,8.9,1.6,1.9,1.3,7.4,1.2,1.1,3.3,1.1,2.5,2.3,2.1,1.8,1.0,0.2,0.8,0.6,0.3
2017-05-30 22:30:00+02:00,0.6,1.3,0.3,1.7,7.0,5.1,4.3,0.8,0.4,2.0,1.3,5.2,0.6,1.3,0.8,1.6,0.1,1.2,4.7,6.8,3.7,0.5,5.0,0.7,9.0,1.6,1.9,1.3,7.4,1.1,1.0,3.2,1.1,3.2,3.1,2.8,2.5,1.1,0.2,1.4,1.2,0.9
2017-05-30 22:31:00+02:00,0.6,1.3,0.5,1.6,7.3,5.3,4.4,0.8,0.4,1.9,1.5,5.3,0.6,1.3,0.9,1.6,0.1,1.2,4.8,7.1,3.8,0.7,5.2,0.7,9.3,1.8,1.9,1.3,7.7,1.1,1.2,3.2,1.1,4.3,3.2,3.0,2.6,1.1,0.3,1.5,1.3,1.0
2017-05-30 22:32:00+02:00,0.5,1.4,0.8,1.8,8.2,5.7,4.6,0.8,0.4,1.8,1.8,5.8,0.6,1.3,1.2,1.4,0.1,1.2,4.9,8.0,3.9,1.0,5.6,0.6,11.1,2.2,2.0,1.3,8.7,1.1,1.5,3.3,1.0,3.9,3.3,3.1,2.7,1.3,0.5,1.5,1.3,1.0
2017-05-30 22:33:00+02:00,0.5,2.0,0.8,2.4,8.3,5.8,5.2,0.8,0.9,1.8,1.7,5.9,0.6,1.3,1.1,1.4,0.1,1.2,5.5,8.1,4.5,0.9,5.7,0.6,11.2,2.2,2.6,1.3,8.8,1.1,1.4,3.9,1.6,3.2,3.0,2.8,2.5,1.1,0.4,1.4,1.3,1.0
2017-05-30 22:34:00+02:00,0.5,1.4,0.8,1.7,7.5,5.0,4.4,0.8,0.4,1.8,1.6,5.2,0.6,1.3,1.1,1.4,0.1,1.2,4.7,7.3,3.7,0.9,4.9,0.6,9.4,2.1,1.9,1.3,7.9,1.1,1.3,3.2,1.0,3.2,3.0,2.8,2.5,1.1,0.5,1.4,1.3,1.0
2017-05-30 22:35:00+02:00,0.5,1.9,0.8,2.1,8.3,5.3,4.6,0.8,0.9,1.9,1.7,5.4,0.6,1.2,1.2,1.5,0.1,1.1,4.9,8.2,4.1,1.0,5.2,0.6,10.3,2.8,2.3,1.3,8.8,1.0,1.4,3.5,1.5,2.5,2.3,2.0,1.7,0.9,0.5,0.9,0.7,0.4
2017-05-30 22:36:00+02:00,0.5,2.0,0.8,2.2,7.9,5.5,4.8,0.7,0.9,1.8,1.7,5.6,0.6,1.1,1.2,1.4,0.1,1.0,5.1,7.8,4.1,1.0,5.4,0.6,9.9,2.1,2.5,1.3,8.3,1.0,1.4,3.6,1.6,3.4,3.2,3.1,2.8,1.4,0.4,1.4,1.2,1.0
2017-05-30 22:37:00+02:00,0.5,1.5,0.4,1.7,9.6,6.2,5.2,1.0,0.4,1.9,1.3,6.3,0.6,1.4,0.8,1.4,0.1,1.3,5.6,9.4,3.8,0.6,5.8,0.6,11.8,3.1,1.9,1.3,10.0,1.2,1.0,3.3,1.1,4.4,4.2,4.1,3.8,2.2,0.3,1.6,1.4,1.1
2017-05-30 22:38:00+02:00,0.5,1.5,0.3,1.7,10.4,6.5,5.4,1.2,0.4,1.9,1.2,6.6,0.6,1.7,0.7,1.5,0.1,1.5,5.7,10.2,4.1,0.5,6.0,0.6,12.7,3.6,1.9,1.3,10.7,1.5,0.9,3.6,1.1,3.2,3.0,2.9,2.6,1.1,0.3,1.5,1.4,1.1
2017-05-30 22:39:00+02:00,0.5,1.2,0.2,1.4,10.9,6.2,5.1,1.2,0.3,1.8,1.1,6.3,0.6,1.7,0.7,1.4,0.1,1.5,5.5,10.7,3.8,0.5,5.8,0.6,13.2,4.5,1.7,1.2,11.2,1.5,0.9,3.3,1.0,2.9,2.7,2.6,2.3,0.9,0.3,1.4,1.2,0.9
2017-05-30 22:40:00+02:00,0.6,1.7,0.2,1.9,11.1,6.3,5.2,0.8,0.8,2.0,1.2,6.4,0.5,1.3,0.7,1.5,0.1,1.1,5.6,10.9,3.9,0.5,5.9,0.7,13.4,4.5,2.2,1.2,11.4,1.1,1.0,3.4,1.5,3.2,3.0,2.9,2.6,1.0,0.4,1.6,1.5,1.2
2017-05-30 22:41:00+02:00,1.4,2.4,0.2,2.7,11.6,7.0,5.9,0.8,1.6,2.9,1.2,7.1,0.5,1.3,0.7,2.4,0.1,1.1,6.3,11.5,4.6,0.4,6.5,1.6,14.2,4.5,2.9,2.1,12.0,1.1,0.9,4.2,2.2,3.1,2.9,2.8,2.5,0.9,0.2,1.6,1.4,1.2
2017-05-30 22:42:00+02:00,1.9,2.4,0.2,2.7,11.5,6.8,5.9,0.8,1.6,3.7,1.2,6.9,0.5,1.3,0.7,3.2,0.1,1.1,6.2,11.3,4.7,0.5,6.4,2.4,14.1,4.5,2.9,3.0,11.9,1.1,0.9,4.2,2.2,3.1,2.9,2.7,2.4,0.8,0.1,1.7,1.5,1.2
2017-05-30 22:43:00+02:00,1.9,2.7,0.2,2.9,11.8,7.1,6.2,0.9,1.8,3.8,1.2,7.1,0.6,1.4,0.7,3.3,0.1,1.2,6.4,11.6,5.0,0.5,6.7,2.5,14.4,4.6,3.2,3.1,12.2,1.1,0.9,4.6,2.4,3.1,2.9,2.7,2.4,0.8,0.1,1.7,1.5,1.2
2017-05-30 22:44:00+02:00,1.8,2.5,0.2,2.7,8.8,6.9,6.0,0.9,1.6,3.6,1.1,6.9,0.7,1.4,0.7,3.1,0.1,1.2,6.2,8.6,4.7,0.5,6.5,2.4,11.5,1.7,2.9,2.9,9.2,1.2,0.9,4.4,2.2,2.7,2.4,2.2,2.0,0.7,0.1,1.4,1.2,0.9
2017-05-30 22:45:00+02:00,1.8,2.5,0.2,2.7,8.0,6.3,5.4,0.9,1.6,3.7,1.1,6.4,0.7,1.4,0.7,3.2,0.1,1.3,5.5,7.7,4.8,0.4,5.8,2.4,10.6,1.4,3.0,3.0,8.4,1.2,0.9,4.4,2.2,1.9,1.6,1.5,1.3,0.6,0.1,0.7,0.5,0.2
2017-05-30 22:46:00+02:00,1.8,2.5,0.2,2.7,7.8,6.1,5.2,0.9,1.6,3.8,1.1,6.2,0.7,1.4,0.6,3.3,0.1,1.2,5.4,7.5,4.8,0.4,5.7,2.5,8.9,1.4,2.9,3.0,8.2,1.2,0.9,4.3,2.2,2.3,2.1,1.9,1.4,0.7,0.1,0.7,0.5,0.3
2017-05-30 22:47:00+02:00,1.8,2.7,0.3,2.9,7.9,6.3,5.4,0.9,1.7,3.9,1.1,6.3,0.7,1.3,0.6,3.3,0.1,1.2,5.6,7.7,5.0,0.4,5.8,2.5,9.0,1.4,3.2,3.0,8.4,1.2,0.9,4.5,2.4,2.6,2.3,2.3,1.6,0.7,0.1,0.8,0.6,0.4
2017-05-30 22:48:00+02:00,1.4,2.6,0.3,2.8,7.9,6.3,5.5,1.1,1.6,3.4,1.0,6.4,0.8,1.5,0.6,2.7,0.1,1.4,5.7,7.7,5.0,0.4,6.0,1.9,9.0,1.4,3.1,2.5,8.4,1.4,0.8,4.5,2.3,2.2,1.9,1.8,1.5,0.7,0.1,0.8,0.6,0.4
2017-05-30 22:49:00+02:00,0.7,2.6,0.2,2.9,7.8,6.2,5.3,1.0,1.6,2.3,1.0,6.3,0.7,1.4,0.6,1.7,0.1,1.2,5.6,7.6,4.9,0.4,5.8,1.0,8.9,1.4,3.1,1.5,8.3,1.2,0.8,4.4,2.3,2.2,2.0,1.9,1.6,0.7,0.1,0.9,0.7,0.4
2017-05-30 22:50:00+02:00,0.7,2.8,0.2,3.1,8.1,6.5,5.6,1.0,1.7,2.1,0.9,6.6,0.7,1.4,0.5,1.5,0.1,1.3,5.9,7.9,5.2,0.3,6.1,0.8,9.1,1.2,3.3,1.4,8.6,1.2,0.7,4.6,2.5,2.2,2.1,2.0,1.7,0.8,0.2,0.9,0.7,0.4
2017-05-30 22:51:00+02:00,0.7,2.7,0.2,3.0,7.9,6.3,5.4,0.9,1.6,2.2,1.0,6.5,0.6,1.3,0.5,1.7,0.1,1.2,5.7,7.7,5.1,0.3,5.9,0.9,8.9,1.3,3.2,1.6,8.4,1.2,0.8,4.5,2.4,3.3,3.1,2.9,2.7,1.8,1.1,0.8,0.7,0.4
2017-05-30 22:52:00+02:00,0.7,2.7,0.2,3.0,8.1,6.4,5.6,1.0,1.6,2.3,1.0,6.6,0.8,1.4,0.6,1.8,0.1,1.3,5.8,7.9,5.3,0.3,6.0,0.9,9.6,1.3,3.4,1.7,8.5,1.3,0.9,4.8,2.3,3.1,2.9,2.8,2.5,1.7,1.1,0.8,0.7,0.4
2017-05-30 22:53:00+02:00,0.8,2.6,0.2,2.9,8.5,6.3,5.4,1.0,1.6,2.9,1.0,6.6,0.7,1.4,0.6,2.4,0.1,1.3,5.7,8.3,5.2,0.3,6.0,1.5,10.1,1.8,3.3,2.3,8.8,1.2,0.9,4.6,2.3,2.7,2.5,2.4,2.1,1.3,0.9,0.8,0.6,0.3
2017-05-30 22:54:00+02:00,0.6,2.8,0.2,3.0,8.4,6.6,5.4,0.8,1.8,2.1,1.0,6.8,0.6,1.2,0.6,1.6,0.1,1.1,5.7,8.3,5.2,0.3,6.3,1.0,10.1,1.5,3.4,1.4,8.8,1.1,0.8,4.6,2.5,2.5,2.2,1.7,1.4,0.7,0.3,0.7,0.6,0.3
2017-05-30 22:55:00+02:00,0.5,2.1,0.2,2.3,7.3,5.6,4.6,0.8,1.1,2.3,1.0,5.8,0.5,1.1,0.6,1.8,0.1,1.0,4.8,7.1,4.4,0.4,5.3,1.3,8.9,1.3,2.7,1.6,7.6,1.0,0.9,3.8,1.8,2.2,2.0,1.7,1.5,0.8,0.4,0.7,0.6,0.3
2017-05-30 22:56:00+02:00,0.4,1.4,0.2,1.7,6.4,4.8,4.0,0.7,0.4,2.0,1.0,5.0,0.5,1.2,0.6,1.6,0.1,1.1,4.3,6.2,3.8,0.4,4.5,1.1,8.1,1.3,2.1,1.4,6.8,1.1,0.9,3.2,1.1,2.9,2.6,2.5,2.3,0.9,0.5,1.4,0.6,0.3
2017-05-30 22:57:00+02:00,0.4,1.4,0.2,1.7,6.4,4.5,3.8,0.8,0.4,1.9,1.2,4.7,0.5,1.1,0.8,1.5,0.1,1.1,4.0,6.1,3.6,0.6,4.3,0.9,8.0,1.4,2.0,1.3,6.7,1.0,1.1,3.1,1.1,3.6,3.4,3.3,2.9,1.0,0.6,1.9,0.7,0.3
2017-05-30 22:58:00+02:00,0.4,1.5,0.2,1.8,7.4,4.7,4.1,0.9,0.5,1.9,1.3,4.9,0.6,1.3,0.9,1.4,0.1,1.2,4.3,7.1,3.9,0.7,4.6,0.9,9.1,2.2,2.2,1.3,7.8,1.1,1.2,3.4,1.2,2.6,2.4,2.3,1.9,1.0,0.6,0.9,0.6,0.3
2017-05-30 22:59:00+02:00,0.4,1.5,0.2,1.8,6.1,4.5,3.9,0.7,0.5,1.7,1.0,4.7,0.5,1.1,0.6,1.3,0.1,1.0,4.1,5.9,3.6,0.4,4.4,0.9,7.8,1.2,2.1,1.1,6.5,0.9,0.9,3.2,1.2,2.4,2.2,2.1,1.8,1.0,0.5,0.8,0.7,0.3
2017-05-30 23:00:00+02:00,0.5,1.5,0.2,1.8,6.8,4.4,3.9,0.8,0.5,1.8,1.8,4.5,0.6,1.3,0.6,1.3,0.1,1.0,4.1,6.5,3.7,0.4,4.3,0.9,8.5,2.0,2.0,1.2,7.2,1.0,0.9,3.3,1.2,2.9,2.7,2.2,1.9,1.1,0.5,0.8,0.7,0.4
2017-05-30 23:01:00+02:00,0.5,1.5,0.2,1.8,6.5,4.4,3.9,0.8,0.5,1.8,1.5,4.5,0.5,1.2,0.6,1.3,0.1,1.0,4.1,6.2,3.7,0.4,4.2,1.0,8.2,1.7,2.1,1.2,6.8,1.0,0.9,3.3,1.2,2.8,2.6,2.5,2.1,1.3,0.5,0.8,0.7,0.4
2017-05-30 23:02:00+02:00,0.5,1.5,0.2,1.7,6.7,4.3,3.8,0.7,0.5,2.0,1.3,4.4,0.5,1.2,0.8,1.3,0.1,1.0,4.0,6.4,3.6,0.5,4.1,1.0,8.4,2.0,2.0,1.2,7.0,1.0,1.0,3.2,1.2,3.2,3.0,2.6,2.2,1.3,0.5,0.9,0.7,0.4
2017-05-30 23:03:00+02:00,0.5,1.3,0.2,1.5,6.5,4.5,3.7,0.9,0.5,2.0,1.2,4.6,0.7,1.4,0.7,1.3,0.1,1.1,3.9,6.3,3.5,0.4,4.2,1.0,8.2,1.6,1.8,1.2,6.9,1.1,0.9,3.1,0.9,2.9,2.7,2.4,1.9,1.1,0.5,0.9,0.7,0.4
2017-05-30 23:04:00+02:00,0.5,1.7,0.2,1.9,7.8,6.1,4.1,0.8,0.5,2.0,1.1,6.3,0.6,1.3,0.7,1.4,0.1,1.1,4.2,7.6,3.8,0.4,5.7,1.0,9.6,1.3,2.2,1.2,8.2,1.0,0.9,3.5,1.4,2.9,2.7,2.3,1.9,1.1,0.5,0.9,0.7,0.4
2017-05-30 23:05:00+02:00,0.5,1.5,0.2,1.6,6.1,4.4,3.6,0.7,0.5,1.9,1.1,4.6,0.5,1.1,0.7,1.3,0.1,0.9,3.7,5.9,3.4,0.4,4.0,1.0,7.9,1.3,1.9,1.2,6.5,0.9,0.9,3.0,1.1,2.6,2.3,2.0,1.6,0.7,0.5,0.9,0.7,0.4
2017-05-30 23:06:00+02:00,0.5,1.6,0.2,1.7,6.3,4.6,3.9,0.8,0.5,1.9,1.1,4.8,0.7,1.3,0.6,1.3,0.1,1.1,4.0,6.0,3.7,0.4,4.2,0.9,8.0,1.3,2.0,1.2,6.6,1.1,0.8,3.3,1.3,2.6,2.4,2.0,1.7,0.7,0.5,1.0,0.7,0.4
2017-05-30 23:07:00+02:00,0.5,1.4,0.2,1.5,6.7,5.1,4.4,0.7,0.5,1.9,1.0,5.2,0.6,1.2,0.6,1.3,0.1,1.0,4.6,6.4,4.3,0.4,4.7,1.0,7.7,1.2,1.8,1.2,7.1,1.0,0.8,3.0,1.1,2.5,2.3,1.9,1.6,0.7,0.5,0.9,0.6,0.4
2017-05-30 23:08:00+02:00,0.5,1.6,0.2,2.0,7.0,5.3,4.6,0.7,0.5,1.8,1.0,5.5,0.6,1.2,0.6,1.3,0.1,1.0,4.8,6.7,4.4,0.4,5.0,0.9,7.8,1.2,2.3,1.2,7.4,1.0,0.8,3.5,1.2,2.5,2.3,1.9,1.6,0.8,0.5,0.9,0.6,0.4
2017-05-30 23:09:00+02:00,0.5,1.5,0.2,2.1,7.2,4.9,4.2,0.7,0.5,2.0,1.8,5.0,0.5,1.2,0.6,1.4,0.1,1.0,4.3,6.9,4.0,0.4,4.5,0.9,8.0,1.9,2.4,1.3,7.6,1.0,1.5,3.6,1.1,2.6,2.4,2.0,1.6,0.8,0.5,0.9,0.6,0.4
2017-05-30 23:10:00+02:00,0.4,1.9,0.2,2.6,7.9,5.3,4.6,0.6,0.4,1.9,2.0,5.5,0.5,1.2,0.6,1.3,0.0,1.0,4.8,7.7,4.4,0.4,5.0,0.9,8.7,2.2,2.9,1.2,8.3,1.0,1.7,4.1,1.6,2.9,2.7,2.4,2.0,1.2,0.5,0.9,0.6,0.4
2017-05-30 23:11:00+02:00,0.3,2.1,0.2,2.7,7.3,5.5,4.8,0.7,0.3,1.6,1.2,5.7,0.6,1.3,0.6,1.1,0.0,1.1,5.0,7.0,4.7,0.4,5.2,0.7,8.1,1.3,3.0,0.9,7.6,1.1,0.8,4.3,1.8,2.5,2.2,2.0,1.7,0.8,0.4,0.9,0.6,0.4
2017-05-30 23:12:00+02:00,0.3,1.5,0.2,2.1,6.2,4.7,4.0,0.6,0.2,1.2,1.1,4.8,0.5,1.1,0.6,0.8,0.0,0.9,4.2,6.1,3.8,0.4,4.4,0.4,7.0,1.3,2.3,0.6,6.6,0.9,0.8,3.4,1.2,2.5,2.3,2.1,1.7,0.8,0.4,0.9,0.6,0.3
2017-05-30 23:13:00+02:00,0.3,1.4,0.2,1.5,5.8,4.5,3.7,0.8,0.2,1.3,1.0,4.6,0.7,1.3,0.6,0.8,0.0,1.1,3.9,5.8,3.4,0.4,4.1,0.4,6.6,1.1,1.8,0.7,6.2,1.1,0.8,3.1,1.1,2.3,2.1,2.0,1.6,0.7,0.4,0.9,0.6,0.3
2017-05-30 23:14:00+02:00,0.3,1.1,0.2,1.2,5.4,4.1,3.3,0.8,0.2,1.3,1.1,4.2,0.7,1.2,0.6,0.8,0.0,1.1,3.6,5.4,3.1,0.4,3.7,0.4,6.2,1.1,1.5,0.6,5.8,1.1,0.8,2.7,0.8,2.3,2.1,2.0,1.6,0.8,0.4,0.8,0.6,0.3
2017-05-30 23:15:00+02:00,0.3,1.4,0.2,1.5,5.6,4.3,3.5,0.8,0.3,1.3,1.0,4.5,0.7,1.2,0.6,0.8,0.0,1.2,3.7,5.6,3.3,0.4,3.9,0.4,6.5,1.1,1.7,0.6,6.0,1.1,0.8,2.9,1.0,2.4,2.2,2.1,1.6,0.8,0.4,0.8,0.6,0.3
2017-05-30 23:16:00+02:00,0.3,1.0,0.4,1.1,5.4,3.8,3.0,0.8,0.3,1.1,1.3,4.0,0.7,1.2,0.7,0.7,0.0,1.2,3.2,5.4,2.8,0.6,3.4,0.4,6.2,1.4,1.3,0.5,5.8,1.1,1.0,2.5,0.6,2.5,2.2,2.1,1.6,0.8,0.4,0.8,0.6,0.3
2017-05-30 23:17:00+02:00,0.3,1.6,0.8,1.7,7.1,4.4,3.6,0.8,0.3,1.1,1.7,4.6,0.7,1.2,1.2,0.8,0.0,1.2,3.9,6.8,3.5,0.9,4.1,0.4,7.8,2.3,1.9,0.6,7.4,1.1,1.4,3.1,0.7,2.5,2.2,2.1,1.6,0.8,0.4,0.8,0.6,0.3
2017-05-30 23:18:00+02:00,0.3,1.7,1.2,1.9,9.0,5.5,4.7,0.8,0.3,1.1,2.2,5.7,0.7,1.2,1.6,0.7,0.0,1.2,4.9,8.7,4.6,1.3,5.3,0.4,9.9,3.1,3.0,0.6,9.4,1.1,1.9,4.2,0.9,2.5,2.2,2.1,1.6,0.7,0.4,0.8,0.6,0.3
2017-05-30 23:19:00+02:00,0.3,1.8,0.8,2.0,7.7,5.0,4.2,0.9,0.3,1.1,1.7,5.1,0.7,1.3,1.2,0.7,0.1,1.2,4.3,7.4,4.0,0.9,4.7,0.4,9.4,2.3,2.3,0.6,8.0,1.1,1.4,3.5,0.9,2.4,2.2,2.1,1.6,0.7,0.3,0.9,0.6,0.3
2017-05-30 23:20:00+02:00,0.3,2.0,0.8,2.3,7.7,5.1,4.3,0.9,0.3,1.1,1.7,5.2,0.7,1.2,1.2,0.7,0.1,1.2,4.5,7.5,4.2,0.9,4.8,0.4,8.6,2.3,2.5,0.6,8.0,1.1,1.5,3.7,0.9,2.3,2.1,2.0,1.5,0.5,0.3,0.9,0.6,0.3
2017-05-30 23:21:00+02:00,0.3,1.7,0.8,2.0,7.2,4.7,3.9,0.9,0.3,1.1,1.6,4.8,0.7,1.2,1.2,0.7,0.1,1.2,4.1,7.1,3.7,0.9,4.3,0.4,8.1,2.4,2.3,0.6,7.6,1.1,1.4,3.5,0.9,2.4,2.2,2.1,1.6,0.6,0.3,1.0,0.6,0.3
2017-05-30 23:22:00+02:00,0.3,1.8,1.2,2.0,7.8,4.8,4.1,0.9,0.3,1.1,2.1,4.9,0.7,1.3,1.6,0.7,0.1,1.3,4.3,7.7,3.9,1.3,4.6,0.4,8.5,2.8,2.3,0.6,8.2,1.2,1.8,3.6,0.8,3.0,2.8,2.7,2.2,0.6,0.3,1.6,0.6,0.3
2017-05-30 23:23:00+02:00,0.3,1.9,1.4,2.1,8.5,5.4,4.8,0.9,0.2,1.1,2.2,5.5,0.7,1.2,1.7,0.7,0.1,1.2,4.9,8.3,4.5,1.5,5.2,0.4,8.9,2.9,2.4,0.6,8.7,1.1,2.0,3.7,0.8,2.8,2.5,2.4,1.9,0.6,0.3,1.3,0.7,0.3
2017-05-30 23:24:00+02:00,0.3,2.1,1.3,2.4,8.5,5.6,5.0,0.9,0.2,1.1,2.2,5.7,0.7,1.3,1.7,0.7,0.1,1.2,5.1,8.4,4.7,1.5,5.4,0.4,9.0,2.8,2.7,0.6,8.8,1.1,2.0,3.9,1.3,3.0,2.7,2.6,2.1,0.6,0.3,1.5,0.6,0.3
2017-05-30 23:25:00+02:00,0.5,1.9,0.7,2.3,7.6,5.1,4.5,0.9,0.2,1.5,1.6,5.2,0.8,1.3,1.2,1.0,0.1,1.3,4.7,7.5,4.3,0.9,4.9,0.7,8.0,2.3,2.5,0.9,7.8,1.2,1.4,3.9,1.0,2.5,2.2,2.1,1.6,0.7,0.3,0.9,0.7,0.3
2017-05-30 23:26:00+02:00,0.9,1.6,0.8,1.9,7.4,4.8,4.2,0.9,0.3,2.0,1.8,4.9,0.8,1.3,1.2,1.5,0.1,1.3,4.4,7.3,4.0,0.9,4.6,1.1,7.8,2.4,2.2,1.4,7.6,1.2,1.5,3.5,0.8,3.5,3.3,3.2,2.7,1.5,0.3,1.1,0.7,0.4
2017-05-30 23:27:00+02:00,0.9,1.5,0.8,1.7,7.5,5.1,4.5,0.9,0.3,2.1,1.8,5.2,0.8,1.5,1.2,1.6,0.1,1.5,4.7,7.5,4.2,0.9,4.9,1.3,7.9,2.3,2.0,1.5,7.7,1.4,1.5,3.5,0.9,3.5,3.2,3.1,2.8,1.5,0.3,1.2,0.7,0.4
2017-05-30 23:28:00+02:00,1.0,1.5,0.8,1.7,8.1,6.1,4.6,0.9,0.3,2.4,1.6,6.1,0.7,1.3,1.1,1.6,0.2,1.2,4.7,8.1,4.3,0.9,5.0,1.3,8.5,2.0,2.0,1.5,8.3,1.1,1.4,3.2,0.9,2.6,2.4,2.2,2.0,0.9,0.4,1.1,0.7,0.4
2017-05-30 23:29:00+02:00,1.0,1.3,0.7,1.6,8.4,6.1,4.6,0.8,0.2,3.1,1.6,6.2,0.7,1.3,1.1,1.7,0.2,1.2,4.8,8.4,4.3,0.9,5.0,1.4,8.9,2.2,1.8,1.6,8.6,1.1,1.4,3.1,0.8,2.2,1.9,1.8,1.5,0.7,0.5,0.9,0.6,0.3
2017-05-30 23:30:00+02:00,1.0,1.2,0.8,1.5,8.3,6.0,4.5,0.8,0.2,2.7,1.6,6.1,0.6,1.3,1.1,1.7,0.1,1.2,4.7,8.2,4.3,0.9,4.9,1.4,8.7,2.1,1.7,1.6,8.5,1.0,1.4,3.0,0.8,1.9,1.7,1.6,1.3,0.6,0.3,0.8,0.5,0.2
2017-05-30 23:31:00+02:00,1.0,1.2,0.6,1.5,8.3,6.1,4.6,0.8,0.2,2.1,1.3,6.2,0.7,1.3,1.0,1.7,0.1,1.2,4.8,8.2,4.4,0.8,5.0,1.4,8.8,2.0,1.7,1.6,8.5,1.1,1.1,3.0,0.8,1.8,1.5,1.4,1.2,0.5,0.2,0.7,0.5,0.2
2017-05-30 23:32:00+02:00,1.0,1.1,0.3,1.4,6.6,4.8,3.7,0.8,0.2,2.1,1.1,4.9,0.7,1.2,0.8,1.7,0.1,1.1,3.9,6.5,3.5,0.5,4.3,1.4,7.1,1.6,1.6,1.6,6.8,1.0,0.9,2.8,0.8,1.7,1.5,1.3,1.1,0.4,0.2,0.7,0.4,0.2
2017-05-30 23:33:00+02:00,1.0,1.2,0.3,1.5,6.4,4.6,3.8,0.8,0.2,2.1,1.1,4.7,0.7,1.2,0.7,1.7,0.1,1.1,4.0,6.3,3.5,0.5,4.4,1.4,6.9,1.6,1.8,1.6,6.6,1.0,0.9,2.9,0.9,1.6,1.4,1.3,1.1,0.4,0.2,0.7,0.4,0.2
2017-05-30 23:34:00+02:00,1.0,1.3,0.3,1.5,6.5,4.6,3.8,0.8,0.2,2.1,1.1,4.7,0.7,1.2,0.7,1.7,0.1,1.1,4.0,6.4,3.6,0.4,4.4,1.4,7.0,1.8,1.8,1.7,6.7,1.0,0.9,3.0,0.9,1.5,1.4,1.3,1.1,0.4,0.2,0.6,0.4,0.2
2017-05-30 23:35:00+02:00,1.0,1.0,0.3,1.2,6.4,4.3,3.5,0.8,0.2,2.0,1.2,4.4,0.6,1.2,0.7,1.6,0.1,1.1,3.7,6.3,3.3,0.4,4.1,1.4,6.8,1.9,1.6,1.5,6.5,1.0,1.0,2.7,0.5,2.4,2.3,2.3,1.4,0.6,0.2,0.8,0.4,0.2
2017-05-30 23:36:00+02:00,1.0,1.4,0.6,1.7,6.5,4.5,3.9,0.8,0.2,2.0,1.4,4.6,0.6,1.1,0.9,1.6,0.1,1.0,4.1,6.4,3.7,0.7,4.3,1.4,6.9,1.8,2.0,1.5,6.6,0.9,1.2,3.1,0.9,2.9,2.8,2.7,1.6,0.7,0.3,0.9,0.5,0.2
2017-05-30 23:37:00+02:00,1.0,1.1,1.0,1.4,7.1,4.7,3.5,0.7,0.2,2.4,1.8,4.8,0.6,1.1,1.4,2.0,0.1,1.0,3.7,6.9,3.3,1.1,3.9,1.8,7.5,2.2,1.6,1.9,7.2,0.9,1.6,2.8,0.7,1.9,1.9,1.8,1.5,0.7,0.3,0.9,0.5,0.2
2017-05-30 23:38:00+02:00,1.0,0.9,0.7,1.2,6.9,4.4,3.2,0.6,0.2,2.0,1.5,4.4,0.5,1.0,1.1,1.6,0.1,0.8,3.3,6.8,2.9,0.8,3.5,1.4,7.2,2.4,1.5,1.5,7.0,0.8,1.3,2.5,0.7,1.9,1.9,1.8,1.5,0.7,0.3,0.9,0.5,0.2
2017-05-30 23:39:00+02:00,1.0,1.5,0.3,1.8,7.7,5.0,3.8,0.8,0.2,2.0,1.2,5.1,0.6,1.1,0.7,1.6,0.1,1.0,4.0,7.5,3.6,0.5,4.1,1.4,7.9,2.4,2.0,1.5,7.7,0.9,1.0,3.2,1.0,2.0,1.9,1.8,1.5,0.7,0.3,0.9,0.5,0.2
2017-05-30 23:40:00+02:00,0.6,1.7,0.3,1.9,7.0,4.6,3.9,0.7,0.2,1.8,1.9,4.7,0.5,1.0,1.4,1.3,0.1,0.9,4.0,6.9,3.6,1.1,4.2,1.1,7.2,2.2,2.2,1.2,7.0,0.8,1.7,3.2,0.6,2.2,2.2,2.0,1.7,0.7,0.3,1.1,0.6,0.2
2017-05-30 23:41:00+02:00,0.3,1.3,0.3,1.5,6.1,4.3,3.4,0.7,0.1,1.4,1.3,4.4,0.5,1.0,0.9,1.0,0.1,0.9,3.6,6.0,3.2,0.5,3.8,0.8,6.4,1.5,1.8,0.9,6.1,0.8,1.1,2.8,0.9,2.0,2.0,1.8,1.6,0.7,0.3,0.9,0.5,0.2
2017-05-30 23:42:00+02:00,0.3,1.3,0.4,1.6,7.0,4.4,3.5,0.6,0.1,1.5,1.4,4.4,0.5,1.0,0.9,1.1,0.1,0.9,3.6,7.0,3.1,0.6,3.8,0.8,7.3,2.5,1.8,1.0,7.1,0.8,1.2,2.8,0.9,2.0,2.0,1.9,1.5,0.7,0.3,0.9,0.5,0.2
2017-05-30 23:43:00+02:00,0.3,1.6,0.4,1.8,9.5,5.9,5.0,2.0,0.1,1.5,1.4,6.0,1.8,2.3,0.9,1.0,0.1,2.2,5.2,9.4,4.6,0.6,5.5,0.8,9.8,3.4,2.0,0.9,9.5,2.1,1.1,4.4,0.8,2.1,2.1,2.0,1.5,0.6,0.3,0.9,0.4,0.2
2017-05-30 23:44:00+02:00,0.2,1.4,0.4,1.6,9.4,5.9,4.9,2.0,0.1,1.6,1.4,6.0,1.9,2.4,0.9,1.2,0.1,2.3,5.1,9.4,4.4,0.5,5.4,0.9,9.7,3.4,1.8,1.1,9.5,2.2,1.1,4.2,0.7,2.1,2.0,2.0,1.5,0.6,0.3,0.8,0.4,0.2
2017-05-30 23:45:00+02:00,0.2,2.4,0.4,2.7,9.6,5.9,4.9,1.2,0.1,1.4,1.6,6.0,1.0,1.4,0.9,1.1,0.1,1.4,5.2,9.6,4.5,0.6,5.4,0.9,9.9,3.6,2.9,1.1,9.6,1.3,1.3,4.3,1.2,2.1,2.0,2.0,1.5,0.6,0.3,0.9,0.4,0.2
2017-05-30 23:46:00+02:00,0.2,1.8,0.3,2.0,8.1,5.1,4.0,1.0,0.1,1.2,1.2,5.2,0.8,1.2,0.8,0.9,0.1,1.2,4.3,8.1,3.6,0.5,4.5,0.6,8.5,2.9,2.3,0.8,8.2,1.1,1.0,3.4,0.7,2.1,2.0,2.0,1.5,0.6,0.3,0.9,0.4,0.2
2017-05-30 23:47:00+02:00,0.6,1.3,0.1,1.5,6.5,4.4,3.4,0.8,0.1,1.7,0.9,4.5,0.7,1.0,0.6,1.5,0.1,1.0,3.6,6.5,2.9,0.3,3.8,1.0,7.0,2.0,1.7,1.4,6.6,1.0,0.8,2.7,0.8,2.1,2.1,2.0,1.5,0.7,0.3,0.9,0.4,0.2
2017-05-30 23:48:00+02:00,1.7,2.3,0.1,2.6,8.7,6.6,5.2,1.7,0.1,2.8,0.9,6.7,1.5,1.9,0.6,2.6,0.1,1.8,5.5,8.6,4.8,0.4,6.1,2.1,9.1,1.9,2.8,2.5,8.8,1.8,0.8,4.6,1.9,2.0,2.0,2.0,1.5,0.7,0.3,0.9,0.4,0.2
2017-05-30 23:49:00+02:00,1.7,2.3,0.1,2.6,9.8,7.3,5.7,2.0,0.2,2.8,1.0,7.4,1.8,2.2,0.7,2.5,0.1,2.1,5.9,9.8,5.2,0.4,6.9,2.1,10.3,2.4,2.8,2.5,10.0,2.1,0.9,4.9,1.9,2.0,2.0,2.0,1.5,0.7,0.3,0.8,0.4,0.2
2017-05-30 23:50:00+02:00,1.7,2.5,0.1,2.7,8.4,5.8,5.1,1.2,0.5,2.7,1.0,6.0,1.0,1.3,0.7,2.5,0.1,1.3,5.3,8.4,4.6,0.4,5.5,2.1,8.9,2.4,2.9,2.4,8.5,1.3,0.9,4.3,2.1,2.0,1.9,1.9,1.4,0.6,0.3,0.8,0.4,0.2
2017-05-30 23:51:00+02:00,1.7,1.4,0.1,1.7,6.3,4.2,3.5,0.7,0.3,2.7,1.0,4.4,0.6,0.9,0.7,2.5,0.1,0.8,3.8,6.3,3.0,0.4,3.9,2.1,6.8,1.9,1.9,2.4,6.5,0.8,0.8,2.7,1.2,2.0,2.0,2.0,1.4,0.6,0.2,0.8,0.4,0.2
2017-05-30 23:52:00+02:00,1.7,1.1,0.1,1.3,5.5,3.7,3.1,0.7,0.4,2.6,1.0,3.9,0.6,0.9,0.7,2.3,0.1,0.8,3.3,5.5,2.7,0.4,3.5,2.1,5.9,1.6,1.6,2.3,5.6,0.8,0.8,2.5,0.9,2.0,2.0,2.0,1.6,0.7,0.2,0.9,0.5,0.2
2017-05-30 23:53:00+02:00,1.7,1.5,0.1,1.7,5.7,4.2,3.5,0.9,0.4,2.5,1.0,4.4,0.7,1.0,0.7,2.3,0.1,1.0,3.8,5.7,3.2,0.4,4.0,2.1,6.1,1.3,1.9,2.2,5.9,0.9,0.8,2.9,0.9,1.9,1.9,1.9,1.5,0.7,0.2,0.8,0.5,0.2
2017-05-30 23:54:00+02:00,1.7,1.1,0.1,1.3,6.2,4.8,4.3,1.9,0.3,2.5,1.0,5.0,1.8,2.1,0.7,2.3,0.1,2.0,4.5,6.2,4.0,0.4,4.7,2.1,6.6,1.2,1.6,2.2,6.4,2.0,0.8,3.7,0.8,1.9,1.9,1.9,1.5,0.7,0.2,0.8,0.5,0.2
2017-05-30 23:55:00+02:00,1.0,1.0,0.1,1.2,6.7,5.0,4.3,1.6,0.3,2.0,1.3,5.1,1.4,1.8,0.8,1.7,0.2,1.7,4.6,6.6,4.0,0.4,4.7,1.5,7.0,1.5,1.9,1.7,6.8,1.7,1.1,3.7,0.8,1.8,1.8,1.8,1.5,0.7,0.2,0.8,0.5,0.2
2017-05-30 23:56:00+02:00,0.4,0.9,0.1,1.1,6.2,4.4,3.8,0.8,0.1,1.3,1.3,4.6,0.6,1.0,0.7,1.1,0.2,0.9,4.1,6.1,3.5,0.4,4.2,0.9,6.6,1.5,2.0,1.1,6.4,0.9,1.1,3.0,0.7,1.7,1.7,1.6,1.3,0.6,0.2,0.7,0.4,0.2
2017-05-30 23:57:00+02:00,0.5,1.6,0.1,1.8,8.9,7.0,6.4,1.2,0.1,1.0,1.3,7.2,0.8,1.4,0.7,0.8,0.2,1.3,6.5,8.7,6.0,0.4,6.7,0.6,9.3,1.5,4.2,0.8,9.0,1.3,1.1,5.5,1.4,1.7,1.7,1.7,1.3,0.6,0.2,0.7,0.3,0.2
2017-05-30 23:58:00+02:00,0.4,1.9,0.2,2.1,6.8,4.9,4.1,0.7,0.1,1.0,1.3,5.0,0.4,0.9,0.7,0.8,0.2,0.8,4.3,6.6,3.8,0.5,4.5,0.5,7.2,1.6,2.6,0.7,7.0,0.8,1.1,3.4,1.7,1.6,1.6,1.6,1.2,0.5,0.2,0.7,0.3,0.2
2017-05-30 23:59:00+02:00,0.4,1.8,0.2,2.0,7.1,5.2,3.8,0.7,0.1,1.0,1.3,5.3,0.4,0.9,0.8,0.8,0.2,0.8,3.9,6.9,3.4,0.5,4.1,0.5,7.5,1.6,2.2,0.7,7.3,0.8,1.1,3.1,1.6,1.8,1.8,1.7,1.3,0.5,0.2,0.9,0.4,0.2
2017-05-31 00:00:00+02:00,0.4,0.8,0.2,1.0,5.4,3.4,2.8,0.7,0.1,1.1,1.3,3.6,0.4,0.9,0.8,0.8,0.2,0.8,2.9,5.2,2.4,0.5,3.1,0.5,5.8,1.6,1.2,0.8,5.6,0.8,1.2,2.1,0.7,1.8,1.8,1.7,1.3,0.5,0.2,0.9,0.4,0.3
2017-05-31 00:01:00+02:00,0.2,0.8,0.2,1.0,6.2,4.4,3.9,1.3,0.1,1.2,1.1,4.6,1.0,1.5,0.7,0.6,0.2,1.4,4.0,6.0,3.5,0.5,4.2,0.3,6.6,1.5,1.8,0.6,6.3,1.4,0.9,3.4,0.7,1.8,1.8,1.7,1.4,0.5,0.2,0.9,0.4,0.2
2017-05-31 00:02:00+02:00,0.2,1.0,0.1,1.2,7.1,5.4,4.7,1.4,0.1,0.8,1.0,5.6,1.2,1.6,0.7,0.6,0.2,1.5,4.8,6.9,4.3,0.4,5.0,0.3,7.4,1.3,2.6,0.6,7.2,1.4,0.9,4.1,0.7,1.8,1.7,1.7,1.3,0.5,0.2,0.9,0.4,0.2
2017-05-31 00:03:00+02:00,0.2,1.0,0.1,1.2,7.1,5.5,4.3,1.1,0.1,0.8,1.0,5.6,0.9,1.3,0.6,0.6,0.2,1.2,4.5,6.9,4.0,0.3,4.6,0.3,7.5,1.3,2.5,0.5,7.2,1.2,0.8,3.8,0.6,1.7,1.6,1.6,1.2,0.5,0.2,0.8,0.4,0.2
2017-05-31 00:04:00+02:00,0.3,1.0,0.1,1.2,7.2,5.6,4.7,1.6,0.1,0.9,0.9,5.7,1.4,1.8,0.5,0.6,0.2,1.6,4.9,7.0,4.4,0.3,5.1,0.3,7.5,1.2,2.5,0.5,7.3,1.6,0.7,4.2,0.6,1.7,1.7,1.7,1.3,0.5,0.2,0.9,0.4,0.2
2017-05-31 00:05:00+02:00,0.2,1.0,0.2,1.1,7.6,5.9,5.1,1.5,0.1,0.8,0.9,6.1,1.3,1.7,0.5,0.5,0.1,1.6,5.2,7.4,4.8,0.3,5.4,0.2,7.9,1.3,2.9,0.4,7.7,1.5,0.8,4.6,0.6,1.6,1.6,1.6,1.2,0.4,0.2,0.9,0.4,0.2
2017-05-31 00:06:00+02:00,0.2,1.0,0.2,1.2,8.2,6.5,5.1,1.4,0.1,0.8,1.0,6.7,1.3,1.6,0.6,0.5,0.1,1.5,5.2,8.0,4.7,0.3,5.4,0.3,8.6,1.3,2.8,0.4,8.3,1.5,0.8,4.5,0.6,1.7,1.7,1.6,1.3,0.4,0.2,0.9,0.4,0.2
2017-05-31 00:07:00+02:00,0.3,0.9,0.2,1.6,6.2,4.7,4.0,1.4,0.1,0.8,1.0,4.8,1.3,1.6,0.6,0.6,0.1,1.5,4.1,6.1,3.6,0.4,4.3,0.3,6.6,1.3,1.8,0.5,6.4,1.5,0.8,3.4,0.6,1.6,1.6,1.6,1.2,0.3,0.2,0.9,0.4,0.2
2017-05-31 00:08:00+02:00,0.5,0.9,0.2,1.1,5.6,4.1,3.5,1.4,0.1,1.0,1.0,4.2,1.3,1.6,0.6,0.7,0.1,1.5,3.6,5.5,3.1,0.4,3.7,0.5,5.9,1.3,1.3,0.7,5.6,1.5,0.8,2.9,0.6,1.6,1.6,1.6,1.2,0.3,0.2,0.9,0.4,0.2
2017-05-31 00:09:00+02:00,1.2,0.9,0.2,1.0,5.4,3.9,3.3,1.4,0.1,1.7,1.0,4.1,1.2,1.6,0.6,1.4,0.1,1.5,3.4,5.3,3.0,0.4,3.6,1.3,5.7,1.3,1.2,1.4,5.5,1.5,0.8,2.8,0.6,2.8,2.8,2.7,2.4,1.0,0.2,1.5,1.0,0.2
2017-05-31 00:10:00+02:00,0.6,1.0,0.1,1.1,5.9,4.0,3.1,1.1,0.2,1.2,0.9,4.1,0.9,1.2,0.6,0.8,0.1,1.2,3.2,5.3,2.7,0.3,3.6,0.6,6.2,1.2,1.3,0.7,5.9,1.2,0.8,2.5,0.7,3.1,3.0,3.0,2.7,1.0,0.2,1.7,1.3,0.2
2017-05-31 00:11:00+02:00,0.4,1.0,0.1,1.2,4.7,3.3,2.5,0.5,0.2,1.0,0.9,3.4,0.3,0.6,0.6,0.6,0.2,0.6,2.5,4.6,2.2,0.3,2.9,0.5,5.0,1.2,1.3,0.6,4.7,0.6,0.8,2.0,0.7,2.2,2.1,2.1,1.8,0.9,0.1,0.9,0.5,0.2
2017-05-31 00:12:00+02:00,0.5,1.0,0.1,1.2,5.1,3.6,2.8,0.8,0.2,1.4,1.0,3.7,0.6,0.9,0.6,0.9,0.1,0.9,2.9,5.0,2.5,0.4,3.3,0.8,5.3,1.3,1.4,0.9,5.1,0.8,0.8,2.3,0.7,2.2,2.2,2.2,1.8,0.9,0.1,1.0,0.5,0.2
2017-05-31 00:13:00+02:00,0.4,1.0,0.1,1.2,5.3,3.8,2.8,0.8,0.2,1.3,1.0,3.9,0.7,1.0,0.6,0.9,0.2,0.9,3.0,5.2,2.5,0.4,3.4,0.8,5.6,1.3,1.4,0.9,5.3,0.9,0.9,2.4,0.7,2.3,2.3,2.3,1.9,1.0,0.2,1.0,0.5,0.2
2017-05-31 00:14:00+02:00,0.4,1.0,0.1,1.2,5.1,3.6,2.8,0.8,0.2,1.2,1.0,3.8,0.6,1.0,0.6,0.8,0.2,0.9,3.0,5.0,2.6,0.4,3.3,0.7,5.5,1.3,1.4,0.8,5.1,0.9,0.9,2.4,0.7,2.4,2.4,2.4,2.0,1.0,0.2,1.1,0.6,0.3
2017-05-31 00:15:00+02:00,0.4,1.0,0.1,1.4,5.3,3.9,3.1,0.9,0.2,1.1,1.0,4.0,0.7,1.1,0.6,0.8,0.2,1.0,3.3,5.3,2.8,0.4,3.5,0.7,5.7,1.3,1.6,0.8,5.4,1.0,0.8,2.7,0.7,2.5,2.5,2.5,2.1,1.0,0.2,1.1,0.7,0.4
2017-05-31 00:16:00+02:00,0.4,1.0,0.1,1.6,5.7,4.2,3.3,0.8,0.2,1.8,1.0,4.3,0.6,1.0,0.6,0.8,0.2,0.9,3.5,5.6,3.0,0.4,3.9,0.7,6.0,1.3,1.9,0.8,5.7,0.9,0.8,2.9,0.7,2.5,2.5,2.5,2.1,1.0,0.2,1.1,0.7,0.4
2017-05-31 00:17:00+02:00,0.2,0.9,0.1,1.3,5.4,3.9,3.1,0.9,0.2,1.2,1.0,4.1,0.7,1.1,0.6,0.7,0.2,1.0,3.3,5.3,2.9,0.3,3.6,0.6,5.7,1.3,1.7,0.7,5.4,0.9,0.8,2.7,0.7,2.5,2.5,2.5,2.1,1.0,0.2,1.1,0.7,0.4
2017-05-31 00:18:00+02:00,0.1,1.1,0.1,1.3,5.6,4.2,3.2,0.9,0.2,1.0,1.0,4.3,0.7,1.1,0.6,0.7,0.2,1.0,3.6,5.5,3.0,0.3,3.9,0.5,5.9,1.2,1.8,0.7,5.6,1.0,0.8,2.9,1.0,2.2,2.1,2.1,1.8,0.8,0.2,1.0,0.6,0.2
2017-05-31 00:19:00+02:00,0.2,1.2,0.2,1.4,5.7,4.3,3.2,0.9,0.2,1.6,1.0,4.4,0.7,1.1,0.6,0.8,0.2,1.0,3.7,5.6,2.9,0.3,4.0,0.6,5.9,1.2,1.8,0.7,5.7,0.9,0.8,2.8,1.1,1.7,1.7,1.6,1.3,0.3,0.1,1.0,0.5,0.2
2017-05-31 00:20:00+02:00,0.3,1.2,0.2,1.6,6.2,4.8,3.6,0.8,0.2,1.1,1.1,4.9,0.6,1.0,0.7,0.8,0.2,0.9,4.2,6.2,3.3,0.4,4.5,0.6,6.5,1.3,2.1,0.7,6.2,0.9,0.9,3.1,1.0,1.9,1.8,1.8,1.4,0.6,0.1,0.9,0.5,0.2
2017-05-31 00:21:00+02:00,0.3,1.2,0.2,1.6,5.9,4.5,3.6,1.0,0.2,1.1,1.1,4.6,0.8,1.2,0.7,0.8,0.2,1.1,3.9,5.8,3.3,0.4,4.2,0.6,6.1,1.3,1.9,0.7,5.9,1.1,0.9,3.1,1.0,1.7,1.7,1.7,1.3,0.5,0.1,0.8,0.5,0.1
2017-05-31 00:22:00+02:00,0.2,1.1,0.2,1.7,5.9,4.4,3.7,1.0,0.2,1.6,1.1,4.5,0.8,1.2,0.7,0.9,0.3,1.1,3.9,5.8,3.4,0.4,4.1,0.6,6.2,1.3,2.0,0.8,5.9,1.1,0.9,3.3,1.0,1.7,1.7,1.7,1.3,0.5,0.1,0.8,0.5,0.1
2017-05-31 00:23:00+02:00,0.1,1.1,0.2,1.6,5.7,4.3,3.6,1.0,0.2,1.4,1.1,4.4,0.8,1.2,0.7,0.9,0.3,1.1,3.7,5.6,3.3,0.4,4.0,0.6,6.0,1.3,1.9,0.8,5.7,1.1,0.9,3.1,1.0,1.9,1.8,1.8,1.5,0.5,0.1,0.9,0.5,0.1
2017-05-31 00:24:00+02:00,0.1,1.1,0.2,1.6,5.7,4.3,3.6,1.0,0.2,1.1,1.1,4.4,0.9,1.2,0.7,0.8,0.3,1.1,3.7,5.7,3.3,0.4,4.1,0.6,6.1,1.3,1.9,0.7,5.8,1.1,0.9,3.1,1.0,1.9,1.9,1.8,1.5,0.6,0.1,0.9,0.5,0.1
2017-05-31 00:25:00+02:00,0.2,1.1,0.2,1.6,5.7,4.4,3.5,0.9,0.2,1.1,1.1,4.5,0.7,1.1,0.7,0.9,0.2,1.0,3.6,5.7,3.2,0.4,4.1,0.7,6.1,1.3,1.9,0.8,5.8,0.9,0.9,3.0,1.0,1.9,1.9,1.8,1.5,0.6,0.1,0.9,0.5,0.1
2017-05-31 00:26:00+02:00,0.3,1.1,0.2,1.7,5.7,4.4,3.5,0.9,0.1,1.2,1.0,4.4,0.7,1.1,0.7,1.1,0.2,1.0,3.7,5.7,3.3,0.4,4.1,0.8,6.1,1.3,2.0,1.0,5.8,0.9,0.9,3.1,1.0,2.0,2.0,2.0,1.6,0.7,0.2,0.9,0.5,0.1
2017-05-31 00:27:00+02:00,0.3,1.2,0.2,1.7,6.0,4.3,3.6,0.9,0.2,1.2,1.0,4.4,0.7,1.1,0.7,1.1,0.2,1.1,3.7,5.9,3.4,0.4,4.0,0.8,6.4,1.6,2.1,1.0,6.0,1.0,0.9,3.2,1.0,2.1,2.1,2.1,1.7,0.7,0.3,1.0,0.6,0.1
2017-05-31 00:28:00+02:00,0.3,0.7,0.2,1.2,5.3,3.9,3.2,0.9,0.2,1.2,1.0,4.0,0.7,1.0,0.7,1.0,0.2,1.0,3.3,5.2,2.9,0.4,3.6,0.8,5.8,1.2,1.7,0.9,5.3,0.9,0.9,2.8,0.5,2.0,2.0,2.0,1.6,0.7,0.3,0.9,0.5,0.1
2017-05-31 00:29:00+02:00,0.3,0.5,0.2,1.0,5.0,3.6,2.9,0.6,0.2,1.4,1.0,3.7,0.4,0.8,0.6,1.0,0.2,0.7,3.0,4.9,2.7,0.4,3.3,0.8,5.3,1.2,1.7,0.9,5.0,0.6,0.9,2.5,0.4,1.8,1.8,1.8,1.5,0.6,0.2,0.9,0.4,0.2
2017-05-31 00:30:00+02:00,0.3,0.5,0.2,0.9,4.7,3.4,2.8,0.6,0.2,1.5,1.0,3.5,0.4,0.8,0.6,1.0,0.2,0.7,2.8,4.7,2.5,0.3,3.1,0.7,5.0,1.2,1.5,0.9,4.8,0.6,0.8,2.3,0.4,1.9,1.9,1.9,1.5,0.5,0.2,1.0,0.5,0.2
2017-05-31 00:31:00+02:00,0.2,0.5,0.2,0.9,4.7,3.4,2.7,0.6,0.2,1.6,1.1,3.4,0.4,0.7,0.6,1.0,0.2,0.7,2.8,4.7,2.4,0.3,3.1,0.7,5.0,1.3,1.5,0.9,4.8,0.6,0.8,2.3,0.4,2.0,1.9,1.9,1.5,0.6,0.2,0.9,0.5,0.2
2017-05-31 00:32:00+02:00,0.2,0.5,0.2,1.0,4.9,3.5,2.8,0.5,0.2,1.6,1.2,3.5,0.4,0.7,0.6,1.0,0.1,0.6,2.9,4.8,2.5,0.3,3.2,0.7,5.1,1.4,1.7,0.9,4.9,0.6,0.9,2.4,0.4,2.1,2.0,2.0,1.6,0.6,0.2,1.0,0.5,0.2
2017-05-31 00:33:00+02:00,0.2,0.6,0.2,1.0,4.8,3.5,2.8,0.5,0.2,1.6,1.2,3.5,0.4,0.7,0.6,1.0,0.1,0.6,2.8,4.8,2.5,0.3,3.2,0.7,5.1,1.4,1.7,0.9,4.9,0.6,0.9,2.3,0.5,2.1,2.1,2.0,1.7,0.6,0.2,1.0,0.6,0.2
2017-05-31 00:34:00+02:00,0.2,0.6,0.2,1.5,5.8,4.4,3.7,0.5,0.2,1.3,1.2,4.5,0.4,0.7,0.6,1.0,0.1,0.6,3.8,5.7,3.4,0.3,4.1,0.7,6.0,1.4,2.6,0.9,5.8,0.6,0.8,3.3,0.5,2.2,2.1,2.1,1.7,0.6,0.2,1.2,0.7,0.2
2017-05-31 00:35:00+02:00,0.2,0.6,0.2,3.0,7.5,6.1,5.6,0.5,0.2,1.2,1.2,6.2,0.4,0.7,0.6,0.9,0.1,0.6,5.7,7.4,5.3,0.3,6.0,0.6,7.7,1.4,4.5,0.8,7.5,0.6,0.8,5.2,0.5,2.0,1.9,1.9,1.6,0.5,0.2,1.1,0.6,0.2
2017-05-31 00:36:00+02:00,0.2,0.8,0.2,2.3,6.6,5.3,4.7,0.5,0.2,1.2,1.2,5.4,0.4,0.7,0.6,0.9,0.1,0.6,4.8,6.6,4.4,0.2,5.1,0.6,6.8,1.4,3.6,0.8,6.7,0.6,0.8,4.3,0.7,1.9,1.8,1.8,1.4,0.5,0.2,1.0,0.5,0.2
2017-05-31 00:37:00+02:00,0.2,1.0,0.2,1.3,4.9,3.5,2.9,0.6,0.2,1.3,1.2,3.6,0.4,0.7,0.6,0.9,0.1,0.7,3.0,4.8,2.5,0.2,3.3,0.6,5.0,1.4,1.7,0.8,4.9,0.6,0.8,2.4,0.9,1.9,1.8,1.8,1.5,0.5,0.2,1.0,0.6,0.2
2017-05-31 00:38:00+02:00,0.2,1.0,0.2,1.3,5.1,3.7,3.1,0.5,0.2,1.2,1.2,3.8,0.4,0.7,0.6,0.9,0.1,0.6,3.2,5.0,2.7,0.2,3.5,0.6,5.3,1.4,1.9,0.8,5.2,0.6,0.8,2.6,0.9,1.9,1.8,1.8,1.5,0.5,0.2,1.0,0.6,0.2
2017-05-31 00:39:00+02:00,0.2,1.0,0.1,1.3,5.8,4.4,3.7,1.4,0.2,1.2,1.3,4.5,1.3,1.6,0.6,0.9,0.1,1.5,3.8,5.7,3.4,0.2,4.1,0.6,6.0,1.4,1.7,0.8,5.8,1.5,0.9,3.2,0.9,2.0,1.9,1.9,1.5,0.5,0.2,1.1,0.6,0.2
2017-05-31 00:40:00+02:00,0.2,1.0,0.1,1.3,5.9,4.5,3.7,1.5,0.2,1.2,1.3,4.6,1.4,1.7,0.6,0.9,0.1,1.6,3.8,5.9,3.4,0.2,4.1,0.6,6.3,1.4,1.7,0.8,6.0,1.5,0.9,3.3,0.9,1.9,1.8,1.8,1.5,0.4,0.1,1.1,0.6,0.2
2017-05-31 00:41:00+02:00,0.2,1.0,0.1,1.3,5.1,3.7,2.8,0.5,0.1,1.2,1.3,3.8,0.4,0.7,0.6,0.9,0.1,0.7,2.9,5.1,2.5,0.2,3.2,0.6,5.5,1.5,1.7,0.8,5.2,0.6,0.9,2.4,0.8,1.8,1.7,1.7,1.3,0.4,0.1,0.9,0.5,0.2
2017-05-31 00:42:00+02:00,0.2,0.8,0.1,1.1,5.1,3.7,2.8,0.5,0.2,1.2,1.3,3.7,0.3,0.7,0.6,0.9,0.1,0.7,2.9,5.0,2.5,0.2,3.2,0.6,5.5,1.4,1.7,0.8,5.1,0.6,0.9,2.4,0.7,2.1,2.0,2.0,1.6,0.7,0.1,1.0,0.5,0.2
2017-05-31 00:43:00+02:00,0.3,0.7,0.1,1.0,4.7,3.3,2.5,0.5,0.2,1.2,1.3,3.3,0.3,0.7,0.6,0.9,0.1,0.7,2.6,4.6,2.2,0.2,2.9,0.6,5.1,1.4,1.3,0.9,4.8,0.6,0.9,2.1,0.5,2.0,1.9,1.9,1.5,0.5,0.2,1.0,0.5,0.2
2017-05-31 00:44:00+02:00,0.3,1.5,0.1,1.9,6.4,5.0,4.3,1.4,0.2,1.2,1.2,5.1,1.2,1.6,0.6,0.9,0.1,1.5,4.4,6.3,4.0,0.2,4.7,0.6,6.8,1.4,2.2,0.9,6.5,1.5,0.9,3.8,1.4,2.0,1.9,1.9,1.5,0.5,0.2,1.0,0.5,0.1
2017-05-31 00:45:00+02:00,0.3,1.7,0.1,2.0,6.3,4.9,4.3,1.0,0.2,1.3,1.2,5.0,0.9,1.3,0.6,0.9,0.1,1.2,4.3,6.2,3.9,0.2,4.6,0.6,6.6,1.4,2.5,0.8,6.4,1.1,1.0,3.8,1.6,1.9,1.8,1.8,1.4,0.5,0.2,0.9,0.4,0.1
2017-05-31 00:46:00+02:00,0.3,1.7,0.1,2.0,5.4,4.1,3.5,0.5,0.2,1.3,1.0,4.1,0.4,0.8,0.7,0.9,0.1,0.7,3.6,5.4,3.1,0.2,3.8,0.6,5.7,1.2,2.3,0.8,5.4,0.6,1.0,3.1,1.6,1.9,1.7,1.7,1.3,0.5,0.2,0.8,0.4,0.1
2017-05-31 00:47:00+02:00,0.3,1.7,0.2,1.9,5.1,4.0,3.4,0.5,0.2,1.3,0.9,4.0,0.3,0.7,0.5,0.9,0.1,0.6,3.4,5.1,3.0,0.3,3.7,0.6,5.3,1.1,2.3,0.8,5.2,0.6,0.8,3.0,1.6,1.9,1.7,1.7,1.3,0.6,0.2,0.8,0.4,0.1
2017-05-31 00:48:00+02:00,0.3,1.4,0.2,1.6,4.7,3.6,3.0,0.7,0.2,1.2,0.8,3.6,0.5,0.9,0.4,0.8,0.1,0.8,3.0,4.7,2.6,0.3,3.4,0.6,4.9,1.1,1.7,0.8,4.7,0.8,0.7,2.6,1.3,2.0,1.9,1.8,1.4,0.6,0.2,0.8,0.5,0.1
2017-05-31 00:49:00+02:00,0.3,1.2,0.2,1.5,5.5,4.5,3.9,1.6,0.2,1.2,0.7,4.6,1.5,1.8,0.4,0.8,0.1,1.7,3.9,5.5,3.5,0.2,4.2,0.6,5.8,0.9,1.6,0.8,5.6,1.7,0.7,3.4,1.1,1.9,1.9,1.8,1.4,0.6,0.2,0.9,0.5,0.2
2017-05-31 00:50:00+02:00,0.3,1.2,0.1,1.7,5.1,4.1,3.5,1.2,0.2,1.2,0.7,4.3,1.0,1.4,0.3,0.8,0.1,1.3,3.6,5.1,3.2,0.2,3.9,0.5,5.4,0.9,1.8,0.7,5.2,1.3,0.6,3.1,1.1,1.8,1.7,1.7,1.2,0.4,0.2,0.9,0.5,0.2
2017-05-31 00:51:00+02:00,0.2,1.1,0.1,1.6,5.5,4.5,3.9,1.6,0.1,1.1,0.7,4.6,1.5,1.8,0.3,0.7,0.1,1.7,4.0,5.5,3.6,0.2,4.3,0.5,5.8,0.9,1.7,0.7,5.5,1.7,0.6,3.5,1.0,1.7,1.7,1.6,1.2,0.4,0.2,0.8,0.5,0.2
2017-05-31 00:52:00+02:00,0.2,1.1,0.1,1.6,5.0,4.0,3.4,1.0,0.1,1.1,0.7,4.1,0.9,1.2,0.3,0.7,0.1,1.1,3.4,5.0,3.2,0.2,3.7,0.5,5.2,0.9,1.9,0.7,5.1,1.1,0.6,3.1,1.0,1.7,1.7,1.7,1.2,0.4,0.2,0.8,0.5,0.2
2017-05-31 00:53:00+02:00,0.2,1.1,0.1,1.6,4.4,3.5,2.9,0.5,0.1,1.1,0.6,3.6,0.4,0.7,0.3,0.7,0.1,0.6,2.9,4.4,2.7,0.2,3.3,0.5,5.1,0.8,1.9,0.7,4.9,0.6,0.5,2.6,1.0,1.8,1.8,1.7,1.3,0.5,0.2,0.8,0.5,0.2
2017-05-31 00:54:00+02:00,0.2,1.1,0.1,1.6,4.8,4.0,3.4,1.1,0.1,1.1,0.5,4.1,0.9,1.2,0.2,0.7,0.1,1.2,3.4,4.8,3.2,0.2,3.8,0.5,6.5,0.6,1.9,0.7,6.3,1.1,0.4,3.2,1.0,1.8,1.8,1.7,1.2,0.5,0.2,0.8,0.5,0.1
2017-05-31 00:55:00+02:00,0.4,1.6,0.1,2.1,5.8,5.1,4.5,1.7,0.2,1.2,0.5,5.3,1.6,1.9,0.2,0.8,0.1,1.8,4.6,5.8,4.3,0.2,4.9,0.7,7.5,0.6,2.4,0.8,7.4,1.8,0.4,4.3,1.5,1.8,1.7,1.7,1.2,0.5,0.2,0.8,0.4,0.1
2017-05-31 00:56:00+02:00,0.5,2.0,0.1,2.4,6.1,5.4,4.8,1.6,0.4,1.4,0.5,5.5,1.5,1.8,0.2,1.0,0.1,1.7,4.8,6.1,4.5,0.2,5.2,0.9,7.8,0.6,2.7,1.0,7.7,1.7,0.4,4.5,1.9,1.7,1.7,1.6,1.1,0.5,0.2,0.7,0.3,0.1
2017-05-31 00:57:00+02:00,0.5,1.3,0.1,1.8,5.9,4.5,3.8,1.3,0.4,1.5,1.1,4.7,1.1,1.5,0.9,1.1,0.1,1.4,3.9,5.9,3.6,0.2,4.3,0.9,7.6,1.2,2.1,1.0,7.5,1.4,1.0,3.6,1.2,1.6,1.6,1.6,1.2,0.6,0.4,0.6,0.3,0.1
2017-05-31 00:58:00+02:00,0.5,1.4,0.2,1.8,6.3,4.8,4.1,1.6,0.4,1.5,1.2,5.0,1.4,1.8,0.9,1.0,0.1,1.7,4.3,6.2,3.9,0.2,4.6,0.9,8.0,1.3,2.2,1.0,7.8,1.7,1.1,3.9,1.3,1.6,1.6,1.6,1.3,0.6,0.4,0.7,0.3,0.1
2017-05-31 00:59:00+02:00,0.5,1.3,0.2,1.7,6.0,4.7,4.0,1.6,0.4,1.4,1.0,4.9,1.4,1.8,0.3,1.0,0.1,1.7,4.1,6.0,3.8,0.2,4.5,0.9,7.1,1.1,2.1,1.0,6.9,1.6,0.5,3.8,1.2,1.5,1.4,1.4,1.1,0.3,0.1,0.8,0.5,0.2
2017-05-31 01:00:00+02:00,0.5,1.0,0.2,1.4,6.2,4.5,3.9,1.6,0.4,1.3,1.4,4.7,1.4,1.9,0.3,1.0,0.1,1.8,4.0,6.2,3.7,0.2,4.3,0.9,7.9,1.5,1.8,1.0,7.7,1.7,0.5,3.6,0.9,1.5,1.5,1.5,1.2,0.3,0.1,0.9,0.6,0.3
2017-05-31 01:01:00+02:00,0.4,0.5,0.1,0.8,5.7,4.4,3.7,1.5,0.2,1.4,0.8,4.5,1.4,1.8,0.5,1.0,0.1,1.7,3.8,5.6,3.6,0.3,4.2,0.8,6.0,1.1,1.8,1.0,5.8,1.6,0.7,3.6,0.3,1.7,1.6,1.6,1.0,0.3,0.2,0.7,0.4,0.1
2017-05-31 01:02:00+02:00,0.2,0.5,0.1,0.7,5.5,4.3,3.6,1.5,0.2,1.2,0.8,4.3,1.4,1.8,0.5,0.8,0.1,1.7,3.7,5.4,3.5,0.3,4.1,0.6,5.9,1.1,1.8,0.8,5.7,1.6,0.6,3.5,0.3,2.2,2.2,2.2,1.1,0.3,0.2,0.7,0.4,0.2
2017-05-31 01:03:00+02:00,0.2,0.5,0.1,0.7,5.3,4.1,3.4,1.5,0.1,1.2,0.8,4.2,1.4,1.7,0.5,0.8,0.1,1.6,3.6,5.2,3.4,0.3,3.9,0.5,5.6,1.1,1.6,0.7,5.5,1.6,0.6,3.4,0.3,2.0,2.0,1.9,1.1,0.3,0.2,0.7,0.4,0.2
2017-05-31 01:04:00+02:00,0.1,0.4,0.1,0.6,5.2,4.0,3.4,1.5,0.1,1.2,0.8,4.1,1.4,1.7,0.5,0.8,0.1,1.6,3.5,5.1,3.3,0.3,3.8,0.5,5.5,1.0,1.6,0.7,5.3,1.6,0.6,3.3,0.2,1.4,1.4,1.3,1.1,0.4,0.2,0.7,0.4,0.2
2017-05-31 01:05:00+02:00,0.2,0.6,0.2,0.8,5.2,4.0,3.6,1.5,0.1,1.3,0.8,4.1,1.4,1.8,0.4,0.8,0.1,1.7,3.7,5.1,3.6,0.3,3.8,0.5,5.5,1.0,1.8,0.7,5.3,1.6,0.6,3.6,0.4,1.5,1.5,1.4,1.1,0.4,0.2,0.7,0.4,0.2
2017-05-31 01:06:00+02:00,0.2,0.6,0.2,0.8,5.9,4.7,4.3,1.6,0.1,1.3,0.8,4.8,1.4,1.8,0.4,0.9,0.1,1.7,4.3,5.8,4.2,0.2,4.5,0.6,6.2,1.0,2.4,0.8,6.0,1.6,0.6,4.2,0.4,1.4,1.4,1.3,1.1,0.4,0.2,0.7,0.4,0.2
2017-05-31 01:07:00+02:00,0.3,0.6,0.2,0.8,5.5,4.3,3.9,1.6,0.1,1.4,0.8,4.4,1.4,1.8,0.4,0.9,0.1,1.7,3.9,5.4,3.8,0.2,4.1,0.7,5.9,1.0,2.0,0.9,5.7,1.7,0.6,3.8,0.4,1.3,1.3,1.2,0.9,0.3,0.2,0.7,0.4,0.1
2017-05-31 01:08:00+02:00,0.3,0.6,0.2,0.7,5.6,4.4,4.0,1.6,0.1,1.4,0.7,4.5,1.4,1.8,0.3,0.9,0.1,1.7,4.1,5.4,3.9,0.2,4.2,0.7,5.9,0.9,2.1,0.9,5.7,1.6,0.5,3.9,0.4,1.3,1.3,1.2,1.0,0.3,0.2,0.7,0.4,0.1
2017-05-31 01:09:00+02:00,0.4,0.6,0.2,0.7,5.4,4.2,3.8,1.6,0.1,1.4,0.7,4.3,1.4,1.7,0.3,1.0,0.1,1.7,3.8,5.2,3.7,0.2,3.9,0.7,5.7,0.9,1.9,0.9,5.5,1.6,0.5,3.7,0.4,1.2,1.2,1.1,0.9,0.3,0.2,0.6,0.3,0.1
2017-05-31 01:10:00+02:00,0.4,0.6,0.2,0.8,4.9,3.7,3.2,1.6,0.1,1.5,0.7,3.8,1.4,1.7,0.3,1.1,0.1,1.7,3.3,4.7,3.1,0.2,3.4,0.8,5.2,0.9,1.4,1.0,5.0,1.6,0.5,3.1,0.4,1.1,1.0,1.0,0.7,0.2,0.1,0.5,0.2,0.1
2017-05-31 01:11:00+02:00,0.2,0.6,0.1,0.8,5.6,4.5,3.1,1.6,0.1,1.3,0.6,4.7,1.4,1.7,0.3,0.8,0.1,1.7,3.1,5.5,3.0,0.2,4.3,0.6,5.9,0.8,1.2,0.8,5.8,1.6,0.4,2.9,0.4,1.0,0.9,0.9,0.6,0.2,0.1,0.4,0.2,0.1
2017-05-31 01:12:00+02:00,0.2,0.6,0.1,0.8,5.6,4.6,3.2,1.6,0.1,1.3,0.6,4.7,1.4,1.8,0.2,0.8,0.1,1.7,3.2,5.5,3.0,0.1,4.4,0.6,5.9,0.8,1.2,0.8,5.8,1.6,0.4,3.0,0.4,1.0,0.9,0.9,0.6,0.2,0.1,0.4,0.2,0.1
2017-05-31 01:13:00+02:00,0.2,0.5,0.1,0.8,4.8,3.7,3.2,1.6,0.1,1.3,0.7,3.8,1.4,1.8,0.3,0.8,0.1,1.7,3.2,4.7,3.1,0.2,3.5,0.6,5.1,0.9,1.2,0.8,4.9,1.6,0.5,3.0,0.4,0.9,0.9,0.9,0.6,0.2,0.1,0.4,0.2,0.1
2017-05-31 01:14:00+02:00,0.2,0.5,0.1,0.7,4.6,3.5,3.1,1.6,0.1,1.2,0.7,3.7,1.3,1.8,0.3,0.7,0.1,1.7,3.2,4.5,3.0,0.2,3.3,0.5,4.9,0.9,1.2,0.7,4.7,1.6,0.5,2.9,0.4,0.9,0.9,0.8,0.6,0.2,0.1,0.4,0.2,0.1
2017-05-31 01:15:00+02:00,0.2,0.5,0.1,0.7,4.3,3.2,2.8,1.2,0.1,1.2,0.7,3.3,1.0,1.4,0.3,0.7,0.1,1.3,2.9,4.2,2.6,0.2,3.0,0.5,4.5,0.9,1.2,0.7,4.3,1.2,0.5,2.6,0.4,0.9,0.9,0.9,0.6,0.2,0.1,0.4,0.2,0.1
2017-05-31 01:16:00+02:00,0.2,0.5,0.1,0.8,3.7,2.6,2.2,0.5,0.1,0.9,0.6,2.8,0.3,0.7,0.3,0.6,0.1,0.7,2.3,3.6,2.0,0.2,2.4,0.4,3.9,0.8,1.2,0.6,3.8,0.6,0.5,2.0,0.4,0.9,0.9,0.8,0.6,0.2,0.1,0.4,0.2,0.1
2017-05-31 01:17:00+02:00,0.2,0.6,0.1,0.8,3.8,2.7,2.2,0.5,0.1,0.9,0.7,2.8,0.3,0.7,0.3,0.6,0.1,0.7,2.3,3.7,2.1,0.2,2.5,0.4,4.0,0.9,1.3,0.5,3.9,0.5,0.5,2.0,0.4,1.0,0.9,0.9,0.6,0.2,0.1,0.4,0.2,0.1
2017-05-31 01:18:00+02:00,0.2,0.7,0.1,0.9,4.0,2.9,2.4,0.7,0.1,0.9,0.7,3.0,0.4,0.9,0.3,0.6,0.1,0.8,2.5,3.9,2.3,0.2,2.6,0.4,4.3,1.0,1.3,0.6,4.1,0.7,0.5,2.2,0.5,1.0,0.9,0.9,0.7,0.3,0.2,0.4,0.2,0.1
2017-05-31 01:19:00+02:00,0.2,0.7,0.1,0.9,4.1,2.9,2.4,0.6,0.1,0.9,0.8,3.0,0.4,0.8,0.4,0.6,0.1,0.8,2.5,4.0,2.3,0.2,2.7,0.3,4.3,1.0,1.4,0.6,4.2,0.7,0.6,2.2,0.5,0.9,0.9,0.8,0.7,0.4,0.2,0.4,0.2,0.1
2017-05-31 01:20:00+02:00,0.2,0.8,0.1,1.0,4.3,3.0,2.4,0.5,0.1,1.0,0.8,3.1,0.3,0.7,0.4,0.7,0.1,0.7,2.4,4.2,2.2,0.2,2.8,0.3,4.5,1.0,1.4,0.6,4.4,0.6,0.6,2.2,0.6,0.8,0.8,0.8,0.7,0.3,0.2,0.4,0.2,0.1
2017-05-31 01:21:00+02:00,0.2,0.8,0.1,1.0,4.2,3.0,2.4,0.5,0.2,1.0,0.8,3.1,0.3,0.7,0.4,0.7,0.1,0.7,2.5,4.1,2.3,0.2,2.8,0.4,4.6,1.0,1.5,0.7,4.4,0.6,0.6,2.2,0.6,1.4,1.4,1.3,1.3,0.8,0.2,0.5,0.2,0.1
2017-05-31 01:22:00+02:00,0.2,0.8,0.1,1.0,4.2,3.0,2.3,0.5,0.2,1.6,0.7,3.0,0.3,0.7,0.4,1.3,0.1,0.6,2.4,4.0,2.2,0.2,2.8,1.0,4.5,1.0,1.5,1.3,4.3,0.6,0.5,2.1,0.6,1.0,1.0,0.9,0.9,0.4,0.2,0.5,0.2,0.1
2017-05-31 01:23:00+02:00,0.2,0.8,0.1,1.0,4.3,3.0,2.3,0.5,0.2,2.1,0.7,3.1,0.3,0.7,0.3,1.8,0.1,0.6,2.4,4.1,2.2,0.2,2.8,1.5,4.6,1.0,1.5,1.8,4.4,0.6,0.5,2.1,0.6,1.0,1.0,0.9,0.9,0.4,0.2,0.5,0.2,0.1
2017-05-31 01:24:00+02:00,0.2,0.8,0.1,1.0,4.3,3.0,2.4,0.5,0.2,2.1,0.7,3.2,0.3,0.7,0.3,1.8,0.1,0.6,2.4,4.1,2.2,0.2,2.8,1.5,4.6,0.9,1.5,1.7,4.4,0.5,0.5,2.1,0.6,1.0,1.0,0.9,0.9,0.4,0.2,0.5,0.2,0.1
2017-05-31 01:25:00+02:00,0.2,0.8,0.1,1.0,4.0,2.8,2.1,0.5,0.2,0.9,0.7,2.9,0.3,0.7,0.4,0.6,0.1,0.6,2.2,3.9,1.9,0.2,2.6,0.4,4.3,0.9,1.2,0.6,4.1,0.6,0.5,1.9,0.6,0.9,0.9,0.9,0.8,0.3,0.1,0.5,0.2,0.1
2017-05-31 01:26:00+02:00,0.2,0.8,0.1,1.1,4.0,2.8,2.1,0.5,0.2,0.8,0.7,2.9,0.3,0.7,0.3,0.6,0.1,0.6,2.1,3.8,2.0,0.1,2.6,0.4,4.3,0.9,1.2,0.5,4.1,0.6,0.4,1.9,0.6,1.0,0.9,0.9,0.8,0.3,0.1,0.5,0.2,0.1
2017-05-31 01:27:00+02:00,0.2,0.8,0.0,1.0,3.9,2.7,2.0,0.5,0.2,0.8,0.6,2.8,0.3,0.7,0.3,0.5,0.1,0.6,2.1,3.7,1.9,0.1,2.5,0.4,4.2,0.8,1.2,0.5,4.0,0.6,0.4,1.9,0.6,0.8,0.8,0.8,0.7,0.2,0.1,0.5,0.2,0.1
2017-05-31 01:28:00+02:00,0.2,0.7,0.0,1.0,4.1,2.7,2.0,0.5,0.2,0.8,1.0,2.7,0.3,0.7,0.3,0.5,0.1,0.6,2.1,4.0,1.9,0.1,2.5,0.4,4.5,1.2,1.1,0.5,4.2,0.6,0.8,1.8,0.5,0.8,0.8,0.7,0.7,0.2,0.1,0.5,0.2,0.1
2017-05-31 01:29:00+02:00,0.2,0.7,0.0,1.0,5.7,3.7,3.1,1.4,0.1,0.8,1.6,3.8,1.3,1.7,0.2,0.6,0.1,1.6,3.1,5.6,3.0,0.1,3.5,0.4,6.0,1.8,1.2,0.5,5.8,1.5,1.3,2.9,0.5,0.8,0.8,0.8,0.7,0.2,0.1,0.5,0.3,0.2
2017-05-31 01:30:00+02:00,0.2,0.7,0.0,1.0,4.5,3.5,2.8,1.2,0.1,0.9,0.6,3.6,1.1,1.5,0.2,0.6,0.1,1.4,2.9,4.4,2.7,0.1,3.3,0.4,4.7,0.8,1.1,0.6,4.5,1.3,0.4,2.7,0.5,0.9,0.9,0.8,0.8,0.2,0.1,0.5,0.3,0.2
2017-05-31 01:31:00+02:00,0.2,0.7,0.0,1.0,3.8,3.0,2.3,0.7,0.1,1.0,0.5,3.0,0.5,1.0,0.2,0.7,0.1,0.8,2.4,3.8,2.2,0.1,2.8,0.4,4.1,0.7,1.2,0.6,3.9,0.8,0.3,2.1,0.5,0.9,0.9,0.8,0.8,0.3,0.1,0.5,0.2,0.1
2017-05-31 01:32:00+02:00,0.2,0.7,0.0,1.0,3.9,3.0,2.3,0.7,0.1,1.0,0.5,3.1,0.5,1.0,0.2,0.7,0.1,0.9,2.4,3.9,2.2,0.1,2.8,0.4,4.2,0.8,1.2,0.7,4.0,0.8,0.3,2.2,0.5,0.9,0.9,0.9,0.8,0.4,0.2,0.5,0.2,0.1
2017-05-31 01:33:00+02:00,0.2,0.7,0.0,0.9,3.9,3.0,2.3,0.7,0.1,1.2,0.6,3.1,0.5,1.0,0.2,0.9,0.1,0.8,2.4,3.9,2.2,0.1,2.8,0.4,4.1,0.8,1.2,0.8,4.0,0.8,0.3,2.2,0.6,1.0,0.9,0.9,0.8,0.4,0.3,0.5,0.2,0.1
2017-05-31 01:34:00+02:00,0.2,0.8,0.0,0.9,4.0,3.1,2.4,0.7,0.1,1.0,0.5,3.2,0.5,1.0,0.2,0.6,0.1,0.9,2.5,3.9,2.3,0.1,2.9,0.3,4.2,0.7,1.3,0.6,4.0,0.8,0.3,2.3,0.6,1.0,0.9,0.9,0.8,0.4,0.2,0.5,0.2,0.1
2017-05-31 01:35:00+02:00,0.2,0.8,0.0,1.0,3.9,3.0,2.4,0.6,0.1,1.0,0.5,3.1,0.4,0.9,0.2,0.6,0.1,0.8,2.5,3.8,2.3,0.1,2.8,0.3,4.1,0.7,1.3,0.6,3.9,0.7,0.3,2.2,0.7,1.0,1.0,0.9,0.9,0.4,0.2,0.4,0.2,0.1
2017-05-31 01:36:00+02:00,0.2,0.9,0.0,1.1,4.0,3.1,2.5,0.5,0.1,0.9,0.5,3.2,0.4,0.8,0.2,0.6,0.1,0.7,2.5,3.9,2.3,0.1,2.9,0.4,4.2,0.7,1.4,0.6,4.0,0.7,0.3,2.3,0.8,1.1,1.1,1.0,1.0,0.5,0.2,0.5,0.2,0.1
2017-05-31 01:37:00+02:00,0.2,1.0,0.0,1.2,4.2,3.3,2.6,0.5,0.1,0.9,0.5,3.4,0.4,0.8,0.2,0.6,0.1,0.7,2.6,4.1,2.4,0.1,3.1,0.4,4.4,0.7,1.5,0.6,4.2,0.7,0.3,2.3,0.8,0.9,0.9,0.9,0.8,0.4,0.2,0.5,0.2,0.1
2017-05-31 01:38:00+02:00,0.2,1.0,0.0,1.3,4.2,3.4,2.7,0.5,0.1,0.9,0.5,3.5,0.4,0.9,0.2,0.6,0.1,0.7,2.7,4.2,2.5,0.1,3.2,0.4,4.5,0.7,1.6,0.5,4.3,0.7,0.3,2.4,0.9,0.9,0.9,0.8,0.8,0.3,0.1,0.5,0.2,0.1
2017-05-31 01:39:00+02:00,0.2,1.2,0.0,1.4,4.1,3.2,2.5,0.5,0.1,0.9,0.4,3.3,0.4,0.8,0.2,0.6,0.1,0.7,2.6,4.0,2.4,0.1,3.0,0.3,4.3,0.7,1.6,0.5,4.1,0.7,0.3,2.4,1.0,0.9,0.8,0.8,0.8,0.3,0.1,0.5,0.2,0.1
2017-05-31 01:40:00+02:00,0.3,1.0,0.0,1.3,4.0,3.1,2.4,0.6,0.1,0.9,0.5,3.2,0.5,0.9,0.2,0.6,0.1,0.8,2.5,3.9,2.4,0.1,2.9,0.4,4.2,0.7,1.5,0.6,4.0,0.8,0.3,2.3,0.9,0.9,0.9,0.9,0.9,0.3,0.2,0.6,0.1,0.1
2017-05-31 01:41:00+02:00,0.3,1.0,0.0,1.3,4.1,3.2,2.5,0.7,0.1,0.9,0.6,3.3,0.5,0.9,0.3,0.6,0.1,0.9,2.6,4.1,2.4,0.1,3.0,0.4,4.4,0.8,1.4,0.6,4.2,0.8,0.4,2.4,0.9,1.0,0.9,0.9,0.9,0.3,0.2,0.6,0.2,0.1
2017-05-31 01:42:00+02:00,0.3,1.1,0.1,1.4,4.3,3.3,2.6,0.7,0.1,0.9,0.7,3.4,0.5,0.9,0.4,0.6,0.1,0.9,2.6,4.3,2.5,0.2,3.1,0.4,4.6,0.9,1.5,0.6,4.4,0.8,0.5,2.4,0.9,1.0,1.0,0.9,0.9,0.3,0.2,0.6,0.2,0.1
2017-05-31 01:43:00+02:00,0.2,1.1,0.0,1.5,4.4,3.4,2.7,0.7,0.1,0.8,0.7,3.5,0.5,0.9,0.4,0.6,0.1,0.8,2.7,4.3,2.6,0.1,3.2,0.3,4.7,0.9,1.7,0.5,4.5,0.8,0.5,2.6,1.0,1.0,0.9,0.9,0.9,0.3,0.2,0.6,0.2,0.1
2017-05-31 01:44:00+02:00,0.2,1.5,0.0,1.9,4.7,3.7,3.0,0.7,0.1,0.9,0.7,3.8,0.6,0.9,0.3,0.6,0.2,0.9,3.1,4.6,3.0,0.1,3.5,0.3,5.1,0.8,2.0,0.5,4.8,0.8,0.5,3.0,1.4,1.0,0.9,0.9,0.9,0.3,0.1,0.6,0.2,0.1
2017-05-31 01:45:00+02:00,0.2,2.7,0.0,2.9,6.0,5.0,4.3,0.7,0.1,0.9,0.6,5.1,0.6,1.1,0.3,0.6,0.2,0.9,4.4,6.0,4.3,0.1,4.8,0.3,6.5,0.9,3.1,0.5,6.2,0.9,0.4,4.2,2.5,1.1,1.0,1.0,0.9,0.3,0.2,0.7,0.2,0.1
2017-05-31 01:46:00+02:00,0.2,2.1,0.0,2.3,5.3,4.2,3.5,0.8,0.1,0.9,0.6,4.3,0.6,1.0,0.3,0.6,0.2,0.9,3.5,5.2,3.4,0.1,4.0,0.3,5.7,0.9,2.4,0.5,5.4,0.9,0.4,3.4,2.0,1.1,1.0,1.0,0.9,0.3,0.2,0.7,0.2,0.1
2017-05-31 01:47:00+02:00,0.2,1.9,0.0,2.1,5.7,4.6,3.8,1.3,0.1,0.9,0.6,4.7,1.2,1.5,0.3,0.6,0.2,1.5,3.9,5.6,3.8,0.1,4.4,0.3,6.2,0.9,2.2,0.5,5.9,1.5,0.4,3.8,1.8,1.1,1.1,1.0,0.9,0.3,0.2,0.7,0.3,0.2
2017-05-31 01:48:00+02:00,0.1,1.9,0.0,2.0,5.1,4.2,3.3,0.8,0.1,0.8,0.5,4.3,0.6,1.0,0.2,0.5,0.2,1.0,3.4,5.0,3.3,0.1,3.9,0.3,5.4,0.8,2.2,0.4,5.2,0.9,0.3,3.2,1.8,1.1,1.1,1.0,0.9,0.3,0.2,0.7,0.3,0.2
2017-05-31 01:49:00+02:00,0.2,1.9,0.0,2.0,4.9,3.9,3.1,0.6,0.1,0.8,0.5,4.0,0.5,0.9,0.2,0.5,0.2,0.8,3.3,4.8,3.1,0.1,3.7,0.3,5.0,0.8,2.2,0.4,4.9,0.8,0.3,3.1,1.8,1.2,1.1,1.1,1.0,0.3,0.2,0.7,0.3,0.2
2017-05-31 01:50:00+02:00,0.2,1.9,0.0,2.9,5.5,4.5,4.1,0.6,0.1,0.8,0.5,4.7,0.5,0.9,0.2,0.5,0.2,0.8,4.2,5.4,4.0,0.1,4.3,0.3,5.7,0.8,3.1,0.4,5.5,0.8,0.3,3.9,1.8,1.2,1.1,1.1,1.0,0.4,0.2,0.6,0.3,0.2
2017-05-31 01:51:00+02:00,0.2,0.4,0.0,0.5,3.1,2.1,1.6,0.6,0.1,0.8,0.5,2.3,0.5,0.8,0.2,0.5,0.2,0.8,1.7,3.1,1.5,0.1,1.9,0.3,3.3,0.7,0.7,0.4,3.2,0.7,0.3,1.5,0.3,1.1,1.0,1.0,0.9,0.4,0.2,0.6,0.2,0.1
2017-05-31 01:52:00+02:00,0.2,0.4,0.0,0.5,3.8,2.9,1.7,0.6,0.1,0.7,0.5,3.1,0.5,0.9,0.2,0.5,0.2,0.8,1.8,3.8,1.6,0.1,2.7,0.3,4.0,0.7,0.7,0.4,3.9,0.8,0.3,1.6,0.3,1.0,0.9,0.9,0.8,0.3,0.2,0.6,0.2,0.1
2017-05-31 01:53:00+02:00,0.2,0.4,0.0,0.5,3.8,2.9,1.8,0.7,0.1,0.7,0.5,3.0,0.5,1.0,0.2,0.5,0.2,0.9,1.9,3.8,1.7,0.1,2.6,0.3,4.0,0.7,0.7,0.4,3.9,0.8,0.3,1.7,0.3,1.0,0.9,0.8,0.8,0.3,0.2,0.5,0.2,0.1
2017-05-31 01:54:00+02:00,0.2,0.4,0.0,0.5,3.4,2.5,1.8,0.7,0.1,0.7,0.5,2.6,0.5,0.9,0.2,0.5,0.2,0.9,1.9,3.3,1.7,0.1,2.2,0.3,3.5,0.7,0.8,0.4,3.4,0.8,0.3,1.7,0.3,0.9,0.9,0.8,0.8,0.3,0.1,0.5,0.2,0.1
2017-05-31 01:55:00+02:00,0.4,0.4,0.0,1.3,4.2,3.4,2.6,0.7,0.1,1.0,0.5,3.5,0.5,1.0,0.2,0.7,0.2,0.9,2.7,4.2,2.5,0.1,3.1,0.5,4.4,0.7,1.5,0.6,4.3,0.8,0.3,2.5,0.3,1.0,1.0,0.9,0.9,0.3,0.1,0.6,0.2,0.1
2017-05-31 01:56:00+02:00,0.1,0.4,0.0,0.5,3.3,2.4,1.7,0.7,0.1,0.7,0.5,2.6,0.5,0.9,0.2,0.4,0.1,0.9,1.8,3.3,1.6,0.1,2.2,0.2,3.4,0.7,0.7,0.4,3.3,0.8,0.3,1.6,0.3,1.0,0.9,0.9,0.8,0.3,0.1,0.6,0.2,0.1
2017-05-31 01:57:00+02:00,0.1,0.4,0.0,0.5,3.4,2.4,1.6,0.6,0.1,0.7,0.6,2.6,0.5,0.8,0.2,0.4,0.1,0.8,1.7,3.3,1.5,0.1,2.2,0.2,3.5,0.7,0.7,0.3,3.4,0.8,0.4,1.5,0.3,0.9,0.8,0.8,0.8,0.2,0.1,0.6,0.2,0.1
2017-05-31 01:58:00+02:00,0.1,0.4,0.0,0.5,3.1,2.2,1.5,0.6,0.1,0.7,0.6,2.4,0.4,0.8,0.3,0.4,0.1,0.7,1.6,3.1,1.4,0.1,2.0,0.2,3.3,0.7,0.7,0.4,3.2,0.7,0.3,1.4,0.3,0.9,0.9,0.8,0.8,0.2,0.1,0.6,0.2,0.1
2017-05-31 01:59:00+02:00,0.1,0.4,0.0,0.5,3.3,2.4,1.6,0.6,0.1,0.7,0.5,2.6,0.5,0.9,0.3,0.4,0.2,0.8,1.7,3.2,1.6,0.1,2.2,0.2,3.5,0.6,0.7,0.4,3.3,0.8,0.3,1.6,0.3,0.9,0.9,0.8,0.8,0.2,0.1,0.6,0.2,0.1
2017-05-31 02:00:00+02:00,0.1,0.5,0.0,0.6,3.6,2.7,1.7,0.6,0.2,0.6,0.5,2.9,0.5,0.8,0.3,0.4,0.2,0.7,1.8,3.5,1.7,0.1,2.2,0.2,3.8,0.6,0.8,0.4,3.7,0.7,0.3,1.6,0.4,0.9,0.9,0.8,0.8,0.2,0.1,0.6,0.2,0.1
2017-05-31 02:01:00+02:00,0.2,0.5,0.0,0.6,3.6,2.7,1.7,0.6,0.2,0.7,0.6,2.9,0.5,0.9,0.3,0.4,0.2,0.8,1.8,3.6,1.7,0.2,2.3,0.2,3.9,0.7,0.8,0.4,3.7,0.8,0.4,1.7,0.4,0.9,0.9,0.8,0.8,0.2,0.1,0.5,0.2,0.1
2017-05-31 02:02:00+02:00,0.1,0.5,0.0,0.7,3.6,2.6,1.8,0.6,0.2,0.6,0.6,2.8,0.5,0.9,0.3,0.4,0.2,0.8,1.9,3.5,1.8,0.2,2.4,0.2,3.8,0.7,0.9,0.4,3.6,0.8,0.4,1.7,0.4,0.9,0.8,0.8,0.7,0.2,0.1,0.5,0.2,0.1
2017-05-31 02:03:00+02:00,0.1,0.4,0.0,0.7,3.1,2.2,1.7,0.6,0.1,0.6,0.6,2.4,0.5,0.8,0.3,0.4,0.1,0.7,1.8,3.1,1.7,0.2,2.0,0.2,3.4,0.7,0.8,0.3,3.2,0.7,0.4,1.7,0.3,1.0,0.9,0.8,0.7,0.2,0.1,0.5,0.2,0.1
2017-05-31 02:04:00+02:00,0.1,0.4,0.0,0.7,3.3,2.4,1.7,0.6,0.1,0.6,0.6,2.5,0.5,0.8,0.4,0.4,0.1,0.7,1.7,3.2,1.7,0.2,2.2,0.2,3.5,0.7,0.8,0.3,3.4,0.7,0.4,1.6,0.3,0.9,0.8,0.8,0.7,0.2,0.1,0.5,0.2,0.1
2017-05-31 02:05:00+02:00,0.2,0.4,0.0,0.6,3.7,2.8,1.6,0.6,0.1,0.6,0.5,3.0,0.4,0.8,0.3,0.4,0.1,0.7,1.7,3.6,1.6,0.1,2.6,0.2,3.9,0.6,0.8,0.4,3.8,0.7,0.3,1.6,0.3,1.1,1.0,0.9,0.9,0.3,0.1,0.6,0.3,0.1
2017-05-31 02:06:00+02:00,0.2,0.4,0.0,0.6,3.4,2.7,1.6,0.6,0.1,0.7,0.5,2.8,0.4,0.8,0.2,0.4,0.1,0.7,1.7,3.4,1.6,0.1,2.5,0.3,3.7,0.6,0.8,0.4,3.5,0.7,0.3,1.6,0.2,1.0,1.0,0.9,0.8,0.3,0.2,0.5,0.3,0.1
2017-05-31 02:07:00+02:00,0.1,0.3,0.0,0.6,3.3,2.6,1.6,0.6,0.1,0.6,0.4,2.7,0.4,0.7,0.2,0.4,0.1,0.7,1.7,3.2,1.5,0.1,2.4,0.2,3.5,0.6,0.8,0.3,3.4,0.7,0.3,1.5,0.2,1.0,0.9,0.8,0.8,0.3,0.2,0.5,0.3,0.1
2017-05-31 02:08:00+02:00,0.1,0.3,0.0,0.6,3.0,2.2,1.6,0.6,0.1,0.6,0.5,2.3,0.4,0.7,0.2,0.4,0.1,0.7,1.7,2.9,1.5,0.1,2.0,0.2,3.2,0.6,0.8,0.3,3.0,0.7,0.3,1.5,0.2,1.0,0.9,0.9,0.9,0.3,0.2,0.6,0.3,0.1
2017-05-31 02:09:00+02:00,0.2,0.3,0.0,0.6,3.0,2.3,1.7,0.6,0.1,0.7,0.5,2.4,0.5,0.8,0.2,0.4,0.2,0.7,1.8,3.0,1.6,0.1,2.1,0.3,3.3,0.6,0.8,0.4,3.1,0.7,0.3,1.6,0.2,1.0,0.9,0.9,0.9,0.3,0.2,0.6,0.3,0.1
2017-05-31 02:10:00+02:00,0.2,0.4,0.0,0.6,3.1,2.4,1.8,0.7,0.1,0.8,0.5,2.5,0.6,0.9,0.2,0.5,0.2,0.8,1.9,3.0,1.7,0.1,2.1,0.3,3.4,0.5,0.7,0.5,3.2,0.8,0.3,1.7,0.2,0.9,0.8,0.8,0.8,0.2,0.1,0.5,0.2,0.1
2017-05-31 02:11:00+02:00,0.5,0.4,0.0,0.6,3.2,2.4,1.8,0.7,0.2,1.1,0.5,2.5,0.6,1.0,0.3,0.9,0.2,0.8,1.9,3.0,1.7,0.1,2.1,0.7,3.4,0.6,0.7,0.8,3.3,0.8,0.4,1.7,0.3,0.8,0.8,0.7,0.7,0.2,0.1,0.5,0.2,0.1
2017-05-31 02:12:00+02:00,0.3,0.5,0.0,0.7,3.1,2.4,2.0,0.8,0.2,0.8,0.5,2.5,0.6,1.0,0.2,0.6,0.2,0.9,2.1,3.0,1.8,0.1,2.2,0.4,3.5,0.5,0.8,0.6,3.3,0.9,0.3,1.8,0.3,0.8,0.8,0.8,0.7,0.2,0.2,0.5,0.2,0.1
2017-05-31 02:13:00+02:00,0.2,0.5,0.0,0.8,3.5,2.6,2.1,0.8,0.2,0.8,0.6,2.7,0.6,1.1,0.3,0.6,0.2,1.0,2.2,3.3,1.9,0.1,2.3,0.3,3.8,0.6,0.8,0.5,3.6,1.0,0.4,1.9,0.4,0.9,0.9,0.9,0.8,0.3,0.2,0.5,0.2,0.1
2017-05-31 02:14:00+02:00,0.2,0.5,0.0,0.7,3.4,2.5,2.0,0.8,0.2,0.8,0.6,2.6,0.5,1.1,0.3,0.6,0.2,1.0,2.1,3.3,1.9,0.1,2.3,0.3,3.8,0.7,0.8,0.5,3.6,0.9,0.4,1.9,0.4,0.8,0.8,0.8,0.7,0.3,0.2,0.4,0.2,0.1
2017-05-31 02:15:00+02:00,0.2,0.5,0.0,0.7,3.4,2.5,2.0,0.8,0.2,0.8,0.5,2.6,0.5,1.1,0.3,0.6,0.2,0.9,2.1,3.3,1.9,0.1,2.2,0.4,3.7,0.6,0.8,0.5,3.5,0.9,0.4,1.8,0.4,0.8,0.8,0.7,0.7,0.3,0.2,0.4,0.2,0.1
2017-05-31 02:16:00+02:00,0.2,0.4,0.0,0.7,3.3,2.4,1.9,0.7,0.2,0.7,0.5,2.5,0.4,0.9,0.3,0.6,0.1,0.8,2.0,3.2,1.7,0.1,2.1,0.3,3.6,0.6,0.8,0.5,3.4,0.8,0.4,1.7,0.4,0.8,0.8,0.7,0.7,0.3,0.2,0.4,0.2,0.1
2017-05-31 02:17:00+02:00,0.2,0.5,0.0,0.7,3.3,2.4,1.9,0.7,0.2,0.8,0.6,2.5,0.4,0.9,0.3,0.6,0.1,0.8,2.0,3.2,1.8,0.1,2.2,0.4,3.6,0.7,0.8,0.6,3.5,0.8,0.4,1.7,0.4,0.8,0.8,0.8,0.7,0.3,0.2,0.4,0.2,0.1
2017-05-31 02:18:00+02:00,0.2,0.3,0.0,0.6,3.1,2.1,1.6,0.6,0.1,0.7,0.6,2.3,0.4,0.9,0.3,0.5,0.1,0.7,1.7,2.9,1.5,0.1,1.9,0.3,3.3,0.7,0.6,0.4,3.2,0.7,0.4,1.5,0.2,0.8,0.8,0.7,0.7,0.3,0.2,0.4,0.2,0.1
2017-05-31 02:19:00+02:00,0.2,0.3,0.0,0.6,3.1,2.1,1.6,0.6,0.1,1.0,0.7,2.2,0.4,0.8,0.4,0.6,0.1,0.7,1.6,3.0,1.4,0.1,1.9,0.3,3.3,0.8,0.6,0.5,3.2,0.6,0.5,1.4,0.2,0.8,0.8,0.7,0.6,0.2,0.1,0.5,0.2,0.1
2017-05-31 02:20:00+02:00,0.2,0.3,0.0,0.6,3.1,2.2,1.6,0.6,0.1,1.6,0.6,2.4,0.4,0.8,0.3,0.6,0.1,0.7,1.7,3.0,1.5,0.1,2.0,0.3,3.4,0.7,0.7,0.5,3.2,0.6,0.4,1.5,0.2,0.8,0.8,0.7,0.6,0.2,0.1,0.5,0.2,0.1
2017-05-31 02:21:00+02:00,0.2,0.3,0.0,0.6,3.1,2.3,1.6,0.6,0.1,0.9,0.5,2.4,0.4,0.8,0.2,0.7,0.1,0.7,1.7,3.0,1.5,0.0,2.1,0.3,3.2,0.6,0.7,0.7,3.2,0.7,0.3,1.5,0.2,0.7,0.7,0.6,0.6,0.2,0.1,0.4,0.2,0.1
2017-05-31 02:22:00+02:00,0.2,0.3,0.0,0.6,3.1,2.3,1.6,0.6,0.1,0.6,0.5,2.4,0.4,0.8,0.2,0.4,0.1,0.7,1.7,3.0,1.5,0.0,2.1,0.3,3.3,0.6,0.7,0.4,3.1,0.7,0.3,1.5,0.2,0.7,0.7,0.6,0.6,0.1,0.1,0.4,0.2,0.1
2017-05-31 02:23:00+02:00,0.2,0.4,0.0,0.6,3.1,2.4,1.7,0.6,0.1,0.7,0.5,2.5,0.4,0.8,0.2,0.5,0.1,0.7,1.7,3.0,1.5,0.0,2.1,0.3,3.3,0.6,0.7,0.5,3.2,0.7,0.3,1.5,0.2,0.7,0.7,0.6,0.6,0.1,0.1,0.4,0.2,0.1
2017-05-31 02:24:00+02:00,0.2,0.4,0.0,0.6,2.9,2.2,1.5,0.6,0.1,0.7,0.5,2.3,0.4,0.7,0.2,0.5,0.1,0.7,1.6,2.9,1.4,0.0,1.9,0.3,3.1,0.6,0.7,0.5,3.0,0.6,0.3,1.4,0.2,0.7,0.7,0.7,0.6,0.1,0.1,0.4,0.2,0.1
2017-05-31 02:25:00+02:00,0.4,0.3,0.0,0.6,2.8,2.1,1.5,0.6,0.1,1.0,0.5,2.2,0.4,0.8,0.2,0.9,0.1,0.7,1.5,2.7,1.4,0.0,1.9,0.5,3.0,0.5,0.6,0.9,2.9,0.6,0.3,1.4,0.2,0.7,0.7,0.7,0.6,0.2,0.1,0.4,0.2,0.1
2017-05-31 02:26:00+02:00,0.2,0.3,0.0,0.6,2.9,2.2,1.6,0.6,0.1,0.8,0.5,2.3,0.4,0.8,0.2,0.6,0.1,0.7,1.6,2.9,1.5,0.1,1.9,0.4,3.1,0.6,0.7,0.6,3.0,0.7,0.3,1.5,0.2,0.7,0.7,0.6,0.6,0.2,0.1,0.4,0.1,0.1
2017-05-31 02:27:00+02:00,0.2,0.3,0.1,0.6,3.1,2.3,1.6,0.6,0.1,0.7,0.6,2.4,0.4,0.9,0.3,0.6,0.2,0.8,1.7,3.0,1.6,0.1,2.0,0.3,3.3,0.7,0.7,0.6,3.2,0.7,0.4,1.6,0.2,0.7,0.7,0.7,0.6,0.2,0.1,0.4,0.2,0.1
2017-05-31 02:28:00+02:00,0.2,0.3,0.0,0.6,3.2,2.3,1.6,0.6,0.1,0.7,0.7,2.4,0.4,0.8,0.3,0.6,0.2,0.8,1.7,3.1,1.6,0.1,2.1,0.3,3.5,0.8,0.7,0.6,3.3,0.7,0.5,1.5,0.2,0.8,0.7,0.7,0.6,0.2,0.1,0.5,0.2,0.1
2017-05-31 02:29:00+02:00,0.2,0.3,0.0,0.6,3.2,2.3,1.7,0.6,0.1,0.8,0.7,2.4,0.4,0.9,0.2,0.6,0.2,0.8,1.7,3.1,1.6,0.0,2.1,0.3,3.5,0.8,0.7,0.6,3.4,0.7,0.4,1.6,0.2,0.8,0.7,0.7,0.6,0.2,0.1,0.5,0.2,0.1
2017-05-31 02:30:00+02:00,0.2,0.3,0.0,0.6,3.1,2.3,1.6,0.6,0.1,0.8,0.7,2.3,0.4,0.9,0.1,0.7,0.2,0.8,1.7,3.1,1.6,0.0,2.0,0.3,3.5,0.8,0.6,0.6,3.3,0.7,0.4,1.5,0.2,0.8,0.7,0.7,0.6,0.2,0.1,0.5,0.2,0.1
2017-05-31 02:31:00+02:00,0.2,0.3,0.0,0.6,3.1,2.2,1.6,0.6,0.1,0.8,0.7,2.3,0.4,0.9,0.1,0.7,0.2,0.8,1.6,3.0,1.5,0.0,2.0,0.3,3.4,0.8,0.6,0.6,3.2,0.7,0.4,1.5,0.2,0.8,0.8,0.7,0.6,0.2,0.1,0.4,0.2,0.1
2017-05-31 02:32:00+02:00,0.2,0.4,0.0,0.6,3.1,2.2,1.7,0.6,0.1,0.7,0.6,2.3,0.4,0.9,0.1,0.5,0.2,0.8,1.7,3.0,1.6,0.0,2.0,0.3,3.4,0.7,0.7,0.4,3.3,0.7,0.4,1.5,0.2,0.9,0.9,0.8,0.7,0.2,0.1,0.5,0.2,0.2
2017-05-31 02:33:00+02:00,0.2,0.4,0.0,0.6,3.1,2.2,1.7,0.6,0.1,0.8,0.6,2.3,0.4,0.9,0.2,0.6,0.2,0.8,1.7,3.0,1.6,0.1,2.0,0.3,3.3,0.7,0.7,0.5,3.2,0.7,0.4,1.5,0.2,0.9,0.8,0.8,0.7,0.2,0.1,0.5,0.2,0.1
2017-05-31 02:34:00+02:00,0.1,0.4,0.0,0.6,3.1,2.2,1.6,0.6,0.1,0.8,0.6,2.3,0.4,0.9,0.3,0.5,0.2,0.8,1.6,2.9,1.6,0.1,2.0,0.3,3.3,0.7,0.6,0.5,3.2,0.7,0.4,1.5,0.2,0.9,0.8,0.8,0.7,0.2,0.1,0.5,0.2,0.1
2017-05-31 02:35:00+02:00,0.2,0.4,0.0,0.6,3.2,2.3,1.6,0.6,0.1,0.8,0.6,2.4,0.4,0.8,0.3,0.6,0.2,0.8,1.6,3.1,1.5,0.1,2.0,0.3,3.4,0.7,0.6,0.4,3.3,0.7,0.4,1.5,0.2,0.8,0.8,0.7,0.6,0.2,0.1,0.4,0.2,0.1
2017-05-31 02:36:00+02:00,0.3,0.4,0.0,0.6,3.3,2.2,1.6,0.6,0.1,1.1,0.6,2.5,0.4,0.8,0.3,0.8,0.2,0.8,1.6,3.2,1.5,0.2,1.9,0.4,3.5,0.7,0.6,0.7,3.4,0.7,0.4,1.5,0.2,0.8,0.8,0.7,0.6,0.2,0.1,0.4,0.2,0.1
2017-05-31 02:37:00+02:00,0.3,0.4,0.0,0.6,3.2,2.3,1.6,0.6,0.1,1.1,0.6,2.4,0.4,0.8,0.3,0.8,0.2,0.8,1.6,3.1,1.6,0.2,2.0,0.4,3.4,0.7,0.6,0.7,3.3,0.7,0.5,1.5,0.2,0.8,0.8,0.7,0.6,0.2,0.2,0.4,0.2,0.1
2017-05-31 02:38:00+02:00,0.3,0.4,0.0,0.6,3.1,2.3,1.6,0.6,0.1,0.9,0.6,2.3,0.5,0.8,0.3,0.6,0.2,0.8,1.6,3.0,1.6,0.2,2.0,0.4,3.3,0.7,0.6,0.6,3.3,0.7,0.4,1.5,0.2,0.8,0.8,0.7,0.6,0.3,0.2,0.4,0.2,0.1
2017-05-31 02:39:00+02:00,0.3,0.4,0.0,0.6,3.2,2.3,1.6,0.6,0.1,1.0,0.6,2.3,0.5,0.8,0.3,0.8,0.2,0.7,1.6,3.1,1.5,0.2,2.0,0.4,3.4,0.8,0.7,0.7,3.3,0.7,0.4,1.5,0.2,0.8,0.8,0.7,0.6,0.2,0.2,0.4,0.2,0.1
2017-05-31 02:40:00+02:00,0.2,0.4,0.0,0.7,3.1,2.2,1.6,0.6,0.1,0.9,0.6,2.3,0.5,0.8,0.3,0.7,0.2,0.7,1.6,3.0,1.5,0.2,1.9,0.3,3.3,0.7,0.7,0.7,3.2,0.7,0.4,1.5,0.3,0.8,0.7,0.7,0.6,0.1,0.1,0.4,0.2,0.1
2017-05-31 02:41:00+02:00,0.2,0.5,0.1,0.7,3.3,2.4,1.7,0.7,0.1,0.7,0.6,2.5,0.6,0.9,0.3,0.5,0.2,0.8,1.7,3.2,1.6,0.2,2.1,0.3,3.5,0.8,0.7,0.5,3.4,0.8,0.4,1.6,0.3,0.8,0.7,0.7,0.6,0.1,0.1,0.4,0.1,0.0
2017-05-31 02:42:00+02:00,0.2,0.4,0.1,0.6,3.4,2.4,1.7,0.7,0.1,0.7,0.7,2.5,0.6,0.9,0.4,0.5,0.3,0.9,1.7,3.3,1.6,0.3,2.1,0.3,3.6,0.8,0.7,0.5,3.5,0.8,0.5,1.6,0.3,0.7,0.7,0.6,0.5,0.1,0.1,0.4,0.1,0.0
2017-05-31 02:43:00+02:00,0.2,0.4,0.1,0.6,3.3,2.4,1.7,0.7,0.1,0.6,0.7,2.5,0.6,0.9,0.4,0.5,0.3,0.9,1.8,3.3,1.7,0.3,2.1,0.3,3.5,0.8,0.7,0.5,3.5,0.8,0.5,1.6,0.3,0.8,0.7,0.7,0.6,0.1,0.1,0.4,0.1,0.1
2017-05-31 02:44:00+02:00,0.2,0.4,0.1,0.6,3.0,2.2,1.7,0.7,0.1,0.6,0.6,2.2,0.6,0.9,0.3,0.5,0.2,0.8,1.7,3.0,1.6,0.2,1.9,0.3,3.2,0.7,0.7,0.4,3.1,0.8,0.4,1.6,0.3,0.8,0.7,0.7,0.6,0.1,0.1,0.4,0.1,0.1
2017-05-31 02:45:00+02:00,0.2,0.4,0.1,0.6,3.0,2.1,1.6,0.6,0.1,0.6,0.6,2.2,0.5,0.8,0.3,0.5,0.2,0.8,1.6,2.9,1.5,0.2,1.8,0.3,3.2,0.8,0.7,0.5,3.0,0.7,0.5,1.5,0.2,0.8,0.7,0.7,0.6,0.1,0.1,0.4,0.1,0.1
2017-05-31 02:46:00+02:00,0.2,0.4,0.1,0.6,3.1,2.0,1.5,0.6,0.1,0.6,0.8,2.1,0.5,0.8,0.5,0.4,0.2,0.7,1.6,3.0,1.5,0.2,1.7,0.3,3.3,0.9,0.7,0.4,3.1,0.6,0.6,1.4,0.2,0.7,0.7,0.7,0.6,0.1,0.1,0.4,0.1,0.1
2017-05-31 02:47:00+02:00,0.1,0.4,0.1,0.6,3.2,2.1,1.6,0.6,0.1,0.6,0.9,2.1,0.5,0.8,0.6,0.4,0.1,0.8,1.6,3.2,1.5,0.2,1.8,0.2,3.4,1.0,0.7,0.4,3.3,0.7,0.7,1.5,0.2,0.8,0.8,0.7,0.6,0.1,0.1,0.5,0.2,0.1
2017-05-31 02:48:00+02:00,0.1,0.3,0.1,0.5,2.8,1.9,1.5,0.5,0.0,0.6,0.6,2.0,0.4,0.8,0.3,0.4,0.1,0.7,1.5,2.7,1.4,0.2,1.6,0.2,3.0,0.7,0.6,0.4,2.8,0.7,0.4,1.4,0.2,0.8,0.8,0.7,0.6,0.2,0.2,0.5,0.2,0.1
2017-05-31 02:49:00+02:00,0.1,0.3,0.1,0.5,3.5,2.8,1.9,1.0,0.0,0.6,0.6,2.8,0.8,1.2,0.3,0.4,0.1,1.2,1.9,3.5,1.9,0.2,2.5,0.2,3.8,0.7,0.6,0.4,3.6,1.1,0.4,1.8,0.2,0.8,0.8,0.7,0.7,0.2,0.2,0.5,0.2,0.1
2017-05-31 02:50:00+02:00,0.1,0.3,0.1,0.5,3.1,2.2,1.7,0.8,0.0,0.6,0.6,2.3,0.7,1.1,0.3,0.5,0.1,1.0,1.8,3.0,1.7,0.2,2.0,0.2,3.3,0.7,0.6,0.4,3.1,0.9,0.4,1.6,0.2,0.8,0.8,0.7,0.7,0.2,0.2,0.5,0.2,0.1
2017-05-31 02:51:00+02:00,0.1,0.5,0.1,0.7,2.9,2.1,1.6,0.5,0.0,0.7,0.5,2.2,0.4,0.7,0.3,0.5,0.1,0.7,1.6,2.8,1.5,0.2,1.8,0.2,3.2,0.6,0.7,0.5,3.0,0.6,0.4,1.4,0.3,0.9,0.9,0.9,0.8,0.2,0.2,0.6,0.3,0.1
2017-05-31 02:52:00+02:00,0.1,0.4,0.1,0.6,2.9,2.0,1.5,0.5,0.0,0.7,0.5,2.2,0.4,0.7,0.3,0.6,0.1,0.7,1.5,2.8,1.5,0.2,1.8,0.2,3.1,0.6,0.7,0.5,2.9,0.6,0.4,1.4,0.3,1.0,0.9,0.9,0.9,0.2,0.2,0.6,0.4,0.1
2017-05-31 02:53:00+02:00,0.1,0.4,0.1,0.6,2.9,2.0,1.5,0.5,0.0,0.7,0.5,2.1,0.4,0.7,0.3,0.5,0.1,0.7,1.5,2.8,1.5,0.2,1.8,0.2,3.1,0.6,0.7,0.5,2.9,0.6,0.4,1.4,0.2,0.9,0.9,0.9,0.8,0.2,0.2,0.6,0.3,0.1
2017-05-31 02:54:00+02:00,0.1,0.3,0.1,0.6,3.0,2.1,1.6,0.5,0.0,0.7,0.6,2.3,0.4,0.8,0.3,0.6,0.1,0.7,1.6,2.9,1.5,0.2,1.9,0.2,3.3,0.7,0.7,0.5,3.1,0.6,0.4,1.4,0.1,0.8,0.8,0.8,0.7,0.2,0.1,0.5,0.3,0.1
2017-05-31 02:55:00+02:00,0.1,0.3,0.1,0.6,3.2,2.3,1.7,0.5,0.0,0.6,0.6,2.4,0.4,0.8,0.3,0.5,0.1,0.7,1.7,3.1,1.6,0.2,2.0,0.2,3.5,0.7,0.7,0.4,3.3,0.6,0.4,1.5,0.1,0.7,0.7,0.6,0.6,0.2,0.1,0.4,0.2,0.1
2017-05-31 02:56:00+02:00,0.1,0.3,0.1,0.6,3.3,2.3,1.7,0.5,0.0,0.5,0.6,2.5,0.4,0.8,0.3,0.4,0.1,0.8,1.7,3.2,1.6,0.2,2.0,0.2,3.6,0.7,0.7,0.3,3.4,0.7,0.4,1.5,0.1,0.7,0.7,0.6,0.6,0.2,0.1,0.4,0.2,0.1
2017-05-31 02:57:00+02:00,0.1,0.3,0.1,0.6,3.3,2.3,1.7,0.5,0.0,0.5,0.6,2.5,0.4,0.8,0.3,0.4,0.1,0.7,1.7,3.2,1.6,0.2,2.0,0.2,3.6,0.7,0.7,0.3,3.4,0.7,0.3,1.5,0.1,0.7,0.7,0.6,0.6,0.2,0.1,0.4,0.2,0.1
2017-05-31 02:58:00+02:00,0.1,0.3,0.0,0.6,3.3,2.3,1.7,0.6,0.0,0.5,0.6,2.5,0.4,0.8,0.3,0.4,0.2,0.8,1.7,3.2,1.6,0.1,2.0,0.2,3.6,0.7,0.7,0.3,3.4,0.7,0.3,1.5,0.1,0.8,0.8,0.7,0.7,0.2,0.1,0.6,0.2,0.1
2017-05-31 02:59:00+02:00,0.2,0.3,0.0,0.6,3.3,2.3,1.7,0.6,0.0,0.6,0.5,2.6,0.4,0.8,0.3,0.4,0.1,0.8,1.7,3.2,1.6,0.1,2.0,0.2,3.6,0.6,0.7,0.4,3.4,0.7,0.3,1.5,0.1,0.9,0.9,0.8,0.7,0.2,0.1,0.6,0.2,0.1
2017-05-31 03:00:00+02:00,0.2,0.3,0.0,0.4,3.3,2.2,1.6,0.6,0.0,0.6,0.6,2.5,0.5,0.9,0.3,0.5,0.2,0.8,1.6,3.2,1.5,0.2,1.9,0.3,3.5,0.7,0.5,0.4,3.3,0.8,0.4,1.4,0.1,1.0,1.0,0.9,0.8,0.2,0.1,0.6,0.2,0.1
2017-05-31 03:01:00+02:00,0.2,0.3,0.0,0.5,3.3,2.3,1.7,0.7,0.0,0.6,0.6,2.5,0.5,1.0,0.3,0.5,0.1,0.9,1.7,3.2,1.6,0.2,2.0,0.3,3.6,0.7,0.5,0.4,3.4,0.8,0.4,1.5,0.2,1.0,1.0,0.9,0.8,0.2,0.1,0.6,0.2,0.2
2017-05-31 03:02:00+02:00,0.2,0.4,0.0,0.6,3.4,2.4,1.9,0.7,0.0,0.6,0.6,2.6,0.5,1.0,0.3,0.5,0.1,0.9,1.9,3.3,1.8,0.2,2.2,0.3,3.7,0.7,0.7,0.4,3.5,0.9,0.4,1.7,0.3,1.0,1.0,0.9,0.8,0.2,0.1,0.6,0.3,0.2
2017-05-31 03:03:00+02:00,0.2,0.4,0.0,0.6,3.5,2.6,1.9,0.7,0.0,0.7,0.6,2.7,0.5,1.0,0.3,0.5,0.1,0.9,1.9,3.4,1.8,0.2,2.2,0.3,3.7,0.7,0.7,0.5,3.6,0.9,0.4,1.7,0.3,1.0,0.9,0.9,0.7,0.2,0.1,0.6,0.3,0.2
2017-05-31 03:04:00+02:00,0.2,0.4,0.0,0.6,3.5,2.6,2.0,0.7,0.0,0.7,0.5,2.7,0.5,1.1,0.3,0.5,0.1,1.0,2.0,3.4,1.9,0.2,2.3,0.3,3.7,0.7,0.7,0.5,3.6,0.9,0.4,1.8,0.3,0.9,0.9,0.8,0.7,0.2,0.1,0.6,0.3,0.2
2017-05-31 03:05:00+02:00,0.2,0.4,0.0,0.6,3.1,2.4,1.8,0.5,0.0,0.7,0.4,2.5,0.3,0.9,0.2,0.5,0.1,0.8,1.8,3.0,1.7,0.1,2.0,0.3,3.3,0.5,0.7,0.5,3.2,0.7,0.3,1.6,0.3,0.9,0.8,0.8,0.7,0.2,0.1,0.6,0.3,0.2
2017-05-31 03:06:00+02:00,0.2,0.2,0.0,0.5,2.9,2.2,1.7,0.6,0.0,0.6,0.4,2.3,0.3,1.0,0.2,0.5,0.2,0.8,1.7,2.8,1.6,0.1,1.9,0.3,3.1,0.5,0.5,0.5,3.0,0.8,0.3,1.5,0.2,0.9,0.9,0.8,0.8,0.2,0.1,0.6,0.3,0.2
2017-05-31 03:07:00+02:00,0.1,0.2,0.0,0.4,2.7,2.1,1.6,0.5,0.0,0.6,0.4,2.2,0.3,0.9,0.2,0.5,0.1,0.7,1.6,2.7,1.4,0.1,1.7,0.2,3.0,0.5,0.5,0.5,2.9,0.7,0.3,1.4,0.2,0.8,0.8,0.7,0.7,0.2,0.1,0.5,0.2,0.1
2017-05-31 03:08:00+02:00,0.1,0.2,0.0,0.4,2.8,2.0,1.5,0.5,0.0,0.6,0.5,2.1,0.3,0.9,0.2,0.5,0.1,0.7,1.5,2.7,1.4,0.1,1.7,0.2,3.0,0.6,0.5,0.4,2.9,0.7,0.3,1.3,0.1,0.9,0.9,0.8,0.8,0.2,0.1,0.6,0.2,0.1
2017-05-31 03:09:00+02:00,0.1,0.2,0.0,0.4,2.8,2.0,1.6,0.7,0.0,0.6,0.6,2.1,0.3,0.9,0.3,0.5,0.1,0.8,1.6,2.8,1.5,0.1,1.8,0.2,3.0,0.7,0.5,0.4,2.9,0.8,0.3,1.4,0.1,0.9,0.8,0.8,0.8,0.1,0.1,0.7,0.2,0.1
2017-05-31 03:10:00+02:00,0.3,0.2,0.0,0.5,2.8,2.0,1.6,0.7,0.0,1.0,0.6,2.1,0.4,0.9,0.3,0.9,0.1,0.8,1.7,2.8,1.5,0.1,1.8,0.6,3.0,0.7,0.5,0.9,2.9,0.8,0.3,1.4,0.1,0.8,0.8,0.8,0.8,0.1,0.1,0.7,0.2,0.1
2017-05-31 03:11:00+02:00,0.3,0.3,0.0,0.5,2.7,2.0,1.6,0.6,0.0,1.0,0.6,2.1,0.4,0.8,0.2,0.9,0.1,0.7,1.6,2.7,1.5,0.1,1.8,0.6,2.9,0.6,0.6,0.8,2.8,0.7,0.3,1.4,0.1,0.8,0.8,0.7,0.7,0.1,0.1,0.6,0.2,0.1
2017-05-31 03:12:00+02:00,0.3,0.3,0.0,0.5,2.8,2.0,1.6,0.6,0.0,1.0,0.6,2.1,0.4,0.8,0.3,0.9,0.2,0.7,1.6,2.7,1.5,0.1,1.8,0.6,2.9,0.6,0.6,0.8,2.8,0.6,0.3,1.4,0.1,0.8,0.7,0.7,0.7,0.1,0.1,0.6,0.2,0.1
2017-05-31 03:13:00+02:00,0.3,0.3,0.0,0.6,2.9,2.0,1.6,0.5,0.0,1.0,0.7,2.1,0.4,0.7,0.4,0.9,0.2,0.6,1.6,2.8,1.5,0.2,1.8,0.6,3.0,0.8,0.6,0.9,2.9,0.6,0.5,1.4,0.1,0.8,0.7,0.7,0.7,0.1,0.1,0.6,0.2,0.1
2017-05-31 03:14:00+02:00,0.3,0.3,0.0,0.5,3.1,2.1,1.6,0.5,0.0,1.0,0.7,2.2,0.4,0.7,0.3,0.9,0.2,0.6,1.6,3.0,1.4,0.2,1.7,0.6,3.3,0.8,0.6,0.9,3.1,0.6,0.5,1.3,0.1,0.8,0.7,0.7,0.7,0.1,0.1,0.6,0.2,0.1
2017-05-31 03:15:00+02:00,0.3,0.3,0.0,0.6,3.2,2.2,1.6,0.5,0.0,1.0,0.7,2.3,0.3,0.7,0.3,0.9,0.1,0.6,1.6,3.1,1.4,0.2,1.7,0.5,3.4,0.7,0.6,0.8,3.3,0.6,0.5,1.4,0.1,0.8,0.7,0.7,0.7,0.1,0.1,0.6,0.2,0.1
2017-05-31 03:16:00+02:00,0.3,0.3,0.0,0.5,3.0,2.0,1.5,0.5,0.0,1.1,0.7,2.2,0.3,0.7,0.3,0.9,0.1,0.6,1.5,2.9,1.4,0.2,1.6,0.6,3.2,0.7,0.6,0.8,3.1,0.5,0.4,1.3,0.1,0.9,0.8,0.7,0.7,0.1,0.1,0.6,0.2,0.1
2017-05-31 03:17:00+02:00,0.2,0.2,0.0,0.5,2.9,2.0,1.4,0.5,0.0,0.9,0.6,2.1,0.3,0.7,0.3,0.8,0.1,0.6,1.5,2.8,1.3,0.2,1.6,0.5,3.1,0.7,0.6,0.7,3.0,0.5,0.4,1.3,0.1,1.0,0.9,0.9,0.8,0.1,0.1,0.7,0.3,0.2
2017-05-31 03:18:00+02:00,0.2,0.3,0.0,0.6,2.9,2.0,1.5,0.5,0.1,0.8,0.6,2.1,0.3,0.7,0.2,0.7,0.1,0.6,1.6,2.8,1.4,0.1,1.7,0.5,3.1,0.6,0.6,0.6,3.0,0.6,0.3,1.3,0.2,1.0,0.9,0.9,0.8,0.1,0.1,0.7,0.3,0.2
2017-05-31 03:19:00+02:00,0.2,0.2,0.0,0.6,2.9,2.0,1.6,0.6,0.0,0.8,0.5,2.1,0.4,0.8,0.2,0.7,0.1,0.7,1.7,2.7,1.5,0.1,1.8,0.5,3.1,0.6,0.6,0.6,2.9,0.7,0.4,1.4,0.1,0.9,0.8,0.8,0.8,0.1,0.1,0.7,0.3,0.2
2017-05-31 03:20:00+02:00,0.2,0.2,0.0,0.6,3.1,2.0,1.5,0.5,0.0,0.8,0.6,2.3,0.4,0.7,0.3,0.7,0.1,0.7,1.6,3.0,1.4,0.1,1.8,0.5,3.3,0.6,0.6,0.6,3.2,0.7,0.4,1.4,0.1,1.0,0.9,0.8,0.8,0.2,0.2,0.6,0.3,0.2
2017-05-31 03:21:00+02:00,0.2,0.3,0.0,0.6,3.1,2.2,1.6,0.6,0.0,0.7,0.7,2.3,0.4,0.8,0.3,0.6,0.1,0.7,1.7,3.1,1.5,0.1,1.8,0.5,3.3,0.7,0.7,0.6,3.2,0.7,0.4,1.4,0.1,0.9,0.9,0.8,0.8,0.2,0.2,0.6,0.3,0.2
2017-05-31 03:22:00+02:00,0.2,0.3,0.0,0.6,3.0,2.1,1.6,0.6,0.0,0.7,0.7,2.2,0.4,0.8,0.3,0.7,0.1,0.7,1.7,2.9,1.5,0.1,1.8,0.5,3.2,0.7,0.7,0.6,3.1,0.7,0.4,1.5,0.2,1.0,0.9,0.8,0.8,0.2,0.2,0.6,0.3,0.2
2017-05-31 03:23:00+02:00,0.2,0.2,0.0,0.4,2.8,1.9,1.5,0.6,0.0,0.7,0.7,1.9,0.3,0.8,0.3,0.6,0.1,0.7,1.5,2.7,1.3,0.1,1.7,0.5,3.0,0.7,0.5,0.6,2.8,0.7,0.4,1.3,0.1,0.9,0.8,0.7,0.7,0.2,0.2,0.5,0.2,0.1
2017-05-31 03:24:00+02:00,0.2,0.2,0.0,0.4,2.7,1.8,1.4,0.6,0.0,0.7,0.7,1.9,0.4,0.8,0.3,0.6,0.1,0.7,1.5,2.6,1.3,0.2,1.6,0.5,2.9,0.8,0.5,0.6,2.8,0.7,0.4,1.2,0.1,0.8,0.8,0.7,0.7,0.2,0.2,0.5,0.3,0.1
2017-05-31 03:25:00+02:00,0.2,0.2,0.0,0.4,2.7,1.7,1.3,0.5,0.0,0.5,0.7,1.8,0.3,0.7,0.4,0.4,0.1,0.6,1.4,2.6,1.2,0.2,1.5,0.3,2.9,0.8,0.5,0.4,2.7,0.6,0.4,1.2,0.1,0.9,0.8,0.8,0.8,0.2,0.2,0.6,0.3,0.1
2017-05-31 03:26:00+02:00,0.2,0.2,0.0,0.4,2.6,1.6,1.3,0.5,0.0,0.5,0.7,1.6,0.3,0.7,0.4,0.4,0.1,0.6,1.4,2.5,1.2,0.2,1.5,0.3,2.8,0.8,0.5,0.4,2.6,0.6,0.4,1.2,0.1,0.9,0.8,0.8,0.8,0.3,0.2,0.5,0.3,0.1
2017-05-31 03:27:00+02:00,0.1,0.2,0.1,0.4,2.7,1.7,1.4,0.5,0.0,0.8,0.7,1.8,0.4,0.7,0.4,0.7,0.1,0.7,1.5,2.6,1.3,0.2,1.6,0.3,2.9,0.8,0.5,0.6,2.7,0.6,0.4,1.2,0.1,0.8,0.8,0.7,0.7,0.2,0.2,0.5,0.3,0.1
2017-05-31 03:28:00+02:00,0.1,0.2,0.1,0.4,2.7,1.7,1.4,0.6,0.0,0.7,0.7,1.8,0.4,0.8,0.4,0.6,0.1,0.8,1.5,2.6,1.3,0.2,1.6,0.3,3.0,0.8,0.5,0.6,2.8,0.7,0.5,1.3,0.1,0.8,0.7,0.7,0.7,0.2,0.1,0.5,0.3,0.1
2017-05-31 03:29:00+02:00,0.1,0.2,0.1,0.4,2.6,1.7,1.3,0.6,0.0,0.8,0.7,1.8,0.4,0.8,0.4,0.6,0.1,0.8,1.4,2.5,1.3,0.2,1.5,0.3,2.9,0.8,0.4,0.6,2.8,0.7,0.5,1.2,0.1,0.9,0.8,0.8,0.8,0.2,0.1,0.6,0.3,0.2
2017-05-31 03:30:00+02:00,0.1,0.2,0.1,0.3,2.5,1.7,1.3,0.5,0.0,0.7,0.7,1.7,0.4,0.8,0.4,0.5,0.1,0.7,1.3,2.5,1.2,0.2,1.5,0.3,2.8,0.8,0.4,0.4,2.7,0.7,0.5,1.2,0.1,0.9,0.8,0.8,0.8,0.1,0.1,0.6,0.3,0.2
2017-05-31 03:31:00+02:00,0.2,0.2,0.0,0.4,2.6,1.8,1.3,0.6,0.0,0.6,0.7,1.8,0.4,0.8,0.4,0.4,0.1,0.7,1.4,2.6,1.3,0.2,1.5,0.3,2.9,0.8,0.4,0.4,2.7,0.7,0.5,1.2,0.1,0.8,0.8,0.8,0.7,0.1,0.1,0.6,0.3,0.2
2017-05-31 03:32:00+02:00,0.2,0.2,0.0,0.4,2.4,1.6,1.4,0.6,0.0,0.6,0.6,1.7,0.4,0.8,0.4,0.4,0.1,0.8,1.4,2.4,1.3,0.2,1.5,0.3,2.7,0.7,0.4,0.4,2.6,0.7,0.5,1.2,0.1,0.7,0.7,0.7,0.6,0.1,0.1,0.5,0.2,0.1
2017-05-31 03:33:00+02:00,0.3,0.3,0.0,0.3,2.4,1.6,1.3,0.6,0.0,0.7,0.6,1.7,0.4,0.8,0.3,0.6,0.1,0.8,1.4,2.4,1.3,0.2,1.5,0.4,2.7,0.7,0.4,0.5,2.5,0.7,0.5,1.2,0.1,0.8,0.7,0.7,0.6,0.1,0.1,0.5,0.2,0.1
2017-05-31 03:34:00+02:00,0.3,0.2,0.0,0.3,2.3,1.5,1.2,0.6,0.0,0.7,0.6,1.6,0.4,0.8,0.3,0.6,0.1,0.7,1.3,2.2,1.2,0.2,1.4,0.4,2.6,0.6,0.4,0.5,2.4,0.7,0.4,1.1,0.1,0.7,0.7,0.6,0.6,0.1,0.1,0.5,0.2,0.1
2017-05-31 03:35:00+02:00,0.2,0.2,0.0,0.3,2.3,1.6,1.2,0.6,0.0,0.6,0.6,1.6,0.4,0.8,0.3,0.5,0.1,0.7,1.3,2.3,1.2,0.2,1.4,0.3,2.6,0.7,0.3,0.4,2.4,0.7,0.4,1.1,0.1,0.7,0.7,0.7,0.6,0.2,0.1,0.5,0.2,0.1
2017-05-31 03:36:00+02:00,0.3,0.3,0.0,0.4,2.3,1.6,1.3,0.5,0.0,0.6,0.6,1.7,0.4,0.7,0.3,0.5,0.1,0.7,1.3,2.3,1.2,0.2,1.4,0.3,2.6,0.6,0.4,0.5,2.4,0.6,0.4,1.1,0.2,0.8,0.8,0.8,0.7,0.2,0.2,0.5,0.2,0.1
2017-05-31 03:37:00+02:00,0.3,0.4,0.0,0.4,2.9,1.8,1.4,0.6,0.0,0.7,1.0,1.9,0.5,0.8,0.7,0.5,0.1,0.7,1.4,2.9,1.3,0.2,1.6,0.3,3.1,1.0,0.5,0.5,2.9,0.7,0.9,1.2,0.2,0.9,0.8,0.8,0.8,0.3,0.3,0.5,0.2,0.1
2017-05-31 03:38:00+02:00,0.3,0.3,0.0,0.4,3.1,1.8,1.4,0.5,0.0,0.7,1.3,1.9,0.4,0.8,1.0,0.5,0.1,0.7,1.4,3.1,1.3,0.2,1.6,0.3,3.4,1.3,0.5,0.5,3.2,0.6,1.2,1.2,0.2,0.8,0.8,0.8,0.7,0.3,0.2,0.5,0.1,0.1
2017-05-31 03:39:00+02:00,0.7,0.3,0.0,0.4,2.7,1.9,1.4,0.6,0.0,1.1,0.7,2.0,0.5,0.9,0.4,1.0,0.1,0.8,1.5,2.7,1.4,0.2,1.6,0.8,3.0,0.8,0.5,0.9,2.8,0.7,0.5,1.3,0.2,0.9,0.9,0.8,0.8,0.2,0.2,0.6,0.2,0.1
2017-05-31 03:40:00+02:00,0.3,0.3,0.0,0.6,2.9,2.1,1.7,0.7,0.0,0.8,0.6,2.2,0.6,1.0,0.3,0.6,0.1,0.8,1.8,2.9,1.6,0.2,1.9,0.5,3.2,0.7,0.6,0.5,3.0,0.8,0.4,1.6,0.2,1.0,1.0,0.9,0.9,0.2,0.2,0.7,0.3,0.1
2017-05-31 03:41:00+02:00,0.3,0.3,0.0,0.8,3.1,2.4,1.9,0.7,0.0,0.8,0.5,2.5,0.5,1.0,0.3,0.6,0.2,0.8,2.0,3.1,1.9,0.2,2.1,0.5,3.4,0.6,0.9,0.5,3.2,0.8,0.4,1.8,0.2,1.0,0.9,0.9,0.9,0.2,0.2,0.7,0.3,0.1
2017-05-31 03:42:00+02:00,0.1,0.3,0.0,0.8,3.0,2.3,1.9,0.6,0.0,0.7,0.5,2.4,0.5,1.0,0.3,0.5,0.2,0.8,1.9,3.0,1.8,0.2,2.1,0.3,3.2,0.6,0.8,0.4,3.1,0.8,0.4,1.8,0.2,0.8,0.8,0.8,0.7,0.2,0.2,0.5,0.3,0.1
2017-05-31 03:43:00+02:00,0.2,0.2,0.0,0.7,3.1,2.4,1.8,0.6,0.0,0.7,0.5,2.4,0.5,0.9,0.2,0.5,0.2,0.8,1.9,3.0,1.8,0.2,2.0,0.4,3.3,0.6,0.8,0.4,3.2,0.7,0.3,1.7,0.1,0.8,0.8,0.7,0.7,0.2,0.2,0.5,0.3,0.1
2017-05-31 03:44:00+02:00,0.3,0.2,0.0,0.7,3.4,2.3,1.8,0.6,0.0,0.8,0.9,2.3,0.5,0.9,0.6,0.6,0.2,0.8,1.9,3.3,1.8,0.2,2.0,0.5,3.7,1.0,0.8,0.6,3.6,0.7,0.7,1.7,0.1,0.8,0.8,0.8,0.7,0.2,0.2,0.5,0.3,0.1
2017-05-31 03:45:00+02:00,0.3,0.2,0.0,0.7,3.5,2.2,1.8,0.7,0.0,0.8,0.8,2.4,0.5,1.0,0.5,0.6,0.2,0.9,1.9,3.3,1.8,0.2,2.0,0.5,3.9,0.9,0.8,0.5,3.7,0.8,0.6,1.8,0.1,0.8,0.8,0.7,0.7,0.2,0.2,0.5,0.2,0.1
2017-05-31 03:46:00+02:00,0.3,0.2,0.0,0.8,3.0,2.1,1.7,0.5,0.0,0.7,0.6,2.2,0.3,0.8,0.2,0.6,0.2,0.7,1.8,2.8,1.7,0.2,1.9,0.4,3.3,0.6,0.8,0.5,3.2,0.6,0.3,1.7,0.1,0.9,0.8,0.8,0.7,0.3,0.2,0.4,0.2,0.1
2017-05-31 03:47:00+02:00,0.2,0.3,0.0,0.6,2.9,1.9,1.5,0.5,0.0,0.7,0.6,2.0,0.3,0.8,0.2,0.5,0.2,0.7,1.6,2.6,1.5,0.2,1.7,0.4,3.2,0.6,0.7,0.5,3.1,0.6,0.4,1.5,0.1,0.9,0.9,0.8,0.7,0.3,0.2,0.4,0.2,0.1
2017-05-31 03:48:00+02:00,0.2,0.3,0.0,0.6,2.9,2.0,1.6,0.5,0.0,0.8,0.6,2.1,0.3,0.8,0.3,0.6,0.2,0.6,1.6,2.7,1.6,0.2,1.8,0.3,3.2,0.6,0.8,0.6,3.1,0.6,0.4,1.5,0.1,0.9,0.9,0.8,0.7,0.3,0.2,0.4,0.2,0.1
2017-05-31 03:49:00+02:00,0.1,0.3,0.0,0.6,3.0,2.0,1.6,0.5,0.0,0.8,0.7,2.1,0.3,0.7,0.4,0.6,0.2,0.6,1.7,2.8,1.6,0.2,1.8,0.3,3.3,0.7,0.8,0.5,3.2,0.6,0.5,1.5,0.1,0.7,0.7,0.6,0.6,0.2,0.1,0.4,0.2,0.1
2017-05-31 03:50:00+02:00,0.1,0.4,0.0,0.6,2.9,2.0,1.6,0.5,0.0,0.7,0.7,2.1,0.3,0.7,0.4,0.5,0.2,0.6,1.6,2.8,1.6,0.2,1.8,0.2,3.3,0.7,0.8,0.5,3.1,0.6,0.5,1.5,0.1,0.8,0.8,0.7,0.7,0.2,0.1,0.5,0.2,0.1
2017-05-31 03:51:00+02:00,0.3,0.5,0.0,0.7,3.1,2.1,1.7,0.5,0.0,0.8,0.6,2.4,0.3,0.7,0.3,0.7,0.2,0.6,1.7,3.0,1.6,0.1,1.9,0.4,3.5,0.6,0.9,0.6,3.3,0.5,0.4,1.6,0.3,0.6,0.6,0.5,0.5,0.2,0.1,0.3,0.2,0.1
2017-05-31 03:52:00+02:00,0.3,0.5,0.0,0.7,2.9,2.0,1.6,0.4,0.0,0.9,0.6,2.2,0.3,0.7,0.3,0.7,0.2,0.5,1.7,2.8,1.6,0.1,1.8,0.4,3.3,0.6,0.9,0.7,3.1,0.5,0.4,1.5,0.3,0.6,0.6,0.5,0.5,0.2,0.1,0.3,0.3,0.2
2017-05-31 03:53:00+02:00,0.3,0.5,0.0,0.7,2.8,1.9,1.5,0.4,0.0,0.9,0.6,2.1,0.2,0.6,0.3,0.7,0.1,0.5,1.5,2.7,1.4,0.1,1.7,0.4,3.1,0.7,0.8,0.7,3.0,0.4,0.5,1.4,0.3,0.6,0.6,0.5,0.5,0.2,0.1,0.3,0.3,0.1
2017-05-31 03:54:00+02:00,0.3,0.3,0.0,0.4,2.8,1.7,1.3,0.4,0.0,0.9,0.6,1.9,0.2,0.5,0.3,0.7,0.1,0.5,1.4,2.7,1.2,0.1,1.5,0.4,3.1,0.9,0.6,0.6,3.0,0.5,0.4,1.2,0.1,0.6,0.6,0.5,0.5,0.2,0.1,0.3,0.3,0.1
2017-05-31 03:55:00+02:00,0.9,0.3,0.0,0.4,2.6,1.7,1.3,0.4,0.0,1.4,0.5,1.9,0.3,0.6,0.2,1.3,0.1,0.6,1.4,2.5,1.2,0.1,1.5,0.9,2.9,0.7,0.5,1.2,2.8,0.5,0.3,1.1,0.1,0.6,0.6,0.6,0.5,0.2,0.1,0.3,0.3,0.1
2017-05-31 03:56:00+02:00,0.2,0.3,0.0,0.5,2.6,1.7,1.3,0.4,0.0,0.8,0.5,1.9,0.3,0.6,0.2,0.6,0.1,0.6,1.4,2.5,1.2,0.1,1.5,0.3,2.9,0.6,0.5,0.5,2.7,0.5,0.3,1.1,0.2,0.6,0.6,0.6,0.5,0.2,0.1,0.3,0.3,0.1
2017-05-31 03:57:00+02:00,0.2,0.3,0.1,0.5,2.6,1.7,1.3,0.4,0.0,0.8,0.6,1.9,0.3,0.6,0.3,0.6,0.1,0.5,1.4,2.5,1.2,0.2,1.5,0.3,2.8,0.7,0.5,0.5,2.7,0.5,0.3,1.1,0.1,0.6,0.6,0.5,0.5,0.2,0.1,0.3,0.2,0.1
2017-05-31 03:58:00+02:00,0.2,0.3,0.1,0.5,3.3,2.4,2.0,1.0,0.0,0.9,0.6,2.5,0.9,1.2,0.3,0.6,0.1,1.2,2.0,3.2,1.8,0.2,2.1,0.3,3.5,0.7,0.6,0.6,3.3,1.2,0.4,1.8,0.1,0.6,0.6,0.6,0.5,0.2,0.1,0.3,0.3,0.1
2017-05-31 03:59:00+02:00,0.2,0.3,0.0,0.5,3.5,2.6,2.3,1.4,0.0,1.0,0.5,2.8,1.3,1.6,0.2,0.6,0.1,1.6,2.4,3.4,2.2,0.1,2.5,0.4,3.7,0.6,0.5,0.6,3.5,1.6,0.4,2.1,0.1,0.6,0.6,0.6,0.5,0.2,0.1,0.3,0.2,0.1
2017-05-31 04:00:00+02:00,0.2,0.3,0.0,0.5,2.5,1.6,1.3,0.4,0.0,1.1,0.6,1.8,0.3,0.6,0.2,0.7,0.1,0.6,1.4,2.4,1.2,0.1,1.5,0.4,2.7,0.7,0.5,0.7,2.6,0.5,0.4,1.1,0.1,0.7,0.7,0.7,0.6,0.2,0.1,0.4,0.3,0.1
2017-05-31 04:01:00+02:00,0.2,0.3,0.0,0.4,2.5,1.5,1.2,0.4,0.0,1.2,0.6,1.7,0.3,0.6,0.2,0.7,0.1,0.6,1.3,2.4,1.1,0.1,1.4,0.3,2.6,0.7,0.5,0.7,2.5,0.5,0.4,1.1,0.1,0.7,0.7,0.7,0.6,0.2,0.1,0.4,0.3,0.1
2017-05-31 04:02:00+02:00,0.1,0.3,0.0,0.5,2.4,1.5,1.2,0.5,0.0,1.2,0.6,1.7,0.3,0.6,0.2,0.6,0.1,0.6,1.3,2.3,1.2,0.1,1.4,0.3,2.6,0.7,0.5,0.6,2.5,0.6,0.4,1.1,0.1,0.9,0.9,0.8,0.7,0.2,0.1,0.5,0.3,0.1
2017-05-31 04:03:00+02:00,0.2,0.3,0.0,0.5,2.5,1.7,1.4,0.5,0.1,1.5,0.5,1.8,0.4,0.7,0.2,1.2,0.1,0.6,1.4,2.4,1.3,0.1,1.6,0.3,2.7,0.6,0.6,1.2,2.5,0.6,0.3,1.3,0.2,0.9,0.9,0.8,0.7,0.3,0.1,0.5,0.3,0.1
2017-05-31 04:04:00+02:00,0.1,0.3,0.0,0.5,2.7,1.8,1.5,0.6,0.1,0.8,0.5,2.0,0.4,0.7,0.2,0.5,0.1,0.7,1.6,2.6,1.5,0.1,1.7,0.3,2.9,0.6,0.7,0.5,2.7,0.7,0.3,1.4,0.1,0.9,0.9,0.9,0.8,0.3,0.1,0.5,0.3,0.1
2017-05-31 04:05:00+02:00,0.1,0.4,0.0,0.6,2.8,2.0,1.7,0.6,0.1,0.7,0.5,2.1,0.5,0.8,0.2,0.5,0.2,0.8,1.8,2.7,1.7,0.1,1.9,0.3,3.0,0.6,0.8,0.5,2.8,0.7,0.3,1.6,0.2,0.9,0.9,0.8,0.7,0.3,0.1,0.5,0.3,0.1
2017-05-31 04:06:00+02:00,0.1,0.3,0.0,0.6,2.6,1.9,1.7,0.7,0.1,0.7,0.4,2.1,0.5,0.8,0.1,0.5,0.2,0.8,1.7,2.6,1.6,0.1,1.8,0.3,2.9,0.5,0.8,0.4,2.7,0.8,0.2,1.6,0.2,0.9,0.9,0.8,0.7,0.3,0.1,0.5,0.3,0.2
2017-05-31 04:07:00+02:00,0.1,0.3,0.0,0.6,2.7,2.0,1.7,0.7,0.1,0.7,0.4,2.1,0.5,0.8,0.1,0.5,0.2,0.8,1.8,2.6,1.6,0.1,1.9,0.3,2.9,0.5,0.8,0.4,2.8,0.8,0.2,1.6,0.2,0.7,0.7,0.7,0.6,0.2,0.1,0.5,0.4,0.2
2017-05-31 04:08:00+02:00,0.1,0.3,0.0,0.6,2.7,2.0,1.7,0.7,0.1,0.7,0.4,2.2,0.5,0.8,0.1,0.5,0.2,0.8,1.8,2.6,1.6,0.1,1.9,0.3,2.9,0.5,0.8,0.4,2.8,0.8,0.2,1.6,0.2,0.7,0.7,0.7,0.6,0.2,0.1,0.4,0.3,0.2
2017-05-31 04:09:00+02:00,0.1,0.4,0.0,0.6,2.5,1.9,1.6,0.6,0.1,0.7,0.4,2.1,0.4,0.8,0.1,0.5,0.2,0.6,1.6,2.5,1.5,0.1,1.8,0.3,2.8,0.5,0.7,0.4,2.6,0.6,0.2,1.4,0.2,0.7,0.7,0.6,0.5,0.2,0.1,0.4,0.3,0.2
2017-05-31 04:10:00+02:00,0.1,0.3,0.0,0.6,2.6,1.9,1.5,0.5,0.1,0.6,0.4,2.0,0.4,0.7,0.2,0.5,0.2,0.6,1.6,2.6,1.4,0.1,1.8,0.3,2.8,0.5,0.7,0.4,2.7,0.6,0.2,1.4,0.2,0.6,0.6,0.6,0.4,0.1,0.1,0.3,0.2,0.1
2017-05-31 04:11:00+02:00,0.2,0.3,0.0,0.5,2.5,1.8,1.4,0.5,0.1,0.7,0.5,1.9,0.3,0.7,0.2,0.5,0.1,0.6,1.5,2.4,1.3,0.1,1.7,0.3,2.7,0.5,0.6,0.5,2.6,0.6,0.3,1.3,0.2,0.6,0.6,0.6,0.5,0.2,0.1,0.3,0.2,0.1
2017-05-31 04:12:00+02:00,0.2,0.3,0.0,0.6,2.5,1.8,1.5,0.5,0.1,0.7,0.5,1.9,0.3,0.7,0.2,0.5,0.1,0.6,1.6,2.5,1.4,0.1,1.7,0.3,2.7,0.5,0.7,0.5,2.6,0.6,0.3,1.4,0.2,0.7,0.6,0.6,0.4,0.1,0.1,0.3,0.2,0.1
2017-05-31 04:13:00+02:00,0.2,0.5,0.0,0.7,2.7,2.0,1.6,0.4,0.2,0.7,0.5,2.1,0.3,0.7,0.2,0.5,0.1,0.6,1.7,2.6,1.5,0.1,1.8,0.4,2.9,0.6,0.8,0.5,2.7,0.6,0.3,1.5,0.3,0.7,0.7,0.6,0.5,0.2,0.1,0.3,0.2,0.1
2017-05-31 04:14:00+02:00,0.2,0.6,0.0,0.8,2.7,2.0,1.7,0.5,0.2,0.7,0.6,2.1,0.3,0.7,0.2,0.6,0.1,0.7,1.8,2.7,1.6,0.1,1.9,0.4,3.0,0.6,0.9,0.5,2.8,0.7,0.4,1.6,0.4,0.6,0.6,0.5,0.4,0.1,0.1,0.3,0.2,0.1
2017-05-31 04:15:00+02:00,0.2,0.6,0.0,0.8,2.7,1.9,1.6,0.4,0.2,0.7,0.6,1.9,0.3,0.6,0.2,0.5,0.1,0.6,1.7,2.6,1.6,0.1,1.8,0.4,2.9,0.6,0.9,0.5,2.8,0.6,0.4,1.5,0.4,0.6,0.6,0.5,0.4,0.1,0.1,0.2,0.1,0.1
2017-05-31 04:16:00+02:00,0.2,0.6,0.0,0.8,3.0,2.2,1.8,0.6,0.2,0.8,0.6,2.3,0.5,0.8,0.2,0.5,0.1,0.8,1.9,2.9,1.7,0.1,2.1,0.4,3.2,0.6,0.9,0.5,3.1,0.8,0.4,1.7,0.4,0.7,0.7,0.6,0.5,0.2,0.1,0.3,0.2,0.1
2017-05-31 04:17:00+02:00,0.2,0.5,0.0,0.8,2.9,2.1,1.8,0.6,0.2,0.8,0.6,2.2,0.5,0.8,0.2,0.6,0.1,0.8,1.8,2.8,1.7,0.1,2.0,0.4,3.1,0.6,0.9,0.5,3.0,0.8,0.4,1.7,0.4,0.7,0.7,0.6,0.5,0.2,0.1,0.3,0.2,0.1
2017-05-31 04:18:00+02:00,0.2,0.5,0.0,0.8,2.9,2.1,1.9,0.6,0.2,0.8,0.5,2.2,0.5,0.8,0.2,0.6,0.1,0.8,1.9,2.7,1.8,0.1,2.0,0.4,3.1,0.5,0.9,0.5,3.0,0.8,0.3,1.7,0.4,0.7,0.7,0.6,0.5,0.2,0.1,0.3,0.2,0.1
2017-05-31 04:19:00+02:00,0.2,0.5,0.0,0.8,2.9,2.1,1.9,0.6,0.2,0.8,0.4,2.2,0.5,0.8,0.2,0.6,0.1,0.8,1.9,2.7,1.8,0.1,2.0,0.4,3.2,0.5,0.9,0.5,3.0,0.8,0.3,1.7,0.3,0.7,0.6,0.6,0.5,0.2,0.1,0.3,0.2,0.1
2017-05-31 04:20:00+02:00,0.2,0.5,0.0,0.8,2.9,2.0,1.8,0.5,0.2,0.8,0.5,2.2,0.4,0.8,0.2,0.6,0.1,0.7,1.9,2.7,1.7,0.1,2.0,0.4,3.2,0.5,0.9,0.5,3.0,0.7,0.3,1.7,0.3,0.7,0.6,0.6,0.5,0.2,0.2,0.3,0.2,0.1
2017-05-31 04:21:00+02:00,0.2,0.6,0.0,0.9,3.0,2.2,1.9,0.5,0.2,0.8,0.5,2.3,0.3,0.8,0.2,0.6,0.1,0.7,2.0,2.8,1.8,0.1,2.2,0.3,3.3,0.5,1.0,0.5,3.1,0.7,0.3,1.8,0.4,0.8,0.8,0.7,0.6,0.3,0.2,0.3,0.2,0.1
2017-05-31 04:22:00+02:00,0.2,0.6,0.0,0.9,3.0,2.3,1.9,0.5,0.2,0.8,0.4,2.4,0.3,0.8,0.1,0.6,0.1,0.7,2.0,2.9,1.8,0.1,2.2,0.4,3.4,0.5,1.0,0.5,3.1,0.7,0.2,1.8,0.4,0.7,0.7,0.7,0.6,0.2,0.2,0.4,0.3,0.2
2017-05-31 04:23:00+02:00,0.2,0.6,0.0,0.9,3.0,2.2,1.9,0.5,0.2,0.8,0.4,2.3,0.3,0.8,0.1,0.6,0.1,0.7,1.9,2.9,1.8,0.1,2.2,0.4,3.4,0.5,1.0,0.5,3.2,0.7,0.2,1.7,0.4,0.7,0.7,0.7,0.6,0.2,0.2,0.4,0.3,0.2
2017-05-31 04:24:00+02:00,0.2,0.5,0.0,0.7,2.6,1.9,1.5,0.4,0.1,1.1,0.4,2.0,0.2,0.6,0.1,0.9,0.1,0.5,1.6,2.5,1.5,0.1,1.8,0.5,3.0,0.5,0.8,0.8,2.7,0.5,0.2,1.4,0.3,0.8,0.7,0.7,0.5,0.2,0.1,0.4,0.3,0.2
2017-05-31 04:25:00+02:00,0.2,0.4,0.0,0.6,2.4,1.7,1.4,0.4,0.0,0.6,0.4,1.8,0.2,0.6,0.1,0.5,0.1,0.5,1.5,2.3,1.3,0.1,1.7,0.3,2.8,0.5,0.7,0.4,2.6,0.5,0.2,1.3,0.2,0.7,0.7,0.6,0.5,0.1,0.1,0.4,0.3,0.2
2017-05-31 04:26:00+02:00,0.2,0.3,0.0,0.5,2.4,1.7,1.4,0.5,0.0,0.7,0.4,1.8,0.3,0.7,0.1,0.5,0.1,0.6,1.4,2.3,1.3,0.1,1.6,0.3,2.8,0.5,0.6,0.4,2.5,0.6,0.2,1.3,0.2,0.7,0.7,0.6,0.5,0.1,0.1,0.4,0.3,0.2
2017-05-31 04:27:00+02:00,0.2,0.3,0.1,0.6,2.6,1.8,1.4,0.5,0.0,0.8,0.5,1.9,0.3,0.7,0.2,0.5,0.1,0.6,1.5,2.4,1.4,0.1,1.7,0.3,3.0,0.6,0.7,0.5,2.7,0.6,0.3,1.3,0.2,0.8,0.7,0.6,0.5,0.1,0.1,0.4,0.3,0.2
2017-05-31 04:28:00+02:00,0.2,0.3,0.1,0.6,2.8,1.8,1.5,0.5,0.0,0.6,0.6,1.9,0.3,0.7,0.3,0.5,0.1,0.6,1.6,2.6,1.4,0.1,1.7,0.2,3.1,0.7,0.7,0.4,2.9,0.6,0.4,1.4,0.2,0.8,0.7,0.6,0.5,0.1,0.1,0.4,0.3,0.2
2017-05-31 04:29:00+02:00,0.2,0.3,0.0,0.6,2.8,1.9,1.6,0.5,0.0,0.6,0.6,2.0,0.3,0.7,0.3,0.4,0.1,0.7,1.7,2.6,1.5,0.1,1.8,0.2,3.1,0.6,0.7,0.4,2.9,0.6,0.4,1.4,0.2,0.8,0.8,0.7,0.6,0.2,0.2,0.4,0.3,0.2
2017-05-31 04:30:00+02:00,0.2,0.3,0.0,0.6,2.6,1.9,1.6,0.5,0.0,0.6,0.6,2.0,0.3,0.8,0.3,0.4,0.1,0.7,1.6,2.6,1.5,0.1,1.8,0.2,2.9,0.6,0.6,0.3,2.7,0.6,0.4,1.4,0.2,0.9,0.8,0.8,0.6,0.2,0.2,0.4,0.3,0.3
2017-05-31 04:31:00+02:00,0.6,0.3,0.0,0.5,2.7,1.9,1.6,0.6,0.0,1.0,0.6,2.0,0.4,0.8,0.3,0.8,0.1,0.7,1.6,2.6,1.5,0.1,1.8,0.6,2.9,0.6,0.6,0.8,2.7,0.6,0.4,1.4,0.2,0.8,0.8,0.7,0.6,0.2,0.2,0.4,0.3,0.3
2017-05-31 04:32:00+02:00,0.1,0.3,0.0,0.5,2.7,1.9,1.6,0.6,0.0,0.5,0.6,2.0,0.4,0.8,0.3,0.4,0.1,0.7,1.6,2.6,1.5,0.1,1.8,0.2,2.9,0.6,0.6,0.3,2.7,0.7,0.4,1.4,0.2,0.8,0.8,0.7,0.6,0.2,0.2,0.4,0.3,0.2
2017-05-31 04:33:00+02:00,0.1,0.3,0.0,0.5,2.8,2.1,1.6,0.6,0.1,0.5,0.5,2.2,0.3,0.8,0.2,0.4,0.1,0.7,1.8,2.7,1.5,0.1,2.0,0.2,3.0,0.6,0.6,0.3,2.8,0.6,0.3,1.4,0.2,0.8,0.7,0.7,0.6,0.2,0.1,0.4,0.3,0.2
2017-05-31 04:34:00+02:00,0.1,0.3,0.0,0.5,2.7,2.1,1.5,0.5,0.1,0.5,0.5,2.2,0.3,0.7,0.2,0.4,0.1,0.7,1.8,2.7,1.4,0.1,2.0,0.2,3.0,0.5,0.6,0.3,2.8,0.6,0.3,1.3,0.2,0.7,0.6,0.6,0.5,0.2,0.1,0.4,0.3,0.2
2017-05-31 04:35:00+02:00,0.1,0.3,0.0,0.5,2.7,2.0,1.5,0.5,0.1,0.5,0.4,2.1,0.3,0.7,0.2,0.4,0.1,0.7,1.8,2.6,1.4,0.1,2.0,0.2,2.9,0.5,0.6,0.3,2.8,0.6,0.3,1.3,0.2,0.7,0.6,0.6,0.5,0.2,0.1,0.4,0.3,0.2
2017-05-31 04:36:00+02:00,0.1,0.3,0.0,0.5,2.7,2.0,1.5,0.4,0.1,0.5,0.4,2.1,0.3,0.7,0.2,0.4,0.1,0.6,1.8,2.6,1.4,0.1,2.0,0.2,2.9,0.5,0.6,0.3,2.8,0.5,0.3,1.3,0.2,0.7,0.7,0.6,0.6,0.2,0.1,0.4,0.3,0.2
2017-05-31 04:37:00+02:00,0.1,0.3,0.0,0.5,2.7,2.0,1.4,0.4,0.1,0.5,0.5,2.0,0.3,0.7,0.2,0.4,0.1,0.6,1.7,2.6,1.4,0.1,1.9,0.2,2.9,0.6,0.6,0.3,2.8,0.5,0.3,1.3,0.2,0.7,0.7,0.6,0.6,0.1,0.1,0.4,0.3,0.2
2017-05-31 04:38:00+02:00,0.1,0.3,0.0,0.5,2.6,1.9,1.4,0.4,0.1,0.5,0.5,1.9,0.2,0.7,0.2,0.4,0.1,0.6,1.6,2.6,1.3,0.1,1.8,0.2,2.8,0.6,0.6,0.4,2.7,0.5,0.3,1.3,0.2,0.7,0.7,0.6,0.5,0.1,0.1,0.4,0.3,0.2
2017-05-31 04:39:00+02:00,0.1,0.4,0.0,0.6,2.8,2.1,1.6,0.4,0.1,0.5,0.5,2.2,0.2,0.7,0.2,0.4,0.1,0.6,1.8,2.7,1.4,0.1,2.0,0.2,3.0,0.6,0.7,0.4,2.9,0.5,0.3,1.4,0.2,0.7,0.7,0.6,0.5,0.2,0.1,0.4,0.3,0.2
2017-05-31 04:40:00+02:00,0.2,0.3,0.0,0.6,2.8,2.1,1.6,0.4,0.1,0.7,0.6,2.2,0.2,0.7,0.3,0.6,0.1,0.6,1.8,2.8,1.4,0.1,2.0,0.2,3.0,0.7,0.7,0.5,2.9,0.5,0.3,1.3,0.2,0.7,0.7,0.6,0.5,0.2,0.1,0.4,0.2,0.2
2017-05-31 04:41:00+02:00,0.2,0.3,0.0,0.6,4.2,3.4,2.9,1.7,0.1,0.6,0.7,3.5,1.5,2.0,0.3,0.5,0.1,1.9,3.2,4.2,2.7,0.1,3.3,0.2,4.4,0.7,0.7,0.5,4.3,1.8,0.3,2.7,0.2,0.8,0.7,0.7,0.6,0.2,0.1,0.4,0.3,0.2
2017-05-31 04:42:00+02:00,0.2,0.3,0.0,0.6,3.3,2.4,1.9,0.7,0.1,0.7,0.7,2.5,0.6,1.0,0.3,0.5,0.1,1.0,2.2,3.3,1.8,0.1,2.3,0.2,3.5,0.8,0.7,0.5,3.4,0.8,0.4,1.7,0.2,0.8,0.7,0.6,0.6,0.2,0.1,0.4,0.3,0.2
2017-05-31 04:43:00+02:00,0.3,0.3,0.0,0.6,3.0,2.1,1.6,0.4,0.1,0.7,0.8,2.2,0.3,0.7,0.3,0.6,0.1,0.6,1.8,3.0,1.4,0.1,2.0,0.3,3.2,0.9,0.7,0.6,3.1,0.5,0.4,1.4,0.2,0.9,0.8,0.7,0.6,0.2,0.2,0.4,0.3,0.2
2017-05-31 04:44:00+02:00,0.3,0.4,0.0,0.7,2.8,1.9,1.5,0.4,0.1,0.7,0.6,2.1,0.3,0.6,0.3,0.6,0.1,0.5,1.7,2.8,1.4,0.1,1.9,0.3,3.0,0.7,0.7,0.5,2.9,0.5,0.4,1.3,0.2,1.1,1.0,0.9,0.8,0.2,0.2,0.6,0.5,0.4
2017-05-31 04:45:00+02:00,0.3,0.4,0.0,0.7,2.8,2.0,1.6,0.4,0.1,0.8,0.6,2.1,0.3,0.6,0.2,0.6,0.1,0.6,1.8,2.8,1.4,0.1,1.9,0.3,3.0,0.7,0.7,0.6,2.9,0.5,0.4,1.3,0.2,0.9,0.8,0.7,0.7,0.2,0.2,0.4,0.3,0.2
2017-05-31 04:46:00+02:00,0.3,0.4,0.0,0.6,2.8,2.1,1.6,0.5,0.1,0.7,0.6,2.2,0.3,0.7,0.2,0.6,0.1,0.6,1.8,2.8,1.4,0.1,2.0,0.3,3.0,0.6,0.6,0.5,2.9,0.6,0.3,1.4,0.2,0.8,0.7,0.7,0.6,0.2,0.2,0.4,0.3,0.2
2017-05-31 04:47:00+02:00,0.3,0.3,0.0,0.8,2.9,2.2,1.7,0.4,0.1,0.7,0.6,2.3,0.3,0.7,0.2,0.6,0.1,0.6,1.9,2.9,1.6,0.1,2.1,0.4,3.1,0.6,0.8,0.6,3.0,0.5,0.3,1.5,0.2,0.8,0.8,0.7,0.6,0.2,0.2,0.4,0.3,0.3
2017-05-31 04:48:00+02:00,0.3,0.3,0.0,0.8,2.9,2.2,1.8,0.4,0.1,0.6,0.6,2.3,0.3,0.7,0.3,0.5,0.1,0.6,2.0,2.9,1.6,0.1,2.1,0.3,3.1,0.6,0.9,0.5,3.0,0.5,0.3,1.6,0.2,0.8,0.8,0.7,0.6,0.2,0.2,0.4,0.3,0.3
2017-05-31 04:49:00+02:00,0.3,0.3,0.0,0.8,3.0,2.3,1.8,0.4,0.1,0.6,0.5,2.4,0.3,0.7,0.3,0.5,0.1,0.6,2.0,3.0,1.7,0.1,2.2,0.3,3.2,0.6,0.9,0.5,3.1,0.5,0.3,1.6,0.2,0.8,0.8,0.7,0.6,0.2,0.2,0.4,0.3,0.3
2017-05-31 04:50:00+02:00,0.3,0.3,0.0,0.8,3.2,2.4,2.0,0.5,0.1,0.6,0.6,2.6,0.3,0.9,0.3,0.5,0.1,0.8,2.2,3.2,1.9,0.1,2.3,0.3,3.4,0.6,0.9,0.5,3.3,0.6,0.3,1.8,0.2,0.8,0.7,0.7,0.6,0.2,0.2,0.4,0.3,0.2
2017-05-31 04:51:00+02:00,0.3,0.3,0.0,0.9,3.2,2.4,2.0,0.5,0.1,0.6,0.6,2.6,0.4,0.9,0.3,0.5,0.1,0.7,2.2,3.2,1.8,0.1,2.3,0.3,3.4,0.6,0.9,0.5,3.3,0.6,0.3,1.8,0.2,0.8,0.7,0.7,0.6,0.2,0.2,0.4,0.3,0.2
2017-05-31 04:52:00+02:00,0.3,0.3,0.0,0.9,3.1,2.4,2.0,0.5,0.1,0.6,0.5,2.6,0.4,0.9,0.2,0.5,0.1,0.7,2.2,3.1,1.8,0.1,2.3,0.3,3.3,0.5,0.9,0.5,3.2,0.6,0.3,1.8,0.2,0.8,0.7,0.7,0.6,0.2,0.2,0.4,0.3,0.2
2017-05-31 04:53:00+02:00,0.3,0.3,0.0,0.9,3.3,2.5,2.1,0.6,0.1,0.6,0.4,2.7,0.5,1.0,0.2,0.5,0.2,0.8,2.3,3.2,1.9,0.1,2.4,0.3,3.5,0.5,0.9,0.5,3.3,0.7,0.3,1.9,0.2,0.8,0.7,0.6,0.6,0.2,0.2,0.4,0.3,0.2
2017-05-31 04:54:00+02:00,0.3,0.3,0.0,0.9,3.3,2.5,2.0,0.6,0.1,0.7,0.5,2.6,0.5,0.9,0.2,0.6,0.2,0.8,2.2,3.2,1.9,0.0,2.3,0.3,3.5,0.6,0.9,0.6,3.4,0.7,0.2,1.8,0.2,0.7,0.7,0.6,0.6,0.3,0.2,0.3,0.2,0.1
2017-05-31 04:55:00+02:00,0.3,0.3,0.0,0.8,3.2,2.5,2.0,0.6,0.1,0.7,0.5,2.6,0.5,0.9,0.2,0.6,0.2,0.8,2.2,3.1,1.9,0.0,2.3,0.4,3.5,0.5,0.9,0.6,3.3,0.7,0.2,1.8,0.2,0.7,0.7,0.6,0.6,0.3,0.3,0.3,0.2,0.1
2017-05-31 04:56:00+02:00,0.3,0.3,0.0,0.8,3.1,2.3,1.8,0.5,0.1,0.7,0.5,2.5,0.4,0.8,0.2,0.6,0.1,0.7,2.0,3.0,1.7,0.1,2.2,0.4,3.3,0.6,0.9,0.6,3.2,0.6,0.3,1.6,0.2,0.7,0.6,0.6,0.6,0.3,0.3,0.3,0.2,0.1
2017-05-31 04:57:00+02:00,0.3,0.3,0.0,0.8,3.0,2.2,1.7,0.4,0.1,0.7,0.5,2.3,0.3,0.7,0.2,0.6,0.1,0.6,1.9,2.9,1.6,0.1,2.0,0.4,3.1,0.6,0.8,0.6,3.1,0.5,0.3,1.5,0.2,0.8,0.7,0.7,0.6,0.3,0.3,0.3,0.2,0.1
2017-05-31 04:58:00+02:00,0.3,0.3,0.0,0.7,2.9,2.1,1.6,0.4,0.1,0.7,0.5,2.2,0.3,0.6,0.2,0.6,0.1,0.5,1.8,2.8,1.5,0.0,2.0,0.4,3.0,0.6,0.8,0.6,3.0,0.5,0.3,1.4,0.2,0.8,0.7,0.7,0.6,0.3,0.3,0.4,0.2,0.1
2017-05-31 04:59:00+02:00,0.3,0.3,0.0,0.7,2.9,2.1,1.6,0.5,0.1,0.7,0.5,2.2,0.3,0.7,0.2,0.6,0.1,0.6,1.9,2.8,1.5,0.0,2.0,0.4,3.1,0.6,0.8,0.6,3.0,0.5,0.3,1.4,0.1,0.7,0.7,0.6,0.6,0.3,0.3,0.3,0.2,0.1
2017-05-31 05:00:00+02:00,0.3,0.3,0.0,0.8,3.0,2.2,1.7,0.5,0.1,0.7,0.5,2.4,0.3,0.7,0.2,0.6,0.1,0.6,2.0,2.9,1.6,0.0,2.1,0.3,3.2,0.6,0.9,0.6,3.1,0.6,0.3,1.5,0.2,0.7,0.7,0.6,0.6,0.3,0.3,0.3,0.2,0.1
2017-05-31 05:01:00+02:00,0.3,0.3,0.0,0.8,3.1,2.3,1.8,0.6,0.1,0.7,0.5,2.5,0.4,0.8,0.2,0.6,0.1,0.7,2.1,3.0,1.7,0.0,2.2,0.3,3.3,0.6,0.9,0.6,3.2,0.7,0.3,1.6,0.2,0.6,0.6,0.6,0.5,0.3,0.3,0.3,0.2,0.1
2017-05-31 05:02:00+02:00,0.3,0.3,0.0,0.9,3.2,2.4,1.8,0.6,0.1,0.8,0.5,2.5,0.4,0.8,0.2,0.6,0.1,0.7,2.1,3.1,1.7,0.0,2.3,0.3,3.4,0.6,0.9,0.6,3.3,0.7,0.3,1.7,0.2,0.6,0.6,0.6,0.5,0.3,0.3,0.3,0.2,0.1
2017-05-31 05:03:00+02:00,0.3,0.3,0.0,0.8,3.2,2.3,1.8,0.5,0.0,0.8,0.5,2.5,0.4,0.8,0.2,0.6,0.1,0.7,2.1,3.1,1.7,0.0,2.2,0.4,3.4,0.6,0.9,0.6,3.2,0.7,0.3,1.6,0.1,0.6,0.6,0.6,0.5,0.3,0.3,0.3,0.2,0.1
2017-05-31 05:04:00+02:00,0.3,0.3,0.0,0.8,3.2,2.3,1.8,0.5,0.0,0.8,0.6,2.5,0.4,0.8,0.2,0.6,0.1,0.7,2.1,3.1,1.7,0.0,2.2,0.4,3.5,0.7,0.9,0.6,3.3,0.7,0.3,1.6,0.1,0.7,0.7,0.6,0.5,0.3,0.2,0.3,0.2,0.1
2017-05-31 05:05:00+02:00,0.2,0.3,0.0,0.8,3.3,2.3,1.9,0.5,0.0,0.7,0.6,2.5,0.4,0.8,0.2,0.6,0.1,0.7,2.1,3.2,1.7,0.1,2.2,0.3,3.5,0.7,0.9,0.5,3.4,0.7,0.4,1.6,0.1,0.7,0.7,0.6,0.5,0.3,0.2,0.3,0.2,0.1
2017-05-31 05:06:00+02:00,0.2,0.4,0.0,0.9,3.4,2.5,2.0,0.5,0.0,0.7,0.6,2.6,0.4,0.8,0.2,0.6,0.1,0.7,2.2,3.3,1.8,0.1,2.4,0.3,3.6,0.7,1.0,0.5,3.5,0.7,0.4,1.8,0.2,0.7,0.7,0.6,0.6,0.3,0.2,0.3,0.2,0.1
2017-05-31 05:07:00+02:00,0.2,0.5,0.0,1.0,3.4,2.5,2.1,0.5,0.0,0.7,0.6,2.7,0.4,0.8,0.2,0.6,0.1,0.7,2.3,3.3,1.9,0.1,2.4,0.3,3.7,0.7,1.1,0.5,3.5,0.7,0.4,1.8,0.2,0.7,0.7,0.6,0.6,0.3,0.3,0.3,0.2,0.1
2017-05-31 05:08:00+02:00,0.2,0.5,0.0,1.0,3.4,2.5,2.1,0.5,0.0,0.7,0.6,2.6,0.4,0.8,0.2,0.5,0.1,0.7,2.3,3.3,1.9,0.1,2.4,0.3,3.6,0.6,1.1,0.5,3.5,0.7,0.4,1.8,0.2,0.6,0.6,0.5,0.5,0.2,0.2,0.3,0.2,0.1
2017-05-31 05:09:00+02:00,0.2,0.5,0.0,1.0,3.3,2.5,2.0,0.5,0.0,0.7,0.5,2.6,0.4,0.8,0.2,0.5,0.1,0.7,2.3,3.2,2.0,0.1,2.4,0.3,3.6,0.6,1.1,0.5,3.4,0.7,0.3,1.9,0.2,0.6,0.6,0.5,0.5,0.2,0.2,0.3,0.2,0.1
2017-05-31 05:10:00+02:00,0.1,0.4,0.0,0.9,3.3,2.5,2.0,0.6,0.0,0.6,0.5,2.6,0.4,0.9,0.2,0.4,0.1,0.8,2.2,3.1,1.9,0.1,2.4,0.2,3.6,0.6,1.0,0.4,3.4,0.7,0.3,1.9,0.2,0.6,0.6,0.6,0.5,0.2,0.2,0.3,0.3,0.1
2017-05-31 05:11:00+02:00,0.1,0.4,0.0,0.9,3.2,2.4,2.0,0.6,0.0,0.6,0.5,2.5,0.5,0.9,0.2,0.4,0.1,0.8,2.2,3.1,1.9,0.1,2.3,0.2,3.5,0.6,1.0,0.4,3.4,0.7,0.3,1.9,0.2,0.6,0.6,0.5,0.5,0.2,0.2,0.3,0.3,0.1
2017-05-31 05:12:00+02:00,0.1,0.4,0.0,0.9,3.3,2.5,2.1,0.6,0.0,0.6,0.5,2.6,0.5,0.9,0.2,0.5,0.1,0.8,2.3,3.2,2.0,0.1,2.4,0.2,3.7,0.6,1.0,0.4,3.5,0.8,0.3,1.9,0.2,0.6,0.6,0.5,0.5,0.2,0.2,0.3,0.3,0.1
2017-05-31 05:13:00+02:00,0.1,0.4,0.0,0.9,3.4,2.6,2.1,0.6,0.0,0.6,0.5,2.6,0.5,1.0,0.2,0.5,0.1,0.9,2.3,3.3,2.0,0.1,2.5,0.2,3.8,0.7,1.0,0.4,3.6,0.9,0.4,2.0,0.2,0.6,0.5,0.5,0.5,0.2,0.2,0.3,0.2,0.1
2017-05-31 05:14:00+02:00,0.1,0.4,0.0,1.0,3.3,2.5,2.0,0.6,0.0,0.6,0.5,2.6,0.5,0.8,0.2,0.5,0.1,0.7,2.3,3.2,1.9,0.1,2.4,0.2,3.7,0.6,1.1,0.4,3.6,0.7,0.3,1.9,0.2,0.5,0.5,0.5,0.4,0.2,0.2,0.2,0.2,0.1
2017-05-31 05:15:00+02:00,0.1,0.4,0.0,1.1,3.4,2.5,2.0,0.6,0.0,0.6,0.5,2.6,0.4,0.8,0.2,0.5,0.1,0.6,2.3,3.3,1.9,0.1,2.4,0.2,3.8,0.6,1.2,0.4,3.7,0.6,0.3,1.9,0.2,0.5,0.5,0.5,0.5,0.2,0.2,0.2,0.2,0.1
2017-05-31 05:16:00+02:00,0.1,0.3,0.0,1.0,3.4,2.5,2.0,0.6,0.0,0.7,0.5,2.6,0.4,0.8,0.2,0.5,0.0,0.7,2.2,3.2,1.9,0.1,2.4,0.2,3.7,0.6,1.1,0.4,3.6,0.6,0.3,1.9,0.2,0.6,0.5,0.5,0.5,0.2,0.2,0.3,0.2,0.1
2017-05-31 05:17:00+02:00,0.1,0.3,0.0,0.8,3.0,2.2,1.7,0.6,0.0,0.7,0.5,2.3,0.4,0.8,0.2,0.5,0.0,0.7,1.9,2.8,1.6,0.1,2.1,0.2,3.3,0.5,0.8,0.4,3.1,0.7,0.3,1.6,0.2,0.6,0.6,0.5,0.5,0.2,0.2,0.3,0.3,0.2
2017-05-31 05:18:00+02:00,0.1,0.4,0.0,0.7,2.9,2.1,1.7,0.6,0.0,0.6,0.5,2.2,0.4,0.8,0.2,0.5,0.0,0.7,1.9,2.8,1.5,0.1,2.0,0.2,3.2,0.5,0.8,0.4,3.0,0.7,0.3,1.5,0.2,0.6,0.6,0.6,0.5,0.2,0.2,0.3,0.3,0.2
2017-05-31 05:19:00+02:00,0.1,0.4,0.0,0.7,2.9,2.1,1.7,0.6,0.0,0.6,0.4,2.2,0.4,0.8,0.2,0.5,0.0,0.7,1.9,2.8,1.6,0.1,2.0,0.2,3.2,0.5,0.8,0.4,3.0,0.7,0.3,1.6,0.3,0.9,0.9,0.9,0.5,0.2,0.2,0.3,0.3,0.2
2017-05-31 05:20:00+02:00,0.2,0.5,0.0,0.9,3.4,2.4,2.0,0.6,0.0,0.6,0.6,2.6,0.4,0.8,0.2,0.4,0.0,0.7,2.1,3.3,1.8,0.1,2.3,0.2,3.6,0.7,1.1,0.3,3.5,0.7,0.4,1.8,0.3,1.0,1.0,0.9,0.5,0.2,0.2,0.3,0.3,0.2
2017-05-31 05:21:00+02:00,0.1,0.6,0.0,1.0,3.5,2.6,2.1,0.6,0.0,0.6,0.6,2.7,0.4,0.9,0.3,0.4,0.0,0.8,2.3,3.4,2.0,0.2,2.5,0.2,3.8,0.7,1.1,0.3,3.6,0.7,0.4,2.0,0.1,1.0,1.0,1.0,0.5,0.2,0.2,0.3,0.3,0.2
2017-05-31 05:22:00+02:00,0.1,0.2,0.0,0.6,3.1,2.1,1.6,0.6,0.0,0.6,0.6,2.2,0.3,0.8,0.3,0.4,0.0,0.7,1.8,2.9,1.5,0.2,2.0,0.2,3.3,0.7,0.7,0.3,3.2,0.7,0.4,1.5,0.1,1.3,1.2,1.2,0.6,0.2,0.2,0.4,0.3,0.2
2017-05-31 05:23:00+02:00,0.1,0.2,0.0,0.6,3.0,2.0,1.6,0.5,0.0,0.6,0.6,2.2,0.3,0.7,0.3,0.4,0.0,0.6,1.8,2.8,1.5,0.2,1.9,0.2,3.2,0.6,0.7,0.3,3.1,0.6,0.4,1.5,0.1,1.3,1.3,1.3,0.5,0.2,0.2,0.3,0.3,0.2
2017-05-31 05:24:00+02:00,0.1,0.2,0.0,0.6,2.9,2.0,1.5,0.5,0.0,0.6,0.5,2.1,0.3,0.7,0.3,0.4,0.0,0.6,1.7,2.7,1.4,0.2,1.9,0.2,3.1,0.6,0.7,0.3,3.0,0.6,0.4,1.4,0.1,0.9,0.9,0.9,0.5,0.2,0.2,0.3,0.2,0.1
2017-05-31 05:25:00+02:00,0.1,0.2,0.0,0.6,2.8,1.9,1.4,0.5,0.0,0.6,0.5,2.0,0.3,0.7,0.3,0.4,0.0,0.6,1.6,2.6,1.4,0.2,1.8,0.1,3.0,0.6,0.7,0.3,2.9,0.6,0.4,1.4,0.1,0.9,0.8,0.8,0.5,0.2,0.2,0.3,0.2,0.1
2017-05-31 05:26:00+02:00,0.1,0.3,0.0,0.6,2.8,1.9,1.5,0.5,0.0,0.6,0.5,2.0,0.3,0.7,0.3,0.4,0.1,0.7,1.7,2.6,1.4,0.1,1.8,0.1,3.0,0.7,0.7,0.3,2.9,0.6,0.4,1.4,0.1,0.9,0.8,0.8,0.5,0.2,0.2,0.3,0.2,0.1
2017-05-31 05:27:00+02:00,0.1,0.3,0.0,0.6,2.8,2.0,1.6,0.6,0.0,0.6,0.5,2.1,0.4,0.8,0.3,0.3,0.1,0.7,1.7,2.7,1.5,0.1,1.9,0.1,3.1,0.6,0.7,0.3,2.9,0.7,0.4,1.5,0.2,0.9,0.8,0.8,0.5,0.2,0.2,0.3,0.2,0.1
2017-05-31 05:28:00+02:00,0.2,0.3,0.0,0.6,2.8,2.1,1.6,0.6,0.0,0.7,0.5,2.1,0.4,0.8,0.3,0.4,0.1,0.8,1.8,2.7,1.6,0.1,1.9,0.2,3.1,0.6,0.7,0.4,2.9,0.7,0.3,1.5,0.2,0.9,0.8,0.8,0.5,0.2,0.2,0.3,0.2,0.1
2017-05-31 05:29:00+02:00,0.2,0.2,0.0,0.5,2.3,1.7,1.3,0.6,0.0,0.5,0.3,1.8,0.4,0.8,0.3,0.4,0.1,0.7,1.5,2.2,1.4,0.1,1.7,0.2,2.4,0.4,0.6,0.4,2.4,0.7,0.3,1.3,0.2,0.6,0.5,0.5,0.2,0.1,0.1,0.1,0.2,0.1
2017-05-31 05:30:00+02:00,0.2,0.3,0.0,0.6,2.3,1.8,1.4,0.6,0.0,0.5,0.3,1.9,0.4,0.8,0.3,0.4,0.1,0.7,1.6,2.3,1.4,0.1,1.7,0.2,2.4,0.4,0.6,0.4,2.4,0.7,0.3,1.4,0.2,0.6,0.6,0.6,0.2,0.1,0.1,0.2,0.2,0.1
2017-05-31 05:31:00+02:00,0.2,0.2,0.0,0.6,2.2,1.7,1.3,0.7,0.0,0.4,0.3,1.8,0.5,0.8,0.2,0.4,0.1,0.8,1.5,2.1,1.4,0.1,1.6,0.2,2.2,0.4,0.6,0.4,2.3,0.8,0.2,1.4,0.2,0.5,0.5,0.5,0.1,0.1,0.1,0.1,0.1,0.1
2017-05-31 05:32:00+02:00,0.2,0.2,0.0,0.6,2.2,1.7,1.3,0.7,0.0,0.4,0.3,1.7,0.5,0.8,0.2,0.3,0.1,0.8,1.5,2.1,1.4,0.1,1.6,0.2,2.2,0.4,0.6,0.4,2.2,0.8,0.2,1.4,0.2,0.4,0.4,0.4,0.1,0.1,0.1,0.1,0.2,0.1
2017-05-31 05:33:00+02:00,0.2,0.3,0.0,0.6,2.1,1.6,1.3,0.7,0.1,0.4,0.4,1.7,0.5,0.8,0.2,0.4,0.1,0.8,1.4,2.1,1.4,0.1,1.5,0.2,2.1,0.4,0.6,0.4,2.2,0.8,0.2,1.3,0.2,0.5,0.5,0.5,0.1,0.1,0.1,0.1,0.2,0.1
2017-05-31 05:34:00+02:00,0.1,0.3,0.0,0.4,2.0,1.5,1.1,0.7,0.1,0.4,0.4,1.6,0.6,0.8,0.2,0.4,0.1,0.8,1.3,1.9,1.1,0.1,1.4,0.1,2.0,0.4,0.3,0.3,2.0,0.8,0.3,1.1,0.2,0.5,0.5,0.5,0.1,0.1,0.1,0.1,0.1,0.1
2017-05-31 05:35:00+02:00,0.1,0.2,0.0,0.5,2.3,1.9,1.2,0.7,0.1,0.4,0.4,1.9,0.6,0.7,0.2,0.4,0.1,0.7,1.6,2.3,1.2,0.1,1.7,0.1,2.3,0.4,0.5,0.2,2.4,0.8,0.2,1.2,0.2,0.6,0.6,0.5,0.1,0.1,0.1,0.2,0.2,0.1
2017-05-31 05:36:00+02:00,0.1,0.1,0.0,0.2,1.9,1.3,1.0,0.7,0.1,0.3,0.4,1.4,0.6,0.8,0.3,0.3,0.1,0.8,1.1,1.8,1.0,0.1,1.2,0.1,1.8,0.4,0.3,0.3,1.9,0.8,0.3,1.0,0.1,0.8,0.7,0.7,0.2,0.1,0.1,0.2,0.2,0.1
2017-05-31 05:37:00+02:00,0.1,0.1,0.0,0.3,1.8,1.4,1.1,0.7,0.1,0.2,0.3,1.4,0.5,0.8,0.2,0.2,0.1,0.8,1.1,1.7,1.1,0.1,1.3,0.1,1.8,0.3,0.3,0.2,1.8,0.8,0.3,1.1,0.1,0.9,0.9,0.8,0.3,0.2,0.1,0.2,0.1,0.1
2017-05-31 05:38:00+02:00,0.1,0.1,0.0,0.3,2.0,1.5,1.1,0.6,0.1,0.3,0.3,1.6,0.5,0.9,0.3,0.3,0.1,0.8,1.2,1.9,1.2,0.1,1.4,0.1,2.0,0.3,0.3,0.3,2.0,0.8,0.3,1.2,0.1,1.0,0.9,0.9,0.3,0.2,0.1,0.2,0.2,0.1
2017-05-31 05:39:00+02:00,0.1,0.2,0.0,0.3,2.4,1.6,1.2,0.6,0.1,0.4,0.4,1.7,0.5,0.8,0.2,0.3,0.1,0.8,1.3,2.4,1.2,0.1,1.5,0.1,2.5,0.7,0.4,0.3,2.5,0.8,0.3,1.2,0.1,1.0,0.9,0.9,0.3,0.1,0.0,0.2,0.2,0.1
2017-05-31 05:40:00+02:00,0.2,0.2,0.0,0.3,2.4,1.6,1.2,0.6,0.1,0.5,0.4,1.8,0.5,0.8,0.3,0.4,0.1,0.7,1.3,2.4,1.1,0.1,1.5,0.2,2.5,0.7,0.4,0.4,2.5,0.7,0.3,1.1,0.1,1.1,1.1,1.0,0.2,0.0,0.0,0.2,0.2,0.1
2017-05-31 05:41:00+02:00,0.2,0.3,0.0,0.4,2.3,1.6,1.2,0.6,0.1,0.4,0.4,1.7,0.5,0.8,0.3,0.3,0.1,0.7,1.3,2.3,1.2,0.1,1.5,0.2,2.4,0.6,0.4,0.4,2.4,0.7,0.3,1.1,0.2,1.5,1.5,1.4,0.1,0.1,0.0,0.2,0.2,0.1
2017-05-31 05:42:00+02:00,0.1,0.2,0.1,0.4,2.4,1.6,1.2,0.6,0.1,0.3,0.4,1.7,0.5,0.8,0.3,0.3,0.1,0.7,1.3,2.4,1.2,0.1,1.5,0.2,2.4,0.6,0.4,0.3,2.5,0.7,0.3,1.2,0.2,1.0,1.0,0.9,0.1,0.1,0.0,0.2,0.1,0.1
2017-05-31 05:43:00+02:00,0.2,0.2,0.1,0.3,2.4,1.6,1.3,0.6,0.1,0.4,0.4,1.8,0.5,0.8,0.3,0.4,0.1,0.7,1.3,2.3,1.3,0.2,1.5,0.2,2.4,0.6,0.3,0.4,2.4,0.7,0.3,1.2,0.2,0.8,0.7,0.7,0.2,0.1,0.0,0.2,0.2,0.1
2017-05-31 05:44:00+02:00,0.2,0.2,0.1,0.3,2.3,1.6,1.3,0.6,0.1,0.5,0.4,1.7,0.5,0.9,0.3,0.4,0.1,0.8,1.3,2.3,1.3,0.2,1.5,0.2,2.3,0.6,0.3,0.4,2.4,0.7,0.3,1.2,0.2,0.8,0.8,0.7,0.2,0.0,0.0,0.2,0.2,0.1
2017-05-31 05:45:00+02:00,0.2,0.2,0.1,0.3,2.5,1.8,1.2,0.6,0.1,0.5,0.4,1.9,0.5,0.8,0.3,0.5,0.1,0.7,1.6,2.5,1.2,0.2,1.8,0.3,2.6,0.6,0.3,0.4,2.6,0.6,0.3,1.1,0.2,0.9,0.8,0.8,0.2,0.0,0.0,0.2,0.2,0.2
2017-05-31 05:46:00+02:00,0.2,0.1,0.1,0.3,2.2,1.6,0.9,0.5,0.1,0.4,0.3,1.7,0.4,0.6,0.3,0.4,0.1,0.5,1.4,2.2,0.9,0.2,1.6,0.3,2.2,0.5,0.2,0.4,2.3,0.6,0.3,0.9,0.2,0.8,0.8,0.7,0.1,0.1,0.0,0.2,0.2,0.2
2017-05-31 05:47:00+02:00,0.2,0.2,0.1,0.3,1.6,1.2,0.7,0.4,0.1,0.2,0.2,1.3,0.3,0.5,0.2,0.3,0.1,0.4,1.0,1.6,0.7,0.1,1.2,0.2,1.5,0.3,0.2,0.4,1.7,0.5,0.2,0.7,0.2,0.5,0.5,0.5,0.1,0.1,0.1,0.1,0.1,0.1
2017-05-31 05:48:00+02:00,0.1,0.2,0.1,0.2,0.8,0.6,0.4,0.4,0.0,0.1,0.1,0.7,0.3,0.4,0.2,0.2,0.1,0.3,0.5,0.8,0.5,0.1,0.6,0.2,0.6,0.1,0.1,0.2,0.8,0.4,0.1,0.5,0.1,0.3,0.4,0.4,0.3,0.2,0.1,0.1,0.1,0.1
2017-05-31 05:49:00+02:00,0.1,0.1,0.1,0.2,0.5,0.4,0.2,0.4,0.0,0.2,0.1,0.5,0.4,0.4,0.1,0.1,0.0,0.3,0.3,0.6,0.3,0.1,0.4,0.1,0.3,0.1,0.1,0.2,0.6,0.4,0.0,0.4,0.1,0.2,0.2,0.2,0.4,0.2,0.1,0.2,0.1,0.1
2017-05-31 05:50:00+02:00,0.1,0.1,0.1,0.2,0.6,0.5,0.3,0.5,0.0,0.2,0.1,0.6,0.4,0.4,0.1,0.1,0.1,0.3,0.3,0.6,0.4,0.1,0.5,0.1,0.5,0.1,0.1,0.2,0.6,0.5,0.0,0.4,0.1,0.4,0.3,0.3,0.5,0.3,0.1,0.2,0.1,0.1
2017-05-31 05:51:00+02:00,0.1,0.1,0.1,0.2,0.4,0.5,0.2,0.3,0.0,0.2,0.1,0.5,0.3,0.2,0.1,0.1,0.1,0.2,0.3,0.5,0.2,0.1,0.4,0.1,0.4,0.2,0.2,0.2,0.5,0.4,0.1,0.2,0.1,0.4,0.4,0.3,0.5,0.3,0.1,0.2,0.1,0.1
2017-05-31 05:52:00+02:00,0.1,0.1,0.1,0.2,0.4,0.5,0.2,0.3,0.0,0.4,0.1,0.5,0.3,0.2,0.1,0.1,0.1,0.2,0.3,0.5,0.2,0.0,0.4,0.1,0.5,0.2,0.2,0.2,0.5,0.3,0.1,0.3,0.1,0.4,0.4,0.4,0.5,0.4,0.2,0.2,0.1,0.1
2017-05-31 05:53:00+02:00,0.1,0.1,0.1,0.2,0.5,0.5,0.2,0.3,0.0,0.3,0.0,0.5,0.3,0.1,0.1,0.1,0.1,0.2,0.3,0.5,0.2,0.0,0.4,0.1,0.4,0.1,0.2,0.2,0.5,0.3,0.0,0.3,0.1,0.3,0.3,0.3,0.3,0.3,0.1,0.1,0.1,0.1
2017-05-31 05:54:00+02:00,0.1,0.1,0.1,0.2,0.8,0.6,0.2,0.3,0.0,0.2,0.0,0.7,0.3,0.2,0.1,0.2,0.1,0.2,0.3,0.9,0.3,0.0,0.5,0.1,0.7,0.3,0.2,0.3,0.9,0.3,0.0,0.3,0.1,0.2,0.2,0.3,0.2,0.3,0.1,0.1,0.1,0.2
2017-05-31 05:55:00+02:00,0.0,0.1,0.1,0.2,0.8,0.5,0.2,0.3,0.0,0.1,0.0,0.6,0.3,0.2,0.1,0.0,0.1,0.2,0.3,0.8,0.2,0.0,0.5,0.0,0.7,0.3,0.1,0.2,0.9,0.3,0.0,0.3,0.1,0.0,0.1,0.1,0.1,0.3,0.1,0.2,0.2,0.2
2017-05-31 05:56:00+02:00,0.0,0.1,0.0,0.2,0.8,0.5,0.1,0.3,0.0,0.1,0.1,0.6,0.2,0.2,0.1,0.1,0.0,0.2,0.2,0.7,0.2,0.0,0.4,0.0,0.6,0.2,0.1,0.2,0.8,0.3,0.1,0.2,0.1,0.2,0.2,0.2,0.1,0.2,0.1,0.2,0.1,0.2
2017-05-31 05:57:00+02:00,0.0,0.1,0.0,0.1,0.6,0.4,0.1,0.3,0.0,0.1,0.1,0.5,0.2,0.1,0.1,0.0,0.1,0.1,0.1,0.6,0.0,0.0,0.3,0.0,0.4,0.1,0.1,0.2,0.6,0.3,0.1,0.0,0.1,0.2,0.1,0.2,0.1,0.3,0.1,0.2,0.2,0.2
2017-05-31 05:58:00+02:00,0.0,0.1,0.0,0.1,0.4,0.3,0.2,0.2,0.0,0.2,0.1,0.4,0.2,0.1,0.1,0.0,0.1,0.1,0.1,0.4,0.1,0.0,0.2,0.0,0.2,0.1,0.2,0.2,0.5,0.3,0.1,0.1,0.1,0.2,0.2,0.2,0.3,0.3,0.2,0.1,0.1,0.2
2017-05-31 05:59:00+02:00,0.0,0.1,0.0,0.1,0.5,0.4,0.4,0.2,0.0,0.3,0.1,0.4,0.2,0.1,0.0,0.1,0.1,0.1,0.2,0.4,0.2,0.1,0.1,0.0,0.2,0.1,0.3,0.1,0.5,0.3,0.1,0.2,0.1,0.4,0.4,0.4,0.5,0.3,0.2,0.2,0.1,0.1
2017-05-31 06:00:00+02:00,0.0,0.1,0.0,0.2,0.1,0.2,0.5,0.2,0.0,0.4,0.2,0.2,0.2,0.1,0.0,0.1,0.1,0.1,0.4,0.1,0.3,0.1,0.3,0.0,0.3,0.1,0.4,0.1,0.1,0.2,0.1,0.3,0.1,0.6,0.6,0.5,0.6,0.4,0.2,0.2,0.1,0.1
2017-05-31 06:01:00+02:00,0.0,0.1,0.0,0.1,0.1,0.2,0.5,0.2,0.0,0.4,0.1,0.2,0.2,0.1,0.0,0.1,0.1,0.1,0.4,0.1,0.3,0.1,0.3,0.0,0.3,0.1,0.3,0.1,0.1,0.2,0.1,0.3,0.1,0.6,0.6,0.6,0.6,0.4,0.2,0.2,0.1,0.0
2017-05-31 06:02:00+02:00,0.0,0.1,0.0,0.1,0.3,0.3,0.2,0.2,0.0,0.4,0.1,0.4,0.2,0.1,0.0,0.1,0.1,0.1,0.2,0.3,0.1,0.1,0.2,0.0,0.0,0.1,0.2,0.1,0.4,0.3,0.1,0.1,0.1,0.5,0.5,0.5,0.5,0.3,0.2,0.2,0.1,0.0
2017-05-31 06:03:00+02:00,0.0,0.1,0.0,0.1,0.5,0.3,0.1,0.2,0.0,0.3,0.0,0.4,0.2,0.1,0.0,0.1,0.1,0.1,0.1,0.5,0.1,0.1,0.1,0.0,0.2,0.1,0.1,0.1,0.5,0.3,0.0,0.1,0.0,0.4,0.4,0.4,0.4,0.3,0.1,0.1,0.1,0.0
2017-05-31 06:04:00+02:00,0.0,0.2,0.0,0.2,0.9,0.6,0.2,0.2,0.0,0.3,0.1,0.7,0.2,0.1,0.1,0.5,0.1,0.1,0.2,0.9,0.3,0.0,0.3,0.0,0.7,0.2,0.1,0.7,0.9,0.3,0.1,0.2,0.1,0.3,0.3,0.3,0.4,0.3,0.1,0.1,0.0,0.1
2017-05-31 06:05:00+02:00,0.1,0.3,0.0,0.4,1.6,1.1,0.7,0.3,0.1,0.1,0.2,1.2,0.2,0.3,0.1,0.2,0.1,0.3,0.7,1.6,0.7,0.0,0.8,0.1,1.5,0.4,0.4,0.3,1.7,0.4,0.2,0.6,0.2,0.1,0.1,0.1,0.2,0.2,0.1,0.0,0.0,0.1
2017-05-31 06:06:00+02:00,0.1,0.3,0.0,0.4,2.2,1.4,1.1,0.5,0.1,0.3,0.4,1.5,0.4,0.6,0.2,0.3,0.1,0.6,1.2,2.2,1.1,0.1,1.2,0.2,2.2,0.6,0.4,0.3,2.3,0.6,0.3,1.0,0.2,0.3,0.3,0.2,0.1,0.1,0.1,0.1,0.1,0.1
2017-05-31 06:07:00+02:00,0.1,0.3,0.0,0.4,2.7,1.9,1.5,0.8,0.1,0.4,0.4,2.0,0.7,0.9,0.2,0.4,0.1,0.9,1.6,2.7,1.5,0.1,1.7,0.2,2.8,0.7,0.5,0.4,2.8,0.9,0.3,1.4,0.2,0.5,0.4,0.4,0.2,0.1,0.1,0.2,0.1,0.1
2017-05-31 06:08:00+02:00,0.1,0.2,0.0,0.4,2.2,1.5,1.0,0.4,0.1,0.4,0.3,1.6,0.3,0.5,0.2,0.3,0.1,0.5,1.2,2.2,1.0,0.1,1.3,0.2,2.2,0.6,0.4,0.4,2.3,0.5,0.3,0.9,0.2,0.4,0.4,0.4,0.2,0.1,0.1,0.2,0.2,0.1
2017-05-31 06:09:00+02:00,0.1,0.2,0.0,0.3,1.8,1.5,0.7,0.4,0.1,0.3,0.2,1.6,0.3,0.4,0.1,0.3,0.1,0.4,1.2,1.8,0.7,0.0,1.3,0.2,1.7,0.2,0.3,0.3,1.9,0.4,0.2,0.7,0.2,1.6,1.6,1.6,0.1,0.1,0.0,0.1,0.2,0.1
2017-05-31 06:10:00+02:00,0.1,0.0,0.0,0.1,1.0,0.9,0.2,0.3,0.0,0.2,0.0,1.0,0.2,0.3,0.1,0.1,0.1,0.3,0.7,1.0,0.3,0.0,0.8,0.1,0.9,0.1,0.1,0.1,1.1,0.4,0.1,0.3,0.1,0.3,0.3,0.3,0.3,0.1,0.1,0.3,0.3,0.1
2017-05-31 06:11:00+02:00,0.1,0.1,0.0,0.2,0.4,0.4,0.2,0.3,0.2,0.3,0.0,0.5,0.3,0.3,0.1,0.1,0.1,0.3,0.2,0.4,0.3,0.0,0.3,0.0,0.7,0.1,0.1,0.1,0.5,0.4,0.1,0.3,0.2,0.3,0.3,0.3,0.3,0.1,0.0,0.3,0.3,0.1
2017-05-31 06:12:00+02:00,0.0,0.1,0.0,0.2,0.3,0.3,0.2,0.3,0.1,0.1,0.1,0.4,0.2,0.3,0.1,0.1,0.1,0.3,0.1,0.3,0.3,0.0,0.2,0.1,0.5,0.1,0.1,0.3,0.3,0.4,0.0,0.3,0.2,0.3,0.3,0.3,0.3,0.2,0.0,0.2,0.3,0.1
2017-05-31 06:13:00+02:00,0.1,0.0,0.0,0.1,0.2,0.4,0.3,0.4,0.1,0.2,0.1,0.4,0.3,0.4,0.0,0.1,0.1,0.3,0.2,0.2,0.4,0.1,0.3,0.1,0.3,0.2,0.0,0.3,0.2,0.4,0.1,0.4,0.1,0.3,0.3,0.4,0.4,0.3,0.1,0.3,0.3,0.1
2017-05-31 06:14:00+02:00,0.1,0.1,0.0,0.1,0.5,0.7,0.3,0.4,0.1,0.2,0.2,0.7,0.4,0.5,0.1,0.2,0.1,0.4,0.4,0.4,0.4,0.1,0.5,0.1,0.6,0.3,0.0,0.3,0.5,0.5,0.1,0.4,0.2,0.3,0.3,0.4,0.4,0.2,0.1,0.3,0.3,0.1
2017-05-31 06:15:00+02:00,0.1,0.1,0.0,0.2,1.1,1.0,0.6,0.5,0.1,0.2,0.1,1.1,0.4,0.6,0.1,0.1,0.1,0.5,0.7,1.0,0.7,0.1,0.8,0.1,1.4,0.2,0.2,0.2,1.1,0.5,0.1,0.7,0.2,0.3,0.2,0.2,0.2,0.1,0.1,0.3,0.3,0.1
2017-05-31 06:16:00+02:00,0.0,0.2,0.0,0.3,1.0,0.9,0.6,0.5,0.2,0.1,0.1,1.0,0.3,0.5,0.1,0.1,0.1,0.4,0.6,0.9,0.7,0.1,0.7,0.1,1.3,0.2,0.2,0.2,1.0,0.5,0.1,0.7,0.2,0.3,0.2,0.2,0.2,0.1,0.0,0.2,0.3,0.1
2017-05-31 06:17:00+02:00,0.1,0.1,0.0,0.2,0.6,0.5,0.3,0.4,0.0,0.1,0.1,0.6,0.3,0.4,0.0,0.2,0.1,0.3,0.3,0.5,0.4,0.1,0.4,0.1,0.8,0.2,0.2,0.3,0.6,0.5,0.1,0.4,0.1,0.2,0.2,0.2,0.2,0.1,0.1,0.2,0.2,0.0
2017-05-31 06:18:00+02:00,0.2,0.2,0.1,0.2,0.4,0.2,0.4,0.3,0.1,0.4,0.3,0.1,0.2,0.2,0.1,0.1,0.0,0.2,0.4,0.5,0.2,0.1,0.4,0.1,0.4,0.4,0.4,0.2,0.5,0.4,0.2,0.1,0.1,0.6,0.5,0.5,0.5,0.3,0.1,0.3,0.3,0.0
2017-05-31 06:19:00+02:00,0.2,0.2,0.1,0.3,1.2,0.7,0.9,0.2,0.1,0.6,0.4,0.7,0.2,0.3,0.1,0.2,0.0,0.2,0.9,1.3,0.6,0.2,0.9,0.1,1.3,0.6,0.6,0.2,1.2,0.3,0.4,0.5,0.2,1.1,1.1,1.0,0.9,0.4,0.2,0.5,0.3,0.0
2017-05-31 06:20:00+02:00,0.2,0.3,0.1,0.4,1.9,1.2,1.3,0.2,0.1,0.8,0.5,1.2,0.1,0.3,0.2,0.2,0.1,0.2,1.4,1.9,1.0,0.2,1.4,0.1,2.1,0.8,0.7,0.2,2.0,0.2,0.4,0.9,0.2,1.4,1.3,1.2,1.0,0.5,0.2,0.6,0.3,0.0
2017-05-31 06:21:00+02:00,0.3,0.4,0.1,0.5,2.7,1.7,1.7,0.2,0.1,1.1,0.7,1.8,0.1,0.3,0.3,0.4,0.1,0.2,1.8,2.7,1.3,0.2,1.8,0.2,3.1,1.0,0.9,0.2,2.8,0.2,0.6,1.2,0.2,1.7,1.6,1.5,1.3,0.6,0.3,0.7,0.4,0.1
2017-05-31 06:22:00+02:00,0.4,0.5,0.1,0.7,3.7,2.3,2.3,0.1,0.1,1.4,0.9,2.4,0.0,0.6,0.3,0.6,0.1,0.4,2.4,3.7,1.8,0.3,2.5,0.3,4.1,1.3,1.2,0.2,3.8,0.0,0.7,1.7,0.2,2.1,2.0,1.9,1.6,0.8,0.4,0.9,0.5,0.1
2017-05-31 06:23:00+02:00,0.3,0.6,0.1,0.8,3.7,2.6,2.5,0.0,0.2,1.4,0.8,2.7,0.0,0.7,0.6,0.6,0.1,0.6,2.7,3.7,2.1,0.3,2.8,0.2,4.2,1.1,1.3,0.2,3.7,0.2,0.6,2.0,0.2,2.2,2.2,2.0,1.7,0.8,0.4,0.9,0.5,0.1
2017-05-31 06:24:00+02:00,0.3,0.5,0.1,0.6,3.0,2.0,2.0,0.1,0.1,1.1,0.8,2.0,0.1,0.6,0.3,0.4,0.1,0.4,2.2,3.1,1.6,0.2,2.2,0.2,3.4,1.1,1.0,0.2,3.1,0.1,0.6,1.6,0.2,1.7,1.6,1.5,1.3,0.7,0.3,0.6,0.2,0.1
2017-05-31 06:25:00+02:00,0.2,0.4,0.1,0.5,2.2,1.4,1.5,0.2,0.1,1.1,0.6,1.4,0.2,0.3,0.2,0.4,0.0,0.2,1.6,2.3,1.2,0.2,1.6,0.2,2.4,0.9,0.9,0.1,2.2,0.1,0.5,1.2,0.1,1.2,1.2,1.1,0.9,0.5,0.2,0.4,0.0,0.1
2017-05-31 06:26:00+02:00,0.2,0.3,0.1,0.4,1.8,1.0,1.2,0.2,0.1,1.0,0.6,1.1,0.2,0.2,0.2,0.4,0.1,0.1,1.3,1.8,0.9,0.2,1.3,0.2,2.3,0.8,0.7,0.1,1.8,0.1,0.4,0.9,0.1,1.0,0.9,0.9,0.7,0.4,0.2,0.3,0.0,0.1
2017-05-31 06:27:00+02:00,0.1,0.2,0.1,0.3,1.3,0.6,0.7,0.3,0.1,0.8,0.5,0.6,0.2,0.1,0.2,0.3,0.1,0.1,0.8,1.3,0.5,0.2,0.8,0.1,1.7,0.7,0.5,0.1,1.3,0.2,0.3,0.5,0.1,0.8,0.7,0.7,0.6,0.4,0.2,0.2,0.1,0.1
2017-05-31 06:28:00+02:00,0.1,0.1,0.1,0.2,1.4,0.6,0.8,0.3,0.1,0.8,0.6,0.7,0.2,0.1,0.2,0.3,0.1,0.1,0.8,1.4,0.5,0.2,0.8,0.1,1.7,0.7,0.5,0.1,1.3,0.2,0.4,0.5,0.1,0.8,0.7,0.6,0.5,0.4,0.2,0.2,0.1,0.1
2017-05-31 06:29:00+02:00,0.2,0.1,0.1,0.2,2.1,1.2,1.1,0.2,0.1,1.0,0.6,1.2,0.1,0.2,0.2,0.4,0.0,0.1,1.2,2.1,0.8,0.2,1.2,0.2,2.5,0.9,0.5,0.1,2.0,0.1,0.4,0.7,0.0,1.1,1.0,0.9,0.8,0.5,0.2,0.3,0.0,0.1
2017-05-31 06:30:00+02:00,0.2,0.1,0.1,0.3,2.9,1.7,1.6,0.1,0.0,1.2,0.8,1.8,0.1,0.4,0.2,0.5,0.0,0.3,1.7,2.9,1.2,0.2,1.8,0.2,3.5,1.1,0.7,0.2,2.8,0.0,0.6,1.1,0.0,1.5,1.4,1.3,1.1,0.6,0.3,0.5,0.1,0.1
2017-05-31 06:31:00+02:00,0.2,0.2,0.1,0.4,3.3,1.9,1.8,0.1,0.0,1.3,0.9,2.0,0.1,0.4,0.2,0.6,0.0,0.3,1.9,3.2,1.4,0.2,2.0,0.3,3.8,1.2,0.8,0.2,3.2,0.0,0.6,1.2,0.0,1.6,1.5,1.3,1.1,0.6,0.3,0.5,0.1,0.1
2017-05-31 06:32:00+02:00,0.3,0.4,0.2,0.6,3.9,2.5,2.3,0.1,0.0,1.5,1.0,2.6,0.1,0.6,0.3,0.8,0.1,0.4,2.5,3.9,1.8,0.3,2.5,0.4,4.5,1.3,1.1,0.3,3.8,0.0,0.7,1.7,0.1,1.8,1.6,1.5,1.2,0.7,0.3,0.6,0.1,0.1
2017-05-31 06:33:00+02:00,0.4,0.7,0.2,1.2,6.3,4.2,3.6,0.2,0.2,2.2,1.5,4.3,0.1,1.1,0.5,1.2,0.1,0.8,4.0,6.2,3.1,0.4,4.1,0.6,7.2,1.9,1.8,0.6,6.3,0.3,1.0,2.8,0.3,2.6,2.4,2.3,1.9,1.0,0.4,0.9,0.3,0.2
2017-05-31 06:34:00+02:00,0.5,1.0,0.3,1.6,8.3,5.4,4.7,0.3,0.3,2.9,2.0,5.6,0.1,1.4,0.7,1.5,0.2,1.1,5.1,8.2,3.9,0.5,5.3,0.8,9.6,2.5,2.3,0.9,8.4,0.5,1.4,3.7,0.4,3.8,3.5,3.3,2.6,1.3,0.6,1.3,0.5,0.2
2017-05-31 06:35:00+02:00,0.5,1.0,0.3,1.5,7.9,5.1,4.4,0.2,0.2,2.8,1.9,5.4,0.1,1.3,0.7,1.5,0.2,1.0,4.8,7.8,3.7,0.5,5.0,0.7,9.2,2.4,2.2,0.8,8.0,0.4,1.3,3.5,0.4,3.7,3.5,3.3,2.6,1.3,0.6,1.3,0.6,0.2
2017-05-31 06:36:00+02:00,0.5,0.9,0.3,1.4,8.4,5.5,4.6,0.4,0.3,2.9,2.0,5.6,0.1,1.5,0.7,1.6,0.2,1.2,5.1,8.2,3.9,0.5,5.3,0.8,9.4,2.6,2.2,0.9,8.2,0.6,1.4,3.7,0.4,3.8,3.6,3.4,2.6,1.4,0.7,1.3,0.6,0.2
2017-05-31 06:37:00+02:00,0.6,1.0,0.3,1.4,8.4,5.5,4.7,0.4,0.3,2.9,2.0,5.7,0.1,1.5,0.7,1.6,0.2,1.3,5.2,8.3,4.0,0.5,5.4,0.8,8.4,2.6,2.2,0.9,7.2,0.6,1.4,3.7,0.4,3.6,3.3,3.1,2.4,1.1,0.7,1.3,0.6,0.2
2017-05-31 06:38:00+02:00,0.6,1.0,0.3,1.5,8.9,5.9,5.0,0.5,0.3,3.1,2.0,6.1,0.2,1.7,0.8,1.7,0.2,1.4,5.5,8.7,4.3,0.6,5.8,0.9,10.3,2.6,2.3,1.0,9.0,0.7,1.5,4.0,0.4,3.8,3.5,3.3,2.5,1.2,0.7,1.3,0.6,0.3
2017-05-31 06:39:00+02:00,0.7,0.8,0.4,1.4,10.4,6.8,5.6,0.6,0.3,3.8,2.5,7.0,0.3,2.1,0.9,2.1,0.2,1.7,6.3,10.3,4.8,0.7,6.6,1.1,12.2,3.2,2.3,1.3,10.5,0.9,1.8,4.4,0.6,4.9,4.6,4.3,3.4,1.6,0.9,1.8,1.0,0.3
2017-05-31 06:40:00+02:00,0.6,0.3,0.3,0.9,9.2,5.9,4.8,0.5,0.3,3.3,2.3,6.1,0.2,1.9,0.8,1.6,0.2,1.5,5.4,9.2,4.0,0.6,5.7,0.7,10.9,3.0,1.8,0.9,9.3,0.8,1.6,3.7,0.5,5.0,4.6,4.4,3.5,1.6,0.8,1.9,1.1,0.3
2017-05-31 06:41:00+02:00,0.5,0.8,0.3,1.4,8.6,5.6,4.8,0.4,0.3,2.7,2.1,5.9,0.2,1.6,0.7,1.3,0.2,1.3,5.3,8.5,4.1,0.6,5.5,0.6,10.1,2.7,2.2,0.7,8.7,0.7,1.5,3.8,0.4,4.3,4.0,3.8,3.0,1.3,0.7,1.7,0.9,0.3
2017-05-31 06:42:00+02:00,0.5,1.0,0.2,1.6,8.4,5.6,4.8,0.4,0.3,2.5,1.9,5.8,0.2,1.5,0.6,1.2,0.3,1.3,5.3,8.3,4.1,0.5,5.5,0.6,9.7,2.5,2.4,0.6,8.5,0.7,1.3,3.9,0.4,4.1,3.8,3.6,2.9,1.2,0.7,1.6,0.9,0.3
2017-05-31 06:43:00+02:00,0.5,1.1,0.3,1.7,8.8,5.9,5.0,0.5,0.3,2.6,2.0,6.1,0.2,1.6,0.7,1.3,0.3,1.3,5.5,8.7,4.3,0.6,5.7,0.6,9.6,2.6,2.4,0.7,8.4,0.7,1.4,4.0,0.5,4.2,3.9,3.7,2.9,1.2,0.7,1.7,0.9,0.3
2017-05-31 06:44:00+02:00,0.5,1.1,0.3,1.8,9.5,6.4,5.3,0.5,0.3,2.7,2.1,6.6,0.3,1.8,0.8,1.3,0.3,1.4,5.9,9.4,4.6,0.6,6.1,0.6,9.8,2.7,2.6,0.7,8.5,0.8,1.5,4.3,0.5,4.4,4.1,3.9,3.1,1.3,0.7,1.8,1.0,0.3
2017-05-31 06:45:00+02:00,0.6,1.3,0.4,2.0,11.0,7.4,6.1,0.7,0.3,3.1,2.4,7.7,0.4,2.1,1.0,1.6,0.3,1.8,6.7,10.8,5.4,0.7,7.0,0.7,11.6,3.1,2.9,0.8,10.1,1.0,1.8,5.0,0.6,5.0,4.6,4.3,3.4,1.5,0.8,2.0,1.1,0.4
2017-05-31 06:46:00+02:00,0.7,1.6,0.4,2.5,13.4,9.0,7.5,0.9,0.4,3.8,2.9,9.4,0.6,2.6,1.1,2.0,0.4,2.2,8.2,13.1,6.6,0.9,8.6,0.8,14.3,3.8,3.5,1.1,12.5,1.3,2.1,6.2,0.7,5.9,5.5,5.1,4.1,1.8,0.9,2.3,1.3,0.4
2017-05-31 06:47:00+02:00,0.8,1.8,0.5,2.8,14.5,9.6,8.2,0.8,0.4,4.3,3.2,10.0,0.4,2.8,1.2,2.2,0.4,2.3,9.0,14.2,7.2,0.9,9.2,1.0,15.7,4.2,4.0,1.2,13.7,1.3,2.3,6.7,0.8,6.5,6.0,5.7,4.6,2.0,1.1,2.6,1.5,0.4
2017-05-31 06:48:00+02:00,0.9,1.9,0.5,3.0,15.6,10.4,8.5,0.8,0.5,4.2,3.4,10.8,0.4,2.8,1.4,2.1,0.4,2.3,9.4,15.3,7.5,1.0,9.9,1.0,16.8,4.4,4.1,1.0,14.8,1.3,2.5,7.0,0.9,6.8,6.3,5.9,4.7,2.0,1.1,2.7,1.5,0.5
2017-05-31 06:49:00+02:00,0.9,2.0,0.5,3.0,16.3,10.8,9.0,1.2,0.5,4.3,3.5,11.3,0.7,3.3,1.4,2.1,0.4,2.7,10.0,15.8,7.9,1.0,10.4,1.0,17.6,4.6,4.2,1.0,15.5,1.7,2.5,7.4,0.9,7.0,6.5,6.1,4.9,2.1,1.1,2.8,1.6,0.5
2017-05-31 06:50:00+02:00,0.9,2.0,0.5,3.0,16.0,10.6,9.0,1.3,0.5,4.3,3.5,11.1,0.8,3.3,1.4,2.1,0.4,2.8,9.9,15.6,8.0,1.0,10.2,1.0,17.3,4.5,4.2,1.0,15.2,1.8,2.5,7.5,0.9,6.7,6.2,6.0,4.8,2.1,1.1,2.7,1.6,0.5
2017-05-31 06:51:00+02:00,0.9,2.0,0.5,3.0,16.2,10.8,9.1,1.3,0.5,4.3,3.5,11.2,0.8,3.4,1.4,2.1,0.4,2.8,10.0,15.8,8.1,1.0,10.3,1.1,17.4,4.6,4.2,1.0,15.4,1.8,2.5,7.6,0.9,6.7,6.2,6.0,4.8,2.1,1.1,2.7,1.6,0.5
2017-05-31 06:52:00+02:00,0.9,2.0,0.5,3.0,16.3,10.8,9.1,1.2,0.5,4.1,3.6,11.2,0.7,3.3,1.4,1.9,0.3,2.8,10.0,15.9,8.1,1.0,10.3,1.1,17.6,4.7,4.2,0.9,15.6,1.7,2.6,7.6,0.9,6.4,5.9,5.7,4.5,1.7,1.1,2.7,1.6,0.5
2017-05-31 06:53:00+02:00,0.9,2.0,0.5,3.1,16.5,10.9,9.1,1.2,0.5,4.5,3.7,11.4,0.7,3.3,1.5,2.3,0.4,2.8,10.1,16.1,8.1,1.0,10.4,1.1,17.9,4.7,4.2,1.2,15.8,1.7,2.6,7.5,1.0,6.7,6.2,5.7,4.6,1.8,1.1,2.8,1.6,0.5
2017-05-31 06:54:00+02:00,0.9,2.1,0.5,3.2,16.4,10.8,8.9,1.2,0.5,4.7,3.8,11.3,0.7,2.9,1.5,2.3,0.3,2.9,9.9,16.0,7.8,1.0,10.3,1.1,17.9,4.7,4.4,1.2,15.6,1.8,2.7,7.3,1.0,6.8,6.3,5.9,4.7,1.9,1.1,2.8,1.6,0.5
2017-05-31 06:55:00+02:00,0.6,2.0,0.5,3.1,15.3,10.0,8.2,1.1,0.5,4.5,3.6,10.4,0.6,2.4,1.4,2.2,0.3,2.7,9.1,14.9,7.1,1.0,9.5,1.0,16.7,4.5,4.2,1.1,14.5,1.7,2.5,6.6,1.0,6.3,5.8,5.5,4.3,1.7,1.1,2.5,1.4,0.5
2017-05-31 06:56:00+02:00,0.6,2.0,0.5,3.0,15.7,10.4,8.4,1.2,0.5,4.5,3.6,10.8,0.8,2.7,1.5,2.2,0.4,2.8,9.4,15.3,7.3,1.0,9.9,1.0,16.8,4.5,4.2,1.1,14.8,1.7,2.6,6.8,1.0,6.4,5.9,5.5,4.3,1.8,1.1,2.5,1.4,0.5
2017-05-31 06:57:00+02:00,0.7,2.2,0.6,3.4,17.4,11.4,9.3,1.4,0.6,5.0,4.0,11.9,0.8,2.8,1.6,2.5,0.5,3.1,10.3,16.9,8.0,1.1,10.9,1.2,18.7,5.0,4.7,1.3,16.6,2.0,2.9,7.5,1.1,7.2,6.6,6.2,4.9,2.1,1.2,2.8,1.6,0.5
2017-05-31 06:58:00+02:00,0.6,2.2,0.6,3.4,16.9,11.2,9.1,1.3,0.6,4.8,3.7,11.6,0.7,2.7,1.4,2.3,0.4,3.0,10.2,16.5,7.9,1.0,10.7,1.0,18.8,4.8,4.7,1.1,16.5,1.9,2.6,7.4,1.1,7.2,6.7,6.3,5.0,2.2,1.2,2.8,1.6,0.5
2017-05-31 06:59:00+02:00,0.6,2.2,0.5,3.3,16.1,10.5,8.6,0.7,0.6,4.8,3.7,10.9,0.1,2.3,1.4,2.3,0.4,2.3,9.7,15.7,7.4,1.0,10.2,1.0,18.1,4.7,4.6,1.1,15.9,1.3,2.6,6.9,1.1,7.3,6.8,6.4,5.1,2.3,1.2,2.8,1.6,0.5
2017-05-31 07:00:00+02:00,0.6,2.1,0.6,3.3,15.7,10.3,8.5,0.7,0.6,4.7,3.6,10.7,0.2,2.3,1.4,2.3,0.4,2.4,9.5,15.3,7.3,1.0,10.0,1.0,17.6,4.6,4.5,1.1,15.4,1.3,2.6,6.8,1.1,7.1,6.5,6.2,4.9,2.2,1.2,2.7,1.5,0.5
2017-05-31 07:01:00+02:00,0.6,2.1,0.5,3.2,15.9,10.5,8.6,0.8,0.6,4.6,3.6,10.9,0.4,2.5,1.4,2.3,0.4,2.4,9.6,15.5,7.4,1.0,10.1,1.0,17.9,4.7,4.5,1.1,15.7,1.4,2.6,6.9,1.1,7.0,6.5,6.1,4.8,2.2,1.1,2.6,1.5,0.5
2017-05-31 07:02:00+02:00,0.6,2.0,0.5,3.1,15.1,10.0,8.3,0.8,0.5,4.3,3.4,10.3,0.4,2.4,1.4,2.1,0.4,2.3,9.2,14.7,7.1,1.0,9.7,0.9,16.9,4.4,4.3,1.0,14.9,1.3,2.4,6.7,1.0,6.5,6.0,5.6,4.4,2.0,1.1,2.4,1.3,0.4
2017-05-31 07:03:00+02:00,0.6,2.1,0.5,3.3,15.8,10.3,8.4,0.8,0.5,3.6,3.7,10.7,0.4,2.2,1.4,1.3,0.4,2.4,9.5,15.3,7.2,1.0,10.0,1.0,17.7,4.7,4.5,0.2,15.6,1.4,2.6,6.7,1.0,6.9,6.4,6.0,4.7,2.2,1.1,2.6,1.4,0.4
2017-05-31 07:04:00+02:00,0.8,2.4,0.6,3.7,17.7,11.8,9.7,1.0,0.5,4.0,4.0,12.2,0.5,2.8,1.5,1.4,0.4,2.8,10.9,17.3,8.4,1.1,11.4,1.1,19.9,5.1,5.0,0.2,17.6,1.5,2.8,7.8,1.1,7.7,7.2,6.8,5.4,2.5,1.3,2.9,1.6,0.5
2017-05-31 07:05:00+02:00,0.7,2.2,0.6,3.4,16.4,10.9,8.9,0.9,0.5,4.1,3.8,11.2,0.5,2.5,1.4,1.7,0.4,2.6,10.1,15.9,7.7,1.0,10.5,1.0,18.4,4.8,4.7,0.5,16.2,1.5,2.6,7.2,1.0,7.2,6.7,6.3,5.0,2.3,1.2,2.7,1.5,0.5
2017-05-31 07:06:00+02:00,0.8,2.5,0.6,3.8,17.9,12.2,10.0,1.0,0.6,5.5,4.1,12.7,0.5,2.9,1.4,2.8,0.4,2.9,11.3,17.7,8.6,1.0,11.8,1.2,20.2,5.0,5.2,1.4,17.7,1.6,2.8,8.1,1.2,8.1,7.6,7.2,5.7,2.6,1.3,3.2,1.7,0.5
2017-05-31 07:07:00+02:00,0.8,2.5,0.6,3.6,16.5,12.0,9.8,1.0,0.6,5.6,4.1,12.6,0.5,3.0,1.5,3.0,0.5,2.9,11.1,16.4,8.5,1.1,11.6,1.2,18.6,3.9,5.0,1.6,16.3,1.6,2.8,7.9,1.2,7.9,7.4,6.9,5.5,2.4,1.3,3.1,1.7,0.5
2017-05-31 07:08:00+02:00,0.8,2.5,0.6,3.6,17.0,12.1,9.8,1.1,0.6,5.7,4.1,12.7,0.6,3.1,1.7,3.1,0.5,3.0,11.1,16.5,8.6,1.2,11.6,1.2,19.0,3.8,4.9,1.8,17.0,1.7,2.9,8.0,1.2,7.8,7.2,6.6,5.3,2.3,1.3,3.0,1.7,0.5
2017-05-31 07:09:00+02:00,1.2,3.2,0.8,4.6,23.7,16.2,13.4,1.6,0.8,7.4,5.2,16.9,0.8,4.7,2.0,4.0,0.6,4.0,14.9,23.8,11.7,1.4,15.6,1.7,26.7,6.9,6.4,2.4,23.8,2.4,3.7,11.0,1.6,10.1,9.4,8.7,7.0,3.1,1.6,4.0,2.2,0.7
2017-05-31 07:10:00+02:00,1.2,3.4,0.8,4.8,23.8,16.3,13.9,1.6,0.9,6.7,5.4,17.1,0.8,4.8,2.0,3.2,0.6,4.1,15.0,24.2,12.1,1.4,15.7,0.9,27.0,7.1,6.6,1.5,23.9,2.4,3.8,11.4,1.6,10.4,9.7,9.1,7.2,3.1,1.7,4.1,2.4,0.7
2017-05-31 07:11:00+02:00,1.3,3.6,0.7,5.1,24.3,16.8,14.4,1.5,0.9,6.6,5.3,17.5,0.6,5.0,1.7,2.9,0.5,4.1,15.6,24.7,12.5,1.2,16.3,0.8,27.2,7.2,7.0,1.2,24.3,2.4,3.6,12.0,1.7,10.8,10.3,9.8,7.8,3.3,1.9,4.5,2.5,0.7
2017-05-31 07:12:00+02:00,0.8,2.5,0.6,3.5,17.6,11.7,9.8,0.9,0.6,4.2,3.8,12.3,0.4,3.2,1.3,1.7,0.4,2.7,10.9,17.3,8.5,0.9,11.4,0.5,18.9,5.0,4.8,0.6,17.4,1.5,2.6,8.0,1.2,7.3,7.1,6.7,5.3,2.3,1.2,3.0,1.7,0.5
2017-05-31 07:13:00+02:00,0.6,2.1,0.5,3.2,15.8,10.6,8.7,0.9,0.5,3.6,3.3,11.1,0.4,2.8,1.3,1.4,0.4,2.4,9.8,15.5,7.6,0.9,10.2,0.5,17.1,4.4,4.3,0.5,15.9,1.3,2.4,7.1,1.0,5.7,6.1,5.7,4.5,2.0,1.0,2.6,1.5,0.5
2017-05-31 07:14:00+02:00,0.6,2.0,0.5,3.1,14.8,10.0,8.1,0.7,0.5,3.3,3.1,10.4,0.4,2.5,1.2,1.2,0.4,2.1,9.1,14.6,7.0,0.8,9.5,0.5,16.3,4.2,4.2,0.4,15.2,1.1,2.2,6.6,1.0,5.0,5.4,5.1,4.0,1.5,0.9,2.5,1.4,0.4
2017-05-31 07:15:00+02:00,0.5,1.8,0.4,2.8,13.7,9.1,7.4,0.7,0.5,3.7,2.8,9.5,0.4,2.3,1.1,1.8,0.3,2.1,8.4,13.3,6.4,0.7,8.7,0.6,14.9,3.8,3.8,0.9,14.0,1.1,2.0,6.1,0.9,4.7,4.5,4.2,3.2,0.9,0.8,2.3,1.3,0.4
2017-05-31 07:16:00+02:00,0.6,2.1,0.5,3.1,14.9,10.0,8.1,1.0,0.5,4.4,3.2,10.3,0.6,2.4,1.2,2.3,0.4,2.5,9.2,14.5,7.0,0.9,9.6,0.9,17.1,4.3,4.2,1.2,15.4,1.5,2.3,6.6,1.0,5.9,5.7,5.3,4.2,1.7,0.9,2.5,1.5,0.4
2017-05-31 07:17:00+02:00,1.3,3.4,0.7,5.1,25.2,17.0,14.1,1.8,0.9,7.5,5.2,17.6,0.9,4.7,1.7,3.9,0.5,4.4,15.7,24.6,12.2,1.2,16.4,1.7,29.1,7.0,7.0,2.1,25.8,2.7,3.5,11.7,1.7,10.2,9.9,9.4,7.5,3.2,1.7,4.4,2.5,0.7
2017-05-31 07:18:00+02:00,1.8,4.3,0.9,6.4,31.8,21.5,17.8,2.3,1.2,9.4,6.5,22.3,1.0,6.1,1.9,4.8,0.6,5.5,19.9,31.1,15.4,1.4,20.8,2.3,36.9,8.9,8.8,2.6,32.6,3.4,4.2,14.9,2.2,12.6,12.2,11.7,9.3,3.8,2.2,5.6,3.2,0.9
2017-05-31 07:19:00+02:00,1.1,2.9,0.7,4.4,23.3,15.5,12.6,1.8,0.8,6.9,5.0,16.1,1.0,4.3,1.8,3.7,0.6,4.1,14.2,22.7,10.9,1.3,14.9,1.7,27.0,6.6,6.1,2.1,24.0,2.5,3.4,10.4,1.5,8.9,8.5,7.9,6.3,2.4,1.5,3.9,2.2,0.7
2017-05-31 07:20:00+02:00,1.3,3.2,0.8,4.8,25.2,16.8,13.7,1.9,0.8,7.5,5.4,17.5,1.0,4.6,1.9,4.0,0.6,4.4,15.3,24.6,11.8,1.4,16.1,1.8,29.2,7.1,6.6,2.3,25.9,2.7,3.6,11.2,1.6,9.0,8.8,8.2,6.5,2.3,1.6,4.2,2.4,0.7
2017-05-31 07:21:00+02:00,1.4,3.5,0.8,5.3,26.6,17.8,14.7,1.8,0.9,7.9,5.5,18.6,0.9,4.9,1.7,4.1,0.5,4.5,16.4,26.0,12.7,1.3,17.2,1.9,30.8,7.4,7.3,2.2,27.3,2.7,3.6,12.2,1.8,9.9,9.7,9.2,7.3,2.6,1.8,4.7,2.6,0.8
2017-05-31 07:22:00+02:00,1.0,2.7,0.7,4.1,21.4,14.1,11.5,1.5,0.7,6.3,4.6,14.8,0.9,3.7,1.7,3.3,0.5,3.6,12.9,20.8,9.9,1.2,13.6,1.5,24.7,6.1,5.7,1.9,22.0,2.2,3.1,9.4,1.4,8.5,8.2,7.6,6.1,2.5,1.4,3.6,2.1,0.6
2017-05-31 07:23:00+02:00,1.1,2.8,0.7,4.2,22.1,14.6,11.9,1.6,0.7,6.5,4.7,15.3,0.9,3.8,1.8,3.5,0.6,3.7,13.4,21.6,10.2,1.3,14.0,1.6,25.5,6.3,5.8,1.9,22.8,2.2,3.3,9.7,1.4,9.0,8.5,7.9,6.4,2.6,1.4,3.7,2.1,0.6
2017-05-31 07:24:00+02:00,1.3,3.3,0.8,5.0,25.6,16.6,13.3,1.9,0.9,7.7,5.6,17.4,1.2,4.1,2.1,4.1,0.7,4.5,15.1,24.8,11.6,1.5,15.8,1.9,29.0,7.4,6.8,2.4,26.3,2.7,3.9,10.9,1.7,10.5,9.9,9.2,7.4,3.1,1.6,4.4,2.5,0.8
2017-05-31 07:25:00+02:00,1.6,4.4,1.0,6.5,32.1,21.2,17.2,2.4,1.2,9.4,6.8,22.1,1.3,5.5,2.3,4.8,0.7,5.6,19.4,31.2,15.0,1.7,20.4,2.2,36.1,9.1,8.8,2.6,32.9,3.5,4.6,14.3,2.2,13.2,12.7,11.9,9.6,4.0,2.1,5.6,3.3,1.0
2017-05-31 07:26:00+02:00,1.7,4.8,1.0,7.1,33.9,22.6,18.4,2.3,1.3,9.9,7.0,23.6,1.1,5.9,2.1,5.0,0.5,5.8,20.7,33.1,16.0,1.6,21.8,2.3,37.5,9.5,9.6,2.6,34.7,3.6,4.5,15.4,2.4,14.0,13.6,13.0,10.5,4.4,2.3,6.1,3.6,1.1
2017-05-31 07:27:00+02:00,0.9,2.9,0.7,4.4,21.4,13.9,11.1,1.4,0.8,6.2,4.7,14.5,0.7,3.2,1.7,3.1,0.4,3.5,12.6,20.8,9.6,1.3,13.3,1.3,22.9,6.3,5.9,1.6,22.0,2.1,3.2,9.1,1.5,8.9,8.4,7.8,6.3,2.6,1.3,3.7,2.2,0.6
2017-05-31 07:28:00+02:00,0.9,3.0,0.8,4.5,22.7,14.7,11.8,1.5,0.8,6.5,5.0,15.4,0.9,3.6,2.0,3.4,0.5,3.7,13.4,22.0,10.3,1.4,14.1,1.4,24.3,6.5,6.0,1.8,23.4,2.2,3.5,9.6,1.5,9.2,8.6,7.9,6.4,2.6,1.4,3.8,2.2,0.7
2017-05-31 07:29:00+02:00,1.1,2.8,0.9,4.6,26.2,16.9,13.5,1.8,0.9,7.8,5.8,17.7,1.0,4.6,2.2,4.1,0.5,4.5,15.3,25.5,11.7,1.6,16.2,1.7,28.6,7.7,6.5,2.2,27.0,2.7,4.0,11.0,1.0,10.9,10.3,9.6,7.7,3.2,1.7,4.5,2.7,0.8
2017-05-31 07:30:00+02:00,1.6,3.5,1.0,5.7,31.5,21.0,16.9,2.2,1.2,9.6,6.5,22.0,1.0,5.9,2.3,4.9,0.5,5.5,19.1,30.9,14.6,1.7,20.2,2.2,35.0,8.9,8.1,2.6,32.3,3.3,4.6,14.0,1.3,13.4,12.9,12.3,9.9,4.1,2.1,5.8,3.4,1.0
2017-05-31 07:31:00+02:00,1.6,4.1,1.1,6.3,31.6,21.4,17.3,2.0,1.2,9.8,6.1,22.4,0.9,5.5,2.4,5.1,0.6,5.4,19.5,30.9,14.9,1.8,20.5,2.3,35.5,8.5,8.7,2.8,32.4,3.2,4.8,14.2,1.8,13.7,13.1,12.4,10.0,4.2,2.1,5.8,3.4,1.0
2017-05-31 07:32:00+02:00,1.7,3.7,1.1,6.0,33.3,21.6,17.2,2.3,1.2,10.4,7.5,22.6,1.1,5.4,2.7,5.5,0.7,5.8,19.5,32.6,14.7,2.0,20.6,2.5,38.2,10.0,8.5,3.1,34.3,3.5,5.2,13.9,1.7,14.4,13.7,12.9,10.4,4.3,2.2,6.1,3.6,1.1
2017-05-31 07:33:00+02:00,2.1,4.7,1.2,7.4,38.4,25.2,20.4,2.6,1.5,11.8,8.3,26.4,1.1,6.5,2.7,6.1,0.7,6.7,23.0,37.6,17.5,2.0,24.3,2.9,43.7,11.2,10.3,3.3,39.4,4.1,5.5,16.8,2.4,16.3,15.6,15.0,12.1,5.0,2.6,7.1,4.2,1.3
2017-05-31 07:34:00+02:00,2.2,3.9,1.1,6.2,33.1,21.6,17.7,2.2,1.2,10.6,7.4,22.6,1.0,6.0,2.6,5.8,0.6,5.6,20.0,32.4,15.3,1.9,20.7,3.0,37.3,9.8,8.6,3.4,33.9,3.4,5.0,14.6,2.0,13.9,13.3,12.6,10.2,4.2,2.2,6.0,3.5,1.1
2017-05-31 07:35:00+02:00,2.1,3.6,1.1,5.7,31.0,20.0,16.5,2.0,1.1,10.2,7.2,20.9,1.0,5.4,2.7,5.7,0.7,5.3,18.7,30.3,14.2,1.9,19.1,2.9,35.0,9.3,8.0,3.4,31.9,3.1,4.9,13.4,1.7,13.4,12.6,11.8,9.6,4.0,2.0,5.6,3.3,1.0
2017-05-31 07:36:00+02:00,2.0,1.8,1.0,3.0,27.4,16.5,13.0,1.6,1.1,10.2,7.1,17.5,1.0,5.2,2.7,5.7,0.7,4.9,15.2,26.7,10.9,1.9,15.6,2.8,31.4,9.3,5.0,3.5,28.3,2.7,4.9,10.1,2.2,13.1,12.4,11.6,9.4,3.9,2.0,5.4,3.3,1.0
2017-05-31 07:37:00+02:00,1.7,1.9,0.9,2.2,22.1,13.0,10.1,1.2,0.9,8.5,6.0,13.8,0.8,4.2,2.3,4.8,0.6,3.9,11.9,21.5,8.4,1.7,12.2,2.4,25.3,7.8,3.6,3.0,22.9,2.1,4.2,7.6,2.5,11.0,10.3,9.6,7.8,3.3,1.6,4.5,2.7,0.8
2017-05-31 07:38:00+02:00,1.5,2.0,0.8,2.0,19.7,11.5,8.9,1.0,0.8,7.7,5.3,12.2,0.7,3.6,2.0,4.4,0.5,3.5,10.6,19.1,7.3,1.5,10.8,2.2,22.4,6.9,3.3,2.7,20.4,1.8,3.7,6.7,2.5,9.9,9.3,8.6,7.0,2.9,1.5,4.0,2.4,0.8
2017-05-31 07:39:00+02:00,1.6,2.1,0.9,2.1,19.5,11.1,8.5,1.1,0.9,8.0,5.6,11.9,0.7,3.1,2.1,4.5,0.6,3.6,10.2,18.9,6.9,1.6,10.3,2.3,22.4,7.1,3.3,2.7,20.2,1.9,3.9,6.2,2.7,10.5,9.9,9.1,7.4,3.2,1.6,4.2,2.5,0.8
2017-05-31 07:40:00+02:00,1.2,2.1,0.9,2.1,19.8,11.5,9.2,1.2,0.9,7.4,5.5,12.3,0.7,3.8,2.0,3.8,0.5,3.6,10.9,19.2,7.5,1.6,10.8,1.9,22.7,7.0,3.3,2.0,20.5,1.9,3.8,6.9,2.7,10.6,10.0,9.4,7.6,3.4,1.8,4.2,2.6,0.8
2017-05-31 07:41:00+02:00,0.9,2.3,0.7,1.8,15.3,8.7,6.6,0.9,0.7,6.3,4.5,9.3,0.7,2.9,1.7,3.3,0.5,2.9,8.0,14.9,5.3,1.3,8.0,1.5,17.2,5.7,2.3,1.9,15.9,1.5,3.2,4.8,3.0,8.7,8.1,7.6,6.1,2.7,1.5,3.4,2.1,0.6
2017-05-31 07:42:00+02:00,0.9,2.3,0.7,1.8,15.0,8.6,6.6,0.9,0.7,5.7,4.4,9.2,0.7,2.9,1.6,2.8,0.5,2.8,8.0,14.6,5.3,1.3,8.0,1.4,16.2,5.5,2.4,1.3,15.6,1.4,3.0,4.9,3.0,8.4,8.0,7.4,6.0,2.7,1.4,3.3,2.1,0.6
2017-05-31 07:43:00+02:00,0.9,1.9,0.7,1.8,15.1,9.0,7.1,0.9,0.7,5.9,4.1,9.6,0.7,3.0,1.5,3.1,0.4,2.7,8.4,14.7,5.9,1.2,8.4,1.4,17.0,5.2,2.6,1.7,15.6,1.4,2.8,5.4,2.4,8.1,7.6,7.1,5.8,2.6,1.4,3.2,2.0,0.6
2017-05-31 07:44:00+02:00,1.1,2.1,0.8,1.8,17.6,10.2,8.1,1.3,0.8,7.2,5.0,10.9,0.9,3.4,2.0,3.9,0.6,3.4,9.7,17.1,6.7,1.5,9.9,1.8,20.2,6.3,2.8,2.2,18.2,1.9,3.4,6.0,2.8,9.7,9.1,8.5,6.9,3.1,1.6,3.8,2.3,0.7
2017-05-31 07:45:00+02:00,1.9,1.8,1.1,3.3,28.4,17.7,14.1,2.1,1.2,10.5,6.7,18.8,1.3,5.4,2.7,5.7,0.8,5.4,16.3,27.6,11.8,2.0,16.9,2.7,32.9,8.9,5.6,3.3,29.4,3.1,4.9,10.9,2.2,14.2,13.4,12.6,10.2,4.5,2.4,5.7,3.5,1.1
2017-05-31 07:46:00+02:00,2.9,3.3,1.6,6.2,43.8,28.4,23.1,3.7,1.9,13.1,9.7,29.9,2.1,9.4,3.1,6.3,1.0,8.5,26.2,42.7,19.7,2.5,27.3,2.5,50.7,12.9,9.6,3.0,45.1,5.4,6.4,19.0,1.7,19.5,18.8,18.1,14.6,6.3,3.4,8.3,5.1,1.7
2017-05-31 07:47:00+02:00,3.1,3.8,1.7,7.0,48.8,31.9,26.1,4.1,2.0,14.4,10.7,33.5,2.4,10.9,3.6,7.1,1.1,9.2,29.5,47.5,22.5,2.8,30.7,2.8,57.1,14.0,10.6,3.5,50.2,5.9,7.1,21.5,1.7,21.2,20.3,19.4,15.7,6.8,3.6,8.9,5.4,1.8
2017-05-31 07:48:00+02:00,1.6,1.6,1.1,3.1,27.8,17.5,14.2,2.3,1.1,8.2,6.7,18.5,1.6,6.1,2.5,3.8,0.8,5.2,16.3,27.0,12.1,1.9,16.7,1.0,33.0,8.6,5.2,1.6,28.7,3.1,4.5,11.2,2.0,13.0,12.3,11.5,9.3,4.0,2.2,5.2,3.2,1.0
2017-05-31 07:49:00+02:00,1.3,2.3,0.9,4.1,25.6,16.8,13.8,1.9,0.9,7.1,5.7,17.6,1.3,5.2,2.2,3.2,0.7,4.5,15.7,25.0,12.0,1.7,16.2,0.7,30.1,7.4,6.1,1.2,26.4,2.6,3.9,11.3,0.5,11.4,10.8,10.1,8.1,3.5,1.9,4.6,2.8,0.9
2017-05-31 07:50:00+02:00,0.9,1.8,0.8,3.3,20.3,13.2,10.6,1.3,0.7,5.4,4.7,13.9,0.9,3.6,1.7,2.2,0.5,3.3,12.2,19.8,9.2,1.3,12.7,0.2,24.0,6.0,4.9,0.7,21.0,1.8,3.1,8.5,0.4,8.9,8.3,7.7,6.1,2.8,1.5,3.3,2.2,0.7
2017-05-31 07:51:00+02:00,1.4,3.5,0.9,5.3,26.6,17.8,14.5,2.1,0.9,7.2,5.6,18.7,1.2,4.6,1.9,3.2,0.6,4.8,16.5,26.1,12.6,1.5,17.2,0.7,31.3,7.4,7.4,1.2,27.5,3.0,3.8,11.9,1.7,10.2,9.6,8.9,6.9,3.6,1.9,3.3,2.9,0.9
2017-05-31 07:52:00+02:00,1.8,4.5,1.1,6.8,33.5,22.5,18.4,2.8,1.2,9.1,7.0,23.5,1.5,6.0,2.3,4.2,0.7,6.2,20.7,32.8,16.0,1.8,21.7,1.3,39.3,9.2,9.3,1.8,34.5,4.0,4.6,15.3,2.3,13.1,12.5,11.8,9.3,4.5,2.4,4.8,3.6,1.2
2017-05-31 07:53:00+02:00,3.2,7.5,1.8,11.0,53.9,37.6,31.0,4.7,2.2,15.3,10.0,39.2,2.3,11.6,3.4,7.7,1.0,10.2,34.5,52.7,27.3,2.7,36.3,3.6,62.9,13.5,14.9,4.1,55.4,6.7,6.3,26.5,4.0,20.6,19.9,19.3,15.4,7.0,3.7,8.4,5.8,2.0
2017-05-31 07:54:00+02:00,2.7,6.4,1.6,9.4,45.3,31.7,26.1,4.0,1.9,12.5,8.2,33.1,1.9,9.9,2.8,6.0,0.9,8.7,29.1,44.3,23.2,2.3,30.7,2.6,53.0,11.2,12.7,3.0,46.6,5.7,5.0,22.6,3.5,17.4,16.9,16.4,13.1,6.0,3.1,7.1,5.0,1.7
2017-05-31 07:55:00+02:00,2.1,6.4,1.6,9.4,45.5,31.8,26.1,4.0,1.9,12.6,8.1,33.3,1.9,10.0,2.7,6.0,0.9,8.8,29.1,44.5,23.4,2.2,30.7,2.6,53.2,11.2,12.8,2.9,46.8,5.8,4.9,22.8,3.5,17.4,16.9,16.4,13.1,6.0,3.1,7.2,5.1,1.8
2017-05-31 07:56:00+02:00,2.2,6.8,1.7,9.9,48.0,33.5,27.5,4.3,2.0,13.2,8.5,35.1,2.0,10.7,2.8,6.4,0.9,9.4,30.6,46.8,24.6,2.3,32.3,2.8,55.9,11.7,13.4,3.1,49.2,6.2,5.2,24.0,3.7,17.6,17.3,16.8,13.3,6.2,3.2,7.1,5.3,1.9
2017-05-31 07:57:00+02:00,3.2,7.9,2.0,11.6,56.4,39.5,32.5,5.2,2.5,16.1,9.9,41.4,2.4,12.9,3.4,8.1,1.1,11.1,36.0,55.0,29.1,2.8,38.1,4.1,65.7,13.7,15.6,4.3,58.0,7.5,6.1,28.5,4.4,20.2,20.4,19.9,15.9,7.2,3.8,8.7,6.2,2.2
2017-05-31 07:58:00+02:00,3.4,7.8,2.0,11.5,58.3,39.9,32.7,5.4,2.4,16.4,11.2,41.8,2.6,13.3,3.5,8.4,1.2,11.4,36.3,56.8,29.3,2.8,38.4,4.3,67.6,15.0,15.6,4.6,59.8,7.8,7.3,28.8,4.5,20.7,20.9,20.3,16.3,7.3,3.8,9.0,6.3,2.3
2017-05-31 07:59:00+02:00,3.1,7.3,1.9,10.7,53.7,36.7,30.1,4.9,2.2,15.2,10.5,38.5,2.4,12.1,3.2,7.8,1.1,10.5,33.4,52.5,26.9,2.6,35.3,3.9,62.3,14.1,14.5,4.2,55.2,7.1,6.9,26.6,4.0,19.3,19.4,18.9,15.1,6.7,3.5,8.4,5.8,2.1
2017-05-31 08:00:00+02:00,3.4,8.0,2.0,11.7,58.9,40.1,32.8,5.4,2.4,16.6,11.5,42.0,2.6,13.2,3.7,8.6,1.2,11.4,36.4,57.4,29.4,2.9,38.5,4.4,68.2,15.4,15.8,4.7,60.5,7.8,7.6,29.0,4.5,21.1,21.2,20.6,16.5,7.3,3.8,9.2,6.3,2.3
2017-05-31 08:01:00+02:00,3.0,7.0,1.8,10.3,52.4,35.5,28.9,4.7,2.0,15.3,10.5,37.1,2.5,11.4,3.5,8.0,1.2,10.1,32.3,51.1,25.9,2.7,34.0,3.9,60.8,14.0,14.0,4.5,53.8,6.8,7.1,25.4,3.8,19.1,19.0,18.2,14.6,6.5,3.4,8.1,5.6,1.9
2017-05-31 08:02:00+02:00,3.2,6.8,1.9,10.4,55.6,37.3,30.4,5.1,2.1,16.4,11.4,39.1,2.7,12.2,4.0,8.7,1.3,10.8,33.9,54.2,27.1,3.0,35.8,4.3,64.6,15.1,14.3,4.9,57.2,7.2,7.8,26.5,3.9,20.7,20.4,19.4,15.6,7.0,3.7,8.6,5.9,2.1
2017-05-31 08:03:00+02:00,2.9,5.7,1.7,9.0,49.9,33.4,27.0,4.6,1.7,13.9,10.3,34.9,2.6,10.7,3.5,6.8,1.3,9.7,30.3,48.5,24.1,2.9,31.9,3.9,58.0,13.6,12.6,3.3,51.3,6.4,6.9,23.3,3.3,19.2,18.9,17.7,14.2,6.6,3.3,7.6,5.3,1.8
2017-05-31 08:04:00+02:00,2.6,5.6,1.6,8.8,45.3,30.8,24.9,4.2,1.6,13.8,8.9,32.2,2.4,9.6,2.6,7.3,1.2,8.9,28.1,44.1,22.3,2.7,29.5,3.6,52.8,11.9,12.0,4.1,46.7,5.8,5.8,21.6,3.0,17.7,17.5,16.4,13.1,6.2,3.1,7.0,4.8,1.6
2017-05-31 08:05:00+02:00,1.6,3.9,1.1,6.0,28.8,19.5,15.7,2.7,0.9,9.4,5.7,20.4,1.7,5.3,1.6,5.0,0.9,5.8,17.8,28.0,14.1,1.9,18.6,2.2,33.8,7.6,8.2,2.8,29.8,3.7,3.7,13.5,1.7,12.1,11.9,11.0,8.7,4.2,2.0,4.6,3.2,1.1
2017-05-31 08:06:00+02:00,1.5,3.6,1.0,5.6,27.0,18.1,14.6,2.5,0.8,8.9,5.3,19.0,1.6,4.9,1.5,4.7,0.9,5.4,16.7,26.2,13.2,1.8,17.4,2.1,31.7,7.2,7.7,2.7,27.9,3.4,3.4,12.6,1.5,12.0,11.9,10.9,8.9,3.9,1.9,5.0,3.0,1.0
2017-05-31 08:07:00+02:00,1.6,3.8,1.1,5.9,28.6,19.2,15.6,2.7,0.8,9.5,5.7,20.2,1.7,5.3,1.6,5.2,0.9,5.8,17.7,27.8,14.1,1.9,18.5,2.2,33.6,7.6,8.1,3.0,29.5,3.6,3.7,13.4,1.6,12.4,12.2,11.2,9.0,3.8,2.0,5.2,3.2,1.1
2017-05-31 08:08:00+02:00,2.1,4.7,1.3,7.3,35.7,24.1,19.7,3.3,1.2,11.5,6.9,25.4,2.0,7.1,1.9,6.2,1.0,7.1,22.3,34.7,17.8,2.2,23.3,2.8,41.7,9.3,9.9,3.7,36.7,4.6,4.4,17.1,2.2,14.9,14.7,13.8,11.1,4.6,2.4,6.5,3.9,1.3
2017-05-31 08:09:00+02:00,1.8,4.3,1.2,6.7,31.9,22.5,18.5,3.0,1.1,10.3,5.0,23.6,1.7,6.8,1.4,5.4,0.9,6.6,20.8,31.0,16.4,1.9,21.7,2.5,37.3,7.4,9.1,3.1,32.9,4.3,3.8,15.9,2.1,13.2,13.2,12.5,10.0,4.2,2.2,5.8,3.5,1.1
2017-05-31 08:10:00+02:00,1.5,3.1,0.9,4.9,23.7,16.6,13.6,2.2,0.7,8.3,3.6,17.5,1.3,4.7,0.9,4.6,0.7,5.0,15.3,23.0,11.9,1.5,16.0,2.2,27.8,5.5,6.7,2.8,24.4,3.2,2.6,11.5,1.3,10.2,10.2,9.6,7.7,3.3,1.8,4.4,2.6,0.8
2017-05-31 08:11:00+02:00,1.3,2.8,0.8,4.3,21.9,15.0,12.1,2.0,0.6,7.8,3.8,15.8,1.3,4.1,0.8,4.4,0.7,4.5,13.7,21.3,10.6,1.4,14.3,2.0,25.8,5.5,6.0,2.7,22.7,2.8,2.3,10.1,1.1,9.5,9.4,8.6,6.9,3.0,1.7,3.9,2.3,0.7
2017-05-31 08:12:00+02:00,1.7,3.6,1.0,5.5,27.9,19.0,15.4,2.6,0.8,9.4,5.0,20.0,1.5,5.5,1.2,5.3,0.8,5.6,17.4,27.1,13.5,1.7,18.2,2.5,32.6,7.1,7.6,3.2,28.8,3.6,3.2,13.0,1.6,12.1,11.4,10.6,8.5,3.8,2.0,4.8,2.9,0.9
2017-05-31 08:13:00+02:00,1.6,3.2,0.9,5.0,25.4,17.5,14.3,2.3,0.8,8.5,4.4,18.4,1.3,5.2,0.9,4.8,0.7,5.0,16.0,24.7,12.6,1.5,16.7,2.3,29.4,6.3,6.9,2.9,26.1,3.2,2.7,12.1,1.4,10.9,10.3,9.6,7.7,3.5,1.8,4.2,2.6,0.8
2017-05-31 08:14:00+02:00,1.1,2.2,0.7,3.5,17.4,11.9,9.6,1.6,0.5,6.4,3.0,12.6,1.0,3.1,0.4,3.6,0.6,3.7,10.9,16.9,8.4,1.1,11.4,1.7,20.5,4.3,4.9,2.2,17.9,2.3,1.7,8.0,0.8,8.4,7.9,7.3,5.9,2.6,1.4,3.2,2.0,0.6
2017-05-31 08:15:00+02:00,1.1,2.3,0.7,3.7,18.1,12.4,10.0,1.6,0.5,6.6,3.1,13.0,1.0,3.2,0.5,3.7,0.6,3.7,11.3,17.5,8.7,1.2,11.8,1.7,21.3,4.5,5.1,2.3,18.6,2.3,1.9,8.3,0.9,8.6,8.1,7.5,6.0,2.7,1.4,3.3,2.0,0.6
2017-05-31 08:16:00+02:00,1.4,2.9,0.8,4.5,22.6,15.4,12.5,2.0,0.7,7.8,4.0,16.2,1.1,4.1,0.7,4.4,0.7,4.5,14.1,21.8,10.9,1.4,14.7,2.1,26.4,5.7,6.2,2.7,23.3,2.8,2.4,10.4,1.3,10.2,9.7,9.0,7.2,3.2,1.7,4.0,2.4,0.8
2017-05-31 08:17:00+02:00,2.5,5.3,1.4,8.0,41.2,28.0,22.9,3.7,1.4,13.0,7.7,29.4,2.1,8.4,2.1,7.4,1.1,8.0,25.6,39.9,20.1,2.4,26.8,3.6,47.8,10.5,10.9,4.6,42.4,5.2,5.0,19.3,2.6,16.9,16.1,15.1,12.2,5.4,2.8,6.8,4.2,1.4
2017-05-31 08:18:00+02:00,3.9,8.5,2.2,12.6,65.9,45.5,37.4,6.0,2.4,19.6,12.0,47.6,3.4,14.9,3.6,11.0,1.7,12.6,41.4,63.9,33.2,3.6,43.6,5.6,76.1,16.3,17.0,6.8,67.8,8.5,7.9,31.9,4.5,25.6,24.4,23.0,18.7,8.2,4.2,10.5,6.6,2.3
2017-05-31 08:19:00+02:00,3.9,8.8,2.3,13.0,67.6,46.8,38.4,6.2,2.6,19.8,12.2,49.0,3.5,15.5,3.6,11.0,1.7,13.1,42.5,65.6,34.1,3.7,44.8,5.6,78.0,16.6,17.4,6.7,69.5,8.9,8.0,32.9,4.8,25.9,24.7,23.5,19.1,8.3,4.2,10.8,6.7,2.4
2017-05-31 08:20:00+02:00,3.1,7.0,1.8,10.3,52.0,36.1,29.6,4.9,2.0,15.8,9.0,37.9,2.7,11.3,2.1,8.7,1.4,10.3,32.9,50.5,26.1,3.0,34.6,4.4,60.3,12.6,13.8,5.3,53.5,7.0,5.7,25.1,3.7,20.9,19.9,18.9,15.3,6.6,3.4,8.7,5.4,1.9
2017-05-31 08:21:00+02:00,2.7,5.7,1.5,8.6,44.6,30.7,25.0,4.1,1.6,14.1,8.0,32.3,2.4,9.4,2.0,7.9,1.3,8.9,27.9,43.3,22.0,2.6,29.4,3.9,51.8,11.1,11.7,4.9,45.9,5.9,5.1,21.1,2.8,18.5,17.6,16.5,13.3,5.8,3.0,7.5,4.6,1.5
2017-05-31 08:22:00+02:00,4.2,9.2,2.4,13.5,70.3,48.4,39.5,6.6,2.7,21.1,12.9,50.8,3.8,15.5,3.8,11.9,1.9,13.8,43.9,68.3,35.0,4.1,46.3,6.1,81.4,17.5,18.2,7.4,72.5,9.4,8.4,33.6,4.9,27.7,26.3,24.9,20.2,8.7,4.5,11.5,7.1,2.5
2017-05-31 08:23:00+02:00,3.7,8.2,2.2,12.1,62.1,43.1,35.2,5.9,2.4,18.6,11.0,45.2,3.3,13.8,3.0,10.4,1.7,12.3,39.1,60.3,31.2,3.5,41.2,5.3,71.9,15.1,16.2,6.4,64.1,8.4,7.1,30.1,4.4,24.5,23.3,22.1,18.0,7.7,3.9,10.3,6.4,2.3
2017-05-31 08:24:00+02:00,2.0,4.1,1.2,6.3,33.9,23.4,19.1,3.0,1.1,10.9,6.1,24.6,1.9,7.3,1.6,6.2,1.0,6.4,21.4,32.9,16.8,2.1,22.4,3.0,39.5,8.4,8.7,3.9,35.0,4.1,3.9,16.0,1.9,14.4,13.4,12.3,10.0,4.4,2.3,5.6,3.4,1.1
2017-05-31 08:25:00+02:00,2.3,4.3,1.2,6.6,35.0,24.3,19.8,3.1,1.2,11.3,6.1,25.5,2.0,7.6,1.5,6.5,1.1,6.7,22.2,34.0,17.4,2.1,23.3,3.2,40.7,8.5,9.0,4.1,36.1,4.3,3.9,16.6,2.0,14.7,13.8,12.7,10.3,4.5,2.4,5.7,3.5,1.1
2017-05-31 08:26:00+02:00,2.0,3.6,1.0,5.7,29.9,20.8,16.9,2.6,1.0,9.7,5.2,21.8,1.7,6.4,1.3,5.5,0.9,5.7,18.9,29.1,14.9,1.8,19.9,2.7,34.8,7.2,7.7,3.4,30.8,3.6,3.3,14.1,1.6,12.6,11.8,10.9,8.8,3.9,2.0,4.9,3.0,1.0
2017-05-31 08:27:00+02:00,2.0,3.6,1.0,5.6,29.7,20.7,16.7,2.7,1.0,9.6,5.2,21.7,1.7,6.4,1.3,5.4,0.9,5.7,18.8,28.9,14.8,1.8,19.8,2.6,34.5,7.2,7.7,3.4,30.6,3.6,3.3,14.0,1.6,12.4,11.7,10.8,8.7,3.8,2.0,4.9,3.0,0.9
2017-05-31 08:28:00+02:00,1.8,4.0,1.1,6.3,32.3,22.5,18.7,2.9,1.1,10.4,5.5,23.6,1.9,7.1,1.2,5.8,1.0,6.3,21.0,31.4,16.5,2.0,22.0,2.6,37.7,7.8,8.5,3.6,33.4,4.0,3.4,15.6,1.8,14.0,13.1,12.0,9.7,4.3,2.2,5.4,3.3,1.1
2017-05-31 08:29:00+02:00,2.4,5.4,1.4,8.2,42.7,29.8,24.3,3.9,1.5,12.9,7.5,31.2,2.3,9.5,2.0,7.2,1.2,8.2,27.1,41.6,21.5,2.5,28.6,3.4,49.5,10.4,11.0,4.4,44.0,5.4,4.8,20.5,2.6,17.1,16.4,15.3,12.4,5.4,2.8,7.0,4.3,1.4
2017-05-31 08:30:00+02:00,2.4,5.1,1.3,7.8,41.3,28.7,23.2,3.7,1.4,12.8,7.5,30.0,2.3,8.9,2.2,7.2,1.2,8.0,25.9,40.3,20.5,2.4,27.4,3.4,48.0,10.3,10.6,4.5,42.6,5.2,5.0,19.5,2.4,16.6,16.0,14.8,12.0,5.3,2.7,6.7,4.1,1.4
2017-05-31 08:31:00+02:00,2.9,5.7,1.5,8.6,45.4,31.5,25.5,4.1,1.6,14.1,8.3,33.0,2.6,10.0,2.5,8.1,1.3,8.7,28.5,44.3,22.6,2.6,30.1,4.0,52.7,11.3,11.6,5.1,46.8,5.7,5.5,21.6,2.7,17.8,17.3,16.1,13.0,5.7,3.0,7.3,4.4,1.5
2017-05-31 08:32:00+02:00,2.6,5.1,1.3,7.6,40.6,28.4,23.0,3.7,1.4,12.5,7.2,29.7,2.3,9.1,2.0,7.1,1.2,7.9,25.7,39.6,20.4,2.4,27.1,3.6,47.1,9.9,10.4,4.5,41.8,5.2,4.7,19.5,2.4,15.8,15.5,14.4,11.6,5.1,2.7,6.5,3.9,1.3
2017-05-31 08:33:00+02:00,2.3,4.2,1.1,6.5,35.6,24.5,19.9,3.2,1.1,11.0,6.8,25.6,2.0,7.7,2.3,6.3,1.1,6.8,22.2,34.8,17.6,2.1,23.4,3.1,41.2,9.2,8.9,4.0,36.7,4.4,4.6,16.6,1.9,14.0,13.7,12.6,10.2,4.5,2.4,5.7,3.4,1.1
2017-05-31 08:34:00+02:00,2.3,4.3,1.2,6.6,36.7,24.7,20.1,3.2,1.1,11.0,7.5,25.8,2.0,7.8,2.9,6.2,1.1,6.9,22.4,35.8,17.8,2.2,23.6,3.1,42.3,10.0,9.0,3.9,37.8,4.5,5.3,16.8,1.9,14.1,13.8,12.7,10.3,4.6,2.4,5.7,3.4,1.1
2017-05-31 08:35:00+02:00,2.0,3.7,1.0,5.8,32.0,21.6,17.7,2.9,1.0,9.6,6.5,22.6,1.8,7.0,2.5,5.4,0.9,6.1,19.7,31.3,15.6,1.9,20.7,2.7,37.0,8.6,7.9,3.3,33.0,4.0,4.6,14.9,1.7,12.1,12.1,11.1,9.0,4.0,2.1,5.0,3.0,1.0
2017-05-31 08:36:00+02:00,2.4,4.7,1.2,7.0,37.0,25.2,20.7,3.3,1.2,10.9,7.4,26.4,2.0,8.0,2.9,6.1,1.1,7.0,23.0,36.2,18.3,2.2,24.1,3.0,42.8,9.9,9.4,3.7,38.2,4.6,5.3,17.4,2.3,14.1,13.8,12.8,10.3,4.6,2.4,5.7,3.5,1.2
2017-05-31 08:37:00+02:00,3.9,8.4,2.2,12.2,63.9,43.9,36.0,6.0,2.3,17.2,12.3,46.0,3.5,14.7,4.6,9.3,1.7,12.4,39.8,62.3,32.1,3.7,42.0,4.4,73.6,16.2,16.2,5.4,65.9,8.5,8.5,30.9,4.6,23.4,22.7,21.4,17.4,7.5,3.9,9.9,6.2,2.2
2017-05-31 08:38:00+02:00,2.5,5.3,1.4,7.8,41.0,28.1,23.1,3.8,1.4,11.2,8.0,29.4,2.2,9.3,3.0,6.0,1.1,7.9,25.6,40.1,20.5,2.3,26.9,3.0,47.2,10.7,10.5,3.5,42.2,5.3,5.5,19.7,2.8,15.0,14.8,13.9,11.2,4.8,2.5,6.4,3.9,1.4
2017-05-31 08:39:00+02:00,1.9,3.9,1.0,5.9,31.7,21.6,17.8,2.8,1.0,9.2,6.4,22.5,1.7,7.0,2.4,5.2,0.9,5.9,19.8,31.1,15.8,1.9,20.7,2.6,36.7,8.6,8.0,3.2,32.7,3.9,4.5,15.0,1.9,12.0,11.9,10.9,8.8,3.8,2.0,5.0,3.0,1.0
2017-05-31 08:40:00+02:00,4.0,9.0,2.4,13.2,69.7,47.7,39.1,6.6,2.6,19.1,13.6,49.9,3.8,16.3,5.3,10.7,1.8,13.4,43.2,67.8,35.0,4.0,45.6,5.6,80.1,17.9,17.4,6.6,71.8,9.3,9.5,33.6,5.0,25.3,24.5,23.1,18.8,8.0,4.1,10.8,6.7,2.5
2017-05-31 08:41:00+02:00,3.7,8.6,2.3,12.5,65.9,45.1,37.0,6.2,2.5,17.9,12.8,47.4,3.5,15.5,5.0,9.9,1.7,12.8,40.9,64.1,33.1,3.8,43.2,5.2,75.8,16.8,16.4,6.1,67.9,8.9,8.9,31.9,4.8,23.8,23.0,21.8,17.8,7.5,3.8,10.2,6.3,2.4
2017-05-31 08:42:00+02:00,2.6,5.8,1.6,8.6,45.8,31.2,25.6,4.1,1.6,12.9,9.1,32.7,2.4,10.3,3.5,7.2,1.1,8.6,28.4,44.7,22.7,2.7,29.9,3.6,52.8,12.1,11.5,4.4,47.2,5.8,6.4,21.8,3.0,17.9,16.7,15.6,12.7,5.4,2.8,7.2,4.4,1.5
2017-05-31 08:43:00+02:00,2.2,4.9,1.3,7.4,37.1,26.6,21.8,3.4,1.3,9.9,5.9,27.9,2.0,8.7,3.0,5.0,1.0,7.3,24.2,36.2,19.4,2.4,25.5,3.0,42.8,8.4,9.8,2.6,38.0,4.8,3.5,18.6,2.5,15.4,14.3,13.3,10.8,4.7,2.4,6.1,3.7,1.2
2017-05-31 08:44:00+02:00,4.2,9.9,2.7,14.2,72.7,51.4,42.2,7.3,2.9,18.8,12.2,54.0,4.1,17.8,5.8,10.0,1.9,14.7,46.5,70.6,37.8,4.4,49.2,6.0,83.1,16.6,18.6,5.6,74.4,10.3,7.9,36.5,5.6,27.3,25.8,24.4,20.0,8.5,4.3,11.5,7.1,2.7
2017-05-31 08:45:00+02:00,4.5,11.0,3.0,15.7,80.5,56.7,46.5,8.2,3.3,21.5,13.5,59.6,4.7,19.9,6.5,11.9,2.2,16.4,51.2,78.0,41.8,4.9,54.3,6.5,92.1,18.3,20.5,7.2,82.5,11.6,8.9,40.4,6.3,29.8,28.1,26.7,21.8,9.3,4.7,12.5,7.9,3.1
2017-05-31 08:46:00+02:00,4.0,10.1,2.7,14.4,73.6,52.0,42.7,7.5,2.9,20.2,12.2,54.7,4.3,18.2,5.9,11.3,2.0,14.9,47.0,71.3,38.3,4.5,49.8,5.9,84.4,16.7,18.8,6.9,75.6,10.5,7.9,37.0,5.7,27.5,25.9,24.6,20.1,8.6,4.3,11.5,7.2,2.8
2017-05-31 08:47:00+02:00,4.4,11.1,3.0,15.7,80.6,56.8,46.5,8.3,3.2,21.8,13.6,59.7,4.7,20.0,6.5,12.3,2.2,16.4,51.2,78.1,41.8,5.0,54.4,6.5,92.4,18.4,20.4,7.5,82.9,11.6,8.9,40.4,6.3,29.7,28.0,26.7,21.8,9.3,4.7,12.5,7.8,3.1
2017-05-31 08:48:00+02:00,4.6,11.6,3.1,16.4,83.5,58.5,48.3,8.5,3.5,22.9,14.4,61.5,4.9,20.5,7.0,13.0,2.3,16.9,52.8,80.9,43.4,5.2,56.0,6.8,95.6,19.4,21.3,8.0,85.8,12.0,9.5,41.8,6.7,30.9,29.1,27.6,22.6,9.7,4.9,12.9,8.0,3.1
2017-05-31 08:49:00+02:00,4.6,11.5,3.1,16.3,83.3,58.0,48.0,8.5,3.5,22.8,14.8,61.0,4.9,20.4,7.0,12.9,2.3,16.8,52.3,80.7,43.1,5.1,55.5,6.7,95.2,19.8,21.1,8.0,85.5,11.9,10.1,41.5,6.7,30.7,28.9,27.4,22.5,9.6,4.9,12.8,8.0,3.1
2017-05-31 08:50:00+02:00,4.1,10.5,2.8,14.8,75.1,52.4,43.4,7.7,3.2,20.3,13.2,55.1,4.4,18.6,6.2,11.4,2.1,15.3,47.2,72.7,39.1,4.6,50.2,6.0,85.7,17.6,19.1,7.0,77.0,10.8,9.0,37.7,6.1,27.7,26.1,24.8,20.4,8.6,4.4,11.8,7.4,3.0
2017-05-31 08:51:00+02:00,3.4,8.4,2.3,12.0,60.2,42.8,35.6,6.2,2.6,16.6,9.6,45.0,3.5,15.1,5.0,9.2,1.7,12.4,38.7,58.3,31.9,3.7,41.0,4.8,68.8,13.3,15.7,5.7,61.6,8.7,6.1,30.8,4.8,23.1,21.7,20.6,16.8,7.1,3.6,9.7,6.1,2.4
2017-05-31 08:52:00+02:00,4.0,10.1,2.7,14.3,73.6,51.2,42.3,7.5,3.1,19.8,13.1,53.8,4.3,18.2,6.0,11.1,2.1,14.9,46.1,71.2,38.1,4.4,49.0,5.8,83.9,17.4,18.5,6.8,75.5,10.6,9.0,36.7,5.8,27.2,25.6,24.3,19.9,8.4,4.2,11.5,7.3,3.0
2017-05-31 08:53:00+02:00,4.4,11.2,3.0,15.7,82.0,57.1,46.7,8.4,3.5,22.0,14.6,60.1,4.8,20.2,6.8,12.5,2.3,16.6,51.4,79.4,42.1,4.9,54.6,6.5,93.5,19.3,20.4,7.7,84.2,11.8,10.0,40.6,6.4,30.1,28.3,26.8,22.0,9.3,4.7,12.7,8.0,3.3
2017-05-31 08:54:00+02:00,4.6,11.8,3.2,16.6,86.2,60.1,49.2,8.9,3.6,23.1,15.2,63.2,5.1,21.1,7.3,13.2,2.5,17.4,54.1,83.4,44.3,5.2,57.5,6.9,97.9,20.2,21.5,8.2,88.1,12.4,10.4,42.7,6.9,31.5,29.6,28.1,23.1,9.8,4.9,13.2,8.3,3.4
2017-05-31 08:55:00+02:00,4.5,11.6,3.1,16.3,83.5,58.9,48.3,8.6,3.5,22.9,14.0,61.9,5.0,20.6,6.7,13.2,2.4,17.0,53.1,80.8,43.4,5.1,56.3,7.0,94.4,18.9,21.2,8.3,84.7,12.1,9.2,41.8,6.7,31.1,29.2,27.6,22.6,9.7,4.9,13.0,8.1,3.2
2017-05-31 08:56:00+02:00,2.7,6.8,1.8,9.8,49.9,35.4,29.1,4.9,2.0,14.2,8.3,37.0,2.9,12.1,3.6,8.2,1.5,10.0,32.1,48.5,26.0,3.0,33.9,4.2,56.0,11.5,13.0,5.0,49.9,6.9,5.3,25.0,3.7,19.6,18.3,17.2,14.0,6.0,3.1,8.0,4.9,1.8
2017-05-31 08:57:00+02:00,3.9,9.9,2.7,14.0,72.7,50.9,41.7,7.3,3.0,19.8,12.8,53.4,4.3,17.7,5.5,11.5,2.1,14.6,45.9,70.5,37.4,4.4,48.6,6.0,82.0,17.1,18.3,7.2,73.5,10.3,8.5,36.0,5.7,27.1,25.5,24.1,19.7,8.4,4.3,11.3,7.1,2.8
2017-05-31 08:58:00+02:00,3.9,9.5,2.6,13.6,69.4,49.4,40.5,7.0,2.8,19.7,11.2,51.8,4.1,17.0,5.4,11.4,2.1,14.1,44.6,67.2,36.3,4.3,47.3,6.0,79.2,15.4,17.8,7.2,70.8,9.8,7.0,34.8,5.4,26.7,25.1,23.6,19.3,8.3,4.2,11.0,6.8,2.6
2017-05-31 08:59:00+02:00,5.0,12.6,3.4,17.7,90.9,63.7,52.0,9.4,3.8,25.0,15.7,67.0,5.5,22.4,7.9,14.6,2.7,18.5,57.2,88.0,47.2,5.7,60.7,7.7,104.4,21.0,22.9,9.3,93.8,13.1,10.5,45.3,7.3,33.8,31.7,29.9,24.6,10.5,5.3,14.1,8.8,3.5
2017-05-31 09:00:00+02:00,3.8,9.7,2.6,13.7,70.0,49.6,40.6,7.1,2.9,19.4,11.6,52.0,4.1,17.1,6.0,11.2,2.0,14.1,44.7,67.8,36.5,4.3,47.3,5.8,80.3,15.8,17.9,7.0,72.0,9.9,7.5,35.0,5.6,26.3,24.7,23.3,19.0,8.1,4.2,10.9,6.7,2.6
2017-05-31 09:01:00+02:00,4.7,12.0,3.3,16.8,86.6,61.1,50.0,9.0,3.6,23.2,14.6,64.2,5.2,21.4,7.5,13.8,2.6,17.6,54.8,83.8,45.0,5.4,58.2,7.3,99.3,19.6,21.8,8.8,89.3,12.6,9.7,43.2,7.0,32.0,30.0,28.4,23.3,10.0,5.0,13.4,8.4,3.4
2017-05-31 09:02:00+02:00,4.8,12.3,3.4,17.3,88.8,62.6,51.3,9.2,3.7,23.9,15.0,65.8,5.4,21.9,7.8,14.2,2.6,18.0,56.3,85.9,46.2,5.6,59.7,7.5,101.9,20.2,22.4,9.1,91.6,12.8,9.9,44.3,7.2,33.0,31.0,29.3,24.0,10.3,5.2,13.8,8.7,3.5
2017-05-31 09:03:00+02:00,5.1,12.9,3.5,18.1,90.7,64.9,53.9,9.6,3.9,25.3,14.0,68.3,5.7,22.9,7.3,15.0,2.8,18.9,58.4,87.7,48.4,5.9,61.8,7.9,104.5,19.4,23.5,9.8,93.6,13.4,8.7,46.4,7.5,34.8,32.6,30.7,25.2,10.8,5.5,14.4,9.1,3.7
2017-05-31 09:04:00+02:00,5.0,12.6,3.4,17.7,88.2,63.2,52.7,9.4,3.8,24.9,13.6,66.5,5.6,22.4,6.1,14.8,2.7,18.5,56.9,85.3,47.4,5.8,60.3,7.7,101.8,18.8,23.0,9.5,91.1,13.1,8.3,45.4,7.3,34.3,32.1,30.2,24.8,10.7,5.4,14.2,8.9,3.6
2017-05-31 09:05:00+02:00,2.4,5.8,1.5,8.3,39.8,29.6,25.3,4.1,1.6,12.4,4.8,31.0,2.6,10.1,1.9,7.6,1.4,8.5,27.0,38.6,22.4,2.8,28.4,3.7,46.4,7.6,11.2,4.9,40.9,5.6,2.1,21.3,3.0,17.8,16.5,15.3,12.4,5.4,2.8,7.0,4.3,1.4
2017-05-31 09:06:00+02:00,2.2,5.7,1.5,8.2,39.7,28.8,24.6,3.9,1.5,12.3,5.6,30.1,2.5,9.5,1.9,7.4,1.4,8.1,26.2,38.5,21.7,2.8,27.5,3.5,46.3,8.4,11.0,4.8,40.8,5.2,2.9,20.5,2.9,17.8,16.4,15.1,12.3,5.4,2.8,6.8,4.1,1.3
2017-05-31 09:07:00+02:00,2.1,6.7,1.7,9.5,47.5,34.2,28.7,4.6,1.8,13.5,7.2,35.8,2.9,11.3,2.5,7.7,1.5,9.5,31.1,46.1,25.4,3.2,32.7,3.5,55.3,10.3,12.8,4.9,48.9,6.3,4.0,24.0,3.5,19.7,18.2,16.8,13.5,5.5,3.2,8.0,4.8,1.6
2017-05-31 09:08:00+02:00,2.3,6.9,1.8,9.9,51.0,36.4,30.0,4.8,1.9,14.0,8.0,38.1,3.1,11.8,2.8,8.1,1.6,9.9,33.1,49.4,26.5,3.3,34.9,3.8,59.2,11.3,13.3,5.3,52.4,6.6,4.7,25.1,3.6,20.7,19.2,17.6,14.2,5.8,3.3,8.4,5.1,1.7
2017-05-31 09:09:00+02:00,3.1,8.6,2.3,12.2,62.5,44.2,36.3,6.1,2.4,16.1,10.2,46.4,3.7,14.9,3.7,8.9,1.9,12.4,40.0,60.6,32.5,4.0,42.3,5.0,72.3,14.2,16.1,6.5,64.3,8.5,6.3,31.0,4.7,24.3,22.7,21.1,17.1,7.0,3.9,10.1,6.3,2.3
2017-05-31 09:10:00+02:00,1.8,4.5,1.2,6.4,31.7,23.0,18.9,3.0,1.2,7.7,4.4,24.2,1.9,7.5,1.1,3.8,1.0,6.4,21.0,30.8,16.8,2.2,22.1,2.3,37.0,6.7,8.4,3.2,32.6,4.1,2.2,15.9,2.3,13.7,12.7,11.7,9.4,4.0,2.2,5.5,3.3,1.0
2017-05-31 09:11:00+02:00,1.8,3.8,1.0,5.3,27.0,19.1,15.7,2.5,1.0,7.3,4.3,20.1,1.6,6.3,2.4,4.1,0.8,5.3,17.4,26.2,13.8,1.8,18.4,2.1,31.3,6.1,6.8,2.8,27.7,3.4,2.4,13.1,2.0,11.6,10.8,9.9,8.0,3.5,1.8,4.5,2.7,0.9
2017-05-31 09:12:00+02:00,1.1,2.2,0.6,3.0,15.1,10.7,8.7,1.3,0.6,3.3,2.3,11.3,0.8,3.6,1.4,1.8,0.5,3.1,9.8,14.7,7.6,1.1,10.3,0.9,17.6,3.4,3.7,1.3,15.4,1.9,1.2,7.4,1.2,6.9,6.4,5.9,4.8,2.1,1.1,2.7,1.6,0.5
2017-05-31 09:13:00+02:00,0.4,0.9,0.3,1.0,5.3,3.6,2.9,0.3,0.2,1.0,0.9,3.8,0.2,1.2,0.5,1.4,0.2,1.0,3.3,5.2,2.4,0.4,3.6,0.1,6.1,1.4,1.2,0.7,5.2,0.5,0.5,2.4,0.4,3.1,2.8,2.6,2.1,1.0,0.5,1.1,0.7,0.1
2017-05-31 09:14:00+02:00,0.4,0.8,0.3,0.9,4.9,3.4,2.7,0.2,0.2,2.5,0.8,3.6,0.1,1.1,0.4,2.4,0.2,0.9,3.1,4.9,2.2,0.4,3.3,0.1,5.6,1.3,1.0,0.8,4.8,0.4,0.4,2.1,0.4,2.9,2.7,2.5,2.0,0.9,0.5,1.1,0.7,0.2
2017-05-31 09:15:00+02:00,0.6,1.2,0.3,1.5,7.9,5.5,4.4,0.5,0.3,0.4,1.5,5.8,0.4,1.8,0.7,0.4,0.2,1.5,5.0,7.9,3.7,0.6,5.3,0.7,9.1,2.2,1.8,0.8,7.9,0.8,0.9,3.5,0.5,4.1,3.8,3.5,2.8,1.3,0.6,1.5,0.9,0.2
2017-05-31 09:16:00+02:00,0.6,1.3,0.4,1.6,9.2,6.3,5.1,0.7,0.4,2.4,1.8,6.7,0.5,2.1,0.9,1.2,0.3,1.8,5.7,9.2,4.3,0.7,6.1,0.8,10.6,2.5,2.0,1.0,9.2,1.0,1.1,4.1,0.6,4.7,4.3,3.9,3.2,1.4,0.7,1.7,1.1,0.3
2017-05-31 09:17:00+02:00,0.6,1.2,0.4,1.6,8.7,6.0,4.8,0.6,0.4,2.0,1.7,6.3,0.4,1.9,0.8,0.9,0.3,1.6,5.4,8.7,4.0,0.6,5.7,0.6,10.0,2.4,2.0,0.8,8.6,0.9,1.0,3.9,0.6,4.4,4.1,3.7,3.0,1.4,0.7,1.6,1.0,0.3
2017-05-31 09:18:00+02:00,0.8,1.7,0.5,2.5,12.0,9.0,7.2,1.0,0.5,2.0,1.6,9.5,0.7,2.9,0.7,0.4,0.4,2.4,8.1,11.8,6.2,0.9,8.6,1.1,13.7,2.4,3.1,1.4,12.1,1.4,0.9,5.9,0.9,6.0,5.6,5.1,4.2,1.9,0.9,2.3,1.4,0.4
2017-05-31 09:19:00+02:00,1.1,2.1,0.6,3.1,16.6,11.3,9.0,1.2,0.6,3.9,3.3,11.9,0.8,3.5,1.6,1.9,0.5,3.0,10.2,16.3,7.8,1.1,10.8,1.4,18.8,4.5,4.0,1.8,16.7,1.7,2.2,7.4,1.0,7.4,6.8,6.3,5.1,2.3,1.1,2.8,1.7,0.5
2017-05-31 09:20:00+02:00,1.5,3.1,0.9,4.6,24.4,16.5,13.2,1.8,0.9,6.9,4.9,17.3,1.1,5.0,2.3,3.9,0.8,4.3,14.9,23.9,11.5,1.6,15.7,2.1,27.9,6.6,5.9,2.7,24.8,2.5,3.5,10.9,1.6,10.3,9.5,8.8,7.2,3.2,1.6,4.0,2.4,0.8
2017-05-31 09:21:00+02:00,2.0,4.0,1.1,5.7,32.5,21.9,17.7,2.8,1.1,9.4,6.6,23.0,1.9,7.1,3.0,5.3,1.0,6.0,19.8,31.7,15.5,2.1,20.9,2.8,37.1,8.7,7.5,3.6,33.1,3.9,4.6,14.6,2.0,13.4,12.3,11.5,9.4,4.1,2.0,5.3,3.2,1.1
2017-05-31 09:22:00+02:00,2.0,4.0,1.1,5.5,30.5,21.5,17.3,2.9,1.2,9.3,5.1,22.6,1.9,7.2,3.0,5.5,1.0,6.1,19.4,29.7,15.2,2.1,20.5,2.7,35.0,7.2,7.2,3.4,31.1,4.0,3.2,14.4,2.1,12.9,11.9,11.1,9.1,4.0,2.0,5.1,3.1,1.1
2017-05-31 09:23:00+02:00,1.5,3.0,0.9,4.2,21.5,16.2,13.1,2.1,0.9,6.4,2.3,17.0,1.4,5.4,2.3,3.5,0.7,4.6,14.7,21.0,11.5,1.6,15.5,2.1,25.1,3.9,5.5,2.6,22.2,3.0,0.9,10.9,1.5,9.8,9.1,8.4,6.9,3.0,1.5,3.9,2.4,0.8
2017-05-31 09:24:00+02:00,1.2,2.3,0.7,2.4,15.1,12.2,9.6,1.8,0.7,4.6,0.6,12.8,1.1,4.4,1.9,2.2,0.6,3.8,10.9,14.8,8.3,1.3,11.6,1.6,18.1,1.9,3.4,2.1,15.8,2.5,0.3,7.9,1.1,8.1,7.5,6.9,5.7,2.5,1.3,3.2,2.0,0.7
2017-05-31 09:25:00+02:00,1.3,2.4,0.7,2.7,16.5,13.0,10.2,1.9,0.7,5.8,1.1,13.7,1.2,4.6,2.0,3.2,0.7,4.0,11.7,16.1,8.9,1.4,12.3,1.6,19.7,2.5,3.8,2.1,17.2,2.6,0.4,8.4,1.1,8.8,8.1,7.4,6.1,2.6,1.3,3.5,2.1,0.7
2017-05-31 09:26:00+02:00,1.5,2.9,0.9,4.3,21.1,15.5,12.4,2.2,0.9,7.1,2.6,16.3,1.4,5.4,2.4,4.0,0.7,4.6,14.0,20.6,10.8,1.6,14.8,1.9,24.8,4.3,4.8,2.5,21.8,3.0,1.1,10.2,1.4,10.3,9.5,8.7,7.1,3.1,1.6,4.0,2.4,0.8
2017-05-31 09:27:00+02:00,2.0,3.9,1.1,5.8,28.8,20.5,16.4,2.8,1.1,9.3,4.4,21.5,1.8,7.0,3.1,5.4,0.9,6.0,18.5,28.0,14.3,2.1,19.5,2.6,33.3,6.5,6.6,3.4,29.4,3.9,2.5,13.5,2.0,13.1,12.1,11.1,9.1,3.9,2.0,5.1,3.1,1.0
2017-05-31 09:28:00+02:00,2.6,5.1,1.4,7.7,40.5,27.2,21.9,3.7,1.4,12.4,8.1,28.6,2.5,9.2,3.9,7.2,1.2,7.8,24.6,39.4,19.3,2.7,25.9,3.5,46.6,10.8,9.0,4.6,41.5,5.1,5.6,18.2,2.6,17.0,15.7,14.4,11.7,5.1,2.6,6.6,4.0,1.3
2017-05-31 09:29:00+02:00,3.8,8.0,2.2,11.7,63.5,43.0,34.9,6.0,2.3,17.8,12.6,45.1,3.8,14.4,5.9,10.2,1.9,12.1,38.8,61.6,31.2,4.1,41.0,5.3,72.7,16.5,15.2,6.9,65.2,8.2,9.0,29.6,4.3,24.6,22.8,21.1,17.2,7.5,3.7,9.8,6.0,2.2
2017-05-31 09:30:00+02:00,4.1,9.3,2.6,13.4,72.1,49.0,39.9,7.1,2.8,19.5,14.1,51.5,4.3,16.8,6.6,11.1,2.1,14.0,44.2,69.8,35.7,4.6,46.7,6.0,82.5,18.3,17.3,7.6,74.2,9.8,10.0,34.1,5.2,27.1,25.2,23.5,19.2,8.3,4.1,11.0,6.8,2.6
2017-05-31 09:31:00+02:00,2.7,6.1,1.7,8.8,46.9,31.9,26.0,4.5,1.8,12.7,9.0,33.5,2.7,10.9,4.4,7.0,1.4,9.1,28.8,45.4,23.2,3.1,30.4,3.8,53.6,11.9,11.3,4.8,48.1,6.2,6.4,22.2,3.4,18.0,16.7,15.5,12.7,5.5,2.7,7.3,4.5,1.7
2017-05-31 09:32:00+02:00,1.2,2.4,0.7,3.7,19.0,12.9,10.5,1.6,0.7,5.1,3.6,13.6,1.1,4.3,1.9,2.5,0.6,3.6,11.9,18.4,9.3,1.4,12.4,1.4,21.7,4.9,4.7,1.9,19.3,2.3,2.5,9.0,1.2,8.1,7.5,6.8,5.6,2.4,1.2,3.2,2.0,0.6
2017-05-31 09:33:00+02:00,0.9,1.8,0.5,2.7,13.5,9.4,7.6,1.1,0.5,3.3,2.3,9.8,0.7,3.0,1.5,1.2,0.4,2.6,8.6,13.2,6.7,1.1,9.0,1.0,15.4,3.4,3.5,1.0,13.8,1.6,1.6,6.5,0.9,6.2,5.7,5.2,4.3,1.9,0.9,2.4,1.5,0.4
2017-05-31 09:34:00+02:00,0.9,1.8,0.6,2.8,13.9,9.5,7.7,1.1,0.5,2.1,2.5,10.0,0.8,3.0,1.5,0.1,0.4,2.6,8.8,13.5,6.8,1.1,9.1,1.1,15.8,3.5,3.6,0.5,14.2,1.5,1.7,6.6,0.9,6.2,5.7,5.2,4.3,1.9,1.0,2.4,1.5,0.4
2017-05-31 09:35:00+02:00,1.0,2.1,0.6,3.1,16.1,11.0,8.8,1.3,0.6,3.4,3.0,11.5,0.9,3.5,1.7,1.0,0.5,3.0,10.0,15.6,7.7,1.2,10.5,1.2,17.8,4.1,4.0,1.6,16.4,1.8,2.1,7.5,1.0,6.9,6.3,5.8,4.8,2.1,1.1,2.7,1.7,0.5
2017-05-31 09:36:00+02:00,1.2,1.9,0.7,3.2,18.8,12.7,10.1,1.6,0.7,4.9,3.6,13.3,1.1,4.3,1.9,2.2,0.6,3.7,11.4,18.2,8.8,1.4,12.1,1.5,21.4,4.9,4.3,2.1,19.2,2.3,2.5,8.5,0.7,7.8,7.1,6.5,5.4,2.5,1.3,2.9,2.0,0.6
2017-05-31 09:37:00+02:00,1.4,2.4,0.8,3.8,22.2,15.0,12.0,2.0,0.8,6.9,4.2,15.8,1.3,5.1,2.3,3.8,0.7,4.3,13.5,21.5,10.6,1.6,14.3,1.8,24.9,5.8,5.1,2.5,22.7,2.7,2.9,10.1,0.9,9.4,8.6,7.9,6.6,3.0,1.5,3.6,2.3,0.7
2017-05-31 09:38:00+02:00,1.8,3.0,1.0,4.8,27.7,18.9,15.1,2.5,1.0,8.7,5.1,19.8,1.6,6.3,2.8,4.9,0.9,5.4,17.1,26.9,13.3,1.9,18.0,2.3,31.0,7.0,6.4,3.2,28.4,3.4,3.9,12.7,1.2,11.8,10.9,10.0,8.3,3.7,1.8,4.6,2.8,0.9
2017-05-31 09:39:00+02:00,5.4,11.9,3.5,17.3,94.7,64.9,52.6,9.7,3.7,27.0,17.7,68.3,6.0,22.7,9.0,15.9,3.0,18.9,58.2,91.6,47.2,6.3,61.8,8.1,108.4,23.3,22.2,10.5,97.7,13.3,13.7,44.9,6.4,36.1,33.5,31.1,25.8,11.2,5.5,14.5,9.1,3.6
2017-05-31 09:40:00+02:00,6.7,13.9,4.3,20.4,116.6,79.0,64.0,12.1,4.6,33.3,22.5,83.3,7.5,27.9,11.3,19.9,3.7,23.2,70.7,112.6,57.4,7.9,75.1,10.4,133.7,29.3,26.6,13.4,120.4,16.6,17.1,54.4,7.0,44.4,41.1,38.1,31.6,13.8,6.8,17.8,11.1,4.4
2017-05-31 09:41:00+02:00,4.6,8.7,2.8,13.3,77.6,52.8,42.7,7.8,3.0,22.8,14.8,55.5,4.8,18.5,7.3,13.5,2.4,15.4,47.4,75.0,38.1,5.2,50.3,7.0,88.9,19.5,17.6,9.0,80.0,10.7,11.3,36.2,4.1,30.0,27.9,25.8,21.4,9.3,4.6,12.1,7.5,2.9
2017-05-31 09:42:00+02:00,4.6,9.6,2.7,14.3,77.3,53.1,43.1,7.5,2.9,22.8,14.3,55.7,4.6,18.0,7.2,13.5,2.2,15.0,47.8,74.7,38.5,5.0,50.6,7.0,88.5,19.0,18.6,9.0,79.6,10.3,10.9,36.6,5.0,30.1,27.8,25.8,21.3,9.3,4.6,12.0,7.5,2.8
2017-05-31 09:43:00+02:00,6.2,13.8,3.9,20.0,109.9,74.1,60.3,10.9,4.1,31.2,22.1,77.8,6.8,25.5,10.2,18.5,3.4,21.2,66.6,106.3,54.1,7.1,70.6,9.6,125.5,28.5,25.9,12.4,113.2,14.9,16.3,51.4,7.4,41.5,38.4,35.7,29.5,12.8,6.3,16.6,10.3,4.0
2017-05-31 09:44:00+02:00,4.2,8.5,2.4,12.8,70.6,47.5,38.7,6.7,2.5,20.6,14.4,49.7,4.2,16.0,6.4,12.1,2.1,13.4,43.0,68.4,34.4,4.5,45.4,6.2,80.2,18.7,16.7,8.1,72.3,9.1,10.5,32.7,4.2,27.5,25.4,23.5,19.4,8.4,4.2,10.9,6.7,2.4
2017-05-31 09:45:00+02:00,3.8,8.1,2.2,12.1,65.0,44.0,35.9,6.1,2.3,18.8,12.9,46.1,3.9,14.7,5.9,11.0,2.0,12.3,39.8,62.9,32.0,4.1,42.0,5.7,73.8,16.9,15.7,7.4,66.5,8.3,9.7,30.4,4.2,25.3,23.4,21.7,17.8,7.8,3.8,10.1,6.2,2.2
2017-05-31 09:46:00+02:00,4.1,8.9,2.4,13.1,70.2,47.5,38.8,6.6,2.5,20.6,14.0,49.7,4.2,16.0,6.4,12.1,2.1,13.3,43.0,68.0,34.6,4.5,45.4,6.2,79.7,18.2,17.0,8.0,72.0,9.1,10.5,32.9,4.8,27.0,25.0,23.1,19.0,8.3,4.1,10.7,6.5,2.3
2017-05-31 09:47:00+02:00,4.4,9.4,2.5,13.8,74.4,50.2,41.0,7.0,2.7,21.8,14.9,52.6,4.4,16.9,6.9,12.8,2.2,14.1,45.5,72.0,36.6,4.7,48.0,6.6,84.7,19.4,17.9,8.5,76.3,9.6,11.2,34.8,5.1,28.7,26.5,24.5,20.2,8.8,4.4,11.4,6.9,2.5
2017-05-31 09:48:00+02:00,6.4,13.7,4.0,20.1,112.4,75.9,61.8,11.3,4.2,31.5,22.3,79.8,7.1,26.2,10.7,18.4,3.5,21.9,68.2,108.6,55.3,7.3,72.2,9.9,128.7,28.9,26.2,12.1,115.7,15.4,17.0,52.4,7.2,42.8,39.5,36.6,30.2,13.2,6.6,17.0,10.5,4.0
2017-05-31 09:49:00+02:00,4.7,8.9,2.7,13.6,78.4,52.8,42.9,7.6,2.8,22.7,15.6,55.5,4.9,18.1,7.3,13.2,2.4,15.2,47.7,75.8,38.2,5.0,50.3,7.1,89.6,20.4,18.1,8.6,80.4,10.4,12.0,36.2,4.2,30.6,28.3,26.1,21.5,9.4,4.7,12.0,7.3,2.6
2017-05-31 09:50:00+02:00,6.0,12.7,3.5,18.6,103.0,69.3,56.4,10.0,3.7,29.5,20.7,72.8,6.4,23.5,9.6,17.3,3.1,19.7,62.5,99.6,50.5,6.6,66.0,9.1,117.8,26.8,24.3,11.4,105.9,13.6,15.5,47.8,6.7,39.2,36.3,33.5,27.6,12.1,6.0,15.5,9.5,3.5
2017-05-31 09:51:00+02:00,5.4,10.3,3.2,15.7,90.4,61.3,49.7,8.9,3.4,26.0,17.6,64.3,5.7,21.1,8.6,15.0,2.8,17.7,55.2,87.3,44.3,5.9,58.3,8.2,103.5,23.1,20.8,9.8,92.9,12.2,13.8,42.0,4.9,35.3,32.6,30.1,24.8,10.9,5.4,13.9,8.5,3.1
2017-05-31 09:52:00+02:00,3.2,6.2,1.7,9.5,51.4,35.3,28.7,4.9,1.8,15.1,9.7,36.9,3.2,11.7,4.9,8.7,1.6,9.9,32.0,49.7,25.5,3.4,33.7,4.7,58.5,12.9,12.5,5.6,52.5,6.6,7.9,24.2,3.1,20.5,18.9,17.4,14.3,6.3,3.2,7.9,4.8,1.6
2017-05-31 09:53:00+02:00,2.6,4.3,1.4,7.0,42.0,27.9,22.6,3.8,1.5,12.6,8.9,29.1,2.5,9.3,4.0,7.2,1.3,7.9,25.3,40.6,19.9,2.8,26.6,3.8,47.8,11.6,9.5,4.6,42.8,5.1,6.5,18.8,1.7,16.7,15.4,14.1,11.5,5.3,2.7,6.2,3.9,1.2
2017-05-31 09:54:00+02:00,2.4,3.6,1.3,6.1,38.0,25.1,20.2,3.4,1.3,11.5,8.1,26.2,2.3,8.5,3.7,6.5,1.2,7.1,22.7,36.7,17.7,2.5,23.9,3.5,43.2,10.6,8.3,4.2,38.7,4.6,6.0,16.7,1.3,15.6,14.3,13.1,10.7,4.9,2.5,5.9,3.6,1.1
2017-05-31 09:55:00+02:00,2.4,4.6,1.4,7.1,39.8,26.6,21.5,3.6,1.4,11.5,8.2,27.8,2.4,8.8,3.8,6.5,1.2,7.4,24.1,38.5,19.0,2.6,25.4,3.5,45.3,10.7,9.2,4.1,40.7,4.9,6.1,18.0,2.3,15.9,14.6,13.5,11.1,4.9,2.5,6.1,3.7,1.2
2017-05-31 09:56:00+02:00,1.7,2.3,1.0,4.2,27.7,18.1,14.4,2.5,1.0,8.4,6.0,18.9,1.7,6.3,2.8,4.6,0.9,5.3,16.3,26.7,12.5,1.9,17.2,2.5,31.5,7.9,5.6,3.0,28.2,3.4,4.4,11.9,0.7,11.8,10.8,9.9,8.2,3.7,1.9,4.5,2.7,0.8
2017-05-31 09:57:00+02:00,3.7,7.9,2.4,11.6,66.4,44.5,36.0,6.6,2.6,17.8,13.5,46.8,4.1,15.6,6.4,10.1,2.1,12.9,39.9,64.2,32.1,4.4,42.3,5.7,75.7,17.4,15.0,6.8,68.3,9.1,10.0,30.5,4.0,25.1,23.2,21.5,17.7,7.7,3.9,10.0,6.2,2.3
2017-05-31 09:58:00+02:00,5.3,12.5,3.6,17.8,97.7,65.4,53.0,10.0,3.8,26.2,19.9,68.9,6.3,23.1,9.4,15.3,3.1,19.1,58.4,94.4,47.5,6.6,62.1,8.4,111.8,25.5,21.9,10.4,100.8,13.7,14.8,45.0,6.8,36.5,33.7,31.2,25.9,11.3,5.6,14.6,9.1,3.6
2017-05-31 09:59:00+02:00,5.8,12.6,4.0,18.4,105.6,70.3,56.7,11.1,4.2,28.6,21.8,74.1,6.9,25.3,10.4,16.8,3.4,21.0,62.6,101.9,50.8,7.2,66.6,9.2,121.2,27.8,22.7,11.4,109.2,15.1,16.2,48.0,6.4,39.2,36.1,33.4,27.6,11.7,6.1,15.9,9.9,3.9
2017-05-31 10:00:00+02:00,6.0,14.2,4.1,20.2,111.6,75.1,61.1,11.4,4.3,29.7,22.6,79.0,7.2,26.1,10.7,17.4,3.5,21.7,67.2,107.9,54.9,7.5,71.3,9.5,127.8,28.9,25.9,11.7,115.3,15.6,16.8,51.9,7.7,40.8,37.7,34.8,28.7,12.2,6.4,16.5,10.3,4.0
2017-05-31 10:01:00+02:00,5.2,11.6,3.4,16.8,94.4,63.5,51.6,9.6,3.6,25.2,19.2,66.7,6.0,22.2,9.0,14.6,3.0,18.5,56.9,91.2,46.3,6.3,60.3,8.0,107.9,24.6,21.6,9.8,97.4,13.2,14.2,43.8,6.1,35.1,32.4,30.0,24.9,10.9,5.4,14.0,8.7,3.4
2017-05-31 10:02:00+02:00,6.4,14.3,4.2,20.8,116.7,78.2,63.5,11.9,4.4,31.5,23.9,82.2,7.5,27.2,11.3,18.4,3.7,22.7,70.0,112.8,57.0,7.8,74.3,10.0,133.8,30.6,26.6,12.4,120.6,16.3,17.7,53.9,7.5,44.0,40.6,37.5,31.1,13.6,6.8,17.5,10.9,4.2
2017-05-31 10:03:00+02:00,6.5,14.2,4.2,20.7,116.3,77.6,63.0,11.9,4.4,31.4,24.1,81.7,7.6,27.4,11.3,18.3,3.7,22.9,69.5,112.4,56.4,7.8,73.7,10.0,131.3,30.8,25.9,12.1,120.2,16.3,17.8,53.3,7.4,44.2,40.8,37.7,31.3,13.7,6.8,17.5,10.9,4.2
2017-05-31 10:04:00+02:00,6.0,13.8,3.9,19.8,108.6,72.8,59.2,11.1,4.1,29.4,22.4,76.5,7.0,25.6,10.5,17.1,3.5,21.3,65.2,105.1,53.0,7.2,69.2,9.2,122.4,28.6,24.6,11.1,112.2,15.2,16.6,50.1,7.4,41.0,37.9,35.0,29.0,12.7,6.3,16.3,10.1,3.9
2017-05-31 10:05:00+02:00,6.2,14.4,4.1,20.7,115.0,77.3,63.0,11.7,4.3,30.7,23.4,81.3,7.4,26.8,11.0,17.9,3.7,22.4,69.3,111.2,56.6,7.6,73.5,9.7,129.5,30.0,26.7,11.7,118.7,16.0,17.4,53.5,7.7,42.9,39.6,36.6,30.3,13.3,6.6,17.0,10.6,4.1
2017-05-31 10:06:00+02:00,3.3,6.1,2.1,9.6,58.2,38.8,31.5,6.0,2.3,15.7,12.2,40.8,3.8,14.0,5.6,8.8,1.9,11.7,34.9,56.4,28.0,3.9,37.0,4.9,64.5,15.7,12.9,5.5,59.9,8.1,9.0,26.9,2.6,22.4,20.7,19.1,15.7,7.0,3.5,8.7,5.5,1.9
2017-05-31 10:07:00+02:00,3.4,5.7,2.0,9.2,57.3,38.0,30.7,5.6,2.1,15.7,12.2,39.9,3.6,13.4,5.5,8.7,1.8,11.2,34.2,55.5,27.2,3.8,36.2,4.7,63.6,15.7,12.4,5.4,59.0,7.7,8.9,25.7,2.3,22.3,20.5,18.9,15.5,6.9,3.5,8.6,5.4,1.8
2017-05-31 10:08:00+02:00,6.8,13.9,4.4,20.6,120.7,80.1,64.9,12.3,4.5,32.4,25.2,84.4,7.8,28.2,11.8,18.6,3.9,23.6,71.7,116.6,58.0,8.1,76.1,9.5,136.6,32.2,26.5,11.9,124.7,16.8,18.6,54.7,6.9,45.9,42.3,39.0,32.3,14.3,7.1,18.0,11.3,4.3
2017-05-31 10:09:00+02:00,4.6,9.0,2.8,13.7,78.7,52.0,42.0,8.0,2.9,21.1,16.8,54.7,5.1,18.6,7.6,11.7,2.5,15.6,46.6,76.1,37.5,5.3,49.5,6.0,88.3,21.5,16.8,7.2,81.3,10.9,12.3,35.4,4.3,30.2,27.9,25.7,21.2,9.4,4.7,11.8,7.4,2.7
2017-05-31 10:10:00+02:00,3.4,7.2,1.9,10.6,57.1,38.2,31.3,5.4,2.0,15.7,12.0,40.0,3.5,12.7,5.3,8.8,1.8,10.7,34.7,55.3,28.0,3.7,36.6,4.8,63.2,15.4,13.8,5.6,58.7,7.2,8.7,26.5,3.7,21.7,20.0,18.4,15.1,6.8,3.4,8.3,5.1,1.8
2017-05-31 10:11:00+02:00,5.0,10.7,3.1,15.7,87.7,58.6,47.8,8.5,3.2,23.9,18.1,61.6,5.4,19.9,8.3,13.8,2.7,16.7,52.9,84.8,42.8,5.7,55.9,7.4,98.6,23.2,20.5,8.9,90.5,11.6,13.3,40.4,5.6,32.8,30.3,27.9,23.0,10.1,5.1,12.9,8.0,3.0
2017-05-31 10:12:00+02:00,2.7,5.2,1.5,8.1,46.0,30.6,25.0,4.2,1.6,12.4,9.7,32.1,2.7,10.1,4.3,6.8,1.4,8.5,27.9,44.6,22.2,3.0,29.3,3.8,52.7,12.5,10.8,4.1,47.3,5.6,7.1,21.0,2.4,17.6,16.3,14.9,12.2,5.5,2.8,6.7,4.2,1.4
2017-05-31 10:13:00+02:00,3.1,5.9,1.7,9.1,52.2,34.7,28.2,4.7,1.7,14.3,11.1,36.3,3.0,11.3,4.9,7.9,1.6,9.6,31.4,50.6,24.9,3.3,33.1,4.4,59.5,14.3,12.2,4.8,53.3,6.3,8.0,23.6,2.7,20.2,18.6,17.1,14.0,6.3,3.2,7.7,4.8,1.6
2017-05-31 10:14:00+02:00,6.0,13.2,3.8,19.2,107.7,72.1,58.7,10.6,3.9,29.1,22.2,75.8,6.8,24.5,10.2,16.9,3.4,20.5,64.8,104.2,52.6,7.0,68.6,9.1,123.8,28.4,25.2,10.9,111.4,14.4,16.3,49.6,7.0,40.3,37.2,34.3,28.3,12.4,6.2,15.9,9.9,3.8
2017-05-31 10:15:00+02:00,2.9,5.7,1.7,8.7,49.4,33.0,26.9,4.6,1.7,12.8,10.3,34.6,3.0,11.0,4.6,6.9,1.5,9.2,29.9,47.9,23.9,3.2,31.5,4.1,56.7,13.3,11.6,4.1,51.0,6.2,7.5,22.6,2.7,18.9,17.5,16.1,13.2,5.8,2.9,7.4,4.5,1.6
2017-05-31 10:16:00+02:00,6.4,14.7,4.2,21.0,117.1,78.4,63.9,11.9,4.3,30.6,24.0,82.6,7.6,26.9,11.3,17.8,3.7,22.5,70.3,113.1,57.4,7.8,74.5,9.9,134.5,30.6,27.3,11.5,121.1,16.1,17.7,54.2,7.9,43.8,40.4,37.2,30.8,13.5,6.7,17.4,10.7,4.2
2017-05-31 10:17:00+02:00,5.9,13.7,3.9,19.6,108.3,72.6,59.2,11.0,4.0,28.7,22.1,76.5,7.0,25.0,10.4,16.9,3.5,20.8,65.2,104.7,53.2,7.2,69.1,9.1,124.3,28.2,25.4,11.1,111.9,14.9,16.4,50.4,7.5,40.3,37.2,34.3,28.3,12.4,6.2,16.0,9.8,3.8
2017-05-31 10:18:00+02:00,2.4,4.7,1.3,7.2,40.1,26.7,21.9,3.7,1.3,10.9,8.5,28.0,2.4,9.0,3.7,6.2,1.3,7.6,24.3,39.0,19.3,2.6,25.6,3.3,45.4,11.0,9.6,3.9,41.0,5.0,6.2,18.5,2.2,15.7,14.5,13.3,10.9,4.8,2.4,6.1,3.6,1.2
2017-05-31 10:19:00+02:00,2.6,4.9,1.4,7.5,42.8,28.4,23.2,3.8,1.3,12.0,9.2,29.7,2.5,9.2,4.0,6.8,1.3,7.8,25.8,41.6,20.5,2.7,27.1,3.6,48.6,11.9,10.1,4.3,43.7,5.1,6.7,19.3,2.2,17.1,15.7,14.5,11.9,5.3,2.7,6.6,4.0,1.3
2017-05-31 10:20:00+02:00,6.3,14.1,4.0,20.3,113.4,75.8,61.8,11.2,4.1,31.2,23.4,79.7,7.1,25.8,10.8,18.5,3.5,21.5,68.1,109.7,55.4,7.4,72.1,9.7,129.7,29.9,26.5,12.2,117.1,15.2,17.2,52.3,7.6,42.8,39.5,36.4,30.1,13.1,6.6,17.0,10.5,4.1
2017-05-31 10:21:00+02:00,6.2,14.3,3.9,20.4,111.7,74.9,61.1,11.1,4.0,30.4,22.9,78.8,7.1,25.4,10.6,18.1,3.5,21.3,67.3,108.0,54.9,7.3,71.2,9.4,127.7,29.3,26.4,11.9,115.3,15.1,16.9,51.9,7.9,41.6,38.3,35.3,29.1,12.6,6.4,16.6,10.3,4.0
2017-05-31 10:22:00+02:00,6.7,15.7,4.3,22.3,122.1,81.8,66.8,12.2,4.4,33.2,25.1,86.1,7.8,27.8,11.7,19.8,3.9,23.3,73.4,118.0,60.0,8.0,77.8,10.3,139.5,32.0,28.9,13.1,125.7,16.6,18.5,56.8,8.6,45.5,41.9,38.6,31.9,14.2,7.1,17.7,11.3,4.4
2017-05-31 10:23:00+02:00,6.2,14.5,3.9,20.7,112.9,75.8,62.0,11.3,4.1,30.8,23.1,79.7,7.2,25.8,10.8,18.3,3.6,21.6,68.2,109.3,55.7,7.4,72.2,9.5,129.1,29.6,26.9,12.1,116.5,15.3,17.1,52.7,8.0,42.3,39.0,35.9,29.7,13.1,6.5,16.6,10.4,4.0
2017-05-31 10:24:00+02:00,5.3,12.3,3.3,17.6,95.8,64.5,52.8,9.5,3.5,25.7,19.6,67.8,6.1,21.8,9.0,15.0,3.0,18.3,58.1,92.8,47.4,6.2,61.5,8.0,109.4,25.0,23.0,9.7,98.9,12.9,14.5,44.8,6.7,35.7,32.9,30.4,25.1,11.0,5.5,14.0,8.8,3.4
2017-05-31 10:25:00+02:00,5.2,12.3,3.3,17.6,95.6,64.3,52.6,9.5,3.5,25.7,19.6,67.6,6.1,21.8,9.1,15.1,3.0,18.3,57.9,92.5,47.2,6.2,61.2,8.1,109.1,25.0,22.9,9.8,98.7,12.9,14.5,44.7,6.7,35.5,32.8,30.2,24.9,11.0,5.4,14.0,8.7,3.4
2017-05-31 10:26:00+02:00,5.7,13.6,3.7,19.5,106.1,71.3,58.2,10.7,3.9,28.9,21.8,75.0,6.8,24.3,10.2,17.2,3.4,20.4,64.1,102.7,52.4,7.0,67.8,9.0,121.6,27.8,25.3,11.4,109.7,14.5,16.1,49.6,7.5,39.5,36.4,33.5,27.7,12.1,5.9,15.6,9.7,3.8
2017-05-31 10:27:00+02:00,5.5,13.1,3.6,18.7,102.2,68.7,56.1,10.3,3.7,27.4,21.0,72.2,6.6,23.4,9.8,16.1,3.2,19.7,61.7,98.9,50.4,6.7,65.4,8.7,117.1,26.8,24.4,10.5,105.6,13.9,15.5,47.8,7.2,38.1,35.1,32.3,26.7,11.7,5.8,15.0,9.4,3.6
2017-05-31 10:28:00+02:00,5.9,14.0,3.9,20.0,109.7,73.8,60.3,11.1,4.0,28.8,22.4,77.6,7.1,25.2,10.5,16.7,3.5,21.2,66.3,106.1,54.2,7.2,70.2,9.3,125.7,28.6,26.1,10.8,113.4,15.0,16.6,51.3,7.7,40.9,37.7,34.7,28.7,12.6,6.2,16.1,10.0,3.9
2017-05-31 10:29:00+02:00,5.5,12.9,3.6,18.5,101.1,68.1,55.7,10.3,3.7,25.7,20.6,71.6,6.6,23.3,9.6,14.6,3.3,19.6,61.3,97.9,50.1,6.6,64.9,8.6,115.6,26.3,24.0,9.1,104.4,13.9,15.2,47.3,7.1,37.6,34.7,32.0,26.4,11.6,5.7,14.9,9.2,3.6
2017-05-31 10:30:00+02:00,6.7,15.7,4.4,22.4,123.0,82.6,67.4,12.5,4.5,31.9,25.2,86.9,8.0,28.2,11.9,18.3,4.0,23.7,74.1,119.0,60.6,8.2,78.5,10.6,141.0,32.2,29.1,11.7,127.1,16.9,18.7,57.2,8.6,46.1,42.5,39.1,32.3,14.2,7.0,18.1,11.2,4.3
2017-05-31 10:31:00+02:00,2.8,6.3,1.7,9.4,50.4,34.4,28.2,4.9,1.8,12.4,10.2,35.9,3.1,11.6,4.6,6.7,1.7,9.9,31.2,49.0,25.3,3.2,32.9,4.2,57.2,13.2,12.4,3.9,51.9,6.7,7.5,24.0,3.3,18.8,17.4,16.0,13.2,5.9,2.9,7.3,4.5,1.5
2017-05-31 10:32:00+02:00,4.6,10.3,2.9,15.0,82.8,55.7,45.5,8.3,3.0,21.6,16.9,58.6,5.3,19.1,7.9,12.3,2.6,16.1,50.2,80.2,40.8,5.4,53.1,7.1,94.6,21.6,19.6,7.7,85.5,11.3,12.5,38.7,5.7,31.0,28.6,26.4,21.8,9.5,4.7,12.3,7.6,2.9
2017-05-31 10:33:00+02:00,5.0,11.7,3.3,16.7,92.2,62.0,50.6,9.4,3.5,25.1,18.8,65.2,5.9,21.4,8.9,14.9,3.0,17.9,55.6,89.2,45.5,6.1,59.0,7.9,105.7,24.0,21.7,9.9,95.3,12.8,14.0,43.1,6.5,34.2,31.5,29.0,24.0,10.3,5.0,13.7,8.5,3.3
2017-05-31 10:34:00+02:00,6.3,14.9,4.2,21.1,116.4,78.1,63.8,11.9,4.4,31.7,23.8,82.2,7.6,26.9,11.4,19.0,3.8,22.6,69.9,112.5,57.4,7.8,74.2,10.0,133.7,30.4,27.3,12.8,120.4,16.2,17.7,54.2,8.3,43.1,39.6,36.4,30.2,12.8,6.1,17.3,10.7,4.2
2017-05-31 10:35:00+02:00,6.3,14.9,4.2,21.2,117.0,78.5,64.2,12.0,4.4,31.9,24.0,82.6,7.7,27.1,11.5,19.1,3.8,22.7,70.4,113.1,57.8,7.9,74.6,10.1,134.3,30.6,27.5,12.9,121.0,16.3,17.9,54.6,8.3,43.9,40.4,37.2,30.9,13.5,6.7,17.4,10.8,4.3
2017-05-31 10:36:00+02:00,6.3,12.7,4.2,19.0,114.3,76.0,61.7,11.6,4.4,31.6,24.0,79.9,7.8,26.7,11.5,19.0,3.9,22.4,67.8,110.3,55.3,7.9,72.0,10.1,131.4,30.5,25.3,12.8,118.2,16.0,17.9,52.0,6.1,43.7,40.2,37.0,30.7,13.4,6.7,17.3,10.8,4.2
2017-05-31 10:37:00+02:00,6.3,12.8,4.2,19.0,114.8,76.4,62.1,12.1,4.4,31.4,23.9,80.5,7.7,27.1,11.5,18.9,3.9,22.8,68.2,110.8,55.7,7.9,72.5,10.0,131.8,30.4,25.3,12.8,118.6,16.4,17.8,52.5,6.2,43.6,40.1,36.9,30.6,13.4,6.6,17.2,10.7,4.2
2017-05-31 10:38:00+02:00,6.2,14.2,4.2,20.4,116.1,77.7,63.4,12.1,4.4,31.4,23.9,81.8,7.8,27.1,11.5,18.9,3.9,22.8,69.6,112.1,57.1,7.9,73.8,10.1,133.0,30.4,26.7,12.8,119.9,16.4,17.9,53.8,7.5,43.5,40.0,36.8,30.6,13.4,6.6,17.2,10.7,4.2
2017-05-31 10:39:00+02:00,6.2,14.7,4.2,20.9,115.1,78.1,63.8,12.0,4.4,31.4,22.6,82.2,7.8,27.0,11.5,18.9,3.9,22.7,70.0,111.2,57.4,7.9,74.2,10.1,132.0,29.1,27.2,12.7,119.0,16.4,17.8,54.2,8.0,43.4,40.0,36.8,30.5,13.3,6.5,17.2,10.7,4.2
2017-05-31 10:40:00+02:00,6.2,14.6,4.2,20.9,115.8,78.0,63.8,12.0,4.4,31.2,23.4,82.1,7.8,26.9,11.4,18.8,3.9,22.6,69.9,111.9,57.4,7.9,74.1,9.9,132.7,29.9,27.2,12.6,119.7,16.3,17.8,54.2,7.9,43.3,39.9,36.7,30.4,13.2,6.5,17.2,10.7,4.2
2017-05-31 10:41:00+02:00,6.1,14.2,4.2,20.5,116.6,78.0,63.6,12.0,4.4,31.4,24.2,82.1,7.8,27.0,11.5,18.9,3.8,22.7,69.8,112.7,57.2,7.9,74.1,9.9,133.6,30.8,26.9,12.6,120.5,16.4,17.9,53.9,7.4,43.7,40.2,37.0,30.6,13.3,6.5,17.3,10.8,4.2
2017-05-31 10:42:00+02:00,6.2,13.7,4.2,20.1,117.1,78.0,63.6,12.2,4.5,31.8,24.4,82.2,7.9,27.3,11.6,19.1,3.9,23.0,69.8,113.1,57.1,8.0,74.1,10.0,134.2,31.1,26.4,12.8,121.0,16.5,18.1,53.7,6.9,44.2,40.7,37.4,30.9,13.5,6.6,17.5,10.9,4.3
2017-05-31 10:43:00+02:00,6.5,14.0,4.3,20.5,120.0,80.1,65.2,12.4,4.5,32.9,24.9,84.3,8.1,27.9,11.9,19.8,4.0,23.5,71.7,116.0,58.5,8.1,76.1,10.4,137.7,31.8,27.1,13.3,124.0,16.9,18.3,55.0,6.9,45.6,41.9,38.6,31.9,13.9,6.8,18.0,11.2,4.3
2017-05-31 10:44:00+02:00,6.8,14.1,4.4,20.9,123.4,82.3,66.9,12.7,4.6,34.3,25.7,86.6,8.3,28.6,12.2,20.6,4.1,24.2,73.7,119.3,59.9,8.3,78.1,10.8,141.7,32.9,27.7,13.8,127.5,17.2,18.9,56.3,6.8,47.3,43.5,40.0,33.0,14.4,7.1,18.6,11.5,4.4
2017-05-31 10:45:00+02:00,4.6,9.2,2.9,14.1,82.7,55.6,45.3,8.5,3.1,22.8,17.1,58.4,5.5,19.3,8.0,13.6,2.8,16.5,50.0,80.2,40.5,5.5,52.8,7.2,94.3,22.0,18.8,8.9,85.2,11.6,12.4,38.1,4.4,31.5,29.0,26.7,22.0,9.6,4.7,12.4,7.7,2.9
2017-05-31 10:46:00+02:00,4.8,10.0,3.0,15.0,85.9,57.6,46.9,8.7,3.1,23.9,17.8,60.5,5.7,19.8,8.3,14.1,2.8,16.8,51.8,83.2,41.9,5.7,54.8,7.3,98.3,22.8,19.7,9.2,88.5,11.7,12.9,39.5,5.0,33.0,30.4,27.9,23.0,10.1,4.9,13.0,8.0,3.0
2017-05-31 10:47:00+02:00,3.3,6.8,2.0,10.3,57.9,39.0,32.0,5.8,2.1,15.4,11.9,41.0,3.8,13.3,5.5,8.9,1.9,11.3,35.3,56.2,28.5,3.8,37.2,4.4,66.0,15.4,13.6,5.5,59.5,7.8,8.6,26.9,3.3,22.3,20.5,18.9,15.5,6.8,3.3,8.7,5.4,2.0
2017-05-31 10:48:00+02:00,2.3,4.3,1.2,6.8,38.3,25.8,21.2,3.6,1.3,10.7,8.0,27.0,2.5,8.6,3.6,6.1,1.2,7.4,23.6,37.3,18.8,2.5,24.7,2.8,43.7,10.4,9.1,3.8,39.2,4.9,5.6,17.7,1.8,15.5,14.3,13.1,10.7,4.8,2.3,5.9,3.6,1.2
2017-05-31 10:49:00+02:00,2.0,3.4,1.1,5.6,33.0,22.1,18.2,3.2,1.2,9.2,6.9,23.2,2.2,7.5,3.1,5.2,1.1,6.5,20.2,32.1,16.1,2.2,21.1,2.3,37.8,9.0,7.7,3.2,33.8,4.2,4.9,15.1,1.4,13.5,12.4,11.4,9.4,4.2,2.0,5.2,3.2,1.0
2017-05-31 10:50:00+02:00,1.9,1.9,1.0,3.7,28.6,18.5,15.2,2.9,1.1,8.6,6.5,19.5,2.0,6.8,2.9,4.9,1.0,5.9,17.1,27.8,13.2,2.1,17.5,2.2,33.1,8.4,5.6,3.0,29.3,3.9,4.6,12.4,1.0,12.6,11.6,10.6,8.7,3.9,1.9,4.9,3.0,1.0
2017-05-31 10:51:00+02:00,6.8,12.6,4.4,19.3,120.1,79.1,64.5,12.6,4.5,34.2,25.6,83.3,8.2,28.0,12.2,20.5,4.0,23.7,71.1,116.0,57.6,8.3,74.9,10.3,138.6,32.7,26.0,13.7,124.2,17.0,18.7,54.0,5.5,47.2,43.3,39.8,32.9,14.3,7.1,18.5,11.4,4.4
2017-05-31 10:52:00+02:00,7.3,13.5,4.7,20.8,127.8,84.1,68.5,12.8,4.7,36.8,27.5,88.4,8.0,29.2,13.0,22.1,4.3,24.6,75.6,123.4,61.0,8.9,79.6,11.1,147.7,35.1,28.0,14.8,132.2,17.4,20.1,57.2,5.9,50.7,46.6,42.7,35.3,15.4,7.6,19.9,12.2,4.7
2017-05-31 10:53:00+02:00,7.3,13.9,4.7,21.2,129.1,85.2,69.4,12.6,4.7,37.1,27.3,89.8,7.9,29.3,13.2,22.2,4.4,24.7,76.6,124.7,61.8,9.0,80.7,11.1,148.9,35.0,28.6,14.9,133.4,17.3,20.4,57.9,6.1,51.2,47.0,43.1,35.6,15.6,7.7,20.0,12.3,4.7
2017-05-31 10:54:00+02:00,7.2,13.8,4.6,21.1,127.9,85.1,69.6,13.3,4.7,36.3,26.4,89.7,8.6,29.9,12.9,21.8,4.3,25.2,76.7,123.5,62.1,8.8,80.7,10.9,147.1,33.9,28.4,14.6,132.1,17.9,20.0,58.3,6.2,50.0,46.0,42.2,34.8,15.3,7.6,19.5,12.1,4.6
2017-05-31 10:55:00+02:00,6.5,12.8,4.1,19.4,114.3,75.6,61.8,12.0,4.2,32.9,24.3,79.6,7.7,27.0,11.4,19.8,3.8,22.8,68.3,110.6,55.1,7.8,71.8,10.0,130.9,31.1,24.9,13.2,117.6,16.0,17.8,51.8,5.9,44.1,40.5,37.1,30.5,13.6,6.8,16.9,10.8,4.1
2017-05-31 10:56:00+02:00,6.8,13.9,4.2,20.6,119.0,79.1,64.9,12.2,4.3,34.2,25.2,83.2,7.9,27.6,11.7,20.5,3.9,23.3,71.6,115.2,58.0,8.0,75.1,10.4,136.6,32.2,27.0,13.8,122.8,16.4,18.4,54.6,6.9,45.7,42.0,38.6,31.9,14.0,7.0,17.9,11.0,4.1
2017-05-31 10:57:00+02:00,5.9,12.4,3.7,18.3,104.9,70.1,57.7,10.8,3.8,29.9,21.9,73.6,7.0,24.4,10.2,17.8,3.5,20.6,63.6,101.5,51.6,6.9,66.6,9.0,120.0,28.0,24.2,11.9,108.1,14.5,15.9,48.6,6.2,40.0,36.8,33.8,27.9,12.2,6.1,15.7,9.7,3.6
2017-05-31 10:58:00+02:00,2.6,5.4,1.5,8.3,45.2,31.2,26.1,4.6,1.6,12.9,8.8,32.6,3.0,10.7,4.3,7.5,1.5,9.1,28.9,44.1,23.3,3.0,29.8,3.7,51.4,11.6,11.2,4.9,46.4,6.1,6.0,21.9,2.5,17.9,16.5,15.2,12.6,5.6,2.8,7.0,4.2,1.4
2017-05-31 10:59:00+02:00,2.1,3.5,1.2,5.8,34.7,23.3,19.4,3.3,1.2,10.1,7.4,24.3,2.1,8.1,3.3,5.9,1.2,6.9,21.7,33.8,17.1,2.3,22.2,2.9,39.6,9.6,8.0,3.8,35.6,4.5,5.2,16.1,1.3,14.2,13.1,12.0,10.0,4.5,2.2,5.5,3.3,1.1
2017-05-31 11:00:00+02:00,1.9,3.0,1.1,5.1,31.0,20.5,17.0,2.5,1.1,9.4,6.8,21.4,1.4,6.8,3.1,5.4,1.1,5.7,19.1,30.1,14.9,2.1,19.5,2.6,35.6,8.8,7.2,3.5,31.9,3.5,4.7,13.9,1.0,13.0,11.9,11.0,9.2,4.1,2.0,5.1,3.0,1.0
2017-05-31 11:01:00+02:00,1.7,2.3,1.0,4.1,26.2,17.6,14.7,2.6,1.0,7.9,5.3,18.3,1.7,6.3,2.6,4.4,0.9,5.4,16.5,25.4,12.9,1.8,16.7,2.2,30.2,7.2,5.9,3.0,27.0,3.5,3.6,12.1,0.8,11.3,10.4,9.6,7.9,3.5,1.7,4.4,2.6,0.8
2017-05-31 11:02:00+02:00,1.6,2.7,0.9,4.5,24.1,16.9,14.2,2.5,0.9,7.1,4.0,17.6,1.6,5.8,2.5,3.8,0.9,5.0,15.9,23.3,12.5,1.7,16.1,2.1,28.0,5.7,5.9,2.8,24.8,3.3,2.3,11.8,1.0,10.7,9.8,9.1,7.5,3.3,1.6,4.2,2.5,0.8
2017-05-31 11:03:00+02:00,1.6,3.0,1.0,4.8,23.9,17.3,14.6,2.5,0.9,7.5,3.2,18.1,1.6,6.0,2.6,4.0,0.9,5.2,16.3,23.1,12.8,1.8,16.4,2.2,27.7,5.0,6.0,3.0,24.7,3.4,1.5,12.0,1.3,11.1,10.2,9.4,7.7,3.4,1.6,4.3,2.6,0.9
2017-05-31 11:04:00+02:00,1.9,4.1,1.2,6.2,30.2,21.6,18.1,3.1,1.1,9.2,4.5,22.6,2.0,7.2,3.1,5.3,1.0,6.2,20.1,29.2,16.0,2.1,20.5,2.6,34.7,6.6,7.9,3.5,31.1,4.1,2.5,15.1,2.1,12.7,11.7,10.7,8.9,3.9,1.9,5.0,3.0,1.1
2017-05-31 11:05:00+02:00,2.1,4.3,1.3,6.5,34.1,23.6,19.3,3.3,1.2,10.1,6.0,24.7,2.1,7.8,3.4,5.8,1.1,6.7,21.5,32.9,17.2,2.3,22.4,2.9,39.0,8.2,8.3,3.8,35.1,4.5,3.8,16.1,2.2,13.7,12.6,11.5,9.6,4.2,2.0,5.4,3.3,1.2
2017-05-31 11:06:00+02:00,2.2,4.4,1.3,6.6,35.2,24.2,19.7,3.3,1.3,10.5,6.3,25.4,2.2,7.9,3.6,6.1,1.2,6.7,21.9,34.0,17.5,2.5,22.9,3.0,40.3,8.6,8.5,4.0,36.2,4.5,4.1,16.4,2.2,14.2,13.0,11.9,9.9,4.3,2.1,5.5,3.4,1.2
2017-05-31 11:07:00+02:00,5.0,11.0,3.1,15.6,87.0,57.8,47.7,8.6,3.2,25.1,17.9,60.9,5.7,19.8,8.6,15.0,2.9,16.7,52.6,83.9,42.6,6.0,54.8,7.6,99.9,23.0,20.2,10.1,89.9,11.7,12.9,40.0,6.0,33.4,30.7,28.1,23.2,10.1,5.0,13.1,8.1,3.1
2017-05-31 11:08:00+02:00,7.0,15.9,4.5,22.4,125.1,82.8,68.3,12.5,4.5,36.0,26.3,87.2,8.3,28.2,12.4,21.6,4.2,23.8,75.2,120.8,61.2,8.6,78.5,11.0,144.0,33.6,29.1,14.7,129.5,16.9,19.2,57.3,8.6,48.2,44.3,40.5,33.5,14.7,7.3,18.8,11.6,4.4
2017-05-31 11:09:00+02:00,7.1,16.1,4.5,23.1,126.1,83.9,69.6,12.6,4.5,36.3,26.1,88.3,8.3,28.5,12.6,21.8,4.2,24.0,76.5,121.7,62.4,8.7,79.5,11.1,145.0,33.4,30.0,14.8,130.4,17.1,19.0,58.5,8.7,48.8,44.8,41.0,33.9,14.8,7.3,19.1,11.8,4.5
2017-05-31 11:10:00+02:00,7.3,16.5,4.6,23.7,128.9,86.4,71.8,12.9,4.6,36.6,26.0,91.0,8.5,29.2,12.9,22.6,4.3,24.7,78.9,124.4,64.4,8.8,82.0,11.6,148.1,33.5,31.1,15.4,133.2,17.5,18.6,60.4,8.9,50.0,46.0,42.1,34.8,15.2,7.5,19.6,12.1,4.6
2017-05-31 11:11:00+02:00,7.4,16.5,4.6,23.9,129.6,86.1,71.5,12.9,4.6,36.1,27.2,90.6,8.6,29.3,12.8,22.8,4.3,24.8,78.7,125.3,64.0,8.8,81.7,11.7,148.8,34.8,31.4,15.5,133.9,17.4,19.8,60.8,8.8,50.3,46.2,42.3,35.0,15.3,7.6,19.7,12.1,4.5
2017-05-31 11:12:00+02:00,7.6,17.0,4.6,24.7,133.8,88.7,73.5,13.3,4.7,37.7,28.4,93.2,8.8,30.2,13.3,23.6,4.5,25.6,81.1,129.4,65.8,9.0,84.2,12.1,153.6,36.2,32.5,16.0,138.2,17.9,20.7,62.7,9.0,52.0,47.7,43.7,36.1,15.8,7.9,20.3,12.5,4.6
2017-05-31 11:13:00+02:00,5.9,13.1,3.5,19.2,102.7,68.9,57.6,10.2,3.6,28.6,21.0,72.3,6.8,23.4,10.1,18.0,3.4,19.9,63.5,99.4,51.7,6.8,65.5,9.2,117.3,27.1,25.4,12.1,105.9,13.8,15.0,48.8,6.9,39.7,36.5,33.5,27.7,12.1,6.0,15.6,9.6,3.5
2017-05-31 11:14:00+02:00,4.0,8.5,2.2,12.7,66.6,45.2,38.0,6.4,2.3,18.5,13.4,47.3,4.3,15.1,6.4,11.8,2.2,12.9,42.0,64.7,33.9,4.3,43.1,6.0,75.8,17.4,17.0,7.9,68.5,8.6,9.3,32.0,4.2,26.3,24.3,22.3,18.4,8.1,4.1,10.3,6.2,2.1
2017-05-31 11:15:00+02:00,3.5,7.2,1.9,10.9,56.7,38.3,32.0,5.3,1.9,16.1,11.5,40.1,3.6,12.7,5.5,10.4,1.9,10.9,35.5,55.1,28.5,3.7,36.5,5.2,64.7,15.0,14.1,6.9,58.3,7.2,7.9,26.9,3.4,23.0,21.2,19.5,16.1,7.1,3.5,8.9,5.4,1.8
2017-05-31 11:16:00+02:00,7.0,15.3,4.2,22.2,121.1,80.5,66.4,11.9,4.2,34.6,25.2,84.7,7.9,27.2,12.1,21.7,4.0,23.1,73.3,117.1,59.4,8.1,76.4,11.1,138.6,32.4,28.6,14.7,125.1,16.1,18.3,55.8,8.1,47.2,43.3,39.7,32.8,14.3,7.1,18.4,11.3,4.2
2017-05-31 11:17:00+02:00,4.1,8.5,2.3,12.7,67.5,45.1,37.9,6.4,2.3,20.2,13.9,47.3,4.3,15.1,6.6,12.3,2.2,12.8,42.0,65.3,33.8,4.4,42.9,6.2,76.2,18.0,16.8,8.2,69.5,8.6,10.2,31.8,4.2,26.9,24.7,22.7,18.7,8.2,4.1,10.5,6.4,2.2
2017-05-31 11:18:00+02:00,3.4,6.9,1.8,10.3,55.7,37.3,31.1,5.0,1.9,16.8,11.4,39.1,3.4,12.1,5.3,10.2,1.8,10.4,34.5,54.0,27.6,3.6,35.6,5.1,63.6,14.9,13.9,6.7,57.3,6.8,8.0,26.0,3.3,22.3,20.5,18.8,15.5,6.8,3.3,8.7,5.2,1.7
2017-05-31 11:19:00+02:00,3.2,6.3,1.7,9.5,51.2,34.2,28.5,4.5,1.7,15.7,10.5,35.8,3.0,10.9,4.8,9.4,1.6,9.3,31.7,49.6,25.2,3.3,32.6,4.7,58.6,13.8,12.8,6.2,52.6,6.0,7.3,23.7,2.9,20.9,19.2,17.6,14.5,6.5,3.2,8.1,4.8,1.5
2017-05-31 11:20:00+02:00,3.7,7.6,2.1,11.3,61.8,41.3,33.8,5.6,2.1,18.4,12.8,43.3,3.7,13.3,5.9,11.1,2.0,11.3,37.6,59.8,30.1,4.0,39.3,5.6,70.6,16.5,15.1,7.4,63.6,7.5,9.0,28.4,3.8,24.5,22.6,20.6,17.0,7.5,3.8,9.5,5.7,2.0
2017-05-31 11:21:00+02:00,3.6,7.6,2.1,11.2,60.8,40.6,33.3,5.7,2.1,17.5,12.7,42.6,3.7,13.3,5.9,10.8,2.0,11.3,36.9,58.9,29.8,4.0,38.6,5.5,68.7,16.3,14.8,7.2,62.6,7.6,9.1,28.1,4.0,23.7,21.8,19.9,16.4,7.2,3.6,9.2,5.6,2.0
2017-05-31 11:22:00+02:00,2.2,4.4,1.2,6.6,35.8,23.7,19.5,3.1,1.2,10.0,7.6,24.8,2.0,7.5,3.4,6.4,1.1,6.6,21.7,34.7,17.3,2.3,22.6,3.2,39.3,9.9,8.9,4.2,36.7,4.3,5.4,16.4,2.2,14.4,13.2,12.1,10.0,4.5,2.2,5.5,3.3,1.1
2017-05-31 11:23:00+02:00,1.8,3.7,1.0,5.6,28.6,19.1,16.3,2.6,1.0,8.7,5.7,20.0,1.7,6.4,2.9,5.4,1.0,5.6,18.2,27.7,14.4,2.0,18.1,2.7,31.4,7.7,7.2,3.5,29.4,3.6,4.0,13.6,1.9,12.3,11.3,10.3,8.6,3.8,1.9,4.7,2.8,0.9
2017-05-31 11:24:00+02:00,1.7,3.3,0.9,5.0,25.0,16.9,14.4,2.4,0.9,7.6,4.7,17.7,1.5,5.8,2.6,4.9,0.9,5.0,16.1,24.2,12.6,1.8,16.0,2.5,27.5,6.5,6.2,3.2,25.7,3.2,3.2,12.0,1.7,11.1,10.2,9.3,7.7,3.5,1.7,4.2,2.6,0.8
2017-05-31 11:25:00+02:00,1.8,3.4,1.0,5.2,27.4,18.7,15.3,2.5,1.0,8.3,5.0,19.7,1.6,6.0,2.8,5.1,1.0,5.2,17.1,26.5,13.6,1.9,17.8,2.6,30.2,6.8,6.8,3.3,28.1,3.3,3.4,12.9,1.7,11.6,10.6,9.7,8.1,3.6,1.8,4.5,2.7,0.9
2017-05-31 11:26:00+02:00,5.4,11.8,3.4,17.1,93.9,63.0,51.4,9.4,3.4,26.9,18.9,66.4,6.1,21.2,9.5,16.4,3.1,17.9,56.7,90.7,46.1,6.5,59.8,8.5,107.0,24.3,22.2,11.1,97.0,12.6,13.8,43.4,6.5,36.1,33.0,30.2,24.9,10.9,5.4,14.0,8.6,3.2
2017-05-31 11:27:00+02:00,7.4,16.3,4.6,23.5,130.3,86.7,70.8,12.9,4.5,37.4,27.1,91.3,8.5,28.9,13.0,22.8,4.3,24.5,78.0,125.9,63.5,8.8,82.3,11.7,149.1,34.6,30.7,15.5,134.6,17.3,20.0,59.6,8.9,50.2,45.9,42.0,34.6,15.2,7.6,19.4,11.9,4.4
2017-05-31 11:28:00+02:00,6.0,13.5,3.8,19.3,106.6,71.1,58.1,10.6,3.8,30.0,22.1,74.8,6.9,23.8,10.6,18.4,3.5,20.2,64.0,103.0,52.2,7.2,67.5,9.4,121.4,28.2,25.2,12.5,110.0,14.2,16.4,49.0,7.4,40.3,36.9,33.8,27.9,12.2,6.0,15.7,9.6,3.6
2017-05-31 11:29:00+02:00,7.3,16.4,4.5,23.4,129.6,86.2,70.6,12.9,4.5,36.7,27.1,90.7,8.5,28.9,12.9,22.4,4.3,24.5,77.7,125.2,63.3,8.8,81.8,11.5,148.0,34.6,30.6,15.3,133.9,17.3,20.1,59.5,8.9,49.5,45.3,41.4,34.2,15.0,7.4,19.2,11.8,4.4
2017-05-31 11:30:00+02:00,7.3,16.6,4.6,23.8,131.2,87.4,71.7,13.1,4.6,37.0,27.4,91.9,8.6,29.3,13.1,22.5,4.4,24.9,78.9,126.9,64.3,8.8,83.0,11.5,149.8,35.0,31.1,15.3,135.6,17.6,20.3,60.4,9.0,50.1,45.9,41.9,34.6,15.2,7.5,19.5,11.9,4.4
2017-05-31 11:31:00+02:00,7.2,16.8,4.6,24.0,131.9,88.0,72.3,13.2,4.6,37.0,27.5,92.5,8.7,29.5,13.1,22.6,4.4,25.0,79.5,127.5,64.8,8.8,83.5,11.5,150.6,35.1,31.3,15.4,136.2,17.7,20.4,60.8,9.1,50.3,46.1,42.1,34.8,15.2,7.6,19.5,12.0,4.4
2017-05-31 11:32:00+02:00,7.4,17.0,4.7,24.5,134.9,90.1,73.9,13.5,4.7,38.0,28.1,94.7,8.9,30.2,13.3,23.2,4.5,25.6,81.3,130.5,66.2,9.0,85.6,11.8,154.1,35.9,32.0,15.8,139.4,18.1,20.8,62.2,9.3,51.5,47.2,43.1,35.6,15.6,7.7,20.0,12.2,4.5
2017-05-31 11:33:00+02:00,7.6,17.4,4.7,25.0,137.5,91.8,75.4,13.7,4.7,38.9,28.7,96.4,9.0,30.7,13.5,23.7,4.6,26.1,82.9,133.0,67.5,9.1,87.3,12.1,156.9,36.7,32.7,16.1,141.9,18.3,21.2,63.4,9.3,52.6,48.2,44.1,36.3,15.9,7.9,20.4,12.4,4.6
2017-05-31 11:34:00+02:00,7.3,16.8,4.5,24.2,132.6,88.7,72.8,13.2,4.6,37.3,27.7,93.1,8.6,29.6,12.9,22.8,4.4,25.2,80.1,128.3,65.3,8.8,84.4,11.6,151.1,35.3,31.7,15.5,136.8,17.7,20.3,61.3,9.0,50.5,46.3,42.3,34.8,15.3,7.6,19.5,12.0,4.4
2017-05-31 11:35:00+02:00,3.4,8.0,2.1,11.9,62.9,42.9,35.4,6.1,2.1,16.8,12.9,44.8,4.0,14.1,5.9,10.2,2.1,12.1,39.0,61.1,31.6,4.0,40.9,5.2,70.6,16.5,15.6,6.8,64.6,8.1,9.4,29.7,4.1,23.7,21.8,20.0,16.4,7.3,3.6,9.1,5.6,1.9
2017-05-31 11:36:00+02:00,2.2,5.0,1.3,7.7,40.3,27.3,22.4,3.4,1.2,10.3,8.4,28.4,2.4,8.4,3.7,6.0,1.3,7.3,24.9,39.2,19.8,2.6,26.1,2.8,45.0,10.9,10.2,3.8,41.2,4.6,6.1,18.6,2.4,15.9,14.7,13.5,11.0,4.9,2.4,6.1,3.6,1.1
2017-05-31 11:37:00+02:00,2.5,5.1,1.4,7.9,41.5,27.8,22.8,3.5,1.3,11.2,8.8,29.1,2.4,8.6,3.9,6.5,1.3,7.4,25.4,40.4,20.1,2.7,26.6,3.0,46.8,11.4,10.3,4.1,42.6,4.7,6.3,18.9,2.5,16.7,15.4,14.1,11.5,5.1,2.5,6.4,3.8,1.2
2017-05-31 11:38:00+02:00,5.7,12.1,3.3,17.8,97.9,65.1,53.1,9.2,3.3,27.8,20.7,68.3,6.1,21.3,9.5,16.7,3.1,18.1,58.6,94.8,47.4,6.5,61.9,8.2,111.9,26.5,23.2,11.1,101.0,12.4,15.1,44.5,6.5,37.8,34.7,31.7,26.0,11.3,5.5,14.6,8.9,3.2
2017-05-31 11:39:00+02:00,4.3,9.0,2.4,13.3,72.4,48.2,39.4,6.6,2.4,20.4,15.3,50.6,4.4,15.7,6.9,12.3,2.3,13.3,43.7,70.1,35.2,4.8,45.9,5.9,82.4,19.6,17.4,8.0,74.6,8.9,11.1,33.0,4.7,28.1,25.8,23.6,19.3,8.5,4.1,10.8,6.5,2.2
2017-05-31 11:40:00+02:00,3.1,6.6,1.8,9.8,52.7,35.2,28.8,4.6,1.7,15.2,11.0,36.9,3.1,11.3,5.0,9.2,1.7,9.6,31.9,51.1,25.6,3.5,33.5,4.5,60.0,14.2,12.8,6.0,54.2,6.3,8.1,24.2,3.4,20.7,19.0,17.3,14.2,6.3,3.0,7.9,4.7,1.6
2017-05-31 11:41:00+02:00,2.4,5.0,1.4,7.6,40.3,27.0,22.0,3.4,1.3,11.7,8.4,28.2,2.3,8.5,3.8,7.0,1.3,7.2,24.5,39.1,19.5,2.7,25.7,3.4,45.8,10.9,9.9,4.5,41.4,4.7,6.1,18.4,2.6,16.0,14.7,13.4,10.9,4.9,2.3,6.1,3.6,1.1
2017-05-31 11:42:00+02:00,6.2,13.8,3.8,20.0,110.3,73.4,59.8,10.4,3.8,31.8,23.2,77.1,6.9,24.1,10.9,19.3,3.6,20.3,66.0,106.6,53.5,7.4,69.7,9.7,126.2,29.5,26.1,13.0,113.9,14.1,17.0,50.2,7.4,42.2,38.7,35.3,28.9,12.6,6.2,16.3,9.9,3.6
2017-05-31 11:43:00+02:00,6.2,13.7,3.8,19.9,109.8,73.1,59.6,10.4,3.7,31.7,23.1,76.8,6.9,24.0,10.8,19.2,3.6,20.3,65.8,106.3,53.3,7.3,69.5,9.6,125.7,29.5,26.1,13.0,113.4,14.1,17.0,50.1,7.4,42.1,38.6,35.2,28.9,12.6,6.2,16.2,9.9,3.6
2017-05-31 11:44:00+02:00,8.0,17.4,4.7,25.2,140.0,93.0,75.9,13.3,4.7,40.8,29.6,97.7,8.9,30.5,13.7,24.7,4.5,25.8,83.8,135.4,67.8,9.3,88.4,12.4,160.6,37.8,33.1,16.7,144.5,18.0,21.7,63.6,9.3,54.2,49.7,45.3,37.2,16.3,8.0,20.9,12.7,4.6
2017-05-31 11:45:00+02:00,8.0,17.7,4.8,25.5,141.4,94.1,76.9,13.6,4.8,40.8,29.8,98.8,9.1,31.0,13.8,24.7,4.6,26.2,84.8,136.8,68.7,9.4,89.4,12.4,162.0,38.0,33.5,16.8,146.0,18.3,21.9,64.5,9.4,54.4,49.8,45.5,37.4,16.4,8.1,21.0,12.8,4.6
2017-05-31 11:46:00+02:00,7.8,17.6,4.7,25.4,139.1,93.0,75.9,13.0,4.7,39.9,28.9,97.6,8.5,30.3,13.7,24.3,4.6,25.6,83.7,134.5,67.8,9.3,88.3,12.2,159.2,37.0,33.3,16.5,143.6,17.8,21.6,63.6,9.4,53.5,49.1,44.8,36.8,16.2,8.0,20.6,12.6,4.6
2017-05-31 11:47:00+02:00,7.8,17.5,4.8,25.3,139.0,93.4,76.4,13.4,4.8,39.8,28.4,98.0,8.9,30.8,13.8,24.2,4.6,26.0,84.1,134.4,68.3,9.3,88.7,12.2,159.1,36.5,33.3,16.5,143.5,18.2,21.7,64.0,9.5,53.5,49.0,44.7,36.7,16.2,8.0,20.5,12.6,4.6
2017-05-31 11:48:00+02:00,7.9,17.6,4.8,25.5,139.6,93.8,77.3,13.9,4.8,39.5,28.6,98.5,9.3,31.4,13.8,23.8,4.7,26.6,84.5,135.1,69.2,9.3,89.2,12.2,159.8,36.7,33.6,16.0,144.1,18.7,21.7,64.9,9.5,53.7,49.3,45.0,36.9,16.3,8.0,20.6,12.7,4.6
2017-05-31 11:49:00+02:00,8.1,18.0,4.8,26.2,143.5,96.4,79.1,14.1,4.8,40.8,29.5,101.1,9.4,31.9,14.0,24.6,4.8,27.1,87.0,138.9,70.7,9.4,91.7,12.6,164.3,37.8,34.4,16.6,148.0,18.9,22.2,66.4,9.6,55.1,50.6,46.2,37.9,16.7,8.2,21.2,13.0,4.7
2017-05-31 11:50:00+02:00,7.3,16.7,4.5,24.3,132.6,89.4,73.4,13.1,4.5,37.0,27.1,93.7,8.7,29.7,12.9,22.2,4.4,25.2,80.7,128.3,65.7,8.7,85.0,11.4,151.4,34.8,32.0,14.9,136.7,17.6,20.4,61.7,8.9,50.6,46.4,42.4,34.7,15.3,7.5,19.5,12.0,4.3
2017-05-31 11:51:00+02:00,3.7,9.0,2.3,13.3,70.3,48.4,40.0,7.1,2.4,18.0,13.7,50.5,4.7,16.3,6.7,10.6,2.4,13.8,43.9,68.1,35.8,4.5,46.1,5.6,79.3,17.7,17.4,6.8,72.2,9.5,10.6,33.7,4.8,26.3,24.2,22.1,18.1,8.0,3.9,10.1,6.3,2.2
2017-05-31 11:52:00+02:00,1.7,3.9,1.0,5.9,31.5,21.5,17.7,2.9,1.0,7.6,6.2,22.4,1.9,6.9,3.0,4.2,1.0,5.9,19.6,30.6,15.6,2.0,20.5,2.3,35.4,8.2,7.8,2.4,32.2,3.9,4.8,14.7,1.9,12.8,11.8,10.9,8.9,4.0,1.9,4.9,3.0,1.0
2017-05-31 11:53:00+02:00,1.4,3.2,0.8,4.8,26.1,17.6,14.4,2.3,0.8,6.4,5.4,18.3,1.5,5.7,2.4,3.7,0.8,4.8,16.1,25.3,12.7,1.6,16.8,1.9,29.3,7.0,6.4,2.2,26.7,3.2,3.9,12.0,1.5,10.5,9.8,9.0,7.3,3.3,1.6,4.0,2.4,0.8
2017-05-31 11:54:00+02:00,1.3,2.8,0.8,4.3,23.7,15.7,12.8,2.1,0.7,5.6,5.1,16.4,1.3,5.0,2.2,3.1,0.7,4.4,14.3,23.0,11.3,1.5,14.9,1.7,25.6,6.6,5.7,1.7,24.2,2.9,3.5,10.7,1.4,9.6,8.9,8.1,6.6,3.0,1.4,3.6,2.2,0.7
2017-05-31 11:55:00+02:00,5.3,11.7,3.3,17.0,95.5,63.3,51.7,9.5,3.2,26.9,20.2,66.6,6.2,21.1,9.5,16.4,3.2,18.0,56.9,92.2,46.2,6.4,60.1,8.5,108.1,25.7,22.3,11.0,98.6,12.7,14.8,43.4,6.4,36.3,33.3,30.3,24.8,10.9,5.4,14.0,8.6,3.2
2017-05-31 11:56:00+02:00,7.1,15.5,4.3,22.4,126.3,83.7,68.3,12.5,4.2,35.1,26.7,88.0,8.3,27.8,12.6,21.1,4.2,23.7,75.2,121.9,61.2,8.5,79.4,11.3,144.6,34.0,29.5,14.0,130.3,16.8,19.6,57.3,8.4,48.4,44.3,40.3,33.1,14.5,7.2,18.6,11.4,4.3
2017-05-31 11:57:00+02:00,7.0,15.7,4.4,22.6,126.5,84.0,68.7,12.6,4.3,35.5,26.7,88.2,8.3,27.9,12.6,21.5,4.2,23.8,75.5,122.2,61.5,8.5,79.7,11.3,144.9,34.0,29.7,14.5,130.5,16.9,19.6,57.6,8.5,48.4,44.3,40.3,33.1,14.5,7.2,18.6,11.4,4.3
2017-05-31 11:58:00+02:00,7.3,16.3,4.5,23.6,130.9,86.7,70.8,12.5,4.4,36.5,27.9,91.1,8.1,28.4,13.1,22.0,4.4,24.1,78.0,126.5,63.4,8.8,82.4,11.6,150.1,35.4,30.9,14.6,135.1,17.0,20.5,59.3,8.9,50.2,46.0,41.9,34.4,15.0,7.5,19.4,11.9,4.4
2017-05-31 11:59:00+02:00,7.5,16.9,4.6,24.4,135.1,89.7,73.3,12.9,4.6,38.0,28.6,94.2,8.3,29.3,13.4,23.0,4.5,24.9,80.7,130.6,65.6,9.0,85.2,12.0,154.9,36.4,32.1,15.4,139.5,17.5,21.1,61.4,9.1,51.9,47.6,43.4,35.6,15.6,7.8,20.0,12.3,4.5
2017-05-31 12:00:00+02:00,4.6,10.7,2.9,15.6,84.1,56.6,46.3,7.9,2.9,22.4,17.2,59.4,5.0,18.5,8.3,13.3,2.9,15.7,51.1,81.3,41.4,5.6,53.8,7.3,95.8,22.1,20.4,8.6,86.7,10.9,13.1,38.9,5.7,32.0,29.4,26.9,22.0,9.6,4.8,12.4,7.6,2.8
2017-05-31 12:01:00+02:00,2.9,6.8,1.8,10.1,53.6,36.5,30.0,5.2,1.8,14.0,10.7,38.1,3.4,12.0,5.1,8.2,1.8,10.3,33.2,51.9,26.8,3.4,34.8,4.5,60.8,13.9,13.2,5.1,55.0,7.1,8.2,25.2,3.5,20.7,19.1,17.5,14.3,6.3,3.1,8.0,4.8,1.7
2017-05-31 12:02:00+02:00,7.1,15.7,4.3,22.8,126.9,84.5,68.9,12.4,4.2,35.2,26.5,88.8,8.2,27.9,12.6,21.0,4.2,23.8,76.0,122.6,61.6,8.5,80.3,11.3,145.8,33.9,29.9,13.7,131.1,16.7,19.8,57.7,8.5,49.0,44.9,41.0,33.6,14.7,7.3,18.9,11.6,4.2
2017-05-31 12:03:00+02:00,5.1,11.3,3.1,16.5,90.5,60.4,49.6,8.9,3.1,25.7,18.8,63.4,5.8,20.1,8.9,15.7,3.1,17.2,54.4,87.4,44.4,6.1,57.4,8.0,102.5,24.1,21.5,10.4,93.3,12.0,14.1,41.6,6.1,34.9,32.0,29.2,23.9,10.5,5.2,13.5,8.3,3.0
2017-05-31 12:04:00+02:00,3.0,6.6,1.8,9.8,52.9,35.5,29.6,5.1,1.8,15.0,10.9,37.2,3.3,11.8,5.2,9.1,1.8,10.2,32.2,51.2,26.3,3.5,33.8,4.6,59.4,14.1,12.9,5.9,54.5,7.0,8.3,24.7,3.4,21.0,19.4,17.7,14.5,6.4,3.2,8.1,4.9,1.7
2017-05-31 12:05:00+02:00,2.2,4.8,1.2,7.1,36.9,24.8,21.1,3.4,1.2,10.6,7.5,25.9,2.2,8.2,3.5,6.4,1.2,7.2,22.9,35.8,18.7,2.4,23.7,3.2,41.2,9.9,9.4,4.0,37.9,4.8,5.8,17.7,2.4,15.2,14.1,12.9,10.5,4.7,2.3,5.8,3.5,1.1
2017-05-31 12:06:00+02:00,6.7,14.3,4.1,21.0,117.2,77.5,63.8,11.4,3.9,34.3,24.7,81.5,7.6,25.7,11.7,20.9,3.9,22.0,69.9,113.2,57.0,7.9,73.5,10.6,133.9,31.7,27.7,14.0,121.1,15.3,18.5,53.4,7.6,45.9,42.1,38.3,31.4,13.7,6.8,17.7,10.8,3.9
2017-05-31 12:07:00+02:00,7.4,15.8,4.4,23.1,128.4,85.0,70.0,12.4,4.3,37.5,27.1,89.4,8.3,28.2,12.8,22.8,4.3,24.1,76.7,124.0,62.6,8.6,80.7,11.6,146.6,34.7,30.4,15.4,132.6,16.8,20.2,58.6,8.4,50.2,46.0,41.9,34.4,15.0,7.5,19.3,11.8,4.3
2017-05-31 12:08:00+02:00,7.8,16.9,4.6,24.6,136.4,90.3,74.4,13.2,4.6,39.7,29.0,94.9,8.8,29.8,13.5,24.2,4.5,25.5,81.6,131.8,66.6,9.1,85.7,12.3,155.6,37.0,32.5,16.3,140.8,17.8,21.4,62.3,9.1,53.1,48.7,44.3,36.4,15.9,7.9,20.5,12.5,4.5
2017-05-31 12:09:00+02:00,7.5,16.5,4.5,24.0,132.8,88.0,72.7,12.9,4.5,38.3,28.2,92.4,8.6,29.1,13.1,23.3,4.4,24.9,79.6,128.4,65.0,8.8,83.6,11.9,151.2,36.0,31.7,15.7,137.1,17.4,20.8,60.8,8.9,51.4,47.1,43.0,35.2,15.4,7.7,19.8,12.1,4.4
2017-05-31 12:10:00+02:00,7.6,16.8,4.6,24.5,134.9,89.5,73.9,13.2,4.6,38.8,28.7,94.0,8.8,29.6,13.4,23.5,4.5,25.3,80.9,130.4,66.1,9.0,85.0,11.9,153.6,36.5,32.2,15.8,139.2,17.7,21.1,61.8,9.1,52.1,47.8,43.5,35.7,15.6,7.8,20.1,12.3,4.5
2017-05-31 12:11:00+02:00,2.9,6.8,1.8,10.1,53.2,35.6,30.0,4.9,1.8,14.6,11.3,37.3,3.3,11.6,5.1,8.5,1.8,10.0,32.7,51.6,26.7,3.4,34.0,4.3,59.1,14.4,13.4,5.5,54.6,6.6,8.3,25.0,3.5,20.6,19.0,17.4,14.3,6.3,3.1,7.9,4.8,1.7
2017-05-31 12:12:00+02:00,2.6,5.9,1.5,8.8,46.0,30.7,25.9,4.1,1.5,12.9,9.8,32.1,2.8,9.9,4.3,7.5,1.5,8.6,28.2,44.6,22.9,2.9,29.2,3.8,51.3,12.7,11.6,4.7,47.2,5.6,7.2,21.5,3.0,18.2,16.8,15.4,12.5,5.6,2.7,7.0,4.2,1.4
2017-05-31 12:13:00+02:00,4.7,10.4,2.9,15.2,83.2,55.0,45.6,8.0,2.8,23.9,17.8,57.8,5.4,18.2,8.4,14.4,2.8,15.7,49.7,80.4,40.7,5.6,52.1,7.3,94.4,22.6,19.9,9.5,85.9,10.8,13.1,38.1,5.6,32.2,29.4,26.8,21.9,9.6,4.7,12.4,7.7,2.8
2017-05-31 12:14:00+02:00,2.4,5.4,1.5,8.0,42.2,27.8,23.4,3.9,1.4,11.3,9.1,29.2,2.6,9.2,4.2,6.4,1.5,8.0,25.4,40.8,20.8,2.8,26.4,3.5,47.2,11.7,10.4,3.9,43.5,5.3,6.7,19.6,2.8,16.7,15.3,13.9,11.3,5.0,2.4,6.3,3.9,1.4
2017-05-31 12:15:00+02:00,2.3,5.0,1.4,7.4,38.9,25.6,21.6,3.5,1.3,10.4,8.5,26.8,2.4,8.3,3.9,5.7,1.4,7.2,23.4,37.7,19.2,2.6,24.2,3.3,43.6,10.9,9.7,3.3,40.0,4.7,6.3,18.0,2.6,15.5,14.2,13.0,10.5,4.7,2.2,5.9,3.6,1.2
2017-05-31 12:16:00+02:00,7.5,16.1,4.5,23.4,130.4,86.0,70.9,12.7,4.4,38.2,27.9,90.5,8.5,28.5,13.2,22.9,4.4,24.4,77.6,126.1,63.4,8.8,81.6,11.6,148.9,35.6,30.8,15.4,134.7,17.0,20.6,59.3,8.7,50.7,46.3,42.1,34.5,15.0,7.4,19.4,12.0,4.4
2017-05-31 12:17:00+02:00,6.6,14.5,4.0,21.0,116.4,77.0,63.6,11.4,4.0,33.7,24.9,81.0,7.6,25.7,11.8,20.3,3.9,21.9,69.5,112.6,56.9,7.9,73.1,10.3,132.6,31.6,27.6,13.6,120.2,15.3,18.4,53.3,7.9,45.0,41.1,37.4,30.6,13.3,6.6,17.3,10.7,4.0
2017-05-31 12:18:00+02:00,6.4,14.1,3.9,20.4,112.8,74.8,61.8,11.0,3.9,32.2,23.9,78.7,7.4,25.1,11.3,19.2,3.8,21.2,67.6,109.1,55.3,7.6,71.0,9.9,129.2,30.5,26.8,12.7,116.4,14.8,17.7,51.8,7.7,43.5,39.7,36.1,29.6,12.9,6.4,16.7,10.3,3.8
2017-05-31 12:19:00+02:00,6.7,14.7,4.1,21.3,118.0,78.3,64.5,11.4,4.0,33.8,25.1,82.3,7.7,26.1,11.8,20.2,4.0,22.1,70.7,114.2,57.7,8.0,74.3,10.4,135.3,31.9,28.0,13.4,121.8,15.4,18.5,54.1,8.0,45.6,41.7,37.9,31.1,13.5,6.7,17.6,10.8,4.0
2017-05-31 12:20:00+02:00,7.7,16.7,4.6,24.3,135.0,89.6,73.6,13.0,4.6,38.7,28.7,94.1,8.8,29.7,13.4,23.1,4.5,25.2,80.7,130.5,65.8,9.0,85.0,11.8,154.7,36.5,32.0,15.4,139.3,17.5,21.1,61.7,9.0,52.1,47.7,43.4,35.6,15.5,7.7,20.0,12.3,4.5
2017-05-31 12:21:00+02:00,7.7,16.9,4.6,24.6,136.9,91.0,74.8,13.5,4.6,39.0,29.0,95.6,8.9,30.3,13.6,23.3,4.6,25.8,82.1,132.4,67.0,9.1,86.4,11.9,156.8,36.9,32.4,15.5,141.3,18.0,21.4,62.7,9.0,52.5,48.0,43.7,35.8,15.7,7.8,20.1,12.4,4.5
2017-05-31 12:22:00+02:00,6.8,15.2,4.2,22.2,123.0,81.9,67.5,12.2,4.2,34.6,25.9,86.1,8.1,27.5,12.2,20.6,4.1,23.3,74.0,118.9,60.5,8.2,77.8,10.6,140.4,32.9,29.2,13.7,126.8,16.4,19.2,56.7,8.2,46.8,42.8,38.9,31.9,14.0,6.9,17.9,11.1,4.1
2017-05-31 12:23:00+02:00,2.3,5.0,1.3,7.6,40.9,27.3,22.8,3.7,1.3,10.4,8.7,28.6,2.4,8.9,3.8,5.7,1.3,7.6,25.0,39.7,20.2,2.6,26.0,3.0,46.0,11.2,10.1,3.4,41.9,4.9,6.3,19.0,2.4,16.0,14.8,13.6,11.1,5.0,2.4,6.2,3.7,1.2
2017-05-31 12:24:00+02:00,2.5,5.3,1.4,8.0,43.7,29.0,24.1,3.9,1.4,11.7,9.3,30.4,2.6,9.5,4.1,6.5,1.4,8.1,26.4,42.4,21.4,2.8,27.6,3.3,49.6,12.0,10.7,3.9,44.8,5.3,6.8,20.2,2.6,17.4,16.1,14.7,12.0,5.4,2.6,6.7,4.0,1.3
2017-05-31 12:25:00+02:00,4.2,8.9,2.5,13.1,72.2,47.7,39.4,6.9,2.4,20.3,15.4,50.2,4.6,15.9,7.2,12.1,2.4,13.6,43.1,69.8,35.3,4.8,45.3,6.3,82.6,19.6,17.2,7.8,74.4,9.3,11.3,33.1,4.7,28.1,25.7,23.4,19.1,8.4,4.1,10.7,6.6,2.3
2017-05-31 12:26:00+02:00,6.0,12.6,3.5,18.5,102.5,67.7,55.7,10.0,3.4,29.2,21.9,71.2,6.6,22.6,10.2,17.8,3.4,19.2,61.1,99.1,49.9,6.9,64.3,9.1,117.5,27.8,24.2,11.7,105.7,13.4,16.1,46.8,6.8,39.7,36.3,33.0,27.0,11.8,5.8,15.2,9.4,3.4
2017-05-31 12:27:00+02:00,8.0,16.9,4.7,24.7,137.6,90.9,74.6,13.3,4.5,39.7,29.4,95.6,8.9,30.1,13.6,24.1,4.6,25.6,82.0,133.0,66.7,9.2,86.3,12.3,158.0,37.5,32.4,16.1,142.0,17.8,21.6,62.5,9.0,53.4,48.9,44.5,36.4,15.9,7.9,20.5,12.5,4.5
2017-05-31 12:28:00+02:00,5.1,11.0,3.0,16.1,88.5,58.7,48.4,8.7,3.0,24.7,18.8,61.7,5.8,19.6,8.8,15.0,3.0,16.7,53.0,85.6,43.3,5.9,55.8,7.7,101.0,23.9,21.1,9.9,91.2,11.5,13.8,40.6,5.9,34.0,31.2,28.4,23.2,10.2,5.0,13.0,8.0,2.9
2017-05-31 12:29:00+02:00,6.3,13.6,3.7,19.8,109.5,72.6,59.8,10.7,3.7,31.1,23.2,76.3,7.1,24.1,10.9,19.0,3.7,20.6,65.5,105.9,53.5,7.3,68.9,9.7,125.4,29.6,26.0,12.6,113.0,14.3,17.1,50.1,7.3,42.1,38.6,35.1,28.7,12.5,6.2,16.2,9.9,3.6
2017-05-31 12:30:00+02:00,8.0,17.2,4.7,25.1,139.1,92.2,75.6,13.3,4.6,40.0,29.6,96.8,8.8,30.3,13.7,24.3,4.6,25.8,83.0,134.5,67.6,9.2,87.5,12.4,159.1,37.8,33.0,16.1,143.6,17.8,21.7,63.3,9.2,54.0,49.4,44.9,36.8,16.0,7.9,20.7,12.7,4.5
2017-05-31 12:31:00+02:00,8.1,17.5,4.7,25.5,140.4,93.0,76.3,12.9,4.7,40.3,29.9,97.7,8.4,30.2,13.8,24.4,4.7,25.6,83.8,135.8,68.2,9.3,88.4,12.4,160.3,38.1,33.6,16.2,144.9,17.5,21.9,63.8,9.3,54.5,49.9,45.4,37.2,16.2,8.0,21.0,12.8,4.6
2017-05-31 12:32:00+02:00,7.5,17.0,4.6,24.8,136.3,90.5,74.3,12.7,4.6,38.6,28.9,95.0,8.2,29.5,13.5,23.3,4.6,25.1,81.6,131.8,66.4,9.0,86.0,11.7,155.8,36.9,32.7,15.4,140.6,17.2,21.3,62.2,9.1,52.7,48.2,43.9,35.9,15.7,7.7,20.3,12.5,4.5
2017-05-31 12:33:00+02:00,6.1,14.4,4.0,21.2,118.0,78.4,64.3,11.0,3.6,33.2,25.0,82.4,7.1,25.8,11.7,20.1,4.0,21.9,70.7,114.1,57.5,7.9,74.5,9.7,134.8,31.9,28.1,13.3,121.7,15.0,18.4,53.9,7.6,45.5,41.6,37.9,31.0,13.5,6.7,17.5,10.8,3.9
2017-05-31 12:34:00+02:00,5.4,12.1,3.4,17.9,99.5,66.3,54.6,9.5,3.0,28.0,21.0,69.6,6.2,22.0,9.8,17.0,3.4,18.7,59.8,96.3,48.8,6.6,63.0,8.3,113.5,26.8,23.7,11.3,102.6,12.8,15.5,45.7,6.4,38.2,35.0,31.9,26.1,11.4,5.6,14.7,9.1,3.3
2017-05-31 12:35:00+02:00,4.7,10.2,2.9,15.1,84.2,56.3,46.5,8.5,2.4,23.6,17.7,59.1,5.7,19.1,8.2,14.5,2.8,16.3,50.9,81.5,41.6,5.6,53.6,7.2,96.0,22.5,20.0,9.6,86.8,11.3,13.0,39.1,5.3,32.3,29.6,26.9,22.1,9.6,4.8,12.4,7.6,2.7
2017-05-31 12:36:00+02:00,8.1,16.6,4.7,24.5,138.9,92.1,75.5,13.6,4.2,40.8,29.6,96.6,9.1,30.6,13.7,25.0,4.5,26.1,83.0,134.4,67.5,9.2,87.4,12.5,159.6,37.8,32.6,16.8,143.5,18.1,21.7,63.2,8.6,54.1,49.5,45.0,36.9,16.1,8.0,20.8,12.6,4.6
2017-05-31 12:37:00+02:00,5.7,12.0,3.4,17.8,99.4,66.2,54.6,9.9,2.9,28.4,21.0,69.5,6.7,22.3,9.8,17.4,3.3,19.0,59.7,96.2,48.8,6.6,62.9,8.7,113.6,26.8,23.5,11.6,102.6,13.2,15.4,45.8,6.2,38.3,35.1,32.0,26.2,11.4,5.7,14.8,9.0,3.2
2017-05-31 12:38:00+02:00,3.3,7.5,2.0,11.2,61.5,41.2,34.3,6.0,1.7,17.0,13.0,43.1,4.1,13.9,5.8,10.4,2.0,11.9,37.3,59.6,30.6,4.0,39.2,5.0,70.1,16.7,14.9,6.7,63.3,8.0,9.4,28.8,3.6,24.1,22.1,20.3,16.6,7.3,3.6,9.3,5.6,1.9
2017-05-31 12:39:00+02:00,7.0,14.6,4.1,21.4,121.1,80.1,65.8,11.8,3.6,35.3,25.9,84.1,8.0,26.8,12.0,21.7,4.0,22.7,72.1,117.0,58.8,8.1,76.1,10.8,138.9,33.0,28.3,14.5,125.1,15.7,18.9,55.1,7.6,47.0,43.0,39.1,32.1,14.0,6.9,18.1,11.0,4.0
2017-05-31 12:40:00+02:00,7.6,16.5,4.6,24.3,137.1,90.8,74.6,13.4,4.2,40.3,29.3,95.3,9.0,30.2,13.5,24.4,4.5,25.7,81.8,132.6,66.6,9.1,86.2,12.1,157.4,37.3,32.2,16.4,141.6,17.8,21.4,62.4,8.6,53.2,48.7,44.3,36.3,15.8,7.8,20.5,12.5,4.5
2017-05-31 12:41:00+02:00,7.7,16.9,4.7,24.8,139.6,92.5,76.1,13.6,4.2,41.0,29.8,97.1,9.2,30.8,13.8,24.7,4.5,26.2,83.3,135.0,68.0,9.3,87.9,12.3,160.1,38.0,32.8,16.6,144.2,18.2,21.8,63.6,8.8,54.0,49.5,45.0,36.9,16.0,7.9,20.8,12.7,4.6
2017-05-31 12:42:00+02:00,4.8,10.7,3.0,15.9,88.7,59.1,48.9,8.8,2.6,25.5,18.8,62.0,5.9,20.0,8.7,15.4,2.9,17.0,53.3,85.8,43.7,5.9,56.1,7.7,100.9,23.9,21.0,10.3,91.4,11.7,13.7,41.0,5.4,34.0,31.1,28.4,23.3,10.1,5.0,13.2,8.0,2.9
2017-05-31 12:43:00+02:00,7.2,15.3,4.3,22.6,127.7,84.5,69.5,12.5,3.8,37.8,27.4,88.7,8.5,28.3,12.6,22.9,4.2,24.1,76.1,123.5,62.1,8.5,80.2,11.5,146.4,34.8,29.8,15.4,131.9,16.7,20.0,58.1,7.9,49.5,45.3,41.1,33.7,14.7,7.3,19.0,11.6,4.2
2017-05-31 12:44:00+02:00,6.9,14.8,4.2,21.8,123.5,81.8,67.4,12.2,3.6,36.3,26.5,85.9,8.3,27.5,12.2,22.0,4.1,23.4,73.7,119.4,60.3,8.3,77.7,11.0,141.3,33.6,28.8,14.8,127.5,16.3,19.4,56.4,7.6,47.7,43.6,39.6,32.5,14.1,7.0,18.3,11.2,4.0
2017-05-31 12:45:00+02:00,2.6,5.6,1.5,8.6,47.5,31.8,26.6,4.5,1.1,13.6,10.2,33.3,3.1,10.7,4.4,8.1,1.6,9.1,29.0,46.2,23.6,3.0,30.4,4.0,53.7,13.1,11.6,5.2,48.8,5.9,7.3,22.2,2.5,18.7,17.2,15.8,12.9,5.7,2.8,7.2,4.3,1.3
2017-05-31 12:46:00+02:00,2.2,4.8,1.3,7.3,40.1,26.7,22.3,3.5,1.0,11.6,8.7,27.9,2.4,8.8,3.7,6.9,1.3,7.5,24.4,39.0,19.7,2.5,25.5,3.4,45.5,11.2,9.8,4.4,41.1,4.7,6.2,18.6,2.1,16.0,14.8,13.6,11.1,4.9,2.4,6.1,3.6,1.1
2017-05-31 12:47:00+02:00,2.4,4.1,1.4,6.8,40.6,27.0,22.5,3.7,0.5,12.6,8.5,28.3,2.5,9.2,3.9,7.5,1.3,7.8,24.6,39.4,19.7,2.7,25.8,3.7,46.6,11.2,9.4,4.8,41.8,5.0,6.6,18.6,1.6,17.2,15.9,14.6,11.9,5.3,2.5,6.6,3.9,1.3
2017-05-31 12:48:00+02:00,3.7,7.1,2.1,10.7,61.4,40.7,33.1,5.0,1.6,19.1,12.8,42.7,3.9,13.0,6.1,11.6,2.1,10.9,36.8,59.4,29.2,4.1,38.7,5.7,70.9,16.7,14.4,7.6,63.3,6.9,10.0,27.4,3.5,25.5,23.4,21.3,17.4,7.7,3.7,9.8,5.9,2.0
2017-05-31 12:49:00+02:00,4.6,8.7,2.6,12.7,78.1,51.2,41.5,7.2,1.8,24.0,17.0,53.7,4.9,17.1,7.6,14.5,2.6,14.6,46.3,75.5,36.8,5.2,48.7,7.2,89.9,21.8,17.3,9.6,80.5,9.7,12.5,34.4,4.2,31.4,28.8,26.3,21.5,9.4,4.6,12.1,7.3,2.5
2017-05-31 12:50:00+02:00,3.7,5.6,2.1,8.7,60.8,39.3,31.7,5.7,0.2,19.2,13.7,41.2,3.8,13.5,5.9,11.5,2.0,11.5,35.5,58.8,27.8,4.0,37.4,5.7,70.2,17.6,12.5,7.5,62.6,7.6,9.9,26.0,1.9,25.1,23.0,21.1,17.2,7.6,3.7,9.6,5.7,1.8
2017-05-31 12:51:00+02:00,3.5,4.5,2.0,8.1,57.6,37.2,29.9,5.4,0.8,18.2,13.0,39.0,3.6,12.9,5.6,10.9,1.9,11.0,33.6,55.7,26.2,3.8,35.4,5.4,66.6,16.7,11.6,7.1,59.3,7.2,9.4,24.5,1.1,23.6,21.7,19.8,16.1,7.2,3.5,8.9,5.5,1.7
2017-05-31 12:52:00+02:00,3.1,4.0,1.7,7.1,50.1,32.3,26.1,4.7,0.6,15.9,11.4,33.9,3.1,11.2,4.9,9.5,1.6,9.5,29.3,48.5,22.9,3.3,30.8,4.7,58.0,14.6,10.2,6.2,51.6,6.2,8.2,21.4,1.1,20.5,18.8,17.2,14.0,6.2,3.1,7.7,4.7,1.5
2017-05-31 12:53:00+02:00,2.9,5.1,1.6,8.1,49.0,32.1,26.2,4.5,0.8,15.1,10.7,33.7,2.9,10.7,4.7,9.1,1.6,9.1,29.2,47.4,23.1,3.2,30.7,4.5,56.4,13.8,11.0,5.9,50.4,6.0,7.9,21.7,2.3,19.7,18.0,16.5,13.4,6.0,2.9,7.4,4.6,1.5
2017-05-31 12:54:00+02:00,2.6,4.3,1.5,7.0,43.9,28.7,23.3,4.0,0.5,13.7,9.6,30.1,2.6,9.6,4.3,8.2,1.4,8.2,26.0,42.5,20.5,2.9,27.4,4.0,50.6,12.4,9.7,5.3,45.1,5.4,7.1,19.3,1.8,17.9,16.4,14.9,12.2,5.4,2.6,6.8,4.2,1.4
2017-05-31 12:55:00+02:00,1.3,4.4,1.4,6.9,43.2,28.3,23.1,4.0,0.6,11.9,9.4,29.7,2.6,9.5,4.2,6.6,1.4,8.1,25.7,41.8,20.3,2.8,27.0,2.5,49.8,12.2,9.6,3.8,44.5,5.3,7.0,19.1,2.0,17.6,16.1,14.7,11.9,5.3,2.6,6.7,4.1,1.4
2017-05-31 12:56:00+02:00,4.5,11.9,3.5,17.0,101.9,67.1,54.6,9.9,2.8,29.0,21.9,70.5,6.6,22.5,10.3,17.1,3.4,19.2,60.4,98.5,48.6,6.9,63.8,7.7,117.0,28.0,22.9,11.0,105.3,13.2,16.3,45.5,6.2,39.6,36.2,32.8,26.8,11.7,5.8,15.1,9.3,3.3
2017-05-31 12:57:00+02:00,6.4,15.1,4.4,21.8,129.6,85.4,69.5,12.6,3.6,37.5,27.9,89.7,8.4,28.5,13.0,22.3,4.2,24.3,76.9,125.3,61.9,8.7,81.2,10.4,148.9,35.6,29.4,14.5,133.9,16.8,20.6,57.9,7.9,50.4,46.0,41.8,34.1,14.9,7.4,19.2,11.9,4.2
2017-05-31 12:58:00+02:00,7.1,16.5,4.7,24.0,140.8,93.0,75.8,13.6,4.0,40.8,30.2,97.6,9.0,30.9,13.9,24.2,4.6,26.3,83.8,136.2,67.5,9.3,88.4,11.3,161.4,38.6,32.1,15.8,145.1,18.1,22.3,63.0,8.6,54.8,50.1,45.5,37.2,16.3,8.1,20.9,12.9,4.6
2017-05-31 12:59:00+02:00,7.0,15.8,4.7,23.9,141.1,93.3,75.9,13.7,3.2,40.7,30.3,97.9,9.1,31.1,13.9,24.2,4.6,26.5,84.0,136.4,67.6,9.3,88.6,11.3,161.3,38.6,32.0,15.8,145.1,18.2,22.3,63.1,7.8,54.8,50.1,45.6,37.2,16.3,8.1,20.9,12.9,4.6
2017-05-31 13:00:00+02:00,6.3,14.8,4.4,22.5,131.2,87.0,70.9,12.8,3.0,37.2,28.0,91.2,8.5,29.0,13.0,21.9,4.3,24.8,78.4,126.9,63.2,8.7,82.6,10.1,149.7,35.7,30.0,14.2,134.9,17.1,20.7,59.0,7.3,50.6,46.3,42.0,34.4,15.1,7.5,19.3,11.9,4.2
2017-05-31 13:01:00+02:00,6.0,14.5,4.2,21.8,125.4,83.3,68.0,12.3,3.2,35.3,26.7,87.3,8.2,27.9,12.3,20.9,4.1,23.8,75.1,121.3,60.6,8.3,79.1,9.6,142.9,34.1,29.0,13.5,128.9,16.4,19.7,56.9,7.3,48.2,44.1,40.1,32.8,14.4,7.2,18.4,11.3,4.0
2017-05-31 13:02:00+02:00,3.3,9.6,2.7,14.4,80.6,54.1,44.4,7.9,2.2,21.4,16.9,56.6,5.3,18.1,7.8,12.4,2.7,15.4,49.1,78.1,39.7,5.2,51.5,5.4,91.0,21.6,19.0,7.8,82.5,10.5,12.5,37.1,4.9,30.4,27.9,25.4,20.7,9.2,4.6,11.5,7.1,2.4
2017-05-31 13:03:00+02:00,1.4,5.5,1.5,8.4,47.0,31.8,26.1,4.4,1.2,11.8,9.8,33.1,2.9,10.4,4.3,6.6,1.5,8.9,29.0,45.7,23.1,2.9,30.3,2.4,52.7,12.7,11.3,3.7,47.8,5.8,7.2,21.7,2.6,17.9,16.5,15.1,12.3,5.5,2.7,6.8,4.2,1.3
2017-05-31 13:04:00+02:00,2.1,6.7,1.9,10.2,58.4,39.0,31.8,5.5,1.5,15.6,12.3,40.8,3.6,12.8,5.6,8.9,1.9,10.9,35.3,56.6,28.2,3.8,37.1,3.6,66.1,15.8,13.6,5.4,59.6,7.3,9.1,26.4,3.3,22.6,20.7,19.0,15.5,6.8,3.4,8.7,5.3,1.8
2017-05-31 13:05:00+02:00,1.4,5.1,1.5,7.9,45.3,30.1,24.6,4.0,1.1,12.0,9.7,31.5,2.6,9.8,4.3,6.7,1.4,8.3,27.4,43.9,21.7,2.9,28.8,2.5,51.2,12.5,10.5,3.8,46.1,5.4,7.1,20.3,2.4,17.9,16.4,15.1,12.2,5.4,2.7,6.8,4.1,1.3
2017-05-31 13:06:00+02:00,1.7,5.6,1.6,8.0,48.9,32.1,26.0,4.3,1.2,13.5,10.7,33.6,2.9,10.6,4.8,7.5,1.5,9.0,29.1,47.4,22.9,3.2,30.6,3.0,55.5,13.8,10.9,4.4,49.8,5.8,7.9,21.4,2.8,19.7,18.1,16.6,13.5,5.9,3.0,7.5,4.5,1.5
2017-05-31 13:07:00+02:00,6.1,14.8,4.2,21.5,124.8,82.3,66.9,11.8,3.7,36.1,26.8,86.4,8.0,27.0,12.5,21.5,4.1,23.1,74.1,120.6,59.6,8.4,78.2,10.1,142.7,34.2,28.6,14.1,128.3,15.8,19.8,55.6,7.8,47.5,43.3,39.2,31.9,13.3,7.2,18.5,11.3,4.0
2017-05-31 13:08:00+02:00,4.7,11.8,3.5,17.1,100.8,67.4,54.7,9.8,2.6,29.2,20.5,70.9,6.7,22.4,10.4,17.3,3.4,19.2,60.7,97.4,48.7,7.0,64.1,8.0,115.3,26.5,22.9,11.3,103.6,13.1,16.4,45.4,6.0,39.2,35.7,32.4,26.3,11.1,5.9,15.3,9.3,3.3
2017-05-31 13:09:00+02:00,6.2,12.7,4.3,19.4,122.5,81.9,66.2,12.3,1.4,36.8,24.5,86.2,8.3,28.0,12.9,22.0,4.2,23.8,73.5,118.2,58.7,8.6,77.7,10.3,140.8,32.0,26.6,14.5,126.1,16.4,20.3,54.6,5.6,48.9,44.6,40.4,32.9,13.9,7.3,19.0,11.6,4.2
2017-05-31 13:10:00+02:00,6.5,13.2,4.6,20.9,129.1,86.6,70.1,13.0,1.4,38.4,25.8,91.1,8.8,29.5,13.5,22.9,4.4,25.1,77.8,124.7,62.3,9.0,82.2,10.7,148.3,33.6,28.5,15.1,133.1,17.3,21.3,57.9,5.8,51.2,46.7,42.2,34.4,14.5,7.6,19.9,12.2,4.4
2017-05-31 13:11:00+02:00,6.3,13.8,4.5,21.3,128.2,86.3,70.0,12.9,2.1,37.5,25.3,90.8,8.8,29.3,13.3,22.4,4.5,24.9,77.5,123.7,62.4,8.9,81.9,10.4,146.9,33.0,28.8,14.7,132.1,17.3,21.0,58.0,6.5,50.3,45.9,41.5,33.8,14.3,7.5,19.5,12.0,4.3
2017-05-31 13:12:00+02:00,6.2,14.7,4.5,22.0,127.7,86.4,70.2,12.9,3.1,36.9,25.1,90.8,8.8,29.1,13.2,22.1,4.5,24.8,77.6,123.3,62.7,8.9,81.9,10.2,146.1,32.6,29.4,14.5,131.6,17.2,20.8,58.5,7.5,49.6,45.2,40.9,33.3,14.1,7.3,19.3,11.8,4.3
2017-05-31 13:13:00+02:00,5.6,15.3,4.5,22.6,127.2,86.5,70.4,12.9,3.7,36.2,24.6,90.8,8.8,29.0,13.2,21.5,4.5,24.7,77.8,122.9,62.9,8.8,82.1,9.7,145.7,32.0,29.9,14.0,131.3,17.2,20.4,58.9,8.1,49.4,45.0,40.7,33.2,14.0,7.3,19.2,11.8,4.3
2017-05-31 13:14:00+02:00,5.4,15.1,4.4,22.2,127.3,85.5,69.7,12.7,3.7,35.1,26.0,89.8,8.7,28.7,13.1,21.0,4.4,24.4,77.0,123.0,62.4,8.8,81.2,9.4,145.7,33.3,29.5,13.6,131.5,17.0,20.4,58.2,8.0,48.5,44.2,39.9,32.6,13.7,7.2,18.9,11.6,4.2
2017-05-31 13:15:00+02:00,5.4,15.0,4.4,22.2,127.3,85.1,69.5,12.7,3.6,35.1,26.4,89.4,8.6,28.6,13.0,20.9,4.4,24.4,76.7,123.1,62.2,8.7,81.0,9.4,145.6,33.7,29.4,13.5,131.5,17.0,20.3,58.0,7.9,48.5,44.2,39.9,32.6,13.8,7.1,18.8,11.6,4.2
2017-05-31 13:16:00+02:00,5.7,14.8,4.4,22.1,127.8,85.4,69.7,12.8,3.4,35.2,26.5,89.8,8.7,28.8,13.1,21.3,4.4,24.5,77.0,123.6,62.3,8.8,81.2,9.8,146.3,33.9,29.3,14.0,132.0,17.1,20.5,58.1,7.7,48.8,44.4,40.2,32.8,13.9,7.2,18.9,11.6,4.2
2017-05-31 13:17:00+02:00,5.5,15.0,4.4,22.2,127.9,85.6,69.8,12.7,3.8,35.3,26.6,89.9,8.7,28.8,13.1,21.1,4.4,24.5,77.1,123.7,62.4,8.7,81.4,9.6,146.4,34.0,29.4,13.7,132.2,17.1,20.4,58.2,7.8,48.8,44.4,40.2,32.8,13.9,7.2,18.9,11.7,4.3
2017-05-31 13:18:00+02:00,6.1,15.8,4.4,23.0,128.5,86.0,70.9,12.8,4.2,36.1,26.6,90.4,8.7,28.9,13.1,21.7,4.5,24.6,77.6,124.3,63.4,8.8,81.8,10.1,146.6,34.0,30.3,14.3,132.8,17.2,20.5,59.2,8.5,48.6,44.2,39.9,32.6,13.6,7.2,19.0,11.7,4.3
2017-05-31 13:19:00+02:00,6.1,15.8,4.4,23.1,128.5,86.0,71.0,12.8,4.2,36.0,26.6,90.4,8.7,28.9,13.1,21.7,4.4,24.6,77.5,124.3,63.5,8.8,81.7,10.1,146.7,34.1,30.4,14.3,132.8,17.2,20.5,59.3,8.5,48.5,44.1,39.8,32.3,13.3,7.2,19.0,11.7,4.3
2017-05-31 13:20:00+02:00,6.7,15.7,4.4,22.9,128.1,85.7,70.7,12.7,4.2,36.5,26.6,90.0,8.7,28.8,13.1,22.3,4.4,24.6,77.2,123.9,63.3,8.8,81.4,10.7,145.1,34.0,30.2,14.9,132.3,17.1,20.5,59.0,8.5,48.3,43.9,39.6,32.2,13.3,7.2,18.9,11.7,4.3
2017-05-31 13:21:00+02:00,7.0,15.7,4.4,22.9,128.3,85.7,70.7,12.7,4.2,37.0,26.7,90.0,8.7,28.8,13.1,22.7,4.4,24.5,77.2,124.0,63.2,8.8,81.4,11.1,145.1,34.2,30.2,15.3,132.5,17.0,20.5,59.0,8.5,48.4,44.0,39.7,32.3,13.4,7.2,18.9,11.7,4.3
2017-05-31 13:22:00+02:00,7.1,15.7,4.4,23.0,128.0,85.4,70.4,12.7,4.2,37.5,26.8,89.7,8.7,28.8,13.1,22.7,4.5,24.5,76.8,123.8,63.4,8.8,81.1,11.2,144.8,34.2,30.3,15.4,132.2,17.1,20.6,59.1,8.5,49.3,44.9,40.6,33.1,14.2,7.2,18.9,11.7,4.3
2017-05-31 13:23:00+02:00,6.6,15.7,4.4,23.0,127.4,85.2,70.8,12.7,4.2,37.1,26.3,89.6,8.7,28.8,13.1,22.3,4.5,24.5,76.7,123.1,63.3,8.8,80.9,10.8,145.1,33.7,30.3,15.0,131.6,17.0,20.6,59.1,8.5,49.1,44.8,40.4,33.0,14.2,7.2,18.8,11.6,4.3
2017-05-31 13:24:00+02:00,6.1,15.8,4.4,23.1,127.8,86.0,70.8,12.7,4.2,36.8,25.9,90.3,8.7,28.7,13.2,21.9,4.5,24.5,77.4,123.5,63.4,8.8,81.6,10.3,145.5,33.4,30.5,14.6,132.0,17.0,20.6,59.2,8.6,49.2,44.8,40.5,33.1,14.3,7.3,18.8,11.6,4.3
2017-05-31 13:25:00+02:00,7.4,15.9,4.5,23.3,125.8,83.6,68.4,12.8,4.3,38.5,26.2,88.0,8.8,28.9,13.2,23.6,4.5,24.6,75.1,121.5,61.1,8.9,79.3,11.8,143.0,33.7,27.9,16.2,130.0,17.1,20.7,56.8,8.6,49.6,45.2,40.9,33.4,14.4,7.3,19.0,11.7,4.3
2017-05-31 13:26:00+02:00,7.5,16.0,4.5,23.5,126.1,83.5,68.3,12.8,4.3,38.7,26.5,87.9,8.8,29.0,13.3,23.8,4.5,24.7,75.0,121.8,60.9,8.9,79.3,12.0,144.2,34.1,27.6,16.3,130.3,17.1,20.8,56.6,8.7,49.8,45.4,41.1,33.5,14.5,7.4,19.1,11.8,4.3
2017-05-31 13:27:00+02:00,7.4,16.1,4.5,23.6,127.4,84.2,68.8,12.9,4.3,38.8,27.1,88.5,8.8,29.2,13.3,23.8,4.6,24.9,75.6,123.0,61.3,8.9,79.9,11.9,145.3,34.7,27.8,16.3,131.6,17.2,20.9,57.0,8.7,50.2,45.7,41.4,33.8,14.6,7.4,19.2,11.8,4.3
2017-05-31 13:28:00+02:00,7.6,16.2,4.5,23.8,128.6,85.0,69.5,13.0,4.4,39.4,27.4,89.4,8.9,29.4,13.4,24.1,4.6,25.0,76.3,124.2,61.8,9.0,80.6,12.1,146.5,35.0,28.1,16.6,132.9,17.3,21.1,57.5,8.8,50.6,46.1,41.8,34.1,14.7,7.5,19.4,11.9,4.3
2017-05-31 13:29:00+02:00,7.5,16.2,4.5,23.8,128.4,85.2,69.6,13.0,4.4,39.0,27.0,89.5,8.9,29.5,13.4,24.1,4.6,25.1,76.5,124.0,62.0,9.0,80.8,12.0,146.5,34.6,28.1,16.5,132.6,17.4,21.1,57.6,8.8,50.7,46.3,41.9,34.2,14.7,7.5,19.5,11.9,4.3
2017-05-31 13:30:00+02:00,7.6,16.3,4.5,24.0,129.6,85.8,70.2,13.1,4.4,38.3,27.6,90.2,9.0,29.8,13.5,24.2,4.6,25.3,77.1,125.3,62.5,9.0,81.4,12.1,148.2,35.2,28.4,16.6,134.0,17.6,21.2,58.1,8.8,51.1,46.6,42.2,34.5,14.9,7.6,19.6,11.9,4.3
2017-05-31 13:31:00+02:00,7.4,16.3,4.5,23.9,128.4,84.7,69.2,12.3,4.4,37.8,27.5,89.1,8.2,28.8,13.5,24.0,4.6,24.4,76.1,124.1,61.5,9.0,80.4,12.0,147.0,35.1,28.3,16.4,132.7,16.7,21.2,57.2,8.8,50.9,46.4,42.0,34.3,14.8,7.5,19.6,11.9,4.3
2017-05-31 13:32:00+02:00,7.5,16.3,4.5,24.0,129.2,85.6,70.0,13.1,4.4,37.9,27.6,90.0,9.1,29.7,13.5,24.0,4.6,25.3,76.9,124.9,62.4,9.0,81.2,12.0,147.9,35.2,28.3,16.4,133.5,17.5,21.2,58.0,8.8,50.9,46.4,42.0,34.4,14.8,7.5,19.6,11.9,4.3
2017-05-31 13:33:00+02:00,7.4,16.2,4.5,23.9,129.4,86.0,69.9,13.1,4.3,37.8,27.4,90.3,9.0,29.6,13.4,23.9,4.6,25.2,77.3,125.2,62.3,9.0,81.6,12.0,148.5,35.0,28.3,16.3,133.7,17.5,21.2,57.9,8.7,50.9,46.5,42.0,34.4,14.8,7.5,19.6,12.0,4.3
2017-05-31 13:34:00+02:00,7.0,15.6,4.3,22.9,123.3,81.9,66.8,12.5,4.1,35.9,26.0,86.1,8.6,28.3,12.9,22.8,4.4,24.1,73.7,119.2,59.5,8.7,77.8,11.4,141.5,33.3,27.0,15.5,127.4,16.7,20.2,55.3,8.4,48.6,44.3,40.0,32.7,14.1,7.2,18.7,11.4,4.1
2017-05-31 13:35:00+02:00,7.2,15.7,4.4,23.2,123.8,82.1,67.3,12.5,4.2,36.3,26.3,86.3,8.7,28.5,12.9,23.1,4.4,24.3,73.8,119.7,59.9,8.7,77.9,11.5,142.2,33.6,27.3,15.7,128.0,16.8,20.3,55.7,8.4,48.9,44.6,40.3,33.0,14.2,7.2,18.8,11.5,4.2
2017-05-31 13:36:00+02:00,7.5,16.4,4.5,24.2,132.3,88.2,72.7,12.6,4.4,38.3,27.8,92.6,9.0,29.2,13.5,24.3,4.6,24.8,79.5,128.0,64.9,9.1,83.8,12.1,151.6,35.5,31.4,16.5,136.6,17.0,21.3,60.6,8.8,51.0,46.5,42.1,34.3,14.8,7.6,19.5,12.1,4.4
2017-05-31 13:37:00+02:00,7.6,16.5,4.5,24.3,132.5,88.5,72.9,12.0,4.4,38.3,27.7,92.8,8.3,28.6,13.5,24.3,4.6,24.2,79.8,128.1,65.1,9.1,84.0,12.1,151.7,35.5,32.1,16.5,136.8,16.4,21.3,60.8,8.9,51.3,46.8,42.4,34.6,15.1,7.6,19.5,12.1,4.4
2017-05-31 13:38:00+02:00,5.5,12.6,3.4,18.5,98.3,65.9,54.5,9.5,3.3,27.6,20.4,69.1,6.9,22.1,10.2,17.8,3.5,18.8,59.4,95.0,48.7,6.9,62.6,8.8,112.2,26.1,23.3,12.1,101.4,12.8,15.9,45.4,6.7,38.1,34.7,31.4,25.7,11.3,5.7,14.4,9.0,3.3
2017-05-31 13:39:00+02:00,5.5,12.3,3.4,18.2,96.4,64.0,52.8,8.8,3.2,27.7,20.5,67.2,6.3,21.1,9.9,17.7,3.4,18.0,57.7,93.2,47.0,6.7,60.8,8.8,110.5,26.2,22.7,12.0,99.5,12.1,15.7,43.8,6.5,37.9,34.6,31.3,25.6,11.2,5.6,14.3,8.9,3.2
2017-05-31 13:40:00+02:00,7.9,16.5,4.6,24.4,132.4,87.3,71.6,12.7,4.3,39.8,28.5,91.8,9.0,29.3,13.6,24.7,4.5,25.0,78.6,128.0,63.7,9.2,82.9,12.2,151.6,36.3,30.0,16.6,136.8,17.1,21.5,59.3,8.8,52.2,47.7,43.1,35.2,15.3,7.7,19.8,12.3,4.4
2017-05-31 13:41:00+02:00,7.9,16.7,4.6,24.7,132.2,86.9,71.1,13.1,4.4,40.3,28.6,91.3,9.1,29.9,13.6,24.7,4.6,25.6,78.1,127.7,63.1,9.2,82.4,12.2,151.0,36.5,28.8,16.7,136.6,17.6,21.5,58.7,8.9,52.4,47.8,43.3,35.3,15.4,7.7,19.9,12.3,4.4
2017-05-31 13:42:00+02:00,7.9,16.8,4.6,24.8,134.0,88.5,72.7,13.4,4.4,40.3,28.7,93.0,9.2,30.2,13.7,24.7,4.7,25.9,79.7,129.5,64.7,9.2,84.0,12.2,152.1,36.6,30.0,16.7,138.4,17.9,21.6,60.2,9.0,52.3,47.7,43.1,35.1,15.3,7.6,19.8,12.4,4.4
2017-05-31 13:43:00+02:00,7.9,16.9,4.6,24.9,135.1,89.4,73.5,13.7,4.4,40.4,28.9,93.9,9.3,30.5,13.8,24.7,4.7,26.2,80.6,130.6,65.5,9.2,84.9,12.2,153.5,36.8,30.5,16.7,139.5,18.1,21.8,61.0,9.0,52.0,47.3,42.8,34.8,15.4,7.7,19.4,12.4,4.5
2017-05-31 13:44:00+02:00,7.6,16.4,4.5,24.2,131.7,87.5,72.1,13.3,4.3,38.9,27.9,91.8,9.0,29.7,13.4,23.9,4.6,25.4,78.9,127.3,64.3,9.0,83.1,11.8,149.2,35.6,30.2,16.2,136.0,17.6,21.2,59.9,8.8,50.5,46.0,41.6,33.9,14.9,7.4,19.0,11.9,4.3
2017-05-31 13:45:00+02:00,5.3,12.0,3.2,17.6,93.3,62.4,51.8,9.7,3.1,26.9,19.6,65.5,6.6,21.6,9.6,16.6,3.4,18.5,56.4,90.3,46.3,6.4,59.4,8.1,104.9,25.0,21.5,11.2,96.3,12.8,15.1,43.1,6.4,36.0,32.8,29.7,24.2,10.6,5.3,13.6,8.5,3.1
2017-05-31 13:46:00+02:00,4.6,10.4,2.8,15.4,81.9,55.0,45.8,8.4,2.7,23.4,17.0,57.7,5.7,18.8,8.3,14.4,3.0,16.1,49.8,79.3,41.0,5.6,52.3,7.0,92.0,21.7,19.4,9.7,84.6,11.1,13.2,38.2,5.5,31.6,28.8,26.0,21.2,9.3,4.6,11.9,7.4,2.7
2017-05-31 13:47:00+02:00,6.1,13.3,3.7,19.6,108.5,72.5,59.6,10.8,3.5,31.6,22.7,76.1,7.3,24.1,11.1,19.5,3.8,20.7,65.4,104.9,53.3,7.4,68.8,9.6,122.8,28.9,25.5,13.2,112.2,14.3,17.4,49.7,7.1,41.6,37.8,34.1,27.8,12.1,6.0,15.7,9.8,3.6
2017-05-31 13:48:00+02:00,5.4,11.9,3.4,17.6,96.6,64.4,52.6,9.7,3.1,28.0,20.2,67.7,6.6,21.7,10.0,17.2,3.4,18.6,58.1,93.4,46.9,6.7,61.2,8.5,110.6,25.8,22.0,11.7,99.8,12.9,15.6,43.7,6.4,37.0,33.7,30.4,24.8,10.8,5.4,14.0,8.7,3.2
2017-05-31 13:49:00+02:00,7.3,15.4,4.3,22.7,125.9,83.6,68.0,12.5,4.1,37.3,26.6,87.8,8.5,28.0,12.9,23.0,4.3,24.0,75.3,121.7,60.6,8.6,79.3,11.3,144.4,33.9,28.5,15.5,130.1,16.6,20.3,56.5,8.3,48.4,44.0,39.7,32.4,14.1,7.0,18.2,11.4,4.2
2017-05-31 13:50:00+02:00,4.6,10.3,2.9,15.1,81.9,54.9,44.8,7.7,2.7,23.6,16.9,57.7,5.1,18.0,8.4,14.5,2.9,15.3,49.6,79.2,40.0,5.6,52.2,7.1,93.6,21.6,19.3,9.8,84.6,10.5,13.2,37.3,5.5,31.3,28.4,25.6,20.8,9.2,4.6,11.6,7.4,2.7
2017-05-31 13:51:00+02:00,6.8,14.2,4.1,21.0,118.3,78.9,64.3,11.5,3.8,34.9,24.6,82.9,7.9,26.0,11.9,21.5,4.1,22.3,71.2,114.3,57.5,7.9,75.0,10.5,135.6,31.5,27.5,14.5,122.2,15.4,18.8,53.6,7.5,45.3,41.2,37.1,30.2,13.2,6.6,17.0,10.6,3.9
2017-05-31 13:52:00+02:00,7.5,15.4,4.5,22.9,130.5,87.0,70.9,12.8,4.0,38.7,27.3,91.3,8.7,28.8,13.1,23.8,4.5,24.6,78.4,126.1,63.3,8.7,82.6,11.7,149.5,34.8,30.2,16.0,134.8,17.0,20.7,59.0,8.1,50.2,45.6,41.2,33.5,14.7,7.3,18.9,11.8,4.3
2017-05-31 13:53:00+02:00,7.0,14.5,4.2,21.6,121.6,80.8,65.7,12.0,3.7,35.9,25.7,84.9,8.3,27.1,12.3,22.1,4.2,23.2,72.8,117.5,58.6,8.1,76.7,10.9,139.4,32.7,27.4,14.9,125.6,16.0,19.4,54.5,7.5,47.0,42.8,38.6,31.5,13.7,6.8,17.7,11.1,4.1
2017-05-31 13:54:00+02:00,6.6,14.0,4.0,20.8,116.3,77.3,62.8,11.5,3.7,34.1,24.6,81.1,7.9,25.9,11.7,21.0,4.1,22.2,69.6,112.4,56.1,7.8,73.4,10.3,133.3,31.4,26.3,14.2,120.1,15.3,18.5,52.2,7.4,44.4,40.4,36.4,29.6,12.6,6.0,17.0,10.6,3.9
2017-05-31 13:55:00+02:00,4.7,10.2,2.8,15.1,83.2,56.0,45.9,8.2,2.7,23.8,17.1,58.7,5.7,18.4,8.1,14.6,3.0,15.8,50.8,80.5,41.1,5.4,53.3,7.2,95.0,21.9,19.9,9.8,85.8,10.8,13.0,38.3,5.3,30.6,27.8,25.1,20.2,8.2,3.5,12.0,7.5,2.7
2017-05-31 13:56:00+02:00,7.6,15.6,4.4,23.1,130.7,87.0,70.9,12.6,4.2,38.9,27.5,91.3,8.6,28.5,12.9,23.8,4.4,24.3,78.5,126.3,63.3,8.5,82.6,11.7,150.0,35.0,30.6,16.1,135.0,16.7,20.5,59.1,8.2,49.8,45.3,40.9,33.3,14.3,6.9,18.9,11.8,4.3
2017-05-31 13:57:00+02:00,6.4,13.5,3.8,20.0,111.7,74.6,61.0,10.8,3.6,32.8,23.3,78.4,7.4,24.4,11.0,20.1,3.8,20.9,67.4,108.0,54.5,7.2,70.9,9.9,128.1,29.8,26.4,13.5,115.4,14.4,17.5,50.8,7.1,41.8,37.9,34.2,27.7,11.6,5.2,16.1,10.1,3.6
2017-05-31 13:58:00+02:00,7.6,15.8,4.4,23.5,131.8,87.7,71.5,12.7,4.2,39.1,27.8,92.1,8.7,28.8,13.1,24.0,4.4,24.6,79.2,127.4,63.9,8.7,83.4,11.8,151.2,35.4,31.1,16.2,136.1,16.9,20.8,59.9,8.3,50.3,45.8,41.3,33.7,14.7,7.2,19.0,11.9,4.3
2017-05-31 13:59:00+02:00,7.5,15.7,4.4,23.4,130.8,87.3,71.2,12.7,4.2,38.5,27.5,91.5,8.7,28.6,13.0,23.7,4.4,24.5,78.8,126.5,63.6,8.6,82.9,11.7,149.8,35.0,30.9,16.0,135.0,16.8,20.6,59.5,8.3,49.9,45.5,41.1,33.5,14.6,7.3,18.9,11.7,4.3
2017-05-31 14:00:00+02:00,4.0,9.1,2.4,13.6,73.0,49.6,40.8,7.1,2.4,20.5,14.9,51.8,4.9,16.2,7.0,12.6,2.5,13.8,45.0,70.7,36.5,4.6,47.2,6.1,83.0,19.1,17.9,8.4,75.1,9.4,11.3,34.1,4.7,27.5,25.1,22.7,18.5,8.1,3.9,10.4,6.5,2.3
2017-05-31 14:01:00+02:00,2.4,5.4,1.3,8.2,42.3,29.1,24.1,3.7,1.3,11.8,8.4,30.3,2.5,9.2,3.7,7.0,1.3,7.8,26.8,41.1,21.4,2.5,28.0,3.3,48.0,11.0,11.0,4.4,43.3,5.0,6.4,20.1,2.6,15.8,14.5,13.3,10.7,4.4,1.8,6.2,3.9,1.3
2017-05-31 14:02:00+02:00,4.7,9.8,2.8,14.6,81.4,54.3,44.6,7.7,2.6,24.1,17.1,56.9,5.3,17.7,8.1,14.7,2.8,15.1,49.3,78.8,39.7,5.4,51.9,7.1,93.4,21.9,19.3,9.8,84.0,10.2,12.9,37.0,5.0,31.6,28.8,26.0,21.1,9.2,4.5,11.9,7.4,2.7
2017-05-31 14:03:00+02:00,4.6,9.7,2.8,14.4,81.0,53.9,44.2,7.7,2.5,24.1,17.0,56.6,5.3,17.6,8.2,14.8,2.8,15.1,49.0,78.3,39.4,5.4,51.6,7.2,93.0,21.7,19.1,9.9,83.6,10.3,12.9,36.7,4.9,30.4,27.5,24.7,19.9,8.2,3.5,11.7,7.4,2.7
2017-05-31 14:04:00+02:00,2.4,5.1,1.4,7.7,41.3,28.3,23.3,3.7,1.3,12.4,8.0,29.5,2.5,9.0,4.0,7.5,1.4,7.7,26.0,40.0,20.7,2.6,27.2,3.5,47.5,10.6,10.3,4.8,42.5,5.0,6.6,19.4,2.4,15.7,14.2,12.9,10.2,4.1,1.5,6.2,3.9,1.3
2017-05-31 14:05:00+02:00,2.2,4.6,1.3,6.9,36.9,25.3,20.8,3.3,1.2,11.2,7.1,26.4,2.2,8.0,3.5,6.7,1.2,6.8,23.2,35.8,18.4,2.2,24.3,3.1,42.5,9.4,9.2,4.3,38.0,4.4,5.8,17.2,2.1,13.9,12.6,11.4,9.0,3.4,1.1,5.6,3.5,1.2
2017-05-31 14:06:00+02:00,1.9,3.7,1.1,5.7,31.3,21.6,17.6,2.6,1.0,9.5,5.8,22.5,1.9,6.7,2.8,5.7,1.0,5.7,19.6,30.3,15.5,1.8,20.6,2.6,36.2,7.8,7.8,3.6,32.2,3.6,4.9,14.5,1.6,13.0,11.9,10.8,8.8,3.8,1.8,4.9,3.0,1.0
2017-05-31 14:07:00+02:00,1.8,3.4,1.0,5.3,28.5,20.2,16.4,2.4,0.9,7.9,4.6,21.1,1.7,6.3,2.7,5.3,1.0,5.3,18.3,27.6,14.4,1.7,19.2,2.4,33.1,6.5,7.2,3.3,29.4,3.3,4.6,13.5,1.4,12.4,11.4,10.4,8.4,3.8,1.8,4.6,2.8,0.9
2017-05-31 14:08:00+02:00,1.8,3.3,1.0,5.2,28.8,19.7,16.0,2.3,0.9,7.8,5.3,20.7,1.7,6.1,2.5,5.2,0.9,5.1,17.9,27.9,14.0,1.6,18.8,2.4,33.4,7.2,7.1,3.2,29.6,3.2,4.4,13.2,1.4,12.2,11.2,10.3,8.3,3.8,1.8,4.5,2.8,0.9
2017-05-31 14:09:00+02:00,2.2,4.3,1.3,6.6,37.6,25.2,20.4,3.2,1.2,10.2,7.5,26.4,2.3,7.9,3.3,6.6,1.2,6.7,22.7,36.3,18.1,2.1,23.9,3.1,43.3,9.9,8.9,4.2,38.7,4.3,5.7,16.9,2.0,15.3,14.0,12.7,10.3,4.5,2.1,5.7,3.5,1.2
2017-05-31 14:10:00+02:00,1.8,3.6,1.1,5.6,31.4,21.0,17.0,2.5,1.0,9.7,6.2,22.1,1.8,6.6,2.7,5.8,1.0,5.6,19.0,30.4,15.0,1.7,20.0,2.9,36.4,8.3,7.4,3.7,32.4,3.5,4.8,14.0,1.6,12.9,11.8,10.7,8.6,3.7,1.6,5.0,3.0,1.0
2017-05-31 14:11:00+02:00,2.9,5.9,1.8,8.9,50.6,33.7,27.3,4.5,1.6,15.4,10.3,35.5,3.2,10.8,4.7,9.4,1.7,9.2,30.3,48.9,24.2,3.0,32.0,4.7,58.3,13.4,11.7,6.2,52.2,6.1,7.8,22.6,2.9,20.3,18.5,16.7,13.6,5.8,2.7,7.8,4.7,1.7
2017-05-31 14:12:00+02:00,4.9,10.1,3.0,15.1,86.7,57.4,46.5,8.2,2.8,26.1,18.2,60.4,5.8,18.7,8.7,16.0,3.0,16.0,51.6,83.8,41.5,5.7,54.4,8.0,99.7,23.3,19.9,10.8,89.6,11.0,13.7,38.6,5.2,33.9,30.7,27.6,22.5,9.6,4.6,12.9,7.9,2.9
2017-05-31 14:13:00+02:00,7.6,15.2,4.5,22.7,130.0,86.1,69.8,12.4,4.1,39.5,27.5,90.5,8.6,28.2,13.0,24.2,4.4,24.2,77.4,125.6,62.3,8.6,81.6,12.1,149.4,35.1,29.9,16.4,134.5,16.6,20.5,58.1,8.0,50.2,45.6,41.0,33.4,14.2,6.9,19.2,11.8,4.3
2017-05-31 14:14:00+02:00,7.4,14.9,4.4,22.3,128.3,85.0,69.1,12.3,4.1,38.9,27.2,89.4,8.6,28.0,12.9,23.9,4.4,24.0,76.6,124.0,61.7,8.5,80.7,11.9,147.3,34.6,29.5,16.3,132.7,16.5,20.3,57.5,7.9,49.4,44.8,40.3,32.8,14.0,6.8,18.9,11.6,4.3
2017-05-31 14:15:00+02:00,7.3,14.8,4.4,22.2,127.2,84.2,68.6,12.2,4.1,38.3,27.0,88.6,8.5,27.8,12.8,23.6,4.4,23.8,76.0,122.8,61.3,8.4,80.0,11.7,145.8,34.3,29.3,16.1,131.6,16.3,20.1,57.0,7.8,48.7,44.2,39.7,32.3,13.7,6.6,18.6,11.4,4.2
2017-05-31 14:16:00+02:00,7.3,15.0,4.4,22.4,128.3,85.0,69.2,12.2,4.1,38.4,27.2,89.4,8.4,27.9,12.9,23.7,4.4,23.9,76.7,123.9,61.8,8.5,80.8,11.8,147.0,34.6,29.6,16.1,132.6,16.4,20.2,57.6,7.9,49.0,44.5,40.0,32.6,13.8,6.6,18.8,11.5,4.2
2017-05-31 14:17:00+02:00,5.6,11.8,3.5,17.7,100.8,66.9,54.5,9.7,3.2,29.6,21.5,70.3,6.7,22.0,10.2,18.4,3.6,18.9,60.4,97.4,48.8,6.7,63.6,9.1,115.3,27.2,23.3,12.5,104.2,12.9,15.9,45.4,6.1,38.1,34.5,31.0,25.2,10.4,4.8,14.7,9.0,3.3
2017-05-31 14:18:00+02:00,7.1,14.6,4.3,21.9,125.2,82.7,67.4,11.9,4.1,37.4,26.9,87.0,8.2,27.2,12.6,23.2,4.3,23.3,74.6,121.0,60.2,8.3,78.6,11.5,143.4,34.1,28.8,15.8,129.5,15.9,19.7,56.0,7.7,47.6,43.1,38.8,31.5,13.2,6.3,18.3,11.2,4.1
2017-05-31 14:19:00+02:00,7.4,15.1,4.4,22.6,129.1,85.4,69.6,12.2,4.2,38.5,27.7,89.8,8.5,28.0,12.9,23.8,4.4,23.9,77.1,124.8,62.2,8.5,81.2,11.8,147.8,35.1,29.9,16.2,133.5,16.4,20.3,57.8,7.9,49.1,44.6,40.1,32.7,13.8,6.6,18.9,11.5,4.2
2017-05-31 14:20:00+02:00,7.4,15.3,4.4,22.8,129.8,85.9,70.1,12.4,4.2,38.5,27.9,90.3,8.6,28.2,13.0,23.8,4.5,24.1,77.6,125.4,62.6,8.6,81.7,11.8,148.3,35.3,30.1,16.2,134.1,16.5,20.4,58.2,8.1,49.1,44.5,40.1,32.7,13.9,6.7,18.8,11.5,4.2
2017-05-31 14:21:00+02:00,7.4,14.5,4.4,22.2,129.8,85.7,69.8,12.6,4.2,38.6,28.2,90.1,8.7,28.5,13.3,23.9,4.5,24.4,77.3,125.5,62.4,8.8,81.5,11.8,148.4,35.6,29.5,16.2,134.2,16.8,20.7,57.9,7.3,49.1,44.6,40.1,32.6,13.9,6.7,18.7,11.6,4.2
2017-05-31 14:22:00+02:00,7.3,14.5,4.4,22.0,128.9,85.1,69.3,12.6,4.2,38.1,28.0,89.4,8.6,28.3,13.2,23.6,4.4,24.3,76.8,124.6,62.0,8.8,80.9,11.7,147.2,35.3,29.3,16.1,133.2,16.7,20.5,57.6,7.3,48.8,44.3,39.9,32.5,13.8,6.7,18.7,11.5,4.2
2017-05-31 14:23:00+02:00,3.4,7.0,2.2,11.0,64.1,42.9,35.2,6.4,2.2,17.9,13.7,44.9,4.5,14.6,6.5,11.1,2.3,12.5,39.0,62.1,31.5,4.3,40.9,5.5,72.5,17.4,14.7,7.5,66.1,8.5,10.2,29.3,3.2,24.1,22.0,19.8,16.2,6.8,3.2,9.4,5.7,2.0
2017-05-31 14:24:00+02:00,1.5,2.5,1.0,4.3,27.7,18.1,14.6,2.4,0.9,7.6,6.2,19.0,1.6,6.0,2.7,4.7,0.8,5.1,16.5,26.9,12.8,1.8,17.3,2.3,31.2,8.0,6.0,3.0,28.4,3.3,4.5,12.0,0.8,10.7,9.8,9.0,7.2,2.7,1.0,4.5,2.7,0.8
2017-05-31 14:25:00+02:00,2.7,4.8,1.7,7.7,46.7,29.7,23.8,4.5,1.6,14.3,10.7,31.4,3.1,10.5,5.0,8.8,1.6,9.0,26.7,45.0,20.8,3.4,28.2,4.3,53.7,13.7,8.7,5.9,48.3,6.0,8.0,19.2,1.9,18.6,16.9,15.2,12.2,4.9,1.9,7.4,4.5,1.5
2017-05-31 14:26:00+02:00,3.0,5.2,1.8,8.3,50.2,31.9,25.5,4.9,1.7,15.6,11.5,33.7,3.4,11.4,5.4,9.6,1.7,9.7,28.7,48.4,22.4,3.6,30.3,4.6,57.7,14.7,9.3,6.4,51.9,6.5,8.6,20.6,2.1,20.0,18.1,16.3,13.1,5.2,2.0,7.9,4.8,1.6
2017-05-31 14:27:00+02:00,2.8,4.7,1.6,7.6,45.8,29.1,23.2,4.5,1.6,13.3,10.5,30.7,3.1,10.4,4.9,7.7,1.6,8.9,26.2,44.2,20.3,3.2,27.6,3.1,52.8,13.5,8.3,4.7,47.4,5.9,7.8,18.7,1.8,18.4,16.7,15.0,12.1,4.7,1.8,7.3,4.5,1.5
2017-05-31 14:28:00+02:00,3.1,5.5,1.9,8.8,54.2,35.1,28.4,5.2,1.8,15.1,12.1,37.0,3.6,12.0,5.7,8.8,1.9,10.2,31.7,52.4,25.1,3.8,33.4,3.5,62.2,15.4,11.4,5.4,56.0,6.9,8.9,23.4,2.3,20.9,18.9,17.0,13.7,5.4,2.1,8.2,5.0,1.7
2017-05-31 14:29:00+02:00,4.2,7.6,2.5,11.8,72.8,47.6,38.5,7.1,2.3,20.4,16.0,50.1,4.9,15.9,7.6,12.1,2.6,13.7,42.8,70.4,34.3,5.1,45.1,5.1,83.2,20.3,15.8,7.7,75.4,9.3,11.9,31.7,3.5,27.6,25.0,22.3,18.0,7.3,3.1,10.7,6.5,2.3
2017-05-31 14:30:00+02:00,7.4,13.9,4.4,21.2,127.1,83.3,67.4,12.3,4.1,36.3,27.7,87.7,8.5,27.6,13.2,21.5,4.3,23.7,74.9,122.6,60.2,8.8,79.0,9.4,145.6,35.0,28.2,13.9,131.5,16.3,20.5,55.8,7.0,48.0,43.4,38.9,31.5,13.0,6.0,18.5,11.4,4.1
2017-05-31 14:31:00+02:00,7.3,13.6,4.3,20.9,126.5,82.9,67.1,12.3,3.7,36.6,27.6,87.3,8.5,27.6,13.2,21.8,4.4,23.7,74.5,122.1,59.8,8.8,78.6,9.7,144.8,34.9,27.9,14.2,130.9,16.3,20.5,55.5,6.7,47.7,43.2,38.6,31.3,12.9,5.9,18.4,11.3,4.1
2017-05-31 14:32:00+02:00,7.2,13.6,4.3,20.8,125.9,82.6,66.8,12.2,3.8,36.7,27.5,86.9,8.4,27.5,13.1,22.1,4.4,23.6,74.2,121.5,59.6,8.7,78.3,10.2,144.0,34.7,27.8,14.6,130.2,16.2,20.4,55.3,6.8,47.4,42.8,38.3,31.1,12.8,5.9,18.2,11.2,4.0
2017-05-31 14:33:00+02:00,7.2,13.7,4.3,20.9,126.2,82.9,67.2,12.3,4.0,36.7,27.5,87.2,8.5,27.6,13.1,22.1,4.4,23.7,74.5,121.9,59.9,8.7,78.6,10.2,142.9,34.7,27.9,14.6,130.5,16.3,20.4,55.6,6.8,47.4,42.8,38.4,31.1,12.8,5.9,18.2,11.2,4.1
2017-05-31 14:34:00+02:00,7.2,12.5,4.3,19.7,124.6,81.5,65.8,12.3,4.0,36.5,27.4,85.7,8.5,27.6,13.1,21.9,4.4,23.7,73.2,120.2,58.6,8.7,77.2,10.1,142.4,34.6,26.8,14.5,128.8,16.3,20.3,54.4,5.6,46.9,42.4,38.0,30.8,12.8,5.8,18.0,11.2,4.0
2017-05-31 14:35:00+02:00,7.1,12.3,4.3,19.5,123.1,80.4,64.9,12.2,4.0,36.2,27.2,84.6,8.5,27.5,13.0,21.8,4.4,23.7,72.2,118.8,57.7,8.7,76.2,10.0,140.9,34.3,26.0,14.4,127.4,16.2,20.2,53.4,5.4,46.6,42.1,37.7,30.6,12.7,5.8,17.9,11.2,4.0
2017-05-31 14:36:00+02:00,7.2,13.9,4.3,21.2,125.6,82.6,66.9,12.3,4.0,36.6,27.4,86.8,8.5,27.6,13.1,22.0,4.4,23.8,74.3,121.3,59.7,8.7,78.4,10.1,143.4,34.6,27.7,14.5,129.9,16.3,20.3,55.4,6.9,47.1,42.6,38.2,31.0,12.8,5.9,18.1,11.2,4.1
2017-05-31 14:37:00+02:00,7.2,14.0,4.3,21.3,123.8,80.9,65.3,12.3,4.0,36.6,27.4,85.1,8.5,27.7,13.1,22.0,4.4,23.8,72.6,119.5,58.0,8.7,76.7,10.1,141.5,34.6,26.1,14.6,128.1,16.3,20.3,53.7,7.0,47.0,42.5,38.1,30.9,12.8,5.8,18.1,11.2,4.0
2017-05-31 14:38:00+02:00,7.1,13.8,4.3,21.1,123.2,80.6,65.1,12.2,4.0,37.4,27.2,84.8,8.5,27.5,13.0,23.0,4.4,23.7,72.4,118.9,58.0,8.7,76.4,11.3,140.7,34.3,26.2,15.7,127.4,16.2,20.2,53.7,6.9,46.6,42.2,37.7,30.6,12.6,5.8,18.0,11.1,4.0
2017-05-31 14:39:00+02:00,7.1,13.4,4.3,20.7,123.0,80.4,64.9,12.2,4.0,35.1,27.2,84.6,8.5,27.6,13.0,22.1,4.4,23.7,72.2,118.8,57.7,8.7,76.3,10.4,140.1,34.4,25.9,14.7,127.3,16.2,20.2,53.4,6.5,46.5,42.0,37.6,30.4,12.3,5.5,18.0,11.2,4.0
2017-05-31 14:40:00+02:00,7.2,13.3,4.3,20.5,124.3,81.8,66.2,12.2,4.0,36.6,27.1,85.9,8.5,27.5,13.0,23.1,4.4,23.6,73.6,120.0,59.1,8.6,77.6,11.4,141.4,34.3,27.3,15.7,128.5,16.1,20.2,54.8,6.3,45.8,41.3,36.9,29.7,11.7,4.9,18.0,11.2,4.0
2017-05-31 14:41:00+02:00,7.2,13.3,4.3,20.5,124.3,81.8,66.4,12.1,4.0,37.4,27.1,86.0,8.4,27.3,13.0,23.1,4.3,23.5,73.7,120.1,59.2,8.6,77.7,11.4,141.8,34.2,27.5,15.7,128.6,16.0,20.2,54.8,6.3,45.6,41.2,36.8,29.6,11.7,4.8,18.0,11.1,4.0
2017-05-31 14:42:00+02:00,7.1,13.2,4.3,20.1,123.4,81.2,65.7,12.1,4.0,37.2,27.0,85.3,8.4,27.2,13.0,23.0,4.3,23.4,73.0,119.2,58.6,8.6,77.0,11.3,140.8,34.1,27.1,15.7,127.6,16.0,20.1,54.3,6.3,45.4,41.0,36.6,29.5,11.6,4.8,17.9,11.1,4.0
2017-05-31 14:43:00+02:00,7.1,13.1,4.2,19.1,121.9,80.0,64.6,12.0,4.0,37.1,26.7,84.1,8.4,27.1,13.0,22.9,4.3,23.3,71.8,117.7,57.5,8.6,75.8,11.3,139.2,33.7,26.1,15.6,126.1,15.9,19.8,53.2,6.3,45.2,40.8,36.4,29.3,11.6,4.8,17.8,11.0,4.0
2017-05-31 14:44:00+02:00,7.1,13.1,4.2,20.3,123.3,81.3,65.8,12.0,4.0,37.1,26.7,85.4,8.4,27.2,13.0,22.9,4.3,23.4,73.1,119.1,58.7,8.6,77.1,11.3,140.5,33.8,27.3,15.6,127.5,16.0,19.8,54.5,6.3,45.3,40.9,36.4,29.4,11.5,4.8,17.9,11.1,4.0
2017-05-31 14:45:00+02:00,7.1,13.3,4.3,20.5,124.2,81.8,66.3,12.1,3.9,37.3,27.1,85.9,8.5,27.4,13.0,23.0,4.3,23.5,73.6,119.9,59.1,8.7,77.6,11.3,141.5,34.1,27.5,15.7,128.4,16.1,20.1,54.9,6.4,45.5,41.0,36.6,29.5,11.6,4.8,17.9,11.1,4.0
2017-05-31 14:46:00+02:00,7.1,13.2,4.3,20.4,123.1,80.6,65.1,11.0,3.9,37.3,27.2,84.8,7.4,26.3,13.1,23.1,4.4,22.5,72.4,118.8,57.9,8.7,76.4,11.4,140.5,34.2,27.5,15.7,127.3,15.0,20.2,53.7,6.3,45.0,40.5,36.1,29.0,11.2,4.4,17.9,11.0,4.0
2017-05-31 14:47:00+02:00,7.2,13.3,4.3,20.6,124.6,82.0,66.4,12.1,3.9,37.4,27.3,86.1,8.4,27.3,13.1,23.2,4.4,23.5,73.7,120.3,59.3,8.7,77.7,11.4,141.8,34.3,27.7,15.8,128.8,16.1,20.3,55.0,6.5,44.8,40.4,35.9,28.8,11.0,4.2,17.9,11.0,4.0
2017-05-31 14:48:00+02:00,7.1,13.7,4.3,21.0,125.1,82.6,67.0,12.3,4.0,37.2,27.2,86.7,8.6,27.5,13.1,23.0,4.4,23.7,74.3,120.8,59.8,8.7,78.3,11.4,142.5,34.3,28.1,15.7,129.3,16.2,20.3,55.6,6.8,45.8,41.3,36.8,29.8,11.9,5.1,17.8,11.0,4.0
2017-05-31 14:49:00+02:00,7.2,13.8,4.3,21.2,126.2,83.4,67.6,12.3,4.0,36.9,27.4,87.5,8.6,27.7,13.1,22.4,4.4,23.9,75.1,121.9,60.4,8.7,79.1,11.4,143.8,34.6,28.4,15.0,130.4,16.3,20.4,56.1,6.9,48.0,43.5,39.1,31.9,13.7,6.8,18.2,11.3,4.1
2017-05-31 14:50:00+02:00,5.1,10.0,3.1,15.4,91.7,60.8,49.5,9.0,2.9,24.4,19.9,63.7,6.3,20.3,9.5,14.1,3.3,17.5,54.8,88.7,44.2,6.4,57.7,6.8,104.1,25.1,20.7,8.8,94.7,12.0,14.8,41.1,4.8,35.1,31.8,28.6,23.5,10.1,5.0,13.3,8.2,3.0
2017-05-31 14:51:00+02:00,2.3,4.9,1.4,7.6,43.2,29.1,23.8,4.1,1.4,10.3,9.2,30.4,2.7,9.6,4.2,5.7,1.4,8.2,26.4,42.0,21.1,2.9,27.7,2.1,48.6,11.7,10.2,3.2,44.4,5.5,6.8,19.8,2.3,16.3,15.0,13.6,11.2,4.9,2.4,6.3,3.9,1.4
2017-05-31 14:52:00+02:00,1.7,3.6,1.0,5.6,31.5,21.3,17.4,2.8,1.0,7.0,6.6,22.2,1.8,6.9,2.9,3.6,0.9,5.9,19.4,30.7,15.3,2.0,20.3,1.1,35.4,8.6,7.6,1.8,32.4,3.8,4.9,14.5,1.6,12.0,11.1,10.1,8.4,3.6,1.8,4.7,2.9,1.0
2017-05-31 14:53:00+02:00,3.1,6.2,1.8,9.4,54.6,36.0,29.2,5.1,1.7,14.4,11.9,37.8,3.4,11.7,5.5,8.2,1.8,10.1,32.5,52.8,26.0,3.7,34.2,3.3,62.3,15.1,12.5,5.0,56.4,6.7,8.8,24.3,3.0,21.1,19.2,17.3,14.2,6.2,3.0,8.0,4.9,1.7
2017-05-31 14:54:00+02:00,7.1,13.9,4.2,21.0,122.5,80.3,64.9,11.8,3.8,35.7,26.9,84.4,8.2,26.4,12.8,21.5,4.2,22.8,72.1,118.3,58.5,8.5,76.0,9.9,140.3,33.9,27.9,14.2,126.7,15.5,19.9,54.3,7.3,46.9,42.5,38.0,31.1,13.4,6.6,17.7,10.9,4.0
2017-05-31 14:55:00+02:00,7.5,14.4,4.3,21.8,126.1,82.6,66.7,12.2,3.9,38.4,27.8,86.8,8.5,27.4,13.2,23.7,4.4,23.6,74.2,121.8,60.5,8.8,78.2,11.8,144.4,35.0,28.9,16.1,130.5,16.0,20.5,56.2,7.6,48.5,43.9,39.3,32.2,13.8,6.8,18.4,11.3,4.1
2017-05-31 14:56:00+02:00,7.5,14.8,4.4,22.3,128.0,84.0,67.9,12.5,4.0,38.9,28.1,88.3,8.7,27.9,13.3,24.0,4.4,24.0,75.5,123.6,61.7,8.9,79.6,12.0,146.3,35.4,29.5,16.4,132.4,16.3,20.7,57.3,7.7,49.1,44.5,39.9,32.6,14.0,6.9,18.6,11.4,4.1
2017-05-31 14:57:00+02:00,7.4,14.7,4.3,22.2,127.3,83.6,67.7,12.4,4.0,38.6,27.9,87.9,8.7,27.7,13.3,23.9,4.4,23.9,75.2,123.0,61.5,8.8,79.3,11.8,145.2,35.2,29.4,16.3,131.6,16.3,20.6,57.1,7.7,48.6,44.1,39.6,32.3,13.9,6.9,18.4,11.4,4.1
2017-05-31 14:58:00+02:00,7.2,14.4,4.2,21.7,124.8,82.3,66.7,12.3,3.9,37.6,27.3,86.4,8.6,27.2,13.0,23.3,4.3,23.5,74.1,120.6,60.2,8.6,78.0,11.5,142.2,34.3,28.7,15.9,129.1,16.0,20.2,55.9,7.5,47.2,42.9,38.4,31.4,13.5,6.6,17.9,11.1,4.0
2017-05-31 14:59:00+02:00,7.0,14.1,4.1,21.2,122.4,80.9,65.7,12.0,3.8,36.6,26.6,84.9,8.4,26.6,12.8,22.7,4.3,22.9,72.8,118.3,58.9,8.5,76.7,11.3,138.6,33.4,28.0,15.5,126.6,15.7,19.7,54.6,7.4,45.9,41.6,37.2,30.4,13.1,6.5,17.3,10.7,3.9
2017-05-31 15:00:00+02:00,6.6,13.4,3.9,20.2,116.3,76.9,62.5,11.4,3.6,34.7,25.2,80.7,8.0,25.3,12.2,21.5,4.1,21.8,69.2,112.3,56.0,8.1,72.9,10.7,131.3,31.7,26.7,14.8,120.3,14.9,18.7,52.0,7.1,43.8,39.5,35.3,28.9,12.5,6.1,16.4,10.1,3.6
2017-05-31 15:01:00+02:00,7.0,14.0,4.2,21.2,121.0,79.7,64.5,11.8,3.8,36.7,26.4,83.7,8.2,26.4,12.8,22.7,4.3,22.7,71.6,116.8,58.7,8.5,75.4,11.3,137.6,33.2,28.0,15.5,125.2,15.5,19.6,54.4,7.4,45.8,41.4,37.0,30.2,13.0,6.4,17.2,10.6,3.8
2017-05-31 15:02:00+02:00,3.4,7.4,2.1,11.1,61.8,41.3,33.8,6.1,2.0,17.7,13.2,43.3,4.2,13.6,6.4,10.9,2.2,11.7,37.4,59.8,30.4,4.2,39.2,5.4,69.8,16.7,14.7,7.5,63.8,7.9,9.9,28.3,3.8,23.1,20.9,18.7,15.4,6.7,3.2,8.7,5.4,1.9
2017-05-31 15:03:00+02:00,7.0,13.7,4.1,20.6,119.8,78.8,63.8,11.5,3.6,36.4,26.1,82.8,8.0,25.8,12.6,22.5,4.1,22.2,70.9,115.6,57.2,8.4,74.6,11.2,136.8,32.8,27.2,15.5,124.0,15.1,19.4,53.0,7.1,45.5,41.0,36.6,29.9,13.0,6.4,17.0,10.5,3.8
2017-05-31 15:04:00+02:00,7.0,13.7,4.1,20.7,120.2,79.1,64.1,11.6,3.6,36.3,26.3,83.1,8.1,25.9,12.7,22.5,4.2,22.3,71.1,116.0,57.5,8.4,74.9,11.2,137.2,33.0,27.3,15.4,124.4,15.2,19.5,53.2,7.1,45.5,41.1,36.7,30.0,13.0,6.4,17.0,10.5,3.8
2017-05-31 15:05:00+02:00,6.9,13.6,4.1,20.5,119.4,78.7,63.7,11.5,3.6,35.9,26.1,82.6,8.0,25.7,12.6,22.3,4.2,22.2,70.7,115.3,57.1,8.4,74.5,11.1,136.2,32.7,27.2,15.3,123.6,15.1,19.4,52.9,7.1,45.2,40.8,36.5,29.8,12.9,6.4,16.9,10.4,3.8
2017-05-31 15:06:00+02:00,3.7,7.7,2.3,11.7,67.4,44.6,36.3,6.5,2.0,19.6,14.6,46.8,4.5,14.6,7.1,12.1,2.4,12.6,40.2,65.1,32.5,4.7,42.3,6.0,76.5,18.5,15.6,8.3,69.6,8.5,11.0,30.2,3.8,25.8,23.4,20.9,17.2,7.5,3.7,9.7,5.9,2.1
2017-05-31 15:07:00+02:00,6.2,12.3,3.7,18.6,107.7,71.4,57.7,10.4,3.3,33.1,22.7,75.0,7.3,23.3,11.6,20.5,3.8,20.1,64.1,103.9,51.7,7.7,67.6,10.1,123.3,28.9,24.7,14.0,111.5,13.7,17.9,48.0,6.3,41.9,37.8,33.7,27.6,11.9,5.9,15.7,9.6,3.5
2017-05-31 15:08:00+02:00,6.7,13.4,4.0,20.3,118.3,77.7,62.8,11.3,3.6,35.9,25.9,81.7,8.0,25.4,12.6,22.1,4.1,21.9,69.8,114.1,56.3,8.4,73.6,10.9,135.2,32.5,26.8,15.1,122.4,14.9,19.4,52.2,6.9,45.4,40.9,36.5,29.9,12.9,6.4,17.0,10.4,3.8
2017-05-31 15:09:00+02:00,6.7,13.6,4.0,20.5,118.6,77.7,62.8,11.4,3.6,36.0,26.1,81.7,8.0,25.1,12.7,22.2,4.1,21.6,69.8,114.4,56.3,8.4,73.6,10.9,135.5,32.7,27.1,15.1,122.7,14.5,19.5,52.2,7.0,45.5,41.1,36.7,30.0,13.0,6.4,17.1,10.5,3.8
2017-05-31 15:10:00+02:00,6.9,13.7,4.1,20.8,119.4,78.2,63.2,11.6,3.7,36.4,26.3,82.2,8.1,24.9,12.8,22.5,4.2,21.4,70.3,115.2,56.5,8.5,74.1,11.2,136.4,33.0,27.4,15.4,123.5,14.3,19.7,52.4,7.1,46.0,41.6,37.1,30.4,13.1,6.5,17.2,10.6,3.8
2017-05-31 15:11:00+02:00,7.0,13.9,4.1,21.0,120.9,79.5,64.4,11.6,3.7,36.5,26.5,83.5,8.2,25.8,12.8,22.6,4.2,22.3,71.5,116.7,57.7,8.5,75.3,11.2,137.8,33.2,27.7,15.5,125.0,15.1,19.7,53.5,7.2,46.2,41.8,37.4,30.6,13.2,6.5,17.4,10.6,3.8
2017-05-31 15:12:00+02:00,7.0,14.0,4.2,21.1,122.3,80.5,65.3,11.7,3.7,36.9,26.7,84.6,8.3,26.3,13.0,22.8,4.3,22.7,72.5,118.1,58.5,8.6,76.4,11.3,139.3,33.5,27.9,15.6,126.4,15.5,19.9,54.2,7.2,46.7,42.2,37.7,30.8,13.3,6.6,17.5,10.7,3.9
2017-05-31 15:13:00+02:00,7.0,14.0,4.2,21.2,122.0,80.6,65.3,11.6,3.8,37.0,26.3,84.7,8.2,26.2,13.0,22.9,4.3,22.7,72.6,117.7,58.5,8.6,76.4,11.3,139.0,33.2,28.0,15.6,126.1,15.4,19.9,54.2,7.3,46.7,42.2,37.7,30.8,13.3,6.6,17.5,10.7,3.9
2017-05-31 15:14:00+02:00,6.3,12.7,3.7,19.1,109.9,72.7,58.9,10.5,3.3,33.2,23.7,76.3,7.4,23.6,11.7,20.5,3.9,20.4,65.4,106.1,52.8,7.8,68.9,10.1,125.2,29.9,25.3,14.0,113.6,13.9,17.9,48.9,6.5,42.3,38.2,34.2,28.0,12.1,6.0,15.9,9.7,3.5
2017-05-31 15:15:00+02:00,6.6,13.3,3.9,20.0,114.2,76.3,61.8,11.1,3.5,35.0,23.7,80.1,7.9,24.9,12.3,21.6,4.1,21.5,68.7,110.3,55.4,8.2,72.3,10.7,130.3,30.2,26.5,14.8,118.1,14.7,18.8,51.3,6.8,44.3,40.1,35.8,29.3,12.7,6.2,16.6,10.2,3.7
2017-05-31 15:16:00+02:00,7.0,13.9,4.1,21.0,119.7,80.0,64.8,11.6,3.7,36.9,24.8,84.1,8.5,26.0,12.9,22.9,4.3,22.5,72.0,115.6,58.0,8.6,75.8,11.3,136.7,31.6,27.8,15.6,123.9,15.3,19.8,53.8,7.2,46.5,42.0,37.5,30.7,13.2,6.5,17.5,10.7,3.9
2017-05-31 15:17:00+02:00,7.0,13.8,4.1,20.8,118.4,79.2,64.1,11.4,3.7,36.4,24.6,83.2,8.4,25.7,12.8,22.6,4.3,22.2,71.2,114.3,57.4,8.5,75.0,11.2,135.1,31.3,27.5,15.4,122.5,15.1,19.6,53.2,7.1,46.0,41.6,37.1,30.4,13.1,6.5,17.3,10.6,3.9
2017-05-31 15:18:00+02:00,6.9,13.6,4.0,20.6,117.0,78.3,63.4,11.3,3.6,35.9,24.2,82.3,8.3,25.4,12.6,22.2,4.2,22.0,70.4,112.9,56.8,8.3,74.2,11.0,133.5,30.8,27.2,15.2,121.0,14.9,19.4,52.6,7.1,45.5,41.1,36.7,30.0,12.9,6.4,17.1,10.5,3.8
2017-05-31 15:19:00+02:00,6.8,13.6,4.0,20.5,116.0,77.7,63.0,11.2,3.6,35.2,23.9,81.7,8.3,25.2,12.4,21.6,4.2,21.8,70.0,112.0,56.4,8.2,73.7,10.3,132.4,30.5,27.1,14.6,120.0,14.8,19.1,52.3,7.1,45.2,40.8,36.4,29.8,12.9,6.3,17.0,10.5,3.8
2017-05-31 15:20:00+02:00,6.8,13.6,4.0,20.5,116.0,77.7,63.0,11.2,3.6,34.9,24.0,81.6,8.3,25.2,12.5,21.2,4.2,21.8,70.0,112.1,56.5,8.3,73.6,9.9,132.5,30.6,27.1,14.2,120.1,14.8,19.2,52.3,7.0,45.2,40.8,36.5,29.9,12.9,6.4,17.0,10.5,3.8
2017-05-31 15:21:00+02:00,6.8,13.5,4.0,20.4,116.2,77.8,63.2,11.6,3.5,34.6,24.0,81.7,8.3,25.5,12.6,21.1,4.2,22.2,70.1,112.2,56.6,8.3,73.8,9.8,132.6,30.6,27.0,14.1,120.2,15.2,19.3,52.5,7.0,44.8,40.4,36.1,29.8,12.8,6.3,16.9,10.4,3.7
2017-05-31 15:22:00+02:00,6.7,13.4,4.0,20.2,114.9,76.9,62.4,11.5,3.5,34.7,23.8,80.8,8.2,25.2,12.5,21.3,4.2,21.9,69.3,111.0,56.0,8.3,72.9,10.2,131.0,30.3,26.6,14.4,118.9,15.0,19.1,51.9,6.9,44.3,39.9,35.6,29.4,12.7,6.2,16.7,10.3,3.7
2017-05-31 15:23:00+02:00,6.8,13.5,4.0,20.3,116.4,77.6,62.9,11.5,3.5,34.8,24.6,81.5,8.3,25.4,12.6,21.4,4.2,22.1,69.9,112.4,56.4,8.3,73.5,10.3,132.6,31.0,26.8,14.4,120.4,15.1,19.2,52.3,6.9,44.6,40.2,35.8,29.5,12.7,6.3,16.8,10.3,3.7
2017-05-31 15:24:00+02:00,6.7,13.4,4.0,20.3,116.6,77.3,62.7,11.4,3.5,34.7,24.9,81.3,8.2,25.2,12.6,21.4,4.1,21.9,69.7,112.6,56.1,8.3,73.3,10.2,132.7,31.4,26.7,14.4,120.5,14.9,19.2,52.0,6.9,44.5,40.0,35.7,29.4,12.7,6.3,16.7,10.3,3.7
2017-05-31 15:25:00+02:00,6.8,13.4,4.0,20.2,116.4,77.2,62.6,11.5,3.5,35.3,24.9,81.1,8.2,25.2,12.6,21.9,4.1,21.9,69.5,112.4,55.9,8.3,73.2,10.6,132.5,31.3,26.5,14.9,120.3,14.9,19.2,51.7,6.9,43.9,39.4,35.0,28.8,12.7,6.3,16.1,9.7,3.1
2017-05-31 15:26:00+02:00,5.3,10.7,3.1,16.1,91.6,60.7,49.3,8.8,2.8,27.6,19.6,63.8,6.3,19.6,10.0,17.0,3.4,16.9,54.7,88.4,43.9,6.6,57.5,8.2,103.7,24.7,21.0,11.6,94.2,11.4,15.3,40.6,5.4,34.7,31.2,27.7,22.9,10.2,5.0,12.6,7.5,2.2
2017-05-31 15:27:00+02:00,6.6,13.0,3.9,19.6,111.3,74.0,59.8,10.3,3.4,34.6,23.2,77.8,7.2,23.6,12.3,21.4,4.1,20.3,66.6,107.3,53.3,8.1,70.0,10.4,126.8,29.6,25.6,14.6,114.7,13.6,18.8,49.2,6.7,43.4,39.1,34.8,28.7,12.4,6.1,16.3,10.0,3.6
2017-05-31 15:28:00+02:00,6.6,12.9,3.9,19.6,111.2,73.9,59.7,10.3,3.4,34.5,23.2,77.8,7.2,23.6,12.3,21.3,4.1,20.3,66.5,107.2,53.3,8.1,70.0,10.4,126.9,29.5,25.6,14.6,114.9,13.6,18.8,49.1,6.6,43.4,39.1,34.8,28.6,12.4,6.1,16.2,10.0,3.6
2017-05-31 15:29:00+02:00,6.6,13.0,3.9,19.6,111.5,74.1,59.9,10.3,3.4,34.6,23.4,78.0,7.2,23.6,12.3,21.4,4.1,20.3,66.7,107.6,53.4,8.2,70.2,10.4,127.4,29.7,25.7,14.6,115.4,13.6,18.8,49.3,6.7,43.4,39.0,34.7,28.6,12.4,6.1,16.2,10.0,3.6
2017-05-31 15:30:00+02:00,6.6,12.9,3.9,19.5,111.9,74.2,60.0,10.5,3.4,34.4,23.7,78.0,7.4,23.8,12.3,21.3,4.1,20.6,66.7,107.9,53.5,8.1,70.3,10.3,127.8,30.0,25.6,14.5,115.8,13.8,18.7,49.4,6.6,43.2,38.9,34.6,28.5,12.4,6.1,16.2,9.9,3.6
2017-05-31 15:31:00+02:00,6.5,12.9,3.9,19.5,112.3,74.7,60.4,11.1,3.4,34.3,23.7,78.5,8.0,24.3,12.3,21.2,4.1,21.1,67.2,108.4,54.0,8.1,70.7,10.3,128.1,30.0,25.6,14.5,116.2,14.4,18.7,49.8,6.6,43.1,38.7,34.4,28.4,12.3,6.0,16.1,9.9,3.6
2017-05-31 15:32:00+02:00,6.5,12.8,3.9,19.4,111.8,74.3,60.1,11.0,3.4,33.7,23.6,78.1,8.0,24.2,12.3,21.2,4.1,21.0,66.8,107.8,53.7,8.1,70.3,10.2,127.4,29.8,25.4,14.5,115.7,14.3,18.6,49.5,6.6,42.7,38.4,34.0,28.1,12.2,6.0,15.9,9.7,3.5
2017-05-31 15:33:00+02:00,6.5,12.7,3.8,19.2,111.2,73.8,59.7,11.0,3.2,32.8,23.6,77.6,7.9,24.1,12.3,20.6,4.1,20.9,66.4,107.3,53.3,8.1,69.9,10.1,126.7,29.8,25.1,13.9,115.1,14.3,18.6,49.2,6.5,42.6,38.3,34.0,28.0,12.1,6.0,15.8,9.7,3.5
2017-05-31 15:34:00+02:00,6.6,12.8,3.9,19.4,112.2,74.5,60.3,11.1,3.3,33.6,23.7,78.3,8.0,24.3,12.4,20.4,4.1,21.1,67.1,108.3,54.0,8.2,70.5,10.2,127.8,30.0,25.5,13.6,116.1,14.4,18.8,49.8,6.6,43.3,38.9,34.6,28.3,12.3,6.0,16.0,9.8,3.5
2017-05-31 15:35:00+02:00,6.6,12.9,3.9,19.6,111.7,74.2,60.1,11.1,3.3,34.1,23.5,78.0,8.0,24.4,12.4,20.8,4.1,21.2,66.9,107.8,54.2,8.2,70.2,10.3,127.6,29.9,25.7,14.0,115.7,14.4,18.9,50.0,6.6,43.5,39.1,34.7,28.4,12.4,6.1,16.1,9.8,3.5
2017-05-31 15:36:00+02:00,5.5,11.1,3.3,16.6,93.7,62.3,50.5,9.3,2.8,29.0,19.8,65.3,6.8,20.4,10.5,17.9,3.5,17.7,56.2,90.4,45.6,6.9,58.9,8.7,106.9,25.1,21.8,12.4,96.9,12.0,15.9,42.1,5.7,36.9,33.2,29.4,24.2,10.5,5.2,13.6,8.3,3.0
2017-05-31 15:37:00+02:00,6.0,12.2,3.6,18.4,104.2,69.4,56.3,10.3,3.1,32.0,21.8,72.9,7.5,22.6,11.7,19.6,3.9,19.6,62.6,100.5,50.5,7.7,65.6,9.6,119.1,27.7,24.0,13.7,107.9,13.3,17.7,46.6,6.3,41.0,36.8,32.7,26.8,11.6,5.7,15.2,9.3,3.4
2017-05-31 15:38:00+02:00,4.2,10.0,2.9,15.0,84.5,56.4,45.9,8.2,2.5,25.1,17.6,59.2,6.1,18.2,9.5,15.0,3.2,15.8,50.9,81.6,40.9,6.2,53.4,7.1,96.6,22.5,19.6,10.4,87.5,10.7,14.4,37.8,5.0,33.6,30.2,26.9,22.1,9.6,4.7,12.5,7.6,2.7
2017-05-31 15:39:00+02:00,6.4,12.6,3.8,19.0,108.8,72.3,58.6,10.6,3.2,33.7,23.0,76.0,7.8,23.4,12.1,20.7,4.0,20.2,65.2,105.0,52.4,8.0,68.4,10.2,124.4,29.1,24.9,14.5,112.7,13.7,18.3,48.3,6.5,42.7,38.3,34.0,27.9,12.1,6.0,15.8,9.7,3.5
2017-05-31 15:40:00+02:00,6.3,12.6,3.8,18.9,108.1,72.0,58.4,10.5,3.2,33.3,22.7,75.6,7.7,23.1,12.0,20.6,4.0,20.1,64.9,104.3,52.2,7.9,68.1,10.1,123.6,28.8,25.0,14.4,112.0,13.6,18.2,48.1,6.6,42.2,37.9,33.6,27.5,11.9,5.9,15.6,9.6,3.5
2017-05-31 15:41:00+02:00,6.3,12.6,3.8,19.0,108.3,71.9,58.3,10.4,3.2,33.3,22.9,75.5,7.6,23.0,12.1,20.6,3.9,20.0,64.8,104.5,52.1,8.0,68.1,10.1,123.9,29.0,25.0,14.4,112.1,13.5,18.3,48.1,6.6,42.1,37.8,33.5,27.5,11.9,5.9,15.6,9.6,3.5
2017-05-31 15:42:00+02:00,6.3,12.6,3.8,19.0,108.5,72.1,58.5,10.3,3.3,33.4,22.9,75.7,7.5,23.0,12.1,20.7,3.7,20.0,65.0,104.7,52.2,8.0,68.2,10.2,124.1,29.0,25.1,14.5,112.4,13.4,18.3,48.1,6.6,42.1,37.9,33.6,27.6,12.0,5.9,15.6,9.6,3.5
2017-05-31 15:43:00+02:00,6.3,12.7,3.8,19.1,109.3,72.6,58.9,10.6,3.3,33.3,23.2,76.2,7.8,23.4,12.1,20.6,4.0,20.3,65.4,105.5,52.6,8.0,68.7,10.2,124.9,29.4,25.2,14.4,113.1,13.7,18.3,48.5,6.6,42.2,37.9,33.6,27.6,12.0,5.9,15.6,9.6,3.5
2017-05-31 15:44:00+02:00,6.3,12.6,3.8,19.0,109.4,72.3,58.7,10.6,3.2,33.2,23.7,75.9,7.8,23.3,12.1,20.5,4.0,20.3,65.3,105.6,52.5,8.0,68.5,10.1,125.0,29.8,25.1,14.3,113.3,13.7,18.3,48.4,6.6,42.1,37.8,33.5,27.6,12.0,5.9,15.6,9.6,3.5
2017-05-31 15:45:00+02:00,6.3,12.8,3.8,19.2,111.0,73.1,59.3,10.7,3.3,33.5,24.3,76.7,7.8,23.5,12.2,20.7,4.1,20.5,66.0,107.2,53.1,8.0,69.2,10.2,126.7,30.5,25.4,14.5,114.9,13.8,18.4,48.9,6.6,42.5,38.2,33.9,27.8,12.1,6.0,15.7,9.6,3.4
2017-05-31 15:46:00+02:00,6.3,12.7,3.8,19.1,110.5,72.7,59.0,10.6,3.3,33.5,24.3,76.3,7.8,23.4,12.1,20.7,4.0,20.4,65.7,106.6,52.8,8.0,68.9,10.3,126.1,30.4,25.3,14.5,114.3,13.7,18.3,48.7,6.6,42.3,37.9,33.6,27.6,12.1,6.0,15.6,9.5,3.4
2017-05-31 15:47:00+02:00,1.6,3.6,1.0,5.4,29.4,19.9,16.3,2.5,0.9,8.0,6.2,20.7,1.8,6.2,3.0,4.5,1.0,5.3,18.3,28.6,14.4,2.1,18.9,2.4,32.9,8.0,7.2,3.2,30.0,3.4,4.9,13.5,1.6,11.5,10.5,9.6,8.0,3.6,1.8,4.4,2.7,0.8
2017-05-31 15:48:00+02:00,4.8,9.5,2.8,14.2,82.0,54.0,43.8,7.6,2.4,24.9,17.7,56.7,5.7,17.1,9.1,15.2,3.0,14.8,48.8,79.1,39.0,6.1,51.2,7.7,93.9,22.4,18.9,10.7,84.7,9.9,14.0,35.9,4.8,32.4,29.1,25.8,21.3,9.4,4.6,11.9,7.2,2.5
2017-05-31 15:49:00+02:00,6.3,12.3,3.7,18.6,106.3,70.8,57.1,10.3,3.2,33.0,22.2,74.3,7.6,22.8,12.1,20.3,4.0,19.8,63.7,102.6,51.4,8.0,66.9,10.2,120.9,28.3,24.6,14.3,110.1,13.3,18.2,47.3,6.4,41.8,37.5,33.2,27.3,11.9,5.8,15.4,9.4,3.4
2017-05-31 15:50:00+02:00,6.1,12.1,3.7,18.2,104.8,69.8,56.3,10.2,3.1,32.4,22.0,73.3,7.5,22.5,11.9,20.1,3.9,19.6,62.7,101.1,50.7,7.9,66.0,10.0,119.0,27.8,24.1,14.1,108.5,13.2,18.0,46.6,6.2,41.2,36.9,32.6,26.8,11.7,5.8,15.1,9.3,3.3
2017-05-31 15:51:00+02:00,6.1,12.2,3.6,18.2,102.9,69.3,56.0,10.2,3.1,32.1,20.7,72.8,7.5,22.3,11.8,19.9,3.9,19.5,62.3,99.2,50.4,7.8,65.6,9.9,117.9,26.4,24.0,13.9,106.6,13.1,17.8,46.4,6.3,40.7,36.4,32.2,26.5,11.5,5.7,15.0,9.1,3.2
2017-05-31 15:52:00+02:00,6.0,12.1,3.6,18.2,103.2,69.2,55.9,10.2,3.1,32.1,21.2,72.7,7.5,22.3,11.8,19.9,3.9,19.5,62.2,99.5,50.3,7.8,65.4,9.9,118.1,26.9,24.0,13.9,106.8,13.1,17.7,46.3,6.3,40.6,36.3,32.1,26.4,11.5,5.7,14.9,9.1,3.2
2017-05-31 15:53:00+02:00,6.1,12.2,3.7,18.4,106.2,70.3,56.8,10.3,3.1,32.4,23.1,73.8,7.6,22.5,11.9,20.1,4.0,19.6,63.2,102.5,50.8,7.8,66.5,9.9,121.2,28.8,24.3,14.0,109.9,13.2,17.9,46.8,6.4,41.1,36.8,32.6,26.7,11.6,5.7,15.1,9.2,3.3
2017-05-31 15:54:00+02:00,6.2,12.4,3.7,18.7,108.3,71.0,57.4,10.4,3.1,32.7,24.1,74.5,7.6,22.7,12.0,20.4,4.0,19.8,63.9,104.5,51.4,7.9,67.2,10.1,123.5,30.1,24.6,14.2,112.0,13.3,18.1,47.3,6.4,41.6,37.3,33.0,27.1,11.8,5.8,15.3,9.4,3.4
2017-05-31 15:55:00+02:00,6.3,12.3,3.7,18.5,107.3,70.3,56.8,10.3,3.1,32.5,23.9,73.8,7.6,22.3,11.9,20.2,4.0,19.4,63.3,103.6,50.9,7.8,66.6,9.9,122.5,29.9,24.5,14.1,111.0,13.0,18.0,46.8,6.4,41.3,37.0,32.7,26.9,11.7,5.7,15.2,9.3,3.3
2017-05-31 15:56:00+02:00,6.1,12.0,3.6,18.2,104.8,68.6,55.6,10.1,3.0,31.7,23.4,72.1,7.5,21.8,11.7,19.8,3.9,19.0,61.8,101.2,49.8,7.7,65.0,9.7,119.5,29.2,24.0,13.8,108.5,12.7,17.6,45.7,6.2,40.3,36.1,31.9,26.2,11.4,5.6,14.8,9.0,3.2
2017-05-31 15:57:00+02:00,6.0,11.8,3.5,18.0,103.8,67.9,54.9,10.0,3.0,31.3,23.2,71.4,7.4,21.5,11.6,19.6,3.9,18.8,61.1,100.2,49.2,7.6,64.3,9.6,118.3,28.8,23.7,13.7,107.4,12.5,17.4,45.2,6.1,39.9,35.7,31.5,25.9,11.2,5.5,14.6,8.9,3.2
2017-05-31 15:58:00+02:00,6.0,11.8,3.5,17.9,103.6,67.8,54.8,10.0,3.0,31.4,23.1,71.3,7.4,21.5,11.5,19.6,3.9,18.7,61.0,100.0,49.1,7.6,64.2,9.6,118.1,28.8,23.6,13.7,107.2,12.5,17.3,45.1,6.1,39.9,35.7,31.5,25.8,11.2,5.5,14.6,8.9,3.2
2017-05-31 15:59:00+02:00,6.0,11.8,3.6,18.0,103.9,68.0,54.9,10.0,3.0,31.6,23.2,71.4,7.4,21.6,11.6,19.7,3.9,18.8,61.1,100.2,49.2,7.6,64.3,9.6,118.5,28.9,23.7,13.7,107.5,12.5,17.4,45.2,6.1,39.7,35.4,31.2,25.6,11.2,5.5,14.3,8.6,2.9
2017-05-31 16:00:00+02:00,6.0,11.9,3.6,18.1,104.5,68.3,55.3,10.0,3.0,31.7,23.3,71.8,7.5,21.7,11.7,19.7,3.9,18.9,61.5,100.8,49.5,7.7,64.7,9.6,119.3,29.1,23.8,13.8,108.2,12.6,17.5,45.5,6.1,39.8,35.5,31.3,25.6,11.3,5.6,14.3,8.5,2.8
2017-05-31 16:01:00+02:00,6.0,12.0,3.6,18.2,103.3,68.7,55.5,10.0,3.0,31.8,21.7,72.2,7.5,21.7,11.8,19.7,3.9,19.0,61.8,99.6,49.7,7.7,65.0,9.7,118.1,27.5,23.9,13.9,107.0,12.6,17.7,45.7,6.2,40.1,35.8,31.5,25.8,11.4,5.6,14.4,8.7,2.9
2017-05-31 16:02:00+02:00,6.0,11.8,3.6,17.8,101.4,67.6,54.7,9.9,3.0,31.0,20.9,71.1,7.4,21.5,11.6,19.1,3.9,18.7,60.9,97.7,49.0,7.6,64.0,9.6,116.0,26.6,23.5,13.7,105.0,12.5,17.5,45.0,6.1,39.8,35.6,31.4,25.8,11.3,5.5,14.5,8.9,3.1
2017-05-31 16:03:00+02:00,5.9,11.6,3.5,17.6,100.1,66.7,54.0,9.8,2.9,31.0,20.7,70.1,7.4,21.2,11.6,19.2,3.9,18.5,60.1,96.5,48.5,7.5,63.2,9.5,114.5,26.4,23.3,13.5,103.7,12.3,17.3,44.5,6.0,39.5,35.3,31.2,25.6,11.2,5.5,14.4,8.8,3.1
2017-05-31 16:04:00+02:00,5.9,11.6,3.5,17.7,99.7,66.2,53.9,9.8,2.9,31.1,20.7,69.6,7.4,21.2,11.6,19.3,3.9,18.5,60.1,96.0,48.5,7.5,63.2,9.5,114.1,26.4,23.3,13.5,103.2,12.3,17.3,44.5,6.0,39.5,35.3,31.0,25.5,11.2,5.5,14.4,8.8,3.1
2017-05-31 16:05:00+02:00,5.9,11.6,3.5,17.6,99.7,66.4,53.7,9.7,2.9,30.3,20.6,69.8,7.3,20.9,11.5,18.6,3.9,18.3,59.8,96.0,48.1,7.5,62.9,9.5,114.0,26.2,23.2,13.5,103.2,12.1,17.2,44.1,6.0,39.1,34.9,30.8,25.3,11.1,5.5,14.2,8.6,3.1
2017-05-31 16:06:00+02:00,5.9,11.5,3.5,17.4,99.3,66.2,53.4,9.6,2.9,30.2,20.5,69.6,7.3,20.8,11.5,18.6,3.9,18.2,59.4,95.7,47.8,7.5,62.6,9.4,113.6,26.1,23.0,13.5,102.9,12.0,17.2,43.8,5.9,39.0,34.8,30.7,25.2,11.1,5.4,14.1,8.5,3.0
2017-05-31 16:07:00+02:00,5.9,11.5,3.5,17.4,99.3,66.1,53.3,9.6,2.9,28.4,20.5,69.5,7.3,20.8,11.5,16.9,3.9,18.2,59.4,95.7,47.8,7.4,62.6,9.5,113.6,26.1,23.0,13.6,102.9,12.0,17.2,43.8,5.9,39.2,35.0,30.8,25.3,11.1,5.4,14.2,8.6,3.0
2017-05-31 16:08:00+02:00,5.9,11.6,3.5,17.5,100.1,66.0,53.3,9.6,2.9,28.1,21.5,69.4,7.3,20.8,11.4,16.6,3.9,18.2,59.3,96.5,47.8,7.4,62.5,9.5,114.4,27.1,23.0,13.6,103.7,12.0,17.1,43.8,6.0,39.2,34.9,30.7,25.3,11.1,5.4,14.2,8.6,3.0
2017-05-31 16:09:00+02:00,5.9,11.6,3.5,17.5,100.3,65.4,52.7,8.7,2.9,28.4,22.4,68.8,6.5,20.1,11.4,16.9,3.0,17.5,58.8,96.7,47.1,7.5,61.9,9.6,114.2,28.0,23.0,13.7,103.8,11.4,17.1,43.2,6.0,39.2,35.0,30.8,25.3,11.1,5.5,14.2,8.6,3.0
2017-05-31 16:10:00+02:00,5.8,11.5,3.5,17.4,100.0,65.3,52.6,9.0,2.8,28.7,22.3,68.6,6.8,20.5,11.4,17.2,3.4,17.9,58.7,96.4,47.1,7.5,61.8,9.4,114.2,27.9,22.6,13.4,103.6,11.8,17.1,43.1,5.9,39.1,34.9,30.7,25.2,11.1,5.5,14.1,8.6,3.0
2017-05-31 16:11:00+02:00,5.7,11.4,3.4,17.2,99.5,65.0,52.5,9.4,2.8,28.4,22.1,68.3,7.2,20.7,11.4,17.0,3.8,18.1,58.5,95.9,47.0,7.4,61.5,9.3,113.7,27.6,22.4,13.3,103.0,12.1,16.9,43.1,5.8,38.7,34.5,30.3,25.0,11.0,5.4,13.9,8.4,2.9
2017-05-31 16:12:00+02:00,5.7,11.3,3.4,17.0,98.7,64.5,52.1,9.3,2.8,27.6,22.0,67.8,7.1,20.5,11.3,16.3,3.7,18.0,58.0,95.2,46.6,7.4,61.0,9.2,112.7,27.5,22.3,13.2,102.2,12.0,16.8,42.7,5.8,38.5,34.3,30.2,24.8,11.0,5.4,13.9,8.4,2.9
2017-05-31 16:13:00+02:00,5.6,11.0,3.4,16.7,97.1,63.3,51.1,9.1,2.7,27.0,21.7,66.6,7.0,20.1,11.2,15.8,3.7,17.6,57.0,93.6,45.7,7.3,59.9,9.1,110.9,27.1,21.8,13.1,100.6,11.7,16.6,41.9,5.5,38.1,33.9,29.8,24.5,10.9,5.4,13.7,8.3,2.9
2017-05-31 16:14:00+02:00,5.6,10.9,3.3,16.6,96.0,62.6,50.5,8.9,2.7,26.9,21.5,65.8,7.0,19.7,11.1,15.9,3.7,17.3,56.3,92.6,45.1,7.3,59.2,9.0,109.6,26.8,21.6,13.0,99.4,11.5,16.5,41.3,5.5,37.6,33.5,29.5,24.3,10.8,5.3,13.5,8.2,2.8
2017-05-31 16:15:00+02:00,5.5,10.7,3.3,16.3,95.4,62.1,50.1,8.9,2.7,27.3,21.4,65.3,6.9,19.6,11.0,16.3,3.6,17.2,55.9,91.9,44.8,7.2,58.7,8.9,108.8,26.7,21.3,12.9,98.8,11.5,16.3,41.0,5.3,37.5,33.4,29.3,24.2,10.7,5.3,13.5,8.2,2.8
2017-05-31 16:16:00+02:00,5.5,10.5,3.3,16.1,94.6,61.6,49.8,8.8,2.6,27.2,21.1,64.8,6.8,19.6,10.9,16.2,3.6,17.2,55.5,91.2,44.5,7.1,58.3,8.9,108.0,26.4,21.1,12.8,97.9,11.4,16.2,40.7,5.2,37.2,33.2,29.2,24.0,10.7,5.2,13.4,8.1,2.8
2017-05-31 16:17:00+02:00,5.5,10.5,3.3,16.0,94.5,61.5,49.6,8.9,2.6,26.5,21.1,64.7,6.8,19.6,10.9,15.4,3.6,17.2,55.4,91.1,44.3,7.1,58.2,8.9,108.0,26.4,21.0,12.8,97.8,11.4,16.2,40.6,5.2,37.3,33.2,29.2,24.0,10.6,5.2,13.4,8.1,2.8
2017-05-31 16:18:00+02:00,5.5,10.7,3.3,16.2,94.9,61.7,50.0,8.9,2.7,26.3,21.3,65.0,6.8,19.7,10.9,15.2,3.6,17.3,55.5,91.5,44.7,7.1,58.3,9.0,108.7,26.6,21.2,12.6,98.3,11.5,16.4,40.9,5.3,37.5,33.4,29.4,24.1,10.7,5.2,13.5,8.1,2.8
2017-05-31 16:19:00+02:00,5.6,10.7,3.3,16.2,95.1,61.8,50.1,8.9,2.7,26.4,21.4,65.0,6.8,19.7,11.0,15.2,3.6,17.3,55.6,91.7,44.8,7.2,58.4,9.0,109.0,26.7,21.3,12.6,98.5,11.5,16.4,41.0,5.3,37.6,33.5,29.4,24.3,10.7,5.3,13.5,8.2,2.8
2017-05-31 16:20:00+02:00,5.6,10.9,3.3,16.5,95.9,62.4,50.7,9.0,2.7,26.6,21.4,65.7,6.9,19.9,11.0,15.4,3.6,17.5,56.2,92.4,45.3,7.2,59.0,9.1,109.8,26.8,21.6,12.7,99.3,11.6,16.5,41.5,5.5,37.8,33.7,29.6,24.5,10.8,5.3,13.7,8.3,2.9
2017-05-31 16:21:00+02:00,5.6,11.1,3.3,16.7,95.8,62.4,50.8,9.0,2.7,27.0,21.4,65.6,6.9,19.9,11.0,15.9,3.6,17.5,56.3,92.3,45.5,7.1,59.1,9.1,109.7,26.7,21.8,12.7,99.2,11.6,16.4,41.7,5.6,37.6,33.5,29.5,24.3,10.7,5.2,13.6,8.2,2.9
2017-05-31 16:22:00+02:00,5.5,11.1,3.3,16.6,94.8,61.7,50.6,9.0,2.7,27.9,21.2,65.0,6.8,19.7,10.9,16.9,3.6,17.4,56.0,91.4,45.2,7.1,58.8,9.0,108.5,26.5,21.7,12.6,98.2,11.6,16.3,41.5,5.6,37.5,33.4,29.4,24.3,10.7,5.3,13.6,8.2,2.9
2017-05-31 16:23:00+02:00,5.5,11.0,3.3,16.5,94.5,61.4,50.3,8.9,2.6,27.7,21.2,64.6,6.8,19.6,10.9,16.7,3.6,17.3,55.7,91.1,45.0,7.1,58.5,9.0,108.3,26.5,21.6,12.6,97.9,11.5,16.3,41.2,5.5,37.3,33.2,29.1,24.1,10.7,5.2,13.4,8.1,2.8
2017-05-31 16:24:00+02:00,5.5,10.9,3.2,16.3,93.7,61.0,49.6,8.8,2.6,27.4,21.1,64.2,6.8,19.3,10.8,16.5,3.5,17.0,55.0,90.4,44.4,7.0,57.7,8.9,107.4,26.2,21.3,12.4,97.1,11.3,16.1,40.6,5.5,36.8,32.8,28.7,23.8,10.6,5.2,13.2,8.0,2.7
2017-05-31 16:25:00+02:00,5.3,10.7,3.2,16.1,91.9,59.6,49.0,8.7,2.5,27.3,20.8,62.7,6.7,19.0,10.7,16.6,3.5,16.8,53.6,88.6,43.9,6.9,56.3,8.9,105.4,25.9,21.1,12.5,95.2,11.1,15.9,40.1,5.4,36.6,32.5,28.5,23.6,10.5,5.2,13.1,7.9,2.7
2017-05-31 16:26:00+02:00,5.3,10.7,3.2,16.1,91.9,59.5,49.1,8.8,2.5,27.3,20.8,62.6,6.8,19.1,10.7,16.6,3.6,16.9,53.6,88.5,43.9,7.0,56.2,9.0,105.3,25.9,21.1,12.5,95.2,11.2,16.0,40.2,5.4,36.5,32.5,28.5,23.6,10.5,5.2,13.1,7.9,2.7
2017-05-31 16:27:00+02:00,5.4,10.7,3.2,16.1,93.0,60.5,49.2,8.8,2.5,27.6,20.9,63.6,6.8,19.1,10.7,16.8,3.6,16.8,54.5,89.6,43.9,7.0,57.2,9.1,106.4,26.1,21.1,12.8,96.3,11.2,16.0,40.2,5.4,36.6,32.5,28.5,23.5,10.4,5.2,13.1,7.9,2.7
2017-05-31 16:28:00+02:00,5.4,10.7,3.2,16.1,92.5,60.3,49.0,8.8,2.5,27.8,20.6,63.4,6.8,18.9,10.7,17.1,3.6,16.7,54.3,89.2,43.8,6.9,57.0,9.0,105.8,25.8,21.1,13.1,95.8,11.1,15.9,40.0,5.3,36.4,32.4,28.3,23.4,10.3,5.1,13.0,7.9,2.7
2017-05-31 16:29:00+02:00,5.4,10.6,3.2,16.0,92.2,60.1,49.0,8.7,2.5,27.8,20.5,63.2,6.7,18.8,10.6,17.1,3.6,16.6,54.2,88.9,43.7,6.9,56.9,9.1,104.9,25.7,21.0,13.1,95.5,11.0,15.8,39.8,5.3,36.3,32.3,28.3,23.3,10.3,5.1,13.0,7.9,2.6
2017-05-31 16:30:00+02:00,5.4,10.4,3.1,15.8,91.3,59.6,48.5,8.6,2.5,27.8,20.2,62.6,6.7,18.6,10.6,17.2,3.5,16.4,53.7,88.0,43.3,6.9,56.4,9.0,103.4,25.4,20.7,13.1,94.5,10.9,15.7,39.4,5.2,36.1,32.2,28.1,23.2,10.3,5.0,12.9,7.8,2.6
2017-05-31 16:31:00+02:00,5.4,9.7,3.1,15.1,90.6,59.0,47.8,8.6,2.5,27.8,20.1,62.0,6.7,18.7,10.6,17.2,3.5,16.5,53.1,87.3,42.6,6.9,55.8,9.0,103.0,25.3,20.1,13.1,93.7,10.9,15.8,38.8,4.6,36.2,32.2,28.2,23.3,10.3,5.1,13.0,7.8,2.6
2017-05-31 16:32:00+02:00,5.4,9.8,3.1,15.1,89.8,58.9,47.8,8.6,2.4,27.7,19.4,62.0,6.7,18.6,10.6,17.2,3.5,16.5,53.1,86.6,42.6,6.9,55.7,9.0,102.4,24.6,20.1,13.0,93.0,10.9,15.8,38.7,4.6,36.2,32.2,28.2,23.3,10.3,5.1,13.0,7.8,2.6
2017-05-31 16:33:00+02:00,5.4,9.9,3.1,15.2,89.6,58.4,47.3,8.4,2.4,27.5,19.8,61.4,6.6,18.2,10.6,17.0,3.4,16.1,52.6,86.3,42.1,6.8,55.2,8.9,102.1,24.9,20.1,12.9,92.7,10.6,15.7,38.3,4.7,35.8,31.9,27.8,22.9,10.2,5.0,12.8,7.6,2.5
2017-05-31 16:34:00+02:00,5.2,9.6,3.1,14.8,88.8,57.5,46.5,8.3,2.3,27.0,20.1,60.5,6.5,18.0,10.5,16.7,3.4,15.9,51.8,85.5,41.5,6.8,54.4,8.8,100.9,25.1,19.7,12.7,92.0,10.4,15.6,37.6,4.6,35.2,31.3,27.3,22.5,10.0,4.9,12.5,7.5,2.4
2017-05-31 16:35:00+02:00,5.2,9.9,3.0,15.0,88.8,57.4,46.6,8.3,2.3,26.8,20.2,60.4,6.5,17.8,10.4,16.6,3.4,15.8,51.8,85.5,41.6,6.7,54.3,8.7,100.9,25.2,19.9,12.6,91.9,10.4,15.5,37.7,4.9,34.7,30.8,26.8,22.3,9.9,4.8,12.4,7.4,2.4
2017-05-31 16:36:00+02:00,5.2,9.7,3.0,14.9,88.2,57.1,46.3,8.1,2.3,26.9,19.9,60.0,6.5,17.7,10.4,16.7,3.4,15.6,51.5,84.9,41.2,6.7,54.0,8.7,100.7,25.0,19.7,12.7,91.4,10.2,15.5,37.4,4.7,35.1,31.2,27.3,22.6,9.9,4.9,12.7,7.6,2.5
2017-05-31 16:37:00+02:00,5.2,9.7,3.0,14.8,87.2,56.0,45.1,8.1,2.3,27.0,20.1,58.8,6.5,17.6,10.4,16.8,3.4,15.6,50.3,83.9,40.1,6.7,52.8,8.7,99.5,25.2,19.4,12.7,90.3,10.2,15.5,37.0,4.6,35.0,31.1,27.2,22.6,9.9,4.9,12.7,7.6,2.6
2017-05-31 16:38:00+02:00,5.2,9.6,3.0,14.8,86.7,55.4,44.6,8.0,2.2,27.0,20.2,58.2,6.5,17.5,10.3,16.8,3.4,15.5,49.8,83.4,39.6,6.7,52.3,8.7,99.0,25.3,19.2,12.7,89.8,10.1,15.4,36.7,4.5,35.2,31.3,27.3,22.6,9.9,4.9,12.7,7.6,2.5
2017-05-31 16:39:00+02:00,5.1,9.7,3.0,14.8,86.5,55.2,44.4,8.0,2.3,26.8,20.4,58.0,6.4,17.3,10.3,16.6,3.4,15.3,49.6,83.2,39.4,6.7,52.1,8.5,98.1,25.3,19.3,12.5,89.6,10.0,15.3,36.6,4.6,34.9,31.0,27.0,22.3,9.7,4.6,12.6,7.5,2.5
2017-05-31 16:40:00+02:00,5.0,9.7,3.0,14.8,84.6,55.1,44.4,8.0,2.3,26.4,18.5,58.0,6.5,17.2,10.2,16.3,3.5,15.3,49.6,81.3,39.5,6.6,52.0,8.2,97.3,23.4,19.5,12.2,87.7,9.9,15.3,36.7,4.6,34.6,30.7,26.7,21.8,9.3,4.3,12.5,7.4,2.5
2017-05-31 16:41:00+02:00,5.0,9.6,2.9,14.6,83.0,54.4,43.9,8.0,2.3,26.1,17.8,57.3,6.5,17.0,10.2,16.1,3.5,15.1,49.0,79.8,39.0,6.6,51.4,8.1,95.7,22.6,19.3,12.1,86.1,9.8,15.1,36.3,4.5,34.2,30.4,26.4,21.6,9.3,4.2,12.4,7.4,2.5
2017-05-31 16:42:00+02:00,4.9,9.4,2.9,14.4,82.2,53.9,43.4,8.0,2.2,25.9,17.6,56.6,6.4,16.8,10.1,15.9,3.4,14.9,48.4,79.0,38.5,6.5,50.8,8.0,94.7,22.4,19.1,12.0,85.3,9.8,15.0,35.8,4.4,34.6,30.8,26.8,22.0,9.8,4.8,12.2,7.3,2.5
2017-05-31 16:43:00+02:00,4.9,9.4,2.9,14.4,81.7,53.3,42.8,7.9,2.2,25.9,17.6,56.1,6.3,15.9,10.1,15.9,3.4,14.0,47.9,78.5,37.9,6.5,50.3,8.0,93.7,22.4,19.0,12.0,84.3,8.9,15.0,34.9,4.4,34.6,30.7,26.7,22.0,9.8,4.8,12.2,7.3,2.5
2017-05-31 16:44:00+02:00,4.9,9.3,2.9,14.3,80.8,52.7,42.3,7.8,2.2,25.0,17.5,55.5,6.3,15.3,10.0,15.1,3.4,13.5,47.3,77.7,37.4,6.5,49.7,7.8,92.3,22.3,18.9,11.1,83.0,8.4,14.9,34.2,4.4,34.3,30.4,26.4,21.7,9.5,4.5,12.2,7.3,2.4
2017-05-31 16:45:00+02:00,4.8,9.3,2.9,14.2,80.3,52.5,42.1,7.8,2.2,24.6,17.3,55.2,6.3,15.2,10.0,14.7,3.3,13.4,47.1,77.3,37.2,6.5,49.5,7.9,91.6,22.1,18.8,10.8,82.4,8.4,14.8,34.0,4.3,34.3,30.4,26.5,21.8,9.7,4.8,12.1,7.2,2.4
2017-05-31 16:46:00+02:00,4.5,8.5,2.7,13.1,74.6,49.0,39.5,7.2,2.0,23.5,15.9,51.5,5.8,14.6,9.2,14.4,3.1,13.0,44.1,71.8,34.9,6.0,46.3,7.3,85.0,20.3,17.4,10.8,76.4,8.4,13.7,32.1,3.9,31.9,28.4,24.7,20.3,9.1,4.5,11.2,6.7,2.2
2017-05-31 16:47:00+02:00,4.8,9.1,2.8,13.6,78.4,51.1,40.9,7.7,2.1,25.3,17.0,53.7,6.2,14.9,9.7,15.5,3.3,13.1,45.8,75.5,36.1,6.4,48.1,7.8,89.7,21.7,18.1,11.7,80.5,8.2,14.5,33.0,4.2,33.9,30.1,26.2,21.6,9.7,4.8,11.9,7.2,2.4
2017-05-31 16:48:00+02:00,4.4,8.1,2.6,12.1,70.5,45.6,36.5,7.0,1.8,22.8,15.4,48.1,5.6,13.0,8.9,13.8,3.0,11.5,41.0,67.8,32.1,5.8,43.0,7.1,80.7,19.8,16.3,10.5,72.2,7.0,13.3,29.3,3.7,31.2,27.7,24.2,19.9,8.9,4.4,11.0,6.6,2.1
2017-05-31 16:49:00+02:00,4.7,8.6,2.7,12.8,74.8,48.1,38.6,7.4,1.9,24.4,16.6,50.7,6.0,13.9,9.5,14.9,3.2,12.2,43.3,71.9,33.9,6.2,45.2,7.6,85.7,21.2,17.2,11.3,76.7,7.4,14.2,31.1,3.9,33.1,29.4,25.5,21.0,9.4,4.7,11.6,7.0,2.3
2017-05-31 16:50:00+02:00,4.7,8.6,2.7,12.8,74.4,47.6,37.8,7.4,1.9,24.4,16.7,50.3,6.0,14.1,9.6,14.9,3.2,12.4,42.6,71.5,33.1,6.2,44.8,7.6,85.2,21.3,17.2,11.3,76.3,7.7,14.3,31.3,3.8,33.1,29.4,25.5,21.0,9.4,4.7,11.6,6.9,2.3
2017-05-31 16:51:00+02:00,3.6,6.4,2.0,9.6,54.3,34.6,27.5,5.4,1.4,18.5,12.2,36.5,4.4,9.9,7.2,11.2,2.3,8.7,31.0,52.3,23.8,4.7,32.6,5.6,62.2,15.7,13.0,8.4,55.6,5.1,10.9,22.9,2.8,25.4,22.6,19.7,16.2,7.3,3.6,8.9,5.3,1.7
2017-05-31 16:52:00+02:00,4.6,8.4,2.7,12.5,72.8,46.6,37.0,7.3,1.8,24.9,16.4,49.2,5.9,13.7,9.5,15.6,3.1,12.1,41.7,70.0,32.4,6.1,43.8,7.4,82.8,20.8,16.9,10.8,74.8,7.4,14.1,30.6,3.8,32.6,28.8,25.0,20.6,9.2,4.6,11.4,6.8,2.2
2017-05-31 16:53:00+02:00,4.6,8.4,2.7,12.6,73.2,46.8,37.2,7.4,1.8,25.0,16.5,49.4,6.0,13.7,9.5,15.6,3.2,12.2,41.9,70.4,32.6,6.1,44.0,7.4,83.3,21.0,17.0,10.9,75.2,7.4,14.1,30.7,3.8,32.7,29.0,25.1,20.7,9.3,4.6,11.4,6.8,2.2
2017-05-31 16:54:00+02:00,4.6,8.4,2.7,12.6,73.1,46.6,37.0,7.3,1.8,25.2,16.5,49.2,6.0,14.3,9.4,15.7,3.2,12.7,41.7,70.3,32.4,6.0,43.8,7.3,83.7,21.1,17.0,11.0,74.9,7.9,14.0,31.2,3.8,32.7,28.9,25.1,20.7,9.3,4.6,11.4,6.8,2.2
2017-05-31 16:55:00+02:00,4.4,8.3,2.7,12.5,73.8,46.3,36.9,6.8,1.8,24.0,17.7,48.9,5.5,13.8,9.4,14.7,2.7,12.2,41.5,71.1,32.4,6.0,43.6,6.3,84.1,22.2,16.9,10.1,75.8,7.5,14.0,30.7,3.7,32.2,28.5,24.7,20.3,9.1,4.5,11.2,6.7,2.1
2017-05-31 16:56:00+02:00,4.4,8.3,2.6,12.7,76.7,48.7,39.4,7.2,1.7,24.3,18.2,51.3,5.8,14.8,9.4,15.0,3.1,13.2,44.0,74.0,34.9,6.0,46.0,6.9,87.5,22.7,17.1,10.6,78.7,8.5,14.0,31.9,3.7,32.1,28.4,24.6,20.2,9.0,4.4,11.2,6.6,2.1
2017-05-31 16:57:00+02:00,4.5,8.4,2.6,13.0,77.5,49.5,40.1,7.2,1.7,24.1,18.2,52.1,5.9,15.3,9.4,14.7,3.2,13.7,44.7,74.8,35.6,6.0,46.8,7.0,88.3,22.8,17.3,10.7,79.5,9.0,14.0,32.5,3.7,32.1,28.4,24.6,20.2,9.1,4.4,11.2,6.6,2.1
2017-05-31 16:58:00+02:00,4.4,8.4,2.6,13.0,77.2,49.3,39.9,7.2,1.7,24.0,18.3,51.8,5.9,14.9,9.4,14.7,3.1,13.4,44.5,74.5,35.5,6.0,46.6,7.0,88.4,22.8,17.3,10.7,79.6,8.6,14.0,32.2,3.8,32.0,28.3,24.5,20.2,9.0,4.4,11.1,6.6,2.1
2017-05-31 16:59:00+02:00,4.4,8.2,2.6,12.7,76.2,48.6,39.4,7.0,1.7,23.6,18.0,51.1,5.7,14.7,9.2,14.5,3.1,13.2,43.9,73.5,35.0,5.9,45.9,6.8,87.5,22.5,17.1,10.5,78.8,8.5,13.8,31.7,3.7,31.6,28.0,24.2,19.9,8.9,4.4,11.0,6.5,2.1
2017-05-31 17:00:00+02:00,4.3,8.2,2.6,12.7,76.0,48.3,39.3,6.8,1.6,23.5,17.9,50.8,5.6,14.6,9.2,14.3,3.0,13.1,43.7,73.1,34.9,5.9,45.7,6.8,87.3,22.3,17.0,10.4,78.5,8.5,13.7,31.6,3.6,31.5,27.9,24.1,19.8,8.9,4.3,10.9,6.5,2.0
2017-05-31 17:01:00+02:00,3.9,7.2,2.3,11.3,66.3,42.8,34.9,6.0,1.4,20.8,14.8,45.0,4.9,12.9,8.1,12.5,2.7,11.6,38.8,63.8,30.9,5.2,40.6,5.9,76.3,18.8,15.2,9.1,68.5,7.4,12.2,28.0,3.2,28.2,25.0,21.7,17.8,8.0,3.9,9.8,5.8,1.8
2017-05-31 17:02:00+02:00,4.1,7.6,2.4,11.3,68.7,44.9,36.4,6.4,1.5,22.1,14.6,47.2,5.2,13.7,8.6,13.4,2.8,12.3,40.6,66.0,32.2,5.5,42.5,6.3,79.3,18.8,15.5,9.7,71.0,7.9,12.9,29.1,3.4,29.9,26.5,23.0,18.8,8.4,4.1,10.4,6.1,1.9
2017-05-31 17:03:00+02:00,4.4,8.1,2.5,11.8,72.8,47.5,38.4,6.8,1.7,23.4,15.4,50.0,5.6,14.5,9.0,14.2,3.0,13.1,42.9,69.9,34.0,5.7,44.9,6.7,84.0,19.9,16.2,10.3,75.3,8.5,13.5,30.7,3.6,31.7,28.0,24.3,19.9,8.9,4.4,11.0,6.5,2.1
2017-05-31 17:04:00+02:00,4.3,8.0,2.5,11.5,71.1,46.2,37.2,6.7,1.6,23.3,15.2,48.6,5.5,13.6,8.8,14.1,3.0,12.2,41.7,68.3,32.8,5.5,43.6,6.7,82.3,19.7,15.9,10.2,73.6,7.6,13.3,29.5,3.6,31.4,27.8,24.1,19.9,8.9,4.4,11.0,6.5,2.0
2017-05-31 17:05:00+02:00,4.3,7.9,2.5,11.4,69.5,44.6,35.8,6.6,1.6,23.6,15.2,47.1,5.5,12.4,8.9,14.5,3.0,11.1,40.2,66.7,31.4,5.6,42.0,7.1,80.5,19.6,15.7,10.6,72.0,6.6,13.3,28.1,3.5,31.1,27.5,23.8,19.6,8.8,4.3,10.8,6.4,2.0
2017-05-31 17:06:00+02:00,4.2,7.7,2.5,11.6,69.0,44.4,35.7,6.4,1.6,23.3,15.1,46.8,5.4,12.2,8.9,14.3,2.9,10.9,40.0,66.2,31.4,5.7,41.8,7.0,79.9,19.4,15.9,10.5,71.5,6.4,13.3,28.2,3.4,30.7,27.1,23.5,19.3,8.7,4.3,10.6,6.3,1.9
2017-05-31 17:07:00+02:00,4.2,7.7,2.5,12.1,69.4,44.8,36.2,6.4,1.5,23.2,15.2,47.2,5.4,12.2,9.0,14.4,2.9,10.9,40.4,66.7,31.8,5.7,42.2,7.0,80.2,19.6,16.4,10.4,71.8,6.4,13.4,28.6,3.4,30.8,27.2,23.5,19.4,8.8,4.3,10.6,6.3,1.9
2017-05-31 17:08:00+02:00,4.2,7.8,2.4,12.1,69.7,43.8,35.3,6.3,1.5,22.6,16.5,46.2,5.4,12.0,8.9,14.3,2.9,10.8,39.5,67.1,31.6,5.7,41.3,6.9,80.5,20.9,16.4,10.4,72.1,6.3,13.4,28.4,3.3,30.7,27.1,23.4,19.3,8.7,4.3,10.6,6.2,1.9
2017-05-31 17:09:00+02:00,4.2,7.8,2.4,12.1,71.6,45.0,36.5,6.3,1.5,22.0,17.3,47.3,5.4,12.7,8.9,14.0,2.9,11.5,40.7,69.0,32.2,5.6,42.4,6.9,82.4,21.7,16.4,10.3,74.0,7.0,13.2,29.1,3.3,30.1,26.5,22.8,18.7,8.1,3.7,10.6,6.2,1.8
2017-05-31 17:10:00+02:00,4.4,7.8,2.4,12.1,71.8,45.3,36.8,6.3,1.5,21.8,17.2,47.6,5.4,13.1,8.8,13.5,2.9,11.9,41.1,69.2,32.7,5.6,42.8,6.3,82.5,21.6,16.4,9.7,74.1,7.5,13.1,29.5,3.3,29.0,25.5,21.8,17.7,7.2,2.7,10.6,6.2,1.8
2017-05-31 17:11:00+02:00,4.4,7.7,2.4,12.0,71.2,45.1,36.7,6.3,1.5,22.0,16.9,47.4,5.4,13.0,8.8,13.3,2.9,11.9,40.9,68.7,32.5,5.6,42.6,6.2,81.9,21.2,16.3,9.5,73.7,7.4,13.1,29.3,3.3,29.1,25.5,21.9,17.7,7.2,2.8,10.5,6.2,1.8
2017-05-31 17:12:00+02:00,4.4,7.7,2.4,11.9,70.2,44.9,36.4,6.2,1.5,22.1,16.2,47.2,5.3,12.9,8.8,13.4,2.9,11.7,40.7,67.6,32.2,5.6,42.4,6.2,80.9,20.5,16.2,9.5,72.6,7.3,13.1,29.1,3.2,29.0,25.5,21.8,17.7,7.3,2.9,10.4,6.1,1.8
2017-05-31 17:13:00+02:00,4.4,7.6,2.3,11.8,69.5,44.3,35.9,6.0,1.5,22.5,16.0,46.6,5.2,12.6,8.7,13.8,2.9,11.5,40.2,66.9,31.7,5.5,41.8,6.6,80.2,20.3,16.1,10.0,71.9,7.1,13.1,28.7,3.2,28.8,25.2,21.6,17.5,7.2,2.8,10.3,6.1,1.8
2017-05-31 17:14:00+02:00,4.4,7.6,2.3,11.8,68.2,42.8,34.3,5.2,1.5,22.9,16.2,45.0,5.3,11.8,8.7,14.2,2.9,10.7,38.6,65.5,30.0,5.5,40.2,6.9,79.0,20.5,15.3,10.2,70.7,6.3,13.1,27.1,3.2,29.0,25.4,21.8,17.7,7.3,2.9,10.3,6.1,1.8
2017-05-31 17:15:00+02:00,4.4,7.6,2.3,11.8,68.1,42.8,34.2,5.2,1.4,22.3,16.1,45.0,5.3,11.8,8.7,13.7,2.9,10.7,38.5,65.4,30.0,5.5,40.3,6.3,78.8,20.4,15.3,9.6,70.6,6.3,13.1,27.1,3.2,29.9,26.4,22.7,18.6,8.3,3.9,10.3,6.0,1.7
2017-05-31 17:16:00+02:00,4.4,7.3,2.3,10.6,68.3,43.2,34.7,6.1,1.3,22.2,16.0,45.5,5.4,12.7,8.7,13.6,2.9,11.7,39.0,65.8,30.5,5.5,40.7,6.2,79.0,20.3,14.9,9.6,70.8,7.3,13.0,27.6,3.0,29.8,26.3,22.7,18.6,8.3,3.9,10.2,6.0,1.7
2017-05-31 17:17:00+02:00,4.3,6.4,2.3,10.4,68.3,43.0,34.5,6.1,0.4,22.2,16.1,45.3,5.3,12.7,8.7,13.5,2.9,11.6,38.9,65.7,30.3,5.5,40.6,6.2,78.9,20.4,14.7,9.6,70.7,7.2,13.1,27.4,2.1,30.1,26.6,22.9,18.8,8.5,4.1,10.3,6.0,1.7
2017-05-31 17:18:00+02:00,4.3,7.2,2.3,11.6,69.0,43.6,35.6,6.1,1.2,22.4,16.2,45.9,5.3,12.5,8.8,13.7,2.9,11.5,39.8,66.4,31.3,5.5,41.3,6.3,79.7,20.6,15.9,9.7,71.4,7.1,13.2,28.4,2.9,28.9,25.3,21.7,17.5,7.1,2.7,10.4,6.1,1.7
2017-05-31 17:19:00+02:00,4.3,7.2,2.3,11.6,68.3,42.8,35.1,6.1,1.2,22.9,16.3,45.1,5.3,12.0,8.8,14.1,2.9,10.9,39.3,65.7,30.9,5.6,40.5,6.7,79.0,20.7,15.9,10.1,70.7,6.6,13.2,27.9,2.9,28.3,24.8,21.1,17.1,6.7,2.2,10.4,6.1,1.7
2017-05-31 17:20:00+02:00,4.3,7.3,2.3,11.6,69.0,43.4,35.0,6.0,1.2,22.9,16.3,45.7,5.2,12.1,8.8,14.0,2.9,11.0,39.3,66.4,30.7,5.5,41.0,6.6,79.8,20.7,16.0,10.0,71.4,6.6,13.2,28.0,2.9,29.2,25.7,21.9,18.4,7.9,3.4,10.5,6.1,1.7
2017-05-31 17:21:00+02:00,4.3,7.2,2.3,11.5,70.0,43.6,35.1,5.9,1.3,23.0,17.3,45.8,5.2,12.3,8.7,14.1,2.9,11.3,39.4,67.5,30.9,5.5,41.1,6.7,80.9,21.7,15.9,10.1,72.6,6.9,13.1,28.2,2.8,30.6,27.0,23.3,19.2,8.8,4.3,10.4,6.1,1.7
2017-05-31 17:22:00+02:00,4.3,7.2,2.3,11.6,70.1,43.7,35.4,5.8,1.3,23.1,17.2,46.0,5.2,12.3,8.6,14.2,2.8,11.2,39.6,67.6,31.1,5.5,41.3,6.8,81.0,21.7,15.9,10.2,72.7,6.9,13.0,28.2,2.8,30.5,27.0,23.3,19.1,8.7,4.3,10.4,6.1,1.7
2017-05-31 17:23:00+02:00,4.3,7.1,2.2,11.5,69.3,43.4,35.1,5.8,1.3,23.0,16.8,45.6,5.1,12.2,8.5,14.1,2.8,11.1,39.3,66.8,30.9,5.4,41.0,6.8,80.2,21.3,15.8,10.2,71.8,6.8,12.9,28.0,2.8,29.6,26.2,22.5,18.4,7.9,3.5,10.5,6.1,1.7
2017-05-31 17:24:00+02:00,4.3,7.0,2.2,11.3,67.7,42.6,34.4,5.7,1.2,22.8,16.5,44.8,5.1,11.7,8.4,14.0,2.8,10.9,38.6,65.2,30.2,5.4,40.2,6.7,78.4,20.4,15.6,10.1,70.1,6.6,12.8,27.3,2.7,29.0,25.6,21.9,17.8,7.5,3.1,10.3,6.0,1.6
2017-05-31 17:25:00+02:00,4.2,6.9,2.1,11.2,66.1,42.0,33.9,5.6,1.2,22.9,16.3,44.1,5.1,11.4,8.3,14.2,2.8,10.7,38.0,63.6,29.8,5.3,39.6,7.0,76.7,19.5,15.5,10.4,68.5,6.4,12.7,26.9,2.6,28.3,24.9,21.3,17.2,7.0,2.7,10.2,5.9,1.6
2017-05-31 17:26:00+02:00,4.2,6.8,2.1,10.9,65.0,41.2,33.2,5.5,1.2,22.7,16.2,43.2,5.0,11.1,8.3,14.1,2.8,10.5,37.3,62.6,29.1,5.2,38.8,6.9,75.4,19.3,15.2,10.3,67.4,6.3,12.6,26.3,2.6,28.2,24.8,21.2,17.2,7.1,2.8,10.0,5.8,1.6
2017-05-31 17:27:00+02:00,4.1,6.7,2.1,10.8,64.3,40.6,32.8,5.5,1.1,22.5,16.1,42.7,5.0,11.0,8.2,14.0,2.8,10.4,36.8,61.9,28.7,5.2,38.3,6.9,74.7,19.3,15.0,10.2,66.7,6.2,12.5,26.0,2.5,28.0,24.6,21.0,17.0,7.0,2.8,10.0,5.8,1.5
2017-05-31 17:28:00+02:00,4.1,6.6,2.1,9.9,63.0,38.8,31.1,5.5,1.1,22.1,15.7,40.9,5.1,11.0,8.2,13.6,2.7,10.4,35.1,60.5,27.0,5.2,36.5,6.5,73.3,19.7,14.1,9.8,65.2,6.2,12.1,25.1,2.5,27.9,24.5,20.9,16.9,7.0,2.8,9.9,5.8,1.5
2017-05-31 17:29:00+02:00,4.2,6.6,2.1,9.8,62.4,38.4,30.7,5.5,1.1,21.5,15.6,40.5,5.1,10.9,8.1,13.0,2.7,10.3,34.8,60.0,26.7,5.2,36.2,5.9,72.6,19.5,14.0,9.2,64.6,6.2,12.0,24.9,2.5,29.0,25.6,22.0,18.0,8.1,3.9,9.9,5.8,1.5
2017-05-31 17:30:00+02:00,4.1,6.5,2.1,9.7,61.6,37.9,30.2,5.4,1.1,21.3,15.5,39.9,5.0,10.6,8.1,12.9,2.7,10.1,34.3,59.3,26.2,5.1,35.7,5.9,71.7,19.4,13.9,9.2,63.8,6.0,11.9,24.5,2.4,28.3,24.9,21.3,17.3,7.5,3.3,9.9,5.7,1.5
2017-05-31 17:31:00+02:00,4.1,6.5,2.0,9.7,61.4,37.6,29.9,5.3,1.1,21.8,15.5,39.6,4.8,10.3,8.0,13.3,2.7,9.9,34.0,59.1,26.0,5.1,35.4,6.3,71.5,19.4,13.9,9.6,63.6,5.8,11.9,24.2,2.4,28.4,25.1,21.5,17.5,7.7,3.5,9.9,5.7,1.5
2017-05-31 17:32:00+02:00,4.1,6.5,2.0,10.3,61.4,38.2,30.5,5.2,1.1,21.9,14.9,40.2,4.8,10.3,8.1,13.5,2.7,9.8,34.6,59.0,26.5,5.1,36.0,6.6,71.4,18.8,14.6,9.7,63.5,5.8,12.0,24.8,2.6,26.6,23.3,19.8,15.8,6.0,2.3,9.9,5.8,1.5
2017-05-31 17:33:00+02:00,4.1,6.6,2.0,10.6,60.6,37.8,30.2,5.1,1.1,21.9,14.7,39.7,4.7,9.7,7.9,13.5,2.7,9.6,34.1,58.3,26.2,5.0,35.6,6.6,70.5,18.6,14.8,9.8,62.7,5.6,11.8,24.5,2.6,28.2,24.8,21.3,17.4,7.5,3.3,9.8,5.7,1.5
2017-05-31 17:34:00+02:00,4.1,6.5,2.0,10.5,60.6,37.2,29.8,5.0,1.0,21.7,15.5,39.2,4.6,9.5,7.8,13.4,2.6,9.5,33.7,58.3,25.8,5.0,35.1,6.5,70.4,19.1,14.7,9.7,62.7,5.5,11.7,24.2,2.5,28.1,24.8,21.3,17.4,7.6,3.5,9.7,5.6,1.4
2017-05-31 17:35:00+02:00,4.0,6.4,2.0,10.3,60.1,36.8,29.4,4.9,0.9,21.6,15.5,38.7,4.6,9.7,7.8,13.3,2.6,9.3,33.3,57.8,25.5,4.9,34.7,6.5,69.8,19.1,14.2,9.7,62.1,5.4,11.7,23.9,2.4,27.7,24.4,20.9,17.0,7.3,3.2,9.7,5.6,1.4
2017-05-31 17:36:00+02:00,4.0,6.3,1.9,10.2,58.7,35.4,28.1,3.5,0.9,21.2,15.5,37.2,4.6,8.7,7.7,12.9,2.6,8.3,32.0,56.5,24.1,4.9,33.3,6.1,68.5,19.2,13.7,9.2,60.8,4.4,11.7,22.4,2.4,27.7,24.4,21.0,17.1,7.5,3.4,9.6,5.5,1.4
2017-05-31 17:37:00+02:00,4.0,6.1,1.9,10.0,58.7,35.8,28.7,5.0,0.9,20.8,15.2,37.5,4.5,9.7,7.6,12.6,2.5,9.8,32.5,56.5,24.8,4.8,33.7,5.7,68.2,18.9,13.4,8.9,60.6,5.9,11.5,23.2,2.3,27.2,23.9,20.5,16.6,7.3,3.3,9.3,5.3,1.4
2017-05-31 17:38:00+02:00,4.0,6.1,1.9,9.2,58.3,35.5,28.3,4.8,0.9,20.8,15.1,37.2,4.5,9.6,7.6,12.6,2.5,9.6,32.2,56.1,24.4,4.8,33.4,5.8,67.8,18.9,13.2,8.9,60.2,5.7,11.3,22.8,2.3,27.0,23.8,20.3,16.5,7.1,3.1,9.3,5.4,1.3
2017-05-31 17:39:00+02:00,4.0,6.1,1.9,9.4,59.3,36.4,29.3,4.8,0.9,21.2,15.3,38.1,4.6,10.1,7.7,12.9,2.6,9.4,33.2,57.0,25.2,4.8,34.3,6.0,68.9,18.9,13.5,9.2,61.2,5.5,11.5,23.6,2.3,27.4,24.2,20.7,16.8,7.4,3.3,9.4,5.4,1.3
2017-05-31 17:40:00+02:00,4.1,6.3,1.9,10.3,60.1,37.2,30.0,4.9,0.9,21.7,15.3,38.9,4.6,9.9,7.7,13.4,2.6,9.2,33.9,57.9,25.9,4.8,35.1,6.3,69.8,19.0,14.4,9.5,62.0,5.3,11.5,24.3,2.3,27.3,24.0,20.5,16.5,7.1,3.0,9.5,5.4,1.3
2017-05-31 17:41:00+02:00,3.8,5.6,1.7,9.3,57.0,35.9,29.2,4.4,0.8,19.9,14.3,37.5,4.2,9.4,7.1,12.0,2.3,8.7,32.8,54.9,25.3,4.5,34.0,5.9,65.5,17.5,13.2,8.9,58.8,5.0,10.7,22.5,2.2,25.5,22.4,19.2,15.5,6.6,2.7,8.9,5.1,1.2
2017-05-31 17:42:00+02:00,3.9,5.8,1.7,9.5,57.8,36.8,30.0,4.4,0.8,19.9,14.5,38.4,4.2,9.8,7.1,12.0,2.3,9.1,33.7,55.8,26.1,4.5,34.9,6.0,66.5,17.3,13.4,9.0,59.6,5.3,10.8,23.2,2.2,25.8,22.7,19.4,15.7,6.7,2.8,9.0,5.2,1.2
2017-05-31 17:43:00+02:00,4.0,5.7,1.8,9.5,58.8,37.3,30.3,4.5,0.9,20.3,14.9,38.9,4.3,10.0,7.3,12.2,2.4,9.3,34.1,56.8,26.4,4.6,35.3,6.1,67.3,17.9,13.5,9.2,60.6,5.4,11.2,23.5,2.2,26.6,23.5,20.2,16.3,7.1,3.1,9.2,5.3,1.2
2017-05-31 17:44:00+02:00,3.9,6.1,1.7,9.9,57.9,36.6,30.7,4.5,0.8,20.2,14.8,38.2,4.3,10.0,7.2,12.2,2.4,9.3,34.5,56.3,26.7,4.5,35.6,6.1,66.5,18.0,13.9,9.1,59.6,5.4,11.1,23.9,2.2,26.7,23.6,20.3,16.5,7.3,3.3,9.2,5.2,1.2
2017-05-31 17:45:00+02:00,4.0,6.2,1.8,10.1,57.4,37.2,31.2,4.6,0.9,20.6,15.1,38.8,4.4,10.1,7.3,12.3,2.4,9.5,35.1,57.3,27.1,4.6,36.2,6.2,66.1,18.5,14.2,9.2,59.1,5.5,11.3,24.3,2.2,27.1,23.9,20.6,16.7,7.4,3.4,9.3,5.3,1.2
2017-05-31 17:46:00+02:00,4.0,6.1,1.7,10.0,55.6,36.4,30.4,4.0,0.8,20.5,15.0,38.0,3.8,9.5,7.2,12.3,2.4,8.8,34.1,56.5,26.2,4.5,35.3,6.1,64.5,18.5,14.0,9.2,57.3,4.8,11.2,23.5,2.2,26.8,23.7,20.4,16.5,7.3,3.3,9.2,5.2,1.1
2017-05-31 17:47:00+02:00,3.9,5.2,1.7,8.9,56.1,35.1,28.4,3.6,0.8,19.8,14.7,36.6,3.2,8.8,7.0,11.8,2.3,8.2,32.1,54.7,24.4,4.4,33.2,5.9,64.5,18.1,12.9,8.9,57.8,4.3,10.9,21.7,1.5,26.2,23.2,20.0,16.2,7.2,3.3,9.0,5.1,1.1
2017-05-31 17:48:00+02:00,3.9,3.7,1.7,7.4,55.4,35.0,28.2,4.8,0.8,20.2,13.6,36.5,4.3,10.0,7.0,12.0,2.4,9.4,31.9,53.6,24.1,4.4,33.1,6.0,64.2,17.1,11.5,9.0,57.1,5.4,10.8,21.5,0.1,26.6,23.6,20.3,16.5,7.3,3.3,9.2,5.2,1.2
2017-05-31 17:49:00+02:00,3.9,3.6,1.7,6.7,55.2,34.2,27.4,4.7,0.8,20.8,14.2,35.7,4.3,9.8,7.1,12.7,2.3,9.3,31.1,53.4,23.3,4.4,32.2,6.0,64.3,17.7,10.8,9.1,56.9,5.4,10.7,20.6,0.0,26.3,23.2,19.9,16.0,6.9,2.9,9.2,5.2,1.1
2017-05-31 17:50:00+02:00,3.9,3.6,1.6,6.7,54.9,33.7,27.1,4.6,0.7,20.7,14.8,35.2,4.2,9.6,7.0,12.5,2.3,9.1,30.7,53.1,23.0,4.3,31.9,6.0,63.7,17.9,10.7,9.0,56.6,5.2,10.9,20.3,0.1,26.1,23.0,19.7,15.9,6.8,2.8,9.1,5.2,1.1
2017-05-31 17:51:00+02:00,3.7,4.8,1.5,7.6,50.3,31.6,26.2,4.1,0.7,18.7,13.3,32.9,3.8,8.7,6.2,11.2,2.1,8.2,29.6,48.8,22.4,3.9,29.9,5.4,58.1,15.8,11.4,8.0,51.8,4.7,9.8,20.1,1.5,23.8,21.0,18.0,14.6,6.1,2.5,8.4,4.8,1.0
2017-05-31 17:52:00+02:00,1.8,2.3,0.7,3.2,21.6,13.8,12.0,1.8,0.4,8.1,6.1,14.5,1.6,4.2,2.7,4.5,0.9,3.9,13.6,21.1,10.1,1.8,13.1,2.4,24.7,6.7,5.1,3.3,22.1,2.1,4.5,9.3,0.7,10.7,9.5,8.2,6.6,2.4,0.7,4.1,2.4,0.5
2017-05-31 17:53:00+02:00,3.3,4.1,1.3,6.5,42.9,27.2,22.6,3.5,0.5,16.3,11.2,28.3,3.3,7.4,5.4,9.7,1.8,7.0,25.6,41.6,19.3,3.4,25.7,4.7,49.5,13.3,9.8,7.1,44.1,3.9,8.6,17.2,1.2,20.9,18.4,15.8,12.7,5.3,2.2,7.4,4.2,0.9
2017-05-31 17:54:00+02:00,3.8,4.8,1.5,7.6,52.5,32.9,26.7,4.1,0.6,19.4,13.0,34.3,3.9,8.8,6.4,11.6,2.2,8.4,30.2,51.0,22.8,4.0,31.2,5.7,61.0,16.7,11.5,8.5,54.0,4.7,10.2,20.3,1.4,24.4,21.5,18.4,14.8,6.2,2.5,8.6,4.8,1.0
2017-05-31 17:55:00+02:00,3.8,4.9,1.5,8.6,53.5,34.4,28.0,4.0,0.6,20.1,13.3,35.8,3.8,8.8,6.5,12.2,2.3,8.4,31.6,52.9,24.0,4.1,32.7,6.0,61.8,17.1,12.6,8.9,55.1,4.7,10.4,21.4,1.4,25.9,22.9,19.7,16.1,7.3,3.5,8.8,5.0,1.0
2017-05-31 17:56:00+02:00,3.8,4.8,1.5,8.5,52.7,33.3,26.9,3.1,0.6,20.0,13.3,34.6,3.0,7.9,6.5,12.1,2.2,7.5,30.6,51.7,23.0,4.0,31.5,6.0,60.2,17.1,12.5,8.9,54.2,3.8,10.4,20.4,1.3,25.5,22.5,19.3,15.7,7.0,3.2,8.7,4.9,1.0
2017-05-31 17:57:00+02:00,3.8,4.7,1.5,8.4,53.6,33.6,27.4,3.8,0.6,19.9,13.3,35.0,3.6,8.6,6.5,12.1,2.2,8.2,30.9,52.0,23.5,4.0,31.9,6.0,61.0,17.0,12.4,8.8,55.0,4.4,10.4,21.0,1.2,25.5,22.6,19.4,15.7,7.0,3.3,8.7,4.9,1.0
2017-05-31 17:58:00+02:00,3.8,4.7,1.4,8.4,53.8,33.7,27.6,4.0,0.5,19.9,13.4,35.1,3.9,8.8,6.5,12.1,2.1,8.4,31.1,52.2,23.7,4.0,32.0,6.0,61.4,17.1,12.4,8.8,55.4,4.7,10.3,21.1,1.3,25.6,22.8,19.6,15.9,7.2,3.5,8.6,4.8,0.9
2017-05-31 17:59:00+02:00,3.8,4.7,1.4,8.4,54.2,33.5,27.5,4.0,0.5,19.9,14.1,34.9,3.8,8.7,6.4,12.0,2.1,8.3,31.0,52.7,23.6,3.9,31.9,5.9,61.9,17.8,12.4,8.8,55.9,4.6,10.2,21.1,1.3,25.2,22.3,19.2,15.6,7.1,3.4,8.5,4.7,0.8
2017-05-31 18:00:00+02:00,3.8,4.7,1.4,8.3,53.0,32.6,26.8,3.4,0.6,19.7,14.0,34.0,3.3,8.1,6.3,11.9,2.0,7.7,30.1,51.6,22.9,3.9,31.0,5.9,60.6,17.7,12.2,8.7,54.7,4.0,10.1,20.3,1.3,24.8,22.0,18.9,15.3,7.1,3.4,8.2,4.7,0.8
2017-05-31 18:01:00+02:00,3.8,4.6,1.4,8.3,52.2,31.8,25.9,2.6,0.5,19.6,14.0,33.1,2.5,7.3,6.3,11.9,2.0,6.9,29.3,50.8,22.0,3.9,30.2,5.9,59.7,17.7,12.2,8.7,53.8,3.2,10.1,19.5,1.3,24.8,22.0,18.9,15.3,7.1,3.4,8.1,4.7,0.8
2017-05-31 18:02:00+02:00,3.7,4.7,1.4,7.9,51.9,32.0,26.2,3.4,0.5,19.5,13.7,33.3,3.3,8.0,6.2,11.8,2.0,7.7,29.5,50.6,22.3,3.8,30.4,5.8,59.2,17.3,11.8,8.6,53.4,4.0,10.0,19.8,1.2,25.1,22.3,19.2,15.6,7.2,3.6,8.4,4.7,0.8
2017-05-31 18:03:00+02:00,3.7,4.6,1.3,7.7,50.2,31.3,25.8,3.5,0.6,19.5,12.7,32.6,3.4,8.0,6.1,11.9,1.9,7.6,28.9,48.9,21.9,3.8,29.8,5.7,57.3,16.3,11.5,8.8,51.6,4.0,9.8,19.5,1.3,24.9,22.2,19.1,15.5,7.1,3.5,8.3,4.6,0.8
2017-05-31 18:04:00+02:00,3.7,4.6,1.3,7.6,48.9,30.0,24.7,2.4,0.5,19.5,12.7,31.3,2.4,6.9,6.1,11.8,1.9,6.6,27.7,47.6,20.8,3.7,28.5,5.7,55.9,16.4,11.4,8.7,50.3,3.0,9.8,18.3,1.2,24.9,22.2,19.1,15.4,7.0,3.4,8.3,4.6,0.8
2017-05-31 18:05:00+02:00,3.7,4.5,1.3,7.6,49.4,30.1,24.7,2.5,0.5,19.4,13.0,31.3,2.4,6.9,6.1,11.7,1.9,6.6,27.8,48.1,20.8,3.7,28.6,5.7,57.6,16.8,11.4,8.5,50.7,3.0,9.9,18.4,1.2,25.0,22.2,19.2,15.4,7.0,3.4,8.4,4.6,0.8
2017-05-31 18:06:00+02:00,3.7,4.4,1.3,7.4,50.9,31.0,25.6,3.5,0.4,19.5,13.7,32.2,3.4,7.9,6.1,11.8,1.9,7.6,28.7,49.6,21.7,3.7,29.5,5.7,59.3,17.4,11.3,8.5,52.2,4.0,9.8,19.2,1.0,25.0,22.2,19.2,15.4,7.0,3.4,8.4,4.6,0.8
2017-05-31 18:07:00+02:00,3.7,4.3,1.3,7.3,50.5,30.7,25.3,3.5,0.4,19.6,13.6,31.9,3.4,7.8,6.0,11.8,1.9,7.6,28.6,49.2,21.4,3.7,29.3,5.6,58.8,17.3,11.1,8.4,51.7,4.0,9.7,19.0,0.9,24.7,22.0,19.0,15.2,6.9,3.4,8.3,4.6,0.7
2017-05-31 18:08:00+02:00,3.4,3.9,1.2,7.0,47.0,29.1,24.0,3.3,0.3,18.2,12.1,30.2,3.2,7.4,5.6,10.9,1.8,7.2,27.2,45.9,20.3,3.4,27.8,5.3,54.6,15.7,10.7,7.7,47.9,3.7,9.2,18.1,0.8,23.4,20.8,18.0,14.4,6.5,3.2,7.9,4.3,0.7
2017-05-31 18:09:00+02:00,3.6,4.1,1.2,7.7,49.2,30.8,25.5,3.4,0.4,18.6,12.3,31.9,3.4,7.6,5.9,11.0,1.9,7.4,28.8,47.9,21.6,3.6,29.4,5.5,56.9,16.0,11.6,7.6,50.0,3.8,9.6,19.2,0.9,24.2,21.5,18.6,14.8,6.8,3.4,8.0,4.6,0.7
2017-05-31 18:10:00+02:00,3.6,3.9,1.1,7.3,46.3,29.0,24.0,3.2,0.4,16.8,11.5,30.1,3.1,7.2,5.5,9.7,1.7,7.0,27.1,45.1,20.3,3.3,27.8,5.1,52.5,15.1,10.9,6.4,47.1,3.6,9.0,18.2,0.8,22.6,20.1,17.4,13.8,6.4,3.1,7.4,4.3,0.7
2017-05-31 18:11:00+02:00,3.9,4.2,1.2,7.9,49.5,30.7,25.7,3.2,0.3,18.1,12.5,31.8,3.1,7.5,5.9,10.6,1.6,7.3,29.1,48.2,21.7,3.6,29.8,5.5,57.1,16.4,11.8,7.0,50.3,3.6,9.8,19.3,0.9,25.0,22.3,19.3,15.5,6.9,3.4,8.5,4.7,0.8
2017-05-31 18:12:00+02:00,3.8,4.2,1.2,7.8,47.9,29.6,25.3,3.0,0.3,17.9,12.5,30.8,2.9,7.3,5.8,10.5,1.5,7.1,28.7,46.6,21.3,3.5,29.3,5.4,55.4,15.9,11.7,7.0,48.7,3.4,9.7,18.9,0.8,24.6,21.9,18.9,15.4,7.0,3.4,8.5,4.6,0.7
2017-05-31 18:13:00+02:00,3.8,4.1,1.2,7.7,46.8,29.5,24.2,2.8,0.3,18.5,12.2,30.6,2.7,7.0,5.7,10.8,1.3,6.8,27.5,45.6,20.2,3.5,28.2,5.4,54.4,15.0,11.6,7.4,47.7,3.2,9.5,18.6,0.8,24.3,21.7,18.7,15.3,6.9,3.4,8.4,4.6,0.7
2017-05-31 18:14:00+02:00,3.8,4.1,1.1,7.7,46.3,28.3,22.9,1.9,0.3,19.1,12.1,29.3,2.0,6.1,5.7,11.3,0.6,6.0,26.3,45.1,19.1,3.4,26.9,5.3,53.6,15.7,11.5,7.9,46.9,2.4,9.4,17.6,0.7,24.4,21.8,18.8,15.2,6.9,3.4,8.3,4.6,0.7
2017-05-31 18:15:00+02:00,3.8,3.9,1.1,7.5,44.9,26.7,21.4,0.8,0.3,18.8,11.9,27.7,0.8,4.9,5.6,11.2,0.4,4.7,24.7,43.4,17.5,3.3,25.4,5.2,52.0,15.7,11.3,7.8,45.4,1.2,9.2,16.2,0.7,23.3,20.7,17.8,14.9,6.7,3.3,8.2,4.5,0.7
2017-05-31 18:16:00+02:00,3.7,3.8,1.1,7.3,43.8,25.9,20.7,0.5,0.3,18.6,11.9,26.9,0.6,4.6,5.4,11.0,0.6,4.4,24.1,42.5,17.0,3.2,24.7,5.0,50.9,15.6,11.1,7.5,44.4,1.0,9.1,15.7,0.6,21.9,19.3,16.4,14.7,6.6,3.2,8.0,4.4,0.7
2017-05-31 18:17:00+02:00,3.7,3.0,1.0,6.4,42.5,24.8,19.6,0.6,0.2,18.5,11.7,25.8,0.6,4.4,5.4,10.9,0.6,4.3,23.0,41.2,15.9,3.2,23.5,5.0,49.6,15.5,10.2,7.5,43.1,0.9,9.1,14.6,0.6,23.4,20.9,18.0,14.5,6.6,3.2,7.9,4.3,0.6
2017-05-31 18:18:00+02:00,3.7,3.2,1.0,6.5,43.2,25.3,20.1,0.8,0.3,18.7,11.9,26.3,0.8,4.7,5.4,11.0,0.4,4.5,23.5,41.9,16.3,3.2,24.1,5.0,49.7,15.6,10.3,7.6,43.9,1.1,9.1,15.0,0.6,23.6,21.0,18.1,14.7,6.7,3.3,8.0,4.3,0.6
2017-05-31 18:19:00+02:00,3.1,2.9,0.9,5.8,36.4,21.6,17.3,0.8,0.2,15.6,9.8,22.5,0.8,4.2,4.5,9.1,0.2,4.1,20.2,35.5,14.1,2.7,20.6,4.1,41.1,13.0,9.0,6.2,36.9,1.1,7.6,13.2,0.5,18.1,16.0,13.6,12.3,5.7,2.8,6.6,3.7,0.5
2017-05-31 18:20:00+02:00,3.5,3.3,0.9,6.5,42.1,25.3,20.5,1.9,0.2,17.7,11.2,26.2,2.0,5.6,5.1,10.4,1.1,5.4,23.7,41.0,16.9,3.0,24.1,4.7,47.1,14.8,10.1,7.1,42.7,2.2,8.6,15.7,0.5,20.4,18.0,15.2,13.5,6.4,3.2,7.2,4.1,0.5
2017-05-31 18:21:00+02:00,3.5,3.1,0.9,6.2,41.1,24.7,20.0,1.9,0.2,17.5,11.0,25.6,1.9,5.5,5.0,10.3,1.0,5.3,23.1,40.0,16.4,3.0,23.6,4.6,46.5,14.5,9.8,6.9,41.6,2.2,8.5,15.3,0.4,20.3,18.0,15.3,13.7,6.3,3.1,7.4,4.1,0.5
2017-05-31 18:22:00+02:00,3.0,2.6,0.8,5.3,34.7,20.8,16.8,1.5,0.2,15.2,9.2,21.6,1.5,4.7,4.2,8.9,0.8,4.5,19.5,33.9,13.8,2.5,19.9,3.9,40.3,12.3,8.4,5.8,35.1,1.7,7.2,13.0,0.3,17.1,15.1,12.9,11.7,5.4,2.7,6.3,3.5,0.4
2017-05-31 18:23:00+02:00,3.2,2.7,0.8,5.5,36.6,22.0,17.7,1.6,0.2,16.1,9.9,22.8,1.6,5.0,4.4,9.5,0.8,4.8,20.7,35.7,14.6,2.6,21.0,4.2,42.4,12.9,8.8,6.2,37.0,1.9,7.6,13.7,0.3,17.6,15.5,13.1,11.8,5.1,2.2,6.6,3.7,0.5
2017-05-31 18:24:00+02:00,3.4,2.9,0.9,5.9,40.3,23.8,19.2,1.9,0.2,17.2,11.1,24.6,1.9,5.3,4.8,10.1,1.0,5.1,22.3,39.2,15.8,2.8,22.7,4.4,46.7,14.6,9.4,6.6,40.7,2.0,8.2,14.7,0.3,19.8,17.6,14.9,13.3,6.2,3.1,7.1,3.9,0.5
2017-05-31 18:25:00+02:00,3.5,2.9,0.9,6.1,40.7,24.0,19.3,1.9,0.2,17.5,11.4,24.8,1.9,5.2,4.8,10.3,1.0,5.1,22.5,39.7,15.8,2.8,22.9,4.6,47.1,14.9,9.5,6.8,41.2,1.9,8.3,14.7,0.3,20.0,17.7,15.0,13.4,6.1,3.0,7.3,4.0,0.5
2017-05-31 18:26:00+02:00,3.8,3.1,0.9,6.4,42.8,25.4,20.5,2.0,0.2,18.6,11.7,26.3,2.0,5.5,5.1,11.0,1.1,5.4,23.9,41.7,16.8,3.0,24.3,4.9,49.9,15.4,10.1,7.3,43.3,2.0,8.7,15.5,0.3,21.2,18.8,16.0,14.1,6.5,3.2,7.6,4.2,0.5
2017-05-31 18:27:00+02:00,3.6,2.9,0.9,6.2,40.1,24.0,19.2,1.5,0.2,17.2,10.6,24.8,1.5,4.9,4.8,9.9,0.7,4.8,22.6,39.0,15.7,2.9,22.9,4.5,47.0,14.3,9.7,6.8,40.6,1.5,8.4,14.5,0.2,21.7,19.4,16.7,13.6,6.2,3.1,7.4,4.1,0.5
2017-05-31 18:28:00+02:00,3.7,2.9,0.9,6.1,38.8,22.2,17.4,0.5,0.2,17.1,11.0,23.0,0.4,3.4,4.8,9.8,0.4,3.2,20.8,37.7,13.9,2.9,21.1,4.6,45.3,14.7,9.6,7.0,38.8,0.6,8.5,12.9,0.2,22.2,20.0,17.2,13.7,6.3,3.1,7.5,4.1,0.5
2017-05-31 18:29:00+02:00,3.7,3.1,0.9,6.5,40.3,23.4,18.5,0.7,0.3,18.3,11.1,24.2,0.5,4.2,4.9,10.8,0.3,4.0,21.8,39.1,14.9,2.9,22.2,4.7,46.7,14.9,10.1,7.1,40.0,0.7,8.7,14.3,0.4,22.8,20.5,17.8,14.2,6.4,3.2,7.7,4.2,0.5
2017-05-31 18:30:00+02:00,3.8,3.3,0.9,6.5,41.0,23.8,18.9,0.7,0.3,17.8,11.5,24.6,0.5,4.4,4.9,10.2,0.4,4.2,22.2,39.9,15.2,2.9,22.6,4.8,47.4,15.3,10.2,7.2,40.7,0.9,8.7,14.5,0.4,22.6,20.3,17.6,14.2,6.5,3.2,7.7,4.2,0.5
2017-05-31 18:31:00+02:00,3.8,3.2,0.9,6.5,40.7,22.9,18.1,0.9,0.2,18.1,12.2,23.7,0.6,3.9,4.9,10.4,1.0,3.7,21.5,39.6,14.5,2.9,21.8,4.7,47.0,15.9,10.1,7.2,40.4,1.1,8.7,13.9,0.4,22.4,20.1,17.5,14.2,6.5,3.2,7.7,4.2,0.5
2017-05-31 18:32:00+02:00,3.7,3.4,0.8,6.9,39.5,22.7,18.0,0.9,0.2,17.9,11.4,23.4,0.6,3.5,4.7,10.4,1.1,3.4,21.3,38.5,14.4,2.8,21.6,4.6,45.6,15.1,10.5,7.0,39.1,1.2,8.5,13.9,0.3,22.5,20.2,17.6,13.9,6.4,3.2,7.5,4.1,0.4
2017-05-31 18:33:00+02:00,3.6,3.2,0.8,6.8,37.6,21.2,17.7,0.7,0.1,17.4,11.1,22.0,0.4,3.5,4.6,10.1,0.9,3.3,20.6,36.7,14.2,2.7,20.8,4.4,43.4,14.7,10.3,6.7,37.0,1.0,8.3,13.7,0.2,21.7,19.5,16.9,13.4,6.2,3.1,7.2,4.0,0.4
2017-05-31 18:34:00+02:00,3.7,3.3,0.8,6.9,38.2,21.2,18.5,0.6,0.1,18.0,11.6,22.0,0.4,3.9,4.7,10.5,0.5,3.7,21.3,37.2,14.9,2.7,21.1,4.6,43.9,15.2,10.6,6.9,37.4,0.7,8.4,14.3,0.2,21.7,19.4,16.8,13.7,6.3,3.1,7.3,4.1,0.4
2017-05-31 18:35:00+02:00,3.7,3.2,0.7,6.9,38.6,21.9,19.1,1.1,0.2,18.0,11.5,22.5,1.0,4.5,4.5,10.5,0.2,4.4,22.4,37.7,15.5,2.6,20.8,4.5,44.5,15.2,10.5,6.9,37.9,1.1,8.3,15.0,0.2,21.6,19.3,16.7,13.5,6.2,3.1,7.3,4.0,0.3
2017-05-31 18:36:00+02:00,3.6,2.9,0.7,6.5,37.7,21.9,19.1,1.5,0.2,17.7,11.2,22.3,1.8,5.0,4.3,10.3,1.0,4.9,22.5,36.8,15.6,2.5,20.9,4.5,43.4,14.5,10.1,6.8,37.0,1.5,7.9,15.1,0.1,21.4,19.2,16.6,13.5,6.1,3.0,7.3,4.0,0.3
2017-05-31 18:37:00+02:00,3.5,2.8,0.7,6.4,36.0,21.0,18.5,1.4,0.2,16.9,10.7,21.4,1.7,4.9,4.1,9.8,0.9,4.6,21.7,35.1,15.1,2.4,20.1,4.3,41.7,13.7,9.8,6.5,35.5,1.3,7.8,14.7,0.1,20.9,18.7,16.2,13.2,6.0,2.9,7.2,3.9,0.4
2017-05-31 18:38:00+02:00,3.5,2.9,0.7,6.4,34.5,19.5,17.1,0.9,0.2,16.9,10.8,19.9,1.6,3.4,4.0,9.8,0.9,3.2,20.3,33.6,13.7,2.3,18.6,4.3,40.4,13.7,9.9,6.5,34.2,0.6,7.6,13.3,0.1,20.7,18.6,16.1,13.1,6.0,2.9,7.1,3.9,0.3
2017-05-31 18:39:00+02:00,3.6,2.9,0.7,6.5,37.1,21.7,19.1,1.1,0.2,17.4,10.8,21.9,1.7,4.3,4.0,10.1,0.9,4.3,22.4,36.2,15.6,2.2,20.8,4.5,43.1,14.3,10.0,6.7,36.8,0.9,7.7,14.3,0.1,21.1,19.0,16.4,13.3,6.1,2.9,7.2,3.9,0.3
2017-05-31 18:40:00+02:00,3.3,2.6,0.6,5.7,34.9,20.3,16.5,0.6,0.1,16.8,10.3,20.5,1.5,2.8,3.8,10.0,0.9,2.8,19.7,34.1,13.2,2.1,19.4,4.6,40.7,13.7,9.0,6.8,34.6,0.8,7.3,11.9,0.3,20.3,18.2,15.7,12.7,5.8,2.8,6.9,3.7,0.3
2017-05-31 18:41:00+02:00,3.0,2.3,0.5,4.3,30.7,17.6,14.4,0.8,0.1,15.1,9.3,17.8,1.3,2.8,3.4,9.0,0.7,2.8,17.2,30.0,11.3,1.9,16.9,4.2,35.8,12.3,7.4,6.1,30.2,0.4,6.6,10.2,0.3,17.8,15.9,13.7,11.0,5.4,2.6,5.6,2.7,0.4
2017-05-31 18:42:00+02:00,3.3,2.4,0.5,4.8,33.5,19.2,15.7,0.9,0.1,16.3,10.1,19.4,1.4,3.1,3.6,9.8,0.8,3.1,18.8,32.8,12.4,2.0,18.5,4.6,39.1,13.4,8.1,6.7,33.0,0.3,7.2,11.2,0.3,19.0,17.0,14.6,11.6,5.8,2.8,5.8,2.7,0.7
2017-05-31 18:43:00+02:00,3.2,2.3,0.5,4.7,31.8,18.4,15.1,0.4,0.1,15.4,9.5,18.5,0.9,2.5,3.4,9.2,0.7,2.5,18.0,31.1,11.9,1.9,17.7,4.4,36.9,12.6,7.9,6.1,31.3,0.8,6.7,10.4,0.3,18.9,17.0,14.7,11.9,5.5,2.7,6.4,3.4,0.2
2017-05-31 18:44:00+02:00,3.1,2.2,0.5,4.4,29.7,17.0,13.9,0.2,0.1,14.7,9.1,17.1,0.5,2.0,3.2,8.7,0.6,2.0,16.8,29.2,11.0,1.8,16.5,4.2,35.3,12.1,7.5,5.7,30.1,1.1,6.4,9.5,0.3,18.1,16.3,14.1,11.4,5.2,2.6,6.2,3.3,0.2
2017-05-31 18:45:00+02:00,2.7,1.8,0.4,3.8,23.9,13.5,11.8,0.3,0.1,12.6,7.6,13.7,0.2,1.4,2.7,7.4,0.3,1.4,14.3,23.9,9.2,1.5,13.2,3.7,28.7,10.2,6.5,4.8,24.2,1.4,5.5,7.9,0.4,15.6,14.1,12.2,9.9,4.5,2.2,5.4,2.9,0.2
2017-05-31 18:46:00+02:00,2.1,1.3,0.4,3.1,17.1,9.9,8.7,0.6,0.0,9.6,5.7,10.0,0.2,0.5,2.0,5.5,0.1,0.5,10.7,17.7,6.7,1.2,9.7,2.9,20.4,7.7,5.3,3.6,17.1,1.7,4.3,5.8,0.4,12.0,10.9,9.4,7.8,3.6,1.7,4.2,2.3,0.1
2017-05-31 18:47:00+02:00,1.7,1.1,0.3,2.5,12.2,6.9,6.1,1.0,0.1,7.6,4.4,6.9,0.3,0.3,1.6,4.4,0.3,0.3,7.7,12.9,4.5,0.9,6.8,2.3,14.4,6.0,4.3,2.8,11.8,2.1,3.4,4.0,0.5,9.4,8.5,7.3,6.2,2.8,1.3,3.3,1.8,0.1
2017-05-31 18:48:00+02:00,2.0,1.2,0.3,2.9,15.8,9.2,7.4,1.1,0.0,9.5,5.3,9.2,0.3,0.1,1.9,5.6,0.2,0.2,9.2,16.4,5.6,1.1,9.0,2.7,19.2,7.2,5.0,3.8,15.9,2.2,4.0,4.9,0.4,10.8,9.7,8.3,7.2,3.3,1.6,3.9,2.0,0.1
2017-05-31 18:49:00+02:00,2.6,1.6,0.4,4.0,23.3,13.4,11.3,0.7,0.0,12.8,7.3,13.5,0.1,1.0,2.6,7.6,0.1,0.9,13.7,23.4,8.7,1.4,13.2,3.6,27.8,9.9,6.7,5.1,23.2,1.8,5.3,7.7,0.5,15.3,13.8,12.0,9.6,4.4,2.2,5.1,2.7,0.1
2017-05-31 18:50:00+02:00,3.0,1.9,0.4,4.5,27.7,16.2,13.9,0.2,0.0,14.8,8.5,16.2,0.3,2.0,3.0,8.8,0.2,2.0,16.7,27.7,10.9,1.6,15.8,4.1,32.2,11.5,7.6,5.9,27.0,1.1,6.1,9.6,0.4,17.6,15.9,13.8,11.0,5.1,2.6,5.9,3.1,0.1
2017-05-31 18:51:00+02:00,3.0,1.9,0.4,4.7,27.6,16.5,14.3,0.2,0.1,14.2,8.3,16.5,0.2,2.6,2.9,8.3,0.2,2.6,17.1,27.6,11.3,1.6,16.2,4.0,32.8,11.2,7.5,5.8,27.7,0.4,5.9,10.1,0.4,17.2,15.5,13.5,10.7,5.0,2.5,5.7,3.0,0.1
2017-05-31 18:52:00+02:00,3.2,2.0,0.4,5.0,29.0,17.0,14.6,0.2,0.1,15.1,8.9,17.0,0.7,2.2,3.1,8.8,0.3,2.2,17.6,29.0,11.4,1.7,16.7,4.3,34.8,12.0,7.8,6.2,29.2,0.9,6.3,10.0,0.4,18.6,16.8,14.6,11.6,5.5,2.7,6.1,3.2,0.1
2017-05-31 18:53:00+02:00,3.2,1.9,0.4,4.7,29.8,17.8,15.4,0.1,0.1,16.0,8.9,17.8,0.7,3.1,3.1,9.6,0.3,3.1,18.4,29.8,12.1,1.7,17.5,4.3,35.8,12.0,7.6,6.3,30.0,0.1,6.3,10.7,0.6,18.7,16.8,14.6,11.6,5.5,2.7,6.1,3.2,0.2
2017-05-31 18:54:00+02:00,3.2,1.6,0.4,4.7,29.4,17.6,15.3,0.2,0.0,15.8,8.7,17.6,0.4,2.9,3.0,9.4,0.2,2.8,18.3,29.4,12.1,1.6,17.3,4.2,35.3,11.9,7.9,6.2,29.6,0.4,6.2,10.7,0.8,18.5,16.6,14.5,11.5,5.5,2.8,6.0,3.1,0.2
2017-05-31 18:55:00+02:00,3.2,1.8,0.4,4.7,27.6,16.6,14.5,0.4,0.0,15.2,8.1,16.6,0.5,2.4,2.8,8.9,0.1,2.3,17.4,27.7,11.5,1.6,16.4,3.9,33.3,11.1,7.9,5.7,27.8,0.8,5.9,10.2,0.5,17.8,16.1,14.0,11.2,5.4,2.8,5.8,3.1,0.1
2017-05-31 18:56:00+02:00,2.9,1.8,0.3,4.3,23.3,13.8,12.0,1.3,0.0,13.3,7.0,13.7,0.4,1.1,2.5,7.4,0.1,1.0,14.6,23.4,9.3,1.4,13.5,3.5,28.7,9.7,7.2,5.1,23.5,1.8,5.2,8.2,0.3,15.9,14.4,12.7,10.2,4.9,2.5,5.3,2.8,0.1
2017-05-31 18:57:00+02:00,2.2,0.9,0.3,2.7,15.9,9.4,8.5,0.9,0.0,10.1,4.9,9.3,0.1,1.1,1.7,5.7,0.1,0.9,10.3,16.2,6.5,1.0,9.3,2.6,19.8,6.9,4.8,3.6,15.9,1.1,3.7,5.9,0.6,10.1,9.2,7.9,6.2,2.3,0.5,3.9,2.1,0.1
2017-05-31 18:58:00+02:00,2.9,1.7,0.3,4.3,23.6,14.9,13.2,0.3,0.0,13.9,7.1,14.0,0.3,2.4,2.4,8.0,0.1,2.3,15.7,23.8,10.4,1.3,14.7,3.5,28.8,9.8,7.2,5.1,23.7,0.5,5.4,9.6,0.4,15.0,13.7,11.9,9.4,4.1,1.7,5.3,2.8,0.1
2017-05-31 18:59:00+02:00,3.0,1.9,0.3,4.6,25.6,16.0,14.1,0.4,0.0,14.8,7.6,15.1,0.3,2.4,2.5,8.4,0.2,2.3,16.9,25.7,11.2,1.4,15.8,3.6,31.1,10.6,7.7,5.3,25.9,0.6,5.7,10.1,0.4,16.9,15.5,13.6,10.9,5.2,2.6,5.7,3.0,0.1
2017-05-31 19:00:00+02:00,3.2,1.9,0.3,4.7,27.1,16.1,14.2,0.4,0.0,15.2,7.8,16.0,0.3,2.4,2.5,8.7,0.1,2.3,17.0,26.7,11.2,1.4,15.9,3.8,31.6,10.8,7.8,5.6,26.1,0.7,5.7,10.2,0.4,17.1,15.7,13.8,11.0,5.2,2.7,5.8,3.0,0.1
2017-05-31 19:01:00+02:00,3.0,1.9,0.3,4.7,25.5,15.8,13.9,0.5,0.0,14.7,7.4,15.6,0.2,2.3,2.4,8.3,0.1,2.2,16.6,25.9,10.9,1.3,15.6,3.5,30.9,10.3,7.7,5.2,25.4,0.8,5.4,10.0,0.3,16.8,15.4,13.5,10.8,5.1,2.6,5.7,3.0,0.1
2017-05-31 19:02:00+02:00,1.6,1.7,0.3,4.4,23.6,14.8,13.0,0.5,0.0,12.7,6.9,14.5,0.2,2.1,2.2,6.6,0.1,2.1,15.6,24.1,10.2,1.2,14.6,2.1,28.9,9.6,7.3,3.7,23.7,0.8,5.1,9.4,0.6,15.9,14.6,12.8,10.3,4.8,2.5,5.4,2.8,0.1
2017-05-31 19:03:00+02:00,1.2,1.2,0.3,3.5,20.0,12.0,10.5,0.6,0.2,10.3,5.9,11.5,0.1,1.6,1.8,5.1,0.1,1.6,12.9,19.8,8.1,1.0,11.8,1.4,24.7,8.2,6.0,2.5,20.1,0.9,4.2,7.6,0.7,13.3,12.2,10.7,8.8,4.1,2.1,4.6,2.4,0.1
2017-05-31 19:04:00+02:00,1.6,0.7,0.2,3.5,23.5,13.5,11.7,0.8,0.2,12.2,7.4,13.1,0.1,1.8,2.1,6.3,0.1,1.7,14.4,23.2,8.9,1.1,13.3,1.9,28.8,10.1,6.3,3.4,23.5,1.1,5.0,8.1,0.5,15.8,14.6,12.8,10.1,4.8,2.5,5.4,2.8,0.1
2017-05-31 19:05:00+02:00,1.2,1.1,0.2,3.5,20.9,11.9,10.4,1.2,0.2,10.7,6.7,11.5,0.2,1.0,2.0,5.4,0.1,1.0,12.9,20.6,7.9,1.1,11.8,1.5,25.6,9.2,6.1,2.8,20.9,1.6,4.6,7.1,0.4,13.9,12.8,11.3,9.0,4.3,2.2,4.8,2.5,0.1
2017-05-31 19:06:00+02:00,1.4,2.1,0.2,5.0,27.8,16.8,14.8,0.1,0.2,12.7,8.2,16.5,0.1,2.8,2.5,6.4,0.1,2.7,17.8,27.5,11.9,1.4,16.7,1.7,33.3,11.1,8.0,3.4,27.9,0.3,5.6,10.7,0.4,16.6,15.3,13.5,10.7,5.0,2.5,5.7,2.9,0.1
2017-05-31 19:07:00+02:00,1.0,2.1,0.2,4.6,26.9,16.2,14.2,0.1,0.2,12.3,8.1,15.8,0.1,2.6,2.4,6.0,0.1,2.7,17.1,26.7,11.3,1.3,16.0,1.3,31.4,11.0,7.6,3.0,27.0,0.4,5.5,10.2,0.3,16.1,14.8,13.0,10.5,4.9,2.5,5.6,2.9,0.1
2017-05-31 19:08:00+02:00,1.0,2.2,0.2,4.6,26.0,15.6,13.7,0.6,0.2,12.1,8.4,15.2,0.1,2.1,2.3,5.9,0.1,2.1,16.5,26.5,10.8,1.3,15.5,1.3,30.0,11.3,7.6,2.9,26.0,0.9,5.5,9.6,0.2,15.5,14.2,12.5,10.5,4.8,2.5,5.7,2.9,0.1
2017-05-31 19:09:00+02:00,1.0,1.8,0.2,4.4,25.3,15.1,13.2,0.7,0.2,12.2,8.4,14.8,0.1,2.0,2.2,6.0,0.1,1.9,16.1,26.1,10.4,1.3,15.0,1.4,29.2,11.3,7.3,2.9,25.3,1.1,5.3,9.3,0.9,15.5,14.3,12.6,10.4,4.7,2.4,5.7,3.0,0.0
2017-05-31 19:10:00+02:00,2.7,1.8,0.2,4.4,23.8,13.8,12.6,0.8,0.2,14.0,8.3,13.5,0.2,1.2,2.2,7.7,0.1,1.1,14.9,24.6,9.8,1.3,13.8,3.1,28.0,11.2,7.3,4.6,23.9,1.8,5.2,8.6,0.9,15.6,14.4,12.7,10.3,4.6,2.2,5.7,3.0,0.0
2017-05-31 19:11:00+02:00,2.8,1.7,0.2,4.4,23.9,14.0,13.3,0.4,0.2,14.0,8.1,13.7,0.2,1.9,2.2,7.7,0.3,1.8,15.2,24.7,10.5,1.2,14.2,3.1,27.1,11.0,7.3,4.6,23.4,1.2,5.2,9.2,0.9,15.9,14.6,13.0,10.1,4.5,2.2,5.6,2.9,0.0
2017-05-31 19:12:00+02:00,2.2,1.7,0.2,4.2,23.2,14.5,13.9,0.3,0.2,13.0,7.1,14.2,0.4,2.7,2.2,6.9,0.4,2.6,15.7,24.0,11.2,1.2,14.7,2.5,25.4,9.9,7.0,3.9,21.8,0.2,5.1,9.8,0.9,15.6,14.3,12.6,9.8,4.4,2.1,5.5,2.8,0.0
2017-05-31 19:13:00+02:00,1.0,1.0,0.2,2.6,13.9,8.7,8.3,0.6,0.2,8.1,4.6,8.4,0.1,1.4,1.5,4.0,0.2,1.3,10.1,14.8,6.5,0.9,9.0,1.1,14.2,6.5,4.5,2.0,12.1,0.6,3.6,6.0,0.9,10.5,9.7,8.5,6.7,2.9,1.4,3.7,1.9,0.0
2017-05-31 19:14:00+02:00,0.4,0.7,0.2,1.3,5.6,3.4,3.4,0.8,0.2,3.8,2.4,3.1,0.2,0.5,0.9,1.4,0.1,0.4,4.3,6.4,2.5,0.6,3.4,0.5,4.3,3.4,2.3,0.5,3.8,0.7,2.2,2.9,0.9,6.0,5.5,4.9,3.9,1.7,0.8,2.2,1.1,0.0
2017-05-31 19:15:00+02:00,1.3,1.3,0.2,3.5,19.3,11.2,9.9,0.4,0.1,10.6,6.0,10.8,0.1,2.2,1.8,5.3,0.2,2.1,12.3,19.2,7.6,1.0,11.1,1.5,20.6,8.4,5.9,2.7,17.5,0.4,4.4,8.1,0.9,13.6,12.5,11.0,8.6,3.9,2.0,4.7,2.4,0.0
2017-05-31 19:16:00+02:00,1.2,1.2,0.2,3.2,19.1,11.5,10.3,0.1,0.1,10.0,5.7,11.1,0.1,2.4,1.7,5.0,0.2,2.3,12.5,19.0,8.1,1.0,11.4,1.3,20.0,7.9,5.6,2.5,17.3,0.1,4.2,7.9,0.9,12.7,11.8,10.4,8.1,3.7,1.8,4.5,2.3,0.0
2017-05-31 19:17:00+02:00,1.5,1.3,0.2,3.5,21.8,13.3,11.5,0.5,0.1,11.3,6.4,12.9,0.2,2.2,1.8,5.8,0.2,2.1,13.9,21.7,9.0,1.0,13.1,1.7,23.3,8.8,6.1,3.0,20.1,0.5,4.6,8.3,0.7,13.2,12.0,10.5,7.9,4.1,2.1,3.8,1.5,1.1
2017-05-31 19:18:00+02:00,1.8,1.5,0.2,3.8,24.0,14.8,12.4,0.6,0.1,12.2,6.8,14.5,0.3,2.4,1.9,6.2,0.3,2.3,15.0,23.9,9.8,1.1,14.8,1.9,25.8,9.4,6.6,3.3,22.3,0.6,4.9,9.0,0.6,15.1,14.0,12.3,9.5,4.4,2.2,5.2,2.7,0.1
2017-05-31 19:19:00+02:00,1.7,1.9,0.2,4.2,23.5,14.7,12.7,0.4,0.1,11.8,6.5,14.3,0.3,2.4,1.9,5.9,0.3,2.4,15.2,23.4,10.1,1.0,14.7,1.8,25.2,9.1,7.0,3.0,21.7,0.4,4.7,9.4,0.0,14.7,13.6,12.0,9.4,4.2,2.2,5.2,2.8,0.1
2017-05-31 19:20:00+02:00,0.6,1.1,0.2,2.2,9.8,5.3,5.3,0.8,0.1,6.2,3.4,5.0,0.1,1.0,1.1,2.8,0.1,0.9,6.7,9.8,3.9,0.7,5.4,0.5,9.5,4.9,3.9,1.0,8.0,0.8,2.8,4.8,0.0,8.1,7.6,6.7,5.3,2.4,1.2,3.0,1.7,0.1
2017-05-31 19:21:00+02:00,0.5,0.9,0.2,1.9,7.2,3.0,2.9,3.1,0.1,5.6,3.1,2.8,0.1,1.5,1.1,2.4,0.1,1.5,4.2,7.3,1.7,0.6,3.0,0.5,6.7,4.6,3.5,0.9,5.4,3.1,2.6,2.1,0.2,7.7,7.2,6.5,5.1,2.2,1.1,2.9,1.6,0.1
2017-05-31 19:22:00+02:00,1.2,1.1,0.2,2.9,14.4,7.8,8.0,2.1,0.1,8.6,4.9,7.6,0.1,0.4,1.4,4.0,0.2,0.3,10.0,14.6,6.0,0.8,8.0,1.2,15.1,7.0,5.2,2.1,12.6,2.1,3.7,5.4,0.4,11.5,10.7,9.5,7.5,3.3,1.7,4.2,2.2,0.1
2017-05-31 19:23:00+02:00,1.9,1.4,0.1,3.9,20.3,11.4,11.9,1.5,0.2,11.8,6.8,11.1,0.1,1.5,1.7,5.9,0.3,1.5,14.6,20.7,9.2,0.9,12.3,2.0,22.2,9.6,6.8,3.3,18.5,1.5,4.7,8.4,0.5,15.3,14.2,12.6,9.9,4.4,2.3,5.5,2.9,0.0
2017-05-31 19:24:00+02:00,1.6,1.2,0.1,3.4,17.6,9.6,10.0,1.5,0.1,10.3,6.4,9.4,0.1,1.2,1.6,5.1,0.2,1.1,12.4,18.3,8.1,0.8,10.2,1.7,19.0,9.0,6.1,2.9,15.8,1.7,4.3,7.2,0.5,12.6,11.7,10.3,7.8,3.4,1.5,4.4,1.9,0.6
2017-05-31 19:25:00+02:00,1.9,0.8,0.2,2.3,9.2,3.9,4.5,2.1,0.1,8.2,4.7,3.5,0.1,0.2,1.2,4.4,0.1,0.4,6.2,10.0,3.7,0.7,4.0,2.1,9.5,6.7,4.4,2.9,7.4,2.4,3.3,4.2,0.5,8.9,8.2,7.2,5.5,1.7,0.2,3.8,2.0,0.1
2017-05-31 19:26:00+02:00,2.0,0.4,0.2,2.0,8.8,4.1,4.5,1.9,0.1,9.1,4.9,3.8,0.2,0.4,1.2,4.7,0.2,0.4,6.4,10.6,3.6,0.7,4.1,2.2,11.0,6.9,4.1,3.0,8.0,2.2,3.4,4.2,0.9,9.0,8.3,7.3,6.4,2.5,0.9,3.9,2.0,0.0
2017-05-31 19:27:00+02:00,2.7,1.3,0.1,3.6,15.6,9.6,9.3,1.9,0.1,12.3,6.6,8.2,0.3,0.9,1.5,6.4,0.3,0.9,11.9,17.4,7.7,0.8,9.6,3.1,18.7,9.3,6.4,4.3,14.4,2.2,4.4,7.2,0.5,13.8,12.7,11.2,9.5,4.3,2.3,5.2,2.7,0.0
2017-05-31 19:28:00+02:00,2.7,1.2,0.1,3.5,16.1,9.4,9.2,2.0,0.2,11.7,6.6,8.2,0.3,0.9,1.5,5.8,0.3,0.8,11.8,17.4,7.6,0.8,9.4,3.0,19.3,9.3,6.3,4.3,15.2,2.3,4.3,7.0,0.6,14.5,13.4,12.0,9.4,4.3,2.2,5.2,2.6,0.0
2017-05-31 19:29:00+02:00,2.7,1.3,0.1,3.6,18.9,10.9,10.8,1.5,0.1,11.9,6.6,10.4,0.4,1.3,1.5,6.0,0.3,1.3,13.3,19.7,8.4,0.8,11.0,3.1,22.7,9.3,6.4,4.3,18.5,1.9,4.3,7.7,0.5,13.9,12.8,11.4,8.8,4.3,2.2,4.5,2.0,0.7
2017-05-31 19:30:00+02:00,2.7,1.3,0.1,3.7,21.4,13.0,11.9,0.9,0.0,12.6,6.6,12.5,0.4,2.0,1.4,6.7,0.3,2.0,14.5,21.8,9.2,0.8,13.1,3.0,24.5,9.3,6.5,4.3,20.2,1.2,4.3,8.5,0.4,14.4,13.4,12.0,9.4,4.2,2.2,5.1,2.7,0.0
2017-05-31 19:31:00+02:00,2.6,1.3,0.1,3.5,18.3,10.3,10.2,1.8,0.0,11.9,6.2,10.1,1.0,1.1,1.3,6.3,0.3,1.0,12.6,18.7,7.6,0.8,10.4,2.9,21.0,8.7,6.1,4.0,17.2,2.1,4.0,7.0,0.4,13.5,12.5,11.2,8.8,4.0,2.1,4.8,2.5,0.0
2017-05-31 19:32:00+02:00,2.5,0.5,0.1,2.2,17.0,9.4,9.2,1.4,0.1,11.7,6.0,9.2,1.0,1.4,1.3,6.2,0.3,1.3,11.7,17.4,6.7,0.7,9.6,2.8,19.5,8.3,4.8,3.9,15.9,1.7,3.9,6.1,1.0,13.0,12.0,10.8,8.5,3.9,2.0,4.6,2.3,0.2
2017-05-31 19:33:00+02:00,2.4,0.7,0.1,0.8,14.3,8.3,7.4,1.2,0.2,11.1,5.2,8.2,0.6,1.5,1.2,5.9,0.3,1.4,9.8,14.7,5.1,0.7,8.5,2.6,15.4,6.6,3.2,3.7,12.2,1.5,3.7,4.6,2.1,12.2,11.3,10.2,8.0,3.6,1.9,4.4,2.2,0.2
2017-05-31 19:34:00+02:00,2.1,0.4,0.1,0.9,10.8,6.4,6.3,1.7,0.2,10.1,4.6,6.2,0.5,0.9,1.1,5.4,0.3,0.8,8.4,11.2,4.2,0.6,6.6,2.4,11.7,5.0,3.1,3.3,8.7,1.9,3.4,3.8,1.6,11.1,10.3,9.3,7.4,3.3,1.7,4.0,2.0,0.2
2017-05-31 19:35:00+02:00,2.1,0.3,0.2,1.3,12.2,7.5,7.2,1.3,0.2,10.1,4.9,7.3,0.4,1.4,1.1,5.4,0.3,1.3,9.3,12.6,5.2,0.7,7.7,2.3,13.1,5.4,3.5,3.3,10.1,1.6,3.4,4.7,1.2,10.9,10.2,9.2,7.3,3.3,1.7,4.0,2.0,0.1
2017-05-31 19:36:00+02:00,2.5,0.6,0.1,2.1,14.6,8.9,7.8,2.3,0.1,11.6,5.7,8.5,0.9,0.4,1.2,6.1,0.3,0.4,10.3,15.0,5.4,0.7,9.2,2.7,16.1,6.5,4.6,3.7,12.5,2.6,3.8,4.8,1.0,12.4,11.6,10.5,8.2,3.8,2.0,4.4,2.3,0.2
2017-05-31 19:37:00+02:00,2.3,0.6,0.1,1.9,14.3,8.2,7.2,2.0,0.1,11.0,5.1,7.9,0.6,0.7,1.2,5.8,0.3,0.7,9.6,14.7,4.9,0.7,8.4,2.5,16.0,6.9,4.3,3.4,12.5,2.7,3.6,4.4,0.9,11.8,11.0,9.9,7.8,3.6,1.9,4.2,2.2,0.2
2017-05-31 19:38:00+02:00,2.2,0.5,0.2,1.7,12.5,7.2,6.4,2.7,0.1,10.2,4.7,6.9,0.5,0.6,1.1,5.3,0.3,0.7,8.5,12.9,4.2,0.6,7.4,2.3,14.4,6.0,4.0,3.2,11.2,2.9,3.4,3.8,0.9,11.1,10.4,9.4,7.4,3.4,1.8,3.9,2.0,0.2
2017-05-31 19:39:00+02:00,1.8,0.3,0.2,1.0,9.2,4.8,4.3,2.2,0.1,8.3,3.5,4.5,0.6,1.1,0.9,4.2,0.3,1.2,6.1,9.6,2.6,0.6,5.0,1.9,10.5,5.2,2.9,2.4,7.9,3.0,2.9,2.3,0.9,8.6,8.0,7.2,5.6,2.4,1.0,3.2,1.7,0.2
2017-05-31 19:40:00+02:00,1.3,0.2,0.2,0.4,5.7,2.8,2.7,2.0,0.1,6.0,2.4,2.5,0.5,1.1,0.8,2.9,0.3,1.2,4.0,6.1,1.5,0.5,3.0,1.2,6.2,3.8,1.8,1.5,4.5,2.6,2.3,1.4,0.9,5.6,5.2,4.5,3.4,0.9,0.2,2.4,1.3,0.2
2017-05-31 19:41:00+02:00,1.0,0.4,0.2,0.4,2.3,0.9,1.0,2.1,0.1,4.7,1.7,0.9,0.6,1.6,0.7,2.2,0.4,1.8,1.7,2.7,0.9,0.4,1.0,0.8,2.8,2.8,0.9,1.2,1.3,3.0,1.8,1.0,0.9,3.9,3.6,3.1,2.3,0.5,0.4,1.8,0.9,0.2
2017-05-31 19:42:00+02:00,1.0,0.4,0.2,0.5,1.6,0.9,0.8,2.2,0.1,4.3,1.5,1.1,0.8,1.8,0.6,2.0,0.5,1.9,1.2,1.9,1.2,0.4,0.9,0.7,2.2,2.5,0.7,1.1,0.9,3.1,1.7,1.3,0.9,3.7,3.3,2.8,2.1,0.4,0.4,1.6,0.8,0.2
2017-05-31 19:43:00+02:00,1.1,0.4,0.1,0.3,4.4,1.5,1.7,1.3,0.1,5.0,2.8,1.2,0.8,0.9,0.5,2.4,0.5,1.0,2.7,4.9,0.8,0.4,1.7,0.9,5.0,3.9,1.1,1.3,3.2,2.2,1.8,0.7,0.9,4.5,4.0,3.5,2.6,0.7,0.2,1.9,0.9,0.2
2017-05-31 19:44:00+02:00,1.4,0.3,0.1,0.3,6.3,2.5,2.7,1.3,0.1,6.0,3.2,2.2,0.8,0.7,0.5,2.9,0.5,0.8,3.9,6.6,1.5,0.3,2.8,1.1,7.2,4.6,1.6,1.6,5.0,2.2,2.0,1.3,0.9,5.7,5.1,4.5,3.4,1.0,0.0,2.3,1.2,0.2
2017-05-31 19:45:00+02:00,1.1,0.4,0.1,0.4,3.7,1.0,1.2,1.7,0.1,4.8,2.3,0.9,1.2,1.2,0.4,2.2,0.6,1.3,2.2,3.7,0.6,0.3,1.2,0.8,4.3,3.4,0.9,1.1,2.5,2.5,1.6,0.7,1.0,4.3,3.9,3.4,2.5,0.7,0.2,1.8,0.9,0.2
2017-05-31 19:46:00+02:00,1.0,0.3,0.1,0.3,1.7,1.5,0.8,3.0,0.1,4.4,2.0,1.9,2.4,2.5,0.5,2.1,0.6,2.5,0.8,1.7,1.5,0.3,1.2,0.8,2.2,3.0,0.9,1.0,1.1,3.7,1.6,1.6,0.9,4.0,3.6,3.2,2.4,0.6,0.3,1.8,0.9,0.2
2017-05-31 19:47:00+02:00,0.6,0.6,0.1,0.2,1.7,3.0,2.1,2.9,0.1,2.3,1.3,3.4,2.4,2.9,0.3,0.9,0.5,2.9,1.5,1.7,2.5,0.2,2.7,0.3,1.9,1.9,0.5,0.5,2.8,3.7,1.0,2.4,1.0,1.8,1.5,1.2,0.9,0.1,0.6,1.0,0.5,0.2
2017-05-31 19:48:00+02:00,0.4,1.2,0.1,1.0,5.6,5.7,4.4,3.9,0.4,1.6,0.1,6.1,2.4,4.1,0.3,0.6,0.5,4.1,4.1,5.6,4.7,0.3,5.3,0.2,6.0,0.6,0.5,0.3,6.7,4.7,0.3,4.6,1.3,1.0,0.8,0.6,0.4,0.3,0.8,0.7,0.4,0.2
2017-05-31 19:49:00+02:00,0.3,1.2,0.1,1.3,7.7,6.1,4.5,3.6,0.4,1.3,1.4,6.6,2.4,3.6,1.0,0.5,0.5,3.7,4.2,7.7,4.6,0.9,5.7,0.2,8.3,1.1,0.9,0.3,8.8,4.2,0.6,4.5,1.3,0.5,0.3,0.1,0.1,0.4,0.8,0.6,0.3,0.2
2017-05-31 19:50:00+02:00,0.3,1.2,0.1,1.7,5.6,5.2,4.5,3.0,0.4,1.0,0.3,5.5,2.4,3.1,0.5,0.5,0.6,3.1,4.4,5.6,4.6,0.4,4.9,0.2,7.0,0.2,1.3,0.3,7.3,3.5,0.2,4.4,1.2,0.3,0.5,0.2,0.2,0.6,0.9,0.4,0.2,0.2
2017-05-31 19:51:00+02:00,0.2,0.7,0.1,1.1,4.4,4.8,4.1,3.0,0.4,0.6,0.3,4.7,2.2,3.1,0.1,0.5,0.5,3.1,4.0,4.3,4.1,0.1,4.4,0.3,6.2,0.5,0.8,0.4,6.5,3.4,0.3,3.9,0.7,0.6,0.7,0.4,0.3,0.7,0.9,0.4,0.2,0.2
2017-05-31 19:52:00+02:00,0.2,0.6,0.1,1.0,4.4,4.7,4.0,3.0,0.2,0.3,0.2,4.7,2.3,3.2,0.1,0.8,0.6,3.2,4.0,4.3,4.0,0.1,4.4,0.3,6.2,0.4,0.7,0.4,6.5,3.5,0.3,3.9,0.5,0.9,1.0,0.6,0.5,0.8,0.9,0.3,0.2,0.2
2017-05-31 19:53:00+02:00,0.3,0.6,0.1,0.9,3.1,4.0,3.5,3.1,0.3,1.0,0.6,4.0,2.4,3.1,0.1,0.3,0.5,3.2,3.3,3.1,3.7,0.1,3.7,0.2,4.6,0.9,0.5,0.3,5.3,3.7,0.5,3.6,0.7,0.2,0.3,0.2,0.1,0.6,0.8,0.6,0.4,0.2
2017-05-31 19:54:00+02:00,0.7,0.5,0.1,0.4,0.9,1.5,1.4,3.0,0.3,2.8,1.4,1.5,2.4,2.5,0.1,1.1,0.6,2.5,0.9,1.0,2.0,0.1,1.2,0.4,1.0,2.1,0.7,0.6,1.1,3.4,0.9,2.0,0.7,1.5,1.3,1.4,1.0,0.4,0.7,1.3,0.7,0.2
2017-05-31 19:55:00+02:00,0.6,0.3,0.1,0.2,1.7,0.7,0.7,3.0,0.3,3.0,1.8,0.8,2.3,2.3,0.2,1.2,0.5,2.3,0.3,1.8,1.5,0.1,0.4,0.2,2.0,2.4,0.8,0.5,0.7,3.3,1.1,1.5,0.6,1.9,1.6,1.7,1.2,0.5,0.9,1.5,0.8,0.2
2017-05-31 19:56:00+02:00,0.8,0.3,0.1,0.5,4.3,1.3,0.9,2.5,0.3,3.8,2.2,1.2,1.8,1.6,0.2,1.5,0.2,1.6,1.9,4.3,0.3,0.1,1.5,0.3,4.7,3.1,1.5,0.6,3.1,2.8,1.3,0.4,0.5,2.5,2.2,2.1,1.4,0.7,1.3,2.0,1.0,0.2
2017-05-31 19:57:00+02:00,1.1,0.5,0.0,0.6,5.8,2.2,1.8,2.3,0.3,3.9,2.6,2.2,1.6,1.2,0.2,1.3,0.1,1.3,2.9,5.8,0.8,0.1,2.5,0.1,5.5,3.7,1.7,0.3,4.4,2.6,1.5,0.8,0.9,2.6,2.4,2.2,1.3,1.1,1.9,2.3,1.2,0.2
2017-05-31 19:58:00+02:00,1.4,0.8,0.0,1.0,8.7,3.9,3.1,2.4,0.3,5.6,3.4,3.9,1.4,1.1,0.2,2.2,0.2,1.1,4.6,8.7,1.7,0.1,4.2,0.5,7.8,4.9,2.4,0.8,7.3,2.9,1.9,1.5,1.3,4.4,4.1,3.8,2.5,0.6,1.6,3.0,1.4,0.2
2017-05-31 19:59:00+02:00,1.5,0.8,0.1,1.5,8.8,3.4,3.1,3.6,0.3,6.5,3.8,3.4,1.9,2.2,0.3,2.8,0.3,2.2,4.8,8.8,1.6,0.1,4.4,0.7,8.6,5.5,3.2,1.2,8.0,4.1,2.1,1.3,1.5,5.3,4.9,4.5,3.1,0.5,1.4,3.3,1.6,0.2
2017-05-31 20:00:00+02:00,1.4,0.7,0.1,1.6,9.1,3.8,3.7,3.1,0.2,5.8,3.7,3.8,1.3,1.6,0.3,2.2,0.2,1.6,5.4,9.1,2.2,0.2,4.9,0.6,9.9,5.4,3.3,1.0,8.3,3.5,2.1,1.8,1.4,5.1,4.7,4.4,3.0,0.5,1.4,3.2,1.6,0.2
2017-05-31 20:01:00+02:00,1.4,0.8,0.1,1.3,9.1,4.1,4.0,2.3,0.2,4.9,3.5,4.1,0.5,0.8,0.3,1.5,0.2,0.8,5.6,9.1,2.5,0.2,5.2,0.6,9.8,5.1,2.9,0.9,8.3,2.7,2.0,2.2,1.5,4.6,4.2,3.9,2.6,0.5,1.5,2.9,1.4,0.3
2017-05-31 20:02:00+02:00,1.3,0.8,0.1,1.5,9.1,4.2,4.1,2.1,0.2,4.2,3.5,4.2,0.4,0.7,0.3,0.9,0.1,0.7,5.6,9.1,2.7,0.2,5.2,0.1,9.8,5.1,3.0,0.5,8.3,2.5,2.0,2.4,1.5,4.1,3.7,3.5,2.2,0.6,1.5,2.6,1.0,0.6
2017-05-31 20:03:00+02:00,1.3,0.7,0.1,1.3,9.2,4.5,3.6,2.1,0.0,4.4,3.3,4.5,0.4,0.8,0.3,1.2,0.1,0.7,5.0,9.2,2.3,0.2,4.6,0.5,11.4,4.8,2.7,0.9,8.9,2.5,1.9,2.1,1.5,3.8,3.5,3.3,2.1,0.6,1.5,2.5,1.0,0.5
2017-05-31 20:04:00+02:00,1.1,1.6,0.1,0.9,5.5,1.9,1.3,3.0,0.0,4.2,2.8,1.8,1.3,1.9,0.2,1.4,0.3,1.9,2.2,5.5,1.4,0.2,2.0,0.3,7.6,4.2,1.4,0.6,5.3,3.4,1.7,1.2,2.5,3.3,3.0,2.8,1.7,0.9,1.7,2.4,1.1,0.2
2017-05-31 20:05:00+02:00,1.3,0.5,0.1,1.6,7.1,2.8,2.7,3.1,0.0,5.1,3.0,2.8,1.5,1.9,0.1,2.1,0.1,1.9,4.0,7.1,1.6,0.1,3.9,0.4,9.1,4.5,3.0,0.8,6.9,3.5,1.6,1.4,1.1,3.7,3.4,3.1,2.0,0.8,1.6,2.6,1.2,0.2
2017-05-31 20:06:00+02:00,1.1,0.2,0.1,1.4,7.2,3.5,3.6,1.4,0.0,4.0,2.5,3.6,1.0,0.4,0.0,1.4,0.1,0.4,4.8,7.3,2.5,0.1,4.6,0.1,8.0,3.8,2.7,0.2,7.1,1.7,1.3,2.4,0.6,3.6,3.4,3.1,2.2,0.4,0.9,2.3,1.1,0.2
2017-05-31 20:07:00+02:00,0.7,0.2,0.1,0.6,4.0,1.6,2.0,0.9,0.1,2.9,1.6,1.6,0.5,0.4,0.1,1.0,0.2,0.4,2.8,4.0,1.4,0.1,2.6,0.1,4.2,2.4,1.5,0.1,3.8,1.3,0.9,1.3,0.7,0.3,0.2,0.2,0.6,2.0,2.1,1.4,0.7,0.2
2017-05-31 20:08:00+02:00,0.4,0.5,0.1,0.1,1.3,1.1,0.7,1.1,0.1,1.5,1.1,1.1,0.7,0.8,0.0,0.3,0.1,0.7,0.9,1.2,0.7,0.0,0.8,0.4,1.8,1.6,0.7,0.4,1.2,1.5,0.6,0.4,0.8,1.0,1.1,1.0,1.4,2.2,2.4,0.8,0.4,0.2
2017-05-31 20:09:00+02:00,1.0,0.2,0.1,0.9,6.0,2.7,2.9,0.7,0.2,3.6,2.3,2.7,0.3,0.1,0.1,1.3,0.1,0.3,4.0,6.0,2.0,0.1,3.8,0.2,7.3,3.3,2.0,0.4,5.8,1.0,1.2,2.0,0.8,2.7,2.5,2.4,1.4,0.5,0.9,1.9,0.9,0.2
2017-05-31 20:10:00+02:00,1.3,0.1,0.1,1.2,6.9,2.8,3.6,1.2,0.2,3.0,2.8,2.9,0.8,0.3,0.2,0.2,0.5,0.0,4.8,6.9,2.4,0.1,4.6,0.5,8.2,4.1,2.6,0.2,6.4,1.5,1.5,2.3,0.8,5.8,5.5,5.3,4.1,1.8,1.2,2.3,1.1,0.2
2017-05-31 20:11:00+02:00,1.2,0.1,0.1,1.1,6.9,3.0,3.8,0.8,0.2,2.7,2.7,3.0,0.4,0.1,0.2,0.0,0.2,0.4,5.1,7.0,2.7,0.1,4.9,0.7,8.1,3.9,2.5,0.4,5.6,1.1,1.5,2.6,0.8,5.5,5.3,5.1,4.0,1.8,1.2,2.2,1.0,0.2
2017-05-31 20:12:00+02:00,1.1,0.3,0.1,0.9,7.4,3.6,3.4,0.7,0.1,2.4,2.6,3.6,0.4,0.2,0.2,0.2,0.2,0.4,4.6,7.4,2.4,0.1,4.4,0.7,9.5,3.8,2.1,0.5,7.2,1.0,1.4,2.3,0.8,4.9,4.7,4.6,3.5,1.8,1.1,1.7,1.0,0.2
2017-05-31 20:13:00+02:00,1.0,1.2,0.1,0.1,5.7,2.3,2.1,0.7,0.2,2.8,2.3,2.3,0.4,0.1,0.1,0.4,0.2,0.3,3.3,5.7,1.1,0.1,3.0,0.1,7.8,3.4,1.1,0.3,5.5,1.0,1.1,1.1,0.8,3.5,3.4,3.2,2.3,1.1,0.6,1.3,1.0,0.2
2017-05-31 20:14:00+02:00,0.9,0.9,0.1,0.1,4.5,1.5,1.4,0.7,0.2,3.0,2.0,1.5,0.4,0.1,0.1,0.8,0.2,0.2,2.4,4.5,0.5,0.1,2.2,0.7,6.2,3.0,0.7,0.8,4.2,1.0,1.0,0.5,0.9,1.8,1.8,1.9,1.9,2.2,2.4,1.4,0.9,0.2
2017-05-31 20:15:00+02:00,0.9,0.3,0.1,0.6,4.7,2.0,1.9,1.1,0.2,2.8,1.8,2.0,0.8,0.6,0.1,0.7,0.2,0.3,2.8,4.8,1.0,0.0,2.6,0.6,6.2,2.8,1.6,0.7,4.4,1.5,0.8,1.0,0.9,1.8,1.8,1.9,1.9,2.2,2.5,1.7,0.8,0.2
2017-05-31 20:16:00+02:00,0.7,0.4,0.1,0.5,2.4,0.2,0.2,2.2,0.2,2.1,1.5,0.2,1.9,1.8,0.1,0.4,0.2,1.5,1.0,2.5,0.6,0.0,0.8,0.5,3.7,2.3,1.4,0.5,2.2,2.6,0.6,0.4,0.8,1.9,1.9,1.9,1.9,2.3,2.6,1.2,0.5,0.4
2017-05-31 20:17:00+02:00,0.5,0.5,0.1,0.3,0.8,0.8,0.5,1.9,0.1,1.2,0.9,0.7,1.5,1.7,0.2,0.5,0.2,1.4,0.1,0.8,1.1,0.1,0.1,0.3,1.5,1.5,0.9,0.3,0.5,2.2,0.3,0.9,0.8,2.3,2.3,2.3,2.6,2.7,2.7,0.2,0.3,1.0
2017-05-31 20:18:00+02:00,0.5,0.4,0.1,0.4,0.7,0.8,0.5,1.8,0.1,1.2,0.9,0.8,1.4,1.6,0.2,0.4,0.2,1.3,0.3,0.8,1.0,0.1,0.3,0.2,1.5,1.4,0.9,0.4,0.6,2.1,0.3,0.9,0.7,2.2,2.2,2.2,2.4,2.7,2.7,0.5,0.1,0.7
2017-05-31 20:19:00+02:00,0.4,0.4,0.1,0.5,1.8,0.4,0.3,1.8,0.1,1.7,1.2,0.5,1.4,1.5,0.2,0.3,0.2,1.2,0.9,1.9,0.7,0.1,0.7,0.2,2.7,1.9,1.2,0.4,1.6,2.1,0.4,0.4,0.8,1.9,1.9,2.0,2.0,2.5,2.6,1.5,0.8,0.0
2017-05-31 20:20:00+02:00,0.6,0.3,0.1,0.6,2.9,0.7,0.7,1.8,0.1,2.3,1.5,0.7,1.4,1.4,0.1,0.4,0.2,1.1,1.6,3.0,0.3,0.1,1.3,0.4,2.5,2.3,1.5,0.6,2.7,2.1,0.6,0.3,0.7,2.0,2.0,1.9,2.0,2.4,2.5,1.0,0.3,0.7
2017-05-31 20:21:00+02:00,0.6,0.2,0.1,1.0,3.8,1.6,1.7,1.1,0.1,2.4,1.4,1.6,0.9,0.8,0.1,0.6,0.2,0.5,2.5,3.8,1.0,0.0,2.2,0.4,3.3,2.2,1.9,0.6,3.5,1.4,0.6,1.1,0.2,1.9,1.9,1.8,2.0,2.4,2.5,0.9,0.3,0.7
2017-05-31 20:22:00+02:00,0.6,0.2,0.1,0.9,4.0,1.9,2.0,0.6,0.1,2.5,1.4,1.9,0.4,0.4,0.1,0.7,0.2,0.2,2.7,4.0,1.3,0.0,2.5,0.4,3.5,2.1,1.8,0.5,3.7,0.9,0.5,1.4,0.3,1.7,1.7,1.8,2.1,2.3,2.5,0.5,0.2,0.7
2017-05-31 20:23:00+02:00,0.6,0.6,0.1,0.3,2.5,0.8,0.9,0.7,0.1,1.2,1.1,0.7,0.5,0.5,0.2,0.5,0.2,0.2,1.6,2.5,0.4,0.0,1.3,0.3,1.9,1.8,0.9,0.4,2.3,1.0,0.4,0.5,0.9,1.9,2.0,2.2,2.7,2.4,2.6,0.4,0.1,0.8
2017-05-31 20:24:00+02:00,0.5,0.9,0.1,0.4,1.0,0.6,0.6,0.8,0.1,0.2,1.0,0.6,0.5,0.8,0.2,1.4,0.2,0.7,1.0,1.1,0.7,0.0,0.8,0.3,1.1,0.5,0.6,0.2,1.0,1.5,0.4,0.7,1.2,1.0,1.0,1.1,1.5,1.5,1.9,0.0,0.2,0.9
2017-05-31 20:25:00+02:00,0.5,1.0,0.1,0.5,1.0,0.8,0.8,0.9,0.1,0.4,1.1,0.8,0.7,1.2,0.1,2.0,0.2,1.0,0.9,1.1,1.1,0.0,0.7,0.2,1.3,0.5,0.5,0.2,1.1,1.9,0.5,1.1,1.4,1.2,1.1,0.8,0.2,0.1,0.5,0.3,0.2,1.0
2017-05-31 20:26:00+02:00,0.4,1.0,0.1,0.7,1.4,1.1,0.8,0.9,0.1,0.9,0.7,1.1,0.6,0.8,0.1,2.0,0.1,0.7,0.5,1.4,1.1,0.0,0.6,0.8,1.0,0.4,0.3,0.8,1.6,1.3,0.3,1.0,1.2,0.3,0.3,0.2,0.4,0.4,0.7,0.1,0.3,1.0
2017-05-31 20:27:00+02:00,0.1,1.2,0.1,1.1,4.3,3.2,2.7,0.8,0.1,1.4,0.3,3.2,0.6,1.5,0.1,2.0,0.1,1.3,2.5,4.3,2.6,0.0,2.7,0.3,4.9,1.1,0.9,0.5,4.6,1.6,0.1,2.4,1.2,2.2,2.2,2.4,2.4,1.0,1.0,1.4,1.5,1.8
2017-05-31 20:28:00+02:00,0.3,1.2,0.1,0.9,6.1,3.1,2.9,1.0,0.2,0.7,2.4,3.1,0.7,1.7,0.1,1.8,0.1,1.5,2.4,6.1,2.5,0.0,2.7,0.5,7.2,3.1,0.5,0.6,6.8,1.9,2.5,2.1,1.4,2.1,2.2,2.4,2.7,0.6,0.7,2.2,2.5,3.1
2017-05-31 20:29:00+02:00,0.4,1.0,0.0,0.7,4.9,1.9,1.9,1.2,0.2,0.2,2.5,1.9,0.9,1.8,0.1,1.5,0.2,1.6,1.5,4.8,2.3,0.0,1.6,0.3,5.3,2.9,0.3,0.4,5.3,2.1,2.6,1.9,1.3,0.4,0.4,0.2,0.3,0.4,0.7,0.1,0.3,0.9
2017-05-31 20:30:00+02:00,0.4,1.0,0.0,0.6,5.5,2.3,2.4,1.9,0.2,0.4,2.5,2.3,1.5,2.4,0.2,1.7,0.2,2.2,1.9,5.3,2.9,0.1,2.1,0.1,5.5,3.0,0.2,0.1,6.0,2.8,2.6,2.5,1.3,0.3,0.3,0.1,0.4,0.6,0.8,0.3,0.2,0.7
2017-05-31 20:31:00+02:00,0.4,0.7,0.1,0.4,4.6,1.5,1.6,1.2,0.2,1.3,2.5,1.5,0.9,1.7,0.1,2.5,0.2,1.5,1.1,4.3,2.0,0.1,1.3,0.1,4.3,2.8,0.4,0.0,5.0,2.1,2.6,1.5,1.0,0.5,0.4,0.2,0.1,0.5,0.7,0.4,0.0,0.6
2017-05-31 20:32:00+02:00,0.3,0.1,0.1,0.4,3.7,1.2,1.2,1.2,0.2,0.2,2.5,1.2,0.9,1.8,0.1,1.3,0.2,1.6,0.8,3.4,1.6,0.0,1.0,0.1,4.1,2.2,0.9,0.1,4.0,2.1,2.6,1.1,0.3,0.6,0.6,0.4,0.1,0.5,0.7,0.5,0.2,0.3
2017-05-31 20:33:00+02:00,0.1,0.6,0.1,0.2,4.6,2.2,2.3,1.2,0.6,0.7,2.5,2.3,0.9,2.3,0.1,1.7,0.2,2.2,1.8,4.4,2.6,0.0,2.0,0.4,5.6,2.4,0.3,0.5,5.0,2.6,2.6,2.1,0.8,0.1,0.1,0.2,0.2,0.7,0.9,0.5,0.2,0.3
2017-05-31 20:34:00+02:00,0.1,0.1,0.1,0.1,3.8,1.3,1.3,1.2,0.1,1.0,2.6,1.4,0.9,1.6,0.2,1.9,0.2,1.4,0.9,3.6,1.6,0.1,1.1,0.4,4.0,2.4,0.6,0.6,4.2,1.8,2.8,1.0,0.3,0.2,0.2,0.4,0.5,0.6,0.8,0.1,0.2,0.6
2017-05-31 20:35:00+02:00,0.1,0.1,0.1,0.1,4.1,1.2,1.2,1.2,0.1,1.4,2.8,1.4,0.9,1.0,0.2,2.2,0.2,0.9,0.9,3.8,1.4,0.1,1.0,0.5,4.0,2.6,0.3,0.7,4.3,1.2,2.8,0.8,0.2,0.3,0.4,0.5,0.6,0.7,0.8,0.1,0.1,0.5
2017-05-31 20:36:00+02:00,0.3,1.6,0.0,1.7,6.5,3.2,3.0,1.1,0.2,1.5,2.9,3.8,0.9,1.1,0.3,2.2,0.2,0.9,2.7,6.2,3.1,0.2,3.0,0.6,6.3,2.8,1.4,0.8,6.7,1.2,3.0,2.4,1.8,0.6,0.6,0.7,0.7,0.8,0.8,0.1,0.1,0.5
2017-05-31 20:37:00+02:00,0.2,2.8,0.0,3.0,8.4,5.1,4.3,1.2,0.2,1.2,3.0,5.7,1.0,1.2,0.3,1.9,0.3,1.0,4.0,8.1,4.4,0.2,4.9,0.5,8.2,2.8,2.8,0.8,8.6,1.3,3.0,3.9,2.9,1.1,1.1,1.3,1.3,1.5,0.3,0.2,0.0,0.4
2017-05-31 20:38:00+02:00,0.3,1.7,0.0,1.9,7.6,4.0,3.9,1.6,0.2,1.3,2.8,4.6,1.5,1.9,0.3,2.0,0.7,1.6,3.6,7.1,4.0,0.1,3.8,0.6,7.4,2.8,1.6,0.8,7.8,2.0,3.0,3.5,1.7,1.5,1.5,1.7,1.7,1.5,0.3,0.2,0.3,0.7
2017-05-31 20:39:00+02:00,0.4,1.6,0.0,1.9,6.1,3.8,3.4,1.1,0.2,1.7,1.5,4.4,0.9,1.3,0.2,2.2,0.1,1.2,3.3,5.6,3.6,0.1,3.4,0.7,6.1,1.4,1.7,1.0,6.3,1.5,1.6,3.0,1.6,2.6,2.5,2.6,2.6,1.5,0.2,1.1,1.1,1.4
2017-05-31 20:40:00+02:00,0.3,0.5,0.0,1.0,6.8,5.6,5.1,1.7,0.2,3.4,0.2,6.3,0.9,3.3,0.2,3.6,0.2,3.3,5.1,6.4,5.1,0.1,5.3,1.8,7.2,0.2,1.2,2.1,7.1,3.4,0.1,4.6,0.4,3.1,3.0,3.1,2.9,1.4,0.0,1.5,1.3,1.5
2017-05-31 20:41:00+02:00,0.6,0.6,0.0,1.1,9.5,8.2,7.6,2.3,0.3,3.2,0.3,8.8,1.1,5.5,0.3,3.2,0.3,5.4,7.7,9.3,7.5,0.2,7.9,1.2,10.0,0.5,1.6,1.5,9.7,5.4,0.2,7.0,0.4,3.6,3.5,3.5,3.2,1.6,0.1,1.6,1.4,1.4
2017-05-31 20:42:00+02:00,0.5,0.7,0.0,1.2,9.9,8.3,7.5,2.0,0.3,3.6,0.6,8.9,1.2,5.3,0.4,3.4,0.3,5.2,7.7,9.7,7.4,0.3,7.9,1.1,10.6,0.8,1.7,1.4,10.1,5.1,0.4,7.0,0.4,2.8,2.8,2.8,2.3,0.6,0.2,1.8,1.5,1.4
2017-05-31 20:43:00+02:00,0.2,0.7,0.0,1.2,11.2,7.9,7.2,1.3,0.3,3.4,2.0,8.6,1.1,4.8,0.4,3.2,0.3,4.6,7.4,11.0,7.0,0.3,7.6,0.8,12.0,2.4,1.7,1.2,11.5,4.4,1.8,6.5,0.5,3.1,3.1,3.0,2.5,0.6,0.2,1.9,1.6,1.4
2017-05-31 20:44:00+02:00,0.2,0.7,0.0,1.2,11.8,7.9,7.1,1.4,0.3,3.4,2.3,8.5,1.1,4.8,0.3,3.2,0.3,4.6,7.4,11.2,7.0,0.2,7.5,0.8,12.7,2.7,1.7,1.2,12.2,4.5,2.1,6.5,0.5,3.2,3.2,3.1,2.7,0.7,0.3,2.0,1.7,1.5
2017-05-31 20:45:00+02:00,0.2,0.7,0.0,1.2,11.8,7.9,7.2,1.2,0.3,3.4,1.2,8.5,1.0,4.8,0.3,3.1,0.3,4.6,7.4,10.2,7.0,0.2,7.6,0.9,12.7,1.6,1.7,1.3,12.2,4.4,1.0,6.5,0.5,3.2,3.2,3.1,2.6,0.7,0.3,1.9,1.6,1.4
2017-05-31 20:46:00+02:00,0.2,0.8,0.0,1.2,11.0,7.4,6.7,0.9,0.3,3.6,0.9,8.1,0.7,4.5,0.2,3.2,0.3,4.3,7.0,9.4,6.5,0.2,7.1,0.9,12.0,1.4,1.7,1.3,11.4,4.1,0.7,6.2,0.5,4.2,4.1,4.1,3.6,1.9,0.5,1.7,1.3,1.2
2017-05-31 20:47:00+02:00,0.2,0.7,0.0,1.0,11.4,7.2,6.4,0.9,0.3,3.7,1.5,7.9,0.7,4.5,0.2,3.3,0.3,4.3,6.7,9.8,6.3,0.2,6.9,0.9,12.3,1.9,1.5,1.3,11.8,4.1,1.2,5.9,0.5,2.5,2.5,2.4,2.0,1.2,0.3,0.8,0.4,0.3
2017-05-31 20:48:00+02:00,0.6,0.7,0.0,1.6,12.7,7.9,7.1,0.9,0.3,4.1,2.1,8.7,0.7,4.4,0.4,3.7,0.3,4.2,7.4,11.1,6.9,0.4,7.5,1.2,14.5,2.5,2.2,1.8,13.1,4.1,1.8,6.5,0.6,2.2,2.1,2.1,1.4,0.7,0.3,0.8,0.4,0.3
2017-05-31 20:49:00+02:00,1.5,0.7,0.0,2.1,13.7,8.9,7.7,0.9,0.3,5.0,2.1,9.6,0.7,4.4,0.4,4.6,0.3,4.2,8.0,12.1,7.5,0.4,8.6,2.1,15.5,2.5,2.6,2.7,14.1,4.1,1.8,7.0,0.6,2.9,2.9,2.8,1.4,0.6,0.3,0.8,0.4,0.3
2017-05-31 20:50:00+02:00,0.2,0.8,0.0,1.1,14.0,9.0,6.6,0.9,0.3,3.6,2.2,9.8,0.7,4.4,0.4,3.2,0.3,4.2,6.9,12.3,6.4,0.3,8.7,0.9,15.7,2.6,1.6,1.4,14.4,4.1,1.9,6.0,0.6,2.5,2.4,2.3,1.4,0.6,0.3,0.8,0.5,0.4
2017-05-31 20:51:00+02:00,0.2,1.2,0.0,1.5,15.8,10.9,8.2,1.2,0.3,3.2,2.2,11.5,0.8,4.8,0.4,2.8,0.3,4.5,8.4,14.1,7.9,0.3,10.6,0.9,17.5,2.6,2.1,1.5,16.2,4.4,1.9,6.8,1.0,1.9,1.9,1.7,1.3,0.6,0.3,0.6,0.6,0.4
2017-05-31 20:52:00+02:00,0.4,1.2,0.0,1.6,17.9,12.9,10.3,2.3,0.3,2.3,2.2,13.6,1.2,5.9,0.5,1.9,0.3,5.7,10.5,16.1,9.1,0.3,12.6,1.1,19.6,2.6,2.1,1.6,18.3,5.5,1.9,7.9,1.0,2.5,2.4,2.3,1.8,1.3,0.4,0.6,0.5,0.4
2017-05-31 20:53:00+02:00,0.3,1.3,0.0,1.6,15.1,11.1,9.3,2.1,0.4,2.2,1.3,11.8,1.0,5.7,0.5,1.8,0.3,5.4,9.6,13.4,8.1,0.3,10.8,1.0,16.8,1.7,2.1,1.5,15.5,5.2,1.0,7.8,1.1,2.2,2.1,2.0,1.5,0.9,0.4,0.6,0.6,0.4
2017-05-31 20:54:00+02:00,0.3,1.3,0.0,1.7,12.8,9.1,7.6,1.7,0.4,2.3,1.0,9.8,0.7,4.6,0.5,1.9,0.3,4.4,7.8,11.2,7.1,0.3,8.8,1.0,14.5,1.4,2.2,1.6,13.2,4.3,0.7,6.8,1.1,2.2,2.1,1.9,1.5,0.9,0.4,0.6,0.6,0.5
2017-05-31 20:55:00+02:00,0.6,1.4,0.0,1.7,12.9,8.6,7.0,1.7,0.4,3.0,1.7,9.2,0.7,4.2,0.5,2.7,0.3,4.1,7.3,11.3,6.6,0.3,8.3,1.8,14.7,2.0,2.1,2.3,13.3,3.9,1.4,6.3,1.2,2.1,2.0,1.9,1.4,0.9,0.4,0.6,0.5,0.4
2017-05-31 20:56:00+02:00,0.8,1.4,0.0,1.8,12.6,8.8,7.1,1.7,0.4,3.3,1.1,9.5,0.7,4.2,0.5,3.1,0.3,4.1,7.3,10.9,6.7,0.3,8.5,2.2,14.3,1.5,2.1,2.7,13.0,3.9,0.8,6.3,1.1,2.2,2.1,1.9,1.5,0.9,0.4,0.6,0.6,0.5
2017-05-31 20:57:00+02:00,1.1,1.4,0.0,2.0,12.9,9.2,7.6,2.0,0.4,3.6,1.1,9.8,0.7,4.5,0.5,3.3,0.3,4.4,7.8,11.3,7.1,0.3,8.9,2.4,14.6,1.5,2.3,3.0,13.3,4.3,0.8,6.7,1.1,2.6,2.4,2.2,1.9,0.9,0.4,1.0,0.7,0.5
2017-05-31 20:58:00+02:00,1.1,1.6,0.0,2.0,12.3,8.8,7.2,1.8,0.4,3.5,1.0,9.4,0.7,4.1,0.5,3.2,0.3,4.1,7.4,10.8,6.7,0.3,8.4,2.3,14.4,1.4,2.3,2.9,12.7,4.1,0.7,6.5,1.1,2.5,2.3,2.2,1.9,0.7,0.4,1.1,0.6,0.5
2017-05-31 20:59:00+02:00,1.1,1.5,0.0,1.9,11.3,8.9,7.1,1.9,0.4,3.1,1.0,9.5,0.6,4.3,0.5,2.8,0.3,4.2,7.4,10.9,6.6,0.3,8.5,1.9,13.0,1.4,2.2,2.5,11.6,4.2,0.7,6.5,1.1,2.7,2.5,2.4,2.0,0.7,0.4,1.3,0.7,0.6
2017-05-31 21:00:00+02:00,1.4,1.4,0.0,1.8,10.5,8.2,6.6,1.5,0.4,2.6,1.0,9.1,0.5,3.9,0.5,2.3,0.2,3.8,6.8,10.5,6.1,0.3,7.8,1.4,12.1,1.4,2.0,2.0,10.9,3.7,0.7,5.9,1.1,2.6,2.4,2.3,1.9,0.7,0.4,1.2,0.6,0.5
2017-05-31 21:01:00+02:00,1.9,1.4,0.0,2.4,11.0,9.0,7.0,1.2,0.4,3.1,1.0,9.5,0.7,3.7,0.5,2.8,0.3,3.5,7.3,10.9,6.6,0.3,8.5,2.0,12.6,1.4,2.7,2.5,11.4,3.5,0.7,6.4,1.1,2.6,2.4,2.4,2.0,0.7,0.4,1.3,0.8,0.6
2017-05-31 21:02:00+02:00,2.0,1.3,0.0,3.2,11.6,9.6,7.8,1.1,0.3,3.2,1.0,10.1,0.7,3.7,0.5,2.9,0.3,3.4,8.1,11.5,7.3,0.3,9.1,2.1,13.2,1.4,3.5,2.6,11.9,3.4,0.7,7.1,1.1,2.5,2.4,2.3,1.9,0.6,0.3,1.3,0.9,0.7
2017-05-31 21:03:00+02:00,1.9,1.3,0.0,2.9,11.2,9.3,7.5,1.1,0.3,2.8,1.0,9.8,0.7,3.7,0.5,2.4,0.3,3.4,7.9,11.1,7.0,0.3,8.9,2.0,12.0,1.4,3.1,2.2,11.5,3.4,0.7,6.8,1.0,2.6,2.5,2.3,1.9,0.7,0.4,1.3,0.8,0.7
2017-05-31 21:04:00+02:00,1.8,1.3,0.0,2.8,11.8,9.1,7.4,1.2,0.3,2.8,1.0,9.5,0.7,3.7,0.4,2.5,0.2,3.5,7.7,10.8,6.9,0.3,8.6,1.9,12.7,1.4,3.1,2.2,12.2,3.4,0.7,6.8,0.9,2.6,2.4,2.3,1.9,0.7,0.4,1.2,0.8,0.7
2017-05-31 21:05:00+02:00,1.8,1.3,0.0,2.2,11.5,7.8,6.9,1.3,0.3,2.7,0.9,8.2,0.7,3.8,0.3,2.3,0.3,3.6,7.2,9.5,6.4,0.2,7.3,1.8,12.3,1.3,2.5,2.1,11.8,3.5,0.6,6.3,0.9,2.9,2.8,2.6,2.2,1.1,0.3,1.2,0.7,0.7
2017-05-31 21:06:00+02:00,1.9,1.5,0.0,2.0,12.1,8.3,7.5,2.2,0.3,2.8,0.8,9.0,0.7,4.6,0.3,2.4,0.2,4.5,7.8,10.1,7.0,0.1,7.9,2.0,12.9,1.2,2.2,2.2,12.4,4.5,0.5,6.8,1.2,3.6,3.4,3.2,2.7,1.8,0.3,1.1,0.7,0.7
2017-05-31 21:07:00+02:00,0.9,1.5,0.1,2.0,10.9,7.3,6.5,2.2,0.3,1.9,0.8,7.9,0.7,3.7,0.3,1.6,0.2,3.6,6.8,9.1,6.0,0.2,6.9,1.0,11.7,1.2,2.2,1.4,11.1,3.5,0.6,5.9,1.2,3.2,3.0,2.8,2.3,1.4,0.4,1.1,0.7,0.7
2017-05-31 21:08:00+02:00,0.7,1.7,0.1,2.2,9.7,6.8,6.0,2.1,0.5,1.7,0.9,7.4,0.7,2.6,0.3,1.4,0.2,2.4,6.3,8.7,5.6,0.2,6.4,0.8,10.5,1.3,2.4,1.1,10.0,2.3,0.6,5.0,1.4,2.6,2.4,2.2,1.8,0.6,0.3,1.2,0.8,0.7
2017-05-31 21:09:00+02:00,0.4,1.6,0.1,2.2,11.3,8.3,7.5,2.0,0.5,1.4,1.0,8.8,0.7,3.2,0.3,1.1,0.3,3.0,7.8,10.2,6.8,0.2,7.9,0.5,12.1,1.4,2.4,0.9,11.5,2.9,0.5,5.6,1.3,2.4,2.2,2.1,1.7,0.6,0.3,1.2,0.7,0.7
2017-05-31 21:10:00+02:00,0.6,1.8,0.1,2.3,12.1,9.1,8.4,2.1,0.5,2.4,0.9,9.7,0.7,3.9,0.3,2.0,0.3,3.6,8.6,11.0,7.5,0.2,8.7,1.4,12.8,1.3,2.4,1.8,12.3,3.5,0.5,6.3,1.5,2.5,2.3,2.3,1.7,0.6,0.3,1.2,0.8,0.7
2017-05-31 21:11:00+02:00,0.6,2.3,0.1,2.8,13.8,10.8,9.1,2.2,0.5,2.4,0.9,11.4,0.7,4.0,0.3,2.1,0.3,3.6,9.3,12.7,8.2,0.2,10.4,1.4,14.6,1.4,3.0,1.9,14.1,3.5,0.5,6.9,2.0,2.5,2.2,2.2,1.6,0.5,0.3,1.1,0.7,0.6
2017-05-31 21:12:00+02:00,0.7,2.9,0.1,3.4,14.3,11.5,9.7,2.2,0.5,2.5,1.0,12.1,0.8,4.0,0.4,2.2,0.4,3.6,10.0,13.5,8.8,0.2,11.1,1.6,15.1,1.4,3.6,2.0,14.5,3.5,0.6,7.6,2.7,2.9,2.4,2.3,1.8,0.8,0.5,1.0,0.6,0.5
2017-05-31 21:13:00+02:00,0.7,2.8,0.1,3.3,11.8,9.9,9.0,2.2,0.5,2.3,1.0,10.4,0.8,4.0,0.4,2.0,0.4,3.6,9.2,11.8,8.1,0.2,9.4,1.4,12.7,1.3,3.5,1.8,12.1,3.5,0.6,7.5,2.5,2.8,2.4,2.3,1.7,0.7,0.5,1.0,0.6,0.5
2017-05-31 21:14:00+02:00,0.7,1.8,0.1,3.0,12.2,10.2,9.6,2.1,0.3,2.1,0.9,10.8,0.8,5.2,0.4,1.8,0.4,4.8,9.9,12.0,8.8,0.2,10.0,1.1,13.1,1.2,3.2,1.5,12.5,4.7,0.6,8.4,1.5,3.2,2.8,2.7,2.1,1.3,0.5,0.9,0.5,0.4
2017-05-31 21:15:00+02:00,0.7,1.1,0.1,2.6,12.5,10.1,9.5,2.1,0.3,2.3,0.9,10.7,0.8,5.5,0.4,2.1,0.4,5.1,9.8,11.9,8.7,0.2,9.9,1.3,13.4,1.2,2.8,1.7,12.8,4.9,0.6,8.3,0.8,3.7,3.3,3.2,2.6,1.8,0.4,0.9,0.5,0.4
2017-05-31 21:16:00+02:00,0.7,1.2,0.1,1.7,11.5,9.2,8.6,2.1,0.3,2.3,0.9,9.8,0.7,5.4,0.4,2.0,0.4,5.0,8.8,10.9,7.7,0.2,8.9,1.2,12.4,1.2,1.9,1.6,11.8,4.9,0.6,7.3,0.9,3.1,2.8,2.7,2.2,1.1,0.5,1.2,0.8,0.7
2017-05-31 21:17:00+02:00,0.7,1.3,0.1,2.4,11.9,9.6,8.7,1.6,0.3,2.4,0.9,10.1,0.6,4.9,0.4,2.1,0.4,4.5,9.0,11.3,7.8,0.2,9.1,1.2,12.8,1.2,2.5,1.6,12.2,4.4,0.6,7.4,1.0,2.3,2.0,1.8,1.4,0.5,0.3,0.9,0.5,0.4
2017-05-31 21:18:00+02:00,0.7,1.1,0.1,2.4,11.9,9.6,8.8,1.8,0.2,2.4,0.8,10.2,0.7,4.9,0.3,2.1,0.5,4.5,9.1,11.3,7.9,0.2,9.2,1.3,12.6,1.1,2.6,1.6,12.2,4.4,0.5,7.5,0.8,2.6,2.3,2.2,1.8,0.9,0.2,0.9,0.5,0.4
2017-05-31 21:19:00+02:00,0.7,1.0,0.1,2.3,11.1,8.9,8.0,1.9,0.2,2.3,0.8,9.5,0.7,4.2,0.3,2.0,0.5,3.8,8.3,10.6,7.1,0.2,8.4,1.2,12.3,1.1,2.5,1.5,11.9,3.7,0.5,6.6,0.7,2.7,2.5,2.3,2.2,1.3,0.3,0.9,0.5,0.4
2017-05-31 21:20:00+02:00,0.7,1.0,0.1,2.3,11.3,8.9,7.8,2.0,0.2,2.4,0.8,9.4,0.7,4.1,0.3,2.1,0.5,3.7,8.1,10.7,6.9,0.2,8.4,1.2,12.9,1.3,2.4,1.5,12.6,3.6,0.5,6.5,0.6,3.2,2.9,2.8,2.7,1.9,0.2,0.8,0.5,0.4
2017-05-31 21:21:00+02:00,0.7,1.1,0.1,2.5,10.7,8.6,6.9,0.9,0.2,2.6,0.8,9.0,0.6,3.0,0.3,2.0,0.4,2.6,7.2,10.2,6.0,0.2,8.1,1.2,11.3,1.2,2.6,1.5,11.0,2.5,0.5,5.6,0.8,2.8,2.5,2.4,2.3,1.6,0.2,0.7,0.5,0.4
2017-05-31 21:22:00+02:00,0.6,1.4,0.1,2.7,11.1,9.1,7.7,1.0,0.2,2.8,0.8,9.5,0.6,3.5,0.4,1.5,0.4,3.1,8.1,10.6,6.8,0.3,8.6,0.8,11.7,1.1,2.9,1.2,11.4,3.0,0.6,6.4,1.1,2.2,2.0,1.9,1.7,1.1,0.2,0.7,0.5,0.4
2017-05-31 21:23:00+02:00,0.6,0.8,0.1,2.1,10.5,8.1,7.0,1.2,0.2,2.0,0.8,8.5,0.7,3.7,0.4,1.5,0.4,3.3,7.4,9.7,6.4,0.3,7.6,0.8,11.2,1.2,2.4,1.2,10.9,3.2,0.6,6.0,0.5,2.5,2.2,2.1,2.0,1.1,0.2,0.9,0.5,0.4
2017-05-31 21:24:00+02:00,0.5,1.2,0.1,2.1,11.2,8.1,6.9,1.9,0.2,1.8,0.9,8.4,1.4,3.3,0.4,1.5,0.3,3.0,7.3,9.5,6.0,0.3,7.5,0.8,11.8,1.1,2.3,1.2,11.4,2.9,0.6,5.6,0.9,3.3,3.0,2.9,2.8,1.0,0.3,1.8,0.5,0.4
2017-05-31 21:25:00+02:00,0.3,0.8,0.1,1.1,10.5,7.6,6.5,1.8,0.2,2.1,0.9,7.9,1.4,3.5,0.4,1.7,0.3,3.2,6.9,8.9,5.3,0.3,7.1,1.2,11.3,1.1,1.3,1.5,10.8,3.1,0.6,4.8,0.5,3.0,2.7,2.6,2.4,1.0,0.3,1.4,0.5,0.4
2017-05-31 21:26:00+02:00,0.3,0.7,0.2,1.0,10.6,7.6,6.4,1.7,0.2,2.5,1.0,7.8,1.2,3.3,0.5,2.1,0.3,3.0,7.0,9.0,5.2,0.3,7.2,1.2,11.6,1.2,1.4,1.5,10.8,2.9,0.6,4.7,0.4,2.2,2.0,1.9,1.8,1.1,0.3,0.7,0.5,0.4
2017-05-31 21:27:00+02:00,0.3,0.9,0.3,1.1,11.7,8.0,6.4,1.7,0.2,2.3,1.1,8.6,1.0,3.3,0.6,1.8,0.3,3.0,7.4,10.0,5.2,0.5,7.6,1.1,12.7,1.4,1.4,1.4,12.0,2.8,0.8,4.7,0.5,2.4,2.2,2.1,1.9,1.1,0.3,0.8,0.5,0.4
2017-05-31 21:28:00+02:00,0.3,1.3,0.3,1.6,11.7,8.2,6.6,1.5,0.2,2.0,1.2,8.6,1.0,3.1,0.6,1.5,0.3,2.8,7.6,10.0,5.4,0.5,7.8,0.9,12.7,1.4,1.8,1.3,12.0,2.7,0.9,4.9,0.9,2.9,2.8,2.6,2.5,1.7,0.3,0.8,0.5,0.4
2017-05-31 21:29:00+02:00,0.4,0.9,0.3,1.2,11.2,7.4,6.3,1.6,0.2,2.1,1.2,8.3,1.1,3.2,0.6,1.5,0.4,2.9,6.8,9.8,5.1,0.5,7.0,0.9,12.1,1.5,1.4,1.3,11.4,2.8,0.9,4.6,0.5,3.5,3.3,3.2,2.2,1.3,0.3,0.9,0.6,0.4
2017-05-31 21:30:00+02:00,0.4,0.8,0.3,1.1,11.7,7.3,6.2,1.5,0.2,2.1,1.2,8.8,0.9,3.2,0.6,1.6,0.4,2.9,6.7,11.4,5.0,0.5,6.9,1.0,12.7,2.6,1.3,1.4,12.0,2.6,0.9,4.5,0.4,3.9,3.7,3.6,2.2,1.3,0.3,0.9,0.6,0.4
2017-05-31 21:31:00+02:00,0.4,1.5,0.3,2.0,13.4,7.9,6.9,1.3,0.2,2.2,1.4,9.5,0.8,3.0,0.8,1.7,0.4,2.7,7.3,13.0,5.7,0.6,7.5,1.0,14.3,3.5,2.2,1.3,13.7,2.4,1.1,5.2,1.2,3.6,3.5,3.4,2.2,1.3,0.3,0.9,0.5,0.3
2017-05-31 21:32:00+02:00,0.4,0.9,0.3,1.9,12.7,7.8,6.8,1.3,0.2,2.4,1.2,8.7,0.8,3.1,0.6,1.9,0.4,2.8,7.2,12.0,5.6,0.4,7.4,1.0,13.7,3.3,2.1,1.4,13.0,2.5,0.9,5.1,0.7,4.1,3.9,3.8,2.5,1.1,0.3,1.4,0.4,0.2
2017-05-31 21:33:00+02:00,0.4,1.0,0.3,1.8,12.5,7.6,6.7,1.2,0.1,2.0,1.3,8.3,0.7,3.0,0.8,1.5,0.4,2.7,7.0,11.7,5.5,0.5,7.2,1.0,14.2,3.4,2.0,1.3,12.9,2.4,1.0,5.0,0.7,4.3,4.2,4.0,2.9,1.0,0.3,1.8,0.4,0.2
2017-05-31 21:34:00+02:00,0.4,1.2,0.3,2.0,12.6,7.9,7.1,1.5,0.1,2.0,1.3,8.5,0.9,3.2,0.7,1.5,0.4,3.0,7.4,11.9,5.9,0.5,7.5,1.0,14.1,3.3,2.2,1.3,12.9,2.7,1.0,5.4,0.9,3.1,2.9,2.8,2.4,1.0,0.3,1.4,0.4,0.2
2017-05-31 21:35:00+02:00,0.4,1.1,0.3,2.0,12.0,7.8,7.0,1.5,0.1,2.0,1.2,8.4,1.0,3.2,0.6,1.6,0.4,3.0,7.3,11.6,5.8,0.4,7.5,1.0,13.5,3.3,2.1,1.3,12.3,2.7,0.9,5.3,0.9,2.5,2.3,2.2,1.8,1.0,0.3,0.7,0.3,0.2
2017-05-31 21:36:00+02:00,0.4,0.5,0.2,1.5,10.9,6.8,5.9,1.2,0.1,2.0,1.2,7.4,1.0,2.7,0.6,1.6,0.4,2.5,6.2,10.6,4.8,0.4,6.5,1.1,12.5,3.2,1.6,1.4,11.2,2.4,0.8,4.3,0.2,3.2,3.0,2.9,2.5,1.2,0.3,1.3,0.3,0.2
2017-05-31 21:37:00+02:00,0.4,0.9,0.2,1.8,10.9,7.1,6.2,1.1,0.1,1.9,1.1,7.5,0.9,2.7,0.5,1.6,0.4,2.5,6.5,10.6,5.0,0.3,6.8,1.0,12.5,3.2,1.9,1.3,11.2,2.3,0.8,4.6,0.2,3.8,3.6,3.5,3.1,0.7,0.3,2.4,1.4,1.3
2017-05-31 21:38:00+02:00,0.4,0.7,0.2,1.6,11.6,7.2,6.3,1.3,0.2,2.0,1.7,7.6,1.1,2.9,0.5,1.6,0.4,2.6,6.6,11.3,5.1,0.4,6.8,1.0,13.2,3.8,1.8,1.3,11.9,2.5,0.8,4.6,0.3,3.3,3.1,3.0,2.6,0.7,0.3,1.9,0.9,0.9
2017-05-31 21:39:00+02:00,0.4,1.0,0.2,1.8,9.8,6.5,5.6,1.0,0.3,1.9,2.0,6.9,0.8,2.5,0.6,1.6,0.4,2.3,5.9,9.4,5.0,0.4,6.2,1.0,11.4,2.6,2.0,1.3,10.0,2.2,0.8,4.5,0.7,2.9,2.7,2.6,2.2,0.7,0.3,1.5,0.4,0.3
2017-05-31 21:40:00+02:00,0.4,1.4,0.3,2.3,8.9,6.5,5.7,1.1,0.2,1.5,1.2,6.9,0.8,2.6,0.6,1.1,0.4,2.4,5.9,8.6,5.4,0.4,6.2,0.5,10.5,1.7,2.4,0.9,9.2,2.3,0.8,5.0,1.2,2.7,2.5,2.4,2.0,0.7,0.2,1.3,0.3,0.2
2017-05-31 21:41:00+02:00,0.4,1.5,0.2,2.2,9.4,6.2,5.3,0.9,0.3,1.5,1.1,7.5,0.6,2.2,0.6,1.1,0.3,2.1,5.6,9.1,5.1,0.4,5.9,0.5,11.0,1.6,2.4,0.8,9.7,1.9,0.8,4.6,1.2,2.6,2.5,2.4,1.9,0.8,0.3,1.1,0.3,0.2
2017-05-31 21:42:00+02:00,0.4,1.5,0.1,2.2,9.4,6.4,5.4,0.8,0.3,1.6,1.0,7.6,0.5,2.4,0.4,1.2,0.2,2.2,5.7,9.1,5.2,0.3,6.0,0.5,10.9,1.5,2.4,0.9,9.7,2.0,0.7,4.8,1.2,2.2,2.0,1.9,1.5,0.8,0.3,0.6,0.3,0.2
2017-05-31 21:43:00+02:00,0.4,1.2,0.1,1.4,7.9,5.6,4.7,0.9,0.2,1.6,1.1,6.0,0.6,2.4,0.4,1.2,0.2,2.2,5.0,7.6,4.4,0.3,5.2,0.5,9.4,1.6,1.6,0.9,8.2,2.0,0.8,4.0,1.0,2.1,2.0,1.9,1.4,0.8,0.3,0.6,0.3,0.2
2017-05-31 21:44:00+02:00,0.4,1.5,0.1,1.6,8.2,5.7,4.7,0.8,0.3,1.6,1.1,6.1,0.5,2.3,0.4,1.2,0.2,2.1,5.0,7.7,4.5,0.3,5.3,0.5,9.8,1.6,1.8,0.9,8.6,1.9,0.8,4.0,1.2,2.1,2.0,1.9,1.4,0.8,0.3,0.6,0.3,0.2
2017-05-31 21:45:00+02:00,0.4,1.1,0.1,1.2,8.6,5.4,4.5,0.9,0.0,1.6,1.1,5.8,0.6,2.4,0.4,1.2,0.2,2.2,4.8,7.4,4.3,0.3,5.0,0.5,10.1,1.6,1.4,0.9,9.0,2.0,0.8,3.8,0.8,2.2,2.0,1.9,1.5,0.9,0.4,0.6,0.3,0.2
2017-05-31 21:46:00+02:00,0.4,1.5,0.1,1.7,9.1,6.0,5.2,1.2,0.0,1.5,1.1,6.4,0.9,2.6,0.4,1.2,0.2,2.4,5.5,8.0,4.9,0.2,5.7,0.5,10.7,1.6,1.8,0.9,9.5,2.2,0.7,4.5,0.7,2.2,2.0,1.9,1.4,0.8,0.4,0.6,0.3,0.2
2017-05-31 21:47:00+02:00,0.4,1.3,0.2,1.4,8.9,5.7,4.9,1.0,0.0,1.5,1.1,6.1,0.8,2.5,0.4,1.2,0.3,2.3,5.2,7.8,4.6,0.3,5.3,0.5,10.4,1.6,1.6,0.9,9.3,2.1,0.8,4.1,0.8,2.2,2.0,1.9,1.5,0.9,0.4,0.6,0.3,0.3
2017-05-31 21:48:00+02:00,0.4,1.3,0.2,2.4,10.8,6.5,5.5,1.0,0.3,1.9,1.1,8.1,0.7,1.9,0.4,1.5,0.3,1.7,5.9,9.7,5.0,0.3,6.0,0.5,11.5,1.6,2.6,1.2,11.2,1.5,0.7,4.5,1.0,2.1,1.9,1.8,1.4,0.8,0.4,0.6,0.3,0.3
2017-05-31 21:49:00+02:00,0.4,1.2,0.2,2.4,9.8,6.3,5.4,1.0,0.3,1.7,1.0,7.2,0.8,1.9,0.4,1.3,0.5,1.7,5.8,8.7,4.9,0.3,6.0,0.5,10.5,1.5,2.6,1.1,10.2,1.5,0.7,4.5,1.0,2.1,1.9,1.8,1.4,0.8,0.4,0.6,0.3,0.2
2017-05-31 21:50:00+02:00,0.4,1.2,0.2,2.4,10.4,7.3,6.4,1.9,0.3,1.5,1.0,7.7,1.6,2.7,0.4,1.1,1.3,2.6,6.7,9.2,5.8,0.2,6.9,0.5,11.0,1.5,2.6,0.9,10.7,2.4,0.7,5.3,1.0,2.1,1.9,1.8,1.4,0.8,0.4,0.6,0.3,0.2
2017-05-31 21:51:00+02:00,0.4,1.2,0.1,2.4,10.3,7.2,6.3,1.8,0.3,1.7,1.0,7.6,1.6,2.6,0.4,1.3,1.0,2.4,6.6,9.2,5.7,0.2,6.8,0.5,11.0,1.6,2.6,1.1,10.6,2.2,0.7,5.2,1.0,2.6,2.4,2.3,1.9,0.8,0.4,1.2,0.3,0.2
2017-05-31 21:52:00+02:00,0.4,1.3,0.1,2.4,9.4,6.4,5.4,1.1,0.3,1.6,1.0,6.8,0.9,1.9,0.4,1.3,0.4,1.8,5.7,8.3,5.0,0.2,6.0,0.5,10.2,1.5,2.6,1.1,9.8,1.6,0.7,4.6,1.0,3.1,2.9,2.8,2.5,0.9,0.3,1.6,0.4,0.2
2017-05-31 21:53:00+02:00,0.4,1.3,0.1,1.6,9.1,5.8,4.8,1.0,0.4,1.4,1.3,6.3,0.8,1.8,0.4,1.0,0.3,1.7,5.2,8.1,4.1,0.2,5.5,0.5,9.8,1.8,1.8,0.8,9.4,1.5,0.7,3.7,1.1,2.4,2.2,2.1,1.8,0.8,0.3,1.0,0.4,0.2
2017-05-31 21:54:00+02:00,0.4,1.3,0.1,1.4,10.5,6.9,6.0,2.2,0.3,1.3,1.8,7.3,1.9,3.7,0.4,0.9,0.3,3.6,6.3,9.4,5.8,0.2,6.5,0.5,11.2,2.1,1.6,0.8,10.8,3.4,0.7,5.4,1.0,2.4,2.2,2.1,1.7,0.8,0.3,0.9,0.4,0.2
2017-05-31 21:55:00+02:00,1.8,1.3,0.1,1.4,9.1,6.1,5.2,0.9,0.3,3.3,1.2,6.5,0.7,3.1,0.4,2.8,0.3,2.9,5.5,8.1,5.1,0.2,5.7,2.4,9.8,1.6,1.6,2.7,9.4,2.7,0.7,4.7,1.1,2.2,2.0,1.9,1.6,0.8,0.3,0.8,0.4,0.3
2017-05-31 21:56:00+02:00,1.8,1.2,0.1,1.4,9.2,6.2,5.3,1.0,0.3,3.4,1.3,6.6,0.8,3.2,0.4,2.9,0.5,3.0,5.5,8.2,5.2,0.2,5.8,2.4,9.7,1.6,1.6,2.7,9.5,2.8,0.7,4.7,1.0,2.4,2.2,2.0,1.7,1.0,0.3,0.8,0.4,0.3
2017-05-31 21:57:00+02:00,1.8,1.3,0.1,1.4,9.6,6.4,5.5,1.1,0.3,3.4,1.3,6.8,0.9,3.3,0.3,2.9,0.6,3.1,5.7,8.4,5.3,0.1,6.0,2.4,10.2,1.6,1.6,2.7,9.9,3.0,0.6,4.9,1.0,2.4,2.2,2.1,1.8,0.9,0.3,0.9,0.5,0.3
2017-05-31 21:58:00+02:00,1.7,1.2,0.1,1.4,10.1,6.9,5.9,1.2,0.3,3.4,1.2,7.3,0.9,3.7,0.3,2.8,0.6,3.5,6.3,8.9,5.7,0.1,6.5,2.4,11.4,1.5,1.6,2.7,10.6,3.3,0.6,5.2,1.0,2.3,2.1,2.0,1.7,0.8,0.3,1.0,0.5,0.3
2017-05-31 21:59:00+02:00,1.7,1.2,0.1,1.3,9.1,6.1,5.0,1.1,0.3,3.3,1.1,6.4,0.9,2.7,0.4,2.8,0.6,2.5,5.2,7.9,4.8,0.2,5.4,2.4,10.8,1.5,1.6,2.6,9.9,1.5,0.7,4.3,1.0,2.3,2.1,2.0,1.7,0.8,0.3,0.9,0.6,0.3
2017-05-31 22:00:00+02:00,1.6,1.1,0.1,1.3,8.6,5.8,4.7,1.3,0.3,3.2,1.2,6.2,1.0,2.6,0.4,2.8,0.6,2.4,5.0,7.8,4.6,0.2,5.2,2.3,10.1,1.7,1.5,2.6,9.4,1.6,0.7,4.1,0.9,2.2,2.0,1.9,1.5,0.8,0.3,0.8,0.6,0.3
2017-05-31 22:01:00+02:00,1.7,1.2,0.1,1.3,7.8,5.1,4.0,1.3,0.3,3.2,1.1,5.4,1.0,1.8,0.4,2.8,0.5,1.7,4.3,7.0,3.8,0.2,4.5,2.4,9.6,1.6,1.6,2.6,9.2,1.6,0.7,3.4,0.9,2.3,2.1,1.9,1.6,0.8,0.3,0.8,0.6,0.3
2017-05-31 22:02:00+02:00,1.7,1.2,0.1,1.7,9.0,6.3,5.2,1.2,0.3,3.1,1.1,6.6,1.0,2.4,0.4,2.8,0.5,2.2,5.5,8.2,4.9,0.2,5.7,2.4,10.8,1.6,2.0,2.7,10.4,2.2,0.7,4.4,0.9,2.1,1.8,1.7,1.4,0.7,0.2,0.7,0.5,0.2
2017-05-31 22:03:00+02:00,1.7,1.2,0.1,2.3,9.3,6.6,5.4,1.2,0.4,3.5,1.1,6.9,0.9,1.7,0.4,3.2,0.5,1.5,5.8,8.6,4.7,0.2,6.0,2.5,11.7,1.6,2.5,3.0,11.0,1.5,0.7,4.2,1.0,2.3,2.1,2.0,1.6,0.9,0.4,0.8,0.5,0.3
2017-05-31 22:04:00+02:00,1.7,1.2,0.1,2.5,10.0,7.2,6.1,1.2,0.4,3.6,1.2,7.5,0.9,1.9,0.5,3.3,0.5,1.8,6.4,9.2,5.1,0.2,6.6,2.6,12.0,1.7,2.7,3.1,11.5,1.5,0.7,4.6,1.0,2.4,2.2,2.1,1.8,1.0,0.5,0.8,0.5,0.3
2017-05-31 22:05:00+02:00,1.0,1.2,0.1,2.4,10.0,7.2,6.1,1.1,0.4,2.8,1.2,7.5,0.9,2.5,0.5,2.6,0.5,2.3,6.4,9.1,5.6,0.2,6.7,1.8,11.8,1.7,2.7,2.3,11.3,1.4,0.7,5.1,0.9,2.2,2.0,1.9,1.6,0.9,0.4,0.7,0.5,0.3
2017-05-31 22:06:00+02:00,0.6,1.2,0.1,1.7,8.2,5.9,4.7,1.1,0.4,2.2,1.0,6.0,0.9,1.8,0.3,2.0,0.5,1.6,5.0,7.5,4.3,0.1,5.3,1.4,10.1,1.5,2.0,1.8,9.6,1.4,0.6,3.8,1.0,2.5,2.2,2.1,1.8,1.0,0.5,0.8,0.4,0.3
2017-05-31 22:07:00+02:00,0.6,1.2,0.1,1.5,8.1,5.8,4.6,1.1,0.4,2.1,0.9,5.8,0.9,1.9,0.2,1.8,0.5,1.7,4.9,7.3,4.1,0.1,5.1,1.2,9.9,1.5,1.7,1.7,9.4,1.4,0.5,3.6,0.9,2.4,2.1,2.0,1.7,1.0,0.4,0.8,0.4,0.3
2017-05-31 22:08:00+02:00,0.6,1.2,0.1,1.5,8.2,5.8,4.6,1.1,0.4,2.0,1.0,5.9,0.9,1.9,0.3,1.8,0.5,1.7,4.9,7.5,4.1,0.2,5.2,1.2,9.4,1.6,1.7,1.7,8.9,1.5,0.5,3.6,0.9,2.2,1.9,1.8,1.5,0.8,0.3,0.7,0.4,0.3
2017-05-31 22:09:00+02:00,0.6,1.2,0.1,1.5,8.8,6.2,4.9,1.2,0.4,2.0,1.1,6.3,1.0,2.0,0.3,1.8,0.6,1.8,5.2,7.8,4.2,0.2,5.5,1.2,9.9,1.5,1.7,1.6,9.4,1.4,0.5,3.7,0.9,2.3,2.1,2.0,1.7,1.0,0.4,0.7,0.3,0.3
2017-05-31 22:10:00+02:00,0.3,1.2,0.1,1.5,10.3,7.9,6.6,2.0,0.4,1.7,1.1,8.0,0.8,3.3,0.3,1.3,0.4,3.2,6.9,9.4,5.6,0.2,7.1,0.8,11.4,1.4,1.8,1.2,10.9,2.9,0.5,5.2,0.9,2.6,2.4,2.3,2.0,1.3,0.8,0.7,0.3,0.3
2017-05-31 22:11:00+02:00,0.3,1.2,0.2,1.5,10.3,7.2,6.0,1.6,0.4,1.7,1.1,7.3,0.9,3.2,0.3,1.2,0.4,3.1,6.3,8.7,5.5,0.2,6.6,0.8,11.4,1.5,1.8,1.1,10.8,2.8,0.6,5.0,0.9,2.7,2.5,2.4,2.1,1.3,0.8,0.7,0.4,0.3
2017-05-31 22:12:00+02:00,0.6,1.2,0.2,1.5,9.6,6.5,5.4,1.0,0.4,2.0,1.1,6.6,0.8,2.7,0.4,1.5,0.4,2.5,5.7,8.1,4.9,0.3,6.0,1.1,11.1,1.5,1.8,1.4,10.5,2.2,0.7,4.4,0.9,2.6,2.4,2.3,2.0,1.2,0.7,0.8,0.4,0.4
2017-05-31 22:13:00+02:00,1.4,1.2,0.2,1.5,9.1,6.4,5.3,1.0,0.4,2.8,1.1,6.5,0.8,2.7,0.4,2.3,0.4,2.6,5.7,8.0,4.9,0.3,5.9,1.9,10.4,1.5,1.8,2.2,9.8,2.2,0.6,4.4,1.0,2.6,2.4,2.3,2.0,1.2,0.7,0.8,0.4,0.4
2017-05-31 22:14:00+02:00,1.4,1.2,0.2,1.5,8.9,6.5,5.4,1.1,0.4,2.8,1.1,6.5,0.9,2.8,0.4,2.3,0.4,2.6,5.8,8.1,5.0,0.3,6.0,1.8,10.0,1.5,1.8,2.1,9.4,2.3,0.6,4.6,1.0,2.6,2.4,2.2,2.0,1.2,0.7,0.8,0.4,0.4
2017-05-31 22:15:00+02:00,1.3,1.3,0.2,1.5,8.4,6.4,5.4,1.0,0.4,2.7,1.3,6.5,0.8,2.7,0.6,2.2,0.4,2.6,5.7,8.2,4.9,0.3,6.0,1.8,10.2,1.7,1.7,2.1,9.6,2.3,0.8,4.5,1.0,2.6,2.3,2.2,1.9,1.2,0.7,0.8,0.4,0.4
2017-05-31 22:16:00+02:00,1.4,1.3,0.2,1.5,8.1,5.9,5.0,0.9,0.4,2.8,1.3,6.0,0.7,2.3,0.6,2.3,0.4,2.2,5.3,7.7,4.5,0.3,5.5,1.8,9.3,1.7,1.8,2.2,8.7,1.9,0.9,4.1,1.0,2.6,2.3,2.2,1.9,1.2,0.7,0.7,0.4,0.3
2017-05-31 22:17:00+02:00,1.4,1.3,0.2,1.7,7.9,5.7,4.8,1.0,0.4,2.9,1.3,5.8,0.7,1.9,0.6,2.3,0.4,1.8,5.1,7.7,4.4,0.3,5.3,1.8,8.7,1.9,2.0,2.2,8.2,1.5,0.9,3.9,1.0,2.5,2.3,2.2,1.9,1.2,0.7,0.8,0.3,0.3
2017-05-31 22:18:00+02:00,1.4,1.4,0.2,1.9,7.8,5.8,4.9,1.0,0.5,3.0,1.3,5.9,0.7,1.9,0.5,2.4,0.4,1.8,5.1,7.6,4.6,0.3,5.3,1.8,8.8,1.8,2.2,2.2,8.0,1.5,0.8,4.1,1.2,2.6,2.4,2.3,2.0,1.1,0.7,0.9,0.5,0.3
2017-05-31 22:19:00+02:00,1.4,1.2,0.2,1.7,7.6,5.5,4.6,1.0,0.4,3.0,1.2,5.6,0.7,1.9,0.5,2.4,0.4,1.7,4.8,7.4,4.3,0.3,5.1,1.8,8.6,1.8,2.0,2.2,7.8,1.5,0.8,3.9,1.0,2.7,2.4,2.3,2.0,1.0,0.7,1.0,0.5,0.3
2017-05-31 22:20:00+02:00,1.4,1.4,0.2,1.8,7.9,5.9,4.9,1.0,0.5,3.0,1.2,6.0,0.7,1.9,0.5,2.4,0.4,1.8,5.1,7.7,4.5,0.3,5.5,1.8,9.0,1.7,2.1,2.3,8.1,1.5,0.8,4.0,1.1,2.7,2.5,2.3,2.0,1.1,0.7,1.0,0.5,0.3
2017-05-31 22:21:00+02:00,1.4,1.9,0.2,2.3,11.9,9.9,8.9,1.0,0.3,3.0,1.3,9.9,0.8,5.5,0.5,2.4,0.4,5.3,9.1,11.7,8.6,0.3,9.5,1.8,13.0,1.8,2.6,2.3,12.1,5.1,0.8,8.1,1.6,2.6,2.4,2.2,2.0,1.1,0.7,0.9,0.5,0.3
2017-05-31 22:22:00+02:00,1.4,2.0,0.2,2.5,13.1,11.0,10.0,1.1,0.5,3.0,1.3,11.1,0.8,6.6,0.5,2.4,0.4,6.4,10.2,12.9,9.7,0.3,10.6,1.8,14.2,1.8,2.8,2.3,13.3,6.2,0.8,9.3,1.8,2.4,2.2,2.0,1.8,0.9,0.7,0.9,0.5,0.3
2017-05-31 22:23:00+02:00,1.1,1.9,0.2,2.3,13.8,11.2,10.2,2.5,0.3,2.7,1.2,11.3,2.2,6.9,0.5,2.0,1.8,6.7,10.4,13.5,9.9,0.3,10.7,1.4,14.8,2.2,2.6,1.9,14.0,6.5,0.8,9.4,1.6,2.4,2.2,2.0,1.7,0.9,0.7,0.9,0.5,0.2
2017-05-31 22:24:00+02:00,0.4,1.9,0.2,2.2,9.8,8.0,7.0,1.2,0.3,2.1,1.1,8.1,0.9,3.7,0.5,1.4,0.5,3.5,7.2,9.6,6.7,0.3,7.5,0.8,10.9,1.6,2.5,1.3,10.0,3.3,0.9,6.2,1.6,3.1,3.0,2.8,2.5,1.3,1.1,1.2,0.7,0.2
2017-05-31 22:25:00+02:00,0.5,2.1,0.2,3.0,9.1,7.2,6.3,1.1,0.5,2.0,1.1,7.3,0.8,2.0,0.5,1.4,0.4,1.8,6.5,8.9,5.9,0.3,6.8,0.7,10.2,1.6,3.3,1.2,9.3,1.6,0.8,5.3,1.8,3.7,3.6,3.4,3.1,2.0,1.7,1.0,0.6,0.2
2017-05-31 22:26:00+02:00,0.5,1.9,0.2,2.2,9.5,7.6,6.6,2.2,0.3,2.0,1.1,7.7,0.7,3.1,0.5,1.4,0.3,2.9,6.8,9.3,6.1,0.3,7.1,0.7,10.6,1.5,2.5,1.3,9.7,2.7,0.9,5.6,1.6,4.9,4.7,4.6,4.2,3.2,1.7,1.0,0.5,0.2
2017-05-31 22:27:00+02:00,0.5,1.9,0.3,2.2,8.9,6.9,5.8,1.3,0.3,1.8,1.3,7.0,0.7,2.2,0.7,1.2,0.3,2.0,6.0,8.7,5.2,0.4,6.4,0.7,10.0,1.7,2.5,1.1,9.1,1.8,1.0,4.7,1.6,4.7,4.5,4.4,4.0,2.9,1.7,1.1,0.5,0.2
2017-05-31 22:28:00+02:00,0.5,1.4,0.3,2.0,8.3,6.3,5.3,1.0,0.5,1.8,1.2,6.4,0.7,1.9,0.6,1.3,0.3,1.7,5.5,8.1,4.7,0.4,5.8,0.7,9.4,1.7,2.3,1.2,8.5,1.5,0.9,4.2,1.1,3.7,3.5,3.3,3.1,1.9,1.6,1.2,0.5,0.2
2017-05-31 22:29:00+02:00,0.5,0.8,0.3,1.6,7.8,5.8,4.8,1.0,0.3,1.8,1.2,5.9,0.8,1.8,0.6,1.3,0.3,1.6,5.0,7.6,4.1,0.4,5.3,0.7,9.0,1.7,1.8,1.2,8.0,1.4,0.8,3.6,0.6,3.8,3.6,3.4,3.1,2.1,1.8,1.1,0.5,0.2
2017-05-31 22:30:00+02:00,0.6,1.0,0.3,1.7,7.9,5.8,4.9,1.0,0.5,1.9,1.3,5.9,0.8,1.8,0.6,1.4,0.3,1.6,5.0,7.7,4.3,0.4,5.4,0.8,9.0,1.8,1.9,1.2,8.0,1.4,0.9,3.8,0.7,3.6,3.4,3.3,3.0,2.1,1.8,0.9,0.5,0.2
2017-05-31 22:31:00+02:00,0.6,0.8,0.3,1.2,7.8,5.6,4.3,1.1,0.3,1.9,1.3,5.8,0.8,2.0,0.6,1.3,0.3,1.7,4.5,7.5,3.8,0.4,4.8,0.8,8.9,1.7,1.4,1.2,7.9,1.5,0.9,3.3,0.6,3.6,3.4,3.3,3.0,2.1,1.8,0.9,0.6,0.3
2017-05-31 22:32:00+02:00,0.6,1.3,0.3,1.5,7.9,5.7,4.8,1.2,0.8,1.9,1.3,5.8,0.9,2.1,0.6,1.4,0.4,1.9,5.0,7.6,4.3,0.4,5.3,0.8,8.9,1.8,1.7,1.2,8.0,1.7,0.9,3.9,1.0,3.8,3.6,3.5,3.2,2.1,1.8,1.1,0.8,0.5
2017-05-31 22:33:00+02:00,0.6,1.0,0.3,1.1,7.6,5.3,4.5,1.3,0.6,1.9,1.5,5.5,0.9,2.2,0.8,1.4,0.4,2.0,4.6,7.4,4.0,0.4,5.0,0.8,8.2,1.9,1.4,1.2,7.8,1.8,1.1,3.6,0.7,3.8,3.6,3.5,3.2,2.1,1.8,1.1,0.8,0.5
2017-05-31 22:34:00+02:00,0.6,1.1,0.3,1.2,7.7,5.2,4.4,1.2,0.6,1.9,1.7,5.4,0.8,2.0,1.0,1.4,0.4,1.8,4.5,7.4,3.9,0.4,4.8,0.7,8.2,2.1,1.4,1.2,7.8,1.6,1.3,3.5,0.8,3.6,3.4,3.3,3.2,2.1,1.8,1.1,0.7,0.4
2017-05-31 22:35:00+02:00,0.6,1.1,0.3,1.3,7.6,5.2,4.4,1.2,0.6,1.9,1.6,5.4,0.8,2.0,0.9,1.4,0.4,1.8,4.5,7.3,3.9,0.4,4.9,0.7,8.0,2.0,1.5,1.2,7.7,1.6,1.2,3.5,0.8,3.5,3.3,3.2,3.1,2.0,1.7,1.1,0.7,0.4
2017-05-31 22:36:00+02:00,0.6,1.6,0.3,1.7,7.8,5.3,4.4,0.9,0.5,1.9,1.7,5.5,0.8,1.7,1.0,1.4,0.4,1.5,4.6,7.5,4.1,0.4,4.9,0.8,8.2,2.1,1.9,1.2,7.9,1.3,1.4,3.6,1.2,3.6,3.4,3.3,3.2,2.1,1.7,1.1,0.7,0.4
2017-05-31 22:37:00+02:00,0.6,1.6,0.3,1.7,7.6,5.4,4.5,0.9,0.5,1.9,1.5,5.5,0.8,1.7,0.8,1.3,0.4,1.5,4.6,7.3,4.1,0.4,5.0,0.8,8.0,1.8,1.9,1.2,7.7,1.3,1.1,3.6,1.2,3.9,3.7,3.6,3.3,2.2,1.8,1.1,0.7,0.4
2017-05-31 22:38:00+02:00,0.6,1.6,0.3,1.7,7.4,5.4,4.4,0.9,0.5,2.0,1.3,5.5,0.8,1.7,0.7,1.4,0.4,1.5,4.6,7.2,4.1,0.4,5.0,0.8,8.2,1.7,1.9,1.2,7.9,1.3,1.1,3.6,1.2,3.2,3.0,2.9,2.4,1.2,0.8,1.1,0.7,0.4
2017-05-31 22:39:00+02:00,0.6,1.5,0.3,1.6,8.4,5.7,4.8,0.9,0.5,2.0,1.2,5.9,0.8,2.1,0.7,1.4,0.4,1.9,4.9,8.1,4.4,0.4,5.3,0.8,9.8,2.3,1.8,1.2,9.5,1.7,1.1,3.9,1.2,3.9,3.7,3.6,2.7,1.6,1.2,1.2,0.7,0.4
2017-05-31 22:40:00+02:00,0.4,1.4,0.3,1.6,8.7,6.0,4.9,0.9,0.5,1.9,1.2,6.1,0.7,2.2,0.7,1.4,0.3,2.0,5.1,8.4,4.5,0.4,5.4,0.8,10.2,2.3,1.8,1.2,9.9,1.7,1.0,4.0,1.2,4.6,4.5,4.3,3.3,2.0,1.6,1.3,0.8,0.5
2017-05-31 22:41:00+02:00,0.4,1.4,0.4,1.7,7.8,5.9,4.8,1.2,0.5,1.9,1.4,6.0,1.0,1.9,0.9,1.3,0.7,1.7,5.0,7.6,4.4,0.4,5.3,0.8,8.4,1.6,1.9,1.2,8.1,1.5,1.2,3.8,1.2,4.4,4.3,4.1,3.3,2.0,1.6,1.3,0.8,0.5
2017-05-31 22:42:00+02:00,0.4,1.4,0.5,2.6,8.4,6.5,5.3,0.8,0.5,1.9,1.4,6.7,0.6,1.5,0.9,1.3,0.2,1.3,5.5,8.2,4.9,0.5,5.9,0.7,9.0,1.6,2.8,1.2,8.6,1.1,1.2,4.4,1.2,3.8,3.7,3.5,3.3,2.0,1.6,1.3,0.8,0.5
2017-05-31 22:43:00+02:00,0.4,1.4,0.5,2.5,8.2,6.3,5.2,0.7,0.5,1.9,1.2,6.5,0.6,1.5,0.9,1.4,0.2,1.3,5.4,7.9,4.8,0.5,5.7,0.8,8.7,1.4,2.8,1.2,8.4,1.1,1.1,4.3,1.2,3.9,3.7,3.5,3.3,2.0,1.6,1.3,0.9,0.5
2017-05-31 22:44:00+02:00,0.4,1.4,0.5,2.5,7.6,5.9,5.0,0.7,0.5,1.9,1.2,6.1,0.6,1.5,0.9,1.4,0.2,1.3,5.2,7.4,4.7,0.5,5.5,0.8,8.4,1.4,2.8,1.2,7.9,1.1,1.0,4.3,1.2,3.8,3.6,3.5,3.2,2.0,1.6,1.2,0.8,0.4
2017-05-31 22:45:00+02:00,0.3,1.4,0.5,2.6,7.4,5.7,4.9,0.7,0.5,1.9,1.1,5.9,0.6,1.4,0.8,1.3,0.2,1.2,5.1,7.2,4.6,0.5,5.4,0.7,8.0,1.3,2.8,1.2,7.7,1.0,1.0,4.2,1.2,4.1,4.0,3.8,3.2,2.0,1.6,1.2,0.7,0.4
2017-05-31 22:46:00+02:00,0.3,1.4,0.5,2.6,7.6,5.8,5.0,0.7,0.5,2.0,1.2,6.0,0.6,1.5,0.9,1.3,0.2,1.3,5.2,7.4,4.8,0.5,5.5,0.7,8.2,1.4,2.9,1.1,7.9,1.1,1.1,4.3,1.2,4.3,4.1,3.9,3.2,2.0,1.6,1.1,0.7,0.4
2017-05-31 22:47:00+02:00,0.3,1.5,0.5,2.2,7.3,5.5,4.7,0.8,0.4,1.9,1.2,5.7,0.6,1.5,0.9,1.3,0.2,1.3,4.8,7.1,4.4,0.6,5.1,0.7,7.8,1.4,2.5,1.2,7.6,1.1,1.0,3.9,1.2,3.8,3.7,3.5,3.2,2.1,1.7,1.1,0.6,0.3
2017-05-31 22:48:00+02:00,0.3,1.4,0.4,2.0,7.6,5.8,5.0,0.8,0.4,1.8,1.2,6.0,0.6,1.4,0.8,1.3,0.2,1.3,5.1,7.4,4.1,0.5,5.4,0.8,8.0,1.4,2.3,1.2,7.9,1.1,1.0,3.7,1.1,4.4,4.3,4.1,3.6,2.4,2.0,1.3,0.8,0.5
2017-05-31 22:49:00+02:00,0.2,1.7,0.3,2.2,9.1,6.1,5.2,0.7,0.6,1.8,2.4,6.3,0.5,1.3,2.0,1.2,0.1,1.2,5.2,8.9,4.2,0.4,5.6,0.7,9.6,2.6,2.4,1.1,9.4,1.1,2.2,3.8,1.4,4.1,3.9,3.7,3.7,2.4,2.0,1.3,0.9,0.5
2017-05-31 22:50:00+02:00,0.2,1.5,0.3,1.9,8.7,5.7,4.7,0.7,0.5,1.7,2.5,5.9,0.5,1.4,2.0,1.2,0.1,1.3,4.7,8.5,4.1,0.4,5.1,0.6,9.2,2.7,2.2,1.1,9.0,1.1,2.3,3.6,1.2,4.0,3.8,3.7,3.6,2.4,2.0,1.3,0.8,0.5
2017-05-31 22:51:00+02:00,1.1,1.4,0.4,1.9,7.0,5.2,4.3,0.7,0.5,2.6,1.4,5.3,0.5,1.3,0.9,2.1,0.1,1.2,4.4,6.8,4.0,0.5,4.7,1.5,7.5,1.5,2.1,2.0,7.3,1.0,1.1,3.5,1.1,4.0,3.8,3.7,3.6,2.4,2.0,1.3,0.8,0.5
2017-05-31 22:52:00+02:00,1.5,1.5,0.4,1.9,6.6,4.9,4.0,0.6,0.6,3.0,1.2,5.0,0.5,1.0,0.7,2.4,0.1,0.9,4.0,6.4,3.7,0.4,4.4,1.9,7.0,1.4,2.1,2.4,6.9,0.7,1.0,3.1,1.2,3.9,3.8,3.6,3.5,2.2,2.0,1.3,0.8,0.5
2017-05-31 22:53:00+02:00,1.4,1.4,0.3,1.9,6.7,5.1,4.0,0.7,0.5,2.9,1.2,5.2,0.6,1.1,0.7,2.4,0.1,0.9,4.2,6.5,3.7,0.4,4.6,1.9,7.1,1.3,2.1,2.3,7.0,0.7,0.9,3.1,1.1,4.0,3.9,3.8,3.6,2.2,2.0,1.4,0.9,0.6
2017-05-31 22:54:00+02:00,1.4,1.5,0.3,2.0,8.4,6.7,5.6,1.8,0.6,2.8,1.1,6.8,1.6,2.5,0.6,2.3,1.2,2.2,5.8,8.2,5.3,0.4,6.2,1.8,8.8,1.4,2.2,2.3,8.7,2.0,0.9,4.7,1.2,3.3,3.2,3.0,2.8,1.6,1.4,1.2,0.7,0.5
2017-05-31 22:55:00+02:00,0.4,1.3,0.3,1.8,8.7,7.1,6.0,2.3,0.4,1.9,1.0,7.2,2.2,3.1,0.6,1.4,1.8,2.9,6.3,8.5,5.6,0.3,6.7,0.9,9.1,1.3,2.0,1.3,9.0,2.7,0.8,5.2,1.0,2.2,2.0,1.9,1.7,0.6,0.4,1.1,0.7,0.4
2017-05-31 22:56:00+02:00,0.4,1.3,0.3,1.7,8.4,6.2,5.0,1.4,0.4,2.1,1.0,6.2,1.3,2.3,0.6,1.4,0.8,2.0,5.3,7.6,4.7,0.4,5.6,0.9,8.9,1.3,2.0,1.3,8.7,1.8,0.8,4.3,1.0,2.1,2.0,1.8,1.6,0.5,0.3,1.1,0.6,0.4
2017-05-31 22:57:00+02:00,0.4,1.5,0.5,2.0,7.8,5.8,4.6,0.9,0.5,2.1,1.2,5.9,0.8,1.7,0.8,1.4,0.3,1.5,4.9,7.4,4.4,0.6,5.3,0.9,8.3,1.5,2.2,1.3,8.1,1.3,1.0,4.0,1.2,2.6,2.5,2.4,2.0,0.8,0.6,1.2,0.8,0.5
2017-05-31 22:58:00+02:00,0.4,1.4,0.5,1.9,7.7,5.8,4.8,0.9,0.4,2.1,1.4,5.9,0.8,1.8,0.9,1.4,0.3,1.6,5.1,7.5,4.5,0.6,5.4,0.9,8.3,1.7,2.2,1.2,8.1,1.4,1.1,4.0,1.1,3.7,3.6,3.5,2.2,1.0,0.7,1.2,0.8,0.5
2017-05-31 22:59:00+02:00,0.4,1.4,0.6,1.9,8.1,6.1,4.9,1.0,0.4,2.1,1.4,6.2,0.9,2.0,1.0,1.4,0.4,1.7,5.2,7.9,4.6,0.7,5.5,0.9,8.7,1.7,2.2,1.2,8.5,1.4,1.2,4.2,1.1,3.7,3.6,3.5,2.2,1.2,0.9,1.1,0.7,0.4
2017-05-31 23:00:00+02:00,0.4,1.5,0.6,1.9,8.2,6.1,4.9,0.8,0.4,2.1,1.4,6.2,0.7,1.9,1.0,1.4,0.3,1.6,5.1,7.9,4.6,0.7,5.5,0.9,8.8,1.7,2.2,1.2,8.6,1.3,1.2,4.1,1.2,3.7,3.6,3.5,2.3,1.2,0.9,1.1,0.7,0.4
2017-05-31 23:01:00+02:00,0.4,1.3,0.6,1.7,7.9,5.9,4.6,0.7,0.4,1.9,1.4,6.0,0.6,1.7,1.0,1.4,0.4,1.5,4.9,7.7,4.2,0.7,5.3,0.9,8.5,1.7,2.0,1.2,8.3,1.2,1.2,3.7,1.1,3.7,3.6,3.5,2.2,1.1,0.9,1.1,0.7,0.5
2017-05-31 23:02:00+02:00,0.4,1.4,0.5,1.8,8.6,6.3,5.0,0.8,0.5,1.9,1.7,6.4,0.6,1.8,0.9,1.4,0.4,1.6,5.3,8.4,4.3,0.7,5.6,0.8,9.2,2.0,2.1,1.2,9.0,1.3,1.5,3.9,1.3,3.4,3.3,3.1,2.2,1.1,0.9,1.1,0.7,0.4
2017-05-31 23:03:00+02:00,0.4,1.5,0.5,1.8,7.9,6.0,4.8,0.7,0.5,1.9,1.4,6.0,0.6,1.7,1.0,1.4,0.3,1.4,5.0,7.7,4.2,0.6,5.3,0.8,8.6,1.7,2.1,1.3,8.3,1.2,1.2,3.7,1.3,2.7,2.6,2.4,2.2,1.2,0.9,1.1,0.7,0.4
2017-05-31 23:04:00+02:00,0.4,1.5,0.5,2.6,8.7,6.8,5.7,0.8,0.6,2.0,1.3,6.9,0.6,1.7,1.0,1.4,0.3,1.5,5.9,8.5,5.0,0.6,6.2,0.9,9.4,1.6,2.9,1.3,9.1,1.2,1.2,4.6,1.3,3.3,2.8,2.6,2.3,1.2,0.9,1.1,0.7,0.4
2017-05-31 23:05:00+02:00,0.4,1.5,0.5,2.5,8.3,6.3,5.2,0.8,0.6,2.0,1.3,6.3,0.6,1.6,1.0,1.4,0.4,1.4,5.4,8.0,4.8,0.6,5.7,0.9,8.9,1.7,2.8,1.3,8.7,1.2,1.1,4.4,1.3,3.6,2.7,2.6,2.3,1.2,0.9,1.1,0.7,0.4
2017-05-31 23:06:00+02:00,0.4,1.0,0.5,1.2,8.4,6.4,5.3,2.2,0.6,2.2,1.3,6.4,2.0,3.1,1.0,1.5,0.3,2.8,5.5,8.1,5.1,0.6,5.8,0.9,9.1,1.7,1.5,1.3,8.8,2.6,1.1,4.6,0.8,2.8,2.7,2.6,2.2,1.1,0.8,1.1,0.7,0.4
2017-05-31 23:07:00+02:00,0.4,1.1,0.5,1.4,8.3,6.4,5.3,2.0,0.6,2.1,1.3,6.4,1.8,2.8,1.0,1.5,0.3,2.6,5.5,8.0,5.0,0.6,5.7,0.9,9.0,1.6,1.7,1.4,8.8,2.4,1.1,4.6,1.0,2.9,2.7,2.5,2.1,1.0,0.8,1.2,0.7,0.4
2017-05-31 23:08:00+02:00,0.4,2.3,0.5,2.6,8.4,6.4,5.2,0.8,0.6,2.0,1.4,6.4,0.6,1.6,1.0,1.5,0.3,1.3,5.5,8.2,5.0,0.6,5.7,0.8,9.2,1.8,2.9,1.3,8.9,1.2,1.1,4.5,2.1,3.2,3.0,2.8,2.4,0.9,0.8,1.5,1.1,0.4
2017-05-31 23:09:00+02:00,0.4,2.2,0.5,2.5,8.3,6.2,5.1,0.8,0.6,2.0,1.4,6.3,0.6,1.5,1.0,1.4,0.4,1.5,5.4,8.0,4.7,0.6,5.6,0.8,9.0,1.8,2.8,1.4,8.7,1.3,1.1,4.3,2.0,2.8,2.6,2.4,2.0,0.7,0.6,1.3,0.9,0.4
2017-05-31 23:10:00+02:00,0.2,0.9,0.5,1.1,7.0,4.9,3.9,0.9,0.4,1.7,1.4,5.0,0.7,1.6,1.0,1.1,0.4,1.5,4.1,6.7,3.4,0.6,4.3,0.5,7.7,1.8,1.4,1.0,7.4,1.4,1.1,2.9,0.7,2.1,2.0,1.8,1.4,0.3,0.1,1.1,0.7,0.4
2017-05-31 23:11:00+02:00,0.2,0.8,0.5,1.2,6.6,4.7,3.7,0.7,0.4,1.6,1.4,4.7,0.5,1.4,0.9,1.0,0.2,1.3,3.9,6.4,3.2,0.5,4.1,0.5,7.4,1.7,1.4,1.0,7.1,1.2,1.0,2.8,0.6,2.2,2.1,1.8,1.4,0.3,0.1,1.2,0.7,0.4
2017-05-31 23:12:00+02:00,1.2,0.8,0.5,1.2,6.7,4.8,3.8,0.6,0.4,2.6,1.3,4.9,0.4,1.4,0.9,2.0,0.1,1.4,4.0,6.5,3.3,0.5,4.2,1.4,7.4,1.6,1.4,1.9,7.1,1.1,1.0,2.8,0.6,2.0,1.9,1.8,1.4,0.2,0.1,1.2,0.7,0.4
2017-05-31 23:13:00+02:00,0.9,1.6,0.4,1.9,7.6,5.5,4.5,0.6,0.4,2.3,1.5,5.6,0.4,1.5,0.8,1.7,0.1,1.5,4.7,7.4,4.1,0.4,4.9,1.1,8.2,1.8,2.1,1.6,7.9,1.1,1.2,3.6,1.3,2.0,1.9,1.8,1.3,0.2,0.1,1.2,0.7,0.4
2017-05-31 23:14:00+02:00,0.2,2.2,0.4,2.5,8.2,6.0,5.1,0.6,0.3,1.6,1.6,6.1,0.4,1.5,0.8,1.0,0.1,1.5,5.3,8.0,4.7,0.4,5.5,0.5,8.6,2.0,2.7,1.0,8.4,1.1,1.3,4.2,1.9,2.1,2.0,1.9,1.5,0.2,0.1,1.2,0.8,0.4
2017-05-31 23:15:00+02:00,0.2,1.2,0.4,1.7,7.5,5.2,4.4,0.6,0.2,1.6,1.7,5.3,0.4,1.5,0.9,1.0,0.1,1.5,4.5,7.3,3.9,0.5,4.8,0.5,7.8,2.0,1.9,1.0,7.6,1.1,1.3,3.4,0.9,2.0,1.9,1.9,1.4,0.2,0.1,1.2,0.8,0.4
2017-05-31 23:16:00+02:00,0.2,0.9,0.4,1.8,7.5,5.3,4.5,0.7,0.2,1.5,1.6,5.4,0.5,1.5,0.9,1.0,0.1,1.5,4.7,7.4,4.0,0.5,4.9,0.5,7.9,2.0,2.0,1.0,7.7,1.2,1.4,3.5,0.5,1.9,1.8,1.8,1.4,0.2,0.1,1.2,0.8,0.4
2017-05-31 23:17:00+02:00,0.2,0.8,0.4,1.3,7.6,5.4,4.5,1.2,0.2,1.5,1.5,5.5,1.0,2.1,0.9,1.0,0.6,2.0,4.8,7.4,4.1,0.5,5.0,0.5,7.9,1.9,1.5,0.9,7.7,1.7,1.2,3.6,0.6,1.9,1.8,1.7,1.4,0.2,0.1,1.2,0.8,0.3
2017-05-31 23:18:00+02:00,0.2,0.7,0.3,1.1,8.8,6.8,4.4,1.4,0.3,1.3,1.4,6.9,1.2,2.2,0.8,0.7,0.8,2.1,4.6,8.6,3.9,0.4,6.4,0.5,9.3,1.7,1.2,0.7,9.0,1.8,1.0,3.4,0.5,1.9,1.8,1.8,1.4,0.2,0.1,1.2,0.8,0.3
2017-05-31 23:19:00+02:00,0.2,0.7,0.3,1.1,7.8,5.8,3.8,0.8,0.3,1.3,1.4,5.9,0.6,1.6,0.8,0.7,0.2,1.5,4.0,7.6,3.3,0.4,5.4,0.5,8.2,1.7,1.2,0.7,7.9,1.2,1.0,2.8,0.5,2.1,1.9,1.9,1.4,0.2,0.1,1.2,0.8,0.3
2017-05-31 23:20:00+02:00,0.2,0.8,0.3,1.1,6.7,4.8,3.8,0.8,0.3,1.3,1.3,4.9,0.6,1.6,0.8,0.8,0.2,1.5,4.0,6.5,3.3,0.5,4.4,0.5,7.2,1.6,1.2,0.7,6.8,1.2,0.9,2.8,0.6,2.0,1.9,1.9,1.4,0.2,0.1,1.2,0.8,0.3
2017-05-31 23:21:00+02:00,0.2,1.3,0.3,1.7,7.3,5.4,4.3,0.8,0.3,1.3,1.3,5.5,0.6,1.6,0.8,0.8,0.2,1.5,4.6,7.2,3.9,0.5,5.0,0.5,7.8,1.7,1.8,0.7,7.4,1.2,0.9,3.4,1.1,2.3,2.1,2.0,1.5,0.5,0.3,1.0,0.8,0.3
2017-05-31 23:22:00+02:00,0.2,1.1,0.2,1.5,7.1,5.2,4.2,0.8,0.3,1.4,1.2,5.4,0.6,1.6,0.7,0.8,0.2,1.5,4.4,7.0,3.7,0.4,4.8,0.5,7.7,1.6,1.6,0.7,7.1,1.2,0.9,3.2,0.9,3.1,2.9,2.9,2.6,1.6,1.4,1.0,0.8,0.3
2017-05-31 23:23:00+02:00,0.2,1.4,0.2,1.8,7.4,5.5,4.5,0.7,0.3,1.3,1.2,5.7,0.6,1.6,0.7,0.8,0.1,1.5,4.7,7.3,4.0,0.4,5.1,0.5,7.7,1.6,1.9,0.7,7.4,1.2,0.9,3.5,1.2,3.3,3.2,3.1,2.8,1.7,1.4,1.1,0.9,0.4
2017-05-31 23:24:00+02:00,0.2,1.3,0.2,1.7,7.0,5.2,4.2,0.8,0.3,1.2,1.1,5.4,0.6,1.5,0.7,0.7,0.2,1.5,4.4,6.9,3.9,0.4,4.8,0.5,7.3,1.5,1.8,0.6,7.0,1.1,0.9,3.3,1.1,3.4,3.2,3.1,2.8,1.2,1.0,1.7,1.4,1.0
2017-05-31 23:25:00+02:00,0.4,1.1,0.3,1.4,7.0,5.2,4.2,1.1,0.3,2.3,1.2,5.4,0.9,1.8,0.8,1.1,0.5,1.7,4.5,6.9,4.0,0.5,4.8,0.8,7.4,1.6,1.6,1.0,7.1,1.4,1.0,3.4,0.9,2.8,2.6,2.5,2.3,0.5,0.3,1.8,1.5,1.1
2017-05-31 23:26:00+02:00,0.4,1.4,0.4,1.7,7.7,5.7,4.6,1.0,0.3,2.8,1.5,5.8,0.8,1.8,1.1,1.2,0.4,1.7,4.8,7.6,4.4,0.6,5.2,0.9,8.1,1.8,2.0,1.1,7.8,1.4,1.3,3.8,1.2,2.7,2.4,2.3,2.0,0.5,0.3,1.6,1.2,0.9
2017-05-31 23:27:00+02:00,0.4,1.4,0.6,1.7,7.6,5.5,4.4,0.8,0.3,2.9,1.7,5.6,0.6,1.6,1.3,1.2,0.2,1.5,4.6,7.5,4.2,0.8,5.0,1.0,7.9,1.9,2.0,1.1,7.7,1.2,1.5,3.6,1.2,3.2,2.9,2.8,2.5,0.5,0.3,2.0,0.6,0.3
2017-05-31 23:28:00+02:00,0.3,1.3,0.6,1.7,7.1,5.1,4.1,0.8,0.3,2.8,1.6,5.2,0.6,1.6,1.1,1.1,0.2,1.6,4.3,7.1,3.9,0.8,4.7,0.8,7.4,1.8,2.0,1.0,7.2,1.2,1.4,3.6,1.1,2.6,2.3,2.2,1.9,0.5,0.3,1.4,0.6,0.3
2017-05-31 23:29:00+02:00,0.3,1.1,0.6,1.5,6.8,4.7,3.9,0.8,0.3,2.7,1.6,4.8,0.6,1.7,1.1,1.1,0.2,1.6,4.1,6.6,3.7,0.8,4.5,0.8,7.1,1.8,1.8,1.0,6.9,1.2,1.4,3.5,0.9,2.1,1.8,1.7,1.4,0.5,0.3,0.9,0.6,0.3
2017-05-31 23:30:00+02:00,0.3,1.4,0.6,1.9,8.1,6.0,5.1,0.8,0.3,2.8,1.6,6.1,0.6,1.7,1.1,1.1,0.2,1.6,5.3,7.9,4.8,0.8,5.7,0.8,8.3,1.8,2.2,1.0,8.2,1.2,1.4,3.8,1.2,1.7,1.5,1.4,1.3,0.4,0.2,0.9,0.6,0.3
2017-05-31 23:31:00+02:00,0.3,1.4,0.6,1.9,8.3,6.2,5.3,0.8,0.3,2.7,1.6,6.4,0.5,1.6,1.1,1.1,0.2,1.5,5.5,8.2,5.1,0.8,5.9,0.9,8.7,1.8,2.2,1.0,8.4,1.2,1.3,3.8,1.2,1.9,1.7,1.7,1.6,0.5,0.3,1.0,0.8,0.5
2017-05-31 23:32:00+02:00,0.3,1.2,0.5,1.6,8.2,6.2,5.2,0.7,0.3,2.7,1.5,6.3,0.5,1.6,1.0,1.1,0.1,1.5,5.4,8.1,5.0,0.7,5.8,0.9,8.5,1.8,2.1,1.0,8.3,1.2,1.3,3.7,1.0,2.7,2.5,2.4,2.3,0.5,0.3,1.8,1.6,1.3
2017-05-31 23:33:00+02:00,0.3,1.3,0.6,1.5,7.7,5.5,4.5,0.8,0.4,2.3,1.7,5.6,0.5,1.6,1.2,1.2,0.1,1.5,4.7,7.6,4.3,0.8,5.2,0.8,7.9,2.0,2.0,1.1,7.8,1.2,1.5,3.5,1.1,2.3,2.1,2.1,1.9,0.5,0.3,1.4,1.2,0.9
2017-05-31 23:34:00+02:00,0.3,1.5,0.6,1.8,8.1,5.9,4.9,0.8,0.4,1.9,1.8,6.0,0.6,1.6,1.3,1.2,0.2,1.5,5.1,8.0,4.5,0.8,5.5,0.8,8.3,2.0,2.1,1.1,8.2,1.2,1.5,3.7,1.3,1.7,1.5,1.5,1.3,0.4,0.3,0.8,0.6,0.3
2017-05-31 23:35:00+02:00,0.3,1.3,0.5,1.5,8.5,6.5,5.6,0.8,0.4,1.8,1.5,6.7,0.5,1.6,1.0,1.1,0.2,1.5,5.8,8.4,4.3,0.7,6.1,0.8,8.8,1.8,1.8,1.1,8.6,1.1,1.3,3.3,1.1,1.8,1.6,1.6,1.3,0.5,0.3,0.9,0.6,0.3
2017-05-31 23:36:00+02:00,0.4,1.6,0.5,1.9,8.8,6.9,5.9,1.3,0.4,1.9,1.5,7.0,1.1,2.0,1.0,1.1,0.2,1.9,6.2,8.7,4.8,0.6,6.5,0.8,9.1,1.7,2.2,1.0,8.9,1.6,1.2,4.2,1.4,1.8,1.6,1.5,1.4,0.5,0.3,1.0,0.6,0.3
2017-05-31 23:37:00+02:00,0.3,1.6,0.5,1.9,8.1,6.0,5.1,1.3,0.4,1.9,1.4,6.2,1.2,2.0,0.9,1.2,0.2,1.9,5.4,8.0,4.8,0.6,5.6,0.7,8.3,1.8,2.2,1.0,8.2,1.6,1.2,4.2,1.4,2.0,1.8,1.7,1.6,0.6,0.3,1.1,0.7,0.3
2017-05-31 23:38:00+02:00,0.3,1.6,0.4,1.8,7.7,5.8,4.9,1.0,0.4,1.9,1.3,6.0,0.9,1.8,0.9,1.1,0.2,1.7,5.2,7.6,4.7,0.5,5.4,0.7,8.0,1.6,2.1,1.0,7.8,1.3,1.1,3.9,1.4,1.9,1.7,1.6,1.5,0.5,0.3,1.0,0.6,0.3
2017-05-31 23:39:00+02:00,0.3,1.6,0.4,1.8,7.1,5.2,4.3,0.7,0.4,1.7,1.4,5.3,0.6,1.4,0.9,1.0,0.2,1.3,4.5,7.0,4.0,0.5,4.8,0.7,7.3,1.6,2.2,0.9,7.2,0.9,1.2,3.5,1.4,1.9,1.7,1.7,1.6,0.6,0.4,1.0,0.6,0.3
2017-05-31 23:40:00+02:00,0.4,1.6,0.4,1.8,6.9,5.0,3.9,0.8,0.4,2.0,1.4,5.1,0.6,1.3,0.9,1.0,0.2,1.2,4.1,6.8,3.7,0.5,4.4,0.7,7.1,1.7,2.1,0.9,7.0,0.9,1.2,3.5,1.4,1.8,1.6,1.6,1.5,0.5,0.3,0.9,0.6,0.3
2017-05-31 23:41:00+02:00,0.4,1.6,0.5,1.9,7.3,5.4,4.5,0.7,0.4,2.2,1.4,5.6,0.6,1.2,0.9,1.0,0.1,1.1,4.7,7.2,3.7,0.6,5.0,0.8,7.7,1.7,2.2,0.9,7.4,0.8,1.2,3.4,1.5,1.8,1.7,1.6,1.5,0.5,0.3,1.0,0.6,0.3
2017-05-31 23:42:00+02:00,0.4,0.9,0.5,1.2,7.2,5.1,4.2,0.7,0.4,2.2,1.5,5.3,0.5,1.2,1.0,1.0,0.1,1.1,4.4,7.1,3.0,0.6,4.7,0.8,7.5,1.8,1.5,0.9,7.3,0.8,1.4,2.7,0.8,1.8,1.7,1.7,1.6,0.6,0.4,1.0,0.6,0.3
2017-05-31 23:43:00+02:00,0.4,0.9,0.5,1.1,5.8,3.9,2.9,0.6,0.4,2.1,1.4,4.0,0.5,1.2,1.0,1.0,0.1,1.1,3.2,5.7,2.7,0.6,3.4,0.8,6.2,1.7,1.4,0.9,6.0,0.8,1.2,2.6,0.7,1.8,1.8,1.8,1.6,0.6,0.4,1.1,0.7,0.4
2017-05-31 23:44:00+02:00,0.4,0.9,0.5,1.1,5.5,3.6,2.9,0.6,0.4,2.6,1.4,3.8,0.5,1.2,1.0,1.0,0.1,1.1,3.1,5.4,2.6,0.6,3.4,0.8,6.0,1.7,1.4,0.9,5.8,0.8,1.2,2.6,0.7,1.8,1.8,1.8,1.6,0.6,0.4,1.1,0.7,0.4
2017-05-31 23:45:00+02:00,0.4,0.9,0.5,1.1,5.5,3.7,3.0,0.6,0.4,2.4,1.4,3.9,0.5,1.3,1.0,1.0,0.1,1.2,3.2,5.5,2.8,0.6,3.5,0.8,5.9,1.6,1.5,0.9,5.7,0.7,1.2,2.7,0.8,2.2,2.2,2.2,1.6,0.6,0.4,1.0,0.6,0.3
2017-05-31 23:46:00+02:00,0.4,1.0,0.5,1.2,5.5,3.6,3.0,0.5,0.4,2.5,1.4,3.8,0.4,1.2,1.0,1.0,0.1,1.1,3.1,5.4,2.8,0.6,3.4,0.7,5.7,1.6,1.5,0.9,5.5,0.7,1.2,2.7,0.9,2.6,2.5,2.5,1.7,0.6,0.4,1.1,0.7,0.4
2017-05-31 23:47:00+02:00,0.4,1.0,0.5,1.2,5.3,3.5,2.9,0.5,0.4,2.3,1.3,3.7,0.4,1.1,0.9,1.1,0.1,1.0,3.0,5.2,2.6,0.6,3.3,0.7,5.5,1.5,1.4,0.9,5.4,0.7,1.2,2.5,0.8,2.4,2.4,2.3,1.5,0.6,0.3,0.9,0.6,0.3
2017-05-31 23:48:00+02:00,0.4,0.8,0.5,1.0,5.2,3.4,2.8,0.6,0.2,2.2,1.3,3.6,0.4,1.1,0.9,1.1,0.1,1.1,2.9,5.1,2.5,0.6,3.2,0.8,5.8,1.5,1.3,0.9,5.3,0.7,1.2,2.4,0.7,2.2,2.1,2.1,1.5,0.6,0.3,0.9,0.6,0.3
2017-05-31 23:49:00+02:00,0.4,0.8,0.5,0.9,5.1,3.4,2.7,0.7,0.1,2.4,1.3,3.6,0.5,1.2,0.9,1.1,0.2,1.1,2.9,5.1,2.5,0.6,3.2,0.8,5.9,1.5,1.2,0.9,5.2,0.8,1.2,2.4,0.6,1.7,1.7,1.7,1.5,0.6,0.3,0.9,0.6,0.3
2017-05-31 23:50:00+02:00,0.4,0.9,0.5,1.1,5.2,3.5,2.8,0.6,0.1,2.3,1.3,3.7,0.5,1.1,0.9,1.1,0.2,1.1,3.0,5.2,2.6,0.6,3.3,0.8,5.6,1.5,1.4,0.9,5.3,0.8,1.2,2.5,0.8,1.8,1.8,1.8,1.5,0.6,0.3,0.9,0.6,0.3
2017-05-31 23:51:00+02:00,0.3,1.0,0.5,1.2,6.0,4.2,3.6,0.6,0.1,2.1,1.4,4.3,0.5,1.1,1.0,1.0,0.3,1.1,3.8,5.9,3.3,0.7,4.0,0.7,6.3,1.6,1.4,0.8,6.1,0.8,1.3,2.6,0.8,1.8,1.8,1.7,1.5,0.7,0.3,0.9,0.6,0.3
2017-05-31 23:52:00+02:00,0.3,1.0,0.5,1.2,7.6,5.9,5.2,1.6,0.1,2.1,1.4,6.0,1.5,2.2,1.0,0.9,0.3,2.1,5.4,7.5,5.0,0.6,5.7,0.7,7.9,1.6,1.4,0.8,7.7,1.8,1.2,3.6,0.8,1.6,1.6,1.5,1.3,0.4,0.3,0.9,0.6,0.4
2017-05-31 23:53:00+02:00,0.3,1.0,0.6,1.2,8.7,6.8,5.1,1.6,0.1,2.0,1.5,6.8,1.4,2.1,1.1,1.0,0.3,2.0,5.3,8.6,4.8,0.6,5.5,0.7,9.0,1.8,1.4,0.8,8.7,1.7,1.4,3.5,0.8,1.6,1.6,1.5,1.3,0.4,0.3,0.9,0.6,0.4
2017-05-31 23:54:00+02:00,0.3,1.0,0.5,1.2,7.2,5.4,4.1,0.6,0.1,2.0,1.5,5.4,0.4,1.1,1.0,0.9,0.2,1.0,4.3,7.2,3.8,0.6,4.6,0.7,7.5,1.7,1.4,0.8,7.3,0.7,1.3,2.5,0.8,1.8,1.8,1.8,1.5,0.6,0.4,1.0,0.7,0.4
2017-05-31 23:55:00+02:00,0.3,1.0,0.5,1.2,6.6,4.7,4.1,0.5,0.1,1.5,1.4,4.8,0.3,1.0,1.0,0.8,0.1,0.9,4.3,6.5,3.7,0.6,4.6,0.6,6.9,1.7,1.5,0.7,6.7,0.6,1.2,2.5,0.8,2.2,2.1,2.1,1.8,0.8,0.7,1.0,0.7,0.4
2017-05-31 23:56:00+02:00,0.3,1.0,0.5,1.3,5.7,3.9,3.2,0.5,0.2,1.1,1.4,3.9,0.3,1.0,1.0,0.8,0.1,0.9,3.4,5.5,2.8,0.5,3.7,0.6,5.9,1.6,1.6,0.7,5.7,0.6,1.2,2.5,0.9,2.4,2.3,2.3,2.0,1.0,0.8,1.0,0.7,0.4
2017-05-31 23:57:00+02:00,0.3,1.0,0.4,1.3,5.7,3.9,3.2,0.4,0.2,1.2,1.4,4.0,0.3,1.0,1.0,0.8,0.1,0.9,3.4,5.6,2.9,0.5,3.7,0.5,6.0,1.7,1.6,0.7,5.8,0.6,1.2,2.6,0.9,3.3,3.3,3.2,2.9,1.9,1.7,1.1,0.7,0.4
2017-05-31 23:58:00+02:00,0.3,1.4,0.4,1.7,6.1,4.4,3.8,0.5,0.5,1.1,1.3,4.5,0.4,1.1,1.0,0.8,0.2,1.0,3.9,6.0,3.4,0.4,4.3,0.5,6.4,1.5,2.0,0.7,6.2,0.7,1.1,3.1,1.3,3.5,3.5,3.5,3.2,2.1,1.8,1.1,0.7,0.4
2017-05-31 23:59:00+02:00,0.3,1.7,0.5,1.9,7.3,5.5,4.9,1.4,0.8,1.3,1.4,5.6,1.3,2.0,1.0,0.8,0.2,1.9,5.0,7.2,4.5,0.6,5.4,0.5,7.7,1.6,2.2,0.7,7.4,1.6,1.2,4.2,1.5,4.5,4.4,4.4,4.0,3.0,1.8,1.1,0.7,0.4
2017-06-01 00:00:00+02:00,0.3,1.7,0.4,2.0,7.3,5.6,4.8,1.3,0.9,1.1,1.2,5.7,1.1,1.8,0.9,0.8,0.2,1.7,5.0,7.2,4.4,0.5,5.3,0.5,7.7,1.5,2.3,0.7,7.4,1.4,1.1,4.1,1.6,4.0,3.9,3.9,3.5,2.5,1.7,1.0,0.7,0.4
2017-06-01 00:01:00+02:00,0.3,1.6,0.5,1.8,6.7,4.9,4.1,0.7,0.8,1.8,1.3,5.0,0.6,1.4,1.1,0.8,0.2,1.2,4.2,6.6,3.7,0.6,4.6,0.5,7.1,1.6,2.1,0.6,6.8,0.9,1.2,3.5,1.5,3.4,3.3,3.3,2.9,1.8,1.7,1.1,0.6,0.3
2017-06-01 00:02:00+02:00,0.2,1.6,0.4,1.8,6.8,5.0,4.2,0.7,0.7,2.5,1.4,5.1,0.6,1.4,1.1,1.6,0.2,1.3,4.3,6.7,3.7,0.5,4.7,0.5,7.2,1.6,2.1,1.4,7.0,0.9,1.2,3.5,1.5,2.4,2.3,2.3,1.8,0.9,0.8,1.0,0.5,0.2
2017-06-01 00:03:00+02:00,0.2,1.0,0.4,1.3,6.2,4.5,3.7,0.8,0.2,2.0,1.3,4.6,0.6,1.4,1.0,0.8,0.2,1.3,3.9,6.0,3.3,0.5,4.2,0.5,6.6,1.5,1.6,0.6,6.4,1.0,1.1,3.1,0.9,2.7,2.6,2.6,1.8,0.7,0.6,1.1,0.7,0.4
2017-06-01 00:04:00+02:00,0.2,1.0,0.3,1.3,6.0,4.4,3.6,0.7,0.2,1.9,1.2,4.5,0.6,1.4,0.9,0.8,0.2,1.3,3.8,5.8,3.2,0.4,4.1,0.5,6.4,1.4,1.6,0.6,6.2,0.9,1.1,3.0,0.9,4.4,4.4,4.4,1.6,0.6,0.5,1.0,0.5,0.2
2017-06-01 00:05:00+02:00,0.2,1.0,0.3,1.3,6.4,4.5,3.7,0.8,0.2,2.3,1.5,4.6,0.7,1.5,0.8,1.3,0.2,1.4,3.9,6.3,3.3,0.4,4.3,0.5,6.8,1.7,1.6,1.2,6.6,1.0,1.3,3.1,0.9,4.4,4.4,4.4,1.7,0.7,0.6,1.0,0.5,0.2
2017-06-01 00:06:00+02:00,0.2,0.6,0.3,0.9,5.9,4.2,3.4,0.8,0.2,2.5,1.2,4.4,0.6,1.5,0.8,1.2,0.2,1.4,3.6,5.7,3.0,0.3,4.0,0.5,6.3,1.5,1.2,1.1,6.1,1.1,1.1,2.8,0.4,4.6,4.6,4.5,1.8,0.6,0.5,1.2,0.7,0.4
2017-06-01 00:07:00+02:00,0.2,0.5,0.3,0.8,6.0,4.0,3.2,0.8,0.2,1.9,1.6,4.1,0.6,1.5,0.8,0.6,0.2,1.4,3.4,5.9,2.8,0.3,3.8,0.5,6.4,1.9,1.1,0.6,6.2,1.1,1.5,2.6,0.4,5.9,5.9,5.9,3.1,0.8,0.5,2.3,1.9,1.6
2017-06-01 00:08:00+02:00,0.2,0.5,0.3,0.7,6.2,4.0,3.3,0.9,0.2,1.8,1.9,4.1,0.7,1.6,0.8,0.6,0.2,1.5,3.4,6.1,2.9,0.4,3.8,0.5,6.5,2.1,1.1,0.6,6.3,1.2,1.8,2.6,0.4,4.6,4.6,4.6,1.8,0.8,0.5,1.0,0.5,0.2
2017-06-01 00:09:00+02:00,0.2,0.5,0.3,0.7,5.6,3.8,3.1,0.7,0.2,1.9,1.5,3.8,0.5,1.4,0.8,0.6,0.2,1.3,3.2,5.5,2.7,0.4,3.6,0.5,5.9,1.7,1.1,0.6,5.7,0.9,1.4,2.4,0.4,4.6,4.6,4.6,1.8,0.8,0.5,1.0,0.5,0.2
2017-06-01 00:10:00+02:00,0.2,1.2,0.3,1.4,6.5,4.5,3.8,0.7,0.2,2.6,1.6,4.6,0.5,1.3,0.8,1.9,0.1,1.2,3.9,6.3,3.3,0.4,4.3,1.8,6.8,1.8,1.8,1.9,6.6,0.8,1.4,3.0,1.0,4.8,4.7,4.7,1.8,0.8,0.4,1.1,0.5,0.2
2017-06-01 00:11:00+02:00,0.2,1.6,0.2,1.9,7.2,5.0,4.2,0.7,0.2,2.4,1.6,5.0,0.5,1.3,0.7,2.0,0.1,1.2,4.3,7.1,3.7,0.3,4.7,1.9,7.5,2.1,2.2,2.0,7.3,0.8,1.5,3.4,1.4,4.8,4.8,4.8,1.9,0.9,0.5,1.0,0.5,0.2
2017-06-01 00:12:00+02:00,0.2,0.6,0.1,0.9,5.2,3.7,3.0,0.6,0.2,2.2,1.2,3.7,0.4,1.1,0.6,1.9,0.1,1.0,3.1,5.1,2.5,0.2,3.5,1.8,5.6,1.4,1.2,1.8,5.4,0.7,1.0,2.3,0.6,4.1,4.1,4.1,1.9,0.9,0.5,1.0,0.5,0.2
2017-06-01 00:13:00+02:00,0.2,0.5,0.1,0.7,4.8,3.4,2.8,0.5,0.2,0.8,1.0,3.4,0.4,1.1,0.7,0.6,0.1,1.0,2.9,4.7,2.3,0.3,3.3,0.4,5.1,1.3,1.0,0.5,4.9,0.7,0.9,2.1,0.4,2.0,2.0,2.0,1.8,0.9,0.5,0.9,0.5,0.2
2017-06-01 00:14:00+02:00,0.2,0.5,0.1,0.7,5.0,3.4,2.7,0.5,0.2,0.8,1.2,3.5,0.4,1.1,0.7,0.5,0.1,1.0,2.8,4.9,2.3,0.3,3.2,0.4,5.3,1.4,1.0,0.4,5.0,0.6,1.0,2.1,0.4,2.1,2.0,2.0,1.9,1.0,0.6,0.9,0.5,0.2
2017-06-01 00:15:00+02:00,0.2,0.5,0.1,0.7,4.8,3.3,2.6,0.6,0.2,0.8,1.2,3.4,0.5,1.1,0.7,0.5,0.1,1.0,2.8,4.7,2.3,0.3,3.1,0.4,5.1,1.3,1.0,0.4,4.9,0.7,1.0,2.1,0.4,2.0,2.0,2.0,1.8,1.0,0.6,0.9,0.5,0.2
2017-06-01 00:16:00+02:00,0.2,0.5,0.1,0.7,4.8,3.3,2.6,0.7,0.2,0.8,1.1,3.4,0.4,1.1,0.7,0.5,0.1,1.1,2.8,4.7,2.3,0.3,3.1,0.4,5.1,1.3,1.0,0.4,4.9,0.8,0.9,2.1,0.4,2.2,2.1,2.1,2.0,1.0,0.6,1.0,0.6,0.3
2017-06-01 00:17:00+02:00,0.1,0.5,0.1,0.7,4.7,3.2,2.5,0.7,0.2,0.8,1.2,3.3,0.4,1.1,0.7,0.5,0.1,1.1,2.7,4.6,2.3,0.3,3.0,0.3,5.0,1.3,0.9,0.4,4.8,0.8,1.0,2.0,0.4,2.3,2.3,2.2,2.1,1.0,0.6,1.2,0.8,0.5
2017-06-01 00:18:00+02:00,0.1,0.5,0.1,0.7,4.7,3.3,2.6,0.7,0.1,0.9,1.2,3.3,0.5,1.2,0.7,0.6,0.1,1.1,2.8,4.6,2.3,0.3,3.1,0.3,5.0,1.3,0.9,0.5,4.8,0.8,1.0,2.1,0.3,2.3,2.3,2.2,2.1,0.9,0.6,1.2,0.7,0.4
2017-06-01 00:19:00+02:00,0.1,1.2,0.1,1.3,5.5,3.9,3.2,0.7,0.1,0.9,1.2,4.0,0.5,1.2,0.7,0.5,0.1,1.1,3.4,5.5,2.9,0.2,3.7,0.3,5.8,1.5,1.6,0.5,5.6,0.8,1.0,2.7,1.0,2.7,2.6,2.5,2.0,1.0,0.6,1.1,0.6,0.3
2017-06-01 00:20:00+02:00,0.1,1.5,0.1,1.6,6.0,4.1,3.5,0.7,0.1,1.1,1.2,4.5,0.5,1.2,0.7,0.7,0.1,1.2,3.8,5.9,3.3,0.2,3.9,0.3,6.2,1.5,1.9,0.6,6.0,0.9,1.0,3.1,1.3,2.6,2.6,2.5,2.0,1.0,0.6,1.1,0.6,0.3
2017-06-01 00:21:00+02:00,0.1,0.5,0.1,0.8,5.3,3.2,2.7,0.7,0.1,1.2,1.2,4.0,0.5,1.2,0.7,0.9,0.1,1.2,2.9,5.3,2.4,0.2,3.0,0.3,5.6,1.3,1.0,0.8,5.4,0.9,1.0,2.2,0.4,2.7,2.6,2.5,2.1,1.0,0.6,1.1,0.6,0.3
2017-06-01 00:22:00+02:00,0.2,0.6,0.1,0.8,4.6,3.3,2.7,0.7,0.1,1.1,1.1,3.3,0.5,1.2,0.6,0.8,0.1,1.2,2.9,4.6,2.5,0.2,3.1,0.5,4.9,1.3,1.0,0.7,4.7,0.9,0.9,2.2,0.4,2.4,2.4,2.3,1.9,0.7,0.5,1.1,0.6,0.3
2017-06-01 00:23:00+02:00,0.2,0.6,0.1,0.9,4.5,3.1,2.6,0.5,0.2,1.6,1.2,3.2,0.3,1.1,0.6,1.2,0.1,1.0,2.8,4.4,2.4,0.2,2.9,1.0,4.8,1.2,1.1,1.1,4.6,0.7,1.0,2.1,0.5,2.4,2.4,2.3,1.8,0.7,0.5,1.1,0.6,0.3
2017-06-01 00:24:00+02:00,0.2,0.7,0.1,0.9,5.1,3.7,3.2,1.0,0.2,0.9,1.1,3.8,0.8,1.5,0.6,0.6,0.1,1.4,3.4,5.1,2.9,0.2,3.5,0.4,5.4,1.3,1.1,0.5,5.2,1.1,0.9,2.6,0.5,2.3,2.2,2.2,1.7,0.6,0.4,1.1,0.6,0.3
2017-06-01 00:25:00+02:00,0.2,0.7,0.1,0.9,5.7,4.3,3.8,1.5,0.2,1.3,1.1,4.4,1.3,2.0,0.6,1.0,0.1,1.9,4.0,5.6,3.5,0.2,4.1,0.7,6.0,1.3,1.2,0.9,5.7,1.6,0.9,3.2,0.5,2.1,2.0,2.0,1.5,0.5,0.2,1.1,0.6,0.3
2017-06-01 00:26:00+02:00,0.2,0.6,0.4,0.8,5.6,4.0,3.5,1.3,0.1,1.5,1.4,4.1,1.1,1.8,0.9,1.3,0.1,1.7,3.7,5.6,3.2,0.6,3.9,0.8,5.9,1.5,1.1,1.2,5.7,1.4,1.2,2.9,0.4,2.1,2.0,2.0,1.5,0.5,0.2,1.1,0.6,0.3
2017-06-01 00:27:00+02:00,0.2,0.7,0.1,0.9,4.5,3.3,2.7,0.4,0.2,1.1,1.0,3.3,0.2,0.9,0.6,0.9,0.1,0.8,3.0,4.5,2.3,0.3,3.1,0.8,4.9,1.1,1.1,0.8,4.6,0.5,0.9,2.1,0.5,2.1,2.0,2.0,1.6,0.5,0.2,1.1,0.6,0.3
2017-06-01 00:28:00+02:00,0.2,0.7,0.1,1.0,4.3,3.3,2.7,0.4,0.2,1.1,0.9,3.3,0.2,0.9,0.6,0.9,0.1,0.7,2.9,4.3,2.3,0.3,3.1,0.7,4.8,1.0,1.2,0.8,4.4,0.5,0.7,2.1,0.5,2.1,2.0,2.0,1.6,0.5,0.2,1.1,0.6,0.3
2017-06-01 00:29:00+02:00,0.1,0.7,0.1,0.9,4.5,3.4,2.5,0.4,0.2,1.1,0.9,3.4,0.2,0.9,0.6,0.8,0.1,0.7,2.8,4.5,2.2,0.3,3.0,0.7,4.9,1.0,1.1,0.8,4.6,0.5,0.8,2.0,0.5,2.1,2.0,2.0,1.7,0.5,0.2,1.2,0.7,0.3
2017-06-01 00:30:00+02:00,0.1,0.7,0.1,0.9,5.5,4.4,2.5,0.5,0.2,1.0,0.9,4.4,0.3,0.9,0.6,0.8,0.1,0.8,2.8,5.5,2.3,0.3,4.0,0.6,5.8,1.0,1.1,0.7,5.6,0.6,0.8,2.1,0.5,2.1,2.1,2.1,1.7,0.5,0.2,1.3,0.7,0.4
2017-06-01 00:31:00+02:00,0.1,0.8,0.2,0.9,5.8,4.4,2.9,0.8,0.1,0.9,1.0,4.5,0.6,1.3,0.8,0.7,0.1,1.1,3.2,5.8,2.7,0.4,4.1,0.6,6.2,1.3,1.2,0.7,5.9,0.9,0.9,2.5,0.5,2.5,2.5,2.5,1.7,0.5,0.2,1.2,0.7,0.3
2017-06-01 00:32:00+02:00,0.1,0.7,0.2,1.0,5.0,3.6,2.9,0.8,0.2,0.8,1.0,3.6,0.6,1.2,0.8,0.7,0.1,1.1,3.2,4.9,2.7,0.4,3.4,0.6,5.4,1.3,1.3,0.7,5.1,0.8,0.9,2.5,0.5,2.6,2.5,2.5,1.7,0.5,0.3,1.2,0.7,0.4
2017-06-01 00:33:00+02:00,0.1,0.7,0.2,1.0,4.9,3.5,2.9,0.7,0.1,0.9,1.0,3.5,0.6,1.2,0.8,0.8,0.1,1.1,3.1,4.8,2.7,0.4,3.3,0.6,5.2,1.3,1.3,0.8,5.0,0.9,0.9,2.5,0.5,2.4,2.4,2.3,1.7,0.5,0.2,1.3,0.7,0.4
2017-06-01 00:34:00+02:00,0.1,1.6,0.2,1.9,5.9,4.5,3.9,0.8,0.1,1.0,1.0,4.5,0.6,1.2,0.8,0.9,0.1,1.1,4.1,5.8,3.6,0.5,4.3,0.5,6.2,1.3,2.2,0.8,6.0,0.9,0.9,3.4,1.4,2.1,2.1,2.1,1.7,0.4,0.2,1.2,0.7,0.4
2017-06-01 00:35:00+02:00,0.1,1.6,0.2,1.9,6.0,4.5,3.7,0.6,0.1,1.0,1.0,4.6,0.4,1.1,0.8,0.9,0.1,1.0,4.0,5.9,3.5,0.5,4.3,0.5,6.3,1.3,2.2,0.8,6.1,0.7,0.9,3.3,1.4,2.2,2.1,2.1,1.7,0.4,0.2,1.2,0.7,0.4
2017-06-01 00:36:00+02:00,0.1,0.6,0.1,1.0,4.9,3.5,2.8,0.6,0.2,0.9,0.9,3.6,0.4,1.1,0.7,0.8,0.1,1.0,3.0,4.8,2.6,0.4,3.3,0.5,5.2,1.2,1.3,0.7,5.1,0.7,0.8,2.3,0.5,2.0,2.0,1.9,1.5,0.5,0.3,1.1,0.7,0.4
2017-06-01 00:37:00+02:00,0.1,0.6,0.2,0.9,4.9,3.4,2.7,0.6,0.2,0.9,1.0,3.6,0.4,1.1,0.7,0.8,0.1,1.0,2.9,4.7,2.5,0.5,3.2,0.5,5.1,1.2,1.2,0.7,5.0,0.7,0.8,2.3,0.5,1.9,1.9,1.8,1.4,0.3,0.3,1.1,0.7,0.4
2017-06-01 00:38:00+02:00,0.1,0.7,0.2,0.9,4.9,3.4,2.7,0.6,0.2,0.9,1.0,3.5,0.4,1.1,0.7,0.7,0.1,1.0,2.9,4.8,2.5,0.5,3.2,0.5,5.2,1.2,1.2,0.7,5.0,0.7,0.8,2.3,0.6,1.8,1.8,1.7,1.4,0.3,0.3,1.1,0.7,0.4
2017-06-01 00:39:00+02:00,0.1,0.6,0.2,0.8,5.1,3.5,2.8,0.6,0.2,0.9,1.0,3.7,0.4,1.3,0.7,0.7,0.1,1.2,3.0,4.9,2.6,0.4,3.3,0.5,5.3,1.2,1.1,0.7,5.2,0.7,0.9,2.4,0.5,1.7,1.7,1.6,1.4,0.3,0.3,1.1,0.7,0.4
2017-06-01 00:40:00+02:00,0.3,0.9,0.2,1.1,5.5,4.1,3.4,0.6,0.2,1.0,1.1,4.2,0.4,1.6,0.6,0.7,0.1,1.5,3.6,5.4,3.1,0.4,3.8,0.4,5.8,1.2,1.4,0.6,5.6,0.7,0.9,3.0,0.8,1.6,1.6,1.5,1.2,0.3,0.2,1.0,0.6,0.4
2017-06-01 00:41:00+02:00,0.3,0.9,0.2,1.1,5.6,3.6,2.9,0.6,0.2,1.0,1.2,4.2,0.5,1.1,0.8,0.7,0.1,1.1,3.1,5.5,2.7,0.6,3.4,0.4,5.9,1.3,1.4,0.7,5.7,0.8,1.0,2.6,0.8,1.6,1.6,1.5,1.2,0.3,0.2,1.0,0.6,0.3
2017-06-01 00:42:00+02:00,0.3,1.0,0.2,1.2,5.0,3.5,2.9,0.6,0.2,1.0,1.2,3.6,0.5,1.0,0.8,0.7,0.1,1.0,3.1,4.9,2.7,0.5,3.4,0.4,5.4,1.3,1.5,0.6,5.2,0.8,1.0,2.6,0.9,1.6,1.5,1.5,1.2,0.3,0.2,0.9,0.5,0.3
2017-06-01 00:43:00+02:00,0.3,1.0,0.2,1.1,4.8,3.4,2.9,0.7,0.2,1.0,1.0,3.5,0.6,1.1,0.7,0.6,0.1,1.0,3.0,4.7,2.6,0.5,3.3,0.4,5.0,1.1,1.4,0.6,4.8,0.8,0.8,2.5,0.8,1.6,1.6,1.5,1.2,0.4,0.2,0.9,0.5,0.3
2017-06-01 00:44:00+02:00,0.3,0.5,0.2,0.7,4.4,3.1,2.4,0.7,0.2,1.0,1.0,3.2,0.6,1.1,0.7,0.6,0.1,1.0,2.5,4.3,2.2,0.5,2.8,0.4,4.6,1.1,1.0,0.6,4.4,0.8,0.8,2.0,0.4,1.7,1.6,1.6,1.2,0.3,0.2,0.9,0.5,0.3
2017-06-01 00:45:00+02:00,0.3,0.5,0.2,0.7,4.6,3.1,2.4,0.7,0.2,0.9,1.0,3.2,0.6,1.1,0.8,0.6,0.1,1.1,2.6,4.4,2.2,0.5,2.9,0.4,4.7,1.1,1.0,0.6,4.6,0.9,0.9,2.1,0.4,1.8,1.8,1.8,1.3,0.4,0.2,0.9,0.5,0.3
2017-06-01 00:46:00+02:00,0.3,0.5,0.2,0.6,4.2,2.9,2.2,0.5,0.1,0.8,0.9,3.0,0.4,0.9,0.6,0.6,0.1,0.9,2.4,4.1,2.0,0.4,2.6,0.4,4.5,1.0,0.9,0.6,4.2,0.7,0.7,1.9,0.4,1.8,1.8,1.8,1.3,0.4,0.2,0.9,0.5,0.3
2017-06-01 00:47:00+02:00,0.2,0.5,0.2,0.9,4.5,3.2,2.5,0.5,0.1,0.7,0.9,3.3,0.4,0.9,0.6,0.6,0.1,0.9,2.7,4.3,2.2,0.4,2.9,0.4,4.7,1.0,1.2,0.6,4.5,0.7,0.7,2.1,0.3,1.8,1.8,1.8,1.3,0.6,0.2,0.7,0.3,0.1
2017-06-01 00:48:00+02:00,0.2,0.6,0.2,0.9,4.5,3.2,2.5,0.5,0.2,0.8,0.9,3.3,0.4,0.9,0.6,0.6,0.1,0.9,2.6,4.3,2.3,0.4,2.9,0.4,4.8,1.1,1.2,0.6,4.6,0.7,0.8,2.1,0.4,2.0,1.9,1.9,1.4,0.6,0.2,0.8,0.4,0.2
2017-06-01 00:49:00+02:00,0.2,0.6,0.2,0.9,4.6,3.2,2.5,0.5,0.2,0.8,0.9,3.4,0.4,0.9,0.7,0.6,0.1,0.9,2.6,4.4,2.3,0.4,3.0,0.4,4.8,1.1,1.2,0.6,4.7,0.7,0.8,2.1,0.4,2.3,2.3,2.2,1.3,0.6,0.2,0.7,0.3,0.1
2017-06-01 00:50:00+02:00,0.2,0.6,0.2,0.9,4.7,3.3,2.5,0.5,0.2,0.8,1.0,3.4,0.4,0.9,0.7,0.7,0.1,0.9,2.6,4.5,2.2,0.4,3.0,0.4,4.9,1.1,1.2,0.6,4.7,0.7,0.8,2.1,0.4,2.3,2.3,2.2,1.4,0.6,0.2,0.8,0.4,0.1
2017-06-01 00:51:00+02:00,0.2,0.7,0.2,1.0,4.7,3.4,2.5,0.5,0.2,0.9,1.0,3.5,0.4,0.9,0.7,0.7,0.1,0.9,2.6,4.5,2.3,0.4,3.1,0.4,4.9,1.1,1.2,0.6,4.7,0.7,0.8,2.1,0.5,2.3,2.2,2.2,1.3,0.6,0.2,0.7,0.4,0.2
2017-06-01 00:52:00+02:00,0.3,0.6,0.2,0.9,4.7,3.4,2.6,0.5,0.1,0.9,0.9,3.5,0.4,1.0,0.7,0.7,0.1,1.0,2.7,4.6,2.4,0.4,3.1,0.5,4.9,1.1,1.2,0.7,4.8,0.7,0.8,2.2,0.5,2.0,2.0,1.9,1.0,0.4,0.2,0.6,0.3,0.1
2017-06-01 00:53:00+02:00,0.3,1.7,0.2,1.9,5.8,4.5,3.7,0.6,0.2,0.9,1.0,4.6,0.4,1.1,0.7,0.7,0.1,1.0,3.8,5.7,3.4,0.4,4.2,0.5,6.0,1.1,2.2,0.7,5.9,0.7,0.8,3.3,1.5,2.4,2.3,2.3,1.0,0.4,0.2,0.7,0.4,0.2
2017-06-01 00:54:00+02:00,0.3,1.6,0.2,1.8,5.6,4.3,3.4,0.6,0.2,0.9,0.9,4.4,0.4,1.0,0.7,0.7,0.1,0.9,3.5,5.5,3.3,0.4,4.0,0.5,5.8,1.1,2.1,0.7,5.7,0.6,0.8,3.1,1.4,2.4,2.4,2.4,1.0,0.4,0.2,0.6,0.3,0.1
2017-06-01 00:55:00+02:00,0.5,0.7,0.2,0.9,5.2,3.9,3.0,0.6,0.2,1.8,1.0,4.0,0.4,1.0,0.7,1.5,0.1,0.9,3.1,5.1,3.0,0.4,3.6,1.3,5.4,1.1,1.8,1.5,5.3,0.6,0.8,2.8,0.5,2.4,2.4,2.3,1.0,0.4,0.2,0.7,0.4,0.2
2017-06-01 00:56:00+02:00,0.3,0.7,0.1,1.0,5.4,4.1,3.2,0.6,0.2,2.5,0.9,4.2,0.5,1.0,0.6,2.1,0.1,0.9,3.3,5.2,3.2,0.3,3.8,1.7,5.5,1.1,2.0,2.0,5.4,0.7,0.7,2.9,0.5,1.9,1.8,1.8,1.0,0.4,0.2,0.6,0.4,0.1
2017-06-01 00:57:00+02:00,0.2,0.7,0.1,1.0,5.2,4.0,3.2,0.6,0.2,1.5,0.8,4.1,0.5,0.9,0.6,1.1,0.1,0.8,3.3,5.1,3.1,0.3,3.8,0.8,5.4,1.0,2.0,1.1,5.3,0.7,0.7,2.9,0.5,1.9,1.9,1.9,1.0,0.4,0.2,0.6,0.4,0.1
2017-06-01 00:58:00+02:00,0.2,0.7,0.1,1.0,5.2,3.8,3.0,0.6,0.2,1.2,0.8,4.0,0.5,0.8,0.5,0.9,0.1,0.8,3.1,5.1,2.9,0.3,3.6,0.5,5.4,1.1,2.0,0.8,5.3,0.7,0.6,2.8,0.6,1.8,1.8,1.7,1.0,0.3,0.2,0.7,0.4,0.2
2017-06-01 00:59:00+02:00,0.1,0.8,0.1,1.0,5.1,3.8,3.0,0.6,0.2,1.2,0.8,3.9,0.5,0.9,0.5,0.8,0.1,0.8,3.1,5.0,2.9,0.3,3.6,0.5,5.4,1.1,2.0,0.8,5.3,0.7,0.6,2.8,0.6,1.8,1.8,1.8,1.0,0.3,0.2,0.6,0.4,0.1
2017-06-01 01:00:00+02:00,0.1,0.7,0.1,0.9,5.3,4.0,3.2,0.9,0.2,1.2,0.8,4.1,0.8,1.1,0.5,0.8,0.1,1.1,3.3,5.2,3.1,0.3,3.8,0.5,5.6,1.1,1.9,0.7,5.4,1.0,0.6,3.0,0.5,1.8,1.8,1.7,1.0,0.3,0.2,0.7,0.4,0.1
2017-06-01 01:01:00+02:00,0.2,0.6,0.2,1.0,4.7,3.7,2.9,0.8,0.2,1.3,0.7,3.7,0.5,1.2,0.4,1.0,0.1,1.2,3.0,4.5,2.7,0.3,3.3,0.6,4.9,0.8,1.3,0.8,4.8,1.0,0.5,2.5,0.4,1.6,1.6,1.6,0.7,0.2,0.1,0.5,0.3,0.2
2017-06-01 01:02:00+02:00,0.2,0.6,0.2,1.0,4.7,3.7,2.9,0.8,0.2,1.2,0.8,3.8,0.5,1.2,0.4,0.9,0.1,1.2,3.0,4.6,2.7,0.3,3.4,0.6,5.0,0.8,1.3,0.8,4.8,1.0,0.6,2.5,0.4,1.6,1.5,1.5,0.7,0.2,0.1,0.4,0.2,0.1
2017-06-01 01:03:00+02:00,0.2,0.6,0.2,1.0,5.4,3.8,2.9,0.8,0.2,1.2,1.5,3.9,0.5,1.2,1.1,0.9,0.1,1.2,3.1,5.3,2.7,0.3,3.4,0.6,5.7,1.5,1.3,0.8,5.5,1.0,1.2,2.5,0.5,1.6,1.6,1.6,0.8,0.3,0.1,0.5,0.2,0.1
2017-06-01 01:04:00+02:00,0.2,0.8,0.2,1.0,5.5,3.8,2.9,0.8,0.2,1.2,1.6,3.8,0.5,1.2,1.3,0.9,0.1,1.1,3.1,5.5,2.7,0.3,3.4,0.6,5.8,1.7,1.4,0.8,5.6,0.9,1.4,2.6,0.6,2.5,2.5,2.4,1.6,0.3,0.1,1.4,0.2,0.1
2017-06-01 01:05:00+02:00,0.2,0.8,0.2,1.0,5.0,3.6,2.9,0.8,0.2,1.2,1.1,3.7,0.5,1.2,0.8,0.9,0.1,1.1,3.0,4.9,2.7,0.3,3.3,0.6,5.2,1.2,1.3,0.8,5.0,0.9,0.9,2.5,0.6,1.7,1.7,1.7,0.9,0.3,0.1,0.7,0.2,0.1
2017-06-01 01:06:00+02:00,0.2,0.7,0.3,0.9,4.7,3.4,2.7,0.7,0.1,1.2,1.0,3.5,0.5,1.1,0.7,0.9,0.1,1.0,2.9,4.6,2.5,0.4,3.1,0.6,5.0,1.2,1.2,0.8,4.8,0.9,0.8,2.3,0.6,1.5,1.4,1.4,0.6,0.3,0.1,0.4,0.2,0.1
2017-06-01 01:07:00+02:00,0.2,0.7,0.2,0.9,5.0,3.2,2.7,0.7,0.1,1.1,1.5,3.4,0.5,1.1,1.2,0.9,0.1,1.0,2.8,4.9,2.5,0.4,3.0,0.6,5.4,1.7,1.2,0.8,5.1,0.9,1.3,2.3,0.5,1.4,1.4,1.4,0.6,0.3,0.1,0.4,0.2,0.1
2017-06-01 01:08:00+02:00,0.2,0.7,0.2,0.9,4.8,3.2,2.5,0.7,0.1,1.0,1.4,3.3,0.4,1.1,1.2,0.8,0.1,1.0,2.7,4.7,2.4,0.4,2.9,0.5,5.1,1.6,1.2,0.7,4.9,0.8,1.2,2.2,0.5,1.4,1.4,1.4,0.6,0.3,0.1,0.4,0.2,0.1
2017-06-01 01:09:00+02:00,0.2,0.7,0.2,0.9,4.9,3.2,2.4,0.4,0.1,0.8,1.4,3.4,0.3,0.8,1.2,0.6,0.1,0.7,2.5,4.8,2.2,0.4,2.7,0.3,5.1,1.6,1.1,0.5,4.9,0.5,1.2,1.9,0.5,1.4,1.4,1.4,0.6,0.3,0.1,0.4,0.2,0.1
2017-06-01 01:10:00+02:00,0.2,0.7,0.2,0.9,5.1,3.8,2.4,0.4,0.1,0.8,1.0,3.9,0.3,0.8,0.7,0.6,0.1,0.6,2.5,5.1,2.1,0.4,2.7,0.3,5.3,1.2,1.1,0.5,5.2,0.5,0.8,1.9,0.5,1.5,1.4,1.4,0.7,0.3,0.1,0.4,0.3,0.1
2017-06-01 01:11:00+02:00,0.4,0.7,0.2,1.2,4.3,3.1,2.7,0.4,0.1,0.8,0.9,3.2,0.3,0.7,0.5,0.7,0.1,0.6,2.7,4.2,2.4,0.4,3.0,0.5,4.5,1.0,1.5,0.6,4.3,0.5,0.7,2.2,0.5,1.5,1.5,1.5,0.7,0.3,0.1,0.4,0.3,0.1
2017-06-01 01:12:00+02:00,0.4,0.7,0.3,1.2,4.3,3.1,2.6,0.4,0.1,0.8,1.0,3.1,0.3,0.7,0.6,0.7,0.1,0.6,2.6,4.3,2.3,0.4,2.9,0.5,4.5,1.2,1.4,0.6,4.4,0.4,0.7,2.1,0.5,1.7,1.6,1.6,0.9,0.3,0.1,0.6,0.3,0.1
2017-06-01 01:13:00+02:00,0.3,0.7,0.2,1.2,4.1,3.0,2.6,0.3,0.1,0.7,0.9,3.1,0.2,0.7,0.6,0.6,0.1,0.6,2.6,4.1,2.3,0.4,2.8,0.3,4.3,1.0,1.4,0.5,4.2,0.4,0.7,2.1,0.5,1.7,1.7,1.7,0.9,0.3,0.2,0.6,0.3,0.1
2017-06-01 01:14:00+02:00,0.3,0.7,0.2,1.2,4.2,3.1,2.6,0.3,0.2,0.7,0.9,3.1,0.2,0.7,0.5,0.6,0.1,0.6,2.6,4.1,2.3,0.3,2.9,0.3,4.4,1.0,1.4,0.5,4.3,0.5,0.8,2.1,0.6,1.8,1.8,1.7,1.0,0.3,0.2,0.7,0.3,0.1
2017-06-01 01:15:00+02:00,0.2,0.7,0.2,1.2,4.1,3.0,2.5,0.3,0.2,0.7,1.0,3.0,0.2,0.7,0.6,0.6,0.1,0.6,2.6,4.1,2.3,0.3,2.8,0.3,4.4,1.1,1.4,0.5,4.2,0.5,0.8,2.1,0.6,1.3,1.2,1.2,0.9,0.3,0.2,0.7,0.3,0.1
2017-06-01 01:16:00+02:00,0.2,0.7,0.2,1.2,4.5,3.3,2.8,0.7,0.2,0.7,1.0,3.4,0.6,1.1,0.6,0.6,0.1,1.0,2.9,4.5,2.7,0.3,3.1,0.3,4.7,1.1,1.4,0.5,4.6,0.8,0.9,2.5,0.6,1.3,1.2,1.2,1.0,0.3,0.2,0.7,0.3,0.1
2017-06-01 01:17:00+02:00,0.2,0.7,0.2,1.3,5.1,3.9,3.4,1.2,0.2,1.3,1.0,4.0,1.1,1.6,0.6,1.2,0.1,1.5,3.5,5.1,3.3,0.3,3.7,1.0,5.4,1.1,1.5,1.2,5.2,1.4,0.9,3.2,0.6,1.3,1.2,1.2,1.0,0.3,0.2,0.7,0.4,0.2
2017-06-01 01:18:00+02:00,0.2,0.8,0.2,1.3,5.2,3.9,3.5,1.3,0.2,1.2,1.0,4.1,1.1,1.7,0.6,1.0,0.1,1.6,3.5,5.2,3.4,0.3,3.8,0.9,5.5,1.1,1.6,1.0,5.3,1.3,0.8,3.2,0.7,1.3,1.2,1.2,1.0,0.3,0.2,0.7,0.4,0.2
2017-06-01 01:19:00+02:00,0.2,0.8,0.2,1.3,5.4,4.1,3.6,1.3,0.2,1.3,1.0,4.2,1.1,1.8,0.6,1.2,0.1,1.7,3.7,5.3,3.5,0.3,3.9,1.0,5.6,1.1,1.5,1.2,5.5,1.4,0.9,3.3,0.7,1.3,1.2,1.2,1.0,0.3,0.1,0.7,0.4,0.2
2017-06-01 01:20:00+02:00,0.2,0.8,0.2,1.3,5.1,3.9,3.4,1.3,0.2,0.8,0.9,4.1,1.1,1.6,0.6,0.7,0.1,1.6,3.5,5.0,3.3,0.3,3.7,0.4,5.4,1.0,1.5,0.7,5.3,1.4,0.7,3.2,0.7,1.1,1.1,1.1,0.8,0.3,0.1,0.6,0.3,0.2
2017-06-01 01:21:00+02:00,0.2,0.7,0.3,1.2,4.5,3.4,2.8,0.8,0.1,0.9,0.9,3.5,0.6,1.1,0.7,0.8,0.1,1.1,2.9,4.5,2.7,0.4,3.2,0.6,4.8,1.0,1.5,0.8,4.7,1.0,0.8,2.6,0.6,1.2,1.2,1.2,0.9,0.4,0.2,0.6,0.2,0.1
2017-06-01 01:22:00+02:00,0.2,0.7,0.3,1.2,4.2,3.0,2.5,0.5,0.1,1.3,0.9,3.2,0.3,0.8,0.7,1.1,0.1,0.8,2.6,4.2,2.4,0.4,2.8,0.9,4.4,1.0,1.4,1.1,4.3,0.7,0.8,2.2,0.6,1.2,1.2,1.2,0.9,0.4,0.2,0.6,0.2,0.1
2017-06-01 01:23:00+02:00,0.3,0.6,0.3,1.1,4.8,3.6,3.1,0.5,0.1,1.4,0.9,3.8,0.3,1.0,0.7,1.1,0.1,0.9,3.2,4.7,3.0,0.4,3.4,0.9,5.0,0.9,1.9,1.1,4.9,0.7,0.8,2.8,0.5,1.2,1.2,1.1,0.9,0.4,0.2,0.6,0.2,0.1
2017-06-01 01:24:00+02:00,0.3,0.7,0.3,1.1,5.1,4.0,3.4,0.5,0.1,0.8,0.9,4.1,0.3,0.9,0.7,0.5,0.1,0.9,3.5,5.1,3.3,0.4,3.8,0.3,5.4,1.0,2.1,0.5,5.3,0.6,0.8,3.0,0.6,1.2,1.2,1.1,0.9,0.3,0.2,0.6,0.2,0.1
2017-06-01 01:25:00+02:00,0.2,0.6,0.3,1.4,5.3,4.1,3.5,0.5,0.1,0.6,1.0,4.2,0.3,0.8,0.7,0.4,0.1,0.8,3.6,5.2,3.4,0.4,3.9,0.2,5.5,1.0,2.3,0.4,5.5,0.6,0.8,3.2,0.5,1.2,1.1,1.1,0.9,0.3,0.2,0.6,0.2,0.1
2017-06-01 01:26:00+02:00,0.1,0.6,0.2,1.0,4.8,3.6,3.0,0.5,0.1,0.5,1.0,3.7,0.3,0.8,0.7,0.4,0.1,0.8,3.1,4.7,2.9,0.4,3.4,0.2,5.0,1.1,1.8,0.4,4.9,0.6,0.8,2.7,0.5,1.1,1.1,1.0,0.8,0.3,0.1,0.5,0.2,0.1
2017-06-01 01:27:00+02:00,0.1,0.5,0.2,1.0,4.5,3.6,3.0,0.5,0.1,0.5,0.8,3.7,0.3,0.9,0.5,0.4,0.1,0.8,3.1,4.5,2.9,0.2,3.4,0.2,4.8,0.8,1.8,0.4,4.7,0.6,0.6,2.7,0.4,1.0,1.0,0.9,0.7,0.2,0.1,0.5,0.2,0.1
2017-06-01 01:28:00+02:00,0.2,0.5,0.2,1.0,4.6,3.6,3.1,0.5,0.1,0.6,0.8,3.7,0.3,0.9,0.5,0.5,0.1,0.8,3.1,4.6,2.9,0.2,3.5,0.2,4.8,0.8,1.8,0.4,4.7,0.6,0.6,2.7,0.4,1.1,1.0,1.0,0.8,0.2,0.1,0.5,0.2,0.1
2017-06-01 01:29:00+02:00,0.2,0.5,0.2,1.0,4.4,3.4,2.8,0.5,0.1,0.6,0.8,3.5,0.3,0.9,0.5,0.5,0.1,0.8,2.9,4.3,2.7,0.2,3.2,0.3,4.6,0.9,1.6,0.4,4.5,0.6,0.6,2.5,0.4,1.3,1.2,1.2,0.9,0.3,0.2,0.6,0.4,0.2
2017-06-01 01:30:00+02:00,0.3,0.5,0.2,1.0,3.8,2.9,2.4,0.5,0.1,0.6,0.7,3.0,0.3,0.8,0.4,0.5,0.1,0.7,2.5,3.7,2.3,0.2,2.8,0.3,4.0,0.7,1.2,0.4,3.9,0.6,0.5,2.1,0.4,1.1,1.1,1.0,0.9,0.3,0.1,0.6,0.3,0.2
2017-06-01 01:31:00+02:00,0.2,0.5,0.2,1.0,3.8,2.9,2.3,0.5,0.1,0.6,0.6,3.1,0.3,0.8,0.3,0.5,0.1,0.7,2.4,3.7,2.2,0.2,2.7,0.2,4.1,0.7,1.2,0.4,3.9,0.6,0.4,2.0,0.4,1.1,1.0,1.0,0.9,0.3,0.1,0.6,0.3,0.2
2017-06-01 01:32:00+02:00,0.3,0.5,0.2,1.0,3.8,3.0,2.4,0.5,0.1,0.7,0.6,3.1,0.3,0.8,0.3,0.6,0.1,0.7,2.4,3.8,2.2,0.2,2.7,0.3,4.1,0.7,1.2,0.6,4.0,0.6,0.4,2.0,0.4,0.9,0.9,0.9,0.8,0.2,0.1,0.6,0.3,0.2
2017-06-01 01:33:00+02:00,0.3,0.5,0.2,1.0,3.9,2.8,2.3,0.5,0.1,0.7,0.8,3.0,0.3,0.8,0.6,0.6,0.1,0.7,2.4,3.8,2.2,0.2,2.7,0.3,4.2,0.9,1.2,0.6,4.1,0.6,0.6,2.0,0.3,0.9,0.8,0.8,0.7,0.2,0.1,0.5,0.2,0.1
2017-06-01 01:34:00+02:00,0.3,0.5,0.1,1.2,4.3,3.0,2.5,0.5,0.1,0.6,1.0,3.1,0.3,0.7,0.8,0.5,0.1,0.7,2.6,4.2,2.4,0.2,2.9,0.3,4.6,1.1,1.5,0.5,4.4,0.6,0.9,2.2,0.4,0.9,0.9,0.9,0.8,0.3,0.1,0.5,0.2,0.1
2017-06-01 01:35:00+02:00,0.3,0.5,0.1,1.2,4.0,3.1,2.6,0.6,0.1,0.6,0.6,3.2,0.3,0.9,0.3,0.5,0.1,0.9,2.7,3.9,2.5,0.2,2.9,0.3,4.3,0.7,1.4,0.4,4.2,0.7,0.4,2.3,0.3,0.9,0.9,0.8,0.8,0.3,0.1,0.5,0.2,0.1
2017-06-01 01:36:00+02:00,0.3,0.5,0.1,1.1,4.6,3.7,3.2,1.4,0.2,0.6,0.6,3.8,1.0,1.7,0.3,0.5,0.1,1.6,3.3,4.5,3.1,0.2,3.5,0.3,5.0,0.7,1.4,0.4,4.8,1.5,0.4,3.0,0.4,1.0,0.9,0.9,0.8,0.3,0.1,0.6,0.2,0.1
2017-06-01 01:37:00+02:00,0.3,0.5,0.2,1.0,4.7,3.7,3.3,1.5,0.1,0.6,0.7,3.9,1.3,1.8,0.4,0.5,0.1,1.8,3.3,4.7,3.2,0.3,3.5,0.3,5.4,0.8,1.3,0.4,5.2,1.6,0.5,3.1,0.4,1.0,0.9,0.9,0.9,0.3,0.1,0.6,0.2,0.1
2017-06-01 01:38:00+02:00,0.3,0.5,0.2,1.1,4.0,3.0,2.5,0.8,0.1,0.6,0.7,3.1,0.6,1.1,0.5,0.5,0.1,1.0,2.6,3.9,2.5,0.3,2.8,0.3,4.6,0.8,1.3,0.5,4.5,0.9,0.5,2.3,0.4,1.0,0.9,0.9,0.8,0.3,0.1,0.6,0.2,0.1
2017-06-01 01:39:00+02:00,0.3,0.6,0.2,1.1,4.0,3.0,2.5,0.6,0.2,0.6,0.7,3.1,0.4,1.0,0.5,0.5,0.1,0.9,2.6,3.9,2.5,0.3,2.8,0.4,4.6,0.8,1.4,0.5,4.5,0.7,0.5,2.3,0.4,1.0,0.9,0.9,0.8,0.3,0.1,0.6,0.2,0.1
2017-06-01 01:40:00+02:00,0.2,0.6,0.2,1.1,4.1,3.0,2.6,0.6,0.2,0.6,0.7,3.2,0.4,1.0,0.5,0.5,0.1,0.9,2.7,4.1,2.5,0.3,2.8,0.3,4.8,0.8,1.3,0.5,4.6,0.7,0.5,2.3,0.4,1.0,1.0,1.0,0.9,0.3,0.1,0.6,0.2,0.1
2017-06-01 01:41:00+02:00,0.1,0.5,0.2,0.9,3.8,2.8,2.5,0.5,0.2,0.5,0.7,3.0,0.4,0.9,0.4,0.4,0.1,0.8,2.5,3.8,2.4,0.3,2.7,0.2,4.5,0.8,1.2,0.4,4.3,0.6,0.5,2.1,0.4,1.1,1.0,1.0,0.9,0.3,0.1,0.6,0.2,0.1
2017-06-01 01:42:00+02:00,0.1,0.5,0.2,0.9,3.7,2.8,2.4,0.5,0.1,0.5,0.6,3.0,0.4,1.0,0.4,0.4,0.1,0.8,2.4,3.7,2.3,0.2,2.7,0.2,4.4,0.7,1.1,0.4,4.3,0.7,0.5,2.1,0.3,0.9,0.8,0.8,0.7,0.3,0.1,0.4,0.2,0.1
2017-06-01 01:43:00+02:00,0.1,0.5,0.2,0.9,4.0,2.9,2.3,0.5,0.0,0.5,0.7,3.2,0.4,0.9,0.5,0.4,0.1,0.8,2.4,3.9,2.3,0.2,2.8,0.3,4.7,0.8,1.1,0.3,4.6,0.7,0.6,2.1,0.3,0.9,0.9,0.8,0.7,0.3,0.1,0.4,0.2,0.1
2017-06-01 01:44:00+02:00,0.1,0.7,0.2,1.1,4.2,3.0,2.5,0.5,0.0,0.5,0.7,3.3,0.4,0.9,0.5,0.4,0.1,0.8,2.6,4.1,2.4,0.3,2.9,0.2,4.9,0.8,1.4,0.3,4.7,0.6,0.6,2.3,0.6,0.9,0.9,0.8,0.7,0.2,0.1,0.4,0.2,0.1
2017-06-01 01:45:00+02:00,0.1,0.5,0.2,0.9,3.9,2.9,2.1,0.5,0.0,0.5,0.6,3.1,0.4,0.9,0.4,0.4,0.1,0.8,2.2,3.8,2.0,0.3,2.6,0.2,4.7,0.7,1.0,0.3,4.5,0.6,0.5,1.9,0.4,0.8,0.8,0.7,0.6,0.2,0.1,0.4,0.2,0.1
2017-06-01 01:46:00+02:00,0.1,0.4,0.2,0.8,3.7,2.7,2.0,0.5,0.0,0.6,0.6,2.9,0.4,0.9,0.4,0.5,0.1,0.8,2.1,3.6,1.9,0.3,2.5,0.3,4.6,0.7,0.9,0.4,4.4,0.6,0.5,1.8,0.2,0.8,0.8,0.8,0.7,0.2,0.1,0.5,0.3,0.2
2017-06-01 01:47:00+02:00,0.2,0.4,0.2,0.8,3.5,2.6,2.0,0.6,0.0,0.7,0.6,2.7,0.4,0.9,0.4,0.5,0.1,0.8,2.1,3.4,1.9,0.3,2.4,0.3,4.3,0.7,0.9,0.5,4.1,0.6,0.5,1.7,0.2,0.8,0.8,0.7,0.6,0.2,0.1,0.4,0.2,0.2
2017-06-01 01:48:00+02:00,0.2,0.4,0.2,0.8,3.7,2.8,2.1,0.7,0.1,0.7,0.6,2.9,0.4,1.0,0.4,0.5,0.1,0.9,2.2,3.7,2.0,0.3,2.6,0.3,4.6,0.7,0.9,0.5,4.4,0.8,0.5,1.9,0.3,0.8,0.8,0.8,0.7,0.2,0.1,0.5,0.2,0.1
2017-06-01 01:49:00+02:00,0.2,0.5,0.2,0.8,3.8,2.8,2.1,0.6,0.2,0.8,0.6,2.9,0.4,0.9,0.4,0.6,0.1,0.9,2.1,3.7,2.0,0.3,2.6,0.4,4.6,0.7,1.0,0.5,4.4,0.8,0.5,1.9,0.3,0.8,0.8,0.8,0.7,0.2,0.1,0.5,0.2,0.1
2017-06-01 01:50:00+02:00,0.3,0.8,0.2,1.1,3.9,3.0,2.4,0.7,0.1,0.9,0.6,3.1,0.4,1.0,0.4,0.7,0.1,0.9,2.4,3.8,2.3,0.3,2.8,0.5,4.6,0.7,1.3,0.6,4.4,0.8,0.5,2.2,0.7,0.8,0.8,0.8,0.7,0.2,0.1,0.5,0.2,0.1
2017-06-01 01:51:00+02:00,0.3,0.6,0.2,0.9,3.5,2.7,2.1,0.6,0.1,0.8,0.6,2.8,0.4,0.9,0.4,0.7,0.1,0.9,2.2,3.5,2.1,0.3,2.5,0.5,4.3,0.7,1.1,0.6,4.1,0.8,0.5,2.0,0.4,0.8,0.8,0.8,0.7,0.2,0.1,0.5,0.2,0.1
2017-06-01 01:52:00+02:00,0.3,0.4,0.2,0.8,3.4,2.6,2.0,0.5,0.1,0.8,0.6,2.6,0.4,1.0,0.4,0.7,0.1,0.9,2.1,3.3,2.0,0.3,2.4,0.5,3.7,0.7,1.0,0.6,3.5,0.7,0.5,1.9,0.2,0.8,0.8,0.8,0.7,0.2,0.1,0.5,0.2,0.1
2017-06-01 01:53:00+02:00,0.4,0.4,0.2,0.9,3.6,2.7,2.2,0.6,0.1,0.8,0.6,2.8,0.4,1.0,0.4,0.7,0.1,1.0,2.3,3.5,2.2,0.3,2.5,0.5,3.9,0.7,1.1,0.6,3.7,0.7,0.4,2.1,0.2,0.8,0.8,0.8,0.7,0.2,0.1,0.5,0.2,0.1
2017-06-01 01:54:00+02:00,0.6,0.3,0.2,0.8,3.5,2.7,2.1,0.6,0.0,1.1,0.6,2.7,0.4,1.0,0.4,0.9,0.1,0.9,2.2,3.5,2.1,0.3,2.5,0.7,3.8,0.7,1.0,0.8,3.7,0.7,0.4,2.0,0.2,0.9,0.8,0.8,0.7,0.2,0.1,0.5,0.2,0.1
2017-06-01 01:55:00+02:00,0.5,0.3,0.2,0.8,3.6,2.7,2.2,0.6,0.0,0.9,0.6,2.8,0.4,1.0,0.4,0.7,0.1,0.9,2.3,3.4,2.2,0.3,2.6,0.5,3.9,0.7,1.1,0.7,3.8,0.7,0.4,2.1,0.2,0.9,0.8,0.8,0.7,0.2,0.1,0.5,0.2,0.1
2017-06-01 01:56:00+02:00,0.3,0.3,0.2,0.6,3.3,2.5,1.9,0.5,0.0,0.8,0.5,2.6,0.4,0.9,0.3,0.6,0.1,0.8,2.1,3.2,1.9,0.2,2.4,0.4,3.7,0.6,0.9,0.5,3.6,0.7,0.4,1.8,0.2,0.9,0.9,0.9,0.7,0.2,0.1,0.5,0.2,0.1
2017-06-01 01:57:00+02:00,0.3,0.3,0.1,0.5,3.3,2.5,2.1,0.5,0.0,0.7,0.5,2.6,0.4,0.9,0.2,0.5,0.1,0.8,2.1,3.1,2.0,0.1,2.4,0.4,3.6,0.5,1.0,0.5,3.5,0.7,0.3,1.9,0.2,0.9,0.8,0.8,0.7,0.2,0.1,0.5,0.2,0.1
2017-06-01 01:58:00+02:00,0.3,0.4,0.1,0.6,3.4,2.6,2.1,0.6,0.0,0.7,0.4,2.7,0.4,0.9,0.2,0.5,0.1,0.8,2.1,3.2,2.1,0.1,2.4,0.3,3.7,0.5,1.1,0.4,3.6,0.7,0.3,2.0,0.2,0.9,0.9,0.8,0.7,0.2,0.2,0.5,0.2,0.1
2017-06-01 01:59:00+02:00,0.3,0.4,0.0,0.6,3.2,2.4,1.9,0.6,0.0,0.8,0.4,2.5,0.4,0.9,0.2,0.6,0.1,0.8,2.0,3.0,1.9,0.1,2.2,0.4,3.6,0.5,0.9,0.5,3.5,0.7,0.2,1.8,0.2,0.9,0.9,0.8,0.7,0.3,0.2,0.5,0.2,0.1
2017-06-01 02:00:00+02:00,0.4,0.4,0.0,0.6,3.2,2.3,1.8,0.6,0.0,0.8,0.4,2.4,0.4,1.0,0.2,0.6,0.1,0.9,1.9,2.9,1.7,0.1,2.1,0.5,3.5,0.5,0.7,0.5,3.4,0.7,0.2,1.6,0.2,0.8,0.8,0.7,0.7,0.2,0.1,0.5,0.2,0.1
2017-06-01 02:01:00+02:00,0.4,0.4,0.0,0.6,3.3,2.5,1.9,0.6,0.0,0.8,0.4,2.6,0.4,1.0,0.2,0.6,0.1,0.9,2.1,3.1,1.7,0.1,2.3,0.5,3.6,0.5,0.7,0.5,3.6,0.8,0.2,1.7,0.2,0.9,0.8,0.8,0.7,0.3,0.1,0.5,0.2,0.1
2017-06-01 02:02:00+02:00,0.4,0.4,0.0,0.6,3.3,2.5,2.0,0.7,0.0,0.7,0.4,2.6,0.4,1.1,0.2,0.5,0.1,1.0,2.1,3.0,1.8,0.1,2.3,0.4,3.6,0.5,0.7,0.5,3.5,0.9,0.2,1.7,0.2,0.9,0.9,0.9,0.7,0.3,0.1,0.5,0.2,0.1
2017-06-01 02:03:00+02:00,0.4,0.5,0.0,0.8,3.4,2.7,2.1,0.7,0.0,0.7,0.4,2.8,0.4,1.1,0.2,0.5,0.1,0.9,2.2,3.2,2.0,0.1,2.5,0.4,3.7,0.5,0.8,0.5,3.7,0.8,0.3,1.9,0.2,1.0,1.0,0.9,0.8,0.3,0.1,0.5,0.2,0.1
2017-06-01 02:04:00+02:00,0.4,0.5,0.0,0.8,3.3,2.6,2.1,0.7,0.0,0.8,0.5,2.7,0.4,1.0,0.2,0.6,0.1,1.0,2.2,3.2,1.9,0.1,2.4,0.5,3.6,0.5,0.8,0.5,3.6,0.8,0.4,1.8,0.2,1.0,1.0,0.9,0.8,0.3,0.1,0.5,0.2,0.1
2017-06-01 02:05:00+02:00,0.3,0.5,0.0,0.8,3.4,2.6,2.0,0.6,0.0,0.7,0.5,2.7,0.4,1.0,0.2,0.4,0.1,0.9,2.1,3.2,1.8,0.1,2.4,0.4,3.6,0.5,0.8,0.4,3.5,0.8,0.4,1.8,0.2,1.0,1.0,1.0,0.8,0.3,0.1,0.5,0.2,0.1
2017-06-01 02:06:00+02:00,0.4,0.5,0.0,0.8,3.4,2.6,2.0,0.7,0.0,0.8,0.5,2.7,0.4,1.0,0.2,0.6,0.1,0.9,2.1,3.3,1.9,0.1,2.5,0.5,3.7,0.6,0.8,0.5,3.6,0.8,0.4,1.8,0.2,1.0,1.0,1.0,0.8,0.3,0.1,0.5,0.2,0.1
2017-06-01 02:07:00+02:00,0.3,0.5,0.0,0.7,3.3,2.4,1.9,0.6,0.0,1.4,0.5,2.5,0.4,1.0,0.2,1.1,0.1,0.8,2.0,3.1,1.8,0.1,2.3,0.4,3.4,0.6,0.8,1.0,3.3,0.7,0.3,1.7,0.2,0.9,0.9,0.9,0.8,0.3,0.1,0.5,0.2,0.1
2017-06-01 02:08:00+02:00,0.3,0.6,0.0,0.8,3.3,2.4,1.9,0.6,0.0,1.5,0.5,2.5,0.4,1.0,0.2,1.2,0.1,0.8,2.0,3.1,1.8,0.1,2.3,0.4,3.4,0.6,0.9,1.1,3.3,0.7,0.4,1.8,0.2,0.9,0.9,0.9,0.8,0.3,0.1,0.5,0.2,0.1
2017-06-01 02:09:00+02:00,0.3,0.6,0.0,0.8,3.5,2.8,2.4,0.7,0.0,1.4,0.5,2.8,0.5,1.4,0.2,1.2,0.1,1.3,2.4,3.4,2.3,0.1,2.6,0.4,3.7,0.6,0.9,1.1,3.6,0.8,0.3,2.2,0.2,0.9,0.9,0.8,0.8,0.3,0.1,0.5,0.3,0.1
2017-06-01 02:10:00+02:00,0.2,0.5,0.0,0.8,2.9,2.3,2.0,0.7,0.0,1.3,0.4,2.3,0.4,1.0,0.2,1.1,0.1,0.9,2.0,2.9,1.8,0.1,2.2,0.3,3.1,0.5,0.8,1.0,3.0,0.8,0.2,1.8,0.2,0.9,0.8,0.8,0.7,0.2,0.1,0.5,0.2,0.1
2017-06-01 02:11:00+02:00,0.2,0.5,0.0,0.7,2.9,2.3,1.9,0.7,0.0,0.9,0.4,2.3,0.4,1.0,0.2,0.7,0.1,0.9,2.1,2.9,1.8,0.1,2.2,0.3,3.1,0.5,0.7,0.6,3.0,0.8,0.3,1.7,0.2,0.9,0.8,0.8,0.7,0.2,0.1,0.5,0.3,0.1
2017-06-01 02:12:00+02:00,0.2,0.5,0.0,0.7,3.0,2.3,2.0,0.8,0.0,0.6,0.4,2.4,0.5,1.1,0.3,0.4,0.1,0.9,2.1,3.0,1.8,0.1,2.2,0.2,3.3,0.6,0.8,0.3,3.1,0.9,0.3,1.8,0.2,0.9,0.9,0.8,0.7,0.3,0.1,0.5,0.2,0.1
2017-06-01 02:13:00+02:00,0.3,0.5,0.0,0.8,3.2,2.5,2.2,0.7,0.0,0.8,0.4,2.6,0.4,1.0,0.3,0.5,0.1,0.9,2.3,3.1,2.0,0.1,2.4,0.4,3.4,0.5,1.0,0.4,3.3,0.8,0.3,1.9,0.2,0.9,0.8,0.8,0.7,0.2,0.1,0.5,0.2,0.1
2017-06-01 02:14:00+02:00,0.3,0.5,0.0,0.9,3.2,2.5,2.1,0.6,0.0,0.8,0.4,2.6,0.4,0.9,0.3,0.5,0.1,0.8,2.3,3.1,2.0,0.1,2.5,0.3,3.4,0.5,1.0,0.5,3.3,0.8,0.3,1.9,0.3,0.9,0.8,0.8,0.7,0.2,0.2,0.5,0.2,0.1
2017-06-01 02:15:00+02:00,0.3,0.5,0.0,0.8,3.0,2.5,2.1,0.7,0.0,0.9,0.4,2.5,0.5,1.0,0.2,0.7,0.1,0.9,2.2,2.9,1.9,0.1,2.4,0.3,3.2,0.4,0.9,0.6,3.1,0.9,0.2,1.9,0.3,0.9,0.8,0.8,0.7,0.3,0.2,0.4,0.2,0.1
2017-06-01 02:16:00+02:00,0.3,0.4,0.0,0.7,2.8,2.2,1.9,0.7,0.0,0.9,0.4,2.3,0.4,0.9,0.2,0.7,0.1,0.8,2.0,2.8,1.7,0.1,2.1,0.3,3.0,0.4,0.7,0.6,2.9,0.8,0.3,1.7,0.3,0.9,0.9,0.8,0.8,0.3,0.2,0.4,0.2,0.1
2017-06-01 02:17:00+02:00,0.3,0.4,0.0,0.6,2.7,2.1,1.8,0.6,0.0,0.8,0.4,2.2,0.4,0.9,0.2,0.6,0.1,0.8,1.8,2.7,1.6,0.1,2.0,0.3,3.0,0.4,0.7,0.5,2.8,0.7,0.3,1.6,0.3,0.8,0.8,0.7,0.7,0.3,0.2,0.4,0.1,0.1
2017-06-01 02:18:00+02:00,0.3,0.4,0.0,0.7,2.8,2.2,1.8,0.6,0.0,0.8,0.4,2.3,0.4,0.9,0.2,0.6,0.1,0.8,1.9,2.7,1.7,0.1,2.1,0.3,3.0,0.4,0.8,0.5,2.9,0.7,0.3,1.6,0.3,0.9,0.8,0.7,0.7,0.3,0.2,0.4,0.2,0.1
2017-06-01 02:19:00+02:00,0.3,0.4,0.0,0.7,2.8,2.2,1.8,0.6,0.0,0.8,0.4,2.3,0.4,0.9,0.2,0.6,0.1,0.8,1.9,2.7,1.7,0.1,2.1,0.3,3.0,0.4,0.8,0.5,2.9,0.7,0.3,1.6,0.2,0.9,0.8,0.8,0.7,0.4,0.2,0.4,0.1,0.1
2017-06-01 02:20:00+02:00,0.3,0.2,0.0,0.4,2.9,2.2,1.8,0.6,0.0,0.8,0.4,2.3,0.4,1.1,0.2,0.6,0.1,1.0,1.9,2.8,1.7,0.1,2.1,0.3,3.1,0.5,0.5,0.5,3.0,0.7,0.3,1.6,0.1,0.9,0.8,0.8,0.7,0.3,0.2,0.4,0.2,0.1
2017-06-01 02:21:00+02:00,0.3,0.6,0.0,0.8,3.0,2.2,1.8,0.6,0.1,0.9,0.5,2.4,0.4,0.9,0.2,0.6,0.1,0.8,1.9,2.9,1.7,0.1,2.1,0.3,3.5,0.5,0.9,0.5,3.1,0.8,0.3,1.7,0.2,1.0,1.0,0.9,0.9,0.4,0.2,0.4,0.2,0.1
2017-06-01 02:22:00+02:00,0.3,1.0,0.0,1.1,3.3,2.4,2.1,0.6,0.1,0.8,0.5,2.6,0.4,0.9,0.2,0.6,0.1,0.9,2.2,3.1,2.1,0.1,2.3,0.3,3.7,0.5,1.2,0.5,3.3,0.7,0.3,2.0,0.2,0.8,0.8,0.7,0.7,0.3,0.2,0.4,0.2,0.1
2017-06-01 02:23:00+02:00,0.3,0.3,0.0,0.4,2.7,1.9,1.5,0.6,0.1,0.8,0.4,2.0,0.4,0.9,0.2,0.6,0.1,0.8,1.6,2.5,1.5,0.1,1.8,0.3,2.9,0.5,0.6,0.5,2.7,0.7,0.3,1.4,0.2,0.8,0.8,0.7,0.7,0.3,0.2,0.4,0.2,0.1
2017-06-01 02:24:00+02:00,0.3,0.3,0.0,0.5,2.5,1.8,1.5,0.5,0.1,0.8,0.4,2.0,0.3,0.8,0.2,0.6,0.1,0.7,1.5,2.5,1.4,0.1,1.7,0.3,2.8,0.5,0.6,0.5,2.6,0.6,0.2,1.4,0.2,0.9,0.8,0.8,0.8,0.3,0.2,0.5,0.3,0.1
2017-06-01 02:25:00+02:00,0.2,0.3,0.0,0.5,2.8,2.1,1.8,0.8,0.1,0.7,0.4,2.3,0.5,1.1,0.2,0.5,0.1,1.0,1.9,2.8,1.7,0.1,2.0,0.3,3.1,0.5,0.7,0.5,2.9,0.9,0.2,1.7,0.2,0.9,0.9,0.8,0.8,0.3,0.2,0.5,0.3,0.1
2017-06-01 02:26:00+02:00,0.1,0.3,0.0,0.5,3.0,2.2,1.9,0.8,0.1,0.6,0.4,2.4,0.5,1.1,0.2,0.5,0.1,1.1,2.0,2.9,1.8,0.1,2.1,0.2,3.2,0.5,0.7,0.4,3.0,0.9,0.3,1.8,0.2,1.0,0.9,0.9,0.8,0.4,0.2,0.5,0.3,0.1
2017-06-01 02:27:00+02:00,0.2,0.3,0.0,0.6,3.1,2.3,1.9,0.8,0.1,0.7,0.5,2.4,0.5,1.2,0.2,0.5,0.1,1.1,2.0,3.0,1.9,0.1,2.2,0.2,3.3,0.6,0.7,0.4,3.1,0.9,0.3,1.9,0.2,0.9,0.8,0.8,0.7,0.3,0.2,0.4,0.3,0.1
2017-06-01 02:28:00+02:00,0.2,0.3,0.0,0.5,2.7,2.0,1.7,0.5,0.1,0.7,0.5,2.2,0.3,0.9,0.1,0.5,0.1,0.9,1.8,2.7,1.6,0.1,2.0,0.2,2.9,0.5,0.7,0.4,2.8,0.6,0.3,1.6,0.2,0.9,0.8,0.8,0.8,0.3,0.2,0.4,0.3,0.1
2017-06-01 02:29:00+02:00,0.2,0.3,0.0,0.5,2.5,1.9,1.6,0.5,0.1,0.7,0.5,2.0,0.3,0.9,0.1,0.4,0.1,0.8,1.7,2.5,1.6,0.1,1.9,0.2,2.8,0.5,0.7,0.4,2.6,0.6,0.3,1.5,0.2,0.8,0.8,0.8,0.7,0.3,0.2,0.4,0.2,0.1
2017-06-01 02:30:00+02:00,0.2,0.3,0.0,0.5,2.4,1.8,1.4,0.5,0.1,0.6,0.5,1.8,0.3,0.8,0.2,0.4,0.1,0.7,1.5,2.4,1.4,0.1,1.7,0.2,2.7,0.6,0.6,0.3,2.5,0.6,0.3,1.3,0.2,0.8,0.8,0.8,0.7,0.3,0.2,0.4,0.2,0.1
2017-06-01 02:31:00+02:00,0.2,0.3,0.0,0.5,2.4,1.7,1.4,0.5,0.1,0.6,0.5,1.8,0.3,0.8,0.2,0.4,0.1,0.7,1.5,2.4,1.3,0.1,1.7,0.2,2.6,0.6,0.5,0.3,2.5,0.6,0.3,1.3,0.1,0.8,0.7,0.7,0.7,0.3,0.2,0.4,0.2,0.1
2017-06-01 02:32:00+02:00,0.2,0.3,0.0,0.5,2.8,1.8,1.4,0.5,0.1,0.7,0.5,2.2,0.3,0.8,0.2,0.5,0.1,0.7,1.5,2.8,1.3,0.1,1.7,0.3,3.0,0.6,0.5,0.4,2.9,0.6,0.3,1.3,0.1,0.8,0.8,0.7,0.7,0.3,0.1,0.4,0.3,0.1
2017-06-01 02:33:00+02:00,0.2,0.3,0.0,0.5,2.5,1.7,1.4,0.5,0.1,0.9,0.5,2.0,0.3,0.8,0.2,0.6,0.1,0.7,1.5,2.5,1.3,0.1,1.7,0.3,2.7,0.5,0.5,0.5,2.6,0.6,0.3,1.3,0.1,0.9,0.8,0.8,0.8,0.3,0.1,0.5,0.3,0.2
2017-06-01 02:34:00+02:00,0.2,0.3,0.0,0.5,2.6,1.9,1.4,0.5,0.1,0.9,0.5,2.1,0.3,0.8,0.2,0.6,0.1,0.7,1.5,2.5,1.3,0.1,1.8,0.3,2.8,0.5,0.5,0.5,2.7,0.6,0.3,1.3,0.1,0.8,0.8,0.8,0.7,0.2,0.1,0.5,0.3,0.2
2017-06-01 02:35:00+02:00,0.2,0.3,0.0,0.5,2.5,1.9,1.4,0.5,0.1,0.9,0.4,2.0,0.3,0.8,0.2,0.6,0.1,0.7,1.5,2.5,1.3,0.1,1.8,0.3,2.8,0.4,0.5,0.5,2.6,0.6,0.3,1.3,0.1,0.9,0.8,0.8,0.8,0.2,0.1,0.5,0.4,0.2
2017-06-01 02:36:00+02:00,0.2,0.3,0.0,0.5,2.6,2.0,1.6,0.5,0.1,0.9,0.4,2.1,0.3,0.8,0.2,0.6,0.1,0.7,1.6,2.5,1.5,0.1,1.9,0.3,2.9,0.4,0.5,0.5,2.7,0.6,0.2,1.3,0.1,0.8,0.8,0.8,0.7,0.2,0.1,0.5,0.4,0.2
2017-06-01 02:37:00+02:00,0.2,0.3,0.0,0.5,2.5,1.8,1.4,0.5,0.1,0.8,0.4,2.0,0.3,0.8,0.3,0.6,0.1,0.7,1.5,2.5,1.3,0.2,1.7,0.3,2.8,0.5,0.5,0.5,2.6,0.6,0.3,1.3,0.1,0.8,0.8,0.8,0.7,0.2,0.1,0.5,0.4,0.2
2017-06-01 02:38:00+02:00,0.2,0.3,0.0,0.5,2.6,1.9,1.5,0.5,0.1,0.8,0.4,2.0,0.3,0.9,0.2,0.5,0.1,0.8,1.6,2.5,1.4,0.2,1.8,0.3,2.9,0.5,0.5,0.5,2.8,0.6,0.3,1.4,0.1,0.8,0.8,0.7,0.7,0.2,0.1,0.5,0.4,0.2
2017-06-01 02:39:00+02:00,0.2,0.3,0.0,0.5,2.6,2.0,1.6,0.5,0.1,0.7,0.4,2.1,0.3,1.0,0.2,0.4,0.1,0.8,1.6,2.6,1.5,0.2,1.9,0.3,3.0,0.5,0.5,0.4,2.8,0.6,0.3,1.4,0.1,0.7,0.6,0.6,0.6,0.2,0.1,0.4,0.3,0.1
2017-06-01 02:40:00+02:00,0.2,0.3,0.0,0.5,2.5,1.8,1.5,0.5,0.1,0.6,0.5,2.0,0.3,0.9,0.3,0.4,0.1,0.8,1.6,2.5,1.4,0.2,1.8,0.2,2.8,0.5,0.5,0.3,2.7,0.6,0.3,1.4,0.1,0.7,0.7,0.7,0.6,0.3,0.2,0.4,0.3,0.1
2017-06-01 02:41:00+02:00,0.1,0.3,0.0,0.5,2.5,1.8,1.5,0.4,0.1,0.5,0.5,1.9,0.2,0.9,0.3,0.4,0.1,0.7,1.6,2.5,1.4,0.2,1.8,0.2,2.8,0.5,0.5,0.3,2.7,0.5,0.3,1.4,0.1,0.7,0.7,0.7,0.6,0.3,0.2,0.4,0.3,0.1
2017-06-01 02:42:00+02:00,0.1,0.3,0.1,0.5,2.5,1.8,1.6,0.4,0.1,0.5,0.5,2.0,0.2,0.9,0.3,0.4,0.1,0.7,1.6,2.5,1.5,0.1,1.8,0.2,2.9,0.5,0.5,0.3,2.7,0.5,0.3,1.4,0.2,0.8,0.7,0.7,0.7,0.3,0.2,0.4,0.3,0.1
2017-06-01 02:43:00+02:00,0.3,0.3,0.1,0.5,2.5,1.8,1.5,0.5,0.1,0.6,0.5,1.9,0.2,0.8,0.2,0.5,0.1,0.7,1.6,2.5,1.4,0.1,1.8,0.3,2.8,0.5,0.5,0.4,2.7,0.5,0.3,1.3,0.2,0.8,0.7,0.7,0.7,0.3,0.1,0.4,0.3,0.1
2017-06-01 02:44:00+02:00,0.3,0.3,0.1,0.5,2.6,1.8,1.6,0.5,0.1,0.6,0.5,2.0,0.3,0.9,0.2,0.5,0.1,0.7,1.6,2.5,1.5,0.1,1.8,0.3,2.8,0.6,0.5,0.4,2.7,0.5,0.3,1.4,0.2,0.8,0.7,0.7,0.6,0.2,0.1,0.4,0.3,0.1
2017-06-01 02:45:00+02:00,0.2,0.3,0.1,0.5,2.8,2.0,1.7,0.5,0.1,0.6,0.6,2.1,0.3,0.9,0.5,0.4,0.1,0.8,1.7,2.8,1.6,0.1,1.9,0.2,3.0,0.7,0.6,0.3,2.9,0.6,0.5,1.5,0.2,0.8,0.7,0.7,0.6,0.2,0.2,0.4,0.3,0.1
2017-06-01 02:46:00+02:00,0.1,0.3,0.1,0.6,2.9,2.0,1.8,0.6,0.1,0.6,0.7,2.1,0.5,1.0,0.5,0.4,0.1,0.9,1.8,2.8,1.7,0.2,2.0,0.2,3.1,0.7,0.6,0.3,3.0,0.7,0.5,1.6,0.2,0.8,0.8,0.7,0.7,0.2,0.1,0.4,0.3,0.1
2017-06-01 02:47:00+02:00,0.1,0.3,0.1,0.5,2.8,2.0,1.7,0.7,0.1,0.6,0.7,2.0,0.5,1.0,0.6,0.4,0.1,0.9,1.7,2.7,1.6,0.2,1.9,0.2,3.0,0.8,0.6,0.3,2.9,0.7,0.6,1.6,0.2,0.8,0.7,0.7,0.6,0.2,0.1,0.4,0.3,0.1
2017-06-01 02:48:00+02:00,0.1,0.3,0.1,0.5,2.7,1.9,1.7,0.7,0.1,0.6,0.7,2.0,0.5,1.0,0.6,0.4,0.1,1.0,1.8,2.7,1.7,0.2,1.9,0.2,2.9,0.8,0.6,0.3,2.8,0.8,0.6,1.6,0.2,0.8,0.7,0.7,0.6,0.2,0.1,0.4,0.3,0.1
2017-06-01 02:49:00+02:00,0.1,0.3,0.1,0.5,2.7,1.9,1.7,0.7,0.1,0.6,0.7,2.0,0.5,1.0,0.6,0.4,0.1,1.0,1.8,2.6,1.7,0.2,1.9,0.2,2.9,0.7,0.6,0.3,2.8,0.8,0.6,1.6,0.2,0.8,0.7,0.7,0.6,0.2,0.1,0.4,0.3,0.1
2017-06-01 02:50:00+02:00,0.1,0.3,0.1,0.6,2.7,1.9,1.8,0.6,0.1,0.7,0.6,2.0,0.4,1.0,0.5,0.5,0.1,0.9,1.8,2.6,1.7,0.1,1.9,0.2,2.9,0.7,0.6,0.4,2.8,0.7,0.5,1.6,0.2,0.7,0.7,0.7,0.6,0.2,0.1,0.4,0.3,0.1
2017-06-01 02:51:00+02:00,0.1,0.3,0.1,0.5,2.6,1.9,1.7,0.6,0.1,0.7,0.6,1.9,0.4,1.0,0.5,0.5,0.1,0.9,1.7,2.6,1.6,0.1,1.8,0.2,3.0,0.7,0.6,0.5,2.9,0.7,0.5,1.6,0.2,0.8,0.7,0.7,0.6,0.2,0.1,0.4,0.3,0.1
2017-06-01 02:52:00+02:00,0.2,0.3,0.1,0.5,2.7,1.9,1.7,0.6,0.1,0.8,0.6,2.0,0.4,1.0,0.5,0.5,0.1,0.9,1.8,2.7,1.7,0.1,1.8,0.3,2.9,0.7,0.6,0.5,2.8,0.7,0.5,1.6,0.2,0.8,0.7,0.7,0.7,0.2,0.1,0.4,0.3,0.1
2017-06-01 02:53:00+02:00,0.5,0.4,0.1,0.7,2.9,2.1,1.8,0.6,0.1,1.1,0.6,2.1,0.4,1.0,0.5,0.8,0.1,0.9,1.9,2.8,1.7,0.1,2.0,0.6,3.1,0.7,0.7,0.8,2.9,0.7,0.5,1.7,0.2,0.8,0.8,0.7,0.7,0.2,0.1,0.4,0.3,0.1
2017-06-01 02:54:00+02:00,0.5,0.4,0.1,0.6,2.8,1.9,1.7,0.6,0.1,1.1,0.6,2.0,0.4,0.9,0.5,0.8,0.1,0.8,1.8,2.7,1.6,0.1,1.9,0.6,3.0,0.7,0.6,0.8,2.8,0.7,0.5,1.5,0.2,0.7,0.7,0.6,0.6,0.2,0.1,0.3,0.2,0.1
2017-06-01 02:55:00+02:00,0.4,0.4,0.1,0.6,2.9,2.0,1.7,0.6,0.1,1.0,0.7,2.1,0.4,0.9,0.5,0.7,0.1,0.8,1.8,2.8,1.6,0.2,2.0,0.5,3.2,0.7,0.6,0.7,3.0,0.7,0.6,1.6,0.2,0.7,0.6,0.6,0.6,0.2,0.1,0.3,0.2,0.1
2017-06-01 02:56:00+02:00,0.2,0.2,0.1,0.5,2.9,2.1,1.7,0.5,0.1,0.9,0.7,2.1,0.4,1.0,0.6,0.6,0.1,0.9,1.7,2.9,1.6,0.2,2.0,0.4,3.2,0.8,0.6,0.6,3.0,0.7,0.6,1.5,0.2,0.7,0.6,0.6,0.5,0.2,0.1,0.3,0.2,0.1
2017-06-01 02:57:00+02:00,0.2,0.2,0.0,0.5,2.8,2.1,1.7,0.6,0.1,0.9,0.6,2.2,0.4,1.0,0.4,0.6,0.1,0.9,1.8,2.8,1.6,0.1,2.0,0.4,3.1,0.6,0.6,0.6,2.9,0.7,0.5,1.5,0.2,0.6,0.6,0.5,0.5,0.2,0.1,0.3,0.2,0.1
2017-06-01 02:58:00+02:00,0.2,0.2,0.0,0.5,2.8,2.0,1.7,0.6,0.1,0.9,0.6,2.2,0.4,1.0,0.4,0.6,0.1,0.9,1.7,2.8,1.6,0.1,2.0,0.4,3.1,0.6,0.5,0.6,2.9,0.7,0.5,1.5,0.2,0.6,0.6,0.6,0.5,0.3,0.1,0.3,0.2,0.1
2017-06-01 02:59:00+02:00,0.2,0.2,0.0,0.5,2.7,2.0,1.7,0.6,0.1,0.9,0.6,2.1,0.4,1.0,0.4,0.5,0.1,0.9,1.7,2.7,1.6,0.1,2.0,0.4,3.1,0.6,0.5,0.5,2.8,0.7,0.5,1.5,0.2,0.7,0.6,0.6,0.6,0.3,0.1,0.3,0.3,0.1
2017-06-01 03:00:00+02:00,0.2,0.2,0.0,0.5,2.7,2.0,1.7,0.6,0.1,0.8,0.5,2.1,0.5,1.0,0.2,0.5,0.1,0.9,1.7,2.6,1.6,0.1,2.0,0.4,3.0,0.5,0.5,0.5,2.8,0.7,0.3,1.5,0.2,0.7,0.6,0.6,0.6,0.3,0.2,0.3,0.3,0.1
2017-06-01 03:01:00+02:00,0.2,0.2,0.0,0.5,2.7,2.0,1.6,0.6,0.1,0.8,0.5,2.1,0.5,1.0,0.2,0.6,0.1,0.9,1.7,2.6,1.5,0.1,1.9,0.4,3.0,0.5,0.5,0.5,2.8,0.7,0.3,1.5,0.2,0.6,0.6,0.6,0.6,0.2,0.1,0.3,0.3,0.1
2017-06-01 03:02:00+02:00,0.2,0.3,0.0,0.5,2.7,1.9,1.8,0.6,0.1,0.8,0.5,2.1,0.5,0.9,0.2,0.6,0.1,0.8,1.8,2.6,1.6,0.1,1.9,0.4,3.0,0.5,0.6,0.5,2.8,0.7,0.3,1.5,0.2,0.6,0.6,0.6,0.6,0.3,0.2,0.3,0.2,0.1
2017-06-01 03:03:00+02:00,0.2,0.4,0.0,0.7,2.8,2.0,1.9,0.6,0.1,0.9,0.5,2.1,0.4,0.9,0.2,0.6,0.1,0.8,1.9,2.6,1.6,0.1,2.0,0.4,3.2,0.5,0.7,0.5,2.9,0.7,0.3,1.6,0.3,0.6,0.5,0.5,0.5,0.2,0.2,0.2,0.2,0.1
2017-06-01 03:04:00+02:00,0.2,0.4,0.0,0.6,2.7,1.9,1.8,0.5,0.1,0.9,0.4,2.1,0.4,0.8,0.2,0.6,0.1,0.8,1.8,2.6,1.6,0.1,1.9,0.4,3.1,0.5,0.7,0.5,2.8,0.6,0.3,1.5,0.3,0.5,0.5,0.5,0.5,0.2,0.1,0.3,0.2,0.1
2017-06-01 03:05:00+02:00,0.3,0.4,0.0,0.6,2.7,1.9,1.8,0.5,0.1,0.9,0.4,2.0,0.4,0.8,0.2,0.6,0.1,0.7,1.8,2.5,1.5,0.1,1.9,0.4,3.0,0.5,0.7,0.5,2.7,0.6,0.3,1.5,0.3,0.6,0.6,0.6,0.5,0.2,0.2,0.3,0.2,0.1
2017-06-01 03:06:00+02:00,0.3,0.4,0.0,0.6,2.6,1.8,1.7,0.6,0.0,0.8,0.4,2.0,0.4,0.8,0.2,0.6,0.1,0.7,1.7,2.4,1.5,0.1,1.8,0.4,2.9,0.5,0.6,0.5,2.6,0.6,0.2,1.4,0.2,0.6,0.5,0.5,0.5,0.2,0.1,0.3,0.2,0.1
2017-06-01 03:07:00+02:00,0.3,0.4,0.0,0.6,2.6,1.9,1.7,0.6,0.0,0.9,0.4,2.0,0.5,0.8,0.2,0.6,0.1,0.8,1.8,2.5,1.5,0.1,1.8,0.4,2.9,0.5,0.6,0.5,2.7,0.6,0.3,1.4,0.2,0.6,0.6,0.6,0.5,0.3,0.2,0.3,0.2,0.1
2017-06-01 03:08:00+02:00,0.3,0.4,0.0,0.6,2.6,1.8,1.6,0.5,0.0,0.9,0.5,1.9,0.4,0.8,0.2,0.5,0.1,0.7,1.7,2.4,1.5,0.1,1.8,0.4,2.9,0.6,0.7,0.5,2.7,0.6,0.3,1.4,0.2,0.6,0.6,0.6,0.5,0.3,0.2,0.2,0.1,0.1
2017-06-01 03:09:00+02:00,0.3,0.4,0.0,0.6,2.6,1.7,1.4,0.4,0.0,0.9,0.7,1.7,0.3,0.7,0.5,0.6,0.1,0.6,1.5,2.5,1.3,0.1,1.6,0.4,2.9,0.8,0.7,0.6,2.6,0.5,0.6,1.3,0.2,0.6,0.6,0.5,0.5,0.3,0.2,0.2,0.2,0.1
2017-06-01 03:10:00+02:00,0.2,0.3,0.0,0.5,2.5,1.6,1.4,0.4,0.0,0.8,0.7,1.6,0.3,0.7,0.5,0.5,0.1,0.6,1.5,2.4,1.3,0.1,1.5,0.3,2.8,0.8,0.6,0.5,2.6,0.5,0.6,1.2,0.2,0.6,0.6,0.6,0.5,0.3,0.2,0.2,0.2,0.1
2017-06-01 03:11:00+02:00,0.2,0.3,0.0,0.5,2.5,1.6,1.4,0.5,0.0,0.8,0.7,1.6,0.3,0.7,0.4,0.5,0.1,0.6,1.5,2.4,1.3,0.1,1.5,0.3,2.8,0.8,0.6,0.5,2.6,0.5,0.6,1.2,0.2,0.6,0.6,0.5,0.5,0.3,0.2,0.2,0.2,0.1
2017-06-01 03:12:00+02:00,0.2,0.3,0.1,0.5,2.2,1.6,1.4,0.4,0.0,0.7,0.4,1.6,0.3,0.7,0.2,0.5,0.1,0.6,1.5,2.1,1.3,0.1,1.5,0.3,2.5,0.5,0.6,0.5,2.3,0.5,0.3,1.2,0.2,0.7,0.7,0.6,0.6,0.3,0.2,0.3,0.2,0.1
2017-06-01 03:13:00+02:00,0.2,0.3,0.1,0.5,2.3,1.6,1.4,0.5,0.0,0.7,0.4,1.7,0.3,0.7,0.2,0.5,0.1,0.6,1.5,2.2,1.3,0.1,1.6,0.3,2.5,0.5,0.6,0.4,2.3,0.5,0.3,1.3,0.2,0.6,0.6,0.6,0.5,0.3,0.1,0.3,0.2,0.1
2017-06-01 03:14:00+02:00,0.2,0.3,0.1,0.4,2.3,1.7,1.4,0.5,0.0,0.7,0.4,1.8,0.3,0.8,0.2,0.4,0.2,0.7,1.5,2.2,1.4,0.1,1.7,0.2,2.6,0.5,0.6,0.4,2.4,0.6,0.3,1.3,0.2,0.7,0.6,0.6,0.6,0.3,0.1,0.3,0.2,0.1
2017-06-01 03:15:00+02:00,0.2,0.3,0.1,0.5,3.3,2.6,2.3,1.4,0.0,0.7,0.4,2.6,1.3,1.7,0.2,0.5,0.2,1.6,2.4,3.2,2.3,0.1,2.6,0.2,3.5,0.5,0.5,0.4,3.4,1.5,0.3,2.2,0.1,0.7,0.7,0.7,0.6,0.3,0.2,0.3,0.2,0.1
2017-06-01 03:16:00+02:00,0.2,0.3,0.1,0.5,3.1,2.3,2.0,1.1,0.0,0.7,0.5,2.4,1.0,1.4,0.2,0.5,0.1,1.3,2.1,3.0,1.9,0.1,2.2,0.3,3.3,0.6,0.5,0.4,3.2,1.2,0.3,1.9,0.1,0.7,0.6,0.6,0.5,0.3,0.2,0.3,0.2,0.1
2017-06-01 03:17:00+02:00,0.2,0.4,0.1,0.6,2.6,1.7,1.4,0.4,0.0,0.8,0.5,1.8,0.3,0.7,0.2,0.5,0.1,0.6,1.5,2.4,1.4,0.1,1.7,0.3,2.9,0.6,0.6,0.4,2.7,0.5,0.3,1.3,0.1,0.7,0.6,0.6,0.5,0.3,0.2,0.3,0.2,0.1
2017-06-01 03:18:00+02:00,0.2,0.4,0.1,0.6,2.6,1.7,1.4,0.5,0.0,0.8,0.5,1.8,0.3,0.7,0.2,0.6,0.2,0.6,1.5,2.4,1.4,0.1,1.6,0.3,2.8,0.6,0.6,0.5,2.7,0.5,0.3,1.3,0.1,0.7,0.6,0.6,0.5,0.3,0.2,0.3,0.2,0.1
2017-06-01 03:19:00+02:00,0.2,0.4,0.1,0.6,2.6,1.7,1.5,0.5,0.0,0.8,0.4,1.8,0.3,0.7,0.2,0.5,0.1,0.6,1.6,2.4,1.4,0.1,1.7,0.3,2.8,0.6,0.7,0.5,2.7,0.5,0.3,1.3,0.1,0.7,0.6,0.6,0.5,0.3,0.2,0.3,0.2,0.1
2017-06-01 03:20:00+02:00,0.2,0.4,0.1,0.6,2.8,1.9,1.7,0.6,0.0,0.8,0.4,2.1,0.4,0.9,0.2,0.5,0.3,0.8,1.8,2.6,1.6,0.1,1.9,0.3,3.0,0.5,0.7,0.5,2.8,0.7,0.3,1.6,0.1,0.7,0.6,0.6,0.5,0.3,0.2,0.3,0.2,0.1
2017-06-01 03:21:00+02:00,0.2,0.3,0.1,0.5,2.6,1.8,1.5,0.5,0.0,0.9,0.4,1.9,0.4,0.9,0.2,0.6,0.2,0.8,1.6,2.4,1.5,0.1,1.7,0.4,2.9,0.5,0.6,0.6,2.7,0.6,0.3,1.4,0.1,0.6,0.6,0.6,0.5,0.3,0.2,0.3,0.2,0.1
2017-06-01 03:22:00+02:00,0.2,0.3,0.1,0.5,2.5,1.7,1.5,0.4,0.0,0.9,0.4,1.9,0.3,0.8,0.2,0.6,0.1,0.8,1.5,2.4,1.4,0.1,1.7,0.4,2.8,0.5,0.6,0.6,2.6,0.6,0.3,1.4,0.1,0.6,0.6,0.6,0.5,0.3,0.2,0.3,0.2,0.1
2017-06-01 03:23:00+02:00,0.3,0.4,0.1,0.6,2.5,1.8,1.5,0.5,0.0,1.0,0.4,1.9,0.3,0.8,0.2,0.7,0.1,0.8,1.6,2.4,1.5,0.1,1.7,0.5,2.8,0.5,0.6,0.7,2.6,0.6,0.3,1.5,0.1,0.6,0.6,0.6,0.5,0.3,0.2,0.3,0.2,0.1
2017-06-01 03:24:00+02:00,0.3,0.4,0.1,0.6,2.7,1.9,1.6,0.6,0.0,1.1,0.4,2.0,0.4,0.9,0.2,0.9,0.2,0.8,1.7,2.6,1.6,0.1,1.8,0.6,2.9,0.5,0.7,0.8,2.7,0.6,0.3,1.6,0.1,0.6,0.6,0.6,0.5,0.3,0.2,0.2,0.2,0.1
2017-06-01 03:25:00+02:00,0.3,0.4,0.1,0.5,2.6,1.8,1.5,0.5,0.0,1.1,0.5,1.9,0.4,0.8,0.2,0.8,0.1,0.7,1.6,2.5,1.5,0.1,1.7,0.5,2.8,0.6,0.6,0.8,2.6,0.6,0.3,1.4,0.1,0.6,0.6,0.5,0.5,0.3,0.2,0.2,0.2,0.1
2017-06-01 03:26:00+02:00,0.2,0.4,0.0,0.5,2.6,1.8,1.5,0.6,0.0,1.0,0.5,1.9,0.4,0.9,0.2,0.7,0.1,0.8,1.7,2.5,1.5,0.1,1.8,0.5,2.8,0.6,0.6,0.7,2.7,0.6,0.3,1.5,0.1,0.6,0.6,0.5,0.5,0.2,0.2,0.2,0.2,0.1
2017-06-01 03:27:00+02:00,0.2,0.4,0.1,0.5,2.6,1.8,1.5,0.6,0.0,1.0,0.5,1.9,0.5,0.9,0.2,0.7,0.1,0.8,1.6,2.5,1.5,0.1,1.8,0.5,2.9,0.6,0.6,0.7,2.7,0.7,0.4,1.5,0.2,0.6,0.6,0.5,0.5,0.2,0.2,0.3,0.2,0.1
2017-06-01 03:28:00+02:00,0.2,0.4,0.1,0.5,2.7,1.9,1.6,0.6,0.0,1.0,0.5,2.0,0.5,0.9,0.2,0.7,0.1,0.9,1.7,2.6,1.6,0.1,1.8,0.5,2.9,0.6,0.6,0.7,2.8,0.7,0.3,1.5,0.2,0.6,0.5,0.5,0.5,0.2,0.1,0.3,0.2,0.1
2017-06-01 03:29:00+02:00,0.2,0.3,0.0,0.5,2.7,1.9,1.6,0.7,0.0,1.1,0.4,2.0,0.5,1.0,0.2,0.9,0.2,0.9,1.7,2.6,1.6,0.1,1.9,0.5,2.9,0.5,0.6,0.9,2.7,0.8,0.3,1.6,0.1,0.6,0.5,0.5,0.5,0.2,0.1,0.3,0.2,0.1
2017-06-01 03:30:00+02:00,0.2,0.3,0.0,0.5,2.5,1.9,1.6,0.7,0.0,1.4,0.4,2.0,0.5,1.0,0.2,1.2,0.2,0.9,1.7,2.5,1.5,0.1,1.8,0.4,2.8,0.5,0.6,1.2,2.6,0.7,0.3,1.5,0.1,0.6,0.6,0.6,0.5,0.2,0.1,0.3,0.2,0.1
2017-06-01 03:31:00+02:00,0.2,0.3,0.0,0.5,2.5,1.8,1.5,0.6,0.0,0.9,0.4,1.9,0.4,0.9,0.1,0.6,0.2,0.8,1.6,2.4,1.5,0.1,1.7,0.4,2.7,0.5,0.6,0.6,2.5,0.7,0.3,1.5,0.1,0.6,0.6,0.6,0.5,0.2,0.1,0.3,0.2,0.1
2017-06-01 03:32:00+02:00,0.2,0.3,0.0,0.5,2.5,1.8,1.5,0.7,0.0,0.9,0.4,1.9,0.5,0.9,0.1,0.6,0.2,0.8,1.6,2.4,1.5,0.1,1.7,0.4,2.7,0.5,0.6,0.6,2.5,0.7,0.3,1.5,0.1,0.5,0.5,0.5,0.4,0.2,0.1,0.2,0.1,0.1
2017-06-01 03:33:00+02:00,0.2,0.3,0.0,0.5,2.4,1.7,1.5,0.6,0.0,0.9,0.4,1.9,0.4,0.9,0.1,0.7,0.2,0.8,1.5,2.4,1.4,0.1,1.7,0.4,2.7,0.5,0.5,0.6,2.5,0.7,0.3,1.4,0.1,0.5,0.5,0.5,0.4,0.2,0.1,0.2,0.1,0.1
2017-06-01 03:34:00+02:00,0.2,0.3,0.0,0.5,2.5,1.7,1.5,0.6,0.0,1.0,0.5,1.9,0.4,0.9,0.2,0.7,0.2,0.8,1.6,2.5,1.4,0.1,1.7,0.4,2.8,0.6,0.5,0.6,2.6,0.6,0.3,1.4,0.1,0.5,0.5,0.5,0.4,0.2,0.1,0.2,0.1,0.1
2017-06-01 03:35:00+02:00,0.2,0.3,0.0,0.5,2.6,1.7,1.5,0.6,0.0,1.0,0.5,1.9,0.4,0.9,0.2,0.7,0.2,0.8,1.6,2.5,1.5,0.1,1.7,0.4,2.8,0.6,0.5,0.6,2.6,0.7,0.3,1.4,0.1,0.6,0.5,0.5,0.4,0.2,0.1,0.3,0.2,0.1
2017-06-01 03:36:00+02:00,0.2,0.3,0.0,0.5,2.6,1.8,1.6,0.7,0.1,1.0,0.5,1.9,0.4,1.0,0.2,0.7,0.2,0.8,1.6,2.5,1.5,0.1,1.7,0.4,2.8,0.6,0.5,0.6,2.7,0.7,0.3,1.5,0.1,0.6,0.5,0.5,0.4,0.2,0.1,0.3,0.2,0.1
2017-06-01 03:37:00+02:00,0.2,0.3,0.0,0.5,2.6,1.8,1.6,0.7,0.1,1.0,0.5,1.9,0.4,0.9,0.3,0.7,0.2,0.8,1.6,2.5,1.5,0.2,1.7,0.4,2.9,0.6,0.5,0.6,2.7,0.7,0.3,1.5,0.2,0.6,0.6,0.6,0.4,0.2,0.1,0.3,0.2,0.1
2017-06-01 03:38:00+02:00,0.2,0.3,0.0,0.5,2.6,1.7,1.5,0.7,0.1,0.9,0.5,1.9,0.5,0.9,0.3,0.6,0.2,0.9,1.6,2.5,1.4,0.2,1.7,0.3,2.8,0.6,0.5,0.5,2.7,0.7,0.3,1.4,0.2,0.6,0.6,0.6,0.5,0.1,0.1,0.3,0.2,0.1
2017-06-01 03:39:00+02:00,0.1,0.3,0.0,0.4,3.2,2.3,2.1,0.9,0.1,0.8,0.6,2.5,0.6,1.5,0.3,0.4,0.2,1.4,2.1,3.1,2.0,0.2,2.2,0.2,3.4,0.6,0.5,0.3,3.2,1.0,0.4,2.0,0.1,0.7,0.6,0.6,0.4,0.1,0.1,0.4,0.2,0.1
2017-06-01 03:40:00+02:00,0.1,0.3,0.0,0.4,2.9,2.0,1.7,0.7,0.1,0.9,0.5,2.2,0.5,1.1,0.3,0.5,0.1,1.0,1.8,2.8,1.6,0.1,1.9,0.2,3.1,0.6,0.5,0.4,2.9,0.8,0.4,1.6,0.1,0.7,0.7,0.6,0.4,0.1,0.1,0.4,0.2,0.1
2017-06-01 03:41:00+02:00,0.1,0.2,0.0,0.4,2.7,1.9,1.5,0.6,0.1,0.9,0.5,2.1,0.4,1.0,0.3,0.5,0.1,0.9,1.7,2.7,1.5,0.2,1.8,0.2,2.9,0.6,0.5,0.4,2.8,0.7,0.4,1.4,0.1,0.7,0.7,0.6,0.4,0.1,0.1,0.4,0.2,0.1
2017-06-01 03:42:00+02:00,0.1,0.3,0.1,0.4,2.6,1.9,1.5,0.6,0.0,0.9,0.5,2.1,0.3,0.9,0.3,0.5,0.1,0.9,1.6,2.6,1.4,0.1,1.7,0.2,2.8,0.5,0.5,0.4,2.7,0.6,0.3,1.4,0.1,0.6,0.6,0.5,0.4,0.1,0.1,0.3,0.2,0.1
2017-06-01 03:43:00+02:00,0.1,0.3,0.1,0.4,2.6,1.9,1.6,0.6,0.0,0.9,0.4,2.1,0.4,0.9,0.2,0.5,0.1,0.9,1.7,2.5,1.5,0.1,1.8,0.2,2.8,0.5,0.6,0.4,2.7,0.7,0.3,1.5,0.2,0.7,0.6,0.6,0.4,0.1,0.1,0.3,0.2,0.1
2017-06-01 03:44:00+02:00,0.1,0.3,0.1,0.5,2.7,2.0,1.6,0.7,0.0,0.9,0.4,2.2,0.5,1.0,0.2,0.5,0.1,1.0,1.8,2.6,1.6,0.1,1.9,0.2,2.9,0.5,0.6,0.4,2.8,0.8,0.3,1.6,0.2,0.7,0.6,0.6,0.5,0.1,0.1,0.3,0.2,0.1
2017-06-01 03:45:00+02:00,0.1,0.3,0.1,0.4,2.7,2.0,1.6,0.7,0.0,0.9,0.5,2.1,0.5,1.0,0.2,0.5,0.1,0.9,1.7,2.6,1.5,0.1,1.8,0.2,2.9,0.5,0.5,0.4,2.8,0.8,0.3,1.5,0.2,0.6,0.6,0.5,0.5,0.1,0.1,0.3,0.2,0.1
2017-06-01 03:46:00+02:00,0.1,0.3,0.1,0.4,2.6,1.8,1.5,0.5,0.0,0.9,0.5,2.0,0.3,0.9,0.2,0.5,0.1,0.8,1.6,2.5,1.3,0.1,1.7,0.2,2.8,0.5,0.5,0.4,2.6,0.6,0.3,1.3,0.2,0.6,0.6,0.5,0.5,0.1,0.1,0.3,0.2,0.1
2017-06-01 03:47:00+02:00,0.2,0.3,0.1,0.4,2.5,1.9,1.5,0.6,0.0,0.9,0.5,1.9,0.4,0.9,0.2,0.5,0.1,0.8,1.7,2.5,1.4,0.1,1.8,0.2,2.8,0.5,0.5,0.4,2.7,0.7,0.3,1.3,0.2,0.8,0.7,0.7,0.5,0.1,0.1,0.4,0.3,0.2
2017-06-01 03:48:00+02:00,0.2,0.3,0.1,0.4,2.6,1.9,1.5,0.6,0.0,0.9,0.5,2.0,0.4,0.9,0.3,0.6,0.1,0.8,1.7,2.5,1.4,0.1,1.8,0.3,2.9,0.6,0.5,0.5,2.7,0.7,0.3,1.4,0.2,0.8,0.7,0.7,0.6,0.1,0.1,0.4,0.3,0.2
2017-06-01 03:49:00+02:00,0.2,0.3,0.1,0.4,2.6,2.0,1.6,0.6,0.0,0.9,0.5,2.0,0.4,0.9,0.2,0.6,0.1,0.8,1.8,2.6,1.5,0.1,1.9,0.3,3.0,0.5,0.5,0.5,2.8,0.7,0.3,1.4,0.2,0.8,0.8,0.7,0.6,0.1,0.1,0.4,0.3,0.2
2017-06-01 03:50:00+02:00,0.2,0.3,0.0,0.4,2.6,1.9,1.5,0.5,0.0,0.9,0.5,2.0,0.4,0.8,0.2,0.6,0.1,0.7,1.7,2.5,1.4,0.1,1.8,0.3,2.9,0.5,0.5,0.5,2.8,0.6,0.3,1.3,0.2,0.8,0.8,0.7,0.6,0.1,0.1,0.4,0.3,0.2
2017-06-01 03:51:00+02:00,0.2,0.4,0.0,0.4,2.8,2.1,1.6,0.6,0.0,0.9,0.5,2.1,0.4,0.9,0.3,0.6,0.1,0.8,1.8,2.8,1.5,0.1,2.0,0.3,3.2,0.6,0.5,0.5,3.0,0.7,0.3,1.4,0.2,0.8,0.8,0.7,0.6,0.2,0.1,0.4,0.3,0.2
2017-06-01 03:52:00+02:00,0.2,0.4,0.0,0.5,2.9,2.1,1.7,0.6,0.1,0.8,0.6,2.2,0.5,0.9,0.3,0.5,0.1,0.8,1.9,2.8,1.6,0.1,2.1,0.3,3.2,0.6,0.6,0.5,3.0,0.7,0.4,1.5,0.2,0.7,0.6,0.6,0.5,0.2,0.1,0.3,0.2,0.1
2017-06-01 03:53:00+02:00,0.2,0.4,0.0,0.6,3.0,2.2,1.8,0.6,0.1,0.8,0.6,2.3,0.5,1.0,0.3,0.5,0.1,0.9,2.0,2.9,1.7,0.1,2.1,0.3,3.2,0.6,0.6,0.5,3.1,0.7,0.3,1.6,0.2,0.6,0.6,0.6,0.4,0.1,0.1,0.3,0.2,0.1
2017-06-01 03:54:00+02:00,0.2,0.4,0.0,0.6,2.9,2.1,1.7,0.5,0.1,0.8,0.6,2.2,0.4,0.9,0.3,0.5,0.1,0.8,1.9,2.8,1.6,0.1,2.0,0.3,3.1,0.7,0.7,0.5,3.0,0.6,0.3,1.5,0.2,0.6,0.6,0.5,0.4,0.1,0.1,0.3,0.2,0.1
2017-06-01 03:55:00+02:00,0.2,0.3,0.0,0.5,2.7,2.0,1.5,0.5,0.1,0.8,0.6,2.0,0.4,0.8,0.3,0.5,0.1,0.7,1.7,2.7,1.4,0.1,1.9,0.3,2.9,0.6,0.6,0.5,2.8,0.6,0.3,1.3,0.1,0.6,0.5,0.5,0.4,0.1,0.1,0.3,0.2,0.1
2017-06-01 03:56:00+02:00,0.2,0.3,0.0,0.4,2.7,1.9,1.5,0.5,0.1,0.8,0.5,2.0,0.4,0.8,0.3,0.5,0.1,0.7,1.7,2.6,1.3,0.1,1.8,0.3,2.8,0.6,0.5,0.5,2.8,0.6,0.3,1.3,0.1,0.6,0.5,0.5,0.4,0.1,0.1,0.3,0.2,0.1
2017-06-01 03:57:00+02:00,0.2,0.3,0.0,0.4,2.5,1.9,1.4,0.5,0.1,0.8,0.4,2.0,0.4,0.8,0.2,0.5,0.1,0.7,1.7,2.5,1.3,0.1,1.8,0.2,2.7,0.5,0.5,0.5,2.6,0.6,0.3,1.2,0.1,0.7,0.6,0.6,0.5,0.2,0.1,0.3,0.2,0.1
2017-06-01 03:58:00+02:00,0.2,0.3,0.0,0.4,2.7,2.0,1.5,0.6,0.1,0.8,0.5,2.1,0.5,0.8,0.2,0.5,0.1,0.8,1.8,2.7,1.4,0.1,1.9,0.2,2.9,0.6,0.5,0.4,2.9,0.7,0.3,1.3,0.2,0.7,0.7,0.6,0.5,0.2,0.1,0.3,0.2,0.1
2017-06-01 03:59:00+02:00,0.1,0.3,0.0,0.4,2.7,2.0,1.5,0.6,0.1,0.7,0.5,2.1,0.5,0.9,0.2,0.4,0.2,0.8,1.8,2.7,1.4,0.1,1.8,0.2,2.9,0.6,0.5,0.4,2.8,0.7,0.3,1.3,0.2,0.8,0.8,0.7,0.6,0.2,0.1,0.4,0.3,0.2
2017-06-01 04:00:00+02:00,0.1,0.3,0.0,0.4,2.6,1.9,1.5,0.6,0.1,0.7,0.5,2.0,0.5,0.9,0.2,0.4,0.2,0.8,1.7,2.6,1.4,0.1,1.8,0.2,2.9,0.6,0.4,0.4,2.7,0.7,0.3,1.3,0.1,0.8,0.7,0.6,0.6,0.2,0.1,0.4,0.3,0.2
2017-06-01 04:01:00+02:00,0.1,0.2,0.0,0.4,2.6,1.9,1.5,0.6,0.1,0.7,0.5,2.0,0.5,0.9,0.2,0.4,0.2,0.9,1.8,2.6,1.4,0.1,1.8,0.2,2.9,0.5,0.4,0.4,2.7,0.7,0.3,1.3,0.1,0.7,0.7,0.6,0.6,0.2,0.1,0.4,0.3,0.2
2017-06-01 04:02:00+02:00,0.1,0.2,0.0,0.4,2.7,2.0,1.5,0.6,0.1,0.7,0.5,2.1,0.5,0.9,0.2,0.4,0.2,0.8,1.9,2.7,1.4,0.1,1.9,0.2,3.0,0.5,0.4,0.3,2.8,0.7,0.3,1.3,0.1,0.7,0.6,0.6,0.6,0.2,0.1,0.4,0.3,0.2
2017-06-01 04:03:00+02:00,0.2,0.2,0.0,0.3,2.7,2.0,1.4,0.6,0.0,0.8,0.5,2.1,0.5,0.9,0.2,0.5,0.2,0.8,1.8,2.6,1.3,0.1,1.9,0.3,2.9,0.5,0.3,0.4,2.8,0.7,0.3,1.2,0.1,0.7,0.6,0.6,0.6,0.2,0.1,0.4,0.3,0.2
2017-06-01 04:04:00+02:00,0.2,0.2,0.0,0.3,2.7,2.1,1.5,0.6,0.0,0.8,0.4,2.1,0.5,1.0,0.2,0.5,0.2,0.8,1.9,2.6,1.3,0.1,1.9,0.3,2.9,0.5,0.3,0.4,2.8,0.7,0.3,1.3,0.1,0.7,0.6,0.6,0.6,0.2,0.1,0.4,0.3,0.2
2017-06-01 04:05:00+02:00,0.2,0.2,0.0,0.3,2.5,1.9,1.4,0.6,0.0,0.8,0.4,2.0,0.5,0.9,0.2,0.6,0.2,0.8,1.7,2.5,1.3,0.0,1.8,0.4,2.8,0.5,0.3,0.5,2.6,0.7,0.2,1.3,0.1,0.7,0.6,0.6,0.6,0.2,0.1,0.4,0.3,0.2
2017-06-01 04:06:00+02:00,0.3,0.2,0.0,0.3,2.6,2.0,1.4,0.6,0.0,0.9,0.4,2.1,0.5,0.9,0.2,0.6,0.2,0.8,1.7,2.6,1.3,0.0,1.9,0.4,2.9,0.5,0.3,0.6,2.7,0.7,0.2,1.3,0.1,0.9,0.8,0.7,0.7,0.2,0.1,0.5,0.4,0.2
2017-06-01 04:07:00+02:00,0.3,0.2,0.0,0.3,2.7,2.0,1.5,0.7,0.0,0.8,0.5,2.1,0.5,1.0,0.2,0.6,0.2,0.9,1.7,2.6,1.4,0.0,1.9,0.4,2.9,0.5,0.3,0.6,2.8,0.7,0.2,1.3,0.1,1.0,0.9,0.8,0.8,0.2,0.1,0.6,0.5,0.2
2017-06-01 04:08:00+02:00,0.3,0.2,0.0,0.3,2.5,1.9,1.4,0.6,0.0,0.7,0.4,1.9,0.4,0.9,0.2,0.5,0.1,0.8,1.6,2.4,1.3,0.0,1.8,0.4,2.7,0.5,0.4,0.5,2.5,0.7,0.2,1.2,0.1,1.2,1.1,1.0,0.9,0.2,0.1,0.8,0.6,0.2
2017-06-01 04:09:00+02:00,0.3,0.3,0.0,0.3,2.5,1.8,1.4,0.5,0.0,0.7,0.4,1.9,0.4,0.8,0.2,0.5,0.1,0.7,1.6,2.4,1.2,0.0,1.7,0.3,2.7,0.5,0.4,0.5,2.6,0.6,0.2,1.2,0.1,0.9,0.8,0.8,0.7,0.2,0.1,0.6,0.3,0.2
2017-06-01 04:10:00+02:00,0.2,0.3,0.0,0.4,2.7,2.1,1.6,0.6,0.0,0.6,0.4,2.1,0.5,0.9,0.2,0.5,0.1,0.8,1.8,2.6,1.4,0.0,1.9,0.3,2.9,0.4,0.4,0.4,2.8,0.7,0.2,1.3,0.1,0.9,0.8,0.8,0.7,0.2,0.1,0.5,0.3,0.2
2017-06-01 04:11:00+02:00,0.2,0.2,0.0,0.3,2.8,2.0,1.5,0.5,0.0,0.6,0.4,2.1,0.4,0.9,0.2,0.4,0.1,0.7,1.8,2.6,1.3,0.0,1.9,0.2,2.9,0.5,0.4,0.4,2.8,0.6,0.2,1.2,0.1,0.9,0.8,0.8,0.7,0.2,0.1,0.6,0.3,0.2
2017-06-01 04:12:00+02:00,0.3,0.3,0.0,0.4,2.9,2.1,1.6,0.6,0.0,0.7,0.5,2.2,0.4,0.9,0.2,0.5,0.1,0.8,1.9,2.7,1.4,0.1,2.0,0.3,3.1,0.5,0.4,0.5,2.9,0.7,0.3,1.4,0.1,0.8,0.7,0.6,0.6,0.2,0.1,0.4,0.3,0.2
2017-06-01 04:13:00+02:00,0.2,0.3,0.0,0.4,2.9,2.2,1.7,0.6,0.0,0.7,0.4,2.3,0.5,1.0,0.2,0.5,0.2,0.9,2.0,2.8,1.5,0.1,2.1,0.3,3.1,0.5,0.5,0.5,2.9,0.7,0.3,1.4,0.2,0.8,0.8,0.7,0.6,0.2,0.2,0.4,0.3,0.2
2017-06-01 04:14:00+02:00,0.3,0.3,0.0,0.5,2.9,2.2,1.7,0.6,0.0,0.7,0.5,2.3,0.5,1.0,0.2,0.5,0.2,0.9,2.0,2.8,1.5,0.1,2.1,0.3,3.1,0.5,0.5,0.5,3.0,0.7,0.3,1.4,0.2,0.7,0.7,0.6,0.6,0.2,0.1,0.4,0.3,0.2
2017-06-01 04:15:00+02:00,0.3,0.3,0.0,0.5,2.8,2.1,1.6,0.6,0.0,0.7,0.5,2.1,0.5,1.0,0.2,0.6,0.2,0.8,1.9,2.7,1.5,0.1,1.9,0.3,3.0,0.5,0.5,0.5,2.8,0.7,0.3,1.4,0.2,0.7,0.6,0.6,0.5,0.2,0.1,0.4,0.3,0.2
2017-06-01 04:16:00+02:00,0.3,0.3,0.0,0.5,2.6,1.9,1.5,0.6,0.0,0.7,0.5,2.0,0.5,0.9,0.2,0.6,0.1,0.8,1.7,2.6,1.4,0.1,1.8,0.3,2.8,0.5,0.5,0.6,2.7,0.7,0.3,1.3,0.2,0.6,0.6,0.6,0.6,0.2,0.1,0.4,0.3,0.2
2017-06-01 04:17:00+02:00,0.3,0.3,0.0,0.4,2.6,1.8,1.3,0.5,0.0,0.7,0.5,1.9,0.4,0.8,0.2,0.5,0.1,0.7,1.6,2.5,1.3,0.1,1.7,0.3,2.7,0.6,0.4,0.5,2.6,0.6,0.3,1.2,0.2,0.7,0.6,0.6,0.6,0.2,0.1,0.4,0.2,0.2
2017-06-01 04:18:00+02:00,0.3,0.3,0.0,0.4,2.5,1.7,1.3,0.5,0.0,0.7,0.5,1.8,0.4,0.8,0.2,0.6,0.1,0.7,1.5,2.4,1.2,0.1,1.6,0.3,2.7,0.6,0.4,0.6,2.5,0.6,0.4,1.2,0.2,0.7,0.6,0.6,0.6,0.2,0.1,0.4,0.2,0.2
2017-06-01 04:19:00+02:00,0.3,0.2,0.0,0.3,2.6,1.7,1.2,0.6,0.0,0.7,0.5,1.9,0.4,0.8,0.2,0.6,0.2,0.8,1.5,2.5,1.2,0.1,1.6,0.3,2.7,0.6,0.4,0.5,2.6,0.6,0.4,1.1,0.1,0.7,0.6,0.6,0.6,0.2,0.1,0.4,0.2,0.2
2017-06-01 04:20:00+02:00,0.3,0.2,0.0,0.3,2.6,1.8,1.3,0.6,0.0,0.6,0.5,1.9,0.4,0.8,0.2,0.5,0.2,0.8,1.5,2.5,1.2,0.1,1.6,0.3,2.8,0.6,0.3,0.4,2.6,0.6,0.3,1.1,0.1,0.6,0.6,0.6,0.5,0.2,0.1,0.3,0.2,0.2
2017-06-01 04:21:00+02:00,0.3,0.2,0.0,0.4,2.7,1.9,1.4,0.6,0.1,0.6,0.5,2.1,0.5,0.9,0.2,0.5,0.1,0.8,1.6,2.6,1.3,0.1,1.8,0.3,2.9,0.6,0.4,0.5,2.7,0.7,0.3,1.2,0.1,0.6,0.6,0.6,0.5,0.2,0.1,0.3,0.2,0.2
2017-06-01 04:22:00+02:00,0.3,0.3,0.1,0.4,2.7,1.9,1.4,0.6,0.1,0.7,0.5,2.1,0.5,0.9,0.3,0.5,0.1,0.8,1.6,2.7,1.3,0.2,1.8,0.3,2.9,0.6,0.4,0.5,2.8,0.7,0.3,1.2,0.2,0.6,0.6,0.6,0.5,0.2,0.1,0.3,0.2,0.2
2017-06-01 04:23:00+02:00,0.3,0.3,0.1,0.4,2.8,1.9,1.4,0.6,0.1,0.8,0.5,2.1,0.4,0.8,0.3,0.5,0.1,0.7,1.6,2.7,1.3,0.2,1.8,0.3,3.0,0.6,0.5,0.5,2.9,0.6,0.3,1.3,0.2,0.6,0.6,0.6,0.5,0.2,0.1,0.3,0.2,0.2
2017-06-01 04:24:00+02:00,0.3,0.3,0.1,0.5,2.8,2.0,1.5,0.5,0.1,0.7,0.5,2.2,0.5,0.8,0.3,0.5,0.2,0.7,1.7,2.7,1.4,0.2,1.9,0.3,2.9,0.6,0.5,0.5,2.8,0.6,0.3,1.3,0.2,0.7,0.7,0.6,0.6,0.2,0.1,0.4,0.3,0.2
2017-06-01 04:25:00+02:00,0.3,0.3,0.1,0.5,2.8,2.1,1.5,0.6,0.1,0.7,0.5,2.2,0.5,0.8,0.3,0.5,0.2,0.8,1.8,2.8,1.4,0.1,1.9,0.3,2.9,0.5,0.5,0.4,2.8,0.7,0.3,1.3,0.2,0.7,0.7,0.7,0.6,0.2,0.1,0.5,0.3,0.2
2017-06-01 04:26:00+02:00,0.3,0.3,0.1,0.4,2.6,1.9,1.4,0.5,0.1,0.7,0.5,2.1,0.5,0.8,0.2,0.5,0.2,0.7,1.6,2.5,1.3,0.1,1.8,0.3,2.7,0.5,0.5,0.5,2.6,0.6,0.3,1.2,0.2,0.7,0.7,0.7,0.6,0.2,0.1,0.5,0.3,0.2
2017-06-01 04:27:00+02:00,0.3,0.3,0.0,0.4,2.6,1.9,1.4,0.5,0.1,0.7,0.5,2.0,0.5,0.8,0.3,0.5,0.2,0.7,1.6,2.6,1.3,0.2,1.8,0.3,2.7,0.6,0.5,0.4,2.6,0.6,0.3,1.2,0.2,0.7,0.6,0.6,0.6,0.2,0.1,0.4,0.3,0.2
2017-06-01 04:28:00+02:00,0.2,0.4,0.0,0.5,2.7,2.0,1.4,0.5,0.1,0.6,0.5,2.1,0.4,0.8,0.3,0.4,0.1,0.7,1.7,2.6,1.4,0.2,1.9,0.2,2.9,0.6,0.6,0.4,2.7,0.6,0.3,1.3,0.3,0.7,0.6,0.6,0.5,0.2,0.1,0.4,0.3,0.2
2017-06-01 04:29:00+02:00,0.1,0.5,0.0,0.6,2.7,2.0,1.5,0.5,0.2,0.6,0.5,2.1,0.4,0.7,0.3,0.4,0.1,0.7,1.8,2.6,1.5,0.2,1.9,0.2,2.9,0.5,0.7,0.3,2.7,0.6,0.3,1.4,0.4,0.6,0.6,0.5,0.5,0.1,0.1,0.4,0.3,0.2
2017-06-01 04:30:00+02:00,0.1,0.5,0.0,0.6,2.7,1.9,1.4,0.5,0.1,0.5,0.6,2.0,0.4,0.7,0.4,0.4,0.1,0.7,1.7,2.7,1.4,0.2,1.8,0.2,3.0,0.7,0.6,0.3,2.8,0.6,0.4,1.3,0.3,0.6,0.6,0.5,0.5,0.2,0.1,0.3,0.2,0.1
2017-06-01 04:31:00+02:00,0.2,0.5,0.0,0.6,2.8,1.9,1.4,0.5,0.1,0.6,0.5,2.1,0.4,0.7,0.3,0.4,0.1,0.6,1.7,2.7,1.3,0.2,1.8,0.2,3.0,0.7,0.6,0.4,2.8,0.5,0.3,1.3,0.3,0.5,0.5,0.5,0.5,0.2,0.1,0.3,0.2,0.1
2017-06-01 04:32:00+02:00,0.2,0.5,0.0,0.6,3.1,2.3,1.7,0.8,0.1,0.8,0.5,2.4,0.3,1.0,0.3,0.6,0.1,1.0,2.0,3.1,1.7,0.2,2.2,0.3,3.4,0.7,0.6,0.6,3.2,0.8,0.3,1.6,0.3,0.5,0.5,0.5,0.4,0.2,0.1,0.3,0.2,0.1
2017-06-01 04:33:00+02:00,0.2,0.5,0.0,0.6,3.8,2.9,2.4,1.5,0.1,0.8,0.5,3.1,0.3,1.7,0.3,0.6,0.1,1.6,2.7,3.8,2.4,0.2,2.8,0.3,4.0,0.7,0.6,0.6,3.9,1.5,0.3,2.3,0.3,0.5,0.5,0.5,0.4,0.2,0.1,0.2,0.2,0.1
2017-06-01 04:34:00+02:00,0.2,0.4,0.0,0.5,3.0,2.1,1.6,0.7,0.1,0.7,0.5,2.3,0.3,0.9,0.2,0.5,0.1,0.8,1.9,2.9,1.5,0.1,2.0,0.2,3.2,0.7,0.6,0.5,3.1,0.7,0.3,1.5,0.3,0.5,0.5,0.5,0.4,0.2,0.1,0.2,0.2,0.1
2017-06-01 04:35:00+02:00,0.1,0.4,0.0,0.5,2.8,1.8,1.3,0.4,0.1,0.8,0.5,2.0,0.4,0.7,0.2,0.5,0.1,0.6,1.6,2.7,1.3,0.1,1.7,0.2,3.1,0.7,0.5,0.5,2.9,0.5,0.3,1.2,0.2,0.5,0.5,0.5,0.4,0.2,0.1,0.2,0.2,0.1
2017-06-01 04:36:00+02:00,0.1,0.5,0.0,0.6,2.8,1.9,1.3,0.4,0.1,0.8,0.5,2.0,0.4,0.7,0.2,0.5,0.1,0.6,1.6,2.7,1.3,0.1,1.8,0.2,3.1,0.7,0.6,0.5,3.0,0.5,0.3,1.3,0.2,0.5,0.5,0.5,0.4,0.2,0.1,0.2,0.2,0.1
2017-06-01 04:37:00+02:00,0.1,0.4,0.0,0.5,3.0,2.1,1.6,0.7,0.1,0.8,0.5,2.3,0.5,0.9,0.2,0.5,0.1,0.8,1.9,2.9,1.6,0.1,2.0,0.2,3.1,0.6,0.6,0.5,3.0,0.7,0.3,1.5,0.2,0.5,0.4,0.4,0.4,0.1,0.1,0.2,0.2,0.1
2017-06-01 04:38:00+02:00,0.1,0.4,0.0,0.5,3.0,2.1,1.6,0.7,0.1,0.7,0.5,2.3,0.5,1.0,0.2,0.4,0.1,0.9,1.9,2.9,1.6,0.1,2.0,0.2,3.1,0.6,0.6,0.4,3.0,0.8,0.3,1.5,0.2,0.5,0.4,0.4,0.4,0.1,0.1,0.3,0.2,0.1
2017-06-01 04:39:00+02:00,0.1,0.4,0.0,0.5,3.0,2.1,1.5,0.7,0.1,0.6,0.5,2.2,0.5,0.9,0.2,0.4,0.1,0.8,1.8,2.8,1.5,0.1,2.0,0.2,3.1,0.6,0.6,0.3,3.0,0.7,0.3,1.5,0.2,0.4,0.4,0.4,0.3,0.1,0.1,0.2,0.2,0.1
2017-06-01 04:40:00+02:00,0.2,0.4,0.0,0.5,2.9,2.0,1.5,0.6,0.1,0.6,0.5,2.2,0.5,0.8,0.2,0.4,0.1,0.7,1.7,2.7,1.4,0.1,1.9,0.2,3.0,0.5,0.6,0.4,2.9,0.7,0.3,1.4,0.2,0.4,0.4,0.4,0.3,0.1,0.1,0.2,0.2,0.1
2017-06-01 04:41:00+02:00,0.2,0.4,0.0,0.5,2.9,1.9,1.5,0.6,0.1,0.6,0.4,2.1,0.5,0.8,0.2,0.4,0.1,0.7,1.7,2.6,1.4,0.1,1.8,0.3,3.0,0.5,0.6,0.4,2.9,0.7,0.3,1.4,0.2,0.4,0.4,0.4,0.3,0.1,0.1,0.2,0.2,0.1
2017-06-01 04:42:00+02:00,0.2,0.4,0.0,0.5,2.8,1.9,1.5,0.6,0.1,0.6,0.4,2.1,0.5,0.8,0.3,0.4,0.1,0.8,1.7,2.6,1.4,0.1,1.8,0.3,3.0,0.5,0.6,0.4,2.9,0.7,0.3,1.4,0.2,0.6,0.5,0.5,0.5,0.2,0.1,0.2,0.2,0.1
2017-06-01 04:43:00+02:00,0.2,0.4,0.0,0.5,2.7,1.8,1.4,0.6,0.1,0.6,0.4,2.0,0.5,0.9,0.3,0.4,0.1,0.8,1.6,2.5,1.4,0.1,1.7,0.3,2.8,0.5,0.5,0.4,2.7,0.7,0.3,1.4,0.2,0.6,0.6,0.6,0.5,0.2,0.1,0.3,0.2,0.2
2017-06-01 04:44:00+02:00,0.2,0.4,0.0,0.5,2.7,1.9,1.5,0.6,0.1,0.6,0.4,2.0,0.5,0.9,0.3,0.4,0.2,0.8,1.7,2.5,1.4,0.1,1.8,0.3,2.8,0.5,0.5,0.4,2.7,0.7,0.3,1.4,0.2,0.7,0.7,0.6,0.6,0.2,0.1,0.4,0.3,0.2
2017-06-01 04:45:00+02:00,0.2,0.4,0.0,0.5,2.6,1.9,1.5,0.6,0.1,0.7,0.4,2.0,0.5,0.9,0.3,0.5,0.1,0.8,1.7,2.5,1.4,0.1,1.8,0.3,2.8,0.5,0.5,0.4,2.6,0.7,0.3,1.4,0.2,0.7,0.7,0.6,0.6,0.2,0.1,0.4,0.3,0.2
2017-06-01 04:46:00+02:00,0.2,0.4,0.0,0.5,2.8,2.0,1.5,0.6,0.1,0.6,0.6,2.1,0.5,0.9,0.3,0.5,0.1,0.8,1.8,2.7,1.4,0.1,1.9,0.2,3.0,0.6,0.6,0.4,2.8,0.7,0.4,1.4,0.2,0.7,0.6,0.6,0.6,0.2,0.1,0.4,0.3,0.2
2017-06-01 04:47:00+02:00,0.2,0.4,0.0,0.5,3.0,2.0,1.6,0.6,0.1,0.6,0.6,2.1,0.4,0.9,0.3,0.5,0.1,0.8,1.8,2.8,1.5,0.1,1.9,0.2,3.1,0.8,0.6,0.4,3.0,0.7,0.4,1.5,0.2,0.7,0.6,0.6,0.6,0.2,0.1,0.3,0.3,0.2
2017-06-01 04:48:00+02:00,0.2,0.4,0.0,0.5,3.3,2.4,1.9,0.9,0.1,0.7,0.6,2.4,0.4,1.2,0.3,0.5,0.1,1.1,2.2,3.2,1.8,0.1,2.3,0.2,3.4,0.7,0.6,0.4,3.3,1.0,0.4,1.8,0.2,0.6,0.6,0.6,0.5,0.2,0.1,0.3,0.2,0.2
2017-06-01 04:49:00+02:00,0.2,0.4,0.0,0.5,3.1,2.1,1.7,0.7,0.1,0.7,0.6,2.2,0.4,1.0,0.3,0.5,0.1,0.9,1.9,3.0,1.6,0.1,2.0,0.3,3.2,0.7,0.6,0.4,3.1,0.8,0.4,1.6,0.2,0.6,0.5,0.5,0.5,0.2,0.1,0.3,0.2,0.2
2017-06-01 04:50:00+02:00,0.2,0.4,0.0,0.5,3.1,2.2,1.8,0.8,0.1,0.7,0.6,2.3,0.6,1.1,0.2,0.5,0.1,1.0,2.0,3.0,1.7,0.1,2.1,0.3,3.3,0.8,0.6,0.4,3.2,0.9,0.4,1.6,0.2,0.6,0.6,0.5,0.5,0.2,0.1,0.3,0.3,0.2
2017-06-01 04:51:00+02:00,0.2,0.3,0.1,0.5,3.1,2.1,1.7,0.7,0.1,0.6,0.7,2.2,0.5,1.0,0.3,0.5,0.1,0.9,1.9,3.0,1.6,0.1,2.0,0.2,3.2,0.8,0.5,0.4,3.1,0.8,0.5,1.5,0.2,0.6,0.6,0.5,0.5,0.2,0.1,0.3,0.3,0.1
2017-06-01 04:52:00+02:00,0.2,0.3,0.1,0.4,2.9,2.0,1.6,0.7,0.0,0.7,0.6,2.1,0.6,1.0,0.3,0.5,0.1,0.9,1.9,2.8,1.5,0.2,1.9,0.2,3.0,0.7,0.5,0.4,2.9,0.8,0.5,1.5,0.2,0.6,0.6,0.5,0.5,0.2,0.1,0.3,0.3,0.1
2017-06-01 04:53:00+02:00,0.2,0.2,0.1,0.3,2.5,1.8,1.4,0.6,0.0,0.7,0.6,1.9,0.5,0.9,0.3,0.5,0.1,0.8,1.6,2.5,1.3,0.2,1.7,0.2,2.7,0.6,0.4,0.4,2.6,0.7,0.5,1.2,0.2,0.6,0.6,0.5,0.5,0.2,0.1,0.3,0.3,0.1
2017-06-01 04:54:00+02:00,0.2,0.2,0.1,0.3,2.3,1.6,1.2,0.5,0.0,0.8,0.5,1.7,0.4,0.7,0.3,0.5,0.1,0.6,1.5,2.2,1.1,0.2,1.5,0.3,2.5,0.6,0.4,0.4,2.3,0.6,0.4,1.0,0.2,0.6,0.6,0.6,0.5,0.2,0.1,0.3,0.3,0.1
2017-06-01 04:55:00+02:00,0.2,0.2,0.1,0.3,2.4,1.8,1.3,0.6,0.0,0.8,0.5,1.8,0.5,0.7,0.3,0.5,0.1,0.6,1.6,2.4,1.1,0.2,1.7,0.3,2.6,0.5,0.4,0.4,2.4,0.6,0.4,1.1,0.2,0.6,0.6,0.5,0.5,0.2,0.1,0.3,0.3,0.1
2017-06-01 04:56:00+02:00,0.1,0.2,0.1,0.6,2.8,2.1,1.5,0.5,0.0,0.7,0.5,2.2,0.4,0.7,0.3,0.5,0.1,0.6,1.9,2.7,1.4,0.1,2.0,0.2,3.1,0.5,0.7,0.4,2.8,0.6,0.4,1.4,0.2,0.6,0.5,0.5,0.5,0.2,0.1,0.3,0.2,0.1
2017-06-01 04:57:00+02:00,0.1,0.2,0.0,0.7,2.8,2.2,1.6,0.5,0.0,0.6,0.5,2.3,0.4,0.7,0.2,0.5,0.1,0.6,1.9,2.8,1.4,0.1,2.1,0.2,3.1,0.5,0.7,0.4,2.8,0.6,0.3,1.4,0.2,0.6,0.6,0.5,0.5,0.2,0.1,0.3,0.2,0.1
2017-06-01 04:58:00+02:00,0.1,0.2,0.0,0.5,2.7,2.0,1.5,0.6,0.0,0.6,0.4,2.1,0.5,0.7,0.2,0.4,0.2,0.6,1.7,2.6,1.3,0.1,1.8,0.2,2.9,0.5,0.6,0.4,2.7,0.6,0.2,1.3,0.1,0.5,0.5,0.5,0.4,0.2,0.1,0.2,0.2,0.1
2017-06-01 04:59:00+02:00,0.1,0.2,0.0,0.5,2.7,2.0,1.6,0.7,0.0,0.6,0.4,2.1,0.6,0.8,0.2,0.5,0.2,0.7,1.7,2.6,1.4,0.1,1.9,0.2,2.9,0.5,0.6,0.4,2.7,0.7,0.2,1.4,0.1,0.5,0.5,0.4,0.4,0.2,0.1,0.2,0.2,0.1
2017-06-01 05:00:00+02:00,0.1,0.2,0.0,0.5,2.6,1.9,1.4,0.5,0.0,0.6,0.4,2.0,0.4,0.7,0.2,0.5,0.1,0.6,1.6,2.4,1.3,0.1,1.7,0.2,2.7,0.5,0.6,0.3,2.6,0.6,0.3,1.3,0.1,0.5,0.5,0.5,0.4,0.2,0.1,0.2,0.2,0.1
2017-06-01 05:01:00+02:00,0.2,0.2,0.0,0.5,2.5,1.8,1.4,0.6,0.0,0.7,0.4,1.9,0.4,0.7,0.2,0.5,0.1,0.6,1.5,2.4,1.3,0.1,1.7,0.3,2.6,0.5,0.6,0.4,2.5,0.6,0.3,1.3,0.1,0.5,0.5,0.4,0.4,0.2,0.1,0.2,0.2,0.1
2017-06-01 05:02:00+02:00,0.2,0.3,0.0,0.7,2.7,2.0,1.6,0.6,0.0,0.6,0.4,2.1,0.4,0.7,0.2,0.5,0.1,0.6,1.7,2.5,1.5,0.1,1.8,0.3,2.8,0.5,0.8,0.4,2.7,0.6,0.3,1.5,0.1,0.5,0.5,0.4,0.4,0.2,0.1,0.2,0.2,0.1
2017-06-01 05:03:00+02:00,0.2,0.4,0.0,0.7,3.1,2.5,2.1,0.6,0.0,0.6,0.4,2.6,0.4,0.7,0.2,0.5,0.1,0.7,2.3,3.0,1.5,0.1,2.4,0.3,3.2,0.4,0.8,0.4,3.1,0.6,0.3,1.5,0.1,0.5,0.5,0.4,0.4,0.2,0.1,0.2,0.2,0.1
2017-06-01 05:04:00+02:00,0.2,0.4,0.0,0.7,2.5,2.0,1.7,0.6,0.0,0.7,0.4,2.1,0.4,0.8,0.2,0.5,0.1,0.7,1.8,2.5,1.6,0.1,1.9,0.3,2.7,0.4,0.8,0.4,2.6,0.7,0.3,1.5,0.1,0.5,0.5,0.4,0.4,0.2,0.1,0.2,0.2,0.1
2017-06-01 05:05:00+02:00,0.2,0.4,0.0,0.7,2.6,2.0,1.7,0.7,0.0,0.7,0.4,2.1,0.4,0.8,0.2,0.5,0.1,0.7,1.8,2.6,1.6,0.1,1.9,0.3,2.8,0.5,0.8,0.5,2.7,0.7,0.3,1.6,0.1,0.5,0.5,0.5,0.4,0.2,0.1,0.2,0.2,0.1
2017-06-01 05:06:00+02:00,0.2,0.4,0.0,0.7,2.7,2.1,1.7,0.7,0.0,0.7,0.4,2.2,0.5,0.8,0.3,0.5,0.1,0.8,1.9,2.7,1.6,0.1,2.0,0.3,2.9,0.5,0.8,0.5,2.8,0.7,0.3,1.6,0.1,0.5,0.5,0.4,0.4,0.2,0.1,0.2,0.2,0.1
2017-06-01 05:07:00+02:00,0.2,0.3,0.0,0.7,2.8,2.2,1.7,0.7,0.0,0.7,0.4,2.3,0.6,0.8,0.3,0.6,0.1,0.8,1.9,2.7,1.6,0.1,2.1,0.3,2.9,0.5,0.8,0.5,2.9,0.7,0.3,1.6,0.1,0.6,0.5,0.5,0.4,0.2,0.1,0.2,0.2,0.1
2017-06-01 05:08:00+02:00,0.2,0.2,0.0,0.6,2.7,2.0,1.5,0.6,0.0,0.8,0.5,2.1,0.5,0.7,0.3,0.5,0.1,0.7,1.8,2.7,1.4,0.1,1.9,0.3,2.9,0.6,0.7,0.5,2.8,0.7,0.3,1.4,0.1,0.6,0.6,0.5,0.4,0.2,0.1,0.2,0.2,0.1
2017-06-01 05:09:00+02:00,0.2,0.2,0.0,0.6,2.7,2.0,1.5,0.5,0.0,0.7,0.5,2.1,0.3,0.7,0.3,0.5,0.1,0.7,1.8,2.6,1.4,0.1,1.9,0.2,3.0,0.6,0.6,0.4,2.8,0.7,0.3,1.4,0.1,0.7,0.6,0.6,0.5,0.2,0.1,0.4,0.3,0.1
2017-06-01 05:10:00+02:00,0.2,0.2,0.0,0.6,2.6,1.9,1.5,0.5,0.0,0.7,0.5,1.9,0.3,0.8,0.2,0.5,0.1,0.7,1.7,2.5,1.4,0.1,1.8,0.2,2.8,0.6,0.6,0.4,2.7,0.7,0.3,1.4,0.1,0.7,0.6,0.6,0.6,0.2,0.1,0.4,0.3,0.1
2017-06-01 05:11:00+02:00,0.2,0.2,0.0,0.6,2.5,1.8,1.5,0.5,0.0,0.7,0.5,1.9,0.3,0.8,0.2,0.5,0.1,0.7,1.6,2.4,1.4,0.1,1.8,0.2,2.8,0.5,0.6,0.4,2.6,0.6,0.3,1.4,0.1,0.8,0.7,0.7,0.7,0.2,0.1,0.4,0.3,0.2
2017-06-01 05:12:00+02:00,0.2,0.2,0.0,0.6,2.5,1.8,1.4,0.5,0.0,0.7,0.5,1.9,0.3,0.7,0.2,0.4,0.1,0.6,1.6,2.4,1.3,0.1,1.7,0.2,2.8,0.5,0.6,0.4,2.6,0.6,0.3,1.3,0.1,0.8,0.7,0.7,0.6,0.2,0.1,0.5,0.4,0.2
2017-06-01 05:13:00+02:00,0.2,0.3,0.0,0.6,2.6,1.8,1.4,0.5,0.0,0.7,0.5,1.9,0.4,0.7,0.2,0.5,0.1,0.6,1.6,2.4,1.4,0.1,1.7,0.2,2.8,0.5,0.6,0.4,2.6,0.6,0.3,1.3,0.1,0.8,0.8,0.7,0.6,0.2,0.1,0.5,0.4,0.2
2017-06-01 05:14:00+02:00,0.3,0.2,0.0,0.5,2.4,1.7,1.4,0.5,0.0,0.7,0.4,1.8,0.4,0.7,0.2,0.6,0.2,0.6,1.6,2.3,1.3,0.1,1.7,0.3,2.7,0.5,0.6,0.5,2.5,0.6,0.2,1.3,0.1,0.9,0.8,0.7,0.7,0.3,0.1,0.5,0.4,0.2
2017-06-01 05:15:00+02:00,0.3,0.2,0.0,0.5,2.4,1.7,1.4,0.5,0.0,0.8,0.4,1.8,0.4,0.7,0.2,0.7,0.1,0.6,1.5,2.3,1.3,0.1,1.6,0.3,2.6,0.5,0.6,0.6,2.4,0.6,0.2,1.3,0.1,0.9,0.8,0.8,0.7,0.3,0.1,0.5,0.4,0.2
2017-06-01 05:16:00+02:00,0.3,0.2,0.0,0.6,2.5,1.8,1.5,0.6,0.0,0.8,0.4,1.9,0.4,0.7,0.2,0.6,0.2,0.7,1.6,2.4,1.4,0.1,1.7,0.3,2.7,0.5,0.7,0.5,2.6,0.6,0.3,1.4,0.1,0.9,0.8,0.8,0.7,0.3,0.1,0.5,0.4,0.2
2017-06-01 05:17:00+02:00,0.3,0.3,0.0,0.7,2.6,1.8,1.6,0.5,0.0,0.8,0.4,2.0,0.4,0.7,0.2,0.6,0.1,0.6,1.7,2.5,1.5,0.1,1.8,0.3,2.8,0.5,0.8,0.5,2.7,0.6,0.3,1.5,0.1,0.9,0.8,0.8,0.7,0.3,0.1,0.5,0.3,0.2
2017-06-01 05:18:00+02:00,0.3,0.3,0.0,0.8,2.8,2.0,1.7,0.5,0.0,0.8,0.5,2.1,0.4,0.7,0.2,0.7,0.2,0.6,1.8,2.7,1.6,0.1,1.9,0.3,3.0,0.6,0.9,0.6,2.9,0.6,0.3,1.6,0.1,0.9,0.8,0.8,0.6,0.2,0.1,0.5,0.3,0.2
2017-06-01 05:19:00+02:00,0.3,0.3,0.0,0.7,2.8,1.9,1.5,0.6,0.0,0.9,0.5,2.0,0.4,0.8,0.2,0.6,0.2,0.7,1.7,2.6,1.5,0.1,1.8,0.3,3.0,0.6,0.7,0.6,2.9,0.6,0.3,1.5,0.1,1.1,1.0,0.9,0.8,0.2,0.1,0.7,0.5,0.4
2017-06-01 05:20:00+02:00,0.2,0.4,0.0,0.8,2.9,2.1,1.7,0.6,0.0,0.8,0.5,2.3,0.4,0.7,0.2,0.6,0.1,0.6,1.9,2.8,1.6,0.1,2.0,0.3,3.1,0.5,0.9,0.6,3.0,0.6,0.3,1.6,0.2,1.1,1.0,1.0,0.8,0.2,0.1,0.6,0.5,0.4
2017-06-01 05:21:00+02:00,0.2,0.4,0.0,0.9,3.1,2.3,1.9,0.6,0.0,0.8,0.5,2.5,0.4,0.8,0.2,0.6,0.1,0.7,2.1,3.0,1.9,0.1,2.2,0.3,3.3,0.5,1.0,0.5,3.2,0.7,0.2,1.8,0.2,1.0,0.9,0.9,0.8,0.2,0.1,0.6,0.5,0.3
2017-06-01 05:22:00+02:00,0.2,0.4,0.0,1.3,3.3,2.6,2.2,0.5,0.0,0.8,0.4,2.7,0.4,0.8,0.2,0.5,0.1,0.7,2.4,3.1,2.1,0.1,2.4,0.3,3.5,0.4,1.3,0.5,3.3,0.6,0.2,2.1,0.2,1.0,0.9,0.9,0.8,0.2,0.1,0.6,0.5,0.3
2017-06-01 05:23:00+02:00,0.2,0.3,0.0,0.9,2.9,2.2,1.9,0.5,0.0,0.8,0.3,2.4,0.4,0.7,0.2,0.5,0.1,0.6,2.0,2.8,1.8,0.1,2.1,0.3,3.1,0.4,1.0,0.5,3.0,0.6,0.2,1.7,0.2,0.9,0.8,0.8,0.7,0.2,0.1,0.5,0.4,0.2
2017-06-01 05:24:00+02:00,0.2,0.3,0.0,0.8,2.9,2.4,1.7,0.5,0.0,0.7,0.3,2.5,0.4,0.7,0.2,0.5,0.1,0.6,2.2,2.9,1.6,0.1,2.3,0.2,3.2,0.4,0.8,0.4,3.0,0.6,0.2,1.5,0.2,0.7,0.7,0.6,0.5,0.1,0.1,0.4,0.3,0.1
2017-06-01 05:25:00+02:00,0.2,0.3,0.0,0.8,3.2,2.6,1.7,0.5,0.0,0.6,0.4,2.8,0.3,0.7,0.2,0.5,0.1,0.6,2.5,3.1,1.6,0.1,2.5,0.2,3.4,0.4,0.9,0.5,3.3,0.6,0.3,1.6,0.2,0.7,0.6,0.6,0.5,0.1,0.1,0.4,0.3,0.1
2017-06-01 05:26:00+02:00,0.2,0.2,0.0,0.6,2.4,1.9,1.4,0.5,0.0,0.7,0.4,2.0,0.3,0.7,0.2,0.5,0.1,0.6,1.7,2.4,1.4,0.1,1.8,0.2,2.6,0.4,0.6,0.5,2.5,0.6,0.3,1.3,0.1,0.6,0.6,0.5,0.5,0.1,0.1,0.4,0.3,0.1
2017-06-01 05:27:00+02:00,0.2,0.1,0.0,0.5,2.2,1.7,1.3,0.5,0.0,0.6,0.3,1.8,0.3,0.7,0.2,0.5,0.1,0.6,1.6,2.2,1.3,0.1,1.6,0.2,2.4,0.3,0.5,0.5,2.3,0.5,0.2,1.2,0.1,0.7,0.6,0.6,0.5,0.1,0.0,0.4,0.3,0.1
2017-06-01 05:28:00+02:00,0.1,0.1,0.0,0.1,0.3,0.2,0.1,0.4,0.0,0.4,0.2,0.3,0.3,0.3,0.1,0.2,0.1,0.3,0.1,0.3,0.2,0.0,0.2,0.0,0.6,0.5,0.2,0.2,0.3,0.5,0.1,0.2,0.1,0.8,0.9,0.9,0.7,0.4,0.2,0.3,0.1,0.1
2017-06-01 05:29:00+02:00,0.1,0.2,0.0,0.0,0.6,0.1,0.3,0.4,0.0,0.5,0.3,0.1,0.3,0.2,0.1,0.2,0.1,0.2,0.2,0.6,0.0,0.1,0.1,0.1,1.0,0.6,0.3,0.2,0.5,0.4,0.2,0.0,0.1,1.0,1.1,1.1,0.9,0.6,0.3,0.4,0.1,0.1
2017-06-01 05:30:00+02:00,0.1,0.2,0.0,0.1,0.9,0.2,0.4,0.5,0.0,0.5,0.4,0.2,0.3,0.3,0.1,0.2,0.1,0.3,0.4,0.9,0.1,0.0,0.3,0.1,1.4,0.7,0.4,0.2,0.8,0.5,0.2,0.2,0.1,1.2,1.3,1.3,1.0,0.6,0.3,0.4,0.2,0.1
2017-06-01 05:31:00+02:00,0.2,0.2,0.0,0.1,1.3,0.5,0.6,0.4,0.0,0.7,0.5,0.4,0.3,0.2,0.1,0.2,0.0,0.3,0.6,1.3,0.2,0.0,0.5,0.1,1.8,0.9,0.5,0.1,1.2,0.5,0.3,0.3,0.1,1.4,1.4,1.4,1.2,0.7,0.3,0.5,0.2,0.1
2017-06-01 05:32:00+02:00,0.2,0.2,0.0,0.2,1.5,0.7,0.7,0.4,0.0,0.8,0.6,0.5,0.3,0.2,0.1,0.3,0.0,0.2,0.8,1.5,0.4,0.0,0.7,0.2,2.1,1.0,0.5,0.1,1.5,0.5,0.3,0.4,0.1,1.5,1.6,1.6,1.3,0.7,0.3,0.6,0.3,0.1
2017-06-01 05:33:00+02:00,0.2,0.3,0.0,0.2,1.8,0.8,0.9,0.5,0.0,1.0,0.7,0.7,0.3,0.3,0.1,0.4,0.0,0.3,1.0,1.8,0.5,0.0,0.9,0.2,2.4,1.1,0.7,0.2,1.8,0.5,0.4,0.5,0.1,1.8,1.8,1.8,1.4,0.7,0.3,0.7,0.3,0.1
2017-06-01 05:34:00+02:00,0.2,0.3,0.0,0.3,2.1,1.1,1.1,0.4,0.0,1.1,0.7,0.9,0.3,0.3,0.1,0.4,0.0,0.3,1.2,2.1,0.6,0.0,1.1,0.2,2.8,1.2,0.7,0.2,2.0,0.5,0.4,0.7,0.0,1.9,1.9,1.9,1.5,0.8,0.4,0.7,0.4,0.1
2017-06-01 05:35:00+02:00,0.3,0.4,0.0,0.4,2.4,1.3,1.3,0.4,0.1,1.2,0.7,1.2,0.3,0.2,0.1,0.5,0.0,0.3,1.4,2.4,0.8,0.0,1.3,0.2,3.2,1.2,0.8,0.2,2.3,0.5,0.4,0.8,0.0,2.1,2.1,2.1,1.6,0.9,0.4,0.8,0.4,0.1
2017-06-01 05:36:00+02:00,0.3,0.4,0.0,0.4,2.6,1.5,1.4,0.4,0.0,1.3,0.8,1.4,0.4,0.3,0.1,0.6,0.1,0.3,1.6,2.6,0.9,0.0,1.5,0.3,3.5,1.2,0.9,0.2,2.6,0.5,0.4,0.9,0.0,2.2,2.2,2.2,1.7,0.9,0.4,0.8,0.4,0.1
2017-06-01 05:37:00+02:00,0.3,0.4,0.0,0.4,3.0,1.7,1.6,0.4,0.0,1.5,0.9,1.6,0.3,0.2,0.0,0.6,0.1,0.2,1.8,2.9,1.1,0.0,1.7,0.3,3.9,1.3,1.0,0.2,3.0,0.4,0.4,1.1,0.0,2.3,2.3,2.3,1.9,1.0,0.4,0.9,0.4,0.1
2017-06-01 05:38:00+02:00,0.3,0.4,0.0,0.6,3.2,1.9,1.7,0.4,0.0,1.7,0.9,1.8,0.4,0.1,0.1,0.7,0.1,0.1,2.0,3.2,1.2,0.0,1.9,0.3,4.2,1.4,1.1,0.2,3.2,0.4,0.5,1.2,0.1,2.4,2.4,2.4,1.9,1.1,0.5,0.9,0.4,0.2
2017-06-01 05:39:00+02:00,0.4,0.4,0.0,0.7,3.5,2.2,1.9,0.4,0.0,1.8,1.0,2.0,0.3,0.2,0.0,0.7,0.1,0.1,2.2,3.6,1.4,0.0,2.1,0.3,4.7,1.5,1.2,0.2,3.5,0.4,0.5,1.4,0.0,2.4,2.4,2.4,1.9,1.1,0.5,0.8,0.3,0.2
2017-06-01 05:40:00+02:00,0.4,0.5,0.0,0.8,3.9,2.4,2.1,0.4,0.1,2.0,1.1,2.3,0.3,0.2,0.0,0.9,0.0,0.1,2.5,3.9,1.6,0.0,2.4,0.4,5.1,1.6,1.3,0.3,3.9,0.3,0.6,1.6,0.0,2.6,2.5,2.5,2.0,1.2,0.5,0.8,0.3,0.2
2017-06-01 05:41:00+02:00,0.6,0.6,0.0,1.1,4.6,2.9,2.6,0.3,0.1,2.2,1.2,2.8,0.2,0.3,0.1,1.0,0.1,0.1,3.0,4.6,2.0,0.1,2.9,0.5,5.8,1.8,1.7,0.5,4.6,0.3,0.6,2.0,0.0,2.6,2.6,2.6,2.0,1.2,0.5,0.8,0.3,0.2
2017-06-01 05:42:00+02:00,0.6,0.6,0.0,1.1,4.8,3.2,2.8,0.3,0.1,2.4,1.2,3.1,0.2,0.4,0.1,1.1,0.0,0.2,3.2,4.9,2.2,0.0,3.1,0.6,6.3,1.8,1.8,0.5,4.9,0.3,0.6,2.2,0.0,2.7,2.7,2.7,2.1,1.2,0.5,0.8,0.2,0.2
2017-06-01 05:43:00+02:00,0.5,0.7,0.0,1.2,5.3,3.5,3.2,0.1,0.1,2.4,1.3,3.4,0.2,0.6,0.0,1.1,0.0,0.4,3.6,5.3,2.5,0.0,3.5,0.5,6.8,1.9,1.9,0.4,5.4,0.1,0.7,2.5,0.1,3.0,3.0,2.9,2.3,1.3,0.6,1.0,0.3,0.2
2017-06-01 05:44:00+02:00,0.5,0.7,0.0,1.3,5.6,3.7,3.3,0.1,0.1,2.4,1.3,3.6,0.2,0.6,0.0,1.1,0.0,0.4,3.7,5.6,2.6,0.0,3.7,0.5,7.1,2.0,2.0,0.4,5.6,0.1,0.7,2.6,0.1,3.4,3.3,3.3,2.6,1.4,0.6,1.2,0.5,0.2
2017-06-01 05:45:00+02:00,0.6,0.7,0.0,1.3,5.9,3.9,3.5,0.1,0.1,2.6,1.4,3.8,0.3,0.7,0.1,1.1,0.0,0.5,4.0,5.9,2.8,0.0,3.9,0.6,7.5,2.1,2.1,0.4,5.9,0.1,0.7,2.8,0.1,3.7,3.7,3.6,2.9,1.5,0.7,1.4,0.6,0.2
2017-06-01 05:46:00+02:00,0.6,0.8,0.0,1.4,6.4,4.2,3.8,0.0,0.1,2.7,1.5,4.1,0.2,0.8,0.1,1.2,0.0,0.6,4.3,6.4,3.1,0.1,4.2,0.6,8.0,2.2,2.2,0.5,6.4,0.1,0.8,3.1,0.1,3.9,3.8,3.8,3.0,1.6,0.7,1.4,0.6,0.2
2017-06-01 05:47:00+02:00,0.6,0.9,0.0,1.5,6.9,4.5,4.0,0.0,0.1,2.9,1.6,4.5,0.2,0.9,0.1,1.3,0.0,0.7,4.6,6.9,3.3,0.1,4.5,0.6,8.6,2.4,2.4,0.6,6.9,0.1,0.9,3.3,0.1,4.1,4.1,4.1,3.2,1.6,0.8,1.6,0.7,0.1
2017-06-01 05:48:00+02:00,0.7,0.9,0.0,1.6,7.2,4.7,4.2,0.0,0.1,3.1,1.7,4.7,0.3,1.0,0.1,1.4,0.0,0.7,4.8,7.2,3.5,0.1,4.7,0.7,9.1,2.5,2.5,0.6,7.3,0.1,0.9,3.5,0.1,4.4,4.4,4.3,3.4,1.7,0.8,1.7,0.8,0.0
2017-06-01 05:49:00+02:00,0.7,1.0,0.0,1.7,7.2,4.6,4.6,0.1,0.1,3.2,1.8,4.6,0.2,1.1,0.1,1.5,0.0,0.8,4.7,7.2,3.7,0.1,4.6,0.7,9.1,2.6,2.6,0.6,7.2,0.1,1.0,3.7,0.1,4.6,4.5,4.5,3.6,1.8,0.8,1.8,0.9,0.0
2017-06-01 05:50:00+02:00,0.8,1.0,0.0,1.8,7.0,4.3,4.8,0.1,0.1,3.3,1.8,4.3,0.2,1.2,0.1,1.5,0.0,0.9,4.4,6.9,4.0,0.1,4.3,0.7,8.9,2.7,2.8,0.7,7.0,0.2,1.0,4.0,0.1,4.8,4.7,4.7,3.7,1.9,0.9,1.9,0.9,0.0
2017-06-01 05:51:00+02:00,0.8,1.1,0.0,1.9,8.1,5.3,5.1,0.2,0.2,3.4,1.9,5.3,0.2,1.3,0.1,1.6,0.0,0.9,5.4,8.1,4.2,0.1,5.3,0.7,10.1,2.8,2.9,0.7,8.1,0.3,1.0,4.2,0.2,4.9,4.8,4.8,3.8,1.9,0.9,1.9,0.9,0.1
2017-06-01 05:52:00+02:00,0.9,1.2,0.0,2.1,8.7,5.9,5.4,0.1,0.2,3.7,1.9,5.9,0.2,1.3,0.0,1.8,0.0,0.9,6.0,8.6,4.4,0.1,5.9,0.9,10.7,2.8,3.1,0.8,8.6,0.3,1.0,4.4,0.2,5.1,5.0,5.0,4.0,2.0,1.0,2.0,1.0,0.0
2017-06-01 05:53:00+02:00,1.0,1.3,0.1,2.1,9.1,6.2,5.6,0.2,0.2,3.8,2.0,6.2,0.1,1.4,0.0,1.8,0.0,1.0,6.3,9.1,4.7,0.1,6.2,0.9,11.2,2.9,3.2,0.9,9.1,0.3,1.0,4.6,0.2,5.2,5.2,5.1,4.1,2.1,1.0,2.0,0.9,0.1
2017-06-01 05:54:00+02:00,1.0,1.3,0.1,2.2,9.5,6.5,5.9,0.2,0.2,3.9,2.1,6.5,0.2,1.5,0.0,1.9,0.0,1.1,6.5,9.5,4.9,0.1,6.5,0.9,11.6,3.0,3.3,0.9,9.4,0.4,1.1,4.8,0.3,5.4,5.3,5.3,4.2,2.2,1.0,2.0,0.9,0.1
2017-06-01 05:55:00+02:00,1.0,1.3,0.1,2.2,9.8,6.7,6.1,0.2,0.2,4.0,2.1,6.7,0.2,1.6,0.0,1.9,0.0,1.2,6.7,9.8,5.0,0.1,6.6,0.9,12.0,3.2,3.4,0.9,9.8,0.4,1.1,5.0,0.3,5.6,5.6,5.5,4.4,2.2,1.1,2.2,1.0,0.0
2017-06-01 05:56:00+02:00,1.0,1.4,0.1,2.3,10.2,6.9,6.4,0.3,0.2,3.9,2.2,7.0,0.2,1.7,0.0,1.8,0.0,1.3,6.9,10.2,5.3,0.1,6.9,0.9,12.5,3.3,3.5,0.8,10.2,0.4,1.2,5.2,0.3,5.8,5.7,5.7,4.5,2.2,1.1,2.2,1.1,0.0
2017-06-01 05:57:00+02:00,0.8,1.4,0.1,2.4,10.4,7.1,6.5,0.3,0.3,3.9,2.3,7.1,0.2,1.7,0.0,1.6,0.0,1.3,7.1,10.4,5.4,0.1,7.1,0.8,12.8,3.3,3.6,0.6,10.4,0.4,1.2,5.3,0.3,5.9,5.8,5.8,4.6,2.3,1.1,2.3,1.1,0.0
2017-06-01 05:58:00+02:00,0.8,1.4,0.1,2.4,10.7,7.3,6.7,0.3,0.2,3.9,2.3,7.3,0.2,1.8,0.0,1.6,0.0,1.3,7.3,10.7,5.5,0.1,7.3,0.7,13.1,3.4,3.6,0.5,10.7,0.5,1.2,5.4,0.3,6.1,6.1,6.0,4.8,2.3,1.2,2.4,1.2,0.0
2017-06-01 05:59:00+02:00,1.1,1.5,0.1,2.5,11.1,7.6,6.9,0.3,0.2,4.5,2.4,7.6,0.2,1.9,0.0,2.1,0.0,1.4,7.5,11.1,5.7,0.1,7.5,1.1,13.6,3.6,3.7,1.0,11.1,0.5,1.2,5.6,0.3,6.3,6.2,6.2,4.9,2.4,1.2,2.5,1.3,0.0
2017-06-01 06:00:00+02:00,1.2,1.5,0.1,2.6,11.6,7.9,7.2,0.3,0.2,4.8,2.5,7.9,0.1,2.0,0.1,2.3,0.0,1.5,7.8,11.6,5.9,0.1,7.8,1.2,14.1,3.7,3.9,1.2,11.6,0.6,1.3,5.9,0.3,6.5,6.4,6.3,5.0,2.4,1.2,2.6,1.3,0.1
2017-06-01 06:01:00+02:00,1.2,1.5,0.1,2.5,11.9,8.2,7.4,0.4,0.2,4.9,2.6,8.2,0.0,2.2,0.1,2.4,0.0,1.6,8.1,12.0,6.1,0.1,8.1,1.3,14.5,3.8,3.9,1.2,12.0,0.7,1.4,6.1,0.3,6.7,6.6,6.6,5.2,2.5,1.3,2.7,1.4,0.1
2017-06-01 06:02:00+02:00,1.3,1.5,0.1,2.6,12.4,8.5,7.6,0.5,0.3,5.1,2.7,8.5,0.0,2.3,0.1,2.5,0.0,1.7,8.4,12.4,6.3,0.1,8.4,1.3,15.0,3.9,4.0,1.3,12.4,0.7,1.4,6.2,0.3,6.9,6.8,6.7,5.4,2.6,1.3,2.8,1.4,0.1
2017-06-01 06:03:00+02:00,1.3,1.6,0.1,2.7,12.8,8.8,7.9,0.5,0.3,5.2,2.7,8.8,0.1,2.4,0.1,2.5,0.0,1.8,8.7,12.7,6.6,0.1,8.7,1.4,15.5,4.0,4.1,1.2,12.8,0.8,1.4,6.5,0.3,7.1,7.1,7.0,5.6,2.7,1.3,2.9,1.5,0.1
2017-06-01 06:04:00+02:00,1.3,1.6,0.1,2.7,12.6,8.7,7.9,0.6,0.3,5.2,2.6,8.7,0.1,2.2,0.1,2.5,0.0,1.7,8.6,12.6,6.5,0.1,8.6,1.4,15.4,3.9,4.2,1.3,12.7,0.7,1.3,6.4,0.3,7.3,7.2,7.2,5.7,2.8,1.4,2.9,1.5,0.1
2017-06-01 06:05:00+02:00,1.4,1.6,0.1,2.8,13.2,9.0,8.2,0.6,0.3,5.4,2.8,9.1,0.1,2.4,0.1,2.6,0.0,1.9,8.9,13.2,6.7,0.1,9.0,1.4,16.1,4.1,4.2,1.3,13.3,0.9,1.5,6.6,0.3,7.5,7.4,7.4,5.9,2.9,1.5,3.0,1.6,0.1
2017-06-01 06:06:00+02:00,1.4,1.7,0.1,2.9,13.6,9.5,8.6,0.6,0.3,5.6,3.0,9.5,0.1,2.6,0.1,2.6,0.0,2.0,9.4,13.5,7.1,0.1,9.5,1.4,16.6,4.0,4.4,1.4,13.6,1.0,1.5,7.0,0.3,7.8,7.7,7.6,6.1,3.0,1.5,3.1,1.6,0.1
2017-06-01 06:07:00+02:00,1.5,1.8,0.1,3.0,13.8,9.7,8.8,0.6,0.2,5.7,3.0,9.8,0.1,2.7,0.1,2.7,0.0,2.0,9.6,13.8,7.3,0.1,9.7,1.5,16.9,4.0,4.5,1.4,13.8,1.0,1.5,7.2,0.3,7.9,7.8,7.8,6.2,3.1,1.6,3.1,1.6,0.1
2017-06-01 06:08:00+02:00,1.5,1.8,0.1,3.0,12.9,8.7,7.7,0.3,0.3,5.6,3.1,8.7,0.9,1.4,0.2,2.6,0.1,0.8,8.5,12.8,6.2,0.1,8.6,1.3,16.1,4.1,4.7,1.3,12.9,0.4,1.6,6.1,0.3,7.1,7.0,6.9,5.3,3.2,1.6,2.1,0.6,0.1
2017-06-01 06:09:00+02:00,1.5,2.0,0.1,3.2,15.0,10.2,9.2,0.6,0.3,5.5,3.3,10.2,0.1,2.7,0.1,2.4,0.1,2.0,10.1,15.0,7.6,0.2,10.2,1.1,18.3,4.8,4.9,1.0,15.0,0.9,1.7,7.5,0.4,8.3,8.2,8.2,6.5,3.3,1.6,3.2,1.6,0.1
2017-06-01 06:10:00+02:00,1.6,2.1,0.1,3.4,14.7,10.4,9.5,0.5,0.3,5.5,3.4,10.5,0.1,2.7,0.1,2.3,0.1,2.0,10.4,14.8,7.9,0.2,10.6,0.9,18.2,4.3,5.1,0.9,14.8,0.8,1.8,7.8,0.5,8.7,8.6,8.5,6.8,3.4,1.7,3.4,1.8,0.1
2017-06-01 06:11:00+02:00,1.6,2.1,0.1,3.4,15.2,10.6,9.7,0.5,0.4,5.4,3.5,10.7,0.1,2.8,0.2,2.2,0.1,2.1,10.6,15.3,8.0,0.2,10.8,0.8,18.7,4.6,5.2,0.8,15.2,0.9,1.9,7.9,0.5,8.8,8.7,8.6,6.8,3.4,1.7,3.5,1.8,0.2
2017-06-01 06:12:00+02:00,1.6,2.2,0.1,3.5,15.4,10.9,10.0,0.6,0.4,5.8,3.5,11.0,0.1,2.9,0.2,2.5,0.1,2.2,10.9,15.5,8.3,0.2,11.1,1.1,18.9,4.5,5.3,1.1,15.5,1.0,1.9,8.2,0.5,9.0,8.9,8.8,7.0,3.4,1.7,3.6,1.9,0.2
2017-06-01 06:13:00+02:00,1.7,2.3,0.1,3.7,16.3,11.4,10.3,0.6,0.4,6.1,3.7,11.4,0.1,3.0,0.2,2.7,0.1,2.2,11.3,16.4,8.6,0.2,11.5,1.3,20.0,5.0,5.5,1.2,16.4,1.0,2.0,8.5,0.6,9.3,9.2,9.1,7.2,3.5,1.8,3.7,1.9,0.2
2017-06-01 06:14:00+02:00,1.6,2.3,0.1,3.7,16.6,11.3,10.3,0.6,0.4,5.9,3.7,11.4,0.1,3.0,0.2,2.6,0.1,2.2,11.2,16.7,8.6,0.2,11.5,1.2,20.2,5.3,5.5,1.1,16.7,1.0,2.0,8.4,0.6,9.2,9.1,9.0,7.2,3.5,1.7,3.7,1.8,0.2
2017-06-01 06:15:00+02:00,1.7,2.5,0.1,3.9,17.5,12.1,10.9,0.7,0.4,6.4,3.9,12.1,0.1,3.2,0.2,2.8,0.1,2.4,11.9,17.5,9.1,0.2,12.2,1.3,21.1,5.4,5.8,1.3,17.6,1.1,2.1,9.0,0.7,9.7,9.6,9.5,7.6,3.7,1.8,3.9,2.0,0.2
2017-06-01 06:16:00+02:00,1.8,2.6,0.1,4.1,18.2,12.4,11.2,0.6,0.5,6.7,4.0,12.5,0.2,3.3,0.3,3.0,0.0,2.4,12.3,18.2,9.4,0.2,12.5,1.5,21.9,5.7,6.0,1.4,18.3,1.1,2.2,9.3,0.7,10.0,9.9,9.8,7.8,3.8,1.9,4.0,2.0,0.3
2017-06-01 06:17:00+02:00,1.8,2.7,0.1,4.2,18.0,12.8,11.5,0.7,0.5,6.8,4.1,12.8,0.1,3.4,0.2,3.0,0.0,2.5,12.6,18.0,9.7,0.2,12.9,1.4,21.5,5.1,6.2,1.4,18.1,1.2,2.2,9.6,0.8,10.3,10.2,10.1,8.1,3.9,2.0,4.2,2.2,0.2
2017-06-01 06:18:00+02:00,1.8,2.6,0.2,4.1,17.9,12.8,11.5,0.7,0.5,6.7,4.0,12.8,0.1,3.4,0.2,3.0,0.0,2.5,12.6,17.9,9.6,0.2,12.9,1.4,21.4,5.0,6.1,1.4,17.9,1.3,2.2,9.4,0.8,10.2,10.1,9.9,8.0,3.9,2.0,4.1,2.1,0.3
2017-06-01 06:19:00+02:00,1.8,2.8,0.2,4.3,18.4,13.3,11.9,0.8,0.5,7.0,4.1,13.3,0.1,3.5,0.2,3.1,0.0,2.6,13.1,18.4,9.9,0.2,13.4,1.5,22.2,5.1,6.3,1.5,18.5,1.3,2.2,9.8,0.8,10.0,9.9,9.8,7.7,3.5,2.0,4.2,2.2,0.3
2017-06-01 06:20:00+02:00,1.9,2.9,0.2,4.4,19.4,13.6,12.3,0.8,0.6,7.1,4.2,13.7,0.1,3.6,0.3,3.2,0.0,2.8,13.4,19.4,10.2,0.2,13.7,1.6,23.2,5.7,6.5,1.6,19.4,1.4,2.3,10.1,0.9,10.2,10.1,10.0,7.9,3.5,2.1,4.4,2.3,0.3
2017-06-01 06:21:00+02:00,1.8,2.9,0.2,4.5,20.1,13.9,12.7,0.9,0.6,7.2,4.3,14.0,0.0,3.8,0.3,3.2,0.0,2.9,13.8,20.1,10.5,0.2,14.0,1.5,24.0,6.2,6.6,1.5,20.1,1.5,2.4,10.4,0.9,10.7,10.6,10.5,8.3,3.8,2.1,4.5,2.4,0.3
2017-06-01 06:22:00+02:00,1.8,3.0,0.2,4.6,20.7,14.3,12.9,0.9,0.6,7.3,4.4,14.3,0.0,3.9,0.3,3.2,0.0,2.9,14.1,20.7,10.8,0.2,14.3,1.5,24.8,6.4,6.8,1.5,20.8,1.5,2.4,10.7,0.9,11.2,11.1,11.0,8.8,4.2,2.1,4.6,2.5,0.3
2017-06-01 06:23:00+02:00,1.9,3.1,0.2,4.8,21.1,14.5,13.1,0.7,0.6,7.6,4.5,14.5,0.1,3.8,0.3,3.5,0.0,2.8,14.3,21.1,10.9,0.3,14.6,1.7,25.3,6.5,7.0,1.7,21.1,1.4,2.5,10.8,1.0,11.5,11.3,11.2,9.0,4.3,2.1,4.7,2.5,0.4
2017-06-01 06:24:00+02:00,1.9,3.2,0.2,4.9,21.3,14.5,13.1,0.6,0.6,7.9,4.5,14.6,0.3,3.6,0.3,3.7,0.0,2.7,14.3,21.2,10.9,0.3,14.6,1.9,25.5,6.6,7.1,1.9,21.3,1.2,2.5,10.7,1.0,11.4,11.2,11.1,8.9,4.3,2.2,4.6,2.3,0.4
2017-06-01 06:25:00+02:00,1.9,3.3,0.2,5.0,21.9,15.0,13.4,0.6,0.7,7.9,4.6,15.1,0.3,3.8,0.3,3.8,0.0,2.7,14.7,21.8,11.2,0.3,15.0,2.0,26.2,6.7,7.3,2.0,21.9,1.3,2.6,11.0,1.1,11.5,11.4,11.3,9.0,4.4,2.2,4.6,2.4,0.4
2017-06-01 06:26:00+02:00,2.0,3.3,0.2,4.9,22.0,15.1,13.5,0.6,0.7,8.1,4.6,15.2,0.3,3.9,0.3,3.9,0.0,2.8,14.8,21.9,11.1,0.3,15.1,2.1,26.0,6.8,7.2,2.1,22.1,1.3,2.6,11.0,1.1,11.8,11.6,11.6,9.2,4.5,2.3,4.8,2.5,0.4
2017-06-01 06:27:00+02:00,2.1,3.4,0.2,5.0,22.5,15.5,13.8,0.7,0.7,8.1,4.7,15.5,0.3,3.9,0.2,3.9,0.0,2.9,15.1,22.4,11.4,0.2,15.4,2.1,26.7,6.9,7.4,2.1,22.6,1.4,2.5,11.3,1.1,11.8,11.7,11.6,9.3,4.4,2.3,4.8,2.5,0.4
2017-06-01 06:28:00+02:00,2.1,3.4,0.2,5.1,22.9,15.6,13.9,0.7,0.7,8.2,4.8,15.8,0.3,4.0,0.2,4.0,0.0,2.9,15.3,22.8,11.7,0.2,15.6,2.1,27.5,7.0,7.5,2.1,23.0,1.4,2.6,11.5,1.1,12.0,11.9,11.8,9.4,4.5,2.3,4.9,2.6,0.4
2017-06-01 06:29:00+02:00,2.1,3.5,0.2,5.2,23.6,16.0,14.2,0.7,0.7,8.3,4.9,16.2,0.3,4.2,0.3,4.0,0.1,3.0,15.6,23.4,11.9,0.2,16.0,2.1,28.3,7.2,7.7,2.1,23.6,1.5,2.7,11.8,1.2,12.3,12.1,12.0,9.6,4.5,2.3,5.0,2.7,0.5
2017-06-01 06:30:00+02:00,2.1,3.6,0.2,5.3,24.0,16.4,14.5,0.8,0.8,8.3,5.0,16.5,0.3,4.2,0.3,4.0,0.1,3.1,15.9,23.9,12.2,0.3,16.3,2.2,28.9,7.3,7.8,2.1,24.1,1.5,2.8,12.0,1.2,12.4,12.2,12.1,9.7,4.6,2.3,5.1,2.7,0.5
2017-06-01 06:31:00+02:00,2.1,3.7,0.2,5.5,24.6,16.8,14.9,0.8,0.8,8.5,5.1,17.0,0.2,4.4,0.4,4.1,0.1,3.2,16.4,24.5,12.5,0.3,16.8,2.2,29.6,7.5,8.0,2.1,24.7,1.6,2.9,12.4,1.3,12.7,12.5,12.4,9.9,4.7,2.4,5.2,2.7,0.5
2017-06-01 06:32:00+02:00,2.0,3.7,0.2,5.5,24.8,17.0,15.1,0.9,0.8,8.5,5.2,17.1,0.2,4.5,0.4,4.0,0.1,3.3,16.6,24.7,12.7,0.3,17.0,2.0,29.9,7.6,8.0,2.0,24.9,1.7,2.9,12.5,1.3,12.7,12.5,12.4,9.9,4.7,2.5,5.2,2.7,0.4
2017-06-01 06:33:00+02:00,1.9,3.8,0.2,5.6,25.1,17.2,15.3,0.9,0.8,8.4,5.2,17.3,0.2,4.5,0.4,4.0,0.1,3.3,16.7,24.9,12.8,0.3,17.2,1.9,30.2,7.7,8.1,2.0,25.2,1.7,2.9,12.7,1.3,12.7,12.5,12.4,9.9,4.7,2.4,5.2,2.6,0.4
2017-06-01 06:34:00+02:00,1.9,3.9,0.2,5.8,25.9,17.8,15.7,0.9,0.9,8.6,5.3,17.8,0.3,4.7,0.4,4.0,0.1,3.4,17.2,25.7,13.2,0.4,17.7,1.9,31.1,7.8,8.4,2.0,26.0,1.7,3.0,13.1,1.4,13.0,12.9,12.7,10.2,4.8,2.5,5.4,2.8,0.5
2017-06-01 06:35:00+02:00,2.0,4.0,0.3,5.9,26.5,18.2,16.0,0.9,0.9,8.9,5.5,18.3,0.2,4.8,0.5,4.2,0.1,3.5,17.6,26.3,13.5,0.4,18.1,2.1,31.9,8.0,8.5,2.1,26.6,1.8,3.1,13.3,1.5,13.3,13.1,13.0,10.4,4.8,2.5,5.6,2.9,0.5
2017-06-01 06:36:00+02:00,1.9,4.0,0.3,6.0,26.8,18.3,16.1,1.0,0.9,8.9,5.5,18.6,0.2,4.9,0.5,4.1,0.1,3.6,17.7,26.6,13.6,0.4,18.2,2.0,32.2,8.0,8.6,2.0,26.9,1.9,3.1,13.5,1.5,13.5,13.3,13.1,10.5,4.9,2.6,5.6,2.9,0.5
2017-06-01 06:37:00+02:00,2.1,4.1,0.3,6.1,26.8,18.3,16.5,1.1,1.0,9.1,5.5,18.6,0.2,5.1,0.5,4.4,0.1,3.8,18.1,26.6,13.9,0.4,18.6,2.2,32.3,8.1,8.7,2.2,26.9,2.0,3.1,13.8,1.6,12.7,12.5,12.3,9.7,4.6,2.6,5.1,2.4,0.6
2017-06-01 06:38:00+02:00,2.2,4.2,0.3,6.2,26.7,18.0,16.7,1.1,1.0,9.3,5.6,18.3,0.2,5.2,0.5,4.5,0.1,3.8,18.4,26.5,14.1,0.4,19.0,2.3,32.2,8.1,8.8,2.4,26.8,2.0,3.1,14.0,1.6,12.6,12.4,12.2,9.5,4.8,2.7,4.7,2.0,0.7
2017-06-01 06:39:00+02:00,2.2,4.1,0.3,6.2,27.2,18.6,16.6,1.0,1.0,9.3,5.6,19.0,0.3,5.1,0.5,4.5,0.1,3.8,18.3,27.1,14.0,0.4,18.9,2.3,32.7,8.1,8.8,2.3,27.3,2.0,3.1,13.9,1.6,14.0,13.9,13.7,11.0,5.1,2.6,5.9,3.2,0.6
2017-06-01 06:40:00+02:00,2.2,4.2,0.3,6.2,27.7,19.1,16.7,1.0,1.0,9.1,5.6,19.4,0.3,5.1,0.5,4.5,0.1,3.7,18.3,27.6,14.1,0.4,18.9,2.3,33.2,8.2,8.8,2.3,27.8,1.9,3.2,14.0,1.7,14.3,14.1,14.0,11.2,5.1,2.7,6.1,3.4,0.7
2017-06-01 06:41:00+02:00,2.1,4.3,0.3,6.3,28.2,19.5,17.1,1.0,1.0,9.2,5.7,19.8,0.3,5.3,0.5,4.5,0.1,3.9,18.8,28.1,14.5,0.4,19.3,2.3,33.8,8.3,9.0,2.3,28.3,2.0,3.2,14.4,1.7,14.5,14.3,14.1,11.4,5.2,2.7,6.2,3.5,0.7
2017-06-01 06:42:00+02:00,2.2,4.4,0.3,6.5,28.8,19.9,17.4,1.0,1.1,9.3,5.7,20.2,0.3,5.4,0.5,4.5,0.1,4.0,19.1,28.6,14.7,0.4,19.7,2.3,34.4,8.3,9.2,2.3,28.8,2.1,3.3,14.6,1.8,14.3,14.2,14.0,11.2,5.0,2.7,6.2,3.5,0.7
2017-06-01 06:43:00+02:00,2.2,4.4,0.3,6.5,29.1,20.0,17.6,1.0,1.1,9.5,5.8,20.4,0.3,5.5,0.6,4.6,0.0,4.0,19.3,28.9,14.9,0.5,19.8,2.3,34.7,8.5,9.2,2.4,29.1,2.1,3.3,14.7,1.7,14.5,14.3,14.2,11.4,5.1,2.8,6.3,3.6,0.7
2017-06-01 06:44:00+02:00,2.2,4.4,0.3,6.6,29.7,20.5,17.8,1.0,1.1,9.7,5.9,20.9,0.4,5.5,0.6,4.7,0.0,4.0,19.6,29.5,15.0,0.5,20.3,2.4,35.4,8.6,9.3,2.4,29.8,2.0,3.4,14.9,1.8,14.7,14.5,14.4,11.5,5.1,2.8,6.4,3.6,0.7
2017-06-01 06:45:00+02:00,2.2,4.5,0.4,6.6,29.8,20.5,17.9,1.0,1.1,9.7,5.9,20.9,0.4,5.5,0.6,4.7,0.1,4.0,19.6,29.6,15.1,0.5,20.3,2.4,34.5,8.6,9.4,2.4,28.8,2.0,3.4,15.0,1.8,14.7,14.6,14.4,11.6,5.1,2.8,6.4,3.6,0.7
2017-06-01 06:46:00+02:00,2.3,4.6,0.4,6.8,30.2,20.9,18.1,1.0,1.2,9.8,5.9,21.3,0.4,5.7,0.6,4.8,0.1,4.1,20.0,30.0,15.4,0.5,20.7,2.4,34.9,8.6,9.6,2.4,29.2,2.1,3.3,15.3,1.9,14.9,14.7,14.6,11.7,5.2,2.8,6.5,3.7,0.8
2017-06-01 06:47:00+02:00,2.3,4.6,0.4,6.9,30.9,21.4,18.5,1.1,1.2,9.9,6.0,21.8,0.4,5.8,0.6,4.8,0.1,4.2,20.4,30.6,15.8,0.5,21.1,2.4,35.6,8.8,9.8,2.4,29.9,2.2,3.4,15.6,1.9,15.1,14.9,14.8,11.9,5.3,2.8,6.6,3.7,0.8
2017-06-01 06:48:00+02:00,2.3,4.7,0.4,7.1,31.2,21.6,18.7,1.1,1.2,10.1,6.1,22.1,0.4,5.8,0.6,4.9,0.1,4.4,20.6,31.0,15.9,0.6,21.3,2.5,36.7,8.9,10.0,2.5,30.8,2.3,3.5,15.8,2.0,15.2,15.0,14.9,11.9,5.3,2.8,6.7,3.7,0.8
2017-06-01 06:49:00+02:00,2.3,4.8,0.4,7.2,31.4,21.8,18.8,1.1,1.2,10.2,6.1,22.3,0.4,5.7,0.6,4.9,0.1,4.4,20.8,31.2,16.0,0.6,21.6,2.5,36.9,8.9,10.1,2.5,31.1,2.3,3.5,15.9,2.0,14.9,14.8,14.6,11.7,5.3,2.8,6.4,3.4,0.7
2017-06-01 06:50:00+02:00,2.4,4.9,0.4,7.3,32.1,22.3,19.3,1.2,1.3,10.3,6.2,22.8,0.4,6.0,0.6,5.0,0.1,4.6,21.2,31.8,16.5,0.5,22.1,2.5,37.4,9.0,10.3,2.5,31.5,2.4,3.5,16.3,2.1,15.0,14.9,14.7,11.7,5.4,2.9,6.3,3.3,0.8
2017-06-01 06:51:00+02:00,2.4,5.0,0.5,7.5,33.1,23.0,19.8,1.3,1.3,10.5,6.4,23.5,0.3,6.3,0.7,5.1,0.1,4.8,21.8,32.9,16.9,0.6,22.7,2.6,38.9,9.3,10.5,2.6,32.9,2.6,3.7,16.8,2.1,15.2,15.0,14.9,11.8,5.5,2.9,6.4,3.4,0.8
2017-06-01 06:52:00+02:00,2.4,5.1,0.5,7.5,33.5,23.2,20.0,1.3,1.3,10.5,6.5,23.8,0.3,6.4,0.7,5.1,0.1,4.8,22.0,33.2,17.1,0.6,23.0,2.6,38.4,9.4,10.5,2.6,32.4,2.6,3.7,17.0,2.2,15.2,15.1,15.0,12.0,5.5,2.9,6.5,3.5,0.9
2017-06-01 06:53:00+02:00,2.5,5.1,0.5,7.6,34.3,23.9,20.6,1.6,1.4,10.6,6.6,24.4,0.1,6.8,0.7,5.0,0.1,5.1,22.6,34.0,17.7,0.6,23.6,2.6,39.1,9.5,10.7,2.5,33.2,2.9,3.7,17.5,2.2,15.9,15.8,15.6,12.6,5.5,3.0,7.0,3.9,0.9
2017-06-01 06:54:00+02:00,2.4,5.0,0.5,7.4,33.6,23.7,20.5,1.9,1.3,10.3,6.4,24.3,0.3,7.0,0.7,5.0,0.1,5.4,22.5,33.5,17.6,0.6,23.4,2.5,38.3,9.2,10.4,2.5,32.5,3.2,3.6,17.5,2.2,15.4,15.3,15.1,12.1,5.4,2.9,6.7,3.7,0.9
2017-06-01 06:55:00+02:00,2.4,4.9,0.5,7.3,33.1,23.5,20.2,1.9,1.3,10.2,6.2,24.0,0.3,7.0,0.7,4.9,0.1,5.4,22.2,33.0,17.4,0.6,23.2,2.5,37.4,9.0,10.3,2.5,31.7,3.2,3.5,17.3,2.2,15.1,15.0,14.8,11.9,5.3,2.8,6.6,3.7,0.9
2017-06-01 06:56:00+02:00,2.5,5.1,0.5,7.5,34.1,24.2,20.7,1.9,1.4,10.5,6.4,24.8,0.3,7.2,0.7,5.1,0.1,5.5,22.9,34.0,17.9,0.6,23.8,2.6,38.4,9.2,10.5,2.6,32.5,3.2,3.6,17.7,2.3,15.5,15.4,15.2,12.2,5.4,2.9,6.8,3.8,0.9
2017-06-01 06:57:00+02:00,2.6,5.3,0.6,7.8,35.6,25.3,21.6,2.0,1.4,11.0,6.6,25.9,0.3,7.6,0.7,5.4,0.1,5.8,23.9,35.5,18.7,0.6,24.9,2.6,41.3,9.6,10.9,2.7,35.1,3.4,3.8,18.5,2.4,16.1,16.0,15.8,12.7,5.6,3.0,7.1,3.9,1.0
2017-06-01 06:58:00+02:00,2.6,5.4,0.6,7.9,35.4,24.9,21.2,1.4,1.5,11.2,6.7,25.6,0.3,7.0,0.8,5.5,0.1,5.2,23.5,35.4,18.2,0.6,24.5,2.7,41.2,9.8,11.1,2.8,34.9,2.8,3.8,18.0,2.4,16.3,16.2,16.0,12.8,5.7,3.0,7.2,4.0,1.0
2017-06-01 06:59:00+02:00,2.6,5.4,0.6,7.9,35.2,24.5,20.9,1.1,1.5,11.0,6.7,25.2,0.6,6.7,0.8,5.3,0.2,4.9,23.1,35.1,17.8,0.7,24.2,2.7,40.9,9.9,11.0,2.7,34.7,2.5,3.8,17.7,2.4,16.3,16.1,16.0,12.8,5.7,3.0,7.1,4.0,1.0
2017-06-01 07:00:00+02:00,2.7,5.1,0.7,7.7,36.6,25.7,21.9,2.2,1.5,11.1,6.9,26.4,0.4,7.8,0.9,5.3,0.2,6.0,24.2,36.5,18.9,0.7,25.3,2.8,41.4,10.1,10.9,2.6,35.4,3.6,4.0,18.7,2.2,16.7,16.5,16.3,13.2,5.9,3.1,7.3,4.0,1.0
2017-06-01 07:01:00+02:00,2.3,5.1,0.7,7.7,37.0,26.0,22.1,2.3,1.5,10.7,6.9,26.7,0.4,8.0,0.9,4.9,0.2,6.2,24.4,36.8,19.1,0.7,25.6,2.4,41.7,10.2,10.9,2.2,35.6,3.7,4.0,18.9,2.2,16.9,16.7,16.5,13.3,6.0,3.1,7.3,4.1,1.1
2017-06-01 07:02:00+02:00,2.2,5.6,0.7,8.2,37.7,26.6,22.8,2.3,1.6,10.7,7.0,27.3,0.4,8.2,0.9,4.8,0.2,6.3,25.1,37.5,19.7,0.8,26.2,2.4,43.1,10.2,11.4,2.1,36.9,3.8,4.0,19.5,2.5,17.0,16.8,16.6,13.5,6.0,3.1,7.5,4.2,1.1
2017-06-01 07:03:00+02:00,2.3,5.7,0.8,8.3,38.2,26.9,23.0,2.4,1.6,10.7,7.0,27.7,0.5,8.3,0.9,4.8,0.2,6.3,25.4,38.0,19.9,0.8,26.5,2.4,44.4,10.3,11.5,2.1,38.3,3.8,4.0,19.8,2.6,17.1,16.9,16.7,13.6,6.0,3.1,7.6,4.3,1.1
2017-06-01 07:04:00+02:00,2.3,5.7,0.8,8.3,38.4,27.1,23.2,2.4,1.6,10.7,7.1,27.9,0.5,8.4,0.9,4.9,0.2,6.4,25.5,38.2,20.0,0.8,26.7,2.5,43.6,10.3,11.6,2.2,37.6,3.9,4.1,19.9,2.6,17.1,16.9,16.8,13.6,6.0,3.1,7.6,4.3,1.1
2017-06-01 07:05:00+02:00,2.4,5.7,0.8,8.5,39.1,27.6,23.5,2.4,1.6,11.1,7.1,28.5,0.5,8.5,1.0,5.2,0.2,6.5,25.9,38.9,20.4,0.9,27.1,2.6,44.4,10.4,11.7,2.4,38.3,3.9,4.1,20.2,2.7,17.4,17.2,17.0,13.8,6.1,3.2,7.7,4.4,1.2
2017-06-01 07:06:00+02:00,2.4,5.9,0.9,8.7,39.9,28.3,24.1,2.5,1.6,11.3,7.2,29.2,0.6,8.7,1.1,5.3,0.2,6.7,26.5,39.7,20.9,0.9,27.8,2.6,45.8,10.5,11.9,2.4,39.7,4.1,4.1,20.7,2.8,17.7,17.4,17.2,14.0,6.2,3.2,7.8,4.5,1.2
2017-06-01 07:07:00+02:00,2.4,5.8,0.9,8.6,39.7,28.1,23.9,2.5,1.6,11.3,7.2,29.0,0.7,8.6,1.1,5.3,0.3,6.6,26.3,39.4,20.7,1.0,27.6,2.6,46.0,10.4,11.8,2.5,39.9,4.0,4.2,20.5,2.8,17.6,17.4,17.1,13.9,6.2,3.2,7.7,4.4,1.2
2017-06-01 07:08:00+02:00,2.3,5.5,0.8,8.2,37.4,27.0,22.9,2.3,1.6,10.9,7.1,27.9,0.6,8.2,1.1,5.1,0.3,6.3,25.3,37.2,19.8,1.0,26.5,2.5,43.5,9.3,11.3,2.3,37.7,3.8,4.1,19.6,2.7,17.0,16.8,16.6,13.4,6.0,3.1,7.4,4.3,1.2
2017-06-01 07:09:00+02:00,2.5,5.8,0.8,8.6,39.9,28.5,24.2,2.4,1.7,11.3,7.3,29.4,0.6,8.7,1.0,5.2,0.3,6.7,26.7,39.5,20.9,0.9,28.0,2.5,46.3,10.1,11.9,2.3,40.1,4.0,4.2,20.7,2.9,17.2,17.0,16.7,13.5,5.5,3.2,7.9,4.6,1.3
2017-06-01 07:10:00+02:00,2.7,5.9,0.8,8.7,40.7,28.7,24.3,2.4,1.7,11.6,7.3,29.7,0.6,8.8,1.0,5.4,0.3,6.7,26.8,40.2,21.0,0.9,28.2,2.6,47.1,10.6,12.0,2.4,40.9,4.1,4.2,20.8,2.9,17.0,16.8,16.6,13.3,5.3,3.2,8.0,4.6,1.3
2017-06-01 07:11:00+02:00,2.9,6.0,0.9,8.8,41.1,29.0,24.5,2.5,1.7,11.9,7.5,29.9,0.6,8.9,1.1,5.7,0.3,6.8,27.1,40.7,21.2,1.0,28.4,2.9,47.6,10.7,12.1,2.7,41.4,4.1,4.3,21.0,2.9,17.9,17.8,17.5,14.2,6.2,3.2,8.0,4.7,1.3
2017-06-01 07:12:00+02:00,2.7,6.0,0.9,8.9,41.1,28.9,24.7,2.5,1.8,11.8,7.5,29.9,0.7,9.0,1.0,5.5,0.3,6.9,27.3,40.7,21.4,0.9,28.7,2.7,47.7,10.8,12.1,2.5,41.4,4.2,4.2,21.2,3.0,18.0,17.9,17.7,14.4,6.2,3.2,8.2,4.7,1.3
2017-06-01 07:13:00+02:00,2.8,4.1,0.9,6.9,40.2,27.7,23.0,2.6,1.8,12.1,7.7,28.7,0.7,9.3,1.1,5.7,0.3,7.1,25.8,39.7,19.7,1.0,27.2,2.8,46.9,11.1,10.2,2.7,40.5,4.3,4.4,19.5,1.7,18.2,18.1,18.0,14.6,6.3,3.3,8.3,4.8,1.4
2017-06-01 07:14:00+02:00,2.9,3.9,0.9,6.7,39.6,27.1,22.3,2.5,1.8,12.2,7.7,28.1,0.7,8.9,1.1,5.9,0.3,6.7,25.0,39.1,19.0,1.0,26.5,2.9,46.4,11.0,10.0,2.8,40.0,3.9,4.4,18.7,1.8,18.1,18.0,17.8,14.4,6.1,3.3,8.3,4.8,1.4
2017-06-01 07:15:00+02:00,2.9,4.0,1.0,6.9,35.2,22.4,17.6,2.7,1.9,12.5,7.9,23.5,0.7,9.0,1.2,6.0,0.3,6.8,20.3,34.7,14.2,1.0,21.7,2.9,42.1,11.3,5.6,2.9,35.6,3.9,4.5,14.0,1.8,17.6,17.5,17.3,13.8,5.8,3.3,8.0,4.5,1.5
2017-06-01 07:16:00+02:00,2.8,4.0,1.0,6.8,34.1,21.4,16.5,2.7,1.9,12.3,7.9,22.4,0.7,9.0,1.3,6.0,0.3,6.8,19.3,33.6,13.1,1.0,20.6,2.9,40.9,11.2,4.8,2.9,34.5,3.9,4.5,12.9,1.8,17.9,17.8,17.6,14.2,5.7,3.3,8.5,5.0,1.5
2017-06-01 07:17:00+02:00,2.9,4.0,1.0,6.9,33.7,21.4,16.6,2.7,1.9,12.5,7.4,22.5,0.8,9.0,1.3,6.1,0.3,6.8,19.4,33.2,13.2,1.1,20.8,3.0,40.6,10.8,4.8,3.0,34.1,3.9,4.0,13.0,1.8,18.4,18.3,18.1,14.7,6.3,3.3,8.4,4.9,1.4
2017-06-01 07:18:00+02:00,2.6,3.7,1.0,6.3,29.2,18.3,14.1,1.9,1.7,11.5,6.4,19.2,0.1,7.5,1.2,5.5,0.3,5.5,16.7,28.7,11.0,1.0,18.0,2.7,35.6,9.5,4.3,2.7,29.6,2.8,3.2,10.8,1.7,17.1,17.0,16.8,13.6,5.9,3.0,7.7,4.4,1.2
2017-06-01 07:19:00+02:00,2.1,4.0,1.0,6.9,32.1,20.2,15.4,1.9,1.9,11.6,7.1,21.2,0.1,7.9,1.3,5.2,0.6,5.7,18.1,31.6,12.0,1.1,19.5,2.2,38.8,10.4,4.7,2.2,32.5,2.9,3.8,11.8,1.8,18.1,18.0,17.9,14.5,6.3,3.3,8.2,4.8,1.3
2017-06-01 07:20:00+02:00,1.9,4.1,1.1,7.0,33.7,21.3,16.8,2.8,1.9,11.1,7.5,22.3,0.8,9.0,1.3,4.7,0.3,6.7,19.5,33.1,13.3,1.1,21.0,2.0,40.5,10.8,4.9,1.6,34.1,3.9,4.3,13.1,1.8,17.7,18.4,18.2,14.8,6.4,3.3,8.4,4.9,1.4
2017-06-01 07:21:00+02:00,2.2,4.2,1.1,7.0,34.0,21.3,16.9,2.9,1.9,11.8,7.9,22.3,0.9,9.2,1.4,5.4,0.4,6.9,19.7,33.4,13.5,1.2,21.2,2.3,40.2,11.1,5.0,2.3,33.9,4.0,4.7,13.3,1.9,18.1,18.3,18.3,14.8,6.4,3.3,8.4,5.0,1.5
2017-06-01 07:22:00+02:00,3.1,4.2,1.1,7.0,34.1,21.6,17.1,3.0,1.9,12.7,7.9,22.7,1.0,9.4,1.4,6.3,0.4,7.1,19.9,33.5,13.7,1.2,21.5,3.2,41.2,10.9,5.1,3.2,34.9,4.2,4.7,13.6,1.9,18.5,18.5,18.4,15.0,6.5,3.4,8.5,5.1,1.6
2017-06-01 07:23:00+02:00,3.0,4.2,1.1,7.0,34.0,21.6,17.2,3.1,1.9,12.7,7.9,22.6,0.9,9.6,1.4,6.3,0.4,7.3,19.9,33.5,13.8,1.2,21.4,3.3,41.1,10.9,5.1,3.2,34.8,4.4,4.7,13.7,1.9,18.4,18.4,18.3,14.9,6.4,3.4,8.5,5.1,1.6
2017-06-01 07:24:00+02:00,2.9,4.3,1.2,7.0,36.4,23.7,19.1,2.9,1.9,12.9,8.0,24.8,0.8,9.4,1.5,6.4,0.4,7.1,21.8,35.7,15.6,1.2,23.4,3.4,43.5,11.0,6.3,3.3,37.2,4.2,4.8,15.5,1.9,18.3,18.4,18.3,14.9,6.4,3.4,8.4,5.0,1.6
2017-06-01 07:25:00+02:00,3.0,4.3,1.2,7.1,37.6,24.8,19.6,2.4,2.0,13.1,8.1,25.9,0.8,8.9,1.6,6.5,0.4,6.6,22.5,36.9,16.2,1.3,24.1,3.5,44.7,11.1,7.3,3.3,38.4,3.7,4.9,16.1,1.9,18.4,18.5,18.3,14.9,6.4,3.4,8.5,5.1,1.6
2017-06-01 07:26:00+02:00,3.1,4.5,1.2,7.4,39.5,26.3,21.0,3.1,2.0,13.4,8.3,27.4,0.9,9.7,1.6,6.6,0.4,7.4,23.9,38.8,17.5,1.3,25.5,3.6,46.7,11.4,7.7,3.4,40.3,4.5,5.0,17.3,2.0,18.7,18.8,18.7,15.2,6.5,3.4,8.6,5.2,1.7
2017-06-01 07:27:00+02:00,2.9,4.6,1.2,7.5,39.5,26.3,21.0,3.1,2.0,13.5,8.2,27.5,0.9,9.7,1.3,6.6,0.4,7.3,23.9,38.8,17.4,1.0,25.6,3.5,46.8,11.3,7.8,3.4,40.3,4.3,4.7,17.3,2.0,18.7,18.6,18.4,14.9,6.5,3.4,8.4,5.2,1.7
2017-06-01 07:28:00+02:00,2.9,5.3,1.2,8.4,41.1,27.5,22.2,3.3,2.1,13.6,8.3,28.8,1.0,9.8,1.4,6.7,0.5,7.4,25.1,40.3,18.6,1.1,26.8,3.5,48.4,11.5,8.7,3.4,41.9,4.4,4.8,18.5,2.2,18.2,18.0,17.9,14.3,6.4,3.3,7.9,5.2,1.7
2017-06-01 07:29:00+02:00,2.7,5.3,1.3,8.5,41.6,27.7,22.1,3.4,2.1,13.6,8.5,28.9,1.1,9.5,1.5,6.6,0.6,7.1,25.2,40.8,18.5,1.1,26.9,3.3,49.1,11.9,8.9,3.3,42.5,4.1,5.0,18.4,2.1,18.1,17.9,17.7,14.1,6.3,3.2,7.8,5.3,1.8
2017-06-01 07:30:00+02:00,2.7,5.6,1.3,8.7,44.3,30.6,25.1,3.4,2.1,13.6,8.3,31.9,1.2,9.5,1.4,6.6,0.6,7.1,28.1,43.5,21.5,1.2,29.8,3.3,51.9,11.7,11.9,3.4,45.2,4.1,4.8,21.4,2.5,17.9,17.6,17.5,13.9,6.2,3.1,7.7,5.3,1.7
2017-06-01 07:31:00+02:00,2.4,6.6,1.4,9.9,48.5,33.8,27.9,3.7,2.3,13.9,8.8,35.2,1.3,10.5,1.5,6.6,0.6,7.9,31.1,47.6,24.1,1.3,33.0,3.0,56.7,12.4,13.5,3.1,49.4,4.7,5.1,24.0,3.3,19.3,19.1,18.9,15.1,6.7,3.3,8.4,5.6,1.9
2017-06-01 07:32:00+02:00,2.7,6.6,1.4,9.9,49.2,34.3,28.2,3.8,2.3,14.3,9.0,35.7,1.3,10.7,1.6,6.9,0.6,8.1,31.5,48.3,24.4,1.3,33.4,3.4,57.5,12.6,13.6,3.4,50.2,4.8,5.3,24.3,3.2,20.1,19.9,19.6,15.8,6.7,3.4,9.1,5.5,1.7
2017-06-01 07:33:00+02:00,3.3,6.7,1.4,10.0,47.9,33.6,27.6,3.8,2.3,14.8,9.0,35.0,1.3,9.9,1.6,7.5,0.6,8.1,30.8,47.6,23.8,1.4,32.7,4.0,56.2,12.6,13.7,4.0,48.9,4.8,5.3,23.6,3.3,19.8,19.5,19.3,15.5,6.7,3.3,8.8,5.3,1.5
2017-06-01 07:34:00+02:00,3.3,6.7,1.5,10.1,47.6,32.8,26.7,3.7,2.3,14.9,9.0,34.3,1.3,9.0,1.7,7.6,0.7,8.1,30.0,46.8,22.9,1.4,31.9,4.0,55.9,12.5,13.8,4.1,48.6,4.8,5.3,22.8,3.4,20.0,19.8,19.6,15.7,6.7,3.4,9.0,5.4,1.6
2017-06-01 07:35:00+02:00,3.2,6.7,1.5,10.1,47.4,32.2,26.0,2.8,2.3,15.0,9.2,33.7,1.4,8.2,1.7,7.5,0.7,7.3,29.3,46.5,22.2,1.5,31.2,3.9,55.8,12.8,13.8,4.0,48.5,4.0,5.5,22.0,3.2,20.2,19.9,19.7,15.8,6.7,3.4,9.1,5.5,1.6
2017-06-01 07:36:00+02:00,3.4,6.9,1.6,10.4,48.6,32.8,26.6,3.0,2.3,15.4,9.3,34.3,1.4,8.4,1.8,7.8,0.7,7.4,29.9,47.6,22.7,1.5,31.8,4.2,57.0,13.2,14.1,4.3,49.6,4.1,5.6,22.5,3.4,20.4,20.1,19.9,16.0,6.8,3.4,9.2,5.5,1.6
2017-06-01 07:37:00+02:00,3.4,7.0,1.5,10.4,48.4,32.8,26.6,3.3,2.3,15.2,9.2,34.3,1.5,8.6,1.8,7.8,0.7,7.7,29.9,47.4,22.8,1.5,31.8,4.1,56.8,13.1,14.0,4.3,49.5,4.4,5.5,22.6,3.5,20.0,19.8,19.5,15.7,6.7,3.4,9.0,5.3,1.5
2017-06-01 07:38:00+02:00,3.4,7.4,1.6,10.9,50.2,34.5,28.3,3.9,2.3,15.1,9.3,36.0,1.6,9.7,1.8,7.7,0.7,8.8,31.6,49.1,24.4,1.5,33.5,4.1,58.5,13.2,14.5,4.2,51.3,5.5,5.6,24.2,3.9,20.2,20.0,19.8,15.9,6.8,3.4,9.1,5.4,1.6
2017-06-01 07:39:00+02:00,3.5,7.6,1.6,11.1,51.5,35.5,29.3,3.9,2.4,15.1,9.5,37.0,1.6,10.3,2.0,7.6,0.7,9.4,32.6,50.5,25.4,1.6,34.6,3.9,60.0,13.5,14.9,4.0,52.7,6.1,5.8,25.2,4.0,20.6,20.3,20.1,16.1,6.9,3.4,9.3,5.6,1.7
2017-06-01 07:40:00+02:00,3.5,7.8,1.7,11.4,52.0,35.6,29.5,3.5,2.4,15.4,9.7,37.1,1.2,10.2,2.0,7.7,0.8,9.1,32.9,50.8,25.6,1.7,34.9,3.9,60.5,13.7,15.1,4.0,53.1,5.8,5.9,25.3,4.2,20.9,20.6,20.4,16.4,6.9,3.5,9.5,5.7,1.7
2017-06-01 07:41:00+02:00,3.4,7.9,1.7,11.5,52.7,36.2,30.0,3.8,2.4,15.4,9.8,37.7,1.5,10.5,2.1,7.7,0.7,9.4,33.4,51.5,26.0,1.7,35.5,3.8,61.4,13.8,15.3,4.0,53.9,6.0,6.0,25.8,4.2,21.0,20.7,20.5,16.5,7.0,3.5,9.5,5.7,1.7
2017-06-01 07:42:00+02:00,3.3,7.1,1.7,10.7,52.0,35.6,29.4,4.2,2.5,15.4,9.7,37.1,1.9,10.7,2.1,7.7,0.7,9.6,32.8,50.9,25.5,1.7,34.9,3.8,60.7,13.7,14.5,4.0,53.2,6.3,5.9,25.2,3.5,20.4,20.1,19.9,15.9,7.0,3.5,8.9,5.7,1.8
2017-06-01 07:43:00+02:00,3.4,7.7,1.7,11.3,52.8,36.0,29.7,4.4,2.5,15.6,9.9,37.6,2.0,10.3,2.1,7.8,0.8,9.2,33.1,51.6,25.7,1.7,35.2,3.9,61.6,13.9,15.2,4.1,54.0,5.7,6.0,25.4,4.0,21.0,20.6,20.4,16.3,7.3,3.7,9.1,5.8,1.8
2017-06-01 07:44:00+02:00,2.9,6.9,1.6,10.1,46.5,32.6,27.0,4.3,2.2,13.8,7.8,34.1,1.8,9.7,0.9,6.9,0.8,9.0,30.1,45.5,23.5,1.5,31.9,3.3,54.4,11.4,13.4,3.6,47.7,5.9,4.4,23.2,3.7,18.6,18.3,18.0,14.4,6.5,3.3,7.9,5.1,1.5
2017-06-01 07:45:00+02:00,3.4,7.9,1.8,11.5,56.5,39.7,33.2,5.0,2.6,15.7,9.8,41.4,2.2,13.4,2.0,7.9,0.9,10.8,36.7,55.3,29.3,1.9,38.8,3.9,65.5,13.8,15.5,4.2,57.8,7.3,5.9,29.0,4.3,21.2,20.9,20.6,16.5,7.4,3.8,9.1,5.8,1.8
2017-06-01 07:46:00+02:00,3.4,7.8,1.8,11.4,55.6,38.6,32.1,4.8,2.6,15.5,10.1,40.3,2.1,12.6,2.3,7.8,0.9,10.6,35.6,54.4,28.3,1.8,37.7,4.0,64.5,14.1,15.4,4.1,56.9,7.2,6.2,27.9,4.3,21.0,20.6,20.4,16.3,7.3,3.7,9.0,5.8,1.8
2017-06-01 07:47:00+02:00,3.4,8.0,1.9,11.6,56.1,38.8,32.2,4.6,2.6,15.7,10.3,40.6,2.2,12.4,2.5,7.9,0.9,10.5,35.8,54.9,28.3,1.9,37.9,4.1,65.1,14.3,15.6,4.2,57.4,7.0,6.4,28.0,4.4,21.4,21.1,20.8,16.7,7.4,3.8,9.4,6.1,2.0
2017-06-01 07:48:00+02:00,3.5,8.0,1.9,11.7,57.7,40.2,33.5,4.7,2.6,15.9,10.4,42.0,2.2,13.4,2.5,8.0,1.0,10.7,37.1,56.5,29.5,1.9,39.3,4.1,66.8,14.5,15.8,4.2,59.1,7.1,6.5,29.2,4.5,21.8,21.4,21.2,17.1,7.5,3.8,9.6,6.3,2.2
2017-06-01 07:49:00+02:00,3.4,7.4,1.9,11.1,56.6,39.2,32.6,4.7,2.6,15.4,10.3,41.0,2.3,13.3,2.5,7.6,1.0,10.6,36.2,55.4,28.7,2.0,38.3,3.7,65.6,14.4,15.1,3.9,58.0,7.1,6.5,28.4,4.4,21.5,21.2,20.9,16.9,7.3,3.8,9.6,6.2,2.2
2017-06-01 07:50:00+02:00,3.4,7.7,1.9,11.4,56.8,39.6,33.0,4.7,2.6,15.6,10.2,41.4,2.3,13.4,2.5,7.9,1.0,10.7,36.5,55.5,29.1,2.0,38.7,3.9,65.4,14.1,15.4,4.1,58.2,7.1,6.5,28.8,4.4,20.6,20.3,20.0,16.0,7.3,3.8,8.7,6.2,2.3
2017-06-01 07:51:00+02:00,2.7,6.7,1.9,10.4,54.9,38.0,32.2,4.8,2.4,15.2,9.8,39.9,2.3,13.5,2.6,7.4,1.0,10.8,35.8,53.7,28.3,2.0,37.1,3.4,62.8,13.7,14.5,3.6,56.4,7.2,6.6,28.0,4.3,20.2,19.8,19.5,15.5,7.3,3.8,8.2,6.3,2.3
2017-06-01 07:52:00+02:00,2.7,7.2,2.0,10.9,57.1,39.6,32.7,5.1,2.4,15.5,10.2,41.6,2.5,13.3,2.9,7.5,1.1,11.3,36.4,55.7,28.7,2.2,38.6,3.4,66.3,14.2,15.1,3.6,58.5,7.7,6.9,28.4,4.4,20.6,20.2,19.9,15.8,7.4,3.9,8.4,6.4,2.3
2017-06-01 07:53:00+02:00,3.6,8.0,2.0,11.8,58.7,40.6,34.4,5.3,2.4,16.6,10.8,42.6,2.5,14.0,3.4,8.6,1.1,11.6,38.1,57.4,30.3,2.7,39.5,4.4,68.1,14.8,15.9,4.6,60.2,7.9,7.5,29.9,4.4,20.8,20.4,20.1,15.9,7.5,3.9,8.4,6.4,2.3
2017-06-01 07:54:00+02:00,3.5,7.8,2.0,11.5,58.1,40.1,33.7,5.2,2.4,16.4,10.7,42.1,2.4,13.6,3.3,8.5,1.0,10.9,37.3,56.7,29.7,2.7,39.1,4.4,67.3,14.6,15.6,4.6,59.6,7.7,7.4,29.3,4.3,20.3,19.9,19.5,15.4,7.4,3.8,8.0,6.1,2.3
2017-06-01 07:55:00+02:00,3.4,7.7,2.0,11.4,57.3,39.4,32.8,5.2,2.4,16.3,10.6,41.4,2.4,13.1,3.3,8.4,1.0,10.7,36.4,55.9,28.9,2.7,38.3,4.3,66.4,14.5,15.4,4.5,58.8,7.7,7.4,28.4,4.3,20.4,20.0,19.7,15.6,7.3,3.8,8.3,6.3,2.3
2017-06-01 07:56:00+02:00,3.3,7.8,2.0,11.5,57.3,39.1,33.0,5.3,2.4,16.2,10.8,41.1,2.4,13.1,3.3,8.3,1.1,10.7,36.5,55.8,29.0,2.7,38.0,4.2,66.4,14.7,15.4,4.4,58.7,7.8,7.4,28.5,4.3,20.5,20.0,19.7,15.6,7.3,3.8,8.3,6.3,2.3
2017-06-01 07:57:00+02:00,3.2,7.8,2.0,11.5,58.9,40.2,33.2,5.3,2.4,16.1,11.4,42.2,2.5,13.3,3.4,8.1,1.1,10.9,36.8,57.5,29.2,2.7,39.0,4.1,68.1,15.3,15.5,4.3,60.4,7.9,7.5,28.8,4.3,22.4,21.9,21.6,17.5,7.3,3.8,10.2,6.4,2.3
2017-06-01 07:58:00+02:00,3.4,8.0,2.1,11.8,59.3,40.7,34.2,5.6,2.4,16.7,11.0,42.8,2.7,13.8,3.5,8.5,1.2,11.3,37.9,57.7,30.1,2.8,39.5,4.3,68.7,15.0,15.8,4.5,60.8,8.2,7.7,29.6,4.4,23.0,22.4,22.1,17.9,7.5,3.9,10.4,6.5,2.4
2017-06-01 07:59:00+02:00,3.4,8.2,2.2,12.2,59.9,41.0,35.3,5.8,2.5,17.2,11.2,43.0,2.8,14.3,3.8,8.8,1.3,11.7,39.1,58.3,31.1,2.9,40.7,4.5,69.6,15.3,16.3,4.8,61.5,8.5,8.1,30.5,4.5,23.7,23.1,22.7,18.4,7.8,4.1,10.6,6.6,2.4
2017-06-01 08:00:00+02:00,3.5,8.3,2.2,12.3,61.6,42.2,35.9,5.9,2.6,17.4,11.4,44.3,2.9,14.5,3.9,8.9,1.3,11.9,39.8,59.9,31.6,3.0,41.6,4.6,71.5,15.6,16.6,4.8,63.2,8.6,8.3,31.1,4.5,24.2,23.6,23.1,18.7,7.9,4.1,10.8,6.8,2.5
2017-06-01 08:01:00+02:00,3.4,8.0,2.2,11.9,61.5,42.6,35.1,5.8,2.5,16.9,11.1,44.7,2.8,14.3,3.8,8.6,1.3,11.7,38.9,59.8,30.9,2.9,41.3,4.5,71.3,15.2,16.1,4.6,63.1,8.5,8.0,30.4,4.4,23.6,23.0,22.6,18.3,7.7,4.0,10.6,6.7,2.5
2017-06-01 08:02:00+02:00,2.7,6.5,1.8,9.7,49.4,33.4,28.4,4.7,2.0,13.9,9.6,35.1,2.3,11.3,3.1,7.0,1.1,9.3,31.5,48.0,24.9,2.4,32.5,3.6,57.4,13.0,13.2,3.7,50.7,6.7,6.6,24.5,3.5,19.4,18.9,18.5,14.9,6.3,3.3,8.6,5.4,1.9
2017-06-01 08:03:00+02:00,3.4,8.2,2.2,12.0,62.2,42.5,35.1,5.8,2.5,16.8,11.9,44.6,2.9,14.3,3.8,8.6,1.3,11.7,38.8,60.6,30.9,3.0,41.3,4.4,72.0,16.0,16.2,4.6,64.0,8.4,8.0,30.5,4.6,23.2,22.6,22.2,18.0,7.6,3.9,10.4,6.5,2.4
2017-06-01 08:04:00+02:00,3.4,8.2,2.2,12.1,62.8,42.8,35.3,5.8,2.6,16.9,12.0,45.0,2.9,14.4,3.9,8.6,1.3,11.7,39.0,61.1,31.1,3.0,41.5,4.5,72.6,16.1,16.3,4.7,64.5,8.4,8.1,30.7,4.6,23.3,22.7,22.3,18.1,7.6,3.9,10.4,6.5,2.4
2017-06-01 08:05:00+02:00,2.5,5.8,1.6,8.8,46.1,31.1,25.7,4.1,1.9,12.8,9.1,32.7,2.1,10.1,2.9,6.5,1.0,8.3,28.6,44.9,22.5,2.2,30.3,3.3,53.5,12.2,12.0,3.4,47.4,6.0,6.1,22.1,3.2,17.8,17.3,16.9,13.6,5.7,3.0,7.9,5.0,1.8
2017-06-01 08:06:00+02:00,3.5,8.5,2.3,12.4,63.6,43.3,35.7,5.9,2.7,17.3,12.4,45.5,3.0,14.7,4.0,8.9,1.4,12.0,39.6,61.8,31.4,3.1,42.0,4.6,73.5,16.3,16.6,4.9,65.4,8.6,8.3,31.3,4.8,23.9,23.2,22.8,18.5,7.7,3.9,10.8,6.8,2.6
2017-06-01 08:07:00+02:00,3.6,8.6,2.3,12.6,64.1,43.8,36.1,6.1,2.8,17.6,12.4,46.1,3.1,14.9,4.1,9.1,1.4,12.3,40.0,62.4,31.8,3.2,42.5,4.8,74.0,16.3,16.8,5.0,65.8,8.9,8.4,31.7,4.9,24.0,23.3,22.8,18.5,7.7,4.0,10.8,6.8,2.5
2017-06-01 08:08:00+02:00,3.5,8.6,2.3,12.5,62.4,43.3,35.7,6.1,2.8,17.4,11.3,45.5,3.0,14.7,4.1,9.0,1.4,12.1,39.5,60.7,31.4,3.2,41.9,4.8,72.2,15.2,16.7,5.0,64.2,8.8,8.3,31.3,4.9,23.7,23.0,22.5,18.3,7.6,3.9,10.6,6.7,2.5
2017-06-01 08:09:00+02:00,3.6,8.8,2.4,12.8,65.5,44.9,37.0,6.3,2.9,17.8,12.6,47.2,3.1,15.1,4.2,9.3,1.4,12.5,41.0,63.7,32.7,3.3,43.4,5.0,75.5,16.5,17.1,5.2,67.3,9.1,8.5,32.2,5.1,24.2,23.5,23.1,18.7,7.8,4.0,10.9,6.9,2.6
2017-06-01 08:10:00+02:00,3.8,8.9,2.4,12.9,66.2,45.3,37.4,6.3,2.9,18.1,12.7,47.6,3.2,15.3,4.3,9.7,1.5,12.6,41.3,64.3,33.0,3.3,43.8,5.3,76.3,16.7,17.2,5.5,68.0,9.2,8.6,32.5,5.1,24.4,23.7,23.2,18.8,7.9,4.1,10.9,6.9,2.6
2017-06-01 08:11:00+02:00,4.2,7.7,2.4,11.8,65.0,44.0,36.1,6.4,2.9,18.4,12.8,46.3,3.2,15.2,4.3,10.1,1.5,12.7,40.1,63.1,31.8,3.3,42.6,5.7,75.0,16.7,16.1,5.9,66.8,9.3,8.6,31.2,3.9,24.4,23.7,23.2,18.9,7.9,4.0,11.0,7.0,2.7
2017-06-01 08:12:00+02:00,2.7,2.8,1.5,5.4,37.6,24.7,20.1,3.8,1.7,11.8,7.9,26.1,1.9,8.7,2.5,6.5,0.9,7.4,22.6,36.4,17.3,1.9,24.0,3.6,43.8,10.3,8.2,3.8,38.6,5.4,5.3,16.9,0.4,15.5,14.9,14.6,11.8,4.9,2.6,6.9,4.4,1.6
2017-06-01 08:13:00+02:00,4.2,8.7,2.5,12.7,66.9,45.8,37.6,6.6,3.0,18.5,12.8,48.2,3.3,15.7,4.3,10.1,1.5,12.8,41.6,64.9,33.3,3.3,44.2,5.7,77.0,16.7,17.0,5.9,68.8,9.5,8.6,32.7,4.8,24.0,23.3,23.4,19.0,7.9,4.1,11.1,7.1,2.8
2017-06-01 08:14:00+02:00,4.2,6.1,2.5,10.1,64.3,43.1,35.1,6.6,3.0,18.6,12.7,45.6,3.3,15.8,4.3,10.2,1.5,12.9,39.1,62.3,30.8,3.3,41.7,5.7,74.2,16.7,14.4,6.0,66.1,9.6,8.6,30.2,2.2,23.9,23.2,23.3,19.0,7.9,4.1,11.1,7.1,2.8
2017-06-01 08:15:00+02:00,4.2,5.7,2.5,9.8,64.6,43.2,35.2,6.6,3.0,18.8,12.9,45.7,3.3,16.1,4.4,10.4,1.6,13.2,39.2,62.6,30.8,3.3,41.8,5.8,74.5,16.9,14.1,6.2,66.5,9.7,8.7,30.2,1.8,24.1,23.4,23.5,19.1,7.9,4.1,11.1,7.1,2.8
2017-06-01 08:16:00+02:00,4.2,5.7,2.5,9.8,64.9,43.5,35.3,6.7,3.0,18.8,13.0,45.9,3.4,16.1,4.5,10.3,1.6,13.2,39.3,62.9,30.9,3.3,41.9,5.8,74.9,17.0,14.2,6.1,66.8,9.6,8.8,30.3,1.9,24.3,23.5,23.6,19.2,7.9,4.1,11.2,7.1,2.8
2017-06-01 08:17:00+02:00,4.2,5.8,2.5,9.9,65.0,43.6,35.3,6.7,3.1,18.3,13.0,46.0,3.4,16.1,4.5,9.8,1.6,13.2,39.4,63.1,31.0,3.3,42.0,5.8,75.2,17.1,14.2,5.6,67.0,9.8,8.9,30.4,1.9,24.3,23.5,23.5,19.1,7.9,4.1,11.2,7.1,2.8
2017-06-01 08:18:00+02:00,4.2,5.9,2.6,10.0,66.2,44.3,35.9,6.9,3.1,18.5,13.3,46.8,3.5,16.4,4.7,10.0,1.6,13.3,40.0,64.1,31.5,3.5,42.7,5.9,76.4,17.4,14.5,5.7,68.1,9.9,9.1,30.9,2.0,24.5,23.6,23.7,19.3,8.0,4.1,11.2,7.1,2.8
2017-06-01 08:19:00+02:00,4.2,6.0,2.6,10.2,67.1,45.3,36.7,7.0,3.1,19.3,13.5,47.8,3.6,17.1,4.8,10.7,1.7,13.7,40.9,65.4,32.4,3.6,43.6,5.9,77.4,17.6,14.6,6.4,69.1,10.1,9.2,31.7,2.0,24.8,23.9,23.9,19.4,8.1,4.1,11.3,7.2,2.8
2017-06-01 08:20:00+02:00,4.1,6.0,2.6,10.2,67.9,45.7,37.1,7.0,3.1,19.4,13.4,48.2,3.6,17.3,4.9,10.7,1.7,13.9,41.3,65.8,32.7,3.7,44.1,5.9,78.1,17.6,14.7,6.4,69.9,10.2,9.2,32.0,2.1,24.9,24.0,24.0,19.5,8.1,4.2,11.4,7.2,2.9
2017-06-01 08:21:00+02:00,4.1,5.9,2.6,10.1,67.1,45.0,36.4,7.0,3.1,19.2,13.2,47.5,3.6,16.9,4.9,10.7,1.7,13.5,40.5,65.0,32.0,3.6,43.4,5.9,77.2,17.5,14.5,6.4,69.1,10.1,9.0,31.4,2.0,24.6,23.7,23.7,19.3,8.0,4.1,11.3,7.2,2.8
2017-06-01 08:22:00+02:00,4.1,6.1,2.6,10.3,68.2,45.8,37.0,7.1,3.1,19.0,13.4,48.3,3.7,17.2,5.0,10.9,1.7,13.8,41.2,66.1,32.6,3.7,44.1,6.0,78.6,17.8,14.8,6.5,70.4,10.2,9.2,32.0,2.1,25.0,24.0,24.0,19.5,8.1,4.2,11.4,7.3,2.9
2017-06-01 08:23:00+02:00,4.0,5.8,2.6,9.9,65.3,44.0,35.5,6.8,3.0,17.8,12.8,46.4,3.6,16.5,4.9,10.4,1.7,13.2,39.6,63.5,31.3,3.6,42.4,5.6,75.3,17.1,14.2,6.2,67.4,9.8,8.8,30.6,1.9,24.1,23.1,23.1,18.8,7.8,4.0,11.0,7.0,2.8
2017-06-01 08:24:00+02:00,3.5,6.6,2.2,10.2,59.1,40.4,33.0,5.9,2.6,15.5,11.3,42.5,3.1,14.6,4.2,8.9,1.5,11.8,36.6,57.5,29.2,3.1,39.0,4.7,68.0,15.0,14.1,5.2,61.0,8.5,7.7,28.7,3.1,21.2,20.3,20.4,16.5,6.8,3.5,9.7,6.2,2.4
2017-06-01 08:25:00+02:00,4.1,8.2,2.6,12.3,68.7,47.1,38.3,6.9,3.0,18.3,12.9,49.5,3.7,16.9,4.9,10.3,1.7,13.6,42.4,66.6,34.1,3.7,45.2,5.4,78.9,17.1,16.6,6.1,70.8,9.9,8.9,33.5,4.2,24.2,23.2,23.2,18.9,7.8,3.9,11.1,7.1,2.8
2017-06-01 08:26:00+02:00,4.4,8.8,2.7,13.0,73.4,50.2,40.8,7.4,3.2,19.6,13.9,52.8,4.0,18.1,5.4,11.1,1.9,14.6,45.2,71.1,36.4,4.0,48.2,5.9,84.2,18.3,17.5,6.6,75.6,10.7,9.6,35.6,4.6,25.9,24.8,24.7,20.1,8.3,4.2,11.8,7.5,3.0
2017-06-01 08:27:00+02:00,4.4,8.3,2.8,12.4,72.8,49.3,40.7,7.5,3.2,19.8,14.1,52.0,4.1,18.3,5.6,11.2,1.9,14.8,45.0,70.6,36.1,4.1,47.2,6.0,83.9,18.6,17.0,6.7,75.2,10.8,9.9,35.3,4.7,26.2,25.1,24.9,20.3,8.4,4.2,11.9,7.6,3.0
2017-06-01 08:28:00+02:00,4.4,9.4,2.8,13.5,73.5,50.1,41.6,7.5,3.2,19.7,14.0,52.7,4.0,18.1,5.6,11.2,1.9,14.7,45.9,71.2,37.1,4.1,48.0,5.9,84.5,18.5,18.0,6.7,75.8,10.7,9.8,36.2,5.1,26.4,25.3,24.8,20.2,8.3,4.2,11.9,7.5,3.0
2017-06-01 08:29:00+02:00,4.4,9.7,2.8,13.8,75.8,52.1,42.5,7.6,3.3,19.8,14.2,54.8,4.1,18.5,5.7,11.2,1.9,14.9,46.9,73.5,38.0,4.2,49.9,6.0,87.0,18.7,18.4,6.7,78.2,11.0,9.9,37.0,5.4,26.7,25.6,25.1,20.5,8.5,4.3,12.0,7.6,3.1
2017-06-01 08:30:00+02:00,4.3,9.6,2.8,13.7,74.3,50.9,41.4,7.5,3.3,19.3,14.0,53.6,4.1,18.3,5.7,10.9,1.9,14.8,45.7,72.0,37.0,4.2,48.8,5.9,85.5,18.5,18.2,6.5,76.7,10.8,9.9,36.5,5.3,26.3,25.2,24.8,20.2,8.4,4.3,11.8,7.5,3.0
2017-06-01 08:31:00+02:00,4.3,9.3,2.8,13.4,72.7,50.0,40.6,7.5,3.3,19.3,13.3,52.7,4.0,18.2,5.7,10.9,1.9,14.6,44.9,70.4,36.3,4.2,47.9,5.9,83.6,17.7,17.8,6.5,75.0,10.8,9.3,36.0,5.0,26.1,25.0,24.6,20.1,8.3,4.2,11.8,7.4,3.0
2017-06-01 08:32:00+02:00,4.4,8.3,2.8,12.5,73.6,49.7,40.3,7.7,3.3,19.7,14.4,52.4,4.2,18.4,5.9,11.1,2.0,14.8,44.7,71.2,35.9,4.3,47.7,6.1,84.7,18.9,16.9,6.7,76.0,11.0,10.1,35.3,3.9,26.8,25.6,25.1,20.5,8.5,4.3,12.0,7.6,3.1
2017-06-01 08:33:00+02:00,4.0,8.3,2.5,12.1,67.6,46.0,37.4,6.9,3.0,17.7,13.1,48.3,3.7,16.4,5.3,9.9,1.8,13.2,41.4,65.5,33.4,3.8,44.1,5.5,77.6,17.2,16.1,6.0,69.7,9.8,9.1,32.5,4.3,24.2,23.2,22.7,18.5,7.6,3.9,10.9,6.9,2.8
2017-06-01 08:34:00+02:00,4.4,9.7,2.9,14.0,76.4,52.1,42.4,7.8,3.3,19.8,14.7,54.8,4.2,18.6,6.0,11.1,2.0,15.0,46.8,74.0,38.1,4.3,49.9,6.1,87.6,19.2,18.4,6.8,78.8,11.1,10.2,37.0,5.3,26.8,25.6,25.0,20.4,8.5,4.3,12.0,7.6,3.2
2017-06-01 08:35:00+02:00,4.1,8.5,2.6,12.4,70.2,47.6,38.7,7.2,2.7,18.2,13.8,50.1,3.9,17.1,5.5,10.2,1.9,13.8,42.8,67.9,34.6,4.0,45.5,5.6,80.4,17.9,16.5,6.2,72.3,10.2,9.6,33.7,4.4,24.6,23.5,23.0,18.7,7.8,3.9,10.9,6.9,2.8
2017-06-01 08:36:00+02:00,4.0,8.3,2.6,11.9,68.2,46.3,37.6,7.1,2.8,17.8,13.5,48.7,3.8,16.7,5.3,10.0,1.8,13.5,41.6,66.1,33.7,3.9,44.3,5.5,78.3,17.4,16.0,6.1,70.3,10.0,9.4,32.7,4.3,24.1,23.0,22.5,18.3,7.7,3.9,10.6,6.7,2.7
2017-06-01 08:37:00+02:00,4.5,9.8,3.0,14.0,78.2,53.5,43.5,8.2,3.5,20.3,15.3,56.3,4.5,19.3,6.2,11.4,2.1,15.6,48.0,75.7,39.1,4.5,51.1,6.2,89.6,19.4,18.6,7.0,80.7,11.6,10.8,37.9,5.4,27.2,26.0,25.4,20.7,8.7,4.4,12.0,7.6,3.1
2017-06-01 08:38:00+02:00,4.5,9.7,3.0,13.8,77.3,52.6,42.6,8.2,3.5,20.4,15.3,55.4,4.5,18.7,6.2,11.4,2.1,15.0,47.1,74.8,38.3,4.5,50.2,6.2,87.8,19.4,18.4,7.0,79.8,11.6,10.8,37.1,5.3,27.3,26.0,25.3,20.7,8.7,4.4,11.9,7.6,3.1
2017-06-01 08:39:00+02:00,4.5,9.9,3.0,14.2,79.0,54.1,44.3,8.3,3.5,20.9,15.6,57.0,4.6,19.8,6.4,11.7,2.2,16.0,48.9,76.5,39.9,4.6,52.1,6.5,89.4,19.6,18.9,7.2,81.6,11.8,11.0,38.7,5.5,27.8,26.5,25.8,21.1,8.9,4.5,12.2,7.8,3.2
2017-06-01 08:40:00+02:00,4.6,10.2,3.0,14.6,79.0,54.0,45.1,8.4,3.5,21.1,15.7,56.9,4.7,20.1,6.4,11.9,2.2,16.4,49.6,76.5,40.6,4.7,52.8,6.6,89.4,19.7,19.2,7.4,81.5,11.8,11.0,39.3,5.7,28.1,26.7,26.0,21.3,8.9,4.5,12.3,7.9,3.2
2017-06-01 08:41:00+02:00,4.6,9.4,3.0,13.9,78.9,53.7,44.5,8.4,3.5,21.2,15.6,56.6,4.7,20.2,6.5,11.9,2.2,16.5,49.1,76.5,40.1,4.7,52.3,6.6,89.4,19.9,18.6,7.4,81.5,11.9,11.1,38.9,4.9,28.4,27.0,26.2,21.4,9.0,4.5,12.5,8.0,3.3
2017-06-01 08:42:00+02:00,4.5,9.1,3.0,13.4,76.9,53.1,43.4,8.3,3.5,20.5,14.6,56.0,4.6,19.9,6.2,11.4,2.2,16.2,47.9,74.5,39.1,4.5,51.0,6.3,87.1,18.5,18.0,7.1,79.5,11.8,10.7,37.9,4.7,27.7,26.3,25.6,21.0,8.8,4.4,12.2,7.8,3.3
2017-06-01 08:43:00+02:00,3.4,7.8,2.2,11.1,58.0,40.4,33.4,5.8,2.5,15.6,10.8,42.5,3.1,14.5,4.5,8.6,1.4,11.7,36.8,56.3,30.0,3.2,39.1,4.7,65.3,13.8,14.7,5.3,59.9,8.3,8.0,29.2,4.5,20.9,19.8,19.1,15.6,6.3,3.1,9.3,5.9,2.4
2017-06-01 08:44:00+02:00,4.6,10.9,3.1,15.3,80.0,55.5,45.6,8.0,3.4,21.2,15.0,58.4,4.3,19.9,6.4,12.0,1.8,16.1,50.1,77.5,41.1,4.6,53.4,6.6,90.4,19.1,20.0,7.5,82.6,11.6,11.1,39.8,6.4,27.9,26.5,25.5,20.8,8.4,3.9,12.4,7.9,3.3
2017-06-01 08:45:00+02:00,4.6,11.1,3.1,15.1,80.5,55.8,45.6,8.2,3.5,21.7,15.3,58.7,4.4,20.2,6.6,12.3,1.9,16.4,50.2,78.0,41.2,4.7,53.5,6.7,91.2,19.2,19.7,7.8,83.1,11.8,11.3,39.8,6.6,28.3,26.8,25.8,21.1,8.5,4.0,12.6,8.0,3.4
2017-06-01 08:46:00+02:00,4.6,11.2,3.1,15.4,81.2,56.1,45.9,8.3,3.6,21.5,15.5,59.1,4.5,20.2,6.6,12.1,1.9,16.4,50.5,78.7,41.5,4.8,53.8,6.5,91.9,19.6,20.0,7.5,83.8,11.8,11.3,40.2,6.7,28.4,26.9,25.9,21.1,8.6,4.0,12.6,8.1,3.4
2017-06-01 08:47:00+02:00,4.6,11.2,3.1,15.4,81.8,56.3,46.0,8.3,3.6,21.4,15.8,59.3,4.5,20.3,6.7,12.1,1.9,16.5,50.6,79.2,41.6,4.8,53.9,6.5,92.3,19.9,20.0,7.6,84.4,11.8,11.3,40.3,6.7,28.4,26.9,25.8,21.1,8.5,4.0,12.6,8.1,3.4
2017-06-01 08:48:00+02:00,4.6,11.4,3.2,15.4,82.6,56.8,46.4,8.4,3.6,21.7,16.0,59.8,4.6,20.5,6.8,12.2,1.9,16.7,51.0,80.0,41.9,4.9,54.4,6.6,92.8,20.2,20.1,7.7,85.2,12.0,11.5,40.6,6.7,28.6,27.0,25.9,21.2,8.6,4.1,12.6,8.0,3.3
2017-06-01 08:49:00+02:00,4.7,11.4,3.2,15.9,83.8,57.7,47.2,8.4,3.6,22.1,16.3,60.8,4.6,20.6,6.9,12.5,2.0,16.8,51.9,81.1,42.7,4.9,55.2,6.8,94.2,20.4,20.7,7.9,86.4,12.0,11.7,41.3,6.8,28.9,27.3,26.1,21.3,8.7,4.1,12.7,8.0,3.3
2017-06-01 08:50:00+02:00,4.8,11.6,3.2,15.9,84.8,58.1,47.4,8.6,3.7,22.4,16.7,61.2,4.7,21.0,7.1,12.6,2.0,17.1,52.2,82.1,43.1,5.0,55.5,6.8,95.3,20.9,20.7,8.0,87.5,12.3,11.9,41.7,6.9,29.4,27.7,26.5,21.7,8.8,4.2,12.8,8.2,3.3
2017-06-01 08:51:00+02:00,4.7,11.6,3.2,15.9,84.7,57.8,47.3,8.6,3.6,22.5,16.6,60.9,4.8,20.9,7.0,12.9,2.0,17.0,52.1,82.1,43.1,5.0,55.5,7.0,95.2,21.2,20.7,8.2,87.5,12.3,11.9,41.6,6.8,29.4,27.7,26.4,21.6,8.8,4.2,12.8,8.1,3.3
2017-06-01 08:52:00+02:00,4.8,11.6,3.2,16.0,84.4,57.2,47.8,8.7,3.7,22.6,16.6,60.4,4.8,21.0,7.1,13.0,2.1,17.1,52.6,81.7,43.3,5.0,56.0,7.1,93.5,21.4,20.8,8.3,85.8,12.4,11.9,41.8,6.8,29.3,27.7,26.4,21.6,8.8,4.3,12.8,8.1,3.3
2017-06-01 08:53:00+02:00,4.8,11.6,3.2,16.0,84.7,57.4,48.0,8.7,3.7,22.5,16.7,60.6,4.8,21.1,7.2,13.0,2.1,17.2,52.8,82.0,43.4,5.1,56.2,7.2,94.9,21.5,20.8,8.4,86.6,12.4,12.0,41.9,6.8,29.5,27.8,26.5,21.7,8.9,4.3,12.8,8.1,3.3
2017-06-01 08:54:00+02:00,4.8,11.8,3.3,16.3,86.6,58.8,48.7,8.8,3.7,22.9,17.0,62.0,4.9,21.3,7.3,13.3,2.1,17.4,53.6,83.8,44.1,5.2,57.0,7.3,97.0,21.8,21.2,8.6,88.4,12.5,12.2,42.5,6.9,30.1,28.4,27.0,22.2,9.1,4.3,13.1,8.4,3.5
2017-06-01 08:55:00+02:00,4.9,11.9,3.3,16.6,88.8,60.5,49.5,9.0,3.7,23.3,17.3,63.8,5.0,21.6,7.4,13.6,2.2,17.6,54.2,86.0,44.7,5.3,57.7,7.4,99.5,22.3,21.5,8.8,90.7,12.7,12.4,43.1,7.0,30.7,28.9,27.5,22.6,9.2,4.4,13.3,8.5,3.5
2017-06-01 08:56:00+02:00,4.5,12.1,3.3,17.0,90.0,61.3,50.3,9.1,3.8,23.2,17.5,64.6,5.1,21.9,7.5,13.3,2.2,17.9,54.9,87.1,45.6,5.4,58.5,7.1,100.9,22.5,22.0,8.5,92.0,12.9,12.6,43.9,7.0,31.2,29.3,27.9,22.9,9.4,4.5,13.5,8.6,3.6
2017-06-01 08:57:00+02:00,4.8,12.1,3.3,17.0,88.9,61.7,50.6,9.2,3.8,23.7,16.1,65.0,5.1,22.0,6.2,13.7,2.3,18.0,55.2,86.0,45.8,4.0,58.8,7.4,99.9,21.1,22.1,8.8,90.9,12.9,11.2,44.0,7.0,31.6,29.7,28.2,23.2,9.5,4.5,13.6,8.7,3.6
2017-06-01 08:58:00+02:00,5.0,12.1,3.4,17.1,89.5,62.1,50.9,9.4,3.8,23.9,16.1,65.5,5.3,22.3,6.2,13.8,2.4,18.2,55.7,86.6,46.1,4.0,59.2,7.6,100.6,21.2,22.1,8.9,91.6,13.2,11.3,44.4,7.0,31.0,29.1,27.6,22.5,8.8,3.7,13.7,8.7,3.6
2017-06-01 08:59:00+02:00,5.1,12.2,3.4,17.2,91.6,63.0,51.6,9.6,3.8,24.3,17.3,66.3,5.6,22.6,7.2,14.1,2.6,18.6,56.4,88.7,46.7,5.0,60.0,7.7,102.9,22.4,22.3,9.2,93.8,13.4,12.3,45.0,7.1,30.8,28.8,27.2,22.1,8.2,3.1,13.8,8.8,3.7
2017-06-01 09:00:00+02:00,5.2,12.7,3.5,17.9,95.3,65.3,53.5,10.0,4.0,25.2,18.2,68.8,5.8,23.4,7.8,14.7,2.7,19.2,58.5,92.2,48.4,5.5,62.2,8.0,107.3,23.5,23.2,9.6,97.8,13.9,13.1,46.6,7.4,32.4,30.3,28.7,23.4,9.1,3.8,14.3,9.1,3.8
2017-06-01 09:01:00+02:00,5.1,12.5,3.5,17.5,93.6,63.9,52.4,9.8,3.9,24.5,18.2,67.3,5.6,22.9,8.1,14.3,2.7,18.8,57.3,90.6,47.4,5.8,60.9,7.8,105.1,23.4,22.7,9.3,95.8,13.7,13.2,45.6,7.3,31.1,29.0,27.4,22.3,8.3,3.2,14.0,8.9,3.7
2017-06-01 09:02:00+02:00,2.4,5.4,1.5,7.9,42.3,28.9,23.9,4.3,1.7,11.7,8.5,30.3,2.4,10.1,3.6,6.8,1.2,8.5,26.2,41.1,21.5,2.6,27.7,3.6,46.5,11.0,10.6,4.3,42.8,5.9,6.1,20.7,3.0,13.9,13.0,12.1,9.7,3.2,0.9,6.4,4.0,1.5
2017-06-01 09:03:00+02:00,2.9,6.5,1.8,9.5,51.3,34.7,28.6,5.1,2.0,14.1,10.4,36.5,2.9,12.2,4.3,8.2,1.4,10.1,31.3,49.8,25.8,3.1,33.2,4.4,57.0,13.4,12.6,5.3,52.3,7.1,7.4,24.8,3.6,17.1,15.9,15.0,12.0,4.3,1.5,7.7,4.8,1.8
2017-06-01 09:04:00+02:00,5.0,12.4,3.5,17.4,93.8,63.8,52.2,9.8,3.9,24.5,18.3,67.3,5.7,23.0,8.1,14.4,2.7,18.8,57.0,90.7,47.3,5.8,60.7,7.8,105.3,23.5,22.5,9.3,96.0,13.7,13.3,45.5,7.3,31.3,29.3,27.7,22.6,8.8,3.7,13.8,8.7,3.6
2017-06-01 09:05:00+02:00,2.6,5.7,1.6,7.8,44.4,30.2,24.7,4.5,1.8,12.3,8.8,31.7,2.6,10.9,3.5,7.1,1.2,8.9,27.1,43.1,22.2,2.4,28.8,3.8,49.0,11.4,10.5,4.5,45.0,6.3,6.2,21.4,3.2,14.6,13.6,12.8,10.2,3.9,1.5,6.3,3.7,1.1
2017-06-01 09:06:00+02:00,3.6,8.4,2.4,11.5,64.7,44.1,36.0,6.7,2.7,17.3,12.6,46.5,3.8,16.0,5.3,10.1,1.8,13.0,39.4,62.7,32.5,3.7,42.0,5.5,72.4,16.2,15.3,6.5,66.2,9.4,9.0,31.3,4.9,20.9,19.5,18.4,14.7,5.7,2.2,9.0,5.4,1.7
2017-06-01 09:07:00+02:00,4.1,9.9,2.8,13.5,75.0,51.1,41.8,7.8,3.1,20.0,14.6,53.9,4.5,18.5,6.2,11.7,2.1,15.1,45.7,72.6,37.7,4.3,48.6,6.3,84.7,18.8,17.7,7.6,77.3,10.9,10.4,36.2,5.8,24.9,23.2,21.9,17.7,6.4,2.3,11.2,7.1,2.9
2017-06-01 09:08:00+02:00,5.1,12.6,3.6,17.1,94.1,64.1,52.3,10.0,3.9,24.8,18.3,67.6,5.8,23.1,8.1,14.5,2.8,19.0,57.2,91.0,47.4,5.7,60.9,7.8,107.3,23.4,22.3,9.4,97.1,13.8,13.2,45.4,7.3,31.5,29.4,27.7,22.6,8.7,3.7,13.9,8.8,3.6
2017-06-01 09:09:00+02:00,5.1,12.8,3.6,17.3,95.1,65.0,53.1,10.1,4.0,24.8,18.5,68.5,5.9,23.5,8.1,14.5,2.8,19.3,58.0,92.1,48.1,5.7,61.8,7.7,108.8,23.6,22.5,9.4,98.2,14.1,13.3,46.1,7.4,31.6,29.5,27.7,22.5,8.5,3.6,14.1,8.9,3.7
2017-06-01 09:10:00+02:00,3.1,7.2,2.0,9.9,55.0,37.7,30.9,5.7,2.3,14.6,10.8,39.7,3.3,13.6,4.4,8.6,1.6,11.2,33.8,53.5,27.9,3.1,35.9,4.5,62.9,13.9,13.2,5.4,56.7,7.9,7.6,26.8,4.1,17.7,16.5,15.5,12.3,4.0,1.4,8.3,5.2,2.0
2017-06-01 09:11:00+02:00,3.8,9.0,2.5,12.9,68.7,47.2,38.7,7.1,2.9,18.0,13.3,49.6,4.1,16.8,5.6,10.6,2.0,13.8,42.2,66.7,35.0,3.9,44.9,5.6,78.5,17.1,16.8,6.7,70.9,9.9,9.5,33.6,5.2,22.6,21.1,19.9,16.0,5.8,2.4,10.2,6.4,2.6
2017-06-01 09:12:00+02:00,4.7,11.6,3.3,16.3,87.4,59.7,48.9,9.2,3.7,22.4,17.0,63.0,5.4,21.5,7.8,13.3,2.5,17.6,53.4,84.8,44.3,5.6,56.8,7.0,99.9,21.8,21.1,8.5,90.3,12.8,12.6,42.5,6.8,28.4,26.5,25.0,20.2,7.8,2.9,12.4,8.1,3.3
2017-06-01 09:13:00+02:00,4.9,12.5,3.5,17.5,92.6,63.3,51.8,9.7,3.9,23.7,18.0,66.7,5.7,22.7,8.3,14.1,2.7,18.6,56.5,89.7,47.0,5.9,60.2,7.4,105.8,23.0,22.4,9.0,95.7,13.6,13.3,45.1,7.4,30.4,28.3,26.9,21.9,8.9,3.7,13.1,8.5,3.6
2017-06-01 09:14:00+02:00,5.0,12.7,3.5,17.7,93.7,63.9,52.3,9.8,3.9,24.1,18.3,67.3,5.7,22.7,8.4,14.3,2.7,18.6,57.0,90.7,47.4,6.0,60.7,7.5,107.1,23.4,22.8,9.2,96.8,13.5,13.5,45.4,7.5,31.0,28.8,27.4,22.4,8.6,3.4,13.7,8.6,3.6
2017-06-01 09:15:00+02:00,5.0,12.8,3.5,17.9,93.6,63.6,51.9,9.8,4.0,24.1,18.4,67.0,5.6,22.2,8.5,14.3,2.7,18.1,56.7,90.4,47.0,6.0,60.4,7.5,107.1,23.4,22.8,9.2,96.7,13.0,13.5,45.0,7.6,31.1,28.9,27.5,22.5,8.7,3.5,13.8,8.7,3.6
2017-06-01 09:16:00+02:00,5.1,12.9,3.5,18.0,93.7,63.5,51.8,9.2,4.0,24.3,18.5,66.9,5.0,21.9,8.5,14.4,2.7,17.7,56.6,90.5,46.8,6.1,60.3,7.5,107.3,23.6,22.9,9.3,96.8,12.6,13.6,44.8,7.6,31.4,29.2,27.8,22.7,8.8,3.5,13.9,8.7,3.6
2017-06-01 09:17:00+02:00,5.1,13.1,3.6,18.2,95.1,64.5,52.7,9.6,4.0,24.6,18.7,68.0,5.4,22.4,8.7,14.5,2.8,18.2,57.5,91.9,47.6,6.2,61.3,7.6,108.9,23.9,23.2,9.4,98.3,13.0,13.8,45.6,7.7,31.8,29.6,28.1,22.9,9.0,3.6,14.0,8.7,3.7
2017-06-01 09:18:00+02:00,5.1,13.0,3.6,18.1,94.9,64.4,52.6,10.0,4.0,24.5,18.7,67.8,5.9,22.5,8.7,14.5,2.8,18.4,57.5,91.6,47.6,6.2,61.2,7.6,108.6,23.9,23.0,9.4,98.0,13.2,13.8,45.6,7.6,31.6,29.4,27.9,22.7,8.9,3.6,13.8,8.6,3.6
2017-06-01 09:19:00+02:00,5.1,13.0,3.6,18.2,95.4,64.8,53.1,10.0,4.0,24.6,18.8,68.2,5.9,22.9,8.7,14.6,2.8,18.7,57.9,92.2,48.1,6.2,61.7,7.6,109.2,24.0,23.2,9.4,98.6,13.5,13.9,46.0,7.7,31.7,29.4,27.9,22.8,9.0,3.6,13.9,8.7,3.7
2017-06-01 09:20:00+02:00,5.1,13.1,3.6,18.3,94.7,63.9,53.2,9.9,4.0,24.8,19.0,67.3,5.8,22.7,8.8,14.7,2.6,18.5,56.9,91.4,48.1,6.2,60.6,7.7,108.6,24.2,23.3,9.5,97.9,13.3,13.9,46.0,7.7,32.0,29.7,28.1,23.0,9.0,3.6,14.0,8.8,3.7
2017-06-01 09:21:00+02:00,5.1,12.9,3.6,18.1,94.1,63.6,53.0,10.1,3.9,24.6,18.7,67.0,6.0,22.7,8.8,14.6,2.8,18.6,56.6,90.9,47.9,6.2,60.4,7.6,107.9,23.9,23.1,9.5,97.3,13.4,13.8,45.8,7.6,31.8,29.5,27.9,22.9,8.9,3.6,14.0,8.8,3.7
2017-06-01 09:22:00+02:00,5.1,13.0,3.6,18.1,94.6,64.0,53.4,10.1,3.9,24.6,18.9,67.4,6.0,23.1,8.8,14.6,2.9,18.9,57.0,91.4,48.3,6.2,60.8,7.6,108.1,24.0,23.1,9.5,97.5,13.7,13.8,46.2,7.6,31.8,29.5,27.9,22.8,8.9,3.5,14.0,8.8,3.7
2017-06-01 09:23:00+02:00,5.1,13.1,3.6,18.3,94.8,64.0,53.4,10.1,4.0,24.8,18.9,67.5,6.1,22.9,8.9,14.7,2.9,18.7,57.1,91.5,48.3,6.3,60.8,7.7,108.3,24.1,23.3,9.6,97.7,13.5,14.0,46.2,7.7,32.0,29.6,28.0,23.0,9.0,3.6,14.0,8.8,3.7
2017-06-01 09:24:00+02:00,5.1,13.1,3.6,18.2,94.4,63.7,53.1,10.1,4.0,24.8,19.0,67.2,6.0,22.7,8.8,14.7,2.9,18.6,56.7,91.3,48.1,6.3,60.5,7.8,107.9,24.2,23.2,9.6,97.4,13.3,14.0,45.9,7.7,31.9,29.6,28.0,22.9,8.9,3.6,14.0,8.8,3.7
2017-06-01 09:25:00+02:00,5.1,13.2,3.6,18.4,96.2,65.2,53.7,10.2,4.0,25.4,19.2,68.7,6.1,23.1,8.9,14.9,2.9,18.9,58.2,93.1,48.6,6.3,62.0,7.9,109.8,24.5,23.3,9.7,99.2,13.7,14.1,46.4,7.7,33.1,30.7,29.0,23.9,9.8,4.4,14.1,8.9,3.7
2017-06-01 09:26:00+02:00,4.0,10.1,2.7,14.2,74.5,50.7,41.3,7.7,3.1,19.6,14.8,53.3,4.6,17.6,6.7,11.4,2.2,14.4,45.5,72.2,37.3,4.8,48.3,6.0,84.7,18.9,18.1,7.4,76.6,10.2,10.8,35.6,5.9,26.0,24.2,23.0,19.0,8.1,4.0,10.9,6.9,2.8
2017-06-01 09:27:00+02:00,5.1,13.1,3.6,18.2,96.5,65.5,53.3,10.2,4.0,25.4,19.2,69.0,6.1,22.8,8.9,14.9,2.9,18.7,58.5,93.4,48.2,6.3,62.3,7.9,110.1,24.4,23.2,9.8,99.4,13.4,14.1,45.9,7.7,33.9,31.5,30.1,24.9,10.8,5.3,14.1,8.9,3.7
2017-06-01 09:28:00+02:00,5.1,12.3,3.6,17.5,96.2,65.1,52.8,10.4,4.0,25.5,19.2,68.6,6.2,23.1,9.0,15.0,3.0,18.9,58.1,93.1,47.7,6.3,61.9,7.9,109.9,24.5,22.4,9.8,99.2,13.6,14.1,45.4,7.7,33.5,31.1,30.3,25.1,10.9,5.3,14.2,8.9,3.7
2017-06-01 09:29:00+02:00,5.1,12.2,3.6,17.3,95.6,64.8,52.6,10.3,4.0,25.1,19.1,68.2,6.1,23.1,8.9,14.8,2.9,19.0,57.8,92.5,47.5,6.3,61.5,7.9,108.9,24.3,22.1,9.7,98.5,13.8,14.0,45.3,7.7,34.1,31.7,30.0,24.9,10.8,5.3,14.1,8.9,3.7
2017-06-01 09:30:00+02:00,5.2,13.3,3.7,18.6,98.4,66.9,54.4,10.5,4.1,25.5,19.5,70.5,6.3,23.6,9.1,14.9,3.0,19.4,59.8,95.2,49.3,6.4,63.6,8.0,112.1,24.8,23.5,9.7,101.4,14.0,14.3,47.0,7.9,34.8,32.3,30.5,25.4,11.0,5.4,14.4,9.0,3.8
2017-06-01 09:31:00+02:00,5.1,13.3,3.7,18.6,98.3,66.9,54.5,10.5,4.1,25.4,19.4,70.5,6.3,23.5,9.1,14.9,3.0,19.3,59.8,95.1,49.4,6.4,63.6,8.0,111.9,24.7,23.6,9.7,101.3,14.0,14.3,47.1,7.8,34.4,31.9,30.1,25.0,10.7,5.1,14.3,9.0,3.7
2017-06-01 09:32:00+02:00,5.2,13.4,3.7,18.6,98.6,67.1,54.6,10.5,4.1,25.5,19.5,70.6,6.3,23.5,9.1,15.0,3.0,19.4,60.0,95.4,49.5,6.4,63.8,8.1,112.3,24.8,23.7,9.8,101.6,14.0,14.4,47.2,7.9,33.8,31.3,29.5,24.4,10.0,4.4,14.4,9.0,3.8
2017-06-01 09:33:00+02:00,5.3,13.6,3.7,19.0,99.7,67.8,55.2,10.7,4.1,26.0,19.8,71.4,6.4,23.7,9.3,15.3,3.1,19.6,60.6,96.5,50.0,6.6,64.5,8.2,113.7,25.1,23.9,10.0,102.8,14.2,14.5,47.6,8.0,34.5,32.0,30.1,24.9,10.2,4.5,14.7,9.2,3.9
2017-06-01 09:34:00+02:00,5.2,13.5,3.7,18.9,99.1,67.5,54.9,10.6,4.1,25.9,19.7,71.1,6.4,23.5,9.3,15.2,3.0,19.5,60.3,95.9,49.7,6.5,64.1,8.2,113.1,24.9,23.9,10.0,102.2,14.1,14.5,47.4,7.9,34.3,31.7,29.9,24.6,10.1,4.5,14.5,9.1,3.7
2017-06-01 09:35:00+02:00,5.3,13.7,3.8,19.0,99.9,67.9,55.1,10.6,4.1,26.1,20.0,71.5,6.3,23.6,9.4,15.3,3.1,19.6,60.5,96.6,49.9,6.6,64.4,8.2,113.9,25.2,24.0,10.0,102.9,14.2,14.7,47.6,8.0,34.6,32.0,30.1,24.8,10.2,4.5,14.6,9.1,3.8
2017-06-01 09:36:00+02:00,5.3,13.6,3.7,18.9,99.9,67.7,55.0,10.5,4.1,26.2,20.0,71.3,6.3,23.6,9.4,15.4,3.1,19.6,60.4,96.6,49.8,6.6,64.3,8.2,113.9,25.3,24.0,10.1,102.9,14.1,14.7,47.5,7.9,34.6,32.0,30.1,24.8,10.2,4.5,14.6,9.1,3.7
2017-06-01 09:37:00+02:00,5.3,13.6,3.7,18.9,99.2,67.5,54.7,10.3,4.0,26.3,20.1,71.1,6.3,23.4,9.4,15.4,3.1,19.4,60.2,96.5,49.5,6.6,64.1,8.3,113.0,25.5,23.9,10.1,102.0,13.9,14.8,47.2,7.9,34.5,31.9,30.2,24.9,10.3,4.5,14.6,9.1,3.7
2017-06-01 09:38:00+02:00,5.3,13.7,3.8,19.0,100.4,68.0,55.2,10.5,4.1,26.5,20.2,71.6,6.4,23.3,9.5,15.6,3.1,19.3,60.6,97.2,49.9,6.7,64.6,8.4,114.6,25.7,24.3,10.2,103.5,13.9,14.9,47.6,7.9,31.1,28.5,28.8,23.5,8.7,3.0,14.8,9.2,3.7
2017-06-01 09:39:00+02:00,5.3,13.7,3.8,19.1,100.4,67.7,54.9,10.6,4.1,26.5,20.3,71.4,6.4,23.2,9.6,15.6,3.1,19.2,60.3,97.0,49.5,6.7,64.3,8.6,114.8,25.8,24.1,10.3,103.5,13.7,15.0,47.3,8.0,31.7,29.0,28.7,23.4,8.6,2.8,14.8,9.2,3.8
2017-06-01 09:40:00+02:00,5.4,13.9,3.8,19.3,101.9,68.9,55.9,10.7,4.1,26.7,20.4,72.5,6.5,24.0,9.7,15.8,3.2,19.9,61.4,98.4,50.6,6.7,65.4,8.7,116.0,26.0,24.4,10.4,104.7,14.4,15.1,48.4,8.0,31.7,29.0,28.2,22.8,7.8,2.0,15.0,9.4,3.9
2017-06-01 09:41:00+02:00,5.5,13.8,3.8,19.3,101.9,69.0,56.0,10.8,4.1,26.9,20.4,72.7,6.5,24.0,9.6,15.9,3.2,19.9,61.6,98.5,50.7,6.7,65.5,8.8,116.3,25.9,24.5,10.5,105.0,14.4,15.1,48.5,8.0,31.7,29.1,28.3,22.8,7.9,2.1,15.0,9.4,3.9
2017-06-01 09:42:00+02:00,5.5,13.8,3.8,19.2,101.0,68.3,55.4,10.7,4.1,26.8,20.2,72.0,6.5,23.5,9.4,15.8,3.1,19.4,60.9,97.6,50.1,6.5,64.9,8.8,115.4,25.7,24.4,10.5,104.2,13.9,14.9,47.9,8.0,31.9,29.3,28.1,22.7,7.7,2.0,15.0,9.4,3.9
2017-06-01 09:43:00+02:00,5.4,13.8,3.8,19.3,101.4,68.8,55.9,10.6,4.1,26.9,20.2,72.4,6.4,23.8,9.4,16.0,3.1,19.7,61.4,98.1,50.6,6.5,65.3,8.7,115.8,25.7,24.5,10.6,104.6,14.2,14.9,48.4,8.1,34.4,31.8,29.4,24.1,9.0,3.4,15.0,9.4,3.9
2017-06-01 09:44:00+02:00,5.5,14.0,3.8,19.5,102.3,69.3,56.3,10.6,4.1,27.3,20.4,72.9,6.4,23.8,9.5,16.2,3.0,19.8,61.8,98.8,50.9,6.6,65.8,8.8,116.8,26.0,24.8,10.8,105.4,14.2,15.0,48.7,8.1,36.0,33.3,30.9,25.5,10.3,4.6,15.2,9.5,3.9
2017-06-01 09:45:00+02:00,5.6,14.1,3.9,19.7,104.1,70.7,57.5,10.8,4.2,27.3,20.7,74.4,6.5,24.6,9.7,16.1,3.1,20.4,63.2,100.6,52.1,6.7,67.2,8.9,118.7,26.3,25.2,10.6,107.3,15.0,15.2,49.8,8.2,35.1,32.3,29.9,25.8,10.5,4.7,15.3,9.6,4.0
2017-06-01 09:46:00+02:00,5.6,14.0,3.9,19.6,104.4,70.8,57.6,10.9,4.2,27.4,20.8,74.6,6.6,24.7,9.7,16.1,3.2,20.5,63.3,100.9,52.1,6.7,67.3,8.9,119.1,26.5,25.1,10.6,107.6,15.1,15.3,49.8,8.1,35.3,32.5,30.1,25.9,10.5,4.7,15.4,9.6,4.0
2017-06-01 09:47:00+02:00,5.6,14.1,3.9,19.7,105.0,71.3,58.0,11.0,4.2,26.4,20.9,75.1,6.6,25.0,9.8,15.1,3.2,20.8,63.7,101.5,52.5,6.7,67.7,8.8,119.8,26.5,25.2,9.5,108.3,15.1,15.4,50.2,8.2,35.1,32.3,29.9,25.7,10.3,4.6,15.4,9.7,4.0
2017-06-01 09:48:00+02:00,5.6,14.2,3.9,19.8,105.4,71.6,58.3,11.0,4.2,26.4,21.0,75.4,6.7,25.1,9.8,15.1,3.3,20.9,63.9,101.9,52.7,6.8,68.0,8.8,120.2,26.6,25.3,9.6,108.7,15.2,15.5,50.4,8.3,35.2,32.4,29.9,25.8,10.3,4.7,15.5,9.7,4.0
2017-06-01 09:49:00+02:00,5.5,14.2,3.9,19.8,105.5,71.6,58.3,11.0,4.2,27.3,21.0,75.4,6.7,25.2,9.8,16.0,3.3,20.9,64.0,102.0,52.8,6.8,68.0,8.7,120.3,26.6,25.3,10.4,108.8,15.2,15.5,50.5,8.3,35.2,32.4,30.0,25.8,10.4,4.7,15.5,9.7,4.0
2017-06-01 09:50:00+02:00,5.4,14.1,3.9,19.7,105.0,71.3,58.1,11.0,4.2,27.1,20.9,75.1,6.7,25.0,9.8,15.8,3.2,20.8,63.7,101.5,52.6,6.8,67.7,8.6,119.8,26.5,25.2,10.4,108.3,15.2,15.4,50.2,8.2,35.2,32.4,29.9,25.8,10.4,4.6,15.4,9.7,4.0
2017-06-01 09:51:00+02:00,5.4,14.0,3.9,19.5,104.5,70.9,57.8,11.0,4.1,26.9,20.8,74.7,6.6,24.8,9.7,15.7,3.2,20.6,63.4,101.0,52.3,6.7,67.3,8.6,119.2,26.4,25.0,10.3,107.8,15.0,15.3,49.8,8.1,35.2,32.4,29.9,25.6,10.4,4.6,15.3,9.6,3.9
2017-06-01 09:52:00+02:00,5.4,13.6,3.9,19.2,103.8,70.3,57.3,10.9,4.0,25.7,20.7,74.1,6.6,24.7,9.7,14.6,3.2,20.6,62.8,100.4,51.8,6.7,66.8,8.7,118.3,26.4,24.6,9.2,107.0,15.0,15.3,49.3,8.0,35.8,33.0,30.6,25.5,10.3,4.5,15.2,9.5,3.9
2017-06-01 09:53:00+02:00,5.5,13.4,3.9,19.0,104.9,70.9,57.6,11.1,4.1,26.7,21.1,74.7,6.7,25.1,9.9,15.5,3.3,20.9,63.3,101.4,52.1,6.8,67.3,8.8,119.5,26.8,24.5,10.0,107.9,15.2,15.5,49.6,8.2,36.4,33.6,31.1,26.0,10.5,4.6,15.5,9.7,4.0
2017-06-01 09:54:00+02:00,5.5,14.0,3.9,19.7,105.4,71.5,58.2,11.1,4.1,27.3,20.9,75.3,6.7,24.9,9.8,16.0,3.3,20.8,63.9,101.8,52.7,6.8,67.9,8.6,120.2,26.6,25.2,10.5,108.5,15.1,15.5,50.2,8.1,36.4,33.5,31.1,25.9,10.5,4.6,15.4,9.6,4.0
2017-06-01 09:55:00+02:00,5.6,14.1,3.9,19.7,105.2,71.4,58.2,11.1,4.1,27.2,20.9,75.2,6.7,24.9,9.8,16.0,3.3,20.7,63.8,101.7,52.6,6.8,67.8,8.7,119.9,26.6,25.2,10.6,108.3,15.1,15.4,50.1,8.1,36.4,33.5,31.1,25.9,10.5,4.6,15.5,9.7,3.9
2017-06-01 09:56:00+02:00,5.5,14.2,3.9,19.7,105.4,71.7,58.4,11.1,4.1,27.1,20.7,75.5,6.7,24.9,9.8,15.9,3.3,20.8,64.1,101.9,52.8,6.8,68.0,8.6,120.4,26.5,25.4,10.4,108.8,15.1,15.5,50.3,8.1,37.4,34.5,32.0,26.8,11.3,5.5,15.5,9.7,4.0
2017-06-01 09:57:00+02:00,5.5,14.2,3.9,19.8,106.2,71.9,58.7,11.1,4.2,25.9,21.3,75.8,6.8,25.0,10.1,14.7,3.3,20.9,64.3,102.7,53.0,7.1,68.3,8.6,121.3,27.0,25.4,9.2,109.6,15.2,15.8,50.5,8.2,37.1,34.3,31.8,27.2,11.7,5.6,15.5,9.7,4.0
2017-06-01 09:58:00+02:00,5.5,14.4,3.9,20.0,106.8,72.2,58.9,11.0,4.2,26.9,21.5,76.1,6.6,25.0,10.2,15.6,3.1,20.8,64.6,103.2,53.2,7.1,68.6,8.6,122.0,27.3,25.7,10.1,110.2,15.1,15.9,50.6,8.3,36.6,33.8,31.2,26.7,11.1,5.0,15.6,9.7,4.0
2017-06-01 09:59:00+02:00,5.6,14.5,4.0,20.2,107.1,72.3,58.9,10.8,4.2,27.5,21.6,76.2,6.4,24.9,10.2,16.1,2.9,20.6,64.7,103.5,53.3,7.2,68.7,8.7,122.3,27.4,25.8,10.6,110.5,14.9,16.0,50.7,8.4,37.2,34.3,31.7,26.5,10.7,4.6,15.8,9.8,4.0
2017-06-01 10:00:00+02:00,5.6,14.5,4.0,20.2,107.2,72.3,59.0,10.8,4.2,27.4,21.7,76.2,6.4,24.9,10.3,16.1,2.9,20.7,64.7,103.6,53.3,7.2,68.7,8.7,122.3,27.5,25.7,10.5,110.6,15.0,16.0,50.7,8.4,36.7,33.7,31.1,26.4,10.6,4.5,15.8,9.9,4.0
2017-06-01 10:01:00+02:00,5.6,14.6,4.0,20.3,107.7,72.7,59.3,10.9,4.2,27.5,21.7,76.6,6.5,25.1,10.3,16.2,3.0,20.9,65.0,104.1,53.6,7.2,69.1,8.7,122.9,27.6,25.9,10.6,111.1,15.1,16.1,51.0,8.4,36.9,33.9,31.3,26.5,10.6,4.5,15.9,9.9,4.1
2017-06-01 10:02:00+02:00,5.6,14.5,4.0,20.2,107.7,72.7,59.3,10.9,4.2,27.4,21.7,76.6,6.5,25.1,10.4,16.1,3.0,20.9,65.0,104.1,53.6,7.2,69.0,8.7,122.9,27.6,25.8,10.6,111.1,15.1,16.2,50.9,8.4,37.0,34.0,31.4,26.5,10.6,4.5,15.9,9.9,4.1
2017-06-01 10:03:00+02:00,5.6,14.6,4.0,20.4,108.2,73.0,59.4,10.9,4.2,27.6,21.9,76.9,6.6,25.2,10.4,16.3,3.0,20.9,65.2,104.5,53.7,7.2,69.3,8.8,123.4,27.8,25.9,10.7,111.6,15.2,16.3,51.1,8.4,38.1,35.1,32.5,26.7,10.7,4.5,16.0,10.0,4.1
2017-06-01 10:04:00+02:00,5.6,14.7,4.0,20.4,108.6,73.2,59.6,10.9,4.3,27.8,21.9,77.1,6.5,25.3,10.4,16.4,2.9,20.9,65.4,104.9,53.9,7.2,69.5,8.8,123.9,27.9,26.0,10.7,112.0,15.1,16.3,51.2,8.5,37.9,34.9,32.3,26.9,10.8,4.6,16.1,10.0,4.1
2017-06-01 10:05:00+02:00,5.6,14.7,4.0,20.4,107.9,72.7,59.2,10.5,4.2,27.8,21.9,76.6,6.1,24.8,10.4,16.3,2.4,20.5,65.0,104.3,53.5,7.2,69.0,8.8,123.2,27.8,25.9,10.7,111.3,14.7,16.2,50.8,8.4,37.5,34.5,31.8,26.7,10.8,4.7,15.9,9.8,4.0
2017-06-01 10:06:00+02:00,5.6,14.7,4.0,20.4,108.3,73.0,59.4,10.6,4.3,27.8,21.9,77.0,6.2,25.0,10.4,16.4,2.6,20.6,65.2,104.7,53.7,7.2,69.3,8.8,123.6,27.8,26.0,10.7,111.7,14.8,16.3,51.0,8.5,37.5,34.5,31.8,26.7,10.8,4.7,15.9,9.8,4.0
2017-06-01 10:07:00+02:00,5.7,14.9,4.1,20.7,109.1,73.4,59.6,10.2,4.4,28.1,22.2,77.3,5.8,24.7,10.6,16.5,2.1,20.3,65.5,105.4,53.8,7.3,69.6,9.0,124.8,28.2,26.3,10.9,112.7,14.5,16.5,51.0,8.6,38.1,35.1,32.3,27.1,11.0,4.8,16.0,9.9,4.0
2017-06-01 10:08:00+02:00,5.7,14.9,4.1,20.7,109.8,74.0,60.2,10.7,4.3,28.2,22.2,78.0,6.2,25.2,10.6,16.7,2.5,20.8,66.1,106.1,54.3,7.3,70.2,9.0,125.5,28.2,26.4,11.0,113.4,14.9,16.5,51.6,8.5,38.0,35.0,32.2,27.2,11.0,4.8,16.1,10.0,4.0
2017-06-01 10:09:00+02:00,5.7,14.5,4.1,20.3,110.3,74.4,60.5,11.2,3.9,28.4,22.3,78.4,6.7,25.8,10.6,16.8,3.1,21.4,66.4,106.6,54.6,7.4,70.6,9.0,126.1,28.3,26.0,11.0,114.0,15.5,16.6,51.8,8.2,38.7,35.6,32.9,27.8,11.5,5.3,16.3,10.1,4.1
2017-06-01 10:10:00+02:00,5.7,14.5,4.1,20.3,110.1,74.1,60.3,11.0,3.9,28.5,22.3,78.1,6.5,25.5,10.6,16.8,2.8,21.1,66.2,106.3,54.3,7.4,70.3,9.1,125.9,28.3,26.0,11.1,113.7,15.2,16.6,51.5,8.2,39.6,36.5,33.7,28.8,12.4,6.2,16.3,10.2,4.1
2017-06-01 10:11:00+02:00,5.8,14.5,4.1,20.3,110.3,74.2,60.4,10.9,4.0,28.7,22.4,78.2,6.5,25.5,10.7,16.9,2.8,21.1,66.3,106.5,54.4,7.4,70.4,9.2,126.1,28.4,26.1,11.2,114.0,15.2,16.6,51.6,8.2,39.0,35.9,33.1,28.9,12.5,6.2,16.4,10.2,4.1
2017-06-01 10:12:00+02:00,5.8,15.1,4.1,21.0,112.2,75.7,61.7,11.4,4.4,29.0,22.6,79.7,6.9,26.1,10.7,17.1,3.2,21.6,67.6,108.3,55.7,7.4,71.8,9.2,128.1,28.7,26.8,11.3,115.9,15.7,16.7,52.9,8.7,39.1,35.9,33.1,29.3,12.6,6.3,16.6,10.4,4.2
2017-06-01 10:13:00+02:00,5.8,15.1,4.1,21.0,112.4,75.7,61.7,11.3,4.4,29.1,22.7,79.8,6.9,26.0,10.8,17.2,3.1,21.6,67.7,108.5,55.7,7.5,71.9,9.3,128.4,28.8,26.8,11.4,116.1,15.6,16.8,52.8,8.7,39.2,36.1,33.3,29.0,12.3,5.9,16.7,10.4,4.2
2017-06-01 10:14:00+02:00,5.9,15.2,4.2,21.1,113.1,76.1,62.1,11.3,4.5,29.4,22.9,80.3,6.8,26.1,10.9,17.4,3.0,21.6,68.1,109.2,56.0,7.5,72.3,9.3,129.1,29.1,27.0,11.5,116.8,15.6,16.9,53.1,8.7,40.6,37.5,34.6,29.0,12.2,5.8,16.8,10.5,4.2
2017-06-01 10:15:00+02:00,5.9,15.1,4.2,21.1,113.1,76.2,62.2,11.3,4.4,29.4,22.8,80.3,6.8,26.0,10.9,17.5,3.1,21.6,68.1,109.2,56.1,7.5,72.3,9.3,129.1,29.0,27.2,11.7,116.8,15.6,17.0,53.2,8.7,40.4,37.3,34.4,28.7,11.9,5.5,16.8,10.4,4.2
2017-06-01 10:16:00+02:00,5.8,15.1,4.1,21.0,112.7,75.9,61.9,11.2,4.4,29.2,22.8,79.9,6.8,25.9,10.9,17.3,3.0,21.5,67.9,108.8,55.9,7.5,72.1,9.3,128.7,29.0,27.1,11.6,116.4,15.5,16.9,53.0,8.6,40.4,37.3,34.4,28.7,12.0,5.6,16.7,10.4,4.2
2017-06-01 10:17:00+02:00,5.9,15.2,4.2,21.2,113.5,76.5,62.4,11.3,4.4,29.6,23.0,80.5,6.8,26.1,11.0,17.6,3.1,21.7,68.4,109.6,56.3,7.5,72.6,9.4,129.7,29.2,27.3,11.8,117.2,15.7,17.1,53.4,8.7,40.7,37.6,34.6,28.9,12.2,5.7,16.7,10.4,4.2
2017-06-01 10:18:00+02:00,5.9,15.2,4.2,21.2,113.7,76.6,62.6,11.5,4.4,29.7,23.0,80.7,7.0,26.3,11.0,17.7,3.3,21.9,68.6,109.8,56.5,7.6,72.8,9.3,129.9,29.2,27.3,11.8,117.4,15.8,17.1,53.6,8.7,40.6,37.4,34.5,28.7,12.1,5.7,16.6,10.3,4.1
2017-06-01 10:19:00+02:00,5.9,15.3,4.2,21.3,114.3,77.1,63.0,11.6,4.4,29.8,23.1,81.1,7.1,26.5,11.0,17.8,3.4,22.0,69.0,110.4,56.8,7.6,73.2,9.4,130.6,29.3,27.4,11.8,118.0,16.0,17.2,53.9,8.7,40.8,37.7,34.7,29.0,12.4,5.9,16.6,10.3,4.1
2017-06-01 10:20:00+02:00,5.9,15.3,4.2,21.3,114.4,77.2,63.1,11.7,4.5,29.8,23.1,81.3,7.2,26.6,11.1,17.8,3.4,22.1,69.1,110.5,57.0,7.6,73.3,9.4,130.7,29.4,27.4,11.8,118.2,16.0,17.1,54.0,8.8,41.0,37.7,34.8,29.0,12.4,5.9,16.6,10.3,4.1
2017-06-01 10:21:00+02:00,5.9,15.3,4.2,21.3,114.5,77.3,63.1,11.8,4.4,29.9,23.1,81.3,7.3,26.6,11.1,17.8,3.5,22.2,69.2,110.6,57.0,7.6,73.4,9.4,130.8,29.4,27.4,11.9,118.3,16.1,17.2,54.1,8.8,41.1,37.9,34.9,29.1,12.5,6.0,16.6,10.3,4.1
2017-06-01 10:22:00+02:00,5.9,15.3,4.2,21.4,114.8,77.5,63.3,11.7,4.4,30.0,23.2,81.5,7.3,26.7,11.1,17.9,3.5,22.2,69.4,110.9,57.2,7.6,73.6,9.4,131.2,29.5,27.5,11.9,118.6,16.1,17.2,54.2,8.8,41.3,38.1,35.1,29.3,12.6,6.1,16.7,10.3,4.1
2017-06-01 10:23:00+02:00,5.9,15.4,4.2,21.4,114.4,77.0,62.8,11.0,4.5,30.2,23.2,81.1,6.6,26.0,11.1,18.0,2.8,21.5,68.9,110.5,56.6,7.6,73.1,9.5,130.8,29.5,27.7,12.1,118.2,15.4,17.2,53.7,8.8,41.2,37.9,35.0,29.1,12.4,5.9,16.6,10.3,4.1
2017-06-01 10:24:00+02:00,5.9,15.5,4.2,21.5,114.1,76.5,62.2,10.4,4.5,30.5,23.4,80.6,6.0,25.3,11.1,18.3,2.1,20.8,68.3,110.2,56.0,7.7,72.6,9.7,130.5,29.7,27.7,12.3,117.9,14.8,17.3,53.0,8.8,41.7,38.4,35.4,29.4,12.7,6.1,16.8,10.4,4.2
2017-06-01 10:25:00+02:00,6.0,15.5,4.2,21.6,114.5,76.7,62.4,10.5,4.5,30.7,23.5,80.8,6.0,25.4,11.2,18.4,2.2,20.9,68.5,110.6,56.2,7.7,72.8,9.8,131.0,29.8,27.8,12.3,118.3,14.9,17.4,53.2,8.8,41.9,38.6,35.5,29.6,12.8,6.2,16.8,10.4,4.2
2017-06-01 10:26:00+02:00,6.0,15.5,4.2,21.6,114.8,76.9,62.6,10.5,4.5,30.9,23.6,81.1,6.0,25.4,11.2,18.6,2.2,20.9,68.7,110.9,56.3,7.7,72.9,9.8,131.4,29.9,27.9,12.4,118.6,14.9,17.5,53.3,8.8,41.8,38.5,35.5,29.6,12.7,6.1,16.9,10.5,4.2
2017-06-01 10:27:00+02:00,6.1,15.5,4.2,21.6,115.0,77.0,62.6,10.6,4.5,31.1,23.6,81.2,6.1,25.4,11.3,18.7,2.2,20.9,68.8,111.1,56.4,7.7,73.0,9.9,131.6,30.0,27.9,12.5,118.8,14.9,17.5,53.3,8.8,42.0,38.6,35.6,29.6,12.7,6.1,16.9,10.5,4.2
2017-06-01 10:28:00+02:00,6.0,15.3,4.2,21.4,114.5,76.9,62.6,11.0,4.4,30.8,23.4,81.0,6.6,25.8,11.1,18.5,2.8,21.4,68.7,110.6,56.4,7.7,72.9,9.8,130.9,29.7,27.6,12.4,118.3,15.4,17.4,53.4,8.7,41.7,38.4,35.4,29.5,12.8,6.2,16.8,10.4,4.1
2017-06-01 10:29:00+02:00,6.1,15.4,4.2,21.6,116.5,78.4,64.0,12.1,4.5,31.3,23.7,82.6,7.6,26.8,11.3,18.8,3.7,22.3,70.2,112.6,57.7,7.8,74.4,9.9,133.2,30.1,27.9,12.7,120.4,16.2,17.6,54.7,8.8,42.3,38.9,35.8,29.9,12.9,6.2,17.0,10.5,4.2
2017-06-01 10:30:00+02:00,6.1,15.5,4.2,21.7,117.1,78.8,64.3,12.1,4.5,31.5,23.9,83.0,7.6,27.0,11.5,19.1,3.6,22.5,70.5,113.2,58.0,7.9,74.8,10.0,133.9,30.4,28.0,12.9,121.0,16.4,17.8,55.0,8.8,42.6,39.2,36.1,30.0,13.0,6.3,17.0,10.6,4.2
2017-06-01 10:31:00+02:00,6.1,15.5,4.2,21.7,117.4,79.0,64.5,12.1,4.5,31.6,24.0,83.1,7.6,27.1,11.5,19.1,3.7,22.6,70.7,113.4,58.2,7.9,75.0,10.0,134.1,30.4,28.0,13.0,121.2,16.5,17.8,55.1,8.8,42.3,38.9,35.8,30.0,13.0,6.3,17.0,10.6,4.2
2017-06-01 10:32:00+02:00,6.1,15.5,4.3,21.7,117.7,79.2,64.7,12.1,4.5,31.7,24.0,83.4,7.6,27.2,11.5,19.2,3.7,22.7,70.9,113.7,58.4,7.9,75.2,10.0,134.5,30.5,28.1,13.0,121.6,16.5,17.9,55.3,8.8,42.3,38.9,35.8,30.0,13.0,6.2,17.1,10.6,4.2
2017-06-01 10:33:00+02:00,6.2,15.7,4.3,21.9,118.6,79.8,65.2,12.2,4.5,31.9,24.2,84.0,7.7,27.3,11.6,19.3,3.7,22.8,71.4,114.6,58.8,7.9,75.7,10.1,135.6,30.8,28.3,13.1,122.5,16.6,18.0,55.7,8.9,42.3,38.8,35.7,30.4,13.1,6.3,17.3,10.8,4.3
2017-06-01 10:34:00+02:00,6.2,15.7,4.3,22.0,119.1,80.1,65.5,12.2,4.5,32.0,24.3,84.3,7.7,27.5,11.7,19.4,3.7,22.9,71.7,115.0,59.1,8.0,76.1,10.1,136.1,30.8,28.4,13.1,123.0,16.7,18.1,55.9,8.9,43.1,39.6,36.4,30.5,13.1,6.4,17.3,10.8,4.3
2017-06-01 10:35:00+02:00,6.2,15.7,4.3,22.0,119.1,80.1,65.4,12.2,4.5,32.0,24.3,84.3,7.7,27.4,11.7,19.4,3.7,22.8,71.7,115.0,59.0,8.0,76.0,10.1,136.0,30.9,28.4,13.1,123.0,16.6,18.1,55.8,8.9,43.3,39.9,36.7,30.5,13.1,6.4,17.3,10.8,4.3
2017-06-01 10:36:00+02:00,6.2,15.8,4.3,22.1,119.4,80.4,65.7,12.3,4.5,32.2,24.4,84.6,7.8,27.6,11.7,19.5,3.8,23.0,72.0,115.4,59.3,8.0,76.3,10.1,136.5,30.9,28.5,13.2,123.4,16.7,18.1,56.1,8.9,43.5,40.0,36.8,30.6,13.2,6.4,17.4,10.8,4.3
2017-06-01 10:37:00+02:00,6.2,15.8,4.3,22.1,119.3,80.2,65.5,12.1,4.6,32.2,24.4,84.4,7.7,27.3,11.7,19.6,3.7,22.8,71.8,115.2,59.1,8.0,76.2,10.1,136.3,30.9,28.6,13.2,123.3,16.5,18.1,55.9,8.9,43.5,40.0,36.8,30.6,13.2,6.4,17.4,10.8,4.3
2017-06-01 10:38:00+02:00,6.2,15.8,4.3,22.1,119.2,80.2,65.5,12.0,4.6,32.0,24.4,84.3,7.7,27.3,11.7,19.5,3.8,22.7,71.8,115.1,59.1,8.0,76.1,10.0,135.9,30.9,28.6,13.2,123.2,16.4,18.2,55.9,8.9,43.5,40.0,36.8,30.6,13.2,6.4,17.4,10.8,4.3
2017-06-01 10:39:00+02:00,6.2,15.8,4.3,22.2,119.5,80.5,65.7,12.0,4.6,31.6,24.4,84.6,7.7,27.4,11.7,19.0,3.7,22.8,72.0,115.5,59.3,8.0,76.4,9.6,136.1,31.0,28.7,12.7,123.4,16.5,18.2,56.1,9.0,43.7,40.1,36.9,30.6,13.2,6.4,17.4,10.9,4.3
2017-06-01 10:40:00+02:00,6.2,15.9,4.3,22.3,119.9,80.8,66.0,12.1,4.6,32.1,24.4,85.0,7.7,27.5,11.6,19.3,3.8,22.9,72.3,115.8,59.6,8.0,76.7,9.9,136.6,31.0,28.8,13.0,123.9,16.5,18.1,56.3,9.0,43.9,40.4,37.1,30.8,13.3,6.4,17.5,10.9,4.3
2017-06-01 10:41:00+02:00,6.3,16.0,4.3,22.4,120.4,81.2,66.3,12.1,4.6,31.9,24.5,85.3,7.8,27.6,11.7,19.1,3.8,23.1,72.7,116.3,59.8,8.0,77.0,9.8,137.2,31.1,28.9,12.8,124.4,16.6,18.2,56.6,9.0,44.1,40.6,37.3,31.0,13.4,6.5,17.6,11.0,4.3
2017-06-01 10:42:00+02:00,6.3,15.9,4.3,22.2,119.9,80.7,65.9,12.1,4.6,31.9,24.6,84.8,7.8,27.5,11.7,19.2,3.8,22.9,72.2,115.8,59.5,8.1,76.5,9.8,136.7,31.2,28.8,12.8,123.9,16.5,18.2,56.2,8.9,44.1,40.5,37.2,31.0,13.3,6.5,17.6,10.9,4.3
2017-06-01 10:43:00+02:00,6.3,15.9,4.3,22.3,120.4,81.1,66.3,12.3,4.5,32.3,24.6,85.2,8.0,27.7,11.7,19.5,3.9,23.2,72.7,116.4,59.9,8.1,76.9,10.1,137.3,31.2,28.9,13.1,124.4,16.7,18.3,56.6,9.0,44.0,40.4,37.1,30.9,13.2,6.3,17.7,11.0,4.3
2017-06-01 10:44:00+02:00,6.3,15.9,4.3,22.3,120.3,80.9,66.2,12.2,4.5,32.2,24.6,85.1,7.9,27.7,11.7,19.4,3.9,23.1,72.5,116.2,59.8,8.1,76.8,10.0,137.0,31.2,28.9,13.0,124.2,16.7,18.2,56.5,9.0,42.7,39.1,35.9,29.6,12.0,5.2,17.7,10.9,4.3
2017-06-01 10:45:00+02:00,6.4,16.0,4.4,22.4,120.8,81.1,66.3,12.0,4.6,32.6,24.8,85.3,7.7,27.4,11.9,19.7,3.6,22.9,72.6,116.6,59.8,8.1,76.9,10.0,137.5,31.5,29.0,13.3,124.6,16.4,18.5,56.5,9.0,42.4,38.8,35.5,29.5,11.7,4.9,17.8,11.0,4.4
2017-06-01 10:46:00+02:00,6.4,16.0,4.4,22.4,120.6,81.0,66.1,12.0,4.5,32.6,24.8,85.2,7.7,27.4,11.9,19.7,3.6,22.9,72.5,116.5,59.6,8.1,76.8,10.0,137.4,31.5,28.9,13.3,124.6,16.4,18.4,56.3,9.0,42.6,39.0,35.6,29.5,11.7,4.9,17.8,11.0,4.4
2017-06-01 10:47:00+02:00,6.3,15.9,4.3,22.2,119.9,80.4,65.6,11.7,4.5,32.3,24.7,84.6,7.4,27.1,11.8,19.5,3.4,22.5,72.0,115.8,59.1,8.1,76.3,10.0,136.6,31.3,28.8,13.2,123.9,16.1,18.4,55.8,9.0,42.3,38.7,35.4,29.3,11.6,4.8,17.6,10.9,4.3
2017-06-01 10:48:00+02:00,6.3,15.9,4.3,22.2,120.1,80.7,65.9,12.0,4.5,32.3,24.6,84.9,7.7,27.3,11.8,19.5,3.6,22.8,72.2,116.1,59.3,8.1,76.5,10.0,136.9,31.3,28.7,13.2,124.1,16.4,18.3,56.1,8.9,43.6,40.1,36.7,30.5,12.9,6.1,17.6,10.9,4.3
2017-06-01 10:49:00+02:00,6.4,15.9,4.3,22.3,120.7,81.1,66.2,12.2,4.5,32.5,24.8,85.3,7.9,27.6,11.9,19.6,3.9,23.0,72.6,116.6,59.6,8.1,77.0,10.0,137.5,31.4,28.8,13.3,124.7,16.6,18.4,56.3,8.9,43.8,40.2,36.9,30.6,13.0,6.2,17.7,10.9,4.3
2017-06-01 10:50:00+02:00,6.3,15.6,4.3,22.0,118.7,79.7,65.0,11.8,4.4,31.9,24.4,83.8,7.9,26.9,11.7,19.3,3.9,22.4,71.3,114.7,58.6,8.0,75.6,9.9,135.2,31.0,28.4,13.1,122.6,16.1,18.1,55.3,8.8,43.0,39.4,36.2,30.1,12.7,6.0,17.4,10.7,4.2
2017-06-01 10:51:00+02:00,6.3,15.7,4.3,22.1,119.4,79.9,65.1,11.8,4.4,32.3,24.7,84.1,7.9,27.1,11.8,19.6,3.9,22.6,71.5,115.3,58.6,8.0,75.8,10.1,136.0,31.3,28.6,13.3,123.3,16.2,18.3,55.7,8.8,43.4,39.9,36.5,30.5,12.9,6.1,17.5,10.8,4.2
2017-06-01 10:52:00+02:00,6.3,15.8,4.3,22.2,119.6,80.0,65.2,12.1,4.4,32.4,24.8,84.2,7.9,27.4,11.8,19.6,3.9,22.9,71.6,115.5,58.6,8.1,75.8,10.1,136.3,31.5,28.7,13.3,123.5,16.5,18.4,56.1,8.9,43.6,40.0,36.6,30.4,12.9,6.1,17.5,10.9,4.2
2017-06-01 10:53:00+02:00,6.4,15.8,4.3,22.2,121.2,81.4,66.6,12.4,4.4,32.6,24.8,85.7,7.9,27.7,11.9,19.7,4.0,23.2,73.0,117.1,60.0,8.1,77.3,10.1,138.1,31.6,28.8,13.4,125.2,16.8,18.4,56.5,8.9,43.9,40.2,36.9,30.6,13.0,6.2,17.6,10.9,4.3
2017-06-01 10:54:00+02:00,6.4,15.8,4.3,22.2,121.3,81.5,66.6,12.4,4.4,32.6,24.9,85.7,7.9,27.7,11.9,19.7,4.0,23.1,73.0,117.2,60.0,8.1,77.4,10.1,138.2,31.6,28.9,13.3,125.2,16.7,18.5,56.5,8.9,42.6,39.0,35.6,29.4,11.8,4.9,17.6,10.9,4.3
2017-06-01 10:55:00+02:00,6.4,15.8,4.3,22.2,120.9,81.2,66.4,12.3,4.5,32.6,24.8,85.4,7.8,27.5,11.8,19.6,3.9,23.0,72.8,116.8,59.9,8.1,77.1,10.0,137.9,31.5,28.8,13.3,124.9,16.6,18.4,56.3,8.9,42.6,38.9,35.6,29.3,11.8,5.0,17.6,10.9,4.2
2017-06-01 10:56:00+02:00,6.4,15.9,4.3,22.3,121.6,81.6,66.7,12.4,4.5,32.7,25.0,85.8,7.9,27.7,11.9,19.6,3.9,23.2,73.1,117.5,60.2,8.1,77.4,10.1,138.6,31.8,28.9,13.3,125.5,16.8,18.6,56.6,8.9,43.0,39.4,36.0,29.6,12.0,5.1,17.7,10.9,4.3
2017-06-01 10:57:00+02:00,6.4,16.0,4.4,22.5,122.8,82.3,67.3,12.5,4.5,32.9,25.4,86.6,8.0,27.9,12.1,19.8,4.0,23.4,73.7,118.6,60.7,8.2,78.1,10.2,139.9,32.2,29.1,13.4,126.7,16.9,18.8,57.1,9.0,44.7,41.1,37.6,31.3,13.5,6.5,17.8,11.0,4.3
2017-06-01 10:58:00+02:00,5.4,15.9,4.3,22.3,122.5,82.1,67.2,12.5,4.5,31.8,25.3,86.4,8.0,27.9,12.0,18.7,4.0,23.4,73.6,118.4,60.5,8.2,78.0,9.2,139.7,32.1,29.0,12.4,126.4,16.9,18.7,56.9,8.9,44.6,40.9,37.5,31.2,13.4,6.5,17.8,11.0,4.3
2017-06-01 10:59:00+02:00,5.9,16.0,4.4,22.5,123.1,82.6,67.5,12.5,4.5,32.4,25.4,86.9,8.0,28.0,12.1,19.2,4.0,23.5,74.0,118.9,60.8,8.2,78.4,9.7,140.4,32.2,29.2,12.9,127.0,16.9,18.8,57.2,8.9,44.8,41.1,37.7,31.4,13.5,6.5,17.9,11.1,4.3
2017-06-01 11:00:00+02:00,6.5,16.1,4.4,22.7,124.1,83.3,68.2,12.6,4.5,33.3,25.5,87.6,8.0,28.2,12.2,19.9,4.0,23.7,74.7,119.9,61.4,8.3,79.1,10.3,141.8,32.4,29.5,13.5,128.1,17.1,19.0,57.8,9.0,44.3,40.5,37.1,31.7,13.6,6.6,18.1,11.2,4.3
2017-06-01 11:01:00+02:00,6.5,16.1,4.4,22.7,124.0,83.2,68.1,12.6,4.5,33.3,25.5,87.6,8.0,28.2,12.2,20.0,4.0,23.6,74.7,119.8,61.4,8.3,79.0,10.3,141.6,32.4,29.5,13.5,128.0,17.1,18.9,57.7,9.0,44.2,40.5,37.0,31.6,13.5,6.5,18.0,11.2,4.3
2017-06-01 11:02:00+02:00,6.5,16.1,4.4,22.7,124.0,83.3,68.1,12.6,4.5,33.2,25.5,87.6,8.1,28.2,12.2,19.9,4.0,23.6,74.7,119.8,61.4,8.3,79.0,10.3,141.6,32.4,29.5,13.5,128.0,17.1,18.9,57.7,9.0,44.2,40.5,37.0,31.5,13.5,6.5,18.0,11.1,4.3
2017-06-01 11:03:00+02:00,6.6,16.2,4.4,22.9,125.1,83.9,68.7,12.7,4.6,33.5,25.8,88.3,8.1,28.4,12.3,20.1,4.1,23.8,75.3,120.8,61.9,8.4,79.7,10.4,142.9,32.7,29.8,13.7,129.1,17.2,19.1,58.2,9.0,44.7,41.0,37.4,31.8,13.6,6.6,18.2,11.2,4.3
2017-06-01 11:04:00+02:00,6.5,16.1,4.4,22.7,124.5,83.6,68.4,12.7,4.5,33.3,25.7,87.9,8.1,28.3,12.2,20.0,4.1,23.7,75.0,120.3,61.6,8.3,79.3,10.4,142.3,32.5,29.6,13.6,128.5,17.1,19.1,57.9,9.0,44.6,40.8,37.2,31.7,13.6,6.5,18.1,11.2,4.3
2017-06-01 11:05:00+02:00,6.5,16.1,4.4,22.7,124.0,83.2,68.1,12.6,4.5,33.3,25.6,87.5,8.1,28.2,12.2,19.9,4.0,23.7,74.7,119.8,61.3,8.3,79.0,10.3,141.7,32.5,29.5,13.6,128.1,17.1,19.0,57.7,9.0,44.4,40.6,37.1,31.6,13.5,6.5,18.0,11.1,4.3
2017-06-01 11:06:00+02:00,6.5,16.1,4.4,22.7,123.9,83.1,67.9,12.6,4.5,33.3,25.7,87.3,8.1,28.3,12.2,19.9,4.0,23.8,74.5,119.8,61.1,8.3,78.8,10.4,141.7,32.6,29.5,13.6,128.0,17.1,19.1,57.7,9.0,44.6,40.8,37.2,31.7,13.6,6.5,18.1,11.2,4.3
2017-06-01 11:07:00+02:00,6.6,16.1,4.4,22.7,123.8,82.8,67.7,12.3,4.5,33.4,25.7,87.1,8.1,28.0,12.2,20.0,4.1,23.5,74.3,119.6,60.9,8.4,78.6,10.4,141.5,32.6,29.4,13.6,127.8,16.8,19.1,57.4,9.0,44.8,41.0,37.4,31.7,13.6,6.5,18.1,11.2,4.3
2017-06-01 11:08:00+02:00,6.6,16.2,4.4,22.8,124.7,83.5,68.3,12.6,4.5,33.7,25.8,87.8,8.2,28.3,12.3,20.2,4.1,23.8,74.9,120.5,61.4,8.4,79.2,10.5,142.5,32.8,29.6,13.8,128.7,17.1,19.2,57.9,9.0,45.0,41.1,37.6,31.9,13.7,6.6,18.2,11.3,4.3
2017-06-01 11:09:00+02:00,6.6,16.2,4.4,22.8,124.8,83.6,68.4,12.8,4.5,33.9,25.9,87.9,8.3,28.4,12.3,20.4,4.1,23.8,75.0,120.6,61.6,8.4,79.3,10.7,142.6,32.8,29.7,13.9,128.9,17.3,19.2,58.0,9.0,45.0,41.2,37.6,31.9,13.7,6.6,18.2,11.3,4.3
2017-06-01 11:10:00+02:00,6.6,16.2,4.4,22.8,124.7,83.4,68.3,12.8,4.5,33.9,25.9,87.8,8.3,28.3,12.3,20.4,4.1,23.7,74.9,120.5,61.4,8.4,79.2,10.6,142.4,32.8,29.6,13.9,128.7,17.3,19.2,57.9,9.0,45.1,41.2,37.6,32.0,13.7,6.7,18.2,11.3,4.3
2017-06-01 11:11:00+02:00,6.5,16.0,4.4,22.6,123.8,82.8,67.7,12.7,4.4,33.6,25.7,87.2,8.3,28.1,12.2,20.2,4.1,23.6,74.4,119.6,60.9,8.4,78.6,10.5,141.5,32.6,29.3,13.8,127.8,17.2,19.1,57.4,8.9,44.9,41.1,37.5,31.8,13.6,6.6,18.1,11.2,4.3
2017-06-01 11:12:00+02:00,6.4,16.0,4.4,22.6,123.9,83.0,67.9,12.7,4.5,33.6,25.5,87.4,8.3,28.2,12.1,20.2,4.1,23.6,74.5,119.7,61.1,8.2,78.8,10.5,141.5,32.4,29.4,13.7,127.9,17.2,18.9,57.6,8.9,45.8,42.0,38.4,31.8,13.6,6.6,18.2,11.2,4.3
2017-06-01 11:13:00+02:00,6.4,16.0,4.4,22.7,123.3,83.3,68.1,12.7,4.5,33.7,24.7,87.6,8.3,28.2,11.2,20.2,4.1,23.7,74.7,119.1,61.2,7.3,79.0,10.5,141.1,31.7,29.5,13.7,127.4,17.2,18.0,57.8,8.9,46.2,42.4,38.8,32.1,13.9,6.8,18.3,11.2,4.4
2017-06-01 11:14:00+02:00,6.3,16.0,4.4,22.6,123.3,82.9,67.7,12.7,4.5,33.7,25.0,87.2,8.3,28.2,11.5,20.2,4.1,23.7,74.4,119.1,60.9,7.6,78.7,10.4,141.0,32.0,29.4,13.7,127.4,17.2,18.3,57.6,8.9,46.4,42.5,39.0,32.3,14.1,7.0,18.3,11.3,4.4
2017-06-01 11:15:00+02:00,6.4,16.2,4.5,23.0,124.8,83.1,67.8,12.9,4.6,34.2,26.1,87.5,8.4,28.5,12.4,20.5,4.1,24.0,74.5,120.5,60.8,8.4,78.9,10.5,142.8,33.2,30.0,13.9,128.9,17.5,19.3,58.5,9.0,46.0,42.1,38.5,32.9,14.3,7.1,18.6,11.4,4.4
2017-06-01 11:16:00+02:00,6.4,16.2,4.5,23.0,124.5,82.9,67.5,12.6,4.6,34.2,26.1,87.2,8.2,28.2,12.3,20.5,4.1,23.7,74.3,120.3,60.6,8.3,78.6,10.5,142.6,33.2,30.1,14.0,128.7,17.1,19.3,58.3,9.0,46.0,42.1,38.4,32.7,14.1,6.9,18.6,11.5,4.5
2017-06-01 11:17:00+02:00,6.4,16.3,4.5,23.1,123.8,82.7,67.2,12.0,4.6,34.4,25.7,87.0,7.5,27.7,11.8,20.6,4.2,23.2,74.0,119.6,60.3,7.8,78.3,10.5,142.0,32.7,30.2,13.9,128.0,16.6,18.8,57.9,9.1,45.4,41.5,37.8,32.1,13.4,6.2,18.7,11.5,4.5
2017-06-01 11:18:00+02:00,6.4,16.3,4.5,23.2,124.7,83.2,67.8,12.5,4.6,34.5,25.9,87.5,8.1,28.2,12.0,20.7,4.2,23.7,74.5,120.4,60.7,8.0,78.9,10.6,142.8,33.0,30.2,14.0,128.8,17.1,19.0,58.5,9.1,45.9,42.0,38.3,32.6,13.9,6.7,18.7,11.5,4.4
2017-06-01 11:19:00+02:00,6.3,16.3,4.5,23.1,125.3,83.5,68.0,12.6,4.5,34.4,26.3,87.8,8.5,28.4,12.4,20.6,4.2,23.8,74.8,121.0,61.0,8.4,79.1,10.5,143.4,33.4,30.2,13.9,129.4,17.2,19.4,58.6,9.1,46.4,42.5,38.8,33.1,14.4,7.2,18.7,11.5,4.5
2017-06-01 11:20:00+02:00,6.2,16.3,4.5,23.1,125.8,83.9,68.4,13.0,4.5,34.3,26.4,88.2,8.5,28.7,12.5,20.5,4.2,24.1,75.2,121.5,61.4,8.5,79.6,10.4,144.0,33.5,30.1,13.8,130.0,17.5,19.6,58.8,9.0,46.4,42.5,38.8,33.1,14.4,7.2,18.7,11.5,4.4
2017-06-01 11:21:00+02:00,6.2,16.2,4.5,23.0,126.1,84.1,68.7,12.9,4.4,34.2,26.4,88.4,8.5,28.6,12.5,20.5,4.2,24.0,75.4,121.8,61.7,8.5,79.8,10.4,144.3,33.5,30.1,13.8,130.3,17.4,19.6,58.6,9.0,46.4,42.4,38.7,33.0,14.4,7.2,18.7,11.5,4.4
2017-06-01 11:22:00+02:00,6.2,16.3,4.5,23.2,126.5,84.5,69.0,13.0,4.5,34.0,26.5,88.8,8.5,28.7,12.5,20.5,4.2,24.2,75.8,122.2,62.0,8.5,80.2,10.4,144.7,33.6,30.2,13.8,130.7,17.6,19.6,58.9,9.1,46.3,42.4,38.7,33.0,14.3,7.2,18.7,11.5,4.4
2017-06-01 11:23:00+02:00,6.3,16.4,4.5,23.3,126.7,85.2,69.6,13.2,4.6,34.3,25.8,89.6,8.5,29.0,11.7,20.7,4.2,24.4,76.5,122.4,62.5,7.6,80.9,10.4,145.0,33.0,30.4,13.9,130.9,17.7,18.8,59.4,9.1,46.8,42.8,39.0,33.3,14.5,7.2,18.8,11.6,4.4
2017-06-01 11:24:00+02:00,6.3,16.4,4.5,23.3,126.8,85.4,69.8,13.1,4.5,34.0,25.7,89.7,8.5,29.0,11.6,20.4,4.2,24.4,76.6,122.5,62.7,7.5,81.0,10.2,145.0,32.9,30.5,13.7,130.9,17.7,18.8,59.5,9.1,46.8,42.8,39.0,33.3,14.5,7.2,18.8,11.6,4.4
2017-06-01 11:25:00+02:00,6.5,16.5,4.5,23.4,127.9,85.5,69.9,13.1,4.6,34.4,26.6,89.9,8.5,29.1,12.5,20.7,4.2,24.5,76.8,123.6,62.8,8.4,81.2,10.4,146.1,33.8,30.5,13.9,132.0,17.7,19.7,59.6,9.1,46.9,42.9,39.1,33.4,14.5,7.3,18.9,11.6,4.4
2017-06-01 11:26:00+02:00,6.6,16.4,4.5,23.4,127.7,85.3,69.8,13.1,4.6,34.5,26.7,89.7,8.5,29.0,12.6,20.8,4.2,24.5,76.6,123.4,62.7,8.5,80.9,10.6,145.9,33.9,30.5,14.0,131.8,17.7,19.7,59.6,9.1,46.9,42.9,39.1,33.4,14.5,7.2,18.9,11.6,4.4
2017-06-01 11:27:00+02:00,6.6,16.5,4.5,23.4,127.5,85.4,70.0,13.2,4.6,34.5,26.4,89.8,8.6,29.1,12.3,20.8,4.2,24.5,76.8,123.2,62.9,8.1,81.1,10.5,145.8,33.6,30.6,14.0,131.7,17.7,19.4,59.7,9.1,47.0,43.0,39.3,33.5,14.6,7.3,18.9,11.6,4.5
2017-06-01 11:28:00+02:00,6.5,16.4,4.5,23.4,126.6,85.2,69.9,13.2,4.5,34.4,25.7,89.6,8.6,29.1,11.7,20.7,4.2,24.5,76.7,122.4,62.8,7.5,80.9,10.5,144.8,32.9,30.5,13.9,130.7,17.7,18.8,59.6,9.1,46.8,42.9,39.1,33.3,14.5,7.2,18.8,11.6,4.5
2017-06-01 11:29:00+02:00,6.4,16.4,4.5,23.3,126.5,85.2,69.8,13.2,4.5,34.2,25.7,89.6,8.6,29.1,11.6,20.6,4.3,24.5,76.7,122.3,62.7,7.5,80.9,10.3,144.8,32.8,30.4,13.8,130.7,17.8,18.7,59.5,9.1,46.7,42.8,39.0,33.3,14.5,7.2,18.8,11.6,4.4
2017-06-01 11:30:00+02:00,6.4,16.5,4.5,23.4,127.2,85.2,69.9,13.2,4.6,34.3,26.3,89.6,8.6,29.1,12.3,20.6,4.3,24.6,76.7,123.0,62.8,8.2,80.9,10.4,145.5,33.5,30.5,13.9,131.3,17.8,19.4,59.7,9.1,47.0,43.0,39.3,33.3,14.5,7.2,18.8,11.6,4.4
2017-06-01 11:31:00+02:00,6.4,16.4,4.5,23.3,126.6,84.8,69.5,13.2,4.5,34.2,26.3,89.1,8.6,29.0,12.3,20.7,4.3,24.5,76.3,122.4,62.6,8.2,80.5,10.4,144.9,33.5,30.4,13.9,130.8,17.7,19.4,59.4,9.1,46.8,42.8,39.1,33.1,14.4,7.2,18.7,11.5,4.4
2017-06-01 11:32:00+02:00,6.3,16.2,4.4,23.0,125.4,84.0,68.8,13.1,4.5,33.9,26.1,88.3,8.5,28.7,12.3,20.5,4.3,24.2,75.5,121.3,61.9,8.2,79.7,10.2,143.4,33.2,30.0,13.7,129.6,17.5,19.3,58.7,9.0,46.2,42.3,38.6,32.7,14.2,7.1,18.5,11.4,4.3
2017-06-01 11:33:00+02:00,6.3,16.2,4.4,23.0,125.3,83.9,68.7,13.0,4.5,33.6,26.1,88.2,8.5,28.7,12.3,20.6,4.2,24.2,75.5,121.2,61.9,8.2,79.7,10.2,143.3,33.2,30.0,13.8,129.5,17.5,19.3,58.7,9.0,46.2,42.3,38.5,32.7,14.1,7.0,18.5,11.4,4.3
2017-06-01 11:34:00+02:00,6.4,16.3,4.4,23.1,126.3,84.4,69.1,13.1,4.5,33.4,26.5,88.7,8.6,28.8,12.5,20.7,4.3,24.3,75.8,122.1,62.2,8.4,80.1,10.3,144.4,33.6,30.2,13.9,130.4,17.6,19.6,59.0,9.0,46.5,42.5,38.7,32.8,14.2,7.0,18.6,11.5,4.3
2017-06-01 11:35:00+02:00,6.3,16.1,4.4,22.8,124.4,83.0,67.9,12.5,4.5,33.4,26.2,87.2,8.1,28.1,12.5,20.5,4.2,23.6,74.6,120.3,61.0,8.4,78.8,10.2,142.3,33.2,29.8,13.7,128.5,17.0,19.4,57.9,8.9,45.8,41.9,38.1,32.3,14.0,6.9,18.3,11.3,4.3
2017-06-01 11:36:00+02:00,6.4,16.2,4.4,23.0,125.9,84.0,68.9,12.8,4.5,34.3,26.5,88.3,8.3,28.4,12.6,20.7,4.2,23.9,75.7,121.7,61.8,8.5,79.7,10.3,144.0,33.6,30.1,13.9,130.0,17.2,19.6,58.5,9.0,46.4,42.4,38.6,32.8,14.2,7.0,18.6,11.4,4.3
2017-06-01 11:37:00+02:00,6.4,16.3,4.5,23.3,126.7,84.5,69.4,12.7,4.5,33.3,26.8,88.8,8.3,28.5,12.7,20.9,4.1,23.9,76.2,122.6,62.3,8.6,80.2,10.4,145.0,33.9,30.4,14.0,131.0,17.2,19.8,58.9,9.1,46.9,42.9,39.1,33.1,14.4,7.1,18.8,11.6,4.4
2017-06-01 11:38:00+02:00,6.5,16.4,4.5,23.3,127.2,85.0,69.6,12.8,4.5,32.5,26.7,89.3,8.5,28.6,12.6,20.9,4.2,24.1,76.5,123.0,62.5,8.5,80.6,10.4,145.6,33.9,30.5,14.0,131.4,17.3,19.7,59.1,9.0,46.9,42.9,39.1,33.1,14.3,7.1,18.8,11.5,4.4
2017-06-01 11:39:00+02:00,6.5,16.3,4.4,23.3,126.9,84.7,69.3,12.8,4.5,32.4,26.7,89.0,8.5,28.4,12.6,20.8,4.2,23.8,76.2,122.7,62.3,8.5,80.4,10.4,145.3,33.9,30.5,14.0,131.1,17.3,19.7,58.8,9.0,46.8,42.8,39.0,33.0,14.3,7.1,18.7,11.5,4.4
2017-06-01 11:40:00+02:00,6.8,16.6,4.5,23.6,129.0,86.0,70.6,13.0,4.6,33.2,27.2,90.3,8.7,29.1,12.8,21.4,4.3,24.5,77.4,124.6,63.5,8.7,81.6,10.8,147.7,34.4,30.9,14.4,133.3,17.5,20.1,60.0,9.1,47.6,43.6,39.7,33.6,14.6,7.2,19.0,11.7,4.4
2017-06-01 11:41:00+02:00,7.0,16.6,4.5,22.9,128.3,85.5,69.9,13.0,4.6,33.4,27.1,89.8,8.7,29.1,12.8,21.6,4.3,24.5,76.9,124.0,62.8,8.7,81.1,11.0,147.0,34.4,30.2,14.6,132.6,17.5,20.0,59.3,9.1,47.5,43.5,39.5,33.5,14.5,7.2,19.0,11.7,4.4
2017-06-01 11:42:00+02:00,7.0,16.5,4.5,23.3,128.5,85.9,70.3,13.0,4.6,33.4,26.9,90.2,8.7,29.1,12.7,21.6,4.3,24.5,77.3,124.2,63.3,8.5,81.5,11.0,147.2,34.2,30.6,14.7,132.8,17.5,19.9,59.7,9.1,47.3,43.3,39.4,33.3,14.3,7.2,19.0,11.7,4.4
2017-06-01 11:43:00+02:00,7.1,16.5,4.5,23.3,129.5,86.5,70.8,13.1,4.6,33.5,27.1,90.9,8.8,29.4,12.8,21.6,4.4,24.8,77.9,125.2,63.7,8.6,82.1,11.1,148.3,34.5,30.7,14.6,133.9,17.7,20.1,60.1,9.0,47.8,43.7,39.8,33.6,14.5,7.4,19.1,11.8,4.5
2017-06-01 11:44:00+02:00,7.1,16.6,4.6,23.2,129.9,86.6,71.0,13.2,4.6,33.6,27.3,91.1,8.8,29.5,12.8,21.6,4.4,24.9,78.0,125.5,63.8,8.6,82.2,11.2,148.5,34.6,30.6,14.6,134.2,17.8,20.2,60.1,9.1,48.1,44.0,40.0,33.8,14.6,7.5,19.2,11.8,4.5
2017-06-01 11:45:00+02:00,7.1,16.5,4.5,23.5,129.4,86.4,70.8,13.1,4.6,33.7,27.1,90.8,8.8,29.3,12.8,20.8,4.4,24.7,77.8,125.0,63.6,8.5,82.0,11.1,148.0,34.5,30.7,13.8,133.7,17.6,20.1,60.0,9.1,48.2,44.1,40.1,33.5,14.5,7.4,19.0,11.7,4.4
2017-06-01 11:46:00+02:00,7.2,16.7,4.6,23.7,130.7,87.2,71.5,13.2,4.6,35.3,27.5,91.7,8.9,29.5,12.9,21.1,4.4,24.9,78.6,126.3,64.2,8.6,82.8,11.3,149.6,34.9,31.0,14.0,135.1,17.8,20.3,60.6,9.1,47.8,43.6,39.6,32.9,14.7,7.5,18.3,10.9,3.5
2017-06-01 11:47:00+02:00,6.9,16.2,4.4,23.1,127.3,85.0,69.6,12.9,4.5,34.1,26.7,89.3,8.6,28.8,12.5,20.3,4.3,24.3,76.5,123.0,62.6,8.4,80.7,10.9,145.5,33.9,30.2,13.3,131.5,17.4,19.7,59.0,8.9,46.9,42.9,39.0,32.3,14.2,7.3,18.1,11.0,3.8
2017-06-01 11:48:00+02:00,6.9,16.1,4.4,22.9,126.0,84.1,69.0,12.8,4.5,33.8,26.5,88.4,8.5,28.5,12.4,20.0,4.3,24.1,75.8,121.8,62.0,8.3,79.8,10.9,144.1,33.6,29.9,13.1,130.2,17.2,19.5,58.5,8.8,46.9,42.9,39.1,32.4,14.1,7.2,18.3,11.3,4.2
2017-06-01 11:49:00+02:00,5.7,13.5,3.7,19.3,104.9,70.1,58.0,10.7,3.8,29.1,22.0,73.7,7.2,24.1,10.4,17.7,3.6,20.3,63.7,101.4,52.1,6.9,66.5,8.9,119.7,27.9,25.2,12.0,108.4,14.5,16.3,49.3,7.5,38.3,35.0,31.8,26.4,11.2,5.5,15.2,9.4,3.5
2017-06-01 11:50:00+02:00,5.3,12.6,3.5,17.9,97.9,65.5,53.6,10.0,3.5,27.2,20.4,68.8,6.7,22.4,9.6,16.5,3.4,18.8,59.0,94.5,48.2,6.5,62.1,8.3,111.7,25.9,23.4,11.2,101.1,13.5,15.1,45.8,7.0,35.2,32.1,29.2,24.6,10.5,5.2,14.1,8.7,3.2
2017-06-01 11:51:00+02:00,6.2,14.5,4.0,20.6,111.0,72.9,59.6,11.5,4.0,32.1,23.9,76.9,7.7,25.7,11.3,19.6,3.9,21.7,65.8,107.1,53.3,7.6,69.0,9.8,127.6,30.4,27.0,13.3,114.9,15.5,17.7,52.7,8.0,40.7,37.0,33.5,29.0,12.4,6.3,16.6,10.2,3.8
2017-06-01 11:52:00+02:00,7.1,16.2,4.5,23.2,124.6,81.5,66.6,12.1,4.5,36.3,27.0,85.9,7.8,28.0,12.7,22.1,4.2,23.5,73.5,120.2,59.4,8.5,77.1,11.1,143.5,34.4,30.4,15.0,128.9,16.6,19.9,58.4,8.9,47.0,42.9,38.9,33.0,14.2,7.2,18.8,11.6,4.3
2017-06-01 11:53:00+02:00,7.2,16.6,4.6,23.7,128.3,84.5,69.1,12.7,4.5,37.1,27.5,89.0,8.1,28.9,13.0,22.6,4.3,24.4,76.1,123.9,61.8,8.7,80.0,11.4,147.6,35.0,31.1,15.4,132.8,17.3,20.3,60.0,9.1,48.0,43.8,39.8,33.8,14.6,7.4,19.2,11.8,4.4
2017-06-01 11:54:00+02:00,7.1,16.6,4.6,23.7,129.8,86.1,70.9,13.2,4.5,37.0,27.5,90.6,8.6,29.4,12.9,22.6,4.3,24.9,78.0,125.4,63.7,8.7,82.1,11.5,148.9,34.9,31.0,15.4,134.2,17.7,20.3,60.5,9.1,47.6,43.4,39.4,33.4,14.3,7.2,19.1,11.7,4.3
2017-06-01 11:55:00+02:00,7.1,16.7,4.6,23.8,129.6,86.0,71.2,13.3,4.6,37.1,27.5,90.4,8.7,29.5,13.0,22.6,4.4,25.0,78.1,125.2,63.9,8.7,81.8,11.5,148.7,35.0,31.1,15.4,134.0,17.8,20.3,60.7,9.2,47.3,43.1,39.1,33.6,14.4,7.3,19.2,11.8,4.3
2017-06-01 11:56:00+02:00,7.2,16.6,4.5,23.6,129.4,85.9,70.6,13.2,4.5,37.0,27.4,90.4,8.6,29.5,12.9,22.6,4.4,24.9,77.5,125.0,63.4,8.6,81.8,11.6,148.3,34.8,31.0,15.5,133.8,17.8,20.2,60.4,9.1,47.3,43.2,39.1,33.4,14.3,7.2,19.1,11.7,4.3
2017-06-01 11:57:00+02:00,7.2,16.7,4.5,23.7,129.9,86.2,70.8,13.3,4.6,37.0,27.6,90.6,8.7,29.5,13.1,22.5,4.4,25.0,77.7,125.5,63.5,8.8,82.0,11.5,148.9,35.0,31.1,15.4,134.3,17.8,20.4,60.6,9.2,47.4,43.2,39.2,33.4,14.4,7.3,19.0,11.7,4.3
2017-06-01 11:58:00+02:00,7.2,16.7,4.5,23.7,130.5,86.6,71.0,13.3,4.6,37.0,27.7,91.1,8.7,29.6,13.1,22.5,4.4,25.1,77.9,126.1,63.7,8.8,82.4,11.5,148.8,35.1,31.1,15.4,134.2,17.9,20.4,60.8,9.2,47.9,43.7,39.7,33.6,14.6,7.5,19.0,11.7,4.3
2017-06-01 11:59:00+02:00,7.2,16.8,4.5,23.7,130.6,86.6,71.2,13.4,4.6,37.2,27.8,91.1,8.8,29.8,13.2,22.7,4.5,25.2,78.2,126.2,63.8,8.9,82.2,11.5,149.0,35.2,31.2,15.5,134.3,18.0,20.5,61.0,9.2,48.1,43.9,39.8,33.8,14.7,7.5,19.1,11.8,4.3
2017-06-01 12:00:00+02:00,7.1,16.8,4.6,23.7,129.6,85.8,71.1,13.3,4.6,37.1,27.7,90.2,8.7,29.7,13.1,22.6,4.4,25.1,78.0,125.2,63.7,8.9,81.4,11.5,148.6,35.1,31.2,15.4,133.9,17.9,20.5,60.9,9.2,49.5,45.2,41.1,33.8,14.7,7.5,19.1,11.8,4.4
2017-06-01 12:01:00+02:00,7.1,16.7,4.5,23.5,129.6,86.0,70.5,13.1,4.6,37.0,27.6,90.4,8.5,29.4,13.0,22.5,4.1,24.8,77.4,125.2,63.2,8.8,81.6,11.4,148.5,34.9,31.0,15.3,133.9,17.6,20.4,60.3,9.2,49.3,45.1,41.0,33.7,14.6,7.4,19.1,11.8,4.4
2017-06-01 12:02:00+02:00,7.1,16.7,4.5,23.6,129.9,86.2,70.6,13.1,4.6,37.0,27.7,90.6,8.5,29.4,13.1,22.5,4.1,24.8,77.5,125.5,63.3,8.9,81.8,11.4,148.8,35.0,31.0,15.3,134.2,17.6,20.4,60.4,9.1,49.4,45.2,41.1,33.8,14.6,7.5,19.2,11.8,4.4
2017-06-01 12:03:00+02:00,7.0,16.7,4.5,23.6,130.0,86.4,70.8,13.1,4.6,36.8,27.7,90.8,8.6,29.4,13.1,22.4,4.2,24.8,77.7,125.6,63.5,8.8,82.0,11.3,148.9,35.0,31.0,15.2,134.4,17.6,20.4,60.4,9.1,49.4,45.1,41.1,33.8,14.6,7.4,19.2,11.8,4.4
2017-06-01 12:04:00+02:00,7.0,16.7,4.5,23.7,130.1,86.3,70.6,13.4,4.6,37.0,27.8,90.7,8.9,29.8,13.2,22.5,4.5,25.2,77.5,125.7,63.3,8.9,81.8,11.4,149.0,35.1,31.1,15.3,134.4,18.0,20.5,60.9,9.2,49.6,45.3,41.2,33.9,14.7,7.5,19.3,11.9,4.4
2017-06-01 12:05:00+02:00,7.0,16.6,4.5,23.6,129.6,85.9,70.2,13.3,4.5,37.0,27.6,90.3,8.8,29.6,13.1,22.5,4.5,25.0,77.1,125.3,62.9,8.8,81.5,11.4,148.4,35.1,31.0,15.4,133.9,17.8,20.4,60.6,9.1,49.3,45.1,41.0,33.7,14.5,7.4,19.2,11.8,4.4
2017-06-01 12:06:00+02:00,7.2,16.6,4.5,23.5,130.1,86.5,70.8,13.3,4.5,37.2,27.6,90.9,8.8,29.5,13.1,22.7,4.5,25.0,77.7,125.8,63.5,8.8,82.1,11.6,148.4,35.0,30.9,15.5,134.1,17.8,20.4,60.5,9.1,49.1,44.9,40.8,33.6,14.5,7.3,19.1,11.7,4.3
2017-06-01 12:07:00+02:00,7.1,16.7,4.5,23.6,131.5,87.7,71.9,13.3,4.5,37.3,27.7,92.1,8.9,29.6,13.1,22.8,4.5,25.0,78.8,127.2,64.6,8.9,83.2,11.6,149.7,35.2,31.1,15.5,135.3,17.8,20.5,60.7,9.1,48.6,44.3,40.2,32.9,14.5,7.3,18.4,11.0,3.5
2017-06-01 12:08:00+02:00,7.1,16.7,4.5,23.7,131.7,87.8,72.0,13.2,4.5,37.3,27.7,92.2,8.9,29.6,13.1,22.7,4.5,25.0,78.9,127.3,64.6,8.9,83.4,11.5,149.9,35.2,31.1,15.5,135.5,17.8,20.5,60.7,9.1,48.8,44.5,40.4,33.2,14.6,7.4,18.6,11.2,3.7
2017-06-01 12:09:00+02:00,7.1,16.7,4.5,23.6,131.5,87.6,71.8,13.4,4.5,36.8,27.7,92.0,9.0,29.5,13.1,22.3,4.5,25.0,78.7,127.1,64.5,8.9,83.1,11.1,149.7,35.2,31.0,15.1,135.2,17.9,20.5,60.6,9.1,49.4,45.2,41.1,33.8,14.6,7.4,19.2,11.8,4.3
2017-06-01 12:10:00+02:00,7.2,16.7,4.5,23.5,131.5,87.5,71.8,13.4,4.5,36.9,27.8,91.9,9.0,29.5,13.2,22.4,4.5,25.0,78.8,127.1,64.5,8.9,83.2,11.2,149.7,35.3,31.0,15.1,135.3,17.9,20.6,60.6,9.1,49.5,45.2,41.1,33.9,14.6,7.5,19.2,11.8,4.4
2017-06-01 12:11:00+02:00,7.2,16.7,4.5,23.7,131.6,87.5,72.1,13.4,4.6,37.1,27.9,91.9,9.0,29.6,13.2,22.5,4.5,25.1,78.8,127.2,64.7,8.9,83.2,11.3,149.8,35.4,31.2,15.2,135.4,17.9,20.7,60.8,9.2,49.7,45.4,41.3,34.0,14.7,7.5,19.3,11.9,4.4
2017-06-01 12:12:00+02:00,7.2,16.8,4.6,23.8,131.9,87.6,72.1,13.2,4.6,37.2,28.0,92.0,8.9,29.5,13.1,22.5,4.5,24.9,78.8,127.4,64.7,8.8,83.3,11.3,150.2,35.6,31.3,15.3,135.7,17.8,20.6,60.8,9.2,49.8,45.5,41.4,34.0,15.0,7.5,19.1,11.9,4.4
2017-06-01 12:13:00+02:00,7.2,16.8,4.6,23.8,131.8,87.5,72.0,13.1,4.6,37.1,28.1,91.9,8.7,29.3,13.2,22.4,4.4,24.8,78.8,127.4,64.6,8.8,83.2,11.3,150.1,35.6,31.3,15.3,135.6,17.6,20.7,60.6,9.2,49.9,45.6,41.4,34.1,15.0,7.5,19.1,11.9,4.4
2017-06-01 12:14:00+02:00,7.2,16.7,4.6,23.8,130.8,86.5,71.2,13.0,4.6,37.0,28.0,91.0,8.5,29.3,13.1,22.3,4.2,24.7,77.9,126.3,63.8,8.8,82.2,11.2,148.9,35.5,31.2,15.2,134.6,17.5,20.6,60.5,9.2,49.8,45.5,41.3,33.9,15.0,7.6,19.0,11.9,4.3
2017-06-01 12:15:00+02:00,7.2,16.7,4.6,23.8,127.0,83.0,67.7,13.0,4.6,37.2,27.9,87.5,8.5,29.3,13.1,22.6,4.2,24.7,74.5,122.6,60.3,8.8,78.8,11.2,145.2,35.5,29.7,15.3,130.8,17.5,20.6,59.0,9.2,48.6,44.3,40.1,32.7,15.0,7.6,17.7,11.8,4.3
2017-06-01 12:16:00+02:00,7.2,16.7,4.6,23.8,127.0,83.0,67.6,12.9,4.6,37.2,28.0,87.4,8.5,29.2,13.1,22.5,4.2,24.7,74.4,122.6,60.1,8.8,78.7,11.2,145.3,35.5,29.6,15.3,130.8,17.4,20.6,58.8,9.2,49.0,44.7,40.5,33.1,15.0,7.6,18.0,11.8,4.3
2017-06-01 12:17:00+02:00,7.2,16.5,4.5,23.5,125.6,82.1,66.8,12.8,4.5,36.8,27.6,86.5,8.4,29.0,12.9,22.2,4.2,24.4,73.6,121.2,59.4,8.7,77.9,11.1,143.7,35.1,29.2,15.1,129.4,17.3,20.3,58.1,9.1,47.9,43.7,39.5,32.2,14.8,7.5,17.4,11.6,4.2
2017-06-01 12:18:00+02:00,7.1,16.4,4.5,23.3,124.2,81.1,66.0,12.7,4.5,36.5,27.4,85.4,8.3,28.6,12.8,22.1,4.1,24.1,72.7,119.9,58.7,8.6,76.9,11.0,142.1,34.7,28.8,15.0,127.9,17.1,20.1,57.4,9.0,47.3,43.1,39.0,31.7,14.7,7.4,17.1,11.4,4.0
2017-06-01 12:19:00+02:00,7.3,16.7,4.6,23.7,126.9,82.8,67.4,12.9,4.5,37.5,28.0,87.2,8.5,29.1,13.1,22.7,4.2,24.7,74.3,122.5,59.9,8.8,78.6,11.3,145.2,35.5,29.4,15.4,130.7,17.4,20.6,58.5,9.1,48.3,44.0,39.8,32.4,15.0,7.6,17.4,11.5,4.0
2017-06-01 12:20:00+02:00,7.3,16.7,4.5,23.5,126.2,82.6,67.2,13.0,4.5,37.5,27.6,87.0,8.6,29.2,12.7,22.8,4.3,24.7,74.0,121.8,59.8,8.4,78.3,11.4,144.5,35.1,29.2,15.5,130.0,17.4,20.2,58.3,9.1,48.3,44.0,39.8,32.4,14.9,7.5,17.4,11.5,4.0
2017-06-01 12:21:00+02:00,7.3,16.7,4.5,23.5,127.3,83.6,68.3,13.0,4.5,37.6,27.6,88.0,8.6,29.2,12.8,22.8,4.3,24.8,75.0,122.9,60.8,8.5,79.3,11.5,145.6,35.1,29.2,15.6,131.1,17.5,20.3,58.4,9.1,48.5,44.2,40.0,32.5,14.9,7.5,17.6,11.6,4.1
2017-06-01 12:22:00+02:00,7.3,16.7,4.6,23.7,127.4,84.0,68.7,13.1,4.5,37.6,27.4,88.4,8.6,29.4,12.5,22.8,4.3,24.9,75.3,123.0,61.1,8.1,79.6,11.5,146.3,34.9,29.4,15.5,131.7,17.6,20.0,58.7,9.2,49.2,44.8,40.6,33.2,14.5,7.1,18.6,11.7,4.2
2017-06-01 12:23:00+02:00,7.2,16.6,4.5,23.5,126.2,83.0,67.9,13.0,4.5,37.1,27.3,87.4,8.6,29.1,12.6,22.5,4.3,24.7,74.5,121.9,60.5,8.3,78.8,11.4,144.4,34.7,29.1,15.3,130.5,17.5,20.0,58.2,9.0,48.7,44.4,40.3,32.9,14.2,6.9,18.7,11.6,4.2
2017-06-01 12:24:00+02:00,7.2,16.6,4.5,23.6,126.8,83.7,68.4,13.2,4.5,37.2,27.2,88.1,8.7,29.4,12.9,22.5,4.3,24.9,75.1,122.5,60.9,8.6,79.4,11.4,145.4,34.7,29.3,15.3,131.1,17.6,20.3,58.6,9.1,49.2,44.9,40.7,33.3,14.6,7.2,18.8,11.7,4.3
2017-06-01 12:25:00+02:00,7.2,16.5,4.5,23.4,126.7,83.3,68.1,13.1,4.5,37.0,27.6,87.7,8.6,29.2,13.0,22.4,4.3,24.8,74.8,122.4,60.7,8.7,79.1,11.3,144.6,35.0,29.1,15.3,131.0,17.5,20.4,58.3,9.0,49.3,45.0,40.9,33.5,14.8,7.5,18.8,11.7,4.3
2017-06-01 12:26:00+02:00,7.2,16.6,4.5,23.7,127.8,84.2,68.6,13.2,4.5,37.3,27.8,88.5,8.7,29.4,13.0,22.6,4.3,25.0,75.7,123.5,61.2,8.7,80.0,11.4,146.3,35.2,29.4,15.4,132.1,17.7,20.4,58.8,9.1,49.5,45.2,41.1,33.7,14.8,7.5,18.9,11.7,4.3
2017-06-01 12:27:00+02:00,7.2,16.6,4.5,23.7,127.9,84.1,68.5,13.1,4.5,37.3,27.9,88.4,8.6,29.3,13.2,22.6,4.2,24.9,75.6,123.6,61.1,8.8,79.9,11.4,145.9,35.4,29.4,15.4,132.1,17.6,20.6,58.7,9.1,49.7,45.4,41.2,33.9,14.9,7.5,19.0,11.7,4.3
2017-06-01 12:28:00+02:00,7.3,16.6,4.5,23.8,127.3,83.3,67.7,13.0,4.5,37.4,28.0,87.7,8.5,29.3,13.2,22.7,4.1,24.8,74.7,123.0,61.1,8.9,79.1,11.4,145.6,35.5,29.5,15.5,131.5,17.5,20.7,58.7,9.1,49.8,45.5,41.3,33.9,14.9,7.4,19.0,11.7,4.3
2017-06-01 12:29:00+02:00,7.2,16.6,4.5,23.7,126.9,83.1,67.4,12.9,4.5,37.2,28.0,87.3,8.4,29.1,13.2,22.6,4.0,24.7,74.5,122.6,60.9,8.9,78.8,11.4,145.5,35.5,29.4,15.3,131.1,17.4,20.7,58.5,9.0,49.6,45.3,41.0,33.6,14.8,7.4,18.8,11.5,4.1
2017-06-01 12:30:00+02:00,7.2,16.5,4.5,23.6,128.6,84.8,69.1,12.8,4.5,36.9,28.0,89.0,8.4,29.0,13.2,22.2,4.0,24.6,76.2,124.3,62.1,8.9,80.5,11.4,147.2,35.4,30.7,15.0,132.8,17.3,20.7,59.7,9.0,49.5,45.2,41.0,33.6,14.8,7.4,18.8,11.5,4.2
2017-06-01 12:31:00+02:00,7.2,16.5,4.5,23.6,129.0,85.2,69.5,12.9,4.5,36.8,28.0,89.5,8.4,29.0,13.3,22.2,4.0,24.6,76.6,124.7,62.3,8.9,80.9,11.4,147.6,35.4,30.9,15.0,133.3,17.3,20.7,59.9,9.0,49.5,45.2,41.0,33.6,14.8,7.4,18.9,11.6,4.2
2017-06-01 12:32:00+02:00,7.3,16.5,4.5,23.7,129.0,84.9,69.8,12.9,4.5,36.5,28.1,89.2,8.4,29.1,13.3,22.0,4.0,24.7,76.3,124.7,62.5,8.9,80.6,11.4,147.6,35.6,31.0,15.0,133.2,17.4,20.8,60.1,9.0,49.7,45.4,41.2,33.8,14.8,7.4,19.0,11.7,4.3
2017-06-01 12:33:00+02:00,7.2,16.5,4.5,23.7,129.5,85.5,70.9,12.8,4.5,36.9,28.1,89.9,8.4,29.1,13.3,22.4,4.0,24.7,77.0,125.2,63.6,8.9,81.3,11.4,148.1,35.5,30.9,15.1,133.8,17.3,20.7,60.0,9.0,49.7,45.4,41.1,33.7,14.8,7.4,19.0,11.7,4.3
2017-06-01 12:34:00+02:00,7.3,16.7,4.6,23.9,131.1,86.7,71.9,12.8,4.5,37.5,28.4,91.1,8.3,29.2,13.4,22.8,3.9,24.8,78.1,126.8,64.6,8.9,82.4,11.5,149.9,35.9,31.2,15.4,135.4,17.4,20.9,60.4,9.1,50.2,45.8,41.5,34.1,14.9,7.5,19.2,11.8,4.4
2017-06-01 12:35:00+02:00,7.4,16.8,4.6,24.1,131.9,87.1,72.2,12.5,4.6,37.8,28.6,91.5,8.0,29.0,13.5,23.0,3.6,24.6,78.4,127.6,64.7,9.0,82.8,11.6,150.9,36.2,31.5,15.6,136.3,17.1,21.1,60.5,9.2,50.6,46.2,41.9,34.4,15.0,7.5,19.4,11.9,4.4
2017-06-01 12:36:00+02:00,7.3,16.8,4.6,24.1,132.0,87.2,72.2,13.0,4.6,37.6,28.6,91.6,8.4,29.4,13.5,22.8,4.0,25.0,78.4,127.6,64.8,9.0,82.9,11.6,150.9,36.1,31.5,15.5,136.3,17.5,21.1,60.9,9.2,50.4,46.0,41.7,34.2,15.0,7.5,19.2,11.9,4.3
2017-06-01 12:37:00+02:00,7.4,16.9,4.6,24.2,131.1,86.3,71.3,13.1,4.6,37.9,28.6,90.7,8.6,29.6,13.5,22.9,4.1,25.1,77.5,126.7,63.8,9.0,82.0,11.6,150.0,36.2,31.6,15.6,135.4,17.6,21.1,61.2,9.2,50.6,46.2,41.9,34.3,15.1,7.5,19.3,11.8,4.2
2017-06-01 12:38:00+02:00,7.4,16.8,4.6,24.1,130.6,85.9,70.9,12.9,4.6,38.1,28.5,90.3,8.5,29.4,13.5,23.1,4.1,24.9,77.1,126.2,63.5,9.0,81.6,11.6,149.4,36.1,31.5,15.6,134.9,17.4,21.1,60.8,9.2,50.6,46.2,41.9,34.3,15.0,7.5,19.3,11.9,4.3
2017-06-01 12:39:00+02:00,7.3,16.8,4.6,24.1,130.8,86.0,71.0,12.8,4.6,38.3,28.5,90.4,8.5,29.3,13.5,23.2,4.1,24.9,77.2,126.4,63.5,9.0,81.7,11.7,149.6,36.2,31.5,15.8,134.9,17.4,21.1,60.8,9.2,50.5,46.1,41.8,34.3,14.9,7.5,19.3,11.9,4.3
2017-06-01 12:40:00+02:00,7.4,16.8,4.6,24.1,131.0,86.4,71.0,12.7,4.6,38.3,28.5,90.8,8.4,29.2,13.4,23.3,4.0,24.7,77.6,126.7,63.5,9.0,82.0,11.8,150.1,36.1,31.5,15.8,135.4,17.2,21.0,60.7,9.2,50.6,46.1,41.9,34.3,14.9,7.5,19.4,11.9,4.3
2017-06-01 12:41:00+02:00,7.5,16.8,4.6,24.1,130.8,86.1,70.9,12.7,4.6,38.3,28.4,90.5,8.4,29.1,13.4,23.3,3.9,24.7,77.3,126.4,63.4,9.0,81.8,11.9,149.9,36.1,31.5,15.9,135.1,17.2,21.0,60.7,9.2,50.7,46.3,42.0,34.4,15.0,7.5,19.5,12.0,4.4
2017-06-01 12:42:00+02:00,7.5,16.8,4.6,24.1,131.2,86.3,71.1,12.7,4.6,38.5,28.6,90.7,8.4,29.2,13.5,23.4,3.9,24.7,77.5,126.8,63.6,9.1,81.9,12.0,150.3,36.3,31.6,15.9,135.4,17.2,21.1,60.8,9.2,51.1,46.7,42.4,34.8,15.2,7.6,19.6,12.0,4.4
2017-06-01 12:43:00+02:00,7.5,16.7,4.6,24.1,131.1,86.2,71.1,12.9,4.6,38.4,28.6,90.6,8.6,29.4,13.4,23.4,4.2,24.9,77.4,126.7,63.6,9.1,81.9,11.9,150.1,36.2,31.5,15.9,135.3,17.4,21.1,60.9,9.1,51.0,46.5,42.2,34.6,15.1,7.6,19.5,11.9,4.3
2017-06-01 12:44:00+02:00,7.5,16.7,4.6,24.0,131.1,86.3,71.2,13.2,4.6,38.1,28.6,90.7,9.0,29.7,13.4,23.0,4.5,25.2,77.5,126.7,63.7,9.1,81.9,11.9,150.0,36.2,31.4,16.0,135.2,17.7,21.0,61.1,9.1,50.8,46.4,42.1,34.5,15.1,7.5,19.4,11.9,4.3
2017-06-01 12:45:00+02:00,7.5,16.6,4.6,23.9,130.7,86.1,70.9,13.2,4.5,38.3,28.5,90.5,8.9,29.5,13.4,23.4,4.5,25.1,77.4,126.4,63.4,9.0,81.8,11.9,149.5,36.1,31.3,16.1,135.0,17.7,21.0,60.8,9.0,50.7,46.3,42.0,34.4,15.0,7.5,19.4,11.8,4.3
2017-06-01 12:46:00+02:00,7.5,16.6,4.6,23.9,131.2,86.4,71.0,13.2,4.5,38.1,28.6,90.8,8.9,29.6,13.5,23.1,4.5,25.2,77.7,126.8,63.5,9.1,82.1,11.9,150.0,36.2,31.3,16.1,135.5,17.7,21.1,60.9,9.0,50.8,46.4,42.0,34.5,15.1,7.5,19.4,11.9,4.3
2017-06-01 12:47:00+02:00,7.5,16.6,4.6,24.0,131.4,86.4,71.3,13.3,4.5,38.1,28.7,90.8,9.0,29.7,13.5,23.0,4.6,25.3,78.0,127.0,63.8,9.1,82.4,11.9,150.3,36.3,31.5,16.2,135.6,17.8,21.1,61.2,9.1,51.0,46.5,42.2,34.6,15.1,7.5,19.5,11.9,4.3
2017-06-01 12:48:00+02:00,7.5,16.6,4.6,24.0,131.2,86.2,71.8,13.2,4.5,37.6,28.7,90.6,8.9,29.7,13.5,22.7,4.5,25.3,78.4,126.8,64.2,9.1,82.8,11.9,150.1,36.3,31.5,16.2,135.4,17.7,21.2,61.2,9.1,51.0,46.6,42.2,34.6,15.1,7.5,19.6,12.0,4.4
2017-06-01 12:49:00+02:00,7.5,16.6,4.6,23.9,133.2,88.4,72.7,13.1,4.5,36.6,28.6,92.8,8.9,29.7,13.5,22.6,4.5,25.1,79.6,128.8,65.2,9.1,84.0,11.9,152.0,36.2,31.3,16.2,137.4,17.6,21.1,61.0,9.0,50.7,46.3,42.0,34.4,15.0,7.5,19.5,11.9,4.3
2017-06-01 12:50:00+02:00,7.4,16.6,4.6,23.8,132.9,88.1,72.4,13.1,4.5,36.8,28.5,92.6,8.9,29.6,13.4,22.4,4.4,25.1,79.4,128.5,64.9,9.0,83.8,11.8,151.8,36.1,31.2,16.0,137.2,17.6,21.0,60.8,9.0,50.5,46.1,41.8,34.2,14.8,7.5,19.3,11.8,4.3
2017-06-01 12:51:00+02:00,7.4,16.6,4.6,23.9,131.9,86.9,71.1,13.2,4.5,37.4,28.6,91.4,8.9,29.8,13.5,22.6,4.5,25.2,78.1,127.5,63.5,9.1,82.6,11.8,150.9,36.3,31.4,16.1,136.3,17.7,21.1,61.2,9.0,50.9,46.4,42.1,34.5,14.9,7.5,19.5,12.0,4.3
2017-06-01 12:52:00+02:00,7.4,16.7,4.6,24.0,133.2,88.0,72.1,13.3,4.5,37.7,28.7,92.5,8.9,29.9,13.6,22.7,4.5,25.4,79.2,128.7,64.5,9.1,83.6,11.9,152.2,36.4,31.5,16.1,137.4,17.8,21.2,61.5,9.1,50.9,46.5,42.1,34.5,14.9,7.6,19.5,12.0,4.3
2017-06-01 12:53:00+02:00,7.1,16.2,4.5,23.3,128.2,84.6,69.2,13.0,4.4,36.2,27.8,88.9,8.7,29.1,13.2,21.8,4.4,24.7,76.1,123.9,61.9,8.8,80.3,11.4,146.5,35.1,30.5,15.5,132.4,17.4,20.5,59.6,8.8,49.2,44.9,40.6,33.3,14.4,7.3,18.9,11.5,4.2
2017-06-01 12:54:00+02:00,7.0,16.0,4.4,22.9,126.8,83.8,68.7,12.9,4.4,35.6,27.4,88.1,8.6,28.7,13.0,21.4,4.3,24.4,75.4,122.6,61.5,8.7,79.6,11.2,144.9,34.6,30.1,15.3,130.9,17.2,20.3,58.8,8.7,48.5,44.2,40.0,32.8,14.1,7.1,18.7,11.4,4.1
2017-06-01 12:55:00+02:00,7.0,15.7,4.3,22.5,124.1,81.8,67.0,12.7,4.3,34.7,27.0,86.0,8.5,28.3,12.8,21.1,4.2,24.0,73.6,120.0,59.9,8.6,77.7,11.1,141.9,34.1,29.5,15.1,128.2,16.9,19.9,57.8,8.6,47.7,43.5,39.4,32.2,14.0,7.0,18.2,11.1,4.0
2017-06-01 12:56:00+02:00,7.0,15.6,4.3,22.5,124.4,82.3,67.2,12.6,4.2,34.6,26.8,86.5,8.4,28.1,12.7,21.1,4.2,23.8,74.2,120.3,60.2,8.5,78.3,11.1,142.1,33.9,29.4,15.1,128.4,16.8,19.8,57.5,8.5,47.5,43.3,39.2,32.1,13.9,6.9,18.2,11.2,4.1
2017-06-01 12:57:00+02:00,7.3,16.1,4.4,23.2,128.0,84.5,68.9,13.0,4.4,36.0,27.7,88.8,8.6,28.9,13.1,21.9,4.3,24.5,76.0,123.7,61.6,8.8,80.3,11.5,146.3,35.1,30.4,15.7,132.2,17.3,20.4,59.3,8.8,49.0,44.8,40.5,33.2,14.4,7.2,18.8,11.5,4.1
2017-06-01 12:58:00+02:00,7.4,16.1,4.5,23.4,130.9,86.4,70.5,13.1,4.4,36.7,28.3,90.8,8.7,29.4,13.4,22.3,4.4,24.9,77.8,126.5,63.1,9.0,82.2,11.6,149.5,35.8,30.8,15.9,135.1,17.5,20.8,60.1,8.7,50.0,45.7,41.3,33.9,14.7,7.4,19.1,11.7,4.2
2017-06-01 12:59:00+02:00,7.5,16.4,4.5,23.8,131.1,86.5,70.5,13.1,4.5,35.8,28.4,90.9,8.7,29.5,13.4,21.2,4.3,25.0,77.8,126.7,63.0,9.0,82.2,10.5,149.6,35.9,31.1,14.8,135.1,17.6,20.9,60.6,8.9,50.4,46.0,41.6,34.1,14.8,7.4,19.3,11.8,4.3
2017-06-01 13:00:00+02:00,7.5,16.5,4.5,23.9,131.9,87.4,71.3,13.2,4.5,36.9,28.3,91.8,8.7,29.5,13.3,22.3,4.3,25.1,78.7,127.4,63.9,9.0,83.0,11.6,150.3,35.8,31.4,15.9,135.8,17.6,20.8,60.9,9.0,50.2,45.9,41.5,34.0,14.8,7.4,19.2,11.7,4.2
2017-06-01 13:01:00+02:00,7.5,16.5,4.5,23.9,131.6,87.0,70.9,13.2,4.5,37.0,28.3,91.4,8.8,29.6,13.3,22.5,4.3,25.1,78.3,127.1,63.5,9.0,82.7,11.8,150.4,35.8,31.5,16.0,135.9,17.6,20.8,61.1,9.1,50.5,46.1,41.8,34.2,14.8,7.5,19.4,11.9,4.4
2017-06-01 13:02:00+02:00,7.5,16.5,4.5,23.9,131.9,87.4,71.4,13.2,4.5,37.2,28.2,91.8,8.8,29.6,13.3,22.7,4.4,25.1,78.7,127.5,63.9,9.0,83.1,11.7,150.7,35.8,31.5,16.0,136.2,17.6,20.8,61.0,9.0,50.4,46.0,41.7,34.2,14.8,7.4,19.4,11.9,4.4
2017-06-01 13:03:00+02:00,7.5,16.4,4.5,23.8,131.0,86.5,70.6,13.1,4.4,37.3,28.2,90.9,8.7,29.4,13.4,22.8,4.4,25.0,77.8,126.6,63.1,9.0,82.1,11.8,149.8,35.8,31.4,16.0,135.3,17.5,20.8,60.8,9.0,50.3,45.9,41.6,34.0,14.8,7.4,19.2,11.8,4.3
2017-06-01 13:04:00+02:00,7.5,16.4,4.5,23.8,130.9,86.4,70.9,12.9,4.4,37.3,28.3,90.8,8.5,29.3,13.4,22.8,4.4,24.8,77.7,126.4,63.5,9.0,82.1,11.8,149.7,35.8,31.3,16.0,135.2,17.3,20.9,60.6,9.0,50.4,46.0,41.6,34.1,14.8,7.4,19.3,11.8,4.3
2017-06-01 13:05:00+02:00,7.5,16.5,4.5,23.7,130.3,85.6,70.5,13.1,4.4,37.4,28.3,90.1,8.6,29.5,13.4,22.8,4.4,25.0,77.2,125.8,63.0,9.0,81.3,11.8,149.1,35.9,31.3,16.1,134.5,17.5,20.9,60.8,9.0,50.2,45.8,41.4,33.9,14.8,7.5,19.0,11.6,4.0
2017-06-01 13:06:00+02:00,7.5,16.5,4.5,23.7,130.4,85.8,71.2,13.2,4.5,37.3,28.3,90.3,8.8,29.6,13.4,22.7,4.4,25.1,77.9,126.0,63.8,9.0,81.6,11.7,149.2,35.9,31.2,16.0,134.8,17.6,20.9,60.8,9.0,50.0,45.7,41.4,33.8,14.8,7.4,19.0,11.6,4.1
2017-06-01 13:07:00+02:00,7.5,16.5,4.5,23.7,130.4,85.7,71.0,13.0,4.5,37.2,28.4,90.2,8.7,29.3,13.5,22.8,4.2,24.9,77.8,125.9,63.6,9.0,81.5,11.8,149.3,35.9,31.3,16.1,134.8,17.4,21.0,60.6,9.0,50.1,45.8,41.4,33.8,14.8,7.5,19.0,11.6,4.1
2017-06-01 13:08:00+02:00,7.4,16.4,4.5,23.6,129.3,85.0,70.0,13.0,4.4,36.8,28.2,89.4,8.8,29.1,13.4,22.5,4.4,24.7,77.1,124.9,62.7,9.0,80.8,11.6,147.5,35.7,31.0,15.9,133.2,17.4,20.8,60.1,9.0,49.9,45.6,41.3,33.8,14.7,7.4,19.1,11.8,4.3
2017-06-01 13:09:00+02:00,7.3,16.1,4.4,23.3,126.5,82.9,68.2,12.8,4.4,35.9,27.7,87.3,8.6,28.7,13.2,21.9,4.3,24.4,75.1,122.2,61.0,8.8,78.7,11.3,143.7,35.1,30.6,15.5,129.7,17.1,20.5,59.3,8.8,49.2,44.9,40.7,33.3,14.4,7.3,18.9,11.7,4.3
2017-06-01 13:10:00+02:00,7.2,16.3,4.5,23.5,129.5,85.4,70.2,13.0,4.4,36.4,28.1,89.8,8.7,29.0,13.3,22.1,4.3,24.7,77.4,125.1,62.9,8.9,81.1,11.3,147.0,35.5,30.9,15.5,132.7,17.4,20.7,59.9,8.9,49.9,45.6,41.2,33.8,14.6,7.4,19.2,11.8,4.4
2017-06-01 13:11:00+02:00,7.3,16.3,4.5,22.9,129.1,84.8,69.6,13.0,4.4,36.7,28.2,89.2,8.8,29.1,13.4,22.3,4.4,24.7,77.0,124.7,62.3,8.9,80.5,11.4,146.6,35.6,30.3,15.7,132.3,17.4,20.8,59.4,8.9,50.1,45.7,41.4,33.9,14.6,7.4,19.2,11.9,4.4
2017-06-01 13:12:00+02:00,7.4,16.4,4.5,22.7,128.9,84.7,69.6,13.0,4.5,36.8,28.2,89.0,8.8,29.1,13.3,22.5,4.4,24.7,76.9,124.5,62.2,8.9,80.4,11.5,146.8,35.6,30.2,15.8,132.4,17.4,20.8,59.3,9.0,50.1,45.8,41.4,33.9,14.7,7.4,19.2,11.9,4.4
2017-06-01 13:13:00+02:00,7.4,16.3,4.5,22.7,129.0,84.6,69.4,13.1,4.5,37.0,28.3,89.0,8.8,29.2,13.4,22.6,4.4,24.8,76.8,124.5,62.0,8.9,80.3,11.6,147.5,35.8,30.2,15.9,133.1,17.5,20.9,59.4,8.9,50.3,45.9,41.5,34.0,14.7,7.4,19.3,11.9,4.4
2017-06-01 13:14:00+02:00,7.4,16.3,4.5,23.3,128.4,84.3,69.1,13.1,4.5,37.0,28.2,88.6,8.9,29.2,13.4,22.6,4.4,24.8,76.4,124.0,61.7,8.9,80.0,11.6,146.9,35.6,30.8,15.9,132.6,17.5,20.8,60.0,8.9,50.1,45.7,41.3,33.8,14.6,7.4,19.2,11.8,4.4
2017-06-01 13:15:00+02:00,7.4,16.3,4.5,23.4,128.8,84.7,69.4,13.1,4.4,37.0,28.1,89.0,8.8,29.2,13.3,22.6,4.4,24.8,76.7,124.4,62.3,8.9,80.4,11.6,147.4,35.5,30.9,15.8,133.1,17.5,20.7,60.1,8.9,50.1,45.7,41.3,33.8,14.6,7.4,19.2,11.8,4.4
2017-06-01 13:16:00+02:00,7.4,16.3,4.5,22.6,127.6,83.5,68.6,13.1,4.4,36.7,28.1,87.9,8.8,29.2,13.2,22.3,4.4,24.8,75.9,123.2,61.8,8.9,79.3,11.6,146.2,35.5,30.1,15.7,131.9,17.5,20.7,59.3,8.9,50.1,45.7,41.3,33.8,14.6,7.3,19.2,11.8,4.4
2017-06-01 13:17:00+02:00,7.4,16.3,4.5,22.6,128.1,84.1,69.0,13.1,4.4,37.4,28.1,88.4,8.9,29.2,13.3,22.9,4.4,24.9,76.4,123.7,62.2,8.9,79.8,11.6,146.8,35.5,30.0,15.8,132.4,17.5,20.7,59.2,8.9,49.9,45.5,41.1,33.6,14.5,7.3,19.1,11.7,4.3
2017-06-01 13:18:00+02:00,7.4,16.2,4.5,22.9,128.2,84.2,69.0,13.0,4.4,37.4,28.0,88.5,8.8,29.1,13.2,23.0,4.4,24.8,76.4,123.8,62.3,8.9,79.9,11.6,146.8,35.4,30.3,15.8,132.5,17.4,20.7,59.4,8.8,49.6,45.2,40.8,33.4,14.5,7.3,18.9,11.6,4.2
2017-06-01 13:19:00+02:00,7.4,16.2,4.5,22.4,127.1,83.3,68.1,13.0,4.4,37.3,28.0,87.5,8.8,29.0,13.2,23.0,4.4,24.7,75.4,122.7,61.3,8.9,79.0,11.6,145.6,35.4,29.9,15.8,131.4,17.4,20.6,58.9,8.8,49.5,45.1,40.8,33.3,14.4,7.3,18.9,11.6,4.2
2017-06-01 13:20:00+02:00,7.6,16.4,4.5,22.8,128.9,84.2,68.8,13.2,4.5,38.2,28.5,88.6,8.9,29.5,13.4,23.4,4.5,25.2,76.2,124.4,61.9,9.0,79.9,11.8,147.8,36.0,30.5,16.1,133.3,17.7,21.0,60.0,9.0,50.5,46.0,41.6,34.0,14.7,7.4,19.3,11.8,4.3
2017-06-01 13:21:00+02:00,7.6,16.4,4.6,22.8,130.0,85.3,69.9,13.2,4.4,38.4,28.5,89.7,8.9,29.5,13.3,23.6,4.5,25.2,77.4,125.5,63.0,9.0,81.0,11.8,149.0,36.0,30.4,16.1,134.4,17.7,21.0,59.9,8.9,50.5,46.0,41.6,34.0,14.7,7.4,19.3,11.8,4.3
2017-06-01 13:22:00+02:00,7.5,16.2,4.5,23.5,130.1,85.7,70.3,13.2,4.4,38.5,28.2,90.0,8.8,29.4,13.3,23.7,4.4,25.0,77.7,125.6,63.5,8.9,81.3,11.8,148.8,35.8,31.0,16.2,134.5,17.6,20.9,60.4,8.8,50.2,45.7,41.3,33.8,14.6,7.4,19.1,11.7,4.2
2017-06-01 13:23:00+02:00,7.5,16.3,4.5,23.5,130.4,85.9,70.5,13.2,4.4,38.7,28.4,90.2,8.8,29.5,13.4,23.9,4.5,25.1,78.0,126.0,63.7,9.0,81.6,11.9,149.4,35.9,31.1,16.3,134.8,17.7,21.0,60.6,8.8,50.3,45.8,41.4,33.8,14.7,7.4,19.2,11.8,4.2
2017-06-01 13:24:00+02:00,7.5,16.3,4.5,23.1,129.9,85.6,70.2,13.3,4.4,38.9,28.4,90.0,8.9,29.6,13.4,24.0,4.5,25.3,77.6,125.8,63.3,9.0,81.3,12.1,148.7,36.0,30.6,16.5,134.3,17.7,21.0,60.3,8.9,50.5,46.0,41.6,34.0,14.7,7.4,19.3,11.9,4.4
2017-06-01 13:25:00+02:00,7.6,16.3,4.5,22.7,129.5,85.4,69.9,13.3,4.4,38.9,28.4,89.7,8.9,29.7,13.4,24.1,4.5,25.3,77.4,125.5,63.1,9.0,81.0,12.1,148.4,35.9,30.3,16.5,133.9,17.8,20.9,60.0,8.9,50.5,46.1,41.6,34.1,14.7,7.4,19.4,12.0,4.4
2017-06-01 13:26:00+02:00,7.6,16.4,4.6,22.5,129.9,85.3,69.8,13.3,4.4,39.0,28.4,89.6,8.9,29.8,13.4,24.1,4.5,25.4,77.3,125.5,62.9,9.0,81.0,12.2,148.8,36.0,30.1,16.5,134.3,17.8,20.9,59.8,8.9,50.7,46.2,41.7,34.1,14.7,7.4,19.4,12.0,4.4
2017-06-01 13:27:00+02:00,7.5,16.3,4.5,22.3,129.3,84.8,69.4,13.2,4.4,38.8,28.4,89.1,8.9,29.6,13.4,24.0,4.5,25.3,76.9,124.9,62.6,9.0,80.5,12.1,148.1,35.9,29.9,16.4,133.7,17.7,20.9,59.5,8.8,50.5,46.0,41.6,34.0,14.7,7.4,19.4,11.9,4.4
2017-06-01 13:28:00+02:00,7.5,16.2,4.5,22.3,129.2,84.7,69.3,13.2,4.4,38.8,28.4,89.0,8.9,29.6,13.4,24.0,4.5,25.3,76.8,124.8,62.5,9.0,80.4,12.1,148.0,35.9,29.8,16.4,133.6,17.7,20.9,59.4,8.7,50.4,45.9,41.5,33.9,14.6,7.4,19.3,11.9,4.4
2017-06-01 13:29:00+02:00,7.5,16.1,4.5,22.5,128.1,83.8,69.3,13.2,4.4,38.6,28.3,88.2,8.8,29.5,13.3,23.9,4.5,25.1,76.7,123.7,62.5,9.0,79.6,12.0,146.8,35.7,30.0,16.4,132.5,17.6,20.8,59.5,8.7,50.2,45.7,41.3,33.8,14.5,7.3,19.3,11.9,4.4
2017-06-01 13:30:00+02:00,7.4,15.9,4.5,23.3,127.8,84.1,69.8,13.1,4.3,37.4,27.8,88.4,8.8,29.2,13.0,23.5,4.5,24.9,77.2,123.4,62.9,8.9,79.8,11.9,146.1,35.2,30.7,16.2,132.1,17.5,20.5,59.9,8.6,49.7,45.3,40.9,33.4,14.4,7.2,19.1,11.8,4.3
2017-06-01 13:31:00+02:00,7.4,16.0,4.5,23.5,128.9,84.9,70.6,13.1,4.3,37.8,28.0,89.3,8.8,29.3,13.1,23.6,4.5,25.0,78.0,124.5,63.2,8.9,80.7,12.0,147.3,35.4,30.9,16.3,133.2,17.5,20.5,60.2,8.6,50.0,45.6,41.1,33.6,14.4,7.3,19.2,11.8,4.4
2017-06-01 13:32:00+02:00,7.4,16.0,4.5,23.4,128.6,84.7,70.4,13.1,4.4,37.8,27.9,89.1,8.8,29.2,13.0,23.4,4.5,24.9,77.8,124.2,63.1,8.9,80.4,11.9,147.0,35.3,30.9,16.2,132.9,17.5,20.5,60.1,8.6,49.8,45.3,40.9,33.4,14.4,7.2,19.0,11.6,4.2
2017-06-01 13:33:00+02:00,7.4,15.9,4.5,23.4,128.4,84.5,70.3,13.1,4.3,37.5,27.8,88.9,8.8,29.1,13.0,23.2,4.5,24.8,77.6,124.0,62.9,8.9,80.3,11.8,146.7,35.2,30.8,16.1,132.7,17.5,20.5,59.9,8.6,49.4,45.0,40.6,33.1,14.3,7.1,18.8,11.5,4.1
2017-06-01 13:34:00+02:00,7.4,15.9,4.5,23.4,128.1,84.5,70.2,13.1,4.3,37.9,27.8,88.7,8.8,29.1,13.0,23.3,4.5,24.8,77.6,123.8,62.9,8.9,80.2,11.8,146.5,35.2,30.8,16.1,132.5,17.4,20.5,59.9,8.6,49.4,44.9,40.5,33.1,14.2,7.1,18.8,11.5,4.1
2017-06-01 13:35:00+02:00,7.4,16.0,4.5,22.1,127.3,83.8,68.9,13.1,4.3,37.8,27.7,88.0,8.8,29.0,13.0,23.3,4.5,24.7,76.2,123.0,61.6,8.9,79.6,11.7,145.5,35.1,29.5,16.0,131.7,17.4,20.4,58.5,8.7,49.3,44.8,40.4,33.0,14.2,7.1,18.8,11.5,4.1
2017-06-01 13:36:00+02:00,7.3,15.8,4.4,21.7,128.4,84.9,69.1,13.0,4.1,37.6,27.6,89.2,8.7,28.9,13.0,23.1,4.4,24.7,76.4,124.0,61.9,8.9,80.7,11.7,146.3,35.0,29.1,15.9,132.7,17.3,20.3,58.0,8.5,49.0,44.6,40.2,32.8,14.1,7.1,18.7,11.4,4.1
2017-06-01 13:37:00+02:00,7.3,15.6,4.4,22.9,129.3,86.0,70.2,13.0,4.0,37.5,27.7,90.0,8.7,28.9,13.1,23.0,4.4,24.7,77.5,124.9,63.0,8.9,81.7,11.7,147.4,35.0,30.2,15.8,133.5,17.3,20.4,59.1,8.4,48.9,44.5,40.1,32.8,14.1,7.1,18.6,11.4,4.1
2017-06-01 13:38:00+02:00,7.3,15.5,4.4,22.9,129.1,85.9,70.1,12.9,4.0,37.5,27.6,90.0,8.7,28.8,13.0,23.0,4.4,24.6,77.4,124.8,62.9,8.8,81.6,11.6,147.2,34.9,30.2,15.8,133.3,17.2,20.4,59.0,8.3,48.8,44.4,40.0,32.6,14.1,7.0,18.6,11.3,4.1
2017-06-01 13:39:00+02:00,7.3,15.7,4.4,23.1,130.0,86.5,70.6,13.0,4.1,37.7,27.8,90.6,8.7,29.0,13.1,23.1,4.4,24.7,78.0,125.6,63.4,8.9,82.2,11.6,148.2,35.1,30.5,15.8,134.2,17.3,20.5,59.5,8.5,49.1,44.7,40.3,32.9,14.2,7.1,18.8,11.5,4.1
2017-06-01 13:40:00+02:00,7.3,15.8,4.4,23.2,130.1,86.5,70.6,13.0,4.2,37.6,27.8,90.7,8.7,28.9,13.1,23.0,4.4,24.7,77.9,125.7,63.3,8.9,82.1,11.5,148.0,35.1,30.5,15.7,134.0,17.3,20.5,59.4,8.6,49.1,44.6,40.2,32.9,14.1,7.1,18.7,11.5,4.1
2017-06-01 13:41:00+02:00,7.2,15.8,4.4,23.0,130.0,86.2,70.5,13.0,4.2,37.4,27.8,90.6,8.7,28.9,13.2,22.8,4.4,24.7,77.8,125.6,63.2,8.9,81.9,11.5,147.9,35.2,30.4,15.7,133.9,17.3,20.5,59.3,8.6,49.1,44.7,40.3,32.9,14.2,7.1,18.8,11.5,4.1
2017-06-01 13:42:00+02:00,7.3,15.9,4.4,23.1,128.8,85.0,70.2,13.1,4.3,37.0,27.8,89.4,8.7,28.9,13.2,22.7,4.5,24.7,77.5,124.4,62.9,8.9,80.7,11.4,147.0,35.2,30.5,15.6,133.0,17.3,20.5,59.4,8.6,49.2,44.8,40.4,33.0,14.1,7.1,18.8,11.5,4.1
2017-06-01 13:43:00+02:00,7.3,15.6,4.4,22.8,127.8,84.1,69.3,13.0,4.3,35.7,27.8,88.5,8.7,28.8,13.2,21.6,4.4,24.6,76.6,123.4,62.0,8.9,79.8,10.2,145.9,35.1,30.1,14.5,132.0,17.2,20.5,58.9,8.3,49.2,44.7,40.4,33.0,14.2,7.2,18.8,11.5,4.1
2017-06-01 13:44:00+02:00,7.3,15.6,4.4,22.8,128.8,85.1,70.2,13.0,4.3,36.9,27.8,89.5,8.7,28.9,13.1,22.9,4.4,24.7,77.6,124.5,63.0,8.9,80.7,11.5,147.0,35.2,30.1,15.8,133.1,17.3,20.5,59.0,8.3,49.4,44.9,40.5,33.1,14.3,7.3,18.8,11.5,4.1
2017-06-01 13:45:00+02:00,7.3,15.6,4.4,22.9,128.0,84.3,69.6,12.2,4.3,37.0,27.7,88.7,8.1,28.1,13.1,23.0,3.8,23.9,76.9,123.6,62.3,8.9,80.0,11.6,146.0,35.1,30.3,15.9,132.3,16.5,20.5,58.4,8.4,49.3,44.9,40.5,33.1,14.3,7.3,18.8,11.5,4.1
2017-06-01 13:46:00+02:00,7.3,15.6,4.4,22.8,128.5,84.9,70.2,12.9,4.3,37.2,27.7,89.3,8.7,28.8,13.1,23.0,4.4,24.6,77.5,124.1,62.8,8.9,80.6,11.5,146.6,35.0,30.2,15.8,132.8,17.2,20.4,59.0,8.4,49.2,44.8,40.4,33.0,14.3,7.2,18.8,11.5,4.1
2017-06-01 13:47:00+02:00,7.3,15.6,4.4,22.8,127.6,84.2,69.7,12.7,4.3,36.6,27.7,88.5,8.4,28.5,13.1,22.0,4.1,24.3,77.0,123.3,62.4,8.9,79.8,11.5,145.7,35.0,30.2,15.8,131.9,17.0,20.4,58.6,8.4,49.1,44.6,40.2,32.9,14.2,7.2,18.6,11.4,4.0
2017-06-01 13:48:00+02:00,7.2,15.5,4.4,22.6,127.3,83.9,69.4,12.7,4.3,36.0,27.6,88.2,8.4,28.4,13.1,21.6,4.1,24.3,76.6,122.9,62.1,8.9,79.6,11.3,145.2,34.9,29.9,15.6,131.6,17.0,20.4,58.3,8.3,48.0,43.6,39.2,31.9,14.2,7.2,17.7,10.5,3.2
2017-06-01 13:49:00+02:00,7.3,15.5,4.4,22.6,127.7,84.3,69.6,12.9,4.3,36.2,27.6,88.6,8.7,28.6,13.1,22.0,4.4,24.5,76.8,123.3,62.3,8.9,79.9,11.5,145.7,34.9,29.9,15.8,132.0,17.2,20.4,58.6,8.3,47.7,43.2,38.8,31.5,14.1,7.2,17.4,10.1,2.9
2017-06-01 13:50:00+02:00,7.3,15.5,4.4,22.6,127.3,84.0,68.8,12.4,4.3,37.0,27.6,88.2,8.1,28.1,13.0,22.7,3.8,23.9,76.1,123.0,61.6,8.8,79.6,11.5,145.2,34.9,29.9,15.8,131.6,16.6,20.4,58.0,8.3,47.5,43.1,38.7,31.4,14.0,7.1,17.3,10.1,2.9
2017-06-01 13:51:00+02:00,7.3,15.4,4.4,22.5,127.7,84.4,68.8,13.1,4.2,37.2,27.5,88.7,8.7,28.8,13.0,22.9,4.4,24.6,76.0,123.3,61.5,8.8,80.1,11.5,145.8,34.8,29.8,15.8,132.0,17.3,20.3,58.6,8.2,47.4,43.0,38.6,31.3,14.0,7.0,17.3,10.1,2.9
2017-06-01 13:52:00+02:00,7.3,15.4,4.4,22.5,127.2,83.8,68.4,12.6,4.2,36.8,27.6,88.1,8.5,28.4,13.0,22.3,4.1,24.2,75.7,122.9,61.2,8.8,79.8,11.5,144.9,34.9,29.8,15.8,131.4,16.9,20.3,58.2,8.2,47.5,43.0,38.6,31.3,14.0,7.0,17.4,10.1,2.9
2017-06-01 13:53:00+02:00,7.3,15.3,4.4,22.4,125.7,82.5,67.7,12.1,4.2,36.4,27.5,86.7,8.0,27.8,13.0,22.0,3.7,23.7,75.0,121.4,60.5,8.8,79.1,11.5,143.8,34.8,29.7,15.8,129.9,16.4,20.2,57.5,8.2,47.5,43.0,38.6,31.3,14.0,7.1,17.3,10.1,2.9
2017-06-01 13:54:00+02:00,7.3,15.3,4.4,22.4,126.4,83.2,68.2,12.6,4.2,36.4,27.5,87.5,8.5,28.4,13.0,22.0,4.3,24.2,75.5,122.1,61.0,8.8,79.5,11.4,144.2,34.8,29.7,15.7,130.6,16.9,20.3,58.1,8.2,47.5,43.1,38.7,31.4,14.0,7.1,17.4,10.2,2.9
2017-06-01 13:55:00+02:00,7.3,15.3,4.4,22.4,126.4,83.2,67.6,11.9,4.2,36.4,27.5,87.5,7.8,27.7,13.0,22.1,3.6,23.6,74.9,122.1,60.4,8.8,79.0,11.5,144.2,34.8,29.7,15.8,130.6,16.2,20.3,57.4,8.2,47.6,43.1,38.7,31.4,14.0,7.1,17.4,10.2,2.9
2017-06-01 13:56:00+02:00,7.3,15.3,4.4,22.5,127.2,84.0,68.4,12.7,4.2,37.1,27.5,88.3,8.6,28.4,13.0,22.9,4.4,24.3,75.7,122.9,61.2,8.8,79.7,11.4,145.3,34.7,29.8,15.7,131.3,16.9,20.3,58.2,8.2,47.4,43.0,38.6,31.3,14.0,7.0,17.3,10.2,2.9
2017-06-01 13:57:00+02:00,7.3,15.3,4.4,22.5,126.8,83.8,68.2,12.5,4.2,37.0,27.4,88.1,8.4,28.2,13.1,22.8,4.2,24.1,75.5,122.5,61.0,8.9,79.6,11.4,144.6,34.6,29.8,15.7,131.0,16.7,20.4,58.0,8.2,47.5,43.0,38.6,31.3,14.0,7.0,17.3,10.1,2.9
2017-06-01 13:58:00+02:00,7.3,14.9,4.4,22.1,125.7,82.7,67.3,12.0,4.2,36.1,27.3,87.0,8.0,27.7,13.1,21.9,3.8,23.6,74.5,121.4,60.0,8.8,78.5,11.4,143.4,34.5,29.3,15.7,129.8,16.3,20.3,57.1,7.8,47.3,42.9,38.5,31.2,13.9,7.0,17.3,10.1,2.9
2017-06-01 13:59:00+02:00,7.3,14.6,4.4,21.8,125.6,82.8,67.3,12.3,4.2,36.2,27.2,87.1,8.2,28.0,13.1,22.0,4.0,23.9,74.6,121.4,60.0,8.8,78.6,11.4,143.5,34.4,29.1,15.8,129.8,16.5,20.3,57.0,7.5,47.3,42.8,38.4,31.1,13.9,7.0,17.3,10.1,2.9
2017-06-01 14:00:00+02:00,7.3,12.2,4.4,19.4,122.6,80.4,64.9,12.5,4.1,36.2,26.6,84.6,8.5,28.2,12.6,22.0,4.3,24.1,72.1,118.4,57.7,8.8,76.2,11.4,140.3,33.9,26.6,15.8,126.7,16.7,19.8,54.7,5.2,47.2,42.8,38.3,31.1,13.9,7.0,17.2,10.1,2.9
2017-06-01 14:01:00+02:00,7.3,11.7,4.4,18.8,121.9,79.7,64.3,12.5,4.1,36.7,26.6,84.0,8.5,28.1,12.5,22.5,4.2,24.0,71.5,117.6,57.2,8.8,75.5,11.4,139.6,33.8,26.0,15.8,126.0,16.7,19.8,54.1,4.7,47.1,42.7,38.3,31.0,13.8,7.0,17.2,10.0,2.9
2017-06-01 14:02:00+02:00,7.3,10.9,4.4,18.1,120.9,78.9,63.5,12.5,4.1,36.9,26.4,83.1,8.5,28.1,12.4,22.7,4.3,24.0,70.7,116.6,56.4,8.8,74.7,11.4,138.5,33.6,25.2,15.7,125.0,16.7,19.6,53.3,4.0,47.6,43.1,38.7,31.5,13.8,6.9,17.7,10.5,3.4
2017-06-01 14:03:00+02:00,7.3,10.9,4.4,18.0,120.9,78.8,63.4,12.5,4.1,36.8,26.5,83.1,8.5,28.0,12.5,22.7,4.3,24.0,70.6,116.6,56.3,8.8,74.6,11.4,138.5,33.7,25.2,15.8,125.0,16.7,19.7,53.2,3.9,48.1,43.7,39.3,32.0,13.8,6.9,18.2,11.1,3.9
2017-06-01 14:04:00+02:00,7.3,10.8,4.4,18.0,120.9,78.8,63.4,12.6,4.1,36.8,26.4,83.1,8.6,28.1,12.5,22.7,4.3,24.1,70.6,116.6,56.3,8.8,74.7,11.4,138.5,33.6,25.1,15.8,125.0,16.7,19.7,53.2,3.9,48.3,43.8,39.4,32.2,13.9,7.1,18.2,11.1,3.9
2017-06-01 14:05:00+02:00,7.3,11.5,4.4,18.7,121.7,79.5,64.1,12.5,4.1,36.8,26.6,83.8,8.5,28.1,12.7,22.7,4.3,24.1,71.3,117.4,56.9,8.8,75.3,11.4,139.3,33.8,25.8,15.8,125.9,16.7,19.8,53.9,4.5,48.3,43.8,39.4,32.2,13.9,7.1,18.2,11.1,3.9
2017-06-01 14:06:00+02:00,7.1,15.4,4.4,22.5,126.1,83.6,68.2,12.5,4.1,36.4,26.9,87.9,8.5,28.0,13.0,22.4,4.3,24.0,75.4,121.8,61.1,8.8,79.5,11.2,143.6,34.1,29.6,15.6,130.2,16.7,20.2,57.6,8.4,48.1,43.6,39.2,32.0,13.9,7.0,18.1,11.0,3.9
2017-06-01 14:07:00+02:00,7.1,15.4,4.4,22.5,125.9,83.5,68.1,12.4,4.1,36.5,26.9,87.8,8.5,27.9,13.0,22.5,4.3,23.9,75.3,121.7,61.0,8.8,79.3,11.2,143.4,34.0,29.6,15.6,130.0,16.5,20.1,57.5,8.4,48.0,43.5,39.1,32.0,13.9,7.0,18.1,11.0,3.9
2017-06-01 14:08:00+02:00,7.1,15.4,4.4,22.6,126.1,83.6,68.2,12.4,4.1,36.7,27.0,87.9,8.5,27.8,13.0,22.7,4.3,23.9,75.4,121.9,61.1,8.8,79.5,11.3,143.6,34.1,29.7,15.7,130.2,16.5,20.2,57.5,8.4,48.0,43.5,39.2,32.0,13.9,7.0,18.1,11.0,3.9
2017-06-01 14:09:00+02:00,7.1,15.3,4.3,22.4,125.7,83.3,67.9,12.4,4.1,36.8,26.9,87.6,8.5,27.8,13.0,22.8,4.3,23.8,75.1,121.4,60.8,8.8,79.1,11.5,143.1,34.0,29.5,15.8,129.7,16.5,20.1,57.3,8.3,47.8,43.4,39.0,31.9,13.8,7.0,18.1,11.0,3.9
2017-06-01 14:10:00+02:00,7.1,15.3,4.3,22.5,125.3,83.1,67.6,12.4,4.1,36.8,26.8,87.3,8.5,27.8,13.0,22.8,4.3,23.8,74.8,121.1,60.6,8.8,78.8,11.5,142.7,33.9,29.6,15.9,129.4,16.5,20.1,57.3,8.3,47.8,43.3,38.9,31.9,13.8,7.0,18.1,11.0,3.9
2017-06-01 14:11:00+02:00,7.2,15.3,4.3,22.5,124.9,82.8,67.3,12.2,4.1,36.9,26.7,87.0,8.3,27.5,13.0,22.8,4.3,23.5,74.5,120.6,60.3,8.7,78.5,11.6,142.2,33.7,29.6,16.0,128.9,16.3,20.1,57.1,8.3,47.6,43.2,38.8,31.8,13.8,7.0,18.0,11.0,3.9
2017-06-01 14:12:00+02:00,7.2,15.2,4.3,22.4,124.2,82.6,67.2,12.1,4.1,36.5,26.3,86.8,8.3,27.4,12.6,22.5,4.3,23.5,74.3,120.0,60.2,8.4,78.3,11.5,141.5,33.3,29.4,15.9,128.3,16.2,19.7,56.8,8.3,47.2,42.8,38.4,31.4,13.6,6.9,17.9,10.9,3.9
2017-06-01 14:13:00+02:00,7.1,13.9,4.3,20.8,122.4,80.9,65.6,12.2,4.1,36.2,26.2,85.1,8.4,27.4,12.6,22.3,4.2,23.5,72.7,118.2,58.6,8.4,76.7,11.5,139.6,33.2,27.8,15.7,126.5,16.3,19.7,55.2,7.0,47.1,42.7,38.3,31.3,13.5,6.8,17.8,10.9,3.9
2017-06-01 14:14:00+02:00,7.1,12.7,4.3,19.4,120.5,79.2,63.9,12.0,4.0,35.1,26.1,83.4,8.2,27.1,12.6,21.2,4.2,23.3,70.9,116.3,57.0,8.4,74.9,11.3,137.7,33.1,26.4,15.6,124.6,16.0,19.6,53.5,5.8,47.0,42.6,38.2,31.3,13.5,6.8,17.8,10.8,3.8
2017-06-01 14:15:00+02:00,7.1,12.8,4.3,19.8,120.5,79.4,64.2,12.0,4.0,35.2,25.8,83.6,8.2,27.1,12.3,21.3,4.2,23.2,71.2,116.3,57.2,8.4,75.2,11.4,137.8,32.8,26.8,15.8,124.6,16.0,19.3,53.8,5.9,46.5,42.1,37.7,30.7,13.5,6.8,17.2,10.2,3.2
2017-06-01 14:16:00+02:00,7.1,12.7,4.3,19.9,120.6,79.6,64.3,12.2,4.0,35.3,25.8,83.8,8.4,27.3,12.2,21.4,4.2,23.4,71.4,116.4,57.4,8.4,75.4,11.4,137.9,32.7,26.9,15.7,124.7,16.2,19.3,54.2,5.9,46.1,41.7,37.4,30.3,13.5,6.8,16.8,9.9,2.9
2017-06-01 14:17:00+02:00,7.1,12.8,4.3,20.0,121.1,80.2,64.9,12.1,4.0,36.2,25.7,84.3,8.3,27.2,12.2,22.5,4.2,23.3,72.0,116.9,57.9,8.4,75.9,11.3,138.3,32.7,27.0,15.6,125.1,16.1,19.3,54.1,5.9,46.9,42.5,38.1,31.1,13.4,6.8,17.7,10.8,3.8
2017-06-01 14:18:00+02:00,7.1,13.3,4.3,20.4,121.4,80.6,65.3,12.1,4.0,36.6,25.7,84.7,8.3,27.2,12.2,22.8,4.2,23.3,72.3,117.3,58.3,8.4,76.3,11.4,138.7,32.7,27.4,15.7,125.5,16.1,19.2,54.6,6.4,46.9,42.5,38.2,31.1,13.4,6.7,17.8,10.8,3.8
2017-06-01 14:19:00+02:00,7.1,13.1,4.3,20.0,121.0,80.1,64.9,12.1,4.0,36.6,25.8,84.2,8.4,27.3,12.3,22.8,4.2,23.3,71.9,116.8,57.9,8.4,75.9,11.3,138.2,32.7,27.0,15.6,125.0,16.2,19.3,54.3,6.2,46.9,42.5,38.2,31.2,13.4,6.8,17.8,10.9,3.9
2017-06-01 14:20:00+02:00,7.2,12.9,4.3,20.1,121.1,80.0,64.8,12.1,4.0,36.7,25.9,84.1,8.3,27.2,12.4,22.8,4.2,23.3,71.9,116.9,57.8,8.3,75.8,11.4,138.2,32.9,27.0,15.7,125.1,16.1,19.4,54.3,6.4,47.1,42.6,38.2,31.2,13.4,6.8,17.8,10.9,3.9
2017-06-01 14:21:00+02:00,7.1,13.2,4.3,20.3,121.2,80.2,65.0,12.0,4.0,36.7,25.9,84.3,8.3,27.2,12.4,22.8,4.2,23.3,72.0,117.0,58.0,8.4,76.0,11.3,138.4,32.9,27.3,15.7,125.2,16.1,19.4,54.5,6.6,47.1,42.7,38.3,31.3,13.4,6.7,17.9,11.0,4.0
2017-06-01 14:22:00+02:00,7.2,13.5,4.3,20.7,121.7,80.1,64.9,12.2,4.0,36.8,26.4,84.2,8.4,27.3,12.5,22.9,4.2,23.4,71.9,117.5,57.9,8.4,75.9,11.4,138.9,33.4,27.7,15.7,125.7,16.2,19.5,55.0,6.7,47.2,42.8,38.4,31.3,13.4,6.8,17.9,11.0,4.0
2017-06-01 14:23:00+02:00,7.2,13.4,4.3,20.6,122.0,80.1,64.9,12.3,4.0,36.8,26.6,84.3,8.5,27.5,12.5,22.9,4.2,23.6,71.9,117.8,57.9,8.5,75.9,11.3,139.2,33.6,27.7,15.7,126.0,16.4,19.6,55.2,6.7,47.3,42.9,38.5,31.4,13.4,6.8,18.0,11.0,4.1
2017-06-01 14:24:00+02:00,7.1,13.3,4.3,20.5,122.3,80.7,65.5,12.3,4.0,36.5,26.5,84.8,8.4,27.4,12.4,22.6,4.2,23.5,72.5,118.1,58.5,8.4,76.5,11.1,139.4,33.4,27.5,15.4,126.3,16.3,19.5,55.0,6.6,47.1,42.7,38.3,31.2,13.3,6.7,17.9,11.0,4.0
2017-06-01 14:25:00+02:00,7.1,13.4,4.3,20.5,122.5,80.8,65.5,12.3,4.0,36.4,26.5,84.9,8.4,27.4,12.5,22.4,4.2,23.5,72.6,118.3,58.5,8.4,76.5,10.9,139.6,33.5,27.5,15.3,126.4,16.3,19.5,55.0,6.6,47.1,42.7,38.3,31.2,13.3,6.7,17.9,11.0,4.0
2017-06-01 14:26:00+02:00,7.1,13.4,4.3,20.0,122.1,80.3,65.0,12.3,4.0,36.3,26.6,84.4,8.4,27.5,12.5,22.4,4.2,23.6,72.1,117.9,58.0,8.5,76.1,10.9,139.3,33.6,27.0,15.2,126.1,16.3,19.6,54.5,6.6,47.1,42.7,38.3,31.3,13.4,6.7,17.9,11.0,4.0
2017-06-01 14:27:00+02:00,7.1,13.3,4.3,19.9,121.8,80.0,64.7,12.3,4.0,36.4,26.7,84.1,8.4,27.4,12.6,22.6,4.2,23.5,71.8,117.6,57.8,8.6,75.7,11.1,138.9,33.6,26.9,15.5,125.8,16.3,19.7,54.2,6.6,47.2,42.8,38.4,31.4,13.5,6.7,17.9,11.0,4.0
2017-06-01 14:28:00+02:00,7.1,14.1,4.3,20.6,122.0,80.4,65.2,12.2,4.0,36.3,26.5,84.5,8.4,27.2,12.5,22.5,4.2,23.4,72.2,117.8,58.3,8.5,76.2,11.1,139.0,33.4,27.5,15.4,126.0,16.2,19.5,54.7,7.4,46.8,42.5,38.1,31.1,13.3,6.6,17.8,10.9,4.0
2017-06-01 14:29:00+02:00,7.1,13.0,4.3,19.5,120.2,78.7,63.5,12.2,4.0,36.3,26.5,82.8,8.4,27.2,12.5,22.5,4.2,23.3,70.6,116.0,56.7,8.5,74.5,11.0,137.1,33.4,26.4,15.4,124.2,16.1,19.5,53.5,6.5,46.8,42.4,38.1,31.1,13.3,6.6,17.8,10.9,4.0
2017-06-01 14:30:00+02:00,7.0,12.9,4.2,19.4,118.7,77.9,62.9,12.1,3.9,36.1,25.8,82.0,8.3,27.0,11.9,22.3,4.2,23.2,69.9,114.5,55.9,8.5,73.8,10.9,135.3,32.7,26.3,15.2,122.6,16.0,18.9,53.2,6.4,46.5,42.2,37.8,30.9,13.3,6.6,17.6,10.8,4.0
2017-06-01 14:31:00+02:00,7.0,12.9,4.2,19.3,118.2,77.9,63.0,12.0,3.9,35.8,25.4,82.0,8.3,26.8,11.6,22.1,4.2,23.0,69.9,114.1,56.0,8.5,73.8,10.9,135.1,32.3,26.2,15.1,122.1,15.9,18.5,52.9,6.4,46.2,41.9,37.6,30.7,13.2,6.5,17.5,10.8,3.9
2017-06-01 14:32:00+02:00,7.0,12.8,4.2,19.2,119.1,78.2,63.2,12.0,3.9,35.9,26.1,82.3,8.3,26.7,12.2,22.2,4.2,22.9,70.2,115.0,56.3,8.5,74.1,10.9,136.0,32.9,26.1,15.2,123.1,15.8,19.2,52.8,6.4,46.2,41.9,37.5,30.6,13.2,6.5,17.5,10.7,3.9
2017-06-01 14:33:00+02:00,7.0,12.8,4.2,19.2,119.5,78.1,63.1,12.0,3.9,36.0,26.6,82.1,8.3,26.7,12.7,22.3,4.2,22.9,70.0,115.3,56.2,8.5,73.9,11.0,136.4,33.4,26.1,15.2,123.4,15.8,19.6,52.7,6.4,46.2,41.9,37.6,30.6,13.2,6.6,17.5,10.7,3.9
2017-06-01 14:34:00+02:00,7.1,12.9,4.2,19.4,119.5,77.8,62.8,12.0,3.9,36.3,26.7,81.9,8.3,26.7,12.8,22.5,4.1,23.0,69.8,115.3,55.8,8.5,73.6,11.1,136.5,33.6,26.3,15.4,123.4,15.8,19.8,53.0,6.4,46.5,42.1,37.8,30.8,13.2,6.6,17.5,10.8,3.9
2017-06-01 14:35:00+02:00,7.1,12.9,4.2,19.4,118.6,76.9,62.2,11.9,3.9,36.4,26.7,81.0,8.3,26.6,12.8,22.5,4.1,22.9,69.3,114.4,55.3,8.5,72.7,11.1,135.6,33.5,26.3,15.4,122.5,15.7,19.7,52.9,6.4,46.4,42.0,37.6,30.7,13.2,6.6,17.4,10.8,3.9
2017-06-01 14:36:00+02:00,7.0,12.8,4.2,19.3,118.8,77.4,62.4,11.8,3.9,36.2,26.5,81.5,8.2,26.4,12.7,22.4,4.1,22.7,69.4,114.7,55.6,8.4,73.3,11.0,135.7,33.3,26.1,15.3,122.8,15.7,19.6,52.5,6.4,46.1,41.8,37.4,30.5,13.2,6.6,17.3,10.7,3.9
2017-06-01 14:37:00+02:00,7.0,12.8,4.2,19.2,118.4,77.2,62.2,11.8,3.9,36.1,26.5,81.2,8.2,26.3,12.7,22.4,4.1,22.6,69.2,114.3,55.3,8.4,73.0,11.0,135.5,33.2,26.0,15.3,122.6,15.6,19.6,52.3,6.4,46.1,41.7,37.3,30.4,13.2,6.6,17.3,10.7,3.9
2017-06-01 14:38:00+02:00,7.0,12.7,4.2,19.1,118.3,77.0,62.0,11.7,3.9,36.1,26.5,81.0,8.2,26.3,12.7,22.4,4.1,22.6,68.9,114.1,55.2,8.4,72.8,11.0,135.3,33.3,25.9,15.3,122.4,15.5,19.6,52.1,6.4,46.1,41.7,37.3,30.4,13.2,6.6,17.3,10.7,3.9
2017-06-01 14:39:00+02:00,7.0,12.6,4.2,19.0,118.4,77.1,62.2,11.7,3.9,36.0,26.5,81.2,8.2,26.2,12.7,22.3,4.1,22.5,69.1,114.3,55.4,8.4,73.0,10.9,135.4,33.2,25.8,15.2,122.6,15.5,19.6,52.0,6.4,45.9,41.6,37.2,30.3,13.2,6.6,17.1,10.6,3.9
2017-06-01 14:40:00+02:00,7.0,12.6,4.2,19.0,119.4,78.0,63.0,11.7,3.9,36.1,26.5,82.0,8.2,26.2,12.7,22.3,4.1,22.5,70.0,115.2,56.2,8.4,73.9,11.0,136.3,33.3,25.8,15.3,123.5,15.5,19.6,51.9,6.4,46.0,41.7,37.3,30.4,13.2,6.6,17.2,10.6,3.9
2017-06-01 14:41:00+02:00,6.9,12.6,4.2,19.0,118.8,77.5,62.5,11.7,3.9,36.0,26.4,81.5,8.2,26.1,12.7,22.3,4.1,22.4,69.5,114.6,55.7,8.4,73.3,10.9,135.7,33.2,25.3,15.2,122.9,15.4,19.6,51.4,6.4,46.1,41.8,37.4,30.5,13.2,6.6,17.4,10.6,3.9
2017-06-01 14:42:00+02:00,6.9,12.5,4.2,19.0,117.8,77.1,62.1,11.6,3.9,35.8,25.8,81.1,8.2,26.1,12.2,22.1,4.1,22.4,69.1,113.6,55.4,8.5,73.0,10.8,134.6,32.6,25.1,15.1,121.9,15.4,19.0,51.1,6.3,45.8,41.5,37.1,30.2,13.1,6.5,17.2,10.6,3.8
2017-06-01 14:43:00+02:00,6.8,13.3,4.2,19.8,118.7,78.2,63.2,11.6,3.8,35.8,25.6,82.2,8.2,26.0,12.0,22.1,4.1,22.3,70.2,114.5,56.4,8.5,74.1,10.8,135.5,32.4,26.2,15.1,122.8,15.3,18.8,52.2,6.7,45.7,41.4,37.0,30.2,13.1,6.5,17.1,10.6,3.8
2017-06-01 14:44:00+02:00,6.9,14.2,4.2,20.9,120.3,79.1,64.1,11.6,3.8,35.7,26.4,83.1,8.1,25.9,12.8,22.1,4.1,22.3,71.1,116.1,57.3,8.5,74.9,10.8,137.1,33.1,27.1,15.0,124.4,15.3,19.6,53.0,7.5,45.7,41.4,37.0,30.2,13.1,6.5,17.1,10.6,3.8
2017-06-01 14:45:00+02:00,6.9,14.2,4.2,20.4,120.2,79.2,64.2,11.6,3.8,35.8,26.2,83.2,8.2,25.9,12.6,22.1,4.1,22.3,71.2,116.0,57.4,8.5,75.1,10.9,136.9,32.9,27.2,15.1,124.2,15.3,19.4,53.1,7.5,45.7,41.3,37.0,30.2,13.1,6.5,17.1,10.7,3.9
2017-06-01 14:46:00+02:00,6.9,14.1,4.1,20.3,119.7,78.8,63.9,11.5,3.8,35.6,26.1,82.9,8.1,25.8,12.5,22.0,4.1,22.2,70.9,115.6,57.1,8.5,74.7,10.8,136.4,32.8,27.1,15.0,123.7,15.2,19.3,52.9,7.5,45.6,41.2,36.9,30.1,13.0,6.5,17.1,10.6,3.9
2017-06-01 14:47:00+02:00,6.8,14.1,4.1,20.4,118.8,78.0,63.2,11.4,3.8,35.4,26.0,82.0,8.0,25.7,12.5,21.9,4.1,22.1,70.1,114.6,56.4,8.5,73.9,10.8,135.4,32.7,26.5,15.0,122.9,15.1,19.2,52.2,7.5,45.4,41.1,36.7,30.0,13.0,6.5,17.0,10.5,3.8
2017-06-01 14:48:00+02:00,6.8,14.1,4.1,20.5,117.5,76.7,62.8,11.4,3.8,35.4,26.0,80.8,8.0,25.7,12.5,21.9,4.1,22.1,68.8,113.4,56.0,8.5,72.6,10.7,134.2,32.7,26.1,14.9,121.6,15.1,19.3,51.8,7.5,45.4,41.0,36.7,29.9,13.0,6.5,17.0,10.5,3.8
2017-06-01 14:49:00+02:00,6.8,14.0,4.1,20.9,118.0,77.2,63.0,11.4,3.8,35.4,26.0,81.3,8.0,25.6,12.5,21.9,4.1,22.0,69.3,113.8,56.3,8.5,73.1,10.7,134.6,32.6,26.4,14.9,122.1,15.1,19.2,52.0,7.4,45.3,40.9,36.6,29.9,12.9,6.4,16.9,10.5,3.8
2017-06-01 14:50:00+02:00,6.8,13.9,4.1,20.7,117.7,77.1,62.4,11.4,3.8,35.3,25.9,81.2,8.0,25.5,12.4,21.9,4.1,21.9,69.2,113.5,55.6,8.4,73.0,10.7,134.3,32.5,26.3,14.9,121.8,15.1,19.1,51.8,7.4,45.1,40.8,36.4,29.8,12.9,6.4,16.9,10.4,3.8
2017-06-01 14:51:00+02:00,6.8,13.9,4.1,20.8,118.1,77.5,62.7,11.4,3.8,35.4,25.8,81.6,8.0,25.5,12.4,22.0,4.1,21.9,69.5,113.9,55.9,8.4,73.4,10.8,134.7,32.5,26.4,15.0,122.2,15.1,19.1,51.9,7.4,45.0,40.7,36.4,29.7,12.9,6.4,16.8,10.4,3.8
2017-06-01 14:52:00+02:00,6.8,13.9,4.1,20.8,118.5,77.7,62.9,11.5,3.8,35.5,26.0,81.8,8.0,25.7,12.5,22.1,4.1,22.1,69.8,114.3,56.1,8.4,73.7,10.8,135.1,32.6,26.4,15.1,122.5,15.2,19.2,52.1,7.4,45.2,40.8,36.5,29.8,12.9,6.4,16.9,10.5,3.8
2017-06-01 14:53:00+02:00,6.9,13.8,4.1,20.6,118.6,77.9,63.1,11.6,3.8,35.6,26.0,81.9,8.1,25.8,12.5,22.2,4.1,22.2,70.0,114.5,56.3,8.4,73.8,10.9,135.1,32.6,26.5,15.2,122.6,15.3,19.2,52.3,7.4,45.1,40.8,36.4,29.7,12.9,6.4,16.8,10.4,3.8
2017-06-01 14:54:00+02:00,6.8,13.8,4.1,19.9,117.9,77.4,62.9,11.7,3.8,35.7,25.9,81.4,8.1,25.9,12.5,22.3,4.1,22.3,69.8,113.8,56.2,8.4,73.3,11.1,134.4,32.5,26.3,15.4,121.9,15.3,19.2,52.2,7.4,45.0,40.6,36.3,29.6,12.9,6.4,16.7,10.4,3.7
2017-06-01 14:55:00+02:00,6.8,13.8,4.1,19.8,117.6,77.2,62.5,11.6,3.7,35.7,25.8,81.2,8.1,25.8,12.4,22.2,4.1,22.2,69.3,113.5,55.8,8.4,73.2,11.0,134.0,32.4,26.0,15.3,121.6,15.2,19.1,51.8,7.4,44.8,40.5,36.1,29.5,12.8,6.4,16.7,10.3,3.7
2017-06-01 14:56:00+02:00,6.8,13.8,4.0,20.6,118.1,77.8,63.3,11.5,3.7,35.6,25.7,81.8,8.1,25.7,12.4,22.1,4.1,22.2,70.0,114.0,56.6,8.4,73.7,11.0,134.4,32.3,27.0,15.3,122.1,15.2,19.0,52.7,7.3,44.8,40.4,36.1,29.4,12.8,6.4,16.6,10.3,3.7
2017-06-01 14:57:00+02:00,6.8,13.8,4.0,20.6,117.6,77.3,63.2,11.5,3.7,35.7,25.7,81.3,8.1,25.7,12.3,22.2,4.1,22.1,69.9,113.5,56.5,8.3,73.2,11.0,133.9,32.3,27.0,15.3,121.5,15.1,19.0,52.7,7.3,44.9,40.5,36.2,29.6,12.8,6.4,16.7,10.3,3.7
2017-06-01 14:58:00+02:00,6.8,13.8,4.0,20.6,118.1,77.8,63.3,11.6,3.7,35.2,25.7,81.8,8.2,25.7,12.4,21.8,4.2,22.2,70.0,114.0,56.6,8.3,73.7,11.0,134.4,32.3,26.9,14.9,122.1,15.2,19.1,52.7,7.4,44.9,40.5,36.1,29.5,12.8,6.4,16.7,10.3,3.7
2017-06-01 14:59:00+02:00,6.8,13.8,4.0,20.6,117.8,77.6,63.1,11.6,3.7,35.2,25.7,81.6,8.2,25.5,12.4,21.8,4.3,22.0,69.8,113.7,56.4,8.3,73.5,10.9,134.2,32.3,27.0,14.9,121.8,15.3,19.1,52.5,7.4,44.8,40.5,36.1,29.5,12.8,6.4,16.7,10.3,3.7
2017-06-01 15:00:00+02:00,6.7,13.9,4.0,20.6,117.5,77.4,62.9,11.6,3.7,35.5,25.6,81.3,8.2,25.4,12.4,22.1,4.3,21.9,69.6,113.4,56.3,8.3,73.3,10.9,134.1,32.2,26.9,15.2,121.5,15.2,19.0,52.4,7.4,44.7,40.3,36.0,29.4,12.8,6.4,16.6,10.2,3.7
2017-06-01 15:01:00+02:00,6.7,13.8,4.0,20.6,117.2,77.2,62.8,11.6,3.7,35.4,25.6,81.2,8.2,25.4,12.4,22.0,4.3,21.9,69.5,113.2,56.2,8.3,73.2,10.9,133.7,32.1,27.0,15.2,121.2,15.1,19.0,52.3,7.4,44.5,40.1,35.8,29.2,12.7,6.4,16.5,10.2,3.7
2017-06-01 15:02:00+02:00,6.7,13.7,4.0,20.4,116.7,76.9,62.5,11.5,3.7,35.1,25.4,80.8,8.2,25.3,12.3,21.8,4.2,21.8,69.2,112.6,56.0,8.3,72.9,10.9,133.1,31.9,26.8,15.1,120.6,15.1,18.8,52.1,7.3,44.4,40.0,35.7,29.1,12.7,6.3,16.5,10.2,3.7
2017-06-01 15:03:00+02:00,6.7,13.7,4.0,20.4,116.3,76.8,62.5,11.5,3.7,35.0,25.1,80.8,8.2,25.3,11.9,21.7,4.2,21.9,69.2,112.3,55.9,8.2,72.8,10.9,132.7,31.6,26.7,15.1,120.2,15.1,18.5,52.1,7.3,44.3,39.9,35.6,29.1,12.7,6.3,16.4,10.2,3.6
2017-06-01 15:04:00+02:00,6.7,13.7,4.0,20.4,116.7,76.9,62.6,11.6,3.7,35.1,25.4,80.9,8.2,25.5,12.3,21.7,4.2,22.0,69.3,112.7,56.0,8.3,72.9,10.9,133.1,31.9,26.7,15.1,120.7,15.2,18.9,52.1,7.3,44.3,40.0,35.6,29.1,12.7,6.3,16.5,10.2,3.6
2017-06-01 15:05:00+02:00,6.7,13.7,4.0,20.4,116.2,76.4,62.6,11.6,3.7,35.1,25.4,80.4,8.2,25.5,12.3,21.7,4.2,22.0,69.3,112.2,56.0,8.2,72.4,10.9,132.6,31.9,26.6,15.1,120.2,15.2,18.8,52.1,7.3,44.3,40.0,35.6,29.1,12.7,6.3,16.4,10.1,3.6
2017-06-01 15:06:00+02:00,6.7,13.6,4.0,20.2,115.2,75.5,62.2,11.6,3.6,35.1,25.4,79.4,8.2,25.5,12.3,21.7,4.2,22.0,68.9,111.1,55.7,8.2,71.5,10.9,131.5,31.9,26.4,15.1,119.1,15.3,18.9,51.9,7.2,44.4,40.0,35.7,29.2,12.7,6.3,16.5,10.1,3.6
2017-06-01 15:07:00+02:00,6.7,13.6,3.9,20.1,115.0,75.3,62.1,11.3,3.6,34.9,25.4,79.2,8.0,25.1,12.3,21.7,4.1,21.7,68.8,110.9,55.6,8.2,71.3,10.8,130.3,31.9,26.3,15.1,117.9,14.9,18.9,51.4,7.2,44.3,39.9,35.5,29.0,12.6,6.3,16.4,10.1,3.6
2017-06-01 15:08:00+02:00,6.6,13.5,3.9,20.2,114.4,75.0,61.9,11.1,3.6,34.7,25.1,78.9,7.9,24.8,11.9,21.5,4.0,21.5,68.5,110.3,55.4,8.2,71.0,10.7,130.6,31.5,26.3,14.9,118.1,14.7,18.5,51.1,7.2,44.2,39.8,35.5,29.0,12.6,6.3,16.4,10.0,3.6
2017-06-01 15:09:00+02:00,6.6,13.5,3.9,20.2,113.7,74.1,60.9,10.5,3.5,34.4,25.4,78.0,7.3,24.3,12.3,21.3,3.5,20.9,67.6,109.7,54.5,8.2,70.1,10.4,128.6,31.9,26.3,14.7,117.1,14.1,18.9,50.5,7.2,44.1,39.8,35.4,28.9,12.6,6.3,16.4,10.0,3.6
2017-06-01 15:10:00+02:00,6.6,13.5,3.9,20.2,114.9,75.3,61.6,10.8,3.5,34.5,25.4,79.2,7.7,24.6,12.3,21.3,3.8,21.3,68.2,110.9,55.1,8.2,71.3,10.4,130.2,31.8,26.3,14.7,118.3,14.4,18.8,50.9,7.2,44.2,39.8,35.4,28.9,12.6,6.3,16.4,10.0,3.6
2017-06-01 15:11:00+02:00,6.6,13.5,3.9,20.3,115.5,76.1,61.8,11.1,3.5,34.4,25.3,80.0,7.9,24.8,12.2,21.2,4.1,21.4,68.4,111.5,55.4,8.2,72.0,10.4,130.2,31.7,26.4,14.7,118.8,14.6,18.8,51.2,7.2,43.9,39.5,35.2,28.7,12.5,6.3,16.2,10.0,3.6
2017-06-01 15:12:00+02:00,6.6,13.4,3.9,20.2,115.2,76.0,61.7,11.1,3.5,34.4,25.1,79.9,7.9,24.8,12.2,21.2,4.1,21.4,68.4,111.2,55.3,8.2,72.0,10.4,130.5,31.4,26.4,14.7,118.9,14.6,18.7,51.1,7.2,43.8,39.4,35.1,28.7,12.5,6.3,16.2,10.0,3.6
2017-06-01 15:13:00+02:00,6.6,13.3,3.9,20.0,114.3,75.6,61.4,11.1,3.5,34.3,24.6,79.5,7.9,24.7,11.8,21.1,4.1,21.4,68.0,110.3,55.0,8.1,71.6,10.4,129.8,30.9,26.1,14.6,118.0,14.6,18.3,50.9,7.0,43.6,39.3,35.0,28.6,12.5,6.2,16.1,9.9,3.6
2017-06-01 15:14:00+02:00,6.6,13.1,3.9,19.8,114.2,75.2,61.1,11.1,3.5,34.3,25.0,79.1,7.9,24.7,12.2,21.1,4.1,21.4,67.7,110.3,54.8,8.1,71.3,10.4,129.6,31.3,26.0,14.6,118.0,14.6,18.6,50.7,6.8,43.5,39.2,34.9,28.5,12.4,6.2,16.1,9.9,3.6
2017-06-01 15:15:00+02:00,6.6,12.9,3.9,19.6,113.7,74.9,61.0,11.1,3.5,34.2,24.8,78.7,7.9,24.6,12.0,21.1,4.1,21.3,67.5,109.7,54.6,8.1,71.0,10.4,129.4,31.1,25.9,14.6,117.5,14.6,18.5,50.5,6.6,43.1,38.8,34.5,28.4,12.4,6.1,16.1,9.9,3.6
2017-06-01 15:16:00+02:00,6.6,12.9,3.9,19.6,113.2,74.6,60.8,11.0,3.5,33.7,24.7,78.4,7.9,24.5,12.0,21.1,4.1,21.2,67.3,109.3,54.4,8.1,70.8,10.3,128.9,31.0,25.8,14.6,117.0,14.5,18.4,50.3,6.7,43.0,38.6,34.4,28.3,12.3,6.1,15.9,9.8,3.5
2017-06-01 15:17:00+02:00,6.5,12.9,3.9,19.6,111.9,74.3,60.4,10.9,3.4,33.0,23.8,78.0,7.9,24.3,12.0,20.1,4.1,21.0,66.9,108.0,54.1,8.1,70.5,10.3,127.5,30.1,25.7,14.5,115.7,14.4,18.3,50.1,6.7,42.8,38.5,34.2,28.1,12.3,6.1,15.9,9.8,3.5
2017-06-01 15:18:00+02:00,6.5,12.7,3.8,19.4,111.4,74.1,60.3,10.9,3.4,32.8,23.6,77.8,7.9,24.3,11.9,19.8,4.1,21.0,66.8,107.6,54.0,8.0,70.2,10.3,127.0,29.8,25.5,14.5,115.3,14.4,18.2,49.9,6.5,42.8,38.5,34.1,28.1,12.3,6.1,15.8,9.7,3.5
2017-06-01 15:19:00+02:00,6.5,12.6,3.8,19.1,111.4,73.5,59.7,10.8,3.4,32.5,24.2,77.2,7.8,24.1,11.8,19.6,4.0,20.8,66.2,107.6,53.5,7.9,69.6,10.2,126.9,30.4,25.2,14.4,115.2,14.2,18.0,49.3,6.4,42.5,38.2,33.9,27.9,12.1,6.0,15.8,9.7,3.5
2017-06-01 15:20:00+02:00,6.4,12.4,3.7,18.9,109.2,71.7,58.9,10.7,3.4,32.3,24.1,75.4,7.7,23.8,11.7,19.5,3.9,20.6,65.3,105.5,52.7,7.9,67.8,10.1,124.6,30.2,24.7,14.3,113.0,14.0,17.9,48.5,6.3,42.2,38.0,33.7,27.7,12.1,6.0,15.7,9.6,3.4
2017-06-01 15:21:00+02:00,6.4,11.8,3.8,18.3,107.8,70.1,58.3,10.6,3.4,32.5,24.2,73.8,7.7,23.9,11.8,19.7,3.9,20.6,64.7,104.0,52.0,7.9,66.2,10.1,123.4,30.4,24.1,14.4,111.6,14.0,18.1,48.0,5.7,42.5,38.1,33.9,27.9,12.1,6.0,15.7,9.6,3.4
2017-06-01 15:22:00+02:00,6.5,11.8,3.8,18.3,108.5,70.5,58.5,10.7,3.4,32.7,24.4,74.2,7.6,24.0,12.0,19.9,3.8,20.8,65.0,104.7,52.3,8.0,66.5,10.2,124.1,30.7,24.2,14.6,112.3,14.1,18.2,48.2,5.7,42.8,38.5,34.1,28.1,12.3,6.1,15.8,9.7,3.5
2017-06-01 15:23:00+02:00,6.4,11.7,3.8,18.2,107.9,70.2,58.3,10.9,3.3,32.5,24.3,73.9,7.7,24.0,11.9,19.7,3.9,20.8,64.8,104.1,52.1,8.0,66.3,10.2,123.3,30.4,24.0,14.5,111.6,14.3,18.1,48.1,5.6,42.5,38.1,33.8,27.9,12.1,6.1,15.7,9.6,3.4
2017-06-01 15:24:00+02:00,6.4,11.5,3.7,18.0,107.1,69.6,57.9,10.9,3.3,32.1,24.0,73.3,7.8,23.8,11.8,19.5,3.9,20.7,64.3,103.2,51.8,7.9,65.7,10.1,121.1,30.1,23.9,14.3,109.6,14.2,17.9,47.7,5.6,42.1,37.8,33.5,27.6,12.0,6.0,15.6,9.5,3.4
2017-06-01 15:25:00+02:00,6.4,11.6,3.7,18.1,107.1,69.5,57.8,10.6,3.3,32.0,24.1,73.1,7.5,23.6,11.8,19.5,3.7,20.5,64.2,103.2,51.7,7.9,65.6,10.1,121.9,30.2,24.0,14.3,110.4,14.0,18.0,47.6,5.6,42.1,37.8,33.5,27.6,12.0,6.0,15.6,9.6,3.4
2017-06-01 15:26:00+02:00,6.4,12.4,3.7,18.9,108.4,70.7,58.5,10.4,3.3,32.1,24.1,74.4,7.3,23.4,11.8,19.5,3.5,20.3,64.8,104.5,52.3,7.9,66.9,10.1,123.7,30.3,24.9,14.3,112.1,13.8,18.0,48.3,6.4,42.2,37.9,33.6,27.6,12.0,6.0,15.6,9.6,3.4
2017-06-01 15:27:00+02:00,6.4,12.6,3.8,19.1,110.2,72.4,58.8,10.6,3.3,32.1,24.2,76.1,7.5,23.6,11.8,19.5,3.7,20.5,65.2,106.3,52.7,7.9,68.6,10.1,125.5,30.3,25.0,14.3,113.9,14.0,18.0,48.7,6.6,42.0,37.7,33.4,27.5,12.0,6.0,15.5,9.5,3.4
2017-06-01 15:28:00+02:00,6.4,11.2,3.7,17.7,108.8,71.1,57.5,10.8,3.3,33.2,24.2,74.8,7.7,23.9,11.8,20.6,3.9,20.7,63.9,104.9,51.4,7.9,67.3,10.1,124.1,30.3,23.5,14.3,112.5,14.2,18.0,47.4,5.2,41.9,37.6,33.3,27.4,12.0,6.0,15.4,9.5,3.4
2017-06-01 15:29:00+02:00,6.4,10.9,3.7,17.3,107.8,70.2,56.7,10.5,3.3,33.1,24.1,73.9,7.4,23.4,11.8,20.6,3.6,20.3,63.0,104.0,50.6,7.9,66.4,10.1,123.1,30.2,23.2,14.3,111.5,13.8,17.9,46.6,4.9,41.7,37.4,33.2,27.3,11.9,6.0,15.4,9.5,3.4
2017-06-01 15:30:00+02:00,6.3,10.8,3.7,17.3,107.5,70.0,56.6,10.4,3.3,33.1,24.1,73.7,7.4,23.3,11.8,20.6,3.6,20.2,62.9,103.7,50.5,7.9,66.2,10.1,122.7,30.1,23.1,14.3,111.2,13.7,17.9,46.5,4.9,41.9,37.6,33.3,27.2,11.9,5.9,15.3,9.5,3.4
2017-06-01 15:31:00+02:00,6.3,10.8,3.7,17.2,107.2,69.8,56.4,10.4,3.2,33.0,24.0,73.4,7.4,23.2,11.7,20.5,3.6,20.2,62.6,103.3,50.3,7.8,66.0,10.0,122.3,30.0,23.1,14.3,110.8,13.7,17.9,46.3,4.9,41.8,37.5,33.3,27.2,11.9,5.9,15.3,9.4,3.3
2017-06-01 15:32:00+02:00,6.3,10.8,3.7,17.2,107.2,69.7,56.3,10.4,3.2,33.2,24.0,73.4,7.4,23.1,11.7,20.7,3.6,20.2,62.6,103.3,50.2,7.8,65.9,10.1,122.3,30.1,23.1,14.3,110.8,13.7,17.9,46.2,4.8,42.0,37.7,33.4,27.3,11.9,5.9,15.4,9.5,3.4
2017-06-01 15:33:00+02:00,6.2,10.7,3.7,17.0,106.1,69.1,55.8,10.3,3.2,32.9,23.8,72.7,7.3,22.9,11.7,20.5,3.6,19.9,62.0,102.3,49.8,7.8,65.3,9.9,121.1,29.8,22.9,14.1,109.7,13.5,17.7,45.8,4.8,41.1,36.9,32.7,26.6,11.8,5.9,14.8,8.9,2.8
2017-06-01 15:34:00+02:00,6.2,10.6,3.7,17.0,106.4,69.2,55.9,10.3,3.2,33.0,23.8,72.9,7.4,23.0,11.7,20.6,3.6,20.0,62.2,102.5,49.9,7.8,65.5,9.9,120.1,29.8,22.8,14.2,108.7,13.5,17.7,45.9,4.7,41.7,37.4,33.2,27.1,11.8,5.9,15.3,9.4,3.3
2017-06-01 15:35:00+02:00,6.2,10.6,3.7,17.0,105.8,68.8,55.7,10.4,3.2,32.9,23.7,72.4,7.5,23.0,11.6,20.5,3.7,20.0,62.0,102.0,49.7,7.8,65.0,9.9,120.6,29.7,22.8,14.1,109.1,13.6,17.6,45.8,4.8,41.6,37.4,33.1,27.1,11.8,5.9,15.3,9.3,3.4
2017-06-01 15:36:00+02:00,6.2,10.5,3.7,16.8,103.9,67.2,54.5,10.6,3.1,32.7,23.6,70.8,7.7,23.1,11.6,20.4,3.9,20.1,60.8,100.3,48.6,7.8,63.5,9.9,118.9,29.6,22.6,14.0,107.5,13.8,17.6,45.7,4.7,41.4,37.1,32.9,26.9,11.7,5.8,15.2,9.3,3.4
2017-06-01 15:37:00+02:00,6.2,10.5,3.7,16.8,102.6,66.8,54.1,10.3,3.1,32.8,23.6,70.4,7.7,22.7,11.6,20.4,4.0,19.8,60.4,99.9,48.2,7.8,63.1,9.9,117.7,29.6,22.6,14.1,106.2,13.4,17.6,45.3,4.7,41.3,37.1,32.9,26.9,11.7,5.8,15.2,9.3,3.4
2017-06-01 15:38:00+02:00,6.2,10.5,3.7,16.8,103.1,66.6,53.9,10.0,3.1,33.0,23.7,70.2,7.7,22.5,11.6,20.6,4.0,19.5,60.2,99.7,47.9,7.8,62.8,10.0,118.2,29.7,22.6,14.2,106.8,13.1,17.6,45.0,4.7,41.4,37.2,32.9,26.9,11.7,5.8,15.2,9.3,3.4
2017-06-01 15:39:00+02:00,6.2,10.4,3.6,16.7,102.9,66.2,53.6,9.9,3.1,32.9,23.5,69.8,7.7,22.3,11.5,20.7,4.0,19.4,59.8,99.1,47.7,7.7,62.5,10.1,117.9,29.5,22.4,14.3,106.5,13.0,17.5,44.8,4.6,41.1,36.9,32.8,26.9,11.7,5.8,15.2,9.3,3.4
2017-06-01 15:40:00+02:00,6.2,10.6,3.7,16.9,103.8,66.9,54.3,10.0,3.1,33.1,23.6,70.5,7.7,22.4,11.6,20.8,4.0,19.5,60.5,100.0,48.3,7.8,63.2,10.2,118.9,29.6,22.7,14.4,107.4,13.1,17.6,45.1,4.7,41.3,37.0,32.9,27.0,11.7,5.8,15.3,9.3,3.4
2017-06-01 15:41:00+02:00,6.2,10.5,3.6,16.7,103.0,66.6,54.0,9.1,3.1,33.0,23.3,70.2,7.6,21.5,11.6,20.7,3.9,18.6,60.2,99.2,48.1,7.8,62.9,10.1,118.0,29.1,22.5,14.3,106.6,12.3,17.6,44.0,4.6,41.1,36.8,32.7,26.8,11.7,5.8,15.2,9.3,3.4
2017-06-01 15:42:00+02:00,6.2,10.4,3.6,16.5,101.4,66.6,54.1,9.9,3.1,32.6,22.0,70.1,7.6,22.0,11.4,20.5,3.9,19.2,60.2,97.7,48.3,7.7,62.9,10.0,116.2,27.7,22.2,14.2,104.9,12.9,17.3,44.2,4.5,40.4,36.2,32.2,26.4,11.5,5.7,14.9,9.1,3.3
2017-06-01 15:43:00+02:00,6.0,9.9,3.5,15.8,98.7,64.6,52.4,9.7,3.0,32.0,21.6,68.0,7.4,21.6,11.2,20.1,3.8,18.8,58.4,95.1,46.7,7.5,61.0,9.9,113.2,27.2,21.2,13.9,102.2,12.7,17.1,42.8,4.4,39.6,35.5,31.4,25.8,11.2,5.6,14.6,8.9,3.2
2017-06-01 15:44:00+02:00,6.0,9.1,3.5,15.0,97.9,63.6,51.5,9.7,3.0,32.1,21.7,67.1,7.4,21.6,11.3,20.2,3.8,18.8,57.5,94.3,45.8,7.6,60.0,9.9,112.4,27.3,20.3,14.0,101.4,12.7,17.1,41.9,3.9,39.7,35.6,31.5,25.9,11.3,5.7,14.6,9.0,3.3
2017-06-01 15:45:00+02:00,5.9,8.9,3.4,14.7,96.0,62.2,50.3,9.5,3.0,31.7,21.3,65.7,7.3,21.3,11.1,20.0,3.8,18.5,56.1,92.4,44.6,7.4,58.6,9.8,110.5,26.9,20.3,13.9,99.4,12.5,16.8,41.6,3.7,39.4,35.3,31.2,25.6,11.2,5.6,14.4,8.8,3.2
2017-06-01 15:46:00+02:00,6.0,8.9,3.4,14.7,96.3,62.6,50.6,9.5,3.0,31.8,21.3,66.0,7.3,21.2,11.0,20.0,3.8,18.5,56.5,92.7,44.9,7.4,59.0,9.8,110.9,26.9,20.4,13.9,99.8,12.4,16.8,41.6,3.7,39.5,35.3,31.3,25.6,11.2,5.6,14.5,8.9,3.2
2017-06-01 15:47:00+02:00,6.1,9.1,3.5,15.1,99.2,64.2,52.5,9.8,3.1,32.6,22.2,67.7,7.5,21.8,11.3,20.5,3.9,19.0,58.6,95.5,46.7,7.6,60.5,10.0,114.2,27.9,20.9,14.2,102.8,12.8,17.3,42.7,3.8,40.5,36.3,32.1,26.3,11.5,5.7,14.8,9.1,3.2
2017-06-01 15:48:00+02:00,6.1,9.2,3.5,15.2,99.8,64.0,52.7,9.8,3.1,32.6,22.8,67.5,7.5,21.9,11.4,20.5,3.9,19.1,58.8,96.1,46.8,7.6,60.4,10.0,114.9,28.7,21.0,14.3,103.4,12.8,17.3,42.9,3.8,40.5,36.2,32.0,26.2,11.5,5.8,14.7,9.0,3.1
2017-06-01 15:49:00+02:00,6.2,10.8,3.5,16.9,102.0,66.1,54.6,9.8,3.1,32.7,22.9,69.6,7.6,22.0,11.4,20.6,3.9,19.1,60.7,98.3,48.7,7.6,62.3,10.1,117.2,28.8,22.8,14.3,105.6,12.9,17.4,44.7,5.0,40.2,35.9,31.7,25.9,11.6,5.8,14.4,8.9,3.1
2017-06-01 15:50:00+02:00,6.1,11.1,3.6,17.2,102.8,66.9,54.7,9.8,3.1,32.6,22.9,70.5,7.6,21.9,11.4,20.5,4.0,19.0,60.8,99.1,48.8,7.6,63.2,10.0,117.9,28.7,23.0,14.3,106.4,12.9,17.3,44.9,5.3,40.3,36.0,31.8,26.0,11.5,5.7,14.5,8.9,3.0
2017-06-01 15:51:00+02:00,6.1,11.3,3.5,17.4,102.1,66.6,53.6,9.8,2.7,32.5,22.6,70.2,7.6,21.8,11.4,20.5,3.9,19.0,59.7,98.4,47.8,7.6,62.9,10.0,117.1,28.3,23.2,14.3,105.7,12.8,17.3,45.0,5.5,40.3,36.1,31.9,26.1,11.4,5.7,14.6,8.8,3.0
2017-06-01 15:52:00+02:00,6.1,11.1,3.5,17.2,101.5,66.6,53.6,10.0,2.5,32.4,22.0,70.1,7.6,21.9,11.4,20.4,4.0,19.1,59.6,97.8,47.7,7.6,62.9,10.0,116.4,27.8,23.0,14.2,105.0,13.0,17.2,44.9,5.4,40.3,36.0,31.8,26.0,11.4,5.7,14.6,8.8,3.0
2017-06-01 15:53:00+02:00,6.1,11.0,3.5,17.1,100.9,66.1,53.1,9.8,2.5,32.3,21.9,69.6,7.6,21.7,11.4,20.4,4.0,18.8,59.2,97.1,47.3,7.6,62.4,9.9,115.7,27.7,22.9,14.1,104.4,12.7,17.2,44.5,5.4,40.1,35.9,31.7,25.9,11.4,5.7,14.6,8.8,3.0
2017-06-01 15:54:00+02:00,6.0,11.0,3.5,17.0,100.3,65.2,52.8,9.7,2.6,31.7,22.3,68.7,7.6,21.5,11.3,19.9,3.9,18.7,58.8,96.6,47.0,7.5,62.0,9.6,114.0,28.0,22.8,13.8,103.8,12.6,17.0,44.3,5.4,39.8,35.6,31.4,25.7,11.3,5.6,14.4,8.7,3.0
2017-06-01 15:55:00+02:00,6.0,11.0,3.5,16.9,100.5,65.1,52.5,9.6,2.6,31.6,22.6,68.6,7.5,21.4,11.3,19.9,3.9,18.6,58.5,96.8,46.8,7.5,61.7,9.5,114.1,28.3,22.7,13.7,103.9,12.5,17.0,44.1,5.4,39.7,35.5,31.3,25.6,11.2,5.6,14.4,8.7,3.0
2017-06-01 15:56:00+02:00,5.8,11.0,3.5,16.9,100.3,65.1,52.4,9.6,2.6,31.4,22.6,68.5,7.5,21.3,11.3,19.7,3.9,18.6,58.3,96.6,46.7,7.5,61.5,9.4,114.5,28.2,22.6,13.6,103.8,12.4,17.0,43.9,5.5,39.0,34.8,30.6,24.9,11.2,5.6,13.8,8.7,3.0
2017-06-01 15:57:00+02:00,5.8,11.0,3.5,16.9,101.1,65.7,53.1,9.5,2.6,31.3,22.7,69.2,7.5,21.2,11.3,19.7,3.9,18.5,59.0,97.4,47.4,7.5,62.1,9.4,115.6,28.4,22.5,13.6,104.5,12.4,17.0,43.7,5.4,39.3,35.1,30.9,25.3,11.1,5.6,14.2,8.6,3.0
2017-06-01 15:58:00+02:00,5.8,10.1,3.5,16.0,98.6,64.1,52.1,9.4,2.6,31.2,22.0,67.5,7.4,21.0,11.2,19.6,3.8,18.3,58.0,94.9,46.4,7.5,60.5,9.3,113.1,27.6,21.6,13.5,102.0,12.3,16.9,42.5,4.5,38.7,34.5,30.3,24.7,10.6,5.1,14.1,8.6,3.0
2017-06-01 15:59:00+02:00,5.8,9.8,3.4,15.6,97.2,63.1,51.5,9.3,2.5,30.9,21.7,66.5,7.3,20.8,11.1,19.4,3.7,18.1,57.4,93.6,45.9,7.5,59.5,9.3,111.6,27.2,21.2,13.4,100.6,12.2,16.8,42.0,4.3,37.7,33.6,29.5,23.9,9.8,4.3,14.0,8.5,2.9
2017-06-01 16:00:00+02:00,5.7,9.6,3.4,15.4,95.5,61.9,50.5,9.5,2.5,30.6,21.4,65.2,7.2,20.9,11.1,19.1,3.7,18.3,56.3,92.0,44.9,7.4,58.3,9.2,109.8,26.9,21.0,13.1,98.9,12.4,16.7,41.9,4.2,38.1,34.0,29.9,24.4,10.6,5.2,13.8,8.3,2.8
2017-06-01 16:01:00+02:00,5.7,9.7,3.4,15.5,95.3,61.7,50.3,9.6,2.6,30.5,21.3,65.0,7.2,21.0,11.1,19.1,3.7,18.3,56.1,91.8,44.8,7.4,58.2,9.1,109.5,26.8,21.0,13.1,98.7,12.5,16.6,42.0,4.3,38.1,34.1,30.0,24.4,10.7,5.2,13.7,8.3,2.8
2017-06-01 16:02:00+02:00,5.7,9.7,3.4,15.5,95.2,61.4,49.6,8.8,2.5,30.7,21.4,64.8,6.5,20.1,11.1,19.2,3.7,17.5,55.4,91.7,44.0,7.4,57.9,9.2,109.5,27.0,21.0,13.2,98.6,11.6,16.7,41.2,4.3,38.5,34.4,30.3,24.7,10.9,5.3,13.9,8.4,2.9
2017-06-01 16:03:00+02:00,5.6,9.5,3.4,15.2,94.3,60.9,48.7,8.5,2.5,30.3,21.2,64.3,6.2,19.7,11.0,18.9,3.7,17.1,54.4,90.8,43.2,7.3,57.4,9.0,108.4,26.7,20.7,12.9,97.7,11.2,16.5,40.4,4.1,38.1,34.0,29.9,24.6,10.7,5.2,13.8,8.4,3.0
2017-06-01 16:04:00+02:00,5.7,9.5,3.3,15.2,95.5,62.1,49.8,9.6,2.5,30.5,21.2,65.4,7.1,20.9,10.9,19.0,3.7,18.3,55.6,92.0,44.4,7.3,58.6,9.1,109.6,26.7,20.7,13.1,98.9,12.4,16.5,41.5,4.1,38.1,34.1,30.0,24.6,10.8,5.2,13.8,8.4,3.0
2017-06-01 16:05:00+02:00,5.7,9.3,3.3,15.0,94.3,61.1,49.3,9.4,2.4,30.3,21.1,64.5,7.1,20.6,10.9,18.9,3.6,18.0,55.0,90.9,43.9,7.2,57.7,9.0,108.3,26.5,20.4,13.0,97.7,12.2,16.4,41.0,4.0,37.9,33.8,29.7,24.4,10.7,5.2,13.7,8.3,2.9
2017-06-01 16:06:00+02:00,5.7,9.1,3.3,14.8,95.4,62.1,50.0,9.4,2.1,30.3,21.1,65.4,7.1,20.5,10.9,19.0,3.6,18.0,55.8,91.9,44.6,7.2,58.6,9.0,109.5,26.6,20.2,13.0,98.7,12.1,16.4,40.7,3.8,37.9,33.8,29.7,24.4,10.6,5.1,13.8,8.4,2.9
2017-06-01 16:07:00+02:00,5.7,9.2,3.3,14.8,95.2,62.0,49.9,9.2,2.2,30.3,21.1,65.3,7.0,20.3,10.8,19.0,3.6,17.8,55.6,91.7,44.4,7.2,58.5,9.1,109.2,26.5,20.3,13.1,98.5,11.9,16.4,40.6,3.8,37.0,32.9,28.9,23.5,9.8,4.2,13.8,8.4,2.9
2017-06-01 16:08:00+02:00,5.7,9.3,3.3,14.9,95.7,61.9,49.8,9.2,2.2,30.4,21.7,65.2,7.0,20.3,10.9,19.1,3.6,17.8,55.5,92.2,44.4,7.3,58.4,9.2,109.6,27.1,20.4,13.2,99.0,11.9,16.4,40.6,3.9,37.7,33.7,29.6,24.2,10.5,5.0,13.7,8.4,2.9
2017-06-01 16:09:00+02:00,5.7,9.1,3.3,14.7,95.5,61.6,49.6,9.1,2.1,30.4,21.8,64.9,7.0,20.2,10.8,19.1,3.6,17.7,55.3,92.0,44.2,7.3,58.2,9.3,109.3,27.2,20.2,13.2,98.8,11.8,16.3,40.3,3.7,37.9,33.9,29.8,24.4,10.7,5.2,13.7,8.3,2.9
2017-06-01 16:10:00+02:00,5.6,9.1,3.3,14.7,95.3,61.4,49.5,9.1,2.0,30.2,21.8,64.7,7.0,20.1,10.8,19.1,3.6,17.6,55.2,91.8,44.1,7.3,58.0,9.2,109.1,27.2,20.1,13.2,98.6,11.8,16.3,40.2,3.7,37.1,33.0,28.9,23.5,9.9,4.4,13.7,8.3,2.9
2017-06-01 16:11:00+02:00,5.6,9.1,3.3,14.8,95.3,61.4,49.5,9.1,2.0,30.2,21.8,64.6,7.0,20.1,10.8,19.0,3.6,17.6,55.1,91.8,44.1,7.3,58.0,9.2,109.1,27.3,20.2,13.1,98.6,11.8,16.3,40.3,3.7,37.0,32.9,28.7,23.3,9.6,4.3,13.7,8.3,2.9
2017-06-01 16:12:00+02:00,5.6,8.6,3.3,14.3,94.5,60.8,48.9,9.1,1.6,30.2,21.7,64.0,7.0,20.0,10.8,19.1,3.6,17.6,54.5,91.0,43.5,7.2,57.4,9.2,108.2,27.1,19.7,13.2,97.7,11.8,16.3,39.7,3.2,36.9,32.8,28.7,23.3,9.7,4.3,13.6,8.3,2.9
2017-06-01 16:13:00+02:00,5.5,9.3,3.3,14.9,94.7,61.1,49.2,9.0,1.4,29.8,21.6,64.3,7.0,19.9,10.7,18.7,3.6,17.5,54.8,91.2,43.9,7.2,57.6,9.1,108.4,27.0,20.3,12.9,97.9,11.7,16.2,40.2,4.0,37.1,33.0,29.0,23.7,10.2,4.8,13.5,8.3,2.9
2017-06-01 16:14:00+02:00,5.5,9.3,3.2,14.9,94.1,60.8,49.0,9.0,1.4,29.2,21.5,64.0,6.9,19.8,10.7,18.3,3.6,17.4,54.6,90.8,43.7,7.2,57.4,9.1,107.8,26.8,20.2,12.4,97.4,11.7,16.1,40.0,4.0,37.3,33.2,29.2,23.9,10.5,5.1,13.4,8.2,2.9
2017-06-01 16:15:00+02:00,5.4,9.3,3.2,14.8,93.6,60.4,48.7,8.9,1.3,29.5,21.4,63.7,6.9,19.6,10.7,18.6,3.6,17.3,54.2,90.3,43.4,7.1,57.0,8.9,107.2,26.7,20.1,12.9,96.9,11.6,16.1,39.7,4.0,37.2,33.1,29.1,23.8,10.5,5.1,13.4,8.2,2.8
2017-06-01 16:16:00+02:00,5.4,9.3,3.2,14.9,93.9,60.7,48.9,8.9,1.4,29.1,21.4,63.8,6.9,19.6,10.7,18.2,3.6,17.3,54.5,90.5,43.6,7.1,57.2,8.5,107.5,26.8,20.2,12.5,97.1,11.6,16.1,39.8,4.0,36.9,32.8,28.8,23.5,10.1,4.7,13.4,8.2,2.8
2017-06-01 16:17:00+02:00,5.5,9.3,3.2,14.8,93.9,60.7,49.0,8.9,1.3,29.3,21.4,63.9,6.9,19.6,10.7,18.3,3.6,17.3,54.5,90.6,43.6,7.1,57.3,8.6,107.6,26.8,20.1,12.5,97.2,11.6,16.1,39.8,3.9,36.4,32.4,28.3,23.0,9.6,4.2,13.4,8.1,2.8
2017-06-01 16:18:00+02:00,5.5,9.3,3.2,14.9,94.0,60.8,49.0,8.9,1.4,29.3,21.4,63.9,6.9,19.7,10.7,18.3,3.6,17.3,54.5,90.6,43.7,7.1,57.3,8.5,107.6,26.8,20.2,12.5,97.2,11.6,16.1,39.8,4.0,37.4,33.3,29.3,24.0,10.6,5.2,13.4,8.1,2.8
2017-06-01 16:19:00+02:00,5.4,9.2,3.2,14.7,93.6,60.5,48.8,8.9,1.3,29.2,21.4,63.6,6.9,19.6,10.7,18.3,3.6,17.2,54.3,90.3,43.5,7.1,57.1,8.5,107.2,26.7,20.0,12.5,96.9,11.5,16.1,39.6,3.9,37.3,33.2,29.3,23.9,10.6,5.2,13.3,8.1,2.7
2017-06-01 16:20:00+02:00,5.4,9.1,3.2,14.6,92.5,59.7,48.2,8.8,1.2,28.9,21.2,62.8,6.9,19.4,10.6,18.1,3.6,17.1,53.6,89.2,42.9,7.0,56.3,8.4,105.9,26.5,19.7,12.4,95.7,11.4,15.9,39.1,3.8,37.0,33.0,29.0,23.7,10.5,5.1,13.2,8.0,2.7
2017-06-01 16:21:00+02:00,5.3,9.7,3.2,15.1,92.5,59.9,48.5,8.8,1.9,28.7,21.1,62.9,6.8,19.3,10.5,18.0,3.5,17.0,53.8,89.2,43.3,7.0,56.5,8.4,105.9,26.3,20.3,12.3,95.7,11.3,15.8,39.5,4.4,36.9,32.9,28.9,23.6,10.5,5.1,13.2,8.0,2.7
2017-06-01 16:22:00+02:00,5.3,9.8,3.1,15.2,92.5,60.1,48.7,8.9,2.1,28.7,21.0,63.1,6.8,19.3,10.4,18.0,3.5,17.0,54.1,89.2,43.5,7.0,56.7,8.4,105.8,26.2,20.4,12.3,95.6,11.4,15.8,39.8,4.6,36.8,32.8,28.9,23.6,10.5,5.1,13.1,7.9,2.7
2017-06-01 16:23:00+02:00,5.3,9.8,3.1,15.2,92.0,59.8,48.5,8.9,2.1,28.7,20.8,62.8,6.8,19.3,10.3,18.1,3.5,17.1,53.8,88.7,43.4,7.0,56.5,8.5,105.2,25.9,20.4,12.4,95.0,11.4,15.5,39.7,4.5,36.7,32.7,28.8,23.5,10.4,5.1,13.1,7.9,2.7
2017-06-01 16:24:00+02:00,5.3,9.7,3.1,15.1,91.0,58.7,47.5,8.8,2.0,29.0,20.8,61.8,6.7,18.4,10.3,18.3,3.5,16.1,52.8,87.7,42.4,6.9,55.4,8.8,104.1,26.0,20.3,12.7,93.9,11.3,15.6,38.6,4.5,36.6,32.6,28.6,23.4,10.4,5.1,13.0,7.8,2.6
2017-06-01 16:25:00+02:00,5.3,9.7,3.1,15.0,90.8,58.6,47.2,8.8,2.0,29.0,20.8,61.6,6.7,18.2,10.4,18.2,3.5,16.0,52.6,87.5,42.1,6.9,55.2,8.8,103.9,26.0,20.2,12.7,93.8,11.3,15.6,38.4,4.4,36.4,32.5,28.5,23.3,10.4,5.1,12.9,7.8,2.6
2017-06-01 16:26:00+02:00,5.3,9.6,3.1,14.9,91.2,59.0,47.7,8.8,2.0,28.9,20.7,62.1,6.7,18.9,10.4,18.2,3.5,16.7,53.1,87.9,42.6,6.9,55.7,8.8,104.2,25.9,20.0,12.7,94.1,11.2,15.6,38.9,4.4,36.2,32.3,28.3,23.2,10.3,5.0,12.9,7.7,2.6
2017-06-01 16:27:00+02:00,5.3,9.5,3.1,14.8,90.8,58.8,47.5,8.7,2.0,28.8,20.6,61.8,6.7,18.8,10.4,18.2,3.5,16.6,52.9,87.5,42.4,6.9,55.5,8.8,103.8,25.7,19.9,12.6,93.8,11.1,15.6,38.7,4.4,35.5,31.5,27.6,22.4,9.7,4.5,12.8,7.7,2.6
2017-06-01 16:28:00+02:00,5.3,9.6,3.1,14.9,90.1,58.4,47.2,8.5,2.0,28.7,20.3,61.5,6.6,18.5,10.2,18.1,3.4,16.4,52.5,86.8,42.1,6.9,55.2,8.8,103.2,25.4,19.9,12.6,93.1,10.9,15.4,38.5,4.5,35.4,31.4,27.3,22.2,9.5,4.3,12.7,7.6,2.5
2017-06-01 16:29:00+02:00,5.2,9.5,3.0,14.7,86.2,55.1,44.1,8.3,1.9,28.3,19.9,58.1,6.4,15.7,10.1,17.9,3.3,13.6,49.3,83.0,39.1,6.8,51.9,8.7,99.1,24.9,19.7,12.5,89.2,8.1,15.2,35.4,4.4,35.4,31.5,27.5,22.4,9.8,4.7,12.5,7.5,2.5
2017-06-01 16:30:00+02:00,5.2,9.4,3.0,14.5,84.8,54.3,43.3,8.3,1.9,28.2,19.3,57.3,6.4,15.1,10.1,17.8,3.3,13.0,48.5,81.6,38.3,6.7,51.1,8.7,97.7,24.4,19.5,12.4,87.8,7.6,15.2,34.7,4.3,35.2,31.3,27.3,22.3,9.8,4.7,12.5,7.5,2.5
2017-06-01 16:31:00+02:00,5.2,9.3,3.0,14.5,86.1,55.1,44.1,8.3,1.9,28.1,19.9,58.0,6.4,16.0,10.1,17.8,3.3,13.9,49.3,82.9,39.0,6.7,51.8,8.7,98.9,24.9,19.4,12.4,89.1,8.5,15.1,35.4,4.2,35.1,31.2,27.2,22.2,9.8,4.6,12.4,7.4,2.5
2017-06-01 16:32:00+02:00,5.2,9.3,3.0,14.4,85.1,54.5,43.6,8.2,1.8,27.9,19.7,57.4,6.3,15.8,10.0,17.6,3.2,13.7,48.8,81.9,38.6,6.6,51.3,8.6,97.8,24.6,19.3,12.3,88.0,8.3,15.0,35.0,4.2,34.8,30.9,26.9,22.0,9.6,4.6,12.3,7.4,2.4
2017-06-01 16:33:00+02:00,5.1,9.2,2.9,14.2,84.4,54.0,43.2,8.1,1.8,27.6,19.5,56.8,6.3,15.6,9.8,17.5,3.2,13.6,48.3,81.2,38.2,6.5,50.8,8.5,97.0,24.4,19.1,12.2,87.3,8.2,14.8,34.7,4.1,34.4,30.6,26.7,21.8,9.6,4.6,12.2,7.3,2.4
2017-06-01 16:34:00+02:00,5.1,9.1,2.9,14.1,85.3,54.9,44.2,8.1,1.8,27.1,19.5,57.7,6.2,16.9,9.8,17.4,3.2,14.8,49.3,82.1,39.3,6.5,51.7,8.5,97.8,24.5,19.0,12.1,88.2,9.5,14.8,35.8,4.1,34.3,30.5,26.6,21.7,9.6,4.6,12.1,7.3,2.4
2017-06-01 16:35:00+02:00,4.9,8.8,2.8,13.6,82.2,52.8,42.5,7.8,1.7,26.1,19.0,55.5,6.0,16.0,9.5,16.8,3.1,14.1,47.4,79.2,37.7,6.3,49.7,8.2,94.3,23.7,18.3,11.7,85.0,9.0,14.3,34.3,3.9,33.2,29.5,25.8,21.0,9.3,4.4,11.7,7.0,2.3
2017-06-01 16:36:00+02:00,5.0,9.2,2.8,14.1,84.5,54.7,44.4,7.9,2.0,26.9,19.2,57.4,6.1,17.0,9.6,17.0,3.1,15.1,49.2,81.4,39.6,6.4,51.6,8.3,96.9,24.0,18.9,11.9,87.4,9.9,14.5,35.9,4.3,33.7,29.9,26.1,21.3,9.4,4.5,11.9,7.1,2.3
2017-06-01 16:37:00+02:00,5.1,9.6,2.9,14.5,85.9,55.5,45.0,7.7,2.3,27.4,19.6,58.3,6.2,17.0,9.8,17.3,3.2,15.0,49.9,82.8,40.1,6.5,52.3,8.5,98.5,24.5,19.4,12.1,88.8,9.7,14.7,36.4,4.6,34.2,30.3,26.6,21.6,9.6,4.6,12.1,7.2,2.3
2017-06-01 16:38:00+02:00,5.1,9.5,2.9,14.5,86.4,55.9,45.4,8.1,2.3,27.3,19.6,58.7,6.3,17.4,9.8,17.3,3.3,15.5,50.3,83.2,40.5,6.5,52.8,8.4,99.0,24.5,19.3,12.1,89.3,10.2,14.7,36.7,4.6,34.2,30.3,26.6,21.6,9.5,4.6,12.1,7.3,2.4
2017-06-01 16:39:00+02:00,5.0,9.5,2.8,14.4,85.2,55.0,44.7,7.8,2.2,26.8,19.4,57.9,6.3,16.9,9.7,17.0,3.3,15.0,49.5,82.1,39.8,6.4,51.9,8.2,97.7,24.3,19.2,11.8,88.1,9.8,14.6,36.1,4.5,34.0,30.1,26.4,21.5,9.5,4.5,12.0,7.2,2.3
2017-06-01 16:40:00+02:00,4.9,9.3,2.8,14.0,83.4,54.0,43.9,7.8,2.2,25.9,19.0,56.8,6.2,16.7,9.5,16.2,3.3,14.8,48.6,80.5,39.1,6.3,51.0,7.6,95.7,23.8,18.7,11.2,86.3,9.8,14.3,35.4,4.4,33.4,29.6,25.9,21.1,9.3,4.4,11.8,7.1,2.3
2017-06-01 16:41:00+02:00,4.8,9.1,2.7,13.0,80.8,52.0,42.0,7.2,2.2,25.5,18.5,54.7,6.1,15.9,9.4,15.9,3.2,14.1,46.7,77.9,37.2,6.2,49.0,7.3,93.0,23.3,17.7,10.9,83.7,9.1,14.1,33.6,4.3,33.0,29.3,25.6,20.9,9.2,4.4,11.6,7.0,2.3
2017-06-01 16:42:00+02:00,4.9,9.2,2.7,13.8,82.6,54.1,43.9,7.9,2.2,25.9,18.1,56.8,6.2,16.8,9.5,16.1,3.3,15.0,48.7,79.7,39.1,6.3,51.0,7.4,95.0,22.9,18.6,11.0,85.5,9.9,14.3,35.4,4.4,33.7,29.8,26.1,21.2,9.4,4.5,11.8,7.1,2.3
2017-06-01 16:43:00+02:00,5.0,8.3,2.8,13.3,82.1,53.5,43.3,7.6,2.1,26.7,18.1,56.2,5.9,16.6,9.6,16.9,3.0,14.8,48.0,79.2,38.5,6.4,50.4,8.0,94.6,23.0,18.1,11.7,85.0,9.7,14.5,34.7,3.4,33.8,30.0,26.1,21.3,9.4,4.4,11.9,7.1,2.3
2017-06-01 16:44:00+02:00,5.0,8.1,2.8,13.1,80.9,52.5,42.3,7.2,2.1,26.7,17.9,55.2,5.6,15.9,9.6,16.9,2.7,14.1,47.0,77.9,37.5,6.4,49.4,8.0,93.3,22.7,17.8,11.7,83.7,9.0,14.5,33.8,3.2,33.7,29.9,26.0,21.2,9.3,4.4,11.8,7.1,2.2
2017-06-01 16:45:00+02:00,5.0,8.0,2.8,12.9,80.2,51.7,41.5,6.9,2.1,26.8,18.1,54.4,5.6,15.5,9.5,17.0,2.7,13.7,46.3,77.3,36.8,6.5,48.6,8.0,92.6,22.9,17.6,11.9,83.1,8.6,14.3,33.1,3.1,33.7,29.8,26.0,21.1,9.4,4.4,11.8,7.1,2.2
2017-06-01 16:46:00+02:00,4.9,7.9,2.8,12.8,80.2,51.7,41.6,7.2,2.1,26.6,18.1,54.4,5.5,15.8,9.5,16.9,2.7,14.0,46.3,77.2,36.8,6.4,48.6,8.0,92.5,22.9,17.5,11.8,83.0,9.0,14.4,33.3,3.1,33.4,29.6,25.7,20.9,9.2,4.3,11.7,7.0,2.2
2017-06-01 16:47:00+02:00,4.9,7.9,2.8,12.8,78.7,50.4,40.6,6.9,2.1,26.2,18.0,53.2,5.4,15.3,9.6,16.7,2.6,13.5,45.2,75.8,35.9,6.3,47.4,7.9,90.8,22.7,17.4,11.6,81.5,8.6,14.3,32.7,3.1,32.9,29.1,25.3,20.5,9.0,4.1,11.6,6.9,2.2
2017-06-01 16:48:00+02:00,4.9,7.8,2.8,12.7,76.8,48.8,39.8,6.4,2.0,26.2,17.8,51.5,5.4,14.6,9.3,16.5,2.6,12.9,44.4,73.9,35.1,6.3,45.8,7.9,88.9,22.5,17.3,11.5,79.6,8.0,14.1,32.0,3.0,33.1,29.3,25.5,20.7,9.1,4.3,11.5,6.9,2.1
2017-06-01 16:49:00+02:00,4.9,7.7,2.7,12.5,77.3,48.9,39.5,6.2,2.0,26.2,18.1,51.6,5.4,14.5,9.7,16.6,2.6,12.8,44.1,74.3,34.8,6.3,45.9,7.9,89.4,22.8,17.2,11.5,80.0,7.8,14.4,31.7,2.9,32.9,29.0,25.2,20.5,9.1,4.3,11.5,6.8,2.1
2017-06-01 16:50:00+02:00,4.8,7.7,2.7,12.5,77.2,49.0,39.5,6.3,2.0,26.0,18.0,51.7,5.4,14.5,9.6,16.5,2.6,12.8,43.7,74.3,34.8,6.3,46.0,7.9,89.3,22.7,17.2,11.5,80.0,7.9,14.4,31.7,2.9,33.0,29.2,25.4,20.7,9.2,4.4,11.4,6.8,2.1
2017-06-01 16:51:00+02:00,4.8,7.6,2.7,12.4,77.8,49.7,40.0,6.6,2.0,26.0,18.0,52.3,5.4,14.7,9.6,16.5,2.6,13.1,44.4,74.9,35.3,6.3,46.7,7.9,89.8,22.6,17.1,11.5,80.6,8.2,14.3,31.8,2.9,32.8,29.0,25.2,20.5,9.0,4.2,11.4,6.9,2.1
2017-06-01 16:52:00+02:00,4.8,7.7,2.7,12.5,77.5,49.6,40.1,6.7,2.0,25.9,17.8,52.2,5.4,14.8,9.5,16.4,2.6,13.2,44.3,74.6,35.4,6.2,46.6,7.8,89.5,22.4,17.1,11.5,80.2,8.3,14.3,31.9,3.0,32.6,28.9,25.1,20.4,9.0,4.2,11.4,6.8,2.1
2017-06-01 16:53:00+02:00,4.8,7.6,2.7,12.4,76.9,49.7,40.1,6.8,2.0,25.5,17.1,52.3,5.4,14.9,9.5,16.0,2.6,13.2,44.5,74.1,35.4,6.2,46.7,7.5,88.9,21.8,17.0,11.0,79.7,8.4,14.2,31.9,3.0,32.6,28.8,25.0,20.4,8.9,4.1,11.5,6.9,2.2
2017-06-01 16:54:00+02:00,4.6,8.3,2.6,13.0,76.2,50.1,40.4,6.8,1.9,24.8,16.9,52.7,5.4,14.7,9.4,15.4,2.6,13.1,44.9,74.2,35.8,6.1,47.1,6.9,88.2,21.5,17.6,10.5,79.0,8.3,14.1,32.3,3.6,32.4,28.6,24.9,20.2,8.8,4.1,11.4,6.9,2.2
2017-06-01 16:55:00+02:00,4.7,8.3,2.6,13.0,76.7,49.8,40.2,6.8,1.9,24.8,17.8,52.5,5.4,14.5,9.4,15.4,2.6,12.9,44.7,74.9,35.6,6.1,46.9,6.9,88.5,22.4,17.6,10.5,79.4,8.0,14.0,32.1,3.7,32.3,28.5,24.8,20.2,8.8,4.0,11.4,6.8,2.1
2017-06-01 16:56:00+02:00,4.7,8.2,2.6,12.5,76.8,49.6,39.9,6.7,1.9,24.8,18.2,52.2,5.4,14.7,9.4,15.5,2.6,13.2,44.6,75.0,35.3,6.1,46.7,6.9,88.7,22.8,17.1,10.6,79.5,8.3,14.0,31.9,3.6,32.3,28.5,24.8,20.1,8.8,4.0,11.4,6.8,2.1
2017-06-01 16:57:00+02:00,4.7,8.3,2.6,12.5,76.8,49.2,39.7,6.7,1.9,25.2,18.6,51.8,5.4,14.6,9.3,15.9,2.5,13.0,44.3,74.9,35.1,6.1,46.3,7.3,88.6,23.1,17.1,11.0,79.5,8.2,14.0,31.7,3.7,32.2,28.5,24.7,20.1,8.9,4.1,11.2,6.7,2.1
2017-06-01 16:58:00+02:00,4.6,6.9,2.6,11.5,75.0,47.7,38.3,6.4,1.8,25.4,18.4,50.3,5.1,14.2,9.2,16.1,2.2,12.6,42.9,73.2,33.7,6.0,44.9,7.7,86.7,22.9,16.1,11.2,77.7,7.8,13.8,30.2,2.2,31.7,27.9,24.1,19.5,8.4,3.7,11.1,6.5,2.0
2017-06-01 16:59:00+02:00,4.6,6.7,2.6,11.3,74.4,47.2,37.8,6.0,1.8,25.4,18.3,49.8,4.7,13.9,9.1,16.2,1.9,12.4,42.4,72.6,33.2,6.0,44.3,7.7,86.1,22.8,15.9,11.3,77.1,7.6,13.8,29.8,2.0,31.6,27.8,24.0,19.4,8.2,3.5,11.1,6.6,2.0
2017-06-01 17:00:00+02:00,4.6,6.6,2.6,11.2,74.1,46.9,37.6,6.0,1.8,25.2,18.2,49.5,4.7,13.9,9.1,16.0,1.9,12.4,42.2,72.2,33.1,6.0,44.1,7.6,85.5,22.7,15.8,11.1,76.7,7.7,13.7,29.7,2.0,31.1,27.4,23.5,19.2,8.1,3.4,11.2,6.6,2.0
2017-06-01 17:01:00+02:00,4.6,6.6,2.6,11.1,73.5,46.4,37.2,5.9,1.8,25.0,18.2,49.0,4.6,13.7,9.1,15.9,1.9,12.3,41.7,71.6,32.7,5.9,43.6,7.6,84.9,22.7,15.6,11.1,76.1,7.6,13.7,29.4,1.9,31.1,27.4,23.6,19.3,8.2,3.5,11.1,6.6,2.0
2017-06-01 17:02:00+02:00,4.5,6.4,2.5,10.9,71.8,45.4,36.3,5.3,1.7,24.9,17.5,47.9,4.0,13.0,9.0,15.8,1.8,11.6,40.7,69.8,31.8,5.9,42.6,7.5,83.1,21.9,15.5,11.0,74.5,6.9,13.6,28.5,1.8,31.2,27.5,23.7,19.5,8.4,3.7,11.1,6.6,2.0
2017-06-01 17:03:00+02:00,4.5,6.3,2.5,10.8,69.8,44.3,35.2,4.6,1.7,24.8,16.5,46.8,3.4,12.1,8.9,15.8,1.7,10.9,39.6,67.7,30.8,5.8,41.5,7.5,81.1,20.9,15.3,11.1,72.5,6.2,13.5,27.4,1.8,31.0,27.3,23.5,19.3,8.4,3.8,10.9,6.4,1.9
2017-06-01 17:04:00+02:00,4.5,6.2,2.5,10.7,69.2,44.3,35.3,5.2,1.6,24.7,15.9,46.8,4.0,12.4,8.7,15.8,1.6,11.4,39.6,67.0,30.9,5.8,41.6,7.5,80.3,20.2,15.1,11.0,71.8,6.8,13.2,27.5,1.7,30.8,27.2,23.4,19.2,8.4,3.8,10.9,6.4,1.9
2017-06-01 17:05:00+02:00,4.5,6.1,2.5,10.5,69.6,44.3,35.2,5.4,1.6,24.5,16.5,46.8,4.3,12.6,8.6,15.7,1.6,11.6,39.5,67.6,30.9,5.8,41.5,7.4,80.8,20.8,14.9,11.0,72.2,7.0,13.1,27.5,1.6,31.0,27.3,23.5,19.4,8.6,4.1,10.8,6.4,1.9
2017-06-01 17:06:00+02:00,4.4,5.9,2.4,10.2,69.4,43.2,34.2,5.0,1.5,24.2,17.5,45.6,4.0,12.0,8.8,15.5,1.6,11.0,38.5,67.3,29.9,5.7,40.5,7.3,80.3,21.8,14.6,10.8,71.9,6.6,13.2,26.6,1.5,30.5,26.9,23.2,19.1,8.5,4.0,10.6,6.3,1.8
2017-06-01 17:07:00+02:00,4.4,5.9,2.4,10.2,68.4,42.3,33.4,4.3,1.5,24.2,17.5,44.7,3.3,11.3,8.7,15.5,1.6,10.3,37.7,66.4,29.1,5.7,39.7,7.4,79.1,21.7,14.5,10.9,70.7,5.8,13.2,25.8,1.5,30.3,26.7,23.0,18.9,8.4,3.9,10.5,6.2,1.8
2017-06-01 17:08:00+02:00,4.4,5.8,2.4,10.1,68.5,42.7,33.8,5.0,1.4,24.1,17.3,45.0,4.0,11.8,8.6,15.4,1.5,10.8,38.0,66.5,29.5,5.7,40.0,7.4,78.9,21.5,14.4,10.8,70.7,6.4,13.1,26.2,1.4,29.5,25.9,22.9,18.8,8.4,3.9,10.4,6.2,1.8
2017-06-01 17:09:00+02:00,4.4,5.8,2.4,10.1,68.4,42.0,33.2,4.6,1.4,24.2,17.4,44.4,3.7,11.5,8.6,15.5,1.5,10.5,37.4,65.9,28.9,5.7,39.4,7.4,78.8,21.6,14.1,10.9,70.6,6.1,13.1,25.5,1.4,29.5,25.9,23.0,18.9,8.5,4.0,10.4,6.2,1.8
2017-06-01 17:10:00+02:00,4.4,5.7,2.4,10.1,68.1,41.8,33.0,5.0,1.4,23.9,17.3,44.1,4.1,11.9,8.6,15.2,1.5,10.9,37.3,65.6,28.7,5.6,39.2,7.1,78.4,21.5,13.5,10.6,70.3,6.5,13.0,25.4,1.3,30.0,26.5,22.9,18.7,8.4,3.9,10.3,6.1,1.8
2017-06-01 17:11:00+02:00,4.3,5.7,2.3,9.9,68.0,41.7,33.3,5.0,1.4,24.0,17.3,44.0,4.1,11.8,8.6,15.3,1.5,10.8,37.5,65.5,29.0,5.6,39.1,7.3,78.3,21.5,13.9,10.7,70.2,6.4,13.0,25.7,1.3,29.9,26.4,22.8,18.7,8.4,3.9,10.3,6.1,1.8
2017-06-01 17:12:00+02:00,4.3,5.7,2.3,9.9,68.7,42.3,34.0,5.4,1.4,23.9,17.4,44.6,4.5,12.2,8.6,15.2,1.9,11.3,38.2,66.2,29.7,5.6,39.7,7.2,78.9,21.6,14.3,10.7,71.0,6.8,13.0,26.5,1.3,30.1,26.5,22.9,18.8,8.3,3.9,10.5,6.1,1.8
2017-06-01 17:13:00+02:00,4.3,6.2,2.3,10.4,69.1,43.1,34.8,6.0,1.3,23.7,17.0,45.4,5.1,12.6,8.6,15.1,2.6,11.8,39.1,66.5,30.5,5.5,40.5,7.1,79.2,21.2,14.7,10.5,71.3,7.3,12.9,27.4,1.8,30.2,26.7,23.0,18.9,8.5,4.1,10.4,6.1,1.8
2017-06-01 17:14:00+02:00,4.3,6.2,2.3,9.8,67.9,42.2,33.8,5.6,1.3,23.6,16.8,44.4,4.8,12.3,8.5,15.0,2.7,11.4,38.0,65.4,29.5,5.5,39.6,7.1,78.3,21.0,14.1,10.5,70.2,7.0,12.8,26.4,1.9,30.3,26.7,23.0,19.0,8.6,4.2,10.4,6.1,1.8
2017-06-01 17:15:00+02:00,4.3,6.2,2.3,9.6,66.2,40.4,31.9,5.2,1.3,23.5,16.9,42.6,4.4,11.8,8.4,14.9,2.4,10.9,36.1,63.7,27.7,5.5,37.8,7.1,76.6,21.1,12.8,10.5,68.4,6.6,12.7,24.5,1.9,30.1,26.6,22.9,18.9,8.6,4.2,10.4,6.1,1.8
2017-06-01 17:16:00+02:00,4.2,6.1,2.3,9.7,65.2,39.5,31.3,4.5,1.3,23.3,16.9,41.7,3.7,11.0,8.3,14.8,1.8,10.1,35.5,62.7,26.9,5.4,37.0,7.0,75.6,21.1,12.9,10.4,67.4,5.8,12.6,23.8,1.8,30.2,26.7,23.0,19.0,8.6,4.2,10.4,6.1,1.8
2017-06-01 17:17:00+02:00,4.2,6.0,2.2,9.4,65.7,40.2,31.9,5.5,1.2,23.3,16.8,42.3,4.8,11.9,8.2,14.8,2.6,11.1,36.0,63.2,27.6,5.4,37.7,7.0,76.0,20.9,12.5,10.4,67.8,6.8,12.5,24.4,1.7,30.0,26.5,22.8,18.8,8.5,4.2,10.3,6.0,1.7
2017-06-01 17:18:00+02:00,4.2,5.9,2.2,9.5,65.4,40.2,32.2,5.6,1.2,22.9,16.6,42.3,5.0,12.0,8.1,14.5,2.6,11.2,36.1,63.0,27.9,5.3,37.8,6.7,75.7,20.7,12.6,10.1,67.6,6.9,12.4,24.6,1.6,29.8,26.3,22.6,18.7,8.5,4.2,10.2,5.9,1.6
2017-06-01 17:19:00+02:00,4.2,5.8,2.2,9.8,65.5,40.5,32.5,5.6,1.1,22.8,16.5,42.6,4.9,12.1,8.1,14.5,2.6,11.1,36.4,63.1,28.3,5.3,38.1,6.7,75.7,20.5,12.9,10.1,67.6,6.8,12.3,25.0,1.6,29.6,26.1,22.5,18.6,8.5,4.1,10.1,5.9,1.6
2017-06-01 17:20:00+02:00,4.2,5.9,2.2,9.9,66.3,41.3,33.2,5.3,1.2,22.9,16.5,43.3,4.7,11.7,8.0,14.5,2.6,10.7,37.1,63.8,28.9,5.3,38.8,6.7,76.5,20.5,14.0,10.1,68.4,6.5,12.3,25.7,1.6,29.6,26.1,22.5,18.6,8.5,4.2,10.1,5.9,1.6
2017-06-01 17:21:00+02:00,4.2,5.8,2.2,9.8,65.2,41.4,33.3,5.3,1.1,22.7,16.4,43.5,4.8,11.8,8.0,14.3,2.6,10.8,37.3,62.7,28.9,5.3,39.0,6.5,75.4,19.3,14.0,9.9,67.3,6.6,12.3,25.8,1.6,29.6,26.1,22.5,18.6,8.5,4.2,10.1,5.9,1.6
2017-06-01 17:22:00+02:00,4.3,5.6,2.1,9.6,64.0,41.3,33.0,5.2,1.0,22.7,16.4,43.3,4.9,11.7,8.0,14.3,2.5,10.8,37.2,61.6,28.7,5.2,38.8,6.6,74.3,18.3,13.8,10.0,66.2,6.6,12.2,25.5,1.4,29.5,26.0,22.4,18.5,8.5,4.1,10.1,5.8,1.6
2017-06-01 17:23:00+02:00,4.2,5.5,2.1,9.4,63.5,40.9,32.6,5.3,0.9,22.1,16.3,42.9,4.6,11.6,7.9,13.8,2.5,10.7,36.8,61.1,28.4,5.2,38.4,6.0,73.8,18.3,13.6,9.4,65.7,6.5,12.2,25.2,1.3,29.3,25.9,22.3,18.4,8.4,4.1,10.0,5.8,1.5
2017-06-01 17:24:00+02:00,4.2,5.4,2.1,9.4,62.0,39.5,31.4,4.7,1.0,21.1,16.2,41.5,4.2,10.7,7.9,12.8,2.5,9.8,35.6,59.6,27.3,5.1,37.2,5.1,72.3,18.1,13.4,8.5,64.1,5.8,12.1,24.1,1.3,29.0,25.6,22.0,18.2,8.3,4.1,9.9,5.7,1.5
2017-06-01 17:25:00+02:00,4.1,5.5,2.1,9.3,60.9,38.6,30.8,5.2,1.1,21.2,16.1,40.6,4.7,10.2,7.9,12.9,2.5,9.4,34.9,58.5,26.7,5.1,36.4,5.3,71.2,18.0,13.3,8.7,63.1,6.3,12.0,23.5,1.4,28.8,25.4,21.9,18.1,8.3,4.1,9.8,5.6,1.5
2017-06-01 17:26:00+02:00,4.0,5.4,2.0,7.9,60.0,37.8,30.2,5.2,0.9,20.9,16.1,39.8,4.7,11.1,7.8,12.7,2.5,10.2,34.1,57.7,26.1,5.1,35.6,5.1,70.2,17.9,11.9,8.4,62.1,6.3,12.0,23.0,1.3,28.7,25.3,21.8,18.0,8.2,4.0,9.8,5.6,1.5
2017-06-01 17:27:00+02:00,4.0,5.2,2.1,7.8,60.2,36.7,29.1,5.2,0.9,20.7,16.0,38.7,4.6,10.1,7.8,12.5,2.4,9.2,33.0,57.8,25.0,5.1,34.5,5.1,69.9,19.1,11.8,8.3,62.2,6.2,11.9,21.9,1.2,28.5,25.2,21.7,17.8,8.0,4.0,9.8,5.6,1.5
2017-06-01 17:28:00+02:00,4.0,6.2,2.0,8.9,62.5,38.4,30.8,5.1,1.0,20.4,15.8,40.3,4.5,10.8,7.7,12.3,2.5,10.0,34.7,60.2,26.8,5.0,36.2,5.0,71.4,19.9,12.9,8.1,64.5,6.1,11.8,23.7,2.2,28.2,24.9,21.4,17.6,7.9,3.9,9.7,5.5,1.4
2017-06-01 17:29:00+02:00,4.0,6.1,2.0,8.8,60.8,37.0,29.5,5.0,0.8,20.3,15.7,38.9,4.5,9.6,7.6,12.3,2.5,8.8,33.4,58.6,25.4,4.9,34.8,5.0,70.5,19.7,12.8,8.1,62.6,5.9,11.7,22.4,2.2,28.0,24.7,21.2,17.5,7.9,3.9,9.6,5.5,1.4
2017-06-01 17:30:00+02:00,3.9,6.2,2.0,9.0,61.5,37.7,30.3,4.9,1.0,20.2,15.7,39.6,4.5,10.4,7.7,12.3,2.5,9.6,34.2,59.4,26.3,4.9,35.6,4.9,71.3,19.7,13.0,8.1,63.5,5.8,11.7,23.3,2.3,27.7,24.5,21.0,17.4,7.9,3.9,9.5,5.4,1.4
2017-06-01 17:31:00+02:00,3.9,6.0,1.9,8.8,59.8,36.2,29.1,4.9,0.8,19.2,15.6,38.1,4.4,9.3,7.6,11.3,2.4,8.5,32.9,57.7,25.1,4.8,34.1,4.0,69.5,19.6,12.8,7.2,61.8,5.7,11.7,22.1,2.1,27.5,24.3,20.9,17.3,7.8,3.9,9.5,5.4,1.4
2017-06-01 17:32:00+02:00,3.9,6.0,1.9,8.8,59.9,36.2,29.9,4.9,0.8,18.7,15.6,38.1,4.4,10.2,7.6,10.7,2.4,9.4,33.7,57.7,25.9,4.8,34.1,3.8,69.5,19.6,12.7,7.0,61.8,5.6,11.7,22.9,2.1,27.5,24.4,20.9,17.2,7.8,3.9,9.4,5.4,1.4
2017-06-01 17:33:00+02:00,4.0,5.9,1.9,9.3,59.2,35.7,28.7,4.8,0.8,18.8,15.6,37.6,4.4,8.6,7.6,10.9,2.4,8.5,32.6,57.0,24.8,4.8,33.6,4.0,68.8,19.5,13.3,7.2,61.1,5.6,11.6,21.9,2.1,27.5,24.3,20.9,17.3,7.9,3.9,9.4,5.3,1.3
2017-06-01 17:34:00+02:00,4.0,5.8,1.9,9.4,59.0,35.7,28.4,4.6,0.7,19.2,15.5,37.5,4.3,8.3,7.5,11.3,2.4,9.0,32.3,56.8,24.5,4.7,33.6,4.5,68.5,19.3,13.3,7.7,60.9,5.3,11.5,21.6,1.9,27.5,24.4,20.9,17.2,7.8,3.9,9.4,5.3,1.3
2017-06-01 17:35:00+02:00,4.0,5.8,1.9,9.4,58.1,34.8,27.7,4.6,0.8,19.4,15.5,36.6,4.3,7.5,7.5,11.6,2.3,8.2,31.5,55.9,23.7,4.7,32.7,4.8,67.6,19.3,13.3,8.0,60.0,5.4,11.5,20.8,2.0,27.4,24.3,20.9,17.1,7.8,3.9,9.3,5.3,1.3
2017-06-01 17:36:00+02:00,3.6,5.7,1.9,9.3,58.7,35.3,28.4,4.4,0.7,19.4,15.5,37.1,4.2,8.2,7.5,11.5,2.3,8.9,32.2,56.5,24.4,4.7,33.3,4.8,68.2,19.4,13.2,7.9,60.6,5.2,11.5,21.4,1.9,27.3,24.2,20.8,17.1,7.8,3.9,9.3,5.3,1.3
2017-06-01 17:37:00+02:00,3.9,5.8,1.8,9.3,52.3,29.0,27.5,4.6,0.8,20.6,15.4,30.8,4.3,7.3,7.4,12.8,2.3,8.0,31.3,50.1,23.5,4.7,27.0,6.1,61.9,19.3,13.2,9.2,54.3,5.3,11.5,20.6,2.0,27.3,24.2,20.8,17.0,7.8,3.9,9.2,5.2,1.3
2017-06-01 17:38:00+02:00,3.9,5.7,1.8,9.3,52.4,29.2,28.1,4.4,0.8,20.7,15.4,30.9,4.0,8.0,7.5,12.9,2.3,8.7,31.9,50.3,24.1,4.6,27.1,6.1,62.1,19.4,13.2,9.3,54.5,5.1,11.5,21.2,2.0,27.2,24.1,20.7,17.0,7.8,3.9,9.3,5.3,1.3
2017-06-01 17:39:00+02:00,3.9,5.7,1.8,9.3,51.2,28.4,27.5,4.0,0.8,20.9,15.2,30.1,3.7,7.5,7.3,13.1,2.3,8.2,31.2,49.2,23.5,4.5,26.4,6.4,60.8,19.1,13.1,9.5,53.2,4.6,11.3,20.6,1.9,27.1,24.0,20.7,17.0,7.7,3.8,9.2,5.2,1.2
2017-06-01 17:40:00+02:00,3.9,5.6,1.8,9.1,50.7,28.0,27.4,4.0,0.8,20.9,15.1,29.7,3.7,7.6,7.2,13.0,2.3,8.3,31.2,48.7,23.5,4.4,26.2,6.4,60.2,19.0,13.0,9.4,52.6,4.6,11.2,20.6,1.8,27.0,23.9,20.5,16.9,7.7,3.8,9.2,5.2,1.2
2017-06-01 17:41:00+02:00,3.9,5.6,1.7,8.8,49.9,27.3,26.9,3.9,0.7,20.9,15.0,29.0,3.6,7.4,7.2,13.0,2.3,8.2,30.6,47.9,22.9,4.4,25.6,6.3,59.1,18.9,12.6,9.4,51.6,4.5,11.1,20.0,1.8,26.9,23.8,20.5,16.8,7.6,3.8,9.1,5.1,1.2
2017-06-01 17:42:00+02:00,3.9,5.6,1.7,8.7,48.7,26.1,25.7,3.0,0.7,20.9,15.1,27.7,3.6,6.3,7.3,13.0,2.3,7.1,29.4,46.8,21.8,4.5,24.3,6.3,57.8,19.0,12.6,9.4,50.3,3.5,11.2,18.9,1.8,26.8,23.7,20.4,16.7,7.7,3.8,9.1,5.1,1.1
2017-06-01 17:43:00+02:00,3.9,5.6,1.7,8.7,47.9,25.4,25.2,2.7,0.7,20.8,15.1,27.1,3.6,5.9,7.2,12.9,2.3,6.8,28.9,46.0,21.3,4.5,23.7,6.3,57.0,18.9,12.6,9.3,49.6,3.3,11.2,18.5,1.8,26.7,23.6,20.3,16.6,7.6,3.8,9.0,5.1,1.1
2017-06-01 17:44:00+02:00,3.9,5.5,1.7,8.6,45.9,23.6,23.5,2.7,0.7,20.8,15.0,25.1,3.6,4.3,7.2,12.9,2.4,5.2,27.1,44.0,19.6,4.5,21.9,6.3,54.2,18.9,12.5,9.3,46.7,1.9,11.2,16.7,1.8,26.6,23.5,20.2,16.6,7.6,3.7,9.0,5.1,1.1
2017-06-01 17:45:00+02:00,3.5,5.5,1.7,8.6,46.9,24.6,22.9,2.7,0.7,20.5,15.0,26.1,3.6,4.1,7.2,12.7,2.3,4.8,26.5,45.0,19.0,4.4,22.9,5.9,55.3,18.9,12.5,9.1,47.5,2.0,11.2,16.2,1.8,26.7,23.6,20.3,16.6,7.6,3.7,9.0,5.1,1.1
2017-06-01 17:46:00+02:00,3.9,5.4,1.7,8.5,51.5,29.2,22.7,2.7,0.7,20.8,15.0,30.8,3.6,4.0,7.1,12.9,2.3,4.8,26.4,49.6,18.8,4.4,27.5,6.2,59.9,18.8,12.4,9.4,52.1,2.0,11.1,16.1,1.7,26.6,23.6,20.3,16.5,7.6,3.7,9.0,5.1,1.1
2017-06-01 17:47:00+02:00,3.9,5.5,1.7,8.5,52.1,29.6,23.3,3.1,0.7,20.6,15.1,31.2,4.0,4.4,7.1,12.6,2.3,5.2,27.0,50.1,19.4,4.4,27.9,5.7,60.5,19.0,12.5,8.8,52.6,2.2,11.2,16.6,1.7,26.7,23.6,20.3,16.5,7.6,3.8,8.9,5.0,1.1
2017-06-01 17:48:00+02:00,3.9,4.6,1.7,7.7,51.8,29.2,23.1,2.7,0.2,20.9,15.1,30.8,3.6,4.9,7.1,13.0,2.3,4.8,26.7,49.8,19.2,4.4,27.6,5.9,60.3,19.1,11.7,9.1,52.4,1.9,11.2,16.4,0.9,26.7,23.7,20.4,16.6,7.6,3.8,9.0,5.0,1.1
2017-06-01 17:49:00+02:00,3.9,4.8,1.6,8.0,51.1,28.6,22.5,2.1,0.0,19.2,15.0,30.2,3.0,4.1,7.1,11.2,1.7,4.0,26.1,49.1,18.6,4.4,27.0,4.8,59.5,19.0,11.9,7.9,51.6,1.7,11.1,15.8,1.1,26.7,23.7,20.4,16.5,7.6,3.8,9.0,5.0,1.0
2017-06-01 17:50:00+02:00,3.9,5.4,1.6,8.5,51.0,28.6,22.8,2.0,0.6,18.5,15.0,30.2,3.0,3.8,7.1,10.5,1.3,3.7,26.3,49.1,18.9,4.4,27.1,3.4,59.2,18.9,12.5,6.6,51.5,1.6,11.1,16.1,1.6,26.6,23.6,20.3,16.5,7.6,3.8,8.9,4.9,1.0
2017-06-01 17:51:00+02:00,3.8,5.3,1.6,8.4,50.5,28.4,22.7,2.4,0.5,19.3,15.0,29.9,3.3,4.1,7.0,11.3,2.1,3.9,26.2,48.5,18.9,4.3,26.8,4.6,58.6,18.7,12.2,7.7,50.9,1.7,11.0,16.1,1.5,26.4,23.4,20.1,16.3,7.5,3.7,8.8,4.9,1.0
2017-06-01 17:52:00+02:00,3.8,5.2,1.6,8.3,50.9,28.9,23.3,3.0,0.5,19.8,14.9,30.4,3.6,4.7,6.9,11.8,2.3,4.6,26.8,49.0,19.5,4.3,27.4,5.9,60.1,18.6,12.1,9.0,52.5,2.0,10.9,16.7,1.4,26.4,23.4,20.1,16.3,7.5,3.7,8.9,4.9,1.0
2017-06-01 17:53:00+02:00,3.8,5.1,1.5,8.2,50.5,28.8,23.2,3.1,0.5,19.7,14.8,30.2,3.2,4.8,6.9,11.8,2.3,4.7,26.7,48.7,19.4,4.2,27.3,5.9,59.8,18.5,12.0,9.0,52.2,2.1,10.9,16.6,1.4,26.3,23.3,20.1,16.3,7.4,3.7,8.9,5.0,0.9
2017-06-01 17:54:00+02:00,3.8,5.1,1.5,8.1,48.9,27.4,21.9,1.8,0.4,20.3,14.7,28.9,1.9,3.7,6.8,12.4,2.3,3.6,25.4,47.1,18.1,4.2,25.9,6.0,58.0,18.3,11.9,9.1,50.5,1.7,10.8,15.3,1.4,25.9,23.0,19.8,16.1,7.3,3.7,8.7,4.8,0.9
2017-06-01 17:55:00+02:00,3.8,4.9,1.5,7.9,48.2,27.0,21.5,1.7,0.4,20.4,14.5,28.5,1.8,3.6,6.7,12.7,2.2,3.5,25.0,46.5,17.7,4.1,25.5,5.9,56.5,18.1,11.7,9.0,49.8,1.7,10.7,15.0,1.3,25.2,22.3,19.1,15.9,7.3,3.7,8.6,4.7,0.9
2017-06-01 17:56:00+02:00,3.8,4.8,1.4,7.5,47.4,26.4,20.8,1.6,0.4,20.4,14.4,27.8,1.8,3.4,6.6,12.7,2.2,3.4,24.3,45.7,17.0,4.1,24.8,5.9,55.7,18.0,11.3,9.0,49.0,1.7,10.6,14.3,1.2,25.2,22.3,19.1,15.8,7.2,3.6,8.5,4.7,0.8
2017-06-01 17:57:00+02:00,3.8,4.7,1.4,7.4,47.3,26.4,21.0,1.6,0.4,19.1,14.2,27.8,1.8,3.5,6.6,11.4,2.2,3.5,24.5,45.6,17.2,4.0,24.9,5.9,55.6,17.8,11.2,8.1,48.8,1.5,10.5,14.5,1.2,25.4,22.6,19.4,15.7,7.2,3.6,8.5,4.6,0.8
2017-06-01 17:58:00+02:00,3.7,4.7,1.4,7.4,49.0,28.2,22.8,1.4,0.3,18.8,14.2,29.6,1.7,5.2,6.5,11.2,2.1,5.2,26.2,47.3,19.0,4.0,26.7,5.7,57.4,17.7,11.2,7.7,50.5,1.9,10.5,16.3,1.2,25.3,22.5,19.3,15.6,7.2,3.6,8.5,4.6,0.8
2017-06-01 17:59:00+02:00,3.7,4.6,1.4,7.5,49.7,29.0,23.5,2.4,0.3,19.2,14.1,30.3,2.6,5.9,6.5,11.6,2.0,6.0,27.0,48.0,19.7,4.0,27.4,5.7,58.1,17.7,11.2,7.9,51.2,2.7,10.4,17.1,1.1,25.2,22.4,19.2,15.6,7.2,3.6,8.4,4.6,0.8
2017-06-01 18:00:00+02:00,3.7,4.5,1.4,7.4,49.1,28.6,23.3,3.1,0.3,19.0,14.0,29.9,3.6,6.6,6.4,11.4,2.0,6.7,26.8,47.5,20.1,3.9,27.1,5.7,57.9,17.6,11.0,7.7,50.6,3.4,10.3,17.6,1.0,25.1,22.3,19.2,15.5,7.1,3.6,8.4,4.6,0.8
2017-06-01 18:01:00+02:00,3.6,4.4,1.3,7.3,47.5,27.3,22.1,2.6,0.3,19.2,13.9,28.6,3.5,6.1,6.3,11.7,1.9,6.2,25.5,46.0,19.4,3.8,25.8,5.6,56.3,17.4,10.7,8.0,49.0,2.9,10.2,16.8,1.0,25.0,22.3,19.2,15.5,7.1,3.5,8.4,4.6,0.8
2017-06-01 18:02:00+02:00,3.6,4.4,1.3,7.2,48.0,28.0,22.9,2.3,0.3,18.4,13.8,29.2,3.5,5.9,6.2,10.9,1.9,5.9,26.3,46.5,19.1,3.8,26.5,5.6,56.8,17.3,10.7,8.1,49.5,2.6,10.1,16.6,1.0,24.8,22.1,19.0,15.4,7.1,3.5,8.3,4.5,0.7
2017-06-01 18:03:00+02:00,3.6,4.3,1.3,7.0,47.4,27.6,22.5,2.2,0.3,18.0,13.7,28.8,3.4,5.9,6.1,10.5,1.9,5.7,25.9,45.9,18.7,3.7,26.2,5.5,56.1,17.1,10.4,8.0,48.9,2.5,10.0,16.2,0.9,24.5,21.9,18.9,15.2,7.0,3.5,8.2,4.4,0.6
2017-06-01 18:04:00+02:00,3.7,4.3,1.3,7.0,45.5,25.7,20.7,2.2,0.2,18.1,13.7,26.9,3.4,4.0,6.1,10.6,1.9,3.8,24.0,44.0,16.9,3.7,24.3,5.6,54.2,17.1,10.4,8.1,46.9,0.5,10.0,14.4,0.9,24.4,21.8,18.8,15.2,7.0,3.5,8.2,4.4,0.6
2017-06-01 18:05:00+02:00,3.7,4.2,1.2,7.0,44.8,25.1,20.0,2.4,0.2,18.1,13.6,26.3,3.4,3.1,6.0,10.6,1.8,2.9,23.4,43.3,16.2,3.7,23.7,5.6,53.4,17.0,10.6,8.1,46.2,0.3,9.8,13.7,0.9,24.3,21.7,18.7,15.1,7.0,3.5,8.1,4.4,0.6
2017-06-01 18:06:00+02:00,3.7,4.1,1.2,7.2,44.2,24.7,19.6,2.2,0.2,17.9,13.4,25.9,3.1,2.8,5.9,10.5,1.6,2.6,22.9,42.7,15.9,3.6,23.5,5.6,52.8,16.9,10.5,8.0,45.6,0.6,9.6,13.4,0.8,24.0,21.4,18.4,14.9,6.9,3.5,8.0,4.2,0.5
2017-06-01 18:07:00+02:00,3.7,4.0,1.2,7.3,43.3,24.0,19.3,1.6,0.2,18.1,13.3,25.1,2.1,2.2,5.9,10.6,0.8,2.0,22.6,41.9,15.5,3.6,23.1,5.5,51.8,16.8,10.8,7.7,44.5,1.2,9.6,13.1,0.8,23.9,21.3,18.4,14.8,6.9,3.4,7.9,4.2,0.5
2017-06-01 18:08:00+02:00,3.7,4.0,1.2,7.4,43.8,24.5,19.8,2.0,0.2,18.2,13.4,25.6,2.1,2.7,5.9,10.6,0.8,2.5,23.1,42.4,16.1,3.6,23.6,5.0,52.2,16.9,10.9,7.0,45.0,0.8,9.6,13.6,0.8,24.0,21.4,18.4,14.9,6.9,3.5,7.9,4.2,0.5
2017-06-01 18:09:00+02:00,3.7,4.0,1.2,7.4,43.8,24.5,19.6,1.9,0.2,17.8,13.3,25.5,2.1,2.7,5.8,10.2,0.8,2.5,22.9,42.3,15.8,3.5,23.5,4.1,51.2,16.8,10.7,6.6,45.0,0.9,9.5,13.4,0.7,23.9,21.3,18.3,14.8,6.9,3.5,7.9,4.2,0.5
2017-06-01 18:10:00+02:00,3.7,4.0,1.1,7.3,43.6,24.5,19.5,1.8,0.2,17.6,13.2,25.5,2.0,2.5,5.7,10.3,0.7,2.4,22.9,42.2,15.8,3.5,23.4,4.1,50.9,16.7,10.8,6.6,44.7,1.0,9.4,13.4,0.7,23.9,21.3,18.3,14.9,6.9,3.4,8.0,4.3,0.5
2017-06-01 18:11:00+02:00,3.6,3.9,1.1,7.1,42.9,24.1,19.1,1.7,0.2,17.6,13.1,25.0,1.9,2.4,5.6,10.3,0.7,2.3,22.6,41.6,15.4,3.4,23.1,4.2,50.2,16.6,10.6,6.7,44.1,1.1,9.3,13.0,0.6,23.7,21.1,18.2,14.7,6.8,3.4,7.9,4.2,0.5
2017-06-01 18:12:00+02:00,3.6,3.8,1.1,6.9,41.6,23.0,18.1,1.8,0.2,17.5,12.9,24.0,1.9,1.7,5.6,10.2,0.7,1.7,21.5,40.4,14.4,3.4,22.0,4.1,48.9,16.4,10.3,6.7,42.8,1.1,9.3,12.0,0.6,23.3,20.9,18.0,14.6,6.8,3.4,7.8,4.2,0.5
2017-06-01 18:13:00+02:00,3.6,3.9,1.1,6.9,41.0,23.1,18.3,2.0,0.2,17.1,12.1,24.1,2.1,1.8,5.5,9.9,0.9,1.8,21.7,39.7,14.6,3.3,22.2,3.9,48.1,15.6,10.4,6.4,42.0,0.8,8.6,12.3,0.7,23.1,20.7,17.8,14.4,6.7,3.3,7.7,4.1,0.5
2017-06-01 18:14:00+02:00,3.6,3.9,1.1,6.9,40.8,23.4,19.1,2.1,0.2,17.1,11.6,24.4,2.1,2.7,5.4,9.9,0.9,2.7,22.1,39.5,15.4,3.3,22.5,4.0,48.0,15.1,10.4,6.3,41.8,0.3,7.9,13.1,0.7,23.1,20.7,17.8,14.4,6.7,3.3,7.7,4.1,0.5
2017-06-01 18:15:00+02:00,3.6,3.8,1.0,6.9,42.7,25.4,20.7,2.1,0.1,16.4,11.5,26.4,2.2,4.4,5.4,9.2,1.0,4.4,23.7,41.5,17.1,3.2,24.1,4.0,50.4,15.1,10.4,5.7,43.8,1.0,7.8,14.8,0.7,23.1,20.7,17.8,14.3,6.7,3.3,7.7,4.1,0.4
2017-06-01 18:16:00+02:00,3.6,3.8,1.0,6.9,42.2,24.9,21.0,2.4,0.1,17.0,11.6,25.8,2.5,4.7,5.3,9.9,1.4,4.6,23.1,41.0,17.5,3.2,23.5,4.2,49.8,15.2,10.5,6.4,43.2,1.4,7.9,15.1,0.6,22.6,20.6,17.8,14.3,6.7,3.3,7.7,4.1,0.4
2017-06-01 18:17:00+02:00,3.6,3.8,1.0,6.8,41.3,24.8,20.0,2.2,0.1,16.3,10.9,25.7,2.5,3.9,5.2,10.0,1.4,3.9,23.1,40.2,16.5,3.2,23.5,4.0,48.9,14.4,10.4,6.6,42.3,1.1,7.2,14.3,0.6,22.7,20.5,17.7,14.2,6.6,3.3,7.6,4.1,0.4
2017-06-01 18:18:00+02:00,3.6,3.7,1.0,6.8,40.7,24.7,19.6,2.0,0.1,15.8,10.4,25.6,2.5,3.6,5.2,9.2,1.4,3.6,23.0,39.6,16.1,3.1,23.4,3.9,48.4,14.0,10.3,5.8,41.7,1.0,6.8,13.9,0.6,22.7,20.5,17.7,14.2,6.6,3.3,7.6,4.1,0.4
2017-06-01 18:19:00+02:00,3.5,3.6,0.9,6.7,40.3,24.5,19.4,2.0,0.1,15.9,10.3,25.3,2.3,3.6,5.1,8.9,1.3,3.7,22.8,39.2,15.9,3.1,23.2,3.9,47.9,13.9,10.2,5.6,41.3,0.9,6.7,13.8,0.5,22.5,20.3,17.5,14.0,6.5,3.3,7.5,4.0,0.4
2017-06-01 18:20:00+02:00,3.5,3.6,0.9,6.6,40.5,23.6,18.7,1.9,0.1,16.7,11.5,24.4,2.3,2.9,5.0,9.8,1.3,3.0,22.1,39.4,15.2,3.0,22.4,3.9,47.7,15.0,10.1,6.5,41.5,0.8,7.9,13.0,0.5,22.3,20.1,17.3,13.9,6.4,3.2,7.5,4.0,0.4
2017-06-01 18:21:00+02:00,3.5,3.6,0.9,6.6,39.7,22.9,18.1,1.7,0.1,16.7,12.1,23.7,2.3,2.5,5.0,9.7,1.3,2.6,21.5,38.6,14.6,3.0,21.8,3.8,46.5,14.9,10.1,6.4,40.7,0.7,8.6,12.6,0.5,21.5,19.9,17.2,13.7,6.3,3.1,7.4,3.9,0.4
2017-06-01 18:22:00+02:00,3.5,3.3,0.9,6.4,38.4,22.2,17.5,1.3,0.1,16.8,12.1,22.9,1.6,2.1,4.9,9.7,1.2,2.2,20.9,37.3,14.0,2.9,21.1,3.9,45.2,14.4,9.9,6.4,39.3,0.2,8.5,12.0,0.5,20.7,19.8,17.1,13.7,6.3,3.1,7.4,3.9,0.4
2017-06-01 18:23:00+02:00,3.5,1.9,0.9,5.0,36.6,19.9,15.2,0.4,0.1,16.8,11.9,20.6,0.5,1.4,4.8,9.8,0.2,1.4,18.6,35.6,11.8,2.9,18.8,4.0,43.1,15.0,8.4,6.5,37.4,0.8,8.4,9.8,0.5,20.4,19.5,16.8,13.6,6.2,3.1,7.3,3.8,0.3
2017-06-01 18:24:00+02:00,3.5,1.9,0.8,5.0,33.9,17.3,12.7,2.1,0.1,17.4,11.9,18.0,1.9,1.2,4.8,10.3,1.7,1.2,16.1,32.9,9.2,2.9,16.3,4.5,40.4,14.9,8.5,7.0,34.7,4.2,8.4,7.3,0.5,20.4,19.5,16.8,13.5,6.2,3.1,7.3,3.8,0.3
2017-06-01 18:25:00+02:00,3.5,1.9,0.8,5.0,36.5,20.0,15.6,0.5,0.1,17.6,11.8,20.6,0.7,1.7,4.7,10.3,0.4,1.7,18.8,35.5,12.1,2.8,19.0,4.6,43.7,14.9,8.5,7.0,37.4,1.7,8.3,10.2,0.4,20.4,19.6,16.9,13.5,6.2,3.1,7.3,3.8,0.3
2017-06-01 18:26:00+02:00,3.4,1.8,0.8,4.8,34.2,18.2,14.0,0.8,0.1,17.5,11.6,18.8,0.6,0.4,4.6,10.4,1.6,0.4,17.1,33.2,10.6,2.8,17.3,4.7,41.3,14.4,8.3,7.1,35.1,2.9,8.1,8.7,0.4,20.0,19.2,16.6,13.4,6.2,3.1,7.2,3.8,0.3
2017-06-01 18:27:00+02:00,3.3,1.7,0.7,4.5,34.5,19.0,15.0,1.0,0.1,17.0,11.2,19.6,1.2,2.1,4.4,10.0,0.3,2.1,18.0,33.6,11.7,2.6,18.2,4.6,41.3,13.9,7.9,6.8,35.3,1.1,7.8,9.9,0.4,19.7,18.8,16.3,13.0,6.1,3.1,6.9,3.6,0.2
2017-06-01 18:28:00+02:00,3.3,0.6,0.7,3.5,33.6,18.4,14.4,1.6,0.1,16.8,10.9,18.9,1.9,2.7,4.3,9.9,1.0,2.7,17.4,32.7,11.2,2.6,17.6,4.5,40.1,13.7,6.7,6.8,34.3,0.5,7.5,9.4,0.4,19.5,18.5,16.0,12.8,6.0,3.0,6.8,3.6,0.2
2017-06-01 18:29:00+02:00,3.3,1.8,0.7,4.5,35.3,20.0,16.2,1.6,0.1,16.9,10.9,20.6,1.9,3.9,4.3,9.9,1.1,3.9,19.1,34.4,12.9,2.5,19.2,4.6,41.9,13.8,7.0,6.8,36.0,0.8,7.5,11.0,0.3,19.5,18.6,16.1,12.8,5.9,3.0,6.9,3.6,0.2
2017-06-01 18:30:00+02:00,3.3,2.8,0.7,5.2,37.0,21.8,18.0,1.6,0.1,16.6,10.9,22.4,1.9,4.6,4.2,9.7,1.0,4.5,21.0,36.1,14.8,2.5,21.1,4.5,43.9,13.7,8.3,6.6,37.6,1.4,7.5,12.8,0.3,19.3,18.4,15.9,12.7,5.9,3.0,6.8,3.6,0.2
2017-06-01 18:31:00+02:00,3.4,3.2,0.7,6.1,37.9,22.4,19.7,1.7,0.1,16.0,11.2,22.8,1.9,4.8,4.4,10.1,1.1,4.7,22.8,37.0,16.4,2.6,21.6,4.7,44.5,14.2,9.6,6.9,38.1,1.5,7.8,14.3,0.3,20.1,19.0,16.4,13.2,6.1,3.1,7.1,3.7,0.2
2017-06-01 18:32:00+02:00,3.4,3.2,0.7,6.3,36.3,20.7,19.6,1.7,0.1,16.4,11.3,21.1,2.0,4.5,4.4,10.2,1.1,4.4,22.8,35.4,16.3,2.6,19.9,4.6,43.4,14.3,9.8,6.8,37.0,1.2,7.8,14.2,0.3,20.2,19.1,16.5,13.3,6.2,3.1,7.1,3.7,0.2
2017-06-01 18:33:00+02:00,3.4,3.1,0.7,6.3,35.6,20.1,19.1,1.7,0.1,17.1,11.2,20.5,2.0,4.2,4.3,10.2,1.1,4.1,22.3,34.8,15.8,2.5,19.4,4.6,42.8,14.2,9.6,6.8,36.4,0.9,7.8,13.8,0.3,20.0,19.0,16.4,13.2,6.1,3.1,7.0,3.6,0.2
2017-06-01 18:34:00+02:00,3.4,3.1,0.6,5.9,34.8,19.5,18.6,1.7,0.1,15.5,11.1,19.9,1.9,4.1,4.3,8.7,1.1,4.0,21.7,33.9,15.3,2.5,18.8,3.3,41.8,14.0,9.1,5.4,35.5,0.8,7.7,13.3,0.2,19.9,18.9,16.3,13.1,6.1,3.1,7.0,3.6,0.2
2017-06-01 18:35:00+02:00,3.4,2.9,0.6,5.9,35.7,20.7,18.4,1.6,0.0,14.2,11.0,21.0,1.9,3.8,4.2,7.5,1.1,3.7,21.5,34.9,15.1,2.4,20.0,2.7,41.0,13.9,9.3,4.4,36.4,0.6,7.6,13.1,0.2,19.7,18.7,16.1,12.9,6.0,3.0,6.9,3.6,0.2
2017-06-01 18:36:00+02:00,3.3,2.9,0.6,5.6,36.6,21.4,17.5,1.4,0.0,14.0,10.9,21.8,1.8,3.6,4.1,7.3,1.0,3.5,20.5,35.8,14.2,2.4,20.8,2.6,41.5,14.1,8.8,4.2,37.2,0.5,7.5,12.5,0.2,19.3,18.4,15.9,12.8,6.0,3.0,6.8,3.5,0.2
2017-06-01 18:37:00+02:00,3.3,2.7,0.6,5.7,35.1,20.3,16.4,1.5,0.1,14.0,10.8,20.6,1.8,3.7,4.0,7.3,1.0,3.6,19.4,34.4,13.2,2.3,19.6,2.7,40.2,13.8,7.8,4.2,35.9,0.6,7.4,11.4,0.1,19.1,18.2,15.7,12.6,5.9,3.0,6.7,3.4,0.1
2017-06-01 18:38:00+02:00,3.3,2.3,0.5,5.4,35.7,21.0,17.2,1.5,0.1,14.9,10.6,21.3,1.6,3.6,3.9,8.1,1.0,3.5,20.2,35.0,14.0,2.3,20.4,3.0,40.7,13.7,8.7,4.9,36.5,0.6,7.3,12.3,0.1,18.5,17.6,15.2,12.2,5.8,2.9,6.3,3.1,0.1
2017-06-01 18:39:00+02:00,3.3,2.9,0.5,6.0,34.6,20.9,17.1,1.1,0.1,16.4,10.5,21.1,1.4,2.9,3.8,9.6,0.9,2.8,20.1,34.6,13.9,2.2,20.3,4.4,39.6,13.5,9.3,6.3,35.4,0.5,7.2,12.2,0.1,18.6,17.8,15.4,12.4,5.8,2.9,6.6,3.4,0.1
2017-06-01 18:40:00+02:00,3.2,2.8,0.5,5.7,32.1,18.8,15.1,0.3,0.1,16.2,10.4,19.0,1.4,1.6,3.7,9.5,0.9,1.5,18.1,32.4,12.0,2.1,18.3,4.3,36.3,13.4,8.8,6.2,32.4,1.8,7.1,10.3,0.0,18.7,17.8,15.4,12.4,5.7,2.9,6.6,3.4,0.1
2017-06-01 18:41:00+02:00,3.1,1.6,0.5,4.3,31.4,18.3,14.8,0.5,0.1,16.1,10.2,18.5,1.3,2.6,3.7,9.4,0.9,2.5,17.7,31.7,11.7,2.1,17.8,4.2,34.8,13.2,7.5,6.1,31.1,0.8,7.0,10.1,0.2,18.5,17.7,15.3,12.3,5.7,2.9,6.6,3.4,0.1
2017-06-01 18:42:00+02:00,3.0,1.5,0.5,4.2,31.5,19.0,15.5,1.2,0.1,15.8,9.9,19.2,1.3,3.4,3.6,9.1,0.9,3.3,18.4,31.9,12.4,2.0,18.5,4.1,34.9,12.7,7.4,5.9,31.2,0.4,6.9,10.8,0.2,17.7,17.5,15.2,12.2,5.6,2.8,6.5,3.3,0.1
2017-06-01 18:43:00+02:00,3.0,1.6,0.5,4.3,31.0,18.6,15.2,1.1,0.1,15.7,9.8,18.7,1.2,3.2,3.5,9.1,0.8,3.1,18.1,31.3,12.2,2.0,18.1,4.1,34.5,12.6,7.3,5.9,30.6,0.3,6.8,10.5,0.1,17.9,17.3,15.0,12.0,5.6,2.8,6.5,3.3,0.1
2017-06-01 18:44:00+02:00,3.0,1.6,0.5,4.3,31.1,18.8,15.4,1.2,0.1,15.6,9.8,19.0,1.2,3.3,3.5,9.1,0.9,3.3,18.3,31.5,12.4,2.0,18.4,4.0,33.9,12.5,7.4,5.9,29.7,0.3,6.7,10.7,0.1,17.1,17.2,14.9,11.9,5.5,2.7,6.4,3.3,0.1
2017-06-01 18:45:00+02:00,3.0,1.5,0.4,4.2,30.8,18.8,15.4,1.0,0.1,15.5,9.7,18.9,1.2,3.5,3.4,9.1,0.8,3.5,18.3,31.3,12.3,1.9,18.3,4.0,34.8,12.4,7.2,6.0,29.4,0.4,6.7,10.7,0.1,18.4,17.1,14.9,11.8,5.4,2.7,6.4,3.3,0.1
2017-06-01 18:46:00+02:00,3.0,2.1,0.4,4.7,31.3,19.1,15.7,1.2,0.1,15.5,9.7,19.3,1.3,3.2,3.4,9.1,0.8,3.1,18.6,31.7,12.6,1.9,18.7,4.0,35.3,12.4,7.8,6.0,29.9,0.2,6.6,10.9,0.1,17.9,16.9,14.6,11.8,5.3,2.7,6.4,3.3,0.1
2017-06-01 18:47:00+02:00,3.0,2.6,0.4,5.2,31.5,19.3,15.9,1.1,0.1,15.5,9.7,19.6,1.2,2.9,3.3,9.1,0.8,2.8,18.8,32.0,12.8,1.9,18.9,4.0,36.8,12.4,8.2,5.9,31.4,0.3,6.6,11.1,0.1,17.0,16.8,14.6,11.7,5.3,2.7,6.4,3.3,0.1
2017-06-01 18:48:00+02:00,3.0,2.6,0.4,5.2,31.3,19.3,15.9,1.2,0.1,15.4,9.6,19.5,1.3,3.0,3.3,9.0,0.9,2.9,18.8,31.8,12.8,1.8,18.9,4.0,37.1,12.3,8.1,5.9,31.5,0.2,6.5,11.1,0.1,16.1,16.7,14.5,11.6,5.3,2.7,6.3,3.2,0.1
2017-06-01 18:49:00+02:00,3.0,2.7,0.4,5.3,31.4,19.2,15.9,1.2,0.1,15.3,9.5,19.5,1.3,2.9,3.2,8.9,0.9,2.9,18.7,31.7,12.8,1.8,18.9,4.0,36.9,12.2,8.2,5.8,31.5,0.2,6.4,11.1,0.1,15.5,16.4,14.2,11.5,5.2,2.6,6.2,3.2,0.1
2017-06-01 18:50:00+02:00,3.0,2.7,0.4,5.3,30.9,19.1,15.8,1.1,0.1,15.2,9.4,19.3,1.2,2.9,3.2,8.9,0.9,2.8,18.6,31.4,12.6,1.8,18.7,4.0,35.1,12.1,8.2,5.8,30.6,0.3,6.4,11.1,0.1,17.2,15.9,13.7,11.4,5.2,2.6,6.2,3.2,0.1
2017-06-01 18:51:00+02:00,3.0,2.7,0.4,5.2,30.7,18.6,15.3,1.1,0.0,15.2,9.4,18.8,1.2,2.8,3.1,8.9,0.8,2.7,18.1,31.1,12.1,1.7,18.3,3.9,35.1,12.3,8.1,5.8,30.6,0.3,6.3,10.9,0.1,16.9,16.2,14.0,11.3,5.2,2.6,6.1,3.1,0.1
2017-06-01 18:52:00+02:00,3.1,2.6,0.4,5.2,30.7,18.6,15.3,1.0,0.1,15.1,9.4,18.8,1.2,2.7,3.1,8.8,0.8,2.7,18.1,31.2,12.1,1.7,18.3,4.0,33.1,12.4,8.1,5.8,28.7,0.4,6.3,10.8,0.1,17.1,16.4,14.2,11.3,5.2,2.6,6.1,3.1,0.1
2017-06-01 18:53:00+02:00,3.3,2.3,0.3,4.9,30.4,18.4,15.2,1.0,0.1,15.3,9.3,18.6,1.1,2.7,3.0,9.0,0.8,2.6,18.1,30.9,12.1,1.7,18.1,4.1,32.6,12.3,7.7,5.9,28.4,0.6,6.3,10.4,0.0,17.5,16.2,14.1,11.1,5.2,2.6,5.9,3.0,0.2
2017-06-01 18:54:00+02:00,3.3,2.3,0.3,4.8,29.8,18.0,14.9,1.0,0.1,14.4,9.2,18.0,1.1,2.5,3.0,8.2,0.8,2.5,17.8,30.3,11.9,1.6,17.7,3.3,31.9,12.3,7.6,5.1,27.8,0.6,6.2,10.2,0.1,17.5,16.4,14.2,11.3,5.2,2.6,6.1,3.1,0.2
2017-06-01 18:55:00+02:00,3.2,2.2,0.3,4.8,28.7,17.9,14.7,1.0,0.1,13.3,9.2,16.9,1.1,2.6,2.9,7.6,0.8,2.6,17.5,29.1,11.6,1.6,17.5,2.8,31.3,12.2,7.6,4.6,27.2,0.6,6.1,10.2,0.1,17.3,16.2,14.1,11.2,5.1,2.6,6.1,3.1,0.2
2017-06-01 18:56:00+02:00,3.1,2.3,0.3,5.0,28.3,17.8,14.6,1.0,0.1,14.3,9.1,16.6,1.1,2.3,2.9,8.6,0.7,2.3,17.4,28.6,11.5,1.6,17.4,3.7,31.1,12.0,7.8,5.5,27.1,0.9,6.1,10.1,0.1,16.5,16.2,14.1,11.2,5.1,2.6,6.1,3.1,0.2
2017-06-01 18:57:00+02:00,3.1,2.2,0.3,5.0,27.5,17.4,14.3,1.0,0.1,14.2,9.0,16.2,1.1,2.2,2.8,8.5,0.7,2.2,17.0,27.9,11.2,1.5,17.0,3.7,29.8,11.8,7.7,5.5,25.8,1.0,5.9,9.8,0.1,17.0,16.1,14.0,11.1,5.1,2.6,6.0,3.1,0.2
2017-06-01 18:58:00+02:00,3.1,2.1,0.3,4.6,26.9,15.9,12.9,0.9,0.1,14.0,8.9,15.4,1.0,2.1,2.7,8.4,0.7,2.1,15.6,27.1,9.8,1.5,15.6,3.7,30.3,11.8,7.4,5.4,25.9,1.0,5.8,9.5,0.3,17.1,15.8,13.8,10.9,5.0,2.5,5.9,3.1,0.2
2017-06-01 18:59:00+02:00,3.0,2.1,0.3,4.4,26.0,15.1,12.2,0.7,0.1,13.6,8.5,14.5,0.9,2.0,2.6,8.2,0.6,2.0,14.8,25.9,9.2,1.4,14.9,3.6,29.0,11.3,7.1,5.3,25.0,2.0,5.6,8.8,0.3,16.4,15.2,13.3,10.6,4.9,2.4,5.7,2.9,0.2
2017-06-01 19:00:00+02:00,2.9,2.1,0.3,4.4,26.5,15.1,12.2,0.6,0.1,13.4,8.6,15.0,0.7,2.2,2.6,8.0,0.6,2.2,14.8,26.4,9.3,1.4,14.9,3.5,30.7,11.4,7.4,5.0,25.5,2.7,5.5,8.8,0.3,16.3,15.1,13.2,10.5,4.9,2.4,5.7,2.9,0.2
2017-06-01 19:01:00+02:00,2.9,2.1,0.2,4.4,25.5,14.1,11.2,0.6,0.1,12.9,8.5,14.0,0.8,2.2,2.6,7.4,0.5,2.2,13.9,25.3,8.2,1.4,14.0,3.0,29.7,11.4,7.5,4.4,24.5,2.7,5.5,8.9,0.3,16.4,15.2,13.3,10.6,4.9,2.4,5.7,2.9,0.2
2017-06-01 19:02:00+02:00,3.0,2.1,0.2,4.4,26.9,15.9,12.9,0.6,0.1,13.1,8.4,15.7,0.6,2.2,2.5,7.6,0.5,2.2,15.6,26.8,10.0,1.3,15.7,3.3,31.0,11.1,7.5,4.7,25.9,2.8,5.4,8.8,0.3,16.2,15.1,13.2,10.5,4.9,2.4,5.7,2.9,0.1
2017-06-01 19:03:00+02:00,3.0,2.0,0.2,4.4,25.2,14.6,11.8,0.6,0.1,13.1,8.2,14.5,0.7,2.2,2.4,7.8,0.5,2.2,14.4,25.4,8.9,1.3,14.5,3.5,27.9,10.9,7.4,4.8,24.2,2.6,5.3,8.8,0.3,16.0,14.9,13.0,10.4,4.8,2.4,5.6,2.9,0.1
2017-06-01 19:04:00+02:00,2.9,2.1,0.2,4.3,20.4,10.3,7.5,0.6,0.1,12.6,7.9,10.2,0.7,2.1,2.3,7.5,0.5,2.1,10.1,20.8,4.9,1.3,10.2,3.4,24.1,10.7,7.2,4.6,20.5,2.7,5.1,8.5,0.3,15.4,14.4,12.6,10.1,4.6,2.3,5.5,2.7,0.1
2017-06-01 19:05:00+02:00,2.8,1.9,0.2,4.1,24.0,13.8,11.9,0.5,0.1,12.5,8.0,13.7,0.6,2.0,2.3,7.5,0.4,2.0,14.5,24.4,9.2,1.2,13.7,3.2,27.4,10.7,7.0,4.6,24.3,2.7,5.2,8.2,0.3,15.3,14.3,12.5,10.0,4.5,2.3,5.5,2.8,0.1
2017-06-01 19:06:00+02:00,2.8,1.8,0.2,4.0,21.7,12.0,11.3,0.5,0.1,12.5,8.0,11.8,0.6,2.0,2.2,7.6,0.4,2.0,13.8,22.2,8.5,1.2,11.8,3.2,25.4,10.4,6.9,4.7,22.0,2.7,5.2,8.1,0.4,15.1,14.1,12.3,9.9,4.4,2.2,5.5,2.8,0.1
2017-06-01 19:07:00+02:00,2.8,1.8,0.2,4.0,22.3,12.2,11.4,0.3,0.1,11.3,8.0,11.9,0.6,1.9,2.2,7.4,0.4,1.8,14.0,22.5,8.7,1.2,12.0,3.1,25.9,10.5,6.9,4.6,22.3,2.7,5.2,8.0,0.4,15.3,14.3,12.5,10.0,4.5,2.2,5.6,2.9,0.1
2017-06-01 19:08:00+02:00,2.8,1.8,0.2,4.1,22.5,12.3,11.5,0.3,0.1,10.7,7.9,12.0,0.5,1.8,2.2,7.4,0.4,1.8,14.1,22.5,8.8,1.2,12.1,3.1,25.9,10.5,7.0,4.6,22.4,2.6,5.1,8.0,0.4,15.3,14.3,12.5,10.0,4.5,2.3,5.5,2.9,0.1
2017-06-01 19:09:00+02:00,2.7,1.8,0.2,4.0,21.0,11.1,10.7,0.2,0.2,10.5,7.9,10.6,0.5,1.8,2.1,7.2,0.4,1.7,13.3,21.1,7.9,1.1,11.2,2.9,24.3,10.5,6.9,4.4,20.9,2.4,5.1,8.1,0.4,15.1,14.1,12.3,9.9,4.5,2.3,5.4,2.7,0.0
2017-06-01 19:10:00+02:00,2.7,1.7,0.2,3.9,23.1,13.1,13.3,0.2,0.2,10.8,7.9,12.8,0.4,3.1,2.0,7.0,0.4,3.0,15.9,23.2,10.5,1.1,13.8,2.8,26.3,10.4,6.5,4.3,23.1,0.2,5.0,9.5,0.5,14.9,13.9,12.2,9.7,4.4,2.2,5.3,2.7,0.0
2017-06-01 19:11:00+02:00,2.8,1.7,0.2,3.3,21.6,11.6,11.4,0.2,0.1,12.4,7.8,11.3,0.4,3.1,2.0,6.9,0.4,3.0,14.0,21.7,8.6,1.1,11.9,2.7,24.8,10.4,5.2,4.2,21.5,0.2,4.9,8.3,0.5,14.9,13.9,12.2,9.7,4.4,2.2,5.3,2.7,0.0
2017-06-01 19:12:00+02:00,2.7,1.7,0.2,3.2,20.7,11.1,11.0,0.2,0.1,12.3,7.6,10.7,0.4,3.0,1.9,6.9,0.3,2.9,13.5,20.8,8.3,1.0,11.4,2.8,23.4,10.0,5.1,4.2,20.1,0.1,4.8,8.1,0.5,14.8,13.6,11.9,9.5,4.3,2.2,5.2,2.6,0.0
2017-06-01 19:13:00+02:00,2.7,1.6,0.2,3.0,18.1,9.4,9.3,0.1,0.1,12.1,7.2,8.6,0.3,2.9,1.8,6.9,0.3,2.8,11.8,18.3,7.2,0.9,9.6,2.9,20.4,9.7,4.1,4.2,17.2,0.1,4.5,7.1,0.4,14.6,13.4,11.7,9.4,4.3,2.2,5.1,2.6,0.0
2017-06-01 19:14:00+02:00,2.7,1.4,0.2,3.0,19.0,10.2,9.2,0.1,0.1,12.2,7.3,9.4,0.3,2.8,1.8,6.8,0.3,2.7,11.7,19.1,7.0,0.9,10.7,3.1,21.1,9.8,4.1,4.1,17.9,0.1,4.6,6.8,0.4,14.9,13.6,11.9,9.5,4.3,2.2,5.2,2.7,0.0
2017-06-01 19:15:00+02:00,2.7,1.5,0.2,3.0,20.7,12.2,10.7,0.1,0.1,11.4,7.0,11.3,0.3,2.5,1.7,6.0,0.3,2.4,13.2,20.8,8.3,0.8,12.5,3.1,22.6,9.5,5.6,3.3,19.6,0.4,4.4,8.1,0.4,14.7,13.5,11.8,9.5,4.3,2.2,5.2,2.7,0.0
2017-06-01 19:16:00+02:00,2.7,1.6,0.2,3.6,19.7,11.8,10.5,0.1,0.1,11.2,6.7,10.7,0.3,1.2,1.7,5.9,0.3,1.2,13.0,19.9,7.8,0.8,12.2,3.0,21.5,9.2,6.3,3.2,18.6,1.6,4.4,7.6,0.4,14.2,12.9,11.3,9.4,4.2,2.2,5.2,2.6,0.0
2017-06-01 19:17:00+02:00,2.6,1.6,0.2,3.6,21.2,13.4,12.0,0.0,0.1,11.0,6.8,12.2,0.3,2.5,1.7,5.7,0.3,2.4,14.5,21.5,9.3,0.9,13.7,2.9,23.1,9.3,6.2,3.0,20.2,0.3,4.4,8.7,0.4,14.3,13.0,11.4,9.2,4.2,2.1,5.0,2.6,0.1
2017-06-01 19:18:00+02:00,2.6,1.6,0.2,4.2,22.0,14.1,12.8,0.1,0.1,10.9,6.9,12.9,0.3,2.4,1.6,5.6,0.2,2.5,15.3,22.2,10.2,0.9,14.5,2.8,23.8,9.3,6.7,3.0,21.0,0.2,4.3,9.0,0.4,14.4,13.2,11.6,9.2,4.1,2.1,5.1,2.6,0.1
2017-06-01 19:19:00+02:00,2.6,1.5,0.1,4.1,19.9,12.1,12.3,0.0,0.1,10.8,6.8,11.0,0.3,2.0,1.5,5.6,0.2,2.4,14.7,20.1,9.7,0.7,12.5,2.8,21.6,9.2,6.6,2.9,18.9,0.3,4.1,8.5,0.5,14.3,13.1,11.5,9.1,4.1,2.1,5.0,2.5,0.1
2017-06-01 19:20:00+02:00,2.6,0.7,0.1,3.1,19.2,11.3,11.2,0.1,0.1,10.8,6.9,10.2,0.2,1.9,1.5,5.6,0.2,2.4,13.6,19.5,8.6,0.8,11.9,2.7,20.9,9.3,5.6,2.9,18.2,0.3,4.2,7.5,1.3,14.2,13.0,11.4,9.1,4.0,2.0,5.1,2.6,0.1
2017-06-01 19:21:00+02:00,2.6,1.3,0.2,3.8,21.8,13.6,11.4,0.1,0.1,10.6,6.8,12.9,0.2,1.8,1.5,5.4,0.2,2.2,13.8,22.0,8.8,0.8,13.9,2.7,23.5,9.1,6.3,2.7,20.8,0.4,4.2,8.1,0.6,14.1,13.0,11.4,9.0,3.9,2.0,5.1,2.6,0.1
2017-06-01 19:22:00+02:00,2.6,1.5,0.1,3.6,21.3,12.8,10.7,0.5,0.1,10.5,6.6,12.7,0.2,1.4,1.5,5.3,0.2,1.8,13.1,21.6,8.2,0.8,13.1,2.7,23.2,8.9,6.1,2.7,20.6,0.8,4.2,7.5,0.3,13.9,12.8,11.3,8.9,3.9,2.0,5.0,2.5,0.0
2017-06-01 19:23:00+02:00,2.5,1.5,0.2,3.9,22.0,13.5,11.4,0.1,0.1,10.4,6.6,13.4,0.2,1.9,1.5,5.2,0.2,2.3,13.8,22.3,8.9,0.8,13.8,2.5,24.0,8.9,6.4,2.5,21.3,0.4,4.2,8.3,0.3,13.8,12.7,11.2,8.8,3.9,2.0,5.0,2.5,0.0
2017-06-01 19:24:00+02:00,2.5,1.5,0.1,4.0,21.9,13.2,11.3,0.2,0.1,9.9,6.6,13.1,0.2,1.7,1.5,4.9,0.2,2.2,13.7,21.9,8.8,0.8,13.8,2.3,23.8,8.8,6.6,2.3,21.1,0.5,4.1,8.2,0.3,13.7,12.7,11.2,8.9,3.8,2.0,5.0,2.6,0.0
2017-06-01 19:25:00+02:00,2.5,1.5,0.1,4.0,20.8,12.1,10.7,0.6,0.1,9.0,6.5,12.0,0.1,1.1,1.4,4.8,0.2,1.6,13.2,20.8,8.2,0.8,13.2,2.2,23.5,8.8,6.6,2.2,20.1,1.0,4.1,7.6,0.2,13.5,12.5,11.1,8.7,3.8,1.9,4.9,2.5,0.0
2017-06-01 19:26:00+02:00,2.4,1.5,0.1,2.9,18.3,10.0,8.5,1.5,0.1,9.4,6.5,9.6,0.1,0.3,1.4,5.1,0.2,0.8,11.1,18.2,6.0,0.7,11.2,2.6,20.9,8.7,5.4,2.5,17.5,1.9,4.0,5.7,0.2,13.4,12.4,11.0,8.7,3.7,1.9,4.9,2.5,0.0
2017-06-01 19:27:00+02:00,2.5,1.4,0.1,3.8,16.4,8.3,6.9,2.3,0.1,10.8,6.6,7.9,0.0,1.6,1.4,5.6,0.2,1.1,9.5,16.4,4.4,0.8,9.5,2.8,18.9,8.5,6.3,3.1,15.5,3.7,4.0,4.7,0.2,12.8,11.8,10.4,8.2,3.4,1.9,4.8,2.5,0.0
2017-06-01 19:28:00+02:00,2.4,1.1,0.1,2.6,15.8,7.7,6.4,2.3,0.1,11.4,6.4,7.6,0.1,1.3,1.3,6.2,0.1,0.8,8.9,15.7,3.9,0.8,8.9,2.7,18.1,8.2,5.1,3.8,15.0,3.3,3.9,3.8,0.6,12.6,11.7,10.3,8.2,3.5,1.9,4.7,2.5,0.0
2017-06-01 19:29:00+02:00,2.3,1.0,0.1,0.9,14.1,5.9,4.6,1.7,0.1,11.1,6.3,5.8,0.2,0.2,1.2,5.9,0.1,0.6,7.1,14.1,2.1,0.7,7.1,2.6,16.2,8.3,1.5,3.6,13.3,2.0,3.8,1.6,0.6,12.7,11.7,10.3,8.2,3.5,1.9,4.7,2.4,0.0
2017-06-01 19:30:00+02:00,2.4,1.0,0.1,1.5,13.6,5.4,4.1,1.8,0.1,10.9,6.3,5.3,0.3,0.2,1.3,5.8,0.1,0.7,6.7,13.6,1.7,0.7,6.7,2.6,16.4,8.3,1.1,3.4,12.9,2.0,3.8,1.2,0.6,11.7,10.7,9.4,7.4,2.7,1.2,4.7,2.4,0.0
2017-06-01 19:31:00+02:00,2.3,0.9,0.1,1.8,16.6,8.5,7.2,1.8,0.1,10.7,6.3,8.3,0.3,0.2,1.3,5.7,0.1,0.6,9.7,16.6,4.8,0.7,9.7,2.5,19.3,8.3,4.3,3.3,15.6,1.9,3.8,4.4,0.6,12.1,11.1,9.8,7.9,3.3,1.8,4.6,2.4,0.0
2017-06-01 19:32:00+02:00,2.3,0.9,0.1,3.2,18.3,10.7,8.9,1.3,0.1,10.5,5.8,10.5,0.3,0.6,1.3,5.5,0.1,1.0,11.4,18.3,6.5,0.7,11.3,2.5,20.9,7.8,5.6,3.2,17.1,1.5,3.8,6.2,0.6,12.0,11.1,9.8,7.7,3.2,1.8,4.5,2.3,0.0
2017-06-01 19:33:00+02:00,2.3,0.9,0.1,1.8,19.0,11.0,8.5,0.5,0.1,10.4,6.2,10.8,0.3,1.6,1.3,5.5,0.1,1.9,11.0,19.0,6.2,0.7,11.0,2.5,21.5,8.2,4.2,3.1,17.7,0.7,3.8,5.8,0.6,11.8,10.9,9.7,7.7,3.2,1.8,4.5,2.3,0.1
2017-06-01 19:34:00+02:00,2.3,0.9,0.1,1.1,18.3,10.3,8.2,0.4,0.1,10.5,6.1,10.1,0.2,2.0,1.2,5.5,0.1,1.9,10.5,18.2,5.8,0.7,10.5,2.5,20.8,8.1,3.6,3.1,17.0,0.6,3.7,5.5,0.6,11.7,10.8,9.6,7.5,3.1,1.8,4.4,2.3,0.1
2017-06-01 19:35:00+02:00,2.3,0.6,0.1,2.9,18.8,10.9,9.8,0.5,0.1,10.5,6.1,10.7,0.2,1.9,1.2,5.6,0.0,1.8,11.6,18.8,7.4,0.7,11.6,2.6,21.3,8.1,5.3,3.2,17.6,0.7,3.7,7.1,0.9,11.7,10.8,9.6,7.5,3.1,1.8,4.4,2.2,0.1
2017-06-01 19:36:00+02:00,2.3,0.7,0.1,1.5,15.8,8.9,8.2,0.7,0.0,10.4,6.0,8.3,0.3,1.8,1.2,5.6,0.1,1.7,10.1,15.7,5.9,0.7,9.9,2.5,18.0,7.4,3.9,3.2,14.3,0.9,3.6,5.7,0.9,11.5,10.6,9.4,7.5,3.1,1.8,4.3,2.2,0.1
2017-06-01 19:37:00+02:00,2.3,0.7,0.1,2.7,15.5,9.9,8.2,1.7,0.0,10.1,5.9,8.6,0.4,0.8,1.1,5.5,0.1,0.7,10.1,15.4,5.9,0.6,9.9,2.5,17.7,6.9,5.1,3.1,14.0,1.9,3.5,5.8,0.8,11.4,10.6,9.4,7.4,3.1,1.8,4.3,2.2,0.1
2017-06-01 19:38:00+02:00,2.3,0.7,0.1,2.4,15.3,9.5,8.1,1.4,0.0,9.8,5.7,8.5,0.3,1.0,1.0,5.4,0.1,0.9,9.9,15.2,5.8,0.6,9.7,2.4,17.3,6.7,4.7,3.0,13.7,1.6,3.4,5.7,0.8,11.4,10.6,9.4,7.3,3.0,1.7,4.3,2.2,0.1
2017-06-01 19:39:00+02:00,2.2,0.6,0.1,2.6,14.4,8.6,8.0,1.3,0.0,9.3,5.6,8.4,0.2,0.9,1.0,5.0,0.1,0.8,9.8,14.9,5.8,0.6,9.6,2.1,16.3,6.5,4.9,2.7,12.8,1.5,3.3,5.7,0.8,11.0,10.2,9.0,7.1,2.9,1.7,4.2,2.1,0.1
2017-06-01 19:40:00+02:00,2.0,0.5,0.1,2.5,14.0,9.0,7.7,1.3,0.0,8.8,5.4,8.8,0.2,0.8,0.9,4.7,0.1,0.8,9.6,15.3,5.5,0.6,9.5,1.9,15.8,6.5,4.7,2.5,12.5,1.5,3.2,5.5,0.8,10.8,10.1,9.0,7.0,3.0,1.7,4.1,2.0,0.1
2017-06-01 19:41:00+02:00,1.8,0.5,0.1,2.5,14.4,9.0,7.6,1.3,0.0,8.5,5.4,8.9,0.2,0.8,0.9,4.4,0.1,0.7,9.7,15.7,5.5,0.6,9.5,1.7,16.0,6.8,4.7,2.2,12.7,1.5,3.2,5.5,0.9,10.7,9.9,8.8,6.9,2.9,1.6,4.0,2.0,0.1
2017-06-01 19:42:00+02:00,1.7,0.4,0.1,2.4,14.5,8.7,7.4,0.9,0.0,8.4,5.3,8.6,0.3,1.1,0.8,4.4,0.1,1.0,9.4,15.3,5.2,0.5,9.2,1.6,16.1,6.7,4.2,2.2,12.9,1.1,3.1,5.2,0.9,10.3,9.6,8.6,6.6,2.7,1.6,3.9,2.0,0.1
2017-06-01 19:43:00+02:00,1.7,0.7,0.1,2.5,13.5,7.3,6.0,1.8,0.0,8.1,5.2,7.2,0.5,0.3,0.9,4.2,0.3,0.3,8.0,13.7,4.0,0.5,7.8,1.5,14.9,6.5,3.8,2.1,11.8,2.0,3.1,4.0,1.0,9.2,8.5,8.0,6.4,2.6,1.6,3.8,1.9,0.1
2017-06-01 19:44:00+02:00,1.7,0.7,0.1,2.4,12.7,6.7,5.5,1.9,0.1,7.9,5.1,6.6,0.6,0.1,0.9,4.1,0.5,0.1,7.4,12.9,4.0,0.5,7.2,1.4,14.1,6.4,4.2,2.1,11.0,2.1,3.0,4.2,1.1,8.6,7.9,7.4,5.5,1.9,0.8,3.6,1.9,0.1
2017-06-01 19:45:00+02:00,1.7,0.7,0.1,2.4,12.5,6.9,5.8,1.7,0.1,8.0,4.9,6.8,0.5,0.2,0.8,4.3,0.3,0.2,7.6,12.8,4.3,0.5,7.4,1.5,14.1,6.1,4.3,2.3,10.9,1.9,2.9,4.5,1.1,7.8,7.2,6.6,4.9,1.4,0.4,3.5,1.9,0.1
2017-06-01 19:46:00+02:00,1.8,0.7,0.1,2.3,12.1,7.5,6.4,1.5,0.1,8.2,5.0,7.4,0.4,0.6,0.8,4.4,0.4,0.6,8.3,13.6,4.7,0.5,8.0,1.6,13.8,6.1,4.3,2.4,10.5,1.6,2.9,4.9,1.1,9.0,8.3,7.8,6.0,2.4,1.4,3.6,1.9,0.1
2017-06-01 19:47:00+02:00,1.9,0.9,0.1,2.8,12.2,7.4,6.3,1.6,0.1,8.0,5.0,7.5,0.4,0.5,0.8,4.3,0.4,0.5,8.2,13.6,4.6,0.5,7.9,1.6,13.8,6.1,4.4,2.4,10.5,1.7,2.9,4.8,0.5,8.5,7.9,7.3,6.2,2.6,1.6,3.6,2.0,0.1
2017-06-01 19:48:00+02:00,1.9,1.0,0.1,1.8,10.2,4.9,4.0,3.3,0.1,7.7,4.8,5.0,0.4,1.7,0.7,4.0,0.4,1.7,5.5,10.6,2.9,0.5,5.3,1.4,11.8,5.9,3.1,2.1,8.7,3.5,2.8,3.0,0.2,8.2,7.7,7.2,6.1,2.6,1.5,3.6,1.9,0.1
2017-06-01 19:49:00+02:00,1.8,0.9,0.1,1.9,8.5,4.3,3.9,4.9,0.1,7.4,4.7,4.3,0.8,3.4,0.7,3.7,0.7,3.4,4.7,8.8,3.8,0.4,4.5,1.2,9.9,5.8,2.9,1.9,7.2,5.1,2.8,3.9,0.3,8.0,7.4,7.0,6.0,2.5,1.5,3.5,1.9,0.1
2017-06-01 19:50:00+02:00,1.8,0.8,0.1,2.3,8.4,4.5,4.2,4.9,0.2,7.2,4.6,4.5,0.9,3.4,0.7,3.6,0.7,3.4,4.7,8.7,4.3,0.4,4.7,1.2,9.3,5.9,2.9,1.8,7.2,5.1,2.6,4.4,0.9,7.4,6.9,6.4,5.5,2.0,1.5,3.5,1.8,0.1
2017-06-01 19:51:00+02:00,1.8,0.8,0.1,2.3,8.8,4.8,4.4,4.9,0.1,6.9,4.4,4.9,0.9,3.3,0.6,3.3,0.7,3.3,5.0,9.5,4.3,0.4,5.1,1.3,9.1,6.1,2.8,1.6,7.5,5.0,2.5,4.3,0.8,8.0,7.5,7.2,5.6,2.1,1.5,3.5,1.8,0.1
2017-06-01 19:52:00+02:00,1.8,0.9,0.1,2.3,9.0,5.1,4.4,2.8,0.0,6.9,4.2,5.2,0.9,1.5,0.5,3.3,0.7,1.5,5.5,10.5,3.6,0.3,5.5,1.3,9.6,6.0,2.8,1.6,7.2,3.0,2.4,3.5,0.7,8.1,7.6,7.2,5.7,2.3,1.4,3.4,1.7,0.1
2017-06-01 19:53:00+02:00,1.8,0.9,0.1,2.2,10.2,5.8,4.9,0.8,0.0,5.9,4.1,5.8,0.5,1.0,0.5,2.3,0.4,1.0,6.2,11.2,4.0,0.3,6.2,1.4,11.0,5.8,2.7,0.7,8.2,0.9,2.3,3.6,0.8,7.8,7.3,7.0,5.5,2.2,1.4,3.3,1.7,0.1
2017-06-01 19:54:00+02:00,1.8,0.8,0.1,1.8,9.5,4.5,3.6,0.6,0.0,5.0,3.9,4.6,0.4,1.2,0.5,1.5,0.3,1.2,4.9,9.8,3.6,0.3,4.9,1.5,10.3,5.6,2.5,0.1,7.5,0.7,2.3,3.6,0.3,7.6,7.1,6.8,5.4,2.1,1.3,3.3,1.7,0.1
2017-06-01 19:55:00+02:00,1.6,0.9,0.1,1.7,10.1,5.1,4.0,0.6,0.0,4.8,3.9,5.1,0.4,1.1,0.4,1.3,0.3,1.1,5.4,10.3,3.0,0.2,5.3,1.3,10.9,5.6,2.5,0.3,8.1,0.8,2.2,3.6,0.3,7.4,7.1,6.8,5.5,2.2,1.3,3.3,1.7,0.1
2017-06-01 19:56:00+02:00,1.4,0.8,0.1,1.7,10.4,5.3,4.8,0.5,0.0,4.5,3.8,5.4,0.2,1.0,0.4,1.1,0.1,1.0,6.2,10.7,3.5,0.2,5.7,1.1,11.2,5.4,3.4,0.6,8.4,0.7,2.1,4.4,0.3,7.2,6.9,6.8,5.4,2.2,1.3,3.3,1.7,0.1
2017-06-01 19:57:00+02:00,1.3,0.8,0.1,1.7,10.3,5.2,4.6,0.6,0.0,4.3,3.8,5.3,0.4,1.0,0.3,0.9,0.3,1.0,5.9,10.6,3.3,0.2,5.6,1.0,11.1,5.4,3.3,0.7,8.3,0.8,2.1,4.2,0.2,7.0,6.5,6.3,5.0,1.7,1.3,3.3,1.6,0.1
2017-06-01 19:58:00+02:00,1.3,0.6,0.1,1.4,10.1,5.2,4.1,0.6,0.0,3.7,3.7,5.2,0.3,0.8,0.3,0.6,0.1,0.8,5.7,10.4,2.9,0.2,5.6,0.9,10.9,5.2,3.0,1.0,8.1,0.8,2.0,3.7,0.4,6.8,6.3,5.8,4.5,1.3,1.3,3.2,1.5,0.1
2017-06-01 19:59:00+02:00,1.4,0.6,0.1,1.3,9.2,4.5,3.6,0.6,0.0,4.5,3.5,4.6,0.3,0.5,0.3,1.5,0.1,0.6,5.0,9.5,2.4,0.2,4.9,1.0,9.8,5.0,2.8,0.2,7.1,0.9,1.9,3.3,0.4,7.0,6.6,6.1,5.0,2.1,1.1,2.9,1.4,0.1
2017-06-01 20:00:00+02:00,1.4,0.6,0.1,1.3,8.6,4.1,3.2,0.6,0.0,5.4,3.4,4.1,0.3,0.5,0.3,2.4,0.1,0.5,4.6,8.9,2.2,0.2,4.4,1.0,9.0,4.8,2.7,1.0,6.6,0.9,1.9,3.1,0.4,6.9,6.5,6.1,4.8,2.0,1.1,2.8,1.3,0.1
2017-06-01 20:01:00+02:00,1.5,0.6,0.1,1.3,8.6,4.1,3.3,0.6,0.0,5.3,3.4,4.1,0.3,0.5,0.3,2.4,0.1,0.6,4.7,8.9,2.3,0.2,4.5,1.1,8.5,4.8,2.8,1.0,6.0,0.9,1.9,3.3,0.4,6.9,6.5,6.2,4.9,2.0,1.1,2.9,1.3,0.1
2017-06-01 20:02:00+02:00,1.5,0.2,0.1,0.5,8.1,3.8,3.0,0.5,0.0,5.2,3.3,3.8,0.2,0.5,0.2,2.4,0.1,0.6,4.4,8.5,2.2,0.2,4.2,1.0,7.6,4.6,1.9,1.0,5.2,0.9,1.8,2.5,0.4,6.8,6.5,6.1,4.8,2.0,1.1,2.8,1.3,0.1
2017-06-01 20:03:00+02:00,1.4,0.4,0.1,1.1,8.8,4.6,3.7,0.5,0.0,4.8,3.1,4.6,0.2,0.4,0.2,1.9,0.1,0.5,5.1,9.0,2.9,0.2,4.9,0.4,8.9,4.5,2.4,0.6,6.6,0.9,1.7,2.8,0.4,6.5,6.2,5.8,4.5,1.9,1.0,2.6,1.2,0.1
2017-06-01 20:04:00+02:00,1.3,0.5,0.1,1.1,7.7,3.6,2.8,0.6,0.0,4.3,3.0,3.6,0.4,0.4,0.2,1.6,0.1,0.3,4.1,8.0,2.3,0.2,3.9,0.4,7.7,4.3,2.3,0.4,5.5,1.0,1.6,2.7,0.4,5.5,5.2,4.9,4.3,1.8,1.0,2.5,1.1,0.1
2017-06-01 20:05:00+02:00,1.3,0.5,0.1,1.0,5.4,1.4,0.6,1.3,0.0,4.7,2.9,1.5,1.1,0.4,0.1,2.0,0.1,0.4,1.9,5.7,0.3,0.1,1.7,1.0,5.4,4.3,2.3,0.8,3.2,1.8,1.5,1.9,0.4,5.3,5.0,4.6,4.5,1.9,1.0,2.6,1.3,0.1
2017-06-01 20:06:00+02:00,1.3,0.4,0.1,0.9,7.9,4.1,3.3,0.4,0.1,4.8,2.9,4.0,0.2,0.5,0.2,2.1,0.1,0.5,4.6,8.2,2.9,0.2,4.4,0.9,8.6,4.2,2.2,0.9,6.5,0.8,1.6,2.7,0.5,5.1,4.9,4.4,4.1,1.5,0.7,2.6,1.3,0.1
2017-06-01 20:07:00+02:00,1.2,0.3,0.1,0.9,7.4,3.7,2.9,0.5,0.2,4.8,2.9,3.5,0.2,0.4,0.1,2.1,0.1,0.4,4.2,7.7,2.7,0.1,4.0,0.8,7.6,4.2,2.1,0.8,5.5,0.9,1.5,2.5,0.6,6.0,5.7,5.3,4.2,1.6,0.8,2.6,1.3,0.1
2017-06-01 20:08:00+02:00,1.2,0.3,0.1,0.8,7.3,3.7,2.9,0.5,0.1,4.8,2.7,3.6,0.3,0.4,0.1,2.1,0.1,0.4,4.2,7.6,2.6,0.1,4.1,0.9,7.4,4.0,2.1,0.9,5.3,1.0,1.5,2.4,0.5,6.1,5.9,5.5,4.3,1.8,1.0,2.6,1.2,0.1
2017-06-01 20:09:00+02:00,1.1,0.3,0.1,0.8,6.6,3.3,2.9,0.6,0.1,4.5,2.7,3.2,0.3,0.4,0.1,1.9,0.1,0.4,3.7,7.1,2.6,0.1,3.6,1.1,6.7,3.9,2.1,0.8,4.6,0.9,1.4,2.4,0.4,5.9,5.7,5.2,4.1,1.7,0.9,2.5,1.2,0.1
2017-06-01 20:10:00+02:00,1.2,0.3,0.1,0.8,6.7,3.4,2.4,0.6,0.1,4.4,2.5,3.3,0.3,0.3,0.1,1.9,0.1,0.3,3.6,7.0,2.3,0.1,3.6,1.1,6.8,3.7,1.9,0.8,4.7,1.0,1.3,2.2,0.4,4.4,4.2,5.0,4.0,1.6,0.8,2.4,1.1,0.1
2017-06-01 20:11:00+02:00,1.1,0.3,0.1,0.2,5.5,2.2,1.3,0.6,0.1,4.5,2.4,2.0,0.3,0.2,0.1,2.0,0.1,0.2,2.4,5.6,1.3,0.1,2.3,1.0,5.4,3.6,1.0,0.9,3.5,1.0,1.3,1.2,0.4,4.0,3.8,4.8,3.8,1.5,0.8,2.3,1.1,0.1
2017-06-01 20:12:00+02:00,1.1,0.2,0.1,0.5,4.8,1.5,0.8,0.6,0.1,4.2,2.4,1.5,0.3,0.2,0.0,1.8,0.1,0.2,1.8,4.9,0.9,0.1,1.7,1.0,4.7,3.4,0.6,0.8,2.8,1.0,1.2,0.8,0.5,3.7,3.5,4.4,3.6,1.3,0.8,2.2,1.0,0.1
2017-06-01 20:13:00+02:00,1.0,0.3,0.1,0.5,3.4,1.0,0.4,0.5,0.1,4.0,2.2,1.0,0.3,0.2,0.0,1.8,0.1,0.2,1.0,3.5,0.5,0.1,1.1,1.0,3.4,3.2,0.8,0.7,1.8,0.9,1.1,1.0,0.7,3.0,2.9,3.2,3.2,1.2,0.6,2.1,1.0,0.2
2017-06-01 20:14:00+02:00,1.0,0.4,0.1,0.5,2.4,1.0,1.3,0.5,0.1,3.8,2.1,0.9,0.3,0.0,0.1,1.6,0.1,0.1,0.6,2.5,0.6,0.1,0.9,0.9,2.3,3.0,1.1,0.6,1.0,1.2,1.1,1.0,0.7,2.8,2.7,3.0,3.1,1.0,0.5,2.0,0.9,0.2
2017-06-01 20:15:00+02:00,1.0,0.4,0.1,0.5,2.2,0.7,0.8,0.5,0.1,4.0,2.0,0.7,0.3,0.1,0.1,1.9,0.1,0.0,0.6,2.5,0.6,0.1,0.6,0.9,1.4,2.8,1.0,0.9,0.9,1.0,1.0,1.0,0.7,3.3,3.2,3.4,3.0,1.0,0.5,2.0,0.9,0.2
2017-06-01 20:16:00+02:00,0.9,0.4,0.1,0.5,2.4,0.6,0.6,0.5,0.1,3.7,1.9,0.6,0.3,0.2,0.1,1.7,0.1,0.2,1.1,2.5,0.8,0.0,0.6,0.8,2.2,2.7,0.9,0.9,1.0,1.2,1.0,0.7,0.7,3.2,3.1,3.3,2.8,1.0,0.5,1.9,0.9,0.1
2017-06-01 20:17:00+02:00,0.9,0.4,0.1,0.6,1.9,0.9,0.7,0.6,0.1,3.7,1.8,0.9,0.3,0.3,0.1,1.7,0.1,0.3,0.8,2.0,1.1,0.0,0.7,0.8,1.6,2.6,0.8,0.9,1.0,1.2,0.9,0.5,0.7,3.1,3.1,3.1,2.8,0.9,0.5,1.8,0.9,0.1
2017-06-01 20:18:00+02:00,0.8,0.4,0.1,0.5,1.6,1.2,1.0,0.6,0.1,3.5,1.7,1.3,0.3,0.7,0.1,1.6,0.1,0.6,0.8,1.7,1.4,0.0,0.9,0.7,2.6,2.5,0.9,0.8,1.5,1.5,0.8,0.6,0.7,2.8,2.8,3.0,2.7,0.9,0.5,1.8,0.8,0.1
2017-06-01 20:19:00+02:00,0.7,0.4,0.1,0.4,0.9,2.3,1.1,0.6,0.1,3.0,1.5,2.2,0.3,0.8,0.1,1.4,0.1,0.7,0.8,0.8,1.4,0.0,1.0,0.6,1.5,2.2,1.0,0.6,1.2,1.4,0.8,0.6,0.7,2.5,2.5,2.7,2.4,0.8,0.4,1.6,0.8,0.1
2017-06-01 20:20:00+02:00,0.7,0.4,0.1,0.4,1.6,1.1,1.2,0.6,0.1,2.9,1.4,1.0,0.3,0.7,0.1,1.3,0.1,0.7,0.9,1.7,1.5,0.0,0.9,0.5,2.5,2.1,0.8,0.5,1.6,1.4,0.7,0.7,0.7,2.3,2.3,2.5,2.3,0.7,0.4,1.5,0.8,0.1
2017-06-01 20:21:00+02:00,0.8,0.5,0.0,0.5,1.3,1.5,2.0,0.6,0.2,3.1,1.6,1.5,0.3,0.7,0.2,1.4,0.1,0.7,1.4,1.4,2.4,0.0,1.4,0.6,1.9,2.2,0.9,0.6,1.3,1.4,0.8,0.7,0.8,2.6,2.6,2.8,2.5,0.9,0.4,1.7,0.8,0.1
2017-06-01 20:22:00+02:00,0.8,0.6,0.0,0.5,0.9,2.3,2.8,0.6,0.3,3.1,1.6,2.6,0.3,0.9,0.2,1.4,0.1,0.9,2.1,0.9,3.4,0.0,2.2,0.6,1.8,2.3,0.8,0.6,1.1,1.6,0.8,0.8,1.0,2.6,2.6,2.8,2.5,0.8,0.4,1.6,0.8,0.1
2017-06-01 20:23:00+02:00,0.7,0.6,0.0,0.7,1.4,2.6,3.0,0.7,0.3,2.7,1.4,3.0,0.4,1.1,0.2,1.1,0.1,1.1,2.4,1.2,3.5,0.0,2.4,0.4,1.3,2.1,0.5,0.4,1.6,1.7,0.7,1.2,1.0,2.3,2.3,2.5,2.2,0.7,0.3,1.5,0.7,0.1
2017-06-01 20:24:00+02:00,0.3,0.7,0.0,1.0,1.7,2.7,3.1,0.8,0.3,2.0,1.2,3.1,0.5,1.2,0.2,0.5,0.2,1.1,2.5,1.5,3.5,0.0,2.5,0.1,2.2,1.8,0.5,0.2,3.3,1.8,0.5,1.6,1.0,2.2,2.2,2.4,2.1,0.7,0.3,1.4,0.7,0.1
2017-06-01 20:25:00+02:00,0.2,0.7,0.0,1.1,1.6,2.3,2.3,0.8,0.3,1.4,1.1,2.5,0.5,1.2,0.2,0.1,0.2,1.1,1.9,1.4,2.7,0.0,1.9,0.6,2.3,1.7,0.5,0.7,3.2,1.8,0.4,1.6,1.0,2.1,2.1,2.4,2.0,0.6,0.3,1.4,0.7,0.1
2017-06-01 20:26:00+02:00,0.6,0.7,0.0,0.7,1.6,1.9,1.8,0.9,0.3,2.1,1.0,2.0,0.6,1.2,0.2,0.7,0.2,1.1,1.6,1.5,2.0,0.0,1.6,0.2,1.9,1.5,0.5,0.1,2.6,1.8,0.4,1.4,1.0,2.0,2.0,2.2,1.9,0.6,0.3,1.3,0.6,0.1
2017-06-01 20:27:00+02:00,0.5,0.7,0.0,0.7,1.6,2.2,1.9,0.8,0.3,1.8,0.9,2.2,0.6,1.2,0.2,0.5,0.2,1.1,1.8,1.4,2.2,0.0,1.8,0.1,2.3,1.4,0.5,0.1,3.0,1.7,0.4,1.4,0.9,1.6,1.7,1.9,1.7,0.5,0.2,1.2,0.6,0.1
2017-06-01 20:28:00+02:00,0.5,1.8,0.0,1.8,1.9,2.9,2.7,0.8,0.3,1.6,0.8,2.9,0.5,1.2,0.2,0.4,0.2,1.1,2.5,1.7,3.0,0.0,2.5,0.1,3.0,1.4,1.3,0.2,3.8,1.7,0.4,2.4,2.0,1.3,1.4,1.8,1.6,0.4,0.2,1.2,0.6,0.1
2017-06-01 20:29:00+02:00,0.5,1.9,0.0,2.5,2.7,3.6,3.4,0.9,0.3,1.5,0.8,3.7,0.6,1.2,0.2,0.3,0.2,1.1,3.2,2.5,3.7,0.0,3.3,0.2,3.9,1.3,2.0,0.3,4.7,1.7,0.3,3.2,2.2,1.1,1.2,1.7,1.5,0.4,0.3,1.1,0.5,0.1
2017-06-01 20:30:00+02:00,0.4,1.9,0.0,2.4,2.2,3.2,2.9,0.9,0.3,1.4,0.8,3.2,0.6,0.8,0.2,0.3,0.2,0.7,2.7,2.0,3.1,0.1,2.8,0.2,3.7,1.3,1.8,0.4,4.2,1.3,0.4,2.5,2.1,0.3,0.4,1.0,1.3,0.4,0.3,1.0,0.4,0.1
2017-06-01 20:31:00+02:00,0.4,0.9,0.0,1.3,1.5,2.3,2.0,0.9,0.3,0.5,0.8,2.5,0.6,0.9,0.2,0.6,0.2,0.8,1.9,1.3,2.1,0.1,1.9,0.2,3.0,1.2,0.7,1.1,3.5,1.4,0.4,1.5,1.1,0.1,0.2,0.7,1.1,0.3,0.3,0.9,0.3,0.1
2017-06-01 20:32:00+02:00,0.4,1.4,0.0,1.8,2.4,2.9,2.6,0.9,0.3,0.7,0.7,3.3,0.6,0.9,0.2,1.6,0.2,0.8,2.5,2.2,2.6,0.1,2.6,0.3,4.0,1.1,1.2,1.6,4.3,1.4,0.3,2.1,1.6,0.2,0.2,0.6,1.0,0.3,0.2,0.8,0.3,0.1
2017-06-01 20:33:00+02:00,0.3,0.3,0.0,0.7,1.6,1.9,1.6,0.9,0.3,0.3,0.6,2.3,0.5,0.9,0.2,1.0,0.2,0.8,1.6,1.4,1.7,0.1,1.6,0.3,3.3,0.9,0.2,0.9,3.6,1.3,0.3,1.1,0.5,0.6,0.4,0.4,0.8,0.2,0.2,0.7,0.3,0.2
2017-06-01 20:34:00+02:00,0.2,0.5,0.0,1.0,1.7,1.9,1.6,0.9,0.3,0.3,0.5,2.2,0.6,1.0,0.2,0.6,0.2,0.9,1.7,1.5,1.7,0.1,1.7,0.4,3.4,0.7,0.5,0.7,3.7,1.4,0.2,1.5,0.5,0.8,0.6,0.4,0.7,0.2,0.2,0.6,0.3,0.2
2017-06-01 20:35:00+02:00,0.2,0.6,0.0,1.2,2.6,2.4,2.1,1.0,0.4,0.3,0.4,2.8,0.7,1.1,0.3,0.7,0.2,1.0,2.2,2.3,2.0,0.1,2.2,0.4,4.1,0.4,0.7,0.7,4.4,1.5,0.1,1.8,0.5,0.7,0.5,0.4,0.6,0.2,0.3,0.6,0.2,0.2
2017-06-01 20:36:00+02:00,0.2,0.5,0.0,1.0,4.0,3.5,3.1,0.9,0.3,0.7,0.3,4.2,0.5,0.9,0.3,0.4,0.2,0.9,3.2,3.8,3.2,0.1,3.3,0.4,3.9,0.5,0.5,0.8,4.2,1.3,0.1,1.5,0.4,0.3,0.3,0.6,0.6,0.2,0.3,0.6,0.2,0.2
2017-06-01 20:37:00+02:00,0.2,0.4,0.0,0.9,4.4,3.8,3.5,1.2,0.2,0.5,0.2,4.6,0.6,1.3,0.3,0.5,0.2,1.3,3.6,4.2,3.5,0.1,3.6,0.4,5.4,0.4,0.5,0.8,5.7,1.7,0.1,1.8,0.4,0.4,0.6,0.8,0.5,0.2,0.3,0.5,0.2,0.2
2017-06-01 20:38:00+02:00,0.1,0.5,0.0,1.0,5.5,4.6,4.3,1.7,0.2,0.7,0.1,5.4,0.9,2.0,0.3,0.9,0.2,1.9,4.4,5.2,4.2,0.1,4.4,0.5,6.8,0.2,0.7,0.9,7.0,2.2,0.1,2.6,0.4,0.3,0.3,0.5,0.3,0.3,0.3,0.4,0.2,0.2
2017-06-01 20:39:00+02:00,0.1,0.5,0.0,1.1,8.7,5.6,5.1,2.3,0.2,0.7,0.0,6.4,1.5,2.7,0.3,0.8,0.2,2.6,5.2,6.3,5.0,0.1,5.3,0.4,10.2,0.1,0.7,0.8,10.3,2.9,0.1,3.4,0.4,1.1,0.9,0.4,0.2,0.4,0.3,0.4,0.1,0.2
2017-06-01 20:40:00+02:00,0.1,0.5,0.0,1.1,9.6,5.9,5.2,2.3,0.2,0.5,0.0,6.7,1.5,2.7,0.3,0.6,0.2,2.7,5.3,6.7,5.1,0.1,5.4,0.3,11.3,0.1,0.8,0.7,11.4,2.9,0.1,3.4,0.4,1.6,1.4,0.4,0.2,0.4,0.3,0.3,0.1,0.2
2017-06-01 20:41:00+02:00,0.2,0.4,0.0,1.7,10.2,6.3,5.6,2.0,0.2,0.9,0.2,7.1,1.1,2.5,0.4,0.9,0.2,2.4,5.8,7.3,5.5,0.2,5.8,0.5,11.9,0.2,1.4,1.0,11.9,2.6,0.2,3.8,0.4,1.9,1.7,0.4,0.3,0.4,0.3,0.3,0.1,0.2
2017-06-01 20:42:00+02:00,0.2,0.5,0.0,0.8,9.2,4.8,4.1,1.2,0.2,1.1,0.5,5.6,0.3,1.7,0.5,1.1,0.2,1.6,4.3,6.1,3.9,0.3,4.3,0.6,10.8,0.6,0.5,1.1,10.7,1.7,0.4,2.2,0.4,2.3,2.1,0.9,0.8,0.5,0.4,0.4,0.0,0.2
2017-06-01 20:43:00+02:00,0.4,1.5,0.0,1.7,11.4,6.6,5.6,1.1,0.2,1.9,0.9,7.1,0.3,1.9,0.4,1.5,0.2,1.8,6.1,8.3,5.2,0.2,6.2,0.7,13.3,1.1,1.7,1.3,12.9,1.7,0.5,3.5,1.2,2.5,2.3,2.2,2.0,0.7,0.3,1.4,0.3,0.2
2017-06-01 20:44:00+02:00,0.4,1.6,0.0,1.8,10.7,6.4,5.6,1.1,0.2,1.8,0.9,6.7,0.3,1.7,0.4,1.3,0.2,1.6,6.0,7.9,5.1,0.2,6.1,0.7,12.7,1.2,1.8,1.2,12.2,1.5,0.6,3.4,1.3,2.9,2.8,2.0,1.8,0.5,0.2,1.4,0.3,0.2
2017-06-01 20:45:00+02:00,0.4,1.5,0.0,2.0,8.7,6.8,5.8,1.1,0.2,1.8,1.1,7.2,0.4,1.7,0.5,1.3,0.3,1.5,6.3,8.4,5.3,0.2,6.4,0.7,11.1,1.3,2.0,1.1,10.3,1.5,0.7,3.6,1.3,2.4,2.2,1.4,0.7,0.4,0.2,0.4,0.3,0.2
2017-06-01 20:46:00+02:00,0.4,1.5,0.0,3.0,10.2,8.0,7.0,1.2,0.2,2.4,1.1,8.6,0.4,1.7,0.5,1.3,0.3,1.6,7.5,9.9,6.5,0.2,7.5,0.8,12.6,1.3,3.1,1.2,11.9,1.5,0.7,4.7,1.4,2.6,2.5,1.8,1.1,0.8,0.6,0.3,0.3,0.2
2017-06-01 20:47:00+02:00,0.4,1.1,0.0,2.1,9.7,7.1,6.2,1.2,0.3,2.0,1.1,8.1,0.4,1.7,0.5,1.5,0.3,1.6,6.6,9.4,5.6,0.2,6.7,0.7,12.1,1.3,2.2,1.2,11.4,1.6,0.7,3.9,0.9,2.2,2.0,1.8,1.1,0.6,0.4,0.5,0.5,0.4
2017-06-01 20:48:00+02:00,0.4,1.0,0.0,1.3,11.4,6.3,5.4,1.2,0.3,2.1,1.0,7.3,0.4,1.9,0.4,1.6,0.3,1.6,5.8,11.1,4.9,0.2,5.9,0.8,13.8,3.8,1.3,1.2,13.0,1.6,0.6,3.1,0.7,2.3,2.1,1.9,1.3,0.6,0.4,0.8,0.7,0.6
2017-06-01 20:49:00+02:00,0.4,0.9,0.0,1.2,10.9,6.9,6.1,1.2,0.3,2.1,1.0,8.0,0.4,2.5,0.4,1.6,0.3,1.6,6.5,10.6,5.5,0.2,6.5,0.8,13.3,2.7,1.2,1.2,12.6,1.6,0.6,3.8,0.6,2.3,2.1,1.9,1.3,0.6,0.4,0.8,0.7,0.6
2017-06-01 20:50:00+02:00,0.4,0.8,0.0,1.1,11.1,6.5,5.7,1.2,0.3,2.0,0.9,7.6,0.4,2.4,0.4,1.6,0.3,1.6,6.0,10.9,5.1,0.2,6.1,0.7,13.2,3.3,1.1,1.2,12.5,1.6,0.5,3.5,0.5,2.5,2.4,2.2,1.5,0.9,0.4,0.8,0.7,0.6
2017-06-01 20:51:00+02:00,0.4,1.3,0.0,2.3,9.1,6.6,5.7,1.2,0.3,2.0,0.9,7.8,0.4,2.3,0.3,1.6,0.3,1.6,6.0,8.8,5.2,0.2,6.1,0.8,11.0,1.1,2.3,1.2,10.4,1.5,0.5,4.6,1.1,3.3,3.1,3.0,2.3,1.5,0.8,0.8,0.8,0.6
2017-06-01 20:52:00+02:00,0.4,1.4,0.0,2.9,10.0,7.9,7.2,1.6,0.3,2.1,0.9,8.7,0.4,3.0,0.3,1.6,0.2,2.1,7.4,9.7,6.5,0.2,7.5,0.8,11.9,1.1,3.0,1.2,11.3,2.0,0.5,6.0,1.2,4.2,4.0,3.8,3.1,2.3,1.6,0.8,0.7,0.6
2017-06-01 20:53:00+02:00,0.3,1.4,0.0,1.8,8.9,7.3,6.6,2.2,0.3,2.0,0.9,7.6,0.6,3.5,0.3,1.4,0.2,2.7,6.8,8.7,5.8,0.2,6.9,0.6,11.3,1.1,1.9,1.0,10.5,2.7,0.5,5.4,1.2,4.3,4.1,4.0,3.1,2.4,1.6,0.8,0.7,0.6
2017-06-01 20:54:00+02:00,0.3,1.4,0.0,1.7,10.0,7.7,7.1,2.7,0.3,1.8,0.9,8.1,1.0,3.8,0.3,1.3,0.2,3.2,7.3,9.2,6.0,0.2,7.4,0.5,12.5,1.1,1.8,0.9,11.8,3.1,0.5,5.5,1.2,4.2,4.0,3.9,3.0,2.3,1.6,0.8,0.7,0.6
2017-06-01 20:55:00+02:00,0.3,1.4,0.0,1.7,9.8,7.7,7.1,2.6,0.3,1.8,0.9,8.0,1.1,4.1,0.4,1.2,0.2,3.2,7.4,9.2,6.2,0.2,7.5,0.5,12.3,1.2,1.8,0.8,11.6,3.0,0.5,5.7,1.2,3.7,3.6,3.4,2.6,1.9,1.6,0.7,0.7,0.6
2017-06-01 20:56:00+02:00,0.4,1.4,0.0,2.1,10.5,8.6,7.2,2.6,0.3,1.9,0.9,8.8,0.9,3.9,0.4,1.3,0.2,3.2,7.6,10.0,6.5,0.2,7.7,0.6,13.0,1.2,2.1,1.0,12.3,3.0,0.6,6.0,1.2,3.7,3.5,3.4,2.6,1.9,1.6,0.8,0.7,0.6
2017-06-01 20:57:00+02:00,0.4,1.4,0.0,2.1,10.3,8.5,7.1,2.5,0.3,1.8,0.8,8.7,0.9,3.7,0.4,1.3,0.2,3.1,7.4,9.7,6.4,0.2,7.5,0.6,13.0,1.0,2.2,0.9,12.2,3.0,0.5,5.9,1.2,4.2,4.1,4.0,3.2,2.2,1.6,1.0,0.7,0.6
2017-06-01 20:58:00+02:00,0.5,1.5,0.0,2.2,10.7,8.8,7.4,2.6,0.3,1.9,0.7,9.0,0.5,4.1,0.4,1.3,0.2,3.1,7.8,10.0,6.7,0.2,7.8,0.6,13.2,1.0,2.2,1.0,12.4,3.0,0.5,6.3,1.2,3.6,3.4,3.3,2.5,1.5,0.9,1.0,0.7,0.6
2017-06-01 20:59:00+02:00,0.4,1.3,0.0,2.0,9.9,8.2,7.0,2.2,0.3,1.9,0.7,8.4,0.5,3.9,0.3,1.3,0.2,3.1,7.3,9.3,6.3,0.2,7.4,0.6,11.4,1.0,2.1,1.0,10.6,3.0,0.4,5.9,1.0,2.8,2.5,2.4,1.8,0.8,0.3,1.0,0.7,0.6
2017-06-01 21:00:00+02:00,0.4,1.3,0.0,2.0,9.9,8.1,7.0,2.2,0.3,2.0,0.7,8.3,0.5,3.9,0.3,1.4,0.2,3.2,7.3,9.3,6.3,0.2,7.4,0.6,12.1,1.0,2.0,1.1,10.5,3.1,0.4,5.9,1.0,3.6,3.3,3.2,1.8,0.8,0.3,1.0,0.7,0.6
2017-06-01 21:01:00+02:00,0.4,1.3,0.0,2.0,9.9,8.0,7.4,2.2,0.3,2.0,0.7,8.3,0.4,4.2,0.3,1.5,0.2,3.3,7.7,9.2,6.7,0.2,7.8,0.6,10.9,0.9,2.1,1.1,10.5,3.2,0.4,6.3,1.0,3.3,3.0,2.9,1.8,0.9,0.3,1.0,0.7,0.6
2017-06-01 21:02:00+02:00,0.5,1.3,0.0,2.0,10.7,8.6,7.5,2.3,0.3,2.3,0.8,8.9,0.4,4.3,0.3,1.8,0.2,3.4,7.8,9.9,6.8,0.2,7.9,0.7,11.7,1.0,2.1,1.2,11.2,3.3,0.4,6.4,1.0,3.5,3.2,3.1,1.7,0.8,0.3,0.9,0.6,0.5
2017-06-01 21:03:00+02:00,0.4,1.3,0.0,2.1,9.7,7.3,6.5,1.9,0.3,2.4,0.8,7.8,0.4,3.4,0.3,1.8,0.2,3.1,6.9,8.8,5.9,0.2,7.0,0.6,10.7,1.0,2.1,1.0,10.3,2.9,0.4,5.5,1.1,2.6,2.3,2.2,1.8,0.8,0.3,1.0,0.7,0.6
2017-06-01 21:04:00+02:00,0.4,1.3,0.0,2.0,9.4,7.3,6.5,2.2,0.3,1.7,0.8,7.9,0.4,3.4,0.3,1.2,0.2,3.3,6.9,8.9,5.9,0.2,7.0,0.5,10.5,1.0,2.0,0.9,10.0,3.1,0.5,5.5,1.0,2.6,2.4,2.2,1.8,0.8,0.3,1.1,0.8,0.7
2017-06-01 21:05:00+02:00,0.5,1.3,0.0,2.0,9.5,7.2,6.5,2.3,0.3,1.8,0.8,7.8,0.4,3.4,0.3,1.3,0.2,3.3,6.9,8.9,5.9,0.2,7.0,0.6,10.5,1.1,2.0,0.9,10.1,3.1,0.5,5.5,1.0,2.8,2.6,2.4,1.9,0.8,0.3,1.1,0.8,0.8
2017-06-01 21:06:00+02:00,0.5,1.3,0.0,1.9,10.1,6.6,6.0,1.9,0.2,1.8,0.8,8.2,0.4,3.0,0.3,1.3,0.2,2.9,6.3,9.3,5.3,0.2,6.4,0.6,10.9,1.1,1.9,0.9,10.5,2.7,0.5,4.9,1.0,3.7,3.5,3.3,2.8,0.8,0.3,2.0,1.7,1.7
2017-06-01 21:07:00+02:00,0.4,1.3,0.0,1.8,8.0,5.8,5.3,1.2,0.3,1.7,0.8,6.4,0.4,2.3,0.3,1.3,0.2,2.2,5.6,7.4,4.6,0.2,5.7,0.5,8.6,1.0,1.8,0.9,8.2,2.0,0.5,4.2,1.0,3.7,3.5,3.3,2.8,0.8,0.3,2.0,1.7,1.7
2017-06-01 21:08:00+02:00,0.5,1.2,0.0,1.8,7.8,5.4,4.9,0.7,0.3,1.8,0.8,6.0,0.5,1.8,0.3,1.4,0.2,1.7,5.2,7.1,4.2,0.2,5.3,0.7,9.0,1.0,1.8,1.0,8.5,1.6,0.5,3.7,1.0,3.8,3.5,3.3,2.9,0.9,0.3,2.0,1.7,1.7
2017-06-01 21:09:00+02:00,0.4,1.2,0.0,1.8,8.5,5.6,4.9,0.9,0.3,1.9,0.9,6.8,0.6,2.0,0.4,1.5,0.2,1.8,5.2,7.9,4.3,0.2,5.3,0.8,10.2,1.1,1.8,1.2,9.6,1.7,0.5,3.8,1.0,3.9,3.6,3.4,3.0,0.8,0.3,2.1,1.8,1.7
2017-06-01 21:10:00+02:00,0.4,1.2,0.0,1.8,8.5,6.2,4.9,0.9,0.3,2.2,1.1,6.8,0.6,1.9,0.5,1.7,0.2,1.8,5.5,8.1,4.2,0.2,5.7,0.8,9.0,1.3,1.8,1.2,8.6,1.7,0.7,3.8,1.0,3.8,3.6,3.4,2.9,0.8,0.3,2.1,1.9,1.7
2017-06-01 21:11:00+02:00,0.4,1.2,0.0,1.6,8.5,6.3,4.6,0.9,0.3,3.0,1.0,6.8,0.6,1.9,0.5,2.5,0.2,1.8,5.6,8.1,4.0,0.2,5.7,1.7,9.0,1.2,1.7,2.0,8.6,1.7,0.6,3.6,1.1,3.9,3.6,3.4,3.0,0.9,0.3,2.1,1.8,1.7
2017-06-01 21:12:00+02:00,0.4,1.4,0.1,2.0,8.7,6.6,5.0,0.9,0.3,2.8,0.9,7.1,0.6,1.9,0.4,2.3,0.2,1.8,6.0,8.2,4.3,0.2,6.1,1.7,10.2,1.1,2.0,2.0,9.8,1.7,0.6,3.9,1.2,4.5,4.2,4.0,3.5,0.7,0.3,2.9,1.8,1.7
2017-06-01 21:13:00+02:00,0.4,1.1,0.1,2.0,8.6,6.7,5.1,1.0,0.3,1.9,0.9,7.1,0.7,2.1,0.4,1.5,0.2,2.0,6.1,8.2,4.5,0.2,6.3,0.9,9.8,1.1,2.0,1.2,9.0,1.8,0.6,4.1,0.9,4.8,4.4,4.2,3.8,1.1,0.8,2.6,1.8,1.7
2017-06-01 21:14:00+02:00,0.4,1.1,0.1,2.1,8.9,7.1,5.6,1.0,0.3,2.6,0.8,7.4,0.6,2.4,0.3,2.2,0.2,2.3,6.5,8.5,4.9,0.2,6.6,0.9,11.1,1.1,2.1,1.2,9.5,2.1,0.5,4.5,0.9,6.3,5.9,5.7,4.8,2.4,2.0,2.5,1.7,1.6
2017-06-01 21:15:00+02:00,0.4,1.1,0.1,1.8,9.6,6.7,5.1,1.1,0.3,2.0,1.6,7.4,0.7,2.2,1.1,1.6,0.2,2.1,6.1,9.2,4.5,0.2,6.2,0.8,11.0,1.8,1.9,1.2,10.5,1.9,1.2,4.1,0.8,5.0,4.6,4.4,3.9,1.4,1.0,2.5,1.9,1.8
2017-06-01 21:16:00+02:00,0.4,1.2,0.0,2.6,9.4,7.4,5.8,1.1,0.3,1.9,0.8,7.9,0.7,2.2,0.3,1.5,0.2,2.1,6.8,8.9,5.4,0.1,6.9,0.8,10.0,1.0,2.8,1.2,9.5,1.8,0.4,5.0,0.9,5.2,4.8,4.7,4.3,2.1,1.7,2.2,1.8,1.7
2017-06-01 21:17:00+02:00,0.4,1.6,0.0,3.0,10.4,8.4,6.8,1.1,0.3,1.9,0.7,8.8,0.7,2.8,0.3,1.4,0.2,2.7,7.8,9.8,6.3,0.1,7.9,0.8,11.4,1.0,3.2,1.2,10.9,2.4,0.4,5.9,1.3,4.6,4.2,4.1,3.7,2.2,1.9,1.5,1.2,1.0
2017-06-01 21:18:00+02:00,0.4,1.3,0.0,1.6,10.5,7.7,6.1,1.2,0.3,2.0,0.8,9.0,0.8,3.3,0.3,1.5,0.2,3.1,7.0,10.0,5.6,0.1,7.2,1.0,12.3,1.0,1.8,1.4,11.7,2.8,0.4,5.1,1.0,4.2,3.8,3.6,3.2,2.2,1.9,1.1,0.7,0.5
2017-06-01 21:19:00+02:00,0.5,1.0,0.0,1.3,9.4,6.5,4.9,1.1,0.3,3.2,0.8,7.8,0.7,2.4,0.3,2.8,0.2,2.2,5.8,8.8,4.4,0.1,6.0,2.2,10.1,1.0,1.5,2.6,9.5,1.9,0.4,3.9,0.8,4.4,3.9,3.8,3.2,2.2,1.9,1.1,0.7,0.6
2017-06-01 21:20:00+02:00,0.5,0.8,0.0,1.1,9.1,7.1,5.2,1.2,0.3,2.1,0.8,7.5,0.8,2.4,0.3,1.6,0.3,2.2,6.4,8.5,4.2,0.1,6.6,1.1,9.7,1.0,1.3,1.4,9.2,1.9,0.5,3.7,0.6,5.5,5.0,4.9,4.3,2.9,2.6,1.4,1.0,0.8
2017-06-01 21:21:00+02:00,0.4,1.0,0.0,1.4,10.3,8.2,5.9,1.1,0.2,1.9,0.8,8.7,0.7,2.6,0.3,1.4,0.3,2.4,7.4,9.7,4.8,0.2,7.7,0.8,11.9,1.1,1.6,1.2,11.3,2.2,0.5,4.2,0.9,5.5,5.0,4.9,4.3,3.0,2.7,1.4,1.0,0.8
2017-06-01 21:22:00+02:00,0.4,1.2,0.0,1.8,11.3,9.1,6.9,1.0,0.2,1.9,0.8,9.7,0.7,3.1,0.3,1.4,0.2,2.9,8.3,10.7,5.7,0.1,8.6,0.8,12.3,1.1,2.0,1.2,11.7,2.7,0.5,5.1,0.9,3.0,2.5,2.4,1.8,0.6,0.3,1.2,0.8,0.7
2017-06-01 21:23:00+02:00,0.4,1.4,0.0,1.6,10.0,7.2,5.4,0.8,0.2,2.0,0.8,8.4,0.6,2.0,0.3,1.5,0.3,1.8,6.5,9.4,4.3,0.2,6.7,0.9,11.0,1.1,1.8,1.3,10.5,1.5,0.5,3.7,1.0,3.1,2.5,2.4,1.8,0.6,0.3,1.1,0.8,0.6
2017-06-01 21:24:00+02:00,0.4,1.1,0.0,2.2,9.8,7.8,6.1,1.1,0.2,2.0,0.8,8.4,0.7,2.2,0.3,1.5,0.3,2.0,7.1,9.4,5.1,0.1,7.4,0.8,10.9,1.1,2.3,1.3,10.3,1.8,0.5,4.6,0.7,2.5,2.0,1.9,1.3,0.6,0.3,0.7,0.3,0.2
2017-06-01 21:25:00+02:00,0.5,0.9,0.0,1.7,9.9,8.1,6.2,2.2,0.3,2.2,0.8,8.6,0.7,3.3,0.3,1.6,0.3,3.1,7.4,9.6,5.8,0.2,7.7,1.0,11.0,1.1,1.9,1.4,10.4,2.9,0.5,5.2,0.7,2.5,2.0,1.9,1.3,0.6,0.3,0.7,0.3,0.2
2017-06-01 21:26:00+02:00,0.3,0.9,0.0,2.0,10.1,8.2,6.2,0.9,0.3,1.9,0.8,8.8,0.7,3.0,0.3,1.4,0.3,2.8,7.5,9.8,5.7,0.2,7.7,0.7,11.2,1.1,2.2,1.2,10.6,2.6,0.5,5.2,0.6,2.6,2.1,1.9,1.3,0.6,0.3,0.7,0.3,0.2
2017-06-01 21:27:00+02:00,0.3,1.7,0.0,2.7,10.1,8.2,6.3,0.9,0.9,1.8,0.8,8.8,0.7,2.4,0.4,1.4,0.3,2.2,7.6,9.8,5.8,0.2,7.8,0.7,11.2,1.1,2.9,1.2,10.6,2.0,0.5,5.3,1.3,2.9,2.7,2.5,2.0,0.8,0.4,1.2,0.3,0.2
2017-06-01 21:28:00+02:00,0.4,0.9,0.0,2.1,9.0,7.2,5.2,0.9,0.3,2.0,0.8,7.7,0.7,2.0,0.3,1.5,0.3,1.8,6.5,8.7,4.8,0.2,6.8,0.9,10.2,1.1,2.2,1.3,9.6,1.6,0.5,4.2,0.7,4.5,4.3,4.2,3.6,2.4,2.0,1.3,0.3,0.2
2017-06-01 21:29:00+02:00,0.6,0.7,0.0,1.9,8.8,7.0,4.9,1.1,0.3,2.0,0.8,7.5,0.9,1.9,0.3,1.6,0.4,1.7,6.3,8.5,4.5,0.1,6.6,1.0,9.9,1.0,2.0,1.4,9.3,1.5,0.5,4.0,0.5,6.4,6.2,6.1,5.5,3.8,3.4,1.8,0.3,0.2
2017-06-01 21:30:00+02:00,0.4,0.7,0.0,1.7,8.3,6.4,4.5,1.0,0.3,3.5,0.8,6.9,0.7,1.7,0.3,3.0,0.3,1.6,5.8,7.9,4.2,0.1,6.0,0.9,9.4,1.1,1.9,1.2,8.8,1.3,0.5,3.7,0.5,6.3,6.1,6.0,5.5,3.8,3.4,1.9,0.3,0.2
2017-06-01 21:31:00+02:00,0.6,0.6,0.0,1.6,8.1,6.3,4.4,1.1,0.2,4.9,0.8,6.8,0.9,1.9,0.3,4.5,0.3,1.7,5.7,7.9,4.3,0.1,5.9,1.0,9.3,1.1,1.9,1.3,8.7,1.5,0.5,3.7,0.4,6.3,6.1,6.0,5.5,3.8,3.4,1.9,0.3,0.2
2017-06-01 21:32:00+02:00,0.6,1.5,0.0,2.5,9.2,7.2,5.3,1.1,0.3,2.6,0.9,7.8,0.9,1.9,0.3,2.2,0.3,1.7,6.6,8.9,5.2,0.1,6.8,1.0,10.2,1.1,2.8,1.3,9.7,1.5,0.5,4.6,1.3,6.9,6.7,6.6,6.1,3.8,3.4,2.5,1.1,1.0
2017-06-01 21:33:00+02:00,0.5,1.8,0.0,2.8,9.5,7.6,5.6,1.1,0.2,1.8,0.8,8.2,0.9,1.9,0.3,1.4,0.3,1.7,6.9,9.2,5.5,0.1,7.2,0.9,10.5,1.1,3.1,1.2,9.9,1.5,0.5,4.9,1.6,7.5,7.2,7.2,6.7,3.8,3.4,3.1,1.7,1.6
2017-06-01 21:34:00+02:00,0.3,1.2,0.0,3.1,9.7,7.8,5.7,1.1,0.2,1.6,0.9,8.4,0.9,1.8,0.3,1.2,0.3,1.7,7.1,9.5,5.7,0.1,7.4,0.7,10.7,1.1,3.3,1.1,10.1,1.5,0.6,5.1,1.0,4.4,4.3,4.2,3.7,0.6,0.3,3.1,1.7,1.6
2017-06-01 21:35:00+02:00,0.8,0.5,0.0,1.6,8.4,6.2,4.2,1.1,0.2,2.2,1.0,6.8,0.9,1.8,0.3,1.8,0.3,1.7,5.6,8.1,4.1,0.1,5.8,1.3,9.2,1.3,1.8,1.6,8.7,1.5,0.7,3.6,0.4,4.3,4.1,4.1,3.6,0.6,0.3,2.9,1.7,1.6
2017-06-01 21:36:00+02:00,0.4,0.6,0.0,1.6,8.2,5.9,4.0,1.2,0.2,1.9,1.1,6.6,0.9,1.8,0.3,1.4,0.3,1.7,5.4,7.9,3.9,0.1,5.5,0.9,9.0,1.4,1.8,1.2,8.6,1.5,0.8,3.6,0.4,4.2,4.1,4.0,3.5,0.6,0.3,2.9,1.7,1.6
2017-06-01 21:37:00+02:00,0.5,1.3,0.0,2.3,9.2,6.8,4.9,1.2,0.3,1.7,1.1,7.5,0.8,1.8,0.3,1.3,0.3,1.7,6.3,8.9,4.8,0.1,6.5,0.8,10.1,1.4,2.5,1.1,9.6,1.5,0.8,4.4,1.1,3.7,3.6,3.5,3.0,0.6,0.3,2.4,1.6,1.5
2017-06-01 21:38:00+02:00,0.4,1.8,0.0,2.9,10.7,8.2,6.3,1.2,0.2,1.8,1.2,8.9,0.8,1.8,0.4,1.3,0.3,1.7,7.7,10.4,5.5,0.1,7.9,0.8,11.7,1.5,3.0,1.0,11.1,1.5,0.9,4.8,1.6,3.8,3.6,3.5,3.1,0.6,0.3,2.5,1.7,1.6
2017-06-01 21:39:00+02:00,0.3,1.2,0.0,2.2,10.4,8.0,6.0,1.0,0.2,2.4,1.1,8.6,0.6,1.6,0.4,1.9,0.3,1.5,7.5,10.1,4.8,0.1,7.6,0.4,11.5,1.4,2.4,0.7,10.9,1.4,0.8,4.0,0.9,4.1,4.0,3.9,3.4,0.6,0.3,2.8,1.7,1.6
2017-06-01 21:40:00+02:00,0.3,0.6,0.0,1.6,9.8,7.4,6.0,1.1,0.2,1.6,1.1,8.0,0.7,1.7,0.4,1.1,0.3,1.6,6.8,9.4,4.7,0.1,7.0,0.5,10.8,1.4,2.3,0.7,10.3,1.4,0.8,3.9,0.4,4.0,3.8,3.8,3.3,0.6,0.3,2.7,1.7,1.6
2017-06-01 21:41:00+02:00,0.4,0.6,0.0,1.5,9.4,6.9,6.2,1.0,0.2,1.4,1.2,7.5,0.6,1.6,0.5,1.0,0.3,1.5,6.3,9.0,4.9,0.1,6.5,0.5,10.5,1.5,2.6,0.8,9.9,1.3,0.9,4.2,0.4,3.6,3.4,3.3,2.9,0.6,0.3,2.3,1.5,1.4
2017-06-01 21:42:00+02:00,0.4,1.0,0.0,1.8,8.8,6.2,5.6,1.0,0.2,1.4,1.3,6.8,0.7,1.6,0.5,1.0,0.3,1.5,5.6,8.4,4.2,0.2,5.9,0.5,9.8,1.5,2.0,0.8,9.2,1.3,0.9,3.6,0.7,2.4,2.2,2.1,1.6,0.6,0.3,1.0,0.6,0.5
2017-06-01 21:43:00+02:00,0.4,0.8,0.0,1.7,8.6,6.1,5.3,1.0,0.2,1.4,1.2,6.7,0.7,1.7,0.5,0.9,0.4,1.5,5.3,8.2,3.9,0.2,5.7,0.5,9.6,1.5,1.8,0.8,9.1,1.3,0.9,3.5,0.5,2.7,2.5,2.3,1.8,0.8,0.4,1.0,0.6,0.4
2017-06-01 21:44:00+02:00,0.4,0.6,0.0,1.5,9.8,7.0,5.3,1.1,0.2,1.4,1.1,7.6,0.9,1.8,0.5,0.9,0.6,1.7,5.3,9.0,3.9,0.2,6.6,0.5,10.8,1.4,1.6,0.8,10.2,1.5,0.8,3.5,0.3,2.6,2.4,2.2,1.8,0.8,0.4,1.0,0.6,0.4
2017-06-01 21:45:00+02:00,0.3,0.8,0.0,1.6,11.4,7.0,5.3,1.2,0.2,1.4,1.0,7.6,0.9,1.9,0.4,0.9,0.6,1.7,5.4,8.9,4.1,0.2,6.7,0.5,12.7,1.3,1.9,0.8,11.9,1.6,0.7,3.8,0.5,3.0,2.7,2.5,2.1,1.1,0.7,1.1,0.6,0.5
2017-06-01 21:46:00+02:00,0.4,0.9,0.0,1.7,11.8,6.8,5.3,1.2,0.2,1.4,1.0,7.3,0.8,1.8,0.3,1.0,0.6,1.6,5.3,8.6,4.5,0.2,6.4,0.5,12.9,1.3,2.0,0.8,12.2,1.5,0.7,3.8,0.6,2.7,2.5,2.3,1.9,0.8,0.4,1.1,0.7,0.6
2017-06-01 21:47:00+02:00,0.4,0.9,0.0,3.2,12.7,8.6,6.5,1.2,0.2,1.5,1.1,8.8,0.9,2.0,0.3,1.0,0.6,1.8,7.0,10.2,5.8,0.1,8.2,0.6,14.2,1.4,3.5,0.9,13.2,1.6,0.8,5.4,0.7,2.4,2.2,2.1,1.7,0.6,0.2,1.1,0.7,0.6
2017-06-01 21:48:00+02:00,0.4,1.1,0.0,3.8,13.1,9.3,7.2,1.2,0.2,1.5,1.1,9.7,0.9,2.0,0.3,1.0,0.6,1.8,8.2,11.1,6.4,0.1,8.9,0.6,14.3,1.4,4.1,0.9,13.6,1.7,0.8,6.1,0.8,2.8,2.6,2.5,2.0,0.8,0.5,1.2,0.8,0.7
2017-06-01 21:49:00+02:00,0.4,1.1,0.0,3.6,12.8,8.9,6.8,1.1,0.2,2.2,1.0,9.4,0.8,1.8,0.3,1.1,0.6,1.6,7.8,10.7,6.0,0.1,8.5,0.6,14.0,1.3,3.9,0.9,13.2,1.5,0.7,5.7,0.8,3.3,3.1,3.0,2.5,1.3,0.9,1.2,0.8,0.7
2017-06-01 21:50:00+02:00,0.4,1.0,0.0,2.5,12.2,7.8,6.0,1.2,0.2,2.2,1.8,8.3,0.9,1.9,0.3,1.1,0.6,1.7,6.8,10.4,5.1,0.1,7.4,0.6,13.6,2.1,2.8,0.9,12.6,1.6,1.5,4.7,0.7,3.4,3.3,3.1,2.7,1.3,0.9,1.4,1.0,0.8
2017-06-01 21:51:00+02:00,0.4,1.5,0.0,3.0,11.2,7.6,6.3,1.1,0.1,1.5,2.2,8.1,0.8,1.8,0.4,1.1,0.6,1.6,7.0,10.6,5.6,0.2,7.2,0.6,12.3,2.6,3.3,0.9,11.6,1.5,1.9,5.0,1.3,2.9,2.8,2.6,2.2,1.2,0.9,1.0,0.6,0.5
2017-06-01 21:52:00+02:00,0.4,1.3,0.0,2.1,9.6,6.5,5.5,1.3,0.1,1.5,1.9,6.8,0.9,1.9,0.4,1.1,0.6,1.7,5.9,9.1,4.9,0.2,6.1,0.6,10.9,2.3,2.4,0.9,10.0,1.6,1.6,4.3,1.1,2.9,2.8,2.6,2.2,1.1,0.9,1.1,0.7,0.5
2017-06-01 21:53:00+02:00,0.4,1.3,0.0,2.1,9.8,6.5,5.4,1.3,0.1,1.5,2.1,6.8,0.9,1.9,0.4,1.1,0.6,1.7,5.9,9.4,4.8,0.2,6.2,0.6,11.3,2.6,2.4,0.9,10.3,1.7,1.8,4.3,1.1,3.0,2.9,2.8,2.3,1.1,0.9,1.2,0.8,0.7
2017-06-01 21:54:00+02:00,0.4,1.0,0.0,1.8,9.0,6.1,5.0,1.4,0.1,1.6,1.9,6.4,1.0,1.9,0.4,1.2,0.6,1.7,5.5,8.7,4.4,0.2,5.7,0.6,10.2,2.3,2.1,1.0,9.5,1.7,1.6,4.0,0.8,3.1,3.0,2.8,2.4,1.2,0.9,1.2,0.9,0.7
2017-06-01 21:55:00+02:00,0.5,1.4,0.0,2.4,9.1,6.6,5.5,1.3,0.6,1.6,1.3,7.1,0.9,1.8,0.4,1.2,0.5,1.7,6.0,8.8,4.9,0.2,6.2,0.7,10.5,1.8,2.7,1.0,9.6,1.6,1.1,4.5,1.2,2.3,2.2,2.0,1.6,0.6,0.3,1.0,0.6,0.5
2017-06-01 21:56:00+02:00,0.5,1.9,0.1,4.9,12.3,9.7,8.7,1.9,1.1,1.6,1.4,10.2,1.5,2.4,0.4,1.2,0.5,2.3,9.1,12.0,8.1,0.2,9.3,0.7,13.9,1.9,5.3,1.0,12.8,2.2,1.2,7.7,1.7,2.5,2.3,2.0,1.7,0.5,0.1,1.2,0.8,0.6
2017-06-01 21:57:00+02:00,0.5,1.0,0.0,4.1,11.0,8.3,7.2,1.4,0.3,1.7,1.6,8.7,1.0,1.8,0.4,1.3,0.5,1.7,7.6,10.7,6.7,0.1,7.8,0.8,12.1,2.0,4.4,1.1,11.5,1.7,1.4,6.3,0.8,2.3,2.1,1.9,1.5,0.6,0.1,1.0,0.7,0.6
2017-06-01 21:58:00+02:00,0.5,1.0,0.0,4.2,10.7,8.2,7.1,1.1,0.1,1.7,1.5,8.6,0.7,1.6,0.4,1.3,0.3,1.5,7.5,10.5,6.6,0.1,7.7,0.8,12.2,1.9,4.6,1.1,11.2,1.5,1.3,6.2,0.8,2.3,2.1,2.1,1.7,0.6,0.2,1.1,0.9,0.7
2017-06-01 21:59:00+02:00,0.5,1.1,0.0,4.3,11.1,8.8,7.7,1.0,0.1,1.7,1.5,9.0,0.6,1.6,0.4,1.3,0.2,1.5,8.1,10.9,6.6,0.1,8.3,0.8,12.7,1.9,4.6,1.1,11.6,1.4,1.2,6.2,0.9,2.4,2.2,2.1,1.8,0.7,0.3,1.1,0.9,0.7
2017-06-01 22:00:00+02:00,0.5,1.1,0.0,4.3,12.1,9.7,8.6,1.0,0.1,1.6,1.6,10.0,0.6,2.2,0.3,1.2,0.2,2.1,9.0,11.9,7.1,0.1,9.3,0.8,13.6,2.0,4.5,1.0,12.6,2.0,1.3,6.7,0.9,2.6,2.4,2.3,1.6,0.7,0.3,0.9,0.7,0.5
2017-06-01 22:01:00+02:00,0.5,1.1,0.0,4.2,11.2,9.1,8.1,1.0,0.1,2.1,1.3,9.4,0.6,1.5,0.3,1.7,0.2,1.4,8.5,11.0,6.4,0.1,8.7,1.3,12.6,1.7,4.5,1.5,11.7,1.3,1.1,6.0,0.8,2.7,2.5,2.5,1.7,0.7,0.3,1.0,0.7,0.5
2017-06-01 22:02:00+02:00,0.5,0.9,0.0,4.1,11.1,9.0,8.0,1.0,0.1,2.2,1.5,9.1,0.6,1.5,0.3,1.9,0.2,1.4,8.3,10.9,6.3,0.1,8.5,1.4,12.5,1.9,4.3,1.7,11.6,1.3,1.3,5.8,0.8,2.8,2.6,2.5,1.8,0.7,0.3,1.0,0.5,0.3
2017-06-01 22:03:00+02:00,0.5,0.9,0.0,4.1,10.2,8.5,7.0,1.0,0.1,2.2,1.1,8.6,0.6,1.5,0.3,1.8,0.2,1.4,7.5,10.0,6.2,0.1,7.7,1.4,11.6,1.4,4.3,1.6,10.7,1.3,0.9,5.8,0.8,2.6,2.4,2.3,1.6,0.7,0.3,0.9,0.3,0.2
2017-06-01 22:04:00+02:00,0.5,1.0,0.0,4.2,10.3,8.7,7.7,1.0,0.1,2.2,1.0,8.9,0.6,1.5,0.3,1.8,0.2,1.4,8.1,10.1,6.3,0.1,8.3,1.4,11.7,1.3,4.3,1.6,10.8,1.4,0.8,5.8,0.8,2.7,2.5,2.4,1.7,0.7,0.3,0.9,0.3,0.2
2017-06-01 22:05:00+02:00,0.5,1.3,0.0,4.4,10.2,8.6,7.4,1.0,0.1,2.2,0.9,8.8,0.6,1.5,0.3,1.8,0.2,1.4,7.8,10.0,6.5,0.1,8.0,1.3,11.6,1.3,4.6,1.6,10.7,1.3,0.7,6.1,0.8,3.2,3.0,3.0,2.3,0.7,0.3,1.6,1.0,0.9
2017-06-01 22:06:00+02:00,0.5,1.2,0.0,3.9,9.3,7.7,6.2,1.0,0.2,2.1,0.9,7.9,0.6,1.5,0.3,1.7,0.2,1.4,6.5,9.1,5.8,0.1,6.7,1.3,10.7,1.3,4.0,1.5,9.7,1.3,0.7,5.5,0.9,3.5,3.4,3.3,2.6,0.7,0.3,1.9,1.3,1.2
2017-06-01 22:07:00+02:00,0.5,1.2,0.0,1.4,6.2,4.7,3.7,1.0,0.2,2.1,0.9,4.8,0.6,1.4,0.3,1.6,0.2,1.4,4.1,6.0,3.3,0.1,4.3,1.3,7.6,1.2,1.6,1.5,6.7,1.3,0.7,3.0,0.9,4.4,4.1,3.4,2.7,0.7,0.3,2.0,1.4,1.3
2017-06-01 22:08:00+02:00,0.5,1.2,0.0,1.4,8.5,4.7,3.8,1.0,0.2,2.3,0.8,4.8,0.7,1.5,0.3,1.8,0.3,1.4,4.1,6.0,3.4,0.1,4.2,1.1,9.7,1.2,1.6,1.7,9.0,1.3,0.6,3.1,0.9,3.7,3.4,2.3,1.6,0.7,0.3,1.0,0.4,0.3
2017-06-01 22:09:00+02:00,0.5,1.2,0.0,1.4,6.9,4.9,4.0,1.0,0.2,2.0,0.7,5.0,0.8,1.6,0.3,1.5,0.3,1.5,4.3,6.0,3.6,0.1,4.4,0.9,8.3,1.0,1.6,1.3,7.4,1.4,0.5,3.2,0.9,2.5,2.2,2.1,1.4,0.7,0.3,0.7,0.3,0.2
2017-06-01 22:10:00+02:00,0.4,1.2,0.0,1.4,6.2,4.9,4.2,1.1,0.2,1.8,0.7,5.0,0.8,1.7,0.3,1.4,0.3,1.6,4.4,6.0,3.8,0.1,4.5,0.8,7.6,1.0,1.7,1.2,6.7,1.4,0.4,3.4,0.9,2.5,2.2,2.1,1.5,0.7,0.3,0.8,0.3,0.2
2017-06-01 22:11:00+02:00,0.4,1.2,0.0,1.4,6.3,4.9,4.2,1.0,0.2,2.1,0.7,5.0,0.7,1.6,0.3,1.7,0.3,1.5,4.4,6.1,3.8,0.1,4.5,0.8,7.5,1.1,1.8,1.6,6.7,1.3,0.5,3.4,0.9,2.4,2.2,2.1,1.5,0.7,0.3,0.8,0.3,0.2
2017-06-01 22:12:00+02:00,0.4,1.2,0.1,1.4,6.2,4.8,4.2,1.0,0.2,1.7,0.7,4.9,0.8,1.6,0.4,1.3,0.3,1.5,4.3,5.9,3.7,0.2,4.4,0.8,7.6,1.0,1.7,1.2,6.7,1.4,0.5,3.3,0.9,2.2,1.9,1.8,1.1,0.7,0.3,0.5,0.3,0.2
2017-06-01 22:13:00+02:00,0.4,1.3,0.1,1.5,6.5,5.2,4.4,1.0,0.2,2.2,0.7,5.3,0.7,1.6,0.4,1.8,0.3,1.4,4.5,6.3,4.0,0.2,4.8,0.8,7.9,1.0,1.8,1.7,7.0,1.3,0.5,3.4,1.1,2.2,1.9,1.8,1.1,0.6,0.2,0.5,0.3,0.2
2017-06-01 22:14:00+02:00,0.4,1.3,0.1,1.5,6.6,5.2,4.4,1.0,0.2,1.7,0.7,5.3,0.7,1.6,0.4,1.3,0.3,1.4,4.5,6.3,3.9,0.2,4.8,0.8,7.9,1.0,1.8,1.2,7.0,1.3,0.5,3.3,1.1,2.2,1.9,1.8,1.1,0.6,0.2,0.5,0.3,0.2
2017-06-01 22:15:00+02:00,0.4,1.2,0.1,2.0,6.9,5.5,4.7,1.0,0.2,1.7,0.6,5.7,0.7,1.6,0.3,1.3,0.3,1.4,4.8,6.6,4.3,0.2,5.1,0.8,7.8,0.9,2.2,1.2,7.3,1.3,0.4,3.7,1.0,4.9,4.5,4.4,1.4,0.6,0.2,0.9,0.3,0.2
2017-06-01 22:16:00+02:00,0.5,1.1,0.0,2.3,7.2,5.9,5.0,1.0,0.3,1.7,0.6,6.0,0.7,1.6,0.2,1.3,0.3,1.4,5.1,6.8,4.7,0.2,5.5,0.9,8.0,0.9,2.6,1.2,7.5,1.3,0.4,4.1,0.8,5.2,4.9,4.8,1.8,0.6,0.2,1.2,0.3,0.2
2017-06-01 22:17:00+02:00,0.5,1.1,0.0,2.8,7.7,6.3,5.4,1.0,0.3,1.9,0.6,6.4,0.7,1.6,0.2,1.5,0.3,1.4,5.6,7.3,5.1,0.2,5.9,0.9,8.5,0.9,3.0,1.3,8.1,1.3,0.4,4.5,0.8,3.5,3.1,3.0,1.9,0.6,0.2,1.3,0.5,0.3
2017-06-01 22:18:00+02:00,0.5,1.1,0.0,2.1,7.0,5.6,4.8,1.0,0.3,2.0,0.7,5.7,0.7,1.6,0.2,1.6,0.3,1.4,4.9,6.7,4.4,0.2,5.2,1.0,7.8,1.0,2.3,1.3,7.3,1.3,0.4,3.9,0.8,2.6,2.3,2.2,2.1,0.6,0.2,1.5,0.6,0.4
2017-06-01 22:19:00+02:00,0.5,1.0,0.0,2.1,7.4,5.8,5.0,1.0,0.3,1.9,0.8,6.0,0.7,1.7,0.3,1.5,0.3,1.5,5.1,7.1,4.6,0.2,5.4,1.0,8.1,1.1,2.3,1.3,7.7,1.4,0.6,4.0,0.8,2.5,2.2,2.2,2.0,0.6,0.2,1.5,0.6,0.4
2017-06-01 22:20:00+02:00,0.5,0.9,0.0,2.1,7.7,5.9,5.0,1.0,0.3,1.8,1.1,6.1,0.7,1.7,0.3,1.5,0.2,1.5,5.2,7.4,4.7,0.2,5.5,1.0,8.5,1.4,2.4,1.3,8.0,1.3,0.8,4.1,0.7,2.4,2.2,2.2,2.0,0.7,0.2,1.4,0.6,0.3
2017-06-01 22:21:00+02:00,0.5,1.0,0.0,2.2,8.9,6.3,5.1,1.0,0.3,1.9,1.2,6.5,0.7,1.7,0.3,1.5,0.2,1.5,5.7,8.6,4.8,0.2,5.9,1.0,9.7,2.2,2.5,1.3,9.2,1.4,1.0,4.2,0.8,2.5,2.4,2.3,2.2,0.7,0.2,1.6,0.8,0.5
2017-06-01 22:22:00+02:00,0.5,1.0,0.0,2.3,9.2,6.2,5.2,1.1,0.3,1.9,1.2,6.3,0.7,1.7,0.3,1.6,0.2,1.5,5.5,8.9,4.8,0.2,5.8,1.0,10.1,2.6,2.5,1.4,9.6,1.4,1.0,4.3,0.7,2.6,2.4,2.3,2.2,0.7,0.2,1.5,0.7,0.5
2017-06-01 22:23:00+02:00,0.5,1.3,0.0,2.6,9.7,6.7,5.6,1.2,0.3,1.9,1.2,6.9,0.8,1.9,0.3,1.5,0.2,1.7,6.0,9.4,5.3,0.2,6.3,1.0,10.5,2.5,2.8,1.4,10.0,1.5,0.9,4.7,0.7,2.7,2.4,2.4,2.3,0.8,0.3,1.6,0.8,0.5
2017-06-01 22:24:00+02:00,0.5,1.3,0.0,2.5,9.5,6.5,5.6,1.3,0.4,1.7,1.1,6.6,0.9,2.0,0.3,1.3,0.2,1.8,5.8,9.2,5.3,0.2,6.1,0.9,10.8,2.5,2.7,1.3,9.8,1.7,0.9,4.8,0.9,2.7,2.4,2.4,2.3,0.8,0.3,1.5,0.7,0.5
2017-06-01 22:25:00+02:00,0.5,1.5,0.0,2.6,9.5,6.6,5.7,1.4,0.5,1.7,1.1,6.7,1.0,2.0,0.3,1.3,0.2,1.8,5.9,9.2,5.4,0.2,6.2,0.9,11.3,2.5,2.8,1.2,9.9,1.8,0.9,4.9,1.1,2.7,2.4,2.3,2.2,0.8,0.3,1.5,0.7,0.4
2017-06-01 22:26:00+02:00,0.5,1.7,0.0,3.3,9.7,7.2,6.4,1.4,0.8,1.6,1.1,7.4,1.0,2.0,0.3,1.3,0.2,1.9,6.6,9.4,6.1,0.2,6.9,0.8,12.1,2.0,3.5,1.2,10.1,1.8,0.9,5.5,1.3,2.8,2.5,2.5,2.4,1.0,0.4,1.4,0.6,0.4
2017-06-01 22:27:00+02:00,0.5,2.3,0.0,3.3,9.1,7.2,6.4,1.4,1.5,1.6,1.2,7.4,1.0,2.0,0.3,1.3,0.2,1.9,6.6,8.8,6.0,0.2,6.9,0.8,11.4,1.4,3.5,1.2,9.4,1.8,1.0,5.5,2.0,4.6,4.3,4.3,4.1,1.6,0.8,2.6,0.7,0.4
2017-06-01 22:28:00+02:00,0.5,2.3,0.0,2.6,8.9,6.8,5.8,1.4,1.5,1.6,1.4,7.0,1.0,2.0,0.5,1.3,0.3,1.9,6.0,8.6,5.5,0.2,6.4,0.8,11.3,1.6,2.9,1.2,9.3,1.8,1.2,5.0,2.0,4.7,4.4,4.3,4.2,1.7,0.5,2.5,0.7,0.4
2017-06-01 22:29:00+02:00,0.5,2.2,0.0,2.7,10.3,6.8,5.9,1.5,1.4,1.7,2.6,7.0,1.1,2.1,1.7,1.3,0.3,2.0,6.1,9.9,5.6,0.2,6.4,0.8,12.7,2.9,3.0,1.2,10.6,1.9,2.3,5.1,1.9,4.1,3.8,3.8,3.7,1.4,0.2,2.2,0.6,0.3
2017-06-01 22:30:00+02:00,0.5,2.3,0.0,3.7,10.0,7.7,6.8,1.4,1.6,1.8,1.5,7.9,1.0,2.0,0.5,1.4,0.3,1.8,7.0,9.6,6.5,0.2,7.3,0.8,10.6,1.7,4.0,1.3,10.3,1.8,1.2,5.9,2.1,4.7,4.4,4.4,4.1,1.0,0.2,3.1,0.6,0.3
2017-06-01 22:31:00+02:00,0.5,2.2,0.0,3.6,9.4,7.2,6.3,1.4,1.4,1.7,1.5,7.3,1.0,1.9,0.5,1.4,0.3,1.8,6.5,9.0,6.0,0.2,6.8,0.8,10.0,1.7,3.8,1.3,9.8,1.7,1.2,5.7,1.9,5.4,5.1,5.0,4.8,1.5,0.2,3.3,0.6,0.3
2017-06-01 22:32:00+02:00,0.5,2.1,0.0,3.5,9.3,7.0,6.2,1.4,1.4,1.7,1.5,7.2,1.0,1.9,0.5,1.5,0.3,1.8,6.3,8.9,5.9,0.2,6.6,0.8,9.9,1.7,3.8,1.3,9.6,1.7,1.2,5.7,1.9,4.6,4.3,4.3,3.9,1.5,0.2,2.5,0.6,0.4
2017-06-01 22:33:00+02:00,0.5,2.1,0.0,3.5,9.2,7.0,6.1,1.3,1.4,1.8,1.6,7.1,1.0,1.9,0.6,1.5,0.3,1.7,6.3,8.9,5.8,0.2,6.5,0.9,9.7,1.8,3.7,1.4,9.5,1.6,1.3,5.6,1.9,4.4,4.1,4.1,3.8,1.2,0.2,2.6,0.7,0.5
2017-06-01 22:34:00+02:00,0.5,2.1,0.0,3.5,9.1,7.1,6.3,1.3,1.4,1.7,1.4,7.3,1.0,2.0,0.4,1.5,0.3,1.7,6.4,8.9,6.0,0.2,6.7,0.9,9.6,1.6,3.7,1.4,9.4,1.6,1.1,5.8,1.9,4.3,4.0,4.0,3.7,1.2,0.2,2.5,0.6,0.4
2017-06-01 22:35:00+02:00,0.5,2.7,0.0,4.2,9.4,7.9,7.0,1.3,1.1,1.8,1.0,8.0,1.0,2.0,0.4,1.5,0.3,1.7,7.2,9.2,6.6,0.2,7.5,0.9,10.0,1.3,4.4,1.4,9.7,1.6,0.7,6.4,2.5,4.2,4.0,3.9,3.7,1.4,0.2,2.3,0.6,0.3
2017-06-01 22:36:00+02:00,0.4,2.5,0.0,4.0,8.8,7.4,6.6,1.3,0.9,2.1,0.8,7.5,1.0,1.9,0.4,1.9,0.3,1.6,6.7,8.6,6.2,0.2,7.0,1.3,9.3,1.1,4.2,1.8,9.1,1.5,0.5,6.1,2.3,4.3,4.1,4.1,3.8,1.4,0.2,2.4,0.6,0.3
2017-06-01 22:37:00+02:00,0.5,1.0,0.0,2.5,7.5,6.0,5.2,1.3,0.3,1.9,0.8,6.1,1.0,1.9,0.4,1.5,0.3,1.7,5.4,7.3,4.8,0.2,5.6,0.9,8.0,1.2,2.7,1.4,7.8,1.6,0.5,4.6,0.7,4.3,4.1,4.0,3.8,1.3,0.2,2.5,0.5,0.3
2017-06-01 22:38:00+02:00,0.5,1.3,0.0,3.0,7.6,6.3,5.4,1.0,0.6,2.7,0.8,6.3,0.8,1.7,0.4,2.3,0.3,1.4,5.6,7.5,5.0,0.2,5.9,1.7,8.4,1.2,3.2,2.1,8.1,1.3,0.5,4.9,1.1,4.3,4.1,4.1,3.7,1.3,0.2,2.5,0.5,0.3
2017-06-01 22:39:00+02:00,0.4,1.0,0.0,2.3,7.5,6.0,5.1,1.4,0.2,3.9,0.8,6.1,1.2,2.2,0.4,3.6,0.3,1.9,5.3,7.2,4.9,0.2,5.6,3.0,8.1,1.1,2.6,3.4,7.8,1.7,0.5,4.7,0.7,4.2,4.0,4.0,3.7,1.1,0.2,2.6,0.6,0.3
2017-06-01 22:40:00+02:00,1.2,1.4,0.0,2.7,9.8,8.2,7.4,3.1,0.6,4.8,0.8,8.3,2.9,3.9,0.4,4.3,0.3,3.6,7.5,9.5,7.0,0.2,7.8,3.7,10.4,1.2,3.0,4.2,10.1,3.4,0.5,6.9,1.1,4.6,4.4,4.4,4.1,1.5,0.7,2.5,0.6,0.3
2017-06-01 22:41:00+02:00,0.8,2.1,0.0,3.1,9.6,8.1,7.2,2.5,1.4,4.1,0.8,8.2,2.3,3.3,0.4,3.6,0.3,3.0,7.3,9.3,6.8,0.2,7.6,3.4,10.2,1.2,3.3,3.5,9.9,2.8,0.5,6.6,1.8,6.2,6.0,5.9,4.7,2.2,1.0,2.5,0.6,0.3
2017-06-01 22:42:00+02:00,0.3,2.0,0.0,3.1,9.3,7.8,6.8,2.1,1.4,2.9,0.8,7.8,1.9,2.9,0.4,2.5,0.3,2.6,6.9,9.0,6.4,0.2,7.2,2.2,10.1,1.2,3.4,2.3,9.7,2.4,0.5,6.3,1.7,7.4,7.0,6.9,6.0,2.1,0.6,3.9,0.6,0.3
2017-06-01 22:43:00+02:00,0.3,2.4,0.0,3.5,9.6,8.1,7.2,2.0,1.4,1.4,0.9,8.2,1.8,2.8,0.5,1.1,0.2,2.6,7.3,9.3,6.8,0.2,7.6,0.8,10.3,1.2,3.8,1.0,9.9,2.3,0.6,6.6,2.1,6.6,6.1,6.1,5.7,1.8,0.3,3.9,0.6,0.3
2017-06-01 22:44:00+02:00,0.3,2.5,0.0,3.6,9.9,8.3,7.4,2.0,1.4,1.9,0.9,8.4,1.8,2.8,0.5,1.6,0.2,2.5,7.5,9.6,7.0,0.2,7.8,1.2,10.6,1.2,3.8,1.5,10.2,2.3,0.6,6.6,2.2,6.5,6.0,6.0,5.7,1.9,0.3,3.9,0.6,0.3
2017-06-01 22:45:00+02:00,0.3,2.0,0.0,3.1,9.6,8.1,7.1,1.8,1.0,2.1,0.8,8.2,1.6,2.6,0.4,1.8,0.2,2.4,7.2,9.3,6.7,0.2,7.6,1.2,10.4,1.1,3.4,1.7,10.1,2.1,0.6,6.0,1.7,6.8,6.3,6.3,5.8,1.9,0.4,3.9,0.7,0.4
2017-06-01 22:46:00+02:00,0.3,1.5,0.0,2.5,8.2,6.6,5.6,0.7,0.4,2.1,0.9,6.7,0.4,1.6,0.5,1.7,0.2,1.2,5.8,7.8,5.2,0.2,6.1,1.2,8.9,1.1,2.8,1.6,8.6,1.0,0.6,4.3,1.2,6.2,5.8,5.8,5.3,1.9,0.3,3.4,0.7,0.4
2017-06-01 22:47:00+02:00,0.3,1.4,0.0,2.4,8.2,6.5,5.4,0.7,0.3,2.2,1.0,6.6,0.4,1.5,0.5,1.8,0.2,1.2,5.6,7.9,5.0,0.2,5.9,1.2,8.9,1.3,2.7,1.7,8.6,1.0,0.6,4.2,1.1,4.6,4.2,4.2,3.7,1.9,0.3,1.9,0.5,0.2
2017-06-01 22:48:00+02:00,0.4,1.3,0.0,2.4,8.2,6.5,5.2,0.7,0.2,3.2,1.0,6.6,0.4,1.4,0.5,2.9,0.2,1.2,5.5,7.9,4.9,0.2,5.8,2.3,8.9,1.3,2.7,2.7,8.6,1.0,0.7,4.0,1.0,4.5,4.1,4.1,3.7,1.9,0.3,1.8,0.4,0.2
2017-06-01 22:49:00+02:00,0.4,1.3,0.0,2.4,8.1,6.4,5.2,0.6,0.2,3.5,1.0,6.5,0.4,1.2,0.5,3.2,0.2,1.2,5.4,7.8,4.8,0.2,5.7,2.5,9.0,1.3,2.7,3.0,8.7,1.0,0.6,3.9,1.0,4.0,3.5,3.5,3.1,1.7,0.3,1.4,0.5,0.2
2017-06-01 22:50:00+02:00,0.5,1.3,0.0,2.4,8.0,6.1,5.1,0.7,0.3,2.3,1.2,6.2,0.4,1.3,0.5,2.0,0.2,1.2,5.3,7.8,4.7,0.2,5.6,1.4,8.7,1.5,2.6,1.8,8.4,1.0,0.8,3.9,1.0,3.1,2.7,2.6,2.3,0.9,0.3,1.4,0.4,0.2
2017-06-01 22:51:00+02:00,0.6,1.3,0.0,2.3,7.4,5.4,4.4,0.6,0.2,2.1,1.3,5.5,0.3,1.2,0.6,1.8,0.1,1.1,4.6,7.1,4.1,0.2,4.8,1.3,8.0,1.6,2.5,1.6,7.8,0.9,1.0,3.7,1.0,3.2,2.8,2.8,2.4,0.9,0.3,1.5,0.5,0.2
2017-06-01 22:52:00+02:00,0.6,1.3,0.0,2.3,7.8,5.9,4.4,0.5,0.2,1.9,1.2,6.0,0.3,1.1,0.5,1.6,0.1,1.0,5.2,7.5,4.0,0.2,5.3,1.1,8.5,1.5,2.6,1.4,8.3,0.8,0.9,3.7,1.0,3.7,3.2,3.2,2.8,1.2,0.3,1.6,0.5,0.2
2017-06-01 22:53:00+02:00,0.6,1.4,0.0,2.3,7.6,5.8,4.6,0.5,0.2,1.9,1.1,5.8,0.4,1.1,0.5,1.5,0.1,1.0,5.0,7.3,4.1,0.2,5.2,1.1,8.3,1.4,2.6,1.4,8.1,0.8,0.9,3.7,1.0,3.8,3.4,3.3,3.0,1.4,0.3,1.5,0.5,0.2
2017-06-01 22:54:00+02:00,0.6,1.4,0.0,2.4,7.9,5.9,5.0,0.8,0.3,1.8,1.2,5.9,0.6,1.4,0.6,1.4,0.1,1.3,5.2,7.4,4.5,0.2,5.3,1.0,8.6,1.5,2.7,1.3,8.4,1.1,1.0,4.1,1.0,3.2,2.7,2.7,2.3,0.9,0.3,1.5,0.4,0.2
2017-06-01 22:55:00+02:00,0.6,1.4,0.1,2.4,8.1,6.2,5.5,1.3,0.3,1.9,1.2,6.3,1.1,2.0,0.6,1.6,0.6,1.9,5.6,7.8,5.0,0.3,5.8,1.1,8.8,1.5,2.6,1.4,8.6,1.7,1.0,4.6,1.1,3.2,2.8,2.8,2.4,0.9,0.3,1.5,0.4,0.2
2017-06-01 22:56:00+02:00,0.5,1.5,0.1,1.9,7.9,6.2,5.5,1.8,0.3,2.1,1.1,6.3,1.6,2.5,0.5,1.7,1.1,2.4,5.6,7.7,5.0,0.3,5.7,1.2,8.6,1.4,2.2,1.6,8.4,2.1,0.9,4.7,1.1,3.1,2.7,2.7,2.4,0.8,0.3,1.5,0.4,0.2
2017-06-01 22:57:00+02:00,0.5,1.4,0.0,1.9,7.0,5.3,4.6,1.0,0.3,2.1,1.0,5.4,0.8,1.6,0.4,1.7,0.3,1.5,4.7,6.7,4.1,0.1,4.9,1.2,7.7,1.3,2.1,1.6,7.5,1.3,0.8,3.8,1.1,4.7,4.5,4.5,4.3,0.6,0.3,3.7,0.4,0.2
2017-06-01 22:58:00+02:00,0.5,1.4,0.0,1.8,6.8,5.3,4.5,0.9,0.3,2.0,0.9,5.4,0.7,1.6,0.3,1.7,0.2,1.4,4.7,6.6,4.0,0.1,4.9,1.2,7.5,1.2,2.1,1.5,7.3,1.2,0.7,3.6,1.0,4.5,4.4,4.4,4.2,0.6,0.3,3.7,0.4,0.2
2017-06-01 22:59:00+02:00,0.5,1.4,0.0,1.8,6.7,5.2,4.4,0.8,0.2,2.0,0.9,5.2,0.7,1.5,0.3,1.6,0.2,1.4,4.6,6.5,3.9,0.1,4.8,1.2,7.4,1.2,2.0,1.5,7.2,1.2,0.7,3.5,1.0,4.4,4.3,4.3,4.1,0.5,0.2,3.6,0.4,0.2
2017-06-01 23:00:00+02:00,0.5,1.3,0.0,1.8,8.5,7.0,5.6,0.8,0.3,1.9,0.8,7.1,0.7,1.6,0.2,1.5,0.2,1.4,5.8,8.2,5.3,0.1,6.6,1.1,9.4,1.2,3.1,1.4,9.1,1.2,0.6,4.6,1.0,5.4,5.3,5.2,4.9,0.5,0.2,4.4,1.3,1.0
2017-06-01 23:01:00+02:00,0.8,1.3,0.0,1.7,8.0,6.5,5.2,0.9,0.2,1.9,0.8,6.6,0.8,1.7,0.2,1.6,0.3,1.5,5.4,7.7,5.1,0.1,6.1,1.2,8.7,1.2,2.7,1.4,8.5,1.3,0.6,4.4,1.0,5.8,5.7,5.7,5.3,0.5,0.2,4.8,1.6,1.4
2017-06-01 23:02:00+02:00,0.4,1.3,0.0,1.7,6.5,5.1,4.3,0.9,0.2,1.5,0.8,5.1,0.8,1.7,0.2,1.2,0.3,1.5,4.5,6.2,4.3,0.1,4.7,0.8,7.4,1.2,2.1,1.1,7.1,1.3,0.6,3.9,0.9,5.3,5.2,5.2,4.8,0.5,0.2,4.4,1.1,0.8
2017-06-01 23:03:00+02:00,0.7,1.4,0.0,1.8,6.7,5.2,4.4,1.0,0.3,1.8,0.8,5.3,0.8,1.7,0.2,1.4,0.3,1.6,4.7,6.4,4.4,0.1,4.8,1.1,7.5,1.2,2.2,1.3,7.2,1.4,0.6,3.9,1.0,4.9,4.8,4.8,4.5,0.5,0.2,4.0,0.7,0.4
2017-06-01 23:04:00+02:00,0.5,1.4,0.0,1.8,7.4,5.8,4.8,1.0,0.3,1.6,0.8,5.9,0.8,1.7,0.2,1.3,0.3,1.6,5.0,7.0,4.7,0.1,5.1,1.0,8.2,1.2,2.6,1.1,8.0,1.4,0.6,4.3,1.0,4.8,4.8,4.7,4.4,0.5,0.2,4.0,0.6,0.4
2017-06-01 23:05:00+02:00,0.8,1.4,0.0,2.3,8.5,6.7,5.2,1.0,0.3,2.0,1.0,6.8,0.8,1.6,0.2,1.7,0.3,1.5,5.4,8.1,4.9,0.1,5.8,1.3,9.2,1.4,2.8,1.4,9.0,1.3,0.8,4.5,1.0,2.5,2.5,2.5,2.1,0.5,0.2,1.7,0.6,0.4
2017-06-01 23:06:00+02:00,0.7,1.3,0.0,2.8,9.2,7.2,5.7,0.9,0.3,1.8,1.1,7.2,0.8,1.6,0.2,1.5,0.3,1.5,5.8,8.8,5.0,0.1,6.5,1.1,9.7,1.5,2.9,1.3,9.5,1.3,0.9,4.5,1.0,1.7,1.7,1.6,1.3,0.4,0.2,0.9,0.7,0.4
2017-06-01 23:07:00+02:00,0.5,1.1,0.0,1.5,7.6,5.6,4.4,0.9,0.2,1.7,1.3,5.6,0.8,1.6,0.2,1.3,0.3,1.5,4.5,7.3,3.7,0.1,4.9,0.9,8.2,1.7,1.6,1.1,8.0,1.3,1.1,3.2,0.8,1.7,1.7,1.6,1.3,0.4,0.2,0.9,0.7,0.4
2017-06-01 23:08:00+02:00,0.5,1.0,0.0,1.4,8.7,5.3,4.1,0.9,0.2,1.7,2.7,5.4,0.7,1.5,0.4,1.4,0.3,1.4,4.2,8.5,3.4,0.1,4.7,0.9,9.2,3.1,1.5,1.0,9.0,1.2,2.4,3.0,0.7,1.7,1.7,1.6,1.3,0.4,0.2,0.9,0.6,0.4
2017-06-01 23:09:00+02:00,0.4,1.0,0.0,1.4,8.5,5.5,4.2,0.7,0.2,1.6,2.2,5.7,0.6,1.6,1.2,1.3,0.2,1.5,4.3,8.3,3.5,0.1,4.9,0.8,9.0,2.6,1.4,1.0,8.8,1.0,2.0,3.0,0.7,1.7,1.6,1.6,1.3,0.4,0.2,0.9,0.7,0.4
2017-06-01 23:10:00+02:00,0.4,1.1,0.0,1.4,7.7,5.2,4.1,0.7,0.2,1.7,1.7,5.4,0.6,1.4,0.7,1.3,0.2,1.3,4.3,7.5,3.4,0.1,4.7,0.8,8.3,2.1,1.5,1.0,8.1,1.0,1.4,2.9,0.8,1.6,1.5,1.5,1.2,0.4,0.2,0.8,0.7,0.4
2017-06-01 23:11:00+02:00,0.5,1.2,0.0,1.7,7.0,5.0,4.1,0.8,0.2,1.7,1.1,5.2,0.6,1.5,0.2,1.4,0.2,1.4,4.2,6.8,3.8,0.1,4.6,0.8,7.5,1.5,1.8,1.0,7.3,1.0,0.9,3.3,0.9,1.8,1.7,1.7,1.4,0.5,0.2,0.9,0.7,0.4
2017-06-01 23:12:00+02:00,0.5,1.2,0.0,1.7,7.6,4.6,3.8,0.8,0.2,1.5,2.1,4.9,0.6,1.4,0.2,1.2,0.2,1.3,4.0,7.4,3.6,0.1,4.2,0.8,8.1,2.5,1.8,1.0,7.9,1.0,1.9,3.1,0.9,3.3,3.2,3.2,2.9,0.7,0.2,2.2,0.7,0.4
2017-06-01 23:13:00+02:00,0.5,1.3,0.0,1.8,6.5,4.6,3.8,0.7,0.2,1.4,1.1,4.9,0.6,1.3,0.2,1.2,0.2,1.2,4.0,6.3,3.7,0.1,4.2,0.8,7.2,1.5,1.9,1.0,6.9,1.0,0.9,3.2,1.0,3.3,3.2,3.1,2.9,0.7,0.2,2.1,0.6,0.3
2017-06-01 23:14:00+02:00,0.5,1.3,0.0,1.8,6.5,4.6,3.8,0.7,0.2,1.6,1.1,4.8,0.6,1.3,0.2,1.1,0.2,1.2,4.0,6.3,3.7,0.1,4.2,0.8,7.1,1.4,1.9,1.0,6.9,0.9,0.9,3.2,1.0,3.4,3.3,3.2,2.9,0.8,0.2,2.2,0.6,0.3
2017-06-01 23:15:00+02:00,0.5,1.3,0.0,1.8,6.8,4.8,4.0,0.7,0.2,1.5,1.2,5.0,0.6,1.3,0.3,1.0,0.2,1.2,4.2,6.5,3.8,0.1,4.4,0.8,7.4,1.5,2.1,0.9,7.1,0.9,1.0,3.4,1.0,3.5,3.4,3.4,3.1,0.8,0.2,2.3,0.6,0.3
2017-06-01 23:16:00+02:00,0.7,1.3,0.0,1.8,8.1,6.1,5.3,1.9,0.2,1.9,1.2,6.3,1.8,2.5,0.4,1.2,0.2,2.4,5.5,7.9,5.0,0.1,5.7,1.0,8.7,1.6,2.1,1.1,8.4,2.1,1.1,4.6,1.0,4.1,3.9,3.9,3.6,1.4,0.2,2.2,0.6,0.3
2017-06-01 23:17:00+02:00,1.0,1.3,0.0,1.8,8.3,5.5,4.6,1.1,0.2,2.1,2.1,5.7,1.0,1.8,0.4,1.7,0.2,1.7,4.8,8.1,4.3,0.1,5.0,1.4,9.0,2.4,2.1,1.5,8.7,1.3,1.9,3.8,1.0,4.4,4.3,4.3,4.0,1.8,0.2,2.2,0.6,0.4
2017-06-01 23:18:00+02:00,1.0,1.3,0.0,1.8,8.0,5.3,4.5,0.8,0.2,2.0,1.9,5.5,0.7,1.6,0.3,1.7,0.2,1.5,4.7,7.8,4.2,0.1,4.9,1.4,8.7,2.3,2.1,1.5,8.4,1.0,1.8,3.7,1.0,4.4,4.3,4.3,4.0,1.8,0.2,2.2,0.6,0.4
2017-06-01 23:19:00+02:00,1.0,1.3,0.0,1.8,7.1,5.2,4.4,0.8,0.2,2.1,1.2,5.4,0.7,1.6,0.3,1.7,0.2,1.5,4.6,6.9,4.1,0.1,4.8,1.3,7.8,1.5,2.0,1.5,7.5,1.1,1.0,3.6,0.9,3.4,3.4,3.3,3.1,0.9,0.2,2.2,0.7,0.4
2017-06-01 23:20:00+02:00,0.6,0.7,0.0,1.2,6.2,4.7,3.8,0.8,0.2,1.7,0.9,4.9,0.7,1.6,0.3,1.3,0.2,1.5,4.0,6.0,3.5,0.1,4.2,0.9,7.2,1.2,1.5,1.2,6.9,1.0,0.7,3.0,0.3,3.3,3.2,3.2,2.9,0.7,0.2,2.2,0.7,0.4
2017-06-01 23:21:00+02:00,0.6,1.1,0.0,1.6,6.7,5.4,4.4,0.7,0.2,1.7,0.7,5.5,0.7,1.6,0.3,1.3,0.2,1.4,4.6,6.5,4.1,0.1,4.9,0.9,7.6,1.0,1.9,1.2,7.3,1.0,0.6,3.5,0.7,3.2,3.2,3.1,2.9,0.7,0.2,2.2,0.6,0.4
2017-06-01 23:22:00+02:00,0.8,1.3,0.0,1.9,6.8,5.4,4.6,0.8,0.3,2.1,0.8,5.6,0.7,1.5,0.3,1.6,0.2,1.4,4.7,6.6,4.3,0.1,5.0,1.2,7.5,1.0,2.1,1.5,7.2,1.0,0.6,3.6,0.9,3.2,3.1,3.1,2.8,0.7,0.2,2.2,0.6,0.4
2017-06-01 23:23:00+02:00,0.6,1.3,0.0,1.9,6.7,5.4,4.6,0.8,0.3,1.9,0.7,5.6,0.7,1.5,0.3,1.5,0.2,1.4,4.7,6.5,4.3,0.1,5.0,1.0,7.5,1.0,2.1,1.3,7.1,1.1,0.5,3.6,0.8,4.0,3.9,3.9,3.6,1.4,0.2,2.2,0.6,0.4
2017-06-01 23:24:00+02:00,0.5,1.3,0.0,1.9,7.1,5.6,4.6,0.9,0.3,1.9,0.8,5.8,0.7,1.5,0.3,1.5,0.2,1.4,4.7,6.9,4.3,0.1,5.2,1.0,7.7,1.2,2.2,1.3,7.4,1.1,0.6,3.7,0.8,4.2,4.2,4.1,3.9,1.7,0.2,2.2,0.7,0.4
2017-06-01 23:25:00+02:00,0.5,1.3,0.0,1.9,7.6,6.0,4.8,1.0,0.3,2.3,0.8,6.2,0.9,1.6,0.3,1.8,0.3,1.5,5.0,7.4,4.5,0.1,5.7,1.3,8.2,1.2,2.3,1.6,7.9,1.2,0.6,3.8,0.8,3.4,3.4,3.4,3.1,0.9,0.2,2.2,0.7,0.3
2017-06-01 23:26:00+02:00,0.6,1.3,0.0,2.5,7.8,6.4,5.4,1.2,0.3,1.9,0.8,6.5,1.0,1.7,0.3,1.5,0.5,1.7,5.7,7.6,5.1,0.1,6.0,1.1,8.4,1.1,2.8,1.3,8.1,1.4,0.6,4.5,0.9,3.1,3.1,3.0,2.8,0.6,0.2,2.2,0.6,0.3
2017-06-01 23:27:00+02:00,0.6,1.3,0.0,2.0,7.2,5.9,4.9,1.1,0.3,1.8,0.7,6.0,1.0,1.7,0.3,1.4,0.5,1.6,5.2,7.0,4.6,0.1,5.5,1.0,7.8,1.0,2.3,1.2,7.5,1.3,0.6,4.0,0.9,3.2,3.1,3.1,2.8,0.5,0.2,2.3,0.8,0.4
2017-06-01 23:28:00+02:00,0.6,1.5,0.0,1.8,7.1,5.7,4.7,1.0,0.3,1.8,0.7,5.8,0.9,1.6,0.3,1.4,0.4,1.5,5.0,6.8,4.4,0.1,5.3,1.0,7.8,1.0,2.1,1.2,7.5,1.2,0.6,3.7,1.1,3.2,3.1,3.1,2.8,0.5,0.1,2.3,0.7,0.4
2017-06-01 23:29:00+02:00,0.6,1.3,0.0,1.9,6.8,5.5,4.5,0.9,0.3,1.7,0.7,5.6,0.8,1.4,0.3,1.4,0.2,1.3,4.8,6.6,4.2,0.1,5.1,1.0,7.5,1.0,2.2,1.2,7.2,1.0,0.6,3.6,0.9,3.2,3.1,3.1,2.8,0.5,0.1,2.3,0.7,0.4
2017-06-01 23:30:00+02:00,0.6,1.4,0.0,2.5,7.9,6.3,5.1,0.9,0.3,1.7,0.7,6.5,0.8,1.3,0.3,1.4,0.2,1.2,5.2,7.7,4.7,0.1,5.9,1.0,8.6,1.3,2.6,1.1,8.3,1.0,0.6,4.0,0.9,3.0,3.0,2.9,2.6,0.4,0.1,2.2,0.6,0.3
2017-06-01 23:31:00+02:00,0.6,1.4,0.0,2.1,6.8,5.5,4.6,0.9,0.3,1.7,0.7,5.6,0.8,1.3,0.3,1.4,0.2,1.2,4.7,6.7,4.2,0.1,5.1,1.1,7.5,1.1,2.2,1.2,7.2,1.0,0.6,3.5,0.9,3.1,3.1,3.0,2.7,0.4,0.1,2.3,0.7,0.4
2017-06-01 23:32:00+02:00,0.6,1.4,0.0,2.0,6.5,5.4,4.4,0.9,0.3,1.7,0.7,5.5,0.8,1.3,0.3,1.4,0.2,1.2,4.5,6.4,4.0,0.1,5.0,1.1,7.2,1.0,2.1,1.3,6.9,1.0,0.5,3.5,0.9,3.2,3.2,3.1,2.8,0.5,0.2,2.3,0.7,0.4
2017-06-01 23:33:00+02:00,0.6,1.4,0.0,1.8,6.7,5.6,4.3,1.0,0.3,1.7,0.7,5.6,0.9,1.5,0.3,1.4,0.2,1.3,4.4,6.6,3.9,0.1,5.1,1.1,7.4,1.0,2.0,1.3,7.1,1.1,0.6,3.4,0.9,4.2,4.2,4.1,3.8,1.4,0.1,2.3,0.7,0.4
2017-06-01 23:34:00+02:00,0.6,1.3,0.0,2.1,7.8,6.3,5.3,1.9,0.3,1.7,0.8,6.3,1.8,2.3,0.3,1.4,0.3,2.2,5.5,7.7,5.0,0.1,5.8,1.1,8.4,1.4,2.2,1.3,8.2,2.0,0.6,4.5,0.9,4.2,4.1,4.1,3.8,1.5,0.2,2.3,0.7,0.4
2017-06-01 23:35:00+02:00,0.6,1.2,0.0,1.3,6.4,5.1,4.2,1.5,0.3,1.8,0.8,5.1,1.3,1.8,0.3,1.4,0.2,1.7,4.3,6.2,3.7,0.1,4.7,1.1,7.0,1.2,1.5,1.3,6.7,1.5,0.6,3.3,0.7,4.2,4.1,4.0,3.7,1.4,0.1,2.3,0.7,0.4
2017-06-01 23:36:00+02:00,0.6,1.6,0.0,1.9,6.4,5.2,4.3,0.8,0.2,1.8,0.7,5.3,0.7,1.1,0.3,1.4,0.1,1.1,4.5,6.3,3.9,0.1,4.8,1.0,7.0,1.0,2.1,1.3,6.7,0.9,0.5,3.3,0.8,4.2,4.1,4.1,3.8,1.5,0.2,2.3,0.7,0.4
2017-06-01 23:37:00+02:00,0.6,2.2,0.0,3.3,7.7,6.5,5.7,0.9,0.2,1.8,0.7,6.6,0.8,1.3,0.3,1.4,0.2,1.2,5.8,7.5,5.4,0.1,6.1,1.1,8.0,1.0,3.5,1.3,7.8,1.0,0.5,4.7,0.7,4.2,4.1,4.1,3.8,1.5,0.2,2.3,0.7,0.4
2017-06-01 23:38:00+02:00,0.6,3.3,0.0,3.9,9.4,7.9,7.0,1.6,0.2,1.8,1.1,8.0,1.5,2.0,0.6,1.4,0.2,1.9,7.2,9.3,6.7,0.1,7.5,1.1,9.9,1.4,4.1,1.3,9.5,1.7,0.9,6.1,0.8,4.1,4.1,4.0,3.6,1.4,0.1,2.2,0.7,0.4
2017-06-01 23:39:00+02:00,0.6,3.4,0.0,3.8,10.6,8.8,8.0,2.7,0.2,2.5,1.3,8.9,2.4,3.1,0.8,2.0,0.2,3.0,8.2,10.5,7.7,0.1,8.5,1.2,11.0,1.6,4.0,1.9,10.7,2.7,1.2,7.1,0.8,4.2,4.1,4.1,3.7,1.5,0.2,2.3,0.7,0.3
2017-06-01 23:40:00+02:00,0.6,2.7,0.0,2.9,9.4,8.1,7.5,2.9,0.2,2.0,0.9,8.2,2.7,3.3,0.4,1.8,0.5,3.3,7.7,9.4,7.2,0.1,8.0,1.2,9.8,1.2,3.2,1.6,9.5,3.0,0.7,6.5,0.8,4.2,4.1,4.1,3.7,1.5,0.2,2.2,0.7,0.3
2017-06-01 23:41:00+02:00,0.6,1.7,0.0,2.5,9.3,8.0,7.4,3.2,0.1,1.8,0.9,8.1,3.0,3.7,0.4,1.5,1.0,3.7,7.6,9.3,7.1,0.2,7.9,1.2,9.7,1.2,2.8,1.4,9.4,3.3,0.8,6.4,0.8,4.0,3.9,3.9,3.5,1.3,0.1,2.2,0.7,0.3
2017-06-01 23:42:00+02:00,0.6,1.5,0.0,2.1,8.2,6.9,6.3,2.6,0.1,1.7,0.8,7.0,2.5,3.0,0.3,1.5,0.2,3.0,6.4,8.1,6.0,0.1,6.7,1.2,8.5,1.1,2.4,1.3,8.2,2.7,0.7,5.4,0.8,3.7,3.6,3.6,3.2,0.3,0.2,2.9,0.7,0.3
2017-06-01 23:43:00+02:00,0.5,1.4,0.0,2.5,8.7,7.4,6.8,2.8,0.1,1.6,0.8,7.5,2.6,3.1,0.3,1.4,0.3,3.1,7.0,8.6,6.5,0.1,7.2,1.1,9.0,1.1,2.8,1.3,8.7,2.8,0.7,5.9,0.7,3.5,3.4,3.4,3.1,0.3,0.1,2.8,0.6,0.3
2017-06-01 23:44:00+02:00,0.7,1.4,0.0,2.4,8.7,7.4,6.8,2.9,0.1,1.7,0.8,7.6,2.7,3.3,0.3,1.5,0.5,3.2,7.0,8.7,6.6,0.1,7.3,1.2,9.1,1.1,2.7,1.4,8.8,3.0,0.7,6.0,0.6,3.4,3.4,3.3,3.0,0.3,0.1,2.7,0.5,0.3
2017-06-01 23:45:00+02:00,0.5,1.4,0.0,1.7,7.2,6.0,5.3,2.3,0.2,1.7,0.8,6.1,2.1,2.6,0.3,1.4,0.4,2.6,5.5,7.1,5.0,0.1,5.9,1.1,7.5,1.0,1.8,1.3,7.2,2.3,0.7,4.5,0.7,3.4,3.4,3.4,3.0,0.3,0.1,2.7,0.5,0.3
2017-06-01 23:46:00+02:00,0.5,1.4,0.0,1.6,6.3,5.2,4.4,1.3,0.2,1.7,0.7,5.3,1.1,1.7,0.3,1.4,0.4,1.7,4.5,6.2,4.0,0.1,5.0,1.1,6.6,1.0,1.7,1.3,6.3,1.4,0.6,3.4,0.7,3.4,3.4,3.3,3.0,0.3,0.1,2.7,0.5,0.3
2017-06-01 23:47:00+02:00,0.6,1.4,0.0,1.5,6.2,5.1,4.3,1.3,0.2,1.6,0.7,5.2,1.1,1.7,0.3,1.4,0.4,1.6,4.4,6.1,3.9,0.1,4.9,1.1,6.5,1.0,1.7,1.3,6.2,1.4,0.6,3.4,0.7,3.4,3.4,3.3,3.0,0.3,0.1,2.7,0.6,0.3
2017-06-01 23:48:00+02:00,0.6,1.4,0.0,1.9,6.4,5.3,4.5,1.2,0.2,1.6,0.7,5.4,1.0,1.6,0.2,1.3,0.3,1.5,4.7,6.3,4.2,0.1,5.2,1.1,6.8,0.9,2.1,1.3,6.4,1.2,0.5,3.6,0.7,3.4,3.3,3.3,3.0,0.3,0.1,2.7,0.6,0.3
2017-06-01 23:49:00+02:00,0.5,1.3,0.0,2.3,6.9,5.7,4.9,1.1,0.2,1.4,0.9,5.7,0.9,1.5,0.5,1.2,0.2,1.4,5.0,6.9,4.5,0.1,5.5,1.0,7.3,1.1,2.5,1.2,7.0,1.2,0.7,4.0,0.7,3.3,3.3,3.3,3.0,0.3,0.1,2.7,0.6,0.3
2017-06-01 23:50:00+02:00,0.5,1.4,0.0,1.9,6.5,5.0,4.4,1.1,0.2,2.5,1.1,5.1,0.9,1.5,0.7,1.2,0.2,1.4,4.5,6.5,4.0,0.1,4.9,1.0,6.9,1.4,2.1,1.1,6.6,1.1,1.0,3.5,0.7,2.3,2.3,2.2,1.9,0.3,0.1,1.6,0.6,0.3
2017-06-01 23:51:00+02:00,0.5,1.3,0.0,1.4,5.9,4.4,3.9,1.1,0.1,2.3,1.2,4.5,0.9,1.5,0.7,1.2,0.2,1.4,4.0,5.8,3.6,0.1,4.2,1.1,6.3,1.4,1.6,1.2,5.9,1.2,1.0,3.1,0.7,1.4,1.4,1.4,1.1,0.3,0.1,0.8,0.5,0.3
2017-06-01 23:52:00+02:00,0.5,1.5,0.0,1.7,6.0,4.7,4.2,1.1,0.1,1.7,0.9,4.8,0.9,1.6,0.4,1.3,0.2,1.5,4.3,5.9,3.9,0.1,4.5,1.1,6.4,1.2,1.8,1.3,6.1,1.2,0.7,3.4,0.7,1.4,1.4,1.3,1.0,0.3,0.1,0.7,0.5,0.3
2017-06-01 23:53:00+02:00,0.5,2.0,0.0,2.2,8.2,7.0,4.5,1.0,0.1,1.5,0.8,7.1,0.8,1.4,0.3,1.2,0.2,1.3,4.6,8.1,4.2,0.1,4.9,1.0,8.6,1.1,2.4,1.1,8.3,1.1,0.6,3.7,0.7,1.4,1.3,1.3,1.0,0.3,0.1,0.7,0.5,0.3
2017-06-01 23:54:00+02:00,0.5,2.0,0.0,2.3,8.2,6.7,4.3,0.8,0.1,1.2,0.7,6.8,0.7,1.1,0.3,0.9,0.2,1.0,4.4,8.1,4.0,0.1,4.7,0.6,8.7,1.4,2.4,0.8,8.3,0.9,0.5,3.5,0.7,2.3,2.2,2.2,1.9,0.3,0.1,1.6,0.7,0.3
2017-06-01 23:55:00+02:00,0.5,2.3,0.0,2.6,7.2,5.2,4.6,0.8,0.1,1.2,0.7,5.3,0.7,1.1,0.3,0.9,0.2,1.0,4.7,7.1,4.3,0.1,5.0,0.6,7.6,1.8,2.7,0.8,7.3,0.9,0.5,3.8,0.7,1.4,1.3,1.3,1.0,0.3,0.1,0.7,0.7,0.3
2017-06-01 23:56:00+02:00,0.4,2.8,0.0,3.3,7.8,6.0,5.3,0.8,0.1,1.2,0.7,6.0,0.7,1.1,0.3,0.8,0.2,1.0,5.5,7.7,5.0,0.1,5.7,0.5,8.2,1.7,3.4,0.8,7.9,0.9,0.5,4.5,0.6,1.4,1.4,1.3,1.0,0.3,0.1,0.7,0.7,0.3
2017-06-01 23:57:00+02:00,0.4,2.7,0.0,3.1,8.8,6.8,6.2,0.8,0.1,1.2,0.7,6.9,0.6,1.1,0.3,0.8,0.2,1.0,6.3,8.6,5.8,0.1,6.6,0.5,9.2,1.8,4.3,0.8,8.9,0.9,0.5,5.4,0.6,2.6,2.6,2.5,2.2,0.3,0.1,1.9,0.7,0.3
2017-06-01 23:58:00+02:00,0.4,3.3,0.0,3.7,8.5,6.9,6.3,0.7,0.1,1.1,0.7,7.0,0.6,1.1,0.2,0.8,0.1,1.0,6.4,8.4,5.9,0.1,6.7,0.5,8.9,1.4,4.4,0.8,8.6,0.8,0.5,5.5,1.1,2.7,2.7,2.6,2.4,0.4,0.2,1.9,0.6,0.3
2017-06-01 23:59:00+02:00,0.4,3.0,0.0,3.4,7.7,5.9,5.3,0.7,0.1,1.1,0.7,6.0,0.5,1.1,0.2,0.9,0.1,1.0,5.4,6.9,5.0,0.1,5.7,0.5,8.1,0.9,3.5,0.8,7.8,0.8,0.5,4.5,1.2,2.9,2.8,2.8,2.5,0.4,0.2,2.1,0.6,0.3
2017-06-02 00:00:00+02:00,0.4,2.4,0.0,2.9,7.8,5.4,4.8,0.7,0.1,1.1,0.8,5.5,0.5,1.1,0.3,0.9,0.1,1.0,4.9,6.8,4.5,0.1,5.2,0.5,8.3,1.3,3.1,0.8,7.9,0.9,0.7,4.1,1.2,3.8,3.7,3.7,3.5,0.4,0.2,3.0,0.6,0.3
