timestamp,0,1,2,3,4,5,6,7,8,9,10,11,12,13,14,15,16,17,18,19,20,21,22,23,24,25,26,27,28,29,30,31,32,33,34,35,36,37,38,39,40,41,42,43,44,45,46,47,48,49,50,51,52,53,54,55,56,57,58,59,60,61,62,63,64,65,66,67,68,69,70,71,72,73,74,75,76,77,78,79,80,81,82,83,84,85,86,87,88,89,90,91,92,93,94,95,96,97,98,99,100,101,102,103,104,105,106,107,108,109,110,111,112,113,114,115,116,117
2017-05-26 00:00:00+02:00,0.0,0.0,0.0,0.0,0.0,0.0,0.0,0.0,0.0,0.0,0.0,0.0,0.0,0.0,0.0,0.0,0.0,0.0,0.0,0.0,0.0,0.0,0.0,0.0,0.0,0.0,0.0,0.0,0.0,0.0,0.0,0.0,0.0,0.0,0.0,0.0,0.0,0.0,0.0,0.0,0.0,0.0,0.0,0.0,0.0,0.0,0.0,0.0,0.0,0.0,0.0,0.0,0.0,0.0,0.0,0.0,0.0,0.0,0.0,0.0,0.0,0.0,0.0,0.0,0.0,0.0,0.0,0.0,0.0,0.0,0.0,0.0,0.0,0.0,0.0,0.0,0.0,0.0,0.0,0.0,0.0,0.0,0.0,0.0,0.0,0.0,0.0,0.0,0.0,0.0,0.0,0.0,0.0,0.0,0.0,0.0,0.0,0.0,0.0,0.0,0.0,0.0,0.0,0.0,0.0,0.0,0.0,0.0,0.0,0.0,0.0,0.0,0.0,0.0,0.0,0.0,0.0,0.0
2017-05-26 00:01:00+02:00,0.0,0.0,0.0,0.0,0.0,0.0,0.0,0.0,0.0,0.0,0.0,0.0,0.0,0.0,0.0,0.0,0.0,0.0,0.0,0.0,0.0,0.0,0.0,0.0,0.0,0.0,0.0,0.0,0.0,0.0,0.0,0.0,0.0,0.0,0.0,0.0,0.0,0.0,0.0,0.0,0.0,0.0,0.0,0.0,0.0,0.0,0.0,0.0,0.0,0.0,0.0,0.0,0.0,0.0,0.0,0.0,0.0,0.0,0.0,0.0,0.0,0.0,0.0,0.0,0.0,0.0,0.0,0.0,0.0,0.0,0.0,0.0,0.0,0.0,0.0,0.0,0.0,0.0,0.0,0.0,0.0,0.0,0.0,0.0,0.0,0.0,0.0,0.0,0.0,0.0,0.0,0.0,0.0,0.0,0.0,0.0,0.0,0.0,0.0,0.0,0.0,0.0,0.0,0.0,0.0,0.0,0.0,0.0,0.0,0.0,0.0,0.0,0.0,0.0,0.0,0.0,0.0,0.0
2017-05-26 00:02:00+02:00,0.0,0.0,0.0,0.0,0.0,0.0,0.0,0.0,0.0,0.0,0.0,0.0,0.0,0.0,0.0,0.0,0.0,0.0,0.0,0.0,0.0,0.0,0.0,0.0,0.0,0.0,0.0,0.0,0.0,0.0,0.0,0.0,0.0,0.0,0.0,0.0,0.0,0.0,0.0,0.0,0.0,0.0,0.0,0.0,0.0,0.0,0.0,0.0,0.0,0.0,0.0,0.0,0.0,0.0,0.0,0.0,0.0,0.0,0.0,0.0,0.0,0.0,0.0,0.0,0.0,0.0,0.0,0.0,0.0,0.0,0.0,0.0,0.0,0.0,0.0,0.0,0.0,0.0,0.0,0.0,0.0,0.0,0.0,0.0,0.0,0.0,0.0,0.0,0.0,0.0,0.0,0.0,0.0,0.0,0.0,0.0,0.0,0.0,0.0,0.0,0.0,0.0,0.0,0.0,0.0,0.0,0.0,0.0,0.0,0.0,0.0,0.0,0.0,0.0,0.0,0.0,0.0,0.0
2017-05-26 00:03:00+02:00,0.0,0.0,0.0,0.0,0.0,0.0,0.0,0.0,0.0,0.0,0.0,0.0,0.0,0.0,0.0,0.0,0.0,0.0,0.0,0.0,0.0,0.0,0.0,0.0,0.0,0.0,0.0,0.0,0.0,0.0,0.0,0.0,0.0,0.0,0.0,0.0,0.0,0.0,0.0,0.0,0.0,0.0,0.0,0.0,0.0,0.0,0.0,0.0,0.0,0.0,0.0,0.0,0.0,0.0,0.0,0.0,0.0,0.0,0.0,0.0,0.0,0.0,0.0,0.0,0.0,0.0,0.0,0.0,0.0,0.0,0.0,0.0,0.0,0.0,0.0,0.0,0.0,0.0,0.0,0.0,0.0,0.0,0.0,0.0,0.0,0.0,0.0,0.0,0.0,0.0,0.0,0.0,0.0,0.0,0.0,0.0,0.0,0.0,0.0,0.0,0.0,0.0,0.0,0.0,0.0,0.0,0.0,0.0,0.0,0.0,0.0,0.0,0.0,0.0,0.0,0.0,0.0,0.0
2017-05-26 00:04:00+02:00,0.0,0.0,0.0,0.0,0.0,0.0,0.0,0.0,0.0,0.0,0.0,0.0,0.0,0.0,0.0,0.0,0.0,0.0,0.0,0.0,0.0,0.0,0.0,0.0,0.0,0.0,0.0,0.0,0.0,0.0,0.0,0.0,0.0,0.0,0.0,0.0,0.0,0.0,0.0,0.0,0.0,0.0,0.0,0.0,0.0,0.0,0.0,0.0,0.0,0.0,0.0,0.0,0.0,0.0,0.0,0.0,0.0,0.0,0.0,0.0,0.0,0.0,0.0,0.0,0.0,0.0,0.0,0.0,0.0,0.0,0.0,0.0,0.0,0.0,0.0,0.0,0.0,0.0,0.0,0.0,0.0,0.0,0.0,0.0,0.0,0.0,0.0,0.0,0.0,0.0,0.0,0.0,0.0,0.0,0.0,0.0,0.0,0.0,0.0,0.0,0.0,0.0,0.0,0.0,0.0,0.0,0.0,0.0,0.0,0.0,0.0,0.0,0.0,0.0,0.0,0.0,0.0,0.0
2017-05-26 00:05:00+02:00,0.0,0.0,0.0,0.0,0.0,0.0,0.0,0.0,0.0,0.0,0.0,0.0,0.0,0.0,0.0,0.0,0.0,0.0,0.0,0.0,0.0,0.0,0.0,0.0,0.0,0.0,0.0,0.0,0.0,0.0,0.0,0.0,0.0,0.0,0.0,0.0,0.0,0.0,0.0,0.0,0.0,0.0,0.0,0.0,0.0,0.0,0.0,0.0,0.0,0.0,0.0,0.0,0.0,0.0,0.0,0.0,0.0,0.0,0.0,0.0,0.0,0.0,0.0,0.0,0.0,0.0,0.0,0.0,0.0,0.0,0.0,0.0,0.0,0.0,0.0,0.0,0.0,0.0,0.0,0.0,0.0,0.0,0.0,0.0,0.0,0.0,0.0,0.0,0.0,0.0,0.0,0.0,0.0,0.0,0.0,0.0,0.0,0.0,0.0,0.0,0.0,0.0,0.0,0.0,0.0,0.0,0.0,0.0,0.0,0.0,0.0,0.0,0.0,0.0,0.0,0.0,0.0,0.0
2017-05-26 00:06:00+02:00,0.0,0.0,0.0,0.0,0.0,0.0,0.0,0.0,0.0,0.0,0.0,0.0,0.0,0.0,0.0,0.0,0.0,0.0,0.0,0.0,0.0,0.0,0.0,0.0,0.0,0.0,0.0,0.0,0.0,0.0,0.0,0.0,0.0,0.0,0.0,0.0,0.0,0.0,0.0,0.0,0.0,0.0,0.0,0.0,0.0,0.0,0.0,0.0,0.0,0.0,0.0,0.0,0.0,0.0,0.0,0.0,0.0,0.0,0.0,0.0,0.0,0.0,0.0,0.0,0.0,0.0,0.0,0.0,0.0,0.0,0.0,0.0,0.0,0.0,0.0,0.0,0.0,0.0,0.0,0.0,0.0,0.0,0.0,0.0,0.0,0.0,0.0,0.0,0.0,0.0,0.0,0.0,0.0,0.0,0.0,0.0,0.0,0.0,0.0,0.0,0.0,0.0,0.0,0.0,0.0,0.0,0.0,0.0,0.0,0.0,0.0,0.0,0.0,0.0,0.0,0.0,0.0,0.0
2017-05-26 00:07:00+02:00,0.0,0.0,0.0,0.0,0.0,0.0,0.0,0.0,0.0,0.0,0.0,0.0,0.0,0.0,0.0,0.0,0.0,0.0,0.0,0.0,0.0,0.0,0.0,0.0,0.0,0.0,0.0,0.0,0.0,0.0,0.0,0.0,0.0,0.0,0.0,0.0,0.0,0.0,0.0,0.0,0.0,0.0,0.0,0.0,0.0,0.0,0.0,0.0,0.0,0.0,0.0,0.0,0.0,0.0,0.0,0.0,0.0,0.0,0.0,0.0,0.0,0.0,0.0,0.0,0.0,0.0,0.0,0.0,0.0,0.0,0.0,0.0,0.0,0.0,0.0,0.0,0.0,0.0,0.0,0.0,0.0,0.0,0.0,0.0,0.0,0.0,0.0,0.0,0.0,0.0,0.0,0.0,0.0,0.0,0.0,0.0,0.0,0.0,0.0,0.0,0.0,0.0,0.0,0.0,0.0,0.0,0.0,0.0,0.0,0.0,0.0,0.0,0.0,0.0,0.0,0.0,0.0,0.0
2017-05-26 00:08:00+02:00,0.0,0.0,0.0,0.0,0.0,0.0,0.0,0.0,0.0,0.0,0.0,0.0,0.0,0.0,0.0,0.0,0.0,0.0,0.0,0.0,0.0,0.0,0.0,0.0,0.0,0.0,0.0,0.0,0.0,0.0,0.0,0.0,0.0,0.0,0.0,0.0,0.0,0.0,0.0,0.0,0.0,0.0,0.0,0.0,0.0,0.0,0.0,0.0,0.0,0.0,0.0,0.0,0.0,0.0,0.0,0.0,0.0,0.0,0.0,0.0,0.0,0.0,0.0,0.0,0.0,0.0,0.0,0.0,0.0,0.0,0.0,0.0,0.0,0.0,0.0,0.0,0.0,0.0,0.0,0.0,0.0,0.0,0.0,0.0,0.0,0.0,0.0,0.0,0.0,0.0,0.0,0.0,0.0,0.0,0.0,0.0,0.0,0.0,0.0,0.0,0.0,0.0,0.0,0.0,0.0,0.0,0.0,0.0,0.0,0.0,0.0,0.0,0.0,0.0,0.0,0.0,0.0,0.0
2017-05-26 00:09:00+02:00,0.0,0.0,0.0,0.0,0.0,0.0,0.0,0.0,0.0,0.0,0.0,0.0,0.0,0.0,0.0,0.0,0.0,0.0,0.0,0.0,0.0,0.0,0.0,0.0,0.0,0.0,0.0,0.0,0.0,0.0,0.0,0.0,0.0,0.0,0.0,0.0,0.0,0.0,0.0,0.0,0.0,0.0,0.0,0.0,0.0,0.0,0.0,0.0,0.0,0.0,0.0,0.0,0.0,0.0,0.0,0.0,0.0,0.0,0.0,0.0,0.0,0.0,0.0,0.0,0.0,0.0,0.0,0.0,0.0,0.0,0.0,0.0,0.0,0.0,0.0,0.0,0.0,0.0,0.0,0.0,0.0,0.0,0.0,0.0,0.0,0.0,0.0,0.0,0.0,0.0,0.0,0.0,0.0,0.0,0.0,0.0,0.0,0.0,0.0,0.0,0.0,0.0,0.0,0.0,0.0,0.0,0.0,0.0,0.0,0.0,0.0,0.0,0.0,0.0,0.0,0.0,0.0,0.0
2017-05-26 00:10:00+02:00,0.0,0.0,0.0,0.0,0.0,0.0,0.0,0.0,0.0,0.0,0.0,0.0,0.0,0.0,0.0,0.0,0.0,0.0,0.0,0.0,0.0,0.0,0.0,0.0,0.0,0.0,0.0,0.0,0.0,0.0,0.0,0.0,0.0,0.0,0.0,0.0,0.0,0.0,0.0,0.0,0.0,0.0,0.0,0.0,0.0,0.0,0.0,0.0,0.0,0.0,0.0,0.0,0.0,0.0,0.0,0.0,0.0,0.0,0.0,0.0,0.0,0.0,0.0,0.0,0.0,0.0,0.0,0.0,0.0,0.0,0.0,0.0,0.0,0.0,0.0,0.0,0.0,0.0,0.0,0.0,0.0,0.0,0.0,0.0,0.0,0.0,0.0,0.0,0.0,0.0,0.0,0.0,0.0,0.0,0.0,0.0,0.0,0.0,0.0,0.0,0.0,0.0,0.0,0.0,0.0,0.0,0.0,0.0,0.0,0.0,0.0,0.0,0.0,0.0,0.0,0.0,0.0,0.0
2017-05-26 00:11:00+02:00,0.0,0.0,0.0,0.0,0.0,0.0,0.0,0.0,0.0,0.0,0.0,0.0,0.0,0.0,0.0,0.0,0.0,0.0,0.0,0.0,0.0,0.0,0.0,0.0,0.0,0.0,0.0,0.0,0.0,0.0,0.0,0.0,0.0,0.0,0.0,0.0,0.0,0.0,0.0,0.0,0.0,0.0,0.0,0.0,0.0,0.0,0.0,0.0,0.0,0.0,0.0,0.0,0.0,0.0,0.0,0.0,0.0,0.0,0.0,0.0,0.0,0.0,0.0,0.0,0.0,0.0,0.0,0.0,0.0,0.0,0.0,0.0,0.0,0.0,0.0,0.0,0.0,0.0,0.0,0.0,0.0,0.0,0.0,0.0,0.0,0.0,0.0,0.0,0.0,0.0,0.0,0.0,0.0,0.0,0.0,0.0,0.0,0.0,0.0,0.0,0.0,0.0,0.0,0.0,0.0,0.0,0.0,0.0,0.0,0.0,0.0,0.0,0.0,0.0,0.0,0.0,0.0,0.0
2017-05-26 00:12:00+02:00,0.0,0.0,0.0,0.0,0.0,0.0,0.0,0.0,0.0,0.0,0.0,0.0,0.0,0.0,0.0,0.0,0.0,0.0,0.0,0.0,0.0,0.0,0.0,0.0,0.0,0.0,0.0,0.0,0.0,0.0,0.0,0.0,0.0,0.0,0.0,0.0,0.0,0.0,0.0,0.0,0.0,0.0,0.0,0.0,0.0,0.0,0.0,0.0,0.0,0.0,0.0,0.0,0.0,0.0,0.0,0.0,0.0,0.0,0.0,0.0,0.0,0.0,0.0,0.0,0.0,0.0,0.0,0.0,0.0,0.0,0.0,0.0,0.0,0.0,0.0,0.0,0.0,0.0,0.0,0.0,0.0,0.0,0.0,0.0,0.0,0.0,0.0,0.0,0.0,0.0,0.0,0.0,0.0,0.0,0.0,0.0,0.0,0.0,0.0,0.0,0.0,0.0,0.0,0.0,0.0,0.0,0.0,0.0,0.0,0.0,0.0,0.0,0.0,0.0,0.0,0.0,0.0,0.0
2017-05-26 00:13:00+02:00,0.0,0.0,0.0,0.0,0.0,0.0,0.0,0.0,0.0,0.0,0.0,0.0,0.0,0.0,0.0,0.0,0.0,0.0,0.0,0.0,0.0,0.0,0.0,0.0,0.0,0.0,0.0,0.0,0.0,0.0,0.0,0.0,0.0,0.0,0.0,0.0,0.0,0.0,0.0,0.0,0.0,0.0,0.0,0.0,0.0,0.0,0.0,0.0,0.0,0.0,0.0,0.0,0.0,0.0,0.0,0.0,0.0,0.0,0.0,0.0,0.0,0.0,0.0,0.0,0.0,0.0,0.0,0.0,0.0,0.0,0.0,0.0,0.0,0.0,0.0,0.0,0.0,0.0,0.0,0.0,0.0,0.0,0.0,0.0,0.0,0.0,0.0,0.0,0.0,0.0,0.0,0.0,0.0,0.0,0.0,0.0,0.0,0.0,0.0,0.0,0.0,0.0,0.0,0.0,0.0,0.0,0.0,0.0,0.0,0.0,0.0,0.0,0.0,0.0,0.0,0.0,0.0,0.0
2017-05-26 00:14:00+02:00,0.0,0.0,0.0,0.0,0.0,0.0,0.0,0.0,0.0,0.0,0.0,0.0,0.0,0.0,0.0,0.0,0.0,0.0,0.0,0.0,0.0,0.0,0.0,0.0,0.0,0.0,0.0,0.0,0.0,0.0,0.0,0.0,0.0,0.0,0.0,0.0,0.0,0.0,0.0,0.0,0.0,0.0,0.0,0.0,0.0,0.0,0.0,0.0,0.0,0.0,0.0,0.0,0.0,0.0,0.0,0.0,0.0,0.0,0.0,0.0,0.0,0.0,0.0,0.0,0.0,0.0,0.0,0.0,0.0,0.0,0.0,0.0,0.0,0.0,0.0,0.0,0.0,0.0,0.0,0.0,0.0,0.0,0.0,0.0,0.0,0.0,0.0,0.0,0.0,0.0,0.0,0.0,0.0,0.0,0.0,0.0,0.0,0.0,0.0,0.0,0.0,0.0,0.0,0.0,0.0,0.0,0.0,0.0,0.0,0.0,0.0,0.0,0.0,0.0,0.0,0.0,0.0,0.0
2017-05-26 00:15:00+02:00,0.0,0.0,0.0,0.0,0.0,0.0,0.0,0.0,0.0,0.0,0.0,0.0,0.0,0.0,0.0,0.0,0.0,0.0,0.0,0.0,0.0,0.0,0.0,0.0,0.0,0.0,0.0,0.0,0.0,0.0,0.0,0.0,0.0,0.0,0.0,0.0,0.0,0.0,0.0,0.0,0.0,0.0,0.0,0.0,0.0,0.0,0.0,0.0,0.0,0.0,0.0,0.0,0.0,0.0,0.0,0.0,0.0,0.0,0.0,0.0,0.0,0.0,0.0,0.0,0.0,0.0,0.0,0.0,0.0,0.0,0.0,0.0,0.0,0.0,0.0,0.0,0.0,0.0,0.0,0.0,0.0,0.0,0.0,0.0,0.0,0.0,0.0,0.0,0.0,0.0,0.0,0.0,0.0,0.0,0.0,0.0,0.0,0.0,0.0,0.0,0.0,0.0,0.0,0.0,0.0,0.0,0.0,0.0,0.0,0.0,0.0,0.0,0.0,0.0,0.0,0.0,0.0,0.0
2017-05-26 00:16:00+02:00,0.0,0.0,0.0,0.0,0.0,0.0,0.0,0.0,0.0,0.0,0.0,0.0,0.0,0.0,0.0,0.0,0.0,0.0,0.0,0.0,0.0,0.0,0.0,0.0,0.0,0.0,0.0,0.0,0.0,0.0,0.0,0.0,0.0,0.0,0.0,0.0,0.0,0.0,0.0,0.0,0.0,0.0,0.0,0.0,0.0,0.0,0.0,0.0,0.0,0.0,0.0,0.0,0.0,0.0,0.0,0.0,0.0,0.0,0.0,0.0,0.0,0.0,0.0,0.0,0.0,0.0,0.0,0.0,0.0,0.0,0.0,0.0,0.0,0.0,0.0,0.0,0.0,0.0,0.0,0.0,0.0,0.0,0.0,0.0,0.0,0.0,0.0,0.0,0.0,0.0,0.0,0.0,0.0,0.0,0.0,0.0,0.0,0.0,0.0,0.0,0.0,0.0,0.0,0.0,0.0,0.0,0.0,0.0,0.0,0.0,0.0,0.0,0.0,0.0,0.0,0.0,0.0,0.0
2017-05-26 00:17:00+02:00,0.0,0.0,0.0,0.0,0.0,0.0,0.0,0.0,0.0,0.0,0.0,0.0,0.0,0.0,0.0,0.0,0.0,0.0,0.0,0.0,0.0,0.0,0.0,0.0,0.0,0.0,0.0,0.0,0.0,0.0,0.0,0.0,0.0,0.0,0.0,0.0,0.0,0.0,0.0,0.0,0.0,0.0,0.0,0.0,0.0,0.0,0.0,0.0,0.0,0.0,0.0,0.0,0.0,0.0,0.0,0.0,0.0,0.0,0.0,0.0,0.0,0.0,0.0,0.0,0.0,0.0,0.0,0.0,0.0,0.0,0.0,0.0,0.0,0.0,0.0,0.0,0.0,0.0,0.0,0.0,0.0,0.0,0.0,0.0,0.0,0.0,0.0,0.0,0.0,0.0,0.0,0.0,0.0,0.0,0.0,0.0,0.0,0.0,0.0,0.0,0.0,0.0,0.0,0.0,0.0,0.0,0.0,0.0,0.0,0.0,0.0,0.0,0.0,0.0,0.0,0.0,0.0,0.0
2017-05-26 00:18:00+02:00,0.0,0.0,0.0,0.0,0.0,0.0,0.0,0.0,0.0,0.0,0.0,0.0,0.0,0.0,0.0,0.0,0.0,0.0,0.0,0.0,0.0,0.0,0.0,0.0,0.0,0.0,0.0,0.0,0.0,0.0,0.0,0.0,0.0,0.0,0.0,0.0,0.0,0.0,0.0,0.0,0.0,0.0,0.0,0.0,0.0,0.0,0.0,0.0,0.0,0.0,0.0,0.0,0.0,0.0,0.0,0.0,0.0,0.0,0.0,0.0,0.0,0.0,0.0,0.0,0.0,0.0,0.0,0.0,0.0,0.0,0.0,0.0,0.0,0.0,0.0,0.0,0.0,0.0,0.0,0.0,0.0,0.0,0.0,0.0,0.0,0.0,0.0,0.0,0.0,0.0,0.0,0.0,0.0,0.0,0.0,0.0,0.0,0.0,0.0,0.0,0.0,0.0,0.0,0.0,0.0,0.0,0.0,0.0,0.0,0.0,0.0,0.0,0.0,0.0,0.0,0.0,0.0,0.0
2017-05-26 00:19:00+02:00,0.0,0.0,0.0,0.0,0.0,0.0,0.0,0.0,0.0,0.0,0.0,0.0,0.0,0.0,0.0,0.0,0.0,0.0,0.0,0.0,0.0,0.0,0.0,0.0,0.0,0.0,0.0,0.0,0.0,0.0,0.0,0.0,0.0,0.0,0.0,0.0,0.0,0.0,0.0,0.0,0.0,0.0,0.0,0.0,0.0,0.0,0.0,0.0,0.0,0.0,0.0,0.0,0.0,0.0,0.0,0.0,0.0,0.0,0.0,0.0,0.0,0.0,0.0,0.0,0.0,0.0,0.0,0.0,0.0,0.0,0.0,0.0,0.0,0.0,0.0,0.0,0.0,0.0,0.0,0.0,0.0,0.0,0.0,0.0,0.0,0.0,0.0,0.0,0.0,0.0,0.0,0.0,0.0,0.0,0.0,0.0,0.0,0.0,0.0,0.0,0.0,0.0,0.0,0.0,0.0,0.0,0.0,0.0,0.0,0.0,0.0,0.0,0.0,0.0,0.0,0.0,0.0,0.0
2017-05-26 00:20:00+02:00,0.0,0.0,0.0,0.0,0.0,0.0,0.0,0.0,0.0,0.0,0.0,0.0,0.0,0.0,0.0,0.0,0.0,0.0,0.0,0.0,0.0,0.0,0.0,0.0,0.0,0.0,0.0,0.0,0.0,0.0,0.0,0.0,0.0,0.0,0.0,0.0,0.0,0.0,0.0,0.0,0.0,0.0,0.0,0.0,0.0,0.0,0.0,0.0,0.0,0.0,0.0,0.0,0.0,0.0,0.0,0.0,0.0,0.0,0.0,0.0,0.0,0.0,0.0,0.0,0.0,0.0,0.0,0.0,0.0,0.0,0.0,0.0,0.0,0.0,0.0,0.0,0.0,0.0,0.0,0.0,0.0,0.0,0.0,0.0,0.0,0.0,0.0,0.0,0.0,0.0,0.0,0.0,0.0,0.0,0.0,0.0,0.0,0.0,0.0,0.0,0.0,0.0,0.0,0.0,0.0,0.0,0.0,0.0,0.0,0.0,0.0,0.0,0.0,0.0,0.0,0.0,0.0,0.0
2017-05-26 00:21:00+02:00,0.0,0.0,0.0,0.0,0.0,0.0,0.0,0.0,0.0,0.0,0.0,0.0,0.0,0.0,0.0,0.0,0.0,0.0,0.0,0.0,0.0,0.0,0.0,0.0,0.0,0.0,0.0,0.0,0.0,0.0,0.0,0.0,0.0,0.0,0.0,0.0,0.0,0.0,0.0,0.0,0.0,0.0,0.0,0.0,0.0,0.0,0.0,0.0,0.0,0.0,0.0,0.0,0.0,0.0,0.0,0.0,0.0,0.0,0.0,0.0,0.0,0.0,0.0,0.0,0.0,0.0,0.0,0.0,0.0,0.0,0.0,0.0,0.0,0.0,0.0,0.0,0.0,0.0,0.0,0.0,0.0,0.0,0.0,0.0,0.0,0.0,0.0,0.0,0.0,0.0,0.0,0.0,0.0,0.0,0.0,0.0,0.0,0.0,0.0,0.0,0.0,0.0,0.0,0.0,0.0,0.0,0.0,0.0,0.0,0.0,0.0,0.0,0.0,0.0,0.0,0.0,0.0,0.0
2017-05-26 00:22:00+02:00,0.0,0.0,0.0,0.0,0.0,0.0,0.0,0.0,0.0,0.0,0.0,0.0,0.0,0.0,0.0,0.0,0.0,0.0,0.0,0.0,0.0,0.0,0.0,0.0,0.0,0.0,0.0,0.0,0.0,0.0,0.0,0.0,0.0,0.0,0.0,0.0,0.0,0.0,0.0,0.0,0.0,0.0,0.0,0.0,0.0,0.0,0.0,0.0,0.0,0.0,0.0,0.0,0.0,0.0,0.0,0.0,0.0,0.0,0.0,0.0,0.0,0.0,0.0,0.0,0.0,0.0,0.0,0.0,0.0,0.0,0.0,0.0,0.0,0.0,0.0,0.0,0.0,0.0,0.0,0.0,0.0,0.0,0.0,0.0,0.0,0.0,0.0,0.0,0.0,0.0,0.0,0.0,0.0,0.0,0.0,0.0,0.0,0.0,0.0,0.0,0.0,0.0,0.0,0.0,0.0,0.0,0.0,0.0,0.0,0.0,0.0,0.0,0.0,0.0,0.0,0.0,0.0,0.0
2017-05-26 00:23:00+02:00,0.0,0.0,0.0,0.0,0.0,0.0,0.0,0.0,0.0,0.0,0.0,0.0,0.0,0.0,0.0,0.0,0.0,0.0,0.0,0.0,0.0,0.0,0.0,0.0,0.0,0.0,0.0,0.0,0.0,0.0,0.0,0.0,0.0,0.0,0.0,0.0,0.0,0.0,0.0,0.0,0.0,0.0,0.0,0.0,0.0,0.0,0.0,0.0,0.0,0.0,0.0,0.0,0.0,0.0,0.0,0.0,0.0,0.0,0.0,0.0,0.0,0.0,0.0,0.0,0.0,0.0,0.0,0.0,0.0,0.0,0.0,0.0,0.0,0.0,0.0,0.0,0.0,0.0,0.0,0.0,0.0,0.0,0.0,0.0,0.0,0.0,0.0,0.0,0.0,0.0,0.0,0.0,0.0,0.0,0.0,0.0,0.0,0.0,0.0,0.0,0.0,0.0,0.0,0.0,0.0,0.0,0.0,0.0,0.0,0.0,0.0,0.0,0.0,0.0,0.0,0.0,0.0,0.0
2017-05-26 00:24:00+02:00,0.0,0.0,0.0,0.0,0.0,0.0,0.0,0.0,0.0,0.0,0.0,0.0,0.0,0.0,0.0,0.0,0.0,0.0,0.0,0.0,0.0,0.0,0.0,0.0,0.0,0.0,0.0,0.0,0.0,0.0,0.0,0.0,0.0,0.0,0.0,0.0,0.0,0.0,0.0,0.0,0.0,0.0,0.0,0.0,0.0,0.0,0.0,0.0,0.0,0.0,0.0,0.0,0.0,0.0,0.0,0.0,0.0,0.0,0.0,0.0,0.0,0.0,0.0,0.0,0.0,0.0,0.0,0.0,0.0,0.0,0.0,0.0,0.0,0.0,0.0,0.0,0.0,0.0,0.0,0.0,0.0,0.0,0.0,0.0,0.0,0.0,0.0,0.0,0.0,0.0,0.0,0.0,0.0,0.0,0.0,0.0,0.0,0.0,0.0,0.0,0.0,0.0,0.0,0.0,0.0,0.0,0.0,0.0,0.0,0.0,0.0,0.0,0.0,0.0,0.0,0.0,0.0,0.0
2017-05-26 00:25:00+02:00,0.0,0.0,0.0,0.0,0.0,0.0,0.0,0.0,0.0,0.0,0.0,0.0,0.0,0.0,0.0,0.0,0.0,0.0,0.0,0.0,0.0,0.0,0.0,0.0,0.0,0.0,0.0,0.0,0.0,0.0,0.0,0.0,0.0,0.0,0.0,0.0,0.0,0.0,0.0,0.0,0.0,0.0,0.0,0.0,0.0,0.0,0.0,0.0,0.0,0.0,0.0,0.0,0.0,0.0,0.0,0.0,0.0,0.0,0.0,0.0,0.0,0.0,0.0,0.0,0.0,0.0,0.0,0.0,0.0,0.0,0.0,0.0,0.0,0.0,0.0,0.0,0.0,0.0,0.0,0.0,0.0,0.0,0.0,0.0,0.0,0.0,0.0,0.0,0.0,0.0,0.0,0.0,0.0,0.0,0.0,0.0,0.0,0.0,0.0,0.0,0.0,0.0,0.0,0.0,0.0,0.0,0.0,0.0,0.0,0.0,0.0,0.0,0.0,0.0,0.0,0.0,0.0,0.0
2017-05-26 00:26:00+02:00,0.0,0.0,0.0,0.0,0.0,0.0,0.0,0.0,0.0,0.0,0.0,0.0,0.0,0.0,0.0,0.0,0.0,0.0,0.0,0.0,0.0,0.0,0.0,0.0,0.0,0.0,0.0,0.0,0.0,0.0,0.0,0.0,0.0,0.0,0.0,0.0,0.0,0.0,0.0,0.0,0.0,0.0,0.0,0.0,0.0,0.0,0.0,0.0,0.0,0.0,0.0,0.0,0.0,0.0,0.0,0.0,0.0,0.0,0.0,0.0,0.0,0.0,0.0,0.0,0.0,0.0,0.0,0.0,0.0,0.0,0.0,0.0,0.0,0.0,0.0,0.0,0.0,0.0,0.0,0.0,0.0,0.0,0.0,0.0,0.0,0.0,0.0,0.0,0.0,0.0,0.0,0.0,0.0,0.0,0.0,0.0,0.0,0.0,0.0,0.0,0.0,0.0,0.0,0.0,0.0,0.0,0.0,0.0,0.0,0.0,0.0,0.0,0.0,0.0,0.0,0.0,0.0,0.0
2017-05-26 00:27:00+02:00,0.0,0.0,0.0,0.0,0.0,0.0,0.0,0.0,0.0,0.0,0.0,0.0,0.0,0.0,0.0,0.0,0.0,0.0,0.0,0.0,0.0,0.0,0.0,0.0,0.0,0.0,0.0,0.0,0.0,0.0,0.0,0.0,0.0,0.0,0.0,0.0,0.0,0.0,0.0,0.0,0.0,0.0,0.0,0.0,0.0,0.0,0.0,0.0,0.0,0.0,0.0,0.0,0.0,0.0,0.0,0.0,0.0,0.0,0.0,0.0,0.0,0.0,0.0,0.0,0.0,0.0,0.0,0.0,0.0,0.0,0.0,0.0,0.0,0.0,0.0,0.0,0.0,0.0,0.0,0.0,0.0,0.0,0.0,0.0,0.0,0.0,0.0,0.0,0.0,0.0,0.0,0.0,0.0,0.0,0.0,0.0,0.0,0.0,0.0,0.0,0.0,0.0,0.0,0.0,0.0,0.0,0.0,0.0,0.0,0.0,0.0,0.0,0.0,0.0,0.0,0.0,0.0,0.0
2017-05-26 00:28:00+02:00,0.0,0.0,0.0,0.0,0.0,0.0,0.0,0.0,0.0,0.0,0.0,0.0,0.0,0.0,0.0,0.0,0.0,0.0,0.0,0.0,0.0,0.0,0.0,0.0,0.0,0.0,0.0,0.0,0.0,0.0,0.0,0.0,0.0,0.0,0.0,0.0,0.0,0.0,0.0,0.0,0.0,0.0,0.0,0.0,0.0,0.0,0.0,0.0,0.0,0.0,0.0,0.0,0.0,0.0,0.0,0.0,0.0,0.0,0.0,0.0,0.0,0.0,0.0,0.0,0.0,0.0,0.0,0.0,0.0,0.0,0.0,0.0,0.0,0.0,0.0,0.0,0.0,0.0,0.0,0.0,0.0,0.0,0.0,0.0,0.0,0.0,0.0,0.0,0.0,0.0,0.0,0.0,0.0,0.0,0.0,0.0,0.0,0.0,0.0,0.0,0.0,0.0,0.0,0.0,0.0,0.0,0.0,0.0,0.0,0.0,0.0,0.0,0.0,0.0,0.0,0.0,0.0,0.0
2017-05-26 00:29:00+02:00,0.0,0.0,0.0,0.0,0.0,0.0,0.0,0.0,0.0,0.0,0.0,0.0,0.0,0.0,0.0,0.0,0.0,0.0,0.0,0.0,0.0,0.0,0.0,0.0,0.0,0.0,0.0,0.0,0.0,0.0,0.0,0.0,0.0,0.0,0.0,0.0,0.0,0.0,0.0,0.0,0.0,0.0,0.0,0.0,0.0,0.0,0.0,0.0,0.0,0.0,0.0,0.0,0.0,0.0,0.0,0.0,0.0,0.0,0.0,0.0,0.0,0.0,0.0,0.0,0.0,0.0,0.0,0.0,0.0,0.0,0.0,0.0,0.0,0.0,0.0,0.0,0.0,0.0,0.0,0.0,0.0,0.0,0.0,0.0,0.0,0.0,0.0,0.0,0.0,0.0,0.0,0.0,0.0,0.0,0.0,0.0,0.0,0.0,0.0,0.0,0.0,0.0,0.0,0.0,0.0,0.0,0.0,0.0,0.0,0.0,0.0,0.0,0.0,0.0,0.0,0.0,0.0,0.0
2017-05-26 00:30:00+02:00,0.0,0.0,0.0,0.0,0.0,0.0,0.0,0.0,0.0,0.0,0.0,0.0,0.0,0.0,0.0,0.0,0.0,0.0,0.0,0.0,0.0,0.0,0.0,0.0,0.0,0.0,0.0,0.0,0.0,0.0,0.0,0.0,0.0,0.0,0.0,0.0,0.0,0.0,0.0,0.0,0.0,0.0,0.0,0.0,0.0,0.0,0.0,0.0,0.0,0.0,0.0,0.0,0.0,0.0,0.0,0.0,0.0,0.0,0.0,0.0,0.0,0.0,0.0,0.0,0.0,0.0,0.0,0.0,0.0,0.0,0.0,0.0,0.0,0.0,0.0,0.0,0.0,0.0,0.0,0.0,0.0,0.0,0.0,0.0,0.0,0.0,0.0,0.0,0.0,0.0,0.0,0.0,0.0,0.0,0.0,0.0,0.0,0.0,0.0,0.0,0.0,0.0,0.0,0.0,0.0,0.0,0.0,0.0,0.0,0.0,0.0,0.0,0.0,0.0,0.0,0.0,0.0,0.0
2017-05-26 00:31:00+02:00,0.0,0.0,0.0,0.0,0.0,0.0,0.0,0.0,0.0,0.0,0.0,0.0,0.0,0.0,0.0,0.0,0.0,0.0,0.0,0.0,0.0,0.0,0.0,0.0,0.0,0.0,0.0,0.0,0.0,0.0,0.0,0.0,0.0,0.0,0.0,0.0,0.0,0.0,0.0,0.0,0.0,0.0,0.0,0.0,0.0,0.0,0.0,0.0,0.0,0.0,0.0,0.0,0.0,0.0,0.0,0.0,0.0,0.0,0.0,0.0,0.0,0.0,0.0,0.0,0.0,0.0,0.0,0.0,0.0,0.0,0.0,0.0,0.0,0.0,0.0,0.0,0.0,0.0,0.0,0.0,0.0,0.0,0.0,0.0,0.0,0.0,0.0,0.0,0.0,0.0,0.0,0.0,0.0,0.0,0.0,0.0,0.0,0.0,0.0,0.0,0.0,0.0,0.0,0.0,0.0,0.0,0.0,0.0,0.0,0.0,0.0,0.0,0.0,0.0,0.0,0.0,0.0,0.0
2017-05-26 00:32:00+02:00,0.0,0.0,0.0,0.0,0.0,0.0,0.0,0.0,0.0,0.0,0.0,0.0,0.0,0.0,0.0,0.0,0.0,0.0,0.0,0.0,0.0,0.0,0.0,0.0,0.0,0.0,0.0,0.0,0.0,0.0,0.0,0.0,0.0,0.0,0.0,0.0,0.0,0.0,0.0,0.0,0.0,0.0,0.0,0.0,0.0,0.0,0.0,0.0,0.0,0.0,0.0,0.0,0.0,0.0,0.0,0.0,0.0,0.0,0.0,0.0,0.0,0.0,0.0,0.0,0.0,0.0,0.0,0.0,0.0,0.0,0.0,0.0,0.0,0.0,0.0,0.0,0.0,0.0,0.0,0.0,0.0,0.0,0.0,0.0,0.0,0.0,0.0,0.0,0.0,0.0,0.0,0.0,0.0,0.0,0.0,0.0,0.0,0.0,0.0,0.0,0.0,0.0,0.0,0.0,0.0,0.0,0.0,0.0,0.0,0.0,0.0,0.0,0.0,0.0,0.0,0.0,0.0,0.0
2017-05-26 00:33:00+02:00,0.0,0.0,0.0,0.0,0.0,0.0,0.0,0.0,0.0,0.0,0.0,0.0,0.0,0.0,0.0,0.0,0.0,0.0,0.0,0.0,0.0,0.0,0.0,0.0,0.0,0.0,0.0,0.0,0.0,0.0,0.0,0.0,0.0,0.0,0.0,0.0,0.0,0.0,0.0,0.0,0.0,0.0,0.0,0.0,0.0,0.0,0.0,0.0,0.0,0.0,0.0,0.0,0.0,0.0,0.0,0.0,0.0,0.0,0.0,0.0,0.0,0.0,0.0,0.0,0.0,0.0,0.0,0.0,0.0,0.0,0.0,0.0,0.0,0.0,0.0,0.0,0.0,0.0,0.0,0.0,0.0,0.0,0.0,0.0,0.0,0.0,0.0,0.0,0.0,0.0,0.0,0.0,0.0,0.0,0.0,0.0,0.0,0.0,0.0,0.0,0.0,0.0,0.0,0.0,0.0,0.0,0.0,0.0,0.0,0.0,0.0,0.0,0.0,0.0,0.0,0.0,0.0,0.0
2017-05-26 00:34:00+02:00,0.0,0.0,0.0,0.0,0.0,0.0,0.0,0.0,0.0,0.0,0.0,0.0,0.0,0.0,0.0,0.0,0.0,0.0,0.0,0.0,0.0,0.0,0.0,0.0,0.0,0.0,0.0,0.0,0.0,0.0,0.0,0.0,0.0,0.0,0.0,0.0,0.0,0.0,0.0,0.0,0.0,0.0,0.0,0.0,0.0,0.0,0.0,0.0,0.0,0.0,0.0,0.0,0.0,0.0,0.0,0.0,0.0,0.0,0.0,0.0,0.0,0.0,0.0,0.0,0.0,0.0,0.0,0.0,0.0,0.0,0.0,0.0,0.0,0.0,0.0,0.0,0.0,0.0,0.0,0.0,0.0,0.0,0.0,0.0,0.0,0.0,0.0,0.0,0.0,0.0,0.0,0.0,0.0,0.0,0.0,0.0,0.0,0.0,0.0,0.0,0.0,0.0,0.0,0.0,0.0,0.0,0.0,0.0,0.0,0.0,0.0,0.0,0.0,0.0,0.0,0.0,0.0,0.0
2017-05-26 00:35:00+02:00,0.0,0.0,0.0,0.0,0.0,0.0,0.0,0.0,0.0,0.0,0.0,0.0,0.0,0.0,0.0,0.0,0.0,0.0,0.0,0.0,0.0,0.0,0.0,0.0,0.0,0.0,0.0,0.0,0.0,0.0,0.0,0.0,0.0,0.0,0.0,0.0,0.0,0.0,0.0,0.0,0.0,0.0,0.0,0.0,0.0,0.0,0.0,0.0,0.0,0.0,0.0,0.0,0.0,0.0,0.0,0.0,0.0,0.0,0.0,0.0,0.0,0.0,0.0,0.0,0.0,0.0,0.0,0.0,0.0,0.0,0.0,0.0,0.0,0.0,0.0,0.0,0.0,0.0,0.0,0.0,0.0,0.0,0.0,0.0,0.0,0.0,0.0,0.0,0.0,0.0,0.0,0.0,0.0,0.0,0.0,0.0,0.0,0.0,0.0,0.0,0.0,0.0,0.0,0.0,0.0,0.0,0.0,0.0,0.0,0.0,0.0,0.0,0.0,0.0,0.0,0.0,0.0,0.0
2017-05-26 00:36:00+02:00,0.0,0.0,0.0,0.0,0.0,0.0,0.0,0.0,0.0,0.0,0.0,0.0,0.0,0.0,0.0,0.0,0.0,0.0,0.0,0.0,0.0,0.0,0.0,0.0,0.0,0.0,0.0,0.0,0.0,0.0,0.0,0.0,0.0,0.0,0.0,0.0,0.0,0.0,0.0,0.0,0.0,0.0,0.0,0.0,0.0,0.0,0.0,0.0,0.0,0.0,0.0,0.0,0.0,0.0,0.0,0.0,0.0,0.0,0.0,0.0,0.0,0.0,0.0,0.0,0.0,0.0,0.0,0.0,0.0,0.0,0.0,0.0,0.0,0.0,0.0,0.0,0.0,0.0,0.0,0.0,0.0,0.0,0.0,0.0,0.0,0.0,0.0,0.0,0.0,0.0,0.0,0.0,0.0,0.0,0.0,0.0,0.0,0.0,0.0,0.0,0.0,0.0,0.0,0.0,0.0,0.0,0.0,0.0,0.0,0.0,0.0,0.0,0.0,0.0,0.0,0.0,0.0,0.0
2017-05-26 00:37:00+02:00,0.0,0.0,0.0,0.0,0.0,0.0,0.0,0.0,0.0,0.0,0.0,0.0,0.0,0.0,0.0,0.0,0.0,0.0,0.0,0.0,0.0,0.0,0.0,0.0,0.0,0.0,0.0,0.0,0.0,0.0,0.0,0.0,0.0,0.0,0.0,0.0,0.0,0.0,0.0,0.0,0.0,0.0,0.0,0.0,0.0,0.0,0.0,0.0,0.0,0.0,0.0,0.0,0.0,0.0,0.0,0.0,0.0,0.0,0.0,0.0,0.0,0.0,0.0,0.0,0.0,0.0,0.0,0.0,0.0,0.0,0.0,0.0,0.0,0.0,0.0,0.0,0.0,0.0,0.0,0.0,0.0,0.0,0.0,0.0,0.0,0.0,0.0,0.0,0.0,0.0,0.0,0.0,0.0,0.0,0.0,0.0,0.0,0.0,0.0,0.0,0.0,0.0,0.0,0.0,0.0,0.0,0.0,0.0,0.0,0.0,0.0,0.0,0.0,0.0,0.0,0.0,0.0,0.0
2017-05-26 00:38:00+02:00,0.0,0.0,0.0,0.0,0.0,0.0,0.0,0.0,0.0,0.0,0.0,0.0,0.0,0.0,0.0,0.0,0.0,0.0,0.0,0.0,0.0,0.0,0.0,0.0,0.0,0.0,0.0,0.0,0.0,0.0,0.0,0.0,0.0,0.0,0.0,0.0,0.0,0.0,0.0,0.0,0.0,0.0,0.0,0.0,0.0,0.0,0.0,0.0,0.0,0.0,0.0,0.0,0.0,0.0,0.0,0.0,0.0,0.0,0.0,0.0,0.0,0.0,0.0,0.0,0.0,0.0,0.0,0.0,0.0,0.0,0.0,0.0,0.0,0.0,0.0,0.0,0.0,0.0,0.0,0.0,0.0,0.0,0.0,0.0,0.0,0.0,0.0,0.0,0.0,0.0,0.0,0.0,0.0,0.0,0.0,0.0,0.0,0.0,0.0,0.0,0.0,0.0,0.0,0.0,0.0,0.0,0.0,0.0,0.0,0.0,0.0,0.0,0.0,0.0,0.0,0.0,0.0,0.0
2017-05-26 00:39:00+02:00,0.0,0.0,0.0,0.0,0.0,0.0,0.0,0.0,0.0,0.0,0.0,0.0,0.0,0.0,0.0,0.0,0.0,0.0,0.0,0.0,0.0,0.0,0.0,0.0,0.0,0.0,0.0,0.0,0.0,0.0,0.0,0.0,0.0,0.0,0.0,0.0,0.0,0.0,0.0,0.0,0.0,0.0,0.0,0.0,0.0,0.0,0.0,0.0,0.0,0.0,0.0,0.0,0.0,0.0,0.0,0.0,0.0,0.0,0.0,0.0,0.0,0.0,0.0,0.0,0.0,0.0,0.0,0.0,0.0,0.0,0.0,0.0,0.0,0.0,0.0,0.0,0.0,0.0,0.0,0.0,0.0,0.0,0.0,0.0,0.0,0.0,0.0,0.0,0.0,0.0,0.0,0.0,0.0,0.0,0.0,0.0,0.0,0.0,0.0,0.0,0.0,0.0,0.0,0.0,0.0,0.0,0.0,0.0,0.0,0.0,0.0,0.0,0.0,0.0,0.0,0.0,0.0,0.0
2017-05-26 00:40:00+02:00,0.0,0.0,0.0,0.0,0.0,0.0,0.0,0.0,0.0,0.0,0.0,0.0,0.0,0.0,0.0,0.0,0.0,0.0,0.0,0.0,0.0,0.0,0.0,0.0,0.0,0.0,0.0,0.0,0.0,0.0,0.0,0.0,0.0,0.0,0.0,0.0,0.0,0.0,0.0,0.0,0.0,0.0,0.0,0.0,0.0,0.0,0.0,0.0,0.0,0.0,0.0,0.0,0.0,0.0,0.0,0.0,0.0,0.0,0.0,0.0,0.0,0.0,0.0,0.0,0.0,0.0,0.0,0.0,0.0,0.0,0.0,0.0,0.0,0.0,0.0,0.0,0.0,0.0,0.0,0.0,0.0,0.0,0.0,0.0,0.0,0.0,0.0,0.0,0.0,0.0,0.0,0.0,0.0,0.0,0.0,0.0,0.0,0.0,0.0,0.0,0.0,0.0,0.0,0.0,0.0,0.0,0.0,0.0,0.0,0.0,0.0,0.0,0.0,0.0,0.0,0.0,0.0,0.0
2017-05-26 00:41:00+02:00,0.0,0.0,0.0,0.0,0.0,0.0,0.0,0.0,0.0,0.0,0.0,0.0,0.0,0.0,0.0,0.0,0.0,0.0,0.0,0.0,0.0,0.0,0.0,0.0,0.0,0.0,0.0,0.0,0.0,0.0,0.0,0.0,0.0,0.0,0.0,0.0,0.0,0.0,0.0,0.0,0.0,0.0,0.0,0.0,0.0,0.0,0.0,0.0,0.0,0.0,0.0,0.0,0.0,0.0,0.0,0.0,0.0,0.0,0.0,0.0,0.0,0.0,0.0,0.0,0.0,0.0,0.0,0.0,0.0,0.0,0.0,0.0,0.0,0.0,0.0,0.0,0.0,0.0,0.0,0.0,0.0,0.0,0.0,0.0,0.0,0.0,0.0,0.0,0.0,0.0,0.0,0.0,0.0,0.0,0.0,0.0,0.0,0.0,0.0,0.0,0.0,0.0,0.0,0.0,0.0,0.0,0.0,0.0,0.0,0.0,0.0,0.0,0.0,0.0,0.0,0.0,0.0,0.0
2017-05-26 00:42:00+02:00,0.0,0.0,0.0,0.0,0.0,0.0,0.0,0.0,0.0,0.0,0.0,0.0,0.0,0.0,0.0,0.0,0.0,0.0,0.0,0.0,0.0,0.0,0.0,0.0,0.0,0.0,0.0,0.0,0.0,0.0,0.0,0.0,0.0,0.0,0.0,0.0,0.0,0.0,0.0,0.0,0.0,0.0,0.0,0.0,0.0,0.0,0.0,0.0,0.0,0.0,0.0,0.0,0.0,0.0,0.0,0.0,0.0,0.0,0.0,0.0,0.0,0.0,0.0,0.0,0.0,0.0,0.0,0.0,0.0,0.0,0.0,0.0,0.0,0.0,0.0,0.0,0.0,0.0,0.0,0.0,0.0,0.0,0.0,0.0,0.0,0.0,0.0,0.0,0.0,0.0,0.0,0.0,0.0,0.0,0.0,0.0,0.0,0.0,0.0,0.0,0.0,0.0,0.0,0.0,0.0,0.0,0.0,0.0,0.0,0.0,0.0,0.0,0.0,0.0,0.0,0.0,0.0,0.0
2017-05-26 00:43:00+02:00,0.0,0.0,0.0,0.0,0.0,0.0,0.0,0.0,0.0,0.0,0.0,0.0,0.0,0.0,0.0,0.0,0.0,0.0,0.0,0.0,0.0,0.0,0.0,0.0,0.0,0.0,0.0,0.0,0.0,0.0,0.0,0.0,0.0,0.0,0.0,0.0,0.0,0.0,0.0,0.0,0.0,0.0,0.0,0.0,0.0,0.0,0.0,0.0,0.0,0.0,0.0,0.0,0.0,0.0,0.0,0.0,0.0,0.0,0.0,0.0,0.0,0.0,0.0,0.0,0.0,0.0,0.0,0.0,0.0,0.0,0.0,0.0,0.0,0.0,0.0,0.0,0.0,0.0,0.0,0.0,0.0,0.0,0.0,0.0,0.0,0.0,0.0,0.0,0.0,0.0,0.0,0.0,0.0,0.0,0.0,0.0,0.0,0.0,0.0,0.0,0.0,0.0,0.0,0.0,0.0,0.0,0.0,0.0,0.0,0.0,0.0,0.0,0.0,0.0,0.0,0.0,0.0,0.0
2017-05-26 00:44:00+02:00,0.0,0.0,0.0,0.0,0.0,0.0,0.0,0.0,0.0,0.0,0.0,0.0,0.0,0.0,0.0,0.0,0.0,0.0,0.0,0.0,0.0,0.0,0.0,0.0,0.0,0.0,0.0,0.0,0.0,0.0,0.0,0.0,0.0,0.0,0.0,0.0,0.0,0.0,0.0,0.0,0.0,0.0,0.0,0.0,0.0,0.0,0.0,0.0,0.0,0.0,0.0,0.0,0.0,0.0,0.0,0.0,0.0,0.0,0.0,0.0,0.0,0.0,0.0,0.0,0.0,0.0,0.0,0.0,0.0,0.0,0.0,0.0,0.0,0.0,0.0,0.0,0.0,0.0,0.0,0.0,0.0,0.0,0.0,0.0,0.0,0.0,0.0,0.0,0.0,0.0,0.0,0.0,0.0,0.0,0.0,0.0,0.0,0.0,0.0,0.0,0.0,0.0,0.0,0.0,0.0,0.0,0.0,0.0,0.0,0.0,0.0,0.0,0.0,0.0,0.0,0.0,0.0,0.0
2017-05-26 00:45:00+02:00,0.0,0.0,0.0,0.0,0.0,0.0,0.0,0.0,0.0,0.0,0.0,0.0,0.0,0.0,0.0,0.0,0.0,0.0,0.0,0.0,0.0,0.0,0.0,0.0,0.0,0.0,0.0,0.0,0.0,0.0,0.0,0.0,0.0,0.0,0.0,0.0,0.0,0.0,0.0,0.0,0.0,0.0,0.0,0.0,0.0,0.0,0.0,0.0,0.0,0.0,0.0,0.0,0.0,0.0,0.0,0.0,0.0,0.0,0.0,0.0,0.0,0.0,0.0,0.0,0.0,0.0,0.0,0.0,0.0,0.0,0.0,0.0,0.0,0.0,0.0,0.0,0.0,0.0,0.0,0.0,0.0,0.0,0.0,0.0,0.0,0.0,0.0,0.0,0.0,0.0,0.0,0.0,0.0,0.0,0.0,0.0,0.0,0.0,0.0,0.0,0.0,0.0,0.0,0.0,0.0,0.0,0.0,0.0,0.0,0.0,0.0,0.0,0.0,0.0,0.0,0.0,0.0,0.0
2017-05-26 00:46:00+02:00,0.0,0.0,0.0,0.0,0.0,0.0,0.0,0.0,0.0,0.0,0.0,0.0,0.0,0.0,0.0,0.0,0.0,0.0,0.0,0.0,0.0,0.0,0.0,0.0,0.0,0.0,0.0,0.0,0.0,0.0,0.0,0.0,0.0,0.0,0.0,0.0,0.0,0.0,0.0,0.0,0.0,0.0,0.0,0.0,0.0,0.0,0.0,0.0,0.0,0.0,0.0,0.0,0.0,0.0,0.0,0.0,0.0,0.0,0.0,0.0,0.0,0.0,0.0,0.0,0.0,0.0,0.0,0.0,0.0,0.0,0.0,0.0,0.0,0.0,0.0,0.0,0.0,0.0,0.0,0.0,0.0,0.0,0.0,0.0,0.0,0.0,0.0,0.0,0.0,0.0,0.0,0.0,0.0,0.0,0.0,0.0,0.0,0.0,0.0,0.0,0.0,0.0,0.0,0.0,0.0,0.0,0.0,0.0,0.0,0.0,0.0,0.0,0.0,0.0,0.0,0.0,0.0,0.0
2017-05-26 00:47:00+02:00,0.0,0.0,0.0,0.0,0.0,0.0,0.0,0.0,0.0,0.0,0.0,0.0,0.0,0.0,0.0,0.0,0.0,0.0,0.0,0.0,0.0,0.0,0.0,0.0,0.0,0.0,0.0,0.0,0.0,0.0,0.0,0.0,0.0,0.0,0.0,0.0,0.0,0.0,0.0,0.0,0.0,0.0,0.0,0.0,0.0,0.0,0.0,0.0,0.0,0.0,0.0,0.0,0.0,0.0,0.0,0.0,0.0,0.0,0.0,0.0,0.0,0.0,0.0,0.0,0.0,0.0,0.0,0.0,0.0,0.0,0.0,0.0,0.0,0.0,0.0,0.0,0.0,0.0,0.0,0.0,0.0,0.0,0.0,0.0,0.0,0.0,0.0,0.0,0.0,0.0,0.0,0.0,0.0,0.0,0.0,0.0,0.0,0.0,0.0,0.0,0.0,0.0,0.0,0.0,0.0,0.0,0.0,0.0,0.0,0.0,0.0,0.0,0.0,0.0,0.0,0.0,0.0,0.0
2017-05-26 00:48:00+02:00,0.0,0.0,0.0,0.0,0.0,0.0,0.0,0.0,0.0,0.0,0.0,0.0,0.0,0.0,0.0,0.0,0.0,0.0,0.0,0.0,0.0,0.0,0.0,0.0,0.0,0.0,0.0,0.0,0.0,0.0,0.0,0.0,0.0,0.0,0.0,0.0,0.0,0.0,0.0,0.0,0.0,0.0,0.0,0.0,0.0,0.0,0.0,0.0,0.0,0.0,0.0,0.0,0.0,0.0,0.0,0.0,0.0,0.0,0.0,0.0,0.0,0.0,0.0,0.0,0.0,0.0,0.0,0.0,0.0,0.0,0.0,0.0,0.0,0.0,0.0,0.0,0.0,0.0,0.0,0.0,0.0,0.0,0.0,0.0,0.0,0.0,0.0,0.0,0.0,0.0,0.0,0.0,0.0,0.0,0.0,0.0,0.0,0.0,0.0,0.0,0.0,0.0,0.0,0.0,0.0,0.0,0.0,0.0,0.0,0.0,0.0,0.0,0.0,0.0,0.0,0.0,0.0,0.0
2017-05-26 00:49:00+02:00,0.0,0.0,0.0,0.0,0.0,0.0,0.0,0.0,0.0,0.0,0.0,0.0,0.0,0.0,0.0,0.0,0.0,0.0,0.0,0.0,0.0,0.0,0.0,0.0,0.0,0.0,0.0,0.0,0.0,0.0,0.0,0.0,0.0,0.0,0.0,0.0,0.0,0.0,0.0,0.0,0.0,0.0,0.0,0.0,0.0,0.0,0.0,0.0,0.0,0.0,0.0,0.0,0.0,0.0,0.0,0.0,0.0,0.0,0.0,0.0,0.0,0.0,0.0,0.0,0.0,0.0,0.0,0.0,0.0,0.0,0.0,0.0,0.0,0.0,0.0,0.0,0.0,0.0,0.0,0.0,0.0,0.0,0.0,0.0,0.0,0.0,0.0,0.0,0.0,0.0,0.0,0.0,0.0,0.0,0.0,0.0,0.0,0.0,0.0,0.0,0.0,0.0,0.0,0.0,0.0,0.0,0.0,0.0,0.0,0.0,0.0,0.0,0.0,0.0,0.0,0.0,0.0,0.0
2017-05-26 00:50:00+02:00,0.0,0.0,0.0,0.0,0.0,0.0,0.0,0.0,0.0,0.0,0.0,0.0,0.0,0.0,0.0,0.0,0.0,0.0,0.0,0.0,0.0,0.0,0.0,0.0,0.0,0.0,0.0,0.0,0.0,0.0,0.0,0.0,0.0,0.0,0.0,0.0,0.0,0.0,0.0,0.0,0.0,0.0,0.0,0.0,0.0,0.0,0.0,0.0,0.0,0.0,0.0,0.0,0.0,0.0,0.0,0.0,0.0,0.0,0.0,0.0,0.0,0.0,0.0,0.0,0.0,0.0,0.0,0.0,0.0,0.0,0.0,0.0,0.0,0.0,0.0,0.0,0.0,0.0,0.0,0.0,0.0,0.0,0.0,0.0,0.0,0.0,0.0,0.0,0.0,0.0,0.0,0.0,0.0,0.0,0.0,0.0,0.0,0.0,0.0,0.0,0.0,0.0,0.0,0.0,0.0,0.0,0.0,0.0,0.0,0.0,0.0,0.0,0.0,0.0,0.0,0.0,0.0,0.0
2017-05-26 00:51:00+02:00,0.0,0.0,0.0,0.0,0.0,0.0,0.0,0.0,0.0,0.0,0.0,0.0,0.0,0.0,0.0,0.0,0.0,0.0,0.0,0.0,0.0,0.0,0.0,0.0,0.0,0.0,0.0,0.0,0.0,0.0,0.0,0.0,0.0,0.0,0.0,0.0,0.0,0.0,0.0,0.0,0.0,0.0,0.0,0.0,0.0,0.0,0.0,0.0,0.0,0.0,0.0,0.0,0.0,0.0,0.0,0.0,0.0,0.0,0.0,0.0,0.0,0.0,0.0,0.0,0.0,0.0,0.0,0.0,0.0,0.0,0.0,0.0,0.0,0.0,0.0,0.0,0.0,0.0,0.0,0.0,0.0,0.0,0.0,0.0,0.0,0.0,0.0,0.0,0.0,0.0,0.0,0.0,0.0,0.0,0.0,0.0,0.0,0.0,0.0,0.0,0.0,0.0,0.0,0.0,0.0,0.0,0.0,0.0,0.0,0.0,0.0,0.0,0.0,0.0,0.0,0.0,0.0,0.0
2017-05-26 00:52:00+02:00,0.0,0.0,0.0,0.0,0.0,0.0,0.0,0.0,0.0,0.0,0.0,0.0,0.0,0.0,0.0,0.0,0.0,0.0,0.0,0.0,0.0,0.0,0.0,0.0,0.0,0.0,0.0,0.0,0.0,0.0,0.0,0.0,0.0,0.0,0.0,0.0,0.0,0.0,0.0,0.0,0.0,0.0,0.0,0.0,0.0,0.0,0.0,0.0,0.0,0.0,0.0,0.0,0.0,0.0,0.0,0.0,0.0,0.0,0.0,0.0,0.0,0.0,0.0,0.0,0.0,0.0,0.0,0.0,0.0,0.0,0.0,0.0,0.0,0.0,0.0,0.0,0.0,0.0,0.0,0.0,0.0,0.0,0.0,0.0,0.0,0.0,0.0,0.0,0.0,0.0,0.0,0.0,0.0,0.0,0.0,0.0,0.0,0.0,0.0,0.0,0.0,0.0,0.0,0.0,0.0,0.0,0.0,0.0,0.0,0.0,0.0,0.0,0.0,0.0,0.0,0.0,0.0,0.0
2017-05-26 00:53:00+02:00,0.0,0.0,0.0,0.0,0.0,0.0,0.0,0.0,0.0,0.0,0.0,0.0,0.0,0.0,0.0,0.0,0.0,0.0,0.0,0.0,0.0,0.0,0.0,0.0,0.0,0.0,0.0,0.0,0.0,0.0,0.0,0.0,0.0,0.0,0.0,0.0,0.0,0.0,0.0,0.0,0.0,0.0,0.0,0.0,0.0,0.0,0.0,0.0,0.0,0.0,0.0,0.0,0.0,0.0,0.0,0.0,0.0,0.0,0.0,0.0,0.0,0.0,0.0,0.0,0.0,0.0,0.0,0.0,0.0,0.0,0.0,0.0,0.0,0.0,0.0,0.0,0.0,0.0,0.0,0.0,0.0,0.0,0.0,0.0,0.0,0.0,0.0,0.0,0.0,0.0,0.0,0.0,0.0,0.0,0.0,0.0,0.0,0.0,0.0,0.0,0.0,0.0,0.0,0.0,0.0,0.0,0.0,0.0,0.0,0.0,0.0,0.0,0.0,0.0,0.0,0.0,0.0,0.0
2017-05-26 00:54:00+02:00,0.0,0.0,0.0,0.0,0.0,0.0,0.0,0.0,0.0,0.0,0.0,0.0,0.0,0.0,0.0,0.0,0.0,0.0,0.0,0.0,0.0,0.0,0.0,0.0,0.0,0.0,0.0,0.0,0.0,0.0,0.0,0.0,0.0,0.0,0.0,0.0,0.0,0.0,0.0,0.0,0.0,0.0,0.0,0.0,0.0,0.0,0.0,0.0,0.0,0.0,0.0,0.0,0.0,0.0,0.0,0.0,0.0,0.0,0.0,0.0,0.0,0.0,0.0,0.0,0.0,0.0,0.0,0.0,0.0,0.0,0.0,0.0,0.0,0.0,0.0,0.0,0.0,0.0,0.0,0.0,0.0,0.0,0.0,0.0,0.0,0.0,0.0,0.0,0.0,0.0,0.0,0.0,0.0,0.0,0.0,0.0,0.0,0.0,0.0,0.0,0.0,0.0,0.0,0.0,0.0,0.0,0.0,0.0,0.0,0.0,0.0,0.0,0.0,0.0,0.0,0.0,0.0,0.0
2017-05-26 00:55:00+02:00,0.0,0.0,0.0,0.0,0.0,0.0,0.0,0.0,0.0,0.0,0.0,0.0,0.0,0.0,0.0,0.0,0.0,0.0,0.0,0.0,0.0,0.0,0.0,0.0,0.0,0.0,0.0,0.0,0.0,0.0,0.0,0.0,0.0,0.0,0.0,0.0,0.0,0.0,0.0,0.0,0.0,0.0,0.0,0.0,0.0,0.0,0.0,0.0,0.0,0.0,0.0,0.0,0.0,0.0,0.0,0.0,0.0,0.0,0.0,0.0,0.0,0.0,0.0,0.0,0.0,0.0,0.0,0.0,0.0,0.0,0.0,0.0,0.0,0.0,0.0,0.0,0.0,0.0,0.0,0.0,0.0,0.0,0.0,0.0,0.0,0.0,0.0,0.0,0.0,0.0,0.0,0.0,0.0,0.0,0.0,0.0,0.0,0.0,0.0,0.0,0.0,0.0,0.0,0.0,0.0,0.0,0.0,0.0,0.0,0.0,0.0,0.0,0.0,0.0,0.0,0.0,0.0,0.0
2017-05-26 00:56:00+02:00,0.0,0.0,0.0,0.0,0.0,0.0,0.0,0.0,0.0,0.0,0.0,0.0,0.0,0.0,0.0,0.0,0.0,0.0,0.0,0.0,0.0,0.0,0.0,0.0,0.0,0.0,0.0,0.0,0.0,0.0,0.0,0.0,0.0,0.0,0.0,0.0,0.0,0.0,0.0,0.0,0.0,0.0,0.0,0.0,0.0,0.0,0.0,0.0,0.0,0.0,0.0,0.0,0.0,0.0,0.0,0.0,0.0,0.0,0.0,0.0,0.0,0.0,0.0,0.0,0.0,0.0,0.0,0.0,0.0,0.0,0.0,0.0,0.0,0.0,0.0,0.0,0.0,0.0,0.0,0.0,0.0,0.0,0.0,0.0,0.0,0.0,0.0,0.0,0.0,0.0,0.0,0.0,0.0,0.0,0.0,0.0,0.0,0.0,0.0,0.0,0.0,0.0,0.0,0.0,0.0,0.0,0.0,0.0,0.0,0.0,0.0,0.0,0.0,0.0,0.0,0.0,0.0,0.0
2017-05-26 00:57:00+02:00,0.0,0.0,0.0,0.0,0.0,0.0,0.0,0.0,0.0,0.0,0.0,0.0,0.0,0.0,0.0,0.0,0.0,0.0,0.0,0.0,0.0,0.0,0.0,0.0,0.0,0.0,0.0,0.0,0.0,0.0,0.0,0.0,0.0,0.0,0.0,0.0,0.0,0.0,0.0,0.0,0.0,0.0,0.0,0.0,0.0,0.0,0.0,0.0,0.0,0.0,0.0,0.0,0.0,0.0,0.0,0.0,0.0,0.0,0.0,0.0,0.0,0.0,0.0,0.0,0.0,0.0,0.0,0.0,0.0,0.0,0.0,0.0,0.0,0.0,0.0,0.0,0.0,0.0,0.0,0.0,0.0,0.0,0.0,0.0,0.0,0.0,0.0,0.0,0.0,0.0,0.0,0.0,0.0,0.0,0.0,0.0,0.0,0.0,0.0,0.0,0.0,0.0,0.0,0.0,0.0,0.0,0.0,0.0,0.0,0.0,0.0,0.0,0.0,0.0,0.0,0.0,0.0,0.0
2017-05-26 00:58:00+02:00,0.0,0.0,0.0,0.0,0.0,0.0,0.0,0.0,0.0,0.0,0.0,0.0,0.0,0.0,0.0,0.0,0.0,0.0,0.0,0.0,0.0,0.0,0.0,0.0,0.0,0.0,0.0,0.0,0.0,0.0,0.0,0.0,0.0,0.0,0.0,0.0,0.0,0.0,0.0,0.0,0.0,0.0,0.0,0.0,0.0,0.0,0.0,0.0,0.0,0.0,0.0,0.0,0.0,0.0,0.0,0.0,0.0,0.0,0.0,0.0,0.0,0.0,0.0,0.0,0.0,0.0,0.0,0.0,0.0,0.0,0.0,0.0,0.0,0.0,0.0,0.0,0.0,0.0,0.0,0.0,0.0,0.0,0.0,0.0,0.0,0.0,0.0,0.0,0.0,0.0,0.0,0.0,0.0,0.0,0.0,0.0,0.0,0.0,0.0,0.0,0.0,0.0,0.0,0.0,0.0,0.0,0.0,0.0,0.0,0.0,0.0,0.0,0.0,0.0,0.0,0.0,0.0,0.0
2017-05-26 00:59:00+02:00,0.0,0.0,0.0,0.0,0.0,0.0,0.0,0.0,0.0,0.0,0.0,0.0,0.0,0.0,0.0,0.0,0.0,0.0,0.0,0.0,0.0,0.0,0.0,0.0,0.0,0.0,0.0,0.0,0.0,0.0,0.0,0.0,0.0,0.0,0.0,0.0,0.0,0.0,0.0,0.0,0.0,0.0,0.0,0.0,0.0,0.0,0.0,0.0,0.0,0.0,0.0,0.0,0.0,0.0,0.0,0.0,0.0,0.0,0.0,0.0,0.0,0.0,0.0,0.0,0.0,0.0,0.0,0.0,0.0,0.0,0.0,0.0,0.0,0.0,0.0,0.0,0.0,0.0,0.0,0.0,0.0,0.0,0.0,0.0,0.0,0.0,0.0,0.0,0.0,0.0,0.0,0.0,0.0,0.0,0.0,0.0,0.0,0.0,0.0,0.0,0.0,0.0,0.0,0.0,0.0,0.0,0.0,0.0,0.0,0.0,0.0,0.0,0.0,0.0,0.0,0.0,0.0,0.0
2017-05-26 01:00:00+02:00,0.0,0.0,0.0,0.0,0.0,0.0,0.0,0.0,0.0,0.0,0.0,0.0,0.0,0.0,0.0,0.0,0.0,0.0,0.0,0.0,0.0,0.0,0.0,0.0,0.0,0.0,0.0,0.0,0.0,0.0,0.0,0.0,0.0,0.0,0.0,0.0,0.0,0.0,0.0,0.0,0.0,0.0,0.0,0.0,0.0,0.0,0.0,0.0,0.0,0.0,0.0,0.0,0.0,0.0,0.0,0.0,0.0,0.0,0.0,0.0,0.0,0.0,0.0,0.0,0.0,0.0,0.0,0.0,0.0,0.0,0.0,0.0,0.0,0.0,0.0,0.0,0.0,0.0,0.0,0.0,0.0,0.0,0.0,0.0,0.0,0.0,0.0,0.0,0.0,0.0,0.0,0.0,0.0,0.0,0.0,0.0,0.0,0.0,0.0,0.0,0.0,0.0,0.0,0.0,0.0,0.0,0.0,0.0,0.0,0.0,0.0,0.0,0.0,0.0,0.0,0.0,0.0,0.0
2017-05-26 01:01:00+02:00,0.0,0.0,0.0,0.0,0.0,0.0,0.0,0.0,0.0,0.0,0.0,0.0,0.0,0.0,0.0,0.0,0.0,0.0,0.0,0.0,0.0,0.0,0.0,0.0,0.0,0.0,0.0,0.0,0.0,0.0,0.0,0.0,0.0,0.0,0.0,0.0,0.0,0.0,0.0,0.0,0.0,0.0,0.0,0.0,0.0,0.0,0.0,0.0,0.0,0.0,0.0,0.0,0.0,0.0,0.0,0.0,0.0,0.0,0.0,0.0,0.0,0.0,0.0,0.0,0.0,0.0,0.0,0.0,0.0,0.0,0.0,0.0,0.0,0.0,0.0,0.0,0.0,0.0,0.0,0.0,0.0,0.0,0.0,0.0,0.0,0.0,0.0,0.0,0.0,0.0,0.0,0.0,0.0,0.0,0.0,0.0,0.0,0.0,0.0,0.0,0.0,0.0,0.0,0.0,0.0,0.0,0.0,0.0,0.0,0.0,0.0,0.0,0.0,0.0,0.0,0.0,0.0,0.0
2017-05-26 01:02:00+02:00,0.0,0.0,0.0,0.0,0.0,0.0,0.0,0.0,0.0,0.0,0.0,0.0,0.0,0.0,0.0,0.0,0.0,0.0,0.0,0.0,0.0,0.0,0.0,0.0,0.0,0.0,0.0,0.0,0.0,0.0,0.0,0.0,0.0,0.0,0.0,0.0,0.0,0.0,0.0,0.0,0.0,0.0,0.0,0.0,0.0,0.0,0.0,0.0,0.0,0.0,0.0,0.0,0.0,0.0,0.0,0.0,0.0,0.0,0.0,0.0,0.0,0.0,0.0,0.0,0.0,0.0,0.0,0.0,0.0,0.0,0.0,0.0,0.0,0.0,0.0,0.0,0.0,0.0,0.0,0.0,0.0,0.0,0.0,0.0,0.0,0.0,0.0,0.0,0.0,0.0,0.0,0.0,0.0,0.0,0.0,0.0,0.0,0.0,0.0,0.0,0.0,0.0,0.0,0.0,0.0,0.0,0.0,0.0,0.0,0.0,0.0,0.0,0.0,0.0,0.0,0.0,0.0,0.0
2017-05-26 01:03:00+02:00,0.0,0.0,0.0,0.0,0.0,0.0,0.0,0.0,0.0,0.0,0.0,0.0,0.0,0.0,0.0,0.0,0.0,0.0,0.0,0.0,0.0,0.0,0.0,0.0,0.0,0.0,0.0,0.0,0.0,0.0,0.0,0.0,0.0,0.0,0.0,0.0,0.0,0.0,0.0,0.0,0.0,0.0,0.0,0.0,0.0,0.0,0.0,0.0,0.0,0.0,0.0,0.0,0.0,0.0,0.0,0.0,0.0,0.0,0.0,0.0,0.0,0.0,0.0,0.0,0.0,0.0,0.0,0.0,0.0,0.0,0.0,0.0,0.0,0.0,0.0,0.0,0.0,0.0,0.0,0.0,0.0,0.0,0.0,0.0,0.0,0.0,0.0,0.0,0.0,0.0,0.0,0.0,0.0,0.0,0.0,0.0,0.0,0.0,0.0,0.0,0.0,0.0,0.0,0.0,0.0,0.0,0.0,0.0,0.0,0.0,0.0,0.0,0.0,0.0,0.0,0.0,0.0,0.0
2017-05-26 01:04:00+02:00,0.0,0.0,0.0,0.0,0.0,0.0,0.0,0.0,0.0,0.0,0.0,0.0,0.0,0.0,0.0,0.0,0.0,0.0,0.0,0.0,0.0,0.0,0.0,0.0,0.0,0.0,0.0,0.0,0.0,0.0,0.0,0.0,0.0,0.0,0.0,0.0,0.0,0.0,0.0,0.0,0.0,0.0,0.0,0.0,0.0,0.0,0.0,0.0,0.0,0.0,0.0,0.0,0.0,0.0,0.0,0.0,0.0,0.0,0.0,0.0,0.0,0.0,0.0,0.0,0.0,0.0,0.0,0.0,0.0,0.0,0.0,0.0,0.0,0.0,0.0,0.0,0.0,0.0,0.0,0.0,0.0,0.0,0.0,0.0,0.0,0.0,0.0,0.0,0.0,0.0,0.0,0.0,0.0,0.0,0.0,0.0,0.0,0.0,0.0,0.0,0.0,0.0,0.0,0.0,0.0,0.0,0.0,0.0,0.0,0.0,0.0,0.0,0.0,0.0,0.0,0.0,0.0,0.0
2017-05-26 01:05:00+02:00,0.0,0.0,0.0,0.0,0.0,0.0,0.0,0.0,0.0,0.0,0.0,0.0,0.0,0.0,0.0,0.0,0.0,0.0,0.0,0.0,0.0,0.0,0.0,0.0,0.0,0.0,0.0,0.0,0.0,0.0,0.0,0.0,0.0,0.0,0.0,0.0,0.0,0.0,0.0,0.0,0.0,0.0,0.0,0.0,0.0,0.0,0.0,0.0,0.0,0.0,0.0,0.0,0.0,0.0,0.0,0.0,0.0,0.0,0.0,0.0,0.0,0.0,0.0,0.0,0.0,0.0,0.0,0.0,0.0,0.0,0.0,0.0,0.0,0.0,0.0,0.0,0.0,0.0,0.0,0.0,0.0,0.0,0.0,0.0,0.0,0.0,0.0,0.0,0.0,0.0,0.0,0.0,0.0,0.0,0.0,0.0,0.0,0.0,0.0,0.0,0.0,0.0,0.0,0.0,0.0,0.0,0.0,0.0,0.0,0.0,0.0,0.0,0.0,0.0,0.0,0.0,0.0,0.0
2017-05-26 01:06:00+02:00,0.0,0.0,0.0,0.0,0.0,0.0,0.0,0.0,0.0,0.0,0.0,0.0,0.0,0.0,0.0,0.0,0.0,0.0,0.0,0.0,0.0,0.0,0.0,0.0,0.0,0.0,0.0,0.0,0.0,0.0,0.0,0.0,0.0,0.0,0.0,0.0,0.0,0.0,0.0,0.0,0.0,0.0,0.0,0.0,0.0,0.0,0.0,0.0,0.0,0.0,0.0,0.0,0.0,0.0,0.0,0.0,0.0,0.0,0.0,0.0,0.0,0.0,0.0,0.0,0.0,0.0,0.0,0.0,0.0,0.0,0.0,0.0,0.0,0.0,0.0,0.0,0.0,0.0,0.0,0.0,0.0,0.0,0.0,0.0,0.0,0.0,0.0,0.0,0.0,0.0,0.0,0.0,0.0,0.0,0.0,0.0,0.0,0.0,0.0,0.0,0.0,0.0,0.0,0.0,0.0,0.0,0.0,0.0,0.0,0.0,0.0,0.0,0.0,0.0,0.0,0.0,0.0,0.0
2017-05-26 01:07:00+02:00,0.0,0.0,0.0,0.0,0.0,0.0,0.0,0.0,0.0,0.0,0.0,0.0,0.0,0.0,0.0,0.0,0.0,0.0,0.0,0.0,0.0,0.0,0.0,0.0,0.0,0.0,0.0,0.0,0.0,0.0,0.0,0.0,0.0,0.0,0.0,0.0,0.0,0.0,0.0,0.0,0.0,0.0,0.0,0.0,0.0,0.0,0.0,0.0,0.0,0.0,0.0,0.0,0.0,0.0,0.0,0.0,0.0,0.0,0.0,0.0,0.0,0.0,0.0,0.0,0.0,0.0,0.0,0.0,0.0,0.0,0.0,0.0,0.0,0.0,0.0,0.0,0.0,0.0,0.0,0.0,0.0,0.0,0.0,0.0,0.0,0.0,0.0,0.0,0.0,0.0,0.0,0.0,0.0,0.0,0.0,0.0,0.0,0.0,0.0,0.0,0.0,0.0,0.0,0.0,0.0,0.0,0.0,0.0,0.0,0.0,0.0,0.0,0.0,0.0,0.0,0.0,0.0,0.0
2017-05-26 01:08:00+02:00,0.0,0.0,0.0,0.0,0.0,0.0,0.0,0.0,0.0,0.0,0.0,0.0,0.0,0.0,0.0,0.0,0.0,0.0,0.0,0.0,0.0,0.0,0.0,0.0,0.0,0.0,0.0,0.0,0.0,0.0,0.0,0.0,0.0,0.0,0.0,0.0,0.0,0.0,0.0,0.0,0.0,0.0,0.0,0.0,0.0,0.0,0.0,0.0,0.0,0.0,0.0,0.0,0.0,0.0,0.0,0.0,0.0,0.0,0.0,0.0,0.0,0.0,0.0,0.0,0.0,0.0,0.0,0.0,0.0,0.0,0.0,0.0,0.0,0.0,0.0,0.0,0.0,0.0,0.0,0.0,0.0,0.0,0.0,0.0,0.0,0.0,0.0,0.0,0.0,0.0,0.0,0.0,0.0,0.0,0.0,0.0,0.0,0.0,0.0,0.0,0.0,0.0,0.0,0.0,0.0,0.0,0.0,0.0,0.0,0.0,0.0,0.0,0.0,0.0,0.0,0.0,0.0,0.0
2017-05-26 01:09:00+02:00,0.0,0.0,0.0,0.0,0.0,0.0,0.0,0.0,0.0,0.0,0.0,0.0,0.0,0.0,0.0,0.0,0.0,0.0,0.0,0.0,0.0,0.0,0.0,0.0,0.0,0.0,0.0,0.0,0.0,0.0,0.0,0.0,0.0,0.0,0.0,0.0,0.0,0.0,0.0,0.0,0.0,0.0,0.0,0.0,0.0,0.0,0.0,0.0,0.0,0.0,0.0,0.0,0.0,0.0,0.0,0.0,0.0,0.0,0.0,0.0,0.0,0.0,0.0,0.0,0.0,0.0,0.0,0.0,0.0,0.0,0.0,0.0,0.0,0.0,0.0,0.0,0.0,0.0,0.0,0.0,0.0,0.0,0.0,0.0,0.0,0.0,0.0,0.0,0.0,0.0,0.0,0.0,0.0,0.0,0.0,0.0,0.0,0.0,0.0,0.0,0.0,0.0,0.0,0.0,0.0,0.0,0.0,0.0,0.0,0.0,0.0,0.0,0.0,0.0,0.0,0.0,0.0,0.0
2017-05-26 01:10:00+02:00,0.0,0.0,0.0,0.0,0.0,0.0,0.0,0.0,0.0,0.0,0.0,0.0,0.0,0.0,0.0,0.0,0.0,0.0,0.0,0.0,0.0,0.0,0.0,0.0,0.0,0.0,0.0,0.0,0.0,0.0,0.0,0.0,0.0,0.0,0.0,0.0,0.0,0.0,0.0,0.0,0.0,0.0,0.0,0.0,0.0,0.0,0.0,0.0,0.0,0.0,0.0,0.0,0.0,0.0,0.0,0.0,0.0,0.0,0.0,0.0,0.0,0.0,0.0,0.0,0.0,0.0,0.0,0.0,0.0,0.0,0.0,0.0,0.0,0.0,0.0,0.0,0.0,0.0,0.0,0.0,0.0,0.0,0.0,0.0,0.0,0.0,0.0,0.0,0.0,0.0,0.0,0.0,0.0,0.0,0.0,0.0,0.0,0.0,0.0,0.0,0.0,0.0,0.0,0.0,0.0,0.0,0.0,0.0,0.0,0.0,0.0,0.0,0.0,0.0,0.0,0.0,0.0,0.0
2017-05-26 01:11:00+02:00,0.0,0.0,0.0,0.0,0.0,0.0,0.0,0.0,0.0,0.0,0.0,0.0,0.0,0.0,0.0,0.0,0.0,0.0,0.0,0.0,0.0,0.0,0.0,0.0,0.0,0.0,0.0,0.0,0.0,0.0,0.0,0.0,0.0,0.0,0.0,0.0,0.0,0.0,0.0,0.0,0.0,0.0,0.0,0.0,0.0,0.0,0.0,0.0,0.0,0.0,0.0,0.0,0.0,0.0,0.0,0.0,0.0,0.0,0.0,0.0,0.0,0.0,0.0,0.0,0.0,0.0,0.0,0.0,0.0,0.0,0.0,0.0,0.0,0.0,0.0,0.0,0.0,0.0,0.0,0.0,0.0,0.0,0.0,0.0,0.0,0.0,0.0,0.0,0.0,0.0,0.0,0.0,0.0,0.0,0.0,0.0,0.0,0.0,0.0,0.0,0.0,0.0,0.0,0.0,0.0,0.0,0.0,0.0,0.0,0.0,0.0,0.0,0.0,0.0,0.0,0.0,0.0,0.0
2017-05-26 01:12:00+02:00,0.0,0.0,0.0,0.0,0.0,0.0,0.0,0.0,0.0,0.0,0.0,0.0,0.0,0.0,0.0,0.0,0.0,0.0,0.0,0.0,0.0,0.0,0.0,0.0,0.0,0.0,0.0,0.0,0.0,0.0,0.0,0.0,0.0,0.0,0.0,0.0,0.0,0.0,0.0,0.0,0.0,0.0,0.0,0.0,0.0,0.0,0.0,0.0,0.0,0.0,0.0,0.0,0.0,0.0,0.0,0.0,0.0,0.0,0.0,0.0,0.0,0.0,0.0,0.0,0.0,0.0,0.0,0.0,0.0,0.0,0.0,0.0,0.0,0.0,0.0,0.0,0.0,0.0,0.0,0.0,0.0,0.0,0.0,0.0,0.0,0.0,0.0,0.0,0.0,0.0,0.0,0.0,0.0,0.0,0.0,0.0,0.0,0.0,0.0,0.0,0.0,0.0,0.0,0.0,0.0,0.0,0.0,0.0,0.0,0.0,0.0,0.0,0.0,0.0,0.0,0.0,0.0,0.0
2017-05-26 01:13:00+02:00,0.0,0.0,0.0,0.0,0.0,0.0,0.0,0.0,0.0,0.0,0.0,0.0,0.0,0.0,0.0,0.0,0.0,0.0,0.0,0.0,0.0,0.0,0.0,0.0,0.0,0.0,0.0,0.0,0.0,0.0,0.0,0.0,0.0,0.0,0.0,0.0,0.0,0.0,0.0,0.0,0.0,0.0,0.0,0.0,0.0,0.0,0.0,0.0,0.0,0.0,0.0,0.0,0.0,0.0,0.0,0.0,0.0,0.0,0.0,0.0,0.0,0.0,0.0,0.0,0.0,0.0,0.0,0.0,0.0,0.0,0.0,0.0,0.0,0.0,0.0,0.0,0.0,0.0,0.0,0.0,0.0,0.0,0.0,0.0,0.0,0.0,0.0,0.0,0.0,0.0,0.0,0.0,0.0,0.0,0.0,0.0,0.0,0.0,0.0,0.0,0.0,0.0,0.0,0.0,0.0,0.0,0.0,0.0,0.0,0.0,0.0,0.0,0.0,0.0,0.0,0.0,0.0,0.0
2017-05-26 01:14:00+02:00,0.0,0.0,0.0,0.0,0.0,0.0,0.0,0.0,0.0,0.0,0.0,0.0,0.0,0.0,0.0,0.0,0.0,0.0,0.0,0.0,0.0,0.0,0.0,0.0,0.0,0.0,0.0,0.0,0.0,0.0,0.0,0.0,0.0,0.0,0.0,0.0,0.0,0.0,0.0,0.0,0.0,0.0,0.0,0.0,0.0,0.0,0.0,0.0,0.0,0.0,0.0,0.0,0.0,0.0,0.0,0.0,0.0,0.0,0.0,0.0,0.0,0.0,0.0,0.0,0.0,0.0,0.0,0.0,0.0,0.0,0.0,0.0,0.0,0.0,0.0,0.0,0.0,0.0,0.0,0.0,0.0,0.0,0.0,0.0,0.0,0.0,0.0,0.0,0.0,0.0,0.0,0.0,0.0,0.0,0.0,0.0,0.0,0.0,0.0,0.0,0.0,0.0,0.0,0.0,0.0,0.0,0.0,0.0,0.0,0.0,0.0,0.0,0.0,0.0,0.0,0.0,0.0,0.0
2017-05-26 01:15:00+02:00,0.0,0.0,0.0,0.0,0.0,0.0,0.0,0.0,0.0,0.0,0.0,0.0,0.0,0.0,0.0,0.0,0.0,0.0,0.0,0.0,0.0,0.0,0.0,0.0,0.0,0.0,0.0,0.0,0.0,0.0,0.0,0.0,0.0,0.0,0.0,0.0,0.0,0.0,0.0,0.0,0.0,0.0,0.0,0.0,0.0,0.0,0.0,0.0,0.0,0.0,0.0,0.0,0.0,0.0,0.0,0.0,0.0,0.0,0.0,0.0,0.0,0.0,0.0,0.0,0.0,0.0,0.0,0.0,0.0,0.0,0.0,0.0,0.0,0.0,0.0,0.0,0.0,0.0,0.0,0.0,0.0,0.0,0.0,0.0,0.0,0.0,0.0,0.0,0.0,0.0,0.0,0.0,0.0,0.0,0.0,0.0,0.0,0.0,0.0,0.0,0.0,0.0,0.0,0.0,0.0,0.0,0.0,0.0,0.0,0.0,0.0,0.0,0.0,0.0,0.0,0.0,0.0,0.0
2017-05-26 01:16:00+02:00,0.0,0.0,0.0,0.0,0.0,0.0,0.0,0.0,0.0,0.0,0.0,0.0,0.0,0.0,0.0,0.0,0.0,0.0,0.0,0.0,0.0,0.0,0.0,0.0,0.0,0.0,0.0,0.0,0.0,0.0,0.0,0.0,0.0,0.0,0.0,0.0,0.0,0.0,0.0,0.0,0.0,0.0,0.0,0.0,0.0,0.0,0.0,0.0,0.0,0.0,0.0,0.0,0.0,0.0,0.0,0.0,0.0,0.0,0.0,0.0,0.0,0.0,0.0,0.0,0.0,0.0,0.0,0.0,0.0,0.0,0.0,0.0,0.0,0.0,0.0,0.0,0.0,0.0,0.0,0.0,0.0,0.0,0.0,0.0,0.0,0.0,0.0,0.0,0.0,0.0,0.0,0.0,0.0,0.0,0.0,0.0,0.0,0.0,0.0,0.0,0.0,0.0,0.0,0.0,0.0,0.0,0.0,0.0,0.0,0.0,0.0,0.0,0.0,0.0,0.0,0.0,0.0,0.0
2017-05-26 01:17:00+02:00,0.0,0.0,0.0,0.0,0.0,0.0,0.0,0.0,0.0,0.0,0.0,0.0,0.0,0.0,0.0,0.0,0.0,0.0,0.0,0.0,0.0,0.0,0.0,0.0,0.0,0.0,0.0,0.0,0.0,0.0,0.0,0.0,0.0,0.0,0.0,0.0,0.0,0.0,0.0,0.0,0.0,0.0,0.0,0.0,0.0,0.0,0.0,0.0,0.0,0.0,0.0,0.0,0.0,0.0,0.0,0.0,0.0,0.0,0.0,0.0,0.0,0.0,0.0,0.0,0.0,0.0,0.0,0.0,0.0,0.0,0.0,0.0,0.0,0.0,0.0,0.0,0.0,0.0,0.0,0.0,0.0,0.0,0.0,0.0,0.0,0.0,0.0,0.0,0.0,0.0,0.0,0.0,0.0,0.0,0.0,0.0,0.0,0.0,0.0,0.0,0.0,0.0,0.0,0.0,0.0,0.0,0.0,0.0,0.0,0.0,0.0,0.0,0.0,0.0,0.0,0.0,0.0,0.0
2017-05-26 01:18:00+02:00,0.0,0.0,0.0,0.0,0.0,0.0,0.0,0.0,0.0,0.0,0.0,0.0,0.0,0.0,0.0,0.0,0.0,0.0,0.0,0.0,0.0,0.0,0.0,0.0,0.0,0.0,0.0,0.0,0.0,0.0,0.0,0.0,0.0,0.0,0.0,0.0,0.0,0.0,0.0,0.0,0.0,0.0,0.0,0.0,0.0,0.0,0.0,0.0,0.0,0.0,0.0,0.0,0.0,0.0,0.0,0.0,0.0,0.0,0.0,0.0,0.0,0.0,0.0,0.0,0.0,0.0,0.0,0.0,0.0,0.0,0.0,0.0,0.0,0.0,0.0,0.0,0.0,0.0,0.0,0.0,0.0,0.0,0.0,0.0,0.0,0.0,0.0,0.0,0.0,0.0,0.0,0.0,0.0,0.0,0.0,0.0,0.0,0.0,0.0,0.0,0.0,0.0,0.0,0.0,0.0,0.0,0.0,0.0,0.0,0.0,0.0,0.0,0.0,0.0,0.0,0.0,0.0,0.0
2017-05-26 01:19:00+02:00,0.0,0.0,0.0,0.0,0.0,0.0,0.0,0.0,0.0,0.0,0.0,0.0,0.0,0.0,0.0,0.0,0.0,0.0,0.0,0.0,0.0,0.0,0.0,0.0,0.0,0.0,0.0,0.0,0.0,0.0,0.0,0.0,0.0,0.0,0.0,0.0,0.0,0.0,0.0,0.0,0.0,0.0,0.0,0.0,0.0,0.0,0.0,0.0,0.0,0.0,0.0,0.0,0.0,0.0,0.0,0.0,0.0,0.0,0.0,0.0,0.0,0.0,0.0,0.0,0.0,0.0,0.0,0.0,0.0,0.0,0.0,0.0,0.0,0.0,0.0,0.0,0.0,0.0,0.0,0.0,0.0,0.0,0.0,0.0,0.0,0.0,0.0,0.0,0.0,0.0,0.0,0.0,0.0,0.0,0.0,0.0,0.0,0.0,0.0,0.0,0.0,0.0,0.0,0.0,0.0,0.0,0.0,0.0,0.0,0.0,0.0,0.0,0.0,0.0,0.0,0.0,0.0,0.0
2017-05-26 01:20:00+02:00,0.0,0.0,0.0,0.0,0.0,0.0,0.0,0.0,0.0,0.0,0.0,0.0,0.0,0.0,0.0,0.0,0.0,0.0,0.0,0.0,0.0,0.0,0.0,0.0,0.0,0.0,0.0,0.0,0.0,0.0,0.0,0.0,0.0,0.0,0.0,0.0,0.0,0.0,0.0,0.0,0.0,0.0,0.0,0.0,0.0,0.0,0.0,0.0,0.0,0.0,0.0,0.0,0.0,0.0,0.0,0.0,0.0,0.0,0.0,0.0,0.0,0.0,0.0,0.0,0.0,0.0,0.0,0.0,0.0,0.0,0.0,0.0,0.0,0.0,0.0,0.0,0.0,0.0,0.0,0.0,0.0,0.0,0.0,0.0,0.0,0.0,0.0,0.0,0.0,0.0,0.0,0.0,0.0,0.0,0.0,0.0,0.0,0.0,0.0,0.0,0.0,0.0,0.0,0.0,0.0,0.0,0.0,0.0,0.0,0.0,0.0,0.0,0.0,0.0,0.0,0.0,0.0,0.0
2017-05-26 01:21:00+02:00,0.0,0.0,0.0,0.0,0.0,0.0,0.0,0.0,0.0,0.0,0.0,0.0,0.0,0.0,0.0,0.0,0.0,0.0,0.0,0.0,0.0,0.0,0.0,0.0,0.0,0.0,0.0,0.0,0.0,0.0,0.0,0.0,0.0,0.0,0.0,0.0,0.0,0.0,0.0,0.0,0.0,0.0,0.0,0.0,0.0,0.0,0.0,0.0,0.0,0.0,0.0,0.0,0.0,0.0,0.0,0.0,0.0,0.0,0.0,0.0,0.0,0.0,0.0,0.0,0.0,0.0,0.0,0.0,0.0,0.0,0.0,0.0,0.0,0.0,0.0,0.0,0.0,0.0,0.0,0.0,0.0,0.0,0.0,0.0,0.0,0.0,0.0,0.0,0.0,0.0,0.0,0.0,0.0,0.0,0.0,0.0,0.0,0.0,0.0,0.0,0.0,0.0,0.0,0.0,0.0,0.0,0.0,0.0,0.0,0.0,0.0,0.0,0.0,0.0,0.0,0.0,0.0,0.0
2017-05-26 01:22:00+02:00,0.0,0.0,0.0,0.0,0.0,0.0,0.0,0.0,0.0,0.0,0.0,0.0,0.0,0.0,0.0,0.0,0.0,0.0,0.0,0.0,0.0,0.0,0.0,0.0,0.0,0.0,0.0,0.0,0.0,0.0,0.0,0.0,0.0,0.0,0.0,0.0,0.0,0.0,0.0,0.0,0.0,0.0,0.0,0.0,0.0,0.0,0.0,0.0,0.0,0.0,0.0,0.0,0.0,0.0,0.0,0.0,0.0,0.0,0.0,0.0,0.0,0.0,0.0,0.0,0.0,0.0,0.0,0.0,0.0,0.0,0.0,0.0,0.0,0.0,0.0,0.0,0.0,0.0,0.0,0.0,0.0,0.0,0.0,0.0,0.0,0.0,0.0,0.0,0.0,0.0,0.0,0.0,0.0,0.0,0.0,0.0,0.0,0.0,0.0,0.0,0.0,0.0,0.0,0.0,0.0,0.0,0.0,0.0,0.0,0.0,0.0,0.0,0.0,0.0,0.0,0.0,0.0,0.0
2017-05-26 01:23:00+02:00,0.0,0.0,0.0,0.0,0.0,0.0,0.0,0.0,0.0,0.0,0.0,0.0,0.0,0.0,0.0,0.0,0.0,0.0,0.0,0.0,0.0,0.0,0.0,0.0,0.0,0.0,0.0,0.0,0.0,0.0,0.0,0.0,0.0,0.0,0.0,0.0,0.0,0.0,0.0,0.0,0.0,0.0,0.0,0.0,0.0,0.0,0.0,0.0,0.0,0.0,0.0,0.0,0.0,0.0,0.0,0.0,0.0,0.0,0.0,0.0,0.0,0.0,0.0,0.0,0.0,0.0,0.0,0.0,0.0,0.0,0.0,0.0,0.0,0.0,0.0,0.0,0.0,0.0,0.0,0.0,0.0,0.0,0.0,0.0,0.0,0.0,0.0,0.0,0.0,0.0,0.0,0.0,0.0,0.0,0.0,0.0,0.0,0.0,0.0,0.0,0.0,0.0,0.0,0.0,0.0,0.0,0.0,0.0,0.0,0.0,0.0,0.0,0.0,0.0,0.0,0.0,0.0,0.0
2017-05-26 01:24:00+02:00,0.0,0.0,0.0,0.0,0.0,0.0,0.0,0.0,0.0,0.0,0.0,0.0,0.0,0.0,0.0,0.0,0.0,0.0,0.0,0.0,0.0,0.0,0.0,0.0,0.0,0.0,0.0,0.0,0.0,0.0,0.0,0.0,0.0,0.0,0.0,0.0,0.0,0.0,0.0,0.0,0.0,0.0,0.0,0.0,0.0,0.0,0.0,0.0,0.0,0.0,0.0,0.0,0.0,0.0,0.0,0.0,0.0,0.0,0.0,0.0,0.0,0.0,0.0,0.0,0.0,0.0,0.0,0.0,0.0,0.0,0.0,0.0,0.0,0.0,0.0,0.0,0.0,0.0,0.0,0.0,0.0,0.0,0.0,0.0,0.0,0.0,0.0,0.0,0.0,0.0,0.0,0.0,0.0,0.0,0.0,0.0,0.0,0.0,0.0,0.0,0.0,0.0,0.0,0.0,0.0,0.0,0.0,0.0,0.0,0.0,0.0,0.0,0.0,0.0,0.0,0.0,0.0,0.0
2017-05-26 01:25:00+02:00,0.0,0.0,0.0,0.0,0.0,0.0,0.0,0.0,0.0,0.0,0.0,0.0,0.0,0.0,0.0,0.0,0.0,0.0,0.0,0.0,0.0,0.0,0.0,0.0,0.0,0.0,0.0,0.0,0.0,0.0,0.0,0.0,0.0,0.0,0.0,0.0,0.0,0.0,0.0,0.0,0.0,0.0,0.0,0.0,0.0,0.0,0.0,0.0,0.0,0.0,0.0,0.0,0.0,0.0,0.0,0.0,0.0,0.0,0.0,0.0,0.0,0.0,0.0,0.0,0.0,0.0,0.0,0.0,0.0,0.0,0.0,0.0,0.0,0.0,0.0,0.0,0.0,0.0,0.0,0.0,0.0,0.0,0.0,0.0,0.0,0.0,0.0,0.0,0.0,0.0,0.0,0.0,0.0,0.0,0.0,0.0,0.0,0.0,0.0,0.0,0.0,0.0,0.0,0.0,0.0,0.0,0.0,0.0,0.0,0.0,0.0,0.0,0.0,0.0,0.0,0.0,0.0,0.0
2017-05-26 01:26:00+02:00,0.0,0.0,0.0,0.0,0.0,0.0,0.0,0.0,0.0,0.0,0.0,0.0,0.0,0.0,0.0,0.0,0.0,0.0,0.0,0.0,0.0,0.0,0.0,0.0,0.0,0.0,0.0,0.0,0.0,0.0,0.0,0.0,0.0,0.0,0.0,0.0,0.0,0.0,0.0,0.0,0.0,0.0,0.0,0.0,0.0,0.0,0.0,0.0,0.0,0.0,0.0,0.0,0.0,0.0,0.0,0.0,0.0,0.0,0.0,0.0,0.0,0.0,0.0,0.0,0.0,0.0,0.0,0.0,0.0,0.0,0.0,0.0,0.0,0.0,0.0,0.0,0.0,0.0,0.0,0.0,0.0,0.0,0.0,0.0,0.0,0.0,0.0,0.0,0.0,0.0,0.0,0.0,0.0,0.0,0.0,0.0,0.0,0.0,0.0,0.0,0.0,0.0,0.0,0.0,0.0,0.0,0.0,0.0,0.0,0.0,0.0,0.0,0.0,0.0,0.0,0.0,0.0,0.0
2017-05-26 01:27:00+02:00,0.0,0.0,0.0,0.0,0.0,0.0,0.0,0.0,0.0,0.0,0.0,0.0,0.0,0.0,0.0,0.0,0.0,0.0,0.0,0.0,0.0,0.0,0.0,0.0,0.0,0.0,0.0,0.0,0.0,0.0,0.0,0.0,0.0,0.0,0.0,0.0,0.0,0.0,0.0,0.0,0.0,0.0,0.0,0.0,0.0,0.0,0.0,0.0,0.0,0.0,0.0,0.0,0.0,0.0,0.0,0.0,0.0,0.0,0.0,0.0,0.0,0.0,0.0,0.0,0.0,0.0,0.0,0.0,0.0,0.0,0.0,0.0,0.0,0.0,0.0,0.0,0.0,0.0,0.0,0.0,0.0,0.0,0.0,0.0,0.0,0.0,0.0,0.0,0.0,0.0,0.0,0.0,0.0,0.0,0.0,0.0,0.0,0.0,0.0,0.0,0.0,0.0,0.0,0.0,0.0,0.0,0.0,0.0,0.0,0.0,0.0,0.0,0.0,0.0,0.0,0.0,0.0,0.0
2017-05-26 01:28:00+02:00,0.0,0.0,0.0,0.0,0.0,0.0,0.0,0.0,0.0,0.0,0.0,0.0,0.0,0.0,0.0,0.0,0.0,0.0,0.0,0.0,0.0,0.0,0.0,0.0,0.0,0.0,0.0,0.0,0.0,0.0,0.0,0.0,0.0,0.0,0.0,0.0,0.0,0.0,0.0,0.0,0.0,0.0,0.0,0.0,0.0,0.0,0.0,0.0,0.0,0.0,0.0,0.0,0.0,0.0,0.0,0.0,0.0,0.0,0.0,0.0,0.0,0.0,0.0,0.0,0.0,0.0,0.0,0.0,0.0,0.0,0.0,0.0,0.0,0.0,0.0,0.0,0.0,0.0,0.0,0.0,0.0,0.0,0.0,0.0,0.0,0.0,0.0,0.0,0.0,0.0,0.0,0.0,0.0,0.0,0.0,0.0,0.0,0.0,0.0,0.0,0.0,0.0,0.0,0.0,0.0,0.0,0.0,0.0,0.0,0.0,0.0,0.0,0.0,0.0,0.0,0.0,0.0,0.0
2017-05-26 01:29:00+02:00,0.0,0.0,0.0,0.0,0.0,0.0,0.0,0.0,0.0,0.0,0.0,0.0,0.0,0.0,0.0,0.0,0.0,0.0,0.0,0.0,0.0,0.0,0.0,0.0,0.0,0.0,0.0,0.0,0.0,0.0,0.0,0.0,0.0,0.0,0.0,0.0,0.0,0.0,0.0,0.0,0.0,0.0,0.0,0.0,0.0,0.0,0.0,0.0,0.0,0.0,0.0,0.0,0.0,0.0,0.0,0.0,0.0,0.0,0.0,0.0,0.0,0.0,0.0,0.0,0.0,0.0,0.0,0.0,0.0,0.0,0.0,0.0,0.0,0.0,0.0,0.0,0.0,0.0,0.0,0.0,0.0,0.0,0.0,0.0,0.0,0.0,0.0,0.0,0.0,0.0,0.0,0.0,0.0,0.0,0.0,0.0,0.0,0.0,0.0,0.0,0.0,0.0,0.0,0.0,0.0,0.0,0.0,0.0,0.0,0.0,0.0,0.0,0.0,0.0,0.0,0.0,0.0,0.0
2017-05-26 01:30:00+02:00,0.0,0.0,0.0,0.0,0.0,0.0,0.0,0.0,0.0,0.0,0.0,0.0,0.0,0.0,0.0,0.0,0.0,0.0,0.0,0.0,0.0,0.0,0.0,0.0,0.0,0.0,0.0,0.0,0.0,0.0,0.0,0.0,0.0,0.0,0.0,0.0,0.0,0.0,0.0,0.0,0.0,0.0,0.0,0.0,0.0,0.0,0.0,0.0,0.0,0.0,0.0,0.0,0.0,0.0,0.0,0.0,0.0,0.0,0.0,0.0,0.0,0.0,0.0,0.0,0.0,0.0,0.0,0.0,0.0,0.0,0.0,0.0,0.0,0.0,0.0,0.0,0.0,0.0,0.0,0.0,0.0,0.0,0.0,0.0,0.0,0.0,0.0,0.0,0.0,0.0,0.0,0.0,0.0,0.0,0.0,0.0,0.0,0.0,0.0,0.0,0.0,0.0,0.0,0.0,0.0,0.0,0.0,0.0,0.0,0.0,0.0,0.0,0.0,0.0,0.0,0.0,0.0,0.0
2017-05-26 01:31:00+02:00,0.0,0.0,0.0,0.0,0.0,0.0,0.0,0.0,0.0,0.0,0.0,0.0,0.0,0.0,0.0,0.0,0.0,0.0,0.0,0.0,0.0,0.0,0.0,0.0,0.0,0.0,0.0,0.0,0.0,0.0,0.0,0.0,0.0,0.0,0.0,0.0,0.0,0.0,0.0,0.0,0.0,0.0,0.0,0.0,0.0,0.0,0.0,0.0,0.0,0.0,0.0,0.0,0.0,0.0,0.0,0.0,0.0,0.0,0.0,0.0,0.0,0.0,0.0,0.0,0.0,0.0,0.0,0.0,0.0,0.0,0.0,0.0,0.0,0.0,0.0,0.0,0.0,0.0,0.0,0.0,0.0,0.0,0.0,0.0,0.0,0.0,0.0,0.0,0.0,0.0,0.0,0.0,0.0,0.0,0.0,0.0,0.0,0.0,0.0,0.0,0.0,0.0,0.0,0.0,0.0,0.0,0.0,0.0,0.0,0.0,0.0,0.0,0.0,0.0,0.0,0.0,0.0,0.0
2017-05-26 01:32:00+02:00,0.0,0.0,0.0,0.0,0.0,0.0,0.0,0.0,0.0,0.0,0.0,0.0,0.0,0.0,0.0,0.0,0.0,0.0,0.0,0.0,0.0,0.0,0.0,0.0,0.0,0.0,0.0,0.0,0.0,0.0,0.0,0.0,0.0,0.0,0.0,0.0,0.0,0.0,0.0,0.0,0.0,0.0,0.0,0.0,0.0,0.0,0.0,0.0,0.0,0.0,0.0,0.0,0.0,0.0,0.0,0.0,0.0,0.0,0.0,0.0,0.0,0.0,0.0,0.0,0.0,0.0,0.0,0.0,0.0,0.0,0.0,0.0,0.0,0.0,0.0,0.0,0.0,0.0,0.0,0.0,0.0,0.0,0.0,0.0,0.0,0.0,0.0,0.0,0.0,0.0,0.0,0.0,0.0,0.0,0.0,0.0,0.0,0.0,0.0,0.0,0.0,0.0,0.0,0.0,0.0,0.0,0.0,0.0,0.0,0.0,0.0,0.0,0.0,0.0,0.0,0.0,0.0,0.0
2017-05-26 01:33:00+02:00,0.0,0.0,0.0,0.0,0.0,0.0,0.0,0.0,0.0,0.0,0.0,0.0,0.0,0.0,0.0,0.0,0.0,0.0,0.0,0.0,0.0,0.0,0.0,0.0,0.0,0.0,0.0,0.0,0.0,0.0,0.0,0.0,0.0,0.0,0.0,0.0,0.0,0.0,0.0,0.0,0.0,0.0,0.0,0.0,0.0,0.0,0.0,0.0,0.0,0.0,0.0,0.0,0.0,0.0,0.0,0.0,0.0,0.0,0.0,0.0,0.0,0.0,0.0,0.0,0.0,0.0,0.0,0.0,0.0,0.0,0.0,0.0,0.0,0.0,0.0,0.0,0.0,0.0,0.0,0.0,0.0,0.0,0.0,0.0,0.0,0.0,0.0,0.0,0.0,0.0,0.0,0.0,0.0,0.0,0.0,0.0,0.0,0.0,0.0,0.0,0.0,0.0,0.0,0.0,0.0,0.0,0.0,0.0,0.0,0.0,0.0,0.0,0.0,0.0,0.0,0.0,0.0,0.0
2017-05-26 01:34:00+02:00,0.0,0.0,0.0,0.0,0.0,0.0,0.0,0.0,0.0,0.0,0.0,0.0,0.0,0.0,0.0,0.0,0.0,0.0,0.0,0.0,0.0,0.0,0.0,0.0,0.0,0.0,0.0,0.0,0.0,0.0,0.0,0.0,0.0,0.0,0.0,0.0,0.0,0.0,0.0,0.0,0.0,0.0,0.0,0.0,0.0,0.0,0.0,0.0,0.0,0.0,0.0,0.0,0.0,0.0,0.0,0.0,0.0,0.0,0.0,0.0,0.0,0.0,0.0,0.0,0.0,0.0,0.0,0.0,0.0,0.0,0.0,0.0,0.0,0.0,0.0,0.0,0.0,0.0,0.0,0.0,0.0,0.0,0.0,0.0,0.0,0.0,0.0,0.0,0.0,0.0,0.0,0.0,0.0,0.0,0.0,0.0,0.0,0.0,0.0,0.0,0.0,0.0,0.0,0.0,0.0,0.0,0.0,0.0,0.0,0.0,0.0,0.0,0.0,0.0,0.0,0.0,0.0,0.0
2017-05-26 01:35:00+02:00,0.0,0.0,0.0,0.0,0.0,0.0,0.0,0.0,0.0,0.0,0.0,0.0,0.0,0.0,0.0,0.0,0.0,0.0,0.0,0.0,0.0,0.0,0.0,0.0,0.0,0.0,0.0,0.0,0.0,0.0,0.0,0.0,0.0,0.0,0.0,0.0,0.0,0.0,0.0,0.0,0.0,0.0,0.0,0.0,0.0,0.0,0.0,0.0,0.0,0.0,0.0,0.0,0.0,0.0,0.0,0.0,0.0,0.0,0.0,0.0,0.0,0.0,0.0,0.0,0.0,0.0,0.0,0.0,0.0,0.0,0.0,0.0,0.0,0.0,0.0,0.0,0.0,0.0,0.0,0.0,0.0,0.0,0.0,0.0,0.0,0.0,0.0,0.0,0.0,0.0,0.0,0.0,0.0,0.0,0.0,0.0,0.0,0.0,0.0,0.0,0.0,0.0,0.0,0.0,0.0,0.0,0.0,0.0,0.0,0.0,0.0,0.0,0.0,0.0,0.0,0.0,0.0,0.0
2017-05-26 01:36:00+02:00,0.0,0.0,0.0,0.0,0.0,0.0,0.0,0.0,0.0,0.0,0.0,0.0,0.0,0.0,0.0,0.0,0.0,0.0,0.0,0.0,0.0,0.0,0.0,0.0,0.0,0.0,0.0,0.0,0.0,0.0,0.0,0.0,0.0,0.0,0.0,0.0,0.0,0.0,0.0,0.0,0.0,0.0,0.0,0.0,0.0,0.0,0.0,0.0,0.0,0.0,0.0,0.0,0.0,0.0,0.0,0.0,0.0,0.0,0.0,0.0,0.0,0.0,0.0,0.0,0.0,0.0,0.0,0.0,0.0,0.0,0.0,0.0,0.0,0.0,0.0,0.0,0.0,0.0,0.0,0.0,0.0,0.0,0.0,0.0,0.0,0.0,0.0,0.0,0.0,0.0,0.0,0.0,0.0,0.0,0.0,0.0,0.0,0.0,0.0,0.0,0.0,0.0,0.0,0.0,0.0,0.0,0.0,0.0,0.0,0.0,0.0,0.0,0.0,0.0,0.0,0.0,0.0,0.0
2017-05-26 01:37:00+02:00,0.0,0.0,0.0,0.0,0.0,0.0,0.0,0.0,0.0,0.0,0.0,0.0,0.0,0.0,0.0,0.0,0.0,0.0,0.0,0.0,0.0,0.0,0.0,0.0,0.0,0.0,0.0,0.0,0.0,0.0,0.0,0.0,0.0,0.0,0.0,0.0,0.0,0.0,0.0,0.0,0.0,0.0,0.0,0.0,0.0,0.0,0.0,0.0,0.0,0.0,0.0,0.0,0.0,0.0,0.0,0.0,0.0,0.0,0.0,0.0,0.0,0.0,0.0,0.0,0.0,0.0,0.0,0.0,0.0,0.0,0.0,0.0,0.0,0.0,0.0,0.0,0.0,0.0,0.0,0.0,0.0,0.0,0.0,0.0,0.0,0.0,0.0,0.0,0.0,0.0,0.0,0.0,0.0,0.0,0.0,0.0,0.0,0.0,0.0,0.0,0.0,0.0,0.0,0.0,0.0,0.0,0.0,0.0,0.0,0.0,0.0,0.0,0.0,0.0,0.0,0.0,0.0,0.0
2017-05-26 01:38:00+02:00,0.0,0.0,0.0,0.0,0.0,0.0,0.0,0.0,0.0,0.0,0.0,0.0,0.0,0.0,0.0,0.0,0.0,0.0,0.0,0.0,0.0,0.0,0.0,0.0,0.0,0.0,0.0,0.0,0.0,0.0,0.0,0.0,0.0,0.0,0.0,0.0,0.0,0.0,0.0,0.0,0.0,0.0,0.0,0.0,0.0,0.0,0.0,0.0,0.0,0.0,0.0,0.0,0.0,0.0,0.0,0.0,0.0,0.0,0.0,0.0,0.0,0.0,0.0,0.0,0.0,0.0,0.0,0.0,0.0,0.0,0.0,0.0,0.0,0.0,0.0,0.0,0.0,0.0,0.0,0.0,0.0,0.0,0.0,0.0,0.0,0.0,0.0,0.0,0.0,0.0,0.0,0.0,0.0,0.0,0.0,0.0,0.0,0.0,0.0,0.0,0.0,0.0,0.0,0.0,0.0,0.0,0.0,0.0,0.0,0.0,0.0,0.0,0.0,0.0,0.0,0.0,0.0,0.0
2017-05-26 01:39:00+02:00,0.0,0.0,0.0,0.0,0.0,0.0,0.0,0.0,0.0,0.0,0.0,0.0,0.0,0.0,0.0,0.0,0.0,0.0,0.0,0.0,0.0,0.0,0.0,0.0,0.0,0.0,0.0,0.0,0.0,0.0,0.0,0.0,0.0,0.0,0.0,0.0,0.0,0.0,0.0,0.0,0.0,0.0,0.0,0.0,0.0,0.0,0.0,0.0,0.0,0.0,0.0,0.0,0.0,0.0,0.0,0.0,0.0,0.0,0.0,0.0,0.0,0.0,0.0,0.0,0.0,0.0,0.0,0.0,0.0,0.0,0.0,0.0,0.0,0.0,0.0,0.0,0.0,0.0,0.0,0.0,0.0,0.0,0.0,0.0,0.0,0.0,0.0,0.0,0.0,0.0,0.0,0.0,0.0,0.0,0.0,0.0,0.0,0.0,0.0,0.0,0.0,0.0,0.0,0.0,0.0,0.0,0.0,0.0,0.0,0.0,0.0,0.0,0.0,0.0,0.0,0.0,0.0,0.0
2017-05-26 01:40:00+02:00,0.0,0.0,0.0,0.0,0.0,0.0,0.0,0.0,0.0,0.0,0.0,0.0,0.0,0.0,0.0,0.0,0.0,0.0,0.0,0.0,0.0,0.0,0.0,0.0,0.0,0.0,0.0,0.0,0.0,0.0,0.0,0.0,0.0,0.0,0.0,0.0,0.0,0.0,0.0,0.0,0.0,0.0,0.0,0.0,0.0,0.0,0.0,0.0,0.0,0.0,0.0,0.0,0.0,0.0,0.0,0.0,0.0,0.0,0.0,0.0,0.0,0.0,0.0,0.0,0.0,0.0,0.0,0.0,0.0,0.0,0.0,0.0,0.0,0.0,0.0,0.0,0.0,0.0,0.0,0.0,0.0,0.0,0.0,0.0,0.0,0.0,0.0,0.0,0.0,0.0,0.0,0.0,0.0,0.0,0.0,0.0,0.0,0.0,0.0,0.0,0.0,0.0,0.0,0.0,0.0,0.0,0.0,0.0,0.0,0.0,0.0,0.0,0.0,0.0,0.0,0.0,0.0,0.0
2017-05-26 01:41:00+02:00,0.0,0.0,0.0,0.0,0.0,0.0,0.0,0.0,0.0,0.0,0.0,0.0,0.0,0.0,0.0,0.0,0.0,0.0,0.0,0.0,0.0,0.0,0.0,0.0,0.0,0.0,0.0,0.0,0.0,0.0,0.0,0.0,0.0,0.0,0.0,0.0,0.0,0.0,0.0,0.0,0.0,0.0,0.0,0.0,0.0,0.0,0.0,0.0,0.0,0.0,0.0,0.0,0.0,0.0,0.0,0.0,0.0,0.0,0.0,0.0,0.0,0.0,0.0,0.0,0.0,0.0,0.0,0.0,0.0,0.0,0.0,0.0,0.0,0.0,0.0,0.0,0.0,0.0,0.0,0.0,0.0,0.0,0.0,0.0,0.0,0.0,0.0,0.0,0.0,0.0,0.0,0.0,0.0,0.0,0.0,0.0,0.0,0.0,0.0,0.0,0.0,0.0,0.0,0.0,0.0,0.0,0.0,0.0,0.0,0.0,0.0,0.0,0.0,0.0,0.0,0.0,0.0,0.0
2017-05-26 01:42:00+02:00,0.0,0.0,0.0,0.0,0.0,0.0,0.0,0.0,0.0,0.0,0.0,0.0,0.0,0.0,0.0,0.0,0.0,0.0,0.0,0.0,0.0,0.0,0.0,0.0,0.0,0.0,0.0,0.0,0.0,0.0,0.0,0.0,0.0,0.0,0.0,0.0,0.0,0.0,0.0,0.0,0.0,0.0,0.0,0.0,0.0,0.0,0.0,0.0,0.0,0.0,0.0,0.0,0.0,0.0,0.0,0.0,0.0,0.0,0.0,0.0,0.0,0.0,0.0,0.0,0.0,0.0,0.0,0.0,0.0,0.0,0.0,0.0,0.0,0.0,0.0,0.0,0.0,0.0,0.0,0.0,0.0,0.0,0.0,0.0,0.0,0.0,0.0,0.0,0.0,0.0,0.0,0.0,0.0,0.0,0.0,0.0,0.0,0.0,0.0,0.0,0.0,0.0,0.0,0.0,0.0,0.0,0.0,0.0,0.0,0.0,0.0,0.0,0.0,0.0,0.0,0.0,0.0,0.0
2017-05-26 01:43:00+02:00,0.0,0.0,0.0,0.0,0.0,0.0,0.0,0.0,0.0,0.0,0.0,0.0,0.0,0.0,0.0,0.0,0.0,0.0,0.0,0.0,0.0,0.0,0.0,0.0,0.0,0.0,0.0,0.0,0.0,0.0,0.0,0.0,0.0,0.0,0.0,0.0,0.0,0.0,0.0,0.0,0.0,0.0,0.0,0.0,0.0,0.0,0.0,0.0,0.0,0.0,0.0,0.0,0.0,0.0,0.0,0.0,0.0,0.0,0.0,0.0,0.0,0.0,0.0,0.0,0.0,0.0,0.0,0.0,0.0,0.0,0.0,0.0,0.0,0.0,0.0,0.0,0.0,0.0,0.0,0.0,0.0,0.0,0.0,0.0,0.0,0.0,0.0,0.0,0.0,0.0,0.0,0.0,0.0,0.0,0.0,0.0,0.0,0.0,0.0,0.0,0.0,0.0,0.0,0.0,0.0,0.0,0.0,0.0,0.0,0.0,0.0,0.0,0.0,0.0,0.0,0.0,0.0,0.0
2017-05-26 01:44:00+02:00,0.0,0.0,0.0,0.0,0.0,0.0,0.0,0.0,0.0,0.0,0.0,0.0,0.0,0.0,0.0,0.0,0.0,0.0,0.0,0.0,0.0,0.0,0.0,0.0,0.0,0.0,0.0,0.0,0.0,0.0,0.0,0.0,0.0,0.0,0.0,0.0,0.0,0.0,0.0,0.0,0.0,0.0,0.0,0.0,0.0,0.0,0.0,0.0,0.0,0.0,0.0,0.0,0.0,0.0,0.0,0.0,0.0,0.0,0.0,0.0,0.0,0.0,0.0,0.0,0.0,0.0,0.0,0.0,0.0,0.0,0.0,0.0,0.0,0.0,0.0,0.0,0.0,0.0,0.0,0.0,0.0,0.0,0.0,0.0,0.0,0.0,0.0,0.0,0.0,0.0,0.0,0.0,0.0,0.0,0.0,0.0,0.0,0.0,0.0,0.0,0.0,0.0,0.0,0.0,0.0,0.0,0.0,0.0,0.0,0.0,0.0,0.0,0.0,0.0,0.0,0.0,0.0,0.0
2017-05-26 01:45:00+02:00,0.0,0.0,0.0,0.0,0.0,0.0,0.0,0.0,0.0,0.0,0.0,0.0,0.0,0.0,0.0,0.0,0.0,0.0,0.0,0.0,0.0,0.0,0.0,0.0,0.0,0.0,0.0,0.0,0.0,0.0,0.0,0.0,0.0,0.0,0.0,0.0,0.0,0.0,0.0,0.0,0.0,0.0,0.0,0.0,0.0,0.0,0.0,0.0,0.0,0.0,0.0,0.0,0.0,0.0,0.0,0.0,0.0,0.0,0.0,0.0,0.0,0.0,0.0,0.0,0.0,0.0,0.0,0.0,0.0,0.0,0.0,0.0,0.0,0.0,0.0,0.0,0.0,0.0,0.0,0.0,0.0,0.0,0.0,0.0,0.0,0.0,0.0,0.0,0.0,0.0,0.0,0.0,0.0,0.0,0.0,0.0,0.0,0.0,0.0,0.0,0.0,0.0,0.0,0.0,0.0,0.0,0.0,0.0,0.0,0.0,0.0,0.0,0.0,0.0,0.0,0.0,0.0,0.0
2017-05-26 01:46:00+02:00,0.0,0.0,0.0,0.0,0.0,0.0,0.0,0.0,0.0,0.0,0.0,0.0,0.0,0.0,0.0,0.0,0.0,0.0,0.0,0.0,0.0,0.0,0.0,0.0,0.0,0.0,0.0,0.0,0.0,0.0,0.0,0.0,0.0,0.0,0.0,0.0,0.0,0.0,0.0,0.0,0.0,0.0,0.0,0.0,0.0,0.0,0.0,0.0,0.0,0.0,0.0,0.0,0.0,0.0,0.0,0.0,0.0,0.0,0.0,0.0,0.0,0.0,0.0,0.0,0.0,0.0,0.0,0.0,0.0,0.0,0.0,0.0,0.0,0.0,0.0,0.0,0.0,0.0,0.0,0.0,0.0,0.0,0.0,0.0,0.0,0.0,0.0,0.0,0.0,0.0,0.0,0.0,0.0,0.0,0.0,0.0,0.0,0.0,0.0,0.0,0.0,0.0,0.0,0.0,0.0,0.0,0.0,0.0,0.0,0.0,0.0,0.0,0.0,0.0,0.0,0.0,0.0,0.0
2017-05-26 01:47:00+02:00,0.0,0.0,0.0,0.0,0.0,0.0,0.0,0.0,0.0,0.0,0.0,0.0,0.0,0.0,0.0,0.0,0.0,0.0,0.0,0.0,0.0,0.0,0.0,0.0,0.0,0.0,0.0,0.0,0.0,0.0,0.0,0.0,0.0,0.0,0.0,0.0,0.0,0.0,0.0,0.0,0.0,0.0,0.0,0.0,0.0,0.0,0.0,0.0,0.0,0.0,0.0,0.0,0.0,0.0,0.0,0.0,0.0,0.0,0.0,0.0,0.0,0.0,0.0,0.0,0.0,0.0,0.0,0.0,0.0,0.0,0.0,0.0,0.0,0.0,0.0,0.0,0.0,0.0,0.0,0.0,0.0,0.0,0.0,0.0,0.0,0.0,0.0,0.0,0.0,0.0,0.0,0.0,0.0,0.0,0.0,0.0,0.0,0.0,0.0,0.0,0.0,0.0,0.0,0.0,0.0,0.0,0.0,0.0,0.0,0.0,0.0,0.0,0.0,0.0,0.0,0.0,0.0,0.0
2017-05-26 01:48:00+02:00,0.0,0.0,0.0,0.0,0.0,0.0,0.0,0.0,0.0,0.0,0.0,0.0,0.0,0.0,0.0,0.0,0.0,0.0,0.0,0.0,0.0,0.0,0.0,0.0,0.0,0.0,0.0,0.0,0.0,0.0,0.0,0.0,0.0,0.0,0.0,0.0,0.0,0.0,0.0,0.0,0.0,0.0,0.0,0.0,0.0,0.0,0.0,0.0,0.0,0.0,0.0,0.0,0.0,0.0,0.0,0.0,0.0,0.0,0.0,0.0,0.0,0.0,0.0,0.0,0.0,0.0,0.0,0.0,0.0,0.0,0.0,0.0,0.0,0.0,0.0,0.0,0.0,0.0,0.0,0.0,0.0,0.0,0.0,0.0,0.0,0.0,0.0,0.0,0.0,0.0,0.0,0.0,0.0,0.0,0.0,0.0,0.0,0.0,0.0,0.0,0.0,0.0,0.0,0.0,0.0,0.0,0.0,0.0,0.0,0.0,0.0,0.0,0.0,0.0,0.0,0.0,0.0,0.0
2017-05-26 01:49:00+02:00,0.0,0.0,0.0,0.0,0.0,0.0,0.0,0.0,0.0,0.0,0.0,0.0,0.0,0.0,0.0,0.0,0.0,0.0,0.0,0.0,0.0,0.0,0.0,0.0,0.0,0.0,0.0,0.0,0.0,0.0,0.0,0.0,0.0,0.0,0.0,0.0,0.0,0.0,0.0,0.0,0.0,0.0,0.0,0.0,0.0,0.0,0.0,0.0,0.0,0.0,0.0,0.0,0.0,0.0,0.0,0.0,0.0,0.0,0.0,0.0,0.0,0.0,0.0,0.0,0.0,0.0,0.0,0.0,0.0,0.0,0.0,0.0,0.0,0.0,0.0,0.0,0.0,0.0,0.0,0.0,0.0,0.0,0.0,0.0,0.0,0.0,0.0,0.0,0.0,0.0,0.0,0.0,0.0,0.0,0.0,0.0,0.0,0.0,0.0,0.0,0.0,0.0,0.0,0.0,0.0,0.0,0.0,0.0,0.0,0.0,0.0,0.0,0.0,0.0,0.0,0.0,0.0,0.0
2017-05-26 01:50:00+02:00,0.0,0.0,0.0,0.0,0.0,0.0,0.0,0.0,0.0,0.0,0.0,0.0,0.0,0.0,0.0,0.0,0.0,0.0,0.0,0.0,0.0,0.0,0.0,0.0,0.0,0.0,0.0,0.0,0.0,0.0,0.0,0.0,0.0,0.0,0.0,0.0,0.0,0.0,0.0,0.0,0.0,0.0,0.0,0.0,0.0,0.0,0.0,0.0,0.0,0.0,0.0,0.0,0.0,0.0,0.0,0.0,0.0,0.0,0.0,0.0,0.0,0.0,0.0,0.0,0.0,0.0,0.0,0.0,0.0,0.0,0.0,0.0,0.0,0.0,0.0,0.0,0.0,0.0,0.0,0.0,0.0,0.0,0.0,0.0,0.0,0.0,0.0,0.0,0.0,0.0,0.0,0.0,0.0,0.0,0.0,0.0,0.0,0.0,0.0,0.0,0.0,0.0,0.0,0.0,0.0,0.0,0.0,0.0,0.0,0.0,0.0,0.0,0.0,0.0,0.0,0.0,0.0,0.0
2017-05-26 01:51:00+02:00,0.0,0.0,0.0,0.0,0.0,0.0,0.0,0.0,0.0,0.0,0.0,0.0,0.0,0.0,0.0,0.0,0.0,0.0,0.0,0.0,0.0,0.0,0.0,0.0,0.0,0.0,0.0,0.0,0.0,0.0,0.0,0.0,0.0,0.0,0.0,0.0,0.0,0.0,0.0,0.0,0.0,0.0,0.0,0.0,0.0,0.0,0.0,0.0,0.0,0.0,0.0,0.0,0.0,0.0,0.0,0.0,0.0,0.0,0.0,0.0,0.0,0.0,0.0,0.0,0.0,0.0,0.0,0.0,0.0,0.0,0.0,0.0,0.0,0.0,0.0,0.0,0.0,0.0,0.0,0.0,0.0,0.0,0.0,0.0,0.0,0.0,0.0,0.0,0.0,0.0,0.0,0.0,0.0,0.0,0.0,0.0,0.0,0.0,0.0,0.0,0.0,0.0,0.0,0.0,0.0,0.0,0.0,0.0,0.0,0.0,0.0,0.0,0.0,0.0,0.0,0.0,0.0,0.0
2017-05-26 01:52:00+02:00,0.0,0.0,0.0,0.0,0.0,0.0,0.0,0.0,0.0,0.0,0.0,0.0,0.0,0.0,0.0,0.0,0.0,0.0,0.0,0.0,0.0,0.0,0.0,0.0,0.0,0.0,0.0,0.0,0.0,0.0,0.0,0.0,0.0,0.0,0.0,0.0,0.0,0.0,0.0,0.0,0.0,0.0,0.0,0.0,0.0,0.0,0.0,0.0,0.0,0.0,0.0,0.0,0.0,0.0,0.0,0.0,0.0,0.0,0.0,0.0,0.0,0.0,0.0,0.0,0.0,0.0,0.0,0.0,0.0,0.0,0.0,0.0,0.0,0.0,0.0,0.0,0.0,0.0,0.0,0.0,0.0,0.0,0.0,0.0,0.0,0.0,0.0,0.0,0.0,0.0,0.0,0.0,0.0,0.0,0.0,0.0,0.0,0.0,0.0,0.0,0.0,0.0,0.0,0.0,0.0,0.0,0.0,0.0,0.0,0.0,0.0,0.0,0.0,0.0,0.0,0.0,0.0,0.0
2017-05-26 01:53:00+02:00,0.0,0.0,0.0,0.0,0.0,0.0,0.0,0.0,0.0,0.0,0.0,0.0,0.0,0.0,0.0,0.0,0.0,0.0,0.0,0.0,0.0,0.0,0.0,0.0,0.0,0.0,0.0,0.0,0.0,0.0,0.0,0.0,0.0,0.0,0.0,0.0,0.0,0.0,0.0,0.0,0.0,0.0,0.0,0.0,0.0,0.0,0.0,0.0,0.0,0.0,0.0,0.0,0.0,0.0,0.0,0.0,0.0,0.0,0.0,0.0,0.0,0.0,0.0,0.0,0.0,0.0,0.0,0.0,0.0,0.0,0.0,0.0,0.0,0.0,0.0,0.0,0.0,0.0,0.0,0.0,0.0,0.0,0.0,0.0,0.0,0.0,0.0,0.0,0.0,0.0,0.0,0.0,0.0,0.0,0.0,0.0,0.0,0.0,0.0,0.0,0.0,0.0,0.0,0.0,0.0,0.0,0.0,0.0,0.0,0.0,0.0,0.0,0.0,0.0,0.0,0.0,0.0,0.0
2017-05-26 01:54:00+02:00,0.0,0.0,0.0,0.0,0.0,0.0,0.0,0.0,0.0,0.0,0.0,0.0,0.0,0.0,0.0,0.0,0.0,0.0,0.0,0.0,0.0,0.0,0.0,0.0,0.0,0.0,0.0,0.0,0.0,0.0,0.0,0.0,0.0,0.0,0.0,0.0,0.0,0.0,0.0,0.0,0.0,0.0,0.0,0.0,0.0,0.0,0.0,0.0,0.0,0.0,0.0,0.0,0.0,0.0,0.0,0.0,0.0,0.0,0.0,0.0,0.0,0.0,0.0,0.0,0.0,0.0,0.0,0.0,0.0,0.0,0.0,0.0,0.0,0.0,0.0,0.0,0.0,0.0,0.0,0.0,0.0,0.0,0.0,0.0,0.0,0.0,0.0,0.0,0.0,0.0,0.0,0.0,0.0,0.0,0.0,0.0,0.0,0.0,0.0,0.0,0.0,0.0,0.0,0.0,0.0,0.0,0.0,0.0,0.0,0.0,0.0,0.0,0.0,0.0,0.0,0.0,0.0,0.0
2017-05-26 01:55:00+02:00,0.0,0.0,0.0,0.0,0.0,0.0,0.0,0.0,0.0,0.0,0.0,0.0,0.0,0.0,0.0,0.0,0.0,0.0,0.0,0.0,0.0,0.0,0.0,0.0,0.0,0.0,0.0,0.0,0.0,0.0,0.0,0.0,0.0,0.0,0.0,0.0,0.0,0.0,0.0,0.0,0.0,0.0,0.0,0.0,0.0,0.0,0.0,0.0,0.0,0.0,0.0,0.0,0.0,0.0,0.0,0.0,0.0,0.0,0.0,0.0,0.0,0.0,0.0,0.0,0.0,0.0,0.0,0.0,0.0,0.0,0.0,0.0,0.0,0.0,0.0,0.0,0.0,0.0,0.0,0.0,0.0,0.0,0.0,0.0,0.0,0.0,0.0,0.0,0.0,0.0,0.0,0.0,0.0,0.0,0.0,0.0,0.0,0.0,0.0,0.0,0.0,0.0,0.0,0.0,0.0,0.0,0.0,0.0,0.0,0.0,0.0,0.0,0.0,0.0,0.0,0.0,0.0,0.0
2017-05-26 01:56:00+02:00,0.0,0.0,0.0,0.0,0.0,0.0,0.0,0.0,0.0,0.0,0.0,0.0,0.0,0.0,0.0,0.0,0.0,0.0,0.0,0.0,0.0,0.0,0.0,0.0,0.0,0.0,0.0,0.0,0.0,0.0,0.0,0.0,0.0,0.0,0.0,0.0,0.0,0.0,0.0,0.0,0.0,0.0,0.0,0.0,0.0,0.0,0.0,0.0,0.0,0.0,0.0,0.0,0.0,0.0,0.0,0.0,0.0,0.0,0.0,0.0,0.0,0.0,0.0,0.0,0.0,0.0,0.0,0.0,0.0,0.0,0.0,0.0,0.0,0.0,0.0,0.0,0.0,0.0,0.0,0.0,0.0,0.0,0.0,0.0,0.0,0.0,0.0,0.0,0.0,0.0,0.0,0.0,0.0,0.0,0.0,0.0,0.0,0.0,0.0,0.0,0.0,0.0,0.0,0.0,0.0,0.0,0.0,0.0,0.0,0.0,0.0,0.0,0.0,0.0,0.0,0.0,0.0,0.0
2017-05-26 01:57:00+02:00,0.0,0.0,0.0,0.0,0.0,0.0,0.0,0.0,0.0,0.0,0.0,0.0,0.0,0.0,0.0,0.0,0.0,0.0,0.0,0.0,0.0,0.0,0.0,0.0,0.0,0.0,0.0,0.0,0.0,0.0,0.0,0.0,0.0,0.0,0.0,0.0,0.0,0.0,0.0,0.0,0.0,0.0,0.0,0.0,0.0,0.0,0.0,0.0,0.0,0.0,0.0,0.0,0.0,0.0,0.0,0.0,0.0,0.0,0.0,0.0,0.0,0.0,0.0,0.0,0.0,0.0,0.0,0.0,0.0,0.0,0.0,0.0,0.0,0.0,0.0,0.0,0.0,0.0,0.0,0.0,0.0,0.0,0.0,0.0,0.0,0.0,0.0,0.0,0.0,0.0,0.0,0.0,0.0,0.0,0.0,0.0,0.0,0.0,0.0,0.0,0.0,0.0,0.0,0.0,0.0,0.0,0.0,0.0,0.0,0.0,0.0,0.0,0.0,0.0,0.0,0.0,0.0,0.0
2017-05-26 01:58:00+02:00,0.0,0.0,0.0,0.0,0.0,0.0,0.0,0.0,0.0,0.0,0.0,0.0,0.0,0.0,0.0,0.0,0.0,0.0,0.0,0.0,0.0,0.0,0.0,0.0,0.0,0.0,0.0,0.0,0.0,0.0,0.0,0.0,0.0,0.0,0.0,0.0,0.0,0.0,0.0,0.0,0.0,0.0,0.0,0.0,0.0,0.0,0.0,0.0,0.0,0.0,0.0,0.0,0.0,0.0,0.0,0.0,0.0,0.0,0.0,0.0,0.0,0.0,0.0,0.0,0.0,0.0,0.0,0.0,0.0,0.0,0.0,0.0,0.0,0.0,0.0,0.0,0.0,0.0,0.0,0.0,0.0,0.0,0.0,0.0,0.0,0.0,0.0,0.0,0.0,0.0,0.0,0.0,0.0,0.0,0.0,0.0,0.0,0.0,0.0,0.0,0.0,0.0,0.0,0.0,0.0,0.0,0.0,0.0,0.0,0.0,0.0,0.0,0.0,0.0,0.0,0.0,0.0,0.0
2017-05-26 01:59:00+02:00,0.0,0.0,0.0,0.0,0.0,0.0,0.0,0.0,0.0,0.0,0.0,0.0,0.0,0.0,0.0,0.0,0.0,0.0,0.0,0.0,0.0,0.0,0.0,0.0,0.0,0.0,0.0,0.0,0.0,0.0,0.0,0.0,0.0,0.0,0.0,0.0,0.0,0.0,0.0,0.0,0.0,0.0,0.0,0.0,0.0,0.0,0.0,0.0,0.0,0.0,0.0,0.0,0.0,0.0,0.0,0.0,0.0,0.0,0.0,0.0,0.0,0.0,0.0,0.0,0.0,0.0,0.0,0.0,0.0,0.0,0.0,0.0,0.0,0.0,0.0,0.0,0.0,0.0,0.0,0.0,0.0,0.0,0.0,0.0,0.0,0.0,0.0,0.0,0.0,0.0,0.0,0.0,0.0,0.0,0.0,0.0,0.0,0.0,0.0,0.0,0.0,0.0,0.0,0.0,0.0,0.0,0.0,0.0,0.0,0.0,0.0,0.0,0.0,0.0,0.0,0.0,0.0,0.0
2017-05-26 02:00:00+02:00,0.0,0.0,0.0,0.0,0.0,0.0,0.0,0.0,0.0,0.0,0.0,0.0,0.0,0.0,0.0,0.0,0.0,0.0,0.0,0.0,0.0,0.0,0.0,0.0,0.0,0.0,0.0,0.0,0.0,0.0,0.0,0.0,0.0,0.0,0.0,0.0,0.0,0.0,0.0,0.0,0.0,0.0,0.0,0.0,0.0,0.0,0.0,0.0,0.0,0.0,0.0,0.0,0.0,0.0,0.0,0.0,0.0,0.0,0.0,0.0,0.0,0.0,0.0,0.0,0.0,0.0,0.0,0.0,0.0,0.0,0.0,0.0,0.0,0.0,0.0,0.0,0.0,0.0,0.0,0.0,0.0,0.0,0.0,0.0,0.0,0.0,0.0,0.0,0.0,0.0,0.0,0.0,0.0,0.0,0.0,0.0,0.0,0.0,0.0,0.0,0.0,0.0,0.0,0.0,0.0,0.0,0.0,0.0,0.0,0.0,0.0,0.0,0.0,0.0,0.0,0.0,0.0,0.0
2017-05-26 02:01:00+02:00,0.0,0.0,0.0,0.0,0.0,0.0,0.0,0.0,0.0,0.0,0.0,0.0,0.0,0.0,0.0,0.0,0.0,0.0,0.0,0.0,0.0,0.0,0.0,0.0,0.0,0.0,0.0,0.0,0.0,0.0,0.0,0.0,0.0,0.0,0.0,0.0,0.0,0.0,0.0,0.0,0.0,0.0,0.0,0.0,0.0,0.0,0.0,0.0,0.0,0.0,0.0,0.0,0.0,0.0,0.0,0.0,0.0,0.0,0.0,0.0,0.0,0.0,0.0,0.0,0.0,0.0,0.0,0.0,0.0,0.0,0.0,0.0,0.0,0.0,0.0,0.0,0.0,0.0,0.0,0.0,0.0,0.0,0.0,0.0,0.0,0.0,0.0,0.0,0.0,0.0,0.0,0.0,0.0,0.0,0.0,0.0,0.0,0.0,0.0,0.0,0.0,0.0,0.0,0.0,0.0,0.0,0.0,0.0,0.0,0.0,0.0,0.0,0.0,0.0,0.0,0.0,0.0,0.0
2017-05-26 02:02:00+02:00,0.0,0.0,0.0,0.0,0.0,0.0,0.0,0.0,0.0,0.0,0.0,0.0,0.0,0.0,0.0,0.0,0.0,0.0,0.0,0.0,0.0,0.0,0.0,0.0,0.0,0.0,0.0,0.0,0.0,0.0,0.0,0.0,0.0,0.0,0.0,0.0,0.0,0.0,0.0,0.0,0.0,0.0,0.0,0.0,0.0,0.0,0.0,0.0,0.0,0.0,0.0,0.0,0.0,0.0,0.0,0.0,0.0,0.0,0.0,0.0,0.0,0.0,0.0,0.0,0.0,0.0,0.0,0.0,0.0,0.0,0.0,0.0,0.0,0.0,0.0,0.0,0.0,0.0,0.0,0.0,0.0,0.0,0.0,0.0,0.0,0.0,0.0,0.0,0.0,0.0,0.0,0.0,0.0,0.0,0.0,0.0,0.0,0.0,0.0,0.0,0.0,0.0,0.0,0.0,0.0,0.0,0.0,0.0,0.0,0.0,0.0,0.0,0.0,0.0,0.0,0.0,0.0,0.0
2017-05-26 02:03:00+02:00,0.0,0.0,0.0,0.0,0.0,0.0,0.0,0.0,0.0,0.0,0.0,0.0,0.0,0.0,0.0,0.0,0.0,0.0,0.0,0.0,0.0,0.0,0.0,0.0,0.0,0.0,0.0,0.0,0.0,0.0,0.0,0.0,0.0,0.0,0.0,0.0,0.0,0.0,0.0,0.0,0.0,0.0,0.0,0.0,0.0,0.0,0.0,0.0,0.0,0.0,0.0,0.0,0.0,0.0,0.0,0.0,0.0,0.0,0.0,0.0,0.0,0.0,0.0,0.0,0.0,0.0,0.0,0.0,0.0,0.0,0.0,0.0,0.0,0.0,0.0,0.0,0.0,0.0,0.0,0.0,0.0,0.0,0.0,0.0,0.0,0.0,0.0,0.0,0.0,0.0,0.0,0.0,0.0,0.0,0.0,0.0,0.0,0.0,0.0,0.0,0.0,0.0,0.0,0.0,0.0,0.0,0.0,0.0,0.0,0.0,0.0,0.0,0.0,0.0,0.0,0.0,0.0,0.0
2017-05-26 02:04:00+02:00,0.0,0.0,0.0,0.0,0.0,0.0,0.0,0.0,0.0,0.0,0.0,0.0,0.0,0.0,0.0,0.0,0.0,0.0,0.0,0.0,0.0,0.0,0.0,0.0,0.0,0.0,0.0,0.0,0.0,0.0,0.0,0.0,0.0,0.0,0.0,0.0,0.0,0.0,0.0,0.0,0.0,0.0,0.0,0.0,0.0,0.0,0.0,0.0,0.0,0.0,0.0,0.0,0.0,0.0,0.0,0.0,0.0,0.0,0.0,0.0,0.0,0.0,0.0,0.0,0.0,0.0,0.0,0.0,0.0,0.0,0.0,0.0,0.0,0.0,0.0,0.0,0.0,0.0,0.0,0.0,0.0,0.0,0.0,0.0,0.0,0.0,0.0,0.0,0.0,0.0,0.0,0.0,0.0,0.0,0.0,0.0,0.0,0.0,0.0,0.0,0.0,0.0,0.0,0.0,0.0,0.0,0.0,0.0,0.0,0.0,0.0,0.0,0.0,0.0,0.0,0.0,0.0,0.0
2017-05-26 02:05:00+02:00,0.0,0.0,0.0,0.0,0.0,0.0,0.0,0.0,0.0,0.0,0.0,0.0,0.0,0.0,0.0,0.0,0.0,0.0,0.0,0.0,0.0,0.0,0.0,0.0,0.0,0.0,0.0,0.0,0.0,0.0,0.0,0.0,0.0,0.0,0.0,0.0,0.0,0.0,0.0,0.0,0.0,0.0,0.0,0.0,0.0,0.0,0.0,0.0,0.0,0.0,0.0,0.0,0.0,0.0,0.0,0.0,0.0,0.0,0.0,0.0,0.0,0.0,0.0,0.0,0.0,0.0,0.0,0.0,0.0,0.0,0.0,0.0,0.0,0.0,0.0,0.0,0.0,0.0,0.0,0.0,0.0,0.0,0.0,0.0,0.0,0.0,0.0,0.0,0.0,0.0,0.0,0.0,0.0,0.0,0.0,0.0,0.0,0.0,0.0,0.0,0.0,0.0,0.0,0.0,0.0,0.0,0.0,0.0,0.0,0.0,0.0,0.0,0.0,0.0,0.0,0.0,0.0,0.0
2017-05-26 02:06:00+02:00,0.0,0.0,0.0,0.0,0.0,0.0,0.0,0.0,0.0,0.0,0.0,0.0,0.0,0.0,0.0,0.0,0.0,0.0,0.0,0.0,0.0,0.0,0.0,0.0,0.0,0.0,0.0,0.0,0.0,0.0,0.0,0.0,0.0,0.0,0.0,0.0,0.0,0.0,0.0,0.0,0.0,0.0,0.0,0.0,0.0,0.0,0.0,0.0,0.0,0.0,0.0,0.0,0.0,0.0,0.0,0.0,0.0,0.0,0.0,0.0,0.0,0.0,0.0,0.0,0.0,0.0,0.0,0.0,0.0,0.0,0.0,0.0,0.0,0.0,0.0,0.0,0.0,0.0,0.0,0.0,0.0,0.0,0.0,0.0,0.0,0.0,0.0,0.0,0.0,0.0,0.0,0.0,0.0,0.0,0.0,0.0,0.0,0.0,0.0,0.0,0.0,0.0,0.0,0.0,0.0,0.0,0.0,0.0,0.0,0.0,0.0,0.0,0.0,0.0,0.0,0.0,0.0,0.0
2017-05-26 02:07:00+02:00,0.0,0.0,0.0,0.0,0.0,0.0,0.0,0.0,0.0,0.0,0.0,0.0,0.0,0.0,0.0,0.0,0.0,0.0,0.0,0.0,0.0,0.0,0.0,0.0,0.0,0.0,0.0,0.0,0.0,0.0,0.0,0.0,0.0,0.0,0.0,0.0,0.0,0.0,0.0,0.0,0.0,0.0,0.0,0.0,0.0,0.0,0.0,0.0,0.0,0.0,0.0,0.0,0.0,0.0,0.0,0.0,0.0,0.0,0.0,0.0,0.0,0.0,0.0,0.0,0.0,0.0,0.0,0.0,0.0,0.0,0.0,0.0,0.0,0.0,0.0,0.0,0.0,0.0,0.0,0.0,0.0,0.0,0.0,0.0,0.0,0.0,0.0,0.0,0.0,0.0,0.0,0.0,0.0,0.0,0.0,0.0,0.0,0.0,0.0,0.0,0.0,0.0,0.0,0.0,0.0,0.0,0.0,0.0,0.0,0.0,0.0,0.0,0.0,0.0,0.0,0.0,0.0,0.0
2017-05-26 02:08:00+02:00,0.0,0.0,0.0,0.0,0.0,0.0,0.0,0.0,0.0,0.0,0.0,0.0,0.0,0.0,0.0,0.0,0.0,0.0,0.0,0.0,0.0,0.0,0.0,0.0,0.0,0.0,0.0,0.0,0.0,0.0,0.0,0.0,0.0,0.0,0.0,0.0,0.0,0.0,0.0,0.0,0.0,0.0,0.0,0.0,0.0,0.0,0.0,0.0,0.0,0.0,0.0,0.0,0.0,0.0,0.0,0.0,0.0,0.0,0.0,0.0,0.0,0.0,0.0,0.0,0.0,0.0,0.0,0.0,0.0,0.0,0.0,0.0,0.0,0.0,0.0,0.0,0.0,0.0,0.0,0.0,0.0,0.0,0.0,0.0,0.0,0.0,0.0,0.0,0.0,0.0,0.0,0.0,0.0,0.0,0.0,0.0,0.0,0.0,0.0,0.0,0.0,0.0,0.0,0.0,0.0,0.0,0.0,0.0,0.0,0.0,0.0,0.0,0.0,0.0,0.0,0.0,0.0,0.0
2017-05-26 02:09:00+02:00,0.0,0.0,0.0,0.0,0.0,0.0,0.0,0.0,0.0,0.0,0.0,0.0,0.0,0.0,0.0,0.0,0.0,0.0,0.0,0.0,0.0,0.0,0.0,0.0,0.0,0.0,0.0,0.0,0.0,0.0,0.0,0.0,0.0,0.0,0.0,0.0,0.0,0.0,0.0,0.0,0.0,0.0,0.0,0.0,0.0,0.0,0.0,0.0,0.0,0.0,0.0,0.0,0.0,0.0,0.0,0.0,0.0,0.0,0.0,0.0,0.0,0.0,0.0,0.0,0.0,0.0,0.0,0.0,0.0,0.0,0.0,0.0,0.0,0.0,0.0,0.0,0.0,0.0,0.0,0.0,0.0,0.0,0.0,0.0,0.0,0.0,0.0,0.0,0.0,0.0,0.0,0.0,0.0,0.0,0.0,0.0,0.0,0.0,0.0,0.0,0.0,0.0,0.0,0.0,0.0,0.0,0.0,0.0,0.0,0.0,0.0,0.0,0.0,0.0,0.0,0.0,0.0,0.0
2017-05-26 02:10:00+02:00,0.0,0.0,0.0,0.0,0.0,0.0,0.0,0.0,0.0,0.0,0.0,0.0,0.0,0.0,0.0,0.0,0.0,0.0,0.0,0.0,0.0,0.0,0.0,0.0,0.0,0.0,0.0,0.0,0.0,0.0,0.0,0.0,0.0,0.0,0.0,0.0,0.0,0.0,0.0,0.0,0.0,0.0,0.0,0.0,0.0,0.0,0.0,0.0,0.0,0.0,0.0,0.0,0.0,0.0,0.0,0.0,0.0,0.0,0.0,0.0,0.0,0.0,0.0,0.0,0.0,0.0,0.0,0.0,0.0,0.0,0.0,0.0,0.0,0.0,0.0,0.0,0.0,0.0,0.0,0.0,0.0,0.0,0.0,0.0,0.0,0.0,0.0,0.0,0.0,0.0,0.0,0.0,0.0,0.0,0.0,0.0,0.0,0.0,0.0,0.0,0.0,0.0,0.0,0.0,0.0,0.0,0.0,0.0,0.0,0.0,0.0,0.0,0.0,0.0,0.0,0.0,0.0,0.0
2017-05-26 02:11:00+02:00,0.0,0.0,0.0,0.0,0.0,0.0,0.0,0.0,0.0,0.0,0.0,0.0,0.0,0.0,0.0,0.0,0.0,0.0,0.0,0.0,0.0,0.0,0.0,0.0,0.0,0.0,0.0,0.0,0.0,0.0,0.0,0.0,0.0,0.0,0.0,0.0,0.0,0.0,0.0,0.0,0.0,0.0,0.0,0.0,0.0,0.0,0.0,0.0,0.0,0.0,0.0,0.0,0.0,0.0,0.0,0.0,0.0,0.0,0.0,0.0,0.0,0.0,0.0,0.0,0.0,0.0,0.0,0.0,0.0,0.0,0.0,0.0,0.0,0.0,0.0,0.0,0.0,0.0,0.0,0.0,0.0,0.0,0.0,0.0,0.0,0.0,0.0,0.0,0.0,0.0,0.0,0.0,0.0,0.0,0.0,0.0,0.0,0.0,0.0,0.0,0.0,0.0,0.0,0.0,0.0,0.0,0.0,0.0,0.0,0.0,0.0,0.0,0.0,0.0,0.0,0.0,0.0,0.0
2017-05-26 02:12:00+02:00,0.0,0.0,0.0,0.0,0.0,0.0,0.0,0.0,0.0,0.0,0.0,0.0,0.0,0.0,0.0,0.0,0.0,0.0,0.0,0.0,0.0,0.0,0.0,0.0,0.0,0.0,0.0,0.0,0.0,0.0,0.0,0.0,0.0,0.0,0.0,0.0,0.0,0.0,0.0,0.0,0.0,0.0,0.0,0.0,0.0,0.0,0.0,0.0,0.0,0.0,0.0,0.0,0.0,0.0,0.0,0.0,0.0,0.0,0.0,0.0,0.0,0.0,0.0,0.0,0.0,0.0,0.0,0.0,0.0,0.0,0.0,0.0,0.0,0.0,0.0,0.0,0.0,0.0,0.0,0.0,0.0,0.0,0.0,0.0,0.0,0.0,0.0,0.0,0.0,0.0,0.0,0.0,0.0,0.0,0.0,0.0,0.0,0.0,0.0,0.0,0.0,0.0,0.0,0.0,0.0,0.0,0.0,0.0,0.0,0.0,0.0,0.0,0.0,0.0,0.0,0.0,0.0,0.0
2017-05-26 02:13:00+02:00,0.0,0.0,0.0,0.0,0.0,0.0,0.0,0.0,0.0,0.0,0.0,0.0,0.0,0.0,0.0,0.0,0.0,0.0,0.0,0.0,0.0,0.0,0.0,0.0,0.0,0.0,0.0,0.0,0.0,0.0,0.0,0.0,0.0,0.0,0.0,0.0,0.0,0.0,0.0,0.0,0.0,0.0,0.0,0.0,0.0,0.0,0.0,0.0,0.0,0.0,0.0,0.0,0.0,0.0,0.0,0.0,0.0,0.0,0.0,0.0,0.0,0.0,0.0,0.0,0.0,0.0,0.0,0.0,0.0,0.0,0.0,0.0,0.0,0.0,0.0,0.0,0.0,0.0,0.0,0.0,0.0,0.0,0.0,0.0,0.0,0.0,0.0,0.0,0.0,0.0,0.0,0.0,0.0,0.0,0.0,0.0,0.0,0.0,0.0,0.0,0.0,0.0,0.0,0.0,0.0,0.0,0.0,0.0,0.0,0.0,0.0,0.0,0.0,0.0,0.0,0.0,0.0,0.0
2017-05-26 02:14:00+02:00,0.0,0.0,0.0,0.0,0.0,0.0,0.0,0.0,0.0,0.0,0.0,0.0,0.0,0.0,0.0,0.0,0.0,0.0,0.0,0.0,0.0,0.0,0.0,0.0,0.0,0.0,0.0,0.0,0.0,0.0,0.0,0.0,0.0,0.0,0.0,0.0,0.0,0.0,0.0,0.0,0.0,0.0,0.0,0.0,0.0,0.0,0.0,0.0,0.0,0.0,0.0,0.0,0.0,0.0,0.0,0.0,0.0,0.0,0.0,0.0,0.0,0.0,0.0,0.0,0.0,0.0,0.0,0.0,0.0,0.0,0.0,0.0,0.0,0.0,0.0,0.0,0.0,0.0,0.0,0.0,0.0,0.0,0.0,0.0,0.0,0.0,0.0,0.0,0.0,0.0,0.0,0.0,0.0,0.0,0.0,0.0,0.0,0.0,0.0,0.0,0.0,0.0,0.0,0.0,0.0,0.0,0.0,0.0,0.0,0.0,0.0,0.0,0.0,0.0,0.0,0.0,0.0,0.0
2017-05-26 02:15:00+02:00,0.0,0.0,0.0,0.0,0.0,0.0,0.0,0.0,0.0,0.0,0.0,0.0,0.0,0.0,0.0,0.0,0.0,0.0,0.0,0.0,0.0,0.0,0.0,0.0,0.0,0.0,0.0,0.0,0.0,0.0,0.0,0.0,0.0,0.0,0.0,0.0,0.0,0.0,0.0,0.0,0.0,0.0,0.0,0.0,0.0,0.0,0.0,0.0,0.0,0.0,0.0,0.0,0.0,0.0,0.0,0.0,0.0,0.0,0.0,0.0,0.0,0.0,0.0,0.0,0.0,0.0,0.0,0.0,0.0,0.0,0.0,0.0,0.0,0.0,0.0,0.0,0.0,0.0,0.0,0.0,0.0,0.0,0.0,0.0,0.0,0.0,0.0,0.0,0.0,0.0,0.0,0.0,0.0,0.0,0.0,0.0,0.0,0.0,0.0,0.0,0.0,0.0,0.0,0.0,0.0,0.0,0.0,0.0,0.0,0.0,0.0,0.0,0.0,0.0,0.0,0.0,0.0,0.0
2017-05-26 02:16:00+02:00,0.0,0.0,0.0,0.0,0.0,0.0,0.0,0.0,0.0,0.0,0.0,0.0,0.0,0.0,0.0,0.0,0.0,0.0,0.0,0.0,0.0,0.0,0.0,0.0,0.0,0.0,0.0,0.0,0.0,0.0,0.0,0.0,0.0,0.0,0.0,0.0,0.0,0.0,0.0,0.0,0.0,0.0,0.0,0.0,0.0,0.0,0.0,0.0,0.0,0.0,0.0,0.0,0.0,0.0,0.0,0.0,0.0,0.0,0.0,0.0,0.0,0.0,0.0,0.0,0.0,0.0,0.0,0.0,0.0,0.0,0.0,0.0,0.0,0.0,0.0,0.0,0.0,0.0,0.0,0.0,0.0,0.0,0.0,0.0,0.0,0.0,0.0,0.0,0.0,0.0,0.0,0.0,0.0,0.0,0.0,0.0,0.0,0.0,0.0,0.0,0.0,0.0,0.0,0.0,0.0,0.0,0.0,0.0,0.0,0.0,0.0,0.0,0.0,0.0,0.0,0.0,0.0,0.0
2017-05-26 02:17:00+02:00,0.0,0.0,0.0,0.0,0.0,0.0,0.0,0.0,0.0,0.0,0.0,0.0,0.0,0.0,0.0,0.0,0.0,0.0,0.0,0.0,0.0,0.0,0.0,0.0,0.0,0.0,0.0,0.0,0.0,0.0,0.0,0.0,0.0,0.0,0.0,0.0,0.0,0.0,0.0,0.0,0.0,0.0,0.0,0.0,0.0,0.0,0.0,0.0,0.0,0.0,0.0,0.0,0.0,0.0,0.0,0.0,0.0,0.0,0.0,0.0,0.0,0.0,0.0,0.0,0.0,0.0,0.0,0.0,0.0,0.0,0.0,0.0,0.0,0.0,0.0,0.0,0.0,0.0,0.0,0.0,0.0,0.0,0.0,0.0,0.0,0.0,0.0,0.0,0.0,0.0,0.0,0.0,0.0,0.0,0.0,0.0,0.0,0.0,0.0,0.0,0.0,0.0,0.0,0.0,0.0,0.0,0.0,0.0,0.0,0.0,0.0,0.0,0.0,0.0,0.0,0.0,0.0,0.0
2017-05-26 02:18:00+02:00,0.0,0.0,0.0,0.0,0.0,0.0,0.0,0.0,0.0,0.0,0.0,0.0,0.0,0.0,0.0,0.0,0.0,0.0,0.0,0.0,0.0,0.0,0.0,0.0,0.0,0.0,0.0,0.0,0.0,0.0,0.0,0.0,0.0,0.0,0.0,0.0,0.0,0.0,0.0,0.0,0.0,0.0,0.0,0.0,0.0,0.0,0.0,0.0,0.0,0.0,0.0,0.0,0.0,0.0,0.0,0.0,0.0,0.0,0.0,0.0,0.0,0.0,0.0,0.0,0.0,0.0,0.0,0.0,0.0,0.0,0.0,0.0,0.0,0.0,0.0,0.0,0.0,0.0,0.0,0.0,0.0,0.0,0.0,0.0,0.0,0.0,0.0,0.0,0.0,0.0,0.0,0.0,0.0,0.0,0.0,0.0,0.0,0.0,0.0,0.0,0.0,0.0,0.0,0.0,0.0,0.0,0.0,0.0,0.0,0.0,0.0,0.0,0.0,0.0,0.0,0.0,0.0,0.0
2017-05-26 02:19:00+02:00,0.0,0.0,0.0,0.0,0.0,0.0,0.0,0.0,0.0,0.0,0.0,0.0,0.0,0.0,0.0,0.0,0.0,0.0,0.0,0.0,0.0,0.0,0.0,0.0,0.0,0.0,0.0,0.0,0.0,0.0,0.0,0.0,0.0,0.0,0.0,0.0,0.0,0.0,0.0,0.0,0.0,0.0,0.0,0.0,0.0,0.0,0.0,0.0,0.0,0.0,0.0,0.0,0.0,0.0,0.0,0.0,0.0,0.0,0.0,0.0,0.0,0.0,0.0,0.0,0.0,0.0,0.0,0.0,0.0,0.0,0.0,0.0,0.0,0.0,0.0,0.0,0.0,0.0,0.0,0.0,0.0,0.0,0.0,0.0,0.0,0.0,0.0,0.0,0.0,0.0,0.0,0.0,0.0,0.0,0.0,0.0,0.0,0.0,0.0,0.0,0.0,0.0,0.0,0.0,0.0,0.0,0.0,0.0,0.0,0.0,0.0,0.0,0.0,0.0,0.0,0.0,0.0,0.0
2017-05-26 02:20:00+02:00,0.0,0.0,0.0,0.0,0.0,0.0,0.0,0.0,0.0,0.0,0.0,0.0,0.0,0.0,0.0,0.0,0.0,0.0,0.0,0.0,0.0,0.0,0.0,0.0,0.0,0.0,0.0,0.0,0.0,0.0,0.0,0.0,0.0,0.0,0.0,0.0,0.0,0.0,0.0,0.0,0.0,0.0,0.0,0.0,0.0,0.0,0.0,0.0,0.0,0.0,0.0,0.0,0.0,0.0,0.0,0.0,0.0,0.0,0.0,0.0,0.0,0.0,0.0,0.0,0.0,0.0,0.0,0.0,0.0,0.0,0.0,0.0,0.0,0.0,0.0,0.0,0.0,0.0,0.0,0.0,0.0,0.0,0.0,0.0,0.0,0.0,0.0,0.0,0.0,0.0,0.0,0.0,0.0,0.0,0.0,0.0,0.0,0.0,0.0,0.0,0.0,0.0,0.0,0.0,0.0,0.0,0.0,0.0,0.0,0.0,0.0,0.0,0.0,0.0,0.0,0.0,0.0,0.0
2017-05-26 02:21:00+02:00,0.0,0.0,0.0,0.0,0.0,0.0,0.0,0.0,0.0,0.0,0.0,0.0,0.0,0.0,0.0,0.0,0.0,0.0,0.0,0.0,0.0,0.0,0.0,0.0,0.0,0.0,0.0,0.0,0.0,0.0,0.0,0.0,0.0,0.0,0.0,0.0,0.0,0.0,0.0,0.0,0.0,0.0,0.0,0.0,0.0,0.0,0.0,0.0,0.0,0.0,0.0,0.0,0.0,0.0,0.0,0.0,0.0,0.0,0.0,0.0,0.0,0.0,0.0,0.0,0.0,0.0,0.0,0.0,0.0,0.0,0.0,0.0,0.0,0.0,0.0,0.0,0.0,0.0,0.0,0.0,0.0,0.0,0.0,0.0,0.0,0.0,0.0,0.0,0.0,0.0,0.0,0.0,0.0,0.0,0.0,0.0,0.0,0.0,0.0,0.0,0.0,0.0,0.0,0.0,0.0,0.0,0.0,0.0,0.0,0.0,0.0,0.0,0.0,0.0,0.0,0.0,0.0,0.0
2017-05-26 02:22:00+02:00,0.0,0.0,0.0,0.0,0.0,0.0,0.0,0.0,0.0,0.0,0.0,0.0,0.0,0.0,0.0,0.0,0.0,0.0,0.0,0.0,0.0,0.0,0.0,0.0,0.0,0.0,0.0,0.0,0.0,0.0,0.0,0.0,0.0,0.0,0.0,0.0,0.0,0.0,0.0,0.0,0.0,0.0,0.0,0.0,0.0,0.0,0.0,0.0,0.0,0.0,0.0,0.0,0.0,0.0,0.0,0.0,0.0,0.0,0.0,0.0,0.0,0.0,0.0,0.0,0.0,0.0,0.0,0.0,0.0,0.0,0.0,0.0,0.0,0.0,0.0,0.0,0.0,0.0,0.0,0.0,0.0,0.0,0.0,0.0,0.0,0.0,0.0,0.0,0.0,0.0,0.0,0.0,0.0,0.0,0.0,0.0,0.0,0.0,0.0,0.0,0.0,0.0,0.0,0.0,0.0,0.0,0.0,0.0,0.0,0.0,0.0,0.0,0.0,0.0,0.0,0.0,0.0,0.0
2017-05-26 02:23:00+02:00,0.0,0.0,0.0,0.0,0.0,0.0,0.0,0.0,0.0,0.0,0.0,0.0,0.0,0.0,0.0,0.0,0.0,0.0,0.0,0.0,0.0,0.0,0.0,0.0,0.0,0.0,0.0,0.0,0.0,0.0,0.0,0.0,0.0,0.0,0.0,0.0,0.0,0.0,0.0,0.0,0.0,0.0,0.0,0.0,0.0,0.0,0.0,0.0,0.0,0.0,0.0,0.0,0.0,0.0,0.0,0.0,0.0,0.0,0.0,0.0,0.0,0.0,0.0,0.0,0.0,0.0,0.0,0.0,0.0,0.0,0.0,0.0,0.0,0.0,0.0,0.0,0.0,0.0,0.0,0.0,0.0,0.0,0.0,0.0,0.0,0.0,0.0,0.0,0.0,0.0,0.0,0.0,0.0,0.0,0.0,0.0,0.0,0.0,0.0,0.0,0.0,0.0,0.0,0.0,0.0,0.0,0.0,0.0,0.0,0.0,0.0,0.0,0.0,0.0,0.0,0.0,0.0,0.0
2017-05-26 02:24:00+02:00,0.0,0.0,0.0,0.0,0.0,0.0,0.0,0.0,0.0,0.0,0.0,0.0,0.0,0.0,0.0,0.0,0.0,0.0,0.0,0.0,0.0,0.0,0.0,0.0,0.0,0.0,0.0,0.0,0.0,0.0,0.0,0.0,0.0,0.0,0.0,0.0,0.0,0.0,0.0,0.0,0.0,0.0,0.0,0.0,0.0,0.0,0.0,0.0,0.0,0.0,0.0,0.0,0.0,0.0,0.0,0.0,0.0,0.0,0.0,0.0,0.0,0.0,0.0,0.0,0.0,0.0,0.0,0.0,0.0,0.0,0.0,0.0,0.0,0.0,0.0,0.0,0.0,0.0,0.0,0.0,0.0,0.0,0.0,0.0,0.0,0.0,0.0,0.0,0.0,0.0,0.0,0.0,0.0,0.0,0.0,0.0,0.0,0.0,0.0,0.0,0.0,0.0,0.0,0.0,0.0,0.0,0.0,0.0,0.0,0.0,0.0,0.0,0.0,0.0,0.0,0.0,0.0,0.0
2017-05-26 02:25:00+02:00,0.0,0.0,0.0,0.0,0.0,0.0,0.0,0.0,0.0,0.0,0.0,0.0,0.0,0.0,0.0,0.0,0.0,0.0,0.0,0.0,0.0,0.0,0.0,0.0,0.0,0.0,0.0,0.0,0.0,0.0,0.0,0.0,0.0,0.0,0.0,0.0,0.0,0.0,0.0,0.0,0.0,0.0,0.0,0.0,0.0,0.0,0.0,0.0,0.0,0.0,0.0,0.0,0.0,0.0,0.0,0.0,0.0,0.0,0.0,0.0,0.0,0.0,0.0,0.0,0.0,0.0,0.0,0.0,0.0,0.0,0.0,0.0,0.0,0.0,0.0,0.0,0.0,0.0,0.0,0.0,0.0,0.0,0.0,0.0,0.0,0.0,0.0,0.0,0.0,0.0,0.0,0.0,0.0,0.0,0.0,0.0,0.0,0.0,0.0,0.0,0.0,0.0,0.0,0.0,0.0,0.0,0.0,0.0,0.0,0.0,0.0,0.0,0.0,0.0,0.0,0.0,0.0,0.0
2017-05-26 02:26:00+02:00,0.0,0.0,0.0,0.0,0.0,0.0,0.0,0.0,0.0,0.0,0.0,0.0,0.0,0.0,0.0,0.0,0.0,0.0,0.0,0.0,0.0,0.0,0.0,0.0,0.0,0.0,0.0,0.0,0.0,0.0,0.0,0.0,0.0,0.0,0.0,0.0,0.0,0.0,0.0,0.0,0.0,0.0,0.0,0.0,0.0,0.0,0.0,0.0,0.0,0.0,0.0,0.0,0.0,0.0,0.0,0.0,0.0,0.0,0.0,0.0,0.0,0.0,0.0,0.0,0.0,0.0,0.0,0.0,0.0,0.0,0.0,0.0,0.0,0.0,0.0,0.0,0.0,0.0,0.0,0.0,0.0,0.0,0.0,0.0,0.0,0.0,0.0,0.0,0.0,0.0,0.0,0.0,0.0,0.0,0.0,0.0,0.0,0.0,0.0,0.0,0.0,0.0,0.0,0.0,0.0,0.0,0.0,0.0,0.0,0.0,0.0,0.0,0.0,0.0,0.0,0.0,0.0,0.0
2017-05-26 02:27:00+02:00,0.0,0.0,0.0,0.0,0.0,0.0,0.0,0.0,0.0,0.0,0.0,0.0,0.0,0.0,0.0,0.0,0.0,0.0,0.0,0.0,0.0,0.0,0.0,0.0,0.0,0.0,0.0,0.0,0.0,0.0,0.0,0.0,0.0,0.0,0.0,0.0,0.0,0.0,0.0,0.0,0.0,0.0,0.0,0.0,0.0,0.0,0.0,0.0,0.0,0.0,0.0,0.0,0.0,0.0,0.0,0.0,0.0,0.0,0.0,0.0,0.0,0.0,0.0,0.0,0.0,0.0,0.0,0.0,0.0,0.0,0.0,0.0,0.0,0.0,0.0,0.0,0.0,0.0,0.0,0.0,0.0,0.0,0.0,0.0,0.0,0.0,0.0,0.0,0.0,0.0,0.0,0.0,0.0,0.0,0.0,0.0,0.0,0.0,0.0,0.0,0.0,0.0,0.0,0.0,0.0,0.0,0.0,0.0,0.0,0.0,0.0,0.0,0.0,0.0,0.0,0.0,0.0,0.0
2017-05-26 02:28:00+02:00,0.0,0.0,0.0,0.0,0.0,0.0,0.0,0.0,0.0,0.0,0.0,0.0,0.0,0.0,0.0,0.0,0.0,0.0,0.0,0.0,0.0,0.0,0.0,0.0,0.0,0.0,0.0,0.0,0.0,0.0,0.0,0.0,0.0,0.0,0.0,0.0,0.0,0.0,0.0,0.0,0.0,0.0,0.0,0.0,0.0,0.0,0.0,0.0,0.0,0.0,0.0,0.0,0.0,0.0,0.0,0.0,0.0,0.0,0.0,0.0,0.0,0.0,0.0,0.0,0.0,0.0,0.0,0.0,0.0,0.0,0.0,0.0,0.0,0.0,0.0,0.0,0.0,0.0,0.0,0.0,0.0,0.0,0.0,0.0,0.0,0.0,0.0,0.0,0.0,0.0,0.0,0.0,0.0,0.0,0.0,0.0,0.0,0.0,0.0,0.0,0.0,0.0,0.0,0.0,0.0,0.0,0.0,0.0,0.0,0.0,0.0,0.0,0.0,0.0,0.0,0.0,0.0,0.0
2017-05-26 02:29:00+02:00,0.0,0.0,0.0,0.0,0.0,0.0,0.0,0.0,0.0,0.0,0.0,0.0,0.0,0.0,0.0,0.0,0.0,0.0,0.0,0.0,0.0,0.0,0.0,0.0,0.0,0.0,0.0,0.0,0.0,0.0,0.0,0.0,0.0,0.0,0.0,0.0,0.0,0.0,0.0,0.0,0.0,0.0,0.0,0.0,0.0,0.0,0.0,0.0,0.0,0.0,0.0,0.0,0.0,0.0,0.0,0.0,0.0,0.0,0.0,0.0,0.0,0.0,0.0,0.0,0.0,0.0,0.0,0.0,0.0,0.0,0.0,0.0,0.0,0.0,0.0,0.0,0.0,0.0,0.0,0.0,0.0,0.0,0.0,0.0,0.0,0.0,0.0,0.0,0.0,0.0,0.0,0.0,0.0,0.0,0.0,0.0,0.0,0.0,0.0,0.0,0.0,0.0,0.0,0.0,0.0,0.0,0.0,0.0,0.0,0.0,0.0,0.0,0.0,0.0,0.0,0.0,0.0,0.0
2017-05-26 02:30:00+02:00,0.0,0.0,0.0,0.0,0.0,0.0,0.0,0.0,0.0,0.0,0.0,0.0,0.0,0.0,0.0,0.0,0.0,0.0,0.0,0.0,0.0,0.0,0.0,0.0,0.0,0.0,0.0,0.0,0.0,0.0,0.0,0.0,0.0,0.0,0.0,0.0,0.0,0.0,0.0,0.0,0.0,0.0,0.0,0.0,0.0,0.0,0.0,0.0,0.0,0.0,0.0,0.0,0.0,0.0,0.0,0.0,0.0,0.0,0.0,0.0,0.0,0.0,0.0,0.0,0.0,0.0,0.0,0.0,0.0,0.0,0.0,0.0,0.0,0.0,0.0,0.0,0.0,0.0,0.0,0.0,0.0,0.0,0.0,0.0,0.0,0.0,0.0,0.0,0.0,0.0,0.0,0.0,0.0,0.0,0.0,0.0,0.0,0.0,0.0,0.0,0.0,0.0,0.0,0.0,0.0,0.0,0.0,0.0,0.0,0.0,0.0,0.0,0.0,0.0,0.0,0.0,0.0,0.0
2017-05-26 02:31:00+02:00,0.0,0.0,0.0,0.0,0.0,0.0,0.0,0.0,0.0,0.0,0.0,0.0,0.0,0.0,0.0,0.0,0.0,0.0,0.0,0.0,0.0,0.0,0.0,0.0,0.0,0.0,0.0,0.0,0.0,0.0,0.0,0.0,0.0,0.0,0.0,0.0,0.0,0.0,0.0,0.0,0.0,0.0,0.0,0.0,0.0,0.0,0.0,0.0,0.0,0.0,0.0,0.0,0.0,0.0,0.0,0.0,0.0,0.0,0.0,0.0,0.0,0.0,0.0,0.0,0.0,0.0,0.0,0.0,0.0,0.0,0.0,0.0,0.0,0.0,0.0,0.0,0.0,0.0,0.0,0.0,0.0,0.0,0.0,0.0,0.0,0.0,0.0,0.0,0.0,0.0,0.0,0.0,0.0,0.0,0.0,0.0,0.0,0.0,0.0,0.0,0.0,0.0,0.0,0.0,0.0,0.0,0.0,0.0,0.0,0.0,0.0,0.0,0.0,0.0,0.0,0.0,0.0,0.0
2017-05-26 02:32:00+02:00,0.0,0.0,0.0,0.0,0.0,0.0,0.0,0.0,0.0,0.0,0.0,0.0,0.0,0.0,0.0,0.0,0.0,0.0,0.0,0.0,0.0,0.0,0.0,0.0,0.0,0.0,0.0,0.0,0.0,0.0,0.0,0.0,0.0,0.0,0.0,0.0,0.0,0.0,0.0,0.0,0.0,0.0,0.0,0.0,0.0,0.0,0.0,0.0,0.0,0.0,0.0,0.0,0.0,0.0,0.0,0.0,0.0,0.0,0.0,0.0,0.0,0.0,0.0,0.0,0.0,0.0,0.0,0.0,0.0,0.0,0.0,0.0,0.0,0.0,0.0,0.0,0.0,0.0,0.0,0.0,0.0,0.0,0.0,0.0,0.0,0.0,0.0,0.0,0.0,0.0,0.0,0.0,0.0,0.0,0.0,0.0,0.0,0.0,0.0,0.0,0.0,0.0,0.0,0.0,0.0,0.0,0.0,0.0,0.0,0.0,0.0,0.0,0.0,0.0,0.0,0.0,0.0,0.0
2017-05-26 02:33:00+02:00,0.0,0.0,0.0,0.0,0.0,0.0,0.0,0.0,0.0,0.0,0.0,0.0,0.0,0.0,0.0,0.0,0.0,0.0,0.0,0.0,0.0,0.0,0.0,0.0,0.0,0.0,0.0,0.0,0.0,0.0,0.0,0.0,0.0,0.0,0.0,0.0,0.0,0.0,0.0,0.0,0.0,0.0,0.0,0.0,0.0,0.0,0.0,0.0,0.0,0.0,0.0,0.0,0.0,0.0,0.0,0.0,0.0,0.0,0.0,0.0,0.0,0.0,0.0,0.0,0.0,0.0,0.0,0.0,0.0,0.0,0.0,0.0,0.0,0.0,0.0,0.0,0.0,0.0,0.0,0.0,0.0,0.0,0.0,0.0,0.0,0.0,0.0,0.0,0.0,0.0,0.0,0.0,0.0,0.0,0.0,0.0,0.0,0.0,0.0,0.0,0.0,0.0,0.0,0.0,0.0,0.0,0.0,0.0,0.0,0.0,0.0,0.0,0.0,0.0,0.0,0.0,0.0,0.0
2017-05-26 02:34:00+02:00,0.0,0.0,0.0,0.0,0.0,0.0,0.0,0.0,0.0,0.0,0.0,0.0,0.0,0.0,0.0,0.0,0.0,0.0,0.0,0.0,0.0,0.0,0.0,0.0,0.0,0.0,0.0,0.0,0.0,0.0,0.0,0.0,0.0,0.0,0.0,0.0,0.0,0.0,0.0,0.0,0.0,0.0,0.0,0.0,0.0,0.0,0.0,0.0,0.0,0.0,0.0,0.0,0.0,0.0,0.0,0.0,0.0,0.0,0.0,0.0,0.0,0.0,0.0,0.0,0.0,0.0,0.0,0.0,0.0,0.0,0.0,0.0,0.0,0.0,0.0,0.0,0.0,0.0,0.0,0.0,0.0,0.0,0.0,0.0,0.0,0.0,0.0,0.0,0.0,0.0,0.0,0.0,0.0,0.0,0.0,0.0,0.0,0.0,0.0,0.0,0.0,0.0,0.0,0.0,0.0,0.0,0.0,0.0,0.0,0.0,0.0,0.0,0.0,0.0,0.0,0.0,0.0,0.0
2017-05-26 02:35:00+02:00,0.0,0.0,0.0,0.0,0.0,0.0,0.0,0.0,0.0,0.0,0.0,0.0,0.0,0.0,0.0,0.0,0.0,0.0,0.0,0.0,0.0,0.0,0.0,0.0,0.0,0.0,0.0,0.0,0.0,0.0,0.0,0.0,0.0,0.0,0.0,0.0,0.0,0.0,0.0,0.0,0.0,0.0,0.0,0.0,0.0,0.0,0.0,0.0,0.0,0.0,0.0,0.0,0.0,0.0,0.0,0.0,0.0,0.0,0.0,0.0,0.0,0.0,0.0,0.0,0.0,0.0,0.0,0.0,0.0,0.0,0.0,0.0,0.0,0.0,0.0,0.0,0.0,0.0,0.0,0.0,0.0,0.0,0.0,0.0,0.0,0.0,0.0,0.0,0.0,0.0,0.0,0.0,0.0,0.0,0.0,0.0,0.0,0.0,0.0,0.0,0.0,0.0,0.0,0.0,0.0,0.0,0.0,0.0,0.0,0.0,0.0,0.0,0.0,0.0,0.0,0.0,0.0,0.0
2017-05-26 02:36:00+02:00,0.0,0.0,0.0,0.0,0.0,0.0,0.0,0.0,0.0,0.0,0.0,0.0,0.0,0.0,0.0,0.0,0.0,0.0,0.0,0.0,0.0,0.0,0.0,0.0,0.0,0.0,0.0,0.0,0.0,0.0,0.0,0.0,0.0,0.0,0.0,0.0,0.0,0.0,0.0,0.0,0.0,0.0,0.0,0.0,0.0,0.0,0.0,0.0,0.0,0.0,0.0,0.0,0.0,0.0,0.0,0.0,0.0,0.0,0.0,0.0,0.0,0.0,0.0,0.0,0.0,0.0,0.0,0.0,0.0,0.0,0.0,0.0,0.0,0.0,0.0,0.0,0.0,0.0,0.0,0.0,0.0,0.0,0.0,0.0,0.0,0.0,0.0,0.0,0.0,0.0,0.0,0.0,0.0,0.0,0.0,0.0,0.0,0.0,0.0,0.0,0.0,0.0,0.0,0.0,0.0,0.0,0.0,0.0,0.0,0.0,0.0,0.0,0.0,0.0,0.0,0.0,0.0,0.0
2017-05-26 02:37:00+02:00,0.0,0.0,0.0,0.0,0.0,0.0,0.0,0.0,0.0,0.0,0.0,0.0,0.0,0.0,0.0,0.0,0.0,0.0,0.0,0.0,0.0,0.0,0.0,0.0,0.0,0.0,0.0,0.0,0.0,0.0,0.0,0.0,0.0,0.0,0.0,0.0,0.0,0.0,0.0,0.0,0.0,0.0,0.0,0.0,0.0,0.0,0.0,0.0,0.0,0.0,0.0,0.0,0.0,0.0,0.0,0.0,0.0,0.0,0.0,0.0,0.0,0.0,0.0,0.0,0.0,0.0,0.0,0.0,0.0,0.0,0.0,0.0,0.0,0.0,0.0,0.0,0.0,0.0,0.0,0.0,0.0,0.0,0.0,0.0,0.0,0.0,0.0,0.0,0.0,0.0,0.0,0.0,0.0,0.0,0.0,0.0,0.0,0.0,0.0,0.0,0.0,0.0,0.0,0.0,0.0,0.0,0.0,0.0,0.0,0.0,0.0,0.0,0.0,0.0,0.0,0.0,0.0,0.0
2017-05-26 02:38:00+02:00,0.0,0.0,0.0,0.0,0.0,0.0,0.0,0.0,0.0,0.0,0.0,0.0,0.0,0.0,0.0,0.0,0.0,0.0,0.0,0.0,0.0,0.0,0.0,0.0,0.0,0.0,0.0,0.0,0.0,0.0,0.0,0.0,0.0,0.0,0.0,0.0,0.0,0.0,0.0,0.0,0.0,0.0,0.0,0.0,0.0,0.0,0.0,0.0,0.0,0.0,0.0,0.0,0.0,0.0,0.0,0.0,0.0,0.0,0.0,0.0,0.0,0.0,0.0,0.0,0.0,0.0,0.0,0.0,0.0,0.0,0.0,0.0,0.0,0.0,0.0,0.0,0.0,0.0,0.0,0.0,0.0,0.0,0.0,0.0,0.0,0.0,0.0,0.0,0.0,0.0,0.0,0.0,0.0,0.0,0.0,0.0,0.0,0.0,0.0,0.0,0.0,0.0,0.0,0.0,0.0,0.0,0.0,0.0,0.0,0.0,0.0,0.0,0.0,0.0,0.0,0.0,0.0,0.0
2017-05-26 02:39:00+02:00,0.0,0.0,0.0,0.0,0.0,0.0,0.0,0.0,0.0,0.0,0.0,0.0,0.0,0.0,0.0,0.0,0.0,0.0,0.0,0.0,0.0,0.0,0.0,0.0,0.0,0.0,0.0,0.0,0.0,0.0,0.0,0.0,0.0,0.0,0.0,0.0,0.0,0.0,0.0,0.0,0.0,0.0,0.0,0.0,0.0,0.0,0.0,0.0,0.0,0.0,0.0,0.0,0.0,0.0,0.0,0.0,0.0,0.0,0.0,0.0,0.0,0.0,0.0,0.0,0.0,0.0,0.0,0.0,0.0,0.0,0.0,0.0,0.0,0.0,0.0,0.0,0.0,0.0,0.0,0.0,0.0,0.0,0.0,0.0,0.0,0.0,0.0,0.0,0.0,0.0,0.0,0.0,0.0,0.0,0.0,0.0,0.0,0.0,0.0,0.0,0.0,0.0,0.0,0.0,0.0,0.0,0.0,0.0,0.0,0.0,0.0,0.0,0.0,0.0,0.0,0.0,0.0,0.0
2017-05-26 02:40:00+02:00,0.0,0.0,0.0,0.0,0.0,0.0,0.0,0.0,0.0,0.0,0.0,0.0,0.0,0.0,0.0,0.0,0.0,0.0,0.0,0.0,0.0,0.0,0.0,0.0,0.0,0.0,0.0,0.0,0.0,0.0,0.0,0.0,0.0,0.0,0.0,0.0,0.0,0.0,0.0,0.0,0.0,0.0,0.0,0.0,0.0,0.0,0.0,0.0,0.0,0.0,0.0,0.0,0.0,0.0,0.0,0.0,0.0,0.0,0.0,0.0,0.0,0.0,0.0,0.0,0.0,0.0,0.0,0.0,0.0,0.0,0.0,0.0,0.0,0.0,0.0,0.0,0.0,0.0,0.0,0.0,0.0,0.0,0.0,0.0,0.0,0.0,0.0,0.0,0.0,0.0,0.0,0.0,0.0,0.0,0.0,0.0,0.0,0.0,0.0,0.0,0.0,0.0,0.0,0.0,0.0,0.0,0.0,0.0,0.0,0.0,0.0,0.0,0.0,0.0,0.0,0.0,0.0,0.0
2017-05-26 02:41:00+02:00,0.0,0.0,0.0,0.0,0.0,0.0,0.0,0.0,0.0,0.0,0.0,0.0,0.0,0.0,0.0,0.0,0.0,0.0,0.0,0.0,0.0,0.0,0.0,0.0,0.0,0.0,0.0,0.0,0.0,0.0,0.0,0.0,0.0,0.0,0.0,0.0,0.0,0.0,0.0,0.0,0.0,0.0,0.0,0.0,0.0,0.0,0.0,0.0,0.0,0.0,0.0,0.0,0.0,0.0,0.0,0.0,0.0,0.0,0.0,0.0,0.0,0.0,0.0,0.0,0.0,0.0,0.0,0.0,0.0,0.0,0.0,0.0,0.0,0.0,0.0,0.0,0.0,0.0,0.0,0.0,0.0,0.0,0.0,0.0,0.0,0.0,0.0,0.0,0.0,0.0,0.0,0.0,0.0,0.0,0.0,0.0,0.0,0.0,0.0,0.0,0.0,0.0,0.0,0.0,0.0,0.0,0.0,0.0,0.0,0.0,0.0,0.0,0.0,0.0,0.0,0.0,0.0,0.0
2017-05-26 02:42:00+02:00,0.0,0.0,0.0,0.0,0.0,0.0,0.0,0.0,0.0,0.0,0.0,0.0,0.0,0.0,0.0,0.0,0.0,0.0,0.0,0.0,0.0,0.0,0.0,0.0,0.0,0.0,0.0,0.0,0.0,0.0,0.0,0.0,0.0,0.0,0.0,0.0,0.0,0.0,0.0,0.0,0.0,0.0,0.0,0.0,0.0,0.0,0.0,0.0,0.0,0.0,0.0,0.0,0.0,0.0,0.0,0.0,0.0,0.0,0.0,0.0,0.0,0.0,0.0,0.0,0.0,0.0,0.0,0.0,0.0,0.0,0.0,0.0,0.0,0.0,0.0,0.0,0.0,0.0,0.0,0.0,0.0,0.0,0.0,0.0,0.0,0.0,0.0,0.0,0.0,0.0,0.0,0.0,0.0,0.0,0.0,0.0,0.0,0.0,0.0,0.0,0.0,0.0,0.0,0.0,0.0,0.0,0.0,0.0,0.0,0.0,0.0,0.0,0.0,0.0,0.0,0.0,0.0,0.0
2017-05-26 02:43:00+02:00,0.0,0.0,0.0,0.0,0.0,0.0,0.0,0.0,0.0,0.0,0.0,0.0,0.0,0.0,0.0,0.0,0.0,0.0,0.0,0.0,0.0,0.0,0.0,0.0,0.0,0.0,0.0,0.0,0.0,0.0,0.0,0.0,0.0,0.0,0.0,0.0,0.0,0.0,0.0,0.0,0.0,0.0,0.0,0.0,0.0,0.0,0.0,0.0,0.0,0.0,0.0,0.0,0.0,0.0,0.0,0.0,0.0,0.0,0.0,0.0,0.0,0.0,0.0,0.0,0.0,0.0,0.0,0.0,0.0,0.0,0.0,0.0,0.0,0.0,0.0,0.0,0.0,0.0,0.0,0.0,0.0,0.0,0.0,0.0,0.0,0.0,0.0,0.0,0.0,0.0,0.0,0.0,0.0,0.0,0.0,0.0,0.0,0.0,0.0,0.0,0.0,0.0,0.0,0.0,0.0,0.0,0.0,0.0,0.0,0.0,0.0,0.0,0.0,0.0,0.0,0.0,0.0,0.0
2017-05-26 02:44:00+02:00,0.0,0.0,0.0,0.0,0.0,0.0,0.0,0.0,0.0,0.0,0.0,0.0,0.0,0.0,0.0,0.0,0.0,0.0,0.0,0.0,0.0,0.0,0.0,0.0,0.0,0.0,0.0,0.0,0.0,0.0,0.0,0.0,0.0,0.0,0.0,0.0,0.0,0.0,0.0,0.0,0.0,0.0,0.0,0.0,0.0,0.0,0.0,0.0,0.0,0.0,0.0,0.0,0.0,0.0,0.0,0.0,0.0,0.0,0.0,0.0,0.0,0.0,0.0,0.0,0.0,0.0,0.0,0.0,0.0,0.0,0.0,0.0,0.0,0.0,0.0,0.0,0.0,0.0,0.0,0.0,0.0,0.0,0.0,0.0,0.0,0.0,0.0,0.0,0.0,0.0,0.0,0.0,0.0,0.0,0.0,0.0,0.0,0.0,0.0,0.0,0.0,0.0,0.0,0.0,0.0,0.0,0.0,0.0,0.0,0.0,0.0,0.0,0.0,0.0,0.0,0.0,0.0,0.0
2017-05-26 02:45:00+02:00,0.0,0.0,0.0,0.0,0.0,0.0,0.0,0.0,0.0,0.0,0.0,0.0,0.0,0.0,0.0,0.0,0.0,0.0,0.0,0.0,0.0,0.0,0.0,0.0,0.0,0.0,0.0,0.0,0.0,0.0,0.0,0.0,0.0,0.0,0.0,0.0,0.0,0.0,0.0,0.0,0.0,0.0,0.0,0.0,0.0,0.0,0.0,0.0,0.0,0.0,0.0,0.0,0.0,0.0,0.0,0.0,0.0,0.0,0.0,0.0,0.0,0.0,0.0,0.0,0.0,0.0,0.0,0.0,0.0,0.0,0.0,0.0,0.0,0.0,0.0,0.0,0.0,0.0,0.0,0.0,0.0,0.0,0.0,0.0,0.0,0.0,0.0,0.0,0.0,0.0,0.0,0.0,0.0,0.0,0.0,0.0,0.0,0.0,0.0,0.0,0.0,0.0,0.0,0.0,0.0,0.0,0.0,0.0,0.0,0.0,0.0,0.0,0.0,0.0,0.0,0.0,0.0,0.0
2017-05-26 02:46:00+02:00,0.0,0.0,0.0,0.0,0.0,0.0,0.0,0.0,0.0,0.0,0.0,0.0,0.0,0.0,0.0,0.0,0.0,0.0,0.0,0.0,0.0,0.0,0.0,0.0,0.0,0.0,0.0,0.0,0.0,0.0,0.0,0.0,0.0,0.0,0.0,0.0,0.0,0.0,0.0,0.0,0.0,0.0,0.0,0.0,0.0,0.0,0.0,0.0,0.0,0.0,0.0,0.0,0.0,0.0,0.0,0.0,0.0,0.0,0.0,0.0,0.0,0.0,0.0,0.0,0.0,0.0,0.0,0.0,0.0,0.0,0.0,0.0,0.0,0.0,0.0,0.0,0.0,0.0,0.0,0.0,0.0,0.0,0.0,0.0,0.0,0.0,0.0,0.0,0.0,0.0,0.0,0.0,0.0,0.0,0.0,0.0,0.0,0.0,0.0,0.0,0.0,0.0,0.0,0.0,0.0,0.0,0.0,0.0,0.0,0.0,0.0,0.0,0.0,0.0,0.0,0.0,0.0,0.0
2017-05-26 02:47:00+02:00,0.0,0.0,0.0,0.0,0.0,0.0,0.0,0.0,0.0,0.0,0.0,0.0,0.0,0.0,0.0,0.0,0.0,0.0,0.0,0.0,0.0,0.0,0.0,0.0,0.0,0.0,0.0,0.0,0.0,0.0,0.0,0.0,0.0,0.0,0.0,0.0,0.0,0.0,0.0,0.0,0.0,0.0,0.0,0.0,0.0,0.0,0.0,0.0,0.0,0.0,0.0,0.0,0.0,0.0,0.0,0.0,0.0,0.0,0.0,0.0,0.0,0.0,0.0,0.0,0.0,0.0,0.0,0.0,0.0,0.0,0.0,0.0,0.0,0.0,0.0,0.0,0.0,0.0,0.0,0.0,0.0,0.0,0.0,0.0,0.0,0.0,0.0,0.0,0.0,0.0,0.0,0.0,0.0,0.0,0.0,0.0,0.0,0.0,0.0,0.0,0.0,0.0,0.0,0.0,0.0,0.0,0.0,0.0,0.0,0.0,0.0,0.0,0.0,0.0,0.0,0.0,0.0,0.0
2017-05-26 02:48:00+02:00,0.0,0.0,0.0,0.0,0.0,0.0,0.0,0.0,0.0,0.0,0.0,0.0,0.0,0.0,0.0,0.0,0.0,0.0,0.0,0.0,0.0,0.0,0.0,0.0,0.0,0.0,0.0,0.0,0.0,0.0,0.0,0.0,0.0,0.0,0.0,0.0,0.0,0.0,0.0,0.0,0.0,0.0,0.0,0.0,0.0,0.0,0.0,0.0,0.0,0.0,0.0,0.0,0.0,0.0,0.0,0.0,0.0,0.0,0.0,0.0,0.0,0.0,0.0,0.0,0.0,0.0,0.0,0.0,0.0,0.0,0.0,0.0,0.0,0.0,0.0,0.0,0.0,0.0,0.0,0.0,0.0,0.0,0.0,0.0,0.0,0.0,0.0,0.0,0.0,0.0,0.0,0.0,0.0,0.0,0.0,0.0,0.0,0.0,0.0,0.0,0.0,0.0,0.0,0.0,0.0,0.0,0.0,0.0,0.0,0.0,0.0,0.0,0.0,0.0,0.0,0.0,0.0,0.0
2017-05-26 02:49:00+02:00,0.0,0.0,0.0,0.0,0.0,0.0,0.0,0.0,0.0,0.0,0.0,0.0,0.0,0.0,0.0,0.0,0.0,0.0,0.0,0.0,0.0,0.0,0.0,0.0,0.0,0.0,0.0,0.0,0.0,0.0,0.0,0.0,0.0,0.0,0.0,0.0,0.0,0.0,0.0,0.0,0.0,0.0,0.0,0.0,0.0,0.0,0.0,0.0,0.0,0.0,0.0,0.0,0.0,0.0,0.0,0.0,0.0,0.0,0.0,0.0,0.0,0.0,0.0,0.0,0.0,0.0,0.0,0.0,0.0,0.0,0.0,0.0,0.0,0.0,0.0,0.0,0.0,0.0,0.0,0.0,0.0,0.0,0.0,0.0,0.0,0.0,0.0,0.0,0.0,0.0,0.0,0.0,0.0,0.0,0.0,0.0,0.0,0.0,0.0,0.0,0.0,0.0,0.0,0.0,0.0,0.0,0.0,0.0,0.0,0.0,0.0,0.0,0.0,0.0,0.0,0.0,0.0,0.0
2017-05-26 02:50:00+02:00,0.0,0.0,0.0,0.0,0.0,0.0,0.0,0.0,0.0,0.0,0.0,0.0,0.0,0.0,0.0,0.0,0.0,0.0,0.0,0.0,0.0,0.0,0.0,0.0,0.0,0.0,0.0,0.0,0.0,0.0,0.0,0.0,0.0,0.0,0.0,0.0,0.0,0.0,0.0,0.0,0.0,0.0,0.0,0.0,0.0,0.0,0.0,0.0,0.0,0.0,0.0,0.0,0.0,0.0,0.0,0.0,0.0,0.0,0.0,0.0,0.0,0.0,0.0,0.0,0.0,0.0,0.0,0.0,0.0,0.0,0.0,0.0,0.0,0.0,0.0,0.0,0.0,0.0,0.0,0.0,0.0,0.0,0.0,0.0,0.0,0.0,0.0,0.0,0.0,0.0,0.0,0.0,0.0,0.0,0.0,0.0,0.0,0.0,0.0,0.0,0.0,0.0,0.0,0.0,0.0,0.0,0.0,0.0,0.0,0.0,0.0,0.0,0.0,0.0,0.0,0.0,0.0,0.0
2017-05-26 02:51:00+02:00,0.0,0.0,0.0,0.0,0.0,0.0,0.0,0.0,0.0,0.0,0.0,0.0,0.0,0.0,0.0,0.0,0.0,0.0,0.0,0.0,0.0,0.0,0.0,0.0,0.0,0.0,0.0,0.0,0.0,0.0,0.0,0.0,0.0,0.0,0.0,0.0,0.0,0.0,0.0,0.0,0.0,0.0,0.0,0.0,0.0,0.0,0.0,0.0,0.0,0.0,0.0,0.0,0.0,0.0,0.0,0.0,0.0,0.0,0.0,0.0,0.0,0.0,0.0,0.0,0.0,0.0,0.0,0.0,0.0,0.0,0.0,0.0,0.0,0.0,0.0,0.0,0.0,0.0,0.0,0.0,0.0,0.0,0.0,0.0,0.0,0.0,0.0,0.0,0.0,0.0,0.0,0.0,0.0,0.0,0.0,0.0,0.0,0.0,0.0,0.0,0.0,0.0,0.0,0.0,0.0,0.0,0.0,0.0,0.0,0.0,0.0,0.0,0.0,0.0,0.0,0.0,0.0,0.0
2017-05-26 02:52:00+02:00,0.0,0.0,0.0,0.0,0.0,0.0,0.0,0.0,0.0,0.0,0.0,0.0,0.0,0.0,0.0,0.0,0.0,0.0,0.0,0.0,0.0,0.0,0.0,0.0,0.0,0.0,0.0,0.0,0.0,0.0,0.0,0.0,0.0,0.0,0.0,0.0,0.0,0.0,0.0,0.0,0.0,0.0,0.0,0.0,0.0,0.0,0.0,0.0,0.0,0.0,0.0,0.0,0.0,0.0,0.0,0.0,0.0,0.0,0.0,0.0,0.0,0.0,0.0,0.0,0.0,0.0,0.0,0.0,0.0,0.0,0.0,0.0,0.0,0.0,0.0,0.0,0.0,0.0,0.0,0.0,0.0,0.0,0.0,0.0,0.0,0.0,0.0,0.0,0.0,0.0,0.0,0.0,0.0,0.0,0.0,0.0,0.0,0.0,0.0,0.0,0.0,0.0,0.0,0.0,0.0,0.0,0.0,0.0,0.0,0.0,0.0,0.0,0.0,0.0,0.0,0.0,0.0,0.0
2017-05-26 02:53:00+02:00,0.0,0.0,0.0,0.0,0.0,0.0,0.0,0.0,0.0,0.0,0.0,0.0,0.0,0.0,0.0,0.0,0.0,0.0,0.0,0.0,0.0,0.0,0.0,0.0,0.0,0.0,0.0,0.0,0.0,0.0,0.0,0.0,0.0,0.0,0.0,0.0,0.0,0.0,0.0,0.0,0.0,0.0,0.0,0.0,0.0,0.0,0.0,0.0,0.0,0.0,0.0,0.0,0.0,0.0,0.0,0.0,0.0,0.0,0.0,0.0,0.0,0.0,0.0,0.0,0.0,0.0,0.0,0.0,0.0,0.0,0.0,0.0,0.0,0.0,0.0,0.0,0.0,0.0,0.0,0.0,0.0,0.0,0.0,0.0,0.0,0.0,0.0,0.0,0.0,0.0,0.0,0.0,0.0,0.0,0.0,0.0,0.0,0.0,0.0,0.0,0.0,0.0,0.0,0.0,0.0,0.0,0.0,0.0,0.0,0.0,0.0,0.0,0.0,0.0,0.0,0.0,0.0,0.0
2017-05-26 02:54:00+02:00,0.0,0.0,0.0,0.0,0.0,0.0,0.0,0.0,0.0,0.0,0.0,0.0,0.0,0.0,0.0,0.0,0.0,0.0,0.0,0.0,0.0,0.0,0.0,0.0,0.0,0.0,0.0,0.0,0.0,0.0,0.0,0.0,0.0,0.0,0.0,0.0,0.0,0.0,0.0,0.0,0.0,0.0,0.0,0.0,0.0,0.0,0.0,0.0,0.0,0.0,0.0,0.0,0.0,0.0,0.0,0.0,0.0,0.0,0.0,0.0,0.0,0.0,0.0,0.0,0.0,0.0,0.0,0.0,0.0,0.0,0.0,0.0,0.0,0.0,0.0,0.0,0.0,0.0,0.0,0.0,0.0,0.0,0.0,0.0,0.0,0.0,0.0,0.0,0.0,0.0,0.0,0.0,0.0,0.0,0.0,0.0,0.0,0.0,0.0,0.0,0.0,0.0,0.0,0.0,0.0,0.0,0.0,0.0,0.0,0.0,0.0,0.0,0.0,0.0,0.0,0.0,0.0,0.0
2017-05-26 02:55:00+02:00,0.0,0.0,0.0,0.0,0.0,0.0,0.0,0.0,0.0,0.0,0.0,0.0,0.0,0.0,0.0,0.0,0.0,0.0,0.0,0.0,0.0,0.0,0.0,0.0,0.0,0.0,0.0,0.0,0.0,0.0,0.0,0.0,0.0,0.0,0.0,0.0,0.0,0.0,0.0,0.0,0.0,0.0,0.0,0.0,0.0,0.0,0.0,0.0,0.0,0.0,0.0,0.0,0.0,0.0,0.0,0.0,0.0,0.0,0.0,0.0,0.0,0.0,0.0,0.0,0.0,0.0,0.0,0.0,0.0,0.0,0.0,0.0,0.0,0.0,0.0,0.0,0.0,0.0,0.0,0.0,0.0,0.0,0.0,0.0,0.0,0.0,0.0,0.0,0.0,0.0,0.0,0.0,0.0,0.0,0.0,0.0,0.0,0.0,0.0,0.0,0.0,0.0,0.0,0.0,0.0,0.0,0.0,0.0,0.0,0.0,0.0,0.0,0.0,0.0,0.0,0.0,0.0,0.0
2017-05-26 02:56:00+02:00,0.0,0.0,0.0,0.0,0.0,0.0,0.0,0.0,0.0,0.0,0.0,0.0,0.0,0.0,0.0,0.0,0.0,0.0,0.0,0.0,0.0,0.0,0.0,0.0,0.0,0.0,0.0,0.0,0.0,0.0,0.0,0.0,0.0,0.0,0.0,0.0,0.0,0.0,0.0,0.0,0.0,0.0,0.0,0.0,0.0,0.0,0.0,0.0,0.0,0.0,0.0,0.0,0.0,0.0,0.0,0.0,0.0,0.0,0.0,0.0,0.0,0.0,0.0,0.0,0.0,0.0,0.0,0.0,0.0,0.0,0.0,0.0,0.0,0.0,0.0,0.0,0.0,0.0,0.0,0.0,0.0,0.0,0.0,0.0,0.0,0.0,0.0,0.0,0.0,0.0,0.0,0.0,0.0,0.0,0.0,0.0,0.0,0.0,0.0,0.0,0.0,0.0,0.0,0.0,0.0,0.0,0.0,0.0,0.0,0.0,0.0,0.0,0.0,0.0,0.0,0.0,0.0,0.0
2017-05-26 02:57:00+02:00,0.0,0.0,0.0,0.0,0.0,0.0,0.0,0.0,0.0,0.0,0.0,0.0,0.0,0.0,0.0,0.0,0.0,0.0,0.0,0.0,0.0,0.0,0.0,0.0,0.0,0.0,0.0,0.0,0.0,0.0,0.0,0.0,0.0,0.0,0.0,0.0,0.0,0.0,0.0,0.0,0.0,0.0,0.0,0.0,0.0,0.0,0.0,0.0,0.0,0.0,0.0,0.0,0.0,0.0,0.0,0.0,0.0,0.0,0.0,0.0,0.0,0.0,0.0,0.0,0.0,0.0,0.0,0.0,0.0,0.0,0.0,0.0,0.0,0.0,0.0,0.0,0.0,0.0,0.0,0.0,0.0,0.0,0.0,0.0,0.0,0.0,0.0,0.0,0.0,0.0,0.0,0.0,0.0,0.0,0.0,0.0,0.0,0.0,0.0,0.0,0.0,0.0,0.0,0.0,0.0,0.0,0.0,0.0,0.0,0.0,0.0,0.0,0.0,0.0,0.0,0.0,0.0,0.0
2017-05-26 02:58:00+02:00,0.0,0.0,0.0,0.0,0.0,0.0,0.0,0.0,0.0,0.0,0.0,0.0,0.0,0.0,0.0,0.0,0.0,0.0,0.0,0.0,0.0,0.0,0.0,0.0,0.0,0.0,0.0,0.0,0.0,0.0,0.0,0.0,0.0,0.0,0.0,0.0,0.0,0.0,0.0,0.0,0.0,0.0,0.0,0.0,0.0,0.0,0.0,0.0,0.0,0.0,0.0,0.0,0.0,0.0,0.0,0.0,0.0,0.0,0.0,0.0,0.0,0.0,0.0,0.0,0.0,0.0,0.0,0.0,0.0,0.0,0.0,0.0,0.0,0.0,0.0,0.0,0.0,0.0,0.0,0.0,0.0,0.0,0.0,0.0,0.0,0.0,0.0,0.0,0.0,0.0,0.0,0.0,0.0,0.0,0.0,0.0,0.0,0.0,0.0,0.0,0.0,0.0,0.0,0.0,0.0,0.0,0.0,0.0,0.0,0.0,0.0,0.0,0.0,0.0,0.0,0.0,0.0,0.0
2017-05-26 02:59:00+02:00,0.0,0.0,0.0,0.0,0.0,0.0,0.0,0.0,0.0,0.0,0.0,0.0,0.0,0.0,0.0,0.0,0.0,0.0,0.0,0.0,0.0,0.0,0.0,0.0,0.0,0.0,0.0,0.0,0.0,0.0,0.0,0.0,0.0,0.0,0.0,0.0,0.0,0.0,0.0,0.0,0.0,0.0,0.0,0.0,0.0,0.0,0.0,0.0,0.0,0.0,0.0,0.0,0.0,0.0,0.0,0.0,0.0,0.0,0.0,0.0,0.0,0.0,0.0,0.0,0.0,0.0,0.0,0.0,0.0,0.0,0.0,0.0,0.0,0.0,0.0,0.0,0.0,0.0,0.0,0.0,0.0,0.0,0.0,0.0,0.0,0.0,0.0,0.0,0.0,0.0,0.0,0.0,0.0,0.0,0.0,0.0,0.0,0.0,0.0,0.0,0.0,0.0,0.0,0.0,0.0,0.0,0.0,0.0,0.0,0.0,0.0,0.0,0.0,0.0,0.0,0.0,0.0,0.0
2017-05-26 03:00:00+02:00,0.0,0.0,0.0,0.0,0.0,0.0,0.0,0.0,0.0,0.0,0.0,0.0,0.0,0.0,0.0,0.0,0.0,0.0,0.0,0.0,0.0,0.0,0.0,0.0,0.0,0.0,0.0,0.0,0.0,0.0,0.0,0.0,0.0,0.0,0.0,0.0,0.0,0.0,0.0,0.0,0.0,0.0,0.0,0.0,0.0,0.0,0.0,0.0,0.0,0.0,0.0,0.0,0.0,0.0,0.0,0.0,0.0,0.0,0.0,0.0,0.0,0.0,0.0,0.0,0.0,0.0,0.0,0.0,0.0,0.0,0.0,0.0,0.0,0.0,0.0,0.0,0.0,0.0,0.0,0.0,0.0,0.0,0.0,0.0,0.0,0.0,0.0,0.0,0.0,0.0,0.0,0.0,0.0,0.0,0.0,0.0,0.0,0.0,0.0,0.0,0.0,0.0,0.0,0.0,0.0,0.0,0.0,0.0,0.0,0.0,0.0,0.0,0.0,0.0,0.0,0.0,0.0,0.0
2017-05-26 03:01:00+02:00,0.0,0.0,0.0,0.0,0.0,0.0,0.0,0.0,0.0,0.0,0.0,0.0,0.0,0.0,0.0,0.0,0.0,0.0,0.0,0.0,0.0,0.0,0.0,0.0,0.0,0.0,0.0,0.0,0.0,0.0,0.0,0.0,0.0,0.0,0.0,0.0,0.0,0.0,0.0,0.0,0.0,0.0,0.0,0.0,0.0,0.0,0.0,0.0,0.0,0.0,0.0,0.0,0.0,0.0,0.0,0.0,0.0,0.0,0.0,0.0,0.0,0.0,0.0,0.0,0.0,0.0,0.0,0.0,0.0,0.0,0.0,0.0,0.0,0.0,0.0,0.0,0.0,0.0,0.0,0.0,0.0,0.0,0.0,0.0,0.0,0.0,0.0,0.0,0.0,0.0,0.0,0.0,0.0,0.0,0.0,0.0,0.0,0.0,0.0,0.0,0.0,0.0,0.0,0.0,0.0,0.0,0.0,0.0,0.0,0.0,0.0,0.0,0.0,0.0,0.0,0.0,0.0,0.0
2017-05-26 03:02:00+02:00,0.0,0.0,0.0,0.0,0.0,0.0,0.0,0.0,0.0,0.0,0.0,0.0,0.0,0.0,0.0,0.0,0.0,0.0,0.0,0.0,0.0,0.0,0.0,0.0,0.0,0.0,0.0,0.0,0.0,0.0,0.0,0.0,0.0,0.0,0.0,0.0,0.0,0.0,0.0,0.0,0.0,0.0,0.0,0.0,0.0,0.0,0.0,0.0,0.0,0.0,0.0,0.0,0.0,0.0,0.0,0.0,0.0,0.0,0.0,0.0,0.0,0.0,0.0,0.0,0.0,0.0,0.0,0.0,0.0,0.0,0.0,0.0,0.0,0.0,0.0,0.0,0.0,0.0,0.0,0.0,0.0,0.0,0.0,0.0,0.0,0.0,0.0,0.0,0.0,0.0,0.0,0.0,0.0,0.0,0.0,0.0,0.0,0.0,0.0,0.0,0.0,0.0,0.0,0.0,0.0,0.0,0.0,0.0,0.0,0.0,0.0,0.0,0.0,0.0,0.0,0.0,0.0,0.0
2017-05-26 03:03:00+02:00,0.0,0.0,0.0,0.0,0.0,0.0,0.0,0.0,0.0,0.0,0.0,0.0,0.0,0.0,0.0,0.0,0.0,0.0,0.0,0.0,0.0,0.0,0.0,0.0,0.0,0.0,0.0,0.0,0.0,0.0,0.0,0.0,0.0,0.0,0.0,0.0,0.0,0.0,0.0,0.0,0.0,0.0,0.0,0.0,0.0,0.0,0.0,0.0,0.0,0.0,0.0,0.0,0.0,0.0,0.0,0.0,0.0,0.0,0.0,0.0,0.0,0.0,0.0,0.0,0.0,0.0,0.0,0.0,0.0,0.0,0.0,0.0,0.0,0.0,0.0,0.0,0.0,0.0,0.0,0.0,0.0,0.0,0.0,0.0,0.0,0.0,0.0,0.0,0.0,0.0,0.0,0.0,0.0,0.0,0.0,0.0,0.0,0.0,0.0,0.0,0.0,0.0,0.0,0.0,0.0,0.0,0.0,0.0,0.0,0.0,0.0,0.0,0.0,0.0,0.0,0.0,0.0,0.0
2017-05-26 03:04:00+02:00,0.0,0.0,0.0,0.0,0.0,0.0,0.0,0.0,0.0,0.0,0.0,0.0,0.0,0.0,0.0,0.0,0.0,0.0,0.0,0.0,0.0,0.0,0.0,0.0,0.0,0.0,0.0,0.0,0.0,0.0,0.0,0.0,0.0,0.0,0.0,0.0,0.0,0.0,0.0,0.0,0.0,0.0,0.0,0.0,0.0,0.0,0.0,0.0,0.0,0.0,0.0,0.0,0.0,0.0,0.0,0.0,0.0,0.0,0.0,0.0,0.0,0.0,0.0,0.0,0.0,0.0,0.0,0.0,0.0,0.0,0.0,0.0,0.0,0.0,0.0,0.0,0.0,0.0,0.0,0.0,0.0,0.0,0.0,0.0,0.0,0.0,0.0,0.0,0.0,0.0,0.0,0.0,0.0,0.0,0.0,0.0,0.0,0.0,0.0,0.0,0.0,0.0,0.0,0.0,0.0,0.0,0.0,0.0,0.0,0.0,0.0,0.0,0.0,0.0,0.0,0.0,0.0,0.0
2017-05-26 03:05:00+02:00,0.0,0.0,0.0,0.0,0.0,0.0,0.0,0.0,0.0,0.0,0.0,0.0,0.0,0.0,0.0,0.0,0.0,0.0,0.0,0.0,0.0,0.0,0.0,0.0,0.0,0.0,0.0,0.0,0.0,0.0,0.0,0.0,0.0,0.0,0.0,0.0,0.0,0.0,0.0,0.0,0.0,0.0,0.0,0.0,0.0,0.0,0.0,0.0,0.0,0.0,0.0,0.0,0.0,0.0,0.0,0.0,0.0,0.0,0.0,0.0,0.0,0.0,0.0,0.0,0.0,0.0,0.0,0.0,0.0,0.0,0.0,0.0,0.0,0.0,0.0,0.0,0.0,0.0,0.0,0.0,0.0,0.0,0.0,0.0,0.0,0.0,0.0,0.0,0.0,0.0,0.0,0.0,0.0,0.0,0.0,0.0,0.0,0.0,0.0,0.0,0.0,0.0,0.0,0.0,0.0,0.0,0.0,0.0,0.0,0.0,0.0,0.0,0.0,0.0,0.0,0.0,0.0,0.0
2017-05-26 03:06:00+02:00,0.0,0.0,0.0,0.0,0.0,0.0,0.0,0.0,0.0,0.0,0.0,0.0,0.0,0.0,0.0,0.0,0.0,0.0,0.0,0.0,0.0,0.0,0.0,0.0,0.0,0.0,0.0,0.0,0.0,0.0,0.0,0.0,0.0,0.0,0.0,0.0,0.0,0.0,0.0,0.0,0.0,0.0,0.0,0.0,0.0,0.0,0.0,0.0,0.0,0.0,0.0,0.0,0.0,0.0,0.0,0.0,0.0,0.0,0.0,0.0,0.0,0.0,0.0,0.0,0.0,0.0,0.0,0.0,0.0,0.0,0.0,0.0,0.0,0.0,0.0,0.0,0.0,0.0,0.0,0.0,0.0,0.0,0.0,0.0,0.0,0.0,0.0,0.0,0.0,0.0,0.0,0.0,0.0,0.0,0.0,0.0,0.0,0.0,0.0,0.0,0.0,0.0,0.0,0.0,0.0,0.0,0.0,0.0,0.0,0.0,0.0,0.0,0.0,0.0,0.0,0.0,0.0,0.0
2017-05-26 03:07:00+02:00,0.0,0.0,0.0,0.0,0.0,0.0,0.0,0.0,0.0,0.0,0.0,0.0,0.0,0.0,0.0,0.0,0.0,0.0,0.0,0.0,0.0,0.0,0.0,0.0,0.0,0.0,0.0,0.0,0.0,0.0,0.0,0.0,0.0,0.0,0.0,0.0,0.0,0.0,0.0,0.0,0.0,0.0,0.0,0.0,0.0,0.0,0.0,0.0,0.0,0.0,0.0,0.0,0.0,0.0,0.0,0.0,0.0,0.0,0.0,0.0,0.0,0.0,0.0,0.0,0.0,0.0,0.0,0.0,0.0,0.0,0.0,0.0,0.0,0.0,0.0,0.0,0.0,0.0,0.0,0.0,0.0,0.0,0.0,0.0,0.0,0.0,0.0,0.0,0.0,0.0,0.0,0.0,0.0,0.0,0.0,0.0,0.0,0.0,0.0,0.0,0.0,0.0,0.0,0.0,0.0,0.0,0.0,0.0,0.0,0.0,0.0,0.0,0.0,0.0,0.0,0.0,0.0,0.0
2017-05-26 03:08:00+02:00,0.0,0.0,0.0,0.0,0.0,0.0,0.0,0.0,0.0,0.0,0.0,0.0,0.0,0.0,0.0,0.0,0.0,0.0,0.0,0.0,0.0,0.0,0.0,0.0,0.0,0.0,0.0,0.0,0.0,0.0,0.0,0.0,0.0,0.0,0.0,0.0,0.0,0.0,0.0,0.0,0.0,0.0,0.0,0.0,0.0,0.0,0.0,0.0,0.0,0.0,0.0,0.0,0.0,0.0,0.0,0.0,0.0,0.0,0.0,0.0,0.0,0.0,0.0,0.0,0.0,0.0,0.0,0.0,0.0,0.0,0.0,0.0,0.0,0.0,0.0,0.0,0.0,0.0,0.0,0.0,0.0,0.0,0.0,0.0,0.0,0.0,0.0,0.0,0.0,0.0,0.0,0.0,0.0,0.0,0.0,0.0,0.0,0.0,0.0,0.0,0.0,0.0,0.0,0.0,0.0,0.0,0.0,0.0,0.0,0.0,0.0,0.0,0.0,0.0,0.0,0.0,0.0,0.0
2017-05-26 03:09:00+02:00,0.0,0.0,0.0,0.0,0.0,0.0,0.0,0.0,0.0,0.0,0.0,0.0,0.0,0.0,0.0,0.0,0.0,0.0,0.0,0.0,0.0,0.0,0.0,0.0,0.0,0.0,0.0,0.0,0.0,0.0,0.0,0.0,0.0,0.0,0.0,0.0,0.0,0.0,0.0,0.0,0.0,0.0,0.0,0.0,0.0,0.0,0.0,0.0,0.0,0.0,0.0,0.0,0.0,0.0,0.0,0.0,0.0,0.0,0.0,0.0,0.0,0.0,0.0,0.0,0.0,0.0,0.0,0.0,0.0,0.0,0.0,0.0,0.0,0.0,0.0,0.0,0.0,0.0,0.0,0.0,0.0,0.0,0.0,0.0,0.0,0.0,0.0,0.0,0.0,0.0,0.0,0.0,0.0,0.0,0.0,0.0,0.0,0.0,0.0,0.0,0.0,0.0,0.0,0.0,0.0,0.0,0.0,0.0,0.0,0.0,0.0,0.0,0.0,0.0,0.0,0.0,0.0,0.0
2017-05-26 03:10:00+02:00,0.0,0.0,0.0,0.0,0.0,0.0,0.0,0.0,0.0,0.0,0.0,0.0,0.0,0.0,0.0,0.0,0.0,0.0,0.0,0.0,0.0,0.0,0.0,0.0,0.0,0.0,0.0,0.0,0.0,0.0,0.0,0.0,0.0,0.0,0.0,0.0,0.0,0.0,0.0,0.0,0.0,0.0,0.0,0.0,0.0,0.0,0.0,0.0,0.0,0.0,0.0,0.0,0.0,0.0,0.0,0.0,0.0,0.0,0.0,0.0,0.0,0.0,0.0,0.0,0.0,0.0,0.0,0.0,0.0,0.0,0.0,0.0,0.0,0.0,0.0,0.0,0.0,0.0,0.0,0.0,0.0,0.0,0.0,0.0,0.0,0.0,0.0,0.0,0.0,0.0,0.0,0.0,0.0,0.0,0.0,0.0,0.0,0.0,0.0,0.0,0.0,0.0,0.0,0.0,0.0,0.0,0.0,0.0,0.0,0.0,0.0,0.0,0.0,0.0,0.0,0.0,0.0,0.0
2017-05-26 03:11:00+02:00,0.0,0.0,0.0,0.0,0.0,0.0,0.0,0.0,0.0,0.0,0.0,0.0,0.0,0.0,0.0,0.0,0.0,0.0,0.0,0.0,0.0,0.0,0.0,0.0,0.0,0.0,0.0,0.0,0.0,0.0,0.0,0.0,0.0,0.0,0.0,0.0,0.0,0.0,0.0,0.0,0.0,0.0,0.0,0.0,0.0,0.0,0.0,0.0,0.0,0.0,0.0,0.0,0.0,0.0,0.0,0.0,0.0,0.0,0.0,0.0,0.0,0.0,0.0,0.0,0.0,0.0,0.0,0.0,0.0,0.0,0.0,0.0,0.0,0.0,0.0,0.0,0.0,0.0,0.0,0.0,0.0,0.0,0.0,0.0,0.0,0.0,0.0,0.0,0.0,0.0,0.0,0.0,0.0,0.0,0.0,0.0,0.0,0.0,0.0,0.0,0.0,0.0,0.0,0.0,0.0,0.0,0.0,0.0,0.0,0.0,0.0,0.0,0.0,0.0,0.0,0.0,0.0,0.0
2017-05-26 03:12:00+02:00,0.0,0.0,0.0,0.0,0.0,0.0,0.0,0.0,0.0,0.0,0.0,0.0,0.0,0.0,0.0,0.0,0.0,0.0,0.0,0.0,0.0,0.0,0.0,0.0,0.0,0.0,0.0,0.0,0.0,0.0,0.0,0.0,0.0,0.0,0.0,0.0,0.0,0.0,0.0,0.0,0.0,0.0,0.0,0.0,0.0,0.0,0.0,0.0,0.0,0.0,0.0,0.0,0.0,0.0,0.0,0.0,0.0,0.0,0.0,0.0,0.0,0.0,0.0,0.0,0.0,0.0,0.0,0.0,0.0,0.0,0.0,0.0,0.0,0.0,0.0,0.0,0.0,0.0,0.0,0.0,0.0,0.0,0.0,0.0,0.0,0.0,0.0,0.0,0.0,0.0,0.0,0.0,0.0,0.0,0.0,0.0,0.0,0.0,0.0,0.0,0.0,0.0,0.0,0.0,0.0,0.0,0.0,0.0,0.0,0.0,0.0,0.0,0.0,0.0,0.0,0.0,0.0,0.0
2017-05-26 03:13:00+02:00,0.0,0.0,0.0,0.0,0.0,0.0,0.0,0.0,0.0,0.0,0.0,0.0,0.0,0.0,0.0,0.0,0.0,0.0,0.0,0.0,0.0,0.0,0.0,0.0,0.0,0.0,0.0,0.0,0.0,0.0,0.0,0.0,0.0,0.0,0.0,0.0,0.0,0.0,0.0,0.0,0.0,0.0,0.0,0.0,0.0,0.0,0.0,0.0,0.0,0.0,0.0,0.0,0.0,0.0,0.0,0.0,0.0,0.0,0.0,0.0,0.0,0.0,0.0,0.0,0.0,0.0,0.0,0.0,0.0,0.0,0.0,0.0,0.0,0.0,0.0,0.0,0.0,0.0,0.0,0.0,0.0,0.0,0.0,0.0,0.0,0.0,0.0,0.0,0.0,0.0,0.0,0.0,0.0,0.0,0.0,0.0,0.0,0.0,0.0,0.0,0.0,0.0,0.0,0.0,0.0,0.0,0.0,0.0,0.0,0.0,0.0,0.0,0.0,0.0,0.0,0.0,0.0,0.0
2017-05-26 03:14:00+02:00,0.0,0.0,0.0,0.0,0.0,0.0,0.0,0.0,0.0,0.0,0.0,0.0,0.0,0.0,0.0,0.0,0.0,0.0,0.0,0.0,0.0,0.0,0.0,0.0,0.0,0.0,0.0,0.0,0.0,0.0,0.0,0.0,0.0,0.0,0.0,0.0,0.0,0.0,0.0,0.0,0.0,0.0,0.0,0.0,0.0,0.0,0.0,0.0,0.0,0.0,0.0,0.0,0.0,0.0,0.0,0.0,0.0,0.0,0.0,0.0,0.0,0.0,0.0,0.0,0.0,0.0,0.0,0.0,0.0,0.0,0.0,0.0,0.0,0.0,0.0,0.0,0.0,0.0,0.0,0.0,0.0,0.0,0.0,0.0,0.0,0.0,0.0,0.0,0.0,0.0,0.0,0.0,0.0,0.0,0.0,0.0,0.0,0.0,0.0,0.0,0.0,0.0,0.0,0.0,0.0,0.0,0.0,0.0,0.0,0.0,0.0,0.0,0.0,0.0,0.0,0.0,0.0,0.0
2017-05-26 03:15:00+02:00,0.0,0.0,0.0,0.0,0.0,0.0,0.0,0.0,0.0,0.0,0.0,0.0,0.0,0.0,0.0,0.0,0.0,0.0,0.0,0.0,0.0,0.0,0.0,0.0,0.0,0.0,0.0,0.0,0.0,0.0,0.0,0.0,0.0,0.0,0.0,0.0,0.0,0.0,0.0,0.0,0.0,0.0,0.0,0.0,0.0,0.0,0.0,0.0,0.0,0.0,0.0,0.0,0.0,0.0,0.0,0.0,0.0,0.0,0.0,0.0,0.0,0.0,0.0,0.0,0.0,0.0,0.0,0.0,0.0,0.0,0.0,0.0,0.0,0.0,0.0,0.0,0.0,0.0,0.0,0.0,0.0,0.0,0.0,0.0,0.0,0.0,0.0,0.0,0.0,0.0,0.0,0.0,0.0,0.0,0.0,0.0,0.0,0.0,0.0,0.0,0.0,0.0,0.0,0.0,0.0,0.0,0.0,0.0,0.0,0.0,0.0,0.0,0.0,0.0,0.0,0.0,0.0,0.0
2017-05-26 03:16:00+02:00,0.0,0.0,0.0,0.0,0.0,0.0,0.0,0.0,0.0,0.0,0.0,0.0,0.0,0.0,0.0,0.0,0.0,0.0,0.0,0.0,0.0,0.0,0.0,0.0,0.0,0.0,0.0,0.0,0.0,0.0,0.0,0.0,0.0,0.0,0.0,0.0,0.0,0.0,0.0,0.0,0.0,0.0,0.0,0.0,0.0,0.0,0.0,0.0,0.0,0.0,0.0,0.0,0.0,0.0,0.0,0.0,0.0,0.0,0.0,0.0,0.0,0.0,0.0,0.0,0.0,0.0,0.0,0.0,0.0,0.0,0.0,0.0,0.0,0.0,0.0,0.0,0.0,0.0,0.0,0.0,0.0,0.0,0.0,0.0,0.0,0.0,0.0,0.0,0.0,0.0,0.0,0.0,0.0,0.0,0.0,0.0,0.0,0.0,0.0,0.0,0.0,0.0,0.0,0.0,0.0,0.0,0.0,0.0,0.0,0.0,0.0,0.0,0.0,0.0,0.0,0.0,0.0,0.0
2017-05-26 03:17:00+02:00,0.0,0.0,0.0,0.0,0.0,0.0,0.0,0.0,0.0,0.0,0.0,0.0,0.0,0.0,0.0,0.0,0.0,0.0,0.0,0.0,0.0,0.0,0.0,0.0,0.0,0.0,0.0,0.0,0.0,0.0,0.0,0.0,0.0,0.0,0.0,0.0,0.0,0.0,0.0,0.0,0.0,0.0,0.0,0.0,0.0,0.0,0.0,0.0,0.0,0.0,0.0,0.0,0.0,0.0,0.0,0.0,0.0,0.0,0.0,0.0,0.0,0.0,0.0,0.0,0.0,0.0,0.0,0.0,0.0,0.0,0.0,0.0,0.0,0.0,0.0,0.0,0.0,0.0,0.0,0.0,0.0,0.0,0.0,0.0,0.0,0.0,0.0,0.0,0.0,0.0,0.0,0.0,0.0,0.0,0.0,0.0,0.0,0.0,0.0,0.0,0.0,0.0,0.0,0.0,0.0,0.0,0.0,0.0,0.0,0.0,0.0,0.0,0.0,0.0,0.0,0.0,0.0,0.0
2017-05-26 03:18:00+02:00,0.0,0.0,0.0,0.0,0.0,0.0,0.0,0.0,0.0,0.0,0.0,0.0,0.0,0.0,0.0,0.0,0.0,0.0,0.0,0.0,0.0,0.0,0.0,0.0,0.0,0.0,0.0,0.0,0.0,0.0,0.0,0.0,0.0,0.0,0.0,0.0,0.0,0.0,0.0,0.0,0.0,0.0,0.0,0.0,0.0,0.0,0.0,0.0,0.0,0.0,0.0,0.0,0.0,0.0,0.0,0.0,0.0,0.0,0.0,0.0,0.0,0.0,0.0,0.0,0.0,0.0,0.0,0.0,0.0,0.0,0.0,0.0,0.0,0.0,0.0,0.0,0.0,0.0,0.0,0.0,0.0,0.0,0.0,0.0,0.0,0.0,0.0,0.0,0.0,0.0,0.0,0.0,0.0,0.0,0.0,0.0,0.0,0.0,0.0,0.0,0.0,0.0,0.0,0.0,0.0,0.0,0.0,0.0,0.0,0.0,0.0,0.0,0.0,0.0,0.0,0.0,0.0,0.0
2017-05-26 03:19:00+02:00,0.0,0.0,0.0,0.0,0.0,0.0,0.0,0.0,0.0,0.0,0.0,0.0,0.0,0.0,0.0,0.0,0.0,0.0,0.0,0.0,0.0,0.0,0.0,0.0,0.0,0.0,0.0,0.0,0.0,0.0,0.0,0.0,0.0,0.0,0.0,0.0,0.0,0.0,0.0,0.0,0.0,0.0,0.0,0.0,0.0,0.0,0.0,0.0,0.0,0.0,0.0,0.0,0.0,0.0,0.0,0.0,0.0,0.0,0.0,0.0,0.0,0.0,0.0,0.0,0.0,0.0,0.0,0.0,0.0,0.0,0.0,0.0,0.0,0.0,0.0,0.0,0.0,0.0,0.0,0.0,0.0,0.0,0.0,0.0,0.0,0.0,0.0,0.0,0.0,0.0,0.0,0.0,0.0,0.0,0.0,0.0,0.0,0.0,0.0,0.0,0.0,0.0,0.0,0.0,0.0,0.0,0.0,0.0,0.0,0.0,0.0,0.0,0.0,0.0,0.0,0.0,0.0,0.0
2017-05-26 03:20:00+02:00,0.0,0.0,0.0,0.0,0.0,0.0,0.0,0.0,0.0,0.0,0.0,0.0,0.0,0.0,0.0,0.0,0.0,0.0,0.0,0.0,0.0,0.0,0.0,0.0,0.0,0.0,0.0,0.0,0.0,0.0,0.0,0.0,0.0,0.0,0.0,0.0,0.0,0.0,0.0,0.0,0.0,0.0,0.0,0.0,0.0,0.0,0.0,0.0,0.0,0.0,0.0,0.0,0.0,0.0,0.0,0.0,0.0,0.0,0.0,0.0,0.0,0.0,0.0,0.0,0.0,0.0,0.0,0.0,0.0,0.0,0.0,0.0,0.0,0.0,0.0,0.0,0.0,0.0,0.0,0.0,0.0,0.0,0.0,0.0,0.0,0.0,0.0,0.0,0.0,0.0,0.0,0.0,0.0,0.0,0.0,0.0,0.0,0.0,0.0,0.0,0.0,0.0,0.0,0.0,0.0,0.0,0.0,0.0,0.0,0.0,0.0,0.0,0.0,0.0,0.0,0.0,0.0,0.0
2017-05-26 03:21:00+02:00,0.0,0.0,0.0,0.0,0.0,0.0,0.0,0.0,0.0,0.0,0.0,0.0,0.0,0.0,0.0,0.0,0.0,0.0,0.0,0.0,0.0,0.0,0.0,0.0,0.0,0.0,0.0,0.0,0.0,0.0,0.0,0.0,0.0,0.0,0.0,0.0,0.0,0.0,0.0,0.0,0.0,0.0,0.0,0.0,0.0,0.0,0.0,0.0,0.0,0.0,0.0,0.0,0.0,0.0,0.0,0.0,0.0,0.0,0.0,0.0,0.0,0.0,0.0,0.0,0.0,0.0,0.0,0.0,0.0,0.0,0.0,0.0,0.0,0.0,0.0,0.0,0.0,0.0,0.0,0.0,0.0,0.0,0.0,0.0,0.0,0.0,0.0,0.0,0.0,0.0,0.0,0.0,0.0,0.0,0.0,0.0,0.0,0.0,0.0,0.0,0.0,0.0,0.0,0.0,0.0,0.0,0.0,0.0,0.0,0.0,0.0,0.0,0.0,0.0,0.0,0.0,0.0,0.0
2017-05-26 03:22:00+02:00,0.0,0.0,0.0,0.0,0.0,0.0,0.0,0.0,0.0,0.0,0.0,0.0,0.0,0.0,0.0,0.0,0.0,0.0,0.0,0.0,0.0,0.0,0.0,0.0,0.0,0.0,0.0,0.0,0.0,0.0,0.0,0.0,0.0,0.0,0.0,0.0,0.0,0.0,0.0,0.0,0.0,0.0,0.0,0.0,0.0,0.0,0.0,0.0,0.0,0.0,0.0,0.0,0.0,0.0,0.0,0.0,0.0,0.0,0.0,0.0,0.0,0.0,0.0,0.0,0.0,0.0,0.0,0.0,0.0,0.0,0.0,0.0,0.0,0.0,0.0,0.0,0.0,0.0,0.0,0.0,0.0,0.0,0.0,0.0,0.0,0.0,0.0,0.0,0.0,0.0,0.0,0.0,0.0,0.0,0.0,0.0,0.0,0.0,0.0,0.0,0.0,0.0,0.0,0.0,0.0,0.0,0.0,0.0,0.0,0.0,0.0,0.0,0.0,0.0,0.0,0.0,0.0,0.0
2017-05-26 03:23:00+02:00,0.0,0.0,0.0,0.0,0.0,0.0,0.0,0.0,0.0,0.0,0.0,0.0,0.0,0.0,0.0,0.0,0.0,0.0,0.0,0.0,0.0,0.0,0.0,0.0,0.0,0.0,0.0,0.0,0.0,0.0,0.0,0.0,0.0,0.0,0.0,0.0,0.0,0.0,0.0,0.0,0.0,0.0,0.0,0.0,0.0,0.0,0.0,0.0,0.0,0.0,0.0,0.0,0.0,0.0,0.0,0.0,0.0,0.0,0.0,0.0,0.0,0.0,0.0,0.0,0.0,0.0,0.0,0.0,0.0,0.0,0.0,0.0,0.0,0.0,0.0,0.0,0.0,0.0,0.0,0.0,0.0,0.0,0.0,0.0,0.0,0.0,0.0,0.0,0.0,0.0,0.0,0.0,0.0,0.0,0.0,0.0,0.0,0.0,0.0,0.0,0.0,0.0,0.0,0.0,0.0,0.0,0.0,0.0,0.0,0.0,0.0,0.0,0.0,0.0,0.0,0.0,0.0,0.0
2017-05-26 03:24:00+02:00,0.0,0.0,0.0,0.0,0.0,0.0,0.0,0.0,0.0,0.0,0.0,0.0,0.0,0.0,0.0,0.0,0.0,0.0,0.0,0.0,0.0,0.0,0.0,0.0,0.0,0.0,0.0,0.0,0.0,0.0,0.0,0.0,0.0,0.0,0.0,0.0,0.0,0.0,0.0,0.0,0.0,0.0,0.0,0.0,0.0,0.0,0.0,0.0,0.0,0.0,0.0,0.0,0.0,0.0,0.0,0.0,0.0,0.0,0.0,0.0,0.0,0.0,0.0,0.0,0.0,0.0,0.0,0.0,0.0,0.0,0.0,0.0,0.0,0.0,0.0,0.0,0.0,0.0,0.0,0.0,0.0,0.0,0.0,0.0,0.0,0.0,0.0,0.0,0.0,0.0,0.0,0.0,0.0,0.0,0.0,0.0,0.0,0.0,0.0,0.0,0.0,0.0,0.0,0.0,0.0,0.0,0.0,0.0,0.0,0.0,0.0,0.0,0.0,0.0,0.0,0.0,0.0,0.0
2017-05-26 03:25:00+02:00,0.0,0.0,0.0,0.0,0.0,0.0,0.0,0.0,0.0,0.0,0.0,0.0,0.0,0.0,0.0,0.0,0.0,0.0,0.0,0.0,0.0,0.0,0.0,0.0,0.0,0.0,0.0,0.0,0.0,0.0,0.0,0.0,0.0,0.0,0.0,0.0,0.0,0.0,0.0,0.0,0.0,0.0,0.0,0.0,0.0,0.0,0.0,0.0,0.0,0.0,0.0,0.0,0.0,0.0,0.0,0.0,0.0,0.0,0.0,0.0,0.0,0.0,0.0,0.0,0.0,0.0,0.0,0.0,0.0,0.0,0.0,0.0,0.0,0.0,0.0,0.0,0.0,0.0,0.0,0.0,0.0,0.0,0.0,0.0,0.0,0.0,0.0,0.0,0.0,0.0,0.0,0.0,0.0,0.0,0.0,0.0,0.0,0.0,0.0,0.0,0.0,0.0,0.0,0.0,0.0,0.0,0.0,0.0,0.0,0.0,0.0,0.0,0.0,0.0,0.0,0.0,0.0,0.0
2017-05-26 03:26:00+02:00,0.0,0.0,0.0,0.0,0.0,0.0,0.0,0.0,0.0,0.0,0.0,0.0,0.0,0.0,0.0,0.0,0.0,0.0,0.0,0.0,0.0,0.0,0.0,0.0,0.0,0.0,0.0,0.0,0.0,0.0,0.0,0.0,0.0,0.0,0.0,0.0,0.0,0.0,0.0,0.0,0.0,0.0,0.0,0.0,0.0,0.0,0.0,0.0,0.0,0.0,0.0,0.0,0.0,0.0,0.0,0.0,0.0,0.0,0.0,0.0,0.0,0.0,0.0,0.0,0.0,0.0,0.0,0.0,0.0,0.0,0.0,0.0,0.0,0.0,0.0,0.0,0.0,0.0,0.0,0.0,0.0,0.0,0.0,0.0,0.0,0.0,0.0,0.0,0.0,0.0,0.0,0.0,0.0,0.0,0.0,0.0,0.0,0.0,0.0,0.0,0.0,0.0,0.0,0.0,0.0,0.0,0.0,0.0,0.0,0.0,0.0,0.0,0.0,0.0,0.0,0.0,0.0,0.0
2017-05-26 03:27:00+02:00,0.0,0.0,0.0,0.0,0.0,0.0,0.0,0.0,0.0,0.0,0.0,0.0,0.0,0.0,0.0,0.0,0.0,0.0,0.0,0.0,0.0,0.0,0.0,0.0,0.0,0.0,0.0,0.0,0.0,0.0,0.0,0.0,0.0,0.0,0.0,0.0,0.0,0.0,0.0,0.0,0.0,0.0,0.0,0.0,0.0,0.0,0.0,0.0,0.0,0.0,0.0,0.0,0.0,0.0,0.0,0.0,0.0,0.0,0.0,0.0,0.0,0.0,0.0,0.0,0.0,0.0,0.0,0.0,0.0,0.0,0.0,0.0,0.0,0.0,0.0,0.0,0.0,0.0,0.0,0.0,0.0,0.0,0.0,0.0,0.0,0.0,0.0,0.0,0.0,0.0,0.0,0.0,0.0,0.0,0.0,0.0,0.0,0.0,0.0,0.0,0.0,0.0,0.0,0.0,0.0,0.0,0.0,0.0,0.0,0.0,0.0,0.0,0.0,0.0,0.0,0.0,0.0,0.0
2017-05-26 03:28:00+02:00,0.0,0.0,0.0,0.0,0.0,0.0,0.0,0.0,0.0,0.0,0.0,0.0,0.0,0.0,0.0,0.0,0.0,0.0,0.0,0.0,0.0,0.0,0.0,0.0,0.0,0.0,0.0,0.0,0.0,0.0,0.0,0.0,0.0,0.0,0.0,0.0,0.0,0.0,0.0,0.0,0.0,0.0,0.0,0.0,0.0,0.0,0.0,0.0,0.0,0.0,0.0,0.0,0.0,0.0,0.0,0.0,0.0,0.0,0.0,0.0,0.0,0.0,0.0,0.0,0.0,0.0,0.0,0.0,0.0,0.0,0.0,0.0,0.0,0.0,0.0,0.0,0.0,0.0,0.0,0.0,0.0,0.0,0.0,0.0,0.0,0.0,0.0,0.0,0.0,0.0,0.0,0.0,0.0,0.0,0.0,0.0,0.0,0.0,0.0,0.0,0.0,0.0,0.0,0.0,0.0,0.0,0.0,0.0,0.0,0.0,0.0,0.0,0.0,0.0,0.0,0.0,0.0,0.0
2017-05-26 03:29:00+02:00,0.0,0.0,0.0,0.0,0.0,0.0,0.0,0.0,0.0,0.0,0.0,0.0,0.0,0.0,0.0,0.0,0.0,0.0,0.0,0.0,0.0,0.0,0.0,0.0,0.0,0.0,0.0,0.0,0.0,0.0,0.0,0.0,0.0,0.0,0.0,0.0,0.0,0.0,0.0,0.0,0.0,0.0,0.0,0.0,0.0,0.0,0.0,0.0,0.0,0.0,0.0,0.0,0.0,0.0,0.0,0.0,0.0,0.0,0.0,0.0,0.0,0.0,0.0,0.0,0.0,0.0,0.0,0.0,0.0,0.0,0.0,0.0,0.0,0.0,0.0,0.0,0.0,0.0,0.0,0.0,0.0,0.0,0.0,0.0,0.0,0.0,0.0,0.0,0.0,0.0,0.0,0.0,0.0,0.0,0.0,0.0,0.0,0.0,0.0,0.0,0.0,0.0,0.0,0.0,0.0,0.0,0.0,0.0,0.0,0.0,0.0,0.0,0.0,0.0,0.0,0.0,0.0,0.0
2017-05-26 03:30:00+02:00,0.0,0.0,0.0,0.0,0.0,0.0,0.0,0.0,0.0,0.0,0.0,0.0,0.0,0.0,0.0,0.0,0.0,0.0,0.0,0.0,0.0,0.0,0.0,0.0,0.0,0.0,0.0,0.0,0.0,0.0,0.0,0.0,0.0,0.0,0.0,0.0,0.0,0.0,0.0,0.0,0.0,0.0,0.0,0.0,0.0,0.0,0.0,0.0,0.0,0.0,0.0,0.0,0.0,0.0,0.0,0.0,0.0,0.0,0.0,0.0,0.0,0.0,0.0,0.0,0.0,0.0,0.0,0.0,0.0,0.0,0.0,0.0,0.0,0.0,0.0,0.0,0.0,0.0,0.0,0.0,0.0,0.0,0.0,0.0,0.0,0.0,0.0,0.0,0.0,0.0,0.0,0.0,0.0,0.0,0.0,0.0,0.0,0.0,0.0,0.0,0.0,0.0,0.0,0.0,0.0,0.0,0.0,0.0,0.0,0.0,0.0,0.0,0.0,0.0,0.0,0.0,0.0,0.0
2017-05-26 03:31:00+02:00,0.0,0.0,0.0,0.0,0.0,0.0,0.0,0.0,0.0,0.0,0.0,0.0,0.0,0.0,0.0,0.0,0.0,0.0,0.0,0.0,0.0,0.0,0.0,0.0,0.0,0.0,0.0,0.0,0.0,0.0,0.0,0.0,0.0,0.0,0.0,0.0,0.0,0.0,0.0,0.0,0.0,0.0,0.0,0.0,0.0,0.0,0.0,0.0,0.0,0.0,0.0,0.0,0.0,0.0,0.0,0.0,0.0,0.0,0.0,0.0,0.0,0.0,0.0,0.0,0.0,0.0,0.0,0.0,0.0,0.0,0.0,0.0,0.0,0.0,0.0,0.0,0.0,0.0,0.0,0.0,0.0,0.0,0.0,0.0,0.0,0.0,0.0,0.0,0.0,0.0,0.0,0.0,0.0,0.0,0.0,0.0,0.0,0.0,0.0,0.0,0.0,0.0,0.0,0.0,0.0,0.0,0.0,0.0,0.0,0.0,0.0,0.0,0.0,0.0,0.0,0.0,0.0,0.0
2017-05-26 03:32:00+02:00,0.0,0.0,0.0,0.0,0.0,0.0,0.0,0.0,0.0,0.0,0.0,0.0,0.0,0.0,0.0,0.0,0.0,0.0,0.0,0.0,0.0,0.0,0.0,0.0,0.0,0.0,0.0,0.0,0.0,0.0,0.0,0.0,0.0,0.0,0.0,0.0,0.0,0.0,0.0,0.0,0.0,0.0,0.0,0.0,0.0,0.0,0.0,0.0,0.0,0.0,0.0,0.0,0.0,0.0,0.0,0.0,0.0,0.0,0.0,0.0,0.0,0.0,0.0,0.0,0.0,0.0,0.0,0.0,0.0,0.0,0.0,0.0,0.0,0.0,0.0,0.0,0.0,0.0,0.0,0.0,0.0,0.0,0.0,0.0,0.0,0.0,0.0,0.0,0.0,0.0,0.0,0.0,0.0,0.0,0.0,0.0,0.0,0.0,0.0,0.0,0.0,0.0,0.0,0.0,0.0,0.0,0.0,0.0,0.0,0.0,0.0,0.0,0.0,0.0,0.0,0.0,0.0,0.0
2017-05-26 03:33:00+02:00,0.0,0.0,0.0,0.0,0.0,0.0,0.0,0.0,0.0,0.0,0.0,0.0,0.0,0.0,0.0,0.0,0.0,0.0,0.0,0.0,0.0,0.0,0.0,0.0,0.0,0.0,0.0,0.0,0.0,0.0,0.0,0.0,0.0,0.0,0.0,0.0,0.0,0.0,0.0,0.0,0.0,0.0,0.0,0.0,0.0,0.0,0.0,0.0,0.0,0.0,0.0,0.0,0.0,0.0,0.0,0.0,0.0,0.0,0.0,0.0,0.0,0.0,0.0,0.0,0.0,0.0,0.0,0.0,0.0,0.0,0.0,0.0,0.0,0.0,0.0,0.0,0.0,0.0,0.0,0.0,0.0,0.0,0.0,0.0,0.0,0.0,0.0,0.0,0.0,0.0,0.0,0.0,0.0,0.0,0.0,0.0,0.0,0.0,0.0,0.0,0.0,0.0,0.0,0.0,0.0,0.0,0.0,0.0,0.0,0.0,0.0,0.0,0.0,0.0,0.0,0.0,0.0,0.0
2017-05-26 03:34:00+02:00,0.0,0.0,0.0,0.0,0.0,0.0,0.0,0.0,0.0,0.0,0.0,0.0,0.0,0.0,0.0,0.0,0.0,0.0,0.0,0.0,0.0,0.0,0.0,0.0,0.0,0.0,0.0,0.0,0.0,0.0,0.0,0.0,0.0,0.0,0.0,0.0,0.0,0.0,0.0,0.0,0.0,0.0,0.0,0.0,0.0,0.0,0.0,0.0,0.0,0.0,0.0,0.0,0.0,0.0,0.0,0.0,0.0,0.0,0.0,0.0,0.0,0.0,0.0,0.0,0.0,0.0,0.0,0.0,0.0,0.0,0.0,0.0,0.0,0.0,0.0,0.0,0.0,0.0,0.0,0.0,0.0,0.0,0.0,0.0,0.0,0.0,0.0,0.0,0.0,0.0,0.0,0.0,0.0,0.0,0.0,0.0,0.0,0.0,0.0,0.0,0.0,0.0,0.0,0.0,0.0,0.0,0.0,0.0,0.0,0.0,0.0,0.0,0.0,0.0,0.0,0.0,0.0,0.0
2017-05-26 03:35:00+02:00,0.0,0.0,0.0,0.0,0.0,0.0,0.0,0.0,0.0,0.0,0.0,0.0,0.0,0.0,0.0,0.0,0.0,0.0,0.0,0.0,0.0,0.0,0.0,0.0,0.0,0.0,0.0,0.0,0.0,0.0,0.0,0.0,0.0,0.0,0.0,0.0,0.0,0.0,0.0,0.0,0.0,0.0,0.0,0.0,0.0,0.0,0.0,0.0,0.0,0.0,0.0,0.0,0.0,0.0,0.0,0.0,0.0,0.0,0.0,0.0,0.0,0.0,0.0,0.0,0.0,0.0,0.0,0.0,0.0,0.0,0.0,0.0,0.0,0.0,0.0,0.0,0.0,0.0,0.0,0.0,0.0,0.0,0.0,0.0,0.0,0.0,0.0,0.0,0.0,0.0,0.0,0.0,0.0,0.0,0.0,0.0,0.0,0.0,0.0,0.0,0.0,0.0,0.0,0.0,0.0,0.0,0.0,0.0,0.0,0.0,0.0,0.0,0.0,0.0,0.0,0.0,0.0,0.0
2017-05-26 03:36:00+02:00,0.0,0.0,0.0,0.0,0.0,0.0,0.0,0.0,0.0,0.0,0.0,0.0,0.0,0.0,0.0,0.0,0.0,0.0,0.0,0.0,0.0,0.0,0.0,0.0,0.0,0.0,0.0,0.0,0.0,0.0,0.0,0.0,0.0,0.0,0.0,0.0,0.0,0.0,0.0,0.0,0.0,0.0,0.0,0.0,0.0,0.0,0.0,0.0,0.0,0.0,0.0,0.0,0.0,0.0,0.0,0.0,0.0,0.0,0.0,0.0,0.0,0.0,0.0,0.0,0.0,0.0,0.0,0.0,0.0,0.0,0.0,0.0,0.0,0.0,0.0,0.0,0.0,0.0,0.0,0.0,0.0,0.0,0.0,0.0,0.0,0.0,0.0,0.0,0.0,0.0,0.0,0.0,0.0,0.0,0.0,0.0,0.0,0.0,0.0,0.0,0.0,0.0,0.0,0.0,0.0,0.0,0.0,0.0,0.0,0.0,0.0,0.0,0.0,0.0,0.0,0.0,0.0,0.0
2017-05-26 03:37:00+02:00,0.0,0.0,0.0,0.0,0.0,0.0,0.0,0.0,0.0,0.0,0.0,0.0,0.0,0.0,0.0,0.0,0.0,0.0,0.0,0.0,0.0,0.0,0.0,0.0,0.0,0.0,0.0,0.0,0.0,0.0,0.0,0.0,0.0,0.0,0.0,0.0,0.0,0.0,0.0,0.0,0.0,0.0,0.0,0.0,0.0,0.0,0.0,0.0,0.0,0.0,0.0,0.0,0.0,0.0,0.0,0.0,0.0,0.0,0.0,0.0,0.0,0.0,0.0,0.0,0.0,0.0,0.0,0.0,0.0,0.0,0.0,0.0,0.0,0.0,0.0,0.0,0.0,0.0,0.0,0.0,0.0,0.0,0.0,0.0,0.0,0.0,0.0,0.0,0.0,0.0,0.0,0.0,0.0,0.0,0.0,0.0,0.0,0.0,0.0,0.0,0.0,0.0,0.0,0.0,0.0,0.0,0.0,0.0,0.0,0.0,0.0,0.0,0.0,0.0,0.0,0.0,0.0,0.0
2017-05-26 03:38:00+02:00,0.0,0.0,0.0,0.0,0.0,0.0,0.0,0.0,0.0,0.0,0.0,0.0,0.0,0.0,0.0,0.0,0.0,0.0,0.0,0.0,0.0,0.0,0.0,0.0,0.0,0.0,0.0,0.0,0.0,0.0,0.0,0.0,0.0,0.0,0.0,0.0,0.0,0.0,0.0,0.0,0.0,0.0,0.0,0.0,0.0,0.0,0.0,0.0,0.0,0.0,0.0,0.0,0.0,0.0,0.0,0.0,0.0,0.0,0.0,0.0,0.0,0.0,0.0,0.0,0.0,0.0,0.0,0.0,0.0,0.0,0.0,0.0,0.0,0.0,0.0,0.0,0.0,0.0,0.0,0.0,0.0,0.0,0.0,0.0,0.0,0.0,0.0,0.0,0.0,0.0,0.0,0.0,0.0,0.0,0.0,0.0,0.0,0.0,0.0,0.0,0.0,0.0,0.0,0.0,0.0,0.0,0.0,0.0,0.0,0.0,0.0,0.0,0.0,0.0,0.0,0.0,0.0,0.0
2017-05-26 03:39:00+02:00,0.0,0.0,0.0,0.0,0.0,0.0,0.0,0.0,0.0,0.0,0.0,0.0,0.0,0.0,0.0,0.0,0.0,0.0,0.0,0.0,0.0,0.0,0.0,0.0,0.0,0.0,0.0,0.0,0.0,0.0,0.0,0.0,0.0,0.0,0.0,0.0,0.0,0.0,0.0,0.0,0.0,0.0,0.0,0.0,0.0,0.0,0.0,0.0,0.0,0.0,0.0,0.0,0.0,0.0,0.0,0.0,0.0,0.0,0.0,0.0,0.0,0.0,0.0,0.0,0.0,0.0,0.0,0.0,0.0,0.0,0.0,0.0,0.0,0.0,0.0,0.0,0.0,0.0,0.0,0.0,0.0,0.0,0.0,0.0,0.0,0.0,0.0,0.0,0.0,0.0,0.0,0.0,0.0,0.0,0.0,0.0,0.0,0.0,0.0,0.0,0.0,0.0,0.0,0.0,0.0,0.0,0.0,0.0,0.0,0.0,0.0,0.0,0.0,0.0,0.0,0.0,0.0,0.0
2017-05-26 03:40:00+02:00,0.0,0.0,0.0,0.0,0.0,0.0,0.0,0.0,0.0,0.0,0.0,0.0,0.0,0.0,0.0,0.0,0.0,0.0,0.0,0.0,0.0,0.0,0.0,0.0,0.0,0.0,0.0,0.0,0.0,0.0,0.0,0.0,0.0,0.0,0.0,0.0,0.0,0.0,0.0,0.0,0.0,0.0,0.0,0.0,0.0,0.0,0.0,0.0,0.0,0.0,0.0,0.0,0.0,0.0,0.0,0.0,0.0,0.0,0.0,0.0,0.0,0.0,0.0,0.0,0.0,0.0,0.0,0.0,0.0,0.0,0.0,0.0,0.0,0.0,0.0,0.0,0.0,0.0,0.0,0.0,0.0,0.0,0.0,0.0,0.0,0.0,0.0,0.0,0.0,0.0,0.0,0.0,0.0,0.0,0.0,0.0,0.0,0.0,0.0,0.0,0.0,0.0,0.0,0.0,0.0,0.0,0.0,0.0,0.0,0.0,0.0,0.0,0.0,0.0,0.0,0.0,0.0,0.0
2017-05-26 03:41:00+02:00,0.0,0.0,0.0,0.0,0.0,0.0,0.0,0.0,0.0,0.0,0.0,0.0,0.0,0.0,0.0,0.0,0.0,0.0,0.0,0.0,0.0,0.0,0.0,0.0,0.0,0.0,0.0,0.0,0.0,0.0,0.0,0.0,0.0,0.0,0.0,0.0,0.0,0.0,0.0,0.0,0.0,0.0,0.0,0.0,0.0,0.0,0.0,0.0,0.0,0.0,0.0,0.0,0.0,0.0,0.0,0.0,0.0,0.0,0.0,0.0,0.0,0.0,0.0,0.0,0.0,0.0,0.0,0.0,0.0,0.0,0.0,0.0,0.0,0.0,0.0,0.0,0.0,0.0,0.0,0.0,0.0,0.0,0.0,0.0,0.0,0.0,0.0,0.0,0.0,0.0,0.0,0.0,0.0,0.0,0.0,0.0,0.0,0.0,0.0,0.0,0.0,0.0,0.0,0.0,0.0,0.0,0.0,0.0,0.0,0.0,0.0,0.0,0.0,0.0,0.0,0.0,0.0,0.0
2017-05-26 03:42:00+02:00,0.0,0.0,0.0,0.0,0.0,0.0,0.0,0.0,0.0,0.0,0.0,0.0,0.0,0.0,0.0,0.0,0.0,0.0,0.0,0.0,0.0,0.0,0.0,0.0,0.0,0.0,0.0,0.0,0.0,0.0,0.0,0.0,0.0,0.0,0.0,0.0,0.0,0.0,0.0,0.0,0.0,0.0,0.0,0.0,0.0,0.0,0.0,0.0,0.0,0.0,0.0,0.0,0.0,0.0,0.0,0.0,0.0,0.0,0.0,0.0,0.0,0.0,0.0,0.0,0.0,0.0,0.0,0.0,0.0,0.0,0.0,0.0,0.0,0.0,0.0,0.0,0.0,0.0,0.0,0.0,0.0,0.0,0.0,0.0,0.0,0.0,0.0,0.0,0.0,0.0,0.0,0.0,0.0,0.0,0.0,0.0,0.0,0.0,0.0,0.0,0.0,0.0,0.0,0.0,0.0,0.0,0.0,0.0,0.0,0.0,0.0,0.0,0.0,0.0,0.0,0.0,0.0,0.0
2017-05-26 03:43:00+02:00,0.0,0.0,0.0,0.0,0.0,0.0,0.0,0.0,0.0,0.0,0.0,0.0,0.0,0.0,0.0,0.0,0.0,0.0,0.0,0.0,0.0,0.0,0.0,0.0,0.0,0.0,0.0,0.0,0.0,0.0,0.0,0.0,0.0,0.0,0.0,0.0,0.0,0.0,0.0,0.0,0.0,0.0,0.0,0.0,0.0,0.0,0.0,0.0,0.0,0.0,0.0,0.0,0.0,0.0,0.0,0.0,0.0,0.0,0.0,0.0,0.0,0.0,0.0,0.0,0.0,0.0,0.0,0.0,0.0,0.0,0.0,0.0,0.0,0.0,0.0,0.0,0.0,0.0,0.0,0.0,0.0,0.0,0.0,0.0,0.0,0.0,0.0,0.0,0.0,0.0,0.0,0.0,0.0,0.0,0.0,0.0,0.0,0.0,0.0,0.0,0.0,0.0,0.0,0.0,0.0,0.0,0.0,0.0,0.0,0.0,0.0,0.0,0.0,0.0,0.0,0.0,0.0,0.0
2017-05-26 03:44:00+02:00,0.0,0.0,0.0,0.0,0.0,0.0,0.0,0.0,0.0,0.0,0.0,0.0,0.0,0.0,0.0,0.0,0.0,0.0,0.0,0.0,0.0,0.0,0.0,0.0,0.0,0.0,0.0,0.0,0.0,0.0,0.0,0.0,0.0,0.0,0.0,0.0,0.0,0.0,0.0,0.0,0.0,0.0,0.0,0.0,0.0,0.0,0.0,0.0,0.0,0.0,0.0,0.0,0.0,0.0,0.0,0.0,0.0,0.0,0.0,0.0,0.0,0.0,0.0,0.0,0.0,0.0,0.0,0.0,0.0,0.0,0.0,0.0,0.0,0.0,0.0,0.0,0.0,0.0,0.0,0.0,0.0,0.0,0.0,0.0,0.0,0.0,0.0,0.0,0.0,0.0,0.0,0.0,0.0,0.0,0.0,0.0,0.0,0.0,0.0,0.0,0.0,0.0,0.0,0.0,0.0,0.0,0.0,0.0,0.0,0.0,0.0,0.0,0.0,0.0,0.0,0.0,0.0,0.0
2017-05-26 03:45:00+02:00,0.0,0.0,0.0,0.0,0.0,0.0,0.0,0.0,0.0,0.0,0.0,0.0,0.0,0.0,0.0,0.0,0.0,0.0,0.0,0.0,0.0,0.0,0.0,0.0,0.0,0.0,0.0,0.0,0.0,0.0,0.0,0.0,0.0,0.0,0.0,0.0,0.0,0.0,0.0,0.0,0.0,0.0,0.0,0.0,0.0,0.0,0.0,0.0,0.0,0.0,0.0,0.0,0.0,0.0,0.0,0.0,0.0,0.0,0.0,0.0,0.0,0.0,0.0,0.0,0.0,0.0,0.0,0.0,0.0,0.0,0.0,0.0,0.0,0.0,0.0,0.0,0.0,0.0,0.0,0.0,0.0,0.0,0.0,0.0,0.0,0.0,0.0,0.0,0.0,0.0,0.0,0.0,0.0,0.0,0.0,0.0,0.0,0.0,0.0,0.0,0.0,0.0,0.0,0.0,0.0,0.0,0.0,0.0,0.0,0.0,0.0,0.0,0.0,0.0,0.0,0.0,0.0,0.0
2017-05-26 03:46:00+02:00,0.0,0.0,0.0,0.0,0.0,0.0,0.0,0.0,0.0,0.0,0.0,0.0,0.0,0.0,0.0,0.0,0.0,0.0,0.0,0.0,0.0,0.0,0.0,0.0,0.0,0.0,0.0,0.0,0.0,0.0,0.0,0.0,0.0,0.0,0.0,0.0,0.0,0.0,0.0,0.0,0.0,0.0,0.0,0.0,0.0,0.0,0.0,0.0,0.0,0.0,0.0,0.0,0.0,0.0,0.0,0.0,0.0,0.0,0.0,0.0,0.0,0.0,0.0,0.0,0.0,0.0,0.0,0.0,0.0,0.0,0.0,0.0,0.0,0.0,0.0,0.0,0.0,0.0,0.0,0.0,0.0,0.0,0.0,0.0,0.0,0.0,0.0,0.0,0.0,0.0,0.0,0.0,0.0,0.0,0.0,0.0,0.0,0.0,0.0,0.0,0.0,0.0,0.0,0.0,0.0,0.0,0.0,0.0,0.0,0.0,0.0,0.0,0.0,0.0,0.0,0.0,0.0,0.0
2017-05-26 03:47:00+02:00,0.0,0.0,0.0,0.0,0.0,0.0,0.0,0.0,0.0,0.0,0.0,0.0,0.0,0.0,0.0,0.0,0.0,0.0,0.0,0.0,0.0,0.0,0.0,0.0,0.0,0.0,0.0,0.0,0.0,0.0,0.0,0.0,0.0,0.0,0.0,0.0,0.0,0.0,0.0,0.0,0.0,0.0,0.0,0.0,0.0,0.0,0.0,0.0,0.0,0.0,0.0,0.0,0.0,0.0,0.0,0.0,0.0,0.0,0.0,0.0,0.0,0.0,0.0,0.0,0.0,0.0,0.0,0.0,0.0,0.0,0.0,0.0,0.0,0.0,0.0,0.0,0.0,0.0,0.0,0.0,0.0,0.0,0.0,0.0,0.0,0.0,0.0,0.0,0.0,0.0,0.0,0.0,0.0,0.0,0.0,0.0,0.0,0.0,0.0,0.0,0.0,0.0,0.0,0.0,0.0,0.0,0.0,0.0,0.0,0.0,0.0,0.0,0.0,0.0,0.0,0.0,0.0,0.0
2017-05-26 03:48:00+02:00,0.0,0.0,0.0,0.0,0.0,0.0,0.0,0.0,0.0,0.0,0.0,0.0,0.0,0.0,0.0,0.0,0.0,0.0,0.0,0.0,0.0,0.0,0.0,0.0,0.0,0.0,0.0,0.0,0.0,0.0,0.0,0.0,0.0,0.0,0.0,0.0,0.0,0.0,0.0,0.0,0.0,0.0,0.0,0.0,0.0,0.0,0.0,0.0,0.0,0.0,0.0,0.0,0.0,0.0,0.0,0.0,0.0,0.0,0.0,0.0,0.0,0.0,0.0,0.0,0.0,0.0,0.0,0.0,0.0,0.0,0.0,0.0,0.0,0.0,0.0,0.0,0.0,0.0,0.0,0.0,0.0,0.0,0.0,0.0,0.0,0.0,0.0,0.0,0.0,0.0,0.0,0.0,0.0,0.0,0.0,0.0,0.0,0.0,0.0,0.0,0.0,0.0,0.0,0.0,0.0,0.0,0.0,0.0,0.0,0.0,0.0,0.0,0.0,0.0,0.0,0.0,0.0,0.0
2017-05-26 03:49:00+02:00,0.0,0.0,0.0,0.0,0.0,0.0,0.0,0.0,0.0,0.0,0.0,0.0,0.0,0.0,0.0,0.0,0.0,0.0,0.0,0.0,0.0,0.0,0.0,0.0,0.0,0.0,0.0,0.0,0.0,0.0,0.0,0.0,0.0,0.0,0.0,0.0,0.0,0.0,0.0,0.0,0.0,0.0,0.0,0.0,0.0,0.0,0.0,0.0,0.0,0.0,0.0,0.0,0.0,0.0,0.0,0.0,0.0,0.0,0.0,0.0,0.0,0.0,0.0,0.0,0.0,0.0,0.0,0.0,0.0,0.0,0.0,0.0,0.0,0.0,0.0,0.0,0.0,0.0,0.0,0.0,0.0,0.0,0.0,0.0,0.0,0.0,0.0,0.0,0.0,0.0,0.0,0.0,0.0,0.0,0.0,0.0,0.0,0.0,0.0,0.0,0.0,0.0,0.0,0.0,0.0,0.0,0.0,0.0,0.0,0.0,0.0,0.0,0.0,0.0,0.0,0.0,0.0,0.0
2017-05-26 03:50:00+02:00,0.0,0.0,0.0,0.0,0.0,0.0,0.0,0.0,0.0,0.0,0.0,0.0,0.0,0.0,0.0,0.0,0.0,0.0,0.0,0.0,0.0,0.0,0.0,0.0,0.0,0.0,0.0,0.0,0.0,0.0,0.0,0.0,0.0,0.0,0.0,0.0,0.0,0.0,0.0,0.0,0.0,0.0,0.0,0.0,0.0,0.0,0.0,0.0,0.0,0.0,0.0,0.0,0.0,0.0,0.0,0.0,0.0,0.0,0.0,0.0,0.0,0.0,0.0,0.0,0.0,0.0,0.0,0.0,0.0,0.0,0.0,0.0,0.0,0.0,0.0,0.0,0.0,0.0,0.0,0.0,0.0,0.0,0.0,0.0,0.0,0.0,0.0,0.0,0.0,0.0,0.0,0.0,0.0,0.0,0.0,0.0,0.0,0.0,0.0,0.0,0.0,0.0,0.0,0.0,0.0,0.0,0.0,0.0,0.0,0.0,0.0,0.0,0.0,0.0,0.0,0.0,0.0,0.0
2017-05-26 03:51:00+02:00,0.0,0.0,0.0,0.0,0.0,0.0,0.0,0.0,0.0,0.0,0.0,0.0,0.0,0.0,0.0,0.0,0.0,0.0,0.0,0.0,0.0,0.0,0.0,0.0,0.0,0.0,0.0,0.0,0.0,0.0,0.0,0.0,0.0,0.0,0.0,0.0,0.0,0.0,0.0,0.0,0.0,0.0,0.0,0.0,0.0,0.0,0.0,0.0,0.0,0.0,0.0,0.0,0.0,0.0,0.0,0.0,0.0,0.0,0.0,0.0,0.0,0.0,0.0,0.0,0.0,0.0,0.0,0.0,0.0,0.0,0.0,0.0,0.0,0.0,0.0,0.0,0.0,0.0,0.0,0.0,0.0,0.0,0.0,0.0,0.0,0.0,0.0,0.0,0.0,0.0,0.0,0.0,0.0,0.0,0.0,0.0,0.0,0.0,0.0,0.0,0.0,0.0,0.0,0.0,0.0,0.0,0.0,0.0,0.0,0.0,0.0,0.0,0.0,0.0,0.0,0.0,0.0,0.0
2017-05-26 03:52:00+02:00,0.0,0.0,0.0,0.0,0.0,0.0,0.0,0.0,0.0,0.0,0.0,0.0,0.0,0.0,0.0,0.0,0.0,0.0,0.0,0.0,0.0,0.0,0.0,0.0,0.0,0.0,0.0,0.0,0.0,0.0,0.0,0.0,0.0,0.0,0.0,0.0,0.0,0.0,0.0,0.0,0.0,0.0,0.0,0.0,0.0,0.0,0.0,0.0,0.0,0.0,0.0,0.0,0.0,0.0,0.0,0.0,0.0,0.0,0.0,0.0,0.0,0.0,0.0,0.0,0.0,0.0,0.0,0.0,0.0,0.0,0.0,0.0,0.0,0.0,0.0,0.0,0.0,0.0,0.0,0.0,0.0,0.0,0.0,0.0,0.0,0.0,0.0,0.0,0.0,0.0,0.0,0.0,0.0,0.0,0.0,0.0,0.0,0.0,0.0,0.0,0.0,0.0,0.0,0.0,0.0,0.0,0.0,0.0,0.0,0.0,0.0,0.0,0.0,0.0,0.0,0.0,0.0,0.0
2017-05-26 03:53:00+02:00,0.0,0.0,0.0,0.0,0.0,0.0,0.0,0.0,0.0,0.0,0.0,0.0,0.0,0.0,0.0,0.0,0.0,0.0,0.0,0.0,0.0,0.0,0.0,0.0,0.0,0.0,0.0,0.0,0.0,0.0,0.0,0.0,0.0,0.0,0.0,0.0,0.0,0.0,0.0,0.0,0.0,0.0,0.0,0.0,0.0,0.0,0.0,0.0,0.0,0.0,0.0,0.0,0.0,0.0,0.0,0.0,0.0,0.0,0.0,0.0,0.0,0.0,0.0,0.0,0.0,0.0,0.0,0.0,0.0,0.0,0.0,0.0,0.0,0.0,0.0,0.0,0.0,0.0,0.0,0.0,0.0,0.0,0.0,0.0,0.0,0.0,0.0,0.0,0.0,0.0,0.0,0.0,0.0,0.0,0.0,0.0,0.0,0.0,0.0,0.0,0.0,0.0,0.0,0.0,0.0,0.0,0.0,0.0,0.0,0.0,0.0,0.0,0.0,0.0,0.0,0.0,0.0,0.0
2017-05-26 03:54:00+02:00,0.0,0.0,0.0,0.0,0.0,0.0,0.0,0.0,0.0,0.0,0.0,0.0,0.0,0.0,0.0,0.0,0.0,0.0,0.0,0.0,0.0,0.0,0.0,0.0,0.0,0.0,0.0,0.0,0.0,0.0,0.0,0.0,0.0,0.0,0.0,0.0,0.0,0.0,0.0,0.0,0.0,0.0,0.0,0.0,0.0,0.0,0.0,0.0,0.0,0.0,0.0,0.0,0.0,0.0,0.0,0.0,0.0,0.0,0.0,0.0,0.0,0.0,0.0,0.0,0.0,0.0,0.0,0.0,0.0,0.0,0.0,0.0,0.0,0.0,0.0,0.0,0.0,0.0,0.0,0.0,0.0,0.0,0.0,0.0,0.0,0.0,0.0,0.0,0.0,0.0,0.0,0.0,0.0,0.0,0.0,0.0,0.0,0.0,0.0,0.0,0.0,0.0,0.0,0.0,0.0,0.0,0.0,0.0,0.0,0.0,0.0,0.0,0.0,0.0,0.0,0.0,0.0,0.0
2017-05-26 03:55:00+02:00,0.0,0.0,0.0,0.0,0.0,0.0,0.0,0.0,0.0,0.0,0.0,0.0,0.0,0.0,0.0,0.0,0.0,0.0,0.0,0.0,0.0,0.0,0.0,0.0,0.0,0.0,0.0,0.0,0.0,0.0,0.0,0.0,0.0,0.0,0.0,0.0,0.0,0.0,0.0,0.0,0.0,0.0,0.0,0.0,0.0,0.0,0.0,0.0,0.0,0.0,0.0,0.0,0.0,0.0,0.0,0.0,0.0,0.0,0.0,0.0,0.0,0.0,0.0,0.0,0.0,0.0,0.0,0.0,0.0,0.0,0.0,0.0,0.0,0.0,0.0,0.0,0.0,0.0,0.0,0.0,0.0,0.0,0.0,0.0,0.0,0.0,0.0,0.0,0.0,0.0,0.0,0.0,0.0,0.0,0.0,0.0,0.0,0.0,0.0,0.0,0.0,0.0,0.0,0.0,0.0,0.0,0.0,0.0,0.0,0.0,0.0,0.0,0.0,0.0,0.0,0.0,0.0,0.0
2017-05-26 03:56:00+02:00,0.0,0.0,0.0,0.0,0.0,0.0,0.0,0.0,0.0,0.0,0.0,0.0,0.0,0.0,0.0,0.0,0.0,0.0,0.0,0.0,0.0,0.0,0.0,0.0,0.0,0.0,0.0,0.0,0.0,0.0,0.0,0.0,0.0,0.0,0.0,0.0,0.0,0.0,0.0,0.0,0.0,0.0,0.0,0.0,0.0,0.0,0.0,0.0,0.0,0.0,0.0,0.0,0.0,0.0,0.0,0.0,0.0,0.0,0.0,0.0,0.0,0.0,0.0,0.0,0.0,0.0,0.0,0.0,0.0,0.0,0.0,0.0,0.0,0.0,0.0,0.0,0.0,0.0,0.0,0.0,0.0,0.0,0.0,0.0,0.0,0.0,0.0,0.0,0.0,0.0,0.0,0.0,0.0,0.0,0.0,0.0,0.0,0.0,0.0,0.0,0.0,0.0,0.0,0.0,0.0,0.0,0.0,0.0,0.0,0.0,0.0,0.0,0.0,0.0,0.0,0.0,0.0,0.0
2017-05-26 03:57:00+02:00,0.0,0.0,0.0,0.0,0.0,0.0,0.0,0.0,0.0,0.0,0.0,0.0,0.0,0.0,0.0,0.0,0.0,0.0,0.0,0.0,0.0,0.0,0.0,0.0,0.0,0.0,0.0,0.0,0.0,0.0,0.0,0.0,0.0,0.0,0.0,0.0,0.0,0.0,0.0,0.0,0.0,0.0,0.0,0.0,0.0,0.0,0.0,0.0,0.0,0.0,0.0,0.0,0.0,0.0,0.0,0.0,0.0,0.0,0.0,0.0,0.0,0.0,0.0,0.0,0.0,0.0,0.0,0.0,0.0,0.0,0.0,0.0,0.0,0.0,0.0,0.0,0.0,0.0,0.0,0.0,0.0,0.0,0.0,0.0,0.0,0.0,0.0,0.0,0.0,0.0,0.0,0.0,0.0,0.0,0.0,0.0,0.0,0.0,0.0,0.0,0.0,0.0,0.0,0.0,0.0,0.0,0.0,0.0,0.0,0.0,0.0,0.0,0.0,0.0,0.0,0.0,0.0,0.0
2017-05-26 03:58:00+02:00,0.0,0.0,0.0,0.0,0.0,0.0,0.0,0.0,0.0,0.0,0.0,0.0,0.0,0.0,0.0,0.0,0.0,0.0,0.0,0.0,0.0,0.0,0.0,0.0,0.0,0.0,0.0,0.0,0.0,0.0,0.0,0.0,0.0,0.0,0.0,0.0,0.0,0.0,0.0,0.0,0.0,0.0,0.0,0.0,0.0,0.0,0.0,0.0,0.0,0.0,0.0,0.0,0.0,0.0,0.0,0.0,0.0,0.0,0.0,0.0,0.0,0.0,0.0,0.0,0.0,0.0,0.0,0.0,0.0,0.0,0.0,0.0,0.0,0.0,0.0,0.0,0.0,0.0,0.0,0.0,0.0,0.0,0.0,0.0,0.0,0.0,0.0,0.0,0.0,0.0,0.0,0.0,0.0,0.0,0.0,0.0,0.0,0.0,0.0,0.0,0.0,0.0,0.0,0.0,0.0,0.0,0.0,0.0,0.0,0.0,0.0,0.0,0.0,0.0,0.0,0.0,0.0,0.0
2017-05-26 03:59:00+02:00,0.0,0.0,0.0,0.0,0.0,0.0,0.0,0.0,0.0,0.0,0.0,0.0,0.0,0.0,0.0,0.0,0.0,0.0,0.0,0.0,0.0,0.0,0.0,0.0,0.0,0.0,0.0,0.0,0.0,0.0,0.0,0.0,0.0,0.0,0.0,0.0,0.0,0.0,0.0,0.0,0.0,0.0,0.0,0.0,0.0,0.0,0.0,0.0,0.0,0.0,0.0,0.0,0.0,0.0,0.0,0.0,0.0,0.0,0.0,0.0,0.0,0.0,0.0,0.0,0.0,0.0,0.0,0.0,0.0,0.0,0.0,0.0,0.0,0.0,0.0,0.0,0.0,0.0,0.0,0.0,0.0,0.0,0.0,0.0,0.0,0.0,0.0,0.0,0.0,0.0,0.0,0.0,0.0,0.0,0.0,0.0,0.0,0.0,0.0,0.0,0.0,0.0,0.0,0.0,0.0,0.0,0.0,0.0,0.0,0.0,0.0,0.0,0.0,0.0,0.0,0.0,0.0,0.0
2017-05-26 04:00:00+02:00,0.0,0.0,0.0,0.0,0.0,0.0,0.0,0.0,0.0,0.0,0.0,0.0,0.0,0.0,0.0,0.0,0.0,0.0,0.0,0.0,0.0,0.0,0.0,0.0,0.0,0.0,0.0,0.0,0.0,0.0,0.0,0.0,0.0,0.0,0.0,0.0,0.0,0.0,0.0,0.0,0.0,0.0,0.0,0.0,0.0,0.0,0.0,0.0,0.0,0.0,0.0,0.0,0.0,0.0,0.0,0.0,0.0,0.0,0.0,0.0,0.0,0.0,0.0,0.0,0.0,0.0,0.0,0.0,0.0,0.0,0.0,0.0,0.0,0.0,0.0,0.0,0.0,0.0,0.0,0.0,0.0,0.0,0.0,0.0,0.0,0.0,0.0,0.0,0.0,0.0,0.0,0.0,0.0,0.0,0.0,0.0,0.0,0.0,0.0,0.0,0.0,0.0,0.0,0.0,0.0,0.0,0.0,0.0,0.0,0.0,0.0,0.0,0.0,0.0,0.0,0.0,0.0,0.0
2017-05-26 04:01:00+02:00,0.0,0.0,0.0,0.0,0.0,0.0,0.0,0.0,0.0,0.0,0.0,0.0,0.0,0.0,0.0,0.0,0.0,0.0,0.0,0.0,0.0,0.0,0.0,0.0,0.0,0.0,0.0,0.0,0.0,0.0,0.0,0.0,0.0,0.0,0.0,0.0,0.0,0.0,0.0,0.0,0.0,0.0,0.0,0.0,0.0,0.0,0.0,0.0,0.0,0.0,0.0,0.0,0.0,0.0,0.0,0.0,0.0,0.0,0.0,0.0,0.0,0.0,0.0,0.0,0.0,0.0,0.0,0.0,0.0,0.0,0.0,0.0,0.0,0.0,0.0,0.0,0.0,0.0,0.0,0.0,0.0,0.0,0.0,0.0,0.0,0.0,0.0,0.0,0.0,0.0,0.0,0.0,0.0,0.0,0.0,0.0,0.0,0.0,0.0,0.0,0.0,0.0,0.0,0.0,0.0,0.0,0.0,0.0,0.0,0.0,0.0,0.0,0.0,0.0,0.0,0.0,0.0,0.0
2017-05-26 04:02:00+02:00,0.0,0.0,0.0,0.0,0.0,0.0,0.0,0.0,0.0,0.0,0.0,0.0,0.0,0.0,0.0,0.0,0.0,0.0,0.0,0.0,0.0,0.0,0.0,0.0,0.0,0.0,0.0,0.0,0.0,0.0,0.0,0.0,0.0,0.0,0.0,0.0,0.0,0.0,0.0,0.0,0.0,0.0,0.0,0.0,0.0,0.0,0.0,0.0,0.0,0.0,0.0,0.0,0.0,0.0,0.0,0.0,0.0,0.0,0.0,0.0,0.0,0.0,0.0,0.0,0.0,0.0,0.0,0.0,0.0,0.0,0.0,0.0,0.0,0.0,0.0,0.0,0.0,0.0,0.0,0.0,0.0,0.0,0.0,0.0,0.0,0.0,0.0,0.0,0.0,0.0,0.0,0.0,0.0,0.0,0.0,0.0,0.0,0.0,0.0,0.0,0.0,0.0,0.0,0.0,0.0,0.0,0.0,0.0,0.0,0.0,0.0,0.0,0.0,0.0,0.0,0.0,0.0,0.0
2017-05-26 04:03:00+02:00,0.0,0.0,0.0,0.0,0.0,0.0,0.0,0.0,0.0,0.0,0.0,0.0,0.0,0.0,0.0,0.0,0.0,0.0,0.0,0.0,0.0,0.0,0.0,0.0,0.0,0.0,0.0,0.0,0.0,0.0,0.0,0.0,0.0,0.0,0.0,0.0,0.0,0.0,0.0,0.0,0.0,0.0,0.0,0.0,0.0,0.0,0.0,0.0,0.0,0.0,0.0,0.0,0.0,0.0,0.0,0.0,0.0,0.0,0.0,0.0,0.0,0.0,0.0,0.0,0.0,0.0,0.0,0.0,0.0,0.0,0.0,0.0,0.0,0.0,0.0,0.0,0.0,0.0,0.0,0.0,0.0,0.0,0.0,0.0,0.0,0.0,0.0,0.0,0.0,0.0,0.0,0.0,0.0,0.0,0.0,0.0,0.0,0.0,0.0,0.0,0.0,0.0,0.0,0.0,0.0,0.0,0.0,0.0,0.0,0.0,0.0,0.0,0.0,0.0,0.0,0.0,0.0,0.0
2017-05-26 04:04:00+02:00,0.0,0.0,0.0,0.0,0.0,0.0,0.0,0.0,0.0,0.0,0.0,0.0,0.0,0.0,0.0,0.0,0.0,0.0,0.0,0.0,0.0,0.0,0.0,0.0,0.0,0.0,0.0,0.0,0.0,0.0,0.0,0.0,0.0,0.0,0.0,0.0,0.0,0.0,0.0,0.0,0.0,0.0,0.0,0.0,0.0,0.0,0.0,0.0,0.0,0.0,0.0,0.0,0.0,0.0,0.0,0.0,0.0,0.0,0.0,0.0,0.0,0.0,0.0,0.0,0.0,0.0,0.0,0.0,0.0,0.0,0.0,0.0,0.0,0.0,0.0,0.0,0.0,0.0,0.0,0.0,0.0,0.0,0.0,0.0,0.0,0.0,0.0,0.0,0.0,0.0,0.0,0.0,0.0,0.0,0.0,0.0,0.0,0.0,0.0,0.0,0.0,0.0,0.0,0.0,0.0,0.0,0.0,0.0,0.0,0.0,0.0,0.0,0.0,0.0,0.0,0.0,0.0,0.0
2017-05-26 04:05:00+02:00,0.0,0.0,0.0,0.0,0.0,0.0,0.0,0.0,0.0,0.0,0.0,0.0,0.0,0.0,0.0,0.0,0.0,0.0,0.0,0.0,0.0,0.0,0.0,0.0,0.0,0.0,0.0,0.0,0.0,0.0,0.0,0.0,0.0,0.0,0.0,0.0,0.0,0.0,0.0,0.0,0.0,0.0,0.0,0.0,0.0,0.0,0.0,0.0,0.0,0.0,0.0,0.0,0.0,0.0,0.0,0.0,0.0,0.0,0.0,0.0,0.0,0.0,0.0,0.0,0.0,0.0,0.0,0.0,0.0,0.0,0.0,0.0,0.0,0.0,0.0,0.0,0.0,0.0,0.0,0.0,0.0,0.0,0.0,0.0,0.0,0.0,0.0,0.0,0.0,0.0,0.0,0.0,0.0,0.0,0.0,0.0,0.0,0.0,0.0,0.0,0.0,0.0,0.0,0.0,0.0,0.0,0.0,0.0,0.0,0.0,0.0,0.0,0.0,0.0,0.0,0.0,0.0,0.0
2017-05-26 04:06:00+02:00,0.0,0.0,0.0,0.0,0.0,0.0,0.0,0.0,0.0,0.0,0.0,0.0,0.0,0.0,0.0,0.0,0.0,0.0,0.0,0.0,0.0,0.0,0.0,0.0,0.0,0.0,0.0,0.0,0.0,0.0,0.0,0.0,0.0,0.0,0.0,0.0,0.0,0.0,0.0,0.0,0.0,0.0,0.0,0.0,0.0,0.0,0.0,0.0,0.0,0.0,0.0,0.0,0.0,0.0,0.0,0.0,0.0,0.0,0.0,0.0,0.0,0.0,0.0,0.0,0.0,0.0,0.0,0.0,0.0,0.0,0.0,0.0,0.0,0.0,0.0,0.0,0.0,0.0,0.0,0.0,0.0,0.0,0.0,0.0,0.0,0.0,0.0,0.0,0.0,0.0,0.0,0.0,0.0,0.0,0.0,0.0,0.0,0.0,0.0,0.0,0.0,0.0,0.0,0.0,0.0,0.0,0.0,0.0,0.0,0.0,0.0,0.0,0.0,0.0,0.0,0.0,0.0,0.0
2017-05-26 04:07:00+02:00,0.0,0.0,0.0,0.0,0.0,0.0,0.0,0.0,0.0,0.0,0.0,0.0,0.0,0.0,0.0,0.0,0.0,0.0,0.0,0.0,0.0,0.0,0.0,0.0,0.0,0.0,0.0,0.0,0.0,0.0,0.0,0.0,0.0,0.0,0.0,0.0,0.0,0.0,0.0,0.0,0.0,0.0,0.0,0.0,0.0,0.0,0.0,0.0,0.0,0.0,0.0,0.0,0.0,0.0,0.0,0.0,0.0,0.0,0.0,0.0,0.0,0.0,0.0,0.0,0.0,0.0,0.0,0.0,0.0,0.0,0.0,0.0,0.0,0.0,0.0,0.0,0.0,0.0,0.0,0.0,0.0,0.0,0.0,0.0,0.0,0.0,0.0,0.0,0.0,0.0,0.0,0.0,0.0,0.0,0.0,0.0,0.0,0.0,0.0,0.0,0.0,0.0,0.0,0.0,0.0,0.0,0.0,0.0,0.0,0.0,0.0,0.0,0.0,0.0,0.0,0.0,0.0,0.0
2017-05-26 04:08:00+02:00,0.0,0.0,0.0,0.0,0.0,0.0,0.0,0.0,0.0,0.0,0.0,0.0,0.0,0.0,0.0,0.0,0.0,0.0,0.0,0.0,0.0,0.0,0.0,0.0,0.0,0.0,0.0,0.0,0.0,0.0,0.0,0.0,0.0,0.0,0.0,0.0,0.0,0.0,0.0,0.0,0.0,0.0,0.0,0.0,0.0,0.0,0.0,0.0,0.0,0.0,0.0,0.0,0.0,0.0,0.0,0.0,0.0,0.0,0.0,0.0,0.0,0.0,0.0,0.0,0.0,0.0,0.0,0.0,0.0,0.0,0.0,0.0,0.0,0.0,0.0,0.0,0.0,0.0,0.0,0.0,0.0,0.0,0.0,0.0,0.0,0.0,0.0,0.0,0.0,0.0,0.0,0.0,0.0,0.0,0.0,0.0,0.0,0.0,0.0,0.0,0.0,0.0,0.0,0.0,0.0,0.0,0.0,0.0,0.0,0.0,0.0,0.0,0.0,0.0,0.0,0.0,0.0,0.0
2017-05-26 04:09:00+02:00,0.0,0.0,0.0,0.0,0.0,0.0,0.0,0.0,0.0,0.0,0.0,0.0,0.0,0.0,0.0,0.0,0.0,0.0,0.0,0.0,0.0,0.0,0.0,0.0,0.0,0.0,0.0,0.0,0.0,0.0,0.0,0.0,0.0,0.0,0.0,0.0,0.0,0.0,0.0,0.0,0.0,0.0,0.0,0.0,0.0,0.0,0.0,0.0,0.0,0.0,0.0,0.0,0.0,0.0,0.0,0.0,0.0,0.0,0.0,0.0,0.0,0.0,0.0,0.0,0.0,0.0,0.0,0.0,0.0,0.0,0.0,0.0,0.0,0.0,0.0,0.0,0.0,0.0,0.0,0.0,0.0,0.0,0.0,0.0,0.0,0.0,0.0,0.0,0.0,0.0,0.0,0.0,0.0,0.0,0.0,0.0,0.0,0.0,0.0,0.0,0.0,0.0,0.0,0.0,0.0,0.0,0.0,0.0,0.0,0.0,0.0,0.0,0.0,0.0,0.0,0.0,0.0,0.0
2017-05-26 04:10:00+02:00,0.0,0.0,0.0,0.0,0.0,0.0,0.0,0.0,0.0,0.0,0.0,0.0,0.0,0.0,0.0,0.0,0.0,0.0,0.0,0.0,0.0,0.0,0.0,0.0,0.0,0.0,0.0,0.0,0.0,0.0,0.0,0.0,0.0,0.0,0.0,0.0,0.0,0.0,0.0,0.0,0.0,0.0,0.0,0.0,0.0,0.0,0.0,0.0,0.0,0.0,0.0,0.0,0.0,0.0,0.0,0.0,0.0,0.0,0.0,0.0,0.0,0.0,0.0,0.0,0.0,0.0,0.0,0.0,0.0,0.0,0.0,0.0,0.0,0.0,0.0,0.0,0.0,0.0,0.0,0.0,0.0,0.0,0.0,0.0,0.0,0.0,0.0,0.0,0.0,0.0,0.0,0.0,0.0,0.0,0.0,0.0,0.0,0.0,0.0,0.0,0.0,0.0,0.0,0.0,0.0,0.0,0.0,0.0,0.0,0.0,0.0,0.0,0.0,0.0,0.0,0.0,0.0,0.0
2017-05-26 04:11:00+02:00,0.0,0.0,0.0,0.0,0.0,0.0,0.0,0.0,0.0,0.0,0.0,0.0,0.0,0.0,0.0,0.0,0.0,0.0,0.0,0.0,0.0,0.0,0.0,0.0,0.0,0.0,0.0,0.0,0.0,0.0,0.0,0.0,0.0,0.0,0.0,0.0,0.0,0.0,0.0,0.0,0.0,0.0,0.0,0.0,0.0,0.0,0.0,0.0,0.0,0.0,0.0,0.0,0.0,0.0,0.0,0.0,0.0,0.0,0.0,0.0,0.0,0.0,0.0,0.0,0.0,0.0,0.0,0.0,0.0,0.0,0.0,0.0,0.0,0.0,0.0,0.0,0.0,0.0,0.0,0.0,0.0,0.0,0.0,0.0,0.0,0.0,0.0,0.0,0.0,0.0,0.0,0.0,0.0,0.0,0.0,0.0,0.0,0.0,0.0,0.0,0.0,0.0,0.0,0.0,0.0,0.0,0.0,0.0,0.0,0.0,0.0,0.0,0.0,0.0,0.0,0.0,0.0,0.0
2017-05-26 04:12:00+02:00,0.0,0.0,0.0,0.0,0.0,0.0,0.0,0.0,0.0,0.0,0.0,0.0,0.0,0.0,0.0,0.0,0.0,0.0,0.0,0.0,0.0,0.0,0.0,0.0,0.0,0.0,0.0,0.0,0.0,0.0,0.0,0.0,0.0,0.0,0.0,0.0,0.0,0.0,0.0,0.0,0.0,0.0,0.0,0.0,0.0,0.0,0.0,0.0,0.0,0.0,0.0,0.0,0.0,0.0,0.0,0.0,0.0,0.0,0.0,0.0,0.0,0.0,0.0,0.0,0.0,0.0,0.0,0.0,0.0,0.0,0.0,0.0,0.0,0.0,0.0,0.0,0.0,0.0,0.0,0.0,0.0,0.0,0.0,0.0,0.0,0.0,0.0,0.0,0.0,0.0,0.0,0.0,0.0,0.0,0.0,0.0,0.0,0.0,0.0,0.0,0.0,0.0,0.0,0.0,0.0,0.0,0.0,0.0,0.0,0.0,0.0,0.0,0.0,0.0,0.0,0.0,0.0,0.0
2017-05-26 04:13:00+02:00,0.0,0.0,0.0,0.0,0.0,0.0,0.0,0.0,0.0,0.0,0.0,0.0,0.0,0.0,0.0,0.0,0.0,0.0,0.0,0.0,0.0,0.0,0.0,0.0,0.0,0.0,0.0,0.0,0.0,0.0,0.0,0.0,0.0,0.0,0.0,0.0,0.0,0.0,0.0,0.0,0.0,0.0,0.0,0.0,0.0,0.0,0.0,0.0,0.0,0.0,0.0,0.0,0.0,0.0,0.0,0.0,0.0,0.0,0.0,0.0,0.0,0.0,0.0,0.0,0.0,0.0,0.0,0.0,0.0,0.0,0.0,0.0,0.0,0.0,0.0,0.0,0.0,0.0,0.0,0.0,0.0,0.0,0.0,0.0,0.0,0.0,0.0,0.0,0.0,0.0,0.0,0.0,0.0,0.0,0.0,0.0,0.0,0.0,0.0,0.0,0.0,0.0,0.0,0.0,0.0,0.0,0.0,0.0,0.0,0.0,0.0,0.0,0.0,0.0,0.0,0.0,0.0,0.0
2017-05-26 04:14:00+02:00,0.0,0.0,0.0,0.0,0.0,0.0,0.0,0.0,0.0,0.0,0.0,0.0,0.0,0.0,0.0,0.0,0.0,0.0,0.0,0.0,0.0,0.0,0.0,0.0,0.0,0.0,0.0,0.0,0.0,0.0,0.0,0.0,0.0,0.0,0.0,0.0,0.0,0.0,0.0,0.0,0.0,0.0,0.0,0.0,0.0,0.0,0.0,0.0,0.0,0.0,0.0,0.0,0.0,0.0,0.0,0.0,0.0,0.0,0.0,0.0,0.0,0.0,0.0,0.0,0.0,0.0,0.0,0.0,0.0,0.0,0.0,0.0,0.0,0.0,0.0,0.0,0.0,0.0,0.0,0.0,0.0,0.0,0.0,0.0,0.0,0.0,0.0,0.0,0.0,0.0,0.0,0.0,0.0,0.0,0.0,0.0,0.0,0.0,0.0,0.0,0.0,0.0,0.0,0.0,0.0,0.0,0.0,0.0,0.0,0.0,0.0,0.0,0.0,0.0,0.0,0.0,0.0,0.0
2017-05-26 04:15:00+02:00,0.0,0.0,0.0,0.0,0.0,0.0,0.0,0.0,0.0,0.0,0.0,0.0,0.0,0.0,0.0,0.0,0.0,0.0,0.0,0.0,0.0,0.0,0.0,0.0,0.0,0.0,0.0,0.0,0.0,0.0,0.0,0.0,0.0,0.0,0.0,0.0,0.0,0.0,0.0,0.0,0.0,0.0,0.0,0.0,0.0,0.0,0.0,0.0,0.0,0.0,0.0,0.0,0.0,0.0,0.0,0.0,0.0,0.0,0.0,0.0,0.0,0.0,0.0,0.0,0.0,0.0,0.0,0.0,0.0,0.0,0.0,0.0,0.0,0.0,0.0,0.0,0.0,0.0,0.0,0.0,0.0,0.0,0.0,0.0,0.0,0.0,0.0,0.0,0.0,0.0,0.0,0.0,0.0,0.0,0.0,0.0,0.0,0.0,0.0,0.0,0.0,0.0,0.0,0.0,0.0,0.0,0.0,0.0,0.0,0.0,0.0,0.0,0.0,0.0,0.0,0.0,0.0,0.0
2017-05-26 04:16:00+02:00,0.0,0.0,0.0,0.0,0.0,0.0,0.0,0.0,0.0,0.0,0.0,0.0,0.0,0.0,0.0,0.0,0.0,0.0,0.0,0.0,0.0,0.0,0.0,0.0,0.0,0.0,0.0,0.0,0.0,0.0,0.0,0.0,0.0,0.0,0.0,0.0,0.0,0.0,0.0,0.0,0.0,0.0,0.0,0.0,0.0,0.0,0.0,0.0,0.0,0.0,0.0,0.0,0.0,0.0,0.0,0.0,0.0,0.0,0.0,0.0,0.0,0.0,0.0,0.0,0.0,0.0,0.0,0.0,0.0,0.0,0.0,0.0,0.0,0.0,0.0,0.0,0.0,0.0,0.0,0.0,0.0,0.0,0.0,0.0,0.0,0.0,0.0,0.0,0.0,0.0,0.0,0.0,0.0,0.0,0.0,0.0,0.0,0.0,0.0,0.0,0.0,0.0,0.0,0.0,0.0,0.0,0.0,0.0,0.0,0.0,0.0,0.0,0.0,0.0,0.0,0.0,0.0,0.0
2017-05-26 04:17:00+02:00,0.0,0.0,0.0,0.0,0.0,0.0,0.0,0.0,0.0,0.0,0.0,0.0,0.0,0.0,0.0,0.0,0.0,0.0,0.0,0.0,0.0,0.0,0.0,0.0,0.0,0.0,0.0,0.0,0.0,0.0,0.0,0.0,0.0,0.0,0.0,0.0,0.0,0.0,0.0,0.0,0.0,0.0,0.0,0.0,0.0,0.0,0.0,0.0,0.0,0.0,0.0,0.0,0.0,0.0,0.0,0.0,0.0,0.0,0.0,0.0,0.0,0.0,0.0,0.0,0.0,0.0,0.0,0.0,0.0,0.0,0.0,0.0,0.0,0.0,0.0,0.0,0.0,0.0,0.0,0.0,0.0,0.0,0.0,0.0,0.0,0.0,0.0,0.0,0.0,0.0,0.0,0.0,0.0,0.0,0.0,0.0,0.0,0.0,0.0,0.0,0.0,0.0,0.0,0.0,0.0,0.0,0.0,0.0,0.0,0.0,0.0,0.0,0.0,0.0,0.0,0.0,0.0,0.0
2017-05-26 04:18:00+02:00,0.0,0.0,0.0,0.0,0.0,0.0,0.0,0.0,0.0,0.0,0.0,0.0,0.0,0.0,0.0,0.0,0.0,0.0,0.0,0.0,0.0,0.0,0.0,0.0,0.0,0.0,0.0,0.0,0.0,0.0,0.0,0.0,0.0,0.0,0.0,0.0,0.0,0.0,0.0,0.0,0.0,0.0,0.0,0.0,0.0,0.0,0.0,0.0,0.0,0.0,0.0,0.0,0.0,0.0,0.0,0.0,0.0,0.0,0.0,0.0,0.0,0.0,0.0,0.0,0.0,0.0,0.0,0.0,0.0,0.0,0.0,0.0,0.0,0.0,0.0,0.0,0.0,0.0,0.0,0.0,0.0,0.0,0.0,0.0,0.0,0.0,0.0,0.0,0.0,0.0,0.0,0.0,0.0,0.0,0.0,0.0,0.0,0.0,0.0,0.0,0.0,0.0,0.0,0.0,0.0,0.0,0.0,0.0,0.0,0.0,0.0,0.0,0.0,0.0,0.0,0.0,0.0,0.0
2017-05-26 04:19:00+02:00,0.0,0.0,0.0,0.0,0.0,0.0,0.0,0.0,0.0,0.0,0.0,0.0,0.0,0.0,0.0,0.0,0.0,0.0,0.0,0.0,0.0,0.0,0.0,0.0,0.0,0.0,0.0,0.0,0.0,0.0,0.0,0.0,0.0,0.0,0.0,0.0,0.0,0.0,0.0,0.0,0.0,0.0,0.0,0.0,0.0,0.0,0.0,0.0,0.0,0.0,0.0,0.0,0.0,0.0,0.0,0.0,0.0,0.0,0.0,0.0,0.0,0.0,0.0,0.0,0.0,0.0,0.0,0.0,0.0,0.0,0.0,0.0,0.0,0.0,0.0,0.0,0.0,0.0,0.0,0.0,0.0,0.0,0.0,0.0,0.0,0.0,0.0,0.0,0.0,0.0,0.0,0.0,0.0,0.0,0.0,0.0,0.0,0.0,0.0,0.0,0.0,0.0,0.0,0.0,0.0,0.0,0.0,0.0,0.0,0.0,0.0,0.0,0.0,0.0,0.0,0.0,0.0,0.0
2017-05-26 04:20:00+02:00,0.0,0.0,0.0,0.0,0.0,0.0,0.0,0.0,0.0,0.0,0.0,0.0,0.0,0.0,0.0,0.0,0.0,0.0,0.0,0.0,0.0,0.0,0.0,0.0,0.0,0.0,0.0,0.0,0.0,0.0,0.0,0.0,0.0,0.0,0.0,0.0,0.0,0.0,0.0,0.0,0.0,0.0,0.0,0.0,0.0,0.0,0.0,0.0,0.0,0.0,0.0,0.0,0.0,0.0,0.0,0.0,0.0,0.0,0.0,0.0,0.0,0.0,0.0,0.0,0.0,0.0,0.0,0.0,0.0,0.0,0.0,0.0,0.0,0.0,0.0,0.0,0.0,0.0,0.0,0.0,0.0,0.0,0.0,0.0,0.0,0.0,0.0,0.0,0.0,0.0,0.0,0.0,0.0,0.0,0.0,0.0,0.0,0.0,0.0,0.0,0.0,0.0,0.0,0.0,0.0,0.0,0.0,0.0,0.0,0.0,0.0,0.0,0.0,0.0,0.0,0.0,0.0,0.0
2017-05-26 04:21:00+02:00,0.0,0.0,0.0,0.0,0.0,0.0,0.0,0.0,0.0,0.0,0.0,0.0,0.0,0.0,0.0,0.0,0.0,0.0,0.0,0.0,0.0,0.0,0.0,0.0,0.0,0.0,0.0,0.0,0.0,0.0,0.0,0.0,0.0,0.0,0.0,0.0,0.0,0.0,0.0,0.0,0.0,0.0,0.0,0.0,0.0,0.0,0.0,0.0,0.0,0.0,0.0,0.0,0.0,0.0,0.0,0.0,0.0,0.0,0.0,0.0,0.0,0.0,0.0,0.0,0.0,0.0,0.0,0.0,0.0,0.0,0.0,0.0,0.0,0.0,0.0,0.0,0.0,0.0,0.0,0.0,0.0,0.0,0.0,0.0,0.0,0.0,0.0,0.0,0.0,0.0,0.0,0.0,0.0,0.0,0.0,0.0,0.0,0.0,0.0,0.0,0.0,0.0,0.0,0.0,0.0,0.0,0.0,0.0,0.0,0.0,0.0,0.0,0.0,0.0,0.0,0.0,0.0,0.0
2017-05-26 04:22:00+02:00,0.0,0.0,0.0,0.0,0.0,0.0,0.0,0.0,0.0,0.0,0.0,0.0,0.0,0.0,0.0,0.0,0.0,0.0,0.0,0.0,0.0,0.0,0.0,0.0,0.0,0.0,0.0,0.0,0.0,0.0,0.0,0.0,0.0,0.0,0.0,0.0,0.0,0.0,0.0,0.0,0.0,0.0,0.0,0.0,0.0,0.0,0.0,0.0,0.0,0.0,0.0,0.0,0.0,0.0,0.0,0.0,0.0,0.0,0.0,0.0,0.0,0.0,0.0,0.0,0.0,0.0,0.0,0.0,0.0,0.0,0.0,0.0,0.0,0.0,0.0,0.0,0.0,0.0,0.0,0.0,0.0,0.0,0.0,0.0,0.0,0.0,0.0,0.0,0.0,0.0,0.0,0.0,0.0,0.0,0.0,0.0,0.0,0.0,0.0,0.0,0.0,0.0,0.0,0.0,0.0,0.0,0.0,0.0,0.0,0.0,0.0,0.0,0.0,0.0,0.0,0.0,0.0,0.0
2017-05-26 04:23:00+02:00,0.0,0.0,0.0,0.0,0.0,0.0,0.0,0.0,0.0,0.0,0.0,0.0,0.0,0.0,0.0,0.0,0.0,0.0,0.0,0.0,0.0,0.0,0.0,0.0,0.0,0.0,0.0,0.0,0.0,0.0,0.0,0.0,0.0,0.0,0.0,0.0,0.0,0.0,0.0,0.0,0.0,0.0,0.0,0.0,0.0,0.0,0.0,0.0,0.0,0.0,0.0,0.0,0.0,0.0,0.0,0.0,0.0,0.0,0.0,0.0,0.0,0.0,0.0,0.0,0.0,0.0,0.0,0.0,0.0,0.0,0.0,0.0,0.0,0.0,0.0,0.0,0.0,0.0,0.0,0.0,0.0,0.0,0.0,0.0,0.0,0.0,0.0,0.0,0.0,0.0,0.0,0.0,0.0,0.0,0.0,0.0,0.0,0.0,0.0,0.0,0.0,0.0,0.0,0.0,0.0,0.0,0.0,0.0,0.0,0.0,0.0,0.0,0.0,0.0,0.0,0.0,0.0,0.0
2017-05-26 04:24:00+02:00,0.0,0.0,0.0,0.0,0.0,0.0,0.0,0.0,0.0,0.0,0.0,0.0,0.0,0.0,0.0,0.0,0.0,0.0,0.0,0.0,0.0,0.0,0.0,0.0,0.0,0.0,0.0,0.0,0.0,0.0,0.0,0.0,0.0,0.0,0.0,0.0,0.0,0.0,0.0,0.0,0.0,0.0,0.0,0.0,0.0,0.0,0.0,0.0,0.0,0.0,0.0,0.0,0.0,0.0,0.0,0.0,0.0,0.0,0.0,0.0,0.0,0.0,0.0,0.0,0.0,0.0,0.0,0.0,0.0,0.0,0.0,0.0,0.0,0.0,0.0,0.0,0.0,0.0,0.0,0.0,0.0,0.0,0.0,0.0,0.0,0.0,0.0,0.0,0.0,0.0,0.0,0.0,0.0,0.0,0.0,0.0,0.0,0.0,0.0,0.0,0.0,0.0,0.0,0.0,0.0,0.0,0.0,0.0,0.0,0.0,0.0,0.0,0.0,0.0,0.0,0.0,0.0,0.0
2017-05-26 04:25:00+02:00,0.0,0.0,0.0,0.0,0.0,0.0,0.0,0.0,0.0,0.0,0.0,0.0,0.0,0.0,0.0,0.0,0.0,0.0,0.0,0.0,0.0,0.0,0.0,0.0,0.0,0.0,0.0,0.0,0.0,0.0,0.0,0.0,0.0,0.0,0.0,0.0,0.0,0.0,0.0,0.0,0.0,0.0,0.0,0.0,0.0,0.0,0.0,0.0,0.0,0.0,0.0,0.0,0.0,0.0,0.0,0.0,0.0,0.0,0.0,0.0,0.0,0.0,0.0,0.0,0.0,0.0,0.0,0.0,0.0,0.0,0.0,0.0,0.0,0.0,0.0,0.0,0.0,0.0,0.0,0.0,0.0,0.0,0.0,0.0,0.0,0.0,0.0,0.0,0.0,0.0,0.0,0.0,0.0,0.0,0.0,0.0,0.0,0.0,0.0,0.0,0.0,0.0,0.0,0.0,0.0,0.0,0.0,0.0,0.0,0.0,0.0,0.0,0.0,0.0,0.0,0.0,0.0,0.0
2017-05-26 04:26:00+02:00,0.0,0.0,0.0,0.0,0.0,0.0,0.0,0.0,0.0,0.0,0.0,0.0,0.0,0.0,0.0,0.0,0.0,0.0,0.0,0.0,0.0,0.0,0.0,0.0,0.0,0.0,0.0,0.0,0.0,0.0,0.0,0.0,0.0,0.0,0.0,0.0,0.0,0.0,0.0,0.0,0.0,0.0,0.0,0.0,0.0,0.0,0.0,0.0,0.0,0.0,0.0,0.0,0.0,0.0,0.0,0.0,0.0,0.0,0.0,0.0,0.0,0.0,0.0,0.0,0.0,0.0,0.0,0.0,0.0,0.0,0.0,0.0,0.0,0.0,0.0,0.0,0.0,0.0,0.0,0.0,0.0,0.0,0.0,0.0,0.0,0.0,0.0,0.0,0.0,0.0,0.0,0.0,0.0,0.0,0.0,0.0,0.0,0.0,0.0,0.0,0.0,0.0,0.0,0.0,0.0,0.0,0.0,0.0,0.0,0.0,0.0,0.0,0.0,0.0,0.0,0.0,0.0,0.0
2017-05-26 04:27:00+02:00,0.0,0.0,0.0,0.0,0.0,0.0,0.0,0.0,0.0,0.0,0.0,0.0,0.0,0.0,0.0,0.0,0.0,0.0,0.0,0.0,0.0,0.0,0.0,0.0,0.0,0.0,0.0,0.0,0.0,0.0,0.0,0.0,0.0,0.0,0.0,0.0,0.0,0.0,0.0,0.0,0.0,0.0,0.0,0.0,0.0,0.0,0.0,0.0,0.0,0.0,0.0,0.0,0.0,0.0,0.0,0.0,0.0,0.0,0.0,0.0,0.0,0.0,0.0,0.0,0.0,0.0,0.0,0.0,0.0,0.0,0.0,0.0,0.0,0.0,0.0,0.0,0.0,0.0,0.0,0.0,0.0,0.0,0.0,0.0,0.0,0.0,0.0,0.0,0.0,0.0,0.0,0.0,0.0,0.0,0.0,0.0,0.0,0.0,0.0,0.0,0.0,0.0,0.0,0.0,0.0,0.0,0.0,0.0,0.0,0.0,0.0,0.0,0.0,0.0,0.0,0.0,0.0,0.0
2017-05-26 04:28:00+02:00,0.0,0.0,0.0,0.0,0.0,0.0,0.0,0.0,0.0,0.0,0.0,0.0,0.0,0.0,0.0,0.0,0.0,0.0,0.0,0.0,0.0,0.0,0.0,0.0,0.0,0.0,0.0,0.0,0.0,0.0,0.0,0.0,0.0,0.0,0.0,0.0,0.0,0.0,0.0,0.0,0.0,0.0,0.0,0.0,0.0,0.0,0.0,0.0,0.0,0.0,0.0,0.0,0.0,0.0,0.0,0.0,0.0,0.0,0.0,0.0,0.0,0.0,0.0,0.0,0.0,0.0,0.0,0.0,0.0,0.0,0.0,0.0,0.0,0.0,0.0,0.0,0.0,0.0,0.0,0.0,0.0,0.0,0.0,0.0,0.0,0.0,0.0,0.0,0.0,0.0,0.0,0.0,0.0,0.0,0.0,0.0,0.0,0.0,0.0,0.0,0.0,0.0,0.0,0.0,0.0,0.0,0.0,0.0,0.0,0.0,0.0,0.0,0.0,0.0,0.0,0.0,0.0,0.0
2017-05-26 04:29:00+02:00,0.0,0.0,0.0,0.0,0.0,0.0,0.0,0.0,0.0,0.0,0.0,0.0,0.0,0.0,0.0,0.0,0.0,0.0,0.0,0.0,0.0,0.0,0.0,0.0,0.0,0.0,0.0,0.0,0.0,0.0,0.0,0.0,0.0,0.0,0.0,0.0,0.0,0.0,0.0,0.0,0.0,0.0,0.0,0.0,0.0,0.0,0.0,0.0,0.0,0.0,0.0,0.0,0.0,0.0,0.0,0.0,0.0,0.0,0.0,0.0,0.0,0.0,0.0,0.0,0.0,0.0,0.0,0.0,0.0,0.0,0.0,0.0,0.0,0.0,0.0,0.0,0.0,0.0,0.0,0.0,0.0,0.0,0.0,0.0,0.0,0.0,0.0,0.0,0.0,0.0,0.0,0.0,0.0,0.0,0.0,0.0,0.0,0.0,0.0,0.0,0.0,0.0,0.0,0.0,0.0,0.0,0.0,0.0,0.0,0.0,0.0,0.0,0.0,0.0,0.0,0.0,0.0,0.0
2017-05-26 04:30:00+02:00,0.0,0.0,0.0,0.0,0.0,0.0,0.0,0.0,0.0,0.0,0.0,0.0,0.0,0.0,0.0,0.0,0.0,0.0,0.0,0.0,0.0,0.0,0.0,0.0,0.0,0.0,0.0,0.0,0.0,0.0,0.0,0.0,0.0,0.0,0.0,0.0,0.0,0.0,0.0,0.0,0.0,0.0,0.0,0.0,0.0,0.0,0.0,0.0,0.0,0.0,0.0,0.0,0.0,0.0,0.0,0.0,0.0,0.0,0.0,0.0,0.0,0.0,0.0,0.0,0.0,0.0,0.0,0.0,0.0,0.0,0.0,0.0,0.0,0.0,0.0,0.0,0.0,0.0,0.0,0.0,0.0,0.0,0.0,0.0,0.0,0.0,0.0,0.0,0.0,0.0,0.0,0.0,0.0,0.0,0.0,0.0,0.0,0.0,0.0,0.0,0.0,0.0,0.0,0.0,0.0,0.0,0.0,0.0,0.0,0.0,0.0,0.0,0.0,0.0,0.0,0.0,0.0,0.0
2017-05-26 04:31:00+02:00,0.0,0.0,0.0,0.0,0.0,0.0,0.0,0.0,0.0,0.0,0.0,0.0,0.0,0.0,0.0,0.0,0.0,0.0,0.0,0.0,0.0,0.0,0.0,0.0,0.0,0.0,0.0,0.0,0.0,0.0,0.0,0.0,0.0,0.0,0.0,0.0,0.0,0.0,0.0,0.0,0.0,0.0,0.0,0.0,0.0,0.0,0.0,0.0,0.0,0.0,0.0,0.0,0.0,0.0,0.0,0.0,0.0,0.0,0.0,0.0,0.0,0.0,0.0,0.0,0.0,0.0,0.0,0.0,0.0,0.0,0.0,0.0,0.0,0.0,0.0,0.0,0.0,0.0,0.0,0.0,0.0,0.0,0.0,0.0,0.0,0.0,0.0,0.0,0.0,0.0,0.0,0.0,0.0,0.0,0.0,0.0,0.0,0.0,0.0,0.0,0.0,0.0,0.0,0.0,0.0,0.0,0.0,0.0,0.0,0.0,0.0,0.0,0.0,0.0,0.0,0.0,0.0,0.0
2017-05-26 04:32:00+02:00,0.0,0.0,0.0,0.0,0.0,0.0,0.0,0.0,0.0,0.0,0.0,0.0,0.0,0.0,0.0,0.0,0.0,0.0,0.0,0.0,0.0,0.0,0.0,0.0,0.0,0.0,0.0,0.0,0.0,0.0,0.0,0.0,0.0,0.0,0.0,0.0,0.0,0.0,0.0,0.0,0.0,0.0,0.0,0.0,0.0,0.0,0.0,0.0,0.0,0.0,0.0,0.0,0.0,0.0,0.0,0.0,0.0,0.0,0.0,0.0,0.0,0.0,0.0,0.0,0.0,0.0,0.0,0.0,0.0,0.0,0.0,0.0,0.0,0.0,0.0,0.0,0.0,0.0,0.0,0.0,0.0,0.0,0.0,0.0,0.0,0.0,0.0,0.0,0.0,0.0,0.0,0.0,0.0,0.0,0.0,0.0,0.0,0.0,0.0,0.0,0.0,0.0,0.0,0.0,0.0,0.0,0.0,0.0,0.0,0.0,0.0,0.0,0.0,0.0,0.0,0.0,0.0,0.0
2017-05-26 04:33:00+02:00,0.0,0.0,0.0,0.0,0.0,0.0,0.0,0.0,0.0,0.0,0.0,0.0,0.0,0.0,0.0,0.0,0.0,0.0,0.0,0.0,0.0,0.0,0.0,0.0,0.0,0.0,0.0,0.0,0.0,0.0,0.0,0.0,0.0,0.0,0.0,0.0,0.0,0.0,0.0,0.0,0.0,0.0,0.0,0.0,0.0,0.0,0.0,0.0,0.0,0.0,0.0,0.0,0.0,0.0,0.0,0.0,0.0,0.0,0.0,0.0,0.0,0.0,0.0,0.0,0.0,0.0,0.0,0.0,0.0,0.0,0.0,0.0,0.0,0.0,0.0,0.0,0.0,0.0,0.0,0.0,0.0,0.0,0.0,0.0,0.0,0.0,0.0,0.0,0.0,0.0,0.0,0.0,0.0,0.0,0.0,0.0,0.0,0.0,0.0,0.0,0.0,0.0,0.0,0.0,0.0,0.0,0.0,0.0,0.0,0.0,0.0,0.0,0.0,0.0,0.0,0.0,0.0,0.0
2017-05-26 04:34:00+02:00,0.0,0.0,0.0,0.0,0.0,0.0,0.0,0.0,0.0,0.0,0.0,0.0,0.0,0.0,0.0,0.0,0.0,0.0,0.0,0.0,0.0,0.0,0.0,0.0,0.0,0.0,0.0,0.0,0.0,0.0,0.0,0.0,0.0,0.0,0.0,0.0,0.0,0.0,0.0,0.0,0.0,0.0,0.0,0.0,0.0,0.0,0.0,0.0,0.0,0.0,0.0,0.0,0.0,0.0,0.0,0.0,0.0,0.0,0.0,0.0,0.0,0.0,0.0,0.0,0.0,0.0,0.0,0.0,0.0,0.0,0.0,0.0,0.0,0.0,0.0,0.0,0.0,0.0,0.0,0.0,0.0,0.0,0.0,0.0,0.0,0.0,0.0,0.0,0.0,0.0,0.0,0.0,0.0,0.0,0.0,0.0,0.0,0.0,0.0,0.0,0.0,0.0,0.0,0.0,0.0,0.0,0.0,0.0,0.0,0.0,0.0,0.0,0.0,0.0,0.0,0.0,0.0,0.0
2017-05-26 04:35:00+02:00,0.0,0.0,0.0,0.0,0.0,0.0,0.0,0.0,0.0,0.0,0.0,0.0,0.0,0.0,0.0,0.0,0.0,0.0,0.0,0.0,0.0,0.0,0.0,0.0,0.0,0.0,0.0,0.0,0.0,0.0,0.0,0.0,0.0,0.0,0.0,0.0,0.0,0.0,0.0,0.0,0.0,0.0,0.0,0.0,0.0,0.0,0.0,0.0,0.0,0.0,0.0,0.0,0.0,0.0,0.0,0.0,0.0,0.0,0.0,0.0,0.0,0.0,0.0,0.0,0.0,0.0,0.0,0.0,0.0,0.0,0.0,0.0,0.0,0.0,0.0,0.0,0.0,0.0,0.0,0.0,0.0,0.0,0.0,0.0,0.0,0.0,0.0,0.0,0.0,0.0,0.0,0.0,0.0,0.0,0.0,0.0,0.0,0.0,0.0,0.0,0.0,0.0,0.0,0.0,0.0,0.0,0.0,0.0,0.0,0.0,0.0,0.0,0.0,0.0,0.0,0.0,0.0,0.0
2017-05-26 04:36:00+02:00,0.0,0.0,0.0,0.0,0.0,0.0,0.0,0.0,0.0,0.0,0.0,0.0,0.0,0.0,0.0,0.0,0.0,0.0,0.0,0.0,0.0,0.0,0.0,0.0,0.0,0.0,0.0,0.0,0.0,0.0,0.0,0.0,0.0,0.0,0.0,0.0,0.0,0.0,0.0,0.0,0.0,0.0,0.0,0.0,0.0,0.0,0.0,0.0,0.0,0.0,0.0,0.0,0.0,0.0,0.0,0.0,0.0,0.0,0.0,0.0,0.0,0.0,0.0,0.0,0.0,0.0,0.0,0.0,0.0,0.0,0.0,0.0,0.0,0.0,0.0,0.0,0.0,0.0,0.0,0.0,0.0,0.0,0.0,0.0,0.0,0.0,0.0,0.0,0.0,0.0,0.0,0.0,0.0,0.0,0.0,0.0,0.0,0.0,0.0,0.0,0.0,0.0,0.0,0.0,0.0,0.0,0.0,0.0,0.0,0.0,0.0,0.0,0.0,0.0,0.0,0.0,0.0,0.0
2017-05-26 04:37:00+02:00,0.0,0.0,0.0,0.0,0.0,0.0,0.0,0.0,0.0,0.0,0.0,0.0,0.0,0.0,0.0,0.0,0.0,0.0,0.0,0.0,0.0,0.0,0.0,0.0,0.0,0.0,0.0,0.0,0.0,0.0,0.0,0.0,0.0,0.0,0.0,0.0,0.0,0.0,0.0,0.0,0.0,0.0,0.0,0.0,0.0,0.0,0.0,0.0,0.0,0.0,0.0,0.0,0.0,0.0,0.0,0.0,0.0,0.0,0.0,0.0,0.0,0.0,0.0,0.0,0.0,0.0,0.0,0.0,0.0,0.0,0.0,0.0,0.0,0.0,0.0,0.0,0.0,0.0,0.0,0.0,0.0,0.0,0.0,0.0,0.0,0.0,0.0,0.0,0.0,0.0,0.0,0.0,0.0,0.0,0.0,0.0,0.0,0.0,0.0,0.0,0.0,0.0,0.0,0.0,0.0,0.0,0.0,0.0,0.0,0.0,0.0,0.0,0.0,0.0,0.0,0.0,0.0,0.0
2017-05-26 04:38:00+02:00,0.0,0.0,0.0,0.0,0.0,0.0,0.0,0.0,0.0,0.0,0.0,0.0,0.0,0.0,0.0,0.0,0.0,0.0,0.0,0.0,0.0,0.0,0.0,0.0,0.0,0.0,0.0,0.0,0.0,0.0,0.0,0.0,0.0,0.0,0.0,0.0,0.0,0.0,0.0,0.0,0.0,0.0,0.0,0.0,0.0,0.0,0.0,0.0,0.0,0.0,0.0,0.0,0.0,0.0,0.0,0.0,0.0,0.0,0.0,0.0,0.0,0.0,0.0,0.0,0.0,0.0,0.0,0.0,0.0,0.0,0.0,0.0,0.0,0.0,0.0,0.0,0.0,0.0,0.0,0.0,0.0,0.0,0.0,0.0,0.0,0.0,0.0,0.0,0.0,0.0,0.0,0.0,0.0,0.0,0.0,0.0,0.0,0.0,0.0,0.0,0.0,0.0,0.0,0.0,0.0,0.0,0.0,0.0,0.0,0.0,0.0,0.0,0.0,0.0,0.0,0.0,0.0,0.0
2017-05-26 04:39:00+02:00,0.0,0.0,0.0,0.0,0.0,0.0,0.0,0.0,0.0,0.0,0.0,0.0,0.0,0.0,0.0,0.0,0.0,0.0,0.0,0.0,0.0,0.0,0.0,0.0,0.0,0.0,0.0,0.0,0.0,0.0,0.0,0.0,0.0,0.0,0.0,0.0,0.0,0.0,0.0,0.0,0.0,0.0,0.0,0.0,0.0,0.0,0.0,0.0,0.0,0.0,0.0,0.0,0.0,0.0,0.0,0.0,0.0,0.0,0.0,0.0,0.0,0.0,0.0,0.0,0.0,0.0,0.0,0.0,0.0,0.0,0.0,0.0,0.0,0.0,0.0,0.0,0.0,0.0,0.0,0.0,0.0,0.0,0.0,0.0,0.0,0.0,0.0,0.0,0.0,0.0,0.0,0.0,0.0,0.0,0.0,0.0,0.0,0.0,0.0,0.0,0.0,0.0,0.0,0.0,0.0,0.0,0.0,0.0,0.0,0.0,0.0,0.0,0.0,0.0,0.0,0.0,0.0,0.0
2017-05-26 04:40:00+02:00,0.0,0.0,0.0,0.0,0.0,0.0,0.0,0.0,0.0,0.0,0.0,0.0,0.0,0.0,0.0,0.0,0.0,0.0,0.0,0.0,0.0,0.0,0.0,0.0,0.0,0.0,0.0,0.0,0.0,0.0,0.0,0.0,0.0,0.0,0.0,0.0,0.0,0.0,0.0,0.0,0.0,0.0,0.0,0.0,0.0,0.0,0.0,0.0,0.0,0.0,0.0,0.0,0.0,0.0,0.0,0.0,0.0,0.0,0.0,0.0,0.0,0.0,0.0,0.0,0.0,0.0,0.0,0.0,0.0,0.0,0.0,0.0,0.0,0.0,0.0,0.0,0.0,0.0,0.0,0.0,0.0,0.0,0.0,0.0,0.0,0.0,0.0,0.0,0.0,0.0,0.0,0.0,0.0,0.0,0.0,0.0,0.0,0.0,0.0,0.0,0.0,0.0,0.0,0.0,0.0,0.0,0.0,0.0,0.0,0.0,0.0,0.0,0.0,0.0,0.0,0.0,0.0,0.0
2017-05-26 04:41:00+02:00,0.0,0.0,0.0,0.0,0.0,0.0,0.0,0.0,0.0,0.0,0.0,0.0,0.0,0.0,0.0,0.0,0.0,0.0,0.0,0.0,0.0,0.0,0.0,0.0,0.0,0.0,0.0,0.0,0.0,0.0,0.0,0.0,0.0,0.0,0.0,0.0,0.0,0.0,0.0,0.0,0.0,0.0,0.0,0.0,0.0,0.0,0.0,0.0,0.0,0.0,0.0,0.0,0.0,0.0,0.0,0.0,0.0,0.0,0.0,0.0,0.0,0.0,0.0,0.0,0.0,0.0,0.0,0.0,0.0,0.0,0.0,0.0,0.0,0.0,0.0,0.0,0.0,0.0,0.0,0.0,0.0,0.0,0.0,0.0,0.0,0.0,0.0,0.0,0.0,0.0,0.0,0.0,0.0,0.0,0.0,0.0,0.0,0.0,0.0,0.0,0.0,0.0,0.0,0.0,0.0,0.0,0.0,0.0,0.0,0.0,0.0,0.0,0.0,0.0,0.0,0.0,0.0,0.0
2017-05-26 04:42:00+02:00,0.0,0.0,0.0,0.0,0.0,0.0,0.0,0.0,0.0,0.0,0.0,0.0,0.0,0.0,0.0,0.0,0.0,0.0,0.0,0.0,0.0,0.0,0.0,0.0,0.0,0.0,0.0,0.0,0.0,0.0,0.0,0.0,0.0,0.0,0.0,0.0,0.0,0.0,0.0,0.0,0.0,0.0,0.0,0.0,0.0,0.0,0.0,0.0,0.0,0.0,0.0,0.0,0.0,0.0,0.0,0.0,0.0,0.0,0.0,0.0,0.0,0.0,0.0,0.0,0.0,0.0,0.0,0.0,0.0,0.0,0.0,0.0,0.0,0.0,0.0,0.0,0.0,0.0,0.0,0.0,0.0,0.0,0.0,0.0,0.0,0.0,0.0,0.0,0.0,0.0,0.0,0.0,0.0,0.0,0.0,0.0,0.0,0.0,0.0,0.0,0.0,0.0,0.0,0.0,0.0,0.0,0.0,0.0,0.0,0.0,0.0,0.0,0.0,0.0,0.0,0.0,0.0,0.0
2017-05-26 04:43:00+02:00,0.0,0.0,0.0,0.0,0.0,0.0,0.0,0.0,0.0,0.0,0.0,0.0,0.0,0.0,0.0,0.0,0.0,0.0,0.0,0.0,0.0,0.0,0.0,0.0,0.0,0.0,0.0,0.0,0.0,0.0,0.0,0.0,0.0,0.0,0.0,0.0,0.0,0.0,0.0,0.0,0.0,0.0,0.0,0.0,0.0,0.0,0.0,0.0,0.0,0.0,0.0,0.0,0.0,0.0,0.0,0.0,0.0,0.0,0.0,0.0,0.0,0.0,0.0,0.0,0.0,0.0,0.0,0.0,0.0,0.0,0.0,0.0,0.0,0.0,0.0,0.0,0.0,0.0,0.0,0.0,0.0,0.0,0.0,0.0,0.0,0.0,0.0,0.0,0.0,0.0,0.0,0.0,0.0,0.0,0.0,0.0,0.0,0.0,0.0,0.0,0.0,0.0,0.0,0.0,0.0,0.0,0.0,0.0,0.0,0.0,0.0,0.0,0.0,0.0,0.0,0.0,0.0,0.0
2017-05-26 04:44:00+02:00,0.0,0.0,0.0,0.0,0.0,0.0,0.0,0.0,0.0,0.0,0.0,0.0,0.0,0.0,0.0,0.0,0.0,0.0,0.0,0.0,0.0,0.0,0.0,0.0,0.0,0.0,0.0,0.0,0.0,0.0,0.0,0.0,0.0,0.0,0.0,0.0,0.0,0.0,0.0,0.0,0.0,0.0,0.0,0.0,0.0,0.0,0.0,0.0,0.0,0.0,0.0,0.0,0.0,0.0,0.0,0.0,0.0,0.0,0.0,0.0,0.0,0.0,0.0,0.0,0.0,0.0,0.0,0.0,0.0,0.0,0.0,0.0,0.0,0.0,0.0,0.0,0.0,0.0,0.0,0.0,0.0,0.0,0.0,0.0,0.0,0.0,0.0,0.0,0.0,0.0,0.0,0.0,0.0,0.0,0.0,0.0,0.0,0.0,0.0,0.0,0.0,0.0,0.0,0.0,0.0,0.0,0.0,0.0,0.0,0.0,0.0,0.0,0.0,0.0,0.0,0.0,0.0,0.0
2017-05-26 04:45:00+02:00,0.0,0.0,0.0,0.0,0.0,0.0,0.0,0.0,0.0,0.0,0.0,0.0,0.0,0.0,0.0,0.0,0.0,0.0,0.0,0.0,0.0,0.0,0.0,0.0,0.0,0.0,0.0,0.0,0.0,0.0,0.0,0.0,0.0,0.0,0.0,0.0,0.0,0.0,0.0,0.0,0.0,0.0,0.0,0.0,0.0,0.0,0.0,0.0,0.0,0.0,0.0,0.0,0.0,0.0,0.0,0.0,0.0,0.0,0.0,0.0,0.0,0.0,0.0,0.0,0.0,0.0,0.0,0.0,0.0,0.0,0.0,0.0,0.0,0.0,0.0,0.0,0.0,0.0,0.0,0.0,0.0,0.0,0.0,0.0,0.0,0.0,0.0,0.0,0.0,0.0,0.0,0.0,0.0,0.0,0.0,0.0,0.0,0.0,0.0,0.0,0.0,0.0,0.0,0.0,0.0,0.0,0.0,0.0,0.0,0.0,0.0,0.0,0.0,0.0,0.0,0.0,0.0,0.0
2017-05-26 04:46:00+02:00,0.0,0.0,0.0,0.0,0.0,0.0,0.0,0.0,0.0,0.0,0.0,0.0,0.0,0.0,0.0,0.0,0.0,0.0,0.0,0.0,0.0,0.0,0.0,0.0,0.0,0.0,0.0,0.0,0.0,0.0,0.0,0.0,0.0,0.0,0.0,0.0,0.0,0.0,0.0,0.0,0.0,0.0,0.0,0.0,0.0,0.0,0.0,0.0,0.0,0.0,0.0,0.0,0.0,0.0,0.0,0.0,0.0,0.0,0.0,0.0,0.0,0.0,0.0,0.0,0.0,0.0,0.0,0.0,0.0,0.0,0.0,0.0,0.0,0.0,0.0,0.0,0.0,0.0,0.0,0.0,0.0,0.0,0.0,0.0,0.0,0.0,0.0,0.0,0.0,0.0,0.0,0.0,0.0,0.0,0.0,0.0,0.0,0.0,0.0,0.0,0.0,0.0,0.0,0.0,0.0,0.0,0.0,0.0,0.0,0.0,0.0,0.0,0.0,0.0,0.0,0.0,0.0,0.0
2017-05-26 04:47:00+02:00,0.0,0.0,0.0,0.0,0.0,0.0,0.0,0.0,0.0,0.0,0.0,0.0,0.0,0.0,0.0,0.0,0.0,0.0,0.0,0.0,0.0,0.0,0.0,0.0,0.0,0.0,0.0,0.0,0.0,0.0,0.0,0.0,0.0,0.0,0.0,0.0,0.0,0.0,0.0,0.0,0.0,0.0,0.0,0.0,0.0,0.0,0.0,0.0,0.0,0.0,0.0,0.0,0.0,0.0,0.0,0.0,0.0,0.0,0.0,0.0,0.0,0.0,0.0,0.0,0.0,0.0,0.0,0.0,0.0,0.0,0.0,0.0,0.0,0.0,0.0,0.0,0.0,0.0,0.0,0.0,0.0,0.0,0.0,0.0,0.0,0.0,0.0,0.0,0.0,0.0,0.0,0.0,0.0,0.0,0.0,0.0,0.0,0.0,0.0,0.0,0.0,0.0,0.0,0.0,0.0,0.0,0.0,0.0,0.0,0.0,0.0,0.0,0.0,0.0,0.0,0.0,0.0,0.0
2017-05-26 04:48:00+02:00,0.0,0.0,0.0,0.0,0.0,0.0,0.0,0.0,0.0,0.0,0.0,0.0,0.0,0.0,0.0,0.0,0.0,0.0,0.0,0.0,0.0,0.0,0.0,0.0,0.0,0.0,0.0,0.0,0.0,0.0,0.0,0.0,0.0,0.0,0.0,0.0,0.0,0.0,0.0,0.0,0.0,0.0,0.0,0.0,0.0,0.0,0.0,0.0,0.0,0.0,0.0,0.0,0.0,0.0,0.0,0.0,0.0,0.0,0.0,0.0,0.0,0.0,0.0,0.0,0.0,0.0,0.0,0.0,0.0,0.0,0.0,0.0,0.0,0.0,0.0,0.0,0.0,0.0,0.0,0.0,0.0,0.0,0.0,0.0,0.0,0.0,0.0,0.0,0.0,0.0,0.0,0.0,0.0,0.0,0.0,0.0,0.0,0.0,0.0,0.0,0.0,0.0,0.0,0.0,0.0,0.0,0.0,0.0,0.0,0.0,0.0,0.0,0.0,0.0,0.0,0.0,0.0,0.0
2017-05-26 04:49:00+02:00,0.0,0.0,0.0,0.0,0.0,0.0,0.0,0.0,0.0,0.0,0.0,0.0,0.0,0.0,0.0,0.0,0.0,0.0,0.0,0.0,0.0,0.0,0.0,0.0,0.0,0.0,0.0,0.0,0.0,0.0,0.0,0.0,0.0,0.0,0.0,0.0,0.0,0.0,0.0,0.0,0.0,0.0,0.0,0.0,0.0,0.0,0.0,0.0,0.0,0.0,0.0,0.0,0.0,0.0,0.0,0.0,0.0,0.0,0.0,0.0,0.0,0.0,0.0,0.0,0.0,0.0,0.0,0.0,0.0,0.0,0.0,0.0,0.0,0.0,0.0,0.0,0.0,0.0,0.0,0.0,0.0,0.0,0.0,0.0,0.0,0.0,0.0,0.0,0.0,0.0,0.0,0.0,0.0,0.0,0.0,0.0,0.0,0.0,0.0,0.0,0.0,0.0,0.0,0.0,0.0,0.0,0.0,0.0,0.0,0.0,0.0,0.0,0.0,0.0,0.0,0.0,0.0,0.0
2017-05-26 04:50:00+02:00,0.0,0.0,0.0,0.0,0.0,0.0,0.0,0.0,0.0,0.0,0.0,0.0,0.0,0.0,0.0,0.0,0.0,0.0,0.0,0.0,0.0,0.0,0.0,0.0,0.0,0.0,0.0,0.0,0.0,0.0,0.0,0.0,0.0,0.0,0.0,0.0,0.0,0.0,0.0,0.0,0.0,0.0,0.0,0.0,0.0,0.0,0.0,0.0,0.0,0.0,0.0,0.0,0.0,0.0,0.0,0.0,0.0,0.0,0.0,0.0,0.0,0.0,0.0,0.0,0.0,0.0,0.0,0.0,0.0,0.0,0.0,0.0,0.0,0.0,0.0,0.0,0.0,0.0,0.0,0.0,0.0,0.0,0.0,0.0,0.0,0.0,0.0,0.0,0.0,0.0,0.0,0.0,0.0,0.0,0.0,0.0,0.0,0.0,0.0,0.0,0.0,0.0,0.0,0.0,0.0,0.0,0.0,0.0,0.0,0.0,0.0,0.0,0.0,0.0,0.0,0.0,0.0,0.0
2017-05-26 04:51:00+02:00,0.0,0.0,0.0,0.0,0.0,0.0,0.0,0.0,0.0,0.0,0.0,0.0,0.0,0.0,0.0,0.0,0.0,0.0,0.0,0.0,0.0,0.0,0.0,0.0,0.0,0.0,0.0,0.0,0.0,0.0,0.0,0.0,0.0,0.0,0.0,0.0,0.0,0.0,0.0,0.0,0.0,0.0,0.0,0.0,0.0,0.0,0.0,0.0,0.0,0.0,0.0,0.0,0.0,0.0,0.0,0.0,0.0,0.0,0.0,0.0,0.0,0.0,0.0,0.0,0.0,0.0,0.0,0.0,0.0,0.0,0.0,0.0,0.0,0.0,0.0,0.0,0.0,0.0,0.0,0.0,0.0,0.0,0.0,0.0,0.0,0.0,0.0,0.0,0.0,0.0,0.0,0.0,0.0,0.0,0.0,0.0,0.0,0.0,0.0,0.0,0.0,0.0,0.0,0.0,0.0,0.0,0.0,0.0,0.0,0.0,0.0,0.0,0.0,0.0,0.0,0.0,0.0,0.0
2017-05-26 04:52:00+02:00,0.0,0.0,0.0,0.0,0.0,0.0,0.0,0.0,0.0,0.0,0.0,0.0,0.0,0.0,0.0,0.0,0.0,0.0,0.0,0.0,0.0,0.0,0.0,0.0,0.0,0.0,0.0,0.0,0.0,0.0,0.0,0.0,0.0,0.0,0.0,0.0,0.0,0.0,0.0,0.0,0.0,0.0,0.0,0.0,0.0,0.0,0.0,0.0,0.0,0.0,0.0,0.0,0.0,0.0,0.0,0.0,0.0,0.0,0.0,0.0,0.0,0.0,0.0,0.0,0.0,0.0,0.0,0.0,0.0,0.0,0.0,0.0,0.0,0.0,0.0,0.0,0.0,0.0,0.0,0.0,0.0,0.0,0.0,0.0,0.0,0.0,0.0,0.0,0.0,0.0,0.0,0.0,0.0,0.0,0.0,0.0,0.0,0.0,0.0,0.0,0.0,0.0,0.0,0.0,0.0,0.0,0.0,0.0,0.0,0.0,0.0,0.0,0.0,0.0,0.0,0.0,0.0,0.0
2017-05-26 04:53:00+02:00,0.0,0.0,0.0,0.0,0.0,0.0,0.0,0.0,0.0,0.0,0.0,0.0,0.0,0.0,0.0,0.0,0.0,0.0,0.0,0.0,0.0,0.0,0.0,0.0,0.0,0.0,0.0,0.0,0.0,0.0,0.0,0.0,0.0,0.0,0.0,0.0,0.0,0.0,0.0,0.0,0.0,0.0,0.0,0.0,0.0,0.0,0.0,0.0,0.0,0.0,0.0,0.0,0.0,0.0,0.0,0.0,0.0,0.0,0.0,0.0,0.0,0.0,0.0,0.0,0.0,0.0,0.0,0.0,0.0,0.0,0.0,0.0,0.0,0.0,0.0,0.0,0.0,0.0,0.0,0.0,0.0,0.0,0.0,0.0,0.0,0.0,0.0,0.0,0.0,0.0,0.0,0.0,0.0,0.0,0.0,0.0,0.0,0.0,0.0,0.0,0.0,0.0,0.0,0.0,0.0,0.0,0.0,0.0,0.0,0.0,0.0,0.0,0.0,0.0,0.0,0.0,0.0,0.0
2017-05-26 04:54:00+02:00,0.0,0.0,0.0,0.0,0.0,0.0,0.0,0.0,0.0,0.0,0.0,0.0,0.0,0.0,0.0,0.0,0.0,0.0,0.0,0.0,0.0,0.0,0.0,0.0,0.0,0.0,0.0,0.0,0.0,0.0,0.0,0.0,0.0,0.0,0.0,0.0,0.0,0.0,0.0,0.0,0.0,0.0,0.0,0.0,0.0,0.0,0.0,0.0,0.0,0.0,0.0,0.0,0.0,0.0,0.0,0.0,0.0,0.0,0.0,0.0,0.0,0.0,0.0,0.0,0.0,0.0,0.0,0.0,0.0,0.0,0.0,0.0,0.0,0.0,0.0,0.0,0.0,0.0,0.0,0.0,0.0,0.0,0.0,0.0,0.0,0.0,0.0,0.0,0.0,0.0,0.0,0.0,0.0,0.0,0.0,0.0,0.0,0.0,0.0,0.0,0.0,0.0,0.0,0.0,0.0,0.0,0.0,0.0,0.0,0.0,0.0,0.0,0.0,0.0,0.0,0.0,0.0,0.0
2017-05-26 04:55:00+02:00,0.0,0.0,0.0,0.0,0.0,0.0,0.0,0.0,0.0,0.0,0.0,0.0,0.0,0.0,0.0,0.0,0.0,0.0,0.0,0.0,0.0,0.0,0.0,0.0,0.0,0.0,0.0,0.0,0.0,0.0,0.0,0.0,0.0,0.0,0.0,0.0,0.0,0.0,0.0,0.0,0.0,0.0,0.0,0.0,0.0,0.0,0.0,0.0,0.0,0.0,0.0,0.0,0.0,0.0,0.0,0.0,0.0,0.0,0.0,0.0,0.0,0.0,0.0,0.0,0.0,0.0,0.0,0.0,0.0,0.0,0.0,0.0,0.0,0.0,0.0,0.0,0.0,0.0,0.0,0.0,0.0,0.0,0.0,0.0,0.0,0.0,0.0,0.0,0.0,0.0,0.0,0.0,0.0,0.0,0.0,0.0,0.0,0.0,0.0,0.0,0.0,0.0,0.0,0.0,0.0,0.0,0.0,0.0,0.0,0.0,0.0,0.0,0.0,0.0,0.0,0.0,0.0,0.0
2017-05-26 04:56:00+02:00,0.0,0.0,0.0,0.0,0.0,0.0,0.0,0.0,0.0,0.0,0.0,0.0,0.0,0.0,0.0,0.0,0.0,0.0,0.0,0.0,0.0,0.0,0.0,0.0,0.0,0.0,0.0,0.0,0.0,0.0,0.0,0.0,0.0,0.0,0.0,0.0,0.0,0.0,0.0,0.0,0.0,0.0,0.0,0.0,0.0,0.0,0.0,0.0,0.0,0.0,0.0,0.0,0.0,0.0,0.0,0.0,0.0,0.0,0.0,0.0,0.0,0.0,0.0,0.0,0.0,0.0,0.0,0.0,0.0,0.0,0.0,0.0,0.0,0.0,0.0,0.0,0.0,0.0,0.0,0.0,0.0,0.0,0.0,0.0,0.0,0.0,0.0,0.0,0.0,0.0,0.0,0.0,0.0,0.0,0.0,0.0,0.0,0.0,0.0,0.0,0.0,0.0,0.0,0.0,0.0,0.0,0.0,0.0,0.0,0.0,0.0,0.0,0.0,0.0,0.0,0.0,0.0,0.0
2017-05-26 04:57:00+02:00,0.0,0.0,0.0,0.0,0.0,0.0,0.0,0.0,0.0,0.0,0.0,0.0,0.0,0.0,0.0,0.0,0.0,0.0,0.0,0.0,0.0,0.0,0.0,0.0,0.0,0.0,0.0,0.0,0.0,0.0,0.0,0.0,0.0,0.0,0.0,0.0,0.0,0.0,0.0,0.0,0.0,0.0,0.0,0.0,0.0,0.0,0.0,0.0,0.0,0.0,0.0,0.0,0.0,0.0,0.0,0.0,0.0,0.0,0.0,0.0,0.0,0.0,0.0,0.0,0.0,0.0,0.0,0.0,0.0,0.0,0.0,0.0,0.0,0.0,0.0,0.0,0.0,0.0,0.0,0.0,0.0,0.0,0.0,0.0,0.0,0.0,0.0,0.0,0.0,0.0,0.0,0.0,0.0,0.0,0.0,0.0,0.0,0.0,0.0,0.0,0.0,0.0,0.0,0.0,0.0,0.0,0.0,0.0,0.0,0.0,0.0,0.0,0.0,0.0,0.0,0.0,0.0,0.0
2017-05-26 04:58:00+02:00,0.0,0.0,0.0,0.0,0.0,0.0,0.0,0.0,0.0,0.0,0.0,0.0,0.0,0.0,0.0,0.0,0.0,0.0,0.0,0.0,0.0,0.0,0.0,0.0,0.0,0.0,0.0,0.0,0.0,0.0,0.0,0.0,0.0,0.0,0.0,0.0,0.0,0.0,0.0,0.0,0.0,0.0,0.0,0.0,0.0,0.0,0.0,0.0,0.0,0.0,0.0,0.0,0.0,0.0,0.0,0.0,0.0,0.0,0.0,0.0,0.0,0.0,0.0,0.0,0.0,0.0,0.0,0.0,0.0,0.0,0.0,0.0,0.0,0.0,0.0,0.0,0.0,0.0,0.0,0.0,0.0,0.0,0.0,0.0,0.0,0.0,0.0,0.0,0.0,0.0,0.0,0.0,0.0,0.0,0.0,0.0,0.0,0.0,0.0,0.0,0.0,0.0,0.0,0.0,0.0,0.0,0.0,0.0,0.0,0.0,0.0,0.0,0.0,0.0,0.0,0.0,0.0,0.0
2017-05-26 04:59:00+02:00,0.0,0.0,0.0,0.0,0.0,0.0,0.0,0.0,0.0,0.0,0.0,0.0,0.0,0.0,0.0,0.0,0.0,0.0,0.0,0.0,0.0,0.0,0.0,0.0,0.0,0.0,0.0,0.0,0.0,0.0,0.0,0.0,0.0,0.0,0.0,0.0,0.0,0.0,0.0,0.0,0.0,0.0,0.0,0.0,0.0,0.0,0.0,0.0,0.0,0.0,0.0,0.0,0.0,0.0,0.0,0.0,0.0,0.0,0.0,0.0,0.0,0.0,0.0,0.0,0.0,0.0,0.0,0.0,0.0,0.0,0.0,0.0,0.0,0.0,0.0,0.0,0.0,0.0,0.0,0.0,0.0,0.0,0.0,0.0,0.0,0.0,0.0,0.0,0.0,0.0,0.0,0.0,0.0,0.0,0.0,0.0,0.0,0.0,0.0,0.0,0.0,0.0,0.0,0.0,0.0,0.0,0.0,0.0,0.0,0.0,0.0,0.0,0.0,0.0,0.0,0.0,0.0,0.0
2017-05-26 05:00:00+02:00,0.0,0.0,0.0,0.0,0.0,0.0,0.0,0.0,0.0,0.0,0.0,0.0,0.0,0.0,0.0,0.0,0.0,0.0,0.0,0.0,0.0,0.0,0.0,0.0,0.0,0.0,0.0,0.0,0.0,0.0,0.0,0.0,0.0,0.0,0.0,0.0,0.0,0.0,0.0,0.0,0.0,0.0,0.0,0.0,0.0,0.0,0.0,0.0,0.0,0.0,0.0,0.0,0.0,0.0,0.0,0.0,0.0,0.0,0.0,0.0,0.0,0.0,0.0,0.0,0.0,0.0,0.0,0.0,0.0,0.0,0.0,0.0,0.0,0.0,0.0,0.0,0.0,0.0,0.0,0.0,0.0,0.0,0.0,0.0,0.0,0.0,0.0,0.0,0.0,0.0,0.0,0.0,0.0,0.0,0.0,0.0,0.0,0.0,0.0,0.0,0.0,0.0,0.0,0.0,0.0,0.0,0.0,0.0,0.0,0.0,0.0,0.0,0.0,0.0,0.0,0.0,0.0,0.0
2017-05-26 05:01:00+02:00,0.0,0.0,0.0,0.0,0.0,0.0,0.0,0.0,0.0,0.0,0.0,0.0,0.0,0.0,0.0,0.0,0.0,0.0,0.0,0.0,0.0,0.0,0.0,0.0,0.0,0.0,0.0,0.0,0.0,0.0,0.0,0.0,0.0,0.0,0.0,0.0,0.0,0.0,0.0,0.0,0.0,0.0,0.0,0.0,0.0,0.0,0.0,0.0,0.0,0.0,0.0,0.0,0.0,0.0,0.0,0.0,0.0,0.0,0.0,0.0,0.0,0.0,0.0,0.0,0.0,0.0,0.0,0.0,0.0,0.0,0.0,0.0,0.0,0.0,0.0,0.0,0.0,0.0,0.0,0.0,0.0,0.0,0.0,0.0,0.0,0.0,0.0,0.0,0.0,0.0,0.0,0.0,0.0,0.0,0.0,0.0,0.0,0.0,0.0,0.0,0.0,0.0,0.0,0.0,0.0,0.0,0.0,0.0,0.0,0.0,0.0,0.0,0.0,0.0,0.0,0.0,0.0,0.0
2017-05-26 05:02:00+02:00,0.0,0.0,0.0,0.0,0.0,0.0,0.0,0.0,0.0,0.0,0.0,0.0,0.0,0.0,0.0,0.0,0.0,0.0,0.0,0.0,0.0,0.0,0.0,0.0,0.0,0.0,0.0,0.0,0.0,0.0,0.0,0.0,0.0,0.0,0.0,0.0,0.0,0.0,0.0,0.0,0.0,0.0,0.0,0.0,0.0,0.0,0.0,0.0,0.0,0.0,0.0,0.0,0.0,0.0,0.0,0.0,0.0,0.0,0.0,0.0,0.0,0.0,0.0,0.0,0.0,0.0,0.0,0.0,0.0,0.0,0.0,0.0,0.0,0.0,0.0,0.0,0.0,0.0,0.0,0.0,0.0,0.0,0.0,0.0,0.0,0.0,0.0,0.0,0.0,0.0,0.0,0.0,0.0,0.0,0.0,0.0,0.0,0.0,0.0,0.0,0.0,0.0,0.0,0.0,0.0,0.0,0.0,0.0,0.0,0.0,0.0,0.0,0.0,0.0,0.0,0.0,0.0,0.0
2017-05-26 05:03:00+02:00,0.0,0.0,0.0,0.0,0.0,0.0,0.0,0.0,0.0,0.0,0.0,0.0,0.0,0.0,0.0,0.0,0.0,0.0,0.0,0.0,0.0,0.0,0.0,0.0,0.0,0.0,0.0,0.0,0.0,0.0,0.0,0.0,0.0,0.0,0.0,0.0,0.0,0.0,0.0,0.0,0.0,0.0,0.0,0.0,0.0,0.0,0.0,0.0,0.0,0.0,0.0,0.0,0.0,0.0,0.0,0.0,0.0,0.0,0.0,0.0,0.0,0.0,0.0,0.0,0.0,0.0,0.0,0.0,0.0,0.0,0.0,0.0,0.0,0.0,0.0,0.0,0.0,0.0,0.0,0.0,0.0,0.0,0.0,0.0,0.0,0.0,0.0,0.0,0.0,0.0,0.0,0.0,0.0,0.0,0.0,0.0,0.0,0.0,0.0,0.0,0.0,0.0,0.0,0.0,0.0,0.0,0.0,0.0,0.0,0.0,0.0,0.0,0.0,0.0,0.0,0.0,0.0,0.0
2017-05-26 05:04:00+02:00,0.0,0.0,0.0,0.0,0.0,0.0,0.0,0.0,0.0,0.0,0.0,0.0,0.0,0.0,0.0,0.0,0.0,0.0,0.0,0.0,0.0,0.0,0.0,0.0,0.0,0.0,0.0,0.0,0.0,0.0,0.0,0.0,0.0,0.0,0.0,0.0,0.0,0.0,0.0,0.0,0.0,0.0,0.0,0.0,0.0,0.0,0.0,0.0,0.0,0.0,0.0,0.0,0.0,0.0,0.0,0.0,0.0,0.0,0.0,0.0,0.0,0.0,0.0,0.0,0.0,0.0,0.0,0.0,0.0,0.0,0.0,0.0,0.0,0.0,0.0,0.0,0.0,0.0,0.0,0.0,0.0,0.0,0.0,0.0,0.0,0.0,0.0,0.0,0.0,0.0,0.0,0.0,0.0,0.0,0.0,0.0,0.0,0.0,0.0,0.0,0.0,0.0,0.0,0.0,0.0,0.0,0.0,0.0,0.0,0.0,0.0,0.0,0.0,0.0,0.0,0.0,0.0,0.0
2017-05-26 05:05:00+02:00,0.0,0.0,0.0,0.0,0.0,0.0,0.0,0.0,0.0,0.0,0.0,0.0,0.0,0.0,0.0,0.0,0.0,0.0,0.0,0.0,0.0,0.0,0.0,0.0,0.0,0.0,0.0,0.0,0.0,0.0,0.0,0.0,0.0,0.0,0.0,0.0,0.0,0.0,0.0,0.0,0.0,0.0,0.0,0.0,0.0,0.0,0.0,0.0,0.0,0.0,0.0,0.0,0.0,0.0,0.0,0.0,0.0,0.0,0.0,0.0,0.0,0.0,0.0,0.0,0.0,0.0,0.0,0.0,0.0,0.0,0.0,0.0,0.0,0.0,0.0,0.0,0.0,0.0,0.0,0.0,0.0,0.0,0.0,0.0,0.0,0.0,0.0,0.0,0.0,0.0,0.0,0.0,0.0,0.0,0.0,0.0,0.0,0.0,0.0,0.0,0.0,0.0,0.0,0.0,0.0,0.0,0.0,0.0,0.0,0.0,0.0,0.0,0.0,0.0,0.0,0.0,0.0,0.0
2017-05-26 05:06:00+02:00,0.0,0.0,0.0,0.0,0.0,0.0,0.0,0.0,0.0,0.0,0.0,0.0,0.0,0.0,0.0,0.0,0.0,0.0,0.0,0.0,0.0,0.0,0.0,0.0,0.0,0.0,0.0,0.0,0.0,0.0,0.0,0.0,0.0,0.0,0.0,0.0,0.0,0.0,0.0,0.0,0.0,0.0,0.0,0.0,0.0,0.0,0.0,0.0,0.0,0.0,0.0,0.0,0.0,0.0,0.0,0.0,0.0,0.0,0.0,0.0,0.0,0.0,0.0,0.0,0.0,0.0,0.0,0.0,0.0,0.0,0.0,0.0,0.0,0.0,0.0,0.0,0.0,0.0,0.0,0.0,0.0,0.0,0.0,0.0,0.0,0.0,0.0,0.0,0.0,0.0,0.0,0.0,0.0,0.0,0.0,0.0,0.0,0.0,0.0,0.0,0.0,0.0,0.0,0.0,0.0,0.0,0.0,0.0,0.0,0.0,0.0,0.0,0.0,0.0,0.0,0.0,0.0,0.0
2017-05-26 05:07:00+02:00,0.0,0.0,0.0,0.0,0.0,0.0,0.0,0.0,0.0,0.0,0.0,0.0,0.0,0.0,0.0,0.0,0.0,0.0,0.0,0.0,0.0,0.0,0.0,0.0,0.0,0.0,0.0,0.0,0.0,0.0,0.0,0.0,0.0,0.0,0.0,0.0,0.0,0.0,0.0,0.0,0.0,0.0,0.0,0.0,0.0,0.0,0.0,0.0,0.0,0.0,0.0,0.0,0.0,0.0,0.0,0.0,0.0,0.0,0.0,0.0,0.0,0.0,0.0,0.0,0.0,0.0,0.0,0.0,0.0,0.0,0.0,0.0,0.0,0.0,0.0,0.0,0.0,0.0,0.0,0.0,0.0,0.0,0.0,0.0,0.0,0.0,0.0,0.0,0.0,0.0,0.0,0.0,0.0,0.0,0.0,0.0,0.0,0.0,0.0,0.0,0.0,0.0,0.0,0.0,0.0,0.0,0.0,0.0,0.0,0.0,0.0,0.0,0.0,0.0,0.0,0.0,0.0,0.0
2017-05-26 05:08:00+02:00,0.0,0.0,0.0,0.0,0.0,0.0,0.0,0.0,0.0,0.0,0.0,0.0,0.0,0.0,0.0,0.0,0.0,0.0,0.0,0.0,0.0,0.0,0.0,0.0,0.0,0.0,0.0,0.0,0.0,0.0,0.0,0.0,0.0,0.0,0.0,0.0,0.0,0.0,0.0,0.0,0.0,0.0,0.0,0.0,0.0,0.0,0.0,0.0,0.0,0.0,0.0,0.0,0.0,0.0,0.0,0.0,0.0,0.0,0.0,0.0,0.0,0.0,0.0,0.0,0.0,0.0,0.0,0.0,0.0,0.0,0.0,0.0,0.0,0.0,0.0,0.0,0.0,0.0,0.0,0.0,0.0,0.0,0.0,0.0,0.0,0.0,0.0,0.0,0.0,0.0,0.0,0.0,0.0,0.0,0.0,0.0,0.0,0.0,0.0,0.0,0.0,0.0,0.0,0.0,0.0,0.0,0.0,0.0,0.0,0.0,0.0,0.0,0.0,0.0,0.0,0.0,0.0,0.0
2017-05-26 05:09:00+02:00,0.0,0.0,0.0,0.0,0.0,0.0,0.0,0.0,0.0,0.0,0.0,0.0,0.0,0.0,0.0,0.0,0.0,0.0,0.0,0.0,0.0,0.0,0.0,0.0,0.0,0.0,0.0,0.0,0.0,0.0,0.0,0.0,0.0,0.0,0.0,0.0,0.0,0.0,0.0,0.0,0.0,0.0,0.0,0.0,0.0,0.0,0.0,0.0,0.0,0.0,0.0,0.0,0.0,0.0,0.0,0.0,0.0,0.0,0.0,0.0,0.0,0.0,0.0,0.0,0.0,0.0,0.0,0.0,0.0,0.0,0.0,0.0,0.0,0.0,0.0,0.0,0.0,0.0,0.0,0.0,0.0,0.0,0.0,0.0,0.0,0.0,0.0,0.0,0.0,0.0,0.0,0.0,0.0,0.0,0.0,0.0,0.0,0.0,0.0,0.0,0.0,0.0,0.0,0.0,0.0,0.0,0.0,0.0,0.0,0.0,0.0,0.0,0.0,0.0,0.0,0.0,0.0,0.0
2017-05-26 05:10:00+02:00,0.0,0.0,0.0,0.0,0.0,0.0,0.0,0.0,0.0,0.0,0.0,0.0,0.0,0.0,0.0,0.0,0.0,0.0,0.0,0.0,0.0,0.0,0.0,0.0,0.0,0.0,0.0,0.0,0.0,0.0,0.0,0.0,0.0,0.0,0.0,0.0,0.0,0.0,0.0,0.0,0.0,0.0,0.0,0.0,0.0,0.0,0.0,0.0,0.0,0.0,0.0,0.0,0.0,0.0,0.0,0.0,0.0,0.0,0.0,0.0,0.0,0.0,0.0,0.0,0.0,0.0,0.0,0.0,0.0,0.0,0.0,0.0,0.0,0.0,0.0,0.0,0.0,0.0,0.0,0.0,0.0,0.0,0.0,0.0,0.0,0.0,0.0,0.0,0.0,0.0,0.0,0.0,0.0,0.0,0.0,0.0,0.0,0.0,0.0,0.0,0.0,0.0,0.0,0.0,0.0,0.0,0.0,0.0,0.0,0.0,0.0,0.0,0.0,0.0,0.0,0.0,0.0,0.0
2017-05-26 05:11:00+02:00,0.0,0.0,0.0,0.0,0.0,0.0,0.0,0.0,0.0,0.0,0.0,0.0,0.0,0.0,0.0,0.0,0.0,0.0,0.0,0.0,0.0,0.0,0.0,0.0,0.0,0.0,0.0,0.0,0.0,0.0,0.0,0.0,0.0,0.0,0.0,0.0,0.0,0.0,0.0,0.0,0.0,0.0,0.0,0.0,0.0,0.0,0.0,0.0,0.0,0.0,0.0,0.0,0.0,0.0,0.0,0.0,0.0,0.0,0.0,0.0,0.0,0.0,0.0,0.0,0.0,0.0,0.0,0.0,0.0,0.0,0.0,0.0,0.0,0.0,0.0,0.0,0.0,0.0,0.0,0.0,0.0,0.0,0.0,0.0,0.0,0.0,0.0,0.0,0.0,0.0,0.0,0.0,0.0,0.0,0.0,0.0,0.0,0.0,0.0,0.0,0.0,0.0,0.0,0.0,0.0,0.0,0.0,0.0,0.0,0.0,0.0,0.0,0.0,0.0,0.0,0.0,0.0,0.0
2017-05-26 05:12:00+02:00,0.0,0.0,0.0,0.0,0.0,0.0,0.0,0.0,0.0,0.0,0.0,0.0,0.0,0.0,0.0,0.0,0.0,0.0,0.0,0.0,0.0,0.0,0.0,0.0,0.0,0.0,0.0,0.0,0.0,0.0,0.0,0.0,0.0,0.0,0.0,0.0,0.0,0.0,0.0,0.0,0.0,0.0,0.0,0.0,0.0,0.0,0.0,0.0,0.0,0.0,0.0,0.0,0.0,0.0,0.0,0.0,0.0,0.0,0.0,0.0,0.0,0.0,0.0,0.0,0.0,0.0,0.0,0.0,0.0,0.0,0.0,0.0,0.0,0.0,0.0,0.0,0.0,0.0,0.0,0.0,0.0,0.0,0.0,0.0,0.0,0.0,0.0,0.0,0.0,0.0,0.0,0.0,0.0,0.0,0.0,0.0,0.0,0.0,0.0,0.0,0.0,0.0,0.0,0.0,0.0,0.0,0.0,0.0,0.0,0.0,0.0,0.0,0.0,0.0,0.0,0.0,0.0,0.0
2017-05-26 05:13:00+02:00,0.0,0.0,0.0,0.0,0.0,0.0,0.0,0.0,0.0,0.0,0.0,0.0,0.0,0.0,0.0,0.0,0.0,0.0,0.0,0.0,0.0,0.0,0.0,0.0,0.0,0.0,0.0,0.0,0.0,0.0,0.0,0.0,0.0,0.0,0.0,0.0,0.0,0.0,0.0,0.0,0.0,0.0,0.0,0.0,0.0,0.0,0.0,0.0,0.0,0.0,0.0,0.0,0.0,0.0,0.0,0.0,0.0,0.0,0.0,0.0,0.0,0.0,0.0,0.0,0.0,0.0,0.0,0.0,0.0,0.0,0.0,0.0,0.0,0.0,0.0,0.0,0.0,0.0,0.0,0.0,0.0,0.0,0.0,0.0,0.0,0.0,0.0,0.0,0.0,0.0,0.0,0.0,0.0,0.0,0.0,0.0,0.0,0.0,0.0,0.0,0.0,0.0,0.0,0.0,0.0,0.0,0.0,0.0,0.0,0.0,0.0,0.0,0.0,0.0,0.0,0.0,0.0,0.0
2017-05-26 05:14:00+02:00,0.0,0.0,0.0,0.0,0.0,0.0,0.0,0.0,0.0,0.0,0.0,0.0,0.0,0.0,0.0,0.0,0.0,0.0,0.0,0.0,0.0,0.0,0.0,0.0,0.0,0.0,0.0,0.0,0.0,0.0,0.0,0.0,0.0,0.0,0.0,0.0,0.0,0.0,0.0,0.0,0.0,0.0,0.0,0.0,0.0,0.0,0.0,0.0,0.0,0.0,0.0,0.0,0.0,0.0,0.0,0.0,0.0,0.0,0.0,0.0,0.0,0.0,0.0,0.0,0.0,0.0,0.0,0.0,0.0,0.0,0.0,0.0,0.0,0.0,0.0,0.0,0.0,0.0,0.0,0.0,0.0,0.0,0.0,0.0,0.0,0.0,0.0,0.0,0.0,0.0,0.0,0.0,0.0,0.0,0.0,0.0,0.0,0.0,0.0,0.0,0.0,0.0,0.0,0.0,0.0,0.0,0.0,0.0,0.0,0.0,0.0,0.0,0.0,0.0,0.0,0.0,0.0,0.0
2017-05-26 05:15:00+02:00,0.0,0.0,0.0,0.0,0.0,0.0,0.0,0.0,0.0,0.0,0.0,0.0,0.0,0.0,0.0,0.0,0.0,0.0,0.0,0.0,0.0,0.0,0.0,0.0,0.0,0.0,0.0,0.0,0.0,0.0,0.0,0.0,0.0,0.0,0.0,0.0,0.0,0.0,0.0,0.0,0.0,0.0,0.0,0.0,0.0,0.0,0.0,0.0,0.0,0.0,0.0,0.0,0.0,0.0,0.0,0.0,0.0,0.0,0.0,0.0,0.0,0.0,0.0,0.0,0.0,0.0,0.0,0.0,0.0,0.0,0.0,0.0,0.0,0.0,0.0,0.0,0.0,0.0,0.0,0.0,0.0,0.0,0.0,0.0,0.0,0.0,0.0,0.0,0.0,0.0,0.0,0.0,0.0,0.0,0.0,0.0,0.0,0.0,0.0,0.0,0.0,0.0,0.0,0.0,0.0,0.0,0.0,0.0,0.0,0.0,0.0,0.0,0.0,0.0,0.0,0.0,0.0,0.0
2017-05-26 05:16:00+02:00,0.0,0.0,0.0,0.0,0.0,0.0,0.0,0.0,0.0,0.0,0.0,0.0,0.0,0.0,0.0,0.0,0.0,0.0,0.0,0.0,0.0,0.0,0.0,0.0,0.0,0.0,0.0,0.0,0.0,0.0,0.0,0.0,0.0,0.0,0.0,0.0,0.0,0.0,0.0,0.0,0.0,0.0,0.0,0.0,0.0,0.0,0.0,0.0,0.0,0.0,0.0,0.0,0.0,0.0,0.0,0.0,0.0,0.0,0.0,0.0,0.0,0.0,0.0,0.0,0.0,0.0,0.0,0.0,0.0,0.0,0.0,0.0,0.0,0.0,0.0,0.0,0.0,0.0,0.0,0.0,0.0,0.0,0.0,0.0,0.0,0.0,0.0,0.0,0.0,0.0,0.0,0.0,0.0,0.0,0.0,0.0,0.0,0.0,0.0,0.0,0.0,0.0,0.0,0.0,0.0,0.0,0.0,0.0,0.0,0.0,0.0,0.0,0.0,0.0,0.0,0.0,0.0,0.0
2017-05-26 05:17:00+02:00,0.0,0.0,0.0,0.0,0.0,0.0,0.0,0.0,0.0,0.0,0.0,0.0,0.0,0.0,0.0,0.0,0.0,0.0,0.0,0.0,0.0,0.0,0.0,0.0,0.0,0.0,0.0,0.0,0.0,0.0,0.0,0.0,0.0,0.0,0.0,0.0,0.0,0.0,0.0,0.0,0.0,0.0,0.0,0.0,0.0,0.0,0.0,0.0,0.0,0.0,0.0,0.0,0.0,0.0,0.0,0.0,0.0,0.0,0.0,0.0,0.0,0.0,0.0,0.0,0.0,0.0,0.0,0.0,0.0,0.0,0.0,0.0,0.0,0.0,0.0,0.0,0.0,0.0,0.0,0.0,0.0,0.0,0.0,0.0,0.0,0.0,0.0,0.0,0.0,0.0,0.0,0.0,0.0,0.0,0.0,0.0,0.0,0.0,0.0,0.0,0.0,0.0,0.0,0.0,0.0,0.0,0.0,0.0,0.0,0.0,0.0,0.0,0.0,0.0,0.0,0.0,0.0,0.0
2017-05-26 05:18:00+02:00,0.0,0.0,0.0,0.0,0.0,0.0,0.0,0.0,0.0,0.0,0.0,0.0,0.0,0.0,0.0,0.0,0.0,0.0,0.0,0.0,0.0,0.0,0.0,0.0,0.0,0.0,0.0,0.0,0.0,0.0,0.0,0.0,0.0,0.0,0.0,0.0,0.0,0.0,0.0,0.0,0.0,0.0,0.0,0.0,0.0,0.0,0.0,0.0,0.0,0.0,0.0,0.0,0.0,0.0,0.0,0.0,0.0,0.0,0.0,0.0,0.0,0.0,0.0,0.0,0.0,0.0,0.0,0.0,0.0,0.0,0.0,0.0,0.0,0.0,0.0,0.0,0.0,0.0,0.0,0.0,0.0,0.0,0.0,0.0,0.0,0.0,0.0,0.0,0.0,0.0,0.0,0.0,0.0,0.0,0.0,0.0,0.0,0.0,0.0,0.0,0.0,0.0,0.0,0.0,0.0,0.0,0.0,0.0,0.0,0.0,0.0,0.0,0.0,0.0,0.0,0.0,0.0,0.0
2017-05-26 05:19:00+02:00,0.0,0.0,0.0,0.0,0.0,0.0,0.0,0.0,0.0,0.0,0.0,0.0,0.0,0.0,0.0,0.0,0.0,0.0,0.0,0.0,0.0,0.0,0.0,0.0,0.0,0.0,0.0,0.0,0.0,0.0,0.0,0.0,0.0,0.0,0.0,0.0,0.0,0.0,0.0,0.0,0.0,0.0,0.0,0.0,0.0,0.0,0.0,0.0,0.0,0.0,0.0,0.0,0.0,0.0,0.0,0.0,0.0,0.0,0.0,0.0,0.0,0.0,0.0,0.0,0.0,0.0,0.0,0.0,0.0,0.0,0.0,0.0,0.0,0.0,0.0,0.0,0.0,0.0,0.0,0.0,0.0,0.0,0.0,0.0,0.0,0.0,0.0,0.0,0.0,0.0,0.0,0.0,0.0,0.0,0.0,0.0,0.0,0.0,0.0,0.0,0.0,0.0,0.0,0.0,0.0,0.0,0.0,0.0,0.0,0.0,0.0,0.0,0.0,0.0,0.0,0.0,0.0,0.0
2017-05-26 05:20:00+02:00,0.0,0.0,0.0,0.0,0.0,0.0,0.0,0.0,0.0,0.0,0.0,0.0,0.0,0.0,0.0,0.0,0.0,0.0,0.0,0.0,0.0,0.0,0.0,0.0,0.0,0.0,0.0,0.0,0.0,0.0,0.0,0.0,0.0,0.0,0.0,0.0,0.0,0.0,0.0,0.0,0.0,0.0,0.0,0.0,0.0,0.0,0.0,0.0,0.0,0.0,0.0,0.0,0.0,0.0,0.0,0.0,0.0,0.0,0.0,0.0,0.0,0.0,0.0,0.0,0.0,0.0,0.0,0.0,0.0,0.0,0.0,0.0,0.0,0.0,0.0,0.0,0.0,0.0,0.0,0.0,0.0,0.0,0.0,0.0,0.0,0.0,0.0,0.0,0.0,0.0,0.0,0.0,0.0,0.0,0.0,0.0,0.0,0.0,0.0,0.0,0.0,0.0,0.0,0.0,0.0,0.0,0.0,0.0,0.0,0.0,0.0,0.0,0.0,0.0,0.0,0.0,0.0,0.0
2017-05-26 05:21:00+02:00,0.0,0.0,0.0,0.0,0.0,0.0,0.0,0.0,0.0,0.0,0.0,0.0,0.0,0.0,0.0,0.0,0.0,0.0,0.0,0.0,0.0,0.0,0.0,0.0,0.0,0.0,0.0,0.0,0.0,0.0,0.0,0.0,0.0,0.0,0.0,0.0,0.0,0.0,0.0,0.0,0.0,0.0,0.0,0.0,0.0,0.0,0.0,0.0,0.0,0.0,0.0,0.0,0.0,0.0,0.0,0.0,0.0,0.0,0.0,0.0,0.0,0.0,0.0,0.0,0.0,0.0,0.0,0.0,0.0,0.0,0.0,0.0,0.0,0.0,0.0,0.0,0.0,0.0,0.0,0.0,0.0,0.0,0.0,0.0,0.0,0.0,0.0,0.0,0.0,0.0,0.0,0.0,0.0,0.0,0.0,0.0,0.0,0.0,0.0,0.0,0.0,0.0,0.0,0.0,0.0,0.0,0.0,0.0,0.0,0.0,0.0,0.0,0.0,0.0,0.0,0.0,0.0,0.0
2017-05-26 05:22:00+02:00,0.0,0.0,0.0,0.0,0.0,0.0,0.0,0.0,0.0,0.0,0.0,0.0,0.0,0.0,0.0,0.0,0.0,0.0,0.0,0.0,0.0,0.0,0.0,0.0,0.0,0.0,0.0,0.0,0.0,0.0,0.0,0.0,0.0,0.0,0.0,0.0,0.0,0.0,0.0,0.0,0.0,0.0,0.0,0.0,0.0,0.0,0.0,0.0,0.0,0.0,0.0,0.0,0.0,0.0,0.0,0.0,0.0,0.0,0.0,0.0,0.0,0.0,0.0,0.0,0.0,0.0,0.0,0.0,0.0,0.0,0.0,0.0,0.0,0.0,0.0,0.0,0.0,0.0,0.0,0.0,0.0,0.0,0.0,0.0,0.0,0.0,0.0,0.0,0.0,0.0,0.0,0.0,0.0,0.0,0.0,0.0,0.0,0.0,0.0,0.0,0.0,0.0,0.0,0.0,0.0,0.0,0.0,0.0,0.0,0.0,0.0,0.0,0.0,0.0,0.0,0.0,0.0,0.0
2017-05-26 05:23:00+02:00,0.0,0.0,0.0,0.0,0.0,0.0,0.0,0.0,0.0,0.0,0.0,0.0,0.0,0.0,0.0,0.0,0.0,0.0,0.0,0.0,0.0,0.0,0.0,0.0,0.0,0.0,0.0,0.0,0.0,0.0,0.0,0.0,0.0,0.0,0.0,0.0,0.0,0.0,0.0,0.0,0.0,0.0,0.0,0.0,0.0,0.0,0.0,0.0,0.0,0.0,0.0,0.0,0.0,0.0,0.0,0.0,0.0,0.0,0.0,0.0,0.0,0.0,0.0,0.0,0.0,0.0,0.0,0.0,0.0,0.0,0.0,0.0,0.0,0.0,0.0,0.0,0.0,0.0,0.0,0.0,0.0,0.0,0.0,0.0,0.0,0.0,0.0,0.0,0.0,0.0,0.0,0.0,0.0,0.0,0.0,0.0,0.0,0.0,0.0,0.0,0.0,0.0,0.0,0.0,0.0,0.0,0.0,0.0,0.0,0.0,0.0,0.0,0.0,0.0,0.0,0.0,0.0,0.0
2017-05-26 05:24:00+02:00,0.0,0.0,0.0,0.0,0.0,0.0,0.0,0.0,0.0,0.0,0.0,0.0,0.0,0.0,0.0,0.0,0.0,0.0,0.0,0.0,0.0,0.0,0.0,0.0,0.0,0.0,0.0,0.0,0.0,0.0,0.0,0.0,0.0,0.0,0.0,0.0,0.0,0.0,0.0,0.0,0.0,0.0,0.0,0.0,0.0,0.0,0.0,0.0,0.0,0.0,0.0,0.0,0.0,0.0,0.0,0.0,0.0,0.0,0.0,0.0,0.0,0.0,0.0,0.0,0.0,0.0,0.0,0.0,0.0,0.0,0.0,0.0,0.0,0.0,0.0,0.0,0.0,0.0,0.0,0.0,0.0,0.0,0.0,0.0,0.0,0.0,0.0,0.0,0.0,0.0,0.0,0.0,0.0,0.0,0.0,0.0,0.0,0.0,0.0,0.0,0.0,0.0,0.0,0.0,0.0,0.0,0.0,0.0,0.0,0.0,0.0,0.0,0.0,0.0,0.0,0.0,0.0,0.0
2017-05-26 05:25:00+02:00,0.0,0.0,0.0,0.0,0.0,0.0,0.0,0.0,0.0,0.0,0.0,0.0,0.0,0.0,0.0,0.0,0.0,0.0,0.0,0.0,0.0,0.0,0.0,0.0,0.0,0.0,0.0,0.0,0.0,0.0,0.0,0.0,0.0,0.0,0.0,0.0,0.0,0.0,0.0,0.0,0.0,0.0,0.0,0.0,0.0,0.0,0.0,0.0,0.0,0.0,0.0,0.0,0.0,0.0,0.0,0.0,0.0,0.0,0.0,0.0,0.0,0.0,0.0,0.0,0.0,0.0,0.0,0.0,0.0,0.0,0.0,0.0,0.0,0.0,0.0,0.0,0.0,0.0,0.0,0.0,0.0,0.0,0.0,0.0,0.0,0.0,0.0,0.0,0.0,0.0,0.0,0.0,0.0,0.0,0.0,0.0,0.0,0.0,0.0,0.0,0.0,0.0,0.0,0.0,0.0,0.0,0.0,0.0,0.0,0.0,0.0,0.0,0.0,0.0,0.0,0.0,0.0,0.0
2017-05-26 05:26:00+02:00,0.0,0.0,0.0,0.0,0.0,0.0,0.0,0.0,0.0,0.0,0.0,0.0,0.0,0.0,0.0,0.0,0.0,0.0,0.0,0.0,0.0,0.0,0.0,0.0,0.0,0.0,0.0,0.0,0.0,0.0,0.0,0.0,0.0,0.0,0.0,0.0,0.0,0.0,0.0,0.0,0.0,0.0,0.0,0.0,0.0,0.0,0.0,0.0,0.0,0.0,0.0,0.0,0.0,0.0,0.0,0.0,0.0,0.0,0.0,0.0,0.0,0.0,0.0,0.0,0.0,0.0,0.0,0.0,0.0,0.0,0.0,0.0,0.0,0.0,0.0,0.0,0.0,0.0,0.0,0.0,0.0,0.0,0.0,0.0,0.0,0.0,0.0,0.0,0.0,0.0,0.0,0.0,0.0,0.0,0.0,0.0,0.0,0.0,0.0,0.0,0.0,0.0,0.0,0.0,0.0,0.0,0.0,0.0,0.0,0.0,0.0,0.0,0.0,0.0,0.0,0.0,0.0,0.0
2017-05-26 05:27:00+02:00,0.0,0.0,0.0,0.0,0.0,0.0,0.0,0.0,0.0,0.0,0.0,0.0,0.0,0.0,0.0,0.0,0.0,0.0,0.0,0.0,0.0,0.0,0.0,0.0,0.0,0.0,0.0,0.0,0.0,0.0,0.0,0.0,0.0,0.0,0.0,0.0,0.0,0.0,0.0,0.0,0.0,0.0,0.0,0.0,0.0,0.0,0.0,0.0,0.0,0.0,0.0,0.0,0.0,0.0,0.0,0.0,0.0,0.0,0.0,0.0,0.0,0.0,0.0,0.0,0.0,0.0,0.0,0.0,0.0,0.0,0.0,0.0,0.0,0.0,0.0,0.0,0.0,0.0,0.0,0.0,0.0,0.0,0.0,0.0,0.0,0.0,0.0,0.0,0.0,0.0,0.0,0.0,0.0,0.0,0.0,0.0,0.0,0.0,0.0,0.0,0.0,0.0,0.0,0.0,0.0,0.0,0.0,0.0,0.0,0.0,0.0,0.0,0.0,0.0,0.0,0.0,0.0,0.0
2017-05-26 05:28:00+02:00,0.0,0.0,0.0,0.0,0.0,0.0,0.0,0.0,0.0,0.0,0.0,0.0,0.0,0.0,0.0,0.0,0.0,0.0,0.0,0.0,0.0,0.0,0.0,0.0,0.0,0.0,0.0,0.0,0.0,0.0,0.0,0.0,0.0,0.0,0.0,0.0,0.0,0.0,0.0,0.0,0.0,0.0,0.0,0.0,0.0,0.0,0.0,0.0,0.0,0.0,0.0,0.0,0.0,0.0,0.0,0.0,0.0,0.0,0.0,0.0,0.0,0.0,0.0,0.0,0.0,0.0,0.0,0.0,0.0,0.0,0.0,0.0,0.0,0.0,0.0,0.0,0.0,0.0,0.0,0.0,0.0,0.0,0.0,0.0,0.0,0.0,0.0,0.0,0.0,0.0,0.0,0.0,0.0,0.0,0.0,0.0,0.0,0.0,0.0,0.0,0.0,0.0,0.0,0.0,0.0,0.0,0.0,0.0,0.0,0.0,0.0,0.0,0.0,0.0,0.0,0.0,0.0,0.0
2017-05-26 05:29:00+02:00,0.0,0.0,0.0,0.0,0.0,0.0,0.0,0.0,0.0,0.0,0.0,0.0,0.0,0.0,0.0,0.0,0.0,0.0,0.0,0.0,0.0,0.0,0.0,0.0,0.0,0.0,0.0,0.0,0.0,0.0,0.0,0.0,0.0,0.0,0.0,0.0,0.0,0.0,0.0,0.0,0.0,0.0,0.0,0.0,0.0,0.0,0.0,0.0,0.0,0.0,0.0,0.0,0.0,0.0,0.0,0.0,0.0,0.0,0.0,0.0,0.0,0.0,0.0,0.0,0.0,0.0,0.0,0.0,0.0,0.0,0.0,0.0,0.0,0.0,0.0,0.0,0.0,0.0,0.0,0.0,0.0,0.0,0.0,0.0,0.0,0.0,0.0,0.0,0.0,0.0,0.0,0.0,0.0,0.0,0.0,0.0,0.0,0.0,0.0,0.0,0.0,0.0,0.0,0.0,0.0,0.0,0.0,0.0,0.0,0.0,0.0,0.0,0.0,0.0,0.0,0.0,0.0,0.0
2017-05-26 05:30:00+02:00,0.0,0.0,0.0,0.0,0.0,0.0,0.0,0.0,0.0,0.0,0.0,0.0,0.0,0.0,0.0,0.0,0.0,0.0,0.0,0.0,0.0,0.0,0.0,0.0,0.0,0.0,0.0,0.0,0.0,0.0,0.0,0.0,0.0,0.0,0.0,0.0,0.0,0.0,0.0,0.0,0.0,0.0,0.0,0.0,0.0,0.0,0.0,0.0,0.0,0.0,0.0,0.0,0.0,0.0,0.0,0.0,0.0,0.0,0.0,0.0,0.0,0.0,0.0,0.0,0.0,0.0,0.0,0.0,0.0,0.0,0.0,0.0,0.0,0.0,0.0,0.0,0.0,0.0,0.0,0.0,0.0,0.0,0.0,0.0,0.0,0.0,0.0,0.0,0.0,0.0,0.0,0.0,0.0,0.0,0.0,0.0,0.0,0.0,0.0,0.0,0.0,0.0,0.0,0.0,0.0,0.0,0.0,0.0,0.0,0.0,0.0,0.0,0.0,0.0,0.0,0.0,0.0,0.0
2017-05-26 05:31:00+02:00,0.0,0.0,0.0,0.0,0.0,0.0,0.0,0.0,0.0,0.0,0.0,0.0,0.0,0.0,0.0,0.0,0.0,0.0,0.0,0.0,0.0,0.0,0.0,0.0,0.0,0.0,0.0,0.0,0.0,0.0,0.0,0.0,0.0,0.0,0.0,0.0,0.0,0.0,0.0,0.0,0.0,0.0,0.0,0.0,0.0,0.0,0.0,0.0,0.0,0.0,0.0,0.0,0.0,0.0,0.0,0.0,0.0,0.0,0.0,0.0,0.0,0.0,0.0,0.0,0.0,0.0,0.0,0.0,0.0,0.0,0.0,0.0,0.0,0.0,0.0,0.0,0.0,0.0,0.0,0.0,0.0,0.0,0.0,0.0,0.0,0.0,0.0,0.0,0.0,0.0,0.0,0.0,0.0,0.0,0.0,0.0,0.0,0.0,0.0,0.0,0.0,0.0,0.0,0.0,0.0,0.0,0.0,0.0,0.0,0.0,0.0,0.0,0.0,0.0,0.0,0.0,0.0,0.0
2017-05-26 05:32:00+02:00,0.0,0.0,0.0,0.0,0.0,0.0,0.0,0.0,0.0,0.0,0.0,0.0,0.0,0.0,0.0,0.0,0.0,0.0,0.0,0.0,0.0,0.0,0.0,0.0,0.0,0.0,0.0,0.0,0.0,0.0,0.0,0.0,0.0,0.0,0.0,0.0,0.0,0.0,0.0,0.0,0.0,0.0,0.0,0.0,0.0,0.0,0.0,0.0,0.0,0.0,0.0,0.0,0.0,0.0,0.0,0.0,0.0,0.0,0.0,0.0,0.0,0.0,0.0,0.0,0.0,0.0,0.0,0.0,0.0,0.0,0.0,0.0,0.0,0.0,0.0,0.0,0.0,0.0,0.0,0.0,0.0,0.0,0.0,0.0,0.0,0.0,0.0,0.0,0.0,0.0,0.0,0.0,0.0,0.0,0.0,0.0,0.0,0.0,0.0,0.0,0.0,0.0,0.0,0.0,0.0,0.0,0.0,0.0,0.0,0.0,0.0,0.0,0.0,0.0,0.0,0.0,0.0,0.0
2017-05-26 05:33:00+02:00,0.0,0.0,0.0,0.0,0.0,0.0,0.0,0.0,0.0,0.0,0.0,0.0,0.0,0.0,0.0,0.0,0.0,0.0,0.0,0.0,0.0,0.0,0.0,0.0,0.0,0.0,0.0,0.0,0.0,0.0,0.0,0.0,0.0,0.0,0.0,0.0,0.0,0.0,0.0,0.0,0.0,0.0,0.0,0.0,0.0,0.0,0.0,0.0,0.0,0.0,0.0,0.0,0.0,0.0,0.0,0.0,0.0,0.0,0.0,0.0,0.0,0.0,0.0,0.0,0.0,0.0,0.0,0.0,0.0,0.0,0.0,0.0,0.0,0.0,0.0,0.0,0.0,0.0,0.0,0.0,0.0,0.0,0.0,0.0,0.0,0.0,0.0,0.0,0.0,0.0,0.0,0.0,0.0,0.0,0.0,0.0,0.0,0.0,0.0,0.0,0.0,0.0,0.0,0.0,0.0,0.0,0.0,0.0,0.0,0.0,0.0,0.0,0.0,0.0,0.0,0.0,0.0,0.0
2017-05-26 05:34:00+02:00,0.0,0.0,0.0,0.0,0.0,0.0,0.0,0.0,0.0,0.0,0.0,0.0,0.0,0.0,0.0,0.0,0.0,0.0,0.0,0.0,0.0,0.0,0.0,0.0,0.0,0.0,0.0,0.0,0.0,0.0,0.0,0.0,0.0,0.0,0.0,0.0,0.0,0.0,0.0,0.0,0.0,0.0,0.0,0.0,0.0,0.0,0.0,0.0,0.0,0.0,0.0,0.0,0.0,0.0,0.0,0.0,0.0,0.0,0.0,0.0,0.0,0.0,0.0,0.0,0.0,0.0,0.0,0.0,0.0,0.0,0.0,0.0,0.0,0.0,0.0,0.0,0.0,0.0,0.0,0.0,0.0,0.0,0.0,0.0,0.0,0.0,0.0,0.0,0.0,0.0,0.0,0.0,0.0,0.0,0.0,0.0,0.0,0.0,0.0,0.0,0.0,0.0,0.0,0.0,0.0,0.0,0.0,0.0,0.0,0.0,0.0,0.0,0.0,0.0,0.0,0.0,0.0,0.0
2017-05-26 05:35:00+02:00,0.0,0.0,0.0,0.0,0.0,0.0,0.0,0.0,0.0,0.0,0.0,0.0,0.0,0.0,0.0,0.0,0.0,0.0,0.0,0.0,0.0,0.0,0.0,0.0,0.0,0.0,0.0,0.0,0.0,0.0,0.0,0.0,0.0,0.0,0.0,0.0,0.0,0.0,0.0,0.0,0.0,0.0,0.0,0.0,0.0,0.0,0.0,0.0,0.0,0.0,0.0,0.0,0.0,0.0,0.0,0.0,0.0,0.0,0.0,0.0,0.0,0.0,0.0,0.0,0.0,0.0,0.0,0.0,0.0,0.0,0.0,0.0,0.0,0.0,0.0,0.0,0.0,0.0,0.0,0.0,0.0,0.0,0.0,0.0,0.0,0.0,0.0,0.0,0.0,0.0,0.0,0.0,0.0,0.0,0.0,0.0,0.0,0.0,0.0,0.0,0.0,0.0,0.0,0.0,0.0,0.0,0.0,0.0,0.0,0.0,0.0,0.0,0.0,0.0,0.0,0.0,0.0,0.0
2017-05-26 05:36:00+02:00,0.0,0.0,0.0,0.0,0.0,0.0,0.0,0.0,0.0,0.0,0.0,0.0,0.0,0.0,0.0,0.0,0.0,0.0,0.0,0.0,0.0,0.0,0.0,0.0,0.0,0.0,0.0,0.0,0.0,0.0,0.0,0.0,0.0,0.0,0.0,0.0,0.0,0.0,0.0,0.0,0.0,0.0,0.0,0.0,0.0,0.0,0.0,0.0,0.0,0.0,0.0,0.0,0.0,0.0,0.0,0.0,0.0,0.0,0.0,0.0,0.0,0.0,0.0,0.0,0.0,0.0,0.0,0.0,0.0,0.0,0.0,0.0,0.0,0.0,0.0,0.0,0.0,0.0,0.0,0.0,0.0,0.0,0.0,0.0,0.0,0.0,0.0,0.0,0.0,0.0,0.0,0.0,0.0,0.0,0.0,0.0,0.0,0.0,0.0,0.0,0.0,0.0,0.0,0.0,0.0,0.0,0.0,0.0,0.0,0.0,0.0,0.0,0.0,0.0,0.0,0.0,0.0,0.0
2017-05-26 05:37:00+02:00,0.0,0.0,0.0,0.0,0.0,0.0,0.0,0.0,0.0,0.0,0.0,0.0,0.0,0.0,0.0,0.0,0.0,0.0,0.0,0.0,0.0,0.0,0.0,0.0,0.0,0.0,0.0,0.0,0.0,0.0,0.0,0.0,0.0,0.0,0.0,0.0,0.0,0.0,0.0,0.0,0.0,0.0,0.0,0.0,0.0,0.0,0.0,0.0,0.0,0.0,0.0,0.0,0.0,0.0,0.0,0.0,0.0,0.0,0.0,0.0,0.0,0.0,0.0,0.0,0.0,0.0,0.0,0.0,0.0,0.0,0.0,0.0,0.0,0.0,0.0,0.0,0.0,0.0,0.0,0.0,0.0,0.0,0.0,0.0,0.0,0.0,0.0,0.0,0.0,0.0,0.0,0.0,0.0,0.0,0.0,0.0,0.0,0.0,0.0,0.0,0.0,0.0,0.0,0.0,0.0,0.0,0.0,0.0,0.0,0.0,0.0,0.0,0.0,0.0,0.0,0.0,0.0,0.0
2017-05-26 05:38:00+02:00,0.0,0.0,0.0,0.0,0.0,0.0,0.0,0.0,0.0,0.0,0.0,0.0,0.0,0.0,0.0,0.0,0.0,0.0,0.0,0.0,0.0,0.0,0.0,0.0,0.0,0.0,0.0,0.0,0.0,0.0,0.0,0.0,0.0,0.0,0.0,0.0,0.0,0.0,0.0,0.0,0.0,0.0,0.0,0.0,0.0,0.0,0.0,0.0,0.0,0.0,0.0,0.0,0.0,0.0,0.0,0.0,0.0,0.0,0.0,0.0,0.0,0.0,0.0,0.0,0.0,0.0,0.0,0.0,0.0,0.0,0.0,0.0,0.0,0.0,0.0,0.0,0.0,0.0,0.0,0.0,0.0,0.0,0.0,0.0,0.0,0.0,0.0,0.0,0.0,0.0,0.0,0.0,0.0,0.0,0.0,0.0,0.0,0.0,0.0,0.0,0.0,0.0,0.0,0.0,0.0,0.0,0.0,0.0,0.0,0.0,0.0,0.0,0.0,0.0,0.0,0.0,0.0,0.0
2017-05-26 05:39:00+02:00,0.0,0.0,0.0,0.0,0.0,0.0,0.0,0.0,0.0,0.0,0.0,0.0,0.0,0.0,0.0,0.0,0.0,0.0,0.0,0.0,0.0,0.0,0.0,0.0,0.0,0.0,0.0,0.0,0.0,0.0,0.0,0.0,0.0,0.0,0.0,0.0,0.0,0.0,0.0,0.0,0.0,0.0,0.0,0.0,0.0,0.0,0.0,0.0,0.0,0.0,0.0,0.0,0.0,0.0,0.0,0.0,0.0,0.0,0.0,0.0,0.0,0.0,0.0,0.0,0.0,0.0,0.0,0.0,0.0,0.0,0.0,0.0,0.0,0.0,0.0,0.0,0.0,0.0,0.0,0.0,0.0,0.0,0.0,0.0,0.0,0.0,0.0,0.0,0.0,0.0,0.0,0.0,0.0,0.0,0.0,0.0,0.0,0.0,0.0,0.0,0.0,0.0,0.0,0.0,0.0,0.0,0.0,0.0,0.0,0.0,0.0,0.0,0.0,0.0,0.0,0.0,0.0,0.0
2017-05-26 05:40:00+02:00,0.0,0.0,0.0,0.0,0.0,0.0,0.0,0.0,0.0,0.0,0.0,0.0,0.0,0.0,0.0,0.0,0.0,0.0,0.0,0.0,0.0,0.0,0.0,0.0,0.0,0.0,0.0,0.0,0.0,0.0,0.0,0.0,0.0,0.0,0.0,0.0,0.0,0.0,0.0,0.0,0.0,0.0,0.0,0.0,0.0,0.0,0.0,0.0,0.0,0.0,0.0,0.0,0.0,0.0,0.0,0.0,0.0,0.0,0.0,0.0,0.0,0.0,0.0,0.0,0.0,0.0,0.0,0.0,0.0,0.0,0.0,0.0,0.0,0.0,0.0,0.0,0.0,0.0,0.0,0.0,0.0,0.0,0.0,0.0,0.0,0.0,0.0,0.0,0.0,0.0,0.0,0.0,0.0,0.0,0.0,0.0,0.0,0.0,0.0,0.0,0.0,0.0,0.0,0.0,0.0,0.0,0.0,0.0,0.0,0.0,0.0,0.0,0.0,0.0,0.0,0.0,0.0,0.0
2017-05-26 05:41:00+02:00,0.0,0.0,0.0,0.0,0.0,0.0,0.0,0.0,0.0,0.0,0.0,0.0,0.0,0.0,0.0,0.0,0.0,0.0,0.0,0.0,0.0,0.0,0.0,0.0,0.0,0.0,0.0,0.0,0.0,0.0,0.0,0.0,0.0,0.0,0.0,0.0,0.0,0.0,0.0,0.0,0.0,0.0,0.0,0.0,0.0,0.0,0.0,0.0,0.0,0.0,0.0,0.0,0.0,0.0,0.0,0.0,0.0,0.0,0.0,0.0,0.0,0.0,0.0,0.0,0.0,0.0,0.0,0.0,0.0,0.0,0.0,0.0,0.0,0.0,0.0,0.0,0.0,0.0,0.0,0.0,0.0,0.0,0.0,0.0,0.0,0.0,0.0,0.0,0.0,0.0,0.0,0.0,0.0,0.0,0.0,0.0,0.0,0.0,0.0,0.0,0.0,0.0,0.0,0.0,0.0,0.0,0.0,0.0,0.0,0.0,0.0,0.0,0.0,0.0,0.0,0.0,0.0,0.0
2017-05-26 05:42:00+02:00,0.0,0.0,0.0,0.0,0.0,0.0,0.0,0.0,0.0,0.0,0.0,0.0,0.0,0.0,0.0,0.0,0.0,0.0,0.0,0.0,0.0,0.0,0.0,0.0,0.0,0.0,0.0,0.0,0.0,0.0,0.0,0.0,0.0,0.0,0.0,0.0,0.0,0.0,0.0,0.0,0.0,0.0,0.0,0.0,0.0,0.0,0.0,0.0,0.0,0.0,0.0,0.0,0.0,0.0,0.0,0.0,0.0,0.0,0.0,0.0,0.0,0.0,0.0,0.0,0.0,0.0,0.0,0.0,0.0,0.0,0.0,0.0,0.0,0.0,0.0,0.0,0.0,0.0,0.0,0.0,0.0,0.0,0.0,0.0,0.0,0.0,0.0,0.0,0.0,0.0,0.0,0.0,0.0,0.0,0.0,0.0,0.0,0.0,0.0,0.0,0.0,0.0,0.0,0.0,0.0,0.0,0.0,0.0,0.0,0.0,0.0,0.0,0.0,0.0,0.0,0.0,0.0,0.0
2017-05-26 05:43:00+02:00,0.0,0.0,0.0,0.0,0.0,0.0,0.0,0.0,0.0,0.0,0.0,0.0,0.0,0.0,0.0,0.0,0.0,0.0,0.0,0.0,0.0,0.0,0.0,0.0,0.0,0.0,0.0,0.0,0.0,0.0,0.0,0.0,0.0,0.0,0.0,0.0,0.0,0.0,0.0,0.0,0.0,0.0,0.0,0.0,0.0,0.0,0.0,0.0,0.0,0.0,0.0,0.0,0.0,0.0,0.0,0.0,0.0,0.0,0.0,0.0,0.0,0.0,0.0,0.0,0.0,0.0,0.0,0.0,0.0,0.0,0.0,0.0,0.0,0.0,0.0,0.0,0.0,0.0,0.0,0.0,0.0,0.0,0.0,0.0,0.0,0.0,0.0,0.0,0.0,0.0,0.0,0.0,0.0,0.0,0.0,0.0,0.0,0.0,0.0,0.0,0.0,0.0,0.0,0.0,0.0,0.0,0.0,0.0,0.0,0.0,0.0,0.0,0.0,0.0,0.0,0.0,0.0,0.0
2017-05-26 05:44:00+02:00,0.0,0.0,0.0,0.0,0.0,0.0,0.0,0.0,0.0,0.0,0.0,0.0,0.0,0.0,0.0,0.0,0.0,0.0,0.0,0.0,0.0,0.0,0.0,0.0,0.0,0.0,0.0,0.0,0.0,0.0,0.0,0.0,0.0,0.0,0.0,0.0,0.0,0.0,0.0,0.0,0.0,0.0,0.0,0.0,0.0,0.0,0.0,0.0,0.0,0.0,0.0,0.0,0.0,0.0,0.0,0.0,0.0,0.0,0.0,0.0,0.0,0.0,0.0,0.0,0.0,0.0,0.0,0.0,0.0,0.0,0.0,0.0,0.0,0.0,0.0,0.0,0.0,0.0,0.0,0.0,0.0,0.0,0.0,0.0,0.0,0.0,0.0,0.0,0.0,0.0,0.0,0.0,0.0,0.0,0.0,0.0,0.0,0.0,0.0,0.0,0.0,0.0,0.0,0.0,0.0,0.0,0.0,0.0,0.0,0.0,0.0,0.0,0.0,0.0,0.0,0.0,0.0,0.0
2017-05-26 05:45:00+02:00,0.0,0.0,0.0,0.0,0.0,0.0,0.0,0.0,0.0,0.0,0.0,0.0,0.0,0.0,0.0,0.0,0.0,0.0,0.0,0.0,0.0,0.0,0.0,0.0,0.0,0.0,0.0,0.0,0.0,0.0,0.0,0.0,0.0,0.0,0.0,0.0,0.0,0.0,0.0,0.0,0.0,0.0,0.0,0.0,0.0,0.0,0.0,0.0,0.0,0.0,0.0,0.0,0.0,0.0,0.0,0.0,0.0,0.0,0.0,0.0,0.0,0.0,0.0,0.0,0.0,0.0,0.0,0.0,0.0,0.0,0.0,0.0,0.0,0.0,0.0,0.0,0.0,0.0,0.0,0.0,0.0,0.0,0.0,0.0,0.0,0.0,0.0,0.0,0.0,0.0,0.0,0.0,0.0,0.0,0.0,0.0,0.0,0.0,0.0,0.0,0.0,0.0,0.0,0.0,0.0,0.0,0.0,0.0,0.0,0.0,0.0,0.0,0.0,0.0,0.0,0.0,0.0,0.0
2017-05-26 05:46:00+02:00,0.0,0.0,0.0,0.0,0.0,0.0,0.0,0.0,0.0,0.0,0.0,0.0,0.0,0.0,0.0,0.0,0.0,0.0,0.0,0.0,0.0,0.0,0.0,0.0,0.0,0.0,0.0,0.0,0.0,0.0,0.0,0.0,0.0,0.0,0.0,0.0,0.0,0.0,0.0,0.0,0.0,0.0,0.0,0.0,0.0,0.0,0.0,0.0,0.0,0.0,0.0,0.0,0.0,0.0,0.0,0.0,0.0,0.0,0.0,0.0,0.0,0.0,0.0,0.0,0.0,0.0,0.0,0.0,0.0,0.0,0.0,0.0,0.0,0.0,0.0,0.0,0.0,0.0,0.0,0.0,0.0,0.0,0.0,0.0,0.0,0.0,0.0,0.0,0.0,0.0,0.0,0.0,0.0,0.0,0.0,0.0,0.0,0.0,0.0,0.0,0.0,0.0,0.0,0.0,0.0,0.0,0.0,0.0,0.0,0.0,0.0,0.0,0.0,0.0,0.0,0.0,0.0,0.0
2017-05-26 05:47:00+02:00,0.0,0.0,0.0,0.0,0.0,0.0,0.0,0.0,0.0,0.0,0.0,0.0,0.0,0.0,0.0,0.0,0.0,0.0,0.0,0.0,0.0,0.0,0.0,0.0,0.0,0.0,0.0,0.0,0.0,0.0,0.0,0.0,0.0,0.0,0.0,0.0,0.0,0.0,0.0,0.0,0.0,0.0,0.0,0.0,0.0,0.0,0.0,0.0,0.0,0.0,0.0,0.0,0.0,0.0,0.0,0.0,0.0,0.0,0.0,0.0,0.0,0.0,0.0,0.0,0.0,0.0,0.0,0.0,0.0,0.0,0.0,0.0,0.0,0.0,0.0,0.0,0.0,0.0,0.0,0.0,0.0,0.0,0.0,0.0,0.0,0.0,0.0,0.0,0.0,0.0,0.0,0.0,0.0,0.0,0.0,0.0,0.0,0.0,0.0,0.0,0.0,0.0,0.0,0.0,0.0,0.0,0.0,0.0,0.0,0.0,0.0,0.0,0.0,0.0,0.0,0.0,0.0,0.0
2017-05-26 05:48:00+02:00,0.0,0.0,0.0,0.0,0.0,0.0,0.0,0.0,0.0,0.0,0.0,0.0,0.0,0.0,0.0,0.0,0.0,0.0,0.0,0.0,0.0,0.0,0.0,0.0,0.0,0.0,0.0,0.0,0.0,0.0,0.0,0.0,0.0,0.0,0.0,0.0,0.0,0.0,0.0,0.0,0.0,0.0,0.0,0.0,0.0,0.0,0.0,0.0,0.0,0.0,0.0,0.0,0.0,0.0,0.0,0.0,0.0,0.0,0.0,0.0,0.0,0.0,0.0,0.0,0.0,0.0,0.0,0.0,0.0,0.0,0.0,0.0,0.0,0.0,0.0,0.0,0.0,0.0,0.0,0.0,0.0,0.0,0.0,0.0,0.0,0.0,0.0,0.0,0.0,0.0,0.0,0.0,0.0,0.0,0.0,0.0,0.0,0.0,0.0,0.0,0.0,0.0,0.0,0.0,0.0,0.0,0.0,0.0,0.0,0.0,0.0,0.0,0.0,0.0,0.0,0.0,0.0,0.0
2017-05-26 05:49:00+02:00,0.0,0.0,0.0,0.0,0.0,0.0,0.0,0.0,0.0,0.0,0.0,0.0,0.0,0.0,0.0,0.0,0.0,0.0,0.0,0.0,0.0,0.0,0.0,0.0,0.0,0.0,0.0,0.0,0.0,0.0,0.0,0.0,0.0,0.0,0.0,0.0,0.0,0.0,0.0,0.0,0.0,0.0,0.0,0.0,0.0,0.0,0.0,0.0,0.0,0.0,0.0,0.0,0.0,0.0,0.0,0.0,0.0,0.0,0.0,0.0,0.0,0.0,0.0,0.0,0.0,0.0,0.0,0.0,0.0,0.0,0.0,0.0,0.0,0.0,0.0,0.0,0.0,0.0,0.0,0.0,0.0,0.0,0.0,0.0,0.0,0.0,0.0,0.0,0.0,0.0,0.0,0.0,0.0,0.0,0.0,0.0,0.0,0.0,0.0,0.0,0.0,0.0,0.0,0.0,0.0,0.0,0.0,0.0,0.0,0.0,0.0,0.0,0.0,0.0,0.0,0.0,0.0,0.0
2017-05-26 05:50:00+02:00,0.0,0.0,0.0,0.0,0.0,0.0,0.0,0.0,0.0,0.0,0.0,0.0,0.0,0.0,0.0,0.0,0.0,0.0,0.0,0.0,0.0,0.0,0.0,0.0,0.0,0.0,0.0,0.0,0.0,0.0,0.0,0.0,0.0,0.0,0.0,0.0,0.0,0.0,0.0,0.0,0.0,0.0,0.0,0.0,0.0,0.0,0.0,0.0,0.0,0.0,0.0,0.0,0.0,0.0,0.0,0.0,0.0,0.0,0.0,0.0,0.0,0.0,0.0,0.0,0.0,0.0,0.0,0.0,0.0,0.0,0.0,0.0,0.0,0.0,0.0,0.0,0.0,0.0,0.0,0.0,0.0,0.0,0.0,0.0,0.0,0.0,0.0,0.0,0.0,0.0,0.0,0.0,0.0,0.0,0.0,0.0,0.0,0.0,0.0,0.0,0.0,0.0,0.0,0.0,0.0,0.0,0.0,0.0,0.0,0.0,0.0,0.0,0.0,0.0,0.0,0.0,0.0,0.0
2017-05-26 05:51:00+02:00,0.0,0.0,0.0,0.0,0.0,0.0,0.0,0.0,0.0,0.0,0.0,0.0,0.0,0.0,0.0,0.0,0.0,0.0,0.0,0.0,0.0,0.0,0.0,0.0,0.0,0.0,0.0,0.0,0.0,0.0,0.0,0.0,0.0,0.0,0.0,0.0,0.0,0.0,0.0,0.0,0.0,0.0,0.0,0.0,0.0,0.0,0.0,0.0,0.0,0.0,0.0,0.0,0.0,0.0,0.0,0.0,0.0,0.0,0.0,0.0,0.0,0.0,0.0,0.0,0.0,0.0,0.0,0.0,0.0,0.0,0.0,0.0,0.0,0.0,0.0,0.0,0.0,0.0,0.0,0.0,0.0,0.0,0.0,0.0,0.0,0.0,0.0,0.0,0.0,0.0,0.0,0.0,0.0,0.0,0.0,0.0,0.0,0.0,0.0,0.0,0.0,0.0,0.0,0.0,0.0,0.0,0.0,0.0,0.0,0.0,0.0,0.0,0.0,0.0,0.0,0.0,0.0,0.0
2017-05-26 05:52:00+02:00,0.0,0.0,0.0,0.0,0.0,0.0,0.0,0.0,0.0,0.0,0.0,0.0,0.0,0.0,0.0,0.0,0.0,0.0,0.0,0.0,0.0,0.0,0.0,0.0,0.0,0.0,0.0,0.0,0.0,0.0,0.0,0.0,0.0,0.0,0.0,0.0,0.0,0.0,0.0,0.0,0.0,0.0,0.0,0.0,0.0,0.0,0.0,0.0,0.0,0.0,0.0,0.0,0.0,0.0,0.0,0.0,0.0,0.0,0.0,0.0,0.0,0.0,0.0,0.0,0.0,0.0,0.0,0.0,0.0,0.0,0.0,0.0,0.0,0.0,0.0,0.0,0.0,0.0,0.0,0.0,0.0,0.0,0.0,0.0,0.0,0.0,0.0,0.0,0.0,0.0,0.0,0.0,0.0,0.0,0.0,0.0,0.0,0.0,0.0,0.0,0.0,0.0,0.0,0.0,0.0,0.0,0.0,0.0,0.0,0.0,0.0,0.0,0.0,0.0,0.0,0.0,0.0,0.0
2017-05-26 05:53:00+02:00,0.0,0.0,0.0,0.0,0.0,0.0,0.0,0.0,0.0,0.0,0.0,0.0,0.0,0.0,0.0,0.0,0.0,0.0,0.0,0.0,0.0,0.0,0.0,0.0,0.0,0.0,0.0,0.0,0.0,0.0,0.0,0.0,0.0,0.0,0.0,0.0,0.0,0.0,0.0,0.0,0.0,0.0,0.0,0.0,0.0,0.0,0.0,0.0,0.0,0.0,0.0,0.0,0.0,0.0,0.0,0.0,0.0,0.0,0.0,0.0,0.0,0.0,0.0,0.0,0.0,0.0,0.0,0.0,0.0,0.0,0.0,0.0,0.0,0.0,0.0,0.0,0.0,0.0,0.0,0.0,0.0,0.0,0.0,0.0,0.0,0.0,0.0,0.0,0.0,0.0,0.0,0.0,0.0,0.0,0.0,0.0,0.0,0.0,0.0,0.0,0.0,0.0,0.0,0.0,0.0,0.0,0.0,0.0,0.0,0.0,0.0,0.0,0.0,0.0,0.0,0.0,0.0,0.0
2017-05-26 05:54:00+02:00,0.0,0.0,0.0,0.0,0.0,0.0,0.0,0.0,0.0,0.0,0.0,0.0,0.0,0.0,0.0,0.0,0.0,0.0,0.0,0.0,0.0,0.0,0.0,0.0,0.0,0.0,0.0,0.0,0.0,0.0,0.0,0.0,0.0,0.0,0.0,0.0,0.0,0.0,0.0,0.0,0.0,0.0,0.0,0.0,0.0,0.0,0.0,0.0,0.0,0.0,0.0,0.0,0.0,0.0,0.0,0.0,0.0,0.0,0.0,0.0,0.0,0.0,0.0,0.0,0.0,0.0,0.0,0.0,0.0,0.0,0.0,0.0,0.0,0.0,0.0,0.0,0.0,0.0,0.0,0.0,0.0,0.0,0.0,0.0,0.0,0.0,0.0,0.0,0.0,0.0,0.0,0.0,0.0,0.0,0.0,0.0,0.0,0.0,0.0,0.0,0.0,0.0,0.0,0.0,0.0,0.0,0.0,0.0,0.0,0.0,0.0,0.0,0.0,0.0,0.0,0.0,0.0,0.0
2017-05-26 05:55:00+02:00,0.0,0.0,0.0,0.0,0.0,0.0,0.0,0.0,0.0,0.0,0.0,0.0,0.0,0.0,0.0,0.0,0.0,0.0,0.0,0.0,0.0,0.0,0.0,0.0,0.0,0.0,0.0,0.0,0.0,0.0,0.0,0.0,0.0,0.0,0.0,0.0,0.0,0.0,0.0,0.0,0.0,0.0,0.0,0.0,0.0,0.0,0.0,0.0,0.0,0.0,0.0,0.0,0.0,0.0,0.0,0.0,0.0,0.0,0.0,0.0,0.0,0.0,0.0,0.0,0.0,0.0,0.0,0.0,0.0,0.0,0.0,0.0,0.0,0.0,0.0,0.0,0.0,0.0,0.0,0.0,0.0,0.0,0.0,0.0,0.0,0.0,0.0,0.0,0.0,0.0,0.0,0.0,0.0,0.0,0.0,0.0,0.0,0.0,0.0,0.0,0.0,0.0,0.0,0.0,0.0,0.0,0.0,0.0,0.0,0.0,0.0,0.0,0.0,0.0,0.0,0.0,0.0,0.0
2017-05-26 05:56:00+02:00,0.0,0.0,0.0,0.0,0.0,0.0,0.0,0.0,0.0,0.0,0.0,0.0,0.0,0.0,0.0,0.0,0.0,0.0,0.0,0.0,0.0,0.0,0.0,0.0,0.0,0.0,0.0,0.0,0.0,0.0,0.0,0.0,0.0,0.0,0.0,0.0,0.0,0.0,0.0,0.0,0.0,0.0,0.0,0.0,0.0,0.0,0.0,0.0,0.0,0.0,0.0,0.0,0.0,0.0,0.0,0.0,0.0,0.0,0.0,0.0,0.0,0.0,0.0,0.0,0.0,0.0,0.0,0.0,0.0,0.0,0.0,0.0,0.0,0.0,0.0,0.0,0.0,0.0,0.0,0.0,0.0,0.0,0.0,0.0,0.0,0.0,0.0,0.0,0.0,0.0,0.0,0.0,0.0,0.0,0.0,0.0,0.0,0.0,0.0,0.0,0.0,0.0,0.0,0.0,0.0,0.0,0.0,0.0,0.0,0.0,0.0,0.0,0.0,0.0,0.0,0.0,0.0,0.0
2017-05-26 05:57:00+02:00,0.0,0.0,0.0,0.0,0.0,0.0,0.0,0.0,0.0,0.0,0.0,0.0,0.0,0.0,0.0,0.0,0.0,0.0,0.0,0.0,0.0,0.0,0.0,0.0,0.0,0.0,0.0,0.0,0.0,0.0,0.0,0.0,0.0,0.0,0.0,0.0,0.0,0.0,0.0,0.0,0.0,0.0,0.0,0.0,0.0,0.0,0.0,0.0,0.0,0.0,0.0,0.0,0.0,0.0,0.0,0.0,0.0,0.0,0.0,0.0,0.0,0.0,0.0,0.0,0.0,0.0,0.0,0.0,0.0,0.0,0.0,0.0,0.0,0.0,0.0,0.0,0.0,0.0,0.0,0.0,0.0,0.0,0.0,0.0,0.0,0.0,0.0,0.0,0.0,0.0,0.0,0.0,0.0,0.0,0.0,0.0,0.0,0.0,0.0,0.0,0.0,0.0,0.0,0.0,0.0,0.0,0.0,0.0,0.0,0.0,0.0,0.0,0.0,0.0,0.0,0.0,0.0,0.0
2017-05-26 05:58:00+02:00,0.0,0.0,0.0,0.0,0.0,0.0,0.0,0.0,0.0,0.0,0.0,0.0,0.0,0.0,0.0,0.0,0.0,0.0,0.0,0.0,0.0,0.0,0.0,0.0,0.0,0.0,0.0,0.0,0.0,0.0,0.0,0.0,0.0,0.0,0.0,0.0,0.0,0.0,0.0,0.0,0.0,0.0,0.0,0.0,0.0,0.0,0.0,0.0,0.0,0.0,0.0,0.0,0.0,0.0,0.0,0.0,0.0,0.0,0.0,0.0,0.0,0.0,0.0,0.0,0.0,0.0,0.0,0.0,0.0,0.0,0.0,0.0,0.0,0.0,0.0,0.0,0.0,0.0,0.0,0.0,0.0,0.0,0.0,0.0,0.0,0.0,0.0,0.0,0.0,0.0,0.0,0.0,0.0,0.0,0.0,0.0,0.0,0.0,0.0,0.0,0.0,0.0,0.0,0.0,0.0,0.0,0.0,0.0,0.0,0.0,0.0,0.0,0.0,0.0,0.0,0.0,0.0,0.0
2017-05-26 05:59:00+02:00,0.0,0.0,0.0,0.0,0.0,0.0,0.0,0.0,0.0,0.0,0.0,0.0,0.0,0.0,0.0,0.0,0.0,0.0,0.0,0.0,0.0,0.0,0.0,0.0,0.0,0.0,0.0,0.0,0.0,0.0,0.0,0.0,0.0,0.0,0.0,0.0,0.0,0.0,0.0,0.0,0.0,0.0,0.0,0.0,0.0,0.0,0.0,0.0,0.0,0.0,0.0,0.0,0.0,0.0,0.0,0.0,0.0,0.0,0.0,0.0,0.0,0.0,0.0,0.0,0.0,0.0,0.0,0.0,0.0,0.0,0.0,0.0,0.0,0.0,0.0,0.0,0.0,0.0,0.0,0.0,0.0,0.0,0.0,0.0,0.0,0.0,0.0,0.0,0.0,0.0,0.0,0.0,0.0,0.0,0.0,0.0,0.0,0.0,0.0,0.0,0.0,0.0,0.0,0.0,0.0,0.0,0.0,0.0,0.0,0.0,0.0,0.0,0.0,0.0,0.0,0.0,0.0,0.0
2017-05-26 06:00:00+02:00,0.0,0.0,0.0,0.0,0.0,0.0,0.0,0.0,0.0,0.0,0.0,0.0,0.0,0.0,0.0,0.0,0.0,0.0,0.0,0.0,0.0,0.0,0.0,0.0,0.0,0.0,0.0,0.0,0.0,0.0,0.0,0.0,0.0,0.0,0.0,0.0,0.0,0.0,0.0,0.0,0.0,0.0,0.0,0.0,0.0,0.0,0.0,0.0,0.0,0.0,0.0,0.0,0.0,0.0,0.0,0.0,0.0,0.0,0.0,0.0,0.0,0.0,0.0,0.0,0.0,0.0,0.0,0.0,0.0,0.0,0.0,0.0,0.0,0.0,0.0,0.0,0.0,0.0,0.0,0.0,0.0,0.0,0.0,0.0,0.0,0.0,0.0,0.0,0.0,0.0,0.0,0.0,0.0,0.0,0.0,0.0,0.0,0.0,0.0,0.0,0.0,0.0,0.0,0.0,0.0,0.0,0.0,0.0,0.0,0.0,0.0,0.0,0.0,0.0,0.0,0.0,0.0,0.0
2017-05-26 06:01:00+02:00,0.0,0.0,0.0,0.0,0.0,0.0,0.0,0.0,0.0,0.0,0.0,0.0,0.0,0.0,0.0,0.0,0.0,0.0,0.0,0.0,0.0,0.0,0.0,0.0,0.0,0.0,0.0,0.0,0.0,0.0,0.0,0.0,0.0,0.0,0.0,0.0,0.0,0.0,0.0,0.0,0.0,0.0,0.0,0.0,0.0,0.0,0.0,0.0,0.0,0.0,0.0,0.0,0.0,0.0,0.0,0.0,0.0,0.0,0.0,0.0,0.0,0.0,0.0,0.0,0.0,0.0,0.0,0.0,0.0,0.0,0.0,0.0,0.0,0.0,0.0,0.0,0.0,0.0,0.0,0.0,0.0,0.0,0.0,0.0,0.0,0.0,0.0,0.0,0.0,0.0,0.0,0.0,0.0,0.0,0.0,0.0,0.0,0.0,0.0,0.0,0.0,0.0,0.0,0.0,0.0,0.0,0.0,0.0,0.0,0.0,0.0,0.0,0.0,0.0,0.0,0.0,0.0,0.0
2017-05-26 06:02:00+02:00,0.0,0.0,0.0,0.0,0.0,0.0,0.0,0.0,0.0,0.0,0.0,0.0,0.0,0.0,0.0,0.0,0.0,0.0,0.0,0.0,0.0,0.0,0.0,0.0,0.0,0.0,0.0,0.0,0.0,0.0,0.0,0.0,0.0,0.0,0.0,0.0,0.0,0.0,0.0,0.0,0.0,0.0,0.0,0.0,0.0,0.0,0.0,0.0,0.0,0.0,0.0,0.0,0.0,0.0,0.0,0.0,0.0,0.0,0.0,0.0,0.0,0.0,0.0,0.0,0.0,0.0,0.0,0.0,0.0,0.0,0.0,0.0,0.0,0.0,0.0,0.0,0.0,0.0,0.0,0.0,0.0,0.0,0.0,0.0,0.0,0.0,0.0,0.0,0.0,0.0,0.0,0.0,0.0,0.0,0.0,0.0,0.0,0.0,0.0,0.0,0.0,0.0,0.0,0.0,0.0,0.0,0.0,0.0,0.0,0.0,0.0,0.0,0.0,0.0,0.0,0.0,0.0,0.0
2017-05-26 06:03:00+02:00,0.0,0.0,0.0,0.0,0.0,0.0,0.0,0.0,0.0,0.0,0.0,0.0,0.0,0.0,0.0,0.0,0.0,0.0,0.0,0.0,0.0,0.0,0.0,0.0,0.0,0.0,0.0,0.0,0.0,0.0,0.0,0.0,0.0,0.0,0.0,0.0,0.0,0.0,0.0,0.0,0.0,0.0,0.0,0.0,0.0,0.0,0.0,0.0,0.0,0.0,0.0,0.0,0.0,0.0,0.0,0.0,0.0,0.0,0.0,0.0,0.0,0.0,0.0,0.0,0.0,0.0,0.0,0.0,0.0,0.0,0.0,0.0,0.0,0.0,0.0,0.0,0.0,0.0,0.0,0.0,0.0,0.0,0.0,0.0,0.0,0.0,0.0,0.0,0.0,0.0,0.0,0.0,0.0,0.0,0.0,0.0,0.0,0.0,0.0,0.0,0.0,0.0,0.0,0.0,0.0,0.0,0.0,0.0,0.0,0.0,0.0,0.0,0.0,0.0,0.0,0.0,0.0,0.0
2017-05-26 06:04:00+02:00,0.0,0.0,0.0,0.0,0.0,0.0,0.0,0.0,0.0,0.0,0.0,0.0,0.0,0.0,0.0,0.0,0.0,0.0,0.0,0.0,0.0,0.0,0.0,0.0,0.0,0.0,0.0,0.0,0.0,0.0,0.0,0.0,0.0,0.0,0.0,0.0,0.0,0.0,0.0,0.0,0.0,0.0,0.0,0.0,0.0,0.0,0.0,0.0,0.0,0.0,0.0,0.0,0.0,0.0,0.0,0.0,0.0,0.0,0.0,0.0,0.0,0.0,0.0,0.0,0.0,0.0,0.0,0.0,0.0,0.0,0.0,0.0,0.0,0.0,0.0,0.0,0.0,0.0,0.0,0.0,0.0,0.0,0.0,0.0,0.0,0.0,0.0,0.0,0.0,0.0,0.0,0.0,0.0,0.0,0.0,0.0,0.0,0.0,0.0,0.0,0.0,0.0,0.0,0.0,0.0,0.0,0.0,0.0,0.0,0.0,0.0,0.0,0.0,0.0,0.0,0.0,0.0,0.0
2017-05-26 06:05:00+02:00,0.0,0.0,0.0,0.0,0.0,0.0,0.0,0.0,0.0,0.0,0.0,0.0,0.0,0.0,0.0,0.0,0.0,0.0,0.0,0.0,0.0,0.0,0.0,0.0,0.0,0.0,0.0,0.0,0.0,0.0,0.0,0.0,0.0,0.0,0.0,0.0,0.0,0.0,0.0,0.0,0.0,0.0,0.0,0.0,0.0,0.0,0.0,0.0,0.0,0.0,0.0,0.0,0.0,0.0,0.0,0.0,0.0,0.0,0.0,0.0,0.0,0.0,0.0,0.0,0.0,0.0,0.0,0.0,0.0,0.0,0.0,0.0,0.0,0.0,0.0,0.0,0.0,0.0,0.0,0.0,0.0,0.0,0.0,0.0,0.0,0.0,0.0,0.0,0.0,0.0,0.0,0.0,0.0,0.0,0.0,0.0,0.0,0.0,0.0,0.0,0.0,0.0,0.0,0.0,0.0,0.0,0.0,0.0,0.0,0.0,0.0,0.0,0.0,0.0,0.0,0.0,0.0,0.0
2017-05-26 06:06:00+02:00,0.0,0.0,0.0,0.0,0.0,0.0,0.0,0.0,0.0,0.0,0.0,0.0,0.0,0.0,0.0,0.0,0.0,0.0,0.0,0.0,0.0,0.0,0.0,0.0,0.0,0.0,0.0,0.0,0.0,0.0,0.0,0.0,0.0,0.0,0.0,0.0,0.0,0.0,0.0,0.0,0.0,0.0,0.0,0.0,0.0,0.0,0.0,0.0,0.0,0.0,0.0,0.0,0.0,0.0,0.0,0.0,0.0,0.0,0.0,0.0,0.0,0.0,0.0,0.0,0.0,0.0,0.0,0.0,0.0,0.0,0.0,0.0,0.0,0.0,0.0,0.0,0.0,0.0,0.0,0.0,0.0,0.0,0.0,0.0,0.0,0.0,0.0,0.0,0.0,0.0,0.0,0.0,0.0,0.0,0.0,0.0,0.0,0.0,0.0,0.0,0.0,0.0,0.0,0.0,0.0,0.0,0.0,0.0,0.0,0.0,0.0,0.0,0.0,0.0,0.0,0.0,0.0,0.0
2017-05-26 06:07:00+02:00,0.0,0.0,0.0,0.0,0.0,0.0,0.0,0.0,0.0,0.0,0.0,0.0,0.0,0.0,0.0,0.0,0.0,0.0,0.0,0.0,0.0,0.0,0.0,0.0,0.0,0.0,0.0,0.0,0.0,0.0,0.0,0.0,0.0,0.0,0.0,0.0,0.0,0.0,0.0,0.0,0.0,0.0,0.0,0.0,0.0,0.0,0.0,0.0,0.0,0.0,0.0,0.0,0.0,0.0,0.0,0.0,0.0,0.0,0.0,0.0,0.0,0.0,0.0,0.0,0.0,0.0,0.0,0.0,0.0,0.0,0.0,0.0,0.0,0.0,0.0,0.0,0.0,0.0,0.0,0.0,0.0,0.0,0.0,0.0,0.0,0.0,0.0,0.0,0.0,0.0,0.0,0.0,0.0,0.0,0.0,0.0,0.0,0.0,0.0,0.0,0.0,0.0,0.0,0.0,0.0,0.0,0.0,0.0,0.0,0.0,0.0,0.0,0.0,0.0,0.0,0.0,0.0,0.0
2017-05-26 06:08:00+02:00,0.0,0.0,0.0,0.0,0.0,0.0,0.0,0.0,0.0,0.0,0.0,0.0,0.0,0.0,0.0,0.0,0.0,0.0,0.0,0.0,0.0,0.0,0.0,0.0,0.0,0.0,0.0,0.0,0.0,0.0,0.0,0.0,0.0,0.0,0.0,0.0,0.0,0.0,0.0,0.0,0.0,0.0,0.0,0.0,0.0,0.0,0.0,0.0,0.0,0.0,0.0,0.0,0.0,0.0,0.0,0.0,0.0,0.0,0.0,0.0,0.0,0.0,0.0,0.0,0.0,0.0,0.0,0.0,0.0,0.0,0.0,0.0,0.0,0.0,0.0,0.0,0.0,0.0,0.0,0.0,0.0,0.0,0.0,0.0,0.0,0.0,0.0,0.0,0.0,0.0,0.0,0.0,0.0,0.0,0.0,0.0,0.0,0.0,0.0,0.0,0.0,0.0,0.0,0.0,0.0,0.0,0.0,0.0,0.0,0.0,0.0,0.0,0.0,0.0,0.0,0.0,0.0,0.0
2017-05-26 06:09:00+02:00,0.0,0.0,0.0,0.0,0.0,0.0,0.0,0.0,0.0,0.0,0.0,0.0,0.0,0.0,0.0,0.0,0.0,0.0,0.0,0.0,0.0,0.0,0.0,0.0,0.0,0.0,0.0,0.0,0.0,0.0,0.0,0.0,0.0,0.0,0.0,0.0,0.0,0.0,0.0,0.0,0.0,0.0,0.0,0.0,0.0,0.0,0.0,0.0,0.0,0.0,0.0,0.0,0.0,0.0,0.0,0.0,0.0,0.0,0.0,0.0,0.0,0.0,0.0,0.0,0.0,0.0,0.0,0.0,0.0,0.0,0.0,0.0,0.0,0.0,0.0,0.0,0.0,0.0,0.0,0.0,0.0,0.0,0.0,0.0,0.0,0.0,0.0,0.0,0.0,0.0,0.0,0.0,0.0,0.0,0.0,0.0,0.0,0.0,0.0,0.0,0.0,0.0,0.0,0.0,0.0,0.0,0.0,0.0,0.0,0.0,0.0,0.0,0.0,0.0,0.0,0.0,0.0,0.0
2017-05-26 06:10:00+02:00,0.0,0.0,0.0,0.0,0.0,0.0,0.0,0.0,0.0,0.0,0.0,0.0,0.0,0.0,0.0,0.0,0.0,0.0,0.0,0.0,0.0,0.0,0.0,0.0,0.0,0.0,0.0,0.0,0.0,0.0,0.0,0.0,0.0,0.0,0.0,0.0,0.0,0.0,0.0,0.0,0.0,0.0,0.0,0.0,0.0,0.0,0.0,0.0,0.0,0.0,0.0,0.0,0.0,0.0,0.0,0.0,0.0,0.0,0.0,0.0,0.0,0.0,0.0,0.0,0.0,0.0,0.0,0.0,0.0,0.0,0.0,0.0,0.0,0.0,0.0,0.0,0.0,0.0,0.0,0.0,0.0,0.0,0.0,0.0,0.0,0.0,0.0,0.0,0.0,0.0,0.0,0.0,0.0,0.0,0.0,0.0,0.0,0.0,0.0,0.0,0.0,0.0,0.0,0.0,0.0,0.0,0.0,0.0,0.0,0.0,0.0,0.0,0.0,0.0,0.0,0.0,0.0,0.0
2017-05-26 06:11:00+02:00,0.0,0.0,0.0,0.0,0.0,0.0,0.0,0.0,0.0,0.0,0.0,0.0,0.0,0.0,0.0,0.0,0.0,0.0,0.0,0.0,0.0,0.0,0.0,0.0,0.0,0.0,0.0,0.0,0.0,0.0,0.0,0.0,0.0,0.0,0.0,0.0,0.0,0.0,0.0,0.0,0.0,0.0,0.0,0.0,0.0,0.0,0.0,0.0,0.0,0.0,0.0,0.0,0.0,0.0,0.0,0.0,0.0,0.0,0.0,0.0,0.0,0.0,0.0,0.0,0.0,0.0,0.0,0.0,0.0,0.0,0.0,0.0,0.0,0.0,0.0,0.0,0.0,0.0,0.0,0.0,0.0,0.0,0.0,0.0,0.0,0.0,0.0,0.0,0.0,0.0,0.0,0.0,0.0,0.0,0.0,0.0,0.0,0.0,0.0,0.0,0.0,0.0,0.0,0.0,0.0,0.0,0.0,0.0,0.0,0.0,0.0,0.0,0.0,0.0,0.0,0.0,0.0,0.0
2017-05-26 06:12:00+02:00,0.0,0.0,0.0,0.0,0.0,0.0,0.0,0.0,0.0,0.0,0.0,0.0,0.0,0.0,0.0,0.0,0.0,0.0,0.0,0.0,0.0,0.0,0.0,0.0,0.0,0.0,0.0,0.0,0.0,0.0,0.0,0.0,0.0,0.0,0.0,0.0,0.0,0.0,0.0,0.0,0.0,0.0,0.0,0.0,0.0,0.0,0.0,0.0,0.0,0.0,0.0,0.0,0.0,0.0,0.0,0.0,0.0,0.0,0.0,0.0,0.0,0.0,0.0,0.0,0.0,0.0,0.0,0.0,0.0,0.0,0.0,0.0,0.0,0.0,0.0,0.0,0.0,0.0,0.0,0.0,0.0,0.0,0.0,0.0,0.0,0.0,0.0,0.0,0.0,0.0,0.0,0.0,0.0,0.0,0.0,0.0,0.0,0.0,0.0,0.0,0.0,0.0,0.0,0.0,0.0,0.0,0.0,0.0,0.0,0.0,0.0,0.0,0.0,0.0,0.0,0.0,0.0,0.0
2017-05-26 06:13:00+02:00,0.0,0.0,0.0,0.0,0.0,0.0,0.0,0.0,0.0,0.0,0.0,0.0,0.0,0.0,0.0,0.0,0.0,0.0,0.0,0.0,0.0,0.0,0.0,0.0,0.0,0.0,0.0,0.0,0.0,0.0,0.0,0.0,0.0,0.0,0.0,0.0,0.0,0.0,0.0,0.0,0.0,0.0,0.0,0.0,0.0,0.0,0.0,0.0,0.0,0.0,0.0,0.0,0.0,0.0,0.0,0.0,0.0,0.0,0.0,0.0,0.0,0.0,0.0,0.0,0.0,0.0,0.0,0.0,0.0,0.0,0.0,0.0,0.0,0.0,0.0,0.0,0.0,0.0,0.0,0.0,0.0,0.0,0.0,0.0,0.0,0.0,0.0,0.0,0.0,0.0,0.0,0.0,0.0,0.0,0.0,0.0,0.0,0.0,0.0,0.0,0.0,0.0,0.0,0.0,0.0,0.0,0.0,0.0,0.0,0.0,0.0,0.0,0.0,0.0,0.0,0.0,0.0,0.0
2017-05-26 06:14:00+02:00,0.0,0.0,0.0,0.0,0.0,0.0,0.0,0.0,0.0,0.0,0.0,0.0,0.0,0.0,0.0,0.0,0.0,0.0,0.0,0.0,0.0,0.0,0.0,0.0,0.0,0.0,0.0,0.0,0.0,0.0,0.0,0.0,0.0,0.0,0.0,0.0,0.0,0.0,0.0,0.0,0.0,0.0,0.0,0.0,0.0,0.0,0.0,0.0,0.0,0.0,0.0,0.0,0.0,0.0,0.0,0.0,0.0,0.0,0.0,0.0,0.0,0.0,0.0,0.0,0.0,0.0,0.0,0.0,0.0,0.0,0.0,0.0,0.0,0.0,0.0,0.0,0.0,0.0,0.0,0.0,0.0,0.0,0.0,0.0,0.0,0.0,0.0,0.0,0.0,0.0,0.0,0.0,0.0,0.0,0.0,0.0,0.0,0.0,0.0,0.0,0.0,0.0,0.0,0.0,0.0,0.0,0.0,0.0,0.0,0.0,0.0,0.0,0.0,0.0,0.0,0.0,0.0,0.0
2017-05-26 06:15:00+02:00,0.0,0.0,0.0,0.0,0.0,0.0,0.0,0.0,0.0,0.0,0.0,0.0,0.0,0.0,0.0,0.0,0.0,0.0,0.0,0.0,0.0,0.0,0.0,0.0,0.0,0.0,0.0,0.0,0.0,0.0,0.0,0.0,0.0,0.0,0.0,0.0,0.0,0.0,0.0,0.0,0.0,0.0,0.0,0.0,0.0,0.0,0.0,0.0,0.0,0.0,0.0,0.0,0.0,0.0,0.0,0.0,0.0,0.0,0.0,0.0,0.0,0.0,0.0,0.0,0.0,0.0,0.0,0.0,0.0,0.0,0.0,0.0,0.0,0.0,0.0,0.0,0.0,0.0,0.0,0.0,0.0,0.0,0.0,0.0,0.0,0.0,0.0,0.0,0.0,0.0,0.0,0.0,0.0,0.0,0.0,0.0,0.0,0.0,0.0,0.0,0.0,0.0,0.0,0.0,0.0,0.0,0.0,0.0,0.0,0.0,0.0,0.0,0.0,0.0,0.0,0.0,0.0,0.0
2017-05-26 06:16:00+02:00,0.0,0.0,0.0,0.0,0.0,0.0,0.0,0.0,0.0,0.0,0.0,0.0,0.0,0.0,0.0,0.0,0.0,0.0,0.0,0.0,0.0,0.0,0.0,0.0,0.0,0.0,0.0,0.0,0.0,0.0,0.0,0.0,0.0,0.0,0.0,0.0,0.0,0.0,0.0,0.0,0.0,0.0,0.0,0.0,0.0,0.0,0.0,0.0,0.0,0.0,0.0,0.0,0.0,0.0,0.0,0.0,0.0,0.0,0.0,0.0,0.0,0.0,0.0,0.0,0.0,0.0,0.0,0.0,0.0,0.0,0.0,0.0,0.0,0.0,0.0,0.0,0.0,0.0,0.0,0.0,0.0,0.0,0.0,0.0,0.0,0.0,0.0,0.0,0.0,0.0,0.0,0.0,0.0,0.0,0.0,0.0,0.0,0.0,0.0,0.0,0.0,0.0,0.0,0.0,0.0,0.0,0.0,0.0,0.0,0.0,0.0,0.0,0.0,0.0,0.0,0.0,0.0,0.0
2017-05-26 06:17:00+02:00,0.0,0.0,0.0,0.0,0.0,0.0,0.0,0.0,0.0,0.0,0.0,0.0,0.0,0.0,0.0,0.0,0.0,0.0,0.0,0.0,0.0,0.0,0.0,0.0,0.0,0.0,0.0,0.0,0.0,0.0,0.0,0.0,0.0,0.0,0.0,0.0,0.0,0.0,0.0,0.0,0.0,0.0,0.0,0.0,0.0,0.0,0.0,0.0,0.0,0.0,0.0,0.0,0.0,0.0,0.0,0.0,0.0,0.0,0.0,0.0,0.0,0.0,0.0,0.0,0.0,0.0,0.0,0.0,0.0,0.0,0.0,0.0,0.0,0.0,0.0,0.0,0.0,0.0,0.0,0.0,0.0,0.0,0.0,0.0,0.0,0.0,0.0,0.0,0.0,0.0,0.0,0.0,0.0,0.0,0.0,0.0,0.0,0.0,0.0,0.0,0.0,0.0,0.0,0.0,0.0,0.0,0.0,0.0,0.0,0.0,0.0,0.0,0.0,0.0,0.0,0.0,0.0,0.0
2017-05-26 06:18:00+02:00,0.0,0.0,0.0,0.0,0.0,0.0,0.0,0.0,0.0,0.0,0.0,0.0,0.0,0.0,0.0,0.0,0.0,0.0,0.0,0.0,0.0,0.0,0.0,0.0,0.0,0.0,0.0,0.0,0.0,0.0,0.0,0.0,0.0,0.0,0.0,0.0,0.0,0.0,0.0,0.0,0.0,0.0,0.0,0.0,0.0,0.0,0.0,0.0,0.0,0.0,0.0,0.0,0.0,0.0,0.0,0.0,0.0,0.0,0.0,0.0,0.0,0.0,0.0,0.0,0.0,0.0,0.0,0.0,0.0,0.0,0.0,0.0,0.0,0.0,0.0,0.0,0.0,0.0,0.0,0.0,0.0,0.0,0.0,0.0,0.0,0.0,0.0,0.0,0.0,0.0,0.0,0.0,0.0,0.0,0.0,0.0,0.0,0.0,0.0,0.0,0.0,0.0,0.0,0.0,0.0,0.0,0.0,0.0,0.0,0.0,0.0,0.0,0.0,0.0,0.0,0.0,0.0,0.0
2017-05-26 06:19:00+02:00,0.0,0.0,0.0,0.0,0.0,0.0,0.0,0.0,0.0,0.0,0.0,0.0,0.0,0.0,0.0,0.0,0.0,0.0,0.0,0.0,0.0,0.0,0.0,0.0,0.0,0.0,0.0,0.0,0.0,0.0,0.0,0.0,0.0,0.0,0.0,0.0,0.0,0.0,0.0,0.0,0.0,0.0,0.0,0.0,0.0,0.0,0.0,0.0,0.0,0.0,0.0,0.0,0.0,0.0,0.0,0.0,0.0,0.0,0.0,0.0,0.0,0.0,0.0,0.0,0.0,0.0,0.0,0.0,0.0,0.0,0.0,0.0,0.0,0.0,0.0,0.0,0.0,0.0,0.0,0.0,0.0,0.0,0.0,0.0,0.0,0.0,0.0,0.0,0.0,0.0,0.0,0.0,0.0,0.0,0.0,0.0,0.0,0.0,0.0,0.0,0.0,0.0,0.0,0.0,0.0,0.0,0.0,0.0,0.0,0.0,0.0,0.0,0.0,0.0,0.0,0.0,0.0,0.0
2017-05-26 06:20:00+02:00,0.0,0.0,0.0,0.0,0.0,0.0,0.0,0.0,0.0,0.0,0.0,0.0,0.0,0.0,0.0,0.0,0.0,0.0,0.0,0.0,0.0,0.0,0.0,0.0,0.0,0.0,0.0,0.0,0.0,0.0,0.0,0.0,0.0,0.0,0.0,0.0,0.0,0.0,0.0,0.0,0.0,0.0,0.0,0.0,0.0,0.0,0.0,0.0,0.0,0.0,0.0,0.0,0.0,0.0,0.0,0.0,0.0,0.0,0.0,0.0,0.0,0.0,0.0,0.0,0.0,0.0,0.0,0.0,0.0,0.0,0.0,0.0,0.0,0.0,0.0,0.0,0.0,0.0,0.0,0.0,0.0,0.0,0.0,0.0,0.0,0.0,0.0,0.0,0.0,0.0,0.0,0.0,0.0,0.0,0.0,0.0,0.0,0.0,0.0,0.0,0.0,0.0,0.0,0.0,0.0,0.0,0.0,0.0,0.0,0.0,0.0,0.0,0.0,0.0,0.0,0.0,0.0,0.0
2017-05-26 06:21:00+02:00,0.0,0.0,0.0,0.0,0.0,0.0,0.0,0.0,0.0,0.0,0.0,0.0,0.0,0.0,0.0,0.0,0.0,0.0,0.0,0.0,0.0,0.0,0.0,0.0,0.0,0.0,0.0,0.0,0.0,0.0,0.0,0.0,0.0,0.0,0.0,0.0,0.0,0.0,0.0,0.0,0.0,0.0,0.0,0.0,0.0,0.0,0.0,0.0,0.0,0.0,0.0,0.0,0.0,0.0,0.0,0.0,0.0,0.0,0.0,0.0,0.0,0.0,0.0,0.0,0.0,0.0,0.0,0.0,0.0,0.0,0.0,0.0,0.0,0.0,0.0,0.0,0.0,0.0,0.0,0.0,0.0,0.0,0.0,0.0,0.0,0.0,0.0,0.0,0.0,0.0,0.0,0.0,0.0,0.0,0.0,0.0,0.0,0.0,0.0,0.0,0.0,0.0,0.0,0.0,0.0,0.0,0.0,0.0,0.0,0.0,0.0,0.0,0.0,0.0,0.0,0.0,0.0,0.0
2017-05-26 06:22:00+02:00,0.0,0.0,0.0,0.0,0.0,0.0,0.0,0.0,0.0,0.0,0.0,0.0,0.0,0.0,0.0,0.0,0.0,0.0,0.0,0.0,0.0,0.0,0.0,0.0,0.0,0.0,0.0,0.0,0.0,0.0,0.0,0.0,0.0,0.0,0.0,0.0,0.0,0.0,0.0,0.0,0.0,0.0,0.0,0.0,0.0,0.0,0.0,0.0,0.0,0.0,0.0,0.0,0.0,0.0,0.0,0.0,0.0,0.0,0.0,0.0,0.0,0.0,0.0,0.0,0.0,0.0,0.0,0.0,0.0,0.0,0.0,0.0,0.0,0.0,0.0,0.0,0.0,0.0,0.0,0.0,0.0,0.0,0.0,0.0,0.0,0.0,0.0,0.0,0.0,0.0,0.0,0.0,0.0,0.0,0.0,0.0,0.0,0.0,0.0,0.0,0.0,0.0,0.0,0.0,0.0,0.0,0.0,0.0,0.0,0.0,0.0,0.0,0.0,0.0,0.0,0.0,0.0,0.0
2017-05-26 06:23:00+02:00,0.0,0.0,0.0,0.0,0.0,0.0,0.0,0.0,0.0,0.0,0.0,0.0,0.0,0.0,0.0,0.0,0.0,0.0,0.0,0.0,0.0,0.0,0.0,0.0,0.0,0.0,0.0,0.0,0.0,0.0,0.0,0.0,0.0,0.0,0.0,0.0,0.0,0.0,0.0,0.0,0.0,0.0,0.0,0.0,0.0,0.0,0.0,0.0,0.0,0.0,0.0,0.0,0.0,0.0,0.0,0.0,0.0,0.0,0.0,0.0,0.0,0.0,0.0,0.0,0.0,0.0,0.0,0.0,0.0,0.0,0.0,0.0,0.0,0.0,0.0,0.0,0.0,0.0,0.0,0.0,0.0,0.0,0.0,0.0,0.0,0.0,0.0,0.0,0.0,0.0,0.0,0.0,0.0,0.0,0.0,0.0,0.0,0.0,0.0,0.0,0.0,0.0,0.0,0.0,0.0,0.0,0.0,0.0,0.0,0.0,0.0,0.0,0.0,0.0,0.0,0.0,0.0,0.0
2017-05-26 06:24:00+02:00,0.0,0.0,0.0,0.0,0.0,0.0,0.0,0.0,0.0,0.0,0.0,0.0,0.0,0.0,0.0,0.0,0.0,0.0,0.0,0.0,0.0,0.0,0.0,0.0,0.0,0.0,0.0,0.0,0.0,0.0,0.0,0.0,0.0,0.0,0.0,0.0,0.0,0.0,0.0,0.0,0.0,0.0,0.0,0.0,0.0,0.0,0.0,0.0,0.0,0.0,0.0,0.0,0.0,0.0,0.0,0.0,0.0,0.0,0.0,0.0,0.0,0.0,0.0,0.0,0.0,0.0,0.0,0.0,0.0,0.0,0.0,0.0,0.0,0.0,0.0,0.0,0.0,0.0,0.0,0.0,0.0,0.0,0.0,0.0,0.0,0.0,0.0,0.0,0.0,0.0,0.0,0.0,0.0,0.0,0.0,0.0,0.0,0.0,0.0,0.0,0.0,0.0,0.0,0.0,0.0,0.0,0.0,0.0,0.0,0.0,0.0,0.0,0.0,0.0,0.0,0.0,0.0,0.0
2017-05-26 06:25:00+02:00,0.0,0.0,0.0,0.0,0.0,0.0,0.0,0.0,0.0,0.0,0.0,0.0,0.0,0.0,0.0,0.0,0.0,0.0,0.0,0.0,0.0,0.0,0.0,0.0,0.0,0.0,0.0,0.0,0.0,0.0,0.0,0.0,0.0,0.0,0.0,0.0,0.0,0.0,0.0,0.0,0.0,0.0,0.0,0.0,0.0,0.0,0.0,0.0,0.0,0.0,0.0,0.0,0.0,0.0,0.0,0.0,0.0,0.0,0.0,0.0,0.0,0.0,0.0,0.0,0.0,0.0,0.0,0.0,0.0,0.0,0.0,0.0,0.0,0.0,0.0,0.0,0.0,0.0,0.0,0.0,0.0,0.0,0.0,0.0,0.0,0.0,0.0,0.0,0.0,0.0,0.0,0.0,0.0,0.0,0.0,0.0,0.0,0.0,0.0,0.0,0.0,0.0,0.0,0.0,0.0,0.0,0.0,0.0,0.0,0.0,0.0,0.0,0.0,0.0,0.0,0.0,0.0,0.0
2017-05-26 06:26:00+02:00,0.0,0.0,0.0,0.0,0.0,0.0,0.0,0.0,0.0,0.0,0.0,0.0,0.0,0.0,0.0,0.0,0.0,0.0,0.0,0.0,0.0,0.0,0.0,0.0,0.0,0.0,0.0,0.0,0.0,0.0,0.0,0.0,0.0,0.0,0.0,0.0,0.0,0.0,0.0,0.0,0.0,0.0,0.0,0.0,0.0,0.0,0.0,0.0,0.0,0.0,0.0,0.0,0.0,0.0,0.0,0.0,0.0,0.0,0.0,0.0,0.0,0.0,0.0,0.0,0.0,0.0,0.0,0.0,0.0,0.0,0.0,0.0,0.0,0.0,0.0,0.0,0.0,0.0,0.0,0.0,0.0,0.0,0.0,0.0,0.0,0.0,0.0,0.0,0.0,0.0,0.0,0.0,0.0,0.0,0.0,0.0,0.0,0.0,0.0,0.0,0.0,0.0,0.0,0.0,0.0,0.0,0.0,0.0,0.0,0.0,0.0,0.0,0.0,0.0,0.0,0.0,0.0,0.0
2017-05-26 06:27:00+02:00,0.0,0.0,0.0,0.0,0.0,0.0,0.0,0.0,0.0,0.0,0.0,0.0,0.0,0.0,0.0,0.0,0.0,0.0,0.0,0.0,0.0,0.0,0.0,0.0,0.0,0.0,0.0,0.0,0.0,0.0,0.0,0.0,0.0,0.0,0.0,0.0,0.0,0.0,0.0,0.0,0.0,0.0,0.0,0.0,0.0,0.0,0.0,0.0,0.0,0.0,0.0,0.0,0.0,0.0,0.0,0.0,0.0,0.0,0.0,0.0,0.0,0.0,0.0,0.0,0.0,0.0,0.0,0.0,0.0,0.0,0.0,0.0,0.0,0.0,0.0,0.0,0.0,0.0,0.0,0.0,0.0,0.0,0.0,0.0,0.0,0.0,0.0,0.0,0.0,0.0,0.0,0.0,0.0,0.0,0.0,0.0,0.0,0.0,0.0,0.0,0.0,0.0,0.0,0.0,0.0,0.0,0.0,0.0,0.0,0.0,0.0,0.0,0.0,0.0,0.0,0.0,0.0,0.0
2017-05-26 06:28:00+02:00,0.0,0.0,0.0,0.0,0.0,0.0,0.0,0.0,0.0,0.0,0.0,0.0,0.0,0.0,0.0,0.0,0.0,0.0,0.0,0.0,0.0,0.0,0.0,0.0,0.0,0.0,0.0,0.0,0.0,0.0,0.0,0.0,0.0,0.0,0.0,0.0,0.0,0.0,0.0,0.0,0.0,0.0,0.0,0.0,0.0,0.0,0.0,0.0,0.0,0.0,0.0,0.0,0.0,0.0,0.0,0.0,0.0,0.0,0.0,0.0,0.0,0.0,0.0,0.0,0.0,0.0,0.0,0.0,0.0,0.0,0.0,0.0,0.0,0.0,0.0,0.0,0.0,0.0,0.0,0.0,0.0,0.0,0.0,0.0,0.0,0.0,0.0,0.0,0.0,0.0,0.0,0.0,0.0,0.0,0.0,0.0,0.0,0.0,0.0,0.0,0.0,0.0,0.0,0.0,0.0,0.0,0.0,0.0,0.0,0.0,0.0,0.0,0.0,0.0,0.0,0.0,0.0,0.0
2017-05-26 06:29:00+02:00,0.0,0.0,0.0,0.0,0.0,0.0,0.0,0.0,0.0,0.0,0.0,0.0,0.0,0.0,0.0,0.0,0.0,0.0,0.0,0.0,0.0,0.0,0.0,0.0,0.0,0.0,0.0,0.0,0.0,0.0,0.0,0.0,0.0,0.0,0.0,0.0,0.0,0.0,0.0,0.0,0.0,0.0,0.0,0.0,0.0,0.0,0.0,0.0,0.0,0.0,0.0,0.0,0.0,0.0,0.0,0.0,0.0,0.0,0.0,0.0,0.0,0.0,0.0,0.0,0.0,0.0,0.0,0.0,0.0,0.0,0.0,0.0,0.0,0.0,0.0,0.0,0.0,0.0,0.0,0.0,0.0,0.0,0.0,0.0,0.0,0.0,0.0,0.0,0.0,0.0,0.0,0.0,0.0,0.0,0.0,0.0,0.0,0.0,0.0,0.0,0.0,0.0,0.0,0.0,0.0,0.0,0.0,0.0,0.0,0.0,0.0,0.0,0.0,0.0,0.0,0.0,0.0,0.0
2017-05-26 06:30:00+02:00,0.0,0.0,0.0,0.0,0.0,0.0,0.0,0.0,0.0,0.0,0.0,0.0,0.0,0.0,0.0,0.0,0.0,0.0,0.0,0.0,0.0,0.0,0.0,0.0,0.0,0.0,0.0,0.0,0.0,0.0,0.0,0.0,0.0,0.0,0.0,0.0,0.0,0.0,0.0,0.0,0.0,0.0,0.0,0.0,0.0,0.0,0.0,0.0,0.0,0.0,0.0,0.0,0.0,0.0,0.0,0.0,0.0,0.0,0.0,0.0,0.0,0.0,0.0,0.0,0.0,0.0,0.0,0.0,0.0,0.0,0.0,0.0,0.0,0.0,0.0,0.0,0.0,0.0,0.0,0.0,0.0,0.0,0.0,0.0,0.0,0.0,0.0,0.0,0.0,0.0,0.0,0.0,0.0,0.0,0.0,0.0,0.0,0.0,0.0,0.0,0.0,0.0,0.0,0.0,0.0,0.0,0.0,0.0,0.0,0.0,0.0,0.0,0.0,0.0,0.0,0.0,0.0,0.0
2017-05-26 06:31:00+02:00,0.0,0.0,0.0,0.0,0.0,0.0,0.0,0.0,0.0,0.0,0.0,0.0,0.0,0.0,0.0,0.0,0.0,0.0,0.0,0.0,0.0,0.0,0.0,0.0,0.0,0.0,0.0,0.0,0.0,0.0,0.0,0.0,0.0,0.0,0.0,0.0,0.0,0.0,0.0,0.0,0.0,0.0,0.0,0.0,0.0,0.0,0.0,0.0,0.0,0.0,0.0,0.0,0.0,0.0,0.0,0.0,0.0,0.0,0.0,0.0,0.0,0.0,0.0,0.0,0.0,0.0,0.0,0.0,0.0,0.0,0.0,0.0,0.0,0.0,0.0,0.0,0.0,0.0,0.0,0.0,0.0,0.0,0.0,0.0,0.0,0.0,0.0,0.0,0.0,0.0,0.0,0.0,0.0,0.0,0.0,0.0,0.0,0.0,0.0,0.0,0.0,0.0,0.0,0.0,0.0,0.0,0.0,0.0,0.0,0.0,0.0,0.0,0.0,0.0,0.0,0.0,0.0,0.0
2017-05-26 06:32:00+02:00,0.0,0.0,0.0,0.0,0.0,0.0,0.0,0.0,0.0,0.0,0.0,0.0,0.0,0.0,0.0,0.0,0.0,0.0,0.0,0.0,0.0,0.0,0.0,0.0,0.0,0.0,0.0,0.0,0.0,0.0,0.0,0.0,0.0,0.0,0.0,0.0,0.0,0.0,0.0,0.0,0.0,0.0,0.0,0.0,0.0,0.0,0.0,0.0,0.0,0.0,0.0,0.0,0.0,0.0,0.0,0.0,0.0,0.0,0.0,0.0,0.0,0.0,0.0,0.0,0.0,0.0,0.0,0.0,0.0,0.0,0.0,0.0,0.0,0.0,0.0,0.0,0.0,0.0,0.0,0.0,0.0,0.0,0.0,0.0,0.0,0.0,0.0,0.0,0.0,0.0,0.0,0.0,0.0,0.0,0.0,0.0,0.0,0.0,0.0,0.0,0.0,0.0,0.0,0.0,0.0,0.0,0.0,0.0,0.0,0.0,0.0,0.0,0.0,0.0,0.0,0.0,0.0,0.0
2017-05-26 06:33:00+02:00,0.0,0.0,0.0,0.0,0.0,0.0,0.0,0.0,0.0,0.0,0.0,0.0,0.0,0.0,0.0,0.0,0.0,0.0,0.0,0.0,0.0,0.0,0.0,0.0,0.0,0.0,0.0,0.0,0.0,0.0,0.0,0.0,0.0,0.0,0.0,0.0,0.0,0.0,0.0,0.0,0.0,0.0,0.0,0.0,0.0,0.0,0.0,0.0,0.0,0.0,0.0,0.0,0.0,0.0,0.0,0.0,0.0,0.0,0.0,0.0,0.0,0.0,0.0,0.0,0.0,0.0,0.0,0.0,0.0,0.0,0.0,0.0,0.0,0.0,0.0,0.0,0.0,0.0,0.0,0.0,0.0,0.0,0.0,0.0,0.0,0.0,0.0,0.0,0.0,0.0,0.0,0.0,0.0,0.0,0.0,0.0,0.0,0.0,0.0,0.0,0.0,0.0,0.0,0.0,0.0,0.0,0.0,0.0,0.0,0.0,0.0,0.0,0.0,0.0,0.0,0.0,0.0,0.0
2017-05-26 06:34:00+02:00,0.0,0.0,0.0,0.0,0.0,0.0,0.0,0.0,0.0,0.0,0.0,0.0,0.0,0.0,0.0,0.0,0.0,0.0,0.0,0.0,0.0,0.0,0.0,0.0,0.0,0.0,0.0,0.0,0.0,0.0,0.0,0.0,0.0,0.0,0.0,0.0,0.0,0.0,0.0,0.0,0.0,0.0,0.0,0.0,0.0,0.0,0.0,0.0,0.0,0.0,0.0,0.0,0.0,0.0,0.0,0.0,0.0,0.0,0.0,0.0,0.0,0.0,0.0,0.0,0.0,0.0,0.0,0.0,0.0,0.0,0.0,0.0,0.0,0.0,0.0,0.0,0.0,0.0,0.0,0.0,0.0,0.0,0.0,0.0,0.0,0.0,0.0,0.0,0.0,0.0,0.0,0.0,0.0,0.0,0.0,0.0,0.0,0.0,0.0,0.0,0.0,0.0,0.0,0.0,0.0,0.0,0.0,0.0,0.0,0.0,0.0,0.0,0.0,0.0,0.0,0.0,0.0,0.0
2017-05-26 06:35:00+02:00,0.0,0.0,0.0,0.0,0.0,0.0,0.0,0.0,0.0,0.0,0.0,0.0,0.0,0.0,0.0,0.0,0.0,0.0,0.0,0.0,0.0,0.0,0.0,0.0,0.0,0.0,0.0,0.0,0.0,0.0,0.0,0.0,0.0,0.0,0.0,0.0,0.0,0.0,0.0,0.0,0.0,0.0,0.0,0.0,0.0,0.0,0.0,0.0,0.0,0.0,0.0,0.0,0.0,0.0,0.0,0.0,0.0,0.0,0.0,0.0,0.0,0.0,0.0,0.0,0.0,0.0,0.0,0.0,0.0,0.0,0.0,0.0,0.0,0.0,0.0,0.0,0.0,0.0,0.0,0.0,0.0,0.0,0.0,0.0,0.0,0.0,0.0,0.0,0.0,0.0,0.0,0.0,0.0,0.0,0.0,0.0,0.0,0.0,0.0,0.0,0.0,0.0,0.0,0.0,0.0,0.0,0.0,0.0,0.0,0.0,0.0,0.0,0.0,0.0,0.0,0.0,0.0,0.0
2017-05-26 06:36:00+02:00,0.0,0.0,0.0,0.0,0.0,0.0,0.0,0.0,0.0,0.0,0.0,0.0,0.0,0.0,0.0,0.0,0.0,0.0,0.0,0.0,0.0,0.0,0.0,0.0,0.0,0.0,0.0,0.0,0.0,0.0,0.0,0.0,0.0,0.0,0.0,0.0,0.0,0.0,0.0,0.0,0.0,0.0,0.0,0.0,0.0,0.0,0.0,0.0,0.0,0.0,0.0,0.0,0.0,0.0,0.0,0.0,0.0,0.0,0.0,0.0,0.0,0.0,0.0,0.0,0.0,0.0,0.0,0.0,0.0,0.0,0.0,0.0,0.0,0.0,0.0,0.0,0.0,0.0,0.0,0.0,0.0,0.0,0.0,0.0,0.0,0.0,0.0,0.0,0.0,0.0,0.0,0.0,0.0,0.0,0.0,0.0,0.0,0.0,0.0,0.0,0.0,0.0,0.0,0.0,0.0,0.0,0.0,0.0,0.0,0.0,0.0,0.0,0.0,0.0,0.0,0.0,0.0,0.0
2017-05-26 06:37:00+02:00,0.0,0.0,0.0,0.0,0.0,0.0,0.0,0.0,0.0,0.0,0.0,0.0,0.0,0.0,0.0,0.0,0.0,0.0,0.0,0.0,0.0,0.0,0.0,0.0,0.0,0.0,0.0,0.0,0.0,0.0,0.0,0.0,0.0,0.0,0.0,0.0,0.0,0.0,0.0,0.0,0.0,0.0,0.0,0.0,0.0,0.0,0.0,0.0,0.0,0.0,0.0,0.0,0.0,0.0,0.0,0.0,0.0,0.0,0.0,0.0,0.0,0.0,0.0,0.0,0.0,0.0,0.0,0.0,0.0,0.0,0.0,0.0,0.0,0.0,0.0,0.0,0.0,0.0,0.0,0.0,0.0,0.0,0.0,0.0,0.0,0.0,0.0,0.0,0.0,0.0,0.0,0.0,0.0,0.0,0.0,0.0,0.0,0.0,0.0,0.0,0.0,0.0,0.0,0.0,0.0,0.0,0.0,0.0,0.0,0.0,0.0,0.0,0.0,0.0,0.0,0.0,0.0,0.0
2017-05-26 06:38:00+02:00,0.0,0.0,0.0,0.0,0.0,0.0,0.0,0.0,0.0,0.0,0.0,0.0,0.0,0.0,0.0,0.0,0.0,0.0,0.0,0.0,0.0,0.0,0.0,0.0,0.0,0.0,0.0,0.0,0.0,0.0,0.0,0.0,0.0,0.0,0.0,0.0,0.0,0.0,0.0,0.0,0.0,0.0,0.0,0.0,0.0,0.0,0.0,0.0,0.0,0.0,0.0,0.0,0.0,0.0,0.0,0.0,0.0,0.0,0.0,0.0,0.0,0.0,0.0,0.0,0.0,0.0,0.0,0.0,0.0,0.0,0.0,0.0,0.0,0.0,0.0,0.0,0.0,0.0,0.0,0.0,0.0,0.0,0.0,0.0,0.0,0.0,0.0,0.0,0.0,0.0,0.0,0.0,0.0,0.0,0.0,0.0,0.0,0.0,0.0,0.0,0.0,0.0,0.0,0.0,0.0,0.0,0.0,0.0,0.0,0.0,0.0,0.0,0.0,0.0,0.0,0.0,0.0,0.0
2017-05-26 06:39:00+02:00,0.0,0.0,0.0,0.0,0.0,0.0,0.0,0.0,0.0,0.0,0.0,0.0,0.0,0.0,0.0,0.0,0.0,0.0,0.0,0.0,0.0,0.0,0.0,0.0,0.0,0.0,0.0,0.0,0.0,0.0,0.0,0.0,0.0,0.0,0.0,0.0,0.0,0.0,0.0,0.0,0.0,0.0,0.0,0.0,0.0,0.0,0.0,0.0,0.0,0.0,0.0,0.0,0.0,0.0,0.0,0.0,0.0,0.0,0.0,0.0,0.0,0.0,0.0,0.0,0.0,0.0,0.0,0.0,0.0,0.0,0.0,0.0,0.0,0.0,0.0,0.0,0.0,0.0,0.0,0.0,0.0,0.0,0.0,0.0,0.0,0.0,0.0,0.0,0.0,0.0,0.0,0.0,0.0,0.0,0.0,0.0,0.0,0.0,0.0,0.0,0.0,0.0,0.0,0.0,0.0,0.0,0.0,0.0,0.0,0.0,0.0,0.0,0.0,0.0,0.0,0.0,0.0,0.0
2017-05-26 06:40:00+02:00,0.0,0.0,0.0,0.0,0.0,0.0,0.0,0.0,0.0,0.0,0.0,0.0,0.0,0.0,0.0,0.0,0.0,0.0,0.0,0.0,0.0,0.0,0.0,0.0,0.0,0.0,0.0,0.0,0.0,0.0,0.0,0.0,0.0,0.0,0.0,0.0,0.0,0.0,0.0,0.0,0.0,0.0,0.0,0.0,0.0,0.0,0.0,0.0,0.0,0.0,0.0,0.0,0.0,0.0,0.0,0.0,0.0,0.0,0.0,0.0,0.0,0.0,0.0,0.0,0.0,0.0,0.0,0.0,0.0,0.0,0.0,0.0,0.0,0.0,0.0,0.0,0.0,0.0,0.0,0.0,0.0,0.0,0.0,0.0,0.0,0.0,0.0,0.0,0.0,0.0,0.0,0.0,0.0,0.0,0.0,0.0,0.0,0.0,0.0,0.0,0.0,0.0,0.0,0.0,0.0,0.0,0.0,0.0,0.0,0.0,0.0,0.0,0.0,0.0,0.0,0.0,0.0,0.0
2017-05-26 06:41:00+02:00,0.0,0.0,0.0,0.0,0.0,0.0,0.0,0.0,0.0,0.0,0.0,0.0,0.0,0.0,0.0,0.0,0.0,0.0,0.0,0.0,0.0,0.0,0.0,0.0,0.0,0.0,0.0,0.0,0.0,0.0,0.0,0.0,0.0,0.0,0.0,0.0,0.0,0.0,0.0,0.0,0.0,0.0,0.0,0.0,0.0,0.0,0.0,0.0,0.0,0.0,0.0,0.0,0.0,0.0,0.0,0.0,0.0,0.0,0.0,0.0,0.0,0.0,0.0,0.0,0.0,0.0,0.0,0.0,0.0,0.0,0.0,0.0,0.0,0.0,0.0,0.0,0.0,0.0,0.0,0.0,0.0,0.0,0.0,0.0,0.0,0.0,0.0,0.0,0.0,0.0,0.0,0.0,0.0,0.0,0.0,0.0,0.0,0.0,0.0,0.0,0.0,0.0,0.0,0.0,0.0,0.0,0.0,0.0,0.0,0.0,0.0,0.0,0.0,0.0,0.0,0.0,0.0,0.0
2017-05-26 06:42:00+02:00,0.0,0.0,0.0,0.0,0.0,0.0,0.0,0.0,0.0,0.0,0.0,0.0,0.0,0.0,0.0,0.0,0.0,0.0,0.0,0.0,0.0,0.0,0.0,0.0,0.0,0.0,0.0,0.0,0.0,0.0,0.0,0.0,0.0,0.0,0.0,0.0,0.0,0.0,0.0,0.0,0.0,0.0,0.0,0.0,0.0,0.0,0.0,0.0,0.0,0.0,0.0,0.0,0.0,0.0,0.0,0.0,0.0,0.0,0.0,0.0,0.0,0.0,0.0,0.0,0.0,0.0,0.0,0.0,0.0,0.0,0.0,0.0,0.0,0.0,0.0,0.0,0.0,0.0,0.0,0.0,0.0,0.0,0.0,0.0,0.0,0.0,0.0,0.0,0.0,0.0,0.0,0.0,0.0,0.0,0.0,0.0,0.0,0.0,0.0,0.0,0.0,0.0,0.0,0.0,0.0,0.0,0.0,0.0,0.0,0.0,0.0,0.0,0.0,0.0,0.0,0.0,0.0,0.0
2017-05-26 06:43:00+02:00,0.0,0.0,0.0,0.0,0.0,0.0,0.0,0.0,0.0,0.0,0.0,0.0,0.0,0.0,0.0,0.0,0.0,0.0,0.0,0.0,0.0,0.0,0.0,0.0,0.0,0.0,0.0,0.0,0.0,0.0,0.0,0.0,0.0,0.0,0.0,0.0,0.0,0.0,0.0,0.0,0.0,0.0,0.0,0.0,0.0,0.0,0.0,0.0,0.0,0.0,0.0,0.0,0.0,0.0,0.0,0.0,0.0,0.0,0.0,0.0,0.0,0.0,0.0,0.0,0.0,0.0,0.0,0.0,0.0,0.0,0.0,0.0,0.0,0.0,0.0,0.0,0.0,0.0,0.0,0.0,0.0,0.0,0.0,0.0,0.0,0.0,0.0,0.0,0.0,0.0,0.0,0.0,0.0,0.0,0.0,0.0,0.0,0.0,0.0,0.0,0.0,0.0,0.0,0.0,0.0,0.0,0.0,0.0,0.0,0.0,0.0,0.0,0.0,0.0,0.0,0.0,0.0,0.0
2017-05-26 06:44:00+02:00,0.0,0.0,0.0,0.0,0.0,0.0,0.0,0.0,0.0,0.0,0.0,0.0,0.0,0.0,0.0,0.0,0.0,0.0,0.0,0.0,0.0,0.0,0.0,0.0,0.0,0.0,0.0,0.0,0.0,0.0,0.0,0.0,0.0,0.0,0.0,0.0,0.0,0.0,0.0,0.0,0.0,0.0,0.0,0.0,0.0,0.0,0.0,0.0,0.0,0.0,0.0,0.0,0.0,0.0,0.0,0.0,0.0,0.0,0.0,0.0,0.0,0.0,0.0,0.0,0.0,0.0,0.0,0.0,0.0,0.0,0.0,0.0,0.0,0.0,0.0,0.0,0.0,0.0,0.0,0.0,0.0,0.0,0.0,0.0,0.0,0.0,0.0,0.0,0.0,0.0,0.0,0.0,0.0,0.0,0.0,0.0,0.0,0.0,0.0,0.0,0.0,0.0,0.0,0.0,0.0,0.0,0.0,0.0,0.0,0.0,0.0,0.0,0.0,0.0,0.0,0.0,0.0,0.0
2017-05-26 06:45:00+02:00,0.0,0.0,0.0,0.0,0.0,0.0,0.0,0.0,0.0,0.0,0.0,0.0,0.0,0.0,0.0,0.0,0.0,0.0,0.0,0.0,0.0,0.0,0.0,0.0,0.0,0.0,0.0,0.0,0.0,0.0,0.0,0.0,0.0,0.0,0.0,0.0,0.0,0.0,0.0,0.0,0.0,0.0,0.0,0.0,0.0,0.0,0.0,0.0,0.0,0.0,0.0,0.0,0.0,0.0,0.0,0.0,0.0,0.0,0.0,0.0,0.0,0.0,0.0,0.0,0.0,0.0,0.0,0.0,0.0,0.0,0.0,0.0,0.0,0.0,0.0,0.0,0.0,0.0,0.0,0.0,0.0,0.0,0.0,0.0,0.0,0.0,0.0,0.0,0.0,0.0,0.0,0.0,0.0,0.0,0.0,0.0,0.0,0.0,0.0,0.0,0.0,0.0,0.0,0.0,0.0,0.0,0.0,0.0,0.0,0.0,0.0,0.0,0.0,0.0,0.0,0.0,0.0,0.0
2017-05-26 06:46:00+02:00,0.0,0.0,0.0,0.0,0.0,0.0,0.0,0.0,0.0,0.0,0.0,0.0,0.0,0.0,0.0,0.0,0.0,0.0,0.0,0.0,0.0,0.0,0.0,0.0,0.0,0.0,0.0,0.0,0.0,0.0,0.0,0.0,0.0,0.0,0.0,0.0,0.0,0.0,0.0,0.0,0.0,0.0,0.0,0.0,0.0,0.0,0.0,0.0,0.0,0.0,0.0,0.0,0.0,0.0,0.0,0.0,0.0,0.0,0.0,0.0,0.0,0.0,0.0,0.0,0.0,0.0,0.0,0.0,0.0,0.0,0.0,0.0,0.0,0.0,0.0,0.0,0.0,0.0,0.0,0.0,0.0,0.0,0.0,0.0,0.0,0.0,0.0,0.0,0.0,0.0,0.0,0.0,0.0,0.0,0.0,0.0,0.0,0.0,0.0,0.0,0.0,0.0,0.0,0.0,0.0,0.0,0.0,0.0,0.0,0.0,0.0,0.0,0.0,0.0,0.0,0.0,0.0,0.0
2017-05-26 06:47:00+02:00,0.0,0.0,0.0,0.0,0.0,0.0,0.0,0.0,0.0,0.0,0.0,0.0,0.0,0.0,0.0,0.0,0.0,0.0,0.0,0.0,0.0,0.0,0.0,0.0,0.0,0.0,0.0,0.0,0.0,0.0,0.0,0.0,0.0,0.0,0.0,0.0,0.0,0.0,0.0,0.0,0.0,0.0,0.0,0.0,0.0,0.0,0.0,0.0,0.0,0.0,0.0,0.0,0.0,0.0,0.0,0.0,0.0,0.0,0.0,0.0,0.0,0.0,0.0,0.0,0.0,0.0,0.0,0.0,0.0,0.0,0.0,0.0,0.0,0.0,0.0,0.0,0.0,0.0,0.0,0.0,0.0,0.0,0.0,0.0,0.0,0.0,0.0,0.0,0.0,0.0,0.0,0.0,0.0,0.0,0.0,0.0,0.0,0.0,0.0,0.0,0.0,0.0,0.0,0.0,0.0,0.0,0.0,0.0,0.0,0.0,0.0,0.0,0.0,0.0,0.0,0.0,0.0,0.0
2017-05-26 06:48:00+02:00,0.0,0.0,0.0,0.0,0.0,0.0,0.0,0.0,0.0,0.0,0.0,0.0,0.0,0.0,0.0,0.0,0.0,0.0,0.0,0.0,0.0,0.0,0.0,0.0,0.0,0.0,0.0,0.0,0.0,0.0,0.0,0.0,0.0,0.0,0.0,0.0,0.0,0.0,0.0,0.0,0.0,0.0,0.0,0.0,0.0,0.0,0.0,0.0,0.0,0.0,0.0,0.0,0.0,0.0,0.0,0.0,0.0,0.0,0.0,0.0,0.0,0.0,0.0,0.0,0.0,0.0,0.0,0.0,0.0,0.0,0.0,0.0,0.0,0.0,0.0,0.0,0.0,0.0,0.0,0.0,0.0,0.0,0.0,0.0,0.0,0.0,0.0,0.0,0.0,0.0,0.0,0.0,0.0,0.0,0.0,0.0,0.0,0.0,0.0,0.0,0.0,0.0,0.0,0.0,0.0,0.0,0.0,0.0,0.0,0.0,0.0,0.0,0.0,0.0,0.0,0.0,0.0,0.0
2017-05-26 06:49:00+02:00,0.0,0.0,0.0,0.0,0.0,0.0,0.0,0.0,0.0,0.0,0.0,0.0,0.0,0.0,0.0,0.0,0.0,0.0,0.0,0.0,0.0,0.0,0.0,0.0,0.0,0.0,0.0,0.0,0.0,0.0,0.0,0.0,0.0,0.0,0.0,0.0,0.0,0.0,0.0,0.0,0.0,0.0,0.0,0.0,0.0,0.0,0.0,0.0,0.0,0.0,0.0,0.0,0.0,0.0,0.0,0.0,0.0,0.0,0.0,0.0,0.0,0.0,0.0,0.0,0.0,0.0,0.0,0.0,0.0,0.0,0.0,0.0,0.0,0.0,0.0,0.0,0.0,0.0,0.0,0.0,0.0,0.0,0.0,0.0,0.0,0.0,0.0,0.0,0.0,0.0,0.0,0.0,0.0,0.0,0.0,0.0,0.0,0.0,0.0,0.0,0.0,0.0,0.0,0.0,0.0,0.0,0.0,0.0,0.0,0.0,0.0,0.0,0.0,0.0,0.0,0.0,0.0,0.0
2017-05-26 06:50:00+02:00,0.0,0.0,0.0,0.0,0.0,0.0,0.0,0.0,0.0,0.0,0.0,0.0,0.0,0.0,0.0,0.0,0.0,0.0,0.0,0.0,0.0,0.0,0.0,0.0,0.0,0.0,0.0,0.0,0.0,0.0,0.0,0.0,0.0,0.0,0.0,0.0,0.0,0.0,0.0,0.0,0.0,0.0,0.0,0.0,0.0,0.0,0.0,0.0,0.0,0.0,0.0,0.0,0.0,0.0,0.0,0.0,0.0,0.0,0.0,0.0,0.0,0.0,0.0,0.0,0.0,0.0,0.0,0.0,0.0,0.0,0.0,0.0,0.0,0.0,0.0,0.0,0.0,0.0,0.0,0.0,0.0,0.0,0.0,0.0,0.0,0.0,0.0,0.0,0.0,0.0,0.0,0.0,0.0,0.0,0.0,0.0,0.0,0.0,0.0,0.0,0.0,0.0,0.0,0.0,0.0,0.0,0.0,0.0,0.0,0.0,0.0,0.0,0.0,0.0,0.0,0.0,0.0,0.0
2017-05-26 06:51:00+02:00,0.0,0.0,0.0,0.0,0.0,0.0,0.0,0.0,0.0,0.0,0.0,0.0,0.0,0.0,0.0,0.0,0.0,0.0,0.0,0.0,0.0,0.0,0.0,0.0,0.0,0.0,0.0,0.0,0.0,0.0,0.0,0.0,0.0,0.0,0.0,0.0,0.0,0.0,0.0,0.0,0.0,0.0,0.0,0.0,0.0,0.0,0.0,0.0,0.0,0.0,0.0,0.0,0.0,0.0,0.0,0.0,0.0,0.0,0.0,0.0,0.0,0.0,0.0,0.0,0.0,0.0,0.0,0.0,0.0,0.0,0.0,0.0,0.0,0.0,0.0,0.0,0.0,0.0,0.0,0.0,0.0,0.0,0.0,0.0,0.0,0.0,0.0,0.0,0.0,0.0,0.0,0.0,0.0,0.0,0.0,0.0,0.0,0.0,0.0,0.0,0.0,0.0,0.0,0.0,0.0,0.0,0.0,0.0,0.0,0.0,0.0,0.0,0.0,0.0,0.0,0.0,0.0,0.0
2017-05-26 06:52:00+02:00,0.0,0.0,0.0,0.0,0.0,0.0,0.0,0.0,0.0,0.0,0.0,0.0,0.0,0.0,0.0,0.0,0.0,0.0,0.0,0.0,0.0,0.0,0.0,0.0,0.0,0.0,0.0,0.0,0.0,0.0,0.0,0.0,0.0,0.0,0.0,0.0,0.0,0.0,0.0,0.0,0.0,0.0,0.0,0.0,0.0,0.0,0.0,0.0,0.0,0.0,0.0,0.0,0.0,0.0,0.0,0.0,0.0,0.0,0.0,0.0,0.0,0.0,0.0,0.0,0.0,0.0,0.0,0.0,0.0,0.0,0.0,0.0,0.0,0.0,0.0,0.0,0.0,0.0,0.0,0.0,0.0,0.0,0.0,0.0,0.0,0.0,0.0,0.0,0.0,0.0,0.0,0.0,0.0,0.0,0.0,0.0,0.0,0.0,0.0,0.0,0.0,0.0,0.0,0.0,0.0,0.0,0.0,0.0,0.0,0.0,0.0,0.0,0.0,0.0,0.0,0.0,0.0,0.0
2017-05-26 06:53:00+02:00,0.0,0.0,0.0,0.0,0.0,0.0,0.0,0.0,0.0,0.0,0.0,0.0,0.0,0.0,0.0,0.0,0.0,0.0,0.0,0.0,0.0,0.0,0.0,0.0,0.0,0.0,0.0,0.0,0.0,0.0,0.0,0.0,0.0,0.0,0.0,0.0,0.0,0.0,0.0,0.0,0.0,0.0,0.0,0.0,0.0,0.0,0.0,0.0,0.0,0.0,0.0,0.0,0.0,0.0,0.0,0.0,0.0,0.0,0.0,0.0,0.0,0.0,0.0,0.0,0.0,0.0,0.0,0.0,0.0,0.0,0.0,0.0,0.0,0.0,0.0,0.0,0.0,0.0,0.0,0.0,0.0,0.0,0.0,0.0,0.0,0.0,0.0,0.0,0.0,0.0,0.0,0.0,0.0,0.0,0.0,0.0,0.0,0.0,0.0,0.0,0.0,0.0,0.0,0.0,0.0,0.0,0.0,0.0,0.0,0.0,0.0,0.0,0.0,0.0,0.0,0.0,0.0,0.0
2017-05-26 06:54:00+02:00,0.0,0.0,0.0,0.0,0.0,0.0,0.0,0.0,0.0,0.0,0.0,0.0,0.0,0.0,0.0,0.0,0.0,0.0,0.0,0.0,0.0,0.0,0.0,0.0,0.0,0.0,0.0,0.0,0.0,0.0,0.0,0.0,0.0,0.0,0.0,0.0,0.0,0.0,0.0,0.0,0.0,0.0,0.0,0.0,0.0,0.0,0.0,0.0,0.0,0.0,0.0,0.0,0.0,0.0,0.0,0.0,0.0,0.0,0.0,0.0,0.0,0.0,0.0,0.0,0.0,0.0,0.0,0.0,0.0,0.0,0.0,0.0,0.0,0.0,0.0,0.0,0.0,0.0,0.0,0.0,0.0,0.0,0.0,0.0,0.0,0.0,0.0,0.0,0.0,0.0,0.0,0.0,0.0,0.0,0.0,0.0,0.0,0.0,0.0,0.0,0.0,0.0,0.0,0.0,0.0,0.0,0.0,0.0,0.0,0.0,0.0,0.0,0.0,0.0,0.0,0.0,0.0,0.0
2017-05-26 06:55:00+02:00,0.0,0.0,0.0,0.0,0.0,0.0,0.0,0.0,0.0,0.0,0.0,0.0,0.0,0.0,0.0,0.0,0.0,0.0,0.0,0.0,0.0,0.0,0.0,0.0,0.0,0.0,0.0,0.0,0.0,0.0,0.0,0.0,0.0,0.0,0.0,0.0,0.0,0.0,0.0,0.0,0.0,0.0,0.0,0.0,0.0,0.0,0.0,0.0,0.0,0.0,0.0,0.0,0.0,0.0,0.0,0.0,0.0,0.0,0.0,0.0,0.0,0.0,0.0,0.0,0.0,0.0,0.0,0.0,0.0,0.0,0.0,0.0,0.0,0.0,0.0,0.0,0.0,0.0,0.0,0.0,0.0,0.0,0.0,0.0,0.0,0.0,0.0,0.0,0.0,0.0,0.0,0.0,0.0,0.0,0.0,0.0,0.0,0.0,0.0,0.0,0.0,0.0,0.0,0.0,0.0,0.0,0.0,0.0,0.0,0.0,0.0,0.0,0.0,0.0,0.0,0.0,0.0,0.0
2017-05-26 06:56:00+02:00,0.0,0.0,0.0,0.0,0.0,0.0,0.0,0.0,0.0,0.0,0.0,0.0,0.0,0.0,0.0,0.0,0.0,0.0,0.0,0.0,0.0,0.0,0.0,0.0,0.0,0.0,0.0,0.0,0.0,0.0,0.0,0.0,0.0,0.0,0.0,0.0,0.0,0.0,0.0,0.0,0.0,0.0,0.0,0.0,0.0,0.0,0.0,0.0,0.0,0.0,0.0,0.0,0.0,0.0,0.0,0.0,0.0,0.0,0.0,0.0,0.0,0.0,0.0,0.0,0.0,0.0,0.0,0.0,0.0,0.0,0.0,0.0,0.0,0.0,0.0,0.0,0.0,0.0,0.0,0.0,0.0,0.0,0.0,0.0,0.0,0.0,0.0,0.0,0.0,0.0,0.0,0.0,0.0,0.0,0.0,0.0,0.0,0.0,0.0,0.0,0.0,0.0,0.0,0.0,0.0,0.0,0.0,0.0,0.0,0.0,0.0,0.0,0.0,0.0,0.0,0.0,0.0,0.0
2017-05-26 06:57:00+02:00,0.0,0.0,0.0,0.0,0.0,0.0,0.0,0.0,0.0,0.0,0.0,0.0,0.0,0.0,0.0,0.0,0.0,0.0,0.0,0.0,0.0,0.0,0.0,0.0,0.0,0.0,0.0,0.0,0.0,0.0,0.0,0.0,0.0,0.0,0.0,0.0,0.0,0.0,0.0,0.0,0.0,0.0,0.0,0.0,0.0,0.0,0.0,0.0,0.0,0.0,0.0,0.0,0.0,0.0,0.0,0.0,0.0,0.0,0.0,0.0,0.0,0.0,0.0,0.0,0.0,0.0,0.0,0.0,0.0,0.0,0.0,0.0,0.0,0.0,0.0,0.0,0.0,0.0,0.0,0.0,0.0,0.0,0.0,0.0,0.0,0.0,0.0,0.0,0.0,0.0,0.0,0.0,0.0,0.0,0.0,0.0,0.0,0.0,0.0,0.0,0.0,0.0,0.0,0.0,0.0,0.0,0.0,0.0,0.0,0.0,0.0,0.0,0.0,0.0,0.0,0.0,0.0,0.0
2017-05-26 06:58:00+02:00,0.0,0.0,0.0,0.0,0.0,0.0,0.0,0.0,0.0,0.0,0.0,0.0,0.0,0.0,0.0,0.0,0.0,0.0,0.0,0.0,0.0,0.0,0.0,0.0,0.0,0.0,0.0,0.0,0.0,0.0,0.0,0.0,0.0,0.0,0.0,0.0,0.0,0.0,0.0,0.0,0.0,0.0,0.0,0.0,0.0,0.0,0.0,0.0,0.0,0.0,0.0,0.0,0.0,0.0,0.0,0.0,0.0,0.0,0.0,0.0,0.0,0.0,0.0,0.0,0.0,0.0,0.0,0.0,0.0,0.0,0.0,0.0,0.0,0.0,0.0,0.0,0.0,0.0,0.0,0.0,0.0,0.0,0.0,0.0,0.0,0.0,0.0,0.0,0.0,0.0,0.0,0.0,0.0,0.0,0.0,0.0,0.0,0.0,0.0,0.0,0.0,0.0,0.0,0.0,0.0,0.0,0.0,0.0,0.0,0.0,0.0,0.0,0.0,0.0,0.0,0.0,0.0,0.0
2017-05-26 06:59:00+02:00,0.0,0.0,0.0,0.0,0.0,0.0,0.0,0.0,0.0,0.0,0.0,0.0,0.0,0.0,0.0,0.0,0.0,0.0,0.0,0.0,0.0,0.0,0.0,0.0,0.0,0.0,0.0,0.0,0.0,0.0,0.0,0.0,0.0,0.0,0.0,0.0,0.0,0.0,0.0,0.0,0.0,0.0,0.0,0.0,0.0,0.0,0.0,0.0,0.0,0.0,0.0,0.0,0.0,0.0,0.0,0.0,0.0,0.0,0.0,0.0,0.0,0.0,0.0,0.0,0.0,0.0,0.0,0.0,0.0,0.0,0.0,0.0,0.0,0.0,0.0,0.0,0.0,0.0,0.0,0.0,0.0,0.0,0.0,0.0,0.0,0.0,0.0,0.0,0.0,0.0,0.0,0.0,0.0,0.0,0.0,0.0,0.0,0.0,0.0,0.0,0.0,0.0,0.0,0.0,0.0,0.0,0.0,0.0,0.0,0.0,0.0,0.0,0.0,0.0,0.0,0.0,0.0,0.0
2017-05-26 07:00:00+02:00,0.0,0.0,0.0,0.0,0.0,0.0,0.0,0.0,0.0,0.0,0.0,0.0,0.0,0.0,0.0,0.0,0.0,0.0,0.0,0.0,0.0,0.0,0.0,0.0,0.0,0.0,0.0,0.0,0.0,0.0,0.0,0.0,0.0,0.0,0.0,0.0,0.0,0.0,0.0,0.0,0.0,0.0,0.0,0.0,0.0,0.0,0.0,0.0,0.0,0.0,0.0,0.0,0.0,0.0,0.0,0.0,0.0,0.0,0.0,0.0,0.0,0.0,0.0,0.0,0.0,0.0,0.0,0.0,0.0,0.0,0.0,0.0,0.0,0.0,0.0,0.0,0.0,0.0,0.0,0.0,0.0,0.0,0.0,0.0,0.0,0.0,0.0,0.0,0.0,0.0,0.0,0.0,0.0,0.0,0.0,0.0,0.0,0.0,0.0,0.0,0.0,0.0,0.0,0.0,0.0,0.0,0.0,0.0,0.0,0.0,0.0,0.0,0.0,0.0,0.0,0.0,0.0,0.0
2017-05-26 07:01:00+02:00,0.0,0.0,0.0,0.0,0.0,0.0,0.0,0.0,0.0,0.0,0.0,0.0,0.0,0.0,0.0,0.0,0.0,0.0,0.0,0.0,0.0,0.0,0.0,0.0,0.0,0.0,0.0,0.0,0.0,0.0,0.0,0.0,0.0,0.0,0.0,0.0,0.0,0.0,0.0,0.0,0.0,0.0,0.0,0.0,0.0,0.0,0.0,0.0,0.0,0.0,0.0,0.0,0.0,0.0,0.0,0.0,0.0,0.0,0.0,0.0,0.0,0.0,0.0,0.0,0.0,0.0,0.0,0.0,0.0,0.0,0.0,0.0,0.0,0.0,0.0,0.0,0.0,0.0,0.0,0.0,0.0,0.0,0.0,0.0,0.0,0.0,0.0,0.0,0.0,0.0,0.0,0.0,0.0,0.0,0.0,0.0,0.0,0.0,0.0,0.0,0.0,0.0,0.0,0.0,0.0,0.0,0.0,0.0,0.0,0.0,0.0,0.0,0.0,0.0,0.0,0.0,0.0,0.0
2017-05-26 07:02:00+02:00,0.0,0.0,0.0,0.0,0.0,0.0,0.0,0.0,0.0,0.0,0.0,0.0,0.0,0.0,0.0,0.0,0.0,0.0,0.0,0.0,0.0,0.0,0.0,0.0,0.0,0.0,0.0,0.0,0.0,0.0,0.0,0.0,0.0,0.0,0.0,0.0,0.0,0.0,0.0,0.0,0.0,0.0,0.0,0.0,0.0,0.0,0.0,0.0,0.0,0.0,0.0,0.0,0.0,0.0,0.0,0.0,0.0,0.0,0.0,0.0,0.0,0.0,0.0,0.0,0.0,0.0,0.0,0.0,0.0,0.0,0.0,0.0,0.0,0.0,0.0,0.0,0.0,0.0,0.0,0.0,0.0,0.0,0.0,0.0,0.0,0.0,0.0,0.0,0.0,0.0,0.0,0.0,0.0,0.0,0.0,0.0,0.0,0.0,0.0,0.0,0.0,0.0,0.0,0.0,0.0,0.0,0.0,0.0,0.0,0.0,0.0,0.0,0.0,0.0,0.0,0.0,0.0,0.0
2017-05-26 07:03:00+02:00,0.0,0.0,0.0,0.0,0.0,0.0,0.0,0.0,0.0,0.0,0.0,0.0,0.0,0.0,0.0,0.0,0.0,0.0,0.0,0.0,0.0,0.0,0.0,0.0,0.0,0.0,0.0,0.0,0.0,0.0,0.0,0.0,0.0,0.0,0.0,0.0,0.0,0.0,0.0,0.0,0.0,0.0,0.0,0.0,0.0,0.0,0.0,0.0,0.0,0.0,0.0,0.0,0.0,0.0,0.0,0.0,0.0,0.0,0.0,0.0,0.0,0.0,0.0,0.0,0.0,0.0,0.0,0.0,0.0,0.0,0.0,0.0,0.0,0.0,0.0,0.0,0.0,0.0,0.0,0.0,0.0,0.0,0.0,0.0,0.0,0.0,0.0,0.0,0.0,0.0,0.0,0.0,0.0,0.0,0.0,0.0,0.0,0.0,0.0,0.0,0.0,0.0,0.0,0.0,0.0,0.0,0.0,0.0,0.0,0.0,0.0,0.0,0.0,0.0,0.0,0.0,0.0,0.0
2017-05-26 07:04:00+02:00,0.0,0.0,0.0,0.0,0.0,0.0,0.0,0.0,0.0,0.0,0.0,0.0,0.0,0.0,0.0,0.0,0.0,0.0,0.0,0.0,0.0,0.0,0.0,0.0,0.0,0.0,0.0,0.0,0.0,0.0,0.0,0.0,0.0,0.0,0.0,0.0,0.0,0.0,0.0,0.0,0.0,0.0,0.0,0.0,0.0,0.0,0.0,0.0,0.0,0.0,0.0,0.0,0.0,0.0,0.0,0.0,0.0,0.0,0.0,0.0,0.0,0.0,0.0,0.0,0.0,0.0,0.0,0.0,0.0,0.0,0.0,0.0,0.0,0.0,0.0,0.0,0.0,0.0,0.0,0.0,0.0,0.0,0.0,0.0,0.0,0.0,0.0,0.0,0.0,0.0,0.0,0.0,0.0,0.0,0.0,0.0,0.0,0.0,0.0,0.0,0.0,0.0,0.0,0.0,0.0,0.0,0.0,0.0,0.0,0.0,0.0,0.0,0.0,0.0,0.0,0.0,0.0,0.0
2017-05-26 07:05:00+02:00,0.0,0.0,0.0,0.0,0.0,0.0,0.0,0.0,0.0,0.0,0.0,0.0,0.0,0.0,0.0,0.0,0.0,0.0,0.0,0.0,0.0,0.0,0.0,0.0,0.0,0.0,0.0,0.0,0.0,0.0,0.0,0.0,0.0,0.0,0.0,0.0,0.0,0.0,0.0,0.0,0.0,0.0,0.0,0.0,0.0,0.0,0.0,0.0,0.0,0.0,0.0,0.0,0.0,0.0,0.0,0.0,0.0,0.0,0.0,0.0,0.0,0.0,0.0,0.0,0.0,0.0,0.0,0.0,0.0,0.0,0.0,0.0,0.0,0.0,0.0,0.0,0.0,0.0,0.0,0.0,0.0,0.0,0.0,0.0,0.0,0.0,0.0,0.0,0.0,0.0,0.0,0.0,0.0,0.0,0.0,0.0,0.0,0.0,0.0,0.0,0.0,0.0,0.0,0.0,0.0,0.0,0.0,0.0,0.0,0.0,0.0,0.0,0.0,0.0,0.0,0.0,0.0,0.0
2017-05-26 07:06:00+02:00,0.0,0.0,0.0,0.0,0.0,0.0,0.0,0.0,0.0,0.0,0.0,0.0,0.0,0.0,0.0,0.0,0.0,0.0,0.0,0.0,0.0,0.0,0.0,0.0,0.0,0.0,0.0,0.0,0.0,0.0,0.0,0.0,0.0,0.0,0.0,0.0,0.0,0.0,0.0,0.0,0.0,0.0,0.0,0.0,0.0,0.0,0.0,0.0,0.0,0.0,0.0,0.0,0.0,0.0,0.0,0.0,0.0,0.0,0.0,0.0,0.0,0.0,0.0,0.0,0.0,0.0,0.0,0.0,0.0,0.0,0.0,0.0,0.0,0.0,0.0,0.0,0.0,0.0,0.0,0.0,0.0,0.0,0.0,0.0,0.0,0.0,0.0,0.0,0.0,0.0,0.0,0.0,0.0,0.0,0.0,0.0,0.0,0.0,0.0,0.0,0.0,0.0,0.0,0.0,0.0,0.0,0.0,0.0,0.0,0.0,0.0,0.0,0.0,0.0,0.0,0.0,0.0,0.0
2017-05-26 07:07:00+02:00,0.0,0.0,0.0,0.0,0.0,0.0,0.0,0.0,0.0,0.0,0.0,0.0,0.0,0.0,0.0,0.0,0.0,0.0,0.0,0.0,0.0,0.0,0.0,0.0,0.0,0.0,0.0,0.0,0.0,0.0,0.0,0.0,0.0,0.0,0.0,0.0,0.0,0.0,0.0,0.0,0.0,0.0,0.0,0.0,0.0,0.0,0.0,0.0,0.0,0.0,0.0,0.0,0.0,0.0,0.0,0.0,0.0,0.0,0.0,0.0,0.0,0.0,0.0,0.0,0.0,0.0,0.0,0.0,0.0,0.0,0.0,0.0,0.0,0.0,0.0,0.0,0.0,0.0,0.0,0.0,0.0,0.0,0.0,0.0,0.0,0.0,0.0,0.0,0.0,0.0,0.0,0.0,0.0,0.0,0.0,0.0,0.0,0.0,0.0,0.0,0.0,0.0,0.0,0.0,0.0,0.0,0.0,0.0,0.0,0.0,0.0,0.0,0.0,0.0,0.0,0.0,0.0,0.0
2017-05-26 07:08:00+02:00,0.0,0.0,0.0,0.0,0.0,0.0,0.0,0.0,0.0,0.0,0.0,0.0,0.0,0.0,0.0,0.0,0.0,0.0,0.0,0.0,0.0,0.0,0.0,0.0,0.0,0.0,0.0,0.0,0.0,0.0,0.0,0.0,0.0,0.0,0.0,0.0,0.0,0.0,0.0,0.0,0.0,0.0,0.0,0.0,0.0,0.0,0.0,0.0,0.0,0.0,0.0,0.0,0.0,0.0,0.0,0.0,0.0,0.0,0.0,0.0,0.0,0.0,0.0,0.0,0.0,0.0,0.0,0.0,0.0,0.0,0.0,0.0,0.0,0.0,0.0,0.0,0.0,0.0,0.0,0.0,0.0,0.0,0.0,0.0,0.0,0.0,0.0,0.0,0.0,0.0,0.0,0.0,0.0,0.0,0.0,0.0,0.0,0.0,0.0,0.0,0.0,0.0,0.0,0.0,0.0,0.0,0.0,0.0,0.0,0.0,0.0,0.0,0.0,0.0,0.0,0.0,0.0,0.0
2017-05-26 07:09:00+02:00,0.0,0.0,0.0,0.0,0.0,0.0,0.0,0.0,0.0,0.0,0.0,0.0,0.0,0.0,0.0,0.0,0.0,0.0,0.0,0.0,0.0,0.0,0.0,0.0,0.0,0.0,0.0,0.0,0.0,0.0,0.0,0.0,0.0,0.0,0.0,0.0,0.0,0.0,0.0,0.0,0.0,0.0,0.0,0.0,0.0,0.0,0.0,0.0,0.0,0.0,0.0,0.0,0.0,0.0,0.0,0.0,0.0,0.0,0.0,0.0,0.0,0.0,0.0,0.0,0.0,0.0,0.0,0.0,0.0,0.0,0.0,0.0,0.0,0.0,0.0,0.0,0.0,0.0,0.0,0.0,0.0,0.0,0.0,0.0,0.0,0.0,0.0,0.0,0.0,0.0,0.0,0.0,0.0,0.0,0.0,0.0,0.0,0.0,0.0,0.0,0.0,0.0,0.0,0.0,0.0,0.0,0.0,0.0,0.0,0.0,0.0,0.0,0.0,0.0,0.0,0.0,0.0,0.0
2017-05-26 07:10:00+02:00,0.0,0.0,0.0,0.0,0.0,0.0,0.0,0.0,0.0,0.0,0.0,0.0,0.0,0.0,0.0,0.0,0.0,0.0,0.0,0.0,0.0,0.0,0.0,0.0,0.0,0.0,0.0,0.0,0.0,0.0,0.0,0.0,0.0,0.0,0.0,0.0,0.0,0.0,0.0,0.0,0.0,0.0,0.0,0.0,0.0,0.0,0.0,0.0,0.0,0.0,0.0,0.0,0.0,0.0,0.0,0.0,0.0,0.0,0.0,0.0,0.0,0.0,0.0,0.0,0.0,0.0,0.0,0.0,0.0,0.0,0.0,0.0,0.0,0.0,0.0,0.0,0.0,0.0,0.0,0.0,0.0,0.0,0.0,0.0,0.0,0.0,0.0,0.0,0.0,0.0,0.0,0.0,0.0,0.0,0.0,0.0,0.0,0.0,0.0,0.0,0.0,0.0,0.0,0.0,0.0,0.0,0.0,0.0,0.0,0.0,0.0,0.0,0.0,0.0,0.0,0.0,0.0,0.0
2017-05-26 07:11:00+02:00,0.0,0.0,0.0,0.0,0.0,0.0,0.0,0.0,0.0,0.0,0.0,0.0,0.0,0.0,0.0,0.0,0.0,0.0,0.0,0.0,0.0,0.0,0.0,0.0,0.0,0.0,0.0,0.0,0.0,0.0,0.0,0.0,0.0,0.0,0.0,0.0,0.0,0.0,0.0,0.0,0.0,0.0,0.0,0.0,0.0,0.0,0.0,0.0,0.0,0.0,0.0,0.0,0.0,0.0,0.0,0.0,0.0,0.0,0.0,0.0,0.0,0.0,0.0,0.0,0.0,0.0,0.0,0.0,0.0,0.0,0.0,0.0,0.0,0.0,0.0,0.0,0.0,0.0,0.0,0.0,0.0,0.0,0.0,0.0,0.0,0.0,0.0,0.0,0.0,0.0,0.0,0.0,0.0,0.0,0.0,0.0,0.0,0.0,0.0,0.0,0.0,0.0,0.0,0.0,0.0,0.0,0.0,0.0,0.0,0.0,0.0,0.0,0.0,0.0,0.0,0.0,0.0,0.0
2017-05-26 07:12:00+02:00,0.0,0.0,0.0,0.0,0.0,0.0,0.0,0.0,0.0,0.0,0.0,0.0,0.0,0.0,0.0,0.0,0.0,0.0,0.0,0.0,0.0,0.0,0.0,0.0,0.0,0.0,0.0,0.0,0.0,0.0,0.0,0.0,0.0,0.0,0.0,0.0,0.0,0.0,0.0,0.0,0.0,0.0,0.0,0.0,0.0,0.0,0.0,0.0,0.0,0.0,0.0,0.0,0.0,0.0,0.0,0.0,0.0,0.0,0.0,0.0,0.0,0.0,0.0,0.0,0.0,0.0,0.0,0.0,0.0,0.0,0.0,0.0,0.0,0.0,0.0,0.0,0.0,0.0,0.0,0.0,0.0,0.0,0.0,0.0,0.0,0.0,0.0,0.0,0.0,0.0,0.0,0.0,0.0,0.0,0.0,0.0,0.0,0.0,0.0,0.0,0.0,0.0,0.0,0.0,0.0,0.0,0.0,0.0,0.0,0.0,0.0,0.0,0.0,0.0,0.0,0.0,0.0,0.0
2017-05-26 07:13:00+02:00,0.0,0.0,0.0,0.0,0.0,0.0,0.0,0.0,0.0,0.0,0.0,0.0,0.0,0.0,0.0,0.0,0.0,0.0,0.0,0.0,0.0,0.0,0.0,0.0,0.0,0.0,0.0,0.0,0.0,0.0,0.0,0.0,0.0,0.0,0.0,0.0,0.0,0.0,0.0,0.0,0.0,0.0,0.0,0.0,0.0,0.0,0.0,0.0,0.0,0.0,0.0,0.0,0.0,0.0,0.0,0.0,0.0,0.0,0.0,0.0,0.0,0.0,0.0,0.0,0.0,0.0,0.0,0.0,0.0,0.0,0.0,0.0,0.0,0.0,0.0,0.0,0.0,0.0,0.0,0.0,0.0,0.0,0.0,0.0,0.0,0.0,0.0,0.0,0.0,0.0,0.0,0.0,0.0,0.0,0.0,0.0,0.0,0.0,0.0,0.0,0.0,0.0,0.0,0.0,0.0,0.0,0.0,0.0,0.0,0.0,0.0,0.0,0.0,0.0,0.0,0.0,0.0,0.0
2017-05-26 07:14:00+02:00,0.0,0.0,0.0,0.0,0.0,0.0,0.0,0.0,0.0,0.0,0.0,0.0,0.0,0.0,0.0,0.0,0.0,0.0,0.0,0.0,0.0,0.0,0.0,0.0,0.0,0.0,0.0,0.0,0.0,0.0,0.0,0.0,0.0,0.0,0.0,0.0,0.0,0.0,0.0,0.0,0.0,0.0,0.0,0.0,0.0,0.0,0.0,0.0,0.0,0.0,0.0,0.0,0.0,0.0,0.0,0.0,0.0,0.0,0.0,0.0,0.0,0.0,0.0,0.0,0.0,0.0,0.0,0.0,0.0,0.0,0.0,0.0,0.0,0.0,0.0,0.0,0.0,0.0,0.0,0.0,0.0,0.0,0.0,0.0,0.0,0.0,0.0,0.0,0.0,0.0,0.0,0.0,0.0,0.0,0.0,0.0,0.0,0.0,0.0,0.0,0.0,0.0,0.0,0.0,0.0,0.0,0.0,0.0,0.0,0.0,0.0,0.0,0.0,0.0,0.0,0.0,0.0,0.0
2017-05-26 07:15:00+02:00,0.0,0.0,0.0,0.0,0.0,0.0,0.0,0.0,0.0,0.0,0.0,0.0,0.0,0.0,0.0,0.0,0.0,0.0,0.0,0.0,0.0,0.0,0.0,0.0,0.0,0.0,0.0,0.0,0.0,0.0,0.0,0.0,0.0,0.0,0.0,0.0,0.0,0.0,0.0,0.0,0.0,0.0,0.0,0.0,0.0,0.0,0.0,0.0,0.0,0.0,0.0,0.0,0.0,0.0,0.0,0.0,0.0,0.0,0.0,0.0,0.0,0.0,0.0,0.0,0.0,0.0,0.0,0.0,0.0,0.0,0.0,0.0,0.0,0.0,0.0,0.0,0.0,0.0,0.0,0.0,0.0,0.0,0.0,0.0,0.0,0.0,0.0,0.0,0.0,0.0,0.0,0.0,0.0,0.0,0.0,0.0,0.0,0.0,0.0,0.0,0.0,0.0,0.0,0.0,0.0,0.0,0.0,0.0,0.0,0.0,0.0,0.0,0.0,0.0,0.0,0.0,0.0,0.0
2017-05-26 07:16:00+02:00,0.0,0.0,0.0,0.0,0.0,0.0,0.0,0.0,0.0,0.0,0.0,0.0,0.0,0.0,0.0,0.0,0.0,0.0,0.0,0.0,0.0,0.0,0.0,0.0,0.0,0.0,0.0,0.0,0.0,0.0,0.0,0.0,0.0,0.0,0.0,0.0,0.0,0.0,0.0,0.0,0.0,0.0,0.0,0.0,0.0,0.0,0.0,0.0,0.0,0.0,0.0,0.0,0.0,0.0,0.0,0.0,0.0,0.0,0.0,0.0,0.0,0.0,0.0,0.0,0.0,0.0,0.0,0.0,0.0,0.0,0.0,0.0,0.0,0.0,0.0,0.0,0.0,0.0,0.0,0.0,0.0,0.0,0.0,0.0,0.0,0.0,0.0,0.0,0.0,0.0,0.0,0.0,0.0,0.0,0.0,0.0,0.0,0.0,0.0,0.0,0.0,0.0,0.0,0.0,0.0,0.0,0.0,0.0,0.0,0.0,0.0,0.0,0.0,0.0,0.0,0.0,0.0,0.0
2017-05-26 07:17:00+02:00,0.0,0.0,0.0,0.0,0.0,0.0,0.0,0.0,0.0,0.0,0.0,0.0,0.0,0.0,0.0,0.0,0.0,0.0,0.0,0.0,0.0,0.0,0.0,0.0,0.0,0.0,0.0,0.0,0.0,0.0,0.0,0.0,0.0,0.0,0.0,0.0,0.0,0.0,0.0,0.0,0.0,0.0,0.0,0.0,0.0,0.0,0.0,0.0,0.0,0.0,0.0,0.0,0.0,0.0,0.0,0.0,0.0,0.0,0.0,0.0,0.0,0.0,0.0,0.0,0.0,0.0,0.0,0.0,0.0,0.0,0.0,0.0,0.0,0.0,0.0,0.0,0.0,0.0,0.0,0.0,0.0,0.0,0.0,0.0,0.0,0.0,0.0,0.0,0.0,0.0,0.0,0.0,0.0,0.0,0.0,0.0,0.0,0.0,0.0,0.0,0.0,0.0,0.0,0.0,0.0,0.0,0.0,0.0,0.0,0.0,0.0,0.0,0.0,0.0,0.0,0.0,0.0,0.0
2017-05-26 07:18:00+02:00,0.0,0.0,0.0,0.0,0.0,0.0,0.0,0.0,0.0,0.0,0.0,0.0,0.0,0.0,0.0,0.0,0.0,0.0,0.0,0.0,0.0,0.0,0.0,0.0,0.0,0.0,0.0,0.0,0.0,0.0,0.0,0.0,0.0,0.0,0.0,0.0,0.0,0.0,0.0,0.0,0.0,0.0,0.0,0.0,0.0,0.0,0.0,0.0,0.0,0.0,0.0,0.0,0.0,0.0,0.0,0.0,0.0,0.0,0.0,0.0,0.0,0.0,0.0,0.0,0.0,0.0,0.0,0.0,0.0,0.0,0.0,0.0,0.0,0.0,0.0,0.0,0.0,0.0,0.0,0.0,0.0,0.0,0.0,0.0,0.0,0.0,0.0,0.0,0.0,0.0,0.0,0.0,0.0,0.0,0.0,0.0,0.0,0.0,0.0,0.0,0.0,0.0,0.0,0.0,0.0,0.0,0.0,0.0,0.0,0.0,0.0,0.0,0.0,0.0,0.0,0.0,0.0,0.0
2017-05-26 07:19:00+02:00,0.0,0.0,0.0,0.0,0.0,0.0,0.0,0.0,0.0,0.0,0.0,0.0,0.0,0.0,0.0,0.0,0.0,0.0,0.0,0.0,0.0,0.0,0.0,0.0,0.0,0.0,0.0,0.0,0.0,0.0,0.0,0.0,0.0,0.0,0.0,0.0,0.0,0.0,0.0,0.0,0.0,0.0,0.0,0.0,0.0,0.0,0.0,0.0,0.0,0.0,0.0,0.0,0.0,0.0,0.0,0.0,0.0,0.0,0.0,0.0,0.0,0.0,0.0,0.0,0.0,0.0,0.0,0.0,0.0,0.0,0.0,0.0,0.0,0.0,0.0,0.0,0.0,0.0,0.0,0.0,0.0,0.0,0.0,0.0,0.0,0.0,0.0,0.0,0.0,0.0,0.0,0.0,0.0,0.0,0.0,0.0,0.0,0.0,0.0,0.0,0.0,0.0,0.0,0.0,0.0,0.0,0.0,0.0,0.0,0.0,0.0,0.0,0.0,0.0,0.0,0.0,0.0,0.0
2017-05-26 07:20:00+02:00,0.0,0.0,0.0,0.0,0.0,0.0,0.0,0.0,0.0,0.0,0.0,0.0,0.0,0.0,0.0,0.0,0.0,0.0,0.0,0.0,0.0,0.0,0.0,0.0,0.0,0.0,0.0,0.0,0.0,0.0,0.0,0.0,0.0,0.0,0.0,0.0,0.0,0.0,0.0,0.0,0.0,0.0,0.0,0.0,0.0,0.0,0.0,0.0,0.0,0.0,0.0,0.0,0.0,0.0,0.0,0.0,0.0,0.0,0.0,0.0,0.0,0.0,0.0,0.0,0.0,0.0,0.0,0.0,0.0,0.0,0.0,0.0,0.0,0.0,0.0,0.0,0.0,0.0,0.0,0.0,0.0,0.0,0.0,0.0,0.0,0.0,0.0,0.0,0.0,0.0,0.0,0.0,0.0,0.0,0.0,0.0,0.0,0.0,0.0,0.0,0.0,0.0,0.0,0.0,0.0,0.0,0.0,0.0,0.0,0.0,0.0,0.0,0.0,0.0,0.0,0.0,0.0,0.0
2017-05-26 07:21:00+02:00,0.0,0.0,0.0,0.0,0.0,0.0,0.0,0.0,0.0,0.0,0.0,0.0,0.0,0.0,0.0,0.0,0.0,0.0,0.0,0.0,0.0,0.0,0.0,0.0,0.0,0.0,0.0,0.0,0.0,0.0,0.0,0.0,0.0,0.0,0.0,0.0,0.0,0.0,0.0,0.0,0.0,0.0,0.0,0.0,0.0,0.0,0.0,0.0,0.0,0.0,0.0,0.0,0.0,0.0,0.0,0.0,0.0,0.0,0.0,0.0,0.0,0.0,0.0,0.0,0.0,0.0,0.0,0.0,0.0,0.0,0.0,0.0,0.0,0.0,0.0,0.0,0.0,0.0,0.0,0.0,0.0,0.0,0.0,0.0,0.0,0.0,0.0,0.0,0.0,0.0,0.0,0.0,0.0,0.0,0.0,0.0,0.0,0.0,0.0,0.0,0.0,0.0,0.0,0.0,0.0,0.0,0.0,0.0,0.0,0.0,0.0,0.0,0.0,0.0,0.0,0.0,0.0,0.0
2017-05-26 07:22:00+02:00,0.0,0.0,0.0,0.0,0.0,0.0,0.0,0.0,0.0,0.0,0.0,0.0,0.0,0.0,0.0,0.0,0.0,0.0,0.0,0.0,0.0,0.0,0.0,0.0,0.0,0.0,0.0,0.0,0.0,0.0,0.0,0.0,0.0,0.0,0.0,0.0,0.0,0.0,0.0,0.0,0.0,0.0,0.0,0.0,0.0,0.0,0.0,0.0,0.0,0.0,0.0,0.0,0.0,0.0,0.0,0.0,0.0,0.0,0.0,0.0,0.0,0.0,0.0,0.0,0.0,0.0,0.0,0.0,0.0,0.0,0.0,0.0,0.0,0.0,0.0,0.0,0.0,0.0,0.0,0.0,0.0,0.0,0.0,0.0,0.0,0.0,0.0,0.0,0.0,0.0,0.0,0.0,0.0,0.0,0.0,0.0,0.0,0.0,0.0,0.0,0.0,0.0,0.0,0.0,0.0,0.0,0.0,0.0,0.0,0.0,0.0,0.0,0.0,0.0,0.0,0.0,0.0,0.0
2017-05-26 07:23:00+02:00,0.0,0.0,0.0,0.0,0.0,0.0,0.0,0.0,0.0,0.0,0.0,0.0,0.0,0.0,0.0,0.0,0.0,0.0,0.0,0.0,0.0,0.0,0.0,0.0,0.0,0.0,0.0,0.0,0.0,0.0,0.0,0.0,0.0,0.0,0.0,0.0,0.0,0.0,0.0,0.0,0.0,0.0,0.0,0.0,0.0,0.0,0.0,0.0,0.0,0.0,0.0,0.0,0.0,0.0,0.0,0.0,0.0,0.0,0.0,0.0,0.0,0.0,0.0,0.0,0.0,0.0,0.0,0.0,0.0,0.0,0.0,0.0,0.0,0.0,0.0,0.0,0.0,0.0,0.0,0.0,0.0,0.0,0.0,0.0,0.0,0.0,0.0,0.0,0.0,0.0,0.0,0.0,0.0,0.0,0.0,0.0,0.0,0.0,0.0,0.0,0.0,0.0,0.0,0.0,0.0,0.0,0.0,0.0,0.0,0.0,0.0,0.0,0.0,0.0,0.0,0.0,0.0,0.0
2017-05-26 07:24:00+02:00,0.0,0.0,0.0,0.0,0.0,0.0,0.0,0.0,0.0,0.0,0.0,0.0,0.0,0.0,0.0,0.0,0.0,0.0,0.0,0.0,0.0,0.0,0.0,0.0,0.0,0.0,0.0,0.0,0.0,0.0,0.0,0.0,0.0,0.0,0.0,0.0,0.0,0.0,0.0,0.0,0.0,0.0,0.0,0.0,0.0,0.0,0.0,0.0,0.0,0.0,0.0,0.0,0.0,0.0,0.0,0.0,0.0,0.0,0.0,0.0,0.0,0.0,0.0,0.0,0.0,0.0,0.0,0.0,0.0,0.0,0.0,0.0,0.0,0.0,0.0,0.0,0.0,0.0,0.0,0.0,0.0,0.0,0.0,0.0,0.0,0.0,0.0,0.0,0.0,0.0,0.0,0.0,0.0,0.0,0.0,0.0,0.0,0.0,0.0,0.0,0.0,0.0,0.0,0.0,0.0,0.0,0.0,0.0,0.0,0.0,0.0,0.0,0.0,0.0,0.0,0.0,0.0,0.0
2017-05-26 07:25:00+02:00,0.0,0.0,0.0,0.0,0.0,0.0,0.0,0.0,0.0,0.0,0.0,0.0,0.0,0.0,0.0,0.0,0.0,0.0,0.0,0.0,0.0,0.0,0.0,0.0,0.0,0.0,0.0,0.0,0.0,0.0,0.0,0.0,0.0,0.0,0.0,0.0,0.0,0.0,0.0,0.0,0.0,0.0,0.0,0.0,0.0,0.0,0.0,0.0,0.0,0.0,0.0,0.0,0.0,0.0,0.0,0.0,0.0,0.0,0.0,0.0,0.0,0.0,0.0,0.0,0.0,0.0,0.0,0.0,0.0,0.0,0.0,0.0,0.0,0.0,0.0,0.0,0.0,0.0,0.0,0.0,0.0,0.0,0.0,0.0,0.0,0.0,0.0,0.0,0.0,0.0,0.0,0.0,0.0,0.0,0.0,0.0,0.0,0.0,0.0,0.0,0.0,0.0,0.0,0.0,0.0,0.0,0.0,0.0,0.0,0.0,0.0,0.0,0.0,0.0,0.0,0.0,0.0,0.0
2017-05-26 07:26:00+02:00,0.0,0.0,0.0,0.0,0.0,0.0,0.0,0.0,0.0,0.0,0.0,0.0,0.0,0.0,0.0,0.0,0.0,0.0,0.0,0.0,0.0,0.0,0.0,0.0,0.0,0.0,0.0,0.0,0.0,0.0,0.0,0.0,0.0,0.0,0.0,0.0,0.0,0.0,0.0,0.0,0.0,0.0,0.0,0.0,0.0,0.0,0.0,0.0,0.0,0.0,0.0,0.0,0.0,0.0,0.0,0.0,0.0,0.0,0.0,0.0,0.0,0.0,0.0,0.0,0.0,0.0,0.0,0.0,0.0,0.0,0.0,0.0,0.0,0.0,0.0,0.0,0.0,0.0,0.0,0.0,0.0,0.0,0.0,0.0,0.0,0.0,0.0,0.0,0.0,0.0,0.0,0.0,0.0,0.0,0.0,0.0,0.0,0.0,0.0,0.0,0.0,0.0,0.0,0.0,0.0,0.0,0.0,0.0,0.0,0.0,0.0,0.0,0.0,0.0,0.0,0.0,0.0,0.0
2017-05-26 07:27:00+02:00,0.0,0.0,0.0,0.0,0.0,0.0,0.0,0.0,0.0,0.0,0.0,0.0,0.0,0.0,0.0,0.0,0.0,0.0,0.0,0.0,0.0,0.0,0.0,0.0,0.0,0.0,0.0,0.0,0.0,0.0,0.0,0.0,0.0,0.0,0.0,0.0,0.0,0.0,0.0,0.0,0.0,0.0,0.0,0.0,0.0,0.0,0.0,0.0,0.0,0.0,0.0,0.0,0.0,0.0,0.0,0.0,0.0,0.0,0.0,0.0,0.0,0.0,0.0,0.0,0.0,0.0,0.0,0.0,0.0,0.0,0.0,0.0,0.0,0.0,0.0,0.0,0.0,0.0,0.0,0.0,0.0,0.0,0.0,0.0,0.0,0.0,0.0,0.0,0.0,0.0,0.0,0.0,0.0,0.0,0.0,0.0,0.0,0.0,0.0,0.0,0.0,0.0,0.0,0.0,0.0,0.0,0.0,0.0,0.0,0.0,0.0,0.0,0.0,0.0,0.0,0.0,0.0,0.0
2017-05-26 07:28:00+02:00,0.0,0.0,0.0,0.0,0.0,0.0,0.0,0.0,0.0,0.0,0.0,0.0,0.0,0.0,0.0,0.0,0.0,0.0,0.0,0.0,0.0,0.0,0.0,0.0,0.0,0.0,0.0,0.0,0.0,0.0,0.0,0.0,0.0,0.0,0.0,0.0,0.0,0.0,0.0,0.0,0.0,0.0,0.0,0.0,0.0,0.0,0.0,0.0,0.0,0.0,0.0,0.0,0.0,0.0,0.0,0.0,0.0,0.0,0.0,0.0,0.0,0.0,0.0,0.0,0.0,0.0,0.0,0.0,0.0,0.0,0.0,0.0,0.0,0.0,0.0,0.0,0.0,0.0,0.0,0.0,0.0,0.0,0.0,0.0,0.0,0.0,0.0,0.0,0.0,0.0,0.0,0.0,0.0,0.0,0.0,0.0,0.0,0.0,0.0,0.0,0.0,0.0,0.0,0.0,0.0,0.0,0.0,0.0,0.0,0.0,0.0,0.0,0.0,0.0,0.0,0.0,0.0,0.0
2017-05-26 07:29:00+02:00,0.0,0.0,0.0,0.0,0.0,0.0,0.0,0.0,0.0,0.0,0.0,0.0,0.0,0.0,0.0,0.0,0.0,0.0,0.0,0.0,0.0,0.0,0.0,0.0,0.0,0.0,0.0,0.0,0.0,0.0,0.0,0.0,0.0,0.0,0.0,0.0,0.0,0.0,0.0,0.0,0.0,0.0,0.0,0.0,0.0,0.0,0.0,0.0,0.0,0.0,0.0,0.0,0.0,0.0,0.0,0.0,0.0,0.0,0.0,0.0,0.0,0.0,0.0,0.0,0.0,0.0,0.0,0.0,0.0,0.0,0.0,0.0,0.0,0.0,0.0,0.0,0.0,0.0,0.0,0.0,0.0,0.0,0.0,0.0,0.0,0.0,0.0,0.0,0.0,0.0,0.0,0.0,0.0,0.0,0.0,0.0,0.0,0.0,0.0,0.0,0.0,0.0,0.0,0.0,0.0,0.0,0.0,0.0,0.0,0.0,0.0,0.0,0.0,0.0,0.0,0.0,0.0,0.0
2017-05-26 07:30:00+02:00,0.0,0.0,0.0,0.0,0.0,0.0,0.0,0.0,0.0,0.0,0.0,0.0,0.0,0.0,0.0,0.0,0.0,0.0,0.0,0.0,0.0,0.0,0.0,0.0,0.0,0.0,0.0,0.0,0.0,0.0,0.0,0.0,0.0,0.0,0.0,0.0,0.0,0.0,0.0,0.0,0.0,0.0,0.0,0.0,0.0,0.0,0.0,0.0,0.0,0.0,0.0,0.0,0.0,0.0,0.0,0.0,0.0,0.0,0.0,0.0,0.0,0.0,0.0,0.0,0.0,0.0,0.0,0.0,0.0,0.0,0.0,0.0,0.0,0.0,0.0,0.0,0.0,0.0,0.0,0.0,0.0,0.0,0.0,0.0,0.0,0.0,0.0,0.0,0.0,0.0,0.0,0.0,0.0,0.0,0.0,0.0,0.0,0.0,0.0,0.0,0.0,0.0,0.0,0.0,0.0,0.0,0.0,0.0,0.0,0.0,0.0,0.0,0.0,0.0,0.0,0.0,0.0,0.0
2017-05-26 07:31:00+02:00,0.0,0.0,0.0,0.0,0.0,0.0,0.0,0.0,0.0,0.0,0.0,0.0,0.0,0.0,0.0,0.0,0.0,0.0,0.0,0.0,0.0,0.0,0.0,0.0,0.0,0.0,0.0,0.0,0.0,0.0,0.0,0.0,0.0,0.0,0.0,0.0,0.0,0.0,0.0,0.0,0.0,0.0,0.0,0.0,0.0,0.0,0.0,0.0,0.0,0.0,0.0,0.0,0.0,0.0,0.0,0.0,0.0,0.0,0.0,0.0,0.0,0.0,0.0,0.0,0.0,0.0,0.0,0.0,0.0,0.0,0.0,0.0,0.0,0.0,0.0,0.0,0.0,0.0,0.0,0.0,0.0,0.0,0.0,0.0,0.0,0.0,0.0,0.0,0.0,0.0,0.0,0.0,0.0,0.0,0.0,0.0,0.0,0.0,0.0,0.0,0.0,0.0,0.0,0.0,0.0,0.0,0.0,0.0,0.0,0.0,0.0,0.0,0.0,0.0,0.0,0.0,0.0,0.0
2017-05-26 07:32:00+02:00,0.0,0.0,0.0,0.0,0.0,0.0,0.0,0.0,0.0,0.0,0.0,0.0,0.0,0.0,0.0,0.0,0.0,0.0,0.0,0.0,0.0,0.0,0.0,0.0,0.0,0.0,0.0,0.0,0.0,0.0,0.0,0.0,0.0,0.0,0.0,0.0,0.0,0.0,0.0,0.0,0.0,0.0,0.0,0.0,0.0,0.0,0.0,0.0,0.0,0.0,0.0,0.0,0.0,0.0,0.0,0.0,0.0,0.0,0.0,0.0,0.0,0.0,0.0,0.0,0.0,0.0,0.0,0.0,0.0,0.0,0.0,0.0,0.0,0.0,0.0,0.0,0.0,0.0,0.0,0.0,0.0,0.0,0.0,0.0,0.0,0.0,0.0,0.0,0.0,0.0,0.0,0.0,0.0,0.0,0.0,0.0,0.0,0.0,0.0,0.0,0.0,0.0,0.0,0.0,0.0,0.0,0.0,0.0,0.0,0.0,0.0,0.0,0.0,0.0,0.0,0.0,0.0,0.0
2017-05-26 07:33:00+02:00,0.0,0.0,0.0,0.0,0.0,0.0,0.0,0.0,0.0,0.0,0.0,0.0,0.0,0.0,0.0,0.0,0.0,0.0,0.0,0.0,0.0,0.0,0.0,0.0,0.0,0.0,0.0,0.0,0.0,0.0,0.0,0.0,0.0,0.0,0.0,0.0,0.0,0.0,0.0,0.0,0.0,0.0,0.0,0.0,0.0,0.0,0.0,0.0,0.0,0.0,0.0,0.0,0.0,0.0,0.0,0.0,0.0,0.0,0.0,0.0,0.0,0.0,0.0,0.0,0.0,0.0,0.0,0.0,0.0,0.0,0.0,0.0,0.0,0.0,0.0,0.0,0.0,0.0,0.0,0.0,0.0,0.0,0.0,0.0,0.0,0.0,0.0,0.0,0.0,0.0,0.0,0.0,0.0,0.0,0.0,0.0,0.0,0.0,0.0,0.0,0.0,0.0,0.0,0.0,0.0,0.0,0.0,0.0,0.0,0.0,0.0,0.0,0.0,0.0,0.0,0.0,0.0,0.0
2017-05-26 07:34:00+02:00,0.0,0.0,0.0,0.0,0.0,0.0,0.0,0.0,0.0,0.0,0.0,0.0,0.0,0.0,0.0,0.0,0.0,0.0,0.0,0.0,0.0,0.0,0.0,0.0,0.0,0.0,0.0,0.0,0.0,0.0,0.0,0.0,0.0,0.0,0.0,0.0,0.0,0.0,0.0,0.0,0.0,0.0,0.0,0.0,0.0,0.0,0.0,0.0,0.0,0.0,0.0,0.0,0.0,0.0,0.0,0.0,0.0,0.0,0.0,0.0,0.0,0.0,0.0,0.0,0.0,0.0,0.0,0.0,0.0,0.0,0.0,0.0,0.0,0.0,0.0,0.0,0.0,0.0,0.0,0.0,0.0,0.0,0.0,0.0,0.0,0.0,0.0,0.0,0.0,0.0,0.0,0.0,0.0,0.0,0.0,0.0,0.0,0.0,0.0,0.0,0.0,0.0,0.0,0.0,0.0,0.0,0.0,0.0,0.0,0.0,0.0,0.0,0.0,0.0,0.0,0.0,0.0,0.0
2017-05-26 07:35:00+02:00,0.0,0.0,0.0,0.0,0.0,0.0,0.0,0.0,0.0,0.0,0.0,0.0,0.0,0.0,0.0,0.0,0.0,0.0,0.0,0.0,0.0,0.0,0.0,0.0,0.0,0.0,0.0,0.0,0.0,0.0,0.0,0.0,0.0,0.0,0.0,0.0,0.0,0.0,0.0,0.0,0.0,0.0,0.0,0.0,0.0,0.0,0.0,0.0,0.0,0.0,0.0,0.0,0.0,0.0,0.0,0.0,0.0,0.0,0.0,0.0,0.0,0.0,0.0,0.0,0.0,0.0,0.0,0.0,0.0,0.0,0.0,0.0,0.0,0.0,0.0,0.0,0.0,0.0,0.0,0.0,0.0,0.0,0.0,0.0,0.0,0.0,0.0,0.0,0.0,0.0,0.0,0.0,0.0,0.0,0.0,0.0,0.0,0.0,0.0,0.0,0.0,0.0,0.0,0.0,0.0,0.0,0.0,0.0,0.0,0.0,0.0,0.0,0.0,0.0,0.0,0.0,0.0,0.0
2017-05-26 07:36:00+02:00,0.0,0.0,0.0,0.0,0.0,0.0,0.0,0.0,0.0,0.0,0.0,0.0,0.0,0.0,0.0,0.0,0.0,0.0,0.0,0.0,0.0,0.0,0.0,0.0,0.0,0.0,0.0,0.0,0.0,0.0,0.0,0.0,0.0,0.0,0.0,0.0,0.0,0.0,0.0,0.0,0.0,0.0,0.0,0.0,0.0,0.0,0.0,0.0,0.0,0.0,0.0,0.0,0.0,0.0,0.0,0.0,0.0,0.0,0.0,0.0,0.0,0.0,0.0,0.0,0.0,0.0,0.0,0.0,0.0,0.0,0.0,0.0,0.0,0.0,0.0,0.0,0.0,0.0,0.0,0.0,0.0,0.0,0.0,0.0,0.0,0.0,0.0,0.0,0.0,0.0,0.0,0.0,0.0,0.0,0.0,0.0,0.0,0.0,0.0,0.0,0.0,0.0,0.0,0.0,0.0,0.0,0.0,0.0,0.0,0.0,0.0,0.0,0.0,0.0,0.0,0.0,0.0,0.0
2017-05-26 07:37:00+02:00,0.0,0.0,0.0,0.0,0.0,0.0,0.0,0.0,0.0,0.0,0.0,0.0,0.0,0.0,0.0,0.0,0.0,0.0,0.0,0.0,0.0,0.0,0.0,0.0,0.0,0.0,0.0,0.0,0.0,0.0,0.0,0.0,0.0,0.0,0.0,0.0,0.0,0.0,0.0,0.0,0.0,0.0,0.0,0.0,0.0,0.0,0.0,0.0,0.0,0.0,0.0,0.0,0.0,0.0,0.0,0.0,0.0,0.0,0.0,0.0,0.0,0.0,0.0,0.0,0.0,0.0,0.0,0.0,0.0,0.0,0.0,0.0,0.0,0.0,0.0,0.0,0.0,0.0,0.0,0.0,0.0,0.0,0.0,0.0,0.0,0.0,0.0,0.0,0.0,0.0,0.0,0.0,0.0,0.0,0.0,0.0,0.0,0.0,0.0,0.0,0.0,0.0,0.0,0.0,0.0,0.0,0.0,0.0,0.0,0.0,0.0,0.0,0.0,0.0,0.0,0.0,0.0,0.0
2017-05-26 07:38:00+02:00,0.0,0.0,0.0,0.0,0.0,0.0,0.0,0.0,0.0,0.0,0.0,0.0,0.0,0.0,0.0,0.0,0.0,0.0,0.0,0.0,0.0,0.0,0.0,0.0,0.0,0.0,0.0,0.0,0.0,0.0,0.0,0.0,0.0,0.0,0.0,0.0,0.0,0.0,0.0,0.0,0.0,0.0,0.0,0.0,0.0,0.0,0.0,0.0,0.0,0.0,0.0,0.0,0.0,0.0,0.0,0.0,0.0,0.0,0.0,0.0,0.0,0.0,0.0,0.0,0.0,0.0,0.0,0.0,0.0,0.0,0.0,0.0,0.0,0.0,0.0,0.0,0.0,0.0,0.0,0.0,0.0,0.0,0.0,0.0,0.0,0.0,0.0,0.0,0.0,0.0,0.0,0.0,0.0,0.0,0.0,0.0,0.0,0.0,0.0,0.0,0.0,0.0,0.0,0.0,0.0,0.0,0.0,0.0,0.0,0.0,0.0,0.0,0.0,0.0,0.0,0.0,0.0,0.0
2017-05-26 07:39:00+02:00,0.0,0.0,0.0,0.0,0.0,0.0,0.0,0.0,0.0,0.0,0.0,0.0,0.0,0.0,0.0,0.0,0.0,0.0,0.0,0.0,0.0,0.0,0.0,0.0,0.0,0.0,0.0,0.0,0.0,0.0,0.0,0.0,0.0,0.0,0.0,0.0,0.0,0.0,0.0,0.0,0.0,0.0,0.0,0.0,0.0,0.0,0.0,0.0,0.0,0.0,0.0,0.0,0.0,0.0,0.0,0.0,0.0,0.0,0.0,0.0,0.0,0.0,0.0,0.0,0.0,0.0,0.0,0.0,0.0,0.0,0.0,0.0,0.0,0.0,0.0,0.0,0.0,0.0,0.0,0.0,0.0,0.0,0.0,0.0,0.0,0.0,0.0,0.0,0.0,0.0,0.0,0.0,0.0,0.0,0.0,0.0,0.0,0.0,0.0,0.0,0.0,0.0,0.0,0.0,0.0,0.0,0.0,0.0,0.0,0.0,0.0,0.0,0.0,0.0,0.0,0.0,0.0,0.0
2017-05-26 07:40:00+02:00,0.0,0.0,0.0,0.0,0.0,0.0,0.0,0.0,0.0,0.0,0.0,0.0,0.0,0.0,0.0,0.0,0.0,0.0,0.0,0.0,0.0,0.0,0.0,0.0,0.0,0.0,0.0,0.0,0.0,0.0,0.0,0.0,0.0,0.0,0.0,0.0,0.0,0.0,0.0,0.0,0.0,0.0,0.0,0.0,0.0,0.0,0.0,0.0,0.0,0.0,0.0,0.0,0.0,0.0,0.0,0.0,0.0,0.0,0.0,0.0,0.0,0.0,0.0,0.0,0.0,0.0,0.0,0.0,0.0,0.0,0.0,0.0,0.0,0.0,0.0,0.0,0.0,0.0,0.0,0.0,0.0,0.0,0.0,0.0,0.0,0.0,0.0,0.0,0.0,0.0,0.0,0.0,0.0,0.0,0.0,0.0,0.0,0.0,0.0,0.0,0.0,0.0,0.0,0.0,0.0,0.0,0.0,0.0,0.0,0.0,0.0,0.0,0.0,0.0,0.0,0.0,0.0,0.0
2017-05-26 07:41:00+02:00,0.0,0.0,0.0,0.0,0.0,0.0,0.0,0.0,0.0,0.0,0.0,0.0,0.0,0.0,0.0,0.0,0.0,0.0,0.0,0.0,0.0,0.0,0.0,0.0,0.0,0.0,0.0,0.0,0.0,0.0,0.0,0.0,0.0,0.0,0.0,0.0,0.0,0.0,0.0,0.0,0.0,0.0,0.0,0.0,0.0,0.0,0.0,0.0,0.0,0.0,0.0,0.0,0.0,0.0,0.0,0.0,0.0,0.0,0.0,0.0,0.0,0.0,0.0,0.0,0.0,0.0,0.0,0.0,0.0,0.0,0.0,0.0,0.0,0.0,0.0,0.0,0.0,0.0,0.0,0.0,0.0,0.0,0.0,0.0,0.0,0.0,0.0,0.0,0.0,0.0,0.0,0.0,0.0,0.0,0.0,0.0,0.0,0.0,0.0,0.0,0.0,0.0,0.0,0.0,0.0,0.0,0.0,0.0,0.0,0.0,0.0,0.0,0.0,0.0,0.0,0.0,0.0,0.0
2017-05-26 07:42:00+02:00,0.0,0.0,0.0,0.0,0.0,0.0,0.0,0.0,0.0,0.0,0.0,0.0,0.0,0.0,0.0,0.0,0.0,0.0,0.0,0.0,0.0,0.0,0.0,0.0,0.0,0.0,0.0,0.0,0.0,0.0,0.0,0.0,0.0,0.0,0.0,0.0,0.0,0.0,0.0,0.0,0.0,0.0,0.0,0.0,0.0,0.0,0.0,0.0,0.0,0.0,0.0,0.0,0.0,0.0,0.0,0.0,0.0,0.0,0.0,0.0,0.0,0.0,0.0,0.0,0.0,0.0,0.0,0.0,0.0,0.0,0.0,0.0,0.0,0.0,0.0,0.0,0.0,0.0,0.0,0.0,0.0,0.0,0.0,0.0,0.0,0.0,0.0,0.0,0.0,0.0,0.0,0.0,0.0,0.0,0.0,0.0,0.0,0.0,0.0,0.0,0.0,0.0,0.0,0.0,0.0,0.0,0.0,0.0,0.0,0.0,0.0,0.0,0.0,0.0,0.0,0.0,0.0,0.0
2017-05-26 07:43:00+02:00,0.0,0.0,0.0,0.0,0.0,0.0,0.0,0.0,0.0,0.0,0.0,0.0,0.0,0.0,0.0,0.0,0.0,0.0,0.0,0.0,0.0,0.0,0.0,0.0,0.0,0.0,0.0,0.0,0.0,0.0,0.0,0.0,0.0,0.0,0.0,0.0,0.0,0.0,0.0,0.0,0.0,0.0,0.0,0.0,0.0,0.0,0.0,0.0,0.0,0.0,0.0,0.0,0.0,0.0,0.0,0.0,0.0,0.0,0.0,0.0,0.0,0.0,0.0,0.0,0.0,0.0,0.0,0.0,0.0,0.0,0.0,0.0,0.0,0.0,0.0,0.0,0.0,0.0,0.0,0.0,0.0,0.0,0.0,0.0,0.0,0.0,0.0,0.0,0.0,0.0,0.0,0.0,0.0,0.0,0.0,0.0,0.0,0.0,0.0,0.0,0.0,0.0,0.0,0.0,0.0,0.0,0.0,0.0,0.0,0.0,0.0,0.0,0.0,0.0,0.0,0.0,0.0,0.0
2017-05-26 07:44:00+02:00,0.0,0.0,0.0,0.0,0.0,0.0,0.0,0.0,0.0,0.0,0.0,0.0,0.0,0.0,0.0,0.0,0.0,0.0,0.0,0.0,0.0,0.0,0.0,0.0,0.0,0.0,0.0,0.0,0.0,0.0,0.0,0.0,0.0,0.0,0.0,0.0,0.0,0.0,0.0,0.0,0.0,0.0,0.0,0.0,0.0,0.0,0.0,0.0,0.0,0.0,0.0,0.0,0.0,0.0,0.0,0.0,0.0,0.0,0.0,0.0,0.0,0.0,0.0,0.0,0.0,0.0,0.0,0.0,0.0,0.0,0.0,0.0,0.0,0.0,0.0,0.0,0.0,0.0,0.0,0.0,0.0,0.0,0.0,0.0,0.0,0.0,0.0,0.0,0.0,0.0,0.0,0.0,0.0,0.0,0.0,0.0,0.0,0.0,0.0,0.0,0.0,0.0,0.0,0.0,0.0,0.0,0.0,0.0,0.0,0.0,0.0,0.0,0.0,0.0,0.0,0.0,0.0,0.0
2017-05-26 07:45:00+02:00,0.0,0.0,0.0,0.0,0.0,0.0,0.0,0.0,0.0,0.0,0.0,0.0,0.0,0.0,0.0,0.0,0.0,0.0,0.0,0.0,0.0,0.0,0.0,0.0,0.0,0.0,0.0,0.0,0.0,0.0,0.0,0.0,0.0,0.0,0.0,0.0,0.0,0.0,0.0,0.0,0.0,0.0,0.0,0.0,0.0,0.0,0.0,0.0,0.0,0.0,0.0,0.0,0.0,0.0,0.0,0.0,0.0,0.0,0.0,0.0,0.0,0.0,0.0,0.0,0.0,0.0,0.0,0.0,0.0,0.0,0.0,0.0,0.0,0.0,0.0,0.0,0.0,0.0,0.0,0.0,0.0,0.0,0.0,0.0,0.0,0.0,0.0,0.0,0.0,0.0,0.0,0.0,0.0,0.0,0.0,0.0,0.0,0.0,0.0,0.0,0.0,0.0,0.0,0.0,0.0,0.0,0.0,0.0,0.0,0.0,0.0,0.0,0.0,0.0,0.0,0.0,0.0,0.0
2017-05-26 07:46:00+02:00,0.0,0.0,0.0,0.0,0.0,0.0,0.0,0.0,0.0,0.0,0.0,0.0,0.0,0.0,0.0,0.0,0.0,0.0,0.0,0.0,0.0,0.0,0.0,0.0,0.0,0.0,0.0,0.0,0.0,0.0,0.0,0.0,0.0,0.0,0.0,0.0,0.0,0.0,0.0,0.0,0.0,0.0,0.0,0.0,0.0,0.0,0.0,0.0,0.0,0.0,0.0,0.0,0.0,0.0,0.0,0.0,0.0,0.0,0.0,0.0,0.0,0.0,0.0,0.0,0.0,0.0,0.0,0.0,0.0,0.0,0.0,0.0,0.0,0.0,0.0,0.0,0.0,0.0,0.0,0.0,0.0,0.0,0.0,0.0,0.0,0.0,0.0,0.0,0.0,0.0,0.0,0.0,0.0,0.0,0.0,0.0,0.0,0.0,0.0,0.0,0.0,0.0,0.0,0.0,0.0,0.0,0.0,0.0,0.0,0.0,0.0,0.0,0.0,0.0,0.0,0.0,0.0,0.0
2017-05-26 07:47:00+02:00,0.0,0.0,0.0,0.0,0.0,0.0,0.0,0.0,0.0,0.0,0.0,0.0,0.0,0.0,0.0,0.0,0.0,0.0,0.0,0.0,0.0,0.0,0.0,0.0,0.0,0.0,0.0,0.0,0.0,0.0,0.0,0.0,0.0,0.0,0.0,0.0,0.0,0.0,0.0,0.0,0.0,0.0,0.0,0.0,0.0,0.0,0.0,0.0,0.0,0.0,0.0,0.0,0.0,0.0,0.0,0.0,0.0,0.0,0.0,0.0,0.0,0.0,0.0,0.0,0.0,0.0,0.0,0.0,0.0,0.0,0.0,0.0,0.0,0.0,0.0,0.0,0.0,0.0,0.0,0.0,0.0,0.0,0.0,0.0,0.0,0.0,0.0,0.0,0.0,0.0,0.0,0.0,0.0,0.0,0.0,0.0,0.0,0.0,0.0,0.0,0.0,0.0,0.0,0.0,0.0,0.0,0.0,0.0,0.0,0.0,0.0,0.0,0.0,0.0,0.0,0.0,0.0,0.0
2017-05-26 07:48:00+02:00,0.0,0.0,0.0,0.0,0.0,0.0,0.0,0.0,0.0,0.0,0.0,0.0,0.0,0.0,0.0,0.0,0.0,0.0,0.0,0.0,0.0,0.0,0.0,0.0,0.0,0.0,0.0,0.0,0.0,0.0,0.0,0.0,0.0,0.0,0.0,0.0,0.0,0.0,0.0,0.0,0.0,0.0,0.0,0.0,0.0,0.0,0.0,0.0,0.0,0.0,0.0,0.0,0.0,0.0,0.0,0.0,0.0,0.0,0.0,0.0,0.0,0.0,0.0,0.0,0.0,0.0,0.0,0.0,0.0,0.0,0.0,0.0,0.0,0.0,0.0,0.0,0.0,0.0,0.0,0.0,0.0,0.0,0.0,0.0,0.0,0.0,0.0,0.0,0.0,0.0,0.0,0.0,0.0,0.0,0.0,0.0,0.0,0.0,0.0,0.0,0.0,0.0,0.0,0.0,0.0,0.0,0.0,0.0,0.0,0.0,0.0,0.0,0.0,0.0,0.0,0.0,0.0,0.0
2017-05-26 07:49:00+02:00,0.0,0.0,0.0,0.0,0.0,0.0,0.0,0.0,0.0,0.0,0.0,0.0,0.0,0.0,0.0,0.0,0.0,0.0,0.0,0.0,0.0,0.0,0.0,0.0,0.0,0.0,0.0,0.0,0.0,0.0,0.0,0.0,0.0,0.0,0.0,0.0,0.0,0.0,0.0,0.0,0.0,0.0,0.0,0.0,0.0,0.0,0.0,0.0,0.0,0.0,0.0,0.0,0.0,0.0,0.0,0.0,0.0,0.0,0.0,0.0,0.0,0.0,0.0,0.0,0.0,0.0,0.0,0.0,0.0,0.0,0.0,0.0,0.0,0.0,0.0,0.0,0.0,0.0,0.0,0.0,0.0,0.0,0.0,0.0,0.0,0.0,0.0,0.0,0.0,0.0,0.0,0.0,0.0,0.0,0.0,0.0,0.0,0.0,0.0,0.0,0.0,0.0,0.0,0.0,0.0,0.0,0.0,0.0,0.0,0.0,0.0,0.0,0.0,0.0,0.0,0.0,0.0,0.0
2017-05-26 07:50:00+02:00,0.0,0.0,0.0,0.0,0.0,0.0,0.0,0.0,0.0,0.0,0.0,0.0,0.0,0.0,0.0,0.0,0.0,0.0,0.0,0.0,0.0,0.0,0.0,0.0,0.0,0.0,0.0,0.0,0.0,0.0,0.0,0.0,0.0,0.0,0.0,0.0,0.0,0.0,0.0,0.0,0.0,0.0,0.0,0.0,0.0,0.0,0.0,0.0,0.0,0.0,0.0,0.0,0.0,0.0,0.0,0.0,0.0,0.0,0.0,0.0,0.0,0.0,0.0,0.0,0.0,0.0,0.0,0.0,0.0,0.0,0.0,0.0,0.0,0.0,0.0,0.0,0.0,0.0,0.0,0.0,0.0,0.0,0.0,0.0,0.0,0.0,0.0,0.0,0.0,0.0,0.0,0.0,0.0,0.0,0.0,0.0,0.0,0.0,0.0,0.0,0.0,0.0,0.0,0.0,0.0,0.0,0.0,0.0,0.0,0.0,0.0,0.0,0.0,0.0,0.0,0.0,0.0,0.0
2017-05-26 07:51:00+02:00,0.0,0.0,0.0,0.0,0.0,0.0,0.0,0.0,0.0,0.0,0.0,0.0,0.0,0.0,0.0,0.0,0.0,0.0,0.0,0.0,0.0,0.0,0.0,0.0,0.0,0.0,0.0,0.0,0.0,0.0,0.0,0.0,0.0,0.0,0.0,0.0,0.0,0.0,0.0,0.0,0.0,0.0,0.0,0.0,0.0,0.0,0.0,0.0,0.0,0.0,0.0,0.0,0.0,0.0,0.0,0.0,0.0,0.0,0.0,0.0,0.0,0.0,0.0,0.0,0.0,0.0,0.0,0.0,0.0,0.0,0.0,0.0,0.0,0.0,0.0,0.0,0.0,0.0,0.0,0.0,0.0,0.0,0.0,0.0,0.0,0.0,0.0,0.0,0.0,0.0,0.0,0.0,0.0,0.0,0.0,0.0,0.0,0.0,0.0,0.0,0.0,0.0,0.0,0.0,0.0,0.0,0.0,0.0,0.0,0.0,0.0,0.0,0.0,0.0,0.0,0.0,0.0,0.0
2017-05-26 07:52:00+02:00,0.0,0.0,0.0,0.0,0.0,0.0,0.0,0.0,0.0,0.0,0.0,0.0,0.0,0.0,0.0,0.0,0.0,0.0,0.0,0.0,0.0,0.0,0.0,0.0,0.0,0.0,0.0,0.0,0.0,0.0,0.0,0.0,0.0,0.0,0.0,0.0,0.0,0.0,0.0,0.0,0.0,0.0,0.0,0.0,0.0,0.0,0.0,0.0,0.0,0.0,0.0,0.0,0.0,0.0,0.0,0.0,0.0,0.0,0.0,0.0,0.0,0.0,0.0,0.0,0.0,0.0,0.0,0.0,0.0,0.0,0.0,0.0,0.0,0.0,0.0,0.0,0.0,0.0,0.0,0.0,0.0,0.0,0.0,0.0,0.0,0.0,0.0,0.0,0.0,0.0,0.0,0.0,0.0,0.0,0.0,0.0,0.0,0.0,0.0,0.0,0.0,0.0,0.0,0.0,0.0,0.0,0.0,0.0,0.0,0.0,0.0,0.0,0.0,0.0,0.0,0.0,0.0,0.0
2017-05-26 07:53:00+02:00,0.0,0.0,0.0,0.0,0.0,0.0,0.0,0.0,0.0,0.0,0.0,0.0,0.0,0.0,0.0,0.0,0.0,0.0,0.0,0.0,0.0,0.0,0.0,0.0,0.0,0.0,0.0,0.0,0.0,0.0,0.0,0.0,0.0,0.0,0.0,0.0,0.0,0.0,0.0,0.0,0.0,0.0,0.0,0.0,0.0,0.0,0.0,0.0,0.0,0.0,0.0,0.0,0.0,0.0,0.0,0.0,0.0,0.0,0.0,0.0,0.0,0.0,0.0,0.0,0.0,0.0,0.0,0.0,0.0,0.0,0.0,0.0,0.0,0.0,0.0,0.0,0.0,0.0,0.0,0.0,0.0,0.0,0.0,0.0,0.0,0.0,0.0,0.0,0.0,0.0,0.0,0.0,0.0,0.0,0.0,0.0,0.0,0.0,0.0,0.0,0.0,0.0,0.0,0.0,0.0,0.0,0.0,0.0,0.0,0.0,0.0,0.0,0.0,0.0,0.0,0.0,0.0,0.0
2017-05-26 07:54:00+02:00,0.0,0.0,0.0,0.0,0.0,0.0,0.0,0.0,0.0,0.0,0.0,0.0,0.0,0.0,0.0,0.0,0.0,0.0,0.0,0.0,0.0,0.0,0.0,0.0,0.0,0.0,0.0,0.0,0.0,0.0,0.0,0.0,0.0,0.0,0.0,0.0,0.0,0.0,0.0,0.0,0.0,0.0,0.0,0.0,0.0,0.0,0.0,0.0,0.0,0.0,0.0,0.0,0.0,0.0,0.0,0.0,0.0,0.0,0.0,0.0,0.0,0.0,0.0,0.0,0.0,0.0,0.0,0.0,0.0,0.0,0.0,0.0,0.0,0.0,0.0,0.0,0.0,0.0,0.0,0.0,0.0,0.0,0.0,0.0,0.0,0.0,0.0,0.0,0.0,0.0,0.0,0.0,0.0,0.0,0.0,0.0,0.0,0.0,0.0,0.0,0.0,0.0,0.0,0.0,0.0,0.0,0.0,0.0,0.0,0.0,0.0,0.0,0.0,0.0,0.0,0.0,0.0,0.0
2017-05-26 07:55:00+02:00,0.0,0.0,0.0,0.0,0.0,0.0,0.0,0.0,0.0,0.0,0.0,0.0,0.0,0.0,0.0,0.0,0.0,0.0,0.0,0.0,0.0,0.0,0.0,0.0,0.0,0.0,0.0,0.0,0.0,0.0,0.0,0.0,0.0,0.0,0.0,0.0,0.0,0.0,0.0,0.0,0.0,0.0,0.0,0.0,0.0,0.0,0.0,0.0,0.0,0.0,0.0,0.0,0.0,0.0,0.0,0.0,0.0,0.0,0.0,0.0,0.0,0.0,0.0,0.0,0.0,0.0,0.0,0.0,0.0,0.0,0.0,0.0,0.0,0.0,0.0,0.0,0.0,0.0,0.0,0.0,0.0,0.0,0.0,0.0,0.0,0.0,0.0,0.0,0.0,0.0,0.0,0.0,0.0,0.0,0.0,0.0,0.0,0.0,0.0,0.0,0.0,0.0,0.0,0.0,0.0,0.0,0.0,0.0,0.0,0.0,0.0,0.0,0.0,0.0,0.0,0.0,0.0,0.0
2017-05-26 07:56:00+02:00,0.0,0.0,0.0,0.0,0.0,0.0,0.0,0.0,0.0,0.0,0.0,0.0,0.0,0.0,0.0,0.0,0.0,0.0,0.0,0.0,0.0,0.0,0.0,0.0,0.0,0.0,0.0,0.0,0.0,0.0,0.0,0.0,0.0,0.0,0.0,0.0,0.0,0.0,0.0,0.0,0.0,0.0,0.0,0.0,0.0,0.0,0.0,0.0,0.0,0.0,0.0,0.0,0.0,0.0,0.0,0.0,0.0,0.0,0.0,0.0,0.0,0.0,0.0,0.0,0.0,0.0,0.0,0.0,0.0,0.0,0.0,0.0,0.0,0.0,0.0,0.0,0.0,0.0,0.0,0.0,0.0,0.0,0.0,0.0,0.0,0.0,0.0,0.0,0.0,0.0,0.0,0.0,0.0,0.0,0.0,0.0,0.0,0.0,0.0,0.0,0.0,0.0,0.0,0.0,0.0,0.0,0.0,0.0,0.0,0.0,0.0,0.0,0.0,0.0,0.0,0.0,0.0,0.0
2017-05-26 07:57:00+02:00,0.0,0.0,0.0,0.0,0.0,0.0,0.0,0.0,0.0,0.0,0.0,0.0,0.0,0.0,0.0,0.0,0.0,0.0,0.0,0.0,0.0,0.0,0.0,0.0,0.0,0.0,0.0,0.0,0.0,0.0,0.0,0.0,0.0,0.0,0.0,0.0,0.0,0.0,0.0,0.0,0.0,0.0,0.0,0.0,0.0,0.0,0.0,0.0,0.0,0.0,0.0,0.0,0.0,0.0,0.0,0.0,0.0,0.0,0.0,0.0,0.0,0.0,0.0,0.0,0.0,0.0,0.0,0.0,0.0,0.0,0.0,0.0,0.0,0.0,0.0,0.0,0.0,0.0,0.0,0.0,0.0,0.0,0.0,0.0,0.0,0.0,0.0,0.0,0.0,0.0,0.0,0.0,0.0,0.0,0.0,0.0,0.0,0.0,0.0,0.0,0.0,0.0,0.0,0.0,0.0,0.0,0.0,0.0,0.0,0.0,0.0,0.0,0.0,0.0,0.0,0.0,0.0,0.0
2017-05-26 07:58:00+02:00,0.0,0.0,0.0,0.0,0.0,0.0,0.0,0.0,0.0,0.0,0.0,0.0,0.0,0.0,0.0,0.0,0.0,0.0,0.0,0.0,0.0,0.0,0.0,0.0,0.0,0.0,0.0,0.0,0.0,0.0,0.0,0.0,0.0,0.0,0.0,0.0,0.0,0.0,0.0,0.0,0.0,0.0,0.0,0.0,0.0,0.0,0.0,0.0,0.0,0.0,0.0,0.0,0.0,0.0,0.0,0.0,0.0,0.0,0.0,0.0,0.0,0.0,0.0,0.0,0.0,0.0,0.0,0.0,0.0,0.0,0.0,0.0,0.0,0.0,0.0,0.0,0.0,0.0,0.0,0.0,0.0,0.0,0.0,0.0,0.0,0.0,0.0,0.0,0.0,0.0,0.0,0.0,0.0,0.0,0.0,0.0,0.0,0.0,0.0,0.0,0.0,0.0,0.0,0.0,0.0,0.0,0.0,0.0,0.0,0.0,0.0,0.0,0.0,0.0,0.0,0.0,0.0,0.0
2017-05-26 07:59:00+02:00,0.0,0.0,0.0,0.0,0.0,0.0,0.0,0.0,0.0,0.0,0.0,0.0,0.0,0.0,0.0,0.0,0.0,0.0,0.0,0.0,0.0,0.0,0.0,0.0,0.0,0.0,0.0,0.0,0.0,0.0,0.0,0.0,0.0,0.0,0.0,0.0,0.0,0.0,0.0,0.0,0.0,0.0,0.0,0.0,0.0,0.0,0.0,0.0,0.0,0.0,0.0,0.0,0.0,0.0,0.0,0.0,0.0,0.0,0.0,0.0,0.0,0.0,0.0,0.0,0.0,0.0,0.0,0.0,0.0,0.0,0.0,0.0,0.0,0.0,0.0,0.0,0.0,0.0,0.0,0.0,0.0,0.0,0.0,0.0,0.0,0.0,0.0,0.0,0.0,0.0,0.0,0.0,0.0,0.0,0.0,0.0,0.0,0.0,0.0,0.0,0.0,0.0,0.0,0.0,0.0,0.0,0.0,0.0,0.0,0.0,0.0,0.0,0.0,0.0,0.0,0.0,0.0,0.0
2017-05-26 08:00:00+02:00,0.0,0.0,0.0,0.0,0.0,0.0,0.0,0.0,0.0,0.0,0.0,0.0,0.0,0.0,0.0,0.0,0.0,0.0,0.0,0.0,0.0,0.0,0.0,0.0,0.0,0.0,0.0,0.0,0.0,0.0,0.0,0.0,0.0,0.0,0.0,0.0,0.0,0.0,0.0,0.0,0.0,0.0,0.0,0.0,0.0,0.0,0.0,0.0,0.0,0.0,0.0,0.0,0.0,0.0,0.0,0.0,0.0,0.0,0.0,0.0,0.0,0.0,0.0,0.0,0.0,0.0,0.0,0.0,0.0,0.0,0.0,0.0,0.0,0.0,0.0,0.0,0.0,0.0,0.0,0.0,0.0,0.0,0.0,0.0,0.0,0.0,0.0,0.0,0.0,0.0,0.0,0.0,0.0,0.0,0.0,0.0,0.0,0.0,0.0,0.0,0.0,0.0,0.0,0.0,0.0,0.0,0.0,0.0,0.0,0.0,0.0,0.0,0.0,0.0,0.0,0.0,0.0,0.0
2017-05-26 08:01:00+02:00,0.0,0.0,0.0,0.0,0.0,0.0,0.0,0.0,0.0,0.0,0.0,0.0,0.0,0.0,0.0,0.0,0.0,0.0,0.0,0.0,0.0,0.0,0.0,0.0,0.0,0.0,0.0,0.0,0.0,0.0,0.0,0.0,0.0,0.0,0.0,0.0,0.0,0.0,0.0,0.0,0.0,0.0,0.0,0.0,0.0,0.0,0.0,0.0,0.0,0.0,0.0,0.0,0.0,0.0,0.0,0.0,0.0,0.0,0.0,0.0,0.0,0.0,0.0,0.0,0.0,0.0,0.0,0.0,0.0,0.0,0.0,0.0,0.0,0.0,0.0,0.0,0.0,0.0,0.0,0.0,0.0,0.0,0.0,0.0,0.0,0.0,0.0,0.0,0.0,0.0,0.0,0.0,0.0,0.0,0.0,0.0,0.0,0.0,0.0,0.0,0.0,0.0,0.0,0.0,0.0,0.0,0.0,0.0,0.0,0.0,0.0,0.0,0.0,0.0,0.0,0.0,0.0,0.0
2017-05-26 08:02:00+02:00,0.0,0.0,0.0,0.0,0.0,0.0,0.0,0.0,0.0,0.0,0.0,0.0,0.0,0.0,0.0,0.0,0.0,0.0,0.0,0.0,0.0,0.0,0.0,0.0,0.0,0.0,0.0,0.0,0.0,0.0,0.0,0.0,0.0,0.0,0.0,0.0,0.0,0.0,0.0,0.0,0.0,0.0,0.0,0.0,0.0,0.0,0.0,0.0,0.0,0.0,0.0,0.0,0.0,0.0,0.0,0.0,0.0,0.0,0.0,0.0,0.0,0.0,0.0,0.0,0.0,0.0,0.0,0.0,0.0,0.0,0.0,0.0,0.0,0.0,0.0,0.0,0.0,0.0,0.0,0.0,0.0,0.0,0.0,0.0,0.0,0.0,0.0,0.0,0.0,0.0,0.0,0.0,0.0,0.0,0.0,0.0,0.0,0.0,0.0,0.0,0.0,0.0,0.0,0.0,0.0,0.0,0.0,0.0,0.0,0.0,0.0,0.0,0.0,0.0,0.0,0.0,0.0,0.0
2017-05-26 08:03:00+02:00,0.0,0.0,0.0,0.0,0.0,0.0,0.0,0.0,0.0,0.0,0.0,0.0,0.0,0.0,0.0,0.0,0.0,0.0,0.0,0.0,0.0,0.0,0.0,0.0,0.0,0.0,0.0,0.0,0.0,0.0,0.0,0.0,0.0,0.0,0.0,0.0,0.0,0.0,0.0,0.0,0.0,0.0,0.0,0.0,0.0,0.0,0.0,0.0,0.0,0.0,0.0,0.0,0.0,0.0,0.0,0.0,0.0,0.0,0.0,0.0,0.0,0.0,0.0,0.0,0.0,0.0,0.0,0.0,0.0,0.0,0.0,0.0,0.0,0.0,0.0,0.0,0.0,0.0,0.0,0.0,0.0,0.0,0.0,0.0,0.0,0.0,0.0,0.0,0.0,0.0,0.0,0.0,0.0,0.0,0.0,0.0,0.0,0.0,0.0,0.0,0.0,0.0,0.0,0.0,0.0,0.0,0.0,0.0,0.0,0.0,0.0,0.0,0.0,0.0,0.0,0.0,0.0,0.0
2017-05-26 08:04:00+02:00,0.0,0.0,0.0,0.0,0.0,0.0,0.0,0.0,0.0,0.0,0.0,0.0,0.0,0.0,0.0,0.0,0.0,0.0,0.0,0.0,0.0,0.0,0.0,0.0,0.0,0.0,0.0,0.0,0.0,0.0,0.0,0.0,0.0,0.0,0.0,0.0,0.0,0.0,0.0,0.0,0.0,0.0,0.0,0.0,0.0,0.0,0.0,0.0,0.0,0.0,0.0,0.0,0.0,0.0,0.0,0.0,0.0,0.0,0.0,0.0,0.0,0.0,0.0,0.0,0.0,0.0,0.0,0.0,0.0,0.0,0.0,0.0,0.0,0.0,0.0,0.0,0.0,0.0,0.0,0.0,0.0,0.0,0.0,0.0,0.0,0.0,0.0,0.0,0.0,0.0,0.0,0.0,0.0,0.0,0.0,0.0,0.0,0.0,0.0,0.0,0.0,0.0,0.0,0.0,0.0,0.0,0.0,0.0,0.0,0.0,0.0,0.0,0.0,0.0,0.0,0.0,0.0,0.0
2017-05-26 08:05:00+02:00,0.0,0.0,0.0,0.0,0.0,0.0,0.0,0.0,0.0,0.0,0.0,0.0,0.0,0.0,0.0,0.0,0.0,0.0,0.0,0.0,0.0,0.0,0.0,0.0,0.0,0.0,0.0,0.0,0.0,0.0,0.0,0.0,0.0,0.0,0.0,0.0,0.0,0.0,0.0,0.0,0.0,0.0,0.0,0.0,0.0,0.0,0.0,0.0,0.0,0.0,0.0,0.0,0.0,0.0,0.0,0.0,0.0,0.0,0.0,0.0,0.0,0.0,0.0,0.0,0.0,0.0,0.0,0.0,0.0,0.0,0.0,0.0,0.0,0.0,0.0,0.0,0.0,0.0,0.0,0.0,0.0,0.0,0.0,0.0,0.0,0.0,0.0,0.0,0.0,0.0,0.0,0.0,0.0,0.0,0.0,0.0,0.0,0.0,0.0,0.0,0.0,0.0,0.0,0.0,0.0,0.0,0.0,0.0,0.0,0.0,0.0,0.0,0.0,0.0,0.0,0.0,0.0,0.0
2017-05-26 08:06:00+02:00,0.0,0.0,0.0,0.0,0.0,0.0,0.0,0.0,0.0,0.0,0.0,0.0,0.0,0.0,0.0,0.0,0.0,0.0,0.0,0.0,0.0,0.0,0.0,0.0,0.0,0.0,0.0,0.0,0.0,0.0,0.0,0.0,0.0,0.0,0.0,0.0,0.0,0.0,0.0,0.0,0.0,0.0,0.0,0.0,0.0,0.0,0.0,0.0,0.0,0.0,0.0,0.0,0.0,0.0,0.0,0.0,0.0,0.0,0.0,0.0,0.0,0.0,0.0,0.0,0.0,0.0,0.0,0.0,0.0,0.0,0.0,0.0,0.0,0.0,0.0,0.0,0.0,0.0,0.0,0.0,0.0,0.0,0.0,0.0,0.0,0.0,0.0,0.0,0.0,0.0,0.0,0.0,0.0,0.0,0.0,0.0,0.0,0.0,0.0,0.0,0.0,0.0,0.0,0.0,0.0,0.0,0.0,0.0,0.0,0.0,0.0,0.0,0.0,0.0,0.0,0.0,0.0,0.0
2017-05-26 08:07:00+02:00,0.0,0.0,0.0,0.0,0.0,0.0,0.0,0.0,0.0,0.0,0.0,0.0,0.0,0.0,0.0,0.0,0.0,0.0,0.0,0.0,0.0,0.0,0.0,0.0,0.0,0.0,0.0,0.0,0.0,0.0,0.0,0.0,0.0,0.0,0.0,0.0,0.0,0.0,0.0,0.0,0.0,0.0,0.0,0.0,0.0,0.0,0.0,0.0,0.0,0.0,0.0,0.0,0.0,0.0,0.0,0.0,0.0,0.0,0.0,0.0,0.0,0.0,0.0,0.0,0.0,0.0,0.0,0.0,0.0,0.0,0.0,0.0,0.0,0.0,0.0,0.0,0.0,0.0,0.0,0.0,0.0,0.0,0.0,0.0,0.0,0.0,0.0,0.0,0.0,0.0,0.0,0.0,0.0,0.0,0.0,0.0,0.0,0.0,0.0,0.0,0.0,0.0,0.0,0.0,0.0,0.0,0.0,0.0,0.0,0.0,0.0,0.0,0.0,0.0,0.0,0.0,0.0,0.0
2017-05-26 08:08:00+02:00,0.0,0.0,0.0,0.0,0.0,0.0,0.0,0.0,0.0,0.0,0.0,0.0,0.0,0.0,0.0,0.0,0.0,0.0,0.0,0.0,0.0,0.0,0.0,0.0,0.0,0.0,0.0,0.0,0.0,0.0,0.0,0.0,0.0,0.0,0.0,0.0,0.0,0.0,0.0,0.0,0.0,0.0,0.0,0.0,0.0,0.0,0.0,0.0,0.0,0.0,0.0,0.0,0.0,0.0,0.0,0.0,0.0,0.0,0.0,0.0,0.0,0.0,0.0,0.0,0.0,0.0,0.0,0.0,0.0,0.0,0.0,0.0,0.0,0.0,0.0,0.0,0.0,0.0,0.0,0.0,0.0,0.0,0.0,0.0,0.0,0.0,0.0,0.0,0.0,0.0,0.0,0.0,0.0,0.0,0.0,0.0,0.0,0.0,0.0,0.0,0.0,0.0,0.0,0.0,0.0,0.0,0.0,0.0,0.0,0.0,0.0,0.0,0.0,0.0,0.0,0.0,0.0,0.0
2017-05-26 08:09:00+02:00,0.0,0.0,0.0,0.0,0.0,0.0,0.0,0.0,0.0,0.0,0.0,0.0,0.0,0.0,0.0,0.0,0.0,0.0,0.0,0.0,0.0,0.0,0.0,0.0,0.0,0.0,0.0,0.0,0.0,0.0,0.0,0.0,0.0,0.0,0.0,0.0,0.0,0.0,0.0,0.0,0.0,0.0,0.0,0.0,0.0,0.0,0.0,0.0,0.0,0.0,0.0,0.0,0.0,0.0,0.0,0.0,0.0,0.0,0.0,0.0,0.0,0.0,0.0,0.0,0.0,0.0,0.0,0.0,0.0,0.0,0.0,0.0,0.0,0.0,0.0,0.0,0.0,0.0,0.0,0.0,0.0,0.0,0.0,0.0,0.0,0.0,0.0,0.0,0.0,0.0,0.0,0.0,0.0,0.0,0.0,0.0,0.0,0.0,0.0,0.0,0.0,0.0,0.0,0.0,0.0,0.0,0.0,0.0,0.0,0.0,0.0,0.0,0.0,0.0,0.0,0.0,0.0,0.0
2017-05-26 08:10:00+02:00,0.0,0.0,0.0,0.0,0.0,0.0,0.0,0.0,0.0,0.0,0.0,0.0,0.0,0.0,0.0,0.0,0.0,0.0,0.0,0.0,0.0,0.0,0.0,0.0,0.0,0.0,0.0,0.0,0.0,0.0,0.0,0.0,0.0,0.0,0.0,0.0,0.0,0.0,0.0,0.0,0.0,0.0,0.0,0.0,0.0,0.0,0.0,0.0,0.0,0.0,0.0,0.0,0.0,0.0,0.0,0.0,0.0,0.0,0.0,0.0,0.0,0.0,0.0,0.0,0.0,0.0,0.0,0.0,0.0,0.0,0.0,0.0,0.0,0.0,0.0,0.0,0.0,0.0,0.0,0.0,0.0,0.0,0.0,0.0,0.0,0.0,0.0,0.0,0.0,0.0,0.0,0.0,0.0,0.0,0.0,0.0,0.0,0.0,0.0,0.0,0.0,0.0,0.0,0.0,0.0,0.0,0.0,0.0,0.0,0.0,0.0,0.0,0.0,0.0,0.0,0.0,0.0,0.0
2017-05-26 08:11:00+02:00,0.0,0.0,0.0,0.0,0.0,0.0,0.0,0.0,0.0,0.0,0.0,0.0,0.0,0.0,0.0,0.0,0.0,0.0,0.0,0.0,0.0,0.0,0.0,0.0,0.0,0.0,0.0,0.0,0.0,0.0,0.0,0.0,0.0,0.0,0.0,0.0,0.0,0.0,0.0,0.0,0.0,0.0,0.0,0.0,0.0,0.0,0.0,0.0,0.0,0.0,0.0,0.0,0.0,0.0,0.0,0.0,0.0,0.0,0.0,0.0,0.0,0.0,0.0,0.0,0.0,0.0,0.0,0.0,0.0,0.0,0.0,0.0,0.0,0.0,0.0,0.0,0.0,0.0,0.0,0.0,0.0,0.0,0.0,0.0,0.0,0.0,0.0,0.0,0.0,0.0,0.0,0.0,0.0,0.0,0.0,0.0,0.0,0.0,0.0,0.0,0.0,0.0,0.0,0.0,0.0,0.0,0.0,0.0,0.0,0.0,0.0,0.0,0.0,0.0,0.0,0.0,0.0,0.0
2017-05-26 08:12:00+02:00,0.0,0.0,0.0,0.0,0.0,0.0,0.0,0.0,0.0,0.0,0.0,0.0,0.0,0.0,0.0,0.0,0.0,0.0,0.0,0.0,0.0,0.0,0.0,0.0,0.0,0.0,0.0,0.0,0.0,0.0,0.0,0.0,0.0,0.0,0.0,0.0,0.0,0.0,0.0,0.0,0.0,0.0,0.0,0.0,0.0,0.0,0.0,0.0,0.0,0.0,0.0,0.0,0.0,0.0,0.0,0.0,0.0,0.0,0.0,0.0,0.0,0.0,0.0,0.0,0.0,0.0,0.0,0.0,0.0,0.0,0.0,0.0,0.0,0.0,0.0,0.0,0.0,0.0,0.0,0.0,0.0,0.0,0.0,0.0,0.0,0.0,0.0,0.0,0.0,0.0,0.0,0.0,0.0,0.0,0.0,0.0,0.0,0.0,0.0,0.0,0.0,0.0,0.0,0.0,0.0,0.0,0.0,0.0,0.0,0.0,0.0,0.0,0.0,0.0,0.0,0.0,0.0,0.0
2017-05-26 08:13:00+02:00,0.0,0.0,0.0,0.0,0.0,0.0,0.0,0.0,0.0,0.0,0.0,0.0,0.0,0.0,0.0,0.0,0.0,0.0,0.0,0.0,0.0,0.0,0.0,0.0,0.0,0.0,0.0,0.0,0.0,0.0,0.0,0.0,0.0,0.0,0.0,0.0,0.0,0.0,0.0,0.0,0.0,0.0,0.0,0.0,0.0,0.0,0.0,0.0,0.0,0.0,0.0,0.0,0.0,0.0,0.0,0.0,0.0,0.0,0.0,0.0,0.0,0.0,0.0,0.0,0.0,0.0,0.0,0.0,0.0,0.0,0.0,0.0,0.0,0.0,0.0,0.0,0.0,0.0,0.0,0.0,0.0,0.0,0.0,0.0,0.0,0.0,0.0,0.0,0.0,0.0,0.0,0.0,0.0,0.0,0.0,0.0,0.0,0.0,0.0,0.0,0.0,0.0,0.0,0.0,0.0,0.0,0.0,0.0,0.0,0.0,0.0,0.0,0.0,0.0,0.0,0.0,0.0,0.0
2017-05-26 08:14:00+02:00,0.0,0.0,0.0,0.0,0.0,0.0,0.0,0.0,0.0,0.0,0.0,0.0,0.0,0.0,0.0,0.0,0.0,0.0,0.0,0.0,0.0,0.0,0.0,0.0,0.0,0.0,0.0,0.0,0.0,0.0,0.0,0.0,0.0,0.0,0.0,0.0,0.0,0.0,0.0,0.0,0.0,0.0,0.0,0.0,0.0,0.0,0.0,0.0,0.0,0.0,0.0,0.0,0.0,0.0,0.0,0.0,0.0,0.0,0.0,0.0,0.0,0.0,0.0,0.0,0.0,0.0,0.0,0.0,0.0,0.0,0.0,0.0,0.0,0.0,0.0,0.0,0.0,0.0,0.0,0.0,0.0,0.0,0.0,0.0,0.0,0.0,0.0,0.0,0.0,0.0,0.0,0.0,0.0,0.0,0.0,0.0,0.0,0.0,0.0,0.0,0.0,0.0,0.0,0.0,0.0,0.0,0.0,0.0,0.0,0.0,0.0,0.0,0.0,0.0,0.0,0.0,0.0,0.0
2017-05-26 08:15:00+02:00,0.0,0.0,0.0,0.0,0.0,0.0,0.0,0.0,0.0,0.0,0.0,0.0,0.0,0.0,0.0,0.0,0.0,0.0,0.0,0.0,0.0,0.0,0.0,0.0,0.0,0.0,0.0,0.0,0.0,0.0,0.0,0.0,0.0,0.0,0.0,0.0,0.0,0.0,0.0,0.0,0.0,0.0,0.0,0.0,0.0,0.0,0.0,0.0,0.0,0.0,0.0,0.0,0.0,0.0,0.0,0.0,0.0,0.0,0.0,0.0,0.0,0.0,0.0,0.0,0.0,0.0,0.0,0.0,0.0,0.0,0.0,0.0,0.0,0.0,0.0,0.0,0.0,0.0,0.0,0.0,0.0,0.0,0.0,0.0,0.0,0.0,0.0,0.0,0.0,0.0,0.0,0.0,0.0,0.0,0.0,0.0,0.0,0.0,0.0,0.0,0.0,0.0,0.0,0.0,0.0,0.0,0.0,0.0,0.0,0.0,0.0,0.0,0.0,0.0,0.0,0.0,0.0,0.0
2017-05-26 08:16:00+02:00,0.0,0.0,0.0,0.0,0.0,0.0,0.0,0.0,0.0,0.0,0.0,0.0,0.0,0.0,0.0,0.0,0.0,0.0,0.0,0.0,0.0,0.0,0.0,0.0,0.0,0.0,0.0,0.0,0.0,0.0,0.0,0.0,0.0,0.0,0.0,0.0,0.0,0.0,0.0,0.0,0.0,0.0,0.0,0.0,0.0,0.0,0.0,0.0,0.0,0.0,0.0,0.0,0.0,0.0,0.0,0.0,0.0,0.0,0.0,0.0,0.0,0.0,0.0,0.0,0.0,0.0,0.0,0.0,0.0,0.0,0.0,0.0,0.0,0.0,0.0,0.0,0.0,0.0,0.0,0.0,0.0,0.0,0.0,0.0,0.0,0.0,0.0,0.0,0.0,0.0,0.0,0.0,0.0,0.0,0.0,0.0,0.0,0.0,0.0,0.0,0.0,0.0,0.0,0.0,0.0,0.0,0.0,0.0,0.0,0.0,0.0,0.0,0.0,0.0,0.0,0.0,0.0,0.0
2017-05-26 08:17:00+02:00,0.0,0.0,0.0,0.0,0.0,0.0,0.0,0.0,0.0,0.0,0.0,0.0,0.0,0.0,0.0,0.0,0.0,0.0,0.0,0.0,0.0,0.0,0.0,0.0,0.0,0.0,0.0,0.0,0.0,0.0,0.0,0.0,0.0,0.0,0.0,0.0,0.0,0.0,0.0,0.0,0.0,0.0,0.0,0.0,0.0,0.0,0.0,0.0,0.0,0.0,0.0,0.0,0.0,0.0,0.0,0.0,0.0,0.0,0.0,0.0,0.0,0.0,0.0,0.0,0.0,0.0,0.0,0.0,0.0,0.0,0.0,0.0,0.0,0.0,0.0,0.0,0.0,0.0,0.0,0.0,0.0,0.0,0.0,0.0,0.0,0.0,0.0,0.0,0.0,0.0,0.0,0.0,0.0,0.0,0.0,0.0,0.0,0.0,0.0,0.0,0.0,0.0,0.0,0.0,0.0,0.0,0.0,0.0,0.0,0.0,0.0,0.0,0.0,0.0,0.0,0.0,0.0,0.0
2017-05-26 08:18:00+02:00,0.0,0.0,0.0,0.0,0.0,0.0,0.0,0.0,0.0,0.0,0.0,0.0,0.0,0.0,0.0,0.0,0.0,0.0,0.0,0.0,0.0,0.0,0.0,0.0,0.0,0.0,0.0,0.0,0.0,0.0,0.0,0.0,0.0,0.0,0.0,0.0,0.0,0.0,0.0,0.0,0.0,0.0,0.0,0.0,0.0,0.0,0.0,0.0,0.0,0.0,0.0,0.0,0.0,0.0,0.0,0.0,0.0,0.0,0.0,0.0,0.0,0.0,0.0,0.0,0.0,0.0,0.0,0.0,0.0,0.0,0.0,0.0,0.0,0.0,0.0,0.0,0.0,0.0,0.0,0.0,0.0,0.0,0.0,0.0,0.0,0.0,0.0,0.0,0.0,0.0,0.0,0.0,0.0,0.0,0.0,0.0,0.0,0.0,0.0,0.0,0.0,0.0,0.0,0.0,0.0,0.0,0.0,0.0,0.0,0.0,0.0,0.0,0.0,0.0,0.0,0.0,0.0,0.0
2017-05-26 08:19:00+02:00,0.0,0.0,0.0,0.0,0.0,0.0,0.0,0.0,0.0,0.0,0.0,0.0,0.0,0.0,0.0,0.0,0.0,0.0,0.0,0.0,0.0,0.0,0.0,0.0,0.0,0.0,0.0,0.0,0.0,0.0,0.0,0.0,0.0,0.0,0.0,0.0,0.0,0.0,0.0,0.0,0.0,0.0,0.0,0.0,0.0,0.0,0.0,0.0,0.0,0.0,0.0,0.0,0.0,0.0,0.0,0.0,0.0,0.0,0.0,0.0,0.0,0.0,0.0,0.0,0.0,0.0,0.0,0.0,0.0,0.0,0.0,0.0,0.0,0.0,0.0,0.0,0.0,0.0,0.0,0.0,0.0,0.0,0.0,0.0,0.0,0.0,0.0,0.0,0.0,0.0,0.0,0.0,0.0,0.0,0.0,0.0,0.0,0.0,0.0,0.0,0.0,0.0,0.0,0.0,0.0,0.0,0.0,0.0,0.0,0.0,0.0,0.0,0.0,0.0,0.0,0.0,0.0,0.0
2017-05-26 08:20:00+02:00,0.0,0.0,0.0,0.0,0.0,0.0,0.0,0.0,0.0,0.0,0.0,0.0,0.0,0.0,0.0,0.0,0.0,0.0,0.0,0.0,0.0,0.0,0.0,0.0,0.0,0.0,0.0,0.0,0.0,0.0,0.0,0.0,0.0,0.0,0.0,0.0,0.0,0.0,0.0,0.0,0.0,0.0,0.0,0.0,0.0,0.0,0.0,0.0,0.0,0.0,0.0,0.0,0.0,0.0,0.0,0.0,0.0,0.0,0.0,0.0,0.0,0.0,0.0,0.0,0.0,0.0,0.0,0.0,0.0,0.0,0.0,0.0,0.0,0.0,0.0,0.0,0.0,0.0,0.0,0.0,0.0,0.0,0.0,0.0,0.0,0.0,0.0,0.0,0.0,0.0,0.0,0.0,0.0,0.0,0.0,0.0,0.0,0.0,0.0,0.0,0.0,0.0,0.0,0.0,0.0,0.0,0.0,0.0,0.0,0.0,0.0,0.0,0.0,0.0,0.0,0.0,0.0,0.0
2017-05-26 08:21:00+02:00,0.0,0.0,0.0,0.0,0.0,0.0,0.0,0.0,0.0,0.0,0.0,0.0,0.0,0.0,0.0,0.0,0.0,0.0,0.0,0.0,0.0,0.0,0.0,0.0,0.0,0.0,0.0,0.0,0.0,0.0,0.0,0.0,0.0,0.0,0.0,0.0,0.0,0.0,0.0,0.0,0.0,0.0,0.0,0.0,0.0,0.0,0.0,0.0,0.0,0.0,0.0,0.0,0.0,0.0,0.0,0.0,0.0,0.0,0.0,0.0,0.0,0.0,0.0,0.0,0.0,0.0,0.0,0.0,0.0,0.0,0.0,0.0,0.0,0.0,0.0,0.0,0.0,0.0,0.0,0.0,0.0,0.0,0.0,0.0,0.0,0.0,0.0,0.0,0.0,0.0,0.0,0.0,0.0,0.0,0.0,0.0,0.0,0.0,0.0,0.0,0.0,0.0,0.0,0.0,0.0,0.0,0.0,0.0,0.0,0.0,0.0,0.0,0.0,0.0,0.0,0.0,0.0,0.0
2017-05-26 08:22:00+02:00,0.0,0.0,0.0,0.0,0.0,0.0,0.0,0.0,0.0,0.0,0.0,0.0,0.0,0.0,0.0,0.0,0.0,0.0,0.0,0.0,0.0,0.0,0.0,0.0,0.0,0.0,0.0,0.0,0.0,0.0,0.0,0.0,0.0,0.0,0.0,0.0,0.0,0.0,0.0,0.0,0.0,0.0,0.0,0.0,0.0,0.0,0.0,0.0,0.0,0.0,0.0,0.0,0.0,0.0,0.0,0.0,0.0,0.0,0.0,0.0,0.0,0.0,0.0,0.0,0.0,0.0,0.0,0.0,0.0,0.0,0.0,0.0,0.0,0.0,0.0,0.0,0.0,0.0,0.0,0.0,0.0,0.0,0.0,0.0,0.0,0.0,0.0,0.0,0.0,0.0,0.0,0.0,0.0,0.0,0.0,0.0,0.0,0.0,0.0,0.0,0.0,0.0,0.0,0.0,0.0,0.0,0.0,0.0,0.0,0.0,0.0,0.0,0.0,0.0,0.0,0.0,0.0,0.0
2017-05-26 08:23:00+02:00,0.0,0.0,0.0,0.0,0.0,0.0,0.0,0.0,0.0,0.0,0.0,0.0,0.0,0.0,0.0,0.0,0.0,0.0,0.0,0.0,0.0,0.0,0.0,0.0,0.0,0.0,0.0,0.0,0.0,0.0,0.0,0.0,0.0,0.0,0.0,0.0,0.0,0.0,0.0,0.0,0.0,0.0,0.0,0.0,0.0,0.0,0.0,0.0,0.0,0.0,0.0,0.0,0.0,0.0,0.0,0.0,0.0,0.0,0.0,0.0,0.0,0.0,0.0,0.0,0.0,0.0,0.0,0.0,0.0,0.0,0.0,0.0,0.0,0.0,0.0,0.0,0.0,0.0,0.0,0.0,0.0,0.0,0.0,0.0,0.0,0.0,0.0,0.0,0.0,0.0,0.0,0.0,0.0,0.0,0.0,0.0,0.0,0.0,0.0,0.0,0.0,0.0,0.0,0.0,0.0,0.0,0.0,0.0,0.0,0.0,0.0,0.0,0.0,0.0,0.0,0.0,0.0,0.0
2017-05-26 08:24:00+02:00,0.0,0.0,0.0,0.0,0.0,0.0,0.0,0.0,0.0,0.0,0.0,0.0,0.0,0.0,0.0,0.0,0.0,0.0,0.0,0.0,0.0,0.0,0.0,0.0,0.0,0.0,0.0,0.0,0.0,0.0,0.0,0.0,0.0,0.0,0.0,0.0,0.0,0.0,0.0,0.0,0.0,0.0,0.0,0.0,0.0,0.0,0.0,0.0,0.0,0.0,0.0,0.0,0.0,0.0,0.0,0.0,0.0,0.0,0.0,0.0,0.0,0.0,0.0,0.0,0.0,0.0,0.0,0.0,0.0,0.0,0.0,0.0,0.0,0.0,0.0,0.0,0.0,0.0,0.0,0.0,0.0,0.0,0.0,0.0,0.0,0.0,0.0,0.0,0.0,0.0,0.0,0.0,0.0,0.0,0.0,0.0,0.0,0.0,0.0,0.0,0.0,0.0,0.0,0.0,0.0,0.0,0.0,0.0,0.0,0.0,0.0,0.0,0.0,0.0,0.0,0.0,0.0,0.0
2017-05-26 08:25:00+02:00,0.0,0.0,0.0,0.0,0.0,0.0,0.0,0.0,0.0,0.0,0.0,0.0,0.0,0.0,0.0,0.0,0.0,0.0,0.0,0.0,0.0,0.0,0.0,0.0,0.0,0.0,0.0,0.0,0.0,0.0,0.0,0.0,0.0,0.0,0.0,0.0,0.0,0.0,0.0,0.0,0.0,0.0,0.0,0.0,0.0,0.0,0.0,0.0,0.0,0.0,0.0,0.0,0.0,0.0,0.0,0.0,0.0,0.0,0.0,0.0,0.0,0.0,0.0,0.0,0.0,0.0,0.0,0.0,0.0,0.0,0.0,0.0,0.0,0.0,0.0,0.0,0.0,0.0,0.0,0.0,0.0,0.0,0.0,0.0,0.0,0.0,0.0,0.0,0.0,0.0,0.0,0.0,0.0,0.0,0.0,0.0,0.0,0.0,0.0,0.0,0.0,0.0,0.0,0.0,0.0,0.0,0.0,0.0,0.0,0.0,0.0,0.0,0.0,0.0,0.0,0.0,0.0,0.0
2017-05-26 08:26:00+02:00,0.0,0.0,0.0,0.0,0.0,0.0,0.0,0.0,0.0,0.0,0.0,0.0,0.0,0.0,0.0,0.0,0.0,0.0,0.0,0.0,0.0,0.0,0.0,0.0,0.0,0.0,0.0,0.0,0.0,0.0,0.0,0.0,0.0,0.0,0.0,0.0,0.0,0.0,0.0,0.0,0.0,0.0,0.0,0.0,0.0,0.0,0.0,0.0,0.0,0.0,0.0,0.0,0.0,0.0,0.0,0.0,0.0,0.0,0.0,0.0,0.0,0.0,0.0,0.0,0.0,0.0,0.0,0.0,0.0,0.0,0.0,0.0,0.0,0.0,0.0,0.0,0.0,0.0,0.0,0.0,0.0,0.0,0.0,0.0,0.0,0.0,0.0,0.0,0.0,0.0,0.0,0.0,0.0,0.0,0.0,0.0,0.0,0.0,0.0,0.0,0.0,0.0,0.0,0.0,0.0,0.0,0.0,0.0,0.0,0.0,0.0,0.0,0.0,0.0,0.0,0.0,0.0,0.0
2017-05-26 08:27:00+02:00,0.0,0.0,0.0,0.0,0.0,0.0,0.0,0.0,0.0,0.0,0.0,0.0,0.0,0.0,0.0,0.0,0.0,0.0,0.0,0.0,0.0,0.0,0.0,0.0,0.0,0.0,0.0,0.0,0.0,0.0,0.0,0.0,0.0,0.0,0.0,0.0,0.0,0.0,0.0,0.0,0.0,0.0,0.0,0.0,0.0,0.0,0.0,0.0,0.0,0.0,0.0,0.0,0.0,0.0,0.0,0.0,0.0,0.0,0.0,0.0,0.0,0.0,0.0,0.0,0.0,0.0,0.0,0.0,0.0,0.0,0.0,0.0,0.0,0.0,0.0,0.0,0.0,0.0,0.0,0.0,0.0,0.0,0.0,0.0,0.0,0.0,0.0,0.0,0.0,0.0,0.0,0.0,0.0,0.0,0.0,0.0,0.0,0.0,0.0,0.0,0.0,0.0,0.0,0.0,0.0,0.0,0.0,0.0,0.0,0.0,0.0,0.0,0.0,0.0,0.0,0.0,0.0,0.0
2017-05-26 08:28:00+02:00,0.0,0.0,0.0,0.0,0.0,0.0,0.0,0.0,0.0,0.0,0.0,0.0,0.0,0.0,0.0,0.0,0.0,0.0,0.0,0.0,0.0,0.0,0.0,0.0,0.0,0.0,0.0,0.0,0.0,0.0,0.0,0.0,0.0,0.0,0.0,0.0,0.0,0.0,0.0,0.0,0.0,0.0,0.0,0.0,0.0,0.0,0.0,0.0,0.0,0.0,0.0,0.0,0.0,0.0,0.0,0.0,0.0,0.0,0.0,0.0,0.0,0.0,0.0,0.0,0.0,0.0,0.0,0.0,0.0,0.0,0.0,0.0,0.0,0.0,0.0,0.0,0.0,0.0,0.0,0.0,0.0,0.0,0.0,0.0,0.0,0.0,0.0,0.0,0.0,0.0,0.0,0.0,0.0,0.0,0.0,0.0,0.0,0.0,0.0,0.0,0.0,0.0,0.0,0.0,0.0,0.0,0.0,0.0,0.0,0.0,0.0,0.0,0.0,0.0,0.0,0.0,0.0,0.0
2017-05-26 08:29:00+02:00,0.0,0.0,0.0,0.0,0.0,0.0,0.0,0.0,0.0,0.0,0.0,0.0,0.0,0.0,0.0,0.0,0.0,0.0,0.0,0.0,0.0,0.0,0.0,0.0,0.0,0.0,0.0,0.0,0.0,0.0,0.0,0.0,0.0,0.0,0.0,0.0,0.0,0.0,0.0,0.0,0.0,0.0,0.0,0.0,0.0,0.0,0.0,0.0,0.0,0.0,0.0,0.0,0.0,0.0,0.0,0.0,0.0,0.0,0.0,0.0,0.0,0.0,0.0,0.0,0.0,0.0,0.0,0.0,0.0,0.0,0.0,0.0,0.0,0.0,0.0,0.0,0.0,0.0,0.0,0.0,0.0,0.0,0.0,0.0,0.0,0.0,0.0,0.0,0.0,0.0,0.0,0.0,0.0,0.0,0.0,0.0,0.0,0.0,0.0,0.0,0.0,0.0,0.0,0.0,0.0,0.0,0.0,0.0,0.0,0.0,0.0,0.0,0.0,0.0,0.0,0.0,0.0,0.0
2017-05-26 08:30:00+02:00,0.0,0.0,0.0,0.0,0.0,0.0,0.0,0.0,0.0,0.0,0.0,0.0,0.0,0.0,0.0,0.0,0.0,0.0,0.0,0.0,0.0,0.0,0.0,0.0,0.0,0.0,0.0,0.0,0.0,0.0,0.0,0.0,0.0,0.0,0.0,0.0,0.0,0.0,0.0,0.0,0.0,0.0,0.0,0.0,0.0,0.0,0.0,0.0,0.0,0.0,0.0,0.0,0.0,0.0,0.0,0.0,0.0,0.0,0.0,0.0,0.0,0.0,0.0,0.0,0.0,0.0,0.0,0.0,0.0,0.0,0.0,0.0,0.0,0.0,0.0,0.0,0.0,0.0,0.0,0.0,0.0,0.0,0.0,0.0,0.0,0.0,0.0,0.0,0.0,0.0,0.0,0.0,0.0,0.0,0.0,0.0,0.0,0.0,0.0,0.0,0.0,0.0,0.0,0.0,0.0,0.0,0.0,0.0,0.0,0.0,0.0,0.0,0.0,0.0,0.0,0.0,0.0,0.0
2017-05-26 08:31:00+02:00,0.0,0.0,0.0,0.0,0.0,0.0,0.0,0.0,0.0,0.0,0.0,0.0,0.0,0.0,0.0,0.0,0.0,0.0,0.0,0.0,0.0,0.0,0.0,0.0,0.0,0.0,0.0,0.0,0.0,0.0,0.0,0.0,0.0,0.0,0.0,0.0,0.0,0.0,0.0,0.0,0.0,0.0,0.0,0.0,0.0,0.0,0.0,0.0,0.0,0.0,0.0,0.0,0.0,0.0,0.0,0.0,0.0,0.0,0.0,0.0,0.0,0.0,0.0,0.0,0.0,0.0,0.0,0.0,0.0,0.0,0.0,0.0,0.0,0.0,0.0,0.0,0.0,0.0,0.0,0.0,0.0,0.0,0.0,0.0,0.0,0.0,0.0,0.0,0.0,0.0,0.0,0.0,0.0,0.0,0.0,0.0,0.0,0.0,0.0,0.0,0.0,0.0,0.0,0.0,0.0,0.0,0.0,0.0,0.0,0.0,0.0,0.0,0.0,0.0,0.0,0.0,0.0,0.0
2017-05-26 08:32:00+02:00,0.0,0.0,0.0,0.0,0.0,0.0,0.0,0.0,0.0,0.0,0.0,0.0,0.0,0.0,0.0,0.0,0.0,0.0,0.0,0.0,0.0,0.0,0.0,0.0,0.0,0.0,0.0,0.0,0.0,0.0,0.0,0.0,0.0,0.0,0.0,0.0,0.0,0.0,0.0,0.0,0.0,0.0,0.0,0.0,0.0,0.0,0.0,0.0,0.0,0.0,0.0,0.0,0.0,0.0,0.0,0.0,0.0,0.0,0.0,0.0,0.0,0.0,0.0,0.0,0.0,0.0,0.0,0.0,0.0,0.0,0.0,0.0,0.0,0.0,0.0,0.0,0.0,0.0,0.0,0.0,0.0,0.0,0.0,0.0,0.0,0.0,0.0,0.0,0.0,0.0,0.0,0.0,0.0,0.0,0.0,0.0,0.0,0.0,0.0,0.0,0.0,0.0,0.0,0.0,0.0,0.0,0.0,0.0,0.0,0.0,0.0,0.0,0.0,0.0,0.0,0.0,0.0,0.0
2017-05-26 08:33:00+02:00,0.0,0.0,0.0,0.0,0.0,0.0,0.0,0.0,0.0,0.0,0.0,0.0,0.0,0.0,0.0,0.0,0.0,0.0,0.0,0.0,0.0,0.0,0.0,0.0,0.0,0.0,0.0,0.0,0.0,0.0,0.0,0.0,0.0,0.0,0.0,0.0,0.0,0.0,0.0,0.0,0.0,0.0,0.0,0.0,0.0,0.0,0.0,0.0,0.0,0.0,0.0,0.0,0.0,0.0,0.0,0.0,0.0,0.0,0.0,0.0,0.0,0.0,0.0,0.0,0.0,0.0,0.0,0.0,0.0,0.0,0.0,0.0,0.0,0.0,0.0,0.0,0.0,0.0,0.0,0.0,0.0,0.0,0.0,0.0,0.0,0.0,0.0,0.0,0.0,0.0,0.0,0.0,0.0,0.0,0.0,0.0,0.0,0.0,0.0,0.0,0.0,0.0,0.0,0.0,0.0,0.0,0.0,0.0,0.0,0.0,0.0,0.0,0.0,0.0,0.0,0.0,0.0,0.0
2017-05-26 08:34:00+02:00,0.0,0.0,0.0,0.0,0.0,0.0,0.0,0.0,0.0,0.0,0.0,0.0,0.0,0.0,0.0,0.0,0.0,0.0,0.0,0.0,0.0,0.0,0.0,0.0,0.0,0.0,0.0,0.0,0.0,0.0,0.0,0.0,0.0,0.0,0.0,0.0,0.0,0.0,0.0,0.0,0.0,0.0,0.0,0.0,0.0,0.0,0.0,0.0,0.0,0.0,0.0,0.0,0.0,0.0,0.0,0.0,0.0,0.0,0.0,0.0,0.0,0.0,0.0,0.0,0.0,0.0,0.0,0.0,0.0,0.0,0.0,0.0,0.0,0.0,0.0,0.0,0.0,0.0,0.0,0.0,0.0,0.0,0.0,0.0,0.0,0.0,0.0,0.0,0.0,0.0,0.0,0.0,0.0,0.0,0.0,0.0,0.0,0.0,0.0,0.0,0.0,0.0,0.0,0.0,0.0,0.0,0.0,0.0,0.0,0.0,0.0,0.0,0.0,0.0,0.0,0.0,0.0,0.0
2017-05-26 08:35:00+02:00,0.0,0.0,0.0,0.0,0.0,0.0,0.0,0.0,0.0,0.0,0.0,0.0,0.0,0.0,0.0,0.0,0.0,0.0,0.0,0.0,0.0,0.0,0.0,0.0,0.0,0.0,0.0,0.0,0.0,0.0,0.0,0.0,0.0,0.0,0.0,0.0,0.0,0.0,0.0,0.0,0.0,0.0,0.0,0.0,0.0,0.0,0.0,0.0,0.0,0.0,0.0,0.0,0.0,0.0,0.0,0.0,0.0,0.0,0.0,0.0,0.0,0.0,0.0,0.0,0.0,0.0,0.0,0.0,0.0,0.0,0.0,0.0,0.0,0.0,0.0,0.0,0.0,0.0,0.0,0.0,0.0,0.0,0.0,0.0,0.0,0.0,0.0,0.0,0.0,0.0,0.0,0.0,0.0,0.0,0.0,0.0,0.0,0.0,0.0,0.0,0.0,0.0,0.0,0.0,0.0,0.0,0.0,0.0,0.0,0.0,0.0,0.0,0.0,0.0,0.0,0.0,0.0,0.0
2017-05-26 08:36:00+02:00,0.0,0.0,0.0,0.0,0.0,0.0,0.0,0.0,0.0,0.0,0.0,0.0,0.0,0.0,0.0,0.0,0.0,0.0,0.0,0.0,0.0,0.0,0.0,0.0,0.0,0.0,0.0,0.0,0.0,0.0,0.0,0.0,0.0,0.0,0.0,0.0,0.0,0.0,0.0,0.0,0.0,0.0,0.0,0.0,0.0,0.0,0.0,0.0,0.0,0.0,0.0,0.0,0.0,0.0,0.0,0.0,0.0,0.0,0.0,0.0,0.0,0.0,0.0,0.0,0.0,0.0,0.0,0.0,0.0,0.0,0.0,0.0,0.0,0.0,0.0,0.0,0.0,0.0,0.0,0.0,0.0,0.0,0.0,0.0,0.0,0.0,0.0,0.0,0.0,0.0,0.0,0.0,0.0,0.0,0.0,0.0,0.0,0.0,0.0,0.0,0.0,0.0,0.0,0.0,0.0,0.0,0.0,0.0,0.0,0.0,0.0,0.0,0.0,0.0,0.0,0.0,0.0,0.0
2017-05-26 08:37:00+02:00,0.0,0.0,0.0,0.0,0.0,0.0,0.0,0.0,0.0,0.0,0.0,0.0,0.0,0.0,0.0,0.0,0.0,0.0,0.0,0.0,0.0,0.0,0.0,0.0,0.0,0.0,0.0,0.0,0.0,0.0,0.0,0.0,0.0,0.0,0.0,0.0,0.0,0.0,0.0,0.0,0.0,0.0,0.0,0.0,0.0,0.0,0.0,0.0,0.0,0.0,0.0,0.0,0.0,0.0,0.0,0.0,0.0,0.0,0.0,0.0,0.0,0.0,0.0,0.0,0.0,0.0,0.0,0.0,0.0,0.0,0.0,0.0,0.0,0.0,0.0,0.0,0.0,0.0,0.0,0.0,0.0,0.0,0.0,0.0,0.0,0.0,0.0,0.0,0.0,0.0,0.0,0.0,0.0,0.0,0.0,0.0,0.0,0.0,0.0,0.0,0.0,0.0,0.0,0.0,0.0,0.0,0.0,0.0,0.0,0.0,0.0,0.0,0.0,0.0,0.0,0.0,0.0,0.0
2017-05-26 08:38:00+02:00,0.0,0.0,0.0,0.0,0.0,0.0,0.0,0.0,0.0,0.0,0.0,0.0,0.0,0.0,0.0,0.0,0.0,0.0,0.0,0.0,0.0,0.0,0.0,0.0,0.0,0.0,0.0,0.0,0.0,0.0,0.0,0.0,0.0,0.0,0.0,0.0,0.0,0.0,0.0,0.0,0.0,0.0,0.0,0.0,0.0,0.0,0.0,0.0,0.0,0.0,0.0,0.0,0.0,0.0,0.0,0.0,0.0,0.0,0.0,0.0,0.0,0.0,0.0,0.0,0.0,0.0,0.0,0.0,0.0,0.0,0.0,0.0,0.0,0.0,0.0,0.0,0.0,0.0,0.0,0.0,0.0,0.0,0.0,0.0,0.0,0.0,0.0,0.0,0.0,0.0,0.0,0.0,0.0,0.0,0.0,0.0,0.0,0.0,0.0,0.0,0.0,0.0,0.0,0.0,0.0,0.0,0.0,0.0,0.0,0.0,0.0,0.0,0.0,0.0,0.0,0.0,0.0,0.0
2017-05-26 08:39:00+02:00,0.0,0.0,0.0,0.0,0.0,0.0,0.0,0.0,0.0,0.0,0.0,0.0,0.0,0.0,0.0,0.0,0.0,0.0,0.0,0.0,0.0,0.0,0.0,0.0,0.0,0.0,0.0,0.0,0.0,0.0,0.0,0.0,0.0,0.0,0.0,0.0,0.0,0.0,0.0,0.0,0.0,0.0,0.0,0.0,0.0,0.0,0.0,0.0,0.0,0.0,0.0,0.0,0.0,0.0,0.0,0.0,0.0,0.0,0.0,0.0,0.0,0.0,0.0,0.0,0.0,0.0,0.0,0.0,0.0,0.0,0.0,0.0,0.0,0.0,0.0,0.0,0.0,0.0,0.0,0.0,0.0,0.0,0.0,0.0,0.0,0.0,0.0,0.0,0.0,0.0,0.0,0.0,0.0,0.0,0.0,0.0,0.0,0.0,0.0,0.0,0.0,0.0,0.0,0.0,0.0,0.0,0.0,0.0,0.0,0.0,0.0,0.0,0.0,0.0,0.0,0.0,0.0,0.0
2017-05-26 08:40:00+02:00,0.0,0.0,0.0,0.0,0.0,0.0,0.0,0.0,0.0,0.0,0.0,0.0,0.0,0.0,0.0,0.0,0.0,0.0,0.0,0.0,0.0,0.0,0.0,0.0,0.0,0.0,0.0,0.0,0.0,0.0,0.0,0.0,0.0,0.0,0.0,0.0,0.0,0.0,0.0,0.0,0.0,0.0,0.0,0.0,0.0,0.0,0.0,0.0,0.0,0.0,0.0,0.0,0.0,0.0,0.0,0.0,0.0,0.0,0.0,0.0,0.0,0.0,0.0,0.0,0.0,0.0,0.0,0.0,0.0,0.0,0.0,0.0,0.0,0.0,0.0,0.0,0.0,0.0,0.0,0.0,0.0,0.0,0.0,0.0,0.0,0.0,0.0,0.0,0.0,0.0,0.0,0.0,0.0,0.0,0.0,0.0,0.0,0.0,0.0,0.0,0.0,0.0,0.0,0.0,0.0,0.0,0.0,0.0,0.0,0.0,0.0,0.0,0.0,0.0,0.0,0.0,0.0,0.0
2017-05-26 08:41:00+02:00,0.0,0.0,0.0,0.0,0.0,0.0,0.0,0.0,0.0,0.0,0.0,0.0,0.0,0.0,0.0,0.0,0.0,0.0,0.0,0.0,0.0,0.0,0.0,0.0,0.0,0.0,0.0,0.0,0.0,0.0,0.0,0.0,0.0,0.0,0.0,0.0,0.0,0.0,0.0,0.0,0.0,0.0,0.0,0.0,0.0,0.0,0.0,0.0,0.0,0.0,0.0,0.0,0.0,0.0,0.0,0.0,0.0,0.0,0.0,0.0,0.0,0.0,0.0,0.0,0.0,0.0,0.0,0.0,0.0,0.0,0.0,0.0,0.0,0.0,0.0,0.0,0.0,0.0,0.0,0.0,0.0,0.0,0.0,0.0,0.0,0.0,0.0,0.0,0.0,0.0,0.0,0.0,0.0,0.0,0.0,0.0,0.0,0.0,0.0,0.0,0.0,0.0,0.0,0.0,0.0,0.0,0.0,0.0,0.0,0.0,0.0,0.0,0.0,0.0,0.0,0.0,0.0,0.0
2017-05-26 08:42:00+02:00,0.0,0.0,0.0,0.0,0.0,0.0,0.0,0.0,0.0,0.0,0.0,0.0,0.0,0.0,0.0,0.0,0.0,0.0,0.0,0.0,0.0,0.0,0.0,0.0,0.0,0.0,0.0,0.0,0.0,0.0,0.0,0.0,0.0,0.0,0.0,0.0,0.0,0.0,0.0,0.0,0.0,0.0,0.0,0.0,0.0,0.0,0.0,0.0,0.0,0.0,0.0,0.0,0.0,0.0,0.0,0.0,0.0,0.0,0.0,0.0,0.0,0.0,0.0,0.0,0.0,0.0,0.0,0.0,0.0,0.0,0.0,0.0,0.0,0.0,0.0,0.0,0.0,0.0,0.0,0.0,0.0,0.0,0.0,0.0,0.0,0.0,0.0,0.0,0.0,0.0,0.0,0.0,0.0,0.0,0.0,0.0,0.0,0.0,0.0,0.0,0.0,0.0,0.0,0.0,0.0,0.0,0.0,0.0,0.0,0.0,0.0,0.0,0.0,0.0,0.0,0.0,0.0,0.0
2017-05-26 08:43:00+02:00,0.0,0.0,0.0,0.0,0.0,0.0,0.0,0.0,0.0,0.0,0.0,0.0,0.0,0.0,0.0,0.0,0.0,0.0,0.0,0.0,0.0,0.0,0.0,0.0,0.0,0.0,0.0,0.0,0.0,0.0,0.0,0.0,0.0,0.0,0.0,0.0,0.0,0.0,0.0,0.0,0.0,0.0,0.0,0.0,0.0,0.0,0.0,0.0,0.0,0.0,0.0,0.0,0.0,0.0,0.0,0.0,0.0,0.0,0.0,0.0,0.0,0.0,0.0,0.0,0.0,0.0,0.0,0.0,0.0,0.0,0.0,0.0,0.0,0.0,0.0,0.0,0.0,0.0,0.0,0.0,0.0,0.0,0.0,0.0,0.0,0.0,0.0,0.0,0.0,0.0,0.0,0.0,0.0,0.0,0.0,0.0,0.0,0.0,0.0,0.0,0.0,0.0,0.0,0.0,0.0,0.0,0.0,0.0,0.0,0.0,0.0,0.0,0.0,0.0,0.0,0.0,0.0,0.0
2017-05-26 08:44:00+02:00,0.0,0.0,0.0,0.0,0.0,0.0,0.0,0.0,0.0,0.0,0.0,0.0,0.0,0.0,0.0,0.0,0.0,0.0,0.0,0.0,0.0,0.0,0.0,0.0,0.0,0.0,0.0,0.0,0.0,0.0,0.0,0.0,0.0,0.0,0.0,0.0,0.0,0.0,0.0,0.0,0.0,0.0,0.0,0.0,0.0,0.0,0.0,0.0,0.0,0.0,0.0,0.0,0.0,0.0,0.0,0.0,0.0,0.0,0.0,0.0,0.0,0.0,0.0,0.0,0.0,0.0,0.0,0.0,0.0,0.0,0.0,0.0,0.0,0.0,0.0,0.0,0.0,0.0,0.0,0.0,0.0,0.0,0.0,0.0,0.0,0.0,0.0,0.0,0.0,0.0,0.0,0.0,0.0,0.0,0.0,0.0,0.0,0.0,0.0,0.0,0.0,0.0,0.0,0.0,0.0,0.0,0.0,0.0,0.0,0.0,0.0,0.0,0.0,0.0,0.0,0.0,0.0,0.0
2017-05-26 08:45:00+02:00,0.0,0.0,0.0,0.0,0.0,0.0,0.0,0.0,0.0,0.0,0.0,0.0,0.0,0.0,0.0,0.0,0.0,0.0,0.0,0.0,0.0,0.0,0.0,0.0,0.0,0.0,0.0,0.0,0.0,0.0,0.0,0.0,0.0,0.0,0.0,0.0,0.0,0.0,0.0,0.0,0.0,0.0,0.0,0.0,0.0,0.0,0.0,0.0,0.0,0.0,0.0,0.0,0.0,0.0,0.0,0.0,0.0,0.0,0.0,0.0,0.0,0.0,0.0,0.0,0.0,0.0,0.0,0.0,0.0,0.0,0.0,0.0,0.0,0.0,0.0,0.0,0.0,0.0,0.0,0.0,0.0,0.0,0.0,0.0,0.0,0.0,0.0,0.0,0.0,0.0,0.0,0.0,0.0,0.0,0.0,0.0,0.0,0.0,0.0,0.0,0.0,0.0,0.0,0.0,0.0,0.0,0.0,0.0,0.0,0.0,0.0,0.0,0.0,0.0,0.0,0.0,0.0,0.0
2017-05-26 08:46:00+02:00,0.0,0.0,0.0,0.0,0.0,0.0,0.0,0.0,0.0,0.0,0.0,0.0,0.0,0.0,0.0,0.0,0.0,0.0,0.0,0.0,0.0,0.0,0.0,0.0,0.0,0.0,0.0,0.0,0.0,0.0,0.0,0.0,0.0,0.0,0.0,0.0,0.0,0.0,0.0,0.0,0.0,0.0,0.0,0.0,0.0,0.0,0.0,0.0,0.0,0.0,0.0,0.0,0.0,0.0,0.0,0.0,0.0,0.0,0.0,0.0,0.0,0.0,0.0,0.0,0.0,0.0,0.0,0.0,0.0,0.0,0.0,0.0,0.0,0.0,0.0,0.0,0.0,0.0,0.0,0.0,0.0,0.0,0.0,0.0,0.0,0.0,0.0,0.0,0.0,0.0,0.0,0.0,0.0,0.0,0.0,0.0,0.0,0.0,0.0,0.0,0.0,0.0,0.0,0.0,0.0,0.0,0.0,0.0,0.0,0.0,0.0,0.0,0.0,0.0,0.0,0.0,0.0,0.0
2017-05-26 08:47:00+02:00,0.0,0.0,0.0,0.0,0.0,0.0,0.0,0.0,0.0,0.0,0.0,0.0,0.0,0.0,0.0,0.0,0.0,0.0,0.0,0.0,0.0,0.0,0.0,0.0,0.0,0.0,0.0,0.0,0.0,0.0,0.0,0.0,0.0,0.0,0.0,0.0,0.0,0.0,0.0,0.0,0.0,0.0,0.0,0.0,0.0,0.0,0.0,0.0,0.0,0.0,0.0,0.0,0.0,0.0,0.0,0.0,0.0,0.0,0.0,0.0,0.0,0.0,0.0,0.0,0.0,0.0,0.0,0.0,0.0,0.0,0.0,0.0,0.0,0.0,0.0,0.0,0.0,0.0,0.0,0.0,0.0,0.0,0.0,0.0,0.0,0.0,0.0,0.0,0.0,0.0,0.0,0.0,0.0,0.0,0.0,0.0,0.0,0.0,0.0,0.0,0.0,0.0,0.0,0.0,0.0,0.0,0.0,0.0,0.0,0.0,0.0,0.0,0.0,0.0,0.0,0.0,0.0,0.0
2017-05-26 08:48:00+02:00,0.0,0.0,0.0,0.0,0.0,0.0,0.0,0.0,0.0,0.0,0.0,0.0,0.0,0.0,0.0,0.0,0.0,0.0,0.0,0.0,0.0,0.0,0.0,0.0,0.0,0.0,0.0,0.0,0.0,0.0,0.0,0.0,0.0,0.0,0.0,0.0,0.0,0.0,0.0,0.0,0.0,0.0,0.0,0.0,0.0,0.0,0.0,0.0,0.0,0.0,0.0,0.0,0.0,0.0,0.0,0.0,0.0,0.0,0.0,0.0,0.0,0.0,0.0,0.0,0.0,0.0,0.0,0.0,0.0,0.0,0.0,0.0,0.0,0.0,0.0,0.0,0.0,0.0,0.0,0.0,0.0,0.0,0.0,0.0,0.0,0.0,0.0,0.0,0.0,0.0,0.0,0.0,0.0,0.0,0.0,0.0,0.0,0.0,0.0,0.0,0.0,0.0,0.0,0.0,0.0,0.0,0.0,0.0,0.0,0.0,0.0,0.0,0.0,0.0,0.0,0.0,0.0,0.0
2017-05-26 08:49:00+02:00,0.0,0.0,0.0,0.0,0.0,0.0,0.0,0.0,0.0,0.0,0.0,0.0,0.0,0.0,0.0,0.0,0.0,0.0,0.0,0.0,0.0,0.0,0.0,0.0,0.0,0.0,0.0,0.0,0.0,0.0,0.0,0.0,0.0,0.0,0.0,0.0,0.0,0.0,0.0,0.0,0.0,0.0,0.0,0.0,0.0,0.0,0.0,0.0,0.0,0.0,0.0,0.0,0.0,0.0,0.0,0.0,0.0,0.0,0.0,0.0,0.0,0.0,0.0,0.0,0.0,0.0,0.0,0.0,0.0,0.0,0.0,0.0,0.0,0.0,0.0,0.0,0.0,0.0,0.0,0.0,0.0,0.0,0.0,0.0,0.0,0.0,0.0,0.0,0.0,0.0,0.0,0.0,0.0,0.0,0.0,0.0,0.0,0.0,0.0,0.0,0.0,0.0,0.0,0.0,0.0,0.0,0.0,0.0,0.0,0.0,0.0,0.0,0.0,0.0,0.0,0.0,0.0,0.0
2017-05-26 08:50:00+02:00,0.0,0.0,0.0,0.0,0.0,0.0,0.0,0.0,0.0,0.0,0.0,0.0,0.0,0.0,0.0,0.0,0.0,0.0,0.0,0.0,0.0,0.0,0.0,0.0,0.0,0.0,0.0,0.0,0.0,0.0,0.0,0.0,0.0,0.0,0.0,0.0,0.0,0.0,0.0,0.0,0.0,0.0,0.0,0.0,0.0,0.0,0.0,0.0,0.0,0.0,0.0,0.0,0.0,0.0,0.0,0.0,0.0,0.0,0.0,0.0,0.0,0.0,0.0,0.0,0.0,0.0,0.0,0.0,0.0,0.0,0.0,0.0,0.0,0.0,0.0,0.0,0.0,0.0,0.0,0.0,0.0,0.0,0.0,0.0,0.0,0.0,0.0,0.0,0.0,0.0,0.0,0.0,0.0,0.0,0.0,0.0,0.0,0.0,0.0,0.0,0.0,0.0,0.0,0.0,0.0,0.0,0.0,0.0,0.0,0.0,0.0,0.0,0.0,0.0,0.0,0.0,0.0,0.0
2017-05-26 08:51:00+02:00,0.0,0.0,0.0,0.0,0.0,0.0,0.0,0.0,0.0,0.0,0.0,0.0,0.0,0.0,0.0,0.0,0.0,0.0,0.0,0.0,0.0,0.0,0.0,0.0,0.0,0.0,0.0,0.0,0.0,0.0,0.0,0.0,0.0,0.0,0.0,0.0,0.0,0.0,0.0,0.0,0.0,0.0,0.0,0.0,0.0,0.0,0.0,0.0,0.0,0.0,0.0,0.0,0.0,0.0,0.0,0.0,0.0,0.0,0.0,0.0,0.0,0.0,0.0,0.0,0.0,0.0,0.0,0.0,0.0,0.0,0.0,0.0,0.0,0.0,0.0,0.0,0.0,0.0,0.0,0.0,0.0,0.0,0.0,0.0,0.0,0.0,0.0,0.0,0.0,0.0,0.0,0.0,0.0,0.0,0.0,0.0,0.0,0.0,0.0,0.0,0.0,0.0,0.0,0.0,0.0,0.0,0.0,0.0,0.0,0.0,0.0,0.0,0.0,0.0,0.0,0.0,0.0,0.0
2017-05-26 08:52:00+02:00,0.0,0.0,0.0,0.0,0.0,0.0,0.0,0.0,0.0,0.0,0.0,0.0,0.0,0.0,0.0,0.0,0.0,0.0,0.0,0.0,0.0,0.0,0.0,0.0,0.0,0.0,0.0,0.0,0.0,0.0,0.0,0.0,0.0,0.0,0.0,0.0,0.0,0.0,0.0,0.0,0.0,0.0,0.0,0.0,0.0,0.0,0.0,0.0,0.0,0.0,0.0,0.0,0.0,0.0,0.0,0.0,0.0,0.0,0.0,0.0,0.0,0.0,0.0,0.0,0.0,0.0,0.0,0.0,0.0,0.0,0.0,0.0,0.0,0.0,0.0,0.0,0.0,0.0,0.0,0.0,0.0,0.0,0.0,0.0,0.0,0.0,0.0,0.0,0.0,0.0,0.0,0.0,0.0,0.0,0.0,0.0,0.0,0.0,0.0,0.0,0.0,0.0,0.0,0.0,0.0,0.0,0.0,0.0,0.0,0.0,0.0,0.0,0.0,0.0,0.0,0.0,0.0,0.0
2017-05-26 08:53:00+02:00,0.0,0.0,0.0,0.0,0.0,0.0,0.0,0.0,0.0,0.0,0.0,0.0,0.0,0.0,0.0,0.0,0.0,0.0,0.0,0.0,0.0,0.0,0.0,0.0,0.0,0.0,0.0,0.0,0.0,0.0,0.0,0.0,0.0,0.0,0.0,0.0,0.0,0.0,0.0,0.0,0.0,0.0,0.0,0.0,0.0,0.0,0.0,0.0,0.0,0.0,0.0,0.0,0.0,0.0,0.0,0.0,0.0,0.0,0.0,0.0,0.0,0.0,0.0,0.0,0.0,0.0,0.0,0.0,0.0,0.0,0.0,0.0,0.0,0.0,0.0,0.0,0.0,0.0,0.0,0.0,0.0,0.0,0.0,0.0,0.0,0.0,0.0,0.0,0.0,0.0,0.0,0.0,0.0,0.0,0.0,0.0,0.0,0.0,0.0,0.0,0.0,0.0,0.0,0.0,0.0,0.0,0.0,0.0,0.0,0.0,0.0,0.0,0.0,0.0,0.0,0.0,0.0,0.0
2017-05-26 08:54:00+02:00,0.0,0.0,0.0,0.0,0.0,0.0,0.0,0.0,0.0,0.0,0.0,0.0,0.0,0.0,0.0,0.0,0.0,0.0,0.0,0.0,0.0,0.0,0.0,0.0,0.0,0.0,0.0,0.0,0.0,0.0,0.0,0.0,0.0,0.0,0.0,0.0,0.0,0.0,0.0,0.0,0.0,0.0,0.0,0.0,0.0,0.0,0.0,0.0,0.0,0.0,0.0,0.0,0.0,0.0,0.0,0.0,0.0,0.0,0.0,0.0,0.0,0.0,0.0,0.0,0.0,0.0,0.0,0.0,0.0,0.0,0.0,0.0,0.0,0.0,0.0,0.0,0.0,0.0,0.0,0.0,0.0,0.0,0.0,0.0,0.0,0.0,0.0,0.0,0.0,0.0,0.0,0.0,0.0,0.0,0.0,0.0,0.0,0.0,0.0,0.0,0.0,0.0,0.0,0.0,0.0,0.0,0.0,0.0,0.0,0.0,0.0,0.0,0.0,0.0,0.0,0.0,0.0,0.0
2017-05-26 08:55:00+02:00,0.0,0.0,0.0,0.0,0.0,0.0,0.0,0.0,0.0,0.0,0.0,0.0,0.0,0.0,0.0,0.0,0.0,0.0,0.0,0.0,0.0,0.0,0.0,0.0,0.0,0.0,0.0,0.0,0.0,0.0,0.0,0.0,0.0,0.0,0.0,0.0,0.0,0.0,0.0,0.0,0.0,0.0,0.0,0.0,0.0,0.0,0.0,0.0,0.0,0.0,0.0,0.0,0.0,0.0,0.0,0.0,0.0,0.0,0.0,0.0,0.0,0.0,0.0,0.0,0.0,0.0,0.0,0.0,0.0,0.0,0.0,0.0,0.0,0.0,0.0,0.0,0.0,0.0,0.0,0.0,0.0,0.0,0.0,0.0,0.0,0.0,0.0,0.0,0.0,0.0,0.0,0.0,0.0,0.0,0.0,0.0,0.0,0.0,0.0,0.0,0.0,0.0,0.0,0.0,0.0,0.0,0.0,0.0,0.0,0.0,0.0,0.0,0.0,0.0,0.0,0.0,0.0,0.0
2017-05-26 08:56:00+02:00,0.0,0.0,0.0,0.0,0.0,0.0,0.0,0.0,0.0,0.0,0.0,0.0,0.0,0.0,0.0,0.0,0.0,0.0,0.0,0.0,0.0,0.0,0.0,0.0,0.0,0.0,0.0,0.0,0.0,0.0,0.0,0.0,0.0,0.0,0.0,0.0,0.0,0.0,0.0,0.0,0.0,0.0,0.0,0.0,0.0,0.0,0.0,0.0,0.0,0.0,0.0,0.0,0.0,0.0,0.0,0.0,0.0,0.0,0.0,0.0,0.0,0.0,0.0,0.0,0.0,0.0,0.0,0.0,0.0,0.0,0.0,0.0,0.0,0.0,0.0,0.0,0.0,0.0,0.0,0.0,0.0,0.0,0.0,0.0,0.0,0.0,0.0,0.0,0.0,0.0,0.0,0.0,0.0,0.0,0.0,0.0,0.0,0.0,0.0,0.0,0.0,0.0,0.0,0.0,0.0,0.0,0.0,0.0,0.0,0.0,0.0,0.0,0.0,0.0,0.0,0.0,0.0,0.0
2017-05-26 08:57:00+02:00,0.0,0.0,0.0,0.0,0.0,0.0,0.0,0.0,0.0,0.0,0.0,0.0,0.0,0.0,0.0,0.0,0.0,0.0,0.0,0.0,0.0,0.0,0.0,0.0,0.0,0.0,0.0,0.0,0.0,0.0,0.0,0.0,0.0,0.0,0.0,0.0,0.0,0.0,0.0,0.0,0.0,0.0,0.0,0.0,0.0,0.0,0.0,0.0,0.0,0.0,0.0,0.0,0.0,0.0,0.0,0.0,0.0,0.0,0.0,0.0,0.0,0.0,0.0,0.0,0.0,0.0,0.0,0.0,0.0,0.0,0.0,0.0,0.0,0.0,0.0,0.0,0.0,0.0,0.0,0.0,0.0,0.0,0.0,0.0,0.0,0.0,0.0,0.0,0.0,0.0,0.0,0.0,0.0,0.0,0.0,0.0,0.0,0.0,0.0,0.0,0.0,0.0,0.0,0.0,0.0,0.0,0.0,0.0,0.0,0.0,0.0,0.0,0.0,0.0,0.0,0.0,0.0,0.0
2017-05-26 08:58:00+02:00,0.0,0.0,0.0,0.0,0.0,0.0,0.0,0.0,0.0,0.0,0.0,0.0,0.0,0.0,0.0,0.0,0.0,0.0,0.0,0.0,0.0,0.0,0.0,0.0,0.0,0.0,0.0,0.0,0.0,0.0,0.0,0.0,0.0,0.0,0.0,0.0,0.0,0.0,0.0,0.0,0.0,0.0,0.0,0.0,0.0,0.0,0.0,0.0,0.0,0.0,0.0,0.0,0.0,0.0,0.0,0.0,0.0,0.0,0.0,0.0,0.0,0.0,0.0,0.0,0.0,0.0,0.0,0.0,0.0,0.0,0.0,0.0,0.0,0.0,0.0,0.0,0.0,0.0,0.0,0.0,0.0,0.0,0.0,0.0,0.0,0.0,0.0,0.0,0.0,0.0,0.0,0.0,0.0,0.0,0.0,0.0,0.0,0.0,0.0,0.0,0.0,0.0,0.0,0.0,0.0,0.0,0.0,0.0,0.0,0.0,0.0,0.0,0.0,0.0,0.0,0.0,0.0,0.0
2017-05-26 08:59:00+02:00,0.0,0.0,0.0,0.0,0.0,0.0,0.0,0.0,0.0,0.0,0.0,0.0,0.0,0.0,0.0,0.0,0.0,0.0,0.0,0.0,0.0,0.0,0.0,0.0,0.0,0.0,0.0,0.0,0.0,0.0,0.0,0.0,0.0,0.0,0.0,0.0,0.0,0.0,0.0,0.0,0.0,0.0,0.0,0.0,0.0,0.0,0.0,0.0,0.0,0.0,0.0,0.0,0.0,0.0,0.0,0.0,0.0,0.0,0.0,0.0,0.0,0.0,0.0,0.0,0.0,0.0,0.0,0.0,0.0,0.0,0.0,0.0,0.0,0.0,0.0,0.0,0.0,0.0,0.0,0.0,0.0,0.0,0.0,0.0,0.0,0.0,0.0,0.0,0.0,0.0,0.0,0.0,0.0,0.0,0.0,0.0,0.0,0.0,0.0,0.0,0.0,0.0,0.0,0.0,0.0,0.0,0.0,0.0,0.0,0.0,0.0,0.0,0.0,0.0,0.0,0.0,0.0,0.0
2017-05-26 09:00:00+02:00,0.0,0.0,0.0,0.0,0.0,0.0,0.0,0.0,0.0,0.0,0.0,0.0,0.0,0.0,0.0,0.0,0.0,0.0,0.0,0.0,0.0,0.0,0.0,0.0,0.0,0.0,0.0,0.0,0.0,0.0,0.0,0.0,0.0,0.0,0.0,0.0,0.0,0.0,0.0,0.0,0.0,0.0,0.0,0.0,0.0,0.0,0.0,0.0,0.0,0.0,0.0,0.0,0.0,0.0,0.0,0.0,0.0,0.0,0.0,0.0,0.0,0.0,0.0,0.0,0.0,0.0,0.0,0.0,0.0,0.0,0.0,0.0,0.0,0.0,0.0,0.0,0.0,0.0,0.0,0.0,0.0,0.0,0.0,0.0,0.0,0.0,0.0,0.0,0.0,0.0,0.0,0.0,0.0,0.0,0.0,0.0,0.0,0.0,0.0,0.0,0.0,0.0,0.0,0.0,0.0,0.0,0.0,0.0,0.0,0.0,0.0,0.0,0.0,0.0,0.0,0.0,0.0,0.0
2017-05-26 09:01:00+02:00,0.0,0.0,0.0,0.0,0.0,0.0,0.0,0.0,0.0,0.0,0.0,0.0,0.0,0.0,0.0,0.0,0.0,0.0,0.0,0.0,0.0,0.0,0.0,0.0,0.0,0.0,0.0,0.0,0.0,0.0,0.0,0.0,0.0,0.0,0.0,0.0,0.0,0.0,0.0,0.0,0.0,0.0,0.0,0.0,0.0,0.0,0.0,0.0,0.0,0.0,0.0,0.0,0.0,0.0,0.0,0.0,0.0,0.0,0.0,0.0,0.0,0.0,0.0,0.0,0.0,0.0,0.0,0.0,0.0,0.0,0.0,0.0,0.0,0.0,0.0,0.0,0.0,0.0,0.0,0.0,0.0,0.0,0.0,0.0,0.0,0.0,0.0,0.0,0.0,0.0,0.0,0.0,0.0,0.0,0.0,0.0,0.0,0.0,0.0,0.0,0.0,0.0,0.0,0.0,0.0,0.0,0.0,0.0,0.0,0.0,0.0,0.0,0.0,0.0,0.0,0.0,0.0,0.0
2017-05-26 09:02:00+02:00,0.0,0.0,0.0,0.0,0.0,0.0,0.0,0.0,0.0,0.0,0.0,0.0,0.0,0.0,0.0,0.0,0.0,0.0,0.0,0.0,0.0,0.0,0.0,0.0,0.0,0.0,0.0,0.0,0.0,0.0,0.0,0.0,0.0,0.0,0.0,0.0,0.0,0.0,0.0,0.0,0.0,0.0,0.0,0.0,0.0,0.0,0.0,0.0,0.0,0.0,0.0,0.0,0.0,0.0,0.0,0.0,0.0,0.0,0.0,0.0,0.0,0.0,0.0,0.0,0.0,0.0,0.0,0.0,0.0,0.0,0.0,0.0,0.0,0.0,0.0,0.0,0.0,0.0,0.0,0.0,0.0,0.0,0.0,0.0,0.0,0.0,0.0,0.0,0.0,0.0,0.0,0.0,0.0,0.0,0.0,0.0,0.0,0.0,0.0,0.0,0.0,0.0,0.0,0.0,0.0,0.0,0.0,0.0,0.0,0.0,0.0,0.0,0.0,0.0,0.0,0.0,0.0,0.0
2017-05-26 09:03:00+02:00,0.0,0.0,0.0,0.0,0.0,0.0,0.0,0.0,0.0,0.0,0.0,0.0,0.0,0.0,0.0,0.0,0.0,0.0,0.0,0.0,0.0,0.0,0.0,0.0,0.0,0.0,0.0,0.0,0.0,0.0,0.0,0.0,0.0,0.0,0.0,0.0,0.0,0.0,0.0,0.0,0.0,0.0,0.0,0.0,0.0,0.0,0.0,0.0,0.0,0.0,0.0,0.0,0.0,0.0,0.0,0.0,0.0,0.0,0.0,0.0,0.0,0.0,0.0,0.0,0.0,0.0,0.0,0.0,0.0,0.0,0.0,0.0,0.0,0.0,0.0,0.0,0.0,0.0,0.0,0.0,0.0,0.0,0.0,0.0,0.0,0.0,0.0,0.0,0.0,0.0,0.0,0.0,0.0,0.0,0.0,0.0,0.0,0.0,0.0,0.0,0.0,0.0,0.0,0.0,0.0,0.0,0.0,0.0,0.0,0.0,0.0,0.0,0.0,0.0,0.0,0.0,0.0,0.0
2017-05-26 09:04:00+02:00,0.0,0.0,0.0,0.0,0.0,0.0,0.0,0.0,0.0,0.0,0.0,0.0,0.0,0.0,0.0,0.0,0.0,0.0,0.0,0.0,0.0,0.0,0.0,0.0,0.0,0.0,0.0,0.0,0.0,0.0,0.0,0.0,0.0,0.0,0.0,0.0,0.0,0.0,0.0,0.0,0.0,0.0,0.0,0.0,0.0,0.0,0.0,0.0,0.0,0.0,0.0,0.0,0.0,0.0,0.0,0.0,0.0,0.0,0.0,0.0,0.0,0.0,0.0,0.0,0.0,0.0,0.0,0.0,0.0,0.0,0.0,0.0,0.0,0.0,0.0,0.0,0.0,0.0,0.0,0.0,0.0,0.0,0.0,0.0,0.0,0.0,0.0,0.0,0.0,0.0,0.0,0.0,0.0,0.0,0.0,0.0,0.0,0.0,0.0,0.0,0.0,0.0,0.0,0.0,0.0,0.0,0.0,0.0,0.0,0.0,0.0,0.0,0.0,0.0,0.0,0.0,0.0,0.0
2017-05-26 09:05:00+02:00,0.0,0.0,0.0,0.0,0.0,0.0,0.0,0.0,0.0,0.0,0.0,0.0,0.0,0.0,0.0,0.0,0.0,0.0,0.0,0.0,0.0,0.0,0.0,0.0,0.0,0.0,0.0,0.0,0.0,0.0,0.0,0.0,0.0,0.0,0.0,0.0,0.0,0.0,0.0,0.0,0.0,0.0,0.0,0.0,0.0,0.0,0.0,0.0,0.0,0.0,0.0,0.0,0.0,0.0,0.0,0.0,0.0,0.0,0.0,0.0,0.0,0.0,0.0,0.0,0.0,0.0,0.0,0.0,0.0,0.0,0.0,0.0,0.0,0.0,0.0,0.0,0.0,0.0,0.0,0.0,0.0,0.0,0.0,0.0,0.0,0.0,0.0,0.0,0.0,0.0,0.0,0.0,0.0,0.0,0.0,0.0,0.0,0.0,0.0,0.0,0.0,0.0,0.0,0.0,0.0,0.0,0.0,0.0,0.0,0.0,0.0,0.0,0.0,0.0,0.0,0.0,0.0,0.0
2017-05-26 09:06:00+02:00,0.0,0.0,0.0,0.0,0.0,0.0,0.0,0.0,0.0,0.0,0.0,0.0,0.0,0.0,0.0,0.0,0.0,0.0,0.0,0.0,0.0,0.0,0.0,0.0,0.0,0.0,0.0,0.0,0.0,0.0,0.0,0.0,0.0,0.0,0.0,0.0,0.0,0.0,0.0,0.0,0.0,0.0,0.0,0.0,0.0,0.0,0.0,0.0,0.0,0.0,0.0,0.0,0.0,0.0,0.0,0.0,0.0,0.0,0.0,0.0,0.0,0.0,0.0,0.0,0.0,0.0,0.0,0.0,0.0,0.0,0.0,0.0,0.0,0.0,0.0,0.0,0.0,0.0,0.0,0.0,0.0,0.0,0.0,0.0,0.0,0.0,0.0,0.0,0.0,0.0,0.0,0.0,0.0,0.0,0.0,0.0,0.0,0.0,0.0,0.0,0.0,0.0,0.0,0.0,0.0,0.0,0.0,0.0,0.0,0.0,0.0,0.0,0.0,0.0,0.0,0.0,0.0,0.0
2017-05-26 09:07:00+02:00,0.0,0.0,0.0,0.0,0.0,0.0,0.0,0.0,0.0,0.0,0.0,0.0,0.0,0.0,0.0,0.0,0.0,0.0,0.0,0.0,0.0,0.0,0.0,0.0,0.0,0.0,0.0,0.0,0.0,0.0,0.0,0.0,0.0,0.0,0.0,0.0,0.0,0.0,0.0,0.0,0.0,0.0,0.0,0.0,0.0,0.0,0.0,0.0,0.0,0.0,0.0,0.0,0.0,0.0,0.0,0.0,0.0,0.0,0.0,0.0,0.0,0.0,0.0,0.0,0.0,0.0,0.0,0.0,0.0,0.0,0.0,0.0,0.0,0.0,0.0,0.0,0.0,0.0,0.0,0.0,0.0,0.0,0.0,0.0,0.0,0.0,0.0,0.0,0.0,0.0,0.0,0.0,0.0,0.0,0.0,0.0,0.0,0.0,0.0,0.0,0.0,0.0,0.0,0.0,0.0,0.0,0.0,0.0,0.0,0.0,0.0,0.0,0.0,0.0,0.0,0.0,0.0,0.0
2017-05-26 09:08:00+02:00,0.0,0.0,0.0,0.0,0.0,0.0,0.0,0.0,0.0,0.0,0.0,0.0,0.0,0.0,0.0,0.0,0.0,0.0,0.0,0.0,0.0,0.0,0.0,0.0,0.0,0.0,0.0,0.0,0.0,0.0,0.0,0.0,0.0,0.0,0.0,0.0,0.0,0.0,0.0,0.0,0.0,0.0,0.0,0.0,0.0,0.0,0.0,0.0,0.0,0.0,0.0,0.0,0.0,0.0,0.0,0.0,0.0,0.0,0.0,0.0,0.0,0.0,0.0,0.0,0.0,0.0,0.0,0.0,0.0,0.0,0.0,0.0,0.0,0.0,0.0,0.0,0.0,0.0,0.0,0.0,0.0,0.0,0.0,0.0,0.0,0.0,0.0,0.0,0.0,0.0,0.0,0.0,0.0,0.0,0.0,0.0,0.0,0.0,0.0,0.0,0.0,0.0,0.0,0.0,0.0,0.0,0.0,0.0,0.0,0.0,0.0,0.0,0.0,0.0,0.0,0.0,0.0,0.0
2017-05-26 09:09:00+02:00,0.0,0.0,0.0,0.0,0.0,0.0,0.0,0.0,0.0,0.0,0.0,0.0,0.0,0.0,0.0,0.0,0.0,0.0,0.0,0.0,0.0,0.0,0.0,0.0,0.0,0.0,0.0,0.0,0.0,0.0,0.0,0.0,0.0,0.0,0.0,0.0,0.0,0.0,0.0,0.0,0.0,0.0,0.0,0.0,0.0,0.0,0.0,0.0,0.0,0.0,0.0,0.0,0.0,0.0,0.0,0.0,0.0,0.0,0.0,0.0,0.0,0.0,0.0,0.0,0.0,0.0,0.0,0.0,0.0,0.0,0.0,0.0,0.0,0.0,0.0,0.0,0.0,0.0,0.0,0.0,0.0,0.0,0.0,0.0,0.0,0.0,0.0,0.0,0.0,0.0,0.0,0.0,0.0,0.0,0.0,0.0,0.0,0.0,0.0,0.0,0.0,0.0,0.0,0.0,0.0,0.0,0.0,0.0,0.0,0.0,0.0,0.0,0.0,0.0,0.0,0.0,0.0,0.0
2017-05-26 09:10:00+02:00,0.0,0.0,0.0,0.0,0.0,0.0,0.0,0.0,0.0,0.0,0.0,0.0,0.0,0.0,0.0,0.0,0.0,0.0,0.0,0.0,0.0,0.0,0.0,0.0,0.0,0.0,0.0,0.0,0.0,0.0,0.0,0.0,0.0,0.0,0.0,0.0,0.0,0.0,0.0,0.0,0.0,0.0,0.0,0.0,0.0,0.0,0.0,0.0,0.0,0.0,0.0,0.0,0.0,0.0,0.0,0.0,0.0,0.0,0.0,0.0,0.0,0.0,0.0,0.0,0.0,0.0,0.0,0.0,0.0,0.0,0.0,0.0,0.0,0.0,0.0,0.0,0.0,0.0,0.0,0.0,0.0,0.0,0.0,0.0,0.0,0.0,0.0,0.0,0.0,0.0,0.0,0.0,0.0,0.0,0.0,0.0,0.0,0.0,0.0,0.0,0.0,0.0,0.0,0.0,0.0,0.0,0.0,0.0,0.0,0.0,0.0,0.0,0.0,0.0,0.0,0.0,0.0,0.0
2017-05-26 09:11:00+02:00,0.0,0.0,0.0,0.0,0.0,0.0,0.0,0.0,0.0,0.0,0.0,0.0,0.0,0.0,0.0,0.0,0.0,0.0,0.0,0.0,0.0,0.0,0.0,0.0,0.0,0.0,0.0,0.0,0.0,0.0,0.0,0.0,0.0,0.0,0.0,0.0,0.0,0.0,0.0,0.0,0.0,0.0,0.0,0.0,0.0,0.0,0.0,0.0,0.0,0.0,0.0,0.0,0.0,0.0,0.0,0.0,0.0,0.0,0.0,0.0,0.0,0.0,0.0,0.0,0.0,0.0,0.0,0.0,0.0,0.0,0.0,0.0,0.0,0.0,0.0,0.0,0.0,0.0,0.0,0.0,0.0,0.0,0.0,0.0,0.0,0.0,0.0,0.0,0.0,0.0,0.0,0.0,0.0,0.0,0.0,0.0,0.0,0.0,0.0,0.0,0.0,0.0,0.0,0.0,0.0,0.0,0.0,0.0,0.0,0.0,0.0,0.0,0.0,0.0,0.0,0.0,0.0,0.0
2017-05-26 09:12:00+02:00,0.0,0.0,0.0,0.0,0.0,0.0,0.0,0.0,0.0,0.0,0.0,0.0,0.0,0.0,0.0,0.0,0.0,0.0,0.0,0.0,0.0,0.0,0.0,0.0,0.0,0.0,0.0,0.0,0.0,0.0,0.0,0.0,0.0,0.0,0.0,0.0,0.0,0.0,0.0,0.0,0.0,0.0,0.0,0.0,0.0,0.0,0.0,0.0,0.0,0.0,0.0,0.0,0.0,0.0,0.0,0.0,0.0,0.0,0.0,0.0,0.0,0.0,0.0,0.0,0.0,0.0,0.0,0.0,0.0,0.0,0.0,0.0,0.0,0.0,0.0,0.0,0.0,0.0,0.0,0.0,0.0,0.0,0.0,0.0,0.0,0.0,0.0,0.0,0.0,0.0,0.0,0.0,0.0,0.0,0.0,0.0,0.0,0.0,0.0,0.0,0.0,0.0,0.0,0.0,0.0,0.0,0.0,0.0,0.0,0.0,0.0,0.0,0.0,0.0,0.0,0.0,0.0,0.0
2017-05-26 09:13:00+02:00,0.0,0.0,0.0,0.0,0.0,0.0,0.0,0.0,0.0,0.0,0.0,0.0,0.0,0.0,0.0,0.0,0.0,0.0,0.0,0.0,0.0,0.0,0.0,0.0,0.0,0.0,0.0,0.0,0.0,0.0,0.0,0.0,0.0,0.0,0.0,0.0,0.0,0.0,0.0,0.0,0.0,0.0,0.0,0.0,0.0,0.0,0.0,0.0,0.0,0.0,0.0,0.0,0.0,0.0,0.0,0.0,0.0,0.0,0.0,0.0,0.0,0.0,0.0,0.0,0.0,0.0,0.0,0.0,0.0,0.0,0.0,0.0,0.0,0.0,0.0,0.0,0.0,0.0,0.0,0.0,0.0,0.0,0.0,0.0,0.0,0.0,0.0,0.0,0.0,0.0,0.0,0.0,0.0,0.0,0.0,0.0,0.0,0.0,0.0,0.0,0.0,0.0,0.0,0.0,0.0,0.0,0.0,0.0,0.0,0.0,0.0,0.0,0.0,0.0,0.0,0.0,0.0,0.0
2017-05-26 09:14:00+02:00,0.0,0.0,0.0,0.0,0.0,0.0,0.0,0.0,0.0,0.0,0.0,0.0,0.0,0.0,0.0,0.0,0.0,0.0,0.0,0.0,0.0,0.0,0.0,0.0,0.0,0.0,0.0,0.0,0.0,0.0,0.0,0.0,0.0,0.0,0.0,0.0,0.0,0.0,0.0,0.0,0.0,0.0,0.0,0.0,0.0,0.0,0.0,0.0,0.0,0.0,0.0,0.0,0.0,0.0,0.0,0.0,0.0,0.0,0.0,0.0,0.0,0.0,0.0,0.0,0.0,0.0,0.0,0.0,0.0,0.0,0.0,0.0,0.0,0.0,0.0,0.0,0.0,0.0,0.0,0.0,0.0,0.0,0.0,0.0,0.0,0.0,0.0,0.0,0.0,0.0,0.0,0.0,0.0,0.0,0.0,0.0,0.0,0.0,0.0,0.0,0.0,0.0,0.0,0.0,0.0,0.0,0.0,0.0,0.0,0.0,0.0,0.0,0.0,0.0,0.0,0.0,0.0,0.0
2017-05-26 09:15:00+02:00,0.0,0.0,0.0,0.0,0.0,0.0,0.0,0.0,0.0,0.0,0.0,0.0,0.0,0.0,0.0,0.0,0.0,0.0,0.0,0.0,0.0,0.0,0.0,0.0,0.0,0.0,0.0,0.0,0.0,0.0,0.0,0.0,0.0,0.0,0.0,0.0,0.0,0.0,0.0,0.0,0.0,0.0,0.0,0.0,0.0,0.0,0.0,0.0,0.0,0.0,0.0,0.0,0.0,0.0,0.0,0.0,0.0,0.0,0.0,0.0,0.0,0.0,0.0,0.0,0.0,0.0,0.0,0.0,0.0,0.0,0.0,0.0,0.0,0.0,0.0,0.0,0.0,0.0,0.0,0.0,0.0,0.0,0.0,0.0,0.0,0.0,0.0,0.0,0.0,0.0,0.0,0.0,0.0,0.0,0.0,0.0,0.0,0.0,0.0,0.0,0.0,0.0,0.0,0.0,0.0,0.0,0.0,0.0,0.0,0.0,0.0,0.0,0.0,0.0,0.0,0.0,0.0,0.0
2017-05-26 09:16:00+02:00,0.0,0.0,0.0,0.0,0.0,0.0,0.0,0.0,0.0,0.0,0.0,0.0,0.0,0.0,0.0,0.0,0.0,0.0,0.0,0.0,0.0,0.0,0.0,0.0,0.0,0.0,0.0,0.0,0.0,0.0,0.0,0.0,0.0,0.0,0.0,0.0,0.0,0.0,0.0,0.0,0.0,0.0,0.0,0.0,0.0,0.0,0.0,0.0,0.0,0.0,0.0,0.0,0.0,0.0,0.0,0.0,0.0,0.0,0.0,0.0,0.0,0.0,0.0,0.0,0.0,0.0,0.0,0.0,0.0,0.0,0.0,0.0,0.0,0.0,0.0,0.0,0.0,0.0,0.0,0.0,0.0,0.0,0.0,0.0,0.0,0.0,0.0,0.0,0.0,0.0,0.0,0.0,0.0,0.0,0.0,0.0,0.0,0.0,0.0,0.0,0.0,0.0,0.0,0.0,0.0,0.0,0.0,0.0,0.0,0.0,0.0,0.0,0.0,0.0,0.0,0.0,0.0,0.0
2017-05-26 09:17:00+02:00,0.0,0.0,0.0,0.0,0.0,0.0,0.0,0.0,0.0,0.0,0.0,0.0,0.0,0.0,0.0,0.0,0.0,0.0,0.0,0.0,0.0,0.0,0.0,0.0,0.0,0.0,0.0,0.0,0.0,0.0,0.0,0.0,0.0,0.0,0.0,0.0,0.0,0.0,0.0,0.0,0.0,0.0,0.0,0.0,0.0,0.0,0.0,0.0,0.0,0.0,0.0,0.0,0.0,0.0,0.0,0.0,0.0,0.0,0.0,0.0,0.0,0.0,0.0,0.0,0.0,0.0,0.0,0.0,0.0,0.0,0.0,0.0,0.0,0.0,0.0,0.0,0.0,0.0,0.0,0.0,0.0,0.0,0.0,0.0,0.0,0.0,0.0,0.0,0.0,0.0,0.0,0.0,0.0,0.0,0.0,0.0,0.0,0.0,0.0,0.0,0.0,0.0,0.0,0.0,0.0,0.0,0.0,0.0,0.0,0.0,0.0,0.0,0.0,0.0,0.0,0.0,0.0,0.0
2017-05-26 09:18:00+02:00,0.0,0.0,0.0,0.0,0.0,0.0,0.0,0.0,0.0,0.0,0.0,0.0,0.0,0.0,0.0,0.0,0.0,0.0,0.0,0.0,0.0,0.0,0.0,0.0,0.0,0.0,0.0,0.0,0.0,0.0,0.0,0.0,0.0,0.0,0.0,0.0,0.0,0.0,0.0,0.0,0.0,0.0,0.0,0.0,0.0,0.0,0.0,0.0,0.0,0.0,0.0,0.0,0.0,0.0,0.0,0.0,0.0,0.0,0.0,0.0,0.0,0.0,0.0,0.0,0.0,0.0,0.0,0.0,0.0,0.0,0.0,0.0,0.0,0.0,0.0,0.0,0.0,0.0,0.0,0.0,0.0,0.0,0.0,0.0,0.0,0.0,0.0,0.0,0.0,0.0,0.0,0.0,0.0,0.0,0.0,0.0,0.0,0.0,0.0,0.0,0.0,0.0,0.0,0.0,0.0,0.0,0.0,0.0,0.0,0.0,0.0,0.0,0.0,0.0,0.0,0.0,0.0,0.0
2017-05-26 09:19:00+02:00,0.0,0.0,0.0,0.0,0.0,0.0,0.0,0.0,0.0,0.0,0.0,0.0,0.0,0.0,0.0,0.0,0.0,0.0,0.0,0.0,0.0,0.0,0.0,0.0,0.0,0.0,0.0,0.0,0.0,0.0,0.0,0.0,0.0,0.0,0.0,0.0,0.0,0.0,0.0,0.0,0.0,0.0,0.0,0.0,0.0,0.0,0.0,0.0,0.0,0.0,0.0,0.0,0.0,0.0,0.0,0.0,0.0,0.0,0.0,0.0,0.0,0.0,0.0,0.0,0.0,0.0,0.0,0.0,0.0,0.0,0.0,0.0,0.0,0.0,0.0,0.0,0.0,0.0,0.0,0.0,0.0,0.0,0.0,0.0,0.0,0.0,0.0,0.0,0.0,0.0,0.0,0.0,0.0,0.0,0.0,0.0,0.0,0.0,0.0,0.0,0.0,0.0,0.0,0.0,0.0,0.0,0.0,0.0,0.0,0.0,0.0,0.0,0.0,0.0,0.0,0.0,0.0,0.0
2017-05-26 09:20:00+02:00,0.0,0.0,0.0,0.0,0.0,0.0,0.0,0.0,0.0,0.0,0.0,0.0,0.0,0.0,0.0,0.0,0.0,0.0,0.0,0.0,0.0,0.0,0.0,0.0,0.0,0.0,0.0,0.0,0.0,0.0,0.0,0.0,0.0,0.0,0.0,0.0,0.0,0.0,0.0,0.0,0.0,0.0,0.0,0.0,0.0,0.0,0.0,0.0,0.0,0.0,0.0,0.0,0.0,0.0,0.0,0.0,0.0,0.0,0.0,0.0,0.0,0.0,0.0,0.0,0.0,0.0,0.0,0.0,0.0,0.0,0.0,0.0,0.0,0.0,0.0,0.0,0.0,0.0,0.0,0.0,0.0,0.0,0.0,0.0,0.0,0.0,0.0,0.0,0.0,0.0,0.0,0.0,0.0,0.0,0.0,0.0,0.0,0.0,0.0,0.0,0.0,0.0,0.0,0.0,0.0,0.0,0.0,0.0,0.0,0.0,0.0,0.0,0.0,0.0,0.0,0.0,0.0,0.0
2017-05-26 09:21:00+02:00,0.0,0.0,0.0,0.0,0.0,0.0,0.0,0.0,0.0,0.0,0.0,0.0,0.0,0.0,0.0,0.0,0.0,0.0,0.0,0.0,0.0,0.0,0.0,0.0,0.0,0.0,0.0,0.0,0.0,0.0,0.0,0.0,0.0,0.0,0.0,0.0,0.0,0.0,0.0,0.0,0.0,0.0,0.0,0.0,0.0,0.0,0.0,0.0,0.0,0.0,0.0,0.0,0.0,0.0,0.0,0.0,0.0,0.0,0.0,0.0,0.0,0.0,0.0,0.0,0.0,0.0,0.0,0.0,0.0,0.0,0.0,0.0,0.0,0.0,0.0,0.0,0.0,0.0,0.0,0.0,0.0,0.0,0.0,0.0,0.0,0.0,0.0,0.0,0.0,0.0,0.0,0.0,0.0,0.0,0.0,0.0,0.0,0.0,0.0,0.0,0.0,0.0,0.0,0.0,0.0,0.0,0.0,0.0,0.0,0.0,0.0,0.0,0.0,0.0,0.0,0.0,0.0,0.0
2017-05-26 09:22:00+02:00,0.0,0.0,0.0,0.0,0.0,0.0,0.0,0.0,0.0,0.0,0.0,0.0,0.0,0.0,0.0,0.0,0.0,0.0,0.0,0.0,0.0,0.0,0.0,0.0,0.0,0.0,0.0,0.0,0.0,0.0,0.0,0.0,0.0,0.0,0.0,0.0,0.0,0.0,0.0,0.0,0.0,0.0,0.0,0.0,0.0,0.0,0.0,0.0,0.0,0.0,0.0,0.0,0.0,0.0,0.0,0.0,0.0,0.0,0.0,0.0,0.0,0.0,0.0,0.0,0.0,0.0,0.0,0.0,0.0,0.0,0.0,0.0,0.0,0.0,0.0,0.0,0.0,0.0,0.0,0.0,0.0,0.0,0.0,0.0,0.0,0.0,0.0,0.0,0.0,0.0,0.0,0.0,0.0,0.0,0.0,0.0,0.0,0.0,0.0,0.0,0.0,0.0,0.0,0.0,0.0,0.0,0.0,0.0,0.0,0.0,0.0,0.0,0.0,0.0,0.0,0.0,0.0,0.0
2017-05-26 09:23:00+02:00,0.0,0.0,0.0,0.0,0.0,0.0,0.0,0.0,0.0,0.0,0.0,0.0,0.0,0.0,0.0,0.0,0.0,0.0,0.0,0.0,0.0,0.0,0.0,0.0,0.0,0.0,0.0,0.0,0.0,0.0,0.0,0.0,0.0,0.0,0.0,0.0,0.0,0.0,0.0,0.0,0.0,0.0,0.0,0.0,0.0,0.0,0.0,0.0,0.0,0.0,0.0,0.0,0.0,0.0,0.0,0.0,0.0,0.0,0.0,0.0,0.0,0.0,0.0,0.0,0.0,0.0,0.0,0.0,0.0,0.0,0.0,0.0,0.0,0.0,0.0,0.0,0.0,0.0,0.0,0.0,0.0,0.0,0.0,0.0,0.0,0.0,0.0,0.0,0.0,0.0,0.0,0.0,0.0,0.0,0.0,0.0,0.0,0.0,0.0,0.0,0.0,0.0,0.0,0.0,0.0,0.0,0.0,0.0,0.0,0.0,0.0,0.0,0.0,0.0,0.0,0.0,0.0,0.0
2017-05-26 09:24:00+02:00,0.0,0.0,0.0,0.0,0.0,0.0,0.0,0.0,0.0,0.0,0.0,0.0,0.0,0.0,0.0,0.0,0.0,0.0,0.0,0.0,0.0,0.0,0.0,0.0,0.0,0.0,0.0,0.0,0.0,0.0,0.0,0.0,0.0,0.0,0.0,0.0,0.0,0.0,0.0,0.0,0.0,0.0,0.0,0.0,0.0,0.0,0.0,0.0,0.0,0.0,0.0,0.0,0.0,0.0,0.0,0.0,0.0,0.0,0.0,0.0,0.0,0.0,0.0,0.0,0.0,0.0,0.0,0.0,0.0,0.0,0.0,0.0,0.0,0.0,0.0,0.0,0.0,0.0,0.0,0.0,0.0,0.0,0.0,0.0,0.0,0.0,0.0,0.0,0.0,0.0,0.0,0.0,0.0,0.0,0.0,0.0,0.0,0.0,0.0,0.0,0.0,0.0,0.0,0.0,0.0,0.0,0.0,0.0,0.0,0.0,0.0,0.0,0.0,0.0,0.0,0.0,0.0,0.0
2017-05-26 09:25:00+02:00,0.0,0.0,0.0,0.0,0.0,0.0,0.0,0.0,0.0,0.0,0.0,0.0,0.0,0.0,0.0,0.0,0.0,0.0,0.0,0.0,0.0,0.0,0.0,0.0,0.0,0.0,0.0,0.0,0.0,0.0,0.0,0.0,0.0,0.0,0.0,0.0,0.0,0.0,0.0,0.0,0.0,0.0,0.0,0.0,0.0,0.0,0.0,0.0,0.0,0.0,0.0,0.0,0.0,0.0,0.0,0.0,0.0,0.0,0.0,0.0,0.0,0.0,0.0,0.0,0.0,0.0,0.0,0.0,0.0,0.0,0.0,0.0,0.0,0.0,0.0,0.0,0.0,0.0,0.0,0.0,0.0,0.0,0.0,0.0,0.0,0.0,0.0,0.0,0.0,0.0,0.0,0.0,0.0,0.0,0.0,0.0,0.0,0.0,0.0,0.0,0.0,0.0,0.0,0.0,0.0,0.0,0.0,0.0,0.0,0.0,0.0,0.0,0.0,0.0,0.0,0.0,0.0,0.0
2017-05-26 09:26:00+02:00,0.0,0.0,0.0,0.0,0.0,0.0,0.0,0.0,0.0,0.0,0.0,0.0,0.0,0.0,0.0,0.0,0.0,0.0,0.0,0.0,0.0,0.0,0.0,0.0,0.0,0.0,0.0,0.0,0.0,0.0,0.0,0.0,0.0,0.0,0.0,0.0,0.0,0.0,0.0,0.0,0.0,0.0,0.0,0.0,0.0,0.0,0.0,0.0,0.0,0.0,0.0,0.0,0.0,0.0,0.0,0.0,0.0,0.0,0.0,0.0,0.0,0.0,0.0,0.0,0.0,0.0,0.0,0.0,0.0,0.0,0.0,0.0,0.0,0.0,0.0,0.0,0.0,0.0,0.0,0.0,0.0,0.0,0.0,0.0,0.0,0.0,0.0,0.0,0.0,0.0,0.0,0.0,0.0,0.0,0.0,0.0,0.0,0.0,0.0,0.0,0.0,0.0,0.0,0.0,0.0,0.0,0.0,0.0,0.0,0.0,0.0,0.0,0.0,0.0,0.0,0.0,0.0,0.0
2017-05-26 09:27:00+02:00,0.0,0.0,0.0,0.0,0.0,0.0,0.0,0.0,0.0,0.0,0.0,0.0,0.0,0.0,0.0,0.0,0.0,0.0,0.0,0.0,0.0,0.0,0.0,0.0,0.0,0.0,0.0,0.0,0.0,0.0,0.0,0.0,0.0,0.0,0.0,0.0,0.0,0.0,0.0,0.0,0.0,0.0,0.0,0.0,0.0,0.0,0.0,0.0,0.0,0.0,0.0,0.0,0.0,0.0,0.0,0.0,0.0,0.0,0.0,0.0,0.0,0.0,0.0,0.0,0.0,0.0,0.0,0.0,0.0,0.0,0.0,0.0,0.0,0.0,0.0,0.0,0.0,0.0,0.0,0.0,0.0,0.0,0.0,0.0,0.0,0.0,0.0,0.0,0.0,0.0,0.0,0.0,0.0,0.0,0.0,0.0,0.0,0.0,0.0,0.0,0.0,0.0,0.0,0.0,0.0,0.0,0.0,0.0,0.0,0.0,0.0,0.0,0.0,0.0,0.0,0.0,0.0,0.0
2017-05-26 09:28:00+02:00,0.0,0.0,0.0,0.0,0.0,0.0,0.0,0.0,0.0,0.0,0.0,0.0,0.0,0.0,0.0,0.0,0.0,0.0,0.0,0.0,0.0,0.0,0.0,0.0,0.0,0.0,0.0,0.0,0.0,0.0,0.0,0.0,0.0,0.0,0.0,0.0,0.0,0.0,0.0,0.0,0.0,0.0,0.0,0.0,0.0,0.0,0.0,0.0,0.0,0.0,0.0,0.0,0.0,0.0,0.0,0.0,0.0,0.0,0.0,0.0,0.0,0.0,0.0,0.0,0.0,0.0,0.0,0.0,0.0,0.0,0.0,0.0,0.0,0.0,0.0,0.0,0.0,0.0,0.0,0.0,0.0,0.0,0.0,0.0,0.0,0.0,0.0,0.0,0.0,0.0,0.0,0.0,0.0,0.0,0.0,0.0,0.0,0.0,0.0,0.0,0.0,0.0,0.0,0.0,0.0,0.0,0.0,0.0,0.0,0.0,0.0,0.0,0.0,0.0,0.0,0.0,0.0,0.0
2017-05-26 09:29:00+02:00,0.0,0.0,0.0,0.0,0.0,0.0,0.0,0.0,0.0,0.0,0.0,0.0,0.0,0.0,0.0,0.0,0.0,0.0,0.0,0.0,0.0,0.0,0.0,0.0,0.0,0.0,0.0,0.0,0.0,0.0,0.0,0.0,0.0,0.0,0.0,0.0,0.0,0.0,0.0,0.0,0.0,0.0,0.0,0.0,0.0,0.0,0.0,0.0,0.0,0.0,0.0,0.0,0.0,0.0,0.0,0.0,0.0,0.0,0.0,0.0,0.0,0.0,0.0,0.0,0.0,0.0,0.0,0.0,0.0,0.0,0.0,0.0,0.0,0.0,0.0,0.0,0.0,0.0,0.0,0.0,0.0,0.0,0.0,0.0,0.0,0.0,0.0,0.0,0.0,0.0,0.0,0.0,0.0,0.0,0.0,0.0,0.0,0.0,0.0,0.0,0.0,0.0,0.0,0.0,0.0,0.0,0.0,0.0,0.0,0.0,0.0,0.0,0.0,0.0,0.0,0.0,0.0,0.0
2017-05-26 09:30:00+02:00,0.0,0.0,0.0,0.0,0.0,0.0,0.0,0.0,0.0,0.0,0.0,0.0,0.0,0.0,0.0,0.0,0.0,0.0,0.0,0.0,0.0,0.0,0.0,0.0,0.0,0.0,0.0,0.0,0.0,0.0,0.0,0.0,0.0,0.0,0.0,0.0,0.0,0.0,0.0,0.0,0.0,0.0,0.0,0.0,0.0,0.0,0.0,0.0,0.0,0.0,0.0,0.0,0.0,0.0,0.0,0.0,0.0,0.0,0.0,0.0,0.0,0.0,0.0,0.0,0.0,0.0,0.0,0.0,0.0,0.0,0.0,0.0,0.0,0.0,0.0,0.0,0.0,0.0,0.0,0.0,0.0,0.0,0.0,0.0,0.0,0.0,0.0,0.0,0.0,0.0,0.0,0.0,0.0,0.0,0.0,0.0,0.0,0.0,0.0,0.0,0.0,0.0,0.0,0.0,0.0,0.0,0.0,0.0,0.0,0.0,0.0,0.0,0.0,0.0,0.0,0.0,0.0,0.0
2017-05-26 09:31:00+02:00,0.0,0.0,0.0,0.0,0.0,0.0,0.0,0.0,0.0,0.0,0.0,0.0,0.0,0.0,0.0,0.0,0.0,0.0,0.0,0.0,0.0,0.0,0.0,0.0,0.0,0.0,0.0,0.0,0.0,0.0,0.0,0.0,0.0,0.0,0.0,0.0,0.0,0.0,0.0,0.0,0.0,0.0,0.0,0.0,0.0,0.0,0.0,0.0,0.0,0.0,0.0,0.0,0.0,0.0,0.0,0.0,0.0,0.0,0.0,0.0,0.0,0.0,0.0,0.0,0.0,0.0,0.0,0.0,0.0,0.0,0.0,0.0,0.0,0.0,0.0,0.0,0.0,0.0,0.0,0.0,0.0,0.0,0.0,0.0,0.0,0.0,0.0,0.0,0.0,0.0,0.0,0.0,0.0,0.0,0.0,0.0,0.0,0.0,0.0,0.0,0.0,0.0,0.0,0.0,0.0,0.0,0.0,0.0,0.0,0.0,0.0,0.0,0.0,0.0,0.0,0.0,0.0,0.0
2017-05-26 09:32:00+02:00,0.0,0.0,0.0,0.0,0.0,0.0,0.0,0.0,0.0,0.0,0.0,0.0,0.0,0.0,0.0,0.0,0.0,0.0,0.0,0.0,0.0,0.0,0.0,0.0,0.0,0.0,0.0,0.0,0.0,0.0,0.0,0.0,0.0,0.0,0.0,0.0,0.0,0.0,0.0,0.0,0.0,0.0,0.0,0.0,0.0,0.0,0.0,0.0,0.0,0.0,0.0,0.0,0.0,0.0,0.0,0.0,0.0,0.0,0.0,0.0,0.0,0.0,0.0,0.0,0.0,0.0,0.0,0.0,0.0,0.0,0.0,0.0,0.0,0.0,0.0,0.0,0.0,0.0,0.0,0.0,0.0,0.0,0.0,0.0,0.0,0.0,0.0,0.0,0.0,0.0,0.0,0.0,0.0,0.0,0.0,0.0,0.0,0.0,0.0,0.0,0.0,0.0,0.0,0.0,0.0,0.0,0.0,0.0,0.0,0.0,0.0,0.0,0.0,0.0,0.0,0.0,0.0,0.0
2017-05-26 09:33:00+02:00,0.0,0.0,0.0,0.0,0.0,0.0,0.0,0.0,0.0,0.0,0.0,0.0,0.0,0.0,0.0,0.0,0.0,0.0,0.0,0.0,0.0,0.0,0.0,0.0,0.0,0.0,0.0,0.0,0.0,0.0,0.0,0.0,0.0,0.0,0.0,0.0,0.0,0.0,0.0,0.0,0.0,0.0,0.0,0.0,0.0,0.0,0.0,0.0,0.0,0.0,0.0,0.0,0.0,0.0,0.0,0.0,0.0,0.0,0.0,0.0,0.0,0.0,0.0,0.0,0.0,0.0,0.0,0.0,0.0,0.0,0.0,0.0,0.0,0.0,0.0,0.0,0.0,0.0,0.0,0.0,0.0,0.0,0.0,0.0,0.0,0.0,0.0,0.0,0.0,0.0,0.0,0.0,0.0,0.0,0.0,0.0,0.0,0.0,0.0,0.0,0.0,0.0,0.0,0.0,0.0,0.0,0.0,0.0,0.0,0.0,0.0,0.0,0.0,0.0,0.0,0.0,0.0,0.0
2017-05-26 09:34:00+02:00,0.0,0.0,0.0,0.0,0.0,0.0,0.0,0.0,0.0,0.0,0.0,0.0,0.0,0.0,0.0,0.0,0.0,0.0,0.0,0.0,0.0,0.0,0.0,0.0,0.0,0.0,0.0,0.0,0.0,0.0,0.0,0.0,0.0,0.0,0.0,0.0,0.0,0.0,0.0,0.0,0.0,0.0,0.0,0.0,0.0,0.0,0.0,0.0,0.0,0.0,0.0,0.0,0.0,0.0,0.0,0.0,0.0,0.0,0.0,0.0,0.0,0.0,0.0,0.0,0.0,0.0,0.0,0.0,0.0,0.0,0.0,0.0,0.0,0.0,0.0,0.0,0.0,0.0,0.0,0.0,0.0,0.0,0.0,0.0,0.0,0.0,0.0,0.0,0.0,0.0,0.0,0.0,0.0,0.0,0.0,0.0,0.0,0.0,0.0,0.0,0.0,0.0,0.0,0.0,0.0,0.0,0.0,0.0,0.0,0.0,0.0,0.0,0.0,0.0,0.0,0.0,0.0,0.0
2017-05-26 09:35:00+02:00,0.0,0.0,0.0,0.0,0.0,0.0,0.0,0.0,0.0,0.0,0.0,0.0,0.0,0.0,0.0,0.0,0.0,0.0,0.0,0.0,0.0,0.0,0.0,0.0,0.0,0.0,0.0,0.0,0.0,0.0,0.0,0.0,0.0,0.0,0.0,0.0,0.0,0.0,0.0,0.0,0.0,0.0,0.0,0.0,0.0,0.0,0.0,0.0,0.0,0.0,0.0,0.0,0.0,0.0,0.0,0.0,0.0,0.0,0.0,0.0,0.0,0.0,0.0,0.0,0.0,0.0,0.0,0.0,0.0,0.0,0.0,0.0,0.0,0.0,0.0,0.0,0.0,0.0,0.0,0.0,0.0,0.0,0.0,0.0,0.0,0.0,0.0,0.0,0.0,0.0,0.0,0.0,0.0,0.0,0.0,0.0,0.0,0.0,0.0,0.0,0.0,0.0,0.0,0.0,0.0,0.0,0.0,0.0,0.0,0.0,0.0,0.0,0.0,0.0,0.0,0.0,0.0,0.0
2017-05-26 09:36:00+02:00,0.0,0.0,0.0,0.0,0.0,0.0,0.0,0.0,0.0,0.0,0.0,0.0,0.0,0.0,0.0,0.0,0.0,0.0,0.0,0.0,0.0,0.0,0.0,0.0,0.0,0.0,0.0,0.0,0.0,0.0,0.0,0.0,0.0,0.0,0.0,0.0,0.0,0.0,0.0,0.0,0.0,0.0,0.0,0.0,0.0,0.0,0.0,0.0,0.0,0.0,0.0,0.0,0.0,0.0,0.0,0.0,0.0,0.0,0.0,0.0,0.0,0.0,0.0,0.0,0.0,0.0,0.0,0.0,0.0,0.0,0.0,0.0,0.0,0.0,0.0,0.0,0.0,0.0,0.0,0.0,0.0,0.0,0.0,0.0,0.0,0.0,0.0,0.0,0.0,0.0,0.0,0.0,0.0,0.0,0.0,0.0,0.0,0.0,0.0,0.0,0.0,0.0,0.0,0.0,0.0,0.0,0.0,0.0,0.0,0.0,0.0,0.0,0.0,0.0,0.0,0.0,0.0,0.0
2017-05-26 09:37:00+02:00,0.0,0.0,0.0,0.0,0.0,0.0,0.0,0.0,0.0,0.0,0.0,0.0,0.0,0.0,0.0,0.0,0.0,0.0,0.0,0.0,0.0,0.0,0.0,0.0,0.0,0.0,0.0,0.0,0.0,0.0,0.0,0.0,0.0,0.0,0.0,0.0,0.0,0.0,0.0,0.0,0.0,0.0,0.0,0.0,0.0,0.0,0.0,0.0,0.0,0.0,0.0,0.0,0.0,0.0,0.0,0.0,0.0,0.0,0.0,0.0,0.0,0.0,0.0,0.0,0.0,0.0,0.0,0.0,0.0,0.0,0.0,0.0,0.0,0.0,0.0,0.0,0.0,0.0,0.0,0.0,0.0,0.0,0.0,0.0,0.0,0.0,0.0,0.0,0.0,0.0,0.0,0.0,0.0,0.0,0.0,0.0,0.0,0.0,0.0,0.0,0.0,0.0,0.0,0.0,0.0,0.0,0.0,0.0,0.0,0.0,0.0,0.0,0.0,0.0,0.0,0.0,0.0,0.0
2017-05-26 09:38:00+02:00,0.0,0.0,0.0,0.0,0.0,0.0,0.0,0.0,0.0,0.0,0.0,0.0,0.0,0.0,0.0,0.0,0.0,0.0,0.0,0.0,0.0,0.0,0.0,0.0,0.0,0.0,0.0,0.0,0.0,0.0,0.0,0.0,0.0,0.0,0.0,0.0,0.0,0.0,0.0,0.0,0.0,0.0,0.0,0.0,0.0,0.0,0.0,0.0,0.0,0.0,0.0,0.0,0.0,0.0,0.0,0.0,0.0,0.0,0.0,0.0,0.0,0.0,0.0,0.0,0.0,0.0,0.0,0.0,0.0,0.0,0.0,0.0,0.0,0.0,0.0,0.0,0.0,0.0,0.0,0.0,0.0,0.0,0.0,0.0,0.0,0.0,0.0,0.0,0.0,0.0,0.0,0.0,0.0,0.0,0.0,0.0,0.0,0.0,0.0,0.0,0.0,0.0,0.0,0.0,0.0,0.0,0.0,0.0,0.0,0.0,0.0,0.0,0.0,0.0,0.0,0.0,0.0,0.0
2017-05-26 09:39:00+02:00,0.0,0.0,0.0,0.0,0.0,0.0,0.0,0.0,0.0,0.0,0.0,0.0,0.0,0.0,0.0,0.0,0.0,0.0,0.0,0.0,0.0,0.0,0.0,0.0,0.0,0.0,0.0,0.0,0.0,0.0,0.0,0.0,0.0,0.0,0.0,0.0,0.0,0.0,0.0,0.0,0.0,0.0,0.0,0.0,0.0,0.0,0.0,0.0,0.0,0.0,0.0,0.0,0.0,0.0,0.0,0.0,0.0,0.0,0.0,0.0,0.0,0.0,0.0,0.0,0.0,0.0,0.0,0.0,0.0,0.0,0.0,0.0,0.0,0.0,0.0,0.0,0.0,0.0,0.0,0.0,0.0,0.0,0.0,0.0,0.0,0.0,0.0,0.0,0.0,0.0,0.0,0.0,0.0,0.0,0.0,0.0,0.0,0.0,0.0,0.0,0.0,0.0,0.0,0.0,0.0,0.0,0.0,0.0,0.0,0.0,0.0,0.0,0.0,0.0,0.0,0.0,0.0,0.0
2017-05-26 09:40:00+02:00,0.0,0.0,0.0,0.0,0.0,0.0,0.0,0.0,0.0,0.0,0.0,0.0,0.0,0.0,0.0,0.0,0.0,0.0,0.0,0.0,0.0,0.0,0.0,0.0,0.0,0.0,0.0,0.0,0.0,0.0,0.0,0.0,0.0,0.0,0.0,0.0,0.0,0.0,0.0,0.0,0.0,0.0,0.0,0.0,0.0,0.0,0.0,0.0,0.0,0.0,0.0,0.0,0.0,0.0,0.0,0.0,0.0,0.0,0.0,0.0,0.0,0.0,0.0,0.0,0.0,0.0,0.0,0.0,0.0,0.0,0.0,0.0,0.0,0.0,0.0,0.0,0.0,0.0,0.0,0.0,0.0,0.0,0.0,0.0,0.0,0.0,0.0,0.0,0.0,0.0,0.0,0.0,0.0,0.0,0.0,0.0,0.0,0.0,0.0,0.0,0.0,0.0,0.0,0.0,0.0,0.0,0.0,0.0,0.0,0.0,0.0,0.0,0.0,0.0,0.0,0.0,0.0,0.0
2017-05-26 09:41:00+02:00,0.0,0.0,0.0,0.0,0.0,0.0,0.0,0.0,0.0,0.0,0.0,0.0,0.0,0.0,0.0,0.0,0.0,0.0,0.0,0.0,0.0,0.0,0.0,0.0,0.0,0.0,0.0,0.0,0.0,0.0,0.0,0.0,0.0,0.0,0.0,0.0,0.0,0.0,0.0,0.0,0.0,0.0,0.0,0.0,0.0,0.0,0.0,0.0,0.0,0.0,0.0,0.0,0.0,0.0,0.0,0.0,0.0,0.0,0.0,0.0,0.0,0.0,0.0,0.0,0.0,0.0,0.0,0.0,0.0,0.0,0.0,0.0,0.0,0.0,0.0,0.0,0.0,0.0,0.0,0.0,0.0,0.0,0.0,0.0,0.0,0.0,0.0,0.0,0.0,0.0,0.0,0.0,0.0,0.0,0.0,0.0,0.0,0.0,0.0,0.0,0.0,0.0,0.0,0.0,0.0,0.0,0.0,0.0,0.0,0.0,0.0,0.0,0.0,0.0,0.0,0.0,0.0,0.0
2017-05-26 09:42:00+02:00,0.0,0.0,0.0,0.0,0.0,0.0,0.0,0.0,0.0,0.0,0.0,0.0,0.0,0.0,0.0,0.0,0.0,0.0,0.0,0.0,0.0,0.0,0.0,0.0,0.0,0.0,0.0,0.0,0.0,0.0,0.0,0.0,0.0,0.0,0.0,0.0,0.0,0.0,0.0,0.0,0.0,0.0,0.0,0.0,0.0,0.0,0.0,0.0,0.0,0.0,0.0,0.0,0.0,0.0,0.0,0.0,0.0,0.0,0.0,0.0,0.0,0.0,0.0,0.0,0.0,0.0,0.0,0.0,0.0,0.0,0.0,0.0,0.0,0.0,0.0,0.0,0.0,0.0,0.0,0.0,0.0,0.0,0.0,0.0,0.0,0.0,0.0,0.0,0.0,0.0,0.0,0.0,0.0,0.0,0.0,0.0,0.0,0.0,0.0,0.0,0.0,0.0,0.0,0.0,0.0,0.0,0.0,0.0,0.0,0.0,0.0,0.0,0.0,0.0,0.0,0.0,0.0,0.0
2017-05-26 09:43:00+02:00,0.0,0.0,0.0,0.0,0.0,0.0,0.0,0.0,0.0,0.0,0.0,0.0,0.0,0.0,0.0,0.0,0.0,0.0,0.0,0.0,0.0,0.0,0.0,0.0,0.0,0.0,0.0,0.0,0.0,0.0,0.0,0.0,0.0,0.0,0.0,0.0,0.0,0.0,0.0,0.0,0.0,0.0,0.0,0.0,0.0,0.0,0.0,0.0,0.0,0.0,0.0,0.0,0.0,0.0,0.0,0.0,0.0,0.0,0.0,0.0,0.0,0.0,0.0,0.0,0.0,0.0,0.0,0.0,0.0,0.0,0.0,0.0,0.0,0.0,0.0,0.0,0.0,0.0,0.0,0.0,0.0,0.0,0.0,0.0,0.0,0.0,0.0,0.0,0.0,0.0,0.0,0.0,0.0,0.0,0.0,0.0,0.0,0.0,0.0,0.0,0.0,0.0,0.0,0.0,0.0,0.0,0.0,0.0,0.0,0.0,0.0,0.0,0.0,0.0,0.0,0.0,0.0,0.0
2017-05-26 09:44:00+02:00,0.0,0.0,0.0,0.0,0.0,0.0,0.0,0.0,0.0,0.0,0.0,0.0,0.0,0.0,0.0,0.0,0.0,0.0,0.0,0.0,0.0,0.0,0.0,0.0,0.0,0.0,0.0,0.0,0.0,0.0,0.0,0.0,0.0,0.0,0.0,0.0,0.0,0.0,0.0,0.0,0.0,0.0,0.0,0.0,0.0,0.0,0.0,0.0,0.0,0.0,0.0,0.0,0.0,0.0,0.0,0.0,0.0,0.0,0.0,0.0,0.0,0.0,0.0,0.0,0.0,0.0,0.0,0.0,0.0,0.0,0.0,0.0,0.0,0.0,0.0,0.0,0.0,0.0,0.0,0.0,0.0,0.0,0.0,0.0,0.0,0.0,0.0,0.0,0.0,0.0,0.0,0.0,0.0,0.0,0.0,0.0,0.0,0.0,0.0,0.0,0.0,0.0,0.0,0.0,0.0,0.0,0.0,0.0,0.0,0.0,0.0,0.0,0.0,0.0,0.0,0.0,0.0,0.0
2017-05-26 09:45:00+02:00,0.0,0.0,0.0,0.0,0.0,0.0,0.0,0.0,0.0,0.0,0.0,0.0,0.0,0.0,0.0,0.0,0.0,0.0,0.0,0.0,0.0,0.0,0.0,0.0,0.0,0.0,0.0,0.0,0.0,0.0,0.0,0.0,0.0,0.0,0.0,0.0,0.0,0.0,0.0,0.0,0.0,0.0,0.0,0.0,0.0,0.0,0.0,0.0,0.0,0.0,0.0,0.0,0.0,0.0,0.0,0.0,0.0,0.0,0.0,0.0,0.0,0.0,0.0,0.0,0.0,0.0,0.0,0.0,0.0,0.0,0.0,0.0,0.0,0.0,0.0,0.0,0.0,0.0,0.0,0.0,0.0,0.0,0.0,0.0,0.0,0.0,0.0,0.0,0.0,0.0,0.0,0.0,0.0,0.0,0.0,0.0,0.0,0.0,0.0,0.0,0.0,0.0,0.0,0.0,0.0,0.0,0.0,0.0,0.0,0.0,0.0,0.0,0.0,0.0,0.0,0.0,0.0,0.0
2017-05-26 09:46:00+02:00,0.0,0.0,0.0,0.0,0.0,0.0,0.0,0.0,0.0,0.0,0.0,0.0,0.0,0.0,0.0,0.0,0.0,0.0,0.0,0.0,0.0,0.0,0.0,0.0,0.0,0.0,0.0,0.0,0.0,0.0,0.0,0.0,0.0,0.0,0.0,0.0,0.0,0.0,0.0,0.0,0.0,0.0,0.0,0.0,0.0,0.0,0.0,0.0,0.0,0.0,0.0,0.0,0.0,0.0,0.0,0.0,0.0,0.0,0.0,0.0,0.0,0.0,0.0,0.0,0.0,0.0,0.0,0.0,0.0,0.0,0.0,0.0,0.0,0.0,0.0,0.0,0.0,0.0,0.0,0.0,0.0,0.0,0.0,0.0,0.0,0.0,0.0,0.0,0.0,0.0,0.0,0.0,0.0,0.0,0.0,0.0,0.0,0.0,0.0,0.0,0.0,0.0,0.0,0.0,0.0,0.0,0.0,0.0,0.0,0.0,0.0,0.0,0.0,0.0,0.0,0.0,0.0,0.0
2017-05-26 09:47:00+02:00,0.0,0.0,0.0,0.0,0.0,0.0,0.0,0.0,0.0,0.0,0.0,0.0,0.0,0.0,0.0,0.0,0.0,0.0,0.0,0.0,0.0,0.0,0.0,0.0,0.0,0.0,0.0,0.0,0.0,0.0,0.0,0.0,0.0,0.0,0.0,0.0,0.0,0.0,0.0,0.0,0.0,0.0,0.0,0.0,0.0,0.0,0.0,0.0,0.0,0.0,0.0,0.0,0.0,0.0,0.0,0.0,0.0,0.0,0.0,0.0,0.0,0.0,0.0,0.0,0.0,0.0,0.0,0.0,0.0,0.0,0.0,0.0,0.0,0.0,0.0,0.0,0.0,0.0,0.0,0.0,0.0,0.0,0.0,0.0,0.0,0.0,0.0,0.0,0.0,0.0,0.0,0.0,0.0,0.0,0.0,0.0,0.0,0.0,0.0,0.0,0.0,0.0,0.0,0.0,0.0,0.0,0.0,0.0,0.0,0.0,0.0,0.0,0.0,0.0,0.0,0.0,0.0,0.0
2017-05-26 09:48:00+02:00,0.0,0.0,0.0,0.0,0.0,0.0,0.0,0.0,0.0,0.0,0.0,0.0,0.0,0.0,0.0,0.0,0.0,0.0,0.0,0.0,0.0,0.0,0.0,0.0,0.0,0.0,0.0,0.0,0.0,0.0,0.0,0.0,0.0,0.0,0.0,0.0,0.0,0.0,0.0,0.0,0.0,0.0,0.0,0.0,0.0,0.0,0.0,0.0,0.0,0.0,0.0,0.0,0.0,0.0,0.0,0.0,0.0,0.0,0.0,0.0,0.0,0.0,0.0,0.0,0.0,0.0,0.0,0.0,0.0,0.0,0.0,0.0,0.0,0.0,0.0,0.0,0.0,0.0,0.0,0.0,0.0,0.0,0.0,0.0,0.0,0.0,0.0,0.0,0.0,0.0,0.0,0.0,0.0,0.0,0.0,0.0,0.0,0.0,0.0,0.0,0.0,0.0,0.0,0.0,0.0,0.0,0.0,0.0,0.0,0.0,0.0,0.0,0.0,0.0,0.0,0.0,0.0,0.0
2017-05-26 09:49:00+02:00,0.0,0.0,0.0,0.0,0.0,0.0,0.0,0.0,-3.4e-05,0.0,0.0,0.0,-5.8e-05,-4.8e-05,0.0,-3.1e-05,0.0,0.0,0.0,-1.7e-05,0.0,-1.5e-05,0.0,0.0,-6.2e-05,-5.2e-05,0.0,0.0,0.0,0.0,0.0,-2.8e-05,0.0,-2.2e-05,-3.7e-05,0.0,0.0,0.0,0.0,-7.7e-05,0.0,0.0,0.0,0.0,0.0,0.0,0.0,0.0,0.0,0.0,0.0,-3e-06,-1.6e-05,-5.6e-05,0.0,0.0,0.0,0.0,0.0,0.0,-2e-06,-6.6e-05,0.0,0.0,0.0,-3.9e-05,0.0,-2e-06,0.0,0.0,0.0,0.0,0.0,-6e-06,-4.3e-05,0.0,0.0,0.0,0.0,0.0,-1.7e-05,0.0,0.0,-6.6e-05,0.0,0.0,-5.9e-05,0.0,0.0,0.0,0.0,-2.4e-05,-5.4e-05,0.0,-2e-06,0.0,-5.5e-05,-5.5e-05,0.0,-5.2e-05,0.0,-1.3e-05,0.0,0.0,0.0,-0.000115,-5.7e-05,-1.8e-05,-6e-06,-5.5e-05,0.0,0.0,0.0,0.0,0.0,0.0,0.0,-5.5e-05
2017-05-26 09:50:00+02:00,0.0,0.0,0.0,-6.1e-05,0.0,0.0,0.0,-8e-06,-9.8e-05,0.0,0.0,0.0,-0.000141,-0.000121,-2.2e-05,-0.000121,0.0,0.0,0.0,-9.4e-05,0.0,-9.2e-05,-1.5e-05,0.0,-0.00018,-0.000162,-5e-06,0.0,-0.0,0.0,0.0,-8.5e-05,0.0,-7.3e-05,-9.9e-05,0.0,0.0,-9e-06,0.0,-0.000209,-6e-06,0.0,0.0,0.0,0.0,0.0,-1.4e-05,-3.1e-05,-2.8e-05,0.0,0.0,-3.7e-05,-6.1e-05,-0.000137,0.0,0.0,0.0,0.0,0.0,0.0,-3.7e-05,-0.000186,-4.9e-05,0.0,0.0,-0.000137,0.0,-3.7e-05,0.0,0.0,0.0,0.0,0.0,-4.2e-05,-0.000113,0.0,0.0,0.0,0.0,0.0,-6.4e-05,0.0,-5e-06,-0.000188,0.0,0.0,-0.000146,0.0,0.0,0.0,0.0,-7.7e-05,-0.000134,0.0,-3.4e-05,-2.9e-05,-0.000167,-0.000168,0.0,-0.00016,0.0,-8.7e-05,0.0,0.0,-5e-06,-0.000281,-0.00014,-9.4e-05,-7.4e-05,-0.000168,-7e-06,0.0,0.0,0.0,0.0,0.0,-3.8e-05,-0.000136
2017-05-26 09:51:00+02:00,0.0,0.0,0.0,-0.0001,0.0,0.0,0.0,-8e-06,-0.000142,0.0,0.0,0.0,-0.000204,-0.000177,-3.5e-05,-0.000184,0.0,0.0,0.0,-0.000146,0.0,-0.000142,-1.4e-05,0.0,-0.000262,-0.000241,-4e-06,0.0,-0.0,0.0,0.0,-0.000125,0.0,-0.000108,-0.000146,0.0,0.0,-8e-06,0.0,-0.000306,-5e-06,0.0,0.0,0.0,0.0,0.0,-2e-05,-5.1e-05,-4.5e-05,0.0,0.0,-5.9e-05,-9.3e-05,-0.000199,0.0,0.0,0.0,0.0,0.0,0.0,-5.8e-05,-0.000274,-7.9e-05,0.0,0.0,-0.000205,0.0,-6e-05,0.0,0.0,0.0,0.0,0.0,-6.6e-05,-0.000164,0.0,0.0,0.0,0.0,0.0,-9.7e-05,0.0,-4e-06,-0.000276,0.0,0.0,-0.000211,0.0,0.0,0.0,0.0,-0.000115,-0.000195,0.0,-5.5e-05,-4.2e-05,-0.000247,-0.000248,0.0,-0.000236,0.0,-0.000137,0.0,0.0,-4e-06,-0.000407,-0.000204,-0.000144,-0.000118,-0.000249,-5e-06,0.0,0.0,0.0,0.0,0.0,-5.9e-05,-0.000197
2017-05-26 09:52:00+02:00,0.0,0.0,0.0,-0.00013,0.0,0.0,0.0,-7e-06,-0.000178,0.0,0.0,0.0,-0.000259,-0.000224,-4.3e-05,-0.000236,0.0,0.0,0.0,-0.000187,0.0,-0.000182,-1.1e-05,0.0,-0.000328,-0.000308,-3e-06,0.0,-0.0,0.0,0.0,-0.000157,0.0,-0.000136,-0.000184,0.0,0.0,-6e-06,0.0,-0.000387,-4e-06,0.0,0.0,0.0,0.0,0.0,-2.2e-05,-6.5e-05,-5.6e-05,0.0,0.0,-7.5e-05,-0.000119,-0.000252,0.0,0.0,0.0,0.0,0.0,0.0,-7.5e-05,-0.000346,-0.000101,0.0,0.0,-0.000264,0.0,-7.7e-05,0.0,0.0,0.0,0.0,0.0,-8.4e-05,-0.000208,0.0,0.0,0.0,0.0,0.0,-0.000125,0.0,-3e-06,-0.000349,0.0,0.0,-0.000268,0.0,0.0,0.0,0.0,-0.000147,-0.000247,0.0,-7.2e-05,-4.6e-05,-0.000317,-0.000318,0.0,-0.000297,0.0,-0.000178,0.0,0.0,-3e-06,-0.000516,-0.000258,-0.000183,-0.000154,-0.000319,-4e-06,0.0,0.0,0.0,0.0,0.0,-7.2e-05,-0.00025
2017-05-26 09:53:00+02:00,0.0,0.0,0.0,-0.0002,0.0,0.0,-5e-06,-2.7e-05,-0.000231,0.0,0.0,0.0,-0.000325,-0.000283,-6.7e-05,-0.000327,0.0,0.0,0.0,-0.000259,0.0,-0.000254,-4.9e-05,0.0,-0.000425,-0.000413,-2.1e-05,0.0,-1.3e-05,0.0,0.0,-0.000205,0.0,-0.000179,-0.000236,0.0,0.0,-3.8e-05,0.0,-0.000495,-2.1e-05,0.0,0.0,0.0,0.0,-2e-05,-4.7e-05,-9.8e-05,-8.6e-05,0.0,0.0,-0.000109,-0.000165,-0.000317,0.0,0.0,0.0,0.0,0.0,0.0,-0.000109,-0.000447,-0.000163,0.0,0.0,-0.00036,0.0,-0.000112,0.0,0.0,-1e-06,0.0,0.0,-0.000119,-0.000264,0.0,0.0,0.0,-1.6e-05,0.0,-0.000173,0.0,-3.2e-05,-0.00045,0.0,0.0,-0.000337,0.0,0.0,0.0,0.0,-0.000199,-0.000311,0.0,-0.000107,-8.6e-05,-0.000423,-0.000424,0.0,-0.000388,0.0,-0.000257,-5e-06,0.0,-2.1e-05,-0.000648,-0.000325,-0.000253,-0.000228,-0.000426,-2.3e-05,-7e-06,0.0,0.0,0.0,-5e-06,-0.000127,-0.000315
2017-05-26 09:54:00+02:00,0.0,0.0,0.0,-0.000238,0.0,0.0,-4e-06,-3.7e-05,-0.000259,0.0,0.0,0.0,-0.000365,-0.000319,-7.9e-05,-0.00038,0.0,0.0,0.0,-0.000295,0.0,-0.00029,-6.6e-05,0.0,-0.00048,-0.000476,-2.7e-05,0.0,-1.5e-05,0.0,0.0,-0.000231,0.0,-0.000204,-0.000267,0.0,0.0,-5e-05,0.0,-0.000558,-2.9e-05,0.0,0.0,0.0,0.0,-2.3e-05,-5.8e-05,-0.000112,-9.9e-05,0.0,0.0,-0.000124,-0.000191,-0.000356,0.0,0.0,0.0,0.0,0.0,0.0,-0.000125,-0.000505,-0.000195,0.0,0.0,-0.000416,0.0,-0.000128,0.0,0.0,-1e-06,0.0,0.0,-0.000135,-0.000298,0.0,0.0,0.0,-1.7e-05,0.0,-0.000201,0.0,-4e-05,-0.000508,0.0,0.0,-0.000376,0.0,0.0,0.0,0.0,-0.000229,-0.000349,0.0,-0.000128,-0.000102,-0.000487,-0.000488,0.0,-0.000439,0.0,-0.000302,-4e-06,0.0,-2.8e-05,-0.000726,-0.000364,-0.000291,-0.00027,-0.00049,-3.1e-05,-6e-06,0.0,0.0,0.0,-4e-06,-0.000154,-0.000353
2017-05-26 09:55:00+02:00,0.0,0.0,0.0,-0.000237,0.0,0.0,-3e-06,-2.9e-05,-0.000272,0.0,0.0,0.0,-0.000386,-0.000336,-7.6e-05,-0.000392,0.0,0.0,0.0,-0.000302,0.0,-0.000295,-5.3e-05,0.0,-0.0005,-0.000496,-2.2e-05,0.0,-1.2e-05,0.0,0.0,-0.000241,0.0,-0.000211,-0.000279,0.0,0.0,-4e-05,0.0,-0.000586,-2.3e-05,0.0,0.0,0.0,0.0,-1.8e-05,-5.1e-05,-0.000111,-9.7e-05,0.0,0.0,-0.000125,-0.000198,-0.000376,0.0,0.0,0.0,0.0,0.0,0.0,-0.000126,-0.000528,-0.00019,0.0,0.0,-0.000432,0.0,-0.000129,0.0,0.0,-1e-06,0.0,0.0,-0.000138,-0.000313,0.0,0.0,0.0,-1.3e-05,0.0,-0.000208,0.0,-3.2e-05,-0.000532,0.0,0.0,-0.0004,0.0,0.0,0.0,0.0,-0.000239,-0.000369,0.0,-0.000128,-8.8e-05,-0.000508,-0.00051,0.0,-0.000457,0.0,-0.000307,-3e-06,0.0,-2.2e-05,-0.000768,-0.000385,-0.000296,-0.000273,-0.000512,-2.5e-05,-5e-06,0.0,0.0,0.0,-3e-06,-0.000144,-0.000374
2017-05-26 09:56:00+02:00,0.0,0.0,0.0,-0.000271,0.0,0.0,-1e-05,-4.7e-05,-0.000297,0.0,0.0,0.0,-0.000413,-0.00036,-8.9e-05,-0.000432,0.0,0.0,0.0,-0.000343,0.0,-0.000336,-8.3e-05,0.0,-0.000544,-0.00054,-3.7e-05,0.0,-1.9e-05,0.0,0.0,-0.000264,0.0,-0.000231,-0.000301,0.0,0.0,-6.6e-05,0.0,-0.000632,-3.7e-05,0.0,-0.0,0.0,0.0,-3e-05,-6.5e-05,-0.000132,-0.000115,0.0,0.0,-0.000146,-0.000218,-0.000402,0.0,0.0,0.0,0.0,0.0,0.0,-0.000146,-0.000572,-0.000221,0.0,0.0,-0.000473,0.0,-0.000151,0.0,0.0,-3e-06,0.0,0.0,-0.000157,-0.000335,0.0,0.0,0.0,-2.9e-05,0.0,-0.000229,0.0,-4.9e-05,-0.000576,0.0,0.0,-0.000431,0.0,0.0,0.0,0.0,-0.000261,-0.000395,0.0,-0.000145,-0.000114,-0.000552,-0.000554,0.0,-0.000499,0.0,-0.000343,-9e-06,0.0,-3.7e-05,-0.000822,-0.000413,-0.000331,-0.000307,-0.000556,-4e-05,-9e-06,0.0,0.0,0.0,-9e-06,-0.000172,-0.000402
2017-05-26 09:57:00+02:00,0.0,0.0,0.0,-0.000217,0.0,0.0,-8e-06,-3.7e-05,-0.000253,0.0,0.0,0.0,-0.000364,-0.000315,-7.1e-05,-0.000364,0.0,0.0,0.0,-0.000274,0.0,-0.000269,-6.6e-05,0.0,-0.000463,-0.000469,-2.9e-05,0.0,-1.6e-05,0.0,0.0,-0.000223,0.0,-0.000192,-0.000259,0.0,0.0,-5.3e-05,0.0,-0.000545,-3e-05,0.0,-0.0,0.0,0.0,-2.4e-05,-5.2e-05,-0.000106,-9.2e-05,0.0,0.0,-0.000116,-0.000184,-0.000354,0.0,0.0,0.0,0.0,0.0,0.0,-0.000117,-0.000488,-0.000177,0.0,0.0,-0.000404,0.0,-0.000121,0.0,0.0,-2e-06,0.0,0.0,-0.000126,-0.000292,0.0,0.0,0.0,-2.4e-05,0.0,-0.000194,0.0,-3.9e-05,-0.000492,0.0,0.0,-0.000378,0.0,0.0,0.0,0.0,-0.000225,-0.000347,0.0,-0.000116,-9.1e-05,-0.000481,-0.000483,0.0,-0.000419,0.0,-0.000278,-7e-06,0.0,-2.9e-05,-0.000723,-0.000363,-0.000265,-0.000246,-0.000485,-3.2e-05,-7e-06,0.0,0.0,0.0,-7e-06,-0.000138,-0.000352
2017-05-26 09:58:00+02:00,0.0,0.0,0.0,-0.000173,0.0,0.0,-6e-06,-3e-05,-0.000203,0.0,0.0,0.0,-0.000291,-0.000252,-5.7e-05,-0.000291,0.0,0.0,0.0,-0.000219,0.0,-0.000215,-5.3e-05,0.0,-0.000371,-0.000375,-2.4e-05,0.0,-1.2e-05,0.0,0.0,-0.000178,0.0,-0.000154,-0.000208,0.0,0.0,-4.2e-05,0.0,-0.000436,-2.4e-05,0.0,-0.0,0.0,0.0,-1.9e-05,-4.2e-05,-8.5e-05,-7.3e-05,0.0,0.0,-9.3e-05,-0.000147,-0.000283,0.0,0.0,0.0,0.0,0.0,0.0,-9.4e-05,-0.000391,-0.000142,0.0,0.0,-0.000323,0.0,-9.7e-05,0.0,0.0,-2e-06,0.0,0.0,-0.000101,-0.000234,0.0,0.0,0.0,-1.9e-05,0.0,-0.000155,0.0,-3.1e-05,-0.000394,0.0,0.0,-0.000302,0.0,0.0,0.0,0.0,-0.00018,-0.000278,0.0,-9.3e-05,-7.3e-05,-0.000385,-0.000386,0.0,-0.000335,0.0,-0.000223,-5e-06,0.0,-2.3e-05,-0.000579,-0.000291,-0.000212,-0.000197,-0.000388,-2.5e-05,-6e-06,0.0,0.0,0.0,-6e-06,-0.00011,-0.000282
2017-05-26 09:59:00+02:00,0.0,0.0,0.0,-0.000139,0.0,0.0,-5e-06,-2.4e-05,-0.000162,0.0,0.0,0.0,-0.000233,-0.000201,-4.6e-05,-0.000233,0.0,0.0,0.0,-0.000175,0.0,-0.000172,-4.2e-05,0.0,-0.000296,-0.0003,-1.9e-05,0.0,-1e-05,0.0,0.0,-0.000143,0.0,-0.000123,-0.000166,0.0,0.0,-3.4e-05,0.0,-0.000349,-1.9e-05,0.0,-0.0,0.0,0.0,-1.5e-05,-3.3e-05,-6.8e-05,-5.9e-05,0.0,0.0,-7.5e-05,-0.000118,-0.000227,0.0,0.0,0.0,0.0,0.0,0.0,-7.5e-05,-0.000312,-0.000113,0.0,0.0,-0.000258,0.0,-7.7e-05,0.0,0.0,-2e-06,0.0,0.0,-8e-05,-0.000187,0.0,0.0,0.0,-1.5e-05,0.0,-0.000124,0.0,-2.5e-05,-0.000315,0.0,0.0,-0.000242,0.0,0.0,0.0,0.0,-0.000144,-0.000222,0.0,-7.4e-05,-5.8e-05,-0.000308,-0.000309,0.0,-0.000268,0.0,-0.000178,-4e-06,0.0,-1.9e-05,-0.000463,-0.000233,-0.00017,-0.000157,-0.00031,-2e-05,-5e-06,0.0,0.0,0.0,-5e-06,-8.8e-05,-0.000225
2017-05-26 10:00:00+02:00,0.0,0.0,0.0,-0.000111,0.0,0.0,-4e-06,-1.9e-05,-0.00013,0.0,0.0,0.0,-0.000191,-0.000161,-3.7e-05,-0.000186,0.0,0.0,0.0,-0.00014,0.0,-0.000138,-3.4e-05,0.0,-0.000237,-0.00024,-1.5e-05,0.0,-8e-06,0.0,0.0,-0.000114,0.0,-9.8e-05,-0.000133,0.0,0.0,-2.7e-05,0.0,-0.000279,-1.5e-05,0.0,-0.0,0.0,0.0,-1.2e-05,-2.7e-05,-5.4e-05,-4.7e-05,0.0,0.0,-6e-05,-9.4e-05,-0.000186,0.0,0.0,0.0,0.0,0.0,0.0,-6e-05,-0.00025,-9.1e-05,0.0,0.0,-0.000207,0.0,-6.2e-05,0.0,0.0,-1e-06,0.0,0.0,-6.4e-05,-0.00015,0.0,0.0,0.0,-1.2e-05,0.0,-9.9e-05,0.0,-2e-05,-0.000252,0.0,0.0,-0.000196,0.0,0.0,0.0,0.0,-0.000115,-0.000181,0.0,-5.9e-05,-4.7e-05,-0.000246,-0.000247,0.0,-0.000214,0.0,-0.000142,-4e-06,0.0,-1.5e-05,-0.000379,-0.00019,-0.000136,-0.000126,-0.000248,-1.6e-05,-4e-06,0.0,0.0,0.0,-4e-06,-7.1e-05,-0.000182
2017-05-26 10:01:00+02:00,0.0,0.0,0.0,-8.9e-05,0.0,0.0,-3e-06,-1.5e-05,-0.000114,0.0,0.0,0.0,-0.000179,-0.000149,-2.9e-05,-0.000154,0.0,0.0,0.0,-0.000112,0.0,-0.00011,-2.7e-05,0.0,-0.000207,-0.000214,-1.2e-05,0.0,-6e-06,0.0,0.0,-9.8e-05,0.0,-8.1e-05,-0.000119,0.0,0.0,-2.2e-05,0.0,-0.00025,-1.2e-05,0.0,-0.0,0.0,0.0,-1e-05,-2.1e-05,-4.3e-05,-3.8e-05,0.0,0.0,-4.8e-05,-7.8e-05,-0.000174,0.0,0.0,0.0,0.0,0.0,0.0,-4.8e-05,-0.000218,-7.2e-05,0.0,0.0,-0.000177,0.0,-5e-05,0.0,0.0,-1e-06,0.0,0.0,-5.1e-05,-0.000137,0.0,0.0,0.0,-1e-05,0.0,-8.3e-05,0.0,-1.6e-05,-0.00022,0.0,0.0,-0.000181,0.0,0.0,0.0,0.0,-0.000101,-0.000168,0.0,-4.7e-05,-3.7e-05,-0.000221,-0.000222,0.0,-0.000181,0.0,-0.000114,-3e-06,0.0,-1.2e-05,-0.000355,-0.000177,-0.000109,-0.000101,-0.000223,-1.3e-05,-3e-06,0.0,0.0,0.0,-3e-06,-5.6e-05,-0.000169
2017-05-26 10:02:00+02:00,0.0,0.0,0.0,-7.1e-05,0.0,0.0,-3e-06,-1.2e-05,-9.1e-05,0.0,0.0,0.0,-0.000152,-0.000122,-2.3e-05,-0.000123,0.0,0.0,0.0,-9e-05,0.0,-8.8e-05,-2.2e-05,0.0,-0.000166,-0.000171,-1e-05,0.0,-5e-06,0.0,0.0,-7.8e-05,0.0,-6.5e-05,-9.5e-05,0.0,0.0,-1.7e-05,0.0,-0.0002,-1e-05,0.0,-0.0,0.0,0.0,-8e-06,-1.7e-05,-3.5e-05,-3e-05,0.0,0.0,-3.8e-05,-6.2e-05,-0.000147,0.0,0.0,0.0,0.0,0.0,0.0,-3.8e-05,-0.000175,-5.8e-05,0.0,0.0,-0.000141,0.0,-4e-05,0.0,0.0,-1e-06,0.0,0.0,-4.1e-05,-0.000111,0.0,0.0,0.0,-8e-06,0.0,-6.6e-05,0.0,-1.3e-05,-0.000176,0.0,0.0,-0.000151,0.0,0.0,0.0,0.0,-8.1e-05,-0.000141,0.0,-3.8e-05,-3e-05,-0.000177,-0.000178,0.0,-0.000145,0.0,-9.1e-05,-2e-06,0.0,-1e-05,-0.0003,-0.000149,-8.7e-05,-8.1e-05,-0.000179,-1e-05,-2e-06,0.0,0.0,0.0,-2e-06,-4.5e-05,-0.00014
2017-05-26 10:03:00+02:00,0.0,0.0,0.0,-5.7e-05,0.0,0.0,-2e-06,-1e-05,-9e-05,0.0,0.0,0.0,-0.000156,-0.000125,-1.9e-05,-0.000115,0.0,0.0,0.0,-7.2e-05,0.0,-7.1e-05,-1.7e-05,0.0,-0.000163,-0.000172,-8e-06,0.0,-4e-06,0.0,0.0,-7.5e-05,0.0,-6e-05,-9.5e-05,0.0,0.0,-1.4e-05,0.0,-0.000201,-8e-06,0.0,-0.0,0.0,0.0,-6e-06,-1.4e-05,-2.8e-05,-2.4e-05,0.0,0.0,-3.1e-05,-5.9e-05,-0.000151,0.0,0.0,0.0,0.0,0.0,0.0,-3.1e-05,-0.000171,-4.6e-05,0.0,0.0,-0.000137,0.0,-3.2e-05,0.0,0.0,-1e-06,0.0,0.0,-3.3e-05,-0.000113,0.0,0.0,0.0,-6e-06,0.0,-6.2e-05,0.0,-1e-05,-0.000173,0.0,0.0,-0.000155,0.0,0.0,0.0,0.0,-8e-05,-0.000145,0.0,-3e-05,-2.4e-05,-0.000179,-0.00018,0.0,-0.000137,0.0,-7.4e-05,-2e-06,0.0,-8e-06,-0.000307,-0.000153,-6.9e-05,-6.4e-05,-0.00018,-8e-06,-2e-06,0.0,0.0,0.0,-2e-06,-3.6e-05,-0.000144
2017-05-26 10:04:00+02:00,0.0,0.0,0.0,-4.5e-05,0.0,0.0,-2e-06,-8e-06,-8.3e-05,0.0,0.0,0.0,-0.000153,-0.000122,-1.5e-05,-9.8e-05,0.0,0.0,0.0,-5.7e-05,0.0,-5.6e-05,-1.4e-05,0.0,-0.000151,-0.000161,-6e-06,0.0,-3e-06,0.0,0.0,-6.8e-05,0.0,-5.2e-05,-9.1e-05,0.0,0.0,-1.1e-05,0.0,-0.000191,-6e-06,0.0,-0.0,0.0,0.0,-5e-06,-1.1e-05,-2.2e-05,-1.9e-05,0.0,0.0,-2.4e-05,-5e-05,-0.000148,0.0,0.0,0.0,0.0,0.0,0.0,-2.5e-05,-0.000158,-3.7e-05,0.0,0.0,-0.000122,0.0,-2.5e-05,0.0,0.0,-1e-06,0.0,0.0,-2.6e-05,-0.000109,0.0,0.0,0.0,-5e-06,0.0,-5.4e-05,0.0,-8e-06,-0.000161,0.0,0.0,-0.000151,0.0,0.0,0.0,0.0,-7.4e-05,-0.000142,0.0,-2.4e-05,-1.9e-05,-0.000168,-0.000169,0.0,-0.000123,0.0,-5.9e-05,-1e-06,0.0,-6e-06,-0.000301,-0.00015,-5.6e-05,-5.2e-05,-0.00017,-7e-06,-1e-06,0.0,0.0,0.0,-2e-06,-2.9e-05,-0.000141
2017-05-26 10:05:00+02:00,0.0,0.0,0.0,-3.6e-05,0.0,0.0,-1e-06,-6e-06,-6.8e-05,0.0,0.0,0.0,-0.000139,-0.000109,-1.2e-05,-7.8e-05,0.0,0.0,0.0,-4.6e-05,0.0,-4.5e-05,-1.1e-05,0.0,-0.000122,-0.000129,-5e-06,0.0,-3e-06,0.0,0.0,-5.5e-05,0.0,-4.2e-05,-7.7e-05,0.0,0.0,-9e-06,0.0,-0.000162,-5e-06,0.0,-0.0,0.0,0.0,-4e-06,-9e-06,-1.8e-05,-1.5e-05,0.0,0.0,-2e-05,-4e-05,-0.000135,0.0,0.0,0.0,0.0,0.0,0.0,-2e-05,-0.000128,-3e-05,0.0,0.0,-9.8e-05,0.0,-2e-05,0.0,0.0,-0.0,0.0,0.0,-2.1e-05,-9.6e-05,0.0,0.0,0.0,-4e-06,0.0,-4.3e-05,0.0,-7e-06,-0.00013,0.0,0.0,-0.000136,0.0,0.0,0.0,0.0,-5.9e-05,-0.000128,0.0,-1.9e-05,-1.5e-05,-0.000136,-0.000137,0.0,-9.8e-05,0.0,-4.7e-05,-1e-06,0.0,-5e-06,-0.000274,-0.000137,-4.4e-05,-4.1e-05,-0.000138,-5e-06,-1e-06,0.0,0.0,0.0,-1e-06,-2.3e-05,-0.000127
2017-05-26 10:06:00+02:00,0.0,0.0,0.0,-2.9e-05,0.0,0.0,-1e-06,-5e-06,-5.4e-05,0.0,0.0,0.0,-0.000126,-9.6e-05,-1e-05,-6.3e-05,0.0,0.0,0.0,-3.7e-05,0.0,-3.6e-05,-9e-06,0.0,-9.7e-05,-0.000103,-4e-06,0.0,-2e-06,0.0,0.0,-4.4e-05,0.0,-3.3e-05,-6.3e-05,0.0,0.0,-7e-06,0.0,-0.000134,-4e-06,0.0,-0.0,0.0,0.0,-3e-06,-7e-06,-1.4e-05,-1.2e-05,0.0,0.0,-1.6e-05,-3.2e-05,-0.000122,0.0,0.0,0.0,0.0,0.0,0.0,-1.6e-05,-0.000103,-2.4e-05,0.0,0.0,-7.8e-05,0.0,-1.6e-05,0.0,0.0,-0.0,0.0,0.0,-1.7e-05,-8.3e-05,0.0,0.0,0.0,-3e-06,0.0,-3.4e-05,0.0,-5e-06,-0.000104,0.0,0.0,-0.000122,0.0,0.0,0.0,0.0,-4.7e-05,-0.000115,0.0,-1.6e-05,-1.2e-05,-0.000109,-0.000109,0.0,-7.9e-05,0.0,-3.8e-05,-1e-06,0.0,-4e-06,-0.000248,-0.000123,-3.6e-05,-3.3e-05,-0.00011,-4e-06,-1e-06,0.0,0.0,0.0,-1e-06,-1.8e-05,-0.000113
2017-05-26 10:07:00+02:00,0.0,0.0,0.0,-2.3e-05,0.0,0.0,-1e-06,-4e-06,-4.3e-05,0.0,0.0,0.0,-0.000111,-8e-05,-8e-06,-5e-05,0.0,0.0,0.0,-2.9e-05,0.0,-2.9e-05,-7e-06,0.0,-7.8e-05,-8.2e-05,-3e-06,0.0,-2e-06,0.0,0.0,-3.5e-05,0.0,-2.7e-05,-5.1e-05,0.0,0.0,-6e-06,0.0,-0.000107,-3e-06,0.0,-0.0,0.0,0.0,-3e-06,-6e-06,-1.1e-05,-1e-05,0.0,0.0,-1.3e-05,-2.6e-05,-0.000107,0.0,0.0,0.0,0.0,0.0,0.0,-1.3e-05,-8.2e-05,-1.9e-05,0.0,0.0,-6.2e-05,0.0,-1.3e-05,0.0,0.0,-0.0,0.0,0.0,-1.3e-05,-6.8e-05,0.0,0.0,0.0,-3e-06,0.0,-2.7e-05,0.0,-4e-06,-8.3e-05,0.0,0.0,-0.000104,0.0,0.0,0.0,0.0,-3.8e-05,-9.9e-05,0.0,-1.2e-05,-1e-05,-8.7e-05,-8.7e-05,0.0,-6.3e-05,0.0,-3e-05,-1e-06,0.0,-3e-06,-0.000217,-0.000107,-2.8e-05,-2.6e-05,-8.8e-05,-3e-06,-1e-06,0.0,0.0,0.0,-1e-06,-1.5e-05,-9.6e-05
2017-05-26 10:08:00+02:00,0.0,0.0,0.0,-1.9e-05,0.0,0.0,-1e-06,-3e-06,-4.2e-05,0.0,0.0,0.0,-0.000116,-8.4e-05,-6e-06,-4e-05,0.0,0.0,0.0,-2.4e-05,0.0,-2.3e-05,-6e-06,0.0,-7.6e-05,-7.4e-05,-3e-06,0.0,-1e-06,0.0,0.0,-3.2e-05,0.0,-2.2e-05,-5.2e-05,0.0,0.0,-5e-06,0.0,-0.000111,-3e-06,0.0,-0.0,0.0,0.0,-2e-06,-4e-06,-9e-06,-8e-06,0.0,0.0,-1e-05,-2.1e-05,-0.000112,0.0,0.0,0.0,0.0,0.0,0.0,-1e-05,-8.1e-05,-1.5e-05,0.0,0.0,-5e-05,0.0,-1e-05,0.0,0.0,-0.0,0.0,0.0,-1.1e-05,-7.1e-05,0.0,0.0,0.0,-2e-06,0.0,-2.2e-05,0.0,-3e-06,-8.3e-05,0.0,0.0,-0.000109,0.0,0.0,0.0,0.0,-3.2e-05,-0.000104,0.0,-1e-05,-8e-06,-8e-05,-8e-05,0.0,-5.6e-05,0.0,-2.4e-05,-1e-06,0.0,-3e-06,-0.000228,-0.000113,-2.3e-05,-2.1e-05,-8.1e-05,-3e-06,-1e-06,0.0,0.0,0.0,-1e-06,-1.2e-05,-0.000101
2017-05-26 10:09:00+02:00,0.0,0.0,0.0,-1.5e-05,0.0,0.0,-1e-06,-3e-06,-5e-05,0.0,0.0,0.0,-0.000129,-9.6e-05,-5e-06,-3.7e-05,0.0,0.0,0.0,-1.9e-05,0.0,-1.8e-05,-5e-06,0.0,-9e-05,-8.1e-05,-2e-06,0.0,-1e-06,0.0,0.0,-3.8e-05,0.0,-2.5e-05,-6.1e-05,0.0,0.0,-4e-06,0.0,-0.000129,-2e-06,0.0,-0.0,0.0,0.0,-2e-06,-4e-06,-7e-06,-6e-06,0.0,0.0,-8e-06,-1.9e-05,-0.000125,0.0,0.0,0.0,0.0,0.0,0.0,-8e-06,-9.6e-05,-1.2e-05,0.0,0.0,-5.1e-05,0.0,-8e-06,0.0,0.0,-0.0,0.0,0.0,-9e-06,-8.2e-05,0.0,0.0,0.0,-2e-06,0.0,-2.1e-05,0.0,-3e-06,-9.8e-05,0.0,0.0,-0.000123,0.0,0.0,0.0,0.0,-3.4e-05,-0.000117,0.0,-8e-06,-6e-06,-8.7e-05,-8.8e-05,0.0,-6.5e-05,0.0,-1.9e-05,-0.0,0.0,-2e-06,-0.000253,-0.000126,-1.8e-05,-1.7e-05,-8.9e-05,-2e-06,-0.0,0.0,0.0,0.0,-1e-06,-9e-06,-0.000114
2017-05-26 10:10:00+02:00,0.0,0.0,0.0,-1.2e-05,0.0,0.0,-0.0,-2e-06,-5.1e-05,0.0,0.0,0.0,-0.000135,-0.0001,-4e-06,-2.9e-05,0.0,0.0,0.0,-1.5e-05,0.0,-1.5e-05,-4e-06,0.0,-9.1e-05,-7.9e-05,-2e-06,0.0,-1e-06,0.0,0.0,-3.8e-05,0.0,-2.4e-05,-6.4e-05,0.0,0.0,-3e-06,0.0,-0.000135,-2e-06,0.0,-0.0,0.0,0.0,-1e-06,-3e-06,-6e-06,-5e-06,0.0,0.0,-6e-06,-1.5e-05,-0.00013,0.0,0.0,0.0,0.0,0.0,0.0,-6e-06,-9.9e-05,-1e-05,0.0,0.0,-4.5e-05,0.0,-7e-06,0.0,0.0,-0.0,0.0,0.0,-7e-06,-8.6e-05,0.0,0.0,0.0,-1e-06,0.0,-1.7e-05,0.0,-2e-06,-0.000101,0.0,0.0,-0.000127,0.0,0.0,0.0,0.0,-3.3e-05,-0.000122,0.0,-6e-06,-5e-06,-8.6e-05,-8.7e-05,0.0,-6.3e-05,0.0,-1.6e-05,-0.0,0.0,-2e-06,-0.000264,-0.000131,-1.5e-05,-1.4e-05,-8.8e-05,-2e-06,-0.0,0.0,0.0,0.0,-0.0,-8e-06,-0.000119
2017-05-26 10:11:00+02:00,0.0,0.0,0.0,-1e-05,0.0,0.0,-0.0,-2e-06,-5.7e-05,0.0,0.0,0.0,-0.000147,-0.00011,-3e-06,-2.8e-05,0.0,0.0,0.0,-1.2e-05,0.0,-1.2e-05,-3e-06,0.0,-0.000102,-8.7e-05,-1e-06,0.0,-1e-06,0.0,0.0,-4.2e-05,0.0,-2.6e-05,-7.1e-05,0.0,0.0,-2e-06,0.0,-0.000149,-1e-06,0.0,-0.0,0.0,0.0,-1e-06,-2e-06,-5e-06,-4e-06,0.0,0.0,-5e-06,-1.5e-05,-0.000142,0.0,0.0,0.0,0.0,0.0,0.0,-5e-06,-0.00011,-8e-06,0.0,0.0,-4.7e-05,0.0,-5e-06,0.0,0.0,-0.0,0.0,0.0,-6e-06,-9.5e-05,0.0,0.0,0.0,-1e-06,0.0,-1.6e-05,0.0,-2e-06,-0.000112,0.0,0.0,-0.000139,0.0,0.0,0.0,0.0,-3.6e-05,-0.000133,0.0,-5e-06,-4e-06,-9.5e-05,-9.6e-05,0.0,-7e-05,0.0,-1.2e-05,-0.0,0.0,-1e-06,-0.000287,-0.000143,-1.2e-05,-1.1e-05,-9.7e-05,-1e-06,-0.0,0.0,0.0,0.0,-0.0,-6e-06,-0.00013
2017-05-26 10:12:00+02:00,0.0,0.0,0.0,-4.9e-05,0.0,0.0,-0.0,-1e-06,-0.000104,0.0,0.0,0.0,-0.000201,-0.00016,-1.3e-05,-0.0001,0.0,0.0,0.0,-6.2e-05,0.0,-6.1e-05,-2e-06,0.0,-0.000188,-0.000171,-1e-06,0.0,-1e-06,0.0,0.0,-8.5e-05,0.0,-6.4e-05,-0.000116,0.0,0.0,-2e-06,0.0,-0.000241,-1e-06,0.0,-0.0,0.0,0.0,-1e-06,-5e-06,-2e-05,-1.8e-05,0.0,0.0,-2.5e-05,-5.1e-05,-0.000195,0.0,0.0,0.0,0.0,0.0,0.0,-2.5e-05,-0.000196,-3.6e-05,0.0,0.0,-0.000125,0.0,-2.5e-05,0.0,0.0,-0.0,0.0,0.0,-2.8e-05,-0.000142,0.0,0.0,0.0,-1e-06,0.0,-5.5e-05,0.0,-1e-06,-0.000199,0.0,0.0,-0.000197,0.0,0.0,0.0,0.0,-7.8e-05,-0.000185,0.0,-2.8e-05,-8e-06,-0.000181,-0.000182,0.0,-0.00015,0.0,-6.8e-05,-0.0,0.0,-1e-06,-0.000393,-0.000197,-6.5e-05,-5.8e-05,-0.000183,-1e-06,-0.0,0.0,0.0,0.0,-0.0,-2.4e-05,-0.000184
2017-05-26 10:13:00+02:00,0.0,0.0,0.0,-9.5e-05,0.0,0.0,-0.0,-1e-06,-0.000155,0.0,0.0,0.0,-0.000261,-0.000215,-3.1e-05,-0.000173,0.0,0.0,0.0,-0.000123,0.0,-0.00012,-2e-06,0.0,-0.000283,-0.000256,-1e-06,0.0,-0.0,0.0,0.0,-0.000132,0.0,-0.000107,-0.000165,0.0,0.0,-1e-06,0.0,-0.000343,-1e-06,0.0,-0.0,0.0,0.0,-1e-06,-1.4e-05,-4.2e-05,-4e-05,0.0,0.0,-5e-05,-8.9e-05,-0.000254,0.0,0.0,0.0,0.0,0.0,0.0,-5e-05,-0.000293,-7.2e-05,0.0,0.0,-0.000203,0.0,-5.1e-05,0.0,0.0,-0.0,0.0,0.0,-5.6e-05,-0.000195,0.0,0.0,0.0,-1e-06,0.0,-9.4e-05,0.0,-1e-06,-0.000296,0.0,0.0,-0.000259,0.0,0.0,0.0,0.0,-0.00012,-0.000244,0.0,-5.3e-05,-3e-05,-0.000267,-0.000268,0.0,-0.00024,0.0,-0.000127,-0.0,0.0,-1e-06,-0.000512,-0.000257,-0.000129,-0.000111,-0.000269,-1e-06,-0.0,0.0,0.0,0.0,-0.0,-5e-05,-0.000243
2017-05-26 10:14:00+02:00,0.0,0.0,0.0,-0.000144,0.0,0.0,-0.0,-1e-06,-0.000201,0.0,0.0,0.0,-0.000313,-0.000263,-5e-05,-0.000246,0.0,0.0,0.0,-0.00018,0.0,-0.000177,-1e-06,0.0,-0.000367,-0.000337,-1e-06,0.0,-3e-06,0.0,0.0,-0.000174,0.0,-0.000146,-0.000209,0.0,0.0,-1e-06,0.0,-0.000433,-1e-06,0.0,-0.0,0.0,0.0,-2e-06,-2.8e-05,-6.5e-05,-6.4e-05,0.0,0.0,-7.6e-05,-0.000126,-0.000305,0.0,0.0,0.0,0.0,0.0,0.0,-7.6e-05,-0.000379,-0.000114,0.0,0.0,-0.000279,0.0,-7.7e-05,0.0,0.0,-0.0,0.0,0.0,-8.3e-05,-0.000241,0.0,0.0,0.0,-1e-06,0.0,-0.000132,0.0,-1e-05,-0.000383,0.0,0.0,-0.000315,0.0,0.0,0.0,0.0,-0.000161,-0.000295,0.0,-7.9e-05,-5.7e-05,-0.000349,-0.00035,0.0,-0.00032,0.0,-0.000187,-0.0,0.0,-1e-06,-0.000615,-0.00031,-0.000191,-0.000166,-0.000352,-1e-06,-0.0,0.0,0.0,0.0,-0.0,-8.5e-05,-0.000296
2017-05-26 10:15:00+02:00,0.0,0.0,0.0,-0.000152,0.0,0.0,-0.0,-1e-06,-0.000214,0.0,0.0,0.0,-0.00033,-0.000279,-4.7e-05,-0.000268,0.0,0.0,0.0,-0.000179,0.0,-0.000175,-1e-06,0.0,-0.000392,-0.000365,-1e-06,0.0,-2e-06,0.0,0.0,-0.000186,0.0,-0.000157,-0.000222,0.0,0.0,-1e-06,0.0,-0.00046,-1e-06,0.0,-0.0,0.0,0.0,-2e-06,-2.3e-05,-5.8e-05,-6.2e-05,0.0,0.0,-7.2e-05,-0.000137,-0.000321,0.0,0.0,0.0,0.0,0.0,0.0,-7.2e-05,-0.000404,-0.000116,0.0,0.0,-0.000304,0.0,-7.3e-05,0.0,0.0,-0.0,0.0,0.0,-8.2e-05,-0.000256,0.0,0.0,0.0,-0.0,0.0,-0.000144,0.0,-8e-06,-0.000407,0.0,0.0,-0.000332,0.0,0.0,0.0,0.0,-0.000174,-0.000312,0.0,-8.4e-05,-4.5e-05,-0.000377,-0.000379,0.0,-0.000343,0.0,-0.000202,-0.0,0.0,-1e-06,-0.000648,-0.000327,-0.0002,-0.000177,-0.00038,-1e-06,-0.0,0.0,0.0,0.0,-0.0,-8.1e-05,-0.000312
2017-05-26 10:16:00+02:00,0.0,0.0,0.0,-0.000132,0.0,0.0,-0.0,-1e-06,-0.000209,0.0,0.0,0.0,-0.000329,-0.000277,-3.8e-05,-0.00026,0.0,0.0,0.0,-0.00017,0.0,-0.000164,-1e-06,0.0,-0.000383,-0.000362,-0.0,0.0,-2e-06,0.0,0.0,-0.000181,0.0,-0.000151,-0.00022,0.0,0.0,-1e-06,0.0,-0.000455,-0.0,0.0,-0.0,0.0,0.0,-1e-06,-1.9e-05,-4.8e-05,-5e-05,0.0,0.0,-6.5e-05,-0.000133,-0.000321,0.0,0.0,0.0,0.0,0.0,0.0,-6.4e-05,-0.000396,-9.3e-05,0.0,0.0,-0.000298,0.0,-6.4e-05,0.0,0.0,-0.0,0.0,0.0,-7.6e-05,-0.000254,0.0,0.0,0.0,-0.0,0.0,-0.00014,0.0,-6e-06,-0.0004,0.0,0.0,-0.000329,0.0,0.0,0.0,0.0,-0.000172,-0.000311,0.0,-7.6e-05,-3.6e-05,-0.000375,-0.000376,0.0,-0.000333,0.0,-0.000188,-0.0,0.0,-0.0,-0.000647,-0.000326,-0.000181,-0.000161,-0.000377,-0.0,-0.0,0.0,0.0,0.0,-0.0,-6.5e-05,-0.000311
2017-05-26 10:17:00+02:00,0.0,0.0,0.0,-0.000148,0.0,0.0,-0.0,-0.0,-0.000227,0.0,0.0,0.0,-0.000355,-0.0003,-3.8e-05,-0.000292,0.0,0.0,0.0,-0.000195,0.0,-0.000189,-1e-06,0.0,-0.000417,-0.0004,-0.0,0.0,-1e-06,0.0,0.0,-0.000197,0.0,-0.000166,-0.000239,0.0,0.0,-1e-06,0.0,-0.000494,-0.0,0.0,-0.0,0.0,0.0,-1e-06,-1.5e-05,-5.6e-05,-5.2e-05,0.0,0.0,-7.5e-05,-0.000149,-0.000346,0.0,0.0,0.0,0.0,0.0,0.0,-7.4e-05,-0.000432,-0.000103,0.0,0.0,-0.000332,0.0,-7.4e-05,0.0,0.0,-0.0,0.0,0.0,-8.8e-05,-0.000275,0.0,0.0,0.0,-0.0,0.0,-0.000157,0.0,-5e-06,-0.000436,0.0,0.0,-0.000354,0.0,0.0,0.0,0.0,-0.000191,-0.000335,0.0,-8.6e-05,-2.9e-05,-0.000414,-0.000416,0.0,-0.000364,0.0,-0.000211,-0.0,0.0,-0.0,-0.000696,-0.000351,-0.000199,-0.000181,-0.000417,-0.0,-0.0,0.0,0.0,0.0,-0.0,-6.7e-05,-0.000335
2017-05-26 10:18:00+02:00,0.0,0.0,0.0,-0.000225,0.0,0.0,-0.0,-1.1e-05,-0.000281,0.0,0.0,0.0,-0.000418,-0.000358,-6.6e-05,-0.000386,0.0,0.0,0.0,-0.000278,0.0,-0.000272,-1.9e-05,0.0,-0.000516,-0.000505,-6e-06,0.0,-1.6e-05,0.0,0.0,-0.000248,0.0,-0.000212,-0.000291,0.0,0.0,-1.2e-05,0.0,-0.000601,-8e-06,0.0,-3e-06,0.0,0.0,-2.4e-05,-4.5e-05,-9.7e-05,-8.6e-05,0.0,0.0,-0.000116,-0.000198,-0.000408,0.0,0.0,0.0,0.0,0.0,0.0,-0.000116,-0.000534,-0.000174,0.0,0.0,-0.000431,0.0,-0.000117,0.0,0.0,-4e-06,0.0,0.0,-0.000128,-0.00033,0.0,0.0,0.0,-0.0,0.0,-0.000207,0.0,-3.7e-05,-0.000538,0.0,0.0,-0.000422,0.0,0.0,0.0,0.0,-0.000244,-0.000397,0.0,-0.000125,-7.5e-05,-0.000519,-0.000521,0.0,-0.000459,0.0,-0.000297,-8e-06,0.0,-7e-06,-0.00082,-0.000415,-0.000277,-0.000262,-0.000523,-8e-06,-9e-06,0.0,0.0,0.0,-1e-05,-0.00013,-0.000398
2017-05-26 10:19:00+02:00,0.0,0.0,0.0,-0.000282,0.0,0.0,-0.0,-2.1e-05,-0.000319,0.0,0.0,0.0,-0.00046,-0.000397,-8.9e-05,-0.000454,0.0,0.0,0.0,-0.000343,0.0,-0.000337,-3.8e-05,0.0,-0.000586,-0.000577,-1.4e-05,0.0,-2.8e-05,0.0,0.0,-0.000283,0.0,-0.000245,-0.000327,0.0,0.0,-2.6e-05,0.0,-0.000675,-1.6e-05,0.0,-1.3e-05,0.0,0.0,-4.6e-05,-6.9e-05,-0.00013,-0.000112,0.0,0.0,-0.000148,-0.000232,-0.000449,0.0,0.0,0.0,0.0,0.0,0.0,-0.000148,-0.000605,-0.000228,0.0,0.0,-0.0005,0.0,-0.000151,0.0,0.0,-1.1e-05,0.0,0.0,-0.00016,-0.000368,0.0,0.0,0.0,-0.0,0.0,-0.000243,0.0,-6.5e-05,-0.00061,0.0,0.0,-0.000467,0.0,0.0,0.0,0.0,-0.000281,-0.000438,0.0,-0.000154,-0.000113,-0.000592,-0.000594,0.0,-0.000526,0.0,-0.000359,-1.8e-05,0.0,-1.5e-05,-0.000903,-0.000458,-0.000335,-0.000322,-0.000596,-1.7e-05,-1.8e-05,0.0,0.0,0.0,-2.5e-05,-0.000179,-0.000441
2017-05-26 10:20:00+02:00,0.0,0.0,0.0,-0.000256,0.0,0.0,-0.0,-1.7e-05,-0.000307,0.0,0.0,0.0,-0.00045,-0.000388,-7.5e-05,-0.00043,0.0,0.0,0.0,-0.000316,0.0,-0.000308,-3e-05,0.0,-0.000564,-0.000554,-1.1e-05,0.0,-2.3e-05,0.0,0.0,-0.000272,0.0,-0.000235,-0.000318,0.0,0.0,-2.1e-05,0.0,-0.000655,-1.3e-05,0.0,-1e-05,0.0,0.0,-3.7e-05,-5.5e-05,-0.000114,-9.7e-05,0.0,0.0,-0.000134,-0.00022,-0.000439,0.0,0.0,0.0,0.0,0.0,0.0,-0.000133,-0.000584,-0.000201,0.0,0.0,-0.000477,0.0,-0.000135,0.0,0.0,-9e-06,0.0,0.0,-0.000146,-0.000359,0.0,0.0,0.0,-0.0,0.0,-0.00023,0.0,-5.2e-05,-0.000589,0.0,0.0,-0.000455,0.0,0.0,0.0,0.0,-0.000268,-0.000428,0.0,-0.000142,-9.1e-05,-0.000569,-0.000571,0.0,-0.000504,0.0,-0.000334,-1.5e-05,0.0,-1.2e-05,-0.000883,-0.000447,-0.000311,-0.000297,-0.000572,-1.3e-05,-1.4e-05,0.0,0.0,0.0,-2e-05,-0.00015,-0.00043
2017-05-26 10:21:00+02:00,0.0,0.0,0.0,-0.000229,0.0,0.0,-0.0,-1.4e-05,-0.000293,0.0,0.0,0.0,-0.000442,-0.000379,-6e-05,-0.00041,0.0,0.0,0.0,-0.000282,0.0,-0.000275,-2.4e-05,0.0,-0.00054,-0.000536,-9e-06,0.0,-1.8e-05,0.0,0.0,-0.000259,0.0,-0.000222,-0.000308,0.0,0.0,-1.6e-05,0.0,-0.000634,-1e-05,0.0,-8e-06,0.0,0.0,-2.9e-05,-4.4e-05,-9.4e-05,-7.8e-05,0.0,0.0,-0.000116,-0.00021,-0.000432,0.0,0.0,0.0,0.0,0.0,0.0,-0.000115,-0.000562,-0.000171,0.0,0.0,-0.000457,0.0,-0.000116,0.0,0.0,-7e-06,0.0,0.0,-0.000129,-0.000351,0.0,0.0,0.0,-0.0,0.0,-0.000219,0.0,-4.2e-05,-0.000567,0.0,0.0,-0.000443,0.0,0.0,0.0,0.0,-0.000259,-0.00042,0.0,-0.00013,-7.2e-05,-0.000552,-0.000554,0.0,-0.00048,0.0,-0.00031,-1.2e-05,0.0,-9e-06,-0.000868,-0.000439,-0.00028,-0.000271,-0.000555,-1.1e-05,-1.1e-05,0.0,0.0,0.0,-1.6e-05,-0.00012,-0.00042
2017-05-26 10:22:00+02:00,0.0,0.0,0.0,-0.000329,0.0,0.0,-0.0,-2.6e-05,-0.000365,0.0,0.0,0.0,-0.00053,-0.000459,-0.0001,-0.000531,0.0,0.0,0.0,-0.000388,0.0,-0.00038,-4.7e-05,0.0,-0.000674,-0.000671,-1.7e-05,0.0,-3.8e-05,0.0,0.0,-0.000326,0.0,-0.000284,-0.00038,0.0,-1e-06,-3.3e-05,0.0,-0.000781,-2e-05,0.0,-1.9e-05,0.0,0.0,-6.4e-05,-8.2e-05,-0.000144,-0.000125,0.0,0.0,-0.000166,-0.000272,-0.000518,0.0,0.0,0.0,0.0,0.0,0.0,-0.000166,-0.0007,-0.000263,0.0,0.0,-0.000584,0.0,-0.000168,0.0,0.0,-1.6e-05,0.0,0.0,-0.000181,-0.000428,0.0,0.0,0.0,-0.0,0.0,-0.000283,0.0,-8.6e-05,-0.000705,0.0,0.0,-0.000534,0.0,0.0,0.0,0.0,-0.000327,-0.000505,0.0,-0.00018,-0.000136,-0.000689,-0.000691,0.0,-0.000608,0.0,-0.00042,-2.4e-05,0.0,-1.8e-05,-0.00104,-0.000527,-0.000385,-0.000376,-0.000693,-2.1e-05,-2.6e-05,0.0,0.0,0.0,-3.4e-05,-0.000203,-0.000507
2017-05-26 10:23:00+02:00,0.0,0.0,-6.9e-05,-0.000567,-5.9e-05,0.0,-8e-05,-0.00013,-0.000534,-3.4e-05,0.0,0.0,-0.000715,-0.000631,-0.000215,-0.000798,-2.6e-05,0.0,0.0,-0.000657,0.0,-0.000648,-0.000233,0.0,-0.000979,-0.000956,-0.000116,0.0,-0.000132,-8e-06,0.0,-0.000482,0.0,-0.00043,-0.000537,0.0,-0.00015,-0.000209,0.0,-0.001103,-0.000115,0.0,-0.000183,0.0,-5e-05,-0.000232,-0.000197,-0.000284,-0.000257,0.0,0.0,-0.000302,-0.000408,-0.000698,0.0,0.0,-5e-05,0.0,0.0,-0.000113,-0.000304,-0.001011,-0.000492,0.0,-7.5e-05,-0.000858,-6.3e-05,-0.000312,0.0,-5.9e-05,-0.000106,-2.2e-05,0.0,-0.000313,-0.000592,0.0,-6.2e-05,0.0,-0.000154,0.0,-0.000426,0.0,-0.000264,-0.001017,-2.1e-05,-3.4e-05,-0.000733,0.0,0.0,0.0,-2.5e-05,-0.000473,-0.000687,0.0,-0.000299,-0.000351,-0.000975,-0.000978,0.0,-0.000904,-2e-06,-0.000671,-0.000122,0.0,-0.000114,-0.001401,-0.000714,-0.00065,-0.000621,-0.00098,-0.000118,-0.000113,-7.1e-05,0.0,-7.8e-05,-0.000207,-0.000422,-0.000695
2017-05-26 10:24:00+02:00,0.0,0.0,-9.7e-05,-0.000709,-6.9e-05,0.0,-0.00012,-0.000187,-0.000626,-3.9e-05,0.0,0.0,-0.000824,-0.000734,-0.00028,-0.000959,-2.1e-05,0.0,0.0,-0.00084,0.0,-0.00083,-0.00034,0.0,-0.001155,-0.001129,-0.000169,0.0,-0.000181,-6e-06,0.0,-0.00057,0.0,-0.000514,-0.00063,0.0,-0.00022,-0.000309,0.0,-0.001293,-0.000168,0.0,-0.000291,0.0,-5.3e-05,-0.000323,-0.00026,-0.000375,-0.000328,0.0,0.0,-0.000393,-0.000489,-0.000806,0.0,0.0,-6.2e-05,0.0,0.0,-0.000164,-0.000396,-0.001192,-0.000627,0.0,-0.000108,-0.001023,-9e-05,-0.000405,0.0,-8.4e-05,-0.000164,-2e-05,0.0,-0.000404,-0.000691,0.0,-7.3e-05,0.0,-0.000238,0.0,-0.000509,0.0,-0.000362,-0.001199,-1.7e-05,-3.3e-05,-0.000843,0.0,0.0,0.0,-2.5e-05,-0.000559,-0.000793,0.0,-0.000371,-0.000468,-0.001149,-0.001151,0.0,-0.001074,-2e-06,-0.000821,-0.000185,0.0,-0.000167,-0.001615,-0.000822,-0.000801,-0.000767,-0.001154,-0.000172,-0.000158,-0.000114,0.0,-0.000103,-0.000322,-0.00055,-0.000802
2017-05-26 10:25:00+02:00,0.0,0.0,-8.3e-05,-0.00082,-5.5e-05,0.0,-0.000138,-0.000222,-0.000691,-3.1e-05,0.0,0.0,-0.000906,-0.00081,-0.000317,-0.001094,-1.7e-05,0.0,0.0,-0.000988,0.0,-0.000977,-0.000406,0.0,-0.001279,-0.00128,-0.0002,0.0,-0.00021,-5e-06,0.0,-0.000631,0.0,-0.000571,-0.000699,0.0,-0.000235,-0.000367,0.0,-0.001431,-0.000199,0.0,-0.000355,0.0,-4.2e-05,-0.000375,-0.000303,-0.000445,-0.00037,0.0,0.0,-0.000464,-0.000558,-0.000887,0.0,0.0,-5e-05,0.0,0.0,-0.000174,-0.000467,-0.001322,-0.000731,0.0,-9.9e-05,-0.001165,-9.5e-05,-0.000478,0.0,-8.8e-05,-0.000199,-1.6e-05,0.0,-0.000476,-0.000764,0.0,-5.8e-05,0.0,-0.000279,0.0,-0.00058,0.0,-0.000423,-0.001329,-1.4e-05,-2.7e-05,-0.000924,0.0,0.0,0.0,-2e-05,-0.000635,-0.000873,0.0,-0.000429,-0.000528,-0.001302,-0.001305,0.0,-0.001192,-1e-06,-0.000944,-0.000225,0.0,-0.000198,-0.001776,-0.000904,-0.000898,-0.000884,-0.001308,-0.000205,-0.000183,-0.000133,0.0,-8.7e-05,-0.000393,-0.000644,-0.000882
2017-05-26 10:26:00+02:00,0.0,0.0,-0.000188,-0.00105,-0.000135,-9e-06,-0.000218,-0.000319,-0.000843,-7.4e-05,0.0,0.0,-0.001078,-0.000971,-0.000421,-0.001354,-7.6e-05,0.0,-2.6e-05,-0.001274,0.0,-0.001262,-0.000583,0.0,-0.00156,-0.001558,-0.000294,0.0,-0.000301,-2.9e-05,0.0,-0.000774,0.0,-0.000705,-0.000846,0.0,-0.000374,-0.000539,0.0,-0.001731,-0.00029,0.0,-0.000542,0.0,-0.000114,-0.00054,-0.000411,-0.000591,-0.000487,0.0,0.0,-0.000607,-0.000691,-0.001056,0.0,0.0,-0.000135,0.0,0.0,-0.000298,-0.000612,-0.00161,-0.00095,0.0,-0.000209,-0.001432,-0.000163,-0.000628,0.0,-0.000153,-0.000301,-4.7e-05,0.0,-0.000617,-0.000919,0.0,-0.000137,0.0,-0.000433,0.0,-0.000717,0.0,-0.000596,-0.001618,-5.6e-05,-9.5e-05,-0.001105,0.0,0.0,0.0,-5.7e-05,-0.000776,-0.001043,0.0,-0.000545,-0.000722,-0.001582,-0.001585,0.0,-0.001464,-1e-05,-0.001187,-0.000333,0.0,-0.00029,-0.002114,-0.001078,-0.001139,-0.00112,-0.001589,-0.000297,-0.000268,-0.000217,0.0,-0.000185,-0.000588,-0.000854,-0.001055
2017-05-26 10:27:00+02:00,0.0,0.0,-0.000212,-0.001141,-0.000148,-7e-06,-0.000247,-0.000359,-0.000906,-7.7e-05,0.0,0.0,-0.001151,-0.001039,-0.000463,-0.00146,-7.2e-05,0.0,-2e-05,-0.001401,0.0,-0.001389,-0.000657,0.0,-0.001677,-0.001673,-0.000331,0.0,-0.000332,-2.3e-05,0.0,-0.000832,0.0,-0.00076,-0.000909,0.0,-0.00042,-0.000608,0.0,-0.001858,-0.000327,0.0,-0.000616,0.0,-0.000121,-0.000597,-0.000451,-0.000654,-0.000534,0.0,0.0,-0.00067,-0.000745,-0.001127,0.0,0.0,-0.000148,0.0,0.0,-0.000338,-0.000676,-0.001731,-0.001037,0.0,-0.000237,-0.001541,-0.000184,-0.000692,0.0,-0.000173,-0.000341,-4.4e-05,0.0,-0.00068,-0.000985,0.0,-0.000144,0.0,-0.000492,0.0,-0.000773,0.0,-0.000658,-0.001739,-4.5e-05,-9.7e-05,-0.00118,0.0,0.0,0.0,-5.9e-05,-0.000834,-0.001114,0.0,-0.000591,-0.000798,-0.001698,-0.001701,0.0,-0.001577,-8e-06,-0.001285,-0.000377,0.0,-0.000327,-0.002256,-0.001151,-0.001238,-0.001215,-0.001705,-0.000334,-0.000296,-0.000247,0.0,-0.000209,-0.000667,-0.000935,-0.001127
2017-05-26 10:28:00+02:00,0.0,0.0,-0.00017,-0.001085,-0.000118,-6e-06,-0.000208,-0.000325,-0.000882,-6.2e-05,0.0,0.0,-0.001133,-0.001021,-0.000437,-0.001409,-5.8e-05,0.0,-1.6e-05,-0.001367,0.0,-0.001355,-0.000595,0.0,-0.001635,-0.001625,-0.000296,0.0,-0.000295,-1.9e-05,0.0,-0.00081,0.0,-0.000738,-0.000889,0.0,-0.000346,-0.000544,0.0,-0.001818,-0.000294,0.0,-0.000558,0.0,-9.7e-05,-0.000527,-0.000417,-0.000633,-0.000505,0.0,0.0,-0.000652,-0.000719,-0.00111,0.0,0.0,-0.000118,0.0,0.0,-0.00027,-0.000657,-0.001689,-0.00098,0.0,-0.00019,-0.001492,-0.000147,-0.000672,0.0,-0.000138,-0.000311,-3.5e-05,0.0,-0.000663,-0.000967,0.0,-0.000116,0.0,-0.000423,0.0,-0.000746,0.0,-0.00059,-0.001698,-3.6e-05,-7.8e-05,-0.001159,0.0,0.0,0.0,-4.7e-05,-0.000809,-0.001096,0.0,-0.000565,-0.00074,-0.001651,-0.001654,0.0,-0.001533,-6e-06,-0.001232,-0.000347,0.0,-0.000293,-0.002221,-0.001132,-0.001189,-0.001161,-0.001658,-0.000302,-0.000257,-0.000211,0.0,-0.000167,-0.000611,-0.000876,-0.001108
2017-05-26 10:29:00+02:00,0.0,0.0,-0.000136,-0.001086,-9.5e-05,-5e-06,-0.000194,-0.000317,-0.000902,-4.9e-05,0.0,0.0,-0.001159,-0.001044,-0.000444,-0.001417,-4.6e-05,0.0,-1.3e-05,-0.00139,0.0,-0.001378,-0.00058,0.0,-0.001669,-0.001637,-0.000285,0.0,-0.000287,-1.5e-05,0.0,-0.000827,0.0,-0.000754,-0.000908,0.0,-0.000337,-0.000525,0.0,-0.001856,-0.000283,0.0,-0.000555,0.0,-7.7e-05,-0.000512,-0.000413,-0.000644,-0.000514,0.0,0.0,-0.000663,-0.000724,-0.001135,0.0,0.0,-9.5e-05,0.0,0.0,-0.000235,-0.000668,-0.001724,-0.000979,0.0,-0.000154,-0.001501,-0.000128,-0.000684,0.0,-0.000119,-0.000311,-2.8e-05,0.0,-0.000675,-0.000988,0.0,-9.2e-05,0.0,-0.000399,0.0,-0.000751,0.0,-0.000577,-0.001732,-2.9e-05,-6.2e-05,-0.001185,0.0,0.0,0.0,-3.8e-05,-0.000815,-0.001121,0.0,-0.000566,-0.000748,-0.001663,-0.001667,0.0,-0.001564,-5e-06,-0.001236,-0.000348,0.0,-0.000283,-0.002269,-0.001158,-0.001211,-0.001163,-0.00167,-0.000293,-0.000248,-0.000205,0.0,-0.000134,-0.000611,-0.000873,-0.001133
2017-05-26 10:30:00+02:00,0.0,0.0,-0.000109,-0.00108,-7.6e-05,-4e-06,-0.000186,-0.000314,-0.000912,-4e-05,0.0,0.0,-0.001176,-0.001059,-0.000448,-0.001415,-3.7e-05,0.0,-1e-05,-0.00141,0.0,-0.001397,-0.000575,0.0,-0.001692,-0.001639,-0.000281,0.0,-0.000278,-1.2e-05,0.0,-0.000838,0.0,-0.000764,-0.000922,0.0,-0.000326,-0.000519,0.0,-0.001882,-0.00028,0.0,-0.000552,0.0,-6.2e-05,-0.000495,-0.000406,-0.000651,-0.000518,0.0,0.0,-0.000671,-0.000723,-0.001152,0.0,0.0,-7.6e-05,0.0,0.0,-0.000214,-0.000676,-0.001747,-0.000971,0.0,-0.000126,-0.001501,-0.000117,-0.000691,0.0,-0.000107,-0.00031,-2.3e-05,0.0,-0.000684,-0.001003,0.0,-7.4e-05,0.0,-0.000389,0.0,-0.000749,0.0,-0.000562,-0.001756,-2.3e-05,-5e-05,-0.001199,0.0,0.0,0.0,-3e-05,-0.000815,-0.001137,0.0,-0.000564,-0.000752,-0.001666,-0.001669,0.0,-0.001586,-4e-06,-0.001232,-0.000347,0.0,-0.000279,-0.002304,-0.001174,-0.001226,-0.001158,-0.001673,-0.00029,-0.000238,-0.000199,0.0,-0.000107,-0.00061,-0.000864,-0.001148
2017-05-26 10:31:00+02:00,0.0,0.0,-8.9e-05,-0.001115,-6.5e-05,-3e-06,-0.000208,-0.000344,-0.000937,-3.2e-05,0.0,0.0,-0.001225,-0.001103,-0.000462,-0.001467,-3e-05,0.0,-8e-06,-0.001486,0.0,-0.001472,-0.000633,0.0,-0.001745,-0.001703,-0.000309,0.0,-0.000279,-1e-05,0.0,-0.000865,0.0,-0.000791,-0.000959,0.0,-0.000321,-0.000573,0.0,-0.001956,-0.000309,0.0,-0.000579,0.0,-4.9e-05,-0.000497,-0.000415,-0.000685,-0.000533,0.0,0.0,-0.000707,-0.000749,-0.001201,0.0,0.0,-6.1e-05,0.0,0.0,-0.000243,-0.000712,-0.001814,-0.001001,0.0,-0.00011,-0.001557,-0.000132,-0.000727,0.0,-0.000121,-0.000325,-1.8e-05,0.0,-0.000722,-0.001045,0.0,-5.9e-05,0.0,-0.000433,0.0,-0.000776,0.0,-0.000568,-0.001823,-1.8e-05,-4e-05,-0.001246,0.0,0.0,0.0,-2.4e-05,-0.000846,-0.001184,0.0,-0.000583,-0.000771,-0.001732,-0.001735,0.0,-0.00164,-3e-06,-0.001274,-0.000365,0.0,-0.000307,-0.002401,-0.001223,-0.001267,-0.001197,-0.001739,-0.000319,-0.000237,-0.000203,0.0,-0.000114,-0.000642,-0.000888,-0.001194
2017-05-26 10:32:00+02:00,0.0,0.0,-0.000216,-0.001321,-0.000197,-2.4e-05,-0.00031,-0.000458,-0.001058,-7.8e-05,0.0,0.0,-0.001372,-0.001239,-0.000553,-0.001698,-0.000105,0.0,-4.6e-05,-0.001738,0.0,-0.001723,-0.000839,0.0,-0.001965,-0.001951,-0.000421,0.0,-0.000366,-4.2e-05,0.0,-0.000982,0.0,-0.000901,-0.001082,0.0,-0.000462,-0.000774,0.0,-0.002206,-0.000417,0.0,-0.000763,0.0,-0.000172,-0.000655,-0.000515,-0.000817,-0.000636,0.0,-3e-06,-0.000835,-0.000868,-0.001344,0.0,0.0,-0.000166,0.0,0.0,-0.000414,-0.000842,-0.002054,-0.001198,0.0,-0.000243,-0.001795,-0.000226,-0.000862,0.0,-0.000212,-0.000425,-5.1e-05,0.0,-0.000847,-0.001174,0.0,-0.000145,0.0,-0.000623,0.0,-0.0009,0.0,-0.000731,-0.002064,-0.000104,-0.000125,-0.001402,0.0,0.0,0.0,-8.7e-05,-0.000974,-0.001328,0.0,-0.000687,-0.000945,-0.001982,-0.001986,0.0,-0.001861,-1.2e-05,-0.001491,-0.000471,0.0,-0.000416,-0.002684,-0.001371,-0.001472,-0.001408,-0.00199,-0.000428,-0.000321,-0.000289,0.0,-0.000263,-0.000831,-0.001077,-0.001342
2017-05-26 10:33:00+02:00,0.0,0.0,-0.000213,-0.001327,-0.000201,-1.9e-05,-0.000324,-0.000473,-0.001047,-6.2e-05,0.0,0.0,-0.001373,-0.00124,-0.000551,-0.001707,-8.4e-05,0.0,-3.7e-05,-0.001755,0.0,-0.001741,-0.000871,0.0,-0.001952,-0.001962,-0.000436,0.0,-0.000365,-3.4e-05,0.0,-0.000976,0.0,-0.000898,-0.001083,0.0,-0.000454,-0.000805,0.0,-0.002206,-0.000432,0.0,-0.000775,0.0,-0.000171,-0.000654,-0.000514,-0.000823,-0.000632,0.0,-2e-06,-0.000843,-0.000872,-0.001347,0.0,0.0,-0.00015,0.0,0.0,-0.000438,-0.000849,-0.002053,-0.001203,0.0,-0.000242,-0.001804,-0.000238,-0.000868,0.0,-0.000223,-0.000431,-4.1e-05,0.0,-0.000856,-0.001176,0.0,-0.000116,0.0,-0.000652,0.0,-0.000903,0.0,-0.000731,-0.002063,-8.3e-05,-0.0001,-0.001398,0.0,0.0,0.0,-8.6e-05,-0.000978,-0.001329,0.0,-0.000691,-0.00094,-0.001993,-0.001997,0.0,-0.001853,-1e-05,-0.001499,-0.000476,0.0,-0.000431,-0.002688,-0.001371,-0.001468,-0.001415,-0.002,-0.000443,-0.000319,-0.000291,0.0,-0.000276,-0.000845,-0.001081,-0.001341
2017-05-26 10:34:00+02:00,0.0,0.0,-0.00017,-0.001197,-0.000161,-1.6e-05,-0.000272,-0.000418,-0.000955,-5e-05,0.0,0.0,-0.001281,-0.001154,-0.000485,-0.001569,-6.7e-05,0.0,-3e-05,-0.001614,0.0,-0.0016,-0.000771,0.0,-0.001786,-0.001818,-0.000381,0.0,-0.000302,-2.7e-05,0.0,-0.000892,0.0,-0.00082,-0.001002,0.0,-0.000363,-0.000706,0.0,-0.00204,-0.00038,0.0,-0.000666,0.0,-0.000137,-0.000539,-0.000447,-0.00075,-0.000557,0.0,-2e-06,-0.000772,-0.000802,-0.001258,0.0,0.0,-0.00012,0.0,0.0,-0.00035,-0.000777,-0.001891,-0.001077,0.0,-0.000194,-0.001664,-0.00019,-0.000792,0.0,-0.000179,-0.000373,-3.3e-05,0.0,-0.000786,-0.001093,0.0,-9.3e-05,0.0,-0.000556,0.0,-0.000829,0.0,-0.000614,-0.001901,-6.7e-05,-8e-05,-0.001297,0.0,0.0,0.0,-6.8e-05,-0.000903,-0.001238,0.0,-0.000627,-0.000808,-0.001848,-0.001852,0.0,-0.001694,-8e-06,-0.001365,-0.000415,0.0,-0.000378,-0.00251,-0.001278,-0.001322,-0.001284,-0.001856,-0.00039,-0.000258,-0.000235,0.0,-0.000221,-0.000734,-0.000957,-0.001247
2017-05-26 10:35:00+02:00,0.0,0.0,-0.000136,-0.001128,-0.000129,-1.2e-05,-0.000239,-0.000386,-0.000913,-4e-05,0.0,0.0,-0.001246,-0.00112,-0.000451,-0.0015,-5.4e-05,0.0,-2.4e-05,-0.001554,0.0,-0.001539,-0.000714,0.0,-0.001714,-0.00175,-0.000349,0.0,-0.000263,-2.2e-05,0.0,-0.000854,0.0,-0.000785,-0.000969,0.0,-0.000291,-0.000649,0.0,-0.001972,-0.000349,0.0,-0.000604,0.0,-0.000109,-0.000468,-0.000408,-0.000714,-0.000518,0.0,-2e-06,-0.000739,-0.000766,-0.001224,0.0,0.0,-9.6e-05,0.0,0.0,-0.000289,-0.000743,-0.001822,-0.001007,0.0,-0.000155,-0.001596,-0.000157,-0.000757,0.0,-0.000146,-0.00034,-2.6e-05,0.0,-0.000756,-0.00106,0.0,-7.4e-05,0.0,-0.000498,0.0,-0.000792,0.0,-0.000542,-0.001832,-5.3e-05,-6.4e-05,-0.001255,0.0,0.0,0.0,-5.5e-05,-0.000867,-0.001202,0.0,-0.000594,-0.000739,-0.001781,-0.001785,0.0,-0.001623,-6e-06,-0.001297,-0.000381,0.0,-0.000347,-0.002441,-0.00124,-0.001253,-0.001215,-0.001788,-0.00036,-0.000219,-0.000201,0.0,-0.000177,-0.000673,-0.000888,-0.001208
2017-05-26 10:36:00+02:00,0.0,0.0,-0.000181,-0.001236,-0.000165,-1e-05,-0.000283,-0.000437,-0.000985,-4e-05,0.0,0.0,-0.001338,-0.001206,-0.000505,-0.001626,-5.2e-05,0.0,-1.9e-05,-0.001705,0.0,-0.00169,-0.000814,0.0,-0.001857,-0.001888,-0.000398,0.0,-0.000303,-1.7e-05,0.0,-0.000925,0.0,-0.000854,-0.001049,0.0,-0.000361,-0.000745,0.0,-0.002131,-0.000399,0.0,-0.000705,0.0,-0.000137,-0.000544,-0.000454,-0.000785,-0.000575,0.0,-1e-06,-0.000812,-0.00083,-0.001316,0.0,0.0,-0.00012,0.0,0.0,-0.000365,-0.000816,-0.001974,-0.001109,0.0,-0.000205,-0.001726,-0.000196,-0.00083,0.0,-0.000184,-0.000393,-2.1e-05,0.0,-0.000831,-0.001144,0.0,-7.5e-05,0.0,-0.000587,0.0,-0.000855,0.0,-0.000622,-0.001984,-5.1e-05,-7.2e-05,-0.001345,0.0,0.0,0.0,-6.7e-05,-0.000935,-0.001293,0.0,-0.000649,-0.000839,-0.00192,-0.001924,0.0,-0.001764,-5e-06,-0.001412,-0.000436,0.0,-0.000396,-0.002624,-0.001332,-0.001377,-0.001327,-0.001928,-0.00041,-0.000257,-0.000246,0.0,-0.000229,-0.000778,-0.000984,-0.001298
2017-05-26 10:37:00+02:00,0.0,0.0,-0.000275,-0.001431,-0.000249,-8e-06,-0.000353,-0.000518,-0.001104,-6.7e-05,0.0,0.0,-0.001491,-0.001352,-0.000598,-0.00185,-9.9e-05,0.0,-2.5e-05,-0.001952,0.0,-0.001936,-0.000979,0.0,-0.002106,-0.002132,-0.000476,0.0,-0.000373,-3.3e-05,0.0,-0.001045,0.0,-0.000973,-0.001185,0.0,-0.000487,-0.000905,0.0,-0.0024,-0.000478,0.0,-0.000871,0.0,-0.000213,-0.000686,-0.000533,-0.000894,-0.000667,0.0,-1e-06,-0.000928,-0.000941,-0.00147,0.0,0.0,-0.000195,0.0,0.0,-0.000494,-0.000931,-0.002231,-0.001294,0.0,-0.000305,-0.001958,-0.000259,-0.000941,0.0,-0.000247,-0.000477,-3.6e-05,0.0,-0.000952,-0.001288,0.0,-0.000129,0.0,-0.000734,0.0,-0.000965,0.0,-0.00077,-0.002242,-9.6e-05,-0.000128,-0.001484,0.0,0.0,0.0,-0.000104,-0.001051,-0.001442,0.0,-0.000751,-0.00101,-0.002167,-0.002171,0.0,-0.002005,-4e-06,-0.00162,-0.00052,0.0,-0.000475,-0.002932,-0.001481,-0.00159,-0.001529,-0.002175,-0.00049,-0.000324,-0.000318,0.0,-0.000331,-0.000949,-0.00116,-0.001441
2017-05-26 10:38:00+02:00,0.0,0.0,-0.000467,-0.001905,-0.000422,-2.3e-05,-0.000537,-0.000743,-0.001475,-0.00014,0.0,0.0,-0.001914,-0.001729,-0.000802,-0.002418,-0.000208,0.0,-7.1e-05,-0.002549,0.0,-0.002527,-0.001343,0.0,-0.002711,-0.002761,-0.000691,0.0,-0.000563,-8e-05,0.0,-0.001377,0.0,-0.001268,-0.001513,0.0,-0.000741,-0.001256,0.0,-0.003072,-0.000681,0.0,-0.001226,0.0,-0.000371,-0.000997,-0.00077,-0.001226,-0.000927,0.0,-1e-06,-0.001243,-0.001246,-0.001873,0.0,0.0,-0.000351,0.0,0.0,-0.000754,-0.001255,-0.002865,-0.00174,0.0,-0.000508,-0.002549,-0.000418,-0.001287,0.0,-0.000395,-0.000688,-8.4e-05,0.0,-0.001252,-0.001637,0.0,-0.000255,0.0,-0.001049,0.0,-0.001295,0.0,-0.001099,-0.002875,-0.000199,-0.000253,-0.001961,0.0,0.0,0.0,-0.000191,-0.001393,-0.001854,0.0,-0.000994,-0.001383,-0.002808,-0.002813,0.0,-0.002594,-6e-06,-0.002137,-0.000755,0.0,-0.000682,-0.003717,-0.001916,-0.002091,-0.002029,-0.002815,-0.000696,-0.000501,-0.000494,0.0,-0.000536,-0.001324,-0.001577,-0.001879
2017-05-26 10:39:00+02:00,-3.7e-05,0.0,-0.001091,-0.002781,-0.001035,-0.000444,-0.000974,-0.001229,-0.001875,-0.00044,-0.000174,-6.4e-05,-0.00218,-0.002018,-0.001251,-0.003192,-0.000732,-5.1e-05,-0.000524,-0.003298,0.0,-0.00328,-0.002211,-0.000141,-0.003427,-0.003467,-0.001167,0.0,-0.000997,-0.00035,-0.00013,-0.001764,0.0,-0.001649,-0.001831,-6.7e-05,-0.001436,-0.002102,-1e-05,-0.003716,-0.001139,-0.000139,-0.002065,0.0,-0.000965,-0.001773,-0.001259,-0.001682,-0.001436,0.0,-0.000208,-0.001656,-0.001646,-0.002134,-0.000119,0.0,-0.000932,-0.000175,0.0,-0.001475,-0.001678,-0.00355,-0.00265,0.0,-0.001146,-0.003297,-0.000823,-0.001731,0.0,-0.000785,-0.001148,-0.00035,-0.000174,-0.001637,-0.00193,0.0,-0.000805,-9.4e-05,-0.001845,-0.000136,-0.00171,-0.000133,-0.001899,-0.003558,-0.000728,-0.000797,-0.002274,-0.000135,-0.0002,-5.3e-05,-0.000506,-0.001777,-0.002132,0.0,-0.001416,-0.002237,-0.003504,-0.003508,-0.000122,-0.003333,-0.000227,-0.002968,-0.001245,0.0,-0.001146,-0.004231,-0.002194,-0.00293,-0.002881,-0.00351,-0.001158,-0.00092,-0.000912,-0.000198,-0.001189,-0.002187,-0.002487,-0.002177
2017-05-26 10:40:00+02:00,-3e-05,0.0,-0.000999,-0.002924,-0.000939,-0.000355,-0.00099,-0.00128,-0.002082,-0.000365,-0.000139,-5.2e-05,-0.002472,-0.002259,-0.001282,-0.003449,-0.000586,-4.1e-05,-0.00042,-0.003587,0.0,-0.003562,-0.002265,-0.000113,-0.003731,-0.003798,-0.00121,0.0,-0.001012,-0.00028,-0.000104,-0.001936,0.0,-0.001786,-0.002015,-5.3e-05,-0.001376,-0.002147,-8e-06,-0.004096,-0.001177,-0.000111,-0.002096,0.0,-0.000858,-0.001772,-0.00131,-0.001839,-0.0015,0.0,-0.000167,-0.001808,-0.001792,-0.002408,-9.5e-05,0.0,-0.000813,-0.00014,0.0,-0.001447,-0.001836,-0.003881,-0.002757,0.0,-0.001062,-0.003582,-0.000817,-0.001902,0.0,-0.000775,-0.001182,-0.00028,-0.000139,-0.001781,-0.002143,0.0,-0.000667,-7.6e-05,-0.00186,-0.000109,-0.001875,-0.000107,-0.001911,-0.00389,-0.000582,-0.000655,-0.002604,-0.000108,-0.00016,-4.3e-05,-0.000449,-0.001961,-0.002409,0.0,-0.001497,-0.002267,-0.003849,-0.003853,-9.8e-05,-0.003612,-0.000182,-0.003161,-0.001293,0.0,-0.001185,-0.004757,-0.002494,-0.003095,-0.003054,-0.003853,-0.001198,-0.000925,-0.000917,-0.000159,-0.001118,-0.002232,-0.002565,-0.002474
2017-05-26 10:41:00+02:00,-2.4e-05,0.0,-0.001065,-0.003121,-0.00101,-0.000317,-0.001062,-0.001368,-0.002244,-0.000387,-0.000112,-4.1e-05,-0.002553,-0.00237,-0.00135,-0.003715,-0.000614,-3.3e-05,-0.000402,-0.003873,0.0,-0.003846,-0.002424,-9e-05,-0.004027,-0.00411,-0.001294,0.0,-0.001077,-0.000286,-8.3e-05,-0.002083,0.0,-0.001917,-0.002162,-4.3e-05,-0.001449,-0.002299,-6e-06,-0.004391,-0.00126,-8.9e-05,-0.002231,0.0,-0.000922,-0.001889,-0.00139,-0.001976,-0.001579,0.0,-0.000135,-0.001948,-0.001929,-0.002489,-7.6e-05,0.0,-0.000863,-0.000112,0.0,-0.001558,-0.001978,-0.004187,-0.002932,0.0,-0.001133,-0.003866,-0.000878,-0.002047,0.0,-0.000834,-0.001256,-0.000289,-0.000111,-0.001922,-0.002264,0.0,-0.000707,-6e-05,-0.001995,-8.7e-05,-0.002018,-8.5e-05,-0.002037,-0.004198,-0.000621,-0.000691,-0.00271,-8.7e-05,-0.000128,-3.4e-05,-0.000482,-0.002118,-0.002503,0.0,-0.001602,-0.002387,-0.004165,-0.00417,-7.8e-05,-0.003885,-0.000158,-0.00339,-0.001373,0.0,-0.001268,-0.00492,-0.002583,-0.003292,-0.003267,-0.004172,-0.001281,-0.000985,-0.000978,-0.000127,-0.001204,-0.002374,-0.002724,-0.002577
2017-05-26 10:42:00+02:00,-1.9e-05,0.0,-0.000852,-0.00269,-0.000808,-0.000254,-0.000849,-0.001136,-0.001963,-0.000309,-8.9e-05,-3.3e-05,-0.002313,-0.00213,-0.001119,-0.003278,-0.000491,-2.6e-05,-0.000322,-0.003438,0.0,-0.003413,-0.002018,-7.2e-05,-0.003541,-0.003669,-0.001066,0.0,-0.000862,-0.000229,-6.7e-05,-0.001821,0.0,-0.001671,-0.001922,-3.4e-05,-0.001159,-0.001899,-5e-06,-0.003901,-0.001042,-7.1e-05,-0.001829,0.0,-0.000737,-0.001512,-0.001152,-0.001724,-0.001313,0.0,-0.000108,-0.001714,-0.0017,-0.002258,-6.1e-05,0.0,-0.00069,-8.9e-05,0.0,-0.001247,-0.001738,-0.003695,-0.002501,0.0,-0.000906,-0.003428,-0.000703,-0.001793,0.0,-0.000667,-0.001036,-0.000231,-8.9e-05,-0.001702,-0.002029,0.0,-0.000566,-4.8e-05,-0.001607,-6.9e-05,-0.001775,-6.8e-05,-0.001639,-0.003707,-0.000496,-0.000553,-0.002429,-6.9e-05,-0.000102,-2.7e-05,-0.000385,-0.001879,-0.002259,0.0,-0.001388,-0.001936,-0.003722,-0.003727,-6.3e-05,-0.0034,-0.000127,-0.002956,-0.001139,0.0,-0.001046,-0.004466,-0.002333,-0.002813,-0.002833,-0.00373,-0.001062,-0.000788,-0.000783,-0.000102,-0.000963,-0.001966,-0.002297,-0.002316
2017-05-26 10:43:00+02:00,-1.5e-05,0.0,-0.000681,-0.002306,-0.000646,-0.000203,-0.000679,-0.000927,-0.001721,-0.000248,-7.1e-05,-2.6e-05,-0.002101,-0.001919,-0.000921,-0.002887,-0.000393,-2.1e-05,-0.000258,-0.003045,0.0,-0.00302,-0.001646,-5.8e-05,-0.00312,-0.003272,-0.00086,0.0,-0.00069,-0.000183,-5.3e-05,-0.001596,0.0,-0.001459,-0.001713,-2.7e-05,-0.000927,-0.001533,-4e-06,-0.003476,-0.000844,-5.7e-05,-0.001464,0.0,-0.00059,-0.001209,-0.000943,-0.001498,-0.001087,0.0,-8.6e-05,-0.001503,-0.001495,-0.002053,-4.9e-05,0.0,-0.000552,-7.2e-05,0.0,-0.000997,-0.001522,-0.003269,-0.002119,0.0,-0.000725,-0.003034,-0.000562,-0.001566,0.0,-0.000534,-0.000837,-0.000185,-7.1e-05,-0.001502,-0.001823,0.0,-0.000452,-3.9e-05,-0.001286,-5.6e-05,-0.001559,-5.5e-05,-0.001311,-0.003281,-0.000397,-0.000442,-0.002184,-5.5e-05,-8.2e-05,-2.2e-05,-0.000308,-0.001666,-0.002045,0.0,-0.001198,-0.00155,-0.003324,-0.003329,-5e-05,-0.00298,-0.000101,-0.002569,-0.000929,0.0,-0.000845,-0.004063,-0.002113,-0.002402,-0.002446,-0.003332,-0.000862,-0.000631,-0.000626,-8.1e-05,-0.00077,-0.001595,-0.001919,-0.002087
2017-05-26 10:44:00+02:00,-1.2e-05,0.0,-0.000555,-0.00226,-0.000518,-0.000162,-0.000637,-0.000889,-0.001704,-0.000198,-5.7e-05,-2.1e-05,-0.00212,-0.001925,-0.000889,-0.002859,-0.000314,-1.7e-05,-0.000206,-0.003024,0.0,-0.002998,-0.001581,-4.6e-05,-0.003089,-0.003256,-0.000823,0.0,-0.000652,-0.000146,-4.3e-05,-0.001578,0.0,-0.001441,-0.001705,-2.2e-05,-0.000814,-0.001469,-3e-06,-0.003458,-0.000809,-4.6e-05,-0.001402,0.0,-0.000472,-0.001141,-0.000911,-0.001478,-0.00105,0.0,-6.9e-05,-0.001488,-0.001482,-0.00207,-3.9e-05,0.0,-0.000442,-5.7e-05,0.0,-0.000906,-0.001506,-0.003241,-0.002068,0.0,-0.000604,-0.003011,-0.00051,-0.001549,0.0,-0.000482,-0.000803,-0.000148,-5.7e-05,-0.001491,-0.001824,0.0,-0.000362,-3.1e-05,-0.001216,-4.4e-05,-0.001546,-4.4e-05,-0.00125,-0.003254,-0.000318,-0.000354,-0.002197,-4.4e-05,-6.6e-05,-1.7e-05,-0.000247,-0.001657,-0.002058,0.0,-0.001178,-0.001485,-0.003309,-0.003315,-4e-05,-0.002944,-8.1e-05,-0.002532,-0.000894,0.0,-0.00081,-0.004095,-0.002129,-0.002349,-0.002405,-0.003318,-0.000827,-0.000588,-0.000578,-6.5e-05,-0.000655,-0.001533,-0.001864,-0.002098
2017-05-26 10:45:00+02:00,-1e-05,0.0,-0.000581,-0.002365,-0.00055,-0.00013,-0.000674,-0.000931,-0.00176,-0.000196,-4.6e-05,-1.7e-05,-0.002212,-0.002008,-0.000934,-0.002981,-0.000294,-1.3e-05,-0.000165,-0.003141,0.0,-0.003115,-0.001676,-3.7e-05,-0.003221,-0.003389,-0.000864,0.0,-0.00069,-0.000126,-3.4e-05,-0.001637,0.0,-0.001501,-0.001777,-1.7e-05,-0.000857,-0.001563,-3e-06,-0.003601,-0.000853,-3.6e-05,-0.001484,0.0,-0.000495,-0.001222,-0.000951,-0.001521,-0.001088,0.0,-5.5e-05,-0.00154,-0.00154,-0.002165,-3.1e-05,0.0,-0.000449,-4.6e-05,0.0,-0.000972,-0.001556,-0.003374,-0.002167,0.0,-0.000634,-0.003138,-0.000539,-0.001595,0.0,-0.000512,-0.000841,-0.000135,-4.6e-05,-0.001548,-0.001905,0.0,-0.000361,-2.5e-05,-0.001304,-3.6e-05,-0.001601,-3.5e-05,-0.001337,-0.003387,-0.000308,-0.000343,-0.002273,-3.5e-05,-5.2e-05,-1.4e-05,-0.000255,-0.001717,-0.002147,0.0,-0.001233,-0.001571,-0.003443,-0.003449,-3.2e-05,-0.003069,-6.5e-05,-0.002644,-0.000929,0.0,-0.000853,-0.004285,-0.002217,-0.002453,-0.002513,-0.003452,-0.000871,-0.000622,-0.000606,-5.2e-05,-0.0007,-0.001616,-0.001959,-0.002179
2017-05-26 10:46:00+02:00,-8e-06,0.0,-0.000475,-0.002324,-0.000444,-0.000104,-0.000633,-0.000894,-0.001694,-0.000157,-3.7e-05,-1.4e-05,-0.002178,-0.001968,-0.000865,-0.002956,-0.000235,-1.1e-05,-0.000132,-0.003105,0.0,-0.003079,-0.001621,-3e-05,-0.003118,-0.003374,-0.000827,0.0,-0.000652,-0.000101,-2.7e-05,-0.001576,0.0,-0.001443,-0.001731,-1.4e-05,-0.000697,-0.001508,-2e-06,-0.003505,-0.00082,-2.9e-05,-0.001426,0.0,-0.000396,-0.001157,-0.000915,-0.001486,-0.001007,0.0,-4.4e-05,-0.001514,-0.001524,-0.002133,-2.5e-05,0.0,-0.000359,-3.7e-05,0.0,-0.000894,-0.001527,-0.003269,-0.00212,0.0,-0.000531,-0.003117,-0.000493,-0.001561,0.0,-0.000466,-0.000806,-0.000108,-3.6e-05,-0.001528,-0.001865,0.0,-0.000289,-2e-05,-0.001242,-2.8e-05,-0.00158,-2.8e-05,-0.001279,-0.003283,-0.000246,-0.000274,-0.002219,-2.8e-05,-4.2e-05,-1.1e-05,-0.000204,-0.001702,-0.002109,0.0,-0.001216,-0.001433,-0.003429,-0.003435,-2.6e-05,-0.00296,-5.2e-05,-0.00261,-0.000891,0.0,-0.000819,-0.004225,-0.002177,-0.002325,-0.002475,-0.003438,-0.000837,-0.00058,-0.000565,-4.2e-05,-0.000604,-0.001558,-0.001909,-0.002133
2017-05-26 10:47:00+02:00,-6e-06,0.0,-0.000657,-0.002812,-0.000611,-8.3e-05,-0.000822,-0.001126,-0.002044,-0.000215,-2.9e-05,-1.1e-05,-0.002601,-0.002338,-0.001033,-0.003547,-0.000309,-9e-06,-0.000122,-0.003725,0.0,-0.00369,-0.001995,-2.4e-05,-0.003678,-0.004031,-0.001051,0.0,-0.000847,-0.000124,-2.2e-05,-0.001887,0.0,-0.001715,-0.002043,-1.1e-05,-0.000868,-0.001873,-2e-06,-0.004133,-0.001033,-2.3e-05,-0.001792,0.0,-0.000543,-0.001474,-0.00116,-0.001832,-0.001222,0.0,-3.5e-05,-0.001846,-0.001848,-0.002537,-2e-05,0.0,-0.000497,-2.9e-05,0.0,-0.001153,-0.001868,-0.00385,-0.002577,0.0,-0.000725,-0.003733,-0.000651,-0.001921,0.0,-0.000615,-0.001026,-0.000135,-2.9e-05,-0.001844,-0.002205,0.0,-0.000388,-1.6e-05,-0.001567,-2.3e-05,-0.001929,-2.2e-05,-0.001617,-0.003863,-0.000318,-0.000369,-0.002683,-2.3e-05,-3.4e-05,-9e-06,-0.000285,-0.002064,-0.002517,0.0,-0.001471,-0.001731,-0.0041,-0.004106,-2.1e-05,-0.003497,-4.2e-05,-0.003145,-0.001133,0.0,-0.001035,-0.004995,-0.002609,-0.002758,-0.002994,-0.004107,-0.001053,-0.00076,-0.000745,-3.3e-05,-0.000804,-0.001944,-0.002337,-0.002563
2017-05-26 10:48:00+02:00,-5e-06,0.0,-0.001651,-0.00443,-0.001575,-0.00063,-0.001647,-0.002079,-0.002954,-0.000701,-0.000232,-9e-06,-0.003279,-0.003027,-0.001833,-0.005048,-0.001101,-7e-06,-0.000751,-0.005202,0.0,-0.00515,-0.003524,-2.2e-05,-0.005122,-0.005435,-0.001978,0.0,-0.001665,-0.000545,-0.000138,-0.002746,0.0,-0.002528,-0.002747,-9e-06,-0.001987,-0.003403,-1e-06,-0.005529,-0.001919,-1.9e-05,-0.003268,0.0,-0.001465,-0.002804,-0.002113,-0.002798,-0.002211,0.0,-0.00031,-0.002713,-0.002677,-0.003186,-0.000119,0.0,-0.00142,-9.5e-05,0.0,-0.002373,-0.002764,-0.005278,-0.004249,0.0,-0.001744,-0.005197,-0.001395,-0.00287,0.0,-0.001327,-0.00192,-0.000543,-0.000199,-0.002632,-0.002876,0.0,-0.001227,-1.3e-05,-0.00297,-1.8e-05,-0.002813,-1.8e-05,-0.002987,-0.005272,-0.001092,-0.001189,-0.003488,-0.000144,-0.000286,-7e-06,-0.000819,-0.002888,-0.003212,0.0,-0.002289,-0.00319,-0.005529,-0.005527,-1.6e-05,-0.00502,-0.000343,-0.004714,-0.002101,0.0,-0.001936,-0.006206,-0.003324,-0.004448,-0.004628,-0.005508,-0.001946,-0.001537,-0.001531,-0.000144,-0.001873,-0.003492,-0.003974,-0.003321
2017-05-26 10:49:00+02:00,-4e-06,0.0,-0.002097,-0.005463,-0.001995,-0.000653,-0.002102,-0.00265,-0.003488,-0.000851,-0.000186,-7e-06,-0.003652,-0.003419,-0.002327,-0.005969,-0.001336,-6e-06,-0.000842,-0.006098,0.0,-0.006046,-0.00448,-1.7e-05,-0.006016,-0.006279,-0.002524,0.0,-0.002101,-0.000645,-0.00011,-0.003255,0.0,-0.00302,-0.003162,-7e-06,-0.002516,-0.004328,-1e-06,-0.006359,-0.002447,-1.5e-05,-0.004175,0.0,-0.001845,-0.003533,-0.002666,-0.003375,-0.002816,0.0,-0.000285,-0.003229,-0.00317,-0.003546,-9.5e-05,0.0,-0.001776,-7.6e-05,0.0,-0.003018,-0.003296,-0.006149,-0.005321,0.0,-0.002217,-0.006088,-0.001776,-0.003432,0.0,-0.001688,-0.002454,-0.000637,-0.000159,-0.003103,-0.003266,0.0,-0.00149,-1e-05,-0.00378,-1.5e-05,-0.003335,-1.4e-05,-0.003766,-0.006136,-0.001333,-0.001464,-0.003933,-0.000115,-0.000229,-6e-06,-0.001025,-0.003369,-0.003599,0.0,-0.002796,-0.00406,-0.006368,-0.006365,-1.3e-05,-0.005952,-0.000335,-0.005697,-0.002687,0.0,-0.00247,-0.006896,-0.003717,-0.005502,-0.005643,-0.006342,-0.002478,-0.001937,-0.00196,-0.000115,-0.002374,-0.004456,-0.004993,-0.003741
2017-05-26 10:50:00+02:00,-3e-06,0.0,-0.001733,-0.005216,-0.001629,-0.000522,-0.001899,-0.002456,-0.003464,-0.000681,-0.000149,-6e-06,-0.003581,-0.003436,-0.002156,-0.0059,-0.001069,-4e-06,-0.000674,-0.006166,0.0,-0.006113,-0.00418,-1.4e-05,-0.006021,-0.00633,-0.002328,0.0,-0.001886,-0.000516,-8.8e-05,-0.003223,0.0,-0.002972,-0.003215,-6e-06,-0.002122,-0.004014,-1e-06,-0.006465,-0.002264,-1.2e-05,-0.003873,0.0,-0.001476,-0.003178,-0.002453,-0.003325,-0.002606,0.0,-0.000228,-0.003218,-0.003125,-0.003505,-7.6e-05,0.0,-0.00142,-6e-05,0.0,-0.002677,-0.003279,-0.006204,-0.005015,0.0,-0.001858,-0.006066,-0.001568,-0.003405,0.0,-0.001486,-0.002272,-0.000509,-0.000127,-0.003121,-0.003298,0.0,-0.001192,-8e-06,-0.003456,-1.2e-05,-0.003283,-1.1e-05,-0.003421,-0.0062,-0.001066,-0.001171,-0.003876,-9.2e-05,-0.000183,-5e-06,-0.00082,-0.003363,-0.003581,0.0,-0.002687,-0.003711,-0.006426,-0.006426,-1.1e-05,-0.005899,-0.000268,-0.00553,-0.002496,0.0,-0.002282,-0.006889,-0.003654,-0.005253,-0.005428,-0.006409,-0.002295,-0.00172,-0.001765,-9.2e-05,-0.002014,-0.004154,-0.004663,-0.003721
2017-05-26 10:51:00+02:00,-3e-06,0.0,-0.001386,-0.004293,-0.001303,-0.000418,-0.00152,-0.001965,-0.002989,-0.000545,-0.000119,-4e-06,-0.003338,-0.003125,-0.001725,-0.005092,-0.000855,-4e-06,-0.000539,-0.005453,0.0,-0.005397,-0.003344,-1.1e-05,-0.005174,-0.005601,-0.001862,0.0,-0.001509,-0.000413,-7.1e-05,-0.002758,0.0,-0.002513,-0.002837,-5e-06,-0.001697,-0.003211,-1e-06,-0.005709,-0.001811,-1e-05,-0.003098,0.0,-0.001181,-0.002542,-0.001962,-0.002878,-0.002084,0.0,-0.000183,-0.002817,-0.002704,-0.003256,-6.1e-05,0.0,-0.001136,-4.8e-05,0.0,-0.002141,-0.002869,-0.005393,-0.004051,0.0,-0.001486,-0.005288,-0.001254,-0.002976,0.0,-0.001189,-0.001818,-0.000407,-0.000102,-0.00275,-0.002968,0.0,-0.000954,-6e-06,-0.002765,-9e-06,-0.002847,-9e-06,-0.002737,-0.005393,-0.000853,-0.000937,-0.00358,-7.4e-05,-0.000147,-4e-06,-0.000656,-0.002966,-0.003305,0.0,-0.002235,-0.002968,-0.005705,-0.005706,-8e-06,-0.005018,-0.000214,-0.004657,-0.001997,0.0,-0.001825,-0.006376,-0.003394,-0.004246,-0.004523,-0.005691,-0.001836,-0.001376,-0.001412,-7.4e-05,-0.001611,-0.003324,-0.003731,-0.003424
2017-05-26 10:52:00+02:00,-2e-06,0.0,-0.001672,-0.005298,-0.001573,-0.000334,-0.001894,-0.002461,-0.003767,-0.000605,-9.5e-05,-4e-06,-0.003931,-0.003719,-0.002126,-0.006392,-0.000929,-3e-06,-0.000459,-0.006695,0.0,-0.006622,-0.004136,-9e-06,-0.006421,-0.006799,-0.00233,0.0,-0.001864,-0.000419,-5.7e-05,-0.003504,0.0,-0.003224,-0.003444,-4e-06,-0.002046,-0.003991,-1e-06,-0.006899,-0.002268,-8e-06,-0.003824,0.0,-0.001414,-0.003109,-0.002433,-0.003691,-0.002586,0.0,-0.000146,-0.003551,-0.003423,-0.003824,-4.9e-05,0.0,-0.001341,-3.9e-05,0.0,-0.002635,-0.003625,-0.006619,-0.004967,0.0,-0.001797,-0.006549,-0.001554,-0.003769,0.0,-0.001474,-0.002273,-0.000411,-8.1e-05,-0.003419,-0.003549,0.0,-0.001057,-5e-06,-0.003427,-7e-06,-0.003608,-7e-06,-0.003345,-0.006599,-0.000937,-0.00105,-0.004259,-5.9e-05,-0.000117,-3e-06,-0.000787,-0.003671,-0.003904,0.0,-0.002793,-0.003635,-0.006925,-0.006919,-7e-06,-0.006347,-0.000172,-0.00581,-0.002497,0.0,-0.002286,-0.00742,-0.004013,-0.00533,-0.005641,-0.006885,-0.002299,-0.001696,-0.001758,-5.9e-05,-0.001966,-0.004113,-0.004583,-0.004069
2017-05-26 10:53:00+02:00,-2e-06,0.0,-0.001733,-0.005834,-0.001628,-0.000267,-0.002016,-0.002647,-0.003934,-0.000564,-7.6e-05,-3e-06,-0.004015,-0.00383,-0.002324,-0.006794,-0.000842,-2e-06,-0.000367,-0.007037,0.0,-0.006977,-0.004529,-7e-06,-0.006815,-0.00712,-0.0025,0.0,-0.001977,-0.000346,-4.5e-05,-0.00369,0.0,-0.003434,-0.003594,-3e-06,-0.002153,-0.004345,-0.0,-0.007201,-0.002445,-6e-06,-0.004169,0.0,-0.001445,-0.003345,-0.002602,-0.00388,-0.002791,0.0,-0.000117,-0.003727,-0.00361,-0.003914,-3.9e-05,0.0,-0.001338,-3.1e-05,0.0,-0.002822,-0.0038,-0.006975,-0.005437,0.0,-0.001877,-0.00692,-0.001638,-0.003943,0.0,-0.001555,-0.002445,-0.00034,-6.5e-05,-0.00359,-0.003678,0.0,-0.000991,-4e-06,-0.003714,-6e-06,-0.003786,-6e-06,-0.003618,-0.006957,-0.000867,-0.000995,-0.004338,-4.7e-05,-9.4e-05,-2e-06,-0.000789,-0.003823,-0.003994,0.0,-0.003073,-0.003961,-0.007222,-0.007217,-5e-06,-0.006759,-0.000137,-0.006327,-0.002681,0.0,-0.002459,-0.007617,-0.004097,-0.005907,-0.006194,-0.007189,-0.00248,-0.00179,-0.001869,-4.7e-05,-0.002065,-0.004486,-0.004999,-0.004155
2017-05-26 10:54:00+02:00,-1e-06,0.0,-0.001387,-0.005053,-0.001302,-0.000214,-0.001618,-0.002214,-0.003488,-0.000451,-6.1e-05,-2e-06,-0.003417,-0.003383,-0.001928,-0.006047,-0.000674,-2e-06,-0.000294,-0.006348,0.0,-0.006292,-0.003803,-6e-06,-0.006095,-0.006458,-0.002074,0.0,-0.001582,-0.000276,-3.6e-05,-0.003264,0.0,-0.003023,-0.003271,-2e-06,-0.001722,-0.003618,-0.0,-0.006558,-0.002036,-5e-06,-0.003455,0.0,-0.001156,-0.002676,-0.002164,-0.00341,-0.002325,0.0,-9.3e-05,-0.003313,-0.003202,-0.003383,-3.1e-05,0.0,-0.00107,-2.5e-05,0.0,-0.002258,-0.003371,-0.006282,-0.004662,0.0,-0.001501,-0.006205,-0.00131,-0.003486,0.0,-0.001244,-0.002035,-0.000272,-5.2e-05,-0.003221,-0.003349,0.0,-0.000793,-3e-06,-0.003016,-5e-06,-0.003352,-5e-06,-0.002919,-0.006273,-0.000693,-0.000796,-0.00355,-3.8e-05,-7.5e-05,-2e-06,-0.000631,-0.00343,-0.003417,0.0,-0.002673,-0.003204,-0.006558,-0.006556,-4e-06,-0.00599,-0.00011,-0.005549,-0.002244,0.0,-0.002044,-0.006709,-0.003451,-0.005075,-0.005394,-0.006535,-0.002069,-0.001432,-0.001495,-3.8e-05,-0.001652,-0.003754,-0.004238,-0.003481
2017-05-26 10:55:00+02:00,-1e-06,0.0,-0.001109,-0.004167,-0.001042,-0.000171,-0.001294,-0.001771,-0.002966,-0.000361,-4.9e-05,-2e-06,-0.003123,-0.003023,-0.001543,-0.00517,-0.000539,-1e-06,-0.000235,-0.005497,0.0,-0.005442,-0.003042,-5e-06,-0.00519,-0.005636,-0.001659,0.0,-0.001265,-0.000221,-2.9e-05,-0.002762,0.0,-0.002537,-0.002846,-2e-06,-0.001378,-0.002894,-0.0,-0.00571,-0.001629,-4e-06,-0.002764,0.0,-0.000925,-0.002141,-0.001731,-0.00289,-0.00186,0.0,-7.5e-05,-0.002836,-0.002738,-0.003085,-2.5e-05,0.0,-0.000856,-2e-05,0.0,-0.001806,-0.002883,-0.005403,-0.003788,0.0,-0.001201,-0.005349,-0.001048,-0.002977,0.0,-0.000995,-0.001628,-0.000218,-4.2e-05,-0.002777,-0.002962,0.0,-0.000634,-3e-06,-0.002413,-4e-06,-0.002867,-4e-06,-0.002335,-0.005401,-0.000555,-0.000637,-0.003219,-3e-05,-6e-05,-1e-06,-0.000505,-0.002975,-0.003097,0.0,-0.002222,-0.002563,-0.005735,-0.005735,-3e-06,-0.005056,-8.8e-05,-0.004658,-0.001795,0.0,-0.001635,-0.006105,-0.003144,-0.004115,-0.00449,-0.005719,-0.001655,-0.001145,-0.001196,-3e-05,-0.001322,-0.003003,-0.00339,-0.003146
2017-05-26 10:56:00+02:00,-1e-06,0.0,-0.001018,-0.004103,-0.00095,-0.000137,-0.001253,-0.001726,-0.002959,-0.000289,-3.9e-05,-1e-06,-0.003187,-0.003095,-0.001516,-0.00512,-0.000431,-1e-06,-0.000188,-0.005478,0.0,-0.005426,-0.002993,-4e-06,-0.00522,-0.005636,-0.001614,0.0,-0.001227,-0.000177,-2.3e-05,-0.002751,0.0,-0.002522,-0.002878,-2e-06,-0.001286,-0.002837,-0.0,-0.005777,-0.001588,-3e-06,-0.002714,0.0,-0.000827,-0.002091,-0.001689,-0.002832,-0.001815,0.0,-6e-05,-0.002801,-0.002703,-0.003145,-2e-05,0.0,-0.000747,-1.6e-05,0.0,-0.00174,-0.002842,-0.005438,-0.00373,0.0,-0.001115,-0.005318,-0.001001,-0.002928,0.0,-0.000949,-0.001587,-0.000174,-3.3e-05,-0.002758,-0.003028,0.0,-0.000507,-2e-06,-0.00236,-3e-06,-0.002825,-3e-06,-0.002292,-0.005441,-0.000444,-0.000513,-0.003309,-2.4e-05,-4.8e-05,-1e-06,-0.000446,-0.002953,-0.003167,0.0,-0.002184,-0.002513,-0.005734,-0.005736,-3e-06,-0.00505,-7e-05,-0.004593,-0.001748,0.0,-0.001593,-0.006215,-0.003215,-0.004064,-0.004413,-0.005724,-0.001615,-0.001103,-0.001155,-2.4e-05,-0.001238,-0.002949,-0.003342,-0.003227
2017-05-26 10:57:00+02:00,-1e-06,0.0,-0.000815,-0.003587,-0.00076,-0.00011,-0.001036,-0.001475,-0.002613,-0.000231,-3.1e-05,-1e-06,-0.002831,-0.002813,-0.001282,-0.004548,-0.000345,-1e-06,-0.00015,-0.004895,0.0,-0.004847,-0.002575,-3e-06,-0.00465,-0.005059,-0.00137,0.0,-0.001005,-0.000142,-1.9e-05,-0.00243,0.0,-0.002224,-0.002588,-1e-06,-0.001029,-0.002423,-0.0,-0.005195,-0.001354,-3e-06,-0.002293,0.0,-0.000661,-0.001707,-0.00143,-0.002483,-0.001536,0.0,-4.8e-05,-0.002476,-0.002393,-0.002813,-1.6e-05,0.0,-0.000598,-1.3e-05,0.0,-0.001392,-0.002509,-0.004862,-0.003241,0.0,-0.000892,-0.004744,-0.000801,-0.002577,0.0,-0.00076,-0.001342,-0.000139,-2.7e-05,-0.002455,-0.002747,0.0,-0.000406,-2e-06,-0.001977,-2e-06,-0.002495,-2e-06,-0.001899,-0.004869,-0.000355,-0.00041,-0.002895,-1.9e-05,-3.8e-05,-1e-06,-0.000357,-0.00263,-0.002831,0.0,-0.001914,-0.002081,-0.005151,-0.005154,-2e-06,-0.004473,-5.6e-05,-0.004046,-0.001485,0.0,-0.001355,-0.005595,-0.002846,-0.00353,-0.00387,-0.005145,-0.001379,-0.000888,-0.00094,-1.9e-05,-0.00099,-0.00251,-0.002881,-0.002861
2017-05-26 10:58:00+02:00,-1e-06,0.0,-0.000652,-0.00298,-0.000608,-8.8e-05,-0.000828,-0.001188,-0.002194,-0.000185,-2.5e-05,-1e-06,-0.002482,-0.002433,-0.001025,-0.003858,-0.000276,-1e-06,-0.00012,-0.00416,0.0,-0.004117,-0.002073,-2e-06,-0.003922,-0.004341,-0.001096,0.0,-0.000804,-0.000113,-1.5e-05,-0.002038,0.0,-0.001859,-0.00221,-1e-06,-0.000823,-0.001939,-0.0,-0.004438,-0.001083,-2e-06,-0.001834,0.0,-0.000529,-0.001366,-0.001144,-0.00208,-0.001229,0.0,-3.8e-05,-0.002088,-0.002027,-0.002466,-1.3e-05,0.0,-0.000478,-1e-05,0.0,-0.001114,-0.002113,-0.004126,-0.002667,0.0,-0.000713,-0.004043,-0.000641,-0.002166,0.0,-0.000608,-0.001074,-0.000111,-2.1e-05,-0.00208,-0.002365,0.0,-0.000325,-1e-06,-0.001581,-2e-06,-0.002111,-2e-06,-0.001519,-0.004134,-0.000284,-0.000328,-0.002518,-1.5e-05,-3.1e-05,-1e-06,-0.000285,-0.002243,-0.002469,0.0,-0.001598,-0.001665,-0.004424,-0.004427,-2e-06,-0.003754,-4.5e-05,-0.003397,-0.001189,0.0,-0.001084,-0.004903,-0.002489,-0.002888,-0.003232,-0.004421,-0.001107,-0.00071,-0.000752,-1.5e-05,-0.000792,-0.002008,-0.002343,-0.002488
2017-05-26 10:59:00+02:00,-0.0,0.0,-0.000521,-0.002485,-0.000486,-7e-05,-0.000663,-0.000957,-0.001848,-0.000148,-2e-05,-1e-06,-0.002187,-0.002114,-0.00082,-0.003291,-0.000221,-1e-06,-9.6e-05,-0.003554,0.0,-0.003516,-0.001669,-2e-06,-0.003314,-0.003745,-0.000877,0.0,-0.000643,-9.1e-05,-1.2e-05,-0.001714,0.0,-0.001557,-0.001894,-1e-06,-0.000659,-0.001551,-0.0,-0.003806,-0.000867,-2e-06,-0.001468,0.0,-0.000423,-0.001093,-0.000915,-0.001751,-0.000983,0.0,-3.1e-05,-0.001771,-0.001727,-0.00217,-1e-05,0.0,-0.000383,-8e-06,0.0,-0.000891,-0.00179,-0.003513,-0.002201,0.0,-0.000571,-0.003464,-0.000513,-0.001832,0.0,-0.000486,-0.000859,-8.9e-05,-1.7e-05,-0.001772,-0.002045,0.0,-0.00026,-1e-06,-0.001265,-2e-06,-0.001797,-2e-06,-0.001216,-0.003522,-0.000227,-0.000263,-0.002204,-1.2e-05,-2.5e-05,-1e-06,-0.000228,-0.001925,-0.002164,0.0,-0.001339,-0.001332,-0.003821,-0.003825,-1e-06,-0.003157,-3.6e-05,-0.002865,-0.000951,0.0,-0.000867,-0.004312,-0.002187,-0.002362,-0.002712,-0.00382,-0.000887,-0.000568,-0.000601,-1.2e-05,-0.000634,-0.001607,-0.001908,-0.002174
2017-05-26 11:00:00+02:00,-0.0,0.0,-0.000417,-0.002259,-0.000389,-5.6e-05,-0.000573,-0.000853,-0.00167,-0.000118,-1.6e-05,-1e-06,-0.002051,-0.001957,-0.000719,-0.003013,-0.000177,-0.0,-7.7e-05,-0.003241,0.0,-0.003206,-0.001502,-1e-06,-0.003017,-0.00345,-0.000778,0.0,-0.000556,-7.2e-05,-9e-06,-0.001551,0.0,-0.001408,-0.001737,-1e-06,-0.000527,-0.001388,-0.0,-0.00349,-0.000772,-1e-06,-0.001298,0.0,-0.000339,-0.000945,-0.000816,-0.001576,-0.000861,0.0,-2.5e-05,-0.001603,-0.001576,-0.002033,-8e-06,0.0,-0.000306,-6e-06,0.0,-0.000745,-0.001619,-0.00321,-0.001997,0.0,-0.000457,-0.003179,-0.000427,-0.001653,0.0,-0.000403,-0.000759,-7.1e-05,-1.4e-05,-0.001612,-0.001886,0.0,-0.000208,-1e-06,-0.001112,-1e-06,-0.001637,-1e-06,-0.001066,-0.00322,-0.000182,-0.00021,-0.002055,-1e-05,-2e-05,-0.0,-0.000183,-0.001763,-0.002019,0.0,-0.001218,-0.001142,-0.00352,-0.003524,-1e-06,-0.002865,-2.9e-05,-0.002613,-0.000842,0.0,-0.000771,-0.004039,-0.002047,-0.002118,-0.002466,-0.003521,-0.000792,-0.000482,-0.000511,-1e-05,-0.000507,-0.00143,-0.001726,-0.002025
2017-05-26 11:01:00+02:00,-0.0,0.0,-0.000334,-0.00213,-0.000311,-4.5e-05,-0.000524,-0.000792,-0.001534,-9.5e-05,-1.3e-05,-0.0,-0.001946,-0.001835,-0.000639,-0.002842,-0.000141,-0.0,-6.2e-05,-0.003022,0.0,-0.002989,-0.001411,-1e-06,-0.002794,-0.003263,-0.000721,0.0,-0.000512,-5.8e-05,-8e-06,-0.001425,0.0,-0.001293,-0.001614,-0.0,-0.000421,-0.001301,-0.0,-0.003244,-0.000719,-1e-06,-0.00119,0.0,-0.000271,-0.000878,-0.000762,-0.00145,-0.000764,0.0,-2e-05,-0.001484,-0.001481,-0.001928,-7e-06,0.0,-0.000245,-5e-06,0.0,-0.000672,-0.001496,-0.002974,-0.001885,0.0,-0.000365,-0.003003,-0.000381,-0.001523,0.0,-0.000358,-0.000692,-5.7e-05,-1.1e-05,-0.001499,-0.001762,0.0,-0.000166,-1e-06,-0.001034,-1e-06,-0.001534,-1e-06,-0.000999,-0.002985,-0.000145,-0.000168,-0.001937,-8e-06,-1.6e-05,-0.0,-0.000146,-0.001658,-0.001907,0.0,-0.001147,-0.000996,-0.003329,-0.003333,-1e-06,-0.002641,-2.3e-05,-0.002462,-0.000769,0.0,-0.000717,-0.003828,-0.001938,-0.001926,-0.002322,-0.003331,-0.000737,-0.00044,-0.000451,-8e-06,-0.000424,-0.001317,-0.001632,-0.001907
2017-05-26 11:02:00+02:00,-0.0,0.0,-0.00027,-0.002078,-0.000262,-3.6e-05,-0.000501,-0.00076,-0.001459,-7.6e-05,-1e-05,-0.0,-0.001898,-0.001772,-0.000601,-0.002762,-0.000113,-0.0,-4.9e-05,-0.002905,0.0,-0.002874,-0.001374,-1e-06,-0.002686,-0.003174,-0.000692,0.0,-0.000497,-4.6e-05,-6e-06,-0.001357,0.0,-0.001233,-0.00155,-0.0,-0.000337,-0.001266,-0.0,-0.003115,-0.000693,-1e-06,-0.001143,0.0,-0.000217,-0.000866,-0.000741,-0.001374,-0.000711,0.0,-1.6e-05,-0.001416,-0.001433,-0.001881,-5e-06,0.0,-0.000196,-4e-06,0.0,-0.000644,-0.001425,-0.002851,-0.001844,0.0,-0.000307,-0.002919,-0.000359,-0.001446,0.0,-0.000338,-0.000659,-4.6e-05,-9e-06,-0.001437,-0.001698,0.0,-0.000133,-1e-06,-0.001004,-1e-06,-0.001478,-1e-06,-0.000987,-0.002863,-0.000116,-0.000134,-0.001876,-6e-06,-1.3e-05,-0.0,-0.000117,-0.001602,-0.001853,0.0,-0.001116,-0.000927,-0.003236,-0.00324,-1e-06,-0.002528,-1.8e-05,-0.002396,-0.00073,0.0,-0.00069,-0.003735,-0.001886,-0.00183,-0.002258,-0.003239,-0.000711,-0.000425,-0.000419,-6e-06,-0.000385,-0.001267,-0.001604,-0.001848
2017-05-26 11:03:00+02:00,-0.0,0.0,-0.000325,-0.002235,-0.000316,-2.9e-05,-0.000555,-0.000821,-0.001537,-8.4e-05,-8e-06,-0.0,-0.002019,-0.001868,-0.000654,-0.002929,-9.7e-05,-0.0,-3.9e-05,-0.00307,0.0,-0.003039,-0.001497,-1e-06,-0.002841,-0.003356,-0.000752,0.0,-0.000565,-3.7e-05,-5e-06,-0.00143,0.0,-0.001301,-0.001629,-0.0,-0.00038,-0.001386,-0.0,-0.003272,-0.000754,-1e-06,-0.001267,0.0,-0.00026,-0.000997,-0.000818,-0.001446,-0.000764,0.0,-1.3e-05,-0.001492,-0.001517,-0.001997,-4e-06,0.0,-0.00022,-3e-06,0.0,-0.000739,-0.001501,-0.002999,-0.002001,0.0,-0.000369,-0.003092,-0.000406,-0.001521,0.0,-0.000384,-0.000722,-3.7e-05,-7e-06,-0.001518,-0.001785,0.0,-0.00015,-0.0,-0.001115,-1e-06,-0.001563,-1e-06,-0.001125,-0.003012,-0.000111,-0.000133,-0.001995,-5e-06,-1e-05,-0.0,-0.000136,-0.001691,-0.001965,0.0,-0.001195,-0.001025,-0.003418,-0.003423,-1e-06,-0.002669,-1.5e-05,-0.002556,-0.000795,0.0,-0.00075,-0.003959,-0.002006,-0.00195,-0.002415,-0.003423,-0.000772,-0.000489,-0.00047,-5e-06,-0.000456,-0.001395,-0.00176,-0.00196
2017-05-26 11:04:00+02:00,-0.0,0.0,-0.000585,-0.002616,-0.000571,-0.000128,-0.000719,-0.000997,-0.001761,-0.000197,-2.6e-05,-0.0,-0.002221,-0.002094,-0.000834,-0.003331,-0.000289,-0.0,-0.000169,-0.003494,0.0,-0.003462,-0.001841,-1e-06,-0.003282,-0.003778,-0.000925,0.0,-0.000738,-0.000124,-4e-06,-0.001646,0.0,-0.00151,-0.001855,-0.0,-0.000655,-0.001725,-0.0,-0.003722,-0.000928,-1e-06,-0.001611,0.0,-0.000505,-0.001331,-0.001004,-0.001648,-0.000951,0.0,-5e-05,-0.001699,-0.00172,-0.002198,-3e-06,0.0,-0.000451,-3e-06,0.0,-0.00104,-0.001708,-0.003436,-0.002376,0.0,-0.000637,-0.003502,-0.000561,-0.001727,0.0,-0.000538,-0.0009,-0.000132,-6e-06,-0.001729,-0.002022,0.0,-0.000368,-0.0,-0.00144,-1e-06,-0.001766,-1e-06,-0.001468,-0.00345,-0.00031,-0.000339,-0.002221,-4e-06,-4.2e-05,-0.0,-0.000259,-0.001901,-0.002178,0.0,-0.001387,-0.00137,-0.003841,-0.003845,-0.0,-0.003093,-6.6e-05,-0.002945,-0.000977,0.0,-0.000923,-0.004354,-0.002215,-0.002337,-0.002797,-0.003847,-0.000946,-0.000657,-0.000632,-4e-06,-0.000731,-0.001746,-0.002131,-0.002184
2017-05-26 11:05:00+02:00,-0.0,0.0,-0.000548,-0.002613,-0.000521,-0.000103,-0.000701,-0.000979,-0.001748,-0.00016,-2.1e-05,-0.0,-0.002245,-0.002096,-0.000821,-0.003328,-0.000231,-0.0,-0.000135,-0.003504,0.0,-0.003473,-0.001819,-0.0,-0.003272,-0.003779,-0.000907,0.0,-0.00073,-9.9e-05,-3e-06,-0.001634,0.0,-0.001499,-0.001847,-0.0,-0.000598,-0.0017,-0.0,-0.003706,-0.000912,-0.0,-0.001611,0.0,-0.000449,-0.001324,-0.000998,-0.00164,-0.000932,0.0,-4e-05,-0.001698,-0.001715,-0.002221,-3e-06,0.0,-0.000396,-2e-06,0.0,-0.00101,-0.001704,-0.003418,-0.002374,0.0,-0.000604,-0.003501,-0.000542,-0.001721,0.0,-0.000519,-0.000896,-0.000106,-4e-06,-0.001732,-0.002018,0.0,-0.000299,-0.0,-0.001415,-0.0,-0.001759,-0.0,-0.001463,-0.003433,-0.000248,-0.000271,-0.002233,-3e-06,-3.4e-05,-0.0,-0.000227,-0.001896,-0.002193,0.0,-0.001384,-0.001341,-0.003841,-0.003846,-0.0,-0.003075,-5.3e-05,-0.002941,-0.000972,0.0,-0.000907,-0.004398,-0.002235,-0.002313,-0.002792,-0.003848,-0.00093,-0.000648,-0.000625,-3e-06,-0.000689,-0.001748,-0.002131,-0.002194
2017-05-26 11:06:00+02:00,-0.0,0.0,-0.000517,-0.002574,-0.00048,-8.2e-05,-0.000679,-0.000953,-0.001714,-0.000133,-1.6e-05,-0.0,-0.002232,-0.002069,-0.000802,-0.003278,-0.000185,-0.0,-0.000108,-0.003459,0.0,-0.003429,-0.001778,-0.0,-0.003219,-0.003726,-0.000883,0.0,-0.000716,-7.9e-05,-2e-06,-0.001603,0.0,-0.00147,-0.001816,-0.0,-0.000553,-0.00166,-0.0,-0.003643,-0.000888,-0.0,-0.001591,0.0,-0.000405,-0.001302,-0.000982,-0.001611,-0.000907,0.0,-3.2e-05,-0.001672,-0.001687,-0.002207,-2e-06,0.0,-0.000354,-2e-06,0.0,-0.000977,-0.001677,-0.003358,-0.00234,0.0,-0.000576,-0.00345,-0.000522,-0.001692,0.0,-0.000499,-0.000883,-8.5e-05,-4e-06,-0.001708,-0.001986,0.0,-0.000248,-0.0,-0.001378,-0.0,-0.001729,-0.0,-0.001442,-0.003373,-0.000198,-0.00022,-0.002211,-3e-06,-2.7e-05,-0.0,-0.000203,-0.001866,-0.002175,0.0,-0.001363,-0.001305,-0.003787,-0.003792,-0.0,-0.00302,-4.3e-05,-0.002896,-0.000957,0.0,-0.000883,-0.004368,-0.002219,-0.002265,-0.002749,-0.003794,-0.000907,-0.000634,-0.000614,-3e-06,-0.000652,-0.001726,-0.002102,-0.002172
2017-05-26 11:07:00+02:00,-0.0,0.0,-0.000414,-0.002403,-0.000384,-6.6e-05,-0.000613,-0.000878,-0.001596,-0.000106,-1.3e-05,-0.0,-0.002114,-0.001948,-0.000724,-0.003079,-0.000148,-0.0,-8.6e-05,-0.003262,0.0,-0.003233,-0.001644,-0.0,-0.003008,-0.003512,-0.00081,0.0,-0.000648,-6.3e-05,-2e-06,-0.001491,0.0,-0.001366,-0.001701,-0.0,-0.000443,-0.00153,-0.0,-0.003412,-0.000817,-0.0,-0.001463,0.0,-0.000324,-0.001179,-0.000904,-0.001506,-0.000819,0.0,-2.5e-05,-0.00157,-0.001583,-0.002091,-2e-06,0.0,-0.000284,-1e-06,0.0,-0.000865,-0.001573,-0.003137,-0.00218,0.0,-0.00047,-0.003245,-0.000461,-0.001585,0.0,-0.00044,-0.000811,-6.8e-05,-3e-06,-0.001608,-0.001866,0.0,-0.000198,-0.0,-0.001256,-0.0,-0.00162,-0.0,-0.001315,-0.003152,-0.000159,-0.000176,-0.002085,-2e-06,-2.2e-05,-0.0,-0.000162,-0.001754,-0.002055,0.0,-0.001274,-0.001161,-0.003569,-0.003574,-0.0,-0.002812,-3.4e-05,-0.002712,-0.000881,0.0,-0.000811,-0.004139,-0.002099,-0.002084,-0.00257,-0.003577,-0.000835,-0.000568,-0.000552,-2e-06,-0.000547,-0.001594,-0.001952,-0.002048
2017-05-26 11:08:00+02:00,-0.0,0.0,-0.000331,-0.002214,-0.000307,-5.2e-05,-0.000538,-0.000792,-0.001462,-8.5e-05,-1.1e-05,-0.0,-0.001973,-0.001807,-0.000632,-0.00286,-0.000118,-0.0,-6.9e-05,-0.003038,0.0,-0.00301,-0.001486,-0.0,-0.002762,-0.003275,-0.000727,0.0,-0.000572,-5.1e-05,-2e-06,-0.001364,0.0,-0.001246,-0.001568,-0.0,-0.000354,-0.001377,-0.0,-0.003146,-0.000735,-0.0,-0.001314,0.0,-0.000259,-0.00104,-0.000817,-0.001392,-0.000719,0.0,-2e-05,-0.001456,-0.001469,-0.001951,-1e-06,0.0,-0.000227,-1e-06,0.0,-0.000736,-0.001458,-0.002883,-0.002,0.0,-0.000376,-0.003019,-0.000391,-0.001467,0.0,-0.000371,-0.000731,-5.4e-05,-2e-06,-0.001496,-0.001727,0.0,-0.000159,-0.0,-0.001113,-0.0,-0.001502,-0.0,-0.001172,-0.002898,-0.000127,-0.000141,-0.001937,-2e-06,-1.7e-05,-0.0,-0.00013,-0.001632,-0.001913,0.0,-0.001176,-0.000992,-0.00333,-0.003335,-0.0,-0.002572,-2.7e-05,-0.002509,-0.000796,0.0,-0.000729,-0.003862,-0.001956,-0.001875,-0.002372,-0.003338,-0.000752,-0.000496,-0.000481,-2e-06,-0.000437,-0.00144,-0.001783,-0.001904
2017-05-26 11:09:00+02:00,-0.0,0.0,-0.000276,-0.002188,-0.000249,-4.2e-05,-0.000523,-0.000781,-0.001441,-6.8e-05,-8e-06,-0.0,-0.001964,-0.001785,-0.000599,-0.002837,-9.5e-05,-0.0,-5.5e-05,-0.003017,0.0,-0.002989,-0.001456,-0.0,-0.002701,-0.003256,-0.000715,0.0,-0.00056,-4.1e-05,-1e-06,-0.001338,0.0,-0.001217,-0.001539,-0.0,-0.000283,-0.001346,-0.0,-0.003086,-0.000723,-0.0,-0.001284,0.0,-0.000207,-0.001009,-0.00081,-0.001389,-0.000687,0.0,-1.6e-05,-0.001451,-0.001463,-0.001938,-1e-06,0.0,-0.000181,-1e-06,0.0,-0.000698,-0.001455,-0.002821,-0.001975,0.0,-0.000325,-0.002998,-0.000373,-0.001466,0.0,-0.000353,-0.000719,-4.3e-05,-2e-06,-0.001488,-0.001699,0.0,-0.000127,-0.0,-0.00108,-0.0,-0.0015,-0.0,-0.001142,-0.002835,-0.000101,-0.000113,-0.001934,-1e-06,-1.4e-05,-0.0,-0.000104,-0.00163,-0.001901,0.0,-0.001164,-0.000925,-0.003311,-0.003316,-0.0,-0.00251,-2.2e-05,-0.002484,-0.000786,0.0,-0.000717,-0.003826,-0.001949,-0.001809,-0.002347,-0.003319,-0.00074,-0.000481,-0.000466,-1e-06,-0.000391,-0.001411,-0.001758,-0.001895
2017-05-26 11:10:00+02:00,-0.0,0.0,-0.000505,-0.002493,-0.00048,-0.000117,-0.000661,-0.000926,-0.001615,-0.000166,-1.9e-05,-0.0,-0.002135,-0.001977,-0.000751,-0.003159,-0.000256,-0.0,-0.000157,-0.003347,0.0,-0.003319,-0.001743,-0.0,-0.003052,-0.00359,-0.000858,0.0,-0.000699,-0.000111,-1e-06,-0.00151,0.0,-0.001386,-0.00172,-0.0,-0.000526,-0.00163,-0.0,-0.003446,-0.000867,-0.0,-0.001563,0.0,-0.000427,-0.001283,-0.000955,-0.001546,-0.000842,0.0,-4.3e-05,-0.001612,-0.001623,-0.00211,-1e-06,0.0,-0.000383,-1e-06,0.0,-0.000959,-0.001616,-0.003173,-0.002275,0.0,-0.00056,-0.003324,-0.000505,-0.001626,0.0,-0.000484,-0.000861,-0.000123,-1e-06,-0.001653,-0.001886,0.0,-0.000317,-0.0,-0.001354,-0.0,-0.001659,-0.0,-0.00142,-0.003188,-0.000273,-0.00029,-0.002122,-1e-06,-3.7e-05,-0.0,-0.000214,-0.001794,-0.002084,0.0,-0.001319,-0.001218,-0.003646,-0.003651,-0.0,-0.002852,-6.2e-05,-0.002796,-0.00093,0.0,-0.00086,-0.004171,-0.002125,-0.00213,-0.002655,-0.003654,-0.000884,-0.000618,-0.000601,-1e-06,-0.000636,-0.001694,-0.002053,-0.002085
2017-05-26 11:11:00+02:00,-0.0,0.0,-0.000434,-0.002403,-0.000412,-9.4e-05,-0.000622,-0.000882,-0.001551,-0.000133,-1.5e-05,-0.0,-0.002075,-0.001911,-0.000708,-0.003055,-0.000205,-0.0,-0.000126,-0.003235,0.0,-0.003207,-0.001666,-0.0,-0.002939,-0.003479,-0.000816,0.0,-0.000661,-8.9e-05,-1e-06,-0.00145,0.0,-0.00133,-0.001658,-0.0,-0.000442,-0.001554,-0.0,-0.003322,-0.000825,-0.0,-0.001484,0.0,-0.000354,-0.001214,-0.000912,-0.001485,-0.000793,0.0,-3.4e-05,-0.001553,-0.001568,-0.002051,-1e-06,0.0,-0.000307,-1e-06,0.0,-0.000892,-0.001555,-0.003055,-0.002189,0.0,-0.000491,-0.003218,-0.000469,-0.001563,0.0,-0.000449,-0.000817,-9.8e-05,-1e-06,-0.001595,-0.001821,0.0,-0.000254,-0.0,-0.001283,-0.0,-0.001602,-0.0,-0.00135,-0.00307,-0.000218,-0.000232,-0.002052,-1e-06,-2.9e-05,-0.0,-0.000175,-0.001735,-0.00202,0.0,-0.001272,-0.001137,-0.003534,-0.003539,-0.0,-0.00274,-5e-05,-0.002699,-0.000883,0.0,-0.000819,-0.004055,-0.002062,-0.002031,-0.00256,-0.003543,-0.000842,-0.000581,-0.000562,-1e-06,-0.000572,-0.001613,-0.001972,-0.002017
2017-05-26 11:12:00+02:00,-0.0,0.0,-0.000365,-0.002297,-0.000345,-7.5e-05,-0.00058,-0.000834,-0.001475,-0.000106,-1.2e-05,-0.0,-0.001997,-0.00183,-0.000659,-0.002933,-0.000164,-0.0,-0.000101,-0.003101,0.0,-0.003075,-0.001579,-0.0,-0.002803,-0.003348,-0.000769,0.0,-0.000618,-7.1e-05,-1e-06,-0.001378,0.0,-0.001264,-0.001584,-0.0,-0.000358,-0.001469,-0.0,-0.003175,-0.000779,-0.0,-0.001397,0.0,-0.000283,-0.001138,-0.000863,-0.001416,-0.000739,0.0,-2.7e-05,-0.001484,-0.001504,-0.001975,-1e-06,0.0,-0.000245,-0.0,0.0,-0.000821,-0.001486,-0.002914,-0.002089,0.0,-0.000422,-0.003092,-0.000431,-0.001492,0.0,-0.000412,-0.000769,-7.8e-05,-1e-06,-0.001528,-0.001743,0.0,-0.000203,-0.0,-0.001203,-0.0,-0.001535,-0.0,-0.00127,-0.002929,-0.000175,-0.000185,-0.001966,-1e-06,-2.4e-05,-0.0,-0.00014,-0.001666,-0.001941,0.0,-0.001217,-0.001047,-0.003402,-0.003407,-0.0,-0.002608,-4e-05,-0.002586,-0.000832,0.0,-0.000772,-0.003905,-0.001982,-0.001917,-0.00245,-0.00341,-0.000796,-0.000541,-0.00052,-1e-06,-0.000506,-0.001522,-0.001878,-0.001933
2017-05-26 11:13:00+02:00,-0.0,0.0,-0.000314,-0.00222,-0.000296,-6e-05,-0.000549,-0.000799,-0.001419,-8.5e-05,-1e-05,-0.0,-0.001941,-0.001771,-0.000622,-0.002844,-0.000131,-0.0,-8e-05,-0.003007,0.0,-0.002981,-0.001517,-0.0,-0.002702,-0.003252,-0.000735,0.0,-0.000587,-5.7e-05,-1e-06,-0.001326,0.0,-0.001214,-0.00153,-0.0,-0.000293,-0.001408,-0.0,-0.003065,-0.000746,-0.0,-0.001334,0.0,-0.00023,-0.001081,-0.000827,-0.001366,-0.000697,0.0,-2.2e-05,-0.001436,-0.001457,-0.001919,-0.0,0.0,-0.000196,-0.0,0.0,-0.00077,-0.001436,-0.002809,-0.002016,0.0,-0.000371,-0.003001,-0.000403,-0.001441,0.0,-0.000384,-0.000735,-6.3e-05,-1e-06,-0.00148,-0.001686,0.0,-0.000163,-0.0,-0.001147,-0.0,-0.001486,-0.0,-0.001212,-0.002824,-0.00014,-0.000148,-0.001903,-1e-06,-1.9e-05,-0.0,-0.000112,-0.001615,-0.001882,0.0,-0.001177,-0.000978,-0.003305,-0.00331,-0.0,-0.00251,-3.2e-05,-0.002503,-0.000796,0.0,-0.000739,-0.003795,-0.001924,-0.001831,-0.00237,-0.003313,-0.000763,-0.000511,-0.00049,-1e-06,-0.000458,-0.001457,-0.001809,-0.001872
2017-05-26 11:14:00+02:00,-0.0,0.0,-0.000343,-0.00227,-0.000325,-4.8e-05,-0.000572,-0.000825,-0.001448,-8.4e-05,-8e-06,-0.0,-0.001978,-0.001801,-0.000641,-0.002898,-0.000105,-0.0,-6.4e-05,-0.003055,0.0,-0.003029,-0.001562,-0.0,-0.00275,-0.00331,-0.00076,0.0,-0.000612,-4.5e-05,-0.0,-0.001352,0.0,-0.001238,-0.001555,-0.0,-0.000317,-0.001452,-0.0,-0.003114,-0.000771,-0.0,-0.001375,0.0,-0.000256,-0.001124,-0.000854,-0.001394,-0.000719,0.0,-1.8e-05,-0.001463,-0.001487,-0.001955,-0.0,0.0,-0.000208,-0.0,0.0,-0.000809,-0.001464,-0.002857,-0.002065,0.0,-0.000402,-0.003056,-0.000424,-0.001469,0.0,-0.000405,-0.000758,-5e-05,-1e-06,-0.001506,-0.001712,0.0,-0.000161,-0.0,-0.001188,-0.0,-0.001517,-0.0,-0.001256,-0.002872,-0.000123,-0.000136,-0.00194,-0.0,-1.5e-05,-0.0,-0.000124,-0.001648,-0.001916,0.0,-0.001203,-0.001015,-0.003363,-0.003368,-0.0,-0.002555,-2.5e-05,-0.002555,-0.00082,0.0,-0.000764,-0.003861,-0.001961,-0.001873,-0.002421,-0.003372,-0.000788,-0.000534,-0.000511,-0.0,-0.000492,-0.001498,-0.001857,-0.001907
2017-05-26 11:15:00+02:00,-0.0,0.0,-0.000446,-0.002453,-0.00043,-3.8e-05,-0.00065,-0.000914,-0.00157,-0.000121,-6e-06,-0.0,-0.002126,-0.001932,-0.000721,-0.003105,-0.000151,-0.0,-5.1e-05,-0.003268,0.0,-0.003241,-0.001723,-0.0,-0.002967,-0.003532,-0.000846,0.0,-0.000689,-5.6e-05,-0.0,-0.001466,0.0,-0.001344,-0.001673,-0.0,-0.000425,-0.001608,-0.0,-0.003346,-0.000856,-0.0,-0.001524,0.0,-0.000354,-0.001264,-0.000942,-0.001505,-0.000808,0.0,-1.4e-05,-0.001573,-0.001597,-0.002099,-0.0,0.0,-0.000292,-0.0,0.0,-0.000938,-0.001576,-0.003078,-0.002241,0.0,-0.000509,-0.003269,-0.000495,-0.001583,0.0,-0.000474,-0.00084,-6.9e-05,-0.0,-0.001615,-0.001837,0.0,-0.000229,-0.0,-0.001333,-0.0,-0.001631,-0.0,-0.001401,-0.003094,-0.000177,-0.000195,-0.002089,-0.0,-1.2e-05,-0.0,-0.000175,-0.001766,-0.002058,0.0,-0.001298,-0.001162,-0.003588,-0.003593,-0.0,-0.002764,-2e-05,-0.002749,-0.000906,0.0,-0.000849,-0.004137,-0.002109,-0.002055,-0.002609,-0.003597,-0.000874,-0.000609,-0.000584,-0.0,-0.000607,-0.001653,-0.002025,-0.002051
2017-05-26 11:16:00+02:00,-0.0,0.0,-0.000524,-0.002651,-0.000552,-3.1e-05,-0.000731,-0.001005,-0.001697,-0.000167,-5e-06,-0.0,-0.002282,-0.002076,-0.000816,-0.003327,-0.000187,-0.0,-4.1e-05,-0.003372,0.0,-0.003344,-0.0019,-0.0,-0.003215,-0.003771,-0.000934,0.0,-0.00077,-6.5e-05,-0.0,-0.001589,0.0,-0.001463,-0.001805,-0.0,-0.000562,-0.00178,-0.0,-0.003609,-0.000944,-0.0,-0.00162,0.0,-0.00047,-0.001419,-0.001032,-0.001554,-0.000907,0.0,-1.1e-05,-0.00162,-0.00171,-0.002254,-0.0,0.0,-0.000356,-0.0,0.0,-0.001084,-0.001622,-0.00333,-0.002432,0.0,-0.000588,-0.003497,-0.00057,-0.00163,0.0,-0.000548,-0.000889,-0.000102,-0.0,-0.001666,-0.001976,0.0,-0.000319,-0.0,-0.001494,-0.0,-0.001745,-0.0,-0.001562,-0.003346,-0.000256,-0.000241,-0.002239,-0.0,-1e-05,-0.0,-0.000233,-0.001884,-0.00221,0.0,-0.001401,-0.001337,-0.003828,-0.003834,-0.0,-0.003003,-1.7e-05,-0.002958,-0.000956,0.0,-0.000937,-0.004443,-0.002263,-0.002266,-0.002813,-0.003838,-0.000963,-0.000686,-0.000628,-0.0,-0.000738,-0.001751,-0.002209,-0.0022
2017-05-26 11:17:00+02:00,-0.0,0.0,-0.000458,-0.00263,-0.000516,-2.5e-05,-0.000716,-0.000993,-0.001689,-0.000138,-4e-06,-0.0,-0.002285,-0.002074,-0.000804,-0.003309,-0.000149,-0.0,-3.3e-05,-0.003268,0.0,-0.00324,-0.001879,-0.0,-0.003204,-0.003756,-0.000922,0.0,-0.000754,-5.2e-05,-0.0,-0.001582,0.0,-0.001456,-0.001801,-0.0,-0.000525,-0.001758,-0.0,-0.003601,-0.000932,-0.0,-0.001545,0.0,-0.000432,-0.00139,-0.001017,-0.001499,-0.000894,0.0,-9e-06,-0.001563,-0.0017,-0.002257,-0.0,0.0,-0.000285,-0.0,0.0,-0.001056,-0.001564,-0.00332,-0.002409,0.0,-0.000522,-0.003481,-0.000554,-0.001572,0.0,-0.000533,-0.000849,-8.1e-05,-0.0,-0.001613,-0.001974,0.0,-0.000263,-0.0,-0.00147,-0.0,-0.001734,-0.0,-0.001534,-0.003336,-0.000205,-0.000193,-0.002238,-0.0,-8e-06,-0.0,-0.000212,-0.001875,-0.00221,0.0,-0.00139,-0.001312,-0.003814,-0.003819,-0.0,-0.002991,-1.3e-05,-0.002938,-0.000914,0.0,-0.000925,-0.004449,-0.002264,-0.002248,-0.002792,-0.003823,-0.000951,-0.00067,-0.00059,-0.0,-0.000706,-0.001674,-0.002185,-0.002199
2017-05-26 11:18:00+02:00,-0.0,0.0,-0.000383,-0.002567,-0.000466,-2e-05,-0.000688,-0.000963,-0.001651,-0.00011,-3e-06,-0.0,-0.002247,-0.002036,-0.000774,-0.003241,-0.000119,-0.0,-2.6e-05,-0.00313,0.0,-0.003102,-0.001825,-0.0,-0.003132,-0.003685,-0.000892,0.0,-0.000725,-4.2e-05,-0.0,-0.001545,0.0,-0.001421,-0.001765,-0.0,-0.000469,-0.001703,-0.0,-0.003528,-0.000903,-0.0,-0.00145,0.0,-0.000381,-0.001336,-0.000986,-0.001429,-0.000862,0.0,-7e-06,-0.001491,-0.001665,-0.002219,-0.0,0.0,-0.000228,-0.0,0.0,-0.001005,-0.001492,-0.003249,-0.002348,0.0,-0.000447,-0.003412,-0.000527,-0.0015,0.0,-0.000506,-0.000798,-6.5e-05,-0.0,-0.001543,-0.001937,0.0,-0.00021,-0.0,-0.001417,-0.0,-0.001698,-0.0,-0.001479,-0.003265,-0.000164,-0.000154,-0.002197,-0.0,-6e-06,-0.0,-0.000185,-0.001839,-0.002172,0.0,-0.001358,-0.001254,-0.003742,-0.003748,-0.0,-0.00292,-1.1e-05,-0.002873,-0.000861,0.0,-0.000896,-0.004375,-0.002226,-0.002184,-0.002728,-0.003752,-0.000923,-0.000641,-0.000542,-0.0,-0.000656,-0.001576,-0.002125,-0.002159
2017-05-26 11:19:00+02:00,-0.0,0.0,-0.000307,-0.002456,-0.000395,-1.6e-05,-0.000643,-0.000913,-0.001576,-8.8e-05,-3e-06,-0.0,-0.002165,-0.001958,-0.000723,-0.003117,-9.6e-05,-0.0,-2.1e-05,-0.00296,0.0,-0.002933,-0.00173,-0.0,-0.002992,-0.003552,-0.000843,0.0,-0.000679,-3.3e-05,-0.0,-0.001475,0.0,-0.001355,-0.001692,-0.0,-0.000388,-0.001611,-0.0,-0.003384,-0.000855,-0.0,-0.001337,0.0,-0.000311,-0.00125,-0.000935,-0.001345,-0.000807,0.0,-6e-06,-0.001405,-0.001601,-0.002139,-0.0,0.0,-0.000182,-0.0,0.0,-0.000926,-0.001405,-0.00311,-0.002242,0.0,-0.000363,-0.003284,-0.000485,-0.001412,0.0,-0.000465,-0.000738,-5.2e-05,-0.0,-0.001458,-0.001861,0.0,-0.000168,-0.0,-0.00133,-0.0,-0.001633,-0.0,-0.00139,-0.003126,-0.000131,-0.000123,-0.002114,-0.0,-5e-06,-0.0,-0.000149,-0.001771,-0.002091,0.0,-0.001302,-0.001158,-0.003608,-0.003613,-0.0,-0.002786,-8e-06,-0.002756,-0.000798,0.0,-0.000847,-0.004215,-0.002144,-0.002067,-0.002614,-0.003617,-0.000874,-0.000597,-0.000488,-0.0,-0.000583,-0.001459,-0.002024,-0.002077
2017-05-26 11:20:00+02:00,-0.0,0.0,-0.000245,-0.00232,-0.000321,-1.3e-05,-0.000591,-0.000852,-0.001475,-7.1e-05,-2e-06,-0.0,-0.002046,-0.001847,-0.000658,-0.00296,-7.6e-05,-0.0,-1.7e-05,-0.002784,0.0,-0.002758,-0.001617,-0.0,-0.002804,-0.003381,-0.000784,0.0,-0.000626,-2.7e-05,-0.0,-0.001379,0.0,-0.001266,-0.001593,-0.0,-0.000311,-0.001501,-0.0,-0.003185,-0.000796,-0.0,-0.00123,0.0,-0.000249,-0.001151,-0.000873,-0.001258,-0.000736,0.0,-5e-06,-0.001315,-0.00152,-0.002021,-0.0,0.0,-0.000146,-0.0,0.0,-0.000837,-0.001315,-0.002921,-0.002112,0.0,-0.000291,-0.003121,-0.000438,-0.001321,0.0,-0.000419,-0.00068,-4.2e-05,-0.0,-0.001369,-0.001755,0.0,-0.000135,-0.0,-0.001229,-0.0,-0.001549,-0.0,-0.001287,-0.002937,-0.000105,-9.9e-05,-0.001993,-0.0,-4e-06,-0.0,-0.000119,-0.001683,-0.001975,0.0,-0.001231,-0.001039,-0.003435,-0.00344,-0.0,-0.002608,-7e-06,-0.00261,-0.000736,0.0,-0.000789,-0.003985,-0.002024,-0.001915,-0.002473,-0.003444,-0.000815,-0.000546,-0.000441,-0.0,-0.000504,-0.001347,-0.001901,-0.00196
2017-05-26 11:21:00+02:00,-0.0,0.0,-0.000196,-0.002196,-0.000257,-1e-05,-0.00054,-0.000795,-0.001385,-5.7e-05,-2e-06,-0.0,-0.00194,-0.001748,-0.000595,-0.002819,-6.1e-05,-0.0,-1.3e-05,-0.002618,0.0,-0.002592,-0.001508,-0.0,-0.002632,-0.003229,-0.000729,0.0,-0.000576,-2.1e-05,-0.0,-0.001293,0.0,-0.001184,-0.001502,-0.0,-0.000249,-0.001395,-0.0,-0.003003,-0.000741,-0.0,-0.001123,0.0,-0.000199,-0.001057,-0.000817,-0.001178,-0.000668,0.0,-4e-06,-0.001233,-0.001448,-0.001916,-0.0,0.0,-0.000117,-0.0,0.0,-0.000748,-0.001231,-0.002748,-0.001993,0.0,-0.000233,-0.002976,-0.000391,-0.001238,0.0,-0.000373,-0.000623,-3.3e-05,-0.0,-0.001286,-0.001659,0.0,-0.000108,-0.0,-0.00113,-0.0,-0.001476,-0.0,-0.001189,-0.002762,-8.4e-05,-7.9e-05,-0.001888,-0.0,-3e-06,-0.0,-9.5e-05,-0.001607,-0.001871,0.0,-0.001167,-0.000922,-0.003281,-0.003286,-0.0,-0.002442,-5e-06,-0.002478,-0.000677,0.0,-0.000734,-0.003777,-0.001918,-0.001771,-0.002344,-0.00329,-0.000759,-0.000498,-0.000393,-0.0,-0.000423,-0.001236,-0.001788,-0.001856
2017-05-26 11:22:00+02:00,-0.0,0.0,-0.000232,-0.002337,-0.000305,-8e-06,-0.000593,-0.000861,-0.001484,-6.2e-05,-1e-06,-0.0,-0.002066,-0.001859,-0.000645,-0.002988,-4.9e-05,-0.0,-1.1e-05,-0.00275,0.0,-0.002723,-0.001618,-0.0,-0.002791,-0.003416,-0.000792,0.0,-0.00063,-1.7e-05,-0.0,-0.001384,0.0,-0.001265,-0.001597,-0.0,-0.00029,-0.0015,-0.0,-0.003185,-0.000803,-0.0,-0.001206,0.0,-0.000238,-0.001147,-0.000885,-0.001252,-0.000729,0.0,-3e-06,-0.001303,-0.001543,-0.002038,-0.0,0.0,-0.000124,-0.0,0.0,-0.000823,-0.001303,-0.002918,-0.002125,0.0,-0.000275,-0.003152,-0.000436,-0.001313,0.0,-0.000416,-0.000673,-2.7e-05,-0.0,-0.001356,-0.001761,0.0,-0.000118,-0.0,-0.001223,-0.0,-0.001577,-0.0,-0.001286,-0.002933,-7.4e-05,-6.3e-05,-0.00202,-0.0,-3e-06,-0.0,-0.000115,-0.001713,-0.001993,0.0,-0.001244,-0.001008,-0.003471,-0.003476,-0.0,-0.002596,-4e-06,-0.002632,-0.000731,0.0,-0.000796,-0.004,-0.002047,-0.001896,-0.002492,-0.00348,-0.000822,-0.000549,-0.000434,-0.0,-0.000483,-0.001323,-0.001911,-0.001982
2017-05-26 11:23:00+02:00,-0.0,0.0,-0.000776,-0.003284,-0.000853,-0.000262,-0.001004,-0.001331,-0.002113,-0.000332,-9.6e-05,-0.0,-0.002586,-0.002401,-0.001054,-0.004066,-0.000459,-0.0,-0.000314,-0.003814,0.0,-0.003778,-0.002422,-0.0,-0.00386,-0.004479,-0.001247,0.0,-0.001053,-0.000221,-3.6e-05,-0.001971,0.0,-0.001806,-0.00217,-0.0,-0.000869,-0.002287,-0.0,-0.004296,-0.00125,-0.0,-0.001959,0.0,-0.000765,-0.001874,-0.001366,-0.001828,-0.001197,0.0,-0.000119,-0.00187,-0.002134,-0.002544,-3.2e-05,0.0,-0.000616,-0.0,0.0,-0.001479,-0.001879,-0.004014,-0.003034,0.0,-0.000834,-0.004262,-0.000812,-0.001903,0.0,-0.000783,-0.001108,-0.000254,-4.8e-05,-0.001912,-0.002302,0.0,-0.0006,-0.0,-0.001956,-0.0,-0.002194,-0.0,-0.002036,-0.004027,-0.000514,-0.000502,-0.002605,-3.6e-05,-0.000123,-0.0,-0.000406,-0.00232,-0.002527,0.0,-0.001748,-0.001747,-0.004526,-0.00453,-0.0,-0.003638,-0.000158,-0.00364,-0.001188,0.0,-0.001247,-0.004946,-0.002588,-0.002808,-0.003477,-0.004532,-0.001273,-0.000954,-0.000821,-1.8e-05,-0.001073,-0.002102,-0.002783,-0.002551
2017-05-26 11:24:00+02:00,-0.0,0.0,-0.001357,-0.00438,-0.001432,-0.000514,-0.001456,-0.001859,-0.002668,-0.000601,-0.000176,-0.0,-0.003002,-0.002837,-0.001539,-0.005012,-0.000882,-0.0,-0.000619,-0.004812,0.0,-0.00478,-0.003354,-0.0,-0.00484,-0.005343,-0.001757,0.0,-0.001509,-0.000427,-5.8e-05,-0.002525,0.0,-0.00236,-0.002634,-0.0,-0.001514,-0.003193,-0.0,-0.005197,-0.001755,-0.0,-0.00283,0.0,-0.001318,-0.002676,-0.001895,-0.002444,-0.001744,0.0,-0.00023,-0.002445,-0.00264,-0.002951,-5.1e-05,0.0,-0.001133,-0.0,0.0,-0.002203,-0.002464,-0.004969,-0.004083,0.0,-0.001434,-0.005169,-0.001219,-0.002504,0.0,-0.00118,-0.001601,-0.000478,-9.3e-05,-0.002445,-0.002739,0.0,-0.001087,-0.0,-0.002787,-0.0,-0.002717,-0.0,-0.002872,-0.004975,-0.000964,-0.000957,-0.003067,-5.9e-05,-0.000231,-0.0,-0.000704,-0.002805,-0.002955,0.0,-0.002296,-0.002617,-0.005382,-0.005386,-0.0,-0.004671,-0.000301,-0.00467,-0.001708,0.0,-0.001753,-0.005716,-0.003019,-0.003919,-0.004543,-0.005386,-0.001782,-0.001387,-0.001249,-1.4e-05,-0.001707,-0.003009,-0.00378,-0.003002
2017-05-26 11:25:00+02:00,-0.0,0.0,-0.001467,-0.005022,-0.001546,-0.000411,-0.001663,-0.002149,-0.003239,-0.000614,-0.000141,-0.0,-0.003475,-0.003319,-0.001791,-0.005901,-0.000838,-0.0,-0.000495,-0.005727,0.0,-0.00568,-0.003826,-0.0,-0.00578,-0.006262,-0.002026,0.0,-0.001719,-0.000378,-4.7e-05,-0.003043,0.0,-0.002816,-0.00313,-0.0,-0.001687,-0.003642,-0.0,-0.006149,-0.002022,-0.0,-0.003232,0.0,-0.001406,-0.003013,-0.002182,-0.002906,-0.002048,0.0,-0.000184,-0.002919,-0.003139,-0.00341,-4.1e-05,0.0,-0.00118,-0.0,0.0,-0.002467,-0.002943,-0.005959,-0.004671,0.0,-0.001563,-0.006119,-0.001378,-0.002993,0.0,-0.001331,-0.001852,-0.000451,-7.5e-05,-0.002922,-0.003214,0.0,-0.001105,-0.0,-0.003159,-0.0,-0.003242,-0.0,-0.003241,-0.005953,-0.000952,-0.000945,-0.003595,-4.7e-05,-0.000185,-0.0,-0.000754,-0.003339,-0.003438,0.0,-0.002661,-0.003018,-0.006301,-0.006304,-0.0,-0.005558,-0.000241,-0.005425,-0.001983,0.0,-0.002021,-0.006561,-0.00351,-0.004572,-0.005254,-0.0063,-0.002055,-0.001573,-0.001429,-1.2e-05,-0.001877,-0.003448,-0.004317,-0.003514
2017-05-26 11:26:00+02:00,-0.0,0.0,-0.001434,-0.005119,-0.001511,-0.000329,-0.001661,-0.002163,-0.003281,-0.000564,-0.000113,-0.0,-0.003367,-0.003322,-0.001828,-0.006031,-0.000742,-0.0,-0.000396,-0.005891,0.0,-0.005853,-0.003899,-0.0,-0.005932,-0.006319,-0.002036,0.0,-0.001709,-0.000312,-3.7e-05,-0.003114,0.0,-0.002906,-0.003165,-0.0,-0.00167,-0.003703,-0.0,-0.006229,-0.002038,-0.0,-0.003293,0.0,-0.001361,-0.003024,-0.002183,-0.002974,-0.002073,0.0,-0.000147,-0.003008,-0.003184,-0.003336,-3.3e-05,0.0,-0.001121,-0.0,0.0,-0.002473,-0.003029,-0.006076,-0.004752,0.0,-0.001538,-0.006205,-0.001366,-0.003072,0.0,-0.00132,-0.00187,-0.00039,-6e-05,-0.003005,-0.003232,0.0,-0.001022,-0.0,-0.003197,-0.0,-0.003277,-0.0,-0.003264,-0.006071,-0.000868,-0.000862,-0.003458,-3.8e-05,-0.000148,-0.0,-0.000721,-0.00335,-0.003367,0.0,-0.002713,-0.003074,-0.00635,-0.006352,-0.0,-0.005756,-0.000193,-0.005564,-0.002001,0.0,-0.002034,-0.006547,-0.003395,-0.004697,-0.005369,-0.006349,-0.002071,-0.001558,-0.001429,-9e-06,-0.001856,-0.003517,-0.004381,-0.003418
2017-05-26 11:27:00+02:00,-0.0,0.0,-0.001147,-0.004168,-0.001208,-0.000263,-0.001329,-0.001731,-0.0027,-0.000451,-9e-05,-0.0,-0.002918,-0.002836,-0.001462,-0.005051,-0.000593,-0.0,-0.000317,-0.004896,0.0,-0.004859,-0.003119,-0.0,-0.004886,-0.005383,-0.001629,0.0,-0.001367,-0.00025,-3e-05,-0.002549,0.0,-0.002362,-0.002651,-0.0,-0.001336,-0.002962,-0.0,-0.005224,-0.001631,-0.0,-0.002634,0.0,-0.001089,-0.002419,-0.001747,-0.002427,-0.001659,0.0,-0.000118,-0.002471,-0.002665,-0.00289,-2.6e-05,0.0,-0.000897,-0.0,0.0,-0.001978,-0.002486,-0.005039,-0.003824,0.0,-0.001231,-0.00523,-0.001092,-0.002519,0.0,-0.001056,-0.001496,-0.000312,-4.8e-05,-0.002486,-0.002744,0.0,-0.000818,-0.0,-0.002558,-0.0,-0.002742,-0.0,-0.002611,-0.005039,-0.000694,-0.00069,-0.00297,-3e-05,-0.000118,-0.0,-0.000577,-0.002835,-0.002901,0.0,-0.002222,-0.002459,-0.005422,-0.005424,-0.0,-0.004702,-0.000154,-0.004593,-0.0016,0.0,-0.001627,-0.005673,-0.002933,-0.003758,-0.004404,-0.005423,-0.001657,-0.001247,-0.001143,-7e-06,-0.001485,-0.002814,-0.003505,-0.002934
2017-05-26 11:28:00+02:00,-0.0,0.0,-0.000918,-0.003536,-0.000967,-0.00021,-0.001063,-0.001416,-0.002301,-0.000361,-7.2e-05,-0.0,-0.002614,-0.002505,-0.00117,-0.004389,-0.000475,-0.0,-0.000254,-0.0042,0.0,-0.004165,-0.002554,-0.0,-0.00418,-0.004752,-0.001319,0.0,-0.001094,-0.0002,-2.4e-05,-0.002163,0.0,-0.001993,-0.002302,-0.0,-0.001069,-0.002402,-0.0,-0.004543,-0.001325,-0.0,-0.002107,0.0,-0.000871,-0.001935,-0.001424,-0.002044,-0.001327,0.0,-9.4e-05,-0.002094,-0.00231,-0.002588,-2.1e-05,0.0,-0.000718,-0.0,0.0,-0.001583,-0.002103,-0.004335,-0.003214,0.0,-0.000984,-0.004569,-0.000874,-0.002129,0.0,-0.000845,-0.001197,-0.00025,-3.8e-05,-0.002122,-0.002413,0.0,-0.000654,-0.0,-0.002046,-0.0,-0.002375,-0.0,-0.002089,-0.004338,-0.000555,-0.000552,-0.002634,-2.4e-05,-9.5e-05,-0.0,-0.000461,-0.002481,-0.002584,0.0,-0.001894,-0.001967,-0.004795,-0.004798,-0.0,-0.00399,-0.000123,-0.003943,-0.00128,0.0,-0.00132,-0.005085,-0.002618,-0.003083,-0.003761,-0.004798,-0.00135,-0.000997,-0.000914,-6e-06,-0.001188,-0.002251,-0.00291,-0.002602
2017-05-26 11:29:00+02:00,-0.0,0.0,-0.000734,-0.003192,-0.000773,-0.000168,-0.000893,-0.001237,-0.002068,-0.000289,-5.8e-05,-0.0,-0.002461,-0.002329,-0.000984,-0.004026,-0.00038,-0.0,-0.000203,-0.003803,0.0,-0.003768,-0.002244,-0.0,-0.003784,-0.004418,-0.001143,0.0,-0.000924,-0.00016,-1.9e-05,-0.00194,0.0,-0.001782,-0.002109,-0.0,-0.000855,-0.002095,-0.0,-0.00417,-0.001153,-0.0,-0.001775,0.0,-0.000697,-0.001633,-0.001246,-0.001816,-0.001123,0.0,-7.5e-05,-0.001872,-0.002111,-0.002437,-1.7e-05,0.0,-0.000574,-0.0,0.0,-0.001278,-0.001878,-0.003942,-0.002884,0.0,-0.000788,-0.004209,-0.000705,-0.001898,0.0,-0.000678,-0.001013,-0.0002,-3.1e-05,-0.001911,-0.002236,0.0,-0.000523,-0.0,-0.001745,-0.0,-0.002167,-0.0,-0.001788,-0.003949,-0.000444,-0.000441,-0.002458,-1.9e-05,-7.6e-05,-0.0,-0.000369,-0.002285,-0.002421,0.0,-0.001713,-0.001607,-0.004465,-0.004469,-0.0,-0.003589,-9.9e-05,-0.003586,-0.001091,0.0,-0.001146,-0.004793,-0.002458,-0.002704,-0.003408,-0.00447,-0.001178,-0.000828,-0.000732,-5e-06,-0.00095,-0.001917,-0.002592,-0.002428
2017-05-26 11:30:00+02:00,-0.0,0.0,-0.000595,-0.003109,-0.000659,-0.000135,-0.000844,-0.001186,-0.001983,-0.000231,-4.6e-05,-0.0,-0.002445,-0.002291,-0.000921,-0.003942,-0.000304,-0.0,-0.000162,-0.003691,0.0,-0.003656,-0.002174,-0.0,-0.003659,-0.004365,-0.001094,0.0,-0.000876,-0.000128,-1.5e-05,-0.001859,0.0,-0.001708,-0.002054,-0.0,-0.000691,-0.002025,-0.0,-0.004068,-0.001106,-0.0,-0.001681,0.0,-0.000576,-0.00156,-0.001196,-0.001738,-0.001048,0.0,-6e-05,-0.001798,-0.002058,-0.002421,-1.3e-05,0.0,-0.000459,-0.0,0.0,-0.001199,-0.001802,-0.00382,-0.002809,0.0,-0.000653,-0.00413,-0.000655,-0.001818,0.0,-0.000629,-0.000955,-0.00016,-2.4e-05,-0.001847,-0.002195,0.0,-0.000419,-0.0,-0.001674,-0.0,-0.002108,-0.0,-0.00172,-0.00383,-0.000355,-0.000353,-0.002424,-1.5e-05,-6.1e-05,-0.0,-0.000301,-0.002238,-0.002395,0.0,-0.001667,-0.001483,-0.004417,-0.004421,-0.0,-0.003455,-7.9e-05,-0.0035,-0.00103,0.0,-0.001099,-0.004763,-0.002435,-0.002579,-0.003321,-0.004423,-0.001131,-0.000779,-0.000669,-4e-06,-0.000849,-0.001825,-0.002521,-0.002394
2017-05-26 11:31:00+02:00,-0.0,0.0,-0.000622,-0.003135,-0.000652,-0.000108,-0.000849,-0.00119,-0.001906,-0.000211,-3.7e-05,-0.0,-0.002453,-0.002281,-0.000891,-0.003969,-0.000269,-0.0,-0.00013,-0.00383,0.0,-0.003795,-0.002201,-0.0,-0.003538,-0.004419,-0.001099,0.0,-0.000886,-0.000102,-1.2e-05,-0.001795,0.0,-0.001657,-0.002027,-0.0,-0.000614,-0.002051,-0.0,-0.004019,-0.001112,-0.0,-0.001776,0.0,-0.000563,-0.001593,-0.001205,-0.00179,-0.001009,0.0,-4.8e-05,-0.001859,-0.002064,-0.002428,-1.1e-05,0.0,-0.000461,-0.0,0.0,-0.001219,-0.001862,-0.003754,-0.002842,0.0,-0.000686,-0.004162,-0.000658,-0.001874,0.0,-0.000633,-0.000998,-0.000128,-2e-05,-0.001911,-0.002181,0.0,-0.000385,-0.0,-0.0017,-0.0,-0.002111,-0.0,-0.001756,-0.003766,-0.000308,-0.000331,-0.002418,-1.2e-05,-4.9e-05,-0.0,-0.00029,-0.002251,-0.002395,0.0,-0.001677,-0.001429,-0.004475,-0.00448,-0.0,-0.003355,-6.3e-05,-0.003523,-0.001074,0.0,-0.001104,-0.004779,-0.002439,-0.002513,-0.003345,-0.004482,-0.001137,-0.000788,-0.000704,-3e-06,-0.000852,-0.001923,-0.002556,-0.002389
2017-05-26 11:32:00+02:00,-0.0,0.0,-0.000588,-0.003054,-0.000587,-8.6e-05,-0.00081,-0.001143,-0.001785,-0.000169,-3e-05,-0.0,-0.002385,-0.002203,-0.000828,-0.003872,-0.000215,-0.0,-0.000104,-0.003818,0.0,-0.003784,-0.002132,-0.0,-0.003334,-0.004333,-0.001054,0.0,-0.000852,-8.2e-05,-1e-05,-0.001687,0.0,-0.001563,-0.001943,-0.0,-0.000498,-0.001984,-0.0,-0.003859,-0.001069,-0.0,-0.001769,0.0,-0.000495,-0.001543,-0.001164,-0.001768,-0.000935,0.0,-3.9e-05,-0.001844,-0.002007,-0.002361,-9e-06,0.0,-0.000411,-0.0,0.0,-0.001163,-0.001845,-0.003587,-0.002769,0.0,-0.000655,-0.004066,-0.000623,-0.001854,0.0,-0.000598,-0.000987,-0.000102,-1.6e-05,-0.0019,-0.002104,0.0,-0.000309,-0.0,-0.00164,-0.0,-0.002048,-0.0,-0.001706,-0.0036,-0.000246,-0.000266,-0.002338,-1e-05,-3.9e-05,-0.0,-0.000252,-0.002193,-0.002322,0.0,-0.001631,-0.001313,-0.004392,-0.004397,-0.0,-0.00317,-5.1e-05,-0.003432,-0.001061,0.0,-0.00106,-0.00465,-0.002366,-0.002368,-0.003257,-0.0044,-0.001093,-0.000755,-0.000693,-2e-06,-0.000791,-0.001917,-0.002491,-0.00231
2017-05-26 11:33:00+02:00,-0.0,0.0,-0.000503,-0.002976,-0.000484,-6.9e-05,-0.000768,-0.001103,-0.001675,-0.000136,-2.4e-05,-0.0,-0.002333,-0.002137,-0.000746,-0.003797,-0.000172,-0.0,-8.3e-05,-0.003809,0.0,-0.003775,-0.002056,-0.0,-0.003125,-0.004277,-0.001014,0.0,-0.000811,-6.6e-05,-8e-06,-0.001585,0.0,-0.001469,-0.001866,-0.0,-0.000398,-0.001908,-0.0,-0.003704,-0.001029,-0.0,-0.001729,0.0,-0.000396,-0.001465,-0.001126,-0.00176,-0.000848,0.0,-3.1e-05,-0.001841,-0.00197,-0.002307,-7e-06,0.0,-0.000328,-0.0,0.0,-0.001079,-0.001842,-0.00342,-0.002695,0.0,-0.000574,-0.003994,-0.000578,-0.00185,0.0,-0.000553,-0.000967,-8.2e-05,-1.3e-05,-0.001896,-0.002034,0.0,-0.000247,-0.0,-0.001562,-0.0,-0.002012,-0.0,-0.00163,-0.003434,-0.000197,-0.000213,-0.002281,-8e-06,-3.1e-05,-0.0,-0.000201,-0.002164,-0.002264,0.0,-0.001593,-0.001154,-0.004339,-0.004344,-0.0,-0.002979,-4e-05,-0.003354,-0.001042,0.0,-0.00102,-0.004533,-0.002312,-0.0022,-0.003178,-0.004347,-0.001054,-0.000712,-0.000667,-2e-06,-0.000695,-0.00188,-0.002418,-0.002251
2017-05-26 11:34:00+02:00,-0.0,0.0,-0.00072,-0.003265,-0.000686,-0.000113,-0.000896,-0.001241,-0.001807,-0.00022,-1.9e-05,-0.0,-0.002522,-0.002309,-0.000865,-0.00411,-0.000321,-0.0,-0.000162,-0.004188,0.0,-0.004153,-0.002326,-0.0,-0.003387,-0.00462,-0.00115,0.0,-0.00094,-0.000129,-6e-06,-0.001718,0.0,-0.001601,-0.002019,-0.0,-0.000564,-0.002174,-0.0,-0.00401,-0.001166,-0.0,-0.002021,0.0,-0.000591,-0.001716,-0.001264,-0.001943,-0.00097,0.0,-3.7e-05,-0.00203,-0.002129,-0.002494,-5e-06,0.0,-0.000521,-0.0,0.0,-0.001315,-0.002031,-0.003708,-0.00298,0.0,-0.000796,-0.004316,-0.000699,-0.002038,0.0,-0.000673,-0.001119,-0.000146,-1e-05,-0.002086,-0.0022,0.0,-0.000411,-0.0,-0.001817,-0.0,-0.002171,-0.0,-0.001888,-0.003724,-0.000342,-0.000378,-0.002465,-6e-06,-2.5e-05,-0.0,-0.000299,-0.002333,-0.002448,0.0,-0.00174,-0.001378,-0.004685,-0.004691,-0.0,-0.003242,-5.7e-05,-0.003653,-0.001198,0.0,-0.001156,-0.004898,-0.0025,-0.002452,-0.003472,-0.004695,-0.00119,-0.000838,-0.000805,-2e-06,-0.000909,-0.00218,-0.002697,-0.002433
2017-05-26 11:35:00+02:00,-0.0,0.0,-0.000735,-0.003414,-0.000687,-9e-05,-0.000948,-0.001318,-0.00188,-0.000197,-1.5e-05,-0.0,-0.002662,-0.002421,-0.000882,-0.004306,-0.000262,-0.0,-0.000129,-0.004445,0.0,-0.004406,-0.002434,-0.0,-0.003474,-0.004855,-0.001221,0.0,-0.000994,-0.000103,-5e-06,-0.001784,0.0,-0.001656,-0.002102,-0.0,-0.000505,-0.002276,-0.0,-0.004157,-0.001236,-0.0,-0.002139,0.0,-0.000582,-0.001788,-0.001342,-0.002093,-0.001,0.0,-3e-05,-0.002182,-0.002253,-0.002625,-4e-06,0.0,-0.000508,-0.0,0.0,-0.001366,-0.002186,-0.003831,-0.003117,0.0,-0.000818,-0.004525,-0.000735,-0.002197,0.0,-0.000707,-0.001201,-0.000117,-8e-06,-0.002231,-0.002297,0.0,-0.000367,-0.0,-0.001898,-0.0,-0.002305,-0.0,-0.00197,-0.003846,-0.000282,-0.000336,-0.002614,-5e-06,-2e-05,-0.0,-0.000295,-0.002479,-0.00258,0.0,-0.001829,-0.001389,-0.004928,-0.004935,-0.0,-0.003332,-4.6e-05,-0.003822,-0.001289,0.0,-0.001227,-0.005113,-0.002644,-0.002514,-0.003633,-0.004938,-0.001262,-0.000884,-0.000862,-1e-06,-0.000929,-0.002309,-0.002823,-0.002573
2017-05-26 11:36:00+02:00,-0.0,0.0,-0.001082,-0.003956,-0.001022,-0.000228,-0.001194,-0.001597,-0.002258,-0.000355,-3.4e-05,-0.0,-0.002896,-0.002691,-0.001147,-0.004889,-0.000528,-0.0,-0.000309,-0.005,0.0,-0.004968,-0.002923,-0.0,-0.004133,-0.005328,-0.001492,0.0,-0.001239,-0.000231,-4e-06,-0.002143,0.0,-0.001993,-0.002422,-0.0,-0.000873,-0.002754,-0.0,-0.00477,-0.001504,-0.0,-0.002624,0.0,-0.000905,-0.002218,-0.001617,-0.00246,-0.001295,0.0,-8.5e-05,-0.002523,-0.002569,-0.002854,-4e-06,0.0,-0.000824,-0.0,0.0,-0.001768,-0.002535,-0.004508,-0.003642,0.0,-0.001173,-0.005064,-0.000961,-0.002556,0.0,-0.000929,-0.001477,-0.000247,-6e-06,-0.002539,-0.002579,0.0,-0.000652,-0.0,-0.002346,-0.0,-0.002631,-0.0,-0.002414,-0.004518,-0.00055,-0.00062,-0.00289,-4e-06,-6.1e-05,-0.0,-0.000471,-0.002761,-0.002831,0.0,-0.002118,-0.001868,-0.005387,-0.005392,-0.0,-0.003978,-0.000114,-0.004395,-0.001578,0.0,-0.001496,-0.005534,-0.002892,-0.003093,-0.004192,-0.005395,-0.001532,-0.001119,-0.001108,-1e-06,-0.001289,-0.002811,-0.003328,-0.002844
2017-05-26 11:37:00+02:00,-0.0,0.0,-0.00096,-0.003884,-0.000903,-0.000182,-0.001147,-0.001559,-0.002226,-0.000284,-2.7e-05,-0.0,-0.002961,-0.002726,-0.001103,-0.004838,-0.000423,-0.0,-0.000247,-0.005001,0.0,-0.004967,-0.002854,-0.0,-0.004073,-0.005326,-0.001452,0.0,-0.001186,-0.000185,-3e-06,-0.002112,0.0,-0.001963,-0.002422,-0.0,-0.000737,-0.002682,-0.0,-0.004769,-0.001466,-0.0,-0.002548,0.0,-0.000781,-0.002119,-0.00157,-0.002441,-0.001248,0.0,-6.8e-05,-0.002513,-0.002544,-0.002916,-3e-06,0.0,-0.000687,-0.0,0.0,-0.001672,-0.002524,-0.004473,-0.003567,0.0,-0.001054,-0.005031,-0.000909,-0.002543,0.0,-0.000877,-0.001438,-0.000198,-5e-06,-0.002536,-0.002601,0.0,-0.000522,-0.0,-0.002264,-0.0,-0.002606,-0.0,-0.00232,-0.004485,-0.00044,-0.000496,-0.002942,-3e-06,-4.9e-05,-0.0,-0.000403,-0.002754,-0.002884,0.0,-0.002084,-0.001771,-0.005391,-0.005397,-0.0,-0.003919,-9.2e-05,-0.004329,-0.00154,0.0,-0.001458,-0.005647,-0.002953,-0.003021,-0.004123,-0.0054,-0.001495,-0.001063,-0.001059,-1e-06,-0.001178,-0.002739,-0.003249,-0.002893
2017-05-26 11:38:00+02:00,-0.0,0.0,-0.000836,-0.003853,-0.00078,-0.000146,-0.001113,-0.001543,-0.002239,-0.000227,-2.1e-05,-0.0,-0.003074,-0.002801,-0.001071,-0.004843,-0.000338,-0.0,-0.000197,-0.005041,0.0,-0.005003,-0.002803,-0.0,-0.004063,-0.005381,-0.001431,0.0,-0.00115,-0.000148,-3e-06,-0.002121,0.0,-0.001964,-0.002456,-0.0,-0.000603,-0.002626,-0.0,-0.004824,-0.001446,-0.0,-0.002485,0.0,-0.000652,-0.002037,-0.00155,-0.00246,-0.001222,0.0,-5.4e-05,-0.002538,-0.002562,-0.003022,-2e-06,0.0,-0.00055,-0.0,0.0,-0.001581,-0.00255,-0.004491,-0.003528,0.0,-0.000934,-0.005054,-0.000864,-0.00257,0.0,-0.000831,-0.001415,-0.000158,-4e-06,-0.002563,-0.00266,0.0,-0.000417,-0.0,-0.002195,-0.0,-0.00263,-0.0,-0.002244,-0.004504,-0.000352,-0.000397,-0.00305,-3e-06,-3.9e-05,-0.0,-0.000332,-0.002795,-0.002985,0.0,-0.002077,-0.001689,-0.005454,-0.005461,-0.0,-0.003909,-7.3e-05,-0.004313,-0.001522,0.0,-0.001438,-0.00582,-0.003064,-0.002984,-0.004101,-0.005464,-0.001476,-0.001022,-0.001021,-1e-06,-0.001067,-0.002683,-0.003202,-0.002995
2017-05-26 11:39:00+02:00,-0.0,0.0,-0.000941,-0.004058,-0.000888,-0.000117,-0.001199,-0.001645,-0.0024,-0.000262,-1.7e-05,-0.0,-0.003213,-0.002985,-0.001179,-0.005083,-0.000376,-0.0,-0.000158,-0.005326,0.0,-0.005286,-0.002989,-0.0,-0.004358,-0.005668,-0.001529,0.0,-0.001232,-0.000151,-2e-06,-0.002276,0.0,-0.002109,-0.002631,-0.0,-0.000735,-0.002806,-0.0,-0.005165,-0.001545,-0.0,-0.002659,0.0,-0.000754,-0.002186,-0.001645,-0.002595,-0.00134,0.0,-4.3e-05,-0.00268,-0.00269,-0.003161,-2e-06,0.0,-0.000639,-0.0,0.0,-0.001723,-0.002692,-0.004799,-0.003724,0.0,-0.001044,-0.005311,-0.000941,-0.002711,0.0,-0.000907,-0.001512,-0.000167,-3e-06,-0.002708,-0.002857,0.0,-0.000481,-0.0,-0.00236,-0.0,-0.002762,-0.0,-0.0024,-0.004814,-0.000403,-0.000454,-0.003221,-2e-06,-3.1e-05,-0.0,-0.000386,-0.002942,-0.003142,0.0,-0.002186,-0.001881,-0.005746,-0.005754,-0.0,-0.004193,-5.9e-05,-0.004531,-0.001623,0.0,-0.001536,-0.006085,-0.003215,-0.003229,-0.004313,-0.005757,-0.001575,-0.0011,-0.001103,-1e-06,-0.001187,-0.002865,-0.003388,-0.003166
2017-05-26 11:40:00+02:00,-0.0,0.0,-0.000792,-0.004216,-0.000738,-9.3e-05,-0.001211,-0.001713,-0.002554,-0.000209,-1.4e-05,-0.0,-0.003554,-0.003246,-0.001182,-0.005361,-0.000301,-0.0,-0.000126,-0.005668,0.0,-0.005614,-0.003063,-0.0,-0.004551,-0.006035,-0.001582,0.0,-0.001239,-0.000121,-2e-06,-0.002414,0.0,-0.002221,-0.002813,-0.0,-0.000588,-0.002868,-0.0,-0.00549,-0.001601,-0.0,-0.002696,0.0,-0.000603,-0.002162,-0.001703,-0.002779,-0.001362,0.0,-3.5e-05,-0.002876,-0.002873,-0.003484,-1e-06,0.0,-0.000511,-0.0,0.0,-0.001667,-0.00289,-0.005057,-0.003852,0.0,-0.000906,-0.005622,-0.000919,-0.002912,0.0,-0.000882,-0.001562,-0.000134,-3e-06,-0.002904,-0.003079,0.0,-0.000384,-0.0,-0.002373,-0.0,-0.002958,-0.0,-0.002397,-0.005066,-0.000322,-0.000363,-0.003549,-2e-06,-2.5e-05,-0.0,-0.000309,-0.00317,-0.003456,0.0,-0.002298,-0.001829,-0.006135,-0.006143,-0.0,-0.004387,-4.7e-05,-0.004744,-0.001687,0.0,-0.00159,-0.006633,-0.003552,-0.003324,-0.004511,-0.006143,-0.001635,-0.00109,-0.001102,-0.0,-0.00107,-0.002927,-0.003489,-0.003483
2017-05-26 11:41:00+02:00,-0.0,0.0,-0.001424,-0.005,-0.001356,-0.000347,-0.001673,-0.002242,-0.002956,-0.000493,-6.3e-05,-0.0,-0.003721,-0.003459,-0.001715,-0.005921,-0.000764,-0.0,-0.000449,-0.006168,0.0,-0.006123,-0.003996,-0.0,-0.005265,-0.006461,-0.002095,0.0,-0.001699,-0.000347,-1e-06,-0.002822,0.0,-0.002639,-0.003095,-0.0,-0.00132,-0.003777,-0.0,-0.006025,-0.002111,-0.0,-0.003592,0.0,-0.001198,-0.00297,-0.002224,-0.003139,-0.001955,0.0,-0.000141,-0.003191,-0.003175,-0.003649,-1e-06,0.0,-0.001083,-0.0,0.0,-0.002415,-0.003213,-0.005677,-0.004711,0.0,-0.001552,-0.006131,-0.001341,-0.003246,0.0,-0.001296,-0.002073,-0.000364,-1e-05,-0.003185,-0.003308,0.0,-0.000893,-0.0,-0.003216,-0.0,-0.003268,-0.0,-0.003234,-0.00568,-0.000795,-0.000863,-0.003755,-1e-06,-0.00011,-0.0,-0.000635,-0.003427,-0.003642,0.0,-0.002683,-0.00278,-0.006542,-0.006549,-0.0,-0.005143,-0.000178,-0.005426,-0.002221,0.0,-0.002101,-0.006939,-0.003733,-0.004293,-0.005243,-0.006548,-0.002148,-0.001531,-0.001552,-0.0,-0.001737,-0.003856,-0.004424,-0.003688
2017-05-26 11:42:00+02:00,-0.0,0.0,-0.001139,-0.004672,-0.001085,-0.000278,-0.001471,-0.002031,-0.0028,-0.000395,-5.1e-05,-0.0,-0.003679,-0.003384,-0.001524,-0.005653,-0.000611,-0.0,-0.000359,-0.005948,0.0,-0.005901,-0.003636,-0.0,-0.005015,-0.006247,-0.001886,0.0,-0.001492,-0.000278,-1e-06,-0.002668,0.0,-0.002486,-0.002988,-0.0,-0.001056,-0.003416,-0.0,-0.005829,-0.001906,-0.0,-0.003233,0.0,-0.000958,-0.002606,-0.002007,-0.002973,-0.001744,0.0,-0.000113,-0.003045,-0.003022,-0.00361,-1e-06,0.0,-0.000866,-0.0,0.0,-0.002066,-0.003062,-0.005446,-0.004362,0.0,-0.001242,-0.005883,-0.001144,-0.003088,0.0,-0.001102,-0.001868,-0.000292,-8e-06,-0.003056,-0.003224,0.0,-0.000714,-0.0,-0.00286,-0.0,-0.003108,-0.0,-0.002868,-0.005454,-0.000636,-0.00069,-0.003681,-1e-06,-8.8e-05,-0.0,-0.000508,-0.003288,-0.003586,0.0,-0.002515,-0.002418,-0.006333,-0.006341,-0.0,-0.004873,-0.000142,-0.005123,-0.002009,0.0,-0.001895,-0.006887,-0.00368,-0.003957,-0.004925,-0.006341,-0.001943,-0.001327,-0.001353,-0.0,-0.001393,-0.003493,-0.004053,-0.003616
2017-05-26 11:43:00+02:00,-0.0,0.0,-0.000911,-0.00417,-0.000868,-0.000222,-0.00123,-0.001758,-0.002501,-0.000316,-4.1e-05,-0.0,-0.003332,-0.003114,-0.001275,-0.005144,-0.000489,-0.0,-0.000288,-0.005447,0.0,-0.005402,-0.003157,-0.0,-0.004502,-0.005745,-0.001621,0.0,-0.001247,-0.000222,-1e-06,-0.002379,0.0,-0.00221,-0.00272,-0.0,-0.000844,-0.002947,-0.0,-0.005317,-0.001642,-0.0,-0.002773,0.0,-0.000766,-0.002173,-0.001732,-0.002679,-0.001467,0.0,-9e-05,-0.002761,-0.002741,-0.003305,-1e-06,0.0,-0.000693,-0.0,0.0,-0.001667,-0.002773,-0.004931,-0.003861,0.0,-0.000993,-0.005376,-0.000922,-0.002792,0.0,-0.000883,-0.001606,-0.000233,-7e-06,-0.002785,-0.002959,0.0,-0.000571,-0.0,-0.00242,-0.0,-0.002816,-0.0,-0.002423,-0.004942,-0.000509,-0.000552,-0.00339,-1e-06,-7e-05,-0.0,-0.000406,-0.003002,-0.003315,0.0,-0.002251,-0.001964,-0.005831,-0.005839,-0.0,-0.004357,-0.000114,-0.004617,-0.001736,0.0,-0.001631,-0.006412,-0.003355,-0.003445,-0.004417,-0.00584,-0.001678,-0.001091,-0.001119,-0.0,-0.001115,-0.003019,-0.003551,-0.003331
2017-05-26 11:44:00+02:00,-0.0,0.0,-0.000729,-0.00382,-0.000694,-0.000178,-0.000984,-0.001536,-0.002287,-0.000253,-3.2e-05,-0.0,-0.003282,-0.003003,-0.00102,-0.00489,-0.000391,-0.0,-0.00023,-0.005214,0.0,-0.005159,-0.002741,-0.0,-0.004071,-0.005559,-0.001392,0.0,-0.000998,-0.000178,-1e-06,-0.002165,0.0,-0.00199,-0.002562,-0.0,-0.000676,-0.002524,-0.0,-0.004989,-0.001419,-0.0,-0.002331,0.0,-0.000613,-0.001738,-0.001504,-0.002541,-0.001174,0.0,-7.2e-05,-0.002641,-0.00263,-0.003242,-1e-06,0.0,-0.000554,-0.0,0.0,-0.001333,-0.002652,-0.004559,-0.003484,0.0,-0.000795,-0.005147,-0.000738,-0.002668,0.0,-0.000707,-0.001373,-0.000187,-5e-06,-0.002674,-0.002828,0.0,-0.000457,-0.0,-0.001978,-0.0,-0.002708,-0.0,-0.001972,-0.004568,-0.000407,-0.000442,-0.003304,-1e-06,-5.6e-05,-0.0,-0.000325,-0.002921,-0.003233,0.0,-0.002092,-0.001572,-0.00566,-0.005668,-0.0,-0.003927,-9.1e-05,-0.00431,-0.001505,0.0,-0.001404,-0.006222,-0.003293,-0.002942,-0.004096,-0.005667,-0.001456,-0.000873,-0.000895,-0.0,-0.000892,-0.002585,-0.003147,-0.003243
2017-05-26 11:45:00+02:00,-0.0,0.0,-0.001998,-0.005398,-0.001925,-0.000787,-0.002044,-0.00263,-0.003227,-0.000862,-0.000249,-0.0,-0.003966,-0.003712,-0.00209,-0.006302,-0.001345,-0.0,-0.000949,-0.006573,0.0,-0.006504,-0.004553,-0.0,-0.005586,-0.006838,-0.002514,0.0,-0.00207,-0.000674,-0.000101,-0.003096,0.0,-0.002902,-0.003323,-0.0,-0.002112,-0.004432,-0.0,-0.006393,-0.002517,-0.0,-0.004225,0.0,-0.001784,-0.003525,-0.002603,-0.003434,-0.002337,0.0,-0.000371,-0.003477,-0.003444,-0.003903,-8.9e-05,0.0,-0.001707,-0.0,0.0,-0.002955,-0.003503,-0.006023,-0.005147,0.0,-0.00209,-0.006508,-0.00169,-0.003536,0.0,-0.001643,-0.00248,-0.000697,-0.00016,-0.003449,-0.003536,0.0,-0.001508,-0.0,-0.00384,-0.0,-0.003548,-0.0,-0.003803,-0.005997,-0.001354,-0.001452,-0.004043,-0.000101,-0.000328,-0.0,-0.001014,-0.003702,-0.003927,0.0,-0.002948,-0.003535,-0.00694,-0.006947,-0.0,-0.005543,-0.000436,-0.005824,-0.002605,0.0,-0.002516,-0.007368,-0.003999,-0.004766,-0.005686,-0.006935,-0.002547,-0.001891,-0.001918,-4.2e-05,-0.002295,-0.004458,-0.004908,-0.003976
2017-05-26 11:46:00+02:00,-0.0,0.0,-0.002051,-0.006417,-0.002034,-0.000629,-0.002366,-0.003104,-0.003911,-0.000753,-0.000199,-0.0,-0.004446,-0.004214,-0.002531,-0.007322,-0.001136,-0.0,-0.000759,-0.007546,0.0,-0.007472,-0.005327,-0.0,-0.006701,-0.00775,-0.002942,0.0,-0.002327,-0.000539,-8.1e-05,-0.003773,0.0,-0.003566,-0.00387,-0.0,-0.002322,-0.005156,-0.0,-0.007402,-0.002955,-0.0,-0.004768,0.0,-0.001845,-0.003932,-0.002994,-0.004079,-0.002866,0.0,-0.000297,-0.004078,-0.004029,-0.004367,-7.1e-05,0.0,-0.001649,-0.0,0.0,-0.003351,-0.004115,-0.007087,-0.006048,0.0,-0.002177,-0.007486,-0.001926,-0.004161,0.0,-0.001868,-0.002836,-0.000558,-0.000128,-0.004004,-0.00404,0.0,-0.001315,-0.0,-0.004425,-0.0,-0.004151,-0.0,-0.00426,-0.007041,-0.001232,-0.001295,-0.004566,-8.1e-05,-0.000263,-0.0,-0.001043,-0.004257,-0.004414,0.0,-0.003551,-0.004182,-0.007847,-0.007853,-0.0,-0.006722,-0.000349,-0.006929,-0.003,0.0,-0.002949,-0.008174,-0.004495,-0.005986,-0.006828,-0.007836,-0.002995,-0.002108,-0.002152,-3.3e-05,-0.002514,-0.005078,-0.005693,-0.004493
2017-05-26 11:47:00+02:00,-0.0,0.0,-0.001641,-0.006709,-0.001632,-0.000503,-0.002338,-0.003202,-0.004449,-0.000602,-0.000159,-0.0,-0.004931,-0.004717,-0.00257,-0.008032,-0.000909,-0.0,-0.000607,-0.008398,0.0,-0.008291,-0.005473,-0.0,-0.007563,-0.008661,-0.003002,0.0,-0.002219,-0.000431,-6.4e-05,-0.004263,0.0,-0.003978,-0.004407,-0.0,-0.001892,-0.005257,-0.0,-0.008394,-0.003029,-0.0,-0.004698,0.0,-0.001476,-0.003721,-0.002993,-0.004431,-0.002938,0.0,-0.000238,-0.004476,-0.004445,-0.004839,-5.7e-05,0.0,-0.00132,-0.0,0.0,-0.003177,-0.004518,-0.008116,-0.006243,0.0,-0.001741,-0.008313,-0.001826,-0.00456,0.0,-0.001762,-0.002827,-0.000446,-0.000103,-0.004449,-0.004543,0.0,-0.001052,-0.0,-0.00441,-0.0,-0.004586,-0.0,-0.004094,-0.008045,-0.000986,-0.001036,-0.005082,-6.5e-05,-0.00021,-0.0,-0.000834,-0.004803,-0.004906,0.0,-0.003759,-0.004104,-0.00876,-0.008766,-0.0,-0.00753,-0.000279,-0.007395,-0.003017,0.0,-0.003016,-0.009001,-0.004993,-0.006367,-0.007218,-0.008741,-0.003078,-0.001966,-0.002043,-2.7e-05,-0.002191,-0.005068,-0.005791,-0.005008
2017-05-26 11:48:00+02:00,-0.0,0.0,-0.001313,-0.006636,-0.001305,-0.000403,-0.002219,-0.003139,-0.00466,-0.000482,-0.000127,-0.0,-0.004993,-0.004795,-0.002488,-0.008172,-0.000727,-0.0,-0.000486,-0.008584,0.0,-0.008488,-0.005337,-0.0,-0.007869,-0.00879,-0.00292,0.0,-0.002055,-0.000345,-5.2e-05,-0.004435,0.0,-0.004098,-0.004518,-0.0,-0.001513,-0.005089,-0.0,-0.00858,-0.002953,-0.0,-0.00445,0.0,-0.001181,-0.003417,-0.002876,-0.004501,-0.002875,0.0,-0.00019,-0.004568,-0.004546,-0.004893,-4.6e-05,0.0,-0.001056,-0.0,0.0,-0.002908,-0.004615,-0.008348,-0.00612,0.0,-0.001393,-0.008512,-0.001676,-0.004658,0.0,-0.00161,-0.002705,-0.000357,-8.2e-05,-0.004567,-0.004627,0.0,-0.000841,-0.0,-0.004198,-0.0,-0.004701,-0.0,-0.00381,-0.008276,-0.000789,-0.000829,-0.005169,-5.2e-05,-0.000168,-0.0,-0.000667,-0.004912,-0.004973,0.0,-0.003742,-0.003877,-0.008876,-0.008882,-0.0,-0.007766,-0.000223,-0.007405,-0.002908,0.0,-0.002937,-0.009062,-0.005064,-0.006356,-0.007174,-0.008858,-0.003006,-0.001787,-0.001881,-2.1e-05,-0.001859,-0.004842,-0.005615,-0.005091
2017-05-26 11:49:00+02:00,-0.0,0.0,-0.00105,-0.005786,-0.001044,-0.000322,-0.001775,-0.00271,-0.004239,-0.000385,-0.000102,-0.0,-0.005011,-0.004682,-0.001991,-0.007415,-0.000582,-0.0,-0.000389,-0.007889,0.0,-0.007785,-0.004591,-0.0,-0.007117,-0.008181,-0.002482,0.0,-0.001644,-0.000276,-4.1e-05,-0.004012,0.0,-0.003673,-0.004254,-0.0,-0.001211,-0.004322,-0.0,-0.008067,-0.002524,-0.0,-0.003577,0.0,-0.000944,-0.002734,-0.002351,-0.004067,-0.002331,0.0,-0.000152,-0.004155,-0.004143,-0.004899,-3.7e-05,0.0,-0.000845,-0.0,0.0,-0.002326,-0.0042,-0.00769,-0.005251,0.0,-0.001115,-0.007791,-0.001341,-0.004237,0.0,-0.001288,-0.002206,-0.000286,-6.6e-05,-0.00419,-0.004463,0.0,-0.000673,-0.0,-0.00342,-0.0,-0.004289,-0.0,-0.003048,-0.007629,-0.000631,-0.000663,-0.005113,-4.2e-05,-0.000135,-0.0,-0.000534,-0.004556,-0.004937,0.0,-0.003299,-0.003102,-0.008295,-0.008304,-0.0,-0.006982,-0.000179,-0.006584,-0.002406,0.0,-0.002503,-0.009017,-0.005057,-0.005455,-0.006324,-0.008282,-0.00258,-0.00143,-0.001505,-1.7e-05,-0.001487,-0.003968,-0.004722,-0.005029
2017-05-26 11:50:00+02:00,-0.0,0.0,-0.00096,-0.006231,-0.001027,-0.000258,-0.001964,-0.002975,-0.004702,-0.000308,-8.1e-05,-0.0,-0.005346,-0.005051,-0.00217,-0.008089,-0.000465,-0.0,-0.000311,-0.008675,0.0,-0.008549,-0.005004,-0.0,-0.007829,-0.008897,-0.002725,0.0,-0.001746,-0.000221,-3.3e-05,-0.004448,0.0,-0.004059,-0.004671,-0.0,-0.001132,-0.004722,-0.0,-0.008818,-0.002773,-0.0,-0.00386,0.0,-0.000874,-0.002877,-0.002538,-0.004467,-0.002548,0.0,-0.000122,-0.004574,-0.004548,-0.005224,-2.9e-05,0.0,-0.000676,-0.0,0.0,-0.002524,-0.004624,-0.008489,-0.005649,0.0,-0.001063,-0.008526,-0.001463,-0.004662,0.0,-0.001403,-0.002401,-0.000228,-5.3e-05,-0.004625,-0.004838,0.0,-0.000538,-0.0,-0.003752,-0.0,-0.00471,-0.0,-0.003227,-0.008403,-0.000505,-0.00053,-0.005485,-3.3e-05,-0.000108,-0.0,-0.000485,-0.005006,-0.005287,0.0,-0.003579,-0.00331,-0.009009,-0.009018,-0.0,-0.007691,-0.000143,-0.007128,-0.002618,0.0,-0.002749,-0.009565,-0.005407,-0.005946,-0.006836,-0.00899,-0.002833,-0.001501,-0.001615,-1.4e-05,-0.001554,-0.00429,-0.005077,-0.005401
2017-05-26 11:51:00+02:00,-0.0,0.0,-0.000768,-0.006636,-0.0009,-0.000206,-0.00209,-0.003189,-0.005123,-0.000247,-6.5e-05,-0.0,-0.005673,-0.005408,-0.002305,-0.008745,-0.000372,-0.0,-0.000249,-0.009434,0.0,-0.009304,-0.005358,-0.0,-0.008516,-0.009599,-0.002914,0.0,-0.001784,-0.000177,-2.6e-05,-0.004848,0.0,-0.004417,-0.005069,-0.0,-0.000944,-0.005054,-0.0,-0.009548,-0.002971,-0.0,-0.004075,0.0,-0.000699,-0.002924,-0.002667,-0.004837,-0.002711,0.0,-9.7e-05,-0.004973,-0.004926,-0.005547,-2.3e-05,0.0,-0.000541,-0.0,0.0,-0.002623,-0.005025,-0.009256,-0.005997,0.0,-0.000909,-0.009248,-0.001519,-0.00506,0.0,-0.001452,-0.002546,-0.000183,-4.2e-05,-0.005046,-0.005202,0.0,-0.000431,-0.0,-0.004001,-0.0,-0.005099,-0.0,-0.003317,-0.009147,-0.000404,-0.000424,-0.005835,-2.7e-05,-8.6e-05,-0.0,-0.000388,-0.005423,-0.005626,0.0,-0.003834,-0.003436,-0.009711,-0.00972,-0.0,-0.008371,-0.000114,-0.007644,-0.002781,0.0,-0.002943,-0.010134,-0.005744,-0.006391,-0.007314,-0.009686,-0.003037,-0.001507,-0.001668,-1.1e-05,-0.00151,-0.004549,-0.005369,-0.005755
2017-05-26 11:52:00+02:00,-0.0,0.0,-0.000614,-0.006893,-0.00072,-0.000165,-0.002115,-0.0033,-0.0054,-0.000197,-5.2e-05,-0.0,-0.005948,-0.005707,-0.002326,-0.009237,-0.000298,-0.0,-0.000199,-0.010071,0.0,-0.009916,-0.005546,-0.0,-0.008975,-0.010189,-0.003001,0.0,-0.001734,-0.000141,-2.1e-05,-0.005108,0.0,-0.004642,-0.005401,-0.0,-0.000755,-0.005215,-0.0,-0.010162,-0.003068,-0.0,-0.004145,0.0,-0.000559,-0.002824,-0.002706,-0.005112,-0.002748,0.0,-7.8e-05,-0.005279,-0.005208,-0.005818,-1.9e-05,0.0,-0.000432,-0.0,0.0,-0.002559,-0.005332,-0.009869,-0.006196,0.0,-0.000727,-0.009803,-0.00148,-0.005362,0.0,-0.001407,-0.002604,-0.000146,-3.4e-05,-0.005378,-0.005508,0.0,-0.000345,-0.0,-0.004079,-0.0,-0.005387,-0.0,-0.003261,-0.009759,-0.000323,-0.000339,-0.006125,-2.1e-05,-6.9e-05,-0.0,-0.00031,-0.005769,-0.00591,0.0,-0.004004,-0.003361,-0.010301,-0.01031,-0.0,-0.008812,-9.1e-05,-0.008004,-0.002855,0.0,-0.003035,-0.010617,-0.006026,-0.00661,-0.007634,-0.010272,-0.003139,-0.001427,-0.001635,-9e-06,-0.00131,-0.004661,-0.005509,-0.006049
2017-05-26 11:53:00+02:00,-0.0,0.0,-0.000491,-0.006539,-0.000576,-0.000132,-0.001942,-0.003103,-0.005018,-0.000158,-4.2e-05,-0.0,-0.004821,-0.004724,-0.002151,-0.008727,-0.000238,-0.0,-0.000159,-0.008735,0.0,-0.008713,-0.00523,-0.0,-0.008646,-0.008727,-0.002809,0.0,-0.001542,-0.000113,-1.7e-05,-0.004897,0.0,-0.00444,-0.004613,-0.0,-0.000604,-0.004887,-0.0,-0.008735,-0.002876,-0.0,-0.003842,0.0,-0.000447,-0.002497,-0.002503,-0.004892,-0.002554,0.0,-6.2e-05,-0.004899,-0.004821,-0.004724,-1.5e-05,0.0,-0.000346,-0.0,0.0,-0.00227,-0.004958,-0.008713,-0.005844,0.0,-0.000582,-0.008727,-0.001311,-0.005028,0.0,-0.001239,-0.002418,-0.000117,-2.7e-05,-0.004724,-0.004613,0.0,-0.000276,-0.0,-0.003775,-0.0,-0.004958,-0.0,-0.002937,-0.008669,-0.000258,-0.000272,-0.005019,-1.7e-05,-5.5e-05,-0.0,-0.000248,-0.004899,-0.004821,0.0,-0.003796,-0.003036,-0.00874,-0.008742,-0.0,-0.008456,-7.3e-05,-0.007629,-0.002663,0.0,-0.002843,-0.008727,-0.004899,-0.006253,-0.007245,-0.008735,-0.002946,-0.001237,-0.001459,-7e-06,-0.001048,-0.004343,-0.005155,-0.004958
2017-05-26 11:54:00+02:00,-0.0,0.0,-0.000393,-0.00552,-0.000461,-0.000106,-0.001554,-0.002603,-0.004314,-0.000126,-3.3e-05,-0.0,-0.004554,-0.004353,-0.001721,-0.007566,-0.000191,-0.0,-0.000127,-0.007695,0.0,-0.007662,-0.004386,-0.0,-0.007424,-0.007774,-0.002329,0.0,-0.001234,-9e-05,-1.4e-05,-0.004192,0.0,-0.003783,-0.004113,-0.0,-0.000483,-0.004054,-0.0,-0.007795,-0.002394,-0.0,-0.003073,0.0,-0.000358,-0.001997,-0.002002,-0.004217,-0.002043,0.0,-5e-05,-0.00425,-0.004185,-0.004457,-1.2e-05,0.0,-0.000277,-0.0,0.0,-0.001816,-0.004302,-0.007637,-0.004867,0.0,-0.000465,-0.007645,-0.001049,-0.004359,0.0,-0.000991,-0.001934,-9.4e-05,-2.2e-05,-0.004142,-0.004205,0.0,-0.000221,-0.0,-0.003021,-0.0,-0.004309,-0.0,-0.00235,-0.007607,-0.000207,-0.000217,-0.004675,-1.4e-05,-4.4e-05,-0.0,-0.000199,-0.004336,-0.004511,0.0,-0.003223,-0.002429,-0.007815,-0.007819,-0.0,-0.007231,-5.9e-05,-0.006527,-0.002156,0.0,-0.002361,-0.008226,-0.004606,-0.005175,-0.006158,-0.007814,-0.00246,-0.000989,-0.001167,-6e-06,-0.000839,-0.003489,-0.004219,-0.004613
2017-05-26 11:55:00+02:00,-0.0,0.0,-0.000314,-0.005428,-0.000369,-8.4e-05,-0.00156,-0.002595,-0.004252,-0.000101,-2.7e-05,-0.0,-0.00487,-0.004602,-0.001669,-0.007462,-0.000152,-0.0,-0.000102,-0.007725,0.0,-0.007672,-0.004372,-0.0,-0.007276,-0.007896,-0.002325,0.0,-0.00119,-7.2e-05,-1.1e-05,-0.00411,0.0,-0.003709,-0.004208,-0.0,-0.000387,-0.004042,-0.0,-0.007962,-0.002389,-0.0,-0.003037,0.0,-0.000286,-0.001918,-0.001971,-0.004152,-0.001989,0.0,-4e-05,-0.004205,-0.004145,-0.004767,-1e-05,0.0,-0.000221,-0.0,0.0,-0.001805,-0.004257,-0.00765,-0.004787,0.0,-0.000372,-0.007628,-0.001043,-0.004307,0.0,-0.000984,-0.001915,-7.5e-05,-1.7e-05,-0.004146,-0.004398,0.0,-0.000176,-0.0,-0.003031,-0.0,-0.004272,-0.0,-0.002279,-0.007621,-0.000165,-0.000174,-0.004994,-1.1e-05,-3.5e-05,-0.0,-0.000159,-0.004386,-0.004835,0.0,-0.00317,-0.002314,-0.007972,-0.00798,-0.0,-0.007082,-4.7e-05,-0.006418,-0.002132,0.0,-0.002357,-0.008765,-0.004932,-0.005058,-0.00605,-0.007974,-0.002455,-0.000941,-0.001138,-4e-06,-0.000797,-0.003451,-0.00415,-0.004923
2017-05-26 11:56:00+02:00,-0.0,0.0,-0.00063,-0.006238,-0.000737,-6.8e-05,-0.001936,-0.003027,-0.004819,-8.1e-05,-2.1e-05,-0.0,-0.005268,-0.005027,-0.002045,-0.008415,-0.000122,-0.0,-8.1e-05,-0.008635,0.0,-0.00857,-0.005107,-0.0,-0.008203,-0.008762,-0.002741,0.0,-0.001531,-5.8e-05,-9e-06,-0.004658,0.0,-0.004224,-0.004679,-0.0,-0.000712,-0.004772,-0.0,-0.008825,-0.002809,-0.0,-0.003709,0.0,-0.000595,-0.002495,-0.002381,-0.004683,-0.002406,0.0,-3.2e-05,-0.004756,-0.004688,-0.005159,-8e-06,0.0,-0.00039,-0.0,0.0,-0.002374,-0.004811,-0.008552,-0.005568,0.0,-0.000726,-0.008548,-0.00137,-0.004866,0.0,-0.001305,-0.002319,-6e-05,-1.4e-05,-0.004662,-0.004831,0.0,-0.000141,-0.0,-0.003713,-0.0,-0.004823,-0.0,-0.002884,-0.008495,-0.000233,-0.000205,-0.005411,-9e-06,-2.8e-05,-0.0,-0.00033,-0.004901,-0.00524,0.0,-0.003631,-0.002929,-0.008838,-0.008847,-0.0,-0.008036,-3.7e-05,-0.007294,-0.002549,0.0,-0.002776,-0.009457,-0.005337,-0.005885,-0.006912,-0.008834,-0.002878,-0.001257,-0.001471,-4e-06,-0.001261,-0.004161,-0.004905,-0.005344
2017-05-26 11:57:00+02:00,-0.0,0.0,-0.000653,-0.006822,-0.000793,-5.4e-05,-0.002132,-0.003292,-0.005243,-6.5e-05,-1.7e-05,-0.0,-0.005559,-0.00534,-0.002302,-0.009135,-9.8e-05,-0.0,-6.5e-05,-0.00932,0.0,-0.009247,-0.005563,-0.0,-0.008911,-0.009413,-0.002989,0.0,-0.001705,-4.6e-05,-7e-06,-0.00509,0.0,-0.004652,-0.005031,-0.0,-0.00078,-0.00521,-0.0,-0.009471,-0.003061,-0.0,-0.004113,0.0,-0.000597,-0.002785,-0.002634,-0.005093,-0.002698,0.0,-2.6e-05,-0.005169,-0.005095,-0.005445,-6e-06,0.0,-0.000312,-0.0,0.0,-0.002628,-0.005226,-0.009233,-0.00611,0.0,-0.000788,-0.009241,-0.001514,-0.005283,0.0,-0.001444,-0.002566,-4.8e-05,-1.1e-05,-0.005048,-0.005152,0.0,-0.000113,-0.0,-0.004089,-0.0,-0.005235,-0.0,-0.003212,-0.009158,-0.000187,-0.000164,-0.005717,-7e-06,-2.3e-05,-0.0,-0.000319,-0.005285,-0.005537,0.0,-0.003967,-0.003311,-0.009486,-0.009495,-0.0,-0.00884,-3e-05,-0.007953,-0.002811,0.0,-0.003026,-0.009969,-0.005634,-0.006525,-0.007544,-0.009479,-0.003134,-0.001406,-0.001638,-3e-06,-0.001403,-0.004603,-0.005404,-0.005652
2017-05-26 11:58:00+02:00,-0.0,0.0,-0.000522,-0.006875,-0.000634,-4.3e-05,-0.002075,-0.00328,-0.005393,-5.2e-05,-1.4e-05,-0.0,-0.005781,-0.005581,-0.002285,-0.009313,-7.8e-05,-0.0,-5.2e-05,-0.009712,0.0,-0.009614,-0.005552,-0.0,-0.009154,-0.009922,-0.002965,0.0,-0.001618,-3.7e-05,-6e-06,-0.005203,0.0,-0.004744,-0.005304,-0.0,-0.000624,-0.005178,-0.0,-0.009976,-0.003043,-0.0,-0.00406,0.0,-0.000477,-0.002629,-0.002601,-0.005171,-0.002688,0.0,-2e-05,-0.005286,-0.005202,-0.005665,-5e-06,0.0,-0.00025,-0.0,0.0,-0.002469,-0.00534,-0.009681,-0.006131,0.0,-0.000631,-0.009547,-0.00142,-0.005388,0.0,-0.001346,-0.002541,-3.8e-05,-9e-06,-0.005231,-0.005401,0.0,-9e-05,-0.0,-0.004015,-0.0,-0.005348,-0.0,-0.003086,-0.009611,-0.000149,-0.000131,-0.005948,-6e-06,-1.8e-05,-0.0,-0.000256,-0.005525,-0.005763,0.0,-0.004006,-0.003211,-0.00999,-0.01,-0.0,-0.009028,-2.4e-05,-0.008051,-0.002794,0.0,-0.003005,-0.010367,-0.005859,-0.006599,-0.007618,-0.009982,-0.003119,-0.0013,-0.001557,-2e-06,-0.001163,-0.004572,-0.005391,-0.005886
2017-05-26 11:59:00+02:00,-0.0,0.0,-0.000418,-0.006853,-0.000508,-3.5e-05,-0.001988,-0.003232,-0.005478,-4.1e-05,-1.1e-05,-0.0,-0.005986,-0.005802,-0.002225,-0.009395,-6.2e-05,-0.0,-4.2e-05,-0.009966,0.0,-0.009847,-0.005483,-0.0,-0.009296,-0.010275,-0.002908,0.0,-0.001503,-3e-05,-4e-06,-0.005257,0.0,-0.00478,-0.005551,-0.0,-0.000499,-0.005091,-0.0,-0.010437,-0.002991,-0.0,-0.003941,0.0,-0.000382,-0.002426,-0.002531,-0.005191,-0.002629,0.0,-1.6e-05,-0.005339,-0.005251,-0.005869,-4e-06,0.0,-0.0002,-0.0,0.0,-0.002268,-0.005391,-0.009976,-0.006081,0.0,-0.000504,-0.009733,-0.001302,-0.005429,0.0,-0.001225,-0.002476,-3.1e-05,-7e-06,-0.005341,-0.005629,0.0,-7.2e-05,-0.0,-0.00389,-0.0,-0.0054,-0.0,-0.00291,-0.00991,-0.000119,-0.000105,-0.006158,-4e-06,-1.4e-05,-0.0,-0.000204,-0.005679,-0.005971,0.0,-0.004001,-0.003043,-0.010393,-0.010408,-0.0,-0.009118,-1.9e-05,-0.008067,-0.002734,0.0,-0.002951,-0.010742,-0.006066,-0.006584,-0.007613,-0.010391,-0.003069,-0.001169,-0.001445,-2e-06,-0.00093,-0.004471,-0.005312,-0.0061
2017-05-26 12:00:00+02:00,-0.0,0.0,-0.000334,-0.00675,-0.000406,-2.8e-05,-0.001905,-0.003159,-0.005475,-3.3e-05,-9e-06,-0.0,-0.00601,-0.005841,-0.00216,-0.009321,-5e-05,-0.0,-3.3e-05,-0.010013,0.0,-0.009886,-0.005367,-0.0,-0.009295,-0.010384,-0.002832,0.0,-0.001406,-2.4e-05,-4e-06,-0.005231,0.0,-0.004746,-0.005613,-0.0,-0.000399,-0.004962,-0.0,-0.01055,-0.002917,-0.0,-0.003813,0.0,-0.000305,-0.002257,-0.002451,-0.005138,-0.002561,0.0,-1.3e-05,-0.005307,-0.005212,-0.005894,-3e-06,0.0,-0.00016,-0.0,0.0,-0.002105,-0.005356,-0.010063,-0.005968,0.0,-0.000404,-0.009728,-0.001207,-0.005389,0.0,-0.001129,-0.002402,-2.5e-05,-6e-06,-0.005347,-0.005675,0.0,-5.8e-05,-0.0,-0.003755,-0.0,-0.005362,-0.0,-0.002754,-0.010008,-9.6e-05,-8.4e-05,-0.006186,-4e-06,-1.2e-05,-0.0,-0.000164,-0.005711,-0.005998,0.0,-0.003942,-0.002897,-0.010516,-0.01053,-0.0,-0.009065,-1.5e-05,-0.007968,-0.00266,0.0,-0.002876,-0.010789,-0.006092,-0.006492,-0.007502,-0.010513,-0.002996,-0.001066,-0.001351,-1e-06,-0.000744,-0.004347,-0.005187,-0.00613
2017-05-26 12:01:00+02:00,-0.0,0.0,-0.000267,-0.006142,-0.000325,-2.2e-05,-0.001657,-0.002827,-0.004578,-2.6e-05,-7e-06,-0.0,-0.00445,-0.004384,-0.00194,-0.008223,-4e-05,-0.0,-2.7e-05,-0.008224,0.0,-0.008217,-0.004826,-0.0,-0.008184,-0.008223,-0.002522,0.0,-0.00119,-1.9e-05,-3e-06,-0.004502,0.0,-0.004364,-0.004308,-0.0,-0.000319,-0.004435,-0.0,-0.008224,-0.002603,-0.0,-0.003399,0.0,-0.000244,-0.001896,-0.002171,-0.004581,-0.002306,0.0,-1e-05,-0.004502,-0.00445,-0.004384,-3e-06,0.0,-0.000128,-0.0,0.0,-0.001751,-0.004539,-0.008217,-0.005401,0.0,-0.000323,-0.008223,-0.001002,-0.004581,0.0,-0.000929,-0.002142,-2e-05,-5e-06,-0.004384,-0.004308,0.0,-4.6e-05,-0.0,-0.003305,-0.0,-0.004539,-0.0,-0.002371,-0.008196,-7.6e-05,-6.7e-05,-0.00457,-3e-06,-9e-06,-0.0,-0.000131,-0.004502,-0.00445,0.0,-0.003582,-0.002552,-0.008224,-0.008226,-0.0,-0.008224,-1.2e-05,-0.007281,-0.002383,0.0,-0.002564,-0.008223,-0.004502,-0.005939,-0.006832,-0.008224,-0.002677,-0.00087,-0.001151,-1e-06,-0.000595,-0.003899,-0.004661,-0.004539
2017-05-26 12:02:00+02:00,-0.0,0.0,-0.000214,-0.00529,-0.00026,-1.8e-05,-0.001331,-0.002384,-0.004045,-2.1e-05,-6e-06,-0.0,-0.004244,-0.004093,-0.001612,-0.007216,-3.2e-05,-0.0,-2.1e-05,-0.007326,0.0,-0.007309,-0.00408,-0.0,-0.007236,-0.007389,-0.00211,0.0,-0.000952,-1.5e-05,-2e-06,-0.003955,0.0,-0.003802,-0.003911,-0.0,-0.000256,-0.003719,-0.0,-0.007479,-0.002184,-0.0,-0.002794,0.0,-0.000195,-0.001517,-0.001798,-0.003986,-0.00193,0.0,-8e-06,-0.003953,-0.003904,-0.004179,-2e-06,0.0,-0.000102,-0.0,0.0,-0.0014,-0.003984,-0.007357,-0.004613,0.0,-0.000258,-0.007282,-0.000801,-0.004016,0.0,-0.000743,-0.001774,-1.6e-05,-4e-06,-0.003884,-0.003987,0.0,-3.7e-05,-0.0,-0.002697,-0.0,-0.003985,-0.0,-0.001897,-0.007346,-6.1e-05,-5.4e-05,-0.004303,-2e-06,-7e-06,-0.0,-0.000105,-0.004015,-0.004208,0.0,-0.003089,-0.002041,-0.007414,-0.007417,-0.0,-0.007209,-1e-05,-0.00632,-0.00199,0.0,-0.002148,-0.007847,-0.004274,-0.005113,-0.005905,-0.007417,-0.002251,-0.000696,-0.000921,-1e-06,-0.000476,-0.003245,-0.003936,-0.00427
2017-05-26 12:03:00+02:00,-0.0,0.0,-0.000171,-0.005128,-0.000208,-1.4e-05,-0.001267,-0.002282,-0.004006,-1.7e-05,-4e-06,-0.0,-0.004585,-0.004315,-0.001573,-0.007045,-2.6e-05,-0.0,-1.7e-05,-0.007271,0.0,-0.007236,-0.003907,-0.0,-0.007101,-0.007427,-0.002016,0.0,-0.000911,-1.2e-05,-2e-06,-0.003886,0.0,-0.003693,-0.003989,-0.0,-0.000204,-0.003556,-0.0,-0.007604,-0.002088,-0.0,-0.002699,0.0,-0.000156,-0.001449,-0.001742,-0.003867,-0.00188,0.0,-7e-06,-0.00388,-0.003836,-0.004506,-2e-06,0.0,-8.2e-05,-0.0,0.0,-0.001303,-0.003908,-0.007339,-0.004472,0.0,-0.000207,-0.007192,-0.000744,-0.003933,0.0,-0.000687,-0.001713,-1.3e-05,-3e-06,-0.003851,-0.004156,0.0,-3e-05,-0.0,-0.002575,-0.0,-0.003921,-0.0,-0.001829,-0.007328,-4.9e-05,-4.3e-05,-0.004589,-2e-06,-6e-06,-0.0,-8.4e-05,-0.00403,-0.004505,0.0,-0.002996,-0.001993,-0.007483,-0.00749,-0.0,-0.007016,-8e-06,-0.006124,-0.001921,0.0,-0.002053,-0.008403,-0.004598,-0.004968,-0.005721,-0.00749,-0.002154,-0.000656,-0.000876,-1e-06,-0.000381,-0.003135,-0.003815,-0.004549
2017-05-26 12:04:00+02:00,-0.0,0.0,-0.000873,-0.006387,-0.000893,-1.1e-05,-0.001851,-0.002918,-0.004538,-0.000225,-4e-06,-0.0,-0.004963,-0.004724,-0.002278,-0.007952,-0.000369,-0.0,-0.000103,-0.008139,0.0,-0.008096,-0.004998,-0.0,-0.007953,-0.008257,-0.002638,0.0,-0.001531,-0.000147,-1e-06,-0.00442,0.0,-0.004226,-0.004435,-0.0,-0.00108,-0.004641,-0.0,-0.008405,-0.002712,-0.0,-0.003823,0.0,-0.000777,-0.002512,-0.002422,-0.004427,-0.002646,0.0,-5e-06,-0.004416,-0.004363,-0.004877,-1e-06,0.0,-0.000635,-0.0,0.0,-0.002249,-0.004449,-0.008179,-0.005729,0.0,-0.00095,-0.008069,-0.001285,-0.00448,0.0,-0.001223,-0.002372,-0.000134,-2e-06,-0.004353,-0.004569,0.0,-0.000392,-0.0,-0.003614,-0.0,-0.00446,-0.0,-0.002921,-0.008147,-0.00043,-0.000455,-0.005001,-1e-06,-5e-06,-0.0,-0.000433,-0.004536,-0.004899,0.0,-0.003641,-0.003229,-0.008309,-0.008317,-0.0,-0.007935,-6e-06,-0.007207,-0.002598,0.0,-0.002677,-0.009038,-0.00499,-0.006299,-0.006901,-0.008314,-0.00278,-0.001252,-0.001471,-1e-06,-0.001212,-0.004295,-0.005043,-0.004962
2017-05-26 12:05:00+02:00,-0.0,0.0,-0.000857,-0.006663,-0.000874,-9e-06,-0.001934,-0.003011,-0.004786,-0.00018,-3e-06,-0.0,-0.005091,-0.004881,-0.002441,-0.008381,-0.000295,-0.0,-8.2e-05,-0.008533,0.0,-0.008492,-0.005169,-0.0,-0.008359,-0.008625,-0.002729,0.0,-0.001639,-0.000118,-1e-06,-0.004672,0.0,-0.004483,-0.004627,-0.0,-0.001157,-0.004804,-0.0,-0.008746,-0.002804,-0.0,-0.00404,0.0,-0.000715,-0.0027,-0.002551,-0.004668,-0.002825,0.0,-4e-06,-0.004669,-0.004612,-0.005003,-1e-06,0.0,-0.000515,-0.0,0.0,-0.00237,-0.004705,-0.008559,-0.005986,0.0,-0.000968,-0.008475,-0.001353,-0.00474,0.0,-0.001289,-0.002496,-0.000107,-2e-06,-0.004584,-0.004734,0.0,-0.000313,-0.0,-0.003767,-0.0,-0.004713,-0.0,-0.003126,-0.008521,-0.000344,-0.000364,-0.005153,-1e-06,-4e-06,-0.0,-0.000388,-0.004764,-0.00504,0.0,-0.003801,-0.003511,-0.008669,-0.008677,-0.0,-0.00837,-5e-06,-0.007546,-0.002726,0.0,-0.002769,-0.00925,-0.005128,-0.00666,-0.007205,-0.008673,-0.002872,-0.001351,-0.00157,-0.0,-0.001277,-0.004518,-0.005286,-0.005115
2017-05-26 12:06:00+02:00,-0.0,0.0,-0.000686,-0.006327,-0.000699,-7e-06,-0.001742,-0.002811,-0.004758,-0.000144,-2e-06,-0.0,-0.005288,-0.005098,-0.002274,-0.008155,-0.000236,-0.0,-6.6e-05,-0.008479,0.0,-0.008421,-0.004822,-0.0,-0.008261,-0.008643,-0.002531,0.0,-0.001447,-9.4e-05,-1e-06,-0.004603,0.0,-0.004361,-0.004727,-0.0,-0.000926,-0.004455,-0.0,-0.008919,-0.002607,-0.0,-0.00372,0.0,-0.000572,-0.002364,-0.002362,-0.004529,-0.002644,0.0,-3e-06,-0.004582,-0.004507,-0.005196,-1e-06,0.0,-0.000412,-0.0,0.0,-0.002028,-0.004614,-0.008567,-0.005648,0.0,-0.000774,-0.008342,-0.001157,-0.00464,0.0,-0.001093,-0.002313,-8.6e-05,-1e-06,-0.004543,-0.004943,0.0,-0.000251,-0.0,-0.003428,-0.0,-0.004612,-0.0,-0.002797,-0.008535,-0.000275,-0.000291,-0.00537,-1e-06,-3e-06,-0.0,-0.000311,-0.004756,-0.005247,0.0,-0.003631,-0.003196,-0.008721,-0.008732,-0.0,-0.008179,-4e-06,-0.007241,-0.00254,0.0,-0.002572,-0.009573,-0.005333,-0.006348,-0.00688,-0.008729,-0.002675,-0.001156,-0.001382,-0.0,-0.001022,-0.004193,-0.004949,-0.005334
2017-05-26 12:07:00+02:00,-0.0,0.0,-0.000549,-0.005958,-0.000559,-6e-06,-0.001619,-0.002615,-0.003886,-0.000115,-2e-06,-0.0,-0.003795,-0.003747,-0.002143,-0.007051,-0.000189,-0.0,-5.3e-05,-0.007051,0.0,-0.007049,-0.004516,-0.0,-0.00703,-0.007051,-0.002354,0.0,-0.001352,-7.5e-05,-1e-06,-0.003833,0.0,-0.003747,-0.003689,-0.0,-0.000799,-0.004167,-0.0,-0.007051,-0.002426,-0.0,-0.0035,0.0,-0.000457,-0.002221,-0.002208,-0.003886,-0.002484,0.0,-3e-06,-0.003833,-0.003795,-0.003747,-1e-06,0.0,-0.000329,-0.0,0.0,-0.001886,-0.003859,-0.007049,-0.005314,0.0,-0.00064,-0.007051,-0.00107,-0.003886,0.0,-0.00101,-0.002161,-6.9e-05,-1e-06,-0.003747,-0.003689,0.0,-0.000201,-0.0,-0.003205,-0.0,-0.003859,-0.0,-0.002633,-0.007039,-0.00022,-0.000233,-0.003876,-1e-06,-2e-06,-0.0,-0.000249,-0.003833,-0.003795,0.0,-0.003407,-0.003026,-0.007051,-0.007051,-0.0,-0.007051,-3e-06,-0.006831,-0.002373,0.0,-0.002393,-0.007051,-0.003833,-0.005995,-0.006476,-0.007051,-0.00249,-0.001077,-0.001288,-0.0,-0.000908,-0.003942,-0.004653,-0.003859
2017-05-26 12:08:00+02:00,-0.0,0.0,-0.000439,-0.004866,-0.000447,-5e-06,-0.001295,-0.002092,-0.002986,-9.2e-05,-1e-06,-0.0,-0.002953,-0.002935,-0.001715,-0.005715,-0.000151,-0.0,-4.2e-05,-0.005715,0.0,-0.005715,-0.003613,-0.0,-0.005714,-0.005715,-0.001884,0.0,-0.001081,-6e-05,-1e-06,-0.002966,0.0,-0.002935,-0.002915,-0.0,-0.000639,-0.003333,-0.0,-0.005715,-0.001941,-0.0,-0.0028,0.0,-0.000366,-0.001777,-0.001766,-0.002985,-0.001987,0.0,-2e-06,-0.002966,-0.002953,-0.002935,-1e-06,0.0,-0.000263,-0.0,0.0,-0.001509,-0.002975,-0.005715,-0.0043,0.0,-0.000512,-0.005715,-0.000856,-0.002985,0.0,-0.000808,-0.001729,-5.5e-05,-1e-06,-0.002935,-0.002915,0.0,-0.00016,-0.0,-0.002564,-0.0,-0.002975,-0.0,-0.002106,-0.005714,-0.000176,-0.000186,-0.002981,-1e-06,-2e-06,-0.0,-0.000199,-0.002966,-0.002953,0.0,-0.002793,-0.002421,-0.005715,-0.005714,-0.0,-0.005715,-3e-06,-0.005634,-0.001898,0.0,-0.001914,-0.005715,-0.002966,-0.004876,-0.005317,-0.005715,-0.001992,-0.000862,-0.001031,-0.0,-0.000727,-0.003153,-0.003723,-0.002975
2017-05-26 12:09:00+02:00,-0.0,0.0,-0.000351,-0.003893,-0.000358,-4e-06,-0.001036,-0.001674,-0.002465,-7.4e-05,-1e-06,-0.0,-0.002642,-0.002566,-0.001372,-0.004718,-0.000121,-0.0,-3.4e-05,-0.004762,0.0,-0.004755,-0.00289,-0.0,-0.0047,-0.004831,-0.001507,0.0,-0.000865,-4.8e-05,-0.0,-0.002434,0.0,-0.002387,-0.002474,-0.0,-0.000511,-0.002667,-0.0,-0.004844,-0.001553,-0.0,-0.00224,0.0,-0.000293,-0.001421,-0.001413,-0.002437,-0.00159,0.0,-2e-06,-0.002442,-0.002445,-0.002621,-0.0,0.0,-0.000211,-0.0,0.0,-0.001207,-0.00245,-0.004771,-0.00344,0.0,-0.000409,-0.004762,-0.000685,-0.002456,0.0,-0.000647,-0.001383,-4.4e-05,-1e-06,-0.002439,-0.002522,0.0,-0.000128,-0.0,-0.002051,-0.0,-0.002467,-0.0,-0.001685,-0.004773,-0.000141,-0.000149,-0.002638,-0.0,-2e-06,-0.0,-0.000159,-0.002501,-0.002619,0.0,-0.00224,-0.001937,-0.004846,-0.004846,-0.0,-0.004668,-2e-06,-0.004561,-0.001519,0.0,-0.001531,-0.005074,-0.002644,-0.003901,-0.004271,-0.004848,-0.001593,-0.00069,-0.000825,-0.0,-0.000581,-0.002523,-0.002978,-0.002629
2017-05-26 12:10:00+02:00,-0.0,0.0,-0.000515,-0.003826,-0.000519,-1.4e-05,-0.00105,-0.001624,-0.00245,-0.000121,-1e-06,-0.0,-0.002508,-0.002506,-0.001389,-0.004648,-0.000215,-0.0,-7e-05,-0.004737,0.0,-0.004725,-0.002876,-0.0,-0.004705,-0.004846,-0.001474,0.0,-0.000908,-8.3e-05,-0.0,-0.00241,0.0,-0.002351,-0.00248,-0.0,-0.000704,-0.002669,-0.0,-0.004874,-0.001516,-0.0,-0.002299,0.0,-0.000445,-0.001555,-0.001406,-0.002367,-0.001577,0.0,-1e-06,-0.002391,-0.002397,-0.002506,-0.0,0.0,-0.000352,-0.0,0.0,-0.001331,-0.002396,-0.004815,-0.003411,0.0,-0.000578,-0.004724,-0.000731,-0.002398,0.0,-0.000697,-0.001373,-7.7e-05,-1e-06,-0.002407,-0.002504,0.0,-0.000227,-0.0,-0.002107,-0.0,-0.002417,-0.0,-0.0018,-0.004817,-0.000246,-0.000259,-0.002511,-0.0,-1e-06,-0.0,-0.00023,-0.00248,-0.002508,0.0,-0.002165,-0.002055,-0.004872,-0.004874,-0.0,-0.004639,-2e-06,-0.004433,-0.001494,0.0,-0.001496,-0.004994,-0.00251,-0.003857,-0.004167,-0.004876,-0.001553,-0.000748,-0.000865,-0.0,-0.000745,-0.002557,-0.002989,-0.002511
2017-05-26 12:11:00+02:00,-0.0,0.0,-0.000412,-0.00306,-0.000415,-1.1e-05,-0.00084,-0.001299,-0.001974,-9.7e-05,-1e-06,-0.0,-0.002237,-0.002172,-0.001111,-0.003793,-0.000172,-0.0,-5.6e-05,-0.003877,0.0,-0.00386,-0.002301,-0.0,-0.003783,-0.004069,-0.001179,0.0,-0.000727,-6.6e-05,-0.0,-0.001928,0.0,-0.001881,-0.002073,-0.0,-0.000563,-0.002135,-0.0,-0.004068,-0.001213,-0.0,-0.001839,0.0,-0.000356,-0.001244,-0.001125,-0.001893,-0.001262,0.0,-1e-06,-0.001923,-0.001962,-0.002229,-0.0,0.0,-0.000281,-0.0,0.0,-0.001065,-0.001928,-0.003946,-0.002729,0.0,-0.000463,-0.003899,-0.000585,-0.001927,0.0,-0.000558,-0.001098,-6.2e-05,-0.0,-0.001961,-0.002142,0.0,-0.000181,-0.0,-0.001685,-0.0,-0.001981,-0.0,-0.00144,-0.003952,-0.000197,-0.000207,-0.002209,-0.0,-1e-06,-0.0,-0.000184,-0.002076,-0.002213,0.0,-0.001732,-0.001644,-0.004106,-0.004109,-0.0,-0.003711,-1e-06,-0.003547,-0.001195,0.0,-0.001197,-0.004398,-0.002229,-0.003085,-0.003333,-0.004111,-0.001242,-0.000599,-0.000692,-0.0,-0.000596,-0.002045,-0.002391,-0.002205
2017-05-26 12:12:00+02:00,-5e-06,0.0,-0.001787,-0.004834,-0.001747,-0.000813,-0.001855,-0.002431,-0.002973,-0.00075,-0.000325,-7.4e-05,-0.003151,-0.003077,-0.002201,-0.005457,-0.001264,-0.0,-0.000949,-0.005531,0.0,-0.005501,-0.004241,-0.000169,-0.005396,-0.005678,-0.002289,0.0,-0.001782,-0.000645,-0.000233,-0.002918,0.0,-0.002844,-0.002971,-3e-06,-0.002189,-0.00407,-0.0,-0.005683,-0.002333,-0.000167,-0.003748,0.0,-0.001635,-0.003047,-0.002287,-0.002907,-0.002403,0.0,-0.000411,-0.002914,-0.002931,-0.003123,-0.000218,0.0,-0.001545,-0.000228,0.0,-0.002701,-0.002927,-0.005569,-0.004583,0.0,-0.001859,-0.005541,-0.001523,-0.002934,0.0,-0.00149,-0.002231,-0.000644,-0.000331,-0.002909,-0.003026,0.0,-0.001318,-6.6e-05,-0.003501,-0.00016,-0.00297,-0.00015,-0.003288,-0.005547,-0.001284,-0.001355,-0.003155,-0.000233,-0.000375,-4.4e-05,-0.000925,-0.003036,-0.003131,0.0,-0.002698,-0.0037,-0.005711,-0.005718,-0.000126,-0.005398,-0.000441,-0.00525,-0.002348,0.0,-0.002315,-0.005941,-0.003159,-0.004899,-0.005098,-0.005718,-0.002371,-0.001613,-0.001701,-0.000282,-0.002069,-0.004031,-0.004335,-0.003149
2017-05-26 12:13:00+02:00,-4e-06,0.0,-0.002119,-0.005663,-0.002055,-0.000705,-0.00221,-0.002885,-0.00343,-0.000843,-0.00026,-5.9e-05,-0.003541,-0.003464,-0.002738,-0.006174,-0.001373,-0.0,-0.000906,-0.006235,0.0,-0.006206,-0.004999,-0.000135,-0.006106,-0.006351,-0.002713,0.0,-0.002174,-0.000674,-0.000186,-0.003368,0.0,-0.003278,-0.003357,-2e-06,-0.002701,-0.004789,-0.0,-0.006357,-0.002765,-0.000134,-0.004475,0.0,-0.001904,-0.003692,-0.00277,-0.003375,-0.002974,0.0,-0.000329,-0.003365,-0.003365,-0.0035,-0.000174,0.0,-0.001783,-0.000182,0.0,-0.003205,-0.003384,-0.006261,-0.005468,0.0,-0.00222,-0.006242,-0.001821,-0.003396,0.0,-0.001783,-0.002677,-0.000683,-0.000265,-0.003329,-0.003401,0.0,-0.001473,-5.3e-05,-0.004133,-0.000128,-0.003418,-0.00012,-0.003978,-0.006233,-0.001407,-0.001507,-0.003569,-0.000187,-0.0003,-3.5e-05,-0.001076,-0.003463,-0.003525,0.0,-0.003139,-0.004535,-0.006378,-0.006385,-0.000101,-0.006128,-0.000369,-0.006005,-0.002821,0.0,-0.002745,-0.006561,-0.003561,-0.00573,-0.005889,-0.006384,-0.002808,-0.001975,-0.002055,-0.000225,-0.002455,-0.004801,-0.005266,-0.003562
2017-05-26 12:14:00+02:00,-3e-06,0.0,-0.001695,-0.004838,-0.001644,-0.000564,-0.001842,-0.002439,-0.00244,-0.000675,-0.000208,-4.7e-05,-0.002435,-0.002432,-0.002351,-0.004837,-0.001099,-0.0,-0.000725,-0.004837,0.0,-0.004838,-0.004286,-0.000108,-0.004837,-0.004837,-0.002298,0.0,-0.001809,-0.000539,-0.000149,-0.002437,0.0,-0.002432,-0.002429,-2e-06,-0.002161,-0.004086,-0.0,-0.004837,-0.002345,-0.000107,-0.003785,0.0,-0.001523,-0.003079,-0.002352,-0.002439,-0.00244,0.0,-0.000263,-0.002437,-0.002435,-0.002432,-0.000139,0.0,-0.001426,-0.000146,0.0,-0.00263,-0.002438,-0.004838,-0.004769,0.0,-0.001776,-0.004837,-0.001489,-0.002439,0.0,-0.001455,-0.002257,-0.000546,-0.000212,-0.002432,-0.002429,0.0,-0.001178,-4.2e-05,-0.003483,-0.000103,-0.002438,-9.6e-05,-0.003346,-0.004838,-0.001126,-0.001205,-0.002438,-0.000149,-0.00024,-2.8e-05,-0.000861,-0.002437,-0.002435,0.0,-0.002429,-0.00386,-0.004837,-0.004837,-8e-05,-0.004837,-0.000296,-0.004838,-0.002386,0.0,-0.002326,-0.004837,-0.002437,-0.004837,-0.004837,-0.004837,-0.002385,-0.001628,-0.001693,-0.00018,-0.001964,-0.004079,-0.004549,-0.002438
2017-05-26 12:15:00+02:00,-3e-06,0.0,-0.001356,-0.003871,-0.001315,-0.000451,-0.001474,-0.001951,-0.001952,-0.00054,-0.000166,-3.8e-05,-0.001948,-0.001946,-0.001881,-0.003869,-0.000879,-0.0,-0.00058,-0.003869,0.0,-0.003871,-0.003429,-8.7e-05,-0.003869,-0.003869,-0.001839,0.0,-0.001447,-0.000431,-0.000119,-0.001949,0.0,-0.001946,-0.001943,-1e-06,-0.001729,-0.003268,-0.0,-0.003869,-0.001876,-8.6e-05,-0.003028,0.0,-0.001219,-0.002463,-0.001881,-0.001951,-0.001952,0.0,-0.00021,-0.001949,-0.001948,-0.001946,-0.000111,0.0,-0.001141,-0.000117,0.0,-0.002104,-0.001951,-0.003871,-0.003816,0.0,-0.00142,-0.003869,-0.001191,-0.001951,0.0,-0.001164,-0.001806,-0.000437,-0.000169,-0.001946,-0.001943,0.0,-0.000942,-3.4e-05,-0.002786,-8.2e-05,-0.001951,-7.7e-05,-0.002677,-0.003871,-0.000901,-0.000964,-0.001951,-0.000119,-0.000192,-2.2e-05,-0.000689,-0.001949,-0.001948,0.0,-0.001943,-0.003088,-0.003869,-0.003869,-6.4e-05,-0.003869,-0.000236,-0.003871,-0.001909,0.0,-0.001861,-0.003869,-0.001949,-0.003869,-0.003869,-0.003869,-0.001908,-0.001303,-0.001355,-0.000144,-0.001571,-0.003263,-0.003639,-0.001951
2017-05-26 12:16:00+02:00,-2e-06,0.0,-0.001633,-0.004647,-0.001561,-0.000439,-0.001739,-0.002281,-0.002751,-0.000621,-0.000133,-3e-05,-0.002713,-0.00269,-0.002284,-0.005014,-0.001009,-0.0,-0.000611,-0.005104,0.0,-0.005096,-0.003947,-6.9e-05,-0.005065,-0.005101,-0.002147,0.0,-0.001731,-0.000487,-9.5e-05,-0.002729,0.0,-0.00269,-0.00266,-1e-06,-0.002156,-0.003769,-0.0,-0.005104,-0.002191,-6.8e-05,-0.003556,0.0,-0.001439,-0.002912,-0.002222,-0.002661,-0.002434,0.0,-0.000178,-0.002703,-0.002669,-0.00269,-8.9e-05,0.0,-0.001356,-9.3e-05,0.0,-0.00248,-0.002707,-0.005096,-0.004499,0.0,-0.001714,-0.005101,-0.001421,-0.002705,0.0,-0.001391,-0.002145,-0.000486,-0.000136,-0.00269,-0.00266,0.0,-0.001074,-2.7e-05,-0.003237,-6.6e-05,-0.0027,-6.1e-05,-0.003149,-0.005077,-0.001027,-0.001123,-0.002741,-9.6e-05,-0.000154,-1.8e-05,-0.000821,-0.002729,-0.002713,0.0,-0.002459,-0.003712,-0.005102,-0.005105,-5.1e-05,-0.005104,-0.000213,-0.004818,-0.002265,0.0,-0.002175,-0.005101,-0.002729,-0.004858,-0.004752,-0.005104,-0.002226,-0.001567,-0.001633,-0.000115,-0.001875,-0.003822,-0.004255,-0.00274
2017-05-26 12:17:00+02:00,-2e-06,0.0,-0.002065,-0.005904,-0.001955,-0.000422,-0.002186,-0.002854,-0.003578,-0.000745,-0.000106,-2.4e-05,-0.003515,-0.003475,-0.002931,-0.006362,-0.001213,-0.0,-0.000661,-0.006441,0.0,-0.006417,-0.004892,-5.5e-05,-0.006344,-0.006431,-0.002684,0.0,-0.002179,-0.000569,-7.6e-05,-0.003543,0.0,-0.003475,-0.003422,-1e-06,-0.002793,-0.004684,-0.0,-0.006441,-0.002739,-5.5e-05,-0.004464,0.0,-0.001791,-0.00365,-0.002778,-0.003502,-0.003171,0.0,-0.000143,-0.003522,-0.00348,-0.003475,-7.1e-05,0.0,-0.001692,-7.5e-05,0.0,-0.003123,-0.003533,-0.006417,-0.005642,0.0,-0.00217,-0.006431,-0.001797,-0.003538,0.0,-0.001761,-0.00271,-0.000559,-0.000108,-0.003475,-0.003422,0.0,-0.001282,-2.2e-05,-0.004042,-5.2e-05,-0.003528,-4.9e-05,-0.003931,-0.006372,-0.001231,-0.00137,-0.003562,-7.6e-05,-0.000123,-1.4e-05,-0.001027,-0.003543,-0.003515,0.0,-0.003248,-0.004723,-0.006433,-0.006442,-4.1e-05,-0.006441,-0.000176,-0.006195,-0.002858,0.0,-0.002718,-0.006431,-0.003543,-0.006244,-0.006155,-0.006441,-0.002782,-0.001979,-0.002078,-9.2e-05,-0.002373,-0.004796,-0.005304,-0.00356
2017-05-26 12:18:00+02:00,-1e-06,0.0,-0.002103,-0.006909,-0.001967,-0.000338,-0.002436,-0.003248,-0.004273,-0.000632,-8.5e-05,-1.9e-05,-0.004192,-0.004138,-0.003388,-0.00751,-0.000994,-0.0,-0.000529,-0.00758,0.0,-0.007543,-0.005547,-4.4e-05,-0.007431,-0.007566,-0.003039,0.0,-0.002431,-0.000455,-6.1e-05,-0.004228,0.0,-0.004138,-0.004068,-1e-06,-0.003016,-0.005297,-0.0,-0.00758,-0.003107,-4.4e-05,-0.00505,0.0,-0.001757,-0.004057,-0.003158,-0.004208,-0.003702,0.0,-0.000114,-0.004211,-0.004164,-0.004138,-5.7e-05,0.0,-0.001619,-6e-05,0.0,-0.003411,-0.004228,-0.007543,-0.006523,0.0,-0.002241,-0.007566,-0.001963,-0.004237,0.0,-0.00192,-0.003084,-0.000447,-8.7e-05,-0.004138,-0.004068,0.0,-0.001086,-1.7e-05,-0.004522,-4.2e-05,-0.004224,-3.9e-05,-0.004394,-0.007473,-0.001032,-0.0012,-0.004251,-6.1e-05,-9.8e-05,-1.2e-05,-0.001,-0.004228,-0.004192,0.0,-0.003891,-0.005378,-0.007567,-0.007581,-3.3e-05,-0.00758,-0.000141,-0.007365,-0.003264,0.0,-0.003081,-0.007566,-0.004228,-0.007423,-0.007305,-0.00758,-0.003159,-0.002188,-0.002313,-7.4e-05,-0.002491,-0.005455,-0.006079,-0.00425
2017-05-26 12:19:00+02:00,-1e-06,0.0,-0.001691,-0.007307,-0.001574,-0.00027,-0.002397,-0.003333,-0.004836,-0.000505,-6.8e-05,-1.5e-05,-0.004741,-0.004677,-0.0035,-0.008441,-0.000795,-0.0,-0.000423,-0.008504,0.0,-0.008455,-0.005679,-3.6e-05,-0.008312,-0.008485,-0.00309,0.0,-0.002375,-0.000364,-4.9e-05,-0.004783,0.0,-0.004677,-0.004593,-1e-06,-0.002709,-0.005386,-0.0,-0.008504,-0.00317,-3.5e-05,-0.005098,0.0,-0.001406,-0.00394,-0.003213,-0.004736,-0.003856,0.0,-9.1e-05,-0.00477,-0.004718,-0.004677,-4.6e-05,0.0,-0.001295,-4.8e-05,0.0,-0.003221,-0.004791,-0.008455,-0.006813,0.0,-0.001864,-0.008485,-0.001854,-0.004802,0.0,-0.001803,-0.003138,-0.000357,-6.9e-05,-0.004677,-0.004593,0.0,-0.000869,-1.4e-05,-0.004497,-3.4e-05,-0.004787,-3.1e-05,-0.004331,-0.008365,-0.000825,-0.00096,-0.004809,-4.9e-05,-7.9e-05,-9e-06,-0.0008,-0.004783,-0.004741,0.0,-0.004179,-0.005431,-0.008486,-0.008504,-2.6e-05,-0.008504,-0.000113,-0.007976,-0.003343,0.0,-0.003138,-0.008485,-0.004783,-0.007988,-0.007813,-0.008504,-0.003229,-0.002096,-0.00225,-5.9e-05,-0.002155,-0.00556,-0.006274,-0.004808
2017-05-26 12:20:00+02:00,-1e-06,0.0,-0.001352,-0.007378,-0.001259,-0.000216,-0.002238,-0.003275,-0.005288,-0.000404,-5.5e-05,-1.2e-05,-0.005184,-0.005113,-0.003419,-0.008938,-0.000636,-0.0,-0.000338,-0.009241,0.0,-0.009164,-0.005577,-2.8e-05,-0.009041,-0.009241,-0.003006,0.0,-0.002178,-0.000291,-3.9e-05,-0.005231,0.0,-0.00504,-0.005019,-0.0,-0.002167,-0.005244,-0.0,-0.009262,-0.003095,-2.8e-05,-0.004862,0.0,-0.001125,-0.003588,-0.003105,-0.004981,-0.003798,0.0,-7.3e-05,-0.005102,-0.005023,-0.005113,-3.7e-05,0.0,-0.001036,-3.8e-05,0.0,-0.002846,-0.005114,-0.009206,-0.006795,0.0,-0.001491,-0.009133,-0.001636,-0.005111,0.0,-0.001578,-0.003016,-0.000286,-5.6e-05,-0.005064,-0.005019,0.0,-0.000695,-1.1e-05,-0.004259,-2.7e-05,-0.005105,-2.5e-05,-0.004026,-0.009102,-0.00066,-0.000768,-0.005257,-3.9e-05,-6.3e-05,-7e-06,-0.00064,-0.005231,-0.005184,0.0,-0.004268,-0.00517,-0.00924,-0.009262,-2.1e-05,-0.009239,-9e-05,-0.008214,-0.003239,0.0,-0.003058,-0.009241,-0.005231,-0.008132,-0.007963,-0.009262,-0.00316,-0.00187,-0.002039,-4.7e-05,-0.001724,-0.005363,-0.006176,-0.005258
2017-05-26 12:21:00+02:00,-1e-06,0.0,-0.001082,-0.007158,-0.001007,-0.000173,-0.002032,-0.003117,-0.005478,-0.000323,-4.4e-05,-1e-05,-0.005366,-0.00529,-0.003202,-0.008965,-0.000509,-0.0,-0.000271,-0.009437,0.0,-0.009349,-0.005303,-2.3e-05,-0.009335,-0.009533,-0.002835,0.0,-0.001933,-0.000233,-3.1e-05,-0.005356,0.0,-0.005084,-0.00519,-0.0,-0.001734,-0.004946,-0.0,-0.009554,-0.002929,-2.2e-05,-0.004497,0.0,-0.0009,-0.00316,-0.002901,-0.004984,-0.003585,0.0,-5.8e-05,-0.005162,-0.00506,-0.00529,-2.9e-05,0.0,-0.000829,-3.1e-05,0.0,-0.002441,-0.005169,-0.0095,-0.006523,0.0,-0.001193,-0.00926,-0.001402,-0.005157,0.0,-0.001341,-0.00281,-0.000229,-4.4e-05,-0.005161,-0.00519,0.0,-0.000556,-9e-06,-0.003916,-2.2e-05,-0.00515,-2e-05,-0.003622,-0.009399,-0.000528,-0.000614,-0.005444,-3.1e-05,-5e-05,-6e-06,-0.000512,-0.005383,-0.005366,0.0,-0.004172,-0.004723,-0.009532,-0.009553,-1.7e-05,-0.009366,-7.2e-05,-0.008083,-0.003041,0.0,-0.002889,-0.009533,-0.005416,-0.007883,-0.007773,-0.009554,-0.002997,-0.001612,-0.001794,-3.8e-05,-0.001379,-0.00501,-0.005858,-0.005445
2017-05-26 12:22:00+02:00,-1e-06,0.0,-0.000866,-0.006348,-0.000806,-0.000138,-0.001705,-0.002722,-0.004183,-0.000259,-3.5e-05,-8e-06,-0.004104,-0.004057,-0.002745,-0.007532,-0.000407,-0.0,-0.000217,-0.007534,0.0,-0.00753,-0.00465,-1.8e-05,-0.00751,-0.007532,-0.002458,0.0,-0.001577,-0.000187,-2.5e-05,-0.004139,0.0,-0.004057,-0.003998,-0.0,-0.001387,-0.004304,-0.0,-0.007534,-0.002547,-1.8e-05,-0.003842,0.0,-0.00072,-0.002559,-0.002482,-0.004171,-0.003089,0.0,-4.7e-05,-0.004139,-0.004104,-0.004057,-2.3e-05,0.0,-0.000663,-2.4e-05,0.0,-0.001953,-0.004162,-0.00753,-0.005736,0.0,-0.000954,-0.007532,-0.001122,-0.004171,0.0,-0.001073,-0.002409,-0.000183,-3.6e-05,-0.004057,-0.003998,0.0,-0.000445,-7e-06,-0.003332,-1.7e-05,-0.004162,-1.6e-05,-0.002998,-0.007518,-0.000423,-0.000491,-0.004156,-2.5e-05,-4e-05,-5e-06,-0.00041,-0.004139,-0.004104,0.0,-0.003703,-0.003966,-0.007532,-0.007534,-1.3e-05,-0.007534,-5.8e-05,-0.007237,-0.002623,0.0,-0.002509,-0.007532,-0.004139,-0.006967,-0.006919,-0.007534,-0.002611,-0.00129,-0.001459,-3e-05,-0.001103,-0.004318,-0.005098,-0.004162
2017-05-26 12:23:00+02:00,-0.0,0.0,-0.000692,-0.005259,-0.000645,-0.000111,-0.001364,-0.002198,-0.003662,-0.000207,-2.8e-05,-6e-06,-0.003875,-0.003743,-0.002196,-0.006457,-0.000326,-0.0,-0.000173,-0.006558,0.0,-0.006547,-0.003753,-1.5e-05,-0.006565,-0.006625,-0.001966,0.0,-0.001261,-0.000149,-2e-05,-0.003593,0.0,-0.003481,-0.003578,-0.0,-0.00111,-0.003443,-0.0,-0.006746,-0.002039,-1.4e-05,-0.003074,0.0,-0.000576,-0.002047,-0.001985,-0.003553,-0.002471,0.0,-3.7e-05,-0.003564,-0.003523,-0.003826,-1.9e-05,0.0,-0.00053,-2e-05,0.0,-0.001562,-0.00358,-0.006633,-0.004688,0.0,-0.000764,-0.006521,-0.000898,-0.003582,0.0,-0.000858,-0.001927,-0.000146,-2.8e-05,-0.003519,-0.003652,0.0,-0.000356,-6e-06,-0.002666,-1.4e-05,-0.003576,-1.3e-05,-0.002398,-0.006628,-0.000338,-0.000393,-0.003872,-2e-05,-3.2e-05,-4e-06,-0.000328,-0.003618,-0.00384,0.0,-0.003086,-0.003173,-0.006647,-0.006651,-1.1e-05,-0.006507,-4.6e-05,-0.006083,-0.002099,0.0,-0.002007,-0.007097,-0.00389,-0.005775,-0.005775,-0.006652,-0.002097,-0.001032,-0.001167,-2.4e-05,-0.000883,-0.003454,-0.004096,-0.003873
2017-05-26 12:24:00+02:00,-0.0,0.0,-0.000628,-0.005269,-0.000607,-8.9e-05,-0.001398,-0.002224,-0.003869,-0.000166,-2.2e-05,-5e-06,-0.004206,-0.004084,-0.002194,-0.006578,-0.000261,-0.0,-0.000139,-0.006774,0.0,-0.006752,-0.003805,-1.2e-05,-0.006856,-0.006941,-0.001996,0.0,-0.001282,-0.000119,-1.6e-05,-0.003758,0.0,-0.003591,-0.003858,-0.0,-0.001077,-0.003499,-0.0,-0.007234,-0.002069,-1.1e-05,-0.003108,0.0,-0.000504,-0.002087,-0.002001,-0.003606,-0.002471,0.0,-3e-05,-0.003664,-0.003619,-0.004151,-1.5e-05,0.0,-0.000424,-1.6e-05,0.0,-0.001629,-0.003675,-0.006989,-0.004706,0.0,-0.000719,-0.006717,-0.000934,-0.003671,0.0,-0.000894,-0.001942,-0.000117,-2.3e-05,-0.003643,-0.003991,0.0,-0.000285,-5e-06,-0.002727,-1.1e-05,-0.003679,-1e-05,-0.002439,-0.006986,-0.00027,-0.000315,-0.004219,-1.6e-05,-2.6e-05,-3e-06,-0.000279,-0.003794,-0.004178,0.0,-0.003089,-0.003177,-0.006988,-0.006995,-9e-06,-0.006718,-3.7e-05,-0.006089,-0.002111,0.0,-0.002038,-0.00764,-0.004229,-0.005754,-0.005772,-0.006998,-0.002126,-0.001052,-0.001188,-1.9e-05,-0.000901,-0.003482,-0.004124,-0.004223
2017-05-26 12:25:00+02:00,-0.0,0.0,-0.00072,-0.005169,-0.000709,-7.1e-05,-0.001421,-0.002195,-0.00341,-0.000153,-1.8e-05,-4e-06,-0.003357,-0.003325,-0.002165,-0.006238,-0.000242,-0.0,-0.000111,-0.006238,0.0,-0.006238,-0.003802,-9e-06,-0.006228,-0.006238,-0.001982,0.0,-0.001306,-9.5e-05,-1.3e-05,-0.003381,0.0,-0.003325,-0.003285,-0.0,-0.001176,-0.003511,-0.0,-0.006238,-0.002051,-9e-06,-0.003139,0.0,-0.000592,-0.002165,-0.00198,-0.003401,-0.002424,0.0,-2.4e-05,-0.003381,-0.003357,-0.003325,-1.2e-05,0.0,-0.000476,-1.3e-05,0.0,-0.001742,-0.003396,-0.006238,-0.004637,0.0,-0.000819,-0.006238,-0.000985,-0.003401,0.0,-0.000947,-0.001928,-9.4e-05,-1.8e-05,-0.003325,-0.003285,0.0,-0.000265,-4e-06,-0.002781,-9e-06,-0.003396,-8e-06,-0.002499,-0.006233,-0.000281,-0.00032,-0.003389,-1.3e-05,-2.1e-05,-2e-06,-0.00032,-0.003381,-0.003357,0.0,-0.003001,-0.003195,-0.006238,-0.006238,-7e-06,-0.006238,-3e-05,-0.005941,-0.002087,0.0,-0.002022,-0.006238,-0.003381,-0.005627,-0.005633,-0.006238,-0.002104,-0.001089,-0.001222,-1.5e-05,-0.001021,-0.00349,-0.004089,-0.003396
2017-05-26 12:26:00+02:00,-0.0,0.0,-0.000576,-0.004204,-0.000567,-5.7e-05,-0.001137,-0.001756,-0.002937,-0.000122,-1.4e-05,-3e-06,-0.00311,-0.00301,-0.001732,-0.00525,-0.000194,-0.0,-8.9e-05,-0.005348,0.0,-0.005342,-0.003041,-7e-06,-0.005346,-0.005376,-0.001586,0.0,-0.001045,-7.6e-05,-1e-05,-0.002888,0.0,-0.002809,-0.002888,-0.0,-0.000941,-0.002809,-0.0,-0.005479,-0.001641,-7e-06,-0.002511,0.0,-0.000473,-0.001732,-0.001584,-0.002859,-0.001939,0.0,-1.9e-05,-0.002873,-0.002832,-0.003075,-1e-05,0.0,-0.000381,-1e-05,0.0,-0.001393,-0.002883,-0.005395,-0.003717,0.0,-0.000656,-0.005298,-0.000788,-0.002882,0.0,-0.000758,-0.001543,-7.5e-05,-1.5e-05,-0.002844,-0.002945,0.0,-0.000212,-3e-06,-0.002225,-7e-06,-0.002868,-7e-06,-0.002,-0.005395,-0.000224,-0.000256,-0.0031,-1e-05,-1.6e-05,-2e-06,-0.000256,-0.002902,-0.003083,0.0,-0.002459,-0.002556,-0.005393,-0.005395,-6e-06,-0.005296,-2.4e-05,-0.004907,-0.001669,0.0,-0.001618,-0.005747,-0.003118,-0.004596,-0.00462,-0.005395,-0.001683,-0.000871,-0.000977,-1.2e-05,-0.000817,-0.002792,-0.003271,-0.003104
2017-05-26 12:27:00+02:00,-0.0,0.0,-0.000792,-0.004596,-0.000772,-4.5e-05,-0.001332,-0.001975,-0.003406,-0.000151,-1.1e-05,-3e-06,-0.0036,-0.003504,-0.001955,-0.005761,-0.000257,-0.0,-7.1e-05,-0.006005,0.0,-0.005984,-0.003409,-6e-06,-0.006061,-0.006073,-0.001799,0.0,-0.001237,-8.4e-05,-8e-06,-0.003313,0.0,-0.003171,-0.003385,-0.0,-0.001211,-0.003171,-0.0,-0.006338,-0.001858,-6e-06,-0.002884,0.0,-0.000653,-0.002052,-0.001797,-0.003175,-0.002183,0.0,-1.5e-05,-0.003233,-0.003159,-0.003556,-8e-06,0.0,-0.000535,-8e-06,0.0,-0.001701,-0.003241,-0.00618,-0.004108,0.0,-0.000886,-0.005881,-0.000967,-0.003234,0.0,-0.000937,-0.001769,-6.6e-05,-1.2e-05,-0.003223,-0.00343,0.0,-0.000259,-2e-06,-0.002566,-6e-06,-0.003207,-5e-06,-0.002331,-0.006177,-0.000303,-0.000349,-0.003605,-8e-06,-1.3e-05,-2e-06,-0.000358,-0.003309,-0.003578,0.0,-0.002686,-0.002926,-0.006113,-0.00612,-4e-06,-0.005942,-1.9e-05,-0.005309,-0.001901,0.0,-0.001835,-0.00655,-0.003618,-0.005024,-0.005016,-0.006123,-0.001901,-0.001054,-0.001178,-1e-05,-0.00107,-0.003176,-0.003653,-0.003613
2017-05-26 12:28:00+02:00,-0.0,0.0,-0.001322,-0.005717,-0.00129,-7.5e-05,-0.00182,-0.002556,-0.004063,-0.000338,-9e-06,-2e-06,-0.004194,-0.004099,-0.002547,-0.006894,-0.000559,-0.0,-0.00019,-0.007094,0.0,-0.007065,-0.00438,-5e-06,-0.007085,-0.007145,-0.002356,0.0,-0.001723,-0.000221,-7e-06,-0.003976,0.0,-0.003833,-0.003978,-0.0,-0.001875,-0.004121,-0.0,-0.00736,-0.002426,-5e-06,-0.003804,0.0,-0.001133,-0.00286,-0.002363,-0.003873,-0.002827,0.0,-1.2e-05,-0.003912,-0.003841,-0.00414,-6e-06,0.0,-0.000971,-6e-06,0.0,-0.002443,-0.003925,-0.007222,-0.005189,0.0,-0.001437,-0.00699,-0.0014,-0.00392,0.0,-0.001367,-0.002334,-0.000197,-9e-06,-0.003874,-0.004015,0.0,-0.000578,-2e-06,-0.003431,-5e-06,-0.003898,-4e-06,-0.003172,-0.007194,-0.000631,-0.000697,-0.004211,-7e-06,-1.1e-05,-1e-06,-0.000638,-0.003973,-0.004176,0.0,-0.003353,-0.00388,-0.00717,-0.007182,-4e-06,-0.007043,-1.5e-05,-0.006523,-0.002485,0.0,-0.002401,-0.007526,-0.00422,-0.006248,-0.006199,-0.007188,-0.002474,-0.001511,-0.001654,-8e-06,-0.001685,-0.004146,-0.004687,-0.004222
2017-05-26 12:29:00+02:00,-0.0,0.0,-0.001536,-0.006673,-0.001492,-6e-05,-0.002155,-0.003009,-0.004622,-0.000332,-7e-06,-2e-06,-0.004703,-0.004609,-0.003035,-0.007859,-0.000522,-0.0,-0.000152,-0.008023,0.0,-0.007987,-0.005134,-4e-06,-0.007956,-0.008059,-0.002778,0.0,-0.002053,-0.000177,-5e-06,-0.00454,0.0,-0.004396,-0.004488,-0.0,-0.002248,-0.004842,-0.0,-0.008236,-0.002862,-4e-06,-0.004489,0.0,-0.001291,-0.003402,-0.002797,-0.004464,-0.003364,0.0,-1e-05,-0.004489,-0.004422,-0.004643,-5e-06,0.0,-0.001079,-5e-06,0.0,-0.002899,-0.004506,-0.008112,-0.006085,0.0,-0.001679,-0.007936,-0.001666,-0.004502,0.0,-0.001628,-0.002764,-0.000158,-7e-06,-0.004429,-0.004517,0.0,-0.000565,-1e-06,-0.004045,-4e-06,-0.004484,-3e-06,-0.003759,-0.008061,-0.000624,-0.000708,-0.004729,-5e-06,-8e-06,-1e-06,-0.000726,-0.004538,-0.00469,0.0,-0.003935,-0.004616,-0.008071,-0.00809,-3e-06,-0.007983,-1.2e-05,-0.007553,-0.00294,0.0,-0.002833,-0.008364,-0.004735,-0.007343,-0.007233,-0.008098,-0.002916,-0.001806,-0.001971,-6e-06,-0.001988,-0.004891,-0.005518,-0.004744
2017-05-26 12:30:00+02:00,-0.0,0.0,-0.001274,-0.006663,-0.001233,-4.8e-05,-0.00209,-0.002988,-0.004783,-0.000266,-6e-06,-1e-06,-0.004825,-0.004733,-0.003018,-0.008072,-0.000418,-0.0,-0.000122,-0.008242,0.0,-0.008208,-0.005075,-3e-06,-0.008161,-0.00827,-0.002746,0.0,-0.001977,-0.000141,-4e-06,-0.004705,0.0,-0.004562,-0.004613,-0.0,-0.002029,-0.004767,-0.0,-0.008413,-0.002836,-3e-06,-0.004406,0.0,-0.001033,-0.003252,-0.002759,-0.00461,-0.003361,0.0,-8e-06,-0.004665,-0.004584,-0.004759,-4e-06,0.0,-0.000863,-4e-06,0.0,-0.002735,-0.004685,-0.008309,-0.006054,0.0,-0.001435,-0.008171,-0.001576,-0.004682,0.0,-0.001536,-0.002735,-0.000126,-6e-06,-0.004589,-0.004636,0.0,-0.000452,-1e-06,-0.003932,-3e-06,-0.004659,-3e-06,-0.003628,-0.008255,-0.000499,-0.000566,-0.004856,-4e-06,-7e-06,-1e-06,-0.000581,-0.004704,-0.004814,0.0,-0.003948,-0.004524,-0.008276,-0.008294,-2e-06,-0.00821,-1e-05,-0.007578,-0.002919,0.0,-0.002805,-0.008514,-0.004861,-0.007362,-0.00723,-0.008303,-0.002891,-0.001717,-0.001899,-5e-06,-0.001764,-0.004823,-0.005461,-0.004875
2017-05-26 12:31:00+02:00,-0.0,0.0,-0.001019,-0.005986,-0.000987,-3.8e-05,-0.001714,-0.002627,-0.004619,-0.000212,-5e-06,-1e-06,-0.005129,-0.004884,-0.002609,-0.007529,-0.000334,-0.0,-9.7e-05,-0.007907,0.0,-0.007859,-0.004452,-2e-06,-0.007828,-0.007955,-0.002382,0.0,-0.001582,-0.000113,-3e-06,-0.004496,0.0,-0.004294,-0.004575,-0.0,-0.001623,-0.004134,-0.0,-0.008319,-0.002473,-2e-06,-0.003743,0.0,-0.000826,-0.002601,-0.002357,-0.004317,-0.002933,0.0,-6e-06,-0.004428,-0.004296,-0.005051,-3e-06,0.0,-0.00069,-3e-06,0.0,-0.002188,-0.00444,-0.008047,-0.005373,0.0,-0.001148,-0.007711,-0.001261,-0.004427,0.0,-0.001229,-0.002352,-0.000101,-5e-06,-0.004395,-0.004722,0.0,-0.000362,-1e-06,-0.003284,-2e-06,-0.00437,-2e-06,-0.002922,-0.008,-0.0004,-0.000453,-0.005076,-3e-06,-5e-06,-1e-06,-0.000465,-0.004507,-0.005058,0.0,-0.003578,-0.00377,-0.00799,-0.008013,-2e-06,-0.007768,-8e-06,-0.006908,-0.002538,0.0,-0.00244,-0.008978,-0.005138,-0.006633,-0.006547,-0.008024,-0.002529,-0.001374,-0.001519,-4e-06,-0.001411,-0.004161,-0.004772,-0.005089
2017-05-26 12:32:00+02:00,-0.0,0.0,-0.000956,-0.00642,-0.000934,-3.1e-05,-0.001858,-0.002839,-0.005037,-0.00017,-4e-06,-1e-06,-0.005424,-0.005209,-0.002797,-0.008201,-0.000267,-0.0,-7.8e-05,-0.008606,0.0,-0.008556,-0.004798,-2e-06,-0.008486,-0.00864,-0.002577,0.0,-0.00171,-9.1e-05,-3e-06,-0.004927,0.0,-0.004727,-0.004937,-0.0,-0.001613,-0.00446,-0.0,-0.008935,-0.002675,-2e-06,-0.004032,0.0,-0.000734,-0.002799,-0.002546,-0.004707,-0.003141,0.0,-5e-06,-0.004873,-0.004708,-0.005343,-3e-06,0.0,-0.000552,-3e-06,0.0,-0.002342,-0.004887,-0.008706,-0.005774,0.0,-0.00111,-0.008445,-0.001353,-0.004862,0.0,-0.001315,-0.00254,-8.1e-05,-4e-06,-0.004819,-0.005055,0.0,-0.000289,-1e-06,-0.00355,-2e-06,-0.004791,-2e-06,-0.003157,-0.008641,-0.00032,-0.000362,-0.00539,-3e-06,-4e-06,-1e-06,-0.000403,-0.004937,-0.005367,0.0,-0.003851,-0.004026,-0.008658,-0.008685,-1e-06,-0.008494,-6e-06,-0.007411,-0.00274,0.0,-0.00264,-0.009459,-0.005441,-0.007074,-0.00702,-0.008699,-0.002736,-0.001471,-0.001642,-3e-06,-0.001435,-0.004482,-0.005137,-0.005409
2017-05-26 12:33:00+02:00,-0.0,0.0,-0.000765,-0.006637,-0.000747,-2.4e-05,-0.001884,-0.002927,-0.005371,-0.000136,-3e-06,-1e-06,-0.00566,-0.005471,-0.002856,-0.008624,-0.000214,-0.0,-6.2e-05,-0.009167,0.0,-0.009115,-0.00494,-2e-06,-0.009014,-0.009191,-0.002649,0.0,-0.001715,-7.2e-05,-2e-06,-0.005274,0.0,-0.005,-0.005229,-0.0,-0.001412,-0.00458,-0.0,-0.00943,-0.002755,-2e-06,-0.004105,0.0,-0.000587,-0.002789,-0.002608,-0.004944,-0.003214,0.0,-4e-06,-0.005166,-0.004971,-0.005578,-2e-06,0.0,-0.000442,-2e-06,0.0,-0.002302,-0.005173,-0.009236,-0.005958,0.0,-0.000896,-0.008956,-0.001331,-0.005138,0.0,-0.001288,-0.002599,-6.5e-05,-3e-06,-0.005156,-0.005323,0.0,-0.000231,-1e-06,-0.003612,-1e-06,-0.00506,-1e-06,-0.003184,-0.009156,-0.000256,-0.00029,-0.005641,-2e-06,-3e-06,-0.0,-0.000323,-0.005281,-0.005615,0.0,-0.003998,-0.004061,-0.009194,-0.009225,-1e-06,-0.009024,-5e-06,-0.00769,-0.002809,0.0,-0.002716,-0.009846,-0.005685,-0.007282,-0.00727,-0.009241,-0.002819,-0.001449,-0.001639,-3e-06,-0.00128,-0.004582,-0.005284,-0.005665
2017-05-26 12:34:00+02:00,-0.0,0.0,-0.000612,-0.006682,-0.000598,-2e-05,-0.001835,-0.002931,-0.005626,-0.000109,-2e-06,-1e-06,-0.005862,-0.005694,-0.002817,-0.008837,-0.000171,-0.0,-5e-05,-0.009551,0.0,-0.009479,-0.004942,-1e-06,-0.009408,-0.009648,-0.002638,0.0,-0.001637,-5.8e-05,-2e-06,-0.005467,0.0,-0.005131,-0.005476,-0.0,-0.00113,-0.004561,-0.0,-0.009853,-0.00275,-1e-06,-0.004038,0.0,-0.00047,-0.002644,-0.002577,-0.005058,-0.003179,0.0,-3e-06,-0.005326,-0.005105,-0.00578,-2e-06,0.0,-0.000353,-2e-06,0.0,-0.002149,-0.005326,-0.009687,-0.005975,0.0,-0.000717,-0.00924,-0.001242,-0.005283,0.0,-0.001193,-0.002569,-5.2e-05,-2e-06,-0.005354,-0.005551,0.0,-0.000185,-0.0,-0.003545,-1e-06,-0.005197,-1e-06,-0.00307,-0.009596,-0.000205,-0.000232,-0.005854,-2e-06,-3e-06,-0.0,-0.000258,-0.005509,-0.005825,0.0,-0.004041,-0.003933,-0.00965,-0.009684,-1e-06,-0.009297,-4e-06,-0.007785,-0.002789,0.0,-0.002709,-0.010182,-0.005891,-0.007297,-0.007341,-0.009702,-0.002817,-0.001348,-0.001559,-2e-06,-0.001029,-0.004537,-0.00527,-0.005881
2017-05-26 12:35:00+02:00,-0.0,0.0,-0.000489,-0.006701,-0.000478,-1.6e-05,-0.001778,-0.002922,-0.005807,-8.7e-05,-2e-06,-0.0,-0.006037,-0.005887,-0.002756,-0.009,-0.000137,-0.0,-4e-05,-0.009847,0.0,-0.00976,-0.004928,-1e-06,-0.009695,-0.010015,-0.002617,0.0,-0.00155,-4.6e-05,-1e-06,-0.0056,0.0,-0.005214,-0.005689,-0.0,-0.000904,-0.004528,-0.0,-0.010224,-0.002733,-1e-06,-0.003943,0.0,-0.000376,-0.002487,-0.002533,-0.005135,-0.00312,0.0,-3e-06,-0.005441,-0.005205,-0.005955,-1e-06,0.0,-0.000283,-1e-06,0.0,-0.001992,-0.005436,-0.010062,-0.005966,0.0,-0.000573,-0.009464,-0.00115,-0.005386,0.0,-0.001096,-0.002521,-4.1e-05,-2e-06,-0.005502,-0.005749,0.0,-0.000148,-0.0,-0.003466,-1e-06,-0.0053,-1e-06,-0.002942,-0.009978,-0.000164,-0.000186,-0.006037,-1e-06,-2e-06,-0.0,-0.000206,-0.005685,-0.006008,0.0,-0.004066,-0.003776,-0.010046,-0.010082,-1e-06,-0.009485,-3e-06,-0.007849,-0.002749,0.0,-0.00269,-0.010484,-0.00607,-0.007267,-0.007382,-0.010103,-0.002804,-0.001242,-0.001466,-2e-06,-0.000823,-0.004461,-0.005232,-0.006068
2017-05-26 12:36:00+02:00,-0.0,0.0,-0.000391,-0.006693,-0.000382,-1.3e-05,-0.001718,-0.002905,-0.005918,-7e-05,-2e-06,-0.0,-0.006183,-0.006047,-0.002669,-0.009115,-0.000109,-0.0,-3.2e-05,-0.01009,0.0,-0.00999,-0.004904,-1e-06,-0.009877,-0.010298,-0.002589,0.0,-0.001455,-3.7e-05,-1e-06,-0.005671,0.0,-0.005247,-0.005866,-0.0,-0.000723,-0.004486,-0.0,-0.010536,-0.00271,-1e-06,-0.003849,0.0,-0.000301,-0.002319,-0.002476,-0.005193,-0.003033,0.0,-2e-06,-0.005531,-0.005273,-0.006102,-1e-06,0.0,-0.000226,-1e-06,0.0,-0.001839,-0.005522,-0.010315,-0.005933,0.0,-0.000459,-0.009629,-0.00106,-0.005465,0.0,-0.001002,-0.00247,-3.3e-05,-2e-06,-0.005621,-0.005914,0.0,-0.000118,-0.0,-0.003382,-1e-06,-0.005369,-1e-06,-0.002798,-0.010237,-0.000131,-0.000148,-0.006188,-1e-06,-2e-06,-0.0,-0.000165,-0.005816,-0.006159,0.0,-0.004072,-0.003581,-0.01036,-0.010403,-1e-06,-0.009581,-3e-06,-0.00788,-0.002706,0.0,-0.002665,-0.010741,-0.006219,-0.007183,-0.007392,-0.010429,-0.002784,-0.001131,-0.001376,-1e-06,-0.000659,-0.004384,-0.00517,-0.006222
2017-05-26 12:37:00+02:00,-0.0,0.0,-0.000313,-0.006681,-0.000306,-1e-05,-0.001671,-0.002895,-0.006,-5.6e-05,-1e-06,-0.0,-0.006307,-0.006184,-0.002589,-0.009206,-8.8e-05,-0.0,-2.6e-05,-0.010288,0.0,-0.010178,-0.00489,-1e-06,-0.010009,-0.010527,-0.00257,0.0,-0.001371,-3e-05,-1e-06,-0.005722,0.0,-0.005266,-0.006016,-0.0,-0.000579,-0.004456,-0.0,-0.010796,-0.002695,-1e-06,-0.003768,0.0,-0.000241,-0.002169,-0.002425,-0.005242,-0.002951,0.0,-2e-06,-0.005606,-0.005329,-0.006227,-1e-06,0.0,-0.000181,-1e-06,0.0,-0.001712,-0.005593,-0.010504,-0.005899,0.0,-0.000367,-0.009761,-0.000986,-0.005531,0.0,-0.000924,-0.002427,-2.6e-05,-1e-06,-0.00572,-0.006055,0.0,-9.5e-05,-0.0,-0.003315,-1e-06,-0.005425,-1e-06,-0.00267,-0.01043,-0.000105,-0.000119,-0.006315,-1e-06,-1e-06,-0.0,-0.000132,-0.005923,-0.006289,0.0,-0.004075,-0.003402,-0.010611,-0.01066,-0.0,-0.009644,-2e-06,-0.007901,-0.002669,0.0,-0.002648,-0.010957,-0.006345,-0.007098,-0.007396,-0.010691,-0.002771,-0.001033,-0.0013,-1e-06,-0.000527,-0.004317,-0.005113,-0.006353
2017-05-26 12:38:00+02:00,-0.0,0.0,-0.000251,-0.00666,-0.000245,-8e-06,-0.00163,-0.002884,-0.006075,-4.5e-05,-1e-06,-0.0,-0.006399,-0.006285,-0.002529,-0.009264,-7e-05,-0.0,-2e-05,-0.010427,0.0,-0.010309,-0.004874,-1e-06,-0.010129,-0.010692,-0.002552,0.0,-0.001299,-2.4e-05,-1e-06,-0.005772,0.0,-0.005291,-0.006129,-0.0,-0.000463,-0.004426,-0.0,-0.010987,-0.00268,-1e-06,-0.003691,0.0,-0.000192,-0.002041,-0.002379,-0.005271,-0.002891,0.0,-1e-06,-0.005657,-0.005367,-0.00632,-1e-06,0.0,-0.000145,-1e-06,0.0,-0.001607,-0.00564,-0.010665,-0.005861,0.0,-0.000294,-0.009851,-0.000924,-0.005574,0.0,-0.000859,-0.002387,-2.1e-05,-1e-06,-0.005789,-0.00616,0.0,-7.6e-05,-0.0,-0.003257,-0.0,-0.005463,-0.0,-0.002559,-0.010596,-8.4e-05,-9.5e-05,-0.006409,-1e-06,-1e-06,-0.0,-0.000106,-0.006001,-0.006384,0.0,-0.004072,-0.003266,-0.010795,-0.010849,-0.0,-0.009707,-2e-06,-0.007905,-0.002632,0.0,-0.002632,-0.011113,-0.006438,-0.007038,-0.007386,-0.010883,-0.002758,-0.00095,-0.001232,-1e-06,-0.000422,-0.004251,-0.005056,-0.00645
2017-05-26 12:39:00+02:00,-0.0,0.0,-0.0002,-0.00647,-0.000196,-6e-06,-0.001555,-0.002808,-0.005992,-3.6e-05,-1e-06,-0.0,-0.006179,-0.0061,-0.002414,-0.009069,-5.6e-05,-0.0,-1.6e-05,-0.010265,0.0,-0.010146,-0.004732,-0.0,-0.009957,-0.010541,-0.002475,0.0,-0.001204,-1.9e-05,-1e-06,-0.005676,0.0,-0.005182,-0.005985,-0.0,-0.00037,-0.004284,-0.0,-0.010554,-0.002605,-0.0,-0.003527,0.0,-0.000154,-0.001874,-0.002281,-0.005175,-0.00277,0.0,-1e-06,-0.005569,-0.005273,-0.0061,-1e-06,0.0,-0.000116,-1e-06,0.0,-0.001471,-0.005552,-0.010505,-0.005675,0.0,-0.000235,-0.009666,-0.000847,-0.005482,0.0,-0.000781,-0.002295,-1.7e-05,-1e-06,-0.00571,-0.005985,0.0,-6.1e-05,-0.0,-0.003119,-0.0,-0.005369,-0.0,-0.002393,-0.010418,-6.7e-05,-7.6e-05,-0.006191,-1e-06,-1e-06,-0.0,-8.5e-05,-0.005924,-0.006179,0.0,-0.003972,-0.003059,-0.010486,-0.010524,-0.0,-0.009497,-1e-06,-0.007704,-0.002539,0.0,-0.002557,-0.010545,-0.006227,-0.006801,-0.007185,-0.010554,-0.002683,-0.000853,-0.001143,-1e-06,-0.000337,-0.004081,-0.004874,-0.006258
2017-05-26 12:40:00+02:00,-0.0,0.0,-0.00016,-0.006025,-0.000157,-5e-06,-0.001407,-0.002621,-0.005674,-2.9e-05,-1e-06,-0.0,-0.005787,-0.005709,-0.002194,-0.008529,-4.5e-05,-0.0,-1.3e-05,-0.009707,0.0,-0.009592,-0.004405,-0.0,-0.0094,-0.009814,-0.002298,0.0,-0.001039,-1.5e-05,-0.0,-0.00536,0.0,-0.004875,-0.005598,-0.0,-0.000296,-0.003969,-0.0,-0.009821,-0.002425,-0.0,-0.0032,0.0,-0.000123,-0.001597,-0.002081,-0.004881,-0.002532,0.0,-1e-06,-0.005267,-0.004975,-0.005709,-0.0,0.0,-9.3e-05,-0.0,0.0,-0.00125,-0.00525,-0.009794,-0.005259,0.0,-0.000188,-0.009111,-0.00072,-0.00518,0.0,-0.000655,-0.0021,-1.4e-05,-1e-06,-0.00541,-0.005598,0.0,-4.9e-05,-0.0,-0.002844,-0.0,-0.005069,-0.0,-0.0021,-0.00971,-5.4e-05,-6.1e-05,-0.005794,-0.0,-1e-06,-0.0,-6.8e-05,-0.005616,-0.005787,0.0,-0.003715,-0.002706,-0.009764,-0.009797,-0.0,-0.008925,-1e-06,-0.007207,-0.002335,0.0,-0.002378,-0.009814,-0.005835,-0.006303,-0.006705,-0.009821,-0.002501,-0.000699,-0.000986,-1e-06,-0.00027,-0.003731,-0.004485,-0.005865
2017-05-26 12:41:00+02:00,-0.0,0.0,-0.000128,-0.005799,-0.000125,-4e-06,-0.00134,-0.002536,-0.005522,-2.3e-05,-1e-06,-0.0,-0.005955,-0.005878,-0.002082,-0.008264,-3.6e-05,-0.0,-1e-05,-0.009447,0.0,-0.009333,-0.004259,-0.0,-0.00914,-0.009585,-0.002217,0.0,-0.000952,-1.2e-05,-0.0,-0.005208,0.0,-0.004726,-0.00557,-0.0,-0.000237,-0.003828,-0.0,-0.009797,-0.002343,-0.0,-0.003037,0.0,-9.9e-05,-0.00145,-0.001976,-0.004733,-0.002408,0.0,-1e-06,-0.005119,-0.004826,-0.005878,-0.0,0.0,-7.4e-05,-0.0,0.0,-0.001149,-0.005101,-0.009568,-0.005048,0.0,-0.00015,-0.008842,-0.000662,-0.00503,0.0,-0.000597,-0.002001,-1.1e-05,-1e-06,-0.005267,-0.005713,0.0,-3.9e-05,-0.0,-0.00272,-0.0,-0.004917,-0.0,-0.001947,-0.009494,-4.3e-05,-4.9e-05,-0.005961,-0.0,-1e-06,-0.0,-5.4e-05,-0.005465,-0.005955,0.0,-0.003586,-0.002524,-0.00957,-0.009608,-0.0,-0.008654,-1e-06,-0.006957,-0.002231,0.0,-0.002296,-0.010126,-0.006002,-0.006052,-0.006463,-0.009636,-0.002418,-0.000616,-0.000906,-0.0,-0.000216,-0.003557,-0.004288,-0.006032
2017-05-26 12:42:00+02:00,-0.0,0.0,-0.000169,-0.006049,-0.000196,-3e-06,-0.001495,-0.002681,-0.005593,-1.8e-05,-0.0,-0.0,-0.005806,-0.005733,-0.002246,-0.008497,-2.9e-05,-0.0,-8e-06,-0.00954,0.0,-0.009443,-0.004499,-0.0,-0.009263,-0.009648,-0.002364,0.0,-0.001126,-1e-05,-0.0,-0.005336,0.0,-0.004881,-0.005581,-0.0,-0.000368,-0.004072,-0.0,-0.00982,-0.002493,-0.0,-0.003303,0.0,-0.000109,-0.001741,-0.002139,-0.004873,-0.002577,0.0,-1e-06,-0.005262,-0.004974,-0.005733,-0.0,0.0,-5.9e-05,-0.0,0.0,-0.00142,-0.005245,-0.009632,-0.005305,0.0,-0.000235,-0.009054,-0.000822,-0.00517,0.0,-0.000761,-0.002162,-9e-06,-0.0,-0.00536,-0.005628,0.0,-3.1e-05,-0.0,-0.002977,-0.0,-0.005067,-0.0,-0.002234,-0.009557,-3.4e-05,-3.9e-05,-0.005803,-0.0,-0.0,-0.0,-5e-05,-0.005542,-0.005806,0.0,-0.003731,-0.002815,-0.009626,-0.009663,-0.0,-0.008905,-1e-06,-0.007195,-0.002388,0.0,-0.002447,-0.009903,-0.005851,-0.006307,-0.006704,-0.009691,-0.002567,-0.000792,-0.001076,-0.0,-0.000413,-0.003819,-0.004553,-0.005879
2017-05-26 12:43:00+02:00,-0.0,0.0,-0.000135,-0.005766,-0.000157,-3e-06,-0.001389,-0.002547,-0.005396,-1.5e-05,-0.0,-0.0,-0.00588,-0.005807,-0.002102,-0.008155,-2.3e-05,-0.0,-7e-06,-0.009239,0.0,-0.009142,-0.004273,-0.0,-0.008933,-0.009352,-0.002237,0.0,-0.001017,-8e-06,-0.0,-0.005131,0.0,-0.004678,-0.005487,-0.0,-0.000295,-0.003854,-0.0,-0.00967,-0.002364,-0.0,-0.003109,0.0,-8.7e-05,-0.001559,-0.002006,-0.004692,-0.002419,0.0,-0.0,-0.005077,-0.004778,-0.005807,-0.0,0.0,-4.7e-05,-0.0,0.0,-0.001263,-0.005059,-0.009328,-0.00504,0.0,-0.000188,-0.008707,-0.000731,-0.004984,0.0,-0.00067,-0.002042,-7e-06,-0.0,-0.005187,-0.005658,0.0,-2.5e-05,-0.0,-0.002785,-0.0,-0.004867,-0.0,-0.002042,-0.009266,-2.7e-05,-3.1e-05,-0.005875,-0.0,-0.0,-0.0,-4e-05,-0.005352,-0.00588,0.0,-0.003565,-0.002586,-0.00936,-0.0094,-0.0,-0.00854,-1e-06,-0.006881,-0.002262,0.0,-0.002318,-0.010039,-0.005924,-0.005989,-0.0064,-0.009429,-0.002436,-0.000689,-0.000981,-0.0,-0.000331,-0.003611,-0.004304,-0.005953
2017-05-26 12:44:00+02:00,-0.0,0.0,-0.000108,-0.005956,-0.000125,-2e-06,-0.001479,-0.002641,-0.005545,-1.2e-05,-0.0,-0.0,-0.005998,-0.005926,-0.002204,-0.008365,-1.8e-05,-0.0,-5e-06,-0.009543,0.0,-0.009441,-0.004441,-0.0,-0.009192,-0.009637,-0.00233,0.0,-0.001114,-6e-06,-0.0,-0.005265,0.0,-0.004801,-0.00565,-0.0,-0.000288,-0.004019,-0.0,-0.00997,-0.002459,-0.0,-0.003312,0.0,-7e-05,-0.001726,-0.002106,-0.004831,-0.002523,0.0,-0.0,-0.005226,-0.004896,-0.005926,-0.0,0.0,-3.8e-05,-0.0,0.0,-0.001417,-0.005207,-0.00963,-0.005226,0.0,-0.000176,-0.008928,-0.000818,-0.005129,0.0,-0.000759,-0.002161,-6e-06,-0.0,-0.00535,-0.005787,0.0,-2e-05,-0.0,-0.002947,-0.0,-0.004986,-0.0,-0.002212,-0.009574,-2.2e-05,-2.5e-05,-0.005992,-0.0,-0.0,-0.0,-3.2e-05,-0.005491,-0.005998,0.0,-0.003674,-0.002762,-0.00967,-0.009715,-0.0,-0.008763,-0.0,-0.007077,-0.002381,0.0,-0.002413,-0.010264,-0.006041,-0.006181,-0.006593,-0.009748,-0.002531,-0.000784,-0.001092,-0.0,-0.000399,-0.003819,-0.004487,-0.00607
2017-05-26 12:45:00+02:00,-0.0,0.0,-8.6e-05,-0.006041,-0.0001,-2e-06,-0.001529,-0.00268,-0.005592,-9e-06,-0.0,-0.0,-0.00575,-0.005687,-0.002257,-0.008431,-1.5e-05,-0.0,-4e-06,-0.009619,0.0,-0.009533,-0.004515,-0.0,-0.009291,-0.009693,-0.002371,0.0,-0.001179,-5e-06,-0.0,-0.005306,0.0,-0.004837,-0.005593,-0.0,-0.000284,-0.004095,-0.0,-0.009921,-0.002501,-0.0,-0.003418,0.0,-5.6e-05,-0.001839,-0.002161,-0.004869,-0.002574,0.0,-0.0,-0.005266,-0.004932,-0.005687,-0.0,0.0,-3e-05,-0.0,0.0,-0.001515,-0.005248,-0.009685,-0.005315,0.0,-0.000162,-0.008995,-0.000874,-0.005167,0.0,-0.000817,-0.00222,-4e-06,-0.0,-0.005398,-0.005593,0.0,-1.6e-05,-0.0,-0.003032,-0.0,-0.005022,-0.0,-0.002323,-0.009627,-1.8e-05,-2e-05,-0.005733,-0.0,-0.0,-0.0,-2.5e-05,-0.005536,-0.00575,0.0,-0.003716,-0.002866,-0.00971,-0.009751,-0.0,-0.008829,-0.0,-0.00715,-0.002437,0.0,-0.002456,-0.009917,-0.005789,-0.006256,-0.006668,-0.009783,-0.002573,-0.000851,-0.001159,-0.0,-0.000446,-0.003919,-0.004579,-0.005817
2017-05-26 12:46:00+02:00,-0.0,0.0,-6.9e-05,-0.005307,-8e-05,-1e-06,-0.001305,-0.002343,-0.003521,-7e-06,-0.0,-0.0,-0.003487,-0.003451,-0.002002,-0.006144,-1.2e-05,-0.0,-3e-06,-0.006146,0.0,-0.006144,-0.003957,-0.0,-0.006127,-0.006144,-0.002064,0.0,-0.000975,-4e-06,-0.0,-0.003512,0.0,-0.003451,-0.003398,-0.0,-0.000228,-0.003575,-0.0,-0.006146,-0.002182,-0.0,-0.002933,0.0,-4.5e-05,-0.001509,-0.001859,-0.003503,-0.002286,0.0,-0.0,-0.003512,-0.003487,-0.003451,-0.0,0.0,-2.4e-05,-0.0,0.0,-0.001237,-0.003527,-0.006144,-0.004647,0.0,-0.000129,-0.006144,-0.000713,-0.003503,0.0,-0.00066,-0.001909,-4e-06,-0.0,-0.003451,-0.003398,0.0,-1.3e-05,-0.0,-0.002612,-0.0,-0.003527,-0.0,-0.001947,-0.006136,-1.4e-05,-1.6e-05,-0.003474,-0.0,-0.0,-0.0,-2e-05,-0.003512,-0.003487,0.0,-0.003263,-0.002524,-0.006139,-0.006143,-0.0,-0.006146,-0.0,-0.006144,-0.002104,0.0,-0.00214,-0.006144,-0.003512,-0.005598,-0.005867,-0.006146,-0.002246,-0.000681,-0.000958,-0.0,-0.000357,-0.003383,-0.00398,-0.003527
2017-05-26 12:47:00+02:00,-0.0,0.0,-5.5e-05,-0.00425,-6.4e-05,-1e-06,-0.001044,-0.001874,-0.002385,-6e-06,-0.0,-0.0,-0.002376,-0.002364,-0.001601,-0.004509,-9e-06,-0.0,-3e-06,-0.004509,0.0,-0.004509,-0.003165,-0.0,-0.004509,-0.004509,-0.001651,0.0,-0.00078,-3e-06,-0.0,-0.002383,0.0,-0.002364,-0.002349,-0.0,-0.000182,-0.00286,-0.0,-0.004509,-0.001745,-0.0,-0.002347,0.0,-3.6e-05,-0.001207,-0.001487,-0.002379,-0.001837,0.0,-0.0,-0.002383,-0.002376,-0.002364,-0.0,0.0,-1.9e-05,-0.0,0.0,-0.000989,-0.002388,-0.004509,-0.003717,0.0,-0.000103,-0.004509,-0.00057,-0.002379,0.0,-0.000528,-0.001528,-3e-06,-0.0,-0.002364,-0.002349,0.0,-1e-05,-0.0,-0.002089,-0.0,-0.002388,-0.0,-0.001558,-0.004509,-1.1e-05,-1.3e-05,-0.00237,-0.0,-0.0,-0.0,-1.6e-05,-0.002383,-0.002376,0.0,-0.002349,-0.002019,-0.004509,-0.004509,-0.0,-0.004509,-0.0,-0.004509,-0.001683,0.0,-0.001712,-0.004509,-0.002383,-0.004509,-0.004509,-0.004509,-0.001797,-0.000545,-0.000766,-0.0,-0.000285,-0.002706,-0.003184,-0.002388
2017-05-26 12:48:00+02:00,-0.0,0.0,-4.4e-05,-0.0034,-5.1e-05,-1e-06,-0.000835,-0.001499,-0.001916,-5e-06,-0.0,-0.0,-0.002119,-0.002043,-0.001281,-0.003607,-8e-06,-0.0,-2e-06,-0.003607,0.0,-0.003607,-0.002532,-0.0,-0.003616,-0.003607,-0.001321,0.0,-0.000624,-3e-06,-0.0,-0.001906,0.0,-0.001891,-0.001947,-0.0,-0.000146,-0.002288,-0.0,-0.003733,-0.001396,-0.0,-0.001877,0.0,-2.9e-05,-0.000966,-0.00119,-0.001903,-0.001469,0.0,-0.0,-0.001906,-0.0019,-0.002105,-0.0,0.0,-1.6e-05,-0.0,0.0,-0.000792,-0.00191,-0.003654,-0.002974,0.0,-8.3e-05,-0.003607,-0.000456,-0.001903,0.0,-0.000422,-0.001222,-2e-06,-0.0,-0.001891,-0.002002,0.0,-8e-06,-0.0,-0.001672,-0.0,-0.00191,-0.0,-0.001246,-0.003659,-9e-06,-1e-05,-0.002077,-0.0,-0.0,-0.0,-1.3e-05,-0.001906,-0.002093,0.0,-0.001879,-0.001615,-0.003607,-0.003607,-0.0,-0.003607,-0.0,-0.003607,-0.001346,0.0,-0.00137,-0.003978,-0.002113,-0.003607,-0.003607,-0.003607,-0.001438,-0.000436,-0.000613,-0.0,-0.000228,-0.002165,-0.002547,-0.00209
2017-05-26 12:49:00+02:00,-7.4e-05,0.0,-0.001365,-0.004495,-0.001339,-0.000779,-0.001707,-0.002248,-0.002588,-0.000671,-0.000356,-0.000132,-0.002741,-0.002669,-0.002042,-0.004671,-0.001046,-9e-05,-0.000859,-0.004671,0.0,-0.004669,-0.003806,-0.000257,-0.00466,-0.004671,-0.002096,0.0,-0.001554,-0.000577,-0.000254,-0.002578,0.0,-0.002547,-0.002575,-0.00012,-0.001826,-0.003612,-1e-05,-0.004772,-0.002176,-0.000255,-0.003282,0.0,-0.001266,-0.002558,-0.00199,-0.002571,-0.00223,0.0,-0.000419,-0.002578,-0.002566,-0.002718,-0.000241,0.0,-0.001213,-0.000314,0.0,-0.00228,-0.002587,-0.004707,-0.004159,0.0,-0.001428,-0.004671,-0.001322,-0.002571,0.0,-0.001303,-0.002036,-0.000593,-0.00041,-0.002547,-0.002619,0.0,-0.001124,-0.000171,-0.003122,-0.000248,-0.002587,-0.000226,-0.002777,-0.004702,-0.00106,-0.001107,-0.0027,-0.000251,-0.000396,-0.000108,-0.000745,-0.002578,-0.00272,0.0,-0.00252,-0.003078,-0.004662,-0.004667,-0.000205,-0.004671,-0.000457,-0.004669,-0.002126,0.0,-0.002156,-0.004968,-0.002743,-0.004667,-0.00467,-0.004671,-0.002209,-0.001385,-0.001546,-0.000359,-0.001613,-0.003517,-0.003823,-0.002731
2017-05-26 12:50:00+02:00,-6e-05,0.0,-0.001412,-0.004818,-0.00138,-0.000623,-0.001779,-0.00236,-0.003037,-0.000631,-0.000285,-0.000106,-0.003152,-0.003083,-0.002329,-0.005281,-0.00094,-7.2e-05,-0.000688,-0.005365,0.0,-0.005362,-0.003989,-0.000206,-0.005342,-0.005365,-0.002196,0.0,-0.001658,-0.000488,-0.000203,-0.003028,0.0,-0.002986,-0.002992,-9.6e-05,-0.002073,-0.003779,-8e-06,-0.005445,-0.002284,-0.000204,-0.003467,0.0,-0.00128,-0.002724,-0.002129,-0.002947,-0.002539,0.0,-0.000335,-0.003014,-0.002968,-0.003123,-0.000193,0.0,-0.001194,-0.000251,0.0,-0.00239,-0.00302,-0.005392,-0.004451,0.0,-0.001491,-0.005362,-0.001388,-0.00299,0.0,-0.001371,-0.002158,-0.000513,-0.000328,-0.002986,-0.003027,0.0,-0.001056,-0.000137,-0.003254,-0.000199,-0.003,-0.000181,-0.002961,-0.005381,-0.000969,-0.001029,-0.003111,-0.000201,-0.000317,-8.6e-05,-0.000749,-0.003028,-0.003135,0.0,-0.002756,-0.003516,-0.00535,-0.005358,-0.000164,-0.005365,-0.000366,-0.005105,-0.002253,0.0,-0.002262,-0.005602,-0.003161,-0.005259,-0.005038,-0.005365,-0.002319,-0.001482,-0.001628,-0.000288,-0.001693,-0.003718,-0.004087,-0.003156
2017-05-26 12:51:00+02:00,-4.8e-05,0.0,-0.00113,-0.004818,-0.001104,-0.000498,-0.001678,-0.002307,-0.003505,-0.000505,-0.000228,-8.5e-05,-0.003711,-0.003643,-0.00241,-0.005546,-0.000752,-5.7e-05,-0.00055,-0.005821,0.0,-0.005802,-0.003888,-0.000165,-0.006036,-0.005842,-0.00213,0.0,-0.00156,-0.000391,-0.000162,-0.00345,0.0,-0.003338,-0.003551,-7.7e-05,-0.001942,-0.00366,-7e-06,-0.006362,-0.002223,-0.000163,-0.003348,0.0,-0.001024,-0.002547,-0.002074,-0.003136,-0.002631,0.0,-0.000268,-0.003256,-0.003163,-0.003675,-0.000154,0.0,-0.000955,-0.000201,0.0,-0.002187,-0.003259,-0.006172,-0.004418,0.0,-0.001228,-0.005699,-0.001271,-0.003217,0.0,-0.001252,-0.002101,-0.000411,-0.000263,-0.003261,-0.003579,0.0,-0.000845,-0.00011,-0.003092,-0.000159,-0.003203,-0.000145,-0.002804,-0.006159,-0.000776,-0.000823,-0.003668,-0.000161,-0.000253,-6.9e-05,-0.000599,-0.003312,-0.003698,0.0,-0.002807,-0.003582,-0.005848,-0.005864,-0.000131,-0.005971,-0.000292,-0.005212,-0.002206,0.0,-0.002198,-0.006488,-0.003725,-0.005491,-0.005085,-0.005878,-0.002262,-0.001373,-0.001526,-0.00023,-0.001445,-0.00362,-0.004022,-0.003727
2017-05-26 12:52:00+02:00,-3.8e-05,0.0,-0.001357,-0.005654,-0.001301,-0.000399,-0.001955,-0.00269,-0.004134,-0.000501,-0.000182,-6.8e-05,-0.004292,-0.004225,-0.002918,-0.006684,-0.000714,-4.6e-05,-0.00044,-0.006903,0.0,-0.006883,-0.004528,-0.000132,-0.00703,-0.006921,-0.002484,0.0,-0.001842,-0.000325,-0.00013,-0.004089,0.0,-0.003981,-0.004132,-6.1e-05,-0.00235,-0.004259,-5e-06,-0.007337,-0.002593,-0.000131,-0.003943,0.0,-0.001173,-0.003009,-0.002443,-0.003832,-0.003173,0.0,-0.000215,-0.003934,-0.003853,-0.004251,-0.000124,0.0,-0.001065,-0.000161,0.0,-0.002577,-0.003943,-0.00718,-0.005188,0.0,-0.001478,-0.006806,-0.001499,-0.003897,0.0,-0.001478,-0.002477,-0.00034,-0.00021,-0.00392,-0.004155,0.0,-0.000836,-8.8e-05,-0.003599,-0.000127,-0.003898,-0.000116,-0.003306,-0.007146,-0.000749,-0.000835,-0.004246,-0.000128,-0.000203,-5.5e-05,-0.000682,-0.003979,-0.004281,0.0,-0.003349,-0.004342,-0.006898,-0.006924,-0.000105,-0.007024,-0.000234,-0.006206,-0.002599,0.0,-0.002562,-0.007437,-0.00431,-0.006578,-0.006001,-0.006949,-0.002638,-0.001628,-0.001803,-0.000184,-0.001725,-0.004264,-0.004731,-0.004318
2017-05-26 12:53:00+02:00,-3e-05,0.0,-0.001313,-0.00622,-0.001246,-0.000319,-0.002086,-0.002928,-0.004617,-0.000401,-0.000146,-5.4e-05,-0.004736,-0.004671,-0.003249,-0.00755,-0.000571,-3.7e-05,-0.000352,-0.007725,0.0,-0.007705,-0.004918,-0.000105,-0.007784,-0.00774,-0.002692,0.0,-0.001965,-0.00026,-0.000104,-0.004581,0.0,-0.004476,-0.004578,-4.9e-05,-0.00246,-0.004609,-4e-06,-0.008072,-0.002817,-0.000104,-0.004268,0.0,-0.001073,-0.003199,-0.002656,-0.004368,-0.003533,0.0,-0.000172,-0.004457,-0.004385,-0.004692,-9.9e-05,0.0,-0.000915,-0.000129,0.0,-0.002709,-0.004471,-0.007942,-0.005689,0.0,-0.001461,-0.007648,-0.001577,-0.00442,0.0,-0.001553,-0.002695,-0.000272,-0.000168,-0.004427,-0.004596,0.0,-0.000669,-7e-05,-0.003855,-0.000102,-0.004435,-9.2e-05,-0.003538,-0.007893,-0.000599,-0.000668,-0.004687,-0.000103,-0.000162,-4.4e-05,-0.000615,-0.004493,-0.004728,0.0,-0.003733,-0.00479,-0.007695,-0.007729,-8.4e-05,-0.007822,-0.000187,-0.006917,-0.002834,0.0,-0.002779,-0.008153,-0.004757,-0.007351,-0.00664,-0.007762,-0.002868,-0.001724,-0.001921,-0.000147,-0.001746,-0.004635,-0.005167,-0.00477
2017-05-26 12:54:00+02:00,-2.4e-05,0.0,-0.00105,-0.006288,-0.000997,-0.000255,-0.002001,-0.002921,-0.004999,-0.000321,-0.000117,-4.3e-05,-0.005089,-0.005025,-0.003286,-0.007877,-0.000457,-2.9e-05,-0.000282,-0.00834,0.0,-0.0083,-0.004898,-8.4e-05,-0.00838,-0.008363,-0.002665,0.0,-0.001851,-0.000208,-8.3e-05,-0.004972,0.0,-0.004854,-0.004931,-3.9e-05,-0.002189,-0.004559,-3e-06,-0.008652,-0.002798,-8.4e-05,-0.004176,0.0,-0.000859,-0.002992,-0.002608,-0.004584,-0.003585,0.0,-0.000137,-0.004754,-0.004604,-0.005041,-7.9e-05,0.0,-0.000732,-0.000103,0.0,-0.002497,-0.004761,-0.008544,-0.005707,0.0,-0.001168,-0.008084,-0.001454,-0.004694,0.0,-0.001424,-0.002657,-0.000218,-0.000134,-0.004773,-0.004946,0.0,-0.000535,-5.6e-05,-0.003734,-8.1e-05,-0.004662,-7.4e-05,-0.003364,-0.008483,-0.000479,-0.000535,-0.005036,-8.2e-05,-0.00013,-3.5e-05,-0.000492,-0.004836,-0.005082,0.0,-0.003814,-0.00476,-0.008323,-0.008363,-6.7e-05,-0.008451,-0.00015,-0.007087,-0.002811,0.0,-0.002756,-0.008716,-0.005112,-0.007558,-0.006757,-0.008404,-0.002854,-0.001589,-0.001811,-0.000118,-0.001449,-0.004576,-0.005137,-0.005129
2017-05-26 12:55:00+02:00,-2e-05,0.0,-0.00084,-0.006259,-0.000798,-0.000204,-0.001883,-0.002865,-0.00531,-0.000257,-9.3e-05,-3.5e-05,-0.005376,-0.005314,-0.003235,-0.00805,-0.000365,-2.3e-05,-0.000225,-0.008743,0.0,-0.008688,-0.0048,-6.7e-05,-0.008869,-0.008771,-0.002593,0.0,-0.001709,-0.000166,-6.7e-05,-0.005267,0.0,-0.005068,-0.00522,-3.1e-05,-0.001844,-0.004436,-3e-06,-0.009128,-0.002732,-6.7e-05,-0.004025,0.0,-0.000687,-0.002743,-0.002519,-0.004705,-0.003541,0.0,-0.00011,-0.004938,-0.004725,-0.005327,-6.3e-05,0.0,-0.000586,-8.2e-05,0.0,-0.002241,-0.00494,-0.009038,-0.005638,0.0,-0.000935,-0.008343,-0.001305,-0.00486,0.0,-0.001268,-0.002579,-0.000174,-0.000108,-0.004998,-0.005232,0.0,-0.000428,-4.5e-05,-0.003552,-6.5e-05,-0.004789,-5.9e-05,-0.003142,-0.008968,-0.000383,-0.000428,-0.005319,-6.6e-05,-0.000104,-2.8e-05,-0.000394,-0.005054,-0.00537,0.0,-0.003828,-0.0046,-0.008755,-0.008805,-5.4e-05,-0.00887,-0.00012,-0.007138,-0.002745,0.0,-0.002685,-0.00918,-0.005401,-0.007582,-0.006765,-0.008853,-0.002792,-0.001431,-0.001674,-9.4e-05,-0.00116,-0.00445,-0.005029,-0.005422
2017-05-26 12:56:00+02:00,-1.6e-05,0.0,-0.000672,-0.006269,-0.000638,-0.000163,-0.001793,-0.002828,-0.005565,-0.000205,-7.5e-05,-2.8e-05,-0.005614,-0.005553,-0.003176,-0.008225,-0.000292,-1.9e-05,-0.00018,-0.009131,0.0,-0.009063,-0.004735,-5.4e-05,-0.009272,-0.009134,-0.002543,0.0,-0.001612,-0.000133,-5.3e-05,-0.005485,0.0,-0.00522,-0.00546,-2.5e-05,-0.001534,-0.004348,-2e-06,-0.009521,-0.002686,-5.3e-05,-0.003958,0.0,-0.00055,-0.002572,-0.002467,-0.004839,-0.003487,0.0,-8.8e-05,-0.005124,-0.004844,-0.005564,-5.1e-05,0.0,-0.000468,-6.6e-05,0.0,-0.002043,-0.005121,-0.009446,-0.005616,0.0,-0.000748,-0.008587,-0.001189,-0.005031,0.0,-0.001147,-0.002551,-0.000139,-8.6e-05,-0.005216,-0.005469,0.0,-0.000343,-3.6e-05,-0.003416,-5.2e-05,-0.004913,-4.7e-05,-0.002993,-0.009369,-0.000307,-0.000342,-0.005553,-5.3e-05,-8.3e-05,-2.3e-05,-0.000315,-0.005251,-0.005609,0.0,-0.003861,-0.00444,-0.009137,-0.009194,-4.3e-05,-0.009171,-9.6e-05,-0.007213,-0.002729,0.0,-0.002637,-0.009564,-0.005641,-0.007566,-0.006806,-0.009251,-0.00275,-0.00132,-0.001591,-7.5e-05,-0.000928,-0.004407,-0.004974,-0.005664
2017-05-26 12:57:00+02:00,-1.2e-05,0.0,-0.000538,-0.006222,-0.000511,-0.000131,-0.001707,-0.002785,-0.005742,-0.000164,-6e-05,-2.2e-05,-0.005798,-0.005739,-0.003088,-0.008307,-0.000234,-1.5e-05,-0.000144,-0.009384,0.0,-0.009308,-0.00466,-4.3e-05,-0.009532,-0.009365,-0.002489,0.0,-0.001505,-0.000106,-4.3e-05,-0.005612,0.0,-0.005296,-0.005647,-2e-05,-0.001227,-0.004255,-2e-06,-0.009823,-0.002637,-4.3e-05,-0.003856,0.0,-0.00044,-0.002386,-0.002395,-0.004914,-0.003401,0.0,-7e-05,-0.005241,-0.004905,-0.005748,-4e-05,0.0,-0.000375,-5.3e-05,0.0,-0.001859,-0.005235,-0.00976,-0.005545,0.0,-0.000598,-0.008724,-0.001082,-0.005135,0.0,-0.001036,-0.0025,-0.000111,-6.9e-05,-0.00536,-0.005654,0.0,-0.000274,-2.9e-05,-0.003283,-4.2e-05,-0.004979,-3.8e-05,-0.002825,-0.009677,-0.000245,-0.000274,-0.005733,-4.2e-05,-6.6e-05,-1.8e-05,-0.000252,-0.005375,-0.005795,0.0,-0.003855,-0.004242,-0.009382,-0.009446,-3.4e-05,-0.009331,-7.7e-05,-0.007217,-0.002686,0.0,-0.002584,-0.009858,-0.005826,-0.007477,-0.006782,-0.009508,-0.002704,-0.001202,-0.001495,-6e-05,-0.000742,-0.004324,-0.004878,-0.005852
2017-05-26 12:58:00+02:00,-1e-05,0.0,-0.00043,-0.006145,-0.000408,-0.000104,-0.00163,-0.002742,-0.005875,-0.000131,-4.8e-05,-1.8e-05,-0.005946,-0.005888,-0.003012,-0.008326,-0.000187,-1.2e-05,-0.000115,-0.00955,0.0,-0.009467,-0.004586,-3.4e-05,-0.009729,-0.009501,-0.002437,0.0,-0.001401,-8.5e-05,-3.4e-05,-0.005706,0.0,-0.00535,-0.005797,-1.6e-05,-0.000982,-0.004167,-1e-06,-0.010066,-0.002589,-3.4e-05,-0.003752,0.0,-0.000352,-0.002205,-0.002315,-0.004954,-0.003327,0.0,-5.6e-05,-0.005313,-0.004927,-0.005895,-3.2e-05,0.0,-0.0003,-4.2e-05,0.0,-0.001699,-0.005305,-0.010013,-0.005449,0.0,-0.000479,-0.008787,-0.000988,-0.005197,0.0,-0.000939,-0.002445,-8.9e-05,-5.5e-05,-0.005453,-0.005803,0.0,-0.000219,-2.3e-05,-0.003164,-3.3e-05,-0.005003,-3e-05,-0.002658,-0.009927,-0.000196,-0.000219,-0.005875,-3.4e-05,-5.3e-05,-1.4e-05,-0.000201,-0.005444,-0.005943,0.0,-0.003827,-0.004075,-0.00953,-0.009597,-2.8e-05,-0.009447,-6.1e-05,-0.007178,-0.002638,0.0,-0.002533,-0.010095,-0.005974,-0.007397,-0.00672,-0.009664,-0.002658,-0.001089,-0.001407,-4.8e-05,-0.000594,-0.004234,-0.004764,-0.006001
2017-05-26 12:59:00+02:00,-8e-06,0.0,-0.000344,-0.006098,-0.000327,-8.4e-05,-0.001575,-0.002714,-0.005972,-0.000105,-3.8e-05,-1.4e-05,-0.00606,-0.006004,-0.002949,-0.008354,-0.00015,-1e-05,-9.2e-05,-0.009672,0.0,-0.009585,-0.004539,-2.8e-05,-0.009875,-0.009619,-0.002402,0.0,-0.001326,-6.8e-05,-2.7e-05,-0.005774,0.0,-0.005387,-0.005914,-1.3e-05,-0.000786,-0.004108,-1e-06,-0.010254,-0.002557,-2.7e-05,-0.003668,0.0,-0.000281,-0.002074,-0.00226,-0.00498,-0.003263,0.0,-4.5e-05,-0.005365,-0.004951,-0.006009,-2.6e-05,0.0,-0.00024,-3.4e-05,0.0,-0.001583,-0.005355,-0.01021,-0.005387,0.0,-0.000383,-0.008847,-0.00092,-0.00524,0.0,-0.000868,-0.002399,-7.1e-05,-4.4e-05,-0.005522,-0.005919,0.0,-0.000175,-1.8e-05,-0.00308,-2.7e-05,-0.005029,-2.4e-05,-0.002538,-0.010121,-0.000157,-0.000175,-0.005985,-2.7e-05,-4.3e-05,-1.2e-05,-0.000161,-0.005505,-0.006058,0.0,-0.003812,-0.003937,-0.009655,-0.009727,-2.2e-05,-0.009528,-4.9e-05,-0.007159,-0.002597,0.0,-0.002499,-0.010278,-0.006089,-0.007325,-0.006684,-0.009798,-0.002628,-0.001007,-0.001337,-3.9e-05,-0.000475,-0.00416,-0.004686,-0.006118
2017-05-26 13:00:00+02:00,-6e-06,0.0,-0.000275,-0.006049,-0.000261,-6.7e-05,-0.001522,-0.00268,-0.006022,-8.4e-05,-3.1e-05,-1.1e-05,-0.006148,-0.006093,-0.002879,-0.008362,-0.00012,-8e-06,-7.4e-05,-0.009747,0.0,-0.009657,-0.004482,-2.2e-05,-0.009949,-0.009697,-0.002363,0.0,-0.00126,-5.4e-05,-2.2e-05,-0.005801,0.0,-0.005391,-0.006004,-1e-05,-0.000628,-0.004042,-1e-06,-0.010398,-0.002521,-2.2e-05,-0.003588,0.0,-0.000225,-0.001961,-0.002209,-0.004988,-0.003191,0.0,-3.6e-05,-0.005393,-0.004962,-0.006097,-2.1e-05,0.0,-0.000192,-2.7e-05,0.0,-0.001476,-0.005382,-0.010349,-0.005326,0.0,-0.000306,-0.008882,-0.000857,-0.005261,0.0,-0.000803,-0.002355,-5.7e-05,-3.5e-05,-0.005563,-0.006008,0.0,-0.00014,-1.5e-05,-0.002996,-2.1e-05,-0.005042,-1.9e-05,-0.002433,-0.010271,-0.000126,-0.00014,-0.006067,-2.2e-05,-3.4e-05,-9e-06,-0.000129,-0.005545,-0.006146,0.0,-0.003793,-0.003795,-0.00974,-0.009815,-1.8e-05,-0.009549,-3.9e-05,-0.007132,-0.002556,0.0,-0.00246,-0.010419,-0.006177,-0.007229,-0.006644,-0.009888,-0.002592,-0.000937,-0.001274,-3.1e-05,-0.00038,-0.004087,-0.004614,-0.006207
2017-05-26 13:01:00+02:00,-5e-06,0.0,-0.00022,-0.006072,-0.000209,-5.4e-05,-0.001479,-0.002654,-0.006054,-6.7e-05,-2.4e-05,-9e-06,-0.006227,-0.006173,-0.002815,-0.008434,-9.6e-05,-6e-06,-5.9e-05,-0.009696,0.0,-0.009603,-0.004442,-1.8e-05,-0.010002,-0.009827,-0.002332,0.0,-0.001228,-4.4e-05,-1.7e-05,-0.005815,0.0,-0.005387,-0.006086,-8e-06,-0.000503,-0.003993,-1e-06,-0.010534,-0.002493,-1.8e-05,-0.003409,0.0,-0.00018,-0.001906,-0.002195,-0.004924,-0.003125,0.0,-2.9e-05,-0.005347,-0.005007,-0.006177,-1.7e-05,0.0,-0.000154,-2.2e-05,0.0,-0.001391,-0.005333,-0.010452,-0.00534,0.0,-0.000245,-0.008975,-0.000807,-0.005209,0.0,-0.000751,-0.002249,-4.6e-05,-2.8e-05,-0.005529,-0.006089,0.0,-0.000112,-1.2e-05,-0.002931,-1.7e-05,-0.005088,-1.6e-05,-0.002388,-0.010386,-0.0001,-0.000112,-0.006142,-1.7e-05,-2.7e-05,-7e-06,-0.000103,-0.005614,-0.006225,0.0,-0.003814,-0.003669,-0.009874,-0.009951,-1.4e-05,-0.009558,-3.1e-05,-0.007175,-0.002452,0.0,-0.00243,-0.010553,-0.006256,-0.007141,-0.006675,-0.010027,-0.002566,-0.000899,-0.001156,-2.5e-05,-0.000304,-0.003912,-0.004611,-0.006287
2017-05-26 13:02:00+02:00,-4e-06,0.0,-0.000176,-0.006033,-0.000167,-4.3e-05,-0.001446,-0.002626,-0.006042,-5.4e-05,-2e-05,-7e-06,-0.006237,-0.006184,-0.002748,-0.008411,-7.7e-05,-5e-06,-4.7e-05,-0.009595,0.0,-0.009502,-0.004394,-1.4e-05,-0.009973,-0.009837,-0.002302,0.0,-0.001192,-3.5e-05,-1.4e-05,-0.005792,0.0,-0.005351,-0.006099,-7e-06,-0.000402,-0.003942,-1e-06,-0.010538,-0.002465,-1.4e-05,-0.003257,0.0,-0.000144,-0.001843,-0.002165,-0.00485,-0.003055,0.0,-2.3e-05,-0.005284,-0.005001,-0.006187,-1.3e-05,0.0,-0.000123,-1.7e-05,0.0,-0.001332,-0.00527,-0.010453,-0.005299,0.0,-0.000196,-0.008964,-0.000772,-0.005142,0.0,-0.000716,-0.00216,-3.7e-05,-2.3e-05,-0.005474,-0.006101,0.0,-9e-05,-9e-06,-0.002875,-1.4e-05,-0.005083,-1.2e-05,-0.002328,-0.010397,-8e-05,-9e-05,-0.006146,-1.4e-05,-2.2e-05,-6e-06,-8.3e-05,-0.005622,-0.006235,0.0,-0.003798,-0.003547,-0.009888,-0.009966,-1.1e-05,-0.009495,-2.5e-05,-0.00714,-0.002362,0.0,-0.002401,-0.010555,-0.006266,-0.007021,-0.006635,-0.010043,-0.002538,-0.000862,-0.001065,-2e-05,-0.000243,-0.003758,-0.004565,-0.006298
2017-05-26 13:03:00+02:00,-3e-06,0.0,-0.000141,-0.005922,-0.000134,-3.4e-05,-0.001373,-0.002555,-0.005973,-4.3e-05,-1.6e-05,-6e-06,-0.006294,-0.006243,-0.002648,-0.008307,-6.1e-05,-4e-06,-3.8e-05,-0.009413,0.0,-0.009319,-0.004276,-1.1e-05,-0.009857,-0.009755,-0.002231,0.0,-0.001119,-2.8e-05,-1.1e-05,-0.005714,0.0,-0.005266,-0.006156,-5e-06,-0.000322,-0.003822,-0.0,-0.010633,-0.002394,-1.1e-05,-0.003044,0.0,-0.000115,-0.001719,-0.002095,-0.004729,-0.002949,0.0,-1.8e-05,-0.00517,-0.004942,-0.006245,-1.1e-05,0.0,-9.8e-05,-1.4e-05,0.0,-0.001208,-0.005154,-0.010359,-0.005188,0.0,-0.000157,-0.008868,-0.0007,-0.005025,0.0,-0.000642,-0.002032,-2.9e-05,-1.8e-05,-0.005367,-0.006161,0.0,-7.2e-05,-8e-06,-0.002753,-1.1e-05,-0.005024,-1e-05,-0.002207,-0.010311,-6.4e-05,-7.2e-05,-0.006198,-1.1e-05,-1.7e-05,-5e-06,-6.6e-05,-0.005571,-0.006293,0.0,-0.003736,-0.003372,-0.009807,-0.009886,-9e-06,-0.009354,-2e-05,-0.00703,-0.002234,0.0,-0.002329,-0.010648,-0.006323,-0.00684,-0.006521,-0.009965,-0.002467,-0.000788,-0.000938,-1.6e-05,-0.000195,-0.003544,-0.00445,-0.006355
2017-05-26 13:04:00+02:00,-3e-06,0.0,-0.000113,-0.006047,-0.000107,-2.7e-05,-0.001406,-0.002601,-0.006059,-3.4e-05,-1.3e-05,-5e-06,-0.006343,-0.006294,-0.002676,-0.008466,-4.9e-05,-3e-06,-3e-05,-0.009526,0.0,-0.009431,-0.004359,-9e-06,-0.010004,-0.009948,-0.002272,0.0,-0.00116,-2.2e-05,-9e-06,-0.005791,0.0,-0.005333,-0.006209,-4e-06,-0.000282,-0.003896,-0.0,-0.010718,-0.00244,-9e-06,-0.003059,0.0,-9.2e-05,-0.001789,-0.002148,-0.004773,-0.002977,0.0,-1.5e-05,-0.005227,-0.005037,-0.006296,-8e-06,0.0,-7.9e-05,-1.1e-05,0.0,-0.001255,-0.00521,-0.010499,-0.005306,0.0,-0.000125,-0.009039,-0.000726,-0.005076,0.0,-0.000669,-0.002041,-2.3e-05,-1.4e-05,-0.005432,-0.006213,0.0,-5.7e-05,-6e-06,-0.002816,-9e-06,-0.005119,-8e-06,-0.002284,-0.010443,-5.1e-05,-5.7e-05,-0.006242,-9e-06,-1.4e-05,-4e-06,-5.3e-05,-0.00568,-0.006343,0.0,-0.003814,-0.003408,-0.009998,-0.01008,-7e-06,-0.009476,-1.6e-05,-0.007169,-0.002245,0.0,-0.002373,-0.010733,-0.006373,-0.006904,-0.006651,-0.010163,-0.002514,-0.000826,-0.000937,-1.3e-05,-0.000161,-0.003563,-0.004556,-0.006405
2017-05-26 13:05:00+02:00,-2e-06,0.0,-9e-05,-0.006113,-8.6e-05,-2.2e-05,-0.001412,-0.002619,-0.006128,-2.8e-05,-1e-05,-4e-06,-0.006392,-0.006344,-0.002687,-0.008564,-3.9e-05,-3e-06,-2.4e-05,-0.009604,0.0,-0.009508,-0.004399,-7e-06,-0.010136,-0.010078,-0.002287,0.0,-0.001164,-1.8e-05,-7e-06,-0.005851,0.0,-0.005383,-0.006262,-3e-06,-0.000226,-0.003929,-0.0,-0.010815,-0.002457,-7e-06,-0.003036,0.0,-7.4e-05,-0.001797,-0.002163,-0.004791,-0.002987,0.0,-1.2e-05,-0.005256,-0.005089,-0.006345,-7e-06,0.0,-6.3e-05,-9e-06,0.0,-0.001255,-0.005237,-0.01064,-0.005363,0.0,-0.0001,-0.00915,-0.000725,-0.0051,0.0,-0.000667,-0.002027,-1.9e-05,-1.2e-05,-0.005468,-0.006265,0.0,-4.6e-05,-5e-06,-0.002835,-7e-06,-0.005172,-6e-06,-0.002298,-0.010579,-4.1e-05,-4.6e-05,-0.006286,-7e-06,-1.1e-05,-3e-06,-4.2e-05,-0.005744,-0.006391,0.0,-0.003853,-0.003415,-0.010129,-0.010212,-6e-06,-0.009581,-1.3e-05,-0.007248,-0.002232,0.0,-0.002389,-0.010829,-0.006421,-0.006949,-0.006722,-0.010298,-0.002532,-0.000826,-0.000912,-1e-05,-0.000129,-0.003545,-0.004602,-0.006453
2017-05-26 13:06:00+02:00,-2e-06,0.0,-7.2e-05,-0.006212,-6.9e-05,-1.8e-05,-0.001418,-0.002642,-0.006213,-2.2e-05,-8e-06,-3e-06,-0.006454,-0.006408,-0.002706,-0.008707,-3.1e-05,-2e-06,-1.9e-05,-0.009732,0.0,-0.009635,-0.004452,-6e-06,-0.010311,-0.01026,-0.002305,0.0,-0.001173,-1.4e-05,-6e-06,-0.005928,0.0,-0.005451,-0.006329,-3e-06,-0.000181,-0.003972,-0.0,-0.01095,-0.002478,-6e-06,-0.003036,0.0,-5.9e-05,-0.001814,-0.002187,-0.00483,-0.003006,0.0,-9e-06,-0.005306,-0.005161,-0.00641,-5e-06,0.0,-5e-05,-7e-06,0.0,-0.001254,-0.005285,-0.010811,-0.005448,0.0,-8e-05,-0.009307,-0.000722,-0.005146,0.0,-0.000662,-0.002024,-1.5e-05,-9e-06,-0.005526,-0.006332,0.0,-3.7e-05,-4e-06,-0.00286,-6e-06,-0.005243,-5e-06,-0.002326,-0.010745,-3.3e-05,-3.7e-05,-0.006345,-6e-06,-9e-06,-2e-06,-3.4e-05,-0.00583,-0.006454,0.0,-0.003908,-0.003437,-0.010311,-0.010396,-5e-06,-0.009729,-1e-05,-0.007366,-0.002232,0.0,-0.002408,-0.010964,-0.006483,-0.007028,-0.006828,-0.010485,-0.002554,-0.000829,-0.000893,-8e-06,-0.000103,-0.003553,-0.004672,-0.006514
2017-05-26 13:07:00+02:00,-1e-06,0.0,-5.8e-05,-0.006345,-5.5e-05,-1.4e-05,-0.00143,-0.002674,-0.006307,-1.8e-05,-6e-06,-2e-06,-0.006502,-0.006458,-0.002734,-0.008887,-2.5e-05,-2e-06,-1.5e-05,-0.009921,0.0,-0.009824,-0.004515,-5e-06,-0.010494,-0.010479,-0.002331,0.0,-0.001201,-1.1e-05,-5e-06,-0.006017,0.0,-0.00553,-0.006381,-2e-06,-0.000144,-0.004025,-0.0,-0.011048,-0.002507,-5e-06,-0.003094,0.0,-4.7e-05,-0.001863,-0.002232,-0.00491,-0.003035,0.0,-8e-06,-0.005397,-0.00526,-0.006459,-4e-06,0.0,-4e-05,-6e-06,0.0,-0.001262,-0.005376,-0.010938,-0.005568,0.0,-6.4e-05,-0.009502,-0.000725,-0.005233,0.0,-0.000664,-0.002059,-1.2e-05,-7e-06,-0.005626,-0.006383,0.0,-2.9e-05,-3e-06,-0.002894,-4e-06,-0.005342,-4e-06,-0.002385,-0.010869,-2.6e-05,-2.9e-05,-0.006389,-5e-06,-7e-06,-2e-06,-2.7e-05,-0.005943,-0.006502,0.0,-0.003987,-0.003468,-0.010502,-0.010586,-4e-06,-0.009887,-8e-06,-0.007521,-0.00227,0.0,-0.002436,-0.011062,-0.00653,-0.007119,-0.00697,-0.010676,-0.002584,-0.000851,-0.000905,-6e-06,-8.3e-05,-0.003622,-0.004776,-0.00656
2017-05-26 13:08:00+02:00,-1e-06,0.0,-4.6e-05,-0.006358,-4.4e-05,-1.1e-05,-0.001397,-0.002649,-0.006305,-1.4e-05,-5e-06,-2e-06,-0.006518,-0.006475,-0.002699,-0.008925,-2e-05,-1e-06,-1.2e-05,-0.009978,0.0,-0.009881,-0.004485,-4e-06,-0.010519,-0.010538,-0.002304,0.0,-0.001177,-9e-06,-4e-06,-0.006011,0.0,-0.00552,-0.006401,-2e-06,-0.000116,-0.003989,-0.0,-0.011096,-0.002481,-4e-06,-0.003077,0.0,-3.8e-05,-0.001825,-0.002217,-0.004919,-0.002998,0.0,-6e-06,-0.005414,-0.005272,-0.006476,-3e-06,0.0,-3.2e-05,-5e-06,0.0,-0.0012,-0.00539,-0.010998,-0.005572,0.0,-5.1e-05,-0.009548,-0.000688,-0.005245,0.0,-0.000626,-0.002046,-1e-05,-6e-06,-0.005648,-0.006403,0.0,-2.4e-05,-2e-06,-0.002847,-4e-06,-0.005354,-3e-06,-0.002354,-0.01094,-2.1e-05,-2.4e-05,-0.006401,-4e-06,-6e-06,-2e-06,-2.2e-05,-0.005963,-0.006518,0.0,-0.003991,-0.003401,-0.01057,-0.010655,-3e-06,-0.009891,-7e-06,-0.007544,-0.00226,0.0,-0.002409,-0.01111,-0.006546,-0.007085,-0.006986,-0.010745,-0.002559,-0.000824,-0.000881,-5e-06,-6.6e-05,-0.00361,-0.00477,-0.006574
2017-05-26 13:09:00+02:00,-1e-06,0.0,-3.7e-05,-0.006334,-3.5e-05,-9e-06,-0.001355,-0.002611,-0.006259,-1.1e-05,-4e-06,-2e-06,-0.006534,-0.006493,-0.00264,-0.008916,-1.6e-05,-1e-06,-1e-05,-0.009931,0.0,-0.009835,-0.004438,-3e-06,-0.010487,-0.010545,-0.002265,0.0,-0.001137,-7e-06,-3e-06,-0.005962,0.0,-0.005469,-0.006422,-1e-06,-9.2e-05,-0.003937,-0.0,-0.011164,-0.002441,-3e-06,-0.003001,0.0,-3e-05,-0.001762,-0.002182,-0.004865,-0.002935,0.0,-5e-06,-0.005362,-0.00525,-0.006494,-3e-06,0.0,-2.6e-05,-4e-06,0.0,-0.001128,-0.005337,-0.010988,-0.005541,0.0,-4.1e-05,-0.009545,-0.000644,-0.005192,0.0,-0.000581,-0.001994,-8e-06,-5e-06,-0.005601,-0.006424,0.0,-1.9e-05,-2e-06,-0.002786,-3e-06,-0.005329,-3e-06,-0.002296,-0.010944,-1.7e-05,-1.9e-05,-0.006414,-3e-06,-5e-06,-1e-06,-1.7e-05,-0.005944,-0.006534,0.0,-0.003966,-0.003303,-0.010587,-0.010671,-2e-06,-0.009839,-5e-06,-0.007525,-0.002209,0.0,-0.002369,-0.011177,-0.006562,-0.007009,-0.006963,-0.01076,-0.00252,-0.000783,-0.000826,-4e-06,-5.3e-05,-0.003536,-0.00473,-0.006588
2017-05-26 13:10:00+02:00,-1e-06,0.0,-3e-05,-0.006039,-2.8e-05,-7e-06,-0.001282,-0.002477,-0.004899,-9e-06,-3e-06,-1e-06,-0.004914,-0.004882,-0.00249,-0.008472,-1.3e-05,-1e-06,-8e-06,-0.008468,0.0,-0.008472,-0.004221,-2e-06,-0.008435,-0.008472,-0.002148,0.0,-0.001076,-6e-06,-2e-06,-0.004938,0.0,-0.004882,-0.00483,-1e-06,-7.4e-05,-0.003745,-0.0,-0.008468,-0.002316,-2e-06,-0.002822,0.0,-2.4e-05,-0.00167,-0.002071,-0.0046,-0.00277,0.0,-4e-06,-0.004938,-0.004914,-0.004882,-2e-06,0.0,-2.1e-05,-3e-06,0.0,-0.001063,-0.004948,-0.008472,-0.005279,0.0,-3.3e-05,-0.008472,-0.000605,-0.004855,0.0,-0.000545,-0.001875,-6e-06,-4e-06,-0.004882,-0.00483,0.0,-1.5e-05,-2e-06,-0.002645,-2e-06,-0.004948,-2e-06,-0.00218,-0.008455,-1.3e-05,-1.5e-05,-0.00479,-2e-06,-4e-06,-1e-06,-1.4e-05,-0.004938,-0.004914,0.0,-0.003774,-0.00311,-0.008423,-0.008444,-2e-06,-0.008468,-4e-06,-0.007171,-0.002079,0.0,-0.002248,-0.008472,-0.004938,-0.006646,-0.006636,-0.008468,-0.002392,-0.000738,-0.000763,-3e-06,-4.2e-05,-0.003332,-0.004503,-0.004948
2017-05-26 13:11:00+02:00,-1e-06,0.0,-2.4e-05,-0.004772,-2.2e-05,-6e-06,-0.001049,-0.002078,-0.002582,-7e-06,-3e-06,-1e-06,-0.002589,-0.002578,-0.002098,-0.00477,-1e-05,-1e-06,-6e-06,-0.00477,0.0,-0.00477,-0.003553,-2e-06,-0.00477,-0.00477,-0.001795,0.0,-0.000868,-5e-06,-2e-06,-0.002597,0.0,-0.002578,-0.002561,-1e-06,-5.9e-05,-0.003141,-0.0,-0.00477,-0.001938,-2e-06,-0.002313,0.0,-1.9e-05,-0.001337,-0.001726,-0.002567,-0.002337,0.0,-3e-06,-0.002597,-0.002589,-0.002578,-2e-06,0.0,-1.6e-05,-2e-06,0.0,-0.000851,-0.002599,-0.00477,-0.004463,0.0,-2.6e-05,-0.00477,-0.000484,-0.002567,0.0,-0.000436,-0.001543,-5e-06,-3e-06,-0.002578,-0.002561,0.0,-1.2e-05,-1e-06,-0.002188,-2e-06,-0.002599,-2e-06,-0.00178,-0.004772,-1.1e-05,-1.2e-05,-0.002546,-2e-06,-3e-06,-1e-06,-1.1e-05,-0.002597,-0.002589,0.0,-0.002561,-0.002604,-0.00477,-0.00477,-2e-06,-0.00477,-3e-06,-0.00477,-0.001719,0.0,-0.00188,-0.00477,-0.002597,-0.00477,-0.004772,-0.00477,-0.002003,-0.000591,-0.00061,-3e-06,-3.4e-05,-0.002753,-0.00379,-0.002599
2017-05-26 13:12:00+02:00,-0.0,0.0,-1.9e-05,-0.003818,-1.8e-05,-5e-06,-0.000839,-0.001662,-0.002115,-6e-06,-2e-06,-1e-06,-0.002274,-0.002216,-0.001679,-0.003816,-8e-06,-1e-06,-5e-06,-0.003816,0.0,-0.003816,-0.002842,-2e-06,-0.003896,-0.003843,-0.001436,0.0,-0.000694,-4e-06,-1e-06,-0.002109,0.0,-0.002071,-0.00214,-1e-06,-4.7e-05,-0.002513,-0.0,-0.003977,-0.00155,-2e-06,-0.001851,0.0,-1.5e-05,-0.00107,-0.00138,-0.002054,-0.00187,0.0,-2e-06,-0.002078,-0.002071,-0.002261,-1e-06,0.0,-1.3e-05,-2e-06,0.0,-0.000681,-0.002079,-0.003921,-0.00357,0.0,-2.1e-05,-0.003816,-0.000387,-0.002054,0.0,-0.000349,-0.001234,-4e-06,-2e-06,-0.002062,-0.002181,0.0,-1e-05,-1e-06,-0.00175,-1e-06,-0.002079,-1e-06,-0.001424,-0.003925,-9e-06,-1e-05,-0.002207,-1e-06,-2e-06,-1e-06,-9e-06,-0.00208,-0.002255,0.0,-0.002049,-0.002083,-0.003855,-0.003856,-1e-06,-0.003854,-3e-06,-0.003816,-0.001375,0.0,-0.001504,-0.004154,-0.002271,-0.003816,-0.003818,-0.003857,-0.001603,-0.000472,-0.000488,-2e-06,-2.7e-05,-0.002202,-0.003032,-0.002253
2017-05-26 13:13:00+02:00,-0.0,0.0,-0.000539,-0.004736,-0.000588,-5.5e-05,-0.001262,-0.00209,-0.003042,-0.00026,-2e-06,-1e-06,-0.003174,-0.003121,-0.002278,-0.005103,-0.000274,-0.0,-0.000121,-0.005166,0.0,-0.005155,-0.003581,-1e-06,-0.005407,-0.00536,-0.001857,0.0,-0.001182,-0.000124,-1e-06,-0.003048,0.0,-0.003005,-0.00305,-1e-06,-0.000953,-0.003243,-0.0,-0.005497,-0.001985,-1e-06,-0.002611,0.0,-0.000538,-0.001907,-0.001864,-0.002735,-0.002476,0.0,-2e-06,-0.002836,-0.00286,-0.003157,-1e-06,0.0,-0.000415,-1e-06,0.0,-0.001418,-0.002831,-0.005455,-0.00443,0.0,-0.000572,-0.005194,-0.000808,-0.002782,0.0,-0.00078,-0.001682,-0.000196,-2.8e-05,-0.002855,-0.003082,0.0,-0.000436,-1e-06,-0.002487,-1e-06,-0.002878,-1e-06,-0.002262,-0.005445,-0.000365,-0.000324,-0.003088,-1e-06,-2.2e-05,-1e-06,-0.000311,-0.002969,-0.003159,0.0,-0.002657,-0.003103,-0.005358,-0.005378,-1e-06,-0.005398,-7.4e-05,-0.004906,-0.001817,0.0,-0.001936,-0.005643,-0.003178,-0.00501,-0.004821,-0.005401,-0.002037,-0.000956,-0.000926,-2e-06,-0.000706,-0.002967,-0.003888,-0.003165
2017-05-26 13:14:00+02:00,-0.0,0.0,-0.001574,-0.006058,-0.00161,-0.000417,-0.002082,-0.002993,-0.003766,-0.000755,-0.000113,-0.0,-0.003877,-0.003829,-0.003143,-0.006366,-0.000942,-0.0,-0.000576,-0.006411,0.0,-0.006407,-0.005143,-1e-06,-0.006581,-0.006571,-0.002747,0.0,-0.002094,-0.000469,-1e-06,-0.003783,0.0,-0.003736,-0.00376,-0.0,-0.002393,-0.004783,-0.0,-0.006676,-0.002913,-1e-06,-0.004221,0.0,-0.001494,-0.003453,-0.002795,-0.003509,-0.003313,0.0,-0.000164,-0.003613,-0.003626,-0.003858,-1e-06,0.0,-0.001277,-1e-06,0.0,-0.00275,-0.00361,-0.006647,-0.005822,0.0,-0.001649,-0.006438,-0.00157,-0.003548,0.0,-0.001556,-0.002653,-0.000605,-0.000176,-0.003616,-0.003786,0.0,-0.001263,-1e-06,-0.003947,-1e-06,-0.003647,-1e-06,-0.003852,-0.006625,-0.00109,-0.001069,-0.003774,-1e-06,-0.000186,-0.0,-0.000869,-0.003719,-0.003865,0.0,-0.003446,-0.004766,-0.006527,-0.00656,-1e-06,-0.006598,-0.000314,-0.006208,-0.002775,0.0,-0.002856,-0.006797,-0.003886,-0.006265,-0.006127,-0.006599,-0.002972,-0.001836,-0.001784,-1e-06,-0.001881,-0.004626,-0.005393,-0.003876
2017-05-26 13:15:00+02:00,-0.0,0.0,-0.001535,-0.006868,-0.001572,-0.000333,-0.002232,-0.003221,-0.004347,-0.000643,-9.1e-05,-0.0,-0.004443,-0.004397,-0.003572,-0.007382,-0.000754,-0.0,-0.000461,-0.007414,0.0,-0.007415,-0.005533,-1e-06,-0.007528,-0.007546,-0.002949,0.0,-0.002301,-0.000375,-1e-06,-0.004373,0.0,-0.004323,-0.004331,-0.0,-0.002664,-0.005134,-0.0,-0.007626,-0.003128,-1e-06,-0.004619,0.0,-0.001405,-0.003797,-0.003076,-0.004131,-0.003773,0.0,-0.000131,-0.004237,-0.004242,-0.004421,-1e-06,0.0,-0.001119,-1e-06,0.0,-0.002941,-0.004234,-0.007607,-0.006509,0.0,-0.001651,-0.00744,-0.001678,-0.004161,0.0,-0.001663,-0.002902,-0.000484,-0.000141,-0.004227,-0.004352,0.0,-0.001074,-1e-06,-0.004234,-1e-06,-0.004264,-1e-06,-0.00423,-0.007575,-0.000872,-0.000855,-0.004325,-1e-06,-0.000149,-0.0,-0.000807,-0.004322,-0.004433,0.0,-0.003998,-0.005356,-0.007468,-0.00751,-1e-06,-0.007563,-0.000251,-0.007251,-0.00304,0.0,-0.003067,-0.007727,-0.004456,-0.007274,-0.007055,-0.007564,-0.003192,-0.002018,-0.001952,-1e-06,-0.001953,-0.00506,-0.005989,-0.004448
2017-05-26 13:16:00+02:00,-0.0,0.0,-0.001228,-0.006961,-0.001257,-0.000267,-0.001986,-0.002987,-0.004684,-0.000515,-7.3e-05,-0.0,-0.004769,-0.004726,-0.003597,-0.007872,-0.000603,-0.0,-0.000369,-0.007978,0.0,-0.007982,-0.005122,-1e-06,-0.008055,-0.008087,-0.002697,0.0,-0.002206,-0.0003,-1e-06,-0.004719,0.0,-0.004666,-0.004661,-0.0,-0.002451,-0.004694,-0.0,-0.008148,-0.002861,-1e-06,-0.004481,0.0,-0.001124,-0.003623,-0.003021,-0.004373,-0.003814,0.0,-0.000105,-0.004571,-0.004566,-0.004744,-1e-06,0.0,-0.000895,-1e-06,0.0,-0.002515,-0.004559,-0.008136,-0.006519,0.0,-0.001321,-0.008002,-0.001435,-0.004464,0.0,-0.001412,-0.002832,-0.000387,-0.000113,-0.004589,-0.004678,0.0,-0.00086,-0.0,-0.003805,-1e-06,-0.004596,-1e-06,-0.004073,-0.008102,-0.000698,-0.000684,-0.004636,-1e-06,-0.000119,-0.0,-0.000646,-0.004678,-0.004761,0.0,-0.004116,-0.005298,-0.007993,-0.00804,-0.0,-0.008097,-0.000201,-0.007496,-0.00298,0.0,-0.002806,-0.008232,-0.004785,-0.007561,-0.007226,-0.008098,-0.002948,-0.001912,-0.001844,-1e-06,-0.001562,-0.004936,-0.005945,-0.004778
2017-05-26 13:17:00+02:00,-0.0,0.0,-0.000983,-0.006599,-0.001006,-0.000213,-0.001625,-0.002609,-0.00487,-0.000412,-5.8e-05,-0.0,-0.005026,-0.004984,-0.003364,-0.007765,-0.000482,-0.0,-0.000295,-0.008016,0.0,-0.008006,-0.004467,-0.0,-0.008322,-0.008222,-0.002314,0.0,-0.001933,-0.00024,-0.0,-0.004851,0.0,-0.004721,-0.004922,-0.0,-0.001967,-0.004028,-0.0,-0.008558,-0.002457,-0.0,-0.004026,0.0,-0.000899,-0.003154,-0.002759,-0.004293,-0.003586,0.0,-8.4e-05,-0.004548,-0.004529,-0.004999,-0.0,0.0,-0.000716,-1e-06,0.0,-0.002012,-0.004528,-0.008492,-0.006109,0.0,-0.001057,-0.007979,-0.001148,-0.004423,0.0,-0.001129,-0.002565,-0.00031,-9e-05,-0.004605,-0.004935,0.0,-0.000688,-0.0,-0.003168,-0.0,-0.004563,-0.0,-0.003604,-0.008468,-0.000558,-0.000547,-0.00488,-0.0,-9.5e-05,-0.0,-0.000516,-0.004742,-0.005019,0.0,-0.003948,-0.00485,-0.008159,-0.008209,-0.0,-0.008228,-0.000161,-0.007227,-0.00272,0.0,-0.002409,-0.008629,-0.005045,-0.007301,-0.006913,-0.008272,-0.002561,-0.001638,-0.001576,-1e-06,-0.00125,-0.004479,-0.005511,-0.005038
2017-05-26 13:18:00+02:00,-0.0,0.0,-0.000786,-0.004849,-0.000805,-0.000171,-0.001345,-0.002217,-0.00276,-0.000329,-4.6e-05,-0.0,-0.002782,-0.002766,-0.002741,-0.004851,-0.000386,-0.0,-0.000236,-0.004851,0.0,-0.004851,-0.003801,-0.0,-0.004847,-0.004851,-0.001951,0.0,-0.001647,-0.000192,-0.0,-0.002794,0.0,-0.002766,-0.002741,-0.0,-0.001602,-0.003403,-0.0,-0.004851,-0.002072,-0.0,-0.00347,0.0,-0.000719,-0.002685,-0.002387,-0.002732,-0.00276,0.0,-6.7e-05,-0.002794,-0.002782,-0.002766,-0.0,0.0,-0.000573,-0.0,0.0,-0.00161,-0.002791,-0.004851,-0.004851,0.0,-0.000845,-0.004851,-0.000918,-0.002732,0.0,-0.000903,-0.002213,-0.000248,-7.2e-05,-0.002766,-0.002741,0.0,-0.00055,-0.0,-0.002643,-0.0,-0.002791,-0.0,-0.003088,-0.004849,-0.000447,-0.000438,-0.002692,-0.0,-7.6e-05,-0.0,-0.000413,-0.002794,-0.002782,0.0,-0.002741,-0.004193,-0.00484,-0.004845,-0.0,-0.004851,-0.000129,-0.004851,-0.002352,0.0,-0.002032,-0.004851,-0.002794,-0.004845,-0.004849,-0.004851,-0.002171,-0.001384,-0.00133,-1e-06,-0.001,-0.003875,-0.004807,-0.002791
2017-05-26 13:19:00+02:00,-0.0,0.0,-0.000629,-0.003879,-0.000644,-0.000136,-0.001076,-0.001774,-0.002208,-0.000263,-3.7e-05,-0.0,-0.002332,-0.002283,-0.002193,-0.00388,-0.000309,-0.0,-0.000189,-0.00388,0.0,-0.00388,-0.003041,-0.0,-0.003878,-0.00388,-0.001561,0.0,-0.001318,-0.000154,-0.0,-0.002235,0.0,-0.002213,-0.002218,-0.0,-0.001282,-0.002723,-0.0,-0.003927,-0.001658,-0.0,-0.002776,0.0,-0.000576,-0.002148,-0.00191,-0.002186,-0.002208,0.0,-5.4e-05,-0.002235,-0.002225,-0.002317,-0.0,0.0,-0.000458,-0.0,0.0,-0.001288,-0.002232,-0.003885,-0.00388,0.0,-0.000676,-0.00388,-0.000735,-0.002186,0.0,-0.000723,-0.00177,-0.000198,-5.8e-05,-0.002213,-0.002248,0.0,-0.00044,-0.0,-0.002115,-0.0,-0.002232,-0.0,-0.00247,-0.003886,-0.000357,-0.00035,-0.002237,-0.0,-6.1e-05,-0.0,-0.000331,-0.002235,-0.002318,0.0,-0.002193,-0.003354,-0.003872,-0.003876,-0.0,-0.00388,-0.000103,-0.00388,-0.001882,0.0,-0.001625,-0.004063,-0.002335,-0.003876,-0.003879,-0.00388,-0.001737,-0.001107,-0.001064,-0.0,-0.0008,-0.0031,-0.003846,-0.002317
2017-05-26 13:20:00+02:00,-0.0,0.0,-0.000503,-0.003178,-0.000515,-0.000109,-0.000861,-0.001419,-0.001892,-0.000211,-3e-05,-0.0,-0.001947,-0.001941,-0.001779,-0.003256,-0.000247,-0.0,-0.000151,-0.003269,0.0,-0.003266,-0.002432,-0.0,-0.003334,-0.003307,-0.001249,0.0,-0.001054,-0.000123,-0.0,-0.001905,0.0,-0.001875,-0.001923,-0.0,-0.001026,-0.002178,-0.0,-0.003423,-0.001326,-0.0,-0.002221,0.0,-0.00046,-0.001718,-0.001528,-0.00181,-0.001798,0.0,-4.3e-05,-0.001863,-0.001863,-0.001941,-0.0,0.0,-0.000367,-0.0,0.0,-0.001031,-0.00186,-0.003355,-0.003155,0.0,-0.000541,-0.003275,-0.000588,-0.00182,0.0,-0.000578,-0.001416,-0.000159,-4.6e-05,-0.001854,-0.00193,0.0,-0.000352,-0.0,-0.001692,-0.0,-0.00187,-0.0,-0.001976,-0.003358,-0.000286,-0.00028,-0.001908,-0.0,-4.9e-05,-0.0,-0.000264,-0.00189,-0.001947,0.0,-0.001802,-0.00269,-0.003307,-0.003311,-0.0,-0.003312,-8.2e-05,-0.003214,-0.001506,0.0,-0.0013,-0.003613,-0.001951,-0.003223,-0.003196,-0.003315,-0.001389,-0.000885,-0.000851,-0.0,-0.00064,-0.00248,-0.003102,-0.001949
2017-05-26 13:21:00+02:00,-0.0,0.0,-0.000402,-0.002542,-0.000412,-8.7e-05,-0.000688,-0.001135,-0.001514,-0.000169,-2.4e-05,-0.0,-0.001557,-0.001552,-0.001423,-0.002605,-0.000198,-0.0,-0.000121,-0.002616,0.0,-0.002613,-0.001946,-0.0,-0.002667,-0.002645,-0.000999,0.0,-0.000843,-9.8e-05,-0.0,-0.001524,0.0,-0.0015,-0.001539,-0.0,-0.00082,-0.001743,-0.0,-0.002738,-0.001061,-0.0,-0.001777,0.0,-0.000368,-0.001375,-0.001222,-0.001448,-0.001438,0.0,-3.4e-05,-0.001491,-0.00149,-0.001552,-0.0,0.0,-0.000293,-0.0,0.0,-0.000825,-0.001488,-0.002684,-0.002524,0.0,-0.000433,-0.00262,-0.00047,-0.001456,0.0,-0.000463,-0.001133,-0.000127,-3.7e-05,-0.001483,-0.001544,0.0,-0.000282,-0.0,-0.001353,-0.0,-0.001496,-0.0,-0.001581,-0.002686,-0.000229,-0.000224,-0.001527,-0.0,-3.9e-05,-0.0,-0.000212,-0.001512,-0.001557,0.0,-0.001442,-0.002152,-0.002646,-0.002649,-0.0,-0.002649,-6.6e-05,-0.002571,-0.001204,0.0,-0.00104,-0.00289,-0.001561,-0.002578,-0.002557,-0.002652,-0.001112,-0.000708,-0.000681,-0.0,-0.000512,-0.001984,-0.002482,-0.001559
2017-05-26 13:22:00+02:00,-0.0,0.0,-0.000322,-0.002034,-0.00033,-7e-05,-0.000551,-0.000908,-0.001211,-0.000135,-1.9e-05,-0.0,-0.001246,-0.001242,-0.001138,-0.002084,-0.000158,-0.0,-9.7e-05,-0.002092,0.0,-0.00209,-0.001557,-0.0,-0.002134,-0.002116,-0.000799,0.0,-0.000675,-7.9e-05,-0.0,-0.001219,0.0,-0.0012,-0.001231,-0.0,-0.000656,-0.001394,-0.0,-0.00219,-0.000849,-0.0,-0.001421,0.0,-0.000295,-0.0011,-0.000978,-0.001159,-0.001151,0.0,-2.7e-05,-0.001193,-0.001192,-0.001242,-0.0,0.0,-0.000235,-0.0,0.0,-0.00066,-0.00119,-0.002147,-0.002019,0.0,-0.000346,-0.002096,-0.000376,-0.001165,0.0,-0.00037,-0.000906,-0.000102,-2.9e-05,-0.001186,-0.001235,0.0,-0.000225,-0.0,-0.001083,-0.0,-0.001197,-0.0,-0.001265,-0.002149,-0.000183,-0.000179,-0.001221,-0.0,-3.1e-05,-0.0,-0.000169,-0.00121,-0.001246,0.0,-0.001154,-0.001722,-0.002116,-0.002119,-0.0,-0.00212,-5.3e-05,-0.002057,-0.000964,0.0,-0.000832,-0.002312,-0.001249,-0.002062,-0.002046,-0.002121,-0.000889,-0.000567,-0.000545,-0.0,-0.00041,-0.001587,-0.001985,-0.001248
2017-05-26 13:23:00+02:00,-0.000396,0.0,-0.00248,-0.003843,-0.002274,-0.001574,-0.001707,-0.002015,-0.002271,-0.00132,-0.000816,-0.000474,-0.002311,-0.002302,-0.00221,-0.00389,-0.001949,-0.000614,-0.001687,-0.003892,0.0,-0.003897,-0.003468,-0.00084,-0.003911,-0.003916,-0.001906,0.0,-0.001842,-0.001101,-0.000557,-0.002296,0.0,-0.002268,-0.002284,-0.000661,-0.002702,-0.003309,-0.000516,-0.00397,-0.001995,-0.000839,-0.003359,0.0,-0.00218,-0.003103,-0.002049,-0.002215,-0.002223,0.0,-0.000866,-0.002275,-0.002268,-0.002302,-0.000548,0.0,-0.002218,-0.000955,0.0,-0.002746,-0.002268,-0.003943,-0.003837,0.0,-0.002481,-0.0039,-0.001568,-0.00222,0.0,-0.001606,-0.002041,-0.001207,-0.000895,-0.002257,-0.002287,0.0,-0.002193,-0.000719,-0.003074,-0.000828,-0.002273,-0.00071,-0.003234,-0.003935,-0.001858,-0.002073,-0.002244,-0.000545,-0.000872,-0.000436,-0.001284,-0.002288,-0.002311,0.0,-0.002222,-0.003601,-0.003871,-0.003889,-0.00068,-0.003913,-0.000978,-0.003871,-0.002059,0.0,-0.001976,-0.004073,-0.00232,-0.003844,-0.003844,-0.003915,-0.002027,-0.001755,-0.001746,-0.001021,-0.002493,-0.003493,-0.003812,-0.002314
2017-05-26 13:24:00+02:00,-0.000317,0.0,-0.002944,-0.005366,-0.002558,-0.001473,-0.002145,-0.002631,-0.003159,-0.001512,-0.000684,-0.000379,-0.003203,-0.003191,-0.003108,-0.005413,-0.002112,-0.000491,-0.001667,-0.005408,0.0,-0.005421,-0.00453,-0.000672,-0.005409,-0.005434,-0.002455,0.0,-0.002523,-0.001153,-0.000445,-0.003198,0.0,-0.003164,-0.003167,-0.000529,-0.003691,-0.004264,-0.000413,-0.00547,-0.00257,-0.000672,-0.004618,0.0,-0.002416,-0.004241,-0.002892,-0.003101,-0.003121,0.0,-0.000763,-0.003181,-0.003169,-0.003191,-0.000438,0.0,-0.002541,-0.000764,0.0,-0.003355,-0.00317,-0.005457,-0.00537,0.0,-0.002995,-0.005421,-0.001913,-0.003105,0.0,-0.00195,-0.002819,-0.001329,-0.000817,-0.003155,-0.00317,0.0,-0.002513,-0.000575,-0.003896,-0.000662,-0.003174,-0.000568,-0.004463,-0.00544,-0.00192,-0.002294,-0.003102,-0.000436,-0.000786,-0.000349,-0.001414,-0.003192,-0.003203,0.0,-0.003118,-0.005181,-0.005344,-0.005378,-0.000544,-0.005425,-0.000954,-0.005399,-0.002864,0.0,-0.002546,-0.005559,-0.003217,-0.005342,-0.005358,-0.005426,-0.002635,-0.002377,-0.002324,-0.000817,-0.002884,-0.004841,-0.00535,-0.003207
2017-05-26 13:25:00+02:00,-0.000253,0.0,-0.002589,-0.005971,-0.002128,-0.001178,-0.002058,-0.002642,-0.003614,-0.001255,-0.000548,-0.000303,-0.003663,-0.003647,-0.003406,-0.00615,-0.00169,-0.000393,-0.001334,-0.006142,0.0,-0.006158,-0.00453,-0.000538,-0.006137,-0.006167,-0.002431,0.0,-0.002553,-0.000922,-0.000356,-0.003665,0.0,-0.003625,-0.003619,-0.000423,-0.003614,-0.004215,-0.00033,-0.006192,-0.002553,-0.000537,-0.004709,0.0,-0.001958,-0.004257,-0.003019,-0.003552,-0.003464,0.0,-0.00061,-0.003651,-0.003636,-0.003647,-0.00035,0.0,-0.002122,-0.000611,0.0,-0.003104,-0.003638,-0.006187,-0.005831,0.0,-0.002675,-0.006156,-0.001772,-0.003555,0.0,-0.0018,-0.002908,-0.001063,-0.000653,-0.003619,-0.003621,0.0,-0.002084,-0.00046,-0.003769,-0.00053,-0.003641,-0.000455,-0.00453,-0.006168,-0.001536,-0.001835,-0.003531,-0.000349,-0.000629,-0.000279,-0.001137,-0.00366,-0.003663,0.0,-0.003552,-0.005453,-0.006066,-0.006105,-0.000435,-0.006156,-0.000763,-0.00614,-0.002971,0.0,-0.002527,-0.006267,-0.00368,-0.006076,-0.006068,-0.006157,-0.002638,-0.002373,-0.0023,-0.000653,-0.002508,-0.004979,-0.005668,-0.003667
2017-05-26 13:26:00+02:00,-0.000203,0.0,-0.002071,-0.005476,-0.001702,-0.000943,-0.001646,-0.002214,-0.003716,-0.001004,-0.000438,-0.000243,-0.003899,-0.00388,-0.003089,-0.005929,-0.001352,-0.000314,-0.001067,-0.006014,0.0,-0.006016,-0.003788,-0.00043,-0.006269,-0.006145,-0.002,0.0,-0.002144,-0.000738,-0.000285,-0.00373,0.0,-0.003634,-0.003834,-0.000338,-0.002905,-0.003468,-0.000264,-0.006525,-0.002104,-0.00043,-0.00402,0.0,-0.001567,-0.003553,-0.00264,-0.003378,-0.003167,0.0,-0.000488,-0.003534,-0.003528,-0.00388,-0.00028,0.0,-0.001698,-0.000489,0.0,-0.002483,-0.003514,-0.006382,-0.005265,0.0,-0.00214,-0.006012,-0.001418,-0.003422,0.0,-0.00144,-0.002507,-0.00085,-0.000523,-0.003539,-0.00385,0.0,-0.001667,-0.000368,-0.003015,-0.000424,-0.003537,-0.000364,-0.003835,-0.006372,-0.001229,-0.001468,-0.003744,-0.000279,-0.000503,-0.000223,-0.000909,-0.003637,-0.003899,0.0,-0.003299,-0.00481,-0.006075,-0.006114,-0.000348,-0.006189,-0.000611,-0.005751,-0.002582,0.0,-0.002081,-0.006604,-0.003917,-0.005769,-0.005623,-0.006166,-0.002198,-0.001957,-0.001877,-0.000523,-0.002006,-0.004299,-0.005035,-0.003902
2017-05-26 13:27:00+02:00,-0.000162,0.0,-0.001657,-0.00492,-0.001362,-0.000754,-0.001317,-0.001783,-0.003663,-0.000803,-0.00035,-0.000194,-0.004189,-0.004062,-0.002725,-0.005581,-0.001081,-0.000252,-0.000854,-0.00573,0.0,-0.005722,-0.003046,-0.000344,-0.006161,-0.005948,-0.0016,0.0,-0.001732,-0.00059,-0.000228,-0.003647,0.0,-0.003509,-0.003865,-0.000271,-0.002324,-0.002774,-0.000211,-0.006565,-0.001683,-0.000344,-0.00332,0.0,-0.001253,-0.002851,-0.002251,-0.003132,-0.002818,0.0,-0.000391,-0.003327,-0.003333,-0.004168,-0.000224,0.0,-0.001358,-0.000391,0.0,-0.001987,-0.003303,-0.006318,-0.004657,0.0,-0.001712,-0.005722,-0.001134,-0.003207,0.0,-0.001152,-0.002094,-0.00068,-0.000418,-0.003363,-0.00398,0.0,-0.001334,-0.000295,-0.002412,-0.000339,-0.003344,-0.000291,-0.003138,-0.006316,-0.000983,-0.001175,-0.00396,-0.000223,-0.000402,-0.000179,-0.000728,-0.003506,-0.004155,0.0,-0.002996,-0.004122,-0.005902,-0.005942,-0.000279,-0.006006,-0.000488,-0.005276,-0.002181,0.0,-0.001665,-0.007055,-0.004197,-0.00533,-0.005107,-0.005992,-0.001759,-0.001566,-0.001502,-0.000418,-0.001605,-0.003604,-0.004377,-0.00413
2017-05-26 13:28:00+02:00,-0.00013,0.0,-0.00133,-0.005233,-0.001089,-0.000603,-0.001244,-0.001788,-0.004185,-0.000643,-0.00028,-0.000155,-0.004629,-0.004521,-0.002849,-0.00617,-0.000865,-0.000201,-0.000683,-0.0064,0.0,-0.006385,-0.003054,-0.000275,-0.007033,-0.006729,-0.001578,0.0,-0.00174,-0.000472,-0.000182,-0.004139,0.0,-0.003946,-0.004355,-0.000217,-0.002214,-0.002738,-0.000169,-0.007388,-0.001663,-0.000275,-0.003365,0.0,-0.001003,-0.002853,-0.00231,-0.003417,-0.002962,0.0,-0.000312,-0.003674,-0.003689,-0.004606,-0.000179,0.0,-0.001087,-0.000313,0.0,-0.001772,-0.003642,-0.007199,-0.004896,0.0,-0.001417,-0.006386,-0.001011,-0.00353,0.0,-0.001018,-0.002133,-0.000544,-0.000334,-0.003742,-0.004447,0.0,-0.001067,-0.000236,-0.002316,-0.000271,-0.003703,-0.000233,-0.003168,-0.00719,-0.000786,-0.00094,-0.00439,-0.000179,-0.000322,-0.000143,-0.000582,-0.003943,-0.004602,0.0,-0.003212,-0.004224,-0.006684,-0.006734,-0.000223,-0.006788,-0.000391,-0.005705,-0.00223,0.0,-0.001644,-0.007786,-0.00464,-0.005776,-0.005471,-0.006799,-0.001758,-0.001551,-0.001472,-0.000334,-0.001284,-0.003675,-0.00454,-0.00458
2017-05-26 13:29:00+02:00,-0.000104,0.0,-0.001369,-0.006117,-0.001035,-0.000483,-0.001432,-0.002094,-0.004671,-0.000572,-0.000224,-0.000124,-0.005041,-0.00495,-0.003271,-0.007203,-0.000692,-0.000161,-0.000546,-0.007379,0.0,-0.007378,-0.003586,-0.00022,-0.007877,-0.00765,-0.001844,0.0,-0.001998,-0.000378,-0.000146,-0.004654,0.0,-0.00449,-0.004809,-0.000173,-0.002468,-0.003204,-0.000135,-0.00817,-0.001944,-0.00022,-0.003899,0.0,-0.0009,-0.003285,-0.002648,-0.00404,-0.003412,0.0,-0.00025,-0.004282,-0.00429,-0.005018,-0.000144,0.0,-0.001006,-0.00025,0.0,-0.001984,-0.004251,-0.008029,-0.005686,0.0,-0.00149,-0.007375,-0.00113,-0.004131,0.0,-0.001133,-0.002462,-0.000435,-0.000268,-0.004327,-0.004883,0.0,-0.000949,-0.000188,-0.002691,-0.000217,-0.0043,-0.000186,-0.003646,-0.008013,-0.000629,-0.000752,-0.004795,-0.000143,-0.000258,-0.000114,-0.000512,-0.004498,-0.00502,0.0,-0.003762,-0.004812,-0.00756,-0.007619,-0.000178,-0.007689,-0.000313,-0.006736,-0.002572,0.0,-0.001922,-0.008496,-0.005055,-0.006794,-0.006417,-0.007698,-0.002059,-0.001776,-0.001696,-0.000268,-0.001333,-0.004253,-0.005233,-0.005001
2017-05-26 13:30:00+02:00,-8.3e-05,0.0,-0.001131,-0.006622,-0.000828,-0.000386,-0.001455,-0.002222,-0.005062,-0.000458,-0.000179,-9.9e-05,-0.005376,-0.005297,-0.003474,-0.008039,-0.000554,-0.000129,-0.000437,-0.008172,0.0,-0.008182,-0.003811,-0.000176,-0.008563,-0.008397,-0.001938,0.0,-0.002059,-0.000302,-0.000117,-0.00507,0.0,-0.004929,-0.005177,-0.000139,-0.002399,-0.003373,-0.000108,-0.008805,-0.002047,-0.000176,-0.004102,0.0,-0.00072,-0.003381,-0.002787,-0.004456,-0.003637,0.0,-0.0002,-0.004773,-0.004775,-0.005351,-0.000115,0.0,-0.000804,-0.0002,0.0,-0.00192,-0.00474,-0.008703,-0.006107,0.0,-0.001285,-0.008177,-0.001092,-0.0046,0.0,-0.001085,-0.002594,-0.000348,-0.000214,-0.004799,-0.005236,0.0,-0.000759,-0.000151,-0.002774,-0.000174,-0.004781,-0.000149,-0.003785,-0.008683,-0.000503,-0.000602,-0.005123,-0.000114,-0.000206,-9.2e-05,-0.00041,-0.004945,-0.005359,0.0,-0.004086,-0.005039,-0.00827,-0.008336,-0.000143,-0.008421,-0.00025,-0.007369,-0.002719,0.0,-0.002023,-0.009073,-0.005391,-0.007406,-0.006978,-0.008428,-0.002179,-0.001807,-0.001733,-0.000214,-0.001123,-0.004495,-0.005567,-0.005342
2017-05-26 13:31:00+02:00,-6.6e-05,0.0,-0.000905,-0.006472,-0.000662,-0.000309,-0.001418,-0.002242,-0.005158,-0.000366,-0.000144,-7.9e-05,-0.005447,-0.005378,-0.003285,-0.008061,-0.000443,-0.000103,-0.00035,-0.008424,0.0,-0.008421,-0.00384,-0.000141,-0.008703,-0.008624,-0.001946,0.0,-0.001896,-0.000242,-9.3e-05,-0.005124,0.0,-0.004935,-0.005274,-0.000111,-0.00196,-0.003388,-8.7e-05,-0.008946,-0.002071,-0.000141,-0.003936,0.0,-0.000576,-0.003095,-0.00265,-0.004501,-0.003456,0.0,-0.00016,-0.00487,-0.004807,-0.005422,-9.2e-05,0.0,-0.000644,-0.00016,0.0,-0.001787,-0.00483,-0.008872,-0.005923,0.0,-0.001028,-0.008287,-0.001016,-0.004676,0.0,-0.001004,-0.002507,-0.000279,-0.000171,-0.004937,-0.005321,0.0,-0.000607,-0.000121,-0.002732,-0.000139,-0.004816,-0.000119,-0.00351,-0.008851,-0.000403,-0.000481,-0.005186,-9.1e-05,-0.000165,-7.3e-05,-0.000328,-0.005072,-0.005433,0.0,-0.004021,-0.004666,-0.00849,-0.008555,-0.000114,-0.008459,-0.0002,-0.007277,-0.002638,0.0,-0.002038,-0.009166,-0.005463,-0.00718,-0.006858,-0.008645,-0.002199,-0.001634,-0.001607,-0.000171,-0.000909,-0.004343,-0.005349,-0.005417
2017-05-26 13:32:00+02:00,-5.3e-05,0.0,-0.000724,-0.004137,-0.00053,-0.000247,-0.001148,-0.001875,-0.002262,-0.000293,-0.000115,-6.4e-05,-0.002291,-0.002283,-0.002271,-0.004137,-0.000354,-8.2e-05,-0.00028,-0.004137,0.0,-0.004137,-0.00322,-0.000113,-0.004137,-0.004137,-0.001617,0.0,-0.001517,-0.000193,-7.5e-05,-0.002295,0.0,-0.002283,-0.002271,-8.9e-05,-0.001568,-0.002824,-6.9e-05,-0.004137,-0.001725,-0.000113,-0.003242,0.0,-0.000461,-0.002476,-0.002175,-0.00224,-0.002262,0.0,-0.000128,-0.002295,-0.002291,-0.002283,-7.4e-05,0.0,-0.000515,-0.000128,0.0,-0.001429,-0.002288,-0.004137,-0.004137,0.0,-0.000822,-0.004137,-0.000812,-0.00224,0.0,-0.000803,-0.002069,-0.000223,-0.000137,-0.002283,-0.002271,0.0,-0.000486,-9.7e-05,-0.002235,-0.000111,-0.002288,-9.5e-05,-0.002823,-0.004137,-0.000322,-0.000385,-0.002212,-7.3e-05,-0.000132,-5.9e-05,-0.000262,-0.002295,-0.002291,0.0,-0.002271,-0.003802,-0.004132,-0.004136,-9.1e-05,-0.004137,-0.00016,-0.004137,-0.002188,0.0,-0.001695,-0.004137,-0.002295,-0.004136,-0.004137,-0.004137,-0.001835,-0.001307,-0.001286,-0.000137,-0.000727,-0.0036,-0.004137,-0.002288
2017-05-26 13:33:00+02:00,-4.2e-05,0.0,-0.000579,-0.00331,-0.000424,-0.000198,-0.000918,-0.0015,-0.001786,-0.000234,-9.2e-05,-5.1e-05,-0.001799,-0.001796,-0.001791,-0.00331,-0.000283,-6.6e-05,-0.000224,-0.00331,0.0,-0.00331,-0.002576,-9e-05,-0.00331,-0.00331,-0.001294,0.0,-0.001214,-0.000155,-6e-05,-0.0018,0.0,-0.001796,-0.001791,-7.1e-05,-0.001254,-0.002259,-5.5e-05,-0.00331,-0.00138,-9e-05,-0.002593,0.0,-0.000369,-0.001981,-0.00174,-0.001777,-0.001786,0.0,-0.000102,-0.0018,-0.001799,-0.001796,-5.9e-05,0.0,-0.000412,-0.000103,0.0,-0.001144,-0.001798,-0.00331,-0.00331,0.0,-0.000658,-0.00331,-0.00065,-0.001777,0.0,-0.000642,-0.001656,-0.000178,-0.00011,-0.001796,-0.001791,0.0,-0.000389,-7.7e-05,-0.001788,-8.9e-05,-0.001798,-7.6e-05,-0.002259,-0.00331,-0.000258,-0.000308,-0.001764,-5.9e-05,-0.000105,-4.7e-05,-0.00021,-0.0018,-0.001799,0.0,-0.001791,-0.003041,-0.003306,-0.003309,-7.3e-05,-0.00331,-0.000128,-0.00331,-0.00175,0.0,-0.001356,-0.00331,-0.0018,-0.003309,-0.00331,-0.00331,-0.001468,-0.001045,-0.001029,-0.00011,-0.000582,-0.00288,-0.00331,-0.001798
2017-05-26 13:34:00+02:00,-3.4e-05,0.0,-0.000463,-0.002648,-0.000339,-0.000158,-0.000735,-0.0012,-0.001429,-0.000187,-7.3e-05,-4.1e-05,-0.001439,-0.001437,-0.001433,-0.002648,-0.000227,-5.3e-05,-0.000179,-0.002648,0.0,-0.002648,-0.002061,-7.2e-05,-0.002648,-0.002648,-0.001035,0.0,-0.000971,-0.000124,-4.8e-05,-0.00144,0.0,-0.001437,-0.001433,-5.7e-05,-0.001003,-0.001807,-4.4e-05,-0.002648,-0.001104,-7.2e-05,-0.002075,0.0,-0.000295,-0.001584,-0.001392,-0.001421,-0.001429,0.0,-8.2e-05,-0.00144,-0.001439,-0.001437,-4.7e-05,0.0,-0.00033,-8.2e-05,0.0,-0.000915,-0.001438,-0.002648,-0.002648,0.0,-0.000526,-0.002648,-0.00052,-0.001421,0.0,-0.000514,-0.001324,-0.000143,-8.8e-05,-0.001437,-0.001433,0.0,-0.000311,-6.2e-05,-0.00143,-7.1e-05,-0.001438,-6.1e-05,-0.001807,-0.002648,-0.000206,-0.000247,-0.001412,-4.7e-05,-8.4e-05,-3.7e-05,-0.000168,-0.00144,-0.001439,0.0,-0.001433,-0.002433,-0.002645,-0.002647,-5.8e-05,-0.002648,-0.000102,-0.002648,-0.0014,0.0,-0.001085,-0.002648,-0.00144,-0.002647,-0.002648,-0.002648,-0.001174,-0.000836,-0.000823,-8.8e-05,-0.000466,-0.002304,-0.002648,-0.001438
2017-05-26 13:35:00+02:00,-2.7e-05,0.0,-0.001138,-0.003921,-0.000981,-0.000416,-0.001211,-0.001739,-0.002511,-0.000504,-0.000154,-3.3e-05,-0.002539,-0.002531,-0.002128,-0.00428,-0.000681,-4.2e-05,-0.000497,-0.004486,0.0,-0.004494,-0.003015,-5.8e-05,-0.004483,-0.004495,-0.001547,0.0,-0.001483,-0.000359,-4e-05,-0.002541,0.0,-0.002504,-0.002522,-4.5e-05,-0.001823,-0.002713,-3.5e-05,-0.004486,-0.001643,-5.8e-05,-0.00305,0.0,-0.000902,-0.00247,-0.001934,-0.002363,-0.002152,0.0,-0.000199,-0.002476,-0.002419,-0.002531,-3.8e-05,0.0,-0.0009,-6.6e-05,0.0,-0.00171,-0.002462,-0.0045,-0.003819,0.0,-0.00122,-0.00437,-0.000964,-0.00241,0.0,-0.00097,-0.001897,-0.00041,-0.000192,-0.002511,-0.002522,0.0,-0.000843,-4.9e-05,-0.002299,-5.7e-05,-0.002419,-4.9e-05,-0.002721,-0.004493,-0.000676,-0.000755,-0.002457,-3.9e-05,-0.000196,-3e-05,-0.000516,-0.002516,-0.002539,0.0,-0.002232,-0.003468,-0.004431,-0.004453,-4.7e-05,-0.004486,-0.000262,-0.004088,-0.001973,0.0,-0.001617,-0.004495,-0.002541,-0.00411,-0.003989,-0.004486,-0.001719,-0.001329,-0.001332,-7e-05,-0.001177,-0.003304,-0.003708,-0.002533
2017-05-26 13:36:00+02:00,-2.2e-05,0.0,-0.002389,-0.005527,-0.002183,-0.00098,-0.002158,-0.002748,-0.003383,-0.001098,-0.000364,-2.6e-05,-0.003424,-0.003413,-0.003085,-0.005815,-0.001558,-3.4e-05,-0.001156,-0.00597,0.0,-0.005991,-0.004808,-4.6e-05,-0.005966,-0.005987,-0.002571,0.0,-0.002503,-0.000823,-0.000119,-0.003427,0.0,-0.003392,-0.0034,-3.6e-05,-0.003336,-0.004519,-2.8e-05,-0.00597,-0.002703,-4.6e-05,-0.004835,0.0,-0.002042,-0.004225,-0.00288,-0.003247,-0.003096,0.0,-0.000474,-0.003375,-0.003328,-0.003413,-0.000113,0.0,-0.001967,-5.2e-05,0.0,-0.003241,-0.003359,-0.005996,-0.005451,0.0,-0.00251,-0.005887,-0.001819,-0.003285,0.0,-0.001847,-0.002907,-0.000922,-0.000427,-0.003397,-0.0034,0.0,-0.001841,-4e-05,-0.004041,-4.6e-05,-0.003324,-3.9e-05,-0.004556,-0.005985,-0.001586,-0.001722,-0.003299,-0.000115,-0.000455,-2.4e-05,-0.001169,-0.003407,-0.003424,0.0,-0.003169,-0.005166,-0.005873,-0.005911,-3.7e-05,-0.00597,-0.000599,-0.005666,-0.002936,0.0,-0.002677,-0.005987,-0.003427,-0.005637,-0.005558,-0.00597,-0.002764,-0.002299,-0.002312,-0.00011,-0.002508,-0.005035,-0.005358,-0.003416
2017-05-26 13:37:00+02:00,-1.7e-05,0.0,-0.002356,-0.006713,-0.002121,-0.000784,-0.002339,-0.003079,-0.004085,-0.000967,-0.000291,-2.1e-05,-0.004138,-0.004124,-0.003616,-0.007078,-0.00125,-2.7e-05,-0.000925,-0.007192,0.0,-0.007223,-0.005405,-3.7e-05,-0.007189,-0.007215,-0.002847,0.0,-0.002713,-0.000658,-9.5e-05,-0.00414,0.0,-0.004107,-0.004108,-2.9e-05,-0.003515,-0.005028,-2.3e-05,-0.007192,-0.003006,-3.7e-05,-0.005385,0.0,-0.001929,-0.004588,-0.003235,-0.003961,-0.003675,0.0,-0.000379,-0.004099,-0.004061,-0.004124,-9e-05,0.0,-0.001816,-4.2e-05,0.0,-0.003445,-0.004081,-0.007226,-0.006463,0.0,-0.002514,-0.007135,-0.001927,-0.003992,0.0,-0.001949,-0.003246,-0.000738,-0.000341,-0.004111,-0.004108,0.0,-0.001623,-3.2e-05,-0.004422,-3.6e-05,-0.004053,-3.1e-05,-0.004982,-0.007213,-0.001287,-0.00146,-0.003979,-9.2e-05,-0.000364,-1.9e-05,-0.001092,-0.004124,-0.004138,0.0,-0.003919,-0.005834,-0.007065,-0.007115,-3e-05,-0.007192,-0.000479,-0.006963,-0.003308,0.0,-0.002969,-0.007215,-0.00414,-0.006896,-0.006849,-0.007192,-0.003082,-0.00247,-0.002494,-8.8e-05,-0.00255,-0.005668,-0.006189,-0.004126
2017-05-26 13:38:00+02:00,-1.4e-05,0.0,-0.001885,-0.007152,-0.001697,-0.000628,-0.002224,-0.003078,-0.004636,-0.000774,-0.000233,-1.7e-05,-0.004697,-0.004681,-0.003718,-0.008072,-0.001,-2.2e-05,-0.00074,-0.008168,0.0,-0.008205,-0.005419,-3e-05,-0.008166,-0.008194,-0.002808,0.0,-0.002591,-0.000527,-7.6e-05,-0.004699,0.0,-0.004668,-0.004664,-2.3e-05,-0.003126,-0.00498,-1.8e-05,-0.008168,-0.002977,-3e-05,-0.005335,0.0,-0.001543,-0.004372,-0.003234,-0.004469,-0.003816,0.0,-0.000304,-0.004666,-0.004636,-0.004681,-7.2e-05,0.0,-0.001453,-3.4e-05,0.0,-0.003142,-0.004647,-0.008208,-0.006763,0.0,-0.002033,-0.00813,-0.001753,-0.004545,0.0,-0.001762,-0.003232,-0.00059,-0.000273,-0.004671,-0.004664,0.0,-0.001299,-2.5e-05,-0.004265,-2.9e-05,-0.004624,-2.5e-05,-0.004815,-0.008193,-0.00103,-0.001168,-0.004513,-7.4e-05,-0.000291,-1.5e-05,-0.000874,-0.004686,-0.004697,0.0,-0.00422,-0.005814,-0.008024,-0.00808,-2.4e-05,-0.008168,-0.000383,-0.007638,-0.003325,0.0,-0.002932,-0.008194,-0.004699,-0.007522,-0.007394,-0.008168,-0.003065,-0.002316,-0.002358,-7e-05,-0.002115,-0.005685,-0.006347,-0.004683
2017-05-26 13:39:00+02:00,-1.1e-05,0.0,-0.001508,-0.007244,-0.001357,-0.000502,-0.002016,-0.002967,-0.005113,-0.000619,-0.000187,-1.3e-05,-0.005182,-0.005164,-0.003631,-0.00861,-0.0008,-1.7e-05,-0.000592,-0.009012,0.0,-0.009048,-0.005231,-2.4e-05,-0.009011,-0.009042,-0.002667,0.0,-0.002342,-0.000421,-6.1e-05,-0.005159,0.0,-0.005039,-0.005145,-1.9e-05,-0.002519,-0.004741,-1.5e-05,-0.009012,-0.00284,-2.4e-05,-0.005063,0.0,-0.001235,-0.003931,-0.003089,-0.004752,-0.003762,0.0,-0.000243,-0.005047,-0.00495,-0.005164,-5.8e-05,0.0,-0.001162,-2.7e-05,0.0,-0.002685,-0.005017,-0.009058,-0.006742,0.0,-0.001627,-0.008816,-0.001495,-0.004893,0.0,-0.001489,-0.003089,-0.000472,-0.000218,-0.005122,-0.005145,0.0,-0.001039,-2e-05,-0.003934,-2.3e-05,-0.004945,-2e-05,-0.004415,-0.009042,-0.000824,-0.000934,-0.004976,-5.9e-05,-0.000233,-1.2e-05,-0.000699,-0.005158,-0.005182,0.0,-0.004314,-0.005501,-0.008845,-0.008909,-1.9e-05,-0.008908,-0.000306,-0.00792,-0.00321,0.0,-0.002788,-0.009042,-0.005182,-0.007729,-0.00757,-0.009012,-0.002938,-0.002041,-0.002115,-5.6e-05,-0.001692,-0.005468,-0.00621,-0.005165
2017-05-26 13:40:00+02:00,-9e-06,0.0,-0.001206,-0.007262,-0.001086,-0.000402,-0.001837,-0.002869,-0.005477,-0.000495,-0.000149,-1.1e-05,-0.005553,-0.005534,-0.003507,-0.008985,-0.00064,-1.4e-05,-0.000473,-0.009656,0.0,-0.009673,-0.005066,-1.9e-05,-0.00966,-0.009691,-0.002544,0.0,-0.002105,-0.000337,-4.9e-05,-0.005475,0.0,-0.005285,-0.005514,-1.5e-05,-0.002015,-0.004534,-1.2e-05,-0.009658,-0.002721,-1.9e-05,-0.00479,0.0,-0.000988,-0.003512,-0.002939,-0.004948,-0.003665,0.0,-0.000194,-0.005324,-0.005171,-0.005534,-4.6e-05,0.0,-0.00093,-2.2e-05,0.0,-0.002288,-0.005284,-0.009709,-0.006668,0.0,-0.001301,-0.00931,-0.001272,-0.005142,0.0,-0.001252,-0.002944,-0.000378,-0.000175,-0.005455,-0.005514,0.0,-0.000831,-1.6e-05,-0.003646,-1.9e-05,-0.005171,-1.6e-05,-0.004029,-0.009693,-0.000659,-0.000747,-0.005329,-4.7e-05,-0.000187,-1e-05,-0.000559,-0.005504,-0.005553,0.0,-0.004357,-0.005155,-0.009478,-0.009547,-1.5e-05,-0.009412,-0.000245,-0.00809,-0.003088,0.0,-0.002664,-0.009691,-0.005552,-0.007806,-0.007657,-0.009658,-0.002828,-0.001783,-0.001887,-4.5e-05,-0.001354,-0.005241,-0.006042,-0.005534
2017-05-26 13:41:00+02:00,-7e-06,0.0,-0.000965,-0.00705,-0.000869,-0.000321,-0.001637,-0.002708,-0.005574,-0.000396,-0.000119,-9e-06,-0.005727,-0.005707,-0.003281,-0.008993,-0.000512,-1.1e-05,-0.000379,-0.009815,0.0,-0.009815,-0.004783,-1.5e-05,-0.009813,-0.009929,-0.00237,0.0,-0.001851,-0.00027,-3.9e-05,-0.005519,0.0,-0.005283,-0.005686,-1.2e-05,-0.001612,-0.004236,-9e-06,-0.009948,-0.002547,-1.5e-05,-0.004407,0.0,-0.00079,-0.003065,-0.002729,-0.004932,-0.003453,0.0,-0.000155,-0.005361,-0.005186,-0.005707,-3.7e-05,0.0,-0.000744,-1.7e-05,0.0,-0.001897,-0.005314,-0.009996,-0.006401,0.0,-0.001041,-0.009396,-0.001053,-0.005158,0.0,-0.001022,-0.002731,-0.000302,-0.00014,-0.005529,-0.005686,0.0,-0.000665,-1.3e-05,-0.003307,-1.5e-05,-0.005188,-1.3e-05,-0.003595,-0.009983,-0.000527,-0.000598,-0.005484,-3.8e-05,-0.000149,-8e-06,-0.000447,-0.005602,-0.005727,0.0,-0.00426,-0.004684,-0.009771,-0.009841,-1.2e-05,-0.009447,-0.000196,-0.007968,-0.002887,0.0,-0.002488,-0.009981,-0.005725,-0.007581,-0.007491,-0.009948,-0.002658,-0.00152,-0.001637,-3.6e-05,-0.001083,-0.004881,-0.005722,-0.005706
2017-05-26 13:42:00+02:00,-6e-06,0.0,-0.000772,-0.006682,-0.000695,-0.000257,-0.0014,-0.002498,-0.005507,-0.000317,-9.5e-05,-7e-06,-0.005985,-0.005965,-0.002976,-0.008786,-0.00041,-9e-06,-0.000303,-0.009744,0.0,-0.009733,-0.004414,-1.2e-05,-0.009687,-0.009894,-0.002152,0.0,-0.001547,-0.000216,-3.1e-05,-0.005405,0.0,-0.005137,-0.005796,-1e-05,-0.00129,-0.003854,-7e-06,-0.010155,-0.002324,-1.2e-05,-0.003931,0.0,-0.000632,-0.002532,-0.00246,-0.00481,-0.00316,0.0,-0.000124,-0.005272,-0.005068,-0.005965,-3e-05,0.0,-0.000595,-1.4e-05,0.0,-0.001517,-0.005222,-0.009974,-0.005994,0.0,-0.000833,-0.009248,-0.000842,-0.00506,0.0,-0.000818,-0.00246,-0.000242,-0.000112,-0.005469,-0.005943,0.0,-0.000532,-1e-05,-0.002895,-1.2e-05,-0.005074,-1e-05,-0.00307,-0.009976,-0.000422,-0.000478,-0.005729,-3e-05,-0.000119,-6e-06,-0.000358,-0.005544,-0.005985,0.0,-0.004064,-0.004099,-0.009769,-0.009844,-1e-05,-0.009228,-0.000157,-0.007667,-0.002629,0.0,-0.002263,-0.010436,-0.005982,-0.007171,-0.007155,-0.009955,-0.002439,-0.001216,-0.001344,-2.9e-05,-0.000866,-0.004421,-0.005276,-0.005962
2017-05-26 13:43:00+02:00,-5e-06,0.0,-0.000618,-0.006922,-0.000556,-0.000206,-0.001431,-0.002582,-0.005797,-0.000254,-7.6e-05,-5e-06,-0.006203,-0.006181,-0.003003,-0.009217,-0.000328,-7e-06,-0.000242,-0.01024,0.0,-0.010247,-0.004569,-1e-05,-0.0102,-0.01037,-0.002218,0.0,-0.001542,-0.000173,-2.5e-05,-0.00567,0.0,-0.005363,-0.006042,-8e-06,-0.001032,-0.003975,-6e-06,-0.010569,-0.002399,-1e-05,-0.003993,0.0,-0.000506,-0.00252,-0.002501,-0.005037,-0.0032,0.0,-9.9e-05,-0.005546,-0.005325,-0.006181,-2.4e-05,0.0,-0.000476,-1.1e-05,0.0,-0.001512,-0.005491,-0.01044,-0.006182,0.0,-0.000666,-0.009742,-0.000837,-0.005315,0.0,-0.000807,-0.002503,-0.000193,-8.9e-05,-0.005774,-0.006159,0.0,-0.000426,-8e-06,-0.00297,-1e-05,-0.005332,-8e-06,-0.003079,-0.010439,-0.000337,-0.000383,-0.005932,-2.4e-05,-9.5e-05,-5e-06,-0.000286,-0.005847,-0.006203,0.0,-0.004223,-0.004072,-0.010207,-0.010286,-8e-06,-0.009651,-0.000126,-0.00799,-0.002682,0.0,-0.002334,-0.010803,-0.006197,-0.007361,-0.007426,-0.010409,-0.00252,-0.001196,-0.001338,-2.3e-05,-0.000693,-0.004508,-0.00541,-0.006177
2017-05-26 13:44:00+02:00,-4e-06,0.0,-0.000494,-0.006974,-0.000445,-0.000164,-0.001387,-0.002582,-0.005952,-0.000203,-6.1e-05,-4e-06,-0.006374,-0.006352,-0.002937,-0.00942,-0.000262,-6e-06,-0.000194,-0.01055,0.0,-0.01055,-0.004566,-8e-06,-0.01044,-0.010727,-0.002203,0.0,-0.001465,-0.000138,-2e-05,-0.005789,0.0,-0.005453,-0.006236,-6e-06,-0.000825,-0.003946,-5e-06,-0.010874,-0.00239,-8e-06,-0.003913,0.0,-0.000405,-0.002378,-0.002463,-0.005149,-0.003143,0.0,-8e-05,-0.005695,-0.005457,-0.006352,-1.9e-05,0.0,-0.000381,-9e-06,0.0,-0.001384,-0.005636,-0.01078,-0.006194,0.0,-0.000533,-0.009994,-0.000765,-0.005449,0.0,-0.000727,-0.002467,-0.000155,-7.2e-05,-0.005948,-0.00633,0.0,-0.00034,-7e-06,-0.002905,-8e-06,-0.005465,-7e-06,-0.002954,-0.010787,-0.00027,-0.000306,-0.006088,-1.9e-05,-7.6e-05,-4e-06,-0.000229,-0.006037,-0.006374,0.0,-0.004278,-0.003892,-0.010527,-0.010612,-6e-06,-0.009813,-0.0001,-0.008106,-0.002655,0.0,-0.002322,-0.011074,-0.006367,-0.007344,-0.007502,-0.010746,-0.002515,-0.001107,-0.001263,-1.8e-05,-0.000554,-0.004447,-0.005379,-0.006346
2017-05-26 13:45:00+02:00,-3e-06,0.0,-0.000395,-0.006833,-0.000356,-0.000132,-0.001314,-0.002521,-0.005939,-0.000162,-4.9e-05,-3e-06,-0.006411,-0.006388,-0.002813,-0.009338,-0.00021,-5e-06,-0.000155,-0.010527,0.0,-0.010519,-0.004447,-6e-06,-0.010369,-0.010743,-0.002138,0.0,-0.001358,-0.00011,-1.6e-05,-0.005758,0.0,-0.005405,-0.006289,-5e-06,-0.00066,-0.003824,-4e-06,-0.010908,-0.002329,-6e-06,-0.003737,0.0,-0.000324,-0.002187,-0.002366,-0.005116,-0.003022,0.0,-6.4e-05,-0.005687,-0.00544,-0.006388,-1.5e-05,0.0,-0.000305,-7e-06,0.0,-0.001234,-0.005625,-0.010772,-0.006038,0.0,-0.000426,-0.009936,-0.000682,-0.005426,0.0,-0.000639,-0.002375,-0.000124,-5.7e-05,-0.005954,-0.006364,0.0,-0.000272,-5e-06,-0.002774,-6e-06,-0.005447,-5e-06,-0.002762,-0.010791,-0.000216,-0.000245,-0.006104,-1.5e-05,-6.1e-05,-3e-06,-0.000183,-0.00605,-0.006411,0.0,-0.004222,-0.00364,-0.010577,-0.010666,-5e-06,-0.009697,-8e-05,-0.007989,-0.002564,0.0,-0.002259,-0.011077,-0.006402,-0.00715,-0.00737,-0.010804,-0.002455,-0.000998,-0.001162,-1.5e-05,-0.000444,-0.004274,-0.00521,-0.00638
2017-05-26 13:46:00+02:00,-2e-06,0.0,-0.000316,-0.006366,-0.000285,-0.000105,-0.001165,-0.002337,-0.005729,-0.00013,-3.9e-05,-3e-06,-0.005978,-0.005954,-0.002604,-0.008821,-0.000168,-4e-06,-0.000124,-0.01005,0.0,-0.010074,-0.004116,-5e-06,-0.009971,-0.01008,-0.001965,0.0,-0.001166,-8.8e-05,-1.3e-05,-0.005545,0.0,-0.005181,-0.005925,-4e-06,-0.000528,-0.003515,-3e-06,-0.01005,-0.00215,-5e-06,-0.003432,0.0,-0.000259,-0.001855,-0.002146,-0.004883,-0.002809,0.0,-5.1e-05,-0.005453,-0.00516,-0.005954,-1.2e-05,0.0,-0.000244,-6e-06,0.0,-0.000992,-0.005391,-0.010097,-0.005591,0.0,-0.000341,-0.009414,-0.000547,-0.00519,0.0,-0.000511,-0.002199,-9.9e-05,-4.6e-05,-0.005719,-0.005925,0.0,-0.000218,-4e-06,-0.002493,-5e-06,-0.005166,-4e-06,-0.002409,-0.010093,-0.000173,-0.000196,-0.005596,-1.2e-05,-4.9e-05,-3e-06,-0.000147,-0.005769,-0.005978,0.0,-0.00396,-0.00329,-0.009889,-0.00995,-4e-06,-0.009284,-6.4e-05,-0.007497,-0.002382,0.0,-0.002081,-0.01008,-0.005961,-0.006738,-0.006896,-0.01005,-0.002273,-0.000817,-0.00102,-1.2e-05,-0.000355,-0.003954,-0.004784,-0.005935
2017-05-26 13:47:00+02:00,-2e-06,0.0,-0.000253,-0.006056,-0.000228,-8.4e-05,-0.001054,-0.00221,-0.005609,-0.000104,-3.1e-05,-2e-06,-0.006167,-0.006144,-0.002456,-0.008502,-0.000134,-3e-06,-9.9e-05,-0.009822,0.0,-0.009835,-0.003894,-4e-06,-0.009762,-0.009824,-0.001843,0.0,-0.001018,-7.1e-05,-1e-05,-0.005416,0.0,-0.00504,-0.005917,-3e-06,-0.000423,-0.0033,-2e-06,-0.01008,-0.002022,-4e-06,-0.003225,0.0,-0.000207,-0.0016,-0.001986,-0.004741,-0.002659,0.0,-4.1e-05,-0.00531,-0.004974,-0.006144,-1e-05,0.0,-0.000195,-5e-06,0.0,-0.000804,-0.005247,-0.009932,-0.005288,0.0,-0.000273,-0.009098,-0.000443,-0.005048,0.0,-0.000409,-0.002075,-7.9e-05,-3.7e-05,-0.005578,-0.00606,0.0,-0.000174,-3e-06,-0.002291,-4e-06,-0.004981,-3e-06,-0.002144,-0.009941,-0.000138,-0.000157,-0.005788,-1e-05,-3.9e-05,-2e-06,-0.000117,-0.005587,-0.006167,0.0,-0.003779,-0.003039,-0.009667,-0.009734,-3e-06,-0.009052,-5.1e-05,-0.00718,-0.002258,0.0,-0.001954,-0.010448,-0.00615,-0.006473,-0.006582,-0.00984,-0.002144,-0.000675,-0.000915,-9e-06,-0.000284,-0.00374,-0.004488,-0.006125
2017-05-26 13:48:00+02:00,-1e-06,0.0,-0.000287,-0.006589,-0.000222,-6.7e-05,-0.001273,-0.002464,-0.005845,-8.3e-05,-2.5e-05,-2e-06,-0.00632,-0.006297,-0.002744,-0.009126,-0.000107,-2e-06,-7.9e-05,-0.010232,0.0,-0.01026,-0.004351,-3e-06,-0.010194,-0.010244,-0.002083,0.0,-0.001243,-5.7e-05,-8e-06,-0.005716,0.0,-0.005414,-0.006111,-2e-06,-0.000608,-0.003731,-2e-06,-0.010439,-0.002279,-3e-06,-0.00369,0.0,-0.000166,-0.001991,-0.00223,-0.005094,-0.00295,0.0,-3.3e-05,-0.00563,-0.005339,-0.006297,-8e-06,0.0,-0.000156,-4e-06,0.0,-0.001166,-0.005576,-0.010338,-0.005793,0.0,-0.000365,-0.009664,-0.000642,-0.005377,0.0,-0.000611,-0.002348,-6.3e-05,-2.9e-05,-0.005844,-0.006225,0.0,-0.000139,-3e-06,-0.002697,-3e-06,-0.005344,-3e-06,-0.002551,-0.010344,-0.000111,-0.000125,-0.005942,-8e-06,-3.1e-05,-2e-06,-9.4e-05,-0.005852,-0.00632,0.0,-0.004097,-0.003494,-0.010055,-0.010128,-3e-06,-0.009616,-4.1e-05,-0.007754,-0.002528,0.0,-0.002207,-0.010744,-0.006303,-0.007044,-0.007124,-0.010246,-0.002403,-0.000891,-0.001157,-8e-06,-0.000438,-0.004218,-0.004963,-0.006278
2017-05-26 13:49:00+02:00,-1e-06,0.0,-0.00023,-0.006588,-0.000178,-5.4e-05,-0.001281,-0.002473,-0.005909,-6.6e-05,-2e-05,-1e-06,-0.006322,-0.006299,-0.002764,-0.009137,-8.6e-05,-2e-06,-6.4e-05,-0.010323,0.0,-0.010356,-0.004362,-3e-06,-0.010301,-0.010341,-0.00209,0.0,-0.001243,-4.5e-05,-7e-06,-0.005808,0.0,-0.005475,-0.006144,-2e-06,-0.000496,-0.003745,-2e-06,-0.010489,-0.002292,-3e-06,-0.003712,0.0,-0.000133,-0.001989,-0.002227,-0.005114,-0.002967,0.0,-2.6e-05,-0.005678,-0.005362,-0.006299,-6e-06,0.0,-0.000125,-3e-06,0.0,-0.001179,-0.00562,-0.01042,-0.00579,0.0,-0.000292,-0.009698,-0.000649,-0.005407,0.0,-0.000616,-0.002366,-5.1e-05,-2.3e-05,-0.005911,-0.006236,0.0,-0.000112,-2e-06,-0.002711,-3e-06,-0.005366,-2e-06,-0.002546,-0.010426,-8.8e-05,-0.0001,-0.005925,-6e-06,-2.5e-05,-1e-06,-7.5e-05,-0.00591,-0.006322,0.0,-0.004109,-0.003509,-0.010144,-0.010216,-2e-06,-0.009723,-3.3e-05,-0.007757,-0.002541,0.0,-0.002219,-0.010726,-0.006304,-0.007079,-0.007125,-0.010335,-0.002415,-0.000891,-0.001176,-6e-06,-0.000351,-0.004238,-0.004957,-0.006278
2017-05-26 13:50:00+02:00,-1e-06,0.0,-0.000184,-0.004668,-0.000142,-4.3e-05,-0.001065,-0.002103,-0.002471,-5.3e-05,-1.6e-05,-1e-06,-0.002509,-0.002505,-0.002348,-0.004669,-6.9e-05,-1e-06,-5.1e-05,-0.004669,0.0,-0.004668,-0.003723,-2e-06,-0.004669,-0.004669,-0.00177,0.0,-0.001021,-3.6e-05,-5e-06,-0.002505,0.0,-0.002505,-0.002499,-2e-06,-0.000397,-0.003187,-1e-06,-0.004669,-0.001942,-2e-06,-0.003136,0.0,-0.000106,-0.001628,-0.001882,-0.00245,-0.002471,0.0,-2.1e-05,-0.002505,-0.002509,-0.002505,-5e-06,0.0,-0.0001,-2e-06,0.0,-0.000943,-0.002499,-0.004668,-0.004668,0.0,-0.000234,-0.004669,-0.000519,-0.00245,0.0,-0.000493,-0.001997,-4.1e-05,-1.9e-05,-0.002505,-0.002499,0.0,-8.9e-05,-2e-06,-0.002278,-2e-06,-0.002499,-2e-06,-0.002116,-0.004668,-7.1e-05,-8e-05,-0.002424,-5e-06,-2e-05,-1e-06,-6e-05,-0.002505,-0.002509,0.0,-0.002499,-0.002963,-0.004666,-0.004668,-2e-06,-0.004669,-2.6e-05,-0.004668,-0.002153,0.0,-0.001879,-0.004669,-0.002505,-0.004668,-0.004669,-0.004669,-0.00205,-0.000715,-0.000964,-5e-06,-0.00028,-0.003598,-0.004231,-0.002499
2017-05-26 13:51:00+02:00,-1e-06,0.0,-0.000147,-0.003734,-0.000114,-3.4e-05,-0.000852,-0.001682,-0.001976,-4.3e-05,-1.3e-05,-1e-06,-0.002033,-0.002011,-0.001878,-0.003735,-5.5e-05,-1e-06,-4.1e-05,-0.003735,0.0,-0.003734,-0.002979,-2e-06,-0.003735,-0.003735,-0.001416,0.0,-0.000817,-2.9e-05,-4e-06,-0.002004,0.0,-0.002004,-0.001999,-1e-06,-0.000317,-0.002549,-1e-06,-0.003735,-0.001553,-2e-06,-0.002509,0.0,-8.5e-05,-0.001303,-0.001506,-0.00196,-0.001976,0.0,-1.7e-05,-0.002004,-0.002007,-0.002029,-4e-06,0.0,-8e-05,-2e-06,0.0,-0.000755,-0.001999,-0.003734,-0.003734,0.0,-0.000187,-0.003735,-0.000415,-0.00196,0.0,-0.000394,-0.001598,-3.2e-05,-1.5e-05,-0.002004,-0.001999,0.0,-7.1e-05,-1e-06,-0.001822,-2e-06,-0.001999,-1e-06,-0.001693,-0.003734,-5.7e-05,-6.4e-05,-0.001953,-4e-06,-1.6e-05,-1e-06,-4.8e-05,-0.002004,-0.002023,0.0,-0.001999,-0.002371,-0.003733,-0.003734,-1e-06,-0.003735,-2.1e-05,-0.003734,-0.001722,0.0,-0.001503,-0.003782,-0.002025,-0.003734,-0.003735,-0.003735,-0.00164,-0.000572,-0.000771,-4e-06,-0.000224,-0.002878,-0.003385,-0.002012
2017-05-26 13:52:00+02:00,-1e-06,0.0,-0.000118,-0.002987,-9.1e-05,-2.8e-05,-0.000681,-0.001346,-0.001581,-3.4e-05,-1e-05,-1e-06,-0.001633,-0.001609,-0.001503,-0.002988,-4.4e-05,-1e-06,-3.3e-05,-0.002988,0.0,-0.002987,-0.002383,-1e-06,-0.002988,-0.002988,-0.001133,0.0,-0.000654,-2.3e-05,-3e-06,-0.001603,0.0,-0.001604,-0.001599,-1e-06,-0.000254,-0.00204,-1e-06,-0.002988,-0.001243,-1e-06,-0.002007,0.0,-6.8e-05,-0.001042,-0.001204,-0.001568,-0.001581,0.0,-1.3e-05,-0.001603,-0.001606,-0.001628,-3e-06,0.0,-6.4e-05,-1e-06,0.0,-0.000604,-0.001599,-0.002987,-0.002987,0.0,-0.00015,-0.002988,-0.000332,-0.001568,0.0,-0.000315,-0.001278,-2.6e-05,-1.2e-05,-0.001604,-0.001599,0.0,-5.7e-05,-1e-06,-0.001458,-1e-06,-0.001599,-1e-06,-0.001354,-0.002987,-4.5e-05,-5.1e-05,-0.001562,-3e-06,-1.3e-05,-1e-06,-3.8e-05,-0.001603,-0.001619,0.0,-0.001599,-0.001897,-0.002986,-0.002987,-1e-06,-0.002988,-1.7e-05,-0.002987,-0.001378,0.0,-0.001202,-0.003035,-0.001622,-0.002987,-0.002988,-0.002988,-0.001312,-0.000458,-0.000617,-3e-06,-0.000179,-0.002302,-0.002708,-0.001609
2017-05-26 13:53:00+02:00,-0.0,0.0,-9.4e-05,-0.00239,-7.3e-05,-2.2e-05,-0.000545,-0.001077,-0.001265,-2.7e-05,-8e-06,-1e-06,-0.001358,-0.001321,-0.001202,-0.002391,-3.5e-05,-1e-06,-2.6e-05,-0.002391,0.0,-0.00239,-0.001906,-1e-06,-0.002391,-0.002391,-0.000906,0.0,-0.000523,-1.9e-05,-3e-06,-0.001282,0.0,-0.001283,-0.001292,-1e-06,-0.000203,-0.001632,-1e-06,-0.002415,-0.000994,-1e-06,-0.001606,0.0,-5.4e-05,-0.000834,-0.000964,-0.001254,-0.001265,0.0,-1.1e-05,-0.001282,-0.001285,-0.001353,-3e-06,0.0,-5.1e-05,-1e-06,0.0,-0.000483,-0.001279,-0.00239,-0.00239,0.0,-0.00012,-0.002391,-0.000266,-0.001254,0.0,-0.000252,-0.001022,-2.1e-05,-1e-05,-0.001283,-0.001306,0.0,-4.6e-05,-1e-06,-0.001166,-1e-06,-0.001279,-1e-06,-0.001083,-0.002392,-3.6e-05,-4.1e-05,-0.001288,-3e-06,-1e-05,-1e-06,-3.1e-05,-0.001282,-0.001337,0.0,-0.001279,-0.001517,-0.002389,-0.00239,-1e-06,-0.002391,-1.3e-05,-0.00239,-0.001102,0.0,-0.000962,-0.002521,-0.001344,-0.00239,-0.002391,-0.002391,-0.001049,-0.000366,-0.000493,-2e-06,-0.000144,-0.001842,-0.002166,-0.001327
2017-05-26 13:54:00+02:00,-0.0,0.0,-7.5e-05,-0.002194,-5.8e-05,-1.8e-05,-0.000436,-0.000893,-0.001425,-2.2e-05,-7e-06,-0.0,-0.001691,-0.0016,-0.00112,-0.002389,-2.8e-05,-1e-06,-2.1e-05,-0.002489,0.0,-0.002484,-0.001578,-1e-06,-0.002623,-0.00252,-0.00073,0.0,-0.000418,-1.5e-05,-2e-06,-0.001425,0.0,-0.001392,-0.001502,-1e-06,-0.000162,-0.001315,-1e-06,-0.002724,-0.000804,-1e-06,-0.001357,0.0,-4.3e-05,-0.000667,-0.000832,-0.001262,-0.001184,0.0,-9e-06,-0.001331,-0.001315,-0.001683,-2e-06,0.0,-4.1e-05,-1e-06,0.0,-0.000386,-0.001324,-0.002638,-0.00214,0.0,-9.6e-05,-0.002439,-0.000213,-0.001287,0.0,-0.000202,-0.000875,-1.7e-05,-8e-06,-0.001356,-0.001563,0.0,-3.7e-05,-1e-06,-0.000933,-1e-06,-0.001311,-1e-06,-0.000878,-0.002644,-2.9e-05,-3.3e-05,-0.001556,-2e-06,-8e-06,-0.0,-2.5e-05,-0.001366,-0.001645,0.0,-0.001213,-0.001389,-0.002523,-0.002529,-1e-06,-0.002559,-1.1e-05,-0.002281,-0.000953,0.0,-0.000775,-0.003023,-0.001663,-0.002348,-0.002236,-0.002538,-0.000863,-0.000293,-0.000395,-2e-06,-0.000115,-0.001579,-0.001906,-0.001621
2017-05-26 13:55:00+02:00,-0.000303,0.0,-0.002191,-0.004124,-0.002086,-0.001423,-0.001647,-0.002043,-0.002493,-0.001096,-0.000698,-0.000371,-0.002741,-0.002665,-0.002276,-0.004269,-0.001717,-0.000464,-0.001507,-0.004335,0.0,-0.004354,-0.003633,-0.000676,-0.004461,-0.004374,-0.001882,0.0,-0.001688,-0.00097,-0.000566,-0.002523,0.0,-0.002499,-0.002582,-0.000511,-0.002414,-0.003357,-0.000373,-0.004523,-0.002022,-0.000671,-0.003456,0.0,-0.002007,-0.002891,-0.001964,-0.002339,-0.0023,0.0,-0.000777,-0.002448,-0.002439,-0.002732,-0.000564,0.0,-0.001927,-0.000801,0.0,-0.002653,-0.002437,-0.004477,-0.004083,0.0,-0.002254,-0.004309,-0.001469,-0.002359,0.0,-0.00153,-0.002078,-0.001012,-0.000774,-0.002471,-0.002631,0.0,-0.001827,-0.000559,-0.003072,-0.000657,-0.002426,-0.0007,-0.003073,-0.004484,-0.001758,-0.001843,-0.002544,-0.000545,-0.000738,-0.000343,-0.001158,-0.002476,-0.002704,0.0,-0.002351,-0.003469,-0.004302,-0.004329,-0.000662,-0.004391,-0.000829,-0.004191,-0.002091,0.0,-0.001989,-0.004776,-0.002713,-0.004184,-0.004115,-0.004374,-0.002068,-0.001587,-0.001685,-0.000866,-0.002258,-0.003621,-0.003883,-0.002675
2017-05-26 13:56:00+02:00,-0.000242,0.0,-0.002797,-0.005663,-0.002621,-0.00137,-0.002231,-0.002819,-0.003344,-0.001306,-0.000558,-0.000297,-0.003578,-0.003515,-0.0032,-0.005767,-0.001973,-0.000371,-0.001549,-0.005806,0.0,-0.005844,-0.005011,-0.000541,-0.005926,-0.005851,-0.002591,0.0,-0.002385,-0.00107,-0.000453,-0.003399,0.0,-0.003382,-0.003444,-0.000409,-0.003435,-0.004618,-0.000298,-0.005956,-0.002791,-0.000537,-0.004826,0.0,-0.002481,-0.004075,-0.002795,-0.003197,-0.003189,0.0,-0.000696,-0.003339,-0.003337,-0.003568,-0.000451,0.0,-0.002367,-0.000641,0.0,-0.003524,-0.003325,-0.005942,-0.005631,0.0,-0.002907,-0.005799,-0.00195,-0.003213,0.0,-0.002027,-0.002909,-0.001141,-0.000672,-0.003359,-0.003483,0.0,-0.002178,-0.000447,-0.004181,-0.000526,-0.003316,-0.00056,-0.004354,-0.005951,-0.002014,-0.00217,-0.003329,-0.000436,-0.000636,-0.000274,-0.001424,-0.003361,-0.003548,0.0,-0.003259,-0.005127,-0.005721,-0.005762,-0.000529,-0.005851,-0.000796,-0.005714,-0.002931,0.0,-0.002744,-0.006173,-0.003551,-0.005646,-0.005612,-0.005837,-0.002855,-0.002226,-0.002326,-0.000693,-0.002913,-0.005065,-0.005458,-0.003515
2017-05-26 13:57:00+02:00,-0.000194,0.0,-0.00247,-0.006498,-0.002253,-0.001096,-0.002255,-0.002983,-0.004024,-0.001045,-0.000447,-0.000238,-0.004247,-0.004195,-0.003626,-0.006969,-0.001578,-0.000297,-0.00124,-0.006987,0.0,-0.00704,-0.005301,-0.000433,-0.007103,-0.007036,-0.002713,0.0,-0.002462,-0.000856,-0.000362,-0.004099,0.0,-0.004089,-0.004134,-0.000327,-0.003428,-0.004839,-0.000238,-0.007107,-0.002934,-0.000429,-0.005093,0.0,-0.002066,-0.004188,-0.002994,-0.003882,-0.003652,0.0,-0.000557,-0.004051,-0.004054,-0.004238,-0.000361,0.0,-0.001939,-0.000513,0.0,-0.003429,-0.004035,-0.007119,-0.006289,0.0,-0.002617,-0.006995,-0.001896,-0.003895,0.0,-0.00196,-0.00309,-0.000913,-0.000538,-0.004071,-0.004165,0.0,-0.001742,-0.000358,-0.004276,-0.000421,-0.004028,-0.000448,-0.004537,-0.007129,-0.001611,-0.001736,-0.003957,-0.000349,-0.000509,-0.000219,-0.001173,-0.004069,-0.004223,0.0,-0.003823,-0.005623,-0.006861,-0.006914,-0.000423,-0.007022,-0.000637,-0.006807,-0.003135,0.0,-0.002878,-0.007294,-0.004221,-0.006821,-0.00656,-0.007012,-0.003012,-0.002258,-0.002363,-0.000554,-0.002647,-0.005394,-0.005955,-0.004187
2017-05-26 13:58:00+02:00,-0.000155,0.0,-0.001976,-0.006765,-0.001803,-0.000877,-0.002094,-0.00293,-0.004565,-0.000836,-0.000357,-0.00019,-0.00478,-0.004738,-0.003717,-0.007724,-0.001263,-0.000237,-0.000992,-0.007924,0.0,-0.007991,-0.005204,-0.000346,-0.008039,-0.007978,-0.002631,0.0,-0.002305,-0.000685,-0.00029,-0.004658,0.0,-0.004653,-0.004684,-0.000262,-0.003024,-0.004695,-0.000191,-0.00802,-0.002858,-0.000344,-0.004936,0.0,-0.001653,-0.003896,-0.00294,-0.004281,-0.003776,0.0,-0.000446,-0.004573,-0.004517,-0.004772,-0.000289,0.0,-0.001551,-0.00041,0.0,-0.003028,-0.004543,-0.008054,-0.006418,0.0,-0.002094,-0.007895,-0.001673,-0.004367,0.0,-0.001717,-0.00302,-0.00073,-0.00043,-0.004638,-0.004709,0.0,-0.001394,-0.000286,-0.004029,-0.000336,-0.004495,-0.000358,-0.004298,-0.008065,-0.001289,-0.001389,-0.004455,-0.000279,-0.000407,-0.000175,-0.000938,-0.004634,-0.004761,0.0,-0.004041,-0.005595,-0.007765,-0.007828,-0.000339,-0.007953,-0.000509,-0.007276,-0.003089,0.0,-0.002796,-0.008184,-0.004755,-0.007377,-0.006921,-0.007944,-0.002946,-0.002066,-0.002183,-0.000443,-0.002118,-0.005286,-0.00596,-0.004722
2017-05-26 13:59:00+02:00,-0.000124,0.0,-0.001581,-0.006773,-0.001442,-0.000701,-0.001887,-0.002807,-0.004994,-0.000669,-0.000286,-0.000152,-0.005204,-0.005169,-0.003648,-0.008111,-0.00101,-0.00019,-0.000793,-0.008571,0.0,-0.008624,-0.004982,-0.000277,-0.008779,-0.008697,-0.002485,0.0,-0.002072,-0.000548,-0.000232,-0.005101,0.0,-0.005046,-0.005121,-0.000209,-0.002487,-0.004438,-0.000153,-0.008742,-0.002713,-0.000275,-0.004628,0.0,-0.001323,-0.003474,-0.00279,-0.004483,-0.003734,0.0,-0.000357,-0.004867,-0.004762,-0.005196,-0.000231,0.0,-0.001241,-0.000328,0.0,-0.002566,-0.004828,-0.008792,-0.006318,0.0,-0.001675,-0.008395,-0.001416,-0.004627,0.0,-0.00144,-0.002857,-0.000584,-0.000344,-0.004993,-0.005141,0.0,-0.001115,-0.000229,-0.00369,-0.000269,-0.004744,-0.000287,-0.003915,-0.008805,-0.001031,-0.001111,-0.004849,-0.000223,-0.000326,-0.00014,-0.000751,-0.005009,-0.005189,0.0,-0.004095,-0.005334,-0.008478,-0.00855,-0.000271,-0.008688,-0.000407,-0.00744,-0.002948,0.0,-0.002647,-0.008887,-0.005179,-0.007569,-0.007006,-0.008681,-0.00281,-0.001805,-0.001937,-0.000355,-0.001694,-0.005016,-0.005766,-0.005147
2017-05-26 14:00:00+02:00,-9.9e-05,0.0,-0.001264,-0.006741,-0.001154,-0.000561,-0.001705,-0.002688,-0.005326,-0.000535,-0.000229,-0.000122,-0.005533,-0.005504,-0.003523,-0.00837,-0.000808,-0.000152,-0.000635,-0.009064,0.0,-0.009107,-0.004768,-0.000222,-0.009351,-0.009211,-0.00235,0.0,-0.001868,-0.000438,-0.000185,-0.005415,0.0,-0.005274,-0.005462,-0.000167,-0.00199,-0.0042,-0.000122,-0.009299,-0.002578,-0.00022,-0.004388,0.0,-0.001058,-0.003107,-0.00265,-0.004636,-0.003631,0.0,-0.000285,-0.005093,-0.004929,-0.005526,-0.000185,0.0,-0.000993,-0.000263,0.0,-0.002167,-0.005045,-0.009363,-0.0062,0.0,-0.00134,-0.00874,-0.001195,-0.004824,0.0,-0.001202,-0.002732,-0.000467,-0.000275,-0.005265,-0.005478,0.0,-0.000892,-0.000183,-0.003387,-0.000215,-0.004915,-0.000229,-0.003578,-0.009378,-0.000825,-0.000889,-0.005152,-0.000179,-0.000261,-0.000112,-0.000601,-0.005277,-0.005521,0.0,-0.004117,-0.005014,-0.009014,-0.009096,-0.000217,-0.009132,-0.000326,-0.007529,-0.002839,0.0,-0.002509,-0.009429,-0.005508,-0.00759,-0.007034,-0.009241,-0.002681,-0.00158,-0.001743,-0.000284,-0.001355,-0.004808,-0.005574,-0.005477
2017-05-26 14:01:00+02:00,-7.9e-05,0.0,-0.001012,-0.006566,-0.000923,-0.000449,-0.001554,-0.00258,-0.005543,-0.000428,-0.000183,-9.7e-05,-0.005757,-0.005734,-0.003371,-0.008372,-0.000646,-0.000122,-0.000508,-0.009384,0.0,-0.009416,-0.004575,-0.000177,-0.00971,-0.00936,-0.002232,0.0,-0.001656,-0.000351,-0.000148,-0.005578,0.0,-0.005374,-0.005696,-0.000134,-0.001592,-0.003992,-9.8e-05,-0.009678,-0.002458,-0.000176,-0.004191,0.0,-0.000846,-0.00273,-0.002477,-0.004723,-0.003493,0.0,-0.000228,-0.005234,-0.004941,-0.005752,-0.000148,0.0,-0.000794,-0.00021,0.0,-0.00185,-0.00518,-0.00975,-0.00597,0.0,-0.001072,-0.008792,-0.001019,-0.004942,0.0,-0.001013,-0.002628,-0.000374,-0.00022,-0.005441,-0.005708,0.0,-0.000714,-0.000146,-0.003135,-0.000172,-0.004929,-0.000183,-0.003218,-0.009766,-0.00066,-0.000711,-0.005354,-0.000143,-0.000209,-9e-05,-0.00048,-0.005348,-0.005747,0.0,-0.004043,-0.004681,-0.009186,-0.009271,-0.000173,-0.009342,-0.000261,-0.007427,-0.002745,0.0,-0.002387,-0.009794,-0.005733,-0.007495,-0.006901,-0.009419,-0.002566,-0.001355,-0.001592,-0.000227,-0.001084,-0.004633,-0.005298,-0.005702
2017-05-26 14:02:00+02:00,-6.4e-05,0.0,-0.000809,-0.00639,-0.000738,-0.000359,-0.00142,-0.00248,-0.005671,-0.000342,-0.000146,-7.8e-05,-0.005978,-0.00596,-0.003208,-0.008334,-0.000517,-9.7e-05,-0.000406,-0.009598,0.0,-0.009625,-0.004397,-0.000142,-0.009922,-0.009439,-0.002123,0.0,-0.001465,-0.00028,-0.000119,-0.00566,0.0,-0.005407,-0.005925,-0.000107,-0.001273,-0.003802,-7.8e-05,-0.010056,-0.002348,-0.000141,-0.004002,0.0,-0.000677,-0.002394,-0.00232,-0.00477,-0.003343,0.0,-0.000183,-0.005321,-0.004926,-0.005974,-0.000118,0.0,-0.000635,-0.000168,0.0,-0.001571,-0.005263,-0.010032,-0.00575,0.0,-0.000858,-0.008794,-0.000865,-0.005014,0.0,-0.000847,-0.002525,-0.000299,-0.000176,-0.005555,-0.005935,0.0,-0.000571,-0.000117,-0.002909,-0.000138,-0.004915,-0.000147,-0.002895,-0.010064,-0.000528,-0.000569,-0.005558,-0.000114,-0.000167,-7.2e-05,-0.000384,-0.005379,-0.00597,0.0,-0.00396,-0.004348,-0.009276,-0.009365,-0.000139,-0.009434,-0.000209,-0.007308,-0.002652,0.0,-0.002275,-0.010164,-0.005955,-0.007346,-0.006756,-0.009519,-0.00246,-0.001155,-0.001453,-0.000182,-0.000867,-0.004462,-0.005041,-0.005923
2017-05-26 14:03:00+02:00,-5.1e-05,0.0,-0.000647,-0.006355,-0.000591,-0.000287,-0.001369,-0.002459,-0.005818,-0.000274,-0.000117,-6.2e-05,-0.00611,-0.006097,-0.003129,-0.008407,-0.000414,-7.8e-05,-0.000325,-0.009846,0.0,-0.009867,-0.004357,-0.000113,-0.010157,-0.009604,-0.002093,0.0,-0.001375,-0.000224,-9.5e-05,-0.005776,0.0,-0.005483,-0.006064,-8.6e-05,-0.001019,-0.00375,-6.3e-05,-0.010266,-0.002322,-0.000113,-0.003941,0.0,-0.000542,-0.00223,-0.002252,-0.004856,-0.00327,0.0,-0.000146,-0.005446,-0.004982,-0.006108,-9.5e-05,0.0,-0.000508,-0.000134,0.0,-0.001451,-0.005383,-0.010268,-0.00568,0.0,-0.000686,-0.008898,-0.000797,-0.005119,0.0,-0.000775,-0.002498,-0.000239,-0.000141,-0.005702,-0.006072,0.0,-0.000457,-9.4e-05,-0.002829,-0.00011,-0.004972,-0.000117,-0.002743,-0.010299,-0.000422,-0.000455,-0.005671,-9.1e-05,-0.000133,-5.7e-05,-0.000307,-0.005472,-0.006104,0.0,-0.003961,-0.004163,-0.009451,-0.009543,-0.000111,-0.009576,-0.000167,-0.007317,-0.002628,0.0,-0.002248,-0.010365,-0.006087,-0.007301,-0.006743,-0.009701,-0.002437,-0.001056,-0.001397,-0.000145,-0.000694,-0.004413,-0.004941,-0.006055
2017-05-26 14:04:00+02:00,-4.1e-05,0.0,-0.000518,-0.00618,-0.000473,-0.00023,-0.001281,-0.002383,-0.005812,-0.000219,-9.4e-05,-5e-05,-0.006217,-0.006206,-0.00298,-0.008293,-0.000331,-6.2e-05,-0.00026,-0.009862,0.0,-0.00988,-0.004219,-9.1e-05,-0.010129,-0.009547,-0.002014,0.0,-0.001245,-0.000179,-7.6e-05,-0.005748,0.0,-0.005429,-0.006176,-6.9e-05,-0.000815,-0.003609,-5e-05,-0.010425,-0.002243,-9e-05,-0.003782,0.0,-0.000433,-0.002,-0.002132,-0.004834,-0.003127,0.0,-0.000117,-0.005447,-0.004929,-0.006215,-7.6e-05,0.0,-0.000407,-0.000108,0.0,-0.001278,-0.005382,-0.010292,-0.005485,0.0,-0.000549,-0.008803,-0.000702,-0.005109,0.0,-0.000673,-0.002411,-0.000191,-0.000113,-0.005719,-0.006182,0.0,-0.000365,-7.5e-05,-0.002675,-8.8e-05,-0.004918,-9.4e-05,-0.002515,-0.010335,-0.000338,-0.000364,-0.005759,-7.3e-05,-0.000107,-4.6e-05,-0.000246,-0.005442,-0.006212,0.0,-0.003876,-0.003883,-0.009402,-0.009496,-8.9e-05,-0.009483,-0.000133,-0.007166,-0.002543,0.0,-0.002167,-0.010518,-0.006193,-0.007093,-0.006582,-0.009655,-0.00236,-0.000923,-0.001298,-0.000116,-0.000555,-0.004259,-0.004731,-0.00616
2017-05-26 14:05:00+02:00,-3.3e-05,0.0,-0.000414,-0.005901,-0.000378,-0.000184,-0.001209,-0.002285,-0.00538,-0.000175,-7.5e-05,-4e-05,-0.005619,-0.005625,-0.002816,-0.007982,-0.000265,-5e-05,-0.000208,-0.009152,0.0,-0.009223,-0.004036,-7.3e-05,-0.00923,-0.009194,-0.001925,0.0,-0.001148,-0.000144,-6.1e-05,-0.005578,0.0,-0.005253,-0.005601,-5.5e-05,-0.000652,-0.003447,-4e-05,-0.009152,-0.002153,-7.2e-05,-0.003598,0.0,-0.000347,-0.001832,-0.00201,-0.00469,-0.002956,0.0,-9.3e-05,-0.005311,-0.004772,-0.005625,-6.1e-05,0.0,-0.000325,-8.6e-05,0.0,-0.001174,-0.005244,-0.009223,-0.005217,0.0,-0.000439,-0.008486,-0.000645,-0.004963,0.0,-0.000616,-0.002309,-0.000153,-9e-05,-0.005586,-0.005601,0.0,-0.000292,-6e-05,-0.002536,-7.1e-05,-0.00476,-7.5e-05,-0.00233,-0.009241,-0.00027,-0.000291,-0.005079,-5.9e-05,-8.5e-05,-3.7e-05,-0.000197,-0.005284,-0.005619,0.0,-0.00373,-0.00361,-0.008972,-0.009035,-7.1e-05,-0.009139,-0.000107,-0.006868,-0.002433,0.0,-0.002078,-0.009194,-0.005592,-0.006759,-0.006302,-0.009152,-0.002267,-0.000834,-0.001222,-9.3e-05,-0.000444,-0.004062,-0.004481,-0.005551
2017-05-26 14:06:00+02:00,-2.6e-05,0.0,-0.000331,-0.005263,-0.000302,-0.000147,-0.001012,-0.002025,-0.005,-0.00014,-6e-05,-3.2e-05,-0.005555,-0.005488,-0.002489,-0.007234,-0.000212,-4e-05,-0.000166,-0.008492,0.0,-0.008546,-0.00357,-5.8e-05,-0.00856,-0.008391,-0.001687,0.0,-0.000918,-0.000115,-4.9e-05,-0.005141,0.0,-0.004824,-0.00531,-4.4e-05,-0.000522,-0.00302,-3.2e-05,-0.00867,-0.001897,-5.8e-05,-0.003153,0.0,-0.000277,-0.001465,-0.001733,-0.004308,-0.002624,0.0,-7.5e-05,-0.004907,-0.004347,-0.005562,-4.8e-05,0.0,-0.00026,-6.9e-05,0.0,-0.000939,-0.004841,-0.008599,-0.004616,0.0,-0.000351,-0.007712,-0.000516,-0.00457,0.0,-0.000493,-0.002044,-0.000123,-7.2e-05,-0.005171,-0.005415,0.0,-0.000234,-4.8e-05,-0.002161,-5.6e-05,-0.004334,-6e-05,-0.001906,-0.008624,-0.000216,-0.000233,-0.004991,-4.7e-05,-6.8e-05,-2.9e-05,-0.000157,-0.004835,-0.005552,0.0,-0.003356,-0.003107,-0.008208,-0.008269,-5.7e-05,-0.00837,-8.5e-05,-0.006178,-0.002163,0.0,-0.001826,-0.008999,-0.005527,-0.006093,-0.005649,-0.008378,-0.002006,-0.000668,-0.001016,-7.4e-05,-0.000355,-0.003592,-0.003924,-0.00546
2017-05-26 14:07:00+02:00,-2.1e-05,0.0,-0.000265,-0.004977,-0.000242,-0.000118,-0.00096,-0.00193,-0.004828,-0.000112,-4.8e-05,-2.6e-05,-0.0056,-0.005521,-0.002354,-0.006868,-0.000169,-3.2e-05,-0.000133,-0.00819,0.0,-0.008234,-0.003394,-4.6e-05,-0.00825,-0.007986,-0.001604,0.0,-0.000854,-9.2e-05,-3.9e-05,-0.004929,0.0,-0.004617,-0.005217,-3.5e-05,-0.000417,-0.002868,-2.6e-05,-0.008508,-0.00181,-4.6e-05,-0.003,0.0,-0.000222,-0.001352,-0.001629,-0.00413,-0.002479,0.0,-6e-05,-0.004721,-0.004149,-0.005607,-3.9e-05,0.0,-0.000208,-5.5e-05,0.0,-0.000875,-0.004656,-0.008325,-0.004357,0.0,-0.000281,-0.007327,-0.000481,-0.004384,0.0,-0.000457,-0.001955,-9.8e-05,-5.8e-05,-0.00498,-0.005408,0.0,-0.000187,-3.8e-05,-0.002049,-4.5e-05,-0.004136,-4.8e-05,-0.001775,-0.008357,-0.000173,-0.000186,-0.005031,-3.7e-05,-5.5e-05,-2.4e-05,-0.000126,-0.004621,-0.005597,0.0,-0.003194,-0.002905,-0.007826,-0.007887,-4.5e-05,-0.007975,-6.8e-05,-0.005853,-0.002064,0.0,-0.001741,-0.009071,-0.005572,-0.005767,-0.005348,-0.007996,-0.001916,-0.000608,-0.000969,-6e-05,-0.000284,-0.003419,-0.003695,-0.005509
2017-05-26 14:08:00+02:00,-1.7e-05,0.0,-0.000254,-0.005144,-0.000194,-9.4e-05,-0.001058,-0.002031,-0.004971,-9e-05,-3.8e-05,-2e-05,-0.005805,-0.005744,-0.002441,-0.007039,-0.000136,-2.5e-05,-0.000106,-0.008446,0.0,-0.008489,-0.00357,-3.7e-05,-0.0085,-0.008171,-0.0017,0.0,-0.000954,-7.4e-05,-3.1e-05,-0.005039,0.0,-0.004722,-0.005459,-2.8e-05,-0.000483,-0.003032,-2e-05,-0.008917,-0.001919,-3.7e-05,-0.003186,0.0,-0.000178,-0.001517,-0.001719,-0.004245,-0.00256,0.0,-4.8e-05,-0.004853,-0.004265,-0.005813,-3.1e-05,0.0,-0.000167,-4.4e-05,0.0,-0.001044,-0.004785,-0.008625,-0.00452,0.0,-0.000312,-0.007501,-0.000575,-0.004502,0.0,-0.000559,-0.002069,-7.8e-05,-4.6e-05,-0.005116,-0.005649,0.0,-0.00015,-3.1e-05,-0.00222,-3.6e-05,-0.00425,-3.8e-05,-0.001944,-0.008669,-0.000138,-0.000149,-0.005229,-3e-05,-4.4e-05,-1.9e-05,-0.000101,-0.004741,-0.005803,0.0,-0.003304,-0.003039,-0.008007,-0.008076,-3.6e-05,-0.008127,-5.5e-05,-0.006021,-0.002169,0.0,-0.001847,-0.009436,-0.005777,-0.00589,-0.005504,-0.008199,-0.002025,-0.000702,-0.001084,-4.8e-05,-0.000348,-0.0036,-0.003853,-0.005719
2017-05-26 14:09:00+02:00,-1.3e-05,0.0,-0.000483,-0.005702,-0.000385,-7.5e-05,-0.001308,-0.002319,-0.005234,-7.2e-05,-3.1e-05,-1.6e-05,-0.005954,-0.005908,-0.002757,-0.007664,-0.000108,-2e-05,-8.5e-05,-0.008886,0.0,-0.008949,-0.004073,-3e-05,-0.008962,-0.008683,-0.001969,0.0,-0.001215,-5.9e-05,-2.5e-05,-0.005336,0.0,-0.00509,-0.005675,-2.2e-05,-0.0008,-0.003502,-1.6e-05,-0.009262,-0.00222,-3e-05,-0.003686,0.0,-0.000306,-0.00195,-0.001987,-0.004616,-0.002866,0.0,-3.8e-05,-0.005187,-0.00466,-0.005963,-2.5e-05,0.0,-0.000248,-3.5e-05,0.0,-0.001457,-0.005125,-0.009057,-0.005053,0.0,-0.000582,-0.008145,-0.000806,-0.004827,0.0,-0.000806,-0.002378,-6.3e-05,-3.7e-05,-0.005406,-0.005827,0.0,-0.00012,-2.5e-05,-0.00267,-2.9e-05,-0.004642,-3.1e-05,-0.002397,-0.009101,-0.000111,-0.000119,-0.005369,-2.4e-05,-3.5e-05,-1.5e-05,-0.000167,-0.005097,-0.005953,0.0,-0.00366,-0.003511,-0.008472,-0.008548,-2.9e-05,-0.00863,-4.4e-05,-0.006608,-0.002464,0.0,-0.002143,-0.009695,-0.005927,-0.006437,-0.006058,-0.008688,-0.002328,-0.000948,-0.001359,-3.8e-05,-0.000645,-0.004106,-0.004357,-0.005872
2017-05-26 14:10:00+02:00,-1.1e-05,0.0,-0.000387,-0.005802,-0.000308,-6e-05,-0.001343,-0.002372,-0.005402,-5.7e-05,-2.5e-05,-1.3e-05,-0.006062,-0.006028,-0.00281,-0.007801,-8.7e-05,-1.6e-05,-6.8e-05,-0.009168,0.0,-0.009228,-0.004162,-2.4e-05,-0.009244,-0.008887,-0.002015,0.0,-0.00124,-4.7e-05,-2e-05,-0.005476,0.0,-0.005208,-0.005838,-1.8e-05,-0.000766,-0.003577,-1.3e-05,-0.009511,-0.002276,-2.4e-05,-0.00377,0.0,-0.000245,-0.001985,-0.002021,-0.004714,-0.002918,0.0,-3.1e-05,-0.005327,-0.00476,-0.006072,-2e-05,0.0,-0.000199,-2.8e-05,0.0,-0.001498,-0.00526,-0.009376,-0.005139,0.0,-0.00051,-0.008293,-0.000829,-0.004944,0.0,-0.000831,-0.002437,-5e-05,-3e-05,-0.005566,-0.00596,0.0,-9.6e-05,-2e-05,-0.002735,-2.3e-05,-0.004739,-2.5e-05,-0.002441,-0.00942,-8.9e-05,-9.5e-05,-0.005468,-1.9e-05,-2.8e-05,-1.2e-05,-0.000133,-0.005222,-0.006061,0.0,-0.003736,-0.003567,-0.008679,-0.008762,-2.3e-05,-0.008813,-3.5e-05,-0.006724,-0.002519,0.0,-0.002196,-0.009874,-0.006035,-0.006537,-0.006158,-0.008914,-0.002386,-0.000965,-0.0014,-3e-05,-0.000602,-0.004194,-0.004428,-0.005982
2017-05-26 14:11:00+02:00,-9e-06,0.0,-0.000309,-0.005766,-0.000246,-4.8e-05,-0.001321,-0.002358,-0.005466,-4.6e-05,-2e-05,-1e-05,-0.006144,-0.00612,-0.002788,-0.007785,-6.9e-05,-1.3e-05,-5.5e-05,-0.009267,0.0,-0.009324,-0.004136,-1.9e-05,-0.009348,-0.008917,-0.001999,0.0,-0.001203,-3.8e-05,-1.6e-05,-0.005516,0.0,-0.005229,-0.005964,-1.4e-05,-0.000649,-0.003545,-1e-05,-0.009697,-0.002263,-1.9e-05,-0.003737,0.0,-0.000196,-0.001916,-0.00199,-0.004725,-0.002895,0.0,-2.5e-05,-0.005366,-0.004764,-0.006155,-1.6e-05,0.0,-0.000159,-2.3e-05,0.0,-0.001445,-0.005295,-0.009534,-0.005094,0.0,-0.000408,-0.008282,-0.0008,-0.004967,0.0,-0.000799,-0.002424,-4e-05,-2.4e-05,-0.00562,-0.006061,0.0,-7.7e-05,-1.6e-05,-0.002696,-1.8e-05,-0.004742,-2e-05,-0.002376,-0.009591,-7.1e-05,-7.6e-05,-0.005539,-1.5e-05,-2.2e-05,-1e-05,-0.000107,-0.005244,-0.006144,0.0,-0.003727,-0.003506,-0.008714,-0.008801,-1.9e-05,-0.008837,-2.8e-05,-0.006696,-0.002505,0.0,-0.002182,-0.010004,-0.006117,-0.006503,-0.006122,-0.008961,-0.002374,-0.000922,-0.001377,-2.4e-05,-0.000486,-0.004163,-0.004376,-0.006065
2017-05-26 14:12:00+02:00,-7e-06,0.0,-0.000247,-0.005726,-0.000197,-3.9e-05,-0.001296,-0.002338,-0.00553,-3.7e-05,-1.6e-05,-8e-06,-0.006208,-0.006192,-0.002773,-0.007756,-5.6e-05,-1e-05,-4.4e-05,-0.009327,0.0,-0.009382,-0.004097,-1.5e-05,-0.009452,-0.008922,-0.001976,0.0,-0.001171,-3e-05,-1.3e-05,-0.005557,0.0,-0.005252,-0.006063,-1.2e-05,-0.00056,-0.003503,-8e-06,-0.009842,-0.002244,-1.5e-05,-0.003702,0.0,-0.000157,-0.001857,-0.001962,-0.004724,-0.002879,0.0,-2e-05,-0.005387,-0.004758,-0.00622,-1.3e-05,0.0,-0.000127,-1.8e-05,0.0,-0.001393,-0.005313,-0.009662,-0.00505,0.0,-0.000326,-0.008257,-0.000771,-0.004976,0.0,-0.000768,-0.002408,-3.2e-05,-1.9e-05,-0.005653,-0.006141,0.0,-6.1e-05,-1.3e-05,-0.002651,-1.5e-05,-0.004736,-1.6e-05,-0.002321,-0.009729,-5.7e-05,-6.1e-05,-0.005592,-1.2e-05,-1.8e-05,-8e-06,-8.5e-05,-0.005251,-0.006208,0.0,-0.003714,-0.003462,-0.008723,-0.008814,-1.5e-05,-0.008868,-2.2e-05,-0.006661,-0.002488,0.0,-0.002162,-0.010104,-0.006181,-0.00648,-0.006081,-0.00898,-0.002355,-0.000885,-0.001355,-2e-05,-0.000389,-0.004129,-0.004327,-0.006129
2017-05-26 14:13:00+02:00,-5e-06,0.0,-0.000198,-0.005669,-0.000158,-3.1e-05,-0.001271,-0.002315,-0.005552,-2.9e-05,-1.3e-05,-7e-06,-0.006254,-0.006244,-0.002743,-0.007703,-4.4e-05,-8e-06,-3.5e-05,-0.009343,0.0,-0.009396,-0.004055,-1.2e-05,-0.009483,-0.008894,-0.001952,0.0,-0.001135,-2.4e-05,-1e-05,-0.005563,0.0,-0.005245,-0.006138,-9e-06,-0.000469,-0.003459,-7e-06,-0.009945,-0.002222,-1.2e-05,-0.003651,0.0,-0.000125,-0.001791,-0.001927,-0.004706,-0.002847,0.0,-1.6e-05,-0.005388,-0.004737,-0.006267,-1e-05,0.0,-0.000102,-1.4e-05,0.0,-0.001343,-0.00531,-0.009719,-0.00499,0.0,-0.000261,-0.008206,-0.000743,-0.004965,0.0,-0.000738,-0.002382,-2.6e-05,-1.5e-05,-0.005662,-0.0062,0.0,-4.9e-05,-1e-05,-0.002606,-1.2e-05,-0.004713,-1.3e-05,-0.002258,-0.009793,-4.5e-05,-4.9e-05,-0.005628,-1e-05,-1.4e-05,-6e-06,-6.8e-05,-0.005239,-0.006254,0.0,-0.003688,-0.003398,-0.008699,-0.008792,-1.2e-05,-0.008846,-1.8e-05,-0.006605,-0.00246,0.0,-0.002139,-0.010172,-0.006227,-0.006424,-0.006022,-0.008962,-0.002334,-0.000846,-0.001323,-1.6e-05,-0.000311,-0.004078,-0.004264,-0.006176
2017-05-26 14:14:00+02:00,-4e-06,0.0,-0.000158,-0.005607,-0.000126,-2.5e-05,-0.001251,-0.002294,-0.00553,-2.4e-05,-1e-05,-5e-06,-0.006286,-0.006282,-0.002702,-0.00764,-3.6e-05,-7e-06,-2.8e-05,-0.009351,0.0,-0.009403,-0.004018,-1e-05,-0.009446,-0.008847,-0.001932,0.0,-0.001102,-1.9e-05,-8e-06,-0.005535,0.0,-0.005211,-0.006193,-7e-06,-0.000383,-0.003422,-5e-06,-0.010017,-0.002204,-1e-05,-0.003616,0.0,-0.0001,-0.001732,-0.001893,-0.00469,-0.002804,0.0,-1.3e-05,-0.005387,-0.004708,-0.0063,-8e-06,0.0,-8.1e-05,-1.2e-05,0.0,-0.001307,-0.005308,-0.009716,-0.004927,0.0,-0.000209,-0.008143,-0.000723,-0.004955,0.0,-0.000717,-0.002365,-2.1e-05,-1.2e-05,-0.005669,-0.006243,0.0,-3.9e-05,-8e-06,-0.00257,-9e-06,-0.004684,-1e-05,-0.002198,-0.009797,-3.6e-05,-3.9e-05,-0.005649,-8e-06,-1.1e-05,-5e-06,-5.5e-05,-0.005217,-0.006286,0.0,-0.003658,-0.003323,-0.008656,-0.00875,-1e-05,-0.008776,-1.4e-05,-0.006542,-0.002441,0.0,-0.002121,-0.010215,-0.006258,-0.006344,-0.005958,-0.008924,-0.002316,-0.000812,-0.001305,-1.2e-05,-0.000249,-0.004043,-0.004201,-0.006207
2017-05-26 14:15:00+02:00,-3e-06,0.0,-0.000127,-0.005587,-0.000101,-2e-05,-0.001241,-0.002285,-0.005558,-1.9e-05,-8e-06,-4e-06,-0.006323,-0.006322,-0.002696,-0.007618,-2.8e-05,-5e-06,-2.2e-05,-0.009374,0.0,-0.009427,-0.004003,-8e-06,-0.009493,-0.008839,-0.001923,0.0,-0.001091,-1.5e-05,-7e-06,-0.005553,0.0,-0.005221,-0.006249,-6e-06,-0.000346,-0.003405,-4e-06,-0.010092,-0.002197,-8e-06,-0.003603,0.0,-8e-05,-0.001712,-0.001881,-0.004685,-0.002795,0.0,-1e-05,-0.005396,-0.004702,-0.006337,-6e-06,0.0,-6.5e-05,-9e-06,0.0,-0.001289,-0.005315,-0.009771,-0.004907,0.0,-0.000167,-0.008121,-0.000713,-0.004955,0.0,-0.000706,-0.002359,-1.6e-05,-1e-05,-0.005684,-0.006289,0.0,-3.1e-05,-6e-06,-0.002553,-8e-06,-0.004677,-8e-06,-0.002179,-0.009858,-2.9e-05,-3.1e-05,-0.005676,-6e-06,-9e-06,-4e-06,-4.4e-05,-0.005216,-0.006322,0.0,-0.003652,-0.003303,-0.008648,-0.008743,-8e-06,-0.008783,-1.1e-05,-0.006521,-0.002433,0.0,-0.002113,-0.010269,-0.006294,-0.006327,-0.005935,-0.008921,-0.002309,-0.000799,-0.001297,-1e-05,-0.000204,-0.004028,-0.004179,-0.006243
2017-05-26 14:16:00+02:00,-3e-06,0.0,-0.000101,-0.005527,-8.1e-05,-1.6e-05,-0.0012,-0.002246,-0.00559,-1.5e-05,-6e-06,-3e-06,-0.006351,-0.006354,-0.002704,-0.007557,-2.3e-05,-4e-06,-1.8e-05,-0.00944,0.0,-0.009494,-0.003934,-6e-06,-0.009552,-0.008792,-0.001883,0.0,-0.001053,-1.2e-05,-5e-06,-0.00558,0.0,-0.005243,-0.006293,-5e-06,-0.000332,-0.003336,-3e-06,-0.010153,-0.002157,-6e-06,-0.003627,0.0,-6.4e-05,-0.001647,-0.001841,-0.004706,-0.0028,0.0,-8e-06,-0.005431,-0.00467,-0.006366,-5e-06,0.0,-5.2e-05,-7e-06,0.0,-0.0012,-0.005348,-0.009843,-0.004841,0.0,-0.000134,-0.008062,-0.000663,-0.004979,0.0,-0.000653,-0.002375,-1.3e-05,-8e-06,-0.005724,-0.006325,0.0,-2.5e-05,-5e-06,-0.00248,-6e-06,-0.004644,-6e-06,-0.002113,-0.009936,-2.3e-05,-2.5e-05,-0.005695,-5e-06,-7e-06,-3e-06,-3.5e-05,-0.00519,-0.006351,0.0,-0.00362,-0.003308,-0.008604,-0.0087,-6e-06,-0.008812,-9e-06,-0.006461,-0.002447,0.0,-0.002073,-0.010312,-0.006322,-0.006337,-0.005873,-0.008879,-0.002268,-0.000761,-0.00131,-8e-06,-0.000163,-0.004052,-0.004108,-0.006271
2017-05-26 14:17:00+02:00,-2e-06,0.0,-8.1e-05,-0.005493,-6.5e-05,-1.3e-05,-0.001169,-0.002215,-0.005598,-1.2e-05,-5e-06,-3e-06,-0.00637,-0.006376,-0.002704,-0.007524,-1.8e-05,-3e-06,-1.4e-05,-0.009453,0.0,-0.009508,-0.003882,-5e-06,-0.009566,-0.008771,-0.001852,0.0,-0.00103,-1e-05,-4e-06,-0.005588,0.0,-0.005248,-0.006325,-4e-06,-0.000315,-0.003282,-3e-06,-0.010187,-0.002127,-5e-06,-0.003619,0.0,-5.1e-05,-0.001606,-0.001817,-0.004702,-0.002796,0.0,-6e-06,-0.00544,-0.004657,-0.006386,-4e-06,0.0,-4.2e-05,-6e-06,0.0,-0.001134,-0.005354,-0.009875,-0.004801,0.0,-0.000107,-0.00803,-0.000626,-0.004979,0.0,-0.000613,-0.002373,-1.1e-05,-6e-06,-0.005737,-0.00635,0.0,-2e-05,-4e-06,-0.002426,-5e-06,-0.00463,-5e-06,-0.002073,-0.009972,-1.9e-05,-2e-05,-0.005703,-4e-06,-6e-06,-3e-06,-2.8e-05,-0.005182,-0.00637,0.0,-0.003605,-0.003298,-0.008585,-0.008681,-5e-06,-0.008806,-7e-06,-0.006427,-0.002441,0.0,-0.002042,-0.010332,-0.006341,-0.006324,-0.005837,-0.008863,-0.002239,-0.000737,-0.001309,-6e-06,-0.00013,-0.004042,-0.004063,-0.006288
2017-05-26 14:18:00+02:00,-2e-06,0.0,-6.5e-05,-0.005449,-5.2e-05,-1e-05,-0.001143,-0.002184,-0.005571,-1e-05,-4e-06,-2e-06,-0.006296,-0.006315,-0.002691,-0.00747,-1.5e-05,-3e-06,-1.1e-05,-0.009415,0.0,-0.00947,-0.003825,-4e-06,-0.009516,-0.008718,-0.001822,0.0,-0.001016,-8e-06,-3e-06,-0.005563,0.0,-0.005224,-0.006304,-3e-06,-0.000305,-0.003229,-2e-06,-0.010032,-0.002098,-4e-06,-0.003609,0.0,-4.1e-05,-0.001581,-0.001795,-0.004679,-0.002778,0.0,-5e-06,-0.005426,-0.004635,-0.006315,-3e-06,0.0,-3.3e-05,-5e-06,0.0,-0.001085,-0.005338,-0.009834,-0.004757,0.0,-8.6e-05,-0.007974,-0.000599,-0.004956,0.0,-0.000585,-0.002369,-8e-06,-5e-06,-0.005725,-0.006304,0.0,-1.6e-05,-3e-06,-0.002378,-4e-06,-0.004606,-4e-06,-0.002044,-0.009935,-1.5e-05,-1.6e-05,-0.005573,-3e-06,-5e-06,-2e-06,-2.2e-05,-0.00516,-0.006296,0.0,-0.003586,-0.003273,-0.008534,-0.00863,-4e-06,-0.008746,-6e-06,-0.006378,-0.002433,0.0,-0.002013,-0.010118,-0.006263,-0.006276,-0.005789,-0.008812,-0.002209,-0.000724,-0.001311,-5e-06,-0.000104,-0.004028,-0.004019,-0.006204
2017-05-26 14:19:00+02:00,-1e-06,0.0,-5.2e-05,-0.005352,-4.1e-05,-8e-06,-0.001095,-0.002128,-0.005508,-8e-06,-3e-06,-2e-06,-0.006319,-0.006339,-0.002645,-0.007358,-1.2e-05,-2e-06,-9e-06,-0.009335,0.0,-0.009391,-0.003728,-3e-06,-0.009411,-0.008603,-0.00177,0.0,-0.000972,-6e-06,-3e-06,-0.005502,0.0,-0.005163,-0.006303,-2e-06,-0.000253,-0.003137,-2e-06,-0.010044,-0.002042,-3e-06,-0.003562,0.0,-3.3e-05,-0.001507,-0.001746,-0.004632,-0.00273,0.0,-4e-06,-0.005382,-0.004573,-0.006339,-3e-06,0.0,-2.7e-05,-4e-06,0.0,-0.001,-0.005294,-0.009737,-0.00466,0.0,-6.8e-05,-0.007859,-0.000552,-0.004908,0.0,-0.000534,-0.002341,-7e-06,-4e-06,-0.005681,-0.006327,0.0,-1.3e-05,-3e-06,-0.002291,-3e-06,-0.004543,-3e-06,-0.001966,-0.00984,-1.2e-05,-1.3e-05,-0.005595,-3e-06,-4e-06,-2e-06,-1.8e-05,-0.005097,-0.006319,0.0,-0.00353,-0.003201,-0.008422,-0.008517,-3e-06,-0.008634,-5e-06,-0.006273,-0.002403,0.0,-0.001958,-0.01016,-0.006286,-0.006179,-0.005688,-0.008699,-0.002153,-0.000682,-0.001289,-4e-06,-8.3e-05,-0.003977,-0.003924,-0.006228
2017-05-26 14:20:00+02:00,-1e-06,0.0,-4.2e-05,-0.005396,-3.3e-05,-6e-06,-0.001107,-0.002141,-0.005539,-6e-06,-3e-06,-1e-06,-0.006343,-0.006362,-0.002677,-0.007403,-9e-06,-2e-06,-7e-06,-0.009401,0.0,-0.00946,-0.003753,-3e-06,-0.00947,-0.008653,-0.001781,0.0,-0.000995,-5e-06,-2e-06,-0.005536,0.0,-0.005197,-0.006333,-2e-06,-0.000294,-0.003158,-1e-06,-0.010092,-0.002058,-3e-06,-0.003624,0.0,-2.6e-05,-0.001544,-0.001765,-0.004664,-0.002756,0.0,-3e-06,-0.005425,-0.004606,-0.006362,-2e-06,0.0,-2.1e-05,-3e-06,0.0,-0.001016,-0.005335,-0.009801,-0.004701,0.0,-9.4e-05,-0.007904,-0.00056,-0.004942,0.0,-0.000544,-0.00238,-5e-06,-3e-06,-0.005727,-0.006352,0.0,-1e-05,-2e-06,-0.002312,-2e-06,-0.004574,-3e-06,-0.002005,-0.009908,-1e-05,-1e-05,-0.005616,-2e-06,-3e-06,-1e-06,-1.4e-05,-0.005131,-0.006343,0.0,-0.003561,-0.003246,-0.008469,-0.008565,-2e-06,-0.008678,-4e-06,-0.006318,-0.002436,0.0,-0.001972,-0.010203,-0.00631,-0.006219,-0.005728,-0.00875,-0.002169,-0.000704,-0.001326,-3e-06,-6.9e-05,-0.004037,-0.00396,-0.006251
2017-05-26 14:21:00+02:00,-1e-06,0.0,-3.3e-05,-0.005417,-2.6e-05,-5e-06,-0.001112,-0.002147,-0.005563,-5e-06,-2e-06,-1e-06,-0.006358,-0.006377,-0.002699,-0.007422,-7e-06,-1e-06,-6e-06,-0.009445,0.0,-0.009506,-0.003766,-2e-06,-0.009517,-0.008677,-0.001786,0.0,-0.001005,-4e-06,-2e-06,-0.005563,0.0,-0.005223,-0.006352,-2e-06,-0.000319,-0.003169,-1e-06,-0.010123,-0.002067,-2e-06,-0.003664,0.0,-2.1e-05,-0.001562,-0.001772,-0.004684,-0.002774,0.0,-3e-06,-0.005455,-0.004622,-0.006377,-2e-06,0.0,-1.7e-05,-2e-06,0.0,-0.001023,-0.005363,-0.009849,-0.004719,0.0,-0.000105,-0.007924,-0.000563,-0.004962,0.0,-0.000548,-0.002406,-4e-06,-3e-06,-0.005759,-0.006368,0.0,-8e-06,-2e-06,-0.002323,-2e-06,-0.004589,-2e-06,-0.002023,-0.00996,-8e-06,-8e-06,-0.005627,-2e-06,-2e-06,-1e-06,-1.1e-05,-0.005149,-0.006358,0.0,-0.003577,-0.003276,-0.00849,-0.008587,-2e-06,-0.008712,-3e-06,-0.006337,-0.002457,0.0,-0.001981,-0.01023,-0.006325,-0.006247,-0.005745,-0.008774,-0.002178,-0.000715,-0.00135,-3e-06,-5.5e-05,-0.004076,-0.003976,-0.006265
2017-05-26 14:22:00+02:00,-1e-06,0.0,-2.7e-05,-0.005384,-2.1e-05,-4e-06,-0.001094,-0.002128,-0.005558,-4e-06,-2e-06,-1e-06,-0.006374,-0.006393,-0.002693,-0.007384,-6e-06,-1e-06,-5e-06,-0.009438,0.0,-0.009501,-0.003736,-2e-06,-0.009518,-0.008642,-0.001767,0.0,-0.000986,-3e-06,-1e-06,-0.00556,0.0,-0.005218,-0.006372,-1e-06,-0.000305,-0.003138,-1e-06,-0.010157,-0.002048,-2e-06,-0.003659,0.0,-1.7e-05,-0.001531,-0.001752,-0.004674,-0.002765,0.0,-2e-06,-0.00545,-0.004601,-0.006393,-1e-06,0.0,-1.4e-05,-2e-06,0.0,-0.000988,-0.005357,-0.009849,-0.004685,0.0,-8.4e-05,-0.007886,-0.000544,-0.004952,0.0,-0.000527,-0.002402,-3e-06,-2e-06,-0.005756,-0.006384,0.0,-7e-06,-1e-06,-0.002291,-2e-06,-0.004566,-2e-06,-0.001991,-0.009963,-6e-06,-7e-06,-0.005639,-1e-06,-2e-06,-1e-06,-9e-06,-0.005129,-0.006374,0.0,-0.003558,-0.003263,-0.008458,-0.008553,-2e-06,-0.008702,-2e-06,-0.006302,-0.002451,0.0,-0.001961,-0.010261,-0.00634,-0.006232,-0.005709,-0.008741,-0.002159,-0.000696,-0.001347,-2e-06,-4.4e-05,-0.00407,-0.00394,-0.00628
2017-05-26 14:23:00+02:00,-1e-06,0.0,-2.1e-05,-0.005429,-1.7e-05,-3e-06,-0.001097,-0.002135,-0.005585,-3e-06,-1e-06,-1e-06,-0.006406,-0.006426,-0.002708,-0.00744,-5e-06,-1e-06,-4e-06,-0.009498,0.0,-0.009563,-0.003754,-1e-06,-0.009579,-0.008707,-0.001773,0.0,-0.000998,-3e-06,-1e-06,-0.005588,0.0,-0.005244,-0.006408,-1e-06,-0.00031,-0.003152,-1e-06,-0.010224,-0.002057,-1e-06,-0.003694,0.0,-1.3e-05,-0.001551,-0.001765,-0.004697,-0.002777,0.0,-2e-06,-0.005481,-0.004633,-0.006426,-1e-06,0.0,-1.1e-05,-2e-06,0.0,-0.000989,-0.005387,-0.009908,-0.004724,0.0,-8.3e-05,-0.007945,-0.000544,-0.004977,0.0,-0.000527,-0.002422,-3e-06,-2e-06,-0.005789,-0.006418,0.0,-5e-06,-1e-06,-0.002301,-1e-06,-0.004598,-1e-06,-0.002015,-0.010025,-5e-06,-5e-06,-0.005668,-1e-06,-2e-06,-1e-06,-7e-06,-0.005165,-0.006406,0.0,-0.003585,-0.003284,-0.00852,-0.008616,-1e-06,-0.008747,-2e-06,-0.006351,-0.002469,0.0,-0.001969,-0.010327,-0.006373,-0.006263,-0.005752,-0.008807,-0.002168,-0.000706,-0.001363,-2e-06,-3.5e-05,-0.004105,-0.003972,-0.006312
2017-05-26 14:24:00+02:00,-0.0,0.0,-1.7e-05,-0.005535,-1.4e-05,-3e-06,-0.001123,-0.002171,-0.005656,-3e-06,-1e-06,-1e-06,-0.006444,-0.006464,-0.002753,-0.007568,-4e-06,-1e-06,-3e-06,-0.009637,0.0,-0.009705,-0.003825,-1e-06,-0.009721,-0.008853,-0.001805,0.0,-0.00103,-2e-06,-1e-06,-0.00566,0.0,-0.005312,-0.006449,-1e-06,-0.000344,-0.003214,-1e-06,-0.010305,-0.002094,-1e-06,-0.003773,0.0,-1.1e-05,-0.001608,-0.001803,-0.004759,-0.00282,0.0,-1e-06,-0.005553,-0.004707,-0.006464,-1e-06,0.0,-9e-06,-1e-06,0.0,-0.001027,-0.005458,-0.010052,-0.00482,0.0,-0.000108,-0.008079,-0.000564,-0.005041,0.0,-0.000549,-0.002467,-2e-06,-1e-06,-0.005866,-0.006457,0.0,-4e-06,-1e-06,-0.002355,-1e-06,-0.00467,-1e-06,-0.002078,-0.010174,-4e-06,-4e-06,-0.005703,-1e-06,-1e-06,-1e-06,-6e-06,-0.005244,-0.006444,0.0,-0.003648,-0.00335,-0.008662,-0.008759,-1e-06,-0.008871,-2e-06,-0.006467,-0.002513,0.0,-0.002005,-0.010407,-0.006411,-0.006358,-0.005858,-0.008953,-0.002206,-0.000736,-0.001398,-1e-06,-3.7e-05,-0.004187,-0.004057,-0.006349
2017-05-26 14:25:00+02:00,-0.0,0.0,-1.4e-05,-0.005617,-1.1e-05,-2e-06,-0.001136,-0.002194,-0.005714,-2e-06,-1e-06,-0.0,-0.00648,-0.0065,-0.002781,-0.007676,-3e-06,-1e-06,-2e-06,-0.009755,0.0,-0.009826,-0.003874,-1e-06,-0.009843,-0.00898,-0.001825,0.0,-0.001046,-2e-06,-1e-06,-0.005718,0.0,-0.005367,-0.006487,-1e-06,-0.000344,-0.003254,-0.0,-0.010382,-0.002118,-1e-06,-0.003823,0.0,-9e-06,-0.001636,-0.001827,-0.004807,-0.002847,0.0,-1e-06,-0.005612,-0.004767,-0.0065,-1e-06,0.0,-7e-06,-1e-06,0.0,-0.001039,-0.005515,-0.010176,-0.004891,0.0,-0.0001,-0.008194,-0.000569,-0.005093,0.0,-0.000554,-0.002495,-2e-06,-1e-06,-0.00593,-0.006494,0.0,-3e-06,-1e-06,-0.002385,-1e-06,-0.004729,-1e-06,-0.002113,-0.010302,-3e-06,-3e-06,-0.005736,-1e-06,-1e-06,-0.0,-5e-06,-0.005312,-0.00648,0.0,-0.003696,-0.003387,-0.008786,-0.008883,-1e-06,-0.008974,-1e-06,-0.006561,-0.00254,0.0,-0.002027,-0.010484,-0.006446,-0.00643,-0.005941,-0.009081,-0.002231,-0.000748,-0.001415,-1e-06,-3e-05,-0.004241,-0.004116,-0.006384
2017-05-26 14:26:00+02:00,-0.0,0.0,-1.1e-05,-0.00567,-9e-06,-2e-06,-0.001134,-0.002203,-0.005751,-2e-06,-1e-06,-0.0,-0.006514,-0.006534,-0.002785,-0.007757,-2e-06,-0.0,-2e-06,-0.009832,0.0,-0.009903,-0.0039,-1e-06,-0.009932,-0.00908,-0.001832,0.0,-0.001044,-1e-06,-1e-06,-0.005753,0.0,-0.005397,-0.006524,-1e-06,-0.000311,-0.003273,-0.0,-0.010466,-0.002125,-1e-06,-0.003827,0.0,-7e-06,-0.001634,-0.001834,-0.004829,-0.002852,0.0,-1e-06,-0.005641,-0.004807,-0.006534,-1e-06,0.0,-6e-06,-1e-06,0.0,-0.001025,-0.005543,-0.010267,-0.004933,0.0,-8e-05,-0.008282,-0.000561,-0.005118,0.0,-0.000544,-0.002494,-1e-06,-1e-06,-0.005962,-0.006529,0.0,-3e-06,-1e-06,-0.002391,-1e-06,-0.004768,-1e-06,-0.002117,-0.010397,-2e-06,-3e-06,-0.00577,-1e-06,-1e-06,-0.0,-4e-06,-0.005358,-0.006514,0.0,-0.003724,-0.00339,-0.008887,-0.008984,-1e-06,-0.009047,-1e-06,-0.006626,-0.002542,0.0,-0.002034,-0.010568,-0.006481,-0.006471,-0.005998,-0.009184,-0.002239,-0.000742,-0.001404,-1e-06,-2.4e-05,-0.00425,-0.004147,-0.006418
2017-05-26 14:27:00+02:00,-0.0,0.0,-9e-06,-0.005717,-7e-06,-1e-06,-0.001129,-0.00221,-0.005789,-1e-06,-1e-06,-0.0,-0.006552,-0.006572,-0.002787,-0.007834,-2e-06,-0.0,-2e-06,-0.009923,0.0,-0.009994,-0.003921,-1e-06,-0.010029,-0.009179,-0.001835,0.0,-0.001034,-1e-06,-0.0,-0.005789,0.0,-0.005428,-0.006564,-0.0,-0.000268,-0.003286,-0.0,-0.01056,-0.002129,-1e-06,-0.003832,0.0,-6e-06,-0.001619,-0.001836,-0.004856,-0.002856,0.0,-1e-06,-0.005675,-0.004842,-0.006572,-0.0,0.0,-4e-06,-1e-06,0.0,-0.001003,-0.005575,-0.010367,-0.004967,0.0,-6.4e-05,-0.008367,-0.000547,-0.005149,0.0,-0.000528,-0.002493,-1e-06,-1e-06,-0.006,-0.006568,0.0,-2e-06,-0.0,-0.002391,-1e-06,-0.004803,-1e-06,-0.002109,-0.0105,-2e-06,-2e-06,-0.005808,-0.0,-1e-06,-0.0,-3e-06,-0.0054,-0.006552,0.0,-0.003747,-0.003388,-0.008988,-0.009085,-1e-06,-0.009127,-1e-06,-0.006686,-0.002544,0.0,-0.002037,-0.010661,-0.006518,-0.006515,-0.00605,-0.009285,-0.002244,-0.000729,-0.001391,-1e-06,-1.9e-05,-0.004261,-0.004169,-0.006456
2017-05-26 14:28:00+02:00,-0.0,0.0,-7e-06,-0.005789,-6e-06,-1e-06,-0.001129,-0.002223,-0.005837,-1e-06,-0.0,-0.0,-0.00659,-0.006609,-0.002797,-0.007939,-2e-06,-0.0,-1e-06,-0.010029,0.0,-0.010102,-0.003954,-0.0,-0.010139,-0.009307,-0.001844,0.0,-0.001035,-1e-06,-0.0,-0.005836,0.0,-0.00547,-0.006603,-0.0,-0.000233,-0.00331,-0.0,-0.010647,-0.00214,-0.0,-0.003856,0.0,-4e-06,-0.001623,-0.00185,-0.004893,-0.002867,0.0,-1e-06,-0.00572,-0.004897,-0.006609,-0.0,0.0,-4e-06,-1e-06,0.0,-0.000991,-0.005619,-0.010481,-0.005026,0.0,-5.1e-05,-0.008481,-0.00054,-0.00519,0.0,-0.000519,-0.002504,-1e-06,-1e-06,-0.00605,-0.006607,0.0,-2e-06,-0.0,-0.002401,-0.0,-0.004857,-0.0,-0.002121,-0.010617,-2e-06,-2e-06,-0.005844,-0.0,-1e-06,-0.0,-2e-06,-0.005463,-0.00659,0.0,-0.003786,-0.003397,-0.009117,-0.009213,-0.0,-0.009219,-1e-06,-0.006773,-0.002556,0.0,-0.002047,-0.010748,-0.006555,-0.00657,-0.006126,-0.009416,-0.002257,-0.000726,-0.001389,-1e-06,-1.5e-05,-0.004291,-0.004214,-0.006492
2017-05-26 14:29:00+02:00,-0.0,0.0,-6e-06,-0.005781,-4e-06,-1e-06,-0.001114,-0.002217,-0.005849,-1e-06,-0.0,-0.0,-0.006609,-0.006629,-0.002784,-0.007948,-1e-06,-0.0,-1e-06,-0.010064,0.0,-0.010139,-0.003948,-0.0,-0.010173,-0.009324,-0.001836,0.0,-0.001009,-1e-06,-0.0,-0.005849,0.0,-0.00548,-0.006624,-0.0,-0.000187,-0.003299,-0.0,-0.010683,-0.002133,-0.0,-0.003839,0.0,-4e-06,-0.001578,-0.001832,-0.0049,-0.002854,0.0,-0.0,-0.005735,-0.004901,-0.006629,-0.0,0.0,-3e-06,-0.0,0.0,-0.000955,-0.005632,-0.010518,-0.005011,0.0,-4.1e-05,-0.008493,-0.000519,-0.0052,0.0,-0.000496,-0.002494,-1e-06,-0.0,-0.006068,-0.006627,0.0,-1e-06,-0.0,-0.00238,-0.0,-0.00486,-0.0,-0.00208,-0.010658,-1e-06,-1e-06,-0.005857,-0.0,-0.0,-0.0,-2e-06,-0.00547,-0.006609,0.0,-0.003783,-0.003366,-0.009133,-0.009229,-0.0,-0.00924,-1e-06,-0.006773,-0.002547,0.0,-0.00204,-0.010785,-0.006574,-0.006568,-0.006121,-0.009433,-0.002251,-0.000697,-0.00137,-0.0,-1.2e-05,-0.004278,-0.004192,-0.006509
2017-05-26 14:30:00+02:00,-0.0,0.0,-4e-06,-0.005402,-4e-06,-1e-06,-0.001028,-0.002071,-0.004535,-1e-06,-0.0,-0.0,-0.004881,-0.004905,-0.00261,-0.007455,-1e-06,-0.0,-1e-06,-0.007782,0.0,-0.007853,-0.003687,-0.0,-0.007886,-0.007822,-0.00171,0.0,-0.00092,-1e-06,-0.0,-0.004839,0.0,-0.004905,-0.004907,-0.0,-0.000149,-0.003083,-0.0,-0.007782,-0.001994,-0.0,-0.003574,0.0,-3e-06,-0.001434,-0.001698,-0.004378,-0.002671,0.0,-0.0,-0.004839,-0.00461,-0.004905,-0.0,0.0,-2e-06,-0.0,0.0,-0.000858,-0.004769,-0.007853,-0.004676,0.0,-3.3e-05,-0.007822,-0.000465,-0.004378,0.0,-0.000442,-0.00233,-1e-06,-0.0,-0.004905,-0.004907,0.0,-1e-06,-0.0,-0.002209,-0.0,-0.004566,-0.0,-0.001907,-0.007884,-1e-06,-1e-06,-0.004203,-0.0,-0.0,-0.0,-2e-06,-0.004839,-0.004881,0.0,-0.003552,-0.003133,-0.007649,-0.007686,-0.0,-0.007782,-0.0,-0.006342,-0.002377,0.0,-0.001904,-0.007822,-0.004839,-0.006177,-0.005737,-0.007782,-0.002105,-0.000626,-0.001265,-0.0,-1e-05,-0.003992,-0.003905,-0.004769
2017-05-26 14:31:00+02:00,-0.0,0.0,-4e-06,-0.00363,-3e-06,-1e-06,-0.000822,-0.00168,-0.001981,-1e-06,-0.0,-0.0,-0.002092,-0.002101,-0.002102,-0.003632,-1e-06,-0.0,-1e-06,-0.00363,0.0,-0.003632,-0.002991,-0.0,-0.00363,-0.003632,-0.001376,0.0,-0.000736,-0.0,-0.0,-0.002077,0.0,-0.002101,-0.002102,-0.0,-0.00012,-0.002483,-0.0,-0.00363,-0.001608,-0.0,-0.002913,0.0,-2e-06,-0.001147,-0.001358,-0.001934,-0.001981,0.0,-0.0,-0.002077,-0.002092,-0.002101,-0.0,0.0,-2e-06,-0.0,0.0,-0.000686,-0.002053,-0.003632,-0.003632,0.0,-2.6e-05,-0.003632,-0.000372,-0.001934,0.0,-0.000353,-0.001903,-0.0,-0.0,-0.002101,-0.002102,0.0,-1e-06,-0.0,-0.001767,-0.0,-0.002053,-0.0,-0.001525,-0.00363,-1e-06,-1e-06,-0.001885,-0.0,-0.0,-0.0,-1e-06,-0.002077,-0.002092,0.0,-0.002102,-0.002561,-0.003618,-0.003621,-0.0,-0.00363,-0.0,-0.003632,-0.001934,0.0,-0.001534,-0.003632,-0.002077,-0.003621,-0.003627,-0.00363,-0.001703,-0.000501,-0.001012,-0.0,-8e-06,-0.00327,-0.003136,-0.002053
2017-05-26 14:32:00+02:00,-0.0,0.0,-3e-06,-0.002904,-2e-06,-0.0,-0.000658,-0.001344,-0.001585,-0.0,-0.0,-0.0,-0.001674,-0.001681,-0.001681,-0.002905,-1e-06,-0.0,-1e-06,-0.002904,0.0,-0.002905,-0.002393,-0.0,-0.002904,-0.002905,-0.001101,0.0,-0.000589,-0.0,-0.0,-0.001662,0.0,-0.001681,-0.001681,-0.0,-9.6e-05,-0.001986,-0.0,-0.002904,-0.001287,-0.0,-0.00233,0.0,-2e-06,-0.000918,-0.001087,-0.001548,-0.001585,0.0,-0.0,-0.001662,-0.001674,-0.001681,-0.0,0.0,-1e-06,-0.0,0.0,-0.000549,-0.001642,-0.002905,-0.002905,0.0,-2.1e-05,-0.002905,-0.000298,-0.001548,0.0,-0.000283,-0.001523,-0.0,-0.0,-0.001681,-0.001681,0.0,-1e-06,-0.0,-0.001414,-0.0,-0.001642,-0.0,-0.00122,-0.002904,-1e-06,-1e-06,-0.001508,-0.0,-0.0,-0.0,-1e-06,-0.001662,-0.001674,0.0,-0.001681,-0.002048,-0.002894,-0.002897,-0.0,-0.002904,-0.0,-0.002905,-0.001548,0.0,-0.001227,-0.002905,-0.001662,-0.002897,-0.002901,-0.002904,-0.001363,-0.0004,-0.00081,-0.0,-6e-06,-0.002616,-0.002509,-0.001642
2017-05-26 14:33:00+02:00,-0.0,0.0,-0.000592,-0.003492,-0.000419,-0.000175,-0.000917,-0.001599,-0.002478,-0.000154,-0.0,-0.0,-0.002632,-0.002642,-0.002213,-0.003715,-0.000357,-0.0,-0.000229,-0.004196,0.0,-0.004219,-0.002854,-0.0,-0.004443,-0.003844,-0.001348,0.0,-0.000886,-0.000187,-0.0,-0.00259,0.0,-0.002566,-0.002644,-0.0,-0.00087,-0.002429,-0.0,-0.004385,-0.001565,-0.0,-0.002967,0.0,-0.000385,-0.001431,-0.001351,-0.002197,-0.002106,0.0,-7.4e-05,-0.002437,-0.002206,-0.002642,-0.0,0.0,-0.000471,-0.0,0.0,-0.001037,-0.002402,-0.004423,-0.003406,0.0,-0.000641,-0.003768,-0.000564,-0.002235,0.0,-0.000578,-0.001906,-0.000108,-6e-05,-0.002501,-0.002644,0.0,-0.000247,-0.0,-0.00188,-0.0,-0.002168,-0.0,-0.001735,-0.004441,-0.00026,-0.00041,-0.002331,-0.0,-0.0,-0.0,-0.000224,-0.002248,-0.002632,0.0,-0.002094,-0.002877,-0.003788,-0.003803,-0.0,-0.004313,-1.4e-05,-0.003596,-0.0019,0.0,-0.0015,-0.004407,-0.002614,-0.00395,-0.003506,-0.003842,-0.001643,-0.000701,-0.001188,-0.0,-0.000481,-0.00324,-0.002989,-0.002582
2017-05-26 14:34:00+02:00,-0.0,0.0,-0.001088,-0.003772,-0.000869,-0.00045,-0.001148,-0.0018,-0.002538,-0.000376,-9.6e-05,-5e-06,-0.002707,-0.002718,-0.002376,-0.003947,-0.000735,-0.0,-0.000535,-0.004329,0.0,-0.004352,-0.003229,-2.8e-05,-0.004532,-0.00405,-0.001553,0.0,-0.001164,-0.000392,-6.1e-05,-0.002667,0.0,-0.002658,-0.002721,-0.0,-0.001477,-0.002835,-0.0,-0.00448,-0.001799,-2.6e-05,-0.003351,0.0,-0.000815,-0.001929,-0.00158,-0.002294,-0.00224,0.0,-0.000222,-0.002545,-0.002366,-0.002718,-6.1e-05,0.0,-0.000913,-1.6e-05,0.0,-0.001517,-0.002507,-0.004515,-0.003702,0.0,-0.00115,-0.00399,-0.000815,-0.002324,0.0,-0.00086,-0.00211,-0.00031,-0.000201,-0.002605,-0.002721,0.0,-0.000624,-0.0,-0.002316,-2.2e-05,-0.002319,-0.0,-0.002217,-0.004531,-0.00062,-0.000812,-0.00238,-5.5e-05,-0.000112,-0.0,-0.000477,-0.002393,-0.002707,0.0,-0.002281,-0.003277,-0.003995,-0.004009,-0.0,-0.004423,-0.00016,-0.003853,-0.002057,0.0,-0.00173,-0.0045,-0.002686,-0.004126,-0.003774,-0.004046,-0.001872,-0.000989,-0.001452,-3.9e-05,-0.000973,-0.003567,-0.003366,-0.002651
2017-05-26 14:35:00+02:00,-0.0,0.0,-0.00087,-0.003017,-0.000695,-0.00036,-0.000919,-0.00144,-0.002081,-0.000301,-7.7e-05,-4e-06,-0.002399,-0.002355,-0.0019,-0.003158,-0.000588,-0.0,-0.000428,-0.003483,0.0,-0.003496,-0.002583,-2.2e-05,-0.003711,-0.00324,-0.001242,0.0,-0.000931,-0.000314,-4.9e-05,-0.002172,0.0,-0.002141,-0.002289,-0.0,-0.001182,-0.002268,-0.0,-0.003765,-0.001439,-2.1e-05,-0.002681,0.0,-0.000652,-0.001544,-0.001264,-0.001835,-0.001792,0.0,-0.000178,-0.002036,-0.001893,-0.002407,-4.9e-05,0.0,-0.000731,-1.3e-05,0.0,-0.001214,-0.002005,-0.003734,-0.002962,0.0,-0.00092,-0.003192,-0.000652,-0.001859,0.0,-0.000688,-0.001688,-0.000248,-0.000161,-0.002086,-0.002335,0.0,-0.000499,-0.0,-0.001853,-1.8e-05,-0.001855,-0.0,-0.001774,-0.003751,-0.000496,-0.000649,-0.002075,-4.4e-05,-9e-05,-0.0,-0.000382,-0.001915,-0.002375,0.0,-0.001824,-0.002621,-0.003196,-0.003207,-0.0,-0.003586,-0.000128,-0.003082,-0.001645,0.0,-0.001384,-0.003965,-0.002368,-0.003301,-0.003019,-0.003237,-0.001497,-0.000791,-0.001162,-3.1e-05,-0.000778,-0.002854,-0.002693,-0.002314
2017-05-26 14:36:00+02:00,-0.0,0.0,-0.001262,-0.003725,-0.000964,-0.000388,-0.001146,-0.001713,-0.002886,-0.000387,-6.2e-05,-3e-06,-0.003226,-0.003196,-0.002442,-0.004099,-0.000778,-0.0,-0.000505,-0.004783,0.0,-0.004817,-0.003078,-1.8e-05,-0.005116,-0.00432,-0.001493,0.0,-0.001196,-0.000403,-3.9e-05,-0.003035,0.0,-0.003025,-0.003145,-0.0,-0.001753,-0.002715,-0.0,-0.005096,-0.001727,-1.7e-05,-0.003287,0.0,-0.00089,-0.001992,-0.001543,-0.002482,-0.002323,0.0,-0.000168,-0.002804,-0.002495,-0.003237,-3.9e-05,0.0,-0.001019,-1e-05,0.0,-0.001588,-0.002757,-0.005111,-0.003578,0.0,-0.001339,-0.004191,-0.000857,-0.002543,0.0,-0.000912,-0.002063,-0.000291,-0.000141,-0.0029,-0.003182,0.0,-0.000634,-0.0,-0.002275,-1.4e-05,-0.002449,-0.0,-0.00225,-0.005145,-0.000624,-0.000883,-0.002793,-3.5e-05,-7.2e-05,-0.0,-0.000518,-0.002574,-0.003206,0.0,-0.0023,-0.003403,-0.004233,-0.004256,-0.0,-0.004953,-0.000103,-0.003897,-0.002003,0.0,-0.001663,-0.005278,-0.003191,-0.004392,-0.003745,-0.004318,-0.001791,-0.001044,-0.001478,-2.5e-05,-0.0011,-0.003475,-0.003246,-0.003132
2017-05-26 14:37:00+02:00,-0.0,0.0,-0.002079,-0.005134,-0.001661,-0.0007,-0.001679,-0.002363,-0.003534,-0.000701,-8.9e-05,-3e-06,-0.003893,-0.003874,-0.003273,-0.005392,-0.001302,-0.0,-0.000879,-0.005918,0.0,-0.005986,-0.004255,-1.4e-05,-0.006249,-0.005569,-0.002091,0.0,-0.001805,-0.000689,-3.1e-05,-0.003731,0.0,-0.003738,-0.003835,-0.0,-0.00276,-0.003789,-0.0,-0.006168,-0.002412,-1.3e-05,-0.004546,0.0,-0.001543,-0.003024,-0.002191,-0.00317,-0.003084,0.0,-0.00032,-0.003546,-0.003308,-0.003907,-3.1e-05,0.0,-0.00168,-8e-06,0.0,-0.002471,-0.003491,-0.00622,-0.004979,0.0,-0.002199,-0.005466,-0.001337,-0.003218,0.0,-0.001439,-0.002841,-0.000552,-0.000263,-0.003638,-0.003865,0.0,-0.001137,-0.0,-0.003277,-1.1e-05,-0.003245,-0.0,-0.003346,-0.00627,-0.001119,-0.001477,-0.003371,-2.8e-05,-0.000141,-0.0,-0.000899,-0.003362,-0.003878,0.0,-0.003159,-0.004804,-0.005418,-0.005452,-0.0,-0.006053,-0.000239,-0.005249,-0.002743,0.0,-0.00233,-0.006335,-0.003856,-0.00556,-0.005064,-0.005546,-0.002487,-0.001623,-0.002129,-2e-05,-0.001865,-0.004765,-0.004535,-0.003791
2017-05-26 14:38:00+02:00,-0.0,0.0,-0.002079,-0.0057,-0.001561,-0.00056,-0.001758,-0.00252,-0.004058,-0.000561,-7.1e-05,-2e-06,-0.004433,-0.004422,-0.003648,-0.006308,-0.001102,-0.0,-0.000703,-0.006845,0.0,-0.006939,-0.004541,-1.1e-05,-0.007175,-0.006588,-0.00222,0.0,-0.001905,-0.000552,-2.5e-05,-0.004293,0.0,-0.004313,-0.004393,-0.0,-0.002924,-0.004023,-0.0,-0.007045,-0.002564,-1.1e-05,-0.0049,0.0,-0.001407,-0.003187,-0.00235,-0.003726,-0.003472,0.0,-0.000256,-0.004145,-0.003886,-0.004449,-2.5e-05,0.0,-0.00159,-7e-06,0.0,-0.00254,-0.004084,-0.007127,-0.005423,0.0,-0.002229,-0.006468,-0.001374,-0.003765,0.0,-0.001474,-0.003068,-0.000442,-0.00021,-0.004233,-0.004416,0.0,-0.00091,-0.0,-0.003447,-9e-06,-0.003816,-0.0,-0.003549,-0.007189,-0.000895,-0.001308,-0.00384,-2.3e-05,-0.000113,-0.0,-0.000811,-0.003998,-0.00442,0.0,-0.003554,-0.005255,-0.006386,-0.006428,-0.0,-0.006953,-0.000191,-0.005975,-0.002972,0.0,-0.002475,-0.007201,-0.004393,-0.006515,-0.005684,-0.006547,-0.002648,-0.0017,-0.002263,-1.6e-05,-0.001839,-0.005155,-0.0049,-0.004324
2017-05-26 14:39:00+02:00,-0.0,0.0,-0.001805,-0.005856,-0.001249,-0.000448,-0.001681,-0.002501,-0.004482,-0.000449,-5.7e-05,-2e-06,-0.004868,-0.004865,-0.003746,-0.006751,-0.000882,-0.0,-0.000563,-0.0076,0.0,-0.007716,-0.004511,-9e-06,-0.007929,-0.007225,-0.002184,0.0,-0.001815,-0.000441,-2e-05,-0.004746,0.0,-0.004778,-0.004844,-0.0,-0.002746,-0.003963,-0.0,-0.00776,-0.002529,-9e-06,-0.004911,0.0,-0.001126,-0.003023,-0.002319,-0.00409,-0.003593,0.0,-0.000205,-0.004626,-0.004166,-0.004886,-2e-05,0.0,-0.001272,-5e-06,0.0,-0.002336,-0.00455,-0.007866,-0.005483,0.0,-0.001978,-0.00698,-0.001262,-0.004183,0.0,-0.001346,-0.003085,-0.000353,-0.000168,-0.004714,-0.004862,0.0,-0.000728,-0.0,-0.00333,-7e-06,-0.004093,-0.0,-0.003414,-0.007938,-0.000716,-0.001047,-0.00422,-1.8e-05,-9e-05,-0.0,-0.000649,-0.004357,-0.004858,0.0,-0.003687,-0.005293,-0.007018,-0.007067,-0.0,-0.007686,-0.000153,-0.006263,-0.003004,0.0,-0.002438,-0.007906,-0.004826,-0.006966,-0.005896,-0.007204,-0.002621,-0.001591,-0.00221,-1.3e-05,-0.001555,-0.005198,-0.0049,-0.004754
2017-05-26 14:40:00+02:00,-0.0,0.0,-0.001468,-0.005865,-0.000999,-0.000359,-0.001566,-0.002433,-0.004823,-0.000359,-4.6e-05,-1e-06,-0.00522,-0.005223,-0.003732,-0.006989,-0.000705,-0.0,-0.00045,-0.008206,0.0,-0.00834,-0.004389,-7e-06,-0.008537,-0.007618,-0.002104,0.0,-0.001675,-0.000353,-1.6e-05,-0.005112,0.0,-0.005129,-0.005208,-0.0,-0.002463,-0.00382,-0.0,-0.008334,-0.002443,-7e-06,-0.004801,0.0,-0.000901,-0.002776,-0.002233,-0.004311,-0.003604,0.0,-0.000164,-0.004935,-0.004319,-0.00524,-1.6e-05,0.0,-0.001018,-4e-06,0.0,-0.002071,-0.004848,-0.00846,-0.005414,0.0,-0.001658,-0.007274,-0.001119,-0.004448,0.0,-0.001184,-0.003028,-0.000283,-0.000135,-0.005079,-0.005223,0.0,-0.000582,-0.0,-0.00314,-6e-06,-0.004247,-0.0,-0.003188,-0.008541,-0.000573,-0.000837,-0.004525,-1.5e-05,-7.2e-05,-0.0,-0.000519,-0.004574,-0.005212,0.0,-0.003723,-0.005176,-0.00741,-0.007465,-0.0,-0.008276,-0.000122,-0.006377,-0.002964,0.0,-0.002351,-0.008474,-0.005176,-0.007179,-0.005953,-0.007614,-0.002541,-0.001436,-0.002098,-1e-05,-0.001244,-0.005115,-0.004785,-0.005101
2017-05-26 14:41:00+02:00,-0.0,0.0,-0.001174,-0.005834,-0.000799,-0.000287,-0.001457,-0.002362,-0.0051,-0.000287,-3.7e-05,-1e-06,-0.005508,-0.005516,-0.003678,-0.007143,-0.000564,-0.0,-0.00036,-0.008649,0.0,-0.008777,-0.004264,-6e-06,-0.009036,-0.007895,-0.002024,0.0,-0.00154,-0.000282,-1.3e-05,-0.005412,0.0,-0.005368,-0.005505,-0.0,-0.00217,-0.003678,-0.0,-0.008805,-0.002357,-5e-06,-0.004652,0.0,-0.000721,-0.002536,-0.002142,-0.004452,-0.003572,0.0,-0.000131,-0.005142,-0.004419,-0.005529,-1.3e-05,0.0,-0.000814,-3e-06,0.0,-0.001826,-0.005047,-0.008947,-0.00532,0.0,-0.001342,-0.007471,-0.000985,-0.004623,0.0,-0.001033,-0.002946,-0.000226,-0.000108,-0.005332,-0.005518,0.0,-0.000466,-0.0,-0.002957,-5e-06,-0.004346,-0.0,-0.002965,-0.009036,-0.000458,-0.00067,-0.004774,-1.2e-05,-5.8e-05,-0.0,-0.000415,-0.004724,-0.005502,0.0,-0.003728,-0.005012,-0.007688,-0.007746,-0.0,-0.008725,-9.8e-05,-0.006431,-0.002897,0.0,-0.002264,-0.008939,-0.005463,-0.007283,-0.005961,-0.007905,-0.00246,-0.001288,-0.001974,-8e-06,-0.000996,-0.004989,-0.004654,-0.005384
2017-05-26 14:42:00+02:00,-0.0,0.0,-0.000939,-0.005801,-0.000639,-0.000229,-0.001366,-0.002306,-0.005336,-0.00023,-2.9e-05,-1e-06,-0.005751,-0.005762,-0.00362,-0.007261,-0.000451,-0.0,-0.000288,-0.009006,0.0,-0.00913,-0.004167,-5e-06,-0.009469,-0.008112,-0.001959,0.0,-0.001421,-0.000226,-1e-05,-0.005662,0.0,-0.005551,-0.005756,-0.0,-0.001905,-0.003565,-0.0,-0.009215,-0.002286,-4e-06,-0.004518,0.0,-0.000576,-0.002327,-0.002061,-0.004561,-0.003535,0.0,-0.000105,-0.005302,-0.004489,-0.005773,-1e-05,0.0,-0.000651,-3e-06,0.0,-0.001619,-0.0052,-0.00937,-0.005236,0.0,-0.001074,-0.007625,-0.000872,-0.004759,0.0,-0.000906,-0.002869,-0.000181,-8.6e-05,-0.005527,-0.005766,0.0,-0.000373,-0.0,-0.002806,-4e-06,-0.004417,-0.0,-0.002771,-0.009466,-0.000367,-0.000536,-0.004987,-9e-06,-4.6e-05,-0.0,-0.000332,-0.004834,-0.005745,0.0,-0.003724,-0.004861,-0.007908,-0.007968,-0.0,-0.009088,-7.8e-05,-0.006468,-0.002835,0.0,-0.002192,-0.009344,-0.005704,-0.007359,-0.005962,-0.008133,-0.002394,-0.001158,-0.001861,-6e-06,-0.000796,-0.004874,-0.004538,-0.005623
2017-05-26 14:43:00+02:00,-0.0,0.0,-0.000752,-0.005811,-0.000511,-0.000184,-0.0013,-0.002273,-0.00553,-0.000184,-2.3e-05,-1e-06,-0.005948,-0.005962,-0.003565,-0.007407,-0.000361,-0.0,-0.00023,-0.009336,0.0,-0.009452,-0.004116,-4e-06,-0.009842,-0.008346,-0.001918,0.0,-0.001331,-0.000181,-8e-06,-0.005859,0.0,-0.005694,-0.00596,-0.0,-0.001671,-0.0035,-0.0,-0.009574,-0.00224,-4e-06,-0.004423,0.0,-0.000461,-0.002171,-0.002007,-0.00466,-0.003498,0.0,-8.4e-05,-0.00544,-0.004567,-0.005971,-8e-06,0.0,-0.000521,-2e-06,0.0,-0.001463,-0.005333,-0.009737,-0.005201,0.0,-0.000859,-0.007803,-0.000786,-0.004881,0.0,-0.000807,-0.002811,-0.000145,-6.9e-05,-0.005695,-0.005968,0.0,-0.000298,-0.0,-0.002705,-3e-06,-0.004496,-0.0,-0.00263,-0.009836,-0.000293,-0.000429,-0.005167,-7e-06,-3.7e-05,-0.0,-0.000266,-0.004946,-0.005944,0.0,-0.003737,-0.004731,-0.008148,-0.00821,-0.0,-0.009397,-6.3e-05,-0.006541,-0.002791,0.0,-0.002146,-0.009698,-0.005901,-0.007429,-0.006005,-0.008379,-0.002353,-0.001058,-0.001772,-5e-06,-0.000637,-0.004798,-0.004474,-0.005818
2017-05-26 14:44:00+02:00,-0.0,0.0,-0.000601,-0.005881,-0.000409,-0.000147,-0.001253,-0.002259,-0.005712,-0.000147,-1.9e-05,-1e-06,-0.006129,-0.006145,-0.003514,-0.007611,-0.000289,-0.0,-0.000184,-0.009669,0.0,-0.009778,-0.004104,-3e-06,-0.010211,-0.008636,-0.001896,0.0,-0.001268,-0.000145,-7e-06,-0.006024,0.0,-0.005812,-0.006145,-0.0,-0.001458,-0.003474,-0.0,-0.009934,-0.002213,-3e-06,-0.004363,0.0,-0.000369,-0.002064,-0.001982,-0.004762,-0.003467,0.0,-6.7e-05,-0.00557,-0.004667,-0.006152,-7e-06,0.0,-0.000417,-2e-06,0.0,-0.001339,-0.00546,-0.010102,-0.005227,0.0,-0.000687,-0.008039,-0.000718,-0.005003,0.0,-0.000728,-0.002769,-0.000116,-5.5e-05,-0.005849,-0.006152,0.0,-0.000238,-0.0,-0.002639,-2e-06,-0.004597,-0.0,-0.002541,-0.010203,-0.000235,-0.000343,-0.005342,-6e-06,-3e-05,-0.0,-0.000213,-0.00508,-0.006125,0.0,-0.003776,-0.004625,-0.008448,-0.00851,-0.0,-0.009689,-5e-05,-0.006673,-0.002763,0.0,-0.002118,-0.010054,-0.006081,-0.007512,-0.006108,-0.00868,-0.002329,-0.000984,-0.001699,-4e-06,-0.00051,-0.004758,-0.004469,-0.005998
2017-05-26 14:45:00+02:00,-0.0,0.0,-0.000481,-0.005916,-0.000327,-0.000117,-0.001225,-0.002252,-0.00578,-0.000118,-1.5e-05,-0.0,-0.006199,-0.006218,-0.003451,-0.007743,-0.000231,-0.0,-0.000147,-0.009873,0.0,-0.009973,-0.0041,-2e-06,-0.010358,-0.00883,-0.001884,0.0,-0.001223,-0.000116,-5e-06,-0.006104,0.0,-0.005866,-0.006221,-0.0,-0.00128,-0.003467,-0.0,-0.010085,-0.0022,-2e-06,-0.004304,0.0,-0.000295,-0.001988,-0.001959,-0.004814,-0.003414,0.0,-5.4e-05,-0.005648,-0.004736,-0.006224,-5e-06,0.0,-0.000334,-1e-06,0.0,-0.001266,-0.005533,-0.010249,-0.005233,0.0,-0.00055,-0.008193,-0.000677,-0.005069,0.0,-0.00068,-0.002731,-9.3e-05,-4.4e-05,-0.005947,-0.006226,0.0,-0.000191,-0.0,-0.002605,-2e-06,-0.004663,-0.0,-0.002474,-0.010348,-0.000188,-0.000274,-0.005405,-5e-06,-2.4e-05,-0.0,-0.00017,-0.005171,-0.006197,0.0,-0.003802,-0.004504,-0.008657,-0.008719,-0.0,-0.009835,-4e-05,-0.006752,-0.002732,0.0,-0.002105,-0.010197,-0.00615,-0.007518,-0.006173,-0.008885,-0.002318,-0.000932,-0.001642,-3e-06,-0.000408,-0.004712,-0.004457,-0.006066
2017-05-26 14:46:00+02:00,-0.0,0.0,-0.000385,-0.005564,-0.000262,-9.4e-05,-0.001079,-0.002061,-0.004744,-9.4e-05,-1.2e-05,-0.0,-0.005096,-0.005125,-0.00318,-0.007363,-0.000185,-0.0,-0.000118,-0.008578,0.0,-0.008631,-0.003761,-2e-06,-0.00866,-0.008433,-0.001713,0.0,-0.001088,-9.3e-05,-4e-06,-0.005045,0.0,-0.005125,-0.005137,-0.0,-0.001024,-0.003169,-0.0,-0.008578,-0.002002,-2e-06,-0.003808,0.0,-0.000236,-0.001763,-0.001806,-0.004457,-0.003154,0.0,-4.3e-05,-0.005045,-0.004486,-0.005125,-4e-06,0.0,-0.000267,-1e-06,0.0,-0.001036,-0.004968,-0.008631,-0.004901,0.0,-0.00044,-0.007804,-0.000552,-0.004606,0.0,-0.000546,-0.002423,-7.4e-05,-3.5e-05,-0.005125,-0.005137,0.0,-0.000153,-0.0,-0.002333,-2e-06,-0.004415,-0.0,-0.00223,-0.008657,-0.00015,-0.000219,-0.004456,-4e-06,-1.9e-05,-0.0,-0.000136,-0.004911,-0.005096,0.0,-0.003577,-0.004114,-0.0083,-0.008354,-0.0,-0.008578,-3.2e-05,-0.006388,-0.002438,0.0,-0.001913,-0.008608,-0.005045,-0.007075,-0.005841,-0.008499,-0.002115,-0.000807,-0.001397,-3e-06,-0.000326,-0.004203,-0.004159,-0.004968
2017-05-26 14:47:00+02:00,-0.0,0.0,-0.000308,-0.004837,-0.000209,-7.5e-05,-0.000863,-0.001731,-0.004375,-7.5e-05,-1e-05,-0.0,-0.004748,-0.004773,-0.002765,-0.006515,-0.000148,-0.0,-9.4e-05,-0.007675,0.0,-0.007708,-0.003162,-2e-06,-0.007993,-0.007503,-0.001417,0.0,-0.00087,-7.4e-05,-3e-06,-0.004613,0.0,-0.004637,-0.004784,-0.0,-0.000819,-0.002627,-0.0,-0.008112,-0.001662,-1e-06,-0.003121,0.0,-0.000189,-0.00141,-0.001509,-0.003903,-0.002755,0.0,-3.4e-05,-0.004451,-0.003953,-0.004773,-3e-06,0.0,-0.000213,-1e-06,0.0,-0.000829,-0.004378,-0.00803,-0.004224,0.0,-0.000352,-0.006922,-0.000442,-0.004056,0.0,-0.000436,-0.002,-5.9e-05,-2.8e-05,-0.004553,-0.004784,0.0,-0.000122,-0.0,-0.001866,-1e-06,-0.00389,-0.0,-0.001784,-0.008061,-0.00012,-0.000176,-0.004219,-3e-06,-1.5e-05,-0.0,-0.000109,-0.004343,-0.004748,0.0,-0.003115,-0.003527,-0.007403,-0.007449,-0.0,-0.007834,-2.6e-05,-0.005606,-0.002031,0.0,-0.001583,-0.008217,-0.004703,-0.006314,-0.005115,-0.007569,-0.001767,-0.000646,-0.001118,-2e-06,-0.000261,-0.003487,-0.003547,-0.004639
2017-05-26 14:48:00+02:00,-0.0,0.0,-0.000246,-0.00457,-0.000168,-6e-05,-0.000735,-0.001582,-0.00439,-6e-05,-8e-06,-0.0,-0.005157,-0.005093,-0.002623,-0.006213,-0.000118,-0.0,-7.6e-05,-0.0074,0.0,-0.007431,-0.002892,-1e-06,-0.008008,-0.007174,-0.001279,0.0,-0.000749,-5.9e-05,-3e-06,-0.004583,0.0,-0.004548,-0.004918,-0.0,-0.000655,-0.002375,-0.0,-0.008304,-0.001502,-1e-06,-0.00279,0.0,-0.000151,-0.001199,-0.001388,-0.003686,-0.002622,0.0,-2.7e-05,-0.00424,-0.003763,-0.005182,-3e-06,0.0,-0.000171,-1e-06,0.0,-0.000663,-0.004167,-0.008098,-0.003968,0.0,-0.000282,-0.006609,-0.000354,-0.003853,0.0,-0.000349,-0.001796,-4.7e-05,-2.3e-05,-0.004375,-0.005044,0.0,-9.8e-05,-0.0,-0.001631,-1e-06,-0.003704,-0.0,-0.001573,-0.008149,-9.6e-05,-0.00014,-0.004547,-2e-06,-1.2e-05,-0.0,-8.7e-05,-0.004142,-0.005157,0.0,-0.002944,-0.003317,-0.007079,-0.007122,-0.0,-0.007722,-2e-05,-0.005325,-0.001839,0.0,-0.001429,-0.008856,-0.00511,-0.006079,-0.004846,-0.007239,-0.001607,-0.000524,-0.000941,-2e-06,-0.000209,-0.003146,-0.003308,-0.005009
2017-05-26 14:49:00+02:00,-0.0,0.0,-0.000694,-0.005263,-0.000573,-4.8e-05,-0.001054,-0.001908,-0.00442,-0.00019,-6e-06,-0.0,-0.004874,-0.004904,-0.003012,-0.00663,-0.00031,-0.0,-9.6e-05,-0.007576,0.0,-0.007609,-0.003521,-1e-06,-0.008075,-0.007399,-0.001599,0.0,-0.001118,-0.000127,-2e-06,-0.004631,0.0,-0.004619,-0.004918,-0.0,-0.001305,-0.003012,-0.0,-0.008278,-0.001856,-1e-06,-0.00338,0.0,-0.00051,-0.001882,-0.001739,-0.00383,-0.002977,0.0,-2.2e-05,-0.004357,-0.003985,-0.004904,-2e-06,0.0,-0.000506,-1e-06,0.0,-0.001261,-0.004283,-0.008142,-0.00466,0.0,-0.000763,-0.006947,-0.000659,-0.003964,0.0,-0.000678,-0.002122,-0.000116,-1.8e-05,-0.004481,-0.004918,0.0,-0.000327,-0.0,-0.002266,-1e-06,-0.003913,-0.0,-0.002265,-0.008187,-0.000286,-0.000381,-0.004271,-2e-06,-1e-05,-0.0,-0.000282,-0.004279,-0.004874,0.0,-0.003339,-0.003993,-0.007306,-0.007344,-0.0,-0.007833,-1.6e-05,-0.005923,-0.00214,0.0,-0.001775,-0.008301,-0.004824,-0.006509,-0.005527,-0.007447,-0.001958,-0.000889,-0.001265,-1e-06,-0.000709,-0.003736,-0.004005,-0.004749
2017-05-26 14:50:00+02:00,-0.0,0.0,-0.000555,-0.004628,-0.000458,-3.8e-05,-0.000843,-0.001627,-0.00411,-0.000152,-5e-06,-0.0,-0.004668,-0.004696,-0.002655,-0.005943,-0.000248,-0.0,-7.6e-05,-0.006918,0.0,-0.006937,-0.003003,-1e-06,-0.007513,-0.006678,-0.001344,0.0,-0.000895,-0.000101,-2e-06,-0.004283,0.0,-0.004238,-0.004655,-0.0,-0.001044,-0.002538,-0.0,-0.007847,-0.001565,-1e-06,-0.002862,0.0,-0.000408,-0.001505,-0.00148,-0.003432,-0.002632,0.0,-1.8e-05,-0.003933,-0.003565,-0.004696,-2e-06,0.0,-0.000404,-0.0,0.0,-0.001009,-0.003863,-0.007624,-0.004069,0.0,-0.000611,-0.006246,-0.000527,-0.00357,0.0,-0.000543,-0.001806,-9.3e-05,-1.4e-05,-0.004072,-0.004709,0.0,-0.000262,-0.0,-0.001843,-1e-06,-0.0035,-0.0,-0.001842,-0.00767,-0.000229,-0.000305,-0.004094,-2e-06,-8e-06,-0.0,-0.000226,-0.003846,-0.004668,0.0,-0.002945,-0.003475,-0.006608,-0.00664,-0.0,-0.007232,-1.3e-05,-0.005259,-0.001835,0.0,-0.001494,-0.007977,-0.004618,-0.005877,-0.004891,-0.006727,-0.001662,-0.000711,-0.001017,-1e-06,-0.000567,-0.003193,-0.003466,-0.004546
2017-05-26 14:51:00+02:00,-0.0,0.0,-0.000444,-0.004128,-0.000367,-3.1e-05,-0.000714,-0.001424,-0.003534,-0.000122,-4e-06,-0.0,-0.003729,-0.003748,-0.002359,-0.005359,-0.000198,-0.0,-6.1e-05,-0.006318,0.0,-0.006326,-0.002637,-1e-06,-0.006687,-0.006044,-0.00117,0.0,-0.000761,-8.1e-05,-1e-06,-0.003697,0.0,-0.003748,-0.003756,-0.0,-0.000852,-0.002219,-0.0,-0.006678,-0.001361,-1e-06,-0.002506,0.0,-0.000326,-0.001275,-0.001299,-0.003083,-0.002346,0.0,-1.4e-05,-0.003542,-0.003192,-0.003748,-1e-06,0.0,-0.000324,-0.0,0.0,-0.000807,-0.003477,-0.006685,-0.003619,0.0,-0.000489,-0.005642,-0.000422,-0.003219,0.0,-0.000434,-0.001578,-7.4e-05,-1.2e-05,-0.003683,-0.003756,0.0,-0.00021,-0.0,-0.001583,-1e-06,-0.003136,-0.0,-0.001586,-0.006687,-0.000183,-0.000244,-0.00339,-1e-06,-6e-06,-0.0,-0.000181,-0.003452,-0.003729,0.0,-0.002617,-0.003091,-0.005995,-0.006022,-0.0,-0.006643,-1e-05,-0.004716,-0.001612,0.0,-0.001298,-0.006683,-0.003697,-0.005327,-0.004382,-0.006094,-0.00145,-0.000589,-0.000866,-1e-06,-0.000454,-0.00281,-0.003073,-0.003654
2017-05-26 14:52:00+02:00,-0.0,0.0,-0.000355,-0.003579,-0.000293,-2.5e-05,-0.000571,-0.001162,-0.003391,-9.7e-05,-3e-06,-0.0,-0.00397,-0.003874,-0.002082,-0.004792,-0.000159,-0.0,-4.9e-05,-0.005816,0.0,-0.005823,-0.002147,-1e-06,-0.006371,-0.005459,-0.000936,0.0,-0.000608,-6.5e-05,-1e-06,-0.003526,0.0,-0.003526,-0.003736,-0.0,-0.000682,-0.001775,-0.0,-0.006543,-0.001089,-0.0,-0.002011,0.0,-0.000261,-0.00102,-0.001044,-0.002785,-0.002085,0.0,-1.1e-05,-0.003235,-0.002861,-0.003984,-1e-06,0.0,-0.000259,-0.0,0.0,-0.000646,-0.003172,-0.006438,-0.003087,0.0,-0.000391,-0.005069,-0.000337,-0.002929,0.0,-0.000347,-0.001287,-5.9e-05,-9e-06,-0.00339,-0.003834,0.0,-0.000168,-0.0,-0.001266,-0.0,-0.002811,-0.0,-0.001269,-0.006459,-0.000147,-0.000195,-0.003512,-1e-06,-5e-06,-0.0,-0.000144,-0.003118,-0.003924,0.0,-0.002288,-0.002647,-0.00541,-0.005435,-0.0,-0.006226,-8e-06,-0.004157,-0.001335,0.0,-0.001038,-0.006972,-0.003912,-0.004852,-0.00383,-0.005504,-0.001169,-0.000471,-0.000693,-1e-06,-0.000363,-0.002304,-0.002562,-0.003816
2017-05-26 14:53:00+02:00,-0.0,0.0,-0.001539,-0.005195,-0.001407,-0.000525,-0.001392,-0.002126,-0.003998,-0.000599,-0.000127,-0.0,-0.004557,-0.004486,-0.003056,-0.006115,-0.000955,-0.0,-0.000638,-0.006912,0.0,-0.006961,-0.003941,-0.0,-0.007435,-0.006648,-0.001837,0.0,-0.001528,-0.000489,-2.8e-05,-0.004189,0.0,-0.004208,-0.004379,-0.0,-0.002197,-0.003438,-0.0,-0.007493,-0.002115,-0.0,-0.003765,0.0,-0.001311,-0.002627,-0.002002,-0.003472,-0.002953,0.0,-0.000251,-0.003957,-0.00367,-0.004575,-2.5e-05,0.0,-0.00124,-0.0,0.0,-0.002044,-0.003887,-0.007453,-0.004789,0.0,-0.001634,-0.006337,-0.001079,-0.003587,0.0,-0.001155,-0.002325,-0.000491,-0.000231,-0.004099,-0.004458,0.0,-0.001003,-0.0,-0.00284,-0.0,-0.003598,-0.0,-0.002968,-0.007499,-0.000972,-0.001082,-0.004007,-2.5e-05,-0.000174,-0.0,-0.000739,-0.003863,-0.00452,0.0,-0.003221,-0.004399,-0.006536,-0.006566,-0.0,-0.007239,-0.000263,-0.005628,-0.00231,0.0,-0.002037,-0.007859,-0.004499,-0.006099,-0.0053,-0.006662,-0.002206,-0.001349,-0.001599,-1e-06,-0.001566,-0.004065,-0.004331,-0.004401
2017-05-26 14:54:00+02:00,-0.0,0.0,-0.001642,-0.00608,-0.001446,-0.00042,-0.001607,-0.002436,-0.004464,-0.000517,-0.000101,-0.0,-0.005012,-0.004962,-0.003609,-0.007131,-0.000793,-0.0,-0.00051,-0.007745,0.0,-0.007829,-0.004514,-0.0,-0.008244,-0.007557,-0.002112,0.0,-0.001786,-0.000391,-2.2e-05,-0.004704,0.0,-0.004739,-0.004879,-0.0,-0.002588,-0.003945,-0.0,-0.00821,-0.00244,-0.0,-0.004314,0.0,-0.001302,-0.003062,-0.002319,-0.004001,-0.003486,0.0,-0.000201,-0.004518,-0.004302,-0.005033,-2e-05,0.0,-0.001223,-0.0,0.0,-0.002334,-0.004441,-0.008222,-0.005579,0.0,-0.001776,-0.007308,-0.001233,-0.004093,0.0,-0.001319,-0.002663,-0.000393,-0.000185,-0.004652,-0.004942,0.0,-0.000865,-0.0,-0.003272,-0.0,-0.00421,-0.0,-0.003461,-0.008289,-0.000786,-0.000965,-0.004381,-2e-05,-0.000139,-0.0,-0.000726,-0.004443,-0.004982,0.0,-0.003795,-0.005135,-0.007393,-0.007428,-0.0,-0.008007,-0.000211,-0.006626,-0.002632,0.0,-0.002349,-0.008526,-0.004952,-0.007054,-0.006198,-0.007545,-0.002538,-0.001575,-0.001843,-0.0,-0.001703,-0.004632,-0.005018,-0.004853
2017-05-26 14:55:00+02:00,-0.0,0.0,-0.001334,-0.006264,-0.001157,-0.000336,-0.001562,-0.002449,-0.004819,-0.000414,-8.1e-05,-0.0,-0.00536,-0.005328,-0.003752,-0.007525,-0.000635,-0.0,-0.000408,-0.008371,0.0,-0.008484,-0.004533,-0.0,-0.008852,-0.008126,-0.002109,0.0,-0.001733,-0.000313,-1.8e-05,-0.005101,0.0,-0.00515,-0.005265,-0.0,-0.002468,-0.003935,-0.0,-0.008743,-0.002448,-0.0,-0.004323,0.0,-0.001041,-0.002952,-0.00232,-0.004254,-0.003631,0.0,-0.000161,-0.004882,-0.004567,-0.005385,-1.6e-05,0.0,-0.000978,-0.0,0.0,-0.002166,-0.004789,-0.008798,-0.0057,0.0,-0.001495,-0.007772,-0.001144,-0.004392,0.0,-0.001217,-0.002684,-0.000314,-0.000148,-0.005073,-0.005316,0.0,-0.000692,-0.0,-0.003209,-0.0,-0.004469,-0.0,-0.003383,-0.008882,-0.000629,-0.000772,-0.004659,-1.6e-05,-0.000111,-0.0,-0.00058,-0.004781,-0.005337,0.0,-0.003942,-0.005239,-0.007953,-0.007992,-0.0,-0.008581,-0.000169,-0.006892,-0.002657,0.0,-0.002353,-0.00902,-0.005298,-0.007497,-0.006406,-0.008127,-0.002552,-0.001499,-0.001802,-0.0,-0.001424,-0.004659,-0.005074,-0.005197
2017-05-26 14:56:00+02:00,-0.0,0.0,-0.001068,-0.006211,-0.000926,-0.000269,-0.001438,-0.002363,-0.005101,-0.000331,-6.5e-05,-0.0,-0.005639,-0.00562,-0.003714,-0.007633,-0.000508,-0.0,-0.000327,-0.008704,0.0,-0.008815,-0.004372,-0.0,-0.009341,-0.008369,-0.002016,0.0,-0.00159,-0.00025,-1.4e-05,-0.005417,0.0,-0.005423,-0.005573,-0.0,-0.002166,-0.003761,-0.0,-0.009171,-0.002351,-0.0,-0.004143,0.0,-0.000833,-0.002688,-0.002223,-0.004339,-0.003605,0.0,-0.000129,-0.005039,-0.00465,-0.005666,-1.3e-05,0.0,-0.000782,-0.0,0.0,-0.00187,-0.004936,-0.00926,-0.005602,0.0,-0.001196,-0.007933,-0.000987,-0.004513,0.0,-0.001039,-0.002588,-0.000251,-0.000118,-0.005274,-0.005614,0.0,-0.000554,-0.0,-0.002993,-0.0,-0.004552,-0.0,-0.003139,-0.009358,-0.000503,-0.000618,-0.004881,-1.3e-05,-8.9e-05,-0.0,-0.000464,-0.004921,-0.00562,0.0,-0.003936,-0.005085,-0.008196,-0.008238,-0.0,-0.009036,-0.000135,-0.006902,-0.002572,0.0,-0.002254,-0.009416,-0.005575,-0.007595,-0.006379,-0.008383,-0.002458,-0.00134,-0.001665,-0.0,-0.001139,-0.004493,-0.00493,-0.005472
2017-05-26 14:57:00+02:00,-0.0,0.0,-0.000854,-0.00617,-0.000741,-0.000215,-0.00133,-0.00229,-0.00534,-0.000265,-5.2e-05,-0.0,-0.005873,-0.005865,-0.00366,-0.007733,-0.000406,-0.0,-0.000261,-0.00897,0.0,-0.009078,-0.004236,-0.0,-0.009765,-0.008585,-0.001936,0.0,-0.001465,-0.0002,-1.1e-05,-0.005681,0.0,-0.005625,-0.005831,-0.0,-0.001883,-0.003613,-0.0,-0.009549,-0.002266,-0.0,-0.003984,0.0,-0.000666,-0.00246,-0.00214,-0.004401,-0.003565,0.0,-0.000103,-0.005156,-0.004718,-0.005902,-1e-05,0.0,-0.000626,-0.0,0.0,-0.001613,-0.005045,-0.009664,-0.005521,0.0,-0.000957,-0.008078,-0.000851,-0.004604,0.0,-0.000885,-0.002501,-0.000201,-9.5e-05,-0.005424,-0.005864,0.0,-0.000443,-0.0,-0.002808,-0.0,-0.004619,-0.0,-0.002929,-0.009772,-0.000402,-0.000494,-0.005073,-1e-05,-7.1e-05,-0.0,-0.000371,-0.005038,-0.005857,0.0,-0.003928,-0.00493,-0.008416,-0.008461,-0.0,-0.009392,-0.000108,-0.006917,-0.002496,0.0,-0.002168,-0.009767,-0.005808,-0.007655,-0.006363,-0.008612,-0.002377,-0.001202,-0.001544,-0.0,-0.000911,-0.004348,-0.004811,-0.005703
2017-05-26 14:58:00+02:00,-0.0,0.0,-0.000683,-0.006206,-0.000592,-0.000172,-0.001268,-0.002262,-0.005539,-0.000212,-4.2e-05,-0.0,-0.006067,-0.006068,-0.003629,-0.007899,-0.000325,-0.0,-0.000209,-0.009242,0.0,-0.009348,-0.004187,-0.0,-0.010128,-0.008856,-0.0019,0.0,-0.001388,-0.00016,-9e-06,-0.005899,0.0,-0.005808,-0.006044,-0.0,-0.001661,-0.003549,-0.0,-0.009875,-0.002229,-0.0,-0.003889,0.0,-0.000533,-0.002317,-0.0021,-0.004476,-0.003545,0.0,-8.2e-05,-0.005276,-0.004819,-0.006097,-8e-06,0.0,-0.000501,-0.0,0.0,-0.001448,-0.005159,-0.01001,-0.00552,0.0,-0.000766,-0.008286,-0.000762,-0.004703,0.0,-0.000784,-0.002448,-0.000161,-7.6e-05,-0.005572,-0.00607,0.0,-0.000354,-0.0,-0.002708,-0.0,-0.004719,-0.0,-0.002805,-0.010126,-0.000322,-0.000395,-0.005236,-8e-06,-5.7e-05,-0.0,-0.000297,-0.005182,-0.006055,0.0,-0.003961,-0.004825,-0.00869,-0.008737,-0.0,-0.009727,-8.6e-05,-0.007005,-0.002453,0.0,-0.002129,-0.010072,-0.006001,-0.00774,-0.006421,-0.008893,-0.002343,-0.001111,-0.001458,-0.0,-0.000729,-0.004265,-0.004773,-0.005895
2017-05-26 14:59:00+02:00,-0.0,0.0,-0.000547,-0.006108,-0.000474,-0.000138,-0.001191,-0.002194,-0.005588,-0.000169,-3.3e-05,-0.0,-0.006116,-0.006126,-0.00352,-0.007877,-0.00026,-0.0,-0.000167,-0.009272,0.0,-0.009367,-0.004064,-0.0,-0.010209,-0.008897,-0.001832,0.0,-0.001295,-0.000128,-7e-06,-0.005954,0.0,-0.005822,-0.006111,-0.0,-0.001422,-0.003432,-0.0,-0.009948,-0.002158,-0.0,-0.003731,0.0,-0.000427,-0.002151,-0.002023,-0.004443,-0.003441,0.0,-6.6e-05,-0.005272,-0.004814,-0.006149,-6e-06,0.0,-0.000401,-0.0,0.0,-0.001284,-0.00515,-0.010088,-0.005406,0.0,-0.000612,-0.008289,-0.000675,-0.004683,0.0,-0.000686,-0.002359,-0.000129,-6.1e-05,-0.005589,-0.006132,0.0,-0.000283,-0.0,-0.002575,-0.0,-0.004711,-0.0,-0.002643,-0.010202,-0.000258,-0.000316,-0.00526,-6e-06,-4.6e-05,-0.0,-0.000238,-0.005203,-0.006106,0.0,-0.003919,-0.004616,-0.008747,-0.008793,-0.0,-0.009755,-6.9e-05,-0.006936,-0.002368,0.0,-0.002058,-0.010122,-0.006047,-0.007627,-0.006347,-0.008945,-0.002272,-0.001013,-0.001358,-0.0,-0.000583,-0.004113,-0.004647,-0.00594
2017-05-26 15:00:00+02:00,-0.0,0.0,-0.000437,-0.004071,-0.000379,-0.00011,-0.000971,-0.00184,-0.00208,-0.000136,-2.7e-05,-0.0,-0.002136,-0.002143,-0.002146,-0.004075,-0.000208,-0.0,-0.000134,-0.004075,0.0,-0.004073,-0.003416,-0.0,-0.004071,-0.004075,-0.00153,0.0,-0.00104,-0.000102,-6e-06,-0.002126,0.0,-0.002143,-0.002146,-0.0,-0.001138,-0.002875,-0.0,-0.004075,-0.001798,-0.0,-0.003112,0.0,-0.000341,-0.001721,-0.001681,-0.002061,-0.00208,0.0,-5.3e-05,-0.002126,-0.002136,-0.002143,-5e-06,0.0,-0.00032,-0.0,0.0,-0.001027,-0.002113,-0.004073,-0.004073,0.0,-0.00049,-0.004075,-0.00054,-0.002061,0.0,-0.000549,-0.001965,-0.000103,-4.8e-05,-0.002143,-0.002146,0.0,-0.000227,-0.0,-0.002121,-0.0,-0.002113,-0.0,-0.002144,-0.004071,-0.000206,-0.000253,-0.002042,-5e-06,-3.7e-05,-0.0,-0.00019,-0.002126,-0.002136,0.0,-0.002146,-0.00385,-0.004073,-0.004073,-0.0,-0.004075,-5.5e-05,-0.004073,-0.001984,0.0,-0.001714,-0.004075,-0.002126,-0.004073,-0.004075,-0.004075,-0.001897,-0.00081,-0.001101,-0.0,-0.000467,-0.00345,-0.003901,-0.002113
2017-05-26 15:01:00+02:00,-0.0,0.0,-0.00035,-0.003257,-0.000303,-8.8e-05,-0.000776,-0.001472,-0.001664,-0.000108,-2.1e-05,-0.0,-0.00171,-0.001714,-0.001717,-0.00326,-0.000166,-0.0,-0.000107,-0.00326,0.0,-0.003258,-0.002733,-0.0,-0.003257,-0.00326,-0.001224,0.0,-0.000832,-8.2e-05,-5e-06,-0.001701,0.0,-0.001714,-0.001717,-0.0,-0.00091,-0.0023,-0.0,-0.00326,-0.001438,-0.0,-0.00249,0.0,-0.000273,-0.001377,-0.001344,-0.001649,-0.001664,0.0,-4.2e-05,-0.001701,-0.001709,-0.001715,-4e-06,0.0,-0.000256,-0.0,0.0,-0.000822,-0.001691,-0.003258,-0.003258,0.0,-0.000392,-0.00326,-0.000432,-0.001649,0.0,-0.000439,-0.001572,-8.2e-05,-3.9e-05,-0.001714,-0.001717,0.0,-0.000181,-0.0,-0.001697,-0.0,-0.001691,-0.0,-0.001715,-0.003257,-0.000165,-0.000202,-0.001633,-4e-06,-2.9e-05,-0.0,-0.000152,-0.001701,-0.001709,0.0,-0.001717,-0.00308,-0.003258,-0.003258,-0.0,-0.00326,-4.4e-05,-0.003258,-0.001587,0.0,-0.001371,-0.00326,-0.001701,-0.003258,-0.00326,-0.00326,-0.001518,-0.000648,-0.000881,-0.0,-0.000373,-0.00276,-0.003121,-0.001691
2017-05-26 15:02:00+02:00,-0.0,0.0,-0.00028,-0.002606,-0.000243,-7e-05,-0.000621,-0.001178,-0.001331,-8.7e-05,-1.7e-05,-0.0,-0.001386,-0.001371,-0.001374,-0.002608,-0.000133,-0.0,-8.6e-05,-0.002608,0.0,-0.002607,-0.002186,-0.0,-0.002606,-0.002608,-0.000979,0.0,-0.000666,-6.6e-05,-4e-06,-0.001361,0.0,-0.001371,-0.001374,-0.0,-0.000728,-0.00184,-0.0,-0.002608,-0.001151,-0.0,-0.001992,0.0,-0.000218,-0.001101,-0.001076,-0.001319,-0.001331,0.0,-3.4e-05,-0.001361,-0.001367,-0.001388,-3e-06,0.0,-0.000205,-0.0,0.0,-0.000658,-0.001352,-0.002607,-0.002607,0.0,-0.000314,-0.002608,-0.000346,-0.001319,0.0,-0.000351,-0.001257,-6.6e-05,-3.1e-05,-0.001371,-0.001374,0.0,-0.000145,-0.0,-0.001357,-0.0,-0.001352,-0.0,-0.001372,-0.002606,-0.000132,-0.000162,-0.001314,-3e-06,-2.3e-05,-0.0,-0.000122,-0.001361,-0.001377,0.0,-0.001374,-0.002464,-0.002607,-0.002607,-0.0,-0.002608,-3.5e-05,-0.002607,-0.00127,0.0,-0.001097,-0.002641,-0.001375,-0.002607,-0.002608,-0.002608,-0.001214,-0.000519,-0.000705,-0.0,-0.000299,-0.002208,-0.002497,-0.001359
2017-05-26 15:03:00+02:00,-0.0,0.0,-0.000224,-0.002084,-0.000194,-5.6e-05,-0.000497,-0.000942,-0.001106,-6.9e-05,-1.4e-05,-0.0,-0.001222,-0.001189,-0.001099,-0.002086,-0.000106,-0.0,-6.9e-05,-0.002086,0.0,-0.002085,-0.001749,-0.0,-0.002165,-0.002086,-0.000783,0.0,-0.000532,-5.2e-05,-3e-06,-0.001124,0.0,-0.001124,-0.001164,-0.0,-0.000582,-0.001472,-0.0,-0.002215,-0.00092,-0.0,-0.001593,0.0,-0.000175,-0.000881,-0.00086,-0.001055,-0.001065,0.0,-2.7e-05,-0.001089,-0.001094,-0.001223,-3e-06,0.0,-0.000164,-0.0,0.0,-0.000526,-0.001082,-0.002186,-0.002085,0.0,-0.000251,-0.002086,-0.000276,-0.001055,0.0,-0.000281,-0.001006,-5.3e-05,-2.5e-05,-0.001097,-0.001182,0.0,-0.000116,-0.0,-0.001086,-0.0,-0.001082,-0.0,-0.001098,-0.002186,-0.000105,-0.00013,-0.001151,-3e-06,-1.9e-05,-0.0,-9.7e-05,-0.001089,-0.001207,0.0,-0.001099,-0.001971,-0.002085,-0.002085,-0.0,-0.002149,-2.8e-05,-0.002085,-0.001016,0.0,-0.000878,-0.002333,-0.001209,-0.002085,-0.002086,-0.002086,-0.000971,-0.000415,-0.000564,-0.0,-0.000239,-0.001766,-0.001997,-0.001187
2017-05-26 15:04:00+02:00,-0.0,0.0,-0.000179,-0.001766,-0.000155,-4.5e-05,-0.000398,-0.000754,-0.001077,-5.6e-05,-1.1e-05,-0.0,-0.001293,-0.001233,-0.000956,-0.00185,-8.5e-05,-0.0,-5.5e-05,-0.001865,0.0,-0.00186,-0.001399,-0.0,-0.002101,-0.001898,-0.000627,0.0,-0.000426,-4.2e-05,-2e-06,-0.00109,0.0,-0.001077,-0.001171,-0.0,-0.000466,-0.001177,-0.0,-0.00221,-0.000736,-0.0,-0.001275,0.0,-0.00014,-0.000705,-0.000693,-0.000913,-0.000933,0.0,-2.2e-05,-0.000959,-0.000975,-0.001294,-2e-06,0.0,-0.000131,-0.0,0.0,-0.000421,-0.000951,-0.002144,-0.001738,0.0,-0.000201,-0.00187,-0.000221,-0.000924,0.0,-0.000225,-0.000805,-4.2e-05,-2e-05,-0.000979,-0.001215,0.0,-9.3e-05,-0.0,-0.000869,-0.0,-0.000964,-0.0,-0.000878,-0.002147,-8.4e-05,-0.000104,-0.001192,-2e-06,-1.5e-05,-0.0,-7.8e-05,-0.000989,-0.001267,0.0,-0.000943,-0.001668,-0.001902,-0.001903,-0.0,-0.002061,-2.3e-05,-0.001805,-0.000813,0.0,-0.000702,-0.00244,-0.001272,-0.001904,-0.001787,-0.001904,-0.000777,-0.000332,-0.000451,-0.0,-0.000191,-0.001413,-0.001639,-0.001237
2017-05-26 15:05:00+02:00,-0.0,0.0,-0.000351,-0.002038,-0.000318,-6.7e-05,-0.000491,-0.000828,-0.0014,-0.000123,-9e-06,-0.0,-0.001718,-0.001676,-0.00115,-0.002233,-0.000185,-0.0,-0.0001,-0.002282,0.0,-0.002273,-0.001555,-0.0,-0.002697,-0.002348,-0.000704,0.0,-0.000547,-8.3e-05,-2e-06,-0.001425,0.0,-0.001403,-0.001575,-0.0,-0.000769,-0.001346,-0.0,-0.002886,-0.000814,-0.0,-0.001434,0.0,-0.000289,-0.000946,-0.0008,-0.00109,-0.001115,0.0,-2.1e-05,-0.001182,-0.001207,-0.001725,-2e-06,0.0,-0.000272,-0.0,0.0,-0.000631,-0.001167,-0.00277,-0.001973,0.0,-0.000381,-0.002279,-0.000325,-0.001116,0.0,-0.000335,-0.000881,-9.3e-05,-4e-05,-0.001223,-0.001656,0.0,-0.00022,-0.0,-0.001056,-0.0,-0.001189,-0.0,-0.001113,-0.002776,-0.000186,-0.000217,-0.001562,-2e-06,-1.2e-05,-0.0,-0.000157,-0.001243,-0.001698,0.0,-0.001127,-0.001933,-0.002358,-0.002359,-0.0,-0.002622,-3.3e-05,-0.002128,-0.000883,0.0,-0.00078,-0.003162,-0.001694,-0.002337,-0.002085,-0.002363,-0.000856,-0.000456,-0.000544,-0.0,-0.000382,-0.001568,-0.001849,-0.001655
2017-05-26 15:06:00+02:00,-0.0,0.0,-0.000537,-0.002347,-0.000494,-0.000107,-0.000599,-0.000932,-0.001736,-0.000196,-7e-06,-0.0,-0.002089,-0.002062,-0.001366,-0.002648,-0.0003,-0.0,-0.000164,-0.002749,0.0,-0.002737,-0.001761,-0.0,-0.003314,-0.002827,-0.000806,0.0,-0.000679,-0.000134,-2e-06,-0.001779,0.0,-0.001749,-0.001984,-0.0,-0.001069,-0.001559,-0.0,-0.003549,-0.000925,-0.0,-0.001643,0.0,-0.000452,-0.0012,-0.000923,-0.001296,-0.001314,0.0,-3.2e-05,-0.001439,-0.001463,-0.0021,-1e-06,0.0,-0.000428,-0.0,0.0,-0.000859,-0.001416,-0.003413,-0.002247,0.0,-0.000576,-0.002719,-0.000438,-0.001337,0.0,-0.000457,-0.000991,-0.000149,-6.4e-05,-0.001503,-0.002049,0.0,-0.000353,-0.0,-0.001276,-0.0,-0.001436,-0.0,-0.001366,-0.003424,-0.000301,-0.000345,-0.001874,-1e-06,-1.2e-05,-0.0,-0.000245,-0.001521,-0.002072,0.0,-0.001337,-0.002229,-0.002842,-0.002844,-0.0,-0.003203,-5.1e-05,-0.002486,-0.000985,0.0,-0.000889,-0.003772,-0.00206,-0.002794,-0.002417,-0.002849,-0.000967,-0.000587,-0.000659,-0.0,-0.000585,-0.001777,-0.002098,-0.002017
2017-05-26 15:07:00+02:00,-0.0,0.0,-0.000642,-0.002595,-0.000593,-8.6e-05,-0.000675,-0.001011,-0.00203,-0.000225,-6e-06,-0.0,-0.00246,-0.002446,-0.001549,-0.002992,-0.000336,-0.0,-0.000152,-0.003143,0.0,-0.00313,-0.001917,-0.0,-0.003838,-0.003231,-0.000882,0.0,-0.000774,-0.000144,-1e-06,-0.002094,0.0,-0.002057,-0.002371,-0.0,-0.001272,-0.001715,-0.0,-0.004146,-0.001012,-0.0,-0.001792,0.0,-0.000538,-0.001374,-0.001014,-0.001472,-0.001477,0.0,-2.6e-05,-0.001669,-0.00169,-0.002477,-1e-06,0.0,-0.000502,-0.0,0.0,-0.001012,-0.001636,-0.003961,-0.002461,0.0,-0.00069,-0.003087,-0.000514,-0.001526,0.0,-0.000542,-0.001077,-0.000161,-5.1e-05,-0.001755,-0.00244,0.0,-0.000405,-0.0,-0.001432,-0.0,-0.001651,-0.0,-0.001543,-0.003977,-0.000341,-0.000395,-0.002171,-1e-06,-1e-05,-0.0,-0.000293,-0.001767,-0.002447,0.0,-0.001518,-0.00245,-0.003247,-0.00325,-0.0,-0.00369,-4e-05,-0.002777,-0.001062,0.0,-0.000973,-0.00435,-0.002425,-0.003164,-0.002684,-0.003259,-0.001056,-0.000679,-0.000739,-0.0,-0.00071,-0.001928,-0.002286,-0.002374
2017-05-26 15:08:00+02:00,-0.0,0.0,-0.000746,-0.002838,-0.000692,-6.9e-05,-0.000751,-0.001096,-0.002296,-0.000259,-4e-06,-0.0,-0.002743,-0.002741,-0.001724,-0.003318,-0.00038,-0.0,-0.000154,-0.00351,0.0,-0.003497,-0.002079,-0.0,-0.004307,-0.003609,-0.00096,0.0,-0.000868,-0.000159,-1e-06,-0.002385,0.0,-0.002344,-0.002686,-0.0,-0.001452,-0.001874,-0.0,-0.004598,-0.001108,-0.0,-0.001946,0.0,-0.000625,-0.001544,-0.001105,-0.00164,-0.001629,0.0,-2.1e-05,-0.001891,-0.001912,-0.002766,-1e-06,0.0,-0.00058,-0.0,0.0,-0.001159,-0.001849,-0.004449,-0.002674,0.0,-0.000802,-0.003434,-0.000587,-0.001706,0.0,-0.000626,-0.00117,-0.000181,-4.1e-05,-0.001999,-0.002741,0.0,-0.000463,-0.0,-0.001587,-0.0,-0.001862,-0.0,-0.001718,-0.004471,-0.000389,-0.00045,-0.002385,-1e-06,-8e-06,-0.0,-0.000343,-0.002006,-0.002733,0.0,-0.001701,-0.002656,-0.003626,-0.00363,-0.0,-0.004125,-3.2e-05,-0.003058,-0.001144,0.0,-0.001064,-0.004765,-0.002702,-0.003496,-0.002941,-0.003643,-0.001153,-0.00077,-0.000822,-0.0,-0.000831,-0.002084,-0.002475,-0.002644
2017-05-26 15:09:00+02:00,-0.0,0.0,-0.000648,-0.002606,-0.000598,-5.5e-05,-0.000678,-0.000988,-0.00183,-0.000209,-4e-06,-0.0,-0.001865,-0.001869,-0.00156,-0.003081,-0.000304,-0.0,-0.000123,-0.003272,0.0,-0.003258,-0.001885,-0.0,-0.003614,-0.003368,-0.000868,0.0,-0.000782,-0.000127,-1e-06,-0.001858,0.0,-0.001869,-0.001872,-0.0,-0.001322,-0.001699,-0.0,-0.003616,-0.000991,-0.0,-0.001758,0.0,-0.000533,-0.001402,-0.001005,-0.001513,-0.001489,0.0,-1.7e-05,-0.001735,-0.001751,-0.001869,-1e-06,0.0,-0.000487,-0.0,0.0,-0.001044,-0.001699,-0.003616,-0.002445,0.0,-0.000702,-0.003195,-0.000528,-0.001578,0.0,-0.000558,-0.001045,-0.000145,-3.3e-05,-0.001833,-0.001872,0.0,-0.000372,-0.0,-0.001436,-0.0,-0.00171,-0.0,-0.001561,-0.003614,-0.000311,-0.00036,-0.001807,-1e-06,-6e-06,-0.0,-0.000289,-0.001845,-0.001865,0.0,-0.001545,-0.002423,-0.003387,-0.003391,-0.0,-0.003616,-2.6e-05,-0.002824,-0.00103,0.0,-0.000954,-0.003616,-0.001858,-0.003244,-0.002711,-0.003401,-0.001032,-0.000692,-0.000733,-0.0,-0.000735,-0.001885,-0.002256,-0.00185
2017-05-26 15:10:00+02:00,-0.0,0.0,-0.000519,-0.002085,-0.000478,-4.4e-05,-0.000542,-0.000791,-0.001464,-0.000167,-3e-06,-0.0,-0.001499,-0.001495,-0.001248,-0.002465,-0.000243,-0.0,-9.8e-05,-0.002618,0.0,-0.002606,-0.001508,-0.0,-0.002892,-0.002694,-0.000694,0.0,-0.000626,-0.000102,-1e-06,-0.001486,0.0,-0.001495,-0.001497,-0.0,-0.001057,-0.00136,-0.0,-0.002893,-0.000793,-0.0,-0.001406,0.0,-0.000426,-0.001122,-0.000804,-0.001211,-0.001191,0.0,-1.3e-05,-0.001388,-0.001401,-0.001501,-1e-06,0.0,-0.000389,-0.0,0.0,-0.000835,-0.001359,-0.002893,-0.001956,0.0,-0.000562,-0.002556,-0.000423,-0.001263,0.0,-0.000446,-0.000836,-0.000116,-2.6e-05,-0.001466,-0.001497,0.0,-0.000298,-0.0,-0.001149,-0.0,-0.001368,-0.0,-0.001248,-0.002892,-0.000249,-0.000288,-0.001446,-1e-06,-5e-06,-0.0,-0.000231,-0.001476,-0.001492,0.0,-0.001236,-0.001938,-0.00271,-0.002713,-0.0,-0.002893,-2.1e-05,-0.002259,-0.000824,0.0,-0.000763,-0.002904,-0.00149,-0.002596,-0.002169,-0.002721,-0.000826,-0.000554,-0.000586,-0.0,-0.000588,-0.001508,-0.001805,-0.00148
2017-05-26 15:11:00+02:00,-0.0,0.0,-0.000415,-0.001668,-0.000383,-3.5e-05,-0.000434,-0.000633,-0.001176,-0.000134,-2e-06,-0.0,-0.001262,-0.001242,-0.000998,-0.001972,-0.000194,-0.0,-7.9e-05,-0.002094,0.0,-0.002085,-0.001206,-0.0,-0.002321,-0.002155,-0.000555,0.0,-0.0005,-8.2e-05,-0.0,-0.001189,0.0,-0.001196,-0.001221,-0.0,-0.000846,-0.001088,-0.0,-0.002362,-0.000634,-0.0,-0.001125,0.0,-0.000341,-0.000897,-0.000643,-0.000969,-0.000953,0.0,-1.1e-05,-0.00111,-0.001121,-0.001263,-0.0,0.0,-0.000311,-0.0,0.0,-0.000668,-0.001087,-0.002338,-0.001565,0.0,-0.00045,-0.002045,-0.000338,-0.00101,0.0,-0.000357,-0.000669,-9.3e-05,-2.1e-05,-0.001173,-0.001236,0.0,-0.000238,-0.0,-0.000919,-0.0,-0.001094,-0.0,-0.000999,-0.002339,-0.000199,-0.00023,-0.001209,-0.0,-4e-06,-0.0,-0.000185,-0.001181,-0.00125,0.0,-0.000989,-0.001551,-0.002168,-0.00217,-0.0,-0.002314,-1.7e-05,-0.001807,-0.000659,0.0,-0.00061,-0.002447,-0.001251,-0.002076,-0.001735,-0.002177,-0.000661,-0.000443,-0.000469,-0.0,-0.00047,-0.001207,-0.001444,-0.001236
2017-05-26 15:12:00+02:00,-0.0,0.0,-0.000332,-0.001334,-0.000306,-2.8e-05,-0.000347,-0.000506,-0.001022,-0.000107,-2e-06,-0.0,-0.001159,-0.001123,-0.000808,-0.001619,-0.000155,-0.0,-6.3e-05,-0.001738,0.0,-0.001728,-0.000965,-0.0,-0.002017,-0.001794,-0.000444,0.0,-0.0004,-6.5e-05,-0.0,-0.001028,0.0,-0.001026,-0.001081,-0.0,-0.000677,-0.00087,-0.0,-0.002093,-0.000507,-0.0,-0.0009,0.0,-0.000273,-0.000718,-0.000514,-0.000787,-0.000777,0.0,-8e-06,-0.00091,-0.000918,-0.001159,-0.0,0.0,-0.000249,-0.0,0.0,-0.000535,-0.00089,-0.002048,-0.001252,0.0,-0.00036,-0.001689,-0.00027,-0.000827,0.0,-0.000286,-0.000535,-7.4e-05,-1.7e-05,-0.000967,-0.00111,0.0,-0.000191,-0.0,-0.000735,-0.0,-0.000898,-0.0,-0.000799,-0.00205,-0.000159,-0.000184,-0.001101,-0.0,-3e-06,-0.0,-0.000148,-0.000977,-0.001141,0.0,-0.000792,-0.00124,-0.001807,-0.001809,-0.0,-0.001995,-1.3e-05,-0.00146,-0.000527,0.0,-0.000488,-0.002245,-0.001145,-0.001739,-0.001391,-0.001815,-0.000529,-0.000354,-0.000375,-0.0,-0.000376,-0.000965,-0.001155,-0.001124
2017-05-26 15:13:00+02:00,-0.0,0.0,-0.000265,-0.001112,-0.000245,-2.2e-05,-0.000278,-0.000405,-0.000927,-8.6e-05,-1e-06,-0.0,-0.001108,-0.00106,-0.000686,-0.001389,-0.000124,-0.0,-5e-05,-0.001509,0.0,-0.001498,-0.000772,-0.0,-0.001827,-0.001557,-0.000355,0.0,-0.00032,-5.2e-05,-0.0,-0.000929,0.0,-0.00092,-0.001001,-0.0,-0.000541,-0.000696,-0.0,-0.001932,-0.000406,-0.0,-0.00072,0.0,-0.000218,-0.000574,-0.000412,-0.00067,-0.000664,0.0,-7e-06,-0.000779,-0.000785,-0.001108,-0.0,0.0,-0.000199,-0.0,0.0,-0.000428,-0.000762,-0.001869,-0.001029,0.0,-0.000288,-0.001456,-0.000216,-0.000709,0.0,-0.000228,-0.000428,-5.9e-05,-1.3e-05,-0.000832,-0.001042,0.0,-0.000153,-0.0,-0.000588,-0.0,-0.000769,-0.0,-0.000639,-0.001872,-0.000127,-0.000147,-0.001041,-0.0,-3e-06,-0.0,-0.000118,-0.000842,-0.001086,0.0,-0.000663,-0.001036,-0.00157,-0.001572,-0.0,-0.001793,-1.1e-05,-0.001236,-0.000422,0.0,-0.000391,-0.002136,-0.001092,-0.001524,-0.00117,-0.001577,-0.000423,-0.000284,-0.0003,-0.0,-0.000301,-0.000772,-0.000934,-0.001066
2017-05-26 15:14:00+02:00,-0.0,0.0,-0.000212,-0.000931,-0.000196,-1.8e-05,-0.000222,-0.000324,-0.000844,-6.8e-05,-1e-06,-0.0,-0.001055,-0.000998,-0.000586,-0.001199,-0.0001,-0.0,-4e-05,-0.001316,0.0,-0.001305,-0.000618,-0.0,-0.001662,-0.001359,-0.000284,0.0,-0.000256,-4.2e-05,-0.0,-0.000843,0.0,-0.000829,-0.000928,-0.0,-0.000433,-0.000557,-0.0,-0.001786,-0.000325,-0.0,-0.000576,0.0,-0.000175,-0.000459,-0.000329,-0.000573,-0.000572,0.0,-5e-06,-0.000671,-0.000675,-0.001055,-0.0,0.0,-0.000159,-0.0,0.0,-0.000342,-0.000656,-0.001711,-0.000849,0.0,-0.00023,-0.001263,-0.000173,-0.000611,0.0,-0.000183,-0.000343,-4.7e-05,-1.1e-05,-0.00072,-0.000976,0.0,-0.000122,-0.0,-0.000471,-0.0,-0.000661,-0.0,-0.000511,-0.001715,-0.000102,-0.000118,-0.000982,-0.0,-2e-06,-0.0,-9.5e-05,-0.00073,-0.00103,0.0,-0.000557,-0.000872,-0.001372,-0.001374,-0.0,-0.001619,-8e-06,-0.001051,-0.000337,0.0,-0.000312,-0.002026,-0.001037,-0.001344,-0.000989,-0.001378,-0.000338,-0.000227,-0.00024,-0.0,-0.000241,-0.000618,-0.000756,-0.001007
2017-05-26 15:15:00+02:00,-0.0,0.0,-0.00017,-0.000762,-0.000157,-1.4e-05,-0.000178,-0.000259,-0.000759,-5.5e-05,-1e-06,-0.0,-0.000985,-0.000923,-0.000494,-0.001018,-8e-05,-0.0,-3.2e-05,-0.00113,0.0,-0.001119,-0.000494,-0.0,-0.001495,-0.001169,-0.000227,0.0,-0.000205,-3.3e-05,-0.0,-0.000755,0.0,-0.000737,-0.000846,-0.0,-0.000346,-0.000446,-0.0,-0.00163,-0.00026,-0.0,-0.000461,0.0,-0.00014,-0.000368,-0.000263,-0.00048,-0.000486,0.0,-4e-06,-0.000567,-0.000571,-0.000985,-0.0,0.0,-0.000128,-0.0,0.0,-0.000274,-0.000555,-0.001548,-0.000682,0.0,-0.000184,-0.001079,-0.000138,-0.000517,0.0,-0.000146,-0.000274,-3.8e-05,-9e-06,-0.000612,-0.000899,0.0,-9.8e-05,-0.0,-0.000377,-0.0,-0.00056,-0.0,-0.000409,-0.001552,-8.1e-05,-9.4e-05,-0.000913,-0.0,-2e-06,-0.0,-7.6e-05,-0.000623,-0.000959,0.0,-0.000459,-0.000719,-0.001182,-0.001183,-0.0,-0.001447,-7e-06,-0.000878,-0.00027,0.0,-0.00025,-0.001892,-0.000967,-0.001172,-0.000818,-0.001187,-0.000271,-0.000181,-0.000192,-0.0,-0.000193,-0.000494,-0.000605,-0.000935
2017-05-26 15:16:00+02:00,-0.0,0.0,-0.000136,-0.000635,-0.000125,-1.1e-05,-0.000142,-0.000207,-0.000678,-4.4e-05,-1e-06,-0.0,-0.000914,-0.000849,-0.000409,-0.000889,-6.4e-05,-0.0,-2.6e-05,-0.000934,0.0,-0.000923,-0.000395,-0.0,-0.001333,-0.001043,-0.000182,0.0,-0.000164,-2.7e-05,-0.0,-0.000672,0.0,-0.000652,-0.000767,-0.0,-0.000277,-0.000356,-0.0,-0.001475,-0.000208,-0.0,-0.000369,0.0,-0.000112,-0.000294,-0.000211,-0.000384,-0.000406,0.0,-3e-06,-0.000461,-0.000497,-0.000913,-0.0,0.0,-0.000102,-0.0,0.0,-0.000219,-0.00045,-0.001388,-0.000556,0.0,-0.000147,-0.00095,-0.000111,-0.000419,0.0,-0.000117,-0.000219,-3e-05,-7e-06,-0.000502,-0.000823,0.0,-7.8e-05,-0.0,-0.000301,-0.0,-0.000488,-0.0,-0.000327,-0.001393,-6.5e-05,-7.5e-05,-0.00084,-0.0,-1e-06,-0.0,-6.1e-05,-0.00055,-0.000886,0.0,-0.000386,-0.000578,-0.001057,-0.001059,-0.0,-0.001281,-5e-06,-0.00075,-0.000216,0.0,-0.0002,-0.001749,-0.000895,-0.001011,-0.000692,-0.001062,-0.000217,-0.000145,-0.000154,-0.0,-0.000154,-0.000395,-0.000484,-0.000862
2017-05-26 15:17:00+02:00,-0.0,0.0,-0.000109,-0.000536,-0.0001,-9e-06,-0.000114,-0.000166,-0.000626,-3.5e-05,-1e-06,-0.0,-0.000873,-0.000805,-0.000351,-0.000788,-5.1e-05,-0.0,-2.1e-05,-0.000793,0.0,-0.000781,-0.000316,-0.0,-0.001227,-0.000942,-0.000146,0.0,-0.000131,-2.1e-05,-0.0,-0.000619,0.0,-0.000596,-0.000719,-0.0,-0.000222,-0.000285,-0.0,-0.001374,-0.000166,-0.0,-0.000295,0.0,-8.9e-05,-0.000235,-0.000169,-0.000311,-0.000352,0.0,-3e-06,-0.000384,-0.000439,-0.000872,-0.0,0.0,-8.2e-05,-0.0,0.0,-0.000175,-0.000374,-0.001284,-0.000457,0.0,-0.000118,-0.000848,-8.9e-05,-0.000347,0.0,-9.4e-05,-0.000175,-2.4e-05,-5e-06,-0.000423,-0.000778,0.0,-6.2e-05,-0.0,-0.000241,-0.0,-0.000432,-0.0,-0.000262,-0.001289,-5.2e-05,-6e-05,-0.000794,-0.0,-1e-06,-0.0,-4.8e-05,-0.000493,-0.000844,0.0,-0.00033,-0.000482,-0.000958,-0.00096,-0.0,-0.001172,-4e-06,-0.00065,-0.000173,0.0,-0.00016,-0.001661,-0.000853,-0.000902,-0.000593,-0.000962,-0.000173,-0.000116,-0.000123,-0.0,-0.000123,-0.000316,-0.000387,-0.000818
2017-05-26 15:18:00+02:00,-0.0,0.0,-8.7e-05,-0.000541,-8e-05,-7e-06,-9.1e-05,-0.000133,-0.000681,-2.8e-05,-0.0,-0.0,-0.001007,-0.000924,-0.000367,-0.000822,-4.1e-05,-0.0,-1.6e-05,-0.000767,0.0,-0.000756,-0.000253,-0.0,-0.001314,-0.000999,-0.000116,0.0,-0.000105,-1.7e-05,-0.0,-0.000684,0.0,-0.000659,-0.000816,-0.0,-0.000177,-0.000228,-0.0,-0.001486,-0.000133,-0.0,-0.000236,0.0,-7.1e-05,-0.000188,-0.000149,-0.000287,-0.000364,0.0,-2e-06,-0.00037,-0.00047,-0.001009,-0.0,0.0,-6.5e-05,-0.0,0.0,-0.00014,-0.000359,-0.001379,-0.000451,0.0,-9.4e-05,-0.00089,-7.1e-05,-0.000329,0.0,-7.5e-05,-0.00014,-1.9e-05,-4e-06,-0.000415,-0.000891,0.0,-5e-05,-0.0,-0.000193,-0.0,-0.00046,-0.0,-0.000209,-0.001386,-4.2e-05,-4.8e-05,-0.000871,-0.0,-1e-06,-0.0,-3.9e-05,-0.000533,-0.000971,0.0,-0.000344,-0.000481,-0.001018,-0.00102,-0.0,-0.001243,-3e-06,-0.000668,-0.000138,0.0,-0.000128,-0.001829,-0.000978,-0.000938,-0.000605,-0.001023,-0.000139,-9.3e-05,-9.8e-05,-0.0,-9.9e-05,-0.000253,-0.000369,-0.000929
2017-05-26 15:19:00+02:00,-0.0,0.0,-0.000363,-0.001104,-0.000365,-0.000163,-0.000279,-0.000359,-0.001029,-0.000168,-7.7e-05,-0.0,-0.001339,-0.00128,-0.000716,-0.00144,-0.000255,-0.0,-0.00019,-0.001363,0.0,-0.00135,-0.000694,-0.0,-0.001964,-0.001655,-0.000325,0.0,-0.000337,-0.000125,-5.1e-05,-0.001072,0.0,-0.001068,-0.001198,-0.0,-0.000625,-0.000649,-0.0,-0.0021,-0.000372,-0.0,-0.000643,0.0,-0.000345,-0.000619,-0.000396,-0.000573,-0.000676,0.0,-8e-05,-0.000705,-0.000836,-0.001348,-5.4e-05,0.0,-0.000314,-6.3e-05,0.0,-0.00049,-0.000685,-0.002016,-0.000996,0.0,-0.000379,-0.001523,-0.000244,-0.000624,0.0,-0.000264,-0.000375,-0.000154,-0.00012,-0.000768,-0.001258,0.0,-0.000305,-0.0,-0.000585,-0.0,-0.000811,-3.8e-05,-0.00066,-0.002022,-0.000275,-0.000275,-0.001149,-4.7e-05,-8.2e-05,-0.0,-0.00019,-0.000907,-0.001311,0.0,-0.00069,-0.001032,-0.001678,-0.001681,-3.3e-05,-0.001906,-0.000104,-0.001257,-0.000359,0.0,-0.000358,-0.002375,-0.001307,-0.001569,-0.00118,-0.001686,-0.000383,-0.000313,-0.000296,-7.4e-05,-0.000406,-0.000675,-0.000893,-0.001256
2017-05-26 15:20:00+02:00,-0.0,0.0,-0.00029,-0.001115,-0.000292,-0.00013,-0.000258,-0.000347,-0.001039,-0.000134,-6.1e-05,-0.0,-0.00138,-0.001309,-0.000704,-0.001455,-0.000204,-0.0,-0.000152,-0.00136,0.0,-0.001346,-0.000672,-0.0,-0.001992,-0.001675,-0.000309,0.0,-0.000323,-0.0001,-4.1e-05,-0.001072,0.0,-0.001061,-0.001211,-0.0,-0.000606,-0.00062,-0.0,-0.002153,-0.000351,-0.0,-0.000603,0.0,-0.000276,-0.000596,-0.000395,-0.00057,-0.000673,0.0,-6.4e-05,-0.000694,-0.000831,-0.001388,-4.3e-05,0.0,-0.000251,-5e-05,0.0,-0.000439,-0.000675,-0.002053,-0.001005,0.0,-0.000303,-0.001539,-0.000218,-0.000621,0.0,-0.000233,-0.00035,-0.000123,-9.6e-05,-0.000754,-0.001281,0.0,-0.000244,-0.0,-0.000547,-0.0,-0.000809,-3e-05,-0.000644,-0.002059,-0.00022,-0.00022,-0.001194,-3.7e-05,-6.6e-05,-0.0,-0.000152,-0.000904,-0.001347,0.0,-0.000684,-0.001033,-0.0017,-0.001702,-2.6e-05,-0.001924,-8.3e-05,-0.001269,-0.000341,0.0,-0.000339,-0.002478,-0.001347,-0.001573,-0.001193,-0.001707,-0.000365,-0.000296,-0.000264,-6e-05,-0.000339,-0.000639,-0.000899,-0.001292
2017-05-26 15:21:00+02:00,-0.0,0.0,-0.000232,-0.000901,-0.000233,-0.000104,-0.000207,-0.000277,-0.000904,-0.000107,-4.9e-05,-0.0,-0.001244,-0.001168,-0.000569,-0.001229,-0.000163,-0.0,-0.000121,-0.001107,0.0,-0.001094,-0.000538,-0.0,-0.001735,-0.001442,-0.000248,0.0,-0.000259,-8e-05,-3.3e-05,-0.000928,0.0,-0.000912,-0.001067,-0.0,-0.000484,-0.000496,-0.0,-0.001904,-0.000281,-0.0,-0.000482,0.0,-0.000221,-0.000477,-0.000316,-0.000456,-0.000548,0.0,-5.1e-05,-0.000556,-0.0007,-0.00125,-3.4e-05,0.0,-0.000201,-4e-05,0.0,-0.000351,-0.000541,-0.001799,-0.000804,0.0,-0.000242,-0.00131,-0.000175,-0.000496,0.0,-0.000187,-0.00028,-9.9e-05,-7.7e-05,-0.00061,-0.001139,0.0,-0.000195,-0.0,-0.000438,-0.0,-0.000682,-2.4e-05,-0.000515,-0.001805,-0.000176,-0.000176,-0.001074,-3e-05,-5.3e-05,-0.0,-0.000122,-0.000772,-0.00121,0.0,-0.000558,-0.000826,-0.001467,-0.00147,-2.1e-05,-0.001665,-6.7e-05,-0.00105,-0.000273,0.0,-0.000271,-0.002239,-0.001212,-0.001324,-0.000977,-0.001474,-0.000292,-0.000237,-0.000211,-4.8e-05,-0.000271,-0.000512,-0.000719,-0.001159
2017-05-26 15:22:00+02:00,-0.0,0.0,-0.000186,-0.000842,-0.000187,-8.3e-05,-0.000165,-0.000222,-0.000941,-8.6e-05,-3.9e-05,-0.0,-0.001388,-0.001289,-0.000535,-0.001216,-0.000131,-0.0,-9.7e-05,-0.001053,0.0,-0.001039,-0.00043,-0.0,-0.001789,-0.001463,-0.000198,0.0,-0.000207,-6.4e-05,-2.6e-05,-0.00097,0.0,-0.000945,-0.001153,-0.0,-0.000388,-0.000397,-0.0,-0.001997,-0.000225,-0.0,-0.000386,0.0,-0.000176,-0.000381,-0.000254,-0.000414,-0.000518,0.0,-4.1e-05,-0.000525,-0.000706,-0.001397,-2.7e-05,0.0,-0.000161,-3.2e-05,0.0,-0.000281,-0.000508,-0.001867,-0.000727,0.0,-0.000194,-0.00131,-0.00014,-0.000461,0.0,-0.000149,-0.000224,-7.9e-05,-6.2e-05,-0.000584,-0.00125,0.0,-0.000156,-0.0,-0.00035,-0.0,-0.000686,-1.9e-05,-0.000412,-0.001878,-0.000141,-0.000141,-0.001156,-2.4e-05,-4.2e-05,-0.0,-9.7e-05,-0.000792,-0.001344,0.0,-0.000537,-0.000728,-0.00149,-0.001494,-1.7e-05,-0.001693,-5.3e-05,-0.001012,-0.000218,0.0,-0.000217,-0.002422,-0.001346,-0.001295,-0.000927,-0.001499,-0.000234,-0.000189,-0.000169,-3.8e-05,-0.000217,-0.000409,-0.000621,-0.001275
2017-05-26 15:23:00+02:00,-0.00018,0.0,-0.001498,-0.002831,-0.0015,-0.00094,-0.000988,-0.001214,-0.001938,-0.000775,-0.000508,-0.00022,-0.00245,-0.002387,-0.001792,-0.003053,-0.001158,-0.000259,-0.000993,-0.002896,0.0,-0.00294,-0.002301,-0.00038,-0.003605,-0.003251,-0.001098,0.0,-0.001211,-0.000659,-0.000409,-0.002089,0.0,-0.002112,-0.002287,-0.000289,-0.002052,-0.0021,-0.000208,-0.003652,-0.001319,-0.000371,-0.002212,0.0,-0.001449,-0.002116,-0.001269,-0.001459,-0.001599,0.0,-0.000535,-0.001733,-0.001904,-0.002473,-0.000433,0.0,-0.001306,-0.000554,0.0,-0.001746,-0.001685,-0.003602,-0.002717,0.0,-0.001563,-0.003128,-0.000901,-0.001497,0.0,-0.001025,-0.001346,-0.000762,-0.000646,-0.001823,-0.002364,0.0,-0.001278,-0.00031,-0.001958,-0.000357,-0.001828,-0.000484,-0.002263,-0.00366,-0.001268,-0.001241,-0.00199,-0.000361,-0.000508,-0.000199,-0.00084,-0.001947,-0.002414,0.0,-0.001794,-0.002663,-0.003211,-0.003215,-0.000449,-0.003408,-0.000605,-0.002919,-0.001233,0.0,-0.001266,-0.004019,-0.00239,-0.003056,-0.002774,-0.003253,-0.001345,-0.001151,-0.001122,-0.000598,-0.001537,-0.002244,-0.002577,-0.002299
2017-05-26 15:24:00+02:00,-0.000144,0.0,-0.002432,-0.00442,-0.002417,-0.001323,-0.001663,-0.002084,-0.002733,-0.001201,-0.00065,-0.000176,-0.003298,-0.003264,-0.002797,-0.00452,-0.001774,-0.000207,-0.001441,-0.004368,0.0,-0.004458,-0.003942,-0.000304,-0.005055,-0.004678,-0.001876,0.0,-0.002028,-0.000994,-0.000462,-0.002984,0.0,-0.003044,-0.003193,-0.000231,-0.003384,-0.003577,-0.000166,-0.004972,-0.002271,-0.000297,-0.003803,0.0,-0.002314,-0.003521,-0.002078,-0.002293,-0.002462,0.0,-0.00073,-0.002699,-0.002861,-0.003333,-0.000487,0.0,-0.00207,-0.000514,0.0,-0.002895,-0.002625,-0.004988,-0.004306,0.0,-0.002556,-0.00458,-0.001496,-0.002323,0.0,-0.001708,-0.002334,-0.001152,-0.000896,-0.002813,-0.003255,0.0,-0.001974,-0.000248,-0.003301,-0.000286,-0.002739,-0.000387,-0.003789,-0.005083,-0.001952,-0.001926,-0.002655,-0.000407,-0.000677,-0.000159,-0.00134,-0.00287,-0.003269,0.0,-0.002799,-0.004208,-0.004585,-0.004589,-0.000359,-0.004777,-0.000848,-0.004441,-0.002111,0.0,-0.002176,-0.005293,-0.003224,-0.004462,-0.004249,-0.004653,-0.002315,-0.001917,-0.001908,-0.000599,-0.002502,-0.003867,-0.004139,-0.003116
2017-05-26 15:25:00+02:00,-0.000115,0.0,-0.002398,-0.005528,-0.002346,-0.001058,-0.00181,-0.002361,-0.003386,-0.00108,-0.00052,-0.000141,-0.00399,-0.00398,-0.003517,-0.005738,-0.001526,-0.000166,-0.001153,-0.00559,0.0,-0.005716,-0.004466,-0.000243,-0.006258,-0.005864,-0.002104,0.0,-0.002238,-0.000807,-0.000369,-0.003714,0.0,-0.003804,-0.003932,-0.000185,-0.003696,-0.004014,-0.000133,-0.006073,-0.002554,-0.000237,-0.004304,0.0,-0.002202,-0.003871,-0.002395,-0.002979,-0.003132,0.0,-0.000584,-0.003486,-0.003641,-0.004035,-0.00039,0.0,-0.001942,-0.000411,0.0,-0.003056,-0.003392,-0.00614,-0.005257,0.0,-0.002556,-0.005786,-0.001579,-0.003003,0.0,-0.001795,-0.002656,-0.000972,-0.000717,-0.003619,-0.003982,0.0,-0.001775,-0.000198,-0.003626,-0.000229,-0.003484,-0.00031,-0.004215,-0.006264,-0.001694,-0.001712,-0.003207,-0.000325,-0.000542,-0.000127,-0.001266,-0.003623,-0.003968,0.0,-0.003551,-0.00508,-0.00573,-0.005735,-0.000287,-0.005918,-0.000678,-0.005702,-0.002429,0.0,-0.002443,-0.006356,-0.003906,-0.005633,-0.005391,-0.005818,-0.002613,-0.002085,-0.002085,-0.000479,-0.002517,-0.004415,-0.004921,-0.003786
2017-05-26 15:26:00+02:00,-9.2e-05,0.0,-0.002001,-0.006077,-0.001927,-0.000847,-0.001762,-0.002413,-0.003927,-0.000864,-0.000416,-0.000113,-0.004556,-0.004564,-0.00384,-0.00669,-0.001221,-0.000133,-0.000922,-0.006623,0.0,-0.006774,-0.004567,-0.000195,-0.007269,-0.006867,-0.002125,0.0,-0.002204,-0.000646,-0.000295,-0.00431,0.0,-0.004423,-0.004534,-0.000148,-0.00357,-0.004061,-0.000106,-0.00701,-0.002583,-0.00019,-0.004357,0.0,-0.001762,-0.0038,-0.002474,-0.003424,-0.003455,0.0,-0.000468,-0.004084,-0.004237,-0.004608,-0.000312,0.0,-0.001554,-0.000329,0.0,-0.00286,-0.003967,-0.007113,-0.005679,0.0,-0.002181,-0.006804,-0.001476,-0.003507,0.0,-0.001666,-0.002701,-0.000777,-0.000573,-0.004275,-0.004574,0.0,-0.00142,-0.000159,-0.003575,-0.000183,-0.004063,-0.000248,-0.004199,-0.007258,-0.001355,-0.00137,-0.003673,-0.00026,-0.000433,-0.000102,-0.001013,-0.004238,-0.004538,0.0,-0.003927,-0.005408,-0.006706,-0.006709,-0.00023,-0.006885,-0.000543,-0.00641,-0.0025,0.0,-0.002466,-0.00726,-0.004464,-0.00657,-0.005999,-0.006806,-0.002654,-0.002017,-0.002018,-0.000383,-0.002191,-0.004519,-0.005215,-0.004335
2017-05-26 15:27:00+02:00,-7.4e-05,0.0,-0.001601,-0.006347,-0.001542,-0.000677,-0.001651,-0.002385,-0.004376,-0.000691,-0.000333,-9e-05,-0.00502,-0.005042,-0.003953,-0.007302,-0.000977,-0.000106,-0.000738,-0.007409,0.0,-0.007556,-0.004519,-0.000156,-0.008119,-0.007712,-0.002076,0.0,-0.00207,-0.000517,-0.000236,-0.0048,0.0,-0.004929,-0.005026,-0.000118,-0.003246,-0.003975,-8.5e-05,-0.007803,-0.002525,-0.000152,-0.00423,0.0,-0.00141,-0.003556,-0.002447,-0.0037,-0.003591,0.0,-0.000374,-0.004464,-0.004607,-0.005077,-0.000249,0.0,-0.001243,-0.000263,0.0,-0.002556,-0.004332,-0.007934,-0.005846,0.0,-0.001745,-0.007522,-0.001317,-0.003832,0.0,-0.001475,-0.002634,-0.000622,-0.000459,-0.004718,-0.005058,0.0,-0.001136,-0.000127,-0.0034,-0.000146,-0.004426,-0.000198,-0.003996,-0.008095,-0.001084,-0.001096,-0.004065,-0.000208,-0.000347,-8.1e-05,-0.00081,-0.004729,-0.005006,0.0,-0.004116,-0.005455,-0.007531,-0.007534,-0.000184,-0.007703,-0.000434,-0.006817,-0.002469,0.0,-0.002406,-0.008027,-0.004923,-0.007127,-0.006331,-0.00764,-0.002606,-0.001854,-0.001862,-0.000307,-0.001772,-0.00444,-0.005279,-0.004788
2017-05-26 15:28:00+02:00,-5.9e-05,0.0,-0.001281,-0.006006,-0.001233,-0.000542,-0.001456,-0.002188,-0.004128,-0.000553,-0.000266,-7.2e-05,-0.004638,-0.004708,-0.003692,-0.007118,-0.000781,-8.5e-05,-0.00059,-0.007344,0.0,-0.007456,-0.004156,-0.000125,-0.007775,-0.007676,-0.001889,0.0,-0.001817,-0.000413,-0.000189,-0.00454,0.0,-0.004708,-0.004752,-9.5e-05,-0.00276,-0.003642,-6.8e-05,-0.007682,-0.002298,-0.000121,-0.003825,0.0,-0.001128,-0.00312,-0.002233,-0.003573,-0.003366,0.0,-0.000299,-0.004339,-0.004459,-0.004708,-0.000199,0.0,-0.000994,-0.000211,0.0,-0.002173,-0.004206,-0.007727,-0.005487,0.0,-0.001396,-0.007382,-0.001117,-0.003722,0.0,-0.001241,-0.002387,-0.000498,-0.000367,-0.004616,-0.004752,0.0,-0.000909,-0.000102,-0.003046,-0.000117,-0.004282,-0.000159,-0.003549,-0.007764,-0.000867,-0.000877,-0.0038,-0.000167,-0.000277,-6.5e-05,-0.000648,-0.00454,-0.004638,0.0,-0.003905,-0.005036,-0.007551,-0.007555,-0.000147,-0.007682,-0.000347,-0.006539,-0.002255,0.0,-0.002186,-0.007705,-0.00454,-0.006912,-0.006066,-0.007648,-0.002379,-0.001599,-0.001617,-0.000245,-0.001417,-0.004059,-0.004912,-0.00442
2017-05-26 15:29:00+02:00,-4.7e-05,0.0,-0.001024,-0.00484,-0.000987,-0.000433,-0.001165,-0.00175,-0.002534,-0.000442,-0.000213,-5.8e-05,-0.002633,-0.002648,-0.002657,-0.004994,-0.000625,-6.8e-05,-0.000472,-0.004994,0.0,-0.004992,-0.003325,-0.0001,-0.004987,-0.004994,-0.001511,0.0,-0.001454,-0.000331,-0.000151,-0.002613,0.0,-0.002648,-0.002657,-7.6e-05,-0.002208,-0.002914,-5.4e-05,-0.004994,-0.001838,-9.7e-05,-0.00306,0.0,-0.000902,-0.002496,-0.001786,-0.002505,-0.002534,0.0,-0.000239,-0.002613,-0.002633,-0.002648,-0.00016,0.0,-0.000796,-0.000168,0.0,-0.001738,-0.002589,-0.004992,-0.00439,0.0,-0.001117,-0.004994,-0.000893,-0.002505,0.0,-0.000993,-0.001909,-0.000398,-0.000294,-0.002648,-0.002657,0.0,-0.000727,-8.1e-05,-0.002437,-9.4e-05,-0.002589,-0.000127,-0.002839,-0.004988,-0.000694,-0.000701,-0.002476,-0.000133,-0.000222,-5.2e-05,-0.000519,-0.002613,-0.002633,0.0,-0.002657,-0.004028,-0.004994,-0.004994,-0.000118,-0.004994,-0.000278,-0.004992,-0.001804,0.0,-0.001749,-0.004994,-0.002613,-0.004994,-0.004924,-0.004994,-0.001904,-0.001279,-0.001293,-0.000196,-0.001134,-0.003247,-0.00393,-0.002589
2017-05-26 15:30:00+02:00,-3.8e-05,0.0,-0.00082,-0.003872,-0.000789,-0.000347,-0.000932,-0.0014,-0.002027,-0.000354,-0.00017,-4.6e-05,-0.002185,-0.002169,-0.002126,-0.003995,-0.0005,-5.4e-05,-0.000378,-0.003995,0.0,-0.003993,-0.00266,-8e-05,-0.003989,-0.003995,-0.001209,0.0,-0.001163,-0.000265,-0.000121,-0.00209,0.0,-0.002118,-0.002142,-6.1e-05,-0.001766,-0.002331,-4.4e-05,-0.004027,-0.00147,-7.8e-05,-0.002448,0.0,-0.000722,-0.001997,-0.001429,-0.002004,-0.002027,0.0,-0.000191,-0.00209,-0.002106,-0.002196,-0.000128,0.0,-0.000636,-0.000135,0.0,-0.001391,-0.002071,-0.003993,-0.003512,0.0,-0.000893,-0.003995,-0.000715,-0.002004,0.0,-0.000794,-0.001527,-0.000318,-0.000235,-0.002118,-0.002166,0.0,-0.000582,-6.5e-05,-0.001949,-7.5e-05,-0.002071,-0.000102,-0.002271,-0.003991,-0.000555,-0.000561,-0.00204,-0.000107,-0.000178,-4.2e-05,-0.000415,-0.00209,-0.002174,0.0,-0.002126,-0.003223,-0.003995,-0.003995,-9.4e-05,-0.003995,-0.000222,-0.003993,-0.001443,0.0,-0.001399,-0.004142,-0.002163,-0.003995,-0.003939,-0.003995,-0.001523,-0.001023,-0.001035,-0.000157,-0.000907,-0.002598,-0.003144,-0.002132
2017-05-26 15:31:00+02:00,-3e-05,0.0,-0.000656,-0.003098,-0.000631,-0.000277,-0.000745,-0.00112,-0.001622,-0.000283,-0.000136,-3.7e-05,-0.001818,-0.001782,-0.001701,-0.003196,-0.0004,-4.4e-05,-0.000302,-0.003196,0.0,-0.003195,-0.002128,-6.4e-05,-0.003191,-0.003196,-0.000967,0.0,-0.00093,-0.000212,-9.7e-05,-0.001672,0.0,-0.001694,-0.00173,-4.8e-05,-0.001413,-0.001865,-3.5e-05,-0.003254,-0.001176,-6.2e-05,-0.001959,0.0,-0.000577,-0.001597,-0.001143,-0.001604,-0.001622,0.0,-0.000153,-0.001672,-0.001685,-0.001826,-0.000102,0.0,-0.000509,-0.000108,0.0,-0.001112,-0.001657,-0.003196,-0.002809,0.0,-0.000715,-0.003196,-0.000572,-0.001604,0.0,-0.000635,-0.001222,-0.000255,-0.000188,-0.001694,-0.001769,0.0,-0.000465,-5.2e-05,-0.00156,-6e-05,-0.001657,-8.1e-05,-0.001817,-0.003196,-0.000444,-0.000449,-0.001685,-8.5e-05,-0.000142,-3.3e-05,-0.000332,-0.001672,-0.0018,0.0,-0.001701,-0.002578,-0.003196,-0.003196,-7.5e-05,-0.003196,-0.000178,-0.003195,-0.001155,0.0,-0.001119,-0.003443,-0.001795,-0.003196,-0.003152,-0.003196,-0.001218,-0.000819,-0.000828,-0.000126,-0.000726,-0.002078,-0.002515,-0.00176
2017-05-26 15:32:00+02:00,-2.4e-05,0.0,-0.000525,-0.002478,-0.000505,-0.000222,-0.000596,-0.000896,-0.001327,-0.000226,-0.000109,-3e-05,-0.001554,-0.001505,-0.00136,-0.002557,-0.00032,-3.5e-05,-0.000242,-0.002587,0.0,-0.002583,-0.001702,-5.1e-05,-0.002611,-0.002588,-0.000774,0.0,-0.000744,-0.000169,-7.7e-05,-0.001363,0.0,-0.001372,-0.001438,-3.9e-05,-0.001131,-0.001492,-2.8e-05,-0.002708,-0.000941,-5e-05,-0.001567,0.0,-0.000462,-0.001278,-0.000915,-0.001283,-0.001298,0.0,-0.000123,-0.001342,-0.001348,-0.001559,-8.2e-05,0.0,-0.000407,-8.6e-05,0.0,-0.00089,-0.001329,-0.002634,-0.002248,0.0,-0.000572,-0.002561,-0.000457,-0.001285,0.0,-0.000508,-0.000978,-0.000204,-0.00015,-0.001367,-0.001487,0.0,-0.000372,-4.2e-05,-0.001248,-4.8e-05,-0.001326,-6.5e-05,-0.001454,-0.002636,-0.000355,-0.000359,-0.001432,-6.8e-05,-0.000114,-2.7e-05,-0.000265,-0.001348,-0.001531,0.0,-0.00136,-0.002063,-0.002594,-0.002594,-6e-05,-0.002599,-0.000142,-0.002556,-0.000924,0.0,-0.000895,-0.002943,-0.001531,-0.002557,-0.002521,-0.002594,-0.000975,-0.000655,-0.000662,-0.0001,-0.000581,-0.001662,-0.002012,-0.001493
2017-05-26 15:33:00+02:00,-1.9e-05,0.0,-0.00042,-0.001983,-0.000404,-0.000178,-0.000477,-0.000717,-0.001074,-0.000181,-8.7e-05,-2.4e-05,-0.001311,-0.001255,-0.001088,-0.002045,-0.000256,-2.8e-05,-0.000193,-0.002069,0.0,-0.002067,-0.001362,-4.1e-05,-0.002112,-0.002076,-0.000619,0.0,-0.000595,-0.000135,-6.2e-05,-0.001098,0.0,-0.001099,-0.001181,-3.1e-05,-0.000904,-0.001193,-2.2e-05,-0.002226,-0.000753,-4e-05,-0.001253,0.0,-0.00037,-0.001022,-0.000732,-0.001026,-0.001038,0.0,-9.8e-05,-0.001074,-0.001078,-0.001315,-6.5e-05,0.0,-0.000326,-6.9e-05,0.0,-0.000712,-0.001063,-0.002146,-0.001798,0.0,-0.000457,-0.002049,-0.000366,-0.001028,0.0,-0.000407,-0.000782,-0.000163,-0.00012,-0.001094,-0.001234,0.0,-0.000298,-3.3e-05,-0.000998,-3.8e-05,-0.001061,-5.2e-05,-0.001163,-0.002148,-0.000284,-0.000287,-0.001201,-5.5e-05,-9.1e-05,-2.1e-05,-0.000212,-0.001078,-0.001286,0.0,-0.001088,-0.00165,-0.002085,-0.002086,-4.8e-05,-0.002089,-0.000114,-0.002045,-0.000739,0.0,-0.000716,-0.002482,-0.001288,-0.002045,-0.002017,-0.002086,-0.00078,-0.000524,-0.00053,-8e-05,-0.000464,-0.00133,-0.00161,-0.001251
2017-05-26 15:34:00+02:00,-1.5e-05,0.0,-0.000336,-0.001586,-0.000323,-0.000142,-0.000382,-0.000574,-0.000865,-0.000145,-7e-05,-1.9e-05,-0.001101,-0.001043,-0.000871,-0.001636,-0.000205,-2.2e-05,-0.000155,-0.001655,0.0,-0.001653,-0.001089,-3.3e-05,-0.001701,-0.00166,-0.000495,0.0,-0.000476,-0.000108,-5e-05,-0.000881,0.0,-0.000879,-0.000967,-2.5e-05,-0.000724,-0.000955,-1.8e-05,-0.001823,-0.000602,-3.2e-05,-0.001003,0.0,-0.000296,-0.000818,-0.000585,-0.000821,-0.00083,0.0,-7.8e-05,-0.000859,-0.000863,-0.001104,-5.2e-05,0.0,-0.000261,-5.5e-05,0.0,-0.00057,-0.000851,-0.001741,-0.001438,0.0,-0.000366,-0.001639,-0.000293,-0.000822,0.0,-0.000325,-0.000626,-0.00013,-9.6e-05,-0.000875,-0.001021,0.0,-0.000238,-2.7e-05,-0.000798,-3.1e-05,-0.000848,-4.2e-05,-0.00093,-0.001744,-0.000227,-0.00023,-0.001003,-4.4e-05,-7.3e-05,-1.7e-05,-0.00017,-0.000863,-0.001076,0.0,-0.000871,-0.00132,-0.001668,-0.001669,-3.9e-05,-0.001672,-9.1e-05,-0.001636,-0.000591,0.0,-0.000573,-0.002084,-0.00108,-0.001636,-0.001614,-0.001669,-0.000624,-0.000419,-0.000424,-6.4e-05,-0.000372,-0.001064,-0.001288,-0.001044
2017-05-26 15:35:00+02:00,-1.2e-05,0.0,-0.000269,-0.001269,-0.000259,-0.000114,-0.000305,-0.000459,-0.000692,-0.000116,-5.6e-05,-1.5e-05,-0.000919,-0.000861,-0.000697,-0.001309,-0.000164,-1.8e-05,-0.000124,-0.001324,0.0,-0.001323,-0.000872,-2.6e-05,-0.001361,-0.001328,-0.000396,0.0,-0.000381,-8.7e-05,-4e-05,-0.000705,0.0,-0.000703,-0.000784,-2e-05,-0.000579,-0.000764,-1.4e-05,-0.00148,-0.000482,-2.5e-05,-0.000802,0.0,-0.000236,-0.000654,-0.000468,-0.000657,-0.000664,0.0,-6.3e-05,-0.000687,-0.00069,-0.000921,-4.2e-05,0.0,-0.000209,-4.4e-05,0.0,-0.000456,-0.00068,-0.001399,-0.001151,0.0,-0.000293,-0.001311,-0.000234,-0.000658,0.0,-0.00026,-0.000501,-0.000104,-7.7e-05,-0.0007,-0.000838,0.0,-0.000191,-2.1e-05,-0.000639,-2.5e-05,-0.000679,-3.3e-05,-0.000744,-0.001402,-0.000182,-0.000184,-0.000831,-3.5e-05,-5.8e-05,-1.4e-05,-0.000136,-0.00069,-0.000894,0.0,-0.000697,-0.001056,-0.001334,-0.001335,-3.1e-05,-0.001337,-7.3e-05,-0.001309,-0.000473,0.0,-0.000458,-0.001737,-0.000899,-0.001309,-0.001291,-0.001336,-0.000499,-0.000335,-0.000339,-5.1e-05,-0.000297,-0.000851,-0.00103,-0.000865
2017-05-26 15:36:00+02:00,-1e-05,0.0,-0.000215,-0.001015,-0.000207,-9.1e-05,-0.000244,-0.000367,-0.000554,-9.3e-05,-4.5e-05,-1.2e-05,-0.000771,-0.000714,-0.000557,-0.001047,-0.000131,-1.4e-05,-9.9e-05,-0.00106,0.0,-0.001058,-0.000697,-2.1e-05,-0.001089,-0.001063,-0.000317,0.0,-0.000305,-6.9e-05,-3.2e-05,-0.000564,0.0,-0.000563,-0.000639,-1.6e-05,-0.000463,-0.000611,-1.1e-05,-0.001207,-0.000385,-2e-05,-0.000642,0.0,-0.000189,-0.000523,-0.000375,-0.000525,-0.000531,0.0,-5e-05,-0.00055,-0.000552,-0.000772,-3.3e-05,0.0,-0.000167,-3.5e-05,0.0,-0.000365,-0.000544,-0.001127,-0.000921,0.0,-0.000234,-0.001049,-0.000187,-0.000526,0.0,-0.000208,-0.0004,-8.3e-05,-6.2e-05,-0.00056,-0.000691,0.0,-0.000152,-1.7e-05,-0.000511,-2e-05,-0.000543,-2.7e-05,-0.000595,-0.00113,-0.000146,-0.000147,-0.000694,-2.8e-05,-4.7e-05,-1.1e-05,-0.000109,-0.000552,-0.000747,0.0,-0.000557,-0.000845,-0.001068,-0.001068,-2.5e-05,-0.00107,-5.8e-05,-0.001047,-0.000378,0.0,-0.000367,-0.001459,-0.000753,-0.001047,-0.001033,-0.001068,-0.000399,-0.000268,-0.000271,-4.1e-05,-0.000238,-0.000681,-0.000824,-0.000722
2017-05-26 15:37:00+02:00,-8e-06,0.0,-0.000172,-0.000812,-0.000166,-7.3e-05,-0.000195,-0.000294,-0.000457,-7.4e-05,-3.6e-05,-1e-05,-0.000671,-0.000614,-0.000446,-0.000838,-0.000105,-1.1e-05,-7.9e-05,-0.000848,0.0,-0.000846,-0.000558,-1.7e-05,-0.000898,-0.000854,-0.000254,0.0,-0.000244,-5.5e-05,-2.5e-05,-0.000462,0.0,-0.000456,-0.000539,-1.3e-05,-0.00037,-0.000489,-9e-06,-0.001018,-0.000308,-1.6e-05,-0.000513,0.0,-0.000151,-0.000419,-0.0003,-0.00042,-0.000425,0.0,-4e-05,-0.00044,-0.000442,-0.000672,-2.7e-05,0.0,-0.000133,-2.8e-05,0.0,-0.000292,-0.000436,-0.000939,-0.000736,0.0,-0.000187,-0.000839,-0.00015,-0.000421,0.0,-0.000167,-0.00032,-6.7e-05,-4.9e-05,-0.000448,-0.000591,0.0,-0.000122,-1.4e-05,-0.000409,-1.6e-05,-0.000434,-2.1e-05,-0.000476,-0.000942,-0.000116,-0.000118,-0.0006,-2.2e-05,-3.7e-05,-9e-06,-8.7e-05,-0.000442,-0.000647,0.0,-0.000446,-0.000676,-0.000862,-0.000862,-2e-05,-0.000873,-4.7e-05,-0.000837,-0.000303,0.0,-0.000293,-0.001269,-0.000654,-0.000838,-0.000826,-0.000863,-0.000319,-0.000215,-0.000217,-3.3e-05,-0.00019,-0.000545,-0.000659,-0.000623
2017-05-26 15:38:00+02:00,-6e-06,0.0,-0.000138,-0.00065,-0.000132,-5.8e-05,-0.000156,-0.000235,-0.000408,-5.9e-05,-2.9e-05,-8e-06,-0.000628,-0.000569,-0.000357,-0.000699,-8.4e-05,-9e-06,-6.3e-05,-0.000716,0.0,-0.000713,-0.000446,-1.3e-05,-0.000801,-0.000739,-0.000203,0.0,-0.000195,-4.4e-05,-2e-05,-0.00041,0.0,-0.000401,-0.000492,-1e-05,-0.000296,-0.000391,-7e-06,-0.000924,-0.000247,-1.3e-05,-0.000411,0.0,-0.000121,-0.000335,-0.00024,-0.000343,-0.00034,0.0,-3.2e-05,-0.000365,-0.00037,-0.000628,-2.1e-05,0.0,-0.000107,-2.3e-05,0.0,-0.000233,-0.000361,-0.000843,-0.000589,0.0,-0.00015,-0.00071,-0.00012,-0.000348,0.0,-0.000133,-0.000256,-5.3e-05,-3.9e-05,-0.000377,-0.000546,0.0,-9.8e-05,-1.1e-05,-0.000327,-1.3e-05,-0.000364,-1.7e-05,-0.000381,-0.000847,-9.3e-05,-9.4e-05,-0.000554,-1.8e-05,-3e-05,-7e-06,-7e-05,-0.00038,-0.000603,0.0,-0.000357,-0.000541,-0.000748,-0.000749,-1.6e-05,-0.00077,-3.7e-05,-0.000677,-0.000242,0.0,-0.000235,-0.001178,-0.00061,-0.000699,-0.000661,-0.00075,-0.000255,-0.000172,-0.000174,-2.6e-05,-0.000152,-0.000436,-0.000527,-0.000578
2017-05-26 15:39:00+02:00,-5e-06,0.0,-0.00011,-0.00055,-0.000106,-4.7e-05,-0.000125,-0.000188,-0.000395,-4.7e-05,-2.3e-05,-6e-06,-0.000623,-0.000563,-0.000304,-0.000631,-6.7e-05,-7e-06,-5.1e-05,-0.000658,0.0,-0.000654,-0.000357,-1.1e-05,-0.000773,-0.000692,-0.000162,0.0,-0.000156,-3.6e-05,-1.6e-05,-0.000396,0.0,-0.000383,-0.000483,-8e-06,-0.000237,-0.000313,-6e-06,-0.000902,-0.000197,-1e-05,-0.000329,0.0,-9.7e-05,-0.000268,-0.000192,-0.000304,-0.000293,0.0,-2.6e-05,-0.00033,-0.000336,-0.000624,-1.7e-05,0.0,-8.5e-05,-1.8e-05,0.0,-0.000187,-0.000326,-0.000819,-0.000488,0.0,-0.00012,-0.000651,-9.6e-05,-0.000312,0.0,-0.000107,-0.000205,-4.3e-05,-3.2e-05,-0.000345,-0.000539,0.0,-7.8e-05,-9e-06,-0.000262,-1e-05,-0.00033,-1.4e-05,-0.000305,-0.000823,-7.4e-05,-7.5e-05,-0.000545,-1.4e-05,-2.4e-05,-6e-06,-5.6e-05,-0.000354,-0.000598,0.0,-0.000307,-0.000446,-0.000703,-0.000704,-1.3e-05,-0.000736,-3e-05,-0.00059,-0.000194,0.0,-0.000188,-0.001163,-0.000605,-0.000635,-0.000569,-0.000705,-0.000204,-0.000137,-0.000139,-2.1e-05,-0.000122,-0.000349,-0.000424,-0.000571
2017-05-26 15:40:00+02:00,-4e-06,0.0,-8.8e-05,-0.000484,-8.5e-05,-3.7e-05,-0.0001,-0.00015,-0.000391,-3.8e-05,-1.8e-05,-5e-06,-0.000627,-0.000565,-0.000269,-0.000594,-5.4e-05,-6e-06,-4.1e-05,-0.000626,0.0,-0.000621,-0.000286,-9e-06,-0.000766,-0.000671,-0.00013,0.0,-0.000125,-2.8e-05,-1.3e-05,-0.000391,0.0,-0.000376,-0.000483,-6e-06,-0.00019,-0.00025,-5e-06,-0.0009,-0.000158,-8e-06,-0.000263,0.0,-7.7e-05,-0.000214,-0.000154,-0.000279,-0.000262,0.0,-2.1e-05,-0.00031,-0.000317,-0.000629,-1.4e-05,0.0,-6.8e-05,-1.4e-05,0.0,-0.000149,-0.000305,-0.000814,-0.000421,0.0,-9.6e-05,-0.000621,-7.7e-05,-0.000291,0.0,-8.5e-05,-0.000164,-3.4e-05,-2.5e-05,-0.000327,-0.000541,0.0,-6.2e-05,-7e-06,-0.000209,-8e-06,-0.000312,-1.1e-05,-0.000244,-0.000819,-6e-05,-6e-05,-0.000546,-1.1e-05,-1.9e-05,-4e-06,-4.5e-05,-0.000341,-0.000601,0.0,-0.000275,-0.000382,-0.000684,-0.000685,-1e-05,-0.000724,-2.4e-05,-0.000537,-0.000155,0.0,-0.00015,-0.001168,-0.000608,-0.000597,-0.00051,-0.000686,-0.000164,-0.00011,-0.000111,-1.7e-05,-9.7e-05,-0.000279,-0.000356,-0.000574
2017-05-26 15:41:00+02:00,-3e-06,0.0,-7e-05,-0.00045,-6.8e-05,-3e-05,-8e-05,-0.00012,-0.0004,-3e-05,-1.5e-05,-4e-06,-0.000645,-0.000581,-0.000248,-0.000585,-4.3e-05,-5e-06,-3.2e-05,-0.000622,0.0,-0.000616,-0.000228,-7e-06,-0.000782,-0.000678,-0.000104,0.0,-0.0001,-2.3e-05,-1e-05,-0.000398,0.0,-0.000381,-0.000496,-5e-06,-0.000152,-0.0002,-4e-06,-0.000923,-0.000126,-7e-06,-0.00021,0.0,-6.2e-05,-0.000172,-0.00013,-0.000269,-0.000245,0.0,-1.6e-05,-0.000303,-0.000313,-0.000647,-1.1e-05,0.0,-5.5e-05,-1.2e-05,0.0,-0.000119,-0.000298,-0.000834,-0.000383,0.0,-7.7e-05,-0.000618,-6.1e-05,-0.000284,0.0,-6.8e-05,-0.000134,-2.7e-05,-2e-05,-0.000324,-0.000555,0.0,-5e-05,-6e-06,-0.000167,-6e-06,-0.000308,-9e-06,-0.000195,-0.000838,-4.8e-05,-4.8e-05,-0.00056,-9e-06,-1.5e-05,-4e-06,-3.6e-05,-0.000343,-0.000618,0.0,-0.000258,-0.000343,-0.000693,-0.000695,-8e-06,-0.000736,-1.9e-05,-0.000513,-0.00013,0.0,-0.00012,-0.001202,-0.000625,-0.000584,-0.000482,-0.000695,-0.000131,-8.8e-05,-8.9e-05,-1.3e-05,-7.8e-05,-0.000232,-0.000316,-0.00059
2017-05-26 15:42:00+02:00,-3e-06,0.0,-5.6e-05,-0.000488,-5.4e-05,-2.4e-05,-6.4e-05,-0.000102,-0.000451,-2.4e-05,-1.2e-05,-3e-06,-0.000718,-0.000649,-0.000265,-0.000655,-3.4e-05,-4e-06,-2.6e-05,-0.000699,0.0,-0.000691,-0.000193,-5e-06,-0.000882,-0.000769,-8.3e-05,0.0,-9.3e-05,-1.8e-05,-8e-06,-0.000449,0.0,-0.00043,-0.000557,-4e-06,-0.000138,-0.00016,-3e-06,-0.001036,-0.000101,-5e-06,-0.000221,0.0,-5e-05,-0.00016,-0.000138,-0.000298,-0.000263,0.0,-1.3e-05,-0.000339,-0.000351,-0.00072,-9e-06,0.0,-4.4e-05,-9e-06,0.0,-9.6e-05,-0.000332,-0.00094,-0.000416,0.0,-6.1e-05,-0.000697,-4.9e-05,-0.000316,0.0,-5.5e-05,-0.000139,-2.2e-05,-1.6e-05,-0.000363,-0.000621,0.0,-4e-05,-4e-06,-0.000134,-5e-06,-0.000346,-7e-06,-0.000191,-0.000944,-3.8e-05,-3.9e-05,-0.000624,-7e-06,-1.2e-05,-3e-06,-2.9e-05,-0.000389,-0.000689,0.0,-0.000283,-0.00037,-0.000787,-0.000788,-6e-06,-0.00083,-1.5e-05,-0.000565,-0.000139,0.0,-9.6e-05,-0.001337,-0.000696,-0.000647,-0.000528,-0.000789,-0.000108,-7.7e-05,-8.1e-05,-1.1e-05,-6.2e-05,-0.000248,-0.000343,-0.000657
2017-05-26 15:43:00+02:00,-2e-06,0.0,-0.000172,-0.001005,-8.2e-05,-1.9e-05,-0.000146,-0.000235,-0.000894,-2.1e-05,-9e-06,-3e-06,-0.00141,-0.001304,-0.000601,-0.001285,-4.2e-05,-3e-06,-2.1e-05,-0.001362,0.0,-0.001364,-0.000451,-4e-06,-0.001703,-0.001486,-0.000191,0.0,-0.000248,-1.5e-05,-7e-06,-0.000944,0.0,-0.000927,-0.001156,-3e-06,-0.00039,-0.000378,-2e-06,-0.001892,-0.000237,-4e-06,-0.000571,0.0,-6e-05,-0.000429,-0.000322,-0.000609,-0.000548,0.0,-1.1e-05,-0.000744,-0.000773,-0.001425,-7e-06,0.0,-0.00011,-7e-06,0.0,-0.000221,-0.000721,-0.001764,-0.000888,0.0,-0.000195,-0.00136,-0.00011,-0.000642,0.0,-0.000124,-0.000358,-1.8e-05,-1.3e-05,-0.000809,-0.001265,0.0,-3.5e-05,-4e-06,-0.000316,-4e-06,-0.000742,-6e-06,-0.000495,-0.001792,-3.1e-05,-6.6e-05,-0.001107,-6e-06,-1e-05,-2e-06,-3.2e-05,-0.000839,-0.001361,0.0,-0.000645,-0.000799,-0.001503,-0.001503,-5e-06,-0.001571,-1.2e-05,-0.00113,-0.000338,0.0,-0.000224,-0.00236,-0.001357,-0.001246,-0.001049,-0.001512,-0.000256,-0.000214,-0.000233,-9e-06,-0.000125,-0.000616,-0.000765,-0.001273
2017-05-26 15:44:00+02:00,-0.000447,0.0,-0.002209,-0.002899,-0.002047,-0.00147,-0.001117,-0.001253,-0.001841,-0.001061,-0.000776,-0.000523,-0.002432,-0.002371,-0.001823,-0.00305,-0.001735,-0.000686,-0.001527,-0.003091,0.0,-0.003138,-0.002432,-0.000896,-0.003476,-0.003211,-0.001153,-4.6e-05,-0.001324,-0.000976,-0.00065,-0.002026,0.0,-0.002069,-0.002267,-0.000729,-0.002299,-0.002284,-0.00061,-0.003514,-0.00142,-0.000872,-0.002528,-8.5e-05,-0.001975,-0.002365,-0.001258,-0.001552,-0.001564,-5.9e-05,-0.000848,-0.001866,-0.001922,-0.002467,-0.000706,0.0,-0.001955,-0.000955,0.0,-0.002178,-0.001806,-0.003457,-0.002782,-9.7e-05,-0.00227,-0.00311,-0.001088,-0.001578,0.0,-0.00128,-0.001516,-0.00107,-0.000934,-0.001974,-0.002354,0.0,-0.001784,-0.000765,-0.00224,-0.000847,-0.001823,-0.000862,-0.002467,-0.003528,-0.001759,-0.001839,-0.001886,-0.000563,-0.000751,-0.000461,-0.001136,-0.001942,-0.002392,0.0,-0.001858,-0.002661,-0.003189,-0.003185,-0.000817,-0.003258,-0.000885,-0.00295,-0.001335,-5.9e-05,-0.00136,-0.00391,-0.002357,-0.002979,-0.002826,-0.003211,-0.001434,-0.001297,-0.001368,-0.001004,-0.002085,-0.002515,-0.002634,-0.002248
2017-05-26 15:45:00+02:00,-0.000358,0.0,-0.002499,-0.003737,-0.002283,-0.001479,-0.001371,-0.001618,-0.002217,-0.001153,-0.000715,-0.000418,-0.002803,-0.002772,-0.002346,-0.003848,-0.001892,-0.000549,-0.001585,-0.003877,0.0,-0.003921,-0.003168,-0.000717,-0.004202,-0.003977,-0.001475,-3.7e-05,-0.001662,-0.001028,-0.000533,-0.002455,0.0,-0.00253,-0.002701,-0.000584,-0.002917,-0.002976,-0.000488,-0.004216,-0.001807,-0.000698,-0.003293,-6.8e-05,-0.002187,-0.00301,-0.001664,-0.001952,-0.001996,-4.7e-05,-0.000821,-0.002328,-0.002396,-0.002849,-0.000577,0.0,-0.002191,-0.000764,0.0,-0.002611,-0.002252,-0.004177,-0.00364,-7.8e-05,-0.002584,-0.003896,-0.001288,-0.001973,0.0,-0.001496,-0.001963,-0.001136,-0.000919,-0.002455,-0.002771,0.0,-0.001976,-0.000612,-0.002826,-0.000677,-0.002266,-0.00069,-0.003164,-0.00424,-0.001877,-0.002019,-0.002185,-0.000461,-0.000716,-0.000369,-0.001247,-0.002388,-0.002771,0.0,-0.002374,-0.003537,-0.003953,-0.003949,-0.000653,-0.00401,-0.000877,-0.003771,-0.001754,-4.7e-05,-0.001728,-0.004536,-0.00272,-0.003784,-0.003662,-0.003973,-0.001834,-0.001601,-0.001685,-0.000803,-0.002388,-0.003338,-0.003515,-0.002606
2017-05-26 15:46:00+02:00,-0.000286,0.0,-0.001999,-0.003684,-0.001826,-0.001183,-0.001115,-0.001413,-0.002524,-0.000922,-0.000572,-0.000335,-0.00345,-0.003399,-0.002324,-0.004038,-0.001514,-0.000439,-0.001268,-0.00413,0.0,-0.004173,-0.002763,-0.000573,-0.004766,-0.004329,-0.001262,-3e-05,-0.00143,-0.000822,-0.000426,-0.002781,0.0,-0.002828,-0.003196,-0.000467,-0.002458,-0.002546,-0.00039,-0.004919,-0.001555,-0.000558,-0.002923,-5.4e-05,-0.001749,-0.00257,-0.00152,-0.002008,-0.001993,-3.8e-05,-0.000657,-0.002454,-0.00254,-0.003512,-0.000462,0.0,-0.001753,-0.000611,0.0,-0.002088,-0.002367,-0.004784,-0.003506,-6.2e-05,-0.002067,-0.004148,-0.001031,-0.002059,0.0,-0.001197,-0.001765,-0.000909,-0.000735,-0.002624,-0.003361,0.0,-0.001581,-0.000489,-0.002335,-0.000542,-0.002402,-0.000552,-0.002757,-0.004871,-0.001501,-0.001615,-0.002662,-0.000369,-0.000573,-0.000295,-0.000998,-0.0026,-0.003425,0.0,-0.002388,-0.003353,-0.004319,-0.004316,-0.000523,-0.004466,-0.000702,-0.003828,-0.001594,-3.8e-05,-0.001481,-0.005501,-0.00335,-0.003966,-0.003662,-0.004345,-0.001592,-0.001345,-0.001408,-0.000642,-0.00191,-0.003009,-0.003302,-0.003214
2017-05-26 15:47:00+02:00,-0.000229,0.0,-0.00222,-0.004833,-0.00194,-0.00099,-0.001343,-0.001768,-0.00314,-0.000935,-0.000458,-0.000268,-0.004069,-0.004053,-0.003076,-0.005231,-0.001517,-0.000351,-0.001136,-0.005283,0.0,-0.005366,-0.003445,-0.000459,-0.005917,-0.005464,-0.001561,-2.4e-05,-0.001757,-0.000795,-0.000341,-0.003499,0.0,-0.003597,-0.003907,-0.000373,-0.002949,-0.003134,-0.000312,-0.005914,-0.001946,-0.000447,-0.003681,-4.3e-05,-0.001827,-0.003121,-0.001903,-0.002663,-0.002645,-3e-05,-0.000526,-0.003238,-0.003341,-0.004144,-0.000369,0.0,-0.001868,-0.000489,0.0,-0.002413,-0.003125,-0.005855,-0.004529,-5e-05,-0.002334,-0.00532,-0.001195,-0.002704,0.0,-0.00139,-0.002252,-0.000876,-0.000588,-0.003433,-0.004039,0.0,-0.001593,-0.000392,-0.002822,-0.000433,-0.003153,-0.000442,-0.003388,-0.005979,-0.001443,-0.001657,-0.003117,-0.000295,-0.000458,-0.000236,-0.001039,-0.003354,-0.004049,0.0,-0.00319,-0.00427,-0.005421,-0.005412,-0.000418,-0.005552,-0.000565,-0.005088,-0.002031,-3e-05,-0.001848,-0.006402,-0.003955,-0.005132,-0.004805,-0.005455,-0.001996,-0.001635,-0.001747,-0.000514,-0.002083,-0.003797,-0.004184,-0.003802
2017-05-26 15:48:00+02:00,-0.000183,0.0,-0.002136,-0.005539,-0.001784,-0.000792,-0.001427,-0.00196,-0.003634,-0.000777,-0.000366,-0.000214,-0.004569,-0.004582,-0.00354,-0.006181,-0.001251,-0.000281,-0.000909,-0.006199,0.0,-0.006317,-0.003811,-0.000367,-0.006838,-0.006367,-0.00171,-1.9e-05,-0.001882,-0.000636,-0.000273,-0.004077,0.0,-0.004216,-0.004481,-0.000299,-0.003083,-0.003426,-0.00025,-0.006704,-0.002152,-0.000357,-0.004074,-3.5e-05,-0.001637,-0.003314,-0.002095,-0.003186,-0.003052,-2.4e-05,-0.000421,-0.003868,-0.003987,-0.004654,-0.000296,0.0,-0.001702,-0.000391,0.0,-0.002466,-0.003734,-0.006708,-0.005127,-4e-05,-0.002284,-0.006252,-0.001222,-0.003218,0.0,-0.00142,-0.002518,-0.0007,-0.000471,-0.004086,-0.004587,0.0,-0.001322,-0.000313,-0.00302,-0.000347,-0.003756,-0.000353,-0.003645,-0.006865,-0.001155,-0.001421,-0.003478,-0.000236,-0.000367,-0.000189,-0.000923,-0.003962,-0.004553,0.0,-0.003701,-0.004776,-0.006297,-0.006283,-0.000335,-0.006414,-0.000452,-0.005896,-0.002276,-2.4e-05,-0.002038,-0.007118,-0.004442,-0.006059,-0.005519,-0.006337,-0.002213,-0.001728,-0.001887,-0.000411,-0.001997,-0.004222,-0.004667,-0.004276
2017-05-26 15:49:00+02:00,-0.000147,0.0,-0.001795,-0.005785,-0.001427,-0.000634,-0.001372,-0.001979,-0.004009,-0.000621,-0.000293,-0.000171,-0.004952,-0.004988,-0.003697,-0.006667,-0.001001,-0.000225,-0.000727,-0.006899,0.0,-0.007025,-0.003844,-0.000293,-0.00754,-0.007058,-0.001705,-1.5e-05,-0.001822,-0.000509,-0.000218,-0.004522,0.0,-0.004696,-0.004925,-0.000239,-0.0029,-0.003416,-0.0002,-0.007305,-0.002162,-0.000286,-0.004089,-2.8e-05,-0.001309,-0.003186,-0.002103,-0.003441,-0.003194,-1.9e-05,-0.000336,-0.004266,-0.004333,-0.005046,-0.000236,0.0,-0.001362,-0.000313,0.0,-0.00227,-0.004107,-0.007357,-0.005297,-3.2e-05,-0.001962,-0.00683,-0.001125,-0.00352,0.0,-0.001302,-0.002551,-0.00056,-0.000376,-0.004556,-0.00501,0.0,-0.001058,-0.000251,-0.002936,-0.000277,-0.004084,-0.000283,-0.003557,-0.007538,-0.000924,-0.001137,-0.003748,-0.000189,-0.000293,-0.000151,-0.000739,-0.004406,-0.004939,0.0,-0.003906,-0.004865,-0.006969,-0.006951,-0.000268,-0.007074,-0.000361,-0.006228,-0.002314,-1.9e-05,-0.002041,-0.007658,-0.004814,-0.00651,-0.005789,-0.007012,-0.002232,-0.001644,-0.001834,-0.000329,-0.001691,-0.00427,-0.004757,-0.004636
2017-05-26 15:50:00+02:00,-0.000117,0.0,-0.001436,-0.005792,-0.001142,-0.000507,-0.001259,-0.001916,-0.004301,-0.000497,-0.000234,-0.000137,-0.005252,-0.005309,-0.003689,-0.00686,-0.000801,-0.00018,-0.000582,-0.007265,0.0,-0.007394,-0.003719,-0.000235,-0.008087,-0.007437,-0.001629,-1.2e-05,-0.001685,-0.000407,-0.000175,-0.004872,0.0,-0.005027,-0.005276,-0.000191,-0.002584,-0.003264,-0.00016,-0.007772,-0.00208,-0.000229,-0.00394,-2.2e-05,-0.001047,-0.002924,-0.002025,-0.003546,-0.003195,-1.6e-05,-0.000269,-0.004464,-0.004484,-0.005355,-0.000189,0.0,-0.00109,-0.00025,0.0,-0.001979,-0.00429,-0.007862,-0.005249,-2.5e-05,-0.00157,-0.007093,-0.00098,-0.00366,0.0,-0.001128,-0.002479,-0.000448,-0.000301,-0.004806,-0.005343,0.0,-0.000846,-0.0002,-0.00273,-0.000222,-0.004225,-0.000226,-0.00332,-0.008063,-0.000739,-0.00091,-0.003954,-0.000151,-0.000235,-0.000121,-0.000591,-0.004633,-0.005242,0.0,-0.003947,-0.004745,-0.007371,-0.007352,-0.000214,-0.007587,-0.000289,-0.006301,-0.002259,-1.5e-05,-0.001958,-0.008076,-0.005105,-0.00666,-0.005823,-0.007419,-0.002156,-0.001488,-0.001703,-0.000263,-0.001353,-0.004148,-0.004655,-0.004917
2017-05-26 15:51:00+02:00,-9.4e-05,0.0,-0.001149,-0.00574,-0.000913,-0.000406,-0.001157,-0.001852,-0.004533,-0.000398,-0.000188,-0.00011,-0.005491,-0.005563,-0.003636,-0.006952,-0.000641,-0.000144,-0.000465,-0.007515,0.0,-0.007644,-0.003594,-0.000188,-0.008525,-0.007674,-0.001556,-1e-05,-0.001549,-0.000326,-0.00014,-0.005129,0.0,-0.005235,-0.005554,-0.000153,-0.002277,-0.003121,-0.000128,-0.008148,-0.001999,-0.000183,-0.003787,-1.8e-05,-0.000838,-0.00267,-0.001939,-0.003607,-0.003155,-1.2e-05,-0.000215,-0.004593,-0.004561,-0.0056,-0.000151,0.0,-0.000872,-0.0002,0.0,-0.001725,-0.004408,-0.008268,-0.005156,-2e-05,-0.001256,-0.007239,-0.000853,-0.003748,0.0,-0.000975,-0.002401,-0.000359,-0.000241,-0.004973,-0.005609,0.0,-0.000677,-0.00016,-0.002543,-0.000178,-0.004298,-0.000181,-0.003083,-0.008483,-0.000591,-0.000728,-0.004118,-0.000121,-0.000188,-9.7e-05,-0.000473,-0.00477,-0.005482,0.0,-0.00394,-0.004584,-0.007628,-0.007609,-0.000171,-0.007919,-0.000231,-0.006302,-0.002197,-1.2e-05,-0.001876,-0.008413,-0.005336,-0.006711,-0.005796,-0.00768,-0.002081,-0.001339,-0.00158,-0.000211,-0.001082,-0.004018,-0.004523,-0.00514
2017-05-26 15:52:00+02:00,-7.5e-05,0.0,-0.000919,-0.005682,-0.000731,-0.000325,-0.001064,-0.001788,-0.004713,-0.000318,-0.00015,-8.8e-05,-0.005679,-0.005764,-0.00356,-0.007006,-0.000512,-0.000115,-0.000372,-0.007685,0.0,-0.007814,-0.003469,-0.00015,-0.008853,-0.00784,-0.001485,-8e-06,-0.001435,-0.000261,-0.000112,-0.005296,0.0,-0.005363,-0.005776,-0.000122,-0.001995,-0.002982,-0.000102,-0.008437,-0.001919,-0.000146,-0.003656,-1.4e-05,-0.00067,-0.002457,-0.001863,-0.003642,-0.003094,-1e-05,-0.000172,-0.004682,-0.004613,-0.005794,-0.000121,0.0,-0.000697,-0.00016,0.0,-0.001504,-0.004488,-0.00858,-0.005067,-1.6e-05,-0.001005,-0.007335,-0.000743,-0.003804,0.0,-0.000842,-0.002333,-0.000287,-0.000193,-0.005092,-0.005819,0.0,-0.000541,-0.000128,-0.002372,-0.000142,-0.004345,-0.000145,-0.002883,-0.008808,-0.000473,-0.000582,-0.004241,-9.7e-05,-0.00015,-7.7e-05,-0.000378,-0.004868,-0.005672,0.0,-0.003926,-0.004408,-0.00781,-0.007792,-0.000137,-0.008119,-0.000185,-0.006284,-0.002142,-1e-05,-0.001797,-0.00867,-0.005518,-0.006693,-0.005758,-0.007864,-0.002006,-0.001214,-0.001479,-0.000168,-0.000866,-0.003904,-0.004403,-0.005314
2017-05-26 15:53:00+02:00,-6e-05,0.0,-0.000735,-0.005598,-0.000585,-0.00026,-0.000986,-0.00173,-0.004812,-0.000254,-0.00012,-7e-05,-0.005819,-0.005916,-0.003471,-0.006998,-0.00041,-9.2e-05,-0.000298,-0.007765,0.0,-0.007896,-0.003356,-0.00012,-0.009028,-0.007913,-0.001421,-6e-06,-0.001334,-0.000209,-8.9e-05,-0.005387,0.0,-0.005426,-0.005945,-9.8e-05,-0.001741,-0.002858,-8.2e-05,-0.008627,-0.00185,-0.000117,-0.00353,-1.1e-05,-0.000536,-0.002269,-0.001788,-0.003646,-0.003016,-8e-06,-0.000138,-0.004732,-0.004634,-0.00594,-9.7e-05,0.0,-0.000558,-0.000128,0.0,-0.001323,-0.00453,-0.00879,-0.004961,-1.3e-05,-0.000804,-0.007357,-0.000653,-0.003824,0.0,-0.000735,-0.002269,-0.00023,-0.000154,-0.005167,-0.005979,0.0,-0.000433,-0.000103,-0.002226,-0.000114,-0.004361,-0.000116,-0.002703,-0.00903,-0.000378,-0.000466,-0.004317,-7.7e-05,-0.00012,-6.2e-05,-0.000303,-0.004923,-0.005813,0.0,-0.003898,-0.004219,-0.007897,-0.007878,-0.00011,-0.008193,-0.000148,-0.006227,-0.002084,-8e-06,-0.001728,-0.008835,-0.005651,-0.006611,-0.005686,-0.007951,-0.001941,-0.001106,-0.001391,-0.000135,-0.000693,-0.003789,-0.004277,-0.00544
2017-05-26 15:54:00+02:00,-4.8e-05,0.0,-0.000588,-0.005369,-0.000468,-0.000208,-0.0009,-0.001638,-0.004712,-0.000204,-9.6e-05,-5.6e-05,-0.005699,-0.005847,-0.003309,-0.006796,-0.000328,-7.4e-05,-0.000238,-0.007613,0.0,-0.007732,-0.003181,-9.6e-05,-0.008876,-0.007744,-0.001334,-5e-06,-0.001216,-0.000167,-7.2e-05,-0.005295,0.0,-0.005319,-0.005945,-7.8e-05,-0.001498,-0.002695,-6.5e-05,-0.008425,-0.001749,-9.4e-05,-0.00333,-9e-06,-0.000429,-0.002059,-0.001676,-0.003538,-0.002867,-6e-06,-0.00011,-0.004633,-0.004515,-0.005847,-7.7e-05,0.0,-0.000446,-0.000103,0.0,-0.001153,-0.004428,-0.008592,-0.004736,-1e-05,-0.000643,-0.007167,-0.000567,-0.00372,0.0,-0.000634,-0.002152,-0.000184,-0.000123,-0.005078,-0.005948,0.0,-0.000347,-8.2e-05,-0.00206,-9.1e-05,-0.004242,-9.3e-05,-0.002485,-0.008791,-0.000303,-0.000373,-0.004059,-6.2e-05,-9.6e-05,-5e-05,-0.000242,-0.004818,-0.005699,0.0,-0.003769,-0.003959,-0.007742,-0.007724,-8.8e-05,-0.008021,-0.000118,-0.006005,-0.001977,-6e-06,-0.00163,-0.0085,-0.005506,-0.006371,-0.005477,-0.007794,-0.00184,-0.000989,-0.001281,-0.000108,-0.000554,-0.003594,-0.00406,-0.005273
2017-05-26 15:55:00+02:00,-3.8e-05,0.0,-0.00047,-0.004804,-0.000374,-0.000166,-0.000741,-0.001424,-0.003704,-0.000163,-7.7e-05,-4.5e-05,-0.004457,-0.004579,-0.002933,-0.00618,-0.000262,-5.9e-05,-0.000191,-0.006894,0.0,-0.006955,-0.002771,-7.7e-05,-0.007058,-0.006922,-0.001147,-4e-06,-0.001013,-0.000133,-5.7e-05,-0.004303,0.0,-0.004579,-0.004667,-6.3e-05,-0.001198,-0.002327,-5.2e-05,-0.006894,-0.00151,-7.5e-05,-0.002907,-7e-06,-0.000343,-0.001705,-0.001459,-0.003204,-0.002542,-5e-06,-8.8e-05,-0.004216,-0.004095,-0.004579,-6.2e-05,0.0,-0.000357,-8.2e-05,0.0,-0.000922,-0.004026,-0.006955,-0.004215,-8e-06,-0.000514,-0.006537,-0.000454,-0.003379,0.0,-0.000507,-0.001886,-0.000147,-9.9e-05,-0.004579,-0.004667,0.0,-0.000277,-6.6e-05,-0.001727,-7.3e-05,-0.003843,-7.4e-05,-0.002098,-0.007028,-0.000242,-0.000298,-0.003245,-5e-05,-7.7e-05,-4e-05,-0.000194,-0.004303,-0.004457,0.0,-0.003387,-0.003465,-0.006885,-0.006873,-7e-05,-0.006894,-9.5e-05,-0.005418,-0.001739,-5e-06,-0.001403,-0.006922,-0.004303,-0.005758,-0.004937,-0.006894,-0.001595,-0.000801,-0.001076,-8.6e-05,-0.000443,-0.003165,-0.00359,-0.004123
2017-05-26 15:56:00+02:00,-3.1e-05,0.0,-0.000376,-0.004211,-0.000299,-0.000133,-0.000593,-0.001162,-0.00348,-0.00013,-6.1e-05,-3.6e-05,-0.004581,-0.00458,-0.002551,-0.005554,-0.00021,-4.7e-05,-0.000152,-0.006259,0.0,-0.006316,-0.002258,-6.2e-05,-0.006614,-0.006315,-0.000918,-3e-06,-0.00081,-0.000107,-4.6e-05,-0.004009,0.0,-0.004212,-0.004506,-5e-05,-0.000959,-0.001862,-4.2e-05,-0.006613,-0.001208,-6e-05,-0.002399,-6e-06,-0.000275,-0.001364,-0.001209,-0.002872,-0.002223,-4e-06,-7.1e-05,-0.00381,-0.003691,-0.004697,-5e-05,0.0,-0.000286,-6.6e-05,0.0,-0.000738,-0.003635,-0.006566,-0.003648,-7e-06,-0.000412,-0.005904,-0.000363,-0.003043,0.0,-0.000406,-0.001575,-0.000118,-7.9e-05,-0.004161,-0.004613,0.0,-0.000222,-5.3e-05,-0.001382,-5.8e-05,-0.003464,-5.9e-05,-0.001678,-0.006661,-0.000194,-0.000238,-0.003274,-4e-05,-6.2e-05,-3.2e-05,-0.000155,-0.003921,-0.004533,0.0,-0.002993,-0.002931,-0.006297,-0.006286,-5.6e-05,-0.006345,-7.6e-05,-0.00481,-0.001469,-4e-06,-0.001123,-0.007034,-0.004401,-0.005148,-0.004357,-0.006309,-0.00129,-0.00064,-0.000861,-6.9e-05,-0.000355,-0.002654,-0.003055,-0.004171
2017-05-26 15:57:00+02:00,-2.5e-05,0.0,-0.000823,-0.005005,-0.000673,-0.000106,-0.000878,-0.001511,-0.003818,-0.000244,-4.9e-05,-2.9e-05,-0.00491,-0.00494,-0.003102,-0.006293,-0.000405,-3.8e-05,-0.000187,-0.006838,0.0,-0.006927,-0.002948,-4.9e-05,-0.007243,-0.006902,-0.00123,-3e-06,-0.001164,-0.000185,-3.7e-05,-0.004412,0.0,-0.004646,-0.004902,-4e-05,-0.001551,-0.002506,-3.4e-05,-0.007121,-0.001625,-4.8e-05,-0.003094,-5e-06,-0.000604,-0.001989,-0.00154,-0.003262,-0.00266,-3e-06,-5.6e-05,-0.004253,-0.004198,-0.005034,-4e-05,0.0,-0.000613,-5.3e-05,0.0,-0.001275,-0.004063,-0.007127,-0.004408,-5e-06,-0.000906,-0.006573,-0.000623,-0.003398,0.0,-0.000725,-0.002007,-0.000186,-6.3e-05,-0.004605,-0.004987,0.0,-0.00041,-4.2e-05,-0.001985,-4.7e-05,-0.003926,-4.7e-05,-0.002346,-0.007257,-0.000363,-0.00048,-0.003508,-3.2e-05,-4.9e-05,-2.5e-05,-0.000342,-0.004341,-0.004872,0.0,-0.003548,-0.003664,-0.006864,-0.006847,-4.5e-05,-0.006907,-6.1e-05,-0.005608,-0.001829,-3e-06,-0.001515,-0.007477,-0.004726,-0.005937,-0.005116,-0.006878,-0.00171,-0.00098,-0.001233,-5.5e-05,-0.000789,-0.003341,-0.003772,-0.004492
2017-05-26 15:58:00+02:00,-2e-05,0.0,-0.000859,-0.005282,-0.000653,-8.5e-05,-0.000958,-0.001628,-0.004083,-0.000196,-3.9e-05,-2.3e-05,-0.005172,-0.005227,-0.003304,-0.00662,-0.000324,-3e-05,-0.00015,-0.007242,0.0,-0.007342,-0.003181,-3.9e-05,-0.00774,-0.007338,-0.001331,-2e-06,-0.001264,-0.000148,-2.9e-05,-0.004732,0.0,-0.004992,-0.005218,-3.2e-05,-0.001698,-0.002717,-2.7e-05,-0.007519,-0.001767,-3.8e-05,-0.003316,-4e-06,-0.000549,-0.002159,-0.001643,-0.003423,-0.002817,-3e-06,-4.5e-05,-0.004498,-0.004436,-0.005302,-3.2e-05,0.0,-0.000568,-4.2e-05,0.0,-0.001403,-0.004292,-0.007567,-0.004665,-4e-06,-0.000971,-0.006933,-0.000683,-0.003576,0.0,-0.000799,-0.002149,-0.000149,-5.1e-05,-0.004894,-0.005286,0.0,-0.000328,-3.4e-05,-0.002165,-3.7e-05,-0.004144,-3.8e-05,-0.002539,-0.007726,-0.000291,-0.000384,-0.003689,-2.5e-05,-3.9e-05,-2e-05,-0.000304,-0.004621,-0.005141,0.0,-0.003753,-0.00391,-0.007309,-0.007286,-3.6e-05,-0.007347,-4.8e-05,-0.005893,-0.001946,-3e-06,-0.001646,-0.007823,-0.004983,-0.006259,-0.005382,-0.007324,-0.001853,-0.001068,-0.00134,-4.4e-05,-0.000837,-0.003562,-0.004006,-0.004746
2017-05-26 15:59:00+02:00,-1.6e-05,0.0,-0.000749,-0.005326,-0.000523,-6.8e-05,-0.000954,-0.001645,-0.004281,-0.000156,-3.1e-05,-1.8e-05,-0.00537,-0.005446,-0.003356,-0.006701,-0.000259,-2.4e-05,-0.00012,-0.00739,0.0,-0.007496,-0.003217,-3.2e-05,-0.008107,-0.007502,-0.001341,-2e-06,-0.001257,-0.000118,-2.3e-05,-0.004973,0.0,-0.005182,-0.005461,-2.6e-05,-0.001669,-0.002745,-2.1e-05,-0.007806,-0.001791,-3.1e-05,-0.003338,-3e-06,-0.000439,-0.002143,-0.001646,-0.003463,-0.002849,-2e-06,-3.6e-05,-0.004586,-0.004511,-0.005506,-2.5e-05,0.0,-0.000454,-3.4e-05,0.0,-0.00137,-0.004371,-0.007889,-0.004699,-3e-06,-0.00088,-0.00704,-0.000666,-0.003628,0.0,-0.000778,-0.00217,-0.000119,-4e-05,-0.005013,-0.005516,0.0,-0.000263,-2.7e-05,-0.00217,-3e-05,-0.004211,-3e-05,-0.002535,-0.008072,-0.000233,-0.000307,-0.003817,-2e-05,-3.2e-05,-1.6e-05,-0.000243,-0.004731,-0.005345,0.0,-0.003802,-0.003946,-0.007488,-0.007464,-2.9e-05,-0.007622,-3.9e-05,-0.005944,-0.001958,-2e-06,-0.001666,-0.008069,-0.005176,-0.006345,-0.005425,-0.007507,-0.001879,-0.001055,-0.001341,-3.5e-05,-0.000744,-0.003586,-0.004029,-0.004936
2017-05-26 16:00:00+02:00,-1.3e-05,0.0,-0.000599,-0.005248,-0.000418,-5.4e-05,-0.00091,-0.00161,-0.00439,-0.000125,-2.5e-05,-1.5e-05,-0.005534,-0.005628,-0.003315,-0.006646,-0.000207,-1.9e-05,-9.6e-05,-0.007387,0.0,-0.007496,-0.003151,-2.5e-05,-0.0083,-0.007506,-0.001304,-1e-06,-0.001199,-9.5e-05,-1.9e-05,-0.005071,0.0,-0.00524,-0.005662,-2.1e-05,-0.001543,-0.002675,-1.7e-05,-0.008026,-0.001755,-2.5e-05,-0.003255,-2e-06,-0.000352,-0.002032,-0.001599,-0.003435,-0.002807,-2e-06,-2.9e-05,-0.004586,-0.004498,-0.005676,-2e-05,0.0,-0.000363,-2.7e-05,0.0,-0.001262,-0.004367,-0.008139,-0.004615,-3e-06,-0.000716,-0.007001,-0.000612,-0.003609,0.0,-0.000713,-0.002126,-9.5e-05,-3.2e-05,-0.005034,-0.005706,0.0,-0.00021,-2.2e-05,-0.002087,-2.4e-05,-0.004194,-2.4e-05,-0.00243,-0.008345,-0.000186,-0.000246,-0.003913,-1.6e-05,-2.5e-05,-1.3e-05,-0.000195,-0.004746,-0.005514,0.0,-0.003769,-0.003855,-0.007505,-0.00748,-2.3e-05,-0.007686,-3.1e-05,-0.005868,-0.001916,-2e-06,-0.001629,-0.008257,-0.005336,-0.006279,-0.005346,-0.007526,-0.001843,-0.000991,-0.001287,-2.8e-05,-0.000595,-0.003504,-0.00394,-0.005091
2017-05-26 16:01:00+02:00,-1e-05,0.0,-0.000479,-0.005178,-0.000334,-4.4e-05,-0.000865,-0.001571,-0.00442,-0.0001,-2e-05,-1.2e-05,-0.005657,-0.005766,-0.003222,-0.006586,-0.000166,-1.5e-05,-7.7e-05,-0.007359,0.0,-0.007472,-0.003076,-2e-05,-0.008347,-0.00749,-0.001264,-1e-06,-0.001153,-7.6e-05,-1.5e-05,-0.005087,0.0,-0.005222,-0.005816,-1.6e-05,-0.001361,-0.002599,-1.4e-05,-0.00818,-0.001713,-2e-05,-0.003175,-2e-06,-0.000281,-0.001947,-0.00156,-0.003401,-0.002722,-1e-06,-2.3e-05,-0.004575,-0.004482,-0.005804,-1.6e-05,0.0,-0.000291,-2.2e-05,0.0,-0.001161,-0.004352,-0.008244,-0.004542,-2e-06,-0.000578,-0.006954,-0.000562,-0.003581,0.0,-0.000653,-0.002084,-7.6e-05,-2.6e-05,-0.00504,-0.005851,0.0,-0.000168,-1.7e-05,-0.002002,-1.9e-05,-0.004174,-1.9e-05,-0.002349,-0.008476,-0.000149,-0.000197,-0.003976,-1.3e-05,-2e-05,-1e-05,-0.000156,-0.00475,-0.005641,0.0,-0.00374,-0.003694,-0.0075,-0.007474,-1.8e-05,-0.007638,-2.5e-05,-0.005796,-0.001875,-1e-06,-0.001587,-0.008384,-0.005455,-0.006132,-0.005274,-0.007522,-0.001803,-0.000943,-0.001237,-2.3e-05,-0.000476,-0.003426,-0.003866,-0.005205
2017-05-26 16:02:00+02:00,-8e-06,0.0,-0.000383,-0.005112,-0.000268,-3.5e-05,-0.000818,-0.001527,-0.004444,-8e-05,-1.6e-05,-9e-06,-0.005764,-0.005884,-0.003132,-0.00653,-0.000133,-1.2e-05,-6.1e-05,-0.007326,0.0,-0.00744,-0.002992,-1.6e-05,-0.008385,-0.007469,-0.001221,-1e-06,-0.001112,-6.1e-05,-1.2e-05,-0.005091,0.0,-0.005194,-0.005948,-1.3e-05,-0.001198,-0.002516,-1.1e-05,-0.008328,-0.001664,-1.6e-05,-0.003097,-2e-06,-0.000225,-0.001871,-0.001524,-0.003366,-0.002644,-1e-06,-1.8e-05,-0.004554,-0.004457,-0.005915,-1.3e-05,0.0,-0.000233,-1.7e-05,0.0,-0.00106,-0.004327,-0.008312,-0.004476,-2e-06,-0.000462,-0.006908,-0.000512,-0.003551,0.0,-0.000591,-0.002039,-6.1e-05,-2.1e-05,-0.00503,-0.005976,0.0,-0.000135,-1.4e-05,-0.001911,-1.5e-05,-0.004148,-1.6e-05,-0.002275,-0.008563,-0.000119,-0.000157,-0.004038,-1e-05,-1.6e-05,-8e-06,-0.000125,-0.004742,-0.005751,0.0,-0.003707,-0.003549,-0.00749,-0.007463,-1.5e-05,-0.007594,-2e-05,-0.005731,-0.001834,-1e-06,-0.001539,-0.008511,-0.005558,-0.006001,-0.005209,-0.007511,-0.001754,-0.000899,-0.001188,-1.8e-05,-0.000381,-0.003349,-0.003798,-0.005306
2017-05-26 16:03:00+02:00,-6e-06,0.0,-0.000307,-0.005127,-0.000214,-2.8e-05,-0.000805,-0.001521,-0.004486,-6.4e-05,-1.3e-05,-8e-06,-0.005849,-0.005979,-0.003083,-0.006562,-0.000106,-1e-05,-4.9e-05,-0.007359,0.0,-0.007472,-0.002984,-1.3e-05,-0.008466,-0.007535,-0.001214,-1e-06,-0.001105,-4.9e-05,-1e-05,-0.005121,0.0,-0.005199,-0.006053,-1.1e-05,-0.001096,-0.002506,-9e-06,-0.008461,-0.001658,-1.3e-05,-0.003074,-1e-06,-0.00018,-0.001859,-0.001522,-0.003363,-0.002601,-1e-06,-1.5e-05,-0.004566,-0.004484,-0.006004,-1e-05,0.0,-0.000186,-1.4e-05,0.0,-0.001025,-0.004337,-0.008419,-0.004486,-1e-06,-0.000387,-0.00695,-0.000494,-0.003553,0.0,-0.00057,-0.002026,-4.9e-05,-1.7e-05,-0.005055,-0.006076,0.0,-0.000108,-1.1e-05,-0.001893,-1.2e-05,-0.00417,-1.2e-05,-0.002269,-0.008685,-9.5e-05,-0.000126,-0.004092,-8e-06,-1.3e-05,-7e-06,-0.0001,-0.004782,-0.005839,0.0,-0.003723,-0.003469,-0.007565,-0.007537,-1.2e-05,-0.00761,-1.6e-05,-0.005749,-0.001821,-1e-06,-0.001532,-0.008625,-0.005641,-0.005941,-0.005225,-0.007586,-0.001749,-0.000889,-0.001167,-1.4e-05,-0.000312,-0.003328,-0.003804,-0.005386
2017-05-26 16:04:00+02:00,-5e-06,0.0,-0.000245,-0.005158,-0.000171,-2.2e-05,-0.000803,-0.001525,-0.004527,-5.1e-05,-1e-05,-6e-06,-0.005913,-0.006051,-0.003055,-0.006607,-8.5e-05,-8e-06,-3.9e-05,-0.007396,0.0,-0.007509,-0.002996,-1e-05,-0.008544,-0.007607,-0.001215,-1e-06,-0.00111,-3.9e-05,-8e-06,-0.005154,0.0,-0.005214,-0.006135,-8e-06,-0.001028,-0.002516,-7e-06,-0.008555,-0.001666,-1e-05,-0.003069,-1e-06,-0.000144,-0.001867,-0.001528,-0.003365,-0.002573,-1e-06,-1.2e-05,-0.004586,-0.004521,-0.006071,-8e-06,0.0,-0.000149,-1.1e-05,0.0,-0.001015,-0.004353,-0.008512,-0.004513,-1e-06,-0.000344,-0.007003,-0.000487,-0.003559,0.0,-0.000563,-0.002025,-3.9e-05,-1.3e-05,-0.005086,-0.006153,0.0,-8.6e-05,-9e-06,-0.001895,-1e-05,-0.004201,-1e-05,-0.002281,-0.00879,-7.6e-05,-0.000101,-0.004126,-7e-06,-1e-05,-5e-06,-8e-05,-0.00483,-0.005905,0.0,-0.003753,-0.003417,-0.007645,-0.007616,-9e-06,-0.007634,-1.3e-05,-0.005782,-0.001817,-1e-06,-0.001538,-0.008705,-0.005702,-0.005905,-0.005257,-0.007665,-0.001757,-0.000891,-0.00116,-1.2e-05,-0.000273,-0.003325,-0.003827,-0.005446
2017-05-26 16:05:00+02:00,-4e-06,0.0,-0.000196,-0.005129,-0.000137,-1.8e-05,-0.000789,-0.001514,-0.004536,-4.1e-05,-8e-06,-5e-06,-0.005968,-0.006113,-0.003009,-0.006584,-6.8e-05,-6e-06,-3.1e-05,-0.007396,0.0,-0.007508,-0.002978,-8e-06,-0.008565,-0.007602,-0.001203,-0.0,-0.001089,-3.1e-05,-6e-06,-0.005155,0.0,-0.0052,-0.006204,-7e-06,-0.000942,-0.002498,-6e-06,-0.008636,-0.001655,-8e-06,-0.003039,-1e-06,-0.000115,-0.00183,-0.00151,-0.003351,-0.002531,-1e-06,-9e-06,-0.004582,-0.004511,-0.006129,-7e-06,0.0,-0.000119,-9e-06,0.0,-0.000981,-0.004348,-0.008547,-0.004483,-1e-06,-0.000283,-0.006985,-0.00047,-0.003548,0.0,-0.000542,-0.002008,-3.1e-05,-1.1e-05,-0.00509,-0.006218,0.0,-6.9e-05,-7e-06,-0.001872,-8e-06,-0.004189,-8e-06,-0.002246,-0.008835,-6.1e-05,-8.1e-05,-0.004155,-5e-06,-8e-06,-4e-06,-6.4e-05,-0.004826,-0.005961,0.0,-0.003739,-0.003343,-0.007648,-0.007618,-8e-06,-0.007614,-1e-05,-0.005754,-0.0018,-1e-06,-0.001526,-0.008774,-0.005755,-0.005841,-0.00523,-0.007666,-0.001746,-0.000869,-0.001138,-9e-06,-0.000218,-0.003296,-0.003797,-0.005496
2017-05-26 16:06:00+02:00,-3e-06,0.0,-0.000157,-0.005065,-0.00011,-1.4e-05,-0.000775,-0.001494,-0.004482,-3.3e-05,-7e-06,-4e-06,-0.005853,-0.006027,-0.002946,-0.006515,-5.4e-05,-5e-06,-2.5e-05,-0.007342,0.0,-0.007449,-0.002948,-7e-06,-0.008472,-0.007536,-0.001186,-0.0,-0.001067,-2.5e-05,-5e-06,-0.005095,0.0,-0.005134,-0.006152,-5e-06,-0.000874,-0.002474,-5e-06,-0.008498,-0.001637,-6e-06,-0.003002,-1e-06,-9.2e-05,-0.001796,-0.001483,-0.003309,-0.00247,-0.0,-8e-06,-0.004543,-0.004466,-0.006027,-5e-06,0.0,-9.5e-05,-7e-06,0.0,-0.000961,-0.004307,-0.008482,-0.004426,-1e-06,-0.000252,-0.006916,-0.000458,-0.003506,0.0,-0.000529,-0.001983,-2.5e-05,-8e-06,-0.005056,-0.006152,0.0,-5.5e-05,-6e-06,-0.00185,-6e-06,-0.004143,-6e-06,-0.002207,-0.008767,-4.9e-05,-6.4e-05,-0.003994,-4e-06,-7e-06,-3e-06,-5.1e-05,-0.004781,-0.005853,0.0,-0.003702,-0.003255,-0.00759,-0.007561,-6e-06,-0.007519,-8e-06,-0.005687,-0.001774,-0.0,-0.001508,-0.008573,-0.005631,-0.005735,-0.005173,-0.007607,-0.001728,-0.000849,-0.00112,-7e-06,-0.000188,-0.003259,-0.003749,-0.005367
2017-05-26 16:07:00+02:00,-3e-06,0.0,-0.000126,-0.004756,-8.8e-05,-1.1e-05,-0.0007,-0.001383,-0.004015,-2.6e-05,-5e-06,-3e-06,-0.005012,-0.005177,-0.002746,-0.006163,-4.3e-05,-4e-06,-2e-05,-0.00696,0.0,-0.007051,-0.002737,-5e-06,-0.007707,-0.00715,-0.001092,-0.0,-0.000973,-2e-05,-4e-06,-0.004808,0.0,-0.004851,-0.005298,-4e-06,-0.000728,-0.002292,-4e-06,-0.007393,-0.001512,-5e-06,-0.002785,-1e-06,-7.4e-05,-0.001639,-0.001375,-0.003108,-0.002296,-0.0,-6e-06,-0.004287,-0.004218,-0.005177,-4e-06,0.0,-7.6e-05,-6e-06,0.0,-0.000839,-0.00406,-0.007496,-0.00415,-1e-06,-0.000201,-0.006549,-0.000398,-0.003297,0.0,-0.000456,-0.001842,-2e-05,-7e-06,-0.004784,-0.005298,0.0,-4.4e-05,-5e-06,-0.001693,-5e-06,-0.003906,-5e-06,-0.002029,-0.007637,-3.9e-05,-5.2e-05,-0.003393,-3e-06,-5e-06,-3e-06,-4.1e-05,-0.004522,-0.005012,0.0,-0.003489,-0.003012,-0.00721,-0.007185,-5e-06,-0.007122,-7e-06,-0.005362,-0.001648,-0.0,-0.001391,-0.007436,-0.004808,-0.005395,-0.004881,-0.007226,-0.0016,-0.000764,-0.001018,-6e-06,-0.000151,-0.003037,-0.003511,-0.004569
2017-05-26 16:08:00+02:00,-2e-06,0.0,-0.000101,-0.004391,-7e-05,-9e-06,-0.000579,-0.001228,-0.003817,-2.1e-05,-4e-06,-2e-06,-0.005191,-0.005223,-0.002504,-0.005758,-3.5e-05,-3e-06,-1.6e-05,-0.006529,0.0,-0.006614,-0.00243,-4e-06,-0.007311,-0.006721,-0.000955,-0.0,-0.000827,-1.6e-05,-3e-06,-0.004531,0.0,-0.004559,-0.005166,-3e-06,-0.000583,-0.002007,-3e-06,-0.007182,-0.00133,-4e-06,-0.002482,-0.0,-5.9e-05,-0.001379,-0.001233,-0.002896,-0.002098,-0.0,-5e-06,-0.004019,-0.003953,-0.005351,-3e-06,0.0,-6.1e-05,-5e-06,0.0,-0.000671,-0.003803,-0.007164,-0.003806,-0.0,-0.000161,-0.006134,-0.000319,-0.003081,0.0,-0.000365,-0.001654,-1.6e-05,-5e-06,-0.004497,-0.005285,0.0,-3.5e-05,-4e-06,-0.001432,-4e-06,-0.003659,-4e-06,-0.001752,-0.007324,-3.1e-05,-4.1e-05,-0.003459,-3e-06,-4e-06,-2e-06,-3.3e-05,-0.004255,-0.005139,0.0,-0.003238,-0.002691,-0.006784,-0.006759,-4e-06,-0.006683,-5e-06,-0.00498,-0.001486,-0.0,-0.00122,-0.00764,-0.004957,-0.005,-0.004519,-0.006797,-0.001417,-0.000625,-0.000863,-5e-06,-0.00012,-0.00273,-0.003191,-0.004662
2017-05-26 16:09:00+02:00,-2e-06,0.0,-0.000363,-0.004816,-0.000272,-7e-06,-0.000737,-0.00141,-0.004031,-4.8e-05,-3e-06,-2e-06,-0.00537,-0.005432,-0.002811,-0.006181,-6.1e-05,-3e-06,-1.3e-05,-0.006952,0.0,-0.007049,-0.002798,-3e-06,-0.007714,-0.007129,-0.001116,-0.0,-0.001033,-1.3e-05,-3e-06,-0.004795,0.0,-0.004901,-0.005413,-3e-06,-0.000922,-0.002355,-2e-06,-0.007481,-0.001559,-3e-06,-0.002858,-0.0,-0.000218,-0.001746,-0.001408,-0.003104,-0.002327,-0.0,-4e-06,-0.004311,-0.004262,-0.005534,-3e-06,0.0,-0.000215,-4e-06,0.0,-0.000988,-0.004078,-0.007509,-0.004216,-0.0,-0.000458,-0.006564,-0.000467,-0.003292,0.0,-0.000555,-0.001891,-1.3e-05,-4e-06,-0.004819,-0.005508,0.0,-7.9e-05,-3e-06,-0.001773,-3e-06,-0.003938,-3e-06,-0.002136,-0.007696,-3.6e-05,-0.00011,-0.003583,-2e-06,-3e-06,-2e-06,-0.00012,-0.00456,-0.005328,0.0,-0.003549,-0.003084,-0.007168,-0.007136,-3e-06,-0.007082,-4e-06,-0.005397,-0.001675,-0.0,-0.001433,-0.007865,-0.005135,-0.00542,-0.004919,-0.007173,-0.001646,-0.000828,-0.001074,-4e-06,-0.000386,-0.003098,-0.00358,-0.004844
2017-05-26 16:10:00+02:00,-1e-06,0.0,-0.0004,-0.00496,-0.000253,-6e-06,-0.000781,-0.001463,-0.004184,-3.8e-05,-3e-06,-2e-06,-0.005507,-0.005593,-0.002915,-0.00633,-4.9e-05,-2e-06,-1e-05,-0.007108,0.0,-0.007209,-0.002909,-3e-06,-0.007997,-0.007297,-0.001163,-0.0,-0.001097,-1e-05,-2e-06,-0.004938,0.0,-0.005033,-0.005604,-2e-06,-0.001012,-0.002461,-2e-06,-0.007719,-0.001628,-3e-06,-0.002979,-0.0,-0.000175,-0.00186,-0.001462,-0.003174,-0.002401,-0.0,-3e-06,-0.004417,-0.004373,-0.005675,-2e-06,0.0,-0.000172,-3e-06,0.0,-0.001072,-0.004178,-0.007781,-0.004352,-0.0,-0.000516,-0.006717,-0.000504,-0.003364,0.0,-0.000604,-0.001968,-1e-05,-3e-06,-0.004941,-0.005681,0.0,-6.3e-05,-2e-06,-0.001874,-3e-06,-0.004037,-3e-06,-0.002257,-0.007988,-2.9e-05,-8.8e-05,-0.003678,-2e-06,-3e-06,-1e-06,-9.6e-05,-0.004673,-0.005473,0.0,-0.003658,-0.003211,-0.007345,-0.007311,-2e-06,-0.007267,-3e-06,-0.00554,-0.001734,-0.0,-0.001497,-0.008043,-0.005272,-0.005565,-0.005056,-0.007348,-0.001715,-0.00089,-0.00114,-3e-06,-0.00043,-0.003217,-0.003709,-0.004983
2017-05-26 16:11:00+02:00,-1e-06,0.0,-0.00034,-0.004972,-0.000203,-5e-06,-0.000777,-0.001458,-0.004227,-3.1e-05,-2e-06,-1e-06,-0.005603,-0.005711,-0.002915,-0.006342,-3.9e-05,-2e-06,-8e-06,-0.007106,0.0,-0.007207,-0.002904,-2e-06,-0.008071,-0.007321,-0.001157,-0.0,-0.0011,-8e-06,-2e-06,-0.004963,0.0,-0.005047,-0.005747,-2e-06,-0.000984,-0.002456,-1e-06,-0.007878,-0.001627,-2e-06,-0.002971,-0.0,-0.00014,-0.001866,-0.001461,-0.003165,-0.002393,-0.0,-2e-06,-0.004425,-0.004395,-0.005776,-2e-06,0.0,-0.000138,-2e-06,0.0,-0.001057,-0.004182,-0.007898,-0.004362,-0.0,-0.00047,-0.006731,-0.000496,-0.003357,0.0,-0.000594,-0.001966,-8e-06,-3e-06,-0.004956,-0.005808,0.0,-5.1e-05,-2e-06,-0.001869,-2e-06,-0.004053,-2e-06,-0.002264,-0.008127,-2.3e-05,-7.1e-05,-0.003735,-1e-06,-2e-06,-1e-06,-7.7e-05,-0.004695,-0.005577,0.0,-0.003679,-0.003196,-0.007377,-0.007342,-2e-06,-0.007273,-3e-06,-0.005551,-0.001728,-0.0,-0.001495,-0.008154,-0.005368,-0.005551,-0.005066,-0.007378,-0.001715,-0.000892,-0.001135,-2e-06,-0.000387,-0.003209,-0.003717,-0.005079
2017-05-26 16:12:00+02:00,-1e-06,0.0,-0.000272,-0.004894,-0.000162,-4e-06,-0.000745,-0.001419,-0.004197,-2.4e-05,-2e-06,-1e-06,-0.005655,-0.005779,-0.002859,-0.006259,-3.1e-05,-1e-06,-7e-06,-0.007004,0.0,-0.007101,-0.002831,-2e-06,-0.008013,-0.007238,-0.001121,-0.0,-0.001067,-7e-06,-1e-06,-0.00491,0.0,-0.004985,-0.00583,-1e-06,-0.000908,-0.00239,-1e-06,-0.007975,-0.001584,-2e-06,-0.002892,-0.0,-0.000112,-0.00181,-0.001426,-0.003107,-0.002339,-0.0,-2e-06,-0.004362,-0.004345,-0.005832,-1e-06,0.0,-0.00011,-2e-06,0.0,-0.000992,-0.004119,-0.00788,-0.004288,-0.0,-0.00038,-0.006646,-0.000464,-0.003297,0.0,-0.000555,-0.001918,-7e-06,-2e-06,-0.004894,-0.005885,0.0,-4.1e-05,-1e-06,-0.001807,-2e-06,-0.004002,-2e-06,-0.002204,-0.008121,-1.8e-05,-5.6e-05,-0.003761,-1e-06,-2e-06,-1e-06,-6.1e-05,-0.004644,-0.005634,0.0,-0.003634,-0.003114,-0.007302,-0.007268,-2e-06,-0.007179,-2e-06,-0.00547,-0.001683,-0.0,-0.001454,-0.00821,-0.005419,-0.005455,-0.004992,-0.007302,-0.001672,-0.000861,-0.001093,-2e-06,-0.00031,-0.00313,-0.003649,-0.005131
2017-05-26 16:13:00+02:00,-1e-06,0.0,-0.000218,-0.00481,-0.00013,-3e-06,-0.000712,-0.001377,-0.004163,-2e-05,-1e-06,-1e-06,-0.005712,-0.00585,-0.002804,-0.006168,-2.5e-05,-1e-06,-5e-06,-0.006904,0.0,-0.006998,-0.002752,-1e-06,-0.007946,-0.007146,-0.001083,-0.0,-0.001032,-5e-06,-1e-06,-0.004857,0.0,-0.004924,-0.005887,-1e-06,-0.000838,-0.002317,-1e-06,-0.008035,-0.001538,-1e-06,-0.002818,-0.0,-8.9e-05,-0.001749,-0.00139,-0.003052,-0.00229,-0.0,-2e-06,-0.004302,-0.00429,-0.005892,-1e-06,0.0,-8.8e-05,-1e-06,0.0,-0.000925,-0.00406,-0.007849,-0.004209,-0.0,-0.000304,-0.006553,-0.000431,-0.003241,0.0,-0.000513,-0.001872,-5e-06,-2e-06,-0.004833,-0.005962,0.0,-3.2e-05,-1e-06,-0.001739,-1e-06,-0.003947,-1e-06,-0.002139,-0.0081,-1.5e-05,-4.5e-05,-0.003789,-1e-06,-1e-06,-1e-06,-4.9e-05,-0.004587,-0.005695,0.0,-0.003583,-0.003035,-0.007217,-0.007182,-1e-06,-0.007085,-2e-06,-0.005383,-0.001641,-0.0,-0.001409,-0.008274,-0.005474,-0.005362,-0.004911,-0.007214,-0.001625,-0.000828,-0.001053,-2e-06,-0.000248,-0.003055,-0.003575,-0.005186
2017-05-26 16:14:00+02:00,-1e-06,0.0,-0.000183,-0.004791,-0.000104,-2e-06,-0.000704,-0.001364,-0.004153,-1.6e-05,-1e-06,-1e-06,-0.00574,-0.005889,-0.002788,-0.006145,-2e-05,-1e-06,-4e-06,-0.006875,0.0,-0.006967,-0.002733,-1e-06,-0.007933,-0.007123,-0.001072,-0.0,-0.001028,-4e-06,-1e-06,-0.004837,0.0,-0.0049,-0.005947,-1e-06,-0.000821,-0.002303,-1e-06,-0.008104,-0.001527,-1e-06,-0.002806,-0.0,-7.2e-05,-0.001747,-0.001381,-0.00303,-0.002269,-0.0,-1e-06,-0.004283,-0.004276,-0.005922,-1e-06,0.0,-7.1e-05,-1e-06,0.0,-0.000913,-0.00404,-0.007864,-0.004193,-0.0,-0.000287,-0.006529,-0.000424,-0.003218,0.0,-0.000505,-0.001864,-4e-06,-1e-06,-0.004817,-0.006007,0.0,-2.6e-05,-1e-06,-0.001728,-1e-06,-0.00393,-1e-06,-0.002134,-0.00812,-1.2e-05,-3.6e-05,-0.0038,-1e-06,-1e-06,-1e-06,-3.9e-05,-0.004571,-0.005726,0.0,-0.003575,-0.003013,-0.0072,-0.007166,-1e-06,-0.007052,-1e-06,-0.005362,-0.00163,-0.0,-0.001399,-0.008309,-0.005501,-0.005329,-0.004895,-0.007195,-0.001613,-0.000825,-0.001048,-1e-06,-0.000222,-0.003043,-0.003564,-0.005214
2017-05-26 16:15:00+02:00,-0.0,0.0,-0.000147,-0.003977,-8.3e-05,-2e-06,-0.000622,-0.001203,-0.002009,-1.3e-05,-1e-06,-1e-06,-0.002414,-0.002491,-0.002448,-0.003984,-1.6e-05,-1e-06,-3e-06,-0.003986,0.0,-0.003982,-0.002419,-1e-06,-0.003977,-0.003984,-0.000949,-0.0,-0.000906,-3e-06,-1e-06,-0.002324,0.0,-0.002491,-0.002551,-1e-06,-0.000721,-0.002046,-1e-06,-0.003986,-0.00134,-1e-06,-0.002487,-0.0,-5.7e-05,-0.001552,-0.001225,-0.001899,-0.001999,-0.0,-1e-06,-0.002324,-0.002414,-0.002491,-1e-06,0.0,-5.7e-05,-1e-06,0.0,-0.000804,-0.002225,-0.003982,-0.003722,-0.0,-0.000242,-0.003984,-0.000372,-0.001899,0.0,-0.000439,-0.001638,-3e-06,-1e-06,-0.002491,-0.002551,0.0,-2.1e-05,-1e-06,-0.001533,-1e-06,-0.002225,-1e-06,-0.001892,-0.003977,-9e-06,-2.9e-05,-0.001791,-1e-06,-1e-06,-0.0,-3.1e-05,-0.002324,-0.002414,0.0,-0.002551,-0.002675,-0.003986,-0.003988,-1e-06,-0.003986,-1e-06,-0.003982,-0.001441,-0.0,-0.001228,-0.003984,-0.002324,-0.003988,-0.003988,-0.003986,-0.001415,-0.000726,-0.00092,-1e-06,-0.000181,-0.002706,-0.003173,-0.002225
2017-05-26 16:16:00+02:00,-0.0,0.0,-0.000117,-0.0026,-6.6e-05,-2e-06,-0.000497,-0.000963,-0.0013,-1e-05,-1e-06,-0.0,-0.001323,-0.001328,-0.001332,-0.002603,-1.3e-05,-1e-06,-3e-06,-0.002603,0.0,-0.002601,-0.001936,-1e-06,-0.0026,-0.002603,-0.000759,-0.0,-0.000725,-3e-06,-1e-06,-0.001318,0.0,-0.001328,-0.001332,-1e-06,-0.000576,-0.001637,-0.0,-0.002603,-0.001072,-1e-06,-0.00199,-0.0,-4.6e-05,-0.001242,-0.00098,-0.001294,-0.0013,-0.0,-1e-06,-0.001318,-0.001323,-0.001328,-1e-06,0.0,-4.5e-05,-1e-06,0.0,-0.000643,-0.001312,-0.002601,-0.002601,-0.0,-0.000193,-0.002603,-0.000297,-0.001294,0.0,-0.000352,-0.00131,-3e-06,-1e-06,-0.001328,-0.001332,0.0,-1.7e-05,-1e-06,-0.001226,-1e-06,-0.001312,-1e-06,-0.001514,-0.0026,-7e-06,-2.3e-05,-0.001288,-0.0,-1e-06,-0.0,-2.5e-05,-0.001318,-0.001323,0.0,-0.001332,-0.00214,-0.002603,-0.002603,-1e-06,-0.002603,-1e-06,-0.002601,-0.001152,-0.0,-0.000983,-0.002603,-0.001318,-0.002603,-0.002603,-0.002603,-0.001132,-0.000581,-0.000736,-1e-06,-0.000145,-0.002165,-0.002538,-0.001312
2017-05-26 16:17:00+02:00,-0.0,0.0,-9.4e-05,-0.00208,-5.3e-05,-1e-06,-0.000398,-0.00077,-0.00104,-8e-06,-1e-06,-0.0,-0.001059,-0.001062,-0.001066,-0.002083,-1e-05,-0.0,-2e-06,-0.002083,0.0,-0.002081,-0.001548,-1e-06,-0.00208,-0.002083,-0.000607,-0.0,-0.00058,-2e-06,-0.0,-0.001055,0.0,-0.001062,-0.001066,-0.0,-0.000461,-0.00131,-0.0,-0.002083,-0.000857,-1e-06,-0.001592,-0.0,-3.7e-05,-0.000993,-0.000784,-0.001035,-0.00104,-0.0,-1e-06,-0.001055,-0.001059,-0.001062,-0.0,0.0,-3.6e-05,-1e-06,0.0,-0.000514,-0.00105,-0.002081,-0.002081,-0.0,-0.000155,-0.002083,-0.000238,-0.001035,0.0,-0.000281,-0.001048,-2e-06,-1e-06,-0.001062,-0.001066,0.0,-1.3e-05,-0.0,-0.000981,-1e-06,-0.00105,-1e-06,-0.001211,-0.00208,-6e-06,-1.9e-05,-0.001031,-0.0,-1e-06,-0.0,-2e-05,-0.001055,-0.001059,0.0,-0.001066,-0.001712,-0.002083,-0.002083,-1e-06,-0.002083,-1e-06,-0.002081,-0.000922,-0.0,-0.000786,-0.002083,-0.001055,-0.002083,-0.002083,-0.002083,-0.000906,-0.000465,-0.000589,-1e-06,-0.000116,-0.001732,-0.00203,-0.00105
2017-05-26 16:18:00+02:00,-0.0,0.0,-0.000175,-0.002126,-7.6e-05,-1e-06,-0.000381,-0.000717,-0.001101,-4.1e-05,-0.0,-0.0,-0.001382,-0.001351,-0.001067,-0.002241,-3.2e-05,-0.0,-2e-06,-0.002251,0.0,-0.002246,-0.00145,-0.0,-0.0022,-0.002316,-0.000568,-0.0,-0.000599,-3e-06,-0.0,-0.001163,0.0,-0.001184,-0.001299,-0.0,-0.000494,-0.001235,-0.0,-0.002331,-0.000796,-0.0,-0.001559,-0.0,-5e-05,-0.001052,-0.00078,-0.001071,-0.001003,-0.0,-1e-06,-0.001175,-0.001212,-0.001401,-0.0,0.0,-9.5e-05,-0.0,0.0,-0.000519,-0.001153,-0.002276,-0.00209,-0.0,-0.000236,-0.00227,-0.000237,-0.001084,0.0,-0.00028,-0.001011,-2.1e-05,-1e-06,-0.001224,-0.001345,0.0,-7.5e-05,-0.0,-0.000941,-0.0,-0.001174,-0.0,-0.00125,-0.00228,-5e-06,-5.2e-05,-0.001176,-0.0,-0.0,-0.0,-2.6e-05,-0.001225,-0.001361,0.0,-0.001178,-0.001637,-0.002325,-0.002326,-0.0,-0.002187,-1e-06,-0.002177,-0.000888,-0.0,-0.000731,-0.002505,-0.001345,-0.002084,-0.002153,-0.002327,-0.000842,-0.000494,-0.000589,-1e-06,-0.000152,-0.001692,-0.002012,-0.001297
2017-05-26 16:19:00+02:00,-0.0,0.0,-0.000217,-0.002015,-8.9e-05,-1e-06,-0.000354,-0.000647,-0.00106,-5.8e-05,-0.0,-0.0,-0.00142,-0.001372,-0.000979,-0.002185,-5e-05,-0.0,-1e-06,-0.002206,0.0,-0.002198,-0.00131,-0.0,-0.00212,-0.002295,-0.000518,-0.0,-0.00057,-8e-06,-0.0,-0.001125,0.0,-0.001143,-0.001295,-0.0,-0.000483,-0.001123,-0.0,-0.002315,-0.00071,-0.0,-0.001449,-0.0,-6e-05,-0.00102,-0.000735,-0.001029,-0.000917,-0.0,-0.0,-0.001146,-0.001188,-0.00144,-0.0,0.0,-0.00013,-0.0,0.0,-0.000495,-0.001121,-0.002233,-0.001962,-0.0,-0.000273,-0.002227,-0.000227,-0.001048,0.0,-0.000263,-0.000921,-3.1e-05,-0.0,-0.001203,-0.001359,0.0,-0.000107,-0.0,-0.000866,-0.0,-0.001147,-0.0,-0.001194,-0.002237,-4e-06,-7.6e-05,-0.001193,-0.0,-0.0,-0.0,-3e-05,-0.001212,-0.001392,0.0,-0.001132,-0.001493,-0.00231,-0.002311,-0.0,-0.002105,-0.0,-0.002091,-0.000819,-0.0,-0.000654,-0.00257,-0.001378,-0.001952,-0.002057,-0.002312,-0.000751,-0.000477,-0.000551,-0.0,-0.000168,-0.001571,-0.001875,-0.001319
2017-05-26 16:20:00+02:00,-0.0,0.0,-0.000174,-0.001612,-7.1e-05,-1e-06,-0.000283,-0.000517,-0.000848,-4.6e-05,-0.0,-0.0,-0.001136,-0.001097,-0.000783,-0.001748,-4e-05,-0.0,-1e-06,-0.001765,0.0,-0.001758,-0.001048,-0.0,-0.001696,-0.001838,-0.000414,-0.0,-0.000456,-7e-06,-0.0,-0.0009,0.0,-0.000914,-0.001036,-0.0,-0.000386,-0.000899,-0.0,-0.001852,-0.000568,-0.0,-0.001159,-0.0,-4.8e-05,-0.000816,-0.000588,-0.000823,-0.000733,-0.0,-0.0,-0.000917,-0.00095,-0.001152,-0.0,0.0,-0.000104,-0.0,0.0,-0.000396,-0.000897,-0.001787,-0.001569,-0.0,-0.000218,-0.001782,-0.000182,-0.000838,0.0,-0.000211,-0.000737,-2.4e-05,-0.0,-0.000962,-0.001087,0.0,-8.6e-05,-0.0,-0.000693,-0.0,-0.000918,-0.0,-0.000955,-0.00179,-3e-06,-6.1e-05,-0.000955,-0.0,-0.0,-0.0,-2.4e-05,-0.00097,-0.001113,0.0,-0.000906,-0.001194,-0.001855,-0.001857,-0.0,-0.001684,-0.0,-0.001673,-0.000655,-0.0,-0.000523,-0.002056,-0.001102,-0.001562,-0.001645,-0.001857,-0.0006,-0.000382,-0.000441,-0.0,-0.000135,-0.001257,-0.0015,-0.001056
2017-05-26 16:21:00+02:00,-0.0,0.0,-0.000139,-0.001353,-5.7e-05,-1e-06,-0.000226,-0.000414,-0.000693,-3.7e-05,-0.0,-0.0,-0.001008,-0.000958,-0.000627,-0.001515,-3.2e-05,-0.0,-1e-06,-0.001533,0.0,-0.001526,-0.000839,-0.0,-0.001389,-0.001622,-0.000331,-0.0,-0.000365,-5e-06,-0.0,-0.000738,0.0,-0.000747,-0.000886,-0.0,-0.000309,-0.000719,-0.0,-0.001579,-0.000454,-0.0,-0.000928,-0.0,-3.8e-05,-0.000653,-0.000475,-0.0007,-0.000587,-0.0,-0.0,-0.00079,-0.000827,-0.001022,-0.0,0.0,-8.3e-05,-0.0,0.0,-0.000316,-0.000772,-0.001503,-0.001302,-0.0,-0.000175,-0.001555,-0.000145,-0.000718,0.0,-0.000169,-0.00059,-2e-05,-0.0,-0.000836,-0.000944,0.0,-6.9e-05,-0.0,-0.000554,-0.0,-0.000798,-0.0,-0.000764,-0.001507,-2e-06,-4.9e-05,-0.000834,-0.0,-0.0,-0.0,-1.9e-05,-0.000854,-0.000981,0.0,-0.000769,-0.000956,-0.001641,-0.001642,-0.0,-0.001379,-0.0,-0.001426,-0.000524,-0.0,-0.000418,-0.001816,-0.000974,-0.001249,-0.001393,-0.001643,-0.00048,-0.000305,-0.000353,-0.0,-0.000108,-0.001005,-0.001229,-0.000925
2017-05-26 16:22:00+02:00,-0.0,0.0,-0.000111,-0.001086,-4.6e-05,-0.0,-0.000181,-0.000331,-0.000554,-2.9e-05,-0.0,-0.0,-0.000851,-0.000797,-0.000501,-0.001258,-2.6e-05,-0.0,-1e-06,-0.001281,0.0,-0.001273,-0.000671,-0.0,-0.001111,-0.001372,-0.000265,-0.0,-0.000292,-4e-06,-0.0,-0.00059,0.0,-0.000598,-0.000719,-0.0,-0.000247,-0.000575,-0.0,-0.001283,-0.000363,-0.0,-0.000742,-0.0,-3.1e-05,-0.000522,-0.00038,-0.000573,-0.000469,-0.0,-0.0,-0.000654,-0.000687,-0.000862,-0.0,0.0,-6.7e-05,-0.0,0.0,-0.000253,-0.000638,-0.001203,-0.001042,-0.0,-0.00014,-0.001301,-0.000116,-0.000592,0.0,-0.000135,-0.000472,-1.6e-05,-0.0,-0.000696,-0.000779,0.0,-5.5e-05,-0.0,-0.000443,-0.0,-0.000663,-0.0,-0.000611,-0.001208,-2e-06,-3.9e-05,-0.000698,-0.0,-0.0,-0.0,-1.5e-05,-0.000719,-0.000824,0.0,-0.000622,-0.000764,-0.00139,-0.001392,-0.0,-0.001103,-0.0,-0.001163,-0.000419,-0.0,-0.000335,-0.001533,-0.00082,-0.001,-0.001128,-0.001393,-0.000384,-0.000244,-0.000282,-0.0,-8.6e-05,-0.000804,-0.000984,-0.000774
2017-05-26 16:23:00+02:00,-0.0,0.0,-8.9e-05,-0.000869,-3.6e-05,-0.0,-0.000145,-0.000265,-0.000443,-2.4e-05,-0.0,-0.0,-0.000689,-0.000637,-0.000401,-0.001013,-2.1e-05,-0.0,-1e-06,-0.001041,0.0,-0.001033,-0.000537,-0.0,-0.000889,-0.001125,-0.000212,-0.0,-0.000234,-3e-06,-0.0,-0.000472,0.0,-0.000478,-0.000576,-0.0,-0.000198,-0.00046,-0.0,-0.001026,-0.000291,-0.0,-0.000594,-0.0,-2.5e-05,-0.000418,-0.000304,-0.000459,-0.000375,-0.0,-0.0,-0.000526,-0.000554,-0.000697,-0.0,0.0,-5.3e-05,-0.0,0.0,-0.000203,-0.000512,-0.000963,-0.000833,-0.0,-0.000112,-0.001055,-9.3e-05,-0.000475,0.0,-0.000108,-0.000377,-1.2e-05,-0.0,-0.000563,-0.000623,0.0,-4.4e-05,-0.0,-0.000355,-0.0,-0.000535,-0.0,-0.000489,-0.000966,-2e-06,-3.1e-05,-0.000561,-0.0,-0.0,-0.0,-1.2e-05,-0.000587,-0.000663,0.0,-0.000498,-0.000612,-0.001143,-0.001145,-0.0,-0.000882,-0.0,-0.000931,-0.000336,-0.0,-0.000268,-0.00124,-0.000662,-0.0008,-0.000902,-0.001146,-0.000307,-0.000196,-0.000226,-0.0,-6.9e-05,-0.000644,-0.000787,-0.000621
2017-05-26 16:24:00+02:00,-0.0,0.0,-7.1e-05,-0.000695,-2.9e-05,-0.0,-0.000116,-0.000212,-0.000355,-1.9e-05,-0.0,-0.0,-0.000551,-0.00051,-0.000321,-0.000811,-1.7e-05,-0.0,-0.0,-0.000833,0.0,-0.000826,-0.000429,-0.0,-0.000711,-0.0009,-0.00017,-0.0,-0.000187,-3e-06,-0.0,-0.000378,0.0,-0.000383,-0.00046,-0.0,-0.000158,-0.000368,-0.0,-0.000821,-0.000233,-0.0,-0.000475,-0.0,-2e-05,-0.000334,-0.000243,-0.000367,-0.0003,-0.0,-0.0,-0.000421,-0.000443,-0.000558,-0.0,0.0,-4.3e-05,-0.0,0.0,-0.000162,-0.00041,-0.00077,-0.000667,-0.0,-8.9e-05,-0.000844,-7.4e-05,-0.00038,0.0,-8.6e-05,-0.000302,-1e-05,-0.0,-0.000451,-0.000499,0.0,-3.5e-05,-0.0,-0.000284,-0.0,-0.000428,-0.0,-0.000391,-0.000773,-1e-06,-2.5e-05,-0.000448,-0.0,-0.0,-0.0,-1e-05,-0.000469,-0.00053,0.0,-0.000398,-0.000489,-0.000915,-0.000916,-0.0,-0.000706,-0.0,-0.000745,-0.000268,-0.0,-0.000214,-0.000992,-0.000529,-0.00064,-0.000722,-0.000917,-0.000246,-0.000156,-0.000181,-0.0,-5.5e-05,-0.000515,-0.000629,-0.000497
2017-05-26 16:25:00+02:00,-0.0,0.0,-5.7e-05,-0.000556,-2.3e-05,-0.0,-9.3e-05,-0.00017,-0.000284,-1.5e-05,-0.0,-0.0,-0.000441,-0.000408,-0.000257,-0.000649,-1.3e-05,-0.0,-0.0,-0.000666,0.0,-0.000661,-0.000344,-0.0,-0.000569,-0.00072,-0.000136,-0.0,-0.000149,-2e-06,-0.0,-0.000302,0.0,-0.000306,-0.000368,-0.0,-0.000127,-0.000294,-0.0,-0.000657,-0.000186,-0.0,-0.00038,-0.0,-1.6e-05,-0.000267,-0.000195,-0.000294,-0.00024,-0.0,-0.0,-0.000336,-0.000355,-0.000446,-0.0,0.0,-3.4e-05,-0.0,0.0,-0.00013,-0.000328,-0.000616,-0.000533,-0.0,-7.1e-05,-0.000676,-6e-05,-0.000304,0.0,-6.9e-05,-0.000241,-8e-06,-0.0,-0.000361,-0.000399,0.0,-2.8e-05,-0.0,-0.000227,-0.0,-0.000342,-0.0,-0.000313,-0.000618,-1e-06,-2e-05,-0.000359,-0.0,-0.0,-0.0,-8e-06,-0.000376,-0.000424,0.0,-0.000318,-0.000391,-0.000732,-0.000733,-0.0,-0.000565,-0.0,-0.000596,-0.000215,-0.0,-0.000171,-0.000794,-0.000423,-0.000512,-0.000577,-0.000733,-0.000197,-0.000125,-0.000145,-0.0,-4.4e-05,-0.000412,-0.000504,-0.000397
2017-05-26 16:26:00+02:00,-0.0,0.0,-4.6e-05,-0.000445,-1.9e-05,-0.0,-7.4e-05,-0.000136,-0.000227,-1.2e-05,-0.0,-0.0,-0.000353,-0.000326,-0.000205,-0.000519,-1.1e-05,-0.0,-0.0,-0.000533,0.0,-0.000529,-0.000275,-0.0,-0.000455,-0.000576,-0.000109,-0.0,-0.00012,-2e-06,-0.0,-0.000242,0.0,-0.000245,-0.000295,-0.0,-0.000101,-0.000236,-0.0,-0.000526,-0.000149,-0.0,-0.000304,-0.0,-1.3e-05,-0.000214,-0.000156,-0.000235,-0.000192,-0.0,-0.0,-0.000269,-0.000284,-0.000357,-0.0,0.0,-2.7e-05,-0.0,0.0,-0.000104,-0.000262,-0.000493,-0.000427,-0.0,-5.7e-05,-0.00054,-4.8e-05,-0.000243,0.0,-5.5e-05,-0.000193,-6e-06,-0.0,-0.000288,-0.000319,0.0,-2.3e-05,-0.0,-0.000182,-0.0,-0.000274,-0.0,-0.00025,-0.000495,-1e-06,-1.6e-05,-0.000287,-0.0,-0.0,-0.0,-6e-06,-0.0003,-0.000339,0.0,-0.000255,-0.000313,-0.000585,-0.000586,-0.0,-0.000452,-0.0,-0.000477,-0.000172,-0.0,-0.000137,-0.000635,-0.000339,-0.000409,-0.000462,-0.000587,-0.000157,-0.0001,-0.000116,-0.0,-3.5e-05,-0.000329,-0.000403,-0.000318
2017-05-26 16:27:00+02:00,-0.0,0.0,-3.6e-05,-0.000356,-1.5e-05,-0.0,-5.9e-05,-0.000108,-0.000182,-1e-05,-0.0,-0.0,-0.000282,-0.000261,-0.000164,-0.000415,-8e-06,-0.0,-0.0,-0.000426,0.0,-0.000423,-0.00022,-0.0,-0.000364,-0.000461,-8.7e-05,-0.0,-9.6e-05,-1e-06,-0.0,-0.000193,0.0,-0.000196,-0.000236,-0.0,-8.1e-05,-0.000188,-0.0,-0.00042,-0.000119,-0.0,-0.000243,-0.0,-1e-05,-0.000171,-0.000125,-0.000188,-0.000154,-0.0,-0.0,-0.000215,-0.000227,-0.000286,-0.0,0.0,-2.2e-05,-0.0,0.0,-8.3e-05,-0.00021,-0.000394,-0.000341,-0.0,-4.6e-05,-0.000432,-3.8e-05,-0.000195,0.0,-4.4e-05,-0.000155,-5e-06,-0.0,-0.000231,-0.000255,0.0,-1.8e-05,-0.0,-0.000145,-0.0,-0.000219,-0.0,-0.0002,-0.000396,-1e-06,-1.3e-05,-0.00023,-0.0,-0.0,-0.0,-5e-06,-0.00024,-0.000272,0.0,-0.000204,-0.00025,-0.000468,-0.000469,-0.0,-0.000361,-0.0,-0.000381,-0.000137,-0.0,-0.00011,-0.000508,-0.000271,-0.000328,-0.00037,-0.000469,-0.000126,-8e-05,-9.2e-05,-0.0,-2.8e-05,-0.000264,-0.000322,-0.000254
2017-05-26 16:28:00+02:00,-0.0,0.0,-2.9e-05,-0.000285,-1.2e-05,-0.0,-4.7e-05,-8.7e-05,-0.000145,-8e-06,-0.0,-0.0,-0.000226,-0.000209,-0.000131,-0.000332,-7e-06,-0.0,-0.0,-0.000341,0.0,-0.000339,-0.000176,-0.0,-0.000291,-0.000369,-6.9e-05,-0.0,-7.7e-05,-1e-06,-0.0,-0.000155,0.0,-0.000157,-0.000189,-0.0,-6.5e-05,-0.000151,-0.0,-0.000336,-9.5e-05,-0.0,-0.000195,-0.0,-8e-06,-0.000137,-0.0001,-0.00015,-0.000123,-0.0,-0.0,-0.000172,-0.000182,-0.000229,-0.0,0.0,-1.7e-05,-0.0,0.0,-6.6e-05,-0.000168,-0.000315,-0.000273,-0.0,-3.7e-05,-0.000346,-3e-05,-0.000156,0.0,-3.5e-05,-0.000124,-4e-06,-0.0,-0.000185,-0.000204,0.0,-1.4e-05,-0.0,-0.000116,-0.0,-0.000175,-0.0,-0.00016,-0.000317,-1e-06,-1e-05,-0.000184,-0.0,-0.0,-0.0,-4e-06,-0.000192,-0.000217,0.0,-0.000163,-0.0002,-0.000375,-0.000375,-0.0,-0.000289,-0.0,-0.000305,-0.00011,-0.0,-8.8e-05,-0.000406,-0.000217,-0.000262,-0.000296,-0.000375,-0.000101,-6.4e-05,-7.4e-05,-0.0,-2.3e-05,-0.000211,-0.000258,-0.000203
2017-05-26 16:29:00+02:00,-0.0,0.0,-2.3e-05,-0.000228,-1e-05,-0.0,-3.8e-05,-6.9e-05,-0.000116,-6e-06,-0.0,-0.0,-0.000181,-0.000167,-0.000105,-0.000266,-5e-06,-0.0,-0.0,-0.000273,0.0,-0.000271,-0.000141,-0.0,-0.000233,-0.000295,-5.6e-05,-0.0,-6.1e-05,-1e-06,-0.0,-0.000124,0.0,-0.000125,-0.000151,-0.0,-5.2e-05,-0.000121,-0.0,-0.000269,-7.6e-05,-0.0,-0.000156,-0.0,-6e-06,-0.00011,-8e-05,-0.00012,-9.8e-05,-0.0,-0.0,-0.000138,-0.000145,-0.000183,-0.0,0.0,-1.4e-05,-0.0,0.0,-5.3e-05,-0.000134,-0.000252,-0.000218,-0.0,-2.9e-05,-0.000277,-2.4e-05,-0.000125,0.0,-2.8e-05,-9.9e-05,-3e-06,-0.0,-0.000148,-0.000163,0.0,-1.2e-05,-0.0,-9.3e-05,-0.0,-0.00014,-0.0,-0.000128,-0.000253,-0.0,-8e-06,-0.000147,-0.0,-0.0,-0.0,-3e-06,-0.000154,-0.000174,0.0,-0.00013,-0.00016,-0.0003,-0.0003,-0.0,-0.000231,-0.0,-0.000244,-8.8e-05,-0.0,-7e-05,-0.000325,-0.000173,-0.00021,-0.000237,-0.0003,-8.1e-05,-5.1e-05,-5.9e-05,-0.0,-1.8e-05,-0.000169,-0.000206,-0.000163
2017-05-26 16:30:00+02:00,-0.0,0.0,-1.9e-05,-0.000182,-8e-06,-0.0,-3e-05,-5.6e-05,-9.3e-05,-5e-06,-0.0,-0.0,-0.000144,-0.000134,-8.4e-05,-0.000213,-4e-06,-0.0,-0.0,-0.000218,0.0,-0.000217,-0.000113,-0.0,-0.000186,-0.000236,-4.4e-05,-0.0,-4.9e-05,-1e-06,-0.0,-9.9e-05,0.0,-0.0001,-0.000121,-0.0,-4.1e-05,-9.6e-05,-0.0,-0.000215,-6.1e-05,-0.0,-0.000124,-0.0,-5e-06,-8.8e-05,-6.4e-05,-9.6e-05,-7.9e-05,-0.0,-0.0,-0.00011,-0.000116,-0.000146,-0.0,0.0,-1.1e-05,-0.0,0.0,-4.2e-05,-0.000107,-0.000202,-0.000175,-0.0,-2.3e-05,-0.000221,-2e-05,-0.0001,0.0,-2.3e-05,-7.9e-05,-3e-06,-0.0,-0.000118,-0.000131,0.0,-9e-06,-0.0,-7.4e-05,-0.0,-0.000112,-0.0,-0.000103,-0.000203,-0.0,-7e-06,-0.000118,-0.0,-0.0,-0.0,-3e-06,-0.000123,-0.000139,0.0,-0.000104,-0.000128,-0.00024,-0.00024,-0.0,-0.000185,-0.0,-0.000195,-7e-05,-0.0,-5.6e-05,-0.00026,-0.000139,-0.000168,-0.000189,-0.00024,-6.4e-05,-4.1e-05,-4.7e-05,-0.0,-1.4e-05,-0.000135,-0.000165,-0.00013
2017-05-26 16:31:00+02:00,-0.0,0.0,-1.5e-05,-0.000146,-6e-06,-0.0,-2.4e-05,-4.4e-05,-7.4e-05,-4e-06,-0.0,-0.0,-0.000116,-0.000107,-6.7e-05,-0.00017,-3e-06,-0.0,-0.0,-0.000175,0.0,-0.000173,-9e-05,-0.0,-0.000149,-0.000189,-3.6e-05,-0.0,-3.9e-05,-1e-06,-0.0,-7.9e-05,0.0,-8e-05,-9.7e-05,-0.0,-3.3e-05,-7.7e-05,-0.0,-0.000172,-4.9e-05,-0.0,-0.0001,-0.0,-4e-06,-7e-05,-5.1e-05,-7.7e-05,-6.3e-05,-0.0,-0.0,-8.8e-05,-9.3e-05,-0.000117,-0.0,0.0,-9e-06,-0.0,0.0,-3.4e-05,-8.6e-05,-0.000162,-0.00014,-0.0,-1.9e-05,-0.000177,-1.6e-05,-8e-05,0.0,-1.8e-05,-6.3e-05,-2e-06,-0.0,-9.5e-05,-0.000105,0.0,-7e-06,-0.0,-5.9e-05,-0.0,-9e-05,-0.0,-8.2e-05,-0.000162,-0.0,-5e-06,-9.4e-05,-0.0,-0.0,-0.0,-2e-06,-9.8e-05,-0.000111,0.0,-8.3e-05,-0.000103,-0.000192,-0.000192,-0.0,-0.000148,-0.0,-0.000156,-5.6e-05,-0.0,-4.5e-05,-0.000208,-0.000111,-0.000134,-0.000151,-0.000192,-5.2e-05,-3.3e-05,-3.8e-05,-0.0,-1.2e-05,-0.000108,-0.000132,-0.000104
2017-05-26 16:32:00+02:00,-0.0,0.0,-1.2e-05,-0.000117,-5e-06,-0.0,-1.9e-05,-3.6e-05,-5.9e-05,-3e-06,-0.0,-0.0,-9.2e-05,-8.6e-05,-5.4e-05,-0.000136,-3e-06,-0.0,-0.0,-0.00014,0.0,-0.000139,-7.2e-05,-0.0,-0.000119,-0.000151,-2.8e-05,-0.0,-3.1e-05,-0.0,-0.0,-6.3e-05,0.0,-6.4e-05,-7.7e-05,-0.0,-2.7e-05,-6.2e-05,-0.0,-0.000138,-3.9e-05,-0.0,-8e-05,-0.0,-3e-06,-5.6e-05,-4.1e-05,-6.2e-05,-5e-05,-0.0,-0.0,-7.1e-05,-7.4e-05,-9.4e-05,-0.0,0.0,-7e-06,-0.0,0.0,-2.7e-05,-6.9e-05,-0.000129,-0.000112,-0.0,-1.5e-05,-0.000142,-1.2e-05,-6.4e-05,0.0,-1.4e-05,-5.1e-05,-2e-06,-0.0,-7.6e-05,-8.4e-05,0.0,-6e-06,-0.0,-4.8e-05,-0.0,-7.2e-05,-0.0,-6.6e-05,-0.00013,-0.0,-4e-06,-7.5e-05,-0.0,-0.0,-0.0,-2e-06,-7.9e-05,-8.9e-05,0.0,-6.7e-05,-8.2e-05,-0.000153,-0.000154,-0.0,-0.000118,-0.0,-0.000125,-4.5e-05,-0.0,-3.6e-05,-0.000166,-8.9e-05,-0.000107,-0.000121,-0.000154,-4.1e-05,-2.6e-05,-3e-05,-0.0,-9e-06,-8.6e-05,-0.000106,-8.3e-05
2017-05-26 16:33:00+02:00,-0.0,0.0,-0.000142,-0.000422,-5.5e-05,-4.7e-05,-5.9e-05,-9.3e-05,-0.000226,-5.7e-05,-1.2e-05,-0.0,-0.000429,-0.000409,-0.00022,-0.000503,-9.1e-05,-0.0,-6e-05,-0.00053,0.0,-0.000526,-0.000201,-0.0,-0.000463,-0.000557,-7.5e-05,-0.0,-0.000132,-4.1e-05,-0.0,-0.000275,0.0,-0.000294,-0.000375,-0.0,-0.000163,-0.000179,-0.0,-0.00056,-0.000106,-0.0,-0.000305,-0.0,-4.7e-05,-0.000258,-0.00014,-0.000217,-0.000169,-0.0,-2.1e-05,-0.000298,-0.000315,-0.000445,-0.0,0.0,-0.000119,-0.0,0.0,-0.000111,-0.00028,-0.000521,-0.000397,-0.0,-0.000151,-0.000523,-4.6e-05,-0.000226,0.0,-5.8e-05,-0.000184,-5.2e-05,-0.0,-0.000337,-0.000407,0.0,-0.000106,-0.0,-0.000152,-0.0,-0.000285,-0.0,-0.000278,-0.000523,-2.1e-05,-0.0001,-0.000274,-0.0,-1.5e-05,-0.0,-2.6e-05,-0.000322,-0.000414,0.0,-0.000293,-0.000289,-0.000565,-0.000566,-0.0,-0.00046,-2.7e-05,-0.000458,-0.000153,-0.0,-9.7e-05,-0.00068,-0.000401,-0.000395,-0.000442,-0.000567,-0.000113,-0.00012,-0.000132,-0.0,-7.2e-05,-0.000323,-0.000372,-0.000365
2017-05-26 16:34:00+02:00,-0.0,0.0,-0.000114,-0.000704,-4.4e-05,-3.8e-05,-4.7e-05,-8.1e-05,-0.000373,-4.5e-05,-9e-06,-0.0,-0.000865,-0.000808,-0.000318,-0.000869,-7.2e-05,-0.0,-4.8e-05,-0.000934,0.0,-0.000934,-0.000174,-0.0,-0.000761,-0.000989,-6e-05,-0.0,-0.000185,-3.3e-05,-0.0,-0.000477,0.0,-0.000513,-0.000718,-0.0,-0.00013,-0.000143,-0.0,-0.000973,-8.5e-05,-0.0,-0.000443,-0.0,-3.8e-05,-0.000347,-0.000207,-0.000379,-0.00024,-0.0,-1.7e-05,-0.000567,-0.000597,-0.000897,-0.0,0.0,-9.5e-05,-0.0,0.0,-8.9e-05,-0.000528,-0.000894,-0.000639,-0.0,-0.000132,-0.000914,-3.7e-05,-0.0004,0.0,-4.6e-05,-0.000284,-4.2e-05,-0.0,-0.000653,-0.000798,0.0,-8.5e-05,-0.0,-0.000122,-0.0,-0.000534,-0.0,-0.000391,-0.000915,-1.7e-05,-8e-05,-0.000489,-0.0,-1.2e-05,-0.0,-2e-05,-0.000621,-0.000828,0.0,-0.000533,-0.000358,-0.001009,-0.001006,-0.0,-0.000735,-2.1e-05,-0.000774,-0.000231,-0.0,-7.8e-05,-0.001247,-0.000801,-0.000592,-0.00073,-0.001006,-9.4e-05,-0.000161,-0.000178,-0.0,-5.7e-05,-0.000476,-0.000573,-0.000717
2017-05-26 16:35:00+02:00,-0.00027,0.0,-0.001261,-0.002007,-0.001062,-0.000853,-0.00053,-0.00071,-0.001032,-0.000641,-0.000472,-0.000329,-0.001705,-0.001709,-0.001354,-0.002089,-0.00104,-0.000402,-0.000902,-0.002135,0.0,-0.002153,-0.001552,-0.000517,-0.002076,-0.002185,-0.000585,-2.5e-05,-0.000881,-0.000571,-0.000338,-0.001337,0.0,-0.001472,-0.001674,-0.000419,-0.001457,-0.00145,-0.000356,-0.002166,-0.000929,-0.000502,-0.001777,-5.1e-05,-0.001028,-0.001671,-0.000726,-0.000951,-0.000925,-3.5e-05,-0.000512,-0.001409,-0.001491,-0.00178,-0.000417,0.0,-0.001152,-0.000558,0.0,-0.001203,-0.001311,-0.002121,-0.001934,-5.8e-05,-0.001339,-0.002125,-0.000486,-0.000968,0.0,-0.000696,-0.001116,-0.000696,-0.000549,-0.001584,-0.001739,0.0,-0.001108,-0.000448,-0.001348,-0.000491,-0.001316,-0.000419,-0.001735,-0.002175,-0.000909,-0.001072,-0.000951,-0.000246,-0.000415,-0.000265,-0.000616,-0.001452,-0.001676,0.0,-0.001527,-0.00168,-0.002208,-0.002196,-0.000403,-0.001975,-0.000546,-0.002025,-0.000832,-3.3e-05,-0.000846,-0.002391,-0.001597,-0.001864,-0.00197,-0.002192,-0.000949,-0.000863,-0.000957,-0.000583,-0.001075,-0.001775,-0.001852,-0.001463
2017-05-26 16:36:00+02:00,-0.000216,0.0,-0.001432,-0.002584,-0.001134,-0.000864,-0.0006,-0.000823,-0.001395,-0.000701,-0.000445,-0.000263,-0.00216,-0.002205,-0.001771,-0.002793,-0.001127,-0.000321,-0.000937,-0.002828,0.0,-0.002849,-0.001813,-0.000414,-0.002816,-0.00287,-0.000675,-2e-05,-0.001035,-0.000604,-0.00027,-0.001817,0.0,-0.002015,-0.00221,-0.000335,-0.001715,-0.001689,-0.000285,-0.002852,-0.001076,-0.000401,-0.002148,-4.1e-05,-0.001087,-0.001974,-0.000884,-0.00125,-0.001205,-2.8e-05,-0.000503,-0.001875,-0.001989,-0.002262,-0.000333,0.0,-0.001286,-0.000447,0.0,-0.001354,-0.001742,-0.002823,-0.002459,-4.6e-05,-0.001521,-0.002822,-0.000542,-0.001278,0.0,-0.000774,-0.001352,-0.000745,-0.000524,-0.002105,-0.002262,0.0,-0.00122,-0.000358,-0.001552,-0.000393,-0.001746,-0.000336,-0.002069,-0.002883,-0.00092,-0.001175,-0.001199,-0.000197,-0.000402,-0.000212,-0.000648,-0.001909,-0.002137,0.0,-0.001995,-0.002139,-0.002891,-0.002878,-0.000322,-0.0027,-0.000549,-0.002666,-0.001013,-2.6e-05,-0.000977,-0.003035,-0.002025,-0.00255,-0.002578,-0.002873,-0.001102,-0.000999,-0.001111,-0.000472,-0.001177,-0.002175,-0.002325,-0.001863
2017-05-26 16:37:00+02:00,-0.000173,0.0,-0.001145,-0.001968,-0.000907,-0.000691,-0.00048,-0.000668,-0.000964,-0.000561,-0.000356,-0.00021,-0.001118,-0.00115,-0.001177,-0.001986,-0.000902,-0.000257,-0.000749,-0.001988,0.0,-0.001981,-0.001472,-0.000331,-0.001963,-0.001986,-0.000544,-1.6e-05,-0.000853,-0.000484,-0.000216,-0.001082,0.0,-0.00115,-0.001177,-0.000268,-0.001383,-0.001362,-0.000228,-0.001988,-0.000868,-0.000321,-0.001789,-3.3e-05,-0.00087,-0.001628,-0.000746,-0.000926,-0.000964,-2.3e-05,-0.000402,-0.001082,-0.001118,-0.00115,-0.000267,0.0,-0.001029,-0.000357,0.0,-0.001083,-0.001044,-0.001981,-0.001974,-3.7e-05,-0.001217,-0.001986,-0.000434,-0.000926,0.0,-0.000619,-0.001044,-0.000596,-0.000419,-0.00115,-0.001177,0.0,-0.000976,-0.000287,-0.001241,-0.000314,-0.001044,-0.000268,-0.001714,-0.001968,-0.000736,-0.00094,-0.000889,-0.000157,-0.000322,-0.00017,-0.000518,-0.001082,-0.001118,0.0,-0.001177,-0.001788,-0.001982,-0.001986,-0.000258,-0.001988,-0.000439,-0.001981,-0.00085,-2.1e-05,-0.000787,-0.001986,-0.001082,-0.001986,-0.001989,-0.001988,-0.000891,-0.000819,-0.000909,-0.000378,-0.000942,-0.00182,-0.001965,-0.001044
2017-05-26 16:38:00+02:00,-0.000138,0.0,-0.000916,-0.001575,-0.000726,-0.000553,-0.000384,-0.000535,-0.000771,-0.000449,-0.000285,-0.000168,-0.000894,-0.00092,-0.000942,-0.001589,-0.000721,-0.000206,-0.0006,-0.00159,0.0,-0.001585,-0.001177,-0.000265,-0.001571,-0.001589,-0.000436,-1.3e-05,-0.000683,-0.000387,-0.000173,-0.000866,0.0,-0.00092,-0.000942,-0.000215,-0.001107,-0.00109,-0.000182,-0.00159,-0.000694,-0.000257,-0.001431,-2.6e-05,-0.000696,-0.001303,-0.000597,-0.000741,-0.000771,-1.8e-05,-0.000322,-0.000866,-0.000894,-0.00092,-0.000213,0.0,-0.000823,-0.000286,0.0,-0.000867,-0.000835,-0.001585,-0.001579,-3e-05,-0.000973,-0.001589,-0.000347,-0.000741,0.0,-0.000495,-0.000835,-0.000477,-0.000335,-0.00092,-0.000942,0.0,-0.000781,-0.000229,-0.000993,-0.000252,-0.000835,-0.000215,-0.001372,-0.001575,-0.000589,-0.000752,-0.000711,-0.000126,-0.000257,-0.000136,-0.000415,-0.000866,-0.000894,0.0,-0.000942,-0.00143,-0.001586,-0.001589,-0.000206,-0.00159,-0.000351,-0.001585,-0.00068,-1.7e-05,-0.00063,-0.001589,-0.000866,-0.001589,-0.001592,-0.00159,-0.000713,-0.000655,-0.000727,-0.000302,-0.000753,-0.001456,-0.001572,-0.000835
2017-05-26 16:39:00+02:00,-0.00011,0.0,-0.000867,-0.001557,-0.00067,-0.000505,-0.000368,-0.000508,-0.000801,-0.000415,-0.000251,-0.000135,-0.000949,-0.000979,-0.000928,-0.001626,-0.000674,-0.000164,-0.000553,-0.001646,0.0,-0.001637,-0.001118,-0.000212,-0.001636,-0.001661,-0.000418,-1e-05,-0.000645,-0.000354,-0.000138,-0.00091,0.0,-0.000967,-0.001004,-0.000172,-0.001056,-0.001039,-0.000146,-0.001663,-0.000647,-0.000205,-0.001369,-2.1e-05,-0.00064,-0.001245,-0.000581,-0.000744,-0.000751,-1.4e-05,-0.000287,-0.000895,-0.000929,-0.000979,-0.000171,0.0,-0.000776,-0.000234,0.0,-0.000819,-0.000859,-0.001656,-0.001544,-2.4e-05,-0.000917,-0.00164,-0.00033,-0.00075,0.0,-0.000459,-0.000794,-0.000436,-0.000293,-0.000964,-0.001004,0.0,-0.000735,-0.000184,-0.000945,-0.000201,-0.000862,-0.000172,-0.00131,-0.001646,-0.000533,-0.000706,-0.000733,-0.000101,-0.00023,-0.000109,-0.000376,-0.00091,-0.000949,0.0,-0.000954,-0.001389,-0.001658,-0.001662,-0.000165,-0.00165,-0.000316,-0.001592,-0.000652,-1.3e-05,-0.000589,-0.001661,-0.000915,-0.001595,-0.001588,-0.001663,-0.000664,-0.000617,-0.00068,-0.000253,-0.000705,-0.0014,-0.001523,-0.000879
2017-05-26 16:40:00+02:00,-8.8e-05,0.0,-0.000693,-0.001246,-0.000536,-0.000404,-0.000294,-0.000406,-0.000632,-0.000332,-0.0002,-0.000108,-0.000683,-0.000694,-0.000704,-0.001287,-0.000539,-0.000132,-0.000443,-0.001288,0.0,-0.001285,-0.000894,-0.000169,-0.001278,-0.001287,-0.000335,-8e-06,-0.000516,-0.000283,-0.000111,-0.00067,0.0,-0.000694,-0.000704,-0.000137,-0.000845,-0.000831,-0.000117,-0.001288,-0.000517,-0.000164,-0.001095,-1.7e-05,-0.000512,-0.000996,-0.000464,-0.000595,-0.000601,-1.2e-05,-0.000229,-0.00067,-0.000683,-0.000694,-0.000137,0.0,-0.000621,-0.000187,0.0,-0.000655,-0.000658,-0.001285,-0.001235,-1.9e-05,-0.000733,-0.001287,-0.000264,-0.0006,0.0,-0.000367,-0.000635,-0.000348,-0.000235,-0.000694,-0.000704,0.0,-0.000588,-0.000147,-0.000756,-0.000161,-0.000658,-0.000137,-0.001048,-0.00128,-0.000426,-0.000565,-0.000586,-8.1e-05,-0.000184,-8.7e-05,-0.000301,-0.00067,-0.000683,0.0,-0.000704,-0.001111,-0.001285,-0.001287,-0.000132,-0.001288,-0.000253,-0.001273,-0.000522,-1.1e-05,-0.000471,-0.001287,-0.00067,-0.001276,-0.00127,-0.001288,-0.000532,-0.000494,-0.000544,-0.000202,-0.000564,-0.00112,-0.001218,-0.000658
2017-05-26 16:41:00+02:00,-7.1e-05,0.0,-0.000555,-0.000997,-0.000429,-0.000323,-0.000235,-0.000325,-0.000506,-0.000266,-0.00016,-8.6e-05,-0.000546,-0.000555,-0.000563,-0.001029,-0.000432,-0.000105,-0.000354,-0.001031,0.0,-0.001028,-0.000715,-0.000136,-0.001022,-0.001029,-0.000268,-6e-06,-0.000413,-0.000227,-8.9e-05,-0.000536,0.0,-0.000555,-0.000563,-0.00011,-0.000676,-0.000665,-9.3e-05,-0.001031,-0.000414,-0.000131,-0.000876,-1.3e-05,-0.000409,-0.000797,-0.000372,-0.000476,-0.000481,-9e-06,-0.000183,-0.000536,-0.000546,-0.000555,-0.000109,0.0,-0.000497,-0.00015,0.0,-0.000524,-0.000527,-0.001028,-0.000988,-1.5e-05,-0.000587,-0.001029,-0.000211,-0.00048,0.0,-0.000294,-0.000508,-0.000279,-0.000188,-0.000555,-0.000563,0.0,-0.00047,-0.000117,-0.000605,-0.000129,-0.000527,-0.00011,-0.000838,-0.001024,-0.000341,-0.000452,-0.000469,-6.4e-05,-0.000148,-6.9e-05,-0.000241,-0.000536,-0.000546,0.0,-0.000563,-0.000889,-0.001028,-0.001029,-0.000106,-0.001031,-0.000202,-0.001019,-0.000417,-9e-06,-0.000377,-0.001029,-0.000536,-0.001021,-0.001016,-0.001031,-0.000425,-0.000395,-0.000435,-0.000162,-0.000451,-0.000896,-0.000975,-0.000527
2017-05-26 16:42:00+02:00,-5.7e-05,0.0,-0.000444,-0.000797,-0.000343,-0.000259,-0.000188,-0.00026,-0.000405,-0.000213,-0.000128,-6.9e-05,-0.000437,-0.000444,-0.00045,-0.000824,-0.000345,-8.4e-05,-0.000283,-0.000825,0.0,-0.000822,-0.000572,-0.000108,-0.000818,-0.000824,-0.000214,-5e-06,-0.00033,-0.000181,-7.1e-05,-0.000429,0.0,-0.000444,-0.00045,-8.8e-05,-0.00054,-0.000532,-7.5e-05,-0.000825,-0.000331,-0.000105,-0.000701,-1.1e-05,-0.000328,-0.000637,-0.000297,-0.000381,-0.000385,-7e-06,-0.000147,-0.000429,-0.000437,-0.000444,-8.7e-05,0.0,-0.000398,-0.00012,0.0,-0.000419,-0.000421,-0.000822,-0.000791,-1.2e-05,-0.000469,-0.000824,-0.000169,-0.000384,0.0,-0.000235,-0.000406,-0.000223,-0.00015,-0.000444,-0.00045,0.0,-0.000376,-9.4e-05,-0.000484,-0.000103,-0.000421,-8.8e-05,-0.000671,-0.000819,-0.000273,-0.000361,-0.000375,-5.2e-05,-0.000118,-5.6e-05,-0.000193,-0.000429,-0.000437,0.0,-0.00045,-0.000711,-0.000822,-0.000824,-8.5e-05,-0.000825,-0.000162,-0.000815,-0.000334,-7e-06,-0.000302,-0.000824,-0.000429,-0.000816,-0.000813,-0.000825,-0.00034,-0.000316,-0.000348,-0.000129,-0.000361,-0.000717,-0.00078,-0.000421
2017-05-26 16:43:00+02:00,-4.5e-05,0.0,-0.000355,-0.000638,-0.000274,-0.000207,-0.000151,-0.000208,-0.000324,-0.00017,-0.000103,-5.5e-05,-0.000349,-0.000355,-0.00036,-0.000659,-0.000276,-6.7e-05,-0.000227,-0.00066,0.0,-0.000658,-0.000458,-8.7e-05,-0.000654,-0.000659,-0.000171,-4e-06,-0.000264,-0.000145,-5.7e-05,-0.000343,0.0,-0.000355,-0.00036,-7e-05,-0.000432,-0.000425,-6e-05,-0.00066,-0.000265,-8.4e-05,-0.000561,-9e-06,-0.000262,-0.00051,-0.000238,-0.000305,-0.000308,-6e-06,-0.000117,-0.000343,-0.000349,-0.000355,-7e-05,0.0,-0.000318,-9.6e-05,0.0,-0.000335,-0.000337,-0.000658,-0.000632,-1e-05,-0.000376,-0.000659,-0.000135,-0.000307,0.0,-0.000188,-0.000325,-0.000178,-0.00012,-0.000355,-0.00036,0.0,-0.000301,-7.5e-05,-0.000387,-8.2e-05,-0.000337,-7e-05,-0.000536,-0.000655,-0.000218,-0.000289,-0.0003,-4.1e-05,-9.4e-05,-4.4e-05,-0.000154,-0.000343,-0.000349,0.0,-0.00036,-0.000569,-0.000658,-0.000659,-6.8e-05,-0.00066,-0.000129,-0.000652,-0.000267,-5e-06,-0.000241,-0.000659,-0.000343,-0.000653,-0.00065,-0.00066,-0.000272,-0.000253,-0.000279,-0.000103,-0.000289,-0.000574,-0.000624,-0.000337
2017-05-26 16:44:00+02:00,-3.6e-05,0.0,-0.000284,-0.00051,-0.000219,-0.000166,-0.00012,-0.000166,-0.000259,-0.000136,-8.2e-05,-4.4e-05,-0.00028,-0.000284,-0.000288,-0.000527,-0.000221,-5.4e-05,-0.000181,-0.000528,0.0,-0.000526,-0.000366,-6.9e-05,-0.000523,-0.000527,-0.000137,-3e-06,-0.000211,-0.000116,-4.5e-05,-0.000275,0.0,-0.000284,-0.000288,-5.6e-05,-0.000346,-0.00034,-4.8e-05,-0.000528,-0.000212,-6.7e-05,-0.000448,-7e-06,-0.00021,-0.000408,-0.00019,-0.000244,-0.000246,-5e-06,-9.4e-05,-0.000275,-0.00028,-0.000284,-5.6e-05,0.0,-0.000254,-7.7e-05,0.0,-0.000268,-0.00027,-0.000526,-0.000506,-8e-06,-0.0003,-0.000527,-0.000108,-0.000246,0.0,-0.00015,-0.00026,-0.000143,-9.6e-05,-0.000284,-0.000288,0.0,-0.000241,-6e-05,-0.00031,-6.6e-05,-0.00027,-5.6e-05,-0.000429,-0.000524,-0.000175,-0.000231,-0.00024,-3.3e-05,-7.6e-05,-3.6e-05,-0.000123,-0.000275,-0.00028,0.0,-0.000288,-0.000455,-0.000526,-0.000527,-5.4e-05,-0.000528,-0.000104,-0.000522,-0.000214,-4e-06,-0.000193,-0.000527,-0.000275,-0.000523,-0.00052,-0.000528,-0.000218,-0.000202,-0.000223,-8.3e-05,-0.000231,-0.000459,-0.000499,-0.00027
2017-05-26 16:45:00+02:00,-2.9e-05,0.0,-0.000326,-0.000918,-0.000176,-0.000132,-0.000117,-0.000191,-0.0005,-0.000136,-6.6e-05,-3.5e-05,-0.000927,-0.000895,-0.000513,-0.001037,-0.000189,-4.3e-05,-0.000145,-0.001063,0.0,-0.001065,-0.000423,-5.6e-05,-0.001023,-0.00112,-0.000147,-3e-06,-0.00031,-9.3e-05,-3.6e-05,-0.00062,0.0,-0.000665,-0.000831,-4.5e-05,-0.000405,-0.000373,-3.8e-05,-0.001154,-0.000237,-5.4e-05,-0.000669,-6e-06,-0.000168,-0.000588,-0.000288,-0.000447,-0.000387,-4e-06,-7.5e-05,-0.000643,-0.000688,-0.000963,-4.5e-05,0.0,-0.000264,-6.1e-05,0.0,-0.000237,-0.000604,-0.001099,-0.000863,-6e-06,-0.000357,-0.001068,-9.5e-05,-0.000463,0.0,-0.00013,-0.000416,-0.000122,-7.7e-05,-0.000723,-0.000895,0.0,-0.000239,-4.8e-05,-0.000317,-5.3e-05,-0.000619,-4.5e-05,-0.000637,-0.001123,-0.00014,-0.000213,-0.000526,-2.6e-05,-6e-05,-2.8e-05,-9.9e-05,-0.000696,-0.000899,0.0,-0.000654,-0.00065,-0.001137,-0.001132,-4.3e-05,-0.000984,-8.3e-05,-0.000969,-0.000324,-4e-06,-0.000213,-0.001352,-0.000865,-0.000874,-0.000934,-0.00113,-0.000252,-0.000288,-0.000312,-6.6e-05,-0.000185,-0.000695,-0.000806,-0.000786
2017-05-26 16:46:00+02:00,-0.000223,0.0,-0.001292,-0.002209,-0.001031,-0.000802,-0.000498,-0.000705,-0.001137,-0.000643,-0.000448,-0.000283,-0.001807,-0.001838,-0.001577,-0.002248,-0.001005,-0.000323,-0.000854,-0.002264,0.0,-0.002282,-0.001597,-0.000441,-0.002324,-0.002315,-0.000562,-2e-06,-0.00094,-0.000545,-0.000295,-0.001494,0.0,-0.001654,-0.001831,-0.000341,-0.0016,-0.001486,-0.000275,-0.002337,-0.000967,-0.000425,-0.00197,-4e-06,-0.000997,-0.001787,-0.000762,-0.000992,-0.001046,-3e-06,-0.000486,-0.001513,-0.001616,-0.001892,-0.000371,0.0,-0.001156,-0.000495,0.0,-0.001182,-0.001404,-0.00231,-0.002139,-5e-06,-0.001382,-0.002274,-0.000449,-0.001005,0.0,-0.000683,-0.001254,-0.00069,-0.000561,-0.001701,-0.001882,0.0,-0.001109,-0.000372,-0.001359,-0.000417,-0.001416,-0.000338,-0.001904,-0.002373,-0.000875,-0.001046,-0.000952,-0.000204,-0.000386,-0.000221,-0.000602,-0.001555,-0.001785,0.0,-0.001689,-0.001939,-0.002342,-0.002326,-0.000322,-0.002201,-0.000526,-0.002205,-0.000894,-3e-06,-0.000869,-0.0025,-0.001691,-0.002119,-0.002161,-0.002318,-0.000992,-0.000894,-0.00099,-0.000522,-0.00104,-0.001975,-0.002064,-0.00155
2017-05-26 16:47:00+02:00,-0.000179,0.0,-0.001561,-0.003062,-0.001212,-0.000856,-0.00062,-0.000897,-0.001644,-0.000767,-0.000448,-0.000227,-0.002512,-0.002593,-0.002264,-0.003217,-0.001166,-0.000258,-0.00094,-0.003225,0.0,-0.003255,-0.002038,-0.000352,-0.003365,-0.00327,-0.000709,-2e-06,-0.001189,-0.000622,-0.000236,-0.002194,0.0,-0.002446,-0.002633,-0.000273,-0.00205,-0.00189,-0.00022,-0.003283,-0.001236,-0.00034,-0.002494,-4e-06,-0.001157,-0.002256,-0.000985,-0.001406,-0.001488,-2e-06,-0.000502,-0.002209,-0.002359,-0.002637,-0.000297,0.0,-0.001376,-0.000396,0.0,-0.00146,-0.002043,-0.003277,-0.002906,-4e-06,-0.001679,-0.003237,-0.000551,-0.001435,0.0,-0.000844,-0.001607,-0.000809,-0.000585,-0.002484,-0.002674,0.0,-0.001322,-0.000298,-0.001711,-0.000333,-0.002053,-0.00027,-0.002417,-0.003372,-0.000962,-0.001224,-0.001289,-0.000164,-0.000401,-0.000176,-0.000696,-0.002243,-0.002494,0.0,-0.002418,-0.002646,-0.003305,-0.00328,-0.000258,-0.003174,-0.000573,-0.003127,-0.001146,-2e-06,-0.001107,-0.003418,-0.002351,-0.003115,-0.003027,-0.003268,-0.001268,-0.001124,-0.001239,-0.000421,-0.001249,-0.002525,-0.002745,-0.00216
2017-05-26 16:48:00+02:00,-0.000143,0.0,-0.001495,-0.003444,-0.001089,-0.000685,-0.000623,-0.000936,-0.002046,-0.000708,-0.000359,-0.000181,-0.003076,-0.003198,-0.002568,-0.003758,-0.00102,-0.000207,-0.000752,-0.00381,0.0,-0.003839,-0.002131,-0.000282,-0.004197,-0.003947,-0.000732,-1e-06,-0.001242,-0.000524,-0.000189,-0.002739,0.0,-0.003027,-0.003276,-0.000218,-0.002121,-0.00196,-0.000176,-0.004042,-0.001285,-0.000272,-0.002627,-3e-06,-0.001018,-0.002353,-0.001056,-0.001605,-0.001685,-2e-06,-0.000402,-0.002583,-0.002781,-0.003233,-0.000238,0.0,-0.001275,-0.000317,0.0,-0.001431,-0.00238,-0.004053,-0.003227,-3e-06,-0.001623,-0.003831,-0.000538,-0.001654,0.0,-0.000824,-0.001706,-0.000714,-0.000468,-0.002942,-0.003308,0.0,-0.001219,-0.000238,-0.001741,-0.000267,-0.002417,-0.000216,-0.00254,-0.004172,-0.000769,-0.001094,-0.001556,-0.000131,-0.000321,-0.000141,-0.000608,-0.002703,-0.003062,0.0,-0.002761,-0.002917,-0.004008,-0.003978,-0.000206,-0.003917,-0.000458,-0.00357,-0.001221,-2e-06,-0.001148,-0.004155,-0.002879,-0.003642,-0.003431,-0.003963,-0.001324,-0.001163,-0.001273,-0.000337,-0.001165,-0.002682,-0.003005,-0.002648
2017-05-26 16:49:00+02:00,-0.000114,0.0,-0.001308,-0.003592,-0.000871,-0.000548,-0.000579,-0.000912,-0.002267,-0.00058,-0.000287,-0.000145,-0.003526,-0.003681,-0.002666,-0.004036,-0.000816,-0.000165,-0.000602,-0.004136,0.0,-0.004162,-0.00208,-0.000226,-0.004661,-0.00433,-0.000704,-1e-06,-0.001209,-0.000419,-0.000151,-0.003039,0.0,-0.00334,-0.003789,-0.000174,-0.002014,-0.001892,-0.000141,-0.004653,-0.001244,-0.000218,-0.002592,-2e-06,-0.000815,-0.002287,-0.001058,-0.0017,-0.00175,-2e-06,-0.000322,-0.00278,-0.002999,-0.003709,-0.00019,0.0,-0.001061,-0.000253,0.0,-0.001285,-0.002556,-0.004609,-0.00333,-3e-06,-0.001439,-0.004149,-0.000482,-0.001764,0.0,-0.000735,-0.001695,-0.000572,-0.000375,-0.003194,-0.003815,0.0,-0.001,-0.00019,-0.001642,-0.000213,-0.002604,-0.000173,-0.002492,-0.004751,-0.000615,-0.000875,-0.001769,-0.000105,-0.000256,-0.000113,-0.000486,-0.002957,-0.003515,0.0,-0.002909,-0.002963,-0.004409,-0.004378,-0.000165,-0.004324,-0.000366,-0.003771,-0.001218,-1e-06,-0.001108,-0.004748,-0.0033,-0.003883,-0.003604,-0.004361,-0.001287,-0.00112,-0.001221,-0.00027,-0.000975,-0.002671,-0.003065,-0.003036
2017-05-26 16:50:00+02:00,-9.1e-05,0.0,-0.001116,-0.003653,-0.000697,-0.000438,-0.000528,-0.000874,-0.002399,-0.000464,-0.00023,-0.000116,-0.003883,-0.004065,-0.00268,-0.004204,-0.000653,-0.000132,-0.000481,-0.00436,0.0,-0.004382,-0.001995,-0.00018,-0.004944,-0.004581,-0.000666,-1e-06,-0.001155,-0.000335,-0.000121,-0.003218,0.0,-0.003522,-0.004154,-0.00014,-0.001858,-0.001795,-0.000113,-0.005105,-0.001182,-0.000174,-0.002527,-2e-06,-0.000652,-0.002182,-0.00104,-0.001758,-0.001762,-1e-06,-0.000257,-0.002906,-0.003128,-0.004087,-0.000152,0.0,-0.000849,-0.000203,0.0,-0.001123,-0.002667,-0.004972,-0.003358,-2e-06,-0.001248,-0.00435,-0.00042,-0.001833,0.0,-0.000638,-0.001661,-0.000457,-0.0003,-0.003359,-0.004217,0.0,-0.0008,-0.000152,-0.001519,-0.000171,-0.002714,-0.000138,-0.002399,-0.005127,-0.000492,-0.0007,-0.00194,-8.4e-05,-0.000205,-9e-05,-0.000389,-0.003116,-0.003874,0.0,-0.002978,-0.002927,-0.004674,-0.004642,-0.000132,-0.004571,-0.000293,-0.003877,-0.001199,-1e-06,-0.00105,-0.00523,-0.003634,-0.003999,-0.003688,-0.004624,-0.001229,-0.001058,-0.001156,-0.000216,-0.00078,-0.002626,-0.003061,-0.003344
2017-05-26 16:51:00+02:00,-7.3e-05,0.0,-0.000953,-0.003679,-0.000557,-0.00035,-0.000484,-0.000839,-0.002481,-0.000371,-0.000184,-9.3e-05,-0.00416,-0.004362,-0.00266,-0.004318,-0.000522,-0.000106,-0.000385,-0.004527,0.0,-0.004545,-0.001921,-0.000144,-0.005125,-0.004761,-0.000633,-1e-06,-0.001101,-0.000268,-9.7e-05,-0.003329,0.0,-0.003633,-0.004407,-0.000112,-0.001703,-0.001711,-9e-05,-0.005424,-0.001128,-0.000139,-0.002464,-1e-06,-0.000521,-0.002078,-0.001017,-0.001796,-0.001752,-1e-06,-0.000206,-0.002994,-0.003211,-0.00438,-0.000122,0.0,-0.000679,-0.000162,0.0,-0.000987,-0.002745,-0.00522,-0.003358,-2e-06,-0.001084,-0.004489,-0.000368,-0.001881,0.0,-0.000556,-0.001625,-0.000366,-0.00024,-0.003477,-0.00453,0.0,-0.00064,-0.000122,-0.001414,-0.000136,-0.002785,-0.000111,-0.002304,-0.005383,-0.000394,-0.00056,-0.002074,-6.7e-05,-0.000164,-7.2e-05,-0.000311,-0.003224,-0.004153,0.0,-0.003013,-0.002865,-0.004864,-0.004832,-0.000106,-0.004731,-0.000235,-0.00394,-0.001178,-1e-06,-0.000999,-0.005612,-0.003893,-0.004055,-0.003736,-0.004814,-0.001178,-0.000997,-0.001097,-0.000173,-0.000624,-0.00258,-0.003037,-0.003583
2017-05-26 16:52:00+02:00,-5.8e-05,0.0,-0.000773,-0.003661,-0.000446,-0.00028,-0.000437,-0.000797,-0.002511,-0.000297,-0.000147,-7.4e-05,-0.004379,-0.004598,-0.002596,-0.00437,-0.000418,-8.5e-05,-0.000308,-0.004608,0.0,-0.004621,-0.001828,-0.000116,-0.005198,-0.004864,-0.000593,-1e-06,-0.001038,-0.000215,-7.7e-05,-0.00337,0.0,-0.003669,-0.004547,-8.9e-05,-0.001527,-0.001611,-7.2e-05,-0.005606,-0.001062,-0.000112,-0.002363,-1e-06,-0.000417,-0.00196,-0.000985,-0.001802,-0.001712,-1e-06,-0.000165,-0.003025,-0.003246,-0.004613,-9.7e-05,0.0,-0.000543,-0.00013,0.0,-0.000846,-0.002771,-0.005346,-0.00332,-1e-06,-0.000903,-0.00456,-0.000315,-0.001894,0.0,-0.000471,-0.001564,-0.000293,-0.000192,-0.003528,-0.004752,0.0,-0.000512,-9.7e-05,-0.001298,-0.000109,-0.002814,-8.9e-05,-0.002192,-0.005513,-0.000315,-0.000448,-0.002178,-5.4e-05,-0.000131,-5.8e-05,-0.000249,-0.00328,-0.004373,0.0,-0.003009,-0.00276,-0.004975,-0.004944,-8.5e-05,-0.004793,-0.000188,-0.003951,-0.001138,-1e-06,-0.000939,-0.005919,-0.004098,-0.004039,-0.003736,-0.004927,-0.001115,-0.000929,-0.001021,-0.000138,-0.000499,-0.002494,-0.002981,-0.003771
2017-05-26 16:53:00+02:00,-4.7e-05,0.0,-0.000627,-0.003637,-0.000357,-0.000224,-0.000393,-0.000755,-0.002531,-0.000238,-0.000118,-5.9e-05,-0.004555,-0.004787,-0.002539,-0.004403,-0.000334,-6.8e-05,-0.000246,-0.004665,0.0,-0.004674,-0.001734,-9.2e-05,-0.005253,-0.004939,-0.000555,-0.0,-0.000983,-0.000172,-6.2e-05,-0.003398,0.0,-0.003692,-0.004654,-7.1e-05,-0.001378,-0.001513,-5.8e-05,-0.005755,-0.000998,-8.9e-05,-0.002278,-1e-06,-0.000334,-0.001858,-0.000956,-0.001803,-0.001677,-1e-06,-0.000132,-0.003042,-0.003264,-0.004799,-7.8e-05,0.0,-0.000435,-0.000104,0.0,-0.000717,-0.002784,-0.005449,-0.003281,-1e-06,-0.000756,-0.00461,-0.000266,-0.0019,0.0,-0.000394,-0.001511,-0.000234,-0.000153,-0.003558,-0.004926,0.0,-0.000409,-7.8e-05,-0.001187,-8.7e-05,-0.002829,-7.1e-05,-0.002094,-0.005616,-0.000252,-0.000358,-0.002264,-4.3e-05,-0.000105,-4.6e-05,-0.000199,-0.003316,-0.00455,0.0,-0.002996,-0.00267,-0.005056,-0.005025,-6.8e-05,-0.004843,-0.00015,-0.003953,-0.001104,-1e-06,-0.000879,-0.006174,-0.004261,-0.004023,-0.003729,-0.005009,-0.001052,-0.000871,-0.000957,-0.00011,-0.000399,-0.002421,-0.002929,-0.003922
2017-05-26 16:54:00+02:00,-3.7e-05,0.0,-0.000539,-0.003652,-0.000285,-0.000179,-0.000367,-0.000732,-0.002566,-0.00019,-9.4e-05,-4.8e-05,-0.004701,-0.004944,-0.002518,-0.004468,-0.000267,-5.4e-05,-0.000197,-0.004747,0.0,-0.004752,-0.001687,-7.4e-05,-0.005339,-0.005039,-0.000535,-0.0,-0.000953,-0.000137,-5e-05,-0.003446,0.0,-0.003739,-0.004773,-5.7e-05,-0.001286,-0.001462,-4.6e-05,-0.005917,-0.000963,-7.1e-05,-0.002244,-1e-06,-0.000267,-0.001803,-0.000943,-0.001817,-0.001665,-1e-06,-0.000105,-0.003077,-0.003304,-0.004953,-6.2e-05,0.0,-0.000348,-8.3e-05,0.0,-0.000638,-0.002815,-0.005572,-0.003283,-1e-06,-0.000667,-0.004688,-0.000236,-0.001919,0.0,-0.000346,-0.001489,-0.000187,-0.000123,-0.003607,-0.005099,0.0,-0.000328,-6.2e-05,-0.001125,-7e-05,-0.002863,-5.7e-05,-0.002044,-0.00574,-0.000202,-0.000287,-0.002335,-3.4e-05,-8.4e-05,-3.7e-05,-0.000159,-0.003369,-0.004697,0.0,-0.003012,-0.00263,-0.005161,-0.005131,-5.4e-05,-0.004923,-0.00012,-0.00399,-0.001091,-0.0,-0.000847,-0.006388,-0.004397,-0.004046,-0.003758,-0.005115,-0.001018,-0.000837,-0.000924,-8.8e-05,-0.000319,-0.002396,-0.002919,-0.004047
2017-05-26 16:55:00+02:00,-3e-05,0.0,-0.000469,-0.003669,-0.000228,-0.000144,-0.000346,-0.000715,-0.002593,-0.000152,-7.5e-05,-3.8e-05,-0.004817,-0.00507,-0.002499,-0.004528,-0.000214,-4.3e-05,-0.000158,-0.004823,0.0,-0.004824,-0.001653,-5.9e-05,-0.005407,-0.00513,-0.000518,-0.0,-0.000929,-0.00011,-4e-05,-0.003482,0.0,-0.003774,-0.004865,-4.6e-05,-0.001208,-0.001424,-3.7e-05,-0.006049,-0.000936,-5.7e-05,-0.002221,-1e-06,-0.000214,-0.001762,-0.000933,-0.00183,-0.001653,-0.0,-8.4e-05,-0.003109,-0.00334,-0.005077,-5e-05,0.0,-0.000278,-6.6e-05,0.0,-0.000575,-0.002843,-0.005671,-0.00329,-1e-06,-0.000597,-0.00476,-0.000212,-0.001936,0.0,-0.000308,-0.001474,-0.00015,-9.8e-05,-0.003652,-0.005236,0.0,-0.000262,-5e-05,-0.001076,-5.6e-05,-0.002894,-4.5e-05,-0.002006,-0.005839,-0.000161,-0.000229,-0.002392,-2.7e-05,-6.7e-05,-3e-05,-0.000127,-0.003416,-0.004814,0.0,-0.003028,-0.002595,-0.005256,-0.005226,-4.3e-05,-0.004988,-9.6e-05,-0.004026,-0.001082,-0.0,-0.000822,-0.006566,-0.004506,-0.004065,-0.003788,-0.00521,-0.000992,-0.00081,-0.000899,-7.1e-05,-0.000255,-0.002382,-0.002916,-0.004147
2017-05-26 16:56:00+02:00,-2.4e-05,0.0,-0.0004,-0.003671,-0.000183,-0.000115,-0.000325,-0.000696,-0.002602,-0.000122,-6e-05,-3e-05,-0.00491,-0.005171,-0.002472,-0.004563,-0.000171,-3.5e-05,-0.000126,-0.004861,0.0,-0.004859,-0.001614,-4.7e-05,-0.005441,-0.005188,-0.000501,-0.0,-0.000905,-8.8e-05,-3.2e-05,-0.0035,0.0,-0.003791,-0.004926,-3.7e-05,-0.001132,-0.001383,-3e-05,-0.00613,-0.000909,-4.6e-05,-0.002185,-0.0,-0.000171,-0.001718,-0.00092,-0.00183,-0.001633,-0.0,-6.7e-05,-0.003123,-0.003363,-0.005176,-4e-05,0.0,-0.000223,-5.3e-05,0.0,-0.000515,-0.002853,-0.005728,-0.003284,-1e-06,-0.000528,-0.004804,-0.000189,-0.001938,0.0,-0.000272,-0.001451,-0.00012,-7.9e-05,-0.003675,-0.005331,0.0,-0.00021,-4e-05,-0.001027,-4.5e-05,-0.002911,-3.6e-05,-0.001965,-0.005894,-0.000129,-0.000183,-0.002428,-2.2e-05,-5.4e-05,-2.4e-05,-0.000102,-0.003446,-0.004907,0.0,-0.003035,-0.002552,-0.005318,-0.005289,-3.5e-05,-0.00502,-7.7e-05,-0.004043,-0.001065,-0.0,-0.000796,-0.0067,-0.004591,-0.004061,-0.003801,-0.005273,-0.000965,-0.000784,-0.00087,-5.7e-05,-0.000204,-0.002353,-0.002902,-0.004224
2017-05-26 16:57:00+02:00,-1.9e-05,0.0,-0.000321,-0.003644,-0.000146,-9.2e-05,-0.000302,-0.000672,-0.002588,-9.7e-05,-4.8e-05,-2.4e-05,-0.00498,-0.005245,-0.002426,-0.004562,-0.000137,-2.8e-05,-0.000101,-0.004865,0.0,-0.00486,-0.001565,-3.8e-05,-0.005428,-0.005203,-0.00048,-0.0,-0.000872,-7e-05,-2.5e-05,-0.003487,0.0,-0.003776,-0.00494,-2.9e-05,-0.001045,-0.001333,-2.4e-05,-0.006157,-0.000875,-3.7e-05,-0.002131,-0.0,-0.000137,-0.00166,-0.000899,-0.001815,-0.001601,-0.0,-5.4e-05,-0.003112,-0.003356,-0.005252,-3.2e-05,0.0,-0.000178,-4.2e-05,0.0,-0.000451,-0.002841,-0.005735,-0.003251,-0.0,-0.000448,-0.004809,-0.000165,-0.001925,0.0,-0.000234,-0.001416,-9.6e-05,-6.3e-05,-0.003669,-0.00537,0.0,-0.000168,-3.2e-05,-0.000972,-3.6e-05,-0.002903,-2.9e-05,-0.001908,-0.005899,-0.000103,-0.000147,-0.002455,-1.8e-05,-4.3e-05,-1.9e-05,-8.2e-05,-0.003446,-0.004978,0.0,-0.003017,-0.002488,-0.005334,-0.005306,-2.8e-05,-0.005011,-6.1e-05,-0.004028,-0.00104,-0.0,-0.000765,-0.006808,-0.004656,-0.004025,-0.003783,-0.005291,-0.000932,-0.00075,-0.000832,-4.5e-05,-0.000164,-0.002304,-0.002865,-0.004282
2017-05-26 16:58:00+02:00,-1.5e-05,0.0,-0.000257,-0.003576,-0.000117,-7.4e-05,-0.000282,-0.00065,-0.002569,-7.8e-05,-3.9e-05,-1.9e-05,-0.005024,-0.005293,-0.00238,-0.004508,-0.000109,-2.2e-05,-8.1e-05,-0.004861,0.0,-0.004852,-0.001519,-3e-05,-0.005403,-0.005155,-0.000461,-0.0,-0.00083,-5.6e-05,-2e-05,-0.003466,0.0,-0.003752,-0.00494,-2.3e-05,-0.000969,-0.001287,-1.9e-05,-0.006171,-0.000843,-2.9e-05,-0.002082,-0.0,-0.000109,-0.001582,-0.000869,-0.001798,-0.001569,-0.0,-4.3e-05,-0.003094,-0.003309,-0.005301,-2.6e-05,0.0,-0.000142,-3.4e-05,0.0,-0.000395,-0.002823,-0.005732,-0.003183,-0.0,-0.000379,-0.004757,-0.000143,-0.00191,0.0,-0.0002,-0.001383,-7.7e-05,-5e-05,-0.003655,-0.00539,0.0,-0.000134,-2.6e-05,-0.000921,-2.9e-05,-0.00286,-2.3e-05,-0.001829,-0.005891,-8.3e-05,-0.000117,-0.002471,-1.4e-05,-3.4e-05,-1.5e-05,-6.5e-05,-0.003401,-0.005023,0.0,-0.002963,-0.002429,-0.005286,-0.00526,-2.2e-05,-0.004994,-4.9e-05,-0.003968,-0.001017,-0.0,-0.000736,-0.006887,-0.004695,-0.003989,-0.003724,-0.005246,-0.0009,-0.000707,-0.000798,-3.6e-05,-0.000131,-0.002261,-0.002797,-0.004317
2017-05-26 16:59:00+02:00,-1.2e-05,0.0,-0.000226,-0.003559,-9.4e-05,-5.9e-05,-0.000273,-0.000639,-0.002552,-6.2e-05,-3.1e-05,-1.6e-05,-0.005046,-0.005319,-0.002352,-0.004508,-8.8e-05,-1.8e-05,-6.5e-05,-0.004863,0.0,-0.00485,-0.001501,-2.4e-05,-0.005384,-0.005164,-0.000452,-0.0,-0.000813,-4.5e-05,-1.6e-05,-0.003448,0.0,-0.003734,-0.004936,-1.9e-05,-0.000928,-0.00127,-1.5e-05,-0.006181,-0.000829,-2.3e-05,-0.002059,-0.0,-8.7e-05,-0.001557,-0.000856,-0.001785,-0.001547,-0.0,-3.5e-05,-0.003081,-0.0033,-0.005326,-2e-05,0.0,-0.000114,-2.7e-05,0.0,-0.000374,-0.002809,-0.00573,-0.003166,-0.0,-0.000347,-0.004761,-0.000135,-0.001896,0.0,-0.000187,-0.001364,-6.1e-05,-4e-05,-0.003646,-0.005401,0.0,-0.000107,-2e-05,-0.000903,-2.3e-05,-0.00285,-1.9e-05,-0.001802,-0.005883,-6.6e-05,-9.4e-05,-0.002473,-1.1e-05,-2.8e-05,-1.2e-05,-5.2e-05,-0.003395,-0.005044,0.0,-0.00295,-0.002397,-0.005294,-0.00527,-1.8e-05,-0.004985,-3.9e-05,-0.00396,-0.001003,-0.0,-0.000722,-0.006936,-0.004713,-0.003967,-0.003716,-0.005257,-0.000886,-0.00069,-0.00078,-2.9e-05,-0.000105,-0.002241,-0.00278,-0.004331
2017-05-26 17:00:00+02:00,-1e-05,0.0,-0.000199,-0.003533,-7.5e-05,-4.7e-05,-0.000263,-0.000626,-0.002522,-5e-05,-2.5e-05,-1.2e-05,-0.005063,-0.005321,-0.002318,-0.004493,-7e-05,-1.4e-05,-5.2e-05,-0.004847,0.0,-0.004832,-0.001477,-1.9e-05,-0.005339,-0.005153,-0.000441,-0.0,-0.000795,-3.6e-05,-1.3e-05,-0.003417,0.0,-0.003703,-0.004913,-1.5e-05,-0.000887,-0.001247,-1.2e-05,-0.006157,-0.000812,-1.9e-05,-0.002031,-0.0,-7e-05,-0.001529,-0.000841,-0.001765,-0.00152,-0.0,-2.8e-05,-0.003061,-0.003284,-0.005347,-1.6e-05,0.0,-9.1e-05,-2.2e-05,0.0,-0.000353,-0.002789,-0.005698,-0.003141,-0.0,-0.00032,-0.004747,-0.000126,-0.001876,0.0,-0.000174,-0.001345,-4.9e-05,-3.2e-05,-0.003628,-0.005386,0.0,-8.6e-05,-1.6e-05,-0.000882,-1.8e-05,-0.002832,-1.5e-05,-0.001773,-0.005845,-5.3e-05,-7.5e-05,-0.002446,-9e-06,-2.2e-05,-1e-05,-4.2e-05,-0.003379,-0.005062,0.0,-0.002932,-0.002356,-0.005282,-0.00526,-1.4e-05,-0.004951,-3.1e-05,-0.00394,-0.000986,-0.0,-0.000707,-0.00697,-0.004726,-0.003928,-0.003697,-0.005248,-0.00087,-0.000672,-0.000763,-2.3e-05,-8.4e-05,-0.002216,-0.002756,-0.00434
2017-05-26 17:01:00+02:00,-8e-06,0.0,-0.000159,-0.003485,-6e-05,-3.8e-05,-0.000251,-0.000608,-0.002461,-4e-05,-2e-05,-1e-05,-0.005074,-0.00525,-0.002214,-0.004453,-5.6e-05,-1.1e-05,-4.1e-05,-0.004779,0.0,-0.004761,-0.001443,-1.6e-05,-0.005223,-0.005117,-0.000426,-0.0,-0.000768,-2.9e-05,-1e-05,-0.003338,0.0,-0.003612,-0.00482,-1.2e-05,-0.000776,-0.001215,-1e-05,-0.006039,-0.00079,-1.5e-05,-0.00196,-0.0,-5.6e-05,-0.001482,-0.000818,-0.001724,-0.00145,-0.0,-2.2e-05,-0.00301,-0.003254,-0.005361,-1.3e-05,0.0,-7.3e-05,-1.7e-05,0.0,-0.000324,-0.00274,-0.005574,-0.003094,-0.0,-0.000256,-0.004709,-0.000115,-0.001835,0.0,-0.000157,-0.001299,-3.9e-05,-2.6e-05,-0.003575,-0.0053,0.0,-6.9e-05,-1.3e-05,-0.000851,-1.5e-05,-0.002802,-1.2e-05,-0.001724,-0.005715,-4.2e-05,-6e-05,-0.002401,-7e-06,-1.8e-05,-8e-06,-3.3e-05,-0.00335,-0.00505,0.0,-0.002899,-0.002227,-0.005245,-0.005224,-1.1e-05,-0.004837,-2.5e-05,-0.003896,-0.000951,-0.0,-0.000686,-0.006988,-0.004732,-0.0038,-0.003655,-0.005213,-0.000847,-0.000646,-0.000723,-1.9e-05,-6.7e-05,-0.002147,-0.002711,-0.004303
2017-05-26 17:02:00+02:00,-6e-06,0.0,-0.000165,-0.003513,-4.8e-05,-3e-05,-0.000257,-0.000612,-0.002447,-3.2e-05,-1.6e-05,-8e-06,-0.005045,-0.005254,-0.002203,-0.004487,-4.5e-05,-9e-06,-3.3e-05,-0.004765,0.0,-0.004745,-0.001465,-1.2e-05,-0.005211,-0.005152,-0.000429,-0.0,-0.00078,-2.3e-05,-8e-06,-0.003329,0.0,-0.003604,-0.004812,-1e-05,-0.000772,-0.001239,-8e-06,-0.00602,-0.000803,-1.2e-05,-0.001957,-0.0,-4.5e-05,-0.001516,-0.00082,-0.001706,-0.001433,-0.0,-1.8e-05,-0.002999,-0.003279,-0.00535,-1e-05,0.0,-5.8e-05,-1.4e-05,0.0,-0.000356,-0.002726,-0.005551,-0.003123,-0.0,-0.000266,-0.004743,-0.000124,-0.001816,0.0,-0.000173,-0.001295,-3.1e-05,-2.1e-05,-0.003568,-0.005296,0.0,-5.5e-05,-1e-05,-0.000879,-1.2e-05,-0.002818,-1e-05,-0.001757,-0.005687,-3.4e-05,-4.8e-05,-0.002314,-6e-06,-1.4e-05,-6e-06,-2.7e-05,-0.003373,-0.005045,0.0,-0.00293,-0.002208,-0.005279,-0.005258,-9e-06,-0.004825,-2e-05,-0.003927,-0.000942,-0.0,-0.000697,-0.006932,-0.004687,-0.00378,-0.003687,-0.005249,-0.00086,-0.000659,-0.000722,-1.5e-05,-5.5e-05,-0.002144,-0.002743,-0.004276
2017-05-26 17:03:00+02:00,-5e-06,0.0,-0.000148,-0.003496,-3.8e-05,-2.4e-05,-0.000251,-0.000601,-0.002408,-2.6e-05,-1.3e-05,-6e-06,-0.005049,-0.005217,-0.002166,-0.004469,-3.6e-05,-7e-06,-2.6e-05,-0.004717,0.0,-0.004694,-0.001447,-1e-05,-0.005146,-0.005132,-0.000419,-0.0,-0.000774,-1.8e-05,-7e-06,-0.00329,0.0,-0.003565,-0.004768,-8e-06,-0.000739,-0.001224,-6e-06,-0.005947,-0.000792,-1e-05,-0.001926,-0.0,-3.6e-05,-0.001513,-0.000808,-0.001673,-0.001399,-0.0,-1.4e-05,-0.002968,-0.003272,-0.005355,-8e-06,0.0,-4.7e-05,-1.1e-05,0.0,-0.000351,-0.002695,-0.005479,-0.003109,-0.0,-0.000251,-0.004725,-0.000121,-0.001782,0.0,-0.00017,-0.001275,-2.5e-05,-1.6e-05,-0.003539,-0.005253,0.0,-4.4e-05,-8e-06,-0.000869,-9e-06,-0.002805,-8e-06,-0.00175,-0.00561,-2.7e-05,-3.8e-05,-0.002267,-5e-06,-1.1e-05,-5e-06,-2.1e-05,-0.003363,-0.005049,0.0,-0.002928,-0.002157,-0.005257,-0.005238,-7e-06,-0.004764,-1.6e-05,-0.00391,-0.000922,-0.0,-0.000687,-0.006908,-0.004689,-0.003719,-0.003673,-0.005229,-0.000849,-0.000655,-0.000707,-1.2e-05,-4.4e-05,-0.002113,-0.002732,-0.00426
2017-05-26 17:04:00+02:00,-4e-06,0.0,-0.000127,-0.003132,-3.1e-05,-1.9e-05,-0.000224,-0.000534,-0.001574,-2e-05,-1e-05,-5e-06,-0.002304,-0.002454,-0.001912,-0.003571,-2.9e-05,-6e-06,-2.1e-05,-0.003578,0.0,-0.003552,-0.001294,-8e-06,-0.003499,-0.003571,-0.000375,-0.0,-0.000689,-1.5e-05,-5e-06,-0.002138,0.0,-0.002454,-0.002583,-6e-06,-0.000648,-0.001095,-5e-06,-0.003578,-0.000701,-8e-06,-0.001724,-0.0,-2.9e-05,-0.00136,-0.000725,-0.001385,-0.001236,-0.0,-1.1e-05,-0.002138,-0.002304,-0.002454,-7e-06,0.0,-3.7e-05,-9e-06,0.0,-0.000312,-0.001957,-0.003552,-0.00279,-0.0,-0.00022,-0.003571,-0.000107,-0.001385,0.0,-0.000149,-0.001129,-2e-05,-1.3e-05,-0.002454,-0.002583,0.0,-3.5e-05,-7e-06,-0.000778,-8e-06,-0.001957,-6e-06,-0.00157,-0.00351,-2.2e-05,-3.1e-05,-0.00121,-4e-06,-9e-06,-4e-06,-1.7e-05,-0.002138,-0.002304,0.0,-0.002583,-0.001921,-0.003531,-0.003553,-6e-06,-0.003578,-1.3e-05,-0.003514,-0.000821,-0.0,-0.000607,-0.003571,-0.002138,-0.003323,-0.003304,-0.003578,-0.000751,-0.000582,-0.000626,-9e-06,-3.6e-05,-0.001896,-0.002457,-0.001957
2017-05-26 17:05:00+02:00,-3e-06,0.0,-0.000102,-0.001669,-2.5e-05,-1.5e-05,-0.000179,-0.000427,-0.000807,-1.6e-05,-8e-06,-4e-06,-0.000891,-0.00091,-0.000927,-0.001684,-2.3e-05,-5e-06,-1.7e-05,-0.001686,0.0,-0.001681,-0.001035,-6e-06,-0.001663,-0.001684,-0.0003,-0.0,-0.000551,-1.2e-05,-4e-06,-0.000871,0.0,-0.00091,-0.000927,-5e-06,-0.000518,-0.000876,-4e-06,-0.001686,-0.000561,-6e-06,-0.001379,-0.0,-2.3e-05,-0.001088,-0.00058,-0.000787,-0.000807,-0.0,-9e-06,-0.000871,-0.000891,-0.00091,-5e-06,0.0,-3e-05,-7e-06,0.0,-0.00025,-0.000849,-0.001681,-0.001676,-0.0,-0.000176,-0.001684,-8.6e-05,-0.000787,0.0,-0.00012,-0.000849,-1.6e-05,-1.1e-05,-0.00091,-0.000927,0.0,-2.8e-05,-5e-06,-0.000622,-6e-06,-0.000849,-5e-06,-0.001256,-0.001669,-1.7e-05,-2.5e-05,-0.000769,-3e-06,-7e-06,-3e-06,-1.4e-05,-0.000871,-0.000891,0.0,-0.000927,-0.001537,-0.001676,-0.001681,-5e-06,-0.001686,-1e-05,-0.001681,-0.000657,-0.0,-0.000486,-0.001684,-0.000871,-0.001681,-0.001684,-0.001686,-0.000601,-0.000466,-0.000501,-8e-06,-2.8e-05,-0.001517,-0.001684,-0.000849
2017-05-26 17:06:00+02:00,-3e-06,0.0,-8.1e-05,-0.001335,-2e-05,-1.2e-05,-0.000143,-0.000342,-0.000646,-1.3e-05,-6e-06,-3e-06,-0.000713,-0.000728,-0.000741,-0.001347,-1.8e-05,-4e-06,-1.4e-05,-0.001349,0.0,-0.001345,-0.000828,-5e-06,-0.001331,-0.001347,-0.00024,-0.0,-0.000441,-9e-06,-3e-06,-0.000697,0.0,-0.000728,-0.000741,-4e-06,-0.000415,-0.000701,-3e-06,-0.001349,-0.000448,-5e-06,-0.001103,-0.0,-1.8e-05,-0.000871,-0.000464,-0.00063,-0.000646,-0.0,-7e-06,-0.000697,-0.000713,-0.000728,-4e-06,0.0,-2.4e-05,-6e-06,0.0,-0.0002,-0.000679,-0.001345,-0.00134,-0.0,-0.000141,-0.001347,-6.9e-05,-0.00063,0.0,-9.6e-05,-0.000679,-1.3e-05,-8e-06,-0.000728,-0.000741,0.0,-2.3e-05,-4e-06,-0.000498,-5e-06,-0.000679,-4e-06,-0.001005,-0.001335,-1.4e-05,-2e-05,-0.000615,-2e-06,-6e-06,-3e-06,-1.1e-05,-0.000697,-0.000713,0.0,-0.000741,-0.001229,-0.00134,-0.001345,-4e-06,-0.001349,-8e-06,-0.001345,-0.000525,-0.0,-0.000389,-0.001347,-0.000697,-0.001345,-0.001347,-0.001349,-0.000481,-0.000373,-0.0004,-6e-06,-2.3e-05,-0.001213,-0.001347,-0.000679
2017-05-26 17:07:00+02:00,-2e-06,0.0,-6.5e-05,-0.001068,-1.6e-05,-1e-05,-0.000115,-0.000274,-0.000517,-1e-05,-5e-06,-3e-06,-0.00057,-0.000582,-0.000593,-0.001078,-1.5e-05,-3e-06,-1.1e-05,-0.001079,0.0,-0.001076,-0.000663,-4e-06,-0.001065,-0.001078,-0.000192,-0.0,-0.000353,-8e-06,-3e-06,-0.000557,0.0,-0.000582,-0.000593,-3e-06,-0.000332,-0.000561,-3e-06,-0.001079,-0.000359,-4e-06,-0.000883,-0.0,-1.5e-05,-0.000696,-0.000371,-0.000504,-0.000517,-0.0,-6e-06,-0.000557,-0.00057,-0.000582,-3e-06,0.0,-1.9e-05,-5e-06,0.0,-0.00016,-0.000543,-0.001076,-0.001072,-0.0,-0.000113,-0.001078,-5.5e-05,-0.000504,0.0,-7.6e-05,-0.000543,-1e-05,-7e-06,-0.000582,-0.000593,0.0,-1.8e-05,-3e-06,-0.000398,-4e-06,-0.000543,-3e-06,-0.000804,-0.001068,-1.1e-05,-1.6e-05,-0.000492,-2e-06,-5e-06,-2e-06,-9e-06,-0.000557,-0.00057,0.0,-0.000593,-0.000983,-0.001072,-0.001076,-3e-06,-0.001079,-7e-06,-0.001076,-0.00042,-0.0,-0.000311,-0.001078,-0.000557,-0.001076,-0.001078,-0.001079,-0.000385,-0.000298,-0.00032,-5e-06,-1.8e-05,-0.000971,-0.001078,-0.000543
2017-05-26 17:08:00+02:00,-2e-06,0.0,-5.2e-05,-0.000854,-1.3e-05,-8e-06,-9.2e-05,-0.000219,-0.000413,-8e-06,-4e-06,-2e-06,-0.000456,-0.000466,-0.000474,-0.000862,-1.2e-05,-2e-06,-9e-06,-0.000863,0.0,-0.000861,-0.00053,-3e-06,-0.000852,-0.000862,-0.000153,-0.0,-0.000282,-6e-06,-2e-06,-0.000446,0.0,-0.000466,-0.000474,-3e-06,-0.000265,-0.000449,-2e-06,-0.000863,-0.000287,-3e-06,-0.000706,-0.0,-1.2e-05,-0.000557,-0.000297,-0.000403,-0.000413,-0.0,-5e-06,-0.000446,-0.000456,-0.000466,-3e-06,0.0,-1.5e-05,-4e-06,0.0,-0.000128,-0.000435,-0.000861,-0.000858,-0.0,-9e-05,-0.000862,-4.4e-05,-0.000403,0.0,-6.1e-05,-0.000435,-8e-06,-5e-06,-0.000466,-0.000474,0.0,-1.4e-05,-3e-06,-0.000318,-3e-06,-0.000435,-2e-06,-0.000643,-0.000854,-9e-06,-1.3e-05,-0.000394,-2e-06,-4e-06,-2e-06,-7e-06,-0.000446,-0.000456,0.0,-0.000474,-0.000787,-0.000858,-0.000861,-2e-06,-0.000863,-5e-06,-0.000861,-0.000336,-0.0,-0.000249,-0.000862,-0.000446,-0.000861,-0.000862,-0.000863,-0.000308,-0.000239,-0.000256,-4e-06,-1.5e-05,-0.000777,-0.000862,-0.000435
2017-05-26 17:09:00+02:00,-1e-06,0.0,-4.2e-05,-0.000683,-1e-05,-6e-06,-7.3e-05,-0.000175,-0.000331,-7e-06,-3e-06,-2e-06,-0.000365,-0.000373,-0.00038,-0.00069,-9e-06,-2e-06,-7e-06,-0.000691,0.0,-0.000688,-0.000424,-3e-06,-0.000681,-0.00069,-0.000123,-0.0,-0.000226,-5e-06,-2e-06,-0.000357,0.0,-0.000373,-0.00038,-2e-06,-0.000212,-0.000359,-2e-06,-0.000691,-0.00023,-3e-06,-0.000565,-0.0,-9e-06,-0.000446,-0.000238,-0.000322,-0.000331,-0.0,-4e-06,-0.000357,-0.000365,-0.000373,-2e-06,0.0,-1.2e-05,-3e-06,0.0,-0.000102,-0.000348,-0.000688,-0.000686,-0.0,-7.2e-05,-0.00069,-3.5e-05,-0.000322,0.0,-4.9e-05,-0.000348,-7e-06,-4e-06,-0.000373,-0.00038,0.0,-1.2e-05,-2e-06,-0.000255,-2e-06,-0.000348,-2e-06,-0.000515,-0.000683,-7e-06,-1e-05,-0.000315,-1e-06,-3e-06,-1e-06,-6e-06,-0.000357,-0.000365,0.0,-0.00038,-0.000629,-0.000686,-0.000688,-2e-06,-0.000691,-4e-06,-0.000688,-0.000269,-0.0,-0.000199,-0.00069,-0.000357,-0.000688,-0.00069,-0.000691,-0.000246,-0.000191,-0.000205,-3e-06,-1.2e-05,-0.000621,-0.00069,-0.000348
2017-05-26 17:10:00+02:00,-1e-06,0.0,-3.3e-05,-0.000547,-8e-06,-5e-06,-5.9e-05,-0.00014,-0.000265,-5e-06,-3e-06,-1e-06,-0.000292,-0.000298,-0.000304,-0.000552,-8e-06,-2e-06,-6e-06,-0.000552,0.0,-0.000551,-0.000339,-2e-06,-0.000545,-0.000552,-9.8e-05,-0.0,-0.000181,-4e-06,-1e-06,-0.000285,0.0,-0.000298,-0.000304,-2e-06,-0.00017,-0.000287,-1e-06,-0.000552,-0.000184,-2e-06,-0.000452,-0.0,-8e-06,-0.000357,-0.00019,-0.000258,-0.000265,-0.0,-3e-06,-0.000285,-0.000292,-0.000298,-2e-06,0.0,-1e-05,-2e-06,0.0,-8.2e-05,-0.000278,-0.000551,-0.000549,-0.0,-5.8e-05,-0.000552,-2.8e-05,-0.000258,0.0,-3.9e-05,-0.000278,-5e-06,-3e-06,-0.000298,-0.000304,0.0,-9e-06,-2e-06,-0.000204,-2e-06,-0.000278,-2e-06,-0.000412,-0.000547,-6e-06,-8e-06,-0.000252,-1e-06,-2e-06,-1e-06,-4e-06,-0.000285,-0.000292,0.0,-0.000304,-0.000504,-0.000549,-0.000551,-2e-06,-0.000552,-3e-06,-0.000551,-0.000215,-0.0,-0.000159,-0.000552,-0.000285,-0.000551,-0.000552,-0.000552,-0.000197,-0.000153,-0.000164,-2e-06,-9e-06,-0.000497,-0.000552,-0.000278
2017-05-26 17:11:00+02:00,-1e-06,0.0,-2.7e-05,-0.000437,-6e-06,-4e-06,-4.7e-05,-0.000112,-0.000212,-4e-06,-2e-06,-1e-06,-0.000234,-0.000239,-0.000243,-0.000442,-6e-06,-1e-06,-4e-06,-0.000442,0.0,-0.000441,-0.000271,-2e-06,-0.000436,-0.000442,-7.9e-05,-0.0,-0.000144,-3e-06,-1e-06,-0.000228,0.0,-0.000239,-0.000243,-1e-06,-0.000136,-0.00023,-1e-06,-0.000442,-0.000147,-2e-06,-0.000362,-0.0,-6e-06,-0.000285,-0.000152,-0.000206,-0.000212,-0.0,-2e-06,-0.000228,-0.000234,-0.000239,-1e-06,0.0,-8e-06,-2e-06,0.0,-6.6e-05,-0.000223,-0.000441,-0.000439,-0.0,-4.6e-05,-0.000442,-2.2e-05,-0.000206,0.0,-3.1e-05,-0.000223,-4e-06,-3e-06,-0.000239,-0.000243,0.0,-7e-06,-1e-06,-0.000163,-2e-06,-0.000223,-1e-06,-0.000329,-0.000437,-5e-06,-6e-06,-0.000202,-1e-06,-2e-06,-1e-06,-4e-06,-0.000228,-0.000234,0.0,-0.000243,-0.000403,-0.000439,-0.000441,-1e-06,-0.000442,-3e-06,-0.000441,-0.000172,-0.0,-0.000127,-0.000442,-0.000228,-0.000441,-0.000442,-0.000442,-0.000158,-0.000122,-0.000131,-2e-06,-7e-06,-0.000398,-0.000442,-0.000223
2017-05-26 17:12:00+02:00,-1e-06,0.0,-2.1e-05,-0.00035,-5e-06,-3e-06,-3.8e-05,-9e-05,-0.000169,-3e-06,-2e-06,-1e-06,-0.000187,-0.000191,-0.000194,-0.000353,-5e-06,-1e-06,-4e-06,-0.000354,0.0,-0.000352,-0.000217,-1e-06,-0.000349,-0.000353,-6.3e-05,-0.0,-0.000116,-2e-06,-1e-06,-0.000183,0.0,-0.000191,-0.000194,-1e-06,-0.000109,-0.000184,-1e-06,-0.000354,-0.000118,-1e-06,-0.000289,-0.0,-5e-06,-0.000228,-0.000122,-0.000165,-0.000169,-0.0,-2e-06,-0.000183,-0.000187,-0.000191,-1e-06,0.0,-6e-06,-1e-06,0.0,-5.2e-05,-0.000178,-0.000352,-0.000351,-0.0,-3.7e-05,-0.000353,-1.8e-05,-0.000165,0.0,-2.5e-05,-0.000178,-3e-06,-2e-06,-0.000191,-0.000194,0.0,-6e-06,-1e-06,-0.00013,-1e-06,-0.000178,-1e-06,-0.000263,-0.00035,-4e-06,-5e-06,-0.000161,-1e-06,-2e-06,-1e-06,-3e-06,-0.000183,-0.000187,0.0,-0.000194,-0.000322,-0.000351,-0.000352,-1e-06,-0.000354,-2e-06,-0.000352,-0.000138,-0.0,-0.000102,-0.000353,-0.000183,-0.000352,-0.000353,-0.000354,-0.000126,-9.8e-05,-0.000105,-2e-06,-6e-06,-0.000318,-0.000353,-0.000178
2017-05-26 17:13:00+02:00,-1e-06,0.0,-1.7e-05,-0.00028,-4e-06,-3e-06,-3e-05,-7.2e-05,-0.000135,-3e-06,-1e-06,-1e-06,-0.000149,-0.000153,-0.000155,-0.000283,-4e-06,-1e-06,-3e-06,-0.000283,0.0,-0.000282,-0.000174,-1e-06,-0.000279,-0.000283,-5e-05,-0.0,-9.2e-05,-2e-06,-1e-06,-0.000146,0.0,-0.000153,-0.000155,-1e-06,-8.7e-05,-0.000147,-1e-06,-0.000283,-9.4e-05,-1e-06,-0.000231,-0.0,-4e-06,-0.000183,-9.7e-05,-0.000132,-0.000135,-0.0,-2e-06,-0.000146,-0.000149,-0.000153,-1e-06,0.0,-5e-06,-1e-06,0.0,-4.2e-05,-0.000142,-0.000282,-0.000281,-0.0,-3e-05,-0.000283,-1.4e-05,-0.000132,0.0,-2e-05,-0.000142,-3e-06,-2e-06,-0.000153,-0.000155,0.0,-5e-06,-1e-06,-0.000104,-1e-06,-0.000142,-1e-06,-0.000211,-0.00028,-3e-06,-4e-06,-0.000129,-0.0,-1e-06,-1e-06,-2e-06,-0.000146,-0.000149,0.0,-0.000155,-0.000258,-0.000281,-0.000282,-1e-06,-0.000283,-2e-06,-0.000282,-0.00011,-0.0,-8.2e-05,-0.000283,-0.000146,-0.000282,-0.000283,-0.000283,-0.000101,-7.8e-05,-8.4e-05,-1e-06,-5e-06,-0.000254,-0.000283,-0.000142
2017-05-26 17:14:00+02:00,-0.0,0.0,-1.4e-05,-0.000224,-3e-06,-2e-06,-2.4e-05,-5.7e-05,-0.000108,-2e-06,-1e-06,-1e-06,-0.00012,-0.000122,-0.000124,-0.000226,-3e-06,-1e-06,-2e-06,-0.000226,0.0,-0.000226,-0.000139,-1e-06,-0.000223,-0.000226,-4e-05,-0.0,-7.4e-05,-2e-06,-1e-06,-0.000117,0.0,-0.000122,-0.000124,-1e-06,-7e-05,-0.000118,-1e-06,-0.000226,-7.5e-05,-1e-06,-0.000185,-0.0,-3e-06,-0.000146,-7.8e-05,-0.000106,-0.000108,-0.0,-1e-06,-0.000117,-0.00012,-0.000122,-1e-06,0.0,-4e-06,-1e-06,0.0,-3.4e-05,-0.000114,-0.000226,-0.000225,-0.0,-2.4e-05,-0.000226,-1.1e-05,-0.000106,0.0,-1.6e-05,-0.000114,-2e-06,-1e-06,-0.000122,-0.000124,0.0,-4e-06,-1e-06,-8.3e-05,-1e-06,-0.000114,-1e-06,-0.000169,-0.000224,-2e-06,-3e-06,-0.000103,-0.0,-1e-06,-0.0,-2e-06,-0.000117,-0.00012,0.0,-0.000124,-0.000206,-0.000225,-0.000226,-1e-06,-0.000226,-1e-06,-0.000226,-8.8e-05,-0.0,-6.5e-05,-0.000226,-0.000117,-0.000226,-0.000226,-0.000226,-8.1e-05,-6.3e-05,-6.7e-05,-1e-06,-4e-06,-0.000204,-0.000226,-0.000114
2017-05-26 17:15:00+02:00,-0.0,0.0,-1.1e-05,-0.000179,-3e-06,-2e-06,-1.9e-05,-4.6e-05,-8.7e-05,-2e-06,-1e-06,-0.0,-9.6e-05,-9.8e-05,-0.0001,-0.000181,-2e-06,-0.0,-2e-06,-0.000181,0.0,-0.00018,-0.000111,-1e-06,-0.000179,-0.000181,-3.2e-05,-0.0,-5.9e-05,-1e-06,-0.0,-9.4e-05,0.0,-9.8e-05,-0.0001,-1e-06,-5.6e-05,-9.4e-05,-0.0,-0.000181,-6e-05,-1e-06,-0.000148,-0.0,-2e-06,-0.000117,-6.2e-05,-8.5e-05,-8.7e-05,-0.0,-1e-06,-9.4e-05,-9.6e-05,-9.8e-05,-1e-06,0.0,-3e-06,-1e-06,0.0,-2.7e-05,-9.1e-05,-0.00018,-0.00018,-0.0,-1.9e-05,-0.000181,-9e-06,-8.5e-05,0.0,-1.3e-05,-9.1e-05,-2e-06,-1e-06,-9.8e-05,-0.0001,0.0,-3e-06,-1e-06,-6.7e-05,-1e-06,-9.1e-05,-1e-06,-0.000135,-0.000179,-2e-06,-3e-06,-8.3e-05,-0.0,-1e-06,-0.0,-1e-06,-9.4e-05,-9.6e-05,0.0,-0.0001,-0.000165,-0.00018,-0.00018,-0.0,-0.000181,-1e-06,-0.00018,-7.1e-05,-0.0,-5.2e-05,-0.000181,-9.4e-05,-0.00018,-0.000181,-0.000181,-6.5e-05,-5e-05,-5.4e-05,-1e-06,-3e-06,-0.000163,-0.000181,-9.1e-05
2017-05-26 17:16:00+02:00,-0.0,0.0,-9e-06,-0.000143,-2e-06,-1e-06,-1.5e-05,-3.7e-05,-6.9e-05,-1e-06,-1e-06,-0.0,-7.7e-05,-7.8e-05,-8e-05,-0.000145,-2e-06,-0.0,-1e-06,-0.000145,0.0,-0.000144,-8.9e-05,-1e-06,-0.000143,-0.000145,-2.6e-05,-0.0,-4.7e-05,-1e-06,-0.0,-7.5e-05,0.0,-7.8e-05,-8e-05,-0.0,-4.5e-05,-7.5e-05,-0.0,-0.000145,-4.8e-05,-1e-06,-0.000118,-0.0,-2e-06,-9.3e-05,-5e-05,-6.8e-05,-6.9e-05,-0.0,-1e-06,-7.5e-05,-7.7e-05,-7.8e-05,-0.0,0.0,-3e-06,-1e-06,0.0,-2.1e-05,-7.3e-05,-0.000144,-0.000144,-0.0,-1.5e-05,-0.000145,-7e-06,-6.8e-05,0.0,-1e-05,-7.3e-05,-1e-06,-1e-06,-7.8e-05,-8e-05,0.0,-2e-06,-0.0,-5.3e-05,-1e-06,-7.3e-05,-0.0,-0.000108,-0.000143,-1e-06,-2e-06,-6.6e-05,-0.0,-1e-06,-0.0,-1e-06,-7.5e-05,-7.7e-05,0.0,-8e-05,-0.000132,-0.000144,-0.000144,-0.0,-0.000145,-1e-06,-0.000144,-5.6e-05,-0.0,-4.2e-05,-0.000145,-7.5e-05,-0.000144,-0.000145,-0.000145,-5.2e-05,-4e-05,-4.3e-05,-1e-06,-2e-06,-0.00013,-0.000145,-7.3e-05
2017-05-26 17:17:00+02:00,-0.0,0.0,-7e-06,-0.000167,-2e-06,-1e-06,-1.2e-05,-2.9e-05,-0.000115,-1e-06,-1e-06,-0.0,-0.000248,-0.000236,-7.2e-05,-0.000228,-2e-06,-0.0,-1e-06,-0.000116,0.0,-0.000116,-7.1e-05,-0.0,-0.000256,-0.000266,-2.1e-05,-0.0,-3.8e-05,-1e-06,-0.0,-0.000143,0.0,-0.000151,-0.000211,-0.0,-3.6e-05,-6e-05,-0.0,-0.000309,-3.9e-05,-0.0,-9.5e-05,-0.0,-2e-06,-7.5e-05,-4e-05,-5.4e-05,-6.4e-05,-0.0,-1e-06,-6e-05,-0.000137,-0.000262,-0.0,0.0,-2e-06,-0.0,0.0,-1.7e-05,-5.8e-05,-0.000281,-0.000149,-0.0,-1.2e-05,-0.000242,-6e-06,-5.4e-05,0.0,-8e-06,-5.8e-05,-1e-06,-1e-06,-6.3e-05,-0.000236,0.0,-2e-06,-0.0,-4.3e-05,-0.0,-0.000121,-0.0,-8.6e-05,-0.000279,-1e-06,-2e-06,-0.000124,-0.0,-0.0,-0.0,-1e-06,-0.000145,-0.000237,0.0,-0.000114,-0.000106,-0.000267,-0.000269,-0.0,-0.000247,-1e-06,-0.000195,-4.5e-05,-0.0,-3.3e-05,-0.000392,-0.000225,-0.000183,-0.000183,-0.000272,-4.1e-05,-3.2e-05,-3.4e-05,-1e-06,-2e-06,-0.000104,-0.000132,-0.000197
2017-05-26 17:18:00+02:00,-0.0,0.0,-5.1e-05,-0.000305,-1.3e-05,-8e-06,-2.3e-05,-4.4e-05,-0.000202,-2.7e-05,-7e-06,-0.0,-0.000377,-0.000362,-0.000153,-0.000391,-2.7e-05,-0.0,-1.4e-05,-0.000264,0.0,-0.000261,-0.000103,-0.0,-0.000442,-0.000444,-3.2e-05,-0.0,-8.2e-05,-1e-05,-0.0,-0.00024,0.0,-0.000252,-0.00033,-0.0,-0.000125,-8.7e-05,-0.0,-0.00052,-5.1e-05,-0.0,-0.000169,-0.0,-1.1e-05,-0.000172,-8.8e-05,-0.000108,-0.000126,-0.0,-1e-06,-0.000132,-0.000225,-0.000396,-0.0,0.0,-3.8e-05,-0.0,0.0,-4.2e-05,-0.000126,-0.00048,-0.000281,-0.0,-5.7e-05,-0.000412,-1.6e-05,-0.000111,0.0,-1.9e-05,-9.6e-05,-2.5e-05,-1e-05,-0.000146,-0.000362,0.0,-5.6e-05,-0.0,-7e-05,-0.0,-0.000202,-0.0,-0.000187,-0.000475,-1e-06,-3.1e-05,-0.000226,-0.0,-9e-06,-0.0,-5e-06,-0.000235,-0.000363,0.0,-0.000199,-0.000228,-0.000445,-0.000449,-0.0,-0.000433,-1.4e-05,-0.000345,-8e-05,-0.0,-4.5e-05,-0.000637,-0.000348,-0.000342,-0.000329,-0.000453,-5.6e-05,-7.4e-05,-6.4e-05,-0.0,-1.9e-05,-0.000183,-0.000257,-0.000313
2017-05-26 17:19:00+02:00,-0.0,0.0,-4.1e-05,-0.000244,-1.1e-05,-6e-06,-1.9e-05,-3.5e-05,-0.000162,-2.2e-05,-6e-06,-0.0,-0.000302,-0.000289,-0.000123,-0.000313,-2.1e-05,-0.0,-1.1e-05,-0.000211,0.0,-0.000209,-8.3e-05,-0.0,-0.000354,-0.000355,-2.6e-05,-0.0,-6.6e-05,-8e-06,-0.0,-0.000192,0.0,-0.000202,-0.000264,-0.0,-0.0001,-7e-05,-0.0,-0.000416,-4.1e-05,-0.0,-0.000135,-0.0,-9e-06,-0.000138,-7.1e-05,-8.6e-05,-0.000101,-0.0,-1e-06,-0.000106,-0.00018,-0.000317,-0.0,0.0,-3.1e-05,-0.0,0.0,-3.4e-05,-0.000101,-0.000384,-0.000225,-0.0,-4.6e-05,-0.000329,-1.3e-05,-8.8e-05,0.0,-1.6e-05,-7.7e-05,-2e-05,-8e-06,-0.000117,-0.00029,0.0,-4.4e-05,-0.0,-5.6e-05,-0.0,-0.000162,-0.0,-0.00015,-0.00038,-1e-06,-2.5e-05,-0.00018,-0.0,-7e-06,-0.0,-4e-06,-0.000188,-0.000291,0.0,-0.000159,-0.000182,-0.000356,-0.000359,-0.0,-0.000346,-1.1e-05,-0.000276,-6.4e-05,-0.0,-3.6e-05,-0.00051,-0.000279,-0.000274,-0.000263,-0.000362,-4.4e-05,-5.9e-05,-5.1e-05,-0.0,-1.6e-05,-0.000146,-0.000206,-0.00025
2017-05-26 17:20:00+02:00,-0.0,0.0,-3.3e-05,-0.000195,-9e-06,-5e-06,-1.5e-05,-2.8e-05,-0.000129,-1.7e-05,-5e-06,-0.0,-0.000242,-0.000231,-9.8e-05,-0.000251,-1.7e-05,-0.0,-9e-06,-0.000169,0.0,-0.000167,-6.6e-05,-0.0,-0.000283,-0.000284,-2.1e-05,-0.0,-5.2e-05,-7e-06,-0.0,-0.000154,0.0,-0.000161,-0.000211,-0.0,-8e-05,-5.6e-05,-0.0,-0.000333,-3.3e-05,-0.0,-0.000108,-0.0,-7e-06,-0.00011,-5.7e-05,-6.9e-05,-8.1e-05,-0.0,-1e-06,-8.5e-05,-0.000144,-0.000253,-0.0,0.0,-2.5e-05,-0.0,0.0,-2.7e-05,-8.1e-05,-0.000307,-0.00018,-0.0,-3.7e-05,-0.000264,-1e-05,-7.1e-05,0.0,-1.2e-05,-6.1e-05,-1.6e-05,-7e-06,-9.3e-05,-0.000232,0.0,-3.6e-05,-0.0,-4.5e-05,-0.0,-0.00013,-0.0,-0.00012,-0.000304,-1e-06,-2e-05,-0.000144,-0.0,-6e-06,-0.0,-3e-06,-0.00015,-0.000233,0.0,-0.000127,-0.000146,-0.000285,-0.000287,-0.0,-0.000277,-9e-06,-0.000221,-5.1e-05,-0.0,-2.9e-05,-0.000408,-0.000223,-0.000219,-0.000211,-0.00029,-3.6e-05,-4.7e-05,-4.1e-05,-0.0,-1.2e-05,-0.000117,-0.000165,-0.0002
2017-05-26 17:21:00+02:00,-0.0,0.0,-2.6e-05,-0.000156,-7e-06,-4e-06,-1.2e-05,-2.2e-05,-0.000103,-1.4e-05,-4e-06,-0.0,-0.000193,-0.000185,-7.9e-05,-0.0002,-1.4e-05,-0.0,-7e-06,-0.000135,0.0,-0.000134,-5.3e-05,-0.0,-0.000226,-0.000227,-1.7e-05,-0.0,-4.2e-05,-5e-06,-0.0,-0.000123,0.0,-0.000129,-0.000169,-0.0,-6.4e-05,-4.5e-05,-0.0,-0.000266,-2.6e-05,-0.0,-8.6e-05,-0.0,-5e-06,-8.8e-05,-4.5e-05,-5.5e-05,-6.5e-05,-0.0,-1e-06,-6.8e-05,-0.000115,-0.000203,-0.0,0.0,-2e-05,-0.0,0.0,-2.2e-05,-6.5e-05,-0.000246,-0.000144,-0.0,-2.9e-05,-0.000211,-8e-06,-5.7e-05,0.0,-1e-05,-4.9e-05,-1.3e-05,-5e-06,-7.5e-05,-0.000186,0.0,-2.8e-05,-0.0,-3.6e-05,-0.0,-0.000104,-0.0,-9.6e-05,-0.000243,-0.0,-1.6e-05,-0.000115,-0.0,-5e-06,-0.0,-3e-06,-0.00012,-0.000186,0.0,-0.000102,-0.000117,-0.000228,-0.00023,-0.0,-0.000222,-7e-06,-0.000177,-4.1e-05,-0.0,-2.3e-05,-0.000326,-0.000178,-0.000175,-0.000168,-0.000232,-2.8e-05,-3.8e-05,-3.3e-05,-0.0,-1e-05,-9.4e-05,-0.000132,-0.00016
2017-05-26 17:22:00+02:00,-0.0,0.0,-2.1e-05,-0.000165,-5e-06,-3e-06,-1e-05,-1.8e-05,-0.00012,-1.1e-05,-3e-06,-0.0,-0.00028,-0.000263,-6.3e-05,-0.000247,-1.1e-05,-0.0,-6e-06,-0.000108,0.0,-0.000107,-4.2e-05,-0.0,-0.000271,-0.000298,-1.3e-05,-0.0,-3.4e-05,-4e-06,-0.0,-0.00015,0.0,-0.000157,-0.000232,-0.0,-5.1e-05,-3.6e-05,-0.0,-0.000347,-2.1e-05,-0.0,-6.9e-05,-0.0,-4e-06,-7.1e-05,-3.6e-05,-4.4e-05,-5.3e-05,-0.0,-1e-06,-5.4e-05,-0.000148,-0.000297,-0.0,0.0,-1.6e-05,-0.0,0.0,-1.7e-05,-5.2e-05,-0.000309,-0.000142,-0.0,-2.4e-05,-0.000267,-7e-06,-4.5e-05,0.0,-8e-06,-3.9e-05,-1e-05,-4e-06,-6e-05,-0.000263,0.0,-2.3e-05,-0.0,-2.9e-05,-0.0,-0.000129,-0.0,-7.7e-05,-0.000306,-0.0,-1.3e-05,-0.000144,-0.0,-4e-06,-0.0,-2e-06,-0.000159,-0.000266,0.0,-0.000119,-9.3e-05,-0.000298,-0.000302,-0.0,-0.000262,-6e-06,-0.000203,-3.3e-05,-0.0,-1.9e-05,-0.000456,-0.000254,-0.000179,-0.000187,-0.000306,-2.3e-05,-3e-05,-2.6e-05,-0.0,-8e-06,-7.5e-05,-0.000118,-0.000221
2017-05-26 17:23:00+02:00,-0.0,0.0,-1.7e-05,-0.000172,-4e-06,-3e-06,-8e-06,-1.4e-05,-0.000128,-9e-06,-2e-06,-0.0,-0.000289,-0.000269,-6e-05,-0.000262,-9e-06,-0.0,-4e-06,-0.00011,0.0,-0.000109,-3.4e-05,-0.0,-0.000284,-0.000318,-1.1e-05,-0.0,-2.7e-05,-3e-06,-0.0,-0.000154,0.0,-0.000159,-0.000235,-0.0,-4.1e-05,-2.8e-05,-0.0,-0.000366,-1.7e-05,-0.0,-5.5e-05,-0.0,-4e-06,-5.6e-05,-3.6e-05,-4e-05,-5.2e-05,-0.0,-0.0,-5.2e-05,-0.000153,-0.000304,-0.0,0.0,-1.3e-05,-0.0,0.0,-1.4e-05,-4.9e-05,-0.000326,-0.000145,-0.0,-1.9e-05,-0.000284,-5e-06,-4.3e-05,0.0,-6e-06,-3.1e-05,-8e-06,-3e-06,-5.9e-05,-0.000267,0.0,-1.8e-05,-0.0,-2.3e-05,-0.0,-0.000136,-0.0,-6.3e-05,-0.000322,-0.0,-1e-05,-0.000163,-0.0,-3e-06,-0.0,-2e-06,-0.000166,-0.000275,0.0,-0.00012,-7.9e-05,-0.00032,-0.000323,-0.0,-0.000274,-5e-06,-0.000214,-2.6e-05,-0.0,-1.5e-05,-0.000487,-0.000264,-0.000183,-0.000196,-0.000327,-1.8e-05,-2.4e-05,-2.1e-05,-0.0,-6e-06,-6e-05,-0.000119,-0.000232
2017-05-26 17:24:00+02:00,-0.0,0.0,-1.3e-05,-0.000138,-4e-06,-2e-06,-6e-06,-1.1e-05,-0.000102,-7e-06,-2e-06,-0.0,-0.000232,-0.000215,-4.8e-05,-0.00021,-7e-06,-0.0,-4e-06,-8.8e-05,0.0,-8.7e-05,-2.7e-05,-0.0,-0.000227,-0.000255,-8e-06,-0.0,-2.1e-05,-3e-06,-0.0,-0.000123,0.0,-0.000127,-0.000188,-0.0,-3.3e-05,-2.3e-05,-0.0,-0.000293,-1.3e-05,-0.0,-4.4e-05,-0.0,-3e-06,-4.5e-05,-2.9e-05,-3.2e-05,-4.2e-05,-0.0,-0.0,-4.1e-05,-0.000123,-0.000243,-0.0,0.0,-1e-05,-0.0,0.0,-1.1e-05,-3.9e-05,-0.00026,-0.000116,-0.0,-1.5e-05,-0.000227,-4e-06,-3.4e-05,0.0,-5e-06,-2.5e-05,-7e-06,-3e-06,-4.7e-05,-0.000214,0.0,-1.5e-05,-0.0,-1.8e-05,-0.0,-0.000109,-0.0,-5e-05,-0.000258,-0.0,-8e-06,-0.000131,-0.0,-2e-06,-0.0,-1e-06,-0.000133,-0.00022,0.0,-9.6e-05,-6.4e-05,-0.000256,-0.000258,-0.0,-0.000219,-4e-06,-0.000171,-2.1e-05,-0.0,-1.2e-05,-0.000389,-0.000211,-0.000146,-0.000156,-0.000261,-1.5e-05,-1.9e-05,-1.7e-05,-0.0,-5e-06,-4.8e-05,-9.5e-05,-0.000186
2017-05-26 17:25:00+02:00,-0.0,0.0,-1.1e-05,-0.00011,-3e-06,-2e-06,-5e-06,-9e-06,-8.2e-05,-6e-06,-2e-06,-0.0,-0.000185,-0.000172,-3.8e-05,-0.000168,-6e-06,-0.0,-3e-06,-7.1e-05,0.0,-6.9e-05,-2.2e-05,-0.0,-0.000182,-0.000204,-7e-06,-0.0,-1.7e-05,-2e-06,-0.0,-9.8e-05,0.0,-0.000102,-0.000151,-0.0,-2.6e-05,-1.8e-05,-0.0,-0.000235,-1.1e-05,-0.0,-3.5e-05,-0.0,-2e-06,-3.6e-05,-2.3e-05,-2.6e-05,-3.3e-05,-0.0,-0.0,-3.3e-05,-9.8e-05,-0.000195,-0.0,0.0,-8e-06,-0.0,0.0,-9e-06,-3.2e-05,-0.000208,-9.3e-05,-0.0,-1.2e-05,-0.000182,-3e-06,-2.7e-05,0.0,-4e-06,-2e-05,-5e-06,-2e-06,-3.8e-05,-0.000171,0.0,-1.2e-05,-0.0,-1.5e-05,-0.0,-8.7e-05,-0.0,-4e-05,-0.000206,-0.0,-6e-06,-0.000104,-0.0,-2e-06,-0.0,-1e-06,-0.000106,-0.000176,0.0,-7.7e-05,-5.1e-05,-0.000205,-0.000207,-0.0,-0.000175,-3e-06,-0.000137,-1.7e-05,-0.0,-9e-06,-0.000311,-0.000169,-0.000117,-0.000125,-0.000209,-1.2e-05,-1.5e-05,-1.3e-05,-0.0,-4e-06,-3.8e-05,-7.6e-05,-0.000149
2017-05-26 17:26:00+02:00,-0.0,0.0,-9e-06,-8.8e-05,-2e-06,-1e-06,-4e-06,-7e-06,-6.6e-05,-5e-06,-1e-06,-0.0,-0.000148,-0.000138,-3.1e-05,-0.000134,-4e-06,-0.0,-2e-06,-5.6e-05,0.0,-5.6e-05,-1.7e-05,-0.0,-0.000146,-0.000163,-5e-06,-0.0,-1.4e-05,-2e-06,-0.0,-7.9e-05,0.0,-8.2e-05,-0.000121,-0.0,-2.1e-05,-1.5e-05,-0.0,-0.000188,-9e-06,-0.0,-2.8e-05,-0.0,-2e-06,-2.9e-05,-1.8e-05,-2e-05,-2.7e-05,-0.0,-0.0,-2.7e-05,-7.8e-05,-0.000156,-0.0,0.0,-6e-06,-0.0,0.0,-7e-06,-2.5e-05,-0.000167,-7.4e-05,-0.0,-1e-05,-0.000145,-3e-06,-2.2e-05,0.0,-3e-06,-1.6e-05,-4e-06,-2e-06,-3e-05,-0.000137,0.0,-9e-06,-0.0,-1.2e-05,-0.0,-7e-05,-0.0,-3.2e-05,-0.000165,-0.0,-5e-06,-8.4e-05,-0.0,-2e-06,-0.0,-1e-06,-8.5e-05,-0.000141,0.0,-6.2e-05,-4.1e-05,-0.000164,-0.000165,-0.0,-0.00014,-2e-06,-0.000109,-1.3e-05,-0.0,-8e-06,-0.000249,-0.000135,-9.3e-05,-0.0001,-0.000167,-9e-06,-1.2e-05,-1.1e-05,-0.0,-3e-06,-3.1e-05,-6.1e-05,-0.000119
2017-05-26 17:27:00+02:00,-0.0,0.0,-7e-06,-7e-05,-2e-06,-1e-06,-3e-06,-6e-06,-5.2e-05,-4e-06,-1e-06,-0.0,-0.000119,-0.00011,-2.4e-05,-0.000107,-4e-06,-0.0,-2e-06,-4.5e-05,0.0,-4.4e-05,-1.4e-05,-0.0,-0.000116,-0.00013,-4e-06,-0.0,-1.1e-05,-1e-06,-0.0,-6.3e-05,0.0,-6.5e-05,-9.6e-05,-0.0,-1.7e-05,-1.2e-05,-0.0,-0.00015,-7e-06,-0.0,-2.3e-05,-0.0,-1e-06,-2.3e-05,-1.5e-05,-1.6e-05,-2.1e-05,-0.0,-0.0,-2.1e-05,-6.3e-05,-0.000125,-0.0,0.0,-5e-06,-0.0,0.0,-6e-06,-2e-05,-0.000133,-6e-05,-0.0,-8e-06,-0.000116,-2e-06,-1.8e-05,0.0,-3e-06,-1.3e-05,-3e-06,-1e-06,-2.4e-05,-0.000109,0.0,-7e-06,-0.0,-9e-06,-0.0,-5.6e-05,-0.0,-2.6e-05,-0.000132,-0.0,-4e-06,-6.7e-05,-0.0,-1e-06,-0.0,-1e-06,-6.8e-05,-0.000112,0.0,-4.9e-05,-3.3e-05,-0.000131,-0.000132,-0.0,-0.000112,-2e-06,-8.8e-05,-1.1e-05,-0.0,-6e-06,-0.000199,-0.000108,-7.5e-05,-8e-05,-0.000134,-7e-06,-1e-05,-9e-06,-0.0,-3e-06,-2.5e-05,-4.9e-05,-9.5e-05
2017-05-26 17:28:00+02:00,-0.0,0.0,-5e-06,-5.6e-05,-1e-06,-1e-06,-3e-06,-5e-06,-4.2e-05,-3e-06,-1e-06,-0.0,-9.5e-05,-8.8e-05,-2e-05,-8.6e-05,-3e-06,-0.0,-1e-06,-3.6e-05,0.0,-3.6e-05,-1.1e-05,-0.0,-9.3e-05,-0.000104,-3e-06,-0.0,-9e-06,-1e-06,-0.0,-5e-05,0.0,-5.2e-05,-7.7e-05,-0.0,-1.3e-05,-9e-06,-0.0,-0.00012,-5e-06,-0.0,-1.8e-05,-0.0,-1e-06,-1.9e-05,-1.2e-05,-1.3e-05,-1.7e-05,-0.0,-0.0,-1.7e-05,-5e-05,-0.0001,-0.0,0.0,-4e-06,-0.0,0.0,-5e-06,-1.6e-05,-0.000107,-4.8e-05,-0.0,-6e-06,-9.3e-05,-2e-06,-1.4e-05,0.0,-2e-06,-1e-05,-3e-06,-1e-06,-1.9e-05,-8.8e-05,0.0,-6e-06,-0.0,-7e-06,-0.0,-4.5e-05,-0.0,-2.1e-05,-0.000106,-0.0,-3e-06,-5.3e-05,-0.0,-1e-06,-0.0,-1e-06,-5.4e-05,-9e-05,0.0,-3.9e-05,-2.6e-05,-0.000105,-0.000106,-0.0,-9e-05,-2e-06,-7e-05,-9e-06,-0.0,-5e-06,-0.000159,-8.7e-05,-6e-05,-6.4e-05,-0.000107,-6e-06,-8e-06,-7e-06,-0.0,-2e-06,-2e-05,-3.9e-05,-7.6e-05
2017-05-26 17:29:00+02:00,-0.0,0.0,-4e-06,-4.5e-05,-1e-06,-1e-06,-2e-06,-4e-06,-3.4e-05,-2e-06,-1e-06,-0.0,-7.6e-05,-7.1e-05,-1.6e-05,-6.9e-05,-2e-06,-0.0,-1e-06,-2.9e-05,0.0,-2.8e-05,-9e-06,-0.0,-7.5e-05,-8.3e-05,-3e-06,-0.0,-7e-06,-1e-06,-0.0,-4e-05,0.0,-4.2e-05,-6.2e-05,-0.0,-1.1e-05,-7e-06,-0.0,-9.6e-05,-4e-06,-0.0,-1.5e-05,-0.0,-1e-06,-1.5e-05,-9e-06,-1e-05,-1.4e-05,-0.0,-0.0,-1.4e-05,-4e-05,-8e-05,-0.0,0.0,-3e-06,-0.0,0.0,-4e-06,-1.3e-05,-8.5e-05,-3.8e-05,-0.0,-5e-06,-7.4e-05,-1e-06,-1.1e-05,0.0,-2e-06,-8e-06,-2e-06,-1e-06,-1.6e-05,-7e-05,0.0,-5e-06,-0.0,-6e-06,-0.0,-3.6e-05,-0.0,-1.7e-05,-8.5e-05,-0.0,-3e-06,-4.3e-05,-0.0,-1e-06,-0.0,-0.0,-4.4e-05,-7.2e-05,0.0,-3.2e-05,-2.1e-05,-8.4e-05,-8.5e-05,-0.0,-7.2e-05,-1e-06,-5.6e-05,-7e-06,-0.0,-4e-06,-0.000128,-6.9e-05,-4.8e-05,-5.1e-05,-8.6e-05,-5e-06,-6e-06,-5e-06,-0.0,-2e-06,-1.6e-05,-3.1e-05,-6.1e-05
2017-05-26 17:30:00+02:00,-0.0,0.0,-4e-06,-3.6e-05,-1e-06,-1e-06,-2e-06,-3e-06,-2.7e-05,-2e-06,-1e-06,-0.0,-6.1e-05,-5.6e-05,-1.3e-05,-5.5e-05,-2e-06,-0.0,-1e-06,-2.3e-05,0.0,-2.3e-05,-7e-06,-0.0,-6e-05,-6.7e-05,-2e-06,-0.0,-6e-06,-1e-06,-0.0,-3.2e-05,0.0,-3.3e-05,-4.9e-05,-0.0,-9e-06,-6e-06,-0.0,-7.7e-05,-3e-06,-0.0,-1.2e-05,-0.0,-1e-06,-1.2e-05,-7e-06,-8e-06,-1.1e-05,-0.0,-0.0,-1.1e-05,-3.2e-05,-6.4e-05,-0.0,0.0,-3e-06,-0.0,0.0,-3e-06,-1e-05,-6.8e-05,-3e-05,-0.0,-4e-06,-6e-05,-1e-06,-9e-06,0.0,-1e-06,-7e-06,-2e-06,-1e-06,-1.2e-05,-5.6e-05,0.0,-4e-06,-0.0,-5e-06,-0.0,-2.8e-05,-0.0,-1.3e-05,-6.8e-05,-0.0,-2e-06,-3.4e-05,-0.0,-1e-06,-0.0,-0.0,-3.5e-05,-5.8e-05,0.0,-2.5e-05,-1.7e-05,-6.7e-05,-6.8e-05,-0.0,-5.7e-05,-1e-06,-4.5e-05,-5e-06,-0.0,-3e-06,-0.000102,-5.5e-05,-3.8e-05,-4.1e-05,-6.9e-05,-4e-06,-5e-06,-4e-06,-0.0,-1e-06,-1.3e-05,-2.5e-05,-4.9e-05
2017-05-26 17:31:00+02:00,-0.0,0.0,-3e-06,-2.9e-05,-1e-06,-0.0,-1e-06,-2e-06,-2.1e-05,-1e-06,-0.0,-0.0,-4.9e-05,-4.5e-05,-1e-05,-4.4e-05,-1e-06,-0.0,-1e-06,-1.9e-05,0.0,-1.8e-05,-6e-06,-0.0,-4.8e-05,-5.3e-05,-2e-06,-0.0,-5e-06,-1e-06,-0.0,-2.6e-05,0.0,-2.7e-05,-3.9e-05,-0.0,-7e-06,-5e-06,-0.0,-6.1e-05,-3e-06,-0.0,-9e-06,-0.0,-1e-06,-9e-06,-6e-06,-7e-06,-9e-06,-0.0,-0.0,-9e-06,-2.6e-05,-5.1e-05,-0.0,0.0,-2e-06,-0.0,0.0,-2e-06,-8e-06,-5.5e-05,-2.4e-05,-0.0,-3e-06,-4.8e-05,-1e-06,-7e-06,0.0,-1e-06,-5e-06,-1e-06,-1e-06,-1e-05,-4.5e-05,0.0,-3e-06,-0.0,-4e-06,-0.0,-2.3e-05,-0.0,-1.1e-05,-5.4e-05,-0.0,-2e-06,-2.7e-05,-0.0,-0.0,-0.0,-0.0,-2.8e-05,-4.6e-05,0.0,-2e-05,-1.3e-05,-5.4e-05,-5.4e-05,-0.0,-4.6e-05,-1e-06,-3.6e-05,-4e-06,-0.0,-2e-06,-8.2e-05,-4.4e-05,-3.1e-05,-3.3e-05,-5.5e-05,-3e-06,-4e-06,-4e-06,-0.0,-1e-06,-1e-05,-2e-05,-3.9e-05
2017-05-26 17:32:00+02:00,-0.0,0.0,-2e-06,-2.3e-05,-1e-06,-0.0,-1e-06,-2e-06,-1.7e-05,-1e-06,-0.0,-0.0,-3.9e-05,-3.6e-05,-8e-06,-3.5e-05,-1e-06,-0.0,-1e-06,-1.5e-05,0.0,-1.5e-05,-5e-06,-0.0,-3.8e-05,-4.3e-05,-1e-06,-0.0,-4e-06,-0.0,-0.0,-2.1e-05,0.0,-2.1e-05,-3.2e-05,-0.0,-5e-06,-4e-06,-0.0,-4.9e-05,-2e-06,-0.0,-7e-06,-0.0,-0.0,-8e-06,-5e-06,-5e-06,-7e-06,-0.0,-0.0,-7e-06,-2.1e-05,-4.1e-05,-0.0,0.0,-2e-06,-0.0,0.0,-2e-06,-7e-06,-4.4e-05,-2e-05,-0.0,-3e-06,-3.8e-05,-1e-06,-6e-06,0.0,-1e-06,-4e-06,-1e-06,-0.0,-8e-06,-3.6e-05,0.0,-2e-06,-0.0,-3e-06,-0.0,-1.8e-05,-0.0,-8e-06,-4.3e-05,-0.0,-1e-06,-2.2e-05,-0.0,-0.0,-0.0,-0.0,-2.2e-05,-3.7e-05,0.0,-1.6e-05,-1.1e-05,-4.3e-05,-4.3e-05,-0.0,-3.7e-05,-1e-06,-2.9e-05,-4e-06,-0.0,-2e-06,-6.5e-05,-3.5e-05,-2.4e-05,-2.6e-05,-4.4e-05,-2e-06,-3e-06,-3e-06,-0.0,-1e-06,-8e-06,-1.6e-05,-3.1e-05
2017-05-26 17:33:00+02:00,-0.0,0.0,-2e-06,-1.8e-05,-0.0,-0.0,-1e-06,-2e-06,-1.4e-05,-1e-06,-0.0,-0.0,-8.8e-05,-7.3e-05,-6e-06,-2.8e-05,-1e-06,-0.0,-0.0,-1.2e-05,0.0,-1.2e-05,-4e-06,-0.0,-3.1e-05,-3.4e-05,-1e-06,-0.0,-3e-06,-0.0,-0.0,-1.7e-05,0.0,-1.7e-05,-5e-05,-0.0,-4e-06,-3e-06,-0.0,-7.3e-05,-2e-06,-0.0,-6e-06,-0.0,-0.0,-6e-06,-4e-06,-4e-06,-6e-06,-0.0,-0.0,-6e-06,-1.6e-05,-9.4e-05,-0.0,0.0,-1e-06,-0.0,0.0,-1e-06,-5e-06,-5.2e-05,-1.6e-05,-0.0,-2e-06,-3e-05,-1e-06,-5e-06,0.0,-1e-06,-3e-06,-1e-06,-0.0,-6e-06,-6.9e-05,0.0,-2e-06,-0.0,-2e-06,-0.0,-1.5e-05,-0.0,-7e-06,-5.2e-05,-0.0,-1e-06,-3.4e-05,-0.0,-0.0,-0.0,-0.0,-1.8e-05,-7.9e-05,0.0,-1.3e-05,-9e-06,-3.4e-05,-3.5e-05,-0.0,-2.9e-05,-0.0,-2.3e-05,-3e-06,-0.0,-2e-06,-0.000139,-7.6e-05,-2e-05,-2.1e-05,-3.5e-05,-2e-06,-3e-06,-2e-06,-0.0,-1e-06,-6e-06,-1.3e-05,-6.1e-05
2017-05-26 17:34:00+02:00,-0.0,0.0,-1e-06,-1.5e-05,-0.0,-0.0,-1e-06,-1e-06,-2.5e-05,-1e-06,-0.0,-0.0,-0.000117,-0.0001,-5e-06,-2.8e-05,-1e-06,-0.0,-0.0,-9e-06,0.0,-9e-06,-3e-06,-0.0,-5.7e-05,-4.7e-05,-1e-06,-0.0,-2e-06,-0.0,-0.0,-3e-05,0.0,-3.1e-05,-7.4e-05,-0.0,-4e-06,-2e-06,-0.0,-0.000114,-1e-06,-0.0,-5e-06,-0.0,-0.0,-5e-06,-3e-06,-3e-06,-4e-06,-0.0,-0.0,-4e-06,-1.6e-05,-0.000125,-0.0,0.0,-1e-06,-0.0,0.0,-1e-06,-4e-06,-8.7e-05,-1.2e-05,-0.0,-2e-06,-3.5e-05,-0.0,-4e-06,0.0,-1e-06,-3e-06,-1e-06,-0.0,-5e-06,-9.6e-05,0.0,-2e-06,-0.0,-2e-06,-0.0,-1.5e-05,-0.0,-5e-06,-8.6e-05,-0.0,-1e-06,-5.4e-05,-0.0,-0.0,-0.0,-0.0,-2.2e-05,-0.000108,0.0,-1e-05,-7e-06,-4.8e-05,-4.9e-05,-0.0,-5.5e-05,-0.0,-1.8e-05,-2e-06,-0.0,-1e-06,-0.000196,-0.000103,-2.8e-05,-1.7e-05,-4.9e-05,-2e-06,-2e-06,-2e-06,-0.0,-1e-06,-5e-06,-1e-05,-8.6e-05
2017-05-26 17:35:00+02:00,-0.0,0.0,-1e-06,-1.2e-05,-0.0,-0.0,-1e-06,-1e-06,-2e-05,-1e-06,-0.0,-0.0,-9.4e-05,-8e-05,-4e-06,-2.2e-05,-1e-06,-0.0,-0.0,-8e-06,0.0,-7e-06,-2e-06,-0.0,-4.6e-05,-3.7e-05,-1e-06,-0.0,-2e-06,-0.0,-0.0,-2.4e-05,0.0,-2.5e-05,-5.9e-05,-0.0,-3e-06,-2e-06,-0.0,-9.1e-05,-1e-06,-0.0,-4e-06,-0.0,-0.0,-4e-06,-2e-06,-3e-06,-4e-06,-0.0,-0.0,-4e-06,-1.3e-05,-0.0001,-0.0,0.0,-1e-06,-0.0,0.0,-1e-06,-3e-06,-6.9e-05,-1e-05,-0.0,-1e-06,-2.8e-05,-0.0,-3e-06,0.0,-0.0,-2e-06,-1e-06,-0.0,-4e-06,-7.7e-05,0.0,-1e-06,-0.0,-2e-06,-0.0,-1.2e-05,-0.0,-4e-06,-6.9e-05,-0.0,-1e-06,-4.3e-05,-0.0,-0.0,-0.0,-0.0,-1.8e-05,-8.6e-05,0.0,-8e-06,-5e-06,-3.8e-05,-3.9e-05,-0.0,-4.4e-05,-0.0,-1.5e-05,-2e-06,-0.0,-1e-06,-0.000156,-8.3e-05,-2.2e-05,-1.3e-05,-3.9e-05,-1e-06,-2e-06,-1e-06,-0.0,-0.0,-4e-06,-8e-06,-6.8e-05
2017-05-26 17:36:00+02:00,-0.0,0.0,-1e-06,-9e-06,-0.0,-0.0,-0.0,-1e-06,-1.6e-05,-0.0,-0.0,-0.0,-7.5e-05,-6.4e-05,-3e-06,-1.8e-05,-0.0,-0.0,-0.0,-6e-06,0.0,-6e-06,-2e-06,-0.0,-3.6e-05,-3e-05,-1e-06,-0.0,-1e-06,-0.0,-0.0,-1.9e-05,0.0,-2e-05,-4.7e-05,-0.0,-2e-06,-2e-06,-0.0,-7.3e-05,-1e-06,-0.0,-3e-06,-0.0,-0.0,-3e-06,-2e-06,-2e-06,-3e-06,-0.0,-0.0,-3e-06,-1.1e-05,-8e-05,-0.0,0.0,-1e-06,-0.0,0.0,-1e-06,-3e-06,-5.6e-05,-8e-06,-0.0,-1e-06,-2.2e-05,-0.0,-2e-06,0.0,-0.0,-2e-06,-0.0,-0.0,-3e-06,-6.1e-05,0.0,-1e-06,-0.0,-1e-06,-0.0,-9e-06,-0.0,-3e-06,-5.5e-05,-0.0,-1e-06,-3.5e-05,-0.0,-0.0,-0.0,-0.0,-1.4e-05,-6.9e-05,0.0,-7e-06,-4e-06,-3.1e-05,-3.1e-05,-0.0,-3.5e-05,-0.0,-1.2e-05,-1e-06,-0.0,-1e-06,-0.000125,-6.6e-05,-1.8e-05,-1.1e-05,-3.2e-05,-1e-06,-1e-06,-1e-06,-0.0,-0.0,-3e-06,-7e-06,-5.5e-05
2017-05-26 17:37:00+02:00,-0.0,0.0,-1e-06,-8e-06,-0.0,-0.0,-0.0,-1e-06,-1.3e-05,-0.0,-0.0,-0.0,-6e-05,-5.1e-05,-3e-06,-1.4e-05,-0.0,-0.0,-0.0,-5e-06,0.0,-5e-06,-1e-06,-0.0,-2.9e-05,-2.4e-05,-0.0,-0.0,-1e-06,-0.0,-0.0,-1.5e-05,0.0,-1.6e-05,-3.8e-05,-0.0,-2e-06,-1e-06,-0.0,-5.8e-05,-1e-06,-0.0,-2e-06,-0.0,-0.0,-2e-06,-2e-06,-2e-06,-2e-06,-0.0,-0.0,-2e-06,-8e-06,-6.4e-05,-0.0,0.0,-1e-06,-0.0,0.0,-1e-06,-2e-06,-4.4e-05,-6e-06,-0.0,-1e-06,-1.8e-05,-0.0,-2e-06,0.0,-0.0,-1e-06,-0.0,-0.0,-3e-06,-4.9e-05,0.0,-1e-06,-0.0,-1e-06,-0.0,-8e-06,-0.0,-3e-06,-4.4e-05,-0.0,-0.0,-2.8e-05,-0.0,-0.0,-0.0,-0.0,-1.1e-05,-5.5e-05,0.0,-5e-06,-3e-06,-2.4e-05,-2.5e-05,-0.0,-2.8e-05,-0.0,-9e-06,-1e-06,-0.0,-1e-06,-0.0001,-5.3e-05,-1.4e-05,-9e-06,-2.5e-05,-1e-06,-1e-06,-1e-06,-0.0,-0.0,-3e-06,-5e-06,-4.4e-05
2017-05-26 17:38:00+02:00,-0.0,0.0,-1e-06,-6e-06,-0.0,-0.0,-0.0,-1e-06,-1e-05,-0.0,-0.0,-0.0,-4.8e-05,-4.1e-05,-2e-06,-1.1e-05,-0.0,-0.0,-0.0,-4e-06,0.0,-4e-06,-1e-06,-0.0,-2.3e-05,-1.9e-05,-0.0,-0.0,-1e-06,-0.0,-0.0,-1.2e-05,0.0,-1.3e-05,-3e-05,-0.0,-1e-06,-1e-06,-0.0,-4.7e-05,-1e-06,-0.0,-2e-06,-0.0,-0.0,-2e-06,-1e-06,-1e-06,-2e-06,-0.0,-0.0,-2e-06,-7e-06,-5.1e-05,-0.0,0.0,-0.0,-0.0,0.0,-0.0,-2e-06,-3.6e-05,-5e-06,-0.0,-1e-06,-1.4e-05,-0.0,-2e-06,0.0,-0.0,-1e-06,-0.0,-0.0,-2e-06,-3.9e-05,0.0,-1e-06,-0.0,-1e-06,-0.0,-6e-06,-0.0,-2e-06,-3.5e-05,-0.0,-0.0,-2.2e-05,-0.0,-0.0,-0.0,-0.0,-9e-06,-4.4e-05,0.0,-4e-06,-3e-06,-2e-05,-2e-05,-0.0,-2.3e-05,-0.0,-8e-06,-1e-06,-0.0,-1e-06,-8e-05,-4.2e-05,-1.1e-05,-7e-06,-2e-05,-1e-06,-1e-06,-1e-06,-0.0,-0.0,-2e-06,-4e-06,-3.5e-05
2017-05-26 17:39:00+02:00,-8e-06,0.0,-9.2e-05,-0.000209,-5.1e-05,-5.3e-05,-2.2e-05,-2.9e-05,-0.000118,-3.8e-05,-2.4e-05,-1.3e-05,-0.00021,-0.000218,-0.000151,-0.000259,-6.9e-05,-1.4e-05,-5.7e-05,-0.000236,0.0,-0.000233,-8.8e-05,-2.6e-05,-0.0003,-0.00029,-2.4e-05,-0.0,-5.6e-05,-2.8e-05,-5e-06,-0.000166,0.0,-0.000193,-0.000222,-1.7e-05,-0.000152,-8e-05,-8e-06,-0.000336,-3.9e-05,-2.7e-05,-0.000144,-0.0,-4.9e-05,-0.000149,-5.2e-05,-6.9e-05,-8.7e-05,-0.0,-2.2e-05,-0.000117,-0.000149,-0.000226,-6e-06,0.0,-8.1e-05,-2.8e-05,0.0,-7e-05,-0.000105,-0.000326,-0.0002,-0.0,-9.2e-05,-0.000271,-2e-05,-7.2e-05,0.0,-2.9e-05,-7.2e-05,-4.3e-05,-4.2e-05,-0.000143,-0.000229,0.0,-8.7e-05,-2e-05,-7.7e-05,-2.7e-05,-0.000123,-0.0,-0.000153,-0.000315,-4e-05,-7.7e-05,-0.000104,-3e-06,-2.1e-05,-8e-06,-2.4e-05,-0.000147,-0.000206,0.0,-0.000149,-0.000209,-0.000279,-0.000285,-0.0,-0.000317,-3e-05,-0.000234,-5.1e-05,-0.0,-3.4e-05,-0.000364,-0.00019,-0.000263,-0.000225,-0.000294,-4.2e-05,-5.3e-05,-5.4e-05,-3.2e-05,-6e-05,-0.000154,-0.000192,-0.000169
2017-05-26 17:40:00+02:00,-6e-06,0.0,-7.4e-05,-0.000167,-4.1e-05,-4.2e-05,-1.7e-05,-2.4e-05,-9.5e-05,-3.1e-05,-1.9e-05,-1e-05,-0.000168,-0.000175,-0.000121,-0.000208,-5.5e-05,-1.1e-05,-4.6e-05,-0.000188,0.0,-0.000186,-7.1e-05,-2.1e-05,-0.00024,-0.000232,-1.9e-05,-0.0,-4.5e-05,-2.2e-05,-4e-06,-0.000133,0.0,-0.000154,-0.000178,-1.3e-05,-0.000121,-6.4e-05,-7e-06,-0.000269,-3.1e-05,-2.2e-05,-0.000116,-0.0,-3.9e-05,-0.000119,-4.1e-05,-5.5e-05,-6.9e-05,-0.0,-1.8e-05,-9.3e-05,-0.000119,-0.000181,-5e-06,0.0,-6.4e-05,-2.2e-05,0.0,-5.6e-05,-8.4e-05,-0.000261,-0.00016,-0.0,-7.3e-05,-0.000217,-1.6e-05,-5.7e-05,0.0,-2.3e-05,-5.7e-05,-3.4e-05,-3.4e-05,-0.000114,-0.000183,0.0,-7e-05,-1.6e-05,-6.2e-05,-2.1e-05,-9.9e-05,-0.0,-0.000122,-0.000252,-3.2e-05,-6.1e-05,-8.3e-05,-3e-06,-1.7e-05,-7e-06,-1.9e-05,-0.000118,-0.000165,0.0,-0.000119,-0.000167,-0.000223,-0.000228,-0.0,-0.000254,-2.4e-05,-0.000187,-4.1e-05,-0.0,-2.8e-05,-0.000291,-0.000152,-0.000211,-0.00018,-0.000235,-3.3e-05,-4.2e-05,-4.3e-05,-2.5e-05,-4.8e-05,-0.000123,-0.000154,-0.000135
2017-05-26 17:41:00+02:00,-5e-06,0.0,-5.9e-05,-0.000134,-3.3e-05,-3.4e-05,-1.4e-05,-1.9e-05,-7.6e-05,-2.5e-05,-1.5e-05,-8e-06,-0.000134,-0.00014,-9.7e-05,-0.000166,-4.4e-05,-9e-06,-3.7e-05,-0.000151,0.0,-0.000149,-5.7e-05,-1.7e-05,-0.000192,-0.000185,-1.5e-05,-0.0,-3.6e-05,-1.8e-05,-3e-06,-0.000106,0.0,-0.000124,-0.000142,-1.1e-05,-9.7e-05,-5.1e-05,-5e-06,-0.000215,-2.5e-05,-1.7e-05,-9.2e-05,-0.0,-3.1e-05,-9.5e-05,-3.3e-05,-4.4e-05,-5.6e-05,-0.0,-1.4e-05,-7.5e-05,-9.5e-05,-0.000145,-4e-06,0.0,-5.2e-05,-1.8e-05,0.0,-4.5e-05,-6.7e-05,-0.000209,-0.000128,-0.0,-5.9e-05,-0.000174,-1.3e-05,-4.6e-05,0.0,-1.8e-05,-4.6e-05,-2.8e-05,-2.7e-05,-9.2e-05,-0.000147,0.0,-5.6e-05,-1.3e-05,-4.9e-05,-1.7e-05,-7.9e-05,-0.0,-9.8e-05,-0.000202,-2.5e-05,-4.9e-05,-6.7e-05,-2e-06,-1.3e-05,-5e-06,-1.5e-05,-9.4e-05,-0.000132,0.0,-9.5e-05,-0.000134,-0.000179,-0.000183,-0.0,-0.000203,-1.9e-05,-0.00015,-3.3e-05,-0.0,-2.2e-05,-0.000233,-0.000122,-0.000169,-0.000144,-0.000188,-2.7e-05,-3.4e-05,-3.4e-05,-2e-05,-3.8e-05,-9.9e-05,-0.000123,-0.000108
2017-05-26 17:42:00+02:00,-4e-06,0.0,-4.7e-05,-0.000107,-2.6e-05,-2.7e-05,-1.1e-05,-1.5e-05,-6.1e-05,-2e-05,-1.2e-05,-7e-06,-0.000107,-0.000112,-7.7e-05,-0.000133,-3.5e-05,-7e-06,-2.9e-05,-0.000121,0.0,-0.000119,-4.5e-05,-1.4e-05,-0.000153,-0.000148,-1.2e-05,-0.0,-2.9e-05,-1.4e-05,-2e-06,-8.5e-05,0.0,-9.9e-05,-0.000114,-9e-06,-7.8e-05,-4.1e-05,-4e-06,-0.000172,-2e-05,-1.4e-05,-7.4e-05,-0.0,-2.5e-05,-7.6e-05,-2.6e-05,-3.5e-05,-4.4e-05,-0.0,-1.1e-05,-6e-05,-7.6e-05,-0.000116,-3e-06,0.0,-4.1e-05,-1.4e-05,0.0,-3.6e-05,-5.4e-05,-0.000167,-0.000103,-0.0,-4.7e-05,-0.000139,-1e-05,-3.7e-05,0.0,-1.5e-05,-3.7e-05,-2.2e-05,-2.2e-05,-7.3e-05,-0.000117,0.0,-4.5e-05,-1e-05,-3.9e-05,-1.4e-05,-6.3e-05,-0.0,-7.8e-05,-0.000161,-2e-05,-3.9e-05,-5.3e-05,-2e-06,-1.1e-05,-4e-06,-1.2e-05,-7.5e-05,-0.000106,0.0,-7.6e-05,-0.000107,-0.000143,-0.000146,-0.0,-0.000162,-1.5e-05,-0.00012,-2.6e-05,-0.0,-1.8e-05,-0.000186,-9.7e-05,-0.000135,-0.000115,-0.00015,-2.1e-05,-2.7e-05,-2.7e-05,-1.6e-05,-3.1e-05,-7.9e-05,-9.8e-05,-8.6e-05
2017-05-26 17:43:00+02:00,-3e-06,0.0,-3.8e-05,-8.5e-05,-2.1e-05,-2.2e-05,-9e-06,-1.2e-05,-4.8e-05,-1.6e-05,-1e-05,-5e-06,-8.6e-05,-8.9e-05,-6.2e-05,-0.000106,-2.8e-05,-6e-06,-2.4e-05,-9.6e-05,0.0,-9.5e-05,-3.6e-05,-1.1e-05,-0.000123,-0.000119,-1e-05,-0.0,-2.3e-05,-1.1e-05,-2e-06,-6.8e-05,0.0,-7.9e-05,-9.1e-05,-7e-06,-6.2e-05,-3.3e-05,-3e-06,-0.000138,-1.6e-05,-1.1e-05,-5.9e-05,-0.0,-2e-05,-6.1e-05,-2.1e-05,-2.8e-05,-3.6e-05,-0.0,-9e-06,-4.8e-05,-6.1e-05,-9.3e-05,-3e-06,0.0,-3.3e-05,-1.1e-05,0.0,-2.9e-05,-4.3e-05,-0.000133,-8.2e-05,-0.0,-3.8e-05,-0.000111,-8e-06,-2.9e-05,0.0,-1.2e-05,-2.9e-05,-1.8e-05,-1.7e-05,-5.9e-05,-9.4e-05,0.0,-3.6e-05,-8e-06,-3.2e-05,-1.1e-05,-5e-05,-0.0,-6.3e-05,-0.000129,-1.6e-05,-3.1e-05,-4.3e-05,-1e-06,-8e-06,-3e-06,-1e-05,-6e-05,-8.5e-05,0.0,-6.1e-05,-8.6e-05,-0.000114,-0.000117,-0.0,-0.00013,-1.2e-05,-9.6e-05,-2.1e-05,-0.0,-1.4e-05,-0.000149,-7.8e-05,-0.000108,-9.2e-05,-0.00012,-1.7e-05,-2.2e-05,-2.2e-05,-1.3e-05,-2.5e-05,-6.3e-05,-7.9e-05,-6.9e-05
2017-05-26 17:44:00+02:00,-3e-06,0.0,-4.6e-05,-0.00042,-1.7e-05,-1.7e-05,-7e-06,-1e-05,-0.000232,-2.5e-05,-8e-06,-4e-06,-0.000657,-0.000669,-0.000371,-0.000556,-2.3e-05,-5e-06,-1.9e-05,-0.000451,0.0,-0.000445,-2.9e-05,-9e-06,-0.000687,-0.000631,-8e-06,-0.0,-7.7e-05,-9e-06,-2e-06,-0.000423,0.0,-0.000508,-0.000653,-5e-06,-0.000248,-2.6e-05,-3e-06,-0.000821,-1.3e-05,-9e-06,-0.000197,-0.0,-1.6e-05,-0.000235,-5.4e-05,-9e-05,-0.000154,-0.0,-7e-06,-0.000244,-0.000372,-0.000722,-2e-06,0.0,-2.6e-05,-9e-06,0.0,-2.3e-05,-0.000206,-0.000768,-0.000393,-0.0,-5.3e-05,-0.000585,-7e-06,-9.6e-05,0.0,-9e-06,-0.000107,-1.7e-05,-1.4e-05,-0.000321,-0.000701,0.0,-5.7e-05,-7e-06,-2.5e-05,-9e-06,-0.000281,-0.0,-0.000252,-0.000739,-1.3e-05,-2.5e-05,-0.000148,-1e-06,-7e-06,-3e-06,-8e-06,-0.000359,-0.000635,0.0,-0.000368,-0.000411,-0.000603,-0.000616,-0.0,-0.000707,-1e-05,-0.000489,-5.5e-05,-0.0,-1.1e-05,-0.000976,-0.000569,-0.000562,-0.000461,-0.00064,-1.4e-05,-6.9e-05,-5.9e-05,-1e-05,-2e-05,-0.00022,-0.000366,-0.000467
2017-05-26 17:45:00+02:00,-5e-06,0.0,-0.000299,-0.000992,-0.00015,-0.000142,-3.7e-05,-6.5e-05,-0.000486,-0.000126,-6.9e-05,-2.2e-05,-0.001194,-0.001276,-0.000875,-0.001263,-0.000201,-4e-06,-0.00016,-0.001097,0.0,-0.001084,-0.000286,-4.6e-05,-0.001484,-0.001405,-4.1e-05,-0.0,-0.000204,-7.7e-05,-1e-06,-0.000918,0.0,-0.001118,-0.001325,-9e-06,-0.000659,-0.000254,-2e-06,-0.001659,-0.000132,-4.8e-05,-0.000589,-0.0,-0.000141,-0.000653,-0.000124,-0.000212,-0.000347,-0.0,-6e-05,-0.000601,-0.000843,-0.001319,-2e-06,0.0,-0.000243,-5.5e-05,0.0,-0.00022,-0.000506,-0.001612,-0.000946,-0.0,-0.000303,-0.001318,-3.4e-05,-0.000223,0.0,-8.6e-05,-0.00031,-0.000152,-0.000143,-0.00079,-0.001364,0.0,-0.000297,-2.3e-05,-0.000244,-4.6e-05,-0.000629,-0.0,-0.000678,-0.001544,-0.000106,-0.00023,-0.000263,-1e-06,-4.9e-05,-8e-06,-7.3e-05,-0.000798,-0.001176,0.0,-0.000868,-0.000988,-0.001334,-0.001365,-0.0,-0.001547,-9.3e-05,-0.001135,-0.000145,-0.0,-0.000105,-0.001787,-0.00104,-0.001262,-0.001077,-0.001421,-0.00014,-0.000189,-0.000197,-6.9e-05,-0.000182,-0.00064,-0.000902,-0.000867
2017-05-26 17:46:00+02:00,-4e-06,0.0,-0.000255,-0.001008,-0.00012,-0.000114,-3e-05,-5.2e-05,-0.000509,-0.000106,-5.5e-05,-1.8e-05,-0.001288,-0.00136,-0.000881,-0.001302,-0.000161,-3e-06,-0.000128,-0.001125,0.0,-0.001111,-0.000229,-3.7e-05,-0.001549,-0.001456,-3.3e-05,-0.0,-0.000199,-6.1e-05,-1e-06,-0.000941,0.0,-0.001144,-0.001389,-7e-06,-0.000646,-0.000203,-2e-06,-0.001775,-0.000105,-3.8e-05,-0.00057,-0.0,-0.000113,-0.000635,-0.000129,-0.000219,-0.000356,-0.0,-4.8e-05,-0.000603,-0.000853,-0.001422,-1e-06,0.0,-0.000195,-4.4e-05,0.0,-0.000176,-0.000508,-0.001706,-0.000958,-0.0,-0.000262,-0.001362,-2.7e-05,-0.000232,0.0,-6.8e-05,-0.000298,-0.000121,-0.000115,-0.000794,-0.001447,0.0,-0.00025,-1.8e-05,-0.000195,-3.7e-05,-0.000638,-0.0,-0.000664,-0.001634,-8.5e-05,-0.000184,-0.000307,-1e-06,-3.9e-05,-7e-06,-5.8e-05,-0.000811,-0.001262,0.0,-0.000871,-0.001003,-0.00138,-0.001415,-0.0,-0.001615,-7.4e-05,-0.001162,-0.000144,-0.0,-8.4e-05,-0.001973,-0.00112,-0.001305,-0.0011,-0.001474,-0.000112,-0.000182,-0.000184,-5.6e-05,-0.000145,-0.000623,-0.000907,-0.000931
2017-05-26 17:47:00+02:00,-3e-06,0.0,-0.000204,-0.000807,-9.6e-05,-9.1e-05,-2.4e-05,-4.2e-05,-0.000408,-8.5e-05,-4.4e-05,-1.4e-05,-0.00066,-0.000701,-0.000705,-0.001042,-0.000129,-2e-06,-0.000102,-0.0009,0.0,-0.000889,-0.000183,-3e-05,-0.001175,-0.001165,-2.6e-05,-0.0,-0.000159,-4.9e-05,-1e-06,-0.000617,0.0,-0.000701,-0.000738,-6e-06,-0.000517,-0.000163,-1e-06,-0.001233,-8.4e-05,-3e-05,-0.000456,-0.0,-9e-05,-0.000508,-0.000104,-0.000175,-0.000285,-0.0,-3.9e-05,-0.000483,-0.00066,-0.000701,-1e-06,0.0,-0.000156,-3.5e-05,0.0,-0.000141,-0.000406,-0.001229,-0.000766,-0.0,-0.00021,-0.001089,-2.2e-05,-0.000186,0.0,-5.5e-05,-0.000238,-9.7e-05,-9.2e-05,-0.000635,-0.000738,0.0,-0.0002,-1.5e-05,-0.000156,-2.9e-05,-0.000511,-0.0,-0.000531,-0.001196,-6.8e-05,-0.000147,-0.000246,-1e-06,-3.1e-05,-5e-06,-4.6e-05,-0.000617,-0.00066,0.0,-0.000697,-0.000802,-0.001104,-0.001132,-0.0,-0.001233,-5.9e-05,-0.00093,-0.000115,-0.0,-6.7e-05,-0.001236,-0.000617,-0.001044,-0.00088,-0.001179,-9e-05,-0.000146,-0.000147,-4.4e-05,-0.000116,-0.000499,-0.000726,-0.000574
2017-05-26 17:48:00+02:00,-3e-06,0.0,-0.000163,-0.000645,-7.7e-05,-7.3e-05,-1.9e-05,-3.4e-05,-0.000326,-6.8e-05,-3.5e-05,-1.1e-05,-0.000528,-0.000561,-0.000564,-0.000833,-0.000103,-2e-06,-8.2e-05,-0.00072,0.0,-0.000711,-0.000146,-2.4e-05,-0.00094,-0.000932,-2.1e-05,-0.0,-0.000127,-3.9e-05,-1e-06,-0.000494,0.0,-0.000561,-0.000591,-4e-06,-0.000413,-0.00013,-1e-06,-0.000986,-6.7e-05,-2.4e-05,-0.000365,-0.0,-7.2e-05,-0.000406,-8.3e-05,-0.00014,-0.000228,-0.0,-3.1e-05,-0.000386,-0.000528,-0.000561,-1e-06,0.0,-0.000125,-2.8e-05,0.0,-0.000113,-0.000325,-0.000983,-0.000613,-0.0,-0.000168,-0.000872,-1.8e-05,-0.000148,0.0,-4.4e-05,-0.000191,-7.8e-05,-7.3e-05,-0.000508,-0.000591,0.0,-0.00016,-1.2e-05,-0.000125,-2.4e-05,-0.000409,-0.0,-0.000425,-0.000957,-5.5e-05,-0.000118,-0.000197,-0.0,-2.5e-05,-4e-06,-3.7e-05,-0.000494,-0.000528,0.0,-0.000557,-0.000642,-0.000883,-0.000905,-0.0,-0.000986,-4.8e-05,-0.000744,-9.2e-05,-0.0,-5.4e-05,-0.000989,-0.000494,-0.000835,-0.000704,-0.000943,-7.2e-05,-0.000117,-0.000118,-3.6e-05,-9.3e-05,-0.000399,-0.00058,-0.000459
2017-05-26 17:49:00+02:00,-2e-06,0.0,-0.000131,-0.000516,-6.2e-05,-5.8e-05,-1.5e-05,-2.7e-05,-0.000261,-5.4e-05,-2.8e-05,-9e-06,-0.000422,-0.000449,-0.000451,-0.000667,-8.2e-05,-1e-06,-6.6e-05,-0.000576,0.0,-0.000569,-0.000117,-1.9e-05,-0.000752,-0.000746,-1.7e-05,-0.0,-0.000102,-3.1e-05,-1e-06,-0.000395,0.0,-0.000449,-0.000473,-4e-06,-0.000331,-0.000104,-1e-06,-0.000789,-5.4e-05,-1.9e-05,-0.000292,-0.0,-5.8e-05,-0.000325,-6.6e-05,-0.000112,-0.000182,-0.0,-2.5e-05,-0.000309,-0.000422,-0.000449,-1e-06,0.0,-0.0001,-2.3e-05,0.0,-9e-05,-0.00026,-0.000787,-0.00049,-0.0,-0.000134,-0.000697,-1.4e-05,-0.000119,0.0,-3.5e-05,-0.000152,-6.2e-05,-5.9e-05,-0.000407,-0.000473,0.0,-0.000128,-9e-06,-0.0001,-1.9e-05,-0.000327,-0.0,-0.00034,-0.000765,-4.4e-05,-9.4e-05,-0.000157,-0.0,-2e-05,-3e-06,-3e-05,-0.000395,-0.000422,0.0,-0.000446,-0.000513,-0.000707,-0.000724,-0.0,-0.000789,-3.8e-05,-0.000595,-7.4e-05,-0.0,-4.3e-05,-0.000791,-0.000395,-0.000668,-0.000563,-0.000755,-5.7e-05,-9.3e-05,-9.4e-05,-2.8e-05,-7.4e-05,-0.000319,-0.000464,-0.000367
2017-05-26 17:50:00+02:00,-2e-06,0.0,-0.000104,-0.000413,-4.9e-05,-4.7e-05,-1.2e-05,-2.1e-05,-0.000209,-4.3e-05,-2.2e-05,-7e-06,-0.000338,-0.000359,-0.000361,-0.000533,-6.6e-05,-1e-06,-5.2e-05,-0.000461,0.0,-0.000455,-9.4e-05,-1.5e-05,-0.000602,-0.000596,-1.4e-05,-0.0,-8.1e-05,-2.5e-05,-0.0,-0.000316,0.0,-0.000359,-0.000378,-3e-06,-0.000265,-8.3e-05,-1e-06,-0.000631,-4.3e-05,-1.6e-05,-0.000233,-0.0,-4.6e-05,-0.00026,-5.3e-05,-9e-05,-0.000146,-0.0,-2e-05,-0.000247,-0.000338,-0.000359,-1e-06,0.0,-8e-05,-1.8e-05,0.0,-7.2e-05,-0.000208,-0.000629,-0.000392,-0.0,-0.000107,-0.000558,-1.1e-05,-9.5e-05,0.0,-2.8e-05,-0.000122,-5e-05,-4.7e-05,-0.000325,-0.000378,0.0,-0.000102,-7e-06,-8e-05,-1.5e-05,-0.000261,-0.0,-0.000272,-0.000612,-3.5e-05,-7.5e-05,-0.000126,-0.0,-1.6e-05,-3e-06,-2.4e-05,-0.000316,-0.000338,0.0,-0.000357,-0.000411,-0.000565,-0.000579,-0.0,-0.000631,-3e-05,-0.000476,-5.9e-05,-0.0,-3.4e-05,-0.000633,-0.000316,-0.000535,-0.00045,-0.000604,-4.6e-05,-7.5e-05,-7.6e-05,-2.3e-05,-5.9e-05,-0.000255,-0.000371,-0.000294
2017-05-26 17:51:00+02:00,-1e-06,0.0,-8.4e-05,-0.00033,-3.9e-05,-3.7e-05,-1e-05,-1.7e-05,-0.000167,-3.5e-05,-1.8e-05,-6e-06,-0.00027,-0.000287,-0.000289,-0.000427,-5.3e-05,-1e-06,-4.2e-05,-0.000369,0.0,-0.000364,-7.5e-05,-1.2e-05,-0.000481,-0.000477,-1.1e-05,-0.0,-6.5e-05,-2e-05,-0.0,-0.000253,0.0,-0.000287,-0.000302,-2e-06,-0.000212,-6.7e-05,-1e-06,-0.000505,-3.5e-05,-1.2e-05,-0.000187,-0.0,-3.7e-05,-0.000208,-4.2e-05,-7.2e-05,-0.000117,-0.0,-1.6e-05,-0.000198,-0.00027,-0.000287,-0.0,0.0,-6.4e-05,-1.4e-05,0.0,-5.8e-05,-0.000166,-0.000503,-0.000314,-0.0,-8.6e-05,-0.000446,-9e-06,-7.6e-05,0.0,-2.2e-05,-9.8e-05,-4e-05,-3.8e-05,-0.00026,-0.000302,0.0,-8.2e-05,-6e-06,-6.4e-05,-1.2e-05,-0.000209,-0.0,-0.000218,-0.00049,-2.8e-05,-6e-05,-0.000101,-0.0,-1.3e-05,-2e-06,-1.9e-05,-0.000253,-0.00027,0.0,-0.000285,-0.000329,-0.000452,-0.000464,-0.0,-0.000505,-2.4e-05,-0.000381,-4.7e-05,-0.0,-2.8e-05,-0.000506,-0.000253,-0.000428,-0.00036,-0.000483,-3.7e-05,-6e-05,-6e-05,-1.8e-05,-4.8e-05,-0.000204,-0.000297,-0.000235
2017-05-26 17:52:00+02:00,-1e-06,0.0,-6.7e-05,-0.000264,-3.1e-05,-3e-05,-8e-06,-1.4e-05,-0.000134,-2.8e-05,-1.4e-05,-5e-06,-0.000216,-0.00023,-0.000231,-0.000341,-4.2e-05,-1e-06,-3.4e-05,-0.000295,0.0,-0.000291,-6e-05,-1e-05,-0.000385,-0.000382,-9e-06,-0.0,-5.2e-05,-1.6e-05,-0.0,-0.000202,0.0,-0.00023,-0.000242,-2e-06,-0.000169,-5.3e-05,-0.0,-0.000404,-2.8e-05,-1e-05,-0.000149,-0.0,-3e-05,-0.000166,-3.4e-05,-5.7e-05,-9.3e-05,-0.0,-1.3e-05,-0.000158,-0.000216,-0.00023,-0.0,0.0,-5.1e-05,-1.2e-05,0.0,-4.6e-05,-0.000133,-0.000403,-0.000251,-0.0,-6.9e-05,-0.000357,-7e-06,-6.1e-05,0.0,-1.8e-05,-7.8e-05,-3.2e-05,-3e-05,-0.000208,-0.000242,0.0,-6.5e-05,-5e-06,-5.1e-05,-1e-05,-0.000167,-0.0,-0.000174,-0.000392,-2.2e-05,-4.8e-05,-8.1e-05,-0.0,-1e-05,-2e-06,-1.5e-05,-0.000202,-0.000216,0.0,-0.000228,-0.000263,-0.000362,-0.000371,-0.0,-0.000404,-1.9e-05,-0.000305,-3.8e-05,-0.0,-2.2e-05,-0.000405,-0.000202,-0.000342,-0.000288,-0.000386,-2.9e-05,-4.8e-05,-4.8e-05,-1.5e-05,-3.8e-05,-0.000163,-0.000238,-0.000188
2017-05-26 17:53:00+02:00,-1e-06,0.0,-5.3e-05,-0.000211,-2.5e-05,-2.4e-05,-6e-06,-1.1e-05,-0.000107,-2.2e-05,-1.1e-05,-4e-06,-0.000173,-0.000184,-0.000185,-0.000273,-3.4e-05,-1e-06,-2.7e-05,-0.000236,0.0,-0.000233,-4.8e-05,-8e-06,-0.000308,-0.000305,-7e-06,-0.0,-4.2e-05,-1.3e-05,-0.0,-0.000162,0.0,-0.000184,-0.000194,-1e-06,-0.000135,-4.3e-05,-0.0,-0.000323,-2.2e-05,-8e-06,-0.00012,-0.0,-2.4e-05,-0.000133,-2.7e-05,-4.6e-05,-7.5e-05,-0.0,-1e-05,-0.000126,-0.000173,-0.000184,-0.0,0.0,-4.1e-05,-9e-06,0.0,-3.7e-05,-0.000107,-0.000322,-0.000201,-0.0,-5.5e-05,-0.000286,-6e-06,-4.9e-05,0.0,-1.4e-05,-6.2e-05,-2.5e-05,-2.4e-05,-0.000167,-0.000194,0.0,-5.2e-05,-4e-06,-4.1e-05,-8e-06,-0.000134,-0.0,-0.000139,-0.000314,-1.8e-05,-3.9e-05,-6.4e-05,-0.0,-8e-06,-1e-06,-1.2e-05,-0.000162,-0.000173,0.0,-0.000183,-0.00021,-0.000289,-0.000297,-0.0,-0.000323,-1.6e-05,-0.000244,-3e-05,-0.0,-1.8e-05,-0.000324,-0.000162,-0.000274,-0.000231,-0.000309,-2.4e-05,-3.8e-05,-3.9e-05,-1.2e-05,-3e-05,-0.000131,-0.00019,-0.00015
2017-05-26 17:54:00+02:00,-1e-06,0.0,-0.000111,-0.000592,-2e-05,-1.9e-05,-5e-06,-9e-06,-0.00026,-4.3e-05,-9e-06,-3e-06,-0.000786,-0.000812,-0.000514,-0.000779,-3e-05,-0.0,-2.1e-05,-0.000668,0.0,-0.000661,-3.8e-05,-6e-06,-0.000867,-0.000879,-6e-06,-0.0,-9.8e-05,-1e-05,-0.0,-0.000512,0.0,-0.000631,-0.000804,-1e-06,-0.000345,-3.4e-05,-0.0,-0.001061,-1.8e-05,-6e-06,-0.000314,-0.0,-1.9e-05,-0.000347,-5.5e-05,-0.000106,-0.000182,-0.0,-8e-06,-0.000355,-0.000511,-0.000868,-0.0,0.0,-7e-05,-7e-06,0.0,-3e-05,-0.000292,-0.001007,-0.00056,-0.0,-0.000117,-0.000818,-5e-06,-0.000113,0.0,-1.1e-05,-0.000161,-4.5e-05,-2.5e-05,-0.00048,-0.000856,0.0,-0.000106,-3e-06,-3.3e-05,-6e-06,-0.000373,-0.0,-0.000368,-0.000967,-1.4e-05,-4.6e-05,-0.000145,-0.0,-7e-06,-1e-06,-1e-05,-0.000481,-0.000763,0.0,-0.000526,-0.000566,-0.000824,-0.000849,-0.0,-0.00092,-1.2e-05,-0.000691,-6.6e-05,-0.0,-1.4e-05,-0.001232,-0.000677,-0.000751,-0.000648,-0.000889,-1.9e-05,-8.8e-05,-9.1e-05,-9e-06,-2.4e-05,-0.000345,-0.000524,-0.000555
2017-05-26 17:55:00+02:00,-1e-06,0.0,-0.000358,-0.001178,-0.000133,-0.000127,-2.5e-05,-4.7e-05,-0.000482,-0.000129,-5.5e-05,-8e-06,-0.001382,-0.001494,-0.001027,-0.001512,-0.000198,-0.0,-0.000148,-0.00135,0.0,-0.001339,-0.000265,-2.5e-05,-0.001672,-0.001685,-2.8e-05,-0.0,-0.000205,-6.8e-05,-0.0,-0.001007,0.0,-0.001262,-0.001563,-1e-06,-0.000745,-0.000246,-0.0,-0.001991,-0.000124,-2.5e-05,-0.000718,-0.0,-0.000123,-0.00076,-0.000105,-0.000207,-0.00035,-0.0,-4.9e-05,-0.00072,-0.000994,-0.001538,-0.0,0.0,-0.000274,-2.1e-05,0.0,-0.00021,-0.000591,-0.001948,-0.001128,-0.0,-0.000358,-0.001579,-2.3e-05,-0.000218,0.0,-7.5e-05,-0.000359,-0.000163,-0.000139,-0.000973,-0.001605,0.0,-0.000325,-2e-06,-0.000235,-2.3e-05,-0.000715,-0.0,-0.000794,-0.001862,-8.4e-05,-0.000242,-0.000234,-0.0,-3.7e-05,-1e-06,-6.1e-05,-0.000926,-0.001364,0.0,-0.00104,-0.00115,-0.001573,-0.00162,-0.0,-0.001778,-8.2e-05,-0.001358,-0.00014,-0.0,-9.5e-05,-0.002134,-0.001192,-0.001462,-0.001278,-0.001701,-0.000126,-0.00019,-0.000217,-3.6e-05,-0.000167,-0.000778,-0.001067,-0.000979
2017-05-26 17:56:00+02:00,-0.0,0.0,-0.000419,-0.001504,-0.000107,-0.000102,-2.7e-05,-5.4e-05,-0.000617,-0.000144,-4.4e-05,-7e-06,-0.001863,-0.002043,-0.001307,-0.001944,-0.000203,-0.0,-0.000119,-0.001756,0.0,-0.001741,-0.000308,-2e-05,-0.002167,-0.002176,-3.2e-05,-0.0,-0.000252,-6.3e-05,-0.0,-0.001308,0.0,-0.001644,-0.002092,-1e-06,-0.000922,-0.000283,-0.0,-0.002647,-0.000143,-2e-05,-0.000905,-0.0,-9.8e-05,-0.000942,-0.00013,-0.000264,-0.000443,-0.0,-3.9e-05,-0.00093,-0.001276,-0.002078,-0.0,0.0,-0.000309,-1.7e-05,0.0,-0.000215,-0.000762,-0.002545,-0.001435,-0.0,-0.000423,-0.002034,-2.3e-05,-0.000279,0.0,-7.5e-05,-0.000451,-0.000175,-0.000132,-0.001262,-0.002192,0.0,-0.000365,-2e-06,-0.000259,-1.9e-05,-0.000915,-0.0,-0.000989,-0.002435,-6.7e-05,-0.000259,-0.000308,-0.0,-3e-05,-1e-06,-4.9e-05,-0.001193,-0.001848,0.0,-0.001326,-0.001459,-0.00203,-0.002093,-0.0,-0.002303,-6.9e-05,-0.001739,-0.000175,-0.0,-0.000108,-0.002869,-0.001606,-0.001878,-0.001634,-0.002198,-0.000145,-0.000232,-0.000268,-2.9e-05,-0.000141,-0.000984,-0.001351,-0.00132
2017-05-26 17:57:00+02:00,-0.0,0.0,-0.000399,-0.001675,-8.5e-05,-8.1e-05,-2.1e-05,-4.6e-05,-0.000695,-0.000125,-3.5e-05,-5e-06,-0.00224,-0.002405,-0.001449,-0.002192,-0.000162,-0.0,-9.5e-05,-0.002011,0.0,-0.001995,-0.000267,-1.6e-05,-0.002465,-0.002467,-2.7e-05,-0.0,-0.000266,-5.1e-05,-0.0,-0.001485,0.0,-0.001868,-0.002421,-1e-06,-0.000976,-0.000239,-0.0,-0.003063,-0.000122,-1.6e-05,-0.000987,-0.0,-7.9e-05,-0.000997,-0.000142,-0.000298,-0.00049,-0.0,-3.2e-05,-0.001056,-0.001434,-0.0025,-0.0,0.0,-0.000272,-1.4e-05,0.0,-0.000172,-0.000864,-0.002915,-0.001589,-0.0,-0.00041,-0.002298,-1.9e-05,-0.000316,0.0,-6e-05,-0.000491,-0.00014,-0.000105,-0.001438,-0.002565,0.0,-0.000318,-2e-06,-0.000207,-1.5e-05,-0.001026,-0.0,-0.001057,-0.002791,-5.4e-05,-0.000207,-0.000364,-0.0,-2.4e-05,-1e-06,-3.9e-05,-0.001345,-0.002202,0.0,-0.001476,-0.001607,-0.0023,-0.002373,-0.0,-0.002618,-5.5e-05,-0.001949,-0.000191,-0.0,-9.1e-05,-0.003452,-0.00192,-0.002114,-0.001825,-0.002493,-0.000125,-0.000242,-0.000282,-2.3e-05,-0.000113,-0.001079,-0.001485,-0.001558
2017-05-26 17:58:00+02:00,-0.0,0.0,-0.000332,-0.001577,-6.8e-05,-6.5e-05,-1.7e-05,-3.7e-05,-0.000665,-0.0001,-2.8e-05,-4e-06,-0.001839,-0.002057,-0.001332,-0.00208,-0.00013,-0.0,-7.6e-05,-0.001913,0.0,-0.001897,-0.000214,-1.3e-05,-0.002334,-0.00235,-2.2e-05,-0.0,-0.000245,-4.1e-05,-0.0,-0.001386,0.0,-0.00174,-0.002251,-0.0,-0.000882,-0.000191,-0.0,-0.002926,-9.8e-05,-1.3e-05,-0.00091,-0.0,-6.3e-05,-0.00091,-0.000143,-0.000292,-0.000462,-0.0,-2.5e-05,-0.000986,-0.001337,-0.002057,-0.0,0.0,-0.000217,-1.1e-05,0.0,-0.000137,-0.000809,-0.002774,-0.001491,-0.0,-0.000346,-0.002185,-1.5e-05,-0.000312,0.0,-4.8e-05,-0.000449,-0.000112,-8.4e-05,-0.001342,-0.002251,0.0,-0.000254,-1e-06,-0.000166,-1.2e-05,-0.000961,-0.0,-0.00097,-0.002655,-4.3e-05,-0.000166,-0.000386,-0.0,-1.9e-05,-0.0,-3.1e-05,-0.001259,-0.001839,0.0,-0.001369,-0.001493,-0.002187,-0.002259,-0.0,-0.00248,-4.4e-05,-0.001843,-0.000183,-0.0,-7.3e-05,-0.003184,-0.001601,-0.00199,-0.001722,-0.002375,-0.0001,-0.000221,-0.000254,-1.9e-05,-9e-05,-0.000999,-0.001388,-0.001351
2017-05-26 17:59:00+02:00,-0.0,0.0,-0.000266,-0.00118,-5.5e-05,-5.2e-05,-1.4e-05,-2.9e-05,-0.000532,-8e-05,-2.2e-05,-3e-06,-0.000607,-0.000625,-0.000643,-0.001196,-0.000104,-0.0,-6.1e-05,-0.001194,0.0,-0.001194,-0.000171,-1e-05,-0.001168,-0.001196,-1.7e-05,-0.0,-0.000196,-3.2e-05,-0.0,-0.000588,0.0,-0.000625,-0.000643,-0.0,-0.000705,-0.000153,-0.0,-0.001194,-7.8e-05,-1e-05,-0.000728,-0.0,-5e-05,-0.000728,-0.000114,-0.000234,-0.00037,-0.0,-2e-05,-0.000588,-0.000607,-0.000625,-0.0,0.0,-0.000174,-9e-06,0.0,-0.00011,-0.000569,-0.001194,-0.001189,-0.0,-0.000277,-0.001196,-1.2e-05,-0.000249,0.0,-3.8e-05,-0.000359,-8.9e-05,-6.7e-05,-0.000625,-0.000643,0.0,-0.000203,-1e-06,-0.000132,-9e-06,-0.000569,-0.0,-0.000776,-0.00118,-3.4e-05,-0.000133,-0.000309,-0.0,-1.5e-05,-0.0,-2.5e-05,-0.000588,-0.000607,0.0,-0.000643,-0.001194,-0.001166,-0.001179,-0.0,-0.001194,-3.5e-05,-0.001194,-0.000147,-0.0,-5.8e-05,-0.001196,-0.000588,-0.001179,-0.001187,-0.001194,-8e-05,-0.000177,-0.000203,-1.5e-05,-7.2e-05,-0.000799,-0.001111,-0.000569
2017-05-26 18:00:00+02:00,-0.0,0.0,-0.000213,-0.000944,-4.4e-05,-4.2e-05,-1.1e-05,-2.4e-05,-0.000425,-6.4e-05,-1.8e-05,-3e-06,-0.000485,-0.0005,-0.000514,-0.000957,-8.3e-05,-0.0,-4.9e-05,-0.000955,0.0,-0.000955,-0.000137,-8e-06,-0.000935,-0.000957,-1.4e-05,-0.0,-0.000157,-2.6e-05,-0.0,-0.000471,0.0,-0.0005,-0.000514,-0.0,-0.000564,-0.000122,-0.0,-0.000955,-6.3e-05,-8e-06,-0.000582,-0.0,-4e-05,-0.000582,-9.1e-05,-0.000187,-0.000296,-0.0,-1.6e-05,-0.000471,-0.000485,-0.0005,-0.0,0.0,-0.000139,-7e-06,0.0,-8.8e-05,-0.000455,-0.000955,-0.000951,-0.0,-0.000222,-0.000957,-9e-06,-0.000199,0.0,-3.1e-05,-0.000287,-7.2e-05,-5.4e-05,-0.0005,-0.000514,0.0,-0.000163,-1e-06,-0.000106,-8e-06,-0.000455,-0.0,-0.000621,-0.000944,-2.8e-05,-0.000106,-0.000247,-0.0,-1.2e-05,-0.0,-2e-05,-0.000471,-0.000485,0.0,-0.000514,-0.000955,-0.000933,-0.000943,-0.0,-0.000955,-2.8e-05,-0.000955,-0.000117,-0.0,-4.7e-05,-0.000957,-0.000471,-0.000943,-0.00095,-0.000955,-6.4e-05,-0.000141,-0.000163,-1.2e-05,-5.8e-05,-0.00064,-0.000889,-0.000455
2017-05-26 18:01:00+02:00,-0.0,0.0,-0.00017,-0.000755,-3.5e-05,-3.3e-05,-9e-06,-1.9e-05,-0.00034,-5.1e-05,-1.4e-05,-2e-06,-0.000388,-0.0004,-0.000411,-0.000765,-6.7e-05,-0.0,-3.9e-05,-0.000764,0.0,-0.000764,-0.000109,-7e-06,-0.000748,-0.000765,-1.1e-05,-0.0,-0.000125,-2.1e-05,-0.0,-0.000377,0.0,-0.0004,-0.000411,-0.0,-0.000451,-9.8e-05,-0.0,-0.000764,-5e-05,-7e-06,-0.000466,-0.0,-3.2e-05,-0.000466,-7.3e-05,-0.00015,-0.000237,-0.0,-1.3e-05,-0.000377,-0.000388,-0.0004,-0.0,0.0,-0.000111,-6e-06,0.0,-7e-05,-0.000364,-0.000764,-0.000761,-0.0,-0.000177,-0.000765,-8e-06,-0.00016,0.0,-2.5e-05,-0.00023,-5.7e-05,-4.3e-05,-0.0004,-0.000411,0.0,-0.00013,-1e-06,-8.5e-05,-6e-06,-0.000364,-0.0,-0.000497,-0.000755,-2.2e-05,-8.5e-05,-0.000198,-0.0,-1e-05,-0.0,-1.6e-05,-0.000377,-0.000388,0.0,-0.000411,-0.000764,-0.000747,-0.000754,-0.0,-0.000764,-2.2e-05,-0.000764,-9.4e-05,-0.0,-3.7e-05,-0.000765,-0.000377,-0.000754,-0.00076,-0.000764,-5.1e-05,-0.000113,-0.00013,-1e-05,-4.6e-05,-0.000512,-0.000711,-0.000364
2017-05-26 18:02:00+02:00,-0.0,0.0,-0.000136,-0.000604,-2.8e-05,-2.7e-05,-7e-06,-1.5e-05,-0.000272,-4.1e-05,-1.2e-05,-2e-06,-0.000311,-0.00032,-0.000329,-0.000612,-5.3e-05,-0.0,-3.1e-05,-0.000612,0.0,-0.000612,-8.7e-05,-5e-06,-0.000598,-0.000612,-9e-06,-0.0,-0.0001,-1.7e-05,-0.0,-0.000301,0.0,-0.00032,-0.000329,-0.0,-0.000361,-7.8e-05,-0.0,-0.000612,-4e-05,-5e-06,-0.000373,-0.0,-2.6e-05,-0.000373,-5.8e-05,-0.00012,-0.000189,-0.0,-1e-05,-0.000301,-0.000311,-0.00032,-0.0,0.0,-8.9e-05,-4e-06,0.0,-5.6e-05,-0.000291,-0.000612,-0.000609,-0.0,-0.000142,-0.000612,-6e-06,-0.000128,0.0,-2e-05,-0.000184,-4.6e-05,-3.5e-05,-0.00032,-0.000329,0.0,-0.000104,-1e-06,-6.8e-05,-5e-06,-0.000291,-0.0,-0.000397,-0.000604,-1.8e-05,-6.8e-05,-0.000158,-0.0,-8e-06,-0.0,-1.3e-05,-0.000301,-0.000311,0.0,-0.000329,-0.000612,-0.000597,-0.000603,-0.0,-0.000612,-1.8e-05,-0.000612,-7.5e-05,-0.0,-3e-05,-0.000612,-0.000301,-0.000603,-0.000608,-0.000612,-4.1e-05,-9e-05,-0.000104,-8e-06,-3.7e-05,-0.000409,-0.000569,-0.000291
2017-05-26 18:03:00+02:00,-0.0,0.0,-0.000109,-0.000483,-2.2e-05,-2.1e-05,-6e-06,-1.2e-05,-0.000218,-3.3e-05,-9e-06,-1e-06,-0.000249,-0.000256,-0.000263,-0.00049,-4.3e-05,-0.0,-2.5e-05,-0.000489,0.0,-0.000489,-7e-05,-4e-06,-0.000478,-0.00049,-7e-06,-0.0,-8e-05,-1.3e-05,-0.0,-0.000241,0.0,-0.000256,-0.000263,-0.0,-0.000289,-6.3e-05,-0.0,-0.000489,-3.2e-05,-4e-06,-0.000298,-0.0,-2.1e-05,-0.000298,-4.7e-05,-9.6e-05,-0.000151,-0.0,-8e-06,-0.000241,-0.000249,-0.000256,-0.0,0.0,-7.1e-05,-4e-06,0.0,-4.5e-05,-0.000233,-0.000489,-0.000487,-0.0,-0.000113,-0.00049,-5e-06,-0.000102,0.0,-1.6e-05,-0.000147,-3.7e-05,-2.8e-05,-0.000256,-0.000263,0.0,-8.3e-05,-0.0,-5.4e-05,-4e-06,-0.000233,-0.0,-0.000318,-0.000483,-1.4e-05,-5.4e-05,-0.000127,-0.0,-6e-06,-0.0,-1e-05,-0.000241,-0.000249,0.0,-0.000263,-0.000489,-0.000478,-0.000483,-0.0,-0.000489,-1.4e-05,-0.000489,-6e-05,-0.0,-2.4e-05,-0.00049,-0.000241,-0.000483,-0.000486,-0.000489,-3.3e-05,-7.2e-05,-8.3e-05,-6e-06,-3e-05,-0.000327,-0.000455,-0.000233
2017-05-26 18:04:00+02:00,-0.0,0.0,-8.7e-05,-0.000387,-1.8e-05,-1.7e-05,-4e-06,-1e-05,-0.000174,-2.6e-05,-7e-06,-1e-06,-0.000227,-0.000206,-0.000211,-0.000392,-3.4e-05,-0.0,-2e-05,-0.000391,0.0,-0.000391,-5.6e-05,-3e-06,-0.000383,-0.000392,-6e-06,-0.0,-6.4e-05,-1.1e-05,-0.0,-0.000193,0.0,-0.000205,-0.000211,-0.0,-0.000231,-5e-05,-0.0,-0.000391,-2.6e-05,-3e-06,-0.000239,-0.0,-1.6e-05,-0.000238,-3.7e-05,-7.7e-05,-0.000121,-0.0,-7e-06,-0.000193,-0.000199,-0.000235,-0.0,0.0,-5.7e-05,-3e-06,0.0,-3.6e-05,-0.000187,-0.000391,-0.00039,-0.0,-9.1e-05,-0.000392,-4e-06,-8.2e-05,0.0,-1.3e-05,-0.000118,-2.9e-05,-2.2e-05,-0.000205,-0.000211,0.0,-6.7e-05,-0.0,-4.3e-05,-3e-06,-0.000187,-0.0,-0.000254,-0.000387,-1.1e-05,-4.3e-05,-0.000103,-0.0,-5e-06,-0.0,-8e-06,-0.000193,-0.000215,0.0,-0.000211,-0.000391,-0.000382,-0.000386,-0.0,-0.000391,-1.1e-05,-0.000391,-4.8e-05,-0.0,-1.9e-05,-0.000434,-0.000212,-0.000386,-0.000389,-0.000391,-2.6e-05,-5.8e-05,-6.7e-05,-5e-06,-2.4e-05,-0.000262,-0.000364,-0.000193
2017-05-26 18:05:00+02:00,-5e-06,0.0,-0.000282,-0.001031,-0.000158,-0.000103,-2.3e-05,-4.5e-05,-0.000379,-0.00011,-5.9e-05,-2.4e-05,-0.000888,-0.000966,-0.000786,-0.001214,-0.000164,-1e-06,-0.000121,-0.000828,0.0,-0.000826,-0.000314,-5.5e-05,-0.001321,-0.001306,-2.6e-05,-0.0,-0.000161,-5.1e-05,-0.0,-0.00073,0.0,-0.000913,-0.00105,-1e-05,-0.000669,-0.000288,-0.0,-0.001439,-0.000134,-5.7e-05,-0.000534,-0.0,-0.000148,-0.00069,-8e-05,-0.00012,-0.000274,-0.0,-3.6e-05,-0.000412,-0.000721,-0.000989,-0.0,0.0,-0.000216,-4.2e-05,0.0,-0.000242,-0.000354,-0.001445,-0.001008,-0.0,-0.000279,-0.001249,-2.1e-05,-0.00013,0.0,-7.6e-05,-0.000246,-0.000153,-0.00015,-0.000519,-0.00105,0.0,-0.000306,-2.5e-05,-0.000272,-5.4e-05,-0.000532,-0.0,-0.000721,-0.001391,-0.000111,-0.000199,-0.000175,-0.0,-3.6e-05,-6e-06,-6.8e-05,-0.000664,-0.000878,0.0,-0.000779,-0.001036,-0.001209,-0.001251,-0.0,-0.001387,-8.4e-05,-0.001132,-8.8e-05,-0.0,-9.9e-05,-0.001483,-0.000767,-0.001185,-0.001079,-0.00131,-0.000136,-0.000149,-0.000149,-5.8e-05,-0.000196,-0.000572,-0.000954,-0.000634
2017-05-26 18:06:00+02:00,-4e-06,0.0,-0.000294,-0.001369,-0.000139,-8.3e-05,-2.5e-05,-5.2e-05,-0.000492,-0.000124,-4.7e-05,-1.9e-05,-0.001407,-0.001564,-0.00109,-0.001679,-0.000136,-1e-06,-9.7e-05,-0.001022,0.0,-0.001018,-0.000378,-4.4e-05,-0.001871,-0.00184,-3e-05,-0.0,-0.000199,-4.1e-05,-0.0,-0.001042,0.0,-0.001326,-0.001627,-8e-06,-0.000853,-0.000342,-0.0,-0.002165,-0.000158,-4.5e-05,-0.000622,-0.0,-0.000122,-0.000875,-9.9e-05,-0.000134,-0.000351,-0.0,-2.9e-05,-0.000504,-0.001015,-0.001583,-0.0,0.0,-0.00021,-3.4e-05,0.0,-0.000263,-0.000421,-0.002111,-0.001323,-0.0,-0.000294,-0.001741,-2.2e-05,-0.000147,0.0,-8.1e-05,-0.000283,-0.000166,-0.000149,-0.000659,-0.001686,0.0,-0.000349,-2e-05,-0.000313,-4.3e-05,-0.000724,-0.0,-0.000921,-0.00203,-8.9e-05,-0.000177,-0.000232,-0.0,-2.9e-05,-5e-06,-5.4e-05,-0.000934,-0.001399,0.0,-0.001086,-0.001359,-0.001691,-0.001757,-0.0,-0.001969,-7.4e-05,-0.001537,-9.9e-05,-0.0,-0.000116,-0.002316,-0.001202,-0.001632,-0.00145,-0.001849,-0.000161,-0.000184,-0.000166,-4.7e-05,-0.00019,-0.000669,-0.001244,-0.000978
2017-05-26 18:07:00+02:00,-3e-06,0.0,-0.000235,-0.001512,-0.000111,-6.6e-05,-2e-05,-4.5e-05,-0.000541,-9.9e-05,-3.8e-05,-1.5e-05,-0.001735,-0.001884,-0.0012,-0.001911,-0.000109,-1e-06,-7.8e-05,-0.001071,0.0,-0.001065,-0.000328,-3.5e-05,-0.002134,-0.002123,-2.6e-05,-0.0,-0.000203,-3.2e-05,-0.0,-0.001188,0.0,-0.001519,-0.001924,-6e-06,-0.000865,-0.000289,-0.0,-0.00254,-0.000134,-3.6e-05,-0.000593,-0.0,-9.7e-05,-0.000898,-0.000104,-0.000131,-0.000375,-0.0,-2.3e-05,-0.00052,-0.001161,-0.001956,-0.0,0.0,-0.000168,-2.7e-05,0.0,-0.00021,-0.000429,-0.002445,-0.001445,-0.0,-0.000235,-0.001993,-1.8e-05,-0.000147,0.0,-6.5e-05,-0.00027,-0.000133,-0.000119,-0.000694,-0.002023,0.0,-0.00028,-1.6e-05,-0.000251,-3.5e-05,-0.000816,-0.0,-0.000957,-0.002351,-7.1e-05,-0.000142,-0.000265,-0.0,-2.3e-05,-4e-06,-4.3e-05,-0.001072,-0.001705,0.0,-0.001224,-0.001452,-0.001945,-0.002026,-0.0,-0.002246,-5.9e-05,-0.001725,-9.5e-05,-0.0,-9.7e-05,-0.002844,-0.001466,-0.00182,-0.001614,-0.002137,-0.000139,-0.000185,-0.000149,-3.7e-05,-0.000152,-0.000645,-0.001345,-0.001169
2017-05-26 18:08:00+02:00,-2e-06,0.0,-0.000188,-0.001536,-8.9e-05,-5.3e-05,-1.6e-05,-3.6e-05,-0.000557,-7.9e-05,-3e-05,-1.2e-05,-0.001931,-0.002067,-0.001216,-0.001998,-8.7e-05,-0.0,-6.2e-05,-0.000974,0.0,-0.000965,-0.000263,-2.8e-05,-0.002254,-0.002249,-2.1e-05,-0.0,-0.000187,-2.6e-05,-0.0,-0.00125,0.0,-0.001603,-0.002082,-5e-06,-0.000796,-0.000231,-0.0,-0.002743,-0.000107,-2.9e-05,-0.000474,-0.0,-7.8e-05,-0.000828,-0.000101,-0.000111,-0.000375,-0.0,-1.8e-05,-0.000465,-0.001215,-0.002179,-0.0,0.0,-0.000134,-2.2e-05,0.0,-0.000168,-0.00038,-0.002614,-0.00145,-0.0,-0.000188,-0.002095,-1.4e-05,-0.000129,0.0,-5.2e-05,-0.000216,-0.000106,-9.5e-05,-0.000626,-0.002213,0.0,-0.000224,-1.3e-05,-0.000201,-2.8e-05,-0.000846,-0.0,-0.000898,-0.002514,-5.7e-05,-0.000113,-0.000284,-0.0,-1.8e-05,-3e-06,-3.5e-05,-0.001128,-0.001885,0.0,-0.001259,-0.001436,-0.002057,-0.002145,-0.0,-0.002371,-4.7e-05,-0.001779,-7.6e-05,-0.0,-7.8e-05,-0.003166,-0.001621,-0.001882,-0.001652,-0.002266,-0.000111,-0.000166,-0.000119,-3e-05,-0.000121,-0.000517,-0.001333,-0.001278
2017-05-26 18:09:00+02:00,-2e-06,0.0,-0.00015,-0.001537,-7.1e-05,-4.2e-05,-1.3e-05,-2.9e-05,-0.00056,-6.4e-05,-2.4e-05,-1e-05,-0.00206,-0.002184,-0.001205,-0.002046,-7e-05,-0.0,-5e-05,-0.000875,0.0,-0.000864,-0.00021,-2.3e-05,-0.002319,-0.002328,-1.7e-05,-0.0,-0.00017,-2.1e-05,-0.0,-0.00128,0.0,-0.001645,-0.002179,-4e-06,-0.000719,-0.000185,-0.0,-0.002867,-8.6e-05,-2.3e-05,-0.000379,-0.0,-6.2e-05,-0.000754,-9.7e-05,-9.2e-05,-0.000367,-0.0,-1.5e-05,-0.000409,-0.001243,-0.002327,-0.0,0.0,-0.000107,-1.7e-05,0.0,-0.000135,-0.000332,-0.002714,-0.001436,-0.0,-0.00015,-0.002155,-1.1e-05,-0.000112,0.0,-4.2e-05,-0.000173,-8.5e-05,-7.6e-05,-0.000557,-0.002334,0.0,-0.000179,-1e-05,-0.00016,-2.2e-05,-0.00086,-0.0,-0.000834,-0.00261,-4.5e-05,-9.1e-05,-0.000295,-0.0,-1.5e-05,-3e-06,-2.8e-05,-0.001159,-0.002001,0.0,-0.001272,-0.001396,-0.002127,-0.00222,-0.0,-0.002435,-3.8e-05,-0.001802,-6.1e-05,-0.0,-6.2e-05,-0.003382,-0.001721,-0.001901,-0.001664,-0.002349,-8.9e-05,-0.000148,-9.5e-05,-2.4e-05,-9.7e-05,-0.000414,-0.001305,-0.001344
2017-05-26 18:10:00+02:00,-2e-06,0.0,-0.00012,-0.001543,-5.7e-05,-3.4e-05,-1e-05,-2.3e-05,-0.000559,-5.1e-05,-1.9e-05,-8e-06,-0.002153,-0.002268,-0.001195,-0.002091,-5.6e-05,-0.0,-4e-05,-0.000844,0.0,-0.000832,-0.000168,-1.8e-05,-0.002365,-0.002396,-1.3e-05,-0.0,-0.000158,-1.7e-05,-0.0,-0.001299,0.0,-0.001674,-0.002249,-3e-06,-0.000659,-0.000148,-0.0,-0.002959,-6.9e-05,-1.9e-05,-0.000304,-0.0,-5e-05,-0.000703,-9.4e-05,-8.3e-05,-0.000358,-0.0,-1.2e-05,-0.000387,-0.001268,-0.002435,-0.0,0.0,-8.6e-05,-1.4e-05,0.0,-0.000108,-0.000312,-0.002787,-0.001431,-0.0,-0.00012,-0.002209,-9e-06,-0.000104,0.0,-3.3e-05,-0.000142,-6.8e-05,-6.1e-05,-0.000535,-0.002422,0.0,-0.000143,-8e-06,-0.000128,-1.8e-05,-0.000871,-0.0,-0.00079,-0.002681,-3.6e-05,-7.3e-05,-0.000302,-0.0,-1.2e-05,-2e-06,-2.2e-05,-0.001185,-0.002084,0.0,-0.001286,-0.001363,-0.002185,-0.002284,-0.0,-0.002482,-3e-05,-0.001827,-5.1e-05,-0.0,-5e-05,-0.003543,-0.001791,-0.001913,-0.001678,-0.002419,-7.1e-05,-0.000135,-7.6e-05,-1.9e-05,-7.8e-05,-0.000343,-0.001289,-0.00139
2017-05-26 18:11:00+02:00,-1e-06,0.0,-9.6e-05,-0.001555,-4.5e-05,-2.7e-05,-8e-06,-1.9e-05,-0.000556,-4.1e-05,-1.6e-05,-6e-06,-0.002213,-0.002322,-0.001178,-0.002134,-4.5e-05,-0.0,-3.2e-05,-0.000789,0.0,-0.000776,-0.000135,-1.4e-05,-0.002393,-0.00246,-1.1e-05,-0.0,-0.000149,-1.3e-05,-0.0,-0.001306,0.0,-0.001687,-0.002291,-3e-06,-0.000604,-0.000118,-0.0,-0.003018,-5.5e-05,-1.5e-05,-0.000243,-0.0,-4e-05,-0.000667,-9.2e-05,-7.2e-05,-0.000349,-0.0,-9e-06,-0.000354,-0.00129,-0.002507,-0.0,0.0,-6.9e-05,-1.1e-05,0.0,-8.6e-05,-0.000283,-0.002832,-0.001433,-0.0,-9.6e-05,-0.00226,-7e-06,-9.3e-05,0.0,-2.7e-05,-0.000113,-5.4e-05,-4.9e-05,-0.000496,-0.002477,0.0,-0.000115,-7e-06,-0.000103,-1.4e-05,-0.000882,-0.0,-0.00076,-0.002725,-2.9e-05,-5.8e-05,-0.000306,-0.0,-9e-06,-2e-06,-1.8e-05,-0.001208,-0.002138,0.0,-0.0013,-0.001327,-0.002241,-0.002345,-0.0,-0.002508,-2.4e-05,-0.001853,-4.1e-05,-0.0,-4e-05,-0.003656,-0.001836,-0.001911,-0.001696,-0.002486,-5.7e-05,-0.000125,-6.1e-05,-1.5e-05,-6.2e-05,-0.000274,-0.001282,-0.001417
2017-05-26 18:12:00+02:00,-1e-06,0.0,-7.7e-05,-0.001541,-3.6e-05,-2.2e-05,-7e-06,-1.5e-05,-0.000546,-3.3e-05,-1.2e-05,-5e-06,-0.002233,-0.002335,-0.001141,-0.002142,-3.6e-05,-0.0,-2.5e-05,-0.000691,0.0,-0.000676,-0.000108,-1.2e-05,-0.002391,-0.002485,-8e-06,-0.0,-0.000137,-1.1e-05,-0.0,-0.001295,0.0,-0.001674,-0.002295,-2e-06,-0.000535,-9.5e-05,-0.0,-0.003028,-4.4e-05,-1.2e-05,-0.000194,-0.0,-3.2e-05,-0.000617,-8.9e-05,-5.7e-05,-0.000335,-0.0,-7e-06,-0.000302,-0.001291,-0.002531,-0.0,0.0,-5.5e-05,-9e-06,0.0,-6.9e-05,-0.00024,-0.002833,-0.001411,-0.0,-7.7e-05,-0.002274,-6e-06,-7.8e-05,0.0,-2.1e-05,-9.1e-05,-4.4e-05,-3.9e-05,-0.000427,-0.00249,0.0,-9.2e-05,-5e-06,-8.2e-05,-1.1e-05,-0.000878,-0.0,-0.000714,-0.002727,-2.3e-05,-4.6e-05,-0.000307,-0.0,-7e-06,-1e-06,-1.4e-05,-0.001211,-0.002153,0.0,-0.001292,-0.001269,-0.00226,-0.002368,-0.0,-0.002498,-1.9e-05,-0.001849,-3.3e-05,-0.0,-3.2e-05,-0.003702,-0.001847,-0.001881,-0.001686,-0.002512,-4.6e-05,-0.000112,-4.9e-05,-1.2e-05,-5e-05,-0.000219,-0.001253,-0.001419
2017-05-26 18:13:00+02:00,-1e-06,0.0,-6.2e-05,-0.001527,-2.9e-05,-1.7e-05,-5e-06,-1.2e-05,-0.000539,-2.6e-05,-1e-05,-4e-06,-0.002251,-0.002348,-0.001113,-0.002145,-2.9e-05,-0.0,-2e-05,-0.000606,0.0,-0.000591,-8.6e-05,-9e-06,-0.002402,-0.0025,-7e-06,-0.0,-0.000126,-8e-06,-0.0,-0.00129,0.0,-0.001669,-0.002302,-2e-06,-0.000481,-7.6e-05,-0.0,-0.003042,-3.5e-05,-9e-06,-0.000156,-0.0,-2.6e-05,-0.000574,-8.6e-05,-4.6e-05,-0.000323,-0.0,-6e-06,-0.000256,-0.001288,-0.002555,-0.0,0.0,-4.4e-05,-7e-06,0.0,-5.5e-05,-0.000202,-0.002839,-0.001391,-0.0,-6.2e-05,-0.002283,-5e-06,-6.5e-05,0.0,-1.7e-05,-7.3e-05,-3.5e-05,-3.1e-05,-0.000368,-0.002503,0.0,-7.3e-05,-4e-06,-6.6e-05,-9e-06,-0.000871,-0.0,-0.000677,-0.002734,-1.9e-05,-3.7e-05,-0.000306,-0.0,-6e-06,-1e-06,-1.1e-05,-0.00121,-0.002167,0.0,-0.001282,-0.001224,-0.002271,-0.002382,-0.0,-0.0025,-1.6e-05,-0.001843,-2.6e-05,-0.0,-2.6e-05,-0.003747,-0.001857,-0.00186,-0.001675,-0.002529,-3.6e-05,-0.000101,-3.9e-05,-1e-05,-4e-05,-0.000175,-0.001227,-0.001421
2017-05-26 18:14:00+02:00,-1e-06,0.0,-4.9e-05,-0.001535,-2.3e-05,-1.4e-05,-4e-06,-9e-06,-0.000535,-2.1e-05,-8e-06,-3e-06,-0.002274,-0.002371,-0.001104,-0.002168,-2.3e-05,-0.0,-1.6e-05,-0.000632,0.0,-0.000616,-6.9e-05,-7e-06,-0.00243,-0.002534,-5e-06,-0.0,-0.000121,-7e-06,-0.0,-0.001294,0.0,-0.001676,-0.002321,-1e-06,-0.000452,-6.1e-05,-0.0,-0.003073,-2.8e-05,-8e-06,-0.000124,-0.0,-2e-05,-0.000558,-8.5e-05,-4.4e-05,-0.000316,-0.0,-5e-06,-0.000262,-0.001296,-0.002584,-0.0,0.0,-3.5e-05,-6e-06,0.0,-4.4e-05,-0.000205,-0.002864,-0.001395,-0.0,-4.9e-05,-0.00231,-4e-06,-6.5e-05,0.0,-1.4e-05,-5.8e-05,-2.8e-05,-2.5e-05,-0.000383,-0.002528,0.0,-5.9e-05,-3e-06,-5.3e-05,-7e-06,-0.000872,-0.0,-0.000664,-0.002759,-1.5e-05,-3e-05,-0.000307,-0.0,-5e-06,-1e-06,-9e-06,-0.001217,-0.002187,0.0,-0.001289,-0.001207,-0.002297,-0.002412,-0.0,-0.00252,-1.2e-05,-0.001858,-2.1e-05,-0.0,-2e-05,-0.003801,-0.001871,-0.001861,-0.001685,-0.002563,-2.9e-05,-9.6e-05,-3.1e-05,-8e-06,-3.2e-05,-0.00014,-0.001226,-0.001427
2017-05-26 18:15:00+02:00,-1e-06,0.0,-3.9e-05,-0.001573,-1.9e-05,-1.1e-05,-3e-06,-8e-06,-0.000534,-1.7e-05,-6e-06,-3e-06,-0.002309,-0.002408,-0.001119,-0.002219,-1.8e-05,-0.0,-1.3e-05,-0.0007,0.0,-0.000684,-5.5e-05,-6e-06,-0.00248,-0.002592,-4e-06,-0.0,-0.000123,-5e-06,-0.0,-0.001309,0.0,-0.001701,-0.002359,-1e-06,-0.000456,-4.9e-05,-0.0,-0.003128,-2.3e-05,-6e-06,-0.000123,-0.0,-1.6e-05,-0.000578,-8.6e-05,-4.8e-05,-0.000314,-0.0,-4e-06,-0.000288,-0.001321,-0.002627,-0.0,0.0,-2.8e-05,-5e-06,0.0,-3.5e-05,-0.000224,-0.002916,-0.001429,-0.0,-3.9e-05,-0.002363,-3e-06,-7e-05,0.0,-1.1e-05,-5.9e-05,-2.2e-05,-2e-05,-0.000427,-0.00257,0.0,-4.7e-05,-3e-06,-4.2e-05,-6e-06,-0.000883,-0.0,-0.000686,-0.002809,-1.2e-05,-2.4e-05,-0.000307,-0.0,-4e-06,-1e-06,-7e-06,-0.001237,-0.00222,0.0,-0.001318,-0.001223,-0.002345,-0.002464,-0.0,-0.002566,-1e-05,-0.001903,-2.2e-05,-0.0,-1.6e-05,-0.003876,-0.001895,-0.001889,-0.001724,-0.002621,-2.3e-05,-9.7e-05,-2.5e-05,-6e-06,-2.5e-05,-0.000149,-0.001257,-0.00144
2017-05-26 18:16:00+02:00,-0.0,0.0,-3.2e-05,-0.001584,-1.5e-05,-9e-06,-3e-06,-7e-06,-0.000525,-1.3e-05,-5e-06,-2e-06,-0.002326,-0.002428,-0.001123,-0.002236,-1.5e-05,-0.0,-1e-05,-0.000744,0.0,-0.000727,-5.1e-05,-5e-06,-0.002497,-0.002613,-3e-06,-0.0,-0.00012,-4e-06,-0.0,-0.001308,0.0,-0.001708,-0.002378,-1e-06,-0.000451,-3.9e-05,-0.0,-0.003156,-1.8e-05,-5e-06,-0.000118,-0.0,-1.3e-05,-0.000579,-8.4e-05,-5e-05,-0.000308,-0.0,-3e-06,-0.000304,-0.001325,-0.002651,-0.0,0.0,-2.3e-05,-4e-06,0.0,-2.8e-05,-0.000234,-0.002941,-0.001438,-0.0,-3.2e-05,-0.002382,-2e-06,-7.1e-05,0.0,-9e-06,-5.8e-05,-1.8e-05,-1.6e-05,-0.000455,-0.002594,0.0,-3.8e-05,-2e-06,-3.4e-05,-5e-06,-0.00088,-0.0,-0.000688,-0.002834,-1e-05,-1.9e-05,-0.000302,-0.0,-3e-06,-1e-06,-6e-06,-0.001238,-0.002236,0.0,-0.001326,-0.001226,-0.002359,-0.002481,-0.0,-0.002583,-8e-06,-0.001917,-2.1e-05,-0.0,-1.3e-05,-0.003922,-0.001904,-0.001898,-0.001735,-0.002642,-1.9e-05,-9.5e-05,-2e-05,-5e-06,-2e-05,-0.000151,-0.001264,-0.001441
2017-05-26 18:17:00+02:00,-0.0,0.0,-2.5e-05,-0.001452,-1.2e-05,-7e-06,-2e-06,-6e-06,-0.000486,-1.1e-05,-4e-06,-2e-06,-0.001764,-0.002031,-0.001023,-0.002055,-1.2e-05,-0.0,-8e-06,-0.000692,0.0,-0.000676,-4.1e-05,-4e-06,-0.002304,-0.002403,-3e-06,-0.0,-0.000109,-3e-06,-0.0,-0.001193,0.0,-0.001559,-0.002176,-1e-06,-0.000411,-3.1e-05,-0.0,-0.002919,-1.4e-05,-4e-06,-9.4e-05,-0.0,-1e-05,-0.000524,-8.1e-05,-4.7e-05,-0.000285,-0.0,-2e-06,-0.000278,-0.001204,-0.002031,-0.0,0.0,-1.8e-05,-3e-06,0.0,-2.3e-05,-0.000215,-0.002719,-0.001317,-0.0,-2.5e-05,-0.002189,-2e-06,-6.8e-05,0.0,-7e-06,-4.8e-05,-1.4e-05,-1.3e-05,-0.000418,-0.00227,0.0,-3e-05,-2e-06,-2.7e-05,-4e-06,-0.000801,-0.0,-0.000625,-0.002619,-8e-06,-1.5e-05,-0.000299,-0.0,-2e-06,-0.0,-5e-06,-0.001125,-0.001764,0.0,-0.001205,-0.001127,-0.002165,-0.002279,-0.0,-0.002383,-6e-06,-0.00176,-1.8e-05,-0.0,-1e-05,-0.003294,-0.001474,-0.001748,-0.001591,-0.002429,-1.5e-05,-8.5e-05,-1.6e-05,-4e-06,-1.6e-05,-0.000127,-0.001156,-0.001178
2017-05-26 18:18:00+02:00,-0.0,0.0,-2e-05,-0.001162,-1e-05,-6e-06,-2e-06,-4e-06,-0.000389,-9e-06,-3e-06,-1e-06,-0.000724,-0.000786,-0.000819,-0.001449,-9e-06,-0.0,-7e-06,-0.000553,0.0,-0.000541,-3.3e-05,-3e-06,-0.001376,-0.001449,-2e-06,-0.0,-8.7e-05,-3e-06,-0.0,-0.000659,0.0,-0.000786,-0.000846,-1e-06,-0.000329,-2.5e-05,-0.0,-0.001437,-1.2e-05,-3e-06,-7.5e-05,-0.0,-8e-06,-0.000419,-6.5e-05,-3.7e-05,-0.000228,-0.0,-2e-06,-0.000222,-0.000724,-0.000786,-0.0,0.0,-1.4e-05,-2e-06,0.0,-1.8e-05,-0.000172,-0.001449,-0.001054,-0.0,-2e-05,-0.001449,-2e-06,-5.4e-05,0.0,-6e-06,-3.8e-05,-1.1e-05,-1e-05,-0.000334,-0.000846,0.0,-2.4e-05,-1e-06,-2.2e-05,-3e-06,-0.000595,-0.0,-0.0005,-0.001411,-6e-06,-1.2e-05,-0.000239,-0.0,-2e-06,-0.0,-4e-06,-0.000659,-0.000724,0.0,-0.000846,-0.000902,-0.001334,-0.001377,-0.0,-0.001437,-5e-06,-0.001408,-1.5e-05,-0.0,-8e-06,-0.001449,-0.000659,-0.001377,-0.001273,-0.001437,-1.2e-05,-6.8e-05,-1.3e-05,-3e-06,-1.3e-05,-0.000102,-0.000925,-0.000595
2017-05-26 18:19:00+02:00,-0.0,0.0,-1.6e-05,-0.000929,-8e-06,-5e-06,-1e-06,-4e-06,-0.000311,-7e-06,-3e-06,-1e-06,-0.000579,-0.000629,-0.000655,-0.001159,-7e-06,-0.0,-5e-06,-0.000443,0.0,-0.000433,-2.6e-05,-2e-06,-0.001101,-0.001159,-2e-06,-0.0,-7e-05,-2e-06,-0.0,-0.000527,0.0,-0.000629,-0.000677,-0.0,-0.000263,-2e-05,-0.0,-0.001149,-9e-06,-2e-06,-6e-05,-0.0,-7e-06,-0.000335,-5.2e-05,-3e-05,-0.000182,-0.0,-2e-06,-0.000178,-0.000579,-0.000629,-0.0,0.0,-1.2e-05,-2e-06,0.0,-1.4e-05,-0.000137,-0.001159,-0.000843,-0.0,-1.6e-05,-0.001159,-1e-06,-4.3e-05,0.0,-4e-06,-3e-05,-9e-06,-8e-06,-0.000268,-0.000677,0.0,-1.9e-05,-1e-06,-1.7e-05,-2e-06,-0.000476,-0.0,-0.0004,-0.001128,-5e-06,-1e-05,-0.000191,-0.0,-2e-06,-0.0,-3e-06,-0.000527,-0.000579,0.0,-0.000677,-0.000721,-0.001067,-0.001102,-0.0,-0.001149,-4e-06,-0.001126,-1.2e-05,-0.0,-7e-06,-0.001159,-0.000527,-0.001102,-0.001018,-0.001149,-1e-05,-5.5e-05,-1e-05,-3e-06,-1e-05,-8.1e-05,-0.00074,-0.000476
2017-05-26 18:20:00+02:00,-0.0,0.0,-1.3e-05,-0.000743,-6e-06,-4e-06,-1e-06,-3e-06,-0.000249,-5e-06,-2e-06,-1e-06,-0.000463,-0.000503,-0.000524,-0.000927,-6e-06,-0.0,-4e-06,-0.000354,0.0,-0.000346,-2.1e-05,-2e-06,-0.00088,-0.000927,-1e-06,-0.0,-5.6e-05,-2e-06,-0.0,-0.000422,0.0,-0.000503,-0.000541,-0.0,-0.00021,-1.6e-05,-0.0,-0.000919,-7e-06,-2e-06,-4.8e-05,-0.0,-5e-06,-0.000268,-4.2e-05,-2.4e-05,-0.000146,-0.0,-1e-06,-0.000142,-0.000463,-0.000503,-0.0,0.0,-9e-06,-1e-06,0.0,-1.2e-05,-0.00011,-0.000927,-0.000674,-0.0,-1.3e-05,-0.000927,-1e-06,-3.5e-05,0.0,-4e-06,-2.4e-05,-7e-06,-7e-06,-0.000214,-0.000541,0.0,-1.5e-05,-1e-06,-1.4e-05,-2e-06,-0.000381,-0.0,-0.00032,-0.000903,-4e-06,-8e-06,-0.000153,-0.0,-1e-06,-0.0,-2e-06,-0.000422,-0.000463,0.0,-0.000541,-0.000577,-0.000854,-0.000882,-0.0,-0.000919,-3e-06,-0.000901,-9e-06,-0.0,-5e-06,-0.000927,-0.000422,-0.000882,-0.000815,-0.000919,-8e-06,-4.4e-05,-8e-06,-2e-06,-8e-06,-6.5e-05,-0.000592,-0.000381
2017-05-26 18:21:00+02:00,-0.0,0.0,-1e-05,-0.000975,-5e-06,-3e-06,-2e-06,-7e-06,-0.000292,-1.1e-05,-2e-06,-1e-06,-0.00088,-0.00095,-0.000721,-0.001248,-5e-06,-0.0,-3e-06,-0.000459,0.0,-0.00045,-7.6e-05,-2e-06,-0.001296,-0.00132,-3e-06,-0.0,-7.4e-05,-1e-06,-0.0,-0.000626,0.0,-0.000804,-0.000983,-0.0,-0.000355,-5e-05,-0.0,-0.001471,-2e-05,-2e-06,-9.4e-05,-0.0,-4e-06,-0.000411,-4.9e-05,-2.8e-05,-0.000178,-0.0,-1e-06,-0.000182,-0.000657,-0.000995,-0.0,0.0,-7e-06,-1e-06,0.0,-9e-06,-0.000139,-0.001437,-0.000895,-0.0,-1e-05,-0.001275,-1e-06,-4e-05,0.0,-3e-06,-4.1e-05,-6e-06,-5e-06,-0.000279,-0.001027,0.0,-3.5e-05,-1e-06,-3.5e-05,-2e-06,-0.000481,-0.0,-0.000472,-0.001393,-3e-06,-6e-06,-0.00017,-0.0,-1e-06,-0.0,-2e-06,-0.000593,-0.000862,0.0,-0.000743,-0.000815,-0.001191,-0.001246,-0.0,-0.001351,-3e-06,-0.001167,-1.3e-05,-0.0,-1.4e-05,-0.00164,-0.000743,-0.001177,-0.001057,-0.001317,-2.5e-05,-6.1e-05,-1.2e-05,-2e-06,-7e-06,-0.000118,-0.000797,-0.000599
2017-05-26 18:22:00+02:00,-0.0,0.0,-8e-06,-0.001175,-4e-06,-2e-06,-3e-06,-1.2e-05,-0.000327,-1.4e-05,-1e-06,-1e-06,-0.001218,-0.001313,-0.000883,-0.001523,-4e-06,-0.0,-3e-06,-0.000567,0.0,-0.000558,-0.000137,-1e-06,-0.001641,-0.001657,-6e-06,-0.0,-8.9e-05,-1e-06,-0.0,-0.000793,0.0,-0.00105,-0.001345,-0.0,-0.00047,-9.3e-05,-0.0,-0.001925,-3.6e-05,-1e-06,-0.000143,-0.0,-3e-06,-0.000531,-5.5e-05,-3.3e-05,-0.000204,-0.0,-1e-06,-0.000224,-0.000821,-0.001396,-0.0,0.0,-6e-06,-1e-06,0.0,-1.7e-05,-0.000169,-0.001858,-0.001084,-0.0,-8e-06,-0.001575,-1e-06,-4.5e-05,0.0,-4e-06,-5.9e-05,-5e-06,-4e-06,-0.000346,-0.001425,0.0,-4.8e-05,-1e-06,-6.6e-05,-1e-06,-0.000565,-0.0,-0.0006,-0.001797,-2e-06,-5e-06,-0.000184,-0.0,-1e-06,-0.0,-2e-06,-0.000737,-0.001186,0.0,-0.000916,-0.001011,-0.00148,-0.001557,-0.0,-0.001707,-2e-06,-0.001397,-1.7e-05,-0.0,-2.4e-05,-0.002226,-0.001003,-0.00142,-0.001266,-0.001657,-4.5e-05,-7.5e-05,-1.6e-05,-1e-06,-5e-06,-0.000173,-0.000972,-0.000775
2017-05-26 18:23:00+02:00,-0.0,0.0,-7e-06,-0.001283,-3e-06,-2e-06,-3e-06,-1e-05,-0.000342,-1.1e-05,-1e-06,-0.0,-0.001444,-0.001554,-0.000965,-0.001688,-3e-06,-0.0,-2e-06,-0.000562,0.0,-0.000552,-0.00011,-1e-06,-0.001854,-0.001869,-5e-06,-0.0,-9.3e-05,-1e-06,-0.0,-0.000892,0.0,-0.0012,-0.00158,-0.0,-0.000512,-7.4e-05,-0.0,-0.002218,-2.9e-05,-1e-06,-0.000117,-0.0,-3e-06,-0.000575,-5.7e-05,-2.9e-05,-0.000214,-0.0,-1e-06,-0.000218,-0.00092,-0.001665,-0.0,0.0,-5e-06,-1e-06,0.0,-1.4e-05,-0.000163,-0.002125,-0.001183,-0.0,-7e-06,-0.001757,-1e-06,-4.2e-05,0.0,-3e-06,-5e-05,-4e-06,-3e-06,-0.000339,-0.001687,0.0,-3.9e-05,-0.0,-5.3e-05,-1e-06,-0.000611,-0.0,-0.000652,-0.002054,-2e-06,-4e-06,-0.000191,-0.0,-1e-06,-0.0,-1e-06,-0.000825,-0.001401,0.0,-0.001012,-0.001105,-0.00166,-0.001753,-0.0,-0.001925,-2e-06,-0.001526,-1.5e-05,-0.0,-1.9e-05,-0.002619,-0.001173,-0.001554,-0.00138,-0.001872,-3.6e-05,-7.8e-05,-1.3e-05,-1e-06,-4e-06,-0.00015,-0.001059,-0.000887
2017-05-26 18:24:00+02:00,-0.0,0.0,-5e-06,-0.001345,-2e-06,-1e-06,-2e-06,-8e-06,-0.000347,-9e-06,-1e-06,-0.0,-0.001602,-0.001723,-0.001008,-0.001793,-2e-06,-0.0,-2e-06,-0.000544,0.0,-0.000533,-8.8e-05,-1e-06,-0.001995,-0.002011,-4e-06,-0.0,-9.2e-05,-1e-06,-0.0,-0.000955,0.0,-0.001299,-0.001743,-0.0,-0.000522,-5.9e-05,-0.0,-0.002419,-2.3e-05,-1e-06,-9.4e-05,-0.0,-2e-06,-0.000587,-5.7e-05,-2.6e-05,-0.000216,-0.0,-1e-06,-0.000205,-0.000982,-0.001856,-0.0,0.0,-4e-06,-1e-06,0.0,-1.1e-05,-0.000152,-0.002306,-0.001237,-0.0,-5e-06,-0.001877,-1e-06,-3.8e-05,0.0,-2e-06,-4e-05,-3e-06,-3e-06,-0.000324,-0.001871,0.0,-3.1e-05,-0.0,-4.2e-05,-1e-06,-0.000637,-0.0,-0.000669,-0.002228,-2e-06,-3e-06,-0.000193,-0.0,-1e-06,-0.0,-1e-06,-0.000881,-0.00155,0.0,-0.00107,-0.001152,-0.00178,-0.001884,-0.0,-0.002067,-1e-06,-0.001603,-1.2e-05,-0.0,-1.5e-05,-0.002898,-0.001291,-0.001633,-0.001447,-0.002017,-2.8e-05,-7.7e-05,-1e-05,-1e-06,-3e-06,-0.00012,-0.001104,-0.000961
2017-05-26 18:25:00+02:00,-0.0,0.0,-4e-06,-0.001361,-2e-06,-1e-06,-2e-06,-6e-06,-0.000342,-7e-06,-1e-06,-0.0,-0.001681,-0.001803,-0.001,-0.001841,-2e-06,-0.0,-1e-06,-0.000503,0.0,-0.000491,-7e-05,-1e-06,-0.002048,-0.002087,-3e-06,-0.0,-8.7e-05,-1e-06,-0.0,-0.000975,0.0,-0.001334,-0.001818,-0.0,-0.00049,-4.7e-05,-0.0,-0.002507,-1.9e-05,-1e-06,-7.5e-05,-0.0,-2e-06,-0.000564,-5.6e-05,-2.1e-05,-0.00021,-0.0,-0.0,-0.000183,-0.001011,-0.001952,-0.0,0.0,-3e-06,-0.0,0.0,-9e-06,-0.000135,-0.002381,-0.001247,-0.0,-4e-06,-0.001936,-1e-06,-3.3e-05,0.0,-2e-06,-3.2e-05,-3e-06,-2e-06,-0.000294,-0.001959,0.0,-2.5e-05,-0.0,-3.4e-05,-1e-06,-0.000645,-0.0,-0.000651,-0.002301,-1e-06,-3e-06,-0.000192,-0.0,-0.0,-0.0,-1e-06,-0.000907,-0.001622,0.0,-0.00109,-0.001136,-0.001842,-0.001954,-0.0,-0.002117,-1e-06,-0.00163,-9e-06,-0.0,-1.2e-05,-0.003039,-0.001345,-0.00164,-0.001467,-0.002096,-2.3e-05,-7.2e-05,-8e-06,-1e-06,-3e-06,-9.6e-05,-0.001106,-0.000991
2017-05-26 18:26:00+02:00,-0.0,0.0,-3e-06,-0.001376,-2e-06,-1e-06,-1e-06,-5e-06,-0.000336,-6e-06,-1e-06,-0.0,-0.001725,-0.001847,-0.000983,-0.001881,-2e-06,-0.0,-1e-06,-0.000464,0.0,-0.00045,-5.6e-05,-1e-06,-0.00208,-0.00215,-2e-06,-0.0,-8.3e-05,-0.0,-0.0,-0.000983,0.0,-0.001351,-0.001859,-0.0,-0.000453,-3.8e-05,-0.0,-0.002557,-1.5e-05,-1e-06,-6e-05,-0.0,-1e-06,-0.000547,-5.5e-05,-1.7e-05,-0.000203,-0.0,-0.0,-0.000162,-0.001032,-0.002007,-0.0,0.0,-2e-06,-0.0,0.0,-7e-06,-0.000118,-0.002421,-0.001255,-0.0,-3e-06,-0.001985,-0.0,-2.9e-05,0.0,-2e-06,-2.6e-05,-2e-06,-2e-06,-0.000266,-0.002008,0.0,-2e-05,-0.0,-2.7e-05,-0.0,-0.000649,-0.0,-0.000638,-0.00234,-1e-06,-2e-06,-0.000193,-0.0,-0.0,-0.0,-1e-06,-0.000926,-0.001661,0.0,-0.001105,-0.00111,-0.001893,-0.00201,-0.0,-0.002143,-1e-06,-0.001653,-8e-06,-0.0,-1e-05,-0.003125,-0.001374,-0.001631,-0.001483,-0.00216,-1.8e-05,-6.7e-05,-7e-06,-1e-06,-2e-06,-7.7e-05,-0.001109,-0.001003
2017-05-26 18:27:00+02:00,-0.0,0.0,-3e-06,-0.00137,-1e-06,-1e-06,-1e-06,-4e-06,-0.00033,-5e-06,-0.0,-0.0,-0.001751,-0.001874,-0.000961,-0.001892,-1e-06,-0.0,-1e-06,-0.000383,0.0,-0.000367,-4.5e-05,-0.0,-0.002102,-0.002177,-2e-06,-0.0,-7.8e-05,-0.0,-0.0,-0.000985,0.0,-0.001358,-0.001883,-0.0,-0.000415,-3e-05,-0.0,-0.002587,-1.2e-05,-0.0,-4.8e-05,-0.0,-1e-06,-0.000517,-5.5e-05,-1.3e-05,-0.000195,-0.0,-0.0,-0.00013,-0.001036,-0.002042,-0.0,0.0,-2e-06,-0.0,0.0,-6e-06,-9.5e-05,-0.002445,-0.001245,-0.0,-3e-06,-0.002002,-0.0,-2.3e-05,0.0,-1e-06,-2e-05,-2e-06,-1e-06,-0.000212,-0.002038,0.0,-1.6e-05,-0.0,-2.2e-05,-0.0,-0.000645,-0.0,-0.000611,-0.002364,-1e-06,-2e-06,-0.000194,-0.0,-0.0,-0.0,-0.0,-0.000931,-0.001684,0.0,-0.001102,-0.001079,-0.001914,-0.002035,-0.0,-0.002158,-1e-06,-0.001652,-6e-06,-0.0,-8e-06,-0.003183,-0.001389,-0.001616,-0.001479,-0.002189,-1.5e-05,-6.2e-05,-5e-06,-0.0,-2e-06,-6.1e-05,-0.001094,-0.001008
2017-05-26 18:28:00+02:00,-0.0,0.0,-2e-06,-0.001337,-1e-06,-1e-06,-1e-06,-3e-06,-0.00032,-4e-06,-0.0,-0.0,-0.001756,-0.001878,-0.00093,-0.001868,-1e-06,-0.0,-1e-06,-0.000306,0.0,-0.000294,-3.6e-05,-0.0,-0.002099,-0.002163,-2e-06,-0.0,-7e-05,-0.0,-0.0,-0.000974,0.0,-0.001348,-0.001885,-0.0,-0.000372,-2.4e-05,-0.0,-0.002588,-1e-05,-0.0,-3.8e-05,-0.0,-1e-06,-0.00047,-5.2e-05,-1.1e-05,-0.000186,-0.0,-0.0,-0.000104,-0.00102,-0.002052,-0.0,0.0,-2e-06,-0.0,0.0,-5e-06,-7.6e-05,-0.002441,-0.001209,-0.0,-2e-06,-0.001982,-0.0,-1.9e-05,0.0,-1e-06,-1.6e-05,-1e-06,-1e-06,-0.00017,-0.002043,0.0,-1.3e-05,-0.0,-1.7e-05,-0.0,-0.000629,-0.0,-0.000567,-0.00236,-1e-06,-1e-06,-0.000193,-0.0,-0.0,-0.0,-0.0,-0.000917,-0.001687,0.0,-0.001078,-0.001036,-0.001898,-0.00202,-0.0,-0.002147,-1e-06,-0.00162,-5e-06,-0.0,-6e-06,-0.003204,-0.001387,-0.001585,-0.001446,-0.002176,-1.2e-05,-5.4e-05,-4e-06,-0.0,-1e-06,-4.9e-05,-0.001055,-0.001
2017-05-26 18:29:00+02:00,-0.0,0.0,-2e-06,-0.001292,-1e-06,-0.0,-1e-06,-3e-06,-0.000309,-3e-06,-0.0,-0.0,-0.001756,-0.001879,-0.000904,-0.001824,-1e-06,-0.0,-1e-06,-0.000245,0.0,-0.000235,-2.9e-05,-0.0,-0.002094,-0.002123,-1e-06,-0.0,-6.2e-05,-0.0,-0.0,-0.000963,0.0,-0.001337,-0.001884,-0.0,-0.000336,-1.9e-05,-0.0,-0.002587,-8e-06,-0.0,-3.1e-05,-0.0,-1e-06,-0.000417,-4.9e-05,-8e-06,-0.000177,-0.0,-0.0,-8.3e-05,-0.000993,-0.002056,-0.0,0.0,-1e-06,-0.0,0.0,-4e-06,-6.1e-05,-0.002436,-0.001162,-0.0,-2e-06,-0.00194,-0.0,-1.5e-05,0.0,-1e-06,-1.3e-05,-1e-06,-1e-06,-0.000136,-0.002046,0.0,-1e-05,-0.0,-1.4e-05,-0.0,-0.000606,-0.0,-0.000516,-0.002356,-1e-06,-1e-06,-0.000191,-0.0,-0.0,-0.0,-0.0,-0.000892,-0.001685,0.0,-0.001043,-0.001002,-0.001858,-0.00198,-0.0,-0.002135,-0.0,-0.001573,-4e-06,-0.0,-5e-06,-0.003217,-0.001382,-0.001558,-0.0014,-0.002135,-9e-06,-4.7e-05,-3e-06,-0.0,-1e-06,-3.9e-05,-0.001006,-0.00099
2017-05-26 18:30:00+02:00,-0.0,0.0,-1e-06,-0.001263,-1e-06,-0.0,-1e-06,-2e-06,-0.000298,-2e-06,-0.0,-0.0,-0.001747,-0.00187,-0.000879,-0.001799,-1e-06,-0.0,-0.0,-0.000196,0.0,-0.000188,-2.3e-05,-0.0,-0.002083,-0.002104,-1e-06,-0.0,-5.6e-05,-0.0,-0.0,-0.000948,0.0,-0.001323,-0.001875,-0.0,-0.000308,-1.6e-05,-0.0,-0.002576,-6e-06,-0.0,-2.5e-05,-0.0,-1e-06,-0.00038,-4.7e-05,-7e-06,-0.000169,-0.0,-0.0,-6.6e-05,-0.000975,-0.00205,-0.0,0.0,-1e-06,-0.0,0.0,-3e-06,-4.8e-05,-0.002423,-0.001131,-0.0,-1e-06,-0.001917,-0.0,-1.2e-05,0.0,-1e-06,-1e-05,-1e-06,-1e-06,-0.000109,-0.002039,0.0,-8e-06,-0.0,-1.1e-05,-0.0,-0.000589,-0.0,-0.00048,-0.002344,-0.0,-1e-06,-0.000188,-0.0,-0.0,-0.0,-0.0,-0.000876,-0.001675,0.0,-0.00102,-0.000971,-0.001838,-0.00196,-0.0,-0.002118,-0.0,-0.001543,-3e-06,-0.0,-4e-06,-0.003216,-0.001369,-0.001531,-0.00137,-0.002116,-7e-06,-4.1e-05,-3e-06,-0.0,-1e-06,-3.1e-05,-0.000972,-0.000975
2017-05-26 18:31:00+02:00,-0.0,0.0,-1e-06,-0.001196,-1e-06,-0.0,-0.0,-2e-06,-0.000285,-2e-06,-0.0,-0.0,-0.001719,-0.001842,-0.000843,-0.001718,-1e-06,-0.0,-0.0,-0.000157,0.0,-0.00015,-1.8e-05,-0.0,-0.002048,-0.002027,-1e-06,-0.0,-4.7e-05,-0.0,-0.0,-0.000923,0.0,-0.001293,-0.001845,-0.0,-0.000269,-1.2e-05,-0.0,-0.002539,-5e-06,-0.0,-2e-05,-0.0,-0.0,-0.000324,-4.3e-05,-5e-06,-0.000159,-0.0,-0.0,-5.3e-05,-0.000927,-0.002022,-0.0,0.0,-1e-06,-0.0,0.0,-2e-06,-3.9e-05,-0.002385,-0.001065,-0.0,-1e-06,-0.001837,-0.0,-9e-06,0.0,-0.0,-8e-06,-1e-06,-1e-06,-8.7e-05,-0.002011,0.0,-6e-06,-0.0,-9e-06,-0.0,-0.000556,-0.0,-0.000423,-0.002308,-0.0,-1e-06,-0.000184,-0.0,-0.0,-0.0,-0.0,-0.000835,-0.001648,0.0,-0.000966,-0.000925,-0.001769,-0.001889,-0.0,-0.002077,-0.0,-0.001469,-2e-06,-0.0,-3e-06,-0.003183,-0.001343,-0.001486,-0.0013,-0.002041,-6e-06,-3.3e-05,-2e-06,-0.0,-1e-06,-2.5e-05,-0.000908,-0.00095
2017-05-26 18:32:00+02:00,-0.0,0.0,-1e-06,-0.001156,-0.0,-0.0,-0.0,-1e-06,-0.000272,-1e-06,-0.0,-0.0,-0.001682,-0.001804,-0.000812,-0.001665,-0.0,-0.0,-0.0,-0.0002,0.0,-0.000192,-1.5e-05,-0.0,-0.00201,-0.001975,-1e-06,-0.0,-4.3e-05,-0.0,-0.0,-0.000896,0.0,-0.001261,-0.001808,-0.0,-0.000243,-1e-05,-0.0,-0.002493,-4e-06,-0.0,-1.6e-05,-0.0,-0.0,-0.000298,-4.1e-05,-5e-06,-0.00015,-0.0,-0.0,-6.1e-05,-0.000893,-0.001983,-0.0,0.0,-1e-06,-0.0,0.0,-2e-06,-4.4e-05,-0.002341,-0.001027,-0.0,-1e-06,-0.001784,-0.0,-1e-05,0.0,-0.0,-7e-06,-1e-06,-0.0,-0.000108,-0.001972,0.0,-5e-06,-0.0,-7e-06,-0.0,-0.000531,-0.0,-0.000397,-0.002266,-0.0,-1e-06,-0.00018,-0.0,-0.0,-0.0,-0.0,-0.000805,-0.001611,0.0,-0.000932,-0.000888,-0.00172,-0.001839,-0.0,-0.002035,-0.0,-0.001421,-2e-06,-0.0,-3e-06,-0.003134,-0.001309,-0.001445,-0.001256,-0.00199,-5e-06,-2.9e-05,-2e-06,-0.0,-1e-06,-2e-05,-0.000873,-0.000922
2017-05-26 18:33:00+02:00,-0.0,0.0,-1e-06,-0.0011,-0.0,-0.0,-0.0,-1e-06,-0.000255,-1e-06,-0.0,-0.0,-0.001617,-0.001734,-0.000759,-0.001593,-0.0,-0.0,-0.0,-0.000215,0.0,-0.000205,-1.2e-05,-0.0,-0.001933,-0.001901,-1e-06,-0.0,-3.7e-05,-0.0,-0.0,-0.000853,0.0,-0.001204,-0.001736,-0.0,-0.000197,-8e-06,-0.0,-0.0024,-3e-06,-0.0,-1.3e-05,-0.0,-0.0,-0.00026,-3.8e-05,-4e-06,-0.000138,-0.0,-0.0,-5.9e-05,-0.00085,-0.001909,-0.0,0.0,-1e-06,-0.0,0.0,-1e-06,-4.2e-05,-0.002251,-0.000974,-0.0,-1e-06,-0.001711,-0.0,-1e-05,0.0,-0.0,-5e-06,-0.0,-0.0,-0.000112,-0.001896,0.0,-4e-06,-0.0,-6e-06,-0.0,-0.000501,-0.0,-0.000357,-0.002179,-0.0,-0.0,-0.000174,-0.0,-0.0,-0.0,-0.0,-0.000767,-0.001547,0.0,-0.000886,-0.000823,-0.001654,-0.001769,-0.0,-0.001952,-0.0,-0.001357,-2e-06,-0.0,-2e-06,-0.00303,-0.001254,-0.001371,-0.001196,-0.001917,-4e-06,-2.4e-05,-1e-06,-0.0,-0.0,-1.6e-05,-0.000822,-0.000878
2017-05-26 18:34:00+02:00,-0.0,0.0,-1e-06,-0.001041,-0.0,-0.0,-0.0,-1e-06,-0.00024,-1e-06,-0.0,-0.0,-0.001553,-0.001664,-0.000704,-0.00152,-0.0,-0.0,-0.0,-0.000209,0.0,-0.000198,-9e-06,-0.0,-0.001856,-0.001827,-0.0,-0.0,-3.1e-05,-0.0,-0.0,-0.00081,0.0,-0.001147,-0.001664,-0.0,-0.000158,-6e-06,-0.0,-0.002306,-2e-06,-0.0,-1e-05,-0.0,-0.0,-0.000214,-3.5e-05,-3e-06,-0.000127,-0.0,-0.0,-5.1e-05,-0.000806,-0.001838,-0.0,0.0,-0.0,-0.0,0.0,-1e-06,-3.5e-05,-0.002159,-0.000915,-0.0,-1e-06,-0.001637,-0.0,-8e-06,0.0,-0.0,-4e-06,-0.0,-0.0,-0.000104,-0.00182,0.0,-3e-06,-0.0,-5e-06,-0.0,-0.000472,-0.0,-0.000309,-0.002092,-0.0,-0.0,-0.000169,-0.0,-0.0,-0.0,-0.0,-0.000729,-0.001484,0.0,-0.000838,-0.000754,-0.001588,-0.0017,-0.0,-0.001869,-0.0,-0.00129,-1e-06,-0.0,-2e-06,-0.002929,-0.001201,-0.001296,-0.001134,-0.001843,-3e-06,-1.9e-05,-1e-06,-0.0,-0.0,-1.3e-05,-0.000766,-0.000837
2017-05-26 18:35:00+02:00,-0.0,0.0,-0.0,-0.001021,-0.0,-0.0,-0.0,-1e-06,-0.00023,-1e-06,-0.0,-0.0,-0.001529,-0.001641,-0.000689,-0.001492,-0.0,-0.0,-0.0,-0.00024,0.0,-0.000228,-8e-06,-0.0,-0.001839,-0.001799,-0.0,-0.0,-2.9e-05,-0.0,-0.0,-0.000793,0.0,-0.001129,-0.001643,-0.0,-0.000145,-5e-06,-0.0,-0.002282,-2e-06,-0.0,-8e-06,-0.0,-0.0,-0.000202,-3.4e-05,-2e-06,-0.000121,-0.0,-0.0,-5.8e-05,-0.000786,-0.001813,-0.0,0.0,-0.0,-0.0,0.0,-1e-06,-3.9e-05,-0.002136,-0.000897,-0.0,-0.0,-0.001609,-0.0,-9e-06,0.0,-0.0,-3e-06,-0.0,-0.0,-0.00012,-0.001798,0.0,-3e-06,-0.0,-4e-06,-0.0,-0.000456,-0.0,-0.000297,-0.00207,-0.0,-0.0,-0.000167,-0.0,-0.0,-0.0,-0.0,-0.00071,-0.00146,0.0,-0.000819,-0.000738,-0.00156,-0.001672,-0.0,-0.001847,-0.0,-0.001266,-1e-06,-0.0,-1e-06,-0.002903,-0.001178,-0.001276,-0.001111,-0.001815,-2e-06,-1.7e-05,-1e-06,-0.0,-0.0,-1e-05,-0.000749,-0.000816
2017-05-26 18:36:00+02:00,-0.0,0.0,-0.0,-0.000995,-0.0,-0.0,-0.0,-1e-06,-0.000221,-1e-06,-0.0,-0.0,-0.001504,-0.001617,-0.000674,-0.001459,-0.0,-0.0,-0.0,-0.000259,0.0,-0.000246,-6e-06,-0.0,-0.00182,-0.001765,-0.0,-0.0,-2.6e-05,-0.0,-0.0,-0.000775,0.0,-0.00111,-0.00162,-0.0,-0.000133,-4e-06,-0.0,-0.002257,-2e-06,-0.0,-6e-06,-0.0,-0.0,-0.000184,-3.3e-05,-2e-06,-0.000115,-0.0,-0.0,-6.1e-05,-0.000763,-0.001788,-0.0,0.0,-0.0,-0.0,0.0,-1e-06,-4.1e-05,-0.002113,-0.000872,-0.0,-0.0,-0.001575,-0.0,-9e-06,0.0,-0.0,-3e-06,-0.0,-0.0,-0.000129,-0.001774,0.0,-2e-06,-0.0,-3e-06,-0.0,-0.000439,-0.0,-0.000278,-0.002048,-0.0,-0.0,-0.000164,-0.0,-0.0,-0.0,-0.0,-0.000688,-0.001436,0.0,-0.000796,-0.000722,-0.001528,-0.001639,-0.0,-0.001826,-0.0,-0.001236,-1e-06,-0.0,-1e-06,-0.002876,-0.001154,-0.001255,-0.001083,-0.001781,-2e-06,-1.4e-05,-1e-06,-0.0,-0.0,-8e-06,-0.000725,-0.000795
2017-05-26 18:37:00+02:00,-0.0,0.0,-0.0,-0.00097,-0.0,-0.0,-0.0,-0.0,-0.000212,-0.0,-0.0,-0.0,-0.001479,-0.001593,-0.000658,-0.001426,-0.0,-0.0,-0.0,-0.000215,0.0,-0.000201,-5e-06,-0.0,-0.001799,-0.001733,-0.0,-0.0,-2.3e-05,-0.0,-0.0,-0.000757,0.0,-0.001091,-0.001597,-0.0,-0.00012,-3e-06,-0.0,-0.002231,-1e-06,-0.0,-5e-06,-0.0,-0.0,-0.000166,-3.2e-05,-2e-06,-0.00011,-0.0,-0.0,-4.9e-05,-0.000741,-0.001762,-0.0,0.0,-0.0,-0.0,0.0,-1e-06,-3.3e-05,-0.002088,-0.000848,-0.0,-0.0,-0.001543,-0.0,-7e-06,0.0,-0.0,-2e-06,-0.0,-0.0,-0.000103,-0.001751,0.0,-2e-06,-0.0,-2e-06,-0.0,-0.000422,-0.0,-0.00026,-0.002025,-0.0,-0.0,-0.000162,-0.0,-0.0,-0.0,-0.0,-0.000667,-0.001412,0.0,-0.000774,-0.000705,-0.001496,-0.001607,-0.0,-0.001802,-0.0,-0.001207,-1e-06,-0.0,-1e-06,-0.002849,-0.001131,-0.001233,-0.001055,-0.001749,-2e-06,-1.2e-05,-1e-06,-0.0,-0.0,-7e-06,-0.000702,-0.000775
2017-05-26 18:38:00+02:00,-0.0,0.0,-0.0,-0.000954,-0.0,-0.0,-0.0,-0.0,-0.000203,-0.0,-0.0,-0.0,-0.001469,-0.001587,-0.000653,-0.001404,-0.0,-0.0,-0.0,-0.000189,0.0,-0.000173,-4e-06,-0.0,-0.001794,-0.001709,-0.0,-0.0,-2.1e-05,-0.0,-0.0,-0.000746,0.0,-0.001082,-0.001591,-0.0,-0.000117,-3e-06,-0.0,-0.002228,-1e-06,-0.0,-4e-06,-0.0,-0.0,-0.000156,-3.1e-05,-1e-06,-0.000105,-0.0,-0.0,-3.9e-05,-0.000724,-0.001755,-0.0,0.0,-0.0,-0.0,0.0,-0.0,-2.6e-05,-0.002085,-0.000832,-0.0,-0.0,-0.001519,-0.0,-6e-06,0.0,-0.0,-2e-06,-0.0,-0.0,-8.5e-05,-0.001746,0.0,-1e-06,-0.0,-2e-06,-0.0,-0.000408,-0.0,-0.000249,-0.002023,-0.0,-0.0,-0.00016,-0.0,-0.0,-0.0,-0.0,-0.00065,-0.001402,0.0,-0.000759,-0.000701,-0.001472,-0.001583,-0.0,-0.001795,-0.0,-0.001187,-1e-06,-0.0,-1e-06,-0.002851,-0.001118,-0.001226,-0.001036,-0.001724,-1e-06,-1e-05,-0.0,-0.0,-0.0,-5e-06,-0.000686,-0.000761
2017-05-26 18:39:00+02:00,-0.0,0.0,-0.0,-0.00094,-0.0,-0.0,-0.0,-0.0,-0.000196,-0.0,-0.0,-0.0,-0.001458,-0.001579,-0.000648,-0.001385,-0.0,-0.0,-0.0,-0.000183,0.0,-0.000167,-3e-06,-0.0,-0.001788,-0.00169,-0.0,-0.0,-1.9e-05,-0.0,-0.0,-0.000734,0.0,-0.001073,-0.001585,-0.0,-0.000116,-2e-06,-0.0,-0.002226,-1e-06,-0.0,-3e-06,-0.0,-0.0,-0.000147,-3e-05,-1e-06,-0.000102,-0.0,-0.0,-3.3e-05,-0.000709,-0.001747,-0.0,0.0,-0.0,-0.0,0.0,-0.0,-2.2e-05,-0.002084,-0.000819,-0.0,-0.0,-0.001501,-0.0,-5e-06,0.0,-0.0,-1e-06,-0.0,-0.0,-7.9e-05,-0.00174,0.0,-1e-06,-0.0,-1e-06,-0.0,-0.000395,-0.0,-0.00024,-0.002022,-0.0,-0.0,-0.000159,-0.0,-0.0,-0.0,-0.0,-0.000635,-0.001392,0.0,-0.000746,-0.000699,-0.001452,-0.001563,-0.0,-0.001788,-0.0,-0.00117,-0.0,-0.0,-1e-06,-0.002852,-0.001105,-0.001221,-0.00102,-0.001704,-1e-06,-9e-06,-0.0,-0.0,-0.0,-4e-06,-0.000674,-0.000748
2017-05-26 18:40:00+02:00,-0.0,0.0,-0.0,-0.000935,-0.0,-0.0,-0.0,-0.0,-0.00019,-0.0,-0.0,-0.0,-0.001448,-0.001573,-0.000647,-0.001376,-0.0,-0.0,-0.0,-0.000181,0.0,-0.000165,-2e-06,-0.0,-0.001788,-0.00168,-0.0,-0.0,-1.9e-05,-0.0,-0.0,-0.000725,0.0,-0.001067,-0.001582,-0.0,-0.000119,-2e-06,-0.0,-0.002229,-1e-06,-0.0,-3e-06,-0.0,-0.0,-0.000147,-3e-05,-1e-06,-9.9e-05,-0.0,-0.0,-2.9e-05,-0.000698,-0.00174,-0.0,0.0,-0.0,-0.0,0.0,-0.0,-1.9e-05,-0.002088,-0.000815,-0.0,-0.0,-0.001491,-0.0,-4e-06,0.0,-0.0,-1e-06,-0.0,-0.0,-7.6e-05,-0.001737,0.0,-1e-06,-0.0,-1e-06,-0.0,-0.000386,-0.0,-0.00024,-0.002028,-0.0,-0.0,-0.00016,-0.0,-0.0,-0.0,-0.0,-0.000624,-0.001383,0.0,-0.000738,-0.000702,-0.00144,-0.001551,-0.0,-0.001787,-0.0,-0.001164,-0.0,-0.0,-0.0,-0.002856,-0.001094,-0.00122,-0.001013,-0.001694,-1e-06,-9e-06,-0.0,-0.0,-0.0,-3e-06,-0.000671,-0.000737
2017-05-26 18:41:00+02:00,-0.0,0.0,-0.0,-0.00093,-0.0,-0.0,-0.0,-0.0,-0.000186,-0.0,-0.0,-0.0,-0.001436,-0.001565,-0.000644,-0.001366,-0.0,-0.0,-0.0,-0.000179,0.0,-0.000162,-2e-06,-0.0,-0.001785,-0.00167,-0.0,-0.0,-1.8e-05,-0.0,-0.0,-0.000715,0.0,-0.001059,-0.001576,-0.0,-0.000119,-1e-06,-0.0,-0.002228,-1e-06,-0.0,-2e-06,-0.0,-0.0,-0.000146,-3e-05,-1e-06,-9.7e-05,-0.0,-0.0,-2.6e-05,-0.000688,-0.001729,-0.0,0.0,-0.0,-0.0,0.0,-0.0,-1.6e-05,-0.002089,-0.00081,-0.0,-0.0,-0.001481,-0.0,-3e-06,0.0,-0.0,-1e-06,-0.0,-0.0,-7.3e-05,-0.001731,0.0,-1e-06,-0.0,-1e-06,-0.0,-0.000377,-0.0,-0.000238,-0.002029,-0.0,-0.0,-0.000162,-0.0,-0.0,-0.0,-0.0,-0.000613,-0.001372,0.0,-0.00073,-0.000702,-0.001429,-0.00154,-0.0,-0.001782,-0.0,-0.001156,-0.0,-0.0,-0.0,-0.002856,-0.001082,-0.001217,-0.001006,-0.001683,-1e-06,-8e-06,-0.0,-0.0,-0.0,-3e-06,-0.000666,-0.000726
2017-05-26 18:42:00+02:00,-0.0,0.0,-0.0,-0.00089,-0.0,-0.0,-0.0,-0.0,-0.000177,-0.0,-0.0,-0.0,-0.001399,-0.001526,-0.00061,-0.00132,-0.0,-0.0,-0.0,-0.000164,0.0,-0.000147,-2e-06,-0.0,-0.001733,-0.001623,-0.0,-0.0,-1.5e-05,-0.0,-0.0,-0.000686,0.0,-0.00102,-0.001535,-0.0,-9.5e-05,-1e-06,-0.0,-0.002178,-0.0,-0.0,-2e-06,-0.0,-0.0,-0.000117,-2.8e-05,-1e-06,-9.1e-05,-0.0,-0.0,-2.1e-05,-0.00066,-0.001688,-0.0,0.0,-0.0,-0.0,0.0,-0.0,-1.3e-05,-0.002039,-0.00077,-0.0,-0.0,-0.001435,-0.0,-3e-06,0.0,-0.0,-1e-06,-0.0,-0.0,-6.3e-05,-0.001689,0.0,-1e-06,-0.0,-1e-06,-0.0,-0.000359,-0.0,-0.000205,-0.001982,-0.0,-0.0,-0.000161,-0.0,-0.0,-0.0,-0.0,-0.000589,-0.001336,0.0,-0.000698,-0.000659,-0.001387,-0.001496,-0.0,-0.001726,-0.0,-0.001112,-0.0,-0.0,-0.0,-0.002803,-0.00105,-0.00117,-0.000964,-0.001637,-1e-06,-7e-06,-0.0,-0.0,-0.0,-2e-06,-0.000628,-0.000702
2017-05-26 18:43:00+02:00,-0.0,0.0,-0.0,-0.000855,-0.0,-0.0,-0.0,-0.0,-0.000169,-0.0,-0.0,-0.0,-0.001369,-0.001496,-0.000588,-0.00128,-0.0,-0.0,-0.0,-0.000146,0.0,-0.000129,-1e-06,-0.0,-0.001702,-0.001581,-0.0,-0.0,-1.2e-05,-0.0,-0.0,-0.000666,0.0,-0.000994,-0.001506,-0.0,-7.6e-05,-1e-06,-0.0,-0.002145,-0.0,-0.0,-1e-06,-0.0,-0.0,-9.3e-05,-2.6e-05,-0.0,-8.6e-05,-0.0,-0.0,-1.7e-05,-0.000635,-0.001657,-0.0,0.0,-0.0,-0.0,0.0,-0.0,-1e-05,-0.002007,-0.000736,-0.0,-0.0,-0.001394,-0.0,-2e-06,0.0,-0.0,-1e-06,-0.0,-0.0,-5.2e-05,-0.001659,0.0,-0.0,-0.0,-1e-06,-0.0,-0.000342,-0.0,-0.000176,-0.001952,-0.0,-0.0,-0.00016,-0.0,-0.0,-0.0,-0.0,-0.000566,-0.001308,0.0,-0.000669,-0.000632,-0.001349,-0.001456,-0.0,-0.001692,-0.0,-0.001074,-0.0,-0.0,-0.0,-0.002766,-0.001024,-0.001141,-0.000927,-0.001595,-0.0,-5e-06,-0.0,-0.0,-0.0,-2e-06,-0.000594,-0.000681
2017-05-26 18:44:00+02:00,-0.0,0.0,-0.0,-0.000832,-0.0,-0.0,-0.0,-0.0,-0.000164,-0.0,-0.0,-0.0,-0.001353,-0.001483,-0.000584,-0.001253,-0.0,-0.0,-0.0,-0.000147,0.0,-0.00013,-1e-06,-0.0,-0.0017,-0.001553,-0.0,-0.0,-1e-05,-0.0,-0.0,-0.000656,0.0,-0.000986,-0.001497,-0.0,-7.4e-05,-1e-06,-0.0,-0.002139,-0.0,-0.0,-1e-06,-0.0,-0.0,-7.6e-05,-2.5e-05,-0.0,-8.3e-05,-0.0,-0.0,-1.4e-05,-0.000616,-0.001641,-0.0,0.0,-0.0,-0.0,0.0,-0.0,-8e-06,-0.002003,-0.000714,-0.0,-0.0,-0.001366,-0.0,-2e-06,0.0,-0.0,-0.0,-0.0,-0.0,-5.2e-05,-0.001648,0.0,-0.0,-0.0,-0.0,-0.0,-0.000329,-0.0,-0.000159,-0.001949,-0.0,-0.0,-0.000159,-0.0,-0.0,-0.0,-0.0,-0.000549,-0.001293,0.0,-0.000649,-0.000631,-0.001322,-0.001429,-0.0,-0.001688,-0.0,-0.001048,-0.0,-0.0,-0.0,-0.002756,-0.001008,-0.001136,-0.000903,-0.001567,-0.0,-4e-06,-0.0,-0.0,-0.0,-1e-06,-0.000574,-0.000666
2017-05-26 18:45:00+02:00,-0.0,0.0,-0.0,-0.000822,-0.0,-0.0,-0.0,-0.0,-0.000159,-0.0,-0.0,-0.0,-0.001333,-0.001466,-0.000579,-0.001239,-0.0,-0.0,-0.0,-0.00016,0.0,-0.000143,-1e-06,-0.0,-0.001694,-0.001537,-0.0,-0.0,-9e-06,-0.0,-0.0,-0.000644,0.0,-0.000976,-0.001484,-0.0,-7.2e-05,-1e-06,-0.0,-0.002128,-0.0,-0.0,-1e-06,-0.0,-0.0,-6.9e-05,-2.5e-05,-0.0,-8.1e-05,-0.0,-0.0,-1.6e-05,-0.000604,-0.001622,-0.0,0.0,-0.0,-0.0,0.0,-0.0,-9e-06,-0.001994,-0.000705,-0.0,-0.0,-0.001351,-0.0,-2e-06,0.0,-0.0,-0.0,-0.0,-0.0,-5.9e-05,-0.001633,0.0,-0.0,-0.0,-0.0,-0.0,-0.00032,-0.0,-0.000153,-0.001941,-0.0,-0.0,-0.000159,-0.0,-0.0,-0.0,-0.0,-0.000537,-0.001274,0.0,-0.000639,-0.000628,-0.001306,-0.001412,-0.0,-0.001679,-0.0,-0.001036,-0.0,-0.0,-0.0,-0.00274,-0.00099,-0.001129,-0.000892,-0.00155,-0.0,-3e-06,-0.0,-0.0,-0.0,-1e-06,-0.000565,-0.000651
2017-05-26 18:46:00+02:00,-0.0,0.0,-0.0,-0.000852,-0.0,-0.0,-0.0,-0.0,-0.000154,-0.0,-0.0,-0.0,-0.001295,-0.001427,-0.000571,-0.00127,-0.0,-0.0,-0.0,-0.000313,0.0,-0.000302,-1e-06,-0.0,-0.001668,-0.001566,-0.0,-0.0,-1.1e-05,-0.0,-0.0,-0.000626,0.0,-0.000954,-0.001445,-0.0,-7.3e-05,-0.0,-0.0,-0.00208,-0.0,-0.0,-8e-06,-0.0,-0.0,-9.7e-05,-2.7e-05,-7e-06,-7.8e-05,-0.0,-0.0,-6.5e-05,-0.000613,-0.001579,-0.0,0.0,-0.0,-0.0,0.0,-0.0,-4.2e-05,-0.001949,-0.000735,-0.0,-0.0,-0.001381,-0.0,-1.1e-05,0.0,-0.0,-4e-06,-0.0,-0.0,-0.000148,-0.001591,0.0,-0.0,-0.0,-0.0,-0.0,-0.000321,-0.0,-0.000182,-0.001897,-0.0,-0.0,-0.000157,-0.0,-0.0,-0.0,-0.0,-0.00054,-0.001237,0.0,-0.000656,-0.000626,-0.001326,-0.001436,-0.0,-0.00165,-0.0,-0.001067,-2e-06,-0.0,-0.0,-0.002682,-0.000958,-0.00111,-0.000919,-0.001578,-0.0,-5e-06,-0.0,-0.0,-0.0,-2e-05,-0.000594,-0.000627
2017-05-26 18:47:00+02:00,-0.0,0.0,-0.0,-0.000855,-0.0,-0.0,-0.0,-0.0,-0.000147,-0.0,-0.0,-0.0,-0.001251,-0.001381,-0.000552,-0.001269,-0.0,-0.0,-0.0,-0.000424,0.0,-0.000416,-1e-06,-0.0,-0.001629,-0.001562,-0.0,-0.0,-1.1e-05,-0.0,-0.0,-0.000603,0.0,-0.000923,-0.001399,-0.0,-6.1e-05,-0.0,-0.0,-0.002021,-0.0,-0.0,-7e-06,-0.0,-0.0,-0.000102,-2.7e-05,-1.3e-05,-7.4e-05,-0.0,-0.0,-9.9e-05,-0.000607,-0.00153,-0.0,0.0,-0.0,-0.0,0.0,-0.0,-6.5e-05,-0.001892,-0.000738,-0.0,-0.0,-0.001378,-0.0,-1.7e-05,0.0,-0.0,-5e-06,-0.0,-0.0,-0.000212,-0.001542,0.0,-0.0,-0.0,-0.0,-0.0,-0.000315,-0.0,-0.000188,-0.001844,-0.0,-0.0,-0.000154,-0.0,-0.0,-0.0,-0.0,-0.000531,-0.001195,0.0,-0.000654,-0.000607,-0.00132,-0.00143,-0.0,-0.001608,-0.0,-0.001069,-2e-06,-0.0,-0.0,-0.002614,-0.000923,-0.001078,-0.00092,-0.001573,-0.0,-5e-06,-0.0,-0.0,-0.0,-2.8e-05,-0.000598,-0.0006
2017-05-26 18:48:00+02:00,-0.0,0.0,-0.0,-0.000853,-0.0,-0.0,-0.0,-0.0,-0.000141,-0.0,-0.0,-0.0,-0.00121,-0.001337,-0.000532,-0.001264,-0.0,-0.0,-0.0,-0.000499,0.0,-0.000494,-0.0,-0.0,-0.001589,-0.001553,-0.0,-0.0,-1.1e-05,-0.0,-0.0,-0.000581,0.0,-0.000893,-0.001354,-0.0,-4.9e-05,-0.0,-0.0,-0.001964,-0.0,-0.0,-5e-06,-0.0,-0.0,-0.000103,-2.8e-05,-1.6e-05,-7.1e-05,-0.0,-0.0,-0.000123,-0.000599,-0.001483,-0.0,0.0,-0.0,-0.0,0.0,-0.0,-8e-05,-0.001837,-0.000736,-0.0,-0.0,-0.001371,-0.0,-2.2e-05,0.0,-0.0,-5e-06,-0.0,-0.0,-0.000255,-0.001495,0.0,-0.0,-0.0,-0.0,-0.0,-0.000308,-0.0,-0.000189,-0.001791,-0.0,-0.0,-0.000152,-0.0,-0.0,-0.0,-0.0,-0.000522,-0.001155,0.0,-0.000649,-0.000585,-0.00131,-0.00142,-0.0,-0.001565,-0.0,-0.001065,-3e-06,-0.0,-0.0,-0.002549,-0.000889,-0.001045,-0.000915,-0.001564,-0.0,-4e-06,-0.0,-0.0,-0.0,-3e-05,-0.000596,-0.000575
2017-05-26 18:49:00+02:00,-0.0,0.0,-0.0,-0.000837,-0.0,-0.0,-0.0,-0.0,-0.000134,-0.0,-0.0,-0.0,-0.001164,-0.001286,-0.000503,-0.001242,-0.0,-0.0,-0.0,-0.000551,0.0,-0.000547,-0.0,-0.0,-0.001536,-0.001526,-0.0,-0.0,-1e-05,-0.0,-0.0,-0.000553,0.0,-0.000854,-0.001302,-0.0,-3.9e-05,-0.0,-0.0,-0.001895,-0.0,-0.0,-4e-06,-0.0,-0.0,-9.3e-05,-2.7e-05,-1.8e-05,-6.6e-05,-0.0,-0.0,-0.000137,-0.000583,-0.00143,-0.0,0.0,-0.0,-0.0,0.0,-0.0,-8.9e-05,-0.00177,-0.000721,-0.0,-0.0,-0.001346,-0.0,-2.5e-05,0.0,-0.0,-4e-06,-0.0,-0.0,-0.000284,-0.00144,0.0,-0.0,-0.0,-0.0,-0.0,-0.000297,-0.0,-0.000179,-0.001726,-0.0,-0.0,-0.000148,-0.0,-0.0,-0.0,-0.0,-0.000506,-0.00111,0.0,-0.000634,-0.000549,-0.001284,-0.001393,-0.0,-0.001508,-0.0,-0.001046,-2e-06,-0.0,-0.0,-0.002472,-0.000852,-0.000999,-0.000898,-0.001536,-0.0,-4e-06,-0.0,-0.0,-0.0,-2.4e-05,-0.000582,-0.000548
2017-05-26 18:50:00+02:00,-0.0,0.0,-0.0,-0.000811,-0.0,-0.0,-0.0,-0.0,-0.000125,-0.0,-0.0,-0.0,-0.00111,-0.001226,-0.000465,-0.001208,-0.0,-0.0,-0.0,-0.000586,0.0,-0.000584,-0.0,-0.0,-0.001466,-0.001486,-0.0,-0.0,-9e-06,-0.0,-0.0,-0.000521,0.0,-0.000807,-0.001238,-0.0,-3.1e-05,-0.0,-0.0,-0.00181,-0.0,-0.0,-3e-06,-0.0,-0.0,-7.7e-05,-2.6e-05,-2e-05,-6e-05,-0.0,-0.0,-0.000147,-0.000563,-0.001367,-0.0,0.0,-0.0,-0.0,0.0,-0.0,-9.5e-05,-0.001686,-0.000697,-0.0,-0.0,-0.00131,-0.0,-2.7e-05,0.0,-0.0,-3e-06,-0.0,-0.0,-0.000304,-0.001374,0.0,-0.0,-0.0,-0.0,-0.0,-0.000284,-0.0,-0.000162,-0.001646,-0.0,-0.0,-0.000142,-0.0,-0.0,-0.0,-0.0,-0.000486,-0.001057,0.0,-0.000613,-0.000501,-0.001247,-0.001354,-0.0,-0.001434,-0.0,-0.001016,-2e-06,-0.0,-0.0,-0.002376,-0.000808,-0.000939,-0.00087,-0.001495,-0.0,-3e-06,-0.0,-0.0,-0.0,-1.9e-05,-0.00056,-0.000516
2017-05-26 18:51:00+02:00,-0.0,0.0,-0.0,-0.000793,-0.0,-0.0,-0.0,-0.0,-0.000117,-0.0,-0.0,-0.0,-0.001058,-0.001169,-0.000429,-0.001184,-0.0,-0.0,-0.0,-0.000601,0.0,-0.000601,-0.0,-0.0,-0.0014,-0.001458,-0.0,-0.0,-7e-06,-0.0,-0.0,-0.00049,0.0,-0.000762,-0.001179,-0.0,-2.5e-05,-0.0,-0.0,-0.001729,-0.0,-0.0,-3e-06,-0.0,-0.0,-6.5e-05,-2.5e-05,-2e-05,-5.5e-05,-0.0,-0.0,-0.00015,-0.000546,-0.001306,-0.0,0.0,-0.0,-0.0,0.0,-0.0,-9.7e-05,-0.001608,-0.000679,-0.0,-0.0,-0.001284,-0.0,-2.8e-05,0.0,-0.0,-2e-06,-0.0,-0.0,-0.000312,-0.001311,0.0,-0.0,-0.0,-0.0,-0.0,-0.000273,-0.0,-0.00015,-0.00157,-0.0,-0.0,-0.000137,-0.0,-0.0,-0.0,-0.0,-0.000471,-0.001006,0.0,-0.000596,-0.000455,-0.001221,-0.001327,-0.0,-0.001364,-0.0,-0.000994,-2e-06,-0.0,-0.0,-0.002285,-0.000767,-0.000884,-0.00085,-0.001467,-0.0,-2e-06,-0.0,-0.0,-0.0,-1.5e-05,-0.000543,-0.000487
2017-05-26 18:52:00+02:00,-0.0,0.0,-0.0,-0.000794,-0.0,-0.0,-0.0,-0.0,-0.00011,-0.0,-0.0,-0.0,-0.001013,-0.001121,-0.000401,-0.001184,-0.0,-0.0,-0.0,-0.000616,0.0,-0.000616,-0.0,-0.0,-0.001346,-0.001458,-0.0,-0.0,-8e-06,-0.0,-0.0,-0.000464,0.0,-0.000725,-0.001129,-0.0,-2e-05,-0.0,-0.0,-0.001663,-0.0,-0.0,-2e-06,-0.0,-0.0,-6.9e-05,-2.5e-05,-2.1e-05,-5.1e-05,-0.0,-0.0,-0.000152,-0.000541,-0.001255,-0.0,0.0,-0.0,-0.0,0.0,-0.0,-9.8e-05,-0.001544,-0.000681,-0.0,-0.0,-0.001284,-0.0,-2.9e-05,0.0,-0.0,-2e-06,-0.0,-0.0,-0.000319,-0.001258,0.0,-0.0,-0.0,-0.0,-0.0,-0.000268,-0.0,-0.000154,-0.001508,-0.0,-0.0,-0.000132,-0.0,-0.0,-0.0,-0.0,-0.000464,-0.000963,0.0,-0.000594,-0.00042,-0.001218,-0.001325,-0.0,-0.001307,-0.0,-0.000995,-1e-06,-0.0,-0.0,-0.002208,-0.000731,-0.000839,-0.00085,-0.001467,-0.0,-2e-06,-0.0,-0.0,-0.0,-1.2e-05,-0.000545,-0.000461
2017-05-26 18:53:00+02:00,-0.0,0.0,-0.0,-0.000781,-0.0,-0.0,-0.0,-0.0,-0.000104,-0.0,-0.0,-0.0,-0.000973,-0.001078,-0.000374,-0.001169,-0.0,-0.0,-0.0,-0.000608,0.0,-0.000608,-0.0,-0.0,-0.001296,-0.001441,-0.0,-0.0,-7e-06,-0.0,-0.0,-0.00044,0.0,-0.000691,-0.001085,-0.0,-1.6e-05,-0.0,-0.0,-0.001605,-0.0,-0.0,-2e-06,-0.0,-0.0,-6e-05,-2.4e-05,-2e-05,-4.7e-05,-0.0,-0.0,-0.000148,-0.000529,-0.001209,-0.0,0.0,-0.0,-0.0,0.0,-0.0,-9.5e-05,-0.001487,-0.000668,-0.0,-0.0,-0.001269,-0.0,-2.8e-05,0.0,-0.0,-2e-06,-0.0,-0.0,-0.000313,-0.001211,0.0,-0.0,-0.0,-0.0,-0.0,-0.000259,-0.0,-0.000145,-0.001453,-0.0,-0.0,-0.000129,-0.0,-0.0,-0.0,-0.0,-0.000452,-0.000924,0.0,-0.000581,-0.000386,-0.001201,-0.001308,-0.0,-0.001255,-0.0,-0.000981,-1e-06,-0.0,-0.0,-0.002142,-0.000699,-0.000797,-0.000835,-0.001449,-0.0,-2e-06,-0.0,-0.0,-0.0,-1e-05,-0.000533,-0.000438
2017-05-26 18:54:00+02:00,-0.0,0.0,-0.0,-0.000771,-0.0,-0.0,-0.0,-0.0,-9.8e-05,-0.0,-0.0,-0.0,-0.000933,-0.001033,-0.000347,-0.001157,-0.0,-0.0,-0.0,-0.000604,0.0,-0.000605,-0.0,-0.0,-0.001246,-0.001428,-0.0,-0.0,-6e-06,-0.0,-0.0,-0.000416,0.0,-0.000657,-0.00104,-0.0,-1.3e-05,-0.0,-0.0,-0.001544,-0.0,-0.0,-1e-06,-0.0,-0.0,-5.4e-05,-2.4e-05,-1.9e-05,-4.3e-05,-0.0,-0.0,-0.000145,-0.000518,-0.001162,-0.0,0.0,-0.0,-0.0,0.0,-0.0,-9.3e-05,-0.001428,-0.000658,-0.0,-0.0,-0.001256,-0.0,-2.8e-05,0.0,-0.0,-1e-06,-0.0,-0.0,-0.00031,-0.001163,0.0,-0.0,-0.0,-0.0,-0.0,-0.000251,-0.0,-0.000138,-0.001397,-0.0,-0.0,-0.000124,-0.0,-0.0,-0.0,-0.0,-0.000441,-0.000884,0.0,-0.000571,-0.000352,-0.001186,-0.001293,-0.0,-0.001202,-0.0,-0.000969,-1e-06,-0.0,-0.0,-0.002072,-0.000666,-0.000755,-0.000824,-0.001435,-0.0,-1e-06,-0.0,-0.0,-0.0,-8e-06,-0.000523,-0.000414
2017-05-26 18:55:00+02:00,-0.0,0.0,-0.0,-0.000757,-0.0,-0.0,-0.0,-0.0,-9.2e-05,-0.0,-0.0,-0.0,-0.000891,-0.000988,-0.000319,-0.001141,-0.0,-0.0,-0.0,-0.000589,0.0,-0.000591,-0.0,-0.0,-0.00119,-0.001411,-0.0,-0.0,-5e-06,-0.0,-0.0,-0.000391,0.0,-0.000622,-0.000993,-0.0,-1e-05,-0.0,-0.0,-0.001481,-0.0,-0.0,-1e-06,-0.0,-0.0,-4.4e-05,-2.3e-05,-1.8e-05,-4e-05,-0.0,-0.0,-0.000139,-0.000506,-0.001113,-0.0,0.0,-0.0,-0.0,0.0,-0.0,-8.8e-05,-0.001367,-0.000645,-0.0,-0.0,-0.001241,-0.0,-2.7e-05,0.0,-0.0,-1e-06,-0.0,-0.0,-0.000301,-0.001113,0.0,-0.0,-0.0,-0.0,-0.0,-0.000242,-0.0,-0.000127,-0.001338,-0.0,-0.0,-0.000119,-0.0,-0.0,-0.0,-0.0,-0.000429,-0.000844,0.0,-0.000559,-0.000315,-0.001169,-0.001276,-0.0,-0.001145,-0.0,-0.000954,-1e-06,-0.0,-0.0,-0.001998,-0.000633,-0.000711,-0.000809,-0.001418,-0.0,-1e-06,-0.0,-0.0,-0.0,-6e-06,-0.00051,-0.000391
2017-05-26 18:56:00+02:00,-0.0,0.0,-0.0,-0.00074,-0.0,-0.0,-0.0,-0.0,-8.7e-05,-0.0,-0.0,-0.0,-0.000862,-0.000959,-0.000303,-0.001119,-0.0,-0.0,-0.0,-0.000575,0.0,-0.000576,-0.0,-0.0,-0.001154,-0.001387,-0.0,-0.0,-4e-06,-0.0,-0.0,-0.000374,0.0,-0.000599,-0.000965,-0.0,-8e-06,-0.0,-0.0,-0.001444,-0.0,-0.0,-1e-06,-0.0,-0.0,-3.5e-05,-2.2e-05,-1.7e-05,-3.7e-05,-0.0,-0.0,-0.000133,-0.000492,-0.001081,-0.0,0.0,-0.0,-0.0,0.0,-0.0,-8.4e-05,-0.001332,-0.000628,-0.0,-0.0,-0.001218,-0.0,-2.6e-05,0.0,-0.0,-1e-06,-0.0,-0.0,-0.000291,-0.001082,0.0,-0.0,-0.0,-0.0,-0.0,-0.000232,-0.0,-0.000115,-0.001304,-0.0,-0.0,-0.000116,-0.0,-0.0,-0.0,-0.0,-0.000415,-0.000816,0.0,-0.000544,-0.000297,-0.001146,-0.001252,-0.0,-0.001111,-0.0,-0.000934,-1e-06,-0.0,-0.0,-0.001954,-0.000609,-0.000686,-0.00079,-0.001393,-0.0,-1e-06,-0.0,-0.0,-0.0,-5e-06,-0.000494,-0.000373
2017-05-26 18:57:00+02:00,-0.0,0.0,-0.0,-0.000732,-0.0,-0.0,-0.0,-0.0,-8.6e-05,-0.0,-0.0,-0.0,-0.000852,-0.000953,-0.000309,-0.001107,-0.0,-0.0,-0.0,-0.00057,0.0,-0.000572,-0.0,-0.0,-0.001166,-0.001372,-0.0,-0.0,-4e-06,-0.0,-0.0,-0.000371,0.0,-0.0006,-0.000963,-0.0,-7e-06,-0.0,-0.0,-0.001448,-0.0,-0.0,-1e-06,-0.0,-0.0,-3.3e-05,-2.2e-05,-1.7e-05,-3.7e-05,-0.0,-0.0,-0.00013,-0.000481,-0.001073,-0.0,0.0,-0.0,-0.0,0.0,-0.0,-8.2e-05,-0.001339,-0.000621,-0.0,-0.0,-0.001205,-0.0,-2.6e-05,0.0,-0.0,-1e-06,-0.0,-0.0,-0.000287,-0.001079,0.0,-0.0,-0.0,-0.0,-0.0,-0.000225,-0.0,-0.000112,-0.001312,-0.0,-0.0,-0.000116,-0.0,-0.0,-0.0,-0.0,-0.000405,-0.000807,0.0,-0.000536,-0.000309,-0.00113,-0.001236,-0.0,-0.001121,-0.0,-0.000924,-0.0,-0.0,-0.0,-0.001954,-0.0006,-0.000695,-0.00078,-0.001377,-0.0,-1e-06,-0.0,-0.0,-0.0,-4e-06,-0.000489,-0.000365
2017-05-26 18:58:00+02:00,-0.0,0.0,-0.0,-0.000705,-0.0,-0.0,-0.0,-0.0,-8.4e-05,-0.0,-0.0,-0.0,-0.000834,-0.000935,-0.000303,-0.001074,-0.0,-0.0,-0.0,-0.000532,0.0,-0.000533,-0.0,-0.0,-0.001159,-0.001334,-0.0,-0.0,-3e-06,-0.0,-0.0,-0.000361,0.0,-0.000591,-0.000948,-0.0,-5e-06,-0.0,-0.0,-0.001432,-0.0,-0.0,-1e-06,-0.0,-0.0,-2.6e-05,-2e-05,-1.5e-05,-3.6e-05,-0.0,-0.0,-0.000118,-0.000462,-0.001053,-0.0,0.0,-0.0,-0.0,0.0,-0.0,-7.4e-05,-0.001325,-0.000595,-0.0,-0.0,-0.00117,-0.0,-2.3e-05,0.0,-0.0,-1e-06,-0.0,-0.0,-0.000266,-0.001063,0.0,-0.0,-0.0,-0.0,-0.0,-0.000214,-0.0,-9.3e-05,-0.001299,-0.0,-0.0,-0.000115,-0.0,-0.0,-0.0,-0.0,-0.000388,-0.00079,0.0,-0.000514,-0.000303,-0.001097,-0.001201,-0.0,-0.001111,-0.0,-0.000893,-0.0,-0.0,-0.0,-0.001932,-0.000583,-0.000686,-0.000752,-0.00134,-0.0,-1e-06,-0.0,-0.0,-0.0,-3e-06,-0.000464,-0.000352
2017-05-26 18:59:00+02:00,-0.0,0.0,-0.0,-0.000648,-0.0,-0.0,-0.0,-0.0,-8.1e-05,-0.0,-0.0,-0.0,-0.000802,-0.000902,-0.000278,-0.00101,-0.0,-0.0,-0.0,-0.000425,0.0,-0.000427,-0.0,-0.0,-0.001121,-0.001267,-0.0,-0.0,-3e-06,-0.0,-0.0,-0.000344,0.0,-0.000565,-0.000913,-0.0,-4e-06,-0.0,-0.0,-0.001386,-0.0,-0.0,-0.0,-0.0,-0.0,-2.1e-05,-1.7e-05,-1.2e-05,-3.3e-05,-0.0,-0.0,-9.4e-05,-0.000431,-0.001017,-0.0,0.0,-0.0,-0.0,0.0,-0.0,-5.9e-05,-0.001279,-0.000539,-0.0,-0.0,-0.001105,-0.0,-1.9e-05,0.0,-0.0,-0.0,-0.0,-0.0,-0.000212,-0.001026,0.0,-0.0,-0.0,-0.0,-0.0,-0.000198,-0.0,-7.4e-05,-0.001255,-0.0,-0.0,-0.000112,-0.0,-0.0,-0.0,-0.0,-0.000363,-0.00076,0.0,-0.000474,-0.000267,-0.001041,-0.00114,-0.0,-0.001071,-0.0,-0.000832,-0.0,-0.0,-0.0,-0.001879,-0.000559,-0.000651,-0.000696,-0.001274,-0.0,-0.0,-0.0,-0.0,-0.0,-3e-06,-0.00041,-0.000335
2017-05-26 19:00:00+02:00,-0.0,0.0,-0.0,-0.000612,-0.0,-0.0,-0.0,-0.0,-7.7e-05,-0.0,-0.0,-0.0,-0.000774,-0.000872,-0.000257,-0.000968,-0.0,-0.0,-0.0,-0.00034,0.0,-0.000341,-0.0,-0.0,-0.001089,-0.001222,-0.0,-0.0,-2e-06,-0.0,-0.0,-0.000328,0.0,-0.000542,-0.000882,-0.0,-3e-06,-0.0,-0.0,-0.001345,-0.0,-0.0,-0.0,-0.0,-0.0,-1.7e-05,-1.5e-05,-9e-06,-3.1e-05,-0.0,-0.0,-7.5e-05,-0.000409,-0.000985,-0.0,0.0,-0.0,-0.0,0.0,-0.0,-4.7e-05,-0.00124,-0.000503,-0.0,-0.0,-0.001062,-0.0,-1.5e-05,0.0,-0.0,-0.0,-0.0,-0.0,-0.00017,-0.000994,0.0,-0.0,-0.0,-0.0,-0.0,-0.000186,-0.0,-5.9e-05,-0.001217,-0.0,-0.0,-0.000109,-0.0,-0.0,-0.0,-0.0,-0.000344,-0.000733,0.0,-0.000447,-0.000238,-0.001001,-0.001098,-0.0,-0.001036,-0.0,-0.000793,-0.0,-0.0,-0.0,-0.001833,-0.000536,-0.00062,-0.000659,-0.001228,-0.0,-0.0,-0.0,-0.0,-0.0,-2e-06,-0.000375,-0.000319
2017-05-26 19:01:00+02:00,-0.0,0.0,-0.0,-0.000608,-0.0,-0.0,-0.0,-0.0,-7.4e-05,-0.0,-0.0,-0.0,-0.00075,-0.000847,-0.000243,-0.000964,-0.0,-0.0,-0.0,-0.000317,0.0,-0.000318,-0.0,-0.0,-0.001065,-0.001214,-0.0,-0.0,-2e-06,-0.0,-0.0,-0.000315,0.0,-0.000524,-0.000858,-0.0,-3e-06,-0.0,-0.0,-0.001314,-0.0,-0.0,-0.0,-0.0,-0.0,-1.3e-05,-1.5e-05,-8e-06,-2.9e-05,-0.0,-0.0,-6.7e-05,-0.000403,-0.000957,-0.0,0.0,-0.0,-0.0,0.0,-0.0,-4.2e-05,-0.00121,-0.000499,-0.0,-0.0,-0.001057,-0.0,-1.3e-05,0.0,-0.0,-0.0,-0.0,-0.0,-0.000157,-0.000968,0.0,-0.0,-0.0,-0.0,-0.0,-0.00018,-0.0,-4.8e-05,-0.001189,-0.0,-0.0,-0.000106,-0.0,-0.0,-0.0,-0.0,-0.000336,-0.000709,0.0,-0.000442,-0.00022,-0.000991,-0.001089,-0.0,-0.001011,-0.0,-0.000788,-0.0,-0.0,-0.0,-0.001795,-0.000516,-0.000599,-0.000654,-0.00122,-0.0,-0.0,-0.0,-0.0,-0.0,-2e-06,-0.000371,-0.000305
2017-05-26 19:02:00+02:00,-0.0,0.0,-0.0,-0.000597,-0.0,-0.0,-0.0,-0.0,-7.2e-05,-0.0,-0.0,-0.0,-0.000723,-0.000819,-0.000226,-0.000953,-0.0,-0.0,-0.0,-0.000289,0.0,-0.000291,-0.0,-0.0,-0.001035,-0.0012,-0.0,-0.0,-1e-06,-0.0,-0.0,-0.0003,0.0,-0.000504,-0.00083,-0.0,-2e-06,-0.0,-0.0,-0.001277,-0.0,-0.0,-0.0,-0.0,-0.0,-1.1e-05,-1.4e-05,-7e-06,-2.7e-05,-0.0,-0.0,-5.9e-05,-0.000394,-0.000927,-0.0,0.0,-0.0,-0.0,0.0,-0.0,-3.6e-05,-0.001175,-0.000488,-0.0,-0.0,-0.001045,-0.0,-1.2e-05,0.0,-0.0,-0.0,-0.0,-0.0,-0.000141,-0.000937,0.0,-0.0,-0.0,-0.0,-0.0,-0.000174,-0.0,-3.8e-05,-0.001154,-0.0,-0.0,-0.000104,-0.0,-0.0,-0.0,-0.0,-0.000326,-0.000684,0.0,-0.000432,-0.000197,-0.000977,-0.001073,-0.0,-0.000979,-0.0,-0.000777,-0.0,-0.0,-0.0,-0.00175,-0.000495,-0.000573,-0.000643,-0.001204,-0.0,-0.0,-0.0,-0.0,-0.0,-1e-06,-0.000361,-0.00029
2017-05-26 19:03:00+02:00,-0.0,0.0,-0.0,-0.000595,-0.0,-0.0,-0.0,-0.0,-7.1e-05,-0.0,-0.0,-0.0,-0.000704,-0.0008,-0.000219,-0.00095,-0.0,-0.0,-0.0,-0.000274,0.0,-0.000277,-0.0,-0.0,-0.00102,-0.001195,-0.0,-0.0,-1e-06,-0.0,-0.0,-0.000291,0.0,-0.000491,-0.000812,-0.0,-2e-06,-0.0,-0.0,-0.001255,-0.0,-0.0,-0.0,-0.0,-0.0,-9e-06,-1.4e-05,-6e-06,-2.6e-05,-0.0,-0.0,-5.3e-05,-0.000388,-0.000905,-0.0,0.0,-0.0,-0.0,0.0,-0.0,-3.2e-05,-0.001155,-0.000486,-0.0,-0.0,-0.001042,-0.0,-1.1e-05,0.0,-0.0,-0.0,-0.0,-0.0,-0.000133,-0.000917,0.0,-0.0,-0.0,-0.0,-0.0,-0.000169,-0.0,-3e-05,-0.001136,-0.0,-0.0,-0.000103,-0.0,-0.0,-0.0,-0.0,-0.00032,-0.000665,0.0,-0.000428,-0.000189,-0.000969,-0.001067,-0.0,-0.000963,-0.0,-0.000774,-0.0,-0.0,-0.0,-0.001723,-0.00048,-0.000561,-0.000639,-0.001198,-0.0,-0.0,-0.0,-0.0,-0.0,-1e-06,-0.000358,-0.00028
2017-05-26 19:04:00+02:00,-0.0,0.0,-0.0,-0.000581,-0.0,-0.0,-0.0,-0.0,-7.1e-05,-0.0,-0.0,-0.0,-0.000679,-0.000773,-0.000204,-0.000936,-0.0,-0.0,-0.0,-0.000258,0.0,-0.000261,-0.0,-0.0,-0.000994,-0.001179,-0.0,-0.0,-1e-06,-0.0,-0.0,-0.000279,0.0,-0.000473,-0.000785,-0.0,-1e-06,-0.0,-0.0,-0.001221,-0.0,-0.0,-0.0,-0.0,-0.0,-7e-06,-1.3e-05,-5e-06,-2.5e-05,-0.0,-0.0,-4.8e-05,-0.000378,-0.000876,-0.0,0.0,-0.0,-0.0,0.0,-0.0,-2.9e-05,-0.001122,-0.000472,-0.0,-0.0,-0.001027,-0.0,-1e-05,0.0,-0.0,-0.0,-0.0,-0.0,-0.000123,-0.000888,0.0,-0.0,-0.0,-0.0,-0.0,-0.000164,-0.0,-2.4e-05,-0.001104,-0.0,-0.0,-0.000103,-0.0,-0.0,-0.0,-0.0,-0.000311,-0.000642,0.0,-0.000416,-0.00017,-0.000954,-0.001051,-0.0,-0.000935,-0.0,-0.00076,-0.0,-0.0,-0.0,-0.001681,-0.000461,-0.000539,-0.000626,-0.001182,-0.0,-0.0,-0.0,-0.0,-0.0,-1e-06,-0.000345,-0.000268
2017-05-26 19:05:00+02:00,-0.0,0.0,-0.0,-0.000562,-0.0,-0.0,-0.0,-0.0,-7.1e-05,-0.0,-0.0,-0.0,-0.000657,-0.000749,-0.000193,-0.000914,-0.0,-0.0,-0.0,-0.000263,0.0,-0.000267,-0.0,-0.0,-0.000973,-0.001154,-0.0,-0.0,-1e-06,-0.0,-0.0,-0.000268,0.0,-0.000457,-0.000761,-0.0,-1e-06,-0.0,-0.0,-0.001191,-0.0,-0.0,-0.0,-0.0,-0.0,-6e-06,-1.2e-05,-5e-06,-2.5e-05,-0.0,-0.0,-4.8e-05,-0.000365,-0.00085,-0.0,0.0,-0.0,-0.0,0.0,-0.0,-2.9e-05,-0.001094,-0.000452,-0.0,-0.0,-0.001004,-0.0,-1.1e-05,0.0,-0.0,-0.0,-0.0,-0.0,-0.000124,-0.000862,0.0,-0.0,-0.0,-0.0,-0.0,-0.000158,-0.0,-1.9e-05,-0.001077,-0.0,-0.0,-0.000104,-0.0,-0.0,-0.0,-0.0,-0.0003,-0.000621,0.0,-0.000401,-0.000156,-0.000932,-0.001028,-0.0,-0.000912,-0.0,-0.000738,-0.0,-0.0,-0.0,-0.001645,-0.000445,-0.000521,-0.000606,-0.001157,-0.0,-0.0,-0.0,-0.0,-0.0,-1e-06,-0.000326,-0.000258
2017-05-26 19:06:00+02:00,-0.0,0.0,-0.0,-0.000563,-0.0,-0.0,-0.0,-0.0,-7.2e-05,-0.0,-0.0,-0.0,-0.000647,-0.000741,-0.000198,-0.000913,-0.0,-0.0,-0.0,-0.000333,0.0,-0.000338,-0.0,-0.0,-0.000977,-0.00115,-0.0,-0.0,-1e-06,-0.0,-0.0,-0.000265,0.0,-0.000455,-0.000756,-0.0,-1e-06,-0.0,-0.0,-0.00119,-0.0,-0.0,-0.0,-0.0,-0.0,-4e-06,-1.3e-05,-1e-05,-2.6e-05,-0.0,-0.0,-6.2e-05,-0.00036,-0.000839,-0.0,0.0,-0.0,-0.0,0.0,-0.0,-3.7e-05,-0.001096,-0.000454,-0.0,-0.0,-0.001002,-0.0,-1.5e-05,0.0,-0.0,-0.0,-0.0,-0.0,-0.000156,-0.000855,0.0,-0.0,-0.0,-0.0,-0.0,-0.000154,-0.0,-1.6e-05,-0.00108,-0.0,-0.0,-0.000105,-0.0,-0.0,-0.0,-0.0,-0.000294,-0.000611,0.0,-0.000398,-0.000168,-0.000926,-0.001022,-0.0,-0.000915,-0.0,-0.000738,-0.0,-0.0,-0.0,-0.001638,-0.000436,-0.000526,-0.000605,-0.001152,-0.0,-0.0,-0.0,-0.0,-0.0,-1e-06,-0.000328,-0.000252
2017-05-26 19:07:00+02:00,-0.0,0.0,-0.0,-0.000561,-0.0,-0.0,-0.0,-0.0,-7.2e-05,-0.0,-0.0,-0.0,-0.000635,-0.000732,-0.000201,-0.000907,-0.0,-0.0,-0.0,-0.000377,0.0,-0.000384,-0.0,-0.0,-0.000979,-0.001141,-0.0,-0.0,-0.0,-0.0,-0.0,-0.00026,0.0,-0.000452,-0.000751,-0.0,-1e-06,-0.0,-0.0,-0.001188,-0.0,-0.0,-0.0,-0.0,-0.0,-4e-06,-1.3e-05,-1.3e-05,-2.6e-05,-0.0,-0.0,-7e-05,-0.000354,-0.000827,-0.0,0.0,-0.0,-0.0,0.0,-0.0,-4.2e-05,-0.001097,-0.000453,-0.0,-0.0,-0.000995,-0.0,-1.8e-05,0.0,-0.0,-0.0,-0.0,-0.0,-0.000176,-0.000848,0.0,-0.0,-0.0,-0.0,-0.0,-0.00015,-0.0,-1.2e-05,-0.001081,-0.0,-0.0,-0.000106,-0.0,-0.0,-0.0,-0.0,-0.000287,-0.000601,0.0,-0.000394,-0.000177,-0.000916,-0.001012,-0.0,-0.000916,-0.0,-0.000734,-0.0,-0.0,-0.0,-0.00163,-0.000426,-0.000529,-0.000601,-0.001142,-0.0,-0.0,-0.0,-0.0,-0.0,-0.0,-0.000328,-0.000245
2017-05-26 19:08:00+02:00,-0.0,0.0,-0.0,-0.000528,-0.0,-0.0,-0.0,-0.0,-6.9e-05,-0.0,-0.0,-0.0,-0.000605,-0.000697,-0.000179,-0.000868,-0.0,-0.0,-0.0,-0.000385,0.0,-0.00039,-0.0,-0.0,-0.000936,-0.001098,-0.0,-0.0,-0.0,-0.0,-0.0,-0.000244,0.0,-0.000427,-0.000715,-0.0,-1e-06,-0.0,-0.0,-0.001137,-0.0,-0.0,-0.0,-0.0,-0.0,-3e-06,-1.1e-05,-1.3e-05,-2.4e-05,-0.0,-0.0,-7e-05,-0.000335,-0.00079,-0.0,0.0,-0.0,-0.0,0.0,-0.0,-4.1e-05,-0.001048,-0.000422,-0.0,-0.0,-0.000954,-0.0,-1.8e-05,0.0,-0.0,-0.0,-0.0,-0.0,-0.000177,-0.000809,0.0,-0.0,-0.0,-0.0,-0.0,-0.000141,-0.0,-1e-05,-0.001034,-0.0,-0.0,-0.000102,-0.0,-0.0,-0.0,-0.0,-0.000272,-0.000571,0.0,-0.000371,-0.000146,-0.00088,-0.000973,-0.0,-0.000872,-0.0,-0.000698,-0.0,-0.0,-0.0,-0.001567,-0.000403,-0.000494,-0.000569,-0.0011,-0.0,-0.0,-0.0,-0.0,-0.0,-0.0,-0.000299,-0.00023
2017-05-26 19:09:00+02:00,-0.0,0.0,-0.0,-0.00051,-0.0,-0.0,-0.0,-0.0,-6.7e-05,-0.0,-0.0,-0.0,-0.000581,-0.000673,-0.000168,-0.000843,-0.0,-0.0,-0.0,-0.000396,0.0,-0.000402,-0.0,-0.0,-0.000911,-0.001069,-0.0,-0.0,-0.0,-0.0,-0.0,-0.000233,0.0,-0.00041,-0.000692,-0.0,-0.0,-0.0,-0.0,-0.001105,-0.0,-0.0,-0.0,-0.0,-0.0,-2e-06,-1e-05,-1.3e-05,-2.3e-05,-0.0,-0.0,-7.1e-05,-0.000322,-0.000763,-0.0,0.0,-0.0,-0.0,0.0,-0.0,-4.2e-05,-0.001019,-0.000405,-0.0,-0.0,-0.000927,-0.0,-1.9e-05,0.0,-0.0,-0.0,-0.0,-0.0,-0.000181,-0.000783,0.0,-0.0,-0.0,-0.0,-0.0,-0.000134,-0.0,-8e-06,-0.001005,-0.0,-0.0,-9.9e-05,-0.0,-0.0,-0.0,-0.0,-0.00026,-0.000549,0.0,-0.000357,-0.000132,-0.000854,-0.000945,-0.0,-0.000846,-0.0,-0.000677,-0.0,-0.0,-0.0,-0.001525,-0.000386,-0.000475,-0.000549,-0.00107,-0.0,-0.0,-0.0,-0.0,-0.0,-0.0,-0.000283,-0.000219
2017-05-26 19:10:00+02:00,-0.0,0.0,-0.0,-0.000497,-0.0,-0.0,-0.0,-0.0,-6.6e-05,-0.0,-0.0,-0.0,-0.000561,-0.000652,-0.00016,-0.000824,-0.0,-0.0,-0.0,-0.000404,0.0,-0.00041,-0.0,-0.0,-0.000891,-0.001046,-0.0,-0.0,-0.0,-0.0,-0.0,-0.000224,0.0,-0.000397,-0.000672,-0.0,-0.0,-0.0,-0.0,-0.001079,-0.0,-0.0,-0.0,-0.0,-0.0,-2e-06,-1e-05,-1.4e-05,-2.2e-05,-0.0,-0.0,-7.1e-05,-0.000311,-0.000739,-0.0,0.0,-0.0,-0.0,0.0,-0.0,-4.2e-05,-0.000995,-0.000394,-0.0,-0.0,-0.000906,-0.0,-1.9e-05,0.0,-0.0,-0.0,-0.0,-0.0,-0.000183,-0.00076,0.0,-0.0,-0.0,-0.0,-0.0,-0.000128,-0.0,-6e-06,-0.000983,-0.0,-0.0,-9.8e-05,-0.0,-0.0,-0.0,-0.0,-0.00025,-0.00053,0.0,-0.000346,-0.000123,-0.000834,-0.000924,-0.0,-0.000825,-0.0,-0.000661,-0.0,-0.0,-0.0,-0.00149,-0.00037,-0.000461,-0.000535,-0.001047,-0.0,-0.0,-0.0,-0.0,-0.0,-0.0,-0.000274,-0.000209
2017-05-26 19:11:00+02:00,-0.0,0.0,-0.0,-0.000454,-0.0,-0.0,-0.0,-0.0,-6.5e-05,-0.0,-0.0,-0.0,-0.000541,-0.00063,-0.000147,-0.000772,-0.0,-0.0,-0.0,-0.000398,0.0,-0.000403,-0.0,-0.0,-0.000863,-0.000991,-0.0,-0.0,-0.0,-0.0,-0.0,-0.000213,0.0,-0.00038,-0.000649,-0.0,-0.0,-0.0,-0.0,-0.001048,-0.0,-0.0,-0.0,-0.0,-0.0,-1e-06,-8e-06,-1.3e-05,-2.1e-05,-0.0,-0.0,-6.8e-05,-0.000288,-0.000715,-0.0,0.0,-0.0,-0.0,0.0,-0.0,-4e-05,-0.000965,-0.000351,-0.0,-0.0,-0.000853,-0.0,-1.9e-05,0.0,-0.0,-0.0,-0.0,-0.0,-0.000178,-0.000736,0.0,-0.0,-0.0,-0.0,-0.0,-0.000118,-0.0,-5e-06,-0.000954,-0.0,-0.0,-9.6e-05,-0.0,-0.0,-0.0,-0.0,-0.000233,-0.000511,0.0,-0.000316,-0.000104,-0.000789,-0.000875,-0.0,-0.000797,-0.0,-0.000613,-0.0,-0.0,-0.0,-0.001454,-0.000356,-0.000439,-0.000492,-0.000994,-0.0,-0.0,-0.0,-0.0,-0.0,-0.0,-0.000234,-0.0002
2017-05-26 19:12:00+02:00,-0.0,0.0,-0.0,-0.000413,-0.0,-0.0,-0.0,-0.0,-6.3e-05,-0.0,-0.0,-0.0,-0.000518,-0.000603,-0.000128,-0.000725,-0.0,-0.0,-0.0,-0.000387,0.0,-0.000392,-0.0,-0.0,-0.000824,-0.000941,-0.0,-0.0,-0.0,-0.0,-0.0,-0.0002,0.0,-0.000357,-0.000619,-0.0,-0.0,-0.0,-0.0,-0.001006,-0.0,-0.0,-0.0,-0.0,-0.0,-1e-06,-6e-06,-1.3e-05,-1.9e-05,-0.0,-0.0,-6.4e-05,-0.000268,-0.000686,-0.0,0.0,-0.0,-0.0,0.0,-0.0,-3.8e-05,-0.000923,-0.000312,-0.0,-0.0,-0.000805,-0.0,-1.9e-05,0.0,-0.0,-0.0,-0.0,-0.0,-0.000171,-0.000705,0.0,-0.0,-0.0,-0.0,-0.0,-0.000109,-0.0,-4e-06,-0.000913,-0.0,-0.0,-9.5e-05,-0.0,-0.0,-0.0,-0.0,-0.000218,-0.000488,0.0,-0.000289,-8.3e-05,-0.000748,-0.000831,-0.0,-0.000756,-0.0,-0.000568,-0.0,-0.0,-0.0,-0.001407,-0.000339,-0.000407,-0.000452,-0.000944,-0.0,-0.0,-0.0,-0.0,-0.0,-0.0,-0.000197,-0.00019
2017-05-26 19:13:00+02:00,-0.0,0.0,-0.0,-0.000381,-0.0,-0.0,-0.0,-0.0,-6e-05,-0.0,-0.0,-0.0,-0.00049,-0.000569,-0.000105,-0.000689,-0.0,-0.0,-0.0,-0.000364,0.0,-0.000368,-0.0,-0.0,-0.000776,-0.000902,-0.0,-0.0,-0.0,-0.0,-0.0,-0.000185,0.0,-0.000331,-0.000583,-0.0,-0.0,-0.0,-0.0,-0.000953,-0.0,-0.0,-0.0,-0.0,-0.0,-1e-06,-5e-06,-1.1e-05,-1.6e-05,-0.0,-0.0,-5.8e-05,-0.000252,-0.00065,-0.0,0.0,-0.0,-0.0,0.0,-0.0,-3.4e-05,-0.000871,-0.000281,-0.0,-0.0,-0.000767,-0.0,-1.7e-05,0.0,-0.0,-0.0,-0.0,-0.0,-0.000159,-0.000666,0.0,-0.0,-0.0,-0.0,-0.0,-0.000102,-0.0,-3e-06,-0.000862,-0.0,-0.0,-9.3e-05,-0.0,-0.0,-0.0,-0.0,-0.000205,-0.000461,0.0,-0.000268,-6.6e-05,-0.000717,-0.000796,-0.0,-0.000708,-0.0,-0.000534,-0.0,-0.0,-0.0,-0.001344,-0.000319,-0.00037,-0.000422,-0.000905,-0.0,-0.0,-0.0,-0.0,-0.0,-0.0,-0.000168,-0.000179
2017-05-26 19:14:00+02:00,-0.0,0.0,-0.0,-0.000363,-0.0,-0.0,-0.0,-0.0,-5.7e-05,-0.0,-0.0,-0.0,-0.000464,-0.00054,-8.5e-05,-0.000668,-0.0,-0.0,-0.0,-0.000322,0.0,-0.000324,-0.0,-0.0,-0.000736,-0.000878,-0.0,-0.0,-0.0,-0.0,-0.0,-0.000172,0.0,-0.000308,-0.000552,-0.0,-0.0,-0.0,-0.0,-0.000907,-0.0,-0.0,-0.0,-0.0,-0.0,-1e-06,-4e-06,-9e-06,-1.3e-05,-0.0,-0.0,-4.8e-05,-0.000241,-0.000619,-0.0,0.0,-0.0,-0.0,0.0,-0.0,-2.8e-05,-0.000826,-0.000263,-0.0,-0.0,-0.000745,-0.0,-1.4e-05,0.0,-0.0,-0.0,-0.0,-0.0,-0.000138,-0.000633,0.0,-0.0,-0.0,-0.0,-0.0,-9.7e-05,-0.0,-3e-06,-0.000818,-0.0,-0.0,-8.9e-05,-0.0,-0.0,-0.0,-0.0,-0.000196,-0.000437,0.0,-0.000255,-5.3e-05,-0.000696,-0.000774,-0.0,-0.000667,-0.0,-0.000514,-0.0,-0.0,-0.0,-0.00129,-0.000301,-0.000337,-0.000403,-0.000882,-0.0,-0.0,-0.0,-0.0,-0.0,-0.0,-0.000151,-0.000167
2017-05-26 19:15:00+02:00,-0.0,0.0,-0.0,-0.000352,-0.0,-0.0,-0.0,-0.0,-5.4e-05,-0.0,-0.0,-0.0,-0.000443,-0.000516,-7e-05,-0.000653,-0.0,-0.0,-0.0,-0.000289,0.0,-0.00029,-0.0,-0.0,-0.000705,-0.000862,-0.0,-0.0,-0.0,-0.0,-0.0,-0.000161,0.0,-0.00029,-0.000527,-0.0,-0.0,-0.0,-0.0,-0.000869,-0.0,-0.0,-0.0,-0.0,-0.0,-1e-06,-3e-06,-7e-06,-1.2e-05,-0.0,-0.0,-4e-05,-0.000232,-0.000593,-0.0,0.0,-0.0,-0.0,0.0,-0.0,-2.3e-05,-0.000789,-0.000252,-0.0,-0.0,-0.000729,-0.0,-1.2e-05,0.0,-0.0,-0.0,-0.0,-0.0,-0.000121,-0.000606,0.0,-0.0,-0.0,-0.0,-0.0,-9.1e-05,-0.0,-2e-06,-0.000782,-0.0,-0.0,-8.4e-05,-0.0,-0.0,-0.0,-0.0,-0.000187,-0.000416,0.0,-0.000246,-4.3e-05,-0.00068,-0.000757,-0.0,-0.000635,-0.0,-0.000501,-0.0,-0.0,-0.0,-0.001247,-0.000284,-0.000312,-0.000391,-0.000865,-0.0,-0.0,-0.0,-0.0,-0.0,-0.0,-0.000141,-0.000156
2017-05-26 19:16:00+02:00,-0.0,0.0,-0.0,-0.000327,-0.0,-0.0,-0.0,-0.0,-4.3e-05,-0.0,-0.0,-0.0,-0.000379,-0.000433,-5.6e-05,-0.000625,-0.0,-0.0,-0.0,-0.000235,0.0,-0.000234,-0.0,-0.0,-0.000564,-0.000831,-0.0,-0.0,-0.0,-0.0,-0.0,-0.000128,0.0,-0.000232,-0.000426,-0.0,-0.0,-0.0,-0.0,-0.000704,-0.0,-0.0,-0.0,-0.0,-0.0,-0.0,-3e-06,-6e-06,-9e-06,-0.0,-0.0,-3.2e-05,-0.00022,-0.000509,-0.0,0.0,-0.0,-0.0,0.0,-0.0,-1.9e-05,-0.000631,-0.000228,-0.0,-0.0,-0.000701,-0.0,-9e-06,0.0,-0.0,-0.0,-0.0,-0.0,-9.7e-05,-0.000504,0.0,-0.0,-0.0,-0.0,-0.0,-8.5e-05,-0.0,-2e-06,-0.000626,-0.0,-0.0,-7.1e-05,-0.0,-0.0,-0.0,-0.0,-0.000177,-0.000353,0.0,-0.00023,-3.4e-05,-0.000654,-0.00073,-0.0,-0.000508,-0.0,-0.000474,-0.0,-0.0,-0.0,-0.001073,-0.000242,-0.000249,-0.000367,-0.000835,-0.0,-0.0,-0.0,-0.0,-0.0,-0.0,-0.000118,-0.000131
2017-05-26 19:17:00+02:00,-0.0,0.0,-0.0,-0.0003,-0.0,-0.0,-0.0,-0.0,-3.4e-05,-0.0,-0.0,-0.0,-0.000322,-0.000359,-4.5e-05,-0.000596,-0.0,-0.0,-0.0,-0.000188,0.0,-0.000187,-0.0,-0.0,-0.000451,-0.000801,-0.0,-0.0,-0.0,-0.0,-0.0,-0.000103,0.0,-0.000186,-0.000341,-0.0,-0.0,-0.0,-0.0,-0.000563,-0.0,-0.0,-0.0,-0.0,-0.0,-0.0,-2e-06,-5e-06,-7e-06,-0.0,-0.0,-2.6e-05,-0.000207,-0.000433,-0.0,0.0,-0.0,-0.0,0.0,-0.0,-1.5e-05,-0.000505,-0.000201,-0.0,-0.0,-0.000672,-0.0,-7e-06,0.0,-0.0,-0.0,-0.0,-0.0,-7.8e-05,-0.000414,0.0,-0.0,-0.0,-0.0,-0.0,-7.9e-05,-0.0,-1e-06,-0.000501,-0.0,-0.0,-5.9e-05,-0.0,-0.0,-0.0,-0.0,-0.000166,-0.000297,0.0,-0.000212,-2.7e-05,-0.000628,-0.000702,-0.0,-0.000406,-0.0,-0.000446,-0.0,-0.0,-0.0,-0.000917,-0.000204,-0.0002,-0.000341,-0.000805,-0.0,-0.0,-0.0,-0.0,-0.0,-0.0,-9.4e-05,-0.000109
2017-05-26 19:18:00+02:00,-0.0,0.0,-0.0,-0.000283,-0.0,-0.0,-0.0,-0.0,-2.8e-05,-0.0,-0.0,-0.0,-0.000278,-0.000302,-3.6e-05,-0.000578,-0.0,-0.0,-0.0,-0.000151,0.0,-0.00015,-0.0,-0.0,-0.000361,-0.000782,-0.0,-0.0,-0.0,-0.0,-0.0,-8.2e-05,0.0,-0.000148,-0.000273,-0.0,-0.0,-0.0,-0.0,-0.000452,-0.0,-0.0,-0.0,-0.0,-0.0,-0.0,-2e-06,-4e-06,-6e-06,-0.0,-0.0,-2.1e-05,-0.000198,-0.000374,-0.0,0.0,-0.0,-0.0,0.0,-0.0,-1.2e-05,-0.000404,-0.000184,-0.0,-0.0,-0.000654,-0.0,-6e-06,0.0,-0.0,-0.0,-0.0,-0.0,-6.2e-05,-0.000345,0.0,-0.0,-0.0,-0.0,-0.0,-7.4e-05,-0.0,-1e-06,-0.0004,-0.0,-0.0,-5.1e-05,-0.0,-0.0,-0.0,-0.0,-0.000159,-0.000253,0.0,-0.000201,-2.2e-05,-0.000611,-0.000684,-0.0,-0.000325,-0.0,-0.000428,-0.0,-0.0,-0.0,-0.000795,-0.000174,-0.00016,-0.000325,-0.000785,-0.0,-0.0,-0.0,-0.0,-0.0,-0.0,-7.8e-05,-9.2e-05
2017-05-26 19:19:00+02:00,-0.0,0.0,-0.0,-0.000285,-0.0,-0.0,-0.0,-0.0,-2.2e-05,-0.0,-0.0,-0.0,-0.000251,-0.000268,-2.9e-05,-0.000579,-0.0,-0.0,-0.0,-0.000135,0.0,-0.000133,-0.0,-0.0,-0.000289,-0.000781,-0.0,-0.0,-0.0,-0.0,-0.0,-6.6e-05,0.0,-0.000119,-0.000232,-0.0,-0.0,-0.0,-0.0,-0.000387,-0.0,-0.0,-0.0,-0.0,-0.0,-0.0,-1e-06,-3e-06,-5e-06,-0.0,-0.0,-1.6e-05,-0.000195,-0.000339,-0.0,0.0,-0.0,-0.0,0.0,-0.0,-1e-05,-0.000327,-0.000186,-0.0,-0.0,-0.000654,-0.0,-5e-06,0.0,-0.0,-0.0,-0.0,-0.0,-5.3e-05,-0.000303,0.0,-0.0,-0.0,-0.0,-0.0,-7.3e-05,-0.0,-1e-06,-0.000326,-0.0,-0.0,-4.6e-05,-0.0,-0.0,-0.0,-0.0,-0.000156,-0.000227,0.0,-0.0002,-1.7e-05,-0.000609,-0.000682,-0.0,-0.00026,-0.0,-0.000429,-0.0,-0.0,-0.0,-0.000725,-0.000156,-0.000128,-0.000326,-0.000784,-0.0,-0.0,-0.0,-0.0,-0.0,-0.0,-8e-05,-8.2e-05
2017-05-26 19:20:00+02:00,-0.0,0.0,-0.0,-0.000283,-0.0,-0.0,-0.0,-0.0,-1.8e-05,-0.0,-0.0,-0.0,-0.000231,-0.000243,-2.3e-05,-0.000575,-0.0,-0.0,-0.0,-0.000122,0.0,-0.000119,-0.0,-0.0,-0.000231,-0.000777,-0.0,-0.0,-0.0,-0.0,-0.0,-5.3e-05,0.0,-9.5e-05,-0.000202,-0.0,-0.0,-0.0,-0.0,-0.000339,-0.0,-0.0,-0.0,-0.0,-0.0,-0.0,-1e-06,-2e-06,-4e-06,-0.0,-0.0,-1.3e-05,-0.000192,-0.000312,-0.0,0.0,-0.0,-0.0,0.0,-0.0,-8e-06,-0.00027,-0.000185,-0.0,-0.0,-0.000651,-0.0,-4e-06,0.0,-0.0,-0.0,-0.0,-0.0,-4.5e-05,-0.000272,0.0,-0.0,-0.0,-0.0,-0.0,-7.3e-05,-0.0,-1e-06,-0.00027,-0.0,-0.0,-4.4e-05,-0.0,-0.0,-0.0,-0.0,-0.000153,-0.000207,0.0,-0.000197,-1.4e-05,-0.000605,-0.000678,-0.0,-0.000208,-0.0,-0.000426,-0.0,-0.0,-0.0,-0.000674,-0.000143,-0.000102,-0.000323,-0.00078,-0.0,-0.0,-0.0,-0.0,-0.0,-0.0,-7.9e-05,-7.4e-05
2017-05-26 19:21:00+02:00,-0.0,0.0,-0.0,-0.000269,-0.0,-0.0,-0.0,-0.0,-1.4e-05,-0.0,-0.0,-0.0,-0.000211,-0.000218,-1.8e-05,-0.000556,-0.0,-0.0,-0.0,-0.00011,0.0,-0.000107,-0.0,-0.0,-0.000185,-0.000756,-0.0,-0.0,-0.0,-0.0,-0.0,-4.2e-05,0.0,-7.6e-05,-0.000173,-0.0,-0.0,-0.0,-0.0,-0.000292,-0.0,-0.0,-0.0,-0.0,-0.0,-0.0,-1e-06,-2e-06,-3e-06,-0.0,-0.0,-1.1e-05,-0.000183,-0.000286,-0.0,0.0,-0.0,-0.0,0.0,-0.0,-6e-06,-0.000216,-0.000172,-0.0,-0.0,-0.000631,-0.0,-3e-06,0.0,-0.0,-0.0,-0.0,-0.0,-3.9e-05,-0.000242,0.0,-0.0,-0.0,-0.0,-0.0,-6.9e-05,-0.0,-1e-06,-0.000216,-0.0,-0.0,-4.1e-05,-0.0,-0.0,-0.0,-0.0,-0.000147,-0.000187,0.0,-0.000187,-1.1e-05,-0.000588,-0.000659,-0.0,-0.000166,-0.0,-0.00041,-0.0,-0.0,-0.0,-0.000622,-0.000129,-8.2e-05,-0.000309,-0.000759,-0.0,-0.0,-0.0,-0.0,-0.0,-0.0,-6.7e-05,-6.7e-05
2017-05-26 19:22:00+02:00,-0.0,0.0,-0.0,-0.000261,-0.0,-0.0,-0.0,-0.0,-1.1e-05,-0.0,-0.0,-0.0,-0.000191,-0.000195,-1.5e-05,-0.000545,-0.0,-0.0,-0.0,-8.8e-05,0.0,-8.5e-05,-0.0,-0.0,-0.000148,-0.000743,-0.0,-0.0,-0.0,-0.0,-0.0,-3.4e-05,0.0,-6.1e-05,-0.000146,-0.0,-0.0,-0.0,-0.0,-0.000248,-0.0,-0.0,-0.0,-0.0,-0.0,-0.0,-1e-06,-2e-06,-2e-06,-0.0,-0.0,-8e-06,-0.000177,-0.00026,-0.0,0.0,-0.0,-0.0,0.0,-0.0,-5e-06,-0.000173,-0.000165,-0.0,-0.0,-0.000619,-0.0,-2e-06,0.0,-0.0,-0.0,-0.0,-0.0,-3.1e-05,-0.000214,0.0,-0.0,-0.0,-0.0,-0.0,-6.6e-05,-0.0,-0.0,-0.000173,-0.0,-0.0,-3.7e-05,-0.0,-0.0,-0.0,-0.0,-0.000141,-0.000169,0.0,-0.00018,-9e-06,-0.000576,-0.000647,-0.0,-0.000133,-0.0,-0.0004,-0.0,-0.0,-0.0,-0.000573,-0.000117,-6.5e-05,-0.0003,-0.000746,-0.0,-0.0,-0.0,-0.0,-0.0,-0.0,-6.1e-05,-5.9e-05
2017-05-26 19:23:00+02:00,-0.0,0.0,-0.0,-0.000238,-0.0,-0.0,-0.0,-0.0,-9e-06,-0.0,-0.0,-0.0,-0.000168,-0.000165,-1.2e-05,-0.000518,-0.0,-0.0,-0.0,-7.1e-05,0.0,-6.8e-05,-0.0,-0.0,-0.000118,-0.000714,-0.0,-0.0,-0.0,-0.0,-0.0,-2.7e-05,0.0,-4.9e-05,-0.000117,-0.0,-0.0,-0.0,-0.0,-0.000198,-0.0,-0.0,-0.0,-0.0,-0.0,-0.0,-1e-06,-1e-06,-2e-06,-0.0,-0.0,-7e-06,-0.000166,-0.000229,-0.0,0.0,-0.0,-0.0,0.0,-0.0,-4e-06,-0.000138,-0.000144,-0.0,-0.0,-0.000591,-0.0,-2e-06,0.0,-0.0,-0.0,-0.0,-0.0,-2.5e-05,-0.000178,0.0,-0.0,-0.0,-0.0,-0.0,-6.1e-05,-0.0,-0.0,-0.000138,-0.0,-0.0,-3.2e-05,-0.0,-0.0,-0.0,-0.0,-0.000132,-0.000146,0.0,-0.000166,-7e-06,-0.000551,-0.00062,-0.0,-0.000106,-0.0,-0.000375,-0.0,-0.0,-0.0,-0.000507,-0.000101,-5.2e-05,-0.000278,-0.000717,-0.0,-0.0,-0.0,-0.0,-0.0,-0.0,-4.9e-05,-5.1e-05
2017-05-26 19:24:00+02:00,-0.0,0.0,-0.0,-0.000209,-0.0,-0.0,-0.0,-0.0,-7e-06,-0.0,-0.0,-0.0,-0.000135,-0.000132,-9e-06,-0.000485,-0.0,-0.0,-0.0,-5.6e-05,0.0,-5.5e-05,-0.0,-0.0,-9.5e-05,-0.000677,-0.0,-0.0,-0.0,-0.0,-0.0,-2.2e-05,0.0,-3.9e-05,-9.3e-05,-0.0,-0.0,-0.0,-0.0,-0.000159,-0.0,-0.0,-0.0,-0.0,-0.0,-0.0,-0.0,-1e-06,-2e-06,-0.0,-0.0,-5e-06,-0.000153,-0.000184,-0.0,0.0,-0.0,-0.0,0.0,-0.0,-3e-06,-0.000111,-0.000116,-0.0,-0.0,-0.000556,-0.0,-2e-06,0.0,-0.0,-0.0,-0.0,-0.0,-2e-05,-0.000143,0.0,-0.0,-0.0,-0.0,-0.0,-5.6e-05,-0.0,-0.0,-0.000111,-0.0,-0.0,-2.6e-05,-0.0,-0.0,-0.0,-0.0,-0.000122,-0.000117,0.0,-0.000149,-6e-06,-0.000521,-0.000587,-0.0,-8.5e-05,-0.0,-0.000343,-0.0,-0.0,-0.0,-0.000407,-8.1e-05,-4.2e-05,-0.00025,-0.00068,-0.0,-0.0,-0.0,-0.0,-0.0,-0.0,-3.9e-05,-4e-05
2017-05-26 19:25:00+02:00,-0.0,0.0,-0.0,-0.000181,-0.0,-0.0,-0.0,-0.0,-6e-06,-0.0,-0.0,-0.0,-0.000113,-0.000106,-8e-06,-0.00045,-0.0,-0.0,-0.0,-4.5e-05,0.0,-4.4e-05,-0.0,-0.0,-7.6e-05,-0.000637,-0.0,-0.0,-0.0,-0.0,-0.0,-1.7e-05,0.0,-3.1e-05,-7.5e-05,-0.0,-0.0,-0.0,-0.0,-0.000127,-0.0,-0.0,-0.0,-0.0,-0.0,-0.0,-0.0,-1e-06,-1e-06,-0.0,-0.0,-4e-06,-0.00014,-0.000153,-0.0,0.0,-0.0,-0.0,0.0,-0.0,-2e-06,-8.8e-05,-9.2e-05,-0.0,-0.0,-0.00052,-0.0,-1e-06,0.0,-0.0,-0.0,-0.0,-0.0,-1.6e-05,-0.000114,0.0,-0.0,-0.0,-0.0,-0.0,-5.1e-05,-0.0,-0.0,-8.9e-05,-0.0,-0.0,-2.1e-05,-0.0,-0.0,-0.0,-0.0,-0.000112,-9.5e-05,0.0,-0.000131,-5e-06,-0.000489,-0.000552,-0.0,-6.8e-05,-0.0,-0.000311,-0.0,-0.0,-0.0,-0.000341,-6.6e-05,-3.3e-05,-0.000223,-0.000641,-0.0,-0.0,-0.0,-0.0,-0.0,-0.0,-3.1e-05,-3.2e-05
2017-05-26 19:26:00+02:00,-0.0,0.0,-0.0,-0.000145,-0.0,-0.0,-0.0,-0.0,-5e-06,-0.0,-0.0,-0.0,-9.3e-05,-8.4e-05,-6e-06,-0.000399,-0.0,-0.0,-0.0,-3.6e-05,0.0,-3.5e-05,-0.0,-0.0,-6.1e-05,-0.000581,-0.0,-0.0,-0.0,-0.0,-0.0,-1.4e-05,0.0,-2.5e-05,-6e-05,-0.0,-0.0,-0.0,-0.0,-0.000102,-0.0,-0.0,-0.0,-0.0,-0.0,-0.0,-0.0,-1e-06,-1e-06,-0.0,-0.0,-3e-06,-0.000123,-0.000126,-0.0,0.0,-0.0,-0.0,0.0,-0.0,-2e-06,-7.1e-05,-7.4e-05,-0.0,-0.0,-0.000467,-0.0,-1e-06,0.0,-0.0,-0.0,-0.0,-0.0,-1.3e-05,-9.1e-05,0.0,-0.0,-0.0,-0.0,-0.0,-4.4e-05,-0.0,-0.0,-7.1e-05,-0.0,-0.0,-1.6e-05,-0.0,-0.0,-0.0,-0.0,-0.0001,-7.6e-05,0.0,-0.000107,-4e-06,-0.000445,-0.000504,-0.0,-5.5e-05,-0.0,-0.000264,-0.0,-0.0,-0.0,-0.000281,-5.4e-05,-2.7e-05,-0.000183,-0.000586,-0.0,-0.0,-0.0,-0.0,-0.0,-0.0,-2.5e-05,-2.6e-05
2017-05-26 19:27:00+02:00,-0.0,0.0,-0.0,-0.000116,-0.0,-0.0,-0.0,-0.0,-4e-06,-0.0,-0.0,-0.0,-7.4e-05,-6.8e-05,-5e-06,-0.000326,-0.0,-0.0,-0.0,-2.9e-05,0.0,-2.8e-05,-0.0,-0.0,-4.8e-05,-0.000502,-0.0,-0.0,-0.0,-0.0,-0.0,-1.1e-05,0.0,-2e-05,-4.8e-05,-0.0,-0.0,-0.0,-0.0,-8.1e-05,-0.0,-0.0,-0.0,-0.0,-0.0,-0.0,-0.0,-1e-06,-1e-06,-0.0,-0.0,-3e-06,-0.000101,-0.000101,-0.0,0.0,-0.0,-0.0,0.0,-0.0,-2e-06,-5.7e-05,-5.9e-05,-0.0,-0.0,-0.000392,-0.0,-1e-06,0.0,-0.0,-0.0,-0.0,-0.0,-1e-05,-7.3e-05,0.0,-0.0,-0.0,-0.0,-0.0,-3.6e-05,-0.0,-0.0,-5.7e-05,-0.0,-0.0,-1.3e-05,-0.0,-0.0,-0.0,-0.0,-8.5e-05,-6.1e-05,0.0,-8.5e-05,-3e-06,-0.000386,-0.000437,-0.0,-4.4e-05,-0.0,-0.000211,-0.0,-0.0,-0.0,-0.000225,-4.3e-05,-2.1e-05,-0.000146,-0.000509,-0.0,-0.0,-0.0,-0.0,-0.0,-0.0,-2e-05,-2.1e-05
2017-05-26 19:28:00+02:00,-0.0,0.0,-0.0,-9.3e-05,-0.0,-0.0,-0.0,-0.0,-3e-06,-0.0,-0.0,-0.0,-6e-05,-5.4e-05,-4e-06,-0.000261,-0.0,-0.0,-0.0,-2.3e-05,0.0,-2.2e-05,-0.0,-0.0,-3.9e-05,-0.00041,-0.0,-0.0,-0.0,-0.0,-0.0,-9e-06,0.0,-1.6e-05,-3.8e-05,-0.0,-0.0,-0.0,-0.0,-6.5e-05,-0.0,-0.0,-0.0,-0.0,-0.0,-0.0,-0.0,-0.0,-1e-06,-0.0,-0.0,-2e-06,-8.1e-05,-8.1e-05,-0.0,0.0,-0.0,-0.0,0.0,-0.0,-1e-06,-4.5e-05,-4.7e-05,-0.0,-0.0,-0.000313,-0.0,-1e-06,0.0,-0.0,-0.0,-0.0,-0.0,-8e-06,-5.8e-05,0.0,-0.0,-0.0,-0.0,-0.0,-2.9e-05,-0.0,-0.0,-4.5e-05,-0.0,-0.0,-1.1e-05,-0.0,-0.0,-0.0,-0.0,-6.8e-05,-4.8e-05,0.0,-6.8e-05,-2e-06,-0.000318,-0.00036,-0.0,-3.5e-05,-0.0,-0.000169,-0.0,-0.0,-0.0,-0.00018,-3.4e-05,-1.7e-05,-0.000117,-0.00042,-0.0,-0.0,-0.0,-0.0,-0.0,-0.0,-1.6e-05,-1.7e-05
2017-05-26 19:29:00+02:00,-0.0,0.0,-0.0,-7.4e-05,-0.0,-0.0,-0.0,-0.0,-2e-06,-0.0,-0.0,-0.0,-4.8e-05,-4.3e-05,-3e-06,-0.000209,-0.0,-0.0,-0.0,-1.8e-05,0.0,-1.8e-05,-0.0,-0.0,-3.1e-05,-0.000328,-0.0,-0.0,-0.0,-0.0,-0.0,-7e-06,0.0,-1.3e-05,-3.1e-05,-0.0,-0.0,-0.0,-0.0,-5.2e-05,-0.0,-0.0,-0.0,-0.0,-0.0,-0.0,-0.0,-0.0,-1e-06,-0.0,-0.0,-2e-06,-6.5e-05,-6.5e-05,-0.0,0.0,-0.0,-0.0,0.0,-0.0,-1e-06,-3.6e-05,-3.8e-05,-0.0,-0.0,-0.000251,-0.0,-1e-06,0.0,-0.0,-0.0,-0.0,-0.0,-6e-06,-4.7e-05,0.0,-0.0,-0.0,-0.0,-0.0,-2.3e-05,-0.0,-0.0,-3.6e-05,-0.0,-0.0,-8e-06,-0.0,-0.0,-0.0,-0.0,-5.4e-05,-3.9e-05,0.0,-5.5e-05,-2e-06,-0.000254,-0.000288,-0.0,-2.8e-05,-0.0,-0.000135,-0.0,-0.0,-0.0,-0.000144,-2.8e-05,-1.4e-05,-9.4e-05,-0.000336,-0.0,-0.0,-0.0,-0.0,-0.0,-0.0,-1.3e-05,-1.3e-05
2017-05-26 19:30:00+02:00,-0.0,0.0,-0.0,-5.9e-05,-0.0,-0.0,-0.0,-0.0,-2e-06,-0.0,-0.0,-0.0,-3.8e-05,-3.5e-05,-2e-06,-0.000167,-0.0,-0.0,-0.0,-1.5e-05,0.0,-1.4e-05,-0.0,-0.0,-2.5e-05,-0.000263,-0.0,-0.0,-0.0,-0.0,-0.0,-6e-06,0.0,-1e-05,-2.4e-05,-0.0,-0.0,-0.0,-0.0,-4.2e-05,-0.0,-0.0,-0.0,-0.0,-0.0,-0.0,-0.0,-0.0,-0.0,-0.0,-0.0,-1e-06,-5.2e-05,-5.2e-05,-0.0,0.0,-0.0,-0.0,0.0,-0.0,-1e-06,-2.9e-05,-3e-05,-0.0,-0.0,-0.000201,-0.0,-0.0,0.0,-0.0,-0.0,-0.0,-0.0,-5e-06,-3.7e-05,0.0,-0.0,-0.0,-0.0,-0.0,-1.9e-05,-0.0,-0.0,-2.9e-05,-0.0,-0.0,-7e-06,-0.0,-0.0,-0.0,-0.0,-4.3e-05,-3.1e-05,0.0,-4.4e-05,-1e-06,-0.000203,-0.00023,-0.0,-2.2e-05,-0.0,-0.000108,-0.0,-0.0,-0.0,-0.000115,-2.2e-05,-1.1e-05,-7.5e-05,-0.000269,-0.0,-0.0,-0.0,-0.0,-0.0,-0.0,-1e-05,-1.1e-05
2017-05-26 19:31:00+02:00,-0.0,0.0,-0.0,-4.7e-05,-0.0,-0.0,-0.0,-0.0,-2e-06,-0.0,-0.0,-0.0,-3e-05,-2.8e-05,-2e-06,-0.000134,-0.0,-0.0,-0.0,-1.2e-05,0.0,-1.1e-05,-0.0,-0.0,-2e-05,-0.00021,-0.0,-0.0,-0.0,-0.0,-0.0,-5e-06,0.0,-8e-06,-2e-05,-0.0,-0.0,-0.0,-0.0,-3.3e-05,-0.0,-0.0,-0.0,-0.0,-0.0,-0.0,-0.0,-0.0,-0.0,-0.0,-0.0,-1e-06,-4.1e-05,-4.1e-05,-0.0,0.0,-0.0,-0.0,0.0,-0.0,-1e-06,-2.3e-05,-2.4e-05,-0.0,-0.0,-0.00016,-0.0,-0.0,0.0,-0.0,-0.0,-0.0,-0.0,-4e-06,-3e-05,0.0,-0.0,-0.0,-0.0,-0.0,-1.5e-05,-0.0,-0.0,-2.3e-05,-0.0,-0.0,-5e-06,-0.0,-0.0,-0.0,-0.0,-3.5e-05,-2.5e-05,0.0,-3.5e-05,-1e-06,-0.000163,-0.000184,-0.0,-1.8e-05,-0.0,-8.7e-05,-0.0,-0.0,-0.0,-9.2e-05,-1.8e-05,-9e-06,-6e-05,-0.000215,-0.0,-0.0,-0.0,-0.0,-0.0,-0.0,-8e-06,-8e-06
2017-05-26 19:32:00+02:00,-0.0,0.0,-0.0,-3.8e-05,-0.0,-0.0,-0.0,-0.0,-1e-06,-0.0,-0.0,-0.0,-2.4e-05,-2.2e-05,-2e-06,-0.000107,-0.0,-0.0,-0.0,-9e-06,0.0,-9e-06,-0.0,-0.0,-1.6e-05,-0.000168,-0.0,-0.0,-0.0,-0.0,-0.0,-4e-06,0.0,-7e-06,-1.6e-05,-0.0,-0.0,-0.0,-0.0,-2.7e-05,-0.0,-0.0,-0.0,-0.0,-0.0,-0.0,-0.0,-0.0,-0.0,-0.0,-0.0,-1e-06,-3.3e-05,-3.3e-05,-0.0,0.0,-0.0,-0.0,0.0,-0.0,-1e-06,-1.9e-05,-1.9e-05,-0.0,-0.0,-0.000128,-0.0,-0.0,0.0,-0.0,-0.0,-0.0,-0.0,-3e-06,-2.4e-05,0.0,-0.0,-0.0,-0.0,-0.0,-1.2e-05,-0.0,-0.0,-1.9e-05,-0.0,-0.0,-4e-06,-0.0,-0.0,-0.0,-0.0,-2.8e-05,-2e-05,0.0,-2.8e-05,-1e-06,-0.00013,-0.000148,-0.0,-1.4e-05,-0.0,-6.9e-05,-0.0,-0.0,-0.0,-7.4e-05,-1.4e-05,-7e-06,-4.8e-05,-0.000172,-0.0,-0.0,-0.0,-0.0,-0.0,-0.0,-7e-06,-7e-06
2017-05-26 19:33:00+02:00,-0.0,0.0,-0.0,-3e-05,-0.0,-0.0,-0.0,-0.0,-1e-06,-0.0,-0.0,-0.0,-2e-05,-1.8e-05,-1e-06,-8.6e-05,-0.0,-0.0,-0.0,-8e-06,0.0,-7e-06,-0.0,-0.0,-1.3e-05,-0.000134,-0.0,-0.0,-0.0,-0.0,-0.0,-3e-06,0.0,-5e-06,-1.3e-05,-0.0,-0.0,-0.0,-0.0,-2.1e-05,-0.0,-0.0,-0.0,-0.0,-0.0,-0.0,-0.0,-0.0,-0.0,-0.0,-0.0,-1e-06,-2.6e-05,-2.7e-05,-0.0,0.0,-0.0,-0.0,0.0,-0.0,-0.0,-1.5e-05,-1.6e-05,-0.0,-0.0,-0.000103,-0.0,-0.0,0.0,-0.0,-0.0,-0.0,-0.0,-3e-06,-1.9e-05,0.0,-0.0,-0.0,-0.0,-0.0,-9e-06,-0.0,-0.0,-1.5e-05,-0.0,-0.0,-3e-06,-0.0,-0.0,-0.0,-0.0,-2.2e-05,-1.6e-05,0.0,-2.2e-05,-1e-06,-0.000104,-0.000118,-0.0,-1.1e-05,-0.0,-5.5e-05,-0.0,-0.0,-0.0,-5.9e-05,-1.1e-05,-6e-06,-3.8e-05,-0.000138,-0.0,-0.0,-0.0,-0.0,-0.0,-0.0,-5e-06,-5e-06
2017-05-26 19:34:00+02:00,-0.0,0.0,-0.0,-2.4e-05,-0.0,-0.0,-0.0,-0.0,-1e-06,-0.0,-0.0,-0.0,-1.6e-05,-1.4e-05,-1e-06,-6.8e-05,-0.0,-0.0,-0.0,-6e-06,0.0,-6e-06,-0.0,-0.0,-1e-05,-0.000108,-0.0,-0.0,-0.0,-0.0,-0.0,-2e-06,0.0,-4e-06,-1e-05,-0.0,-0.0,-0.0,-0.0,-1.7e-05,-0.0,-0.0,-0.0,-0.0,-0.0,-0.0,-0.0,-0.0,-0.0,-0.0,-0.0,-1e-06,-2.1e-05,-2.1e-05,-0.0,0.0,-0.0,-0.0,0.0,-0.0,-0.0,-1.2e-05,-1.2e-05,-0.0,-0.0,-8.2e-05,-0.0,-0.0,0.0,-0.0,-0.0,-0.0,-0.0,-2e-06,-1.5e-05,0.0,-0.0,-0.0,-0.0,-0.0,-8e-06,-0.0,-0.0,-1.2e-05,-0.0,-0.0,-3e-06,-0.0,-0.0,-0.0,-0.0,-1.8e-05,-1.3e-05,0.0,-1.8e-05,-1e-06,-8.3e-05,-9.4e-05,-0.0,-9e-06,-0.0,-4.4e-05,-0.0,-0.0,-0.0,-4.7e-05,-9e-06,-4e-06,-3.1e-05,-0.00011,-0.0,-0.0,-0.0,-0.0,-0.0,-0.0,-4e-06,-4e-06
2017-05-26 19:35:00+02:00,-0.0,0.0,-0.0,-1.9e-05,-0.0,-0.0,-0.0,-0.0,-1e-06,-0.0,-0.0,-0.0,-1.2e-05,-1.1e-05,-1e-06,-5.5e-05,-0.0,-0.0,-0.0,-5e-06,0.0,-5e-06,-0.0,-0.0,-8e-06,-8.6e-05,-0.0,-0.0,-0.0,-0.0,-0.0,-2e-06,0.0,-3e-06,-8e-06,-0.0,-0.0,-0.0,-0.0,-1.4e-05,-0.0,-0.0,-0.0,-0.0,-0.0,-0.0,-0.0,-0.0,-0.0,-0.0,-0.0,-0.0,-1.7e-05,-1.7e-05,-0.0,0.0,-0.0,-0.0,0.0,-0.0,-0.0,-9e-06,-1e-05,-0.0,-0.0,-6.6e-05,-0.0,-0.0,0.0,-0.0,-0.0,-0.0,-0.0,-2e-06,-1.2e-05,0.0,-0.0,-0.0,-0.0,-0.0,-6e-06,-0.0,-0.0,-1e-05,-0.0,-0.0,-2e-06,-0.0,-0.0,-0.0,-0.0,-1.4e-05,-1e-05,0.0,-1.4e-05,-0.0,-6.7e-05,-7.6e-05,-0.0,-7e-06,-0.0,-3.5e-05,-0.0,-0.0,-0.0,-3.8e-05,-7e-06,-4e-06,-2.5e-05,-8.8e-05,-0.0,-0.0,-0.0,-0.0,-0.0,-0.0,-3e-06,-3e-06
2017-05-26 19:36:00+02:00,-0.0,0.0,-0.0,-1.6e-05,-0.0,-0.0,-0.0,-0.0,-0.0,-0.0,-0.0,-0.0,-1e-05,-9e-06,-1e-06,-4.4e-05,-0.0,-0.0,-0.0,-4e-06,0.0,-4e-06,-0.0,-0.0,-7e-06,-6.9e-05,-0.0,-0.0,-0.0,-0.0,-0.0,-1e-06,0.0,-3e-06,-6e-06,-0.0,-0.0,-0.0,-0.0,-1.1e-05,-0.0,-0.0,-0.0,-0.0,-0.0,-0.0,-0.0,-0.0,-0.0,-0.0,-0.0,-0.0,-1.4e-05,-1.4e-05,-0.0,0.0,-0.0,-0.0,0.0,-0.0,-0.0,-8e-06,-8e-06,-0.0,-0.0,-5.3e-05,-0.0,-0.0,0.0,-0.0,-0.0,-0.0,-0.0,-1e-06,-1e-05,0.0,-0.0,-0.0,-0.0,-0.0,-5e-06,-0.0,-0.0,-8e-06,-0.0,-0.0,-2e-06,-0.0,-0.0,-0.0,-0.0,-1.1e-05,-8e-06,0.0,-1.1e-05,-0.0,-5.3e-05,-6e-05,-0.0,-6e-06,-0.0,-2.8e-05,-0.0,-0.0,-0.0,-3e-05,-6e-06,-3e-06,-2e-05,-7e-05,-0.0,-0.0,-0.0,-0.0,-0.0,-0.0,-3e-06,-3e-06
2017-05-26 19:37:00+02:00,-0.0,0.0,-0.0,-1.2e-05,-0.0,-0.0,-0.0,-0.0,-0.0,-0.0,-0.0,-0.0,-8e-06,-7e-06,-1e-06,-3.5e-05,-0.0,-0.0,-0.0,-3e-06,0.0,-3e-06,-0.0,-0.0,-5e-06,-5.5e-05,-0.0,-0.0,-0.0,-0.0,-0.0,-1e-06,0.0,-2e-06,-5e-06,-0.0,-0.0,-0.0,-0.0,-9e-06,-0.0,-0.0,-0.0,-0.0,-0.0,-0.0,-0.0,-0.0,-0.0,-0.0,-0.0,-0.0,-1.1e-05,-1.1e-05,-0.0,0.0,-0.0,-0.0,0.0,-0.0,-0.0,-6e-06,-6e-06,-0.0,-0.0,-4.2e-05,-0.0,-0.0,0.0,-0.0,-0.0,-0.0,-0.0,-1e-06,-8e-06,0.0,-0.0,-0.0,-0.0,-0.0,-4e-06,-0.0,-0.0,-6e-06,-0.0,-0.0,-1e-06,-0.0,-0.0,-0.0,-0.0,-9e-06,-7e-06,0.0,-9e-06,-0.0,-4.3e-05,-4.8e-05,-0.0,-5e-06,-0.0,-2.3e-05,-0.0,-0.0,-0.0,-2.4e-05,-5e-06,-2e-06,-1.6e-05,-5.6e-05,-0.0,-0.0,-0.0,-0.0,-0.0,-0.0,-2e-06,-2e-06
2017-05-26 19:38:00+02:00,-0.0,0.0,-0.0,-1e-05,-0.0,-0.0,-0.0,-0.0,-0.0,-0.0,-0.0,-0.0,-6e-06,-6e-06,-0.0,-2.8e-05,-0.0,-0.0,-0.0,-2e-06,0.0,-2e-06,-0.0,-0.0,-4e-06,-4.4e-05,-0.0,-0.0,-0.0,-0.0,-0.0,-1e-06,0.0,-2e-06,-4e-06,-0.0,-0.0,-0.0,-0.0,-7e-06,-0.0,-0.0,-0.0,-0.0,-0.0,-0.0,-0.0,-0.0,-0.0,-0.0,-0.0,-0.0,-9e-06,-9e-06,-0.0,0.0,-0.0,-0.0,0.0,-0.0,-0.0,-5e-06,-5e-06,-0.0,-0.0,-3.4e-05,-0.0,-0.0,0.0,-0.0,-0.0,-0.0,-0.0,-1e-06,-6e-06,0.0,-0.0,-0.0,-0.0,-0.0,-3e-06,-0.0,-0.0,-5e-06,-0.0,-0.0,-1e-06,-0.0,-0.0,-0.0,-0.0,-7e-06,-5e-06,0.0,-7e-06,-0.0,-3.4e-05,-3.9e-05,-0.0,-4e-06,-0.0,-1.8e-05,-0.0,-0.0,-0.0,-1.9e-05,-4e-06,-2e-06,-1.3e-05,-4.5e-05,-0.0,-0.0,-0.0,-0.0,-0.0,-0.0,-2e-06,-2e-06
2017-05-26 19:39:00+02:00,-0.0,0.0,-0.0,-8e-06,-0.0,-0.0,-0.0,-0.0,-0.0,-0.0,-0.0,-0.0,-5e-06,-5e-06,-0.0,-2.2e-05,-0.0,-0.0,-0.0,-2e-06,0.0,-2e-06,-0.0,-0.0,-3e-06,-3.5e-05,-0.0,-0.0,-0.0,-0.0,-0.0,-1e-06,0.0,-1e-06,-3e-06,-0.0,-0.0,-0.0,-0.0,-6e-06,-0.0,-0.0,-0.0,-0.0,-0.0,-0.0,-0.0,-0.0,-0.0,-0.0,-0.0,-0.0,-7e-06,-7e-06,-0.0,0.0,-0.0,-0.0,0.0,-0.0,-0.0,-4e-06,-4e-06,-0.0,-0.0,-2.7e-05,-0.0,-0.0,0.0,-0.0,-0.0,-0.0,-0.0,-1e-06,-5e-06,0.0,-0.0,-0.0,-0.0,-0.0,-2e-06,-0.0,-0.0,-4e-06,-0.0,-0.0,-1e-06,-0.0,-0.0,-0.0,-0.0,-6e-06,-4e-06,0.0,-6e-06,-0.0,-2.7e-05,-3.1e-05,-0.0,-3e-06,-0.0,-1.5e-05,-0.0,-0.0,-0.0,-1.5e-05,-3e-06,-1e-06,-1e-05,-3.6e-05,-0.0,-0.0,-0.0,-0.0,-0.0,-0.0,-1e-06,-1e-06
2017-05-26 19:40:00+02:00,-0.0,0.0,-0.0,-6e-06,-0.0,-0.0,-0.0,-0.0,-0.0,-0.0,-0.0,-0.0,-4e-06,-4e-06,-0.0,-1.8e-05,-0.0,-0.0,-0.0,-2e-06,0.0,-2e-06,-0.0,-0.0,-3e-06,-2.8e-05,-0.0,-0.0,-0.0,-0.0,-0.0,-1e-06,0.0,-1e-06,-3e-06,-0.0,-0.0,-0.0,-0.0,-4e-06,-0.0,-0.0,-0.0,-0.0,-0.0,-0.0,-0.0,-0.0,-0.0,-0.0,-0.0,-0.0,-6e-06,-6e-06,-0.0,0.0,-0.0,-0.0,0.0,-0.0,-0.0,-3e-06,-3e-06,-0.0,-0.0,-2.2e-05,-0.0,-0.0,0.0,-0.0,-0.0,-0.0,-0.0,-1e-06,-4e-06,0.0,-0.0,-0.0,-0.0,-0.0,-2e-06,-0.0,-0.0,-3e-06,-0.0,-0.0,-1e-06,-0.0,-0.0,-0.0,-0.0,-5e-06,-3e-06,0.0,-5e-06,-0.0,-2.2e-05,-2.5e-05,-0.0,-2e-06,-0.0,-1.2e-05,-0.0,-0.0,-0.0,-1.2e-05,-2e-06,-1e-06,-8e-06,-2.9e-05,-0.0,-0.0,-0.0,-0.0,-0.0,-0.0,-1e-06,-1e-06
2017-05-26 19:41:00+02:00,-0.0,0.0,-0.0,-5e-06,-0.0,-0.0,-0.0,-0.0,-0.0,-0.0,-0.0,-0.0,-3e-06,-3e-06,-0.0,-1.4e-05,-0.0,-0.0,-0.0,-1e-06,0.0,-1e-06,-0.0,-0.0,-2e-06,-2.3e-05,-0.0,-0.0,-0.0,-0.0,-0.0,-0.0,0.0,-1e-06,-2e-06,-0.0,-0.0,-0.0,-0.0,-4e-06,-0.0,-0.0,-0.0,-0.0,-0.0,-0.0,-0.0,-0.0,-0.0,-0.0,-0.0,-0.0,-4e-06,-4e-06,-0.0,0.0,-0.0,-0.0,0.0,-0.0,-0.0,-2e-06,-3e-06,-0.0,-0.0,-1.7e-05,-0.0,-0.0,0.0,-0.0,-0.0,-0.0,-0.0,-0.0,-3e-06,0.0,-0.0,-0.0,-0.0,-0.0,-2e-06,-0.0,-0.0,-2e-06,-0.0,-0.0,-1e-06,-0.0,-0.0,-0.0,-0.0,-4e-06,-3e-06,0.0,-4e-06,-0.0,-1.7e-05,-2e-05,-0.0,-2e-06,-0.0,-9e-06,-0.0,-0.0,-0.0,-1e-05,-2e-06,-1e-06,-6e-06,-2.3e-05,-0.0,-0.0,-0.0,-0.0,-0.0,-0.0,-1e-06,-1e-06
2017-05-26 19:42:00+02:00,-0.0,0.0,-0.0,-4e-06,-0.0,-0.0,-0.0,-0.0,-0.0,-0.0,-0.0,-0.0,-3e-06,-2e-06,-0.0,-1.1e-05,-0.0,-0.0,-0.0,-1e-06,0.0,-1e-06,-0.0,-0.0,-2e-06,-1.8e-05,-0.0,-0.0,-0.0,-0.0,-0.0,-0.0,0.0,-1e-06,-2e-06,-0.0,-0.0,-0.0,-0.0,-3e-06,-0.0,-0.0,-0.0,-0.0,-0.0,-0.0,-0.0,-0.0,-0.0,-0.0,-0.0,-0.0,-4e-06,-4e-06,-0.0,0.0,-0.0,-0.0,0.0,-0.0,-0.0,-2e-06,-2e-06,-0.0,-0.0,-1.4e-05,-0.0,-0.0,0.0,-0.0,-0.0,-0.0,-0.0,-0.0,-3e-06,0.0,-0.0,-0.0,-0.0,-0.0,-1e-06,-0.0,-0.0,-2e-06,-0.0,-0.0,-0.0,-0.0,-0.0,-0.0,-0.0,-3e-06,-2e-06,0.0,-3e-06,-0.0,-1.4e-05,-1.6e-05,-0.0,-2e-06,-0.0,-7e-06,-0.0,-0.0,-0.0,-8e-06,-2e-06,-1e-06,-5e-06,-1.8e-05,-0.0,-0.0,-0.0,-0.0,-0.0,-0.0,-1e-06,-1e-06
2017-05-26 19:43:00+02:00,-0.0,0.0,-0.0,-3e-06,-0.0,-0.0,-0.0,-0.0,-0.0,-0.0,-0.0,-0.0,-2e-06,-2e-06,-0.0,-9e-06,-0.0,-0.0,-0.0,-1e-06,0.0,-1e-06,-0.0,-0.0,-1e-06,-1.4e-05,-0.0,-0.0,-0.0,-0.0,-0.0,-0.0,0.0,-1e-06,-1e-06,-0.0,-0.0,-0.0,-0.0,-2e-06,-0.0,-0.0,-0.0,-0.0,-0.0,-0.0,-0.0,-0.0,-0.0,-0.0,-0.0,-0.0,-3e-06,-3e-06,-0.0,0.0,-0.0,-0.0,0.0,-0.0,-0.0,-2e-06,-2e-06,-0.0,-0.0,-1.1e-05,-0.0,-0.0,0.0,-0.0,-0.0,-0.0,-0.0,-0.0,-2e-06,0.0,-0.0,-0.0,-0.0,-0.0,-1e-06,-0.0,-0.0,-2e-06,-0.0,-0.0,-0.0,-0.0,-0.0,-0.0,-0.0,-2e-06,-2e-06,0.0,-2e-06,-0.0,-1.1e-05,-1.3e-05,-0.0,-1e-06,-0.0,-6e-06,-0.0,-0.0,-0.0,-6e-06,-1e-06,-1e-06,-4e-06,-1.5e-05,-0.0,-0.0,-0.0,-0.0,-0.0,-0.0,-1e-06,-1e-06
2017-05-26 19:44:00+02:00,-0.0,0.0,-0.0,-3e-06,-0.0,-0.0,-0.0,-0.0,-0.0,-0.0,-0.0,-0.0,-2e-06,-2e-06,-0.0,-7e-06,-0.0,-0.0,-0.0,-1e-06,0.0,-1e-06,-0.0,-0.0,-1e-06,-1.2e-05,-0.0,-0.0,-0.0,-0.0,-0.0,-0.0,0.0,-0.0,-1e-06,-0.0,-0.0,-0.0,-0.0,-2e-06,-0.0,-0.0,-0.0,-0.0,-0.0,-0.0,-0.0,-0.0,-0.0,-0.0,-0.0,-0.0,-2e-06,-2e-06,-0.0,0.0,-0.0,-0.0,0.0,-0.0,-0.0,-1e-06,-1e-06,-0.0,-0.0,-9e-06,-0.0,-0.0,0.0,-0.0,-0.0,-0.0,-0.0,-0.0,-2e-06,0.0,-0.0,-0.0,-0.0,-0.0,-1e-06,-0.0,-0.0,-1e-06,-0.0,-0.0,-0.0,-0.0,-0.0,-0.0,-0.0,-2e-06,-1e-06,0.0,-2e-06,-0.0,-9e-06,-1e-05,-0.0,-1e-06,-0.0,-5e-06,-0.0,-0.0,-0.0,-5e-06,-1e-06,-0.0,-3e-06,-1.2e-05,-0.0,-0.0,-0.0,-0.0,-0.0,-0.0,-0.0,-0.0
2017-05-26 19:45:00+02:00,-0.0,0.0,-0.0,-2e-06,-0.0,-0.0,-0.0,-0.0,-0.0,-0.0,-0.0,-0.0,-1e-06,-1e-06,-0.0,-6e-06,-0.0,-0.0,-0.0,-1e-06,0.0,-1e-06,-0.0,-0.0,-1e-06,-9e-06,-0.0,-0.0,-0.0,-0.0,-0.0,-0.0,0.0,-0.0,-1e-06,-0.0,-0.0,-0.0,-0.0,-1e-06,-0.0,-0.0,-0.0,-0.0,-0.0,-0.0,-0.0,-0.0,-0.0,-0.0,-0.0,-0.0,-2e-06,-2e-06,-0.0,0.0,-0.0,-0.0,0.0,-0.0,-0.0,-1e-06,-1e-06,-0.0,-0.0,-7e-06,-0.0,-0.0,0.0,-0.0,-0.0,-0.0,-0.0,-0.0,-1e-06,0.0,-0.0,-0.0,-0.0,-0.0,-1e-06,-0.0,-0.0,-1e-06,-0.0,-0.0,-0.0,-0.0,-0.0,-0.0,-0.0,-2e-06,-1e-06,0.0,-2e-06,-0.0,-7e-06,-8e-06,-0.0,-1e-06,-0.0,-4e-06,-0.0,-0.0,-0.0,-4e-06,-1e-06,-0.0,-3e-06,-9e-06,-0.0,-0.0,-0.0,-0.0,-0.0,-0.0,-0.0,-0.0
2017-05-26 19:46:00+02:00,-0.0,0.0,-0.0,-2e-06,-0.0,-0.0,-0.0,-0.0,-0.0,-0.0,-0.0,-0.0,-1e-06,-1e-06,-0.0,-5e-06,-0.0,-0.0,-0.0,-0.0,0.0,-0.0,-0.0,-0.0,-1e-06,-7e-06,-0.0,-0.0,-0.0,-0.0,-0.0,-0.0,0.0,-0.0,-1e-06,-0.0,-0.0,-0.0,-0.0,-1e-06,-0.0,-0.0,-0.0,-0.0,-0.0,-0.0,-0.0,-0.0,-0.0,-0.0,-0.0,-0.0,-1e-06,-1e-06,-0.0,0.0,-0.0,-0.0,0.0,-0.0,-0.0,-1e-06,-1e-06,-0.0,-0.0,-6e-06,-0.0,-0.0,0.0,-0.0,-0.0,-0.0,-0.0,-0.0,-1e-06,0.0,-0.0,-0.0,-0.0,-0.0,-1e-06,-0.0,-0.0,-1e-06,-0.0,-0.0,-0.0,-0.0,-0.0,-0.0,-0.0,-1e-06,-1e-06,0.0,-1e-06,-0.0,-6e-06,-6e-06,-0.0,-1e-06,-0.0,-3e-06,-0.0,-0.0,-0.0,-3e-06,-1e-06,-0.0,-2e-06,-8e-06,-0.0,-0.0,-0.0,-0.0,-0.0,-0.0,-0.0,-0.0
2017-05-26 19:47:00+02:00,-0.0,0.0,-0.0,-1e-06,-0.0,-0.0,-0.0,-0.0,-0.0,-0.0,-0.0,-0.0,-1e-06,-1e-06,-0.0,-4e-06,-0.0,-0.0,-0.0,-0.0,0.0,-0.0,-0.0,-0.0,-1e-06,-6e-06,-0.0,-0.0,-0.0,-0.0,-0.0,-0.0,0.0,-0.0,-1e-06,-0.0,-0.0,-0.0,-0.0,-1e-06,-0.0,-0.0,-0.0,-0.0,-0.0,-0.0,-0.0,-0.0,-0.0,-0.0,-0.0,-0.0,-1e-06,-1e-06,-0.0,0.0,-0.0,-0.0,0.0,-0.0,-0.0,-1e-06,-1e-06,-0.0,-0.0,-5e-06,-0.0,-0.0,0.0,-0.0,-0.0,-0.0,-0.0,-0.0,-1e-06,0.0,-0.0,-0.0,-0.0,-0.0,-0.0,-0.0,-0.0,-1e-06,-0.0,-0.0,-0.0,-0.0,-0.0,-0.0,-0.0,-1e-06,-1e-06,0.0,-1e-06,-0.0,-5e-06,-5e-06,-0.0,-1e-06,-0.0,-2e-06,-0.0,-0.0,-0.0,-3e-06,-0.0,-0.0,-2e-06,-6e-06,-0.0,-0.0,-0.0,-0.0,-0.0,-0.0,-0.0,-0.0
2017-05-26 19:48:00+02:00,-0.0,0.0,-0.0,-1e-06,-0.0,-0.0,-0.0,-0.0,-0.0,-0.0,-0.0,-0.0,-1e-06,-1e-06,-0.0,-3e-06,-0.0,-0.0,-0.0,-0.0,0.0,-0.0,-0.0,-0.0,-0.0,-5e-06,-0.0,-0.0,-0.0,-0.0,-0.0,-0.0,0.0,-0.0,-0.0,-0.0,-0.0,-0.0,-0.0,-1e-06,-0.0,-0.0,-0.0,-0.0,-0.0,-0.0,-0.0,-0.0,-0.0,-0.0,-0.0,-0.0,-1e-06,-1e-06,-0.0,0.0,-0.0,-0.0,0.0,-0.0,-0.0,-1e-06,-1e-06,-0.0,-0.0,-4e-06,-0.0,-0.0,0.0,-0.0,-0.0,-0.0,-0.0,-0.0,-1e-06,0.0,-0.0,-0.0,-0.0,-0.0,-0.0,-0.0,-0.0,-1e-06,-0.0,-0.0,-0.0,-0.0,-0.0,-0.0,-0.0,-1e-06,-1e-06,0.0,-1e-06,-0.0,-4e-06,-4e-06,-0.0,-0.0,-0.0,-2e-06,-0.0,-0.0,-0.0,-2e-06,-0.0,-0.0,-1e-06,-5e-06,-0.0,-0.0,-0.0,-0.0,-0.0,-0.0,-0.0,-0.0
2017-05-26 19:49:00+02:00,-0.0,0.0,-0.0,-1e-06,-0.0,-0.0,-0.0,-0.0,-0.0,-0.0,-0.0,-0.0,-1e-06,-0.0,-0.0,-2e-06,-0.0,-0.0,-0.0,-0.0,0.0,-0.0,-0.0,-0.0,-0.0,-4e-06,-0.0,-0.0,-0.0,-0.0,-0.0,-0.0,0.0,-0.0,-0.0,-0.0,-0.0,-0.0,-0.0,-1e-06,-0.0,-0.0,-0.0,-0.0,-0.0,-0.0,-0.0,-0.0,-0.0,-0.0,-0.0,-0.0,-1e-06,-1e-06,-0.0,0.0,-0.0,-0.0,0.0,-0.0,-0.0,-0.0,-0.0,-0.0,-0.0,-3e-06,-0.0,-0.0,0.0,-0.0,-0.0,-0.0,-0.0,-0.0,-1e-06,0.0,-0.0,-0.0,-0.0,-0.0,-0.0,-0.0,-0.0,-0.0,-0.0,-0.0,-0.0,-0.0,-0.0,-0.0,-0.0,-1e-06,-0.0,0.0,-1e-06,-0.0,-3e-06,-3e-06,-0.0,-0.0,-0.0,-2e-06,-0.0,-0.0,-0.0,-2e-06,-0.0,-0.0,-1e-06,-4e-06,-0.0,-0.0,-0.0,-0.0,-0.0,-0.0,-0.0,-0.0
2017-05-26 19:50:00+02:00,-0.0,0.0,-0.0,-1e-06,-0.0,-0.0,-0.0,-0.0,-0.0,-0.0,-0.0,-0.0,-0.0,-0.0,-0.0,-2e-06,-0.0,-0.0,-0.0,-0.0,0.0,-0.0,-0.0,-0.0,-0.0,-3e-06,-0.0,-0.0,-0.0,-0.0,-0.0,-0.0,0.0,-0.0,-0.0,-0.0,-0.0,-0.0,-0.0,-0.0,-0.0,-0.0,-0.0,-0.0,-0.0,-0.0,-0.0,-0.0,-0.0,-0.0,-0.0,-0.0,-1e-06,-1e-06,-0.0,0.0,-0.0,-0.0,0.0,-0.0,-0.0,-0.0,-0.0,-0.0,-0.0,-2e-06,-0.0,-0.0,0.0,-0.0,-0.0,-0.0,-0.0,-0.0,-0.0,0.0,-0.0,-0.0,-0.0,-0.0,-0.0,-0.0,-0.0,-0.0,-0.0,-0.0,-0.0,-0.0,-0.0,-0.0,-0.0,-1e-06,-0.0,0.0,-1e-06,-0.0,-2e-06,-3e-06,-0.0,-0.0,-0.0,-1e-06,-0.0,-0.0,-0.0,-1e-06,-0.0,-0.0,-1e-06,-3e-06,-0.0,-0.0,-0.0,-0.0,-0.0,-0.0,-0.0,-0.0
2017-05-26 19:51:00+02:00,-0.0,0.0,-0.0,-1e-06,-0.0,-0.0,-0.0,-0.0,-0.0,-0.0,-0.0,-0.0,-0.0,-0.0,-0.0,-2e-06,-0.0,-0.0,-0.0,-0.0,0.0,-0.0,-0.0,-0.0,-0.0,-2e-06,-0.0,-0.0,-0.0,-0.0,-0.0,-0.0,0.0,-0.0,-0.0,-0.0,-0.0,-0.0,-0.0,-0.0,-0.0,-0.0,-0.0,-0.0,-0.0,-0.0,-0.0,-0.0,-0.0,-0.0,-0.0,-0.0,-0.0,-0.0,-0.0,0.0,-0.0,-0.0,0.0,-0.0,-0.0,-0.0,-0.0,-0.0,-0.0,-2e-06,-0.0,-0.0,0.0,-0.0,-0.0,-0.0,-0.0,-0.0,-0.0,0.0,-0.0,-0.0,-0.0,-0.0,-0.0,-0.0,-0.0,-0.0,-0.0,-0.0,-0.0,-0.0,-0.0,-0.0,-0.0,-0.0,-0.0,0.0,-0.0,-0.0,-2e-06,-2e-06,-0.0,-0.0,-0.0,-1e-06,-0.0,-0.0,-0.0,-1e-06,-0.0,-0.0,-1e-06,-2e-06,-0.0,-0.0,-0.0,-0.0,-0.0,-0.0,-0.0,-0.0
2017-05-26 19:52:00+02:00,-0.0,0.0,-0.0,-0.0,-0.0,-0.0,-0.0,-0.0,-0.0,-0.0,-0.0,-0.0,-0.0,-0.0,-0.0,-1e-06,-0.0,-0.0,-0.0,-0.0,0.0,-0.0,-0.0,-0.0,-0.0,-2e-06,-0.0,-0.0,-0.0,-0.0,-0.0,-0.0,0.0,-0.0,-0.0,-0.0,-0.0,-0.0,-0.0,-0.0,-0.0,-0.0,-0.0,-0.0,-0.0,-0.0,-0.0,-0.0,-0.0,-0.0,-0.0,-0.0,-0.0,-0.0,-0.0,0.0,-0.0,-0.0,0.0,-0.0,-0.0,-0.0,-0.0,-0.0,-0.0,-1e-06,-0.0,-0.0,0.0,-0.0,-0.0,-0.0,-0.0,-0.0,-0.0,0.0,-0.0,-0.0,-0.0,-0.0,-0.0,-0.0,-0.0,-0.0,-0.0,-0.0,-0.0,-0.0,-0.0,-0.0,-0.0,-0.0,-0.0,0.0,-0.0,-0.0,-2e-06,-2e-06,-0.0,-0.0,-0.0,-1e-06,-0.0,-0.0,-0.0,-1e-06,-0.0,-0.0,-1e-06,-2e-06,-0.0,-0.0,-0.0,-0.0,-0.0,-0.0,-0.0,-0.0
2017-05-26 19:53:00+02:00,-0.0,0.0,-0.0,-0.0,-0.0,-0.0,-0.0,-0.0,-0.0,-0.0,-0.0,-0.0,-0.0,-0.0,-0.0,-1e-06,-0.0,-0.0,-0.0,-0.0,0.0,-0.0,-0.0,-0.0,-0.0,-2e-06,-0.0,-0.0,-0.0,-0.0,-0.0,-0.0,0.0,-0.0,-0.0,-0.0,-0.0,-0.0,-0.0,-0.0,-0.0,-0.0,-0.0,-0.0,-0.0,-0.0,-0.0,-0.0,-0.0,-0.0,-0.0,-0.0,-0.0,-0.0,-0.0,0.0,-0.0,-0.0,0.0,-0.0,-0.0,-0.0,-0.0,-0.0,-0.0,-1e-06,-0.0,-0.0,0.0,-0.0,-0.0,-0.0,-0.0,-0.0,-0.0,0.0,-0.0,-0.0,-0.0,-0.0,-0.0,-0.0,-0.0,-0.0,-0.0,-0.0,-0.0,-0.0,-0.0,-0.0,-0.0,-0.0,-0.0,0.0,-0.0,-0.0,-1e-06,-1e-06,-0.0,-0.0,-0.0,-1e-06,-0.0,-0.0,-0.0,-1e-06,-0.0,-0.0,-0.0,-2e-06,-0.0,-0.0,-0.0,-0.0,-0.0,-0.0,-0.0,-0.0
2017-05-26 19:54:00+02:00,-0.0,0.0,-0.0,-0.0,-0.0,-0.0,-0.0,-0.0,-0.0,-0.0,-0.0,-0.0,-0.0,-0.0,-0.0,-1e-06,-0.0,-0.0,-0.0,-0.0,0.0,-0.0,-0.0,-0.0,-0.0,-1e-06,-0.0,-0.0,-0.0,-0.0,-0.0,-0.0,0.0,-0.0,-0.0,-0.0,-0.0,-0.0,-0.0,-0.0,-0.0,-0.0,-0.0,-0.0,-0.0,-0.0,-0.0,-0.0,-0.0,-0.0,-0.0,-0.0,-0.0,-0.0,-0.0,0.0,-0.0,-0.0,0.0,-0.0,-0.0,-0.0,-0.0,-0.0,-0.0,-1e-06,-0.0,-0.0,0.0,-0.0,-0.0,-0.0,-0.0,-0.0,-0.0,0.0,-0.0,-0.0,-0.0,-0.0,-0.0,-0.0,-0.0,-0.0,-0.0,-0.0,-0.0,-0.0,-0.0,-0.0,-0.0,-0.0,-0.0,0.0,-0.0,-0.0,-1e-06,-1e-06,-0.0,-0.0,-0.0,-1e-06,-0.0,-0.0,-0.0,-1e-06,-0.0,-0.0,-0.0,-1e-06,-0.0,-0.0,-0.0,-0.0,-0.0,-0.0,-0.0,-0.0
2017-05-26 19:55:00+02:00,-0.0,0.0,-0.0,-0.0,-0.0,-0.0,-0.0,-0.0,-0.0,-0.0,-0.0,-0.0,-0.0,-0.0,-0.0,-1e-06,-0.0,-0.0,-0.0,-0.0,0.0,-0.0,-0.0,-0.0,-0.0,-1e-06,-0.0,-0.0,-0.0,-0.0,-0.0,-0.0,0.0,-0.0,-0.0,-0.0,-0.0,-0.0,-0.0,-0.0,-0.0,-0.0,-0.0,-0.0,-0.0,-0.0,-0.0,-0.0,-0.0,-0.0,-0.0,-0.0,-0.0,-0.0,-0.0,0.0,-0.0,-0.0,0.0,-0.0,-0.0,-0.0,-0.0,-0.0,-0.0,-1e-06,-0.0,-0.0,0.0,-0.0,-0.0,-0.0,-0.0,-0.0,-0.0,0.0,-0.0,-0.0,-0.0,-0.0,-0.0,-0.0,-0.0,-0.0,-0.0,-0.0,-0.0,-0.0,-0.0,-0.0,-0.0,-0.0,-0.0,0.0,-0.0,-0.0,-1e-06,-1e-06,-0.0,-0.0,-0.0,-0.0,-0.0,-0.0,-0.0,-0.0,-0.0,-0.0,-0.0,-1e-06,-0.0,-0.0,-0.0,-0.0,-0.0,-0.0,-0.0,-0.0
2017-05-26 19:56:00+02:00,-0.0,0.0,-0.0,-0.0,-0.0,-0.0,-0.0,-0.0,-0.0,-0.0,-0.0,-0.0,-0.0,-0.0,-0.0,-1e-06,-0.0,-0.0,-0.0,-0.0,0.0,-0.0,-0.0,-0.0,-0.0,-1e-06,-0.0,-0.0,-0.0,-0.0,-0.0,-0.0,0.0,-0.0,-0.0,-0.0,-0.0,-0.0,-0.0,-0.0,-0.0,-0.0,-0.0,-0.0,-0.0,-0.0,-0.0,-0.0,-0.0,-0.0,-0.0,-0.0,-0.0,-0.0,-0.0,0.0,-0.0,-0.0,0.0,-0.0,-0.0,-0.0,-0.0,-0.0,-0.0,-1e-06,-0.0,-0.0,0.0,-0.0,-0.0,-0.0,-0.0,-0.0,-0.0,0.0,-0.0,-0.0,-0.0,-0.0,-0.0,-0.0,-0.0,-0.0,-0.0,-0.0,-0.0,-0.0,-0.0,-0.0,-0.0,-0.0,-0.0,0.0,-0.0,-0.0,-1e-06,-1e-06,-0.0,-0.0,-0.0,-0.0,-0.0,-0.0,-0.0,-0.0,-0.0,-0.0,-0.0,-1e-06,-0.0,-0.0,-0.0,-0.0,-0.0,-0.0,-0.0,-0.0
2017-05-26 19:57:00+02:00,-0.0,0.0,-0.0,-0.0,-0.0,-0.0,-0.0,-0.0,-0.0,-0.0,-0.0,-0.0,-0.0,-0.0,-0.0,-0.0,-0.0,-0.0,-0.0,-0.0,0.0,-0.0,-0.0,-0.0,-0.0,-1e-06,-0.0,-0.0,-0.0,-0.0,-0.0,-0.0,0.0,-0.0,-0.0,-0.0,-0.0,-0.0,-0.0,-0.0,-0.0,-0.0,-0.0,-0.0,-0.0,-0.0,-0.0,-0.0,-0.0,-0.0,-0.0,-0.0,-0.0,-0.0,-0.0,0.0,-0.0,-0.0,0.0,-0.0,-0.0,-0.0,-0.0,-0.0,-0.0,-0.0,-0.0,-0.0,0.0,-0.0,-0.0,-0.0,-0.0,-0.0,-0.0,0.0,-0.0,-0.0,-0.0,-0.0,-0.0,-0.0,-0.0,-0.0,-0.0,-0.0,-0.0,-0.0,-0.0,-0.0,-0.0,-0.0,-0.0,0.0,-0.0,-0.0,-0.0,-1e-06,-0.0,-0.0,-0.0,-0.0,-0.0,-0.0,-0.0,-0.0,-0.0,-0.0,-0.0,-1e-06,-0.0,-0.0,-0.0,-0.0,-0.0,-0.0,-0.0,-0.0
2017-05-26 19:58:00+02:00,-0.0,0.0,-0.0,-0.0,-0.0,-0.0,-0.0,-0.0,-0.0,-0.0,-0.0,-0.0,-0.0,-0.0,-0.0,-0.0,-0.0,-0.0,-0.0,-0.0,0.0,-0.0,-0.0,-0.0,-0.0,-1e-06,-0.0,-0.0,-0.0,-0.0,-0.0,-0.0,0.0,-0.0,-0.0,-0.0,-0.0,-0.0,-0.0,-0.0,-0.0,-0.0,-0.0,-0.0,-0.0,-0.0,-0.0,-0.0,-0.0,-0.0,-0.0,-0.0,-0.0,-0.0,-0.0,0.0,-0.0,-0.0,0.0,-0.0,-0.0,-0.0,-0.0,-0.0,-0.0,-0.0,-0.0,-0.0,0.0,-0.0,-0.0,-0.0,-0.0,-0.0,-0.0,0.0,-0.0,-0.0,-0.0,-0.0,-0.0,-0.0,-0.0,-0.0,-0.0,-0.0,-0.0,-0.0,-0.0,-0.0,-0.0,-0.0,-0.0,0.0,-0.0,-0.0,-0.0,-0.0,-0.0,-0.0,-0.0,-0.0,-0.0,-0.0,-0.0,-0.0,-0.0,-0.0,-0.0,-1e-06,-0.0,-0.0,-0.0,-0.0,-0.0,-0.0,-0.0,-0.0
2017-05-26 19:59:00+02:00,-0.0,0.0,-0.0,-0.0,-0.0,-0.0,-0.0,-0.0,-0.0,-0.0,-0.0,-0.0,-0.0,-0.0,-0.0,-0.0,-0.0,-0.0,-0.0,-0.0,0.0,-0.0,-0.0,-0.0,-0.0,-0.0,-0.0,-0.0,-0.0,-0.0,-0.0,-0.0,0.0,-0.0,-0.0,-0.0,-0.0,-0.0,-0.0,-0.0,-0.0,-0.0,-0.0,-0.0,-0.0,-0.0,-0.0,-0.0,-0.0,-0.0,-0.0,-0.0,-0.0,-0.0,-0.0,0.0,-0.0,-0.0,0.0,-0.0,-0.0,-0.0,-0.0,-0.0,-0.0,-0.0,-0.0,-0.0,0.0,-0.0,-0.0,-0.0,-0.0,-0.0,-0.0,0.0,-0.0,-0.0,-0.0,-0.0,-0.0,-0.0,-0.0,-0.0,-0.0,-0.0,-0.0,-0.0,-0.0,-0.0,-0.0,-0.0,-0.0,0.0,-0.0,-0.0,-0.0,-0.0,-0.0,-0.0,-0.0,-0.0,-0.0,-0.0,-0.0,-0.0,-0.0,-0.0,-0.0,-0.0,-0.0,-0.0,-0.0,-0.0,-0.0,-0.0,-0.0,-0.0
2017-05-26 20:00:00+02:00,-0.0,0.0,-0.0,-0.0,-0.0,-0.0,-0.0,-0.0,-0.0,-0.0,-0.0,-0.0,-0.0,-0.0,-0.0,-0.0,-0.0,-0.0,-0.0,-0.0,0.0,-0.0,-0.0,-0.0,-0.0,-0.0,-0.0,-0.0,-0.0,-0.0,-0.0,-0.0,0.0,-0.0,-0.0,-0.0,-0.0,-0.0,-0.0,-0.0,-0.0,-0.0,-0.0,-0.0,-0.0,-0.0,-0.0,-0.0,-0.0,-0.0,-0.0,-0.0,-0.0,-0.0,-0.0,0.0,-0.0,-0.0,0.0,-0.0,-0.0,-0.0,-0.0,-0.0,-0.0,-0.0,-0.0,-0.0,0.0,-0.0,-0.0,-0.0,-0.0,-0.0,-0.0,0.0,-0.0,-0.0,-0.0,-0.0,-0.0,-0.0,-0.0,-0.0,-0.0,-0.0,-0.0,-0.0,-0.0,-0.0,-0.0,-0.0,-0.0,0.0,-0.0,-0.0,-0.0,-0.0,-0.0,-0.0,-0.0,-0.0,-0.0,-0.0,-0.0,-0.0,-0.0,-0.0,-0.0,-0.0,-0.0,-0.0,-0.0,-0.0,-0.0,-0.0,-0.0,-0.0
2017-05-26 20:01:00+02:00,-0.0,0.0,-0.0,-0.0,-0.0,-0.0,-0.0,-0.0,-0.0,-0.0,-0.0,-0.0,-0.0,-0.0,-0.0,-0.0,-0.0,-0.0,-0.0,-0.0,0.0,-0.0,-0.0,-0.0,-0.0,-0.0,-0.0,-0.0,-0.0,-0.0,-0.0,-0.0,0.0,-0.0,-0.0,-0.0,-0.0,-0.0,-0.0,-0.0,-0.0,-0.0,-0.0,-0.0,-0.0,-0.0,-0.0,-0.0,-0.0,-0.0,-0.0,-0.0,-0.0,-0.0,-0.0,0.0,-0.0,-0.0,0.0,-0.0,-0.0,-0.0,-0.0,-0.0,-0.0,-0.0,-0.0,-0.0,0.0,-0.0,-0.0,-0.0,-0.0,-0.0,-0.0,0.0,-0.0,-0.0,-0.0,-0.0,-0.0,-0.0,-0.0,-0.0,-0.0,-0.0,-0.0,-0.0,-0.0,-0.0,-0.0,-0.0,-0.0,0.0,-0.0,-0.0,-0.0,-0.0,-0.0,-0.0,-0.0,-0.0,-0.0,-0.0,-0.0,-0.0,-0.0,-0.0,-0.0,-0.0,-0.0,-0.0,-0.0,-0.0,-0.0,-0.0,-0.0,-0.0
2017-05-26 20:02:00+02:00,-0.0,0.0,-0.0,-0.0,-0.0,-0.0,-0.0,-0.0,-0.0,-0.0,-0.0,-0.0,-0.0,-0.0,-0.0,-0.0,-0.0,-0.0,-0.0,-0.0,0.0,-0.0,-0.0,-0.0,-0.0,-0.0,-0.0,-0.0,-0.0,-0.0,-0.0,-0.0,0.0,-0.0,-0.0,-0.0,-0.0,-0.0,-0.0,-0.0,-0.0,-0.0,-0.0,-0.0,-0.0,-0.0,-0.0,-0.0,-0.0,-0.0,-0.0,-0.0,-0.0,-0.0,-0.0,0.0,-0.0,-0.0,0.0,-0.0,-0.0,-0.0,-0.0,-0.0,-0.0,-0.0,-0.0,-0.0,0.0,-0.0,-0.0,-0.0,-0.0,-0.0,-0.0,0.0,-0.0,-0.0,-0.0,-0.0,-0.0,-0.0,-0.0,-0.0,-0.0,-0.0,-0.0,-0.0,-0.0,-0.0,-0.0,-0.0,-0.0,0.0,-0.0,-0.0,-0.0,-0.0,-0.0,-0.0,-0.0,-0.0,-0.0,-0.0,-0.0,-0.0,-0.0,-0.0,-0.0,-0.0,-0.0,-0.0,-0.0,-0.0,-0.0,-0.0,-0.0,-0.0
2017-05-26 20:03:00+02:00,-0.0,0.0,-0.0,-0.0,-0.0,-0.0,-0.0,-0.0,-0.0,-0.0,-0.0,-0.0,-0.0,-0.0,-0.0,-0.0,-0.0,-0.0,-0.0,-0.0,0.0,-0.0,-0.0,-0.0,-0.0,-0.0,-0.0,-0.0,-0.0,-0.0,-0.0,-0.0,0.0,-0.0,-0.0,-0.0,-0.0,-0.0,-0.0,-0.0,-0.0,-0.0,-0.0,-0.0,-0.0,-0.0,-0.0,-0.0,-0.0,-0.0,-0.0,-0.0,-0.0,-0.0,-0.0,0.0,-0.0,-0.0,0.0,-0.0,-0.0,-0.0,-0.0,-0.0,-0.0,-0.0,-0.0,-0.0,0.0,-0.0,-0.0,-0.0,-0.0,-0.0,-0.0,0.0,-0.0,-0.0,-0.0,-0.0,-0.0,-0.0,-0.0,-0.0,-0.0,-0.0,-0.0,-0.0,-0.0,-0.0,-0.0,-0.0,-0.0,0.0,-0.0,-0.0,-0.0,-0.0,-0.0,-0.0,-0.0,-0.0,-0.0,-0.0,-0.0,-0.0,-0.0,-0.0,-0.0,-0.0,-0.0,-0.0,-0.0,-0.0,-0.0,-0.0,-0.0,-0.0
2017-05-26 20:04:00+02:00,-0.0,0.0,-0.0,-0.0,-0.0,-0.0,-0.0,-0.0,-0.0,-0.0,-0.0,-0.0,-0.0,-0.0,-0.0,-0.0,-0.0,-0.0,-0.0,-0.0,0.0,-0.0,-0.0,-0.0,-0.0,-0.0,-0.0,-0.0,-0.0,-0.0,-0.0,-0.0,0.0,-0.0,-0.0,-0.0,-0.0,-0.0,-0.0,-0.0,-0.0,-0.0,-0.0,-0.0,-0.0,-0.0,-0.0,-0.0,-0.0,-0.0,-0.0,-0.0,-0.0,-0.0,-0.0,0.0,-0.0,-0.0,0.0,-0.0,-0.0,-0.0,-0.0,-0.0,-0.0,-0.0,-0.0,-0.0,0.0,-0.0,-0.0,-0.0,-0.0,-0.0,-0.0,0.0,-0.0,-0.0,-0.0,-0.0,-0.0,-0.0,-0.0,-0.0,-0.0,-0.0,-0.0,-0.0,-0.0,-0.0,-0.0,-0.0,-0.0,0.0,-0.0,-0.0,-0.0,-0.0,-0.0,-0.0,-0.0,-0.0,-0.0,-0.0,-0.0,-0.0,-0.0,-0.0,-0.0,-0.0,-0.0,-0.0,-0.0,-0.0,-0.0,-0.0,-0.0,-0.0
2017-05-26 20:05:00+02:00,-0.0,0.0,-0.0,-0.0,-0.0,-0.0,-0.0,-0.0,-0.0,-0.0,-0.0,-0.0,-0.0,-0.0,-0.0,-0.0,-0.0,-0.0,-0.0,-0.0,0.0,-0.0,-0.0,-0.0,-0.0,-0.0,-0.0,-0.0,-0.0,-0.0,-0.0,-0.0,0.0,-0.0,-0.0,-0.0,-0.0,-0.0,-0.0,-0.0,-0.0,-0.0,-0.0,-0.0,-0.0,-0.0,-0.0,-0.0,-0.0,-0.0,-0.0,-0.0,-0.0,-0.0,-0.0,0.0,-0.0,-0.0,0.0,-0.0,-0.0,-0.0,-0.0,-0.0,-0.0,-0.0,-0.0,-0.0,0.0,-0.0,-0.0,-0.0,-0.0,-0.0,-0.0,0.0,-0.0,-0.0,-0.0,-0.0,-0.0,-0.0,-0.0,-0.0,-0.0,-0.0,-0.0,-0.0,-0.0,-0.0,-0.0,-0.0,-0.0,0.0,-0.0,-0.0,-0.0,-0.0,-0.0,-0.0,-0.0,-0.0,-0.0,-0.0,-0.0,-0.0,-0.0,-0.0,-0.0,-0.0,-0.0,-0.0,-0.0,-0.0,-0.0,-0.0,-0.0,-0.0
2017-05-26 20:06:00+02:00,-0.0,0.0,-0.0,-0.0,-0.0,-0.0,-0.0,-0.0,-0.0,-0.0,-0.0,-0.0,-0.0,-0.0,-0.0,-0.0,-0.0,-0.0,-0.0,-0.0,0.0,-0.0,-0.0,-0.0,-0.0,-0.0,-0.0,-0.0,-0.0,-0.0,-0.0,-0.0,0.0,-0.0,-0.0,-0.0,-0.0,-0.0,-0.0,-0.0,-0.0,-0.0,-0.0,-0.0,-0.0,-0.0,-0.0,-0.0,-0.0,-0.0,-0.0,-0.0,-0.0,-0.0,-0.0,0.0,-0.0,-0.0,0.0,-0.0,-0.0,-0.0,-0.0,-0.0,-0.0,-0.0,-0.0,-0.0,0.0,-0.0,-0.0,-0.0,-0.0,-0.0,-0.0,0.0,-0.0,-0.0,-0.0,-0.0,-0.0,-0.0,-0.0,-0.0,-0.0,-0.0,-0.0,-0.0,-0.0,-0.0,-0.0,-0.0,-0.0,0.0,-0.0,-0.0,-0.0,-0.0,-0.0,-0.0,-0.0,-0.0,-0.0,-0.0,-0.0,-0.0,-0.0,-0.0,-0.0,-0.0,-0.0,-0.0,-0.0,-0.0,-0.0,-0.0,-0.0,-0.0
2017-05-26 20:07:00+02:00,-0.0,0.0,-0.0,-0.0,-0.0,-0.0,-0.0,-0.0,-0.0,-0.0,-0.0,-0.0,-0.0,-0.0,-0.0,-0.0,-0.0,-0.0,-0.0,-0.0,0.0,-0.0,-0.0,-0.0,-0.0,-0.0,-0.0,-0.0,-0.0,-0.0,-0.0,-0.0,0.0,-0.0,-0.0,-0.0,-0.0,-0.0,-0.0,-0.0,-0.0,-0.0,-0.0,-0.0,-0.0,-0.0,-0.0,-0.0,-0.0,-0.0,-0.0,-0.0,-0.0,-0.0,-0.0,0.0,-0.0,-0.0,0.0,-0.0,-0.0,-0.0,-0.0,-0.0,-0.0,-0.0,-0.0,-0.0,0.0,-0.0,-0.0,-0.0,-0.0,-0.0,-0.0,0.0,-0.0,-0.0,-0.0,-0.0,-0.0,-0.0,-0.0,-0.0,-0.0,-0.0,-0.0,-0.0,-0.0,-0.0,-0.0,-0.0,-0.0,0.0,-0.0,-0.0,-0.0,-0.0,-0.0,-0.0,-0.0,-0.0,-0.0,-0.0,-0.0,-0.0,-0.0,-0.0,-0.0,-0.0,-0.0,-0.0,-0.0,-0.0,-0.0,-0.0,-0.0,-0.0
2017-05-26 20:08:00+02:00,-0.0,0.0,-0.0,-0.0,-0.0,-0.0,-0.0,-0.0,-0.0,-0.0,-0.0,-0.0,-0.0,-0.0,-0.0,-0.0,-0.0,-0.0,-0.0,-0.0,0.0,-0.0,-0.0,-0.0,-0.0,-0.0,-0.0,-0.0,-0.0,-0.0,-0.0,-0.0,0.0,-0.0,-0.0,-0.0,-0.0,-0.0,-0.0,-0.0,-0.0,-0.0,-0.0,-0.0,-0.0,-0.0,-0.0,-0.0,-0.0,-0.0,-0.0,-0.0,-0.0,-0.0,-0.0,0.0,-0.0,-0.0,0.0,-0.0,-0.0,-0.0,-0.0,-0.0,-0.0,-0.0,-0.0,-0.0,0.0,-0.0,-0.0,-0.0,-0.0,-0.0,-0.0,0.0,-0.0,-0.0,-0.0,-0.0,-0.0,-0.0,-0.0,-0.0,-0.0,-0.0,-0.0,-0.0,-0.0,-0.0,-0.0,-0.0,-0.0,0.0,-0.0,-0.0,-0.0,-0.0,-0.0,-0.0,-0.0,-0.0,-0.0,-0.0,-0.0,-0.0,-0.0,-0.0,-0.0,-0.0,-0.0,-0.0,-0.0,-0.0,-0.0,-0.0,-0.0,-0.0
2017-05-26 20:09:00+02:00,-0.0,0.0,-0.0,-0.0,-0.0,-0.0,-0.0,-0.0,-0.0,-0.0,-0.0,-0.0,-0.0,-0.0,-0.0,-0.0,-0.0,-0.0,-0.0,-0.0,0.0,-0.0,-0.0,-0.0,-0.0,-0.0,-0.0,-0.0,-0.0,-0.0,-0.0,-0.0,0.0,-0.0,-0.0,-0.0,-0.0,-0.0,-0.0,-0.0,-0.0,-0.0,-0.0,-0.0,-0.0,-0.0,-0.0,-0.0,-0.0,-0.0,-0.0,-0.0,-0.0,-0.0,-0.0,0.0,-0.0,-0.0,0.0,-0.0,-0.0,-0.0,-0.0,-0.0,-0.0,-0.0,-0.0,-0.0,0.0,-0.0,-0.0,-0.0,-0.0,-0.0,-0.0,0.0,-0.0,-0.0,-0.0,-0.0,-0.0,-0.0,-0.0,-0.0,-0.0,-0.0,-0.0,-0.0,-0.0,-0.0,-0.0,-0.0,-0.0,0.0,-0.0,-0.0,-0.0,-0.0,-0.0,-0.0,-0.0,-0.0,-0.0,-0.0,-0.0,-0.0,-0.0,-0.0,-0.0,-0.0,-0.0,-0.0,-0.0,-0.0,-0.0,-0.0,-0.0,-0.0
2017-05-26 20:10:00+02:00,-0.0,0.0,-0.0,-0.0,-0.0,-0.0,-0.0,-0.0,-0.0,-0.0,-0.0,-0.0,-0.0,-0.0,-0.0,-0.0,-0.0,-0.0,-0.0,-0.0,0.0,-0.0,-0.0,-0.0,-0.0,-0.0,-0.0,-0.0,-0.0,-0.0,-0.0,-0.0,0.0,-0.0,-0.0,-0.0,-0.0,-0.0,-0.0,-0.0,-0.0,-0.0,-0.0,-0.0,-0.0,-0.0,-0.0,-0.0,-0.0,-0.0,-0.0,-0.0,-0.0,-0.0,-0.0,0.0,-0.0,-0.0,0.0,-0.0,-0.0,-0.0,-0.0,-0.0,-0.0,-0.0,-0.0,-0.0,0.0,-0.0,-0.0,-0.0,-0.0,-0.0,-0.0,0.0,-0.0,-0.0,-0.0,-0.0,-0.0,-0.0,-0.0,-0.0,-0.0,-0.0,-0.0,-0.0,-0.0,-0.0,-0.0,-0.0,-0.0,0.0,-0.0,-0.0,-0.0,-0.0,-0.0,-0.0,-0.0,-0.0,-0.0,-0.0,-0.0,-0.0,-0.0,-0.0,-0.0,-0.0,-0.0,-0.0,-0.0,-0.0,-0.0,-0.0,-0.0,-0.0
2017-05-26 20:11:00+02:00,-0.0,0.0,-0.0,-0.0,-0.0,-0.0,-0.0,-0.0,-0.0,-0.0,-0.0,-0.0,-0.0,-0.0,-0.0,-0.0,-0.0,-0.0,-0.0,-0.0,0.0,-0.0,-0.0,-0.0,-0.0,-0.0,-0.0,-0.0,-0.0,-0.0,-0.0,-0.0,0.0,-0.0,-0.0,-0.0,-0.0,-0.0,-0.0,-0.0,-0.0,-0.0,-0.0,-0.0,-0.0,-0.0,-0.0,-0.0,-0.0,-0.0,-0.0,-0.0,-0.0,-0.0,-0.0,0.0,-0.0,-0.0,0.0,-0.0,-0.0,-0.0,-0.0,-0.0,-0.0,-0.0,-0.0,-0.0,0.0,-0.0,-0.0,-0.0,-0.0,-0.0,-0.0,0.0,-0.0,-0.0,-0.0,-0.0,-0.0,-0.0,-0.0,-0.0,-0.0,-0.0,-0.0,-0.0,-0.0,-0.0,-0.0,-0.0,-0.0,0.0,-0.0,-0.0,-0.0,-0.0,-0.0,-0.0,-0.0,-0.0,-0.0,-0.0,-0.0,-0.0,-0.0,-0.0,-0.0,-0.0,-0.0,-0.0,-0.0,-0.0,-0.0,-0.0,-0.0,-0.0
2017-05-26 20:12:00+02:00,-0.0,0.0,-0.0,-0.0,-0.0,-0.0,-0.0,-0.0,-0.0,-0.0,-0.0,-0.0,-0.0,-0.0,-0.0,-0.0,-0.0,-0.0,-0.0,-0.0,0.0,-0.0,-0.0,-0.0,-0.0,-0.0,-0.0,-0.0,-0.0,-0.0,-0.0,-0.0,0.0,-0.0,-0.0,-0.0,-0.0,-0.0,-0.0,-0.0,-0.0,-0.0,-0.0,-0.0,-0.0,-0.0,-0.0,-0.0,-0.0,-0.0,-0.0,-0.0,-0.0,-0.0,-0.0,0.0,-0.0,-0.0,0.0,-0.0,-0.0,-0.0,-0.0,-0.0,-0.0,-0.0,-0.0,-0.0,0.0,-0.0,-0.0,-0.0,-0.0,-0.0,-0.0,0.0,-0.0,-0.0,-0.0,-0.0,-0.0,-0.0,-0.0,-0.0,-0.0,-0.0,-0.0,-0.0,-0.0,-0.0,-0.0,-0.0,-0.0,0.0,-0.0,-0.0,-0.0,-0.0,-0.0,-0.0,-0.0,-0.0,-0.0,-0.0,-0.0,-0.0,-0.0,-0.0,-0.0,-0.0,-0.0,-0.0,-0.0,-0.0,-0.0,-0.0,-0.0,-0.0
2017-05-26 20:13:00+02:00,-0.0,0.0,-0.0,-0.0,-0.0,-0.0,-0.0,-0.0,-0.0,-0.0,-0.0,-0.0,-0.0,-0.0,-0.0,-0.0,-0.0,-0.0,-0.0,-0.0,0.0,-0.0,-0.0,-0.0,-0.0,-0.0,-0.0,-0.0,-0.0,-0.0,-0.0,-0.0,0.0,-0.0,-0.0,-0.0,-0.0,-0.0,-0.0,-0.0,-0.0,-0.0,-0.0,-0.0,-0.0,-0.0,-0.0,-0.0,-0.0,-0.0,-0.0,-0.0,-0.0,-0.0,-0.0,0.0,-0.0,-0.0,0.0,-0.0,-0.0,-0.0,-0.0,-0.0,-0.0,-0.0,-0.0,-0.0,0.0,-0.0,-0.0,-0.0,-0.0,-0.0,-0.0,0.0,-0.0,-0.0,-0.0,-0.0,-0.0,-0.0,-0.0,-0.0,-0.0,-0.0,-0.0,-0.0,-0.0,-0.0,-0.0,-0.0,-0.0,0.0,-0.0,-0.0,-0.0,-0.0,-0.0,-0.0,-0.0,-0.0,-0.0,-0.0,-0.0,-0.0,-0.0,-0.0,-0.0,-0.0,-0.0,-0.0,-0.0,-0.0,-0.0,-0.0,-0.0,-0.0
2017-05-26 20:14:00+02:00,-0.0,0.0,-0.0,-0.0,-0.0,-0.0,-0.0,-0.0,-0.0,-0.0,-0.0,-0.0,-0.0,-0.0,-0.0,-0.0,-0.0,-0.0,-0.0,-0.0,0.0,-0.0,-0.0,-0.0,-0.0,-0.0,-0.0,-0.0,-0.0,-0.0,-0.0,-0.0,0.0,-0.0,-0.0,-0.0,-0.0,-0.0,-0.0,-0.0,-0.0,-0.0,-0.0,-0.0,-0.0,-0.0,-0.0,-0.0,-0.0,-0.0,-0.0,-0.0,-0.0,-0.0,-0.0,0.0,-0.0,-0.0,0.0,-0.0,-0.0,-0.0,-0.0,-0.0,-0.0,-0.0,-0.0,-0.0,0.0,-0.0,-0.0,-0.0,-0.0,-0.0,-0.0,0.0,-0.0,-0.0,-0.0,-0.0,-0.0,-0.0,-0.0,-0.0,-0.0,-0.0,-0.0,-0.0,-0.0,-0.0,-0.0,-0.0,-0.0,0.0,-0.0,-0.0,-0.0,-0.0,-0.0,-0.0,-0.0,-0.0,-0.0,-0.0,-0.0,-0.0,-0.0,-0.0,-0.0,-0.0,-0.0,-0.0,-0.0,-0.0,-0.0,-0.0,-0.0,-0.0
2017-05-26 20:15:00+02:00,-0.0,0.0,-0.0,-0.0,-0.0,-0.0,-0.0,-0.0,-0.0,-0.0,-0.0,-0.0,-0.0,-0.0,-0.0,-0.0,-0.0,-0.0,-0.0,-0.0,0.0,-0.0,-0.0,-0.0,-0.0,-0.0,-0.0,-0.0,-0.0,-0.0,-0.0,-0.0,0.0,-0.0,-0.0,-0.0,-0.0,-0.0,-0.0,-0.0,-0.0,-0.0,-0.0,-0.0,-0.0,-0.0,-0.0,-0.0,-0.0,-0.0,-0.0,-0.0,-0.0,-0.0,-0.0,0.0,-0.0,-0.0,0.0,-0.0,-0.0,-0.0,-0.0,-0.0,-0.0,-0.0,-0.0,-0.0,0.0,-0.0,-0.0,-0.0,-0.0,-0.0,-0.0,0.0,-0.0,-0.0,-0.0,-0.0,-0.0,-0.0,-0.0,-0.0,-0.0,-0.0,-0.0,-0.0,-0.0,-0.0,-0.0,-0.0,-0.0,0.0,-0.0,-0.0,-0.0,-0.0,-0.0,-0.0,-0.0,-0.0,-0.0,-0.0,-0.0,-0.0,-0.0,-0.0,-0.0,-0.0,-0.0,-0.0,-0.0,-0.0,-0.0,-0.0,-0.0,-0.0
2017-05-26 20:16:00+02:00,-0.0,0.0,-0.0,-0.0,-0.0,-0.0,-0.0,-0.0,-0.0,-0.0,-0.0,-0.0,-0.0,-0.0,-0.0,-0.0,-0.0,-0.0,-0.0,-0.0,0.0,-0.0,-0.0,-0.0,-0.0,-0.0,-0.0,-0.0,-0.0,-0.0,-0.0,-0.0,0.0,-0.0,-0.0,-0.0,-0.0,-0.0,-0.0,-0.0,-0.0,-0.0,-0.0,-0.0,-0.0,-0.0,-0.0,-0.0,-0.0,-0.0,-0.0,-0.0,-0.0,-0.0,-0.0,0.0,-0.0,-0.0,0.0,-0.0,-0.0,-0.0,-0.0,-0.0,-0.0,-0.0,-0.0,-0.0,0.0,-0.0,-0.0,-0.0,-0.0,-0.0,-0.0,0.0,-0.0,-0.0,-0.0,-0.0,-0.0,-0.0,-0.0,-0.0,-0.0,-0.0,-0.0,-0.0,-0.0,-0.0,-0.0,-0.0,-0.0,0.0,-0.0,-0.0,-0.0,-0.0,-0.0,-0.0,-0.0,-0.0,-0.0,-0.0,-0.0,-0.0,-0.0,-0.0,-0.0,-0.0,-0.0,-0.0,-0.0,-0.0,-0.0,-0.0,-0.0,-0.0
2017-05-26 20:17:00+02:00,-0.0,0.0,-0.0,-0.0,-0.0,-0.0,-0.0,-0.0,-0.0,-0.0,-0.0,-0.0,-0.0,-0.0,-0.0,-0.0,-0.0,-0.0,-0.0,-0.0,0.0,-0.0,-0.0,-0.0,-0.0,-0.0,-0.0,-0.0,-0.0,-0.0,-0.0,-0.0,0.0,-0.0,-0.0,-0.0,-0.0,-0.0,-0.0,-0.0,-0.0,-0.0,-0.0,-0.0,-0.0,-0.0,-0.0,-0.0,-0.0,-0.0,-0.0,-0.0,-0.0,-0.0,-0.0,0.0,-0.0,-0.0,0.0,-0.0,-0.0,-0.0,-0.0,-0.0,-0.0,-0.0,-0.0,-0.0,0.0,-0.0,-0.0,-0.0,-0.0,-0.0,-0.0,0.0,-0.0,-0.0,-0.0,-0.0,-0.0,-0.0,-0.0,-0.0,-0.0,-0.0,-0.0,-0.0,-0.0,-0.0,-0.0,-0.0,-0.0,0.0,-0.0,-0.0,-0.0,-0.0,-0.0,-0.0,-0.0,-0.0,-0.0,-0.0,-0.0,-0.0,-0.0,-0.0,-0.0,-0.0,-0.0,-0.0,-0.0,-0.0,-0.0,-0.0,-0.0,-0.0
2017-05-26 20:18:00+02:00,-0.0,0.0,-0.0,-0.0,-0.0,-0.0,-0.0,-0.0,-0.0,-0.0,-0.0,-0.0,-0.0,-0.0,-0.0,-0.0,-0.0,-0.0,-0.0,-0.0,0.0,-0.0,-0.0,-0.0,-0.0,-0.0,-0.0,-0.0,-0.0,-0.0,-0.0,-0.0,0.0,-0.0,-0.0,-0.0,-0.0,-0.0,-0.0,-0.0,-0.0,-0.0,-0.0,-0.0,-0.0,-0.0,-0.0,-0.0,-0.0,-0.0,-0.0,-0.0,-0.0,-0.0,-0.0,0.0,-0.0,-0.0,0.0,-0.0,-0.0,-0.0,-0.0,-0.0,-0.0,-0.0,-0.0,-0.0,0.0,-0.0,-0.0,-0.0,-0.0,-0.0,-0.0,0.0,-0.0,-0.0,-0.0,-0.0,-0.0,-0.0,-0.0,-0.0,-0.0,-0.0,-0.0,-0.0,-0.0,-0.0,-0.0,-0.0,-0.0,0.0,-0.0,-0.0,-0.0,-0.0,-0.0,-0.0,-0.0,-0.0,-0.0,-0.0,-0.0,-0.0,-0.0,-0.0,-0.0,-0.0,-0.0,-0.0,-0.0,-0.0,-0.0,-0.0,-0.0,-0.0
2017-05-26 20:19:00+02:00,-0.0,0.0,-0.0,-0.0,-0.0,-0.0,-0.0,-0.0,-0.0,-0.0,-0.0,-0.0,-0.0,-0.0,-0.0,-0.0,-0.0,-0.0,-0.0,-0.0,0.0,-0.0,-0.0,-0.0,-0.0,-0.0,-0.0,-0.0,-0.0,-0.0,-0.0,-0.0,0.0,-0.0,-0.0,-0.0,-0.0,-0.0,-0.0,-0.0,-0.0,-0.0,-0.0,-0.0,-0.0,-0.0,-0.0,-0.0,-0.0,-0.0,-0.0,-0.0,-0.0,-0.0,-0.0,0.0,-0.0,-0.0,0.0,-0.0,-0.0,-0.0,-0.0,-0.0,-0.0,-0.0,-0.0,-0.0,0.0,-0.0,-0.0,-0.0,-0.0,-0.0,-0.0,0.0,-0.0,-0.0,-0.0,-0.0,-0.0,-0.0,-0.0,-0.0,-0.0,-0.0,-0.0,-0.0,-0.0,-0.0,-0.0,-0.0,-0.0,0.0,-0.0,-0.0,-0.0,-0.0,-0.0,-0.0,-0.0,-0.0,-0.0,-0.0,-0.0,-0.0,-0.0,-0.0,-0.0,-0.0,-0.0,-0.0,-0.0,-0.0,-0.0,-0.0,-0.0,-0.0
2017-05-26 20:20:00+02:00,-0.0,0.0,-0.0,-0.0,-0.0,-0.0,-0.0,-0.0,-0.0,-0.0,-0.0,-0.0,-0.0,-0.0,-0.0,-0.0,-0.0,-0.0,-0.0,-0.0,0.0,-0.0,-0.0,-0.0,-0.0,-0.0,-0.0,-0.0,-0.0,-0.0,-0.0,-0.0,0.0,-0.0,-0.0,-0.0,-0.0,-0.0,-0.0,-0.0,-0.0,-0.0,-0.0,-0.0,-0.0,-0.0,-0.0,-0.0,-0.0,-0.0,-0.0,-0.0,-0.0,-0.0,-0.0,0.0,-0.0,-0.0,0.0,-0.0,-0.0,-0.0,-0.0,-0.0,-0.0,-0.0,-0.0,-0.0,0.0,-0.0,-0.0,-0.0,-0.0,-0.0,-0.0,0.0,-0.0,-0.0,-0.0,-0.0,-0.0,-0.0,-0.0,-0.0,-0.0,-0.0,-0.0,-0.0,-0.0,-0.0,-0.0,-0.0,-0.0,0.0,-0.0,-0.0,-0.0,-0.0,-0.0,-0.0,-0.0,-0.0,-0.0,-0.0,-0.0,-0.0,-0.0,-0.0,-0.0,-0.0,-0.0,-0.0,-0.0,-0.0,-0.0,-0.0,-0.0,-0.0
2017-05-26 20:21:00+02:00,-0.0,0.0,-0.0,-0.0,-0.0,-0.0,-0.0,-0.0,-0.0,-0.0,-0.0,-0.0,-0.0,-0.0,-0.0,-0.0,-0.0,-0.0,-0.0,-0.0,0.0,-0.0,-0.0,-0.0,-0.0,-0.0,-0.0,-0.0,-0.0,-0.0,-0.0,-0.0,0.0,-0.0,-0.0,-0.0,-0.0,-0.0,-0.0,-0.0,-0.0,-0.0,-0.0,-0.0,-0.0,-0.0,-0.0,-0.0,-0.0,-0.0,-0.0,-0.0,-0.0,-0.0,-0.0,0.0,-0.0,-0.0,0.0,-0.0,-0.0,-0.0,-0.0,-0.0,-0.0,-0.0,-0.0,-0.0,0.0,-0.0,-0.0,-0.0,-0.0,-0.0,-0.0,0.0,-0.0,-0.0,-0.0,-0.0,-0.0,-0.0,-0.0,-0.0,-0.0,-0.0,-0.0,-0.0,-0.0,-0.0,-0.0,-0.0,-0.0,0.0,-0.0,-0.0,-0.0,-0.0,-0.0,-0.0,-0.0,-0.0,-0.0,-0.0,-0.0,-0.0,-0.0,-0.0,-0.0,-0.0,-0.0,-0.0,-0.0,-0.0,-0.0,-0.0,-0.0,-0.0
2017-05-26 20:22:00+02:00,-0.0,0.0,-0.0,-0.0,-0.0,-0.0,-0.0,-0.0,-0.0,-0.0,-0.0,-0.0,-0.0,-0.0,-0.0,-0.0,-0.0,-0.0,-0.0,-0.0,0.0,-0.0,-0.0,-0.0,-0.0,-0.0,-0.0,-0.0,-0.0,-0.0,-0.0,-0.0,0.0,-0.0,-0.0,-0.0,-0.0,-0.0,-0.0,-0.0,-0.0,-0.0,-0.0,-0.0,-0.0,-0.0,-0.0,-0.0,-0.0,-0.0,-0.0,-0.0,-0.0,-0.0,-0.0,0.0,-0.0,-0.0,0.0,-0.0,-0.0,-0.0,-0.0,-0.0,-0.0,-0.0,-0.0,-0.0,0.0,-0.0,-0.0,-0.0,-0.0,-0.0,-0.0,0.0,-0.0,-0.0,-0.0,-0.0,-0.0,-0.0,-0.0,-0.0,-0.0,-0.0,-0.0,-0.0,-0.0,-0.0,-0.0,-0.0,-0.0,0.0,-0.0,-0.0,-0.0,-0.0,-0.0,-0.0,-0.0,-0.0,-0.0,-0.0,-0.0,-0.0,-0.0,-0.0,-0.0,-0.0,-0.0,-0.0,-0.0,-0.0,-0.0,-0.0,-0.0,-0.0
2017-05-26 20:23:00+02:00,-0.0,0.0,-0.0,-0.0,-0.0,-0.0,-0.0,-0.0,-0.0,-0.0,-0.0,-0.0,-0.0,-0.0,-0.0,-0.0,-0.0,-0.0,-0.0,-0.0,0.0,-0.0,-0.0,-0.0,-0.0,-0.0,-0.0,-0.0,-0.0,-0.0,-0.0,-0.0,0.0,-0.0,-0.0,-0.0,-0.0,-0.0,-0.0,-0.0,-0.0,-0.0,-0.0,-0.0,-0.0,-0.0,-0.0,-0.0,-0.0,-0.0,-0.0,-0.0,-0.0,-0.0,-0.0,0.0,-0.0,-0.0,0.0,-0.0,-0.0,-0.0,-0.0,-0.0,-0.0,-0.0,-0.0,-0.0,0.0,-0.0,-0.0,-0.0,-0.0,-0.0,-0.0,0.0,-0.0,-0.0,-0.0,-0.0,-0.0,-0.0,-0.0,-0.0,-0.0,-0.0,-0.0,-0.0,-0.0,-0.0,-0.0,-0.0,-0.0,0.0,-0.0,-0.0,-0.0,-0.0,-0.0,-0.0,-0.0,-0.0,-0.0,-0.0,-0.0,-0.0,-0.0,-0.0,-0.0,-0.0,-0.0,-0.0,-0.0,-0.0,-0.0,-0.0,-0.0,-0.0
2017-05-26 20:24:00+02:00,-0.0,0.0,-0.0,-0.0,-0.0,-0.0,-0.0,-0.0,-0.0,-0.0,-0.0,-0.0,-0.0,-0.0,-0.0,-0.0,-0.0,-0.0,-0.0,-0.0,0.0,-0.0,-0.0,-0.0,-0.0,-0.0,-0.0,-0.0,-0.0,-0.0,-0.0,-0.0,0.0,-0.0,-0.0,-0.0,-0.0,-0.0,-0.0,-0.0,-0.0,-0.0,-0.0,-0.0,-0.0,-0.0,-0.0,-0.0,-0.0,-0.0,-0.0,-0.0,-0.0,-0.0,-0.0,0.0,-0.0,-0.0,0.0,-0.0,-0.0,-0.0,-0.0,-0.0,-0.0,-0.0,-0.0,-0.0,0.0,-0.0,-0.0,-0.0,-0.0,-0.0,-0.0,0.0,-0.0,-0.0,-0.0,-0.0,-0.0,-0.0,-0.0,-0.0,-0.0,-0.0,-0.0,-0.0,-0.0,-0.0,-0.0,-0.0,-0.0,0.0,-0.0,-0.0,-0.0,-0.0,-0.0,-0.0,-0.0,-0.0,-0.0,-0.0,-0.0,-0.0,-0.0,-0.0,-0.0,-0.0,-0.0,-0.0,-0.0,-0.0,-0.0,-0.0,-0.0,-0.0
2017-05-26 20:25:00+02:00,-0.0,0.0,-0.0,-0.0,-0.0,-0.0,-0.0,-0.0,-0.0,-0.0,-0.0,-0.0,-0.0,-0.0,-0.0,-0.0,-0.0,-0.0,-0.0,-0.0,0.0,-0.0,-0.0,-0.0,-0.0,-0.0,-0.0,-0.0,-0.0,-0.0,-0.0,-0.0,0.0,-0.0,-0.0,-0.0,-0.0,-0.0,-0.0,-0.0,-0.0,-0.0,-0.0,-0.0,-0.0,-0.0,-0.0,-0.0,-0.0,-0.0,-0.0,-0.0,-0.0,-0.0,-0.0,0.0,-0.0,-0.0,0.0,-0.0,-0.0,-0.0,-0.0,-0.0,-0.0,-0.0,-0.0,-0.0,0.0,-0.0,-0.0,-0.0,-0.0,-0.0,-0.0,0.0,-0.0,-0.0,-0.0,-0.0,-0.0,-0.0,-0.0,-0.0,-0.0,-0.0,-0.0,-0.0,-0.0,-0.0,-0.0,-0.0,-0.0,0.0,-0.0,-0.0,-0.0,-0.0,-0.0,-0.0,-0.0,-0.0,-0.0,-0.0,-0.0,-0.0,-0.0,-0.0,-0.0,-0.0,-0.0,-0.0,-0.0,-0.0,-0.0,-0.0,-0.0,-0.0
2017-05-26 20:26:00+02:00,-0.0,0.0,-0.0,-0.0,-0.0,-0.0,-0.0,-0.0,-0.0,-0.0,-0.0,-0.0,-0.0,-0.0,-0.0,-0.0,-0.0,-0.0,-0.0,-0.0,0.0,-0.0,-0.0,-0.0,-0.0,-0.0,-0.0,-0.0,-0.0,-0.0,-0.0,-0.0,0.0,-0.0,-0.0,-0.0,-0.0,-0.0,-0.0,-0.0,-0.0,-0.0,-0.0,-0.0,-0.0,-0.0,-0.0,-0.0,-0.0,-0.0,-0.0,-0.0,-0.0,-0.0,-0.0,0.0,-0.0,-0.0,0.0,-0.0,-0.0,-0.0,-0.0,-0.0,-0.0,-0.0,-0.0,-0.0,0.0,-0.0,-0.0,-0.0,-0.0,-0.0,-0.0,0.0,-0.0,-0.0,-0.0,-0.0,-0.0,-0.0,-0.0,-0.0,-0.0,-0.0,-0.0,-0.0,-0.0,-0.0,-0.0,-0.0,-0.0,0.0,-0.0,-0.0,-0.0,-0.0,-0.0,-0.0,-0.0,-0.0,-0.0,-0.0,-0.0,-0.0,-0.0,-0.0,-0.0,-0.0,-0.0,-0.0,-0.0,-0.0,-0.0,-0.0,-0.0,-0.0
2017-05-26 20:27:00+02:00,-0.0,0.0,-0.0,-0.0,-0.0,-0.0,-0.0,-0.0,-0.0,-0.0,-0.0,-0.0,-0.0,-0.0,-0.0,-0.0,-0.0,-0.0,-0.0,-0.0,0.0,-0.0,-0.0,-0.0,-0.0,-0.0,-0.0,-0.0,-0.0,-0.0,-0.0,-0.0,0.0,-0.0,-0.0,-0.0,-0.0,-0.0,-0.0,-0.0,-0.0,-0.0,-0.0,-0.0,-0.0,-0.0,-0.0,-0.0,-0.0,-0.0,-0.0,-0.0,-0.0,-0.0,-0.0,0.0,-0.0,-0.0,0.0,-0.0,-0.0,-0.0,-0.0,-0.0,-0.0,-0.0,-0.0,-0.0,0.0,-0.0,-0.0,-0.0,-0.0,-0.0,-0.0,0.0,-0.0,-0.0,-0.0,-0.0,-0.0,-0.0,-0.0,-0.0,-0.0,-0.0,-0.0,-0.0,-0.0,-0.0,-0.0,-0.0,-0.0,0.0,-0.0,-0.0,-0.0,-0.0,-0.0,-0.0,-0.0,-0.0,-0.0,-0.0,-0.0,-0.0,-0.0,-0.0,-0.0,-0.0,-0.0,-0.0,-0.0,-0.0,-0.0,-0.0,-0.0,-0.0
2017-05-26 20:28:00+02:00,-0.0,0.0,-0.0,-0.0,-0.0,-0.0,-0.0,-0.0,-0.0,-0.0,-0.0,-0.0,-0.0,-0.0,-0.0,-0.0,-0.0,-0.0,-0.0,-0.0,0.0,-0.0,-0.0,-0.0,-0.0,-0.0,-0.0,-0.0,-0.0,-0.0,-0.0,-0.0,0.0,-0.0,-0.0,-0.0,-0.0,-0.0,-0.0,-0.0,-0.0,-0.0,-0.0,-0.0,-0.0,-0.0,-0.0,-0.0,-0.0,-0.0,-0.0,-0.0,-0.0,-0.0,-0.0,0.0,-0.0,-0.0,0.0,-0.0,-0.0,-0.0,-0.0,-0.0,-0.0,-0.0,-0.0,-0.0,0.0,-0.0,-0.0,-0.0,-0.0,-0.0,-0.0,0.0,-0.0,-0.0,-0.0,-0.0,-0.0,-0.0,-0.0,-0.0,-0.0,-0.0,-0.0,-0.0,-0.0,-0.0,-0.0,-0.0,-0.0,0.0,-0.0,-0.0,-0.0,-0.0,-0.0,-0.0,-0.0,-0.0,-0.0,-0.0,-0.0,-0.0,-0.0,-0.0,-0.0,-0.0,-0.0,-0.0,-0.0,-0.0,-0.0,-0.0,-0.0,-0.0
2017-05-26 20:29:00+02:00,-0.0,0.0,-0.0,-0.0,-0.0,-0.0,-0.0,-0.0,-0.0,-0.0,-0.0,-0.0,-0.0,-0.0,-0.0,-0.0,-0.0,-0.0,-0.0,-0.0,0.0,-0.0,-0.0,-0.0,-0.0,-0.0,-0.0,-0.0,-0.0,-0.0,-0.0,-0.0,0.0,-0.0,-0.0,-0.0,-0.0,-0.0,-0.0,-0.0,-0.0,-0.0,-0.0,-0.0,-0.0,-0.0,-0.0,-0.0,-0.0,-0.0,-0.0,-0.0,-0.0,-0.0,-0.0,0.0,-0.0,-0.0,0.0,-0.0,-0.0,-0.0,-0.0,-0.0,-0.0,-0.0,-0.0,-0.0,0.0,-0.0,-0.0,-0.0,-0.0,-0.0,-0.0,0.0,-0.0,-0.0,-0.0,-0.0,-0.0,-0.0,-0.0,-0.0,-0.0,-0.0,-0.0,-0.0,-0.0,-0.0,-0.0,-0.0,-0.0,0.0,-0.0,-0.0,-0.0,-0.0,-0.0,-0.0,-0.0,-0.0,-0.0,-0.0,-0.0,-0.0,-0.0,-0.0,-0.0,-0.0,-0.0,-0.0,-0.0,-0.0,-0.0,-0.0,-0.0,-0.0
2017-05-26 20:30:00+02:00,-0.0,0.0,-0.0,-0.0,-0.0,-0.0,-0.0,-0.0,-0.0,-0.0,-0.0,-0.0,-0.0,-0.0,-0.0,-0.0,-0.0,-0.0,-0.0,-0.0,0.0,-0.0,-0.0,-0.0,-0.0,-0.0,-0.0,-0.0,-0.0,-0.0,-0.0,-0.0,0.0,-0.0,-0.0,-0.0,-0.0,-0.0,-0.0,-0.0,-0.0,-0.0,-0.0,-0.0,-0.0,-0.0,-0.0,-0.0,-0.0,-0.0,-0.0,-0.0,-0.0,-0.0,-0.0,0.0,-0.0,-0.0,0.0,-0.0,-0.0,-0.0,-0.0,-0.0,-0.0,-0.0,-0.0,-0.0,0.0,-0.0,-0.0,-0.0,-0.0,-0.0,-0.0,0.0,-0.0,-0.0,-0.0,-0.0,-0.0,-0.0,-0.0,-0.0,-0.0,-0.0,-0.0,-0.0,-0.0,-0.0,-0.0,-0.0,-0.0,0.0,-0.0,-0.0,-0.0,-0.0,-0.0,-0.0,-0.0,-0.0,-0.0,-0.0,-0.0,-0.0,-0.0,-0.0,-0.0,-0.0,-0.0,-0.0,-0.0,-0.0,-0.0,-0.0,-0.0,-0.0
2017-05-26 20:31:00+02:00,-0.0,0.0,-0.0,-0.0,-0.0,-0.0,-0.0,-0.0,-0.0,-0.0,-0.0,-0.0,-0.0,-0.0,-0.0,-0.0,-0.0,-0.0,-0.0,-0.0,0.0,-0.0,-0.0,-0.0,-0.0,-0.0,-0.0,-0.0,-0.0,-0.0,-0.0,-0.0,0.0,-0.0,-0.0,-0.0,-0.0,-0.0,-0.0,-0.0,-0.0,-0.0,-0.0,-0.0,-0.0,-0.0,-0.0,-0.0,-0.0,-0.0,-0.0,-0.0,-0.0,-0.0,-0.0,0.0,-0.0,-0.0,0.0,-0.0,-0.0,-0.0,-0.0,-0.0,-0.0,-0.0,-0.0,-0.0,0.0,-0.0,-0.0,-0.0,-0.0,-0.0,-0.0,0.0,-0.0,-0.0,-0.0,-0.0,-0.0,-0.0,-0.0,-0.0,-0.0,-0.0,-0.0,-0.0,-0.0,-0.0,-0.0,-0.0,-0.0,0.0,-0.0,-0.0,-0.0,-0.0,-0.0,-0.0,-0.0,-0.0,-0.0,-0.0,-0.0,-0.0,-0.0,-0.0,-0.0,-0.0,-0.0,-0.0,-0.0,-0.0,-0.0,-0.0,-0.0,-0.0
2017-05-26 20:32:00+02:00,-0.0,0.0,-0.0,-0.0,-0.0,-0.0,-0.0,-0.0,-0.0,-0.0,-0.0,-0.0,-0.0,-0.0,-0.0,-0.0,-0.0,-0.0,-0.0,-0.0,0.0,-0.0,-0.0,-0.0,-0.0,-0.0,-0.0,-0.0,-0.0,-0.0,-0.0,-0.0,0.0,-0.0,-0.0,-0.0,-0.0,-0.0,-0.0,-0.0,-0.0,-0.0,-0.0,-0.0,-0.0,-0.0,-0.0,-0.0,-0.0,-0.0,-0.0,-0.0,-0.0,-0.0,-0.0,0.0,-0.0,-0.0,0.0,-0.0,-0.0,-0.0,-0.0,-0.0,-0.0,-0.0,-0.0,-0.0,0.0,-0.0,-0.0,-0.0,-0.0,-0.0,-0.0,0.0,-0.0,-0.0,-0.0,-0.0,-0.0,-0.0,-0.0,-0.0,-0.0,-0.0,-0.0,-0.0,-0.0,-0.0,-0.0,-0.0,-0.0,0.0,-0.0,-0.0,-0.0,-0.0,-0.0,-0.0,-0.0,-0.0,-0.0,-0.0,-0.0,-0.0,-0.0,-0.0,-0.0,-0.0,-0.0,-0.0,-0.0,-0.0,-0.0,-0.0,-0.0,-0.0
2017-05-26 20:33:00+02:00,-0.0,0.0,-0.0,-0.0,-0.0,-0.0,-0.0,-0.0,-0.0,-0.0,-0.0,-0.0,-0.0,-0.0,-0.0,-0.0,-0.0,-0.0,-0.0,-0.0,0.0,-0.0,-0.0,-0.0,-0.0,-0.0,-0.0,-0.0,-0.0,-0.0,-0.0,-0.0,0.0,-0.0,-0.0,-0.0,-0.0,-0.0,-0.0,-0.0,-0.0,-0.0,-0.0,-0.0,-0.0,-0.0,-0.0,-0.0,-0.0,-0.0,-0.0,-0.0,-0.0,-0.0,-0.0,0.0,-0.0,-0.0,0.0,-0.0,-0.0,-0.0,-0.0,-0.0,-0.0,-0.0,-0.0,-0.0,0.0,-0.0,-0.0,-0.0,-0.0,-0.0,-0.0,0.0,-0.0,-0.0,-0.0,-0.0,-0.0,-0.0,-0.0,-0.0,-0.0,-0.0,-0.0,-0.0,-0.0,-0.0,-0.0,-0.0,-0.0,0.0,-0.0,-0.0,-0.0,-0.0,-0.0,-0.0,-0.0,-0.0,-0.0,-0.0,-0.0,-0.0,-0.0,-0.0,-0.0,-0.0,-0.0,-0.0,-0.0,-0.0,-0.0,-0.0,-0.0,-0.0
2017-05-26 20:34:00+02:00,-0.0,0.0,-0.0,-0.0,-0.0,-0.0,-0.0,-0.0,-0.0,-0.0,-0.0,-0.0,-0.0,-0.0,-0.0,-0.0,-0.0,-0.0,-0.0,-0.0,0.0,-0.0,-0.0,-0.0,-0.0,-0.0,-0.0,-0.0,-0.0,-0.0,-0.0,-0.0,0.0,-0.0,-0.0,-0.0,-0.0,-0.0,-0.0,-0.0,-0.0,-0.0,-0.0,-0.0,-0.0,-0.0,-0.0,-0.0,-0.0,-0.0,-0.0,-0.0,-0.0,-0.0,-0.0,0.0,-0.0,-0.0,0.0,-0.0,-0.0,-0.0,-0.0,-0.0,-0.0,-0.0,-0.0,-0.0,0.0,-0.0,-0.0,-0.0,-0.0,-0.0,-0.0,0.0,-0.0,-0.0,-0.0,-0.0,-0.0,-0.0,-0.0,-0.0,-0.0,-0.0,-0.0,-0.0,-0.0,-0.0,-0.0,-0.0,-0.0,0.0,-0.0,-0.0,-0.0,-0.0,-0.0,-0.0,-0.0,-0.0,-0.0,-0.0,-0.0,-0.0,-0.0,-0.0,-0.0,-0.0,-0.0,-0.0,-0.0,-0.0,-0.0,-0.0,-0.0,-0.0
2017-05-26 20:35:00+02:00,-0.0,0.0,-0.0,-0.0,-0.0,-0.0,-0.0,-0.0,-0.0,-0.0,-0.0,-0.0,-0.0,-0.0,-0.0,-0.0,-0.0,-0.0,-0.0,-0.0,0.0,-0.0,-0.0,-0.0,-0.0,-0.0,-0.0,-0.0,-0.0,-0.0,-0.0,-0.0,0.0,-0.0,-0.0,-0.0,-0.0,-0.0,-0.0,-0.0,-0.0,-0.0,-0.0,-0.0,-0.0,-0.0,-0.0,-0.0,-0.0,-0.0,-0.0,-0.0,-0.0,-0.0,-0.0,0.0,-0.0,-0.0,0.0,-0.0,-0.0,-0.0,-0.0,-0.0,-0.0,-0.0,-0.0,-0.0,0.0,-0.0,-0.0,-0.0,-0.0,-0.0,-0.0,0.0,-0.0,-0.0,-0.0,-0.0,-0.0,-0.0,-0.0,-0.0,-0.0,-0.0,-0.0,-0.0,-0.0,-0.0,-0.0,-0.0,-0.0,0.0,-0.0,-0.0,-0.0,-0.0,-0.0,-0.0,-0.0,-0.0,-0.0,-0.0,-0.0,-0.0,-0.0,-0.0,-0.0,-0.0,-0.0,-0.0,-0.0,-0.0,-0.0,-0.0,-0.0,-0.0
2017-05-26 20:36:00+02:00,-0.0,0.0,-0.0,-0.0,-0.0,-0.0,-0.0,-0.0,-0.0,-0.0,-0.0,-0.0,-0.0,-0.0,-0.0,-0.0,-0.0,-0.0,-0.0,-0.0,0.0,-0.0,-0.0,-0.0,-0.0,-0.0,-0.0,-0.0,-0.0,-0.0,-0.0,-0.0,0.0,-0.0,-0.0,-0.0,-0.0,-0.0,-0.0,-0.0,-0.0,-0.0,-0.0,-0.0,-0.0,-0.0,-0.0,-0.0,-0.0,-0.0,-0.0,-0.0,-0.0,-0.0,-0.0,0.0,-0.0,-0.0,0.0,-0.0,-0.0,-0.0,-0.0,-0.0,-0.0,-0.0,-0.0,-0.0,0.0,-0.0,-0.0,-0.0,-0.0,-0.0,-0.0,0.0,-0.0,-0.0,-0.0,-0.0,-0.0,-0.0,-0.0,-0.0,-0.0,-0.0,-0.0,-0.0,-0.0,-0.0,-0.0,-0.0,-0.0,0.0,-0.0,-0.0,-0.0,-0.0,-0.0,-0.0,-0.0,-0.0,-0.0,-0.0,-0.0,-0.0,-0.0,-0.0,-0.0,-0.0,-0.0,-0.0,-0.0,-0.0,-0.0,-0.0,-0.0,-0.0
2017-05-26 20:37:00+02:00,-0.0,0.0,-0.0,-0.0,-0.0,-0.0,-0.0,-0.0,-0.0,-0.0,-0.0,-0.0,0.0,-0.0,-0.0,-0.0,-0.0,-0.0,-0.0,-0.0,0.0,-0.0,-0.0,-0.0,-0.0,-0.0,-0.0,-0.0,-0.0,-0.0,-0.0,-0.0,0.0,-0.0,-0.0,-0.0,-0.0,-0.0,-0.0,-0.0,-0.0,-0.0,-0.0,-0.0,-0.0,-0.0,-0.0,-0.0,-0.0,-0.0,-0.0,-0.0,-0.0,0.0,-0.0,0.0,-0.0,-0.0,0.0,-0.0,-0.0,-0.0,-0.0,-0.0,-0.0,-0.0,-0.0,-0.0,0.0,-0.0,-0.0,-0.0,-0.0,-0.0,-0.0,0.0,-0.0,-0.0,-0.0,-0.0,-0.0,-0.0,-0.0,-0.0,-0.0,-0.0,-0.0,-0.0,-0.0,-0.0,-0.0,-0.0,0.0,0.0,-0.0,-0.0,-0.0,-0.0,-0.0,-0.0,-0.0,-0.0,-0.0,-0.0,-0.0,0.0,0.0,-0.0,-0.0,-0.0,-0.0,-0.0,-0.0,-0.0,-0.0,-0.0,-0.0,-0.0
2017-05-26 20:38:00+02:00,-0.0,0.0,-0.0,-0.0,-0.0,-0.0,-0.0,-0.0,-0.0,-0.0,-0.0,-0.0,0.0,-0.0,-0.0,-0.0,-0.0,-0.0,-0.0,-0.0,0.0,-0.0,-0.0,-0.0,-0.0,-0.0,-0.0,-0.0,-0.0,-0.0,-0.0,-0.0,0.0,-0.0,-0.0,-0.0,-0.0,-0.0,-0.0,-0.0,-0.0,-0.0,-0.0,-0.0,-0.0,-0.0,-0.0,-0.0,-0.0,-0.0,-0.0,-0.0,-0.0,0.0,-0.0,0.0,-0.0,-0.0,0.0,-0.0,-0.0,-0.0,-0.0,-0.0,-0.0,-0.0,-0.0,-0.0,0.0,-0.0,-0.0,-0.0,-0.0,-0.0,-0.0,0.0,-0.0,-0.0,-0.0,-0.0,-0.0,-0.0,-0.0,-0.0,-0.0,-0.0,0.0,-0.0,-0.0,-0.0,-0.0,-0.0,0.0,0.0,-0.0,-0.0,-0.0,-0.0,-0.0,-0.0,-0.0,-0.0,-0.0,-0.0,-0.0,0.0,0.0,-0.0,-0.0,-0.0,-0.0,-0.0,-0.0,-0.0,-0.0,-0.0,-0.0,0.0
2017-05-26 20:39:00+02:00,-0.0,0.0,-0.0,-0.0,-0.0,-0.0,-0.0,-0.0,-0.0,-0.0,-0.0,-0.0,0.0,-0.0,-0.0,-0.0,-0.0,-0.0,-0.0,-0.0,0.0,-0.0,-0.0,-0.0,-0.0,-0.0,-0.0,-0.0,-0.0,-0.0,-0.0,-0.0,0.0,-0.0,-0.0,-0.0,-0.0,-0.0,-0.0,-0.0,-0.0,-0.0,-0.0,-0.0,-0.0,-0.0,-0.0,-0.0,-0.0,-0.0,-0.0,-0.0,-0.0,0.0,-0.0,0.0,-0.0,-0.0,0.0,-0.0,-0.0,-0.0,-0.0,-0.0,-0.0,-0.0,-0.0,-0.0,0.0,-0.0,-0.0,-0.0,-0.0,-0.0,-0.0,0.0,-0.0,-0.0,-0.0,-0.0,-0.0,-0.0,-0.0,-0.0,-0.0,-0.0,0.0,-0.0,-0.0,-0.0,-0.0,-0.0,0.0,0.0,-0.0,-0.0,-0.0,-0.0,-0.0,-0.0,-0.0,-0.0,-0.0,-0.0,-0.0,0.0,0.0,-0.0,-0.0,-0.0,-0.0,-0.0,-0.0,-0.0,-0.0,-0.0,-0.0,0.0
2017-05-26 20:40:00+02:00,-0.0,0.0,-0.0,-0.0,-0.0,-0.0,-0.0,-0.0,-0.0,-0.0,-0.0,-0.0,0.0,-0.0,-0.0,-0.0,-0.0,-0.0,-0.0,-0.0,0.0,-0.0,-0.0,-0.0,-0.0,-0.0,-0.0,-0.0,-0.0,-0.0,-0.0,-0.0,0.0,-0.0,-0.0,-0.0,-0.0,-0.0,-0.0,-0.0,-0.0,-0.0,-0.0,-0.0,-0.0,-0.0,-0.0,-0.0,-0.0,-0.0,-0.0,-0.0,-0.0,0.0,-0.0,0.0,-0.0,-0.0,0.0,-0.0,-0.0,-0.0,-0.0,-0.0,-0.0,-0.0,-0.0,-0.0,0.0,-0.0,-0.0,-0.0,-0.0,-0.0,-0.0,0.0,-0.0,-0.0,-0.0,-0.0,-0.0,-0.0,-0.0,-0.0,-0.0,-0.0,0.0,-0.0,-0.0,-0.0,-0.0,-0.0,0.0,0.0,-0.0,-0.0,-0.0,-0.0,-0.0,-0.0,-0.0,-0.0,-0.0,-0.0,-0.0,0.0,0.0,-0.0,-0.0,-0.0,-0.0,-0.0,-0.0,-0.0,-0.0,-0.0,-0.0,0.0
2017-05-26 20:41:00+02:00,0.0,0.0,-0.0,-0.0,-0.0,-0.0,0.0,0.0,0.0,0.0,0.0,0.0,0.0,0.0,0.0,-0.0,0.0,0.0,-0.0,-0.0,0.0,-0.0,-0.0,-0.0,-0.0,-0.0,0.0,0.0,0.0,0.0,0.0,0.0,0.0,0.0,0.0,-0.0,0.0,0.0,-0.0,-0.0,0.0,-0.0,-0.0,-0.0,-0.0,-0.0,0.0,0.0,0.0,0.0,0.0,0.0,0.0,0.0,0.0,0.0,0.0,0.0,0.0,-0.0,0.0,-0.0,-0.0,-0.0,-0.0,-0.0,0.0,0.0,0.0,0.0,0.0,0.0,0.0,0.0,0.0,0.0,0.0,0.0,-0.0,-0.0,0.0,-0.0,-0.0,-0.0,-0.0,-0.0,0.0,0.0,0.0,0.0,0.0,0.0,0.0,0.0,0.0,-0.0,0.0,0.0,-0.0,-0.0,0.0,-0.0,0.0,0.0,0.0,0.0,0.0,0.0,-0.0,-0.0,0.0,0.0,0.0,-0.0,-0.0,-0.0,-0.0,0.0
2017-05-26 20:42:00+02:00,0.0,0.0,0.0,0.0,0.0,0.0,0.0,0.0,0.0,0.0,0.0,0.0,0.0,0.0,0.0,0.0,0.0,0.0,0.0,0.0,0.0,0.0,0.0,0.0,0.0,0.0,0.0,0.0,0.0,0.0,0.0,0.0,0.0,0.0,0.0,0.0,0.0,0.0,0.0,0.0,0.0,0.0,0.0,0.0,0.0,0.0,0.0,0.0,0.0,0.0,0.0,0.0,0.0,0.0,0.0,0.0,0.0,0.0,0.0,0.0,0.0,0.0,0.0,0.0,0.0,0.0,0.0,0.0,0.0,0.0,0.0,0.0,0.0,0.0,0.0,0.0,0.0,0.0,0.0,0.0,0.0,0.0,0.0,0.0,0.0,0.0,0.0,0.0,0.0,0.0,0.0,0.0,0.0,0.0,0.0,0.0,0.0,0.0,0.0,0.0,0.0,0.0,0.0,0.0,0.0,0.0,0.0,0.0,0.0,0.0,0.0,0.0,0.0,0.0,0.0,0.0,0.0,0.0
2017-05-26 20:43:00+02:00,0.0,0.0,0.0,0.0,0.0,0.0,0.0,0.0,0.0,0.0,0.0,0.0,0.0,0.0,0.0,0.0,0.0,0.0,0.0,0.0,0.0,0.0,0.0,0.0,0.0,0.0,0.0,0.0,0.0,0.0,0.0,0.0,0.0,0.0,0.0,0.0,0.0,0.0,0.0,0.0,0.0,0.0,0.0,0.0,0.0,0.0,0.0,0.0,0.0,0.0,0.0,0.0,0.0,0.0,0.0,0.0,0.0,0.0,0.0,0.0,0.0,0.0,0.0,0.0,0.0,0.0,0.0,0.0,0.0,0.0,0.0,0.0,0.0,0.0,0.0,0.0,0.0,0.0,0.0,0.0,0.0,0.0,0.0,0.0,0.0,0.0,0.0,0.0,0.0,0.0,0.0,0.0,0.0,0.0,0.0,0.0,0.0,0.0,0.0,0.0,0.0,0.0,0.0,0.0,0.0,0.0,0.0,0.0,0.0,0.0,0.0,0.0,0.0,0.0,0.0,0.0,0.0,0.0
2017-05-26 20:44:00+02:00,0.0,0.0,0.0,0.0,0.0,0.0,0.0,0.0,0.0,0.0,0.0,0.0,0.0,0.0,0.0,0.0,0.0,0.0,0.0,0.0,0.0,0.0,0.0,0.0,0.0,0.0,0.0,0.0,0.0,0.0,0.0,0.0,0.0,0.0,0.0,0.0,0.0,0.0,0.0,0.0,0.0,0.0,0.0,0.0,0.0,0.0,0.0,0.0,0.0,0.0,0.0,0.0,0.0,0.0,0.0,0.0,0.0,0.0,0.0,0.0,0.0,0.0,0.0,0.0,0.0,0.0,0.0,0.0,0.0,0.0,0.0,0.0,0.0,0.0,0.0,0.0,0.0,0.0,0.0,0.0,0.0,0.0,0.0,0.0,0.0,0.0,0.0,0.0,0.0,0.0,0.0,0.0,0.0,0.0,0.0,0.0,0.0,0.0,0.0,0.0,0.0,0.0,0.0,0.0,0.0,0.0,0.0,0.0,0.0,0.0,0.0,0.0,0.0,0.0,0.0,0.0,0.0,0.0
2017-05-26 20:45:00+02:00,0.0,0.0,0.0,0.0,0.0,0.0,0.0,0.0,0.0,0.0,0.0,0.0,0.0,0.0,0.0,0.0,0.0,0.0,0.0,0.0,0.0,0.0,0.0,0.0,0.0,0.0,0.0,0.0,0.0,0.0,0.0,0.0,0.0,0.0,0.0,0.0,0.0,0.0,0.0,0.0,0.0,0.0,0.0,0.0,0.0,0.0,0.0,0.0,0.0,0.0,0.0,0.0,0.0,0.0,0.0,0.0,0.0,0.0,0.0,0.0,0.0,0.0,0.0,0.0,0.0,0.0,0.0,0.0,0.0,0.0,0.0,0.0,0.0,0.0,0.0,0.0,0.0,0.0,0.0,0.0,0.0,0.0,0.0,0.0,0.0,0.0,0.0,0.0,0.0,0.0,0.0,0.0,0.0,0.0,0.0,0.0,0.0,0.0,0.0,0.0,0.0,0.0,0.0,0.0,0.0,0.0,0.0,0.0,0.0,0.0,0.0,0.0,0.0,0.0,0.0,0.0,0.0,0.0
2017-05-26 20:46:00+02:00,0.0,0.0,0.0,0.0,0.0,0.0,0.0,0.0,0.0,0.0,0.0,0.0,0.0,0.0,0.0,0.0,0.0,0.0,0.0,0.0,0.0,0.0,0.0,0.0,0.0,0.0,0.0,0.0,0.0,0.0,0.0,0.0,0.0,0.0,0.0,0.0,0.0,0.0,0.0,0.0,0.0,0.0,0.0,0.0,0.0,0.0,0.0,0.0,0.0,0.0,0.0,0.0,0.0,0.0,0.0,0.0,0.0,0.0,0.0,0.0,0.0,0.0,0.0,0.0,0.0,0.0,0.0,0.0,0.0,0.0,0.0,0.0,0.0,0.0,0.0,0.0,0.0,0.0,0.0,0.0,0.0,0.0,0.0,0.0,0.0,0.0,0.0,0.0,0.0,0.0,0.0,0.0,0.0,0.0,0.0,0.0,0.0,0.0,0.0,0.0,0.0,0.0,0.0,0.0,0.0,0.0,0.0,0.0,0.0,0.0,0.0,0.0,0.0,0.0,0.0,0.0,0.0,0.0
2017-05-26 20:47:00+02:00,0.0,0.0,0.0,0.0,0.0,0.0,0.0,0.0,0.0,0.0,0.0,0.0,0.0,0.0,0.0,0.0,0.0,0.0,0.0,0.0,0.0,0.0,0.0,0.0,0.0,0.0,0.0,0.0,0.0,0.0,0.0,0.0,0.0,0.0,0.0,0.0,0.0,0.0,0.0,0.0,0.0,0.0,0.0,0.0,0.0,0.0,0.0,0.0,0.0,0.0,0.0,0.0,0.0,0.0,0.0,0.0,0.0,0.0,0.0,0.0,0.0,0.0,0.0,0.0,0.0,0.0,0.0,0.0,0.0,0.0,0.0,0.0,0.0,0.0,0.0,0.0,0.0,0.0,0.0,0.0,0.0,0.0,0.0,0.0,0.0,0.0,0.0,0.0,0.0,0.0,0.0,0.0,0.0,0.0,0.0,0.0,0.0,0.0,0.0,0.0,0.0,0.0,0.0,0.0,0.0,0.0,0.0,0.0,0.0,0.0,0.0,0.0,0.0,0.0,0.0,0.0,0.0,0.0
2017-05-26 20:48:00+02:00,0.0,0.0,0.0,0.0,0.0,0.0,0.0,0.0,0.0,0.0,0.0,0.0,0.0,0.0,0.0,0.0,0.0,0.0,0.0,0.0,0.0,0.0,0.0,0.0,0.0,0.0,0.0,0.0,0.0,0.0,0.0,0.0,0.0,0.0,0.0,0.0,0.0,0.0,0.0,0.0,0.0,0.0,0.0,0.0,0.0,0.0,0.0,0.0,0.0,0.0,0.0,0.0,0.0,0.0,0.0,0.0,0.0,0.0,0.0,0.0,0.0,0.0,0.0,0.0,0.0,0.0,0.0,0.0,0.0,0.0,0.0,0.0,0.0,0.0,0.0,0.0,0.0,0.0,0.0,0.0,0.0,0.0,0.0,0.0,0.0,0.0,0.0,0.0,0.0,0.0,0.0,0.0,0.0,0.0,0.0,0.0,0.0,0.0,0.0,0.0,0.0,0.0,0.0,0.0,0.0,0.0,0.0,0.0,0.0,0.0,0.0,0.0,0.0,0.0,0.0,0.0,0.0,0.0
2017-05-26 20:49:00+02:00,0.0,0.0,0.0,0.0,0.0,0.0,0.0,0.0,0.0,0.0,0.0,0.0,0.0,0.0,0.0,0.0,0.0,0.0,0.0,0.0,0.0,0.0,0.0,0.0,0.0,0.0,0.0,0.0,0.0,0.0,0.0,0.0,0.0,0.0,0.0,0.0,0.0,0.0,0.0,0.0,0.0,0.0,0.0,0.0,0.0,0.0,0.0,0.0,0.0,0.0,0.0,0.0,0.0,0.0,0.0,0.0,0.0,0.0,0.0,0.0,0.0,0.0,0.0,0.0,0.0,0.0,0.0,0.0,0.0,0.0,0.0,0.0,0.0,0.0,0.0,0.0,0.0,0.0,0.0,0.0,0.0,0.0,0.0,0.0,0.0,0.0,0.0,0.0,0.0,0.0,0.0,0.0,0.0,0.0,0.0,0.0,0.0,0.0,0.0,0.0,0.0,0.0,0.0,0.0,0.0,0.0,0.0,0.0,0.0,0.0,0.0,0.0,0.0,0.0,0.0,0.0,0.0,0.0
2017-05-26 20:50:00+02:00,0.0,0.0,0.0,0.0,0.0,0.0,0.0,0.0,0.0,0.0,0.0,0.0,0.0,0.0,0.0,0.0,0.0,0.0,0.0,0.0,0.0,0.0,0.0,0.0,0.0,0.0,0.0,0.0,0.0,0.0,0.0,0.0,0.0,0.0,0.0,0.0,0.0,0.0,0.0,0.0,0.0,0.0,0.0,0.0,0.0,0.0,0.0,0.0,0.0,0.0,0.0,0.0,0.0,0.0,0.0,0.0,0.0,0.0,0.0,0.0,0.0,0.0,0.0,0.0,0.0,0.0,0.0,0.0,0.0,0.0,0.0,0.0,0.0,0.0,0.0,0.0,0.0,0.0,0.0,0.0,0.0,0.0,0.0,0.0,0.0,0.0,0.0,0.0,0.0,0.0,0.0,0.0,0.0,0.0,0.0,0.0,0.0,0.0,0.0,0.0,0.0,0.0,0.0,0.0,0.0,0.0,0.0,0.0,0.0,0.0,0.0,0.0,0.0,0.0,0.0,0.0,0.0,0.0
2017-05-26 20:51:00+02:00,0.0,0.0,0.0,0.0,0.0,0.0,0.0,0.0,0.0,0.0,0.0,0.0,0.0,0.0,0.0,0.0,0.0,0.0,0.0,0.0,0.0,0.0,0.0,0.0,0.0,0.0,0.0,0.0,0.0,0.0,0.0,0.0,0.0,0.0,0.0,0.0,0.0,0.0,0.0,0.0,0.0,0.0,0.0,0.0,0.0,0.0,0.0,0.0,0.0,0.0,0.0,0.0,0.0,0.0,0.0,0.0,0.0,0.0,0.0,0.0,0.0,0.0,0.0,0.0,0.0,0.0,0.0,0.0,0.0,0.0,0.0,0.0,0.0,0.0,0.0,0.0,0.0,0.0,0.0,0.0,0.0,0.0,0.0,0.0,0.0,0.0,0.0,0.0,0.0,0.0,0.0,0.0,0.0,0.0,0.0,0.0,0.0,0.0,0.0,0.0,0.0,0.0,0.0,0.0,0.0,0.0,0.0,0.0,0.0,0.0,0.0,0.0,0.0,0.0,0.0,0.0,0.0,0.0
2017-05-26 20:52:00+02:00,0.0,0.0,0.0,0.0,0.0,0.0,0.0,0.0,0.0,0.0,0.0,0.0,0.0,0.0,0.0,0.0,0.0,0.0,0.0,0.0,0.0,0.0,0.0,0.0,0.0,0.0,0.0,0.0,0.0,0.0,0.0,0.0,0.0,0.0,0.0,0.0,0.0,0.0,0.0,0.0,0.0,0.0,0.0,0.0,0.0,0.0,0.0,0.0,0.0,0.0,0.0,0.0,0.0,0.0,0.0,0.0,0.0,0.0,0.0,0.0,0.0,0.0,0.0,0.0,0.0,0.0,0.0,0.0,0.0,0.0,0.0,0.0,0.0,0.0,0.0,0.0,0.0,0.0,0.0,0.0,0.0,0.0,0.0,0.0,0.0,0.0,0.0,0.0,0.0,0.0,0.0,0.0,0.0,0.0,0.0,0.0,0.0,0.0,0.0,0.0,0.0,0.0,0.0,0.0,0.0,0.0,0.0,0.0,0.0,0.0,0.0,0.0,0.0,0.0,0.0,0.0,0.0,0.0
2017-05-26 20:53:00+02:00,0.0,0.0,0.0,0.0,0.0,0.0,0.0,0.0,0.0,0.0,0.0,0.0,0.0,0.0,0.0,0.0,0.0,0.0,0.0,0.0,0.0,0.0,0.0,0.0,0.0,0.0,0.0,0.0,0.0,0.0,0.0,0.0,0.0,0.0,0.0,0.0,0.0,0.0,0.0,0.0,0.0,0.0,0.0,0.0,0.0,0.0,0.0,0.0,0.0,0.0,0.0,0.0,0.0,0.0,0.0,0.0,0.0,0.0,0.0,0.0,0.0,0.0,0.0,0.0,0.0,0.0,0.0,0.0,0.0,0.0,0.0,0.0,0.0,0.0,0.0,0.0,0.0,0.0,0.0,0.0,0.0,0.0,0.0,0.0,0.0,0.0,0.0,0.0,0.0,0.0,0.0,0.0,0.0,0.0,0.0,0.0,0.0,0.0,0.0,0.0,0.0,0.0,0.0,0.0,0.0,0.0,0.0,0.0,0.0,0.0,0.0,0.0,0.0,0.0,0.0,0.0,0.0,0.0
2017-05-26 20:54:00+02:00,0.0,0.0,0.0,0.0,0.0,0.0,0.0,0.0,0.0,0.0,0.0,0.0,0.0,0.0,0.0,0.0,0.0,0.0,0.0,0.0,0.0,0.0,0.0,0.0,0.0,0.0,0.0,0.0,0.0,0.0,0.0,0.0,0.0,0.0,0.0,0.0,0.0,0.0,0.0,0.0,0.0,0.0,0.0,0.0,0.0,0.0,0.0,0.0,0.0,0.0,0.0,0.0,0.0,0.0,0.0,0.0,0.0,0.0,0.0,0.0,0.0,0.0,0.0,0.0,0.0,0.0,0.0,0.0,0.0,0.0,0.0,0.0,0.0,0.0,0.0,0.0,0.0,0.0,0.0,0.0,0.0,0.0,0.0,0.0,0.0,0.0,0.0,0.0,0.0,0.0,0.0,0.0,0.0,0.0,0.0,0.0,0.0,0.0,0.0,0.0,0.0,0.0,0.0,0.0,0.0,0.0,0.0,0.0,0.0,0.0,0.0,0.0,0.0,0.0,0.0,0.0,0.0,0.0
2017-05-26 20:55:00+02:00,0.0,0.0,0.0,0.0,0.0,0.0,0.0,0.0,0.0,0.0,0.0,0.0,0.0,0.0,0.0,0.0,0.0,0.0,0.0,0.0,0.0,0.0,0.0,0.0,0.0,0.0,0.0,0.0,0.0,0.0,0.0,0.0,0.0,0.0,0.0,0.0,0.0,0.0,0.0,0.0,0.0,0.0,0.0,0.0,0.0,0.0,0.0,0.0,0.0,0.0,0.0,0.0,0.0,0.0,0.0,0.0,0.0,0.0,0.0,0.0,0.0,0.0,0.0,0.0,0.0,0.0,0.0,0.0,0.0,0.0,0.0,0.0,0.0,0.0,0.0,0.0,0.0,0.0,0.0,0.0,0.0,0.0,0.0,0.0,0.0,0.0,0.0,0.0,0.0,0.0,0.0,0.0,0.0,0.0,0.0,0.0,0.0,0.0,0.0,0.0,0.0,0.0,0.0,0.0,0.0,0.0,0.0,0.0,0.0,0.0,0.0,0.0,0.0,0.0,0.0,0.0,0.0,0.0
2017-05-26 20:56:00+02:00,0.0,0.0,0.0,0.0,0.0,0.0,0.0,0.0,0.0,0.0,0.0,0.0,0.0,0.0,0.0,0.0,0.0,0.0,0.0,0.0,0.0,0.0,0.0,0.0,0.0,0.0,0.0,0.0,0.0,0.0,0.0,0.0,0.0,0.0,0.0,0.0,0.0,0.0,0.0,0.0,0.0,0.0,0.0,0.0,0.0,0.0,0.0,0.0,0.0,0.0,0.0,0.0,0.0,0.0,0.0,0.0,0.0,0.0,0.0,0.0,0.0,0.0,0.0,0.0,0.0,0.0,0.0,0.0,0.0,0.0,0.0,0.0,0.0,0.0,0.0,0.0,0.0,0.0,0.0,0.0,0.0,0.0,0.0,0.0,0.0,0.0,0.0,0.0,0.0,0.0,0.0,0.0,0.0,0.0,0.0,0.0,0.0,0.0,0.0,0.0,0.0,0.0,0.0,0.0,0.0,0.0,0.0,0.0,0.0,0.0,0.0,0.0,0.0,0.0,0.0,0.0,0.0,0.0
2017-05-26 20:57:00+02:00,0.0,0.0,0.0,0.0,0.0,0.0,0.0,0.0,0.0,0.0,0.0,0.0,0.0,0.0,0.0,0.0,0.0,0.0,0.0,0.0,0.0,0.0,0.0,0.0,0.0,0.0,0.0,0.0,0.0,0.0,0.0,0.0,0.0,0.0,0.0,0.0,0.0,0.0,0.0,0.0,0.0,0.0,0.0,0.0,0.0,0.0,0.0,0.0,0.0,0.0,0.0,0.0,0.0,0.0,0.0,0.0,0.0,0.0,0.0,0.0,0.0,0.0,0.0,0.0,0.0,0.0,0.0,0.0,0.0,0.0,0.0,0.0,0.0,0.0,0.0,0.0,0.0,0.0,0.0,0.0,0.0,0.0,0.0,0.0,0.0,0.0,0.0,0.0,0.0,0.0,0.0,0.0,0.0,0.0,0.0,0.0,0.0,0.0,0.0,0.0,0.0,0.0,0.0,0.0,0.0,0.0,0.0,0.0,0.0,0.0,0.0,0.0,0.0,0.0,0.0,0.0,0.0,0.0
2017-05-26 20:58:00+02:00,0.0,0.0,0.0,0.0,0.0,0.0,0.0,0.0,0.0,0.0,0.0,0.0,0.0,0.0,0.0,0.0,0.0,0.0,0.0,0.0,0.0,0.0,0.0,0.0,0.0,0.0,0.0,0.0,0.0,0.0,0.0,0.0,0.0,0.0,0.0,0.0,0.0,0.0,0.0,0.0,0.0,0.0,0.0,0.0,0.0,0.0,0.0,0.0,0.0,0.0,0.0,0.0,0.0,0.0,0.0,0.0,0.0,0.0,0.0,0.0,0.0,0.0,0.0,0.0,0.0,0.0,0.0,0.0,0.0,0.0,0.0,0.0,0.0,0.0,0.0,0.0,0.0,0.0,0.0,0.0,0.0,0.0,0.0,0.0,0.0,0.0,0.0,0.0,0.0,0.0,0.0,0.0,0.0,0.0,0.0,0.0,0.0,0.0,0.0,0.0,0.0,0.0,0.0,0.0,0.0,0.0,0.0,0.0,0.0,0.0,0.0,0.0,0.0,0.0,0.0,0.0,0.0,0.0
2017-05-26 20:59:00+02:00,0.0,0.0,0.0,0.0,0.0,0.0,0.0,0.0,0.0,0.0,0.0,0.0,0.0,0.0,0.0,0.0,0.0,0.0,0.0,0.0,0.0,0.0,0.0,0.0,0.0,0.0,0.0,0.0,0.0,0.0,0.0,0.0,0.0,0.0,0.0,0.0,0.0,0.0,0.0,0.0,0.0,0.0,0.0,0.0,0.0,0.0,0.0,0.0,0.0,0.0,0.0,0.0,0.0,0.0,0.0,0.0,0.0,0.0,0.0,0.0,0.0,0.0,0.0,0.0,0.0,0.0,0.0,0.0,0.0,0.0,0.0,0.0,0.0,0.0,0.0,0.0,0.0,0.0,0.0,0.0,0.0,0.0,0.0,0.0,0.0,0.0,0.0,0.0,0.0,0.0,0.0,0.0,0.0,0.0,0.0,0.0,0.0,0.0,0.0,0.0,0.0,0.0,0.0,0.0,0.0,0.0,0.0,0.0,0.0,0.0,0.0,0.0,0.0,0.0,0.0,0.0,0.0,0.0
2017-05-26 21:00:00+02:00,0.0,0.0,0.0,0.0,0.0,0.0,0.0,0.0,0.0,0.0,0.0,0.0,0.0,0.0,0.0,0.0,0.0,0.0,0.0,0.0,0.0,0.0,0.0,0.0,0.0,0.0,0.0,0.0,0.0,0.0,0.0,0.0,0.0,0.0,0.0,0.0,0.0,0.0,0.0,0.0,0.0,0.0,0.0,0.0,0.0,0.0,0.0,0.0,0.0,0.0,0.0,0.0,0.0,0.0,0.0,0.0,0.0,0.0,0.0,0.0,0.0,0.0,0.0,0.0,0.0,0.0,0.0,0.0,0.0,0.0,0.0,0.0,0.0,0.0,0.0,0.0,0.0,0.0,0.0,0.0,0.0,0.0,0.0,0.0,0.0,0.0,0.0,0.0,0.0,0.0,0.0,0.0,0.0,0.0,0.0,0.0,0.0,0.0,0.0,0.0,0.0,0.0,0.0,0.0,0.0,0.0,0.0,0.0,0.0,0.0,0.0,0.0,0.0,0.0,0.0,0.0,0.0,0.0
2017-05-26 21:01:00+02:00,0.0,0.0,0.0,0.0,0.0,0.0,0.0,0.0,0.0,0.0,0.0,0.0,0.0,0.0,0.0,0.0,0.0,0.0,0.0,0.0,0.0,0.0,0.0,0.0,0.0,0.0,0.0,0.0,0.0,0.0,0.0,0.0,0.0,0.0,0.0,0.0,0.0,0.0,0.0,0.0,0.0,0.0,0.0,0.0,0.0,0.0,0.0,0.0,0.0,0.0,0.0,0.0,0.0,0.0,0.0,0.0,0.0,0.0,0.0,0.0,0.0,0.0,0.0,0.0,0.0,0.0,0.0,0.0,0.0,0.0,0.0,0.0,0.0,0.0,0.0,0.0,0.0,0.0,0.0,0.0,0.0,0.0,0.0,0.0,0.0,0.0,0.0,0.0,0.0,0.0,0.0,0.0,0.0,0.0,0.0,0.0,0.0,0.0,0.0,0.0,0.0,0.0,0.0,0.0,0.0,0.0,0.0,0.0,0.0,0.0,0.0,0.0,0.0,0.0,0.0,0.0,0.0,0.0
2017-05-26 21:02:00+02:00,0.0,0.0,0.0,0.0,0.0,0.0,0.0,0.0,0.0,0.0,0.0,0.0,0.0,0.0,0.0,0.0,0.0,0.0,0.0,0.0,0.0,0.0,0.0,0.0,0.0,0.0,0.0,0.0,0.0,0.0,0.0,0.0,0.0,0.0,0.0,0.0,0.0,0.0,0.0,0.0,0.0,0.0,0.0,0.0,0.0,0.0,0.0,0.0,0.0,0.0,0.0,0.0,0.0,0.0,0.0,0.0,0.0,0.0,0.0,0.0,0.0,0.0,0.0,0.0,0.0,0.0,0.0,0.0,0.0,0.0,0.0,0.0,0.0,0.0,0.0,0.0,0.0,0.0,0.0,0.0,0.0,0.0,0.0,0.0,0.0,0.0,0.0,0.0,0.0,0.0,0.0,0.0,0.0,0.0,0.0,0.0,0.0,0.0,0.0,0.0,0.0,0.0,0.0,0.0,0.0,0.0,0.0,0.0,0.0,0.0,0.0,0.0,0.0,0.0,0.0,0.0,0.0,0.0
2017-05-26 21:03:00+02:00,0.0,0.0,0.0,0.0,0.0,0.0,0.0,0.0,0.0,0.0,0.0,0.0,0.0,0.0,0.0,0.0,0.0,0.0,0.0,0.0,0.0,0.0,0.0,0.0,0.0,0.0,0.0,0.0,0.0,0.0,0.0,0.0,0.0,0.0,0.0,0.0,0.0,0.0,0.0,0.0,0.0,0.0,0.0,0.0,0.0,0.0,0.0,0.0,0.0,0.0,0.0,0.0,0.0,0.0,0.0,0.0,0.0,0.0,0.0,0.0,0.0,0.0,0.0,0.0,0.0,0.0,0.0,0.0,0.0,0.0,0.0,0.0,0.0,0.0,0.0,0.0,0.0,0.0,0.0,0.0,0.0,0.0,0.0,0.0,0.0,0.0,0.0,0.0,0.0,0.0,0.0,0.0,0.0,0.0,0.0,0.0,0.0,0.0,0.0,0.0,0.0,0.0,0.0,0.0,0.0,0.0,0.0,0.0,0.0,0.0,0.0,0.0,0.0,0.0,0.0,0.0,0.0,0.0
2017-05-26 21:04:00+02:00,0.0,0.0,0.0,0.0,0.0,0.0,0.0,0.0,0.0,0.0,0.0,0.0,0.0,0.0,0.0,0.0,0.0,0.0,0.0,0.0,0.0,0.0,0.0,0.0,0.0,0.0,0.0,0.0,0.0,0.0,0.0,0.0,0.0,0.0,0.0,0.0,0.0,0.0,0.0,0.0,0.0,0.0,0.0,0.0,0.0,0.0,0.0,0.0,0.0,0.0,0.0,0.0,0.0,0.0,0.0,0.0,0.0,0.0,0.0,0.0,0.0,0.0,0.0,0.0,0.0,0.0,0.0,0.0,0.0,0.0,0.0,0.0,0.0,0.0,0.0,0.0,0.0,0.0,0.0,0.0,0.0,0.0,0.0,0.0,0.0,0.0,0.0,0.0,0.0,0.0,0.0,0.0,0.0,0.0,0.0,0.0,0.0,0.0,0.0,0.0,0.0,0.0,0.0,0.0,0.0,0.0,0.0,0.0,0.0,0.0,0.0,0.0,0.0,0.0,0.0,0.0,0.0,0.0
2017-05-26 21:05:00+02:00,0.0,0.0,0.0,0.0,0.0,0.0,0.0,0.0,0.0,0.0,0.0,0.0,0.0,0.0,0.0,0.0,0.0,0.0,0.0,0.0,0.0,0.0,0.0,0.0,0.0,0.0,0.0,0.0,0.0,0.0,0.0,0.0,0.0,0.0,0.0,0.0,0.0,0.0,0.0,0.0,0.0,0.0,0.0,0.0,0.0,0.0,0.0,0.0,0.0,0.0,0.0,0.0,0.0,0.0,0.0,0.0,0.0,0.0,0.0,0.0,0.0,0.0,0.0,0.0,0.0,0.0,0.0,0.0,0.0,0.0,0.0,0.0,0.0,0.0,0.0,0.0,0.0,0.0,0.0,0.0,0.0,0.0,0.0,0.0,0.0,0.0,0.0,0.0,0.0,0.0,0.0,0.0,0.0,0.0,0.0,0.0,0.0,0.0,0.0,0.0,0.0,0.0,0.0,0.0,0.0,0.0,0.0,0.0,0.0,0.0,0.0,0.0,0.0,0.0,0.0,0.0,0.0,0.0
2017-05-26 21:06:00+02:00,0.0,0.0,0.0,0.0,0.0,0.0,0.0,0.0,0.0,0.0,0.0,0.0,0.0,0.0,0.0,0.0,0.0,0.0,0.0,0.0,0.0,0.0,0.0,0.0,0.0,0.0,0.0,0.0,0.0,0.0,0.0,0.0,0.0,0.0,0.0,0.0,0.0,0.0,0.0,0.0,0.0,0.0,0.0,0.0,0.0,0.0,0.0,0.0,0.0,0.0,0.0,0.0,0.0,0.0,0.0,0.0,0.0,0.0,0.0,0.0,0.0,0.0,0.0,0.0,0.0,0.0,0.0,0.0,0.0,0.0,0.0,0.0,0.0,0.0,0.0,0.0,0.0,0.0,0.0,0.0,0.0,0.0,0.0,0.0,0.0,0.0,0.0,0.0,0.0,0.0,0.0,0.0,0.0,0.0,0.0,0.0,0.0,0.0,0.0,0.0,0.0,0.0,0.0,0.0,0.0,0.0,0.0,0.0,0.0,0.0,0.0,0.0,0.0,0.0,0.0,0.0,0.0,0.0
2017-05-26 21:07:00+02:00,0.0,0.0,0.0,0.0,0.0,0.0,0.0,0.0,0.0,0.0,0.0,0.0,0.0,0.0,0.0,0.0,0.0,0.0,0.0,0.0,0.0,0.0,0.0,0.0,0.0,0.0,0.0,0.0,0.0,0.0,0.0,0.0,0.0,0.0,0.0,0.0,0.0,0.0,0.0,0.0,0.0,0.0,0.0,0.0,0.0,0.0,0.0,0.0,0.0,0.0,0.0,0.0,0.0,0.0,0.0,0.0,0.0,0.0,0.0,0.0,0.0,0.0,0.0,0.0,0.0,0.0,0.0,0.0,0.0,0.0,0.0,0.0,0.0,0.0,0.0,0.0,0.0,0.0,0.0,0.0,0.0,0.0,0.0,0.0,0.0,0.0,0.0,0.0,0.0,0.0,0.0,0.0,0.0,0.0,0.0,0.0,0.0,0.0,0.0,0.0,0.0,0.0,0.0,0.0,0.0,0.0,0.0,0.0,0.0,0.0,0.0,0.0,0.0,0.0,0.0,0.0,0.0,0.0
2017-05-26 21:08:00+02:00,0.0,0.0,0.0,0.0,0.0,0.0,0.0,0.0,0.0,0.0,0.0,0.0,0.0,0.0,0.0,0.0,0.0,0.0,0.0,0.0,0.0,0.0,0.0,0.0,0.0,0.0,0.0,0.0,0.0,0.0,0.0,0.0,0.0,0.0,0.0,0.0,0.0,0.0,0.0,0.0,0.0,0.0,0.0,0.0,0.0,0.0,0.0,0.0,0.0,0.0,0.0,0.0,0.0,0.0,0.0,0.0,0.0,0.0,0.0,0.0,0.0,0.0,0.0,0.0,0.0,0.0,0.0,0.0,0.0,0.0,0.0,0.0,0.0,0.0,0.0,0.0,0.0,0.0,0.0,0.0,0.0,0.0,0.0,0.0,0.0,0.0,0.0,0.0,0.0,0.0,0.0,0.0,0.0,0.0,0.0,0.0,0.0,0.0,0.0,0.0,0.0,0.0,0.0,0.0,0.0,0.0,0.0,0.0,0.0,0.0,0.0,0.0,0.0,0.0,0.0,0.0,0.0,0.0
2017-05-26 21:09:00+02:00,0.0,0.0,0.0,0.0,0.0,0.0,0.0,0.0,0.0,0.0,0.0,0.0,0.0,0.0,0.0,0.0,0.0,0.0,0.0,0.0,0.0,0.0,0.0,0.0,0.0,0.0,0.0,0.0,0.0,0.0,0.0,0.0,0.0,0.0,0.0,0.0,0.0,0.0,0.0,0.0,0.0,0.0,0.0,0.0,0.0,0.0,0.0,0.0,0.0,0.0,0.0,0.0,0.0,0.0,0.0,0.0,0.0,0.0,0.0,0.0,0.0,0.0,0.0,0.0,0.0,0.0,0.0,0.0,0.0,0.0,0.0,0.0,0.0,0.0,0.0,0.0,0.0,0.0,0.0,0.0,0.0,0.0,0.0,0.0,0.0,0.0,0.0,0.0,0.0,0.0,0.0,0.0,0.0,0.0,0.0,0.0,0.0,0.0,0.0,0.0,0.0,0.0,0.0,0.0,0.0,0.0,0.0,0.0,0.0,0.0,0.0,0.0,0.0,0.0,0.0,0.0,0.0,0.0
2017-05-26 21:10:00+02:00,0.0,0.0,0.0,0.0,0.0,0.0,0.0,0.0,0.0,0.0,0.0,0.0,0.0,0.0,0.0,0.0,0.0,0.0,0.0,0.0,0.0,0.0,0.0,0.0,0.0,0.0,0.0,0.0,0.0,0.0,0.0,0.0,0.0,0.0,0.0,0.0,0.0,0.0,0.0,0.0,0.0,0.0,0.0,0.0,0.0,0.0,0.0,0.0,0.0,0.0,0.0,0.0,0.0,0.0,0.0,0.0,0.0,0.0,0.0,0.0,0.0,0.0,0.0,0.0,0.0,0.0,0.0,0.0,0.0,0.0,0.0,0.0,0.0,0.0,0.0,0.0,0.0,0.0,0.0,0.0,0.0,0.0,0.0,0.0,0.0,0.0,0.0,0.0,0.0,0.0,0.0,0.0,0.0,0.0,0.0,0.0,0.0,0.0,0.0,0.0,0.0,0.0,0.0,0.0,0.0,0.0,0.0,0.0,0.0,0.0,0.0,0.0,0.0,0.0,0.0,0.0,0.0,0.0
2017-05-26 21:11:00+02:00,0.0,0.0,0.0,0.0,0.0,0.0,0.0,0.0,0.0,0.0,0.0,0.0,0.0,0.0,0.0,0.0,0.0,0.0,0.0,0.0,0.0,0.0,0.0,0.0,0.0,0.0,0.0,0.0,0.0,0.0,0.0,0.0,0.0,0.0,0.0,0.0,0.0,0.0,0.0,0.0,0.0,0.0,0.0,0.0,0.0,0.0,0.0,0.0,0.0,0.0,0.0,0.0,0.0,0.0,0.0,0.0,0.0,0.0,0.0,0.0,0.0,0.0,0.0,0.0,0.0,0.0,0.0,0.0,0.0,0.0,0.0,0.0,0.0,0.0,0.0,0.0,0.0,0.0,0.0,0.0,0.0,0.0,0.0,0.0,0.0,0.0,0.0,0.0,0.0,0.0,0.0,0.0,0.0,0.0,0.0,0.0,0.0,0.0,0.0,0.0,0.0,0.0,0.0,0.0,0.0,0.0,0.0,0.0,0.0,0.0,0.0,0.0,0.0,0.0,0.0,0.0,0.0,0.0
2017-05-26 21:12:00+02:00,0.0,0.0,0.0,0.0,0.0,0.0,0.0,0.0,0.0,0.0,0.0,0.0,0.0,0.0,0.0,0.0,0.0,0.0,0.0,0.0,0.0,0.0,0.0,0.0,0.0,0.0,0.0,0.0,0.0,0.0,0.0,0.0,0.0,0.0,0.0,0.0,0.0,0.0,0.0,0.0,0.0,0.0,0.0,0.0,0.0,0.0,0.0,0.0,0.0,0.0,0.0,0.0,0.0,0.0,0.0,0.0,0.0,0.0,0.0,0.0,0.0,0.0,0.0,0.0,0.0,0.0,0.0,0.0,0.0,0.0,0.0,0.0,0.0,0.0,0.0,0.0,0.0,0.0,0.0,0.0,0.0,0.0,0.0,0.0,0.0,0.0,0.0,0.0,0.0,0.0,0.0,0.0,0.0,0.0,0.0,0.0,0.0,0.0,0.0,0.0,0.0,0.0,0.0,0.0,0.0,0.0,0.0,0.0,0.0,0.0,0.0,0.0,0.0,0.0,0.0,0.0,0.0,0.0
2017-05-26 21:13:00+02:00,0.0,0.0,0.0,0.0,0.0,0.0,0.0,0.0,0.0,0.0,0.0,0.0,0.0,0.0,0.0,0.0,0.0,0.0,0.0,0.0,0.0,0.0,0.0,0.0,0.0,0.0,0.0,0.0,0.0,0.0,0.0,0.0,0.0,0.0,0.0,0.0,0.0,0.0,0.0,0.0,0.0,0.0,0.0,0.0,0.0,0.0,0.0,0.0,0.0,0.0,0.0,0.0,0.0,0.0,0.0,0.0,0.0,0.0,0.0,0.0,0.0,0.0,0.0,0.0,0.0,0.0,0.0,0.0,0.0,0.0,0.0,0.0,0.0,0.0,0.0,0.0,0.0,0.0,0.0,0.0,0.0,0.0,0.0,0.0,0.0,0.0,0.0,0.0,0.0,0.0,0.0,0.0,0.0,0.0,0.0,0.0,0.0,0.0,0.0,0.0,0.0,0.0,0.0,0.0,0.0,0.0,0.0,0.0,0.0,0.0,0.0,0.0,0.0,0.0,0.0,0.0,0.0,0.0
2017-05-26 21:14:00+02:00,0.0,0.0,0.0,0.0,0.0,0.0,0.0,0.0,0.0,0.0,0.0,0.0,0.0,0.0,0.0,0.0,0.0,0.0,0.0,0.0,0.0,0.0,0.0,0.0,0.0,0.0,0.0,0.0,0.0,0.0,0.0,0.0,0.0,0.0,0.0,0.0,0.0,0.0,0.0,0.0,0.0,0.0,0.0,0.0,0.0,0.0,0.0,0.0,0.0,0.0,0.0,0.0,0.0,0.0,0.0,0.0,0.0,0.0,0.0,0.0,0.0,0.0,0.0,0.0,0.0,0.0,0.0,0.0,0.0,0.0,0.0,0.0,0.0,0.0,0.0,0.0,0.0,0.0,0.0,0.0,0.0,0.0,0.0,0.0,0.0,0.0,0.0,0.0,0.0,0.0,0.0,0.0,0.0,0.0,0.0,0.0,0.0,0.0,0.0,0.0,0.0,0.0,0.0,0.0,0.0,0.0,0.0,0.0,0.0,0.0,0.0,0.0,0.0,0.0,0.0,0.0,0.0,0.0
2017-05-26 21:15:00+02:00,0.0,0.0,0.0,0.0,0.0,0.0,0.0,0.0,0.0,0.0,0.0,0.0,0.0,0.0,0.0,0.0,0.0,0.0,0.0,0.0,0.0,0.0,0.0,0.0,0.0,0.0,0.0,0.0,0.0,0.0,0.0,0.0,0.0,0.0,0.0,0.0,0.0,0.0,0.0,0.0,0.0,0.0,0.0,0.0,0.0,0.0,0.0,0.0,0.0,0.0,0.0,0.0,0.0,0.0,0.0,0.0,0.0,0.0,0.0,0.0,0.0,0.0,0.0,0.0,0.0,0.0,0.0,0.0,0.0,0.0,0.0,0.0,0.0,0.0,0.0,0.0,0.0,0.0,0.0,0.0,0.0,0.0,0.0,0.0,0.0,0.0,0.0,0.0,0.0,0.0,0.0,0.0,0.0,0.0,0.0,0.0,0.0,0.0,0.0,0.0,0.0,0.0,0.0,0.0,0.0,0.0,0.0,0.0,0.0,0.0,0.0,0.0,0.0,0.0,0.0,0.0,0.0,0.0
2017-05-26 21:16:00+02:00,0.0,0.0,0.0,0.0,0.0,0.0,0.0,0.0,0.0,0.0,0.0,0.0,0.0,0.0,0.0,0.0,0.0,0.0,0.0,0.0,0.0,0.0,0.0,0.0,0.0,0.0,0.0,0.0,0.0,0.0,0.0,0.0,0.0,0.0,0.0,0.0,0.0,0.0,0.0,0.0,0.0,0.0,0.0,0.0,0.0,0.0,0.0,0.0,0.0,0.0,0.0,0.0,0.0,0.0,0.0,0.0,0.0,0.0,0.0,0.0,0.0,0.0,0.0,0.0,0.0,0.0,0.0,0.0,0.0,0.0,0.0,0.0,0.0,0.0,0.0,0.0,0.0,0.0,0.0,0.0,0.0,0.0,0.0,0.0,0.0,0.0,0.0,0.0,0.0,0.0,0.0,0.0,0.0,0.0,0.0,0.0,0.0,0.0,0.0,0.0,0.0,0.0,0.0,0.0,0.0,0.0,0.0,0.0,0.0,0.0,0.0,0.0,0.0,0.0,0.0,0.0,0.0,0.0
2017-05-26 21:17:00+02:00,0.0,0.0,0.0,0.0,0.0,0.0,0.0,0.0,0.0,0.0,0.0,0.0,0.0,0.0,0.0,0.0,0.0,0.0,0.0,0.0,0.0,0.0,0.0,0.0,0.0,0.0,0.0,0.0,0.0,0.0,0.0,0.0,0.0,0.0,0.0,0.0,0.0,0.0,0.0,0.0,0.0,0.0,0.0,0.0,0.0,0.0,0.0,0.0,0.0,0.0,0.0,0.0,0.0,0.0,0.0,0.0,0.0,0.0,0.0,0.0,0.0,0.0,0.0,0.0,0.0,0.0,0.0,0.0,0.0,0.0,0.0,0.0,0.0,0.0,0.0,0.0,0.0,0.0,0.0,0.0,0.0,0.0,0.0,0.0,0.0,0.0,0.0,0.0,0.0,0.0,0.0,0.0,0.0,0.0,0.0,0.0,0.0,0.0,0.0,0.0,0.0,0.0,0.0,0.0,0.0,0.0,0.0,0.0,0.0,0.0,0.0,0.0,0.0,0.0,0.0,0.0,0.0,0.0
2017-05-26 21:18:00+02:00,0.0,0.0,0.0,0.0,0.0,0.0,0.0,0.0,0.0,0.0,0.0,0.0,0.0,0.0,0.0,0.0,0.0,0.0,0.0,0.0,0.0,0.0,0.0,0.0,0.0,0.0,0.0,0.0,0.0,0.0,0.0,0.0,0.0,0.0,0.0,0.0,0.0,0.0,0.0,0.0,0.0,0.0,0.0,0.0,0.0,0.0,0.0,0.0,0.0,0.0,0.0,0.0,0.0,0.0,0.0,0.0,0.0,0.0,0.0,0.0,0.0,0.0,0.0,0.0,0.0,0.0,0.0,0.0,0.0,0.0,0.0,0.0,0.0,0.0,0.0,0.0,0.0,0.0,0.0,0.0,0.0,0.0,0.0,0.0,0.0,0.0,0.0,0.0,0.0,0.0,0.0,0.0,0.0,0.0,0.0,0.0,0.0,0.0,0.0,0.0,0.0,0.0,0.0,0.0,0.0,0.0,0.0,0.0,0.0,0.0,0.0,0.0,0.0,0.0,0.0,0.0,0.0,0.0
2017-05-26 21:19:00+02:00,0.0,0.0,0.0,0.0,0.0,0.0,0.0,0.0,0.0,0.0,0.0,0.0,0.0,0.0,0.0,0.0,0.0,0.0,0.0,0.0,0.0,0.0,0.0,0.0,0.0,0.0,0.0,0.0,0.0,0.0,0.0,0.0,0.0,0.0,0.0,0.0,0.0,0.0,0.0,0.0,0.0,0.0,0.0,0.0,0.0,0.0,0.0,0.0,0.0,0.0,0.0,0.0,0.0,0.0,0.0,0.0,0.0,0.0,0.0,0.0,0.0,0.0,0.0,0.0,0.0,0.0,0.0,0.0,0.0,0.0,0.0,0.0,0.0,0.0,0.0,0.0,0.0,0.0,0.0,0.0,0.0,0.0,0.0,0.0,0.0,0.0,0.0,0.0,0.0,0.0,0.0,0.0,0.0,0.0,0.0,0.0,0.0,0.0,0.0,0.0,0.0,0.0,0.0,0.0,0.0,0.0,0.0,0.0,0.0,0.0,0.0,0.0,0.0,0.0,0.0,0.0,0.0,0.0
2017-05-26 21:20:00+02:00,0.0,0.0,0.0,0.0,0.0,0.0,0.0,0.0,0.0,0.0,0.0,0.0,0.0,0.0,0.0,0.0,0.0,0.0,0.0,0.0,0.0,0.0,0.0,0.0,0.0,0.0,0.0,0.0,0.0,0.0,0.0,0.0,0.0,0.0,0.0,0.0,0.0,0.0,0.0,0.0,0.0,0.0,0.0,0.0,0.0,0.0,0.0,0.0,0.0,0.0,0.0,0.0,0.0,0.0,0.0,0.0,0.0,0.0,0.0,0.0,0.0,0.0,0.0,0.0,0.0,0.0,0.0,0.0,0.0,0.0,0.0,0.0,0.0,0.0,0.0,0.0,0.0,0.0,0.0,0.0,0.0,0.0,0.0,0.0,0.0,0.0,0.0,0.0,0.0,0.0,0.0,0.0,0.0,0.0,0.0,0.0,0.0,0.0,0.0,0.0,0.0,0.0,0.0,0.0,0.0,0.0,0.0,0.0,0.0,0.0,0.0,0.0,0.0,0.0,0.0,0.0,0.0,0.0
2017-05-26 21:21:00+02:00,0.0,0.0,0.0,0.0,0.0,0.0,0.0,0.0,0.0,0.0,0.0,0.0,0.0,0.0,0.0,0.0,0.0,0.0,0.0,0.0,0.0,0.0,0.0,0.0,0.0,0.0,0.0,0.0,0.0,0.0,0.0,0.0,0.0,0.0,0.0,0.0,0.0,0.0,0.0,0.0,0.0,0.0,0.0,0.0,0.0,0.0,0.0,0.0,0.0,0.0,0.0,0.0,0.0,0.0,0.0,0.0,0.0,0.0,0.0,0.0,0.0,0.0,0.0,0.0,0.0,0.0,0.0,0.0,0.0,0.0,0.0,0.0,0.0,0.0,0.0,0.0,0.0,0.0,0.0,0.0,0.0,0.0,0.0,0.0,0.0,0.0,0.0,0.0,0.0,0.0,0.0,0.0,0.0,0.0,0.0,0.0,0.0,0.0,0.0,0.0,0.0,0.0,0.0,0.0,0.0,0.0,0.0,0.0,0.0,0.0,0.0,0.0,0.0,0.0,0.0,0.0,0.0,0.0
2017-05-26 21:22:00+02:00,0.0,0.0,0.0,0.0,0.0,0.0,0.0,0.0,0.0,0.0,0.0,0.0,0.0,0.0,0.0,0.0,0.0,0.0,0.0,0.0,0.0,0.0,0.0,0.0,0.0,0.0,0.0,0.0,0.0,0.0,0.0,0.0,0.0,0.0,0.0,0.0,0.0,0.0,0.0,0.0,0.0,0.0,0.0,0.0,0.0,0.0,0.0,0.0,0.0,0.0,0.0,0.0,0.0,0.0,0.0,0.0,0.0,0.0,0.0,0.0,0.0,0.0,0.0,0.0,0.0,0.0,0.0,0.0,0.0,0.0,0.0,0.0,0.0,0.0,0.0,0.0,0.0,0.0,0.0,0.0,0.0,0.0,0.0,0.0,0.0,0.0,0.0,0.0,0.0,0.0,0.0,0.0,0.0,0.0,0.0,0.0,0.0,0.0,0.0,0.0,0.0,0.0,0.0,0.0,0.0,0.0,0.0,0.0,0.0,0.0,0.0,0.0,0.0,0.0,0.0,0.0,0.0,0.0
2017-05-26 21:23:00+02:00,0.0,0.0,0.0,0.0,0.0,0.0,0.0,0.0,0.0,0.0,0.0,0.0,0.0,0.0,0.0,0.0,0.0,0.0,0.0,0.0,0.0,0.0,0.0,0.0,0.0,0.0,0.0,0.0,0.0,0.0,0.0,0.0,0.0,0.0,0.0,0.0,0.0,0.0,0.0,0.0,0.0,0.0,0.0,0.0,0.0,0.0,0.0,0.0,0.0,0.0,0.0,0.0,0.0,0.0,0.0,0.0,0.0,0.0,0.0,0.0,0.0,0.0,0.0,0.0,0.0,0.0,0.0,0.0,0.0,0.0,0.0,0.0,0.0,0.0,0.0,0.0,0.0,0.0,0.0,0.0,0.0,0.0,0.0,0.0,0.0,0.0,0.0,0.0,0.0,0.0,0.0,0.0,0.0,0.0,0.0,0.0,0.0,0.0,0.0,0.0,0.0,0.0,0.0,0.0,0.0,0.0,0.0,0.0,0.0,0.0,0.0,0.0,0.0,0.0,0.0,0.0,0.0,0.0
2017-05-26 21:24:00+02:00,0.0,0.0,0.0,0.0,0.0,0.0,0.0,0.0,0.0,0.0,0.0,0.0,0.0,0.0,0.0,0.0,0.0,0.0,0.0,0.0,0.0,0.0,0.0,0.0,0.0,0.0,0.0,0.0,0.0,0.0,0.0,0.0,0.0,0.0,0.0,0.0,0.0,0.0,0.0,0.0,0.0,0.0,0.0,0.0,0.0,0.0,0.0,0.0,0.0,0.0,0.0,0.0,0.0,0.0,0.0,0.0,0.0,0.0,0.0,0.0,0.0,0.0,0.0,0.0,0.0,0.0,0.0,0.0,0.0,0.0,0.0,0.0,0.0,0.0,0.0,0.0,0.0,0.0,0.0,0.0,0.0,0.0,0.0,0.0,0.0,0.0,0.0,0.0,0.0,0.0,0.0,0.0,0.0,0.0,0.0,0.0,0.0,0.0,0.0,0.0,0.0,0.0,0.0,0.0,0.0,0.0,0.0,0.0,0.0,0.0,0.0,0.0,0.0,0.0,0.0,0.0,0.0,0.0
2017-05-26 21:25:00+02:00,0.0,0.0,0.0,0.0,0.0,0.0,0.0,0.0,0.0,0.0,0.0,0.0,0.0,0.0,0.0,0.0,0.0,0.0,0.0,0.0,0.0,0.0,0.0,0.0,0.0,0.0,0.0,0.0,0.0,0.0,0.0,0.0,0.0,0.0,0.0,0.0,0.0,0.0,0.0,0.0,0.0,0.0,0.0,0.0,0.0,0.0,0.0,0.0,0.0,0.0,0.0,0.0,0.0,0.0,0.0,0.0,0.0,0.0,0.0,0.0,0.0,0.0,0.0,0.0,0.0,0.0,0.0,0.0,0.0,0.0,0.0,0.0,0.0,0.0,0.0,0.0,0.0,0.0,0.0,0.0,0.0,0.0,0.0,0.0,0.0,0.0,0.0,0.0,0.0,0.0,0.0,0.0,0.0,0.0,0.0,0.0,0.0,0.0,0.0,0.0,0.0,0.0,0.0,0.0,0.0,0.0,0.0,0.0,0.0,0.0,0.0,0.0,0.0,0.0,0.0,0.0,0.0,0.0
2017-05-26 21:26:00+02:00,0.0,0.0,0.0,0.0,0.0,0.0,0.0,0.0,0.0,0.0,0.0,0.0,0.0,0.0,0.0,0.0,0.0,0.0,0.0,0.0,0.0,0.0,0.0,0.0,0.0,0.0,0.0,0.0,0.0,0.0,0.0,0.0,0.0,0.0,0.0,0.0,0.0,0.0,0.0,0.0,0.0,0.0,0.0,0.0,0.0,0.0,0.0,0.0,0.0,0.0,0.0,0.0,0.0,0.0,0.0,0.0,0.0,0.0,0.0,0.0,0.0,0.0,0.0,0.0,0.0,0.0,0.0,0.0,0.0,0.0,0.0,0.0,0.0,0.0,0.0,0.0,0.0,0.0,0.0,0.0,0.0,0.0,0.0,0.0,0.0,0.0,0.0,0.0,0.0,0.0,0.0,0.0,0.0,0.0,0.0,0.0,0.0,0.0,0.0,0.0,0.0,0.0,0.0,0.0,0.0,0.0,0.0,0.0,0.0,0.0,0.0,0.0,0.0,0.0,0.0,0.0,0.0,0.0
2017-05-26 21:27:00+02:00,0.0,0.0,0.0,0.0,0.0,0.0,0.0,0.0,0.0,0.0,0.0,0.0,0.0,0.0,0.0,0.0,0.0,0.0,0.0,0.0,0.0,0.0,0.0,0.0,0.0,0.0,0.0,0.0,0.0,0.0,0.0,0.0,0.0,0.0,0.0,0.0,0.0,0.0,0.0,0.0,0.0,0.0,0.0,0.0,0.0,0.0,0.0,0.0,0.0,0.0,0.0,0.0,0.0,0.0,0.0,0.0,0.0,0.0,0.0,0.0,0.0,0.0,0.0,0.0,0.0,0.0,0.0,0.0,0.0,0.0,0.0,0.0,0.0,0.0,0.0,0.0,0.0,0.0,0.0,0.0,0.0,0.0,0.0,0.0,0.0,0.0,0.0,0.0,0.0,0.0,0.0,0.0,0.0,0.0,0.0,0.0,0.0,0.0,0.0,0.0,0.0,0.0,0.0,0.0,0.0,0.0,0.0,0.0,0.0,0.0,0.0,0.0,0.0,0.0,0.0,0.0,0.0,0.0
2017-05-26 21:28:00+02:00,0.0,0.0,0.0,0.0,0.0,0.0,0.0,0.0,0.0,0.0,0.0,0.0,0.0,0.0,0.0,0.0,0.0,0.0,0.0,0.0,0.0,0.0,0.0,0.0,0.0,0.0,0.0,0.0,0.0,0.0,0.0,0.0,0.0,0.0,0.0,0.0,0.0,0.0,0.0,0.0,0.0,0.0,0.0,0.0,0.0,0.0,0.0,0.0,0.0,0.0,0.0,0.0,0.0,0.0,0.0,0.0,0.0,0.0,0.0,0.0,0.0,0.0,0.0,0.0,0.0,0.0,0.0,0.0,0.0,0.0,0.0,0.0,0.0,0.0,0.0,0.0,0.0,0.0,0.0,0.0,0.0,0.0,0.0,0.0,0.0,0.0,0.0,0.0,0.0,0.0,0.0,0.0,0.0,0.0,0.0,0.0,0.0,0.0,0.0,0.0,0.0,0.0,0.0,0.0,0.0,0.0,0.0,0.0,0.0,0.0,0.0,0.0,0.0,0.0,0.0,0.0,0.0,0.0
2017-05-26 21:29:00+02:00,0.0,0.0,0.0,0.0,0.0,0.0,0.0,0.0,0.0,0.0,0.0,0.0,0.0,0.0,0.0,0.0,0.0,0.0,0.0,0.0,0.0,0.0,0.0,0.0,0.0,0.0,0.0,0.0,0.0,0.0,0.0,0.0,0.0,0.0,0.0,0.0,0.0,0.0,0.0,0.0,0.0,0.0,0.0,0.0,0.0,0.0,0.0,0.0,0.0,0.0,0.0,0.0,0.0,0.0,0.0,0.0,0.0,0.0,0.0,0.0,0.0,0.0,0.0,0.0,0.0,0.0,0.0,0.0,0.0,0.0,0.0,0.0,0.0,0.0,0.0,0.0,0.0,0.0,0.0,0.0,0.0,0.0,0.0,0.0,0.0,0.0,0.0,0.0,0.0,0.0,0.0,0.0,0.0,0.0,0.0,0.0,0.0,0.0,0.0,0.0,0.0,0.0,0.0,0.0,0.0,0.0,0.0,0.0,0.0,0.0,0.0,0.0,0.0,0.0,0.0,0.0,0.0,0.0
2017-05-26 21:30:00+02:00,0.0,0.0,0.0,0.0,0.0,0.0,0.0,0.0,0.0,0.0,0.0,0.0,0.0,0.0,0.0,0.0,0.0,0.0,0.0,0.0,0.0,0.0,0.0,0.0,0.0,0.0,0.0,0.0,0.0,0.0,0.0,0.0,0.0,0.0,0.0,0.0,0.0,0.0,0.0,0.0,0.0,0.0,0.0,0.0,0.0,0.0,0.0,0.0,0.0,0.0,0.0,0.0,0.0,0.0,0.0,0.0,0.0,0.0,0.0,0.0,0.0,0.0,0.0,0.0,0.0,0.0,0.0,0.0,0.0,0.0,0.0,0.0,0.0,0.0,0.0,0.0,0.0,0.0,0.0,0.0,0.0,0.0,0.0,0.0,0.0,0.0,0.0,0.0,0.0,0.0,0.0,0.0,0.0,0.0,0.0,0.0,0.0,0.0,0.0,0.0,0.0,0.0,0.0,0.0,0.0,0.0,0.0,0.0,0.0,0.0,0.0,0.0,0.0,0.0,0.0,0.0,0.0,0.0
2017-05-26 21:31:00+02:00,0.0,0.0,0.0,0.0,0.0,0.0,0.0,0.0,0.0,0.0,0.0,0.0,0.0,0.0,0.0,0.0,0.0,0.0,0.0,0.0,0.0,0.0,0.0,0.0,0.0,0.0,0.0,0.0,0.0,0.0,0.0,0.0,0.0,0.0,0.0,0.0,0.0,0.0,0.0,0.0,0.0,0.0,0.0,0.0,0.0,0.0,0.0,0.0,0.0,0.0,0.0,0.0,0.0,0.0,0.0,0.0,0.0,0.0,0.0,0.0,0.0,0.0,0.0,0.0,0.0,0.0,0.0,0.0,0.0,0.0,0.0,0.0,0.0,0.0,0.0,0.0,0.0,0.0,0.0,0.0,0.0,0.0,0.0,0.0,0.0,0.0,0.0,0.0,0.0,0.0,0.0,0.0,0.0,0.0,0.0,0.0,0.0,0.0,0.0,0.0,0.0,0.0,0.0,0.0,0.0,0.0,0.0,0.0,0.0,0.0,0.0,0.0,0.0,0.0,0.0,0.0,0.0,0.0
2017-05-26 21:32:00+02:00,0.0,0.0,0.0,0.0,0.0,0.0,0.0,0.0,0.0,0.0,0.0,0.0,0.0,0.0,0.0,0.0,0.0,0.0,0.0,0.0,0.0,0.0,0.0,0.0,0.0,0.0,0.0,0.0,0.0,0.0,0.0,0.0,0.0,0.0,0.0,0.0,0.0,0.0,0.0,0.0,0.0,0.0,0.0,0.0,0.0,0.0,0.0,0.0,0.0,0.0,0.0,0.0,0.0,0.0,0.0,0.0,0.0,0.0,0.0,0.0,0.0,0.0,0.0,0.0,0.0,0.0,0.0,0.0,0.0,0.0,0.0,0.0,0.0,0.0,0.0,0.0,0.0,0.0,0.0,0.0,0.0,0.0,0.0,0.0,0.0,0.0,0.0,0.0,0.0,0.0,0.0,0.0,0.0,0.0,0.0,0.0,0.0,0.0,0.0,0.0,0.0,0.0,0.0,0.0,0.0,0.0,0.0,0.0,0.0,0.0,0.0,0.0,0.0,0.0,0.0,0.0,0.0,0.0
2017-05-26 21:33:00+02:00,0.0,0.0,0.0,0.0,0.0,0.0,0.0,0.0,0.0,0.0,0.0,0.0,0.0,0.0,0.0,0.0,0.0,0.0,0.0,0.0,0.0,0.0,0.0,0.0,0.0,0.0,0.0,0.0,0.0,0.0,0.0,0.0,0.0,0.0,0.0,0.0,0.0,0.0,0.0,0.0,0.0,0.0,0.0,0.0,0.0,0.0,0.0,0.0,0.0,0.0,0.0,0.0,0.0,0.0,0.0,0.0,0.0,0.0,0.0,0.0,0.0,0.0,0.0,0.0,0.0,0.0,0.0,0.0,0.0,0.0,0.0,0.0,0.0,0.0,0.0,0.0,0.0,0.0,0.0,0.0,0.0,0.0,0.0,0.0,0.0,0.0,0.0,0.0,0.0,0.0,0.0,0.0,0.0,0.0,0.0,0.0,0.0,0.0,0.0,0.0,0.0,0.0,0.0,0.0,0.0,0.0,0.0,0.0,0.0,0.0,0.0,0.0,0.0,0.0,0.0,0.0,0.0,0.0
2017-05-26 21:34:00+02:00,0.0,0.0,0.0,0.0,0.0,0.0,0.0,0.0,0.0,0.0,0.0,0.0,0.0,0.0,0.0,0.0,0.0,0.0,0.0,0.0,0.0,0.0,0.0,0.0,0.0,0.0,0.0,0.0,0.0,0.0,0.0,0.0,0.0,0.0,0.0,0.0,0.0,0.0,0.0,0.0,0.0,0.0,0.0,0.0,0.0,0.0,0.0,0.0,0.0,0.0,0.0,0.0,0.0,0.0,0.0,0.0,0.0,0.0,0.0,0.0,0.0,0.0,0.0,0.0,0.0,0.0,0.0,0.0,0.0,0.0,0.0,0.0,0.0,0.0,0.0,0.0,0.0,0.0,0.0,0.0,0.0,0.0,0.0,0.0,0.0,0.0,0.0,0.0,0.0,0.0,0.0,0.0,0.0,0.0,0.0,0.0,0.0,0.0,0.0,0.0,0.0,0.0,0.0,0.0,0.0,0.0,0.0,0.0,0.0,0.0,0.0,0.0,0.0,0.0,0.0,0.0,0.0,0.0
2017-05-26 21:35:00+02:00,0.0,0.0,0.0,0.0,0.0,0.0,0.0,0.0,0.0,0.0,0.0,0.0,0.0,0.0,0.0,0.0,0.0,0.0,0.0,0.0,0.0,0.0,0.0,0.0,0.0,0.0,0.0,0.0,0.0,0.0,0.0,0.0,0.0,0.0,0.0,0.0,0.0,0.0,0.0,0.0,0.0,0.0,0.0,0.0,0.0,0.0,0.0,0.0,0.0,0.0,0.0,0.0,0.0,0.0,0.0,0.0,0.0,0.0,0.0,0.0,0.0,0.0,0.0,0.0,0.0,0.0,0.0,0.0,0.0,0.0,0.0,0.0,0.0,0.0,0.0,0.0,0.0,0.0,0.0,0.0,0.0,0.0,0.0,0.0,0.0,0.0,0.0,0.0,0.0,0.0,0.0,0.0,0.0,0.0,0.0,0.0,0.0,0.0,0.0,0.0,0.0,0.0,0.0,0.0,0.0,0.0,0.0,0.0,0.0,0.0,0.0,0.0,0.0,0.0,0.0,0.0,0.0,0.0
2017-05-26 21:36:00+02:00,0.0,0.0,0.0,0.0,0.0,0.0,0.0,0.0,0.0,0.0,0.0,0.0,0.0,0.0,0.0,0.0,0.0,0.0,0.0,0.0,0.0,0.0,0.0,0.0,0.0,0.0,0.0,0.0,0.0,0.0,0.0,0.0,0.0,0.0,0.0,0.0,0.0,0.0,0.0,0.0,0.0,0.0,0.0,0.0,0.0,0.0,0.0,0.0,0.0,0.0,0.0,0.0,0.0,0.0,0.0,0.0,0.0,0.0,0.0,0.0,0.0,0.0,0.0,0.0,0.0,0.0,0.0,0.0,0.0,0.0,0.0,0.0,0.0,0.0,0.0,0.0,0.0,0.0,0.0,0.0,0.0,0.0,0.0,0.0,0.0,0.0,0.0,0.0,0.0,0.0,0.0,0.0,0.0,0.0,0.0,0.0,0.0,0.0,0.0,0.0,0.0,0.0,0.0,0.0,0.0,0.0,0.0,0.0,0.0,0.0,0.0,0.0,0.0,0.0,0.0,0.0,0.0,0.0
2017-05-26 21:37:00+02:00,0.0,0.0,0.0,0.0,0.0,0.0,0.0,0.0,0.0,0.0,0.0,0.0,0.0,0.0,0.0,0.0,0.0,0.0,0.0,0.0,0.0,0.0,0.0,0.0,0.0,0.0,0.0,0.0,0.0,0.0,0.0,0.0,0.0,0.0,0.0,0.0,0.0,0.0,0.0,0.0,0.0,0.0,0.0,0.0,0.0,0.0,0.0,0.0,0.0,0.0,0.0,0.0,0.0,0.0,0.0,0.0,0.0,0.0,0.0,0.0,0.0,0.0,0.0,0.0,0.0,0.0,0.0,0.0,0.0,0.0,0.0,0.0,0.0,0.0,0.0,0.0,0.0,0.0,0.0,0.0,0.0,0.0,0.0,0.0,0.0,0.0,0.0,0.0,0.0,0.0,0.0,0.0,0.0,0.0,0.0,0.0,0.0,0.0,0.0,0.0,0.0,0.0,0.0,0.0,0.0,0.0,0.0,0.0,0.0,0.0,0.0,0.0,0.0,0.0,0.0,0.0,0.0,0.0
2017-05-26 21:38:00+02:00,0.0,0.0,0.0,0.0,0.0,0.0,0.0,0.0,0.0,0.0,0.0,0.0,0.0,0.0,0.0,0.0,0.0,0.0,0.0,0.0,0.0,0.0,0.0,0.0,0.0,0.0,0.0,0.0,0.0,0.0,0.0,0.0,0.0,0.0,0.0,0.0,0.0,0.0,0.0,0.0,0.0,0.0,0.0,0.0,0.0,0.0,0.0,0.0,0.0,0.0,0.0,0.0,0.0,0.0,0.0,0.0,0.0,0.0,0.0,0.0,0.0,0.0,0.0,0.0,0.0,0.0,0.0,0.0,0.0,0.0,0.0,0.0,0.0,0.0,0.0,0.0,0.0,0.0,0.0,0.0,0.0,0.0,0.0,0.0,0.0,0.0,0.0,0.0,0.0,0.0,0.0,0.0,0.0,0.0,0.0,0.0,0.0,0.0,0.0,0.0,0.0,0.0,0.0,0.0,0.0,0.0,0.0,0.0,0.0,0.0,0.0,0.0,0.0,0.0,0.0,0.0,0.0,0.0
2017-05-26 21:39:00+02:00,0.0,0.0,0.0,0.0,0.0,0.0,0.0,0.0,0.0,0.0,0.0,0.0,0.0,0.0,0.0,0.0,0.0,0.0,0.0,0.0,0.0,0.0,0.0,0.0,0.0,0.0,0.0,0.0,0.0,0.0,0.0,0.0,0.0,0.0,0.0,0.0,0.0,0.0,0.0,0.0,0.0,0.0,0.0,0.0,0.0,0.0,0.0,0.0,0.0,0.0,0.0,0.0,0.0,0.0,0.0,0.0,0.0,0.0,0.0,0.0,0.0,0.0,0.0,0.0,0.0,0.0,0.0,0.0,0.0,0.0,0.0,0.0,0.0,0.0,0.0,0.0,0.0,0.0,0.0,0.0,0.0,0.0,0.0,0.0,0.0,0.0,0.0,0.0,0.0,0.0,0.0,0.0,0.0,0.0,0.0,0.0,0.0,0.0,0.0,0.0,0.0,0.0,0.0,0.0,0.0,0.0,0.0,0.0,0.0,0.0,0.0,0.0,0.0,0.0,0.0,0.0,0.0,0.0
2017-05-26 21:40:00+02:00,0.0,0.0,0.0,0.0,0.0,0.0,0.0,0.0,0.0,0.0,0.0,0.0,0.0,0.0,0.0,0.0,0.0,0.0,0.0,0.0,0.0,0.0,0.0,0.0,0.0,0.0,0.0,0.0,0.0,0.0,0.0,0.0,0.0,0.0,0.0,0.0,0.0,0.0,0.0,0.0,0.0,0.0,0.0,0.0,0.0,0.0,0.0,0.0,0.0,0.0,0.0,0.0,0.0,0.0,0.0,0.0,0.0,0.0,0.0,0.0,0.0,0.0,0.0,0.0,0.0,0.0,0.0,0.0,0.0,0.0,0.0,0.0,0.0,0.0,0.0,0.0,0.0,0.0,0.0,0.0,0.0,0.0,0.0,0.0,0.0,0.0,0.0,0.0,0.0,0.0,0.0,0.0,0.0,0.0,0.0,0.0,0.0,0.0,0.0,0.0,0.0,0.0,0.0,0.0,0.0,0.0,0.0,0.0,0.0,0.0,0.0,0.0,0.0,0.0,0.0,0.0,0.0,0.0
2017-05-26 21:41:00+02:00,0.0,0.0,0.0,0.0,0.0,0.0,0.0,0.0,0.0,0.0,0.0,0.0,0.0,0.0,0.0,0.0,0.0,0.0,0.0,0.0,0.0,0.0,0.0,0.0,0.0,0.0,0.0,0.0,0.0,0.0,0.0,0.0,0.0,0.0,0.0,0.0,0.0,0.0,0.0,0.0,0.0,0.0,0.0,0.0,0.0,0.0,0.0,0.0,0.0,0.0,0.0,0.0,0.0,0.0,0.0,0.0,0.0,0.0,0.0,0.0,0.0,0.0,0.0,0.0,0.0,0.0,0.0,0.0,0.0,0.0,0.0,0.0,0.0,0.0,0.0,0.0,0.0,0.0,0.0,0.0,0.0,0.0,0.0,0.0,0.0,0.0,0.0,0.0,0.0,0.0,0.0,0.0,0.0,0.0,0.0,0.0,0.0,0.0,0.0,0.0,0.0,0.0,0.0,0.0,0.0,0.0,0.0,0.0,0.0,0.0,0.0,0.0,0.0,0.0,0.0,0.0,0.0,0.0
2017-05-26 21:42:00+02:00,0.0,0.0,0.0,0.0,0.0,0.0,0.0,0.0,0.0,0.0,0.0,0.0,0.0,0.0,0.0,0.0,0.0,0.0,0.0,0.0,0.0,0.0,0.0,0.0,0.0,0.0,0.0,0.0,0.0,0.0,0.0,0.0,0.0,0.0,0.0,0.0,0.0,0.0,0.0,0.0,0.0,0.0,0.0,0.0,0.0,0.0,0.0,0.0,0.0,0.0,0.0,0.0,0.0,0.0,0.0,0.0,0.0,0.0,0.0,0.0,0.0,0.0,0.0,0.0,0.0,0.0,0.0,0.0,0.0,0.0,0.0,0.0,0.0,0.0,0.0,0.0,0.0,0.0,0.0,0.0,0.0,0.0,0.0,0.0,0.0,0.0,0.0,0.0,0.0,0.0,0.0,0.0,0.0,0.0,0.0,0.0,0.0,0.0,0.0,0.0,0.0,0.0,0.0,0.0,0.0,0.0,0.0,0.0,0.0,0.0,0.0,0.0,0.0,0.0,0.0,0.0,0.0,0.0
2017-05-26 21:43:00+02:00,0.0,0.0,0.0,0.0,0.0,0.0,0.0,0.0,0.0,0.0,0.0,0.0,0.0,0.0,0.0,0.0,0.0,0.0,0.0,0.0,0.0,0.0,0.0,0.0,0.0,0.0,0.0,0.0,0.0,0.0,0.0,0.0,0.0,0.0,0.0,0.0,0.0,0.0,0.0,0.0,0.0,0.0,0.0,0.0,0.0,0.0,0.0,0.0,0.0,0.0,0.0,0.0,0.0,0.0,0.0,0.0,0.0,0.0,0.0,0.0,0.0,0.0,0.0,0.0,0.0,0.0,0.0,0.0,0.0,0.0,0.0,0.0,0.0,0.0,0.0,0.0,0.0,0.0,0.0,0.0,0.0,0.0,0.0,0.0,0.0,0.0,0.0,0.0,0.0,0.0,0.0,0.0,0.0,0.0,0.0,0.0,0.0,0.0,0.0,0.0,0.0,0.0,0.0,0.0,0.0,0.0,0.0,0.0,0.0,0.0,0.0,0.0,0.0,0.0,0.0,0.0,0.0,0.0
2017-05-26 21:44:00+02:00,0.0,0.0,0.0,0.0,0.0,0.0,0.0,0.0,0.0,0.0,0.0,0.0,0.0,0.0,0.0,0.0,0.0,0.0,0.0,0.0,0.0,0.0,0.0,0.0,0.0,0.0,0.0,0.0,0.0,0.0,0.0,0.0,0.0,0.0,0.0,0.0,0.0,0.0,0.0,0.0,0.0,0.0,0.0,0.0,0.0,0.0,0.0,0.0,0.0,0.0,0.0,0.0,0.0,0.0,0.0,0.0,0.0,0.0,0.0,0.0,0.0,0.0,0.0,0.0,0.0,0.0,0.0,0.0,0.0,0.0,0.0,0.0,0.0,0.0,0.0,0.0,0.0,0.0,0.0,0.0,0.0,0.0,0.0,0.0,0.0,0.0,0.0,0.0,0.0,0.0,0.0,0.0,0.0,0.0,0.0,0.0,0.0,0.0,0.0,0.0,0.0,0.0,0.0,0.0,0.0,0.0,0.0,0.0,0.0,0.0,0.0,0.0,0.0,0.0,0.0,0.0,0.0,0.0
2017-05-26 21:45:00+02:00,0.0,0.0,0.0,0.0,0.0,0.0,0.0,0.0,0.0,0.0,0.0,0.0,0.0,0.0,0.0,0.0,0.0,0.0,0.0,0.0,0.0,0.0,0.0,0.0,0.0,0.0,0.0,0.0,0.0,0.0,0.0,0.0,0.0,0.0,0.0,0.0,0.0,0.0,0.0,0.0,0.0,0.0,0.0,0.0,0.0,0.0,0.0,0.0,0.0,0.0,0.0,0.0,0.0,0.0,0.0,0.0,0.0,0.0,0.0,0.0,0.0,0.0,0.0,0.0,0.0,0.0,0.0,0.0,0.0,0.0,0.0,0.0,0.0,0.0,0.0,0.0,0.0,0.0,0.0,0.0,0.0,0.0,0.0,0.0,0.0,0.0,0.0,0.0,0.0,0.0,0.0,0.0,0.0,0.0,0.0,0.0,0.0,0.0,0.0,0.0,0.0,0.0,0.0,0.0,0.0,0.0,0.0,0.0,0.0,0.0,0.0,0.0,0.0,0.0,0.0,0.0,0.0,0.0
2017-05-26 21:46:00+02:00,0.0,0.0,0.0,0.0,0.0,0.0,0.0,0.0,0.0,0.0,0.0,0.0,0.0,0.0,0.0,0.0,0.0,0.0,0.0,0.0,0.0,0.0,0.0,0.0,0.0,0.0,0.0,0.0,0.0,0.0,0.0,0.0,0.0,0.0,0.0,0.0,0.0,0.0,0.0,0.0,0.0,0.0,0.0,0.0,0.0,0.0,0.0,0.0,0.0,0.0,0.0,0.0,0.0,0.0,0.0,0.0,0.0,0.0,0.0,0.0,0.0,0.0,0.0,0.0,0.0,0.0,0.0,0.0,0.0,0.0,0.0,0.0,0.0,0.0,0.0,0.0,0.0,0.0,0.0,0.0,0.0,0.0,0.0,0.0,0.0,0.0,0.0,0.0,0.0,0.0,0.0,0.0,0.0,0.0,0.0,0.0,0.0,0.0,0.0,0.0,0.0,0.0,0.0,0.0,0.0,0.0,0.0,0.0,0.0,0.0,0.0,0.0,0.0,0.0,0.0,0.0,0.0,0.0
2017-05-26 21:47:00+02:00,0.0,0.0,0.0,0.0,0.0,0.0,0.0,0.0,0.0,0.0,0.0,0.0,0.0,0.0,0.0,0.0,0.0,0.0,0.0,0.0,0.0,0.0,0.0,0.0,0.0,0.0,0.0,0.0,0.0,0.0,0.0,0.0,0.0,0.0,0.0,0.0,0.0,0.0,0.0,0.0,0.0,0.0,0.0,0.0,0.0,0.0,0.0,0.0,0.0,0.0,0.0,0.0,0.0,0.0,0.0,0.0,0.0,0.0,0.0,0.0,0.0,0.0,0.0,0.0,0.0,0.0,0.0,0.0,0.0,0.0,0.0,0.0,0.0,0.0,0.0,0.0,0.0,0.0,0.0,0.0,0.0,0.0,0.0,0.0,0.0,0.0,0.0,0.0,0.0,0.0,0.0,0.0,0.0,0.0,0.0,0.0,0.0,0.0,0.0,0.0,0.0,0.0,0.0,0.0,0.0,0.0,0.0,0.0,0.0,0.0,0.0,0.0,0.0,0.0,0.0,0.0,0.0,0.0
2017-05-26 21:48:00+02:00,0.0,0.0,0.0,0.0,0.0,0.0,0.0,0.0,0.0,0.0,0.0,0.0,0.0,0.0,0.0,0.0,0.0,0.0,0.0,0.0,0.0,0.0,0.0,0.0,0.0,0.0,0.0,0.0,0.0,0.0,0.0,0.0,0.0,0.0,0.0,0.0,0.0,0.0,0.0,0.0,0.0,0.0,0.0,0.0,0.0,0.0,0.0,0.0,0.0,0.0,0.0,0.0,0.0,0.0,0.0,0.0,0.0,0.0,0.0,0.0,0.0,0.0,0.0,0.0,0.0,0.0,0.0,0.0,0.0,0.0,0.0,0.0,0.0,0.0,0.0,0.0,0.0,0.0,0.0,0.0,0.0,0.0,0.0,0.0,0.0,0.0,0.0,0.0,0.0,0.0,0.0,0.0,0.0,0.0,0.0,0.0,0.0,0.0,0.0,0.0,0.0,0.0,0.0,0.0,0.0,0.0,0.0,0.0,0.0,0.0,0.0,0.0,0.0,0.0,0.0,0.0,0.0,0.0
2017-05-26 21:49:00+02:00,0.0,0.0,0.0,0.0,0.0,0.0,0.0,0.0,0.0,0.0,0.0,0.0,0.0,0.0,0.0,0.0,0.0,0.0,0.0,0.0,0.0,0.0,0.0,0.0,0.0,0.0,0.0,0.0,0.0,0.0,0.0,0.0,0.0,0.0,0.0,0.0,0.0,0.0,0.0,0.0,0.0,0.0,0.0,0.0,0.0,0.0,0.0,0.0,0.0,0.0,0.0,0.0,0.0,0.0,0.0,0.0,0.0,0.0,0.0,0.0,0.0,0.0,0.0,0.0,0.0,0.0,0.0,0.0,0.0,0.0,0.0,0.0,0.0,0.0,0.0,0.0,0.0,0.0,0.0,0.0,0.0,0.0,0.0,0.0,0.0,0.0,0.0,0.0,0.0,0.0,0.0,0.0,0.0,0.0,0.0,0.0,0.0,0.0,0.0,0.0,0.0,0.0,0.0,0.0,0.0,0.0,0.0,0.0,0.0,0.0,0.0,0.0,0.0,0.0,0.0,0.0,0.0,0.0
2017-05-26 21:50:00+02:00,0.0,0.0,0.0,0.0,0.0,0.0,0.0,0.0,0.0,0.0,0.0,0.0,0.0,0.0,0.0,0.0,0.0,0.0,0.0,0.0,0.0,0.0,0.0,0.0,0.0,0.0,0.0,0.0,0.0,0.0,0.0,0.0,0.0,0.0,0.0,0.0,0.0,0.0,0.0,0.0,0.0,0.0,0.0,0.0,0.0,0.0,0.0,0.0,0.0,0.0,0.0,0.0,0.0,0.0,0.0,0.0,0.0,0.0,0.0,0.0,0.0,0.0,0.0,0.0,0.0,0.0,0.0,0.0,0.0,0.0,0.0,0.0,0.0,0.0,0.0,0.0,0.0,0.0,0.0,0.0,0.0,0.0,0.0,0.0,0.0,0.0,0.0,0.0,0.0,0.0,0.0,0.0,0.0,0.0,0.0,0.0,0.0,0.0,0.0,0.0,0.0,0.0,0.0,0.0,0.0,0.0,0.0,0.0,0.0,0.0,0.0,0.0,0.0,0.0,0.0,0.0,0.0,0.0
2017-05-26 21:51:00+02:00,0.0,0.0,0.0,0.0,0.0,0.0,0.0,0.0,0.0,0.0,0.0,0.0,0.0,0.0,0.0,0.0,0.0,0.0,0.0,0.0,0.0,0.0,0.0,0.0,0.0,0.0,0.0,0.0,0.0,0.0,0.0,0.0,0.0,0.0,0.0,0.0,0.0,0.0,0.0,0.0,0.0,0.0,0.0,0.0,0.0,0.0,0.0,0.0,0.0,0.0,0.0,0.0,0.0,0.0,0.0,0.0,0.0,0.0,0.0,0.0,0.0,0.0,0.0,0.0,0.0,0.0,0.0,0.0,0.0,0.0,0.0,0.0,0.0,0.0,0.0,0.0,0.0,0.0,0.0,0.0,0.0,0.0,0.0,0.0,0.0,0.0,0.0,0.0,0.0,0.0,0.0,0.0,0.0,0.0,0.0,0.0,0.0,0.0,0.0,0.0,0.0,0.0,0.0,0.0,0.0,0.0,0.0,0.0,0.0,0.0,0.0,0.0,0.0,0.0,0.0,0.0,0.0,0.0
2017-05-26 21:52:00+02:00,0.0,0.0,0.0,0.0,0.0,0.0,0.0,0.0,0.0,0.0,0.0,0.0,0.0,0.0,0.0,0.0,0.0,0.0,0.0,0.0,0.0,0.0,0.0,0.0,0.0,0.0,0.0,0.0,0.0,0.0,0.0,0.0,0.0,0.0,0.0,0.0,0.0,0.0,0.0,0.0,0.0,0.0,0.0,0.0,0.0,0.0,0.0,0.0,0.0,0.0,0.0,0.0,0.0,0.0,0.0,0.0,0.0,0.0,0.0,0.0,0.0,0.0,0.0,0.0,0.0,0.0,0.0,0.0,0.0,0.0,0.0,0.0,0.0,0.0,0.0,0.0,0.0,0.0,0.0,0.0,0.0,0.0,0.0,0.0,0.0,0.0,0.0,0.0,0.0,0.0,0.0,0.0,0.0,0.0,0.0,0.0,0.0,0.0,0.0,0.0,0.0,0.0,0.0,0.0,0.0,0.0,0.0,0.0,0.0,0.0,0.0,0.0,0.0,0.0,0.0,0.0,0.0,0.0
2017-05-26 21:53:00+02:00,0.0,0.0,0.0,0.0,0.0,0.0,0.0,0.0,0.0,0.0,0.0,0.0,0.0,0.0,0.0,0.0,0.0,0.0,0.0,0.0,0.0,0.0,0.0,0.0,0.0,0.0,0.0,0.0,0.0,0.0,0.0,0.0,0.0,0.0,0.0,0.0,0.0,0.0,0.0,0.0,0.0,0.0,0.0,0.0,0.0,0.0,0.0,0.0,0.0,0.0,0.0,0.0,0.0,0.0,0.0,0.0,0.0,0.0,0.0,0.0,0.0,0.0,0.0,0.0,0.0,0.0,0.0,0.0,0.0,0.0,0.0,0.0,0.0,0.0,0.0,0.0,0.0,0.0,0.0,0.0,0.0,0.0,0.0,0.0,0.0,0.0,0.0,0.0,0.0,0.0,0.0,0.0,0.0,0.0,0.0,0.0,0.0,0.0,0.0,0.0,0.0,0.0,0.0,0.0,0.0,0.0,0.0,0.0,0.0,0.0,0.0,0.0,0.0,0.0,0.0,0.0,0.0,0.0
2017-05-26 21:54:00+02:00,0.0,0.0,0.0,0.0,0.0,0.0,0.0,0.0,0.0,0.0,0.0,0.0,0.0,0.0,0.0,0.0,0.0,0.0,0.0,0.0,0.0,0.0,0.0,0.0,0.0,0.0,0.0,0.0,0.0,0.0,0.0,0.0,0.0,0.0,0.0,0.0,0.0,0.0,0.0,0.0,0.0,0.0,0.0,0.0,0.0,0.0,0.0,0.0,0.0,0.0,0.0,0.0,0.0,0.0,0.0,0.0,0.0,0.0,0.0,0.0,0.0,0.0,0.0,0.0,0.0,0.0,0.0,0.0,0.0,0.0,0.0,0.0,0.0,0.0,0.0,0.0,0.0,0.0,0.0,0.0,0.0,0.0,0.0,0.0,0.0,0.0,0.0,0.0,0.0,0.0,0.0,0.0,0.0,0.0,0.0,0.0,0.0,0.0,0.0,0.0,0.0,0.0,0.0,0.0,0.0,0.0,0.0,0.0,0.0,0.0,0.0,0.0,0.0,0.0,0.0,0.0,0.0,0.0
2017-05-26 21:55:00+02:00,0.0,0.0,0.0,0.0,0.0,0.0,0.0,0.0,0.0,0.0,0.0,0.0,0.0,0.0,0.0,0.0,0.0,0.0,0.0,0.0,0.0,0.0,0.0,0.0,0.0,0.0,0.0,0.0,0.0,0.0,0.0,0.0,0.0,0.0,0.0,0.0,0.0,0.0,0.0,0.0,0.0,0.0,0.0,0.0,0.0,0.0,0.0,0.0,0.0,0.0,0.0,0.0,0.0,0.0,0.0,0.0,0.0,0.0,0.0,0.0,0.0,0.0,0.0,0.0,0.0,0.0,0.0,0.0,0.0,0.0,0.0,0.0,0.0,0.0,0.0,0.0,0.0,0.0,0.0,0.0,0.0,0.0,0.0,0.0,0.0,0.0,0.0,0.0,0.0,0.0,0.0,0.0,0.0,0.0,0.0,0.0,0.0,0.0,0.0,0.0,0.0,0.0,0.0,0.0,0.0,0.0,0.0,0.0,0.0,0.0,0.0,0.0,0.0,0.0,0.0,0.0,0.0,0.0
2017-05-26 21:56:00+02:00,0.0,0.0,0.0,0.0,0.0,0.0,0.0,0.0,0.0,0.0,0.0,0.0,0.0,0.0,0.0,0.0,0.0,0.0,0.0,0.0,0.0,0.0,0.0,0.0,0.0,0.0,0.0,0.0,0.0,0.0,0.0,0.0,0.0,0.0,0.0,0.0,0.0,0.0,0.0,0.0,0.0,0.0,0.0,0.0,0.0,0.0,0.0,0.0,0.0,0.0,0.0,0.0,0.0,0.0,0.0,0.0,0.0,0.0,0.0,0.0,0.0,0.0,0.0,0.0,0.0,0.0,0.0,0.0,0.0,0.0,0.0,0.0,0.0,0.0,0.0,0.0,0.0,0.0,0.0,0.0,0.0,0.0,0.0,0.0,0.0,0.0,0.0,0.0,0.0,0.0,0.0,0.0,0.0,0.0,0.0,0.0,0.0,0.0,0.0,0.0,0.0,0.0,0.0,0.0,0.0,0.0,0.0,0.0,0.0,0.0,0.0,0.0,0.0,0.0,0.0,0.0,0.0,0.0
2017-05-26 21:57:00+02:00,0.0,0.0,0.0,0.0,0.0,0.0,0.0,0.0,0.0,0.0,0.0,0.0,0.0,0.0,0.0,0.0,0.0,0.0,0.0,0.0,0.0,0.0,0.0,0.0,0.0,0.0,0.0,0.0,0.0,0.0,0.0,0.0,0.0,0.0,0.0,0.0,0.0,0.0,0.0,0.0,0.0,0.0,0.0,0.0,0.0,0.0,0.0,0.0,0.0,0.0,0.0,0.0,0.0,0.0,0.0,0.0,0.0,0.0,0.0,0.0,0.0,0.0,0.0,0.0,0.0,0.0,0.0,0.0,0.0,0.0,0.0,0.0,0.0,0.0,0.0,0.0,0.0,0.0,0.0,0.0,0.0,0.0,0.0,0.0,0.0,0.0,0.0,0.0,0.0,0.0,0.0,0.0,0.0,0.0,0.0,0.0,0.0,0.0,0.0,0.0,0.0,0.0,0.0,0.0,0.0,0.0,0.0,0.0,0.0,0.0,0.0,0.0,0.0,0.0,0.0,0.0,0.0,0.0
2017-05-26 21:58:00+02:00,0.0,0.0,0.0,0.0,0.0,0.0,0.0,0.0,0.0,0.0,0.0,0.0,0.0,0.0,0.0,0.0,0.0,0.0,0.0,0.0,0.0,0.0,0.0,0.0,0.0,0.0,0.0,0.0,0.0,0.0,0.0,0.0,0.0,0.0,0.0,0.0,0.0,0.0,0.0,0.0,0.0,0.0,0.0,0.0,0.0,0.0,0.0,0.0,0.0,0.0,0.0,0.0,0.0,0.0,0.0,0.0,0.0,0.0,0.0,0.0,0.0,0.0,0.0,0.0,0.0,0.0,0.0,0.0,0.0,0.0,0.0,0.0,0.0,0.0,0.0,0.0,0.0,0.0,0.0,0.0,0.0,0.0,0.0,0.0,0.0,0.0,0.0,0.0,0.0,0.0,0.0,0.0,0.0,0.0,0.0,0.0,0.0,0.0,0.0,0.0,0.0,0.0,0.0,0.0,0.0,0.0,0.0,0.0,0.0,0.0,0.0,0.0,0.0,0.0,0.0,0.0,0.0,0.0
2017-05-26 21:59:00+02:00,0.0,0.0,0.0,0.0,0.0,0.0,0.0,0.0,0.0,0.0,0.0,0.0,0.0,0.0,0.0,0.0,0.0,0.0,0.0,0.0,0.0,0.0,0.0,0.0,0.0,0.0,0.0,0.0,0.0,0.0,0.0,0.0,0.0,0.0,0.0,0.0,0.0,0.0,0.0,0.0,0.0,0.0,0.0,0.0,0.0,0.0,0.0,0.0,0.0,0.0,0.0,0.0,0.0,0.0,0.0,0.0,0.0,0.0,0.0,0.0,0.0,0.0,0.0,0.0,0.0,0.0,0.0,0.0,0.0,0.0,0.0,0.0,0.0,0.0,0.0,0.0,0.0,0.0,0.0,0.0,0.0,0.0,0.0,0.0,0.0,0.0,0.0,0.0,0.0,0.0,0.0,0.0,0.0,0.0,0.0,0.0,0.0,0.0,0.0,0.0,0.0,0.0,0.0,0.0,0.0,0.0,0.0,0.0,0.0,0.0,0.0,0.0,0.0,0.0,0.0,0.0,0.0,0.0
2017-05-26 22:00:00+02:00,0.0,0.0,0.0,0.0,0.0,0.0,0.0,0.0,0.0,0.0,0.0,0.0,0.0,0.0,0.0,0.0,0.0,0.0,0.0,0.0,0.0,0.0,0.0,0.0,0.0,0.0,0.0,0.0,0.0,0.0,0.0,0.0,0.0,0.0,0.0,0.0,0.0,0.0,0.0,0.0,0.0,0.0,0.0,0.0,0.0,0.0,0.0,0.0,0.0,0.0,0.0,0.0,0.0,0.0,0.0,0.0,0.0,0.0,0.0,0.0,0.0,0.0,0.0,0.0,0.0,0.0,0.0,0.0,0.0,0.0,0.0,0.0,0.0,0.0,0.0,0.0,0.0,0.0,0.0,0.0,0.0,0.0,0.0,0.0,0.0,0.0,0.0,0.0,0.0,0.0,0.0,0.0,0.0,0.0,0.0,0.0,0.0,0.0,0.0,0.0,0.0,0.0,0.0,0.0,0.0,0.0,0.0,0.0,0.0,0.0,0.0,0.0,0.0,0.0,0.0,0.0,0.0,0.0
2017-05-26 22:01:00+02:00,0.0,0.0,0.0,0.0,0.0,0.0,0.0,0.0,0.0,0.0,0.0,0.0,0.0,0.0,0.0,0.0,0.0,0.0,0.0,0.0,0.0,0.0,0.0,0.0,0.0,0.0,0.0,0.0,0.0,0.0,0.0,0.0,0.0,0.0,0.0,0.0,0.0,0.0,0.0,0.0,0.0,0.0,0.0,0.0,0.0,0.0,0.0,0.0,0.0,0.0,0.0,0.0,0.0,0.0,0.0,0.0,0.0,0.0,0.0,0.0,0.0,0.0,0.0,0.0,0.0,0.0,0.0,0.0,0.0,0.0,0.0,0.0,0.0,0.0,0.0,0.0,0.0,0.0,0.0,0.0,0.0,0.0,0.0,0.0,0.0,0.0,0.0,0.0,0.0,0.0,0.0,0.0,0.0,0.0,0.0,0.0,0.0,0.0,0.0,0.0,0.0,0.0,0.0,0.0,0.0,0.0,0.0,0.0,0.0,0.0,0.0,0.0,0.0,0.0,0.0,0.0,0.0,0.0
2017-05-26 22:02:00+02:00,0.0,0.0,0.0,0.0,0.0,0.0,0.0,0.0,0.0,0.0,0.0,0.0,0.0,0.0,0.0,0.0,0.0,0.0,0.0,0.0,0.0,0.0,0.0,0.0,0.0,0.0,0.0,0.0,0.0,0.0,0.0,0.0,0.0,0.0,0.0,0.0,0.0,0.0,0.0,0.0,0.0,0.0,0.0,0.0,0.0,0.0,0.0,0.0,0.0,0.0,0.0,0.0,0.0,0.0,0.0,0.0,0.0,0.0,0.0,0.0,0.0,0.0,0.0,0.0,0.0,0.0,0.0,0.0,0.0,0.0,0.0,0.0,0.0,0.0,0.0,0.0,0.0,0.0,0.0,0.0,0.0,0.0,0.0,0.0,0.0,0.0,0.0,0.0,0.0,0.0,0.0,0.0,0.0,0.0,0.0,0.0,0.0,0.0,0.0,0.0,0.0,0.0,0.0,0.0,0.0,0.0,0.0,0.0,0.0,0.0,0.0,0.0,0.0,0.0,0.0,0.0,0.0,0.0
2017-05-26 22:03:00+02:00,0.0,0.0,0.0,0.0,0.0,0.0,0.0,0.0,0.0,0.0,0.0,0.0,0.0,0.0,0.0,0.0,0.0,0.0,0.0,0.0,0.0,0.0,0.0,0.0,0.0,0.0,0.0,0.0,0.0,0.0,0.0,0.0,0.0,0.0,0.0,0.0,0.0,0.0,0.0,0.0,0.0,0.0,0.0,0.0,0.0,0.0,0.0,0.0,0.0,0.0,0.0,0.0,0.0,0.0,0.0,0.0,0.0,0.0,0.0,0.0,0.0,0.0,0.0,0.0,0.0,0.0,0.0,0.0,0.0,0.0,0.0,0.0,0.0,0.0,0.0,0.0,0.0,0.0,0.0,0.0,0.0,0.0,0.0,0.0,0.0,0.0,0.0,0.0,0.0,0.0,0.0,0.0,0.0,0.0,0.0,0.0,0.0,0.0,0.0,0.0,0.0,0.0,0.0,0.0,0.0,0.0,0.0,0.0,0.0,0.0,0.0,0.0,0.0,0.0,0.0,0.0,0.0,0.0
2017-05-26 22:04:00+02:00,0.0,0.0,0.0,0.0,0.0,0.0,0.0,0.0,0.0,0.0,0.0,0.0,0.0,0.0,0.0,0.0,0.0,0.0,0.0,0.0,0.0,0.0,0.0,0.0,0.0,0.0,0.0,0.0,0.0,0.0,0.0,0.0,0.0,0.0,0.0,0.0,0.0,0.0,0.0,0.0,0.0,0.0,0.0,0.0,0.0,0.0,0.0,0.0,0.0,0.0,0.0,0.0,0.0,0.0,0.0,0.0,0.0,0.0,0.0,0.0,0.0,0.0,0.0,0.0,0.0,0.0,0.0,0.0,0.0,0.0,0.0,0.0,0.0,0.0,0.0,0.0,0.0,0.0,0.0,0.0,0.0,0.0,0.0,0.0,0.0,0.0,0.0,0.0,0.0,0.0,0.0,0.0,0.0,0.0,0.0,0.0,0.0,0.0,0.0,0.0,0.0,0.0,0.0,0.0,0.0,0.0,0.0,0.0,0.0,0.0,0.0,0.0,0.0,0.0,0.0,0.0,0.0,0.0
2017-05-26 22:05:00+02:00,0.0,0.0,0.0,0.0,0.0,0.0,0.0,0.0,0.0,0.0,0.0,0.0,0.0,0.0,0.0,0.0,0.0,0.0,0.0,0.0,0.0,0.0,0.0,0.0,0.0,0.0,0.0,0.0,0.0,0.0,0.0,0.0,0.0,0.0,0.0,0.0,0.0,0.0,0.0,0.0,0.0,0.0,0.0,0.0,0.0,0.0,0.0,0.0,0.0,0.0,0.0,0.0,0.0,0.0,0.0,0.0,0.0,0.0,0.0,0.0,0.0,0.0,0.0,0.0,0.0,0.0,0.0,0.0,0.0,0.0,0.0,0.0,0.0,0.0,0.0,0.0,0.0,0.0,0.0,0.0,0.0,0.0,0.0,0.0,0.0,0.0,0.0,0.0,0.0,0.0,0.0,0.0,0.0,0.0,0.0,0.0,0.0,0.0,0.0,0.0,0.0,0.0,0.0,0.0,0.0,0.0,0.0,0.0,0.0,0.0,0.0,0.0,0.0,0.0,0.0,0.0,0.0,0.0
2017-05-26 22:06:00+02:00,0.0,0.0,0.0,0.0,0.0,0.0,0.0,0.0,0.0,0.0,0.0,0.0,0.0,0.0,0.0,0.0,0.0,0.0,0.0,0.0,0.0,0.0,0.0,0.0,0.0,0.0,0.0,0.0,0.0,0.0,0.0,0.0,0.0,0.0,0.0,0.0,0.0,0.0,0.0,0.0,0.0,0.0,0.0,0.0,0.0,0.0,0.0,0.0,0.0,0.0,0.0,0.0,0.0,0.0,0.0,0.0,0.0,0.0,0.0,0.0,0.0,0.0,0.0,0.0,0.0,0.0,0.0,0.0,0.0,0.0,0.0,0.0,0.0,0.0,0.0,0.0,0.0,0.0,0.0,0.0,0.0,0.0,0.0,0.0,0.0,0.0,0.0,0.0,0.0,0.0,0.0,0.0,0.0,0.0,0.0,0.0,0.0,0.0,0.0,0.0,0.0,0.0,0.0,0.0,0.0,0.0,0.0,0.0,0.0,0.0,0.0,0.0,0.0,0.0,0.0,0.0,0.0,0.0
2017-05-26 22:07:00+02:00,0.0,0.0,0.0,0.0,0.0,0.0,0.0,0.0,0.0,0.0,0.0,0.0,0.0,0.0,0.0,0.0,0.0,0.0,0.0,0.0,0.0,0.0,0.0,0.0,0.0,0.0,0.0,0.0,0.0,0.0,0.0,0.0,0.0,0.0,0.0,0.0,0.0,0.0,0.0,0.0,0.0,0.0,0.0,0.0,0.0,0.0,0.0,0.0,0.0,0.0,0.0,0.0,0.0,0.0,0.0,0.0,0.0,0.0,0.0,0.0,0.0,0.0,0.0,0.0,0.0,0.0,0.0,0.0,0.0,0.0,0.0,0.0,0.0,0.0,0.0,0.0,0.0,0.0,0.0,0.0,0.0,0.0,0.0,0.0,0.0,0.0,0.0,0.0,0.0,0.0,0.0,0.0,0.0,0.0,0.0,0.0,0.0,0.0,0.0,0.0,0.0,0.0,0.0,0.0,0.0,0.0,0.0,0.0,0.0,0.0,0.0,0.0,0.0,0.0,0.0,0.0,0.0,0.0
2017-05-26 22:08:00+02:00,0.0,0.0,0.0,0.0,0.0,0.0,0.0,0.0,0.0,0.0,0.0,0.0,0.0,0.0,0.0,0.0,0.0,0.0,0.0,0.0,0.0,0.0,0.0,0.0,0.0,0.0,0.0,0.0,0.0,0.0,0.0,0.0,0.0,0.0,0.0,0.0,0.0,0.0,0.0,0.0,0.0,0.0,0.0,0.0,0.0,0.0,0.0,0.0,0.0,0.0,0.0,0.0,0.0,0.0,0.0,0.0,0.0,0.0,0.0,0.0,0.0,0.0,0.0,0.0,0.0,0.0,0.0,0.0,0.0,0.0,0.0,0.0,0.0,0.0,0.0,0.0,0.0,0.0,0.0,0.0,0.0,0.0,0.0,0.0,0.0,0.0,0.0,0.0,0.0,0.0,0.0,0.0,0.0,0.0,0.0,0.0,0.0,0.0,0.0,0.0,0.0,0.0,0.0,0.0,0.0,0.0,0.0,0.0,0.0,0.0,0.0,0.0,0.0,0.0,0.0,0.0,0.0,0.0
2017-05-26 22:09:00+02:00,0.0,0.0,0.0,0.0,0.0,0.0,0.0,0.0,0.0,0.0,0.0,0.0,0.0,0.0,0.0,0.0,0.0,0.0,0.0,0.0,0.0,0.0,0.0,0.0,0.0,0.0,0.0,0.0,0.0,0.0,0.0,0.0,0.0,0.0,0.0,0.0,0.0,0.0,0.0,0.0,0.0,0.0,0.0,0.0,0.0,0.0,0.0,0.0,0.0,0.0,0.0,0.0,0.0,0.0,0.0,0.0,0.0,0.0,0.0,0.0,0.0,0.0,0.0,0.0,0.0,0.0,0.0,0.0,0.0,0.0,0.0,0.0,0.0,0.0,0.0,0.0,0.0,0.0,0.0,0.0,0.0,0.0,0.0,0.0,0.0,0.0,0.0,0.0,0.0,0.0,0.0,0.0,0.0,0.0,0.0,0.0,0.0,0.0,0.0,0.0,0.0,0.0,0.0,0.0,0.0,0.0,0.0,0.0,0.0,0.0,0.0,0.0,0.0,0.0,0.0,0.0,0.0,0.0
2017-05-26 22:10:00+02:00,0.0,0.0,0.0,0.0,0.0,0.0,0.0,0.0,0.0,0.0,0.0,0.0,0.0,0.0,0.0,0.0,0.0,0.0,0.0,0.0,0.0,0.0,0.0,0.0,0.0,0.0,0.0,0.0,0.0,0.0,0.0,0.0,0.0,0.0,0.0,0.0,0.0,0.0,0.0,0.0,0.0,0.0,0.0,0.0,0.0,0.0,0.0,0.0,0.0,0.0,0.0,0.0,0.0,0.0,0.0,0.0,0.0,0.0,0.0,0.0,0.0,0.0,0.0,0.0,0.0,0.0,0.0,0.0,0.0,0.0,0.0,0.0,0.0,0.0,0.0,0.0,0.0,0.0,0.0,0.0,0.0,0.0,0.0,0.0,0.0,0.0,0.0,0.0,0.0,0.0,0.0,0.0,0.0,0.0,0.0,0.0,0.0,0.0,0.0,0.0,0.0,0.0,0.0,0.0,0.0,0.0,0.0,0.0,0.0,0.0,0.0,0.0,0.0,0.0,0.0,0.0,0.0,0.0
2017-05-26 22:11:00+02:00,0.0,0.0,0.0,0.0,0.0,0.0,0.0,0.0,0.0,0.0,0.0,0.0,0.0,0.0,0.0,0.0,0.0,0.0,0.0,0.0,0.0,0.0,0.0,0.0,0.0,0.0,0.0,0.0,0.0,0.0,0.0,0.0,0.0,0.0,0.0,0.0,0.0,0.0,0.0,0.0,0.0,0.0,0.0,0.0,0.0,0.0,0.0,0.0,0.0,0.0,0.0,0.0,0.0,0.0,0.0,0.0,0.0,0.0,0.0,0.0,0.0,0.0,0.0,0.0,0.0,0.0,0.0,0.0,0.0,0.0,0.0,0.0,0.0,0.0,0.0,0.0,0.0,0.0,0.0,0.0,0.0,0.0,0.0,0.0,0.0,0.0,0.0,0.0,0.0,0.0,0.0,0.0,0.0,0.0,0.0,0.0,0.0,0.0,0.0,0.0,0.0,0.0,0.0,0.0,0.0,0.0,0.0,0.0,0.0,0.0,0.0,0.0,0.0,0.0,0.0,0.0,0.0,0.0
2017-05-26 22:12:00+02:00,0.0,0.0,0.0,0.0,0.0,0.0,0.0,0.0,0.0,0.0,0.0,0.0,0.0,0.0,0.0,0.0,0.0,0.0,0.0,0.0,0.0,0.0,0.0,0.0,0.0,0.0,0.0,0.0,0.0,0.0,0.0,0.0,0.0,0.0,0.0,0.0,0.0,0.0,0.0,0.0,0.0,0.0,0.0,0.0,0.0,0.0,0.0,0.0,0.0,0.0,0.0,0.0,0.0,0.0,0.0,0.0,0.0,0.0,0.0,0.0,0.0,0.0,0.0,0.0,0.0,0.0,0.0,0.0,0.0,0.0,0.0,0.0,0.0,0.0,0.0,0.0,0.0,0.0,0.0,0.0,0.0,0.0,0.0,0.0,0.0,0.0,0.0,0.0,0.0,0.0,0.0,0.0,0.0,0.0,0.0,0.0,0.0,0.0,0.0,0.0,0.0,0.0,0.0,0.0,0.0,0.0,0.0,0.0,0.0,0.0,0.0,0.0,0.0,0.0,0.0,0.0,0.0,0.0
2017-05-26 22:13:00+02:00,0.0,0.0,0.0,0.0,0.0,0.0,0.0,0.0,0.0,0.0,0.0,0.0,0.0,0.0,0.0,0.0,0.0,0.0,0.0,0.0,0.0,0.0,0.0,0.0,0.0,0.0,0.0,0.0,0.0,0.0,0.0,0.0,0.0,0.0,0.0,0.0,0.0,0.0,0.0,0.0,0.0,0.0,0.0,0.0,0.0,0.0,0.0,0.0,0.0,0.0,0.0,0.0,0.0,0.0,0.0,0.0,0.0,0.0,0.0,0.0,0.0,0.0,0.0,0.0,0.0,0.0,0.0,0.0,0.0,0.0,0.0,0.0,0.0,0.0,0.0,0.0,0.0,0.0,0.0,0.0,0.0,0.0,0.0,0.0,0.0,0.0,0.0,0.0,0.0,0.0,0.0,0.0,0.0,0.0,0.0,0.0,0.0,0.0,0.0,0.0,0.0,0.0,0.0,0.0,0.0,0.0,0.0,0.0,0.0,0.0,0.0,0.0,0.0,0.0,0.0,0.0,0.0,0.0
2017-05-26 22:14:00+02:00,0.0,0.0,0.0,0.0,0.0,0.0,0.0,0.0,0.0,0.0,0.0,0.0,0.0,0.0,0.0,0.0,0.0,0.0,0.0,0.0,0.0,0.0,0.0,0.0,0.0,0.0,0.0,0.0,0.0,0.0,0.0,0.0,0.0,0.0,0.0,0.0,0.0,0.0,0.0,0.0,0.0,0.0,0.0,0.0,0.0,0.0,0.0,0.0,0.0,0.0,0.0,0.0,0.0,0.0,0.0,0.0,0.0,0.0,0.0,0.0,0.0,0.0,0.0,0.0,0.0,0.0,0.0,0.0,0.0,0.0,0.0,0.0,0.0,0.0,0.0,0.0,0.0,0.0,0.0,0.0,0.0,0.0,0.0,0.0,0.0,0.0,0.0,0.0,0.0,0.0,0.0,0.0,0.0,0.0,0.0,0.0,0.0,0.0,0.0,0.0,0.0,0.0,0.0,0.0,0.0,0.0,0.0,0.0,0.0,0.0,0.0,0.0,0.0,0.0,0.0,0.0,0.0,0.0
2017-05-26 22:15:00+02:00,0.0,0.0,0.0,0.0,0.0,0.0,0.0,0.0,0.0,0.0,0.0,0.0,0.0,0.0,0.0,0.0,0.0,0.0,0.0,0.0,0.0,0.0,0.0,0.0,0.0,0.0,0.0,0.0,0.0,0.0,0.0,0.0,0.0,0.0,0.0,0.0,0.0,0.0,0.0,0.0,0.0,0.0,0.0,0.0,0.0,0.0,0.0,0.0,0.0,0.0,0.0,0.0,0.0,0.0,0.0,0.0,0.0,0.0,0.0,0.0,0.0,0.0,0.0,0.0,0.0,0.0,0.0,0.0,0.0,0.0,0.0,0.0,0.0,0.0,0.0,0.0,0.0,0.0,0.0,0.0,0.0,0.0,0.0,0.0,0.0,0.0,0.0,0.0,0.0,0.0,0.0,0.0,0.0,0.0,0.0,0.0,0.0,0.0,0.0,0.0,0.0,0.0,0.0,0.0,0.0,0.0,0.0,0.0,0.0,0.0,0.0,0.0,0.0,0.0,0.0,0.0,0.0,0.0
2017-05-26 22:16:00+02:00,0.0,0.0,0.0,0.0,0.0,0.0,0.0,0.0,0.0,0.0,0.0,0.0,0.0,0.0,0.0,0.0,0.0,0.0,0.0,0.0,0.0,0.0,0.0,0.0,0.0,0.0,0.0,0.0,0.0,0.0,0.0,0.0,0.0,0.0,0.0,0.0,0.0,0.0,0.0,0.0,0.0,0.0,0.0,0.0,0.0,0.0,0.0,0.0,0.0,0.0,0.0,0.0,0.0,0.0,0.0,0.0,0.0,0.0,0.0,0.0,0.0,0.0,0.0,0.0,0.0,0.0,0.0,0.0,0.0,0.0,0.0,0.0,0.0,0.0,0.0,0.0,0.0,0.0,0.0,0.0,0.0,0.0,0.0,0.0,0.0,0.0,0.0,0.0,0.0,0.0,0.0,0.0,0.0,0.0,0.0,0.0,0.0,0.0,0.0,0.0,0.0,0.0,0.0,0.0,0.0,0.0,0.0,0.0,0.0,0.0,0.0,0.0,0.0,0.0,0.0,0.0,0.0,0.0
2017-05-26 22:17:00+02:00,0.0,0.0,0.0,0.0,0.0,0.0,0.0,0.0,0.0,0.0,0.0,0.0,0.0,0.0,0.0,0.0,0.0,0.0,0.0,0.0,0.0,0.0,0.0,0.0,0.0,0.0,0.0,0.0,0.0,0.0,0.0,0.0,0.0,0.0,0.0,0.0,0.0,0.0,0.0,0.0,0.0,0.0,0.0,0.0,0.0,0.0,0.0,0.0,0.0,0.0,0.0,0.0,0.0,0.0,0.0,0.0,0.0,0.0,0.0,0.0,0.0,0.0,0.0,0.0,0.0,0.0,0.0,0.0,0.0,0.0,0.0,0.0,0.0,0.0,0.0,0.0,0.0,0.0,0.0,0.0,0.0,0.0,0.0,0.0,0.0,0.0,0.0,0.0,0.0,0.0,0.0,0.0,0.0,0.0,0.0,0.0,0.0,0.0,0.0,0.0,0.0,0.0,0.0,0.0,0.0,0.0,0.0,0.0,0.0,0.0,0.0,0.0,0.0,0.0,0.0,0.0,0.0,0.0
2017-05-26 22:18:00+02:00,0.0,0.0,0.0,0.0,0.0,0.0,0.0,0.0,0.0,0.0,0.0,0.0,0.0,0.0,0.0,0.0,0.0,0.0,0.0,0.0,0.0,0.0,0.0,0.0,0.0,0.0,0.0,0.0,0.0,0.0,0.0,0.0,0.0,0.0,0.0,0.0,0.0,0.0,0.0,0.0,0.0,0.0,0.0,0.0,0.0,0.0,0.0,0.0,0.0,0.0,0.0,0.0,0.0,0.0,0.0,0.0,0.0,0.0,0.0,0.0,0.0,0.0,0.0,0.0,0.0,0.0,0.0,0.0,0.0,0.0,0.0,0.0,0.0,0.0,0.0,0.0,0.0,0.0,0.0,0.0,0.0,0.0,0.0,0.0,0.0,0.0,0.0,0.0,0.0,0.0,0.0,0.0,0.0,0.0,0.0,0.0,0.0,0.0,0.0,0.0,0.0,0.0,0.0,0.0,0.0,0.0,0.0,0.0,0.0,0.0,0.0,0.0,0.0,0.0,0.0,0.0,0.0,0.0
2017-05-26 22:19:00+02:00,0.0,0.0,0.0,0.0,0.0,0.0,0.0,0.0,0.0,0.0,0.0,0.0,0.0,0.0,0.0,0.0,0.0,0.0,0.0,0.0,0.0,0.0,0.0,0.0,0.0,0.0,0.0,0.0,0.0,0.0,0.0,0.0,0.0,0.0,0.0,0.0,0.0,0.0,0.0,0.0,0.0,0.0,0.0,0.0,0.0,0.0,0.0,0.0,0.0,0.0,0.0,0.0,0.0,0.0,0.0,0.0,0.0,0.0,0.0,0.0,0.0,0.0,0.0,0.0,0.0,0.0,0.0,0.0,0.0,0.0,0.0,0.0,0.0,0.0,0.0,0.0,0.0,0.0,0.0,0.0,0.0,0.0,0.0,0.0,0.0,0.0,0.0,0.0,0.0,0.0,0.0,0.0,0.0,0.0,0.0,0.0,0.0,0.0,0.0,0.0,0.0,0.0,0.0,0.0,0.0,0.0,0.0,0.0,0.0,0.0,0.0,0.0,0.0,0.0,0.0,0.0,0.0,0.0
2017-05-26 22:20:00+02:00,0.0,0.0,0.0,0.0,0.0,0.0,0.0,0.0,0.0,0.0,0.0,0.0,0.0,0.0,0.0,0.0,0.0,0.0,0.0,0.0,0.0,0.0,0.0,0.0,0.0,0.0,0.0,0.0,0.0,0.0,0.0,0.0,0.0,0.0,0.0,0.0,0.0,0.0,0.0,0.0,0.0,0.0,0.0,0.0,0.0,0.0,0.0,0.0,0.0,0.0,0.0,0.0,0.0,0.0,0.0,0.0,0.0,0.0,0.0,0.0,0.0,0.0,0.0,0.0,0.0,0.0,0.0,0.0,0.0,0.0,0.0,0.0,0.0,0.0,0.0,0.0,0.0,0.0,0.0,0.0,0.0,0.0,0.0,0.0,0.0,0.0,0.0,0.0,0.0,0.0,0.0,0.0,0.0,0.0,0.0,0.0,0.0,0.0,0.0,0.0,0.0,0.0,0.0,0.0,0.0,0.0,0.0,0.0,0.0,0.0,0.0,0.0,0.0,0.0,0.0,0.0,0.0,0.0
2017-05-26 22:21:00+02:00,0.0,0.0,0.0,0.0,0.0,0.0,0.0,0.0,0.0,0.0,0.0,0.0,0.0,0.0,0.0,0.0,0.0,0.0,0.0,0.0,0.0,0.0,0.0,0.0,0.0,0.0,0.0,0.0,0.0,0.0,0.0,0.0,0.0,0.0,0.0,0.0,0.0,0.0,0.0,0.0,0.0,0.0,0.0,0.0,0.0,0.0,0.0,0.0,0.0,0.0,0.0,0.0,0.0,0.0,0.0,0.0,0.0,0.0,0.0,0.0,0.0,0.0,0.0,0.0,0.0,0.0,0.0,0.0,0.0,0.0,0.0,0.0,0.0,0.0,0.0,0.0,0.0,0.0,0.0,0.0,0.0,0.0,0.0,0.0,0.0,0.0,0.0,0.0,0.0,0.0,0.0,0.0,0.0,0.0,0.0,0.0,0.0,0.0,0.0,0.0,0.0,0.0,0.0,0.0,0.0,0.0,0.0,0.0,0.0,0.0,0.0,0.0,0.0,0.0,0.0,0.0,0.0,0.0
2017-05-26 22:22:00+02:00,0.0,0.0,0.0,0.0,0.0,0.0,0.0,0.0,0.0,0.0,0.0,0.0,0.0,0.0,0.0,0.0,0.0,0.0,0.0,0.0,0.0,0.0,0.0,0.0,0.0,0.0,0.0,0.0,0.0,0.0,0.0,0.0,0.0,0.0,0.0,0.0,0.0,0.0,0.0,0.0,0.0,0.0,0.0,0.0,0.0,0.0,0.0,0.0,0.0,0.0,0.0,0.0,0.0,0.0,0.0,0.0,0.0,0.0,0.0,0.0,0.0,0.0,0.0,0.0,0.0,0.0,0.0,0.0,0.0,0.0,0.0,0.0,0.0,0.0,0.0,0.0,0.0,0.0,0.0,0.0,0.0,0.0,0.0,0.0,0.0,0.0,0.0,0.0,0.0,0.0,0.0,0.0,0.0,0.0,0.0,0.0,0.0,0.0,0.0,0.0,0.0,0.0,0.0,0.0,0.0,0.0,0.0,0.0,0.0,0.0,0.0,0.0,0.0,0.0,0.0,0.0,0.0,0.0
2017-05-26 22:23:00+02:00,0.0,0.0,0.0,0.0,0.0,0.0,0.0,0.0,0.0,0.0,0.0,0.0,0.0,0.0,0.0,0.0,0.0,0.0,0.0,0.0,0.0,0.0,0.0,0.0,0.0,0.0,0.0,0.0,0.0,0.0,0.0,0.0,0.0,0.0,0.0,0.0,0.0,0.0,0.0,0.0,0.0,0.0,0.0,0.0,0.0,0.0,0.0,0.0,0.0,0.0,0.0,0.0,0.0,0.0,0.0,0.0,0.0,0.0,0.0,0.0,0.0,0.0,0.0,0.0,0.0,0.0,0.0,0.0,0.0,0.0,0.0,0.0,0.0,0.0,0.0,0.0,0.0,0.0,0.0,0.0,0.0,0.0,0.0,0.0,0.0,0.0,0.0,0.0,0.0,0.0,0.0,0.0,0.0,0.0,0.0,0.0,0.0,0.0,0.0,0.0,0.0,0.0,0.0,0.0,0.0,0.0,0.0,0.0,0.0,0.0,0.0,0.0,0.0,0.0,0.0,0.0,0.0,0.0
2017-05-26 22:24:00+02:00,0.0,0.0,0.0,0.0,0.0,0.0,0.0,0.0,0.0,0.0,0.0,0.0,0.0,0.0,0.0,0.0,0.0,0.0,0.0,0.0,0.0,0.0,0.0,0.0,0.0,0.0,0.0,0.0,0.0,0.0,0.0,0.0,0.0,0.0,0.0,0.0,0.0,0.0,0.0,0.0,0.0,0.0,0.0,0.0,0.0,0.0,0.0,0.0,0.0,0.0,0.0,0.0,0.0,0.0,0.0,0.0,0.0,0.0,0.0,0.0,0.0,0.0,0.0,0.0,0.0,0.0,0.0,0.0,0.0,0.0,0.0,0.0,0.0,0.0,0.0,0.0,0.0,0.0,0.0,0.0,0.0,0.0,0.0,0.0,0.0,0.0,0.0,0.0,0.0,0.0,0.0,0.0,0.0,0.0,0.0,0.0,0.0,0.0,0.0,0.0,0.0,0.0,0.0,0.0,0.0,0.0,0.0,0.0,0.0,0.0,0.0,0.0,0.0,0.0,0.0,0.0,0.0,0.0
2017-05-26 22:25:00+02:00,0.0,0.0,0.0,0.0,0.0,0.0,0.0,0.0,0.0,0.0,0.0,0.0,0.0,0.0,0.0,0.0,0.0,0.0,0.0,0.0,0.0,0.0,0.0,0.0,0.0,0.0,0.0,0.0,0.0,0.0,0.0,0.0,0.0,0.0,0.0,0.0,0.0,0.0,0.0,0.0,0.0,0.0,0.0,0.0,0.0,0.0,0.0,0.0,0.0,0.0,0.0,0.0,0.0,0.0,0.0,0.0,0.0,0.0,0.0,0.0,0.0,0.0,0.0,0.0,0.0,0.0,0.0,0.0,0.0,0.0,0.0,0.0,0.0,0.0,0.0,0.0,0.0,0.0,0.0,0.0,0.0,0.0,0.0,0.0,0.0,0.0,0.0,0.0,0.0,0.0,0.0,0.0,0.0,0.0,0.0,0.0,0.0,0.0,0.0,0.0,0.0,0.0,0.0,0.0,0.0,0.0,0.0,0.0,0.0,0.0,0.0,0.0,0.0,0.0,0.0,0.0,0.0,0.0
2017-05-26 22:26:00+02:00,0.0,0.0,0.0,0.0,0.0,0.0,0.0,0.0,0.0,0.0,0.0,0.0,0.0,0.0,0.0,0.0,0.0,0.0,0.0,0.0,0.0,0.0,0.0,0.0,0.0,0.0,0.0,0.0,0.0,0.0,0.0,0.0,0.0,0.0,0.0,0.0,0.0,0.0,0.0,0.0,0.0,0.0,0.0,0.0,0.0,0.0,0.0,0.0,0.0,0.0,0.0,0.0,0.0,0.0,0.0,0.0,0.0,0.0,0.0,0.0,0.0,0.0,0.0,0.0,0.0,0.0,0.0,0.0,0.0,0.0,0.0,0.0,0.0,0.0,0.0,0.0,0.0,0.0,0.0,0.0,0.0,0.0,0.0,0.0,0.0,0.0,0.0,0.0,0.0,0.0,0.0,0.0,0.0,0.0,0.0,0.0,0.0,0.0,0.0,0.0,0.0,0.0,0.0,0.0,0.0,0.0,0.0,0.0,0.0,0.0,0.0,0.0,0.0,0.0,0.0,0.0,0.0,0.0
2017-05-26 22:27:00+02:00,0.0,0.0,0.0,0.0,0.0,0.0,0.0,0.0,0.0,0.0,0.0,0.0,0.0,0.0,0.0,0.0,0.0,0.0,0.0,0.0,0.0,0.0,0.0,0.0,0.0,0.0,0.0,0.0,0.0,0.0,0.0,0.0,0.0,0.0,0.0,0.0,0.0,0.0,0.0,0.0,0.0,0.0,0.0,0.0,0.0,0.0,0.0,0.0,0.0,0.0,0.0,0.0,0.0,0.0,0.0,0.0,0.0,0.0,0.0,0.0,0.0,0.0,0.0,0.0,0.0,0.0,0.0,0.0,0.0,0.0,0.0,0.0,0.0,0.0,0.0,0.0,0.0,0.0,0.0,0.0,0.0,0.0,0.0,0.0,0.0,0.0,0.0,0.0,0.0,0.0,0.0,0.0,0.0,0.0,0.0,0.0,0.0,0.0,0.0,0.0,0.0,0.0,0.0,0.0,0.0,0.0,0.0,0.0,0.0,0.0,0.0,0.0,0.0,0.0,0.0,0.0,0.0,0.0
2017-05-26 22:28:00+02:00,0.0,0.0,0.0,0.0,0.0,0.0,0.0,0.0,0.0,0.0,0.0,0.0,0.0,0.0,0.0,0.0,0.0,0.0,0.0,0.0,0.0,0.0,0.0,0.0,0.0,0.0,0.0,0.0,0.0,0.0,0.0,0.0,0.0,0.0,0.0,0.0,0.0,0.0,0.0,0.0,0.0,0.0,0.0,0.0,0.0,0.0,0.0,0.0,0.0,0.0,0.0,0.0,0.0,0.0,0.0,0.0,0.0,0.0,0.0,0.0,0.0,0.0,0.0,0.0,0.0,0.0,0.0,0.0,0.0,0.0,0.0,0.0,0.0,0.0,0.0,0.0,0.0,0.0,0.0,0.0,0.0,0.0,0.0,0.0,0.0,0.0,0.0,0.0,0.0,0.0,0.0,0.0,0.0,0.0,0.0,0.0,0.0,0.0,0.0,0.0,0.0,0.0,0.0,0.0,0.0,0.0,0.0,0.0,0.0,0.0,0.0,0.0,0.0,0.0,0.0,0.0,0.0,0.0
2017-05-26 22:29:00+02:00,0.0,0.0,0.0,0.0,0.0,0.0,0.0,0.0,0.0,0.0,0.0,0.0,0.0,0.0,0.0,0.0,0.0,0.0,0.0,0.0,0.0,0.0,0.0,0.0,0.0,0.0,0.0,0.0,0.0,0.0,0.0,0.0,0.0,0.0,0.0,0.0,0.0,0.0,0.0,0.0,0.0,0.0,0.0,0.0,0.0,0.0,0.0,0.0,0.0,0.0,0.0,0.0,0.0,0.0,0.0,0.0,0.0,0.0,0.0,0.0,0.0,0.0,0.0,0.0,0.0,0.0,0.0,0.0,0.0,0.0,0.0,0.0,0.0,0.0,0.0,0.0,0.0,0.0,0.0,0.0,0.0,0.0,0.0,0.0,0.0,0.0,0.0,0.0,0.0,0.0,0.0,0.0,0.0,0.0,0.0,0.0,0.0,0.0,0.0,0.0,0.0,0.0,0.0,0.0,0.0,0.0,0.0,0.0,0.0,0.0,0.0,0.0,0.0,0.0,0.0,0.0,0.0,0.0
2017-05-26 22:30:00+02:00,0.0,0.0,0.0,0.0,0.0,0.0,0.0,0.0,0.0,0.0,0.0,0.0,0.0,0.0,0.0,0.0,0.0,0.0,0.0,0.0,0.0,0.0,0.0,0.0,0.0,0.0,0.0,0.0,0.0,0.0,0.0,0.0,0.0,0.0,0.0,0.0,0.0,0.0,0.0,0.0,0.0,0.0,0.0,0.0,0.0,0.0,0.0,0.0,0.0,0.0,0.0,0.0,0.0,0.0,0.0,0.0,0.0,0.0,0.0,0.0,0.0,0.0,0.0,0.0,0.0,0.0,0.0,0.0,0.0,0.0,0.0,0.0,0.0,0.0,0.0,0.0,0.0,0.0,0.0,0.0,0.0,0.0,0.0,0.0,0.0,0.0,0.0,0.0,0.0,0.0,0.0,0.0,0.0,0.0,0.0,0.0,0.0,0.0,0.0,0.0,0.0,0.0,0.0,0.0,0.0,0.0,0.0,0.0,0.0,0.0,0.0,0.0,0.0,0.0,0.0,0.0,0.0,0.0
2017-05-26 22:31:00+02:00,0.0,0.0,0.0,0.0,0.0,0.0,0.0,0.0,0.0,0.0,0.0,0.0,0.0,0.0,0.0,0.0,0.0,0.0,0.0,0.0,0.0,0.0,0.0,0.0,0.0,0.0,0.0,0.0,0.0,0.0,0.0,0.0,0.0,0.0,0.0,0.0,0.0,0.0,0.0,0.0,0.0,0.0,0.0,0.0,0.0,0.0,0.0,0.0,0.0,0.0,0.0,0.0,0.0,0.0,0.0,0.0,0.0,0.0,0.0,0.0,0.0,0.0,0.0,0.0,0.0,0.0,0.0,0.0,0.0,0.0,0.0,0.0,0.0,0.0,0.0,0.0,0.0,0.0,0.0,0.0,0.0,0.0,0.0,0.0,0.0,0.0,0.0,0.0,0.0,0.0,0.0,0.0,0.0,0.0,0.0,0.0,0.0,0.0,0.0,0.0,0.0,0.0,0.0,0.0,0.0,0.0,0.0,0.0,0.0,0.0,0.0,0.0,0.0,0.0,0.0,0.0,0.0,0.0
2017-05-26 22:32:00+02:00,0.0,0.0,0.0,0.0,0.0,0.0,0.0,0.0,0.0,0.0,0.0,0.0,0.0,0.0,0.0,0.0,0.0,0.0,0.0,0.0,0.0,0.0,0.0,0.0,0.0,0.0,0.0,0.0,0.0,0.0,0.0,0.0,0.0,0.0,0.0,0.0,0.0,0.0,0.0,0.0,0.0,0.0,0.0,0.0,0.0,0.0,0.0,0.0,0.0,0.0,0.0,0.0,0.0,0.0,0.0,0.0,0.0,0.0,0.0,0.0,0.0,0.0,0.0,0.0,0.0,0.0,0.0,0.0,0.0,0.0,0.0,0.0,0.0,0.0,0.0,0.0,0.0,0.0,0.0,0.0,0.0,0.0,0.0,0.0,0.0,0.0,0.0,0.0,0.0,0.0,0.0,0.0,0.0,0.0,0.0,0.0,0.0,0.0,0.0,0.0,0.0,0.0,0.0,0.0,0.0,0.0,0.0,0.0,0.0,0.0,0.0,0.0,0.0,0.0,0.0,0.0,0.0,0.0
2017-05-26 22:33:00+02:00,0.0,0.0,0.0,0.0,0.0,0.0,0.0,0.0,0.0,0.0,0.0,0.0,0.0,0.0,0.0,0.0,0.0,0.0,0.0,0.0,0.0,0.0,0.0,0.0,0.0,0.0,0.0,0.0,0.0,0.0,0.0,0.0,0.0,0.0,0.0,0.0,0.0,0.0,0.0,0.0,0.0,0.0,0.0,0.0,0.0,0.0,0.0,0.0,0.0,0.0,0.0,0.0,0.0,0.0,0.0,0.0,0.0,0.0,0.0,0.0,0.0,0.0,0.0,0.0,0.0,0.0,0.0,0.0,0.0,0.0,0.0,0.0,0.0,0.0,0.0,0.0,0.0,0.0,0.0,0.0,0.0,0.0,0.0,0.0,0.0,0.0,0.0,0.0,0.0,0.0,0.0,0.0,0.0,0.0,0.0,0.0,0.0,0.0,0.0,0.0,0.0,0.0,0.0,0.0,0.0,0.0,0.0,0.0,0.0,0.0,0.0,0.0,0.0,0.0,0.0,0.0,0.0,0.0
2017-05-26 22:34:00+02:00,0.0,0.0,0.0,0.0,0.0,0.0,0.0,0.0,0.0,0.0,0.0,0.0,0.0,0.0,0.0,0.0,0.0,0.0,0.0,0.0,0.0,0.0,0.0,0.0,0.0,0.0,0.0,0.0,0.0,0.0,0.0,0.0,0.0,0.0,0.0,0.0,0.0,0.0,0.0,0.0,0.0,0.0,0.0,0.0,0.0,0.0,0.0,0.0,0.0,0.0,0.0,0.0,0.0,0.0,0.0,0.0,0.0,0.0,0.0,0.0,0.0,0.0,0.0,0.0,0.0,0.0,0.0,0.0,0.0,0.0,0.0,0.0,0.0,0.0,0.0,0.0,0.0,0.0,0.0,0.0,0.0,0.0,0.0,0.0,0.0,0.0,0.0,0.0,0.0,0.0,0.0,0.0,0.0,0.0,0.0,0.0,0.0,0.0,0.0,0.0,0.0,0.0,0.0,0.0,0.0,0.0,0.0,0.0,0.0,0.0,0.0,0.0,0.0,0.0,0.0,0.0,0.0,0.0
2017-05-26 22:35:00+02:00,0.0,0.0,0.0,0.0,0.0,0.0,0.0,0.0,0.0,0.0,0.0,0.0,0.0,0.0,0.0,0.0,0.0,0.0,0.0,0.0,0.0,0.0,0.0,0.0,0.0,0.0,0.0,0.0,0.0,0.0,0.0,0.0,0.0,0.0,0.0,0.0,0.0,0.0,0.0,0.0,0.0,0.0,0.0,0.0,0.0,0.0,0.0,0.0,0.0,0.0,0.0,0.0,0.0,0.0,0.0,0.0,0.0,0.0,0.0,0.0,0.0,0.0,0.0,0.0,0.0,0.0,0.0,0.0,0.0,0.0,0.0,0.0,0.0,0.0,0.0,0.0,0.0,0.0,0.0,0.0,0.0,0.0,0.0,0.0,0.0,0.0,0.0,0.0,0.0,0.0,0.0,0.0,0.0,0.0,0.0,0.0,0.0,0.0,0.0,0.0,0.0,0.0,0.0,0.0,0.0,0.0,0.0,0.0,0.0,0.0,0.0,0.0,0.0,0.0,0.0,0.0,0.0,0.0
2017-05-26 22:36:00+02:00,0.0,0.0,0.0,0.0,0.0,0.0,0.0,0.0,0.0,0.0,0.0,0.0,0.0,0.0,0.0,0.0,0.0,0.0,0.0,0.0,0.0,0.0,0.0,0.0,0.0,0.0,0.0,0.0,0.0,0.0,0.0,0.0,0.0,0.0,0.0,0.0,0.0,0.0,0.0,0.0,0.0,0.0,0.0,0.0,0.0,0.0,0.0,0.0,0.0,0.0,0.0,0.0,0.0,0.0,0.0,0.0,0.0,0.0,0.0,0.0,0.0,0.0,0.0,0.0,0.0,0.0,0.0,0.0,0.0,0.0,0.0,0.0,0.0,0.0,0.0,0.0,0.0,0.0,0.0,0.0,0.0,0.0,0.0,0.0,0.0,0.0,0.0,0.0,0.0,0.0,0.0,0.0,0.0,0.0,0.0,0.0,0.0,0.0,0.0,0.0,0.0,0.0,0.0,0.0,0.0,0.0,0.0,0.0,0.0,0.0,0.0,0.0,0.0,0.0,0.0,0.0,0.0,0.0
2017-05-26 22:37:00+02:00,0.0,0.0,0.0,0.0,0.0,0.0,0.0,0.0,0.0,0.0,0.0,0.0,0.0,0.0,0.0,0.0,0.0,0.0,0.0,0.0,0.0,0.0,0.0,0.0,0.0,0.0,0.0,0.0,0.0,0.0,0.0,0.0,0.0,0.0,0.0,0.0,0.0,0.0,0.0,0.0,0.0,0.0,0.0,0.0,0.0,0.0,0.0,0.0,0.0,0.0,0.0,0.0,0.0,0.0,0.0,0.0,0.0,0.0,0.0,0.0,0.0,0.0,0.0,0.0,0.0,0.0,0.0,0.0,0.0,0.0,0.0,0.0,0.0,0.0,0.0,0.0,0.0,0.0,0.0,0.0,0.0,0.0,0.0,0.0,0.0,0.0,0.0,0.0,0.0,0.0,0.0,0.0,0.0,0.0,0.0,0.0,0.0,0.0,0.0,0.0,0.0,0.0,0.0,0.0,0.0,0.0,0.0,0.0,0.0,0.0,0.0,0.0,0.0,0.0,0.0,0.0,0.0,0.0
2017-05-26 22:38:00+02:00,0.0,0.0,0.0,0.0,0.0,0.0,0.0,0.0,0.0,0.0,0.0,0.0,0.0,0.0,0.0,0.0,0.0,0.0,0.0,0.0,0.0,0.0,0.0,0.0,0.0,0.0,0.0,0.0,0.0,0.0,0.0,0.0,0.0,0.0,0.0,0.0,0.0,0.0,0.0,0.0,0.0,0.0,0.0,0.0,0.0,0.0,0.0,0.0,0.0,0.0,0.0,0.0,0.0,0.0,0.0,0.0,0.0,0.0,0.0,0.0,0.0,0.0,0.0,0.0,0.0,0.0,0.0,0.0,0.0,0.0,0.0,0.0,0.0,0.0,0.0,0.0,0.0,0.0,0.0,0.0,0.0,0.0,0.0,0.0,0.0,0.0,0.0,0.0,0.0,0.0,0.0,0.0,0.0,0.0,0.0,0.0,0.0,0.0,0.0,0.0,0.0,0.0,0.0,0.0,0.0,0.0,0.0,0.0,0.0,0.0,0.0,0.0,0.0,0.0,0.0,0.0,0.0,0.0
2017-05-26 22:39:00+02:00,0.0,0.0,0.0,0.0,0.0,0.0,0.0,0.0,0.0,0.0,0.0,0.0,0.0,0.0,0.0,0.0,0.0,0.0,0.0,0.0,0.0,0.0,0.0,0.0,0.0,0.0,0.0,0.0,0.0,0.0,0.0,0.0,0.0,0.0,0.0,0.0,0.0,0.0,0.0,0.0,0.0,0.0,0.0,0.0,0.0,0.0,0.0,0.0,0.0,0.0,0.0,0.0,0.0,0.0,0.0,0.0,0.0,0.0,0.0,0.0,0.0,0.0,0.0,0.0,0.0,0.0,0.0,0.0,0.0,0.0,0.0,0.0,0.0,0.0,0.0,0.0,0.0,0.0,0.0,0.0,0.0,0.0,0.0,0.0,0.0,0.0,0.0,0.0,0.0,0.0,0.0,0.0,0.0,0.0,0.0,0.0,0.0,0.0,0.0,0.0,0.0,0.0,0.0,0.0,0.0,0.0,0.0,0.0,0.0,0.0,0.0,0.0,0.0,0.0,0.0,0.0,0.0,0.0
2017-05-26 22:40:00+02:00,0.0,0.0,0.0,0.0,0.0,0.0,0.0,0.0,0.0,0.0,0.0,0.0,0.0,0.0,0.0,0.0,0.0,0.0,0.0,0.0,0.0,0.0,0.0,0.0,0.0,0.0,0.0,0.0,0.0,0.0,0.0,0.0,0.0,0.0,0.0,0.0,0.0,0.0,0.0,0.0,0.0,0.0,0.0,0.0,0.0,0.0,0.0,0.0,0.0,0.0,0.0,0.0,0.0,0.0,0.0,0.0,0.0,0.0,0.0,0.0,0.0,0.0,0.0,0.0,0.0,0.0,0.0,0.0,0.0,0.0,0.0,0.0,0.0,0.0,0.0,0.0,0.0,0.0,0.0,0.0,0.0,0.0,0.0,0.0,0.0,0.0,0.0,0.0,0.0,0.0,0.0,0.0,0.0,0.0,0.0,0.0,0.0,0.0,0.0,0.0,0.0,0.0,0.0,0.0,0.0,0.0,0.0,0.0,0.0,0.0,0.0,0.0,0.0,0.0,0.0,0.0,0.0,0.0
2017-05-26 22:41:00+02:00,0.0,0.0,0.0,0.0,0.0,0.0,0.0,0.0,0.0,0.0,0.0,0.0,0.0,0.0,0.0,0.0,0.0,0.0,0.0,0.0,0.0,0.0,0.0,0.0,0.0,0.0,0.0,0.0,0.0,0.0,0.0,0.0,0.0,0.0,0.0,0.0,0.0,0.0,0.0,0.0,0.0,0.0,0.0,0.0,0.0,0.0,0.0,0.0,0.0,0.0,0.0,0.0,0.0,0.0,0.0,0.0,0.0,0.0,0.0,0.0,0.0,0.0,0.0,0.0,0.0,0.0,0.0,0.0,0.0,0.0,0.0,0.0,0.0,0.0,0.0,0.0,0.0,0.0,0.0,0.0,0.0,0.0,0.0,0.0,0.0,0.0,0.0,0.0,0.0,0.0,0.0,0.0,0.0,0.0,0.0,0.0,0.0,0.0,0.0,0.0,0.0,0.0,0.0,0.0,0.0,0.0,0.0,0.0,0.0,0.0,0.0,0.0,0.0,0.0,0.0,0.0,0.0,0.0
2017-05-26 22:42:00+02:00,0.0,0.0,0.0,0.0,0.0,0.0,0.0,0.0,0.0,0.0,0.0,0.0,0.0,0.0,0.0,0.0,0.0,0.0,0.0,0.0,0.0,0.0,0.0,0.0,0.0,0.0,0.0,0.0,0.0,0.0,0.0,0.0,0.0,0.0,0.0,0.0,0.0,0.0,0.0,0.0,0.0,0.0,0.0,0.0,0.0,0.0,0.0,0.0,0.0,0.0,0.0,0.0,0.0,0.0,0.0,0.0,0.0,0.0,0.0,0.0,0.0,0.0,0.0,0.0,0.0,0.0,0.0,0.0,0.0,0.0,0.0,0.0,0.0,0.0,0.0,0.0,0.0,0.0,0.0,0.0,0.0,0.0,0.0,0.0,0.0,0.0,0.0,0.0,0.0,0.0,0.0,0.0,0.0,0.0,0.0,0.0,0.0,0.0,0.0,0.0,0.0,0.0,0.0,0.0,0.0,0.0,0.0,0.0,0.0,0.0,0.0,0.0,0.0,0.0,0.0,0.0,0.0,0.0
2017-05-26 22:43:00+02:00,0.0,0.0,0.0,0.0,0.0,0.0,0.0,0.0,0.0,0.0,0.0,0.0,0.0,0.0,0.0,0.0,0.0,0.0,0.0,0.0,0.0,0.0,0.0,0.0,0.0,0.0,0.0,0.0,0.0,0.0,0.0,0.0,0.0,0.0,0.0,0.0,0.0,0.0,0.0,0.0,0.0,0.0,0.0,0.0,0.0,0.0,0.0,0.0,0.0,0.0,0.0,0.0,0.0,0.0,0.0,0.0,0.0,0.0,0.0,0.0,0.0,0.0,0.0,0.0,0.0,0.0,0.0,0.0,0.0,0.0,0.0,0.0,0.0,0.0,0.0,0.0,0.0,0.0,0.0,0.0,0.0,0.0,0.0,0.0,0.0,0.0,0.0,0.0,0.0,0.0,0.0,0.0,0.0,0.0,0.0,0.0,0.0,0.0,0.0,0.0,0.0,0.0,0.0,0.0,0.0,0.0,0.0,0.0,0.0,0.0,0.0,0.0,0.0,0.0,0.0,0.0,0.0,0.0
2017-05-26 22:44:00+02:00,0.0,0.0,0.0,0.0,0.0,0.0,0.0,0.0,0.0,0.0,0.0,0.0,0.0,0.0,0.0,0.0,0.0,0.0,0.0,0.0,0.0,0.0,0.0,0.0,0.0,0.0,0.0,0.0,0.0,0.0,0.0,0.0,0.0,0.0,0.0,0.0,0.0,0.0,0.0,0.0,0.0,0.0,0.0,0.0,0.0,0.0,0.0,0.0,0.0,0.0,0.0,0.0,0.0,0.0,0.0,0.0,0.0,0.0,0.0,0.0,0.0,0.0,0.0,0.0,0.0,0.0,0.0,0.0,0.0,0.0,0.0,0.0,0.0,0.0,0.0,0.0,0.0,0.0,0.0,0.0,0.0,0.0,0.0,0.0,0.0,0.0,0.0,0.0,0.0,0.0,0.0,0.0,0.0,0.0,0.0,0.0,0.0,0.0,0.0,0.0,0.0,0.0,0.0,0.0,0.0,0.0,0.0,0.0,0.0,0.0,0.0,0.0,0.0,0.0,0.0,0.0,0.0,0.0
2017-05-26 22:45:00+02:00,0.0,0.0,0.0,0.0,0.0,0.0,0.0,0.0,0.0,0.0,0.0,0.0,0.0,0.0,0.0,0.0,0.0,0.0,0.0,0.0,0.0,0.0,0.0,0.0,0.0,0.0,0.0,0.0,0.0,0.0,0.0,0.0,0.0,0.0,0.0,0.0,0.0,0.0,0.0,0.0,0.0,0.0,0.0,0.0,0.0,0.0,0.0,0.0,0.0,0.0,0.0,0.0,0.0,0.0,0.0,0.0,0.0,0.0,0.0,0.0,0.0,0.0,0.0,0.0,0.0,0.0,0.0,0.0,0.0,0.0,0.0,0.0,0.0,0.0,0.0,0.0,0.0,0.0,0.0,0.0,0.0,0.0,0.0,0.0,0.0,0.0,0.0,0.0,0.0,0.0,0.0,0.0,0.0,0.0,0.0,0.0,0.0,0.0,0.0,0.0,0.0,0.0,0.0,0.0,0.0,0.0,0.0,0.0,0.0,0.0,0.0,0.0,0.0,0.0,0.0,0.0,0.0,0.0
2017-05-26 22:46:00+02:00,0.0,0.0,0.0,0.0,0.0,0.0,0.0,0.0,0.0,0.0,0.0,0.0,0.0,0.0,0.0,0.0,0.0,0.0,0.0,0.0,0.0,0.0,0.0,0.0,0.0,0.0,0.0,0.0,0.0,0.0,0.0,0.0,0.0,0.0,0.0,0.0,0.0,0.0,0.0,0.0,0.0,0.0,0.0,0.0,0.0,0.0,0.0,0.0,0.0,0.0,0.0,0.0,0.0,0.0,0.0,0.0,0.0,0.0,0.0,0.0,0.0,0.0,0.0,0.0,0.0,0.0,0.0,0.0,0.0,0.0,0.0,0.0,0.0,0.0,0.0,0.0,0.0,0.0,0.0,0.0,0.0,0.0,0.0,0.0,0.0,0.0,0.0,0.0,0.0,0.0,0.0,0.0,0.0,0.0,0.0,0.0,0.0,0.0,0.0,0.0,0.0,0.0,0.0,0.0,0.0,0.0,0.0,0.0,0.0,0.0,0.0,0.0,0.0,0.0,0.0,0.0,0.0,0.0
2017-05-26 22:47:00+02:00,0.0,0.0,0.0,0.0,0.0,0.0,0.0,0.0,0.0,0.0,0.0,0.0,0.0,0.0,0.0,0.0,0.0,0.0,0.0,0.0,0.0,0.0,0.0,0.0,0.0,0.0,0.0,0.0,0.0,0.0,0.0,0.0,0.0,0.0,0.0,0.0,0.0,0.0,0.0,0.0,0.0,0.0,0.0,0.0,0.0,0.0,0.0,0.0,0.0,0.0,0.0,0.0,0.0,0.0,0.0,0.0,0.0,0.0,0.0,0.0,0.0,0.0,0.0,0.0,0.0,0.0,0.0,0.0,0.0,0.0,0.0,0.0,0.0,0.0,0.0,0.0,0.0,0.0,0.0,0.0,0.0,0.0,0.0,0.0,0.0,0.0,0.0,0.0,0.0,0.0,0.0,0.0,0.0,0.0,0.0,0.0,0.0,0.0,0.0,0.0,0.0,0.0,0.0,0.0,0.0,0.0,0.0,0.0,0.0,0.0,0.0,0.0,0.0,0.0,0.0,0.0,0.0,0.0
2017-05-26 22:48:00+02:00,0.0,0.0,0.0,0.0,0.0,0.0,0.0,0.0,0.0,0.0,0.0,0.0,0.0,0.0,0.0,0.0,0.0,0.0,0.0,0.0,0.0,0.0,0.0,0.0,0.0,0.0,0.0,0.0,0.0,0.0,0.0,0.0,0.0,0.0,0.0,0.0,0.0,0.0,0.0,0.0,0.0,0.0,0.0,0.0,0.0,0.0,0.0,0.0,0.0,0.0,0.0,0.0,0.0,0.0,0.0,0.0,0.0,0.0,0.0,0.0,0.0,0.0,0.0,0.0,0.0,0.0,0.0,0.0,0.0,0.0,0.0,0.0,0.0,0.0,0.0,0.0,0.0,0.0,0.0,0.0,0.0,0.0,0.0,0.0,0.0,0.0,0.0,0.0,0.0,0.0,0.0,0.0,0.0,0.0,0.0,0.0,0.0,0.0,0.0,0.0,0.0,0.0,0.0,0.0,0.0,0.0,0.0,0.0,0.0,0.0,0.0,0.0,0.0,0.0,0.0,0.0,0.0,0.0
2017-05-26 22:49:00+02:00,0.0,0.0,0.0,0.0,0.0,0.0,0.0,0.0,0.0,0.0,0.0,0.0,0.0,0.0,0.0,0.0,0.0,0.0,0.0,0.0,0.0,0.0,0.0,0.0,0.0,0.0,0.0,0.0,0.0,0.0,0.0,0.0,0.0,0.0,0.0,0.0,0.0,0.0,0.0,0.0,0.0,0.0,0.0,0.0,0.0,0.0,0.0,0.0,0.0,0.0,0.0,0.0,0.0,0.0,0.0,0.0,0.0,0.0,0.0,0.0,0.0,0.0,0.0,0.0,0.0,0.0,0.0,0.0,0.0,0.0,0.0,0.0,0.0,0.0,0.0,0.0,0.0,0.0,0.0,0.0,0.0,0.0,0.0,0.0,0.0,0.0,0.0,0.0,0.0,0.0,0.0,0.0,0.0,0.0,0.0,0.0,0.0,0.0,0.0,0.0,0.0,0.0,0.0,0.0,0.0,0.0,0.0,0.0,0.0,0.0,0.0,0.0,0.0,0.0,0.0,0.0,0.0,0.0
2017-05-26 22:50:00+02:00,0.0,0.0,0.0,0.0,0.0,0.0,0.0,0.0,0.0,0.0,0.0,0.0,0.0,0.0,0.0,0.0,0.0,0.0,0.0,0.0,0.0,0.0,0.0,0.0,0.0,0.0,0.0,0.0,0.0,0.0,0.0,0.0,0.0,0.0,0.0,0.0,0.0,0.0,0.0,0.0,0.0,0.0,0.0,0.0,0.0,0.0,0.0,0.0,0.0,0.0,0.0,0.0,0.0,0.0,0.0,0.0,0.0,0.0,0.0,0.0,0.0,0.0,0.0,0.0,0.0,0.0,0.0,0.0,0.0,0.0,0.0,0.0,0.0,0.0,0.0,0.0,0.0,0.0,0.0,0.0,0.0,0.0,0.0,0.0,0.0,0.0,0.0,0.0,0.0,0.0,0.0,0.0,0.0,0.0,0.0,0.0,0.0,0.0,0.0,0.0,0.0,0.0,0.0,0.0,0.0,0.0,0.0,0.0,0.0,0.0,0.0,0.0,0.0,0.0,0.0,0.0,0.0,0.0
2017-05-26 22:51:00+02:00,0.0,0.0,0.0,0.0,0.0,0.0,0.0,0.0,0.0,0.0,0.0,0.0,0.0,0.0,0.0,0.0,0.0,0.0,0.0,0.0,0.0,0.0,0.0,0.0,0.0,0.0,0.0,0.0,0.0,0.0,0.0,0.0,0.0,0.0,0.0,0.0,0.0,0.0,0.0,0.0,0.0,0.0,0.0,0.0,0.0,0.0,0.0,0.0,0.0,0.0,0.0,0.0,0.0,0.0,0.0,0.0,0.0,0.0,0.0,0.0,0.0,0.0,0.0,0.0,0.0,0.0,0.0,0.0,0.0,0.0,0.0,0.0,0.0,0.0,0.0,0.0,0.0,0.0,0.0,0.0,0.0,0.0,0.0,0.0,0.0,0.0,0.0,0.0,0.0,0.0,0.0,0.0,0.0,0.0,0.0,0.0,0.0,0.0,0.0,0.0,0.0,0.0,0.0,0.0,0.0,0.0,0.0,0.0,0.0,0.0,0.0,0.0,0.0,0.0,0.0,0.0,0.0,0.0
2017-05-26 22:52:00+02:00,0.0,0.0,0.0,0.0,0.0,0.0,0.0,0.0,0.0,0.0,0.0,0.0,0.0,0.0,0.0,0.0,0.0,0.0,0.0,0.0,0.0,0.0,0.0,0.0,0.0,0.0,0.0,0.0,0.0,0.0,0.0,0.0,0.0,0.0,0.0,0.0,0.0,0.0,0.0,0.0,0.0,0.0,0.0,0.0,0.0,0.0,0.0,0.0,0.0,0.0,0.0,0.0,0.0,0.0,0.0,0.0,0.0,0.0,0.0,0.0,0.0,0.0,0.0,0.0,0.0,0.0,0.0,0.0,0.0,0.0,0.0,0.0,0.0,0.0,0.0,0.0,0.0,0.0,0.0,0.0,0.0,0.0,0.0,0.0,0.0,0.0,0.0,0.0,0.0,0.0,0.0,0.0,0.0,0.0,0.0,0.0,0.0,0.0,0.0,0.0,0.0,0.0,0.0,0.0,0.0,0.0,0.0,0.0,0.0,0.0,0.0,0.0,0.0,0.0,0.0,0.0,0.0,0.0
2017-05-26 22:53:00+02:00,0.0,0.0,0.0,0.0,0.0,0.0,0.0,0.0,0.0,0.0,0.0,0.0,0.0,0.0,0.0,0.0,0.0,0.0,0.0,0.0,0.0,0.0,0.0,0.0,0.0,0.0,0.0,0.0,0.0,0.0,0.0,0.0,0.0,0.0,0.0,0.0,0.0,0.0,0.0,0.0,0.0,0.0,0.0,0.0,0.0,0.0,0.0,0.0,0.0,0.0,0.0,0.0,0.0,0.0,0.0,0.0,0.0,0.0,0.0,0.0,0.0,0.0,0.0,0.0,0.0,0.0,0.0,0.0,0.0,0.0,0.0,0.0,0.0,0.0,0.0,0.0,0.0,0.0,0.0,0.0,0.0,0.0,0.0,0.0,0.0,0.0,0.0,0.0,0.0,0.0,0.0,0.0,0.0,0.0,0.0,0.0,0.0,0.0,0.0,0.0,0.0,0.0,0.0,0.0,0.0,0.0,0.0,0.0,0.0,0.0,0.0,0.0,0.0,0.0,0.0,0.0,0.0,0.0
2017-05-26 22:54:00+02:00,0.0,0.0,0.0,0.0,0.0,0.0,0.0,0.0,0.0,0.0,0.0,0.0,0.0,0.0,0.0,0.0,0.0,0.0,0.0,0.0,0.0,0.0,0.0,0.0,0.0,0.0,0.0,0.0,0.0,0.0,0.0,0.0,0.0,0.0,0.0,0.0,0.0,0.0,0.0,0.0,0.0,0.0,0.0,0.0,0.0,0.0,0.0,0.0,0.0,0.0,0.0,0.0,0.0,0.0,0.0,0.0,0.0,0.0,0.0,0.0,0.0,0.0,0.0,0.0,0.0,0.0,0.0,0.0,0.0,0.0,0.0,0.0,0.0,0.0,0.0,0.0,0.0,0.0,0.0,0.0,0.0,0.0,0.0,0.0,0.0,0.0,0.0,0.0,0.0,0.0,0.0,0.0,0.0,0.0,0.0,0.0,0.0,0.0,0.0,0.0,0.0,0.0,0.0,0.0,0.0,0.0,0.0,0.0,0.0,0.0,0.0,0.0,0.0,0.0,0.0,0.0,0.0,0.0
2017-05-26 22:55:00+02:00,0.0,0.0,0.0,0.0,0.0,0.0,0.0,0.0,0.0,0.0,0.0,0.0,0.0,0.0,0.0,0.0,0.0,0.0,0.0,0.0,0.0,0.0,0.0,0.0,0.0,0.0,0.0,0.0,0.0,0.0,0.0,0.0,0.0,0.0,0.0,0.0,0.0,0.0,0.0,0.0,0.0,0.0,0.0,0.0,0.0,0.0,0.0,0.0,0.0,0.0,0.0,0.0,0.0,0.0,0.0,0.0,0.0,0.0,0.0,0.0,0.0,0.0,0.0,0.0,0.0,0.0,0.0,0.0,0.0,0.0,0.0,0.0,0.0,0.0,0.0,0.0,0.0,0.0,0.0,0.0,0.0,0.0,0.0,0.0,0.0,0.0,0.0,0.0,0.0,0.0,0.0,0.0,0.0,0.0,0.0,0.0,0.0,0.0,0.0,0.0,0.0,0.0,0.0,0.0,0.0,0.0,0.0,0.0,0.0,0.0,0.0,0.0,0.0,0.0,0.0,0.0,0.0,0.0
2017-05-26 22:56:00+02:00,0.0,0.0,0.0,0.0,0.0,0.0,0.0,0.0,0.0,0.0,0.0,0.0,0.0,0.0,0.0,0.0,0.0,0.0,0.0,0.0,0.0,0.0,0.0,0.0,0.0,0.0,0.0,0.0,0.0,0.0,0.0,0.0,0.0,0.0,0.0,0.0,0.0,0.0,0.0,0.0,0.0,0.0,0.0,0.0,0.0,0.0,0.0,0.0,0.0,0.0,0.0,0.0,0.0,0.0,0.0,0.0,0.0,0.0,0.0,0.0,0.0,0.0,0.0,0.0,0.0,0.0,0.0,0.0,0.0,0.0,0.0,0.0,0.0,0.0,0.0,0.0,0.0,0.0,0.0,0.0,0.0,0.0,0.0,0.0,0.0,0.0,0.0,0.0,0.0,0.0,0.0,0.0,0.0,0.0,0.0,0.0,0.0,0.0,0.0,0.0,0.0,0.0,0.0,0.0,0.0,0.0,0.0,0.0,0.0,0.0,0.0,0.0,0.0,0.0,0.0,0.0,0.0,0.0
2017-05-26 22:57:00+02:00,0.0,0.0,0.0,0.0,0.0,0.0,0.0,0.0,0.0,0.0,0.0,0.0,0.0,0.0,0.0,0.0,0.0,0.0,0.0,0.0,0.0,0.0,0.0,0.0,0.0,0.0,0.0,0.0,0.0,0.0,0.0,0.0,0.0,0.0,0.0,0.0,0.0,0.0,0.0,0.0,0.0,0.0,0.0,0.0,0.0,0.0,0.0,0.0,0.0,0.0,0.0,0.0,0.0,0.0,0.0,0.0,0.0,0.0,0.0,0.0,0.0,0.0,0.0,0.0,0.0,0.0,0.0,0.0,0.0,0.0,0.0,0.0,0.0,0.0,0.0,0.0,0.0,0.0,0.0,0.0,0.0,0.0,0.0,0.0,0.0,0.0,0.0,0.0,0.0,0.0,0.0,0.0,0.0,0.0,0.0,0.0,0.0,0.0,0.0,0.0,0.0,0.0,0.0,0.0,0.0,0.0,0.0,0.0,0.0,0.0,0.0,0.0,0.0,0.0,0.0,0.0,0.0,0.0
2017-05-26 22:58:00+02:00,0.0,0.0,0.0,0.0,0.0,0.0,0.0,0.0,0.0,0.0,0.0,0.0,0.0,0.0,0.0,0.0,0.0,0.0,0.0,0.0,0.0,0.0,0.0,0.0,0.0,0.0,0.0,0.0,0.0,0.0,0.0,0.0,0.0,0.0,0.0,0.0,0.0,0.0,0.0,0.0,0.0,0.0,0.0,0.0,0.0,0.0,0.0,0.0,0.0,0.0,0.0,0.0,0.0,0.0,0.0,0.0,0.0,0.0,0.0,0.0,0.0,0.0,0.0,0.0,0.0,0.0,0.0,0.0,0.0,0.0,0.0,0.0,0.0,0.0,0.0,0.0,0.0,0.0,0.0,0.0,0.0,0.0,0.0,0.0,0.0,0.0,0.0,0.0,0.0,0.0,0.0,0.0,0.0,0.0,0.0,0.0,0.0,0.0,0.0,0.0,0.0,0.0,0.0,0.0,0.0,0.0,0.0,0.0,0.0,0.0,0.0,0.0,0.0,0.0,0.0,0.0,0.0,0.0
2017-05-26 22:59:00+02:00,0.0,0.0,0.0,0.0,0.0,0.0,0.0,0.0,0.0,0.0,0.0,0.0,0.0,0.0,0.0,0.0,0.0,0.0,0.0,0.0,0.0,0.0,0.0,0.0,0.0,0.0,0.0,0.0,0.0,0.0,0.0,0.0,0.0,0.0,0.0,0.0,0.0,0.0,0.0,0.0,0.0,0.0,0.0,0.0,0.0,0.0,0.0,0.0,0.0,0.0,0.0,0.0,0.0,0.0,0.0,0.0,0.0,0.0,0.0,0.0,0.0,0.0,0.0,0.0,0.0,0.0,0.0,0.0,0.0,0.0,0.0,0.0,0.0,0.0,0.0,0.0,0.0,0.0,0.0,0.0,0.0,0.0,0.0,0.0,0.0,0.0,0.0,0.0,0.0,0.0,0.0,0.0,0.0,0.0,0.0,0.0,0.0,0.0,0.0,0.0,0.0,0.0,0.0,0.0,0.0,0.0,0.0,0.0,0.0,0.0,0.0,0.0,0.0,0.0,0.0,0.0,0.0,0.0
2017-05-26 23:00:00+02:00,0.0,0.0,0.0,0.0,0.0,0.0,0.0,0.0,0.0,0.0,0.0,0.0,0.0,0.0,0.0,0.0,0.0,0.0,0.0,0.0,0.0,0.0,0.0,0.0,0.0,0.0,0.0,0.0,0.0,0.0,0.0,0.0,0.0,0.0,0.0,0.0,0.0,0.0,0.0,0.0,0.0,0.0,0.0,0.0,0.0,0.0,0.0,0.0,0.0,0.0,0.0,0.0,0.0,0.0,0.0,0.0,0.0,0.0,0.0,0.0,0.0,0.0,0.0,0.0,0.0,0.0,0.0,0.0,0.0,0.0,0.0,0.0,0.0,0.0,0.0,0.0,0.0,0.0,0.0,0.0,0.0,0.0,0.0,0.0,0.0,0.0,0.0,0.0,0.0,0.0,0.0,0.0,0.0,0.0,0.0,0.0,0.0,0.0,0.0,0.0,0.0,0.0,0.0,0.0,0.0,0.0,0.0,0.0,0.0,0.0,0.0,0.0,0.0,0.0,0.0,0.0,0.0,0.0
2017-05-26 23:01:00+02:00,0.0,0.0,0.0,0.0,0.0,0.0,0.0,0.0,0.0,0.0,0.0,0.0,0.0,0.0,0.0,0.0,0.0,0.0,0.0,0.0,0.0,0.0,0.0,0.0,0.0,0.0,0.0,0.0,0.0,0.0,0.0,0.0,0.0,0.0,0.0,0.0,0.0,0.0,0.0,0.0,0.0,0.0,0.0,0.0,0.0,0.0,0.0,0.0,0.0,0.0,0.0,0.0,0.0,0.0,0.0,0.0,0.0,0.0,0.0,0.0,0.0,0.0,0.0,0.0,0.0,0.0,0.0,0.0,0.0,0.0,0.0,0.0,0.0,0.0,0.0,0.0,0.0,0.0,0.0,0.0,0.0,0.0,0.0,0.0,0.0,0.0,0.0,0.0,0.0,0.0,0.0,0.0,0.0,0.0,0.0,0.0,0.0,0.0,0.0,0.0,0.0,0.0,0.0,0.0,0.0,0.0,0.0,0.0,0.0,0.0,0.0,0.0,0.0,0.0,0.0,0.0,0.0,0.0
2017-05-26 23:02:00+02:00,0.0,0.0,0.0,0.0,0.0,0.0,0.0,0.0,0.0,0.0,0.0,0.0,0.0,0.0,0.0,0.0,0.0,0.0,0.0,0.0,0.0,0.0,0.0,0.0,0.0,0.0,0.0,0.0,0.0,0.0,0.0,0.0,0.0,0.0,0.0,0.0,0.0,0.0,0.0,0.0,0.0,0.0,0.0,0.0,0.0,0.0,0.0,0.0,0.0,0.0,0.0,0.0,0.0,0.0,0.0,0.0,0.0,0.0,0.0,0.0,0.0,0.0,0.0,0.0,0.0,0.0,0.0,0.0,0.0,0.0,0.0,0.0,0.0,0.0,0.0,0.0,0.0,0.0,0.0,0.0,0.0,0.0,0.0,0.0,0.0,0.0,0.0,0.0,0.0,0.0,0.0,0.0,0.0,0.0,0.0,0.0,0.0,0.0,0.0,0.0,0.0,0.0,0.0,0.0,0.0,0.0,0.0,0.0,0.0,0.0,0.0,0.0,0.0,0.0,0.0,0.0,0.0,0.0
2017-05-26 23:03:00+02:00,0.0,0.0,0.0,0.0,0.0,0.0,0.0,0.0,0.0,0.0,0.0,0.0,0.0,0.0,0.0,0.0,0.0,0.0,0.0,0.0,0.0,0.0,0.0,0.0,0.0,0.0,0.0,0.0,0.0,0.0,0.0,0.0,0.0,0.0,0.0,0.0,0.0,0.0,0.0,0.0,0.0,0.0,0.0,0.0,0.0,0.0,0.0,0.0,0.0,0.0,0.0,0.0,0.0,0.0,0.0,0.0,0.0,0.0,0.0,0.0,0.0,0.0,0.0,0.0,0.0,0.0,0.0,0.0,0.0,0.0,0.0,0.0,0.0,0.0,0.0,0.0,0.0,0.0,0.0,0.0,0.0,0.0,0.0,0.0,0.0,0.0,0.0,0.0,0.0,0.0,0.0,0.0,0.0,0.0,0.0,0.0,0.0,0.0,0.0,0.0,0.0,0.0,0.0,0.0,0.0,0.0,0.0,0.0,0.0,0.0,0.0,0.0,0.0,0.0,0.0,0.0,0.0,0.0
2017-05-26 23:04:00+02:00,0.0,0.0,0.0,0.0,0.0,0.0,0.0,0.0,0.0,0.0,0.0,0.0,0.0,0.0,0.0,0.0,0.0,0.0,0.0,0.0,0.0,0.0,0.0,0.0,0.0,0.0,0.0,0.0,0.0,0.0,0.0,0.0,0.0,0.0,0.0,0.0,0.0,0.0,0.0,0.0,0.0,0.0,0.0,0.0,0.0,0.0,0.0,0.0,0.0,0.0,0.0,0.0,0.0,0.0,0.0,0.0,0.0,0.0,0.0,0.0,0.0,0.0,0.0,0.0,0.0,0.0,0.0,0.0,0.0,0.0,0.0,0.0,0.0,0.0,0.0,0.0,0.0,0.0,0.0,0.0,0.0,0.0,0.0,0.0,0.0,0.0,0.0,0.0,0.0,0.0,0.0,0.0,0.0,0.0,0.0,0.0,0.0,0.0,0.0,0.0,0.0,0.0,0.0,0.0,0.0,0.0,0.0,0.0,0.0,0.0,0.0,0.0,0.0,0.0,0.0,0.0,0.0,0.0
2017-05-26 23:05:00+02:00,0.0,0.0,0.0,0.0,0.0,0.0,0.0,0.0,0.0,0.0,0.0,0.0,0.0,0.0,0.0,0.0,0.0,0.0,0.0,0.0,0.0,0.0,0.0,0.0,0.0,0.0,0.0,0.0,0.0,0.0,0.0,0.0,0.0,0.0,0.0,0.0,0.0,0.0,0.0,0.0,0.0,0.0,0.0,0.0,0.0,0.0,0.0,0.0,0.0,0.0,0.0,0.0,0.0,0.0,0.0,0.0,0.0,0.0,0.0,0.0,0.0,0.0,0.0,0.0,0.0,0.0,0.0,0.0,0.0,0.0,0.0,0.0,0.0,0.0,0.0,0.0,0.0,0.0,0.0,0.0,0.0,0.0,0.0,0.0,0.0,0.0,0.0,0.0,0.0,0.0,0.0,0.0,0.0,0.0,0.0,0.0,0.0,0.0,0.0,0.0,0.0,0.0,0.0,0.0,0.0,0.0,0.0,0.0,0.0,0.0,0.0,0.0,0.0,0.0,0.0,0.0,0.0,0.0
2017-05-26 23:06:00+02:00,0.0,0.0,0.0,0.0,0.0,0.0,0.0,0.0,0.0,0.0,0.0,0.0,0.0,0.0,0.0,0.0,0.0,0.0,0.0,0.0,0.0,0.0,0.0,0.0,0.0,0.0,0.0,0.0,0.0,0.0,0.0,0.0,0.0,0.0,0.0,0.0,0.0,0.0,0.0,0.0,0.0,0.0,0.0,0.0,0.0,0.0,0.0,0.0,0.0,0.0,0.0,0.0,0.0,0.0,0.0,0.0,0.0,0.0,0.0,0.0,0.0,0.0,0.0,0.0,0.0,0.0,0.0,0.0,0.0,0.0,0.0,0.0,0.0,0.0,0.0,0.0,0.0,0.0,0.0,0.0,0.0,0.0,0.0,0.0,0.0,0.0,0.0,0.0,0.0,0.0,0.0,0.0,0.0,0.0,0.0,0.0,0.0,0.0,0.0,0.0,0.0,0.0,0.0,0.0,0.0,0.0,0.0,0.0,0.0,0.0,0.0,0.0,0.0,0.0,0.0,0.0,0.0,0.0
2017-05-26 23:07:00+02:00,0.0,0.0,0.0,0.0,0.0,0.0,0.0,0.0,0.0,0.0,0.0,0.0,0.0,0.0,0.0,0.0,0.0,0.0,0.0,0.0,0.0,0.0,0.0,0.0,0.0,0.0,0.0,0.0,0.0,0.0,0.0,0.0,0.0,0.0,0.0,0.0,0.0,0.0,0.0,0.0,0.0,0.0,0.0,0.0,0.0,0.0,0.0,0.0,0.0,0.0,0.0,0.0,0.0,0.0,0.0,0.0,0.0,0.0,0.0,0.0,0.0,0.0,0.0,0.0,0.0,0.0,0.0,0.0,0.0,0.0,0.0,0.0,0.0,0.0,0.0,0.0,0.0,0.0,0.0,0.0,0.0,0.0,0.0,0.0,0.0,0.0,0.0,0.0,0.0,0.0,0.0,0.0,0.0,0.0,0.0,0.0,0.0,0.0,0.0,0.0,0.0,0.0,0.0,0.0,0.0,0.0,0.0,0.0,0.0,0.0,0.0,0.0,0.0,0.0,0.0,0.0,0.0,0.0
2017-05-26 23:08:00+02:00,0.0,0.0,0.0,0.0,0.0,0.0,0.0,0.0,0.0,0.0,0.0,0.0,0.0,0.0,0.0,0.0,0.0,0.0,0.0,0.0,0.0,0.0,0.0,0.0,0.0,0.0,0.0,0.0,0.0,0.0,0.0,0.0,0.0,0.0,0.0,0.0,0.0,0.0,0.0,0.0,0.0,0.0,0.0,0.0,0.0,0.0,0.0,0.0,0.0,0.0,0.0,0.0,0.0,0.0,0.0,0.0,0.0,0.0,0.0,0.0,0.0,0.0,0.0,0.0,0.0,0.0,0.0,0.0,0.0,0.0,0.0,0.0,0.0,0.0,0.0,0.0,0.0,0.0,0.0,0.0,0.0,0.0,0.0,0.0,0.0,0.0,0.0,0.0,0.0,0.0,0.0,0.0,0.0,0.0,0.0,0.0,0.0,0.0,0.0,0.0,0.0,0.0,0.0,0.0,0.0,0.0,0.0,0.0,0.0,0.0,0.0,0.0,0.0,0.0,0.0,0.0,0.0,0.0
2017-05-26 23:09:00+02:00,0.0,0.0,0.0,0.0,0.0,0.0,0.0,0.0,0.0,0.0,0.0,0.0,0.0,0.0,0.0,0.0,0.0,0.0,0.0,0.0,0.0,0.0,0.0,0.0,0.0,0.0,0.0,0.0,0.0,0.0,0.0,0.0,0.0,0.0,0.0,0.0,0.0,0.0,0.0,0.0,0.0,0.0,0.0,0.0,0.0,0.0,0.0,0.0,0.0,0.0,0.0,0.0,0.0,0.0,0.0,0.0,0.0,0.0,0.0,0.0,0.0,0.0,0.0,0.0,0.0,0.0,0.0,0.0,0.0,0.0,0.0,0.0,0.0,0.0,0.0,0.0,0.0,0.0,0.0,0.0,0.0,0.0,0.0,0.0,0.0,0.0,0.0,0.0,0.0,0.0,0.0,0.0,0.0,0.0,0.0,0.0,0.0,0.0,0.0,0.0,0.0,0.0,0.0,0.0,0.0,0.0,0.0,0.0,0.0,0.0,0.0,0.0,0.0,0.0,0.0,0.0,0.0,0.0
2017-05-26 23:10:00+02:00,0.0,0.0,0.0,0.0,0.0,0.0,0.0,0.0,0.0,0.0,0.0,0.0,0.0,0.0,0.0,0.0,0.0,0.0,0.0,0.0,0.0,0.0,0.0,0.0,0.0,0.0,0.0,0.0,0.0,0.0,0.0,0.0,0.0,0.0,0.0,0.0,0.0,0.0,0.0,0.0,0.0,0.0,0.0,0.0,0.0,0.0,0.0,0.0,0.0,0.0,0.0,0.0,0.0,0.0,0.0,0.0,0.0,0.0,0.0,0.0,0.0,0.0,0.0,0.0,0.0,0.0,0.0,0.0,0.0,0.0,0.0,0.0,0.0,0.0,0.0,0.0,0.0,0.0,0.0,0.0,0.0,0.0,0.0,0.0,0.0,0.0,0.0,0.0,0.0,0.0,0.0,0.0,0.0,0.0,0.0,0.0,0.0,0.0,0.0,0.0,0.0,0.0,0.0,0.0,0.0,0.0,0.0,0.0,0.0,0.0,0.0,0.0,0.0,0.0,0.0,0.0,0.0,0.0
2017-05-26 23:11:00+02:00,0.0,0.0,0.0,0.0,0.0,0.0,0.0,0.0,0.0,0.0,0.0,0.0,0.0,0.0,0.0,0.0,0.0,0.0,0.0,0.0,0.0,0.0,0.0,0.0,0.0,0.0,0.0,0.0,0.0,0.0,0.0,0.0,0.0,0.0,0.0,0.0,0.0,0.0,0.0,0.0,0.0,0.0,0.0,0.0,0.0,0.0,0.0,0.0,0.0,0.0,0.0,0.0,0.0,0.0,0.0,0.0,0.0,0.0,0.0,0.0,0.0,0.0,0.0,0.0,0.0,0.0,0.0,0.0,0.0,0.0,0.0,0.0,0.0,0.0,0.0,0.0,0.0,0.0,0.0,0.0,0.0,0.0,0.0,0.0,0.0,0.0,0.0,0.0,0.0,0.0,0.0,0.0,0.0,0.0,0.0,0.0,0.0,0.0,0.0,0.0,0.0,0.0,0.0,0.0,0.0,0.0,0.0,0.0,0.0,0.0,0.0,0.0,0.0,0.0,0.0,0.0,0.0,0.0
2017-05-26 23:12:00+02:00,0.0,0.0,0.0,0.0,0.0,0.0,0.0,0.0,0.0,0.0,0.0,0.0,0.0,0.0,0.0,0.0,0.0,0.0,0.0,0.0,0.0,0.0,0.0,0.0,0.0,0.0,0.0,0.0,0.0,0.0,0.0,0.0,0.0,0.0,0.0,0.0,0.0,0.0,0.0,0.0,0.0,0.0,0.0,0.0,0.0,0.0,0.0,0.0,0.0,0.0,0.0,0.0,0.0,0.0,0.0,0.0,0.0,0.0,0.0,0.0,0.0,0.0,0.0,0.0,0.0,0.0,0.0,0.0,0.0,0.0,0.0,0.0,0.0,0.0,0.0,0.0,0.0,0.0,0.0,0.0,0.0,0.0,0.0,0.0,0.0,0.0,0.0,0.0,0.0,0.0,0.0,0.0,0.0,0.0,0.0,0.0,0.0,0.0,0.0,0.0,0.0,0.0,0.0,0.0,0.0,0.0,0.0,0.0,0.0,0.0,0.0,0.0,0.0,0.0,0.0,0.0,0.0,0.0
2017-05-26 23:13:00+02:00,0.0,0.0,0.0,0.0,0.0,0.0,0.0,0.0,0.0,0.0,0.0,0.0,0.0,0.0,0.0,0.0,0.0,0.0,0.0,0.0,0.0,0.0,0.0,0.0,0.0,0.0,0.0,0.0,0.0,0.0,0.0,0.0,0.0,0.0,0.0,0.0,0.0,0.0,0.0,0.0,0.0,0.0,0.0,0.0,0.0,0.0,0.0,0.0,0.0,0.0,0.0,0.0,0.0,0.0,0.0,0.0,0.0,0.0,0.0,0.0,0.0,0.0,0.0,0.0,0.0,0.0,0.0,0.0,0.0,0.0,0.0,0.0,0.0,0.0,0.0,0.0,0.0,0.0,0.0,0.0,0.0,0.0,0.0,0.0,0.0,0.0,0.0,0.0,0.0,0.0,0.0,0.0,0.0,0.0,0.0,0.0,0.0,0.0,0.0,0.0,0.0,0.0,0.0,0.0,0.0,0.0,0.0,0.0,0.0,0.0,0.0,0.0,0.0,0.0,0.0,0.0,0.0,0.0
2017-05-26 23:14:00+02:00,0.0,0.0,0.0,0.0,0.0,0.0,0.0,0.0,0.0,0.0,0.0,0.0,0.0,0.0,0.0,0.0,0.0,0.0,0.0,0.0,0.0,0.0,0.0,0.0,0.0,0.0,0.0,0.0,0.0,0.0,0.0,0.0,0.0,0.0,0.0,0.0,0.0,0.0,0.0,0.0,0.0,0.0,0.0,0.0,0.0,0.0,0.0,0.0,0.0,0.0,0.0,0.0,0.0,0.0,0.0,0.0,0.0,0.0,0.0,0.0,0.0,0.0,0.0,0.0,0.0,0.0,0.0,0.0,0.0,0.0,0.0,0.0,0.0,0.0,0.0,0.0,0.0,0.0,0.0,0.0,0.0,0.0,0.0,0.0,0.0,0.0,0.0,0.0,0.0,0.0,0.0,0.0,0.0,0.0,0.0,0.0,0.0,0.0,0.0,0.0,0.0,0.0,0.0,0.0,0.0,0.0,0.0,0.0,0.0,0.0,0.0,0.0,0.0,0.0,0.0,0.0,0.0,0.0
2017-05-26 23:15:00+02:00,0.0,0.0,0.0,0.0,0.0,0.0,0.0,0.0,0.0,0.0,0.0,0.0,0.0,0.0,0.0,0.0,0.0,0.0,0.0,0.0,0.0,0.0,0.0,0.0,0.0,0.0,0.0,0.0,0.0,0.0,0.0,0.0,0.0,0.0,0.0,0.0,0.0,0.0,0.0,0.0,0.0,0.0,0.0,0.0,0.0,0.0,0.0,0.0,0.0,0.0,0.0,0.0,0.0,0.0,0.0,0.0,0.0,0.0,0.0,0.0,0.0,0.0,0.0,0.0,0.0,0.0,0.0,0.0,0.0,0.0,0.0,0.0,0.0,0.0,0.0,0.0,0.0,0.0,0.0,0.0,0.0,0.0,0.0,0.0,0.0,0.0,0.0,0.0,0.0,0.0,0.0,0.0,0.0,0.0,0.0,0.0,0.0,0.0,0.0,0.0,0.0,0.0,0.0,0.0,0.0,0.0,0.0,0.0,0.0,0.0,0.0,0.0,0.0,0.0,0.0,0.0,0.0,0.0
2017-05-26 23:16:00+02:00,0.0,0.0,0.0,0.0,0.0,0.0,0.0,0.0,0.0,0.0,0.0,0.0,0.0,0.0,0.0,0.0,0.0,0.0,0.0,0.0,0.0,0.0,0.0,0.0,0.0,0.0,0.0,0.0,0.0,0.0,0.0,0.0,0.0,0.0,0.0,0.0,0.0,0.0,0.0,0.0,0.0,0.0,0.0,0.0,0.0,0.0,0.0,0.0,0.0,0.0,0.0,0.0,0.0,0.0,0.0,0.0,0.0,0.0,0.0,0.0,0.0,0.0,0.0,0.0,0.0,0.0,0.0,0.0,0.0,0.0,0.0,0.0,0.0,0.0,0.0,0.0,0.0,0.0,0.0,0.0,0.0,0.0,0.0,0.0,0.0,0.0,0.0,0.0,0.0,0.0,0.0,0.0,0.0,0.0,0.0,0.0,0.0,0.0,0.0,0.0,0.0,0.0,0.0,0.0,0.0,0.0,0.0,0.0,0.0,0.0,0.0,0.0,0.0,0.0,0.0,0.0,0.0,0.0
2017-05-26 23:17:00+02:00,0.0,0.0,0.0,0.0,0.0,0.0,0.0,0.0,0.0,0.0,0.0,0.0,0.0,0.0,0.0,0.0,0.0,0.0,0.0,0.0,0.0,0.0,0.0,0.0,0.0,0.0,0.0,0.0,0.0,0.0,0.0,0.0,0.0,0.0,0.0,0.0,0.0,0.0,0.0,0.0,0.0,0.0,0.0,0.0,0.0,0.0,0.0,0.0,0.0,0.0,0.0,0.0,0.0,0.0,0.0,0.0,0.0,0.0,0.0,0.0,0.0,0.0,0.0,0.0,0.0,0.0,0.0,0.0,0.0,0.0,0.0,0.0,0.0,0.0,0.0,0.0,0.0,0.0,0.0,0.0,0.0,0.0,0.0,0.0,0.0,0.0,0.0,0.0,0.0,0.0,0.0,0.0,0.0,0.0,0.0,0.0,0.0,0.0,0.0,0.0,0.0,0.0,0.0,0.0,0.0,0.0,0.0,0.0,0.0,0.0,0.0,0.0,0.0,0.0,0.0,0.0,0.0,0.0
2017-05-26 23:18:00+02:00,0.0,0.0,0.0,0.0,0.0,0.0,0.0,0.0,0.0,0.0,0.0,0.0,0.0,0.0,0.0,0.0,0.0,0.0,0.0,0.0,0.0,0.0,0.0,0.0,0.0,0.0,0.0,0.0,0.0,0.0,0.0,0.0,0.0,0.0,0.0,0.0,0.0,0.0,0.0,0.0,0.0,0.0,0.0,0.0,0.0,0.0,0.0,0.0,0.0,0.0,0.0,0.0,0.0,0.0,0.0,0.0,0.0,0.0,0.0,0.0,0.0,0.0,0.0,0.0,0.0,0.0,0.0,0.0,0.0,0.0,0.0,0.0,0.0,0.0,0.0,0.0,0.0,0.0,0.0,0.0,0.0,0.0,0.0,0.0,0.0,0.0,0.0,0.0,0.0,0.0,0.0,0.0,0.0,0.0,0.0,0.0,0.0,0.0,0.0,0.0,0.0,0.0,0.0,0.0,0.0,0.0,0.0,0.0,0.0,0.0,0.0,0.0,0.0,0.0,0.0,0.0,0.0,0.0
2017-05-26 23:19:00+02:00,0.0,0.0,0.0,0.0,0.0,0.0,0.0,0.0,0.0,0.0,0.0,0.0,0.0,0.0,0.0,0.0,0.0,0.0,0.0,0.0,0.0,0.0,0.0,0.0,0.0,0.0,0.0,0.0,0.0,0.0,0.0,0.0,0.0,0.0,0.0,0.0,0.0,0.0,0.0,0.0,0.0,0.0,0.0,0.0,0.0,0.0,0.0,0.0,0.0,0.0,0.0,0.0,0.0,0.0,0.0,0.0,0.0,0.0,0.0,0.0,0.0,0.0,0.0,0.0,0.0,0.0,0.0,0.0,0.0,0.0,0.0,0.0,0.0,0.0,0.0,0.0,0.0,0.0,0.0,0.0,0.0,0.0,0.0,0.0,0.0,0.0,0.0,0.0,0.0,0.0,0.0,0.0,0.0,0.0,0.0,0.0,0.0,0.0,0.0,0.0,0.0,0.0,0.0,0.0,0.0,0.0,0.0,0.0,0.0,0.0,0.0,0.0,0.0,0.0,0.0,0.0,0.0,0.0
2017-05-26 23:20:00+02:00,0.0,0.0,0.0,0.0,0.0,0.0,0.0,0.0,0.0,0.0,0.0,0.0,0.0,0.0,0.0,0.0,0.0,0.0,0.0,0.0,0.0,0.0,0.0,0.0,0.0,0.0,0.0,0.0,0.0,0.0,0.0,0.0,0.0,0.0,0.0,0.0,0.0,0.0,0.0,0.0,0.0,0.0,0.0,0.0,0.0,0.0,0.0,0.0,0.0,0.0,0.0,0.0,0.0,0.0,0.0,0.0,0.0,0.0,0.0,0.0,0.0,0.0,0.0,0.0,0.0,0.0,0.0,0.0,0.0,0.0,0.0,0.0,0.0,0.0,0.0,0.0,0.0,0.0,0.0,0.0,0.0,0.0,0.0,0.0,0.0,0.0,0.0,0.0,0.0,0.0,0.0,0.0,0.0,0.0,0.0,0.0,0.0,0.0,0.0,0.0,0.0,0.0,0.0,0.0,0.0,0.0,0.0,0.0,0.0,0.0,0.0,0.0,0.0,0.0,0.0,0.0,0.0,0.0
2017-05-26 23:21:00+02:00,0.0,0.0,0.0,0.0,0.0,0.0,0.0,0.0,0.0,0.0,0.0,0.0,0.0,0.0,0.0,0.0,0.0,0.0,0.0,0.0,0.0,0.0,0.0,0.0,0.0,0.0,0.0,0.0,0.0,0.0,0.0,0.0,0.0,0.0,0.0,0.0,0.0,0.0,0.0,0.0,0.0,0.0,0.0,0.0,0.0,0.0,0.0,0.0,0.0,0.0,0.0,0.0,0.0,0.0,0.0,0.0,0.0,0.0,0.0,0.0,0.0,0.0,0.0,0.0,0.0,0.0,0.0,0.0,0.0,0.0,0.0,0.0,0.0,0.0,0.0,0.0,0.0,0.0,0.0,0.0,0.0,0.0,0.0,0.0,0.0,0.0,0.0,0.0,0.0,0.0,0.0,0.0,0.0,0.0,0.0,0.0,0.0,0.0,0.0,0.0,0.0,0.0,0.0,0.0,0.0,0.0,0.0,0.0,0.0,0.0,0.0,0.0,0.0,0.0,0.0,0.0,0.0,0.0
2017-05-26 23:22:00+02:00,0.0,0.0,0.0,0.0,0.0,0.0,0.0,0.0,0.0,0.0,0.0,0.0,0.0,0.0,0.0,0.0,0.0,0.0,0.0,0.0,0.0,0.0,0.0,0.0,0.0,0.0,0.0,0.0,0.0,0.0,0.0,0.0,0.0,0.0,0.0,0.0,0.0,0.0,0.0,0.0,0.0,0.0,0.0,0.0,0.0,0.0,0.0,0.0,0.0,0.0,0.0,0.0,0.0,0.0,0.0,0.0,0.0,0.0,0.0,0.0,0.0,0.0,0.0,0.0,0.0,0.0,0.0,0.0,0.0,0.0,0.0,0.0,0.0,0.0,0.0,0.0,0.0,0.0,0.0,0.0,0.0,0.0,0.0,0.0,0.0,0.0,0.0,0.0,0.0,0.0,0.0,0.0,0.0,0.0,0.0,0.0,0.0,0.0,0.0,0.0,0.0,0.0,0.0,0.0,0.0,0.0,0.0,0.0,0.0,0.0,0.0,0.0,0.0,0.0,0.0,0.0,0.0,0.0
2017-05-26 23:23:00+02:00,0.0,0.0,0.0,0.0,0.0,0.0,0.0,0.0,0.0,0.0,0.0,0.0,0.0,0.0,0.0,0.0,0.0,0.0,0.0,0.0,0.0,0.0,0.0,0.0,0.0,0.0,0.0,0.0,0.0,0.0,0.0,0.0,0.0,0.0,0.0,0.0,0.0,0.0,0.0,0.0,0.0,0.0,0.0,0.0,0.0,0.0,0.0,0.0,0.0,0.0,0.0,0.0,0.0,0.0,0.0,0.0,0.0,0.0,0.0,0.0,0.0,0.0,0.0,0.0,0.0,0.0,0.0,0.0,0.0,0.0,0.0,0.0,0.0,0.0,0.0,0.0,0.0,0.0,0.0,0.0,0.0,0.0,0.0,0.0,0.0,0.0,0.0,0.0,0.0,0.0,0.0,0.0,0.0,0.0,0.0,0.0,0.0,0.0,0.0,0.0,0.0,0.0,0.0,0.0,0.0,0.0,0.0,0.0,0.0,0.0,0.0,0.0,0.0,0.0,0.0,0.0,0.0,0.0
2017-05-26 23:24:00+02:00,0.0,0.0,0.0,0.0,0.0,0.0,0.0,0.0,0.0,0.0,0.0,0.0,0.0,0.0,0.0,0.0,0.0,0.0,0.0,0.0,0.0,0.0,0.0,0.0,0.0,0.0,0.0,0.0,0.0,0.0,0.0,0.0,0.0,0.0,0.0,0.0,0.0,0.0,0.0,0.0,0.0,0.0,0.0,0.0,0.0,0.0,0.0,0.0,0.0,0.0,0.0,0.0,0.0,0.0,0.0,0.0,0.0,0.0,0.0,0.0,0.0,0.0,0.0,0.0,0.0,0.0,0.0,0.0,0.0,0.0,0.0,0.0,0.0,0.0,0.0,0.0,0.0,0.0,0.0,0.0,0.0,0.0,0.0,0.0,0.0,0.0,0.0,0.0,0.0,0.0,0.0,0.0,0.0,0.0,0.0,0.0,0.0,0.0,0.0,0.0,0.0,0.0,0.0,0.0,0.0,0.0,0.0,0.0,0.0,0.0,0.0,0.0,0.0,0.0,0.0,0.0,0.0,0.0
2017-05-26 23:25:00+02:00,0.0,0.0,0.0,0.0,0.0,0.0,0.0,0.0,0.0,0.0,0.0,0.0,0.0,0.0,0.0,0.0,0.0,0.0,0.0,0.0,0.0,0.0,0.0,0.0,0.0,0.0,0.0,0.0,0.0,0.0,0.0,0.0,0.0,0.0,0.0,0.0,0.0,0.0,0.0,0.0,0.0,0.0,0.0,0.0,0.0,0.0,0.0,0.0,0.0,0.0,0.0,0.0,0.0,0.0,0.0,0.0,0.0,0.0,0.0,0.0,0.0,0.0,0.0,0.0,0.0,0.0,0.0,0.0,0.0,0.0,0.0,0.0,0.0,0.0,0.0,0.0,0.0,0.0,0.0,0.0,0.0,0.0,0.0,0.0,0.0,0.0,0.0,0.0,0.0,0.0,0.0,0.0,0.0,0.0,0.0,0.0,0.0,0.0,0.0,0.0,0.0,0.0,0.0,0.0,0.0,0.0,0.0,0.0,0.0,0.0,0.0,0.0,0.0,0.0,0.0,0.0,0.0,0.0
2017-05-26 23:26:00+02:00,0.0,0.0,0.0,0.0,0.0,0.0,0.0,0.0,0.0,0.0,0.0,0.0,0.0,0.0,0.0,0.0,0.0,0.0,0.0,0.0,0.0,0.0,0.0,0.0,0.0,0.0,0.0,0.0,0.0,0.0,0.0,0.0,0.0,0.0,0.0,0.0,0.0,0.0,0.0,0.0,0.0,0.0,0.0,0.0,0.0,0.0,0.0,0.0,0.0,0.0,0.0,0.0,0.0,0.0,0.0,0.0,0.0,0.0,0.0,0.0,0.0,0.0,0.0,0.0,0.0,0.0,0.0,0.0,0.0,0.0,0.0,0.0,0.0,0.0,0.0,0.0,0.0,0.0,0.0,0.0,0.0,0.0,0.0,0.0,0.0,0.0,0.0,0.0,0.0,0.0,0.0,0.0,0.0,0.0,0.0,0.0,0.0,0.0,0.0,0.0,0.0,0.0,0.0,0.0,0.0,0.0,0.0,0.0,0.0,0.0,0.0,0.0,0.0,0.0,0.0,0.0,0.0,0.0
2017-05-26 23:27:00+02:00,0.0,0.0,0.0,0.0,0.0,0.0,0.0,0.0,0.0,0.0,0.0,0.0,0.0,0.0,0.0,0.0,0.0,0.0,0.0,0.0,0.0,0.0,0.0,0.0,0.0,0.0,0.0,0.0,0.0,0.0,0.0,0.0,0.0,0.0,0.0,0.0,0.0,0.0,0.0,0.0,0.0,0.0,0.0,0.0,0.0,0.0,0.0,0.0,0.0,0.0,0.0,0.0,0.0,0.0,0.0,0.0,0.0,0.0,0.0,0.0,0.0,0.0,0.0,0.0,0.0,0.0,0.0,0.0,0.0,0.0,0.0,0.0,0.0,0.0,0.0,0.0,0.0,0.0,0.0,0.0,0.0,0.0,0.0,0.0,0.0,0.0,0.0,0.0,0.0,0.0,0.0,0.0,0.0,0.0,0.0,0.0,0.0,0.0,0.0,0.0,0.0,0.0,0.0,0.0,0.0,0.0,0.0,0.0,0.0,0.0,0.0,0.0,0.0,0.0,0.0,0.0,0.0,0.0
2017-05-26 23:28:00+02:00,0.0,0.0,0.0,0.0,0.0,0.0,0.0,0.0,0.0,0.0,0.0,0.0,0.0,0.0,0.0,0.0,0.0,0.0,0.0,0.0,0.0,0.0,0.0,0.0,0.0,0.0,0.0,0.0,0.0,0.0,0.0,0.0,0.0,0.0,0.0,0.0,0.0,0.0,0.0,0.0,0.0,0.0,0.0,0.0,0.0,0.0,0.0,0.0,0.0,0.0,0.0,0.0,0.0,0.0,0.0,0.0,0.0,0.0,0.0,0.0,0.0,0.0,0.0,0.0,0.0,0.0,0.0,0.0,0.0,0.0,0.0,0.0,0.0,0.0,0.0,0.0,0.0,0.0,0.0,0.0,0.0,0.0,0.0,0.0,0.0,0.0,0.0,0.0,0.0,0.0,0.0,0.0,0.0,0.0,0.0,0.0,0.0,0.0,0.0,0.0,0.0,0.0,0.0,0.0,0.0,0.0,0.0,0.0,0.0,0.0,0.0,0.0,0.0,0.0,0.0,0.0,0.0,0.0
2017-05-26 23:29:00+02:00,0.0,0.0,0.0,0.0,0.0,0.0,0.0,0.0,0.0,0.0,0.0,0.0,0.0,0.0,0.0,0.0,0.0,0.0,0.0,0.0,0.0,0.0,0.0,0.0,0.0,0.0,0.0,0.0,0.0,0.0,0.0,0.0,0.0,0.0,0.0,0.0,0.0,0.0,0.0,0.0,0.0,0.0,0.0,0.0,0.0,0.0,0.0,0.0,0.0,0.0,0.0,0.0,0.0,0.0,0.0,0.0,0.0,0.0,0.0,0.0,0.0,0.0,0.0,0.0,0.0,0.0,0.0,0.0,0.0,0.0,0.0,0.0,0.0,0.0,0.0,0.0,0.0,0.0,0.0,0.0,0.0,0.0,0.0,0.0,0.0,0.0,0.0,0.0,0.0,0.0,0.0,0.0,0.0,0.0,0.0,0.0,0.0,0.0,0.0,0.0,0.0,0.0,0.0,0.0,0.0,0.0,0.0,0.0,0.0,0.0,0.0,0.0,0.0,0.0,0.0,0.0,0.0,0.0
2017-05-26 23:30:00+02:00,0.0,0.0,0.0,0.0,0.0,0.0,0.0,0.0,0.0,0.0,0.0,0.0,0.0,0.0,0.0,0.0,0.0,0.0,0.0,0.0,0.0,0.0,0.0,0.0,0.0,0.0,0.0,0.0,0.0,0.0,0.0,0.0,0.0,0.0,0.0,0.0,0.0,0.0,0.0,0.0,0.0,0.0,0.0,0.0,0.0,0.0,0.0,0.0,0.0,0.0,0.0,0.0,0.0,0.0,0.0,0.0,0.0,0.0,0.0,0.0,0.0,0.0,0.0,0.0,0.0,0.0,0.0,0.0,0.0,0.0,0.0,0.0,0.0,0.0,0.0,0.0,0.0,0.0,0.0,0.0,0.0,0.0,0.0,0.0,0.0,0.0,0.0,0.0,0.0,0.0,0.0,0.0,0.0,0.0,0.0,0.0,0.0,0.0,0.0,0.0,0.0,0.0,0.0,0.0,0.0,0.0,0.0,0.0,0.0,0.0,0.0,0.0,0.0,0.0,0.0,0.0,0.0,0.0
2017-05-26 23:31:00+02:00,0.0,0.0,0.0,0.0,0.0,0.0,0.0,0.0,0.0,0.0,0.0,0.0,0.0,0.0,0.0,0.0,0.0,0.0,0.0,0.0,0.0,0.0,0.0,0.0,0.0,0.0,0.0,0.0,0.0,0.0,0.0,0.0,0.0,0.0,0.0,0.0,0.0,0.0,0.0,0.0,0.0,0.0,0.0,0.0,0.0,0.0,0.0,0.0,0.0,0.0,0.0,0.0,0.0,0.0,0.0,0.0,0.0,0.0,0.0,0.0,0.0,0.0,0.0,0.0,0.0,0.0,0.0,0.0,0.0,0.0,0.0,0.0,0.0,0.0,0.0,0.0,0.0,0.0,0.0,0.0,0.0,0.0,0.0,0.0,0.0,0.0,0.0,0.0,0.0,0.0,0.0,0.0,0.0,0.0,0.0,0.0,0.0,0.0,0.0,0.0,0.0,0.0,0.0,0.0,0.0,0.0,0.0,0.0,0.0,0.0,0.0,0.0,0.0,0.0,0.0,0.0,0.0,0.0
2017-05-26 23:32:00+02:00,0.0,0.0,0.0,0.0,0.0,0.0,0.0,0.0,0.0,0.0,0.0,0.0,0.0,0.0,0.0,0.0,0.0,0.0,0.0,0.0,0.0,0.0,0.0,0.0,0.0,0.0,0.0,0.0,0.0,0.0,0.0,0.0,0.0,0.0,0.0,0.0,0.0,0.0,0.0,0.0,0.0,0.0,0.0,0.0,0.0,0.0,0.0,0.0,0.0,0.0,0.0,0.0,0.0,0.0,0.0,0.0,0.0,0.0,0.0,0.0,0.0,0.0,0.0,0.0,0.0,0.0,0.0,0.0,0.0,0.0,0.0,0.0,0.0,0.0,0.0,0.0,0.0,0.0,0.0,0.0,0.0,0.0,0.0,0.0,0.0,0.0,0.0,0.0,0.0,0.0,0.0,0.0,0.0,0.0,0.0,0.0,0.0,0.0,0.0,0.0,0.0,0.0,0.0,0.0,0.0,0.0,0.0,0.0,0.0,0.0,0.0,0.0,0.0,0.0,0.0,0.0,0.0,0.0
2017-05-26 23:33:00+02:00,0.0,0.0,0.0,0.0,0.0,0.0,0.0,0.0,0.0,0.0,0.0,0.0,0.0,0.0,0.0,0.0,0.0,0.0,0.0,0.0,0.0,0.0,0.0,0.0,0.0,0.0,0.0,0.0,0.0,0.0,0.0,0.0,0.0,0.0,0.0,0.0,0.0,0.0,0.0,0.0,0.0,0.0,0.0,0.0,0.0,0.0,0.0,0.0,0.0,0.0,0.0,0.0,0.0,0.0,0.0,0.0,0.0,0.0,0.0,0.0,0.0,0.0,0.0,0.0,0.0,0.0,0.0,0.0,0.0,0.0,0.0,0.0,0.0,0.0,0.0,0.0,0.0,0.0,0.0,0.0,0.0,0.0,0.0,0.0,0.0,0.0,0.0,0.0,0.0,0.0,0.0,0.0,0.0,0.0,0.0,0.0,0.0,0.0,0.0,0.0,0.0,0.0,0.0,0.0,0.0,0.0,0.0,0.0,0.0,0.0,0.0,0.0,0.0,0.0,0.0,0.0,0.0,0.0
2017-05-26 23:34:00+02:00,0.0,0.0,0.0,0.0,0.0,0.0,0.0,0.0,0.0,0.0,0.0,0.0,0.0,0.0,0.0,0.0,0.0,0.0,0.0,0.0,0.0,0.0,0.0,0.0,0.0,0.0,0.0,0.0,0.0,0.0,0.0,0.0,0.0,0.0,0.0,0.0,0.0,0.0,0.0,0.0,0.0,0.0,0.0,0.0,0.0,0.0,0.0,0.0,0.0,0.0,0.0,0.0,0.0,0.0,0.0,0.0,0.0,0.0,0.0,0.0,0.0,0.0,0.0,0.0,0.0,0.0,0.0,0.0,0.0,0.0,0.0,0.0,0.0,0.0,0.0,0.0,0.0,0.0,0.0,0.0,0.0,0.0,0.0,0.0,0.0,0.0,0.0,0.0,0.0,0.0,0.0,0.0,0.0,0.0,0.0,0.0,0.0,0.0,0.0,0.0,0.0,0.0,0.0,0.0,0.0,0.0,0.0,0.0,0.0,0.0,0.0,0.0,0.0,0.0,0.0,0.0,0.0,0.0
2017-05-26 23:35:00+02:00,0.0,0.0,0.0,0.0,0.0,0.0,0.0,0.0,0.0,0.0,0.0,0.0,0.0,0.0,0.0,0.0,0.0,0.0,0.0,0.0,0.0,0.0,0.0,0.0,0.0,0.0,0.0,0.0,0.0,0.0,0.0,0.0,0.0,0.0,0.0,0.0,0.0,0.0,0.0,0.0,0.0,0.0,0.0,0.0,0.0,0.0,0.0,0.0,0.0,0.0,0.0,0.0,0.0,0.0,0.0,0.0,0.0,0.0,0.0,0.0,0.0,0.0,0.0,0.0,0.0,0.0,0.0,0.0,0.0,0.0,0.0,0.0,0.0,0.0,0.0,0.0,0.0,0.0,0.0,0.0,0.0,0.0,0.0,0.0,0.0,0.0,0.0,0.0,0.0,0.0,0.0,0.0,0.0,0.0,0.0,0.0,0.0,0.0,0.0,0.0,0.0,0.0,0.0,0.0,0.0,0.0,0.0,0.0,0.0,0.0,0.0,0.0,0.0,0.0,0.0,0.0,0.0,0.0
2017-05-26 23:36:00+02:00,0.0,0.0,0.0,0.0,0.0,0.0,0.0,0.0,0.0,0.0,0.0,0.0,0.0,0.0,0.0,0.0,0.0,0.0,0.0,0.0,0.0,0.0,0.0,0.0,0.0,0.0,0.0,0.0,0.0,0.0,0.0,0.0,0.0,0.0,0.0,0.0,0.0,0.0,0.0,0.0,0.0,0.0,0.0,0.0,0.0,0.0,0.0,0.0,0.0,0.0,0.0,0.0,0.0,0.0,0.0,0.0,0.0,0.0,0.0,0.0,0.0,0.0,0.0,0.0,0.0,0.0,0.0,0.0,0.0,0.0,0.0,0.0,0.0,0.0,0.0,0.0,0.0,0.0,0.0,0.0,0.0,0.0,0.0,0.0,0.0,0.0,0.0,0.0,0.0,0.0,0.0,0.0,0.0,0.0,0.0,0.0,0.0,0.0,0.0,0.0,0.0,0.0,0.0,0.0,0.0,0.0,0.0,0.0,0.0,0.0,0.0,0.0,0.0,0.0,0.0,0.0,0.0,0.0
2017-05-26 23:37:00+02:00,0.0,0.0,0.0,0.0,0.0,0.0,0.0,0.0,0.0,0.0,0.0,0.0,0.0,0.0,0.0,0.0,0.0,0.0,0.0,0.0,0.0,0.0,0.0,0.0,0.0,0.0,0.0,0.0,0.0,0.0,0.0,0.0,0.0,0.0,0.0,0.0,0.0,0.0,0.0,0.0,0.0,0.0,0.0,0.0,0.0,0.0,0.0,0.0,0.0,0.0,0.0,0.0,0.0,0.0,0.0,0.0,0.0,0.0,0.0,0.0,0.0,0.0,0.0,0.0,0.0,0.0,0.0,0.0,0.0,0.0,0.0,0.0,0.0,0.0,0.0,0.0,0.0,0.0,0.0,0.0,0.0,0.0,0.0,0.0,0.0,0.0,0.0,0.0,0.0,0.0,0.0,0.0,0.0,0.0,0.0,0.0,0.0,0.0,0.0,0.0,0.0,0.0,0.0,0.0,0.0,0.0,0.0,0.0,0.0,0.0,0.0,0.0,0.0,0.0,0.0,0.0,0.0,0.0
2017-05-26 23:38:00+02:00,0.0,0.0,0.0,0.0,0.0,0.0,0.0,0.0,0.0,0.0,0.0,0.0,0.0,0.0,0.0,0.0,0.0,0.0,0.0,0.0,0.0,0.0,0.0,0.0,0.0,0.0,0.0,0.0,0.0,0.0,0.0,0.0,0.0,0.0,0.0,0.0,0.0,0.0,0.0,0.0,0.0,0.0,0.0,0.0,0.0,0.0,0.0,0.0,0.0,0.0,0.0,0.0,0.0,0.0,0.0,0.0,0.0,0.0,0.0,0.0,0.0,0.0,0.0,0.0,0.0,0.0,0.0,0.0,0.0,0.0,0.0,0.0,0.0,0.0,0.0,0.0,0.0,0.0,0.0,0.0,0.0,0.0,0.0,0.0,0.0,0.0,0.0,0.0,0.0,0.0,0.0,0.0,0.0,0.0,0.0,0.0,0.0,0.0,0.0,0.0,0.0,0.0,0.0,0.0,0.0,0.0,0.0,0.0,0.0,0.0,0.0,0.0,0.0,0.0,0.0,0.0,0.0,0.0
2017-05-26 23:39:00+02:00,0.0,0.0,0.0,0.0,0.0,0.0,0.0,0.0,0.0,0.0,0.0,0.0,0.0,0.0,0.0,0.0,0.0,0.0,0.0,0.0,0.0,0.0,0.0,0.0,0.0,0.0,0.0,0.0,0.0,0.0,0.0,0.0,0.0,0.0,0.0,0.0,0.0,0.0,0.0,0.0,0.0,0.0,0.0,0.0,0.0,0.0,0.0,0.0,0.0,0.0,0.0,0.0,0.0,0.0,0.0,0.0,0.0,0.0,0.0,0.0,0.0,0.0,0.0,0.0,0.0,0.0,0.0,0.0,0.0,0.0,0.0,0.0,0.0,0.0,0.0,0.0,0.0,0.0,0.0,0.0,0.0,0.0,0.0,0.0,0.0,0.0,0.0,0.0,0.0,0.0,0.0,0.0,0.0,0.0,0.0,0.0,0.0,0.0,0.0,0.0,0.0,0.0,0.0,0.0,0.0,0.0,0.0,0.0,0.0,0.0,0.0,0.0,0.0,0.0,0.0,0.0,0.0,0.0
2017-05-26 23:40:00+02:00,0.0,0.0,0.0,0.0,0.0,0.0,0.0,0.0,0.0,0.0,0.0,0.0,0.0,0.0,0.0,0.0,0.0,0.0,0.0,0.0,0.0,0.0,0.0,0.0,0.0,0.0,0.0,0.0,0.0,0.0,0.0,0.0,0.0,0.0,0.0,0.0,0.0,0.0,0.0,0.0,0.0,0.0,0.0,0.0,0.0,0.0,0.0,0.0,0.0,0.0,0.0,0.0,0.0,0.0,0.0,0.0,0.0,0.0,0.0,0.0,0.0,0.0,0.0,0.0,0.0,0.0,0.0,0.0,0.0,0.0,0.0,0.0,0.0,0.0,0.0,0.0,0.0,0.0,0.0,0.0,0.0,0.0,0.0,0.0,0.0,0.0,0.0,0.0,0.0,0.0,0.0,0.0,0.0,0.0,0.0,0.0,0.0,0.0,0.0,0.0,0.0,0.0,0.0,0.0,0.0,0.0,0.0,0.0,0.0,0.0,0.0,0.0,0.0,0.0,0.0,0.0,0.0,0.0
2017-05-26 23:41:00+02:00,0.0,0.0,0.0,0.0,0.0,0.0,0.0,0.0,0.0,0.0,0.0,0.0,0.0,0.0,0.0,0.0,0.0,0.0,0.0,0.0,0.0,0.0,0.0,0.0,0.0,0.0,0.0,0.0,0.0,0.0,0.0,0.0,0.0,0.0,0.0,0.0,0.0,0.0,0.0,0.0,0.0,0.0,0.0,0.0,0.0,0.0,0.0,0.0,0.0,0.0,0.0,0.0,0.0,0.0,0.0,0.0,0.0,0.0,0.0,0.0,0.0,0.0,0.0,0.0,0.0,0.0,0.0,0.0,0.0,0.0,0.0,0.0,0.0,0.0,0.0,0.0,0.0,0.0,0.0,0.0,0.0,0.0,0.0,0.0,0.0,0.0,0.0,0.0,0.0,0.0,0.0,0.0,0.0,0.0,0.0,0.0,0.0,0.0,0.0,0.0,0.0,0.0,0.0,0.0,0.0,0.0,0.0,0.0,0.0,0.0,0.0,0.0,0.0,0.0,0.0,0.0,0.0,0.0
2017-05-26 23:42:00+02:00,0.0,0.0,0.0,0.0,0.0,0.0,0.0,0.0,0.0,0.0,0.0,0.0,0.0,0.0,0.0,0.0,0.0,0.0,0.0,0.0,0.0,0.0,0.0,0.0,0.0,0.0,0.0,0.0,0.0,0.0,0.0,0.0,0.0,0.0,0.0,0.0,0.0,0.0,0.0,0.0,0.0,0.0,0.0,0.0,0.0,0.0,0.0,0.0,0.0,0.0,0.0,0.0,0.0,0.0,0.0,0.0,0.0,0.0,0.0,0.0,0.0,0.0,0.0,0.0,0.0,0.0,0.0,0.0,0.0,0.0,0.0,0.0,0.0,0.0,0.0,0.0,0.0,0.0,0.0,0.0,0.0,0.0,0.0,0.0,0.0,0.0,0.0,0.0,0.0,0.0,0.0,0.0,0.0,0.0,0.0,0.0,0.0,0.0,0.0,0.0,0.0,0.0,0.0,0.0,0.0,0.0,0.0,0.0,0.0,0.0,0.0,0.0,0.0,0.0,0.0,0.0,0.0,0.0
2017-05-26 23:43:00+02:00,0.0,0.0,0.0,0.0,0.0,0.0,0.0,0.0,0.0,0.0,0.0,0.0,0.0,0.0,0.0,0.0,0.0,0.0,0.0,0.0,0.0,0.0,0.0,0.0,0.0,0.0,0.0,0.0,0.0,0.0,0.0,0.0,0.0,0.0,0.0,0.0,0.0,0.0,0.0,0.0,0.0,0.0,0.0,0.0,0.0,0.0,0.0,0.0,0.0,0.0,0.0,0.0,0.0,0.0,0.0,0.0,0.0,0.0,0.0,0.0,0.0,0.0,0.0,0.0,0.0,0.0,0.0,0.0,0.0,0.0,0.0,0.0,0.0,0.0,0.0,0.0,0.0,0.0,0.0,0.0,0.0,0.0,0.0,0.0,0.0,0.0,0.0,0.0,0.0,0.0,0.0,0.0,0.0,0.0,0.0,0.0,0.0,0.0,0.0,0.0,0.0,0.0,0.0,0.0,0.0,0.0,0.0,0.0,0.0,0.0,0.0,0.0,0.0,0.0,0.0,0.0,0.0,0.0
2017-05-26 23:44:00+02:00,0.0,0.0,0.0,0.0,0.0,0.0,0.0,0.0,0.0,0.0,0.0,0.0,0.0,0.0,0.0,0.0,0.0,0.0,0.0,0.0,0.0,0.0,0.0,0.0,0.0,0.0,0.0,0.0,0.0,0.0,0.0,0.0,0.0,0.0,0.0,0.0,0.0,0.0,0.0,0.0,0.0,0.0,0.0,0.0,0.0,0.0,0.0,0.0,0.0,0.0,0.0,0.0,0.0,0.0,0.0,0.0,0.0,0.0,0.0,0.0,0.0,0.0,0.0,0.0,0.0,0.0,0.0,0.0,0.0,0.0,0.0,0.0,0.0,0.0,0.0,0.0,0.0,0.0,0.0,0.0,0.0,0.0,0.0,0.0,0.0,0.0,0.0,0.0,0.0,0.0,0.0,0.0,0.0,0.0,0.0,0.0,0.0,0.0,0.0,0.0,0.0,0.0,0.0,0.0,0.0,0.0,0.0,0.0,0.0,0.0,0.0,0.0,0.0,0.0,0.0,0.0,0.0,0.0
2017-05-26 23:45:00+02:00,0.0,0.0,0.0,0.0,0.0,0.0,0.0,0.0,0.0,0.0,0.0,0.0,0.0,0.0,0.0,0.0,0.0,0.0,0.0,0.0,0.0,0.0,0.0,0.0,0.0,0.0,0.0,0.0,0.0,0.0,0.0,0.0,0.0,0.0,0.0,0.0,0.0,0.0,0.0,0.0,0.0,0.0,0.0,0.0,0.0,0.0,0.0,0.0,0.0,0.0,0.0,0.0,0.0,0.0,0.0,0.0,0.0,0.0,0.0,0.0,0.0,0.0,0.0,0.0,0.0,0.0,0.0,0.0,0.0,0.0,0.0,0.0,0.0,0.0,0.0,0.0,0.0,0.0,0.0,0.0,0.0,0.0,0.0,0.0,0.0,0.0,0.0,0.0,0.0,0.0,0.0,0.0,0.0,0.0,0.0,0.0,0.0,0.0,0.0,0.0,0.0,0.0,0.0,0.0,0.0,0.0,0.0,0.0,0.0,0.0,0.0,0.0,0.0,0.0,0.0,0.0,0.0,0.0
2017-05-26 23:46:00+02:00,0.0,0.0,0.0,0.0,0.0,0.0,0.0,0.0,0.0,0.0,0.0,0.0,0.0,0.0,0.0,0.0,0.0,0.0,0.0,0.0,0.0,0.0,0.0,0.0,0.0,0.0,0.0,0.0,0.0,0.0,0.0,0.0,0.0,0.0,0.0,0.0,0.0,0.0,0.0,0.0,0.0,0.0,0.0,0.0,0.0,0.0,0.0,0.0,0.0,0.0,0.0,0.0,0.0,0.0,0.0,0.0,0.0,0.0,0.0,0.0,0.0,0.0,0.0,0.0,0.0,0.0,0.0,0.0,0.0,0.0,0.0,0.0,0.0,0.0,0.0,0.0,0.0,0.0,0.0,0.0,0.0,0.0,0.0,0.0,0.0,0.0,0.0,0.0,0.0,0.0,0.0,0.0,0.0,0.0,0.0,0.0,0.0,0.0,0.0,0.0,0.0,0.0,0.0,0.0,0.0,0.0,0.0,0.0,0.0,0.0,0.0,0.0,0.0,0.0,0.0,0.0,0.0,0.0
2017-05-26 23:47:00+02:00,0.0,0.0,0.0,0.0,0.0,0.0,0.0,0.0,0.0,0.0,0.0,0.0,0.0,0.0,0.0,0.0,0.0,0.0,0.0,0.0,0.0,0.0,0.0,0.0,0.0,0.0,0.0,0.0,0.0,0.0,0.0,0.0,0.0,0.0,0.0,0.0,0.0,0.0,0.0,0.0,0.0,0.0,0.0,0.0,0.0,0.0,0.0,0.0,0.0,0.0,0.0,0.0,0.0,0.0,0.0,0.0,0.0,0.0,0.0,0.0,0.0,0.0,0.0,0.0,0.0,0.0,0.0,0.0,0.0,0.0,0.0,0.0,0.0,0.0,0.0,0.0,0.0,0.0,0.0,0.0,0.0,0.0,0.0,0.0,0.0,0.0,0.0,0.0,0.0,0.0,0.0,0.0,0.0,0.0,0.0,0.0,0.0,0.0,0.0,0.0,0.0,0.0,0.0,0.0,0.0,0.0,0.0,0.0,0.0,0.0,0.0,0.0,0.0,0.0,0.0,0.0,0.0,0.0
2017-05-26 23:48:00+02:00,0.0,0.0,0.0,0.0,0.0,0.0,0.0,0.0,0.0,0.0,0.0,0.0,0.0,0.0,0.0,0.0,0.0,0.0,0.0,0.0,0.0,0.0,0.0,0.0,0.0,0.0,0.0,0.0,0.0,0.0,0.0,0.0,0.0,0.0,0.0,0.0,0.0,0.0,0.0,0.0,0.0,0.0,0.0,0.0,0.0,0.0,0.0,0.0,0.0,0.0,0.0,0.0,0.0,0.0,0.0,0.0,0.0,0.0,0.0,0.0,0.0,0.0,0.0,0.0,0.0,0.0,0.0,0.0,0.0,0.0,0.0,0.0,0.0,0.0,0.0,0.0,0.0,0.0,0.0,0.0,0.0,0.0,0.0,0.0,0.0,0.0,0.0,0.0,0.0,0.0,0.0,0.0,0.0,0.0,0.0,0.0,0.0,0.0,0.0,0.0,0.0,0.0,0.0,0.0,0.0,0.0,0.0,0.0,0.0,0.0,0.0,0.0,0.0,0.0,0.0,0.0,0.0,0.0
2017-05-26 23:49:00+02:00,0.0,0.0,0.0,0.0,0.0,0.0,0.0,0.0,0.0,0.0,0.0,0.0,0.0,0.0,0.0,0.0,0.0,0.0,0.0,0.0,0.0,0.0,0.0,0.0,0.0,0.0,0.0,0.0,0.0,0.0,0.0,0.0,0.0,0.0,0.0,0.0,0.0,0.0,0.0,0.0,0.0,0.0,0.0,0.0,0.0,0.0,0.0,0.0,0.0,0.0,0.0,0.0,0.0,0.0,0.0,0.0,0.0,0.0,0.0,0.0,0.0,0.0,0.0,0.0,0.0,0.0,0.0,0.0,0.0,0.0,0.0,0.0,0.0,0.0,0.0,0.0,0.0,0.0,0.0,0.0,0.0,0.0,0.0,0.0,0.0,0.0,0.0,0.0,0.0,0.0,0.0,0.0,0.0,0.0,0.0,0.0,0.0,0.0,0.0,0.0,0.0,0.0,0.0,0.0,0.0,0.0,0.0,0.0,0.0,0.0,0.0,0.0,0.0,0.0,0.0,0.0,0.0,0.0
2017-05-26 23:50:00+02:00,0.0,0.0,0.0,0.0,0.0,0.0,0.0,0.0,0.0,0.0,0.0,0.0,0.0,0.0,0.0,0.0,0.0,0.0,0.0,0.0,0.0,0.0,0.0,0.0,0.0,0.0,0.0,0.0,0.0,0.0,0.0,0.0,0.0,0.0,0.0,0.0,0.0,0.0,0.0,0.0,0.0,0.0,0.0,0.0,0.0,0.0,0.0,0.0,0.0,0.0,0.0,0.0,0.0,0.0,0.0,0.0,0.0,0.0,0.0,0.0,0.0,0.0,0.0,0.0,0.0,0.0,0.0,0.0,0.0,0.0,0.0,0.0,0.0,0.0,0.0,0.0,0.0,0.0,0.0,0.0,0.0,0.0,0.0,0.0,0.0,0.0,0.0,0.0,0.0,0.0,0.0,0.0,0.0,0.0,0.0,0.0,0.0,0.0,0.0,0.0,0.0,0.0,0.0,0.0,0.0,0.0,0.0,0.0,0.0,0.0,0.0,0.0,0.0,0.0,0.0,0.0,0.0,0.0
2017-05-26 23:51:00+02:00,0.0,0.0,0.0,0.0,0.0,0.0,0.0,0.0,0.0,0.0,0.0,0.0,0.0,0.0,0.0,0.0,0.0,0.0,0.0,0.0,0.0,0.0,0.0,0.0,0.0,0.0,0.0,0.0,0.0,0.0,0.0,0.0,0.0,0.0,0.0,0.0,0.0,0.0,0.0,0.0,0.0,0.0,0.0,0.0,0.0,0.0,0.0,0.0,0.0,0.0,0.0,0.0,0.0,0.0,0.0,0.0,0.0,0.0,0.0,0.0,0.0,0.0,0.0,0.0,0.0,0.0,0.0,0.0,0.0,0.0,0.0,0.0,0.0,0.0,0.0,0.0,0.0,0.0,0.0,0.0,0.0,0.0,0.0,0.0,0.0,0.0,0.0,0.0,0.0,0.0,0.0,0.0,0.0,0.0,0.0,0.0,0.0,0.0,0.0,0.0,0.0,0.0,0.0,0.0,0.0,0.0,0.0,0.0,0.0,0.0,0.0,0.0,0.0,0.0,0.0,0.0,0.0,0.0
2017-05-26 23:52:00+02:00,0.0,0.0,0.0,0.0,0.0,0.0,0.0,0.0,0.0,0.0,0.0,0.0,0.0,0.0,0.0,0.0,0.0,0.0,0.0,0.0,0.0,0.0,0.0,0.0,0.0,0.0,0.0,0.0,0.0,0.0,0.0,0.0,0.0,0.0,0.0,0.0,0.0,0.0,0.0,0.0,0.0,0.0,0.0,0.0,0.0,0.0,0.0,0.0,0.0,0.0,0.0,0.0,0.0,0.0,0.0,0.0,0.0,0.0,0.0,0.0,0.0,0.0,0.0,0.0,0.0,0.0,0.0,0.0,0.0,0.0,0.0,0.0,0.0,0.0,0.0,0.0,0.0,0.0,0.0,0.0,0.0,0.0,0.0,0.0,0.0,0.0,0.0,0.0,0.0,0.0,0.0,0.0,0.0,0.0,0.0,0.0,0.0,0.0,0.0,0.0,0.0,0.0,0.0,0.0,0.0,0.0,0.0,0.0,0.0,0.0,0.0,0.0,0.0,0.0,0.0,0.0,0.0,0.0
2017-05-26 23:53:00+02:00,0.0,0.0,0.0,0.0,0.0,0.0,0.0,0.0,0.0,0.0,0.0,0.0,0.0,0.0,0.0,0.0,0.0,0.0,0.0,0.0,0.0,0.0,0.0,0.0,0.0,0.0,0.0,0.0,0.0,0.0,0.0,0.0,0.0,0.0,0.0,0.0,0.0,0.0,0.0,0.0,0.0,0.0,0.0,0.0,0.0,0.0,0.0,0.0,0.0,0.0,0.0,0.0,0.0,0.0,0.0,0.0,0.0,0.0,0.0,0.0,0.0,0.0,0.0,0.0,0.0,0.0,0.0,0.0,0.0,0.0,0.0,0.0,0.0,0.0,0.0,0.0,0.0,0.0,0.0,0.0,0.0,0.0,0.0,0.0,0.0,0.0,0.0,0.0,0.0,0.0,0.0,0.0,0.0,0.0,0.0,0.0,0.0,0.0,0.0,0.0,0.0,0.0,0.0,0.0,0.0,0.0,0.0,0.0,0.0,0.0,0.0,0.0,0.0,0.0,0.0,0.0,0.0,0.0
2017-05-26 23:54:00+02:00,0.0,0.0,0.0,0.0,0.0,0.0,0.0,0.0,0.0,0.0,0.0,0.0,0.0,0.0,0.0,0.0,0.0,0.0,0.0,0.0,0.0,0.0,0.0,0.0,0.0,0.0,0.0,0.0,0.0,0.0,0.0,0.0,0.0,0.0,0.0,0.0,0.0,0.0,0.0,0.0,0.0,0.0,0.0,0.0,0.0,0.0,0.0,0.0,0.0,0.0,0.0,0.0,0.0,0.0,0.0,0.0,0.0,0.0,0.0,0.0,0.0,0.0,0.0,0.0,0.0,0.0,0.0,0.0,0.0,0.0,0.0,0.0,0.0,0.0,0.0,0.0,0.0,0.0,0.0,0.0,0.0,0.0,0.0,0.0,0.0,0.0,0.0,0.0,0.0,0.0,0.0,0.0,0.0,0.0,0.0,0.0,0.0,0.0,0.0,0.0,0.0,0.0,0.0,0.0,0.0,0.0,0.0,0.0,0.0,0.0,0.0,0.0,0.0,0.0,0.0,0.0,0.0,0.0
2017-05-26 23:55:00+02:00,0.0,0.0,0.0,0.0,0.0,0.0,0.0,0.0,0.0,0.0,0.0,0.0,0.0,0.0,0.0,0.0,0.0,0.0,0.0,0.0,0.0,0.0,0.0,0.0,0.0,0.0,0.0,0.0,0.0,0.0,0.0,0.0,0.0,0.0,0.0,0.0,0.0,0.0,0.0,0.0,0.0,0.0,0.0,0.0,0.0,0.0,0.0,0.0,0.0,0.0,0.0,0.0,0.0,0.0,0.0,0.0,0.0,0.0,0.0,0.0,0.0,0.0,0.0,0.0,0.0,0.0,0.0,0.0,0.0,0.0,0.0,0.0,0.0,0.0,0.0,0.0,0.0,0.0,0.0,0.0,0.0,0.0,0.0,0.0,0.0,0.0,0.0,0.0,0.0,0.0,0.0,0.0,0.0,0.0,0.0,0.0,0.0,0.0,0.0,0.0,0.0,0.0,0.0,0.0,0.0,0.0,0.0,0.0,0.0,0.0,0.0,0.0,0.0,0.0,0.0,0.0,0.0,0.0
2017-05-26 23:56:00+02:00,0.0,0.0,0.0,0.0,0.0,0.0,0.0,0.0,0.0,0.0,0.0,0.0,0.0,0.0,0.0,0.0,0.0,0.0,0.0,0.0,0.0,0.0,0.0,0.0,0.0,0.0,0.0,0.0,0.0,0.0,0.0,0.0,0.0,0.0,0.0,0.0,0.0,0.0,0.0,0.0,0.0,0.0,0.0,0.0,0.0,0.0,0.0,0.0,0.0,0.0,0.0,0.0,0.0,0.0,0.0,0.0,0.0,0.0,0.0,0.0,0.0,0.0,0.0,0.0,0.0,0.0,0.0,0.0,0.0,0.0,0.0,0.0,0.0,0.0,0.0,0.0,0.0,0.0,0.0,0.0,0.0,0.0,0.0,0.0,0.0,0.0,0.0,0.0,0.0,0.0,0.0,0.0,0.0,0.0,0.0,0.0,0.0,0.0,0.0,0.0,0.0,0.0,0.0,0.0,0.0,0.0,0.0,0.0,0.0,0.0,0.0,0.0,0.0,0.0,0.0,0.0,0.0,0.0
2017-05-26 23:57:00+02:00,0.0,0.0,0.0,0.0,0.0,0.0,0.0,0.0,0.0,0.0,0.0,0.0,0.0,0.0,0.0,0.0,0.0,0.0,0.0,0.0,0.0,0.0,0.0,0.0,0.0,0.0,0.0,0.0,0.0,0.0,0.0,0.0,0.0,0.0,0.0,0.0,0.0,0.0,0.0,0.0,0.0,0.0,0.0,0.0,0.0,0.0,0.0,0.0,0.0,0.0,0.0,0.0,0.0,0.0,0.0,0.0,0.0,0.0,0.0,0.0,0.0,0.0,0.0,0.0,0.0,0.0,0.0,0.0,0.0,0.0,0.0,0.0,0.0,0.0,0.0,0.0,0.0,0.0,0.0,0.0,0.0,0.0,0.0,0.0,0.0,0.0,0.0,0.0,0.0,0.0,0.0,0.0,0.0,0.0,0.0,0.0,0.0,0.0,0.0,0.0,0.0,0.0,0.0,0.0,0.0,0.0,0.0,0.0,0.0,0.0,0.0,0.0,0.0,0.0,0.0,0.0,0.0,0.0
2017-05-26 23:58:00+02:00,0.0,0.0,0.0,0.0,0.0,0.0,0.0,0.0,0.0,0.0,0.0,0.0,0.0,0.0,0.0,0.0,0.0,0.0,0.0,0.0,0.0,0.0,0.0,0.0,0.0,0.0,0.0,0.0,0.0,0.0,0.0,0.0,0.0,0.0,0.0,0.0,0.0,0.0,0.0,0.0,0.0,0.0,0.0,0.0,0.0,0.0,0.0,0.0,0.0,0.0,0.0,0.0,0.0,0.0,0.0,0.0,0.0,0.0,0.0,0.0,0.0,0.0,0.0,0.0,0.0,0.0,0.0,0.0,0.0,0.0,0.0,0.0,0.0,0.0,0.0,0.0,0.0,0.0,0.0,0.0,0.0,0.0,0.0,0.0,0.0,0.0,0.0,0.0,0.0,0.0,0.0,0.0,0.0,0.0,0.0,0.0,0.0,0.0,0.0,0.0,0.0,0.0,0.0,0.0,0.0,0.0,0.0,0.0,0.0,0.0,0.0,0.0,0.0,0.0,0.0,0.0,0.0,0.0
2017-05-26 23:59:00+02:00,0.0,0.0,0.0,0.0,0.0,0.0,0.0,0.0,0.0,0.0,0.0,0.0,0.0,0.0,0.0,0.0,0.0,0.0,0.0,0.0,0.0,0.0,0.0,0.0,0.0,0.0,0.0,0.0,0.0,0.0,0.0,0.0,0.0,0.0,0.0,0.0,0.0,0.0,0.0,0.0,0.0,0.0,0.0,0.0,0.0,0.0,0.0,0.0,0.0,0.0,0.0,0.0,0.0,0.0,0.0,0.0,0.0,0.0,0.0,0.0,0.0,0.0,0.0,0.0,0.0,0.0,0.0,0.0,0.0,0.0,0.0,0.0,0.0,0.0,0.0,0.0,0.0,0.0,0.0,0.0,0.0,0.0,0.0,0.0,0.0,0.0,0.0,0.0,0.0,0.0,0.0,0.0,0.0,0.0,0.0,0.0,0.0,0.0,0.0,0.0,0.0,0.0,0.0,0.0,0.0,0.0,0.0,0.0,0.0,0.0,0.0,0.0,0.0,0.0,0.0,0.0,0.0,0.0
2017-05-27 00:00:00+02:00,0.0,0.0,0.0,0.0,0.0,0.0,0.0,0.0,0.0,0.0,0.0,0.0,0.0,0.0,0.0,0.0,0.0,0.0,0.0,0.0,0.0,0.0,0.0,0.0,0.0,0.0,0.0,0.0,0.0,0.0,0.0,0.0,0.0,0.0,0.0,0.0,0.0,0.0,0.0,0.0,0.0,0.0,0.0,0.0,0.0,0.0,0.0,0.0,0.0,0.0,0.0,0.0,0.0,0.0,0.0,0.0,0.0,0.0,0.0,0.0,0.0,0.0,0.0,0.0,0.0,0.0,0.0,0.0,0.0,0.0,0.0,0.0,0.0,0.0,0.0,0.0,0.0,0.0,0.0,0.0,0.0,0.0,0.0,0.0,0.0,0.0,0.0,0.0,0.0,0.0,0.0,0.0,0.0,0.0,0.0,0.0,0.0,0.0,0.0,0.0,0.0,0.0,0.0,0.0,0.0,0.0,0.0,0.0,0.0,0.0,0.0,0.0,0.0,0.0,0.0,0.0,0.0,0.0
2017-05-27 00:01:00+02:00,0.0,0.0,0.0,0.0,0.0,0.0,0.0,0.0,0.0,0.0,0.0,0.0,0.0,0.0,0.0,0.0,0.0,0.0,0.0,0.0,0.0,0.0,0.0,0.0,0.0,0.0,0.0,0.0,0.0,0.0,0.0,0.0,0.0,0.0,0.0,0.0,0.0,0.0,0.0,0.0,0.0,0.0,0.0,0.0,0.0,0.0,0.0,0.0,0.0,0.0,0.0,0.0,0.0,0.0,0.0,0.0,0.0,0.0,0.0,0.0,0.0,0.0,0.0,0.0,0.0,0.0,0.0,0.0,0.0,0.0,0.0,0.0,0.0,0.0,0.0,0.0,0.0,0.0,0.0,0.0,0.0,0.0,0.0,0.0,0.0,0.0,0.0,0.0,0.0,0.0,0.0,0.0,0.0,0.0,0.0,0.0,0.0,0.0,0.0,0.0,0.0,0.0,0.0,0.0,0.0,0.0,0.0,0.0,0.0,0.0,0.0,0.0,0.0,0.0,0.0,0.0,0.0,0.0
2017-05-27 00:02:00+02:00,0.0,0.0,0.0,0.0,0.0,0.0,0.0,0.0,0.0,0.0,0.0,0.0,0.0,0.0,0.0,0.0,0.0,0.0,0.0,0.0,0.0,0.0,0.0,0.0,0.0,0.0,0.0,0.0,0.0,0.0,0.0,0.0,0.0,0.0,0.0,0.0,0.0,0.0,0.0,0.0,0.0,0.0,0.0,0.0,0.0,0.0,0.0,0.0,0.0,0.0,0.0,0.0,0.0,0.0,0.0,0.0,0.0,0.0,0.0,0.0,0.0,0.0,0.0,0.0,0.0,0.0,0.0,0.0,0.0,0.0,0.0,0.0,0.0,0.0,0.0,0.0,0.0,0.0,0.0,0.0,0.0,0.0,0.0,0.0,0.0,0.0,0.0,0.0,0.0,0.0,0.0,0.0,0.0,0.0,0.0,0.0,0.0,0.0,0.0,0.0,0.0,0.0,0.0,0.0,0.0,0.0,0.0,0.0,0.0,0.0,0.0,0.0,0.0,0.0,0.0,0.0,0.0,0.0
2017-05-27 00:03:00+02:00,0.0,0.0,0.0,0.0,0.0,0.0,0.0,0.0,0.0,0.0,0.0,0.0,0.0,0.0,0.0,0.0,0.0,0.0,0.0,0.0,0.0,0.0,0.0,0.0,0.0,0.0,0.0,0.0,0.0,0.0,0.0,0.0,0.0,0.0,0.0,0.0,0.0,0.0,0.0,0.0,0.0,0.0,0.0,0.0,0.0,0.0,0.0,0.0,0.0,0.0,0.0,0.0,0.0,0.0,0.0,0.0,0.0,0.0,0.0,0.0,0.0,0.0,0.0,0.0,0.0,0.0,0.0,0.0,0.0,0.0,0.0,0.0,0.0,0.0,0.0,0.0,0.0,0.0,0.0,0.0,0.0,0.0,0.0,0.0,0.0,0.0,0.0,0.0,0.0,0.0,0.0,0.0,0.0,0.0,0.0,0.0,0.0,0.0,0.0,0.0,0.0,0.0,0.0,0.0,0.0,0.0,0.0,0.0,0.0,0.0,0.0,0.0,0.0,0.0,0.0,0.0,0.0,0.0
2017-05-27 00:04:00+02:00,0.0,0.0,0.0,0.0,0.0,0.0,0.0,0.0,0.0,0.0,0.0,0.0,0.0,0.0,0.0,0.0,0.0,0.0,0.0,0.0,0.0,0.0,0.0,0.0,0.0,0.0,0.0,0.0,0.0,0.0,0.0,0.0,0.0,0.0,0.0,0.0,0.0,0.0,0.0,0.0,0.0,0.0,0.0,0.0,0.0,0.0,0.0,0.0,0.0,0.0,0.0,0.0,0.0,0.0,0.0,0.0,0.0,0.0,0.0,0.0,0.0,0.0,0.0,0.0,0.0,0.0,0.0,0.0,0.0,0.0,0.0,0.0,0.0,0.0,0.0,0.0,0.0,0.0,0.0,0.0,0.0,0.0,0.0,0.0,0.0,0.0,0.0,0.0,0.0,0.0,0.0,0.0,0.0,0.0,0.0,0.0,0.0,0.0,0.0,0.0,0.0,0.0,0.0,0.0,0.0,0.0,0.0,0.0,0.0,0.0,0.0,0.0,0.0,0.0,0.0,0.0,0.0,0.0
2017-05-27 00:05:00+02:00,0.0,0.0,0.0,0.0,0.0,0.0,0.0,0.0,0.0,0.0,0.0,0.0,0.0,0.0,0.0,0.0,0.0,0.0,0.0,0.0,0.0,0.0,0.0,0.0,0.0,0.0,0.0,0.0,0.0,0.0,0.0,0.0,0.0,0.0,0.0,0.0,0.0,0.0,0.0,0.0,0.0,0.0,0.0,0.0,0.0,0.0,0.0,0.0,0.0,0.0,0.0,0.0,0.0,0.0,0.0,0.0,0.0,0.0,0.0,0.0,0.0,0.0,0.0,0.0,0.0,0.0,0.0,0.0,0.0,0.0,0.0,0.0,0.0,0.0,0.0,0.0,0.0,0.0,0.0,0.0,0.0,0.0,0.0,0.0,0.0,0.0,0.0,0.0,0.0,0.0,0.0,0.0,0.0,0.0,0.0,0.0,0.0,0.0,0.0,0.0,0.0,0.0,0.0,0.0,0.0,0.0,0.0,0.0,0.0,0.0,0.0,0.0,0.0,0.0,0.0,0.0,0.0,0.0
2017-05-27 00:06:00+02:00,0.0,0.0,0.0,0.0,0.0,0.0,0.0,0.0,0.0,0.0,0.0,0.0,0.0,0.0,0.0,0.0,0.0,0.0,0.0,0.0,0.0,0.0,0.0,0.0,0.0,0.0,0.0,0.0,0.0,0.0,0.0,0.0,0.0,0.0,0.0,0.0,0.0,0.0,0.0,0.0,0.0,0.0,0.0,0.0,0.0,0.0,0.0,0.0,0.0,0.0,0.0,0.0,0.0,0.0,0.0,0.0,0.0,0.0,0.0,0.0,0.0,0.0,0.0,0.0,0.0,0.0,0.0,0.0,0.0,0.0,0.0,0.0,0.0,0.0,0.0,0.0,0.0,0.0,0.0,0.0,0.0,0.0,0.0,0.0,0.0,0.0,0.0,0.0,0.0,0.0,0.0,0.0,0.0,0.0,0.0,0.0,0.0,0.0,0.0,0.0,0.0,0.0,0.0,0.0,0.0,0.0,0.0,0.0,0.0,0.0,0.0,0.0,0.0,0.0,0.0,0.0,0.0,0.0
2017-05-27 00:07:00+02:00,0.0,0.0,0.0,0.0,0.0,0.0,0.0,0.0,0.0,0.0,0.0,0.0,0.0,0.0,0.0,0.0,0.0,0.0,0.0,0.0,0.0,0.0,0.0,0.0,0.0,0.0,0.0,0.0,0.0,0.0,0.0,0.0,0.0,0.0,0.0,0.0,0.0,0.0,0.0,0.0,0.0,0.0,0.0,0.0,0.0,0.0,0.0,0.0,0.0,0.0,0.0,0.0,0.0,0.0,0.0,0.0,0.0,0.0,0.0,0.0,0.0,0.0,0.0,0.0,0.0,0.0,0.0,0.0,0.0,0.0,0.0,0.0,0.0,0.0,0.0,0.0,0.0,0.0,0.0,0.0,0.0,0.0,0.0,0.0,0.0,0.0,0.0,0.0,0.0,0.0,0.0,0.0,0.0,0.0,0.0,0.0,0.0,0.0,0.0,0.0,0.0,0.0,0.0,0.0,0.0,0.0,0.0,0.0,0.0,0.0,0.0,0.0,0.0,0.0,0.0,0.0,0.0,0.0
2017-05-27 00:08:00+02:00,0.0,0.0,0.0,0.0,0.0,0.0,0.0,0.0,0.0,0.0,0.0,0.0,0.0,0.0,0.0,0.0,0.0,0.0,0.0,0.0,0.0,0.0,0.0,0.0,0.0,0.0,0.0,0.0,0.0,0.0,0.0,0.0,0.0,0.0,0.0,0.0,0.0,0.0,0.0,0.0,0.0,0.0,0.0,0.0,0.0,0.0,0.0,0.0,0.0,0.0,0.0,0.0,0.0,0.0,0.0,0.0,0.0,0.0,0.0,0.0,0.0,0.0,0.0,0.0,0.0,0.0,0.0,0.0,0.0,0.0,0.0,0.0,0.0,0.0,0.0,0.0,0.0,0.0,0.0,0.0,0.0,0.0,0.0,0.0,0.0,0.0,0.0,0.0,0.0,0.0,0.0,0.0,0.0,0.0,0.0,0.0,0.0,0.0,0.0,0.0,0.0,0.0,0.0,0.0,0.0,0.0,0.0,0.0,0.0,0.0,0.0,0.0,0.0,0.0,0.0,0.0,0.0,0.0
2017-05-27 00:09:00+02:00,0.0,0.0,0.0,0.0,0.0,0.0,0.0,0.0,0.0,0.0,0.0,0.0,0.0,0.0,0.0,0.0,0.0,0.0,0.0,0.0,0.0,0.0,0.0,0.0,0.0,0.0,0.0,0.0,0.0,0.0,0.0,0.0,0.0,0.0,0.0,0.0,0.0,0.0,0.0,0.0,0.0,0.0,0.0,0.0,0.0,0.0,0.0,0.0,0.0,0.0,0.0,0.0,0.0,0.0,0.0,0.0,0.0,0.0,0.0,0.0,0.0,0.0,0.0,0.0,0.0,0.0,0.0,0.0,0.0,0.0,0.0,0.0,0.0,0.0,0.0,0.0,0.0,0.0,0.0,0.0,0.0,0.0,0.0,0.0,0.0,0.0,0.0,0.0,0.0,0.0,0.0,0.0,0.0,0.0,0.0,0.0,0.0,0.0,0.0,0.0,0.0,0.0,0.0,0.0,0.0,0.0,0.0,0.0,0.0,0.0,0.0,0.0,0.0,0.0,0.0,0.0,0.0,0.0
2017-05-27 00:10:00+02:00,0.0,0.0,0.0,0.0,0.0,0.0,0.0,0.0,0.0,0.0,0.0,0.0,0.0,0.0,0.0,0.0,0.0,0.0,0.0,0.0,0.0,0.0,0.0,0.0,0.0,0.0,0.0,0.0,0.0,0.0,0.0,0.0,0.0,0.0,0.0,0.0,0.0,0.0,0.0,0.0,0.0,0.0,0.0,0.0,0.0,0.0,0.0,0.0,0.0,0.0,0.0,0.0,0.0,0.0,0.0,0.0,0.0,0.0,0.0,0.0,0.0,0.0,0.0,0.0,0.0,0.0,0.0,0.0,0.0,0.0,0.0,0.0,0.0,0.0,0.0,0.0,0.0,0.0,0.0,0.0,0.0,0.0,0.0,0.0,0.0,0.0,0.0,0.0,0.0,0.0,0.0,0.0,0.0,0.0,0.0,0.0,0.0,0.0,0.0,0.0,0.0,0.0,0.0,0.0,0.0,0.0,0.0,0.0,0.0,0.0,0.0,0.0,0.0,0.0,0.0,0.0,0.0,0.0
2017-05-27 00:11:00+02:00,0.0,0.0,0.0,0.0,0.0,0.0,0.0,0.0,0.0,0.0,0.0,0.0,0.0,0.0,0.0,0.0,0.0,0.0,0.0,0.0,0.0,0.0,0.0,0.0,0.0,0.0,0.0,0.0,0.0,0.0,0.0,0.0,0.0,0.0,0.0,0.0,0.0,0.0,0.0,0.0,0.0,0.0,0.0,0.0,0.0,0.0,0.0,0.0,0.0,0.0,0.0,0.0,0.0,0.0,0.0,0.0,0.0,0.0,0.0,0.0,0.0,0.0,0.0,0.0,0.0,0.0,0.0,0.0,0.0,0.0,0.0,0.0,0.0,0.0,0.0,0.0,0.0,0.0,0.0,0.0,0.0,0.0,0.0,0.0,0.0,0.0,0.0,0.0,0.0,0.0,0.0,0.0,0.0,0.0,0.0,0.0,0.0,0.0,0.0,0.0,0.0,0.0,0.0,0.0,0.0,0.0,0.0,0.0,0.0,0.0,0.0,0.0,0.0,0.0,0.0,0.0,0.0,0.0
2017-05-27 00:12:00+02:00,0.0,0.0,0.0,0.0,0.0,0.0,0.0,0.0,0.0,0.0,0.0,0.0,0.0,0.0,0.0,0.0,0.0,0.0,0.0,0.0,0.0,0.0,0.0,0.0,0.0,0.0,0.0,0.0,0.0,0.0,0.0,0.0,0.0,0.0,0.0,0.0,0.0,0.0,0.0,0.0,0.0,0.0,0.0,0.0,0.0,0.0,0.0,0.0,0.0,0.0,0.0,0.0,0.0,0.0,0.0,0.0,0.0,0.0,0.0,0.0,0.0,0.0,0.0,0.0,0.0,0.0,0.0,0.0,0.0,0.0,0.0,0.0,0.0,0.0,0.0,0.0,0.0,0.0,0.0,0.0,0.0,0.0,0.0,0.0,0.0,0.0,0.0,0.0,0.0,0.0,0.0,0.0,0.0,0.0,0.0,0.0,0.0,0.0,0.0,0.0,0.0,0.0,0.0,0.0,0.0,0.0,0.0,0.0,0.0,0.0,0.0,0.0,0.0,0.0,0.0,0.0,0.0,0.0
2017-05-27 00:13:00+02:00,0.0,0.0,0.0,0.0,0.0,0.0,0.0,0.0,0.0,0.0,0.0,0.0,0.0,0.0,0.0,0.0,0.0,0.0,0.0,0.0,0.0,0.0,0.0,0.0,0.0,0.0,0.0,0.0,0.0,0.0,0.0,0.0,0.0,0.0,0.0,0.0,0.0,0.0,0.0,0.0,0.0,0.0,0.0,0.0,0.0,0.0,0.0,0.0,0.0,0.0,0.0,0.0,0.0,0.0,0.0,0.0,0.0,0.0,0.0,0.0,0.0,0.0,0.0,0.0,0.0,0.0,0.0,0.0,0.0,0.0,0.0,0.0,0.0,0.0,0.0,0.0,0.0,0.0,0.0,0.0,0.0,0.0,0.0,0.0,0.0,0.0,0.0,0.0,0.0,0.0,0.0,0.0,0.0,0.0,0.0,0.0,0.0,0.0,0.0,0.0,0.0,0.0,0.0,0.0,0.0,0.0,0.0,0.0,0.0,0.0,0.0,0.0,0.0,0.0,0.0,0.0,0.0,0.0
2017-05-27 00:14:00+02:00,0.0,0.0,0.0,0.0,0.0,0.0,0.0,0.0,0.0,0.0,0.0,0.0,0.0,0.0,0.0,0.0,0.0,0.0,0.0,0.0,0.0,0.0,0.0,0.0,0.0,0.0,0.0,0.0,0.0,0.0,0.0,0.0,0.0,0.0,0.0,0.0,0.0,0.0,0.0,0.0,0.0,0.0,0.0,0.0,0.0,0.0,0.0,0.0,0.0,0.0,0.0,0.0,0.0,0.0,0.0,0.0,0.0,0.0,0.0,0.0,0.0,0.0,0.0,0.0,0.0,0.0,0.0,0.0,0.0,0.0,0.0,0.0,0.0,0.0,0.0,0.0,0.0,0.0,0.0,0.0,0.0,0.0,0.0,0.0,0.0,0.0,0.0,0.0,0.0,0.0,0.0,0.0,0.0,0.0,0.0,0.0,0.0,0.0,0.0,0.0,0.0,0.0,0.0,0.0,0.0,0.0,0.0,0.0,0.0,0.0,0.0,0.0,0.0,0.0,0.0,0.0,0.0,0.0
2017-05-27 00:15:00+02:00,0.0,0.0,0.0,0.0,0.0,0.0,0.0,0.0,0.0,0.0,0.0,0.0,0.0,0.0,0.0,0.0,0.0,0.0,0.0,0.0,0.0,0.0,0.0,0.0,0.0,0.0,0.0,0.0,0.0,0.0,0.0,0.0,0.0,0.0,0.0,0.0,0.0,0.0,0.0,0.0,0.0,0.0,0.0,0.0,0.0,0.0,0.0,0.0,0.0,0.0,0.0,0.0,0.0,0.0,0.0,0.0,0.0,0.0,0.0,0.0,0.0,0.0,0.0,0.0,0.0,0.0,0.0,0.0,0.0,0.0,0.0,0.0,0.0,0.0,0.0,0.0,0.0,0.0,0.0,0.0,0.0,0.0,0.0,0.0,0.0,0.0,0.0,0.0,0.0,0.0,0.0,0.0,0.0,0.0,0.0,0.0,0.0,0.0,0.0,0.0,0.0,0.0,0.0,0.0,0.0,0.0,0.0,0.0,0.0,0.0,0.0,0.0,0.0,0.0,0.0,0.0,0.0,0.0
2017-05-27 00:16:00+02:00,0.0,0.0,0.0,0.0,0.0,0.0,0.0,0.0,0.0,0.0,0.0,0.0,0.0,0.0,0.0,0.0,0.0,0.0,0.0,0.0,0.0,0.0,0.0,0.0,0.0,0.0,0.0,0.0,0.0,0.0,0.0,0.0,0.0,0.0,0.0,0.0,0.0,0.0,0.0,0.0,0.0,0.0,0.0,0.0,0.0,0.0,0.0,0.0,0.0,0.0,0.0,0.0,0.0,0.0,0.0,0.0,0.0,0.0,0.0,0.0,0.0,0.0,0.0,0.0,0.0,0.0,0.0,0.0,0.0,0.0,0.0,0.0,0.0,0.0,0.0,0.0,0.0,0.0,0.0,0.0,0.0,0.0,0.0,0.0,0.0,0.0,0.0,0.0,0.0,0.0,0.0,0.0,0.0,0.0,0.0,0.0,0.0,0.0,0.0,0.0,0.0,0.0,0.0,0.0,0.0,0.0,0.0,0.0,0.0,0.0,0.0,0.0,0.0,0.0,0.0,0.0,0.0,0.0
2017-05-27 00:17:00+02:00,0.0,0.0,0.0,0.0,0.0,0.0,0.0,0.0,0.0,0.0,0.0,0.0,0.0,0.0,0.0,0.0,0.0,0.0,0.0,0.0,0.0,0.0,0.0,0.0,0.0,0.0,0.0,0.0,0.0,0.0,0.0,0.0,0.0,0.0,0.0,0.0,0.0,0.0,0.0,0.0,0.0,0.0,0.0,0.0,0.0,0.0,0.0,0.0,0.0,0.0,0.0,0.0,0.0,0.0,0.0,0.0,0.0,0.0,0.0,0.0,0.0,0.0,0.0,0.0,0.0,0.0,0.0,0.0,0.0,0.0,0.0,0.0,0.0,0.0,0.0,0.0,0.0,0.0,0.0,0.0,0.0,0.0,0.0,0.0,0.0,0.0,0.0,0.0,0.0,0.0,0.0,0.0,0.0,0.0,0.0,0.0,0.0,0.0,0.0,0.0,0.0,0.0,0.0,0.0,0.0,0.0,0.0,0.0,0.0,0.0,0.0,0.0,0.0,0.0,0.0,0.0,0.0,0.0
2017-05-27 00:18:00+02:00,0.0,0.0,0.0,0.0,0.0,0.0,0.0,0.0,0.0,0.0,0.0,0.0,0.0,0.0,0.0,0.0,0.0,0.0,0.0,0.0,0.0,0.0,0.0,0.0,0.0,0.0,0.0,0.0,0.0,0.0,0.0,0.0,0.0,0.0,0.0,0.0,0.0,0.0,0.0,0.0,0.0,0.0,0.0,0.0,0.0,0.0,0.0,0.0,0.0,0.0,0.0,0.0,0.0,0.0,0.0,0.0,0.0,0.0,0.0,0.0,0.0,0.0,0.0,0.0,0.0,0.0,0.0,0.0,0.0,0.0,0.0,0.0,0.0,0.0,0.0,0.0,0.0,0.0,0.0,0.0,0.0,0.0,0.0,0.0,0.0,0.0,0.0,0.0,0.0,0.0,0.0,0.0,0.0,0.0,0.0,0.0,0.0,0.0,0.0,0.0,0.0,0.0,0.0,0.0,0.0,0.0,0.0,0.0,0.0,0.0,0.0,0.0,0.0,0.0,0.0,0.0,0.0,0.0
2017-05-27 00:19:00+02:00,0.0,0.0,0.0,0.0,0.0,0.0,0.0,0.0,0.0,0.0,0.0,0.0,0.0,0.0,0.0,0.0,0.0,0.0,0.0,0.0,0.0,0.0,0.0,0.0,0.0,0.0,0.0,0.0,0.0,0.0,0.0,0.0,0.0,0.0,0.0,0.0,0.0,0.0,0.0,0.0,0.0,0.0,0.0,0.0,0.0,0.0,0.0,0.0,0.0,0.0,0.0,0.0,0.0,0.0,0.0,0.0,0.0,0.0,0.0,0.0,0.0,0.0,0.0,0.0,0.0,0.0,0.0,0.0,0.0,0.0,0.0,0.0,0.0,0.0,0.0,0.0,0.0,0.0,0.0,0.0,0.0,0.0,0.0,0.0,0.0,0.0,0.0,0.0,0.0,0.0,0.0,0.0,0.0,0.0,0.0,0.0,0.0,0.0,0.0,0.0,0.0,0.0,0.0,0.0,0.0,0.0,0.0,0.0,0.0,0.0,0.0,0.0,0.0,0.0,0.0,0.0,0.0,0.0
2017-05-27 00:20:00+02:00,0.0,0.0,0.0,0.0,0.0,0.0,0.0,0.0,0.0,0.0,0.0,0.0,0.0,0.0,0.0,0.0,0.0,0.0,0.0,0.0,0.0,0.0,0.0,0.0,0.0,0.0,0.0,0.0,0.0,0.0,0.0,0.0,0.0,0.0,0.0,0.0,0.0,0.0,0.0,0.0,0.0,0.0,0.0,0.0,0.0,0.0,0.0,0.0,0.0,0.0,0.0,0.0,0.0,0.0,0.0,0.0,0.0,0.0,0.0,0.0,0.0,0.0,0.0,0.0,0.0,0.0,0.0,0.0,0.0,0.0,0.0,0.0,0.0,0.0,0.0,0.0,0.0,0.0,0.0,0.0,0.0,0.0,0.0,0.0,0.0,0.0,0.0,0.0,0.0,0.0,0.0,0.0,0.0,0.0,0.0,0.0,0.0,0.0,0.0,0.0,0.0,0.0,0.0,0.0,0.0,0.0,0.0,0.0,0.0,0.0,0.0,0.0,0.0,0.0,0.0,0.0,0.0,0.0
2017-05-27 00:21:00+02:00,0.0,0.0,0.0,0.0,0.0,0.0,0.0,0.0,0.0,0.0,0.0,0.0,0.0,0.0,0.0,0.0,0.0,0.0,0.0,0.0,0.0,0.0,0.0,0.0,0.0,0.0,0.0,0.0,0.0,0.0,0.0,0.0,0.0,0.0,0.0,0.0,0.0,0.0,0.0,0.0,0.0,0.0,0.0,0.0,0.0,0.0,0.0,0.0,0.0,0.0,0.0,0.0,0.0,0.0,0.0,0.0,0.0,0.0,0.0,0.0,0.0,0.0,0.0,0.0,0.0,0.0,0.0,0.0,0.0,0.0,0.0,0.0,0.0,0.0,0.0,0.0,0.0,0.0,0.0,0.0,0.0,0.0,0.0,0.0,0.0,0.0,0.0,0.0,0.0,0.0,0.0,0.0,0.0,0.0,0.0,0.0,0.0,0.0,0.0,0.0,0.0,0.0,0.0,0.0,0.0,0.0,0.0,0.0,0.0,0.0,0.0,0.0,0.0,0.0,0.0,0.0,0.0,0.0
2017-05-27 00:22:00+02:00,0.0,0.0,0.0,0.0,0.0,0.0,0.0,0.0,0.0,0.0,0.0,0.0,0.0,0.0,0.0,0.0,0.0,0.0,0.0,0.0,0.0,0.0,0.0,0.0,0.0,0.0,0.0,0.0,0.0,0.0,0.0,0.0,0.0,0.0,0.0,0.0,0.0,0.0,0.0,0.0,0.0,0.0,0.0,0.0,0.0,0.0,0.0,0.0,0.0,0.0,0.0,0.0,0.0,0.0,0.0,0.0,0.0,0.0,0.0,0.0,0.0,0.0,0.0,0.0,0.0,0.0,0.0,0.0,0.0,0.0,0.0,0.0,0.0,0.0,0.0,0.0,0.0,0.0,0.0,0.0,0.0,0.0,0.0,0.0,0.0,0.0,0.0,0.0,0.0,0.0,0.0,0.0,0.0,0.0,0.0,0.0,0.0,0.0,0.0,0.0,0.0,0.0,0.0,0.0,0.0,0.0,0.0,0.0,0.0,0.0,0.0,0.0,0.0,0.0,0.0,0.0,0.0,0.0
2017-05-27 00:23:00+02:00,0.0,0.0,0.0,0.0,0.0,0.0,0.0,0.0,0.0,0.0,0.0,0.0,0.0,0.0,0.0,0.0,0.0,0.0,0.0,0.0,0.0,0.0,0.0,0.0,0.0,0.0,0.0,0.0,0.0,0.0,0.0,0.0,0.0,0.0,0.0,0.0,0.0,0.0,0.0,0.0,0.0,0.0,0.0,0.0,0.0,0.0,0.0,0.0,0.0,0.0,0.0,0.0,0.0,0.0,0.0,0.0,0.0,0.0,0.0,0.0,0.0,0.0,0.0,0.0,0.0,0.0,0.0,0.0,0.0,0.0,0.0,0.0,0.0,0.0,0.0,0.0,0.0,0.0,0.0,0.0,0.0,0.0,0.0,0.0,0.0,0.0,0.0,0.0,0.0,0.0,0.0,0.0,0.0,0.0,0.0,0.0,0.0,0.0,0.0,0.0,0.0,0.0,0.0,0.0,0.0,0.0,0.0,0.0,0.0,0.0,0.0,0.0,0.0,0.0,0.0,0.0,0.0,0.0
2017-05-27 00:24:00+02:00,0.0,0.0,0.0,0.0,0.0,0.0,0.0,0.0,0.0,0.0,0.0,0.0,0.0,0.0,0.0,0.0,0.0,0.0,0.0,0.0,0.0,0.0,0.0,0.0,0.0,0.0,0.0,0.0,0.0,0.0,0.0,0.0,0.0,0.0,0.0,0.0,0.0,0.0,0.0,0.0,0.0,0.0,0.0,0.0,0.0,0.0,0.0,0.0,0.0,0.0,0.0,0.0,0.0,0.0,0.0,0.0,0.0,0.0,0.0,0.0,0.0,0.0,0.0,0.0,0.0,0.0,0.0,0.0,0.0,0.0,0.0,0.0,0.0,0.0,0.0,0.0,0.0,0.0,0.0,0.0,0.0,0.0,0.0,0.0,0.0,0.0,0.0,0.0,0.0,0.0,0.0,0.0,0.0,0.0,0.0,0.0,0.0,0.0,0.0,0.0,0.0,0.0,0.0,0.0,0.0,0.0,0.0,0.0,0.0,0.0,0.0,0.0,0.0,0.0,0.0,0.0,0.0,0.0
2017-05-27 00:25:00+02:00,0.0,0.0,0.0,0.0,0.0,0.0,0.0,0.0,0.0,0.0,0.0,0.0,0.0,0.0,0.0,0.0,0.0,0.0,0.0,0.0,0.0,0.0,0.0,0.0,0.0,0.0,0.0,0.0,0.0,0.0,0.0,0.0,0.0,0.0,0.0,0.0,0.0,0.0,0.0,0.0,0.0,0.0,0.0,0.0,0.0,0.0,0.0,0.0,0.0,0.0,0.0,0.0,0.0,0.0,0.0,0.0,0.0,0.0,0.0,0.0,0.0,0.0,0.0,0.0,0.0,0.0,0.0,0.0,0.0,0.0,0.0,0.0,0.0,0.0,0.0,0.0,0.0,0.0,0.0,0.0,0.0,0.0,0.0,0.0,0.0,0.0,0.0,0.0,0.0,0.0,0.0,0.0,0.0,0.0,0.0,0.0,0.0,0.0,0.0,0.0,0.0,0.0,0.0,0.0,0.0,0.0,0.0,0.0,0.0,0.0,0.0,0.0,0.0,0.0,0.0,0.0,0.0,0.0
2017-05-27 00:26:00+02:00,0.0,0.0,0.0,0.0,0.0,0.0,0.0,0.0,0.0,0.0,0.0,0.0,0.0,0.0,0.0,0.0,0.0,0.0,0.0,0.0,0.0,0.0,0.0,0.0,0.0,0.0,0.0,0.0,0.0,0.0,0.0,0.0,0.0,0.0,0.0,0.0,0.0,0.0,0.0,0.0,0.0,0.0,0.0,0.0,0.0,0.0,0.0,0.0,0.0,0.0,0.0,0.0,0.0,0.0,0.0,0.0,0.0,0.0,0.0,0.0,0.0,0.0,0.0,0.0,0.0,0.0,0.0,0.0,0.0,0.0,0.0,0.0,0.0,0.0,0.0,0.0,0.0,0.0,0.0,0.0,0.0,0.0,0.0,0.0,0.0,0.0,0.0,0.0,0.0,0.0,0.0,0.0,0.0,0.0,0.0,0.0,0.0,0.0,0.0,0.0,0.0,0.0,0.0,0.0,0.0,0.0,0.0,0.0,0.0,0.0,0.0,0.0,0.0,0.0,0.0,0.0,0.0,0.0
2017-05-27 00:27:00+02:00,0.0,0.0,0.0,0.0,0.0,0.0,0.0,0.0,0.0,0.0,0.0,0.0,0.0,0.0,0.0,0.0,0.0,0.0,0.0,0.0,0.0,0.0,0.0,0.0,0.0,0.0,0.0,0.0,0.0,0.0,0.0,0.0,0.0,0.0,0.0,0.0,0.0,0.0,0.0,0.0,0.0,0.0,0.0,0.0,0.0,0.0,0.0,0.0,0.0,0.0,0.0,0.0,0.0,0.0,0.0,0.0,0.0,0.0,0.0,0.0,0.0,0.0,0.0,0.0,0.0,0.0,0.0,0.0,0.0,0.0,0.0,0.0,0.0,0.0,0.0,0.0,0.0,0.0,0.0,0.0,0.0,0.0,0.0,0.0,0.0,0.0,0.0,0.0,0.0,0.0,0.0,0.0,0.0,0.0,0.0,0.0,0.0,0.0,0.0,0.0,0.0,0.0,0.0,0.0,0.0,0.0,0.0,0.0,0.0,0.0,0.0,0.0,0.0,0.0,0.0,0.0,0.0,0.0
2017-05-27 00:28:00+02:00,0.0,0.0,0.0,0.0,0.0,0.0,0.0,0.0,0.0,0.0,0.0,0.0,0.0,0.0,0.0,0.0,0.0,0.0,0.0,0.0,0.0,0.0,0.0,0.0,0.0,0.0,0.0,0.0,0.0,0.0,0.0,0.0,0.0,0.0,0.0,0.0,0.0,0.0,0.0,0.0,0.0,0.0,0.0,0.0,0.0,0.0,0.0,0.0,0.0,0.0,0.0,0.0,0.0,0.0,0.0,0.0,0.0,0.0,0.0,0.0,0.0,0.0,0.0,0.0,0.0,0.0,0.0,0.0,0.0,0.0,0.0,0.0,0.0,0.0,0.0,0.0,0.0,0.0,0.0,0.0,0.0,0.0,0.0,0.0,0.0,0.0,0.0,0.0,0.0,0.0,0.0,0.0,0.0,0.0,0.0,0.0,0.0,0.0,0.0,0.0,0.0,0.0,0.0,0.0,0.0,0.0,0.0,0.0,0.0,0.0,0.0,0.0,0.0,0.0,0.0,0.0,0.0,0.0
2017-05-27 00:29:00+02:00,0.0,0.0,0.0,0.0,0.0,0.0,0.0,0.0,0.0,0.0,0.0,0.0,0.0,0.0,0.0,0.0,0.0,0.0,0.0,0.0,0.0,0.0,0.0,0.0,0.0,0.0,0.0,0.0,0.0,0.0,0.0,0.0,0.0,0.0,0.0,0.0,0.0,0.0,0.0,0.0,0.0,0.0,0.0,0.0,0.0,0.0,0.0,0.0,0.0,0.0,0.0,0.0,0.0,0.0,0.0,0.0,0.0,0.0,0.0,0.0,0.0,0.0,0.0,0.0,0.0,0.0,0.0,0.0,0.0,0.0,0.0,0.0,0.0,0.0,0.0,0.0,0.0,0.0,0.0,0.0,0.0,0.0,0.0,0.0,0.0,0.0,0.0,0.0,0.0,0.0,0.0,0.0,0.0,0.0,0.0,0.0,0.0,0.0,0.0,0.0,0.0,0.0,0.0,0.0,0.0,0.0,0.0,0.0,0.0,0.0,0.0,0.0,0.0,0.0,0.0,0.0,0.0,0.0
2017-05-27 00:30:00+02:00,0.0,0.0,0.0,0.0,0.0,0.0,0.0,0.0,0.0,0.0,0.0,0.0,0.0,0.0,0.0,0.0,0.0,0.0,0.0,0.0,0.0,0.0,0.0,0.0,0.0,0.0,0.0,0.0,0.0,0.0,0.0,0.0,0.0,0.0,0.0,0.0,0.0,0.0,0.0,0.0,0.0,0.0,0.0,0.0,0.0,0.0,0.0,0.0,0.0,0.0,0.0,0.0,0.0,0.0,0.0,0.0,0.0,0.0,0.0,0.0,0.0,0.0,0.0,0.0,0.0,0.0,0.0,0.0,0.0,0.0,0.0,0.0,0.0,0.0,0.0,0.0,0.0,0.0,0.0,0.0,0.0,0.0,0.0,0.0,0.0,0.0,0.0,0.0,0.0,0.0,0.0,0.0,0.0,0.0,0.0,0.0,0.0,0.0,0.0,0.0,0.0,0.0,0.0,0.0,0.0,0.0,0.0,0.0,0.0,0.0,0.0,0.0,0.0,0.0,0.0,0.0,0.0,0.0
2017-05-27 00:31:00+02:00,0.0,0.0,0.0,0.0,0.0,0.0,0.0,0.0,0.0,0.0,0.0,0.0,0.0,0.0,0.0,0.0,0.0,0.0,0.0,0.0,0.0,0.0,0.0,0.0,0.0,0.0,0.0,0.0,0.0,0.0,0.0,0.0,0.0,0.0,0.0,0.0,0.0,0.0,0.0,0.0,0.0,0.0,0.0,0.0,0.0,0.0,0.0,0.0,0.0,0.0,0.0,0.0,0.0,0.0,0.0,0.0,0.0,0.0,0.0,0.0,0.0,0.0,0.0,0.0,0.0,0.0,0.0,0.0,0.0,0.0,0.0,0.0,0.0,0.0,0.0,0.0,0.0,0.0,0.0,0.0,0.0,0.0,0.0,0.0,0.0,0.0,0.0,0.0,0.0,0.0,0.0,0.0,0.0,0.0,0.0,0.0,0.0,0.0,0.0,0.0,0.0,0.0,0.0,0.0,0.0,0.0,0.0,0.0,0.0,0.0,0.0,0.0,0.0,0.0,0.0,0.0,0.0,0.0
2017-05-27 00:32:00+02:00,0.0,0.0,0.0,0.0,0.0,0.0,0.0,0.0,0.0,0.0,0.0,0.0,0.0,0.0,0.0,0.0,0.0,0.0,0.0,0.0,0.0,0.0,0.0,0.0,0.0,0.0,0.0,0.0,0.0,0.0,0.0,0.0,0.0,0.0,0.0,0.0,0.0,0.0,0.0,0.0,0.0,0.0,0.0,0.0,0.0,0.0,0.0,0.0,0.0,0.0,0.0,0.0,0.0,0.0,0.0,0.0,0.0,0.0,0.0,0.0,0.0,0.0,0.0,0.0,0.0,0.0,0.0,0.0,0.0,0.0,0.0,0.0,0.0,0.0,0.0,0.0,0.0,0.0,0.0,0.0,0.0,0.0,0.0,0.0,0.0,0.0,0.0,0.0,0.0,0.0,0.0,0.0,0.0,0.0,0.0,0.0,0.0,0.0,0.0,0.0,0.0,0.0,0.0,0.0,0.0,0.0,0.0,0.0,0.0,0.0,0.0,0.0,0.0,0.0,0.0,0.0,0.0,0.0
2017-05-27 00:33:00+02:00,0.0,0.0,0.0,0.0,0.0,0.0,0.0,0.0,0.0,0.0,0.0,0.0,0.0,0.0,0.0,0.0,0.0,0.0,0.0,0.0,0.0,0.0,0.0,0.0,0.0,0.0,0.0,0.0,0.0,0.0,0.0,0.0,0.0,0.0,0.0,0.0,0.0,0.0,0.0,0.0,0.0,0.0,0.0,0.0,0.0,0.0,0.0,0.0,0.0,0.0,0.0,0.0,0.0,0.0,0.0,0.0,0.0,0.0,0.0,0.0,0.0,0.0,0.0,0.0,0.0,0.0,0.0,0.0,0.0,0.0,0.0,0.0,0.0,0.0,0.0,0.0,0.0,0.0,0.0,0.0,0.0,0.0,0.0,0.0,0.0,0.0,0.0,0.0,0.0,0.0,0.0,0.0,0.0,0.0,0.0,0.0,0.0,0.0,0.0,0.0,0.0,0.0,0.0,0.0,0.0,0.0,0.0,0.0,0.0,0.0,0.0,0.0,0.0,0.0,0.0,0.0,0.0,0.0
2017-05-27 00:34:00+02:00,0.0,0.0,0.0,0.0,0.0,0.0,0.0,0.0,0.0,0.0,0.0,0.0,0.0,0.0,0.0,0.0,0.0,0.0,0.0,0.0,0.0,0.0,0.0,0.0,0.0,0.0,0.0,0.0,0.0,0.0,0.0,0.0,0.0,0.0,0.0,0.0,0.0,0.0,0.0,0.0,0.0,0.0,0.0,0.0,0.0,0.0,0.0,0.0,0.0,0.0,0.0,0.0,0.0,0.0,0.0,0.0,0.0,0.0,0.0,0.0,0.0,0.0,0.0,0.0,0.0,0.0,0.0,0.0,0.0,0.0,0.0,0.0,0.0,0.0,0.0,0.0,0.0,0.0,0.0,0.0,0.0,0.0,0.0,0.0,0.0,0.0,0.0,0.0,0.0,0.0,0.0,0.0,0.0,0.0,0.0,0.0,0.0,0.0,0.0,0.0,0.0,0.0,0.0,0.0,0.0,0.0,0.0,0.0,0.0,0.0,0.0,0.0,0.0,0.0,0.0,0.0,0.0,0.0
2017-05-27 00:35:00+02:00,0.0,0.0,0.0,0.0,0.0,0.0,0.0,0.0,0.0,0.0,0.0,0.0,0.0,0.0,0.0,0.0,0.0,0.0,0.0,0.0,0.0,0.0,0.0,0.0,0.0,0.0,0.0,0.0,0.0,0.0,0.0,0.0,0.0,0.0,0.0,0.0,0.0,0.0,0.0,0.0,0.0,0.0,0.0,0.0,0.0,0.0,0.0,0.0,0.0,0.0,0.0,0.0,0.0,0.0,0.0,0.0,0.0,0.0,0.0,0.0,0.0,0.0,0.0,0.0,0.0,0.0,0.0,0.0,0.0,0.0,0.0,0.0,0.0,0.0,0.0,0.0,0.0,0.0,0.0,0.0,0.0,0.0,0.0,0.0,0.0,0.0,0.0,0.0,0.0,0.0,0.0,0.0,0.0,0.0,0.0,0.0,0.0,0.0,0.0,0.0,0.0,0.0,0.0,0.0,0.0,0.0,0.0,0.0,0.0,0.0,0.0,0.0,0.0,0.0,0.0,0.0,0.0,0.0
2017-05-27 00:36:00+02:00,0.0,0.0,0.0,0.0,0.0,0.0,0.0,0.0,0.0,0.0,0.0,0.0,0.0,0.0,0.0,0.0,0.0,0.0,0.0,0.0,0.0,0.0,0.0,0.0,0.0,0.0,0.0,0.0,0.0,0.0,0.0,0.0,0.0,0.0,0.0,0.0,0.0,0.0,0.0,0.0,0.0,0.0,0.0,0.0,0.0,0.0,0.0,0.0,0.0,0.0,0.0,0.0,0.0,0.0,0.0,0.0,0.0,0.0,0.0,0.0,0.0,0.0,0.0,0.0,0.0,0.0,0.0,0.0,0.0,0.0,0.0,0.0,0.0,0.0,0.0,0.0,0.0,0.0,0.0,0.0,0.0,0.0,0.0,0.0,0.0,0.0,0.0,0.0,0.0,0.0,0.0,0.0,0.0,0.0,0.0,0.0,0.0,0.0,0.0,0.0,0.0,0.0,0.0,0.0,0.0,0.0,0.0,0.0,0.0,0.0,0.0,0.0,0.0,0.0,0.0,0.0,0.0,0.0
2017-05-27 00:37:00+02:00,0.0,0.0,0.0,0.0,0.0,0.0,0.0,0.0,0.0,0.0,0.0,0.0,0.0,0.0,0.0,0.0,0.0,0.0,0.0,0.0,0.0,0.0,0.0,0.0,0.0,0.0,0.0,0.0,0.0,0.0,0.0,0.0,0.0,0.0,0.0,0.0,0.0,0.0,0.0,0.0,0.0,0.0,0.0,0.0,0.0,0.0,0.0,0.0,0.0,0.0,0.0,0.0,0.0,0.0,0.0,0.0,0.0,0.0,0.0,0.0,0.0,0.0,0.0,0.0,0.0,0.0,0.0,0.0,0.0,0.0,0.0,0.0,0.0,0.0,0.0,0.0,0.0,0.0,0.0,0.0,0.0,0.0,0.0,0.0,0.0,0.0,0.0,0.0,0.0,0.0,0.0,0.0,0.0,0.0,0.0,0.0,0.0,0.0,0.0,0.0,0.0,0.0,0.0,0.0,0.0,0.0,0.0,0.0,0.0,0.0,0.0,0.0,0.0,0.0,0.0,0.0,0.0,0.0
2017-05-27 00:38:00+02:00,0.0,0.0,0.0,0.0,0.0,0.0,0.0,0.0,0.0,0.0,0.0,0.0,0.0,0.0,0.0,0.0,0.0,0.0,0.0,0.0,0.0,0.0,0.0,0.0,0.0,0.0,0.0,0.0,0.0,0.0,0.0,0.0,0.0,0.0,0.0,0.0,0.0,0.0,0.0,0.0,0.0,0.0,0.0,0.0,0.0,0.0,0.0,0.0,0.0,0.0,0.0,0.0,0.0,0.0,0.0,0.0,0.0,0.0,0.0,0.0,0.0,0.0,0.0,0.0,0.0,0.0,0.0,0.0,0.0,0.0,0.0,0.0,0.0,0.0,0.0,0.0,0.0,0.0,0.0,0.0,0.0,0.0,0.0,0.0,0.0,0.0,0.0,0.0,0.0,0.0,0.0,0.0,0.0,0.0,0.0,0.0,0.0,0.0,0.0,0.0,0.0,0.0,0.0,0.0,0.0,0.0,0.0,0.0,0.0,0.0,0.0,0.0,0.0,0.0,0.0,0.0,0.0,0.0
2017-05-27 00:39:00+02:00,0.0,0.0,0.0,0.0,0.0,0.0,0.0,0.0,0.0,0.0,0.0,0.0,0.0,0.0,0.0,0.0,0.0,0.0,0.0,0.0,0.0,0.0,0.0,0.0,0.0,0.0,0.0,0.0,0.0,0.0,0.0,0.0,0.0,0.0,0.0,0.0,0.0,0.0,0.0,0.0,0.0,0.0,0.0,0.0,0.0,0.0,0.0,0.0,0.0,0.0,0.0,0.0,0.0,0.0,0.0,0.0,0.0,0.0,0.0,0.0,0.0,0.0,0.0,0.0,0.0,0.0,0.0,0.0,0.0,0.0,0.0,0.0,0.0,0.0,0.0,0.0,0.0,0.0,0.0,0.0,0.0,0.0,0.0,0.0,0.0,0.0,0.0,0.0,0.0,0.0,0.0,0.0,0.0,0.0,0.0,0.0,0.0,0.0,0.0,0.0,0.0,0.0,0.0,0.0,0.0,0.0,0.0,0.0,0.0,0.0,0.0,0.0,0.0,0.0,0.0,0.0,0.0,0.0
2017-05-27 00:40:00+02:00,0.0,0.0,0.0,0.0,0.0,0.0,0.0,0.0,0.0,0.0,0.0,0.0,0.0,0.0,0.0,0.0,0.0,0.0,0.0,0.0,0.0,0.0,0.0,0.0,0.0,0.0,0.0,0.0,0.0,0.0,0.0,0.0,0.0,0.0,0.0,0.0,0.0,0.0,0.0,0.0,0.0,0.0,0.0,0.0,0.0,0.0,0.0,0.0,0.0,0.0,0.0,0.0,0.0,0.0,0.0,0.0,0.0,0.0,0.0,0.0,0.0,0.0,0.0,0.0,0.0,0.0,0.0,0.0,0.0,0.0,0.0,0.0,0.0,0.0,0.0,0.0,0.0,0.0,0.0,0.0,0.0,0.0,0.0,0.0,0.0,0.0,0.0,0.0,0.0,0.0,0.0,0.0,0.0,0.0,0.0,0.0,0.0,0.0,0.0,0.0,0.0,0.0,0.0,0.0,0.0,0.0,0.0,0.0,0.0,0.0,0.0,0.0,0.0,0.0,0.0,0.0,0.0,0.0
2017-05-27 00:41:00+02:00,0.0,0.0,0.0,0.0,0.0,0.0,0.0,0.0,0.0,0.0,0.0,0.0,0.0,0.0,0.0,0.0,0.0,0.0,0.0,0.0,0.0,0.0,0.0,0.0,0.0,0.0,0.0,0.0,0.0,0.0,0.0,0.0,0.0,0.0,0.0,0.0,0.0,0.0,0.0,0.0,0.0,0.0,0.0,0.0,0.0,0.0,0.0,0.0,0.0,0.0,0.0,0.0,0.0,0.0,0.0,0.0,0.0,0.0,0.0,0.0,0.0,0.0,0.0,0.0,0.0,0.0,0.0,0.0,0.0,0.0,0.0,0.0,0.0,0.0,0.0,0.0,0.0,0.0,0.0,0.0,0.0,0.0,0.0,0.0,0.0,0.0,0.0,0.0,0.0,0.0,0.0,0.0,0.0,0.0,0.0,0.0,0.0,0.0,0.0,0.0,0.0,0.0,0.0,0.0,0.0,0.0,0.0,0.0,0.0,0.0,0.0,0.0,0.0,0.0,0.0,0.0,0.0,0.0
2017-05-27 00:42:00+02:00,0.0,0.0,0.0,0.0,0.0,0.0,0.0,0.0,0.0,0.0,0.0,0.0,0.0,0.0,0.0,0.0,0.0,0.0,0.0,0.0,0.0,0.0,0.0,0.0,0.0,0.0,0.0,0.0,0.0,0.0,0.0,0.0,0.0,0.0,0.0,0.0,0.0,0.0,0.0,0.0,0.0,0.0,0.0,0.0,0.0,0.0,0.0,0.0,0.0,0.0,0.0,0.0,0.0,0.0,0.0,0.0,0.0,0.0,0.0,0.0,0.0,0.0,0.0,0.0,0.0,0.0,0.0,0.0,0.0,0.0,0.0,0.0,0.0,0.0,0.0,0.0,0.0,0.0,0.0,0.0,0.0,0.0,0.0,0.0,0.0,0.0,0.0,0.0,0.0,0.0,0.0,0.0,0.0,0.0,0.0,0.0,0.0,0.0,0.0,0.0,0.0,0.0,0.0,0.0,0.0,0.0,0.0,0.0,0.0,0.0,0.0,0.0,0.0,0.0,0.0,0.0,0.0,0.0
2017-05-27 00:43:00+02:00,0.0,0.0,0.0,0.0,0.0,0.0,0.0,0.0,0.0,0.0,0.0,0.0,0.0,0.0,0.0,0.0,0.0,0.0,0.0,0.0,0.0,0.0,0.0,0.0,0.0,0.0,0.0,0.0,0.0,0.0,0.0,0.0,0.0,0.0,0.0,0.0,0.0,0.0,0.0,0.0,0.0,0.0,0.0,0.0,0.0,0.0,0.0,0.0,0.0,0.0,0.0,0.0,0.0,0.0,0.0,0.0,0.0,0.0,0.0,0.0,0.0,0.0,0.0,0.0,0.0,0.0,0.0,0.0,0.0,0.0,0.0,0.0,0.0,0.0,0.0,0.0,0.0,0.0,0.0,0.0,0.0,0.0,0.0,0.0,0.0,0.0,0.0,0.0,0.0,0.0,0.0,0.0,0.0,0.0,0.0,0.0,0.0,0.0,0.0,0.0,0.0,0.0,0.0,0.0,0.0,0.0,0.0,0.0,0.0,0.0,0.0,0.0,0.0,0.0,0.0,0.0,0.0,0.0
2017-05-27 00:44:00+02:00,0.0,0.0,0.0,0.0,0.0,0.0,0.0,0.0,0.0,0.0,0.0,0.0,0.0,0.0,0.0,0.0,0.0,0.0,0.0,0.0,0.0,0.0,0.0,0.0,0.0,0.0,0.0,0.0,0.0,0.0,0.0,0.0,0.0,0.0,0.0,0.0,0.0,0.0,0.0,0.0,0.0,0.0,0.0,0.0,0.0,0.0,0.0,0.0,0.0,0.0,0.0,0.0,0.0,0.0,0.0,0.0,0.0,0.0,0.0,0.0,0.0,0.0,0.0,0.0,0.0,0.0,0.0,0.0,0.0,0.0,0.0,0.0,0.0,0.0,0.0,0.0,0.0,0.0,0.0,0.0,0.0,0.0,0.0,0.0,0.0,0.0,0.0,0.0,0.0,0.0,0.0,0.0,0.0,0.0,0.0,0.0,0.0,0.0,0.0,0.0,0.0,0.0,0.0,0.0,0.0,0.0,0.0,0.0,0.0,0.0,0.0,0.0,0.0,0.0,0.0,0.0,0.0,0.0
2017-05-27 00:45:00+02:00,0.0,0.0,0.0,0.0,0.0,0.0,0.0,0.0,0.0,0.0,0.0,0.0,0.0,0.0,0.0,0.0,0.0,0.0,0.0,0.0,0.0,0.0,0.0,0.0,0.0,0.0,0.0,0.0,0.0,0.0,0.0,0.0,0.0,0.0,0.0,0.0,0.0,0.0,0.0,0.0,0.0,0.0,0.0,0.0,0.0,0.0,0.0,0.0,0.0,0.0,0.0,0.0,0.0,0.0,0.0,0.0,0.0,0.0,0.0,0.0,0.0,0.0,0.0,0.0,0.0,0.0,0.0,0.0,0.0,0.0,0.0,0.0,0.0,0.0,0.0,0.0,0.0,0.0,0.0,0.0,0.0,0.0,0.0,0.0,0.0,0.0,0.0,0.0,0.0,0.0,0.0,0.0,0.0,0.0,0.0,0.0,0.0,0.0,0.0,0.0,0.0,0.0,0.0,0.0,0.0,0.0,0.0,0.0,0.0,0.0,0.0,0.0,0.0,0.0,0.0,0.0,0.0,0.0
2017-05-27 00:46:00+02:00,0.0,0.0,0.0,0.0,0.0,0.0,0.0,0.0,0.0,0.0,0.0,0.0,0.0,0.0,0.0,0.0,0.0,0.0,0.0,0.0,0.0,0.0,0.0,0.0,0.0,0.0,0.0,0.0,0.0,0.0,0.0,0.0,0.0,0.0,0.0,0.0,0.0,0.0,0.0,0.0,0.0,0.0,0.0,0.0,0.0,0.0,0.0,0.0,0.0,0.0,0.0,0.0,0.0,0.0,0.0,0.0,0.0,0.0,0.0,0.0,0.0,0.0,0.0,0.0,0.0,0.0,0.0,0.0,0.0,0.0,0.0,0.0,0.0,0.0,0.0,0.0,0.0,0.0,0.0,0.0,0.0,0.0,0.0,0.0,0.0,0.0,0.0,0.0,0.0,0.0,0.0,0.0,0.0,0.0,0.0,0.0,0.0,0.0,0.0,0.0,0.0,0.0,0.0,0.0,0.0,0.0,0.0,0.0,0.0,0.0,0.0,0.0,0.0,0.0,0.0,0.0,0.0,0.0
2017-05-27 00:47:00+02:00,0.0,0.0,0.0,0.0,0.0,0.0,0.0,0.0,0.0,0.0,0.0,0.0,0.0,0.0,0.0,0.0,0.0,0.0,0.0,0.0,0.0,0.0,0.0,0.0,0.0,0.0,0.0,0.0,0.0,0.0,0.0,0.0,0.0,0.0,0.0,0.0,0.0,0.0,0.0,0.0,0.0,0.0,0.0,0.0,0.0,0.0,0.0,0.0,0.0,0.0,0.0,0.0,0.0,0.0,0.0,0.0,0.0,0.0,0.0,0.0,0.0,0.0,0.0,0.0,0.0,0.0,0.0,0.0,0.0,0.0,0.0,0.0,0.0,0.0,0.0,0.0,0.0,0.0,0.0,0.0,0.0,0.0,0.0,0.0,0.0,0.0,0.0,0.0,0.0,0.0,0.0,0.0,0.0,0.0,0.0,0.0,0.0,0.0,0.0,0.0,0.0,0.0,0.0,0.0,0.0,0.0,0.0,0.0,0.0,0.0,0.0,0.0,0.0,0.0,0.0,0.0,0.0,0.0
2017-05-27 00:48:00+02:00,0.0,0.0,0.0,0.0,0.0,0.0,0.0,0.0,0.0,0.0,0.0,0.0,0.0,0.0,0.0,0.0,0.0,0.0,0.0,0.0,0.0,0.0,0.0,0.0,0.0,0.0,0.0,0.0,0.0,0.0,0.0,0.0,0.0,0.0,0.0,0.0,0.0,0.0,0.0,0.0,0.0,0.0,0.0,0.0,0.0,0.0,0.0,0.0,0.0,0.0,0.0,0.0,0.0,0.0,0.0,0.0,0.0,0.0,0.0,0.0,0.0,0.0,0.0,0.0,0.0,0.0,0.0,0.0,0.0,0.0,0.0,0.0,0.0,0.0,0.0,0.0,0.0,0.0,0.0,0.0,0.0,0.0,0.0,0.0,0.0,0.0,0.0,0.0,0.0,0.0,0.0,0.0,0.0,0.0,0.0,0.0,0.0,0.0,0.0,0.0,0.0,0.0,0.0,0.0,0.0,0.0,0.0,0.0,0.0,0.0,0.0,0.0,0.0,0.0,0.0,0.0,0.0,0.0
2017-05-27 00:49:00+02:00,0.0,0.0,0.0,0.0,0.0,0.0,0.0,0.0,0.0,0.0,0.0,0.0,0.0,0.0,0.0,0.0,0.0,0.0,0.0,0.0,0.0,0.0,0.0,0.0,0.0,0.0,0.0,0.0,0.0,0.0,0.0,0.0,0.0,0.0,0.0,0.0,0.0,0.0,0.0,0.0,0.0,0.0,0.0,0.0,0.0,0.0,0.0,0.0,0.0,0.0,0.0,0.0,0.0,0.0,0.0,0.0,0.0,0.0,0.0,0.0,0.0,0.0,0.0,0.0,0.0,0.0,0.0,0.0,0.0,0.0,0.0,0.0,0.0,0.0,0.0,0.0,0.0,0.0,0.0,0.0,0.0,0.0,0.0,0.0,0.0,0.0,0.0,0.0,0.0,0.0,0.0,0.0,0.0,0.0,0.0,0.0,0.0,0.0,0.0,0.0,0.0,0.0,0.0,0.0,0.0,0.0,0.0,0.0,0.0,0.0,0.0,0.0,0.0,0.0,0.0,0.0,0.0,0.0
2017-05-27 00:50:00+02:00,0.0,0.0,0.0,0.0,0.0,0.0,0.0,0.0,0.0,0.0,0.0,0.0,0.0,0.0,0.0,0.0,0.0,0.0,0.0,0.0,0.0,0.0,0.0,0.0,0.0,0.0,0.0,0.0,0.0,0.0,0.0,0.0,0.0,0.0,0.0,0.0,0.0,0.0,0.0,0.0,0.0,0.0,0.0,0.0,0.0,0.0,0.0,0.0,0.0,0.0,0.0,0.0,0.0,0.0,0.0,0.0,0.0,0.0,0.0,0.0,0.0,0.0,0.0,0.0,0.0,0.0,0.0,0.0,0.0,0.0,0.0,0.0,0.0,0.0,0.0,0.0,0.0,0.0,0.0,0.0,0.0,0.0,0.0,0.0,0.0,0.0,0.0,0.0,0.0,0.0,0.0,0.0,0.0,0.0,0.0,0.0,0.0,0.0,0.0,0.0,0.0,0.0,0.0,0.0,0.0,0.0,0.0,0.0,0.0,0.0,0.0,0.0,0.0,0.0,0.0,0.0,0.0,0.0
2017-05-27 00:51:00+02:00,0.0,0.0,0.0,0.0,0.0,0.0,0.0,0.0,0.0,0.0,0.0,0.0,0.0,0.0,0.0,0.0,0.0,0.0,0.0,0.0,0.0,0.0,0.0,0.0,0.0,0.0,0.0,0.0,0.0,0.0,0.0,0.0,0.0,0.0,0.0,0.0,0.0,0.0,0.0,0.0,0.0,0.0,0.0,0.0,0.0,0.0,0.0,0.0,0.0,0.0,0.0,0.0,0.0,0.0,0.0,0.0,0.0,0.0,0.0,0.0,0.0,0.0,0.0,0.0,0.0,0.0,0.0,0.0,0.0,0.0,0.0,0.0,0.0,0.0,0.0,0.0,0.0,0.0,0.0,0.0,0.0,0.0,0.0,0.0,0.0,0.0,0.0,0.0,0.0,0.0,0.0,0.0,0.0,0.0,0.0,0.0,0.0,0.0,0.0,0.0,0.0,0.0,0.0,0.0,0.0,0.0,0.0,0.0,0.0,0.0,0.0,0.0,0.0,0.0,0.0,0.0,0.0,0.0
2017-05-27 00:52:00+02:00,0.0,0.0,0.0,0.0,0.0,0.0,0.0,0.0,0.0,0.0,0.0,0.0,0.0,0.0,0.0,0.0,0.0,0.0,0.0,0.0,0.0,0.0,0.0,0.0,0.0,0.0,0.0,0.0,0.0,0.0,0.0,0.0,0.0,0.0,0.0,0.0,0.0,0.0,0.0,0.0,0.0,0.0,0.0,0.0,0.0,0.0,0.0,0.0,0.0,0.0,0.0,0.0,0.0,0.0,0.0,0.0,0.0,0.0,0.0,0.0,0.0,0.0,0.0,0.0,0.0,0.0,0.0,0.0,0.0,0.0,0.0,0.0,0.0,0.0,0.0,0.0,0.0,0.0,0.0,0.0,0.0,0.0,0.0,0.0,0.0,0.0,0.0,0.0,0.0,0.0,0.0,0.0,0.0,0.0,0.0,0.0,0.0,0.0,0.0,0.0,0.0,0.0,0.0,0.0,0.0,0.0,0.0,0.0,0.0,0.0,0.0,0.0,0.0,0.0,0.0,0.0,0.0,0.0
2017-05-27 00:53:00+02:00,0.0,0.0,0.0,0.0,0.0,0.0,0.0,0.0,0.0,0.0,0.0,0.0,0.0,0.0,0.0,0.0,0.0,0.0,0.0,0.0,0.0,0.0,0.0,0.0,0.0,0.0,0.0,0.0,0.0,0.0,0.0,0.0,0.0,0.0,0.0,0.0,0.0,0.0,0.0,0.0,0.0,0.0,0.0,0.0,0.0,0.0,0.0,0.0,0.0,0.0,0.0,0.0,0.0,0.0,0.0,0.0,0.0,0.0,0.0,0.0,0.0,0.0,0.0,0.0,0.0,0.0,0.0,0.0,0.0,0.0,0.0,0.0,0.0,0.0,0.0,0.0,0.0,0.0,0.0,0.0,0.0,0.0,0.0,0.0,0.0,0.0,0.0,0.0,0.0,0.0,0.0,0.0,0.0,0.0,0.0,0.0,0.0,0.0,0.0,0.0,0.0,0.0,0.0,0.0,0.0,0.0,0.0,0.0,0.0,0.0,0.0,0.0,0.0,0.0,0.0,0.0,0.0,0.0
2017-05-27 00:54:00+02:00,0.0,0.0,0.0,0.0,0.0,0.0,0.0,0.0,0.0,0.0,0.0,0.0,0.0,0.0,0.0,0.0,0.0,0.0,0.0,0.0,0.0,0.0,0.0,0.0,0.0,0.0,0.0,0.0,0.0,0.0,0.0,0.0,0.0,0.0,0.0,0.0,0.0,0.0,0.0,0.0,0.0,0.0,0.0,0.0,0.0,0.0,0.0,0.0,0.0,0.0,0.0,0.0,0.0,0.0,0.0,0.0,0.0,0.0,0.0,0.0,0.0,0.0,0.0,0.0,0.0,0.0,0.0,0.0,0.0,0.0,0.0,0.0,0.0,0.0,0.0,0.0,0.0,0.0,0.0,0.0,0.0,0.0,0.0,0.0,0.0,0.0,0.0,0.0,0.0,0.0,0.0,0.0,0.0,0.0,0.0,0.0,0.0,0.0,0.0,0.0,0.0,0.0,0.0,0.0,0.0,0.0,0.0,0.0,0.0,0.0,0.0,0.0,0.0,0.0,0.0,0.0,0.0,0.0
2017-05-27 00:55:00+02:00,0.0,0.0,0.0,0.0,0.0,0.0,0.0,0.0,0.0,0.0,0.0,0.0,0.0,0.0,0.0,0.0,0.0,0.0,0.0,0.0,0.0,0.0,0.0,0.0,0.0,0.0,0.0,0.0,0.0,0.0,0.0,0.0,0.0,0.0,0.0,0.0,0.0,0.0,0.0,0.0,0.0,0.0,0.0,0.0,0.0,0.0,0.0,0.0,0.0,0.0,0.0,0.0,0.0,0.0,0.0,0.0,0.0,0.0,0.0,0.0,0.0,0.0,0.0,0.0,0.0,0.0,0.0,0.0,0.0,0.0,0.0,0.0,0.0,0.0,0.0,0.0,0.0,0.0,0.0,0.0,0.0,0.0,0.0,0.0,0.0,0.0,0.0,0.0,0.0,0.0,0.0,0.0,0.0,0.0,0.0,0.0,0.0,0.0,0.0,0.0,0.0,0.0,0.0,0.0,0.0,0.0,0.0,0.0,0.0,0.0,0.0,0.0,0.0,0.0,0.0,0.0,0.0,0.0
2017-05-27 00:56:00+02:00,0.0,0.0,0.0,0.0,0.0,0.0,0.0,0.0,0.0,0.0,0.0,0.0,0.0,0.0,0.0,0.0,0.0,0.0,0.0,0.0,0.0,0.0,0.0,0.0,0.0,0.0,0.0,0.0,0.0,0.0,0.0,0.0,0.0,0.0,0.0,0.0,0.0,0.0,0.0,0.0,0.0,0.0,0.0,0.0,0.0,0.0,0.0,0.0,0.0,0.0,0.0,0.0,0.0,0.0,0.0,0.0,0.0,0.0,0.0,0.0,0.0,0.0,0.0,0.0,0.0,0.0,0.0,0.0,0.0,0.0,0.0,0.0,0.0,0.0,0.0,0.0,0.0,0.0,0.0,0.0,0.0,0.0,0.0,0.0,0.0,0.0,0.0,0.0,0.0,0.0,0.0,0.0,0.0,0.0,0.0,0.0,0.0,0.0,0.0,0.0,0.0,0.0,0.0,0.0,0.0,0.0,0.0,0.0,0.0,0.0,0.0,0.0,0.0,0.0,0.0,0.0,0.0,0.0
2017-05-27 00:57:00+02:00,0.0,0.0,0.0,0.0,0.0,0.0,0.0,0.0,0.0,0.0,0.0,0.0,0.0,0.0,0.0,0.0,0.0,0.0,0.0,0.0,0.0,0.0,0.0,0.0,0.0,0.0,0.0,0.0,0.0,0.0,0.0,0.0,0.0,0.0,0.0,0.0,0.0,0.0,0.0,0.0,0.0,0.0,0.0,0.0,0.0,0.0,0.0,0.0,0.0,0.0,0.0,0.0,0.0,0.0,0.0,0.0,0.0,0.0,0.0,0.0,0.0,0.0,0.0,0.0,0.0,0.0,0.0,0.0,0.0,0.0,0.0,0.0,0.0,0.0,0.0,0.0,0.0,0.0,0.0,0.0,0.0,0.0,0.0,0.0,0.0,0.0,0.0,0.0,0.0,0.0,0.0,0.0,0.0,0.0,0.0,0.0,0.0,0.0,0.0,0.0,0.0,0.0,0.0,0.0,0.0,0.0,0.0,0.0,0.0,0.0,0.0,0.0,0.0,0.0,0.0,0.0,0.0,0.0
2017-05-27 00:58:00+02:00,0.0,0.0,0.0,0.0,0.0,0.0,0.0,0.0,0.0,0.0,0.0,0.0,0.0,0.0,0.0,0.0,0.0,0.0,0.0,0.0,0.0,0.0,0.0,0.0,0.0,0.0,0.0,0.0,0.0,0.0,0.0,0.0,0.0,0.0,0.0,0.0,0.0,0.0,0.0,0.0,0.0,0.0,0.0,0.0,0.0,0.0,0.0,0.0,0.0,0.0,0.0,0.0,0.0,0.0,0.0,0.0,0.0,0.0,0.0,0.0,0.0,0.0,0.0,0.0,0.0,0.0,0.0,0.0,0.0,0.0,0.0,0.0,0.0,0.0,0.0,0.0,0.0,0.0,0.0,0.0,0.0,0.0,0.0,0.0,0.0,0.0,0.0,0.0,0.0,0.0,0.0,0.0,0.0,0.0,0.0,0.0,0.0,0.0,0.0,0.0,0.0,0.0,0.0,0.0,0.0,0.0,0.0,0.0,0.0,0.0,0.0,0.0,0.0,0.0,0.0,0.0,0.0,0.0
2017-05-27 00:59:00+02:00,0.0,0.0,0.0,0.0,0.0,0.0,0.0,0.0,0.0,0.0,0.0,0.0,0.0,0.0,0.0,0.0,0.0,0.0,0.0,0.0,0.0,0.0,0.0,0.0,0.0,0.0,0.0,0.0,0.0,0.0,0.0,0.0,0.0,0.0,0.0,0.0,0.0,0.0,0.0,0.0,0.0,0.0,0.0,0.0,0.0,0.0,0.0,0.0,0.0,0.0,0.0,0.0,0.0,0.0,0.0,0.0,0.0,0.0,0.0,0.0,0.0,0.0,0.0,0.0,0.0,0.0,0.0,0.0,0.0,0.0,0.0,0.0,0.0,0.0,0.0,0.0,0.0,0.0,0.0,0.0,0.0,0.0,0.0,0.0,0.0,0.0,0.0,0.0,0.0,0.0,0.0,0.0,0.0,0.0,0.0,0.0,0.0,0.0,0.0,0.0,0.0,0.0,0.0,0.0,0.0,0.0,0.0,0.0,0.0,0.0,0.0,0.0,0.0,0.0,0.0,0.0,0.0,0.0
2017-05-27 01:00:00+02:00,0.0,0.0,0.0,0.0,0.0,0.0,0.0,0.0,0.0,0.0,0.0,0.0,0.0,0.0,0.0,0.0,0.0,0.0,0.0,0.0,0.0,0.0,0.0,0.0,0.0,0.0,0.0,0.0,0.0,0.0,0.0,0.0,0.0,0.0,0.0,0.0,0.0,0.0,0.0,0.0,0.0,0.0,0.0,0.0,0.0,0.0,0.0,0.0,0.0,0.0,0.0,0.0,0.0,0.0,0.0,0.0,0.0,0.0,0.0,0.0,0.0,0.0,0.0,0.0,0.0,0.0,0.0,0.0,0.0,0.0,0.0,0.0,0.0,0.0,0.0,0.0,0.0,0.0,0.0,0.0,0.0,0.0,0.0,0.0,0.0,0.0,0.0,0.0,0.0,0.0,0.0,0.0,0.0,0.0,0.0,0.0,0.0,0.0,0.0,0.0,0.0,0.0,0.0,0.0,0.0,0.0,0.0,0.0,0.0,0.0,0.0,0.0,0.0,0.0,0.0,0.0,0.0,0.0
2017-05-27 01:01:00+02:00,0.0,0.0,0.0,0.0,0.0,0.0,0.0,0.0,0.0,0.0,0.0,0.0,0.0,0.0,0.0,0.0,0.0,0.0,0.0,0.0,0.0,0.0,0.0,0.0,0.0,0.0,0.0,0.0,0.0,0.0,0.0,0.0,0.0,0.0,0.0,0.0,0.0,0.0,0.0,0.0,0.0,0.0,0.0,0.0,0.0,0.0,0.0,0.0,0.0,0.0,0.0,0.0,0.0,0.0,0.0,0.0,0.0,0.0,0.0,0.0,0.0,0.0,0.0,0.0,0.0,0.0,0.0,0.0,0.0,0.0,0.0,0.0,0.0,0.0,0.0,0.0,0.0,0.0,0.0,0.0,0.0,0.0,0.0,0.0,0.0,0.0,0.0,0.0,0.0,0.0,0.0,0.0,0.0,0.0,0.0,0.0,0.0,0.0,0.0,0.0,0.0,0.0,0.0,0.0,0.0,0.0,0.0,0.0,0.0,0.0,0.0,0.0,0.0,0.0,0.0,0.0,0.0,0.0
2017-05-27 01:02:00+02:00,0.0,0.0,0.0,0.0,0.0,0.0,0.0,0.0,0.0,0.0,0.0,0.0,0.0,0.0,0.0,0.0,0.0,0.0,0.0,0.0,0.0,0.0,0.0,0.0,0.0,0.0,0.0,0.0,0.0,0.0,0.0,0.0,0.0,0.0,0.0,0.0,0.0,0.0,0.0,0.0,0.0,0.0,0.0,0.0,0.0,0.0,0.0,0.0,0.0,0.0,0.0,0.0,0.0,0.0,0.0,0.0,0.0,0.0,0.0,0.0,0.0,0.0,0.0,0.0,0.0,0.0,0.0,0.0,0.0,0.0,0.0,0.0,0.0,0.0,0.0,0.0,0.0,0.0,0.0,0.0,0.0,0.0,0.0,0.0,0.0,0.0,0.0,0.0,0.0,0.0,0.0,0.0,0.0,0.0,0.0,0.0,0.0,0.0,0.0,0.0,0.0,0.0,0.0,0.0,0.0,0.0,0.0,0.0,0.0,0.0,0.0,0.0,0.0,0.0,0.0,0.0,0.0,0.0
2017-05-27 01:03:00+02:00,0.0,0.0,0.0,0.0,0.0,0.0,0.0,0.0,0.0,0.0,0.0,0.0,0.0,0.0,0.0,0.0,0.0,0.0,0.0,0.0,0.0,0.0,0.0,0.0,0.0,0.0,0.0,0.0,0.0,0.0,0.0,0.0,0.0,0.0,0.0,0.0,0.0,0.0,0.0,0.0,0.0,0.0,0.0,0.0,0.0,0.0,0.0,0.0,0.0,0.0,0.0,0.0,0.0,0.0,0.0,0.0,0.0,0.0,0.0,0.0,0.0,0.0,0.0,0.0,0.0,0.0,0.0,0.0,0.0,0.0,0.0,0.0,0.0,0.0,0.0,0.0,0.0,0.0,0.0,0.0,0.0,0.0,0.0,0.0,0.0,0.0,0.0,0.0,0.0,0.0,0.0,0.0,0.0,0.0,0.0,0.0,0.0,0.0,0.0,0.0,0.0,0.0,0.0,0.0,0.0,0.0,0.0,0.0,0.0,0.0,0.0,0.0,0.0,0.0,0.0,0.0,0.0,0.0
2017-05-27 01:04:00+02:00,0.0,0.0,0.0,0.0,0.0,0.0,0.0,0.0,0.0,0.0,0.0,0.0,0.0,0.0,0.0,0.0,0.0,0.0,0.0,0.0,0.0,0.0,0.0,0.0,0.0,0.0,0.0,0.0,0.0,0.0,0.0,0.0,0.0,0.0,0.0,0.0,0.0,0.0,0.0,0.0,0.0,0.0,0.0,0.0,0.0,0.0,0.0,0.0,0.0,0.0,0.0,0.0,0.0,0.0,0.0,0.0,0.0,0.0,0.0,0.0,0.0,0.0,0.0,0.0,0.0,0.0,0.0,0.0,0.0,0.0,0.0,0.0,0.0,0.0,0.0,0.0,0.0,0.0,0.0,0.0,0.0,0.0,0.0,0.0,0.0,0.0,0.0,0.0,0.0,0.0,0.0,0.0,0.0,0.0,0.0,0.0,0.0,0.0,0.0,0.0,0.0,0.0,0.0,0.0,0.0,0.0,0.0,0.0,0.0,0.0,0.0,0.0,0.0,0.0,0.0,0.0,0.0,0.0
2017-05-27 01:05:00+02:00,0.0,0.0,0.0,0.0,0.0,0.0,0.0,0.0,0.0,0.0,0.0,0.0,0.0,0.0,0.0,0.0,0.0,0.0,0.0,0.0,0.0,0.0,0.0,0.0,0.0,0.0,0.0,0.0,0.0,0.0,0.0,0.0,0.0,0.0,0.0,0.0,0.0,0.0,0.0,0.0,0.0,0.0,0.0,0.0,0.0,0.0,0.0,0.0,0.0,0.0,0.0,0.0,0.0,0.0,0.0,0.0,0.0,0.0,0.0,0.0,0.0,0.0,0.0,0.0,0.0,0.0,0.0,0.0,0.0,0.0,0.0,0.0,0.0,0.0,0.0,0.0,0.0,0.0,0.0,0.0,0.0,0.0,0.0,0.0,0.0,0.0,0.0,0.0,0.0,0.0,0.0,0.0,0.0,0.0,0.0,0.0,0.0,0.0,0.0,0.0,0.0,0.0,0.0,0.0,0.0,0.0,0.0,0.0,0.0,0.0,0.0,0.0,0.0,0.0,0.0,0.0,0.0,0.0
2017-05-27 01:06:00+02:00,0.0,0.0,0.0,0.0,0.0,0.0,0.0,0.0,0.0,0.0,0.0,0.0,0.0,0.0,0.0,0.0,0.0,0.0,0.0,0.0,0.0,0.0,0.0,0.0,0.0,0.0,0.0,0.0,0.0,0.0,0.0,0.0,0.0,0.0,0.0,0.0,0.0,0.0,0.0,0.0,0.0,0.0,0.0,0.0,0.0,0.0,0.0,0.0,0.0,0.0,0.0,0.0,0.0,0.0,0.0,0.0,0.0,0.0,0.0,0.0,0.0,0.0,0.0,0.0,0.0,0.0,0.0,0.0,0.0,0.0,0.0,0.0,0.0,0.0,0.0,0.0,0.0,0.0,0.0,0.0,0.0,0.0,0.0,0.0,0.0,0.0,0.0,0.0,0.0,0.0,0.0,0.0,0.0,0.0,0.0,0.0,0.0,0.0,0.0,0.0,0.0,0.0,0.0,0.0,0.0,0.0,0.0,0.0,0.0,0.0,0.0,0.0,0.0,0.0,0.0,0.0,0.0,0.0
2017-05-27 01:07:00+02:00,0.0,0.0,0.0,0.0,0.0,0.0,0.0,0.0,0.0,0.0,0.0,0.0,0.0,0.0,0.0,0.0,0.0,0.0,0.0,0.0,0.0,0.0,0.0,0.0,0.0,0.0,0.0,0.0,0.0,0.0,0.0,0.0,0.0,0.0,0.0,0.0,0.0,0.0,0.0,0.0,0.0,0.0,0.0,0.0,0.0,0.0,0.0,0.0,0.0,0.0,0.0,0.0,0.0,0.0,0.0,0.0,0.0,0.0,0.0,0.0,0.0,0.0,0.0,0.0,0.0,0.0,0.0,0.0,0.0,0.0,0.0,0.0,0.0,0.0,0.0,0.0,0.0,0.0,0.0,0.0,0.0,0.0,0.0,0.0,0.0,0.0,0.0,0.0,0.0,0.0,0.0,0.0,0.0,0.0,0.0,0.0,0.0,0.0,0.0,0.0,0.0,0.0,0.0,0.0,0.0,0.0,0.0,0.0,0.0,0.0,0.0,0.0,0.0,0.0,0.0,0.0,0.0,0.0
2017-05-27 01:08:00+02:00,0.0,0.0,0.0,0.0,0.0,0.0,0.0,0.0,0.0,0.0,0.0,0.0,0.0,0.0,0.0,0.0,0.0,0.0,0.0,0.0,0.0,0.0,0.0,0.0,0.0,0.0,0.0,0.0,0.0,0.0,0.0,0.0,0.0,0.0,0.0,0.0,0.0,0.0,0.0,0.0,0.0,0.0,0.0,0.0,0.0,0.0,0.0,0.0,0.0,0.0,0.0,0.0,0.0,0.0,0.0,0.0,0.0,0.0,0.0,0.0,0.0,0.0,0.0,0.0,0.0,0.0,0.0,0.0,0.0,0.0,0.0,0.0,0.0,0.0,0.0,0.0,0.0,0.0,0.0,0.0,0.0,0.0,0.0,0.0,0.0,0.0,0.0,0.0,0.0,0.0,0.0,0.0,0.0,0.0,0.0,0.0,0.0,0.0,0.0,0.0,0.0,0.0,0.0,0.0,0.0,0.0,0.0,0.0,0.0,0.0,0.0,0.0,0.0,0.0,0.0,0.0,0.0,0.0
2017-05-27 01:09:00+02:00,0.0,0.0,0.0,0.0,0.0,0.0,0.0,0.0,0.0,0.0,0.0,0.0,0.0,0.0,0.0,0.0,0.0,0.0,0.0,0.0,0.0,0.0,0.0,0.0,0.0,0.0,0.0,0.0,0.0,0.0,0.0,0.0,0.0,0.0,0.0,0.0,0.0,0.0,0.0,0.0,0.0,0.0,0.0,0.0,0.0,0.0,0.0,0.0,0.0,0.0,0.0,0.0,0.0,0.0,0.0,0.0,0.0,0.0,0.0,0.0,0.0,0.0,0.0,0.0,0.0,0.0,0.0,0.0,0.0,0.0,0.0,0.0,0.0,0.0,0.0,0.0,0.0,0.0,0.0,0.0,0.0,0.0,0.0,0.0,0.0,0.0,0.0,0.0,0.0,0.0,0.0,0.0,0.0,0.0,0.0,0.0,0.0,0.0,0.0,0.0,0.0,0.0,0.0,0.0,0.0,0.0,0.0,0.0,0.0,0.0,0.0,0.0,0.0,0.0,0.0,0.0,0.0,0.0
2017-05-27 01:10:00+02:00,0.0,0.0,0.0,0.0,0.0,0.0,0.0,0.0,0.0,0.0,0.0,0.0,0.0,0.0,0.0,0.0,0.0,0.0,0.0,0.0,0.0,0.0,0.0,0.0,0.0,0.0,0.0,0.0,0.0,0.0,0.0,0.0,0.0,0.0,0.0,0.0,0.0,0.0,0.0,0.0,0.0,0.0,0.0,0.0,0.0,0.0,0.0,0.0,0.0,0.0,0.0,0.0,0.0,0.0,0.0,0.0,0.0,0.0,0.0,0.0,0.0,0.0,0.0,0.0,0.0,0.0,0.0,0.0,0.0,0.0,0.0,0.0,0.0,0.0,0.0,0.0,0.0,0.0,0.0,0.0,0.0,0.0,0.0,0.0,0.0,0.0,0.0,0.0,0.0,0.0,0.0,0.0,0.0,0.0,0.0,0.0,0.0,0.0,0.0,0.0,0.0,0.0,0.0,0.0,0.0,0.0,0.0,0.0,0.0,0.0,0.0,0.0,0.0,0.0,0.0,0.0,0.0,0.0
2017-05-27 01:11:00+02:00,0.0,0.0,0.0,0.0,0.0,0.0,0.0,0.0,0.0,0.0,0.0,0.0,0.0,0.0,0.0,0.0,0.0,0.0,0.0,0.0,0.0,0.0,0.0,0.0,0.0,0.0,0.0,0.0,0.0,0.0,0.0,0.0,0.0,0.0,0.0,0.0,0.0,0.0,0.0,0.0,0.0,0.0,0.0,0.0,0.0,0.0,0.0,0.0,0.0,0.0,0.0,0.0,0.0,0.0,0.0,0.0,0.0,0.0,0.0,0.0,0.0,0.0,0.0,0.0,0.0,0.0,0.0,0.0,0.0,0.0,0.0,0.0,0.0,0.0,0.0,0.0,0.0,0.0,0.0,0.0,0.0,0.0,0.0,0.0,0.0,0.0,0.0,0.0,0.0,0.0,0.0,0.0,0.0,0.0,0.0,0.0,0.0,0.0,0.0,0.0,0.0,0.0,0.0,0.0,0.0,0.0,0.0,0.0,0.0,0.0,0.0,0.0,0.0,0.0,0.0,0.0,0.0,0.0
2017-05-27 01:12:00+02:00,0.0,0.0,0.0,0.0,0.0,0.0,0.0,0.0,0.0,0.0,0.0,0.0,0.0,0.0,0.0,0.0,0.0,0.0,0.0,0.0,0.0,0.0,0.0,0.0,0.0,0.0,0.0,0.0,0.0,0.0,0.0,0.0,0.0,0.0,0.0,0.0,0.0,0.0,0.0,0.0,0.0,0.0,0.0,0.0,0.0,0.0,0.0,0.0,0.0,0.0,0.0,0.0,0.0,0.0,0.0,0.0,0.0,0.0,0.0,0.0,0.0,0.0,0.0,0.0,0.0,0.0,0.0,0.0,0.0,0.0,0.0,0.0,0.0,0.0,0.0,0.0,0.0,0.0,0.0,0.0,0.0,0.0,0.0,0.0,0.0,0.0,0.0,0.0,0.0,0.0,0.0,0.0,0.0,0.0,0.0,0.0,0.0,0.0,0.0,0.0,0.0,0.0,0.0,0.0,0.0,0.0,0.0,0.0,0.0,0.0,0.0,0.0,0.0,0.0,0.0,0.0,0.0,0.0
2017-05-27 01:13:00+02:00,0.0,0.0,0.0,0.0,0.0,0.0,0.0,0.0,0.0,0.0,0.0,0.0,0.0,0.0,0.0,0.0,0.0,0.0,0.0,0.0,0.0,0.0,0.0,0.0,0.0,0.0,0.0,0.0,0.0,0.0,0.0,0.0,0.0,0.0,0.0,0.0,0.0,0.0,0.0,0.0,0.0,0.0,0.0,0.0,0.0,0.0,0.0,0.0,0.0,0.0,0.0,0.0,0.0,0.0,0.0,0.0,0.0,0.0,0.0,0.0,0.0,0.0,0.0,0.0,0.0,0.0,0.0,0.0,0.0,0.0,0.0,0.0,0.0,0.0,0.0,0.0,0.0,0.0,0.0,0.0,0.0,0.0,0.0,0.0,0.0,0.0,0.0,0.0,0.0,0.0,0.0,0.0,0.0,0.0,0.0,0.0,0.0,0.0,0.0,0.0,0.0,0.0,0.0,0.0,0.0,0.0,0.0,0.0,0.0,0.0,0.0,0.0,0.0,0.0,0.0,0.0,0.0,0.0
2017-05-27 01:14:00+02:00,0.0,0.0,0.0,0.0,0.0,0.0,0.0,0.0,0.0,0.0,0.0,0.0,0.0,0.0,0.0,0.0,0.0,0.0,0.0,0.0,0.0,0.0,0.0,0.0,0.0,0.0,0.0,0.0,0.0,0.0,0.0,0.0,0.0,0.0,0.0,0.0,0.0,0.0,0.0,0.0,0.0,0.0,0.0,0.0,0.0,0.0,0.0,0.0,0.0,0.0,0.0,0.0,0.0,0.0,0.0,0.0,0.0,0.0,0.0,0.0,0.0,0.0,0.0,0.0,0.0,0.0,0.0,0.0,0.0,0.0,0.0,0.0,0.0,0.0,0.0,0.0,0.0,0.0,0.0,0.0,0.0,0.0,0.0,0.0,0.0,0.0,0.0,0.0,0.0,0.0,0.0,0.0,0.0,0.0,0.0,0.0,0.0,0.0,0.0,0.0,0.0,0.0,0.0,0.0,0.0,0.0,0.0,0.0,0.0,0.0,0.0,0.0,0.0,0.0,0.0,0.0,0.0,0.0
2017-05-27 01:15:00+02:00,0.0,0.0,0.0,0.0,0.0,0.0,0.0,0.0,0.0,0.0,0.0,0.0,0.0,0.0,0.0,0.0,0.0,0.0,0.0,0.0,0.0,0.0,0.0,0.0,0.0,0.0,0.0,0.0,0.0,0.0,0.0,0.0,0.0,0.0,0.0,0.0,0.0,0.0,0.0,0.0,0.0,0.0,0.0,0.0,0.0,0.0,0.0,0.0,0.0,0.0,0.0,0.0,0.0,0.0,0.0,0.0,0.0,0.0,0.0,0.0,0.0,0.0,0.0,0.0,0.0,0.0,0.0,0.0,0.0,0.0,0.0,0.0,0.0,0.0,0.0,0.0,0.0,0.0,0.0,0.0,0.0,0.0,0.0,0.0,0.0,0.0,0.0,0.0,0.0,0.0,0.0,0.0,0.0,0.0,0.0,0.0,0.0,0.0,0.0,0.0,0.0,0.0,0.0,0.0,0.0,0.0,0.0,0.0,0.0,0.0,0.0,0.0,0.0,0.0,0.0,0.0,0.0,0.0
2017-05-27 01:16:00+02:00,0.0,0.0,0.0,0.0,0.0,0.0,0.0,0.0,0.0,0.0,0.0,0.0,0.0,0.0,0.0,0.0,0.0,0.0,0.0,0.0,0.0,0.0,0.0,0.0,0.0,0.0,0.0,0.0,0.0,0.0,0.0,0.0,0.0,0.0,0.0,0.0,0.0,0.0,0.0,0.0,0.0,0.0,0.0,0.0,0.0,0.0,0.0,0.0,0.0,0.0,0.0,0.0,0.0,0.0,0.0,0.0,0.0,0.0,0.0,0.0,0.0,0.0,0.0,0.0,0.0,0.0,0.0,0.0,0.0,0.0,0.0,0.0,0.0,0.0,0.0,0.0,0.0,0.0,0.0,0.0,0.0,0.0,0.0,0.0,0.0,0.0,0.0,0.0,0.0,0.0,0.0,0.0,0.0,0.0,0.0,0.0,0.0,0.0,0.0,0.0,0.0,0.0,0.0,0.0,0.0,0.0,0.0,0.0,0.0,0.0,0.0,0.0,0.0,0.0,0.0,0.0,0.0,0.0
2017-05-27 01:17:00+02:00,0.0,0.0,0.0,0.0,0.0,0.0,0.0,0.0,0.0,0.0,0.0,0.0,0.0,0.0,0.0,0.0,0.0,0.0,0.0,0.0,0.0,0.0,0.0,0.0,0.0,0.0,0.0,0.0,0.0,0.0,0.0,0.0,0.0,0.0,0.0,0.0,0.0,0.0,0.0,0.0,0.0,0.0,0.0,0.0,0.0,0.0,0.0,0.0,0.0,0.0,0.0,0.0,0.0,0.0,0.0,0.0,0.0,0.0,0.0,0.0,0.0,0.0,0.0,0.0,0.0,0.0,0.0,0.0,0.0,0.0,0.0,0.0,0.0,0.0,0.0,0.0,0.0,0.0,0.0,0.0,0.0,0.0,0.0,0.0,0.0,0.0,0.0,0.0,0.0,0.0,0.0,0.0,0.0,0.0,0.0,0.0,0.0,0.0,0.0,0.0,0.0,0.0,0.0,0.0,0.0,0.0,0.0,0.0,0.0,0.0,0.0,0.0,0.0,0.0,0.0,0.0,0.0,0.0
2017-05-27 01:18:00+02:00,0.0,0.0,0.0,0.0,0.0,0.0,0.0,0.0,0.0,0.0,0.0,0.0,0.0,0.0,0.0,0.0,0.0,0.0,0.0,0.0,0.0,0.0,0.0,0.0,0.0,0.0,0.0,0.0,0.0,0.0,0.0,0.0,0.0,0.0,0.0,0.0,0.0,0.0,0.0,0.0,0.0,0.0,0.0,0.0,0.0,0.0,0.0,0.0,0.0,0.0,0.0,0.0,0.0,0.0,0.0,0.0,0.0,0.0,0.0,0.0,0.0,0.0,0.0,0.0,0.0,0.0,0.0,0.0,0.0,0.0,0.0,0.0,0.0,0.0,0.0,0.0,0.0,0.0,0.0,0.0,0.0,0.0,0.0,0.0,0.0,0.0,0.0,0.0,0.0,0.0,0.0,0.0,0.0,0.0,0.0,0.0,0.0,0.0,0.0,0.0,0.0,0.0,0.0,0.0,0.0,0.0,0.0,0.0,0.0,0.0,0.0,0.0,0.0,0.0,0.0,0.0,0.0,0.0
2017-05-27 01:19:00+02:00,0.0,0.0,0.0,0.0,0.0,0.0,0.0,0.0,0.0,0.0,0.0,0.0,0.0,0.0,0.0,0.0,0.0,0.0,0.0,0.0,0.0,0.0,0.0,0.0,0.0,0.0,0.0,0.0,0.0,0.0,0.0,0.0,0.0,0.0,0.0,0.0,0.0,0.0,0.0,0.0,0.0,0.0,0.0,0.0,0.0,0.0,0.0,0.0,0.0,0.0,0.0,0.0,0.0,0.0,0.0,0.0,0.0,0.0,0.0,0.0,0.0,0.0,0.0,0.0,0.0,0.0,0.0,0.0,0.0,0.0,0.0,0.0,0.0,0.0,0.0,0.0,0.0,0.0,0.0,0.0,0.0,0.0,0.0,0.0,0.0,0.0,0.0,0.0,0.0,0.0,0.0,0.0,0.0,0.0,0.0,0.0,0.0,0.0,0.0,0.0,0.0,0.0,0.0,0.0,0.0,0.0,0.0,0.0,0.0,0.0,0.0,0.0,0.0,0.0,0.0,0.0,0.0,0.0
2017-05-27 01:20:00+02:00,0.0,0.0,0.0,0.0,0.0,0.0,0.0,0.0,0.0,0.0,0.0,0.0,0.0,0.0,0.0,0.0,0.0,0.0,0.0,0.0,0.0,0.0,0.0,0.0,0.0,0.0,0.0,0.0,0.0,0.0,0.0,0.0,0.0,0.0,0.0,0.0,0.0,0.0,0.0,0.0,0.0,0.0,0.0,0.0,0.0,0.0,0.0,0.0,0.0,0.0,0.0,0.0,0.0,0.0,0.0,0.0,0.0,0.0,0.0,0.0,0.0,0.0,0.0,0.0,0.0,0.0,0.0,0.0,0.0,0.0,0.0,0.0,0.0,0.0,0.0,0.0,0.0,0.0,0.0,0.0,0.0,0.0,0.0,0.0,0.0,0.0,0.0,0.0,0.0,0.0,0.0,0.0,0.0,0.0,0.0,0.0,0.0,0.0,0.0,0.0,0.0,0.0,0.0,0.0,0.0,0.0,0.0,0.0,0.0,0.0,0.0,0.0,0.0,0.0,0.0,0.0,0.0,0.0
2017-05-27 01:21:00+02:00,0.0,0.0,0.0,0.0,0.0,0.0,0.0,0.0,0.0,0.0,0.0,0.0,0.0,0.0,0.0,0.0,0.0,0.0,0.0,0.0,0.0,0.0,0.0,0.0,0.0,0.0,0.0,0.0,0.0,0.0,0.0,0.0,0.0,0.0,0.0,0.0,0.0,0.0,0.0,0.0,0.0,0.0,0.0,0.0,0.0,0.0,0.0,0.0,0.0,0.0,0.0,0.0,0.0,0.0,0.0,0.0,0.0,0.0,0.0,0.0,0.0,0.0,0.0,0.0,0.0,0.0,0.0,0.0,0.0,0.0,0.0,0.0,0.0,0.0,0.0,0.0,0.0,0.0,0.0,0.0,0.0,0.0,0.0,0.0,0.0,0.0,0.0,0.0,0.0,0.0,0.0,0.0,0.0,0.0,0.0,0.0,0.0,0.0,0.0,0.0,0.0,0.0,0.0,0.0,0.0,0.0,0.0,0.0,0.0,0.0,0.0,0.0,0.0,0.0,0.0,0.0,0.0,0.0
2017-05-27 01:22:00+02:00,0.0,0.0,0.0,0.0,0.0,0.0,0.0,0.0,0.0,0.0,0.0,0.0,0.0,0.0,0.0,0.0,0.0,0.0,0.0,0.0,0.0,0.0,0.0,0.0,0.0,0.0,0.0,0.0,0.0,0.0,0.0,0.0,0.0,0.0,0.0,0.0,0.0,0.0,0.0,0.0,0.0,0.0,0.0,0.0,0.0,0.0,0.0,0.0,0.0,0.0,0.0,0.0,0.0,0.0,0.0,0.0,0.0,0.0,0.0,0.0,0.0,0.0,0.0,0.0,0.0,0.0,0.0,0.0,0.0,0.0,0.0,0.0,0.0,0.0,0.0,0.0,0.0,0.0,0.0,0.0,0.0,0.0,0.0,0.0,0.0,0.0,0.0,0.0,0.0,0.0,0.0,0.0,0.0,0.0,0.0,0.0,0.0,0.0,0.0,0.0,0.0,0.0,0.0,0.0,0.0,0.0,0.0,0.0,0.0,0.0,0.0,0.0,0.0,0.0,0.0,0.0,0.0,0.0
2017-05-27 01:23:00+02:00,0.0,0.0,0.0,0.0,0.0,0.0,0.0,0.0,0.0,0.0,0.0,0.0,0.0,0.0,0.0,0.0,0.0,0.0,0.0,0.0,0.0,0.0,0.0,0.0,0.0,0.0,0.0,0.0,0.0,0.0,0.0,0.0,0.0,0.0,0.0,0.0,0.0,0.0,0.0,0.0,0.0,0.0,0.0,0.0,0.0,0.0,0.0,0.0,0.0,0.0,0.0,0.0,0.0,0.0,0.0,0.0,0.0,0.0,0.0,0.0,0.0,0.0,0.0,0.0,0.0,0.0,0.0,0.0,0.0,0.0,0.0,0.0,0.0,0.0,0.0,0.0,0.0,0.0,0.0,0.0,0.0,0.0,0.0,0.0,0.0,0.0,0.0,0.0,0.0,0.0,0.0,0.0,0.0,0.0,0.0,0.0,0.0,0.0,0.0,0.0,0.0,0.0,0.0,0.0,0.0,0.0,0.0,0.0,0.0,0.0,0.0,0.0,0.0,0.0,0.0,0.0,0.0,0.0
2017-05-27 01:24:00+02:00,0.0,0.0,0.0,0.0,0.0,0.0,0.0,0.0,0.0,0.0,0.0,0.0,0.0,0.0,0.0,0.0,0.0,0.0,0.0,0.0,0.0,0.0,0.0,0.0,0.0,0.0,0.0,0.0,0.0,0.0,0.0,0.0,0.0,0.0,0.0,0.0,0.0,0.0,0.0,0.0,0.0,0.0,0.0,0.0,0.0,0.0,0.0,0.0,0.0,0.0,0.0,0.0,0.0,0.0,0.0,0.0,0.0,0.0,0.0,0.0,0.0,0.0,0.0,0.0,0.0,0.0,0.0,0.0,0.0,0.0,0.0,0.0,0.0,0.0,0.0,0.0,0.0,0.0,0.0,0.0,0.0,0.0,0.0,0.0,0.0,0.0,0.0,0.0,0.0,0.0,0.0,0.0,0.0,0.0,0.0,0.0,0.0,0.0,0.0,0.0,0.0,0.0,0.0,0.0,0.0,0.0,0.0,0.0,0.0,0.0,0.0,0.0,0.0,0.0,0.0,0.0,0.0,0.0
2017-05-27 01:25:00+02:00,0.0,0.0,0.0,0.0,0.0,0.0,0.0,0.0,0.0,0.0,0.0,0.0,0.0,0.0,0.0,0.0,0.0,0.0,0.0,0.0,0.0,0.0,0.0,0.0,0.0,0.0,0.0,0.0,0.0,0.0,0.0,0.0,0.0,0.0,0.0,0.0,0.0,0.0,0.0,0.0,0.0,0.0,0.0,0.0,0.0,0.0,0.0,0.0,0.0,0.0,0.0,0.0,0.0,0.0,0.0,0.0,0.0,0.0,0.0,0.0,0.0,0.0,0.0,0.0,0.0,0.0,0.0,0.0,0.0,0.0,0.0,0.0,0.0,0.0,0.0,0.0,0.0,0.0,0.0,0.0,0.0,0.0,0.0,0.0,0.0,0.0,0.0,0.0,0.0,0.0,0.0,0.0,0.0,0.0,0.0,0.0,0.0,0.0,0.0,0.0,0.0,0.0,0.0,0.0,0.0,0.0,0.0,0.0,0.0,0.0,0.0,0.0,0.0,0.0,0.0,0.0,0.0,0.0
2017-05-27 01:26:00+02:00,0.0,0.0,0.0,0.0,0.0,0.0,0.0,0.0,0.0,0.0,0.0,0.0,0.0,0.0,0.0,0.0,0.0,0.0,0.0,0.0,0.0,0.0,0.0,0.0,0.0,0.0,0.0,0.0,0.0,0.0,0.0,0.0,0.0,0.0,0.0,0.0,0.0,0.0,0.0,0.0,0.0,0.0,0.0,0.0,0.0,0.0,0.0,0.0,0.0,0.0,0.0,0.0,0.0,0.0,0.0,0.0,0.0,0.0,0.0,0.0,0.0,0.0,0.0,0.0,0.0,0.0,0.0,0.0,0.0,0.0,0.0,0.0,0.0,0.0,0.0,0.0,0.0,0.0,0.0,0.0,0.0,0.0,0.0,0.0,0.0,0.0,0.0,0.0,0.0,0.0,0.0,0.0,0.0,0.0,0.0,0.0,0.0,0.0,0.0,0.0,0.0,0.0,0.0,0.0,0.0,0.0,0.0,0.0,0.0,0.0,0.0,0.0,0.0,0.0,0.0,0.0,0.0,0.0
2017-05-27 01:27:00+02:00,0.0,0.0,0.0,0.0,0.0,0.0,0.0,0.0,0.0,0.0,0.0,0.0,0.0,0.0,0.0,0.0,0.0,0.0,0.0,0.0,0.0,0.0,0.0,0.0,0.0,0.0,0.0,0.0,0.0,0.0,0.0,0.0,0.0,0.0,0.0,0.0,0.0,0.0,0.0,0.0,0.0,0.0,0.0,0.0,0.0,0.0,0.0,0.0,0.0,0.0,0.0,0.0,0.0,0.0,0.0,0.0,0.0,0.0,0.0,0.0,0.0,0.0,0.0,0.0,0.0,0.0,0.0,0.0,0.0,0.0,0.0,0.0,0.0,0.0,0.0,0.0,0.0,0.0,0.0,0.0,0.0,0.0,0.0,0.0,0.0,0.0,0.0,0.0,0.0,0.0,0.0,0.0,0.0,0.0,0.0,0.0,0.0,0.0,0.0,0.0,0.0,0.0,0.0,0.0,0.0,0.0,0.0,0.0,0.0,0.0,0.0,0.0,0.0,0.0,0.0,0.0,0.0,0.0
2017-05-27 01:28:00+02:00,0.0,0.0,0.0,0.0,0.0,0.0,0.0,0.0,0.0,0.0,0.0,0.0,0.0,0.0,0.0,0.0,0.0,0.0,0.0,0.0,0.0,0.0,0.0,0.0,0.0,0.0,0.0,0.0,0.0,0.0,0.0,0.0,0.0,0.0,0.0,0.0,0.0,0.0,0.0,0.0,0.0,0.0,0.0,0.0,0.0,0.0,0.0,0.0,0.0,0.0,0.0,0.0,0.0,0.0,0.0,0.0,0.0,0.0,0.0,0.0,0.0,0.0,0.0,0.0,0.0,0.0,0.0,0.0,0.0,0.0,0.0,0.0,0.0,0.0,0.0,0.0,0.0,0.0,0.0,0.0,0.0,0.0,0.0,0.0,0.0,0.0,0.0,0.0,0.0,0.0,0.0,0.0,0.0,0.0,0.0,0.0,0.0,0.0,0.0,0.0,0.0,0.0,0.0,0.0,0.0,0.0,0.0,0.0,0.0,0.0,0.0,0.0,0.0,0.0,0.0,0.0,0.0,0.0
2017-05-27 01:29:00+02:00,0.0,0.0,0.0,0.0,0.0,0.0,0.0,0.0,0.0,0.0,0.0,0.0,0.0,0.0,0.0,0.0,0.0,0.0,0.0,0.0,0.0,0.0,0.0,0.0,0.0,0.0,0.0,0.0,0.0,0.0,0.0,0.0,0.0,0.0,0.0,0.0,0.0,0.0,0.0,0.0,0.0,0.0,0.0,0.0,0.0,0.0,0.0,0.0,0.0,0.0,0.0,0.0,0.0,0.0,0.0,0.0,0.0,0.0,0.0,0.0,0.0,0.0,0.0,0.0,0.0,0.0,0.0,0.0,0.0,0.0,0.0,0.0,0.0,0.0,0.0,0.0,0.0,0.0,0.0,0.0,0.0,0.0,0.0,0.0,0.0,0.0,0.0,0.0,0.0,0.0,0.0,0.0,0.0,0.0,0.0,0.0,0.0,0.0,0.0,0.0,0.0,0.0,0.0,0.0,0.0,0.0,0.0,0.0,0.0,0.0,0.0,0.0,0.0,0.0,0.0,0.0,0.0,0.0
2017-05-27 01:30:00+02:00,0.0,0.0,0.0,0.0,0.0,0.0,0.0,0.0,0.0,0.0,0.0,0.0,0.0,0.0,0.0,0.0,0.0,0.0,0.0,0.0,0.0,0.0,0.0,0.0,0.0,0.0,0.0,0.0,0.0,0.0,0.0,0.0,0.0,0.0,0.0,0.0,0.0,0.0,0.0,0.0,0.0,0.0,0.0,0.0,0.0,0.0,0.0,0.0,0.0,0.0,0.0,0.0,0.0,0.0,0.0,0.0,0.0,0.0,0.0,0.0,0.0,0.0,0.0,0.0,0.0,0.0,0.0,0.0,0.0,0.0,0.0,0.0,0.0,0.0,0.0,0.0,0.0,0.0,0.0,0.0,0.0,0.0,0.0,0.0,0.0,0.0,0.0,0.0,0.0,0.0,0.0,0.0,0.0,0.0,0.0,0.0,0.0,0.0,0.0,0.0,0.0,0.0,0.0,0.0,0.0,0.0,0.0,0.0,0.0,0.0,0.0,0.0,0.0,0.0,0.0,0.0,0.0,0.0
2017-05-27 01:31:00+02:00,0.0,0.0,0.0,0.0,0.0,0.0,0.0,0.0,0.0,0.0,0.0,0.0,0.0,0.0,0.0,0.0,0.0,0.0,0.0,0.0,0.0,0.0,0.0,0.0,0.0,0.0,0.0,0.0,0.0,0.0,0.0,0.0,0.0,0.0,0.0,0.0,0.0,0.0,0.0,0.0,0.0,0.0,0.0,0.0,0.0,0.0,0.0,0.0,0.0,0.0,0.0,0.0,0.0,0.0,0.0,0.0,0.0,0.0,0.0,0.0,0.0,0.0,0.0,0.0,0.0,0.0,0.0,0.0,0.0,0.0,0.0,0.0,0.0,0.0,0.0,0.0,0.0,0.0,0.0,0.0,0.0,0.0,0.0,0.0,0.0,0.0,0.0,0.0,0.0,0.0,0.0,0.0,0.0,0.0,0.0,0.0,0.0,0.0,0.0,0.0,0.0,0.0,0.0,0.0,0.0,0.0,0.0,0.0,0.0,0.0,0.0,0.0,0.0,0.0,0.0,0.0,0.0,0.0
2017-05-27 01:32:00+02:00,0.0,0.0,0.0,0.0,0.0,0.0,0.0,0.0,0.0,0.0,0.0,0.0,0.0,0.0,0.0,0.0,0.0,0.0,0.0,0.0,0.0,0.0,0.0,0.0,0.0,0.0,0.0,0.0,0.0,0.0,0.0,0.0,0.0,0.0,0.0,0.0,0.0,0.0,0.0,0.0,0.0,0.0,0.0,0.0,0.0,0.0,0.0,0.0,0.0,0.0,0.0,0.0,0.0,0.0,0.0,0.0,0.0,0.0,0.0,0.0,0.0,0.0,0.0,0.0,0.0,0.0,0.0,0.0,0.0,0.0,0.0,0.0,0.0,0.0,0.0,0.0,0.0,0.0,0.0,0.0,0.0,0.0,0.0,0.0,0.0,0.0,0.0,0.0,0.0,0.0,0.0,0.0,0.0,0.0,0.0,0.0,0.0,0.0,0.0,0.0,0.0,0.0,0.0,0.0,0.0,0.0,0.0,0.0,0.0,0.0,0.0,0.0,0.0,0.0,0.0,0.0,0.0,0.0
2017-05-27 01:33:00+02:00,0.0,0.0,0.0,0.0,0.0,0.0,0.0,0.0,0.0,0.0,0.0,0.0,0.0,0.0,0.0,0.0,0.0,0.0,0.0,0.0,0.0,0.0,0.0,0.0,0.0,0.0,0.0,0.0,0.0,0.0,0.0,0.0,0.0,0.0,0.0,0.0,0.0,0.0,0.0,0.0,0.0,0.0,0.0,0.0,0.0,0.0,0.0,0.0,0.0,0.0,0.0,0.0,0.0,0.0,0.0,0.0,0.0,0.0,0.0,0.0,0.0,0.0,0.0,0.0,0.0,0.0,0.0,0.0,0.0,0.0,0.0,0.0,0.0,0.0,0.0,0.0,0.0,0.0,0.0,0.0,0.0,0.0,0.0,0.0,0.0,0.0,0.0,0.0,0.0,0.0,0.0,0.0,0.0,0.0,0.0,0.0,0.0,0.0,0.0,0.0,0.0,0.0,0.0,0.0,0.0,0.0,0.0,0.0,0.0,0.0,0.0,0.0,0.0,0.0,0.0,0.0,0.0,0.0
2017-05-27 01:34:00+02:00,0.0,0.0,0.0,0.0,0.0,0.0,0.0,0.0,0.0,0.0,0.0,0.0,0.0,0.0,0.0,0.0,0.0,0.0,0.0,0.0,0.0,0.0,0.0,0.0,0.0,0.0,0.0,0.0,0.0,0.0,0.0,0.0,0.0,0.0,0.0,0.0,0.0,0.0,0.0,0.0,0.0,0.0,0.0,0.0,0.0,0.0,0.0,0.0,0.0,0.0,0.0,0.0,0.0,0.0,0.0,0.0,0.0,0.0,0.0,0.0,0.0,0.0,0.0,0.0,0.0,0.0,0.0,0.0,0.0,0.0,0.0,0.0,0.0,0.0,0.0,0.0,0.0,0.0,0.0,0.0,0.0,0.0,0.0,0.0,0.0,0.0,0.0,0.0,0.0,0.0,0.0,0.0,0.0,0.0,0.0,0.0,0.0,0.0,0.0,0.0,0.0,0.0,0.0,0.0,0.0,0.0,0.0,0.0,0.0,0.0,0.0,0.0,0.0,0.0,0.0,0.0,0.0,0.0
2017-05-27 01:35:00+02:00,0.0,0.0,0.0,0.0,0.0,0.0,0.0,0.0,0.0,0.0,0.0,0.0,0.0,0.0,0.0,0.0,0.0,0.0,0.0,0.0,0.0,0.0,0.0,0.0,0.0,0.0,0.0,0.0,0.0,0.0,0.0,0.0,0.0,0.0,0.0,0.0,0.0,0.0,0.0,0.0,0.0,0.0,0.0,0.0,0.0,0.0,0.0,0.0,0.0,0.0,0.0,0.0,0.0,0.0,0.0,0.0,0.0,0.0,0.0,0.0,0.0,0.0,0.0,0.0,0.0,0.0,0.0,0.0,0.0,0.0,0.0,0.0,0.0,0.0,0.0,0.0,0.0,0.0,0.0,0.0,0.0,0.0,0.0,0.0,0.0,0.0,0.0,0.0,0.0,0.0,0.0,0.0,0.0,0.0,0.0,0.0,0.0,0.0,0.0,0.0,0.0,0.0,0.0,0.0,0.0,0.0,0.0,0.0,0.0,0.0,0.0,0.0,0.0,0.0,0.0,0.0,0.0,0.0
2017-05-27 01:36:00+02:00,0.0,0.0,0.0,0.0,0.0,0.0,0.0,0.0,0.0,0.0,0.0,0.0,0.0,0.0,0.0,0.0,0.0,0.0,0.0,0.0,0.0,0.0,0.0,0.0,0.0,0.0,0.0,0.0,0.0,0.0,0.0,0.0,0.0,0.0,0.0,0.0,0.0,0.0,0.0,0.0,0.0,0.0,0.0,0.0,0.0,0.0,0.0,0.0,0.0,0.0,0.0,0.0,0.0,0.0,0.0,0.0,0.0,0.0,0.0,0.0,0.0,0.0,0.0,0.0,0.0,0.0,0.0,0.0,0.0,0.0,0.0,0.0,0.0,0.0,0.0,0.0,0.0,0.0,0.0,0.0,0.0,0.0,0.0,0.0,0.0,0.0,0.0,0.0,0.0,0.0,0.0,0.0,0.0,0.0,0.0,0.0,0.0,0.0,0.0,0.0,0.0,0.0,0.0,0.0,0.0,0.0,0.0,0.0,0.0,0.0,0.0,0.0,0.0,0.0,0.0,0.0,0.0,0.0
2017-05-27 01:37:00+02:00,0.0,0.0,0.0,0.0,0.0,0.0,0.0,0.0,0.0,0.0,0.0,0.0,0.0,0.0,0.0,0.0,0.0,0.0,0.0,0.0,0.0,0.0,0.0,0.0,0.0,0.0,0.0,0.0,0.0,0.0,0.0,0.0,0.0,0.0,0.0,0.0,0.0,0.0,0.0,0.0,0.0,0.0,0.0,0.0,0.0,0.0,0.0,0.0,0.0,0.0,0.0,0.0,0.0,0.0,0.0,0.0,0.0,0.0,0.0,0.0,0.0,0.0,0.0,0.0,0.0,0.0,0.0,0.0,0.0,0.0,0.0,0.0,0.0,0.0,0.0,0.0,0.0,0.0,0.0,0.0,0.0,0.0,0.0,0.0,0.0,0.0,0.0,0.0,0.0,0.0,0.0,0.0,0.0,0.0,0.0,0.0,0.0,0.0,0.0,0.0,0.0,0.0,0.0,0.0,0.0,0.0,0.0,0.0,0.0,0.0,0.0,0.0,0.0,0.0,0.0,0.0,0.0,0.0
2017-05-27 01:38:00+02:00,0.0,0.0,0.0,0.0,0.0,0.0,0.0,0.0,0.0,0.0,0.0,0.0,0.0,0.0,0.0,0.0,0.0,0.0,0.0,0.0,0.0,0.0,0.0,0.0,0.0,0.0,0.0,0.0,0.0,0.0,0.0,0.0,0.0,0.0,0.0,0.0,0.0,0.0,0.0,0.0,0.0,0.0,0.0,0.0,0.0,0.0,0.0,0.0,0.0,0.0,0.0,0.0,0.0,0.0,0.0,0.0,0.0,0.0,0.0,0.0,0.0,0.0,0.0,0.0,0.0,0.0,0.0,0.0,0.0,0.0,0.0,0.0,0.0,0.0,0.0,0.0,0.0,0.0,0.0,0.0,0.0,0.0,0.0,0.0,0.0,0.0,0.0,0.0,0.0,0.0,0.0,0.0,0.0,0.0,0.0,0.0,0.0,0.0,0.0,0.0,0.0,0.0,0.0,0.0,0.0,0.0,0.0,0.0,0.0,0.0,0.0,0.0,0.0,0.0,0.0,0.0,0.0,0.0
2017-05-27 01:39:00+02:00,0.0,0.0,0.0,0.0,0.0,0.0,0.0,0.0,0.0,0.0,0.0,0.0,0.0,0.0,0.0,0.0,0.0,0.0,0.0,0.0,0.0,0.0,0.0,0.0,0.0,0.0,0.0,0.0,0.0,0.0,0.0,0.0,0.0,0.0,0.0,0.0,0.0,0.0,0.0,0.0,0.0,0.0,0.0,0.0,0.0,0.0,0.0,0.0,0.0,0.0,0.0,0.0,0.0,0.0,0.0,0.0,0.0,0.0,0.0,0.0,0.0,0.0,0.0,0.0,0.0,0.0,0.0,0.0,0.0,0.0,0.0,0.0,0.0,0.0,0.0,0.0,0.0,0.0,0.0,0.0,0.0,0.0,0.0,0.0,0.0,0.0,0.0,0.0,0.0,0.0,0.0,0.0,0.0,0.0,0.0,0.0,0.0,0.0,0.0,0.0,0.0,0.0,0.0,0.0,0.0,0.0,0.0,0.0,0.0,0.0,0.0,0.0,0.0,0.0,0.0,0.0,0.0,0.0
2017-05-27 01:40:00+02:00,0.0,0.0,0.0,0.0,0.0,0.0,0.0,0.0,0.0,0.0,0.0,0.0,0.0,0.0,0.0,0.0,0.0,0.0,0.0,0.0,0.0,0.0,0.0,0.0,0.0,0.0,0.0,0.0,0.0,0.0,0.0,0.0,0.0,0.0,0.0,0.0,0.0,0.0,0.0,0.0,0.0,0.0,0.0,0.0,0.0,0.0,0.0,0.0,0.0,0.0,0.0,0.0,0.0,0.0,0.0,0.0,0.0,0.0,0.0,0.0,0.0,0.0,0.0,0.0,0.0,0.0,0.0,0.0,0.0,0.0,0.0,0.0,0.0,0.0,0.0,0.0,0.0,0.0,0.0,0.0,0.0,0.0,0.0,0.0,0.0,0.0,0.0,0.0,0.0,0.0,0.0,0.0,0.0,0.0,0.0,0.0,0.0,0.0,0.0,0.0,0.0,0.0,0.0,0.0,0.0,0.0,0.0,0.0,0.0,0.0,0.0,0.0,0.0,0.0,0.0,0.0,0.0,0.0
2017-05-27 01:41:00+02:00,0.0,0.0,0.0,0.0,0.0,0.0,0.0,0.0,0.0,0.0,0.0,0.0,0.0,0.0,0.0,0.0,0.0,0.0,0.0,0.0,0.0,0.0,0.0,0.0,0.0,0.0,0.0,0.0,0.0,0.0,0.0,0.0,0.0,0.0,0.0,0.0,0.0,0.0,0.0,0.0,0.0,0.0,0.0,0.0,0.0,0.0,0.0,0.0,0.0,0.0,0.0,0.0,0.0,0.0,0.0,0.0,0.0,0.0,0.0,0.0,0.0,0.0,0.0,0.0,0.0,0.0,0.0,0.0,0.0,0.0,0.0,0.0,0.0,0.0,0.0,0.0,0.0,0.0,0.0,0.0,0.0,0.0,0.0,0.0,0.0,0.0,0.0,0.0,0.0,0.0,0.0,0.0,0.0,0.0,0.0,0.0,0.0,0.0,0.0,0.0,0.0,0.0,0.0,0.0,0.0,0.0,0.0,0.0,0.0,0.0,0.0,0.0,0.0,0.0,0.0,0.0,0.0,0.0
2017-05-27 01:42:00+02:00,0.0,0.0,0.0,0.0,0.0,0.0,0.0,0.0,0.0,0.0,0.0,0.0,0.0,0.0,0.0,0.0,0.0,0.0,0.0,0.0,0.0,0.0,0.0,0.0,0.0,0.0,0.0,0.0,0.0,0.0,0.0,0.0,0.0,0.0,0.0,0.0,0.0,0.0,0.0,0.0,0.0,0.0,0.0,0.0,0.0,0.0,0.0,0.0,0.0,0.0,0.0,0.0,0.0,0.0,0.0,0.0,0.0,0.0,0.0,0.0,0.0,0.0,0.0,0.0,0.0,0.0,0.0,0.0,0.0,0.0,0.0,0.0,0.0,0.0,0.0,0.0,0.0,0.0,0.0,0.0,0.0,0.0,0.0,0.0,0.0,0.0,0.0,0.0,0.0,0.0,0.0,0.0,0.0,0.0,0.0,0.0,0.0,0.0,0.0,0.0,0.0,0.0,0.0,0.0,0.0,0.0,0.0,0.0,0.0,0.0,0.0,0.0,0.0,0.0,0.0,0.0,0.0,0.0
2017-05-27 01:43:00+02:00,0.0,0.0,0.0,0.0,0.0,0.0,0.0,0.0,0.0,0.0,0.0,0.0,0.0,0.0,0.0,0.0,0.0,0.0,0.0,0.0,0.0,0.0,0.0,0.0,0.0,0.0,0.0,0.0,0.0,0.0,0.0,0.0,0.0,0.0,0.0,0.0,0.0,0.0,0.0,0.0,0.0,0.0,0.0,0.0,0.0,0.0,0.0,0.0,0.0,0.0,0.0,0.0,0.0,0.0,0.0,0.0,0.0,0.0,0.0,0.0,0.0,0.0,0.0,0.0,0.0,0.0,0.0,0.0,0.0,0.0,0.0,0.0,0.0,0.0,0.0,0.0,0.0,0.0,0.0,0.0,0.0,0.0,0.0,0.0,0.0,0.0,0.0,0.0,0.0,0.0,0.0,0.0,0.0,0.0,0.0,0.0,0.0,0.0,0.0,0.0,0.0,0.0,0.0,0.0,0.0,0.0,0.0,0.0,0.0,0.0,0.0,0.0,0.0,0.0,0.0,0.0,0.0,0.0
2017-05-27 01:44:00+02:00,0.0,0.0,0.0,0.0,0.0,0.0,0.0,0.0,0.0,0.0,0.0,0.0,0.0,0.0,0.0,0.0,0.0,0.0,0.0,0.0,0.0,0.0,0.0,0.0,0.0,0.0,0.0,0.0,0.0,0.0,0.0,0.0,0.0,0.0,0.0,0.0,0.0,0.0,0.0,0.0,0.0,0.0,0.0,0.0,0.0,0.0,0.0,0.0,0.0,0.0,0.0,0.0,0.0,0.0,0.0,0.0,0.0,0.0,0.0,0.0,0.0,0.0,0.0,0.0,0.0,0.0,0.0,0.0,0.0,0.0,0.0,0.0,0.0,0.0,0.0,0.0,0.0,0.0,0.0,0.0,0.0,0.0,0.0,0.0,0.0,0.0,0.0,0.0,0.0,0.0,0.0,0.0,0.0,0.0,0.0,0.0,0.0,0.0,0.0,0.0,0.0,0.0,0.0,0.0,0.0,0.0,0.0,0.0,0.0,0.0,0.0,0.0,0.0,0.0,0.0,0.0,0.0,0.0
2017-05-27 01:45:00+02:00,0.0,0.0,0.0,0.0,0.0,0.0,0.0,0.0,0.0,0.0,0.0,0.0,0.0,0.0,0.0,0.0,0.0,0.0,0.0,0.0,0.0,0.0,0.0,0.0,0.0,0.0,0.0,0.0,0.0,0.0,0.0,0.0,0.0,0.0,0.0,0.0,0.0,0.0,0.0,0.0,0.0,0.0,0.0,0.0,0.0,0.0,0.0,0.0,0.0,0.0,0.0,0.0,0.0,0.0,0.0,0.0,0.0,0.0,0.0,0.0,0.0,0.0,0.0,0.0,0.0,0.0,0.0,0.0,0.0,0.0,0.0,0.0,0.0,0.0,0.0,0.0,0.0,0.0,0.0,0.0,0.0,0.0,0.0,0.0,0.0,0.0,0.0,0.0,0.0,0.0,0.0,0.0,0.0,0.0,0.0,0.0,0.0,0.0,0.0,0.0,0.0,0.0,0.0,0.0,0.0,0.0,0.0,0.0,0.0,0.0,0.0,0.0,0.0,0.0,0.0,0.0,0.0,0.0
2017-05-27 01:46:00+02:00,0.0,0.0,0.0,0.0,0.0,0.0,0.0,0.0,0.0,0.0,0.0,0.0,0.0,0.0,0.0,0.0,0.0,0.0,0.0,0.0,0.0,0.0,0.0,0.0,0.0,0.0,0.0,0.0,0.0,0.0,0.0,0.0,0.0,0.0,0.0,0.0,0.0,0.0,0.0,0.0,0.0,0.0,0.0,0.0,0.0,0.0,0.0,0.0,0.0,0.0,0.0,0.0,0.0,0.0,0.0,0.0,0.0,0.0,0.0,0.0,0.0,0.0,0.0,0.0,0.0,0.0,0.0,0.0,0.0,0.0,0.0,0.0,0.0,0.0,0.0,0.0,0.0,0.0,0.0,0.0,0.0,0.0,0.0,0.0,0.0,0.0,0.0,0.0,0.0,0.0,0.0,0.0,0.0,0.0,0.0,0.0,0.0,0.0,0.0,0.0,0.0,0.0,0.0,0.0,0.0,0.0,0.0,0.0,0.0,0.0,0.0,0.0,0.0,0.0,0.0,0.0,0.0,0.0
2017-05-27 01:47:00+02:00,0.0,0.0,0.0,0.0,0.0,0.0,0.0,0.0,0.0,0.0,0.0,0.0,0.0,0.0,0.0,0.0,0.0,0.0,0.0,0.0,0.0,0.0,0.0,0.0,0.0,0.0,0.0,0.0,0.0,0.0,0.0,0.0,0.0,0.0,0.0,0.0,0.0,0.0,0.0,0.0,0.0,0.0,0.0,0.0,0.0,0.0,0.0,0.0,0.0,0.0,0.0,0.0,0.0,0.0,0.0,0.0,0.0,0.0,0.0,0.0,0.0,0.0,0.0,0.0,0.0,0.0,0.0,0.0,0.0,0.0,0.0,0.0,0.0,0.0,0.0,0.0,0.0,0.0,0.0,0.0,0.0,0.0,0.0,0.0,0.0,0.0,0.0,0.0,0.0,0.0,0.0,0.0,0.0,0.0,0.0,0.0,0.0,0.0,0.0,0.0,0.0,0.0,0.0,0.0,0.0,0.0,0.0,0.0,0.0,0.0,0.0,0.0,0.0,0.0,0.0,0.0,0.0,0.0
2017-05-27 01:48:00+02:00,0.0,0.0,0.0,0.0,0.0,0.0,0.0,0.0,0.0,0.0,0.0,0.0,0.0,0.0,0.0,0.0,0.0,0.0,0.0,0.0,0.0,0.0,0.0,0.0,0.0,0.0,0.0,0.0,0.0,0.0,0.0,0.0,0.0,0.0,0.0,0.0,0.0,0.0,0.0,0.0,0.0,0.0,0.0,0.0,0.0,0.0,0.0,0.0,0.0,0.0,0.0,0.0,0.0,0.0,0.0,0.0,0.0,0.0,0.0,0.0,0.0,0.0,0.0,0.0,0.0,0.0,0.0,0.0,0.0,0.0,0.0,0.0,0.0,0.0,0.0,0.0,0.0,0.0,0.0,0.0,0.0,0.0,0.0,0.0,0.0,0.0,0.0,0.0,0.0,0.0,0.0,0.0,0.0,0.0,0.0,0.0,0.0,0.0,0.0,0.0,0.0,0.0,0.0,0.0,0.0,0.0,0.0,0.0,0.0,0.0,0.0,0.0,0.0,0.0,0.0,0.0,0.0,0.0
2017-05-27 01:49:00+02:00,0.0,0.0,0.0,0.0,0.0,0.0,0.0,0.0,0.0,0.0,0.0,0.0,0.0,0.0,0.0,0.0,0.0,0.0,0.0,0.0,0.0,0.0,0.0,0.0,0.0,0.0,0.0,0.0,0.0,0.0,0.0,0.0,0.0,0.0,0.0,0.0,0.0,0.0,0.0,0.0,0.0,0.0,0.0,0.0,0.0,0.0,0.0,0.0,0.0,0.0,0.0,0.0,0.0,0.0,0.0,0.0,0.0,0.0,0.0,0.0,0.0,0.0,0.0,0.0,0.0,0.0,0.0,0.0,0.0,0.0,0.0,0.0,0.0,0.0,0.0,0.0,0.0,0.0,0.0,0.0,0.0,0.0,0.0,0.0,0.0,0.0,0.0,0.0,0.0,0.0,0.0,0.0,0.0,0.0,0.0,0.0,0.0,0.0,0.0,0.0,0.0,0.0,0.0,0.0,0.0,0.0,0.0,0.0,0.0,0.0,0.0,0.0,0.0,0.0,0.0,0.0,0.0,0.0
2017-05-27 01:50:00+02:00,0.0,0.0,0.0,0.0,0.0,0.0,0.0,0.0,0.0,0.0,0.0,0.0,0.0,0.0,0.0,0.0,0.0,0.0,0.0,0.0,0.0,0.0,0.0,0.0,0.0,0.0,0.0,0.0,0.0,0.0,0.0,0.0,0.0,0.0,0.0,0.0,0.0,0.0,0.0,0.0,0.0,0.0,0.0,0.0,0.0,0.0,0.0,0.0,0.0,0.0,0.0,0.0,0.0,0.0,0.0,0.0,0.0,0.0,0.0,0.0,0.0,0.0,0.0,0.0,0.0,0.0,0.0,0.0,0.0,0.0,0.0,0.0,0.0,0.0,0.0,0.0,0.0,0.0,0.0,0.0,0.0,0.0,0.0,0.0,0.0,0.0,0.0,0.0,0.0,0.0,0.0,0.0,0.0,0.0,0.0,0.0,0.0,0.0,0.0,0.0,0.0,0.0,0.0,0.0,0.0,0.0,0.0,0.0,0.0,0.0,0.0,0.0,0.0,0.0,0.0,0.0,0.0,0.0
2017-05-27 01:51:00+02:00,0.0,0.0,0.0,0.0,0.0,0.0,0.0,0.0,0.0,0.0,0.0,0.0,0.0,0.0,0.0,0.0,0.0,0.0,0.0,0.0,0.0,0.0,0.0,0.0,0.0,0.0,0.0,0.0,0.0,0.0,0.0,0.0,0.0,0.0,0.0,0.0,0.0,0.0,0.0,0.0,0.0,0.0,0.0,0.0,0.0,0.0,0.0,0.0,0.0,0.0,0.0,0.0,0.0,0.0,0.0,0.0,0.0,0.0,0.0,0.0,0.0,0.0,0.0,0.0,0.0,0.0,0.0,0.0,0.0,0.0,0.0,0.0,0.0,0.0,0.0,0.0,0.0,0.0,0.0,0.0,0.0,0.0,0.0,0.0,0.0,0.0,0.0,0.0,0.0,0.0,0.0,0.0,0.0,0.0,0.0,0.0,0.0,0.0,0.0,0.0,0.0,0.0,0.0,0.0,0.0,0.0,0.0,0.0,0.0,0.0,0.0,0.0,0.0,0.0,0.0,0.0,0.0,0.0
2017-05-27 01:52:00+02:00,0.0,0.0,0.0,0.0,0.0,0.0,0.0,0.0,0.0,0.0,0.0,0.0,0.0,0.0,0.0,0.0,0.0,0.0,0.0,0.0,0.0,0.0,0.0,0.0,0.0,0.0,0.0,0.0,0.0,0.0,0.0,0.0,0.0,0.0,0.0,0.0,0.0,0.0,0.0,0.0,0.0,0.0,0.0,0.0,0.0,0.0,0.0,0.0,0.0,0.0,0.0,0.0,0.0,0.0,0.0,0.0,0.0,0.0,0.0,0.0,0.0,0.0,0.0,0.0,0.0,0.0,0.0,0.0,0.0,0.0,0.0,0.0,0.0,0.0,0.0,0.0,0.0,0.0,0.0,0.0,0.0,0.0,0.0,0.0,0.0,0.0,0.0,0.0,0.0,0.0,0.0,0.0,0.0,0.0,0.0,0.0,0.0,0.0,0.0,0.0,0.0,0.0,0.0,0.0,0.0,0.0,0.0,0.0,0.0,0.0,0.0,0.0,0.0,0.0,0.0,0.0,0.0,0.0
2017-05-27 01:53:00+02:00,0.0,0.0,0.0,0.0,0.0,0.0,0.0,0.0,0.0,0.0,0.0,0.0,0.0,0.0,0.0,0.0,0.0,0.0,0.0,0.0,0.0,0.0,0.0,0.0,0.0,0.0,0.0,0.0,0.0,0.0,0.0,0.0,0.0,0.0,0.0,0.0,0.0,0.0,0.0,0.0,0.0,0.0,0.0,0.0,0.0,0.0,0.0,0.0,0.0,0.0,0.0,0.0,0.0,0.0,0.0,0.0,0.0,0.0,0.0,0.0,0.0,0.0,0.0,0.0,0.0,0.0,0.0,0.0,0.0,0.0,0.0,0.0,0.0,0.0,0.0,0.0,0.0,0.0,0.0,0.0,0.0,0.0,0.0,0.0,0.0,0.0,0.0,0.0,0.0,0.0,0.0,0.0,0.0,0.0,0.0,0.0,0.0,0.0,0.0,0.0,0.0,0.0,0.0,0.0,0.0,0.0,0.0,0.0,0.0,0.0,0.0,0.0,0.0,0.0,0.0,0.0,0.0,0.0
2017-05-27 01:54:00+02:00,0.0,0.0,0.0,0.0,0.0,0.0,0.0,0.0,0.0,0.0,0.0,0.0,0.0,0.0,0.0,0.0,0.0,0.0,0.0,0.0,0.0,0.0,0.0,0.0,0.0,0.0,0.0,0.0,0.0,0.0,0.0,0.0,0.0,0.0,0.0,0.0,0.0,0.0,0.0,0.0,0.0,0.0,0.0,0.0,0.0,0.0,0.0,0.0,0.0,0.0,0.0,0.0,0.0,0.0,0.0,0.0,0.0,0.0,0.0,0.0,0.0,0.0,0.0,0.0,0.0,0.0,0.0,0.0,0.0,0.0,0.0,0.0,0.0,0.0,0.0,0.0,0.0,0.0,0.0,0.0,0.0,0.0,0.0,0.0,0.0,0.0,0.0,0.0,0.0,0.0,0.0,0.0,0.0,0.0,0.0,0.0,0.0,0.0,0.0,0.0,0.0,0.0,0.0,0.0,0.0,0.0,0.0,0.0,0.0,0.0,0.0,0.0,0.0,0.0,0.0,0.0,0.0,0.0
2017-05-27 01:55:00+02:00,0.0,0.0,0.0,0.0,0.0,0.0,0.0,0.0,0.0,0.0,0.0,0.0,0.0,0.0,0.0,0.0,0.0,0.0,0.0,0.0,0.0,0.0,0.0,0.0,0.0,0.0,0.0,0.0,0.0,0.0,0.0,0.0,0.0,0.0,0.0,0.0,0.0,0.0,0.0,0.0,0.0,0.0,0.0,0.0,0.0,0.0,0.0,0.0,0.0,0.0,0.0,0.0,0.0,0.0,0.0,0.0,0.0,0.0,0.0,0.0,0.0,0.0,0.0,0.0,0.0,0.0,0.0,0.0,0.0,0.0,0.0,0.0,0.0,0.0,0.0,0.0,0.0,0.0,0.0,0.0,0.0,0.0,0.0,0.0,0.0,0.0,0.0,0.0,0.0,0.0,0.0,0.0,0.0,0.0,0.0,0.0,0.0,0.0,0.0,0.0,0.0,0.0,0.0,0.0,0.0,0.0,0.0,0.0,0.0,0.0,0.0,0.0,0.0,0.0,0.0,0.0,0.0,0.0
2017-05-27 01:56:00+02:00,0.0,0.0,0.0,0.0,0.0,0.0,0.0,0.0,0.0,0.0,0.0,0.0,0.0,0.0,0.0,0.0,0.0,0.0,0.0,0.0,0.0,0.0,0.0,0.0,0.0,0.0,0.0,0.0,0.0,0.0,0.0,0.0,0.0,0.0,0.0,0.0,0.0,0.0,0.0,0.0,0.0,0.0,0.0,0.0,0.0,0.0,0.0,0.0,0.0,0.0,0.0,0.0,0.0,0.0,0.0,0.0,0.0,0.0,0.0,0.0,0.0,0.0,0.0,0.0,0.0,0.0,0.0,0.0,0.0,0.0,0.0,0.0,0.0,0.0,0.0,0.0,0.0,0.0,0.0,0.0,0.0,0.0,0.0,0.0,0.0,0.0,0.0,0.0,0.0,0.0,0.0,0.0,0.0,0.0,0.0,0.0,0.0,0.0,0.0,0.0,0.0,0.0,0.0,0.0,0.0,0.0,0.0,0.0,0.0,0.0,0.0,0.0,0.0,0.0,0.0,0.0,0.0,0.0
2017-05-27 01:57:00+02:00,0.0,0.0,0.0,0.0,0.0,0.0,0.0,0.0,0.0,0.0,0.0,0.0,0.0,0.0,0.0,0.0,0.0,0.0,0.0,0.0,0.0,0.0,0.0,0.0,0.0,0.0,0.0,0.0,0.0,0.0,0.0,0.0,0.0,0.0,0.0,0.0,0.0,0.0,0.0,0.0,0.0,0.0,0.0,0.0,0.0,0.0,0.0,0.0,0.0,0.0,0.0,0.0,0.0,0.0,0.0,0.0,0.0,0.0,0.0,0.0,0.0,0.0,0.0,0.0,0.0,0.0,0.0,0.0,0.0,0.0,0.0,0.0,0.0,0.0,0.0,0.0,0.0,0.0,0.0,0.0,0.0,0.0,0.0,0.0,0.0,0.0,0.0,0.0,0.0,0.0,0.0,0.0,0.0,0.0,0.0,0.0,0.0,0.0,0.0,0.0,0.0,0.0,0.0,0.0,0.0,0.0,0.0,0.0,0.0,0.0,0.0,0.0,0.0,0.0,0.0,0.0,0.0,0.0
2017-05-27 01:58:00+02:00,0.0,0.0,0.0,0.0,0.0,0.0,0.0,0.0,0.0,0.0,0.0,0.0,0.0,0.0,0.0,0.0,0.0,0.0,0.0,0.0,0.0,0.0,0.0,0.0,0.0,0.0,0.0,0.0,0.0,0.0,0.0,0.0,0.0,0.0,0.0,0.0,0.0,0.0,0.0,0.0,0.0,0.0,0.0,0.0,0.0,0.0,0.0,0.0,0.0,0.0,0.0,0.0,0.0,0.0,0.0,0.0,0.0,0.0,0.0,0.0,0.0,0.0,0.0,0.0,0.0,0.0,0.0,0.0,0.0,0.0,0.0,0.0,0.0,0.0,0.0,0.0,0.0,0.0,0.0,0.0,0.0,0.0,0.0,0.0,0.0,0.0,0.0,0.0,0.0,0.0,0.0,0.0,0.0,0.0,0.0,0.0,0.0,0.0,0.0,0.0,0.0,0.0,0.0,0.0,0.0,0.0,0.0,0.0,0.0,0.0,0.0,0.0,0.0,0.0,0.0,0.0,0.0,0.0
2017-05-27 01:59:00+02:00,0.0,0.0,0.0,0.0,0.0,0.0,0.0,0.0,0.0,0.0,0.0,0.0,0.0,0.0,0.0,0.0,0.0,0.0,0.0,0.0,0.0,0.0,0.0,0.0,0.0,0.0,0.0,0.0,0.0,0.0,0.0,0.0,0.0,0.0,0.0,0.0,0.0,0.0,0.0,0.0,0.0,0.0,0.0,0.0,0.0,0.0,0.0,0.0,0.0,0.0,0.0,0.0,0.0,0.0,0.0,0.0,0.0,0.0,0.0,0.0,0.0,0.0,0.0,0.0,0.0,0.0,0.0,0.0,0.0,0.0,0.0,0.0,0.0,0.0,0.0,0.0,0.0,0.0,0.0,0.0,0.0,0.0,0.0,0.0,0.0,0.0,0.0,0.0,0.0,0.0,0.0,0.0,0.0,0.0,0.0,0.0,0.0,0.0,0.0,0.0,0.0,0.0,0.0,0.0,0.0,0.0,0.0,0.0,0.0,0.0,0.0,0.0,0.0,0.0,0.0,0.0,0.0,0.0
2017-05-27 02:00:00+02:00,0.0,0.0,0.0,0.0,0.0,0.0,0.0,0.0,0.0,0.0,0.0,0.0,0.0,0.0,0.0,0.0,0.0,0.0,0.0,0.0,0.0,0.0,0.0,0.0,0.0,0.0,0.0,0.0,0.0,0.0,0.0,0.0,0.0,0.0,0.0,0.0,0.0,0.0,0.0,0.0,0.0,0.0,0.0,0.0,0.0,0.0,0.0,0.0,0.0,0.0,0.0,0.0,0.0,0.0,0.0,0.0,0.0,0.0,0.0,0.0,0.0,0.0,0.0,0.0,0.0,0.0,0.0,0.0,0.0,0.0,0.0,0.0,0.0,0.0,0.0,0.0,0.0,0.0,0.0,0.0,0.0,0.0,0.0,0.0,0.0,0.0,0.0,0.0,0.0,0.0,0.0,0.0,0.0,0.0,0.0,0.0,0.0,0.0,0.0,0.0,0.0,0.0,0.0,0.0,0.0,0.0,0.0,0.0,0.0,0.0,0.0,0.0,0.0,0.0,0.0,0.0,0.0,0.0
2017-05-27 02:01:00+02:00,0.0,0.0,0.0,0.0,0.0,0.0,0.0,0.0,0.0,0.0,0.0,0.0,0.0,0.0,0.0,0.0,0.0,0.0,0.0,0.0,0.0,0.0,0.0,0.0,0.0,0.0,0.0,0.0,0.0,0.0,0.0,0.0,0.0,0.0,0.0,0.0,0.0,0.0,0.0,0.0,0.0,0.0,0.0,0.0,0.0,0.0,0.0,0.0,0.0,0.0,0.0,0.0,0.0,0.0,0.0,0.0,0.0,0.0,0.0,0.0,0.0,0.0,0.0,0.0,0.0,0.0,0.0,0.0,0.0,0.0,0.0,0.0,0.0,0.0,0.0,0.0,0.0,0.0,0.0,0.0,0.0,0.0,0.0,0.0,0.0,0.0,0.0,0.0,0.0,0.0,0.0,0.0,0.0,0.0,0.0,0.0,0.0,0.0,0.0,0.0,0.0,0.0,0.0,0.0,0.0,0.0,0.0,0.0,0.0,0.0,0.0,0.0,0.0,0.0,0.0,0.0,0.0,0.0
2017-05-27 02:02:00+02:00,0.0,0.0,0.0,0.0,0.0,0.0,0.0,0.0,0.0,0.0,0.0,0.0,0.0,0.0,0.0,0.0,0.0,0.0,0.0,0.0,0.0,0.0,0.0,0.0,0.0,0.0,0.0,0.0,0.0,0.0,0.0,0.0,0.0,0.0,0.0,0.0,0.0,0.0,0.0,0.0,0.0,0.0,0.0,0.0,0.0,0.0,0.0,0.0,0.0,0.0,0.0,0.0,0.0,0.0,0.0,0.0,0.0,0.0,0.0,0.0,0.0,0.0,0.0,0.0,0.0,0.0,0.0,0.0,0.0,0.0,0.0,0.0,0.0,0.0,0.0,0.0,0.0,0.0,0.0,0.0,0.0,0.0,0.0,0.0,0.0,0.0,0.0,0.0,0.0,0.0,0.0,0.0,0.0,0.0,0.0,0.0,0.0,0.0,0.0,0.0,0.0,0.0,0.0,0.0,0.0,0.0,0.0,0.0,0.0,0.0,0.0,0.0,0.0,0.0,0.0,0.0,0.0,0.0
2017-05-27 02:03:00+02:00,0.0,0.0,0.0,0.0,0.0,0.0,0.0,0.0,0.0,0.0,0.0,0.0,0.0,0.0,0.0,0.0,0.0,0.0,0.0,0.0,0.0,0.0,0.0,0.0,0.0,0.0,0.0,0.0,0.0,0.0,0.0,0.0,0.0,0.0,0.0,0.0,0.0,0.0,0.0,0.0,0.0,0.0,0.0,0.0,0.0,0.0,0.0,0.0,0.0,0.0,0.0,0.0,0.0,0.0,0.0,0.0,0.0,0.0,0.0,0.0,0.0,0.0,0.0,0.0,0.0,0.0,0.0,0.0,0.0,0.0,0.0,0.0,0.0,0.0,0.0,0.0,0.0,0.0,0.0,0.0,0.0,0.0,0.0,0.0,0.0,0.0,0.0,0.0,0.0,0.0,0.0,0.0,0.0,0.0,0.0,0.0,0.0,0.0,0.0,0.0,0.0,0.0,0.0,0.0,0.0,0.0,0.0,0.0,0.0,0.0,0.0,0.0,0.0,0.0,0.0,0.0,0.0,0.0
2017-05-27 02:04:00+02:00,0.0,0.0,0.0,0.0,0.0,0.0,0.0,0.0,0.0,0.0,0.0,0.0,0.0,0.0,0.0,0.0,0.0,0.0,0.0,0.0,0.0,0.0,0.0,0.0,0.0,0.0,0.0,0.0,0.0,0.0,0.0,0.0,0.0,0.0,0.0,0.0,0.0,0.0,0.0,0.0,0.0,0.0,0.0,0.0,0.0,0.0,0.0,0.0,0.0,0.0,0.0,0.0,0.0,0.0,0.0,0.0,0.0,0.0,0.0,0.0,0.0,0.0,0.0,0.0,0.0,0.0,0.0,0.0,0.0,0.0,0.0,0.0,0.0,0.0,0.0,0.0,0.0,0.0,0.0,0.0,0.0,0.0,0.0,0.0,0.0,0.0,0.0,0.0,0.0,0.0,0.0,0.0,0.0,0.0,0.0,0.0,0.0,0.0,0.0,0.0,0.0,0.0,0.0,0.0,0.0,0.0,0.0,0.0,0.0,0.0,0.0,0.0,0.0,0.0,0.0,0.0,0.0,0.0
2017-05-27 02:05:00+02:00,0.0,0.0,0.0,0.0,0.0,0.0,0.0,0.0,0.0,0.0,0.0,0.0,0.0,0.0,0.0,0.0,0.0,0.0,0.0,0.0,0.0,0.0,0.0,0.0,0.0,0.0,0.0,0.0,0.0,0.0,0.0,0.0,0.0,0.0,0.0,0.0,0.0,0.0,0.0,0.0,0.0,0.0,0.0,0.0,0.0,0.0,0.0,0.0,0.0,0.0,0.0,0.0,0.0,0.0,0.0,0.0,0.0,0.0,0.0,0.0,0.0,0.0,0.0,0.0,0.0,0.0,0.0,0.0,0.0,0.0,0.0,0.0,0.0,0.0,0.0,0.0,0.0,0.0,0.0,0.0,0.0,0.0,0.0,0.0,0.0,0.0,0.0,0.0,0.0,0.0,0.0,0.0,0.0,0.0,0.0,0.0,0.0,0.0,0.0,0.0,0.0,0.0,0.0,0.0,0.0,0.0,0.0,0.0,0.0,0.0,0.0,0.0,0.0,0.0,0.0,0.0,0.0,0.0
2017-05-27 02:06:00+02:00,0.0,0.0,0.0,0.0,0.0,0.0,0.0,0.0,0.0,0.0,0.0,0.0,0.0,0.0,0.0,0.0,0.0,0.0,0.0,0.0,0.0,0.0,0.0,0.0,0.0,0.0,0.0,0.0,0.0,0.0,0.0,0.0,0.0,0.0,0.0,0.0,0.0,0.0,0.0,0.0,0.0,0.0,0.0,0.0,0.0,0.0,0.0,0.0,0.0,0.0,0.0,0.0,0.0,0.0,0.0,0.0,0.0,0.0,0.0,0.0,0.0,0.0,0.0,0.0,0.0,0.0,0.0,0.0,0.0,0.0,0.0,0.0,0.0,0.0,0.0,0.0,0.0,0.0,0.0,0.0,0.0,0.0,0.0,0.0,0.0,0.0,0.0,0.0,0.0,0.0,0.0,0.0,0.0,0.0,0.0,0.0,0.0,0.0,0.0,0.0,0.0,0.0,0.0,0.0,0.0,0.0,0.0,0.0,0.0,0.0,0.0,0.0,0.0,0.0,0.0,0.0,0.0,0.0
2017-05-27 02:07:00+02:00,0.0,0.0,0.0,0.0,0.0,0.0,0.0,0.0,0.0,0.0,0.0,0.0,0.0,0.0,0.0,0.0,0.0,0.0,0.0,0.0,0.0,0.0,0.0,0.0,0.0,0.0,0.0,0.0,0.0,0.0,0.0,0.0,0.0,0.0,0.0,0.0,0.0,0.0,0.0,0.0,0.0,0.0,0.0,0.0,0.0,0.0,0.0,0.0,0.0,0.0,0.0,0.0,0.0,0.0,0.0,0.0,0.0,0.0,0.0,0.0,0.0,0.0,0.0,0.0,0.0,0.0,0.0,0.0,0.0,0.0,0.0,0.0,0.0,0.0,0.0,0.0,0.0,0.0,0.0,0.0,0.0,0.0,0.0,0.0,0.0,0.0,0.0,0.0,0.0,0.0,0.0,0.0,0.0,0.0,0.0,0.0,0.0,0.0,0.0,0.0,0.0,0.0,0.0,0.0,0.0,0.0,0.0,0.0,0.0,0.0,0.0,0.0,0.0,0.0,0.0,0.0,0.0,0.0
2017-05-27 02:08:00+02:00,0.0,0.0,0.0,0.0,0.0,0.0,0.0,0.0,0.0,0.0,0.0,0.0,0.0,0.0,0.0,0.0,0.0,0.0,0.0,0.0,0.0,0.0,0.0,0.0,0.0,0.0,0.0,0.0,0.0,0.0,0.0,0.0,0.0,0.0,0.0,0.0,0.0,0.0,0.0,0.0,0.0,0.0,0.0,0.0,0.0,0.0,0.0,0.0,0.0,0.0,0.0,0.0,0.0,0.0,0.0,0.0,0.0,0.0,0.0,0.0,0.0,0.0,0.0,0.0,0.0,0.0,0.0,0.0,0.0,0.0,0.0,0.0,0.0,0.0,0.0,0.0,0.0,0.0,0.0,0.0,0.0,0.0,0.0,0.0,0.0,0.0,0.0,0.0,0.0,0.0,0.0,0.0,0.0,0.0,0.0,0.0,0.0,0.0,0.0,0.0,0.0,0.0,0.0,0.0,0.0,0.0,0.0,0.0,0.0,0.0,0.0,0.0,0.0,0.0,0.0,0.0,0.0,0.0
2017-05-27 02:09:00+02:00,0.0,0.0,0.0,0.0,0.0,0.0,0.0,0.0,0.0,0.0,0.0,0.0,0.0,0.0,0.0,0.0,0.0,0.0,0.0,0.0,0.0,0.0,0.0,0.0,0.0,0.0,0.0,0.0,0.0,0.0,0.0,0.0,0.0,0.0,0.0,0.0,0.0,0.0,0.0,0.0,0.0,0.0,0.0,0.0,0.0,0.0,0.0,0.0,0.0,0.0,0.0,0.0,0.0,0.0,0.0,0.0,0.0,0.0,0.0,0.0,0.0,0.0,0.0,0.0,0.0,0.0,0.0,0.0,0.0,0.0,0.0,0.0,0.0,0.0,0.0,0.0,0.0,0.0,0.0,0.0,0.0,0.0,0.0,0.0,0.0,0.0,0.0,0.0,0.0,0.0,0.0,0.0,0.0,0.0,0.0,0.0,0.0,0.0,0.0,0.0,0.0,0.0,0.0,0.0,0.0,0.0,0.0,0.0,0.0,0.0,0.0,0.0,0.0,0.0,0.0,0.0,0.0,0.0
2017-05-27 02:10:00+02:00,0.0,0.0,0.0,0.0,0.0,0.0,0.0,0.0,0.0,0.0,0.0,0.0,0.0,0.0,0.0,0.0,0.0,0.0,0.0,0.0,0.0,0.0,0.0,0.0,0.0,0.0,0.0,0.0,0.0,0.0,0.0,0.0,0.0,0.0,0.0,0.0,0.0,0.0,0.0,0.0,0.0,0.0,0.0,0.0,0.0,0.0,0.0,0.0,0.0,0.0,0.0,0.0,0.0,0.0,0.0,0.0,0.0,0.0,0.0,0.0,0.0,0.0,0.0,0.0,0.0,0.0,0.0,0.0,0.0,0.0,0.0,0.0,0.0,0.0,0.0,0.0,0.0,0.0,0.0,0.0,0.0,0.0,0.0,0.0,0.0,0.0,0.0,0.0,0.0,0.0,0.0,0.0,0.0,0.0,0.0,0.0,0.0,0.0,0.0,0.0,0.0,0.0,0.0,0.0,0.0,0.0,0.0,0.0,0.0,0.0,0.0,0.0,0.0,0.0,0.0,0.0,0.0,0.0
2017-05-27 02:11:00+02:00,0.0,0.0,0.0,0.0,0.0,0.0,0.0,0.0,0.0,0.0,0.0,0.0,0.0,0.0,0.0,0.0,0.0,0.0,0.0,0.0,0.0,0.0,0.0,0.0,0.0,0.0,0.0,0.0,0.0,0.0,0.0,0.0,0.0,0.0,0.0,0.0,0.0,0.0,0.0,0.0,0.0,0.0,0.0,0.0,0.0,0.0,0.0,0.0,0.0,0.0,0.0,0.0,0.0,0.0,0.0,0.0,0.0,0.0,0.0,0.0,0.0,0.0,0.0,0.0,0.0,0.0,0.0,0.0,0.0,0.0,0.0,0.0,0.0,0.0,0.0,0.0,0.0,0.0,0.0,0.0,0.0,0.0,0.0,0.0,0.0,0.0,0.0,0.0,0.0,0.0,0.0,0.0,0.0,0.0,0.0,0.0,0.0,0.0,0.0,0.0,0.0,0.0,0.0,0.0,0.0,0.0,0.0,0.0,0.0,0.0,0.0,0.0,0.0,0.0,0.0,0.0,0.0,0.0
2017-05-27 02:12:00+02:00,0.0,0.0,0.0,0.0,0.0,0.0,0.0,0.0,0.0,0.0,0.0,0.0,0.0,0.0,0.0,0.0,0.0,0.0,0.0,0.0,0.0,0.0,0.0,0.0,0.0,0.0,0.0,0.0,0.0,0.0,0.0,0.0,0.0,0.0,0.0,0.0,0.0,0.0,0.0,0.0,0.0,0.0,0.0,0.0,0.0,0.0,0.0,0.0,0.0,0.0,0.0,0.0,0.0,0.0,0.0,0.0,0.0,0.0,0.0,0.0,0.0,0.0,0.0,0.0,0.0,0.0,0.0,0.0,0.0,0.0,0.0,0.0,0.0,0.0,0.0,0.0,0.0,0.0,0.0,0.0,0.0,0.0,0.0,0.0,0.0,0.0,0.0,0.0,0.0,0.0,0.0,0.0,0.0,0.0,0.0,0.0,0.0,0.0,0.0,0.0,0.0,0.0,0.0,0.0,0.0,0.0,0.0,0.0,0.0,0.0,0.0,0.0,0.0,0.0,0.0,0.0,0.0,0.0
2017-05-27 02:13:00+02:00,0.0,0.0,0.0,0.0,0.0,0.0,0.0,0.0,0.0,0.0,0.0,0.0,0.0,0.0,0.0,0.0,0.0,0.0,0.0,0.0,0.0,0.0,0.0,0.0,0.0,0.0,0.0,0.0,0.0,0.0,0.0,0.0,0.0,0.0,0.0,0.0,0.0,0.0,0.0,0.0,0.0,0.0,0.0,0.0,0.0,0.0,0.0,0.0,0.0,0.0,0.0,0.0,0.0,0.0,0.0,0.0,0.0,0.0,0.0,0.0,0.0,0.0,0.0,0.0,0.0,0.0,0.0,0.0,0.0,0.0,0.0,0.0,0.0,0.0,0.0,0.0,0.0,0.0,0.0,0.0,0.0,0.0,0.0,0.0,0.0,0.0,0.0,0.0,0.0,0.0,0.0,0.0,0.0,0.0,0.0,0.0,0.0,0.0,0.0,0.0,0.0,0.0,0.0,0.0,0.0,0.0,0.0,0.0,0.0,0.0,0.0,0.0,0.0,0.0,0.0,0.0,0.0,0.0
2017-05-27 02:14:00+02:00,0.0,0.0,0.0,0.0,0.0,0.0,0.0,0.0,0.0,0.0,0.0,0.0,0.0,0.0,0.0,0.0,0.0,0.0,0.0,0.0,0.0,0.0,0.0,0.0,0.0,0.0,0.0,0.0,0.0,0.0,0.0,0.0,0.0,0.0,0.0,0.0,0.0,0.0,0.0,0.0,0.0,0.0,0.0,0.0,0.0,0.0,0.0,0.0,0.0,0.0,0.0,0.0,0.0,0.0,0.0,0.0,0.0,0.0,0.0,0.0,0.0,0.0,0.0,0.0,0.0,0.0,0.0,0.0,0.0,0.0,0.0,0.0,0.0,0.0,0.0,0.0,0.0,0.0,0.0,0.0,0.0,0.0,0.0,0.0,0.0,0.0,0.0,0.0,0.0,0.0,0.0,0.0,0.0,0.0,0.0,0.0,0.0,0.0,0.0,0.0,0.0,0.0,0.0,0.0,0.0,0.0,0.0,0.0,0.0,0.0,0.0,0.0,0.0,0.0,0.0,0.0,0.0,0.0
2017-05-27 02:15:00+02:00,0.0,0.0,0.0,0.0,0.0,0.0,0.0,0.0,0.0,0.0,0.0,0.0,0.0,0.0,0.0,0.0,0.0,0.0,0.0,0.0,0.0,0.0,0.0,0.0,0.0,0.0,0.0,0.0,0.0,0.0,0.0,0.0,0.0,0.0,0.0,0.0,0.0,0.0,0.0,0.0,0.0,0.0,0.0,0.0,0.0,0.0,0.0,0.0,0.0,0.0,0.0,0.0,0.0,0.0,0.0,0.0,0.0,0.0,0.0,0.0,0.0,0.0,0.0,0.0,0.0,0.0,0.0,0.0,0.0,0.0,0.0,0.0,0.0,0.0,0.0,0.0,0.0,0.0,0.0,0.0,0.0,0.0,0.0,0.0,0.0,0.0,0.0,0.0,0.0,0.0,0.0,0.0,0.0,0.0,0.0,0.0,0.0,0.0,0.0,0.0,0.0,0.0,0.0,0.0,0.0,0.0,0.0,0.0,0.0,0.0,0.0,0.0,0.0,0.0,0.0,0.0,0.0,0.0
2017-05-27 02:16:00+02:00,0.0,0.0,0.0,0.0,0.0,0.0,0.0,0.0,0.0,0.0,0.0,0.0,0.0,0.0,0.0,0.0,0.0,0.0,0.0,0.0,0.0,0.0,0.0,0.0,0.0,0.0,0.0,0.0,0.0,0.0,0.0,0.0,0.0,0.0,0.0,0.0,0.0,0.0,0.0,0.0,0.0,0.0,0.0,0.0,0.0,0.0,0.0,0.0,0.0,0.0,0.0,0.0,0.0,0.0,0.0,0.0,0.0,0.0,0.0,0.0,0.0,0.0,0.0,0.0,0.0,0.0,0.0,0.0,0.0,0.0,0.0,0.0,0.0,0.0,0.0,0.0,0.0,0.0,0.0,0.0,0.0,0.0,0.0,0.0,0.0,0.0,0.0,0.0,0.0,0.0,0.0,0.0,0.0,0.0,0.0,0.0,0.0,0.0,0.0,0.0,0.0,0.0,0.0,0.0,0.0,0.0,0.0,0.0,0.0,0.0,0.0,0.0,0.0,0.0,0.0,0.0,0.0,0.0
2017-05-27 02:17:00+02:00,0.0,0.0,0.0,0.0,0.0,0.0,0.0,0.0,0.0,0.0,0.0,0.0,0.0,0.0,0.0,0.0,0.0,0.0,0.0,0.0,0.0,0.0,0.0,0.0,0.0,0.0,0.0,0.0,0.0,0.0,0.0,0.0,0.0,0.0,0.0,0.0,0.0,0.0,0.0,0.0,0.0,0.0,0.0,0.0,0.0,0.0,0.0,0.0,0.0,0.0,0.0,0.0,0.0,0.0,0.0,0.0,0.0,0.0,0.0,0.0,0.0,0.0,0.0,0.0,0.0,0.0,0.0,0.0,0.0,0.0,0.0,0.0,0.0,0.0,0.0,0.0,0.0,0.0,0.0,0.0,0.0,0.0,0.0,0.0,0.0,0.0,0.0,0.0,0.0,0.0,0.0,0.0,0.0,0.0,0.0,0.0,0.0,0.0,0.0,0.0,0.0,0.0,0.0,0.0,0.0,0.0,0.0,0.0,0.0,0.0,0.0,0.0,0.0,0.0,0.0,0.0,0.0,0.0
2017-05-27 02:18:00+02:00,0.0,0.0,0.0,0.0,0.0,0.0,0.0,0.0,0.0,0.0,0.0,0.0,0.0,0.0,0.0,0.0,0.0,0.0,0.0,0.0,0.0,0.0,0.0,0.0,0.0,0.0,0.0,0.0,0.0,0.0,0.0,0.0,0.0,0.0,0.0,0.0,0.0,0.0,0.0,0.0,0.0,0.0,0.0,0.0,0.0,0.0,0.0,0.0,0.0,0.0,0.0,0.0,0.0,0.0,0.0,0.0,0.0,0.0,0.0,0.0,0.0,0.0,0.0,0.0,0.0,0.0,0.0,0.0,0.0,0.0,0.0,0.0,0.0,0.0,0.0,0.0,0.0,0.0,0.0,0.0,0.0,0.0,0.0,0.0,0.0,0.0,0.0,0.0,0.0,0.0,0.0,0.0,0.0,0.0,0.0,0.0,0.0,0.0,0.0,0.0,0.0,0.0,0.0,0.0,0.0,0.0,0.0,0.0,0.0,0.0,0.0,0.0,0.0,0.0,0.0,0.0,0.0,0.0
2017-05-27 02:19:00+02:00,0.0,0.0,0.0,0.0,0.0,0.0,0.0,0.0,0.0,0.0,0.0,0.0,0.0,0.0,0.0,0.0,0.0,0.0,0.0,0.0,0.0,0.0,0.0,0.0,0.0,0.0,0.0,0.0,0.0,0.0,0.0,0.0,0.0,0.0,0.0,0.0,0.0,0.0,0.0,0.0,0.0,0.0,0.0,0.0,0.0,0.0,0.0,0.0,0.0,0.0,0.0,0.0,0.0,0.0,0.0,0.0,0.0,0.0,0.0,0.0,0.0,0.0,0.0,0.0,0.0,0.0,0.0,0.0,0.0,0.0,0.0,0.0,0.0,0.0,0.0,0.0,0.0,0.0,0.0,0.0,0.0,0.0,0.0,0.0,0.0,0.0,0.0,0.0,0.0,0.0,0.0,0.0,0.0,0.0,0.0,0.0,0.0,0.0,0.0,0.0,0.0,0.0,0.0,0.0,0.0,0.0,0.0,0.0,0.0,0.0,0.0,0.0,0.0,0.0,0.0,0.0,0.0,0.0
2017-05-27 02:20:00+02:00,0.0,0.0,0.0,0.0,0.0,0.0,0.0,0.0,0.0,0.0,0.0,0.0,0.0,0.0,0.0,0.0,0.0,0.0,0.0,0.0,0.0,0.0,0.0,0.0,0.0,0.0,0.0,0.0,0.0,0.0,0.0,0.0,0.0,0.0,0.0,0.0,0.0,0.0,0.0,0.0,0.0,0.0,0.0,0.0,0.0,0.0,0.0,0.0,0.0,0.0,0.0,0.0,0.0,0.0,0.0,0.0,0.0,0.0,0.0,0.0,0.0,0.0,0.0,0.0,0.0,0.0,0.0,0.0,0.0,0.0,0.0,0.0,0.0,0.0,0.0,0.0,0.0,0.0,0.0,0.0,0.0,0.0,0.0,0.0,0.0,0.0,0.0,0.0,0.0,0.0,0.0,0.0,0.0,0.0,0.0,0.0,0.0,0.0,0.0,0.0,0.0,0.0,0.0,0.0,0.0,0.0,0.0,0.0,0.0,0.0,0.0,0.0,0.0,0.0,0.0,0.0,0.0,0.0
2017-05-27 02:21:00+02:00,0.0,0.0,0.0,0.0,0.0,0.0,0.0,0.0,0.0,0.0,0.0,0.0,0.0,0.0,0.0,0.0,0.0,0.0,0.0,0.0,0.0,0.0,0.0,0.0,0.0,0.0,0.0,0.0,0.0,0.0,0.0,0.0,0.0,0.0,0.0,0.0,0.0,0.0,0.0,0.0,0.0,0.0,0.0,0.0,0.0,0.0,0.0,0.0,0.0,0.0,0.0,0.0,0.0,0.0,0.0,0.0,0.0,0.0,0.0,0.0,0.0,0.0,0.0,0.0,0.0,0.0,0.0,0.0,0.0,0.0,0.0,0.0,0.0,0.0,0.0,0.0,0.0,0.0,0.0,0.0,0.0,0.0,0.0,0.0,0.0,0.0,0.0,0.0,0.0,0.0,0.0,0.0,0.0,0.0,0.0,0.0,0.0,0.0,0.0,0.0,0.0,0.0,0.0,0.0,0.0,0.0,0.0,0.0,0.0,0.0,0.0,0.0,0.0,0.0,0.0,0.0,0.0,0.0
2017-05-27 02:22:00+02:00,0.0,0.0,0.0,0.0,0.0,0.0,0.0,0.0,0.0,0.0,0.0,0.0,0.0,0.0,0.0,0.0,0.0,0.0,0.0,0.0,0.0,0.0,0.0,0.0,0.0,0.0,0.0,0.0,0.0,0.0,0.0,0.0,0.0,0.0,0.0,0.0,0.0,0.0,0.0,0.0,0.0,0.0,0.0,0.0,0.0,0.0,0.0,0.0,0.0,0.0,0.0,0.0,0.0,0.0,0.0,0.0,0.0,0.0,0.0,0.0,0.0,0.0,0.0,0.0,0.0,0.0,0.0,0.0,0.0,0.0,0.0,0.0,0.0,0.0,0.0,0.0,0.0,0.0,0.0,0.0,0.0,0.0,0.0,0.0,0.0,0.0,0.0,0.0,0.0,0.0,0.0,0.0,0.0,0.0,0.0,0.0,0.0,0.0,0.0,0.0,0.0,0.0,0.0,0.0,0.0,0.0,0.0,0.0,0.0,0.0,0.0,0.0,0.0,0.0,0.0,0.0,0.0,0.0
2017-05-27 02:23:00+02:00,0.0,0.0,0.0,0.0,0.0,0.0,0.0,0.0,0.0,0.0,0.0,0.0,0.0,0.0,0.0,0.0,0.0,0.0,0.0,0.0,0.0,0.0,0.0,0.0,0.0,0.0,0.0,0.0,0.0,0.0,0.0,0.0,0.0,0.0,0.0,0.0,0.0,0.0,0.0,0.0,0.0,0.0,0.0,0.0,0.0,0.0,0.0,0.0,0.0,0.0,0.0,0.0,0.0,0.0,0.0,0.0,0.0,0.0,0.0,0.0,0.0,0.0,0.0,0.0,0.0,0.0,0.0,0.0,0.0,0.0,0.0,0.0,0.0,0.0,0.0,0.0,0.0,0.0,0.0,0.0,0.0,0.0,0.0,0.0,0.0,0.0,0.0,0.0,0.0,0.0,0.0,0.0,0.0,0.0,0.0,0.0,0.0,0.0,0.0,0.0,0.0,0.0,0.0,0.0,0.0,0.0,0.0,0.0,0.0,0.0,0.0,0.0,0.0,0.0,0.0,0.0,0.0,0.0
2017-05-27 02:24:00+02:00,0.0,0.0,0.0,0.0,0.0,0.0,0.0,0.0,0.0,0.0,0.0,0.0,0.0,0.0,0.0,0.0,0.0,0.0,0.0,0.0,0.0,0.0,0.0,0.0,0.0,0.0,0.0,0.0,0.0,0.0,0.0,0.0,0.0,0.0,0.0,0.0,0.0,0.0,0.0,0.0,0.0,0.0,0.0,0.0,0.0,0.0,0.0,0.0,0.0,0.0,0.0,0.0,0.0,0.0,0.0,0.0,0.0,0.0,0.0,0.0,0.0,0.0,0.0,0.0,0.0,0.0,0.0,0.0,0.0,0.0,0.0,0.0,0.0,0.0,0.0,0.0,0.0,0.0,0.0,0.0,0.0,0.0,0.0,0.0,0.0,0.0,0.0,0.0,0.0,0.0,0.0,0.0,0.0,0.0,0.0,0.0,0.0,0.0,0.0,0.0,0.0,0.0,0.0,0.0,0.0,0.0,0.0,0.0,0.0,0.0,0.0,0.0,0.0,0.0,0.0,0.0,0.0,0.0
2017-05-27 02:25:00+02:00,0.0,0.0,0.0,0.0,0.0,0.0,0.0,0.0,0.0,0.0,0.0,0.0,0.0,0.0,0.0,0.0,0.0,0.0,0.0,0.0,0.0,0.0,0.0,0.0,0.0,0.0,0.0,0.0,0.0,0.0,0.0,0.0,0.0,0.0,0.0,0.0,0.0,0.0,0.0,0.0,0.0,0.0,0.0,0.0,0.0,0.0,0.0,0.0,0.0,0.0,0.0,0.0,0.0,0.0,0.0,0.0,0.0,0.0,0.0,0.0,0.0,0.0,0.0,0.0,0.0,0.0,0.0,0.0,0.0,0.0,0.0,0.0,0.0,0.0,0.0,0.0,0.0,0.0,0.0,0.0,0.0,0.0,0.0,0.0,0.0,0.0,0.0,0.0,0.0,0.0,0.0,0.0,0.0,0.0,0.0,0.0,0.0,0.0,0.0,0.0,0.0,0.0,0.0,0.0,0.0,0.0,0.0,0.0,0.0,0.0,0.0,0.0,0.0,0.0,0.0,0.0,0.0,0.0
2017-05-27 02:26:00+02:00,0.0,0.0,0.0,0.0,0.0,0.0,0.0,0.0,0.0,0.0,0.0,0.0,0.0,0.0,0.0,0.0,0.0,0.0,0.0,0.0,0.0,0.0,0.0,0.0,0.0,0.0,0.0,0.0,0.0,0.0,0.0,0.0,0.0,0.0,0.0,0.0,0.0,0.0,0.0,0.0,0.0,0.0,0.0,0.0,0.0,0.0,0.0,0.0,0.0,0.0,0.0,0.0,0.0,0.0,0.0,0.0,0.0,0.0,0.0,0.0,0.0,0.0,0.0,0.0,0.0,0.0,0.0,0.0,0.0,0.0,0.0,0.0,0.0,0.0,0.0,0.0,0.0,0.0,0.0,0.0,0.0,0.0,0.0,0.0,0.0,0.0,0.0,0.0,0.0,0.0,0.0,0.0,0.0,0.0,0.0,0.0,0.0,0.0,0.0,0.0,0.0,0.0,0.0,0.0,0.0,0.0,0.0,0.0,0.0,0.0,0.0,0.0,0.0,0.0,0.0,0.0,0.0,0.0
2017-05-27 02:27:00+02:00,0.0,0.0,0.0,0.0,0.0,0.0,0.0,0.0,0.0,0.0,0.0,0.0,0.0,0.0,0.0,0.0,0.0,0.0,0.0,0.0,0.0,0.0,0.0,0.0,0.0,0.0,0.0,0.0,0.0,0.0,0.0,0.0,0.0,0.0,0.0,0.0,0.0,0.0,0.0,0.0,0.0,0.0,0.0,0.0,0.0,0.0,0.0,0.0,0.0,0.0,0.0,0.0,0.0,0.0,0.0,0.0,0.0,0.0,0.0,0.0,0.0,0.0,0.0,0.0,0.0,0.0,0.0,0.0,0.0,0.0,0.0,0.0,0.0,0.0,0.0,0.0,0.0,0.0,0.0,0.0,0.0,0.0,0.0,0.0,0.0,0.0,0.0,0.0,0.0,0.0,0.0,0.0,0.0,0.0,0.0,0.0,0.0,0.0,0.0,0.0,0.0,0.0,0.0,0.0,0.0,0.0,0.0,0.0,0.0,0.0,0.0,0.0,0.0,0.0,0.0,0.0,0.0,0.0
2017-05-27 02:28:00+02:00,0.0,0.0,0.0,0.0,0.0,0.0,0.0,0.0,0.0,0.0,0.0,0.0,0.0,0.0,0.0,0.0,0.0,0.0,0.0,0.0,0.0,0.0,0.0,0.0,0.0,0.0,0.0,0.0,0.0,0.0,0.0,0.0,0.0,0.0,0.0,0.0,0.0,0.0,0.0,0.0,0.0,0.0,0.0,0.0,0.0,0.0,0.0,0.0,0.0,0.0,0.0,0.0,0.0,0.0,0.0,0.0,0.0,0.0,0.0,0.0,0.0,0.0,0.0,0.0,0.0,0.0,0.0,0.0,0.0,0.0,0.0,0.0,0.0,0.0,0.0,0.0,0.0,0.0,0.0,0.0,0.0,0.0,0.0,0.0,0.0,0.0,0.0,0.0,0.0,0.0,0.0,0.0,0.0,0.0,0.0,0.0,0.0,0.0,0.0,0.0,0.0,0.0,0.0,0.0,0.0,0.0,0.0,0.0,0.0,0.0,0.0,0.0,0.0,0.0,0.0,0.0,0.0,0.0
2017-05-27 02:29:00+02:00,0.0,0.0,0.0,0.0,0.0,0.0,0.0,0.0,0.0,0.0,0.0,0.0,0.0,0.0,0.0,0.0,0.0,0.0,0.0,0.0,0.0,0.0,0.0,0.0,0.0,0.0,0.0,0.0,0.0,0.0,0.0,0.0,0.0,0.0,0.0,0.0,0.0,0.0,0.0,0.0,0.0,0.0,0.0,0.0,0.0,0.0,0.0,0.0,0.0,0.0,0.0,0.0,0.0,0.0,0.0,0.0,0.0,0.0,0.0,0.0,0.0,0.0,0.0,0.0,0.0,0.0,0.0,0.0,0.0,0.0,0.0,0.0,0.0,0.0,0.0,0.0,0.0,0.0,0.0,0.0,0.0,0.0,0.0,0.0,0.0,0.0,0.0,0.0,0.0,0.0,0.0,0.0,0.0,0.0,0.0,0.0,0.0,0.0,0.0,0.0,0.0,0.0,0.0,0.0,0.0,0.0,0.0,0.0,0.0,0.0,0.0,0.0,0.0,0.0,0.0,0.0,0.0,0.0
2017-05-27 02:30:00+02:00,0.0,0.0,0.0,0.0,0.0,0.0,0.0,0.0,0.0,0.0,0.0,0.0,0.0,0.0,0.0,0.0,0.0,0.0,0.0,0.0,0.0,0.0,0.0,0.0,0.0,0.0,0.0,0.0,0.0,0.0,0.0,0.0,0.0,0.0,0.0,0.0,0.0,0.0,0.0,0.0,0.0,0.0,0.0,0.0,0.0,0.0,0.0,0.0,0.0,0.0,0.0,0.0,0.0,0.0,0.0,0.0,0.0,0.0,0.0,0.0,0.0,0.0,0.0,0.0,0.0,0.0,0.0,0.0,0.0,0.0,0.0,0.0,0.0,0.0,0.0,0.0,0.0,0.0,0.0,0.0,0.0,0.0,0.0,0.0,0.0,0.0,0.0,0.0,0.0,0.0,0.0,0.0,0.0,0.0,0.0,0.0,0.0,0.0,0.0,0.0,0.0,0.0,0.0,0.0,0.0,0.0,0.0,0.0,0.0,0.0,0.0,0.0,0.0,0.0,0.0,0.0,0.0,0.0
2017-05-27 02:31:00+02:00,0.0,0.0,0.0,0.0,0.0,0.0,0.0,0.0,0.0,0.0,0.0,0.0,0.0,0.0,0.0,0.0,0.0,0.0,0.0,0.0,0.0,0.0,0.0,0.0,0.0,0.0,0.0,0.0,0.0,0.0,0.0,0.0,0.0,0.0,0.0,0.0,0.0,0.0,0.0,0.0,0.0,0.0,0.0,0.0,0.0,0.0,0.0,0.0,0.0,0.0,0.0,0.0,0.0,0.0,0.0,0.0,0.0,0.0,0.0,0.0,0.0,0.0,0.0,0.0,0.0,0.0,0.0,0.0,0.0,0.0,0.0,0.0,0.0,0.0,0.0,0.0,0.0,0.0,0.0,0.0,0.0,0.0,0.0,0.0,0.0,0.0,0.0,0.0,0.0,0.0,0.0,0.0,0.0,0.0,0.0,0.0,0.0,0.0,0.0,0.0,0.0,0.0,0.0,0.0,0.0,0.0,0.0,0.0,0.0,0.0,0.0,0.0,0.0,0.0,0.0,0.0,0.0,0.0
2017-05-27 02:32:00+02:00,0.0,0.0,0.0,0.0,0.0,0.0,0.0,0.0,0.0,0.0,0.0,0.0,0.0,0.0,0.0,0.0,0.0,0.0,0.0,0.0,0.0,0.0,0.0,0.0,0.0,0.0,0.0,0.0,0.0,0.0,0.0,0.0,0.0,0.0,0.0,0.0,0.0,0.0,0.0,0.0,0.0,0.0,0.0,0.0,0.0,0.0,0.0,0.0,0.0,0.0,0.0,0.0,0.0,0.0,0.0,0.0,0.0,0.0,0.0,0.0,0.0,0.0,0.0,0.0,0.0,0.0,0.0,0.0,0.0,0.0,0.0,0.0,0.0,0.0,0.0,0.0,0.0,0.0,0.0,0.0,0.0,0.0,0.0,0.0,0.0,0.0,0.0,0.0,0.0,0.0,0.0,0.0,0.0,0.0,0.0,0.0,0.0,0.0,0.0,0.0,0.0,0.0,0.0,0.0,0.0,0.0,0.0,0.0,0.0,0.0,0.0,0.0,0.0,0.0,0.0,0.0,0.0,0.0
2017-05-27 02:33:00+02:00,0.0,0.0,0.0,0.0,0.0,0.0,0.0,0.0,0.0,0.0,0.0,0.0,0.0,0.0,0.0,0.0,0.0,0.0,0.0,0.0,0.0,0.0,0.0,0.0,0.0,0.0,0.0,0.0,0.0,0.0,0.0,0.0,0.0,0.0,0.0,0.0,0.0,0.0,0.0,0.0,0.0,0.0,0.0,0.0,0.0,0.0,0.0,0.0,0.0,0.0,0.0,0.0,0.0,0.0,0.0,0.0,0.0,0.0,0.0,0.0,0.0,0.0,0.0,0.0,0.0,0.0,0.0,0.0,0.0,0.0,0.0,0.0,0.0,0.0,0.0,0.0,0.0,0.0,0.0,0.0,0.0,0.0,0.0,0.0,0.0,0.0,0.0,0.0,0.0,0.0,0.0,0.0,0.0,0.0,0.0,0.0,0.0,0.0,0.0,0.0,0.0,0.0,0.0,0.0,0.0,0.0,0.0,0.0,0.0,0.0,0.0,0.0,0.0,0.0,0.0,0.0,0.0,0.0
2017-05-27 02:34:00+02:00,0.0,0.0,0.0,0.0,0.0,0.0,0.0,0.0,0.0,0.0,0.0,0.0,0.0,0.0,0.0,0.0,0.0,0.0,0.0,0.0,0.0,0.0,0.0,0.0,0.0,0.0,0.0,0.0,0.0,0.0,0.0,0.0,0.0,0.0,0.0,0.0,0.0,0.0,0.0,0.0,0.0,0.0,0.0,0.0,0.0,0.0,0.0,0.0,0.0,0.0,0.0,0.0,0.0,0.0,0.0,0.0,0.0,0.0,0.0,0.0,0.0,0.0,0.0,0.0,0.0,0.0,0.0,0.0,0.0,0.0,0.0,0.0,0.0,0.0,0.0,0.0,0.0,0.0,0.0,0.0,0.0,0.0,0.0,0.0,0.0,0.0,0.0,0.0,0.0,0.0,0.0,0.0,0.0,0.0,0.0,0.0,0.0,0.0,0.0,0.0,0.0,0.0,0.0,0.0,0.0,0.0,0.0,0.0,0.0,0.0,0.0,0.0,0.0,0.0,0.0,0.0,0.0,0.0
2017-05-27 02:35:00+02:00,0.0,0.0,0.0,0.0,0.0,0.0,0.0,0.0,0.0,0.0,0.0,0.0,0.0,0.0,0.0,0.0,0.0,0.0,0.0,0.0,0.0,0.0,0.0,0.0,0.0,0.0,0.0,0.0,0.0,0.0,0.0,0.0,0.0,0.0,0.0,0.0,0.0,0.0,0.0,0.0,0.0,0.0,0.0,0.0,0.0,0.0,0.0,0.0,0.0,0.0,0.0,0.0,0.0,0.0,0.0,0.0,0.0,0.0,0.0,0.0,0.0,0.0,0.0,0.0,0.0,0.0,0.0,0.0,0.0,0.0,0.0,0.0,0.0,0.0,0.0,0.0,0.0,0.0,0.0,0.0,0.0,0.0,0.0,0.0,0.0,0.0,0.0,0.0,0.0,0.0,0.0,0.0,0.0,0.0,0.0,0.0,0.0,0.0,0.0,0.0,0.0,0.0,0.0,0.0,0.0,0.0,0.0,0.0,0.0,0.0,0.0,0.0,0.0,0.0,0.0,0.0,0.0,0.0
2017-05-27 02:36:00+02:00,0.0,0.0,0.0,0.0,0.0,0.0,0.0,0.0,0.0,0.0,0.0,0.0,0.0,0.0,0.0,0.0,0.0,0.0,0.0,0.0,0.0,0.0,0.0,0.0,0.0,0.0,0.0,0.0,0.0,0.0,0.0,0.0,0.0,0.0,0.0,0.0,0.0,0.0,0.0,0.0,0.0,0.0,0.0,0.0,0.0,0.0,0.0,0.0,0.0,0.0,0.0,0.0,0.0,0.0,0.0,0.0,0.0,0.0,0.0,0.0,0.0,0.0,0.0,0.0,0.0,0.0,0.0,0.0,0.0,0.0,0.0,0.0,0.0,0.0,0.0,0.0,0.0,0.0,0.0,0.0,0.0,0.0,0.0,0.0,0.0,0.0,0.0,0.0,0.0,0.0,0.0,0.0,0.0,0.0,0.0,0.0,0.0,0.0,0.0,0.0,0.0,0.0,0.0,0.0,0.0,0.0,0.0,0.0,0.0,0.0,0.0,0.0,0.0,0.0,0.0,0.0,0.0,0.0
2017-05-27 02:37:00+02:00,0.0,0.0,0.0,0.0,0.0,0.0,0.0,0.0,0.0,0.0,0.0,0.0,0.0,0.0,0.0,0.0,0.0,0.0,0.0,0.0,0.0,0.0,0.0,0.0,0.0,0.0,0.0,0.0,0.0,0.0,0.0,0.0,0.0,0.0,0.0,0.0,0.0,0.0,0.0,0.0,0.0,0.0,0.0,0.0,0.0,0.0,0.0,0.0,0.0,0.0,0.0,0.0,0.0,0.0,0.0,0.0,0.0,0.0,0.0,0.0,0.0,0.0,0.0,0.0,0.0,0.0,0.0,0.0,0.0,0.0,0.0,0.0,0.0,0.0,0.0,0.0,0.0,0.0,0.0,0.0,0.0,0.0,0.0,0.0,0.0,0.0,0.0,0.0,0.0,0.0,0.0,0.0,0.0,0.0,0.0,0.0,0.0,0.0,0.0,0.0,0.0,0.0,0.0,0.0,0.0,0.0,0.0,0.0,0.0,0.0,0.0,0.0,0.0,0.0,0.0,0.0,0.0,0.0
2017-05-27 02:38:00+02:00,0.0,0.0,0.0,0.0,0.0,0.0,0.0,0.0,0.0,0.0,0.0,0.0,0.0,0.0,0.0,0.0,0.0,0.0,0.0,0.0,0.0,0.0,0.0,0.0,0.0,0.0,0.0,0.0,0.0,0.0,0.0,0.0,0.0,0.0,0.0,0.0,0.0,0.0,0.0,0.0,0.0,0.0,0.0,0.0,0.0,0.0,0.0,0.0,0.0,0.0,0.0,0.0,0.0,0.0,0.0,0.0,0.0,0.0,0.0,0.0,0.0,0.0,0.0,0.0,0.0,0.0,0.0,0.0,0.0,0.0,0.0,0.0,0.0,0.0,0.0,0.0,0.0,0.0,0.0,0.0,0.0,0.0,0.0,0.0,0.0,0.0,0.0,0.0,0.0,0.0,0.0,0.0,0.0,0.0,0.0,0.0,0.0,0.0,0.0,0.0,0.0,0.0,0.0,0.0,0.0,0.0,0.0,0.0,0.0,0.0,0.0,0.0,0.0,0.0,0.0,0.0,0.0,0.0
2017-05-27 02:39:00+02:00,0.0,0.0,0.0,0.0,0.0,0.0,0.0,0.0,0.0,0.0,0.0,0.0,0.0,0.0,0.0,0.0,0.0,0.0,0.0,0.0,0.0,0.0,0.0,0.0,0.0,0.0,0.0,0.0,0.0,0.0,0.0,0.0,0.0,0.0,0.0,0.0,0.0,0.0,0.0,0.0,0.0,0.0,0.0,0.0,0.0,0.0,0.0,0.0,0.0,0.0,0.0,0.0,0.0,0.0,0.0,0.0,0.0,0.0,0.0,0.0,0.0,0.0,0.0,0.0,0.0,0.0,0.0,0.0,0.0,0.0,0.0,0.0,0.0,0.0,0.0,0.0,0.0,0.0,0.0,0.0,0.0,0.0,0.0,0.0,0.0,0.0,0.0,0.0,0.0,0.0,0.0,0.0,0.0,0.0,0.0,0.0,0.0,0.0,0.0,0.0,0.0,0.0,0.0,0.0,0.0,0.0,0.0,0.0,0.0,0.0,0.0,0.0,0.0,0.0,0.0,0.0,0.0,0.0
2017-05-27 02:40:00+02:00,0.0,0.0,0.0,0.0,0.0,0.0,0.0,0.0,0.0,0.0,0.0,0.0,0.0,0.0,0.0,0.0,0.0,0.0,0.0,0.0,0.0,0.0,0.0,0.0,0.0,0.0,0.0,0.0,0.0,0.0,0.0,0.0,0.0,0.0,0.0,0.0,0.0,0.0,0.0,0.0,0.0,0.0,0.0,0.0,0.0,0.0,0.0,0.0,0.0,0.0,0.0,0.0,0.0,0.0,0.0,0.0,0.0,0.0,0.0,0.0,0.0,0.0,0.0,0.0,0.0,0.0,0.0,0.0,0.0,0.0,0.0,0.0,0.0,0.0,0.0,0.0,0.0,0.0,0.0,0.0,0.0,0.0,0.0,0.0,0.0,0.0,0.0,0.0,0.0,0.0,0.0,0.0,0.0,0.0,0.0,0.0,0.0,0.0,0.0,0.0,0.0,0.0,0.0,0.0,0.0,0.0,0.0,0.0,0.0,0.0,0.0,0.0,0.0,0.0,0.0,0.0,0.0,0.0
2017-05-27 02:41:00+02:00,0.0,0.0,0.0,0.0,0.0,0.0,0.0,0.0,0.0,0.0,0.0,0.0,0.0,0.0,0.0,0.0,0.0,0.0,0.0,0.0,0.0,0.0,0.0,0.0,0.0,0.0,0.0,0.0,0.0,0.0,0.0,0.0,0.0,0.0,0.0,0.0,0.0,0.0,0.0,0.0,0.0,0.0,0.0,0.0,0.0,0.0,0.0,0.0,0.0,0.0,0.0,0.0,0.0,0.0,0.0,0.0,0.0,0.0,0.0,0.0,0.0,0.0,0.0,0.0,0.0,0.0,0.0,0.0,0.0,0.0,0.0,0.0,0.0,0.0,0.0,0.0,0.0,0.0,0.0,0.0,0.0,0.0,0.0,0.0,0.0,0.0,0.0,0.0,0.0,0.0,0.0,0.0,0.0,0.0,0.0,0.0,0.0,0.0,0.0,0.0,0.0,0.0,0.0,0.0,0.0,0.0,0.0,0.0,0.0,0.0,0.0,0.0,0.0,0.0,0.0,0.0,0.0,0.0
2017-05-27 02:42:00+02:00,0.0,0.0,0.0,0.0,0.0,0.0,0.0,0.0,0.0,0.0,0.0,0.0,0.0,0.0,0.0,0.0,0.0,0.0,0.0,0.0,0.0,0.0,0.0,0.0,0.0,0.0,0.0,0.0,0.0,0.0,0.0,0.0,0.0,0.0,0.0,0.0,0.0,0.0,0.0,0.0,0.0,0.0,0.0,0.0,0.0,0.0,0.0,0.0,0.0,0.0,0.0,0.0,0.0,0.0,0.0,0.0,0.0,0.0,0.0,0.0,0.0,0.0,0.0,0.0,0.0,0.0,0.0,0.0,0.0,0.0,0.0,0.0,0.0,0.0,0.0,0.0,0.0,0.0,0.0,0.0,0.0,0.0,0.0,0.0,0.0,0.0,0.0,0.0,0.0,0.0,0.0,0.0,0.0,0.0,0.0,0.0,0.0,0.0,0.0,0.0,0.0,0.0,0.0,0.0,0.0,0.0,0.0,0.0,0.0,0.0,0.0,0.0,0.0,0.0,0.0,0.0,0.0,0.0
2017-05-27 02:43:00+02:00,0.0,0.0,0.0,0.0,0.0,0.0,0.0,0.0,0.0,0.0,0.0,0.0,0.0,0.0,0.0,0.0,0.0,0.0,0.0,0.0,0.0,0.0,0.0,0.0,0.0,0.0,0.0,0.0,0.0,0.0,0.0,0.0,0.0,0.0,0.0,0.0,0.0,0.0,0.0,0.0,0.0,0.0,0.0,0.0,0.0,0.0,0.0,0.0,0.0,0.0,0.0,0.0,0.0,0.0,0.0,0.0,0.0,0.0,0.0,0.0,0.0,0.0,0.0,0.0,0.0,0.0,0.0,0.0,0.0,0.0,0.0,0.0,0.0,0.0,0.0,0.0,0.0,0.0,0.0,0.0,0.0,0.0,0.0,0.0,0.0,0.0,0.0,0.0,0.0,0.0,0.0,0.0,0.0,0.0,0.0,0.0,0.0,0.0,0.0,0.0,0.0,0.0,0.0,0.0,0.0,0.0,0.0,0.0,0.0,0.0,0.0,0.0,0.0,0.0,0.0,0.0,0.0,0.0
2017-05-27 02:44:00+02:00,0.0,0.0,0.0,0.0,0.0,0.0,0.0,0.0,0.0,0.0,0.0,0.0,0.0,0.0,0.0,0.0,0.0,0.0,0.0,0.0,0.0,0.0,0.0,0.0,0.0,0.0,0.0,0.0,0.0,0.0,0.0,0.0,0.0,0.0,0.0,0.0,0.0,0.0,0.0,0.0,0.0,0.0,0.0,0.0,0.0,0.0,0.0,0.0,0.0,0.0,0.0,0.0,0.0,0.0,0.0,0.0,0.0,0.0,0.0,0.0,0.0,0.0,0.0,0.0,0.0,0.0,0.0,0.0,0.0,0.0,0.0,0.0,0.0,0.0,0.0,0.0,0.0,0.0,0.0,0.0,0.0,0.0,0.0,0.0,0.0,0.0,0.0,0.0,0.0,0.0,0.0,0.0,0.0,0.0,0.0,0.0,0.0,0.0,0.0,0.0,0.0,0.0,0.0,0.0,0.0,0.0,0.0,0.0,0.0,0.0,0.0,0.0,0.0,0.0,0.0,0.0,0.0,0.0
2017-05-27 02:45:00+02:00,0.0,0.0,0.0,0.0,0.0,0.0,0.0,0.0,0.0,0.0,0.0,0.0,0.0,0.0,0.0,0.0,0.0,0.0,0.0,0.0,0.0,0.0,0.0,0.0,0.0,0.0,0.0,0.0,0.0,0.0,0.0,0.0,0.0,0.0,0.0,0.0,0.0,0.0,0.0,0.0,0.0,0.0,0.0,0.0,0.0,0.0,0.0,0.0,0.0,0.0,0.0,0.0,0.0,0.0,0.0,0.0,0.0,0.0,0.0,0.0,0.0,0.0,0.0,0.0,0.0,0.0,0.0,0.0,0.0,0.0,0.0,0.0,0.0,0.0,0.0,0.0,0.0,0.0,0.0,0.0,0.0,0.0,0.0,0.0,0.0,0.0,0.0,0.0,0.0,0.0,0.0,0.0,0.0,0.0,0.0,0.0,0.0,0.0,0.0,0.0,0.0,0.0,0.0,0.0,0.0,0.0,0.0,0.0,0.0,0.0,0.0,0.0,0.0,0.0,0.0,0.0,0.0,0.0
2017-05-27 02:46:00+02:00,0.0,0.0,0.0,0.0,0.0,0.0,0.0,0.0,0.0,0.0,0.0,0.0,0.0,0.0,0.0,0.0,0.0,0.0,0.0,0.0,0.0,0.0,0.0,0.0,0.0,0.0,0.0,0.0,0.0,0.0,0.0,0.0,0.0,0.0,0.0,0.0,0.0,0.0,0.0,0.0,0.0,0.0,0.0,0.0,0.0,0.0,0.0,0.0,0.0,0.0,0.0,0.0,0.0,0.0,0.0,0.0,0.0,0.0,0.0,0.0,0.0,0.0,0.0,0.0,0.0,0.0,0.0,0.0,0.0,0.0,0.0,0.0,0.0,0.0,0.0,0.0,0.0,0.0,0.0,0.0,0.0,0.0,0.0,0.0,0.0,0.0,0.0,0.0,0.0,0.0,0.0,0.0,0.0,0.0,0.0,0.0,0.0,0.0,0.0,0.0,0.0,0.0,0.0,0.0,0.0,0.0,0.0,0.0,0.0,0.0,0.0,0.0,0.0,0.0,0.0,0.0,0.0,0.0
2017-05-27 02:47:00+02:00,0.0,0.0,0.0,0.0,0.0,0.0,0.0,0.0,0.0,0.0,0.0,0.0,0.0,0.0,0.0,0.0,0.0,0.0,0.0,0.0,0.0,0.0,0.0,0.0,0.0,0.0,0.0,0.0,0.0,0.0,0.0,0.0,0.0,0.0,0.0,0.0,0.0,0.0,0.0,0.0,0.0,0.0,0.0,0.0,0.0,0.0,0.0,0.0,0.0,0.0,0.0,0.0,0.0,0.0,0.0,0.0,0.0,0.0,0.0,0.0,0.0,0.0,0.0,0.0,0.0,0.0,0.0,0.0,0.0,0.0,0.0,0.0,0.0,0.0,0.0,0.0,0.0,0.0,0.0,0.0,0.0,0.0,0.0,0.0,0.0,0.0,0.0,0.0,0.0,0.0,0.0,0.0,0.0,0.0,0.0,0.0,0.0,0.0,0.0,0.0,0.0,0.0,0.0,0.0,0.0,0.0,0.0,0.0,0.0,0.0,0.0,0.0,0.0,0.0,0.0,0.0,0.0,0.0
2017-05-27 02:48:00+02:00,0.0,0.0,0.0,0.0,0.0,0.0,0.0,0.0,0.0,0.0,0.0,0.0,0.0,0.0,0.0,0.0,0.0,0.0,0.0,0.0,0.0,0.0,0.0,0.0,0.0,0.0,0.0,0.0,0.0,0.0,0.0,0.0,0.0,0.0,0.0,0.0,0.0,0.0,0.0,0.0,0.0,0.0,0.0,0.0,0.0,0.0,0.0,0.0,0.0,0.0,0.0,0.0,0.0,0.0,0.0,0.0,0.0,0.0,0.0,0.0,0.0,0.0,0.0,0.0,0.0,0.0,0.0,0.0,0.0,0.0,0.0,0.0,0.0,0.0,0.0,0.0,0.0,0.0,0.0,0.0,0.0,0.0,0.0,0.0,0.0,0.0,0.0,0.0,0.0,0.0,0.0,0.0,0.0,0.0,0.0,0.0,0.0,0.0,0.0,0.0,0.0,0.0,0.0,0.0,0.0,0.0,0.0,0.0,0.0,0.0,0.0,0.0,0.0,0.0,0.0,0.0,0.0,0.0
2017-05-27 02:49:00+02:00,0.0,0.0,0.0,0.0,0.0,0.0,0.0,0.0,0.0,0.0,0.0,0.0,0.0,0.0,0.0,0.0,0.0,0.0,0.0,0.0,0.0,0.0,0.0,0.0,0.0,0.0,0.0,0.0,0.0,0.0,0.0,0.0,0.0,0.0,0.0,0.0,0.0,0.0,0.0,0.0,0.0,0.0,0.0,0.0,0.0,0.0,0.0,0.0,0.0,0.0,0.0,0.0,0.0,0.0,0.0,0.0,0.0,0.0,0.0,0.0,0.0,0.0,0.0,0.0,0.0,0.0,0.0,0.0,0.0,0.0,0.0,0.0,0.0,0.0,0.0,0.0,0.0,0.0,0.0,0.0,0.0,0.0,0.0,0.0,0.0,0.0,0.0,0.0,0.0,0.0,0.0,0.0,0.0,0.0,0.0,0.0,0.0,0.0,0.0,0.0,0.0,0.0,0.0,0.0,0.0,0.0,0.0,0.0,0.0,0.0,0.0,0.0,0.0,0.0,0.0,0.0,0.0,0.0
2017-05-27 02:50:00+02:00,0.0,0.0,0.0,0.0,0.0,0.0,0.0,0.0,0.0,0.0,0.0,0.0,0.0,0.0,0.0,0.0,0.0,0.0,0.0,0.0,0.0,0.0,0.0,0.0,0.0,0.0,0.0,0.0,0.0,0.0,0.0,0.0,0.0,0.0,0.0,0.0,0.0,0.0,0.0,0.0,0.0,0.0,0.0,0.0,0.0,0.0,0.0,0.0,0.0,0.0,0.0,0.0,0.0,0.0,0.0,0.0,0.0,0.0,0.0,0.0,0.0,0.0,0.0,0.0,0.0,0.0,0.0,0.0,0.0,0.0,0.0,0.0,0.0,0.0,0.0,0.0,0.0,0.0,0.0,0.0,0.0,0.0,0.0,0.0,0.0,0.0,0.0,0.0,0.0,0.0,0.0,0.0,0.0,0.0,0.0,0.0,0.0,0.0,0.0,0.0,0.0,0.0,0.0,0.0,0.0,0.0,0.0,0.0,0.0,0.0,0.0,0.0,0.0,0.0,0.0,0.0,0.0,0.0
2017-05-27 02:51:00+02:00,0.0,0.0,0.0,0.0,0.0,0.0,0.0,0.0,0.0,0.0,0.0,0.0,0.0,0.0,0.0,0.0,0.0,0.0,0.0,0.0,0.0,0.0,0.0,0.0,0.0,0.0,0.0,0.0,0.0,0.0,0.0,0.0,0.0,0.0,0.0,0.0,0.0,0.0,0.0,0.0,0.0,0.0,0.0,0.0,0.0,0.0,0.0,0.0,0.0,0.0,0.0,0.0,0.0,0.0,0.0,0.0,0.0,0.0,0.0,0.0,0.0,0.0,0.0,0.0,0.0,0.0,0.0,0.0,0.0,0.0,0.0,0.0,0.0,0.0,0.0,0.0,0.0,0.0,0.0,0.0,0.0,0.0,0.0,0.0,0.0,0.0,0.0,0.0,0.0,0.0,0.0,0.0,0.0,0.0,0.0,0.0,0.0,0.0,0.0,0.0,0.0,0.0,0.0,0.0,0.0,0.0,0.0,0.0,0.0,0.0,0.0,0.0,0.0,0.0,0.0,0.0,0.0,0.0
2017-05-27 02:52:00+02:00,0.0,0.0,0.0,0.0,0.0,0.0,0.0,0.0,0.0,0.0,0.0,0.0,0.0,0.0,0.0,0.0,0.0,0.0,0.0,0.0,0.0,0.0,0.0,0.0,0.0,0.0,0.0,0.0,0.0,0.0,0.0,0.0,0.0,0.0,0.0,0.0,0.0,0.0,0.0,0.0,0.0,0.0,0.0,0.0,0.0,0.0,0.0,0.0,0.0,0.0,0.0,0.0,0.0,0.0,0.0,0.0,0.0,0.0,0.0,0.0,0.0,0.0,0.0,0.0,0.0,0.0,0.0,0.0,0.0,0.0,0.0,0.0,0.0,0.0,0.0,0.0,0.0,0.0,0.0,0.0,0.0,0.0,0.0,0.0,0.0,0.0,0.0,0.0,0.0,0.0,0.0,0.0,0.0,0.0,0.0,0.0,0.0,0.0,0.0,0.0,0.0,0.0,0.0,0.0,0.0,0.0,0.0,0.0,0.0,0.0,0.0,0.0,0.0,0.0,0.0,0.0,0.0,0.0
2017-05-27 02:53:00+02:00,0.0,0.0,0.0,0.0,0.0,0.0,0.0,0.0,0.0,0.0,0.0,0.0,0.0,0.0,0.0,0.0,0.0,0.0,0.0,0.0,0.0,0.0,0.0,0.0,0.0,0.0,0.0,0.0,0.0,0.0,0.0,0.0,0.0,0.0,0.0,0.0,0.0,0.0,0.0,0.0,0.0,0.0,0.0,0.0,0.0,0.0,0.0,0.0,0.0,0.0,0.0,0.0,0.0,0.0,0.0,0.0,0.0,0.0,0.0,0.0,0.0,0.0,0.0,0.0,0.0,0.0,0.0,0.0,0.0,0.0,0.0,0.0,0.0,0.0,0.0,0.0,0.0,0.0,0.0,0.0,0.0,0.0,0.0,0.0,0.0,0.0,0.0,0.0,0.0,0.0,0.0,0.0,0.0,0.0,0.0,0.0,0.0,0.0,0.0,0.0,0.0,0.0,0.0,0.0,0.0,0.0,0.0,0.0,0.0,0.0,0.0,0.0,0.0,0.0,0.0,0.0,0.0,0.0
2017-05-27 02:54:00+02:00,0.0,0.0,0.0,0.0,0.0,0.0,0.0,0.0,0.0,0.0,0.0,0.0,0.0,0.0,0.0,0.0,0.0,0.0,0.0,0.0,0.0,0.0,0.0,0.0,0.0,0.0,0.0,0.0,0.0,0.0,0.0,0.0,0.0,0.0,0.0,0.0,0.0,0.0,0.0,0.0,0.0,0.0,0.0,0.0,0.0,0.0,0.0,0.0,0.0,0.0,0.0,0.0,0.0,0.0,0.0,0.0,0.0,0.0,0.0,0.0,0.0,0.0,0.0,0.0,0.0,0.0,0.0,0.0,0.0,0.0,0.0,0.0,0.0,0.0,0.0,0.0,0.0,0.0,0.0,0.0,0.0,0.0,0.0,0.0,0.0,0.0,0.0,0.0,0.0,0.0,0.0,0.0,0.0,0.0,0.0,0.0,0.0,0.0,0.0,0.0,0.0,0.0,0.0,0.0,0.0,0.0,0.0,0.0,0.0,0.0,0.0,0.0,0.0,0.0,0.0,0.0,0.0,0.0
2017-05-27 02:55:00+02:00,0.0,0.0,0.0,0.0,0.0,0.0,0.0,0.0,0.0,0.0,0.0,0.0,0.0,0.0,0.0,0.0,0.0,0.0,0.0,0.0,0.0,0.0,0.0,0.0,0.0,0.0,0.0,0.0,0.0,0.0,0.0,0.0,0.0,0.0,0.0,0.0,0.0,0.0,0.0,0.0,0.0,0.0,0.0,0.0,0.0,0.0,0.0,0.0,0.0,0.0,0.0,0.0,0.0,0.0,0.0,0.0,0.0,0.0,0.0,0.0,0.0,0.0,0.0,0.0,0.0,0.0,0.0,0.0,0.0,0.0,0.0,0.0,0.0,0.0,0.0,0.0,0.0,0.0,0.0,0.0,0.0,0.0,0.0,0.0,0.0,0.0,0.0,0.0,0.0,0.0,0.0,0.0,0.0,0.0,0.0,0.0,0.0,0.0,0.0,0.0,0.0,0.0,0.0,0.0,0.0,0.0,0.0,0.0,0.0,0.0,0.0,0.0,0.0,0.0,0.0,0.0,0.0,0.0
2017-05-27 02:56:00+02:00,0.0,0.0,0.0,0.0,0.0,0.0,0.0,0.0,0.0,0.0,0.0,0.0,0.0,0.0,0.0,0.0,0.0,0.0,0.0,0.0,0.0,0.0,0.0,0.0,0.0,0.0,0.0,0.0,0.0,0.0,0.0,0.0,0.0,0.0,0.0,0.0,0.0,0.0,0.0,0.0,0.0,0.0,0.0,0.0,0.0,0.0,0.0,0.0,0.0,0.0,0.0,0.0,0.0,0.0,0.0,0.0,0.0,0.0,0.0,0.0,0.0,0.0,0.0,0.0,0.0,0.0,0.0,0.0,0.0,0.0,0.0,0.0,0.0,0.0,0.0,0.0,0.0,0.0,0.0,0.0,0.0,0.0,0.0,0.0,0.0,0.0,0.0,0.0,0.0,0.0,0.0,0.0,0.0,0.0,0.0,0.0,0.0,0.0,0.0,0.0,0.0,0.0,0.0,0.0,0.0,0.0,0.0,0.0,0.0,0.0,0.0,0.0,0.0,0.0,0.0,0.0,0.0,0.0
2017-05-27 02:57:00+02:00,0.0,0.0,0.0,0.0,0.0,0.0,0.0,0.0,0.0,0.0,0.0,0.0,0.0,0.0,0.0,0.0,0.0,0.0,0.0,0.0,0.0,0.0,0.0,0.0,0.0,0.0,0.0,0.0,0.0,0.0,0.0,0.0,0.0,0.0,0.0,0.0,0.0,0.0,0.0,0.0,0.0,0.0,0.0,0.0,0.0,0.0,0.0,0.0,0.0,0.0,0.0,0.0,0.0,0.0,0.0,0.0,0.0,0.0,0.0,0.0,0.0,0.0,0.0,0.0,0.0,0.0,0.0,0.0,0.0,0.0,0.0,0.0,0.0,0.0,0.0,0.0,0.0,0.0,0.0,0.0,0.0,0.0,0.0,0.0,0.0,0.0,0.0,0.0,0.0,0.0,0.0,0.0,0.0,0.0,0.0,0.0,0.0,0.0,0.0,0.0,0.0,0.0,0.0,0.0,0.0,0.0,0.0,0.0,0.0,0.0,0.0,0.0,0.0,0.0,0.0,0.0,0.0,0.0
2017-05-27 02:58:00+02:00,0.0,0.0,0.0,0.0,0.0,0.0,0.0,0.0,0.0,0.0,0.0,0.0,0.0,0.0,0.0,0.0,0.0,0.0,0.0,0.0,0.0,0.0,0.0,0.0,0.0,0.0,0.0,0.0,0.0,0.0,0.0,0.0,0.0,0.0,0.0,0.0,0.0,0.0,0.0,0.0,0.0,0.0,0.0,0.0,0.0,0.0,0.0,0.0,0.0,0.0,0.0,0.0,0.0,0.0,0.0,0.0,0.0,0.0,0.0,0.0,0.0,0.0,0.0,0.0,0.0,0.0,0.0,0.0,0.0,0.0,0.0,0.0,0.0,0.0,0.0,0.0,0.0,0.0,0.0,0.0,0.0,0.0,0.0,0.0,0.0,0.0,0.0,0.0,0.0,0.0,0.0,0.0,0.0,0.0,0.0,0.0,0.0,0.0,0.0,0.0,0.0,0.0,0.0,0.0,0.0,0.0,0.0,0.0,0.0,0.0,0.0,0.0,0.0,0.0,0.0,0.0,0.0,0.0
2017-05-27 02:59:00+02:00,0.0,0.0,0.0,0.0,0.0,0.0,0.0,0.0,0.0,0.0,0.0,0.0,0.0,0.0,0.0,0.0,0.0,0.0,0.0,0.0,0.0,0.0,0.0,0.0,0.0,0.0,0.0,0.0,0.0,0.0,0.0,0.0,0.0,0.0,0.0,0.0,0.0,0.0,0.0,0.0,0.0,0.0,0.0,0.0,0.0,0.0,0.0,0.0,0.0,0.0,0.0,0.0,0.0,0.0,0.0,0.0,0.0,0.0,0.0,0.0,0.0,0.0,0.0,0.0,0.0,0.0,0.0,0.0,0.0,0.0,0.0,0.0,0.0,0.0,0.0,0.0,0.0,0.0,0.0,0.0,0.0,0.0,0.0,0.0,0.0,0.0,0.0,0.0,0.0,0.0,0.0,0.0,0.0,0.0,0.0,0.0,0.0,0.0,0.0,0.0,0.0,0.0,0.0,0.0,0.0,0.0,0.0,0.0,0.0,0.0,0.0,0.0,0.0,0.0,0.0,0.0,0.0,0.0
2017-05-27 03:00:00+02:00,0.0,0.0,0.0,0.0,0.0,0.0,0.0,0.0,0.0,0.0,0.0,0.0,0.0,0.0,0.0,0.0,0.0,0.0,0.0,0.0,0.0,0.0,0.0,0.0,0.0,0.0,0.0,0.0,0.0,0.0,0.0,0.0,0.0,0.0,0.0,0.0,0.0,0.0,0.0,0.0,0.0,0.0,0.0,0.0,0.0,0.0,0.0,0.0,0.0,0.0,0.0,0.0,0.0,0.0,0.0,0.0,0.0,0.0,0.0,0.0,0.0,0.0,0.0,0.0,0.0,0.0,0.0,0.0,0.0,0.0,0.0,0.0,0.0,0.0,0.0,0.0,0.0,0.0,0.0,0.0,0.0,0.0,0.0,0.0,0.0,0.0,0.0,0.0,0.0,0.0,0.0,0.0,0.0,0.0,0.0,0.0,0.0,0.0,0.0,0.0,0.0,0.0,0.0,0.0,0.0,0.0,0.0,0.0,0.0,0.0,0.0,0.0,0.0,0.0,0.0,0.0,0.0,0.0
2017-05-27 03:01:00+02:00,0.0,0.0,0.0,0.0,0.0,0.0,0.0,0.0,0.0,0.0,0.0,0.0,0.0,0.0,0.0,0.0,0.0,0.0,0.0,0.0,0.0,0.0,0.0,0.0,0.0,0.0,0.0,0.0,0.0,0.0,0.0,0.0,0.0,0.0,0.0,0.0,0.0,0.0,0.0,0.0,0.0,0.0,0.0,0.0,0.0,0.0,0.0,0.0,0.0,0.0,0.0,0.0,0.0,0.0,0.0,0.0,0.0,0.0,0.0,0.0,0.0,0.0,0.0,0.0,0.0,0.0,0.0,0.0,0.0,0.0,0.0,0.0,0.0,0.0,0.0,0.0,0.0,0.0,0.0,0.0,0.0,0.0,0.0,0.0,0.0,0.0,0.0,0.0,0.0,0.0,0.0,0.0,0.0,0.0,0.0,0.0,0.0,0.0,0.0,0.0,0.0,0.0,0.0,0.0,0.0,0.0,0.0,0.0,0.0,0.0,0.0,0.0,0.0,0.0,0.0,0.0,0.0,0.0
2017-05-27 03:02:00+02:00,0.0,0.0,0.0,0.0,0.0,0.0,0.0,0.0,0.0,0.0,0.0,0.0,0.0,0.0,0.0,0.0,0.0,0.0,0.0,0.0,0.0,0.0,0.0,0.0,0.0,0.0,0.0,0.0,0.0,0.0,0.0,0.0,0.0,0.0,0.0,0.0,0.0,0.0,0.0,0.0,0.0,0.0,0.0,0.0,0.0,0.0,0.0,0.0,0.0,0.0,0.0,0.0,0.0,0.0,0.0,0.0,0.0,0.0,0.0,0.0,0.0,0.0,0.0,0.0,0.0,0.0,0.0,0.0,0.0,0.0,0.0,0.0,0.0,0.0,0.0,0.0,0.0,0.0,0.0,0.0,0.0,0.0,0.0,0.0,0.0,0.0,0.0,0.0,0.0,0.0,0.0,0.0,0.0,0.0,0.0,0.0,0.0,0.0,0.0,0.0,0.0,0.0,0.0,0.0,0.0,0.0,0.0,0.0,0.0,0.0,0.0,0.0,0.0,0.0,0.0,0.0,0.0,0.0
2017-05-27 03:03:00+02:00,0.0,0.0,0.0,0.0,0.0,0.0,0.0,0.0,0.0,0.0,0.0,0.0,0.0,0.0,0.0,0.0,0.0,0.0,0.0,0.0,0.0,0.0,0.0,0.0,0.0,0.0,0.0,0.0,0.0,0.0,0.0,0.0,0.0,0.0,0.0,0.0,0.0,0.0,0.0,0.0,0.0,0.0,0.0,0.0,0.0,0.0,0.0,0.0,0.0,0.0,0.0,0.0,0.0,0.0,0.0,0.0,0.0,0.0,0.0,0.0,0.0,0.0,0.0,0.0,0.0,0.0,0.0,0.0,0.0,0.0,0.0,0.0,0.0,0.0,0.0,0.0,0.0,0.0,0.0,0.0,0.0,0.0,0.0,0.0,0.0,0.0,0.0,0.0,0.0,0.0,0.0,0.0,0.0,0.0,0.0,0.0,0.0,0.0,0.0,0.0,0.0,0.0,0.0,0.0,0.0,0.0,0.0,0.0,0.0,0.0,0.0,0.0,0.0,0.0,0.0,0.0,0.0,0.0
2017-05-27 03:04:00+02:00,0.0,0.0,0.0,0.0,0.0,0.0,0.0,0.0,0.0,0.0,0.0,0.0,0.0,0.0,0.0,0.0,0.0,0.0,0.0,0.0,0.0,0.0,0.0,0.0,0.0,0.0,0.0,0.0,0.0,0.0,0.0,0.0,0.0,0.0,0.0,0.0,0.0,0.0,0.0,0.0,0.0,0.0,0.0,0.0,0.0,0.0,0.0,0.0,0.0,0.0,0.0,0.0,0.0,0.0,0.0,0.0,0.0,0.0,0.0,0.0,0.0,0.0,0.0,0.0,0.0,0.0,0.0,0.0,0.0,0.0,0.0,0.0,0.0,0.0,0.0,0.0,0.0,0.0,0.0,0.0,0.0,0.0,0.0,0.0,0.0,0.0,0.0,0.0,0.0,0.0,0.0,0.0,0.0,0.0,0.0,0.0,0.0,0.0,0.0,0.0,0.0,0.0,0.0,0.0,0.0,0.0,0.0,0.0,0.0,0.0,0.0,0.0,0.0,0.0,0.0,0.0,0.0,0.0
2017-05-27 03:05:00+02:00,0.0,0.0,0.0,0.0,0.0,0.0,0.0,0.0,0.0,0.0,0.0,0.0,0.0,0.0,0.0,0.0,0.0,0.0,0.0,0.0,0.0,0.0,0.0,0.0,0.0,0.0,0.0,0.0,0.0,0.0,0.0,0.0,0.0,0.0,0.0,0.0,0.0,0.0,0.0,0.0,0.0,0.0,0.0,0.0,0.0,0.0,0.0,0.0,0.0,0.0,0.0,0.0,0.0,0.0,0.0,0.0,0.0,0.0,0.0,0.0,0.0,0.0,0.0,0.0,0.0,0.0,0.0,0.0,0.0,0.0,0.0,0.0,0.0,0.0,0.0,0.0,0.0,0.0,0.0,0.0,0.0,0.0,0.0,0.0,0.0,0.0,0.0,0.0,0.0,0.0,0.0,0.0,0.0,0.0,0.0,0.0,0.0,0.0,0.0,0.0,0.0,0.0,0.0,0.0,0.0,0.0,0.0,0.0,0.0,0.0,0.0,0.0,0.0,0.0,0.0,0.0,0.0,0.0
2017-05-27 03:06:00+02:00,0.0,0.0,0.0,0.0,0.0,0.0,0.0,0.0,0.0,0.0,0.0,0.0,0.0,0.0,0.0,0.0,0.0,0.0,0.0,0.0,0.0,0.0,0.0,0.0,0.0,0.0,0.0,0.0,0.0,0.0,0.0,0.0,0.0,0.0,0.0,0.0,0.0,0.0,0.0,0.0,0.0,0.0,0.0,0.0,0.0,0.0,0.0,0.0,0.0,0.0,0.0,0.0,0.0,0.0,0.0,0.0,0.0,0.0,0.0,0.0,0.0,0.0,0.0,0.0,0.0,0.0,0.0,0.0,0.0,0.0,0.0,0.0,0.0,0.0,0.0,0.0,0.0,0.0,0.0,0.0,0.0,0.0,0.0,0.0,0.0,0.0,0.0,0.0,0.0,0.0,0.0,0.0,0.0,0.0,0.0,0.0,0.0,0.0,0.0,0.0,0.0,0.0,0.0,0.0,0.0,0.0,0.0,0.0,0.0,0.0,0.0,0.0,0.0,0.0,0.0,0.0,0.0,0.0
2017-05-27 03:07:00+02:00,0.0,0.0,0.0,0.0,0.0,0.0,0.0,0.0,0.0,0.0,0.0,0.0,0.0,0.0,0.0,0.0,0.0,0.0,0.0,0.0,0.0,0.0,0.0,0.0,0.0,0.0,0.0,0.0,0.0,0.0,0.0,0.0,0.0,0.0,0.0,0.0,0.0,0.0,0.0,0.0,0.0,0.0,0.0,0.0,0.0,0.0,0.0,0.0,0.0,0.0,0.0,0.0,0.0,0.0,0.0,0.0,0.0,0.0,0.0,0.0,0.0,0.0,0.0,0.0,0.0,0.0,0.0,0.0,0.0,0.0,0.0,0.0,0.0,0.0,0.0,0.0,0.0,0.0,0.0,0.0,0.0,0.0,0.0,0.0,0.0,0.0,0.0,0.0,0.0,0.0,0.0,0.0,0.0,0.0,0.0,0.0,0.0,0.0,0.0,0.0,0.0,0.0,0.0,0.0,0.0,0.0,0.0,0.0,0.0,0.0,0.0,0.0,0.0,0.0,0.0,0.0,0.0,0.0
2017-05-27 03:08:00+02:00,0.0,0.0,0.0,0.0,0.0,0.0,0.0,0.0,0.0,0.0,0.0,0.0,0.0,0.0,0.0,0.0,0.0,0.0,0.0,0.0,0.0,0.0,0.0,0.0,0.0,0.0,0.0,0.0,0.0,0.0,0.0,0.0,0.0,0.0,0.0,0.0,0.0,0.0,0.0,0.0,0.0,0.0,0.0,0.0,0.0,0.0,0.0,0.0,0.0,0.0,0.0,0.0,0.0,0.0,0.0,0.0,0.0,0.0,0.0,0.0,0.0,0.0,0.0,0.0,0.0,0.0,0.0,0.0,0.0,0.0,0.0,0.0,0.0,0.0,0.0,0.0,0.0,0.0,0.0,0.0,0.0,0.0,0.0,0.0,0.0,0.0,0.0,0.0,0.0,0.0,0.0,0.0,0.0,0.0,0.0,0.0,0.0,0.0,0.0,0.0,0.0,0.0,0.0,0.0,0.0,0.0,0.0,0.0,0.0,0.0,0.0,0.0,0.0,0.0,0.0,0.0,0.0,0.0
2017-05-27 03:09:00+02:00,0.0,0.0,0.0,0.0,0.0,0.0,0.0,0.0,0.0,0.0,0.0,0.0,0.0,0.0,0.0,0.0,0.0,0.0,0.0,0.0,0.0,0.0,0.0,0.0,0.0,0.0,0.0,0.0,0.0,0.0,0.0,0.0,0.0,0.0,0.0,0.0,0.0,0.0,0.0,0.0,0.0,0.0,0.0,0.0,0.0,0.0,0.0,0.0,0.0,0.0,0.0,0.0,0.0,0.0,0.0,0.0,0.0,0.0,0.0,0.0,0.0,0.0,0.0,0.0,0.0,0.0,0.0,0.0,0.0,0.0,0.0,0.0,0.0,0.0,0.0,0.0,0.0,0.0,0.0,0.0,0.0,0.0,0.0,0.0,0.0,0.0,0.0,0.0,0.0,0.0,0.0,0.0,0.0,0.0,0.0,0.0,0.0,0.0,0.0,0.0,0.0,0.0,0.0,0.0,0.0,0.0,0.0,0.0,0.0,0.0,0.0,0.0,0.0,0.0,0.0,0.0,0.0,0.0
2017-05-27 03:10:00+02:00,0.0,0.0,0.0,0.0,0.0,0.0,0.0,0.0,0.0,0.0,0.0,0.0,0.0,0.0,0.0,0.0,0.0,0.0,0.0,0.0,0.0,0.0,0.0,0.0,0.0,0.0,0.0,0.0,0.0,0.0,0.0,0.0,0.0,0.0,0.0,0.0,0.0,0.0,0.0,0.0,0.0,0.0,0.0,0.0,0.0,0.0,0.0,0.0,0.0,0.0,0.0,0.0,0.0,0.0,0.0,0.0,0.0,0.0,0.0,0.0,0.0,0.0,0.0,0.0,0.0,0.0,0.0,0.0,0.0,0.0,0.0,0.0,0.0,0.0,0.0,0.0,0.0,0.0,0.0,0.0,0.0,0.0,0.0,0.0,0.0,0.0,0.0,0.0,0.0,0.0,0.0,0.0,0.0,0.0,0.0,0.0,0.0,0.0,0.0,0.0,0.0,0.0,0.0,0.0,0.0,0.0,0.0,0.0,0.0,0.0,0.0,0.0,0.0,0.0,0.0,0.0,0.0,0.0
2017-05-27 03:11:00+02:00,0.0,0.0,0.0,0.0,0.0,0.0,0.0,0.0,0.0,0.0,0.0,0.0,0.0,0.0,0.0,0.0,0.0,0.0,0.0,0.0,0.0,0.0,0.0,0.0,0.0,0.0,0.0,0.0,0.0,0.0,0.0,0.0,0.0,0.0,0.0,0.0,0.0,0.0,0.0,0.0,0.0,0.0,0.0,0.0,0.0,0.0,0.0,0.0,0.0,0.0,0.0,0.0,0.0,0.0,0.0,0.0,0.0,0.0,0.0,0.0,0.0,0.0,0.0,0.0,0.0,0.0,0.0,0.0,0.0,0.0,0.0,0.0,0.0,0.0,0.0,0.0,0.0,0.0,0.0,0.0,0.0,0.0,0.0,0.0,0.0,0.0,0.0,0.0,0.0,0.0,0.0,0.0,0.0,0.0,0.0,0.0,0.0,0.0,0.0,0.0,0.0,0.0,0.0,0.0,0.0,0.0,0.0,0.0,0.0,0.0,0.0,0.0,0.0,0.0,0.0,0.0,0.0,0.0
2017-05-27 03:12:00+02:00,0.0,0.0,0.0,0.0,0.0,0.0,0.0,0.0,0.0,0.0,0.0,0.0,0.0,0.0,0.0,0.0,0.0,0.0,0.0,0.0,0.0,0.0,0.0,0.0,0.0,0.0,0.0,0.0,0.0,0.0,0.0,0.0,0.0,0.0,0.0,0.0,0.0,0.0,0.0,0.0,0.0,0.0,0.0,0.0,0.0,0.0,0.0,0.0,0.0,0.0,0.0,0.0,0.0,0.0,0.0,0.0,0.0,0.0,0.0,0.0,0.0,0.0,0.0,0.0,0.0,0.0,0.0,0.0,0.0,0.0,0.0,0.0,0.0,0.0,0.0,0.0,0.0,0.0,0.0,0.0,0.0,0.0,0.0,0.0,0.0,0.0,0.0,0.0,0.0,0.0,0.0,0.0,0.0,0.0,0.0,0.0,0.0,0.0,0.0,0.0,0.0,0.0,0.0,0.0,0.0,0.0,0.0,0.0,0.0,0.0,0.0,0.0,0.0,0.0,0.0,0.0,0.0,0.0
2017-05-27 03:13:00+02:00,0.0,0.0,0.0,0.0,0.0,0.0,0.0,0.0,0.0,0.0,0.0,0.0,0.0,0.0,0.0,0.0,0.0,0.0,0.0,0.0,0.0,0.0,0.0,0.0,0.0,0.0,0.0,0.0,0.0,0.0,0.0,0.0,0.0,0.0,0.0,0.0,0.0,0.0,0.0,0.0,0.0,0.0,0.0,0.0,0.0,0.0,0.0,0.0,0.0,0.0,0.0,0.0,0.0,0.0,0.0,0.0,0.0,0.0,0.0,0.0,0.0,0.0,0.0,0.0,0.0,0.0,0.0,0.0,0.0,0.0,0.0,0.0,0.0,0.0,0.0,0.0,0.0,0.0,0.0,0.0,0.0,0.0,0.0,0.0,0.0,0.0,0.0,0.0,0.0,0.0,0.0,0.0,0.0,0.0,0.0,0.0,0.0,0.0,0.0,0.0,0.0,0.0,0.0,0.0,0.0,0.0,0.0,0.0,0.0,0.0,0.0,0.0,0.0,0.0,0.0,0.0,0.0,0.0
2017-05-27 03:14:00+02:00,0.0,0.0,0.0,0.0,0.0,0.0,0.0,0.0,0.0,0.0,0.0,0.0,0.0,0.0,0.0,0.0,0.0,0.0,0.0,0.0,0.0,0.0,0.0,0.0,0.0,0.0,0.0,0.0,0.0,0.0,0.0,0.0,0.0,0.0,0.0,0.0,0.0,0.0,0.0,0.0,0.0,0.0,0.0,0.0,0.0,0.0,0.0,0.0,0.0,0.0,0.0,0.0,0.0,0.0,0.0,0.0,0.0,0.0,0.0,0.0,0.0,0.0,0.0,0.0,0.0,0.0,0.0,0.0,0.0,0.0,0.0,0.0,0.0,0.0,0.0,0.0,0.0,0.0,0.0,0.0,0.0,0.0,0.0,0.0,0.0,0.0,0.0,0.0,0.0,0.0,0.0,0.0,0.0,0.0,0.0,0.0,0.0,0.0,0.0,0.0,0.0,0.0,0.0,0.0,0.0,0.0,0.0,0.0,0.0,0.0,0.0,0.0,0.0,0.0,0.0,0.0,0.0,0.0
2017-05-27 03:15:00+02:00,0.0,0.0,0.0,0.0,0.0,0.0,0.0,0.0,0.0,0.0,0.0,0.0,0.0,0.0,0.0,0.0,0.0,0.0,0.0,0.0,0.0,0.0,0.0,0.0,0.0,0.0,0.0,0.0,0.0,0.0,0.0,0.0,0.0,0.0,0.0,0.0,0.0,0.0,0.0,0.0,0.0,0.0,0.0,0.0,0.0,0.0,0.0,0.0,0.0,0.0,0.0,0.0,0.0,0.0,0.0,0.0,0.0,0.0,0.0,0.0,0.0,0.0,0.0,0.0,0.0,0.0,0.0,0.0,0.0,0.0,0.0,0.0,0.0,0.0,0.0,0.0,0.0,0.0,0.0,0.0,0.0,0.0,0.0,0.0,0.0,0.0,0.0,0.0,0.0,0.0,0.0,0.0,0.0,0.0,0.0,0.0,0.0,0.0,0.0,0.0,0.0,0.0,0.0,0.0,0.0,0.0,0.0,0.0,0.0,0.0,0.0,0.0,0.0,0.0,0.0,0.0,0.0,0.0
2017-05-27 03:16:00+02:00,0.0,0.0,0.0,0.0,0.0,0.0,0.0,0.0,0.0,0.0,0.0,0.0,0.0,0.0,0.0,0.0,0.0,0.0,0.0,0.0,0.0,0.0,0.0,0.0,0.0,0.0,0.0,0.0,0.0,0.0,0.0,0.0,0.0,0.0,0.0,0.0,0.0,0.0,0.0,0.0,0.0,0.0,0.0,0.0,0.0,0.0,0.0,0.0,0.0,0.0,0.0,0.0,0.0,0.0,0.0,0.0,0.0,0.0,0.0,0.0,0.0,0.0,0.0,0.0,0.0,0.0,0.0,0.0,0.0,0.0,0.0,0.0,0.0,0.0,0.0,0.0,0.0,0.0,0.0,0.0,0.0,0.0,0.0,0.0,0.0,0.0,0.0,0.0,0.0,0.0,0.0,0.0,0.0,0.0,0.0,0.0,0.0,0.0,0.0,0.0,0.0,0.0,0.0,0.0,0.0,0.0,0.0,0.0,0.0,0.0,0.0,0.0,0.0,0.0,0.0,0.0,0.0,0.0
2017-05-27 03:17:00+02:00,0.0,0.0,0.0,0.0,0.0,0.0,0.0,0.0,0.0,0.0,0.0,0.0,0.0,0.0,0.0,0.0,0.0,0.0,0.0,0.0,0.0,0.0,0.0,0.0,0.0,0.0,0.0,0.0,0.0,0.0,0.0,0.0,0.0,0.0,0.0,0.0,0.0,0.0,0.0,0.0,0.0,0.0,0.0,0.0,0.0,0.0,0.0,0.0,0.0,0.0,0.0,0.0,0.0,0.0,0.0,0.0,0.0,0.0,0.0,0.0,0.0,0.0,0.0,0.0,0.0,0.0,0.0,0.0,0.0,0.0,0.0,0.0,0.0,0.0,0.0,0.0,0.0,0.0,0.0,0.0,0.0,0.0,0.0,0.0,0.0,0.0,0.0,0.0,0.0,0.0,0.0,0.0,0.0,0.0,0.0,0.0,0.0,0.0,0.0,0.0,0.0,0.0,0.0,0.0,0.0,0.0,0.0,0.0,0.0,0.0,0.0,0.0,0.0,0.0,0.0,0.0,0.0,0.0
2017-05-27 03:18:00+02:00,0.0,0.0,0.0,0.0,0.0,0.0,0.0,0.0,0.0,0.0,0.0,0.0,0.0,0.0,0.0,0.0,0.0,0.0,0.0,0.0,0.0,0.0,0.0,0.0,0.0,0.0,0.0,0.0,0.0,0.0,0.0,0.0,0.0,0.0,0.0,0.0,0.0,0.0,0.0,0.0,0.0,0.0,0.0,0.0,0.0,0.0,0.0,0.0,0.0,0.0,0.0,0.0,0.0,0.0,0.0,0.0,0.0,0.0,0.0,0.0,0.0,0.0,0.0,0.0,0.0,0.0,0.0,0.0,0.0,0.0,0.0,0.0,0.0,0.0,0.0,0.0,0.0,0.0,0.0,0.0,0.0,0.0,0.0,0.0,0.0,0.0,0.0,0.0,0.0,0.0,0.0,0.0,0.0,0.0,0.0,0.0,0.0,0.0,0.0,0.0,0.0,0.0,0.0,0.0,0.0,0.0,0.0,0.0,0.0,0.0,0.0,0.0,0.0,0.0,0.0,0.0,0.0,0.0
2017-05-27 03:19:00+02:00,0.0,0.0,0.0,0.0,0.0,0.0,0.0,0.0,0.0,0.0,0.0,0.0,0.0,0.0,0.0,0.0,0.0,0.0,0.0,0.0,0.0,0.0,0.0,0.0,0.0,0.0,0.0,0.0,0.0,0.0,0.0,0.0,0.0,0.0,0.0,0.0,0.0,0.0,0.0,0.0,0.0,0.0,0.0,0.0,0.0,0.0,0.0,0.0,0.0,0.0,0.0,0.0,0.0,0.0,0.0,0.0,0.0,0.0,0.0,0.0,0.0,0.0,0.0,0.0,0.0,0.0,0.0,0.0,0.0,0.0,0.0,0.0,0.0,0.0,0.0,0.0,0.0,0.0,0.0,0.0,0.0,0.0,0.0,0.0,0.0,0.0,0.0,0.0,0.0,0.0,0.0,0.0,0.0,0.0,0.0,0.0,0.0,0.0,0.0,0.0,0.0,0.0,0.0,0.0,0.0,0.0,0.0,0.0,0.0,0.0,0.0,0.0,0.0,0.0,0.0,0.0,0.0,0.0
2017-05-27 03:20:00+02:00,0.0,0.0,0.0,0.0,0.0,0.0,0.0,0.0,0.0,0.0,0.0,0.0,0.0,0.0,0.0,0.0,0.0,0.0,0.0,0.0,0.0,0.0,0.0,0.0,0.0,0.0,0.0,0.0,0.0,0.0,0.0,0.0,0.0,0.0,0.0,0.0,0.0,0.0,0.0,0.0,0.0,0.0,0.0,0.0,0.0,0.0,0.0,0.0,0.0,0.0,0.0,0.0,0.0,0.0,0.0,0.0,0.0,0.0,0.0,0.0,0.0,0.0,0.0,0.0,0.0,0.0,0.0,0.0,0.0,0.0,0.0,0.0,0.0,0.0,0.0,0.0,0.0,0.0,0.0,0.0,0.0,0.0,0.0,0.0,0.0,0.0,0.0,0.0,0.0,0.0,0.0,0.0,0.0,0.0,0.0,0.0,0.0,0.0,0.0,0.0,0.0,0.0,0.0,0.0,0.0,0.0,0.0,0.0,0.0,0.0,0.0,0.0,0.0,0.0,0.0,0.0,0.0,0.0
2017-05-27 03:21:00+02:00,0.0,0.0,0.0,0.0,0.0,0.0,0.0,0.0,0.0,0.0,0.0,0.0,0.0,0.0,0.0,0.0,0.0,0.0,0.0,0.0,0.0,0.0,0.0,0.0,0.0,0.0,0.0,0.0,0.0,0.0,0.0,0.0,0.0,0.0,0.0,0.0,0.0,0.0,0.0,0.0,0.0,0.0,0.0,0.0,0.0,0.0,0.0,0.0,0.0,0.0,0.0,0.0,0.0,0.0,0.0,0.0,0.0,0.0,0.0,0.0,0.0,0.0,0.0,0.0,0.0,0.0,0.0,0.0,0.0,0.0,0.0,0.0,0.0,0.0,0.0,0.0,0.0,0.0,0.0,0.0,0.0,0.0,0.0,0.0,0.0,0.0,0.0,0.0,0.0,0.0,0.0,0.0,0.0,0.0,0.0,0.0,0.0,0.0,0.0,0.0,0.0,0.0,0.0,0.0,0.0,0.0,0.0,0.0,0.0,0.0,0.0,0.0,0.0,0.0,0.0,0.0,0.0,0.0
2017-05-27 03:22:00+02:00,0.0,0.0,0.0,0.0,0.0,0.0,0.0,0.0,0.0,0.0,0.0,0.0,0.0,0.0,0.0,0.0,0.0,0.0,0.0,0.0,0.0,0.0,0.0,0.0,0.0,0.0,0.0,0.0,0.0,0.0,0.0,0.0,0.0,0.0,0.0,0.0,0.0,0.0,0.0,0.0,0.0,0.0,0.0,0.0,0.0,0.0,0.0,0.0,0.0,0.0,0.0,0.0,0.0,0.0,0.0,0.0,0.0,0.0,0.0,0.0,0.0,0.0,0.0,0.0,0.0,0.0,0.0,0.0,0.0,0.0,0.0,0.0,0.0,0.0,0.0,0.0,0.0,0.0,0.0,0.0,0.0,0.0,0.0,0.0,0.0,0.0,0.0,0.0,0.0,0.0,0.0,0.0,0.0,0.0,0.0,0.0,0.0,0.0,0.0,0.0,0.0,0.0,0.0,0.0,0.0,0.0,0.0,0.0,0.0,0.0,0.0,0.0,0.0,0.0,0.0,0.0,0.0,0.0
2017-05-27 03:23:00+02:00,0.0,0.0,0.0,0.0,0.0,0.0,0.0,0.0,0.0,0.0,0.0,0.0,0.0,0.0,0.0,0.0,0.0,0.0,0.0,0.0,0.0,0.0,0.0,0.0,0.0,0.0,0.0,0.0,0.0,0.0,0.0,0.0,0.0,0.0,0.0,0.0,0.0,0.0,0.0,0.0,0.0,0.0,0.0,0.0,0.0,0.0,0.0,0.0,0.0,0.0,0.0,0.0,0.0,0.0,0.0,0.0,0.0,0.0,0.0,0.0,0.0,0.0,0.0,0.0,0.0,0.0,0.0,0.0,0.0,0.0,0.0,0.0,0.0,0.0,0.0,0.0,0.0,0.0,0.0,0.0,0.0,0.0,0.0,0.0,0.0,0.0,0.0,0.0,0.0,0.0,0.0,0.0,0.0,0.0,0.0,0.0,0.0,0.0,0.0,0.0,0.0,0.0,0.0,0.0,0.0,0.0,0.0,0.0,0.0,0.0,0.0,0.0,0.0,0.0,0.0,0.0,0.0,0.0
2017-05-27 03:24:00+02:00,0.0,0.0,0.0,0.0,0.0,0.0,0.0,0.0,0.0,0.0,0.0,0.0,0.0,0.0,0.0,0.0,0.0,0.0,0.0,0.0,0.0,0.0,0.0,0.0,0.0,0.0,0.0,0.0,0.0,0.0,0.0,0.0,0.0,0.0,0.0,0.0,0.0,0.0,0.0,0.0,0.0,0.0,0.0,0.0,0.0,0.0,0.0,0.0,0.0,0.0,0.0,0.0,0.0,0.0,0.0,0.0,0.0,0.0,0.0,0.0,0.0,0.0,0.0,0.0,0.0,0.0,0.0,0.0,0.0,0.0,0.0,0.0,0.0,0.0,0.0,0.0,0.0,0.0,0.0,0.0,0.0,0.0,0.0,0.0,0.0,0.0,0.0,0.0,0.0,0.0,0.0,0.0,0.0,0.0,0.0,0.0,0.0,0.0,0.0,0.0,0.0,0.0,0.0,0.0,0.0,0.0,0.0,0.0,0.0,0.0,0.0,0.0,0.0,0.0,0.0,0.0,0.0,0.0
2017-05-27 03:25:00+02:00,0.0,0.0,0.0,0.0,0.0,0.0,0.0,0.0,0.0,0.0,0.0,0.0,0.0,0.0,0.0,0.0,0.0,0.0,0.0,0.0,0.0,0.0,0.0,0.0,0.0,0.0,0.0,0.0,0.0,0.0,0.0,0.0,0.0,0.0,0.0,0.0,0.0,0.0,0.0,0.0,0.0,0.0,0.0,0.0,0.0,0.0,0.0,0.0,0.0,0.0,0.0,0.0,0.0,0.0,0.0,0.0,0.0,0.0,0.0,0.0,0.0,0.0,0.0,0.0,0.0,0.0,0.0,0.0,0.0,0.0,0.0,0.0,0.0,0.0,0.0,0.0,0.0,0.0,0.0,0.0,0.0,0.0,0.0,0.0,0.0,0.0,0.0,0.0,0.0,0.0,0.0,0.0,0.0,0.0,0.0,0.0,0.0,0.0,0.0,0.0,0.0,0.0,0.0,0.0,0.0,0.0,0.0,0.0,0.0,0.0,0.0,0.0,0.0,0.0,0.0,0.0,0.0,0.0
2017-05-27 03:26:00+02:00,0.0,0.0,0.0,0.0,0.0,0.0,0.0,0.0,0.0,0.0,0.0,0.0,0.0,0.0,0.0,0.0,0.0,0.0,0.0,0.0,0.0,0.0,0.0,0.0,0.0,0.0,0.0,0.0,0.0,0.0,0.0,0.0,0.0,0.0,0.0,0.0,0.0,0.0,0.0,0.0,0.0,0.0,0.0,0.0,0.0,0.0,0.0,0.0,0.0,0.0,0.0,0.0,0.0,0.0,0.0,0.0,0.0,0.0,0.0,0.0,0.0,0.0,0.0,0.0,0.0,0.0,0.0,0.0,0.0,0.0,0.0,0.0,0.0,0.0,0.0,0.0,0.0,0.0,0.0,0.0,0.0,0.0,0.0,0.0,0.0,0.0,0.0,0.0,0.0,0.0,0.0,0.0,0.0,0.0,0.0,0.0,0.0,0.0,0.0,0.0,0.0,0.0,0.0,0.0,0.0,0.0,0.0,0.0,0.0,0.0,0.0,0.0,0.0,0.0,0.0,0.0,0.0,0.0
2017-05-27 03:27:00+02:00,0.0,0.0,0.0,0.0,0.0,0.0,0.0,0.0,0.0,0.0,0.0,0.0,0.0,0.0,0.0,0.0,0.0,0.0,0.0,0.0,0.0,0.0,0.0,0.0,0.0,0.0,0.0,0.0,0.0,0.0,0.0,0.0,0.0,0.0,0.0,0.0,0.0,0.0,0.0,0.0,0.0,0.0,0.0,0.0,0.0,0.0,0.0,0.0,0.0,0.0,0.0,0.0,0.0,0.0,0.0,0.0,0.0,0.0,0.0,0.0,0.0,0.0,0.0,0.0,0.0,0.0,0.0,0.0,0.0,0.0,0.0,0.0,0.0,0.0,0.0,0.0,0.0,0.0,0.0,0.0,0.0,0.0,0.0,0.0,0.0,0.0,0.0,0.0,0.0,0.0,0.0,0.0,0.0,0.0,0.0,0.0,0.0,0.0,0.0,0.0,0.0,0.0,0.0,0.0,0.0,0.0,0.0,0.0,0.0,0.0,0.0,0.0,0.0,0.0,0.0,0.0,0.0,0.0
2017-05-27 03:28:00+02:00,0.0,0.0,0.0,0.0,0.0,0.0,0.0,0.0,0.0,0.0,0.0,0.0,0.0,0.0,0.0,0.0,0.0,0.0,0.0,0.0,0.0,0.0,0.0,0.0,0.0,0.0,0.0,0.0,0.0,0.0,0.0,0.0,0.0,0.0,0.0,0.0,0.0,0.0,0.0,0.0,0.0,0.0,0.0,0.0,0.0,0.0,0.0,0.0,0.0,0.0,0.0,0.0,0.0,0.0,0.0,0.0,0.0,0.0,0.0,0.0,0.0,0.0,0.0,0.0,0.0,0.0,0.0,0.0,0.0,0.0,0.0,0.0,0.0,0.0,0.0,0.0,0.0,0.0,0.0,0.0,0.0,0.0,0.0,0.0,0.0,0.0,0.0,0.0,0.0,0.0,0.0,0.0,0.0,0.0,0.0,0.0,0.0,0.0,0.0,0.0,0.0,0.0,0.0,0.0,0.0,0.0,0.0,0.0,0.0,0.0,0.0,0.0,0.0,0.0,0.0,0.0,0.0,0.0
2017-05-27 03:29:00+02:00,0.0,0.0,0.0,0.0,0.0,0.0,0.0,0.0,0.0,0.0,0.0,0.0,0.0,0.0,0.0,0.0,0.0,0.0,0.0,0.0,0.0,0.0,0.0,0.0,0.0,0.0,0.0,0.0,0.0,0.0,0.0,0.0,0.0,0.0,0.0,0.0,0.0,0.0,0.0,0.0,0.0,0.0,0.0,0.0,0.0,0.0,0.0,0.0,0.0,0.0,0.0,0.0,0.0,0.0,0.0,0.0,0.0,0.0,0.0,0.0,0.0,0.0,0.0,0.0,0.0,0.0,0.0,0.0,0.0,0.0,0.0,0.0,0.0,0.0,0.0,0.0,0.0,0.0,0.0,0.0,0.0,0.0,0.0,0.0,0.0,0.0,0.0,0.0,0.0,0.0,0.0,0.0,0.0,0.0,0.0,0.0,0.0,0.0,0.0,0.0,0.0,0.0,0.0,0.0,0.0,0.0,0.0,0.0,0.0,0.0,0.0,0.0,0.0,0.0,0.0,0.0,0.0,0.0
2017-05-27 03:30:00+02:00,0.0,0.0,0.0,0.0,0.0,0.0,0.0,0.0,0.0,0.0,0.0,0.0,0.0,0.0,0.0,0.0,0.0,0.0,0.0,0.0,0.0,0.0,0.0,0.0,0.0,0.0,0.0,0.0,0.0,0.0,0.0,0.0,0.0,0.0,0.0,0.0,0.0,0.0,0.0,0.0,0.0,0.0,0.0,0.0,0.0,0.0,0.0,0.0,0.0,0.0,0.0,0.0,0.0,0.0,0.0,0.0,0.0,0.0,0.0,0.0,0.0,0.0,0.0,0.0,0.0,0.0,0.0,0.0,0.0,0.0,0.0,0.0,0.0,0.0,0.0,0.0,0.0,0.0,0.0,0.0,0.0,0.0,0.0,0.0,0.0,0.0,0.0,0.0,0.0,0.0,0.0,0.0,0.0,0.0,0.0,0.0,0.0,0.0,0.0,0.0,0.0,0.0,0.0,0.0,0.0,0.0,0.0,0.0,0.0,0.0,0.0,0.0,0.0,0.0,0.0,0.0,0.0,0.0
2017-05-27 03:31:00+02:00,0.0,0.0,0.0,0.0,0.0,0.0,0.0,0.0,0.0,0.0,0.0,0.0,0.0,0.0,0.0,0.0,0.0,0.0,0.0,0.0,0.0,0.0,0.0,0.0,0.0,0.0,0.0,0.0,0.0,0.0,0.0,0.0,0.0,0.0,0.0,0.0,0.0,0.0,0.0,0.0,0.0,0.0,0.0,0.0,0.0,0.0,0.0,0.0,0.0,0.0,0.0,0.0,0.0,0.0,0.0,0.0,0.0,0.0,0.0,0.0,0.0,0.0,0.0,0.0,0.0,0.0,0.0,0.0,0.0,0.0,0.0,0.0,0.0,0.0,0.0,0.0,0.0,0.0,0.0,0.0,0.0,0.0,0.0,0.0,0.0,0.0,0.0,0.0,0.0,0.0,0.0,0.0,0.0,0.0,0.0,0.0,0.0,0.0,0.0,0.0,0.0,0.0,0.0,0.0,0.0,0.0,0.0,0.0,0.0,0.0,0.0,0.0,0.0,0.0,0.0,0.0,0.0,0.0
2017-05-27 03:32:00+02:00,0.0,0.0,0.0,0.0,0.0,0.0,0.0,0.0,0.0,0.0,0.0,0.0,0.0,0.0,0.0,0.0,0.0,0.0,0.0,0.0,0.0,0.0,0.0,0.0,0.0,0.0,0.0,0.0,0.0,0.0,0.0,0.0,0.0,0.0,0.0,0.0,0.0,0.0,0.0,0.0,0.0,0.0,0.0,0.0,0.0,0.0,0.0,0.0,0.0,0.0,0.0,0.0,0.0,0.0,0.0,0.0,0.0,0.0,0.0,0.0,0.0,0.0,0.0,0.0,0.0,0.0,0.0,0.0,0.0,0.0,0.0,0.0,0.0,0.0,0.0,0.0,0.0,0.0,0.0,0.0,0.0,0.0,0.0,0.0,0.0,0.0,0.0,0.0,0.0,0.0,0.0,0.0,0.0,0.0,0.0,0.0,0.0,0.0,0.0,0.0,0.0,0.0,0.0,0.0,0.0,0.0,0.0,0.0,0.0,0.0,0.0,0.0,0.0,0.0,0.0,0.0,0.0,0.0
2017-05-27 03:33:00+02:00,0.0,0.0,0.0,0.0,0.0,0.0,0.0,0.0,0.0,0.0,0.0,0.0,0.0,0.0,0.0,0.0,0.0,0.0,0.0,0.0,0.0,0.0,0.0,0.0,0.0,0.0,0.0,0.0,0.0,0.0,0.0,0.0,0.0,0.0,0.0,0.0,0.0,0.0,0.0,0.0,0.0,0.0,0.0,0.0,0.0,0.0,0.0,0.0,0.0,0.0,0.0,0.0,0.0,0.0,0.0,0.0,0.0,0.0,0.0,0.0,0.0,0.0,0.0,0.0,0.0,0.0,0.0,0.0,0.0,0.0,0.0,0.0,0.0,0.0,0.0,0.0,0.0,0.0,0.0,0.0,0.0,0.0,0.0,0.0,0.0,0.0,0.0,0.0,0.0,0.0,0.0,0.0,0.0,0.0,0.0,0.0,0.0,0.0,0.0,0.0,0.0,0.0,0.0,0.0,0.0,0.0,0.0,0.0,0.0,0.0,0.0,0.0,0.0,0.0,0.0,0.0,0.0,0.0
2017-05-27 03:34:00+02:00,0.0,0.0,0.0,0.0,0.0,0.0,0.0,0.0,0.0,0.0,0.0,0.0,0.0,0.0,0.0,0.0,0.0,0.0,0.0,0.0,0.0,0.0,0.0,0.0,0.0,0.0,0.0,0.0,0.0,0.0,0.0,0.0,0.0,0.0,0.0,0.0,0.0,0.0,0.0,0.0,0.0,0.0,0.0,0.0,0.0,0.0,0.0,0.0,0.0,0.0,0.0,0.0,0.0,0.0,0.0,0.0,0.0,0.0,0.0,0.0,0.0,0.0,0.0,0.0,0.0,0.0,0.0,0.0,0.0,0.0,0.0,0.0,0.0,0.0,0.0,0.0,0.0,0.0,0.0,0.0,0.0,0.0,0.0,0.0,0.0,0.0,0.0,0.0,0.0,0.0,0.0,0.0,0.0,0.0,0.0,0.0,0.0,0.0,0.0,0.0,0.0,0.0,0.0,0.0,0.0,0.0,0.0,0.0,0.0,0.0,0.0,0.0,0.0,0.0,0.0,0.0,0.0,0.0
2017-05-27 03:35:00+02:00,0.0,0.0,0.0,0.0,0.0,0.0,0.0,0.0,0.0,0.0,0.0,0.0,0.0,0.0,0.0,0.0,0.0,0.0,0.0,0.0,0.0,0.0,0.0,0.0,0.0,0.0,0.0,0.0,0.0,0.0,0.0,0.0,0.0,0.0,0.0,0.0,0.0,0.0,0.0,0.0,0.0,0.0,0.0,0.0,0.0,0.0,0.0,0.0,0.0,0.0,0.0,0.0,0.0,0.0,0.0,0.0,0.0,0.0,0.0,0.0,0.0,0.0,0.0,0.0,0.0,0.0,0.0,0.0,0.0,0.0,0.0,0.0,0.0,0.0,0.0,0.0,0.0,0.0,0.0,0.0,0.0,0.0,0.0,0.0,0.0,0.0,0.0,0.0,0.0,0.0,0.0,0.0,0.0,0.0,0.0,0.0,0.0,0.0,0.0,0.0,0.0,0.0,0.0,0.0,0.0,0.0,0.0,0.0,0.0,0.0,0.0,0.0,0.0,0.0,0.0,0.0,0.0,0.0
2017-05-27 03:36:00+02:00,0.0,0.0,0.0,0.0,0.0,0.0,0.0,0.0,0.0,0.0,0.0,0.0,0.0,0.0,0.0,0.0,0.0,0.0,0.0,0.0,0.0,0.0,0.0,0.0,0.0,0.0,0.0,0.0,0.0,0.0,0.0,0.0,0.0,0.0,0.0,0.0,0.0,0.0,0.0,0.0,0.0,0.0,0.0,0.0,0.0,0.0,0.0,0.0,0.0,0.0,0.0,0.0,0.0,0.0,0.0,0.0,0.0,0.0,0.0,0.0,0.0,0.0,0.0,0.0,0.0,0.0,0.0,0.0,0.0,0.0,0.0,0.0,0.0,0.0,0.0,0.0,0.0,0.0,0.0,0.0,0.0,0.0,0.0,0.0,0.0,0.0,0.0,0.0,0.0,0.0,0.0,0.0,0.0,0.0,0.0,0.0,0.0,0.0,0.0,0.0,0.0,0.0,0.0,0.0,0.0,0.0,0.0,0.0,0.0,0.0,0.0,0.0,0.0,0.0,0.0,0.0,0.0,0.0
2017-05-27 03:37:00+02:00,0.0,0.0,0.0,0.0,0.0,0.0,0.0,0.0,0.0,0.0,0.0,0.0,0.0,0.0,0.0,0.0,0.0,0.0,0.0,0.0,0.0,0.0,0.0,0.0,0.0,0.0,0.0,0.0,0.0,0.0,0.0,0.0,0.0,0.0,0.0,0.0,0.0,0.0,0.0,0.0,0.0,0.0,0.0,0.0,0.0,0.0,0.0,0.0,0.0,0.0,0.0,0.0,0.0,0.0,0.0,0.0,0.0,0.0,0.0,0.0,0.0,0.0,0.0,0.0,0.0,0.0,0.0,0.0,0.0,0.0,0.0,0.0,0.0,0.0,0.0,0.0,0.0,0.0,0.0,0.0,0.0,0.0,0.0,0.0,0.0,0.0,0.0,0.0,0.0,0.0,0.0,0.0,0.0,0.0,0.0,0.0,0.0,0.0,0.0,0.0,0.0,0.0,0.0,0.0,0.0,0.0,0.0,0.0,0.0,0.0,0.0,0.0,0.0,0.0,0.0,0.0,0.0,0.0
2017-05-27 03:38:00+02:00,0.0,0.0,0.0,0.0,0.0,0.0,0.0,0.0,0.0,0.0,0.0,0.0,0.0,0.0,0.0,0.0,0.0,0.0,0.0,0.0,0.0,0.0,0.0,0.0,0.0,0.0,0.0,0.0,0.0,0.0,0.0,0.0,0.0,0.0,0.0,0.0,0.0,0.0,0.0,0.0,0.0,0.0,0.0,0.0,0.0,0.0,0.0,0.0,0.0,0.0,0.0,0.0,0.0,0.0,0.0,0.0,0.0,0.0,0.0,0.0,0.0,0.0,0.0,0.0,0.0,0.0,0.0,0.0,0.0,0.0,0.0,0.0,0.0,0.0,0.0,0.0,0.0,0.0,0.0,0.0,0.0,0.0,0.0,0.0,0.0,0.0,0.0,0.0,0.0,0.0,0.0,0.0,0.0,0.0,0.0,0.0,0.0,0.0,0.0,0.0,0.0,0.0,0.0,0.0,0.0,0.0,0.0,0.0,0.0,0.0,0.0,0.0,0.0,0.0,0.0,0.0,0.0,0.0
2017-05-27 03:39:00+02:00,0.0,0.0,0.0,0.0,0.0,0.0,0.0,0.0,0.0,0.0,0.0,0.0,0.0,0.0,0.0,0.0,0.0,0.0,0.0,0.0,0.0,0.0,0.0,0.0,0.0,0.0,0.0,0.0,0.0,0.0,0.0,0.0,0.0,0.0,0.0,0.0,0.0,0.0,0.0,0.0,0.0,0.0,0.0,0.0,0.0,0.0,0.0,0.0,0.0,0.0,0.0,0.0,0.0,0.0,0.0,0.0,0.0,0.0,0.0,0.0,0.0,0.0,0.0,0.0,0.0,0.0,0.0,0.0,0.0,0.0,0.0,0.0,0.0,0.0,0.0,0.0,0.0,0.0,0.0,0.0,0.0,0.0,0.0,0.0,0.0,0.0,0.0,0.0,0.0,0.0,0.0,0.0,0.0,0.0,0.0,0.0,0.0,0.0,0.0,0.0,0.0,0.0,0.0,0.0,0.0,0.0,0.0,0.0,0.0,0.0,0.0,0.0,0.0,0.0,0.0,0.0,0.0,0.0
2017-05-27 03:40:00+02:00,0.0,0.0,0.0,0.0,0.0,0.0,0.0,0.0,0.0,0.0,0.0,0.0,0.0,0.0,0.0,0.0,0.0,0.0,0.0,0.0,0.0,0.0,0.0,0.0,0.0,0.0,0.0,0.0,0.0,0.0,0.0,0.0,0.0,0.0,0.0,0.0,0.0,0.0,0.0,0.0,0.0,0.0,0.0,0.0,0.0,0.0,0.0,0.0,0.0,0.0,0.0,0.0,0.0,0.0,0.0,0.0,0.0,0.0,0.0,0.0,0.0,0.0,0.0,0.0,0.0,0.0,0.0,0.0,0.0,0.0,0.0,0.0,0.0,0.0,0.0,0.0,0.0,0.0,0.0,0.0,0.0,0.0,0.0,0.0,0.0,0.0,0.0,0.0,0.0,0.0,0.0,0.0,0.0,0.0,0.0,0.0,0.0,0.0,0.0,0.0,0.0,0.0,0.0,0.0,0.0,0.0,0.0,0.0,0.0,0.0,0.0,0.0,0.0,0.0,0.0,0.0,0.0,0.0
2017-05-27 03:41:00+02:00,0.0,0.0,0.0,0.0,0.0,0.0,0.0,0.0,0.0,0.0,0.0,0.0,0.0,0.0,0.0,0.0,0.0,0.0,0.0,0.0,0.0,0.0,0.0,0.0,0.0,0.0,0.0,0.0,0.0,0.0,0.0,0.0,0.0,0.0,0.0,0.0,0.0,0.0,0.0,0.0,0.0,0.0,0.0,0.0,0.0,0.0,0.0,0.0,0.0,0.0,0.0,0.0,0.0,0.0,0.0,0.0,0.0,0.0,0.0,0.0,0.0,0.0,0.0,0.0,0.0,0.0,0.0,0.0,0.0,0.0,0.0,0.0,0.0,0.0,0.0,0.0,0.0,0.0,0.0,0.0,0.0,0.0,0.0,0.0,0.0,0.0,0.0,0.0,0.0,0.0,0.0,0.0,0.0,0.0,0.0,0.0,0.0,0.0,0.0,0.0,0.0,0.0,0.0,0.0,0.0,0.0,0.0,0.0,0.0,0.0,0.0,0.0,0.0,0.0,0.0,0.0,0.0,0.0
2017-05-27 03:42:00+02:00,0.0,0.0,0.0,0.0,0.0,0.0,0.0,0.0,0.0,0.0,0.0,0.0,0.0,0.0,0.0,0.0,0.0,0.0,0.0,0.0,0.0,0.0,0.0,0.0,0.0,0.0,0.0,0.0,0.0,0.0,0.0,0.0,0.0,0.0,0.0,0.0,0.0,0.0,0.0,0.0,0.0,0.0,0.0,0.0,0.0,0.0,0.0,0.0,0.0,0.0,0.0,0.0,0.0,0.0,0.0,0.0,0.0,0.0,0.0,0.0,0.0,0.0,0.0,0.0,0.0,0.0,0.0,0.0,0.0,0.0,0.0,0.0,0.0,0.0,0.0,0.0,0.0,0.0,0.0,0.0,0.0,0.0,0.0,0.0,0.0,0.0,0.0,0.0,0.0,0.0,0.0,0.0,0.0,0.0,0.0,0.0,0.0,0.0,0.0,0.0,0.0,0.0,0.0,0.0,0.0,0.0,0.0,0.0,0.0,0.0,0.0,0.0,0.0,0.0,0.0,0.0,0.0,0.0
2017-05-27 03:43:00+02:00,0.0,0.0,0.0,0.0,0.0,0.0,0.0,0.0,0.0,0.0,0.0,0.0,0.0,0.0,0.0,0.0,0.0,0.0,0.0,0.0,0.0,0.0,0.0,0.0,0.0,0.0,0.0,0.0,0.0,0.0,0.0,0.0,0.0,0.0,0.0,0.0,0.0,0.0,0.0,0.0,0.0,0.0,0.0,0.0,0.0,0.0,0.0,0.0,0.0,0.0,0.0,0.0,0.0,0.0,0.0,0.0,0.0,0.0,0.0,0.0,0.0,0.0,0.0,0.0,0.0,0.0,0.0,0.0,0.0,0.0,0.0,0.0,0.0,0.0,0.0,0.0,0.0,0.0,0.0,0.0,0.0,0.0,0.0,0.0,0.0,0.0,0.0,0.0,0.0,0.0,0.0,0.0,0.0,0.0,0.0,0.0,0.0,0.0,0.0,0.0,0.0,0.0,0.0,0.0,0.0,0.0,0.0,0.0,0.0,0.0,0.0,0.0,0.0,0.0,0.0,0.0,0.0,0.0
2017-05-27 03:44:00+02:00,0.0,0.0,0.0,0.0,0.0,0.0,0.0,0.0,0.0,0.0,0.0,0.0,0.0,0.0,0.0,0.0,0.0,0.0,0.0,0.0,0.0,0.0,0.0,0.0,0.0,0.0,0.0,0.0,0.0,0.0,0.0,0.0,0.0,0.0,0.0,0.0,0.0,0.0,0.0,0.0,0.0,0.0,0.0,0.0,0.0,0.0,0.0,0.0,0.0,0.0,0.0,0.0,0.0,0.0,0.0,0.0,0.0,0.0,0.0,0.0,0.0,0.0,0.0,0.0,0.0,0.0,0.0,0.0,0.0,0.0,0.0,0.0,0.0,0.0,0.0,0.0,0.0,0.0,0.0,0.0,0.0,0.0,0.0,0.0,0.0,0.0,0.0,0.0,0.0,0.0,0.0,0.0,0.0,0.0,0.0,0.0,0.0,0.0,0.0,0.0,0.0,0.0,0.0,0.0,0.0,0.0,0.0,0.0,0.0,0.0,0.0,0.0,0.0,0.0,0.0,0.0,0.0,0.0
2017-05-27 03:45:00+02:00,0.0,0.0,0.0,0.0,0.0,0.0,0.0,0.0,0.0,0.0,0.0,0.0,0.0,0.0,0.0,0.0,0.0,0.0,0.0,0.0,0.0,0.0,0.0,0.0,0.0,0.0,0.0,0.0,0.0,0.0,0.0,0.0,0.0,0.0,0.0,0.0,0.0,0.0,0.0,0.0,0.0,0.0,0.0,0.0,0.0,0.0,0.0,0.0,0.0,0.0,0.0,0.0,0.0,0.0,0.0,0.0,0.0,0.0,0.0,0.0,0.0,0.0,0.0,0.0,0.0,0.0,0.0,0.0,0.0,0.0,0.0,0.0,0.0,0.0,0.0,0.0,0.0,0.0,0.0,0.0,0.0,0.0,0.0,0.0,0.0,0.0,0.0,0.0,0.0,0.0,0.0,0.0,0.0,0.0,0.0,0.0,0.0,0.0,0.0,0.0,0.0,0.0,0.0,0.0,0.0,0.0,0.0,0.0,0.0,0.0,0.0,0.0,0.0,0.0,0.0,0.0,0.0,0.0
2017-05-27 03:46:00+02:00,0.0,0.0,0.0,0.0,0.0,0.0,0.0,0.0,0.0,0.0,0.0,0.0,0.0,0.0,0.0,0.0,0.0,0.0,0.0,0.0,0.0,0.0,0.0,0.0,0.0,0.0,0.0,0.0,0.0,0.0,0.0,0.0,0.0,0.0,0.0,0.0,0.0,0.0,0.0,0.0,0.0,0.0,0.0,0.0,0.0,0.0,0.0,0.0,0.0,0.0,0.0,0.0,0.0,0.0,0.0,0.0,0.0,0.0,0.0,0.0,0.0,0.0,0.0,0.0,0.0,0.0,0.0,0.0,0.0,0.0,0.0,0.0,0.0,0.0,0.0,0.0,0.0,0.0,0.0,0.0,0.0,0.0,0.0,0.0,0.0,0.0,0.0,0.0,0.0,0.0,0.0,0.0,0.0,0.0,0.0,0.0,0.0,0.0,0.0,0.0,0.0,0.0,0.0,0.0,0.0,0.0,0.0,0.0,0.0,0.0,0.0,0.0,0.0,0.0,0.0,0.0,0.0,0.0
2017-05-27 03:47:00+02:00,0.0,0.0,0.0,0.0,0.0,0.0,0.0,0.0,0.0,0.0,0.0,0.0,0.0,0.0,0.0,0.0,0.0,0.0,0.0,0.0,0.0,0.0,0.0,0.0,0.0,0.0,0.0,0.0,0.0,0.0,0.0,0.0,0.0,0.0,0.0,0.0,0.0,0.0,0.0,0.0,0.0,0.0,0.0,0.0,0.0,0.0,0.0,0.0,0.0,0.0,0.0,0.0,0.0,0.0,0.0,0.0,0.0,0.0,0.0,0.0,0.0,0.0,0.0,0.0,0.0,0.0,0.0,0.0,0.0,0.0,0.0,0.0,0.0,0.0,0.0,0.0,0.0,0.0,0.0,0.0,0.0,0.0,0.0,0.0,0.0,0.0,0.0,0.0,0.0,0.0,0.0,0.0,0.0,0.0,0.0,0.0,0.0,0.0,0.0,0.0,0.0,0.0,0.0,0.0,0.0,0.0,0.0,0.0,0.0,0.0,0.0,0.0,0.0,0.0,0.0,0.0,0.0,0.0
2017-05-27 03:48:00+02:00,0.0,0.0,0.0,0.0,0.0,0.0,0.0,0.0,0.0,0.0,0.0,0.0,0.0,0.0,0.0,0.0,0.0,0.0,0.0,0.0,0.0,0.0,0.0,0.0,0.0,0.0,0.0,0.0,0.0,0.0,0.0,0.0,0.0,0.0,0.0,0.0,0.0,0.0,0.0,0.0,0.0,0.0,0.0,0.0,0.0,0.0,0.0,0.0,0.0,0.0,0.0,0.0,0.0,0.0,0.0,0.0,0.0,0.0,0.0,0.0,0.0,0.0,0.0,0.0,0.0,0.0,0.0,0.0,0.0,0.0,0.0,0.0,0.0,0.0,0.0,0.0,0.0,0.0,0.0,0.0,0.0,0.0,0.0,0.0,0.0,0.0,0.0,0.0,0.0,0.0,0.0,0.0,0.0,0.0,0.0,0.0,0.0,0.0,0.0,0.0,0.0,0.0,0.0,0.0,0.0,0.0,0.0,0.0,0.0,0.0,0.0,0.0,0.0,0.0,0.0,0.0,0.0,0.0
2017-05-27 03:49:00+02:00,0.0,0.0,0.0,0.0,0.0,0.0,0.0,0.0,0.0,0.0,0.0,0.0,0.0,0.0,0.0,0.0,0.0,0.0,0.0,0.0,0.0,0.0,0.0,0.0,0.0,0.0,0.0,0.0,0.0,0.0,0.0,0.0,0.0,0.0,0.0,0.0,0.0,0.0,0.0,0.0,0.0,0.0,0.0,0.0,0.0,0.0,0.0,0.0,0.0,0.0,0.0,0.0,0.0,0.0,0.0,0.0,0.0,0.0,0.0,0.0,0.0,0.0,0.0,0.0,0.0,0.0,0.0,0.0,0.0,0.0,0.0,0.0,0.0,0.0,0.0,0.0,0.0,0.0,0.0,0.0,0.0,0.0,0.0,0.0,0.0,0.0,0.0,0.0,0.0,0.0,0.0,0.0,0.0,0.0,0.0,0.0,0.0,0.0,0.0,0.0,0.0,0.0,0.0,0.0,0.0,0.0,0.0,0.0,0.0,0.0,0.0,0.0,0.0,0.0,0.0,0.0,0.0,0.0
2017-05-27 03:50:00+02:00,0.0,0.0,0.0,0.0,0.0,0.0,0.0,0.0,0.0,0.0,0.0,0.0,0.0,0.0,0.0,0.0,0.0,0.0,0.0,0.0,0.0,0.0,0.0,0.0,0.0,0.0,0.0,0.0,0.0,0.0,0.0,0.0,0.0,0.0,0.0,0.0,0.0,0.0,0.0,0.0,0.0,0.0,0.0,0.0,0.0,0.0,0.0,0.0,0.0,0.0,0.0,0.0,0.0,0.0,0.0,0.0,0.0,0.0,0.0,0.0,0.0,0.0,0.0,0.0,0.0,0.0,0.0,0.0,0.0,0.0,0.0,0.0,0.0,0.0,0.0,0.0,0.0,0.0,0.0,0.0,0.0,0.0,0.0,0.0,0.0,0.0,0.0,0.0,0.0,0.0,0.0,0.0,0.0,0.0,0.0,0.0,0.0,0.0,0.0,0.0,0.0,0.0,0.0,0.0,0.0,0.0,0.0,0.0,0.0,0.0,0.0,0.0,0.0,0.0,0.0,0.0,0.0,0.0
2017-05-27 03:51:00+02:00,0.0,0.0,0.0,0.0,0.0,0.0,0.0,0.0,0.0,0.0,0.0,0.0,0.0,0.0,0.0,0.0,0.0,0.0,0.0,0.0,0.0,0.0,0.0,0.0,0.0,0.0,0.0,0.0,0.0,0.0,0.0,0.0,0.0,0.0,0.0,0.0,0.0,0.0,0.0,0.0,0.0,0.0,0.0,0.0,0.0,0.0,0.0,0.0,0.0,0.0,0.0,0.0,0.0,0.0,0.0,0.0,0.0,0.0,0.0,0.0,0.0,0.0,0.0,0.0,0.0,0.0,0.0,0.0,0.0,0.0,0.0,0.0,0.0,0.0,0.0,0.0,0.0,0.0,0.0,0.0,0.0,0.0,0.0,0.0,0.0,0.0,0.0,0.0,0.0,0.0,0.0,0.0,0.0,0.0,0.0,0.0,0.0,0.0,0.0,0.0,0.0,0.0,0.0,0.0,0.0,0.0,0.0,0.0,0.0,0.0,0.0,0.0,0.0,0.0,0.0,0.0,0.0,0.0
2017-05-27 03:52:00+02:00,0.0,0.0,0.0,0.0,0.0,0.0,0.0,0.0,0.0,0.0,0.0,0.0,0.0,0.0,0.0,0.0,0.0,0.0,0.0,0.0,0.0,0.0,0.0,0.0,0.0,0.0,0.0,0.0,0.0,0.0,0.0,0.0,0.0,0.0,0.0,0.0,0.0,0.0,0.0,0.0,0.0,0.0,0.0,0.0,0.0,0.0,0.0,0.0,0.0,0.0,0.0,0.0,0.0,0.0,0.0,0.0,0.0,0.0,0.0,0.0,0.0,0.0,0.0,0.0,0.0,0.0,0.0,0.0,0.0,0.0,0.0,0.0,0.0,0.0,0.0,0.0,0.0,0.0,0.0,0.0,0.0,0.0,0.0,0.0,0.0,0.0,0.0,0.0,0.0,0.0,0.0,0.0,0.0,0.0,0.0,0.0,0.0,0.0,0.0,0.0,0.0,0.0,0.0,0.0,0.0,0.0,0.0,0.0,0.0,0.0,0.0,0.0,0.0,0.0,0.0,0.0,0.0,0.0
2017-05-27 03:53:00+02:00,0.0,0.0,0.0,0.0,0.0,0.0,0.0,0.0,0.0,0.0,0.0,0.0,0.0,0.0,0.0,0.0,0.0,0.0,0.0,0.0,0.0,0.0,0.0,0.0,0.0,0.0,0.0,0.0,0.0,0.0,0.0,0.0,0.0,0.0,0.0,0.0,0.0,0.0,0.0,0.0,0.0,0.0,0.0,0.0,0.0,0.0,0.0,0.0,0.0,0.0,0.0,0.0,0.0,0.0,0.0,0.0,0.0,0.0,0.0,0.0,0.0,0.0,0.0,0.0,0.0,0.0,0.0,0.0,0.0,0.0,0.0,0.0,0.0,0.0,0.0,0.0,0.0,0.0,0.0,0.0,0.0,0.0,0.0,0.0,0.0,0.0,0.0,0.0,0.0,0.0,0.0,0.0,0.0,0.0,0.0,0.0,0.0,0.0,0.0,0.0,0.0,0.0,0.0,0.0,0.0,0.0,0.0,0.0,0.0,0.0,0.0,0.0,0.0,0.0,0.0,0.0,0.0,0.0
2017-05-27 03:54:00+02:00,0.0,0.0,0.0,0.0,0.0,0.0,0.0,0.0,0.0,0.0,0.0,0.0,0.0,0.0,0.0,0.0,0.0,0.0,0.0,0.0,0.0,0.0,0.0,0.0,0.0,0.0,0.0,0.0,0.0,0.0,0.0,0.0,0.0,0.0,0.0,0.0,0.0,0.0,0.0,0.0,0.0,0.0,0.0,0.0,0.0,0.0,0.0,0.0,0.0,0.0,0.0,0.0,0.0,0.0,0.0,0.0,0.0,0.0,0.0,0.0,0.0,0.0,0.0,0.0,0.0,0.0,0.0,0.0,0.0,0.0,0.0,0.0,0.0,0.0,0.0,0.0,0.0,0.0,0.0,0.0,0.0,0.0,0.0,0.0,0.0,0.0,0.0,0.0,0.0,0.0,0.0,0.0,0.0,0.0,0.0,0.0,0.0,0.0,0.0,0.0,0.0,0.0,0.0,0.0,0.0,0.0,0.0,0.0,0.0,0.0,0.0,0.0,0.0,0.0,0.0,0.0,0.0,0.0
2017-05-27 03:55:00+02:00,0.0,0.0,0.0,0.0,0.0,0.0,0.0,0.0,0.0,0.0,0.0,0.0,0.0,0.0,0.0,0.0,0.0,0.0,0.0,0.0,0.0,0.0,0.0,0.0,0.0,0.0,0.0,0.0,0.0,0.0,0.0,0.0,0.0,0.0,0.0,0.0,0.0,0.0,0.0,0.0,0.0,0.0,0.0,0.0,0.0,0.0,0.0,0.0,0.0,0.0,0.0,0.0,0.0,0.0,0.0,0.0,0.0,0.0,0.0,0.0,0.0,0.0,0.0,0.0,0.0,0.0,0.0,0.0,0.0,0.0,0.0,0.0,0.0,0.0,0.0,0.0,0.0,0.0,0.0,0.0,0.0,0.0,0.0,0.0,0.0,0.0,0.0,0.0,0.0,0.0,0.0,0.0,0.0,0.0,0.0,0.0,0.0,0.0,0.0,0.0,0.0,0.0,0.0,0.0,0.0,0.0,0.0,0.0,0.0,0.0,0.0,0.0,0.0,0.0,0.0,0.0,0.0,0.0
2017-05-27 03:56:00+02:00,0.0,0.0,0.0,0.0,0.0,0.0,0.0,0.0,0.0,0.0,0.0,0.0,0.0,0.0,0.0,0.0,0.0,0.0,0.0,0.0,0.0,0.0,0.0,0.0,0.0,0.0,0.0,0.0,0.0,0.0,0.0,0.0,0.0,0.0,0.0,0.0,0.0,0.0,0.0,0.0,0.0,0.0,0.0,0.0,0.0,0.0,0.0,0.0,0.0,0.0,0.0,0.0,0.0,0.0,0.0,0.0,0.0,0.0,0.0,0.0,0.0,0.0,0.0,0.0,0.0,0.0,0.0,0.0,0.0,0.0,0.0,0.0,0.0,0.0,0.0,0.0,0.0,0.0,0.0,0.0,0.0,0.0,0.0,0.0,0.0,0.0,0.0,0.0,0.0,0.0,0.0,0.0,0.0,0.0,0.0,0.0,0.0,0.0,0.0,0.0,0.0,0.0,0.0,0.0,0.0,0.0,0.0,0.0,0.0,0.0,0.0,0.0,0.0,0.0,0.0,0.0,0.0,0.0
2017-05-27 03:57:00+02:00,0.0,0.0,0.0,0.0,0.0,0.0,0.0,0.0,0.0,0.0,0.0,0.0,0.0,0.0,0.0,0.0,0.0,0.0,0.0,0.0,0.0,0.0,0.0,0.0,0.0,0.0,0.0,0.0,0.0,0.0,0.0,0.0,0.0,0.0,0.0,0.0,0.0,0.0,0.0,0.0,0.0,0.0,0.0,0.0,0.0,0.0,0.0,0.0,0.0,0.0,0.0,0.0,0.0,0.0,0.0,0.0,0.0,0.0,0.0,0.0,0.0,0.0,0.0,0.0,0.0,0.0,0.0,0.0,0.0,0.0,0.0,0.0,0.0,0.0,0.0,0.0,0.0,0.0,0.0,0.0,0.0,0.0,0.0,0.0,0.0,0.0,0.0,0.0,0.0,0.0,0.0,0.0,0.0,0.0,0.0,0.0,0.0,0.0,0.0,0.0,0.0,0.0,0.0,0.0,0.0,0.0,0.0,0.0,0.0,0.0,0.0,0.0,0.0,0.0,0.0,0.0,0.0,0.0
2017-05-27 03:58:00+02:00,0.0,0.0,0.0,0.0,0.0,0.0,0.0,0.0,0.0,0.0,0.0,0.0,0.0,0.0,0.0,0.0,0.0,0.0,0.0,0.0,0.0,0.0,0.0,0.0,0.0,0.0,0.0,0.0,0.0,0.0,0.0,0.0,0.0,0.0,0.0,0.0,0.0,0.0,0.0,0.0,0.0,0.0,0.0,0.0,0.0,0.0,0.0,0.0,0.0,0.0,0.0,0.0,0.0,0.0,0.0,0.0,0.0,0.0,0.0,0.0,0.0,0.0,0.0,0.0,0.0,0.0,0.0,0.0,0.0,0.0,0.0,0.0,0.0,0.0,0.0,0.0,0.0,0.0,0.0,0.0,0.0,0.0,0.0,0.0,0.0,0.0,0.0,0.0,0.0,0.0,0.0,0.0,0.0,0.0,0.0,0.0,0.0,0.0,0.0,0.0,0.0,0.0,0.0,0.0,0.0,0.0,0.0,0.0,0.0,0.0,0.0,0.0,0.0,0.0,0.0,0.0,0.0,0.0
2017-05-27 03:59:00+02:00,0.0,0.0,0.0,0.0,0.0,0.0,0.0,0.0,0.0,0.0,0.0,0.0,0.0,0.0,0.0,0.0,0.0,0.0,0.0,0.0,0.0,0.0,0.0,0.0,0.0,0.0,0.0,0.0,0.0,0.0,0.0,0.0,0.0,0.0,0.0,0.0,0.0,0.0,0.0,0.0,0.0,0.0,0.0,0.0,0.0,0.0,0.0,0.0,0.0,0.0,0.0,0.0,0.0,0.0,0.0,0.0,0.0,0.0,0.0,0.0,0.0,0.0,0.0,0.0,0.0,0.0,0.0,0.0,0.0,0.0,0.0,0.0,0.0,0.0,0.0,0.0,0.0,0.0,0.0,0.0,0.0,0.0,0.0,0.0,0.0,0.0,0.0,0.0,0.0,0.0,0.0,0.0,0.0,0.0,0.0,0.0,0.0,0.0,0.0,0.0,0.0,0.0,0.0,0.0,0.0,0.0,0.0,0.0,0.0,0.0,0.0,0.0,0.0,0.0,0.0,0.0,0.0,0.0
2017-05-27 04:00:00+02:00,0.0,0.0,0.0,0.0,0.0,0.0,0.0,0.0,0.0,0.0,0.0,0.0,0.0,0.0,0.0,0.0,0.0,0.0,0.0,0.0,0.0,0.0,0.0,0.0,0.0,0.0,0.0,0.0,0.0,0.0,0.0,0.0,0.0,0.0,0.0,0.0,0.0,0.0,0.0,0.0,0.0,0.0,0.0,0.0,0.0,0.0,0.0,0.0,0.0,0.0,0.0,0.0,0.0,0.0,0.0,0.0,0.0,0.0,0.0,0.0,0.0,0.0,0.0,0.0,0.0,0.0,0.0,0.0,0.0,0.0,0.0,0.0,0.0,0.0,0.0,0.0,0.0,0.0,0.0,0.0,0.0,0.0,0.0,0.0,0.0,0.0,0.0,0.0,0.0,0.0,0.0,0.0,0.0,0.0,0.0,0.0,0.0,0.0,0.0,0.0,0.0,0.0,0.0,0.0,0.0,0.0,0.0,0.0,0.0,0.0,0.0,0.0,0.0,0.0,0.0,0.0,0.0,0.0
2017-05-27 04:01:00+02:00,0.0,0.0,0.0,0.0,0.0,0.0,0.0,0.0,0.0,0.0,0.0,0.0,0.0,0.0,0.0,0.0,0.0,0.0,0.0,0.0,0.0,0.0,0.0,0.0,0.0,0.0,0.0,0.0,0.0,0.0,0.0,0.0,0.0,0.0,0.0,0.0,0.0,0.0,0.0,0.0,0.0,0.0,0.0,0.0,0.0,0.0,0.0,0.0,0.0,0.0,0.0,0.0,0.0,0.0,0.0,0.0,0.0,0.0,0.0,0.0,0.0,0.0,0.0,0.0,0.0,0.0,0.0,0.0,0.0,0.0,0.0,0.0,0.0,0.0,0.0,0.0,0.0,0.0,0.0,0.0,0.0,0.0,0.0,0.0,0.0,0.0,0.0,0.0,0.0,0.0,0.0,0.0,0.0,0.0,0.0,0.0,0.0,0.0,0.0,0.0,0.0,0.0,0.0,0.0,0.0,0.0,0.0,0.0,0.0,0.0,0.0,0.0,0.0,0.0,0.0,0.0,0.0,0.0
2017-05-27 04:02:00+02:00,0.0,0.0,0.0,0.0,0.0,0.0,0.0,0.0,0.0,0.0,0.0,0.0,0.0,0.0,0.0,0.0,0.0,0.0,0.0,0.0,0.0,0.0,0.0,0.0,0.0,0.0,0.0,0.0,0.0,0.0,0.0,0.0,0.0,0.0,0.0,0.0,0.0,0.0,0.0,0.0,0.0,0.0,0.0,0.0,0.0,0.0,0.0,0.0,0.0,0.0,0.0,0.0,0.0,0.0,0.0,0.0,0.0,0.0,0.0,0.0,0.0,0.0,0.0,0.0,0.0,0.0,0.0,0.0,0.0,0.0,0.0,0.0,0.0,0.0,0.0,0.0,0.0,0.0,0.0,0.0,0.0,0.0,0.0,0.0,0.0,0.0,0.0,0.0,0.0,0.0,0.0,0.0,0.0,0.0,0.0,0.0,0.0,0.0,0.0,0.0,0.0,0.0,0.0,0.0,0.0,0.0,0.0,0.0,0.0,0.0,0.0,0.0,0.0,0.0,0.0,0.0,0.0,0.0
2017-05-27 04:03:00+02:00,0.0,0.0,0.0,0.0,0.0,0.0,0.0,0.0,0.0,0.0,0.0,0.0,0.0,0.0,0.0,0.0,0.0,0.0,0.0,0.0,0.0,0.0,0.0,0.0,0.0,0.0,0.0,0.0,0.0,0.0,0.0,0.0,0.0,0.0,0.0,0.0,0.0,0.0,0.0,0.0,0.0,0.0,0.0,0.0,0.0,0.0,0.0,0.0,0.0,0.0,0.0,0.0,0.0,0.0,0.0,0.0,0.0,0.0,0.0,0.0,0.0,0.0,0.0,0.0,0.0,0.0,0.0,0.0,0.0,0.0,0.0,0.0,0.0,0.0,0.0,0.0,0.0,0.0,0.0,0.0,0.0,0.0,0.0,0.0,0.0,0.0,0.0,0.0,0.0,0.0,0.0,0.0,0.0,0.0,0.0,0.0,0.0,0.0,0.0,0.0,0.0,0.0,0.0,0.0,0.0,0.0,0.0,0.0,0.0,0.0,0.0,0.0,0.0,0.0,0.0,0.0,0.0,0.0
2017-05-27 04:04:00+02:00,0.0,0.0,0.0,0.0,0.0,0.0,0.0,0.0,0.0,0.0,0.0,0.0,0.0,0.0,0.0,0.0,0.0,0.0,0.0,0.0,0.0,0.0,0.0,0.0,0.0,0.0,0.0,0.0,0.0,0.0,0.0,0.0,0.0,0.0,0.0,0.0,0.0,0.0,0.0,0.0,0.0,0.0,0.0,0.0,0.0,0.0,0.0,0.0,0.0,0.0,0.0,0.0,0.0,0.0,0.0,0.0,0.0,0.0,0.0,0.0,0.0,0.0,0.0,0.0,0.0,0.0,0.0,0.0,0.0,0.0,0.0,0.0,0.0,0.0,0.0,0.0,0.0,0.0,0.0,0.0,0.0,0.0,0.0,0.0,0.0,0.0,0.0,0.0,0.0,0.0,0.0,0.0,0.0,0.0,0.0,0.0,0.0,0.0,0.0,0.0,0.0,0.0,0.0,0.0,0.0,0.0,0.0,0.0,0.0,0.0,0.0,0.0,0.0,0.0,0.0,0.0,0.0,0.0
2017-05-27 04:05:00+02:00,0.0,0.0,0.0,0.0,0.0,0.0,0.0,0.0,0.0,0.0,0.0,0.0,0.0,0.0,0.0,0.0,0.0,0.0,0.0,0.0,0.0,0.0,0.0,0.0,0.0,0.0,0.0,0.0,0.0,0.0,0.0,0.0,0.0,0.0,0.0,0.0,0.0,0.0,0.0,0.0,0.0,0.0,0.0,0.0,0.0,0.0,0.0,0.0,0.0,0.0,0.0,0.0,0.0,0.0,0.0,0.0,0.0,0.0,0.0,0.0,0.0,0.0,0.0,0.0,0.0,0.0,0.0,0.0,0.0,0.0,0.0,0.0,0.0,0.0,0.0,0.0,0.0,0.0,0.0,0.0,0.0,0.0,0.0,0.0,0.0,0.0,0.0,0.0,0.0,0.0,0.0,0.0,0.0,0.0,0.0,0.0,0.0,0.0,0.0,0.0,0.0,0.0,0.0,0.0,0.0,0.0,0.0,0.0,0.0,0.0,0.0,0.0,0.0,0.0,0.0,0.0,0.0,0.0
2017-05-27 04:06:00+02:00,0.0,0.0,0.0,0.0,0.0,0.0,0.0,0.0,0.0,0.0,0.0,0.0,0.0,0.0,0.0,0.0,0.0,0.0,0.0,0.0,0.0,0.0,0.0,0.0,0.0,0.0,0.0,0.0,0.0,0.0,0.0,0.0,0.0,0.0,0.0,0.0,0.0,0.0,0.0,0.0,0.0,0.0,0.0,0.0,0.0,0.0,0.0,0.0,0.0,0.0,0.0,0.0,0.0,0.0,0.0,0.0,0.0,0.0,0.0,0.0,0.0,0.0,0.0,0.0,0.0,0.0,0.0,0.0,0.0,0.0,0.0,0.0,0.0,0.0,0.0,0.0,0.0,0.0,0.0,0.0,0.0,0.0,0.0,0.0,0.0,0.0,0.0,0.0,0.0,0.0,0.0,0.0,0.0,0.0,0.0,0.0,0.0,0.0,0.0,0.0,0.0,0.0,0.0,0.0,0.0,0.0,0.0,0.0,0.0,0.0,0.0,0.0,0.0,0.0,0.0,0.0,0.0,0.0
2017-05-27 04:07:00+02:00,0.0,0.0,0.0,0.0,0.0,0.0,0.0,0.0,0.0,0.0,0.0,0.0,0.0,0.0,0.0,0.0,0.0,0.0,0.0,0.0,0.0,0.0,0.0,0.0,0.0,0.0,0.0,0.0,0.0,0.0,0.0,0.0,0.0,0.0,0.0,0.0,0.0,0.0,0.0,0.0,0.0,0.0,0.0,0.0,0.0,0.0,0.0,0.0,0.0,0.0,0.0,0.0,0.0,0.0,0.0,0.0,0.0,0.0,0.0,0.0,0.0,0.0,0.0,0.0,0.0,0.0,0.0,0.0,0.0,0.0,0.0,0.0,0.0,0.0,0.0,0.0,0.0,0.0,0.0,0.0,0.0,0.0,0.0,0.0,0.0,0.0,0.0,0.0,0.0,0.0,0.0,0.0,0.0,0.0,0.0,0.0,0.0,0.0,0.0,0.0,0.0,0.0,0.0,0.0,0.0,0.0,0.0,0.0,0.0,0.0,0.0,0.0,0.0,0.0,0.0,0.0,0.0,0.0
2017-05-27 04:08:00+02:00,0.0,0.0,0.0,0.0,0.0,0.0,0.0,0.0,0.0,0.0,0.0,0.0,0.0,0.0,0.0,0.0,0.0,0.0,0.0,0.0,0.0,0.0,0.0,0.0,0.0,0.0,0.0,0.0,0.0,0.0,0.0,0.0,0.0,0.0,0.0,0.0,0.0,0.0,0.0,0.0,0.0,0.0,0.0,0.0,0.0,0.0,0.0,0.0,0.0,0.0,0.0,0.0,0.0,0.0,0.0,0.0,0.0,0.0,0.0,0.0,0.0,0.0,0.0,0.0,0.0,0.0,0.0,0.0,0.0,0.0,0.0,0.0,0.0,0.0,0.0,0.0,0.0,0.0,0.0,0.0,0.0,0.0,0.0,0.0,0.0,0.0,0.0,0.0,0.0,0.0,0.0,0.0,0.0,0.0,0.0,0.0,0.0,0.0,0.0,0.0,0.0,0.0,0.0,0.0,0.0,0.0,0.0,0.0,0.0,0.0,0.0,0.0,0.0,0.0,0.0,0.0,0.0,0.0
2017-05-27 04:09:00+02:00,0.0,0.0,0.0,0.0,0.0,0.0,0.0,0.0,0.0,0.0,0.0,0.0,0.0,0.0,0.0,0.0,0.0,0.0,0.0,0.0,0.0,0.0,0.0,0.0,0.0,0.0,0.0,0.0,0.0,0.0,0.0,0.0,0.0,0.0,0.0,0.0,0.0,0.0,0.0,0.0,0.0,0.0,0.0,0.0,0.0,0.0,0.0,0.0,0.0,0.0,0.0,0.0,0.0,0.0,0.0,0.0,0.0,0.0,0.0,0.0,0.0,0.0,0.0,0.0,0.0,0.0,0.0,0.0,0.0,0.0,0.0,0.0,0.0,0.0,0.0,0.0,0.0,0.0,0.0,0.0,0.0,0.0,0.0,0.0,0.0,0.0,0.0,0.0,0.0,0.0,0.0,0.0,0.0,0.0,0.0,0.0,0.0,0.0,0.0,0.0,0.0,0.0,0.0,0.0,0.0,0.0,0.0,0.0,0.0,0.0,0.0,0.0,0.0,0.0,0.0,0.0,0.0,0.0
2017-05-27 04:10:00+02:00,0.0,0.0,0.0,0.0,0.0,0.0,0.0,0.0,0.0,0.0,0.0,0.0,0.0,0.0,0.0,0.0,0.0,0.0,0.0,0.0,0.0,0.0,0.0,0.0,0.0,0.0,0.0,0.0,0.0,0.0,0.0,0.0,0.0,0.0,0.0,0.0,0.0,0.0,0.0,0.0,0.0,0.0,0.0,0.0,0.0,0.0,0.0,0.0,0.0,0.0,0.0,0.0,0.0,0.0,0.0,0.0,0.0,0.0,0.0,0.0,0.0,0.0,0.0,0.0,0.0,0.0,0.0,0.0,0.0,0.0,0.0,0.0,0.0,0.0,0.0,0.0,0.0,0.0,0.0,0.0,0.0,0.0,0.0,0.0,0.0,0.0,0.0,0.0,0.0,0.0,0.0,0.0,0.0,0.0,0.0,0.0,0.0,0.0,0.0,0.0,0.0,0.0,0.0,0.0,0.0,0.0,0.0,0.0,0.0,0.0,0.0,0.0,0.0,0.0,0.0,0.0,0.0,0.0
2017-05-27 04:11:00+02:00,0.0,0.0,0.0,0.0,0.0,0.0,0.0,0.0,0.0,0.0,0.0,0.0,0.0,0.0,0.0,0.0,0.0,0.0,0.0,0.0,0.0,0.0,0.0,0.0,0.0,0.0,0.0,0.0,0.0,0.0,0.0,0.0,0.0,0.0,0.0,0.0,0.0,0.0,0.0,0.0,0.0,0.0,0.0,0.0,0.0,0.0,0.0,0.0,0.0,0.0,0.0,0.0,0.0,0.0,0.0,0.0,0.0,0.0,0.0,0.0,0.0,0.0,0.0,0.0,0.0,0.0,0.0,0.0,0.0,0.0,0.0,0.0,0.0,0.0,0.0,0.0,0.0,0.0,0.0,0.0,0.0,0.0,0.0,0.0,0.0,0.0,0.0,0.0,0.0,0.0,0.0,0.0,0.0,0.0,0.0,0.0,0.0,0.0,0.0,0.0,0.0,0.0,0.0,0.0,0.0,0.0,0.0,0.0,0.0,0.0,0.0,0.0,0.0,0.0,0.0,0.0,0.0,0.0
2017-05-27 04:12:00+02:00,0.0,0.0,0.0,0.0,0.0,0.0,0.0,0.0,0.0,0.0,0.0,0.0,0.0,0.0,0.0,0.0,0.0,0.0,0.0,0.0,0.0,0.0,0.0,0.0,0.0,0.0,0.0,0.0,0.0,0.0,0.0,0.0,0.0,0.0,0.0,0.0,0.0,0.0,0.0,0.0,0.0,0.0,0.0,0.0,0.0,0.0,0.0,0.0,0.0,0.0,0.0,0.0,0.0,0.0,0.0,0.0,0.0,0.0,0.0,0.0,0.0,0.0,0.0,0.0,0.0,0.0,0.0,0.0,0.0,0.0,0.0,0.0,0.0,0.0,0.0,0.0,0.0,0.0,0.0,0.0,0.0,0.0,0.0,0.0,0.0,0.0,0.0,0.0,0.0,0.0,0.0,0.0,0.0,0.0,0.0,0.0,0.0,0.0,0.0,0.0,0.0,0.0,0.0,0.0,0.0,0.0,0.0,0.0,0.0,0.0,0.0,0.0,0.0,0.0,0.0,0.0,0.0,0.0
2017-05-27 04:13:00+02:00,0.0,0.0,0.0,0.0,0.0,0.0,0.0,0.0,0.0,0.0,0.0,0.0,0.0,0.0,0.0,0.0,0.0,0.0,0.0,0.0,0.0,0.0,0.0,0.0,0.0,0.0,0.0,0.0,0.0,0.0,0.0,0.0,0.0,0.0,0.0,0.0,0.0,0.0,0.0,0.0,0.0,0.0,0.0,0.0,0.0,0.0,0.0,0.0,0.0,0.0,0.0,0.0,0.0,0.0,0.0,0.0,0.0,0.0,0.0,0.0,0.0,0.0,0.0,0.0,0.0,0.0,0.0,0.0,0.0,0.0,0.0,0.0,0.0,0.0,0.0,0.0,0.0,0.0,0.0,0.0,0.0,0.0,0.0,0.0,0.0,0.0,0.0,0.0,0.0,0.0,0.0,0.0,0.0,0.0,0.0,0.0,0.0,0.0,0.0,0.0,0.0,0.0,0.0,0.0,0.0,0.0,0.0,0.0,0.0,0.0,0.0,0.0,0.0,0.0,0.0,0.0,0.0,0.0
2017-05-27 04:14:00+02:00,0.0,0.0,0.0,0.0,0.0,0.0,0.0,0.0,0.0,0.0,0.0,0.0,0.0,0.0,0.0,0.0,0.0,0.0,0.0,0.0,0.0,0.0,0.0,0.0,0.0,0.0,0.0,0.0,0.0,0.0,0.0,0.0,0.0,0.0,0.0,0.0,0.0,0.0,0.0,0.0,0.0,0.0,0.0,0.0,0.0,0.0,0.0,0.0,0.0,0.0,0.0,0.0,0.0,0.0,0.0,0.0,0.0,0.0,0.0,0.0,0.0,0.0,0.0,0.0,0.0,0.0,0.0,0.0,0.0,0.0,0.0,0.0,0.0,0.0,0.0,0.0,0.0,0.0,0.0,0.0,0.0,0.0,0.0,0.0,0.0,0.0,0.0,0.0,0.0,0.0,0.0,0.0,0.0,0.0,0.0,0.0,0.0,0.0,0.0,0.0,0.0,0.0,0.0,0.0,0.0,0.0,0.0,0.0,0.0,0.0,0.0,0.0,0.0,0.0,0.0,0.0,0.0,0.0
2017-05-27 04:15:00+02:00,0.0,0.0,0.0,0.0,0.0,0.0,0.0,0.0,0.0,0.0,0.0,0.0,0.0,0.0,0.0,0.0,0.0,0.0,0.0,0.0,0.0,0.0,0.0,0.0,0.0,0.0,0.0,0.0,0.0,0.0,0.0,0.0,0.0,0.0,0.0,0.0,0.0,0.0,0.0,0.0,0.0,0.0,0.0,0.0,0.0,0.0,0.0,0.0,0.0,0.0,0.0,0.0,0.0,0.0,0.0,0.0,0.0,0.0,0.0,0.0,0.0,0.0,0.0,0.0,0.0,0.0,0.0,0.0,0.0,0.0,0.0,0.0,0.0,0.0,0.0,0.0,0.0,0.0,0.0,0.0,0.0,0.0,0.0,0.0,0.0,0.0,0.0,0.0,0.0,0.0,0.0,0.0,0.0,0.0,0.0,0.0,0.0,0.0,0.0,0.0,0.0,0.0,0.0,0.0,0.0,0.0,0.0,0.0,0.0,0.0,0.0,0.0,0.0,0.0,0.0,0.0,0.0,0.0
2017-05-27 04:16:00+02:00,0.0,0.0,0.0,0.0,0.0,0.0,0.0,0.0,0.0,0.0,0.0,0.0,0.0,0.0,0.0,0.0,0.0,0.0,0.0,0.0,0.0,0.0,0.0,0.0,0.0,0.0,0.0,0.0,0.0,0.0,0.0,0.0,0.0,0.0,0.0,0.0,0.0,0.0,0.0,0.0,0.0,0.0,0.0,0.0,0.0,0.0,0.0,0.0,0.0,0.0,0.0,0.0,0.0,0.0,0.0,0.0,0.0,0.0,0.0,0.0,0.0,0.0,0.0,0.0,0.0,0.0,0.0,0.0,0.0,0.0,0.0,0.0,0.0,0.0,0.0,0.0,0.0,0.0,0.0,0.0,0.0,0.0,0.0,0.0,0.0,0.0,0.0,0.0,0.0,0.0,0.0,0.0,0.0,0.0,0.0,0.0,0.0,0.0,0.0,0.0,0.0,0.0,0.0,0.0,0.0,0.0,0.0,0.0,0.0,0.0,0.0,0.0,0.0,0.0,0.0,0.0,0.0,0.0
2017-05-27 04:17:00+02:00,0.0,0.0,0.0,0.0,0.0,0.0,0.0,0.0,0.0,0.0,0.0,0.0,0.0,0.0,0.0,0.0,0.0,0.0,0.0,0.0,0.0,0.0,0.0,0.0,0.0,0.0,0.0,0.0,0.0,0.0,0.0,0.0,0.0,0.0,0.0,0.0,0.0,0.0,0.0,0.0,0.0,0.0,0.0,0.0,0.0,0.0,0.0,0.0,0.0,0.0,0.0,0.0,0.0,0.0,0.0,0.0,0.0,0.0,0.0,0.0,0.0,0.0,0.0,0.0,0.0,0.0,0.0,0.0,0.0,0.0,0.0,0.0,0.0,0.0,0.0,0.0,0.0,0.0,0.0,0.0,0.0,0.0,0.0,0.0,0.0,0.0,0.0,0.0,0.0,0.0,0.0,0.0,0.0,0.0,0.0,0.0,0.0,0.0,0.0,0.0,0.0,0.0,0.0,0.0,0.0,0.0,0.0,0.0,0.0,0.0,0.0,0.0,0.0,0.0,0.0,0.0,0.0,0.0
2017-05-27 04:18:00+02:00,0.0,0.0,0.0,0.0,0.0,0.0,0.0,0.0,0.0,0.0,0.0,0.0,0.0,0.0,0.0,0.0,0.0,0.0,0.0,0.0,0.0,0.0,0.0,0.0,0.0,0.0,0.0,0.0,0.0,0.0,0.0,0.0,0.0,0.0,0.0,0.0,0.0,0.0,0.0,0.0,0.0,0.0,0.0,0.0,0.0,0.0,0.0,0.0,0.0,0.0,0.0,0.0,0.0,0.0,0.0,0.0,0.0,0.0,0.0,0.0,0.0,0.0,0.0,0.0,0.0,0.0,0.0,0.0,0.0,0.0,0.0,0.0,0.0,0.0,0.0,0.0,0.0,0.0,0.0,0.0,0.0,0.0,0.0,0.0,0.0,0.0,0.0,0.0,0.0,0.0,0.0,0.0,0.0,0.0,0.0,0.0,0.0,0.0,0.0,0.0,0.0,0.0,0.0,0.0,0.0,0.0,0.0,0.0,0.0,0.0,0.0,0.0,0.0,0.0,0.0,0.0,0.0,0.0
2017-05-27 04:19:00+02:00,0.0,0.0,0.0,0.0,0.0,0.0,0.0,0.0,0.0,0.0,0.0,0.0,0.0,0.0,0.0,0.0,0.0,0.0,0.0,0.0,0.0,0.0,0.0,0.0,0.0,0.0,0.0,0.0,0.0,0.0,0.0,0.0,0.0,0.0,0.0,0.0,0.0,0.0,0.0,0.0,0.0,0.0,0.0,0.0,0.0,0.0,0.0,0.0,0.0,0.0,0.0,0.0,0.0,0.0,0.0,0.0,0.0,0.0,0.0,0.0,0.0,0.0,0.0,0.0,0.0,0.0,0.0,0.0,0.0,0.0,0.0,0.0,0.0,0.0,0.0,0.0,0.0,0.0,0.0,0.0,0.0,0.0,0.0,0.0,0.0,0.0,0.0,0.0,0.0,0.0,0.0,0.0,0.0,0.0,0.0,0.0,0.0,0.0,0.0,0.0,0.0,0.0,0.0,0.0,0.0,0.0,0.0,0.0,0.0,0.0,0.0,0.0,0.0,0.0,0.0,0.0,0.0,0.0
2017-05-27 04:20:00+02:00,0.0,0.0,0.0,0.0,0.0,0.0,0.0,0.0,0.0,0.0,0.0,0.0,0.0,0.0,0.0,0.0,0.0,0.0,0.0,0.0,0.0,0.0,0.0,0.0,0.0,0.0,0.0,0.0,0.0,0.0,0.0,0.0,0.0,0.0,0.0,0.0,0.0,0.0,0.0,0.0,0.0,0.0,0.0,0.0,0.0,0.0,0.0,0.0,0.0,0.0,0.0,0.0,0.0,0.0,0.0,0.0,0.0,0.0,0.0,0.0,0.0,0.0,0.0,0.0,0.0,0.0,0.0,0.0,0.0,0.0,0.0,0.0,0.0,0.0,0.0,0.0,0.0,0.0,0.0,0.0,0.0,0.0,0.0,0.0,0.0,0.0,0.0,0.0,0.0,0.0,0.0,0.0,0.0,0.0,0.0,0.0,0.0,0.0,0.0,0.0,0.0,0.0,0.0,0.0,0.0,0.0,0.0,0.0,0.0,0.0,0.0,0.0,0.0,0.0,0.0,0.0,0.0,0.0
2017-05-27 04:21:00+02:00,0.0,0.0,0.0,0.0,0.0,0.0,0.0,0.0,0.0,0.0,0.0,0.0,0.0,0.0,0.0,0.0,0.0,0.0,0.0,0.0,0.0,0.0,0.0,0.0,0.0,0.0,0.0,0.0,0.0,0.0,0.0,0.0,0.0,0.0,0.0,0.0,0.0,0.0,0.0,0.0,0.0,0.0,0.0,0.0,0.0,0.0,0.0,0.0,0.0,0.0,0.0,0.0,0.0,0.0,0.0,0.0,0.0,0.0,0.0,0.0,0.0,0.0,0.0,0.0,0.0,0.0,0.0,0.0,0.0,0.0,0.0,0.0,0.0,0.0,0.0,0.0,0.0,0.0,0.0,0.0,0.0,0.0,0.0,0.0,0.0,0.0,0.0,0.0,0.0,0.0,0.0,0.0,0.0,0.0,0.0,0.0,0.0,0.0,0.0,0.0,0.0,0.0,0.0,0.0,0.0,0.0,0.0,0.0,0.0,0.0,0.0,0.0,0.0,0.0,0.0,0.0,0.0,0.0
2017-05-27 04:22:00+02:00,0.0,0.0,0.0,0.0,0.0,0.0,0.0,0.0,0.0,0.0,0.0,0.0,0.0,0.0,0.0,0.0,0.0,0.0,0.0,0.0,0.0,0.0,0.0,0.0,0.0,0.0,0.0,0.0,0.0,0.0,0.0,0.0,0.0,0.0,0.0,0.0,0.0,0.0,0.0,0.0,0.0,0.0,0.0,0.0,0.0,0.0,0.0,0.0,0.0,0.0,0.0,0.0,0.0,0.0,0.0,0.0,0.0,0.0,0.0,0.0,0.0,0.0,0.0,0.0,0.0,0.0,0.0,0.0,0.0,0.0,0.0,0.0,0.0,0.0,0.0,0.0,0.0,0.0,0.0,0.0,0.0,0.0,0.0,0.0,0.0,0.0,0.0,0.0,0.0,0.0,0.0,0.0,0.0,0.0,0.0,0.0,0.0,0.0,0.0,0.0,0.0,0.0,0.0,0.0,0.0,0.0,0.0,0.0,0.0,0.0,0.0,0.0,0.0,0.0,0.0,0.0,0.0,0.0
2017-05-27 04:23:00+02:00,0.0,0.0,0.0,0.0,0.0,0.0,0.0,0.0,0.0,0.0,0.0,0.0,0.0,0.0,0.0,0.0,0.0,0.0,0.0,0.0,0.0,0.0,0.0,0.0,0.0,0.0,0.0,0.0,0.0,0.0,0.0,0.0,0.0,0.0,0.0,0.0,0.0,0.0,0.0,0.0,0.0,0.0,0.0,0.0,0.0,0.0,0.0,0.0,0.0,0.0,0.0,0.0,0.0,0.0,0.0,0.0,0.0,0.0,0.0,0.0,0.0,0.0,0.0,0.0,0.0,0.0,0.0,0.0,0.0,0.0,0.0,0.0,0.0,0.0,0.0,0.0,0.0,0.0,0.0,0.0,0.0,0.0,0.0,0.0,0.0,0.0,0.0,0.0,0.0,0.0,0.0,0.0,0.0,0.0,0.0,0.0,0.0,0.0,0.0,0.0,0.0,0.0,0.0,0.0,0.0,0.0,0.0,0.0,0.0,0.0,0.0,0.0,0.0,0.0,0.0,0.0,0.0,0.0
2017-05-27 04:24:00+02:00,0.0,0.0,0.0,0.0,0.0,0.0,0.0,0.0,0.0,0.0,0.0,0.0,0.0,0.0,0.0,0.0,0.0,0.0,0.0,0.0,0.0,0.0,0.0,0.0,0.0,0.0,0.0,0.0,0.0,0.0,0.0,0.0,0.0,0.0,0.0,0.0,0.0,0.0,0.0,0.0,0.0,0.0,0.0,0.0,0.0,0.0,0.0,0.0,0.0,0.0,0.0,0.0,0.0,0.0,0.0,0.0,0.0,0.0,0.0,0.0,0.0,0.0,0.0,0.0,0.0,0.0,0.0,0.0,0.0,0.0,0.0,0.0,0.0,0.0,0.0,0.0,0.0,0.0,0.0,0.0,0.0,0.0,0.0,0.0,0.0,0.0,0.0,0.0,0.0,0.0,0.0,0.0,0.0,0.0,0.0,0.0,0.0,0.0,0.0,0.0,0.0,0.0,0.0,0.0,0.0,0.0,0.0,0.0,0.0,0.0,0.0,0.0,0.0,0.0,0.0,0.0,0.0,0.0
2017-05-27 04:25:00+02:00,0.0,0.0,0.0,0.0,0.0,0.0,0.0,0.0,0.0,0.0,0.0,0.0,0.0,0.0,0.0,0.0,0.0,0.0,0.0,0.0,0.0,0.0,0.0,0.0,0.0,0.0,0.0,0.0,0.0,0.0,0.0,0.0,0.0,0.0,0.0,0.0,0.0,0.0,0.0,0.0,0.0,0.0,0.0,0.0,0.0,0.0,0.0,0.0,0.0,0.0,0.0,0.0,0.0,0.0,0.0,0.0,0.0,0.0,0.0,0.0,0.0,0.0,0.0,0.0,0.0,0.0,0.0,0.0,0.0,0.0,0.0,0.0,0.0,0.0,0.0,0.0,0.0,0.0,0.0,0.0,0.0,0.0,0.0,0.0,0.0,0.0,0.0,0.0,0.0,0.0,0.0,0.0,0.0,0.0,0.0,0.0,0.0,0.0,0.0,0.0,0.0,0.0,0.0,0.0,0.0,0.0,0.0,0.0,0.0,0.0,0.0,0.0,0.0,0.0,0.0,0.0,0.0,0.0
2017-05-27 04:26:00+02:00,0.0,0.0,0.0,0.0,0.0,0.0,0.0,0.0,0.0,0.0,0.0,0.0,0.0,0.0,0.0,0.0,0.0,0.0,0.0,0.0,0.0,0.0,0.0,0.0,0.0,0.0,0.0,0.0,0.0,0.0,0.0,0.0,0.0,0.0,0.0,0.0,0.0,0.0,0.0,0.0,0.0,0.0,0.0,0.0,0.0,0.0,0.0,0.0,0.0,0.0,0.0,0.0,0.0,0.0,0.0,0.0,0.0,0.0,0.0,0.0,0.0,0.0,0.0,0.0,0.0,0.0,0.0,0.0,0.0,0.0,0.0,0.0,0.0,0.0,0.0,0.0,0.0,0.0,0.0,0.0,0.0,0.0,0.0,0.0,0.0,0.0,0.0,0.0,0.0,0.0,0.0,0.0,0.0,0.0,0.0,0.0,0.0,0.0,0.0,0.0,0.0,0.0,0.0,0.0,0.0,0.0,0.0,0.0,0.0,0.0,0.0,0.0,0.0,0.0,0.0,0.0,0.0,0.0
2017-05-27 04:27:00+02:00,0.0,0.0,0.0,0.0,0.0,0.0,0.0,0.0,0.0,0.0,0.0,0.0,0.0,0.0,0.0,0.0,0.0,0.0,0.0,0.0,0.0,0.0,0.0,0.0,0.0,0.0,0.0,0.0,0.0,0.0,0.0,0.0,0.0,0.0,0.0,0.0,0.0,0.0,0.0,0.0,0.0,0.0,0.0,0.0,0.0,0.0,0.0,0.0,0.0,0.0,0.0,0.0,0.0,0.0,0.0,0.0,0.0,0.0,0.0,0.0,0.0,0.0,0.0,0.0,0.0,0.0,0.0,0.0,0.0,0.0,0.0,0.0,0.0,0.0,0.0,0.0,0.0,0.0,0.0,0.0,0.0,0.0,0.0,0.0,0.0,0.0,0.0,0.0,0.0,0.0,0.0,0.0,0.0,0.0,0.0,0.0,0.0,0.0,0.0,0.0,0.0,0.0,0.0,0.0,0.0,0.0,0.0,0.0,0.0,0.0,0.0,0.0,0.0,0.0,0.0,0.0,0.0,0.0
2017-05-27 04:28:00+02:00,0.0,0.0,0.0,0.0,0.0,0.0,0.0,0.0,0.0,0.0,0.0,0.0,0.0,0.0,0.0,0.0,0.0,0.0,0.0,0.0,0.0,0.0,0.0,0.0,0.0,0.0,0.0,0.0,0.0,0.0,0.0,0.0,0.0,0.0,0.0,0.0,0.0,0.0,0.0,0.0,0.0,0.0,0.0,0.0,0.0,0.0,0.0,0.0,0.0,0.0,0.0,0.0,0.0,0.0,0.0,0.0,0.0,0.0,0.0,0.0,0.0,0.0,0.0,0.0,0.0,0.0,0.0,0.0,0.0,0.0,0.0,0.0,0.0,0.0,0.0,0.0,0.0,0.0,0.0,0.0,0.0,0.0,0.0,0.0,0.0,0.0,0.0,0.0,0.0,0.0,0.0,0.0,0.0,0.0,0.0,0.0,0.0,0.0,0.0,0.0,0.0,0.0,0.0,0.0,0.0,0.0,0.0,0.0,0.0,0.0,0.0,0.0,0.0,0.0,0.0,0.0,0.0,0.0
2017-05-27 04:29:00+02:00,0.0,0.0,0.0,0.0,0.0,0.0,0.0,0.0,0.0,0.0,0.0,0.0,0.0,0.0,0.0,0.0,0.0,0.0,0.0,0.0,0.0,0.0,0.0,0.0,0.0,0.0,0.0,0.0,0.0,0.0,0.0,0.0,0.0,0.0,0.0,0.0,0.0,0.0,0.0,0.0,0.0,0.0,0.0,0.0,0.0,0.0,0.0,0.0,0.0,0.0,0.0,0.0,0.0,0.0,0.0,0.0,0.0,0.0,0.0,0.0,0.0,0.0,0.0,0.0,0.0,0.0,0.0,0.0,0.0,0.0,0.0,0.0,0.0,0.0,0.0,0.0,0.0,0.0,0.0,0.0,0.0,0.0,0.0,0.0,0.0,0.0,0.0,0.0,0.0,0.0,0.0,0.0,0.0,0.0,0.0,0.0,0.0,0.0,0.0,0.0,0.0,0.0,0.0,0.0,0.0,0.0,0.0,0.0,0.0,0.0,0.0,0.0,0.0,0.0,0.0,0.0,0.0,0.0
2017-05-27 04:30:00+02:00,0.0,0.0,0.0,0.0,0.0,0.0,0.0,0.0,0.0,0.0,0.0,0.0,0.0,0.0,0.0,0.0,0.0,0.0,0.0,0.0,0.0,0.0,0.0,0.0,0.0,0.0,0.0,0.0,0.0,0.0,0.0,0.0,0.0,0.0,0.0,0.0,0.0,0.0,0.0,0.0,0.0,0.0,0.0,0.0,0.0,0.0,0.0,0.0,0.0,0.0,0.0,0.0,0.0,0.0,0.0,0.0,0.0,0.0,0.0,0.0,0.0,0.0,0.0,0.0,0.0,0.0,0.0,0.0,0.0,0.0,0.0,0.0,0.0,0.0,0.0,0.0,0.0,0.0,0.0,0.0,0.0,0.0,0.0,0.0,0.0,0.0,0.0,0.0,0.0,0.0,0.0,0.0,0.0,0.0,0.0,0.0,0.0,0.0,0.0,0.0,0.0,0.0,0.0,0.0,0.0,0.0,0.0,0.0,0.0,0.0,0.0,0.0,0.0,0.0,0.0,0.0,0.0,0.0
2017-05-27 04:31:00+02:00,0.0,0.0,0.0,0.0,0.0,0.0,0.0,0.0,0.0,0.0,0.0,0.0,0.0,0.0,0.0,0.0,0.0,0.0,0.0,0.0,0.0,0.0,0.0,0.0,0.0,0.0,0.0,0.0,0.0,0.0,0.0,0.0,0.0,0.0,0.0,0.0,0.0,0.0,0.0,0.0,0.0,0.0,0.0,0.0,0.0,0.0,0.0,0.0,0.0,0.0,0.0,0.0,0.0,0.0,0.0,0.0,0.0,0.0,0.0,0.0,0.0,0.0,0.0,0.0,0.0,0.0,0.0,0.0,0.0,0.0,0.0,0.0,0.0,0.0,0.0,0.0,0.0,0.0,0.0,0.0,0.0,0.0,0.0,0.0,0.0,0.0,0.0,0.0,0.0,0.0,0.0,0.0,0.0,0.0,0.0,0.0,0.0,0.0,0.0,0.0,0.0,0.0,0.0,0.0,0.0,0.0,0.0,0.0,0.0,0.0,0.0,0.0,0.0,0.0,0.0,0.0,0.0,0.0
2017-05-27 04:32:00+02:00,0.0,0.0,0.0,0.0,0.0,0.0,0.0,0.0,0.0,0.0,0.0,0.0,0.0,0.0,0.0,0.0,0.0,0.0,0.0,0.0,0.0,0.0,0.0,0.0,0.0,0.0,0.0,0.0,0.0,0.0,0.0,0.0,0.0,0.0,0.0,0.0,0.0,0.0,0.0,0.0,0.0,0.0,0.0,0.0,0.0,0.0,0.0,0.0,0.0,0.0,0.0,0.0,0.0,0.0,0.0,0.0,0.0,0.0,0.0,0.0,0.0,0.0,0.0,0.0,0.0,0.0,0.0,0.0,0.0,0.0,0.0,0.0,0.0,0.0,0.0,0.0,0.0,0.0,0.0,0.0,0.0,0.0,0.0,0.0,0.0,0.0,0.0,0.0,0.0,0.0,0.0,0.0,0.0,0.0,0.0,0.0,0.0,0.0,0.0,0.0,0.0,0.0,0.0,0.0,0.0,0.0,0.0,0.0,0.0,0.0,0.0,0.0,0.0,0.0,0.0,0.0,0.0,0.0
2017-05-27 04:33:00+02:00,0.0,0.0,0.0,0.0,0.0,0.0,0.0,0.0,0.0,0.0,0.0,0.0,0.0,0.0,0.0,0.0,0.0,0.0,0.0,0.0,0.0,0.0,0.0,0.0,0.0,0.0,0.0,0.0,0.0,0.0,0.0,0.0,0.0,0.0,0.0,0.0,0.0,0.0,0.0,0.0,0.0,0.0,0.0,0.0,0.0,0.0,0.0,0.0,0.0,0.0,0.0,0.0,0.0,0.0,0.0,0.0,0.0,0.0,0.0,0.0,0.0,0.0,0.0,0.0,0.0,0.0,0.0,0.0,0.0,0.0,0.0,0.0,0.0,0.0,0.0,0.0,0.0,0.0,0.0,0.0,0.0,0.0,0.0,0.0,0.0,0.0,0.0,0.0,0.0,0.0,0.0,0.0,0.0,0.0,0.0,0.0,0.0,0.0,0.0,0.0,0.0,0.0,0.0,0.0,0.0,0.0,0.0,0.0,0.0,0.0,0.0,0.0,0.0,0.0,0.0,0.0,0.0,0.0
2017-05-27 04:34:00+02:00,0.0,0.0,0.0,0.0,0.0,0.0,0.0,0.0,0.0,0.0,0.0,0.0,0.0,0.0,0.0,0.0,0.0,0.0,0.0,0.0,0.0,0.0,0.0,0.0,0.0,0.0,0.0,0.0,0.0,0.0,0.0,0.0,0.0,0.0,0.0,0.0,0.0,0.0,0.0,0.0,0.0,0.0,0.0,0.0,0.0,0.0,0.0,0.0,0.0,0.0,0.0,0.0,0.0,0.0,0.0,0.0,0.0,0.0,0.0,0.0,0.0,0.0,0.0,0.0,0.0,0.0,0.0,0.0,0.0,0.0,0.0,0.0,0.0,0.0,0.0,0.0,0.0,0.0,0.0,0.0,0.0,0.0,0.0,0.0,0.0,0.0,0.0,0.0,0.0,0.0,0.0,0.0,0.0,0.0,0.0,0.0,0.0,0.0,0.0,0.0,0.0,0.0,0.0,0.0,0.0,0.0,0.0,0.0,0.0,0.0,0.0,0.0,0.0,0.0,0.0,0.0,0.0,0.0
2017-05-27 04:35:00+02:00,0.0,0.0,0.0,0.0,0.0,0.0,0.0,0.0,0.0,0.0,0.0,0.0,0.0,0.0,0.0,0.0,0.0,0.0,0.0,0.0,0.0,0.0,0.0,0.0,0.0,0.0,0.0,0.0,0.0,0.0,0.0,0.0,0.0,0.0,0.0,0.0,0.0,0.0,0.0,0.0,0.0,0.0,0.0,0.0,0.0,0.0,0.0,0.0,0.0,0.0,0.0,0.0,0.0,0.0,0.0,0.0,0.0,0.0,0.0,0.0,0.0,0.0,0.0,0.0,0.0,0.0,0.0,0.0,0.0,0.0,0.0,0.0,0.0,0.0,0.0,0.0,0.0,0.0,0.0,0.0,0.0,0.0,0.0,0.0,0.0,0.0,0.0,0.0,0.0,0.0,0.0,0.0,0.0,0.0,0.0,0.0,0.0,0.0,0.0,0.0,0.0,0.0,0.0,0.0,0.0,0.0,0.0,0.0,0.0,0.0,0.0,0.0,0.0,0.0,0.0,0.0,0.0,0.0
2017-05-27 04:36:00+02:00,0.0,0.0,0.0,0.0,0.0,0.0,0.0,0.0,0.0,0.0,0.0,0.0,0.0,0.0,0.0,0.0,0.0,0.0,0.0,0.0,0.0,0.0,0.0,0.0,0.0,0.0,0.0,0.0,0.0,0.0,0.0,0.0,0.0,0.0,0.0,0.0,0.0,0.0,0.0,0.0,0.0,0.0,0.0,0.0,0.0,0.0,0.0,0.0,0.0,0.0,0.0,0.0,0.0,0.0,0.0,0.0,0.0,0.0,0.0,0.0,0.0,0.0,0.0,0.0,0.0,0.0,0.0,0.0,0.0,0.0,0.0,0.0,0.0,0.0,0.0,0.0,0.0,0.0,0.0,0.0,0.0,0.0,0.0,0.0,0.0,0.0,0.0,0.0,0.0,0.0,0.0,0.0,0.0,0.0,0.0,0.0,0.0,0.0,0.0,0.0,0.0,0.0,0.0,0.0,0.0,0.0,0.0,0.0,0.0,0.0,0.0,0.0,0.0,0.0,0.0,0.0,0.0,0.0
2017-05-27 04:37:00+02:00,0.0,0.0,0.0,0.0,0.0,0.0,0.0,0.0,0.0,0.0,0.0,0.0,0.0,0.0,0.0,0.0,0.0,0.0,0.0,0.0,0.0,0.0,0.0,0.0,0.0,0.0,0.0,0.0,0.0,0.0,0.0,0.0,0.0,0.0,0.0,0.0,0.0,0.0,0.0,0.0,0.0,0.0,0.0,0.0,0.0,0.0,0.0,0.0,0.0,0.0,0.0,0.0,0.0,0.0,0.0,0.0,0.0,0.0,0.0,0.0,0.0,0.0,0.0,0.0,0.0,0.0,0.0,0.0,0.0,0.0,0.0,0.0,0.0,0.0,0.0,0.0,0.0,0.0,0.0,0.0,0.0,0.0,0.0,0.0,0.0,0.0,0.0,0.0,0.0,0.0,0.0,0.0,0.0,0.0,0.0,0.0,0.0,0.0,0.0,0.0,0.0,0.0,0.0,0.0,0.0,0.0,0.0,0.0,0.0,0.0,0.0,0.0,0.0,0.0,0.0,0.0,0.0,0.0
2017-05-27 04:38:00+02:00,0.0,0.0,0.0,0.0,0.0,0.0,0.0,0.0,0.0,0.0,0.0,0.0,0.0,0.0,0.0,0.0,0.0,0.0,0.0,0.0,0.0,0.0,0.0,0.0,0.0,0.0,0.0,0.0,0.0,0.0,0.0,0.0,0.0,0.0,0.0,0.0,0.0,0.0,0.0,0.0,0.0,0.0,0.0,0.0,0.0,0.0,0.0,0.0,0.0,0.0,0.0,0.0,0.0,0.0,0.0,0.0,0.0,0.0,0.0,0.0,0.0,0.0,0.0,0.0,0.0,0.0,0.0,0.0,0.0,0.0,0.0,0.0,0.0,0.0,0.0,0.0,0.0,0.0,0.0,0.0,0.0,0.0,0.0,0.0,0.0,0.0,0.0,0.0,0.0,0.0,0.0,0.0,0.0,0.0,0.0,0.0,0.0,0.0,0.0,0.0,0.0,0.0,0.0,0.0,0.0,0.0,0.0,0.0,0.0,0.0,0.0,0.0,0.0,0.0,0.0,0.0,0.0,0.0
2017-05-27 04:39:00+02:00,0.0,0.0,0.0,0.0,0.0,0.0,0.0,0.0,0.0,0.0,0.0,0.0,0.0,0.0,0.0,0.0,0.0,0.0,0.0,0.0,0.0,0.0,0.0,0.0,0.0,0.0,0.0,0.0,0.0,0.0,0.0,0.0,0.0,0.0,0.0,0.0,0.0,0.0,0.0,0.0,0.0,0.0,0.0,0.0,0.0,0.0,0.0,0.0,0.0,0.0,0.0,0.0,0.0,0.0,0.0,0.0,0.0,0.0,0.0,0.0,0.0,0.0,0.0,0.0,0.0,0.0,0.0,0.0,0.0,0.0,0.0,0.0,0.0,0.0,0.0,0.0,0.0,0.0,0.0,0.0,0.0,0.0,0.0,0.0,0.0,0.0,0.0,0.0,0.0,0.0,0.0,0.0,0.0,0.0,0.0,0.0,0.0,0.0,0.0,0.0,0.0,0.0,0.0,0.0,0.0,0.0,0.0,0.0,0.0,0.0,0.0,0.0,0.0,0.0,0.0,0.0,0.0,0.0
2017-05-27 04:40:00+02:00,0.0,0.0,0.0,0.0,0.0,0.0,0.0,0.0,0.0,0.0,0.0,0.0,0.0,0.0,0.0,0.0,0.0,0.0,0.0,0.0,0.0,0.0,0.0,0.0,0.0,0.0,0.0,0.0,0.0,0.0,0.0,0.0,0.0,0.0,0.0,0.0,0.0,0.0,0.0,0.0,0.0,0.0,0.0,0.0,0.0,0.0,0.0,0.0,0.0,0.0,0.0,0.0,0.0,0.0,0.0,0.0,0.0,0.0,0.0,0.0,0.0,0.0,0.0,0.0,0.0,0.0,0.0,0.0,0.0,0.0,0.0,0.0,0.0,0.0,0.0,0.0,0.0,0.0,0.0,0.0,0.0,0.0,0.0,0.0,0.0,0.0,0.0,0.0,0.0,0.0,0.0,0.0,0.0,0.0,0.0,0.0,0.0,0.0,0.0,0.0,0.0,0.0,0.0,0.0,0.0,0.0,0.0,0.0,0.0,0.0,0.0,0.0,0.0,0.0,0.0,0.0,0.0,0.0
2017-05-27 04:41:00+02:00,0.0,0.0,0.0,0.0,0.0,0.0,0.0,0.0,0.0,0.0,0.0,0.0,0.0,0.0,0.0,0.0,0.0,0.0,0.0,0.0,0.0,0.0,0.0,0.0,0.0,0.0,0.0,0.0,0.0,0.0,0.0,0.0,0.0,0.0,0.0,0.0,0.0,0.0,0.0,0.0,0.0,0.0,0.0,0.0,0.0,0.0,0.0,0.0,0.0,0.0,0.0,0.0,0.0,0.0,0.0,0.0,0.0,0.0,0.0,0.0,0.0,0.0,0.0,0.0,0.0,0.0,0.0,0.0,0.0,0.0,0.0,0.0,0.0,0.0,0.0,0.0,0.0,0.0,0.0,0.0,0.0,0.0,0.0,0.0,0.0,0.0,0.0,0.0,0.0,0.0,0.0,0.0,0.0,0.0,0.0,0.0,0.0,0.0,0.0,0.0,0.0,0.0,0.0,0.0,0.0,0.0,0.0,0.0,0.0,0.0,0.0,0.0,0.0,0.0,0.0,0.0,0.0,0.0
2017-05-27 04:42:00+02:00,0.0,0.0,0.0,0.0,0.0,0.0,0.0,0.0,0.0,0.0,0.0,0.0,0.0,0.0,0.0,0.0,0.0,0.0,0.0,0.0,0.0,0.0,0.0,0.0,0.0,0.0,0.0,0.0,0.0,0.0,0.0,0.0,0.0,0.0,0.0,0.0,0.0,0.0,0.0,0.0,0.0,0.0,0.0,0.0,0.0,0.0,0.0,0.0,0.0,0.0,0.0,0.0,0.0,0.0,0.0,0.0,0.0,0.0,0.0,0.0,0.0,0.0,0.0,0.0,0.0,0.0,0.0,0.0,0.0,0.0,0.0,0.0,0.0,0.0,0.0,0.0,0.0,0.0,0.0,0.0,0.0,0.0,0.0,0.0,0.0,0.0,0.0,0.0,0.0,0.0,0.0,0.0,0.0,0.0,0.0,0.0,0.0,0.0,0.0,0.0,0.0,0.0,0.0,0.0,0.0,0.0,0.0,0.0,0.0,0.0,0.0,0.0,0.0,0.0,0.0,0.0,0.0,0.0
2017-05-27 04:43:00+02:00,0.0,0.0,0.0,0.0,0.0,0.0,0.0,0.0,0.0,0.0,0.0,0.0,0.0,0.0,0.0,0.0,0.0,0.0,0.0,0.0,0.0,0.0,0.0,0.0,0.0,0.0,0.0,0.0,0.0,0.0,0.0,0.0,0.0,0.0,0.0,0.0,0.0,0.0,0.0,0.0,0.0,0.0,0.0,0.0,0.0,0.0,0.0,0.0,0.0,0.0,0.0,0.0,0.0,0.0,0.0,0.0,0.0,0.0,0.0,0.0,0.0,0.0,0.0,0.0,0.0,0.0,0.0,0.0,0.0,0.0,0.0,0.0,0.0,0.0,0.0,0.0,0.0,0.0,0.0,0.0,0.0,0.0,0.0,0.0,0.0,0.0,0.0,0.0,0.0,0.0,0.0,0.0,0.0,0.0,0.0,0.0,0.0,0.0,0.0,0.0,0.0,0.0,0.0,0.0,0.0,0.0,0.0,0.0,0.0,0.0,0.0,0.0,0.0,0.0,0.0,0.0,0.0,0.0
2017-05-27 04:44:00+02:00,0.0,0.0,0.0,0.0,0.0,0.0,0.0,0.0,0.0,0.0,0.0,0.0,0.0,0.0,0.0,0.0,0.0,0.0,0.0,0.0,0.0,0.0,0.0,0.0,0.0,0.0,0.0,0.0,0.0,0.0,0.0,0.0,0.0,0.0,0.0,0.0,0.0,0.0,0.0,0.0,0.0,0.0,0.0,0.0,0.0,0.0,0.0,0.0,0.0,0.0,0.0,0.0,0.0,0.0,0.0,0.0,0.0,0.0,0.0,0.0,0.0,0.0,0.0,0.0,0.0,0.0,0.0,0.0,0.0,0.0,0.0,0.0,0.0,0.0,0.0,0.0,0.0,0.0,0.0,0.0,0.0,0.0,0.0,0.0,0.0,0.0,0.0,0.0,0.0,0.0,0.0,0.0,0.0,0.0,0.0,0.0,0.0,0.0,0.0,0.0,0.0,0.0,0.0,0.0,0.0,0.0,0.0,0.0,0.0,0.0,0.0,0.0,0.0,0.0,0.0,0.0,0.0,0.0
2017-05-27 04:45:00+02:00,0.0,0.0,0.0,0.0,0.0,0.0,0.0,0.0,0.0,0.0,0.0,0.0,0.0,0.0,0.0,0.0,0.0,0.0,0.0,0.0,0.0,0.0,0.0,0.0,0.0,0.0,0.0,0.0,0.0,0.0,0.0,0.0,0.0,0.0,0.0,0.0,0.0,0.0,0.0,0.0,0.0,0.0,0.0,0.0,0.0,0.0,0.0,0.0,0.0,0.0,0.0,0.0,0.0,0.0,0.0,0.0,0.0,0.0,0.0,0.0,0.0,0.0,0.0,0.0,0.0,0.0,0.0,0.0,0.0,0.0,0.0,0.0,0.0,0.0,0.0,0.0,0.0,0.0,0.0,0.0,0.0,0.0,0.0,0.0,0.0,0.0,0.0,0.0,0.0,0.0,0.0,0.0,0.0,0.0,0.0,0.0,0.0,0.0,0.0,0.0,0.0,0.0,0.0,0.0,0.0,0.0,0.0,0.0,0.0,0.0,0.0,0.0,0.0,0.0,0.0,0.0,0.0,0.0
2017-05-27 04:46:00+02:00,0.0,0.0,0.0,0.0,0.0,0.0,0.0,0.0,0.0,0.0,0.0,0.0,0.0,0.0,0.0,0.0,0.0,0.0,0.0,0.0,0.0,0.0,0.0,0.0,0.0,0.0,0.0,0.0,0.0,0.0,0.0,0.0,0.0,0.0,0.0,0.0,0.0,0.0,0.0,0.0,0.0,0.0,0.0,0.0,0.0,0.0,0.0,0.0,0.0,0.0,0.0,0.0,0.0,0.0,0.0,0.0,0.0,0.0,0.0,0.0,0.0,0.0,0.0,0.0,0.0,0.0,0.0,0.0,0.0,0.0,0.0,0.0,0.0,0.0,0.0,0.0,0.0,0.0,0.0,0.0,0.0,0.0,0.0,0.0,0.0,0.0,0.0,0.0,0.0,0.0,0.0,0.0,0.0,0.0,0.0,0.0,0.0,0.0,0.0,0.0,0.0,0.0,0.0,0.0,0.0,0.0,0.0,0.0,0.0,0.0,0.0,0.0,0.0,0.0,0.0,0.0,0.0,0.0
2017-05-27 04:47:00+02:00,0.0,0.0,0.0,0.0,0.0,0.0,0.0,0.0,0.0,0.0,0.0,0.0,0.0,0.0,0.0,0.0,0.0,0.0,0.0,0.0,0.0,0.0,0.0,0.0,0.0,0.0,0.0,0.0,0.0,0.0,0.0,0.0,0.0,0.0,0.0,0.0,0.0,0.0,0.0,0.0,0.0,0.0,0.0,0.0,0.0,0.0,0.0,0.0,0.0,0.0,0.0,0.0,0.0,0.0,0.0,0.0,0.0,0.0,0.0,0.0,0.0,0.0,0.0,0.0,0.0,0.0,0.0,0.0,0.0,0.0,0.0,0.0,0.0,0.0,0.0,0.0,0.0,0.0,0.0,0.0,0.0,0.0,0.0,0.0,0.0,0.0,0.0,0.0,0.0,0.0,0.0,0.0,0.0,0.0,0.0,0.0,0.0,0.0,0.0,0.0,0.0,0.0,0.0,0.0,0.0,0.0,0.0,0.0,0.0,0.0,0.0,0.0,0.0,0.0,0.0,0.0,0.0,0.0
2017-05-27 04:48:00+02:00,0.0,0.0,0.0,0.0,0.0,0.0,0.0,0.0,0.0,0.0,0.0,0.0,0.0,0.0,0.0,0.0,0.0,0.0,0.0,0.0,0.0,0.0,0.0,0.0,0.0,0.0,0.0,0.0,0.0,0.0,0.0,0.0,0.0,0.0,0.0,0.0,0.0,0.0,0.0,0.0,0.0,0.0,0.0,0.0,0.0,0.0,0.0,0.0,0.0,0.0,0.0,0.0,0.0,0.0,0.0,0.0,0.0,0.0,0.0,0.0,0.0,0.0,0.0,0.0,0.0,0.0,0.0,0.0,0.0,0.0,0.0,0.0,0.0,0.0,0.0,0.0,0.0,0.0,0.0,0.0,0.0,0.0,0.0,0.0,0.0,0.0,0.0,0.0,0.0,0.0,0.0,0.0,0.0,0.0,0.0,0.0,0.0,0.0,0.0,0.0,0.0,0.0,0.0,0.0,0.0,0.0,0.0,0.0,0.0,0.0,0.0,0.0,0.0,0.0,0.0,0.0,0.0,0.0
2017-05-27 04:49:00+02:00,0.0,0.0,0.0,0.0,0.0,0.0,0.0,0.0,0.0,0.0,0.0,0.0,0.0,0.0,0.0,0.0,0.0,0.0,0.0,0.0,0.0,0.0,0.0,0.0,0.0,0.0,0.0,0.0,0.0,0.0,0.0,0.0,0.0,0.0,0.0,0.0,0.0,0.0,0.0,0.0,0.0,0.0,0.0,0.0,0.0,0.0,0.0,0.0,0.0,0.0,0.0,0.0,0.0,0.0,0.0,0.0,0.0,0.0,0.0,0.0,0.0,0.0,0.0,0.0,0.0,0.0,0.0,0.0,0.0,0.0,0.0,0.0,0.0,0.0,0.0,0.0,0.0,0.0,0.0,0.0,0.0,0.0,0.0,0.0,0.0,0.0,0.0,0.0,0.0,0.0,0.0,0.0,0.0,0.0,0.0,0.0,0.0,0.0,0.0,0.0,0.0,0.0,0.0,0.0,0.0,0.0,0.0,0.0,0.0,0.0,0.0,0.0,0.0,0.0,0.0,0.0,0.0,0.0
2017-05-27 04:50:00+02:00,0.0,0.0,0.0,0.0,0.0,0.0,0.0,0.0,0.0,0.0,0.0,0.0,0.0,0.0,0.0,0.0,0.0,0.0,0.0,0.0,0.0,0.0,0.0,0.0,0.0,0.0,0.0,0.0,0.0,0.0,0.0,0.0,0.0,0.0,0.0,0.0,0.0,0.0,0.0,0.0,0.0,0.0,0.0,0.0,0.0,0.0,0.0,0.0,0.0,0.0,0.0,0.0,0.0,0.0,0.0,0.0,0.0,0.0,0.0,0.0,0.0,0.0,0.0,0.0,0.0,0.0,0.0,0.0,0.0,0.0,0.0,0.0,0.0,0.0,0.0,0.0,0.0,0.0,0.0,0.0,0.0,0.0,0.0,0.0,0.0,0.0,0.0,0.0,0.0,0.0,0.0,0.0,0.0,0.0,0.0,0.0,0.0,0.0,0.0,0.0,0.0,0.0,0.0,0.0,0.0,0.0,0.0,0.0,0.0,0.0,0.0,0.0,0.0,0.0,0.0,0.0,0.0,0.0
2017-05-27 04:51:00+02:00,0.0,0.0,0.0,0.0,0.0,0.0,0.0,0.0,0.0,0.0,0.0,0.0,0.0,0.0,0.0,0.0,0.0,0.0,0.0,0.0,0.0,0.0,0.0,0.0,0.0,0.0,0.0,0.0,0.0,0.0,0.0,0.0,0.0,0.0,0.0,0.0,0.0,0.0,0.0,0.0,0.0,0.0,0.0,0.0,0.0,0.0,0.0,0.0,0.0,0.0,0.0,0.0,0.0,0.0,0.0,0.0,0.0,0.0,0.0,0.0,0.0,0.0,0.0,0.0,0.0,0.0,0.0,0.0,0.0,0.0,0.0,0.0,0.0,0.0,0.0,0.0,0.0,0.0,0.0,0.0,0.0,0.0,0.0,0.0,0.0,0.0,0.0,0.0,0.0,0.0,0.0,0.0,0.0,0.0,0.0,0.0,0.0,0.0,0.0,0.0,0.0,0.0,0.0,0.0,0.0,0.0,0.0,0.0,0.0,0.0,0.0,0.0,0.0,0.0,0.0,0.0,0.0,0.0
2017-05-27 04:52:00+02:00,0.0,0.0,0.0,0.0,0.0,0.0,0.0,0.0,0.0,0.0,0.0,0.0,0.0,0.0,0.0,0.0,0.0,0.0,0.0,0.0,0.0,0.0,0.0,0.0,0.0,0.0,0.0,0.0,0.0,0.0,0.0,0.0,0.0,0.0,0.0,0.0,0.0,0.0,0.0,0.0,0.0,0.0,0.0,0.0,0.0,0.0,0.0,0.0,0.0,0.0,0.0,0.0,0.0,0.0,0.0,0.0,0.0,0.0,0.0,0.0,0.0,0.0,0.0,0.0,0.0,0.0,0.0,0.0,0.0,0.0,0.0,0.0,0.0,0.0,0.0,0.0,0.0,0.0,0.0,0.0,0.0,0.0,0.0,0.0,0.0,0.0,0.0,0.0,0.0,0.0,0.0,0.0,0.0,0.0,0.0,0.0,0.0,0.0,0.0,0.0,0.0,0.0,0.0,0.0,0.0,0.0,0.0,0.0,0.0,0.0,0.0,0.0,0.0,0.0,0.0,0.0,0.0,0.0
2017-05-27 04:53:00+02:00,0.0,0.0,0.0,0.0,0.0,0.0,0.0,0.0,0.0,0.0,0.0,0.0,0.0,0.0,0.0,0.0,0.0,0.0,0.0,0.0,0.0,0.0,0.0,0.0,0.0,0.0,0.0,0.0,0.0,0.0,0.0,0.0,0.0,0.0,0.0,0.0,0.0,0.0,0.0,0.0,0.0,0.0,0.0,0.0,0.0,0.0,0.0,0.0,0.0,0.0,0.0,0.0,0.0,0.0,0.0,0.0,0.0,0.0,0.0,0.0,0.0,0.0,0.0,0.0,0.0,0.0,0.0,0.0,0.0,0.0,0.0,0.0,0.0,0.0,0.0,0.0,0.0,0.0,0.0,0.0,0.0,0.0,0.0,0.0,0.0,0.0,0.0,0.0,0.0,0.0,0.0,0.0,0.0,0.0,0.0,0.0,0.0,0.0,0.0,0.0,0.0,0.0,0.0,0.0,0.0,0.0,0.0,0.0,0.0,0.0,0.0,0.0,0.0,0.0,0.0,0.0,0.0,0.0
2017-05-27 04:54:00+02:00,0.0,0.0,0.0,0.0,0.0,0.0,0.0,0.0,0.0,0.0,0.0,0.0,0.0,0.0,0.0,0.0,0.0,0.0,0.0,0.0,0.0,0.0,0.0,0.0,0.0,0.0,0.0,0.0,0.0,0.0,0.0,0.0,0.0,0.0,0.0,0.0,0.0,0.0,0.0,0.0,0.0,0.0,0.0,0.0,0.0,0.0,0.0,0.0,0.0,0.0,0.0,0.0,0.0,0.0,0.0,0.0,0.0,0.0,0.0,0.0,0.0,0.0,0.0,0.0,0.0,0.0,0.0,0.0,0.0,0.0,0.0,0.0,0.0,0.0,0.0,0.0,0.0,0.0,0.0,0.0,0.0,0.0,0.0,0.0,0.0,0.0,0.0,0.0,0.0,0.0,0.0,0.0,0.0,0.0,0.0,0.0,0.0,0.0,0.0,0.0,0.0,0.0,0.0,0.0,0.0,0.0,0.0,0.0,0.0,0.0,0.0,0.0,0.0,0.0,0.0,0.0,0.0,0.0
2017-05-27 04:55:00+02:00,0.0,0.0,0.0,0.0,0.0,0.0,0.0,0.0,0.0,0.0,0.0,0.0,0.0,0.0,0.0,0.0,0.0,0.0,0.0,0.0,0.0,0.0,0.0,0.0,0.0,0.0,0.0,0.0,0.0,0.0,0.0,0.0,0.0,0.0,0.0,0.0,0.0,0.0,0.0,0.0,0.0,0.0,0.0,0.0,0.0,0.0,0.0,0.0,0.0,0.0,0.0,0.0,0.0,0.0,0.0,0.0,0.0,0.0,0.0,0.0,0.0,0.0,0.0,0.0,0.0,0.0,0.0,0.0,0.0,0.0,0.0,0.0,0.0,0.0,0.0,0.0,0.0,0.0,0.0,0.0,0.0,0.0,0.0,0.0,0.0,0.0,0.0,0.0,0.0,0.0,0.0,0.0,0.0,0.0,0.0,0.0,0.0,0.0,0.0,0.0,0.0,0.0,0.0,0.0,0.0,0.0,0.0,0.0,0.0,0.0,0.0,0.0,0.0,0.0,0.0,0.0,0.0,0.0
2017-05-27 04:56:00+02:00,0.0,0.0,0.0,0.0,0.0,0.0,0.0,0.0,0.0,0.0,0.0,0.0,0.0,0.0,0.0,0.0,0.0,0.0,0.0,0.0,0.0,0.0,0.0,0.0,0.0,0.0,0.0,0.0,0.0,0.0,0.0,0.0,0.0,0.0,0.0,0.0,0.0,0.0,0.0,0.0,0.0,0.0,0.0,0.0,0.0,0.0,0.0,0.0,0.0,0.0,0.0,0.0,0.0,0.0,0.0,0.0,0.0,0.0,0.0,0.0,0.0,0.0,0.0,0.0,0.0,0.0,0.0,0.0,0.0,0.0,0.0,0.0,0.0,0.0,0.0,0.0,0.0,0.0,0.0,0.0,0.0,0.0,0.0,0.0,0.0,0.0,0.0,0.0,0.0,0.0,0.0,0.0,0.0,0.0,0.0,0.0,0.0,0.0,0.0,0.0,0.0,0.0,0.0,0.0,0.0,0.0,0.0,0.0,0.0,0.0,0.0,0.0,0.0,0.0,0.0,0.0,0.0,0.0
2017-05-27 04:57:00+02:00,0.0,0.0,0.0,0.0,0.0,0.0,0.0,0.0,0.0,0.0,0.0,0.0,0.0,0.0,0.0,0.0,0.0,0.0,0.0,0.0,0.0,0.0,0.0,0.0,0.0,0.0,0.0,0.0,0.0,0.0,0.0,0.0,0.0,0.0,0.0,0.0,0.0,0.0,0.0,0.0,0.0,0.0,0.0,0.0,0.0,0.0,0.0,0.0,0.0,0.0,0.0,0.0,0.0,0.0,0.0,0.0,0.0,0.0,0.0,0.0,0.0,0.0,0.0,0.0,0.0,0.0,0.0,0.0,0.0,0.0,0.0,0.0,0.0,0.0,0.0,0.0,0.0,0.0,0.0,0.0,0.0,0.0,0.0,0.0,0.0,0.0,0.0,0.0,0.0,0.0,0.0,0.0,0.0,0.0,0.0,0.0,0.0,0.0,0.0,0.0,0.0,0.0,0.0,0.0,0.0,0.0,0.0,0.0,0.0,0.0,0.0,0.0,0.0,0.0,0.0,0.0,0.0,0.0
2017-05-27 04:58:00+02:00,0.0,0.0,0.0,0.0,0.0,0.0,0.0,0.0,0.0,0.0,0.0,0.0,0.0,0.0,0.0,0.0,0.0,0.0,0.0,0.0,0.0,0.0,0.0,0.0,0.0,0.0,0.0,0.0,0.0,0.0,0.0,0.0,0.0,0.0,0.0,0.0,0.0,0.0,0.0,0.0,0.0,0.0,0.0,0.0,0.0,0.0,0.0,0.0,0.0,0.0,0.0,0.0,0.0,0.0,0.0,0.0,0.0,0.0,0.0,0.0,0.0,0.0,0.0,0.0,0.0,0.0,0.0,0.0,0.0,0.0,0.0,0.0,0.0,0.0,0.0,0.0,0.0,0.0,0.0,0.0,0.0,0.0,0.0,0.0,0.0,0.0,0.0,0.0,0.0,0.0,0.0,0.0,0.0,0.0,0.0,0.0,0.0,0.0,0.0,0.0,0.0,0.0,0.0,0.0,0.0,0.0,0.0,0.0,0.0,0.0,0.0,0.0,0.0,0.0,0.0,0.0,0.0,0.0
2017-05-27 04:59:00+02:00,0.0,0.0,0.0,0.0,0.0,0.0,0.0,0.0,0.0,0.0,0.0,0.0,0.0,0.0,0.0,0.0,0.0,0.0,0.0,0.0,0.0,0.0,0.0,0.0,0.0,0.0,0.0,0.0,0.0,0.0,0.0,0.0,0.0,0.0,0.0,0.0,0.0,0.0,0.0,0.0,0.0,0.0,0.0,0.0,0.0,0.0,0.0,0.0,0.0,0.0,0.0,0.0,0.0,0.0,0.0,0.0,0.0,0.0,0.0,0.0,0.0,0.0,0.0,0.0,0.0,0.0,0.0,0.0,0.0,0.0,0.0,0.0,0.0,0.0,0.0,0.0,0.0,0.0,0.0,0.0,0.0,0.0,0.0,0.0,0.0,0.0,0.0,0.0,0.0,0.0,0.0,0.0,0.0,0.0,0.0,0.0,0.0,0.0,0.0,0.0,0.0,0.0,0.0,0.0,0.0,0.0,0.0,0.0,0.0,0.0,0.0,0.0,0.0,0.0,0.0,0.0,0.0,0.0
2017-05-27 05:00:00+02:00,0.0,0.0,0.0,0.0,0.0,0.0,0.0,0.0,0.0,0.0,0.0,0.0,0.0,0.0,0.0,0.0,0.0,0.0,0.0,0.0,0.0,0.0,0.0,0.0,0.0,0.0,0.0,0.0,0.0,0.0,0.0,0.0,0.0,0.0,0.0,0.0,0.0,0.0,0.0,0.0,0.0,0.0,0.0,0.0,0.0,0.0,0.0,0.0,0.0,0.0,0.0,0.0,0.0,0.0,0.0,0.0,0.0,0.0,0.0,0.0,0.0,0.0,0.0,0.0,0.0,0.0,0.0,0.0,0.0,0.0,0.0,0.0,0.0,0.0,0.0,0.0,0.0,0.0,0.0,0.0,0.0,0.0,0.0,0.0,0.0,0.0,0.0,0.0,0.0,0.0,0.0,0.0,0.0,0.0,0.0,0.0,0.0,0.0,0.0,0.0,0.0,0.0,0.0,0.0,0.0,0.0,0.0,0.0,0.0,0.0,0.0,0.0,0.0,0.0,0.0,0.0,0.0,0.0
2017-05-27 05:01:00+02:00,0.0,0.0,0.0,0.0,0.0,0.0,0.0,0.0,0.0,0.0,0.0,0.0,0.0,0.0,0.0,0.0,0.0,0.0,0.0,0.0,0.0,0.0,0.0,0.0,0.0,0.0,0.0,0.0,0.0,0.0,0.0,0.0,0.0,0.0,0.0,0.0,0.0,0.0,0.0,0.0,0.0,0.0,0.0,0.0,0.0,0.0,0.0,0.0,0.0,0.0,0.0,0.0,0.0,0.0,0.0,0.0,0.0,0.0,0.0,0.0,0.0,0.0,0.0,0.0,0.0,0.0,0.0,0.0,0.0,0.0,0.0,0.0,0.0,0.0,0.0,0.0,0.0,0.0,0.0,0.0,0.0,0.0,0.0,0.0,0.0,0.0,0.0,0.0,0.0,0.0,0.0,0.0,0.0,0.0,0.0,0.0,0.0,0.0,0.0,0.0,0.0,0.0,0.0,0.0,0.0,0.0,0.0,0.0,0.0,0.0,0.0,0.0,0.0,0.0,0.0,0.0,0.0,0.0
2017-05-27 05:02:00+02:00,0.0,0.0,0.0,0.0,0.0,0.0,0.0,0.0,0.0,0.0,0.0,0.0,0.0,0.0,0.0,0.0,0.0,0.0,0.0,0.0,0.0,0.0,0.0,0.0,0.0,0.0,0.0,0.0,0.0,0.0,0.0,0.0,0.0,0.0,0.0,0.0,0.0,0.0,0.0,0.0,0.0,0.0,0.0,0.0,0.0,0.0,0.0,0.0,0.0,0.0,0.0,0.0,0.0,0.0,0.0,0.0,0.0,0.0,0.0,0.0,0.0,0.0,0.0,0.0,0.0,0.0,0.0,0.0,0.0,0.0,0.0,0.0,0.0,0.0,0.0,0.0,0.0,0.0,0.0,0.0,0.0,0.0,0.0,0.0,0.0,0.0,0.0,0.0,0.0,0.0,0.0,0.0,0.0,0.0,0.0,0.0,0.0,0.0,0.0,0.0,0.0,0.0,0.0,0.0,0.0,0.0,0.0,0.0,0.0,0.0,0.0,0.0,0.0,0.0,0.0,0.0,0.0,0.0
2017-05-27 05:03:00+02:00,0.0,0.0,0.0,0.0,0.0,0.0,0.0,0.0,0.0,0.0,0.0,0.0,0.0,0.0,0.0,0.0,0.0,0.0,0.0,0.0,0.0,0.0,0.0,0.0,0.0,0.0,0.0,0.0,0.0,0.0,0.0,0.0,0.0,0.0,0.0,0.0,0.0,0.0,0.0,0.0,0.0,0.0,0.0,0.0,0.0,0.0,0.0,0.0,0.0,0.0,0.0,0.0,0.0,0.0,0.0,0.0,0.0,0.0,0.0,0.0,0.0,0.0,0.0,0.0,0.0,0.0,0.0,0.0,0.0,0.0,0.0,0.0,0.0,0.0,0.0,0.0,0.0,0.0,0.0,0.0,0.0,0.0,0.0,0.0,0.0,0.0,0.0,0.0,0.0,0.0,0.0,0.0,0.0,0.0,0.0,0.0,0.0,0.0,0.0,0.0,0.0,0.0,0.0,0.0,0.0,0.0,0.0,0.0,0.0,0.0,0.0,0.0,0.0,0.0,0.0,0.0,0.0,0.0
2017-05-27 05:04:00+02:00,0.0,0.0,0.0,0.0,0.0,0.0,0.0,0.0,0.0,0.0,0.0,0.0,0.0,0.0,0.0,0.0,0.0,0.0,0.0,0.0,0.0,0.0,0.0,0.0,0.0,0.0,0.0,0.0,0.0,0.0,0.0,0.0,0.0,0.0,0.0,0.0,0.0,0.0,0.0,0.0,0.0,0.0,0.0,0.0,0.0,0.0,0.0,0.0,0.0,0.0,0.0,0.0,0.0,0.0,0.0,0.0,0.0,0.0,0.0,0.0,0.0,0.0,0.0,0.0,0.0,0.0,0.0,0.0,0.0,0.0,0.0,0.0,0.0,0.0,0.0,0.0,0.0,0.0,0.0,0.0,0.0,0.0,0.0,0.0,0.0,0.0,0.0,0.0,0.0,0.0,0.0,0.0,0.0,0.0,0.0,0.0,0.0,0.0,0.0,0.0,0.0,0.0,0.0,0.0,0.0,0.0,0.0,0.0,0.0,0.0,0.0,0.0,0.0,0.0,0.0,0.0,0.0,0.0
2017-05-27 05:05:00+02:00,0.0,0.0,0.0,0.0,0.0,0.0,0.0,0.0,0.0,0.0,0.0,0.0,0.0,0.0,0.0,0.0,0.0,0.0,0.0,0.0,0.0,0.0,0.0,0.0,0.0,0.0,0.0,0.0,0.0,0.0,0.0,0.0,0.0,0.0,0.0,0.0,0.0,0.0,0.0,0.0,0.0,0.0,0.0,0.0,0.0,0.0,0.0,0.0,0.0,0.0,0.0,0.0,0.0,0.0,0.0,0.0,0.0,0.0,0.0,0.0,0.0,0.0,0.0,0.0,0.0,0.0,0.0,0.0,0.0,0.0,0.0,0.0,0.0,0.0,0.0,0.0,0.0,0.0,0.0,0.0,0.0,0.0,0.0,0.0,0.0,0.0,0.0,0.0,0.0,0.0,0.0,0.0,0.0,0.0,0.0,0.0,0.0,0.0,0.0,0.0,0.0,0.0,0.0,0.0,0.0,0.0,0.0,0.0,0.0,0.0,0.0,0.0,0.0,0.0,0.0,0.0,0.0,0.0
2017-05-27 05:06:00+02:00,0.0,0.0,0.0,0.0,0.0,0.0,0.0,0.0,0.0,0.0,0.0,0.0,0.0,0.0,0.0,0.0,0.0,0.0,0.0,0.0,0.0,0.0,0.0,0.0,0.0,0.0,0.0,0.0,0.0,0.0,0.0,0.0,0.0,0.0,0.0,0.0,0.0,0.0,0.0,0.0,0.0,0.0,0.0,0.0,0.0,0.0,0.0,0.0,0.0,0.0,0.0,0.0,0.0,0.0,0.0,0.0,0.0,0.0,0.0,0.0,0.0,0.0,0.0,0.0,0.0,0.0,0.0,0.0,0.0,0.0,0.0,0.0,0.0,0.0,0.0,0.0,0.0,0.0,0.0,0.0,0.0,0.0,0.0,0.0,0.0,0.0,0.0,0.0,0.0,0.0,0.0,0.0,0.0,0.0,0.0,0.0,0.0,0.0,0.0,0.0,0.0,0.0,0.0,0.0,0.0,0.0,0.0,0.0,0.0,0.0,0.0,0.0,0.0,0.0,0.0,0.0,0.0,0.0
2017-05-27 05:07:00+02:00,0.0,0.0,0.0,0.0,0.0,0.0,0.0,0.0,0.0,0.0,0.0,0.0,0.0,0.0,0.0,0.0,0.0,0.0,0.0,0.0,0.0,0.0,0.0,0.0,0.0,0.0,0.0,0.0,0.0,0.0,0.0,0.0,0.0,0.0,0.0,0.0,0.0,0.0,0.0,0.0,0.0,0.0,0.0,0.0,0.0,0.0,0.0,0.0,0.0,0.0,0.0,0.0,0.0,0.0,0.0,0.0,0.0,0.0,0.0,0.0,0.0,0.0,0.0,0.0,0.0,0.0,0.0,0.0,0.0,0.0,0.0,0.0,0.0,0.0,0.0,0.0,0.0,0.0,0.0,0.0,0.0,0.0,0.0,0.0,0.0,0.0,0.0,0.0,0.0,0.0,0.0,0.0,0.0,0.0,0.0,0.0,0.0,0.0,0.0,0.0,0.0,0.0,0.0,0.0,0.0,0.0,0.0,0.0,0.0,0.0,0.0,0.0,0.0,0.0,0.0,0.0,0.0,0.0
2017-05-27 05:08:00+02:00,0.0,0.0,0.0,0.0,0.0,0.0,0.0,0.0,0.0,0.0,0.0,0.0,0.0,0.0,0.0,0.0,0.0,0.0,0.0,0.0,0.0,0.0,0.0,0.0,0.0,0.0,0.0,0.0,0.0,0.0,0.0,0.0,0.0,0.0,0.0,0.0,0.0,0.0,0.0,0.0,0.0,0.0,0.0,0.0,0.0,0.0,0.0,0.0,0.0,0.0,0.0,0.0,0.0,0.0,0.0,0.0,0.0,0.0,0.0,0.0,0.0,0.0,0.0,0.0,0.0,0.0,0.0,0.0,0.0,0.0,0.0,0.0,0.0,0.0,0.0,0.0,0.0,0.0,0.0,0.0,0.0,0.0,0.0,0.0,0.0,0.0,0.0,0.0,0.0,0.0,0.0,0.0,0.0,0.0,0.0,0.0,0.0,0.0,0.0,0.0,0.0,0.0,0.0,0.0,0.0,0.0,0.0,0.0,0.0,0.0,0.0,0.0,0.0,0.0,0.0,0.0,0.0,0.0
2017-05-27 05:09:00+02:00,0.0,0.0,0.0,0.0,0.0,0.0,0.0,0.0,0.0,0.0,0.0,0.0,0.0,0.0,0.0,0.0,0.0,0.0,0.0,0.0,0.0,0.0,0.0,0.0,0.0,0.0,0.0,0.0,0.0,0.0,0.0,0.0,0.0,0.0,0.0,0.0,0.0,0.0,0.0,0.0,0.0,0.0,0.0,0.0,0.0,0.0,0.0,0.0,0.0,0.0,0.0,0.0,0.0,0.0,0.0,0.0,0.0,0.0,0.0,0.0,0.0,0.0,0.0,0.0,0.0,0.0,0.0,0.0,0.0,0.0,0.0,0.0,0.0,0.0,0.0,0.0,0.0,0.0,0.0,0.0,0.0,0.0,0.0,0.0,0.0,0.0,0.0,0.0,0.0,0.0,0.0,0.0,0.0,0.0,0.0,0.0,0.0,0.0,0.0,0.0,0.0,0.0,0.0,0.0,0.0,0.0,0.0,0.0,0.0,0.0,0.0,0.0,0.0,0.0,0.0,0.0,0.0,0.0
2017-05-27 05:10:00+02:00,0.0,0.0,0.0,0.0,0.0,0.0,0.0,0.0,0.0,0.0,0.0,0.0,0.0,0.0,0.0,0.0,0.0,0.0,0.0,0.0,0.0,0.0,0.0,0.0,0.0,0.0,0.0,0.0,0.0,0.0,0.0,0.0,0.0,0.0,0.0,0.0,0.0,0.0,0.0,0.0,0.0,0.0,0.0,0.0,0.0,0.0,0.0,0.0,0.0,0.0,0.0,0.0,0.0,0.0,0.0,0.0,0.0,0.0,0.0,0.0,0.0,0.0,0.0,0.0,0.0,0.0,0.0,0.0,0.0,0.0,0.0,0.0,0.0,0.0,0.0,0.0,0.0,0.0,0.0,0.0,0.0,0.0,0.0,0.0,0.0,0.0,0.0,0.0,0.0,0.0,0.0,0.0,0.0,0.0,0.0,0.0,0.0,0.0,0.0,0.0,0.0,0.0,0.0,0.0,0.0,0.0,0.0,0.0,0.0,0.0,0.0,0.0,0.0,0.0,0.0,0.0,0.0,0.0
2017-05-27 05:11:00+02:00,0.0,0.0,0.0,0.0,0.0,0.0,0.0,0.0,0.0,0.0,0.0,0.0,0.0,0.0,0.0,0.0,0.0,0.0,0.0,0.0,0.0,0.0,0.0,0.0,0.0,0.0,0.0,0.0,0.0,0.0,0.0,0.0,0.0,0.0,0.0,0.0,0.0,0.0,0.0,0.0,0.0,0.0,0.0,0.0,0.0,0.0,0.0,0.0,0.0,0.0,0.0,0.0,0.0,0.0,0.0,0.0,0.0,0.0,0.0,0.0,0.0,0.0,0.0,0.0,0.0,0.0,0.0,0.0,0.0,0.0,0.0,0.0,0.0,0.0,0.0,0.0,0.0,0.0,0.0,0.0,0.0,0.0,0.0,0.0,0.0,0.0,0.0,0.0,0.0,0.0,0.0,0.0,0.0,0.0,0.0,0.0,0.0,0.0,0.0,0.0,0.0,0.0,0.0,0.0,0.0,0.0,0.0,0.0,0.0,0.0,0.0,0.0,0.0,0.0,0.0,0.0,0.0,0.0
2017-05-27 05:12:00+02:00,0.0,0.0,0.0,0.0,0.0,0.0,0.0,0.0,0.0,0.0,0.0,0.0,0.0,0.0,0.0,0.0,0.0,0.0,0.0,0.0,0.0,0.0,0.0,0.0,0.0,0.0,0.0,0.0,0.0,0.0,0.0,0.0,0.0,0.0,0.0,0.0,0.0,0.0,0.0,0.0,0.0,0.0,0.0,0.0,0.0,0.0,0.0,0.0,0.0,0.0,0.0,0.0,0.0,0.0,0.0,0.0,0.0,0.0,0.0,0.0,0.0,0.0,0.0,0.0,0.0,0.0,0.0,0.0,0.0,0.0,0.0,0.0,0.0,0.0,0.0,0.0,0.0,0.0,0.0,0.0,0.0,0.0,0.0,0.0,0.0,0.0,0.0,0.0,0.0,0.0,0.0,0.0,0.0,0.0,0.0,0.0,0.0,0.0,0.0,0.0,0.0,0.0,0.0,0.0,0.0,0.0,0.0,0.0,0.0,0.0,0.0,0.0,0.0,0.0,0.0,0.0,0.0,0.0
2017-05-27 05:13:00+02:00,0.0,0.0,0.0,0.0,0.0,0.0,0.0,0.0,0.0,0.0,0.0,0.0,0.0,0.0,0.0,0.0,0.0,0.0,0.0,0.0,0.0,0.0,0.0,0.0,0.0,0.0,0.0,0.0,0.0,0.0,0.0,0.0,0.0,0.0,0.0,0.0,0.0,0.0,0.0,0.0,0.0,0.0,0.0,0.0,0.0,0.0,0.0,0.0,0.0,0.0,0.0,0.0,0.0,0.0,0.0,0.0,0.0,0.0,0.0,0.0,0.0,0.0,0.0,0.0,0.0,0.0,0.0,0.0,0.0,0.0,0.0,0.0,0.0,0.0,0.0,0.0,0.0,0.0,0.0,0.0,0.0,0.0,0.0,0.0,0.0,0.0,0.0,0.0,0.0,0.0,0.0,0.0,0.0,0.0,0.0,0.0,0.0,0.0,0.0,0.0,0.0,0.0,0.0,0.0,0.0,0.0,0.0,0.0,0.0,0.0,0.0,0.0,0.0,0.0,0.0,0.0,0.0,0.0
2017-05-27 05:14:00+02:00,0.0,0.0,0.0,0.0,0.0,0.0,0.0,0.0,0.0,0.0,0.0,0.0,0.0,0.0,0.0,0.0,0.0,0.0,0.0,0.0,0.0,0.0,0.0,0.0,0.0,0.0,0.0,0.0,0.0,0.0,0.0,0.0,0.0,0.0,0.0,0.0,0.0,0.0,0.0,0.0,0.0,0.0,0.0,0.0,0.0,0.0,0.0,0.0,0.0,0.0,0.0,0.0,0.0,0.0,0.0,0.0,0.0,0.0,0.0,0.0,0.0,0.0,0.0,0.0,0.0,0.0,0.0,0.0,0.0,0.0,0.0,0.0,0.0,0.0,0.0,0.0,0.0,0.0,0.0,0.0,0.0,0.0,0.0,0.0,0.0,0.0,0.0,0.0,0.0,0.0,0.0,0.0,0.0,0.0,0.0,0.0,0.0,0.0,0.0,0.0,0.0,0.0,0.0,0.0,0.0,0.0,0.0,0.0,0.0,0.0,0.0,0.0,0.0,0.0,0.0,0.0,0.0,0.0
2017-05-27 05:15:00+02:00,0.0,0.0,0.0,0.0,0.0,0.0,0.0,0.0,0.0,0.0,0.0,0.0,0.0,0.0,0.0,0.0,0.0,0.0,0.0,0.0,0.0,0.0,0.0,0.0,0.0,0.0,0.0,0.0,0.0,0.0,0.0,0.0,0.0,0.0,0.0,0.0,0.0,0.0,0.0,0.0,0.0,0.0,0.0,0.0,0.0,0.0,0.0,0.0,0.0,0.0,0.0,0.0,0.0,0.0,0.0,0.0,0.0,0.0,0.0,0.0,0.0,0.0,0.0,0.0,0.0,0.0,0.0,0.0,0.0,0.0,0.0,0.0,0.0,0.0,0.0,0.0,0.0,0.0,0.0,0.0,0.0,0.0,0.0,0.0,0.0,0.0,0.0,0.0,0.0,0.0,0.0,0.0,0.0,0.0,0.0,0.0,0.0,0.0,0.0,0.0,0.0,0.0,0.0,0.0,0.0,0.0,0.0,0.0,0.0,0.0,0.0,0.0,0.0,0.0,0.0,0.0,0.0,0.0
2017-05-27 05:16:00+02:00,0.0,0.0,0.0,0.0,0.0,0.0,0.0,0.0,0.0,0.0,0.0,0.0,0.0,0.0,0.0,0.0,0.0,0.0,0.0,0.0,0.0,0.0,0.0,0.0,0.0,0.0,0.0,0.0,0.0,0.0,0.0,0.0,0.0,0.0,0.0,0.0,0.0,0.0,0.0,0.0,0.0,0.0,0.0,0.0,0.0,0.0,0.0,0.0,0.0,0.0,0.0,0.0,0.0,0.0,0.0,0.0,0.0,0.0,0.0,0.0,0.0,0.0,0.0,0.0,0.0,0.0,0.0,0.0,0.0,0.0,0.0,0.0,0.0,0.0,0.0,0.0,0.0,0.0,0.0,0.0,0.0,0.0,0.0,0.0,0.0,0.0,0.0,0.0,0.0,0.0,0.0,0.0,0.0,0.0,0.0,0.0,0.0,0.0,0.0,0.0,0.0,0.0,0.0,0.0,0.0,0.0,0.0,0.0,0.0,0.0,0.0,0.0,0.0,0.0,0.0,0.0,0.0,0.0
2017-05-27 05:17:00+02:00,0.0,0.0,0.0,0.0,0.0,0.0,0.0,0.0,0.0,0.0,0.0,0.0,0.0,0.0,0.0,0.0,0.0,0.0,0.0,0.0,0.0,0.0,0.0,0.0,0.0,0.0,0.0,0.0,0.0,0.0,0.0,0.0,0.0,0.0,0.0,0.0,0.0,0.0,0.0,0.0,0.0,0.0,0.0,0.0,0.0,0.0,0.0,0.0,0.0,0.0,0.0,0.0,0.0,0.0,0.0,0.0,0.0,0.0,0.0,0.0,0.0,0.0,0.0,0.0,0.0,0.0,0.0,0.0,0.0,0.0,0.0,0.0,0.0,0.0,0.0,0.0,0.0,0.0,0.0,0.0,0.0,0.0,0.0,0.0,0.0,0.0,0.0,0.0,0.0,0.0,0.0,0.0,0.0,0.0,0.0,0.0,0.0,0.0,0.0,0.0,0.0,0.0,0.0,0.0,0.0,0.0,0.0,0.0,0.0,0.0,0.0,0.0,0.0,0.0,0.0,0.0,0.0,0.0
2017-05-27 05:18:00+02:00,0.0,0.0,0.0,0.0,0.0,0.0,0.0,0.0,0.0,0.0,0.0,0.0,0.0,0.0,0.0,0.0,0.0,0.0,0.0,0.0,0.0,0.0,0.0,0.0,0.0,0.0,0.0,0.0,0.0,0.0,0.0,0.0,0.0,0.0,0.0,0.0,0.0,0.0,0.0,0.0,0.0,0.0,0.0,0.0,0.0,0.0,0.0,0.0,0.0,0.0,0.0,0.0,0.0,0.0,0.0,0.0,0.0,0.0,0.0,0.0,0.0,0.0,0.0,0.0,0.0,0.0,0.0,0.0,0.0,0.0,0.0,0.0,0.0,0.0,0.0,0.0,0.0,0.0,0.0,0.0,0.0,0.0,0.0,0.0,0.0,0.0,0.0,0.0,0.0,0.0,0.0,0.0,0.0,0.0,0.0,0.0,0.0,0.0,0.0,0.0,0.0,0.0,0.0,0.0,0.0,0.0,0.0,0.0,0.0,0.0,0.0,0.0,0.0,0.0,0.0,0.0,0.0,0.0
2017-05-27 05:19:00+02:00,0.0,0.0,0.0,0.0,0.0,0.0,0.0,0.0,0.0,0.0,0.0,0.0,0.0,0.0,0.0,0.0,0.0,0.0,0.0,0.0,0.0,0.0,0.0,0.0,0.0,0.0,0.0,0.0,0.0,0.0,0.0,0.0,0.0,0.0,0.0,0.0,0.0,0.0,0.0,0.0,0.0,0.0,0.0,0.0,0.0,0.0,0.0,0.0,0.0,0.0,0.0,0.0,0.0,0.0,0.0,0.0,0.0,0.0,0.0,0.0,0.0,0.0,0.0,0.0,0.0,0.0,0.0,0.0,0.0,0.0,0.0,0.0,0.0,0.0,0.0,0.0,0.0,0.0,0.0,0.0,0.0,0.0,0.0,0.0,0.0,0.0,0.0,0.0,0.0,0.0,0.0,0.0,0.0,0.0,0.0,0.0,0.0,0.0,0.0,0.0,0.0,0.0,0.0,0.0,0.0,0.0,0.0,0.0,0.0,0.0,0.0,0.0,0.0,0.0,0.0,0.0,0.0,0.0
2017-05-27 05:20:00+02:00,0.0,0.0,0.0,0.0,0.0,0.0,0.0,0.0,0.0,0.0,0.0,0.0,0.0,0.0,0.0,0.0,0.0,0.0,0.0,0.0,0.0,0.0,0.0,0.0,0.0,0.0,0.0,0.0,0.0,0.0,0.0,0.0,0.0,0.0,0.0,0.0,0.0,0.0,0.0,0.0,0.0,0.0,0.0,0.0,0.0,0.0,0.0,0.0,0.0,0.0,0.0,0.0,0.0,0.0,0.0,0.0,0.0,0.0,0.0,0.0,0.0,0.0,0.0,0.0,0.0,0.0,0.0,0.0,0.0,0.0,0.0,0.0,0.0,0.0,0.0,0.0,0.0,0.0,0.0,0.0,0.0,0.0,0.0,0.0,0.0,0.0,0.0,0.0,0.0,0.0,0.0,0.0,0.0,0.0,0.0,0.0,0.0,0.0,0.0,0.0,0.0,0.0,0.0,0.0,0.0,0.0,0.0,0.0,0.0,0.0,0.0,0.0,0.0,0.0,0.0,0.0,0.0,0.0
2017-05-27 05:21:00+02:00,0.0,0.0,0.0,0.0,0.0,0.0,0.0,0.0,0.0,0.0,0.0,0.0,0.0,0.0,0.0,0.0,0.0,0.0,0.0,0.0,0.0,0.0,0.0,0.0,0.0,0.0,0.0,0.0,0.0,0.0,0.0,0.0,0.0,0.0,0.0,0.0,0.0,0.0,0.0,0.0,0.0,0.0,0.0,0.0,0.0,0.0,0.0,0.0,0.0,0.0,0.0,0.0,0.0,0.0,0.0,0.0,0.0,0.0,0.0,0.0,0.0,0.0,0.0,0.0,0.0,0.0,0.0,0.0,0.0,0.0,0.0,0.0,0.0,0.0,0.0,0.0,0.0,0.0,0.0,0.0,0.0,0.0,0.0,0.0,0.0,0.0,0.0,0.0,0.0,0.0,0.0,0.0,0.0,0.0,0.0,0.0,0.0,0.0,0.0,0.0,0.0,0.0,0.0,0.0,0.0,0.0,0.0,0.0,0.0,0.0,0.0,0.0,0.0,0.0,0.0,0.0,0.0,0.0
2017-05-27 05:22:00+02:00,0.0,0.0,0.0,0.0,0.0,0.0,0.0,0.0,0.0,0.0,0.0,0.0,0.0,0.0,0.0,0.0,0.0,0.0,0.0,0.0,0.0,0.0,0.0,0.0,0.0,0.0,0.0,0.0,0.0,0.0,0.0,0.0,0.0,0.0,0.0,0.0,0.0,0.0,0.0,0.0,0.0,0.0,0.0,0.0,0.0,0.0,0.0,0.0,0.0,0.0,0.0,0.0,0.0,0.0,0.0,0.0,0.0,0.0,0.0,0.0,0.0,0.0,0.0,0.0,0.0,0.0,0.0,0.0,0.0,0.0,0.0,0.0,0.0,0.0,0.0,0.0,0.0,0.0,0.0,0.0,0.0,0.0,0.0,0.0,0.0,0.0,0.0,0.0,0.0,0.0,0.0,0.0,0.0,0.0,0.0,0.0,0.0,0.0,0.0,0.0,0.0,0.0,0.0,0.0,0.0,0.0,0.0,0.0,0.0,0.0,0.0,0.0,0.0,0.0,0.0,0.0,0.0,0.0
2017-05-27 05:23:00+02:00,0.0,0.0,0.0,0.0,0.0,0.0,0.0,0.0,0.0,0.0,0.0,0.0,0.0,0.0,0.0,0.0,0.0,0.0,0.0,0.0,0.0,0.0,0.0,0.0,0.0,0.0,0.0,0.0,0.0,0.0,0.0,0.0,0.0,0.0,0.0,0.0,0.0,0.0,0.0,0.0,0.0,0.0,0.0,0.0,0.0,0.0,0.0,0.0,0.0,0.0,0.0,0.0,0.0,0.0,0.0,0.0,0.0,0.0,0.0,0.0,0.0,0.0,0.0,0.0,0.0,0.0,0.0,0.0,0.0,0.0,0.0,0.0,0.0,0.0,0.0,0.0,0.0,0.0,0.0,0.0,0.0,0.0,0.0,0.0,0.0,0.0,0.0,0.0,0.0,0.0,0.0,0.0,0.0,0.0,0.0,0.0,0.0,0.0,0.0,0.0,0.0,0.0,0.0,0.0,0.0,0.0,0.0,0.0,0.0,0.0,0.0,0.0,0.0,0.0,0.0,0.0,0.0,0.0
2017-05-27 05:24:00+02:00,0.0,0.0,0.0,0.0,0.0,0.0,0.0,0.0,0.0,0.0,0.0,0.0,0.0,0.0,0.0,0.0,0.0,0.0,0.0,0.0,0.0,0.0,0.0,0.0,0.0,0.0,0.0,0.0,0.0,0.0,0.0,0.0,0.0,0.0,0.0,0.0,0.0,0.0,0.0,0.0,0.0,0.0,0.0,0.0,0.0,0.0,0.0,0.0,0.0,0.0,0.0,0.0,0.0,0.0,0.0,0.0,0.0,0.0,0.0,0.0,0.0,0.0,0.0,0.0,0.0,0.0,0.0,0.0,0.0,0.0,0.0,0.0,0.0,0.0,0.0,0.0,0.0,0.0,0.0,0.0,0.0,0.0,0.0,0.0,0.0,0.0,0.0,0.0,0.0,0.0,0.0,0.0,0.0,0.0,0.0,0.0,0.0,0.0,0.0,0.0,0.0,0.0,0.0,0.0,0.0,0.0,0.0,0.0,0.0,0.0,0.0,0.0,0.0,0.0,0.0,0.0,0.0,0.0
2017-05-27 05:25:00+02:00,0.0,0.0,0.0,0.0,0.0,0.0,0.0,0.0,0.0,0.0,0.0,0.0,0.0,0.0,0.0,0.0,0.0,0.0,0.0,0.0,0.0,0.0,0.0,0.0,0.0,0.0,0.0,0.0,0.0,0.0,0.0,0.0,0.0,0.0,0.0,0.0,0.0,0.0,0.0,0.0,0.0,0.0,0.0,0.0,0.0,0.0,0.0,0.0,0.0,0.0,0.0,0.0,0.0,0.0,0.0,0.0,0.0,0.0,0.0,0.0,0.0,0.0,0.0,0.0,0.0,0.0,0.0,0.0,0.0,0.0,0.0,0.0,0.0,0.0,0.0,0.0,0.0,0.0,0.0,0.0,0.0,0.0,0.0,0.0,0.0,0.0,0.0,0.0,0.0,0.0,0.0,0.0,0.0,0.0,0.0,0.0,0.0,0.0,0.0,0.0,0.0,0.0,0.0,0.0,0.0,0.0,0.0,0.0,0.0,0.0,0.0,0.0,0.0,0.0,0.0,0.0,0.0,0.0
2017-05-27 05:26:00+02:00,0.0,0.0,0.0,0.0,0.0,0.0,0.0,0.0,0.0,0.0,0.0,0.0,0.0,0.0,0.0,0.0,0.0,0.0,0.0,0.0,0.0,0.0,0.0,0.0,0.0,0.0,0.0,0.0,0.0,0.0,0.0,0.0,0.0,0.0,0.0,0.0,0.0,0.0,0.0,0.0,0.0,0.0,0.0,0.0,0.0,0.0,0.0,0.0,0.0,0.0,0.0,0.0,0.0,0.0,0.0,0.0,0.0,0.0,0.0,0.0,0.0,0.0,0.0,0.0,0.0,0.0,0.0,0.0,0.0,0.0,0.0,0.0,0.0,0.0,0.0,0.0,0.0,0.0,0.0,0.0,0.0,0.0,0.0,0.0,0.0,0.0,0.0,0.0,0.0,0.0,0.0,0.0,0.0,0.0,0.0,0.0,0.0,0.0,0.0,0.0,0.0,0.0,0.0,0.0,0.0,0.0,0.0,0.0,0.0,0.0,0.0,0.0,0.0,0.0,0.0,0.0,0.0,0.0
2017-05-27 05:27:00+02:00,0.0,0.0,0.0,0.0,0.0,0.0,0.0,0.0,0.0,0.0,0.0,0.0,0.0,0.0,0.0,0.0,0.0,0.0,0.0,0.0,0.0,0.0,0.0,0.0,0.0,0.0,0.0,0.0,0.0,0.0,0.0,0.0,0.0,0.0,0.0,0.0,0.0,0.0,0.0,0.0,0.0,0.0,0.0,0.0,0.0,0.0,0.0,0.0,0.0,0.0,0.0,0.0,0.0,0.0,0.0,0.0,0.0,0.0,0.0,0.0,0.0,0.0,0.0,0.0,0.0,0.0,0.0,0.0,0.0,0.0,0.0,0.0,0.0,0.0,0.0,0.0,0.0,0.0,0.0,0.0,0.0,0.0,0.0,0.0,0.0,0.0,0.0,0.0,0.0,0.0,0.0,0.0,0.0,0.0,0.0,0.0,0.0,0.0,0.0,0.0,0.0,0.0,0.0,0.0,0.0,0.0,0.0,0.0,0.0,0.0,0.0,0.0,0.0,0.0,0.0,0.0,0.0,0.0
2017-05-27 05:28:00+02:00,0.0,0.0,0.0,0.0,0.0,0.0,0.0,0.0,0.0,0.0,0.0,0.0,0.0,0.0,0.0,0.0,0.0,0.0,0.0,0.0,0.0,0.0,0.0,0.0,0.0,0.0,0.0,0.0,0.0,0.0,0.0,0.0,0.0,0.0,0.0,0.0,0.0,0.0,0.0,0.0,0.0,0.0,0.0,0.0,0.0,0.0,0.0,0.0,0.0,0.0,0.0,0.0,0.0,0.0,0.0,0.0,0.0,0.0,0.0,0.0,0.0,0.0,0.0,0.0,0.0,0.0,0.0,0.0,0.0,0.0,0.0,0.0,0.0,0.0,0.0,0.0,0.0,0.0,0.0,0.0,0.0,0.0,0.0,0.0,0.0,0.0,0.0,0.0,0.0,0.0,0.0,0.0,0.0,0.0,0.0,0.0,0.0,0.0,0.0,0.0,0.0,0.0,0.0,0.0,0.0,0.0,0.0,0.0,0.0,0.0,0.0,0.0,0.0,0.0,0.0,0.0,0.0,0.0
2017-05-27 05:29:00+02:00,0.0,0.0,0.0,0.0,0.0,0.0,0.0,0.0,0.0,0.0,0.0,0.0,0.0,0.0,0.0,0.0,0.0,0.0,0.0,0.0,0.0,0.0,0.0,0.0,0.0,0.0,0.0,0.0,0.0,0.0,0.0,0.0,0.0,0.0,0.0,0.0,0.0,0.0,0.0,0.0,0.0,0.0,0.0,0.0,0.0,0.0,0.0,0.0,0.0,0.0,0.0,0.0,0.0,0.0,0.0,0.0,0.0,0.0,0.0,0.0,0.0,0.0,0.0,0.0,0.0,0.0,0.0,0.0,0.0,0.0,0.0,0.0,0.0,0.0,0.0,0.0,0.0,0.0,0.0,0.0,0.0,0.0,0.0,0.0,0.0,0.0,0.0,0.0,0.0,0.0,0.0,0.0,0.0,0.0,0.0,0.0,0.0,0.0,0.0,0.0,0.0,0.0,0.0,0.0,0.0,0.0,0.0,0.0,0.0,0.0,0.0,0.0,0.0,0.0,0.0,0.0,0.0,0.0
2017-05-27 05:30:00+02:00,0.0,0.0,0.0,0.0,0.0,0.0,0.0,0.0,0.0,0.0,0.0,0.0,0.0,0.0,0.0,0.0,0.0,0.0,0.0,0.0,0.0,0.0,0.0,0.0,0.0,0.0,0.0,0.0,0.0,0.0,0.0,0.0,0.0,0.0,0.0,0.0,0.0,0.0,0.0,0.0,0.0,0.0,0.0,0.0,0.0,0.0,0.0,0.0,0.0,0.0,0.0,0.0,0.0,0.0,0.0,0.0,0.0,0.0,0.0,0.0,0.0,0.0,0.0,0.0,0.0,0.0,0.0,0.0,0.0,0.0,0.0,0.0,0.0,0.0,0.0,0.0,0.0,0.0,0.0,0.0,0.0,0.0,0.0,0.0,0.0,0.0,0.0,0.0,0.0,0.0,0.0,0.0,0.0,0.0,0.0,0.0,0.0,0.0,0.0,0.0,0.0,0.0,0.0,0.0,0.0,0.0,0.0,0.0,0.0,0.0,0.0,0.0,0.0,0.0,0.0,0.0,0.0,0.0
2017-05-27 05:31:00+02:00,0.0,0.0,0.0,0.0,0.0,0.0,0.0,0.0,0.0,0.0,0.0,0.0,0.0,0.0,0.0,0.0,0.0,0.0,0.0,0.0,0.0,0.0,0.0,0.0,0.0,0.0,0.0,0.0,0.0,0.0,0.0,0.0,0.0,0.0,0.0,0.0,0.0,0.0,0.0,0.0,0.0,0.0,0.0,0.0,0.0,0.0,0.0,0.0,0.0,0.0,0.0,0.0,0.0,0.0,0.0,0.0,0.0,0.0,0.0,0.0,0.0,0.0,0.0,0.0,0.0,0.0,0.0,0.0,0.0,0.0,0.0,0.0,0.0,0.0,0.0,0.0,0.0,0.0,0.0,0.0,0.0,0.0,0.0,0.0,0.0,0.0,0.0,0.0,0.0,0.0,0.0,0.0,0.0,0.0,0.0,0.0,0.0,0.0,0.0,0.0,0.0,0.0,0.0,0.0,0.0,0.0,0.0,0.0,0.0,0.0,0.0,0.0,0.0,0.0,0.0,0.0,0.0,0.0
2017-05-27 05:32:00+02:00,0.0,0.0,0.0,0.0,0.0,0.0,0.0,0.0,0.0,0.0,0.0,0.0,0.0,0.0,0.0,0.0,0.0,0.0,0.0,0.0,0.0,0.0,0.0,0.0,0.0,0.0,0.0,0.0,0.0,0.0,0.0,0.0,0.0,0.0,0.0,0.0,0.0,0.0,0.0,0.0,0.0,0.0,0.0,0.0,0.0,0.0,0.0,0.0,0.0,0.0,0.0,0.0,0.0,0.0,0.0,0.0,0.0,0.0,0.0,0.0,0.0,0.0,0.0,0.0,0.0,0.0,0.0,0.0,0.0,0.0,0.0,0.0,0.0,0.0,0.0,0.0,0.0,0.0,0.0,0.0,0.0,0.0,0.0,0.0,0.0,0.0,0.0,0.0,0.0,0.0,0.0,0.0,0.0,0.0,0.0,0.0,0.0,0.0,0.0,0.0,0.0,0.0,0.0,0.0,0.0,0.0,0.0,0.0,0.0,0.0,0.0,0.0,0.0,0.0,0.0,0.0,0.0,0.0
2017-05-27 05:33:00+02:00,0.0,0.0,0.0,0.0,0.0,0.0,0.0,0.0,0.0,0.0,0.0,0.0,0.0,0.0,0.0,0.0,0.0,0.0,0.0,0.0,0.0,0.0,0.0,0.0,0.0,0.0,0.0,0.0,0.0,0.0,0.0,0.0,0.0,0.0,0.0,0.0,0.0,0.0,0.0,0.0,0.0,0.0,0.0,0.0,0.0,0.0,0.0,0.0,0.0,0.0,0.0,0.0,0.0,0.0,0.0,0.0,0.0,0.0,0.0,0.0,0.0,0.0,0.0,0.0,0.0,0.0,0.0,0.0,0.0,0.0,0.0,0.0,0.0,0.0,0.0,0.0,0.0,0.0,0.0,0.0,0.0,0.0,0.0,0.0,0.0,0.0,0.0,0.0,0.0,0.0,0.0,0.0,0.0,0.0,0.0,0.0,0.0,0.0,0.0,0.0,0.0,0.0,0.0,0.0,0.0,0.0,0.0,0.0,0.0,0.0,0.0,0.0,0.0,0.0,0.0,0.0,0.0,0.0
2017-05-27 05:34:00+02:00,0.0,0.0,0.0,0.0,0.0,0.0,0.0,0.0,0.0,0.0,0.0,0.0,0.0,0.0,0.0,0.0,0.0,0.0,0.0,0.0,0.0,0.0,0.0,0.0,0.0,0.0,0.0,0.0,0.0,0.0,0.0,0.0,0.0,0.0,0.0,0.0,0.0,0.0,0.0,0.0,0.0,0.0,0.0,0.0,0.0,0.0,0.0,0.0,0.0,0.0,0.0,0.0,0.0,0.0,0.0,0.0,0.0,0.0,0.0,0.0,0.0,0.0,0.0,0.0,0.0,0.0,0.0,0.0,0.0,0.0,0.0,0.0,0.0,0.0,0.0,0.0,0.0,0.0,0.0,0.0,0.0,0.0,0.0,0.0,0.0,0.0,0.0,0.0,0.0,0.0,0.0,0.0,0.0,0.0,0.0,0.0,0.0,0.0,0.0,0.0,0.0,0.0,0.0,0.0,0.0,0.0,0.0,0.0,0.0,0.0,0.0,0.0,0.0,0.0,0.0,0.0,0.0,0.0
2017-05-27 05:35:00+02:00,0.0,0.0,0.0,0.0,0.0,0.0,0.0,0.0,0.0,0.0,0.0,0.0,0.0,0.0,0.0,0.0,0.0,0.0,0.0,0.0,0.0,0.0,0.0,0.0,0.0,0.0,0.0,0.0,0.0,0.0,0.0,0.0,0.0,0.0,0.0,0.0,0.0,0.0,0.0,0.0,0.0,0.0,0.0,0.0,0.0,0.0,0.0,0.0,0.0,0.0,0.0,0.0,0.0,0.0,0.0,0.0,0.0,0.0,0.0,0.0,0.0,0.0,0.0,0.0,0.0,0.0,0.0,0.0,0.0,0.0,0.0,0.0,0.0,0.0,0.0,0.0,0.0,0.0,0.0,0.0,0.0,0.0,0.0,0.0,0.0,0.0,0.0,0.0,0.0,0.0,0.0,0.0,0.0,0.0,0.0,0.0,0.0,0.0,0.0,0.0,0.0,0.0,0.0,0.0,0.0,0.0,0.0,0.0,0.0,0.0,0.0,0.0,0.0,0.0,0.0,0.0,0.0,0.0
2017-05-27 05:36:00+02:00,0.0,0.0,0.0,0.0,0.0,0.0,0.0,0.0,0.0,0.0,0.0,0.0,0.0,0.0,0.0,0.0,0.0,0.0,0.0,0.0,0.0,0.0,0.0,0.0,0.0,0.0,0.0,0.0,0.0,0.0,0.0,0.0,0.0,0.0,0.0,0.0,0.0,0.0,0.0,0.0,0.0,0.0,0.0,0.0,0.0,0.0,0.0,0.0,0.0,0.0,0.0,0.0,0.0,0.0,0.0,0.0,0.0,0.0,0.0,0.0,0.0,0.0,0.0,0.0,0.0,0.0,0.0,0.0,0.0,0.0,0.0,0.0,0.0,0.0,0.0,0.0,0.0,0.0,0.0,0.0,0.0,0.0,0.0,0.0,0.0,0.0,0.0,0.0,0.0,0.0,0.0,0.0,0.0,0.0,0.0,0.0,0.0,0.0,0.0,0.0,0.0,0.0,0.0,0.0,0.0,0.0,0.0,0.0,0.0,0.0,0.0,0.0,0.0,0.0,0.0,0.0,0.0,0.0
2017-05-27 05:37:00+02:00,0.0,0.0,0.0,0.0,0.0,0.0,0.0,0.0,0.0,0.0,0.0,0.0,0.0,0.0,0.0,0.0,0.0,0.0,0.0,0.0,0.0,0.0,0.0,0.0,0.0,0.0,0.0,0.0,0.0,0.0,0.0,0.0,0.0,0.0,0.0,0.0,0.0,0.0,0.0,0.0,0.0,0.0,0.0,0.0,0.0,0.0,0.0,0.0,0.0,0.0,0.0,0.0,0.0,0.0,0.0,0.0,0.0,0.0,0.0,0.0,0.0,0.0,0.0,0.0,0.0,0.0,0.0,0.0,0.0,0.0,0.0,0.0,0.0,0.0,0.0,0.0,0.0,0.0,0.0,0.0,0.0,0.0,0.0,0.0,0.0,0.0,0.0,0.0,0.0,0.0,0.0,0.0,0.0,0.0,0.0,0.0,0.0,0.0,0.0,0.0,0.0,0.0,0.0,0.0,0.0,0.0,0.0,0.0,0.0,0.0,0.0,0.0,0.0,0.0,0.0,0.0,0.0,0.0
2017-05-27 05:38:00+02:00,0.0,0.0,0.0,0.0,0.0,0.0,0.0,0.0,0.0,0.0,0.0,0.0,0.0,0.0,0.0,0.0,0.0,0.0,0.0,0.0,0.0,0.0,0.0,0.0,0.0,0.0,0.0,0.0,0.0,0.0,0.0,0.0,0.0,0.0,0.0,0.0,0.0,0.0,0.0,0.0,0.0,0.0,0.0,0.0,0.0,0.0,0.0,0.0,0.0,0.0,0.0,0.0,0.0,0.0,0.0,0.0,0.0,0.0,0.0,0.0,0.0,0.0,0.0,0.0,0.0,0.0,0.0,0.0,0.0,0.0,0.0,0.0,0.0,0.0,0.0,0.0,0.0,0.0,0.0,0.0,0.0,0.0,0.0,0.0,0.0,0.0,0.0,0.0,0.0,0.0,0.0,0.0,0.0,0.0,0.0,0.0,0.0,0.0,0.0,0.0,0.0,0.0,0.0,0.0,0.0,0.0,0.0,0.0,0.0,0.0,0.0,0.0,0.0,0.0,0.0,0.0,0.0,0.0
2017-05-27 05:39:00+02:00,0.0,0.0,0.0,0.0,0.0,0.0,0.0,0.0,0.0,0.0,0.0,0.0,0.0,0.0,0.0,0.0,0.0,0.0,0.0,0.0,0.0,0.0,0.0,0.0,0.0,0.0,0.0,0.0,0.0,0.0,0.0,0.0,0.0,0.0,0.0,0.0,0.0,0.0,0.0,0.0,0.0,0.0,0.0,0.0,0.0,0.0,0.0,0.0,0.0,0.0,0.0,0.0,0.0,0.0,0.0,0.0,0.0,0.0,0.0,0.0,0.0,0.0,0.0,0.0,0.0,0.0,0.0,0.0,0.0,0.0,0.0,0.0,0.0,0.0,0.0,0.0,0.0,0.0,0.0,0.0,0.0,0.0,0.0,0.0,0.0,0.0,0.0,0.0,0.0,0.0,0.0,0.0,0.0,0.0,0.0,0.0,0.0,0.0,0.0,0.0,0.0,0.0,0.0,0.0,0.0,0.0,0.0,0.0,0.0,0.0,0.0,0.0,0.0,0.0,0.0,0.0,0.0,0.0
2017-05-27 05:40:00+02:00,0.0,0.0,0.0,0.0,0.0,0.0,0.0,0.0,0.0,0.0,0.0,0.0,0.0,0.0,0.0,0.0,0.0,0.0,0.0,0.0,0.0,0.0,0.0,0.0,0.0,0.0,0.0,0.0,0.0,0.0,0.0,0.0,0.0,0.0,0.0,0.0,0.0,0.0,0.0,0.0,0.0,0.0,0.0,0.0,0.0,0.0,0.0,0.0,0.0,0.0,0.0,0.0,0.0,0.0,0.0,0.0,0.0,0.0,0.0,0.0,0.0,0.0,0.0,0.0,0.0,0.0,0.0,0.0,0.0,0.0,0.0,0.0,0.0,0.0,0.0,0.0,0.0,0.0,0.0,0.0,0.0,0.0,0.0,0.0,0.0,0.0,0.0,0.0,0.0,0.0,0.0,0.0,0.0,0.0,0.0,0.0,0.0,0.0,0.0,0.0,0.0,0.0,0.0,0.0,0.0,0.0,0.0,0.0,0.0,0.0,0.0,0.0,0.0,0.0,0.0,0.0,0.0,0.0
2017-05-27 05:41:00+02:00,0.0,0.0,0.0,0.0,0.0,0.0,0.0,0.0,0.0,0.0,0.0,0.0,0.0,0.0,0.0,0.0,0.0,0.0,0.0,0.0,0.0,0.0,0.0,0.0,0.0,0.0,0.0,0.0,0.0,0.0,0.0,0.0,0.0,0.0,0.0,0.0,0.0,0.0,0.0,0.0,0.0,0.0,0.0,0.0,0.0,0.0,0.0,0.0,0.0,0.0,0.0,0.0,0.0,0.0,0.0,0.0,0.0,0.0,0.0,0.0,0.0,0.0,0.0,0.0,0.0,0.0,0.0,0.0,0.0,0.0,0.0,0.0,0.0,0.0,0.0,0.0,0.0,0.0,0.0,0.0,0.0,0.0,0.0,0.0,0.0,0.0,0.0,0.0,0.0,0.0,0.0,0.0,0.0,0.0,0.0,0.0,0.0,0.0,0.0,0.0,0.0,0.0,0.0,0.0,0.0,0.0,0.0,0.0,0.0,0.0,0.0,0.0,0.0,0.0,0.0,0.0,0.0,0.0
2017-05-27 05:42:00+02:00,0.0,0.0,0.0,0.0,0.0,0.0,0.0,0.0,0.0,0.0,0.0,0.0,0.0,0.0,0.0,0.0,0.0,0.0,0.0,0.0,0.0,0.0,0.0,0.0,0.0,0.0,0.0,0.0,0.0,0.0,0.0,0.0,0.0,0.0,0.0,0.0,0.0,0.0,0.0,0.0,0.0,0.0,0.0,0.0,0.0,0.0,0.0,0.0,0.0,0.0,0.0,0.0,0.0,0.0,0.0,0.0,0.0,0.0,0.0,0.0,0.0,0.0,0.0,0.0,0.0,0.0,0.0,0.0,0.0,0.0,0.0,0.0,0.0,0.0,0.0,0.0,0.0,0.0,0.0,0.0,0.0,0.0,0.0,0.0,0.0,0.0,0.0,0.0,0.0,0.0,0.0,0.0,0.0,0.0,0.0,0.0,0.0,0.0,0.0,0.0,0.0,0.0,0.0,0.0,0.0,0.0,0.0,0.0,0.0,0.0,0.0,0.0,0.0,0.0,0.0,0.0,0.0,0.0
2017-05-27 05:43:00+02:00,0.0,0.0,0.0,0.0,0.0,0.0,0.0,0.0,0.0,0.0,0.0,0.0,0.0,0.0,0.0,0.0,0.0,0.0,0.0,0.0,0.0,0.0,0.0,0.0,0.0,0.0,0.0,0.0,0.0,0.0,0.0,0.0,0.0,0.0,0.0,0.0,0.0,0.0,0.0,0.0,0.0,0.0,0.0,0.0,0.0,0.0,0.0,0.0,0.0,0.0,0.0,0.0,0.0,0.0,0.0,0.0,0.0,0.0,0.0,0.0,0.0,0.0,0.0,0.0,0.0,0.0,0.0,0.0,0.0,0.0,0.0,0.0,0.0,0.0,0.0,0.0,0.0,0.0,0.0,0.0,0.0,0.0,0.0,0.0,0.0,0.0,0.0,0.0,0.0,0.0,0.0,0.0,0.0,0.0,0.0,0.0,0.0,0.0,0.0,0.0,0.0,0.0,0.0,0.0,0.0,0.0,0.0,0.0,0.0,0.0,0.0,0.0,0.0,0.0,0.0,0.0,0.0,0.0
2017-05-27 05:44:00+02:00,0.0,0.0,0.0,0.0,0.0,0.0,0.0,0.0,0.0,0.0,0.0,0.0,0.0,0.0,0.0,0.0,0.0,0.0,0.0,0.0,0.0,0.0,0.0,0.0,0.0,0.0,0.0,0.0,0.0,0.0,0.0,0.0,0.0,0.0,0.0,0.0,0.0,0.0,0.0,0.0,0.0,0.0,0.0,0.0,0.0,0.0,0.0,0.0,0.0,0.0,0.0,0.0,0.0,0.0,0.0,0.0,0.0,0.0,0.0,0.0,0.0,0.0,0.0,0.0,0.0,0.0,0.0,0.0,0.0,0.0,0.0,0.0,0.0,0.0,0.0,0.0,0.0,0.0,0.0,0.0,0.0,0.0,0.0,0.0,0.0,0.0,0.0,0.0,0.0,0.0,0.0,0.0,0.0,0.0,0.0,0.0,0.0,0.0,0.0,0.0,0.0,0.0,0.0,0.0,0.0,0.0,0.0,0.0,0.0,0.0,0.0,0.0,0.0,0.0,0.0,0.0,0.0,0.0
2017-05-27 05:45:00+02:00,0.0,0.0,0.0,0.0,0.0,0.0,0.0,0.0,0.0,0.0,0.0,0.0,0.0,0.0,0.0,0.0,0.0,0.0,0.0,0.0,0.0,0.0,0.0,0.0,0.0,0.0,0.0,0.0,0.0,0.0,0.0,0.0,0.0,0.0,0.0,0.0,0.0,0.0,0.0,0.0,0.0,0.0,0.0,0.0,0.0,0.0,0.0,0.0,0.0,0.0,0.0,0.0,0.0,0.0,0.0,0.0,0.0,0.0,0.0,0.0,0.0,0.0,0.0,0.0,0.0,0.0,0.0,0.0,0.0,0.0,0.0,0.0,0.0,0.0,0.0,0.0,0.0,0.0,0.0,0.0,0.0,0.0,0.0,0.0,0.0,0.0,0.0,0.0,0.0,0.0,0.0,0.0,0.0,0.0,0.0,0.0,0.0,0.0,0.0,0.0,0.0,0.0,0.0,0.0,0.0,0.0,0.0,0.0,0.0,0.0,0.0,0.0,0.0,0.0,0.0,0.0,0.0,0.0
2017-05-27 05:46:00+02:00,0.0,0.0,0.0,0.0,0.0,0.0,0.0,0.0,0.0,0.0,0.0,0.0,0.0,0.0,0.0,0.0,0.0,0.0,0.0,0.0,0.0,0.0,0.0,0.0,0.0,0.0,0.0,0.0,0.0,0.0,0.0,0.0,0.0,0.0,0.0,0.0,0.0,0.0,0.0,0.0,0.0,0.0,0.0,0.0,0.0,0.0,0.0,0.0,0.0,0.0,0.0,0.0,0.0,0.0,0.0,0.0,0.0,0.0,0.0,0.0,0.0,0.0,0.0,0.0,0.0,0.0,0.0,0.0,0.0,0.0,0.0,0.0,0.0,0.0,0.0,0.0,0.0,0.0,0.0,0.0,0.0,0.0,0.0,0.0,0.0,0.0,0.0,0.0,0.0,0.0,0.0,0.0,0.0,0.0,0.0,0.0,0.0,0.0,0.0,0.0,0.0,0.0,0.0,0.0,0.0,0.0,0.0,0.0,0.0,0.0,0.0,0.0,0.0,0.0,0.0,0.0,0.0,0.0
2017-05-27 05:47:00+02:00,0.0,0.0,0.0,0.0,0.0,0.0,0.0,0.0,0.0,0.0,0.0,0.0,0.0,0.0,0.0,0.0,0.0,0.0,0.0,0.0,0.0,0.0,0.0,0.0,0.0,0.0,0.0,0.0,0.0,0.0,0.0,0.0,0.0,0.0,0.0,0.0,0.0,0.0,0.0,0.0,0.0,0.0,0.0,0.0,0.0,0.0,0.0,0.0,0.0,0.0,0.0,0.0,0.0,0.0,0.0,0.0,0.0,0.0,0.0,0.0,0.0,0.0,0.0,0.0,0.0,0.0,0.0,0.0,0.0,0.0,0.0,0.0,0.0,0.0,0.0,0.0,0.0,0.0,0.0,0.0,0.0,0.0,0.0,0.0,0.0,0.0,0.0,0.0,0.0,0.0,0.0,0.0,0.0,0.0,0.0,0.0,0.0,0.0,0.0,0.0,0.0,0.0,0.0,0.0,0.0,0.0,0.0,0.0,0.0,0.0,0.0,0.0,0.0,0.0,0.0,0.0,0.0,0.0
2017-05-27 05:48:00+02:00,0.0,0.0,0.0,0.0,0.0,0.0,0.0,0.0,0.0,0.0,0.0,0.0,0.0,0.0,0.0,0.0,0.0,0.0,0.0,0.0,0.0,0.0,0.0,0.0,0.0,0.0,0.0,0.0,0.0,0.0,0.0,0.0,0.0,0.0,0.0,0.0,0.0,0.0,0.0,0.0,0.0,0.0,0.0,0.0,0.0,0.0,0.0,0.0,0.0,0.0,0.0,0.0,0.0,0.0,0.0,0.0,0.0,0.0,0.0,0.0,0.0,0.0,0.0,0.0,0.0,0.0,0.0,0.0,0.0,0.0,0.0,0.0,0.0,0.0,0.0,0.0,0.0,0.0,0.0,0.0,0.0,0.0,0.0,0.0,0.0,0.0,0.0,0.0,0.0,0.0,0.0,0.0,0.0,0.0,0.0,0.0,0.0,0.0,0.0,0.0,0.0,0.0,0.0,0.0,0.0,0.0,0.0,0.0,0.0,0.0,0.0,0.0,0.0,0.0,0.0,0.0,0.0,0.0
2017-05-27 05:49:00+02:00,0.0,0.0,0.0,0.0,0.0,0.0,0.0,0.0,0.0,0.0,0.0,0.0,0.0,0.0,0.0,0.0,0.0,0.0,0.0,0.0,0.0,0.0,0.0,0.0,0.0,0.0,0.0,0.0,0.0,0.0,0.0,0.0,0.0,0.0,0.0,0.0,0.0,0.0,0.0,0.0,0.0,0.0,0.0,0.0,0.0,0.0,0.0,0.0,0.0,0.0,0.0,0.0,0.0,0.0,0.0,0.0,0.0,0.0,0.0,0.0,0.0,0.0,0.0,0.0,0.0,0.0,0.0,0.0,0.0,0.0,0.0,0.0,0.0,0.0,0.0,0.0,0.0,0.0,0.0,0.0,0.0,0.0,0.0,0.0,0.0,0.0,0.0,0.0,0.0,0.0,0.0,0.0,0.0,0.0,0.0,0.0,0.0,0.0,0.0,0.0,0.0,0.0,0.0,0.0,0.0,0.0,0.0,0.0,0.0,0.0,0.0,0.0,0.0,0.0,0.0,0.0,0.0,0.0
2017-05-27 05:50:00+02:00,0.0,0.0,0.0,0.0,0.0,0.0,0.0,0.0,0.0,0.0,0.0,0.0,0.0,0.0,0.0,0.0,0.0,0.0,0.0,0.0,0.0,0.0,0.0,0.0,0.0,0.0,0.0,0.0,0.0,0.0,0.0,0.0,0.0,0.0,0.0,0.0,0.0,0.0,0.0,0.0,0.0,0.0,0.0,0.0,0.0,0.0,0.0,0.0,0.0,0.0,0.0,0.0,0.0,0.0,0.0,0.0,0.0,0.0,0.0,0.0,0.0,0.0,0.0,0.0,0.0,0.0,0.0,0.0,0.0,0.0,0.0,0.0,0.0,0.0,0.0,0.0,0.0,0.0,0.0,0.0,0.0,0.0,0.0,0.0,0.0,0.0,0.0,0.0,0.0,0.0,0.0,0.0,0.0,0.0,0.0,0.0,0.0,0.0,0.0,0.0,0.0,0.0,0.0,0.0,0.0,0.0,0.0,0.0,0.0,0.0,0.0,0.0,0.0,0.0,0.0,0.0,0.0,0.0
2017-05-27 05:51:00+02:00,0.0,0.0,0.0,0.0,0.0,0.0,0.0,0.0,0.0,0.0,0.0,0.0,0.0,0.0,0.0,0.0,0.0,0.0,0.0,0.0,0.0,0.0,0.0,0.0,0.0,0.0,0.0,0.0,0.0,0.0,0.0,0.0,0.0,0.0,0.0,0.0,0.0,0.0,0.0,0.0,0.0,0.0,0.0,0.0,0.0,0.0,0.0,0.0,0.0,0.0,0.0,0.0,0.0,0.0,0.0,0.0,0.0,0.0,0.0,0.0,0.0,0.0,0.0,0.0,0.0,0.0,0.0,0.0,0.0,0.0,0.0,0.0,0.0,0.0,0.0,0.0,0.0,0.0,0.0,0.0,0.0,0.0,0.0,0.0,0.0,0.0,0.0,0.0,0.0,0.0,0.0,0.0,0.0,0.0,0.0,0.0,0.0,0.0,0.0,0.0,0.0,0.0,0.0,0.0,0.0,0.0,0.0,0.0,0.0,0.0,0.0,0.0,0.0,0.0,0.0,0.0,0.0,0.0
2017-05-27 05:52:00+02:00,0.0,0.0,0.0,0.0,0.0,0.0,0.0,0.0,0.0,0.0,0.0,0.0,0.0,0.0,0.0,0.0,0.0,0.0,0.0,0.0,0.0,0.0,0.0,0.0,0.0,0.0,0.0,0.0,0.0,0.0,0.0,0.0,0.0,0.0,0.0,0.0,0.0,0.0,0.0,0.0,0.0,0.0,0.0,0.0,0.0,0.0,0.0,0.0,0.0,0.0,0.0,0.0,0.0,0.0,0.0,0.0,0.0,0.0,0.0,0.0,0.0,0.0,0.0,0.0,0.0,0.0,0.0,0.0,0.0,0.0,0.0,0.0,0.0,0.0,0.0,0.0,0.0,0.0,0.0,0.0,0.0,0.0,0.0,0.0,0.0,0.0,0.0,0.0,0.0,0.0,0.0,0.0,0.0,0.0,0.0,0.0,0.0,0.0,0.0,0.0,0.0,0.0,0.0,0.0,0.0,0.0,0.0,0.0,0.0,0.0,0.0,0.0,0.0,0.0,0.0,0.0,0.0,0.0
2017-05-27 05:53:00+02:00,0.0,0.0,0.0,0.0,0.0,0.0,0.0,0.0,0.0,0.0,0.0,0.0,0.0,0.0,0.0,0.0,0.0,0.0,0.0,0.0,0.0,0.0,0.0,0.0,0.0,0.0,0.0,0.0,0.0,0.0,0.0,0.0,0.0,0.0,0.0,0.0,0.0,0.0,0.0,0.0,0.0,0.0,0.0,0.0,0.0,0.0,0.0,0.0,0.0,0.0,0.0,0.0,0.0,0.0,0.0,0.0,0.0,0.0,0.0,0.0,0.0,0.0,0.0,0.0,0.0,0.0,0.0,0.0,0.0,0.0,0.0,0.0,0.0,0.0,0.0,0.0,0.0,0.0,0.0,0.0,0.0,0.0,0.0,0.0,0.0,0.0,0.0,0.0,0.0,0.0,0.0,0.0,0.0,0.0,0.0,0.0,0.0,0.0,0.0,0.0,0.0,0.0,0.0,0.0,0.0,0.0,0.0,0.0,0.0,0.0,0.0,0.0,0.0,0.0,0.0,0.0,0.0,0.0
2017-05-27 05:54:00+02:00,0.0,0.0,0.0,0.0,0.0,0.0,0.0,0.0,0.0,0.0,0.0,0.0,0.0,0.0,0.0,0.0,0.0,0.0,0.0,0.0,0.0,0.0,0.0,0.0,0.0,0.0,0.0,0.0,0.0,0.0,0.0,0.0,0.0,0.0,0.0,0.0,0.0,0.0,0.0,0.0,0.0,0.0,0.0,0.0,0.0,0.0,0.0,0.0,0.0,0.0,0.0,0.0,0.0,0.0,0.0,0.0,0.0,0.0,0.0,0.0,0.0,0.0,0.0,0.0,0.0,0.0,0.0,0.0,0.0,0.0,0.0,0.0,0.0,0.0,0.0,0.0,0.0,0.0,0.0,0.0,0.0,0.0,0.0,0.0,0.0,0.0,0.0,0.0,0.0,0.0,0.0,0.0,0.0,0.0,0.0,0.0,0.0,0.0,0.0,0.0,0.0,0.0,0.0,0.0,0.0,0.0,0.0,0.0,0.0,0.0,0.0,0.0,0.0,0.0,0.0,0.0,0.0,0.0
2017-05-27 05:55:00+02:00,0.0,0.0,0.0,0.0,0.0,0.0,0.0,0.0,0.0,0.0,0.0,0.0,0.0,0.0,0.0,0.0,0.0,0.0,0.0,0.0,0.0,0.0,0.0,0.0,0.0,0.0,0.0,0.0,0.0,0.0,0.0,0.0,0.0,0.0,0.0,0.0,0.0,0.0,0.0,0.0,0.0,0.0,0.0,0.0,0.0,0.0,0.0,0.0,0.0,0.0,0.0,0.0,0.0,0.0,0.0,0.0,0.0,0.0,0.0,0.0,0.0,0.0,0.0,0.0,0.0,0.0,0.0,0.0,0.0,0.0,0.0,0.0,0.0,0.0,0.0,0.0,0.0,0.0,0.0,0.0,0.0,0.0,0.0,0.0,0.0,0.0,0.0,0.0,0.0,0.0,0.0,0.0,0.0,0.0,0.0,0.0,0.0,0.0,0.0,0.0,0.0,0.0,0.0,0.0,0.0,0.0,0.0,0.0,0.0,0.0,0.0,0.0,0.0,0.0,0.0,0.0,0.0,0.0
2017-05-27 05:56:00+02:00,0.0,0.0,0.0,0.0,0.0,0.0,0.0,0.0,0.0,0.0,0.0,0.0,0.0,0.0,0.0,0.0,0.0,0.0,0.0,0.0,0.0,0.0,0.0,0.0,0.0,0.0,0.0,0.0,0.0,0.0,0.0,0.0,0.0,0.0,0.0,0.0,0.0,0.0,0.0,0.0,0.0,0.0,0.0,0.0,0.0,0.0,0.0,0.0,0.0,0.0,0.0,0.0,0.0,0.0,0.0,0.0,0.0,0.0,0.0,0.0,0.0,0.0,0.0,0.0,0.0,0.0,0.0,0.0,0.0,0.0,0.0,0.0,0.0,0.0,0.0,0.0,0.0,0.0,0.0,0.0,0.0,0.0,0.0,0.0,0.0,0.0,0.0,0.0,0.0,0.0,0.0,0.0,0.0,0.0,0.0,0.0,0.0,0.0,0.0,0.0,0.0,0.0,0.0,0.0,0.0,0.0,0.0,0.0,0.0,0.0,0.0,0.0,0.0,0.0,0.0,0.0,0.0,0.0
2017-05-27 05:57:00+02:00,0.0,0.0,0.0,0.0,0.0,0.0,0.0,0.0,0.0,0.0,0.0,0.0,0.0,0.0,0.0,0.0,0.0,0.0,0.0,0.0,0.0,0.0,0.0,0.0,0.0,0.0,0.0,0.0,0.0,0.0,0.0,0.0,0.0,0.0,0.0,0.0,0.0,0.0,0.0,0.0,0.0,0.0,0.0,0.0,0.0,0.0,0.0,0.0,0.0,0.0,0.0,0.0,0.0,0.0,0.0,0.0,0.0,0.0,0.0,0.0,0.0,0.0,0.0,0.0,0.0,0.0,0.0,0.0,0.0,0.0,0.0,0.0,0.0,0.0,0.0,0.0,0.0,0.0,0.0,0.0,0.0,0.0,0.0,0.0,0.0,0.0,0.0,0.0,0.0,0.0,0.0,0.0,0.0,0.0,0.0,0.0,0.0,0.0,0.0,0.0,0.0,0.0,0.0,0.0,0.0,0.0,0.0,0.0,0.0,0.0,0.0,0.0,0.0,0.0,0.0,0.0,0.0,0.0
2017-05-27 05:58:00+02:00,0.0,0.0,0.0,0.0,0.0,0.0,0.0,0.0,0.0,0.0,0.0,0.0,0.0,0.0,0.0,0.0,0.0,0.0,0.0,0.0,0.0,0.0,0.0,0.0,0.0,0.0,0.0,0.0,0.0,0.0,0.0,0.0,0.0,0.0,0.0,0.0,0.0,0.0,0.0,0.0,0.0,0.0,0.0,0.0,0.0,0.0,0.0,0.0,0.0,0.0,0.0,0.0,0.0,0.0,0.0,0.0,0.0,0.0,0.0,0.0,0.0,0.0,0.0,0.0,0.0,0.0,0.0,0.0,0.0,0.0,0.0,0.0,0.0,0.0,0.0,0.0,0.0,0.0,0.0,0.0,0.0,0.0,0.0,0.0,0.0,0.0,0.0,0.0,0.0,0.0,0.0,0.0,0.0,0.0,0.0,0.0,0.0,0.0,0.0,0.0,0.0,0.0,0.0,0.0,0.0,0.0,0.0,0.0,0.0,0.0,0.0,0.0,0.0,0.0,0.0,0.0,0.0,0.0
2017-05-27 05:59:00+02:00,0.0,0.0,0.0,0.0,0.0,0.0,0.0,0.0,0.0,0.0,0.0,0.0,0.0,0.0,0.0,0.0,0.0,0.0,0.0,0.0,0.0,0.0,0.0,0.0,0.0,0.0,0.0,0.0,0.0,0.0,0.0,0.0,0.0,0.0,0.0,0.0,0.0,0.0,0.0,0.0,0.0,0.0,0.0,0.0,0.0,0.0,0.0,0.0,0.0,0.0,0.0,0.0,0.0,0.0,0.0,0.0,0.0,0.0,0.0,0.0,0.0,0.0,0.0,0.0,0.0,0.0,0.0,0.0,0.0,0.0,0.0,0.0,0.0,0.0,0.0,0.0,0.0,0.0,0.0,0.0,0.0,0.0,0.0,0.0,0.0,0.0,0.0,0.0,0.0,0.0,0.0,0.0,0.0,0.0,0.0,0.0,0.0,0.0,0.0,0.0,0.0,0.0,0.0,0.0,0.0,0.0,0.0,0.0,0.0,0.0,0.0,0.0,0.0,0.0,0.0,0.0,0.0,0.0
2017-05-27 06:00:00+02:00,0.0,0.0,0.0,0.0,0.0,0.0,0.0,0.0,0.0,0.0,0.0,0.0,0.0,0.0,0.0,0.0,0.0,0.0,0.0,0.0,0.0,0.0,0.0,0.0,0.0,0.0,0.0,0.0,0.0,0.0,0.0,0.0,0.0,0.0,0.0,0.0,0.0,0.0,0.0,0.0,0.0,0.0,0.0,0.0,0.0,0.0,0.0,0.0,0.0,0.0,0.0,0.0,0.0,0.0,0.0,0.0,0.0,0.0,0.0,0.0,0.0,0.0,0.0,0.0,0.0,0.0,0.0,0.0,0.0,0.0,0.0,0.0,0.0,0.0,0.0,0.0,0.0,0.0,0.0,0.0,0.0,0.0,0.0,0.0,0.0,0.0,0.0,0.0,0.0,0.0,0.0,0.0,0.0,0.0,0.0,0.0,0.0,0.0,0.0,0.0,0.0,0.0,0.0,0.0,0.0,0.0,0.0,0.0,0.0,0.0,0.0,0.0,0.0,0.0,0.0,0.0,0.0,0.0
2017-05-27 06:01:00+02:00,0.0,0.0,0.0,0.0,0.0,0.0,0.0,0.0,0.0,0.0,0.0,0.0,0.0,0.0,0.0,0.0,0.0,0.0,0.0,0.0,0.0,0.0,0.0,0.0,0.0,0.0,0.0,0.0,0.0,0.0,0.0,0.0,0.0,0.0,0.0,0.0,0.0,0.0,0.0,0.0,0.0,0.0,0.0,0.0,0.0,0.0,0.0,0.0,0.0,0.0,0.0,0.0,0.0,0.0,0.0,0.0,0.0,0.0,0.0,0.0,0.0,0.0,0.0,0.0,0.0,0.0,0.0,0.0,0.0,0.0,0.0,0.0,0.0,0.0,0.0,0.0,0.0,0.0,0.0,0.0,0.0,0.0,0.0,0.0,0.0,0.0,0.0,0.0,0.0,0.0,0.0,0.0,0.0,0.0,0.0,0.0,0.0,0.0,0.0,0.0,0.0,0.0,0.0,0.0,0.0,0.0,0.0,0.0,0.0,0.0,0.0,0.0,0.0,0.0,0.0,0.0,0.0,0.0
2017-05-27 06:02:00+02:00,0.0,0.0,0.0,0.0,0.0,0.0,0.0,0.0,0.0,0.0,0.0,0.0,0.0,0.0,0.0,0.0,0.0,0.0,0.0,0.0,0.0,0.0,0.0,0.0,0.0,0.0,0.0,0.0,0.0,0.0,0.0,0.0,0.0,0.0,0.0,0.0,0.0,0.0,0.0,0.0,0.0,0.0,0.0,0.0,0.0,0.0,0.0,0.0,0.0,0.0,0.0,0.0,0.0,0.0,0.0,0.0,0.0,0.0,0.0,0.0,0.0,0.0,0.0,0.0,0.0,0.0,0.0,0.0,0.0,0.0,0.0,0.0,0.0,0.0,0.0,0.0,0.0,0.0,0.0,0.0,0.0,0.0,0.0,0.0,0.0,0.0,0.0,0.0,0.0,0.0,0.0,0.0,0.0,0.0,0.0,0.0,0.0,0.0,0.0,0.0,0.0,0.0,0.0,0.0,0.0,0.0,0.0,0.0,0.0,0.0,0.0,0.0,0.0,0.0,0.0,0.0,0.0,0.0
2017-05-27 06:03:00+02:00,0.0,0.0,0.0,0.0,0.0,0.0,0.0,0.0,0.0,0.0,0.0,0.0,0.0,0.0,0.0,0.0,0.0,0.0,0.0,0.0,0.0,0.0,0.0,0.0,0.0,0.0,0.0,0.0,0.0,0.0,0.0,0.0,0.0,0.0,0.0,0.0,0.0,0.0,0.0,0.0,0.0,0.0,0.0,0.0,0.0,0.0,0.0,0.0,0.0,0.0,0.0,0.0,0.0,0.0,0.0,0.0,0.0,0.0,0.0,0.0,0.0,0.0,0.0,0.0,0.0,0.0,0.0,0.0,0.0,0.0,0.0,0.0,0.0,0.0,0.0,0.0,0.0,0.0,0.0,0.0,0.0,0.0,0.0,0.0,0.0,0.0,0.0,0.0,0.0,0.0,0.0,0.0,0.0,0.0,0.0,0.0,0.0,0.0,0.0,0.0,0.0,0.0,0.0,0.0,0.0,0.0,0.0,0.0,0.0,0.0,0.0,0.0,0.0,0.0,0.0,0.0,0.0,0.0
2017-05-27 06:04:00+02:00,0.0,0.0,0.0,0.0,0.0,0.0,0.0,0.0,0.0,0.0,0.0,0.0,0.0,0.0,0.0,0.0,0.0,0.0,0.0,0.0,0.0,0.0,0.0,0.0,0.0,0.0,0.0,0.0,0.0,0.0,0.0,0.0,0.0,0.0,0.0,0.0,0.0,0.0,0.0,0.0,0.0,0.0,0.0,0.0,0.0,0.0,0.0,0.0,0.0,0.0,0.0,0.0,0.0,0.0,0.0,0.0,0.0,0.0,0.0,0.0,0.0,0.0,0.0,0.0,0.0,0.0,0.0,0.0,0.0,0.0,0.0,0.0,0.0,0.0,0.0,0.0,0.0,0.0,0.0,0.0,0.0,0.0,0.0,0.0,0.0,0.0,0.0,0.0,0.0,0.0,0.0,0.0,0.0,0.0,0.0,0.0,0.0,0.0,0.0,0.0,0.0,0.0,0.0,0.0,0.0,0.0,0.0,0.0,0.0,0.0,0.0,0.0,0.0,0.0,0.0,0.0,0.0,0.0
2017-05-27 06:05:00+02:00,0.0,0.0,0.0,0.0,0.0,0.0,0.0,0.0,0.0,0.0,0.0,0.0,0.0,0.0,0.0,0.0,0.0,0.0,0.0,0.0,0.0,0.0,0.0,0.0,0.0,0.0,0.0,0.0,0.0,0.0,0.0,0.0,0.0,0.0,0.0,0.0,0.0,0.0,0.0,0.0,0.0,0.0,0.0,0.0,0.0,0.0,0.0,0.0,0.0,0.0,0.0,0.0,0.0,0.0,0.0,0.0,0.0,0.0,0.0,0.0,0.0,0.0,0.0,0.0,0.0,0.0,0.0,0.0,0.0,0.0,0.0,0.0,0.0,0.0,0.0,0.0,0.0,0.0,0.0,0.0,0.0,0.0,0.0,0.0,0.0,0.0,0.0,0.0,0.0,0.0,0.0,0.0,0.0,0.0,0.0,0.0,0.0,0.0,0.0,0.0,0.0,0.0,0.0,0.0,0.0,0.0,0.0,0.0,0.0,0.0,0.0,0.0,0.0,0.0,0.0,0.0,0.0,0.0
2017-05-27 06:06:00+02:00,0.0,0.0,0.0,0.0,0.0,0.0,0.0,0.0,0.0,0.0,0.0,0.0,0.0,0.0,0.0,0.0,0.0,0.0,0.0,0.0,0.0,0.0,0.0,0.0,0.0,0.0,0.0,0.0,0.0,0.0,0.0,0.0,0.0,0.0,0.0,0.0,0.0,0.0,0.0,0.0,0.0,0.0,0.0,0.0,0.0,0.0,0.0,0.0,0.0,0.0,0.0,0.0,0.0,0.0,0.0,0.0,0.0,0.0,0.0,0.0,0.0,0.0,0.0,0.0,0.0,0.0,0.0,0.0,0.0,0.0,0.0,0.0,0.0,0.0,0.0,0.0,0.0,0.0,0.0,0.0,0.0,0.0,0.0,0.0,0.0,0.0,0.0,0.0,0.0,0.0,0.0,0.0,0.0,0.0,0.0,0.0,0.0,0.0,0.0,0.0,0.0,0.0,0.0,0.0,0.0,0.0,0.0,0.0,0.0,0.0,0.0,0.0,0.0,0.0,0.0,0.0,0.0,0.0
2017-05-27 06:07:00+02:00,0.0,0.0,0.0,0.0,0.0,0.0,0.0,0.0,0.0,0.0,0.0,0.0,0.0,0.0,0.0,0.0,0.0,0.0,0.0,0.0,0.0,0.0,0.0,0.0,0.0,0.0,0.0,0.0,0.0,0.0,0.0,0.0,0.0,0.0,0.0,0.0,0.0,0.0,0.0,0.0,0.0,0.0,0.0,0.0,0.0,0.0,0.0,0.0,0.0,0.0,0.0,0.0,0.0,0.0,0.0,0.0,0.0,0.0,0.0,0.0,0.0,0.0,0.0,0.0,0.0,0.0,0.0,0.0,0.0,0.0,0.0,0.0,0.0,0.0,0.0,0.0,0.0,0.0,0.0,0.0,0.0,0.0,0.0,0.0,0.0,0.0,0.0,0.0,0.0,0.0,0.0,0.0,0.0,0.0,0.0,0.0,0.0,0.0,0.0,0.0,0.0,0.0,0.0,0.0,0.0,0.0,0.0,0.0,0.0,0.0,0.0,0.0,0.0,0.0,0.0,0.0,0.0,0.0
2017-05-27 06:08:00+02:00,0.0,0.0,0.0,0.0,0.0,0.0,0.0,0.0,0.0,0.0,0.0,0.0,0.0,0.0,0.0,0.0,0.0,0.0,0.0,0.0,0.0,0.0,0.0,0.0,0.0,0.0,0.0,0.0,0.0,0.0,0.0,0.0,0.0,0.0,0.0,0.0,0.0,0.0,0.0,0.0,0.0,0.0,0.0,0.0,0.0,0.0,0.0,0.0,0.0,0.0,0.0,0.0,0.0,0.0,0.0,0.0,0.0,0.0,0.0,0.0,0.0,0.0,0.0,0.0,0.0,0.0,0.0,0.0,0.0,0.0,0.0,0.0,0.0,0.0,0.0,0.0,0.0,0.0,0.0,0.0,0.0,0.0,0.0,0.0,0.0,0.0,0.0,0.0,0.0,0.0,0.0,0.0,0.0,0.0,0.0,0.0,0.0,0.0,0.0,0.0,0.0,0.0,0.0,0.0,0.0,0.0,0.0,0.0,0.0,0.0,0.0,0.0,0.0,0.0,0.0,0.0,0.0,0.0
2017-05-27 06:09:00+02:00,0.0,0.0,0.0,0.0,0.0,0.0,0.0,0.0,0.0,0.0,0.0,0.0,0.0,0.0,0.0,0.0,0.0,0.0,0.0,0.0,0.0,0.0,0.0,0.0,0.0,0.0,0.0,0.0,0.0,0.0,0.0,0.0,0.0,0.0,0.0,0.0,0.0,0.0,0.0,0.0,0.0,0.0,0.0,0.0,0.0,0.0,0.0,0.0,0.0,0.0,0.0,0.0,0.0,0.0,0.0,0.0,0.0,0.0,0.0,0.0,0.0,0.0,0.0,0.0,0.0,0.0,0.0,0.0,0.0,0.0,0.0,0.0,0.0,0.0,0.0,0.0,0.0,0.0,0.0,0.0,0.0,0.0,0.0,0.0,0.0,0.0,0.0,0.0,0.0,0.0,0.0,0.0,0.0,0.0,0.0,0.0,0.0,0.0,0.0,0.0,0.0,0.0,0.0,0.0,0.0,0.0,0.0,0.0,0.0,0.0,0.0,0.0,0.0,0.0,0.0,0.0,0.0,0.0
2017-05-27 06:10:00+02:00,0.0,0.0,0.0,0.0,0.0,0.0,0.0,0.0,0.0,0.0,0.0,0.0,0.0,0.0,0.0,0.0,0.0,0.0,0.0,0.0,0.0,0.0,0.0,0.0,0.0,0.0,0.0,0.0,0.0,0.0,0.0,0.0,0.0,0.0,0.0,0.0,0.0,0.0,0.0,0.0,0.0,0.0,0.0,0.0,0.0,0.0,0.0,0.0,0.0,0.0,0.0,0.0,0.0,0.0,0.0,0.0,0.0,0.0,0.0,0.0,0.0,0.0,0.0,0.0,0.0,0.0,0.0,0.0,0.0,0.0,0.0,0.0,0.0,0.0,0.0,0.0,0.0,0.0,0.0,0.0,0.0,0.0,0.0,0.0,0.0,0.0,0.0,0.0,0.0,0.0,0.0,0.0,0.0,0.0,0.0,0.0,0.0,0.0,0.0,0.0,0.0,0.0,0.0,0.0,0.0,0.0,0.0,0.0,0.0,0.0,0.0,0.0,0.0,0.0,0.0,0.0,0.0,0.0
2017-05-27 06:11:00+02:00,0.0,0.0,0.0,0.0,0.0,0.0,0.0,0.0,0.0,0.0,0.0,0.0,0.0,0.0,0.0,0.0,0.0,0.0,0.0,0.0,0.0,0.0,0.0,0.0,0.0,0.0,0.0,0.0,0.0,0.0,0.0,0.0,0.0,0.0,0.0,0.0,0.0,0.0,0.0,0.0,0.0,0.0,0.0,0.0,0.0,0.0,0.0,0.0,0.0,0.0,0.0,0.0,0.0,0.0,0.0,0.0,0.0,0.0,0.0,0.0,0.0,0.0,0.0,0.0,0.0,0.0,0.0,0.0,0.0,0.0,0.0,0.0,0.0,0.0,0.0,0.0,0.0,0.0,0.0,0.0,0.0,0.0,0.0,0.0,0.0,0.0,0.0,0.0,0.0,0.0,0.0,0.0,0.0,0.0,0.0,0.0,0.0,0.0,0.0,0.0,0.0,0.0,0.0,0.0,0.0,0.0,0.0,0.0,0.0,0.0,0.0,0.0,0.0,0.0,0.0,0.0,0.0,0.0
2017-05-27 06:12:00+02:00,0.0,0.0,0.0,0.0,0.0,0.0,0.0,0.0,0.0,0.0,0.0,0.0,0.0,0.0,0.0,0.0,0.0,0.0,0.0,0.0,0.0,0.0,0.0,0.0,0.0,0.0,0.0,0.0,0.0,0.0,0.0,0.0,0.0,0.0,0.0,0.0,0.0,0.0,0.0,0.0,0.0,0.0,0.0,0.0,0.0,0.0,0.0,0.0,0.0,0.0,0.0,0.0,0.0,0.0,0.0,0.0,0.0,0.0,0.0,0.0,0.0,0.0,0.0,0.0,0.0,0.0,0.0,0.0,0.0,0.0,0.0,0.0,0.0,0.0,0.0,0.0,0.0,0.0,0.0,0.0,0.0,0.0,0.0,0.0,0.0,0.0,0.0,0.0,0.0,0.0,0.0,0.0,0.0,0.0,0.0,0.0,0.0,0.0,0.0,0.0,0.0,0.0,0.0,0.0,0.0,0.0,0.0,0.0,0.0,0.0,0.0,0.0,0.0,0.0,0.0,0.0,0.0,0.0
2017-05-27 06:13:00+02:00,0.0,0.0,0.0,0.0,0.0,0.0,0.0,0.0,0.0,0.0,0.0,0.0,0.0,0.0,0.0,0.0,0.0,0.0,0.0,0.0,0.0,0.0,0.0,0.0,0.0,0.0,0.0,0.0,0.0,0.0,0.0,0.0,0.0,0.0,0.0,0.0,0.0,0.0,0.0,0.0,0.0,0.0,0.0,0.0,0.0,0.0,0.0,0.0,0.0,0.0,0.0,0.0,0.0,0.0,0.0,0.0,0.0,0.0,0.0,0.0,0.0,0.0,0.0,0.0,0.0,0.0,0.0,0.0,0.0,0.0,0.0,0.0,0.0,0.0,0.0,0.0,0.0,0.0,0.0,0.0,0.0,0.0,0.0,0.0,0.0,0.0,0.0,0.0,0.0,0.0,0.0,0.0,0.0,0.0,0.0,0.0,0.0,0.0,0.0,0.0,0.0,0.0,0.0,0.0,0.0,0.0,0.0,0.0,0.0,0.0,0.0,0.0,0.0,0.0,0.0,0.0,0.0,0.0
2017-05-27 06:14:00+02:00,0.0,0.0,0.0,0.0,0.0,0.0,0.0,0.0,0.0,0.0,0.0,0.0,0.0,0.0,0.0,0.0,0.0,0.0,0.0,0.0,0.0,0.0,0.0,0.0,0.0,0.0,0.0,0.0,0.0,0.0,0.0,0.0,0.0,0.0,0.0,0.0,0.0,0.0,0.0,0.0,0.0,0.0,0.0,0.0,0.0,0.0,0.0,0.0,0.0,0.0,0.0,0.0,0.0,0.0,0.0,0.0,0.0,0.0,0.0,0.0,0.0,0.0,0.0,0.0,0.0,0.0,0.0,0.0,0.0,0.0,0.0,0.0,0.0,0.0,0.0,0.0,0.0,0.0,0.0,0.0,0.0,0.0,0.0,0.0,0.0,0.0,0.0,0.0,0.0,0.0,0.0,0.0,0.0,0.0,0.0,0.0,0.0,0.0,0.0,0.0,0.0,0.0,0.0,0.0,0.0,0.0,0.0,0.0,0.0,0.0,0.0,0.0,0.0,0.0,0.0,0.0,0.0,0.0
2017-05-27 06:15:00+02:00,0.0,0.0,0.0,0.0,0.0,0.0,0.0,0.0,0.0,0.0,0.0,0.0,0.0,0.0,0.0,0.0,0.0,0.0,0.0,0.0,0.0,0.0,0.0,0.0,0.0,0.0,0.0,0.0,0.0,0.0,0.0,0.0,0.0,0.0,0.0,0.0,0.0,0.0,0.0,0.0,0.0,0.0,0.0,0.0,0.0,0.0,0.0,0.0,0.0,0.0,0.0,0.0,0.0,0.0,0.0,0.0,0.0,0.0,0.0,0.0,0.0,0.0,0.0,0.0,0.0,0.0,0.0,0.0,0.0,0.0,0.0,0.0,0.0,0.0,0.0,0.0,0.0,0.0,0.0,0.0,0.0,0.0,0.0,0.0,0.0,0.0,0.0,0.0,0.0,0.0,0.0,0.0,0.0,0.0,0.0,0.0,0.0,0.0,0.0,0.0,0.0,0.0,0.0,0.0,0.0,0.0,0.0,0.0,0.0,0.0,0.0,0.0,0.0,0.0,0.0,0.0,0.0,0.0
2017-05-27 06:16:00+02:00,0.0,0.0,0.0,0.0,0.0,0.0,0.0,0.0,0.0,0.0,0.0,0.0,0.0,0.0,0.0,0.0,0.0,0.0,0.0,0.0,0.0,0.0,0.0,0.0,0.0,0.0,0.0,0.0,0.0,0.0,0.0,0.0,0.0,0.0,0.0,0.0,0.0,0.0,0.0,0.0,0.0,0.0,0.0,0.0,0.0,0.0,0.0,0.0,0.0,0.0,0.0,0.0,0.0,0.0,0.0,0.0,0.0,0.0,0.0,0.0,0.0,0.0,0.0,0.0,0.0,0.0,0.0,0.0,0.0,0.0,0.0,0.0,0.0,0.0,0.0,0.0,0.0,0.0,0.0,0.0,0.0,0.0,0.0,0.0,0.0,0.0,0.0,0.0,0.0,0.0,0.0,0.0,0.0,0.0,0.0,0.0,0.0,0.0,0.0,0.0,0.0,0.0,0.0,0.0,0.0,0.0,0.0,0.0,0.0,0.0,0.0,0.0,0.0,0.0,0.0,0.0,0.0,0.0
2017-05-27 06:17:00+02:00,0.0,0.0,0.0,0.0,0.0,0.0,0.0,0.0,0.0,0.0,0.0,0.0,0.0,0.0,0.0,0.0,0.0,0.0,0.0,0.0,0.0,0.0,0.0,0.0,0.0,0.0,0.0,0.0,0.0,0.0,0.0,0.0,0.0,0.0,0.0,0.0,0.0,0.0,0.0,0.0,0.0,0.0,0.0,0.0,0.0,0.0,0.0,0.0,0.0,0.0,0.0,0.0,0.0,0.0,0.0,0.0,0.0,0.0,0.0,0.0,0.0,0.0,0.0,0.0,0.0,0.0,0.0,0.0,0.0,0.0,0.0,0.0,0.0,0.0,0.0,0.0,0.0,0.0,0.0,0.0,0.0,0.0,0.0,0.0,0.0,0.0,0.0,0.0,0.0,0.0,0.0,0.0,0.0,0.0,0.0,0.0,0.0,0.0,0.0,0.0,0.0,0.0,0.0,0.0,0.0,0.0,0.0,0.0,0.0,0.0,0.0,0.0,0.0,0.0,0.0,0.0,0.0,0.0
2017-05-27 06:18:00+02:00,0.0,0.0,0.0,0.0,0.0,0.0,0.0,0.0,0.0,0.0,0.0,0.0,0.0,0.0,0.0,0.0,0.0,0.0,0.0,0.0,0.0,0.0,0.0,0.0,0.0,0.0,0.0,0.0,0.0,0.0,0.0,0.0,0.0,0.0,0.0,0.0,0.0,0.0,0.0,0.0,0.0,0.0,0.0,0.0,0.0,0.0,0.0,0.0,0.0,0.0,0.0,0.0,0.0,0.0,0.0,0.0,0.0,0.0,0.0,0.0,0.0,0.0,0.0,0.0,0.0,0.0,0.0,0.0,0.0,0.0,0.0,0.0,0.0,0.0,0.0,0.0,0.0,0.0,0.0,0.0,0.0,0.0,0.0,0.0,0.0,0.0,0.0,0.0,0.0,0.0,0.0,0.0,0.0,0.0,0.0,0.0,0.0,0.0,0.0,0.0,0.0,0.0,0.0,0.0,0.0,0.0,0.0,0.0,0.0,0.0,0.0,0.0,0.0,0.0,0.0,0.0,0.0,0.0
2017-05-27 06:19:00+02:00,0.0,0.0,0.0,0.0,0.0,0.0,0.0,0.0,0.0,0.0,0.0,0.0,0.0,0.0,0.0,0.0,0.0,0.0,0.0,0.0,0.0,0.0,0.0,0.0,0.0,0.0,0.0,0.0,0.0,0.0,0.0,0.0,0.0,0.0,0.0,0.0,0.0,0.0,0.0,0.0,0.0,0.0,0.0,0.0,0.0,0.0,0.0,0.0,0.0,0.0,0.0,0.0,0.0,0.0,0.0,0.0,0.0,0.0,0.0,0.0,0.0,0.0,0.0,0.0,0.0,0.0,0.0,0.0,0.0,0.0,0.0,0.0,0.0,0.0,0.0,0.0,0.0,0.0,0.0,0.0,0.0,0.0,0.0,0.0,0.0,0.0,0.0,0.0,0.0,0.0,0.0,0.0,0.0,0.0,0.0,0.0,0.0,0.0,0.0,0.0,0.0,0.0,0.0,0.0,0.0,0.0,0.0,0.0,0.0,0.0,0.0,0.0,0.0,0.0,0.0,0.0,0.0,0.0
2017-05-27 06:20:00+02:00,0.0,0.0,0.0,0.0,0.0,0.0,0.0,0.0,0.0,0.0,0.0,0.0,0.0,0.0,0.0,0.0,0.0,0.0,0.0,0.0,0.0,0.0,0.0,0.0,0.0,0.0,0.0,0.0,0.0,0.0,0.0,0.0,0.0,0.0,0.0,0.0,0.0,0.0,0.0,0.0,0.0,0.0,0.0,0.0,0.0,0.0,0.0,0.0,0.0,0.0,0.0,0.0,0.0,0.0,0.0,0.0,0.0,0.0,0.0,0.0,0.0,0.0,0.0,0.0,0.0,0.0,0.0,0.0,0.0,0.0,0.0,0.0,0.0,0.0,0.0,0.0,0.0,0.0,0.0,0.0,0.0,0.0,0.0,0.0,0.0,0.0,0.0,0.0,0.0,0.0,0.0,0.0,0.0,0.0,0.0,0.0,0.0,0.0,0.0,0.0,0.0,0.0,0.0,0.0,0.0,0.0,0.0,0.0,0.0,0.0,0.0,0.0,0.0,0.0,0.0,0.0,0.0,0.0
2017-05-27 06:21:00+02:00,0.0,0.0,0.0,0.0,0.0,0.0,0.0,0.0,0.0,0.0,0.0,0.0,0.0,0.0,0.0,0.0,0.0,0.0,0.0,0.0,0.0,0.0,0.0,0.0,0.0,0.0,0.0,0.0,0.0,0.0,0.0,0.0,0.0,0.0,0.0,0.0,0.0,0.0,0.0,0.0,0.0,0.0,0.0,0.0,0.0,0.0,0.0,0.0,0.0,0.0,0.0,0.0,0.0,0.0,0.0,0.0,0.0,0.0,0.0,0.0,0.0,0.0,0.0,0.0,0.0,0.0,0.0,0.0,0.0,0.0,0.0,0.0,0.0,0.0,0.0,0.0,0.0,0.0,0.0,0.0,0.0,0.0,0.0,0.0,0.0,0.0,0.0,0.0,0.0,0.0,0.0,0.0,0.0,0.0,0.0,0.0,0.0,0.0,0.0,0.0,0.0,0.0,0.0,0.0,0.0,0.0,0.0,0.0,0.0,0.0,0.0,0.0,0.0,0.0,0.0,0.0,0.0,0.0
2017-05-27 06:22:00+02:00,0.0,0.0,0.0,0.0,0.0,0.0,0.0,0.0,0.0,0.0,0.0,0.0,0.0,0.0,0.0,0.0,0.0,0.0,0.0,0.0,0.0,0.0,0.0,0.0,0.0,-2e-06,0.0,0.0,0.0,0.0,0.0,0.0,0.0,0.0,0.0,0.0,0.0,0.0,0.0,0.0,0.0,0.0,0.0,0.0,0.0,0.0,0.0,0.0,0.0,0.0,0.0,0.0,0.0,0.0,0.0,0.0,0.0,0.0,0.0,0.0,0.0,0.0,0.0,0.0,0.0,0.0,0.0,0.0,0.0,0.0,0.0,0.0,0.0,0.0,0.0,0.0,0.0,0.0,0.0,0.0,0.0,0.0,0.0,0.0,0.0,0.0,0.0,0.0,0.0,0.0,0.0,0.0,0.0,0.0,0.0,0.0,-5e-06,-6e-06,0.0,0.0,0.0,0.0,0.0,0.0,0.0,0.0,0.0,0.0,0.0,-6e-06,0.0,0.0,0.0,0.0,0.0,0.0,0.0,0.0
2017-05-27 06:23:00+02:00,0.0,0.0,0.0,0.0,0.0,0.0,0.0,0.0,0.0,0.0,0.0,0.0,0.0,0.0,0.0,0.0,0.0,0.0,0.0,0.0,0.0,0.0,0.0,0.0,0.0,-1.3e-05,0.0,0.0,0.0,0.0,0.0,0.0,0.0,0.0,0.0,0.0,0.0,0.0,0.0,0.0,0.0,0.0,0.0,0.0,0.0,0.0,0.0,0.0,0.0,0.0,0.0,0.0,0.0,0.0,0.0,0.0,0.0,0.0,0.0,0.0,0.0,0.0,0.0,0.0,0.0,0.0,0.0,0.0,0.0,0.0,0.0,0.0,0.0,0.0,0.0,0.0,0.0,0.0,0.0,0.0,0.0,0.0,0.0,0.0,0.0,0.0,0.0,0.0,0.0,0.0,0.0,-0.0,0.0,0.0,0.0,0.0,-1.9e-05,-2e-05,0.0,0.0,0.0,0.0,0.0,0.0,0.0,0.0,0.0,0.0,0.0,-2e-05,0.0,0.0,0.0,0.0,0.0,0.0,0.0,0.0
2017-05-27 06:24:00+02:00,0.0,0.0,0.0,0.0,0.0,0.0,0.0,0.0,0.0,0.0,0.0,0.0,0.0,0.0,0.0,0.0,0.0,0.0,0.0,0.0,0.0,0.0,0.0,0.0,0.0,-3e-05,0.0,0.0,0.0,0.0,0.0,0.0,0.0,0.0,0.0,0.0,0.0,0.0,0.0,0.0,0.0,0.0,0.0,0.0,0.0,0.0,0.0,0.0,0.0,0.0,0.0,0.0,0.0,0.0,0.0,0.0,0.0,0.0,0.0,0.0,0.0,0.0,0.0,0.0,0.0,-4e-06,0.0,0.0,0.0,0.0,0.0,0.0,0.0,0.0,0.0,0.0,0.0,0.0,0.0,0.0,0.0,0.0,0.0,0.0,0.0,0.0,0.0,0.0,0.0,0.0,0.0,-1e-06,0.0,0.0,0.0,0.0,-3.9e-05,-4e-05,0.0,0.0,0.0,0.0,0.0,0.0,0.0,0.0,0.0,0.0,0.0,-4e-05,0.0,0.0,0.0,0.0,0.0,0.0,0.0,0.0
2017-05-27 06:25:00+02:00,0.0,0.0,0.0,0.0,0.0,0.0,0.0,0.0,0.0,0.0,0.0,0.0,0.0,0.0,0.0,-8e-06,0.0,0.0,0.0,0.0,0.0,0.0,0.0,0.0,0.0,-5.7e-05,0.0,0.0,0.0,0.0,0.0,0.0,0.0,0.0,0.0,0.0,0.0,0.0,0.0,0.0,0.0,0.0,0.0,0.0,0.0,0.0,0.0,0.0,0.0,0.0,0.0,0.0,-0.0,0.0,0.0,0.0,0.0,0.0,0.0,0.0,0.0,0.0,0.0,0.0,0.0,-2e-05,0.0,0.0,0.0,0.0,0.0,0.0,0.0,0.0,0.0,0.0,0.0,0.0,0.0,0.0,-0.0,0.0,0.0,0.0,0.0,0.0,0.0,0.0,0.0,0.0,0.0,-1e-06,0.0,0.0,0.0,0.0,-6.8e-05,-6.9e-05,0.0,0.0,0.0,0.0,0.0,0.0,0.0,0.0,0.0,0.0,0.0,-7e-05,0.0,0.0,0.0,0.0,0.0,0.0,0.0,0.0
2017-05-27 06:26:00+02:00,0.0,0.0,0.0,0.0,0.0,0.0,0.0,0.0,0.0,0.0,0.0,0.0,0.0,0.0,0.0,-2.7e-05,0.0,0.0,0.0,0.0,0.0,0.0,0.0,0.0,0.0,-9.2e-05,0.0,0.0,0.0,0.0,0.0,0.0,0.0,0.0,0.0,0.0,0.0,0.0,0.0,0.0,0.0,0.0,0.0,0.0,0.0,0.0,0.0,0.0,0.0,0.0,0.0,0.0,-1e-06,0.0,0.0,0.0,0.0,0.0,0.0,0.0,0.0,0.0,0.0,0.0,0.0,-4.6e-05,0.0,0.0,0.0,0.0,0.0,0.0,0.0,0.0,0.0,0.0,0.0,0.0,0.0,0.0,-1e-06,0.0,0.0,0.0,0.0,0.0,0.0,0.0,0.0,0.0,0.0,-2e-06,0.0,0.0,0.0,0.0,-0.000105,-0.000107,0.0,0.0,0.0,-2e-06,0.0,0.0,0.0,0.0,0.0,0.0,0.0,-0.000107,0.0,0.0,0.0,0.0,0.0,0.0,0.0,0.0
2017-05-27 06:27:00+02:00,0.0,0.0,0.0,0.0,0.0,0.0,0.0,0.0,0.0,0.0,0.0,0.0,0.0,0.0,0.0,-4.8e-05,0.0,0.0,0.0,0.0,0.0,0.0,0.0,0.0,0.0,-0.000128,0.0,0.0,0.0,0.0,0.0,0.0,0.0,0.0,0.0,0.0,0.0,0.0,0.0,0.0,0.0,0.0,0.0,0.0,0.0,0.0,0.0,0.0,0.0,0.0,0.0,0.0,-2e-06,0.0,0.0,0.0,0.0,0.0,0.0,0.0,0.0,0.0,0.0,0.0,0.0,-7.4e-05,0.0,0.0,0.0,0.0,0.0,0.0,0.0,0.0,0.0,0.0,0.0,0.0,0.0,0.0,-2e-06,0.0,0.0,0.0,0.0,0.0,0.0,0.0,0.0,0.0,0.0,-4e-06,0.0,0.0,0.0,0.0,-0.000142,-0.000144,0.0,0.0,0.0,-1e-05,0.0,0.0,0.0,0.0,0.0,0.0,-0.0,-0.000145,0.0,0.0,0.0,0.0,0.0,0.0,0.0,0.0
2017-05-27 06:28:00+02:00,0.0,0.0,0.0,0.0,0.0,0.0,0.0,0.0,0.0,0.0,0.0,0.0,0.0,0.0,0.0,-5.6e-05,0.0,0.0,0.0,0.0,0.0,0.0,0.0,0.0,0.0,-0.000147,0.0,0.0,0.0,0.0,0.0,0.0,0.0,0.0,0.0,0.0,0.0,0.0,0.0,0.0,0.0,0.0,0.0,0.0,0.0,0.0,0.0,0.0,0.0,0.0,0.0,0.0,-2e-06,0.0,0.0,0.0,0.0,0.0,0.0,0.0,0.0,0.0,0.0,0.0,0.0,-8.6e-05,0.0,0.0,0.0,0.0,0.0,0.0,0.0,0.0,0.0,0.0,0.0,0.0,0.0,0.0,-2e-06,0.0,0.0,0.0,0.0,0.0,0.0,0.0,0.0,0.0,0.0,-4e-06,0.0,0.0,0.0,0.0,-0.000163,-0.000165,0.0,0.0,0.0,-8e-06,0.0,0.0,0.0,0.0,0.0,0.0,-0.0,-0.000166,0.0,0.0,0.0,0.0,0.0,0.0,0.0,0.0
2017-05-27 06:29:00+02:00,0.0,0.0,0.0,0.0,0.0,0.0,0.0,0.0,0.0,0.0,0.0,0.0,0.0,0.0,0.0,-6.9e-05,0.0,0.0,0.0,0.0,0.0,0.0,0.0,0.0,0.0,-0.000171,0.0,0.0,0.0,0.0,0.0,0.0,0.0,0.0,0.0,0.0,0.0,0.0,0.0,0.0,0.0,0.0,0.0,0.0,0.0,0.0,0.0,0.0,0.0,0.0,0.0,0.0,-3e-06,0.0,0.0,0.0,0.0,0.0,0.0,0.0,0.0,0.0,0.0,0.0,0.0,-0.000104,0.0,0.0,0.0,0.0,0.0,0.0,0.0,0.0,0.0,0.0,0.0,0.0,0.0,0.0,-3e-06,0.0,0.0,0.0,0.0,0.0,0.0,0.0,0.0,0.0,0.0,-5e-06,0.0,0.0,0.0,0.0,-0.000188,-0.00019,0.0,0.0,0.0,-1e-05,0.0,0.0,0.0,0.0,0.0,0.0,-0.0,-0.000191,0.0,0.0,0.0,0.0,0.0,0.0,0.0,0.0
2017-05-27 06:30:00+02:00,0.0,0.0,0.0,0.0,0.0,0.0,0.0,0.0,0.0,0.0,0.0,0.0,0.0,0.0,0.0,-8.9e-05,0.0,0.0,0.0,0.0,0.0,0.0,0.0,0.0,0.0,-0.0002,0.0,0.0,0.0,0.0,0.0,0.0,0.0,0.0,0.0,0.0,0.0,0.0,0.0,0.0,0.0,0.0,0.0,0.0,0.0,0.0,0.0,0.0,0.0,0.0,0.0,0.0,-4e-06,0.0,0.0,0.0,0.0,0.0,0.0,0.0,0.0,0.0,0.0,0.0,0.0,-0.000128,0.0,0.0,0.0,0.0,0.0,0.0,0.0,0.0,0.0,0.0,0.0,0.0,0.0,0.0,-4e-06,0.0,0.0,0.0,0.0,0.0,0.0,0.0,0.0,0.0,0.0,-6e-06,0.0,0.0,-0.0,0.0,-0.000218,-0.000221,0.0,0.0,0.0,-2e-05,0.0,0.0,0.0,0.0,0.0,0.0,-4e-06,-0.000222,0.0,0.0,0.0,0.0,0.0,0.0,0.0,0.0
2017-05-27 06:31:00+02:00,0.0,0.0,0.0,-0.0,0.0,0.0,0.0,0.0,0.0,0.0,0.0,0.0,-0.0,0.0,0.0,-0.000111,0.0,0.0,0.0,0.0,0.0,0.0,0.0,0.0,0.0,-0.000231,0.0,0.0,0.0,0.0,0.0,0.0,0.0,0.0,0.0,0.0,0.0,0.0,0.0,0.0,0.0,0.0,0.0,0.0,0.0,0.0,0.0,0.0,0.0,0.0,0.0,0.0,-4e-06,-0.0,0.0,0.0,0.0,0.0,0.0,0.0,0.0,0.0,0.0,0.0,0.0,-0.000154,0.0,0.0,0.0,0.0,0.0,0.0,0.0,0.0,0.0,0.0,0.0,0.0,0.0,0.0,-5e-06,0.0,0.0,0.0,0.0,0.0,0.0,0.0,0.0,0.0,0.0,-7e-06,-0.0,0.0,-0.0,0.0,-0.000251,-0.000253,0.0,0.0,0.0,-3.4e-05,0.0,0.0,0.0,-5e-06,-0.0,0.0,-1.2e-05,-0.000254,0.0,0.0,0.0,0.0,0.0,0.0,0.0,0.0
2017-05-27 06:32:00+02:00,0.0,0.0,0.0,-5e-06,0.0,0.0,0.0,0.0,0.0,0.0,0.0,0.0,-1e-06,-0.0,0.0,-0.000135,0.0,0.0,0.0,0.0,0.0,0.0,0.0,0.0,0.0,-0.000262,0.0,0.0,0.0,0.0,0.0,0.0,0.0,0.0,0.0,0.0,0.0,0.0,0.0,0.0,0.0,0.0,0.0,0.0,0.0,0.0,0.0,0.0,0.0,0.0,0.0,0.0,-5e-06,-1e-06,0.0,0.0,0.0,0.0,0.0,0.0,0.0,0.0,0.0,0.0,0.0,-0.00018,0.0,0.0,0.0,0.0,0.0,0.0,0.0,0.0,-0.0,0.0,0.0,0.0,0.0,0.0,-6e-06,0.0,0.0,0.0,0.0,0.0,-6e-06,0.0,0.0,0.0,0.0,-9e-06,-0.0,0.0,-1e-06,0.0,-0.000283,-0.000286,0.0,0.0,0.0,-5e-05,0.0,0.0,0.0,-2.2e-05,-1e-06,0.0,-2.6e-05,-0.000287,0.0,0.0,0.0,0.0,0.0,0.0,0.0,-0.0
2017-05-27 06:33:00+02:00,0.0,0.0,0.0,-1.9e-05,0.0,0.0,0.0,0.0,0.0,0.0,0.0,0.0,-2e-06,-1e-06,0.0,-0.000169,0.0,0.0,0.0,-6e-06,0.0,-4e-06,0.0,0.0,0.0,-0.000303,0.0,0.0,0.0,0.0,0.0,0.0,0.0,0.0,-0.0,0.0,0.0,0.0,0.0,-5e-06,0.0,0.0,0.0,0.0,0.0,0.0,0.0,0.0,0.0,0.0,0.0,0.0,-6e-06,-2e-06,0.0,0.0,0.0,0.0,0.0,0.0,0.0,0.0,-5e-06,0.0,0.0,-0.000217,0.0,0.0,0.0,0.0,0.0,0.0,0.0,0.0,-1e-06,0.0,0.0,0.0,0.0,0.0,-7e-06,0.0,0.0,0.0,0.0,0.0,-1.6e-05,0.0,0.0,0.0,0.0,-1e-05,-1e-06,0.0,-2e-06,0.0,-0.000324,-0.000328,0.0,0.0,0.0,-7.6e-05,0.0,0.0,0.0,-4.6e-05,-1e-06,0.0,-4.9e-05,-0.000329,0.0,0.0,0.0,0.0,0.0,0.0,0.0,-1e-06
2017-05-27 06:34:00+02:00,0.0,0.0,0.0,-3.4e-05,0.0,0.0,0.0,0.0,0.0,0.0,0.0,0.0,-2e-06,-1e-06,0.0,-0.000203,0.0,0.0,0.0,-1.6e-05,0.0,-1.1e-05,0.0,0.0,0.0,-0.000344,0.0,0.0,0.0,0.0,0.0,0.0,0.0,0.0,-0.0,0.0,0.0,0.0,0.0,-6e-06,0.0,0.0,0.0,0.0,0.0,0.0,0.0,0.0,0.0,0.0,0.0,0.0,-8e-06,-2e-06,0.0,0.0,0.0,0.0,0.0,0.0,0.0,0.0,-1.3e-05,0.0,0.0,-0.000254,0.0,0.0,0.0,0.0,0.0,0.0,0.0,-0.0,-1e-06,0.0,0.0,0.0,0.0,0.0,-9e-06,0.0,0.0,0.0,0.0,0.0,-2.2e-05,0.0,0.0,0.0,0.0,-1.1e-05,-2e-06,0.0,-2e-06,0.0,-0.000365,-0.00037,0.0,0.0,0.0,-0.000103,0.0,0.0,0.0,-6.3e-05,-2e-06,0.0,-7.4e-05,-0.000371,0.0,0.0,0.0,0.0,0.0,0.0,0.0,-2e-06
2017-05-27 06:35:00+02:00,0.0,0.0,0.0,-4.9e-05,0.0,0.0,0.0,0.0,0.0,0.0,0.0,0.0,-3e-06,-1e-06,0.0,-0.000235,0.0,0.0,0.0,-2.9e-05,0.0,-2.2e-05,0.0,0.0,0.0,-0.000383,0.0,0.0,0.0,0.0,0.0,0.0,0.0,0.0,-0.0,0.0,0.0,0.0,0.0,-5e-06,0.0,0.0,0.0,0.0,0.0,0.0,0.0,0.0,0.0,0.0,0.0,0.0,-9e-06,-3e-06,0.0,0.0,0.0,0.0,0.0,0.0,0.0,0.0,-2.3e-05,0.0,0.0,-0.000289,0.0,0.0,0.0,0.0,0.0,0.0,0.0,-0.0,-1e-06,0.0,0.0,0.0,0.0,0.0,-1e-05,0.0,0.0,0.0,0.0,0.0,-2.5e-05,0.0,0.0,0.0,0.0,-1.2e-05,-2e-06,0.0,-3e-06,0.0,-0.000403,-0.000409,0.0,0.0,0.0,-0.000128,0.0,0.0,0.0,-7.3e-05,-2e-06,0.0,-9.8e-05,-0.000411,0.0,0.0,0.0,0.0,0.0,0.0,0.0,-2e-06
2017-05-27 06:36:00+02:00,0.0,0.0,0.0,-7.2e-05,0.0,0.0,0.0,0.0,-0.0,0.0,0.0,0.0,-3e-06,-2e-06,0.0,-0.000277,0.0,0.0,0.0,-5.1e-05,0.0,-4.1e-05,0.0,0.0,-1e-06,-0.00043,0.0,0.0,0.0,0.0,0.0,0.0,0.0,0.0,-0.0,0.0,0.0,0.0,0.0,-1.3e-05,0.0,0.0,0.0,0.0,0.0,0.0,0.0,-0.0,0.0,0.0,0.0,-0.0,-1e-05,-3e-06,0.0,0.0,0.0,0.0,0.0,0.0,-0.0,-1e-06,-4.2e-05,0.0,0.0,-0.000333,0.0,-3e-06,0.0,0.0,0.0,0.0,0.0,-1e-06,-1e-06,0.0,0.0,0.0,0.0,0.0,-1.2e-05,0.0,0.0,-1e-06,0.0,0.0,-3.4e-05,0.0,0.0,0.0,0.0,-1.4e-05,-3e-06,0.0,-5e-06,0.0,-0.00045,-0.000459,0.0,0.0,0.0,-0.000162,0.0,0.0,0.0,-9.2e-05,-3e-06,0.0,-0.000132,-0.00046,0.0,0.0,0.0,0.0,0.0,0.0,-1.2e-05,-3e-06
2017-05-27 06:37:00+02:00,0.0,0.0,0.0,-0.000104,0.0,0.0,0.0,0.0,-6e-06,0.0,0.0,0.0,-5e-06,-3e-06,0.0,-0.000327,0.0,0.0,0.0,-8.3e-05,0.0,-7e-05,0.0,0.0,-1.6e-05,-0.000485,0.0,0.0,0.0,0.0,0.0,-1e-06,0.0,-0.0,-1e-06,0.0,0.0,0.0,0.0,-4.4e-05,0.0,0.0,0.0,0.0,0.0,0.0,-5e-06,-5e-06,0.0,0.0,0.0,-1e-06,-1.2e-05,-5e-06,0.0,0.0,0.0,0.0,0.0,0.0,-1e-06,-2.3e-05,-7.2e-05,0.0,0.0,-0.000385,0.0,-1e-05,0.0,0.0,0.0,0.0,0.0,-2e-06,-2e-06,0.0,0.0,0.0,0.0,0.0,-1.5e-05,0.0,0.0,-2e-05,0.0,0.0,-5.4e-05,0.0,0.0,0.0,0.0,-1.6e-05,-4e-06,0.0,-6e-06,0.0,-0.000505,-0.000517,0.0,-1.3e-05,0.0,-0.000206,0.0,0.0,0.0,-0.000133,-4e-06,0.0,-0.000176,-0.000519,0.0,0.0,0.0,0.0,0.0,0.0,-3.7e-05,-5e-06
2017-05-27 06:38:00+02:00,0.0,0.0,0.0,-0.000134,0.0,0.0,0.0,0.0,-1.2e-05,0.0,0.0,0.0,-6e-06,-4e-06,0.0,-0.000373,0.0,0.0,0.0,-0.000119,0.0,-0.000103,0.0,0.0,-3.4e-05,-0.000536,0.0,0.0,0.0,0.0,0.0,-1e-06,0.0,-1e-06,-3e-06,0.0,0.0,0.0,0.0,-8e-05,0.0,0.0,0.0,0.0,0.0,0.0,-1.2e-05,-1.3e-05,0.0,0.0,0.0,-2e-06,-1.4e-05,-6e-06,0.0,0.0,0.0,0.0,0.0,0.0,-2e-06,-5.1e-05,-0.0001,0.0,0.0,-0.000433,0.0,-1.9e-05,0.0,0.0,0.0,0.0,0.0,-3e-06,-4e-06,0.0,0.0,0.0,0.0,0.0,-1.7e-05,0.0,0.0,-4.3e-05,0.0,0.0,-7.5e-05,0.0,0.0,0.0,0.0,-1.8e-05,-6e-06,0.0,-7e-06,0.0,-0.000555,-0.000571,0.0,-3.2e-05,0.0,-0.000246,0.0,0.0,0.0,-0.000177,-6e-06,0.0,-0.000219,-0.000574,0.0,0.0,0.0,0.0,0.0,0.0,-6.3e-05,-7e-06
2017-05-27 06:39:00+02:00,0.0,0.0,0.0,-0.000159,0.0,0.0,0.0,0.0,-1.9e-05,0.0,0.0,0.0,-8e-06,-6e-06,0.0,-0.000412,0.0,0.0,0.0,-0.000143,0.0,-0.000123,0.0,0.0,-5.1e-05,-0.000579,0.0,0.0,0.0,0.0,0.0,-2e-06,0.0,-1e-06,-4e-06,0.0,0.0,0.0,0.0,-0.000111,0.0,0.0,0.0,0.0,0.0,0.0,-1.8e-05,-1.7e-05,0.0,0.0,0.0,-2e-06,-1.5e-05,-8e-06,0.0,0.0,0.0,0.0,0.0,0.0,-3e-06,-7.5e-05,-0.000124,0.0,0.0,-0.000473,0.0,-2.5e-05,0.0,0.0,0.0,0.0,0.0,-4e-06,-5e-06,0.0,0.0,0.0,0.0,0.0,-2e-05,0.0,0.0,-6.4e-05,0.0,0.0,-9.5e-05,0.0,0.0,0.0,0.0,-1.9e-05,-7e-06,0.0,-9e-06,0.0,-0.000597,-0.000616,0.0,-5.1e-05,0.0,-0.00028,0.0,0.0,0.0,-0.000215,-7e-06,0.0,-0.000254,-0.000619,0.0,0.0,0.0,0.0,0.0,0.0,-8.4e-05,-9e-06
2017-05-27 06:40:00+02:00,0.0,0.0,0.0,-0.000182,0.0,0.0,0.0,0.0,-2.1e-05,0.0,0.0,0.0,-9e-06,-6e-06,0.0,-0.000448,0.0,0.0,0.0,-0.000158,0.0,-0.000137,0.0,0.0,-5.9e-05,-0.000619,0.0,0.0,0.0,0.0,0.0,-2e-06,0.0,-1e-06,-4e-06,0.0,0.0,0.0,0.0,-0.000127,0.0,0.0,0.0,0.0,0.0,0.0,-2.4e-05,-2e-05,0.0,0.0,0.0,-3e-06,-1.7e-05,-9e-06,0.0,0.0,0.0,0.0,0.0,0.0,-4e-06,-8.6e-05,-0.000146,0.0,0.0,-0.000511,0.0,-2.9e-05,0.0,0.0,0.0,0.0,0.0,-4e-06,-6e-06,0.0,0.0,0.0,0.0,0.0,-2.2e-05,0.0,0.0,-7.4e-05,0.0,0.0,-0.000105,0.0,0.0,0.0,0.0,-2.1e-05,-8e-06,0.0,-1e-05,0.0,-0.000636,-0.000657,0.0,-5.6e-05,0.0,-0.000311,0.0,0.0,0.0,-0.000236,-8e-06,0.0,-0.000286,-0.000661,0.0,0.0,0.0,0.0,0.0,0.0,-0.000104,-1e-05
2017-05-27 06:41:00+02:00,0.0,0.0,0.0,-0.000212,0.0,0.0,0.0,0.0,-2.6e-05,0.0,0.0,0.0,-1e-05,-8e-06,0.0,-0.00049,0.0,0.0,0.0,-0.000208,0.0,-0.000183,0.0,0.0,-7.2e-05,-0.000665,0.0,0.0,0.0,0.0,0.0,-3e-06,0.0,-2e-06,-5e-06,0.0,0.0,0.0,0.0,-0.00015,0.0,0.0,0.0,0.0,0.0,0.0,-3.6e-05,-3.6e-05,0.0,0.0,0.0,-5e-06,-1.8e-05,-1e-05,0.0,0.0,0.0,0.0,0.0,0.0,-6e-06,-0.000104,-0.000177,0.0,0.0,-0.000555,0.0,-4.7e-05,0.0,0.0,0.0,0.0,0.0,-6e-06,-7e-06,0.0,0.0,0.0,0.0,0.0,-2.5e-05,0.0,-2e-06,-8.9e-05,0.0,0.0,-0.00012,0.0,0.0,0.0,0.0,-2.3e-05,-9e-06,0.0,-1.2e-05,0.0,-0.000681,-0.000704,0.0,-7e-05,0.0,-0.000349,0.0,0.0,0.0,-0.000262,-9e-06,0.0,-0.000327,-0.00071,0.0,0.0,0.0,0.0,0.0,0.0,-0.000134,-1.1e-05
2017-05-27 06:42:00+02:00,0.0,0.0,0.0,-0.00024,0.0,0.0,0.0,0.0,-3.4e-05,0.0,0.0,0.0,-1.1e-05,-9e-06,0.0,-0.000529,0.0,0.0,0.0,-0.000252,0.0,-0.000224,0.0,0.0,-9.2e-05,-0.000707,0.0,0.0,0.0,0.0,0.0,-4e-06,0.0,-3e-06,-7e-06,0.0,0.0,0.0,0.0,-0.000183,0.0,0.0,0.0,0.0,0.0,0.0,-4.8e-05,-5.1e-05,0.0,0.0,0.0,-6e-06,-2e-05,-1.1e-05,0.0,0.0,0.0,0.0,0.0,0.0,-9e-06,-0.000132,-0.000204,0.0,0.0,-0.000595,0.0,-6.2e-05,0.0,0.0,0.0,0.0,0.0,-8e-06,-8e-06,0.0,0.0,0.0,0.0,0.0,-2.8e-05,0.0,-6e-06,-0.000113,0.0,0.0,-0.000139,0.0,0.0,0.0,0.0,-2.4e-05,-1e-05,0.0,-1.3e-05,0.0,-0.000722,-0.000747,0.0,-9.5e-05,0.0,-0.000384,0.0,0.0,0.0,-0.000299,-1.1e-05,0.0,-0.000363,-0.000754,0.0,0.0,0.0,0.0,0.0,0.0,-0.000161,-1.4e-05
2017-05-27 06:43:00+02:00,0.0,0.0,0.0,-0.000266,0.0,0.0,0.0,0.0,-4.1e-05,0.0,0.0,0.0,-1.2e-05,-1e-05,0.0,-0.000567,0.0,0.0,0.0,-0.0003,0.0,-0.000268,0.0,0.0,-0.000109,-0.000748,0.0,0.0,-0.0,0.0,0.0,-5e-06,0.0,-3e-06,-8e-06,0.0,0.0,0.0,0.0,-0.00021,0.0,0.0,0.0,0.0,0.0,0.0,-6e-05,-6.7e-05,0.0,0.0,0.0,-8e-06,-2.1e-05,-1.2e-05,0.0,0.0,0.0,0.0,0.0,0.0,-1.1e-05,-0.000155,-0.00023,0.0,0.0,-0.000634,0.0,-7.9e-05,0.0,0.0,0.0,0.0,0.0,-1e-05,-9e-06,0.0,0.0,0.0,0.0,0.0,-3.2e-05,0.0,-1.2e-05,-0.000133,0.0,0.0,-0.000157,0.0,0.0,0.0,0.0,-2.6e-05,-1.1e-05,0.0,-1.4e-05,0.0,-0.000761,-0.000789,0.0,-0.000116,0.0,-0.000417,0.0,0.0,0.0,-0.000331,-1.2e-05,0.0,-0.000398,-0.000797,0.0,0.0,0.0,0.0,0.0,0.0,-0.000188,-1.6e-05
2017-05-27 06:44:00+02:00,0.0,0.0,0.0,-0.000298,0.0,0.0,0.0,0.0,-5.2e-05,0.0,0.0,0.0,-1.4e-05,-1.2e-05,0.0,-0.000611,0.0,0.0,0.0,-0.000353,0.0,-0.000317,0.0,0.0,-0.000135,-0.000796,0.0,0.0,-4e-06,0.0,0.0,-6e-06,0.0,-4e-06,-9e-06,0.0,0.0,0.0,0.0,-0.000251,0.0,0.0,0.0,0.0,0.0,-9e-06,-7.6e-05,-8.6e-05,0.0,0.0,0.0,-9e-06,-2.3e-05,-1.4e-05,0.0,0.0,0.0,0.0,0.0,0.0,-1.5e-05,-0.000191,-0.000264,0.0,0.0,-0.000679,0.0,-9.9e-05,0.0,0.0,-0.0,0.0,0.0,-1.2e-05,-1.1e-05,0.0,0.0,0.0,0.0,0.0,-3.5e-05,0.0,-2.8e-05,-0.000163,0.0,0.0,-0.000182,0.0,0.0,0.0,0.0,-2.8e-05,-1.3e-05,0.0,-1.6e-05,0.0,-0.000807,-0.000838,0.0,-0.00015,0.0,-0.000458,-4e-06,0.0,0.0,-0.000377,-1.4e-05,-1.5e-05,-0.000439,-0.000847,0.0,-0.0,0.0,0.0,0.0,-6e-06,-0.000222,-1.9e-05
2017-05-27 06:45:00+02:00,0.0,0.0,0.0,-0.000326,0.0,0.0,0.0,-1e-06,-6.3e-05,0.0,0.0,0.0,-1.6e-05,-1.4e-05,0.0,-0.00065,0.0,0.0,0.0,-0.000402,0.0,-0.000363,-1e-06,0.0,-0.000162,-0.000838,0.0,0.0,-7e-06,0.0,0.0,-8e-06,0.0,-6e-06,-1.1e-05,0.0,0.0,0.0,0.0,-0.000291,0.0,0.0,-2e-06,0.0,0.0,-1.9e-05,-9.1e-05,-0.000105,0.0,0.0,0.0,-1.1e-05,-2.5e-05,-1.6e-05,0.0,0.0,0.0,0.0,0.0,0.0,-1.8e-05,-0.000227,-0.000293,0.0,0.0,-0.00072,0.0,-0.000118,0.0,0.0,-1e-06,0.0,0.0,-1.4e-05,-1.3e-05,0.0,0.0,0.0,0.0,0.0,-4e-05,0.0,-4.3e-05,-0.000194,0.0,0.0,-0.000206,0.0,0.0,0.0,0.0,-3e-05,-1.5e-05,0.0,-1.7e-05,0.0,-0.000848,-0.00088,0.0,-0.000186,0.0,-0.000493,-1e-05,0.0,0.0,-0.000421,-1.6e-05,-3.3e-05,-0.000475,-0.00089,0.0,-1e-06,0.0,0.0,0.0,-1.6e-05,-0.000252,-2.3e-05
2017-05-27 06:46:00+02:00,0.0,0.0,0.0,-0.000353,0.0,0.0,0.0,-3e-06,-7.5e-05,0.0,0.0,0.0,-1.8e-05,-1.5e-05,0.0,-0.000687,0.0,0.0,0.0,-0.000448,0.0,-0.000406,-6e-06,0.0,-0.00019,-0.000878,0.0,0.0,-1.1e-05,0.0,0.0,-9e-06,0.0,-7e-06,-1.3e-05,0.0,0.0,0.0,0.0,-0.000332,0.0,0.0,-8e-06,0.0,0.0,-3e-05,-0.000105,-0.000122,0.0,0.0,0.0,-1.3e-05,-2.7e-05,-1.8e-05,0.0,0.0,0.0,0.0,0.0,0.0,-2.2e-05,-0.000263,-0.00032,0.0,0.0,-0.000758,0.0,-0.000137,0.0,0.0,-1e-06,0.0,0.0,-1.6e-05,-1.4e-05,0.0,0.0,0.0,0.0,0.0,-4.4e-05,0.0,-5.8e-05,-0.000225,0.0,0.0,-0.000231,0.0,0.0,0.0,0.0,-3.2e-05,-1.7e-05,0.0,-1.9e-05,0.0,-0.000887,-0.000921,0.0,-0.000222,0.0,-0.000526,-1.6e-05,0.0,0.0,-0.000465,-1.8e-05,-5.5e-05,-0.00051,-0.000932,-0.0,-2e-06,0.0,0.0,0.0,-2.8e-05,-0.00028,-2.7e-05
2017-05-27 06:47:00+02:00,0.0,0.0,0.0,-0.000377,0.0,0.0,0.0,-6e-06,-8.6e-05,0.0,0.0,0.0,-2e-05,-1.7e-05,0.0,-0.000719,0.0,0.0,0.0,-0.000485,0.0,-0.00044,-1.1e-05,0.0,-0.000215,-0.000914,0.0,0.0,-1.5e-05,0.0,0.0,-1.1e-05,0.0,-8e-06,-1.4e-05,0.0,0.0,-0.0,0.0,-0.000368,-0.0,0.0,-1.2e-05,0.0,0.0,-4e-05,-0.000118,-0.000137,0.0,0.0,0.0,-1.5e-05,-2.8e-05,-2e-05,0.0,0.0,0.0,0.0,0.0,0.0,-2.5e-05,-0.000295,-0.000345,0.0,0.0,-0.000792,0.0,-0.000152,0.0,0.0,-2e-06,0.0,0.0,-1.7e-05,-1.6e-05,0.0,0.0,0.0,0.0,0.0,-4.8e-05,0.0,-7.1e-05,-0.000253,0.0,0.0,-0.000254,0.0,0.0,0.0,0.0,-3.4e-05,-1.9e-05,0.0,-2e-05,0.0,-0.000921,-0.000957,0.0,-0.000254,0.0,-0.000556,-2.1e-05,0.0,-0.0,-0.000505,-1.9e-05,-7.5e-05,-0.00054,-0.000969,-0.0,-4e-06,0.0,0.0,0.0,-3.8e-05,-0.000305,-3.1e-05
2017-05-27 06:48:00+02:00,0.0,0.0,0.0,-0.000399,0.0,0.0,0.0,-9e-06,-9.4e-05,0.0,0.0,0.0,-2.1e-05,-1.8e-05,0.0,-0.00075,0.0,0.0,0.0,-0.00052,0.0,-0.000473,-1.6e-05,0.0,-0.000235,-0.000948,-1e-06,0.0,-1.8e-05,0.0,0.0,-1.2e-05,0.0,-9e-06,-1.5e-05,0.0,0.0,-2e-06,0.0,-0.000396,-0.0,0.0,-1.9e-05,0.0,0.0,-4.9e-05,-0.00013,-0.000152,0.0,0.0,0.0,-1.6e-05,-3e-05,-2.1e-05,0.0,0.0,0.0,0.0,0.0,0.0,-2.8e-05,-0.00032,-0.000367,0.0,0.0,-0.000823,0.0,-0.000167,0.0,0.0,-3e-06,0.0,0.0,-1.8e-05,-1.7e-05,0.0,0.0,0.0,0.0,0.0,-5.2e-05,0.0,-8.4e-05,-0.000275,0.0,0.0,-0.000273,0.0,0.0,0.0,0.0,-3.5e-05,-2e-05,0.0,-2.1e-05,0.0,-0.000953,-0.00099,0.0,-0.000279,0.0,-0.000583,-2.7e-05,0.0,-0.0,-0.000536,-2.1e-05,-8.9e-05,-0.000567,-0.001003,-1e-06,-5e-06,0.0,0.0,0.0,-5e-05,-0.000327,-3.4e-05
2017-05-27 06:49:00+02:00,0.0,0.0,0.0,-0.000424,0.0,0.0,0.0,-1.5e-05,-0.000104,0.0,0.0,0.0,-2.2e-05,-1.9e-05,0.0,-0.000783,0.0,0.0,0.0,-0.000559,0.0,-0.00051,-2.8e-05,0.0,-0.000256,-0.000984,-6e-06,0.0,-2.3e-05,0.0,0.0,-1.2e-05,0.0,-1e-05,-1.6e-05,0.0,0.0,-1.2e-05,0.0,-0.000427,-1e-06,0.0,-3.1e-05,0.0,0.0,-6.4e-05,-0.000144,-0.000168,-1e-06,0.0,0.0,-1.7e-05,-3.1e-05,-2.2e-05,0.0,0.0,0.0,0.0,0.0,0.0,-3.1e-05,-0.000348,-0.000392,0.0,0.0,-0.000857,0.0,-0.000184,0.0,0.0,-4e-06,0.0,0.0,-2e-05,-1.8e-05,0.0,0.0,0.0,0.0,0.0,-5.6e-05,0.0,-0.0001,-0.000299,0.0,0.0,-0.000293,0.0,0.0,0.0,0.0,-3.6e-05,-2.1e-05,0.0,-2.2e-05,0.0,-0.000988,-0.001026,0.0,-0.000306,0.0,-0.000613,-3.6e-05,0.0,-2e-06,-0.00057,-2.2e-05,-0.000107,-0.000598,-0.001041,-1e-06,-9e-06,0.0,0.0,0.0,-6.7e-05,-0.000353,-3.7e-05
2017-05-27 06:50:00+02:00,0.0,0.0,0.0,-0.000449,0.0,0.0,0.0,-2.6e-05,-0.000115,0.0,0.0,0.0,-2.4e-05,-2.1e-05,-0.0,-0.000816,0.0,0.0,0.0,-0.000596,0.0,-0.000545,-5.1e-05,0.0,-0.000279,-0.00102,-1.8e-05,0.0,-2.8e-05,0.0,0.0,-1.4e-05,0.0,-1.1e-05,-1.7e-05,0.0,0.0,-3.3e-05,0.0,-0.000459,-3e-06,0.0,-4.4e-05,0.0,0.0,-8e-05,-0.000158,-0.000184,-3e-06,0.0,0.0,-1.8e-05,-3.2e-05,-2.4e-05,0.0,0.0,0.0,0.0,0.0,0.0,-3.5e-05,-0.000377,-0.000417,0.0,0.0,-0.000892,0.0,-0.0002,0.0,0.0,-6e-06,0.0,0.0,-2.1e-05,-1.9e-05,0.0,0.0,0.0,-4e-06,0.0,-6e-05,0.0,-0.000117,-0.000325,0.0,0.0,-0.000313,0.0,0.0,0.0,0.0,-3.8e-05,-2.2e-05,0.0,-2.4e-05,0.0,-0.001022,-0.001062,0.0,-0.000335,0.0,-0.000643,-4.4e-05,0.0,-6e-06,-0.000603,-2.3e-05,-0.000128,-0.000628,-0.001078,-3e-06,-1.3e-05,0.0,0.0,0.0,-8.4e-05,-0.000379,-4.1e-05
2017-05-27 06:51:00+02:00,0.0,0.0,0.0,-0.000475,0.0,0.0,-4e-06,-4.1e-05,-0.000127,0.0,0.0,0.0,-2.5e-05,-2.2e-05,-1e-06,-0.00085,0.0,0.0,0.0,-0.000635,0.0,-0.000582,-8.1e-05,0.0,-0.000306,-0.001057,-3.5e-05,0.0,-3.5e-05,0.0,0.0,-1.5e-05,0.0,-1.3e-05,-1.9e-05,0.0,0.0,-6.2e-05,0.0,-0.000497,-5e-06,0.0,-6.1e-05,0.0,0.0,-9.8e-05,-0.000173,-0.000202,-9e-06,0.0,0.0,-2e-05,-3.3e-05,-2.5e-05,0.0,0.0,0.0,0.0,0.0,0.0,-3.9e-05,-0.000412,-0.000444,0.0,0.0,-0.000927,0.0,-0.000218,0.0,0.0,-8e-06,0.0,0.0,-2.3e-05,-2.1e-05,0.0,0.0,0.0,-1.9e-05,0.0,-6.5e-05,0.0,-0.000136,-0.000355,0.0,0.0,-0.000338,0.0,0.0,0.0,0.0,-3.9e-05,-2.4e-05,0.0,-2.5e-05,0.0,-0.001056,-0.001098,0.0,-0.00037,0.0,-0.000674,-5.4e-05,0.0,-1.1e-05,-0.000644,-2.5e-05,-0.000157,-0.00066,-0.001115,-6e-06,-1.8e-05,0.0,0.0,0.0,-0.000106,-0.000406,-4.6e-05
2017-05-27 06:52:00+02:00,0.0,0.0,0.0,-0.000499,0.0,0.0,-1.1e-05,-5.7e-05,-0.000139,0.0,0.0,0.0,-2.6e-05,-2.3e-05,-1e-06,-0.000882,0.0,0.0,0.0,-0.000678,0.0,-0.000622,-0.000112,0.0,-0.000331,-0.001091,-5.2e-05,0.0,-4.1e-05,0.0,0.0,-1.6e-05,0.0,-1.4e-05,-2e-05,0.0,0.0,-9.2e-05,0.0,-0.000532,-8e-06,0.0,-8.1e-05,0.0,0.0,-0.000116,-0.000188,-0.000221,-1.4e-05,0.0,0.0,-2.2e-05,-3.5e-05,-2.6e-05,0.0,0.0,0.0,0.0,0.0,0.0,-4.4e-05,-0.000444,-0.000469,0.0,0.0,-0.000959,0.0,-0.000238,0.0,0.0,-1e-05,0.0,0.0,-2.4e-05,-2.2e-05,0.0,0.0,0.0,-3.8e-05,0.0,-7e-05,0.0,-0.000154,-0.000383,0.0,0.0,-0.000361,0.0,0.0,0.0,0.0,-4.1e-05,-2.5e-05,0.0,-2.6e-05,0.0,-0.001089,-0.001132,0.0,-0.000402,0.0,-0.000703,-6.6e-05,0.0,-1.7e-05,-0.000682,-2.6e-05,-0.000182,-0.000689,-0.00115,-9e-06,-2.3e-05,-0.0,0.0,0.0,-0.00013,-0.000432,-5e-05
2017-05-27 06:53:00+02:00,0.0,0.0,0.0,-0.000523,0.0,0.0,-1.7e-05,-6.9e-05,-0.00015,0.0,0.0,0.0,-2.8e-05,-2.5e-05,-1e-06,-0.000914,0.0,0.0,0.0,-0.000714,0.0,-0.000657,-0.000136,0.0,-0.000353,-0.001126,-6.7e-05,0.0,-4.7e-05,0.0,0.0,-1.8e-05,0.0,-1.5e-05,-2.1e-05,0.0,0.0,-0.000117,0.0,-0.000562,-1e-05,0.0,-9.9e-05,0.0,0.0,-0.000134,-0.000203,-0.000238,-1.8e-05,0.0,0.0,-2.3e-05,-3.6e-05,-2.8e-05,0.0,0.0,0.0,0.0,0.0,0.0,-4.8e-05,-0.000472,-0.000493,0.0,0.0,-0.000992,0.0,-0.000255,0.0,0.0,-1.2e-05,0.0,0.0,-2.5e-05,-2.3e-05,0.0,0.0,0.0,-5.3e-05,0.0,-7.5e-05,0.0,-0.000172,-0.000408,0.0,0.0,-0.000382,0.0,0.0,0.0,0.0,-4.3e-05,-2.6e-05,0.0,-2.7e-05,0.0,-0.001122,-0.001167,0.0,-0.000429,0.0,-0.000732,-7.7e-05,0.0,-2.2e-05,-0.000715,-2.8e-05,-0.000204,-0.000718,-0.001186,-1.2e-05,-2.8e-05,-1e-06,0.0,0.0,-0.000152,-0.000457,-5.5e-05
2017-05-27 06:54:00+02:00,0.0,0.0,0.0,-0.000547,0.0,0.0,-2.6e-05,-8.4e-05,-0.000163,0.0,0.0,0.0,-2.9e-05,-2.5e-05,-2e-06,-0.000945,0.0,0.0,0.0,-0.000752,0.0,-0.000693,-0.000164,0.0,-0.000378,-0.00116,-8.3e-05,0.0,-5.4e-05,0.0,0.0,-1.9e-05,0.0,-1.6e-05,-2.2e-05,0.0,0.0,-0.000145,0.0,-0.000597,-1.3e-05,0.0,-0.000119,0.0,0.0,-0.000152,-0.000218,-0.000256,-2.5e-05,0.0,0.0,-2.5e-05,-3.6e-05,-2.9e-05,0.0,0.0,0.0,0.0,0.0,0.0,-5.3e-05,-0.000504,-0.000518,0.0,0.0,-0.001025,0.0,-0.000274,0.0,0.0,-1.4e-05,0.0,0.0,-2.6e-05,-2.4e-05,0.0,0.0,0.0,-7.3e-05,0.0,-8e-05,0.0,-0.00019,-0.000436,0.0,0.0,-0.000407,0.0,0.0,0.0,0.0,-4.4e-05,-2.7e-05,0.0,-2.7e-05,-3e-06,-0.001154,-0.001201,0.0,-0.000461,0.0,-0.000761,-8.8e-05,0.0,-2.7e-05,-0.000753,-3e-05,-0.00023,-0.000747,-0.001221,-1.5e-05,-3.4e-05,-2e-06,0.0,0.0,-0.000175,-0.000482,-5.9e-05
2017-05-27 06:55:00+02:00,0.0,0.0,0.0,-0.000574,0.0,0.0,-3.2e-05,-9.2e-05,-0.000172,0.0,0.0,0.0,-3e-05,-2.6e-05,-2e-06,-0.00098,0.0,0.0,0.0,-0.000792,0.0,-0.000731,-0.00018,0.0,-0.000395,-0.001198,-9.3e-05,0.0,-6.1e-05,0.0,0.0,-2e-05,0.0,-1.6e-05,-2.3e-05,0.0,0.0,-0.000162,0.0,-0.000619,-1.5e-05,0.0,-0.000141,0.0,0.0,-0.000173,-0.000234,-0.000275,-2.8e-05,0.0,0.0,-2.7e-05,-3.8e-05,-3e-05,0.0,0.0,0.0,0.0,0.0,0.0,-5.8e-05,-0.000524,-0.000545,0.0,0.0,-0.001061,0.0,-0.000294,0.0,0.0,-1.7e-05,0.0,0.0,-2.8e-05,-2.5e-05,0.0,0.0,0.0,-8.5e-05,0.0,-8.7e-05,0.0,-0.000211,-0.000454,0.0,0.0,-0.000423,0.0,0.0,0.0,0.0,-4.6e-05,-2.8e-05,0.0,-2.9e-05,-2e-06,-0.001189,-0.001237,0.0,-0.00048,0.0,-0.000792,-0.000101,0.0,-3.1e-05,-0.000778,-3.1e-05,-0.000244,-0.000778,-0.001259,-1.6e-05,-4.1e-05,-5e-06,0.0,0.0,-0.000201,-0.00051,-6.4e-05
2017-05-27 06:56:00+02:00,0.0,0.0,0.0,-0.000604,0.0,0.0,-4.2e-05,-0.000105,-0.000182,0.0,0.0,0.0,-3.1e-05,-2.8e-05,-3e-06,-0.001018,0.0,0.0,0.0,-0.000834,0.0,-0.000771,-0.000203,0.0,-0.000415,-0.001239,-0.000109,0.0,-7.1e-05,0.0,0.0,-2.2e-05,0.0,-1.8e-05,-2.4e-05,0.0,0.0,-0.000187,0.0,-0.000642,-1.8e-05,0.0,-0.000166,0.0,0.0,-0.000199,-0.000253,-0.000296,-3.2e-05,0.0,0.0,-3e-05,-4e-05,-3.1e-05,0.0,0.0,0.0,0.0,0.0,-6e-06,-6.4e-05,-0.000546,-0.000575,0.0,0.0,-0.0011,-3e-06,-0.000315,0.0,-0.0,-2.1e-05,0.0,0.0,-3e-05,-2.7e-05,0.0,0.0,0.0,-0.000105,0.0,-9.4e-05,0.0,-0.000235,-0.000474,0.0,0.0,-0.00044,0.0,0.0,0.0,0.0,-5e-05,-3e-05,0.0,-3.1e-05,-4e-06,-0.001228,-0.001278,0.0,-0.000503,0.0,-0.000827,-0.000116,0.0,-3.7e-05,-0.000802,-3.3e-05,-0.000262,-0.000814,-0.001301,-2e-05,-4.9e-05,-9e-06,0.0,0.0,-0.00023,-0.000541,-6.9e-05
2017-05-27 06:57:00+02:00,0.0,0.0,0.0,-0.000634,0.0,0.0,-5.6e-05,-0.00012,-0.000197,0.0,0.0,0.0,-3.3e-05,-3e-05,-4e-06,-0.001057,0.0,0.0,0.0,-0.000879,0.0,-0.000815,-0.000231,0.0,-0.000443,-0.00128,-0.000127,0.0,-8.1e-05,0.0,0.0,-2.4e-05,0.0,-1.9e-05,-2.6e-05,0.0,0.0,-0.000217,0.0,-0.000679,-2.2e-05,0.0,-0.000193,0.0,0.0,-0.000225,-0.000272,-0.000318,-4.1e-05,0.0,0.0,-3.3e-05,-4.2e-05,-3.3e-05,0.0,0.0,0.0,0.0,0.0,-1.9e-05,-7.1e-05,-0.00058,-0.000606,0.0,0.0,-0.00114,-1.1e-05,-0.000338,0.0,-2e-06,-2.4e-05,0.0,0.0,-3.2e-05,-2.9e-05,0.0,0.0,0.0,-0.000131,0.0,-0.000102,0.0,-0.000261,-0.000505,0.0,0.0,-0.000465,0.0,0.0,0.0,0.0,-5.3e-05,-3.2e-05,0.0,-3.3e-05,-1.7e-05,-0.001267,-0.001318,0.0,-0.000538,0.0,-0.000863,-0.000132,0.0,-4.4e-05,-0.000842,-3.6e-05,-0.000291,-0.000849,-0.001343,-2.3e-05,-5.8e-05,-1.3e-05,0.0,0.0,-0.000261,-0.000573,-7.6e-05
2017-05-27 06:58:00+02:00,0.0,0.0,0.0,-0.000659,0.0,0.0,-6.8e-05,-0.000134,-0.000207,0.0,0.0,0.0,-3.4e-05,-3.1e-05,-4e-06,-0.001089,0.0,0.0,0.0,-0.00092,0.0,-0.000854,-0.000256,0.0,-0.00046,-0.001315,-0.000143,0.0,-8.9e-05,0.0,0.0,-2.6e-05,0.0,-2e-05,-2.7e-05,0.0,0.0,-0.000243,0.0,-0.000696,-2.5e-05,0.0,-0.000216,0.0,0.0,-0.000245,-0.000288,-0.000339,-4.5e-05,0.0,0.0,-3.6e-05,-4.4e-05,-3.4e-05,0.0,0.0,0.0,0.0,0.0,-3e-05,-7.8e-05,-0.000597,-0.000631,0.0,0.0,-0.001173,-1.8e-05,-0.000359,0.0,-4e-06,-2.8e-05,0.0,0.0,-3.4e-05,-3e-05,0.0,0.0,0.0,-0.000153,0.0,-0.000109,0.0,-0.00028,-0.00052,0.0,0.0,-0.000479,0.0,0.0,0.0,0.0,-5.7e-05,-3.3e-05,0.0,-3.4e-05,-2e-05,-0.001299,-0.001352,0.0,-0.000557,0.0,-0.000892,-0.000146,0.0,-5.1e-05,-0.000861,-3.8e-05,-0.000305,-0.000878,-0.001378,-2.7e-05,-6.5e-05,-1.7e-05,0.0,0.0,-0.000287,-0.000599,-8e-05
2017-05-27 06:59:00+02:00,0.0,0.0,0.0,-0.000684,0.0,0.0,-8e-05,-0.000147,-0.000218,0.0,0.0,0.0,-3.6e-05,-3.2e-05,-5e-06,-0.001121,0.0,0.0,0.0,-0.000956,0.0,-0.000889,-0.000278,0.0,-0.00048,-0.00135,-0.000158,0.0,-9.7e-05,0.0,0.0,-2.8e-05,0.0,-2.1e-05,-2.8e-05,0.0,0.0,-0.000266,0.0,-0.000721,-2.9e-05,0.0,-0.000236,0.0,0.0,-0.000265,-0.000304,-0.000358,-5.1e-05,0.0,0.0,-3.8e-05,-4.5e-05,-3.6e-05,0.0,0.0,0.0,0.0,0.0,-4.2e-05,-8.4e-05,-0.000621,-0.000657,0.0,0.0,-0.001206,-2.5e-05,-0.000378,0.0,-6e-06,-3.1e-05,0.0,0.0,-3.6e-05,-3.1e-05,0.0,0.0,0.0,-0.000174,0.0,-0.000117,0.0,-0.0003,-0.000542,0.0,0.0,-0.000498,0.0,0.0,0.0,0.0,-6e-05,-3.4e-05,0.0,-3.5e-05,-2.8e-05,-0.001332,-0.001387,0.0,-0.00058,0.0,-0.000922,-0.000158,0.0,-5.7e-05,-0.00089,-4.1e-05,-0.000324,-0.000907,-0.001414,-3e-05,-7.3e-05,-2.1e-05,0.0,0.0,-0.00031,-0.000625,-8.6e-05
2017-05-27 07:00:00+02:00,0.0,0.0,0.0,-0.000703,0.0,0.0,-8.6e-05,-0.000155,-0.000228,0.0,0.0,0.0,-3.7e-05,-3.4e-05,-5e-06,-0.001146,0.0,0.0,0.0,-0.000978,0.0,-0.00091,-0.000292,0.0,-0.000495,-0.001378,-0.000167,0.0,-0.000103,0.0,0.0,-3e-05,0.0,-2.2e-05,-3e-05,0.0,0.0,-0.00028,0.0,-0.00074,-3.1e-05,0.0,-0.000245,0.0,0.0,-0.000278,-0.000316,-0.00037,-5.5e-05,0.0,0.0,-4.1e-05,-4.7e-05,-3.7e-05,0.0,0.0,0.0,0.0,0.0,-4.6e-05,-9e-05,-0.000638,-0.000676,0.0,0.0,-0.001232,-2.7e-05,-0.000391,0.0,-7e-06,-3.4e-05,0.0,0.0,-3.8e-05,-3.2e-05,0.0,0.0,0.0,-0.000185,0.0,-0.000124,0.0,-0.000313,-0.000557,0.0,0.0,-0.000514,0.0,0.0,0.0,0.0,-6.4e-05,-3.6e-05,0.0,-3.7e-05,-3e-05,-0.001358,-0.001413,0.0,-0.000596,0.0,-0.000944,-0.000165,0.0,-6.1e-05,-0.000912,-4.4e-05,-0.000336,-0.000929,-0.001442,-3.3e-05,-7.8e-05,-2.2e-05,0.0,0.0,-0.000321,-0.000643,-9.2e-05
2017-05-27 07:01:00+02:00,0.0,0.0,0.0,-0.000722,0.0,0.0,-9.3e-05,-0.000164,-0.000238,0.0,0.0,0.0,-3.9e-05,-3.5e-05,-6e-06,-0.001169,0.0,0.0,0.0,-0.001006,0.0,-0.000938,-0.000308,0.0,-0.000513,-0.001403,-0.000177,0.0,-0.000109,0.0,0.0,-3.2e-05,0.0,-2.3e-05,-3.1e-05,0.0,0.0,-0.000296,0.0,-0.00076,-3.4e-05,0.0,-0.000262,0.0,0.0,-0.00029,-0.000327,-0.000387,-5.9e-05,0.0,0.0,-4.4e-05,-4.9e-05,-3.9e-05,0.0,0.0,0.0,0.0,0.0,-5.3e-05,-9.6e-05,-0.000657,-0.000693,0.0,0.0,-0.001256,-3.1e-05,-0.000408,0.0,-8e-06,-3.7e-05,0.0,0.0,-3.9e-05,-3.4e-05,0.0,0.0,0.0,-0.000198,0.0,-0.000132,0.0,-0.000326,-0.000576,0.0,0.0,-0.000531,0.0,0.0,0.0,0.0,-6.8e-05,-3.7e-05,0.0,-3.8e-05,-3.5e-05,-0.001381,-0.001437,0.0,-0.000615,0.0,-0.000965,-0.000175,0.0,-6.6e-05,-0.000937,-4.7e-05,-0.000349,-0.000948,-0.001468,-3.6e-05,-8.3e-05,-2.5e-05,0.0,0.0,-0.00034,-0.00066,-9.8e-05
2017-05-27 07:02:00+02:00,0.0,0.0,0.0,-0.000738,0.0,0.0,-9.9e-05,-0.000172,-0.000244,0.0,0.0,0.0,-3.9e-05,-3.5e-05,-5e-06,-0.00119,0.0,0.0,0.0,-0.001027,0.0,-0.000959,-0.000321,0.0,-0.00052,-0.001427,-0.000186,0.0,-0.000113,0.0,0.0,-3.3e-05,0.0,-2.3e-05,-3.1e-05,0.0,0.0,-0.000308,0.0,-0.000763,-3.7e-05,0.0,-0.000272,0.0,0.0,-0.0003,-0.000337,-0.000399,-5.9e-05,0.0,0.0,-4.6e-05,-4.9e-05,-3.9e-05,0.0,0.0,0.0,0.0,0.0,-5.7e-05,-0.000101,-0.00066,-0.000709,0.0,0.0,-0.001278,-3.4e-05,-0.000421,0.0,-9e-06,-3.9e-05,0.0,0.0,-4e-05,-3.3e-05,0.0,0.0,0.0,-0.000208,0.0,-0.000138,0.0,-0.000336,-0.000579,0.0,0.0,-0.000535,0.0,0.0,0.0,0.0,-7.1e-05,-3.7e-05,0.0,-3.9e-05,-2.9e-05,-0.001402,-0.00146,0.0,-0.00062,0.0,-0.000984,-0.000183,0.0,-7e-05,-0.00094,-4.8e-05,-0.00035,-0.000966,-0.001492,-3.8e-05,-8.7e-05,-2.7e-05,0.0,0.0,-0.000352,-0.000675,-0.000101
2017-05-27 07:03:00+02:00,0.0,0.0,0.0,-0.000751,0.0,0.0,-0.000104,-0.000179,-0.00025,0.0,0.0,0.0,-3.8e-05,-3.4e-05,-5e-06,-0.001207,0.0,0.0,0.0,-0.001042,0.0,-0.000974,-0.000331,0.0,-0.000527,-0.001446,-0.000193,0.0,-0.000117,0.0,0.0,-3.4e-05,0.0,-2.3e-05,-3e-05,0.0,0.0,-0.000318,0.0,-0.000767,-3.9e-05,0.0,-0.000279,0.0,0.0,-0.000306,-0.000345,-0.00041,-5.9e-05,0.0,0.0,-4.8e-05,-4.9e-05,-3.8e-05,0.0,0.0,0.0,0.0,0.0,-6e-05,-0.000106,-0.000664,-0.000721,0.0,0.0,-0.001295,-3.5e-05,-0.000432,0.0,-9e-06,-4.1e-05,0.0,0.0,-3.9e-05,-3.3e-05,0.0,0.0,0.0,-0.000216,0.0,-0.000144,0.0,-0.000343,-0.000583,0.0,0.0,-0.00054,0.0,0.0,0.0,0.0,-7.3e-05,-3.7e-05,0.0,-3.9e-05,-2.4e-05,-0.00142,-0.001478,0.0,-0.000625,0.0,-0.000999,-0.000189,0.0,-7.3e-05,-0.000944,-4.9e-05,-0.000351,-0.00098,-0.001511,-4.1e-05,-9e-05,-2.9e-05,0.0,0.0,-0.00036,-0.000686,-0.000104
2017-05-27 07:04:00+02:00,0.0,0.0,0.0,-0.000766,0.0,0.0,-0.000114,-0.000191,-0.000258,0.0,0.0,0.0,-3.9e-05,-3.5e-05,-6e-06,-0.001227,0.0,0.0,0.0,-0.001066,0.0,-0.000997,-0.000351,0.0,-0.000538,-0.001469,-0.000207,0.0,-0.000122,0.0,0.0,-3.6e-05,0.0,-2.3e-05,-3.1e-05,0.0,0.0,-0.000337,0.0,-0.000788,-4.2e-05,0.0,-0.000294,0.0,0.0,-0.000316,-0.000355,-0.000425,-6.4e-05,0.0,0.0,-5e-05,-4.9e-05,-3.9e-05,0.0,0.0,0.0,0.0,0.0,-7.2e-05,-0.000111,-0.000683,-0.000736,0.0,0.0,-0.001317,-4.3e-05,-0.000447,0.0,-1.2e-05,-4.4e-05,0.0,0.0,-4e-05,-3.3e-05,0.0,0.0,0.0,-0.000233,0.0,-0.00015,0.0,-0.000353,-0.000601,0.0,0.0,-0.000559,0.0,0.0,0.0,0.0,-7.6e-05,-3.7e-05,0.0,-3.9e-05,-3.1e-05,-0.00144,-0.0015,0.0,-0.00064,0.0,-0.001017,-0.000199,0.0,-7.9e-05,-0.00097,-5.2e-05,-0.000364,-0.000998,-0.001534,-4.4e-05,-9.4e-05,-3.2e-05,0.0,0.0,-0.000377,-0.0007,-0.00011
2017-05-27 07:05:00+02:00,0.0,0.0,0.0,-0.000781,0.0,0.0,-0.000128,-0.000207,-0.000262,0.0,0.0,0.0,-3.9e-05,-3.5e-05,-6e-06,-0.001245,0.0,0.0,0.0,-0.001088,0.0,-0.001019,-0.000376,0.0,-0.000543,-0.00149,-0.000223,0.0,-0.000127,0.0,0.0,-3.7e-05,0.0,-2.3e-05,-3.1e-05,0.0,0.0,-0.000362,0.0,-0.000799,-4.7e-05,0.0,-0.000306,0.0,0.0,-0.000324,-0.000364,-0.000439,-6.7e-05,0.0,0.0,-5.3e-05,-4.9e-05,-3.9e-05,0.0,0.0,0.0,0.0,0.0,-8.8e-05,-0.000117,-0.000694,-0.000749,0.0,0.0,-0.001336,-5.3e-05,-0.000462,0.0,-1.6e-05,-4.7e-05,0.0,0.0,-4e-05,-3.4e-05,0.0,0.0,0.0,-0.000255,0.0,-0.000157,0.0,-0.000361,-0.000611,0.0,0.0,-0.000571,0.0,0.0,0.0,0.0,-7.9e-05,-3.7e-05,0.0,-3.9e-05,-3.4e-05,-0.001458,-0.001519,0.0,-0.000646,0.0,-0.001034,-0.000208,0.0,-8.7e-05,-0.000983,-5.4e-05,-0.00037,-0.001013,-0.001555,-4.9e-05,-9.8e-05,-3.5e-05,0.0,0.0,-0.000391,-0.000713,-0.000115
2017-05-27 07:06:00+02:00,0.0,0.0,0.0,-0.000796,0.0,0.0,-0.000138,-0.000219,-0.000269,0.0,0.0,0.0,-3.9e-05,-3.5e-05,-6e-06,-0.001264,0.0,0.0,0.0,-0.001112,0.0,-0.001042,-0.000396,0.0,-0.000553,-0.00151,-0.000237,0.0,-0.000132,0.0,0.0,-3.9e-05,0.0,-2.3e-05,-3.1e-05,0.0,0.0,-0.000381,0.0,-0.000815,-5.1e-05,0.0,-0.00032,0.0,0.0,-0.000333,-0.000373,-0.000454,-7e-05,0.0,0.0,-5.5e-05,-5e-05,-3.9e-05,0.0,0.0,0.0,0.0,0.0,-0.0001,-0.000124,-0.000709,-0.000764,0.0,0.0,-0.001355,-6.1e-05,-0.000477,0.0,-1.9e-05,-5e-05,0.0,0.0,-4.1e-05,-3.4e-05,0.0,0.0,0.0,-0.000272,0.0,-0.000164,0.0,-0.00037,-0.000625,0.0,0.0,-0.000587,0.0,0.0,0.0,0.0,-8.3e-05,-3.8e-05,0.0,-3.9e-05,-3.8e-05,-0.001477,-0.001539,0.0,-0.000656,0.0,-0.001051,-0.000217,0.0,-9.3e-05,-0.001002,-5.7e-05,-0.00038,-0.001029,-0.001575,-5.3e-05,-0.000102,-3.8e-05,0.0,0.0,-0.000406,-0.000726,-0.000121
2017-05-27 07:07:00+02:00,0.0,0.0,0.0,-0.000812,0.0,0.0,-0.00015,-0.000232,-0.000277,0.0,0.0,0.0,-3.9e-05,-3.5e-05,-6e-06,-0.001285,0.0,0.0,0.0,-0.001137,0.0,-0.001067,-0.000416,0.0,-0.000563,-0.001534,-0.000251,0.0,-0.000138,0.0,0.0,-4e-05,0.0,-2.3e-05,-3.1e-05,0.0,0.0,-0.000401,0.0,-0.00083,-5.5e-05,0.0,-0.000335,0.0,0.0,-0.000344,-0.000384,-0.00047,-7.4e-05,0.0,0.0,-5.8e-05,-5e-05,-3.9e-05,0.0,0.0,0.0,0.0,0.0,-0.000115,-0.000131,-0.000722,-0.00078,0.0,0.0,-0.001377,-7e-05,-0.000493,0.0,-2.3e-05,-5.4e-05,0.0,0.0,-4.1e-05,-3.4e-05,0.0,0.0,0.0,-0.00029,0.0,-0.000172,0.0,-0.000382,-0.000638,0.0,0.0,-0.000601,0.0,0.0,0.0,0.0,-8.7e-05,-3.8e-05,0.0,-3.9e-05,-4.3e-05,-0.001498,-0.001561,0.0,-0.000667,0.0,-0.00107,-0.000228,0.0,-0.0001,-0.001019,-5.9e-05,-0.000389,-0.001047,-0.001599,-5.8e-05,-0.000108,-4.2e-05,0.0,0.0,-0.000424,-0.000742,-0.000127
2017-05-27 07:08:00+02:00,0.0,0.0,0.0,-0.000831,0.0,0.0,-0.00016,-0.000245,-0.000288,0.0,0.0,0.0,-4.1e-05,-3.7e-05,-7e-06,-0.001307,0.0,0.0,0.0,-0.001164,0.0,-0.001094,-0.000436,0.0,-0.00058,-0.001559,-0.000265,0.0,-0.000145,0.0,0.0,-4.3e-05,0.0,-2.4e-05,-3.2e-05,0.0,0.0,-0.00042,0.0,-0.000854,-5.9e-05,0.0,-0.000353,0.0,0.0,-0.000357,-0.000397,-0.000487,-8e-05,0.0,0.0,-6.3e-05,-5.1e-05,-4.1e-05,0.0,0.0,0.0,0.0,0.0,-0.000128,-0.000139,-0.000744,-0.000798,0.0,0.0,-0.0014,-7.9e-05,-0.000511,0.0,-2.7e-05,-5.9e-05,0.0,0.0,-4.2e-05,-3.5e-05,0.0,0.0,0.0,-0.000307,0.0,-0.000181,0.0,-0.000395,-0.000659,0.0,0.0,-0.000621,0.0,0.0,0.0,0.0,-9.2e-05,-3.9e-05,0.0,-4e-05,-5.4e-05,-0.001521,-0.001585,0.0,-0.000686,0.0,-0.001091,-0.00024,0.0,-0.000107,-0.001047,-6.4e-05,-0.000405,-0.001067,-0.001625,-6.2e-05,-0.000114,-4.7e-05,0.0,0.0,-0.000443,-0.000759,-0.000135
2017-05-27 07:09:00+02:00,0.0,0.0,0.0,-0.00085,0.0,0.0,-0.000168,-0.000255,-0.000301,0.0,0.0,0.0,-4.1e-05,-3.7e-05,-7e-06,-0.001331,0.0,0.0,0.0,-0.001193,0.0,-0.001122,-0.000452,0.0,-0.000599,-0.001586,-0.000275,0.0,-0.000152,0.0,0.0,-4.6e-05,0.0,-2.5e-05,-3.3e-05,0.0,0.0,-0.000435,0.0,-0.000873,-6.3e-05,0.0,-0.000371,0.0,0.0,-0.000371,-0.00041,-0.000505,-8.6e-05,0.0,0.0,-6.7e-05,-5.2e-05,-4.1e-05,0.0,0.0,0.0,0.0,0.0,-0.000137,-0.000147,-0.000762,-0.000817,0.0,0.0,-0.001425,-8.5e-05,-0.000529,0.0,-2.9e-05,-6.3e-05,0.0,0.0,-4.3e-05,-3.6e-05,0.0,0.0,0.0,-0.000319,0.0,-0.00019,0.0,-0.000409,-0.000676,0.0,0.0,-0.000639,0.0,0.0,0.0,0.0,-9.7e-05,-4e-05,0.0,-4.1e-05,-6.4e-05,-0.001545,-0.001611,0.0,-0.000705,0.0,-0.001113,-0.000253,0.0,-0.000113,-0.001069,-6.8e-05,-0.000419,-0.001088,-0.001652,-6.6e-05,-0.000121,-5.3e-05,0.0,0.0,-0.000463,-0.000778,-0.000142
2017-05-27 07:10:00+02:00,0.0,0.0,0.0,-0.000867,0.0,0.0,-0.000178,-0.000268,-0.000312,0.0,0.0,0.0,-4.2e-05,-3.8e-05,-7e-06,-0.001352,0.0,0.0,0.0,-0.001214,0.0,-0.001143,-0.000471,0.0,-0.000615,-0.001609,-0.000288,0.0,-0.000158,0.0,0.0,-4.9e-05,0.0,-2.6e-05,-3.4e-05,0.0,0.0,-0.000452,0.0,-0.000889,-6.8e-05,0.0,-0.000381,0.0,0.0,-0.000382,-0.000421,-0.00052,-9.1e-05,0.0,0.0,-7.1e-05,-5.3e-05,-4.2e-05,0.0,0.0,0.0,0.0,0.0,-0.000148,-0.000154,-0.000777,-0.000833,0.0,0.0,-0.001447,-9.2e-05,-0.000544,0.0,-3.3e-05,-6.7e-05,0.0,0.0,-4.4e-05,-3.7e-05,0.0,0.0,0.0,-0.000334,0.0,-0.000199,0.0,-0.00042,-0.00069,0.0,0.0,-0.000654,0.0,0.0,0.0,0.0,-0.000102,-4.1e-05,0.0,-4.2e-05,-7.1e-05,-0.001566,-0.001633,0.0,-0.00072,0.0,-0.001132,-0.000261,0.0,-0.00012,-0.001089,-7.2e-05,-0.00043,-0.001106,-0.001676,-7.1e-05,-0.000126,-5.6e-05,0.0,0.0,-0.000475,-0.000793,-0.000149
2017-05-27 07:11:00+02:00,0.0,0.0,0.0,-0.000891,0.0,0.0,-0.000193,-0.000284,-0.000328,0.0,0.0,0.0,-4.4e-05,-4e-05,-8e-06,-0.001381,0.0,0.0,0.0,-0.001244,0.0,-0.001172,-0.000497,0.0,-0.00064,-0.001641,-0.000306,0.0,-0.000168,0.0,0.0,-5.3e-05,0.0,-2.7e-05,-3.5e-05,0.0,0.0,-0.000477,0.0,-0.000918,-7.4e-05,0.0,-0.000399,0.0,0.0,-0.000401,-0.000437,-0.000538,-0.0001,0.0,0.0,-7.6e-05,-5.5e-05,-4.4e-05,0.0,0.0,0.0,0.0,0.0,-0.000167,-0.000163,-0.000804,-0.000857,0.0,0.0,-0.001477,-0.000105,-0.000563,0.0,-3.8e-05,-7.2e-05,0.0,0.0,-4.6e-05,-3.8e-05,0.0,0.0,0.0,-0.000357,0.0,-0.000209,0.0,-0.00044,-0.000715,0.0,0.0,-0.000678,0.0,0.0,0.0,0.0,-0.000109,-4.3e-05,0.0,-4.3e-05,-8.8e-05,-0.001595,-0.001664,0.0,-0.000747,0.0,-0.00116,-0.000274,0.0,-0.000129,-0.001122,-7.7e-05,-0.000452,-0.001132,-0.001708,-7.8e-05,-0.000135,-6.1e-05,0.0,-8e-06,-0.000494,-0.000817,-0.000159
2017-05-27 07:12:00+02:00,0.0,0.0,-2e-06,-0.000922,0.0,0.0,-0.000211,-0.000304,-0.000345,0.0,0.0,0.0,-4.6e-05,-4.1e-05,-9e-06,-0.001418,0.0,0.0,0.0,-0.001286,0.0,-0.001213,-0.000528,0.0,-0.000667,-0.001681,-0.000328,0.0,-0.000181,0.0,0.0,-5.8e-05,0.0,-2.8e-05,-3.7e-05,0.0,0.0,-0.000507,0.0,-0.000948,-8.2e-05,0.0,-0.000427,0.0,0.0,-0.000427,-0.000458,-0.000564,-0.00011,0.0,0.0,-8.2e-05,-5.7e-05,-4.6e-05,0.0,0.0,0.0,0.0,0.0,-0.000192,-0.000175,-0.000833,-0.000887,0.0,-7e-06,-0.001515,-0.000121,-0.000589,0.0,-4.6e-05,-7.9e-05,0.0,0.0,-4.8e-05,-4e-05,0.0,0.0,0.0,-0.000385,0.0,-0.000222,0.0,-0.000465,-0.000742,0.0,0.0,-0.000703,0.0,0.0,0.0,0.0,-0.000117,-4.5e-05,0.0,-4.5e-05,-0.000108,-0.001632,-0.001702,0.0,-0.000776,0.0,-0.001194,-0.000293,0.0,-0.000141,-0.001155,-8.3e-05,-0.000476,-0.001165,-0.001748,-8.5e-05,-0.000147,-7e-05,0.0,-2.3e-05,-0.000525,-0.000847,-0.000169
2017-05-27 07:13:00+02:00,0.0,0.0,-1.5e-05,-0.000956,-3e-06,0.0,-0.000234,-0.000327,-0.00037,0.0,0.0,0.0,-4.9e-05,-4.3e-05,-1.1e-05,-0.001458,0.0,0.0,0.0,-0.001339,0.0,-0.001265,-0.000564,0.0,-0.000709,-0.001724,-0.000354,0.0,-0.000195,0.0,0.0,-6.4e-05,0.0,-3e-05,-3.8e-05,0.0,0.0,-0.000544,0.0,-0.001001,-9e-05,0.0,-0.000464,0.0,0.0,-0.000456,-0.000482,-0.000595,-0.000127,0.0,0.0,-8.9e-05,-5.9e-05,-4.7e-05,0.0,0.0,0.0,0.0,0.0,-0.000222,-0.000188,-0.000882,-0.000922,0.0,-2.3e-05,-0.001556,-0.000141,-0.000622,0.0,-5.5e-05,-8.8e-05,0.0,0.0,-5e-05,-4.2e-05,0.0,0.0,0.0,-0.000419,0.0,-0.000234,0.0,-0.000493,-0.000787,0.0,0.0,-0.000744,0.0,0.0,0.0,0.0,-0.000124,-4.7e-05,0.0,-4.6e-05,-0.000143,-0.001672,-0.001743,0.0,-0.000825,0.0,-0.001232,-0.000317,0.0,-0.000154,-0.001214,-9.1e-05,-0.000517,-0.001203,-0.001792,-9.4e-05,-0.00016,-8.1e-05,0.0,-4.6e-05,-0.000566,-0.000882,-0.000184
2017-05-27 07:14:00+02:00,0.0,0.0,-3.2e-05,-0.000987,-1e-05,0.0,-0.000255,-0.00035,-0.0004,0.0,0.0,0.0,-5.2e-05,-4.5e-05,-1.2e-05,-0.001495,0.0,0.0,0.0,-0.001393,0.0,-0.001317,-0.000599,0.0,-0.000759,-0.001764,-0.000378,0.0,-0.00021,0.0,0.0,-7.1e-05,0.0,-3.1e-05,-4e-05,0.0,0.0,-0.000577,0.0,-0.001065,-9.8e-05,0.0,-0.000502,0.0,0.0,-0.000485,-0.000505,-0.000628,-0.000148,0.0,0.0,-9.6e-05,-6e-05,-4.9e-05,0.0,0.0,0.0,0.0,0.0,-0.000251,-0.000202,-0.000941,-0.000954,0.0,-4.1e-05,-0.001594,-0.000161,-0.000655,0.0,-6.4e-05,-9.7e-05,0.0,0.0,-5.1e-05,-4.3e-05,0.0,0.0,0.0,-0.000451,0.0,-0.000247,0.0,-0.000521,-0.000841,0.0,0.0,-0.000795,0.0,0.0,0.0,0.0,-0.000131,-5e-05,0.0,-4.7e-05,-0.000185,-0.001708,-0.001781,0.0,-0.000884,0.0,-0.001268,-0.000342,0.0,-0.000166,-0.001286,-9.9e-05,-0.000567,-0.001238,-0.001832,-0.000102,-0.000174,-9.3e-05,0.0,-6.8e-05,-0.000607,-0.000915,-0.0002
2017-05-27 07:15:00+02:00,0.0,0.0,-4.7e-05,-0.001015,-1.4e-05,0.0,-0.000273,-0.000368,-0.000422,0.0,0.0,0.0,-5.4e-05,-4.6e-05,-1.3e-05,-0.001528,0.0,0.0,0.0,-0.001443,0.0,-0.001366,-0.000627,0.0,-0.000793,-0.0018,-0.000398,0.0,-0.000222,0.0,0.0,-7.7e-05,0.0,-3.2e-05,-4.1e-05,0.0,0.0,-0.000604,0.0,-0.001104,-0.000105,0.0,-0.000535,0.0,0.0,-0.00051,-0.000526,-0.000658,-0.000163,0.0,0.0,-0.000104,-6.2e-05,-5e-05,0.0,0.0,-1e-06,0.0,0.0,-0.000275,-0.000215,-0.000979,-0.000982,0.0,-5.7e-05,-0.001628,-0.000177,-0.000686,0.0,-7.2e-05,-0.000106,0.0,0.0,-5.2e-05,-4.4e-05,0.0,0.0,0.0,-0.000477,0.0,-0.000259,0.0,-0.000545,-0.000876,0.0,0.0,-0.000825,0.0,0.0,0.0,0.0,-0.000139,-5.2e-05,0.0,-4.7e-05,-0.000213,-0.00174,-0.001815,0.0,-0.000923,0.0,-0.001299,-0.000365,0.0,-0.000177,-0.001328,-0.000106,-0.000599,-0.001268,-0.001868,-0.00011,-0.000186,-0.000104,0.0,-8.6e-05,-0.000644,-0.000943,-0.000212
2017-05-27 07:16:00+02:00,0.0,0.0,-6.5e-05,-0.001045,-2.2e-05,0.0,-0.000291,-0.000388,-0.000445,0.0,0.0,0.0,-5.7e-05,-4.8e-05,-1.4e-05,-0.001564,0.0,0.0,0.0,-0.001495,0.0,-0.001418,-0.000656,0.0,-0.000829,-0.001838,-0.000419,0.0,-0.000236,0.0,0.0,-8.3e-05,0.0,-3.4e-05,-4.3e-05,0.0,0.0,-0.000633,0.0,-0.001144,-0.000113,0.0,-0.00057,0.0,-2e-06,-0.000536,-0.000547,-0.00069,-0.000178,0.0,0.0,-0.000112,-6.5e-05,-5.2e-05,0.0,0.0,-7e-06,0.0,0.0,-0.0003,-0.00023,-0.001018,-0.001012,0.0,-7.5e-05,-0.001665,-0.000194,-0.000718,0.0,-8e-05,-0.000115,0.0,0.0,-5.4e-05,-4.6e-05,0.0,0.0,0.0,-0.000504,0.0,-0.000272,0.0,-0.000571,-0.000912,0.0,0.0,-0.000855,0.0,0.0,0.0,0.0,-0.000147,-5.5e-05,0.0,-4.9e-05,-0.000243,-0.001775,-0.001852,0.0,-0.000963,0.0,-0.001332,-0.000389,0.0,-0.000189,-0.00137,-0.000114,-0.000633,-0.001301,-0.001906,-0.000118,-0.000199,-0.000116,0.0,-0.000106,-0.000682,-0.000973,-0.000225
2017-05-27 07:17:00+02:00,0.0,0.0,-7.9e-05,-0.001067,-3.1e-05,0.0,-0.00031,-0.000407,-0.000465,0.0,0.0,0.0,-5.9e-05,-4.9e-05,-1.5e-05,-0.00159,0.0,0.0,0.0,-0.001542,0.0,-0.001464,-0.000685,0.0,-0.00086,-0.001866,-0.00044,0.0,-0.000246,0.0,0.0,-8.9e-05,0.0,-3.5e-05,-4.4e-05,0.0,0.0,-0.00066,0.0,-0.001177,-0.000121,0.0,-0.0006,0.0,-7e-06,-0.000554,-0.000564,-0.000719,-0.000191,0.0,0.0,-0.00012,-6.8e-05,-5.4e-05,0.0,0.0,-1.1e-05,0.0,0.0,-0.000324,-0.000244,-0.00105,-0.001034,0.0,-8.9e-05,-0.001692,-0.00021,-0.000748,0.0,-8.9e-05,-0.000124,0.0,0.0,-5.6e-05,-4.7e-05,0.0,0.0,0.0,-0.000531,0.0,-0.000284,0.0,-0.000589,-0.000942,0.0,0.0,-0.000882,0.0,0.0,0.0,-0.0,-0.000155,-5.8e-05,0.0,-5e-05,-0.000266,-0.0018,-0.001878,0.0,-0.000996,0.0,-0.001357,-0.00041,0.0,-0.0002,-0.001405,-0.000121,-0.000661,-0.001324,-0.001934,-0.000126,-0.000208,-0.000126,0.0,-0.000125,-0.000715,-0.000995,-0.000237
2017-05-27 07:18:00+02:00,0.0,0.0,-9.3e-05,-0.001094,-4.3e-05,0.0,-0.00033,-0.000429,-0.000488,0.0,0.0,0.0,-6.4e-05,-5.1e-05,-1.6e-05,-0.001623,0.0,0.0,0.0,-0.001587,0.0,-0.001508,-0.000716,0.0,-0.000895,-0.001902,-0.000463,0.0,-0.000259,0.0,0.0,-9.7e-05,0.0,-3.7e-05,-4.6e-05,0.0,0.0,-0.000691,0.0,-0.001219,-0.00013,0.0,-0.000628,0.0,-1.5e-05,-0.000576,-0.000583,-0.000747,-0.000205,0.0,0.0,-0.000129,-7.1e-05,-5.6e-05,0.0,0.0,-1.6e-05,0.0,0.0,-0.00035,-0.000258,-0.001091,-0.001061,0.0,-0.000103,-0.001726,-0.000229,-0.000777,0.0,-9.8e-05,-0.000133,0.0,0.0,-5.8e-05,-4.9e-05,0.0,0.0,0.0,-0.00056,0.0,-0.000298,0.0,-0.000611,-0.000979,0.0,0.0,-0.000918,0.0,0.0,0.0,-2e-06,-0.000165,-6.2e-05,0.0,-5.1e-05,-0.000292,-0.001832,-0.001912,0.0,-0.001035,0.0,-0.001387,-0.00043,0.0,-0.000213,-0.001454,-0.00013,-0.000692,-0.001353,-0.00197,-0.000136,-0.00022,-0.000136,0.0,-0.000147,-0.000745,-0.001021,-0.000252
2017-05-27 07:19:00+02:00,0.0,0.0,-0.000103,-0.001103,-5.1e-05,0.0,-0.000346,-0.000446,-0.000495,0.0,0.0,0.0,-6.7e-05,-5.3e-05,-1.7e-05,-0.001635,0.0,0.0,0.0,-0.001626,0.0,-0.001547,-0.000741,0.0,-0.000902,-0.001917,-0.000481,0.0,-0.000262,0.0,0.0,-0.000101,0.0,-3.8e-05,-4.8e-05,0.0,0.0,-0.000714,0.0,-0.001239,-0.000138,0.0,-0.000651,0.0,-2e-05,-0.000579,-0.000588,-0.000772,-0.000211,0.0,0.0,-0.000138,-7.5e-05,-5.8e-05,0.0,0.0,-1.9e-05,0.0,0.0,-0.00037,-0.000273,-0.001108,-0.001068,0.0,-0.000113,-0.001739,-0.000243,-0.000803,0.0,-0.000106,-0.000141,0.0,0.0,-6.1e-05,-5.1e-05,0.0,0.0,0.0,-0.000582,0.0,-0.000308,0.0,-0.000614,-0.000997,0.0,0.0,-0.000939,0.0,0.0,0.0,-3e-06,-0.000173,-6.5e-05,0.0,-5.2e-05,-0.000299,-0.001845,-0.001926,0.0,-0.001044,0.0,-0.001397,-0.000447,0.0,-0.000224,-0.001481,-0.000138,-0.000702,-0.001361,-0.001986,-0.000144,-0.000223,-0.000144,0.0,-0.000163,-0.000771,-0.001027,-0.000264
2017-05-27 07:20:00+02:00,0.0,0.0,-0.00011,-0.001105,-5.6e-05,0.0,-0.000358,-0.00046,-0.000497,0.0,0.0,0.0,-7e-05,-5.4e-05,-1.7e-05,-0.001638,0.0,0.0,0.0,-0.00166,0.0,-0.001581,-0.00076,0.0,-0.000902,-0.001924,-0.000495,0.0,-0.000263,0.0,0.0,-0.000105,0.0,-3.8e-05,-4.8e-05,0.0,0.0,-0.000731,0.0,-0.001246,-0.000145,0.0,-0.000671,0.0,-2.2e-05,-0.000574,-0.000588,-0.000795,-0.000214,0.0,0.0,-0.000147,-7.7e-05,-5.9e-05,0.0,0.0,-2.1e-05,0.0,0.0,-0.000385,-0.000286,-0.001115,-0.001067,0.0,-0.000121,-0.001744,-0.000253,-0.000826,0.0,-0.000112,-0.000149,0.0,0.0,-6.3e-05,-5.2e-05,0.0,0.0,0.0,-0.000599,0.0,-0.000316,0.0,-0.000611,-0.001004,0.0,0.0,-0.000948,0.0,0.0,0.0,-3e-06,-0.00018,-6.8e-05,0.0,-5.3e-05,-0.000301,-0.00185,-0.001932,0.0,-0.001046,0.0,-0.001399,-0.000462,0.0,-0.000233,-0.001491,-0.000144,-0.000705,-0.00136,-0.001992,-0.000152,-0.000223,-0.000152,0.0,-0.000174,-0.000792,-0.001024,-0.000272
2017-05-27 07:21:00+02:00,0.0,0.0,-0.000118,-0.001119,-6.3e-05,0.0,-0.000371,-0.000474,-0.000505,0.0,0.0,0.0,-7.3e-05,-5.5e-05,-1.8e-05,-0.001657,0.0,0.0,0.0,-0.001693,0.0,-0.001614,-0.000779,0.0,-0.000911,-0.001946,-0.000509,0.0,-0.000269,0.0,0.0,-0.000109,0.0,-3.9e-05,-4.9e-05,0.0,0.0,-0.000748,0.0,-0.00126,-0.000153,0.0,-0.00069,0.0,-2.6e-05,-0.000581,-0.000597,-0.000817,-0.00022,0.0,0.0,-0.000155,-8.1e-05,-6e-05,0.0,0.0,-2.4e-05,0.0,0.0,-0.000401,-0.000299,-0.001129,-0.001079,0.0,-0.000129,-0.001764,-0.000265,-0.00085,0.0,-0.000118,-0.000156,0.0,0.0,-6.4e-05,-5.3e-05,0.0,0.0,0.0,-0.000616,0.0,-0.000328,0.0,-0.000618,-0.001018,0.0,0.0,-0.000963,0.0,0.0,0.0,-4e-06,-0.000189,-7.1e-05,0.0,-5.4e-05,-0.000307,-0.00187,-0.001952,0.0,-0.001055,0.0,-0.001415,-0.000478,0.0,-0.000243,-0.001507,-0.000151,-0.000714,-0.001374,-0.002014,-0.000159,-0.000228,-0.00016,0.0,-0.000186,-0.000813,-0.001035,-0.000281
2017-05-27 07:22:00+02:00,0.0,0.0,-0.000128,-0.001144,-7.6e-05,0.0,-0.000391,-0.000495,-0.000519,0.0,0.0,0.0,-7.8e-05,-5.6e-05,-1.8e-05,-0.001688,0.0,0.0,0.0,-0.001724,0.0,-0.001645,-0.000809,0.0,-0.00093,-0.001981,-0.000532,0.0,-0.00028,0.0,0.0,-0.000116,0.0,-4e-05,-5e-05,0.0,0.0,-0.000777,0.0,-0.001291,-0.000162,0.0,-0.00071,0.0,-3.7e-05,-0.000599,-0.000615,-0.000839,-0.000231,0.0,0.0,-0.000164,-8.5e-05,-6.1e-05,0.0,0.0,-3e-05,0.0,0.0,-0.000425,-0.000312,-0.001157,-0.001104,0.0,-0.000139,-0.001796,-0.000282,-0.000872,0.0,-0.000128,-0.000164,0.0,0.0,-6.5e-05,-5.4e-05,0.0,0.0,0.0,-0.000643,0.0,-0.000343,0.0,-0.000636,-0.001045,0.0,0.0,-0.000993,0.0,0.0,0.0,-7e-06,-0.000199,-7.5e-05,0.0,-5.5e-05,-0.000324,-0.001901,-0.001985,0.0,-0.001078,0.0,-0.001443,-0.000494,0.0,-0.000256,-0.001545,-0.000161,-0.000735,-0.0014,-0.002049,-0.000169,-0.000238,-0.000168,0.0,-0.000206,-0.000835,-0.001058,-0.000296
2017-05-27 07:23:00+02:00,0.0,0.0,-0.000137,-0.001168,-8.5e-05,0.0,-0.000407,-0.000513,-0.000534,0.0,0.0,0.0,-8.2e-05,-5.7e-05,-1.9e-05,-0.001718,0.0,0.0,0.0,-0.001753,0.0,-0.001674,-0.000833,0.0,-0.00095,-0.002014,-0.000551,0.0,-0.00029,0.0,0.0,-0.000122,0.0,-4.1e-05,-5.1e-05,0.0,0.0,-0.0008,0.0,-0.001322,-0.000171,0.0,-0.000729,0.0,-4.5e-05,-0.000615,-0.000631,-0.000861,-0.000241,0.0,0.0,-0.000172,-8.9e-05,-6.2e-05,0.0,0.0,-3.5e-05,0.0,0.0,-0.000444,-0.000325,-0.001186,-0.001127,0.0,-0.000148,-0.001827,-0.000296,-0.000895,0.0,-0.000136,-0.000172,0.0,0.0,-6.6e-05,-5.5e-05,0.0,0.0,0.0,-0.000664,0.0,-0.000357,0.0,-0.000653,-0.001072,0.0,0.0,-0.001024,0.0,0.0,0.0,-9e-06,-0.00021,-7.9e-05,0.0,-5.5e-05,-0.00034,-0.001931,-0.002016,0.0,-0.001101,0.0,-0.00147,-0.000509,0.0,-0.000268,-0.001585,-0.000171,-0.000755,-0.001425,-0.002082,-0.000178,-0.000247,-0.000176,0.0,-0.000221,-0.000855,-0.00108,-0.000311
2017-05-27 07:24:00+02:00,0.0,0.0,-0.000148,-0.001186,-9.5e-05,0.0,-0.000422,-0.00053,-0.000542,0.0,0.0,0.0,-8.6e-05,-5.8e-05,-1.9e-05,-0.001741,0.0,0.0,0.0,-0.001781,0.0,-0.001703,-0.000857,0.0,-0.000959,-0.00204,-0.000569,0.0,-0.000298,0.0,0.0,-0.000127,0.0,-4.1e-05,-5.2e-05,0.0,0.0,-0.000823,0.0,-0.001342,-0.00018,0.0,-0.000749,0.0,-5.3e-05,-0.000626,-0.000644,-0.000883,-0.000248,0.0,0.0,-0.000182,-9.3e-05,-6.3e-05,0.0,0.0,-4.3e-05,0.0,0.0,-0.000462,-0.000339,-0.001204,-0.001145,0.0,-0.000158,-0.001852,-0.00031,-0.000917,0.0,-0.000144,-0.000181,0.0,0.0,-6.7e-05,-5.6e-05,0.0,0.0,0.0,-0.000685,0.0,-0.00037,0.0,-0.000664,-0.00109,0.0,0.0,-0.001047,0.0,0.0,0.0,-1.1e-05,-0.00022,-8.4e-05,0.0,-5.6e-05,-0.000347,-0.001954,-0.002041,0.0,-0.001112,0.0,-0.001491,-0.000525,0.0,-0.00028,-0.001613,-0.00018,-0.000766,-0.001444,-0.002108,-0.000187,-0.000255,-0.000184,0.0,-0.000236,-0.000877,-0.001096,-0.000324
2017-05-27 07:25:00+02:00,0.0,0.0,-0.00016,-0.001203,-0.000105,0.0,-0.000438,-0.000548,-0.000546,0.0,0.0,0.0,-9e-05,-5.9e-05,-2e-05,-0.001762,0.0,0.0,0.0,-0.00181,0.0,-0.001732,-0.00088,0.0,-0.000961,-0.002064,-0.000587,0.0,-0.000305,0.0,0.0,-0.000132,0.0,-4.1e-05,-5.2e-05,0.0,0.0,-0.000844,0.0,-0.001355,-0.000189,0.0,-0.000769,0.0,-6.2e-05,-0.000634,-0.000655,-0.000906,-0.000253,0.0,0.0,-0.000191,-9.7e-05,-6.4e-05,0.0,0.0,-5.1e-05,0.0,0.0,-0.000479,-0.000353,-0.001216,-0.00116,0.0,-0.000169,-0.001874,-0.000323,-0.00094,0.0,-0.000151,-0.000189,0.0,0.0,-6.8e-05,-5.7e-05,0.0,0.0,0.0,-0.000705,0.0,-0.000383,0.0,-0.000673,-0.001103,0.0,0.0,-0.001065,0.0,0.0,0.0,-1.4e-05,-0.00023,-8.7e-05,0.0,-5.7e-05,-0.000352,-0.001975,-0.002063,0.0,-0.001116,0.0,-0.001509,-0.000541,0.0,-0.000292,-0.001635,-0.000188,-0.000772,-0.001461,-0.002132,-0.000196,-0.000261,-0.000193,0.0,-0.00025,-0.000898,-0.00111,-0.000335
2017-05-27 07:26:00+02:00,0.0,0.0,-0.000177,-0.001228,-0.000118,0.0,-0.000456,-0.000568,-0.000559,0.0,0.0,0.0,-9.5e-05,-6e-05,-2e-05,-0.001793,0.0,0.0,0.0,-0.001849,0.0,-0.001771,-0.000908,0.0,-0.000977,-0.002099,-0.000608,0.0,-0.000316,0.0,0.0,-0.000138,0.0,-4.2e-05,-5.4e-05,0.0,0.0,-0.000869,0.0,-0.001382,-0.000199,0.0,-0.000796,0.0,-7.4e-05,-0.000652,-0.000672,-0.000934,-0.000264,0.0,0.0,-0.000202,-0.000103,-6.5e-05,0.0,0.0,-6.6e-05,0.0,0.0,-0.000501,-0.000369,-0.001242,-0.001185,0.0,-0.000186,-0.001907,-0.00034,-0.000969,0.0,-0.000161,-0.0002,0.0,0.0,-7e-05,-5.8e-05,0.0,0.0,0.0,-0.00073,0.0,-0.000399,0.0,-0.000691,-0.001127,0.0,-4e-06,-0.001093,0.0,0.0,0.0,-1.7e-05,-0.000241,-9.3e-05,0.0,-5.8e-05,-0.000367,-0.002006,-0.002096,0.0,-0.001135,0.0,-0.001538,-0.000562,0.0,-0.000305,-0.001669,-0.000198,-0.000791,-0.001488,-0.002167,-0.000207,-0.000271,-0.000205,0.0,-0.000269,-0.000928,-0.001133,-0.00035
2017-05-27 07:27:00+02:00,0.0,0.0,-0.000199,-0.001263,-0.000136,0.0,-0.000481,-0.000594,-0.000571,-0.0,0.0,0.0,-0.000101,-6.1e-05,-2.1e-05,-0.001837,-1e-06,0.0,0.0,-0.001894,0.0,-0.001816,-0.000943,0.0,-0.000993,-0.002147,-0.000635,0.0,-0.000331,0.0,0.0,-0.000145,0.0,-4.2e-05,-5.4e-05,0.0,0.0,-0.000903,0.0,-0.001407,-0.000212,0.0,-0.000828,0.0,-9.1e-05,-0.000677,-0.000696,-0.000966,-0.000273,0.0,0.0,-0.000214,-0.000109,-6.6e-05,0.0,0.0,-8.5e-05,0.0,0.0,-0.00053,-0.000388,-0.001264,-0.001218,0.0,-0.000205,-0.001953,-0.000361,-0.001001,0.0,-0.000173,-0.000212,0.0,0.0,-7.1e-05,-5.9e-05,0.0,-1e-06,0.0,-0.000763,0.0,-0.000418,0.0,-0.000716,-0.001149,0.0,-1.5e-05,-0.001118,0.0,0.0,0.0,-2.2e-05,-0.000255,-9.8e-05,0.0,-5.9e-05,-0.00038,-0.002049,-0.002141,0.0,-0.001152,0.0,-0.001578,-0.000586,0.0,-0.000322,-0.001701,-0.000208,-0.000806,-0.001525,-0.002215,-0.00022,-0.000286,-0.000218,0.0,-0.000293,-0.000961,-0.001166,-0.000365
2017-05-27 07:28:00+02:00,0.0,0.0,-0.000208,-0.001279,-0.000142,0.0,-0.000492,-0.000608,-0.000575,-0.0,0.0,0.0,-0.000106,-6.2e-05,-2.1e-05,-0.001858,-0.0,0.0,0.0,-0.001925,0.0,-0.001847,-0.000962,0.0,-0.000993,-0.002171,-0.000649,0.0,-0.000338,0.0,0.0,-0.000149,0.0,-4.3e-05,-5.5e-05,0.0,0.0,-0.000919,0.0,-0.001413,-0.00022,0.0,-0.000847,0.0,-9.5e-05,-0.000684,-0.000706,-0.000989,-0.000274,0.0,0.0,-0.000225,-0.000115,-6.8e-05,0.0,0.0,-9.2e-05,0.0,0.0,-0.000541,-0.000403,-0.001269,-0.001232,0.0,-0.000214,-0.001975,-0.00037,-0.001025,0.0,-0.000179,-0.000221,0.0,0.0,-7.3e-05,-5.9e-05,0.0,-1e-06,0.0,-0.000777,0.0,-0.000432,0.0,-0.000724,-0.001155,0.0,-1.5e-05,-0.00113,0.0,0.0,0.0,-2.4e-05,-0.000267,-0.000102,0.0,-6e-05,-0.000376,-0.00207,-0.002163,0.0,-0.001151,0.0,-0.001596,-0.000602,0.0,-0.000333,-0.001713,-0.000217,-0.000804,-0.001541,-0.002239,-0.000229,-0.000291,-0.000227,0.0,-0.000302,-0.000982,-0.001178,-0.000375
2017-05-27 07:29:00+02:00,0.0,0.0,-0.00021,-0.001282,-0.000138,0.0,-0.000494,-0.000614,-0.000584,-0.0,0.0,0.0,-0.000111,-6.3e-05,-2.1e-05,-0.001862,-0.0,0.0,0.0,-0.001946,0.0,-0.00187,-0.000967,0.0,-0.001003,-0.002178,-0.000654,0.0,-0.000339,0.0,0.0,-0.000156,0.0,-4.4e-05,-5.6e-05,0.0,0.0,-0.000923,0.0,-0.001427,-0.000226,0.0,-0.000858,0.0,-9e-05,-0.00068,-0.000708,-0.001007,-0.000279,0.0,0.0,-0.000235,-0.00012,-6.9e-05,0.0,0.0,-9.1e-05,0.0,0.0,-0.00054,-0.000417,-0.001283,-0.001235,0.0,-0.000217,-0.00198,-0.00037,-0.001043,0.0,-0.000181,-0.000228,0.0,0.0,-7.5e-05,-6.1e-05,0.0,-0.0,0.0,-0.000778,0.0,-0.000442,0.0,-0.000722,-0.001169,0.0,-1.2e-05,-0.001147,0.0,0.0,0.0,-2.2e-05,-0.000276,-0.000108,0.0,-6.1e-05,-0.000379,-0.002075,-0.002169,0.0,-0.001161,0.0,-0.001599,-0.000612,0.0,-0.000339,-0.001733,-0.000226,-0.000811,-0.001542,-0.002246,-0.000235,-0.000291,-0.000232,0.0,-0.000298,-0.000993,-0.001178,-0.000387
2017-05-27 07:30:00+02:00,0.0,0.0,-0.000227,-0.001311,-0.00015,0.0,-0.00051,-0.000634,-0.000612,-0.0,0.0,0.0,-0.00012,-6.6e-05,-2.2e-05,-0.001895,-0.0,0.0,0.0,-0.001986,0.0,-0.001909,-0.000993,0.0,-0.001042,-0.002214,-0.000674,0.0,-0.000353,0.0,0.0,-0.000167,0.0,-4.6e-05,-5.8e-05,0.0,-8e-06,-0.000946,0.0,-0.001472,-0.000237,0.0,-0.000884,0.0,-0.000102,-0.000702,-0.000728,-0.001035,-0.000297,0.0,0.0,-0.000248,-0.000127,-7.2e-05,0.0,0.0,-0.000105,0.0,0.0,-0.000559,-0.000435,-0.001326,-0.001262,0.0,-0.000232,-0.002013,-0.000385,-0.001073,0.0,-0.000191,-0.00024,0.0,0.0,-7.8e-05,-6.3e-05,0.0,-0.0,0.0,-0.000799,0.0,-0.000459,0.0,-0.000744,-0.00121,0.0,-2.1e-05,-0.001186,0.0,0.0,0.0,-2.6e-05,-0.00029,-0.000116,0.0,-6.3e-05,-0.000407,-0.002107,-0.002202,0.0,-0.001203,0.0,-0.00163,-0.000633,0.0,-0.000353,-0.001783,-0.000241,-0.000845,-0.001571,-0.002281,-0.000246,-0.000304,-0.000245,0.0,-0.000314,-0.001022,-0.001205,-0.000408
2017-05-27 07:31:00+02:00,0.0,0.0,-0.000243,-0.001291,-0.000156,0.0,-0.00052,-0.000648,-0.000633,-0.0,0.0,0.0,-0.000128,-7e-05,-2.4e-05,-0.001873,-1e-06,0.0,0.0,-0.002026,0.0,-0.00195,-0.00101,0.0,-0.001072,-0.002195,-0.000688,0.0,-0.000345,0.0,0.0,-0.000178,0.0,-4.9e-05,-6.1e-05,0.0,-1.2e-05,-0.000961,0.0,-0.001503,-0.000246,0.0,-0.00091,0.0,-0.000107,-0.00068,-0.000713,-0.001064,-0.00031,0.0,0.0,-0.000263,-0.000132,-7.6e-05,0.0,0.0,-0.000119,0.0,0.0,-0.00057,-0.000454,-0.001357,-0.001239,0.0,-0.000247,-0.001993,-0.000394,-0.001102,0.0,-0.000197,-0.000252,0.0,0.0,-8.2e-05,-6.6e-05,0.0,-0.0,0.0,-0.000812,0.0,-0.000463,0.0,-0.000723,-0.00124,0.0,-3e-05,-0.001215,0.0,0.0,0.0,-2.8e-05,-0.000297,-0.000124,0.0,-6.3e-05,-0.000426,-0.002089,-0.002184,0.0,-0.001233,0.0,-0.001608,-0.000654,0.0,-0.000363,-0.00182,-0.000255,-0.000869,-0.001546,-0.002263,-0.000255,-0.000296,-0.000257,0.0,-0.000323,-0.001049,-0.001177,-0.000426
2017-05-27 07:32:00+02:00,0.0,0.0,-0.000248,-0.001277,-0.000163,0.0,-0.000532,-0.000663,-0.000631,-0.0,0.0,0.0,-0.000133,-7.1e-05,-2.3e-05,-0.00186,-1e-06,0.0,0.0,-0.002054,0.0,-0.001978,-0.00103,0.0,-0.001062,-0.002186,-0.000703,0.0,-0.000338,0.0,0.0,-0.00018,0.0,-4.9e-05,-6.1e-05,0.0,-9e-06,-0.000978,0.0,-0.001488,-0.000256,0.0,-0.000925,0.0,-0.000113,-0.000662,-0.000701,-0.001086,-0.000304,0.0,0.0,-0.000275,-0.000136,-7.8e-05,0.0,0.0,-0.000121,0.0,0.0,-0.000582,-0.000471,-0.001343,-0.001222,0.0,-0.000253,-0.001981,-0.000404,-0.001124,0.0,-0.000204,-0.000261,0.0,0.0,-8.5e-05,-6.6e-05,0.0,-0.0,0.0,-0.000827,0.0,-0.00047,0.0,-0.000707,-0.001228,0.0,-2.9e-05,-0.001209,0.0,0.0,0.0,-3e-05,-0.000305,-0.000128,0.0,-6.3e-05,-0.000409,-0.00208,-0.002174,0.0,-0.001215,0.0,-0.001593,-0.000667,0.0,-0.000375,-0.001807,-0.000261,-0.000851,-0.001529,-0.002253,-0.000266,-0.00029,-0.000264,0.0,-0.000332,-0.001066,-0.001157,-0.00043
2017-05-27 07:33:00+02:00,0.0,0.0,-0.000243,-0.001269,-0.000165,0.0,-0.000539,-0.000674,-0.000651,-0.0,0.0,0.0,-0.00014,-7.4e-05,-2.4e-05,-0.001852,-1e-06,0.0,0.0,-0.002071,0.0,-0.001996,-0.001042,0.0,-0.001088,-0.002181,-0.000713,0.0,-0.000335,0.0,0.0,-0.00019,0.0,-5.1e-05,-6.3e-05,0.0,-8e-06,-0.000988,0.0,-0.001511,-0.000264,0.0,-0.00093,0.0,-0.000114,-0.00065,-0.000694,-0.001101,-0.000314,0.0,0.0,-0.000286,-0.000141,-8.1e-05,0.0,0.0,-0.000115,0.0,0.0,-0.000588,-0.000484,-0.001366,-0.001211,0.0,-0.000249,-0.001975,-0.00041,-0.00114,0.0,-0.000209,-0.000268,0.0,0.0,-8.8e-05,-6.8e-05,0.0,-0.0,0.0,-0.000835,0.0,-0.000477,0.0,-0.000696,-0.001251,0.0,-2.3e-05,-0.001231,0.0,0.0,0.0,-3.1e-05,-0.000313,-0.000136,0.0,-6.3e-05,-0.00042,-0.002074,-0.002168,0.0,-0.001239,0.0,-0.001584,-0.000675,0.0,-0.000384,-0.001833,-0.000273,-0.000868,-0.001518,-0.002248,-0.000274,-0.000286,-0.000268,0.0,-0.000335,-0.001071,-0.001143,-0.000446
2017-05-27 07:34:00+02:00,0.0,0.0,-0.000252,-0.001292,-0.000182,0.0,-0.000563,-0.0007,-0.000696,-0.0,0.0,0.0,-0.000152,-7.8e-05,-2.6e-05,-0.001882,-1e-06,0.0,0.0,-0.002103,0.0,-0.002029,-0.001076,0.0,-0.001154,-0.002214,-0.00074,0.0,-0.000348,0.0,0.0,-0.000208,0.0,-5.6e-05,-6.6e-05,0.0,-3e-05,-0.00102,0.0,-0.001573,-0.000278,0.0,-0.00095,0.0,-0.000131,-0.000669,-0.000711,-0.001126,-0.000341,0.0,0.0,-0.000299,-0.00015,-8.5e-05,0.0,0.0,-0.000122,0.0,0.0,-0.000614,-0.000502,-0.001426,-0.001233,0.0,-0.000258,-0.002005,-0.00043,-0.001166,0.0,-0.000222,-0.000278,0.0,0.0,-9.1e-05,-7.1e-05,0.0,-0.0,0.0,-0.000865,0.0,-0.000495,0.0,-0.000715,-0.001308,-2e-06,-2.6e-05,-0.001283,0.0,0.0,0.0,-3.7e-05,-0.000328,-0.000147,0.0,-6.5e-05,-0.000463,-0.002103,-0.002199,0.0,-0.001306,0.0,-0.001611,-0.000691,0.0,-0.000402,-0.001901,-0.000292,-0.000919,-0.001542,-0.002281,-0.000289,-0.000298,-0.000278,0.0,-0.000358,-0.001092,-0.001163,-0.000472
2017-05-27 07:35:00+02:00,0.0,0.0,-0.000257,-0.001304,-0.000192,0.0,-0.000578,-0.000719,-0.00074,-0.0,0.0,0.0,-0.000162,-8.2e-05,-2.8e-05,-0.001896,-1e-06,0.0,0.0,-0.002129,0.0,-0.002056,-0.0011,0.0,-0.001217,-0.002232,-0.000759,0.0,-0.000355,0.0,0.0,-0.000224,0.0,-5.9e-05,-6.8e-05,0.0,-4.7e-05,-0.001041,0.0,-0.001629,-0.00029,0.0,-0.000963,0.0,-0.00014,-0.000676,-0.00072,-0.001147,-0.000365,0.0,0.0,-0.000312,-0.000156,-9e-05,0.0,0.0,-0.000125,0.0,0.0,-0.000631,-0.000518,-0.001481,-0.001244,0.0,-0.000264,-0.002021,-0.000443,-0.001188,0.0,-0.000231,-0.000287,0.0,0.0,-9.4e-05,-7.3e-05,0.0,-0.0,0.0,-0.000884,0.0,-0.000508,0.0,-0.000724,-0.001359,-2e-06,-2.6e-05,-0.00133,0.0,0.0,0.0,-4e-05,-0.00034,-0.000158,0.0,-6.5e-05,-0.0005,-0.002118,-0.002215,0.0,-0.001368,0.0,-0.001624,-0.000704,0.0,-0.000416,-0.001962,-0.00031,-0.000965,-0.001553,-0.002298,-0.0003,-0.000304,-0.000285,0.0,-0.000371,-0.001106,-0.001172,-0.000498
2017-05-27 07:36:00+02:00,0.0,0.0,-0.000251,-0.001299,-0.000194,0.0,-0.000586,-0.00073,-0.000776,-0.0,0.0,0.0,-0.000173,-8.7e-05,-2.9e-05,-0.001888,-0.0,0.0,0.0,-0.002135,0.0,-0.002063,-0.001113,0.0,-0.001266,-0.002226,-0.000769,0.0,-0.000353,0.0,0.0,-0.000239,0.0,-6.3e-05,-7e-05,0.0,-5.6e-05,-0.001051,0.0,-0.001672,-0.000298,0.0,-0.000961,0.0,-0.000141,-0.000667,-0.000716,-0.001156,-0.000383,0.0,0.0,-0.000321,-0.000161,-9.4e-05,0.0,0.0,-0.000117,0.0,0.0,-0.000636,-0.000529,-0.001523,-0.001237,0.0,-0.000259,-0.002014,-0.000449,-0.001197,0.0,-0.000236,-0.000292,0.0,0.0,-9.6e-05,-7.5e-05,0.0,-0.0,0.0,-0.000893,0.0,-0.000515,0.0,-0.000716,-0.001399,-1e-06,-2e-05,-0.001369,0.0,0.0,0.0,-4.1e-05,-0.000348,-0.000168,0.0,-6.5e-05,-0.000524,-0.002111,-0.002208,0.0,-0.001414,0.0,-0.001617,-0.000707,0.0,-0.000425,-0.002011,-0.000327,-0.000997,-0.001544,-0.002292,-0.000309,-0.000301,-0.000287,0.0,-0.000374,-0.001104,-0.001162,-0.00052
2017-05-27 07:37:00+02:00,0.0,0.0,-0.000255,-0.001316,-0.000207,0.0,-0.000606,-0.000752,-0.000815,-0.0,0.0,0.0,-0.000186,-9.2e-05,-3.1e-05,-0.001909,-0.0,0.0,0.0,-0.002157,0.0,-0.002085,-0.001142,0.0,-0.00132,-0.002248,-0.000792,0.0,-0.000362,0.0,0.0,-0.000256,0.0,-6.8e-05,-7.3e-05,0.0,-7.1e-05,-0.001078,0.0,-0.001725,-0.000312,0.0,-0.000973,0.0,-0.000153,-0.000678,-0.000728,-0.001174,-0.000405,0.0,0.0,-0.000333,-0.00017,-0.0001,0.0,0.0,-0.00012,0.0,0.0,-0.000656,-0.000544,-0.001573,-0.001252,0.0,-0.000263,-0.002036,-0.000465,-0.001216,0.0,-0.000247,-0.0003,0.0,0.0,-0.0001,-7.9e-05,0.0,-0.0,0.0,-0.000918,0.0,-0.000531,0.0,-0.000727,-0.001448,-2e-06,-1.9e-05,-0.001415,0.0,0.0,0.0,-4.6e-05,-0.000362,-0.00018,0.0,-6.7e-05,-0.000555,-0.002131,-0.002229,0.0,-0.001468,0.0,-0.001636,-0.000718,0.0,-0.000442,-0.00207,-0.000347,-0.001037,-0.001561,-0.002315,-0.000323,-0.000309,-0.000294,0.0,-0.000391,-0.001115,-0.001176,-0.000546
2017-05-27 07:38:00+02:00,0.0,0.0,-0.000258,-0.001329,-0.000215,0.0,-0.00062,-0.000769,-0.000852,-0.0,0.0,0.0,-0.000198,-9.8e-05,-3.3e-05,-0.001925,-0.0,0.0,0.0,-0.002186,0.0,-0.002115,-0.001162,0.0,-0.001371,-0.002265,-0.000809,0.0,-0.000369,0.0,0.0,-0.000272,0.0,-7.2e-05,-7.6e-05,0.0,-8.5e-05,-0.001096,0.0,-0.001775,-0.000323,0.0,-0.000986,0.0,-0.00016,-0.000685,-0.000737,-0.001197,-0.000425,0.0,0.0,-0.000348,-0.000178,-0.000106,0.0,0.0,-0.00012,0.0,0.0,-0.00067,-0.000562,-0.001621,-0.001264,0.0,-0.000267,-0.002052,-0.000476,-0.00124,0.0,-0.000255,-0.000309,0.0,0.0,-0.000105,-8.1e-05,0.0,-0.0,0.0,-0.000934,0.0,-0.000546,0.0,-0.000736,-0.001493,-1e-06,-1.6e-05,-0.001459,0.0,0.0,0.0,-4.9e-05,-0.000375,-0.000192,0.0,-6.7e-05,-0.000582,-0.002145,-0.002244,0.0,-0.001517,0.0,-0.00165,-0.000731,0.0,-0.000455,-0.002127,-0.000366,-0.001073,-0.001573,-0.002331,-0.000335,-0.000315,-0.000302,0.0,-0.000402,-0.001129,-0.001186,-0.000572
2017-05-27 07:39:00+02:00,0.0,0.0,-0.000277,-0.001358,-0.000235,0.0,-0.000645,-0.000796,-0.00089,-0.0,0.0,0.0,-0.000211,-0.000103,-3.4e-05,-0.001959,-4e-06,0.0,0.0,-0.002233,0.0,-0.002162,-0.001197,0.0,-0.001423,-0.0023,-0.000838,0.0,-0.000384,0.0,0.0,-0.000289,0.0,-7.6e-05,-7.8e-05,0.0,-0.000105,-0.00113,0.0,-0.001827,-0.00034,0.0,-0.001016,0.0,-0.000179,-0.000708,-0.000759,-0.001232,-0.000448,0.0,0.0,-0.000366,-0.000188,-0.000112,0.0,0.0,-0.000136,0.0,0.0,-0.000698,-0.000586,-0.001671,-0.001291,0.0,-0.000284,-0.002086,-0.000498,-0.001276,0.0,-0.000269,-0.000324,0.0,0.0,-0.00011,-8.4e-05,0.0,-0.0,0.0,-0.000967,0.0,-0.000565,0.0,-0.000759,-0.001541,-1.2e-05,-3e-05,-0.001506,0.0,0.0,0.0,-5.6e-05,-0.000391,-0.000204,0.0,-6.9e-05,-0.000615,-0.002176,-0.002276,0.0,-0.001569,0.0,-0.001681,-0.000755,0.0,-0.000476,-0.002185,-0.000386,-0.001113,-0.001602,-0.002366,-0.000351,-0.00033,-0.000316,0.0,-0.000427,-0.001162,-0.001212,-0.000598
2017-05-27 07:40:00+02:00,0.0,0.0,-0.000291,-0.001384,-0.000255,0.0,-0.000672,-0.000825,-0.000921,-0.0,0.0,0.0,-0.000221,-0.000107,-3.5e-05,-0.001989,-6e-06,0.0,0.0,-0.002273,0.0,-0.002203,-0.001234,0.0,-0.001465,-0.002332,-0.000869,0.0,-0.000398,0.0,0.0,-0.000303,0.0,-8e-05,-7.9e-05,0.0,-0.000118,-0.001167,0.0,-0.001866,-0.000357,0.0,-0.00104,0.0,-0.000199,-0.000727,-0.000778,-0.001263,-0.000466,0.0,0.0,-0.000382,-0.000197,-0.000117,0.0,0.0,-0.000148,0.0,0.0,-0.000727,-0.000607,-0.001709,-0.001316,0.0,-0.000298,-0.002117,-0.000521,-0.001308,0.0,-0.000285,-0.000337,0.0,0.0,-0.000115,-8.5e-05,0.0,-0.0,0.0,-0.001,0.0,-0.000584,0.0,-0.000779,-0.001578,-2.4e-05,-4e-05,-0.001543,0.0,0.0,0.0,-6.4e-05,-0.000407,-0.000215,0.0,-6.9e-05,-0.000639,-0.002204,-0.002306,0.0,-0.001609,0.0,-0.00171,-0.000776,0.0,-0.000498,-0.002228,-0.000403,-0.001143,-0.001628,-0.002398,-0.000368,-0.000343,-0.000329,0.0,-0.000453,-0.001187,-0.001236,-0.000621
2017-05-27 07:41:00+02:00,0.0,0.0,-0.000294,-0.001397,-0.000272,0.0,-0.000695,-0.00085,-0.000948,-0.0,0.0,0.0,-0.000232,-0.000111,-3.6e-05,-0.002006,-5e-06,0.0,0.0,-0.002298,0.0,-0.002229,-0.001266,0.0,-0.001499,-0.002351,-0.000896,0.0,-0.000405,0.0,0.0,-0.000316,0.0,-8.3e-05,-8e-05,0.0,-0.000125,-0.001198,0.0,-0.001898,-0.000373,0.0,-0.001052,0.0,-0.000214,-0.000735,-0.000789,-0.001286,-0.00048,0.0,0.0,-0.000395,-0.000205,-0.000121,0.0,0.0,-0.00015,0.0,0.0,-0.00075,-0.000625,-0.00174,-0.001329,0.0,-0.000302,-0.002135,-0.000541,-0.001331,0.0,-0.000298,-0.000347,0.0,0.0,-0.000118,-8.5e-05,0.0,-0.0,0.0,-0.001029,0.0,-0.000599,0.0,-0.000788,-0.001608,-3.2e-05,-4e-05,-0.001575,0.0,0.0,0.0,-7e-05,-0.00042,-0.000225,0.0,-6.9e-05,-0.000656,-0.00222,-0.002322,0.0,-0.001641,0.0,-0.001725,-0.00079,0.0,-0.000517,-0.002265,-0.000419,-0.001166,-0.001641,-0.002416,-0.000384,-0.000349,-0.000336,0.0,-0.000473,-0.001201,-0.001247,-0.000641
2017-05-27 07:42:00+02:00,0.0,0.0,-0.000306,-0.001433,-0.000294,0.0,-0.000723,-0.00088,-0.000979,-1e-06,0.0,0.0,-0.000243,-0.000116,-3.6e-05,-0.00205,-8e-06,0.0,0.0,-0.002332,0.0,-0.002263,-0.001304,0.0,-0.001539,-0.002399,-0.000928,0.0,-0.000424,0.0,0.0,-0.000331,0.0,-8.7e-05,-8e-05,0.0,-0.000141,-0.001235,0.0,-0.001938,-0.000391,0.0,-0.001074,0.0,-0.000235,-0.000763,-0.000815,-0.001313,-0.000499,0.0,0.0,-0.000411,-0.000216,-0.000126,0.0,0.0,-0.00016,0.0,0.0,-0.000781,-0.000645,-0.001779,-0.001364,0.0,-0.000314,-0.002181,-0.000565,-0.00136,0.0,-0.000314,-0.000359,0.0,0.0,-0.000122,-8.6e-05,0.0,-2e-06,0.0,-0.001063,0.0,-0.000622,0.0,-0.000817,-0.001646,-4.7e-05,-5e-05,-0.001613,0.0,0.0,0.0,-7.8e-05,-0.000439,-0.000236,0.0,-7e-05,-0.000681,-0.002262,-0.002367,0.0,-0.00168,0.0,-0.001765,-0.000809,0.0,-0.00054,-0.00231,-0.000437,-0.001197,-0.001679,-0.002463,-0.000402,-0.000367,-0.000348,0.0,-0.0005,-0.001224,-0.001281,-0.000665
2017-05-27 07:43:00+02:00,0.0,0.0,-0.000317,-0.001464,-0.000312,0.0,-0.000746,-0.000905,-0.001011,-2e-06,0.0,0.0,-0.000256,-0.000121,-3.7e-05,-0.002088,-1e-05,0.0,0.0,-0.002361,0.0,-0.002293,-0.001335,0.0,-0.001579,-0.002441,-0.000955,0.0,-0.00044,0.0,0.0,-0.000347,0.0,-9.1e-05,-8.1e-05,0.0,-0.000157,-0.001264,0.0,-0.00198,-0.000407,0.0,-0.001093,0.0,-0.000252,-0.000787,-0.000838,-0.001339,-0.000519,0.0,0.0,-0.000426,-0.000226,-0.000131,0.0,0.0,-0.000169,0.0,0.0,-0.000806,-0.000664,-0.00182,-0.001394,0.0,-0.000324,-0.00222,-0.000586,-0.001385,0.0,-0.000328,-0.000371,0.0,0.0,-0.000127,-8.7e-05,0.0,-4e-06,0.0,-0.001092,0.0,-0.000644,0.0,-0.000841,-0.001685,-6e-05,-5.8e-05,-0.001654,0.0,0.0,0.0,-8.6e-05,-0.000457,-0.000248,0.0,-7e-05,-0.000707,-0.002299,-0.002406,0.0,-0.00172,0.0,-0.0018,-0.000827,0.0,-0.000559,-0.002358,-0.000457,-0.001228,-0.001711,-0.002505,-0.000418,-0.000382,-0.000358,0.0,-0.000522,-0.001243,-0.001309,-0.00069
2017-05-27 07:44:00+02:00,0.0,0.0,-0.000332,-0.001501,-0.000327,0.0,-0.000765,-0.000925,-0.001047,-5e-06,0.0,0.0,-0.00027,-0.000127,-3.8e-05,-0.002133,-1.9e-05,0.0,0.0,-0.002396,0.0,-0.002329,-0.001359,0.0,-0.001626,-0.00249,-0.000975,0.0,-0.000459,0.0,0.0,-0.000364,0.0,-9.6e-05,-8.2e-05,0.0,-0.000178,-0.001285,0.0,-0.002031,-0.00042,0.0,-0.001117,0.0,-0.000267,-0.000813,-0.000865,-0.001368,-0.000542,0.0,0.0,-0.000442,-0.000238,-0.000138,0.0,0.0,-0.000182,0.0,0.0,-0.000827,-0.000685,-0.001869,-0.001429,0.0,-0.000338,-0.002267,-0.000604,-0.001416,0.0,-0.00034,-0.000384,0.0,0.0,-0.000132,-8.7e-05,0.0,-9e-06,0.0,-0.001113,0.0,-0.000669,0.0,-0.000868,-0.001732,-7e-05,-7.1e-05,-0.001704,0.0,0.0,0.0,-9.2e-05,-0.000477,-0.000262,0.0,-7.1e-05,-0.000739,-0.002342,-0.002452,0.0,-0.001767,0.0,-0.001841,-0.000848,0.0,-0.000575,-0.002418,-0.000478,-0.001266,-0.001749,-0.002553,-0.000431,-0.000399,-0.000372,0.0,-0.000541,-0.001269,-0.001343,-0.000719
2017-05-27 07:45:00+02:00,0.0,0.0,-0.000339,-0.00153,-0.000343,0.0,-0.000788,-0.00095,-0.001073,-7e-06,0.0,0.0,-0.000281,-0.000131,-3.8e-05,-0.00217,-2e-05,0.0,0.0,-0.002422,0.0,-0.002356,-0.001387,0.0,-0.001658,-0.002529,-0.001001,0.0,-0.000474,0.0,0.0,-0.000378,0.0,-9.9e-05,-8.1e-05,0.0,-0.000187,-0.001312,0.0,-0.002066,-0.000436,0.0,-0.001133,0.0,-0.000282,-0.000835,-0.000887,-0.001392,-0.000558,0.0,0.0,-0.000456,-0.000248,-0.000142,0.0,0.0,-0.000187,0.0,0.0,-0.000849,-0.000703,-0.001902,-0.001458,0.0,-0.000346,-0.002305,-0.000623,-0.00144,0.0,-0.000354,-0.000395,0.0,0.0,-0.000135,-8.7e-05,0.0,-1.3e-05,0.0,-0.001139,0.0,-0.000691,0.0,-0.00089,-0.001764,-8e-05,-7.5e-05,-0.001742,0.0,0.0,0.0,-9.9e-05,-0.000495,-0.000274,0.0,-7.1e-05,-0.000756,-0.002377,-0.002488,0.0,-0.001798,0.0,-0.001874,-0.000864,0.0,-0.000594,-0.00246,-0.000497,-0.001289,-0.00178,-0.002592,-0.000447,-0.000413,-0.000381,0.0,-0.00056,-0.001285,-0.00137,-0.000742
2017-05-27 07:46:00+02:00,0.0,0.0,-0.000335,-0.001543,-0.000351,0.0,-0.000804,-0.000969,-0.001092,-5e-06,0.0,0.0,-0.000292,-0.000135,-3.7e-05,-0.002186,-1.6e-05,0.0,0.0,-0.002434,0.0,-0.002369,-0.001409,0.0,-0.001677,-0.002548,-0.001021,0.0,-0.00048,0.0,0.0,-0.000389,0.0,-0.000102,-8e-05,0.0,-0.000189,-0.001331,0.0,-0.002089,-0.000449,0.0,-0.001135,0.0,-0.000289,-0.00084,-0.000897,-0.001408,-0.000568,0.0,0.0,-0.000468,-0.000256,-0.000147,0.0,0.0,-0.000181,0.0,0.0,-0.000863,-0.000717,-0.001924,-0.001469,0.0,-0.000342,-0.002323,-0.000636,-0.001456,0.0,-0.000363,-0.000402,0.0,0.0,-0.000139,-8.6e-05,0.0,-1e-05,0.0,-0.001156,0.0,-0.000706,0.0,-0.000896,-0.001786,-8.4e-05,-6.8e-05,-0.001772,0.0,0.0,0.0,-0.000102,-0.000509,-0.000284,0.0,-7e-05,-0.000765,-0.002392,-0.002504,0.0,-0.001816,0.0,-0.001889,-0.000871,0.0,-0.000609,-0.002492,-0.000513,-0.001303,-0.001792,-0.002611,-0.00046,-0.000419,-0.000385,0.0,-0.00057,-0.001288,-0.001379,-0.000763
2017-05-27 07:47:00+02:00,0.0,0.0,-0.000325,-0.001546,-0.000356,0.0,-0.000818,-0.000987,-0.001088,-4e-06,0.0,0.0,-0.000298,-0.000137,-3.6e-05,-0.002192,-1.3e-05,0.0,0.0,-0.002448,0.0,-0.002384,-0.001427,0.0,-0.001664,-0.002556,-0.001038,0.0,-0.000481,0.0,0.0,-0.000392,0.0,-0.000102,-7.8e-05,0.0,-0.000175,-0.001348,0.0,-0.002083,-0.000461,0.0,-0.001135,0.0,-0.000293,-0.000834,-0.000899,-0.001424,-0.000566,0.0,0.0,-0.000479,-0.000263,-0.000149,0.0,0.0,-0.00017,0.0,0.0,-0.000872,-0.000731,-0.001918,-0.001469,0.0,-0.000335,-0.002329,-0.000646,-0.001473,0.0,-0.000371,-0.000407,0.0,0.0,-0.000142,-8.4e-05,0.0,-8e-06,0.0,-0.00117,0.0,-0.000717,0.0,-0.000892,-0.001782,-8.4e-05,-5.4e-05,-0.001778,0.0,0.0,0.0,-0.000105,-0.00052,-0.00029,0.0,-6.8e-05,-0.000753,-0.002397,-0.00251,0.0,-0.001802,0.0,-0.001892,-0.000876,0.0,-0.000623,-0.002492,-0.000522,-0.001292,-0.001793,-0.002618,-0.000472,-0.000418,-0.000387,0.0,-0.000577,-0.001288,-0.001378,-0.000772
2017-05-27 07:48:00+02:00,0.0,0.0,-0.00033,-0.001549,-0.000365,0.0,-0.000834,-0.001006,-0.001083,-3e-06,0.0,0.0,-0.000304,-0.00014,-3.5e-05,-0.002194,-1e-05,0.0,0.0,-0.002476,0.0,-0.002414,-0.001449,0.0,-0.001649,-0.002558,-0.001058,0.0,-0.000482,0.0,0.0,-0.000396,0.0,-0.000104,-7.8e-05,0.0,-0.000162,-0.001367,0.0,-0.002067,-0.000475,0.0,-0.00115,0.0,-0.000302,-0.000831,-0.000901,-0.001449,-0.000561,0.0,0.0,-0.000496,-0.000271,-0.000152,0.0,0.0,-0.000173,0.0,0.0,-0.000887,-0.000751,-0.001903,-0.001471,0.0,-0.00034,-0.002331,-0.000659,-0.001499,0.0,-0.000381,-0.000418,0.0,0.0,-0.000148,-8.3e-05,0.0,-7e-06,0.0,-0.001188,0.0,-0.000729,0.0,-0.000889,-0.00177,-8.9e-05,-5.5e-05,-0.001771,0.0,0.0,0.0,-0.000109,-0.000531,-0.000296,0.0,-6.8e-05,-0.000739,-0.002398,-0.002512,0.0,-0.001784,0.0,-0.001894,-0.000892,0.0,-0.000639,-0.002475,-0.000529,-0.001277,-0.001793,-0.00262,-0.000486,-0.000419,-0.000396,0.0,-0.000588,-0.001304,-0.001377,-0.000777
2017-05-27 07:49:00+02:00,0.0,0.0,-0.00034,-0.001567,-0.000377,0.0,-0.000852,-0.001027,-0.001108,-5e-06,0.0,0.0,-0.000315,-0.000146,-3.6e-05,-0.002214,-1.1e-05,0.0,0.0,-0.002508,0.0,-0.002446,-0.001473,0.0,-0.001678,-0.002578,-0.001079,0.0,-0.000494,0.0,0.0,-0.00041,0.0,-0.000109,-7.8e-05,0.0,-0.000169,-0.001389,0.0,-0.002085,-0.00049,0.0,-0.001168,0.0,-0.000313,-0.000845,-0.000916,-0.001476,-0.000574,0.0,0.0,-0.000513,-0.000281,-0.000158,0.0,0.0,-0.00018,0.0,0.0,-0.000904,-0.000773,-0.001923,-0.001488,0.0,-0.00035,-0.002351,-0.000674,-0.001527,0.0,-0.000393,-0.000431,0.0,0.0,-0.000154,-8.4e-05,0.0,-9e-06,0.0,-0.001208,0.0,-0.000746,0.0,-0.000904,-0.00179,-9.7e-05,-6.1e-05,-0.001791,0.0,0.0,0.0,-0.000115,-0.000546,-0.000306,0.0,-6.8e-05,-0.000752,-0.002414,-0.002529,0.0,-0.001808,0.0,-0.001914,-0.000909,0.0,-0.000656,-0.002494,-0.000544,-0.001293,-0.001811,-0.00264,-0.000501,-0.00043,-0.000407,0.0,-0.000603,-0.001323,-0.001393,-0.000794
2017-05-27 07:50:00+02:00,0.0,0.0,-0.000363,-0.001607,-0.000396,0.0,-0.000877,-0.001055,-0.001138,-1.3e-05,0.0,0.0,-0.000329,-0.000153,-3.7e-05,-0.002261,-2.4e-05,0.0,0.0,-0.002556,0.0,-0.002495,-0.001507,0.0,-0.001715,-0.002628,-0.001107,0.0,-0.000517,0.0,0.0,-0.000427,0.0,-0.000115,-8e-05,0.0,-0.000183,-0.001419,0.0,-0.002115,-0.000508,0.0,-0.001202,0.0,-0.000331,-0.000877,-0.000947,-0.001515,-0.000592,0.0,0.0,-0.000535,-0.000296,-0.000166,0.0,0.0,-0.000199,0.0,0.0,-0.00093,-0.000801,-0.001954,-0.001527,0.0,-0.000372,-0.002399,-0.000697,-0.001566,0.0,-0.000409,-0.000449,0.0,0.0,-0.000163,-8.6e-05,0.0,-2.5e-05,0.0,-0.001237,0.0,-0.000773,0.0,-0.000937,-0.00182,-0.000112,-8.1e-05,-0.001821,0.0,0.0,0.0,-0.000123,-0.000569,-0.00032,0.0,-7.1e-05,-0.000773,-0.002459,-0.002576,0.0,-0.001841,0.0,-0.001957,-0.000938,0.0,-0.000678,-0.002527,-0.000563,-0.001318,-0.001852,-0.002689,-0.00052,-0.000451,-0.000425,0.0,-0.000626,-0.001358,-0.001432,-0.000817
2017-05-27 07:51:00+02:00,0.0,0.0,-0.000371,-0.001628,-0.000399,0.0,-0.000885,-0.001068,-0.001162,-1.4e-05,0.0,0.0,-0.000344,-0.000161,-3.9e-05,-0.002285,-2.5e-05,0.0,0.0,-0.002586,0.0,-0.002526,-0.001519,0.0,-0.001744,-0.002655,-0.001118,0.0,-0.000528,0.0,0.0,-0.000442,0.0,-0.000122,-8.3e-05,0.0,-0.000186,-0.001428,0.0,-0.002138,-0.000519,0.0,-0.00122,0.0,-0.000333,-0.000892,-0.000962,-0.001541,-0.000603,0.0,0.0,-0.000554,-0.000309,-0.000175,0.0,0.0,-0.000205,0.0,0.0,-0.000936,-0.000823,-0.001976,-0.001547,0.0,-0.00038,-0.002425,-0.000703,-0.001593,0.0,-0.000415,-0.000462,0.0,0.0,-0.000173,-8.9e-05,0.0,-2.7e-05,0.0,-0.001245,0.0,-0.000793,0.0,-0.000953,-0.001843,-0.000111,-8.5e-05,-0.001846,0.0,0.0,0.0,-0.000126,-0.000588,-0.000334,0.0,-7.3e-05,-0.000782,-0.002482,-0.002601,0.0,-0.001864,0.0,-0.00198,-0.000955,0.0,-0.000689,-0.002554,-0.000582,-0.001333,-0.001872,-0.002716,-0.000531,-0.000462,-0.000436,0.0,-0.000629,-0.001377,-0.00145,-0.000838
2017-05-27 07:52:00+02:00,0.0,0.0,-0.000365,-0.001631,-0.000391,0.0,-0.000883,-0.00107,-0.001174,-1.1e-05,0.0,0.0,-0.000357,-0.000169,-4e-05,-0.00229,-2e-05,0.0,0.0,-0.002604,0.0,-0.002545,-0.001518,0.0,-0.001754,-0.002663,-0.001118,0.0,-0.000529,0.0,0.0,-0.000453,0.0,-0.000127,-8.6e-05,0.0,-0.000177,-0.001424,0.0,-0.002147,-0.000525,0.0,-0.001225,0.0,-0.000325,-0.000887,-0.000963,-0.001558,-0.000606,0.0,0.0,-0.00057,-0.00032,-0.000184,0.0,0.0,-0.000197,0.0,0.0,-0.000928,-0.000841,-0.001985,-0.001549,0.0,-0.000376,-0.00243,-0.000699,-0.001611,0.0,-0.000415,-0.000471,0.0,0.0,-0.000181,-9.2e-05,0.0,-2.2e-05,0.0,-0.001239,0.0,-0.000806,0.0,-0.000949,-0.001853,-0.0001,-7.5e-05,-0.001861,0.0,0.0,0.0,-0.000123,-0.000602,-0.000347,0.0,-7.6e-05,-0.000778,-0.002488,-0.002606,0.0,-0.00187,0.0,-0.001983,-0.000963,0.0,-0.000694,-0.002568,-0.000597,-0.001333,-0.001873,-0.002723,-0.000538,-0.000462,-0.00044,0.0,-0.000619,-0.001383,-0.001449,-0.000854
2017-05-27 07:53:00+02:00,0.0,0.0,-0.000366,-0.001642,-0.000371,0.0,-0.000866,-0.001058,-0.001193,-9e-06,0.0,0.0,-0.000373,-0.000178,-4.1e-05,-0.002303,-1.6e-05,0.0,0.0,-0.002631,0.0,-0.002574,-0.001496,0.0,-0.001776,-0.002679,-0.001101,0.0,-0.000534,0.0,0.0,-0.000468,0.0,-0.000134,-8.9e-05,0.0,-0.000179,-0.001398,0.0,-0.00217,-0.000521,0.0,-0.001237,0.0,-0.000305,-0.00089,-0.000971,-0.001582,-0.000616,0.0,0.0,-0.000588,-0.000331,-0.000194,0.0,0.0,-0.000196,0.0,0.0,-0.000904,-0.000862,-0.002007,-0.001558,0.0,-0.000378,-0.002445,-0.000683,-0.001636,0.0,-0.000408,-0.000482,0.0,0.0,-0.000191,-9.6e-05,0.0,-1.7e-05,0.0,-0.001214,0.0,-0.000822,0.0,-0.000954,-0.001876,-8e-05,-7.3e-05,-0.001889,0.0,0.0,0.0,-0.000116,-0.000619,-0.000362,0.0,-7.8e-05,-0.000787,-0.002501,-0.002621,0.0,-0.001889,0.0,-0.001995,-0.000977,0.0,-0.000687,-0.002599,-0.000617,-0.001347,-0.001882,-0.002739,-0.000536,-0.000466,-0.000448,0.0,-0.000594,-0.001396,-0.001456,-0.000876
2017-05-27 07:54:00+02:00,0.0,0.0,-0.00038,-0.001662,-0.000362,0.0,-0.000862,-0.001058,-0.001216,-1e-05,0.0,0.0,-0.00039,-0.000189,-4.3e-05,-0.002327,-2.2e-05,0.0,0.0,-0.00267,0.0,-0.002613,-0.001491,0.0,-0.001803,-0.002705,-0.001097,0.0,-0.000545,0.0,0.0,-0.000484,0.0,-0.000141,-9.3e-05,0.0,-0.000186,-0.001388,0.0,-0.002199,-0.000524,0.0,-0.001262,0.0,-0.000296,-0.000903,-0.000985,-0.001614,-0.00063,0.0,0.0,-0.00061,-0.000345,-0.000205,0.0,0.0,-0.000207,0.0,0.0,-0.000895,-0.000888,-0.002034,-0.001577,0.0,-0.000393,-0.00247,-0.000678,-0.001669,0.0,-0.000407,-0.000498,0.0,0.0,-0.000202,-0.0001,0.0,-1.9e-05,0.0,-0.001205,0.0,-0.000842,0.0,-0.000968,-0.001903,-7.1e-05,-8.3e-05,-0.00192,0.0,0.0,0.0,-0.000114,-0.000638,-0.000379,0.0,-8.1e-05,-0.000801,-0.002524,-0.002645,0.0,-0.001913,0.0,-0.002016,-0.000999,0.0,-0.000689,-0.002634,-0.000639,-0.001365,-0.001901,-0.002765,-0.00054,-0.000476,-0.000463,0.0,-0.000583,-0.001422,-0.001473,-0.000901
2017-05-27 07:55:00+02:00,0.0,0.0,-0.000403,-0.001676,-0.000372,0.0,-0.000874,-0.00107,-0.001233,-1.2e-05,0.0,0.0,-0.000407,-0.000199,-4.5e-05,-0.002339,-3.6e-05,0.0,0.0,-0.002721,0.0,-0.002665,-0.001503,0.0,-0.001821,-0.002714,-0.001112,0.0,-0.000554,0.0,0.0,-0.000497,0.0,-0.000149,-9.8e-05,0.0,-0.000187,-0.001401,0.0,-0.00222,-0.000537,0.0,-0.001295,0.0,-0.000305,-0.000913,-0.000997,-0.001654,-0.00064,0.0,0.0,-0.000636,-0.000358,-0.000216,0.0,0.0,-0.000226,0.0,0.0,-0.000908,-0.000919,-0.002054,-0.001589,0.0,-0.000414,-0.002481,-0.00069,-0.00171,0.0,-0.000417,-0.000518,0.0,0.0,-0.000215,-0.000105,0.0,-2.1e-05,0.0,-0.001218,0.0,-0.000858,0.0,-0.000978,-0.001924,-7.7e-05,-0.000102,-0.001947,0.0,0.0,0.0,-0.000119,-0.000654,-0.000395,0.0,-8.5e-05,-0.000808,-0.002531,-0.002652,0.0,-0.001926,0.0,-0.002029,-0.001028,0.0,-0.000702,-0.002664,-0.00066,-0.001377,-0.001913,-0.002773,-0.000552,-0.000484,-0.000482,0.0,-0.000594,-0.001457,-0.001485,-0.000924
2017-05-27 07:56:00+02:00,0.0,0.0,-0.0004,-0.001682,-0.000386,0.0,-0.000892,-0.001089,-0.001258,-9e-06,0.0,0.0,-0.000429,-0.000213,-4.8e-05,-0.002344,-3e-05,0.0,0.0,-0.002741,0.0,-0.002687,-0.001524,0.0,-0.001853,-0.002717,-0.001132,0.0,-0.000558,0.0,0.0,-0.000515,0.0,-0.000158,-0.000105,0.0,-0.000197,-0.001423,0.0,-0.002261,-0.000554,0.0,-0.001302,0.0,-0.000318,-0.000913,-0.001001,-0.001672,-0.000656,0.0,0.0,-0.000654,-0.00037,-0.000231,0.0,0.0,-0.000223,0.0,0.0,-0.000927,-0.000938,-0.002092,-0.001594,0.0,-0.000413,-0.002485,-0.000706,-0.001729,0.0,-0.00043,-0.000527,0.0,0.0,-0.000227,-0.000112,0.0,-1.7e-05,0.0,-0.001238,0.0,-0.000871,0.0,-0.00098,-0.001962,-8.7e-05,-9.8e-05,-0.001992,0.0,0.0,0.0,-0.000125,-0.000668,-0.000416,0.0,-8.9e-05,-0.000826,-0.002531,-0.002652,0.0,-0.001954,0.0,-0.002034,-0.001037,0.0,-0.00072,-0.002719,-0.000688,-0.001401,-0.001916,-0.002775,-0.000568,-0.000487,-0.000486,0.0,-0.00061,-0.001464,-0.001488,-0.000956
2017-05-27 07:57:00+02:00,0.0,0.0,-0.000391,-0.0017,-0.00041,0.0,-0.000925,-0.001127,-0.001287,-7e-06,0.0,0.0,-0.00045,-0.000226,-5.1e-05,-0.002365,-2.4e-05,0.0,0.0,-0.002753,0.0,-0.0027,-0.001572,0.0,-0.001888,-0.002739,-0.001171,0.0,-0.000567,0.0,0.0,-0.000534,0.0,-0.000168,-0.000111,0.0,-0.00021,-0.001466,0.0,-0.002302,-0.000579,0.0,-0.0013,0.0,-0.000341,-0.000923,-0.001013,-0.001685,-0.000674,0.0,0.0,-0.00067,-0.000384,-0.000245,0.0,0.0,-0.000214,0.0,0.0,-0.000961,-0.000954,-0.002131,-0.00161,0.0,-0.000405,-0.002507,-0.000735,-0.001743,0.0,-0.000451,-0.000532,0.0,0.0,-0.000237,-0.000119,0.0,-1.4e-05,0.0,-0.001278,0.0,-0.000891,0.0,-0.000991,-0.002,-0.000105,-8.9e-05,-0.002036,0.0,0.0,0.0,-0.000137,-0.000687,-0.000437,0.0,-9.3e-05,-0.000847,-0.002551,-0.002673,0.0,-0.001985,0.0,-0.002054,-0.00104,0.0,-0.00075,-0.002771,-0.000716,-0.001427,-0.001933,-0.002797,-0.000594,-0.000495,-0.000485,0.0,-0.000639,-0.001462,-0.001502,-0.000988
2017-05-27 07:58:00+02:00,0.0,0.0,-0.000368,-0.001695,-0.000416,0.0,-0.000939,-0.001147,-0.001284,-6e-06,0.0,0.0,-0.000462,-0.000234,-5.2e-05,-0.002362,-1.9e-05,0.0,0.0,-0.00275,0.0,-0.002698,-0.001595,0.0,-0.001878,-0.002738,-0.001189,0.0,-0.000562,0.0,0.0,-0.00054,0.0,-0.000172,-0.000114,0.0,-0.000195,-0.001484,0.0,-0.002298,-0.000594,0.0,-0.001285,0.0,-0.000346,-0.000908,-0.001007,-0.001689,-0.00067,0.0,0.0,-0.000681,-0.000394,-0.000254,0.0,0.0,-0.000192,0.0,0.0,-0.000972,-0.000965,-0.002126,-0.001603,0.0,-0.000386,-0.002505,-0.000746,-0.001747,0.0,-0.00046,-0.000533,0.0,0.0,-0.000245,-0.000122,0.0,-1.1e-05,0.0,-0.001294,0.0,-0.000901,0.0,-0.000978,-0.001997,-0.000106,-7.1e-05,-0.002044,0.0,0.0,0.0,-0.00014,-0.000699,-0.000449,0.0,-9.6e-05,-0.000833,-0.002548,-0.002671,0.0,-0.001971,0.0,-0.002048,-0.001034,0.0,-0.000766,-0.002775,-0.000729,-0.001415,-0.001926,-0.002796,-0.00061,-0.000489,-0.000478,0.0,-0.000647,-0.001446,-0.001492,-0.001002
2017-05-27 07:59:00+02:00,0.0,0.0,-0.000358,-0.001709,-0.000419,0.0,-0.000949,-0.001159,-0.001293,-5e-06,0.0,0.0,-0.000474,-0.000241,-5.3e-05,-0.00238,-1.6e-05,0.0,0.0,-0.002755,0.0,-0.002704,-0.001606,0.0,-0.001884,-0.002758,-0.0012,0.0,-0.000568,0.0,0.0,-0.000549,0.0,-0.000177,-0.000116,0.0,-0.000184,-0.001492,0.0,-0.002298,-0.000605,0.0,-0.001281,0.0,-0.000349,-0.000913,-0.001017,-0.0017,-0.00067,0.0,0.0,-0.000694,-0.000407,-0.000262,0.0,0.0,-0.000182,0.0,0.0,-0.00098,-0.000979,-0.002126,-0.001615,0.0,-0.000378,-0.002524,-0.000754,-0.001759,0.0,-0.000468,-0.000538,0.0,0.0,-0.000252,-0.000125,0.0,-9e-06,0.0,-0.001302,0.0,-0.00092,0.0,-0.000984,-0.001999,-0.000107,-5.8e-05,-0.002052,0.0,0.0,0.0,-0.000143,-0.000717,-0.00046,0.0,-9.9e-05,-0.000824,-0.002566,-0.002689,0.0,-0.001969,0.0,-0.002064,-0.001036,0.0,-0.000778,-0.002777,-0.000742,-0.00141,-0.001939,-0.002816,-0.000621,-0.000495,-0.000477,0.0,-0.000651,-0.001443,-0.001502,-0.001014
2017-05-27 08:00:00+02:00,0.0,0.0,-0.00037,-0.001739,-0.000428,0.0,-0.000963,-0.001175,-0.001311,-8e-06,0.0,0.0,-0.000488,-0.00025,-5.4e-05,-0.002416,-1.6e-05,0.0,0.0,-0.00279,0.0,-0.00274,-0.001621,0.0,-0.001902,-0.002796,-0.001213,0.0,-0.000585,0.0,0.0,-0.000562,0.0,-0.000184,-0.00012,0.0,-0.000185,-0.001503,0.0,-0.002311,-0.000618,0.0,-0.001301,0.0,-0.000357,-0.000934,-0.00104,-0.00173,-0.000679,0.0,0.0,-0.000716,-0.000423,-0.000271,0.0,0.0,-0.000191,0.0,0.0,-0.000992,-0.001004,-0.002139,-0.001644,0.0,-0.000389,-0.002561,-0.000767,-0.00179,0.0,-0.000478,-0.000553,0.0,0.0,-0.000264,-0.000129,0.0,-1.4e-05,0.0,-0.001314,0.0,-0.000945,0.0,-0.001007,-0.002013,-0.000113,-6.5e-05,-0.00207,0.0,0.0,0.0,-0.000148,-0.00074,-0.000474,0.0,-0.000103,-0.00083,-0.002599,-0.002724,0.0,-0.001981,0.0,-0.002097,-0.001056,0.0,-0.000791,-0.002792,-0.000759,-0.001418,-0.001969,-0.002853,-0.000634,-0.00051,-0.000489,0.0,-0.000661,-0.001463,-0.001529,-0.001032
2017-05-27 08:01:00+02:00,0.0,0.0,-0.000396,-0.001769,-0.000444,0.0,-0.000984,-0.001199,-0.001325,-1.4e-05,0.0,0.0,-0.000502,-0.000259,-5.6e-05,-0.002451,-3e-05,0.0,0.0,-0.002842,0.0,-0.002793,-0.001647,0.0,-0.001915,-0.002833,-0.001236,0.0,-0.000603,0.0,0.0,-0.000575,0.0,-0.00019,-0.000123,0.0,-0.000187,-0.001525,0.0,-0.002323,-0.000636,0.0,-0.001337,0.0,-0.000372,-0.000956,-0.001063,-0.001773,-0.000688,0.0,0.0,-0.000743,-0.00044,-0.000281,0.0,0.0,-0.000213,0.0,0.0,-0.001013,-0.001037,-0.002152,-0.001673,0.0,-0.000414,-0.002597,-0.000786,-0.001834,0.0,-0.000493,-0.000575,0.0,0.0,-0.000278,-0.000133,0.0,-2.4e-05,0.0,-0.001337,0.0,-0.000971,0.0,-0.001029,-0.002027,-0.000125,-8.7e-05,-0.002088,0.0,0.0,0.0,-0.000156,-0.000764,-0.000488,0.0,-0.000107,-0.000835,-0.002632,-0.002758,0.0,-0.00199,0.0,-0.00213,-0.001088,0.0,-0.00081,-0.002807,-0.000776,-0.001425,-0.001999,-0.00289,-0.000652,-0.000526,-0.00051,0.0,-0.000679,-0.001501,-0.001556,-0.001051
2017-05-27 08:02:00+02:00,0.0,0.0,-0.000423,-0.001802,-0.000462,0.0,-0.001006,-0.001223,-0.001364,-2.3e-05,0.0,0.0,-0.000524,-0.000271,-5.9e-05,-0.002489,-4.7e-05,0.0,0.0,-0.002892,0.0,-0.002845,-0.001675,0.0,-0.001961,-0.002873,-0.001261,0.0,-0.000623,-1e-06,0.0,-0.000598,0.0,-0.0002,-0.000129,0.0,-0.000208,-0.001549,0.0,-0.002368,-0.000654,0.0,-0.001374,0.0,-0.000389,-0.000982,-0.00109,-0.001816,-0.000713,0.0,0.0,-0.00077,-0.000457,-0.000295,0.0,0.0,-0.000237,0.0,0.0,-0.001036,-0.00107,-0.002196,-0.001705,0.0,-0.000441,-0.002635,-0.000806,-0.001878,0.0,-0.000509,-0.000597,0.0,0.0,-0.000291,-0.000138,0.0,-3.9e-05,0.0,-0.00136,0.0,-0.000998,0.0,-0.001056,-0.00207,-0.000139,-0.000111,-0.002135,0.0,0.0,0.0,-0.000165,-0.000788,-0.000508,0.0,-0.000112,-0.000865,-0.002667,-0.002795,0.0,-0.002033,0.0,-0.002165,-0.00112,0.0,-0.00083,-0.002859,-0.000805,-0.001459,-0.002031,-0.00293,-0.000671,-0.000545,-0.000531,0.0,-0.000699,-0.001539,-0.001586,-0.001084
2017-05-27 08:03:00+02:00,0.0,0.0,-0.000447,-0.001827,-0.000476,0.0,-0.001026,-0.001247,-0.0014,-2.7e-05,0.0,0.0,-0.000546,-0.000286,-6.3e-05,-0.002517,-6.3e-05,0.0,0.0,-0.002931,0.0,-0.002885,-0.0017,0.0,-0.002006,-0.002903,-0.001283,0.0,-0.000637,-4e-06,0.0,-0.000621,0.0,-0.000212,-0.000136,0.0,-0.000225,-0.00157,0.0,-0.002409,-0.000671,0.0,-0.001404,0.0,-0.000403,-0.000999,-0.001109,-0.001851,-0.000735,0.0,0.0,-0.000795,-0.000474,-0.00031,0.0,0.0,-0.000258,0.0,0.0,-0.001055,-0.001099,-0.002236,-0.001728,0.0,-0.000464,-0.002664,-0.000824,-0.001914,0.0,-0.000523,-0.000617,0.0,0.0,-0.000305,-0.000146,0.0,-4.6e-05,0.0,-0.001382,0.0,-0.001021,0.0,-0.001075,-0.00211,-0.00015,-0.000132,-0.002179,0.0,0.0,0.0,-0.000173,-0.00081,-0.00053,0.0,-0.000117,-0.000891,-0.002694,-0.002822,0.0,-0.002073,0.0,-0.002191,-0.001148,0.0,-0.00085,-0.002909,-0.000833,-0.00149,-0.002055,-0.002959,-0.000689,-0.000559,-0.00055,0.0,-0.000715,-0.001571,-0.001608,-0.001116
2017-05-27 08:04:00+02:00,0.0,0.0,-0.000462,-0.001859,-0.000499,0.0,-0.001058,-0.001283,-0.001439,-3.5e-05,0.0,0.0,-0.000571,-0.000301,-6.8e-05,-0.002554,-7.2e-05,0.0,0.0,-0.002946,0.0,-0.002902,-0.001744,0.0,-0.002055,-0.002942,-0.00132,0.0,-0.000657,-3e-06,0.0,-0.000645,0.0,-0.000224,-0.000144,0.0,-0.000247,-0.00161,0.0,-0.002456,-0.000697,0.0,-0.001421,0.0,-0.000425,-0.001025,-0.001135,-0.001865,-0.000761,0.0,0.0,-0.000813,-0.000493,-0.000327,0.0,0.0,-0.00027,0.0,0.0,-0.001086,-0.001117,-0.002282,-0.00176,0.0,-0.000478,-0.002701,-0.000851,-0.001932,0.0,-0.000544,-0.000631,0.0,0.0,-0.000317,-0.000154,0.0,-5.9e-05,0.0,-0.001418,0.0,-0.001049,0.0,-0.001101,-0.002155,-0.000168,-0.000145,-0.002228,0.0,0.0,0.0,-0.000184,-0.000836,-0.000554,0.0,-0.000123,-0.000922,-0.002729,-0.002858,0.0,-0.002118,0.0,-0.002226,-0.001163,0.0,-0.000879,-0.002965,-0.000864,-0.001526,-0.002087,-0.002997,-0.000715,-0.000578,-0.000562,0.0,-0.000742,-0.001587,-0.001638,-0.001151
2017-05-27 08:05:00+02:00,0.0,0.0,-0.000439,-0.001871,-0.000495,0.0,-0.001064,-0.001295,-0.00147,-2.9e-05,0.0,0.0,-0.000593,-0.000316,-7.1e-05,-0.00257,-5.8e-05,0.0,0.0,-0.002933,0.0,-0.00289,-0.001756,0.0,-0.002091,-0.002962,-0.001332,0.0,-0.000661,-3e-06,0.0,-0.000666,0.0,-0.000235,-0.000151,0.0,-0.000248,-0.001619,0.0,-0.002488,-0.000709,0.0,-0.001398,0.0,-0.000419,-0.001026,-0.001142,-0.001861,-0.000774,0.0,0.0,-0.000822,-0.000507,-0.000343,0.0,0.0,-0.000249,0.0,0.0,-0.001086,-0.001124,-0.002313,-0.001769,0.0,-0.000458,-0.002719,-0.000853,-0.001929,0.0,-0.000548,-0.000627,0.0,0.0,-0.000325,-0.000162,0.0,-4.9e-05,0.0,-0.001423,0.0,-0.001067,0.0,-0.001104,-0.002186,-0.00016,-0.000121,-0.002265,0.0,0.0,0.0,-0.000183,-0.000855,-0.000575,0.0,-0.000128,-0.000932,-0.002748,-0.002875,0.0,-0.002149,0.0,-0.002239,-0.00115,0.0,-0.000891,-0.003007,-0.000891,-0.001545,-0.002097,-0.003017,-0.000727,-0.000581,-0.000553,0.0,-0.000738,-0.001562,-0.001645,-0.001181
2017-05-27 08:06:00+02:00,0.0,0.0,-0.000466,-0.001915,-0.000521,0.0,-0.001097,-0.001331,-0.001518,-4.1e-05,0.0,0.0,-0.00062,-0.000333,-7.6e-05,-0.002621,-7.5e-05,0.0,0.0,-0.00298,0.0,-0.002938,-0.001797,0.0,-0.002153,-0.003018,-0.001369,0.0,-0.000687,-7e-06,0.0,-0.000696,0.0,-0.000249,-0.00016,0.0,-0.000275,-0.001658,0.0,-0.002547,-0.000736,0.0,-0.001433,0.0,-0.000445,-0.00106,-0.001176,-0.001902,-0.000806,0.0,0.0,-0.00085,-0.00053,-0.000361,0.0,0.0,-0.000272,0.0,0.0,-0.001119,-0.001157,-0.00237,-0.001812,0.0,-0.000484,-0.002772,-0.000882,-0.001971,0.0,-0.00057,-0.00065,0.0,0.0,-0.000341,-0.000171,0.0,-6.9e-05,0.0,-0.00146,0.0,-0.001101,0.0,-0.001139,-0.002242,-0.000181,-0.000145,-0.002324,0.0,0.0,0.0,-0.000197,-0.000886,-0.000602,0.0,-0.000136,-0.000971,-0.002799,-0.002927,0.0,-0.002208,0.0,-0.002287,-0.001182,0.0,-0.000921,-0.003074,-0.000926,-0.00159,-0.002142,-0.003072,-0.000753,-0.000605,-0.000574,0.0,-0.000768,-0.001598,-0.001686,-0.001222
2017-05-27 08:07:00+02:00,0.0,0.0,-0.000443,-0.001896,-0.00049,0.0,-0.001067,-0.001303,-0.001534,-3.3e-05,0.0,0.0,-0.000635,-0.000344,-7.8e-05,-0.002605,-6e-05,0.0,0.0,-0.002973,0.0,-0.002932,-0.001755,0.0,-0.002168,-0.003006,-0.001335,0.0,-0.000671,-5e-06,0.0,-0.00071,0.0,-0.000257,-0.000165,0.0,-0.000261,-0.001612,0.0,-0.002552,-0.000723,0.0,-0.001411,0.0,-0.000413,-0.001029,-0.001157,-0.001902,-0.000807,0.0,0.0,-0.00086,-0.000538,-0.000373,0.0,0.0,-0.00025,0.0,0.0,-0.001082,-0.001165,-0.002376,-0.001789,0.0,-0.000464,-0.002757,-0.000855,-0.001971,0.0,-0.000554,-0.000646,0.0,0.0,-0.00035,-0.000178,0.0,-5.5e-05,0.0,-0.001418,0.0,-0.001106,0.0,-0.00111,-0.00225,-0.000149,-0.00012,-0.002337,0.0,0.0,0.0,-0.000183,-0.000895,-0.000617,0.0,-0.000139,-0.000963,-0.00279,-0.002915,0.0,-0.002216,0.0,-0.002268,-0.001169,0.0,-0.000902,-0.003082,-0.000943,-0.001589,-0.00212,-0.00306,-0.000741,-0.000587,-0.000565,0.0,-0.000731,-0.001574,-0.00166,-0.001239
2017-05-27 08:08:00+02:00,0.0,0.0,-0.000422,-0.001865,-0.000451,0.0,-0.001025,-0.001263,-0.001574,-2.6e-05,0.0,0.0,-0.000666,-0.000365,-8.4e-05,-0.002575,-4.8e-05,0.0,0.0,-0.002967,0.0,-0.002927,-0.001696,0.0,-0.002218,-0.002981,-0.001283,0.0,-0.000645,-4e-06,0.0,-0.000737,0.0,-0.000272,-0.000177,0.0,-0.000271,-0.001546,0.0,-0.002606,-0.000701,0.0,-0.001389,0.0,-0.000374,-0.000982,-0.001126,-0.001901,-0.00083,0.0,0.0,-0.000871,-0.000543,-0.000396,0.0,0.0,-0.00023,0.0,0.0,-0.001034,-0.001175,-0.002426,-0.001754,0.0,-0.000445,-0.002729,-0.000819,-0.001972,0.0,-0.000531,-0.000643,0.0,0.0,-0.000362,-0.00019,0.0,-4.4e-05,0.0,-0.001361,0.0,-0.001105,0.0,-0.001067,-0.0023,-0.000119,-9.7e-05,-0.002396,0.0,0.0,0.0,-0.000165,-0.000901,-0.000647,0.0,-0.000142,-0.000985,-0.002768,-0.00289,0.0,-0.002263,0.0,-0.002236,-0.001157,0.0,-0.000872,-0.003152,-0.000981,-0.001622,-0.002086,-0.003035,-0.000722,-0.00056,-0.000557,0.0,-0.000685,-0.001551,-0.00162,-0.001282
2017-05-27 08:09:00+02:00,0.0,0.0,-0.000446,-0.001917,-0.000493,0.0,-0.001078,-0.001322,-0.001635,-3.6e-05,0.0,0.0,-0.000706,-0.000391,-9.2e-05,-0.002634,-6.1e-05,0.0,0.0,-0.003019,0.0,-0.002981,-0.00177,0.0,-0.002299,-0.003043,-0.001346,0.0,-0.000676,-4e-06,0.0,-0.000776,0.0,-0.000292,-0.000192,0.0,-0.000311,-0.001616,0.0,-0.002694,-0.000743,0.0,-0.001423,0.0,-0.000415,-0.001025,-0.001167,-0.001944,-0.000874,0.0,0.0,-0.000902,-0.00057,-0.000424,0.0,0.0,-0.000251,0.0,0.0,-0.001088,-0.00121,-0.002511,-0.001805,0.0,-0.000469,-0.002789,-0.000864,-0.002016,0.0,-0.000565,-0.000665,0.0,0.0,-0.000381,-0.000206,0.0,-6.1e-05,0.0,-0.001425,0.0,-0.001144,0.0,-0.00111,-0.002382,-0.000152,-0.000118,-0.002484,0.0,0.0,0.0,-0.000187,-0.000936,-0.000686,0.0,-0.000153,-0.001041,-0.002827,-0.002948,0.0,-0.002342,0.0,-0.002292,-0.001187,0.0,-0.000919,-0.003259,-0.001032,-0.001687,-0.002138,-0.003096,-0.000763,-0.00059,-0.000578,0.0,-0.000734,-0.001586,-0.001669,-0.001342
2017-05-27 08:10:00+02:00,0.0,0.0,-0.000457,-0.001955,-0.000521,0.0,-0.001116,-0.001367,-0.001685,-4.2e-05,0.0,0.0,-0.000741,-0.000414,-9.9e-05,-0.002677,-6.3e-05,0.0,0.0,-0.003052,0.0,-0.003014,-0.001824,0.0,-0.002363,-0.00309,-0.001392,0.0,-0.000699,-3e-06,0.0,-0.000808,0.0,-0.000309,-0.000204,0.0,-0.000339,-0.001666,0.0,-0.002762,-0.000775,0.0,-0.00144,0.0,-0.000441,-0.001056,-0.001197,-0.001973,-0.000907,0.0,0.0,-0.000927,-0.000592,-0.000449,0.0,0.0,-0.000259,0.0,0.0,-0.001125,-0.001237,-0.002576,-0.001842,0.0,-0.00048,-0.002834,-0.000896,-0.002046,0.0,-0.00059,-0.00068,0.0,0.0,-0.000398,-0.00022,0.0,-7e-05,0.0,-0.00147,0.0,-0.001175,0.0,-0.001142,-0.002446,-0.000173,-0.000126,-0.002556,0.0,0.0,0.0,-0.000201,-0.000965,-0.00072,0.0,-0.000162,-0.001081,-0.002871,-0.00299,0.0,-0.002403,0.0,-0.002333,-0.001204,0.0,-0.000956,-0.003344,-0.001075,-0.001735,-0.002176,-0.003142,-0.000795,-0.000612,-0.000591,0.0,-0.000766,-0.001603,-0.001705,-0.001392
2017-05-27 08:11:00+02:00,0.0,0.0,-0.000446,-0.001969,-0.000524,0.0,-0.001129,-0.001385,-0.001715,-3.6e-05,0.0,0.0,-0.000767,-0.000431,-0.000103,-0.002693,-5e-05,0.0,0.0,-0.003061,0.0,-0.003025,-0.001842,0.0,-0.002397,-0.003108,-0.001411,0.0,-0.000707,-2e-06,0.0,-0.00083,0.0,-0.000321,-0.000213,0.0,-0.000341,-0.001682,0.0,-0.002798,-0.000792,0.0,-0.001435,0.0,-0.000443,-0.001061,-0.001207,-0.001986,-0.000922,0.0,0.0,-0.000943,-0.000608,-0.000468,0.0,0.0,-0.000248,0.0,0.0,-0.001132,-0.001253,-0.002609,-0.001854,0.0,-0.000471,-0.002851,-0.000905,-0.00206,0.0,-0.000599,-0.000684,0.0,0.0,-0.00041,-0.00023,0.0,-6e-05,0.0,-0.001482,0.0,-0.001194,0.0,-0.001149,-0.002479,-0.00017,-0.000113,-0.002602,0.0,0.0,0.0,-0.000203,-0.000985,-0.000745,0.0,-0.000168,-0.001093,-0.00289,-0.003007,0.0,-0.002431,0.0,-0.002348,-0.001205,0.0,-0.000973,-0.003394,-0.001107,-0.001754,-0.002188,-0.00316,-0.000811,-0.000619,-0.000592,0.0,-0.00077,-0.001597,-0.001715,-0.001427
2017-05-27 08:12:00+02:00,0.0,0.0,-0.000447,-0.001982,-0.000527,0.0,-0.00114,-0.001402,-0.001744,-3.1e-05,0.0,0.0,-0.000793,-0.000448,-0.000107,-0.002708,-4.3e-05,0.0,0.0,-0.003085,0.0,-0.00305,-0.001858,0.0,-0.002431,-0.003125,-0.001426,0.0,-0.000714,-2e-06,0.0,-0.000851,0.0,-0.000334,-0.000223,0.0,-0.000346,-0.001695,0.0,-0.002832,-0.000807,0.0,-0.001444,0.0,-0.000445,-0.001066,-0.001217,-0.00201,-0.000938,0.0,0.0,-0.000964,-0.000624,-0.000487,0.0,0.0,-0.000247,0.0,0.0,-0.001139,-0.001277,-0.002641,-0.001865,0.0,-0.000473,-0.002866,-0.000913,-0.002085,0.0,-0.000607,-0.000695,0.0,0.0,-0.000424,-0.00024,0.0,-5.1e-05,0.0,-0.001492,0.0,-0.001213,0.0,-0.001155,-0.002512,-0.000168,-0.00011,-0.002645,0.0,0.0,0.0,-0.000206,-0.001005,-0.00077,0.0,-0.000174,-0.001106,-0.002908,-0.003021,0.0,-0.00246,0.0,-0.002361,-0.001216,0.0,-0.000989,-0.003441,-0.001138,-0.001774,-0.002199,-0.003176,-0.000826,-0.000625,-0.000602,0.0,-0.000773,-0.001605,-0.001724,-0.001461
2017-05-27 08:13:00+02:00,0.0,0.0,-0.000454,-0.002001,-0.000533,0.0,-0.001155,-0.001423,-0.001773,-2.9e-05,0.0,0.0,-0.000822,-0.000469,-0.000113,-0.002729,-4.1e-05,0.0,0.0,-0.00312,0.0,-0.003087,-0.001881,0.0,-0.002466,-0.003149,-0.001447,0.0,-0.000724,-2e-06,0.0,-0.000874,0.0,-0.000349,-0.000235,0.0,-0.000353,-0.001715,0.0,-0.002867,-0.000825,0.0,-0.001463,0.0,-0.00045,-0.001076,-0.00123,-0.00204,-0.000954,0.0,0.0,-0.000991,-0.000642,-0.000509,0.0,0.0,-0.000251,0.0,0.0,-0.00115,-0.001306,-0.002674,-0.001882,0.0,-0.000481,-0.002888,-0.000924,-0.002116,0.0,-0.000617,-0.000711,0.0,0.0,-0.000444,-0.000254,0.0,-4.8e-05,0.0,-0.001509,0.0,-0.001235,0.0,-0.001166,-0.002546,-0.000169,-0.000112,-0.002687,0.0,0.0,0.0,-0.00021,-0.001028,-0.000798,0.0,-0.000183,-0.00112,-0.002933,-0.003043,0.0,-0.002489,0.0,-0.002381,-0.001235,0.0,-0.001008,-0.003488,-0.001171,-0.001795,-0.002216,-0.003199,-0.000844,-0.000634,-0.000616,0.0,-0.000781,-0.001625,-0.001738,-0.001496
2017-05-27 08:14:00+02:00,0.0,0.0,-0.000451,-0.002017,-0.000536,0.0,-0.001165,-0.001438,-0.001798,-2.6e-05,0.0,0.0,-0.00085,-0.00049,-0.000119,-0.002747,-3.3e-05,0.0,0.0,-0.003141,0.0,-0.003109,-0.001898,0.0,-0.002497,-0.003169,-0.001462,0.0,-0.000731,-1e-06,0.0,-0.000896,0.0,-0.000363,-0.000248,0.0,-0.000355,-0.00173,0.0,-0.002896,-0.00084,0.0,-0.001467,0.0,-0.000452,-0.001083,-0.00124,-0.002059,-0.000967,0.0,0.0,-0.001013,-0.000661,-0.000532,0.0,0.0,-0.000247,0.0,0.0,-0.001157,-0.001328,-0.002702,-0.001895,0.0,-0.00048,-0.002907,-0.000931,-0.002137,0.0,-0.000625,-0.00072,0.0,0.0,-0.000461,-0.000268,0.0,-4.2e-05,0.0,-0.00152,0.0,-0.001256,0.0,-0.001174,-0.002575,-0.000167,-0.000106,-0.002722,0.0,0.0,0.0,-0.000212,-0.001049,-0.000825,0.0,-0.000193,-0.00113,-0.002955,-0.003062,0.0,-0.002514,0.0,-0.002397,-0.001242,0.0,-0.001023,-0.00353,-0.001202,-0.001812,-0.00223,-0.003219,-0.00086,-0.00064,-0.000622,0.0,-0.000784,-0.001629,-0.00175,-0.001528
2017-05-27 08:15:00+02:00,0.0,0.0,-0.000436,-0.00202,-0.000526,0.0,-0.001162,-0.00144,-0.001817,-2.1e-05,0.0,0.0,-0.000876,-0.00051,-0.000125,-0.002752,-2.6e-05,0.0,0.0,-0.003145,0.0,-0.003115,-0.001897,0.0,-0.00252,-0.003175,-0.001461,0.0,-0.000731,-1e-06,0.0,-0.000914,0.0,-0.000377,-0.000262,0.0,-0.000349,-0.001727,0.0,-0.002917,-0.000847,0.0,-0.001458,0.0,-0.000441,-0.001077,-0.001239,-0.002066,-0.000973,0.0,0.0,-0.001029,-0.000676,-0.000554,0.0,0.0,-0.000232,0.0,0.0,-0.001148,-0.001342,-0.002721,-0.001896,0.0,-0.000467,-0.002912,-0.000926,-0.002145,0.0,-0.000624,-0.000722,0.0,0.0,-0.000477,-0.000283,0.0,-3.4e-05,0.0,-0.001514,0.0,-0.00127,0.0,-0.00117,-0.002596,-0.000152,-8.9e-05,-0.00275,0.0,0.0,0.0,-0.000208,-0.001066,-0.00085,0.0,-0.000202,-0.00113,-0.002964,-0.003067,0.0,-0.002529,0.0,-0.002401,-0.001238,0.0,-0.001028,-0.003562,-0.00123,-0.00182,-0.002231,-0.003224,-0.000867,-0.000639,-0.00062,0.0,-0.000773,-0.001619,-0.001748,-0.001556
2017-05-27 08:16:00+02:00,0.0,0.0,-0.000449,-0.002028,-0.000528,0.0,-0.00117,-0.001453,-0.001845,-1.7e-05,0.0,0.0,-0.000906,-0.000533,-0.000132,-0.002762,-2.8e-05,0.0,0.0,-0.003187,0.0,-0.003158,-0.001911,0.0,-0.002554,-0.003187,-0.001473,0.0,-0.000734,-1e-06,0.0,-0.000938,0.0,-0.000394,-0.000277,0.0,-0.000356,-0.001738,0.0,-0.00295,-0.00086,0.0,-0.001484,0.0,-0.000443,-0.001077,-0.001242,-0.0021,-0.000988,0.0,0.0,-0.001059,-0.000693,-0.000579,0.0,0.0,-0.000242,0.0,0.0,-0.001153,-0.001374,-0.002752,-0.001902,0.0,-0.000481,-0.002923,-0.000931,-0.00218,0.0,-0.00063,-0.000741,0.0,0.0,-0.000499,-0.000299,0.0,-2.7e-05,0.0,-0.001522,0.0,-0.001286,0.0,-0.001171,-0.002629,-0.00015,-9.6e-05,-0.002789,0.0,0.0,0.0,-0.00021,-0.001086,-0.00088,0.0,-0.000211,-0.001144,-0.002979,-0.003079,0.0,-0.002557,0.0,-0.002409,-0.001262,0.0,-0.001041,-0.003608,-0.001264,-0.00184,-0.002237,-0.003236,-0.00088,-0.000641,-0.000637,0.0,-0.000775,-0.001647,-0.001752,-0.001591
2017-05-27 08:17:00+02:00,0.0,0.0,-0.000479,-0.002056,-0.000548,0.0,-0.001195,-0.001481,-0.001887,-2.3e-05,0.0,0.0,-0.000943,-0.00056,-0.000142,-0.002793,-4.8e-05,0.0,0.0,-0.003248,0.0,-0.00322,-0.001944,0.0,-0.00261,-0.003222,-0.001501,0.0,-0.00075,-1e-06,0.0,-0.00097,0.0,-0.000414,-0.000295,0.0,-0.000381,-0.001769,0.0,-0.003006,-0.000884,0.0,-0.001529,0.0,-0.000462,-0.001096,-0.001262,-0.002149,-0.001018,0.0,0.0,-0.001096,-0.000716,-0.000609,0.0,0.0,-0.000268,0.0,0.0,-0.001178,-0.001416,-0.002806,-0.001928,0.0,-0.000511,-0.002956,-0.000953,-0.00223,0.0,-0.000648,-0.00077,0.0,0.0,-0.000526,-0.000319,0.0,-3.7e-05,0.0,-0.00155,0.0,-0.001313,0.0,-0.001192,-0.002683,-0.000166,-0.000122,-0.002845,0.0,0.0,0.0,-0.000221,-0.001113,-0.000915,0.0,-0.000224,-0.001178,-0.003016,-0.003112,0.0,-0.002607,0.0,-0.002438,-0.0013,0.0,-0.001065,-0.003676,-0.001306,-0.001881,-0.002263,-0.00327,-0.000904,-0.000656,-0.000665,0.0,-0.000797,-0.001692,-0.001775,-0.001636
2017-05-27 08:18:00+02:00,0.0,0.0,-0.000519,-0.002092,-0.000577,0.0,-0.001227,-0.001516,-0.001935,-3.6e-05,0.0,0.0,-0.000981,-0.000587,-0.000152,-0.002833,-7.8e-05,0.0,0.0,-0.00332,0.0,-0.003293,-0.001986,0.0,-0.00267,-0.003264,-0.001537,0.0,-0.000772,-1.1e-05,0.0,-0.001004,0.0,-0.000436,-0.000312,0.0,-0.000413,-0.001808,0.0,-0.003067,-0.000912,0.0,-0.001584,0.0,-0.00049,-0.001125,-0.001289,-0.002207,-0.001053,0.0,0.0,-0.001137,-0.000741,-0.000638,0.0,0.0,-0.000304,0.0,0.0,-0.001212,-0.001463,-0.002866,-0.001962,0.0,-0.000551,-0.002997,-0.000983,-0.00229,0.0,-0.000673,-0.000804,0.0,0.0,-0.000553,-0.000337,0.0,-5.6e-05,0.0,-0.001587,0.0,-0.001345,0.0,-0.001221,-0.002743,-0.000191,-0.000158,-0.002908,0.0,0.0,0.0,-0.000237,-0.001144,-0.000952,0.0,-0.000236,-0.00122,-0.00306,-0.003153,0.0,-0.002663,0.0,-0.002475,-0.001347,0.0,-0.001096,-0.003749,-0.00135,-0.001929,-0.002297,-0.003312,-0.000932,-0.000678,-0.000698,0.0,-0.000829,-0.00175,-0.001807,-0.001685
2017-05-27 08:19:00+02:00,0.0,0.0,-0.000548,-0.002119,-0.000597,0.0,-0.001251,-0.001543,-0.001961,-4.3e-05,0.0,0.0,-0.00101,-0.000609,-0.00016,-0.002863,-9.9e-05,0.0,0.0,-0.003376,0.0,-0.003351,-0.002016,0.0,-0.002701,-0.003296,-0.001564,0.0,-0.000789,-1.6e-05,0.0,-0.001027,0.0,-0.000452,-0.000326,0.0,-0.000429,-0.001836,0.0,-0.003101,-0.000934,0.0,-0.001626,0.0,-0.000509,-0.001144,-0.001309,-0.002255,-0.001073,0.0,0.0,-0.001173,-0.000763,-0.000662,0.0,0.0,-0.000329,0.0,0.0,-0.001235,-0.001503,-0.002899,-0.001987,0.0,-0.00058,-0.003027,-0.001004,-0.002339,0.0,-0.00069,-0.000832,0.0,0.0,-0.000578,-0.000353,0.0,-6.7e-05,0.0,-0.001612,0.0,-0.001371,0.0,-0.001241,-0.002778,-0.000207,-0.000184,-0.002948,0.0,0.0,0.0,-0.000248,-0.001171,-0.00098,0.0,-0.000247,-0.001241,-0.003095,-0.003184,0.0,-0.00269,0.0,-0.002504,-0.001384,0.0,-0.00112,-0.003792,-0.001383,-0.001954,-0.002322,-0.003343,-0.000955,-0.000693,-0.000725,0.0,-0.000849,-0.001793,-0.00183,-0.001719
2017-05-27 08:20:00+02:00,0.0,0.0,-0.000561,-0.002145,-0.000607,0.0,-0.001267,-0.001564,-0.001983,-4.7e-05,0.0,0.0,-0.001038,-0.000631,-0.000166,-0.00289,-0.000105,0.0,0.0,-0.003415,0.0,-0.003392,-0.002038,0.0,-0.002727,-0.003326,-0.001584,0.0,-0.000803,-1.4e-05,0.0,-0.001048,0.0,-0.000467,-0.00034,0.0,-0.000436,-0.001856,0.0,-0.003129,-0.000953,0.0,-0.00165,0.0,-0.000518,-0.00116,-0.001328,-0.00229,-0.001088,0.0,0.0,-0.001203,-0.000784,-0.000685,0.0,0.0,-0.00034,0.0,0.0,-0.001248,-0.001536,-0.002926,-0.00201,0.0,-0.000594,-0.003056,-0.001017,-0.002375,0.0,-0.000703,-0.000852,0.0,0.0,-0.000599,-0.000368,0.0,-7.3e-05,0.0,-0.001629,0.0,-0.001397,0.0,-0.001258,-0.002807,-0.000213,-0.000193,-0.002983,0.0,0.0,0.0,-0.000254,-0.001197,-0.001008,0.0,-0.000258,-0.001254,-0.003128,-0.003214,0.0,-0.00271,0.0,-0.002529,-0.001408,0.0,-0.001139,-0.003828,-0.001414,-0.001972,-0.002345,-0.003372,-0.000974,-0.000707,-0.000742,0.0,-0.00086,-0.001818,-0.001851,-0.001752
2017-05-27 08:21:00+02:00,0.0,0.0,-0.000569,-0.00216,-0.000618,0.0,-0.001286,-0.001588,-0.002005,-4.7e-05,0.0,0.0,-0.001065,-0.00065,-0.000172,-0.002905,-0.000108,0.0,0.0,-0.003448,0.0,-0.003426,-0.002062,0.0,-0.002751,-0.003342,-0.001607,0.0,-0.000812,-1.2e-05,0.0,-0.001069,0.0,-0.000481,-0.000352,0.0,-0.000442,-0.001878,0.0,-0.003153,-0.000973,0.0,-0.001667,0.0,-0.000529,-0.001167,-0.00134,-0.002322,-0.001102,0.0,0.0,-0.00123,-0.000802,-0.000707,0.0,0.0,-0.000346,0.0,0.0,-0.001263,-0.001565,-0.002949,-0.002023,0.0,-0.000603,-0.003071,-0.001032,-0.002407,0.0,-0.000716,-0.000868,0.0,0.0,-0.000619,-0.000381,0.0,-7.3e-05,0.0,-0.001648,0.0,-0.001417,0.0,-0.001267,-0.002832,-0.00022,-0.000198,-0.003017,0.0,0.0,0.0,-0.000261,-0.001218,-0.001034,0.0,-0.000266,-0.001264,-0.003149,-0.00323,0.0,-0.002729,0.0,-0.002544,-0.001427,0.0,-0.00116,-0.003861,-0.001444,-0.001988,-0.002357,-0.003388,-0.000994,-0.000715,-0.000754,0.0,-0.000872,-0.001836,-0.001862,-0.001782
2017-05-27 08:22:00+02:00,0.0,0.0,-0.000574,-0.002175,-0.000629,0.0,-0.001304,-0.00161,-0.002026,-4.8e-05,0.0,0.0,-0.001091,-0.00067,-0.000178,-0.00292,-0.000108,0.0,0.0,-0.003475,0.0,-0.003454,-0.002085,0.0,-0.002774,-0.003357,-0.001628,0.0,-0.000821,-9e-06,0.0,-0.001088,0.0,-0.000495,-0.000365,0.0,-0.000446,-0.0019,0.0,-0.003174,-0.000992,0.0,-0.001681,0.0,-0.000538,-0.001175,-0.001352,-0.002349,-0.001114,0.0,0.0,-0.001256,-0.00082,-0.000728,0.0,0.0,-0.00035,0.0,0.0,-0.001277,-0.001592,-0.002969,-0.002035,0.0,-0.00061,-0.003086,-0.001046,-0.002436,0.0,-0.000729,-0.000882,0.0,0.0,-0.000638,-0.000395,0.0,-7.4e-05,0.0,-0.001665,0.0,-0.001437,0.0,-0.001276,-0.002855,-0.000226,-0.0002,-0.003048,0.0,0.0,0.0,-0.000268,-0.001238,-0.001059,0.0,-0.000276,-0.001272,-0.003169,-0.003247,0.0,-0.002745,0.0,-0.002558,-0.001443,0.0,-0.00118,-0.003891,-0.001473,-0.002002,-0.002369,-0.003403,-0.001013,-0.000723,-0.000765,0.0,-0.000883,-0.00185,-0.001873,-0.001812
2017-05-27 08:23:00+02:00,0.0,0.0,-0.000586,-0.002188,-0.00064,0.0,-0.001321,-0.001632,-0.002043,-4.9e-05,0.0,0.0,-0.001114,-0.000688,-0.000184,-0.002932,-0.000114,0.0,0.0,-0.003513,0.0,-0.003494,-0.002108,0.0,-0.002792,-0.003369,-0.00165,0.0,-0.00083,-9e-06,0.0,-0.001106,0.0,-0.000508,-0.000377,0.0,-0.000447,-0.001921,0.0,-0.003186,-0.001012,0.0,-0.001706,0.0,-0.000548,-0.001182,-0.001363,-0.002385,-0.001123,0.0,0.0,-0.001286,-0.000837,-0.000748,0.0,0.0,-0.00036,0.0,0.0,-0.001291,-0.001625,-0.002982,-0.002046,0.0,-0.000623,-0.003098,-0.001061,-0.002473,0.0,-0.000742,-0.000902,0.0,0.0,-0.000661,-0.000408,0.0,-7.5e-05,0.0,-0.001683,0.0,-0.001455,0.0,-0.001284,-0.00287,-0.000233,-0.000208,-0.003067,0.0,0.0,0.0,-0.000275,-0.001258,-0.001081,0.0,-0.000285,-0.001276,-0.003188,-0.003261,0.0,-0.002756,0.0,-0.00257,-0.001468,0.0,-0.001201,-0.003908,-0.001497,-0.002011,-0.00238,-0.003415,-0.001033,-0.00073,-0.000782,0.0,-0.000894,-0.001875,-0.001883,-0.001834
2017-05-27 08:24:00+02:00,0.0,0.0,-0.000599,-0.002207,-0.000655,0.0,-0.001343,-0.001659,-0.00206,-5.2e-05,0.0,0.0,-0.001135,-0.000704,-0.00019,-0.00295,-0.000123,0.0,0.0,-0.003549,0.0,-0.003532,-0.002136,0.0,-0.002808,-0.003389,-0.001675,0.0,-0.000842,-1.1e-05,0.0,-0.001123,0.0,-0.000521,-0.000388,0.0,-0.000449,-0.001947,0.0,-0.003193,-0.001034,0.0,-0.001731,0.0,-0.000562,-0.001193,-0.001378,-0.00242,-0.001132,0.0,0.0,-0.001316,-0.000856,-0.000766,0.0,0.0,-0.000371,0.0,0.0,-0.001309,-0.001657,-0.002991,-0.002063,0.0,-0.000638,-0.003116,-0.001079,-0.002509,0.0,-0.000757,-0.000923,0.0,0.0,-0.000682,-0.00042,0.0,-8.1e-05,0.0,-0.001704,0.0,-0.001477,0.0,-0.001296,-0.002882,-0.000244,-0.000218,-0.003082,0.0,0.0,0.0,-0.000284,-0.00128,-0.001101,0.0,-0.000295,-0.001281,-0.003212,-0.003282,0.0,-0.002765,0.0,-0.002588,-0.001493,0.0,-0.001224,-0.003917,-0.001518,-0.002019,-0.002395,-0.003433,-0.001055,-0.000742,-0.000799,0.0,-0.00091,-0.001902,-0.001898,-0.001854
2017-05-27 08:25:00+02:00,0.0,0.0,-0.000606,-0.002219,-0.000663,0.0,-0.001358,-0.001678,-0.002071,-5.4e-05,0.0,0.0,-0.001152,-0.000718,-0.000194,-0.002962,-0.000126,0.0,0.0,-0.003572,0.0,-0.003556,-0.002155,0.0,-0.002816,-0.003402,-0.001694,0.0,-0.00085,-1.1e-05,0.0,-0.001136,0.0,-0.000531,-0.000397,0.0,-0.000447,-0.001964,0.0,-0.00319,-0.001051,0.0,-0.001746,0.0,-0.00057,-0.0012,-0.001389,-0.002446,-0.001136,0.0,0.0,-0.00134,-0.000873,-0.000781,0.0,0.0,-0.000377,0.0,0.0,-0.001319,-0.001683,-0.002989,-0.002073,0.0,-0.000646,-0.003128,-0.001091,-0.002536,0.0,-0.000768,-0.000938,0.0,0.0,-0.000701,-0.00043,0.0,-8.2e-05,0.0,-0.001718,0.0,-0.001496,0.0,-0.001304,-0.002884,-0.00025,-0.000222,-0.003089,0.0,0.0,0.0,-0.00029,-0.0013,-0.001117,0.0,-0.000304,-0.001278,-0.003232,-0.003298,0.0,-0.002765,0.0,-0.002599,-0.001511,0.0,-0.001241,-0.003917,-0.001535,-0.002019,-0.002405,-0.003446,-0.001073,-0.000749,-0.000811,0.0,-0.000918,-0.001917,-0.001906,-0.001868
2017-05-27 08:26:00+02:00,0.0,0.0,-0.000612,-0.002235,-0.000672,0.0,-0.001372,-0.001698,-0.002091,-5.6e-05,0.0,0.0,-0.001174,-0.000735,-0.0002,-0.002978,-0.000129,0.0,0.0,-0.003594,0.0,-0.00358,-0.002173,0.0,-0.002836,-0.003419,-0.001712,0.0,-0.00086,-1e-05,0.0,-0.001155,0.0,-0.000545,-0.000409,0.0,-0.000451,-0.001981,0.0,-0.003203,-0.001068,0.0,-0.001759,0.0,-0.000578,-0.001208,-0.001401,-0.002472,-0.001148,0.0,0.0,-0.001365,-0.000891,-0.0008,0.0,0.0,-0.000382,0.0,0.0,-0.001329,-0.001709,-0.003002,-0.002086,0.0,-0.000653,-0.003144,-0.001102,-0.002562,0.0,-0.000779,-0.000953,0.0,0.0,-0.000719,-0.000442,0.0,-8.5e-05,0.0,-0.001731,0.0,-0.001517,0.0,-0.001313,-0.002901,-0.000254,-0.000226,-0.003109,0.0,0.0,0.0,-0.000295,-0.001322,-0.001138,0.0,-0.000313,-0.001285,-0.003255,-0.003317,0.0,-0.002778,0.0,-0.002613,-0.001527,0.0,-0.001259,-0.003932,-0.001558,-0.002031,-0.002418,-0.003463,-0.001091,-0.000758,-0.000823,0.0,-0.000926,-0.00193,-0.001917,-0.001891
2017-05-27 08:27:00+02:00,0.0,0.0,-0.000628,-0.002248,-0.000679,0.0,-0.001385,-0.001713,-0.002114,-5.7e-05,0.0,0.0,-0.001199,-0.000754,-0.000207,-0.002989,-0.000139,0.0,0.0,-0.003631,0.0,-0.003619,-0.002186,0.0,-0.002861,-0.00343,-0.001727,0.0,-0.000869,-1.5e-05,0.0,-0.001175,0.0,-0.00056,-0.000422,0.0,-0.000457,-0.001995,0.0,-0.003221,-0.001084,0.0,-0.001786,0.0,-0.000584,-0.001214,-0.001412,-0.002509,-0.001161,0.0,0.0,-0.001396,-0.000908,-0.000821,0.0,0.0,-0.000396,0.0,0.0,-0.001337,-0.001742,-0.003021,-0.002097,0.0,-0.00067,-0.003156,-0.001113,-0.002601,0.0,-0.000789,-0.000975,0.0,0.0,-0.000742,-0.000457,0.0,-8.7e-05,0.0,-0.001742,0.0,-0.001535,0.0,-0.001321,-0.002923,-0.000258,-0.000238,-0.003135,0.0,0.0,0.0,-0.0003,-0.001342,-0.001162,0.0,-0.000323,-0.001295,-0.003273,-0.003331,0.0,-0.002795,0.0,-0.002625,-0.001554,0.0,-0.001275,-0.003953,-0.001585,-0.002046,-0.002428,-0.003473,-0.001106,-0.000766,-0.000843,0.0,-0.000933,-0.001958,-0.001926,-0.001917
2017-05-27 08:28:00+02:00,0.0,0.0,-0.000649,-0.002261,-0.000685,0.0,-0.001395,-0.001725,-0.002137,-5.9e-05,0.0,0.0,-0.001225,-0.000774,-0.000214,-0.002998,-0.000155,0.0,0.0,-0.003679,0.0,-0.003669,-0.002195,0.0,-0.002886,-0.003438,-0.00174,0.0,-0.000877,-2.3e-05,0.0,-0.001196,0.0,-0.000575,-0.000437,0.0,-0.000463,-0.002007,0.0,-0.003238,-0.001098,0.0,-0.001822,0.0,-0.00059,-0.001221,-0.001422,-0.002554,-0.001175,0.0,0.0,-0.001432,-0.000925,-0.000843,0.0,0.0,-0.000415,0.0,0.0,-0.001344,-0.001782,-0.003039,-0.002107,0.0,-0.000693,-0.003165,-0.001122,-0.002646,0.0,-0.000799,-0.001002,0.0,0.0,-0.000769,-0.000472,0.0,-9e-05,0.0,-0.00175,0.0,-0.001553,0.0,-0.001328,-0.002944,-0.000262,-0.000255,-0.003159,0.0,0.0,0.0,-0.000305,-0.00136,-0.001187,0.0,-0.000333,-0.001304,-0.003289,-0.003342,0.0,-0.002812,0.0,-0.002635,-0.001589,0.0,-0.001289,-0.003975,-0.001612,-0.002062,-0.002438,-0.00348,-0.001119,-0.000773,-0.000868,0.0,-0.000939,-0.001995,-0.001935,-0.001943
2017-05-27 08:29:00+02:00,0.0,0.0,-0.000672,-0.002293,-0.000707,0.0,-0.001423,-0.001759,-0.00217,-6.9e-05,0.0,0.0,-0.001259,-0.0008,-0.000224,-0.003033,-0.000172,0.0,0.0,-0.003728,0.0,-0.00372,-0.002233,0.0,-0.002926,-0.003477,-0.001773,0.0,-0.000897,-3.2e-05,0.0,-0.001224,0.0,-0.000595,-0.000455,0.0,-0.000478,-0.002043,0.0,-0.003271,-0.001126,0.0,-0.001859,0.0,-0.000611,-0.001243,-0.001447,-0.002598,-0.001197,0.0,0.0,-0.001469,-0.000951,-0.000872,0.0,0.0,-0.000435,0.0,0.0,-0.00137,-0.001822,-0.003073,-0.002137,0.0,-0.000717,-0.0032,-0.001146,-0.002692,0.0,-0.000819,-0.00103,0.0,0.0,-0.000797,-0.000491,0.0,-0.000104,0.0,-0.001781,0.0,-0.001584,0.0,-0.001352,-0.00298,-0.000279,-0.000274,-0.003201,0.0,0.0,0.0,-0.000318,-0.001391,-0.00122,0.0,-0.000347,-0.001325,-0.003334,-0.003384,0.0,-0.002844,0.0,-0.002667,-0.001623,0.0,-0.001318,-0.00402,-0.001649,-0.002091,-0.002469,-0.003518,-0.001148,-0.000792,-0.000893,0.0,-0.000961,-0.002033,-0.001962,-0.001981
2017-05-27 08:30:00+02:00,0.0,0.0,-0.000686,-0.002319,-0.000734,0.0,-0.001456,-0.001798,-0.002195,-7.5e-05,0.0,0.0,-0.00129,-0.000825,-0.000233,-0.003058,-0.000182,0.0,0.0,-0.00376,0.0,-0.003753,-0.002278,0.0,-0.002957,-0.003505,-0.001812,0.0,-0.000912,-3.8e-05,0.0,-0.001247,0.0,-0.000614,-0.000472,0.0,-0.000489,-0.002088,0.0,-0.003295,-0.001158,0.0,-0.001882,0.0,-0.000636,-0.001259,-0.001465,-0.002628,-0.001212,0.0,0.0,-0.001499,-0.000974,-0.000899,0.0,0.0,-0.000448,0.0,0.0,-0.001401,-0.001853,-0.003095,-0.002159,0.0,-0.000732,-0.003227,-0.001174,-0.002723,0.0,-0.000843,-0.001049,0.0,0.0,-0.000822,-0.000511,0.0,-0.000114,0.0,-0.001819,0.0,-0.001609,0.0,-0.00137,-0.003007,-0.000301,-0.000285,-0.003232,0.0,0.0,0.0,-0.000334,-0.001419,-0.001249,0.0,-0.000362,-0.001339,-0.00337,-0.003416,0.0,-0.002866,0.0,-0.002692,-0.001645,0.0,-0.001352,-0.004053,-0.001681,-0.002111,-0.002492,-0.003547,-0.00118,-0.000806,-0.00091,0.0,-0.000989,-0.002056,-0.001982,-0.002013
2017-05-27 08:31:00+02:00,0.0,0.0,-0.000695,-0.002321,-0.000745,0.0,-0.001474,-0.001822,-0.002218,-7.2e-05,0.0,0.0,-0.001321,-0.00085,-0.000242,-0.003058,-0.000186,0.0,0.0,-0.003789,0.0,-0.003783,-0.002306,0.0,-0.002985,-0.003506,-0.001836,0.0,-0.000913,-3.9e-05,0.0,-0.00127,0.0,-0.000631,-0.00049,0.0,-0.000493,-0.002115,0.0,-0.003319,-0.00118,0.0,-0.001903,0.0,-0.000647,-0.001256,-0.001465,-0.002656,-0.001225,0.0,0.0,-0.001528,-0.000989,-0.000927,0.0,0.0,-0.000455,0.0,0.0,-0.001417,-0.001882,-0.003118,-0.00216,0.0,-0.000742,-0.003226,-0.001189,-0.002752,0.0,-0.000857,-0.001068,0.0,0.0,-0.000847,-0.00053,0.0,-0.000108,0.0,-0.00184,0.0,-0.001621,0.0,-0.001369,-0.003033,-0.000308,-0.00029,-0.003264,0.0,0.0,0.0,-0.000341,-0.001434,-0.001279,0.0,-0.000372,-0.001348,-0.003381,-0.003423,0.0,-0.002886,0.0,-0.002692,-0.001666,0.0,-0.001375,-0.004087,-0.001713,-0.002129,-0.002493,-0.003548,-0.001202,-0.000806,-0.000924,0.0,-0.001001,-0.002077,-0.00198,-0.002044
2017-05-27 08:32:00+02:00,0.0,0.0,-0.000703,-0.002335,-0.000755,0.0,-0.001489,-0.001842,-0.002253,-7.2e-05,0.0,0.0,-0.001361,-0.000882,-0.000254,-0.00307,-0.00019,0.0,0.0,-0.003819,0.0,-0.003814,-0.002328,0.0,-0.00303,-0.00352,-0.001854,0.0,-0.00092,-4e-05,0.0,-0.0013,0.0,-0.000655,-0.000513,0.0,-0.000509,-0.002137,0.0,-0.003366,-0.001199,0.0,-0.001923,0.0,-0.000656,-0.001262,-0.001473,-0.002684,-0.001248,0.0,0.0,-0.001557,-0.001008,-0.000962,0.0,0.0,-0.000462,0.0,0.0,-0.001429,-0.001911,-0.003162,-0.00217,0.0,-0.000752,-0.003238,-0.001201,-0.00278,0.0,-0.000869,-0.001086,0.0,0.0,-0.000873,-0.000555,0.0,-0.000108,0.0,-0.001857,0.0,-0.001639,0.0,-0.001375,-0.003081,-0.000313,-0.000294,-0.003316,0.0,0.0,0.0,-0.000347,-0.001455,-0.001319,0.0,-0.000386,-0.001371,-0.003404,-0.003442,0.0,-0.002924,0.0,-0.002704,-0.001685,0.0,-0.001394,-0.004146,-0.001757,-0.002163,-0.002504,-0.003563,-0.001221,-0.000812,-0.000938,0.0,-0.001011,-0.002097,-0.001989,-0.00209
2017-05-27 08:33:00+02:00,0.0,0.0,-0.000713,-0.002351,-0.000767,0.0,-0.001506,-0.001865,-0.002287,-7.2e-05,0.0,0.0,-0.001402,-0.000914,-0.000265,-0.003086,-0.000195,0.0,0.0,-0.003853,0.0,-0.003848,-0.002354,0.0,-0.003074,-0.003539,-0.001876,0.0,-0.000928,-4.2e-05,0.0,-0.00133,0.0,-0.000677,-0.000536,0.0,-0.000523,-0.002163,0.0,-0.003412,-0.001221,0.0,-0.001946,0.0,-0.000666,-0.001268,-0.001483,-0.002715,-0.00127,0.0,0.0,-0.001588,-0.001029,-0.000997,0.0,0.0,-0.00047,0.0,0.0,-0.001444,-0.001943,-0.003206,-0.002183,0.0,-0.000764,-0.003255,-0.001215,-0.002812,0.0,-0.000882,-0.001106,0.0,0.0,-0.000899,-0.00058,0.0,-0.000108,0.0,-0.001878,0.0,-0.00166,0.0,-0.001384,-0.003127,-0.00032,-0.000299,-0.003368,0.0,0.0,0.0,-0.000355,-0.001478,-0.001358,0.0,-0.000399,-0.001392,-0.003431,-0.003466,0.0,-0.002959,0.0,-0.002718,-0.001707,0.0,-0.001416,-0.004204,-0.001801,-0.002196,-0.002519,-0.003582,-0.001243,-0.000819,-0.000954,0.0,-0.001022,-0.002121,-0.001999,-0.002135
2017-05-27 08:34:00+02:00,0.0,0.0,-0.00073,-0.002382,-0.000784,0.0,-0.001529,-0.001892,-0.002337,-8e-05,0.0,0.0,-0.001446,-0.00095,-0.00028,-0.003117,-0.000207,0.0,0.0,-0.003895,0.0,-0.003892,-0.002385,0.0,-0.003137,-0.003573,-0.001903,0.0,-0.000946,-4.9e-05,0.0,-0.001368,0.0,-0.000705,-0.000562,0.0,-0.000548,-0.002195,0.0,-0.00347,-0.001245,0.0,-0.001978,0.0,-0.000683,-0.001289,-0.001505,-0.002753,-0.001302,0.0,0.0,-0.001622,-0.001055,-0.001035,0.0,0.0,-0.000486,0.0,0.0,-0.001465,-0.001979,-0.003261,-0.002212,0.0,-0.000783,-0.003287,-0.001234,-0.00285,0.0,-0.0009,-0.001131,0.0,0.0,-0.000929,-0.000608,0.0,-0.00012,0.0,-0.001904,0.0,-0.001689,0.0,-0.001406,-0.003186,-0.000333,-0.000313,-0.003427,0.0,0.0,0.0,-0.000365,-0.001508,-0.001401,0.0,-0.000416,-0.001426,-0.003474,-0.003505,0.0,-0.003013,0.0,-0.002749,-0.001736,0.0,-0.001441,-0.004271,-0.001849,-0.002243,-0.002549,-0.003617,-0.001267,-0.000836,-0.000975,0.0,-0.00104,-0.002152,-0.002024,-0.002186
2017-05-27 08:35:00+02:00,0.0,0.0,-0.000734,-0.002403,-0.000793,0.0,-0.001543,-0.001912,-0.002374,-8.2e-05,0.0,0.0,-0.001482,-0.00098,-0.000291,-0.003138,-0.000207,0.0,0.0,-0.003913,0.0,-0.00391,-0.002407,0.0,-0.003183,-0.003596,-0.001921,0.0,-0.000957,-4.8e-05,0.0,-0.001398,0.0,-0.000727,-0.000584,0.0,-0.000559,-0.002216,0.0,-0.003509,-0.001264,0.0,-0.001992,0.0,-0.000691,-0.001299,-0.001519,-0.002773,-0.001322,0.0,0.0,-0.001647,-0.001077,-0.001067,0.0,0.0,-0.000488,0.0,0.0,-0.001476,-0.002002,-0.003298,-0.002229,0.0,-0.000788,-0.003309,-0.001245,-0.002871,0.0,-0.000911,-0.001146,0.0,0.0,-0.000951,-0.000632,0.0,-0.000122,0.0,-0.001921,0.0,-0.001712,0.0,-0.001419,-0.003227,-0.000338,-0.000313,-0.00347,0.0,0.0,0.0,-0.000371,-0.001533,-0.001436,0.0,-0.00043,-0.001443,-0.003507,-0.003534,0.0,-0.003048,0.0,-0.002768,-0.001751,0.0,-0.00146,-0.004317,-0.001888,-0.002272,-0.002569,-0.003641,-0.001287,-0.000846,-0.000985,0.0,-0.001049,-0.002166,-0.002039,-0.002225
2017-05-27 08:36:00+02:00,0.0,0.0,-0.000715,-0.002424,-0.000796,0.0,-0.001553,-0.001928,-0.002398,-8e-05,0.0,0.0,-0.001513,-0.001005,-0.000299,-0.003162,-0.000187,0.0,0.0,-0.003891,0.0,-0.003889,-0.002423,0.0,-0.003212,-0.003625,-0.001936,0.0,-0.000966,-3.8e-05,0.0,-0.00142,0.0,-0.000745,-0.000603,0.0,-0.000555,-0.002234,0.0,-0.00353,-0.001281,0.0,-0.001973,0.0,-0.000693,-0.001307,-0.001531,-0.002765,-0.001329,0.0,0.0,-0.001654,-0.001101,-0.001095,0.0,0.0,-0.00047,0.0,0.0,-0.001482,-0.002005,-0.003317,-0.002247,0.0,-0.00077,-0.003335,-0.001252,-0.002862,0.0,-0.000919,-0.001142,0.0,0.0,-0.000964,-0.000653,0.0,-0.00012,0.0,-0.001933,0.0,-0.001737,0.0,-0.001429,-0.00325,-0.000336,-0.000292,-0.003498,0.0,0.0,0.0,-0.000374,-0.001561,-0.001466,0.0,-0.000445,-0.001444,-0.003545,-0.003569,0.0,-0.003066,0.0,-0.002789,-0.001738,0.0,-0.001476,-0.004347,-0.00192,-0.002285,-0.002589,-0.00367,-0.001303,-0.000854,-0.000977,0.0,-0.001052,-0.002145,-0.002053,-0.002256
2017-05-27 08:37:00+02:00,0.0,0.0,-0.000691,-0.00242,-0.000796,0.0,-0.001562,-0.001943,-0.002404,-7e-05,0.0,0.0,-0.001537,-0.001025,-0.000304,-0.003158,-0.000163,0.0,0.0,-0.003867,0.0,-0.003864,-0.002438,0.0,-0.003216,-0.003623,-0.001949,0.0,-0.00096,-3.1e-05,0.0,-0.001432,0.0,-0.000757,-0.000617,0.0,-0.00054,-0.002249,0.0,-0.003532,-0.001297,0.0,-0.00195,0.0,-0.000692,-0.001295,-0.001525,-0.002755,-0.001326,0.0,0.0,-0.001659,-0.001114,-0.001117,0.0,0.0,-0.000447,0.0,0.0,-0.001486,-0.002006,-0.003317,-0.002239,0.0,-0.000749,-0.003331,-0.001257,-0.002851,0.0,-0.000926,-0.001136,0.0,0.0,-0.000974,-0.000669,0.0,-0.000104,0.0,-0.001942,0.0,-0.001747,0.0,-0.001418,-0.003254,-0.000332,-0.000267,-0.003512,0.0,0.0,0.0,-0.000375,-0.001575,-0.001489,0.0,-0.000455,-0.00143,-0.003554,-0.003574,0.0,-0.003064,0.0,-0.002783,-0.001723,0.0,-0.001491,-0.004358,-0.001943,-0.002281,-0.002584,-0.00367,-0.001319,-0.000847,-0.000967,0.0,-0.001053,-0.00212,-0.002044,-0.002276
2017-05-27 08:38:00+02:00,0.0,0.0,-0.000681,-0.002416,-0.000801,0.0,-0.001576,-0.001962,-0.002414,-6.2e-05,0.0,0.0,-0.001565,-0.001048,-0.00031,-0.003153,-0.000152,0.0,0.0,-0.003867,0.0,-0.003865,-0.002457,0.0,-0.003226,-0.003621,-0.001967,0.0,-0.000956,-2.5e-05,0.0,-0.001448,0.0,-0.000772,-0.000633,0.0,-0.000534,-0.002269,0.0,-0.003544,-0.001315,0.0,-0.001944,0.0,-0.000696,-0.001284,-0.00152,-0.002763,-0.00133,0.0,0.0,-0.001675,-0.001127,-0.001143,0.0,0.0,-0.000438,0.0,0.0,-0.001495,-0.002021,-0.003327,-0.002233,0.0,-0.00074,-0.003327,-0.001267,-0.002859,0.0,-0.000936,-0.00114,0.0,0.0,-0.000992,-0.000688,0.0,-9.1e-05,0.0,-0.001957,0.0,-0.001756,0.0,-0.001409,-0.003268,-0.000332,-0.000255,-0.003536,0.0,0.0,0.0,-0.000379,-0.001588,-0.001516,0.0,-0.000464,-0.001427,-0.003562,-0.003578,0.0,-0.003069,0.0,-0.002777,-0.001722,0.0,-0.00151,-0.004379,-0.001971,-0.002288,-0.002579,-0.003668,-0.001338,-0.000843,-0.000967,0.0,-0.001058,-0.002113,-0.002035,-0.002303
2017-05-27 08:39:00+02:00,0.0,0.0,-0.00068,-0.002449,-0.000816,0.0,-0.001597,-0.001988,-0.00245,-6.9e-05,0.0,0.0,-0.001601,-0.001077,-0.000321,-0.003189,-0.000149,0.0,0.0,-0.003865,0.0,-0.003862,-0.002484,0.0,-0.003268,-0.003661,-0.001992,0.0,-0.000975,-2e-05,0.0,-0.001477,0.0,-0.000793,-0.000654,0.0,-0.000544,-0.002298,0.0,-0.00358,-0.001339,0.0,-0.001944,0.0,-0.00071,-0.001305,-0.001545,-0.002771,-0.001349,0.0,0.0,-0.001691,-0.001154,-0.001174,0.0,0.0,-0.000436,0.0,0.0,-0.001513,-0.002034,-0.003361,-0.002262,0.0,-0.00074,-0.003364,-0.001285,-0.002867,0.0,-0.000952,-0.001147,0.0,0.0,-0.001008,-0.00071,0.0,-0.000102,0.0,-0.00198,0.0,-0.001789,0.0,-0.001431,-0.003305,-0.000343,-0.000252,-0.003581,0.0,0.0,0.0,-0.000388,-0.001622,-0.001551,0.0,-0.00048,-0.001441,-0.003612,-0.003624,0.0,-0.003101,0.0,-0.00281,-0.001726,0.0,-0.001534,-0.004424,-0.00201,-0.002315,-0.002611,-0.003709,-0.001361,-0.00086,-0.000971,0.0,-0.001073,-0.002111,-0.002061,-0.002343
2017-05-27 08:40:00+02:00,0.0,0.0,-0.000684,-0.002481,-0.000829,0.0,-0.001617,-0.002013,-0.002493,-7.7e-05,0.0,0.0,-0.00164,-0.001108,-0.000332,-0.003224,-0.000151,0.0,0.0,-0.003884,0.0,-0.003882,-0.002509,0.0,-0.003319,-0.003701,-0.002017,0.0,-0.000994,-1.8e-05,0.0,-0.001511,0.0,-0.000817,-0.000676,0.0,-0.000561,-0.002324,0.0,-0.003624,-0.001361,0.0,-0.001953,0.0,-0.000722,-0.001325,-0.001569,-0.002794,-0.001374,0.0,0.0,-0.001716,-0.001182,-0.001208,0.0,0.0,-0.00044,0.0,0.0,-0.001529,-0.002059,-0.003402,-0.002292,0.0,-0.000746,-0.003402,-0.001302,-0.00289,0.0,-0.000968,-0.00116,0.0,0.0,-0.001029,-0.000734,0.0,-0.000113,0.0,-0.002001,0.0,-0.001822,0.0,-0.001454,-0.00335,-0.000352,-0.000254,-0.003632,0.0,0.0,0.0,-0.000397,-0.001656,-0.001589,0.0,-0.000495,-0.001463,-0.003662,-0.00367,0.0,-0.003142,0.0,-0.002842,-0.001739,0.0,-0.001557,-0.004476,-0.002053,-0.00235,-0.002643,-0.00375,-0.001384,-0.000878,-0.000981,0.0,-0.001086,-0.00212,-0.002088,-0.002388
2017-05-27 08:41:00+02:00,0.0,0.0,-0.000689,-0.002511,-0.000839,0.0,-0.001632,-0.002033,-0.002536,-8.4e-05,0.0,0.0,-0.001681,-0.00114,-0.000345,-0.003257,-0.000154,0.0,0.0,-0.003912,0.0,-0.003909,-0.002529,0.0,-0.00337,-0.003738,-0.002035,0.0,-0.001012,-1.7e-05,0.0,-0.001545,0.0,-0.000841,-0.000699,0.0,-0.000579,-0.002345,0.0,-0.00367,-0.00138,0.0,-0.001966,0.0,-0.000731,-0.001344,-0.001592,-0.002821,-0.0014,0.0,0.0,-0.001744,-0.001209,-0.001243,0.0,0.0,-0.000446,0.0,0.0,-0.001541,-0.002088,-0.003445,-0.002319,0.0,-0.000753,-0.003436,-0.001314,-0.002918,0.0,-0.00098,-0.001174,0.0,0.0,-0.001054,-0.000759,0.0,-0.000123,0.0,-0.002018,0.0,-0.001853,0.0,-0.001475,-0.003397,-0.000357,-0.000257,-0.003685,0.0,0.0,0.0,-0.000404,-0.001688,-0.001629,0.0,-0.000512,-0.001489,-0.003709,-0.003713,0.0,-0.003184,0.0,-0.002873,-0.001754,0.0,-0.001576,-0.004531,-0.002098,-0.002387,-0.002674,-0.003788,-0.001403,-0.000894,-0.000991,0.0,-0.001096,-0.002132,-0.002112,-0.002434
2017-05-27 08:42:00+02:00,0.0,0.0,-0.000686,-0.002534,-0.000839,0.0,-0.001638,-0.002044,-0.002568,-8.5e-05,0.0,0.0,-0.001718,-0.00117,-0.000356,-0.003283,-0.000148,0.0,0.0,-0.003925,0.0,-0.003922,-0.002539,0.0,-0.003409,-0.003767,-0.002045,0.0,-0.001023,-1.3e-05,0.0,-0.001573,0.0,-0.000864,-0.000721,0.0,-0.000587,-0.002357,0.0,-0.003705,-0.001394,0.0,-0.00197,0.0,-0.00073,-0.001354,-0.001606,-0.002836,-0.001417,0.0,0.0,-0.001765,-0.001234,-0.001276,0.0,0.0,-0.000442,0.0,0.0,-0.001544,-0.002107,-0.003477,-0.002338,0.0,-0.000751,-0.003463,-0.001318,-0.002934,0.0,-0.000986,-0.001183,0.0,0.0,-0.001075,-0.000784,0.0,-0.000125,0.0,-0.002025,0.0,-0.001879,0.0,-0.001487,-0.003433,-0.000354,-0.000251,-0.003725,0.0,0.0,0.0,-0.000405,-0.001716,-0.001664,0.0,-0.000527,-0.001503,-0.003748,-0.003749,0.0,-0.003215,0.0,-0.002895,-0.001761,0.0,-0.001588,-0.004574,-0.002136,-0.002414,-0.002696,-0.003818,-0.001416,-0.000904,-0.000996,0.0,-0.001096,-0.002135,-0.002128,-0.002472
2017-05-27 08:43:00+02:00,0.0,0.0,-0.000687,-0.002558,-0.000841,0.0,-0.001646,-0.002055,-0.002597,-8.7e-05,0.0,0.0,-0.001754,-0.001202,-0.000367,-0.00331,-0.000145,0.0,0.0,-0.003943,0.0,-0.00394,-0.002551,0.0,-0.003445,-0.003799,-0.002055,0.0,-0.001034,-1.1e-05,0.0,-0.0016,0.0,-0.000886,-0.000746,0.0,-0.000594,-0.002372,0.0,-0.003739,-0.001408,0.0,-0.001978,0.0,-0.000731,-0.001366,-0.00162,-0.002852,-0.001433,0.0,0.0,-0.001788,-0.001259,-0.001309,0.0,0.0,-0.000442,0.0,0.0,-0.001549,-0.002129,-0.003509,-0.002359,0.0,-0.000753,-0.003492,-0.001323,-0.002951,0.0,-0.000992,-0.001194,0.0,0.0,-0.001099,-0.00081,0.0,-0.000128,0.0,-0.002035,0.0,-0.001906,0.0,-0.001501,-0.003468,-0.000352,-0.000248,-0.003761,0.0,0.0,0.0,-0.000407,-0.001745,-0.0017,0.0,-0.000545,-0.001515,-0.003789,-0.003787,0.0,-0.003243,0.0,-0.002919,-0.001769,0.0,-0.001601,-0.004615,-0.002173,-0.002439,-0.002721,-0.003851,-0.00143,-0.000914,-0.001002,0.0,-0.001099,-0.002142,-0.002146,-0.002509
2017-05-27 08:44:00+02:00,0.0,0.0,-0.00068,-0.002573,-0.000831,0.0,-0.001641,-0.002055,-0.002616,-8.3e-05,0.0,0.0,-0.001787,-0.001231,-0.000377,-0.003328,-0.000135,0.0,0.0,-0.003956,0.0,-0.003952,-0.002549,0.0,-0.003469,-0.003821,-0.002052,0.0,-0.001039,-9e-06,0.0,-0.00162,0.0,-0.000905,-0.000768,0.0,-0.000592,-0.002372,0.0,-0.003765,-0.001413,0.0,-0.001979,0.0,-0.000721,-0.001369,-0.001627,-0.002864,-0.001441,0.0,0.0,-0.001808,-0.001281,-0.00134,0.0,0.0,-0.000434,0.0,0.0,-0.001541,-0.002147,-0.003531,-0.002371,0.0,-0.000748,-0.003512,-0.001316,-0.002964,0.0,-0.000989,-0.001201,0.0,0.0,-0.00112,-0.000835,0.0,-0.000122,0.0,-0.00203,0.0,-0.001926,0.0,-0.001506,-0.003494,-0.000339,-0.000238,-0.003791,0.0,0.0,0.0,-0.000402,-0.001769,-0.001732,0.0,-0.00056,-0.001519,-0.003821,-0.003815,0.0,-0.00326,0.0,-0.002934,-0.001773,0.0,-0.001604,-0.004647,-0.002206,-0.002454,-0.002737,-0.003874,-0.001435,-0.000918,-0.001004,0.0,-0.001088,-0.002143,-0.002154,-0.002541
2017-05-27 08:45:00+02:00,0.0,0.0,-0.000681,-0.002586,-0.000826,0.0,-0.001641,-0.00206,-0.00262,-7.9e-05,0.0,0.0,-0.001814,-0.001255,-0.000385,-0.003345,-0.000132,0.0,0.0,-0.003988,0.0,-0.003984,-0.002553,0.0,-0.003473,-0.003841,-0.002056,0.0,-0.001042,-7e-06,0.0,-0.001633,0.0,-0.00092,-0.000787,0.0,-0.000587,-0.002378,0.0,-0.003777,-0.001422,0.0,-0.00199,0.0,-0.000715,-0.00137,-0.001632,-0.002888,-0.001445,0.0,0.0,-0.001836,-0.001302,-0.001367,0.0,0.0,-0.000434,0.0,0.0,-0.001538,-0.002175,-0.003541,-0.00238,0.0,-0.00075,-0.00353,-0.001314,-0.00299,0.0,-0.000991,-0.001214,0.0,0.0,-0.001148,-0.000856,0.0,-0.000116,0.0,-0.002032,0.0,-0.001946,0.0,-0.001508,-0.003507,-0.000331,-0.000235,-0.003808,0.0,0.0,0.0,-0.0004,-0.001793,-0.001759,0.0,-0.000575,-0.001517,-0.003852,-0.003843,0.0,-0.003262,0.0,-0.002948,-0.001785,0.0,-0.001611,-0.004666,-0.002232,-0.002461,-0.002751,-0.003896,-0.001444,-0.000919,-0.001012,0.0,-0.001083,-0.002155,-0.002161,-0.002565
2017-05-27 08:46:00+02:00,0.0,0.0,-0.000691,-0.002659,-0.00083,0.0,-0.001649,-0.002072,-0.002613,-9.8e-05,0.0,0.0,-0.00183,-0.001271,-0.000391,-0.003423,-0.000138,0.0,0.0,-0.004032,0.0,-0.004027,-0.002566,0.0,-0.003463,-0.003923,-0.002067,0.0,-0.001081,-7e-06,0.0,-0.001637,0.0,-0.00093,-0.0008,0.0,-0.000576,-0.002393,0.0,-0.003766,-0.001436,0.0,-0.002011,0.0,-0.000719,-0.001418,-0.001685,-0.002922,-0.001439,0.0,0.0,-0.00187,-0.001347,-0.001385,0.0,0.0,-0.000443,0.0,0.0,-0.001544,-0.002209,-0.003527,-0.002449,0.0,-0.000761,-0.003611,-0.00132,-0.003026,0.0,-0.000998,-0.001232,-1e-06,0.0,-0.001178,-0.000871,0.0,-0.000144,0.0,-0.002043,0.0,-0.002003,0.0,-0.00156,-0.003497,-0.000332,-0.000242,-0.003803,0.0,0.0,0.0,-0.000403,-0.001847,-0.001773,0.0,-0.000603,-0.001506,-0.003943,-0.003931,0.0,-0.003249,0.0,-0.003022,-0.001805,0.0,-0.001624,-0.004657,-0.002244,-0.002453,-0.002825,-0.003979,-0.001459,-0.000956,-0.001027,0.0,-0.001087,-0.002176,-0.002227,-0.002572
2017-05-27 08:47:00+02:00,0.0,0.0,-0.000691,-0.002705,-0.000826,0.0,-0.001651,-0.002079,-0.002621,-0.000106,0.0,0.0,-0.00185,-0.001288,-0.000397,-0.003473,-0.000134,0.0,0.0,-0.004064,0.0,-0.004059,-0.002572,0.0,-0.003471,-0.003978,-0.002071,0.0,-0.001106,-5e-06,0.0,-0.00165,0.0,-0.000943,-0.000815,0.0,-0.000565,-0.002401,0.0,-0.00376,-0.001446,0.0,-0.002023,0.0,-0.000713,-0.001448,-0.001718,-0.002946,-0.001437,0.0,0.0,-0.001898,-0.001382,-0.001405,0.0,0.0,-0.000443,0.0,0.0,-0.001543,-0.002237,-0.00352,-0.002493,0.0,-0.000764,-0.003663,-0.001319,-0.003052,0.0,-0.001,-0.001246,-1e-06,0.0,-0.001206,-0.000888,0.0,-0.000156,0.0,-0.002046,0.0,-0.002043,0.0,-0.001592,-0.003494,-0.000324,-0.000239,-0.003803,0.0,0.0,0.0,-0.000401,-0.001888,-0.001792,0.0,-0.000626,-0.001498,-0.004008,-0.003992,0.0,-0.003249,0.0,-0.003068,-0.001818,0.0,-0.001633,-0.004657,-0.002261,-0.002452,-0.002872,-0.004035,-0.001469,-0.000979,-0.001035,0.0,-0.001083,-0.002188,-0.002269,-0.002583
2017-05-27 08:48:00+02:00,0.0,0.0,-0.00071,-0.002764,-0.00083,0.0,-0.00166,-0.002093,-0.002616,-0.000121,0.0,0.0,-0.001858,-0.0013,-0.000401,-0.003536,-0.000147,0.0,0.0,-0.004118,0.0,-0.004112,-0.002587,0.0,-0.003461,-0.004044,-0.002083,0.0,-0.001139,-1e-05,0.0,-0.001653,0.0,-0.000951,-0.000826,0.0,-0.000551,-0.002418,0.0,-0.00374,-0.001461,0.0,-0.002059,0.0,-0.000717,-0.001488,-0.001761,-0.00299,-0.001429,0.0,0.0,-0.001938,-0.001422,-0.001418,0.0,0.0,-0.00046,0.0,0.0,-0.001549,-0.002279,-0.0035,-0.002548,0.0,-0.000784,-0.003728,-0.001325,-0.003097,0.0,-0.001007,-0.001274,-3e-06,0.0,-0.00124,-0.0009,0.0,-0.000178,0.0,-0.002057,0.0,-0.002091,0.0,-0.001636,-0.003477,-0.000324,-0.000252,-0.003786,0.0,0.0,0.0,-0.000405,-0.001935,-0.0018,0.0,-0.000651,-0.001483,-0.004084,-0.004065,0.0,-0.003232,0.0,-0.003127,-0.001851,0.0,-0.001647,-0.004632,-0.002265,-0.002439,-0.002931,-0.004102,-0.001484,-0.00101,-0.001058,0.0,-0.001087,-0.002225,-0.002321,-0.002583
2017-05-27 08:49:00+02:00,0.0,0.0,-0.000725,-0.002825,-0.000841,0.0,-0.001675,-0.002112,-0.002629,-0.000138,0.0,0.0,-0.00188,-0.00132,-0.00041,-0.003601,-0.000158,0.0,0.0,-0.004164,0.0,-0.004157,-0.002608,0.0,-0.003474,-0.004112,-0.002102,0.0,-0.001174,-1.4e-05,0.0,-0.001667,0.0,-0.000966,-0.000843,0.0,-0.000554,-0.002441,0.0,-0.003749,-0.00148,0.0,-0.002088,0.0,-0.000727,-0.001531,-0.001807,-0.003028,-0.001436,0.0,0.0,-0.001973,-0.001464,-0.001439,0.0,0.0,-0.000474,0.0,0.0,-0.001563,-0.002316,-0.003507,-0.002606,0.0,-0.000801,-0.003794,-0.001338,-0.003136,0.0,-0.00102,-0.001298,-8e-06,0.0,-0.001271,-0.000919,0.0,-0.000203,0.0,-0.002076,0.0,-0.00214,0.0,-0.001681,-0.003487,-0.000332,-0.000264,-0.003796,0.0,0.0,0.0,-0.000412,-0.001983,-0.001822,0.0,-0.000677,-0.001487,-0.004163,-0.00414,0.0,-0.003239,0.0,-0.003189,-0.001879,0.0,-0.001666,-0.004637,-0.002284,-0.002449,-0.002994,-0.004172,-0.001503,-0.001043,-0.001078,0.0,-0.001099,-0.002256,-0.002376,-0.0026
2017-05-27 08:50:00+02:00,0.0,0.0,-0.000726,-0.002859,-0.000843,0.0,-0.001682,-0.002124,-0.002633,-0.000142,0.0,0.0,-0.001895,-0.001337,-0.000416,-0.003638,-0.000156,0.0,0.0,-0.004196,0.0,-0.004188,-0.002619,0.0,-0.003475,-0.004151,-0.002112,0.0,-0.001192,-1.1e-05,0.0,-0.001676,0.0,-0.000978,-0.000858,0.0,-0.000545,-0.002455,0.0,-0.003746,-0.001493,0.0,-0.002104,0.0,-0.000728,-0.001551,-0.00183,-0.003054,-0.001434,0.0,0.0,-0.002002,-0.001493,-0.001456,0.0,0.0,-0.000474,0.0,0.0,-0.001568,-0.002345,-0.003502,-0.002638,0.0,-0.000804,-0.003833,-0.001343,-0.003164,0.0,-0.001026,-0.001314,-7e-06,0.0,-0.001298,-0.000934,0.0,-0.000208,0.0,-0.002086,0.0,-0.002173,0.0,-0.001703,-0.003485,-0.000331,-0.000261,-0.003795,0.0,0.0,0.0,-0.000414,-0.002016,-0.001837,0.0,-0.000697,-0.001479,-0.004213,-0.004185,0.0,-0.003235,0.0,-0.003224,-0.001896,0.0,-0.001678,-0.00463,-0.002297,-0.002447,-0.00303,-0.004212,-0.001517,-0.001059,-0.001088,0.0,-0.001101,-0.002272,-0.002405,-0.00261
2017-05-27 08:51:00+02:00,0.0,0.0,-0.000738,-0.002898,-0.000842,0.0,-0.001686,-0.002132,-0.002676,-0.000152,0.0,0.0,-0.001938,-0.001372,-0.00043,-0.003678,-0.000163,0.0,0.0,-0.004237,0.0,-0.004228,-0.002625,0.0,-0.003529,-0.004193,-0.002118,0.0,-0.001214,-1.3e-05,0.0,-0.001712,0.0,-0.001005,-0.000884,0.0,-0.000565,-0.002463,0.0,-0.003795,-0.001503,0.0,-0.002129,0.0,-0.000727,-0.001576,-0.001858,-0.003089,-0.001462,0.0,0.0,-0.002036,-0.001524,-0.001494,0.0,0.0,-0.000485,0.0,0.0,-0.001569,-0.00238,-0.003547,-0.002673,0.0,-0.000817,-0.003874,-0.001345,-0.003201,0.0,-0.00103,-0.001336,-8e-06,0.0,-0.001328,-0.000963,0.0,-0.000223,0.0,-0.00209,0.0,-0.002208,0.0,-0.00173,-0.003533,-0.000327,-0.000269,-0.003846,0.0,0.0,0.0,-0.000415,-0.002052,-0.001878,0.0,-0.000717,-0.001506,-0.004265,-0.004235,0.0,-0.00328,0.0,-0.003262,-0.001921,0.0,-0.001687,-0.004687,-0.002343,-0.002487,-0.00307,-0.004255,-0.001528,-0.00108,-0.001105,0.0,-0.0011,-0.002298,-0.002438,-0.002657
2017-05-27 08:52:00+02:00,0.0,0.0,-0.000738,-0.002927,-0.000839,0.0,-0.001689,-0.00214,-0.002726,-0.000156,0.0,0.0,-0.001989,-0.001413,-0.000447,-0.003709,-0.000158,0.0,0.0,-0.004254,0.0,-0.004244,-0.002633,0.0,-0.003592,-0.004225,-0.002124,0.0,-0.001229,-1e-05,0.0,-0.001753,0.0,-0.001036,-0.000916,0.0,-0.000588,-0.002473,0.0,-0.003856,-0.001513,0.0,-0.002139,0.0,-0.000723,-0.001592,-0.001877,-0.003106,-0.001493,0.0,0.0,-0.002058,-0.001552,-0.001539,0.0,0.0,-0.000483,0.0,0.0,-0.001569,-0.002401,-0.003603,-0.002699,0.0,-0.000818,-0.003905,-0.001346,-0.003218,0.0,-0.001034,-0.001348,-7e-06,0.0,-0.001351,-0.000997,0.0,-0.000228,0.0,-0.002095,0.0,-0.002237,0.0,-0.001748,-0.003593,-0.000321,-0.000265,-0.003908,0.0,0.0,0.0,-0.000414,-0.002082,-0.001927,0.0,-0.000737,-0.001539,-0.004308,-0.004274,0.0,-0.003336,0.0,-0.003291,-0.001932,0.0,-0.001696,-0.00476,-0.002396,-0.002536,-0.0031,-0.004289,-0.001539,-0.001093,-0.001112,0.0,-0.001098,-0.002309,-0.002461,-0.002711
2017-05-27 08:53:00+02:00,0.0,0.0,-0.00073,-0.002936,-0.000801,0.0,-0.001655,-0.002103,-0.002761,-0.000148,0.0,0.0,-0.002031,-0.001449,-0.000461,-0.003718,-0.000145,0.0,0.0,-0.004269,0.0,-0.004258,-0.002587,0.0,-0.003637,-0.004237,-0.002089,0.0,-0.001229,-8e-06,0.0,-0.001785,0.0,-0.001063,-0.000944,0.0,-0.000597,-0.002437,0.0,-0.003901,-0.001495,0.0,-0.002143,0.0,-0.000685,-0.00159,-0.001879,-0.003119,-0.001512,0.0,0.0,-0.002079,-0.00157,-0.001579,0.0,0.0,-0.000474,0.0,0.0,-0.001533,-0.002419,-0.003643,-0.002706,0.0,-0.000812,-0.003915,-0.001314,-0.003231,0.0,-0.00101,-0.001356,-5e-06,0.0,-0.001373,-0.001028,0.0,-0.000217,0.0,-0.002058,0.0,-0.002252,0.0,-0.001748,-0.003635,-0.000282,-0.000253,-0.003952,0.0,0.0,0.0,-0.000392,-0.0021,-0.001968,0.0,-0.000752,-0.001556,-0.00433,-0.004293,0.0,-0.003375,0.0,-0.003299,-0.001937,0.0,-0.001673,-0.004815,-0.00244,-0.002569,-0.003111,-0.004302,-0.001518,-0.001092,-0.001115,0.0,-0.001059,-0.002313,-0.002466,-0.002754
2017-05-27 08:54:00+02:00,0.0,0.0,-0.00073,-0.002962,-0.00078,0.0,-0.001638,-0.002083,-0.002799,-0.000148,0.0,0.0,-0.002075,-0.001486,-0.000477,-0.003749,-0.000141,0.0,0.0,-0.004294,0.0,-0.004282,-0.002563,0.0,-0.003687,-0.004271,-0.002072,0.0,-0.001239,-7e-06,0.0,-0.001819,0.0,-0.001091,-0.000974,0.0,-0.00061,-0.002421,0.0,-0.00395,-0.001489,0.0,-0.002155,0.0,-0.000663,-0.001601,-0.001893,-0.003138,-0.001535,0.0,0.0,-0.002104,-0.001597,-0.001619,0.0,0.0,-0.000473,0.0,0.0,-0.001514,-0.002443,-0.003687,-0.002729,0.0,-0.000814,-0.003946,-0.001297,-0.003251,0.0,-0.000999,-0.001369,-4e-06,0.0,-0.0014,-0.00106,0.0,-0.000217,0.0,-0.00204,0.0,-0.002279,0.0,-0.001761,-0.003682,-0.000258,-0.000249,-0.003998,0.0,0.0,0.0,-0.000379,-0.00213,-0.00201,0.0,-0.000773,-0.001579,-0.004374,-0.004334,0.0,-0.003418,0.0,-0.003326,-0.001948,0.0,-0.001663,-0.004873,-0.002484,-0.002607,-0.003139,-0.004338,-0.00151,-0.001101,-0.001123,0.0,-0.001038,-0.002326,-0.002486,-0.002797
2017-05-27 08:55:00+02:00,0.0,0.0,-0.000723,-0.002989,-0.000763,0.0,-0.001626,-0.002071,-0.002831,-0.000147,0.0,0.0,-0.002116,-0.001521,-0.00049,-0.003781,-0.00013,0.0,0.0,-0.004313,0.0,-0.0043,-0.002549,0.0,-0.003729,-0.004307,-0.002061,0.0,-0.001249,-5e-06,0.0,-0.001849,0.0,-0.001116,-0.001002,0.0,-0.000617,-0.002413,0.0,-0.00399,-0.001488,0.0,-0.00216,0.0,-0.000645,-0.001612,-0.001907,-0.003152,-0.001552,0.0,0.0,-0.002126,-0.001626,-0.001658,0.0,0.0,-0.000465,0.0,0.0,-0.001501,-0.002463,-0.003724,-0.002752,0.0,-0.000808,-0.003981,-0.001285,-0.003266,0.0,-0.000992,-0.001378,-3e-06,0.0,-0.001424,-0.001091,0.0,-0.000215,0.0,-0.002028,0.0,-0.002307,0.0,-0.001774,-0.003721,-0.000237,-0.000238,-0.004037,0.0,0.0,0.0,-0.000369,-0.002162,-0.002049,0.0,-0.000793,-0.001594,-0.004422,-0.004379,0.0,-0.003454,0.0,-0.003354,-0.001954,0.0,-0.00166,-0.004923,-0.002525,-0.002637,-0.003168,-0.004377,-0.001507,-0.00111,-0.001126,0.0,-0.001022,-0.002332,-0.002506,-0.002837
2017-05-27 08:56:00+02:00,0.0,0.0,-0.000718,-0.003004,-0.000738,0.0,-0.001607,-0.002053,-0.002853,-0.000137,0.0,0.0,-0.002151,-0.001552,-0.000501,-0.003802,-0.00012,0.0,0.0,-0.004336,0.0,-0.004322,-0.002529,0.0,-0.003759,-0.004333,-0.002044,0.0,-0.00125,-4e-06,0.0,-0.001872,0.0,-0.001138,-0.001027,0.0,-0.000615,-0.002399,0.0,-0.004019,-0.001482,0.0,-0.002167,0.0,-0.00062,-0.001611,-0.00191,-0.003168,-0.001561,0.0,0.0,-0.002149,-0.001649,-0.001692,0.0,0.0,-0.000458,0.0,0.0,-0.00148,-0.002485,-0.003748,-0.002763,0.0,-0.000804,-0.004004,-0.001266,-0.003283,0.0,-0.000979,-0.001387,-3e-06,0.0,-0.001449,-0.001118,0.0,-0.000201,0.0,-0.00201,0.0,-0.002328,0.0,-0.001775,-0.003749,-0.000209,-0.000229,-0.004065,0.0,0.0,0.0,-0.000355,-0.002187,-0.002083,0.0,-0.000811,-0.0016,-0.004457,-0.004412,0.0,-0.003478,0.0,-0.003371,-0.001961,0.0,-0.00165,-0.004961,-0.002559,-0.002657,-0.003186,-0.004404,-0.0015,-0.001109,-0.00113,0.0,-0.000998,-0.00234,-0.002514,-0.002868
2017-05-27 08:57:00+02:00,0.0,0.0,-0.000721,-0.003035,-0.000743,0.0,-0.001615,-0.002063,-0.00289,-0.00014,0.0,0.0,-0.002196,-0.00159,-0.000517,-0.003839,-0.000119,0.0,0.0,-0.004369,0.0,-0.004353,-0.00254,0.0,-0.003807,-0.004374,-0.002054,0.0,-0.001264,-3e-06,0.0,-0.001906,0.0,-0.001166,-0.001057,0.0,-0.00063,-0.002415,0.0,-0.004068,-0.001496,0.0,-0.002183,0.0,-0.000623,-0.001628,-0.001929,-0.003193,-0.001584,0.0,0.0,-0.002178,-0.001679,-0.001733,0.0,0.0,-0.000461,0.0,0.0,-0.001489,-0.002513,-0.003793,-0.002791,0.0,-0.000809,-0.004042,-0.001273,-0.003308,0.0,-0.000987,-0.001403,-2e-06,0.0,-0.001478,-0.001151,0.0,-0.000206,0.0,-0.002023,0.0,-0.00236,0.0,-0.001794,-0.003795,-0.000209,-0.000229,-0.004112,0.0,0.0,0.0,-0.000358,-0.00222,-0.002126,0.0,-0.000833,-0.001624,-0.004509,-0.004461,0.0,-0.003522,0.0,-0.003404,-0.001976,0.0,-0.001663,-0.005021,-0.002605,-0.002694,-0.00322,-0.004447,-0.001513,-0.001122,-0.00114,0.0,-0.001004,-0.002357,-0.002539,-0.002914
2017-05-27 08:58:00+02:00,0.0,0.0,-0.00071,-0.003052,-0.000734,0.0,-0.001613,-0.002062,-0.00292,-0.000134,0.0,0.0,-0.002236,-0.001625,-0.00053,-0.003861,-0.000103,0.0,0.0,-0.004373,0.0,-0.004356,-0.00254,0.0,-0.003847,-0.0044,-0.002054,0.0,-0.001268,-3e-06,0.0,-0.001935,0.0,-0.001191,-0.001084,0.0,-0.000635,-0.00242,0.0,-0.004108,-0.001503,0.0,-0.002181,0.0,-0.000614,-0.001631,-0.001935,-0.003197,-0.001599,0.0,0.0,-0.002193,-0.001703,-0.001772,0.0,0.0,-0.000448,0.0,0.0,-0.001485,-0.002524,-0.003827,-0.002804,0.0,-0.000799,-0.004066,-0.001268,-0.003313,0.0,-0.000986,-0.001406,-2e-06,0.0,-0.001497,-0.001181,0.0,-0.000197,0.0,-0.002023,0.0,-0.002382,0.0,-0.001798,-0.003832,-0.000196,-0.000214,-0.004151,0.0,0.0,0.0,-0.000353,-0.002246,-0.002165,0.0,-0.000851,-0.001637,-0.004546,-0.004495,0.0,-0.003556,0.0,-0.003421,-0.001976,0.0,-0.001667,-0.005071,-0.002646,-0.002723,-0.00324,-0.004475,-0.001518,-0.001125,-0.001139,0.0,-0.000996,-0.002356,-0.00255,-0.002953
2017-05-27 08:59:00+02:00,0.0,0.0,-0.000713,-0.003075,-0.000732,0.0,-0.001616,-0.002069,-0.002968,-0.000133,0.0,0.0,-0.002291,-0.00167,-0.000549,-0.00389,-0.000101,0.0,0.0,-0.004413,0.0,-0.004394,-0.002548,0.0,-0.003911,-0.004434,-0.00206,0.0,-0.001277,-2e-06,0.0,-0.001977,0.0,-0.001225,-0.00112,0.0,-0.000657,-0.002432,0.0,-0.004175,-0.001514,0.0,-0.002197,0.0,-0.000611,-0.00164,-0.001947,-0.003224,-0.00163,0.0,0.0,-0.002224,-0.00173,-0.001822,0.0,0.0,-0.00045,0.0,0.0,-0.001488,-0.002555,-0.003889,-0.002824,0.0,-0.000803,-0.004098,-0.00127,-0.003342,0.0,-0.000989,-0.001422,-1e-06,0.0,-0.001528,-0.001221,0.0,-0.000194,0.0,-0.002031,0.0,-0.002408,0.0,-0.001809,-0.003897,-0.000189,-0.000212,-0.004215,0.0,0.0,0.0,-0.000351,-0.002276,-0.002218,0.0,-0.000871,-0.001669,-0.00459,-0.004536,0.0,-0.003615,0.0,-0.003446,-0.001992,0.0,-0.001677,-0.005153,-0.002703,-0.002774,-0.003267,-0.004511,-0.001528,-0.001132,-0.001149,0.0,-0.000995,-0.002374,-0.002567,-0.00301
2017-05-27 09:00:00+02:00,0.0,0.0,-0.000716,-0.003098,-0.00073,0.0,-0.001621,-0.002078,-0.002999,-0.000131,0.0,0.0,-0.002332,-0.001706,-0.000563,-0.003918,-9.9e-05,0.0,0.0,-0.004451,0.0,-0.004429,-0.002557,0.0,-0.003949,-0.004466,-0.002068,0.0,-0.001286,-2e-06,0.0,-0.002006,0.0,-0.00125,-0.001148,0.0,-0.000666,-0.002446,0.0,-0.004216,-0.001525,0.0,-0.002213,0.0,-0.000608,-0.001649,-0.001959,-0.003252,-0.001648,0.0,0.0,-0.002255,-0.001756,-0.001861,0.0,0.0,-0.000451,0.0,0.0,-0.001492,-0.002585,-0.003926,-0.002844,0.0,-0.000808,-0.004127,-0.001273,-0.003371,0.0,-0.000994,-0.001438,-1e-06,0.0,-0.001558,-0.001251,0.0,-0.000192,0.0,-0.00204,0.0,-0.002435,0.0,-0.00182,-0.003936,-0.000183,-0.000211,-0.004256,0.0,0.0,0.0,-0.000351,-0.002305,-0.002257,0.0,-0.000891,-0.001685,-0.004633,-0.004576,0.0,-0.003649,0.0,-0.00347,-0.002007,0.0,-0.001688,-0.005203,-0.002745,-0.002804,-0.003293,-0.004545,-0.00154,-0.00114,-0.00116,0.0,-0.000995,-0.002391,-0.002584,-0.003051
2017-05-27 09:01:00+02:00,0.0,0.0,-0.000716,-0.003123,-0.000727,0.0,-0.001623,-0.002083,-0.003037,-0.000132,0.0,0.0,-0.002379,-0.001746,-0.000578,-0.003945,-9.5e-05,0.0,0.0,-0.004471,0.0,-0.004447,-0.002563,0.0,-0.003997,-0.004496,-0.002073,0.0,-0.001297,-1e-06,0.0,-0.002041,0.0,-0.001279,-0.00118,0.0,-0.00068,-0.002455,0.0,-0.004272,-0.001535,0.0,-0.002223,0.0,-0.000604,-0.001661,-0.001974,-0.003268,-0.001672,0.0,0.0,-0.002277,-0.001782,-0.001904,0.0,0.0,-0.000451,0.0,0.0,-0.001492,-0.002606,-0.003976,-0.002865,0.0,-0.000809,-0.004156,-0.001273,-0.003388,0.0,-0.000996,-0.001449,-1e-06,0.0,-0.001581,-0.001286,0.0,-0.000193,0.0,-0.002045,0.0,-0.002461,0.0,-0.001834,-0.003989,-0.000176,-0.000208,-0.00431,0.0,0.0,0.0,-0.000349,-0.002334,-0.002303,0.0,-0.00091,-0.001708,-0.004675,-0.004615,0.0,-0.003693,0.0,-0.003495,-0.002017,0.0,-0.001695,-0.005267,-0.002794,-0.002844,-0.00332,-0.004578,-0.001549,-0.00115,-0.001167,0.0,-0.000993,-0.002401,-0.002604,-0.003101
2017-05-27 09:02:00+02:00,0.0,0.0,-0.00071,-0.003144,-0.000719,0.0,-0.001622,-0.002086,-0.003079,-0.000132,0.0,0.0,-0.002431,-0.001789,-0.000595,-0.003971,-8.6e-05,0.0,0.0,-0.004471,0.0,-0.004445,-0.002566,0.0,-0.004052,-0.004525,-0.002074,0.0,-0.001306,-1e-06,0.0,-0.002079,0.0,-0.00131,-0.001214,0.0,-0.000695,-0.002461,0.0,-0.004332,-0.001542,0.0,-0.002223,0.0,-0.000595,-0.001671,-0.001987,-0.00327,-0.001696,0.0,0.0,-0.002289,-0.001807,-0.001951,0.0,0.0,-0.000444,0.0,0.0,-0.00149,-0.002616,-0.00403,-0.002884,0.0,-0.000804,-0.004182,-0.00127,-0.003389,0.0,-0.000996,-0.001454,-1e-06,0.0,-0.001598,-0.001323,0.0,-0.000193,0.0,-0.002046,0.0,-0.002485,0.0,-0.001845,-0.004045,-0.000165,-0.000199,-0.004367,0.0,0.0,0.0,-0.000344,-0.002361,-0.002353,0.0,-0.00093,-0.001732,-0.004714,-0.004652,0.0,-0.003743,0.0,-0.003517,-0.002018,0.0,-0.001701,-0.005338,-0.002847,-0.002887,-0.003344,-0.004609,-0.001556,-0.001157,-0.001168,0.0,-0.000987,-0.002401,-0.002621,-0.003154
2017-05-27 09:03:00+02:00,0.0,0.0,-0.000698,-0.00316,-0.000709,0.0,-0.001619,-0.002089,-0.003095,-0.000125,0.0,0.0,-0.002466,-0.001821,-0.000604,-0.003991,-6.8e-05,0.0,0.0,-0.004462,0.0,-0.004435,-0.002571,0.0,-0.004073,-0.00455,-0.002076,0.0,-0.001309,-1e-06,0.0,-0.002098,0.0,-0.00133,-0.00124,0.0,-0.000684,-0.002469,0.0,-0.004361,-0.001549,0.0,-0.002219,0.0,-0.000584,-0.001673,-0.001992,-0.003265,-0.001699,0.0,0.0,-0.002297,-0.00183,-0.001986,0.0,0.0,-0.00043,0.0,0.0,-0.001486,-0.002619,-0.004054,-0.002897,0.0,-0.000793,-0.004205,-0.001265,-0.003383,0.0,-0.000994,-0.001456,-1e-06,0.0,-0.001611,-0.001352,0.0,-0.000183,0.0,-0.002048,0.0,-0.002506,0.0,-0.001849,-0.004071,-0.00015,-0.000183,-0.004395,0.0,0.0,0.0,-0.000338,-0.002385,-0.002387,0.0,-0.000948,-0.001729,-0.004749,-0.004685,0.0,-0.003761,0.0,-0.003534,-0.002015,0.0,-0.001706,-0.005377,-0.002881,-0.002901,-0.003364,-0.004636,-0.001563,-0.001159,-0.001166,0.0,-0.000979,-0.002398,-0.002632,-0.003186
2017-05-27 09:04:00+02:00,0.0,0.0,-0.000683,-0.003175,-0.000695,0.0,-0.001614,-0.002089,-0.003082,-0.000117,0.0,0.0,-0.002469,-0.00183,-0.000604,-0.004011,-5.5e-05,0.0,0.0,-0.004459,0.0,-0.004429,-0.002572,0.0,-0.004058,-0.004574,-0.002073,0.0,-0.00131,-1e-06,0.0,-0.002096,0.0,-0.001335,-0.001251,0.0,-0.000649,-0.002473,0.0,-0.00434,-0.001554,0.0,-0.002214,0.0,-0.00057,-0.001673,-0.001995,-0.003262,-0.001677,0.0,0.0,-0.002306,-0.001853,-0.001995,0.0,0.0,-0.000414,0.0,0.0,-0.001479,-0.002624,-0.004032,-0.002909,0.0,-0.00078,-0.004226,-0.001257,-0.003379,0.0,-0.00099,-0.001457,-0.0,0.0,-0.001627,-0.001364,0.0,-0.000171,0.0,-0.002046,0.0,-0.002525,0.0,-0.001851,-0.004051,-0.000131,-0.000165,-0.004366,0.0,0.0,0.0,-0.000329,-0.002409,-0.00239,0.0,-0.000967,-0.001697,-0.004784,-0.004717,0.0,-0.003741,0.0,-0.00355,-0.002011,0.0,-0.001709,-0.005347,-0.002878,-0.002878,-0.003381,-0.004663,-0.001568,-0.001158,-0.001162,0.0,-0.000967,-0.002394,-0.002641,-0.003177
2017-05-27 09:05:00+02:00,0.0,0.0,-0.0007,-0.003216,-0.000717,0.0,-0.001638,-0.002118,-0.0031,-0.000128,0.0,0.0,-0.002487,-0.001852,-0.000615,-0.004058,-6.4e-05,0.0,0.0,-0.00451,0.0,-0.004477,-0.002609,0.0,-0.004083,-0.004627,-0.002101,0.0,-0.001332,-1e-06,0.0,-0.002116,0.0,-0.001355,-0.001272,0.0,-0.000649,-0.002513,0.0,-0.004351,-0.001581,0.0,-0.002246,0.0,-0.00059,-0.001701,-0.00202,-0.003297,-0.001683,0.0,0.0,-0.002343,-0.001888,-0.002018,0.0,0.0,-0.000429,0.0,0.0,-0.001508,-0.002661,-0.004041,-0.002947,0.0,-0.000798,-0.004275,-0.001279,-0.003415,0.0,-0.00101,-0.001482,-0.0,0.0,-0.001662,-0.001387,0.0,-0.000188,0.0,-0.00208,0.0,-0.002561,0.0,-0.00188,-0.004061,-0.000148,-0.000176,-0.004366,0.0,0.0,0.0,-0.000343,-0.002448,-0.002409,0.0,-0.000994,-0.001701,-0.004847,-0.004777,0.0,-0.00376,0.0,-0.003593,-0.002037,0.0,-0.001736,-0.005353,-0.002894,-0.002891,-0.003427,-0.004718,-0.001595,-0.001179,-0.001182,0.0,-0.000991,-0.002427,-0.002677,-0.003189
2017-05-27 09:06:00+02:00,0.0,0.0,-0.000689,-0.003233,-0.000687,0.0,-0.001615,-0.002106,-0.003095,-0.000121,0.0,0.0,-0.002491,-0.001861,-0.000616,-0.004082,-5.1e-05,0.0,0.0,-0.004533,0.0,-0.004498,-0.002595,0.0,-0.004078,-0.004655,-0.002079,0.0,-0.001334,-0.0,0.0,-0.00212,0.0,-0.001363,-0.001284,0.0,-0.00062,-0.002492,0.0,-0.004332,-0.001567,0.0,-0.00225,0.0,-0.00056,-0.001704,-0.002024,-0.00331,-0.001666,0.0,0.0,-0.002364,-0.001911,-0.002028,0.0,0.0,-0.000415,0.0,0.0,-0.001482,-0.00268,-0.004019,-0.00296,0.0,-0.000788,-0.004301,-0.001255,-0.003428,0.0,-0.000993,-0.001489,-0.0,0.0,-0.001687,-0.0014,0.0,-0.000177,0.0,-0.002058,0.0,-0.002582,0.0,-0.001884,-0.004042,-0.000118,-0.00016,-0.00434,0.0,0.0,0.0,-0.000325,-0.002473,-0.002413,0.0,-0.001013,-0.001677,-0.004885,-0.004813,0.0,-0.003751,0.0,-0.003612,-0.002041,0.0,-0.001721,-0.005329,-0.002892,-0.002875,-0.003448,-0.004749,-0.001588,-0.00118,-0.001182,0.0,-0.000961,-0.002433,-0.002688,-0.003181
2017-05-27 09:07:00+02:00,0.0,0.0,-0.000694,-0.003261,-0.000626,0.0,-0.001555,-0.002047,-0.003117,-0.000118,0.0,0.0,-0.002523,-0.001892,-0.000628,-0.004116,-4.7e-05,0.0,0.0,-0.004586,0.0,-0.004548,-0.002524,0.0,-0.004111,-0.004694,-0.002014,0.0,-0.001343,-0.0,0.0,-0.002144,0.0,-0.001386,-0.001311,0.0,-0.000615,-0.00242,0.0,-0.004363,-0.00152,0.0,-0.002271,0.0,-0.0005,-0.001715,-0.002037,-0.00334,-0.001673,0.0,0.0,-0.002398,-0.00194,-0.002061,0.0,0.0,-0.000418,0.0,0.0,-0.001419,-0.002714,-0.004045,-0.002985,0.0,-0.000794,-0.004336,-0.0012,-0.003461,0.0,-0.000949,-0.001506,-0.0,0.0,-0.001723,-0.001429,0.0,-0.000173,0.0,-0.00199,0.0,-0.002609,0.0,-0.001898,-0.004069,-9.5e-05,-0.000159,-0.00436,0.0,0.0,0.0,-0.000287,-0.002503,-0.002445,0.0,-0.001037,-0.001682,-0.004932,-0.004859,0.0,-0.003779,0.0,-0.003642,-0.002059,0.0,-0.00167,-0.005363,-0.002922,-0.002895,-0.003479,-0.00479,-0.001547,-0.001187,-0.001194,0.0,-0.000898,-0.002457,-0.00271,-0.003208
2017-05-27 09:08:00+02:00,0.0,0.0,-0.000688,-0.003295,-0.0006,0.0,-0.001534,-0.002033,-0.003126,-0.00012,0.0,0.0,-0.002537,-0.001908,-0.000635,-0.004156,-3.7e-05,0.0,0.0,-0.004605,0.0,-0.004564,-0.002509,0.0,-0.004125,-0.004738,-0.001993,0.0,-0.001356,-0.0,0.0,-0.002157,0.0,-0.001402,-0.001329,0.0,-0.000603,-0.002401,0.0,-0.004367,-0.001507,0.0,-0.002276,0.0,-0.000474,-0.001733,-0.002055,-0.003347,-0.00167,0.0,0.0,-0.002414,-0.001971,-0.002079,0.0,0.0,-0.00041,0.0,0.0,-0.001397,-0.002727,-0.004047,-0.003015,0.0,-0.00079,-0.004378,-0.001179,-0.003468,0.0,-0.000934,-0.001513,-0.0,0.0,-0.001745,-0.001448,0.0,-0.000176,0.0,-0.00197,0.0,-0.002639,0.0,-0.001917,-0.004073,-7.6e-05,-0.00015,-0.004351,0.0,0.0,0.0,-0.000272,-0.002536,-0.002458,0.0,-0.001061,-0.001676,-0.004986,-0.00491,0.0,-0.003789,0.0,-0.003678,-0.002062,0.0,-0.001656,-0.00536,-0.002931,-0.002898,-0.003517,-0.004837,-0.00154,-0.001199,-0.001195,0.0,-0.000872,-0.002463,-0.002737,-0.003212
2017-05-27 09:09:00+02:00,0.0,0.0,-0.000669,-0.003318,-0.000575,0.0,-0.001515,-0.00202,-0.003086,-0.000118,0.0,0.0,-0.002499,-0.001884,-0.000625,-0.004184,-3e-05,0.0,0.0,-0.00463,0.0,-0.004586,-0.002493,0.0,-0.004073,-0.004768,-0.001974,0.0,-0.001364,-0.0,0.0,-0.002135,0.0,-0.00139,-0.00132,0.0,-0.000551,-0.002384,0.0,-0.004286,-0.001496,0.0,-0.002272,0.0,-0.000449,-0.001742,-0.002066,-0.003359,-0.001628,0.0,0.0,-0.002435,-0.001997,-0.002053,0.0,0.0,-0.000388,0.0,0.0,-0.001376,-0.002746,-0.003971,-0.003035,0.0,-0.000772,-0.004407,-0.00116,-0.003481,0.0,-0.00092,-0.001515,-0.0,0.0,-0.001769,-0.001436,0.0,-0.000172,0.0,-0.001951,0.0,-0.002664,0.0,-0.001928,-0.003997,-6.1e-05,-0.000125,-0.004255,0.0,0.0,0.0,-0.000257,-0.002563,-0.002419,0.0,-0.001082,-0.001622,-0.005026,-0.004948,0.0,-0.003733,0.0,-0.003703,-0.002061,0.0,-0.001643,-0.00525,-0.00288,-0.002841,-0.003544,-0.004869,-0.001533,-0.001205,-0.001191,0.0,-0.000847,-0.002461,-0.002755,-0.003151
2017-05-27 09:10:00+02:00,0.0,0.0,-0.000667,-0.003342,-0.000575,0.0,-0.00152,-0.002033,-0.003092,-0.00012,0.0,0.0,-0.002501,-0.001893,-0.000631,-0.004212,-2.4e-05,0.0,0.0,-0.004678,0.0,-0.00463,-0.002508,0.0,-0.00408,-0.004799,-0.00198,0.0,-0.001375,-0.0,0.0,-0.002145,0.0,-0.001403,-0.001332,0.0,-0.000542,-0.002396,0.0,-0.004277,-0.001504,0.0,-0.002288,0.0,-0.000448,-0.001756,-0.00208,-0.00339,-0.001625,0.0,0.0,-0.002468,-0.002022,-0.002061,0.0,0.0,-0.000384,0.0,0.0,-0.001381,-0.002779,-0.003962,-0.003057,0.0,-0.000772,-0.004435,-0.001163,-0.003514,0.0,-0.000923,-0.00153,-0.0,0.0,-0.001802,-0.001448,0.0,-0.000176,0.0,-0.001961,0.0,-0.002688,0.0,-0.001943,-0.003989,-4.8e-05,-0.000118,-0.004231,0.0,0.0,0.0,-0.000256,-0.00259,-0.00242,0.0,-0.001103,-0.001615,-0.005067,-0.004986,0.0,-0.003737,0.0,-0.003728,-0.002076,0.0,-0.001651,-0.005224,-0.002877,-0.00284,-0.003572,-0.004902,-0.001545,-0.001215,-0.001199,0.0,-0.000848,-0.002479,-0.002776,-0.003143
2017-05-27 09:11:00+02:00,0.0,0.0,-0.000694,-0.00339,-0.000575,0.0,-0.001523,-0.002037,-0.003174,-0.000134,0.0,0.0,-0.002581,-0.00196,-0.000663,-0.004267,-3.8e-05,0.0,0.0,-0.004753,0.0,-0.004702,-0.002513,0.0,-0.004185,-0.00486,-0.001984,0.0,-0.001403,-0.0,0.0,-0.002213,0.0,-0.001455,-0.001385,0.0,-0.000597,-0.002404,0.0,-0.004393,-0.00151,0.0,-0.002331,0.0,-0.000447,-0.001789,-0.002114,-0.003446,-0.001686,0.0,0.0,-0.002519,-0.002062,-0.002132,0.0,0.0,-0.000409,0.0,0.0,-0.001384,-0.002833,-0.00407,-0.003102,0.0,-0.0008,-0.004492,-0.001165,-0.003572,0.0,-0.000927,-0.001563,-0.0,0.0,-0.001847,-0.001504,0.0,-0.000196,0.0,-0.001967,0.0,-0.002732,0.0,-0.001977,-0.0041,-3.9e-05,-0.000139,-0.004336,0.0,0.0,0.0,-0.000257,-0.002635,-0.002498,0.0,-0.001131,-0.001684,-0.005141,-0.005057,0.0,-0.003838,0.0,-0.003778,-0.002114,0.0,-0.001658,-0.005352,-0.002963,-0.002934,-0.003626,-0.004966,-0.001554,-0.001241,-0.001227,0.0,-0.000848,-0.002524,-0.002819,-0.003234
2017-05-27 09:12:00+02:00,0.0,0.0,-0.000724,-0.003417,-0.000548,0.0,-0.001499,-0.002009,-0.00326,-0.000135,0.0,0.0,-0.002677,-0.002039,-0.000697,-0.004302,-5.9e-05,0.0,0.0,-0.004834,0.0,-0.004779,-0.002478,0.0,-0.004297,-0.004899,-0.001958,0.0,-0.001414,-0.0,0.0,-0.002283,0.0,-0.001511,-0.001444,0.0,-0.000651,-0.002378,0.0,-0.004525,-0.001495,0.0,-0.002379,0.0,-0.000421,-0.001802,-0.002128,-0.003504,-0.001747,0.0,0.0,-0.002573,-0.002092,-0.002218,0.0,0.0,-0.000439,0.0,0.0,-0.001361,-0.002888,-0.004189,-0.003125,0.0,-0.000832,-0.004529,-0.001144,-0.003632,0.0,-0.000911,-0.001599,-0.0,0.0,-0.001895,-0.001569,0.0,-0.000198,0.0,-0.001941,0.0,-0.002762,0.0,-0.001991,-0.00422,-3.1e-05,-0.000164,-0.004468,0.0,0.0,0.0,-0.000241,-0.002668,-0.002593,0.0,-0.001153,-0.001753,-0.005191,-0.005105,0.0,-0.003946,0.0,-0.003808,-0.002156,0.0,-0.00164,-0.005516,-0.003068,-0.003032,-0.003658,-0.005008,-0.001537,-0.001251,-0.001259,0.0,-0.000822,-0.002575,-0.00284,-0.003343
2017-05-27 09:13:00+02:00,0.0,0.0,-0.000721,-0.003416,-0.000513,0.0,-0.001468,-0.001977,-0.003304,-0.000119,0.0,0.0,-0.002733,-0.002088,-0.000715,-0.00431,-4.7e-05,0.0,0.0,-0.004874,0.0,-0.004816,-0.002439,0.0,-0.004355,-0.004912,-0.001925,0.0,-0.001404,-0.0,0.0,-0.002323,0.0,-0.001545,-0.001482,0.0,-0.000665,-0.002342,0.0,-0.004593,-0.001473,0.0,-0.002391,0.0,-0.000386,-0.001787,-0.002118,-0.003531,-0.001774,0.0,0.0,-0.002603,-0.002107,-0.00227,0.0,0.0,-0.000434,0.0,0.0,-0.001328,-0.002918,-0.004249,-0.00312,0.0,-0.00083,-0.004539,-0.001116,-0.00366,0.0,-0.000889,-0.001612,-0.0,0.0,-0.001925,-0.001611,0.0,-0.000175,0.0,-0.001906,0.0,-0.002774,0.0,-0.001978,-0.004282,-2.5e-05,-0.000156,-0.004532,0.0,0.0,0.0,-0.000219,-0.002685,-0.002648,0.0,-0.001166,-0.00178,-0.005213,-0.005125,0.0,-0.004002,0.0,-0.00381,-0.002168,0.0,-0.001615,-0.005598,-0.003126,-0.003081,-0.003662,-0.005024,-0.001516,-0.00124,-0.001265,0.0,-0.000787,-0.002589,-0.002832,-0.003402
2017-05-27 09:14:00+02:00,0.0,0.0,-0.000711,-0.00343,-0.000493,0.0,-0.001454,-0.001966,-0.003347,-0.000111,0.0,0.0,-0.002782,-0.002131,-0.000733,-0.004332,-3.8e-05,0.0,0.0,-0.004904,0.0,-0.004842,-0.002425,0.0,-0.00441,-0.00494,-0.00191,0.0,-0.001405,-0.0,0.0,-0.002361,0.0,-0.001577,-0.001518,0.0,-0.000678,-0.002328,0.0,-0.004656,-0.001466,0.0,-0.002395,0.0,-0.000365,-0.001787,-0.002122,-0.003549,-0.0018,0.0,0.0,-0.002627,-0.00213,-0.002316,0.0,0.0,-0.000421,0.0,0.0,-0.001312,-0.002941,-0.004306,-0.003131,0.0,-0.000821,-0.004564,-0.001101,-0.00368,0.0,-0.000878,-0.00162,-0.0,0.0,-0.001951,-0.00165,0.0,-0.000162,0.0,-0.001891,0.0,-0.002795,0.0,-0.001978,-0.00434,-2e-05,-0.000142,-0.004587,0.0,0.0,0.0,-0.000206,-0.00271,-0.002696,0.0,-0.001184,-0.001805,-0.005251,-0.005161,0.0,-0.004053,0.0,-0.003827,-0.002174,0.0,-0.001606,-0.005666,-0.003177,-0.003125,-0.003681,-0.005054,-0.001511,-0.001239,-0.001267,0.0,-0.000768,-0.002595,-0.002841,-0.003454
2017-05-27 09:15:00+02:00,0.0,0.0,-0.000743,-0.003458,-0.000534,0.0,-0.001497,-0.002012,-0.003429,-0.000118,0.0,0.0,-0.00287,-0.002205,-0.000767,-0.004365,-6.2e-05,0.0,0.0,-0.004976,0.0,-0.004911,-0.00248,0.0,-0.004515,-0.004975,-0.001957,0.0,-0.001419,-0.0,0.0,-0.002429,0.0,-0.001631,-0.001575,0.0,-0.000738,-0.002389,0.0,-0.004781,-0.00151,0.0,-0.00244,0.0,-0.000404,-0.001803,-0.00214,-0.003602,-0.001863,0.0,0.0,-0.002676,-0.002159,-0.002394,0.0,0.0,-0.000454,0.0,0.0,-0.00136,-0.002992,-0.004421,-0.003156,0.0,-0.000855,-0.004598,-0.001141,-0.003735,0.0,-0.000914,-0.001654,-0.0,0.0,-0.001995,-0.001711,0.0,-0.000173,0.0,-0.001946,0.0,-0.002824,0.0,-0.001996,-0.004457,-3.3e-05,-0.00017,-0.004706,0.0,0.0,0.0,-0.000231,-0.002741,-0.002783,0.0,-0.001205,-0.001878,-0.005297,-0.005204,0.0,-0.004157,0.0,-0.003856,-0.002213,0.0,-0.00165,-0.005811,-0.003273,-0.003224,-0.003713,-0.005092,-0.001551,-0.001252,-0.001297,0.0,-0.000813,-0.002642,-0.002865,-0.003554
2017-05-27 09:16:00+02:00,0.0,0.0,-0.000749,-0.003485,-0.000581,0.0,-0.001551,-0.002074,-0.003484,-0.00012,0.0,0.0,-0.002938,-0.002261,-0.000792,-0.0044,-5.9e-05,0.0,0.0,-0.005027,0.0,-0.004959,-0.002557,0.0,-0.004587,-0.005015,-0.00202,0.0,-0.001431,-0.0,0.0,-0.002478,0.0,-0.001672,-0.001619,0.0,-0.000772,-0.002471,0.0,-0.004866,-0.001567,0.0,-0.00246,0.0,-0.000449,-0.001817,-0.002155,-0.003636,-0.001904,0.0,0.0,-0.002712,-0.002188,-0.002455,0.0,0.0,-0.000459,0.0,0.0,-0.001419,-0.003028,-0.004498,-0.003181,0.0,-0.000862,-0.004635,-0.001189,-0.003771,0.0,-0.000956,-0.001672,-0.0,0.0,-0.00203,-0.001759,0.0,-0.000176,0.0,-0.002017,0.0,-0.002854,0.0,-0.002011,-0.004535,-5.3e-05,-0.000172,-0.004785,0.0,0.0,0.0,-0.00026,-0.002773,-0.002847,0.0,-0.001228,-0.001924,-0.005347,-0.005252,0.0,-0.004228,0.0,-0.003886,-0.002233,0.0,-0.001707,-0.005913,-0.003343,-0.00329,-0.003746,-0.005134,-0.001605,-0.001262,-0.00131,0.0,-0.000866,-0.002665,-0.002888,-0.003625
2017-05-27 09:17:00+02:00,0.0,0.0,-0.000769,-0.003517,-0.000636,0.0,-0.001613,-0.002144,-0.003567,-0.000122,0.0,0.0,-0.003038,-0.002346,-0.000829,-0.004442,-6.9e-05,0.0,0.0,-0.005108,0.0,-0.005037,-0.002645,0.0,-0.0047,-0.005063,-0.002089,0.0,-0.001443,-0.0,0.0,-0.002549,0.0,-0.001731,-0.001685,0.0,-0.000829,-0.002563,0.0,-0.005007,-0.001629,0.0,-0.002499,0.0,-0.000501,-0.001833,-0.002172,-0.003687,-0.001967,0.0,0.0,-0.002762,-0.00222,-0.002548,0.0,0.0,-0.000476,0.0,0.0,-0.001487,-0.00308,-0.004625,-0.003209,0.0,-0.000883,-0.00468,-0.001243,-0.003825,0.0,-0.001003,-0.001701,-0.0,0.0,-0.002078,-0.001831,0.0,-0.000179,0.0,-0.002099,0.0,-0.002886,0.0,-0.002028,-0.004664,-8.3e-05,-0.000186,-0.00492,0.0,0.0,0.0,-0.000293,-0.002809,-0.002948,0.0,-0.001253,-0.001998,-0.005405,-0.005308,0.0,-0.004339,0.0,-0.003922,-0.002265,0.0,-0.00177,-0.006089,-0.003454,-0.003393,-0.003784,-0.005185,-0.001664,-0.001273,-0.001333,0.0,-0.000926,-0.002706,-0.002914,-0.003739
2017-05-27 09:18:00+02:00,0.0,0.0,-0.00074,-0.003513,-0.000644,0.0,-0.001631,-0.002167,-0.003613,-9.8e-05,0.0,0.0,-0.003111,-0.002405,-0.00085,-0.004446,-5.5e-05,0.0,0.0,-0.005136,0.0,-0.005061,-0.002677,0.0,-0.004763,-0.005071,-0.002115,0.0,-0.001428,-0.0,0.0,-0.002591,0.0,-0.001768,-0.001731,0.0,-0.000841,-0.002601,0.0,-0.005091,-0.001656,0.0,-0.002487,0.0,-0.000507,-0.001814,-0.002158,-0.003696,-0.001995,0.0,0.0,-0.002782,-0.002233,-0.002615,0.0,0.0,-0.000444,0.0,0.0,-0.001506,-0.003097,-0.004699,-0.003202,0.0,-0.000855,-0.004686,-0.001256,-0.003837,0.0,-0.001016,-0.001697,-0.0,0.0,-0.002104,-0.001883,0.0,-0.000143,0.0,-0.002129,0.0,-0.002892,0.0,-0.002011,-0.004739,-7e-05,-0.000153,-0.005002,0.0,0.0,0.0,-0.000297,-0.002821,-0.003017,0.0,-0.001265,-0.002028,-0.00542,-0.005322,0.0,-0.004401,0.0,-0.003921,-0.002257,0.0,-0.001795,-0.006202,-0.003528,-0.003447,-0.003784,-0.005195,-0.001687,-0.001257,-0.001321,0.0,-0.000939,-0.002698,-0.002905,-0.003813
2017-05-27 09:19:00+02:00,0.0,0.0,-0.000724,-0.003483,-0.000666,0.0,-0.001664,-0.00221,-0.00365,-7.9e-05,0.0,0.0,-0.003173,-0.002456,-0.000868,-0.00442,-4.4e-05,0.0,0.0,-0.005166,0.0,-0.005088,-0.002731,0.0,-0.004814,-0.005047,-0.002155,0.0,-0.001401,-0.0,0.0,-0.002627,0.0,-0.001801,-0.00177,0.0,-0.000851,-0.002657,0.0,-0.005159,-0.001695,0.0,-0.002486,0.0,-0.000527,-0.001778,-0.002127,-0.003709,-0.002018,0.0,0.0,-0.002803,-0.00223,-0.002672,0.0,0.0,-0.000426,0.0,0.0,-0.001539,-0.003117,-0.004758,-0.003171,0.0,-0.00084,-0.004659,-0.001282,-0.003852,0.0,-0.001039,-0.0017,-0.0,0.0,-0.00213,-0.001928,0.0,-0.000115,0.0,-0.002175,0.0,-0.00288,0.0,-0.001975,-0.004799,-7.4e-05,-0.000134,-0.005067,0.0,0.0,0.0,-0.00031,-0.002815,-0.003075,0.0,-0.001267,-0.002051,-0.005402,-0.005304,0.0,-0.004452,0.0,-0.003892,-0.002257,0.0,-0.001834,-0.006292,-0.00359,-0.003491,-0.003758,-0.005174,-0.001724,-0.001229,-0.001318,0.0,-0.000966,-0.002699,-0.002873,-0.003873
2017-05-27 09:20:00+02:00,0.0,0.0,-0.000701,-0.003468,-0.000677,0.0,-0.001686,-0.002243,-0.003662,-6.3e-05,0.0,0.0,-0.003205,-0.002485,-0.000877,-0.004407,-3.5e-05,0.0,0.0,-0.005193,0.0,-0.005112,-0.002772,0.0,-0.004831,-0.005037,-0.002183,0.0,-0.001383,-0.0,0.0,-0.002644,0.0,-0.001819,-0.001795,0.0,-0.000838,-0.002698,0.0,-0.005184,-0.001723,0.0,-0.00248,0.0,-0.000536,-0.001754,-0.002109,-0.00372,-0.00202,0.0,0.0,-0.002823,-0.002233,-0.002704,0.0,0.0,-0.0004,0.0,0.0,-0.00156,-0.003135,-0.004776,-0.003154,0.0,-0.000819,-0.004646,-0.001298,-0.003865,0.0,-0.001054,-0.0017,-0.0,0.0,-0.002155,-0.001955,0.0,-9.2e-05,0.0,-0.002208,0.0,-0.002876,0.0,-0.001952,-0.004818,-7e-05,-0.000107,-0.005086,0.0,0.0,0.0,-0.000316,-0.002816,-0.003105,0.0,-0.001274,-0.002049,-0.005397,-0.005299,0.0,-0.004468,0.0,-0.003878,-0.002253,0.0,-0.001862,-0.006326,-0.003619,-0.003503,-0.003746,-0.005166,-0.001753,-0.00121,-0.001311,0.0,-0.000981,-0.002696,-0.002856,-0.003899
2017-05-27 09:21:00+02:00,0.0,0.0,-0.000671,-0.003454,-0.000672,0.0,-0.001691,-0.002257,-0.003673,-5e-05,0.0,0.0,-0.003235,-0.002511,-0.000884,-0.004397,-2.8e-05,0.0,0.0,-0.005205,0.0,-0.005121,-0.00279,0.0,-0.004845,-0.005031,-0.002193,0.0,-0.001366,-0.0,0.0,-0.002659,0.0,-0.001836,-0.001818,0.0,-0.000825,-0.002716,0.0,-0.005205,-0.001736,0.0,-0.002465,0.0,-0.00053,-0.001731,-0.002091,-0.00372,-0.00202,0.0,0.0,-0.002835,-0.002239,-0.002735,0.0,0.0,-0.000368,0.0,0.0,-0.001564,-0.003144,-0.004792,-0.003139,0.0,-0.000789,-0.004637,-0.001299,-0.003868,0.0,-0.001057,-0.001694,-0.0,0.0,-0.002173,-0.001981,0.0,-7.3e-05,0.0,-0.00222,0.0,-0.002875,0.0,-0.00193,-0.004835,-5.6e-05,-8.6e-05,-0.005102,0.0,0.0,0.0,-0.000312,-0.00282,-0.003133,0.0,-0.001281,-0.002045,-0.005398,-0.005299,0.0,-0.004482,0.0,-0.003866,-0.002242,0.0,-0.001873,-0.006355,-0.003645,-0.003512,-0.003736,-0.005162,-0.001768,-0.001191,-0.001297,0.0,-0.00098,-0.002683,-0.002839,-0.003922
2017-05-27 09:22:00+02:00,0.0,0.0,-0.000649,-0.003457,-0.000673,0.0,-0.001703,-0.002281,-0.003673,-4e-05,0.0,0.0,-0.003252,-0.002527,-0.000888,-0.004406,-2.3e-05,0.0,0.0,-0.005227,0.0,-0.005139,-0.002821,0.0,-0.004845,-0.005045,-0.002212,0.0,-0.00136,-0.0,0.0,-0.002666,0.0,-0.001846,-0.001833,0.0,-0.000801,-0.002746,0.0,-0.005204,-0.001755,0.0,-0.002458,0.0,-0.000529,-0.001723,-0.002087,-0.003728,-0.002011,0.0,0.0,-0.002853,-0.002254,-0.002754,0.0,0.0,-0.000343,0.0,0.0,-0.001574,-0.00316,-0.004788,-0.003139,0.0,-0.000768,-0.004647,-0.001306,-0.003878,0.0,-0.001065,-0.001694,-0.0,0.0,-0.002196,-0.001998,0.0,-5.9e-05,0.0,-0.002242,0.0,-0.002885,0.0,-0.001923,-0.004831,-4.5e-05,-6.8e-05,-0.005097,0.0,0.0,0.0,-0.000312,-0.002836,-0.003147,0.0,-0.001295,-0.00203,-0.00542,-0.00532,0.0,-0.004481,0.0,-0.00387,-0.002238,0.0,-0.001893,-0.006358,-0.003657,-0.003507,-0.003743,-0.005179,-0.00179,-0.001185,-0.00129,0.0,-0.000984,-0.002678,-0.002839,-0.003928
2017-05-27 09:23:00+02:00,0.0,0.0,-0.000652,-0.003475,-0.000679,0.0,-0.001717,-0.002301,-0.003688,-3.2e-05,0.0,0.0,-0.003281,-0.002554,-0.000899,-0.004431,-1.8e-05,0.0,0.0,-0.00528,0.0,-0.005189,-0.002848,0.0,-0.004867,-0.005075,-0.002231,0.0,-0.001367,-0.0,0.0,-0.002685,0.0,-0.001866,-0.001857,0.0,-0.000798,-0.002777,0.0,-0.005226,-0.001775,0.0,-0.002478,0.0,-0.000534,-0.001733,-0.002095,-0.003759,-0.002016,0.0,0.0,-0.002888,-0.002277,-0.002785,0.0,0.0,-0.000343,0.0,0.0,-0.001589,-0.003195,-0.004806,-0.003156,0.0,-0.000772,-0.004673,-0.001316,-0.003911,0.0,-0.001075,-0.001711,-0.0,0.0,-0.002232,-0.002025,0.0,-4.7e-05,0.0,-0.002266,0.0,-0.002906,0.0,-0.001934,-0.004849,-4.2e-05,-6.2e-05,-0.005111,0.0,0.0,0.0,-0.000315,-0.00286,-0.003174,0.0,-0.001315,-0.002034,-0.005459,-0.005357,0.0,-0.004503,0.0,-0.003891,-0.002255,0.0,-0.001913,-0.006388,-0.003683,-0.003523,-0.003766,-0.005212,-0.00181,-0.001191,-0.0013,0.0,-0.000994,-0.002701,-0.002855,-0.00395
2017-05-27 09:24:00+02:00,0.0,0.0,-0.000667,-0.003501,-0.000685,0.0,-0.001731,-0.002321,-0.0037,-3e-05,0.0,0.0,-0.003306,-0.002578,-0.000908,-0.004463,-1.5e-05,0.0,0.0,-0.005335,0.0,-0.00524,-0.002874,0.0,-0.004884,-0.005112,-0.00225,0.0,-0.00138,-0.0,0.0,-0.0027,0.0,-0.001884,-0.001879,0.0,-0.000792,-0.002806,0.0,-0.005243,-0.001794,0.0,-0.002507,0.0,-0.000538,-0.00175,-0.00211,-0.003793,-0.002019,0.0,0.0,-0.002924,-0.002303,-0.002811,0.0,0.0,-0.000356,0.0,0.0,-0.001603,-0.00323,-0.004819,-0.00318,0.0,-0.000789,-0.004707,-0.001325,-0.003946,0.0,-0.001084,-0.001733,-0.0,0.0,-0.002269,-0.002049,0.0,-4.3e-05,0.0,-0.002288,0.0,-0.002931,0.0,-0.001952,-0.004863,-3.9e-05,-6.8e-05,-0.00512,0.0,0.0,0.0,-0.000318,-0.002888,-0.003198,0.0,-0.001337,-0.002035,-0.005505,-0.005402,0.0,-0.004519,0.0,-0.003919,-0.002278,0.0,-0.001932,-0.006409,-0.003704,-0.003535,-0.003797,-0.005252,-0.001829,-0.001203,-0.001319,0.0,-0.001002,-0.002733,-0.002879,-0.003967
2017-05-27 09:25:00+02:00,0.0,0.0,-0.00067,-0.003512,-0.000684,0.0,-0.001739,-0.002335,-0.003711,-2.4e-05,0.0,0.0,-0.003332,-0.002604,-0.000916,-0.00448,-1.2e-05,0.0,0.0,-0.005371,0.0,-0.005272,-0.002894,0.0,-0.0049,-0.005134,-0.002263,0.0,-0.001382,-0.0,0.0,-0.002716,0.0,-0.001901,-0.001901,0.0,-0.000782,-0.002829,0.0,-0.005262,-0.00181,0.0,-0.002521,0.0,-0.000537,-0.001753,-0.002113,-0.003812,-0.00202,0.0,0.0,-0.00295,-0.002321,-0.002839,0.0,0.0,-0.000357,0.0,0.0,-0.001611,-0.003255,-0.004834,-0.00319,0.0,-0.000792,-0.004725,-0.001329,-0.003967,0.0,-0.001089,-0.001746,-0.0,0.0,-0.002297,-0.002074,0.0,-3.4e-05,0.0,-0.002304,0.0,-0.002945,0.0,-0.001955,-0.004878,-3.1e-05,-6.3e-05,-0.005133,0.0,0.0,0.0,-0.000317,-0.002907,-0.003224,0.0,-0.001353,-0.002034,-0.005533,-0.00543,0.0,-0.004534,0.0,-0.003932,-0.00229,0.0,-0.001947,-0.006435,-0.003728,-0.003545,-0.003812,-0.005276,-0.001845,-0.001204,-0.001327,0.0,-0.001005,-0.002749,-0.002887,-0.003988
2017-05-27 09:26:00+02:00,0.0,0.0,-0.000671,-0.003529,-0.000691,0.0,-0.001753,-0.002355,-0.003724,-1.9e-05,0.0,0.0,-0.003357,-0.00263,-0.000925,-0.004504,-9e-06,0.0,0.0,-0.005404,0.0,-0.005302,-0.00292,0.0,-0.004918,-0.005163,-0.002282,0.0,-0.001389,-0.0,0.0,-0.002733,0.0,-0.001919,-0.001924,0.0,-0.000777,-0.00286,0.0,-0.005283,-0.001831,0.0,-0.002533,0.0,-0.000542,-0.001762,-0.002122,-0.003831,-0.002024,0.0,0.0,-0.002974,-0.002343,-0.002866,0.0,0.0,-0.000356,0.0,0.0,-0.001626,-0.003278,-0.00485,-0.003205,0.0,-0.000794,-0.004751,-0.001339,-0.003986,0.0,-0.0011,-0.001757,-0.0,0.0,-0.002325,-0.002099,0.0,-2.8e-05,0.0,-0.002328,0.0,-0.002966,0.0,-0.001965,-0.004893,-3e-05,-5.8e-05,-0.005146,0.0,0.0,0.0,-0.000321,-0.00293,-0.003249,0.0,-0.001371,-0.002036,-0.00557,-0.005465,0.0,-0.004553,0.0,-0.003952,-0.0023,0.0,-0.001967,-0.006456,-0.003751,-0.003559,-0.003835,-0.005308,-0.001864,-0.00121,-0.001334,0.0,-0.001015,-0.002763,-0.002903,-0.004009
2017-05-27 09:27:00+02:00,0.0,0.0,-0.000675,-0.003563,-0.0007,0.0,-0.001769,-0.002376,-0.003757,-1.8e-05,0.0,0.0,-0.003399,-0.002669,-0.000942,-0.004546,-7e-06,0.0,0.0,-0.00544,0.0,-0.005334,-0.002947,0.0,-0.004961,-0.005208,-0.002303,0.0,-0.001404,-0.0,0.0,-0.002765,0.0,-0.001948,-0.001959,0.0,-0.000788,-0.002892,0.0,-0.005335,-0.001852,0.0,-0.002548,0.0,-0.00055,-0.001782,-0.002141,-0.003852,-0.002043,0.0,0.0,-0.003001,-0.002374,-0.002907,0.0,0.0,-0.000359,0.0,0.0,-0.001643,-0.003303,-0.004895,-0.003236,0.0,-0.000799,-0.004794,-0.001351,-0.004009,0.0,-0.001112,-0.001771,-0.0,0.0,-0.002353,-0.002136,0.0,-2.6e-05,0.0,-0.002353,0.0,-0.002997,0.0,-0.001986,-0.004939,-3.2e-05,-5.7e-05,-0.005186,0.0,0.0,0.0,-0.000326,-0.002964,-0.003291,0.0,-0.001397,-0.002057,-0.005625,-0.005519,0.0,-0.004596,0.0,-0.003988,-0.002313,0.0,-0.001988,-0.00651,-0.003793,-0.003596,-0.003875,-0.005357,-0.001886,-0.001224,-0.001343,0.0,-0.001028,-0.002781,-0.002932,-0.004051
2017-05-27 09:28:00+02:00,0.0,0.0,-0.000664,-0.003574,-0.000687,0.0,-0.001766,-0.002379,-0.003766,-1.4e-05,0.0,0.0,-0.003423,-0.002694,-0.000948,-0.004564,-6e-06,0.0,0.0,-0.005459,0.0,-0.00535,-0.002952,0.0,-0.004973,-0.00523,-0.002304,0.0,-0.001404,-0.0,0.0,-0.002778,0.0,-0.001963,-0.00198,0.0,-0.000773,-0.002899,0.0,-0.005354,-0.001858,0.0,-0.002548,0.0,-0.000536,-0.001781,-0.002143,-0.00386,-0.002041,0.0,0.0,-0.003017,-0.002393,-0.002932,0.0,0.0,-0.000345,0.0,0.0,-0.001638,-0.003317,-0.004908,-0.003245,0.0,-0.000788,-0.004813,-0.001345,-0.004018,0.0,-0.001108,-0.001774,-0.0,0.0,-0.002374,-0.00216,0.0,-2e-05,0.0,-0.002355,0.0,-0.003013,0.0,-0.001986,-0.004952,-2.6e-05,-4.5e-05,-0.005198,0.0,0.0,0.0,-0.000317,-0.002984,-0.003315,0.0,-0.001413,-0.00205,-0.005655,-0.005547,0.0,-0.004608,0.0,-0.004002,-0.002313,0.0,-0.001993,-0.006531,-0.003815,-0.003603,-0.003891,-0.005382,-0.001891,-0.001222,-0.001341,0.0,-0.001018,-0.002782,-0.002939,-0.00407
2017-05-27 09:29:00+02:00,0.0,0.0,-0.000657,-0.00358,-0.000687,0.0,-0.001773,-0.002393,-0.003773,-1.2e-05,0.0,0.0,-0.003445,-0.002715,-0.000953,-0.004576,-5e-06,0.0,0.0,-0.005479,0.0,-0.005366,-0.00297,0.0,-0.004981,-0.005246,-0.002316,0.0,-0.001402,-0.0,0.0,-0.002789,0.0,-0.001976,-0.002,0.0,-0.000757,-0.00292,0.0,-0.005367,-0.001873,0.0,-0.00255,0.0,-0.000535,-0.001778,-0.002142,-0.00387,-0.002038,0.0,0.0,-0.003034,-0.002409,-0.002956,0.0,0.0,-0.000336,0.0,0.0,-0.001645,-0.003332,-0.004915,-0.003249,0.0,-0.000782,-0.004826,-0.001349,-0.004028,0.0,-0.001113,-0.001779,-0.0,0.0,-0.002395,-0.002182,0.0,-1.6e-05,0.0,-0.00237,0.0,-0.003025,0.0,-0.001983,-0.004958,-2e-05,-3.6e-05,-0.005207,0.0,0.0,0.0,-0.000317,-0.003,-0.003336,0.0,-0.001426,-0.002042,-0.005677,-0.005569,0.0,-0.004616,0.0,-0.004011,-0.002316,0.0,-0.002007,-0.006548,-0.003834,-0.003605,-0.003902,-0.005399,-0.001906,-0.001219,-0.001342,0.0,-0.001021,-0.002786,-0.002942,-0.004087
2017-05-27 09:30:00+02:00,0.0,0.0,-0.000659,-0.003594,-0.000695,0.0,-0.001787,-0.002414,-0.003788,-9e-06,0.0,0.0,-0.003475,-0.002743,-0.000962,-0.004598,-4e-06,0.0,0.0,-0.00551,0.0,-0.005394,-0.002997,0.0,-0.005,-0.005272,-0.002334,0.0,-0.001405,-0.0,0.0,-0.002807,0.0,-0.001995,-0.002024,0.0,-0.000752,-0.002949,0.0,-0.005392,-0.001892,0.0,-0.002562,0.0,-0.000541,-0.001782,-0.002146,-0.003888,-0.002042,0.0,0.0,-0.003058,-0.00243,-0.002986,0.0,0.0,-0.000336,0.0,0.0,-0.00166,-0.003355,-0.004933,-0.00326,0.0,-0.000785,-0.00485,-0.001359,-0.004047,0.0,-0.001124,-0.00179,-0.0,0.0,-0.002421,-0.002209,0.0,-1.3e-05,0.0,-0.002392,0.0,-0.003044,0.0,-0.001987,-0.004977,-1.9e-05,-3.2e-05,-0.005225,0.0,0.0,0.0,-0.000321,-0.003022,-0.003365,0.0,-0.001444,-0.002044,-0.005711,-0.005602,0.0,-0.004635,0.0,-0.004028,-0.002326,0.0,-0.002026,-0.006579,-0.003862,-0.003619,-0.003922,-0.005428,-0.001926,-0.001221,-0.001349,0.0,-0.001031,-0.002801,-0.002953,-0.004112
2017-05-27 09:31:00+02:00,0.0,0.0,-0.000654,-0.003624,-0.000685,0.0,-0.001784,-0.002418,-0.00381,-7e-06,0.0,0.0,-0.003518,-0.00278,-0.000975,-0.004641,-3e-06,0.0,0.0,-0.005542,0.0,-0.005422,-0.003003,0.0,-0.005031,-0.005322,-0.002334,0.0,-0.001414,-0.0,0.0,-0.002831,0.0,-0.002019,-0.002055,0.0,-0.000751,-0.002955,0.0,-0.005434,-0.001897,0.0,-0.002569,0.0,-0.000531,-0.001794,-0.002159,-0.003903,-0.002051,0.0,0.0,-0.00308,-0.002461,-0.003029,0.0,0.0,-0.000329,0.0,0.0,-0.001657,-0.003376,-0.004967,-0.003286,0.0,-0.000781,-0.004897,-0.001354,-0.004063,0.0,-0.001121,-0.001798,-0.0,0.0,-0.002447,-0.002243,0.0,-1e-05,0.0,-0.002395,0.0,-0.003076,0.0,-0.002001,-0.005011,-1.6e-05,-2.6e-05,-0.005259,0.0,0.0,0.0,-0.000315,-0.003057,-0.003405,0.0,-0.001468,-0.002053,-0.005769,-0.005658,0.0,-0.004667,0.0,-0.004063,-0.002332,0.0,-0.002029,-0.006636,-0.003903,-0.003644,-0.003959,-0.005481,-0.001932,-0.001228,-0.001352,0.0,-0.001024,-0.00281,-0.002977,-0.004149
2017-05-27 09:32:00+02:00,0.0,0.0,-0.000652,-0.003645,-0.000681,0.0,-0.001787,-0.002426,-0.003838,-6e-06,0.0,0.0,-0.003565,-0.002823,-0.000991,-0.004676,-2e-06,0.0,0.0,-0.00558,0.0,-0.005457,-0.003017,0.0,-0.005073,-0.005363,-0.00234,0.0,-0.001418,-0.0,0.0,-0.002861,0.0,-0.002047,-0.002091,0.0,-0.000755,-0.002971,0.0,-0.005487,-0.001906,0.0,-0.002581,0.0,-0.000525,-0.001802,-0.002166,-0.003921,-0.002066,0.0,0.0,-0.003106,-0.002488,-0.003076,0.0,0.0,-0.000324,0.0,0.0,-0.001661,-0.003399,-0.005011,-0.003305,0.0,-0.00078,-0.004935,-0.001354,-0.004083,0.0,-0.001123,-0.001808,-0.0,0.0,-0.002477,-0.002283,0.0,-8e-06,0.0,-0.002406,0.0,-0.003101,0.0,-0.00201,-0.005055,-1.2e-05,-2e-05,-0.0053,0.0,0.0,0.0,-0.000311,-0.003086,-0.003451,0.0,-0.001489,-0.002069,-0.005817,-0.005706,0.0,-0.004708,0.0,-0.00409,-0.00234,0.0,-0.002037,-0.006704,-0.003949,-0.003678,-0.003987,-0.005525,-0.001943,-0.001232,-0.001356,0.0,-0.001023,-0.002824,-0.002994,-0.004193
2017-05-27 09:33:00+02:00,0.0,0.0,-0.000654,-0.003683,-0.000679,0.0,-0.001792,-0.002437,-0.003867,-5e-06,0.0,0.0,-0.003613,-0.002865,-0.001007,-0.004728,-2e-06,0.0,0.0,-0.005623,0.0,-0.005497,-0.003035,0.0,-0.005115,-0.005421,-0.002348,0.0,-0.001433,-0.0,0.0,-0.002891,0.0,-0.002076,-0.002126,0.0,-0.000762,-0.002989,0.0,-0.00554,-0.001918,0.0,-0.002596,0.0,-0.000523,-0.001822,-0.002186,-0.003943,-0.002082,0.0,0.0,-0.003134,-0.002524,-0.003124,0.0,0.0,-0.000323,0.0,0.0,-0.001667,-0.003426,-0.005056,-0.00334,0.0,-0.000782,-0.004991,-0.001356,-0.004107,0.0,-0.001126,-0.001821,-0.0,0.0,-0.002508,-0.002322,0.0,-7e-06,0.0,-0.002419,0.0,-0.003137,0.0,-0.002032,-0.0051,-1e-05,-1.6e-05,-0.005342,0.0,0.0,0.0,-0.00031,-0.003126,-0.003496,0.0,-0.001517,-0.002087,-0.005883,-0.005771,0.0,-0.004751,0.0,-0.004134,-0.002351,0.0,-0.002048,-0.006772,-0.003996,-0.003712,-0.004033,-0.005586,-0.001955,-0.001245,-0.001363,0.0,-0.001024,-0.002843,-0.003027,-0.004236
2017-05-27 09:34:00+02:00,0.0,0.0,-0.000654,-0.003714,-0.000685,0.0,-0.001806,-0.002459,-0.003897,-4e-06,0.0,0.0,-0.003663,-0.002908,-0.001023,-0.00477,-2e-06,0.0,0.0,-0.005663,0.0,-0.005533,-0.003064,0.0,-0.005156,-0.005469,-0.002367,0.0,-0.001444,-0.0,0.0,-0.002921,0.0,-0.002105,-0.002162,0.0,-0.000768,-0.003021,0.0,-0.005595,-0.001938,0.0,-0.00261,0.0,-0.000527,-0.001837,-0.002201,-0.003964,-0.002099,0.0,0.0,-0.00316,-0.002554,-0.003173,0.0,0.0,-0.00032,0.0,0.0,-0.001682,-0.003452,-0.005103,-0.003368,0.0,-0.000783,-0.005036,-0.001366,-0.004129,0.0,-0.001136,-0.001832,-0.0,0.0,-0.002537,-0.002362,0.0,-5e-06,0.0,-0.002444,0.0,-0.003168,0.0,-0.002047,-0.005146,-8e-06,-1.3e-05,-0.005388,0.0,0.0,0.0,-0.000313,-0.003159,-0.003545,0.0,-0.001541,-0.002105,-0.005938,-0.005825,0.0,-0.004793,0.0,-0.00417,-0.002362,0.0,-0.002069,-0.006844,-0.004045,-0.003748,-0.00407,-0.005636,-0.001976,-0.001254,-0.00137,0.0,-0.001034,-0.002859,-0.003053,-0.004284
2017-05-27 09:35:00+02:00,0.0,0.0,-0.000638,-0.003714,-0.000675,0.0,-0.001806,-0.002466,-0.003921,-3e-06,0.0,0.0,-0.003707,-0.00295,-0.001035,-0.004778,-1e-06,0.0,0.0,-0.005682,0.0,-0.005549,-0.003075,0.0,-0.005188,-0.005481,-0.002372,0.0,-0.001435,-0.0,0.0,-0.002946,0.0,-0.002129,-0.002195,0.0,-0.000763,-0.003033,0.0,-0.005644,-0.001948,0.0,-0.002606,0.0,-0.000515,-0.001825,-0.002192,-0.00397,-0.002109,0.0,0.0,-0.003175,-0.002566,-0.003219,0.0,0.0,-0.000301,0.0,0.0,-0.00168,-0.003464,-0.005142,-0.003365,0.0,-0.000768,-0.005045,-0.001362,-0.004136,0.0,-0.001134,-0.001833,-0.0,0.0,-0.002557,-0.0024,0.0,-4e-06,0.0,-0.00245,0.0,-0.003176,0.0,-0.002036,-0.005185,-6e-06,-1e-05,-0.005434,0.0,0.0,0.0,-0.000305,-0.003172,-0.003591,0.0,-0.001553,-0.002113,-0.005956,-0.005843,0.0,-0.004827,0.0,-0.004173,-0.002359,0.0,-0.002076,-0.006912,-0.004094,-0.003774,-0.004075,-0.005651,-0.001986,-0.001244,-0.001365,0.0,-0.001027,-0.002858,-0.003049,-0.00433
2017-05-27 09:36:00+02:00,0.0,0.0,-0.00063,-0.003714,-0.000678,0.0,-0.001818,-0.002485,-0.003945,-2e-06,0.0,0.0,-0.003746,-0.00299,-0.001047,-0.004784,-1e-06,0.0,0.0,-0.005706,0.0,-0.005569,-0.0031,0.0,-0.00522,-0.005491,-0.00239,0.0,-0.001428,-0.0,0.0,-0.002971,0.0,-0.002153,-0.002227,0.0,-0.000762,-0.003061,0.0,-0.00569,-0.001967,0.0,-0.002609,0.0,-0.000517,-0.001816,-0.002186,-0.003981,-0.00212,0.0,0.0,-0.003194,-0.002578,-0.00326,0.0,0.0,-0.000291,0.0,0.0,-0.001692,-0.003481,-0.005179,-0.003364,0.0,-0.000761,-0.005053,-0.001369,-0.004149,0.0,-0.001143,-0.001838,-0.0,0.0,-0.002579,-0.002436,0.0,-3e-06,0.0,-0.002471,0.0,-0.003183,0.0,-0.002028,-0.005221,-5e-06,-8e-06,-0.005476,0.0,0.0,0.0,-0.000306,-0.003183,-0.003635,0.0,-0.001563,-0.002123,-0.005972,-0.005858,0.0,-0.00486,0.0,-0.004176,-0.002362,0.0,-0.002095,-0.006969,-0.004139,-0.0038,-0.00408,-0.005663,-0.002005,-0.001236,-0.001365,0.0,-0.001034,-0.002863,-0.003047,-0.004373
2017-05-27 09:37:00+02:00,0.0,0.0,-0.000624,-0.003716,-0.000681,0.0,-0.001829,-0.002504,-0.003965,-2e-06,0.0,0.0,-0.003783,-0.003026,-0.001059,-0.004794,-1e-06,0.0,0.0,-0.005736,0.0,-0.005595,-0.003125,0.0,-0.005248,-0.005506,-0.002406,0.0,-0.001422,-0.0,0.0,-0.002993,0.0,-0.002176,-0.002257,0.0,-0.000759,-0.003089,0.0,-0.005729,-0.001986,0.0,-0.002614,0.0,-0.000518,-0.001809,-0.002181,-0.003994,-0.002128,0.0,0.0,-0.003214,-0.002591,-0.003299,0.0,0.0,-0.000282,0.0,0.0,-0.001704,-0.003499,-0.005211,-0.003364,0.0,-0.000755,-0.005065,-0.001377,-0.004163,0.0,-0.001151,-0.001844,-0.0,0.0,-0.002604,-0.00247,0.0,-3e-06,0.0,-0.002492,0.0,-0.003193,0.0,-0.002022,-0.005252,-4e-06,-7e-06,-0.005509,0.0,0.0,0.0,-0.000307,-0.003197,-0.003675,0.0,-0.001576,-0.00213,-0.005992,-0.005878,0.0,-0.00489,0.0,-0.004181,-0.002366,0.0,-0.002113,-0.007021,-0.004179,-0.003823,-0.004088,-0.00568,-0.002023,-0.001229,-0.001367,0.0,-0.001041,-0.002871,-0.003047,-0.00441
2017-05-27 09:38:00+02:00,0.0,0.0,-0.000612,-0.003721,-0.000671,0.0,-0.001827,-0.002504,-0.003982,-2e-06,0.0,0.0,-0.003817,-0.00306,-0.001069,-0.004807,-1e-06,0.0,0.0,-0.005763,0.0,-0.005619,-0.00313,0.0,-0.005274,-0.005524,-0.002406,0.0,-0.001416,-0.0,0.0,-0.003013,0.0,-0.002197,-0.002285,0.0,-0.000753,-0.003097,0.0,-0.005765,-0.001992,0.0,-0.002616,0.0,-0.000507,-0.001802,-0.002175,-0.004003,-0.002134,0.0,0.0,-0.003233,-0.002605,-0.003336,0.0,0.0,-0.000268,0.0,0.0,-0.001701,-0.003516,-0.00524,-0.003367,0.0,-0.000744,-0.005079,-0.001371,-0.004174,0.0,-0.001148,-0.001848,-0.0,0.0,-0.002627,-0.002502,0.0,-2e-06,0.0,-0.002496,0.0,-0.003203,0.0,-0.002016,-0.00528,-3e-06,-5e-06,-0.005536,0.0,0.0,0.0,-0.0003,-0.003212,-0.00371,0.0,-0.001589,-0.002135,-0.006014,-0.005901,0.0,-0.004917,0.0,-0.004189,-0.002367,0.0,-0.002117,-0.007068,-0.004213,-0.003842,-0.004097,-0.005701,-0.002028,-0.001222,-0.001365,0.0,-0.001034,-0.002875,-0.003048,-0.004442
2017-05-27 09:39:00+02:00,0.0,0.0,-0.000606,-0.003734,-0.000659,0.0,-0.001822,-0.002503,-0.003973,-1e-06,0.0,0.0,-0.00382,-0.003066,-0.001069,-0.004831,-1e-06,0.0,0.0,-0.005798,0.0,-0.005651,-0.003133,0.0,-0.005266,-0.005553,-0.002405,0.0,-0.001415,-0.0,0.0,-0.003013,0.0,-0.002202,-0.002295,0.0,-0.000726,-0.003103,0.0,-0.005755,-0.001997,0.0,-0.002625,0.0,-0.000495,-0.001803,-0.002176,-0.004018,-0.002118,0.0,0.0,-0.003255,-0.002625,-0.003341,0.0,0.0,-0.000258,0.0,0.0,-0.001697,-0.003537,-0.005227,-0.003378,0.0,-0.000739,-0.005105,-0.001365,-0.00419,0.0,-0.001144,-0.001855,-0.0,0.0,-0.002654,-0.002513,0.0,-2e-06,0.0,-0.002497,0.0,-0.003219,0.0,-0.002017,-0.005267,-3e-06,-4e-06,-0.005512,0.0,0.0,0.0,-0.000292,-0.003232,-0.003711,0.0,-0.001606,-0.002115,-0.006048,-0.005934,0.0,-0.004909,0.0,-0.004207,-0.002372,0.0,-0.002119,-0.00705,-0.004208,-0.003829,-0.004116,-0.005733,-0.002031,-0.001219,-0.001367,0.0,-0.001025,-0.002887,-0.003058,-0.004434
2017-05-27 09:40:00+02:00,0.0,0.0,-0.000606,-0.003755,-0.000651,0.0,-0.00182,-0.002505,-0.00398,-1e-06,0.0,0.0,-0.003842,-0.003088,-0.001075,-0.004861,-0.0,0.0,0.0,-0.005839,0.0,-0.005688,-0.003139,0.0,-0.005278,-0.00559,-0.002406,0.0,-0.001419,-0.0,0.0,-0.003025,0.0,-0.002216,-0.002315,0.0,-0.000713,-0.003113,0.0,-0.00577,-0.002003,0.0,-0.002639,0.0,-0.000485,-0.00181,-0.002183,-0.004039,-0.002116,0.0,0.0,-0.003282,-0.002649,-0.003365,0.0,0.0,-0.000256,0.0,0.0,-0.001697,-0.003562,-0.005239,-0.003397,0.0,-0.00074,-0.005138,-0.001361,-0.004212,0.0,-0.001142,-0.001867,-0.0,0.0,-0.002684,-0.002535,0.0,-1e-06,0.0,-0.002502,0.0,-0.003241,0.0,-0.002025,-0.005277,-2e-06,-3e-06,-0.005515,0.0,0.0,0.0,-0.000285,-0.003258,-0.00373,0.0,-0.001627,-0.002111,-0.006091,-0.005976,0.0,-0.004923,0.0,-0.004233,-0.002383,0.0,-0.002124,-0.007068,-0.004224,-0.003835,-0.004143,-0.005772,-0.002036,-0.001223,-0.001374,0.0,-0.00102,-0.002904,-0.003075,-0.004447
2017-05-27 09:41:00+02:00,0.0,0.0,-0.000575,-0.003734,-0.000614,0.0,-0.001795,-0.002483,-0.003961,-1e-06,0.0,0.0,-0.003843,-0.003091,-0.001067,-0.004848,-0.0,0.0,0.0,-0.005846,0.0,-0.005692,-0.003114,0.0,-0.005254,-0.005582,-0.002383,0.0,-0.001395,-0.0,0.0,-0.003015,0.0,-0.002214,-0.002319,0.0,-0.000668,-0.00309,0.0,-0.005749,-0.00199,0.0,-0.002621,0.0,-0.000448,-0.001778,-0.002158,-0.004033,-0.00209,0.0,0.0,-0.003288,-0.002649,-0.003369,0.0,0.0,-0.00022,0.0,0.0,-0.001666,-0.003566,-0.005214,-0.003374,0.0,-0.000709,-0.005127,-0.001334,-0.004208,0.0,-0.00112,-0.001857,-0.0,0.0,-0.002697,-0.002542,0.0,-1e-06,0.0,-0.002476,0.0,-0.003234,0.0,-0.001994,-0.005252,-2e-06,-3e-06,-0.00549,0.0,0.0,0.0,-0.000261,-0.003257,-0.003729,0.0,-0.001629,-0.002075,-0.006085,-0.005971,0.0,-0.004901,0.0,-0.004215,-0.002369,0.0,-0.002107,-0.007048,-0.004217,-0.003806,-0.004126,-0.005766,-0.002022,-0.001197,-0.001358,0.0,-0.000986,-0.002889,-0.003051,-0.004436
2017-05-27 09:42:00+02:00,0.0,0.0,-0.000555,-0.003714,-0.00059,0.0,-0.001779,-0.00247,-0.00395,-1e-06,0.0,0.0,-0.00385,-0.0031,-0.001065,-0.004836,-0.0,0.0,0.0,-0.005862,0.0,-0.005705,-0.003101,0.0,-0.005242,-0.005574,-0.002369,0.0,-0.001372,-0.0,0.0,-0.003013,0.0,-0.002217,-0.002329,0.0,-0.000635,-0.003079,0.0,-0.005741,-0.001983,0.0,-0.002614,0.0,-0.000422,-0.00175,-0.002133,-0.004034,-0.002072,0.0,0.0,-0.003299,-0.002648,-0.00338,0.0,0.0,-0.000196,0.0,0.0,-0.001649,-0.003574,-0.005202,-0.003352,0.0,-0.000689,-0.005117,-0.001317,-0.004211,0.0,-0.001107,-0.001854,-0.0,0.0,-0.002714,-0.002554,0.0,-1e-06,0.0,-0.002462,0.0,-0.003227,0.0,-0.001966,-0.005239,-1e-06,-2e-06,-0.005474,0.0,0.0,0.0,-0.000244,-0.003255,-0.003735,0.0,-0.001631,-0.002051,-0.00608,-0.005967,0.0,-0.00489,0.0,-0.004199,-0.002362,0.0,-0.002099,-0.007043,-0.004218,-0.00379,-0.00411,-0.00576,-0.002014,-0.001174,-0.001349,0.0,-0.000964,-0.002883,-0.003028,-0.004433
2017-05-27 09:43:00+02:00,0.0,0.0,-0.000554,-0.003705,-0.000586,0.0,-0.00178,-0.002474,-0.003946,-1e-06,0.0,0.0,-0.003863,-0.003113,-0.001067,-0.004835,-0.0,0.0,0.0,-0.005898,0.0,-0.005738,-0.00311,0.0,-0.00524,-0.005579,-0.002372,0.0,-0.00136,-0.0,0.0,-0.003016,0.0,-0.002224,-0.002341,0.0,-0.000616,-0.003092,0.0,-0.005738,-0.001991,0.0,-0.002626,0.0,-0.000417,-0.001735,-0.002119,-0.004051,-0.002062,0.0,0.0,-0.003323,-0.002655,-0.003396,0.0,0.0,-0.000193,0.0,0.0,-0.001652,-0.003596,-0.005197,-0.003342,0.0,-0.000688,-0.005118,-0.001316,-0.004228,0.0,-0.001108,-0.001864,-0.0,0.0,-0.002742,-0.002569,0.0,-1e-06,0.0,-0.00247,0.0,-0.003228,0.0,-0.001952,-0.005233,-1e-06,-2e-06,-0.005466,0.0,0.0,0.0,-0.000241,-0.003261,-0.003746,0.0,-0.001638,-0.002039,-0.006088,-0.005975,0.0,-0.00489,0.0,-0.004193,-0.00237,0.0,-0.002105,-0.007047,-0.004226,-0.003784,-0.004105,-0.005768,-0.002021,-0.001161,-0.001355,0.0,-0.000963,-0.002898,-0.003018,-0.004437
2017-05-27 09:44:00+02:00,0.0,0.0,-0.00056,-0.003714,-0.000595,0.0,-0.001793,-0.00249,-0.003957,-0.0,0.0,0.0,-0.003889,-0.003138,-0.001075,-0.004853,-0.0,0.0,0.0,-0.005939,0.0,-0.005775,-0.003134,0.0,-0.005257,-0.005602,-0.002388,0.0,-0.00136,-0.0,0.0,-0.00303,0.0,-0.002241,-0.002363,0.0,-0.000612,-0.003119,0.0,-0.005758,-0.002009,0.0,-0.002644,0.0,-0.000425,-0.001737,-0.002119,-0.004073,-0.002065,0.0,0.0,-0.00335,-0.002671,-0.003423,0.0,0.0,-0.000198,0.0,0.0,-0.001668,-0.003622,-0.005212,-0.003349,0.0,-0.000696,-0.005137,-0.001327,-0.004251,0.0,-0.001119,-0.001879,-0.0,0.0,-0.002771,-0.002594,0.0,-1e-06,0.0,-0.002493,0.0,-0.003241,0.0,-0.001953,-0.005246,-1e-06,-1e-06,-0.005478,0.0,0.0,0.0,-0.000246,-0.003279,-0.00377,0.0,-0.001652,-0.002041,-0.006115,-0.006003,0.0,-0.004908,0.0,-0.004205,-0.002384,0.0,-0.002122,-0.007076,-0.004248,-0.003796,-0.004118,-0.005793,-0.002039,-0.001161,-0.001365,0.0,-0.000975,-0.00292,-0.003025,-0.004456
2017-05-27 09:45:00+02:00,0.0,0.0,-0.000573,-0.003735,-0.000612,0.0,-0.001812,-0.002513,-0.003983,-0.0,0.0,0.0,-0.003931,-0.003175,-0.001091,-0.004884,-0.0,0.0,0.0,-0.005987,0.0,-0.005819,-0.003166,0.0,-0.005293,-0.005638,-0.00241,0.0,-0.001368,-0.0,0.0,-0.003057,0.0,-0.002267,-0.002393,0.0,-0.000623,-0.003155,0.0,-0.005801,-0.002032,0.0,-0.002668,0.0,-0.000441,-0.001749,-0.002129,-0.004099,-0.00208,0.0,0.0,-0.00338,-0.002695,-0.003465,0.0,0.0,-0.000209,0.0,0.0,-0.001693,-0.003652,-0.005249,-0.003369,0.0,-0.000709,-0.005171,-0.001344,-0.004278,0.0,-0.001135,-0.001897,-0.0,0.0,-0.002804,-0.002629,0.0,-0.0,0.0,-0.002524,0.0,-0.003263,0.0,-0.001966,-0.005282,-1e-06,-1e-06,-0.00551,0.0,0.0,0.0,-0.000257,-0.003304,-0.003809,0.0,-0.001672,-0.002061,-0.006157,-0.006044,0.0,-0.004946,0.0,-0.00423,-0.002402,0.0,-0.002145,-0.007132,-0.004287,-0.003828,-0.004145,-0.005832,-0.002061,-0.001168,-0.00138,0.0,-0.000995,-0.002946,-0.003044,-0.004493
2017-05-27 09:46:00+02:00,0.0,0.0,-0.000589,-0.003765,-0.000618,0.0,-0.001822,-0.002528,-0.00401,-0.0,0.0,0.0,-0.00397,-0.003211,-0.001108,-0.004925,-0.0,0.0,0.0,-0.006036,0.0,-0.005864,-0.003188,0.0,-0.005331,-0.005685,-0.002424,0.0,-0.001382,-0.0,0.0,-0.003085,0.0,-0.002293,-0.002424,0.0,-0.000638,-0.00318,0.0,-0.005844,-0.002048,0.0,-0.002696,0.0,-0.000446,-0.001769,-0.002144,-0.004126,-0.002098,0.0,0.0,-0.003412,-0.002724,-0.003504,0.0,0.0,-0.000225,0.0,0.0,-0.001707,-0.003683,-0.005287,-0.003397,0.0,-0.000726,-0.005214,-0.001352,-0.004307,0.0,-0.001144,-0.001917,-0.0,0.0,-0.002837,-0.002663,0.0,-0.0,0.0,-0.002545,0.0,-0.003292,0.0,-0.001986,-0.005318,-1e-06,-1e-06,-0.005541,0.0,0.0,0.0,-0.00026,-0.003336,-0.003847,0.0,-0.001696,-0.002082,-0.006209,-0.006096,0.0,-0.004986,0.0,-0.004264,-0.002423,0.0,-0.002161,-0.007185,-0.004324,-0.003861,-0.004181,-0.005881,-0.002078,-0.001181,-0.001397,0.0,-0.001004,-0.002976,-0.003071,-0.004528
2017-05-27 09:47:00+02:00,0.0,0.0,-0.000591,-0.003781,-0.000627,0.0,-0.001835,-0.002545,-0.00405,-0.0,0.0,0.0,-0.004005,-0.003266,-0.00113,-0.004952,-0.0,0.0,0.0,-0.006066,0.0,-0.005891,-0.003215,0.0,-0.005389,-0.005716,-0.002439,0.0,-0.001386,-0.0,0.0,-0.003124,0.0,-0.00233,-0.002469,0.0,-0.000661,-0.003208,0.0,-0.00592,-0.002066,0.0,-0.002707,0.0,-0.000454,-0.001775,-0.002149,-0.004138,-0.002125,0.0,0.0,-0.003431,-0.002745,-0.003543,0.0,0.0,-0.000226,0.0,0.0,-0.001724,-0.0037,-0.005352,-0.003411,0.0,-0.000729,-0.005243,-0.001362,-0.004319,0.0,-0.001154,-0.001926,-0.0,0.0,-0.00286,-0.002713,0.0,-0.0,0.0,-0.002568,0.0,-0.00331,0.0,-0.001993,-0.005383,-0.0,-1e-06,-0.005604,0.0,0.0,0.0,-0.000265,-0.003358,-0.003906,0.0,-0.001713,-0.002117,-0.006245,-0.006132,0.0,-0.005046,0.0,-0.004285,-0.00243,0.0,-0.002177,-0.00724,-0.004371,-0.003914,-0.004203,-0.005915,-0.002096,-0.001184,-0.001402,0.0,-0.001017,-0.00299,-0.003085,-0.00459
2017-05-27 09:48:00+02:00,0.0,0.0,-0.000584,-0.00381,-0.000622,0.0,-0.001837,-0.002554,-0.004097,-0.0,0.0,0.0,-0.00404,-0.003327,-0.001156,-0.004993,-0.0,0.0,0.0,-0.006093,0.0,-0.005915,-0.00323,0.0,-0.005456,-0.005764,-0.002445,0.0,-0.001394,-0.0,0.0,-0.003169,0.0,-0.002371,-0.00252,0.0,-0.000685,-0.003224,0.0,-0.006009,-0.002075,0.0,-0.002711,0.0,-0.000448,-0.001788,-0.00216,-0.004147,-0.002157,0.0,0.0,-0.003449,-0.002773,-0.003581,0.0,0.0,-0.000216,0.0,0.0,-0.001727,-0.003716,-0.00543,-0.003437,0.0,-0.000722,-0.005287,-0.001361,-0.004329,0.0,-0.001155,-0.00193,-0.0,0.0,-0.002883,-0.00277,0.0,-0.0,0.0,-0.002578,0.0,-0.003338,0.0,-0.002006,-0.005459,-0.0,-1e-06,-0.005675,0.0,0.0,0.0,-0.000261,-0.003389,-0.003961,0.0,-0.001737,-0.002155,-0.006296,-0.006184,0.0,-0.005115,0.0,-0.00432,-0.002431,0.0,-0.002186,-0.007294,-0.004415,-0.003974,-0.004239,-0.005964,-0.002106,-0.00119,-0.001401,0.0,-0.001015,-0.002996,-0.003109,-0.004659
2017-05-27 09:49:00+02:00,0.0,0.0,-0.000571,-0.003832,-0.00062,0.0,-0.001842,-0.002565,-0.004115,-0.0,0.0,0.0,-0.004073,-0.00336,-0.001166,-0.005027,-0.0,0.0,0.0,-0.006123,0.0,-0.005941,-0.003249,0.0,-0.005484,-0.005803,-0.002454,0.0,-0.001395,-0.0,0.0,-0.003189,0.0,-0.002392,-0.002549,0.0,-0.000679,-0.003244,0.0,-0.006049,-0.002088,0.0,-0.002712,0.0,-0.000444,-0.001791,-0.002165,-0.004157,-0.002163,0.0,0.0,-0.003467,-0.002798,-0.003618,0.0,0.0,-0.0002,0.0,0.0,-0.001734,-0.003732,-0.005462,-0.003456,0.0,-0.00071,-0.005323,-0.001363,-0.004341,0.0,-0.001159,-0.001933,-0.0,0.0,-0.002906,-0.002802,0.0,-0.0,0.0,-0.002593,0.0,-0.00336,0.0,-0.002011,-0.005491,-0.0,-0.0,-0.005698,0.0,0.0,0.0,-0.000259,-0.003415,-0.003997,0.0,-0.001757,-0.002161,-0.006341,-0.006228,0.0,-0.005145,0.0,-0.004347,-0.002431,0.0,-0.002198,-0.007344,-0.004455,-0.003995,-0.004268,-0.006006,-0.002119,-0.00119,-0.001398,0.0,-0.001016,-0.003001,-0.003125,-0.004689
2017-05-27 09:50:00+02:00,0.0,0.0,-0.000566,-0.003875,-0.000623,0.0,-0.001851,-0.00258,-0.004138,-0.0,0.0,0.0,-0.004102,-0.003394,-0.001179,-0.005083,-0.0,0.0,0.0,-0.006153,0.0,-0.005968,-0.003272,0.0,-0.005518,-0.005865,-0.002466,0.0,-0.001412,-0.0,0.0,-0.003213,0.0,-0.002416,-0.00258,0.0,-0.00068,-0.003268,0.0,-0.006093,-0.002103,0.0,-0.002718,0.0,-0.000447,-0.001816,-0.002188,-0.004168,-0.002173,0.0,0.0,-0.003486,-0.002834,-0.003649,0.0,0.0,-0.000192,0.0,0.0,-0.001746,-0.003749,-0.005499,-0.003496,0.0,-0.000705,-0.005381,-0.00137,-0.004353,0.0,-0.001166,-0.001938,-0.0,0.0,-0.002929,-0.002836,0.0,-0.0,0.0,-0.002612,0.0,-0.003397,0.0,-0.002038,-0.005526,-0.0,-0.0,-0.005724,0.0,0.0,0.0,-0.00026,-0.003455,-0.004034,0.0,-0.001787,-0.002173,-0.006408,-0.006295,0.0,-0.00518,0.0,-0.004396,-0.002433,0.0,-0.002212,-0.007385,-0.004488,-0.004022,-0.004319,-0.006071,-0.002135,-0.001205,-0.001399,0.0,-0.001023,-0.003009,-0.003164,-0.00472
2017-05-27 09:51:00+02:00,0.0,0.0,-0.000566,-0.003919,-0.000604,0.0,-0.001843,-0.002578,-0.004162,-0.0,0.0,0.0,-0.004128,-0.003428,-0.001193,-0.005138,-0.0,0.0,0.0,-0.006183,0.0,-0.005995,-0.003273,0.0,-0.005554,-0.005925,-0.002462,0.0,-0.001432,-0.0,0.0,-0.003239,0.0,-0.002441,-0.002611,0.0,-0.000685,-0.003269,0.0,-0.006137,-0.002104,0.0,-0.002727,0.0,-0.000426,-0.001844,-0.002213,-0.004178,-0.002186,0.0,0.0,-0.003505,-0.00287,-0.00368,0.0,0.0,-0.00019,0.0,0.0,-0.001735,-0.003766,-0.005537,-0.003538,0.0,-0.000706,-0.005438,-0.001358,-0.004366,0.0,-0.001157,-0.001945,-0.0,0.0,-0.002952,-0.002869,0.0,-0.0,0.0,-0.002608,0.0,-0.003434,0.0,-0.002067,-0.005562,-0.0,-0.0,-0.005751,0.0,0.0,0.0,-0.000246,-0.003494,-0.004071,0.0,-0.001817,-0.002188,-0.006474,-0.006361,0.0,-0.005218,0.0,-0.004445,-0.002439,0.0,-0.002211,-0.007422,-0.004518,-0.004051,-0.004371,-0.006134,-0.002136,-0.001224,-0.001403,0.0,-0.001007,-0.00302,-0.003204,-0.004752
2017-05-27 09:52:00+02:00,0.0,0.0,-0.000577,-0.003967,-0.00062,0.0,-0.001863,-0.002603,-0.004195,-0.0,0.0,0.0,-0.004155,-0.003468,-0.001212,-0.005195,-0.0,0.0,0.0,-0.006216,0.0,-0.006025,-0.003308,0.0,-0.005599,-0.005986,-0.002486,0.0,-0.001457,-0.0,0.0,-0.003272,0.0,-0.002472,-0.002647,0.0,-0.000702,-0.003308,0.0,-0.006193,-0.002129,0.0,-0.002745,0.0,-0.00044,-0.001879,-0.002242,-0.004197,-0.002207,0.0,0.0,-0.003528,-0.002908,-0.003709,0.0,0.0,-0.000199,0.0,0.0,-0.00176,-0.003789,-0.005585,-0.003583,0.0,-0.000717,-0.005497,-0.001375,-0.004384,0.0,-0.001174,-0.001959,-0.0,0.0,-0.002978,-0.002908,0.0,-0.0,0.0,-0.002641,0.0,-0.003474,0.0,-0.002102,-0.005609,-0.0,-0.0,-0.005789,0.0,0.0,0.0,-0.000256,-0.003534,-0.00411,0.0,-0.001848,-0.002214,-0.006541,-0.006427,0.0,-0.005266,0.0,-0.004497,-0.002452,0.0,-0.002236,-0.007457,-0.004548,-0.004092,-0.004426,-0.006197,-0.002161,-0.001247,-0.001415,0.0,-0.001027,-0.003041,-0.003249,-0.004793
2017-05-27 09:53:00+02:00,0.0,0.0,-0.000575,-0.003992,-0.000642,0.0,-0.001891,-0.00264,-0.004219,-0.0,0.0,0.0,-0.004181,-0.003502,-0.001225,-0.005227,-0.0,0.0,0.0,-0.006234,0.0,-0.006041,-0.003358,0.0,-0.005631,-0.006021,-0.002519,0.0,-0.001466,-0.0,0.0,-0.003296,0.0,-0.002496,-0.002677,0.0,-0.000704,-0.003359,0.0,-0.006234,-0.002162,0.0,-0.002751,0.0,-0.000461,-0.001892,-0.002254,-0.004204,-0.002219,0.0,0.0,-0.003542,-0.002933,-0.003737,0.0,0.0,-0.000196,0.0,0.0,-0.001793,-0.003801,-0.00562,-0.003606,0.0,-0.000716,-0.00553,-0.001398,-0.004391,0.0,-0.001196,-0.001965,-0.0,0.0,-0.002996,-0.00294,0.0,-0.0,0.0,-0.002684,0.0,-0.003496,0.0,-0.002116,-0.005642,-0.0,-0.0,-0.005815,0.0,0.0,0.0,-0.00027,-0.003559,-0.004144,0.0,-0.00187,-0.002227,-0.00658,-0.006467,0.0,-0.005301,0.0,-0.004526,-0.002455,0.0,-0.002269,-0.007489,-0.004575,-0.004119,-0.004457,-0.006234,-0.002195,-0.001255,-0.001417,0.0,-0.001054,-0.003049,-0.003272,-0.004825
2017-05-27 09:54:00+02:00,0.0,0.0,-0.000567,-0.004011,-0.000647,0.0,-0.001904,-0.002664,-0.004225,-0.0,0.0,0.0,-0.004207,-0.003521,-0.001229,-0.005257,-0.0,0.0,0.0,-0.006253,0.0,-0.006056,-0.00339,0.0,-0.005641,-0.006055,-0.002538,0.0,-0.00147,-0.0,0.0,-0.003307,0.0,-0.002508,-0.002695,0.0,-0.000688,-0.003391,0.0,-0.00625,-0.002183,0.0,-0.002753,0.0,-0.000465,-0.001898,-0.002261,-0.00421,-0.002215,0.0,0.0,-0.003556,-0.002955,-0.003765,0.0,0.0,-0.000184,0.0,0.0,-0.001809,-0.003813,-0.00563,-0.003624,0.0,-0.000708,-0.005562,-0.001408,-0.004398,0.0,-0.001206,-0.001968,-0.0,0.0,-0.003014,-0.002961,0.0,-0.0,0.0,-0.00271,0.0,-0.003518,0.0,-0.002123,-0.005651,-0.0,-0.0,-0.005819,0.0,0.0,0.0,-0.000273,-0.003583,-0.004164,0.0,-0.001889,-0.002221,-0.006619,-0.006506,0.0,-0.005313,0.0,-0.004551,-0.002455,0.0,-0.002289,-0.007522,-0.004602,-0.004123,-0.004483,-0.006271,-0.002217,-0.001257,-0.001417,0.0,-0.001064,-0.003053,-0.003288,-0.004838
2017-05-27 09:55:00+02:00,0.0,0.0,-0.000558,-0.004034,-0.000649,0.0,-0.001914,-0.002681,-0.004224,-0.0,0.0,0.0,-0.004232,-0.003533,-0.00123,-0.005292,-0.0,0.0,0.0,-0.006273,0.0,-0.006074,-0.003416,0.0,-0.005643,-0.006096,-0.002551,0.0,-0.001474,-0.0,0.0,-0.003312,0.0,-0.002516,-0.002709,0.0,-0.000665,-0.003417,0.0,-0.006256,-0.0022,0.0,-0.002754,0.0,-0.000466,-0.001905,-0.002268,-0.004214,-0.002206,0.0,0.0,-0.003569,-0.00298,-0.003793,0.0,0.0,-0.000171,0.0,0.0,-0.00182,-0.003824,-0.005632,-0.003644,0.0,-0.000699,-0.005599,-0.001413,-0.004403,0.0,-0.001212,-0.00197,-0.0,0.0,-0.003033,-0.002976,0.0,-0.0,0.0,-0.00273,0.0,-0.003541,0.0,-0.002131,-0.005651,-0.0,-0.0,-0.005808,0.0,0.0,0.0,-0.000272,-0.00361,-0.004174,0.0,-0.001909,-0.002207,-0.006664,-0.00655,0.0,-0.005316,0.0,-0.004579,-0.002455,0.0,-0.002305,-0.007553,-0.004616,-0.004118,-0.004513,-0.006314,-0.002235,-0.00126,-0.001415,0.0,-0.001069,-0.003056,-0.003307,-0.004839
2017-05-27 09:56:00+02:00,0.0,0.0,-0.000527,-0.004039,-0.000637,0.0,-0.001911,-0.002685,-0.004226,-0.0,0.0,0.0,-0.004256,-0.003549,-0.001231,-0.005308,-0.0,0.0,0.0,-0.006254,0.0,-0.006053,-0.003425,0.0,-0.005648,-0.006117,-0.002552,0.0,-0.001467,-0.0,0.0,-0.003318,0.0,-0.002526,-0.002726,0.0,-0.00064,-0.003426,0.0,-0.006267,-0.002205,0.0,-0.002729,0.0,-0.000452,-0.001897,-0.002263,-0.004189,-0.002197,0.0,0.0,-0.003558,-0.002994,-0.003819,0.0,0.0,-0.000137,0.0,0.0,-0.001816,-0.003808,-0.005639,-0.003647,0.0,-0.000668,-0.005617,-0.001407,-0.004379,0.0,-0.001208,-0.001954,-0.0,0.0,-0.003031,-0.002993,0.0,-0.0,0.0,-0.002733,0.0,-0.003551,0.0,-0.002125,-0.005655,-0.0,-0.0,-0.005803,0.0,0.0,0.0,-0.000263,-0.003625,-0.004187,0.0,-0.001922,-0.002194,-0.006687,-0.006574,0.0,-0.005323,0.0,-0.004589,-0.002432,0.0,-0.002309,-0.007584,-0.004633,-0.004116,-0.004524,-0.006337,-0.002241,-0.001252,-0.001395,0.0,-0.00106,-0.003032,-0.003309,-0.004845
2017-05-27 09:57:00+02:00,0.0,0.0,-0.00051,-0.004046,-0.000635,0.0,-0.001915,-0.002696,-0.004237,-0.0,0.0,0.0,-0.004279,-0.00357,-0.001238,-0.005321,-0.0,0.0,0.0,-0.006245,0.0,-0.006043,-0.003443,0.0,-0.005667,-0.006135,-0.00256,0.0,-0.001463,-0.0,0.0,-0.003333,0.0,-0.002542,-0.002747,0.0,-0.00063,-0.003444,0.0,-0.00629,-0.002217,0.0,-0.002717,0.0,-0.00045,-0.001894,-0.00226,-0.004174,-0.002198,0.0,0.0,-0.003552,-0.003007,-0.003845,0.0,0.0,-0.000116,0.0,0.0,-0.001824,-0.003799,-0.005657,-0.003653,0.0,-0.000651,-0.005632,-0.00141,-0.004362,0.0,-0.001212,-0.001947,-0.0,0.0,-0.003035,-0.003016,0.0,-0.0,0.0,-0.002747,0.0,-0.00356,0.0,-0.002122,-0.005672,-0.0,-0.0,-0.005807,0.0,0.0,0.0,-0.000262,-0.003637,-0.004207,0.0,-0.001935,-0.002195,-0.006707,-0.006595,0.0,-0.005343,0.0,-0.0046,-0.00242,0.0,-0.00232,-0.007614,-0.004654,-0.004128,-0.004535,-0.006357,-0.002253,-0.001247,-0.001386,0.0,-0.001062,-0.003021,-0.003314,-0.004858
2017-05-27 09:58:00+02:00,0.0,0.0,-0.000501,-0.004076,-0.000639,0.0,-0.001923,-0.002708,-0.004253,-0.0,0.0,0.0,-0.004301,-0.003591,-0.001249,-0.005363,-0.0,0.0,0.0,-0.006248,0.0,-0.006044,-0.003464,0.0,-0.005692,-0.006182,-0.00257,0.0,-0.001473,-0.0,0.0,-0.003351,0.0,-0.002561,-0.002771,0.0,-0.000629,-0.003465,0.0,-0.006317,-0.002229,0.0,-0.002712,0.0,-0.000452,-0.00191,-0.002273,-0.004167,-0.002204,0.0,0.0,-0.003554,-0.003035,-0.00387,0.0,0.0,-0.000105,0.0,0.0,-0.001835,-0.003798,-0.005681,-0.00368,0.0,-0.000642,-0.005676,-0.001415,-0.004354,0.0,-0.001218,-0.001944,-0.0,0.0,-0.003044,-0.00304,0.0,-0.0,0.0,-0.002765,0.0,-0.003587,0.0,-0.002139,-0.005694,-0.0,-0.0,-0.005812,0.0,0.0,0.0,-0.000263,-0.003667,-0.004228,0.0,-0.001958,-0.002203,-0.006758,-0.006646,0.0,-0.00537,0.0,-0.004635,-0.002413,0.0,-0.002332,-0.007642,-0.004677,-0.004146,-0.004571,-0.006406,-0.002267,-0.001256,-0.001381,0.0,-0.001069,-0.003018,-0.00334,-0.004872
2017-05-27 09:59:00+02:00,0.0,0.0,-0.000488,-0.004105,-0.000639,0.0,-0.001926,-0.002715,-0.004295,-0.0,0.0,0.0,-0.004322,-0.003639,-0.001273,-0.005403,-0.0,0.0,0.0,-0.006257,0.0,-0.006051,-0.003478,0.0,-0.005754,-0.006228,-0.002575,0.0,-0.001483,-0.0,0.0,-0.003392,0.0,-0.002599,-0.002814,0.0,-0.000652,-0.003481,0.0,-0.00639,-0.002239,0.0,-0.002703,0.0,-0.000451,-0.001926,-0.002286,-0.004163,-0.002233,0.0,0.0,-0.003559,-0.003062,-0.003894,0.0,0.0,-9e-05,0.0,0.0,-0.001843,-0.003801,-0.005747,-0.003707,0.0,-0.00063,-0.005718,-0.001418,-0.00435,0.0,-0.001222,-0.001938,-0.0,0.0,-0.003056,-0.003086,0.0,-0.0,0.0,-0.002777,0.0,-0.003613,0.0,-0.002156,-0.005758,-0.0,-0.0,-0.005857,0.0,0.0,0.0,-0.000262,-0.003696,-0.004264,0.0,-0.001982,-0.002239,-0.006807,-0.006695,0.0,-0.005434,0.0,-0.00467,-0.002403,0.0,-0.00234,-0.00767,-0.0047,-0.004201,-0.004607,-0.006454,-0.002276,-0.001265,-0.001374,0.0,-0.001072,-0.00301,-0.003366,-0.004922
2017-05-27 10:00:00+02:00,0.0,0.0,-0.000498,-0.004131,-0.000636,0.0,-0.001925,-0.002712,-0.00435,-0.0,0.0,0.0,-0.004344,-0.003704,-0.001303,-0.00544,-0.0,0.0,0.0,-0.006317,0.0,-0.006107,-0.003481,0.0,-0.005832,-0.006268,-0.002574,0.0,-0.001493,-0.0,0.0,-0.003444,0.0,-0.002646,-0.00287,0.0,-0.000686,-0.003488,0.0,-0.006488,-0.002243,0.0,-0.002731,0.0,-0.000447,-0.001941,-0.002297,-0.004195,-0.002272,0.0,0.0,-0.003596,-0.003087,-0.003919,0.0,0.0,-9.7e-05,0.0,0.0,-0.001846,-0.003837,-0.005836,-0.003732,0.0,-0.00064,-0.005756,-0.001417,-0.004384,0.0,-0.001223,-0.001958,-0.0,0.0,-0.003093,-0.003146,0.0,-0.0,0.0,-0.002782,0.0,-0.003636,0.0,-0.002172,-0.005845,-0.0,-0.0,-0.005896,0.0,0.0,0.0,-0.00026,-0.003722,-0.004298,0.0,-0.002004,-0.002288,-0.00685,-0.006739,0.0,-0.005516,0.0,-0.004701,-0.002423,0.0,-0.002343,-0.007698,-0.004723,-0.004272,-0.00464,-0.006497,-0.002279,-0.001273,-0.001388,0.0,-0.001071,-0.003041,-0.00339,-0.004969
2017-05-27 10:01:00+02:00,0.0,0.0,-0.000491,-0.004142,-0.000636,0.0,-0.001932,-0.002726,-0.004394,-0.0,0.0,0.0,-0.004367,-0.00376,-0.001327,-0.005461,-0.0,0.0,0.0,-0.006356,0.0,-0.006142,-0.003503,0.0,-0.005896,-0.006294,-0.002585,0.0,-0.001491,-0.0,0.0,-0.003486,0.0,-0.002685,-0.002918,0.0,-0.000704,-0.00351,0.0,-0.006571,-0.002257,0.0,-0.002741,0.0,-0.000447,-0.001941,-0.002296,-0.004211,-0.0023,0.0,0.0,-0.003619,-0.003104,-0.003944,0.0,0.0,-8.7e-05,0.0,0.0,-0.001856,-0.003859,-0.005908,-0.003741,0.0,-0.000634,-0.005779,-0.001421,-0.004401,0.0,-0.001228,-0.001966,-0.0,0.0,-0.00312,-0.003199,0.0,-0.0,0.0,-0.002799,0.0,-0.00365,0.0,-0.002172,-0.005916,-0.0,-0.0,-0.005929,0.0,0.0,0.0,-0.000259,-0.003739,-0.004329,0.0,-0.002018,-0.002322,-0.006878,-0.006767,0.0,-0.005582,0.0,-0.004717,-0.002429,0.0,-0.002356,-0.007728,-0.004746,-0.004328,-0.004656,-0.006525,-0.002293,-0.001271,-0.00139,0.0,-0.001075,-0.003055,-0.003399,-0.005011
2017-05-27 10:02:00+02:00,0.0,0.0,-0.00047,-0.004143,-0.00061,0.0,-0.001915,-0.002715,-0.004426,-0.0,0.0,0.0,-0.004387,-0.003808,-0.001345,-0.005472,-0.0,0.0,0.0,-0.006353,0.0,-0.006138,-0.003494,0.0,-0.005943,-0.006311,-0.002571,0.0,-0.001482,-0.0,0.0,-0.003519,0.0,-0.002717,-0.002958,0.0,-0.000712,-0.003498,0.0,-0.006637,-0.002249,0.0,-0.002729,0.0,-0.00042,-0.001931,-0.002287,-0.004201,-0.002319,0.0,0.0,-0.003619,-0.003114,-0.003966,0.0,0.0,-7e-05,0.0,0.0,-0.001837,-0.003856,-0.005966,-0.00374,0.0,-0.000614,-0.005792,-0.001403,-0.004391,0.0,-0.001213,-0.001959,-0.0,0.0,-0.003125,-0.003244,0.0,-0.0,0.0,-0.002783,0.0,-0.003656,0.0,-0.002163,-0.005971,-0.0,-0.0,-0.005955,0.0,0.0,0.0,-0.000241,-0.00375,-0.004357,0.0,-0.002028,-0.002344,-0.006896,-0.006786,0.0,-0.005634,0.0,-0.004722,-0.002418,0.0,-0.002346,-0.007753,-0.004765,-0.004369,-0.004661,-0.006544,-0.002287,-0.001261,-0.001379,0.0,-0.001051,-0.003045,-0.003396,-0.005045
2017-05-27 10:03:00+02:00,0.0,0.0,-0.000458,-0.004157,-0.000591,0.0,-0.001903,-0.002709,-0.004454,-0.0,0.0,0.0,-0.004408,-0.003853,-0.00136,-0.005496,-0.0,0.0,0.0,-0.006371,0.0,-0.006153,-0.00349,0.0,-0.005984,-0.006341,-0.002562,0.0,-0.001482,-0.0,0.0,-0.003548,0.0,-0.002745,-0.002996,0.0,-0.000715,-0.003493,0.0,-0.006696,-0.002246,0.0,-0.00273,0.0,-0.000399,-0.001934,-0.002289,-0.004205,-0.002333,0.0,0.0,-0.003631,-0.003133,-0.00399,0.0,0.0,-5.6e-05,0.0,0.0,-0.001824,-0.003866,-0.006015,-0.003752,0.0,-0.000602,-0.005819,-0.001391,-0.004396,0.0,-0.001203,-0.00196,-0.0,0.0,-0.003142,-0.003286,0.0,-0.0,0.0,-0.002774,0.0,-0.003672,0.0,-0.002166,-0.006019,-0.0,-0.0,-0.005979,0.0,0.0,0.0,-0.000228,-0.00377,-0.004384,0.0,-0.002044,-0.002361,-0.006927,-0.006819,0.0,-0.005677,0.0,-0.004741,-0.002417,0.0,-0.002341,-0.00778,-0.004786,-0.004403,-0.004681,-0.006576,-0.002284,-0.00126,-0.001375,0.0,-0.001034,-0.003048,-0.003408,-0.005078
2017-05-27 10:04:00+02:00,0.0,0.0,-0.000464,-0.004184,-0.000588,0.0,-0.001906,-0.002717,-0.004501,-0.0,0.0,0.0,-0.004429,-0.003904,-0.001384,-0.005534,-0.0,0.0,0.0,-0.006413,0.0,-0.006192,-0.003503,0.0,-0.006049,-0.006383,-0.002567,0.0,-0.001493,-0.0,0.0,-0.003593,0.0,-0.002786,-0.003049,0.0,-0.000739,-0.003507,0.0,-0.00679,-0.002255,0.0,-0.002749,0.0,-0.000396,-0.00195,-0.002303,-0.004228,-0.002363,0.0,0.0,-0.003659,-0.003159,-0.004013,0.0,0.0,-5.8e-05,0.0,0.0,-0.00183,-0.003893,-0.006096,-0.003778,0.0,-0.000608,-0.005858,-0.001392,-0.004419,0.0,-0.001206,-0.001975,-0.0,0.0,-0.00317,-0.003346,0.0,-0.0,0.0,-0.002784,0.0,-0.003698,0.0,-0.002183,-0.006097,-0.0,-0.0,-0.006,0.0,0.0,0.0,-0.000226,-0.003798,-0.00441,0.0,-0.002066,-0.002398,-0.006973,-0.006865,0.0,-0.005747,0.0,-0.004773,-0.002431,0.0,-0.002349,-0.007805,-0.004806,-0.004462,-0.004715,-0.00662,-0.002294,-0.00127,-0.001386,0.0,-0.001034,-0.003071,-0.003433,-0.005107
2017-05-27 10:05:00+02:00,0.0,0.0,-0.000447,-0.004194,-0.000577,0.0,-0.001901,-0.002717,-0.004537,-0.0,0.0,0.0,-0.004449,-0.003948,-0.001403,-0.005553,-0.0,0.0,0.0,-0.006412,0.0,-0.006189,-0.003508,0.0,-0.0061,-0.006407,-0.002565,0.0,-0.001491,-0.0,0.0,-0.003629,0.0,-0.00282,-0.003094,0.0,-0.000747,-0.003511,0.0,-0.006865,-0.002258,0.0,-0.002741,0.0,-0.000384,-0.001948,-0.002302,-0.004221,-0.002383,0.0,0.0,-0.00366,-0.003175,-0.004035,0.0,0.0,-4.6e-05,0.0,0.0,-0.001825,-0.003891,-0.00616,-0.003787,0.0,-0.000592,-0.005879,-0.001386,-0.004411,0.0,-0.001202,-0.001971,-0.0,0.0,-0.003177,-0.003397,0.0,-0.0,0.0,-0.002784,0.0,-0.003711,0.0,-0.002182,-0.006158,-0.0,-0.0,-0.006016,0.0,0.0,0.0,-0.000217,-0.003815,-0.004434,0.0,-0.00208,-0.002421,-0.006999,-0.006892,0.0,-0.005801,0.0,-0.004788,-0.002423,0.0,-0.002351,-0.007828,-0.004825,-0.004506,-0.00473,-0.006646,-0.002297,-0.001267,-0.001379,0.0,-0.001025,-0.003064,-0.003441,-0.005132
2017-05-27 10:06:00+02:00,0.0,0.0,-0.000433,-0.004212,-0.000573,0.0,-0.001902,-0.002723,-0.004575,-0.0,0.0,0.0,-0.004469,-0.003987,-0.001424,-0.005582,-0.0,0.0,0.0,-0.006406,0.0,-0.006182,-0.003519,0.0,-0.006154,-0.006441,-0.002568,0.0,-0.001495,-0.0,0.0,-0.003666,0.0,-0.002855,-0.003139,0.0,-0.000763,-0.003523,0.0,-0.00694,-0.002265,0.0,-0.002733,0.0,-0.00038,-0.001955,-0.002308,-0.004209,-0.002408,0.0,0.0,-0.003656,-0.003195,-0.004057,0.0,0.0,-3.7e-05,0.0,0.0,-0.001829,-0.003885,-0.006224,-0.003803,0.0,-0.000578,-0.005909,-0.001386,-0.004398,0.0,-0.001203,-0.001966,-0.0,0.0,-0.003181,-0.003448,0.0,-0.0,0.0,-0.002792,0.0,-0.00373,0.0,-0.00219,-0.006221,-0.0,-0.0,-0.006031,0.0,0.0,0.0,-0.000215,-0.003837,-0.004456,0.0,-0.002098,-0.002451,-0.007035,-0.006928,0.0,-0.00586,0.0,-0.004811,-0.002414,0.0,-0.002357,-0.007852,-0.004843,-0.004555,-0.004754,-0.006682,-0.002305,-0.001269,-0.001372,0.0,-0.001025,-0.003058,-0.003457,-0.005155
2017-05-27 10:07:00+02:00,0.0,0.0,-0.000416,-0.004217,-0.000524,0.0,-0.001868,-0.002694,-0.004591,-0.0,0.0,0.0,-0.00449,-0.004025,-0.001432,-0.005597,-0.0,0.0,0.0,-0.006421,0.0,-0.006193,-0.003486,0.0,-0.006179,-0.00646,-0.002537,0.0,-0.001488,-0.0,0.0,-0.003686,0.0,-0.002875,-0.003169,0.0,-0.000752,-0.003487,0.0,-0.006985,-0.002243,0.0,-0.002727,0.0,-0.000329,-0.001948,-0.002303,-0.004208,-0.002411,0.0,0.0,-0.003664,-0.003208,-0.004081,0.0,0.0,-2.9e-05,0.0,0.0,-0.001786,-0.003891,-0.006259,-0.003807,0.0,-0.000561,-0.005926,-0.00135,-0.004397,0.0,-0.001172,-0.001964,-0.0,0.0,-0.003194,-0.003484,0.0,-0.0,0.0,-0.002752,0.0,-0.003739,0.0,-0.002184,-0.006254,-0.0,-0.0,-0.006045,0.0,0.0,0.0,-0.000181,-0.00385,-0.00448,0.0,-0.00211,-0.002452,-0.007055,-0.006949,0.0,-0.005888,0.0,-0.004821,-0.002409,0.0,-0.002332,-0.007879,-0.004863,-0.004573,-0.004765,-0.006702,-0.002283,-0.001262,-0.001365,0.0,-0.000977,-0.003055,-0.003459,-0.005178
2017-05-27 10:08:00+02:00,0.0,0.0,-0.000415,-0.004234,-0.000522,0.0,-0.001872,-0.002704,-0.00463,-0.0,0.0,0.0,-0.004511,-0.004058,-0.001454,-0.005624,-0.0,0.0,0.0,-0.006479,0.0,-0.006247,-0.003502,0.0,-0.006233,-0.006491,-0.002544,0.0,-0.00149,-0.0,0.0,-0.003724,0.0,-0.002911,-0.003213,0.0,-0.000768,-0.003504,0.0,-0.007057,-0.002254,0.0,-0.002746,0.0,-0.000326,-0.001952,-0.002307,-0.004238,-0.002436,0.0,0.0,-0.0037,-0.003229,-0.004103,0.0,0.0,-2.4e-05,0.0,0.0,-0.001792,-0.003926,-0.006322,-0.003821,0.0,-0.000561,-0.005955,-0.001353,-0.00443,0.0,-0.001176,-0.001978,-0.0,0.0,-0.003231,-0.003532,0.0,-0.0,0.0,-0.002765,0.0,-0.003758,0.0,-0.002188,-0.006314,-0.0,-0.0,-0.006058,0.0,0.0,0.0,-0.000179,-0.003872,-0.004503,0.0,-0.002127,-0.002483,-0.007089,-0.006983,0.0,-0.005947,0.0,-0.004843,-0.002423,0.0,-0.002342,-0.007904,-0.004882,-0.004622,-0.004787,-0.006735,-0.002294,-0.001262,-0.001373,0.0,-0.000978,-0.003077,-0.003473,-0.0052
2017-05-27 10:09:00+02:00,0.0,0.0,-0.000405,-0.004248,-0.000522,0.0,-0.001878,-0.002714,-0.004657,-0.0,0.0,0.0,-0.004528,-0.004087,-0.001471,-0.005649,-0.0,0.0,0.0,-0.006521,0.0,-0.006285,-0.003519,0.0,-0.006271,-0.006522,-0.002552,0.0,-0.00149,-0.0,0.0,-0.003752,0.0,-0.002939,-0.003248,0.0,-0.000776,-0.003521,0.0,-0.00711,-0.002265,0.0,-0.002753,0.0,-0.000326,-0.001953,-0.00231,-0.004257,-0.002453,0.0,0.0,-0.003725,-0.003248,-0.004123,0.0,0.0,-1.9e-05,0.0,0.0,-0.0018,-0.00395,-0.006367,-0.003834,0.0,-0.000552,-0.005983,-0.001356,-0.004451,0.0,-0.00118,-0.001985,-0.0,0.0,-0.003259,-0.003571,0.0,-0.0,0.0,-0.002778,0.0,-0.003775,0.0,-0.002191,-0.006356,-0.0,-0.0,-0.006066,0.0,0.0,0.0,-0.000179,-0.003893,-0.004522,0.0,-0.002143,-0.002503,-0.007121,-0.007016,0.0,-0.005989,0.0,-0.004863,-0.002429,0.0,-0.002352,-0.007923,-0.004898,-0.004657,-0.004808,-0.006768,-0.002306,-0.001261,-0.001374,0.0,-0.000982,-0.003088,-0.003484,-0.005217
2017-05-27 10:10:00+02:00,0.0,0.0,-0.000393,-0.004257,-0.00052,0.0,-0.00188,-0.002721,-0.004677,-0.0,0.0,0.0,-0.004547,-0.004116,-0.001484,-0.005668,-0.0,0.0,0.0,-0.006546,0.0,-0.006308,-0.003533,0.0,-0.006302,-0.006544,-0.002557,0.0,-0.001487,-0.0,0.0,-0.003775,0.0,-0.002962,-0.003279,0.0,-0.000778,-0.003536,0.0,-0.007154,-0.002274,0.0,-0.002754,0.0,-0.000323,-0.001951,-0.002308,-0.004264,-0.002464,0.0,0.0,-0.003741,-0.003263,-0.004144,0.0,0.0,-1.5e-05,0.0,0.0,-0.001805,-0.003964,-0.006405,-0.003841,0.0,-0.000541,-0.006003,-0.001357,-0.004459,0.0,-0.001182,-0.001986,-0.0,0.0,-0.003278,-0.003605,0.0,-0.0,0.0,-0.002789,0.0,-0.003787,0.0,-0.002189,-0.006392,-0.0,-0.0,-0.006074,0.0,0.0,0.0,-0.000177,-0.003907,-0.004542,0.0,-0.002156,-0.002517,-0.007144,-0.00704,0.0,-0.006025,0.0,-0.004877,-0.002428,0.0,-0.00236,-0.007947,-0.004915,-0.004685,-0.004822,-0.006792,-0.002315,-0.001257,-0.001371,0.0,-0.000982,-0.003091,-0.003491,-0.005235
2017-05-27 10:11:00+02:00,0.0,0.0,-0.000389,-0.004281,-0.000524,0.0,-0.001886,-0.002731,-0.004693,-0.0,0.0,0.0,-0.004563,-0.00414,-0.001497,-0.005703,-0.0,0.0,0.0,-0.006562,0.0,-0.006323,-0.003551,0.0,-0.00633,-0.006584,-0.002565,0.0,-0.001495,-0.0,0.0,-0.003795,0.0,-0.002983,-0.003305,0.0,-0.000781,-0.003554,0.0,-0.007188,-0.002285,0.0,-0.00276,0.0,-0.000325,-0.001965,-0.002317,-0.004268,-0.002474,0.0,0.0,-0.003753,-0.003286,-0.004163,0.0,0.0,-1.2e-05,0.0,0.0,-0.001815,-0.003974,-0.006435,-0.003864,0.0,-0.000537,-0.00604,-0.001361,-0.004464,0.0,-0.001188,-0.00199,-0.0,0.0,-0.003293,-0.003633,0.0,-0.0,0.0,-0.002804,0.0,-0.003808,0.0,-0.002203,-0.006419,-0.0,-0.0,-0.006079,0.0,0.0,0.0,-0.000178,-0.003932,-0.004559,0.0,-0.002177,-0.002531,-0.007184,-0.007081,0.0,-0.006055,0.0,-0.004906,-0.002429,0.0,-0.00237,-0.007968,-0.004929,-0.004708,-0.004851,-0.006832,-0.002327,-0.001264,-0.001372,0.0,-0.000988,-0.003099,-0.003513,-0.005248
2017-05-27 10:12:00+02:00,0.0,0.0,-0.000378,-0.004294,-0.000516,0.0,-0.001882,-0.002731,-0.0047,-0.0,0.0,0.0,-0.00458,-0.004165,-0.001505,-0.005726,-0.0,0.0,0.0,-0.006572,0.0,-0.006332,-0.003557,0.0,-0.006345,-0.006611,-0.002563,0.0,-0.001495,-0.0,0.0,-0.003807,0.0,-0.002998,-0.003325,0.0,-0.000775,-0.003559,0.0,-0.007209,-0.002288,0.0,-0.002758,0.0,-0.000317,-0.001967,-0.002318,-0.004268,-0.002477,0.0,0.0,-0.003761,-0.003303,-0.004183,0.0,0.0,-1e-05,0.0,0.0,-0.001813,-0.00398,-0.006453,-0.003876,0.0,-0.000526,-0.006065,-0.001356,-0.004464,0.0,-0.001185,-0.001989,-0.0,0.0,-0.003305,-0.003655,0.0,-0.0,0.0,-0.002806,0.0,-0.003822,0.0,-0.002207,-0.006435,-0.0,-0.0,-0.006083,0.0,0.0,0.0,-0.000172,-0.003949,-0.004577,0.0,-0.002192,-0.002534,-0.007211,-0.007109,0.0,-0.006073,0.0,-0.004924,-0.002425,0.0,-0.002371,-0.00799,-0.004944,-0.00472,-0.004869,-0.006861,-0.00233,-0.001263,-0.001367,0.0,-0.000983,-0.003099,-0.003524,-0.005262
2017-05-27 10:13:00+02:00,0.0,0.0,-0.000365,-0.004304,-0.000504,0.0,-0.001876,-0.002728,-0.004703,-0.0,0.0,0.0,-0.004597,-0.004188,-0.00151,-0.005745,-0.0,0.0,0.0,-0.006583,0.0,-0.006342,-0.003559,0.0,-0.006354,-0.006635,-0.002557,0.0,-0.001493,-0.0,0.0,-0.003815,0.0,-0.003009,-0.003343,0.0,-0.000762,-0.00356,0.0,-0.007226,-0.002288,0.0,-0.002754,0.0,-0.000304,-0.001966,-0.002316,-0.004267,-0.002474,0.0,0.0,-0.003769,-0.003317,-0.004202,0.0,0.0,-8e-06,0.0,0.0,-0.001807,-0.003986,-0.006466,-0.003884,0.0,-0.000513,-0.006086,-0.001349,-0.004463,0.0,-0.001179,-0.001987,-0.0,0.0,-0.003317,-0.003675,0.0,-0.0,0.0,-0.002804,0.0,-0.003833,0.0,-0.002207,-0.006446,-0.0,-0.0,-0.006087,0.0,0.0,0.0,-0.000163,-0.003963,-0.004594,0.0,-0.002205,-0.002532,-0.007235,-0.007135,0.0,-0.006086,0.0,-0.004938,-0.00242,0.0,-0.00237,-0.008012,-0.004958,-0.004726,-0.004883,-0.006886,-0.00233,-0.001259,-0.001361,0.0,-0.000973,-0.003098,-0.003531,-0.005276
2017-05-27 10:14:00+02:00,0.0,0.0,-0.000348,-0.004298,-0.000484,0.0,-0.001862,-0.002719,-0.004696,-0.0,0.0,0.0,-0.004613,-0.00421,-0.001508,-0.005746,-0.0,0.0,0.0,-0.006595,0.0,-0.006353,-0.003552,0.0,-0.006349,-0.006639,-0.002546,0.0,-0.001481,-0.0,0.0,-0.003815,0.0,-0.003013,-0.003355,0.0,-0.000736,-0.003551,0.0,-0.007233,-0.002282,0.0,-0.002749,0.0,-0.000283,-0.001953,-0.002304,-0.004266,-0.002461,0.0,0.0,-0.003777,-0.00332,-0.004221,0.0,0.0,-6e-06,0.0,0.0,-0.001792,-0.003992,-0.006469,-0.003878,0.0,-0.000497,-0.006087,-0.001334,-0.004464,0.0,-0.001167,-0.001984,-0.0,0.0,-0.003329,-0.00369,0.0,-0.0,0.0,-0.002792,0.0,-0.003831,0.0,-0.002194,-0.006446,-0.0,-0.0,-0.006091,0.0,0.0,0.0,-0.000149,-0.003966,-0.004611,0.0,-0.00221,-0.002515,-0.007237,-0.007138,0.0,-0.006084,0.0,-0.004936,-0.002414,0.0,-0.002362,-0.008033,-0.004972,-0.004716,-0.00488,-0.006891,-0.002325,-0.001247,-0.001353,0.0,-0.000954,-0.003095,-0.003524,-0.005289
2017-05-27 10:15:00+02:00,0.0,0.0,-0.000341,-0.004308,-0.000472,0.0,-0.001855,-0.002715,-0.004704,-0.0,0.0,0.0,-0.004629,-0.004231,-0.001516,-0.005764,-0.0,0.0,0.0,-0.006617,0.0,-0.006375,-0.003553,0.0,-0.006367,-0.006662,-0.00254,0.0,-0.001479,-0.0,0.0,-0.003828,0.0,-0.003029,-0.003379,0.0,-0.000729,-0.003551,0.0,-0.007264,-0.002281,0.0,-0.002753,0.0,-0.000271,-0.001953,-0.002303,-0.004272,-0.002463,0.0,0.0,-0.003791,-0.003333,-0.00424,0.0,0.0,-5e-06,0.0,0.0,-0.001785,-0.004005,-0.006494,-0.003887,0.0,-0.00049,-0.006107,-0.001326,-0.004471,0.0,-0.001161,-0.001987,-0.0,0.0,-0.003347,-0.003717,0.0,-0.0,0.0,-0.00279,0.0,-0.003842,0.0,-0.002195,-0.00647,-0.0,-0.0,-0.006093,0.0,0.0,0.0,-0.000141,-0.003979,-0.004628,0.0,-0.002223,-0.002519,-0.007259,-0.007161,0.0,-0.006106,0.0,-0.004951,-0.002414,0.0,-0.00236,-0.008054,-0.004985,-0.00473,-0.004894,-0.006915,-0.002325,-0.001244,-0.001352,0.0,-0.000944,-0.003102,-0.003532,-0.005301
2017-05-27 10:16:00+02:00,0.0,0.0,-0.000333,-0.004323,-0.000464,0.0,-0.001851,-0.002714,-0.00471,-0.0,0.0,0.0,-0.004645,-0.004251,-0.001523,-0.005789,-0.0,0.0,0.0,-0.006641,0.0,-0.006397,-0.003558,0.0,-0.00638,-0.006691,-0.002537,0.0,-0.001479,-0.0,0.0,-0.003839,0.0,-0.003043,-0.0034,0.0,-0.000721,-0.003555,0.0,-0.007288,-0.002283,0.0,-0.002758,0.0,-0.000262,-0.001956,-0.002304,-0.004279,-0.002464,0.0,0.0,-0.003806,-0.003351,-0.004258,0.0,0.0,-4e-06,0.0,0.0,-0.001782,-0.004017,-0.006514,-0.0039,0.0,-0.000483,-0.006135,-0.00132,-0.004478,0.0,-0.001158,-0.00199,-0.0,0.0,-0.003365,-0.003741,0.0,-0.0,0.0,-0.002791,0.0,-0.003856,0.0,-0.002199,-0.006488,-0.0,-0.0,-0.006095,0.0,0.0,0.0,-0.000135,-0.003997,-0.004643,0.0,-0.002238,-0.002521,-0.007287,-0.00719,0.0,-0.006123,0.0,-0.004971,-0.002415,0.0,-0.002361,-0.008074,-0.004998,-0.004741,-0.004914,-0.006945,-0.002327,-0.001243,-0.001351,0.0,-0.000938,-0.003109,-0.003544,-0.005312
2017-05-27 10:17:00+02:00,0.0,0.0,-0.000314,-0.004332,-0.000439,0.0,-0.001832,-0.002698,-0.004714,-0.0,0.0,0.0,-0.004663,-0.004273,-0.001526,-0.00581,-0.0,0.0,0.0,-0.006639,0.0,-0.006395,-0.003543,0.0,-0.006393,-0.006716,-0.00252,0.0,-0.001475,-0.0,0.0,-0.003848,0.0,-0.003055,-0.003423,0.0,-0.000704,-0.003538,0.0,-0.007315,-0.002272,0.0,-0.002748,0.0,-0.000236,-0.001953,-0.002301,-0.004269,-0.00246,0.0,0.0,-0.003805,-0.003365,-0.004279,0.0,0.0,-3e-06,0.0,0.0,-0.001761,-0.004014,-0.006536,-0.003908,0.0,-0.000465,-0.006157,-0.001301,-0.004468,0.0,-0.001142,-0.001983,-0.0,0.0,-0.00337,-0.003768,0.0,-0.0,0.0,-0.002772,0.0,-0.003867,0.0,-0.002197,-0.006507,-0.0,-0.0,-0.0061,0.0,0.0,0.0,-0.000118,-0.004012,-0.004662,0.0,-0.002251,-0.002516,-0.007311,-0.007216,0.0,-0.006138,0.0,-0.004985,-0.002404,0.0,-0.002347,-0.0081,-0.005014,-0.004747,-0.004927,-0.006972,-0.002316,-0.001238,-0.001341,0.0,-0.000914,-0.0031,-0.00355,-0.005326
2017-05-27 10:18:00+02:00,0.0,0.0,-0.000316,-0.004359,-0.000435,0.0,-0.001832,-0.002701,-0.004732,-0.0,0.0,0.0,-0.004682,-0.004296,-0.001538,-0.005848,-0.0,0.0,0.0,-0.00667,0.0,-0.006423,-0.003554,0.0,-0.006423,-0.00676,-0.002521,0.0,-0.001483,-0.0,0.0,-0.003869,0.0,-0.003077,-0.003452,0.0,-0.000704,-0.003548,0.0,-0.007357,-0.002278,0.0,-0.002763,0.0,-0.000232,-0.001967,-0.002311,-0.004281,-0.002467,0.0,0.0,-0.003824,-0.00339,-0.004301,0.0,0.0,-3e-06,0.0,0.0,-0.001764,-0.004032,-0.006571,-0.003933,0.0,-0.000467,-0.006198,-0.0013,-0.00448,0.0,-0.001142,-0.001993,-0.0,0.0,-0.003391,-0.0038,0.0,-0.0,0.0,-0.002778,0.0,-0.00389,0.0,-0.002212,-0.00654,-0.0,-0.0,-0.006106,0.0,0.0,0.0,-0.000115,-0.004038,-0.004681,0.0,-0.002273,-0.002526,-0.007355,-0.00726,0.0,-0.006171,0.0,-0.005018,-0.002412,0.0,-0.002352,-0.008127,-0.005031,-0.004769,-0.00496,-0.007017,-0.002322,-0.001245,-0.001346,0.0,-0.000913,-0.003117,-0.003574,-0.005341
2017-05-27 10:19:00+02:00,0.0,0.0,-0.000313,-0.004367,-0.000427,0.0,-0.001828,-0.002702,-0.004722,-0.0,0.0,0.0,-0.0047,-0.004317,-0.00154,-0.005866,-0.0,0.0,0.0,-0.006696,0.0,-0.006448,-0.003561,0.0,-0.006418,-0.006783,-0.00252,0.0,-0.001477,-0.0,0.0,-0.003871,0.0,-0.003084,-0.00347,0.0,-0.000688,-0.003553,0.0,-0.007375,-0.00228,0.0,-0.002772,0.0,-0.000223,-0.001962,-0.002306,-0.00429,-0.00246,0.0,0.0,-0.00384,-0.003403,-0.004321,0.0,0.0,-2e-06,0.0,0.0,-0.001762,-0.004046,-0.006585,-0.003939,0.0,-0.000464,-0.006218,-0.001296,-0.00449,0.0,-0.001139,-0.001999,-0.0,0.0,-0.00341,-0.003821,0.0,-0.0,0.0,-0.00278,0.0,-0.003901,0.0,-0.002207,-0.006551,-0.0,-0.0,-0.00611,0.0,0.0,0.0,-0.000109,-0.004052,-0.004699,0.0,-0.002285,-0.002519,-0.007377,-0.007284,0.0,-0.006174,0.0,-0.005031,-0.002416,0.0,-0.002354,-0.008152,-0.005046,-0.00477,-0.004972,-0.007041,-0.002325,-0.001239,-0.001349,0.0,-0.000907,-0.003129,-0.003579,-0.005354
2017-05-27 10:20:00+02:00,0.0,0.0,-0.000303,-0.00438,-0.000422,0.0,-0.001826,-0.002704,-0.00471,-0.0,0.0,0.0,-0.00472,-0.00434,-0.001541,-0.00589,-0.0,0.0,0.0,-0.006716,0.0,-0.006467,-0.003571,0.0,-0.006411,-0.006811,-0.00252,0.0,-0.001475,-0.0,0.0,-0.00387,0.0,-0.003089,-0.003483,0.0,-0.000672,-0.003562,0.0,-0.007382,-0.002285,0.0,-0.002773,0.0,-0.000218,-0.001961,-0.002305,-0.004292,-0.002453,0.0,0.0,-0.003851,-0.003419,-0.004343,0.0,0.0,-2e-06,0.0,0.0,-0.001763,-0.004055,-0.006589,-0.00395,0.0,-0.000455,-0.006244,-0.001293,-0.004493,0.0,-0.001138,-0.001999,-0.0,0.0,-0.003425,-0.003835,0.0,-0.0,0.0,-0.002785,0.0,-0.003913,0.0,-0.002208,-0.006553,-0.0,-0.0,-0.006117,0.0,0.0,0.0,-0.000104,-0.004068,-0.004719,0.0,-0.002299,-0.002512,-0.007404,-0.007312,0.0,-0.006175,0.0,-0.005049,-0.002414,0.0,-0.002357,-0.008181,-0.005064,-0.004767,-0.004989,-0.00707,-0.002331,-0.001236,-0.001346,0.0,-0.000904,-0.003133,-0.003588,-0.00537
2017-05-27 10:21:00+02:00,0.0,0.0,-0.000299,-0.004401,-0.00042,0.0,-0.001828,-0.002709,-0.004708,-0.0,0.0,0.0,-0.004738,-0.004362,-0.001548,-0.005923,-0.0,0.0,0.0,-0.006746,0.0,-0.006495,-0.003585,0.0,-0.006418,-0.00685,-0.002523,0.0,-0.001477,-0.0,0.0,-0.003876,0.0,-0.0031,-0.0035,0.0,-0.000663,-0.003575,0.0,-0.007399,-0.002292,0.0,-0.002783,0.0,-0.000215,-0.001968,-0.002309,-0.0043,-0.002453,0.0,0.0,-0.003868,-0.00344,-0.004364,0.0,0.0,-1e-06,0.0,0.0,-0.001768,-0.004069,-0.006605,-0.00397,0.0,-0.000452,-0.006279,-0.001293,-0.004502,0.0,-0.001139,-0.002005,-0.0,0.0,-0.003446,-0.003854,0.0,-0.0,0.0,-0.002795,0.0,-0.003932,0.0,-0.002216,-0.006567,-0.0,-0.0,-0.006121,0.0,0.0,0.0,-0.000102,-0.00409,-0.004738,0.0,-0.002318,-0.002514,-0.007441,-0.00735,0.0,-0.006187,0.0,-0.005077,-0.002417,0.0,-0.002363,-0.008209,-0.00508,-0.004775,-0.005015,-0.00711,-0.002338,-0.001237,-0.001347,0.0,-0.000904,-0.003144,-0.003606,-0.005383
2017-05-27 10:22:00+02:00,0.0,0.0,-0.000297,-0.004418,-0.000411,0.0,-0.001823,-0.002708,-0.0047,-0.0,0.0,0.0,-0.004755,-0.004382,-0.00155,-0.005951,-0.0,0.0,0.0,-0.006798,0.0,-0.006545,-0.003591,0.0,-0.006415,-0.006884,-0.002521,0.0,-0.001477,-0.0,0.0,-0.003877,0.0,-0.003106,-0.003511,0.0,-0.000647,-0.00358,0.0,-0.007404,-0.002295,0.0,-0.002797,0.0,-0.000205,-0.001971,-0.002311,-0.004319,-0.002446,0.0,0.0,-0.003894,-0.003458,-0.004384,0.0,0.0,-1e-06,0.0,0.0,-0.001765,-0.004095,-0.006609,-0.003984,0.0,-0.00045,-0.00631,-0.001288,-0.004524,0.0,-0.001136,-0.002015,-0.0,0.0,-0.003476,-0.003866,0.0,-0.0,0.0,-0.002796,0.0,-0.003947,0.0,-0.002219,-0.006568,-0.0,-0.0,-0.006125,0.0,0.0,0.0,-9.6e-05,-0.00411,-0.004755,0.0,-0.002334,-0.002506,-0.007475,-0.007385,0.0,-0.00619,0.0,-0.005099,-0.002426,0.0,-0.002365,-0.008234,-0.005095,-0.004772,-0.005037,-0.007145,-0.002341,-0.001236,-0.001352,0.0,-0.000898,-0.003162,-0.003619,-0.005396
2017-05-27 10:23:00+02:00,0.0,0.0,-0.000295,-0.004411,-0.000403,0.0,-0.001821,-0.002709,-0.004702,-0.0,0.0,0.0,-0.004775,-0.004404,-0.001557,-0.005948,-0.0,0.0,0.0,-0.006853,0.0,-0.006597,-0.0036,0.0,-0.006427,-0.006881,-0.00252,0.0,-0.001464,-0.0,0.0,-0.003887,0.0,-0.003119,-0.003532,0.0,-0.000638,-0.003587,0.0,-0.007428,-0.002299,0.0,-0.002814,0.0,-0.000196,-0.001956,-0.002297,-0.00434,-0.002446,0.0,0.0,-0.003923,-0.003458,-0.004406,0.0,0.0,-1e-06,0.0,0.0,-0.001764,-0.004122,-0.00663,-0.003977,0.0,-0.00045,-0.006307,-0.001284,-0.004548,0.0,-0.001133,-0.002025,-0.0,0.0,-0.003509,-0.003888,0.0,-0.0,0.0,-0.002799,0.0,-0.003942,0.0,-0.002206,-0.006587,-0.0,-0.0,-0.006131,0.0,0.0,0.0,-8.9e-05,-0.004108,-0.004774,0.0,-0.002337,-0.002509,-0.007466,-0.007379,0.0,-0.006207,0.0,-0.005095,-0.002436,0.0,-0.002367,-0.008263,-0.005112,-0.004783,-0.005031,-0.007141,-0.002345,-0.001223,-0.001357,0.0,-0.000892,-0.003182,-0.00361,-0.005411
2017-05-27 10:24:00+02:00,0.0,0.0,-0.000295,-0.004425,-0.000395,0.0,-0.001818,-0.002711,-0.004712,-0.0,0.0,0.0,-0.004796,-0.004428,-0.001565,-0.005972,-0.0,0.0,0.0,-0.006909,0.0,-0.006648,-0.003608,0.0,-0.006446,-0.006909,-0.002521,0.0,-0.001463,-0.0,0.0,-0.003902,0.0,-0.003136,-0.003556,0.0,-0.000631,-0.003594,0.0,-0.007458,-0.002303,0.0,-0.002832,0.0,-0.000187,-0.001957,-0.002298,-0.004363,-0.00245,0.0,0.0,-0.003953,-0.003475,-0.004429,0.0,0.0,-1e-06,0.0,0.0,-0.001763,-0.004152,-0.006656,-0.003989,0.0,-0.000451,-0.006333,-0.00128,-0.004574,0.0,-0.001131,-0.002039,-0.0,0.0,-0.003542,-0.003914,0.0,-0.0,0.0,-0.002803,0.0,-0.003957,0.0,-0.002208,-0.00661,-0.0,-0.0,-0.006139,0.0,0.0,0.0,-8.3e-05,-0.004125,-0.004796,0.0,-0.002352,-0.002514,-0.007494,-0.007407,0.0,-0.00623,0.0,-0.005115,-0.002448,0.0,-0.00237,-0.008293,-0.005131,-0.004799,-0.00505,-0.00717,-0.002349,-0.001221,-0.001364,0.0,-0.000887,-0.003204,-0.003621,-0.005428
2017-05-27 10:25:00+02:00,0.0,0.0,-0.000309,-0.004469,-0.000407,0.0,-0.001834,-0.002732,-0.004738,-0.0,0.0,0.0,-0.004817,-0.004451,-0.001584,-0.006031,-0.0,0.0,0.0,-0.00698,0.0,-0.006715,-0.003642,0.0,-0.006488,-0.006977,-0.00254,0.0,-0.00148,-0.0,0.0,-0.003932,0.0,-0.003165,-0.003591,0.0,-0.000645,-0.00363,0.0,-0.007513,-0.002325,0.0,-0.002865,0.0,-0.000199,-0.001984,-0.002319,-0.004398,-0.00247,0.0,0.0,-0.003993,-0.003512,-0.004452,0.0,0.0,-1e-06,0.0,0.0,-0.001785,-0.004191,-0.006705,-0.00403,0.0,-0.000466,-0.006395,-0.001293,-0.004611,0.0,-0.001145,-0.002061,-0.0,0.0,-0.003584,-0.003952,0.0,-0.0,0.0,-0.002833,0.0,-0.003994,0.0,-0.002235,-0.006657,-0.0,-0.0,-0.006148,0.0,0.0,0.0,-9.1e-05,-0.004166,-0.004816,0.0,-0.002382,-0.00254,-0.007565,-0.007479,0.0,-0.006278,0.0,-0.005165,-0.002472,0.0,-0.002392,-0.008322,-0.00515,-0.004839,-0.005101,-0.007242,-0.002371,-0.001237,-0.001382,0.0,-0.000903,-0.003241,-0.00366,-0.005445
2017-05-27 10:26:00+02:00,0.0,0.0,-0.000311,-0.004485,-0.000411,0.0,-0.001843,-0.002745,-0.004751,-0.0,0.0,0.0,-0.004835,-0.004471,-0.001595,-0.006056,-0.0,0.0,0.0,-0.007031,0.0,-0.006763,-0.003665,0.0,-0.006509,-0.007009,-0.002552,0.0,-0.001482,-0.0,0.0,-0.00395,0.0,-0.003184,-0.003616,0.0,-0.000644,-0.003653,0.0,-0.007546,-0.00234,0.0,-0.002883,0.0,-0.000201,-0.001989,-0.002322,-0.004421,-0.002477,0.0,0.0,-0.004022,-0.00353,-0.004472,0.0,0.0,-0.0,0.0,0.0,-0.001797,-0.004219,-0.006733,-0.004045,0.0,-0.000468,-0.006422,-0.0013,-0.004635,0.0,-0.001152,-0.002074,-0.0,0.0,-0.003615,-0.003979,0.0,-0.0,0.0,-0.002852,0.0,-0.004009,0.0,-0.002241,-0.006682,-0.0,-0.0,-0.006154,0.0,0.0,0.0,-9.2e-05,-0.004186,-0.004835,0.0,-0.002398,-0.002549,-0.007597,-0.007513,0.0,-0.006305,0.0,-0.005186,-0.002484,0.0,-0.002406,-0.008346,-0.005166,-0.004859,-0.005122,-0.007275,-0.002386,-0.001238,-0.001389,0.0,-0.000911,-0.003262,-0.003674,-0.00546
2017-05-27 10:27:00+02:00,0.0,0.0,-0.000313,-0.004494,-0.000425,0.0,-0.001861,-0.002767,-0.004766,-0.0,0.0,0.0,-0.004854,-0.004493,-0.001606,-0.006073,-0.0,0.0,0.0,-0.007097,0.0,-0.006825,-0.003699,0.0,-0.006535,-0.007031,-0.002572,0.0,-0.00148,-0.0,0.0,-0.003969,0.0,-0.003205,-0.003644,0.0,-0.000642,-0.00369,0.0,-0.007586,-0.002363,0.0,-0.002905,0.0,-0.000213,-0.001987,-0.002321,-0.004451,-0.002484,0.0,0.0,-0.004058,-0.003543,-0.004493,0.0,0.0,-0.0,0.0,0.0,-0.001821,-0.004255,-0.006768,-0.004053,0.0,-0.000471,-0.00644,-0.001314,-0.004669,0.0,-0.001166,-0.00209,-0.0,0.0,-0.003654,-0.00401,0.0,-0.0,0.0,-0.002884,0.0,-0.004019,0.0,-0.00224,-0.006714,-0.0,-0.0,-0.006161,0.0,0.0,0.0,-0.0001,-0.004199,-0.004854,0.0,-0.00241,-0.002559,-0.007619,-0.007535,0.0,-0.006335,0.0,-0.0052,-0.002499,0.0,-0.002428,-0.008373,-0.005184,-0.004881,-0.005135,-0.007299,-0.002409,-0.001235,-0.001398,0.0,-0.000928,-0.003288,-0.003681,-0.005475
2017-05-27 10:28:00+02:00,0.0,0.0,-0.000303,-0.004487,-0.000423,0.0,-0.001865,-0.002775,-0.004736,-0.0,0.0,0.0,-0.004869,-0.004494,-0.00159,-0.006074,-0.0,0.0,0.0,-0.007157,0.0,-0.006882,-0.003716,0.0,-0.0065,-0.007036,-0.002579,0.0,-0.001466,-0.0,0.0,-0.003949,0.0,-0.003191,-0.003633,0.0,-0.000595,-0.003706,0.0,-0.007546,-0.002372,0.0,-0.002916,0.0,-0.00021,-0.00197,-0.002307,-0.004475,-0.002453,0.0,0.0,-0.00409,-0.003545,-0.00451,0.0,0.0,-0.0,0.0,0.0,-0.001828,-0.004286,-0.00673,-0.004045,0.0,-0.000463,-0.006441,-0.001316,-0.004696,0.0,-0.00117,-0.002098,-0.0,0.0,-0.00369,-0.003998,0.0,-0.0,0.0,-0.002898,0.0,-0.004017,0.0,-0.002225,-0.006675,-0.0,-0.0,-0.006161,0.0,0.0,0.0,-9.7e-05,-0.004201,-0.004868,0.0,-0.002414,-0.002519,-0.007621,-0.007539,0.0,-0.006302,0.0,-0.005197,-0.002506,0.0,-0.002437,-0.008393,-0.005196,-0.00484,-0.00513,-0.007305,-0.002419,-0.00122,-0.0014,0.0,-0.00093,-0.003303,-0.003672,-0.005485
2017-05-27 10:29:00+02:00,0.0,0.0,-0.000271,-0.004459,-0.000378,0.0,-0.001832,-0.002742,-0.004654,-0.0,0.0,0.0,-0.004883,-0.004437,-0.001542,-0.006052,-0.0,0.0,0.0,-0.007178,0.0,-0.006902,-0.003678,0.0,-0.006394,-0.00702,-0.002543,0.0,-0.001437,-0.0,0.0,-0.003883,0.0,-0.003137,-0.003578,0.0,-0.000493,-0.003662,0.0,-0.007417,-0.002343,0.0,-0.0029,0.0,-0.000168,-0.001932,-0.002277,-0.004473,-0.002376,0.0,0.0,-0.004098,-0.003535,-0.004527,0.0,0.0,-0.0,0.0,0.0,-0.001786,-0.004293,-0.006611,-0.004016,0.0,-0.000431,-0.006422,-0.001283,-0.004697,0.0,-0.00114,-0.002087,-0.0,0.0,-0.003705,-0.003938,0.0,-0.0,0.0,-0.002857,0.0,-0.004001,0.0,-0.002188,-0.006556,-0.0,-0.0,-0.006112,0.0,0.0,0.0,-7.8e-05,-0.004189,-0.00486,0.0,-0.002406,-0.002417,-0.0076,-0.00752,0.0,-0.006193,0.0,-0.005172,-0.002492,0.0,-0.002406,-0.008414,-0.005204,-0.004725,-0.005102,-0.007289,-0.002392,-0.00119,-0.001382,0.0,-0.000884,-0.003289,-0.003641,-0.005444
2017-05-27 10:30:00+02:00,0.0,0.0,-0.000272,-0.004483,-0.000399,0.0,-0.001855,-0.002769,-0.004648,-0.0,0.0,0.0,-0.0049,-0.004449,-0.001541,-0.00609,-0.0,0.0,0.0,-0.007233,0.0,-0.006955,-0.003721,0.0,-0.006392,-0.007064,-0.002569,0.0,-0.001441,-0.0,0.0,-0.003883,0.0,-0.00314,-0.003584,0.0,-0.000475,-0.003707,0.0,-0.007412,-0.002371,0.0,-0.002919,0.0,-0.000187,-0.00194,-0.002283,-0.004496,-0.002366,0.0,0.0,-0.004128,-0.003559,-0.004546,0.0,0.0,-0.0,0.0,0.0,-0.001818,-0.004322,-0.006607,-0.004038,0.0,-0.000434,-0.006462,-0.001303,-0.004723,0.0,-0.001159,-0.002099,-0.0,0.0,-0.003739,-0.003944,0.0,-0.0,0.0,-0.002898,0.0,-0.004023,0.0,-0.002197,-0.006549,-0.0,-0.0,-0.006126,0.0,0.0,0.0,-8.8e-05,-0.004216,-0.004882,0.0,-0.002426,-0.002406,-0.007644,-0.007566,0.0,-0.006193,0.0,-0.005203,-0.002504,0.0,-0.002433,-0.008438,-0.005219,-0.004717,-0.005132,-0.007336,-0.002419,-0.001193,-0.00139,0.0,-0.00091,-0.003311,-0.00366,-0.005466
2017-05-27 10:31:00+02:00,0.0,0.0,-0.000266,-0.004513,-0.000424,0.0,-0.001881,-0.002798,-0.004674,-0.0,0.0,0.0,-0.004917,-0.004488,-0.001559,-0.006134,-0.0,0.0,0.0,-0.007275,0.0,-0.006995,-0.003768,0.0,-0.006435,-0.007116,-0.002598,0.0,-0.001448,-0.0,0.0,-0.003911,0.0,-0.003168,-0.003617,0.0,-0.000488,-0.003755,0.0,-0.007464,-0.002401,0.0,-0.002928,0.0,-0.00021,-0.001953,-0.002293,-0.004511,-0.002384,0.0,0.0,-0.004151,-0.003586,-0.004565,0.0,0.0,-0.0,0.0,0.0,-0.001854,-0.004343,-0.006654,-0.004065,0.0,-0.000427,-0.00651,-0.001325,-0.004739,0.0,-0.001182,-0.002105,-0.0,0.0,-0.003766,-0.003979,0.0,-0.0,0.0,-0.002942,0.0,-0.004049,0.0,-0.002212,-0.006594,-0.0,-0.0,-0.006137,0.0,0.0,0.0,-0.000102,-0.004246,-0.004902,0.0,-0.002448,-0.002431,-0.007696,-0.007618,0.0,-0.006239,0.0,-0.00524,-0.002508,0.0,-0.002463,-0.008463,-0.005235,-0.004754,-0.005167,-0.007389,-0.002449,-0.001199,-0.00139,0.0,-0.00094,-0.003323,-0.003685,-0.005487
2017-05-27 10:32:00+02:00,0.0,0.0,-0.000242,-0.004521,-0.000421,0.0,-0.001882,-0.002803,-0.004707,-0.0,0.0,0.0,-0.004934,-0.004522,-0.001579,-0.006152,-0.0,0.0,0.0,-0.007281,0.0,-0.007,-0.003781,0.0,-0.006486,-0.007138,-0.002601,0.0,-0.001444,-0.0,0.0,-0.003946,0.0,-0.003201,-0.003659,0.0,-0.000502,-0.003767,0.0,-0.007533,-0.002409,0.0,-0.002916,0.0,-0.000205,-0.00195,-0.002291,-0.004505,-0.002405,0.0,0.0,-0.004153,-0.003599,-0.004584,0.0,0.0,-0.0,0.0,0.0,-0.001858,-0.004344,-0.006716,-0.004072,0.0,-0.000404,-0.006529,-0.001325,-0.004733,0.0,-0.001183,-0.002097,-0.0,0.0,-0.003773,-0.004026,0.0,-0.0,0.0,-0.00295,0.0,-0.00406,0.0,-0.002209,-0.006652,-0.0,-0.0,-0.006148,0.0,0.0,0.0,-9.7e-05,-0.004259,-0.004922,0.0,-0.00246,-0.002459,-0.007717,-0.00764,0.0,-0.006295,0.0,-0.005253,-0.002497,0.0,-0.00247,-0.008487,-0.00525,-0.004799,-0.005179,-0.007412,-0.002457,-0.001194,-0.001378,0.0,-0.000939,-0.003312,-0.003691,-0.005507
2017-05-27 10:33:00+02:00,0.0,0.0,-0.000238,-0.004521,-0.000416,0.0,-0.001882,-0.002806,-0.004728,-0.0,0.0,0.0,-0.004949,-0.004551,-0.001594,-0.006158,-0.0,0.0,0.0,-0.007308,0.0,-0.007026,-0.00379,0.0,-0.006519,-0.007145,-0.002603,0.0,-0.001437,-0.0,0.0,-0.00397,0.0,-0.003226,-0.003693,0.0,-0.000508,-0.003776,0.0,-0.007586,-0.002414,0.0,-0.002923,0.0,-0.000198,-0.001942,-0.002284,-0.004513,-0.00242,0.0,0.0,-0.004169,-0.003605,-0.004601,0.0,0.0,-0.0,0.0,0.0,-0.001859,-0.004358,-0.006762,-0.004071,0.0,-0.0004,-0.006535,-0.001324,-0.004743,0.0,-0.001182,-0.002103,-0.0,0.0,-0.003792,-0.004064,0.0,-0.0,0.0,-0.002956,0.0,-0.004062,0.0,-0.002203,-0.006696,-0.0,-0.0,-0.006156,0.0,0.0,0.0,-9.2e-05,-0.004263,-0.004939,0.0,-0.002466,-0.002478,-0.00772,-0.007645,0.0,-0.006333,0.0,-0.005256,-0.002501,0.0,-0.002474,-0.008507,-0.005263,-0.004831,-0.005181,-0.007419,-0.002462,-0.001187,-0.00138,0.0,-0.000936,-0.003322,-0.00369,-0.005523
2017-05-27 10:34:00+02:00,0.0,0.0,-0.000264,-0.004573,-0.00044,0.0,-0.001902,-0.002829,-0.00482,-0.0,0.0,0.0,-0.004963,-0.004578,-0.001647,-0.00622,-0.0,0.0,0.0,-0.007369,0.0,-0.007084,-0.003826,0.0,-0.006649,-0.00721,-0.002625,0.0,-0.001466,-0.0,0.0,-0.004054,0.0,-0.0033,-0.003778,0.0,-0.000584,-0.003814,0.0,-0.007742,-0.002438,0.0,-0.002963,0.0,-0.000222,-0.001986,-0.002315,-0.004546,-0.002488,0.0,0.0,-0.004206,-0.003644,-0.004617,0.0,0.0,-0.0,0.0,0.0,-0.00189,-0.004394,-0.006903,-0.004123,0.0,-0.000427,-0.006599,-0.001343,-0.004777,0.0,-0.001202,-0.002129,-0.0,0.0,-0.00383,-0.004115,0.0,-0.0,0.0,-0.002991,0.0,-0.004101,0.0,-0.002246,-0.006833,-0.0,-0.0,-0.006162,0.0,0.0,0.0,-0.000107,-0.004303,-0.004956,0.0,-0.0025,-0.002569,-0.007785,-0.007711,0.0,-0.006467,0.0,-0.005314,-0.002528,0.0,-0.002497,-0.008525,-0.005276,-0.004949,-0.00524,-0.007485,-0.002486,-0.001215,-0.001403,0.0,-0.000964,-0.003365,-0.003741,-0.005537
2017-05-27 10:35:00+02:00,0.0,0.0,-0.000278,-0.004584,-0.000443,0.0,-0.001908,-0.002837,-0.004895,-0.0,0.0,0.0,-0.004979,-0.004604,-0.001687,-0.006235,-0.0,0.0,0.0,-0.007415,0.0,-0.007128,-0.003842,0.0,-0.006754,-0.007222,-0.002632,0.0,-0.00147,-0.0,0.0,-0.004122,0.0,-0.003362,-0.003853,0.0,-0.000631,-0.00383,0.0,-0.007879,-0.002449,0.0,-0.002987,0.0,-0.000224,-0.001993,-0.002319,-0.004569,-0.002537,0.0,0.0,-0.004234,-0.003656,-0.004635,0.0,0.0,-0.0,0.0,0.0,-0.0019,-0.004421,-0.007023,-0.004134,0.0,-0.000441,-0.006614,-0.001348,-0.0048,0.0,-0.001208,-0.002146,-0.0,0.0,-0.00386,-0.004161,0.0,-0.0,0.0,-0.003005,0.0,-0.004111,0.0,-0.002254,-0.006949,-0.0,-0.0,-0.006169,0.0,0.0,0.0,-0.000108,-0.004313,-0.004973,0.0,-0.002513,-0.002634,-0.007794,-0.007721,0.0,-0.006575,0.0,-0.005328,-0.002544,0.0,-0.002507,-0.008545,-0.005291,-0.005041,-0.005254,-0.007497,-0.002496,-0.001218,-0.001417,0.0,-0.00097,-0.003392,-0.003753,-0.005553
2017-05-27 10:36:00+02:00,0.0,0.0,-0.000267,-0.004539,-0.000413,0.0,-0.001889,-0.002821,-0.004925,-0.0,0.0,0.0,-0.004997,-0.00463,-0.001701,-0.006183,-0.0,0.0,0.0,-0.007441,0.0,-0.007152,-0.003826,0.0,-0.0068,-0.007164,-0.002614,0.0,-0.001438,-0.0,0.0,-0.004153,0.0,-0.003391,-0.003894,0.0,-0.00063,-0.003811,0.0,-0.007946,-0.002437,0.0,-0.002989,0.0,-0.000193,-0.00195,-0.002283,-0.004576,-0.002549,0.0,0.0,-0.004249,-0.003628,-0.004655,0.0,0.0,-0.0,0.0,0.0,-0.001874,-0.004434,-0.00708,-0.00409,0.0,-0.000431,-0.006559,-0.001327,-0.004807,0.0,-0.001189,-0.002148,-0.0,0.0,-0.003878,-0.004203,0.0,-0.0,0.0,-0.002983,0.0,-0.004075,0.0,-0.002213,-0.007003,-0.0,-0.0,-0.006176,0.0,0.0,0.0,-8.6e-05,-0.004278,-0.004992,0.0,-0.002495,-0.002648,-0.007728,-0.007657,0.0,-0.006622,0.0,-0.005281,-0.002543,0.0,-0.002493,-0.00857,-0.005306,-0.005075,-0.005206,-0.007436,-0.002484,-0.001186,-0.001414,0.0,-0.000941,-0.003397,-0.00371,-0.005569
2017-05-27 10:37:00+02:00,0.0,0.0,-0.000249,-0.00453,-0.000382,0.0,-0.001868,-0.002804,-0.00494,-0.0,0.0,0.0,-0.005012,-0.004652,-0.001708,-0.006182,-0.0,0.0,0.0,-0.007456,0.0,-0.007167,-0.00381,0.0,-0.006829,-0.007166,-0.002595,0.0,-0.001423,-0.0,0.0,-0.004171,0.0,-0.00341,-0.003927,0.0,-0.000618,-0.00379,0.0,-0.007996,-0.002423,0.0,-0.002983,0.0,-0.00016,-0.001931,-0.002267,-0.004574,-0.002551,0.0,0.0,-0.004256,-0.003628,-0.004672,0.0,0.0,-0.0,0.0,0.0,-0.001847,-0.004439,-0.007121,-0.00408,0.0,-0.000414,-0.006559,-0.001305,-0.004806,0.0,-0.001169,-0.002143,-0.0,0.0,-0.00389,-0.00424,0.0,-0.0,0.0,-0.002961,0.0,-0.00407,0.0,-0.002195,-0.007042,-0.0,-0.0,-0.006179,0.0,0.0,0.0,-6.9e-05,-0.004277,-0.005008,0.0,-0.002497,-0.002651,-0.007726,-0.007657,0.0,-0.006653,0.0,-0.005276,-0.002535,0.0,-0.002478,-0.008593,-0.005319,-0.005093,-0.005199,-0.007438,-0.002471,-0.00117,-0.001405,0.0,-0.00091,-0.003392,-0.003698,-0.005581
2017-05-27 10:38:00+02:00,0.0,0.0,-0.000226,-0.004518,-0.000354,0.0,-0.001849,-0.002788,-0.004931,-0.0,0.0,0.0,-0.005027,-0.004673,-0.001708,-0.00618,-0.0,0.0,0.0,-0.007464,0.0,-0.007175,-0.003796,0.0,-0.006827,-0.007169,-0.002578,0.0,-0.001403,-0.0,0.0,-0.004173,0.0,-0.003418,-0.003951,0.0,-0.000596,-0.003773,0.0,-0.00803,-0.002412,0.0,-0.002972,0.0,-0.000132,-0.001905,-0.002248,-0.004567,-0.002544,0.0,0.0,-0.004259,-0.003629,-0.004689,0.0,0.0,-0.0,0.0,0.0,-0.001824,-0.004439,-0.007146,-0.004067,0.0,-0.000391,-0.006559,-0.001285,-0.0048,0.0,-0.001152,-0.002135,-0.0,0.0,-0.003898,-0.004273,0.0,-0.0,0.0,-0.002941,0.0,-0.004066,0.0,-0.002171,-0.007065,-0.0,-0.0,-0.006182,0.0,0.0,0.0,-5.5e-05,-0.004277,-0.005023,0.0,-0.002497,-0.002641,-0.007725,-0.007658,0.0,-0.006659,0.0,-0.005269,-0.002523,0.0,-0.002464,-0.008615,-0.005331,-0.005094,-0.005189,-0.007442,-0.00246,-0.001149,-0.001393,0.0,-0.000883,-0.003383,-0.003682,-0.005593
2017-05-27 10:39:00+02:00,0.0,0.0,-0.000209,-0.004521,-0.000343,0.0,-0.001843,-0.002783,-0.004931,-0.0,0.0,0.0,-0.005039,-0.004692,-0.001715,-0.006193,-0.0,0.0,0.0,-0.007478,0.0,-0.007189,-0.003797,0.0,-0.006838,-0.007187,-0.002572,0.0,-0.001393,-0.0,0.0,-0.004182,0.0,-0.003431,-0.003978,0.0,-0.000588,-0.003772,0.0,-0.008069,-0.00241,0.0,-0.002966,0.0,-0.00012,-0.001894,-0.002239,-0.004564,-0.002544,0.0,0.0,-0.004265,-0.003637,-0.004705,0.0,0.0,-0.0,0.0,0.0,-0.001817,-0.004443,-0.007178,-0.004067,0.0,-0.000375,-0.006574,-0.001277,-0.004797,0.0,-0.001146,-0.00213,-0.0,0.0,-0.00391,-0.004302,0.0,-0.0,0.0,-0.002938,0.0,-0.004071,0.0,-0.002161,-0.007095,-0.0,-0.0,-0.006182,0.0,0.0,0.0,-4.4e-05,-0.004286,-0.005037,0.0,-0.002504,-0.002644,-0.00774,-0.007674,0.0,-0.006676,0.0,-0.005277,-0.002515,0.0,-0.002462,-0.008635,-0.005342,-0.005107,-0.005193,-0.00746,-0.002459,-0.001139,-0.001384,0.0,-0.000873,-0.003378,-0.00368,-0.005602
2017-05-27 10:40:00+02:00,0.0,0.0,-0.000193,-0.004521,-0.000331,0.0,-0.001834,-0.002776,-0.00494,-0.0,0.0,0.0,-0.005051,-0.004708,-0.001727,-0.006203,-0.0,0.0,0.0,-0.007486,0.0,-0.007198,-0.003794,0.0,-0.006858,-0.007201,-0.002564,0.0,-0.001384,-0.0,0.0,-0.004197,0.0,-0.00345,-0.004007,0.0,-0.000591,-0.003767,0.0,-0.008111,-0.002407,0.0,-0.002959,0.0,-0.000108,-0.001884,-0.00223,-0.004559,-0.002554,0.0,0.0,-0.004268,-0.003645,-0.004719,0.0,0.0,-0.0,0.0,0.0,-0.001809,-0.004444,-0.007216,-0.004067,0.0,-0.00036,-0.006587,-0.001269,-0.004793,0.0,-0.001139,-0.002125,-0.0,0.0,-0.003918,-0.004327,0.0,-0.0,0.0,-0.002932,0.0,-0.004076,0.0,-0.002152,-0.007131,-0.0,-0.0,-0.006175,0.0,0.0,0.0,-3.6e-05,-0.004294,-0.005049,0.0,-0.002511,-0.002658,-0.007751,-0.007686,0.0,-0.006703,0.0,-0.005283,-0.002507,0.0,-0.002457,-0.008651,-0.005351,-0.005131,-0.005196,-0.007474,-0.002455,-0.001129,-0.001376,0.0,-0.000863,-0.003373,-0.003677,-0.00561
2017-05-27 10:41:00+02:00,0.0,0.0,-0.000193,-0.004538,-0.000323,0.0,-0.001828,-0.00277,-0.004944,-0.0,0.0,0.0,-0.005062,-0.004724,-0.001735,-0.006229,-0.0,0.0,0.0,-0.00751,0.0,-0.00722,-0.003792,0.0,-0.00687,-0.007231,-0.002557,0.0,-0.001386,-0.0,0.0,-0.004208,0.0,-0.003464,-0.004028,0.0,-0.000589,-0.003764,0.0,-0.00814,-0.002405,0.0,-0.002967,0.0,-9.9e-05,-0.00189,-0.002234,-0.004565,-0.002558,0.0,0.0,-0.004281,-0.003662,-0.004732,0.0,0.0,-0.0,0.0,0.0,-0.001803,-0.004456,-0.007241,-0.004082,0.0,-0.00036,-0.006615,-0.001263,-0.004799,0.0,-0.001135,-0.00213,-0.0,0.0,-0.003935,-0.00435,0.0,-0.0,0.0,-0.002929,0.0,-0.00409,0.0,-0.002159,-0.007153,-0.0,-0.0,-0.006175,0.0,0.0,0.0,-2.8e-05,-0.004311,-0.005061,0.0,-0.002526,-0.002665,-0.007778,-0.007715,0.0,-0.006721,0.0,-0.005304,-0.002509,0.0,-0.002453,-0.008667,-0.00536,-0.005144,-0.005216,-0.007504,-0.002453,-0.001131,-0.001378,0.0,-0.000855,-0.003382,-0.003691,-0.005618
2017-05-27 10:42:00+02:00,0.0,0.0,-0.000192,-0.004556,-0.000315,0.0,-0.001823,-0.002766,-0.004942,-0.0,0.0,0.0,-0.005077,-0.004743,-0.001738,-0.006257,-0.0,0.0,0.0,-0.007538,0.0,-0.007248,-0.003795,0.0,-0.006877,-0.007263,-0.002553,0.0,-0.001388,-0.0,0.0,-0.004213,0.0,-0.003473,-0.004046,0.0,-0.000578,-0.003765,0.0,-0.00816,-0.002404,0.0,-0.002977,0.0,-9e-05,-0.001896,-0.002237,-0.004573,-0.002554,0.0,0.0,-0.004297,-0.003679,-0.004749,0.0,0.0,-0.0,0.0,0.0,-0.0018,-0.004469,-0.007258,-0.004098,0.0,-0.00036,-0.006644,-0.001257,-0.004807,0.0,-0.001131,-0.002135,-0.0,0.0,-0.003954,-0.004375,0.0,-0.0,0.0,-0.002928,0.0,-0.004105,0.0,-0.002166,-0.007169,-0.0,-0.0,-0.006178,0.0,0.0,0.0,-2.3e-05,-0.004329,-0.005076,0.0,-0.002541,-0.002662,-0.007807,-0.007745,0.0,-0.006731,0.0,-0.005327,-0.002513,0.0,-0.002452,-0.008689,-0.005372,-0.005148,-0.005237,-0.007537,-0.002453,-0.001133,-0.00138,0.0,-0.000849,-0.003394,-0.003706,-0.005628
2017-05-27 10:43:00+02:00,0.0,0.0,-0.000199,-0.00459,-0.000317,0.0,-0.001827,-0.002774,-0.004956,-0.0,0.0,0.0,-0.005093,-0.004763,-0.00175,-0.006301,-0.0,0.0,0.0,-0.007582,0.0,-0.007291,-0.003813,0.0,-0.006907,-0.007313,-0.002559,0.0,-0.0014,-0.0,0.0,-0.004232,0.0,-0.003494,-0.004075,0.0,-0.00058,-0.003782,0.0,-0.008203,-0.002414,0.0,-0.002998,0.0,-9.1e-05,-0.001916,-0.00225,-0.00459,-0.002562,0.0,0.0,-0.004321,-0.003706,-0.004768,0.0,0.0,-0.0,0.0,0.0,-0.001809,-0.004492,-0.007296,-0.00413,0.0,-0.000367,-0.006691,-0.001261,-0.004825,0.0,-0.001135,-0.002148,-0.0,0.0,-0.003981,-0.0044,0.0,-0.0,0.0,-0.002942,0.0,-0.00413,0.0,-0.002187,-0.007204,-0.0,-0.0,-0.006182,0.0,0.0,0.0,-2.2e-05,-0.004357,-0.005092,0.0,-0.002565,-0.002675,-0.007855,-0.007795,0.0,-0.006764,0.0,-0.005366,-0.002524,0.0,-0.002461,-0.008714,-0.005387,-0.005171,-0.005275,-0.007588,-0.002463,-0.001143,-0.001389,0.0,-0.000853,-0.003418,-0.003735,-0.00564
2017-05-27 10:44:00+02:00,0.0,0.0,-0.000193,-0.004611,-0.00031,0.0,-0.001826,-0.002776,-0.004955,-0.0,0.0,0.0,-0.005109,-0.004781,-0.001751,-0.006334,-0.0,0.0,0.0,-0.007607,0.0,-0.007316,-0.003824,0.0,-0.006914,-0.00735,-0.00256,0.0,-0.001403,-0.0,0.0,-0.004237,0.0,-0.003501,-0.004088,0.0,-0.000563,-0.003791,0.0,-0.008213,-0.002419,0.0,-0.003005,0.0,-8.3e-05,-0.001923,-0.002254,-0.004595,-0.002555,0.0,0.0,-0.004334,-0.003726,-0.004786,0.0,0.0,-0.0,0.0,0.0,-0.00181,-0.004503,-0.007305,-0.004149,0.0,-0.000362,-0.006725,-0.001258,-0.00483,0.0,-0.001134,-0.002152,-0.0,0.0,-0.003999,-0.004424,0.0,-0.0,0.0,-0.002948,0.0,-0.004148,0.0,-0.002195,-0.007212,-0.0,-0.0,-0.006185,0.0,0.0,0.0,-1.7e-05,-0.004378,-0.005108,0.0,-0.002582,-0.002668,-0.007891,-0.007832,0.0,-0.006772,0.0,-0.005393,-0.002526,0.0,-0.002465,-0.008738,-0.0054,-0.005171,-0.0053,-0.007626,-0.002468,-0.001145,-0.001389,0.0,-0.000849,-0.003426,-0.003753,-0.005652
2017-05-27 10:45:00+02:00,0.0,0.0,-0.00019,-0.004629,-0.000305,0.0,-0.001827,-0.002779,-0.004947,-0.0,0.0,0.0,-0.005124,-0.0048,-0.001748,-0.006361,-0.0,0.0,0.0,-0.007635,0.0,-0.007344,-0.003836,0.0,-0.006912,-0.007383,-0.002563,0.0,-0.001404,-0.0,0.0,-0.004236,0.0,-0.003503,-0.004093,0.0,-0.00054,-0.003802,0.0,-0.00821,-0.002426,0.0,-0.003014,0.0,-7.7e-05,-0.001928,-0.002257,-0.004603,-0.002543,0.0,0.0,-0.004348,-0.003744,-0.004803,0.0,0.0,-0.0,0.0,0.0,-0.001812,-0.004516,-0.007302,-0.004166,0.0,-0.000359,-0.006755,-0.001257,-0.004838,0.0,-0.001134,-0.002157,-0.0,0.0,-0.004018,-0.004446,0.0,-0.0,0.0,-0.002955,0.0,-0.004163,0.0,-0.002202,-0.007207,-0.0,-0.0,-0.006188,0.0,0.0,0.0,-1.4e-05,-0.004397,-0.005123,0.0,-0.002598,-0.002653,-0.007921,-0.007863,0.0,-0.00677,0.0,-0.005416,-0.002529,0.0,-0.00247,-0.008761,-0.005413,-0.00516,-0.005321,-0.007659,-0.002474,-0.001146,-0.001391,0.0,-0.000847,-0.003437,-0.003768,-0.005663
2017-05-27 10:46:00+02:00,0.0,0.0,-0.000187,-0.004649,-0.000301,0.0,-0.001828,-0.002783,-0.00493,-0.0,0.0,0.0,-0.00514,-0.004819,-0.001739,-0.006391,-0.0,0.0,0.0,-0.007667,0.0,-0.007375,-0.003849,0.0,-0.006896,-0.007417,-0.002566,0.0,-0.001408,-0.0,0.0,-0.004226,0.0,-0.003497,-0.004089,0.0,-0.00051,-0.003814,0.0,-0.008186,-0.002432,0.0,-0.003025,0.0,-7.1e-05,-0.001937,-0.002262,-0.004613,-0.002523,0.0,0.0,-0.004366,-0.003762,-0.004821,0.0,0.0,-0.0,0.0,0.0,-0.001816,-0.004531,-0.007281,-0.004185,0.0,-0.000357,-0.006786,-0.001257,-0.004849,0.0,-0.001134,-0.002164,-0.0,0.0,-0.004038,-0.004456,0.0,-0.0,0.0,-0.002963,0.0,-0.00418,0.0,-0.002212,-0.007184,-0.0,-0.0,-0.006192,0.0,0.0,0.0,-1.1e-05,-0.004416,-0.005139,0.0,-0.002614,-0.002629,-0.007953,-0.007896,0.0,-0.006753,0.0,-0.005441,-0.002534,0.0,-0.002475,-0.008786,-0.005427,-0.005136,-0.005344,-0.007694,-0.002481,-0.001149,-0.001394,0.0,-0.000845,-0.003451,-0.003785,-0.005675
2017-05-27 10:47:00+02:00,0.0,0.0,-0.000184,-0.004666,-0.000315,0.0,-0.001845,-0.002803,-0.004919,-0.0,0.0,0.0,-0.005156,-0.004837,-0.001732,-0.006417,-0.0,0.0,0.0,-0.007717,0.0,-0.007423,-0.003884,0.0,-0.006885,-0.007448,-0.002585,0.0,-0.00141,-0.0,0.0,-0.00422,0.0,-0.003494,-0.004087,0.0,-0.000485,-0.003849,0.0,-0.008167,-0.002454,0.0,-0.00304,0.0,-8.4e-05,-0.001941,-0.002266,-0.004633,-0.002508,0.0,0.0,-0.004393,-0.003779,-0.004839,0.0,0.0,-0.0,0.0,0.0,-0.00184,-0.004558,-0.007264,-0.0042,0.0,-0.000355,-0.006814,-0.001271,-0.004871,0.0,-0.001149,-0.002174,-0.0,0.0,-0.00407,-0.004465,0.0,-0.0,0.0,-0.002995,0.0,-0.004194,0.0,-0.002217,-0.007166,-0.0,-0.0,-0.006197,0.0,0.0,0.0,-1.7e-05,-0.004434,-0.005155,0.0,-0.002629,-0.002609,-0.007981,-0.007926,0.0,-0.006743,0.0,-0.005463,-0.002543,0.0,-0.002497,-0.008809,-0.005441,-0.005118,-0.005365,-0.007725,-0.002503,-0.001149,-0.001398,0.0,-0.000863,-0.003468,-0.003799,-0.005687
2017-05-27 10:48:00+02:00,0.0,0.0,-0.000182,-0.004685,-0.000321,0.0,-0.001856,-0.002818,-0.004934,-0.0,0.0,0.0,-0.005175,-0.004858,-0.001741,-0.006446,-0.0,0.0,0.0,-0.007768,0.0,-0.007473,-0.003912,0.0,-0.006914,-0.007482,-0.002599,0.0,-0.001411,-0.0,0.0,-0.004238,0.0,-0.003512,-0.004109,0.0,-0.000479,-0.003877,0.0,-0.008197,-0.002471,0.0,-0.003056,0.0,-8.8e-05,-0.001945,-0.002269,-0.004654,-0.002512,0.0,0.0,-0.004421,-0.003798,-0.00486,0.0,0.0,-0.0,0.0,0.0,-0.001856,-0.004584,-0.007292,-0.004217,0.0,-0.000354,-0.006845,-0.001279,-0.004893,0.0,-0.001158,-0.002185,-0.0,0.0,-0.004101,-0.004494,0.0,-0.0,0.0,-0.003019,0.0,-0.004211,0.0,-0.002223,-0.007192,-0.0,-0.0,-0.006204,0.0,0.0,0.0,-1.8e-05,-0.004453,-0.005174,0.0,-0.002645,-0.002615,-0.008014,-0.007959,0.0,-0.006771,0.0,-0.005487,-0.002552,0.0,-0.002513,-0.008838,-0.005458,-0.005134,-0.005387,-0.007761,-0.002519,-0.001149,-0.001404,0.0,-0.000873,-0.003488,-0.003814,-0.005702
2017-05-27 10:49:00+02:00,0.0,0.0,-0.000196,-0.004737,-0.000332,0.0,-0.001871,-0.002837,-0.005001,-0.0,0.0,0.0,-0.005194,-0.00488,-0.001774,-0.00651,-0.0,0.0,0.0,-0.007845,0.0,-0.007548,-0.003947,0.0,-0.007017,-0.007553,-0.002617,0.0,-0.001433,-0.0,0.0,-0.004298,0.0,-0.003566,-0.004167,0.0,-0.000511,-0.003911,0.0,-0.008298,-0.002492,0.0,-0.003093,0.0,-9.8e-05,-0.00198,-0.002294,-0.004691,-0.002549,0.0,0.0,-0.004463,-0.003837,-0.004881,0.0,0.0,-0.0,0.0,0.0,-0.001878,-0.004626,-0.007385,-0.004266,0.0,-0.000369,-0.006911,-0.001291,-0.004931,0.0,-0.00117,-0.002208,-0.0,0.0,-0.004146,-0.004523,0.0,-0.0,0.0,-0.00305,0.0,-0.004249,0.0,-0.00226,-0.007282,-0.0,-0.0,-0.00621,0.0,0.0,0.0,-2.3e-05,-0.004494,-0.005194,0.0,-0.002679,-0.002666,-0.008084,-0.008031,0.0,-0.006869,0.0,-0.005546,-0.002576,0.0,-0.002532,-0.008869,-0.005475,-0.005208,-0.005444,-0.007833,-0.00254,-0.001169,-0.001421,0.0,-0.000889,-0.003529,-0.003861,-0.005717
2017-05-27 10:50:00+02:00,0.0,0.0,-0.000193,-0.004769,-0.000327,0.0,-0.001873,-0.002843,-0.00505,-0.0,0.0,0.0,-0.00521,-0.004899,-0.001796,-0.006554,-0.0,0.0,0.0,-0.007895,0.0,-0.007598,-0.003963,0.0,-0.007094,-0.007603,-0.002621,0.0,-0.001441,-0.0,0.0,-0.004343,0.0,-0.003606,-0.004212,0.0,-0.000522,-0.003926,0.0,-0.008373,-0.0025,0.0,-0.00311,0.0,-9.1e-05,-0.001996,-0.002305,-0.004709,-0.002571,0.0,0.0,-0.00449,-0.003863,-0.0049,0.0,0.0,-0.0,0.0,0.0,-0.001881,-0.004651,-0.007455,-0.004296,0.0,-0.000367,-0.006958,-0.00129,-0.004952,0.0,-0.001171,-0.002219,-0.0,0.0,-0.004177,-0.004548,0.0,-0.0,0.0,-0.00306,0.0,-0.004273,0.0,-0.002278,-0.007349,-0.0,-0.0,-0.006214,0.0,0.0,0.0,-1.8e-05,-0.004522,-0.00521,0.0,-0.002702,-0.002696,-0.008132,-0.00808,0.0,-0.006941,0.0,-0.005584,-0.002585,0.0,-0.002539,-0.008895,-0.005489,-0.005258,-0.00548,-0.007884,-0.002548,-0.001176,-0.001426,0.0,-0.000886,-0.003549,-0.003889,-0.005729
2017-05-27 10:51:00+02:00,0.0,0.0,-0.000174,-0.004788,-0.000315,0.0,-0.001869,-0.002841,-0.005066,-0.0,0.0,0.0,-0.005221,-0.004912,-0.0018,-0.006582,-0.0,0.0,0.0,-0.007902,0.0,-0.007606,-0.00397,0.0,-0.007125,-0.007637,-0.002619,0.0,-0.001443,-0.0,0.0,-0.004359,0.0,-0.003621,-0.00423,0.0,-0.00051,-0.003929,0.0,-0.008394,-0.002501,0.0,-0.003102,0.0,-7.8e-05,-0.002001,-0.002308,-0.004699,-0.00257,0.0,0.0,-0.004491,-0.003881,-0.004913,0.0,0.0,-0.0,0.0,0.0,-0.001876,-0.00465,-0.007475,-0.004314,0.0,-0.000349,-0.006988,-0.001284,-0.004944,0.0,-0.001166,-0.002211,-0.0,0.0,-0.004184,-0.004566,0.0,-0.0,0.0,-0.003061,0.0,-0.004288,0.0,-0.002285,-0.007367,-0.0,-0.0,-0.006203,0.0,0.0,0.0,-1.5e-05,-0.004541,-0.005221,0.0,-0.002717,-0.002696,-0.008162,-0.008111,0.0,-0.006966,0.0,-0.005608,-0.002575,0.0,-0.00254,-0.008912,-0.005497,-0.005268,-0.005501,-0.007918,-0.00255,-0.001177,-0.001416,0.0,-0.000877,-0.003541,-0.003904,-0.005735
2017-05-27 10:52:00+02:00,0.0,0.0,-0.000167,-0.004806,-0.000308,0.0,-0.001865,-0.002839,-0.005064,-0.0,0.0,0.0,-0.005232,-0.004925,-0.001797,-0.006608,-0.0,0.0,0.0,-0.007923,0.0,-0.007627,-0.003974,0.0,-0.007128,-0.007668,-0.002616,0.0,-0.001446,-0.0,0.0,-0.004359,0.0,-0.003623,-0.004231,0.0,-0.00049,-0.003931,0.0,-0.008383,-0.002502,0.0,-0.003104,0.0,-7e-05,-0.002009,-0.002312,-0.004702,-0.002558,0.0,0.0,-0.004501,-0.003897,-0.004926,0.0,0.0,-0.0,0.0,0.0,-0.001873,-0.004659,-0.007467,-0.004331,0.0,-0.000342,-0.007015,-0.00128,-0.004948,0.0,-0.001163,-0.002212,-0.0,0.0,-0.004199,-0.004584,0.0,-0.0,0.0,-0.003061,0.0,-0.004302,0.0,-0.002294,-0.007358,-0.0,-0.0,-0.006203,0.0,0.0,0.0,-1.2e-05,-0.004558,-0.005232,0.0,-0.002732,-0.002682,-0.00819,-0.008141,0.0,-0.006964,0.0,-0.00563,-0.002573,0.0,-0.002539,-0.008928,-0.005506,-0.005256,-0.005521,-0.007949,-0.002551,-0.001179,-0.001413,0.0,-0.000871,-0.003545,-0.003919,-0.005741
2017-05-27 10:53:00+02:00,0.0,0.0,-0.000166,-0.004832,-0.000306,0.0,-0.001867,-0.002844,-0.005084,-0.0,0.0,0.0,-0.005248,-0.004943,-0.001807,-0.006644,-0.0,0.0,0.0,-0.007957,0.0,-0.007662,-0.003988,0.0,-0.007164,-0.00771,-0.00262,0.0,-0.001453,-0.0,0.0,-0.004381,0.0,-0.003644,-0.004256,0.0,-0.00049,-0.003943,0.0,-0.008418,-0.002509,0.0,-0.003116,0.0,-6.7e-05,-0.002022,-0.002321,-0.004713,-0.002565,0.0,0.0,-0.00452,-0.003919,-0.004944,0.0,0.0,-0.0,0.0,0.0,-0.001878,-0.004676,-0.0075,-0.004355,0.0,-0.000342,-0.007054,-0.00128,-0.00496,0.0,-0.001164,-0.002219,-0.0,0.0,-0.004222,-0.004606,0.0,-0.0,0.0,-0.003071,0.0,-0.004322,0.0,-0.002308,-0.007389,-0.0,-0.0,-0.006208,0.0,0.0,0.0,-9e-06,-0.004582,-0.005248,0.0,-0.002751,-0.002693,-0.00823,-0.008182,0.0,-0.006998,0.0,-0.005661,-0.002578,0.0,-0.002545,-0.008953,-0.00552,-0.005277,-0.00555,-0.007992,-0.002558,-0.001185,-0.001417,0.0,-0.000872,-0.003559,-0.003942,-0.005753
2017-05-27 10:54:00+02:00,0.0,0.0,-0.000147,-0.004843,-0.000297,0.0,-0.001864,-0.002845,-0.00511,-0.0,0.0,0.0,-0.005262,-0.004959,-0.001821,-0.006666,-0.0,0.0,0.0,-0.007977,0.0,-0.007682,-0.003996,0.0,-0.007209,-0.007739,-0.002619,0.0,-0.001449,-0.0,0.0,-0.004407,0.0,-0.00367,-0.004291,0.0,-0.000491,-0.003948,0.0,-0.008472,-0.002512,0.0,-0.003111,0.0,-5.7e-05,-0.002018,-0.002318,-0.004714,-0.002577,0.0,0.0,-0.004529,-0.003933,-0.00496,0.0,0.0,-0.0,0.0,0.0,-0.001875,-0.004683,-0.007549,-0.004364,0.0,-0.000324,-0.007078,-0.001276,-0.004962,0.0,-0.001161,-0.002215,-0.0,0.0,-0.004236,-0.004626,0.0,-0.0,0.0,-0.003073,0.0,-0.004333,0.0,-0.002306,-0.007436,-0.0,-0.0,-0.006211,0.0,0.0,0.0,-8e-06,-0.004597,-0.005262,0.0,-0.002763,-0.002709,-0.008256,-0.00821,0.0,-0.007042,0.0,-0.005678,-0.002572,0.0,-0.002547,-0.008975,-0.005532,-0.005308,-0.005564,-0.008022,-0.002561,-0.00118,-0.001408,0.0,-0.000864,-0.003555,-0.003948,-0.005763
2017-05-27 10:55:00+02:00,0.0,0.0,-0.000125,-0.004853,-0.000283,0.0,-0.001858,-0.002842,-0.005136,-0.0,0.0,0.0,-0.005277,-0.004976,-0.001835,-0.006686,-0.0,0.0,0.0,-0.007989,0.0,-0.007694,-0.003999,0.0,-0.007253,-0.007766,-0.002614,0.0,-0.001443,-0.0,0.0,-0.004435,0.0,-0.003697,-0.004327,0.0,-0.000492,-0.003947,0.0,-0.00853,-0.002512,0.0,-0.003101,0.0,-4.5e-05,-0.002012,-0.002315,-0.004711,-0.002589,0.0,0.0,-0.004534,-0.003947,-0.004976,0.0,0.0,-0.0,0.0,0.0,-0.001867,-0.004686,-0.0076,-0.004372,0.0,-0.000303,-0.007101,-0.001268,-0.00496,0.0,-0.001155,-0.002208,-0.0,0.0,-0.004246,-0.004646,0.0,-0.0,0.0,-0.00307,0.0,-0.004344,0.0,-0.002303,-0.007485,-0.0,-0.0,-0.006215,0.0,0.0,0.0,-6e-06,-0.004612,-0.005276,0.0,-0.002774,-0.002725,-0.008281,-0.008236,0.0,-0.007087,0.0,-0.005693,-0.002562,0.0,-0.002545,-0.008996,-0.005544,-0.005339,-0.005576,-0.00805,-0.002561,-0.001173,-0.001397,0.0,-0.000853,-0.003547,-0.003953,-0.005774
2017-05-27 10:56:00+02:00,0.0,0.0,-0.000115,-0.004865,-0.000265,0.0,-0.001848,-0.002833,-0.005176,-0.0,0.0,0.0,-0.005291,-0.004992,-0.00186,-0.006707,-0.0,0.0,0.0,-0.008004,0.0,-0.007709,-0.003993,0.0,-0.007315,-0.007792,-0.002605,0.0,-0.001441,-0.0,0.0,-0.004477,0.0,-0.003737,-0.004381,0.0,-0.00051,-0.003939,0.0,-0.008622,-0.002507,0.0,-0.003102,0.0,-3.6e-05,-0.002011,-0.002314,-0.004712,-0.002616,0.0,0.0,-0.004542,-0.003961,-0.004993,0.0,0.0,-0.0,0.0,0.0,-0.001855,-0.004692,-0.007681,-0.004382,0.0,-0.000294,-0.007124,-0.001257,-0.004961,0.0,-0.001145,-0.002208,-0.0,0.0,-0.004258,-0.004665,0.0,-0.0,0.0,-0.00306,0.0,-0.004356,0.0,-0.002303,-0.007562,-0.0,-0.0,-0.006219,0.0,0.0,0.0,-5e-06,-0.004627,-0.005291,0.0,-0.002786,-0.00276,-0.008304,-0.008261,0.0,-0.007154,0.0,-0.00571,-0.00256,0.0,-0.002539,-0.009016,-0.005557,-0.005394,-0.00559,-0.008077,-0.002556,-0.00117,-0.001394,0.0,-0.000836,-0.003548,-0.003961,-0.005784
2017-05-27 10:57:00+02:00,0.0,0.0,-9.3e-05,-0.004876,-0.000248,0.0,-0.00184,-0.002828,-0.00521,-0.0,0.0,0.0,-0.005307,-0.00501,-0.001879,-0.006728,-0.0,0.0,0.0,-0.007987,0.0,-0.007692,-0.00399,0.0,-0.007367,-0.007818,-0.002598,0.0,-0.00144,-0.0,0.0,-0.004512,0.0,-0.003771,-0.004427,0.0,-0.000519,-0.003934,0.0,-0.008698,-0.002504,0.0,-0.003083,0.0,-2.9e-05,-0.00201,-0.002314,-0.004694,-0.002635,0.0,0.0,-0.004531,-0.003976,-0.00501,0.0,0.0,-0.0,0.0,0.0,-0.001843,-0.004678,-0.007747,-0.004392,0.0,-0.000272,-0.007146,-0.001247,-0.004941,0.0,-0.001137,-0.002196,-0.0,0.0,-0.004254,-0.004684,0.0,-0.0,0.0,-0.003053,0.0,-0.004369,0.0,-0.002304,-0.007626,-0.0,-0.0,-0.006224,0.0,0.0,0.0,-4e-06,-0.004643,-0.005307,0.0,-0.002798,-0.002785,-0.008329,-0.008286,0.0,-0.00721,0.0,-0.005726,-0.002544,0.0,-0.002535,-0.009038,-0.005571,-0.005438,-0.005605,-0.008104,-0.002554,-0.001168,-0.00138,0.0,-0.00082,-0.003531,-0.003969,-0.005796
2017-05-27 10:58:00+02:00,0.0,0.0,-8.2e-05,-0.004887,-0.000233,0.0,-0.001832,-0.002823,-0.005233,-0.0,0.0,0.0,-0.00532,-0.005025,-0.001893,-0.006748,-0.0,0.0,0.0,-0.008001,0.0,-0.007706,-0.00399,0.0,-0.007407,-0.007843,-0.002592,0.0,-0.001437,-0.0,0.0,-0.004538,0.0,-0.003797,-0.004464,0.0,-0.000521,-0.003931,0.0,-0.008757,-0.002502,0.0,-0.003082,0.0,-2.3e-05,-0.002009,-0.002313,-0.004693,-0.002647,0.0,0.0,-0.004537,-0.003989,-0.005025,0.0,0.0,-0.0,0.0,0.0,-0.001833,-0.004683,-0.007798,-0.004401,0.0,-0.000262,-0.007168,-0.001238,-0.00494,0.0,-0.001129,-0.002195,-0.0,0.0,-0.004265,-0.004702,0.0,-0.0,0.0,-0.003048,0.0,-0.004379,0.0,-0.002304,-0.007674,-0.0,-0.0,-0.006225,0.0,0.0,0.0,-3e-06,-0.004658,-0.00532,0.0,-0.00281,-0.002801,-0.008351,-0.00831,0.0,-0.007252,0.0,-0.005741,-0.00254,0.0,-0.002532,-0.009056,-0.005582,-0.005469,-0.005618,-0.008129,-0.002552,-0.001164,-0.001376,0.0,-0.000807,-0.003531,-0.003977,-0.005805
2017-05-27 10:59:00+02:00,0.0,0.0,-6.5e-05,-0.004892,-0.000216,0.0,-0.001822,-0.002816,-0.005236,-0.0,0.0,0.0,-0.005331,-0.005039,-0.001895,-0.00676,-0.0,0.0,0.0,-0.007999,0.0,-0.007706,-0.003987,0.0,-0.007421,-0.00786,-0.002583,0.0,-0.001432,-0.0,0.0,-0.004547,0.0,-0.003808,-0.004484,0.0,-0.000507,-0.003924,0.0,-0.008782,-0.002497,0.0,-0.003074,0.0,-1.9e-05,-0.002003,-0.002308,-0.004681,-0.002643,0.0,0.0,-0.004533,-0.003997,-0.005039,0.0,0.0,-0.0,0.0,0.0,-0.00182,-0.004676,-0.00782,-0.004405,0.0,-0.000245,-0.007182,-0.001228,-0.004928,0.0,-0.001119,-0.002188,-0.0,0.0,-0.004267,-0.004718,0.0,-0.0,0.0,-0.003039,0.0,-0.004384,0.0,-0.0023,-0.007695,-0.0,-0.0,-0.006224,0.0,0.0,0.0,-2e-06,-0.004666,-0.005331,0.0,-0.002817,-0.002796,-0.008364,-0.008324,0.0,-0.007266,0.0,-0.00575,-0.00253,0.0,-0.002525,-0.009073,-0.005591,-0.005473,-0.005625,-0.008146,-0.002548,-0.001158,-0.001366,0.0,-0.000791,-0.003523,-0.003979,-0.005812
2017-05-27 11:00:00+02:00,0.0,0.0,-5.2e-05,-0.00489,-0.000196,0.0,-0.001809,-0.002805,-0.005218,-0.0,0.0,0.0,-0.005344,-0.005053,-0.001886,-0.006765,-0.0,0.0,0.0,-0.008005,0.0,-0.007712,-0.00398,0.0,-0.007406,-0.007869,-0.002571,0.0,-0.00142,-0.0,0.0,-0.004537,0.0,-0.003803,-0.004489,0.0,-0.000476,-0.003912,0.0,-0.008778,-0.002489,0.0,-0.003066,0.0,-1.5e-05,-0.001989,-0.002297,-0.004674,-0.002625,0.0,0.0,-0.004534,-0.004001,-0.005053,0.0,0.0,-0.0,0.0,0.0,-0.001804,-0.004675,-0.007814,-0.004401,0.0,-0.000227,-0.007189,-0.001214,-0.004921,0.0,-0.001107,-0.002181,-0.0,0.0,-0.004274,-0.004735,0.0,-0.0,0.0,-0.003026,0.0,-0.004384,0.0,-0.002288,-0.007688,-0.0,-0.0,-0.006224,0.0,0.0,0.0,-2e-06,-0.00467,-0.005344,0.0,-0.002821,-0.002773,-0.008369,-0.008331,0.0,-0.007252,0.0,-0.005752,-0.002521,0.0,-0.002516,-0.009093,-0.005601,-0.005454,-0.005622,-0.008155,-0.00254,-0.001146,-0.001357,0.0,-0.000771,-0.003516,-0.003972,-0.00582
2017-05-27 11:01:00+02:00,0.0,0.0,-5.3e-05,-0.004899,-0.000157,0.0,-0.00175,-0.002749,-0.005121,-0.0,0.0,0.0,-0.005357,-0.005059,-0.001833,-0.006782,-0.0,0.0,0.0,-0.008045,0.0,-0.007752,-0.003906,0.0,-0.007279,-0.007892,-0.002513,0.0,-0.001415,-0.0,0.0,-0.004458,0.0,-0.003737,-0.004417,0.0,-0.000383,-0.00383,0.0,-0.008626,-0.002438,0.0,-0.003082,0.0,-1.2e-05,-0.001985,-0.002293,-0.004688,-0.002548,0.0,0.0,-0.004556,-0.004012,-0.005069,0.0,0.0,-0.0,0.0,0.0,-0.001707,-0.004696,-0.007677,-0.004408,0.0,-0.00023,-0.007209,-0.001147,-0.004937,0.0,-0.001043,-0.002191,-0.0,0.0,-0.004299,-0.004701,0.0,-0.0,0.0,-0.002942,0.0,-0.004392,0.0,-0.002285,-0.007553,-0.0,-0.0,-0.006226,0.0,0.0,0.0,-2e-06,-0.004681,-0.005357,0.0,-0.002831,-0.002671,-0.008389,-0.008352,0.0,-0.007124,0.0,-0.005765,-0.002529,0.0,-0.002462,-0.009114,-0.005613,-0.00533,-0.005632,-0.008179,-0.00249,-0.001141,-0.001362,0.0,-0.00069,-0.003534,-0.003976,-0.005829
2017-05-27 11:02:00+02:00,0.0,0.0,-8.5e-05,-0.004936,-0.000125,0.0,-0.001726,-0.002728,-0.005079,-0.0,0.0,0.0,-0.005369,-0.005075,-0.001815,-0.006829,-0.0,0.0,0.0,-0.008106,0.0,-0.007812,-0.003882,0.0,-0.007227,-0.007945,-0.002491,0.0,-0.001431,-0.0,0.0,-0.004427,0.0,-0.003713,-0.004388,0.0,-0.000351,-0.003802,0.0,-0.008558,-0.00242,0.0,-0.003126,0.0,-1e-05,-0.002011,-0.00231,-0.004718,-0.002518,0.0,0.0,-0.004591,-0.004041,-0.005083,0.0,0.0,-0.0,0.0,0.0,-0.001666,-0.004729,-0.007619,-0.004443,0.0,-0.000263,-0.007258,-0.001117,-0.004967,0.0,-0.001015,-0.002219,-0.0,0.0,-0.004336,-0.004704,0.0,-0.0,0.0,-0.002912,0.0,-0.004419,0.0,-0.002311,-0.007494,-0.0,-0.0,-0.006226,0.0,0.0,0.0,-1e-06,-0.004712,-0.005369,0.0,-0.002856,-0.002635,-0.008438,-0.008403,0.0,-0.007074,0.0,-0.005807,-0.002556,0.0,-0.002443,-0.009132,-0.005623,-0.005281,-0.005673,-0.008231,-0.002472,-0.001156,-0.001388,0.0,-0.00066,-0.003581,-0.004011,-0.005836
2017-05-27 11:03:00+02:00,0.0,0.0,-7.8e-05,-0.004937,-0.0001,0.0,-0.001689,-0.002692,-0.005002,-0.0,0.0,0.0,-0.005378,-0.005074,-0.001777,-0.006835,-0.0,0.0,0.0,-0.008132,0.0,-0.007839,-0.003838,0.0,-0.007125,-0.007953,-0.002455,0.0,-0.001425,-0.0,0.0,-0.004366,0.0,-0.003663,-0.004337,0.0,-0.000285,-0.003751,0.0,-0.008446,-0.002389,0.0,-0.003131,0.0,-8e-06,-0.002005,-0.002304,-0.004725,-0.002462,0.0,0.0,-0.004607,-0.004047,-0.005094,0.0,0.0,-0.0,0.0,0.0,-0.001606,-0.004743,-0.007518,-0.004444,0.0,-0.000258,-0.007265,-0.001075,-0.004976,0.0,-0.000976,-0.002222,-0.0,0.0,-0.004354,-0.004676,0.0,-0.0,0.0,-0.002861,0.0,-0.004421,0.0,-0.002306,-0.007394,-0.0,-0.0,-0.006216,0.0,0.0,0.0,-1e-06,-0.004717,-0.005378,0.0,-0.002861,-0.002562,-0.008442,-0.008408,0.0,-0.006976,0.0,-0.005811,-0.002557,0.0,-0.00241,-0.009144,-0.00563,-0.005191,-0.005674,-0.008238,-0.002441,-0.00115,-0.001387,0.0,-0.000609,-0.003587,-0.004009,-0.005841
2017-05-27 11:04:00+02:00,0.0,0.0,-7.5e-05,-0.004959,-8e-05,0.0,-0.001673,-0.002677,-0.004968,-0.0,0.0,0.0,-0.005384,-0.005072,-0.001757,-0.00686,-0.0,0.0,0.0,-0.008135,0.0,-0.007843,-0.00382,0.0,-0.00708,-0.007978,-0.002438,0.0,-0.001438,-0.0,0.0,-0.004337,0.0,-0.003638,-0.004299,0.0,-0.000252,-0.00373,0.0,-0.00836,-0.002377,0.0,-0.003131,0.0,-6e-06,-0.002025,-0.002316,-0.00472,-0.00243,0.0,0.0,-0.004608,-0.004063,-0.005102,0.0,0.0,-0.0,0.0,0.0,-0.001578,-0.004743,-0.007446,-0.004466,0.0,-0.000255,-0.00729,-0.001055,-0.004971,0.0,-0.000957,-0.002221,-0.0,0.0,-0.00436,-0.004654,0.0,-0.0,0.0,-0.002839,0.0,-0.004436,0.0,-0.002327,-0.007322,-0.0,-0.0,-0.006201,0.0,0.0,0.0,-1e-06,-0.004733,-0.005384,0.0,-0.002878,-0.002523,-0.008463,-0.00843,0.0,-0.006925,0.0,-0.005835,-0.002554,0.0,-0.002396,-0.00915,-0.005634,-0.005136,-0.005697,-0.008263,-0.002429,-0.001162,-0.001385,0.0,-0.000589,-0.003586,-0.004032,-0.005843
2017-05-27 11:05:00+02:00,0.0,0.0,-7.4e-05,-0.004976,-6.4e-05,0.0,-0.001658,-0.002662,-0.004981,-0.0,0.0,0.0,-0.005389,-0.005085,-0.001767,-0.00688,-0.0,0.0,0.0,-0.008135,0.0,-0.007844,-0.003803,0.0,-0.007101,-0.007998,-0.002423,0.0,-0.001448,-0.0,0.0,-0.00435,0.0,-0.003652,-0.004312,0.0,-0.000264,-0.003711,0.0,-0.008371,-0.002365,0.0,-0.00313,0.0,-5e-06,-0.002042,-0.002325,-0.004714,-0.002437,0.0,0.0,-0.004609,-0.004077,-0.005109,0.0,0.0,-0.0,0.0,0.0,-0.001554,-0.004742,-0.007459,-0.004484,0.0,-0.000254,-0.00731,-0.001037,-0.004966,0.0,-0.00094,-0.00222,-0.0,0.0,-0.004364,-0.004685,0.0,-0.0,0.0,-0.002819,0.0,-0.004448,0.0,-0.002344,-0.007333,-0.0,-0.0,-0.006191,0.0,0.0,0.0,-1e-06,-0.004746,-0.005389,0.0,-0.002892,-0.002536,-0.008478,-0.008447,0.0,-0.006944,0.0,-0.005854,-0.00255,0.0,-0.002383,-0.009153,-0.005637,-0.005149,-0.005715,-0.008282,-0.002417,-0.001172,-0.001384,0.0,-0.000572,-0.003585,-0.00405,-0.005844
2017-05-27 11:06:00+02:00,0.0,0.0,-6.4e-05,-0.004979,-5.1e-05,0.0,-0.001632,-0.002637,-0.004974,-0.0,0.0,0.0,-0.005398,-0.0051,-0.001767,-0.006888,-0.0,0.0,0.0,-0.008121,0.0,-0.007831,-0.003772,0.0,-0.007094,-0.008008,-0.002398,0.0,-0.001446,-0.0,0.0,-0.004349,0.0,-0.003653,-0.004316,0.0,-0.000256,-0.003676,0.0,-0.008366,-0.002345,0.0,-0.003118,0.0,-4e-06,-0.002042,-0.002323,-0.004698,-0.002432,0.0,0.0,-0.004601,-0.004084,-0.005119,0.0,0.0,-0.0,0.0,0.0,-0.001515,-0.004732,-0.007456,-0.004487,0.0,-0.000245,-0.007319,-0.00101,-0.00495,0.0,-0.000914,-0.002212,-0.0,0.0,-0.004361,-0.004704,0.0,-0.0,0.0,-0.002784,0.0,-0.004452,0.0,-0.002344,-0.007329,-0.0,-0.0,-0.006193,0.0,0.0,0.0,-1e-06,-0.004753,-0.005398,0.0,-0.002898,-0.002531,-0.008485,-0.008454,0.0,-0.00694,0.0,-0.00586,-0.002539,0.0,-0.002361,-0.009162,-0.005644,-0.005143,-0.005719,-0.008292,-0.002396,-0.001171,-0.001376,0.0,-0.000538,-0.003574,-0.004053,-0.005849
2017-05-27 11:07:00+02:00,0.0,0.0,-6.6e-05,-0.005011,-4.1e-05,0.0,-0.001618,-0.002623,-0.005006,-0.0,0.0,0.0,-0.00541,-0.005117,-0.001791,-0.006931,-0.0,0.0,0.0,-0.008139,0.0,-0.007849,-0.003758,0.0,-0.007147,-0.008059,-0.002384,0.0,-0.001459,-0.0,0.0,-0.004382,0.0,-0.003686,-0.004349,0.0,-0.00028,-0.003661,0.0,-0.008418,-0.002335,0.0,-0.003127,0.0,-3e-06,-0.002064,-0.002336,-0.0047,-0.002455,0.0,0.0,-0.00461,-0.004111,-0.005133,0.0,0.0,-0.0,0.0,0.0,-0.001493,-0.004739,-0.007506,-0.004518,0.0,-0.000248,-0.007365,-0.000994,-0.004952,0.0,-0.0009,-0.002216,-0.0,0.0,-0.004375,-0.004742,0.0,-0.0,0.0,-0.002768,0.0,-0.004477,0.0,-0.002367,-0.007377,-0.0,-0.0,-0.006197,0.0,0.0,0.0,-0.0,-0.004783,-0.00541,0.0,-0.002921,-0.002566,-0.008534,-0.008504,0.0,-0.006993,0.0,-0.005898,-0.002541,0.0,-0.002349,-0.009179,-0.005653,-0.005187,-0.005754,-0.008343,-0.002386,-0.001183,-0.001379,0.0,-0.000519,-0.003583,-0.004082,-0.005856
2017-05-27 11:08:00+02:00,0.0,0.0,-7.8e-05,-0.005057,-3.3e-05,0.0,-0.001619,-0.002626,-0.00504,-0.0,0.0,0.0,-0.005419,-0.005132,-0.001814,-0.006988,-0.0,0.0,0.0,-0.008166,0.0,-0.007877,-0.003771,0.0,-0.007206,-0.008123,-0.002386,0.0,-0.001479,-0.0,0.0,-0.004416,0.0,-0.003717,-0.00438,0.0,-0.000307,-0.00367,0.0,-0.008464,-0.00234,0.0,-0.003144,0.0,-2e-06,-0.002097,-0.002357,-0.004707,-0.002478,0.0,0.0,-0.004624,-0.004145,-0.005144,0.0,0.0,-0.0,0.0,0.0,-0.001494,-0.004751,-0.007554,-0.004562,0.0,-0.000259,-0.007425,-0.000992,-0.004959,0.0,-0.000898,-0.002226,-0.0,0.0,-0.004393,-0.004773,0.0,-0.0,0.0,-0.002775,0.0,-0.00451,0.0,-0.002401,-0.007423,-0.0,-0.0,-0.006195,0.0,0.0,0.0,-0.0,-0.004819,-0.005419,0.0,-0.002951,-0.002602,-0.008596,-0.008567,0.0,-0.007048,0.0,-0.005949,-0.002549,0.0,-0.002353,-0.009194,-0.00566,-0.005231,-0.005803,-0.008408,-0.002391,-0.001202,-0.001387,0.0,-0.00052,-0.003601,-0.004123,-0.00586
2017-05-27 11:09:00+02:00,0.0,0.0,-8.6e-05,-0.005088,-2.6e-05,0.0,-0.001614,-0.002623,-0.005069,-0.0,0.0,0.0,-0.005426,-0.005144,-0.001835,-0.007028,-0.0,0.0,0.0,-0.008189,0.0,-0.007902,-0.003774,0.0,-0.007259,-0.008169,-0.002382,0.0,-0.00149,-0.0,0.0,-0.004446,0.0,-0.003747,-0.004411,0.0,-0.00033,-0.003669,0.0,-0.008512,-0.002339,0.0,-0.003158,0.0,-2e-06,-0.002118,-0.00237,-0.004711,-0.002498,0.0,0.0,-0.004636,-0.004169,-0.005154,0.0,0.0,-0.0,0.0,0.0,-0.001488,-0.004761,-0.007602,-0.004591,0.0,-0.000268,-0.007467,-0.000986,-0.004964,0.0,-0.000893,-0.002233,-0.0,0.0,-0.004408,-0.004799,0.0,-0.0,0.0,-0.002773,0.0,-0.004531,0.0,-0.002422,-0.00747,-0.0,-0.0,-0.006187,0.0,0.0,0.0,-0.0,-0.004844,-0.005426,0.0,-0.002972,-0.002634,-0.008638,-0.008611,0.0,-0.007098,0.0,-0.005984,-0.002554,0.0,-0.002351,-0.009207,-0.005665,-0.00527,-0.005835,-0.008455,-0.00239,-0.001213,-0.001393,0.0,-0.000515,-0.003616,-0.004151,-0.005863
2017-05-27 11:10:00+02:00,0.0,0.0,-8.8e-05,-0.005111,-2.1e-05,0.0,-0.00161,-0.00262,-0.0051,-0.0,0.0,0.0,-0.005436,-0.005158,-0.001858,-0.007059,-0.0,0.0,0.0,-0.00821,0.0,-0.007923,-0.003777,0.0,-0.007315,-0.008205,-0.002378,0.0,-0.001496,-0.0,0.0,-0.00448,0.0,-0.00378,-0.00445,0.0,-0.000354,-0.003668,0.0,-0.008576,-0.002338,0.0,-0.003168,0.0,-2e-06,-0.00213,-0.002376,-0.004714,-0.002522,0.0,0.0,-0.004646,-0.004188,-0.005166,0.0,0.0,-0.0,0.0,0.0,-0.001483,-0.004769,-0.007663,-0.004613,0.0,-0.000271,-0.0075,-0.000981,-0.004968,0.0,-0.000889,-0.002238,-0.0,0.0,-0.004423,-0.004824,0.0,-0.0,0.0,-0.002772,0.0,-0.004548,0.0,-0.002436,-0.007529,-0.0,-0.0,-0.006188,0.0,0.0,0.0,-0.0,-0.004864,-0.005436,0.0,-0.002989,-0.002669,-0.008671,-0.008645,0.0,-0.007154,0.0,-0.006011,-0.002556,0.0,-0.002349,-0.009222,-0.005673,-0.005317,-0.005859,-0.008491,-0.00239,-0.001218,-0.001396,0.0,-0.000511,-0.003626,-0.004171,-0.005868
2017-05-27 11:11:00+02:00,0.0,0.0,-9.1e-05,-0.005113,-1.7e-05,0.0,-0.001604,-0.002615,-0.005121,-0.0,0.0,0.0,-0.005446,-0.005171,-0.001873,-0.007065,-0.0,0.0,0.0,-0.008245,0.0,-0.007959,-0.003776,0.0,-0.007353,-0.008215,-0.002372,0.0,-0.001491,-0.0,0.0,-0.004503,0.0,-0.003804,-0.00448,0.0,-0.000363,-0.003664,0.0,-0.008621,-0.002335,0.0,-0.003182,0.0,-1e-06,-0.002125,-0.002371,-0.004727,-0.002534,0.0,0.0,-0.004667,-0.004193,-0.005178,0.0,0.0,-0.0,0.0,0.0,-0.001474,-0.004789,-0.007705,-0.004614,0.0,-0.000274,-0.007507,-0.000973,-0.004983,0.0,-0.000882,-0.002246,-0.0,0.0,-0.004446,-0.004847,0.0,-0.0,0.0,-0.002766,0.0,-0.004549,0.0,-0.002432,-0.007569,-0.0,-0.0,-0.006189,0.0,0.0,0.0,-0.0,-0.004869,-0.005446,0.0,-0.002994,-0.002688,-0.008676,-0.008652,0.0,-0.007192,0.0,-0.006016,-0.002563,0.0,-0.002345,-0.009236,-0.00568,-0.005346,-0.005861,-0.0085,-0.002388,-0.001213,-0.001401,0.0,-0.000502,-0.003642,-0.004171,-0.005873
2017-05-27 11:12:00+02:00,0.0,0.0,-9.5e-05,-0.005133,-1.3e-05,0.0,-0.001602,-0.002616,-0.005138,-0.0,0.0,0.0,-0.005457,-0.005186,-0.001885,-0.007094,-0.0,0.0,0.0,-0.008287,0.0,-0.008001,-0.003784,0.0,-0.007388,-0.008249,-0.002371,0.0,-0.001494,-0.0,0.0,-0.004523,0.0,-0.003825,-0.004508,0.0,-0.000368,-0.003668,0.0,-0.008662,-0.002337,0.0,-0.003199,0.0,-1e-06,-0.002132,-0.002375,-0.004743,-0.002544,0.0,0.0,-0.004691,-0.00421,-0.005191,0.0,0.0,-0.0,0.0,0.0,-0.001471,-0.004811,-0.007743,-0.004632,0.0,-0.000279,-0.007538,-0.000969,-0.005,0.0,-0.000879,-0.002256,-0.0,0.0,-0.004472,-0.00487,0.0,-0.0,0.0,-0.002768,0.0,-0.004564,0.0,-0.002441,-0.007606,-0.0,-0.0,-0.006192,0.0,0.0,0.0,-0.0,-0.004887,-0.005457,0.0,-0.003009,-0.002703,-0.008707,-0.008684,0.0,-0.007226,0.0,-0.00604,-0.002572,0.0,-0.002346,-0.009254,-0.005689,-0.00537,-0.005882,-0.008534,-0.002391,-0.001215,-0.001408,0.0,-0.000498,-0.003661,-0.004186,-0.00588
2017-05-27 11:13:00+02:00,0.0,0.0,-9.6e-05,-0.005141,-1.1e-05,0.0,-0.001605,-0.002622,-0.005147,-0.0,0.0,0.0,-0.005469,-0.005201,-0.001892,-0.007106,-0.0,0.0,0.0,-0.008327,0.0,-0.008043,-0.003802,0.0,-0.007414,-0.008266,-0.002376,0.0,-0.001491,-0.0,0.0,-0.004537,0.0,-0.003839,-0.004528,0.0,-0.000364,-0.003683,0.0,-0.00869,-0.002346,0.0,-0.003215,0.0,-1e-06,-0.00213,-0.002372,-0.004756,-0.002547,0.0,0.0,-0.004712,-0.004218,-0.005206,0.0,0.0,-0.0,0.0,0.0,-0.001475,-0.004831,-0.00777,-0.004639,0.0,-0.000281,-0.007552,-0.00097,-0.005016,0.0,-0.000881,-0.002265,-0.0,0.0,-0.004497,-0.004892,0.0,-0.0,0.0,-0.002779,0.0,-0.004568,0.0,-0.002441,-0.007632,-0.0,-0.0,-0.006194,0.0,0.0,0.0,-0.0,-0.004894,-0.005469,0.0,-0.003017,-0.00271,-0.008719,-0.008698,0.0,-0.007249,0.0,-0.00605,-0.002579,0.0,-0.002353,-0.009275,-0.005699,-0.005384,-0.005889,-0.008551,-0.002399,-0.001211,-0.001413,0.0,-0.000499,-0.003679,-0.004191,-0.005888
2017-05-27 11:14:00+02:00,0.0,0.0,-9.6e-05,-0.005148,-9e-06,0.0,-0.00161,-0.002631,-0.005145,-0.0,0.0,0.0,-0.005486,-0.005221,-0.001891,-0.007119,-0.0,0.0,0.0,-0.008371,0.0,-0.008087,-0.003823,0.0,-0.007422,-0.008283,-0.002384,0.0,-0.001485,-0.0,0.0,-0.004539,0.0,-0.003844,-0.004537,0.0,-0.000345,-0.003702,0.0,-0.008696,-0.002356,0.0,-0.003232,0.0,-1e-06,-0.002126,-0.002368,-0.004771,-0.002538,0.0,0.0,-0.004736,-0.004225,-0.005224,0.0,0.0,-0.0,0.0,0.0,-0.001481,-0.004853,-0.007777,-0.004645,0.0,-0.000282,-0.007565,-0.000972,-0.005033,0.0,-0.000883,-0.002274,-0.0,0.0,-0.004524,-0.004917,0.0,-0.0,0.0,-0.002793,0.0,-0.004571,0.0,-0.002438,-0.007638,-0.0,-0.0,-0.0062,0.0,0.0,0.0,-0.0,-0.004901,-0.005486,0.0,-0.003025,-0.002699,-0.008732,-0.008713,0.0,-0.007255,0.0,-0.006061,-0.002587,0.0,-0.002363,-0.009303,-0.005713,-0.00538,-0.005897,-0.008568,-0.00241,-0.001205,-0.001418,0.0,-0.000501,-0.003698,-0.004195,-0.0059
2017-05-27 11:15:00+02:00,0.0,0.0,-9.3e-05,-0.005183,-7e-06,0.0,-0.001621,-0.002646,-0.005159,-0.0,0.0,0.0,-0.005502,-0.00524,-0.001899,-0.007166,-0.0,0.0,0.0,-0.008418,0.0,-0.008134,-0.003854,0.0,-0.007454,-0.008337,-0.002399,0.0,-0.001494,-0.0,0.0,-0.004557,0.0,-0.003862,-0.00456,0.0,-0.00034,-0.00373,0.0,-0.008729,-0.002374,0.0,-0.003248,0.0,-1e-06,-0.002141,-0.002379,-0.004789,-0.002542,0.0,0.0,-0.004761,-0.004253,-0.005243,0.0,0.0,-0.0,0.0,0.0,-0.001496,-0.004877,-0.007808,-0.004677,0.0,-0.00028,-0.007615,-0.00098,-0.005052,0.0,-0.000891,-0.002283,-0.0,0.0,-0.004553,-0.004941,0.0,-0.0,0.0,-0.002816,0.0,-0.004598,0.0,-0.002456,-0.007668,-0.0,-0.0,-0.006207,0.0,0.0,0.0,-0.0,-0.004932,-0.005502,0.0,-0.003049,-0.002707,-0.008784,-0.008766,0.0,-0.007284,0.0,-0.006102,-0.002595,0.0,-0.002379,-0.00933,-0.005728,-0.005397,-0.005934,-0.008623,-0.002427,-0.001212,-0.001422,0.0,-0.00051,-0.003716,-0.004223,-0.005912
2017-05-27 11:16:00+02:00,0.0,0.0,-7.5e-05,-0.005194,-6e-06,0.0,-0.001614,-0.002645,-0.005165,-0.0,0.0,0.0,-0.005519,-0.005259,-0.001899,-0.007188,-0.0,0.0,0.0,-0.008439,0.0,-0.008156,-0.003858,0.0,-0.00747,-0.008366,-0.002396,0.0,-0.001488,-0.0,0.0,-0.004566,0.0,-0.003872,-0.004575,0.0,-0.000319,-0.003731,0.0,-0.008746,-0.002374,0.0,-0.00324,0.0,-0.0,-0.002135,-0.002376,-0.00479,-0.002537,0.0,0.0,-0.004772,-0.004267,-0.005261,0.0,0.0,-0.0,0.0,0.0,-0.001484,-0.004885,-0.007824,-0.004686,0.0,-0.000256,-0.007638,-0.00097,-0.005055,0.0,-0.000882,-0.002278,-0.0,0.0,-0.004568,-0.004964,0.0,-0.0,0.0,-0.002812,0.0,-0.004609,0.0,-0.002452,-0.007683,-0.0,-0.0,-0.006214,0.0,0.0,0.0,-0.0,-0.004947,-0.005519,0.0,-0.003061,-0.002698,-0.00881,-0.008793,0.0,-0.007298,0.0,-0.006118,-0.002588,0.0,-0.002378,-0.009356,-0.005743,-0.005399,-0.005947,-0.008653,-0.002427,-0.001205,-0.001411,0.0,-0.000493,-0.00371,-0.004228,-0.005925
2017-05-27 11:17:00+02:00,0.0,0.0,-6e-05,-0.005203,-4e-06,0.0,-0.001605,-0.002639,-0.005173,-0.0,0.0,0.0,-0.005533,-0.005275,-0.001902,-0.007206,-0.0,0.0,0.0,-0.008456,0.0,-0.008174,-0.003856,0.0,-0.007492,-0.008391,-0.002389,0.0,-0.001481,-0.0,0.0,-0.004577,0.0,-0.003885,-0.004596,0.0,-0.000303,-0.003725,0.0,-0.008775,-0.00237,0.0,-0.003233,0.0,-0.0,-0.002127,-0.002371,-0.004789,-0.002535,0.0,0.0,-0.004779,-0.004279,-0.005277,0.0,0.0,-0.0,0.0,0.0,-0.001469,-0.004891,-0.007849,-0.004692,0.0,-0.000236,-0.00766,-0.000959,-0.005056,0.0,-0.000871,-0.002272,-0.0,0.0,-0.00458,-0.004984,0.0,-0.0,0.0,-0.002802,0.0,-0.004617,0.0,-0.002446,-0.007708,-0.0,-0.0,-0.006219,0.0,0.0,0.0,-0.0,-0.004959,-0.005533,0.0,-0.00307,-0.002696,-0.008831,-0.008815,0.0,-0.007318,0.0,-0.006132,-0.00258,0.0,-0.002373,-0.009379,-0.005755,-0.005408,-0.005957,-0.008677,-0.002424,-0.001197,-0.001401,0.0,-0.000473,-0.003704,-0.004231,-0.005935
2017-05-27 11:18:00+02:00,0.0,0.0,-4.8e-05,-0.005206,-4e-06,0.0,-0.001597,-0.002634,-0.005185,-0.0,0.0,0.0,-0.005547,-0.005291,-0.001909,-0.007216,-0.0,0.0,0.0,-0.008455,0.0,-0.008175,-0.003857,0.0,-0.007521,-0.008405,-0.002383,0.0,-0.001471,-0.0,0.0,-0.004594,0.0,-0.003903,-0.004623,0.0,-0.000292,-0.003722,0.0,-0.008814,-0.002368,0.0,-0.003212,0.0,-0.0,-0.002115,-0.002363,-0.004777,-0.002538,0.0,0.0,-0.004775,-0.004285,-0.005293,0.0,0.0,-0.0,0.0,0.0,-0.001457,-0.004885,-0.007885,-0.004693,0.0,-0.000209,-0.007672,-0.000949,-0.005045,0.0,-0.000863,-0.002257,-0.0,0.0,-0.004582,-0.005004,0.0,-0.0,0.0,-0.002796,0.0,-0.00462,0.0,-0.002437,-0.007743,-0.0,-0.0,-0.006222,0.0,0.0,0.0,-0.0,-0.004966,-0.005547,0.0,-0.003075,-0.002699,-0.008841,-0.008826,0.0,-0.007346,0.0,-0.006139,-0.002562,0.0,-0.002369,-0.009401,-0.005766,-0.005424,-0.005959,-0.008691,-0.002421,-0.001186,-0.001384,0.0,-0.000457,-0.003683,-0.004229,-0.005944
2017-05-27 11:19:00+02:00,0.0,0.0,-3.8e-05,-0.005117,-3e-06,0.0,-0.001595,-0.002634,-0.005204,-0.0,0.0,0.0,-0.005556,-0.005303,-0.001921,-0.0071,-0.0,0.0,0.0,-0.00846,0.0,-0.008182,-0.003864,0.0,-0.007559,-0.008269,-0.002382,0.0,-0.001421,-0.0,0.0,-0.004615,0.0,-0.003925,-0.004652,0.0,-0.000295,-0.003725,0.0,-0.008859,-0.00237,0.0,-0.003202,0.0,-0.0,-0.002042,-0.002306,-0.00477,-0.002548,0.0,0.0,-0.004776,-0.004217,-0.005304,0.0,0.0,-0.0,0.0,0.0,-0.001455,-0.004884,-0.007927,-0.004607,0.0,-0.000193,-0.007546,-0.000946,-0.005039,0.0,-0.00086,-0.002248,-0.0,0.0,-0.004588,-0.005019,0.0,-0.0,0.0,-0.002798,0.0,-0.004542,0.0,-0.002364,-0.007784,-0.0,-0.0,-0.006218,0.0,0.0,0.0,-0.0,-0.00488,-0.005556,0.0,-0.003027,-0.002714,-0.008695,-0.008682,0.0,-0.007382,0.0,-0.006039,-0.002551,0.0,-0.00237,-0.009416,-0.005773,-0.005449,-0.005858,-0.008553,-0.002423,-0.001138,-0.001374,0.0,-0.000452,-0.003672,-0.004144,-0.005949
2017-05-27 11:20:00+02:00,0.0,0.0,-3.1e-05,-0.005164,-2e-06,0.0,-0.0016,-0.002641,-0.005222,-0.0,0.0,0.0,-0.005566,-0.005315,-0.001936,-0.007161,-0.0,0.0,0.0,-0.008475,0.0,-0.008198,-0.00388,0.0,-0.007596,-0.008338,-0.002388,0.0,-0.001439,-0.0,0.0,-0.004637,0.0,-0.003947,-0.00468,0.0,-0.000307,-0.003739,0.0,-0.008902,-0.002378,0.0,-0.003203,0.0,-0.0,-0.002072,-0.002327,-0.004771,-0.00256,0.0,0.0,-0.004783,-0.004254,-0.005316,0.0,0.0,-0.0,0.0,0.0,-0.001465,-0.004889,-0.007967,-0.004652,0.0,-0.00019,-0.007611,-0.000951,-0.005039,0.0,-0.000865,-0.002247,-0.0,0.0,-0.004599,-0.005034,0.0,-0.0,0.0,-0.00281,0.0,-0.004578,0.0,-0.002396,-0.007824,-0.0,-0.0,-0.006218,0.0,0.0,0.0,-0.0,-0.00492,-0.005566,0.0,-0.003058,-0.002735,-0.008762,-0.00875,0.0,-0.007417,0.0,-0.006093,-0.002548,0.0,-0.002378,-0.009431,-0.005781,-0.005477,-0.005909,-0.008622,-0.002432,-0.001155,-0.001372,0.0,-0.000459,-0.003673,-0.004186,-0.005954
2017-05-27 11:21:00+02:00,0.0,0.0,-2.4e-05,-0.005171,-2e-06,0.0,-0.001591,-0.002633,-0.005213,-0.0,0.0,0.0,-0.005577,-0.005328,-0.001933,-0.007172,-0.0,0.0,0.0,-0.008489,0.0,-0.008214,-0.003874,0.0,-0.007592,-0.008349,-0.00238,0.0,-0.001437,-0.0,0.0,-0.004633,0.0,-0.003947,-0.004684,0.0,-0.000291,-0.00373,0.0,-0.008898,-0.002372,0.0,-0.003202,0.0,-0.0,-0.002071,-0.002325,-0.004772,-0.002551,0.0,0.0,-0.004791,-0.004261,-0.005329,0.0,0.0,-0.0,0.0,0.0,-0.001452,-0.004894,-0.007965,-0.004658,0.0,-0.000184,-0.007622,-0.000941,-0.005041,0.0,-0.000857,-0.002245,-0.0,0.0,-0.004611,-0.005049,0.0,-0.0,0.0,-0.0028,0.0,-0.004582,0.0,-0.002396,-0.007821,-0.0,-0.0,-0.00622,0.0,0.0,0.0,-0.0,-0.004926,-0.005577,0.0,-0.003066,-0.002723,-0.008768,-0.008758,0.0,-0.007411,0.0,-0.006102,-0.002544,0.0,-0.002371,-0.009447,-0.00579,-0.005467,-0.005915,-0.008633,-0.002426,-0.001152,-0.001368,0.0,-0.000445,-0.003672,-0.00419,-0.005961
2017-05-27 11:22:00+02:00,0.0,0.0,-2.7e-05,-0.005194,-1e-06,0.0,-0.001594,-0.002637,-0.005222,-0.0,0.0,0.0,-0.005587,-0.005341,-0.001941,-0.007201,-0.0,0.0,0.0,-0.008527,0.0,-0.008253,-0.003886,0.0,-0.007613,-0.008382,-0.002383,0.0,-0.001444,-0.0,0.0,-0.004646,0.0,-0.003961,-0.004701,0.0,-0.000292,-0.003739,0.0,-0.008918,-0.002377,0.0,-0.003221,0.0,-0.0,-0.002084,-0.002333,-0.004788,-0.002556,0.0,0.0,-0.004813,-0.00428,-0.005341,0.0,0.0,-0.0,0.0,0.0,-0.001457,-0.004915,-0.007986,-0.00468,0.0,-0.000193,-0.007653,-0.000944,-0.005058,0.0,-0.000859,-0.002256,-0.0,0.0,-0.004636,-0.005064,0.0,-0.0,0.0,-0.002808,0.0,-0.004598,0.0,-0.00241,-0.007841,-0.0,-0.0,-0.006221,0.0,0.0,0.0,-0.0,-0.004946,-0.005587,0.0,-0.003083,-0.002732,-0.008798,-0.008789,0.0,-0.007431,0.0,-0.006128,-0.002554,0.0,-0.002376,-0.009462,-0.005799,-0.00548,-0.005939,-0.008666,-0.002432,-0.001159,-0.001377,0.0,-0.000448,-0.003692,-0.00421,-0.005967
2017-05-27 11:23:00+02:00,0.0,0.0,-2.7e-05,-0.005224,-1e-06,0.0,-0.001595,-0.002639,-0.005239,-0.0,0.0,0.0,-0.005599,-0.005354,-0.001954,-0.007241,-0.0,0.0,0.0,-0.00856,0.0,-0.008286,-0.003896,0.0,-0.007645,-0.008428,-0.002385,0.0,-0.001454,-0.0,0.0,-0.004666,0.0,-0.003981,-0.004727,0.0,-0.000299,-0.003746,0.0,-0.008955,-0.002382,0.0,-0.003236,0.0,-0.0,-0.002101,-0.002345,-0.004801,-0.002565,0.0,0.0,-0.004833,-0.004305,-0.005354,0.0,0.0,-0.0,0.0,0.0,-0.001459,-0.004933,-0.00802,-0.004708,0.0,-0.000199,-0.007695,-0.000943,-0.005072,0.0,-0.000859,-0.002265,-0.0,0.0,-0.004658,-0.005079,0.0,-0.0,0.0,-0.002813,0.0,-0.004622,0.0,-0.002429,-0.007874,-0.0,-0.0,-0.006223,0.0,0.0,0.0,-0.0,-0.004973,-0.005599,0.0,-0.003104,-0.002747,-0.008841,-0.008833,0.0,-0.007462,0.0,-0.006163,-0.002561,0.0,-0.002379,-0.009478,-0.005808,-0.005503,-0.005971,-0.008712,-0.002436,-0.001168,-0.001383,0.0,-0.000448,-0.003708,-0.004236,-0.005974
2017-05-27 11:24:00+02:00,0.0,0.0,-2.1e-05,-0.005246,-1e-06,0.0,-0.001587,-0.002634,-0.005253,-0.0,0.0,0.0,-0.005611,-0.005368,-0.001964,-0.007275,-0.0,0.0,0.0,-0.008582,0.0,-0.008309,-0.003893,0.0,-0.007673,-0.00847,-0.002379,0.0,-0.001457,-0.0,0.0,-0.004683,0.0,-0.004,-0.004753,0.0,-0.000298,-0.00374,0.0,-0.008993,-0.002378,0.0,-0.003239,0.0,-0.0,-0.002108,-0.002351,-0.004807,-0.002572,0.0,0.0,-0.004845,-0.004327,-0.005368,0.0,0.0,-0.0,0.0,0.0,-0.001447,-0.004944,-0.008055,-0.004728,0.0,-0.000192,-0.007732,-0.000934,-0.005078,0.0,-0.000851,-0.002267,-0.0,0.0,-0.004674,-0.005095,0.0,-0.0,0.0,-0.002805,0.0,-0.004641,0.0,-0.002438,-0.007908,-0.0,-0.0,-0.006226,0.0,0.0,0.0,-0.0,-0.004997,-0.005611,0.0,-0.003121,-0.002757,-0.00888,-0.008873,0.0,-0.00749,0.0,-0.006191,-0.002561,0.0,-0.002374,-0.009495,-0.005818,-0.005523,-0.005996,-0.008753,-0.002433,-0.00117,-0.001381,0.0,-0.000433,-0.003712,-0.004253,-0.005983
2017-05-27 11:25:00+02:00,0.0,0.0,-1.7e-05,-0.005226,-1e-06,0.0,-0.001564,-0.002613,-0.00525,-0.0,0.0,0.0,-0.005622,-0.005381,-0.00196,-0.007264,-0.0,0.0,0.0,-0.008578,0.0,-0.008307,-0.003867,0.0,-0.007679,-0.008469,-0.002356,0.0,-0.001434,-0.0,0.0,-0.004685,0.0,-0.004005,-0.004766,0.0,-0.000271,-0.00371,0.0,-0.009005,-0.002359,0.0,-0.003217,0.0,-0.0,-0.002076,-0.002329,-0.004794,-0.002562,0.0,0.0,-0.00484,-0.004322,-0.005381,0.0,0.0,-0.0,0.0,0.0,-0.001411,-0.004937,-0.008065,-0.004706,0.0,-0.000161,-0.007725,-0.00091,-0.005066,0.0,-0.000828,-0.002251,-0.0,0.0,-0.004675,-0.00511,0.0,-0.0,0.0,-0.002773,0.0,-0.004632,0.0,-0.002408,-0.007918,-0.0,-0.0,-0.006227,0.0,0.0,0.0,-0.0,-0.004994,-0.005622,0.0,-0.003114,-0.002742,-0.008874,-0.008868,0.0,-0.007494,0.0,-0.006175,-0.002544,0.0,-0.002354,-0.009512,-0.005827,-0.005517,-0.005974,-0.008751,-0.002414,-0.001146,-0.001362,0.0,-0.000395,-0.00369,-0.004228,-0.005989
2017-05-27 11:26:00+02:00,0.0,0.0,-1.4e-05,-0.005225,-1e-06,0.0,-0.001549,-0.002599,-0.005254,-0.0,0.0,0.0,-0.005633,-0.005394,-0.001962,-0.007273,-0.0,0.0,0.0,-0.008586,0.0,-0.008316,-0.003854,0.0,-0.007697,-0.008486,-0.002342,0.0,-0.001423,-0.0,0.0,-0.004694,0.0,-0.004015,-0.004783,0.0,-0.000258,-0.003693,0.0,-0.009028,-0.002348,0.0,-0.003209,0.0,-0.0,-0.002061,-0.002319,-0.004789,-0.00256,0.0,0.0,-0.004843,-0.004328,-0.005394,0.0,0.0,-0.0,0.0,0.0,-0.001391,-0.004937,-0.008086,-0.004702,0.0,-0.000143,-0.007738,-0.000895,-0.005062,0.0,-0.000814,-0.002244,-0.0,0.0,-0.004682,-0.005125,0.0,-0.0,0.0,-0.002755,0.0,-0.004634,0.0,-0.002395,-0.007938,-0.0,-0.0,-0.006228,0.0,0.0,0.0,-0.0,-0.005002,-0.005633,0.0,-0.003117,-0.002739,-0.008887,-0.008882,0.0,-0.00751,0.0,-0.006178,-0.002535,0.0,-0.002341,-0.00953,-0.005836,-0.005522,-0.005972,-0.008768,-0.002403,-0.001135,-0.001353,0.0,-0.000372,-0.003683,-0.004221,-0.005995
2017-05-27 11:27:00+02:00,0.0,0.0,-1.1e-05,-0.005265,-0.0,0.0,-0.001555,-0.002606,-0.005261,-0.0,0.0,0.0,-0.005645,-0.005408,-0.001969,-0.007325,-0.0,0.0,0.0,-0.008622,0.0,-0.008353,-0.003871,0.0,-0.007717,-0.008545,-0.002349,0.0,-0.001437,-0.0,0.0,-0.004705,0.0,-0.004028,-0.0048,0.0,-0.000258,-0.003708,0.0,-0.009047,-0.002357,0.0,-0.003227,0.0,-0.0,-0.002085,-0.002335,-0.004803,-0.002563,0.0,0.0,-0.004863,-0.004359,-0.005408,0.0,0.0,-0.0,0.0,0.0,-0.001401,-0.004956,-0.008106,-0.00474,0.0,-0.000151,-0.007793,-0.000901,-0.005077,0.0,-0.000819,-0.002255,-0.0,0.0,-0.004706,-0.005141,0.0,-0.0,0.0,-0.002768,0.0,-0.004664,0.0,-0.002421,-0.007958,-0.0,-0.0,-0.00623,0.0,0.0,0.0,-0.0,-0.005037,-0.005645,0.0,-0.003144,-0.002746,-0.008943,-0.00894,0.0,-0.007528,0.0,-0.006224,-0.002544,0.0,-0.002349,-0.009548,-0.005846,-0.005534,-0.006016,-0.008827,-0.002412,-0.001148,-0.001361,0.0,-0.00038,-0.003703,-0.004256,-0.006003
2017-05-27 11:28:00+02:00,0.0,0.0,-9e-06,-0.005289,-0.0,0.0,-0.001554,-0.002606,-0.005266,-0.0,0.0,0.0,-0.005656,-0.005421,-0.001974,-0.007358,-0.0,0.0,0.0,-0.00864,0.0,-0.008373,-0.003878,0.0,-0.007735,-0.008583,-0.002349,0.0,-0.00144,-0.0,0.0,-0.004714,0.0,-0.004039,-0.004816,0.0,-0.000252,-0.003713,0.0,-0.009067,-0.002359,0.0,-0.003228,0.0,-0.0,-0.002093,-0.002341,-0.004805,-0.002563,0.0,0.0,-0.004872,-0.004379,-0.005421,0.0,0.0,-0.0,0.0,0.0,-0.001401,-0.004962,-0.008126,-0.004761,0.0,-0.000145,-0.007828,-0.000899,-0.005079,0.0,-0.000818,-0.002254,-0.0,0.0,-0.004719,-0.005157,0.0,-0.0,0.0,-0.002771,0.0,-0.004681,0.0,-0.002431,-0.007977,-0.0,-0.0,-0.006231,0.0,0.0,0.0,-0.0,-0.005058,-0.005656,0.0,-0.003161,-0.002747,-0.008978,-0.008975,0.0,-0.007544,0.0,-0.006252,-0.002542,0.0,-0.002351,-0.009566,-0.005854,-0.005541,-0.00604,-0.008865,-0.002414,-0.00115,-0.001358,0.0,-0.000377,-0.003704,-0.004274,-0.006009
2017-05-27 11:29:00+02:00,0.0,0.0,-7e-06,-0.005315,-0.0,0.0,-0.001558,-0.002611,-0.005282,-0.0,0.0,0.0,-0.005668,-0.005435,-0.001985,-0.007393,-0.0,0.0,0.0,-0.008669,0.0,-0.008403,-0.003892,0.0,-0.007769,-0.008624,-0.002354,0.0,-0.001446,-0.0,0.0,-0.004735,0.0,-0.00406,-0.004845,0.0,-0.000256,-0.003724,0.0,-0.00911,-0.002366,0.0,-0.003239,0.0,-0.0,-0.002105,-0.002349,-0.004814,-0.002571,0.0,0.0,-0.004888,-0.004401,-0.005435,0.0,0.0,-0.0,0.0,0.0,-0.001407,-0.004976,-0.008166,-0.004785,0.0,-0.000145,-0.007866,-0.000902,-0.005089,0.0,-0.000821,-0.00226,-0.0,0.0,-0.004738,-0.005172,0.0,-0.0,0.0,-0.00278,0.0,-0.004701,0.0,-0.002444,-0.008017,-0.0,-0.0,-0.006233,0.0,0.0,0.0,-0.0,-0.005081,-0.005668,0.0,-0.00318,-0.002761,-0.009016,-0.009015,0.0,-0.007577,0.0,-0.006283,-0.002546,0.0,-0.002357,-0.009584,-0.005864,-0.005565,-0.006068,-0.008906,-0.002421,-0.001156,-0.001361,0.0,-0.000379,-0.003716,-0.004295,-0.006017
2017-05-27 11:30:00+02:00,0.0,0.0,-6e-06,-0.005328,-0.0,0.0,-0.00156,-0.002616,-0.005298,-0.0,0.0,0.0,-0.005682,-0.00545,-0.001996,-0.007413,-0.0,0.0,0.0,-0.008696,0.0,-0.00843,-0.003905,0.0,-0.007801,-0.008648,-0.002358,0.0,-0.001445,-0.0,0.0,-0.004754,0.0,-0.004081,-0.004873,0.0,-0.000257,-0.003735,0.0,-0.009152,-0.002372,0.0,-0.003246,0.0,-0.0,-0.002106,-0.00235,-0.004822,-0.002579,0.0,0.0,-0.004902,-0.004414,-0.005451,0.0,0.0,-0.0,0.0,0.0,-0.001411,-0.004989,-0.008204,-0.004796,0.0,-0.000141,-0.007887,-0.000903,-0.005098,0.0,-0.000822,-0.002263,-0.0,0.0,-0.004756,-0.00519,0.0,-0.0,0.0,-0.002788,0.0,-0.004711,0.0,-0.002447,-0.008054,-0.0,-0.0,-0.006238,0.0,0.0,0.0,-0.0,-0.005094,-0.005682,0.0,-0.003192,-0.002772,-0.009037,-0.009036,0.0,-0.007609,0.0,-0.0063,-0.002548,0.0,-0.002362,-0.009605,-0.005876,-0.005587,-0.006082,-0.00893,-0.002427,-0.001154,-0.001361,0.0,-0.000379,-0.003724,-0.004304,-0.006027
2017-05-27 11:31:00+02:00,0.0,0.0,-4e-06,-0.00524,-0.0,0.0,-0.001562,-0.00262,-0.005311,-0.0,0.0,0.0,-0.005692,-0.005463,-0.002005,-0.007298,-0.0,0.0,0.0,-0.00872,0.0,-0.008456,-0.003917,0.0,-0.00783,-0.008512,-0.002361,0.0,-0.001398,-0.0,0.0,-0.004772,0.0,-0.004099,-0.004899,0.0,-0.000257,-0.003744,0.0,-0.009189,-0.002378,0.0,-0.003252,0.0,-0.0,-0.002035,-0.002296,-0.004829,-0.002585,0.0,0.0,-0.004915,-0.004347,-0.005463,0.0,0.0,-0.0,0.0,0.0,-0.001414,-0.005,-0.008238,-0.004712,0.0,-0.000137,-0.007763,-0.000904,-0.005105,0.0,-0.000823,-0.002266,-0.0,0.0,-0.004774,-0.005204,0.0,-0.0,0.0,-0.002795,0.0,-0.004635,0.0,-0.002376,-0.008087,-0.0,-0.0,-0.006238,0.0,0.0,0.0,-0.0,-0.005009,-0.005692,0.0,-0.003144,-0.002782,-0.008893,-0.008895,0.0,-0.007638,0.0,-0.006201,-0.002549,0.0,-0.002367,-0.00962,-0.005884,-0.005606,-0.005983,-0.008793,-0.002433,-0.001108,-0.001361,0.0,-0.000379,-0.00373,-0.004221,-0.006033
2017-05-27 11:32:00+02:00,0.0,0.0,-4e-06,-0.005191,-0.0,0.0,-0.001572,-0.002632,-0.005327,-0.0,0.0,0.0,-0.005702,-0.005475,-0.002019,-0.00723,-0.0,0.0,0.0,-0.008733,0.0,-0.00847,-0.003941,0.0,-0.007863,-0.008428,-0.002372,0.0,-0.001373,-0.0,0.0,-0.004792,0.0,-0.004121,-0.004926,0.0,-0.000269,-0.003766,0.0,-0.009228,-0.002391,0.0,-0.003251,0.0,-0.0,-0.001999,-0.002265,-0.004829,-0.002596,0.0,0.0,-0.004922,-0.004307,-0.005475,0.0,0.0,-0.0,0.0,0.0,-0.001432,-0.005004,-0.008276,-0.004666,0.0,-0.000135,-0.007686,-0.000913,-0.005106,0.0,-0.000834,-0.002263,-0.0,0.0,-0.004784,-0.005218,0.0,-0.0,0.0,-0.002815,0.0,-0.004588,0.0,-0.00234,-0.008124,-0.0,-0.0,-0.006238,0.0,0.0,0.0,-0.0,-0.004956,-0.005702,0.0,-0.003118,-0.002802,-0.008803,-0.008805,0.0,-0.007671,0.0,-0.006144,-0.002545,0.0,-0.002379,-0.009635,-0.005892,-0.005632,-0.005926,-0.008707,-0.002446,-0.001084,-0.001359,0.0,-0.000393,-0.003729,-0.004176,-0.006038
2017-05-27 11:33:00+02:00,0.0,0.0,-3e-06,-0.005153,-0.0,0.0,-0.001579,-0.00264,-0.005344,-0.0,0.0,0.0,-0.005711,-0.005486,-0.002034,-0.007176,-0.0,0.0,0.0,-0.008726,0.0,-0.008465,-0.003959,0.0,-0.007898,-0.008361,-0.00238,0.0,-0.001353,-0.0,0.0,-0.004812,0.0,-0.004143,-0.004953,0.0,-0.000282,-0.003783,0.0,-0.009268,-0.002401,0.0,-0.003234,0.0,-0.0,-0.001971,-0.002241,-0.004817,-0.002608,0.0,0.0,-0.004916,-0.004276,-0.005486,0.0,0.0,-0.0,0.0,0.0,-0.001444,-0.004996,-0.008314,-0.004631,0.0,-0.000122,-0.007626,-0.00092,-0.005094,0.0,-0.00084,-0.00225,-0.0,0.0,-0.004783,-0.005231,0.0,-0.0,0.0,-0.00283,0.0,-0.004552,0.0,-0.002312,-0.008162,-0.0,-0.0,-0.006238,0.0,0.0,0.0,-0.0,-0.004914,-0.005711,0.0,-0.003099,-0.002822,-0.00873,-0.008733,0.0,-0.007704,0.0,-0.006101,-0.00253,0.0,-0.002388,-0.009648,-0.005899,-0.005658,-0.005882,-0.008638,-0.002456,-0.001065,-0.001348,0.0,-0.000403,-0.00371,-0.004142,-0.006043
2017-05-27 11:34:00+02:00,0.0,0.0,-2e-06,-0.005128,-0.0,0.0,-0.001586,-0.002649,-0.005335,-0.0,0.0,0.0,-0.005721,-0.005498,-0.00204,-0.007141,-0.0,0.0,0.0,-0.008735,0.0,-0.008476,-0.003978,0.0,-0.007896,-0.008318,-0.002388,0.0,-0.001337,-0.0,0.0,-0.004814,0.0,-0.00415,-0.00497,0.0,-0.000284,-0.003799,0.0,-0.009288,-0.002411,0.0,-0.003233,0.0,-0.0,-0.001949,-0.002222,-0.004816,-0.00261,0.0,0.0,-0.004921,-0.004256,-0.005498,0.0,0.0,-0.0,0.0,0.0,-0.001456,-0.004999,-0.008333,-0.004607,0.0,-0.000121,-0.007588,-0.000927,-0.005093,0.0,-0.000847,-0.002248,-0.0,0.0,-0.004792,-0.005244,0.0,-0.0,0.0,-0.002845,0.0,-0.004527,0.0,-0.00229,-0.00818,-0.0,-0.0,-0.006239,0.0,0.0,0.0,-0.0,-0.004886,-0.005721,0.0,-0.003087,-0.002828,-0.008682,-0.008687,0.0,-0.00771,0.0,-0.006072,-0.002526,0.0,-0.002397,-0.009663,-0.005907,-0.005666,-0.005852,-0.008595,-0.002466,-0.00105,-0.001346,0.0,-0.000414,-0.003708,-0.004117,-0.006049
2017-05-27 11:35:00+02:00,0.0,0.0,-2e-06,-0.005113,-0.0,0.0,-0.001593,-0.002657,-0.00532,-0.0,0.0,0.0,-0.00573,-0.005509,-0.002041,-0.00712,-0.0,0.0,0.0,-0.008748,0.0,-0.00849,-0.003995,0.0,-0.007885,-0.008292,-0.002395,0.0,-0.001326,-0.0,0.0,-0.004809,0.0,-0.004151,-0.004979,0.0,-0.000279,-0.003814,0.0,-0.009293,-0.002419,0.0,-0.003235,0.0,-0.0,-0.001934,-0.002209,-0.004817,-0.002606,0.0,0.0,-0.004928,-0.004245,-0.005509,0.0,0.0,-0.0,0.0,0.0,-0.001467,-0.005004,-0.008337,-0.004592,0.0,-0.000122,-0.007564,-0.000932,-0.005094,0.0,-0.000853,-0.002248,-0.0,0.0,-0.004804,-0.005257,0.0,-0.0,0.0,-0.002858,0.0,-0.004511,0.0,-0.002275,-0.008185,-0.0,-0.0,-0.006238,0.0,0.0,0.0,-0.0,-0.004869,-0.00573,0.0,-0.003082,-0.002825,-0.008652,-0.008658,0.0,-0.007703,0.0,-0.006056,-0.002525,0.0,-0.002405,-0.009675,-0.005914,-0.005662,-0.005834,-0.008568,-0.002475,-0.001039,-0.001346,0.0,-0.000423,-0.00371,-0.004102,-0.006053
2017-05-27 11:36:00+02:00,0.0,0.0,-1e-06,-0.005095,-0.0,0.0,-0.001584,-0.002649,-0.005295,-0.0,0.0,0.0,-0.005739,-0.00552,-0.002031,-0.007101,-0.0,0.0,0.0,-0.008739,0.0,-0.008483,-0.003989,0.0,-0.007855,-0.008271,-0.002387,0.0,-0.00131,-0.0,0.0,-0.004792,0.0,-0.00414,-0.004975,0.0,-0.000253,-0.003804,0.0,-0.009275,-0.002413,0.0,-0.003218,0.0,-0.0,-0.001911,-0.002193,-0.004805,-0.002589,0.0,0.0,-0.004922,-0.004235,-0.00552,0.0,0.0,-0.0,0.0,0.0,-0.001454,-0.004996,-0.008319,-0.004573,0.0,-9.9e-05,-0.007544,-0.000923,-0.005083,0.0,-0.000845,-0.002236,-0.0,0.0,-0.004803,-0.005269,0.0,-0.0,0.0,-0.002848,0.0,-0.004497,0.0,-0.002253,-0.008167,-0.0,-0.0,-0.006237,0.0,0.0,0.0,-0.0,-0.004856,-0.005739,0.0,-0.003075,-0.002801,-0.008628,-0.008635,0.0,-0.007677,0.0,-0.006037,-0.002511,0.0,-0.002398,-0.009686,-0.005921,-0.005637,-0.005813,-0.008547,-0.00247,-0.001023,-0.001333,0.0,-0.000409,-0.003693,-0.004081,-0.006058
2017-05-27 11:37:00+02:00,0.0,0.0,-1e-06,-0.005078,-0.0,0.0,-0.001572,-0.002639,-0.005274,-0.0,0.0,0.0,-0.005747,-0.00553,-0.002021,-0.007085,-0.0,0.0,0.0,-0.008726,0.0,-0.008472,-0.003978,0.0,-0.007832,-0.008255,-0.002375,0.0,-0.001294,-0.0,0.0,-0.004779,0.0,-0.004132,-0.004974,0.0,-0.000227,-0.003789,0.0,-0.00926,-0.002404,0.0,-0.003197,0.0,-0.0,-0.001888,-0.002177,-0.00479,-0.002573,0.0,0.0,-0.004914,-0.004227,-0.00553,0.0,0.0,-0.0,0.0,0.0,-0.001436,-0.004986,-0.008305,-0.004556,0.0,-7.9e-05,-0.007527,-0.000911,-0.005068,0.0,-0.000833,-0.002222,-0.0,0.0,-0.004799,-0.005281,0.0,-0.0,0.0,-0.002832,0.0,-0.004485,0.0,-0.002231,-0.008153,-0.0,-0.0,-0.006233,0.0,0.0,0.0,-0.0,-0.004844,-0.005747,0.0,-0.003069,-0.002779,-0.008607,-0.008615,0.0,-0.007655,0.0,-0.006021,-0.002495,0.0,-0.002388,-0.009697,-0.005927,-0.005615,-0.005794,-0.00853,-0.002461,-0.001008,-0.001317,0.0,-0.00039,-0.003672,-0.004061,-0.006062
2017-05-27 11:38:00+02:00,0.0,0.0,-1e-06,-0.005092,-0.0,0.0,-0.001577,-0.002644,-0.005272,-0.0,0.0,0.0,-0.005755,-0.00554,-0.002029,-0.0071,-0.0,0.0,0.0,-0.008748,0.0,-0.008495,-0.003992,0.0,-0.007841,-0.008271,-0.00238,0.0,-0.001297,-0.0,0.0,-0.004785,0.0,-0.004142,-0.004989,0.0,-0.000232,-0.003801,0.0,-0.009279,-0.002411,0.0,-0.00321,0.0,-0.0,-0.001895,-0.002179,-0.004796,-0.002576,0.0,0.0,-0.004925,-0.004236,-0.00554,0.0,0.0,-0.0,0.0,0.0,-0.001445,-0.004996,-0.008324,-0.004568,0.0,-8.8e-05,-0.007543,-0.000915,-0.005075,0.0,-0.000838,-0.002228,-0.0,0.0,-0.004814,-0.005293,0.0,-0.0,0.0,-0.002843,0.0,-0.004491,0.0,-0.002239,-0.008173,-0.0,-0.0,-0.006228,0.0,0.0,0.0,-0.0,-0.004852,-0.005755,0.0,-0.00308,-0.002788,-0.00862,-0.008629,0.0,-0.007667,0.0,-0.006037,-0.002499,0.0,-0.002394,-0.009709,-0.005932,-0.005626,-0.005807,-0.008547,-0.002467,-0.00101,-0.001323,0.0,-0.000398,-0.003684,-0.004072,-0.006065
2017-05-27 11:39:00+02:00,0.0,0.0,-1e-06,-0.005102,-0.0,0.0,-0.001575,-0.002643,-0.00527,-0.0,0.0,0.0,-0.005764,-0.005551,-0.002034,-0.007113,-0.0,0.0,0.0,-0.008794,0.0,-0.008543,-0.003998,0.0,-0.007853,-0.008286,-0.002378,0.0,-0.001295,-0.0,0.0,-0.00479,0.0,-0.004151,-0.005005,0.0,-0.000231,-0.003804,0.0,-0.009298,-0.002411,0.0,-0.003243,0.0,-0.0,-0.001895,-0.002178,-0.004815,-0.002577,0.0,0.0,-0.00495,-0.004243,-0.005551,0.0,0.0,-0.0,0.0,0.0,-0.001445,-0.005019,-0.008344,-0.004577,0.0,-0.000104,-0.007556,-0.000914,-0.005095,0.0,-0.000836,-0.002248,-0.0,0.0,-0.004843,-0.005306,0.0,-0.0,0.0,-0.002845,0.0,-0.004495,0.0,-0.002241,-0.008192,-0.0,-0.0,-0.006228,0.0,0.0,0.0,-0.0,-0.004857,-0.005764,0.0,-0.003088,-0.002793,-0.00863,-0.008641,0.0,-0.007679,0.0,-0.006048,-0.002518,0.0,-0.002393,-0.009724,-0.005938,-0.005634,-0.005815,-0.00856,-0.002468,-0.001009,-0.001338,0.0,-0.000396,-0.00372,-0.004079,-0.006068
2017-05-27 11:40:00+02:00,0.0,0.0,-1e-06,-0.005113,-0.0,0.0,-0.001573,-0.00264,-0.005266,-0.0,0.0,0.0,-0.005771,-0.005561,-0.002039,-0.007127,-0.0,0.0,0.0,-0.008836,0.0,-0.008586,-0.004002,0.0,-0.007862,-0.008302,-0.002376,0.0,-0.001294,-0.0,0.0,-0.004794,0.0,-0.004159,-0.00502,0.0,-0.000227,-0.003804,0.0,-0.009317,-0.002411,0.0,-0.003274,0.0,-0.0,-0.001896,-0.002177,-0.004833,-0.002576,0.0,0.0,-0.004973,-0.004251,-0.005561,0.0,0.0,-0.0,0.0,0.0,-0.001443,-0.005039,-0.008362,-0.004586,0.0,-0.000118,-0.007571,-0.000911,-0.005112,0.0,-0.000834,-0.002265,-0.0,0.0,-0.004869,-0.005318,0.0,-0.0,0.0,-0.002845,0.0,-0.004499,0.0,-0.002243,-0.008211,-0.0,-0.0,-0.006223,0.0,0.0,0.0,-0.0,-0.004864,-0.005771,0.0,-0.003097,-0.002795,-0.008643,-0.008654,0.0,-0.007689,0.0,-0.006061,-0.002535,0.0,-0.002392,-0.009738,-0.005943,-0.005641,-0.005825,-0.008576,-0.002467,-0.001007,-0.001351,0.0,-0.000392,-0.003752,-0.004085,-0.006071
2017-05-27 11:41:00+02:00,0.0,0.0,-0.0,-0.005115,-0.0,0.0,-0.001568,-0.002636,-0.00526,-0.0,0.0,0.0,-0.005777,-0.005568,-0.00204,-0.00713,-0.0,0.0,0.0,-0.008861,0.0,-0.008613,-0.004,0.0,-0.007864,-0.008305,-0.00237,0.0,-0.001289,-0.0,0.0,-0.004793,0.0,-0.004163,-0.00503,0.0,-0.00022,-0.003799,0.0,-0.009325,-0.002407,0.0,-0.003292,0.0,-0.0,-0.00189,-0.002172,-0.004842,-0.002572,0.0,0.0,-0.004986,-0.004254,-0.005568,0.0,0.0,-0.0,0.0,0.0,-0.001438,-0.005051,-0.00837,-0.004587,0.0,-0.000125,-0.007573,-0.000906,-0.005122,0.0,-0.00083,-0.002276,-0.0,0.0,-0.004886,-0.005328,0.0,-0.0,0.0,-0.00284,0.0,-0.004498,0.0,-0.002238,-0.00822,-0.0,-0.0,-0.006212,0.0,0.0,0.0,-0.0,-0.004864,-0.005777,0.0,-0.003101,-0.002792,-0.008642,-0.008654,0.0,-0.00769,0.0,-0.006063,-0.002544,0.0,-0.002388,-0.009746,-0.005947,-0.005639,-0.005824,-0.008579,-0.002464,-0.001002,-0.001358,0.0,-0.000386,-0.003772,-0.004084,-0.006072
2017-05-27 11:42:00+02:00,0.0,0.0,-0.0,-0.005111,-0.0,0.0,-0.001562,-0.00263,-0.00525,-0.0,0.0,0.0,-0.005781,-0.005574,-0.002039,-0.007125,-0.0,0.0,0.0,-0.008868,0.0,-0.008621,-0.003997,0.0,-0.007858,-0.008301,-0.002364,0.0,-0.001282,-0.0,0.0,-0.00479,0.0,-0.004163,-0.005036,0.0,-0.000211,-0.003793,0.0,-0.009324,-0.002403,0.0,-0.003298,0.0,-0.0,-0.001882,-0.002165,-0.004841,-0.002567,0.0,0.0,-0.00499,-0.004252,-0.005574,0.0,0.0,-0.0,0.0,0.0,-0.001431,-0.005053,-0.00837,-0.004582,0.0,-0.000124,-0.007569,-0.000901,-0.00512,0.0,-0.000825,-0.002278,-0.0,0.0,-0.004893,-0.005335,0.0,-0.0,0.0,-0.002834,0.0,-0.004493,0.0,-0.002231,-0.008222,-0.0,-0.0,-0.006201,0.0,0.0,0.0,-0.0,-0.004861,-0.005781,0.0,-0.003101,-0.002786,-0.008633,-0.008646,0.0,-0.007685,0.0,-0.006059,-0.002546,0.0,-0.002383,-0.00975,-0.005948,-0.005633,-0.005818,-0.008573,-0.00246,-0.000996,-0.001358,0.0,-0.000379,-0.003778,-0.004077,-0.006068
2017-05-27 11:43:00+02:00,0.0,0.0,-0.0,-0.005111,-0.0,0.0,-0.001558,-0.002626,-0.005255,-0.0,0.0,0.0,-0.005786,-0.005581,-0.002044,-0.007125,-0.0,0.0,0.0,-0.008867,0.0,-0.008623,-0.003996,0.0,-0.007872,-0.008299,-0.00236,0.0,-0.001279,-0.0,0.0,-0.004797,0.0,-0.004172,-0.005048,0.0,-0.00021,-0.003789,0.0,-0.009336,-0.002401,0.0,-0.003299,0.0,-0.0,-0.001879,-0.002161,-0.004836,-0.002567,0.0,0.0,-0.00499,-0.004253,-0.005581,0.0,0.0,-0.0,0.0,0.0,-0.001427,-0.005051,-0.008383,-0.004582,0.0,-0.00012,-0.007568,-0.000897,-0.005116,0.0,-0.000822,-0.002278,-0.0,0.0,-0.004897,-0.005344,0.0,-0.0,0.0,-0.00283,0.0,-0.00449,0.0,-0.002229,-0.008235,-0.0,-0.0,-0.006202,0.0,0.0,0.0,-0.0,-0.004859,-0.005786,0.0,-0.003104,-0.002789,-0.008627,-0.008641,0.0,-0.007695,0.0,-0.006059,-0.002544,0.0,-0.002379,-0.009756,-0.005951,-0.005638,-0.005816,-0.00857,-0.002457,-0.000993,-0.001356,0.0,-0.000373,-0.00378,-0.004076,-0.00607
2017-05-27 11:44:00+02:00,0.0,0.0,-0.0,-0.005114,-0.0,0.0,-0.001555,-0.002624,-0.005281,-0.0,0.0,0.0,-0.005793,-0.005591,-0.002059,-0.007127,-0.0,0.0,0.0,-0.008876,0.0,-0.008634,-0.003997,0.0,-0.007918,-0.008301,-0.002357,0.0,-0.001278,-0.0,0.0,-0.004821,0.0,-0.004196,-0.005076,0.0,-0.000221,-0.003788,0.0,-0.009377,-0.0024,0.0,-0.003303,0.0,-0.0,-0.001879,-0.002159,-0.004836,-0.00258,0.0,0.0,-0.004994,-0.004255,-0.005591,0.0,0.0,-0.0,0.0,0.0,-0.001423,-0.005054,-0.008422,-0.004585,0.0,-0.000116,-0.00757,-0.000894,-0.005116,0.0,-0.000819,-0.00228,-0.0,0.0,-0.004906,-0.005355,0.0,-0.0,0.0,-0.002828,0.0,-0.00449,0.0,-0.00223,-0.008274,-0.0,-0.0,-0.006204,0.0,0.0,0.0,-0.0,-0.00486,-0.005793,0.0,-0.003109,-0.002808,-0.008624,-0.008639,0.0,-0.007734,0.0,-0.006062,-0.002545,0.0,-0.002378,-0.009766,-0.005957,-0.005665,-0.005816,-0.008571,-0.002456,-0.000991,-0.001354,0.0,-0.000368,-0.003784,-0.004078,-0.006074
2017-05-27 11:45:00+02:00,0.0,0.0,-0.0,-0.005114,-0.0,0.0,-0.001552,-0.002622,-0.005308,-0.0,0.0,0.0,-0.005804,-0.005603,-0.002074,-0.007125,-0.0,0.0,0.0,-0.008897,0.0,-0.008656,-0.004,0.0,-0.007968,-0.008299,-0.002355,0.0,-0.001273,-0.0,0.0,-0.004848,0.0,-0.004222,-0.005107,0.0,-0.00023,-0.003788,0.0,-0.009424,-0.002399,0.0,-0.003309,0.0,-0.0,-0.001873,-0.002154,-0.004842,-0.002594,0.0,0.0,-0.005005,-0.004255,-0.005603,0.0,0.0,-0.0,0.0,0.0,-0.001418,-0.005063,-0.008468,-0.004584,0.0,-0.000111,-0.007568,-0.00089,-0.005122,0.0,-0.000815,-0.002282,-0.0,0.0,-0.00492,-0.005369,0.0,-0.0,0.0,-0.002826,0.0,-0.004486,0.0,-0.002225,-0.008319,-0.0,-0.0,-0.006208,0.0,0.0,0.0,-0.0,-0.004857,-0.005804,0.0,-0.003111,-0.002829,-0.008618,-0.008634,0.0,-0.007777,0.0,-0.006062,-0.002546,0.0,-0.002376,-0.009782,-0.005965,-0.005697,-0.005814,-0.008568,-0.002456,-0.000985,-0.001353,0.0,-0.000361,-0.003791,-0.004075,-0.00608
2017-05-27 11:46:00+02:00,0.0,0.0,-0.0,-0.005119,-0.0,0.0,-0.001545,-0.002617,-0.00533,-0.0,0.0,0.0,-0.005814,-0.005616,-0.002086,-0.007133,-0.0,0.0,0.0,-0.008901,0.0,-0.008662,-0.004,0.0,-0.008015,-0.008307,-0.00235,0.0,-0.001266,-0.0,0.0,-0.004871,0.0,-0.004245,-0.005136,0.0,-0.000229,-0.003785,0.0,-0.009468,-0.002396,0.0,-0.003295,0.0,-0.0,-0.001865,-0.002149,-0.004834,-0.002602,0.0,0.0,-0.005003,-0.004259,-0.005616,0.0,0.0,-0.0,0.0,0.0,-0.001408,-0.005059,-0.00851,-0.004586,0.0,-8.9e-05,-0.007575,-0.000882,-0.005115,0.0,-0.000808,-0.00227,-0.0,0.0,-0.004924,-0.005385,0.0,-0.0,0.0,-0.00282,0.0,-0.004486,0.0,-0.00222,-0.008362,-0.0,-0.0,-0.006212,0.0,0.0,0.0,-0.0,-0.004859,-0.005814,0.0,-0.003116,-0.002843,-0.008621,-0.008638,0.0,-0.007816,0.0,-0.006068,-0.002533,0.0,-0.002372,-0.009802,-0.005973,-0.005722,-0.005816,-0.008575,-0.002453,-0.000978,-0.001339,0.0,-0.000348,-0.003776,-0.004075,-0.006087
2017-05-27 11:47:00+02:00,0.0,0.0,-0.0,-0.005145,-0.0,0.0,-0.001548,-0.002622,-0.005357,-0.0,0.0,0.0,-0.005823,-0.005627,-0.002103,-0.007163,-0.0,0.0,0.0,-0.008934,0.0,-0.008698,-0.004014,0.0,-0.008066,-0.008341,-0.002354,0.0,-0.001273,-0.0,0.0,-0.004898,0.0,-0.004272,-0.005168,0.0,-0.000241,-0.003795,0.0,-0.009517,-0.002402,0.0,-0.003312,0.0,-0.0,-0.001879,-0.002157,-0.004846,-0.002617,0.0,0.0,-0.00502,-0.004277,-0.005627,0.0,0.0,-0.0,0.0,0.0,-0.001413,-0.005074,-0.008558,-0.00461,0.0,-9.3e-05,-0.007608,-0.000884,-0.005127,0.0,-0.00081,-0.00228,-0.0,0.0,-0.004945,-0.005398,0.0,-0.0,0.0,-0.002829,0.0,-0.004501,0.0,-0.002236,-0.00841,-0.0,-0.0,-0.006214,0.0,0.0,0.0,-0.0,-0.004876,-0.005823,0.0,-0.003133,-0.002866,-0.008651,-0.008669,0.0,-0.007861,0.0,-0.006096,-0.002542,0.0,-0.002377,-0.009818,-0.00598,-0.005755,-0.005842,-0.008607,-0.002459,-0.000985,-0.001345,0.0,-0.000349,-0.003795,-0.004096,-0.006091
2017-05-27 11:48:00+02:00,0.0,0.0,-0.0,-0.005162,-0.0,0.0,-0.001545,-0.002621,-0.005366,-0.0,0.0,0.0,-0.005831,-0.005637,-0.002109,-0.007186,-0.0,0.0,0.0,-0.008965,0.0,-0.00873,-0.004018,0.0,-0.008091,-0.008368,-0.002351,0.0,-0.001275,-0.0,0.0,-0.004909,0.0,-0.004285,-0.005186,0.0,-0.000238,-0.003796,0.0,-0.009541,-0.002401,0.0,-0.00333,0.0,-0.0,-0.001883,-0.00216,-0.004858,-0.002619,0.0,0.0,-0.005036,-0.004291,-0.005637,0.0,0.0,-0.0,0.0,0.0,-0.001409,-0.005088,-0.008582,-0.004625,0.0,-9.6e-05,-0.007632,-0.00088,-0.005139,0.0,-0.000806,-0.00229,-0.0,0.0,-0.004965,-0.00541,0.0,-0.0,0.0,-0.002827,0.0,-0.004512,0.0,-0.002242,-0.008435,-0.0,-0.0,-0.006214,0.0,0.0,0.0,-0.0,-0.004891,-0.005831,0.0,-0.003146,-0.00287,-0.008675,-0.008694,0.0,-0.007881,0.0,-0.006116,-0.002551,0.0,-0.002376,-0.00983,-0.005986,-0.005767,-0.005858,-0.008635,-0.002458,-0.000985,-0.00135,0.0,-0.000343,-0.003814,-0.004108,-0.006095
2017-05-27 11:49:00+02:00,0.0,0.0,-0.0,-0.005176,-0.0,0.0,-0.001542,-0.002621,-0.005374,-0.0,0.0,0.0,-0.005841,-0.005649,-0.002115,-0.007205,-0.0,0.0,0.0,-0.008981,0.0,-0.008748,-0.004023,0.0,-0.008112,-0.008391,-0.00235,0.0,-0.001275,-0.0,0.0,-0.00492,0.0,-0.004297,-0.005204,0.0,-0.000233,-0.003797,0.0,-0.009564,-0.002402,0.0,-0.003335,0.0,-0.0,-0.001885,-0.002161,-0.004861,-0.002621,0.0,0.0,-0.005044,-0.004303,-0.005649,0.0,0.0,-0.0,0.0,0.0,-0.001405,-0.005095,-0.008603,-0.004637,0.0,-8.9e-05,-0.007653,-0.000877,-0.005143,0.0,-0.000803,-0.002291,-0.0,0.0,-0.004978,-0.005423,0.0,-0.0,0.0,-0.002827,0.0,-0.004521,0.0,-0.002245,-0.008457,-0.0,-0.0,-0.006217,0.0,0.0,0.0,-0.0,-0.004903,-0.005841,0.0,-0.003156,-0.002874,-0.008695,-0.008715,0.0,-0.007898,0.0,-0.006132,-0.002552,0.0,-0.002376,-0.009846,-0.005994,-0.005776,-0.005871,-0.008658,-0.002459,-0.000985,-0.001349,0.0,-0.000336,-0.00382,-0.004117,-0.006101
2017-05-27 11:50:00+02:00,0.0,0.0,-0.0,-0.005195,-0.0,0.0,-0.00154,-0.002621,-0.005367,-0.0,0.0,0.0,-0.005853,-0.005663,-0.002116,-0.007231,-0.0,0.0,0.0,-0.009016,0.0,-0.008784,-0.004028,0.0,-0.008112,-0.008421,-0.002349,0.0,-0.001277,-0.0,0.0,-0.00492,0.0,-0.004302,-0.005218,0.0,-0.000223,-0.003799,0.0,-0.009578,-0.002403,0.0,-0.003353,0.0,-0.0,-0.00189,-0.002166,-0.004876,-0.002619,0.0,0.0,-0.005063,-0.004318,-0.005663,0.0,0.0,-0.0,0.0,0.0,-0.001402,-0.005112,-0.008617,-0.004654,0.0,-9.1e-05,-0.00768,-0.000873,-0.005158,0.0,-0.0008,-0.002302,-0.0,0.0,-0.005001,-0.005439,0.0,-0.0,0.0,-0.002827,0.0,-0.004534,0.0,-0.002253,-0.008471,-0.0,-0.0,-0.006221,0.0,0.0,0.0,-0.0,-0.004919,-0.005853,0.0,-0.003171,-0.002871,-0.008722,-0.008742,0.0,-0.007901,0.0,-0.006155,-0.002562,0.0,-0.002376,-0.009864,-0.006003,-0.005777,-0.00589,-0.008688,-0.00246,-0.000986,-0.001355,0.0,-0.000329,-0.00384,-0.004131,-0.006109
2017-05-27 11:51:00+02:00,0.0,0.0,-0.0,-0.005214,-0.0,0.0,-0.001535,-0.002619,-0.005352,-0.0,0.0,0.0,-0.005864,-0.005676,-0.002113,-0.007258,-0.0,0.0,0.0,-0.009046,0.0,-0.008815,-0.004031,0.0,-0.008098,-0.008454,-0.002346,0.0,-0.001278,-0.0,0.0,-0.004912,0.0,-0.0043,-0.005225,0.0,-0.000206,-0.003797,0.0,-0.009583,-0.002401,0.0,-0.003365,0.0,-0.0,-0.001893,-0.002169,-0.004887,-0.00261,0.0,0.0,-0.005079,-0.004335,-0.005676,0.0,0.0,-0.0,0.0,0.0,-0.001394,-0.005126,-0.00862,-0.00467,0.0,-8.9e-05,-0.00771,-0.000868,-0.00517,0.0,-0.000794,-0.002309,-0.0,0.0,-0.00502,-0.005453,0.0,-0.0,0.0,-0.002823,0.0,-0.004549,0.0,-0.002258,-0.008475,-0.0,-0.0,-0.006224,0.0,0.0,0.0,-0.0,-0.004937,-0.005864,0.0,-0.003185,-0.00286,-0.008751,-0.008773,0.0,-0.007892,0.0,-0.006178,-0.002569,0.0,-0.002373,-0.009881,-0.006012,-0.005769,-0.00591,-0.00872,-0.002459,-0.000987,-0.001357,0.0,-0.000319,-0.003854,-0.004144,-0.006115
2017-05-27 11:52:00+02:00,0.0,0.0,-0.0,-0.005239,-0.0,0.0,-0.001534,-0.00262,-0.00534,-0.0,0.0,0.0,-0.005872,-0.005686,-0.002103,-0.007289,-0.0,0.0,0.0,-0.009077,0.0,-0.008848,-0.004037,0.0,-0.008088,-0.00849,-0.002346,0.0,-0.001284,-0.0,0.0,-0.004904,0.0,-0.004296,-0.005228,0.0,-0.000182,-0.003801,0.0,-0.009576,-0.002403,0.0,-0.003383,0.0,-0.0,-0.001904,-0.002176,-0.004901,-0.002594,0.0,0.0,-0.005097,-0.004354,-0.005686,0.0,0.0,-0.0,0.0,0.0,-0.001393,-0.005143,-0.008614,-0.004692,0.0,-9.2e-05,-0.007742,-0.000866,-0.005184,0.0,-0.000793,-0.002319,-0.0,0.0,-0.005042,-0.005466,0.0,-0.0,0.0,-0.002825,0.0,-0.004565,0.0,-0.00227,-0.00847,-0.0,-0.0,-0.006225,0.0,0.0,0.0,-0.0,-0.004957,-0.005872,0.0,-0.003202,-0.002837,-0.008783,-0.008806,0.0,-0.007879,0.0,-0.006206,-0.002578,0.0,-0.002374,-0.009894,-0.006018,-0.005749,-0.005934,-0.008755,-0.002461,-0.000992,-0.001364,0.0,-0.000315,-0.003873,-0.004163,-0.00612
2017-05-27 11:53:00+02:00,0.0,0.0,-0.0,-0.005248,-0.0,0.0,-0.001531,-0.002618,-0.005329,-0.0,0.0,0.0,-0.00588,-0.005696,-0.002088,-0.007302,-0.0,0.0,0.0,-0.00909,0.0,-0.008862,-0.004039,0.0,-0.008078,-0.008507,-0.002343,0.0,-0.001282,-0.0,0.0,-0.004895,0.0,-0.004288,-0.005223,0.0,-0.000151,-0.0038,0.0,-0.009557,-0.002402,0.0,-0.003385,0.0,-0.0,-0.001903,-0.002176,-0.004903,-0.002573,0.0,0.0,-0.005104,-0.004364,-0.005696,0.0,0.0,-0.0,0.0,0.0,-0.001389,-0.005148,-0.008595,-0.0047,0.0,-8.6e-05,-0.007757,-0.000862,-0.005187,0.0,-0.000789,-0.00232,-0.0,0.0,-0.005052,-0.005477,0.0,-0.0,0.0,-0.002822,0.0,-0.004572,0.0,-0.00227,-0.008452,-0.0,-0.0,-0.006225,0.0,0.0,0.0,-0.0,-0.004966,-0.00588,0.0,-0.003211,-0.002807,-0.008797,-0.008821,0.0,-0.007861,0.0,-0.006217,-0.002578,0.0,-0.002373,-0.009905,-0.006024,-0.00572,-0.005942,-0.008771,-0.002461,-0.000989,-0.001362,0.0,-0.000308,-0.003876,-0.004168,-0.006124
2017-05-27 11:54:00+02:00,0.0,0.0,-0.0,-0.00525,-0.0,0.0,-0.001525,-0.002614,-0.005329,-0.0,0.0,0.0,-0.005887,-0.005705,-0.002085,-0.007308,-0.0,0.0,0.0,-0.009101,0.0,-0.008875,-0.004038,0.0,-0.008086,-0.008515,-0.002338,0.0,-0.001277,-0.0,0.0,-0.004897,0.0,-0.004291,-0.00523,0.0,-0.000136,-0.003795,0.0,-0.009558,-0.002399,0.0,-0.003389,0.0,-0.0,-0.001896,-0.002171,-0.004905,-0.002564,0.0,0.0,-0.00511,-0.004368,-0.005705,0.0,0.0,-0.0,0.0,0.0,-0.001381,-0.005152,-0.008595,-0.004701,0.0,-8e-05,-0.007764,-0.000857,-0.005189,0.0,-0.000784,-0.002321,-0.0,0.0,-0.005063,-0.005488,0.0,-0.0,0.0,-0.002816,0.0,-0.004573,0.0,-0.002265,-0.008454,-0.0,-0.0,-0.006219,0.0,0.0,0.0,-0.0,-0.00497,-0.005887,0.0,-0.003215,-0.002795,-0.008801,-0.008826,0.0,-0.007863,0.0,-0.006221,-0.002579,0.0,-0.002369,-0.009914,-0.006029,-0.005713,-0.005943,-0.008779,-0.002458,-0.000984,-0.00136,0.0,-0.000299,-0.00388,-0.004166,-0.006126
2017-05-27 11:55:00+02:00,0.0,0.0,-0.0,-0.005256,-0.0,0.0,-0.001523,-0.002613,-0.005328,-0.0,0.0,0.0,-0.005894,-0.005713,-0.002082,-0.007317,-0.0,0.0,0.0,-0.009112,0.0,-0.008888,-0.00404,0.0,-0.008093,-0.008527,-0.002336,0.0,-0.001276,-0.0,0.0,-0.004898,0.0,-0.004294,-0.005237,0.0,-0.000124,-0.003794,0.0,-0.00956,-0.002399,0.0,-0.003394,0.0,-0.0,-0.001895,-0.00217,-0.004907,-0.002557,0.0,0.0,-0.005117,-0.004375,-0.005713,0.0,0.0,-0.0,0.0,0.0,-0.001378,-0.005157,-0.008598,-0.004706,0.0,-7.7e-05,-0.007774,-0.000854,-0.005191,0.0,-0.000782,-0.002323,-0.0,0.0,-0.005073,-0.005498,0.0,-0.0,0.0,-0.002815,0.0,-0.004577,0.0,-0.002265,-0.008457,-0.0,-0.0,-0.006215,0.0,0.0,0.0,-0.0,-0.004977,-0.005894,0.0,-0.003222,-0.002787,-0.00881,-0.008835,0.0,-0.007865,0.0,-0.006229,-0.00258,0.0,-0.002368,-0.009922,-0.006033,-0.005706,-0.005949,-0.00879,-0.002458,-0.000982,-0.00136,0.0,-0.000295,-0.003885,-0.004169,-0.006129
2017-05-27 11:56:00+02:00,0.0,0.0,-0.0,-0.005268,-0.0,0.0,-0.001522,-0.002612,-0.005335,-0.0,0.0,0.0,-0.005901,-0.005722,-0.002087,-0.007332,-0.0,0.0,0.0,-0.00913,0.0,-0.008907,-0.004043,0.0,-0.008112,-0.008544,-0.002335,0.0,-0.001277,-0.0,0.0,-0.004907,0.0,-0.004305,-0.005251,0.0,-0.000124,-0.003796,0.0,-0.009577,-0.002399,0.0,-0.003403,0.0,-0.0,-0.001898,-0.002171,-0.004912,-0.002559,0.0,0.0,-0.005126,-0.004384,-0.005722,0.0,0.0,-0.0,0.0,0.0,-0.001378,-0.005164,-0.008615,-0.004716,0.0,-8e-05,-0.00779,-0.000853,-0.005196,0.0,-0.000781,-0.002327,-0.0,0.0,-0.005086,-0.005509,0.0,-0.0,0.0,-0.002816,0.0,-0.004583,0.0,-0.00227,-0.008474,-0.0,-0.0,-0.006215,0.0,0.0,0.0,-0.0,-0.004985,-0.005901,0.0,-0.003231,-0.002791,-0.008823,-0.008849,0.0,-0.007881,0.0,-0.006242,-0.002583,0.0,-0.002368,-0.009933,-0.006038,-0.005714,-0.005959,-0.008806,-0.002458,-0.000983,-0.001362,0.0,-0.000294,-0.003895,-0.004177,-0.006131
2017-05-27 11:57:00+02:00,0.0,0.0,-0.0,-0.005271,-0.0,0.0,-0.001521,-0.002611,-0.00533,-0.0,0.0,0.0,-0.005907,-0.005731,-0.002088,-0.007337,-0.0,0.0,0.0,-0.009143,0.0,-0.008923,-0.004048,0.0,-0.008118,-0.008552,-0.002334,0.0,-0.001272,-0.0,0.0,-0.004907,0.0,-0.004309,-0.005261,0.0,-0.000117,-0.003799,0.0,-0.009586,-0.0024,0.0,-0.003408,0.0,-0.0,-0.001893,-0.002167,-0.004913,-0.002555,0.0,0.0,-0.005131,-0.004387,-0.005731,0.0,0.0,-0.0,0.0,0.0,-0.001378,-0.005168,-0.008623,-0.004717,0.0,-7.7e-05,-0.007796,-0.000852,-0.005197,0.0,-0.00078,-0.002328,-0.0,0.0,-0.005096,-0.00552,0.0,-0.0,0.0,-0.002818,0.0,-0.004583,0.0,-0.002266,-0.008484,-0.0,-0.0,-0.006209,0.0,0.0,0.0,-0.0,-0.004987,-0.005907,0.0,-0.003235,-0.002788,-0.008828,-0.008855,0.0,-0.007884,0.0,-0.006246,-0.002584,0.0,-0.002368,-0.009944,-0.006042,-0.005714,-0.00596,-0.008814,-0.002458,-0.000978,-0.00136,0.0,-0.000293,-0.003901,-0.004177,-0.006133
2017-05-27 11:58:00+02:00,0.0,0.0,-0.0,-0.005275,-0.0,0.0,-0.001514,-0.002605,-0.005351,-0.0,0.0,0.0,-0.005914,-0.00574,-0.002104,-0.007343,-0.0,0.0,0.0,-0.009136,0.0,-0.008918,-0.004045,0.0,-0.008161,-0.008561,-0.002327,0.0,-0.001268,-0.0,0.0,-0.00493,0.0,-0.004333,-0.005288,0.0,-0.000129,-0.003792,0.0,-0.009627,-0.002395,0.0,-0.003393,0.0,-0.0,-0.001888,-0.002162,-0.004901,-0.002569,0.0,0.0,-0.005124,-0.00439,-0.00574,0.0,0.0,-0.0,0.0,0.0,-0.00137,-0.005159,-0.008664,-0.004719,0.0,-6.2e-05,-0.007803,-0.000845,-0.005186,0.0,-0.000774,-0.002316,-0.0,0.0,-0.005094,-0.005531,0.0,-0.0,0.0,-0.002811,0.0,-0.004582,0.0,-0.002263,-0.008525,-0.0,-0.0,-0.00621,0.0,0.0,0.0,-0.0,-0.00499,-0.005914,0.0,-0.003239,-0.00281,-0.008832,-0.008861,0.0,-0.007923,0.0,-0.006251,-0.00257,0.0,-0.002362,-0.009956,-0.006046,-0.005744,-0.005962,-0.008822,-0.002453,-0.000973,-0.001348,0.0,-0.000283,-0.003884,-0.004176,-0.006135
2017-05-27 11:59:00+02:00,0.0,0.0,-0.0,-0.005283,-0.0,0.0,-0.001508,-0.002599,-0.005358,-0.0,0.0,0.0,-0.005921,-0.005749,-0.002108,-0.007355,-0.0,0.0,0.0,-0.009145,0.0,-0.008929,-0.004042,0.0,-0.008183,-0.008576,-0.002321,0.0,-0.001265,-0.0,0.0,-0.004938,0.0,-0.004343,-0.005303,0.0,-0.000124,-0.003786,0.0,-0.009645,-0.002391,0.0,-0.003394,0.0,-0.0,-0.001885,-0.00216,-0.0049,-0.002569,0.0,0.0,-0.005127,-0.004397,-0.005749,0.0,0.0,-0.0,0.0,0.0,-0.001363,-0.00516,-0.008681,-0.004725,0.0,-5.6e-05,-0.007816,-0.00084,-0.005184,0.0,-0.000769,-0.002315,-0.0,0.0,-0.005101,-0.005542,0.0,-0.0,0.0,-0.002804,0.0,-0.004586,0.0,-0.002262,-0.008544,-0.0,-0.0,-0.00621,0.0,0.0,0.0,-0.0,-0.004996,-0.005921,0.0,-0.003246,-0.002812,-0.008844,-0.008873,0.0,-0.007938,0.0,-0.00626,-0.002568,0.0,-0.002357,-0.009968,-0.006051,-0.005751,-0.005968,-0.008836,-0.002449,-0.00097,-0.001346,0.0,-0.000274,-0.003885,-0.00418,-0.006138
2017-05-27 12:00:00+02:00,0.0,0.0,-0.0,-0.005273,-0.0,0.0,-0.001487,-0.002577,-0.00535,-0.0,0.0,0.0,-0.005928,-0.005758,-0.002101,-0.007349,-0.0,0.0,0.0,-0.009138,0.0,-0.008925,-0.004014,0.0,-0.008182,-0.008574,-0.002298,0.0,-0.00125,-0.0,0.0,-0.004933,0.0,-0.00434,-0.005304,0.0,-0.0001,-0.003753,0.0,-0.009638,-0.00237,0.0,-0.00338,0.0,-0.0,-0.001863,-0.002146,-0.004889,-0.002557,0.0,0.0,-0.005121,-0.004394,-0.005758,0.0,0.0,-0.0,0.0,0.0,-0.001332,-0.005152,-0.008674,-0.004713,0.0,-4.5e-05,-0.007812,-0.00082,-0.005174,0.0,-0.000749,-0.002304,-0.0,0.0,-0.0051,-0.005553,0.0,-0.0,0.0,-0.002773,0.0,-0.00458,0.0,-0.002241,-0.008538,-0.0,-0.0,-0.00621,0.0,0.0,0.0,-0.0,-0.004992,-0.005928,0.0,-0.003243,-0.002794,-0.008838,-0.008868,0.0,-0.007931,0.0,-0.006252,-0.002556,0.0,-0.002336,-0.00998,-0.006056,-0.005736,-0.005956,-0.008834,-0.002429,-0.000954,-0.001333,0.0,-0.000242,-0.003871,-0.004164,-0.006141
2017-05-27 12:01:00+02:00,0.0,0.0,-0.0,-0.005269,-0.0,0.0,-0.001473,-0.002564,-0.00533,-0.0,0.0,0.0,-0.005935,-0.005768,-0.002086,-0.007349,-0.0,0.0,0.0,-0.008903,0.0,-0.008694,-0.003999,0.0,-0.008161,-0.008579,-0.002285,0.0,-0.001238,-0.0,0.0,-0.004916,0.0,-0.004326,-0.005293,0.0,-8e-05,-0.003734,0.0,-0.009609,-0.002358,0.0,-0.003249,0.0,-0.0,-0.001845,-0.002135,-0.004747,-0.002536,0.0,0.0,-0.004965,-0.004394,-0.005768,0.0,0.0,-0.0,0.0,0.0,-0.001311,-0.005,-0.008645,-0.004706,0.0,-3.6e-05,-0.007814,-0.000806,-0.005022,0.0,-0.000735,-0.002218,-0.0,0.0,-0.004966,-0.005565,0.0,-0.0,0.0,-0.002753,0.0,-0.004577,0.0,-0.002226,-0.008512,-0.0,-0.0,-0.006211,0.0,0.0,0.0,-0.0,-0.004993,-0.005935,0.0,-0.003243,-0.002763,-0.00884,-0.00887,0.0,-0.007903,0.0,-0.00625,-0.002463,0.0,-0.002323,-0.009993,-0.006061,-0.005704,-0.005949,-0.008838,-0.002417,-0.000942,-0.001261,0.0,-0.000219,-0.00373,-0.004154,-0.006144
2017-05-27 12:02:00+02:00,0.0,0.0,-0.0,-0.005308,-0.0,0.0,-0.001491,-0.002584,-0.005356,-0.0,0.0,0.0,-0.005943,-0.005778,-0.002109,-0.007394,-0.0,0.0,0.0,-0.008782,0.0,-0.008577,-0.004036,0.0,-0.008211,-0.008628,-0.002303,0.0,-0.001256,-0.0,0.0,-0.004943,0.0,-0.004355,-0.005325,0.0,-0.00011,-0.003768,0.0,-0.009657,-0.002377,0.0,-0.003201,0.0,-0.0,-0.001876,-0.002154,-0.004674,-0.002558,0.0,0.0,-0.00488,-0.00442,-0.005778,0.0,0.0,-0.0,0.0,0.0,-0.00134,-0.004919,-0.008693,-0.004744,0.0,-2.9e-05,-0.00786,-0.000823,-0.00494,0.0,-0.000752,-0.002183,-0.0,0.0,-0.004899,-0.005577,0.0,-0.0,0.0,-0.002785,0.0,-0.004601,0.0,-0.002258,-0.00856,-0.0,-0.0,-0.006212,0.0,0.0,0.0,-0.0,-0.00502,-0.005943,0.0,-0.003268,-0.0028,-0.008886,-0.008917,0.0,-0.00795,0.0,-0.006292,-0.002425,0.0,-0.002342,-0.010006,-0.006067,-0.005745,-0.005988,-0.008887,-0.002437,-0.000959,-0.001238,0.0,-0.000245,-0.003675,-0.00419,-0.006148
2017-05-27 12:03:00+02:00,0.0,0.0,-0.0,-0.005369,-0.0,0.0,-0.001516,-0.002611,-0.005415,-0.0,0.0,0.0,-0.005951,-0.005788,-0.002158,-0.007458,-0.0,0.0,0.0,-0.008746,0.0,-0.008544,-0.004084,0.0,-0.008313,-0.008693,-0.002329,0.0,-0.001287,-0.0,0.0,-0.005002,0.0,-0.004414,-0.005387,0.0,-0.000176,-0.003813,0.0,-0.009751,-0.002404,0.0,-0.003217,0.0,-0.0,-0.001928,-0.002185,-0.004651,-0.002609,0.0,0.0,-0.004849,-0.004459,-0.005788,0.0,0.0,-0.0,0.0,0.0,-0.001381,-0.00489,-0.008797,-0.004804,0.0,-3e-05,-0.007925,-0.000847,-0.004911,0.0,-0.000777,-0.002191,-0.0,0.0,-0.004881,-0.005589,0.0,-0.0,0.0,-0.002829,0.0,-0.004637,0.0,-0.00231,-0.008664,-0.0,-0.0,-0.006213,0.0,0.0,0.0,-0.0,-0.005058,-0.005951,0.0,-0.003305,-0.00288,-0.008948,-0.00898,0.0,-0.008049,0.0,-0.006354,-0.002429,0.0,-0.002369,-0.01002,-0.006073,-0.005835,-0.006049,-0.008952,-0.002464,-0.00099,-0.001249,0.0,-0.000284,-0.003688,-0.004247,-0.006153
2017-05-27 12:04:00+02:00,0.0,0.0,-0.0,-0.005405,-0.0,0.0,-0.001526,-0.002622,-0.005458,-0.0,0.0,0.0,-0.00596,-0.005799,-0.002188,-0.007498,-0.0,0.0,0.0,-0.008708,0.0,-0.008509,-0.004107,0.0,-0.008388,-0.008734,-0.002339,0.0,-0.001303,-0.0,0.0,-0.005044,0.0,-0.004455,-0.005434,0.0,-0.00021,-0.003834,0.0,-0.009828,-0.002416,0.0,-0.003216,0.0,-0.0,-0.001954,-0.002202,-0.004626,-0.002639,0.0,0.0,-0.004818,-0.004483,-0.005799,0.0,0.0,-0.0,0.0,0.0,-0.001397,-0.004861,-0.00887,-0.004838,0.0,-2.4e-05,-0.007965,-0.000856,-0.004882,0.0,-0.000786,-0.002188,-0.0,0.0,-0.004862,-0.005602,0.0,-0.0,0.0,-0.002848,0.0,-0.004659,0.0,-0.002338,-0.008738,-0.0,-0.0,-0.006215,0.0,0.0,0.0,-0.0,-0.005081,-0.00596,0.0,-0.003328,-0.002926,-0.008985,-0.009019,0.0,-0.008118,0.0,-0.006392,-0.002424,0.0,-0.00238,-0.010034,-0.00608,-0.005893,-0.006084,-0.008992,-0.002476,-0.001005,-0.001249,0.0,-0.000298,-0.003686,-0.00428,-0.006158
2017-05-27 12:05:00+02:00,0.0,0.0,-0.0,-0.005398,-0.0,0.0,-0.001523,-0.002621,-0.005473,-0.0,0.0,0.0,-0.005966,-0.005807,-0.002196,-0.007492,-0.0,0.0,0.0,-0.008627,0.0,-0.00843,-0.004111,0.0,-0.008419,-0.00873,-0.002338,0.0,-0.001292,-0.0,0.0,-0.005059,0.0,-0.004471,-0.005455,0.0,-0.000211,-0.003834,0.0,-0.009857,-0.002416,0.0,-0.003169,0.0,-0.0,-0.001938,-0.002191,-0.004574,-0.002644,0.0,0.0,-0.004762,-0.00448,-0.005807,0.0,0.0,-0.0,0.0,0.0,-0.001394,-0.004806,-0.008898,-0.00483,0.0,-1.9e-05,-0.00796,-0.000853,-0.004826,0.0,-0.000784,-0.002156,-0.0,0.0,-0.004817,-0.005611,0.0,-0.0,0.0,-0.002847,0.0,-0.004653,0.0,-0.002324,-0.008767,-0.0,-0.0,-0.006209,0.0,0.0,0.0,-0.0,-0.005077,-0.005966,0.0,-0.003327,-0.002934,-0.008976,-0.009011,0.0,-0.008142,0.0,-0.006386,-0.002388,0.0,-0.002379,-0.010042,-0.006084,-0.005907,-0.006075,-0.008986,-0.002477,-0.000994,-0.001223,0.0,-0.000293,-0.003635,-0.004268,-0.00616
2017-05-27 12:06:00+02:00,0.0,0.0,-0.0,-0.005403,-0.0,0.0,-0.001527,-0.002626,-0.005496,-0.0,0.0,0.0,-0.005971,-0.005814,-0.002213,-0.007498,-0.0,0.0,0.0,-0.008566,0.0,-0.008371,-0.004121,0.0,-0.008461,-0.008738,-0.002341,0.0,-0.00129,-0.0,0.0,-0.005083,0.0,-0.004495,-0.005483,0.0,-0.000229,-0.003842,0.0,-0.009898,-0.002421,0.0,-0.003136,0.0,-0.0,-0.001936,-0.002189,-0.004534,-0.002659,0.0,0.0,-0.004719,-0.004485,-0.005814,0.0,0.0,-0.0,0.0,0.0,-0.0014,-0.004765,-0.008938,-0.004833,0.0,-1.5e-05,-0.007967,-0.000857,-0.004783,0.0,-0.000788,-0.002133,-0.0,0.0,-0.004785,-0.00562,0.0,-0.0,0.0,-0.002855,0.0,-0.004655,0.0,-0.002322,-0.008807,-0.0,-0.0,-0.006206,0.0,0.0,0.0,-0.0,-0.005081,-0.005971,0.0,-0.003332,-0.002958,-0.00898,-0.009016,0.0,-0.00818,0.0,-0.006391,-0.002362,0.0,-0.002384,-0.010049,-0.006087,-0.005936,-0.006077,-0.008993,-0.002482,-0.000992,-0.001206,0.0,-0.000299,-0.003598,-0.004269,-0.006161
2017-05-27 12:07:00+02:00,0.0,0.0,-0.0,-0.005413,-0.0,0.0,-0.001535,-0.002635,-0.005516,-0.0,0.0,0.0,-0.005976,-0.005821,-0.002227,-0.00751,-0.0,0.0,0.0,-0.008515,0.0,-0.008324,-0.00414,0.0,-0.008499,-0.00875,-0.00235,0.0,-0.001292,-0.0,0.0,-0.005104,0.0,-0.004517,-0.005509,0.0,-0.000243,-0.003858,0.0,-0.009934,-0.002431,0.0,-0.003109,0.0,-0.0,-0.00194,-0.002191,-0.004501,-0.002672,0.0,0.0,-0.004685,-0.004493,-0.005821,0.0,0.0,-0.0,0.0,0.0,-0.001416,-0.004731,-0.008973,-0.004842,0.0,-1.2e-05,-0.007979,-0.000865,-0.004747,0.0,-0.000796,-0.002114,-0.0,0.0,-0.004759,-0.005629,0.0,-0.0,0.0,-0.002871,0.0,-0.004661,0.0,-0.002327,-0.008842,-0.0,-0.0,-0.006203,0.0,0.0,0.0,-0.0,-0.005088,-0.005976,0.0,-0.003341,-0.002979,-0.008989,-0.009025,0.0,-0.008213,0.0,-0.006402,-0.00234,0.0,-0.002393,-0.010054,-0.00609,-0.005962,-0.006086,-0.009004,-0.002492,-0.000994,-0.001191,0.0,-0.000314,-0.003568,-0.004277,-0.006162
2017-05-27 12:08:00+02:00,0.0,0.0,-0.0,-0.005416,-0.0,0.0,-0.001534,-0.002632,-0.005538,-0.0,0.0,0.0,-0.005982,-0.005829,-0.002245,-0.007513,-0.0,0.0,0.0,-0.008455,0.0,-0.008266,-0.004141,0.0,-0.00854,-0.008755,-0.002348,0.0,-0.001289,-0.0,0.0,-0.005127,0.0,-0.00454,-0.005536,0.0,-0.000258,-0.003857,0.0,-0.009973,-0.00243,0.0,-0.003068,0.0,-0.0,-0.001937,-0.002189,-0.004461,-0.002688,0.0,0.0,-0.004644,-0.004496,-0.005829,0.0,0.0,-0.0,0.0,0.0,-0.001415,-0.00469,-0.009012,-0.004844,0.0,-1e-05,-0.007983,-0.000864,-0.004705,0.0,-0.000796,-0.002087,-0.0,0.0,-0.004728,-0.005639,0.0,-0.0,0.0,-0.00287,0.0,-0.004661,0.0,-0.002325,-0.008882,-0.0,-0.0,-0.006203,0.0,0.0,0.0,-0.0,-0.005091,-0.005982,0.0,-0.003345,-0.003003,-0.00899,-0.009027,0.0,-0.008249,0.0,-0.006406,-0.00231,0.0,-0.002392,-0.010061,-0.006094,-0.005991,-0.006086,-0.009009,-0.002491,-0.000992,-0.001167,0.0,-0.000313,-0.003524,-0.004277,-0.006164
2017-05-27 12:09:00+02:00,0.0,0.0,-0.0,-0.005428,-0.0,0.0,-0.001538,-0.002636,-0.005557,-0.0,0.0,0.0,-0.005985,-0.005834,-0.002261,-0.007527,-0.0,0.0,0.0,-0.008426,0.0,-0.008239,-0.004151,0.0,-0.008576,-0.00877,-0.002351,0.0,-0.001293,-0.0,0.0,-0.005146,0.0,-0.004561,-0.00556,0.0,-0.000274,-0.003865,0.0,-0.010003,-0.002435,0.0,-0.003053,0.0,-0.0,-0.001944,-0.002192,-0.004439,-0.002702,0.0,0.0,-0.004624,-0.004505,-0.005834,0.0,0.0,-0.0,0.0,0.0,-0.001424,-0.004669,-0.009046,-0.004855,0.0,-8e-06,-0.007998,-0.000869,-0.004682,0.0,-0.000801,-0.002075,-0.0,0.0,-0.004714,-0.005645,0.0,-0.0,0.0,-0.002879,0.0,-0.004667,0.0,-0.002333,-0.008917,-0.0,-0.0,-0.006188,0.0,0.0,0.0,-0.0,-0.005099,-0.005985,0.0,-0.003355,-0.003026,-0.009001,-0.009039,0.0,-0.008281,0.0,-0.006418,-0.002296,0.0,-0.002396,-0.010064,-0.006094,-0.006018,-0.006097,-0.009022,-0.002495,-0.000995,-0.001158,0.0,-0.000322,-0.003507,-0.004286,-0.006159
2017-05-27 12:10:00+02:00,0.0,0.0,-0.0,-0.005428,-0.0,0.0,-0.001537,-0.002633,-0.005561,-0.0,0.0,0.0,-0.005987,-0.005838,-0.002267,-0.007524,-0.0,0.0,0.0,-0.008401,0.0,-0.008216,-0.004152,0.0,-0.008591,-0.008767,-0.002349,0.0,-0.001291,-0.0,0.0,-0.005153,0.0,-0.00457,-0.005572,0.0,-0.000278,-0.003864,0.0,-0.010015,-0.002433,0.0,-0.003041,0.0,-0.0,-0.001942,-0.002188,-0.00442,-0.002705,0.0,0.0,-0.004605,-0.004504,-0.005838,0.0,0.0,-0.0,0.0,0.0,-0.001425,-0.00465,-0.009059,-0.004854,0.0,-6e-06,-0.007994,-0.000869,-0.004662,0.0,-0.000801,-0.002066,-0.0,0.0,-0.004702,-0.005652,0.0,-0.0,0.0,-0.002879,0.0,-0.004663,0.0,-0.002332,-0.008932,-0.0,-0.0,-0.00618,0.0,0.0,0.0,-0.0,-0.005096,-0.005987,0.0,-0.003356,-0.003032,-0.008994,-0.009033,0.0,-0.008292,0.0,-0.006417,-0.002285,0.0,-0.002395,-0.010067,-0.006094,-0.006025,-0.006093,-0.009018,-0.002494,-0.000994,-0.001151,0.0,-0.000324,-0.003493,-0.004284,-0.006155
2017-05-27 12:11:00+02:00,0.0,0.0,-0.0,-0.005434,-0.0,0.0,-0.001538,-0.002632,-0.005565,-0.0,0.0,0.0,-0.00599,-0.005843,-0.002272,-0.007527,-0.0,0.0,0.0,-0.008391,0.0,-0.008208,-0.004155,0.0,-0.008604,-0.00877,-0.002348,0.0,-0.001293,-0.0,0.0,-0.005158,0.0,-0.004578,-0.005583,0.0,-0.000281,-0.003866,0.0,-0.010025,-0.002434,0.0,-0.003039,0.0,-0.0,-0.001947,-0.002189,-0.00441,-0.002707,0.0,0.0,-0.004597,-0.004507,-0.005843,0.0,0.0,-0.0,0.0,0.0,-0.001429,-0.004642,-0.00907,-0.00486,0.0,-5e-06,-0.007997,-0.00087,-0.004651,0.0,-0.000803,-0.002063,-0.0,0.0,-0.004699,-0.005659,0.0,-0.0,0.0,-0.002882,0.0,-0.004663,0.0,-0.002337,-0.008944,-0.0,-0.0,-0.00618,0.0,0.0,0.0,-0.0,-0.005097,-0.00599,0.0,-0.003362,-0.003037,-0.008993,-0.009033,0.0,-0.0083,0.0,-0.006422,-0.00228,0.0,-0.002395,-0.01007,-0.006095,-0.00603,-0.006096,-0.009019,-0.002494,-0.000996,-0.00115,0.0,-0.000328,-0.003489,-0.004289,-0.006155
2017-05-27 12:12:00+02:00,0.0,0.0,-0.0,-0.00545,-0.0,0.0,-0.001542,-0.002635,-0.005586,-0.0,0.0,0.0,-0.005995,-0.00585,-0.002293,-0.007543,-0.0,0.0,0.0,-0.008398,0.0,-0.008218,-0.004164,0.0,-0.008644,-0.008785,-0.002352,0.0,-0.0013,-0.0,0.0,-0.005181,0.0,-0.004602,-0.005607,0.0,-0.000305,-0.003873,0.0,-0.010049,-0.002439,0.0,-0.003049,0.0,-0.0,-0.001959,-0.002195,-0.004412,-0.002726,0.0,0.0,-0.0046,-0.004517,-0.00585,0.0,0.0,-0.0,0.0,0.0,-0.001438,-0.004644,-0.009109,-0.004875,0.0,-4e-06,-0.008012,-0.000875,-0.004652,0.0,-0.000808,-0.002068,-0.0,0.0,-0.004707,-0.005668,0.0,-0.0,0.0,-0.00289,0.0,-0.004671,0.0,-0.00235,-0.008984,-0.0,-0.0,-0.006182,0.0,0.0,0.0,-0.0,-0.005106,-0.005995,0.0,-0.003374,-0.003067,-0.009005,-0.009045,0.0,-0.008337,0.0,-0.006438,-0.002284,0.0,-0.0024,-0.010076,-0.006099,-0.006063,-0.00611,-0.009034,-0.002499,-0.001003,-0.001155,0.0,-0.000337,-0.003498,-0.004303,-0.006158
2017-05-27 12:13:00+02:00,0.0,0.0,-0.0,-0.005471,-0.0,0.0,-0.001547,-0.00264,-0.0056,-0.0,0.0,0.0,-0.006,-0.005857,-0.002307,-0.007564,-0.0,0.0,0.0,-0.008425,0.0,-0.008245,-0.004177,0.0,-0.008672,-0.008807,-0.002357,0.0,-0.00131,-0.0,0.0,-0.005196,0.0,-0.00462,-0.005628,0.0,-0.000319,-0.003884,0.0,-0.010069,-0.002445,0.0,-0.003072,0.0,-0.0,-0.001977,-0.002205,-0.004424,-0.002739,0.0,0.0,-0.004614,-0.004531,-0.005857,0.0,0.0,-0.0,0.0,0.0,-0.001447,-0.004658,-0.009137,-0.004895,0.0,-3e-06,-0.008033,-0.00088,-0.004663,0.0,-0.000814,-0.002082,-0.0,0.0,-0.004725,-0.005676,0.0,-0.0,0.0,-0.0029,0.0,-0.004682,0.0,-0.002368,-0.009013,-0.0,-0.0,-0.006182,0.0,0.0,0.0,-0.0,-0.005119,-0.006,0.0,-0.003389,-0.003087,-0.009023,-0.009064,0.0,-0.008363,0.0,-0.006459,-0.002297,0.0,-0.002406,-0.010082,-0.006102,-0.006086,-0.006129,-0.009055,-0.002505,-0.001013,-0.001166,0.0,-0.000345,-0.003522,-0.004322,-0.00616
2017-05-27 12:14:00+02:00,0.0,0.0,-0.0,-0.005492,-0.0,0.0,-0.001547,-0.002639,-0.005606,-0.0,0.0,0.0,-0.006005,-0.005864,-0.002315,-0.007584,-0.0,0.0,0.0,-0.008456,0.0,-0.008277,-0.00418,0.0,-0.008687,-0.008827,-0.002357,0.0,-0.00132,-0.0,0.0,-0.005203,0.0,-0.004631,-0.005642,0.0,-0.000323,-0.003886,0.0,-0.010085,-0.002446,0.0,-0.003101,0.0,-0.0,-0.001994,-0.002214,-0.004439,-0.002744,0.0,0.0,-0.004632,-0.004545,-0.005864,0.0,0.0,-0.0,0.0,0.0,-0.001449,-0.004674,-0.009151,-0.004916,0.0,-3e-06,-0.008054,-0.00088,-0.004678,0.0,-0.000814,-0.002099,-0.0,0.0,-0.004746,-0.005685,0.0,-0.0,0.0,-0.002902,0.0,-0.004693,0.0,-0.002386,-0.009028,-0.0,-0.0,-0.006183,0.0,0.0,0.0,-0.0,-0.005131,-0.006005,0.0,-0.003403,-0.003096,-0.009039,-0.009081,0.0,-0.008375,0.0,-0.00648,-0.002315,0.0,-0.002406,-0.010087,-0.006104,-0.006095,-0.006148,-0.009074,-0.002506,-0.001023,-0.001181,0.0,-0.000346,-0.003553,-0.004341,-0.006162
2017-05-27 12:15:00+02:00,0.0,0.0,-0.0,-0.005493,-0.0,0.0,-0.001537,-0.002629,-0.005584,-0.0,0.0,0.0,-0.006012,-0.005873,-0.002307,-0.007586,-0.0,0.0,0.0,-0.008466,0.0,-0.008289,-0.004168,0.0,-0.008659,-0.00883,-0.002347,0.0,-0.001318,-0.0,0.0,-0.005187,0.0,-0.00462,-0.005639,0.0,-0.000301,-0.003871,0.0,-0.010072,-0.002437,0.0,-0.003111,0.0,-0.0,-0.001991,-0.002212,-0.004442,-0.002731,0.0,0.0,-0.004637,-0.004547,-0.005873,0.0,0.0,-0.0,0.0,0.0,-0.001433,-0.004679,-0.009135,-0.004916,0.0,-2e-06,-0.008056,-0.00087,-0.004681,0.0,-0.000804,-0.002104,-0.0,0.0,-0.004756,-0.005695,0.0,-0.0,0.0,-0.002887,0.0,-0.004692,0.0,-0.002384,-0.009013,-0.0,-0.0,-0.006184,0.0,0.0,0.0,-0.0,-0.005132,-0.006012,0.0,-0.003407,-0.003076,-0.009038,-0.009081,0.0,-0.008349,0.0,-0.006481,-0.002319,0.0,-0.002397,-0.010096,-0.006109,-0.006074,-0.006147,-0.009076,-0.002497,-0.00102,-0.001183,0.0,-0.000329,-0.003563,-0.00434,-0.006166
2017-05-27 12:16:00+02:00,0.0,0.0,-0.0,-0.005373,-0.0,0.0,-0.001537,-0.00263,-0.005583,-0.0,0.0,0.0,-0.006018,-0.005882,-0.002312,-0.007468,-0.0,0.0,0.0,-0.00848,0.0,-0.008304,-0.004174,0.0,-0.008665,-0.008714,-0.002347,0.0,-0.001255,-0.0,0.0,-0.00519,0.0,-0.004628,-0.005655,0.0,-0.0003,-0.003875,0.0,-0.010095,-0.002439,0.0,-0.003124,0.0,-0.0,-0.001891,-0.002142,-0.004447,-0.002733,0.0,0.0,-0.004644,-0.004477,-0.005882,0.0,0.0,-0.0,0.0,0.0,-0.001435,-0.004685,-0.009152,-0.0048,0.0,-2e-06,-0.007939,-0.00087,-0.004685,0.0,-0.000805,-0.002112,-0.0,0.0,-0.004767,-0.005706,0.0,-0.0,0.0,-0.00289,0.0,-0.004618,0.0,-0.002283,-0.009031,-0.0,-0.0,-0.006185,0.0,0.0,0.0,-0.0,-0.00506,-0.006018,0.0,-0.00334,-0.00308,-0.008919,-0.008962,0.0,-0.008357,0.0,-0.006361,-0.002326,0.0,-0.002399,-0.010106,-0.006114,-0.006081,-0.006023,-0.008959,-0.002498,-0.000958,-0.001188,0.0,-0.000329,-0.003578,-0.004226,-0.006169
2017-05-27 12:17:00+02:00,0.0,0.0,-0.0,-0.005304,-0.0,0.0,-0.001547,-0.00264,-0.005607,-0.0,0.0,0.0,-0.006021,-0.005887,-0.002333,-0.007401,-0.0,0.0,0.0,-0.008506,0.0,-0.008332,-0.004196,0.0,-0.008714,-0.008651,-0.002357,0.0,-0.001218,-0.0,0.0,-0.005214,0.0,-0.004653,-0.005673,0.0,-0.000324,-0.003895,0.0,-0.010111,-0.00245,0.0,-0.00315,0.0,-0.0,-0.001832,-0.002101,-0.004458,-0.002752,0.0,0.0,-0.004658,-0.004436,-0.005887,0.0,0.0,-0.0,0.0,0.0,-0.001453,-0.004697,-0.009198,-0.004732,0.0,-1e-06,-0.007874,-0.00088,-0.004695,0.0,-0.000815,-0.002126,-0.0,0.0,-0.004783,-0.005714,0.0,-0.0,0.0,-0.00291,0.0,-0.004574,0.0,-0.002225,-0.009079,-0.0,-0.0,-0.006171,0.0,0.0,0.0,-0.0,-0.005019,-0.006021,0.0,-0.003301,-0.00311,-0.008852,-0.008896,0.0,-0.008399,0.0,-0.006292,-0.00234,0.0,-0.00241,-0.010113,-0.006115,-0.006117,-0.005949,-0.008895,-0.002509,-0.000922,-0.0012,0.0,-0.000346,-0.003604,-0.00416,-0.006167
2017-05-27 12:18:00+02:00,0.0,0.0,-0.0,-0.005244,-0.0,0.0,-0.001549,-0.002641,-0.005616,-0.0,0.0,0.0,-0.006025,-0.005893,-0.002342,-0.007342,-0.0,0.0,0.0,-0.008499,0.0,-0.008327,-0.004204,0.0,-0.00874,-0.008594,-0.002358,0.0,-0.001185,-0.0,0.0,-0.005224,0.0,-0.004666,-0.005689,0.0,-0.000332,-0.003901,0.0,-0.010128,-0.002452,0.0,-0.003146,0.0,-0.0,-0.001781,-0.002064,-0.004449,-0.002758,0.0,0.0,-0.004651,-0.0044,-0.005893,0.0,0.0,-0.0,0.0,0.0,-0.001458,-0.00469,-0.00922,-0.004674,0.0,-1e-06,-0.007817,-0.000883,-0.004686,0.0,-0.000818,-0.002122,-0.0,0.0,-0.004781,-0.005722,0.0,-0.0,0.0,-0.002915,0.0,-0.004535,0.0,-0.002175,-0.009102,-0.0,-0.0,-0.006172,0.0,0.0,0.0,-0.0,-0.004982,-0.006025,0.0,-0.003268,-0.003122,-0.008792,-0.008836,0.0,-0.008418,0.0,-0.006232,-0.002334,0.0,-0.002412,-0.010122,-0.006117,-0.006131,-0.005885,-0.008837,-0.002512,-0.00089,-0.001196,0.0,-0.000351,-0.0036,-0.004102,-0.006168
2017-05-27 12:19:00+02:00,0.0,0.0,-0.0,-0.005207,-0.0,0.0,-0.001554,-0.002647,-0.005633,-0.0,0.0,0.0,-0.006032,-0.005902,-0.002356,-0.007307,-0.0,0.0,0.0,-0.008516,0.0,-0.008346,-0.00422,0.0,-0.008776,-0.008561,-0.002364,0.0,-0.001164,-0.0,0.0,-0.005241,0.0,-0.004685,-0.005706,0.0,-0.000346,-0.003913,0.0,-0.010145,-0.002459,0.0,-0.003162,0.0,-0.0,-0.001749,-0.002041,-0.004455,-0.00277,0.0,0.0,-0.00466,-0.004379,-0.005902,0.0,0.0,-0.0,0.0,0.0,-0.001469,-0.004698,-0.009256,-0.004638,0.0,-1e-06,-0.007782,-0.000888,-0.004691,0.0,-0.000824,-0.00213,-0.0,0.0,-0.004793,-0.005732,0.0,-0.0,0.0,-0.002928,0.0,-0.00451,0.0,-0.002143,-0.00914,-0.0,-0.0,-0.006174,0.0,0.0,0.0,-0.0,-0.004959,-0.006032,0.0,-0.003249,-0.003143,-0.008756,-0.008801,0.0,-0.008449,0.0,-0.006196,-0.002342,0.0,-0.002419,-0.010133,-0.006121,-0.006156,-0.005846,-0.008803,-0.002519,-0.00087,-0.001203,0.0,-0.000362,-0.003616,-0.004066,-0.006171
2017-05-27 12:20:00+02:00,0.0,0.0,-0.0,-0.005206,-0.0,0.0,-0.001567,-0.002661,-0.005654,-0.0,0.0,0.0,-0.006039,-0.005911,-0.002373,-0.007312,-0.0,0.0,0.0,-0.00855,0.0,-0.008382,-0.004247,0.0,-0.008819,-0.008572,-0.002377,0.0,-0.001161,-0.0,0.0,-0.005264,0.0,-0.004709,-0.005722,0.0,-0.000366,-0.003938,0.0,-0.01016,-0.002474,0.0,-0.003191,0.0,-0.0,-0.001745,-0.002037,-0.004471,-0.002785,0.0,0.0,-0.004679,-0.004382,-0.005911,0.0,0.0,-0.0,0.0,0.0,-0.001491,-0.004716,-0.009298,-0.004636,0.0,-1e-06,-0.007789,-0.000901,-0.004707,0.0,-0.000836,-0.002147,-0.0,0.0,-0.004815,-0.005743,0.0,-0.0,0.0,-0.002951,0.0,-0.004511,0.0,-0.00214,-0.009183,-0.0,-0.0,-0.006177,0.0,0.0,0.0,-0.0,-0.004963,-0.006039,0.0,-0.00325,-0.003167,-0.008764,-0.00881,0.0,-0.008486,0.0,-0.006197,-0.002358,0.0,-0.002433,-0.010144,-0.006126,-0.006186,-0.005843,-0.008814,-0.002534,-0.000867,-0.001219,0.0,-0.000381,-0.003646,-0.004063,-0.006175
2017-05-27 12:21:00+02:00,0.0,0.0,-0.0,-0.005201,-0.0,0.0,-0.001573,-0.002667,-0.005661,-0.0,0.0,0.0,-0.006045,-0.005919,-0.002378,-0.007312,-0.0,0.0,0.0,-0.008567,0.0,-0.008401,-0.004262,0.0,-0.008838,-0.008578,-0.002384,0.0,-0.001155,-0.0,0.0,-0.005272,0.0,-0.00472,-0.005737,0.0,-0.000367,-0.00395,0.0,-0.010172,-0.002481,0.0,-0.003207,0.0,-0.0,-0.001736,-0.002031,-0.004478,-0.002787,0.0,0.0,-0.004689,-0.004384,-0.005919,0.0,0.0,-0.0,0.0,0.0,-0.001501,-0.004725,-0.009317,-0.004631,0.0,-1e-06,-0.007792,-0.000906,-0.004715,0.0,-0.000842,-0.002155,-0.0,0.0,-0.004828,-0.005753,0.0,-0.0,0.0,-0.002962,0.0,-0.00451,0.0,-0.002132,-0.009203,-0.0,-0.0,-0.006179,0.0,0.0,0.0,-0.0,-0.004965,-0.006045,0.0,-0.00325,-0.003171,-0.008768,-0.008815,0.0,-0.0085,0.0,-0.006194,-0.002366,0.0,-0.00244,-0.010153,-0.00613,-0.006194,-0.005836,-0.008821,-0.002542,-0.00086,-0.001226,0.0,-0.00039,-0.003661,-0.004056,-0.006179
2017-05-27 12:22:00+02:00,0.0,0.0,-0.0,-0.005191,-0.0,0.0,-0.001574,-0.00267,-0.005665,-0.0,0.0,0.0,-0.006052,-0.005928,-0.002381,-0.007307,-0.0,0.0,0.0,-0.008574,0.0,-0.00841,-0.004269,0.0,-0.008849,-0.008577,-0.002385,0.0,-0.001147,-0.0,0.0,-0.005277,0.0,-0.004728,-0.00575,0.0,-0.000363,-0.003955,0.0,-0.010183,-0.002484,0.0,-0.003213,0.0,-0.0,-0.001724,-0.002022,-0.00448,-0.002787,0.0,0.0,-0.004694,-0.004382,-0.005928,0.0,0.0,-0.0,0.0,0.0,-0.001503,-0.004729,-0.00933,-0.004621,0.0,-1e-06,-0.007788,-0.000907,-0.004716,0.0,-0.000844,-0.002158,-0.0,0.0,-0.004836,-0.005764,0.0,-0.0,0.0,-0.002966,0.0,-0.004506,0.0,-0.00212,-0.009218,-0.0,-0.0,-0.00618,0.0,0.0,0.0,-0.0,-0.004964,-0.006052,0.0,-0.003248,-0.003171,-0.008764,-0.008812,0.0,-0.008508,0.0,-0.006186,-0.002368,0.0,-0.002443,-0.010161,-0.006135,-0.006196,-0.005825,-0.008819,-0.002545,-0.000852,-0.001228,0.0,-0.000391,-0.003667,-0.004044,-0.006183
2017-05-27 12:23:00+02:00,0.0,0.0,-0.0,-0.005176,-0.0,0.0,-0.001571,-0.002667,-0.005662,-0.0,0.0,0.0,-0.006056,-0.005934,-0.00238,-0.007293,-0.0,0.0,0.0,-0.008572,0.0,-0.008409,-0.004268,0.0,-0.008849,-0.008566,-0.002382,0.0,-0.001136,-0.0,0.0,-0.005277,0.0,-0.00473,-0.005761,0.0,-0.000354,-0.003951,0.0,-0.010188,-0.002482,0.0,-0.003211,0.0,-0.0,-0.001706,-0.002011,-0.004477,-0.002782,0.0,0.0,-0.004694,-0.004376,-0.005934,0.0,0.0,-0.0,0.0,0.0,-0.001498,-0.004727,-0.009332,-0.004605,0.0,-1e-06,-0.007775,-0.000904,-0.004713,0.0,-0.000841,-0.002157,-0.0,0.0,-0.004839,-0.005772,0.0,-0.0,0.0,-0.002962,0.0,-0.004498,0.0,-0.002104,-0.009221,-0.0,-0.0,-0.006177,0.0,0.0,0.0,-0.0,-0.004958,-0.006056,0.0,-0.003242,-0.003163,-0.00875,-0.008799,0.0,-0.008505,0.0,-0.006172,-0.002366,0.0,-0.002441,-0.010164,-0.006138,-0.00619,-0.005808,-0.008809,-0.002543,-0.000841,-0.001226,0.0,-0.000385,-0.003665,-0.004027,-0.006184
2017-05-27 12:24:00+02:00,0.0,0.0,-0.0,-0.005146,-0.0,0.0,-0.001563,-0.00266,-0.005649,-0.0,0.0,0.0,-0.00606,-0.005939,-0.002371,-0.007263,-0.0,0.0,0.0,-0.008562,0.0,-0.0084,-0.004259,0.0,-0.008833,-0.008536,-0.002375,0.0,-0.001119,-0.0,0.0,-0.005266,0.0,-0.004722,-0.005765,0.0,-0.000334,-0.003939,0.0,-0.010191,-0.002476,0.0,-0.003199,0.0,-0.0,-0.001679,-0.001992,-0.004469,-0.002769,0.0,0.0,-0.004688,-0.00436,-0.005939,0.0,0.0,-0.0,0.0,0.0,-0.001486,-0.004721,-0.009316,-0.004575,0.0,-0.0,-0.007745,-0.000896,-0.004704,0.0,-0.000833,-0.002149,-0.0,0.0,-0.004837,-0.005779,0.0,-0.0,0.0,-0.00295,0.0,-0.004479,0.0,-0.002076,-0.009207,-0.0,-0.0,-0.006172,0.0,0.0,0.0,-0.0,-0.00494,-0.00606,0.0,-0.003228,-0.003143,-0.008717,-0.008767,0.0,-0.008485,0.0,-0.006141,-0.002357,0.0,-0.002434,-0.010166,-0.00614,-0.006169,-0.005775,-0.008778,-0.002537,-0.000824,-0.001218,0.0,-0.000373,-0.003652,-0.003998,-0.006185
2017-05-27 12:25:00+02:00,0.0,0.0,-0.0,-0.005111,-0.0,0.0,-0.001552,-0.002647,-0.005628,-0.0,0.0,0.0,-0.006055,-0.005941,-0.002359,-0.007225,-0.0,0.0,0.0,-0.008541,0.0,-0.008382,-0.004242,0.0,-0.008805,-0.008498,-0.002362,0.0,-0.0011,-0.0,0.0,-0.005249,0.0,-0.00471,-0.005762,0.0,-0.000312,-0.00392,0.0,-0.010165,-0.002464,0.0,-0.003181,0.0,-0.0,-0.001648,-0.001971,-0.004455,-0.002752,0.0,0.0,-0.004677,-0.004339,-0.005941,0.0,0.0,-0.0,0.0,0.0,-0.00147,-0.004709,-0.009291,-0.004541,0.0,-0.0,-0.007706,-0.000885,-0.00469,0.0,-0.000823,-0.002138,-0.0,0.0,-0.004829,-0.005782,0.0,-0.0,0.0,-0.002933,0.0,-0.004455,0.0,-0.002046,-0.009183,-0.0,-0.0,-0.006146,0.0,0.0,0.0,-0.0,-0.004917,-0.006055,0.0,-0.00321,-0.003119,-0.008674,-0.008725,0.0,-0.008455,0.0,-0.006105,-0.002345,0.0,-0.002423,-0.010135,-0.006126,-0.006141,-0.005737,-0.008738,-0.002526,-0.000805,-0.001207,0.0,-0.000356,-0.003634,-0.003963,-0.006166
2017-05-27 12:26:00+02:00,0.0,0.0,-0.0,-0.005085,-0.0,0.0,-0.001549,-0.002643,-0.005616,-0.0,0.0,0.0,-0.006042,-0.005933,-0.002357,-0.007193,-0.0,0.0,0.0,-0.008526,0.0,-0.008368,-0.004237,0.0,-0.008791,-0.008463,-0.002358,0.0,-0.001089,-0.0,0.0,-0.00524,0.0,-0.004704,-0.005763,0.0,-0.00031,-0.003913,0.0,-0.010141,-0.002461,0.0,-0.003175,0.0,-0.0,-0.001632,-0.001957,-0.004444,-0.002746,0.0,0.0,-0.004669,-0.004321,-0.005933,0.0,0.0,-0.0,0.0,0.0,-0.001468,-0.0047,-0.009276,-0.004517,0.0,-0.0,-0.007673,-0.000884,-0.00468,0.0,-0.000822,-0.002133,-0.0,0.0,-0.004824,-0.005783,0.0,-0.0,0.0,-0.002928,0.0,-0.004435,0.0,-0.002029,-0.00917,-0.0,-0.0,-0.006128,0.0,0.0,0.0,-0.0,-0.004897,-0.006042,0.0,-0.003198,-0.003112,-0.008636,-0.008688,0.0,-0.008439,0.0,-0.006076,-0.002339,0.0,-0.00242,-0.010111,-0.006111,-0.006128,-0.005707,-0.008703,-0.002522,-0.000795,-0.001204,0.0,-0.000356,-0.003626,-0.00394,-0.00615
2017-05-27 12:27:00+02:00,0.0,0.0,-0.0,-0.005079,-0.0,0.0,-0.001553,-0.002645,-0.005613,-0.0,0.0,0.0,-0.006045,-0.005937,-0.002362,-0.007182,-0.0,0.0,0.0,-0.008523,0.0,-0.008367,-0.004245,0.0,-0.008794,-0.008451,-0.00236,0.0,-0.001087,-0.0,0.0,-0.00524,0.0,-0.004708,-0.005771,0.0,-0.000319,-0.003919,0.0,-0.010146,-0.002464,0.0,-0.00318,0.0,-0.0,-0.001631,-0.001952,-0.00444,-0.002747,0.0,0.0,-0.004668,-0.004316,-0.005937,0.0,0.0,-0.0,0.0,0.0,-0.001477,-0.004698,-0.009279,-0.004511,0.0,-0.0,-0.007661,-0.000889,-0.004676,0.0,-0.000828,-0.002135,-0.0,0.0,-0.004826,-0.005787,0.0,-0.0,0.0,-0.002936,0.0,-0.004427,0.0,-0.002028,-0.009175,-0.0,-0.0,-0.006129,0.0,0.0,0.0,-0.0,-0.004889,-0.006045,0.0,-0.003195,-0.003119,-0.008621,-0.008672,0.0,-0.008439,0.0,-0.006067,-0.002339,0.0,-0.002423,-0.010118,-0.006114,-0.00613,-0.005697,-0.008689,-0.002526,-0.000794,-0.001207,0.0,-0.000367,-0.00363,-0.003934,-0.006153
2017-05-27 12:28:00+02:00,0.0,0.0,-0.0,-0.005087,-0.0,0.0,-0.001553,-0.002645,-0.005625,-0.0,0.0,0.0,-0.006051,-0.005943,-0.002378,-0.007189,-0.0,0.0,0.0,-0.008537,0.0,-0.008384,-0.004249,0.0,-0.008824,-0.00846,-0.002359,0.0,-0.001091,-0.0,0.0,-0.005255,0.0,-0.004726,-0.005782,0.0,-0.00034,-0.00392,0.0,-0.010157,-0.002464,0.0,-0.003194,0.0,-0.0,-0.001637,-0.001955,-0.004445,-0.002761,0.0,0.0,-0.004676,-0.00432,-0.005943,0.0,0.0,-0.0,0.0,0.0,-0.00148,-0.004705,-0.009309,-0.004518,0.0,-0.0,-0.007669,-0.00089,-0.004681,0.0,-0.000829,-0.002142,-0.0,0.0,-0.004837,-0.005794,0.0,-0.0,0.0,-0.002938,0.0,-0.00443,0.0,-0.002035,-0.009206,-0.0,-0.0,-0.006133,0.0,0.0,0.0,-0.0,-0.004893,-0.006051,0.0,-0.003202,-0.003142,-0.008626,-0.008679,0.0,-0.008466,0.0,-0.006075,-0.002345,0.0,-0.002423,-0.010129,-0.006119,-0.006154,-0.005702,-0.008697,-0.002527,-0.000798,-0.001215,0.0,-0.00037,-0.003643,-0.003941,-0.006157
2017-05-27 12:29:00+02:00,0.0,0.0,-0.0,-0.005081,-0.0,0.0,-0.001554,-0.002646,-0.005651,-0.0,0.0,0.0,-0.006057,-0.00595,-0.002403,-0.00718,-0.0,0.0,0.0,-0.008548,0.0,-0.008397,-0.004255,0.0,-0.008876,-0.008451,-0.002359,0.0,-0.001086,-0.0,0.0,-0.005283,0.0,-0.004756,-0.005792,0.0,-0.000369,-0.003922,0.0,-0.010169,-0.002465,0.0,-0.003205,0.0,-0.0,-0.001632,-0.001949,-0.004447,-0.002784,0.0,0.0,-0.004681,-0.004314,-0.00595,0.0,0.0,-0.0,0.0,0.0,-0.001483,-0.00471,-0.009361,-0.004512,0.0,-0.0,-0.007659,-0.000891,-0.004683,0.0,-0.000831,-0.002148,-0.0,0.0,-0.004846,-0.005803,0.0,-0.0,0.0,-0.002941,0.0,-0.004422,0.0,-0.00203,-0.00926,-0.0,-0.0,-0.006136,0.0,0.0,0.0,-0.0,-0.004886,-0.006057,0.0,-0.003199,-0.003181,-0.008614,-0.008668,0.0,-0.008513,0.0,-0.006067,-0.00235,0.0,-0.002425,-0.010142,-0.006124,-0.006197,-0.005693,-0.008688,-0.002528,-0.000794,-0.001221,0.0,-0.000374,-0.003654,-0.003934,-0.006162
2017-05-27 12:30:00+02:00,0.0,0.0,-0.0,-0.005091,-0.0,0.0,-0.001553,-0.002645,-0.005669,-0.0,0.0,0.0,-0.006064,-0.005959,-0.002421,-0.007194,-0.0,0.0,0.0,-0.008562,0.0,-0.008412,-0.00426,0.0,-0.008916,-0.008469,-0.002358,0.0,-0.001087,-0.0,0.0,-0.005303,0.0,-0.004778,-0.005805,0.0,-0.000384,-0.003923,0.0,-0.010183,-0.002465,0.0,-0.003213,0.0,-0.0,-0.001634,-0.00195,-0.00445,-0.0028,0.0,0.0,-0.004687,-0.004323,-0.005959,0.0,0.0,-0.0,0.0,0.0,-0.001482,-0.004715,-0.009402,-0.004521,0.0,-0.0,-0.007675,-0.00089,-0.004686,0.0,-0.00083,-0.002151,-0.0,0.0,-0.004855,-0.005813,0.0,-0.0,0.0,-0.002942,0.0,-0.004429,0.0,-0.002033,-0.009302,-0.0,-0.0,-0.006141,0.0,0.0,0.0,-0.0,-0.004895,-0.006064,0.0,-0.003207,-0.003205,-0.00863,-0.008684,0.0,-0.008549,0.0,-0.006079,-0.002353,0.0,-0.002425,-0.010156,-0.006131,-0.006227,-0.005702,-0.008706,-0.002529,-0.000794,-0.001224,0.0,-0.000372,-0.003662,-0.00394,-0.006168
2017-05-27 12:31:00+02:00,0.0,0.0,-0.0,-0.005161,-0.0,0.0,-0.001545,-0.002639,-0.005629,-0.0,0.0,0.0,-0.006071,-0.005967,-0.002417,-0.007271,-0.0,0.0,0.0,-0.008552,0.0,-0.008404,-0.004254,0.0,-0.008865,-0.008551,-0.002351,0.0,-0.001109,-0.0,0.0,-0.005267,0.0,-0.004762,-0.005816,0.0,-0.000366,-0.003915,0.0,-0.010196,-0.00246,0.0,-0.003195,0.0,-0.0,-0.001671,-0.001978,-0.004438,-0.002792,0.0,0.0,-0.004679,-0.004369,-0.005967,0.0,0.0,-0.0,0.0,0.0,-0.001469,-0.004706,-0.009426,-0.004584,0.0,-0.0,-0.007755,-0.000881,-0.004675,0.0,-0.000822,-0.002139,-0.0,0.0,-0.004851,-0.005823,0.0,-0.0,0.0,-0.002932,0.0,-0.004473,0.0,-0.002074,-0.009329,-0.0,-0.0,-0.006144,0.0,0.0,0.0,-0.0,-0.004942,-0.006071,0.0,-0.00325,-0.003193,-0.008708,-0.008764,0.0,-0.008505,0.0,-0.006152,-0.002339,0.0,-0.002419,-0.01017,-0.006136,-0.006218,-0.005771,-0.008787,-0.002524,-0.000815,-0.001211,0.0,-0.000357,-0.003644,-0.003997,-0.006173
2017-05-27 12:32:00+02:00,0.0,0.0,-0.0,-0.005206,-0.0,0.0,-0.001534,-0.002629,-0.005595,-0.0,0.0,0.0,-0.006078,-0.005975,-0.002411,-0.007323,-0.0,0.0,0.0,-0.008542,0.0,-0.008396,-0.004243,0.0,-0.008822,-0.008606,-0.002341,0.0,-0.00112,-0.0,0.0,-0.005235,0.0,-0.004747,-0.005827,0.0,-0.000344,-0.0039,0.0,-0.010208,-0.002451,0.0,-0.003177,0.0,-0.0,-0.001689,-0.001993,-0.004426,-0.002781,0.0,0.0,-0.00467,-0.004399,-0.005975,0.0,0.0,-0.0,0.0,0.0,-0.001451,-0.004696,-0.009443,-0.004623,0.0,-0.0,-0.007808,-0.00087,-0.004663,0.0,-0.00081,-0.002127,-0.0,0.0,-0.004846,-0.005832,0.0,-0.0,0.0,-0.002916,0.0,-0.004502,0.0,-0.002095,-0.009348,-0.0,-0.0,-0.006146,0.0,0.0,0.0,-0.0,-0.004972,-0.006078,0.0,-0.003278,-0.003177,-0.00876,-0.008816,0.0,-0.008466,0.0,-0.0062,-0.002326,0.0,-0.00241,-0.010183,-0.006142,-0.006205,-0.005816,-0.008842,-0.002514,-0.000824,-0.001197,0.0,-0.000337,-0.003626,-0.004031,-0.006178
2017-05-27 12:33:00+02:00,0.0,0.0,-0.0,-0.005237,-0.0,0.0,-0.001525,-0.00262,-0.005566,-0.0,0.0,0.0,-0.006085,-0.005984,-0.002404,-0.007358,-0.0,0.0,0.0,-0.008539,0.0,-0.008394,-0.004234,0.0,-0.008789,-0.008644,-0.002332,0.0,-0.001124,-0.0,0.0,-0.005209,0.0,-0.004734,-0.005838,0.0,-0.000322,-0.003889,0.0,-0.010222,-0.002443,0.0,-0.003163,0.0,-0.0,-0.001698,-0.002002,-0.004417,-0.00277,0.0,0.0,-0.004664,-0.004419,-0.005984,0.0,0.0,-0.0,0.0,0.0,-0.001436,-0.00469,-0.009458,-0.00465,0.0,-0.0,-0.007845,-0.00086,-0.004655,0.0,-0.000801,-0.002117,-0.0,0.0,-0.004845,-0.005843,0.0,-0.0,0.0,-0.002903,0.0,-0.00452,0.0,-0.002106,-0.009365,-0.0,-0.0,-0.006148,0.0,0.0,0.0,-0.0,-0.004992,-0.006085,0.0,-0.003297,-0.003162,-0.008795,-0.008851,0.0,-0.008434,0.0,-0.006233,-0.002315,0.0,-0.002402,-0.010198,-0.006147,-0.006193,-0.005846,-0.008879,-0.002507,-0.000827,-0.001185,0.0,-0.00032,-0.003612,-0.004053,-0.006183
2017-05-27 12:34:00+02:00,0.0,0.0,-0.0,-0.005281,-0.0,0.0,-0.001531,-0.002627,-0.005554,-0.0,0.0,0.0,-0.006091,-0.005992,-0.002411,-0.007406,-0.0,0.0,0.0,-0.008562,0.0,-0.008419,-0.004251,0.0,-0.008783,-0.008695,-0.002339,0.0,-0.001138,-0.0,0.0,-0.0052,0.0,-0.004737,-0.005849,0.0,-0.000324,-0.003903,0.0,-0.010234,-0.002451,0.0,-0.003178,0.0,-0.0,-0.001723,-0.002019,-0.004425,-0.002774,0.0,0.0,-0.004676,-0.004447,-0.005992,0.0,0.0,-0.0,0.0,0.0,-0.001446,-0.004701,-0.009492,-0.00469,0.0,-0.0,-0.007895,-0.000865,-0.004664,0.0,-0.000806,-0.002124,-0.0,0.0,-0.00486,-0.005852,0.0,-0.0,0.0,-0.002916,0.0,-0.004547,0.0,-0.002133,-0.009402,-0.0,-0.0,-0.00615,0.0,0.0,0.0,-0.0,-0.00502,-0.006091,0.0,-0.003325,-0.00317,-0.008842,-0.0089,0.0,-0.00843,0.0,-0.006279,-0.002322,0.0,-0.00241,-0.010211,-0.006152,-0.006205,-0.005889,-0.00893,-0.002514,-0.00084,-0.001192,0.0,-0.000328,-0.003626,-0.004089,-0.006187
2017-05-27 12:35:00+02:00,0.0,0.0,-0.0,-0.00531,-0.0,0.0,-0.001536,-0.002634,-0.005544,-0.0,0.0,0.0,-0.006097,-0.006,-0.002418,-0.007435,-0.0,0.0,0.0,-0.008572,0.0,-0.00843,-0.004267,0.0,-0.00878,-0.008726,-0.002345,0.0,-0.001146,-0.0,0.0,-0.005194,0.0,-0.00474,-0.005859,0.0,-0.000325,-0.003916,0.0,-0.010245,-0.002459,0.0,-0.003183,0.0,-0.0,-0.001737,-0.002028,-0.004426,-0.002777,0.0,0.0,-0.004679,-0.004464,-0.006,0.0,0.0,-0.0,0.0,0.0,-0.001456,-0.004704,-0.009521,-0.004715,0.0,-0.0,-0.007924,-0.00087,-0.004665,0.0,-0.000812,-0.002126,-0.0,0.0,-0.004867,-0.005862,0.0,-0.0,0.0,-0.002928,0.0,-0.004562,0.0,-0.002148,-0.009433,-0.0,-0.0,-0.006151,0.0,0.0,0.0,-0.0,-0.005036,-0.006097,0.0,-0.003342,-0.003176,-0.00887,-0.008928,0.0,-0.008428,0.0,-0.006307,-0.002323,0.0,-0.002418,-0.010223,-0.006157,-0.006214,-0.005915,-0.008959,-0.002522,-0.000848,-0.001193,0.0,-0.000336,-0.003632,-0.004111,-0.006191
2017-05-27 12:36:00+02:00,0.0,0.0,-0.0,-0.005302,-0.0,0.0,-0.001535,-0.002634,-0.005545,-0.0,0.0,0.0,-0.006104,-0.006009,-0.002429,-0.007416,-0.0,0.0,0.0,-0.008586,0.0,-0.008446,-0.004271,0.0,-0.008792,-0.008702,-0.002344,0.0,-0.00114,-0.0,0.0,-0.005198,0.0,-0.004752,-0.005871,0.0,-0.000333,-0.003918,0.0,-0.010257,-0.002459,0.0,-0.003195,0.0,-0.0,-0.001728,-0.002021,-0.00443,-0.002785,0.0,0.0,-0.004686,-0.004453,-0.006009,0.0,0.0,-0.0,0.0,0.0,-0.001455,-0.00471,-0.009559,-0.004707,0.0,-0.0,-0.007902,-0.000869,-0.004669,0.0,-0.000811,-0.002132,-0.0,0.0,-0.004877,-0.005873,0.0,-0.0,0.0,-0.002929,0.0,-0.004549,0.0,-0.00214,-0.009473,-0.0,-0.0,-0.006154,0.0,0.0,0.0,-0.0,-0.00502,-0.006104,0.0,-0.003339,-0.00319,-0.008842,-0.008902,0.0,-0.00844,0.0,-0.006295,-0.002328,0.0,-0.002419,-0.010236,-0.006163,-0.006233,-0.005904,-0.008935,-0.002523,-0.000841,-0.001198,0.0,-0.000335,-0.003643,-0.004102,-0.006197
2017-05-27 12:37:00+02:00,0.0,0.0,-0.0,-0.005343,-0.0,0.0,-0.001543,-0.002642,-0.005556,-0.0,0.0,0.0,-0.006108,-0.006014,-0.002448,-0.007458,-0.0,0.0,0.0,-0.008613,0.0,-0.008474,-0.004288,0.0,-0.008818,-0.008744,-0.002352,0.0,-0.001158,-0.0,0.0,-0.005211,0.0,-0.004771,-0.005878,0.0,-0.000355,-0.003932,0.0,-0.01026,-0.002469,0.0,-0.003216,0.0,-0.0,-0.001758,-0.002041,-0.004443,-0.002802,0.0,0.0,-0.004701,-0.004478,-0.006014,0.0,0.0,-0.0,0.0,0.0,-0.001469,-0.004725,-0.009605,-0.004746,0.0,-0.0,-0.007944,-0.000877,-0.004682,0.0,-0.00082,-0.002145,-0.0,0.0,-0.004896,-0.00588,0.0,-0.0,0.0,-0.002943,0.0,-0.004574,0.0,-0.002172,-0.00952,-0.0,-0.0,-0.006145,0.0,0.0,0.0,-0.0,-0.005045,-0.006108,0.0,-0.003365,-0.003218,-0.008881,-0.008941,0.0,-0.008465,0.0,-0.006337,-0.00234,0.0,-0.002428,-0.01024,-0.006164,-0.006264,-0.005943,-0.008976,-0.002532,-0.000859,-0.001208,0.0,-0.000348,-0.003665,-0.004139,-0.006198
2017-05-27 12:38:00+02:00,0.0,0.0,-0.0,-0.005373,-0.0,0.0,-0.00154,-0.002639,-0.005537,-0.0,0.0,0.0,-0.00611,-0.006018,-0.002441,-0.007492,-0.0,0.0,0.0,-0.008619,0.0,-0.008482,-0.004287,0.0,-0.008794,-0.008781,-0.002349,0.0,-0.001168,-0.0,0.0,-0.005195,0.0,-0.004761,-0.005885,0.0,-0.000341,-0.003928,0.0,-0.010261,-0.002467,0.0,-0.00322,0.0,-0.0,-0.001776,-0.002053,-0.004444,-0.002791,0.0,0.0,-0.004706,-0.0045,-0.006018,0.0,0.0,-0.0,0.0,0.0,-0.001466,-0.004729,-0.00959,-0.004773,0.0,-0.0,-0.00798,-0.000874,-0.004684,0.0,-0.000817,-0.002147,-0.0,0.0,-0.004903,-0.005886,0.0,-0.0,0.0,-0.00294,0.0,-0.004594,0.0,-0.002191,-0.009507,-0.0,-0.0,-0.006139,0.0,0.0,0.0,-0.0,-0.005067,-0.00611,0.0,-0.003385,-0.003203,-0.008914,-0.008976,0.0,-0.008439,0.0,-0.006368,-0.002342,0.0,-0.002426,-0.010242,-0.006166,-0.006245,-0.005972,-0.009012,-0.002531,-0.000869,-0.001209,0.0,-0.000344,-0.003668,-0.004163,-0.006199
2017-05-27 12:39:00+02:00,0.0,0.0,-0.0,-0.005369,-0.0,0.0,-0.001533,-0.002632,-0.005501,-0.0,0.0,0.0,-0.006111,-0.006021,-0.002422,-0.007485,-0.0,0.0,0.0,-0.008614,0.0,-0.008479,-0.004278,0.0,-0.008744,-0.008774,-0.002341,0.0,-0.001163,-0.0,0.0,-0.005162,0.0,-0.004734,-0.005889,0.0,-0.00031,-0.003916,0.0,-0.010249,-0.00246,0.0,-0.003215,0.0,-0.0,-0.001768,-0.002047,-0.00444,-0.002766,0.0,0.0,-0.004704,-0.004497,-0.006021,0.0,0.0,-0.0,0.0,0.0,-0.001455,-0.004727,-0.009542,-0.004768,0.0,-0.0,-0.007972,-0.000867,-0.00468,0.0,-0.000811,-0.002143,-0.0,0.0,-0.004903,-0.00589,0.0,-0.0,0.0,-0.002928,0.0,-0.00459,0.0,-0.002184,-0.009461,-0.0,-0.0,-0.006127,0.0,0.0,0.0,-0.0,-0.005063,-0.006111,0.0,-0.003385,-0.003167,-0.008904,-0.008966,0.0,-0.008387,0.0,-0.006363,-0.002337,0.0,-0.00242,-0.010235,-0.006162,-0.0062,-0.005964,-0.009004,-0.002524,-0.000863,-0.001205,0.0,-0.000333,-0.003662,-0.004156,-0.006193
2017-05-27 12:40:00+02:00,0.0,0.0,-0.0,-0.005344,-0.0,0.0,-0.001516,-0.002615,-0.005462,-0.0,0.0,0.0,-0.006113,-0.006024,-0.002397,-0.00746,-0.0,0.0,0.0,-0.008596,0.0,-0.008463,-0.004253,0.0,-0.00869,-0.008751,-0.002323,0.0,-0.001146,-0.0,0.0,-0.005126,0.0,-0.004704,-0.005886,0.0,-0.000271,-0.003888,0.0,-0.010246,-0.002443,0.0,-0.003196,0.0,-0.0,-0.001742,-0.00203,-0.004426,-0.002736,0.0,0.0,-0.004693,-0.004482,-0.006024,0.0,0.0,-0.0,0.0,0.0,-0.001428,-0.004715,-0.009487,-0.004742,0.0,-0.0,-0.007947,-0.00085,-0.004666,0.0,-0.000795,-0.002131,-0.0,0.0,-0.004895,-0.005896,0.0,-0.0,0.0,-0.002901,0.0,-0.004573,0.0,-0.002158,-0.009408,-0.0,-0.0,-0.006127,0.0,0.0,0.0,-0.0,-0.005048,-0.006113,0.0,-0.003372,-0.003123,-0.008877,-0.00894,0.0,-0.008329,0.0,-0.006337,-0.002324,0.0,-0.002402,-0.010239,-0.006163,-0.006148,-0.005937,-0.00898,-0.002508,-0.000847,-0.001193,0.0,-0.000308,-0.003643,-0.004129,-0.006194
2017-05-27 12:41:00+02:00,0.0,0.0,-0.0,-0.005329,-0.0,0.0,-0.001501,-0.002599,-0.005449,-0.0,0.0,0.0,-0.006114,-0.006028,-0.002392,-0.007446,-0.0,0.0,0.0,-0.008595,0.0,-0.008463,-0.00423,0.0,-0.008678,-0.008738,-0.002305,0.0,-0.001135,-0.0,0.0,-0.005115,0.0,-0.004697,-0.005893,0.0,-0.00026,-0.003861,0.0,-0.01025,-0.002426,0.0,-0.003193,0.0,-0.0,-0.001725,-0.002018,-0.004423,-0.002728,0.0,0.0,-0.004691,-0.004474,-0.006028,0.0,0.0,-0.0,0.0,0.0,-0.001408,-0.004713,-0.009475,-0.004727,0.0,-0.0,-0.007934,-0.000838,-0.004663,0.0,-0.000782,-0.002128,-0.0,0.0,-0.004897,-0.005901,0.0,-0.0,0.0,-0.002877,0.0,-0.004564,0.0,-0.002142,-0.009399,-0.0,-0.0,-0.006123,0.0,0.0,0.0,-0.0,-0.005039,-0.006114,0.0,-0.003365,-0.003112,-0.008861,-0.008925,0.0,-0.008313,0.0,-0.006322,-0.002321,0.0,-0.002386,-0.010241,-0.006163,-0.006135,-0.005919,-0.008966,-0.002493,-0.000836,-0.00119,0.0,-0.000288,-0.00364,-0.004113,-0.006194
2017-05-27 12:42:00+02:00,0.0,0.0,-0.0,-0.00534,-0.0,0.0,-0.0015,-0.002597,-0.005473,-0.0,0.0,0.0,-0.006118,-0.006033,-0.002416,-0.007458,-0.0,0.0,0.0,-0.008611,0.0,-0.008481,-0.004231,0.0,-0.008726,-0.008754,-0.002303,0.0,-0.001139,-0.0,0.0,-0.005141,0.0,-0.004726,-0.005902,0.0,-0.000289,-0.003858,0.0,-0.010257,-0.002425,0.0,-0.003207,0.0,-0.0,-0.001732,-0.002021,-0.004429,-0.002749,0.0,0.0,-0.004701,-0.004482,-0.006033,0.0,0.0,-0.0,0.0,0.0,-0.001408,-0.004722,-0.00953,-0.004737,0.0,-0.0,-0.007948,-0.000837,-0.00467,0.0,-0.000782,-0.002136,-0.0,0.0,-0.004908,-0.005909,0.0,-0.0,0.0,-0.002876,0.0,-0.00457,0.0,-0.00215,-0.009455,-0.0,-0.0,-0.006124,0.0,0.0,0.0,-0.0,-0.005048,-0.006118,0.0,-0.003373,-0.003148,-0.008875,-0.008939,0.0,-0.008357,0.0,-0.006334,-0.002327,0.0,-0.002385,-0.010248,-0.006166,-0.006176,-0.005928,-0.008982,-0.002492,-0.00084,-0.001196,0.0,-0.000289,-0.003653,-0.004122,-0.006197
2017-05-27 12:43:00+02:00,0.0,0.0,-0.0,-0.005336,-0.0,0.0,-0.001511,-0.00261,-0.0055,-0.0,0.0,0.0,-0.006121,-0.006038,-0.002442,-0.007449,-0.0,0.0,0.0,-0.008634,0.0,-0.008505,-0.004255,0.0,-0.008777,-0.008746,-0.002315,0.0,-0.001138,-0.0,0.0,-0.005171,0.0,-0.004757,-0.005911,0.0,-0.000319,-0.003881,0.0,-0.010261,-0.002439,0.0,-0.003224,0.0,-0.0,-0.001731,-0.002018,-0.004441,-0.002773,0.0,0.0,-0.004715,-0.004477,-0.006038,0.0,0.0,-0.0,0.0,0.0,-0.001427,-0.004736,-0.009587,-0.004734,0.0,-0.0,-0.007939,-0.000848,-0.004681,0.0,-0.000794,-0.002146,-0.0,0.0,-0.004925,-0.005916,0.0,-0.0,0.0,-0.002897,0.0,-0.004564,0.0,-0.002149,-0.009513,-0.0,-0.0,-0.006125,0.0,0.0,0.0,-0.0,-0.005043,-0.006121,0.0,-0.003373,-0.003185,-0.008863,-0.008928,0.0,-0.008406,0.0,-0.006327,-0.002336,0.0,-0.002399,-0.010252,-0.006169,-0.006219,-0.005921,-0.008974,-0.002506,-0.000839,-0.001205,0.0,-0.000306,-0.00367,-0.004118,-0.0062
2017-05-27 12:44:00+02:00,0.0,0.0,-0.0,-0.005323,-0.0,0.0,-0.001515,-0.002615,-0.005516,-0.0,0.0,0.0,-0.006125,-0.006044,-0.002456,-0.007433,-0.0,0.0,0.0,-0.008651,0.0,-0.008524,-0.004266,0.0,-0.008809,-0.008731,-0.00232,0.0,-0.00113,-0.0,0.0,-0.005189,0.0,-0.004777,-0.005919,0.0,-0.000333,-0.00389,0.0,-0.010266,-0.002446,0.0,-0.003231,0.0,-0.0,-0.00172,-0.002009,-0.004449,-0.002785,0.0,0.0,-0.004726,-0.004469,-0.006044,0.0,0.0,-0.0,0.0,0.0,-0.001433,-0.004747,-0.009623,-0.004721,0.0,-0.0,-0.007923,-0.000851,-0.00469,0.0,-0.000797,-0.00215,-0.0,0.0,-0.004938,-0.005923,0.0,-0.0,0.0,-0.002905,0.0,-0.004555,0.0,-0.002138,-0.009551,-0.0,-0.0,-0.006125,0.0,0.0,0.0,-0.0,-0.005035,-0.006125,0.0,-0.003367,-0.003204,-0.008844,-0.00891,0.0,-0.008434,0.0,-0.006313,-0.00234,0.0,-0.002405,-0.010256,-0.006172,-0.006243,-0.005905,-0.008957,-0.002512,-0.000832,-0.001208,0.0,-0.00031,-0.003678,-0.004105,-0.006203
2017-05-27 12:45:00+02:00,0.0,0.0,-0.0,-0.00534,-0.0,0.0,-0.001524,-0.002626,-0.005535,-0.0,0.0,0.0,-0.00613,-0.006051,-0.002474,-0.00745,-0.0,0.0,0.0,-0.008685,0.0,-0.00856,-0.004287,0.0,-0.008845,-0.008746,-0.002331,0.0,-0.001138,-0.0,0.0,-0.00521,0.0,-0.0048,-0.005928,0.0,-0.000352,-0.003909,0.0,-0.010271,-0.002459,0.0,-0.003252,0.0,-0.0,-0.001732,-0.002017,-0.004467,-0.002801,0.0,0.0,-0.004747,-0.00448,-0.006051,0.0,0.0,-0.0,0.0,0.0,-0.001448,-0.004768,-0.009662,-0.004737,0.0,-0.0,-0.00794,-0.00086,-0.004709,0.0,-0.000806,-0.002163,-0.0,0.0,-0.004962,-0.005932,0.0,-0.0,0.0,-0.002922,0.0,-0.004566,0.0,-0.002151,-0.009591,-0.0,-0.0,-0.006127,0.0,0.0,0.0,-0.0,-0.005044,-0.00613,0.0,-0.00338,-0.00323,-0.008856,-0.008922,0.0,-0.008467,0.0,-0.00633,-0.002353,0.0,-0.002417,-0.010262,-0.006176,-0.006271,-0.00592,-0.008972,-0.002525,-0.000839,-0.001218,0.0,-0.000324,-0.003699,-0.00412,-0.006206
2017-05-27 12:46:00+02:00,0.0,0.0,-0.0,-0.005435,-0.0,0.0,-0.001532,-0.002634,-0.005547,-0.0,0.0,0.0,-0.006132,-0.006054,-0.002487,-0.007551,-0.0,0.0,0.0,-0.008827,0.0,-0.008703,-0.004303,0.0,-0.008871,-0.00885,-0.002338,0.0,-0.001185,-0.0,0.0,-0.005224,0.0,-0.004816,-0.005934,0.0,-0.000366,-0.003923,0.0,-0.010271,-0.002468,0.0,-0.003296,0.0,-0.0,-0.001811,-0.002066,-0.004541,-0.002811,0.0,0.0,-0.004842,-0.004542,-0.006054,0.0,0.0,-0.0,0.0,0.0,-0.001461,-0.004857,-0.009689,-0.004829,0.0,-0.0,-0.008042,-0.000867,-0.004792,0.0,-0.000814,-0.002192,-0.0,0.0,-0.005049,-0.005937,0.0,-0.0,0.0,-0.002936,0.0,-0.004627,0.0,-0.002231,-0.009619,-0.0,-0.0,-0.006114,0.0,0.0,0.0,-0.0,-0.005107,-0.006132,0.0,-0.003438,-0.003247,-0.008954,-0.009022,0.0,-0.008489,0.0,-0.006428,-0.002384,0.0,-0.002426,-0.010262,-0.006176,-0.00629,-0.006015,-0.009074,-0.002534,-0.000885,-0.001233,0.0,-0.000335,-0.003749,-0.004208,-0.006207
2017-05-27 12:47:00+02:00,0.0,0.0,-0.0,-0.00548,-0.0,0.0,-0.00152,-0.002623,-0.005536,-0.0,0.0,0.0,-0.006134,-0.006058,-0.00248,-0.007598,-0.0,0.0,0.0,-0.0089,0.0,-0.008778,-0.004288,0.0,-0.00886,-0.008898,-0.002327,0.0,-0.001204,-0.0,0.0,-0.005216,0.0,-0.00481,-0.00594,0.0,-0.000349,-0.003906,0.0,-0.010271,-0.002459,0.0,-0.003297,0.0,-0.0,-0.001842,-0.002086,-0.004577,-0.002801,0.0,0.0,-0.004895,-0.004571,-0.006058,0.0,0.0,-0.0,0.0,0.0,-0.001443,-0.004905,-0.009679,-0.00487,0.0,-0.0,-0.008089,-0.000856,-0.004834,0.0,-0.000803,-0.002195,-0.0,0.0,-0.005096,-0.005942,0.0,-0.0,0.0,-0.002919,0.0,-0.004656,0.0,-0.002263,-0.009611,-0.0,-0.0,-0.006113,0.0,0.0,0.0,-0.0,-0.005136,-0.006134,0.0,-0.003467,-0.003231,-0.008999,-0.009068,0.0,-0.008474,0.0,-0.006473,-0.002388,0.0,-0.002416,-0.010263,-0.006177,-0.006274,-0.006058,-0.009121,-0.002525,-0.000903,-0.001226,0.0,-0.000317,-0.003754,-0.004246,-0.006208
2017-05-27 12:48:00+02:00,0.0,0.0,-0.0,-0.005506,-0.0,0.0,-0.001511,-0.002614,-0.005525,-0.0,0.0,0.0,-0.006136,-0.006062,-0.002473,-0.007625,-0.0,0.0,0.0,-0.008955,0.0,-0.008834,-0.004275,0.0,-0.008849,-0.008926,-0.002317,0.0,-0.001213,-0.0,0.0,-0.005207,0.0,-0.004804,-0.005946,0.0,-0.00033,-0.003891,0.0,-0.010272,-0.002451,0.0,-0.003296,0.0,-0.0,-0.001858,-0.002097,-0.004604,-0.00279,0.0,0.0,-0.004935,-0.004589,-0.006062,0.0,0.0,-0.0,0.0,0.0,-0.001427,-0.004942,-0.009668,-0.004894,0.0,-0.0,-0.008117,-0.000846,-0.004866,0.0,-0.000793,-0.002195,-0.0,0.0,-0.005131,-0.005948,0.0,-0.0,0.0,-0.002903,0.0,-0.004672,0.0,-0.002281,-0.009602,-0.0,-0.0,-0.00611,0.0,0.0,0.0,-0.0,-0.005153,-0.006136,0.0,-0.003485,-0.003214,-0.009023,-0.009093,0.0,-0.008459,0.0,-0.006499,-0.00239,0.0,-0.002407,-0.010265,-0.006179,-0.006257,-0.006082,-0.009148,-0.002516,-0.000912,-0.001218,0.0,-0.000301,-0.003756,-0.004268,-0.006209
2017-05-27 12:49:00+02:00,0.0,0.0,-0.0,-0.005508,-0.0,0.0,-0.0015,-0.002603,-0.005488,-0.0,0.0,0.0,-0.006136,-0.006063,-0.002444,-0.007624,-0.0,0.0,0.0,-0.008983,0.0,-0.008865,-0.00426,0.0,-0.008795,-0.008924,-0.002307,0.0,-0.001212,-0.0,0.0,-0.005172,0.0,-0.004772,-0.00595,0.0,-0.000286,-0.003875,0.0,-0.010256,-0.002442,0.0,-0.003288,0.0,-0.0,-0.001857,-0.002095,-0.004617,-0.002757,0.0,0.0,-0.004958,-0.004589,-0.006063,0.0,0.0,-0.0,0.0,0.0,-0.001411,-0.004962,-0.009606,-0.004895,0.0,-0.0,-0.008116,-0.000836,-0.004882,0.0,-0.000784,-0.002191,-0.0,0.0,-0.005152,-0.005952,0.0,-0.0,0.0,-0.002887,0.0,-0.004672,0.0,-0.00228,-0.009542,-0.0,-0.0,-0.006095,0.0,0.0,0.0,-0.0,-0.005153,-0.006136,0.0,-0.003488,-0.003164,-0.009017,-0.009088,0.0,-0.0084,0.0,-0.0065,-0.002386,0.0,-0.002397,-0.010252,-0.006173,-0.0062,-0.006081,-0.009145,-0.002507,-0.000911,-0.001208,0.0,-0.000285,-0.00375,-0.004268,-0.006204
2017-05-27 12:50:00+02:00,0.0,0.0,-0.0,-0.005479,-0.0,0.0,-0.001496,-0.002598,-0.005453,-0.0,0.0,0.0,-0.00613,-0.006064,-0.002419,-0.007581,-0.0,0.0,0.0,-0.009011,0.0,-0.008894,-0.004255,0.0,-0.008746,-0.008875,-0.002302,0.0,-0.001198,-0.0,0.0,-0.00514,0.0,-0.004743,-0.005953,0.0,-0.000251,-0.003868,0.0,-0.010247,-0.002438,0.0,-0.003289,0.0,-0.0,-0.001835,-0.002078,-0.00463,-0.002727,0.0,0.0,-0.00498,-0.004564,-0.006064,0.0,0.0,-0.0,0.0,0.0,-0.001406,-0.004982,-0.009551,-0.004867,0.0,-0.0,-0.00807,-0.000833,-0.004898,0.0,-0.00078,-0.002192,-0.0,0.0,-0.005171,-0.005954,0.0,-0.0,0.0,-0.002881,0.0,-0.004646,0.0,-0.002258,-0.009489,-0.0,-0.0,-0.006085,0.0,0.0,0.0,-0.0,-0.005124,-0.00613,0.0,-0.003471,-0.003121,-0.008965,-0.009037,0.0,-0.008346,0.0,-0.006465,-0.002386,0.0,-0.002392,-0.010245,-0.006166,-0.006149,-0.006046,-0.009095,-0.002503,-0.000898,-0.001204,0.0,-0.000281,-0.003752,-0.00424,-0.006198
2017-05-27 12:51:00+02:00,0.0,0.0,-0.0,-0.005467,-0.0,0.0,-0.001492,-0.002593,-0.005433,-0.0,0.0,0.0,-0.006127,-0.006064,-0.002408,-0.00756,-0.0,0.0,0.0,-0.009036,0.0,-0.008922,-0.00425,0.0,-0.008721,-0.008851,-0.002296,0.0,-0.001193,-0.0,0.0,-0.005123,0.0,-0.004729,-0.005955,0.0,-0.000235,-0.00386,0.0,-0.010243,-0.002434,0.0,-0.003291,0.0,-0.0,-0.001828,-0.002071,-0.004641,-0.002712,0.0,0.0,-0.004999,-0.004551,-0.006064,0.0,0.0,-0.0,0.0,0.0,-0.001401,-0.004999,-0.009521,-0.004856,0.0,-0.0,-0.008048,-0.000829,-0.004911,0.0,-0.000777,-0.002194,-0.0,0.0,-0.005189,-0.005956,0.0,-0.0,0.0,-0.002875,0.0,-0.004633,0.0,-0.00225,-0.009463,-0.0,-0.0,-0.006077,0.0,0.0,0.0,-0.0,-0.00511,-0.006127,0.0,-0.003465,-0.0031,-0.008938,-0.00901,0.0,-0.008317,0.0,-0.006449,-0.002387,0.0,-0.002387,-0.010242,-0.006163,-0.006122,-0.00603,-0.00907,-0.002499,-0.000893,-0.001202,0.0,-0.000276,-0.003755,-0.004229,-0.006195
2017-05-27 12:52:00+02:00,0.0,0.0,-0.0,-0.00546,-0.0,0.0,-0.001482,-0.002582,-0.00542,-0.0,0.0,0.0,-0.00612,-0.006059,-0.002404,-0.007545,-0.0,0.0,0.0,-0.009044,0.0,-0.008932,-0.004234,0.0,-0.008708,-0.008834,-0.002285,0.0,-0.001189,-0.0,0.0,-0.005113,0.0,-0.004722,-0.005956,0.0,-0.000227,-0.003843,0.0,-0.010228,-0.002425,0.0,-0.003285,0.0,-0.0,-0.001823,-0.002065,-0.004643,-0.002704,0.0,0.0,-0.005007,-0.004543,-0.006059,0.0,0.0,-0.0,0.0,0.0,-0.001388,-0.005005,-0.009506,-0.004848,0.0,-0.0,-0.008032,-0.000821,-0.004914,0.0,-0.000769,-0.00219,-0.0,0.0,-0.005196,-0.005957,0.0,-0.0,0.0,-0.00286,0.0,-0.004624,0.0,-0.002246,-0.009449,-0.0,-0.0,-0.006064,0.0,0.0,0.0,-0.0,-0.005099,-0.00612,0.0,-0.003461,-0.00309,-0.008918,-0.00899,0.0,-0.0083,0.0,-0.006438,-0.002383,0.0,-0.002376,-0.010226,-0.006155,-0.006107,-0.006018,-0.009051,-0.00249,-0.00089,-0.001196,0.0,-0.000264,-0.003748,-0.004221,-0.006187
2017-05-27 12:53:00+02:00,0.0,0.0,-0.0,-0.005452,-0.0,0.0,-0.001473,-0.002572,-0.005411,-0.0,0.0,0.0,-0.006122,-0.006061,-0.002402,-0.007531,-0.0,0.0,0.0,-0.009051,0.0,-0.008941,-0.004222,0.0,-0.008702,-0.008816,-0.002275,0.0,-0.001185,-0.0,0.0,-0.005106,0.0,-0.004718,-0.00596,0.0,-0.000221,-0.003829,0.0,-0.010232,-0.002416,0.0,-0.003278,0.0,-0.0,-0.001817,-0.002059,-0.004644,-0.002699,0.0,0.0,-0.005013,-0.004535,-0.006061,0.0,0.0,-0.0,0.0,0.0,-0.001376,-0.00501,-0.009497,-0.004841,0.0,-0.0,-0.008016,-0.000813,-0.004916,0.0,-0.000761,-0.002185,-0.0,0.0,-0.005203,-0.005961,0.0,-0.0,0.0,-0.002846,0.0,-0.004615,0.0,-0.00224,-0.009442,-0.0,-0.0,-0.006065,0.0,0.0,0.0,-0.0,-0.005088,-0.006122,0.0,-0.003457,-0.003084,-0.008897,-0.00897,0.0,-0.00829,0.0,-0.006427,-0.002378,0.0,-0.002367,-0.010231,-0.006157,-0.006098,-0.006007,-0.009033,-0.002482,-0.000886,-0.001189,0.0,-0.000253,-0.003742,-0.004213,-0.006189
2017-05-27 12:54:00+02:00,0.0,0.0,-0.0,-0.005472,-0.0,0.0,-0.001468,-0.002566,-0.005412,-0.0,0.0,0.0,-0.006125,-0.006065,-0.002406,-0.007553,-0.0,0.0,0.0,-0.009061,0.0,-0.008952,-0.004216,0.0,-0.008713,-0.008838,-0.002269,0.0,-0.001192,-0.0,0.0,-0.00511,0.0,-0.004723,-0.005965,0.0,-0.000225,-0.00382,0.0,-0.010237,-0.002411,0.0,-0.003277,0.0,-0.0,-0.00183,-0.002066,-0.004646,-0.002701,0.0,0.0,-0.00502,-0.004548,-0.006065,0.0,0.0,-0.0,0.0,0.0,-0.001369,-0.005017,-0.009506,-0.004859,0.0,-0.0,-0.008037,-0.000808,-0.004919,0.0,-0.000756,-0.002184,-0.0,0.0,-0.00521,-0.005965,0.0,-0.0,0.0,-0.002839,0.0,-0.004627,0.0,-0.002254,-0.009453,-0.0,-0.0,-0.006066,0.0,0.0,0.0,-0.0,-0.0051,-0.006125,0.0,-0.003471,-0.00309,-0.008915,-0.008989,0.0,-0.008296,0.0,-0.006448,-0.002375,0.0,-0.002361,-0.010236,-0.006159,-0.006103,-0.006025,-0.009054,-0.002477,-0.000893,-0.001186,0.0,-0.000246,-0.003741,-0.004229,-0.006192
2017-05-27 12:55:00+02:00,0.0,0.0,-0.0,-0.00549,-0.0,0.0,-0.001456,-0.002555,-0.005407,-0.0,0.0,0.0,-0.006128,-0.006069,-0.002404,-0.007574,-0.0,0.0,0.0,-0.00906,0.0,-0.008953,-0.0042,0.0,-0.008713,-0.008861,-0.002256,0.0,-0.001196,-0.0,0.0,-0.005107,0.0,-0.004722,-0.00597,0.0,-0.000216,-0.003801,0.0,-0.010242,-0.002401,0.0,-0.003265,0.0,-0.0,-0.001837,-0.002071,-0.004642,-0.002696,0.0,0.0,-0.005022,-0.004561,-0.006069,0.0,0.0,-0.0,0.0,0.0,-0.001351,-0.005018,-0.009503,-0.004875,0.0,-0.0,-0.00806,-0.000797,-0.004917,0.0,-0.000745,-0.002177,-0.0,0.0,-0.005212,-0.005971,0.0,-0.0,0.0,-0.00282,0.0,-0.004641,0.0,-0.002262,-0.009453,-0.0,-0.0,-0.006067,0.0,0.0,0.0,-0.0,-0.005114,-0.006128,0.0,-0.003483,-0.003083,-0.008934,-0.009009,0.0,-0.008291,0.0,-0.006467,-0.002368,0.0,-0.002349,-0.010241,-0.006162,-0.006096,-0.006041,-0.009075,-0.002467,-0.000897,-0.001177,0.0,-0.000228,-0.003729,-0.004242,-0.006195
2017-05-27 12:56:00+02:00,0.0,0.0,-0.0,-0.005499,-0.0,0.0,-0.001441,-0.00254,-0.005398,-0.0,0.0,0.0,-0.006131,-0.006072,-0.002398,-0.007585,-0.0,0.0,0.0,-0.00905,0.0,-0.008945,-0.004178,0.0,-0.008704,-0.008873,-0.002241,0.0,-0.001195,-0.0,0.0,-0.005101,0.0,-0.004717,-0.005975,0.0,-0.0002,-0.003777,0.0,-0.010243,-0.002387,0.0,-0.003248,0.0,-0.0,-0.001835,-0.002071,-0.004634,-0.002687,0.0,0.0,-0.005018,-0.004569,-0.006072,0.0,0.0,-0.0,0.0,0.0,-0.001327,-0.005014,-0.009492,-0.004881,0.0,-0.0,-0.008072,-0.000782,-0.00491,0.0,-0.000731,-0.002167,-0.0,0.0,-0.00521,-0.005976,0.0,-0.0,0.0,-0.002796,0.0,-0.004649,0.0,-0.002262,-0.009443,-0.0,-0.0,-0.006063,0.0,0.0,0.0,-0.0,-0.005122,-0.006131,0.0,-0.003491,-0.003068,-0.008943,-0.009018,0.0,-0.008278,0.0,-0.006476,-0.002357,0.0,-0.002334,-0.010243,-0.006165,-0.00608,-0.006048,-0.009086,-0.002453,-0.000895,-0.001165,0.0,-0.000205,-0.003712,-0.004245,-0.006198
2017-05-27 12:57:00+02:00,0.0,0.0,-0.0,-0.005503,-0.0,0.0,-0.001428,-0.002526,-0.005392,-0.0,0.0,0.0,-0.006132,-0.006075,-0.002395,-0.00759,-0.0,0.0,0.0,-0.009041,0.0,-0.008938,-0.004156,0.0,-0.008697,-0.008877,-0.002227,0.0,-0.001193,-0.0,0.0,-0.005097,0.0,-0.004715,-0.005979,0.0,-0.00019,-0.003753,0.0,-0.010231,-0.002374,0.0,-0.003235,0.0,-0.0,-0.001832,-0.002069,-0.004628,-0.00268,0.0,0.0,-0.005016,-0.004574,-0.006075,0.0,0.0,-0.0,0.0,0.0,-0.001307,-0.005012,-0.009482,-0.004883,0.0,-0.0,-0.008076,-0.00077,-0.004904,0.0,-0.000718,-0.00216,-0.0,0.0,-0.005209,-0.00598,0.0,-0.0,0.0,-0.002774,0.0,-0.004654,0.0,-0.00226,-0.009435,-0.0,-0.0,-0.006055,0.0,0.0,0.0,-0.0,-0.005127,-0.006132,0.0,-0.003496,-0.003058,-0.008943,-0.009019,0.0,-0.008267,0.0,-0.00648,-0.002348,0.0,-0.00232,-0.010235,-0.006166,-0.006068,-0.006049,-0.00909,-0.002441,-0.000893,-0.001155,0.0,-0.000185,-0.003698,-0.004246,-0.0062
2017-05-27 12:58:00+02:00,0.0,0.0,-0.0,-0.005502,-0.0,0.0,-0.001411,-0.002505,-0.005382,-0.0,0.0,0.0,-0.006128,-0.006075,-0.002391,-0.007587,-0.0,0.0,0.0,-0.009018,0.0,-0.008917,-0.004123,0.0,-0.008685,-0.008873,-0.002205,0.0,-0.00119,-0.0,0.0,-0.005089,0.0,-0.00471,-0.005981,0.0,-0.000184,-0.003718,0.0,-0.01021,-0.002354,0.0,-0.003221,0.0,-0.0,-0.001828,-0.002066,-0.004615,-0.002674,0.0,0.0,-0.005005,-0.004574,-0.006075,0.0,0.0,-0.0,0.0,0.0,-0.001283,-0.005001,-0.009468,-0.004881,0.0,-0.0,-0.008073,-0.000755,-0.00489,0.0,-0.000704,-0.002151,-0.0,0.0,-0.005199,-0.005981,0.0,-0.0,0.0,-0.002744,0.0,-0.004654,0.0,-0.002256,-0.009423,-0.0,-0.0,-0.006039,0.0,0.0,0.0,-0.0,-0.005126,-0.006128,0.0,-0.003498,-0.003049,-0.008936,-0.009013,0.0,-0.008252,0.0,-0.006478,-0.002338,0.0,-0.002299,-0.010216,-0.006159,-0.006054,-0.006045,-0.009085,-0.002421,-0.000891,-0.001147,0.0,-0.000164,-0.003683,-0.004242,-0.006195
2017-05-27 12:59:00+02:00,0.0,0.0,-0.0,-0.005499,-0.0,0.0,-0.001399,-0.002491,-0.005366,-0.0,0.0,0.0,-0.006127,-0.006075,-0.002381,-0.007581,-0.0,0.0,0.0,-0.008913,0.0,-0.008814,-0.004103,0.0,-0.008665,-0.008866,-0.002191,0.0,-0.001188,-0.0,0.0,-0.005076,0.0,-0.004698,-0.005983,0.0,-0.000172,-0.003695,0.0,-0.010211,-0.002342,0.0,-0.003166,0.0,-0.0,-0.001825,-0.002062,-0.004555,-0.002661,0.0,0.0,-0.004944,-0.004572,-0.006075,0.0,0.0,-0.0,0.0,0.0,-0.001267,-0.004939,-0.009444,-0.004878,0.0,-0.0,-0.008067,-0.000746,-0.004826,0.0,-0.000694,-0.002116,-0.0,0.0,-0.00514,-0.005983,0.0,-0.0,0.0,-0.002725,0.0,-0.004651,0.0,-0.002253,-0.009401,-0.0,-0.0,-0.006033,0.0,0.0,0.0,-0.0,-0.005123,-0.006127,0.0,-0.003498,-0.003032,-0.008924,-0.009002,0.0,-0.008229,0.0,-0.006474,-0.002301,0.0,-0.002285,-0.010217,-0.006158,-0.006031,-0.00604,-0.009076,-0.002409,-0.000889,-0.001118,0.0,-0.000151,-0.003624,-0.004238,-0.006195
2017-05-27 13:00:00+02:00,0.0,0.0,-0.0,-0.00546,-0.0,0.0,-0.001402,-0.002494,-0.005357,-0.0,0.0,0.0,-0.006123,-0.006073,-0.002378,-0.007526,-0.0,0.0,0.0,-0.008856,0.0,-0.008759,-0.004111,0.0,-0.00866,-0.008794,-0.002193,0.0,-0.001171,-0.0,0.0,-0.00507,0.0,-0.004694,-0.005984,0.0,-0.000169,-0.003702,0.0,-0.010212,-0.002346,0.0,-0.003139,0.0,-0.0,-0.001799,-0.002041,-0.004521,-0.002654,0.0,0.0,-0.00491,-0.004538,-0.006073,0.0,0.0,-0.0,0.0,0.0,-0.001273,-0.004905,-0.009435,-0.00484,0.0,-0.0,-0.008007,-0.000748,-0.00479,0.0,-0.000698,-0.002099,-0.0,0.0,-0.005108,-0.005984,0.0,-0.0,0.0,-0.002731,0.0,-0.004617,0.0,-0.002226,-0.009394,-0.0,-0.0,-0.006023,0.0,0.0,0.0,-0.0,-0.005082,-0.006123,0.0,-0.003473,-0.003025,-0.008847,-0.008924,0.0,-0.008219,0.0,-0.006427,-0.002281,0.0,-0.002288,-0.010218,-0.006153,-0.00602,-0.005994,-0.009,-0.002413,-0.000873,-0.001104,0.0,-0.000157,-0.003594,-0.004202,-0.00619
2017-05-27 13:01:00+02:00,0.0,0.0,-0.0,-0.005461,-0.0,0.0,-0.001401,-0.002494,-0.005364,-0.0,0.0,0.0,-0.006125,-0.006076,-0.002366,-0.007521,-0.0,0.0,0.0,-0.008865,0.0,-0.00877,-0.004115,0.0,-0.008679,-0.008784,-0.002193,0.0,-0.001173,-0.0,0.0,-0.005079,0.0,-0.004691,-0.005961,0.0,-0.000153,-0.003704,0.0,-0.010179,-0.002348,0.0,-0.003141,0.0,-0.0,-0.001804,-0.002041,-0.004523,-0.002639,0.0,0.0,-0.004918,-0.004535,-0.006076,0.0,0.0,-0.0,0.0,0.0,-0.001273,-0.004912,-0.009383,-0.004843,0.0,-0.0,-0.008001,-0.000748,-0.004792,0.0,-0.000697,-0.0021,-0.0,0.0,-0.005114,-0.005989,0.0,-0.0,0.0,-0.002733,0.0,-0.004613,0.0,-0.002231,-0.009343,-0.0,-0.0,-0.006025,0.0,0.0,0.0,-0.0,-0.005076,-0.006125,0.0,-0.003475,-0.003005,-0.008833,-0.00891,0.0,-0.008223,0.0,-0.006426,-0.002281,0.0,-0.002289,-0.010224,-0.006155,-0.005994,-0.005992,-0.008987,-0.002415,-0.000876,-0.001103,0.0,-0.000158,-0.003596,-0.004205,-0.006192
2017-05-27 13:02:00+02:00,0.0,0.0,-0.0,-0.005464,-0.0,0.0,-0.001406,-0.0025,-0.005381,-0.0,0.0,0.0,-0.006131,-0.006082,-0.002366,-0.007517,-0.0,0.0,0.0,-0.0089,0.0,-0.008806,-0.00413,0.0,-0.008715,-0.008773,-0.002199,0.0,-0.001176,-0.0,0.0,-0.005097,0.0,-0.0047,-0.005955,0.0,-0.00015,-0.003717,0.0,-0.010174,-0.002356,0.0,-0.00316,0.0,-0.0,-0.001809,-0.002041,-0.004538,-0.002636,0.0,0.0,-0.00494,-0.004532,-0.006082,0.0,0.0,-0.0,0.0,0.0,-0.001282,-0.004932,-0.009362,-0.004846,0.0,-0.0,-0.007995,-0.000752,-0.004808,0.0,-0.000702,-0.002111,-0.0,0.0,-0.005136,-0.005996,0.0,-0.0,0.0,-0.002744,0.0,-0.00461,0.0,-0.002236,-0.009324,-0.0,-0.0,-0.006028,0.0,0.0,0.0,-0.0,-0.00507,-0.006131,0.0,-0.003476,-0.003002,-0.008817,-0.008895,0.0,-0.008245,0.0,-0.006425,-0.002291,0.0,-0.002295,-0.010235,-0.006161,-0.00599,-0.005991,-0.008973,-0.002423,-0.000878,-0.001111,0.0,-0.000166,-0.003616,-0.004207,-0.006198
2017-05-27 13:03:00+02:00,0.0,0.0,-0.0,-0.005493,-0.0,0.0,-0.001403,-0.002499,-0.005384,-0.0,0.0,0.0,-0.006136,-0.006088,-0.002356,-0.00755,-0.0,0.0,0.0,-0.00892,0.0,-0.008828,-0.004131,0.0,-0.00873,-0.008813,-0.002196,0.0,-0.001186,-0.0,0.0,-0.005103,0.0,-0.004698,-0.005941,0.0,-0.000132,-0.003715,0.0,-0.010153,-0.002355,0.0,-0.003166,0.0,-0.0,-0.001827,-0.002052,-0.004545,-0.002623,0.0,0.0,-0.004953,-0.004552,-0.006088,0.0,0.0,-0.0,0.0,0.0,-0.001276,-0.004944,-0.00933,-0.004872,0.0,-0.0,-0.00803,-0.000748,-0.004816,0.0,-0.000698,-0.002115,-0.0,0.0,-0.005149,-0.006004,0.0,-0.0,0.0,-0.002741,0.0,-0.00463,0.0,-0.002256,-0.009294,-0.0,-0.0,-0.006031,0.0,0.0,0.0,-0.0,-0.005092,-0.006136,0.0,-0.003495,-0.002984,-0.008856,-0.008934,0.0,-0.008247,0.0,-0.006456,-0.002294,0.0,-0.002294,-0.010244,-0.006166,-0.005971,-0.006018,-0.009014,-0.002423,-0.000888,-0.001112,0.0,-0.000159,-0.003623,-0.004231,-0.006203
2017-05-27 13:04:00+02:00,0.0,0.0,-0.0,-0.005506,-0.0,0.0,-0.001391,-0.002488,-0.005378,-0.0,0.0,0.0,-0.006141,-0.006094,-0.002342,-0.007567,-0.0,0.0,0.0,-0.008908,0.0,-0.008818,-0.004116,0.0,-0.008727,-0.008836,-0.002185,0.0,-0.001187,-0.0,0.0,-0.005099,0.0,-0.004689,-0.005926,0.0,-0.000105,-0.003698,0.0,-0.010127,-0.002345,0.0,-0.00315,0.0,-0.0,-0.001829,-0.002053,-0.004534,-0.002606,0.0,0.0,-0.004946,-0.004562,-0.006094,0.0,0.0,-0.0,0.0,0.0,-0.001257,-0.004936,-0.009293,-0.004882,0.0,-0.0,-0.008048,-0.000736,-0.004805,0.0,-0.000687,-0.002104,-0.0,0.0,-0.005143,-0.006011,0.0,-0.0,0.0,-0.002723,0.0,-0.004639,0.0,-0.002259,-0.00926,-0.0,-0.0,-0.006033,0.0,0.0,0.0,-0.0,-0.005104,-0.006141,0.0,-0.003504,-0.002957,-0.008876,-0.008956,0.0,-0.008234,0.0,-0.00647,-0.002282,0.0,-0.002283,-0.010254,-0.006172,-0.005943,-0.006029,-0.009037,-0.002413,-0.000888,-0.0011,0.0,-0.00014,-0.003606,-0.004239,-0.006208
2017-05-27 13:05:00+02:00,0.0,0.0,-0.0,-0.005524,-0.0,0.0,-0.001382,-0.002478,-0.005371,-0.0,0.0,0.0,-0.006146,-0.006099,-0.002331,-0.00759,-0.0,0.0,0.0,-0.008925,0.0,-0.008836,-0.004104,0.0,-0.008724,-0.008865,-0.002175,0.0,-0.001191,-0.0,0.0,-0.005095,0.0,-0.004682,-0.005915,0.0,-8.4e-05,-0.003683,0.0,-0.010107,-0.002337,0.0,-0.003151,0.0,-0.0,-0.001836,-0.002058,-0.004539,-0.002592,0.0,0.0,-0.004957,-0.004576,-0.006099,0.0,0.0,-0.0,0.0,0.0,-0.001241,-0.004945,-0.009266,-0.004898,0.0,-0.0,-0.008074,-0.000727,-0.004811,0.0,-0.000677,-0.002105,-0.0,0.0,-0.005155,-0.006018,0.0,-0.0,0.0,-0.002708,0.0,-0.004653,0.0,-0.002268,-0.009234,-0.0,-0.0,-0.006033,0.0,0.0,0.0,-0.0,-0.005121,-0.006146,0.0,-0.003516,-0.002936,-0.008902,-0.008983,0.0,-0.008223,0.0,-0.00649,-0.002282,0.0,-0.002274,-0.010261,-0.006176,-0.005921,-0.006046,-0.009067,-0.002404,-0.000892,-0.001098,0.0,-0.000123,-0.003608,-0.004252,-0.006211
2017-05-27 13:06:00+02:00,0.0,0.0,-0.0,-0.005538,-0.0,0.0,-0.001379,-0.002476,-0.005382,-0.0,0.0,0.0,-0.006149,-0.006104,-0.002334,-0.007605,-0.0,0.0,0.0,-0.008971,0.0,-0.008884,-0.004103,0.0,-0.008748,-0.008884,-0.002173,0.0,-0.001195,-0.0,0.0,-0.005108,0.0,-0.004692,-0.005923,0.0,-8.3e-05,-0.003681,0.0,-0.010118,-0.002336,0.0,-0.003172,0.0,-0.0,-0.001843,-0.002062,-0.004561,-0.002593,0.0,0.0,-0.004986,-0.004585,-0.006104,0.0,0.0,-0.0,0.0,0.0,-0.001236,-0.004973,-0.009269,-0.004911,0.0,-0.0,-0.00809,-0.000723,-0.004835,0.0,-0.000674,-0.002118,-0.0,0.0,-0.005184,-0.006024,0.0,-0.0,0.0,-0.002705,0.0,-0.004662,0.0,-0.002276,-0.00924,-0.0,-0.0,-0.00603,0.0,0.0,0.0,-0.0,-0.005132,-0.006149,0.0,-0.003526,-0.002938,-0.008918,-0.009,0.0,-0.00824,0.0,-0.006503,-0.002294,0.0,-0.002272,-0.010266,-0.00618,-0.005925,-0.006057,-0.009085,-0.002403,-0.000896,-0.001106,0.0,-0.000118,-0.003629,-0.004262,-0.006214
2017-05-27 13:07:00+02:00,0.0,0.0,-0.0,-0.005549,-0.0,0.0,-0.001376,-0.002475,-0.005386,-0.0,0.0,0.0,-0.006154,-0.006109,-0.002333,-0.007618,-0.0,0.0,0.0,-0.00899,0.0,-0.008903,-0.004104,0.0,-0.00876,-0.0089,-0.002171,0.0,-0.001198,-0.0,0.0,-0.005115,0.0,-0.004696,-0.005925,0.0,-7.5e-05,-0.00368,0.0,-0.010116,-0.002336,0.0,-0.003175,0.0,-0.0,-0.001848,-0.002065,-0.004569,-0.00259,0.0,0.0,-0.004998,-0.004594,-0.006109,0.0,0.0,-0.0,0.0,0.0,-0.001232,-0.004984,-0.009263,-0.00492,0.0,-0.0,-0.008104,-0.00072,-0.004844,0.0,-0.000671,-0.00212,-0.0,0.0,-0.005197,-0.006031,0.0,-0.0,0.0,-0.002703,0.0,-0.00467,0.0,-0.002281,-0.009235,-0.0,-0.0,-0.006029,0.0,0.0,0.0,-0.0,-0.005142,-0.006154,0.0,-0.003535,-0.002932,-0.008932,-0.009015,0.0,-0.008245,0.0,-0.006515,-0.002296,0.0,-0.002271,-0.010271,-0.006184,-0.00592,-0.006067,-0.009102,-0.002403,-0.000898,-0.001106,0.0,-0.000113,-0.003633,-0.00427,-0.006217
2017-05-27 13:08:00+02:00,0.0,0.0,-0.0,-0.005554,-0.0,0.0,-0.001372,-0.002472,-0.005385,-0.0,0.0,0.0,-0.006159,-0.006115,-0.002328,-0.007623,-0.0,0.0,0.0,-0.009008,0.0,-0.008924,-0.004103,0.0,-0.008765,-0.008909,-0.002168,0.0,-0.001196,-0.0,0.0,-0.005117,0.0,-0.004695,-0.005924,0.0,-6.1e-05,-0.003677,0.0,-0.010109,-0.002335,0.0,-0.003177,0.0,-0.0,-0.001846,-0.002064,-0.004576,-0.002582,0.0,0.0,-0.005011,-0.004599,-0.006115,0.0,0.0,-0.0,0.0,0.0,-0.001225,-0.004995,-0.009252,-0.004924,0.0,-0.0,-0.008111,-0.000716,-0.004853,0.0,-0.000667,-0.002121,-0.0,0.0,-0.005211,-0.006038,0.0,-0.0,0.0,-0.002698,0.0,-0.004674,0.0,-0.002281,-0.009225,-0.0,-0.0,-0.00603,0.0,0.0,0.0,-0.0,-0.005149,-0.006159,0.0,-0.003539,-0.00292,-0.008937,-0.009021,0.0,-0.008242,0.0,-0.00652,-0.002296,0.0,-0.002269,-0.010276,-0.006189,-0.005908,-0.006069,-0.00911,-0.002402,-0.000897,-0.001104,0.0,-0.000106,-0.003634,-0.004272,-0.00622
2017-05-27 13:09:00+02:00,0.0,0.0,-0.0,-0.005559,-0.0,0.0,-0.001372,-0.002474,-0.005391,-0.0,0.0,0.0,-0.006163,-0.00612,-0.002329,-0.00763,-0.0,0.0,0.0,-0.009037,0.0,-0.008954,-0.004107,0.0,-0.00878,-0.008918,-0.002168,0.0,-0.001195,-0.0,0.0,-0.005125,0.0,-0.004701,-0.005931,0.0,-5.4e-05,-0.003679,0.0,-0.010116,-0.002337,0.0,-0.003182,0.0,-0.0,-0.001845,-0.002063,-0.00459,-0.002581,0.0,0.0,-0.005031,-0.004604,-0.00612,0.0,0.0,-0.0,0.0,0.0,-0.001225,-0.005013,-0.009256,-0.004928,0.0,-0.0,-0.008119,-0.000715,-0.004868,0.0,-0.000667,-0.002124,-0.0,0.0,-0.005231,-0.006046,0.0,-0.0,0.0,-0.002699,0.0,-0.004677,0.0,-0.002281,-0.009231,-0.0,-0.0,-0.00603,0.0,0.0,0.0,-0.0,-0.005155,-0.006163,0.0,-0.003544,-0.002917,-0.008943,-0.009028,0.0,-0.008251,0.0,-0.006526,-0.002299,0.0,-0.002271,-0.010283,-0.006194,-0.005908,-0.006072,-0.009119,-0.002404,-0.000895,-0.001104,0.0,-0.000105,-0.003641,-0.004274,-0.006223
2017-05-27 13:10:00+02:00,0.0,0.0,-0.0,-0.005567,-0.0,0.0,-0.001375,-0.002478,-0.005395,-0.0,0.0,0.0,-0.006169,-0.006126,-0.00233,-0.007635,-0.0,0.0,0.0,-0.009073,0.0,-0.008993,-0.004117,0.0,-0.008792,-0.008923,-0.002171,0.0,-0.001196,-0.0,0.0,-0.005131,0.0,-0.004706,-0.005938,0.0,-5e-05,-0.003686,0.0,-0.01012,-0.002341,0.0,-0.003196,0.0,-0.0,-0.001847,-0.002063,-0.004608,-0.00258,0.0,0.0,-0.005055,-0.004608,-0.006126,0.0,0.0,-0.0,0.0,0.0,-0.00123,-0.005035,-0.009258,-0.004934,0.0,-0.0,-0.008123,-0.000718,-0.004888,0.0,-0.00067,-0.002133,-0.0,0.0,-0.005256,-0.006053,0.0,-0.0,0.0,-0.002705,0.0,-0.00468,0.0,-0.002283,-0.009235,-0.0,-0.0,-0.00603,0.0,0.0,0.0,-0.0,-0.005159,-0.006169,0.0,-0.00355,-0.002916,-0.008945,-0.009031,0.0,-0.008257,0.0,-0.006532,-0.002308,0.0,-0.002275,-0.010289,-0.006199,-0.005907,-0.006077,-0.009123,-0.002409,-0.000896,-0.00111,0.0,-0.000109,-0.003656,-0.004278,-0.006226
2017-05-27 13:11:00+02:00,0.0,0.0,-0.0,-0.005595,-0.0,0.0,-0.001381,-0.002486,-0.005406,-0.0,0.0,0.0,-0.006174,-0.006133,-0.002337,-0.007664,-0.0,0.0,0.0,-0.009112,0.0,-0.009033,-0.004133,0.0,-0.008814,-0.008955,-0.002178,0.0,-0.001207,-0.0,0.0,-0.005144,0.0,-0.004718,-0.005951,0.0,-5.6e-05,-0.003699,0.0,-0.010137,-0.00235,0.0,-0.003219,0.0,-0.0,-0.001866,-0.002075,-0.004627,-0.002585,0.0,0.0,-0.00508,-0.004627,-0.006133,0.0,0.0,-0.0,0.0,0.0,-0.001242,-0.005058,-0.009272,-0.00496,0.0,-0.0,-0.008153,-0.000724,-0.004909,0.0,-0.000677,-0.002146,-0.0,0.0,-0.005281,-0.006062,0.0,-0.0,0.0,-0.002718,0.0,-0.004697,0.0,-0.002303,-0.009251,-0.0,-0.0,-0.006031,0.0,0.0,0.0,-0.0,-0.005179,-0.006174,0.0,-0.003569,-0.002925,-0.008973,-0.009059,0.0,-0.008273,0.0,-0.006561,-0.002321,0.0,-0.002284,-0.010296,-0.006205,-0.005917,-0.006103,-0.009154,-0.002418,-0.000907,-0.00112,0.0,-0.000119,-0.003679,-0.004302,-0.00623
2017-05-27 13:12:00+02:00,0.0,0.0,-0.0,-0.005613,-0.0,0.0,-0.001385,-0.00249,-0.005408,-0.0,0.0,0.0,-0.006179,-0.006138,-0.002338,-0.007683,-0.0,0.0,0.0,-0.00913,0.0,-0.009053,-0.004142,0.0,-0.008822,-0.008975,-0.002181,0.0,-0.001214,-0.0,0.0,-0.005149,0.0,-0.004721,-0.005955,0.0,-5.2e-05,-0.003705,0.0,-0.010135,-0.002354,0.0,-0.00323,0.0,-0.0,-0.001876,-0.002081,-0.004637,-0.002584,0.0,0.0,-0.005094,-0.00464,-0.006138,0.0,0.0,-0.0,0.0,0.0,-0.001248,-0.005069,-0.009271,-0.004976,0.0,-0.0,-0.008173,-0.000728,-0.004918,0.0,-0.00068,-0.002153,-0.0,0.0,-0.005296,-0.006068,0.0,-0.0,0.0,-0.002725,0.0,-0.004708,0.0,-0.002315,-0.009251,-0.0,-0.0,-0.006023,0.0,0.0,0.0,-0.0,-0.005193,-0.006179,0.0,-0.003582,-0.002922,-0.008989,-0.009076,0.0,-0.008275,0.0,-0.006579,-0.002328,0.0,-0.002288,-0.010299,-0.006209,-0.005913,-0.006118,-0.009173,-0.002422,-0.000913,-0.001125,0.0,-0.000125,-0.003691,-0.004316,-0.006231
2017-05-27 13:13:00+02:00,0.0,0.0,-0.0,-0.005611,-0.0,0.0,-0.001378,-0.002483,-0.005404,-0.0,0.0,0.0,-0.006181,-0.006142,-0.002334,-0.007681,-0.0,0.0,0.0,-0.00913,0.0,-0.009055,-0.004132,0.0,-0.008819,-0.008972,-0.002174,0.0,-0.00121,-0.0,0.0,-0.005147,0.0,-0.00472,-0.005955,0.0,-4.2e-05,-0.003694,0.0,-0.010127,-0.002348,0.0,-0.003228,0.0,-0.0,-0.00187,-0.002077,-0.004635,-0.002578,0.0,0.0,-0.005097,-0.00464,-0.006142,0.0,0.0,-0.0,0.0,0.0,-0.001239,-0.00507,-0.009263,-0.004973,0.0,-0.0,-0.008171,-0.000722,-0.004917,0.0,-0.000675,-0.002151,-0.0,0.0,-0.005299,-0.006073,0.0,-0.0,0.0,-0.002714,0.0,-0.004707,0.0,-0.00231,-0.009244,-0.0,-0.0,-0.006013,0.0,0.0,0.0,-0.0,-0.005194,-0.006181,0.0,-0.003583,-0.002912,-0.008983,-0.009071,0.0,-0.008268,0.0,-0.006577,-0.002325,0.0,-0.002282,-0.010299,-0.006212,-0.005902,-0.006114,-0.00917,-0.002416,-0.000909,-0.001123,0.0,-0.000115,-0.003688,-0.004312,-0.00623
2017-05-27 13:14:00+02:00,0.0,0.0,-0.0,-0.005613,-0.0,0.0,-0.001375,-0.002479,-0.005401,-0.0,0.0,0.0,-0.006182,-0.006144,-0.002333,-0.00768,-0.0,0.0,0.0,-0.009128,0.0,-0.009055,-0.004128,0.0,-0.008819,-0.008972,-0.00217,0.0,-0.001209,-0.0,0.0,-0.005147,0.0,-0.004719,-0.005956,0.0,-3.6e-05,-0.003688,0.0,-0.01012,-0.002345,0.0,-0.003226,0.0,-0.0,-0.001869,-0.002075,-0.004633,-0.002574,0.0,0.0,-0.005098,-0.004642,-0.006144,0.0,0.0,-0.0,0.0,0.0,-0.001236,-0.005069,-0.009256,-0.004974,0.0,-0.0,-0.00817,-0.000719,-0.004915,0.0,-0.000673,-0.00215,-0.0,0.0,-0.005302,-0.006076,0.0,-0.0,0.0,-0.002709,0.0,-0.004706,0.0,-0.002309,-0.00924,-0.0,-0.0,-0.006003,0.0,0.0,0.0,-0.0,-0.005196,-0.006182,0.0,-0.003585,-0.002906,-0.008979,-0.009068,0.0,-0.008263,0.0,-0.006577,-0.002323,0.0,-0.002279,-0.01029,-0.006214,-0.005894,-0.006113,-0.009168,-0.002413,-0.000908,-0.001121,0.0,-0.000112,-0.003686,-0.004311,-0.006224
2017-05-27 13:15:00+02:00,0.0,0.0,-0.0,-0.005627,-0.0,0.0,-0.001374,-0.002478,-0.005406,-0.0,0.0,0.0,-0.006185,-0.006147,-0.002338,-0.007694,-0.0,0.0,0.0,-0.009136,0.0,-0.009065,-0.004128,0.0,-0.008833,-0.008986,-0.002168,0.0,-0.001215,-0.0,0.0,-0.005155,0.0,-0.004726,-0.005964,0.0,-4e-05,-0.003687,0.0,-0.010126,-0.002345,0.0,-0.003226,0.0,-0.0,-0.001878,-0.00208,-0.004636,-0.002577,0.0,0.0,-0.005106,-0.004652,-0.006147,0.0,0.0,-0.0,0.0,0.0,-0.001236,-0.005074,-0.009263,-0.004987,0.0,-0.0,-0.008184,-0.000719,-0.004919,0.0,-0.000673,-0.002149,-0.0,0.0,-0.00531,-0.006082,0.0,-0.0,0.0,-0.002709,0.0,-0.004714,0.0,-0.002319,-0.009248,-0.0,-0.0,-0.006003,0.0,0.0,0.0,-0.0,-0.005206,-0.006185,0.0,-0.003596,-0.002911,-0.008989,-0.009079,0.0,-0.00827,0.0,-0.006591,-0.002323,0.0,-0.002278,-0.010293,-0.006217,-0.005899,-0.006125,-0.009181,-0.002412,-0.000913,-0.00112,0.0,-0.000113,-0.003686,-0.004323,-0.006225
2017-05-27 13:16:00+02:00,0.0,0.0,-0.0,-0.005677,-0.0,0.0,-0.001388,-0.002492,-0.005452,-0.0,0.0,0.0,-0.006187,-0.00615,-0.002373,-0.007745,-0.0,0.0,0.0,-0.009173,0.0,-0.009104,-0.004154,0.0,-0.008912,-0.009038,-0.002181,0.0,-0.00124,-0.0,0.0,-0.005204,0.0,-0.00477,-0.005992,0.0,-8.8e-05,-0.00371,0.0,-0.010155,-0.00236,0.0,-0.003262,0.0,-0.0,-0.001921,-0.002105,-0.004656,-0.002611,0.0,0.0,-0.005132,-0.004685,-0.00615,0.0,0.0,-0.0,0.0,0.0,-0.001263,-0.005097,-0.009327,-0.005035,0.0,-0.0,-0.008236,-0.000735,-0.004939,0.0,-0.000689,-0.00217,-0.0,0.0,-0.005335,-0.006086,0.0,-0.0,0.0,-0.002734,0.0,-0.004744,0.0,-0.002362,-0.009313,-0.0,-0.0,-0.005997,0.0,0.0,0.0,-0.0,-0.00524,-0.006187,0.0,-0.003628,-0.002966,-0.009036,-0.009128,0.0,-0.008342,0.0,-0.006641,-0.002343,0.0,-0.002293,-0.010293,-0.006219,-0.005956,-0.006172,-0.009232,-0.002427,-0.000938,-0.001141,0.0,-0.00014,-0.003721,-0.004369,-0.006225
2017-05-27 13:17:00+02:00,0.0,0.0,-0.0,-0.005698,-0.0,0.0,-0.001393,-0.002496,-0.005478,-0.0,0.0,0.0,-0.006188,-0.006152,-0.002393,-0.007765,-0.0,0.0,0.0,-0.009189,0.0,-0.009123,-0.004164,0.0,-0.00896,-0.009057,-0.002185,0.0,-0.00125,-0.0,0.0,-0.005233,0.0,-0.004796,-0.006014,0.0,-0.000113,-0.003718,0.0,-0.010175,-0.002365,0.0,-0.003278,0.0,-0.0,-0.001938,-0.002114,-0.004665,-0.002629,0.0,0.0,-0.005145,-0.004699,-0.006152,0.0,0.0,-0.0,0.0,0.0,-0.001274,-0.005107,-0.009361,-0.005055,0.0,-0.0,-0.008256,-0.00074,-0.004949,0.0,-0.000696,-0.00218,-0.0,0.0,-0.005349,-0.006089,0.0,-0.0,0.0,-0.002743,0.0,-0.004756,0.0,-0.00238,-0.009349,-0.0,-0.0,-0.005986,0.0,0.0,0.0,-0.0,-0.005254,-0.006188,0.0,-0.003642,-0.002994,-0.009051,-0.009143,0.0,-0.008383,0.0,-0.006662,-0.002351,0.0,-0.002299,-0.010282,-0.00622,-0.005987,-0.00619,-0.00925,-0.002433,-0.000948,-0.00115,0.0,-0.000151,-0.003737,-0.004387,-0.006217
2017-05-27 13:18:00+02:00,0.0,0.0,-0.0,-0.005675,-0.0,0.0,-0.00138,-0.002482,-0.005483,-0.0,0.0,0.0,-0.006188,-0.006153,-0.002395,-0.007736,-0.0,0.0,0.0,-0.009187,0.0,-0.009122,-0.004143,0.0,-0.008972,-0.009021,-0.002171,0.0,-0.001239,-0.0,0.0,-0.005242,0.0,-0.004802,-0.006021,0.0,-0.000112,-0.003695,0.0,-0.010182,-0.002351,0.0,-0.003273,0.0,-0.0,-0.001919,-0.0021,-0.004662,-0.002629,0.0,0.0,-0.005147,-0.004683,-0.006153,0.0,0.0,-0.0,0.0,0.0,-0.001253,-0.005106,-0.009362,-0.005032,0.0,-0.0,-0.008224,-0.000728,-0.004946,0.0,-0.000684,-0.002176,-0.0,0.0,-0.00535,-0.006092,0.0,-0.0,0.0,-0.002721,0.0,-0.004738,0.0,-0.002362,-0.009351,-0.0,-0.0,-0.00598,0.0,0.0,0.0,-0.0,-0.005235,-0.006188,0.0,-0.00363,-0.002995,-0.009012,-0.009105,0.0,-0.008389,0.0,-0.006636,-0.002347,0.0,-0.002285,-0.010278,-0.006221,-0.005986,-0.006164,-0.009213,-0.002419,-0.000937,-0.001146,0.0,-0.000131,-0.003731,-0.004365,-0.006214
2017-05-27 13:19:00+02:00,0.0,0.0,-0.0,-0.005686,-0.0,0.0,-0.001375,-0.002476,-0.005497,-0.0,0.0,0.0,-0.006182,-0.00615,-0.002407,-0.007747,-0.0,0.0,0.0,-0.009166,0.0,-0.009102,-0.004136,0.0,-0.009,-0.009031,-0.002165,0.0,-0.001243,-0.0,0.0,-0.005259,0.0,-0.004818,-0.006036,0.0,-0.000126,-0.003686,0.0,-0.010193,-0.002346,0.0,-0.003265,0.0,-0.0,-0.001927,-0.002103,-0.004649,-0.002639,0.0,0.0,-0.005137,-0.004691,-0.00615,0.0,0.0,-0.0,0.0,0.0,-0.001248,-0.005093,-0.009385,-0.005042,0.0,-0.0,-0.008235,-0.000725,-0.004932,0.0,-0.000681,-0.00217,-0.0,0.0,-0.005341,-0.006092,0.0,-0.0,0.0,-0.002714,0.0,-0.004744,0.0,-0.00237,-0.009376,-0.0,-0.0,-0.005964,0.0,0.0,0.0,-0.0,-0.005244,-0.006182,0.0,-0.003638,-0.003011,-0.009018,-0.009112,0.0,-0.008412,0.0,-0.006646,-0.00234,0.0,-0.00228,-0.010263,-0.006217,-0.006004,-0.006172,-0.009222,-0.002414,-0.000942,-0.001142,0.0,-0.000127,-0.003721,-0.004373,-0.006203
2017-05-27 13:20:00+02:00,0.0,0.0,-0.0,-0.005685,-0.0,0.0,-0.001372,-0.002472,-0.005504,-0.0,0.0,0.0,-0.006184,-0.006152,-0.002414,-0.007745,-0.0,0.0,0.0,-0.009168,0.0,-0.009107,-0.00413,0.0,-0.009017,-0.009029,-0.00216,0.0,-0.001241,-0.0,0.0,-0.00527,0.0,-0.004828,-0.006051,0.0,-0.000133,-0.003679,0.0,-0.010203,-0.002342,0.0,-0.003266,0.0,-0.0,-0.001924,-0.0021,-0.004649,-0.002644,0.0,0.0,-0.005142,-0.004691,-0.006152,0.0,0.0,-0.0,0.0,0.0,-0.001245,-0.005095,-0.009398,-0.00504,0.0,-0.0,-0.008233,-0.000723,-0.004932,0.0,-0.000679,-0.00217,-0.0,0.0,-0.005346,-0.006096,0.0,-0.0,0.0,-0.002709,0.0,-0.004742,0.0,-0.002367,-0.009391,-0.0,-0.0,-0.005965,0.0,0.0,0.0,-0.0,-0.005245,-0.006184,0.0,-0.00364,-0.003019,-0.009012,-0.009106,0.0,-0.008425,0.0,-0.006645,-0.002339,0.0,-0.002277,-0.010265,-0.006219,-0.006012,-0.006168,-0.009218,-0.00241,-0.00094,-0.001143,0.0,-0.000126,-0.003722,-0.00437,-0.006204
2017-05-27 13:21:00+02:00,0.0,0.0,-0.0,-0.005656,-0.0,0.0,-0.001365,-0.002464,-0.005506,-0.0,0.0,0.0,-0.006184,-0.006153,-0.002416,-0.00771,-0.0,0.0,0.0,-0.009164,0.0,-0.009105,-0.00412,0.0,-0.009026,-0.00899,-0.002152,0.0,-0.001227,-0.0,0.0,-0.005276,0.0,-0.004833,-0.006061,0.0,-0.000134,-0.003667,0.0,-0.010208,-0.002335,0.0,-0.00326,0.0,-0.0,-0.001901,-0.002083,-0.004645,-0.002644,0.0,0.0,-0.005142,-0.004672,-0.006153,0.0,0.0,-0.0,0.0,0.0,-0.001237,-0.005093,-0.009403,-0.005011,0.0,-0.0,-0.008197,-0.000717,-0.004929,0.0,-0.000674,-0.002166,-0.0,0.0,-0.005347,-0.006097,0.0,-0.0,0.0,-0.002698,0.0,-0.004721,0.0,-0.002343,-0.009398,-0.0,-0.0,-0.005952,0.0,0.0,0.0,-0.0,-0.005225,-0.006184,0.0,-0.003623,-0.003021,-0.008971,-0.009066,0.0,-0.008429,0.0,-0.006612,-0.002335,0.0,-0.00227,-0.010256,-0.006219,-0.006013,-0.006135,-0.009179,-0.002403,-0.000926,-0.001139,0.0,-0.000118,-0.003716,-0.004342,-0.006198
2017-05-27 13:22:00+02:00,0.0,0.0,-0.0,-0.005611,-0.0,0.0,-0.001357,-0.002454,-0.005499,-0.0,0.0,0.0,-0.006175,-0.006144,-0.002413,-0.007659,-0.0,0.0,0.0,-0.009133,0.0,-0.009076,-0.004105,0.0,-0.009017,-0.008935,-0.002142,0.0,-0.001206,-0.0,0.0,-0.005273,0.0,-0.00483,-0.006061,0.0,-0.000127,-0.003651,0.0,-0.010196,-0.002326,0.0,-0.003242,0.0,-0.0,-0.001867,-0.002059,-0.004628,-0.002638,0.0,0.0,-0.005128,-0.004644,-0.006144,0.0,0.0,-0.0,0.0,0.0,-0.001226,-0.005076,-0.009391,-0.004968,0.0,-0.0,-0.008144,-0.00071,-0.004911,0.0,-0.000668,-0.002154,-0.0,0.0,-0.005332,-0.006094,0.0,-0.0,0.0,-0.002685,0.0,-0.00469,0.0,-0.002309,-0.009388,-0.0,-0.0,-0.005934,0.0,0.0,0.0,-0.0,-0.005195,-0.006175,0.0,-0.003598,-0.003012,-0.008914,-0.009008,0.0,-0.008417,0.0,-0.006564,-0.002322,0.0,-0.002261,-0.010228,-0.006211,-0.006,-0.006086,-0.009122,-0.002394,-0.000907,-0.001129,0.0,-0.000108,-0.003695,-0.0043,-0.006187
2017-05-27 13:23:00+02:00,0.0,0.0,-0.0,-0.005595,-0.0,0.0,-0.001353,-0.002449,-0.005495,-0.0,0.0,0.0,-0.006177,-0.006146,-0.002413,-0.007636,-0.0,0.0,0.0,-0.009122,0.0,-0.009067,-0.004099,0.0,-0.009014,-0.008908,-0.002136,0.0,-0.0012,-0.0,0.0,-0.005273,0.0,-0.00483,-0.006064,0.0,-0.000128,-0.003643,0.0,-0.010197,-0.002322,0.0,-0.003237,0.0,-0.0,-0.001857,-0.00205,-0.004622,-0.002636,0.0,0.0,-0.005126,-0.004633,-0.006146,0.0,0.0,-0.0,0.0,0.0,-0.001222,-0.005072,-0.009385,-0.004953,0.0,-0.0,-0.00812,-0.000708,-0.004905,0.0,-0.000666,-0.002152,-0.0,0.0,-0.005331,-0.006096,0.0,-0.0,0.0,-0.002678,0.0,-0.004677,0.0,-0.002298,-0.009383,-0.0,-0.0,-0.005935,0.0,0.0,0.0,-0.0,-0.005182,-0.006177,0.0,-0.00359,-0.003009,-0.008883,-0.008978,0.0,-0.00841,0.0,-0.006544,-0.002318,0.0,-0.002257,-0.010229,-0.006213,-0.005993,-0.006066,-0.009093,-0.00239,-0.000901,-0.001128,0.0,-0.000107,-0.00369,-0.004285,-0.006188
2017-05-27 13:24:00+02:00,0.0,0.0,-0.0,-0.005589,-0.0,0.0,-0.001352,-0.002447,-0.005495,-0.0,0.0,0.0,-0.006178,-0.006147,-0.002416,-0.007625,-0.0,0.0,0.0,-0.009109,0.0,-0.009055,-0.004097,0.0,-0.009018,-0.008893,-0.002134,0.0,-0.001199,-0.0,0.0,-0.005277,0.0,-0.004833,-0.00607,0.0,-0.000132,-0.00364,0.0,-0.010195,-0.002321,0.0,-0.003234,0.0,-0.0,-0.001855,-0.002046,-0.004614,-0.002637,0.0,0.0,-0.005123,-0.004629,-0.006147,0.0,0.0,-0.0,0.0,0.0,-0.001223,-0.005066,-0.009385,-0.004948,0.0,-0.0,-0.008107,-0.000708,-0.004896,0.0,-0.000667,-0.002149,-0.0,0.0,-0.005327,-0.006097,0.0,-0.0,0.0,-0.002677,0.0,-0.00467,0.0,-0.002296,-0.009386,-0.0,-0.0,-0.005925,0.0,0.0,0.0,-0.0,-0.005177,-0.006178,0.0,-0.003588,-0.003012,-0.008865,-0.00896,0.0,-0.00841,0.0,-0.006536,-0.002314,0.0,-0.002256,-0.010226,-0.006213,-0.005993,-0.006057,-0.009078,-0.002389,-0.000901,-0.001126,0.0,-0.000109,-0.003685,-0.00428,-0.006186
2017-05-27 13:25:00+02:00,0.0,0.0,-0.0,-0.005597,-0.0,0.0,-0.001354,-0.002449,-0.005496,-0.0,0.0,0.0,-0.00618,-0.006149,-0.002421,-0.007628,-0.0,0.0,0.0,-0.009111,0.0,-0.00906,-0.004102,0.0,-0.009024,-0.008894,-0.002135,0.0,-0.001204,-0.0,0.0,-0.005281,0.0,-0.004837,-0.006077,0.0,-0.00014,-0.003643,0.0,-0.010196,-0.002323,0.0,-0.00324,0.0,-0.0,-0.001864,-0.002049,-0.004615,-0.002639,0.0,0.0,-0.005128,-0.004633,-0.006149,0.0,0.0,-0.0,0.0,0.0,-0.001227,-0.005069,-0.009388,-0.004955,0.0,-0.0,-0.00811,-0.00071,-0.004897,0.0,-0.00067,-0.002152,-0.0,0.0,-0.005332,-0.0061,0.0,-0.0,0.0,-0.002681,0.0,-0.004673,0.0,-0.002305,-0.00939,-0.0,-0.0,-0.005925,0.0,0.0,0.0,-0.0,-0.00518,-0.00618,0.0,-0.003594,-0.003017,-0.008862,-0.008958,0.0,-0.008413,0.0,-0.006542,-0.002317,0.0,-0.002259,-0.010228,-0.006215,-0.005994,-0.006061,-0.009077,-0.002392,-0.000906,-0.00113,0.0,-0.000117,-0.003691,-0.004287,-0.006187
2017-05-27 13:26:00+02:00,0.0,0.0,-0.0,-0.005597,-0.0,0.0,-0.001348,-0.002442,-0.005495,-0.0,0.0,0.0,-0.006182,-0.006151,-0.002422,-0.007625,-0.0,0.0,0.0,-0.009079,0.0,-0.009029,-0.004093,0.0,-0.009027,-0.00889,-0.002127,0.0,-0.001204,-0.0,0.0,-0.005284,0.0,-0.00484,-0.006081,0.0,-0.000141,-0.003632,0.0,-0.010196,-0.002317,0.0,-0.003224,0.0,-0.0,-0.001863,-0.002047,-0.004596,-0.002639,0.0,0.0,-0.005111,-0.004634,-0.006151,0.0,0.0,-0.0,0.0,0.0,-0.001217,-0.00505,-0.009387,-0.004955,0.0,-0.0,-0.008106,-0.000703,-0.004877,0.0,-0.000664,-0.002142,-0.0,0.0,-0.005316,-0.006103,0.0,-0.0,0.0,-0.002672,0.0,-0.004671,0.0,-0.002305,-0.00939,-0.0,-0.0,-0.005919,0.0,0.0,0.0,-0.0,-0.00518,-0.006182,0.0,-0.003596,-0.003017,-0.008853,-0.00895,0.0,-0.008411,0.0,-0.00654,-0.002305,0.0,-0.002253,-0.010229,-0.006216,-0.005991,-0.006058,-0.009072,-0.002386,-0.000905,-0.001122,0.0,-0.00011,-0.003673,-0.004285,-0.006188
2017-05-27 13:27:00+02:00,0.0,0.0,-0.0,-0.005588,-0.0,0.0,-0.001343,-0.002436,-0.005489,-0.0,0.0,0.0,-0.006184,-0.006154,-0.002422,-0.007612,-0.0,0.0,0.0,-0.00908,0.0,-0.009032,-0.004086,0.0,-0.009022,-0.008874,-0.002121,0.0,-0.001199,-0.0,0.0,-0.005282,0.0,-0.004839,-0.006084,0.0,-0.00014,-0.003622,0.0,-0.010197,-0.002312,0.0,-0.003228,0.0,-0.0,-0.001856,-0.00204,-0.004596,-0.002637,0.0,0.0,-0.005114,-0.004627,-0.006154,0.0,0.0,-0.0,0.0,0.0,-0.001209,-0.005052,-0.009384,-0.004946,0.0,-0.0,-0.008092,-0.000698,-0.004877,0.0,-0.00066,-0.002144,-0.0,0.0,-0.00532,-0.006106,0.0,-0.0,0.0,-0.002664,0.0,-0.004663,0.0,-0.002298,-0.009389,-0.0,-0.0,-0.005915,0.0,0.0,0.0,-0.0,-0.005173,-0.006184,0.0,-0.003592,-0.003015,-0.008834,-0.008932,0.0,-0.008405,0.0,-0.006529,-0.002306,0.0,-0.002248,-0.01023,-0.006218,-0.005986,-0.006045,-0.009055,-0.002381,-0.000901,-0.001124,0.0,-0.000106,-0.003676,-0.004276,-0.006188
2017-05-27 13:28:00+02:00,0.0,0.0,-0.0,-0.005559,-0.0,0.0,-0.001339,-0.002431,-0.005463,-0.0,0.0,0.0,-0.006185,-0.006154,-0.002415,-0.007573,-0.0,0.0,0.0,-0.009056,0.0,-0.009011,-0.00408,0.0,-0.008986,-0.008832,-0.002116,0.0,-0.001185,-0.0,0.0,-0.005264,0.0,-0.004826,-0.006076,0.0,-0.000134,-0.003615,0.0,-0.010179,-0.002308,0.0,-0.003224,0.0,-0.0,-0.001834,-0.002024,-0.004583,-0.002627,0.0,0.0,-0.005103,-0.004606,-0.006154,0.0,0.0,-0.0,0.0,0.0,-0.001205,-0.005038,-0.009362,-0.004918,0.0,-0.0,-0.00805,-0.000696,-0.004862,0.0,-0.000658,-0.002141,-0.0,0.0,-0.00531,-0.006108,0.0,-0.0,0.0,-0.002658,0.0,-0.004639,0.0,-0.002274,-0.009369,-0.0,-0.0,-0.005903,0.0,0.0,0.0,-0.0,-0.005149,-0.006185,0.0,-0.003576,-0.003002,-0.008789,-0.008887,0.0,-0.008374,0.0,-0.006496,-0.002301,0.0,-0.002244,-0.010217,-0.006217,-0.005965,-0.006012,-0.009011,-0.002377,-0.000889,-0.001123,0.0,-0.000106,-0.003671,-0.004248,-0.006184
2017-05-27 13:29:00+02:00,0.0,0.0,-0.0,-0.005547,-0.0,0.0,-0.001336,-0.002425,-0.005463,-0.0,0.0,0.0,-0.00617,-0.006141,-0.002419,-0.00755,-0.0,0.0,0.0,-0.009002,0.0,-0.008958,-0.004072,0.0,-0.008989,-0.008804,-0.002109,0.0,-0.001184,-0.0,0.0,-0.005266,0.0,-0.004828,-0.006078,0.0,-0.000143,-0.003605,0.0,-0.010137,-0.002303,0.0,-0.003205,0.0,-0.0,-0.001833,-0.002019,-0.004554,-0.002628,0.0,0.0,-0.005073,-0.004595,-0.006141,0.0,0.0,-0.0,0.0,0.0,-0.001202,-0.005007,-0.009358,-0.004908,0.0,-0.0,-0.008023,-0.000694,-0.00483,0.0,-0.000657,-0.002129,-0.0,0.0,-0.005282,-0.006098,0.0,-0.0,0.0,-0.002652,0.0,-0.004626,0.0,-0.002272,-0.009367,-0.0,-0.0,-0.005876,0.0,0.0,0.0,-0.0,-0.005135,-0.00617,0.0,-0.00357,-0.003006,-0.008758,-0.008856,0.0,-0.008371,0.0,-0.006479,-0.002287,0.0,-0.002239,-0.010175,-0.006197,-0.005962,-0.005995,-0.008983,-0.002372,-0.000888,-0.001116,0.0,-0.000107,-0.003649,-0.00424,-0.006163
2017-05-27 13:30:00+02:00,0.0,0.0,-0.0,-0.005513,-0.0,0.0,-0.001324,-0.00241,-0.005457,-0.0,0.0,0.0,-0.006173,-0.006143,-0.002416,-0.007502,-0.0,0.0,0.0,-0.00895,0.0,-0.008908,-0.004049,0.0,-0.00898,-0.008751,-0.002094,0.0,-0.001172,-0.0,0.0,-0.005261,0.0,-0.004824,-0.006074,0.0,-0.000143,-0.00358,0.0,-0.01013,-0.002289,0.0,-0.003183,0.0,-0.0,-0.001813,-0.002002,-0.004525,-0.002623,0.0,0.0,-0.005044,-0.004569,-0.006143,0.0,0.0,-0.0,0.0,0.0,-0.001186,-0.004978,-0.009342,-0.004876,0.0,-0.0,-0.007972,-0.000684,-0.0048,0.0,-0.000647,-0.002115,-0.0,0.0,-0.005255,-0.006101,0.0,-0.0,0.0,-0.002631,0.0,-0.004598,0.0,-0.002251,-0.009353,-0.0,-0.0,-0.005876,0.0,0.0,0.0,-0.0,-0.005106,-0.006173,0.0,-0.00355,-0.003001,-0.008703,-0.008801,0.0,-0.008358,0.0,-0.006439,-0.002271,0.0,-0.002226,-0.010178,-0.006198,-0.00595,-0.005956,-0.008929,-0.002359,-0.000877,-0.001106,0.0,-9.6e-05,-0.003624,-0.00421,-0.006164
2017-05-27 13:31:00+02:00,0.0,0.0,-0.0,-0.005529,-0.0,0.0,-0.001308,-0.002391,-0.005457,-0.0,0.0,0.0,-0.006169,-0.006138,-0.00242,-0.007518,-0.0,0.0,0.0,-0.008864,0.0,-0.008824,-0.004018,0.0,-0.008983,-0.00877,-0.002076,0.0,-0.001182,-0.0,0.0,-0.005263,0.0,-0.004827,-0.006077,0.0,-0.000152,-0.00355,0.0,-0.010116,-0.002272,0.0,-0.003111,0.0,-0.0,-0.001828,-0.002009,-0.004475,-0.002624,0.0,0.0,-0.004995,-0.004583,-0.006138,0.0,0.0,-0.0,0.0,0.0,-0.001163,-0.004928,-0.009339,-0.004891,0.0,-0.0,-0.007988,-0.00067,-0.004749,0.0,-0.000634,-0.002071,-0.0,0.0,-0.005208,-0.006098,0.0,-0.0,0.0,-0.002604,0.0,-0.004609,0.0,-0.002267,-0.009352,-0.0,-0.0,-0.005857,0.0,0.0,0.0,-0.0,-0.00512,-0.006169,0.0,-0.003563,-0.003005,-0.008717,-0.008816,0.0,-0.008356,0.0,-0.006455,-0.002227,0.0,-0.002208,-0.010156,-0.00619,-0.005948,-0.005969,-0.008945,-0.002341,-0.000887,-0.001064,0.0,-7.8e-05,-0.003551,-0.004225,-0.006156
2017-05-27 13:32:00+02:00,0.0,0.0,-0.0,-0.005525,-0.0,0.0,-0.001277,-0.002355,-0.005433,-0.0,0.0,0.0,-0.006164,-0.006135,-0.002404,-0.007512,-0.0,0.0,0.0,-0.008797,0.0,-0.008759,-0.003959,0.0,-0.008947,-0.008766,-0.002041,0.0,-0.00118,-0.0,0.0,-0.00524,0.0,-0.004807,-0.006051,0.0,-0.000134,-0.003492,0.0,-0.010074,-0.002237,0.0,-0.00305,0.0,-0.0,-0.001826,-0.002006,-0.004436,-0.002606,0.0,0.0,-0.004957,-0.004583,-0.006135,0.0,0.0,-0.0,0.0,0.0,-0.001112,-0.00489,-0.009292,-0.004887,0.0,-0.0,-0.007984,-0.000641,-0.00471,0.0,-0.000604,-0.002034,-0.0,0.0,-0.005172,-0.006095,0.0,-0.0,0.0,-0.00255,0.0,-0.004607,0.0,-0.002265,-0.009306,-0.0,-0.0,-0.005846,0.0,0.0,0.0,-0.0,-0.005121,-0.006164,0.0,-0.003563,-0.002978,-0.008709,-0.008808,0.0,-0.008315,0.0,-0.00645,-0.00219,0.0,-0.002174,-0.010141,-0.006183,-0.00591,-0.005962,-0.00894,-0.002306,-0.000886,-0.001027,0.0,-6.3e-05,-0.003488,-0.00422,-0.006149
2017-05-27 13:33:00+02:00,0.0,0.0,-0.0,-0.005523,-0.0,0.0,-0.001261,-0.002336,-0.005415,-0.0,0.0,0.0,-0.006166,-0.006136,-0.002393,-0.007507,-0.0,0.0,0.0,-0.008761,0.0,-0.008725,-0.00393,0.0,-0.00892,-0.008761,-0.002023,0.0,-0.001181,-0.0,0.0,-0.005223,0.0,-0.004791,-0.006032,0.0,-0.000124,-0.003462,0.0,-0.010041,-0.00222,0.0,-0.00301,0.0,-0.0,-0.001827,-0.002004,-0.004413,-0.002592,0.0,0.0,-0.004938,-0.004582,-0.006136,0.0,0.0,-0.0,0.0,0.0,-0.001087,-0.00487,-0.009256,-0.004885,0.0,-0.0,-0.007979,-0.000626,-0.004688,0.0,-0.00059,-0.00201,-0.0,0.0,-0.005154,-0.006097,0.0,-0.0,0.0,-0.002522,0.0,-0.004604,0.0,-0.002266,-0.009272,-0.0,-0.0,-0.005847,0.0,0.0,0.0,-0.0,-0.005119,-0.006166,0.0,-0.003563,-0.00296,-0.008699,-0.008799,0.0,-0.008284,0.0,-0.006446,-0.002165,0.0,-0.002156,-0.010144,-0.006184,-0.005882,-0.005956,-0.008933,-0.002288,-0.000886,-0.001003,0.0,-5e-05,-0.003448,-0.004218,-0.00615
2017-05-27 13:34:00+02:00,0.0,0.0,-0.0,-0.005546,-0.0,0.0,-0.001266,-0.00234,-0.005423,-0.0,0.0,0.0,-0.006167,-0.006137,-0.002405,-0.007529,-0.0,0.0,0.0,-0.008757,0.0,-0.008723,-0.00394,0.0,-0.008941,-0.008783,-0.002026,0.0,-0.001193,-0.0,0.0,-0.005233,0.0,-0.004803,-0.006045,0.0,-0.000143,-0.00347,0.0,-0.010056,-0.002225,0.0,-0.002999,0.0,-0.0,-0.001849,-0.002014,-0.004407,-0.002601,0.0,0.0,-0.004935,-0.004597,-0.006137,0.0,0.0,-0.0,0.0,0.0,-0.001099,-0.004868,-0.009274,-0.004907,0.0,-0.0,-0.008001,-0.000632,-0.004682,0.0,-0.000597,-0.002002,-0.0,0.0,-0.005154,-0.006099,0.0,-0.0,0.0,-0.002532,0.0,-0.004617,0.0,-0.002288,-0.009291,-0.0,-0.0,-0.005838,0.0,0.0,0.0,-0.0,-0.005132,-0.006167,0.0,-0.003577,-0.002978,-0.008717,-0.008818,0.0,-0.0083,0.0,-0.006468,-0.002157,0.0,-0.002162,-0.010147,-0.006182,-0.005897,-0.005976,-0.008954,-0.002294,-0.000899,-0.000995,0.0,-5.7e-05,-0.003437,-0.004239,-0.006149
2017-05-27 13:35:00+02:00,0.0,0.0,-0.0,-0.005576,-0.0,0.0,-0.001263,-0.002337,-0.005424,-0.0,0.0,0.0,-0.006169,-0.006139,-0.002409,-0.007563,-0.0,0.0,0.0,-0.008742,0.0,-0.008709,-0.003938,0.0,-0.008949,-0.008821,-0.002022,0.0,-0.001206,-0.0,0.0,-0.005234,0.0,-0.004806,-0.006051,0.0,-0.000149,-0.003466,0.0,-0.010066,-0.002222,0.0,-0.002982,0.0,-0.0,-0.00187,-0.002026,-0.004395,-0.002603,0.0,0.0,-0.004926,-0.00462,-0.006139,0.0,0.0,-0.0,0.0,0.0,-0.001098,-0.004858,-0.009279,-0.004935,0.0,-0.0,-0.008038,-0.000631,-0.00467,0.0,-0.000596,-0.001992,-0.0,0.0,-0.005146,-0.006101,0.0,-0.0,0.0,-0.002529,0.0,-0.004637,0.0,-0.002311,-0.009298,-0.0,-0.0,-0.005837,0.0,0.0,0.0,-0.0,-0.005155,-0.006169,0.0,-0.003596,-0.002983,-0.008751,-0.008853,0.0,-0.008302,0.0,-0.006499,-0.002146,0.0,-0.002159,-0.010152,-0.006183,-0.005899,-0.006004,-0.00899,-0.002291,-0.000911,-0.000984,0.0,-5.1e-05,-0.003419,-0.004264,-0.00615
2017-05-27 13:36:00+02:00,0.0,0.0,-0.0,-0.005572,-0.0,0.0,-0.001259,-0.002333,-0.005445,-0.0,0.0,0.0,-0.006173,-0.006142,-0.002432,-0.007557,-0.0,0.0,0.0,-0.008734,0.0,-0.008703,-0.003935,0.0,-0.008991,-0.008812,-0.002018,0.0,-0.001203,-0.0,0.0,-0.005257,0.0,-0.004831,-0.006064,0.0,-0.00018,-0.003461,0.0,-0.010079,-0.002219,0.0,-0.00297,0.0,-0.0,-0.001868,-0.002021,-0.004386,-0.002625,0.0,0.0,-0.004921,-0.004617,-0.006142,0.0,0.0,-0.0,0.0,0.0,-0.001091,-0.004853,-0.00932,-0.004931,0.0,-0.0,-0.008032,-0.000626,-0.004662,0.0,-0.000592,-0.001984,-0.0,0.0,-0.005144,-0.006105,0.0,-0.0,0.0,-0.002524,0.0,-0.004633,0.0,-0.002308,-0.009341,-0.0,-0.0,-0.005836,0.0,0.0,0.0,-0.0,-0.00515,-0.006173,0.0,-0.003595,-0.003019,-0.00874,-0.008842,0.0,-0.00834,0.0,-0.006495,-0.002137,0.0,-0.002156,-0.010157,-0.006184,-0.005935,-0.005997,-0.008981,-0.002289,-0.00091,-0.000977,0.0,-4.2e-05,-0.003407,-0.00426,-0.006152
2017-05-27 13:37:00+02:00,0.0,0.0,-0.0,-0.005565,-0.0,0.0,-0.00127,-0.002344,-0.005466,-0.0,0.0,0.0,-0.006175,-0.006145,-0.002458,-0.007544,-0.0,0.0,0.0,-0.008734,0.0,-0.008704,-0.003958,0.0,-0.009033,-0.008795,-0.002029,0.0,-0.001202,-0.0,0.0,-0.00528,0.0,-0.004857,-0.006075,0.0,-0.000214,-0.003482,0.0,-0.010088,-0.002233,0.0,-0.002967,0.0,-0.0,-0.001866,-0.002017,-0.004382,-0.002648,0.0,0.0,-0.004921,-0.004611,-0.006145,0.0,0.0,-0.0,0.0,0.0,-0.001108,-0.004853,-0.009361,-0.004925,0.0,-0.0,-0.008017,-0.000636,-0.004659,0.0,-0.000603,-0.001981,-0.0,0.0,-0.005146,-0.006108,0.0,-0.0,0.0,-0.002544,0.0,-0.004625,0.0,-0.002307,-0.009384,-0.0,-0.0,-0.005826,0.0,0.0,0.0,-0.0,-0.005139,-0.006175,0.0,-0.003591,-0.003057,-0.008722,-0.008824,0.0,-0.008377,0.0,-0.006485,-0.002133,0.0,-0.002169,-0.010159,-0.006185,-0.005973,-0.005987,-0.008964,-0.002302,-0.000909,-0.000976,0.0,-5.8e-05,-0.003403,-0.004254,-0.006153
2017-05-27 13:38:00+02:00,0.0,0.0,-0.0,-0.00557,-0.0,0.0,-0.001279,-0.002354,-0.005476,-0.0,0.0,0.0,-0.006175,-0.006145,-0.002474,-0.007543,-0.0,0.0,0.0,-0.008722,0.0,-0.008694,-0.003978,0.0,-0.009056,-0.008791,-0.002038,0.0,-0.001207,-0.0,0.0,-0.005293,0.0,-0.004872,-0.006083,0.0,-0.000236,-0.0035,0.0,-0.01009,-0.002245,0.0,-0.002965,0.0,-0.0,-0.001876,-0.002019,-0.004373,-0.002662,0.0,0.0,-0.004913,-0.004612,-0.006145,0.0,0.0,-0.0,0.0,0.0,-0.001125,-0.004846,-0.009384,-0.004931,0.0,-0.0,-0.008014,-0.000645,-0.00465,0.0,-0.000613,-0.00198,-0.0,0.0,-0.005142,-0.006109,0.0,-0.0,0.0,-0.002563,0.0,-0.004624,0.0,-0.002316,-0.009409,-0.0,-0.0,-0.00581,0.0,0.0,0.0,-0.0,-0.005137,-0.006175,0.0,-0.003595,-0.003081,-0.008715,-0.008817,0.0,-0.008396,0.0,-0.006487,-0.00213,0.0,-0.002181,-0.010148,-0.006176,-0.005994,-0.005988,-0.008959,-0.002314,-0.000914,-0.000975,0.0,-7.3e-05,-0.0034,-0.004259,-0.006145
2017-05-27 13:39:00+02:00,0.0,0.0,-0.0,-0.005571,-0.0,0.0,-0.001285,-0.00236,-0.005475,-0.0,0.0,0.0,-0.006177,-0.006146,-0.002479,-0.007539,-0.0,0.0,0.0,-0.008692,0.0,-0.008666,-0.003991,0.0,-0.009061,-0.008785,-0.002043,0.0,-0.001208,-0.0,0.0,-0.005294,0.0,-0.004876,-0.006089,0.0,-0.000242,-0.003512,0.0,-0.010093,-0.002253,0.0,-0.00295,0.0,-0.0,-0.001878,-0.002017,-0.004355,-0.002665,0.0,0.0,-0.004896,-0.004612,-0.006146,0.0,0.0,-0.0,0.0,0.0,-0.001138,-0.004829,-0.009389,-0.004931,0.0,-0.0,-0.00801,-0.000652,-0.00463,0.0,-0.000621,-0.00197,-0.0,0.0,-0.005127,-0.00611,0.0,-0.0,0.0,-0.002574,0.0,-0.004622,0.0,-0.002318,-0.009415,-0.0,-0.0,-0.005805,0.0,0.0,0.0,-0.0,-0.005133,-0.006177,0.0,-0.003596,-0.003087,-0.008706,-0.008809,0.0,-0.008397,0.0,-0.006485,-0.002118,0.0,-0.002189,-0.010148,-0.006176,-0.005998,-0.005985,-0.008951,-0.002321,-0.000916,-0.000966,0.0,-8.3e-05,-0.003383,-0.004259,-0.006146
2017-05-27 13:40:00+02:00,0.0,0.0,-0.0,-0.005594,-0.0,0.0,-0.001306,-0.002381,-0.005489,-0.0,0.0,0.0,-0.006179,-0.006148,-0.002497,-0.007559,-0.0,0.0,0.0,-0.008717,0.0,-0.008692,-0.00403,0.0,-0.00909,-0.008803,-0.002063,0.0,-0.001222,-0.0,0.0,-0.00531,0.0,-0.004894,-0.006096,0.0,-0.000269,-0.003548,0.0,-0.010094,-0.002276,0.0,-0.002972,0.0,-0.0,-0.001902,-0.002029,-0.004367,-0.00268,0.0,0.0,-0.004912,-0.004627,-0.006148,0.0,0.0,-0.0,0.0,0.0,-0.001177,-0.004845,-0.009415,-0.004954,0.0,-0.0,-0.00803,-0.000674,-0.004643,0.0,-0.000644,-0.001984,-0.0,0.0,-0.005145,-0.006112,0.0,-0.0,0.0,-0.002611,0.0,-0.004635,0.0,-0.002343,-0.009444,-0.0,-0.0,-0.0058,0.0,0.0,0.0,-0.0,-0.005145,-0.006179,0.0,-0.003611,-0.003115,-0.008722,-0.008824,0.0,-0.008421,0.0,-0.006507,-0.00213,0.0,-0.002212,-0.010148,-0.006176,-0.006022,-0.006005,-0.008968,-0.002345,-0.00093,-0.000979,0.0,-0.000118,-0.003406,-0.004282,-0.006146
2017-05-27 13:41:00+02:00,0.0,0.0,-0.0,-0.005602,-0.0,0.0,-0.00132,-0.002395,-0.005496,-0.0,0.0,0.0,-0.006181,-0.00615,-0.002509,-0.007564,-0.0,0.0,0.0,-0.008739,0.0,-0.008716,-0.004058,0.0,-0.009105,-0.008806,-0.002078,0.0,-0.001228,-0.0,0.0,-0.005318,0.0,-0.004905,-0.006102,0.0,-0.000285,-0.003574,0.0,-0.010093,-0.002294,0.0,-0.002987,0.0,-0.0,-0.001912,-0.002032,-0.004377,-0.00269,0.0,0.0,-0.004928,-0.004634,-0.00615,0.0,0.0,-0.0,0.0,0.0,-0.001207,-0.004861,-0.009431,-0.004962,0.0,-0.0,-0.008035,-0.00069,-0.004654,0.0,-0.000662,-0.001993,-0.0,0.0,-0.005163,-0.006115,0.0,-0.0,0.0,-0.002638,0.0,-0.00464,0.0,-0.002352,-0.009461,-0.0,-0.0,-0.005796,0.0,0.0,0.0,-0.0,-0.005149,-0.006181,0.0,-0.003618,-0.003131,-0.008721,-0.008824,0.0,-0.008433,0.0,-0.006513,-0.002138,0.0,-0.002229,-0.010144,-0.006178,-0.006036,-0.00601,-0.00897,-0.002362,-0.000936,-0.000986,0.0,-0.000143,-0.00342,-0.004289,-0.006147
2017-05-27 13:42:00+02:00,0.0,0.0,-0.0,-0.005586,-0.0,0.0,-0.001321,-0.002395,-0.00549,-0.0,0.0,0.0,-0.006179,-0.006148,-0.00251,-0.007545,-0.0,0.0,0.0,-0.008734,0.0,-0.008713,-0.004059,0.0,-0.009101,-0.008785,-0.002077,0.0,-0.00122,-0.0,0.0,-0.005316,0.0,-0.004905,-0.006105,0.0,-0.000284,-0.003575,0.0,-0.010062,-0.002295,0.0,-0.002978,0.0,-0.0,-0.001899,-0.002022,-0.004373,-0.002689,0.0,0.0,-0.004928,-0.004626,-0.006148,0.0,0.0,-0.0,0.0,0.0,-0.001212,-0.004861,-0.009426,-0.004946,0.0,-0.0,-0.008015,-0.000693,-0.00465,0.0,-0.000665,-0.001988,-0.0,0.0,-0.005164,-0.006115,0.0,-0.0,0.0,-0.002639,0.0,-0.00463,0.0,-0.00234,-0.009458,-0.0,-0.0,-0.005775,0.0,0.0,0.0,-0.0,-0.005138,-0.006179,0.0,-0.003611,-0.003129,-0.008697,-0.008801,0.0,-0.008426,0.0,-0.006496,-0.002132,0.0,-0.00223,-0.010113,-0.006166,-0.00603,-0.005991,-0.008948,-0.002363,-0.000928,-0.00098,0.0,-0.000145,-0.003411,-0.004273,-0.006136
2017-05-27 13:43:00+02:00,0.0,0.0,-0.0,-0.005569,-0.0,0.0,-0.001321,-0.002393,-0.005475,-0.0,0.0,0.0,-0.006175,-0.006144,-0.002505,-0.007522,-0.0,0.0,0.0,-0.008726,0.0,-0.008708,-0.004059,0.0,-0.009079,-0.008759,-0.002075,0.0,-0.001213,-0.0,0.0,-0.005303,0.0,-0.004896,-0.006106,0.0,-0.000278,-0.003572,0.0,-0.010046,-0.002296,0.0,-0.002972,0.0,-0.0,-0.001887,-0.002011,-0.004368,-0.002681,0.0,0.0,-0.004927,-0.004615,-0.006144,0.0,0.0,-0.0,0.0,0.0,-0.001216,-0.00486,-0.009403,-0.004929,0.0,-0.0,-0.007991,-0.000695,-0.004646,0.0,-0.000668,-0.001985,-0.0,0.0,-0.005165,-0.006113,0.0,-0.0,0.0,-0.00264,0.0,-0.004617,0.0,-0.002327,-0.009437,-0.0,-0.0,-0.005762,0.0,0.0,0.0,-0.0,-0.005124,-0.006175,0.0,-0.003602,-0.003118,-0.008668,-0.008772,0.0,-0.008401,0.0,-0.006476,-0.002128,0.0,-0.00223,-0.010099,-0.00616,-0.006011,-0.00597,-0.008921,-0.002363,-0.000922,-0.000976,0.0,-0.000149,-0.003404,-0.004256,-0.00613
2017-05-27 13:44:00+02:00,0.0,0.0,-0.0,-0.005567,-0.0,0.0,-0.001324,-0.002395,-0.005464,-0.0,0.0,0.0,-0.006177,-0.006146,-0.002503,-0.007517,-0.0,0.0,0.0,-0.008713,0.0,-0.008697,-0.004064,0.0,-0.009065,-0.008752,-0.002077,0.0,-0.001213,-0.0,0.0,-0.005295,0.0,-0.004891,-0.006109,0.0,-0.000278,-0.003577,0.0,-0.010047,-0.0023,0.0,-0.002969,0.0,-0.0,-0.001889,-0.00201,-0.00436,-0.002676,0.0,0.0,-0.004921,-0.004616,-0.006146,0.0,0.0,-0.0,0.0,0.0,-0.001227,-0.004855,-0.009388,-0.004928,0.0,-0.0,-0.007986,-0.000701,-0.004638,0.0,-0.000675,-0.001983,-0.0,0.0,-0.005162,-0.006115,0.0,-0.0,0.0,-0.002646,0.0,-0.004616,0.0,-0.002328,-0.009423,-0.0,-0.0,-0.005761,0.0,0.0,0.0,-0.0,-0.005123,-0.006177,0.0,-0.003603,-0.003113,-0.008659,-0.008763,0.0,-0.008385,0.0,-0.006472,-0.002124,0.0,-0.002234,-0.0101,-0.006161,-0.005998,-0.005965,-0.008913,-0.002367,-0.000923,-0.000975,0.0,-0.000159,-0.0034,-0.004255,-0.006132
2017-05-27 13:45:00+02:00,0.0,0.0,-0.0,-0.005586,-0.0,0.0,-0.001325,-0.002395,-0.00546,-0.0,0.0,0.0,-0.006179,-0.006148,-0.002504,-0.007538,-0.0,0.0,0.0,-0.008711,0.0,-0.008696,-0.004067,0.0,-0.009063,-0.008776,-0.002076,0.0,-0.001222,-0.0,0.0,-0.005293,0.0,-0.004891,-0.006113,0.0,-0.000281,-0.003578,0.0,-0.010047,-0.002302,0.0,-0.002971,0.0,-0.0,-0.001903,-0.002016,-0.004358,-0.002675,0.0,0.0,-0.004922,-0.004632,-0.006148,0.0,0.0,-0.0,0.0,0.0,-0.001233,-0.004857,-0.009383,-0.004945,0.0,-0.0,-0.008008,-0.000703,-0.004636,0.0,-0.000679,-0.001984,-0.0,0.0,-0.005165,-0.006117,0.0,-0.0,0.0,-0.002648,0.0,-0.00463,0.0,-0.002343,-0.009421,-0.0,-0.0,-0.005755,0.0,0.0,0.0,-0.0,-0.005139,-0.006179,0.0,-0.003616,-0.003113,-0.008678,-0.008783,0.0,-0.008378,0.0,-0.006491,-0.002124,0.0,-0.002236,-0.010101,-0.006162,-0.005994,-0.00598,-0.008935,-0.002369,-0.000931,-0.000976,0.0,-0.000163,-0.003401,-0.00427,-0.006133
2017-05-27 13:46:00+02:00,0.0,0.0,-0.0,-0.00568,-0.0,0.0,-0.001283,-0.002351,-0.00538,-0.0,0.0,0.0,-0.006171,-0.006143,-0.002446,-0.007653,-0.0,0.0,0.0,-0.008723,0.0,-0.008711,-0.003994,0.0,-0.008933,-0.00891,-0.002033,0.0,-0.001264,-0.0,0.0,-0.005214,0.0,-0.004814,-0.006016,0.0,-0.000225,-0.003505,0.0,-0.009892,-0.002258,0.0,-0.002987,0.0,-0.0,-0.001972,-0.002059,-0.004365,-0.002613,0.0,0.0,-0.004933,-0.004706,-0.006143,0.0,0.0,-0.0,0.0,0.0,-0.001164,-0.004867,-0.00922,-0.005033,0.0,-0.0,-0.008132,-0.000664,-0.004642,0.0,-0.000637,-0.001994,-0.0,0.0,-0.005178,-0.006111,0.0,-0.0,0.0,-0.002577,0.0,-0.004702,0.0,-0.002416,-0.009259,-0.0,-0.0,-0.005733,0.0,0.0,0.0,-0.0,-0.005223,-0.006171,0.0,-0.003677,-0.003023,-0.008804,-0.008911,0.0,-0.008245,0.0,-0.006593,-0.002132,0.0,-0.002192,-0.010074,-0.00615,-0.005875,-0.006074,-0.009067,-0.002325,-0.000972,-0.000987,0.0,-0.000131,-0.003416,-0.004353,-0.006121
2017-05-27 13:47:00+02:00,0.0,0.0,-0.0,-0.005728,-0.0,0.0,-0.001251,-0.002316,-0.005314,-0.0,0.0,0.0,-0.006168,-0.00614,-0.0024,-0.007709,-0.0,0.0,0.0,-0.008724,0.0,-0.008714,-0.003936,0.0,-0.008826,-0.008976,-0.001999,0.0,-0.001287,-0.0,0.0,-0.005149,0.0,-0.004752,-0.005936,0.0,-0.00018,-0.003448,0.0,-0.00976,-0.002224,0.0,-0.002999,0.0,-0.0,-0.002012,-0.002082,-0.004366,-0.002564,0.0,0.0,-0.004938,-0.004744,-0.00614,0.0,0.0,-0.0,0.0,0.0,-0.001112,-0.004872,-0.009083,-0.005079,0.0,-0.0,-0.008194,-0.000634,-0.004643,0.0,-0.000606,-0.002002,-0.0,0.0,-0.005184,-0.006109,0.0,-0.0,0.0,-0.002521,0.0,-0.004739,0.0,-0.002457,-0.009123,-0.0,-0.0,-0.00572,0.0,0.0,0.0,-0.0,-0.005266,-0.006168,0.0,-0.00371,-0.002953,-0.008865,-0.008972,0.0,-0.008135,0.0,-0.006644,-0.002137,0.0,-0.002158,-0.010055,-0.006145,-0.005779,-0.00612,-0.009131,-0.002291,-0.000995,-0.000996,0.0,-0.000105,-0.003427,-0.004396,-0.006116
2017-05-27 13:48:00+02:00,0.0,0.0,-0.0,-0.005713,-0.0,0.0,-0.001226,-0.002289,-0.005271,-0.0,0.0,0.0,-0.006169,-0.006141,-0.002373,-0.007685,-0.0,0.0,0.0,-0.008715,0.0,-0.008707,-0.003891,0.0,-0.008756,-0.008948,-0.001972,0.0,-0.001285,-0.0,0.0,-0.005108,0.0,-0.004714,-0.005887,0.0,-0.000152,-0.003402,0.0,-0.009674,-0.002198,0.0,-0.003003,0.0,-0.0,-0.002008,-0.002075,-0.004362,-0.002534,0.0,0.0,-0.004938,-0.004734,-0.006141,0.0,0.0,-0.0,0.0,0.0,-0.001073,-0.004872,-0.008994,-0.005066,0.0,-0.0,-0.008169,-0.000611,-0.004638,0.0,-0.000582,-0.002005,-0.0,0.0,-0.005185,-0.006111,0.0,-0.0,0.0,-0.002478,0.0,-0.004728,0.0,-0.002451,-0.009035,-0.0,-0.0,-0.005715,0.0,0.0,0.0,-0.0,-0.005255,-0.006169,0.0,-0.003703,-0.00291,-0.008832,-0.008939,0.0,-0.008063,0.0,-0.006624,-0.002137,0.0,-0.002131,-0.010048,-0.006146,-0.005715,-0.0061,-0.009099,-0.002265,-0.000993,-0.001001,0.0,-8.4e-05,-0.003429,-0.004384,-0.006117
2017-05-27 13:49:00+02:00,0.0,0.0,-0.0,-0.005742,-0.0,0.0,-0.00122,-0.002281,-0.005264,-0.0,0.0,0.0,-0.006163,-0.006136,-0.002376,-0.00771,-0.0,0.0,0.0,-0.008729,0.0,-0.008724,-0.003879,0.0,-0.008747,-0.008974,-0.001964,0.0,-0.001305,-0.0,0.0,-0.005103,0.0,-0.00471,-0.005875,0.0,-0.000165,-0.003389,0.0,-0.009649,-0.002192,0.0,-0.003029,0.0,-0.0,-0.002042,-0.002091,-0.004372,-0.002533,0.0,0.0,-0.004952,-0.004754,-0.006136,0.0,0.0,-0.0,0.0,0.0,-0.001067,-0.004885,-0.008965,-0.005096,0.0,-0.0,-0.008194,-0.000607,-0.004647,0.0,-0.000579,-0.002021,-0.0,0.0,-0.0052,-0.006107,0.0,-0.0,0.0,-0.002468,0.0,-0.004746,0.0,-0.002486,-0.009008,-0.0,-0.0,-0.005696,0.0,0.0,0.0,-0.0,-0.005275,-0.006163,0.0,-0.003723,-0.002914,-0.008852,-0.00896,0.0,-0.008048,0.0,-0.006651,-0.002151,0.0,-0.002125,-0.010022,-0.006137,-0.005705,-0.006125,-0.009123,-0.002259,-0.001014,-0.001019,0.0,-6.7e-05,-0.003454,-0.004413,-0.006108
2017-05-27 13:50:00+02:00,0.0,0.0,-0.0,-0.005768,-0.0,0.0,-0.001209,-0.002267,-0.005242,-0.0,0.0,0.0,-0.006159,-0.006135,-0.002369,-0.007738,-0.0,0.0,0.0,-0.008715,0.0,-0.008713,-0.003857,0.0,-0.008714,-0.009007,-0.00195,0.0,-0.00132,-0.0,0.0,-0.005085,0.0,-0.004695,-0.005855,0.0,-0.000165,-0.003367,0.0,-0.009609,-0.00218,0.0,-0.003034,0.0,-0.0,-0.002066,-0.002103,-0.004365,-0.002523,0.0,0.0,-0.004948,-0.004775,-0.006135,0.0,0.0,-0.0,0.0,0.0,-0.001052,-0.004882,-0.008924,-0.00512,0.0,-0.0,-0.008224,-0.000598,-0.00464,0.0,-0.00057,-0.002024,-0.0,0.0,-0.005198,-0.006106,0.0,-0.0,0.0,-0.002448,0.0,-0.004765,0.0,-0.00251,-0.008968,-0.0,-0.0,-0.005686,0.0,0.0,0.0,-0.0,-0.005298,-0.006159,0.0,-0.003741,-0.002903,-0.00888,-0.008989,0.0,-0.008014,0.0,-0.006677,-0.002151,0.0,-0.002113,-0.010015,-0.006133,-0.005679,-0.006147,-0.009154,-0.002247,-0.001029,-0.001024,0.0,-5.4e-05,-0.003456,-0.004437,-0.006103
2017-05-27 13:51:00+02:00,0.0,0.0,-0.0,-0.00577,-0.0,0.0,-0.001186,-0.00224,-0.005198,-0.0,0.0,0.0,-0.006157,-0.006135,-0.002344,-0.007746,-0.0,0.0,0.0,-0.008677,0.0,-0.008676,-0.003814,0.0,-0.008645,-0.009025,-0.001924,0.0,-0.001318,-0.0,0.0,-0.005046,0.0,-0.004661,-0.005817,0.0,-0.000137,-0.003324,0.0,-0.009542,-0.002154,0.0,-0.003011,0.0,-0.0,-0.002065,-0.002101,-0.004342,-0.002496,0.0,0.0,-0.004929,-0.004784,-0.006135,0.0,0.0,-0.0,0.0,0.0,-0.001016,-0.004862,-0.008855,-0.005121,0.0,-0.0,-0.008237,-0.000577,-0.004618,0.0,-0.000548,-0.00201,-0.0,0.0,-0.00518,-0.006106,0.0,-0.0,0.0,-0.002408,0.0,-0.004773,0.0,-0.002509,-0.008901,-0.0,-0.0,-0.005677,0.0,0.0,0.0,-0.0,-0.005311,-0.006157,0.0,-0.003746,-0.002863,-0.008893,-0.009003,0.0,-0.007948,0.0,-0.006681,-0.002136,0.0,-0.002087,-0.010008,-0.006131,-0.005624,-0.006147,-0.00917,-0.002221,-0.001028,-0.001013,0.0,-4.3e-05,-0.003432,-0.004436,-0.006101
2017-05-27 13:52:00+02:00,0.0,0.0,-0.0,-0.005762,-0.0,0.0,-0.001172,-0.002224,-0.005166,-0.0,0.0,0.0,-0.006159,-0.006137,-0.002332,-0.007736,-0.0,0.0,0.0,-0.008656,0.0,-0.008658,-0.003789,0.0,-0.008598,-0.009018,-0.001909,0.0,-0.001315,-0.0,0.0,-0.00502,0.0,-0.00464,-0.005795,0.0,-0.000126,-0.003299,0.0,-0.009499,-0.00214,0.0,-0.003005,0.0,-0.0,-0.002059,-0.002095,-0.004331,-0.002481,0.0,0.0,-0.00492,-0.004781,-0.006137,0.0,0.0,-0.0,0.0,0.0,-0.000996,-0.004854,-0.008811,-0.005113,0.0,-0.0,-0.008228,-0.000566,-0.004606,0.0,-0.000537,-0.002007,-0.0,0.0,-0.005173,-0.006108,0.0,-0.0,0.0,-0.002385,0.0,-0.00477,0.0,-0.002502,-0.008858,-0.0,-0.0,-0.005674,0.0,0.0,0.0,-0.0,-0.005311,-0.006159,0.0,-0.003743,-0.002843,-0.008882,-0.008992,0.0,-0.007904,0.0,-0.006671,-0.00213,0.0,-0.002073,-0.010008,-0.006132,-0.005591,-0.006136,-0.009162,-0.002207,-0.001025,-0.001012,0.0,-3.4e-05,-0.003424,-0.004427,-0.006102
2017-05-27 13:53:00+02:00,0.0,0.0,-0.0,-0.005751,-0.0,0.0,-0.001163,-0.002213,-0.005138,-0.0,0.0,0.0,-0.006145,-0.006127,-0.002323,-0.00772,-0.0,0.0,0.0,-0.008638,0.0,-0.008641,-0.003772,0.0,-0.008557,-0.009002,-0.001897,0.0,-0.001311,-0.0,0.0,-0.004999,0.0,-0.004623,-0.005778,0.0,-0.000122,-0.00328,0.0,-0.009462,-0.002129,0.0,-0.003001,0.0,-0.0,-0.002053,-0.002088,-0.00432,-0.002469,0.0,0.0,-0.004913,-0.004775,-0.006127,0.0,0.0,-0.0,0.0,0.0,-0.000985,-0.004847,-0.008774,-0.005102,0.0,-0.0,-0.008212,-0.000559,-0.004595,0.0,-0.000531,-0.002004,-0.0,0.0,-0.005167,-0.006098,0.0,-0.0,0.0,-0.002369,0.0,-0.004762,0.0,-0.002495,-0.008823,-0.0,-0.0,-0.005648,0.0,0.0,0.0,-0.0,-0.005305,-0.006145,0.0,-0.003739,-0.002829,-0.008862,-0.008973,0.0,-0.007866,0.0,-0.006658,-0.002125,0.0,-0.002062,-0.009973,-0.006118,-0.005565,-0.006121,-0.009144,-0.002197,-0.001022,-0.001011,0.0,-2.7e-05,-0.003418,-0.004416,-0.006087
2017-05-27 13:54:00+02:00,0.0,0.0,-0.0,-0.005774,-0.0,0.0,-0.001162,-0.002208,-0.005113,-0.0,0.0,0.0,-0.006139,-0.006123,-0.002316,-0.007743,-0.0,0.0,0.0,-0.008622,0.0,-0.008628,-0.003767,0.0,-0.008518,-0.009028,-0.001893,0.0,-0.001324,-0.0,0.0,-0.004979,0.0,-0.004607,-0.005759,0.0,-0.000122,-0.003274,0.0,-0.009422,-0.002127,0.0,-0.003003,0.0,-0.0,-0.002075,-0.002098,-0.004312,-0.002459,0.0,0.0,-0.004909,-0.004793,-0.006123,0.0,0.0,-0.0,0.0,0.0,-0.000987,-0.004842,-0.008737,-0.005124,0.0,-0.0,-0.008237,-0.00056,-0.004586,0.0,-0.000532,-0.002005,-0.0,0.0,-0.005164,-0.006095,0.0,-0.0,0.0,-0.002366,0.0,-0.004779,0.0,-0.002518,-0.008787,-0.0,-0.0,-0.005634,0.0,0.0,0.0,-0.0,-0.005325,-0.006139,0.0,-0.003755,-0.002818,-0.008884,-0.008995,0.0,-0.007829,0.0,-0.00668,-0.002124,0.0,-0.00206,-0.009954,-0.006112,-0.005539,-0.00614,-0.009168,-0.002195,-0.001036,-0.001014,0.0,-2.2e-05,-0.003417,-0.004437,-0.006081
2017-05-27 13:55:00+02:00,0.0,0.0,-0.0,-0.0058,-0.0,0.0,-0.001157,-0.002201,-0.005102,-0.0,0.0,0.0,-0.006139,-0.006124,-0.002317,-0.007769,-0.0,0.0,0.0,-0.008608,0.0,-0.008615,-0.003756,0.0,-0.008505,-0.009056,-0.001885,0.0,-0.001338,-0.0,0.0,-0.004971,0.0,-0.004602,-0.005751,0.0,-0.00013,-0.003262,0.0,-0.009401,-0.002121,0.0,-0.003003,0.0,-0.0,-0.0021,-0.00211,-0.004303,-0.002457,0.0,0.0,-0.004904,-0.004811,-0.006124,0.0,0.0,-0.0,0.0,0.0,-0.000983,-0.004837,-0.008718,-0.005149,0.0,-0.0,-0.008265,-0.000557,-0.004577,0.0,-0.00053,-0.002005,-0.0,0.0,-0.00516,-0.006096,0.0,-0.0,0.0,-0.002358,0.0,-0.004797,0.0,-0.002543,-0.00877,-0.0,-0.0,-0.005631,0.0,0.0,0.0,-0.0,-0.005345,-0.006139,0.0,-0.003773,-0.002818,-0.008908,-0.009019,0.0,-0.007813,0.0,-0.006705,-0.002122,0.0,-0.002054,-0.009956,-0.006112,-0.005528,-0.006162,-0.009195,-0.002189,-0.001051,-0.001016,0.0,-1.8e-05,-0.003416,-0.004461,-0.006081
2017-05-27 13:56:00+02:00,0.0,0.0,-0.0,-0.005825,-0.0,0.0,-0.00115,-0.002192,-0.005115,-0.0,0.0,0.0,-0.006134,-0.006123,-0.00233,-0.007794,-0.0,0.0,0.0,-0.008598,0.0,-0.008608,-0.003745,0.0,-0.008533,-0.009083,-0.001877,0.0,-0.001353,-0.0,0.0,-0.004985,0.0,-0.004617,-0.00576,0.0,-0.000151,-0.00325,0.0,-0.009409,-0.002114,0.0,-0.003007,0.0,-0.0,-0.002125,-0.002121,-0.004297,-0.002467,0.0,0.0,-0.004901,-0.004828,-0.006123,0.0,0.0,-0.0,0.0,0.0,-0.000975,-0.004834,-0.008729,-0.005174,0.0,-0.0,-0.008291,-0.000552,-0.00457,0.0,-0.000526,-0.002007,-0.0,0.0,-0.005159,-0.006095,0.0,-0.0,0.0,-0.002348,0.0,-0.004814,0.0,-0.002569,-0.008783,-0.0,-0.0,-0.005617,0.0,0.0,0.0,-0.0,-0.005363,-0.006134,0.0,-0.00379,-0.002838,-0.008931,-0.009042,0.0,-0.007831,0.0,-0.00673,-0.002121,0.0,-0.002047,-0.00995,-0.006107,-0.005543,-0.006184,-0.00922,-0.002182,-0.001065,-0.00102,0.0,-1.4e-05,-0.003418,-0.004485,-0.006075
2017-05-27 13:57:00+02:00,0.0,0.0,-0.0,-0.005818,-0.0,0.0,-0.001148,-0.002188,-0.005132,-0.0,0.0,0.0,-0.006136,-0.006125,-0.002346,-0.007778,-0.0,0.0,0.0,-0.00859,0.0,-0.008601,-0.003742,0.0,-0.008565,-0.009061,-0.001873,0.0,-0.001353,-0.0,0.0,-0.005003,0.0,-0.004634,-0.005775,0.0,-0.000174,-0.003245,0.0,-0.009426,-0.002112,0.0,-0.003011,0.0,-0.0,-0.002126,-0.002118,-0.004291,-0.00248,0.0,0.0,-0.004898,-0.004821,-0.006125,0.0,0.0,-0.0,0.0,0.0,-0.000976,-0.004831,-0.008748,-0.005168,0.0,-0.0,-0.008274,-0.000552,-0.004564,0.0,-0.000526,-0.00201,-0.0,0.0,-0.005158,-0.006097,0.0,-0.0,0.0,-0.002345,0.0,-0.004805,0.0,-0.00257,-0.008804,-0.0,-0.0,-0.005617,0.0,0.0,0.0,-0.0,-0.005353,-0.006136,0.0,-0.003787,-0.002861,-0.008907,-0.009018,0.0,-0.007855,0.0,-0.006718,-0.002121,0.0,-0.002044,-0.009953,-0.006109,-0.005563,-0.006173,-0.009197,-0.002181,-0.001066,-0.001023,0.0,-1.1e-05,-0.00342,-0.00448,-0.006076
2017-05-27 13:58:00+02:00,0.0,0.0,-0.0,-0.005789,-0.0,0.0,-0.001134,-0.002172,-0.005139,-0.0,0.0,0.0,-0.006138,-0.006128,-0.002352,-0.007741,-0.0,0.0,0.0,-0.008565,0.0,-0.008578,-0.003717,0.0,-0.008581,-0.00902,-0.001856,0.0,-0.00134,-0.0,0.0,-0.005011,0.0,-0.004643,-0.005784,0.0,-0.000179,-0.003219,0.0,-0.009432,-0.002097,0.0,-0.002995,0.0,-0.0,-0.002105,-0.002102,-0.004275,-0.002483,0.0,0.0,-0.004886,-0.0048,-0.006128,0.0,0.0,-0.0,0.0,0.0,-0.000955,-0.004819,-0.008754,-0.00514,0.0,-0.0,-0.008235,-0.00054,-0.004548,0.0,-0.000514,-0.002,-0.0,0.0,-0.005148,-0.0061,0.0,-0.0,0.0,-0.002321,0.0,-0.004784,0.0,-0.002548,-0.008812,-0.0,-0.0,-0.005611,0.0,0.0,0.0,-0.0,-0.00533,-0.006138,0.0,-0.00377,-0.002867,-0.008865,-0.008976,0.0,-0.007863,0.0,-0.006684,-0.00211,0.0,-0.002029,-0.009953,-0.006111,-0.005568,-0.006139,-0.009156,-0.002166,-0.001054,-0.001014,0.0,-9e-06,-0.003403,-0.004452,-0.006078
2017-05-27 13:59:00+02:00,0.0,0.0,-0.0,-0.005756,-0.0,0.0,-0.00112,-0.002156,-0.005141,-0.0,0.0,0.0,-0.006139,-0.00613,-0.002355,-0.0077,-0.0,0.0,0.0,-0.00853,0.0,-0.008545,-0.003691,0.0,-0.008589,-0.008976,-0.00184,0.0,-0.001325,-0.0,0.0,-0.005016,0.0,-0.004649,-0.005789,0.0,-0.00018,-0.003192,0.0,-0.009431,-0.002082,0.0,-0.00297,0.0,-0.0,-0.00208,-0.002084,-0.004254,-0.002484,0.0,0.0,-0.004868,-0.004778,-0.00613,0.0,0.0,-0.0,0.0,0.0,-0.000933,-0.004801,-0.008754,-0.005108,0.0,-0.0,-0.008193,-0.000527,-0.004526,0.0,-0.000501,-0.001985,-0.0,0.0,-0.005132,-0.006102,0.0,-0.0,0.0,-0.002296,0.0,-0.004761,0.0,-0.002523,-0.008814,-0.0,-0.0,-0.005602,0.0,0.0,0.0,-0.0,-0.005306,-0.006139,0.0,-0.003752,-0.002868,-0.008819,-0.008929,0.0,-0.007864,0.0,-0.006648,-0.002094,0.0,-0.002013,-0.009945,-0.006112,-0.005567,-0.006102,-0.00911,-0.002151,-0.00104,-0.001,0.0,-7e-06,-0.003377,-0.004421,-0.006079
2017-05-27 14:00:00+02:00,0.0,0.0,-0.0,-0.005756,-0.0,0.0,-0.001117,-0.002151,-0.005147,-0.0,0.0,0.0,-0.00614,-0.006132,-0.002363,-0.007695,-0.0,0.0,0.0,-0.008519,0.0,-0.008536,-0.003686,0.0,-0.008603,-0.008966,-0.001834,0.0,-0.001327,-0.0,0.0,-0.005024,0.0,-0.004658,-0.005798,0.0,-0.000192,-0.003185,0.0,-0.009435,-0.002079,0.0,-0.002969,0.0,-0.0,-0.002084,-0.002083,-0.004247,-0.00249,0.0,0.0,-0.004865,-0.004777,-0.006132,0.0,0.0,-0.0,0.0,0.0,-0.00093,-0.004797,-0.008761,-0.005109,0.0,-0.0,-0.008185,-0.000525,-0.004519,0.0,-0.0005,-0.001985,-0.0,0.0,-0.005131,-0.006104,0.0,-0.0,0.0,-0.002291,0.0,-0.00476,0.0,-0.002527,-0.008822,-0.0,-0.0,-0.00559,0.0,0.0,0.0,-0.0,-0.005303,-0.00614,0.0,-0.003754,-0.002879,-0.008807,-0.008917,0.0,-0.007872,0.0,-0.006645,-0.002091,0.0,-0.00201,-0.009931,-0.006113,-0.005573,-0.006098,-0.0091,-0.002148,-0.001042,-0.001001,0.0,-6e-06,-0.003375,-0.004422,-0.006079
2017-05-27 14:01:00+02:00,0.0,0.0,-0.0,-0.00578,-0.0,0.0,-0.001157,-0.002191,-0.005131,-0.0,0.0,0.0,-0.006129,-0.006129,-0.002356,-0.007714,-0.0,0.0,0.0,-0.008575,0.0,-0.008595,-0.003757,0.0,-0.00858,-0.008983,-0.001873,0.0,-0.001341,-0.0,0.0,-0.00501,0.0,-0.004646,-0.005776,0.0,-0.00019,-0.003252,0.0,-0.00939,-0.002123,0.0,-0.003043,0.0,-0.0,-0.002108,-0.002094,-0.004281,-0.00248,0.0,0.0,-0.004905,-0.004792,-0.006129,0.0,0.0,-0.0,0.0,0.0,-0.001012,-0.004836,-0.008723,-0.005132,0.0,-0.0,-0.008204,-0.000571,-0.004551,0.0,-0.00055,-0.002029,-0.0,0.0,-0.005172,-0.006102,0.0,-0.0,0.0,-0.002362,0.0,-0.004774,0.0,-0.002552,-0.008786,-0.0,-0.0,-0.005572,0.0,0.0,0.0,-0.0,-0.005317,-0.006129,0.0,-0.003771,-0.002868,-0.008819,-0.00893,0.0,-0.007843,0.0,-0.006667,-0.002131,0.0,-0.002053,-0.009909,-0.006102,-0.00555,-0.006117,-0.009115,-0.002192,-0.001057,-0.001047,0.0,-5.3e-05,-0.003446,-0.004444,-0.006067
2017-05-27 14:02:00+02:00,0.0,0.0,-0.0,-0.005766,-0.0,0.0,-0.001174,-0.002205,-0.005104,-0.0,0.0,0.0,-0.006121,-0.006123,-0.002338,-0.007695,-0.0,0.0,0.0,-0.008586,0.0,-0.008608,-0.003785,0.0,-0.008539,-0.008958,-0.001886,0.0,-0.001336,-0.0,0.0,-0.004985,0.0,-0.004622,-0.005746,0.0,-0.00017,-0.003278,0.0,-0.009332,-0.00214,0.0,-0.003071,0.0,-0.0,-0.002099,-0.002085,-0.004287,-0.002459,0.0,0.0,-0.004915,-0.004782,-0.006123,0.0,0.0,-0.0,0.0,0.0,-0.001052,-0.004846,-0.00867,-0.005118,0.0,-0.0,-0.008183,-0.000593,-0.004557,0.0,-0.000575,-0.002047,-0.0,0.0,-0.005183,-0.006096,0.0,-0.0,0.0,-0.002391,0.0,-0.004764,0.0,-0.002542,-0.008735,-0.0,-0.0,-0.005557,0.0,0.0,0.0,-0.0,-0.005305,-0.006121,0.0,-0.003764,-0.002838,-0.008792,-0.008902,0.0,-0.007799,0.0,-0.00665,-0.002145,0.0,-0.00207,-0.009896,-0.006095,-0.00551,-0.006099,-0.009088,-0.00221,-0.001051,-0.001066,0.0,-6.7e-05,-0.003473,-0.004431,-0.006058
2017-05-27 14:03:00+02:00,0.0,0.0,-0.0,-0.005741,-0.0,0.0,-0.00118,-0.002208,-0.005074,-0.0,0.0,0.0,-0.006111,-0.006115,-0.002317,-0.007664,-0.0,0.0,0.0,-0.008566,0.0,-0.008591,-0.003794,0.0,-0.008495,-0.008924,-0.001889,0.0,-0.001323,-0.0,0.0,-0.004958,0.0,-0.004596,-0.005713,0.0,-0.000146,-0.003286,0.0,-0.009272,-0.002146,0.0,-0.003071,0.0,-0.0,-0.00208,-0.00207,-0.004276,-0.002436,0.0,0.0,-0.004907,-0.004765,-0.006115,0.0,0.0,-0.0,0.0,0.0,-0.001073,-0.004837,-0.008615,-0.005094,0.0,-0.0,-0.00815,-0.000604,-0.004544,0.0,-0.000587,-0.002046,-0.0,0.0,-0.005176,-0.006089,0.0,-0.0,0.0,-0.002403,0.0,-0.004746,0.0,-0.002523,-0.008681,-0.0,-0.0,-0.005539,0.0,0.0,0.0,-0.0,-0.005286,-0.006111,0.0,-0.00375,-0.002804,-0.008756,-0.008866,0.0,-0.00775,0.0,-0.006622,-0.002141,0.0,-0.002075,-0.009879,-0.006084,-0.005467,-0.006071,-0.009052,-0.002215,-0.00104,-0.001069,0.0,-6.7e-05,-0.003469,-0.004407,-0.006047
2017-05-27 14:04:00+02:00,0.0,0.0,-0.0,-0.005722,-0.0,0.0,-0.001184,-0.002209,-0.00504,-0.0,0.0,0.0,-0.006105,-0.00611,-0.002297,-0.00764,-0.0,0.0,0.0,-0.008554,0.0,-0.00858,-0.003798,0.0,-0.008443,-0.008896,-0.00189,0.0,-0.001315,-0.0,0.0,-0.004927,0.0,-0.004568,-0.005679,0.0,-0.000125,-0.00329,0.0,-0.009206,-0.002149,0.0,-0.003078,0.0,-0.0,-0.002067,-0.002059,-0.004268,-0.002413,0.0,0.0,-0.004903,-0.004752,-0.00611,0.0,0.0,-0.0,0.0,0.0,-0.001089,-0.004833,-0.008555,-0.005076,0.0,-0.0,-0.008125,-0.000613,-0.004536,0.0,-0.000598,-0.00205,-0.0,0.0,-0.005174,-0.006085,0.0,-0.0,0.0,-0.00241,0.0,-0.004733,0.0,-0.002509,-0.008622,-0.0,-0.0,-0.005524,0.0,0.0,0.0,-0.0,-0.005272,-0.006105,0.0,-0.00374,-0.002772,-0.008727,-0.008836,0.0,-0.007697,0.0,-0.006601,-0.002142,0.0,-0.002078,-0.009858,-0.006078,-0.005422,-0.00605,-0.009023,-0.002219,-0.001032,-0.001076,0.0,-6.9e-05,-0.003474,-0.004389,-0.00604
2017-05-27 14:05:00+02:00,0.0,0.0,-0.0,-0.0057,-0.0,0.0,-0.001182,-0.002204,-0.005009,-0.0,0.0,0.0,-0.006109,-0.006114,-0.002278,-0.007612,-0.0,0.0,0.0,-0.008537,0.0,-0.008564,-0.003793,0.0,-0.008397,-0.008865,-0.001885,0.0,-0.001305,-0.0,0.0,-0.004901,0.0,-0.004543,-0.005649,0.0,-0.000102,-0.003284,0.0,-0.00915,-0.002147,0.0,-0.003077,0.0,-0.0,-0.00205,-0.002046,-0.004258,-0.002391,0.0,0.0,-0.004897,-0.004738,-0.006114,0.0,0.0,-0.0,0.0,0.0,-0.001095,-0.004827,-0.008503,-0.005054,0.0,-0.0,-0.008095,-0.000616,-0.004525,0.0,-0.000602,-0.002049,-0.0,0.0,-0.005168,-0.006083,0.0,-0.0,0.0,-0.002408,0.0,-0.004717,0.0,-0.002491,-0.008572,-0.0,-0.0,-0.005525,0.0,0.0,0.0,-0.0,-0.005257,-0.006109,0.0,-0.003729,-0.00274,-0.008696,-0.008804,0.0,-0.00765,0.0,-0.006576,-0.002139,0.0,-0.002075,-0.009863,-0.006082,-0.005381,-0.006024,-0.008991,-0.002216,-0.001022,-0.001077,0.0,-6.3e-05,-0.003471,-0.004367,-0.006043
2017-05-27 14:06:00+02:00,0.0,0.0,-0.0,-0.005718,-0.0,0.0,-0.001185,-0.002204,-0.004993,-0.0,0.0,0.0,-0.006112,-0.006119,-0.00227,-0.007632,-0.0,0.0,0.0,-0.008544,0.0,-0.008574,-0.003797,0.0,-0.008377,-0.008888,-0.001885,0.0,-0.001311,-0.0,0.0,-0.004889,0.0,-0.004534,-0.005637,0.0,-9.3e-05,-0.003286,0.0,-0.00912,-0.002149,0.0,-0.003093,0.0,-0.0,-0.002062,-0.002051,-0.004261,-0.00238,0.0,0.0,-0.004906,-0.004752,-0.006119,0.0,0.0,-0.0,0.0,0.0,-0.001107,-0.004835,-0.008478,-0.00507,0.0,-0.0,-0.008116,-0.000622,-0.004528,0.0,-0.000609,-0.002059,-0.0,0.0,-0.005178,-0.006089,0.0,-0.0,0.0,-0.002413,0.0,-0.004732,0.0,-0.002504,-0.008548,-0.0,-0.0,-0.005526,0.0,0.0,0.0,-0.0,-0.005274,-0.006112,0.0,-0.003742,-0.002726,-0.008715,-0.008823,0.0,-0.007627,0.0,-0.006595,-0.002146,0.0,-0.002077,-0.009867,-0.006086,-0.005361,-0.006039,-0.009012,-0.002219,-0.001029,-0.001087,0.0,-6.5e-05,-0.003486,-0.004382,-0.006046
2017-05-27 14:07:00+02:00,0.0,0.0,-0.0,-0.005718,-0.0,0.0,-0.00119,-0.002207,-0.004986,-0.0,0.0,0.0,-0.006115,-0.006122,-0.002269,-0.007629,-0.0,0.0,0.0,-0.008551,0.0,-0.008584,-0.003805,0.0,-0.00837,-0.008882,-0.001888,0.0,-0.001311,-0.0,0.0,-0.004886,0.0,-0.004532,-0.005633,0.0,-9.2e-05,-0.003293,0.0,-0.009103,-0.002155,0.0,-0.003111,0.0,-0.0,-0.002062,-0.002049,-0.004265,-0.002376,0.0,0.0,-0.004915,-0.004754,-0.006122,0.0,0.0,-0.0,0.0,0.0,-0.001121,-0.004843,-0.008465,-0.00507,0.0,-0.0,-0.008113,-0.000629,-0.004531,0.0,-0.000618,-0.00207,-0.0,0.0,-0.005189,-0.006094,0.0,-0.0,0.0,-0.002422,0.0,-0.004732,0.0,-0.002505,-0.008537,-0.0,-0.0,-0.005517,0.0,0.0,0.0,-0.0,-0.005275,-0.006115,0.0,-0.003745,-0.002722,-0.008706,-0.008814,0.0,-0.007616,0.0,-0.006594,-0.002154,0.0,-0.002082,-0.009868,-0.006088,-0.005351,-0.006037,-0.009003,-0.002224,-0.001029,-0.001099,0.0,-7.1e-05,-0.003503,-0.004381,-0.006049
2017-05-27 14:08:00+02:00,0.0,0.0,-0.0,-0.005701,-0.0,0.0,-0.001186,-0.002201,-0.00496,-0.0,0.0,0.0,-0.006116,-0.006124,-0.002251,-0.007606,-0.0,0.0,0.0,-0.008539,0.0,-0.008573,-0.003797,0.0,-0.008329,-0.008853,-0.001883,0.0,-0.001303,-0.0,0.0,-0.004863,0.0,-0.00451,-0.005605,0.0,-7.4e-05,-0.003285,0.0,-0.009046,-0.002152,0.0,-0.003113,0.0,-0.0,-0.002048,-0.002038,-0.004258,-0.002356,0.0,0.0,-0.004913,-0.004744,-0.006124,0.0,0.0,-0.0,0.0,0.0,-0.001121,-0.00484,-0.008414,-0.005053,0.0,-0.0,-0.008089,-0.000629,-0.004523,0.0,-0.000619,-0.002072,-0.0,0.0,-0.005188,-0.006081,0.0,-0.0,0.0,-0.002417,0.0,-0.004721,0.0,-0.00249,-0.008487,-0.0,-0.0,-0.005498,0.0,0.0,0.0,-0.0,-0.005263,-0.006116,0.0,-0.003737,-0.002692,-0.008674,-0.008781,0.0,-0.007572,0.0,-0.006574,-0.002153,0.0,-0.002079,-0.009842,-0.006089,-0.005312,-0.006015,-0.008972,-0.002221,-0.001021,-0.001101,0.0,-6.7e-05,-0.003503,-0.004363,-0.006048
2017-05-27 14:09:00+02:00,0.0,0.0,-0.0,-0.005679,-0.0,0.0,-0.001188,-0.0022,-0.00495,-0.0,0.0,0.0,-0.006106,-0.006119,-0.00225,-0.007574,-0.0,0.0,0.0,-0.008513,0.0,-0.00855,-0.003798,0.0,-0.008316,-0.008814,-0.001882,0.0,-0.001296,-0.0,0.0,-0.004858,0.0,-0.004507,-0.005599,0.0,-7.6e-05,-0.003285,0.0,-0.009022,-0.002155,0.0,-0.003107,0.0,-0.0,-0.002038,-0.002028,-0.004245,-0.002352,0.0,0.0,-0.004904,-0.004728,-0.006119,0.0,0.0,-0.0,0.0,0.0,-0.001129,-0.00483,-0.008395,-0.005033,0.0,-0.0,-0.008053,-0.000633,-0.004509,0.0,-0.000624,-0.002069,-0.0,0.0,-0.005179,-0.006084,0.0,-0.0,0.0,-0.002419,0.0,-0.004705,0.0,-0.002479,-0.00847,-0.0,-0.0,-0.005475,0.0,0.0,0.0,-0.0,-0.005245,-0.006106,0.0,-0.003727,-0.002688,-0.008632,-0.008739,0.0,-0.007556,0.0,-0.006547,-0.002147,0.0,-0.00208,-0.009804,-0.006078,-0.005299,-0.005989,-0.00893,-0.002223,-0.001016,-0.0011,0.0,-7.1e-05,-0.003495,-0.004345,-0.006034
2017-05-27 14:10:00+02:00,0.0,0.0,-0.0,-0.005677,-0.0,0.0,-0.001189,-0.002199,-0.004941,-0.0,0.0,0.0,-0.006106,-0.00612,-0.002252,-0.007564,-0.0,0.0,0.0,-0.008486,0.0,-0.008525,-0.003798,0.0,-0.008305,-0.008799,-0.001881,0.0,-0.001299,-0.0,0.0,-0.004855,0.0,-0.004505,-0.005594,0.0,-8.2e-05,-0.003284,0.0,-0.009001,-0.002157,0.0,-0.003103,0.0,-0.0,-0.002042,-0.002027,-0.004232,-0.00235,0.0,0.0,-0.004894,-0.004727,-0.00612,0.0,0.0,-0.0,0.0,0.0,-0.001137,-0.004819,-0.008379,-0.005031,0.0,-0.0,-0.008042,-0.000637,-0.004494,0.0,-0.00063,-0.002067,-0.0,0.0,-0.005171,-0.006087,0.0,-0.0,0.0,-0.002422,0.0,-0.004702,0.0,-0.002484,-0.008456,-0.0,-0.0,-0.005466,0.0,0.0,0.0,-0.0,-0.005243,-0.006106,0.0,-0.003729,-0.002687,-0.008613,-0.00872,0.0,-0.007541,0.0,-0.006541,-0.002143,0.0,-0.002082,-0.009795,-0.006078,-0.005289,-0.005981,-0.008912,-0.002224,-0.001019,-0.001101,0.0,-7.9e-05,-0.003489,-0.004343,-0.006034
2017-05-27 14:11:00+02:00,0.0,0.0,-0.0,-0.005692,-0.0,0.0,-0.001191,-0.002199,-0.004929,-0.0,0.0,0.0,-0.006101,-0.006116,-0.00225,-0.007578,-0.0,0.0,0.0,-0.008465,0.0,-0.008507,-0.0038,0.0,-0.008287,-0.008815,-0.001881,0.0,-0.001309,-0.0,0.0,-0.004847,0.0,-0.004499,-0.005587,0.0,-8.5e-05,-0.003285,0.0,-0.008975,-0.00216,0.0,-0.003104,0.0,-0.0,-0.002058,-0.002033,-0.004222,-0.002345,0.0,0.0,-0.004888,-0.004741,-0.006116,0.0,0.0,-0.0,0.0,0.0,-0.001146,-0.004813,-0.008357,-0.005046,0.0,-0.0,-0.008057,-0.000642,-0.004483,0.0,-0.000636,-0.002068,-0.0,0.0,-0.005166,-0.006089,0.0,-0.0,0.0,-0.002425,0.0,-0.004715,0.0,-0.0025,-0.008436,-0.0,-0.0,-0.005449,0.0,0.0,0.0,-0.0,-0.005259,-0.006101,0.0,-0.003742,-0.002682,-0.008625,-0.008732,0.0,-0.00752,0.0,-0.006555,-0.002141,0.0,-0.002084,-0.009771,-0.006073,-0.005274,-0.005992,-0.008927,-0.002227,-0.001029,-0.001104,0.0,-8.7e-05,-0.003488,-0.004357,-0.006026
2017-05-27 14:12:00+02:00,0.0,0.0,-0.0,-0.005685,-0.0,0.0,-0.001183,-0.002187,-0.004906,-0.0,0.0,0.0,-0.006101,-0.006116,-0.002238,-0.00757,-0.0,0.0,0.0,-0.008411,0.0,-0.008455,-0.003782,0.0,-0.008251,-0.008808,-0.001869,0.0,-0.001306,-0.0,0.0,-0.004828,0.0,-0.004482,-0.00557,0.0,-7.2e-05,-0.003266,0.0,-0.008934,-0.002151,0.0,-0.003069,0.0,-0.0,-0.002054,-0.002028,-0.004192,-0.00233,0.0,0.0,-0.004861,-0.004741,-0.006116,0.0,0.0,-0.0,0.0,0.0,-0.001136,-0.004785,-0.00832,-0.005039,0.0,-0.0,-0.00805,-0.000636,-0.004453,0.0,-0.00063,-0.002047,-0.0,0.0,-0.005139,-0.006079,0.0,-0.0,0.0,-0.00241,0.0,-0.004714,0.0,-0.002496,-0.008401,-0.0,-0.0,-0.005443,0.0,0.0,0.0,-0.0,-0.005259,-0.006101,0.0,-0.003742,-0.002662,-0.008616,-0.008722,0.0,-0.007482,0.0,-0.006547,-0.002118,0.0,-0.002074,-0.009769,-0.006072,-0.005243,-0.005982,-0.008919,-0.002217,-0.001027,-0.001086,0.0,-7.7e-05,-0.00345,-0.004349,-0.006024
2017-05-27 14:13:00+02:00,0.0,0.0,-0.0,-0.005693,-0.0,0.0,-0.001184,-0.002187,-0.004886,-0.0,0.0,0.0,-0.006099,-0.006116,-0.002229,-0.007576,-0.0,0.0,0.0,-0.008385,0.0,-0.008431,-0.003784,0.0,-0.008224,-0.008816,-0.001869,0.0,-0.00131,-0.0,0.0,-0.004812,0.0,-0.004468,-0.005554,0.0,-6.5e-05,-0.003268,0.0,-0.008898,-0.002153,0.0,-0.003054,0.0,-0.0,-0.002061,-0.002029,-0.004176,-0.002319,0.0,0.0,-0.004849,-0.004747,-0.006116,0.0,0.0,-0.0,0.0,0.0,-0.001141,-0.004772,-0.008289,-0.005045,0.0,-0.0,-0.008056,-0.000638,-0.004436,0.0,-0.000634,-0.002038,-0.0,0.0,-0.005128,-0.006067,0.0,-0.0,0.0,-0.002413,0.0,-0.004719,0.0,-0.002503,-0.008371,-0.0,-0.0,-0.005435,0.0,0.0,0.0,-0.0,-0.005267,-0.006099,0.0,-0.003748,-0.002647,-0.008621,-0.008728,0.0,-0.007452,0.0,-0.006554,-0.002107,0.0,-0.002076,-0.00977,-0.006071,-0.00522,-0.005985,-0.008926,-0.002219,-0.001031,-0.001079,0.0,-8.2e-05,-0.003433,-0.004355,-0.006021
2017-05-27 14:14:00+02:00,0.0,0.0,-0.0,-0.005707,-0.0,0.0,-0.001186,-0.002187,-0.004879,-0.0,0.0,0.0,-0.0061,-0.006117,-0.00223,-0.00759,-0.0,0.0,0.0,-0.008368,0.0,-0.008415,-0.003789,0.0,-0.008217,-0.008831,-0.00187,0.0,-0.001318,-0.0,0.0,-0.004809,0.0,-0.004466,-0.005549,0.0,-6.9e-05,-0.003273,0.0,-0.008883,-0.002157,0.0,-0.003042,0.0,-0.0,-0.002075,-0.002034,-0.004164,-0.002317,0.0,0.0,-0.004841,-0.004758,-0.006117,0.0,0.0,-0.0,0.0,0.0,-0.001149,-0.004764,-0.008277,-0.005059,0.0,-0.0,-0.008071,-0.000642,-0.004424,0.0,-0.000639,-0.00203,-0.0,0.0,-0.005122,-0.006067,0.0,-0.0,0.0,-0.002419,0.0,-0.004729,0.0,-0.002517,-0.008361,-0.0,-0.0,-0.005431,0.0,0.0,0.0,-0.0,-0.005279,-0.0061,0.0,-0.00376,-0.002647,-0.008635,-0.008742,0.0,-0.007442,0.0,-0.006567,-0.002098,0.0,-0.002079,-0.009772,-0.006072,-0.005213,-0.005997,-0.008941,-0.002223,-0.001039,-0.001073,0.0,-9e-05,-0.003419,-0.004367,-0.006022
2017-05-27 14:15:00+02:00,0.0,0.0,-0.0,-0.005709,-0.0,0.0,-0.001182,-0.002181,-0.004867,-0.0,0.0,0.0,-0.006101,-0.006119,-0.002226,-0.00759,-0.0,0.0,0.0,-0.00834,0.0,-0.008389,-0.003782,0.0,-0.008205,-0.008833,-0.001864,0.0,-0.001317,-0.0,0.0,-0.004801,0.0,-0.004459,-0.005542,0.0,-6.3e-05,-0.003265,0.0,-0.008863,-0.002153,0.0,-0.003023,0.0,-0.0,-0.002075,-0.002032,-0.004146,-0.002309,0.0,0.0,-0.004827,-0.004761,-0.006119,0.0,0.0,-0.0,0.0,0.0,-0.001144,-0.004749,-0.00826,-0.00506,0.0,-0.0,-0.008072,-0.000639,-0.004406,0.0,-0.000636,-0.002018,-0.0,0.0,-0.005108,-0.006063,0.0,-0.0,0.0,-0.002412,0.0,-0.004731,0.0,-0.002518,-0.008346,-0.0,-0.0,-0.005426,0.0,0.0,0.0,-0.0,-0.005282,-0.006101,0.0,-0.003762,-0.002638,-0.008636,-0.008742,0.0,-0.007426,0.0,-0.006568,-0.002084,0.0,-0.002074,-0.009775,-0.006073,-0.0052,-0.005996,-0.008942,-0.002218,-0.001039,-0.001062,0.0,-8.6e-05,-0.003399,-0.004367,-0.006023
2017-05-27 14:16:00+02:00,0.0,0.0,-0.0,-0.005632,-0.0,0.0,-0.001212,-0.00221,-0.004894,-0.0,0.0,0.0,-0.006103,-0.006121,-0.002254,-0.007509,-0.0,0.0,0.0,-0.008337,0.0,-0.008387,-0.003838,0.0,-0.008259,-0.00875,-0.001892,0.0,-0.001272,-0.0,0.0,-0.004834,0.0,-0.004494,-0.005589,0.0,-9.5e-05,-0.003318,0.0,-0.00893,-0.002187,0.0,-0.003032,0.0,-0.0,-0.002,-0.001988,-0.004144,-0.002334,0.0,0.0,-0.004829,-0.004712,-0.006121,0.0,0.0,-0.0,0.0,0.0,-0.001205,-0.00475,-0.008324,-0.004983,0.0,-0.0,-0.007991,-0.000672,-0.004402,0.0,-0.000673,-0.002024,-0.0,0.0,-0.00511,-0.006073,0.0,-0.0,0.0,-0.002467,0.0,-0.004682,0.0,-0.002442,-0.008412,-0.0,-0.0,-0.005417,0.0,0.0,0.0,-0.0,-0.005233,-0.006103,0.0,-0.003716,-0.002677,-0.008555,-0.008659,0.0,-0.007476,0.0,-0.006489,-0.002087,0.0,-0.002107,-0.009776,-0.006074,-0.005245,-0.005918,-0.008859,-0.002252,-0.000994,-0.001068,0.0,-0.000141,-0.003408,-0.00429,-0.006023
2017-05-27 14:17:00+02:00,0.0,0.0,-0.0,-0.005573,-0.0,0.0,-0.00123,-0.002227,-0.004909,-0.0,0.0,0.0,-0.006104,-0.006122,-0.002271,-0.007449,-0.0,0.0,0.0,-0.008323,0.0,-0.008376,-0.003871,0.0,-0.008291,-0.008691,-0.001909,0.0,-0.001237,-0.0,0.0,-0.004855,0.0,-0.004516,-0.005621,0.0,-0.000113,-0.003349,0.0,-0.008974,-0.002208,0.0,-0.003032,0.0,-0.0,-0.001942,-0.001953,-0.004136,-0.002348,0.0,0.0,-0.004825,-0.004678,-0.006122,0.0,0.0,-0.0,0.0,0.0,-0.001244,-0.004745,-0.008364,-0.004924,0.0,-0.0,-0.007931,-0.000693,-0.004393,0.0,-0.000697,-0.002023,-0.0,0.0,-0.005107,-0.006082,0.0,-0.0,0.0,-0.002501,0.0,-0.004646,0.0,-0.002384,-0.008455,-0.0,-0.0,-0.005408,0.0,0.0,0.0,-0.0,-0.005199,-0.006104,0.0,-0.003682,-0.0027,-0.008497,-0.008601,0.0,-0.007504,0.0,-0.006429,-0.002084,0.0,-0.002127,-0.009773,-0.006076,-0.005272,-0.005858,-0.0088,-0.002273,-0.000959,-0.001069,0.0,-0.000177,-0.003405,-0.004231,-0.006024
2017-05-27 14:18:00+02:00,0.0,0.0,-0.0,-0.00553,-0.0,0.0,-0.001245,-0.002241,-0.00492,-0.0,0.0,0.0,-0.006105,-0.006123,-0.002286,-0.007403,-0.0,0.0,0.0,-0.00829,0.0,-0.008344,-0.003898,0.0,-0.008315,-0.008645,-0.001921,0.0,-0.001212,-0.0,0.0,-0.004871,0.0,-0.004534,-0.005649,0.0,-0.00013,-0.003374,0.0,-0.009006,-0.002225,0.0,-0.003012,0.0,-0.0,-0.0019,-0.001927,-0.004116,-0.002359,0.0,0.0,-0.00481,-0.004653,-0.006123,0.0,0.0,-0.0,0.0,0.0,-0.001277,-0.004729,-0.008396,-0.004881,0.0,-0.0,-0.007885,-0.000711,-0.004373,0.0,-0.000718,-0.002011,-0.0,0.0,-0.005091,-0.006089,0.0,-0.0,0.0,-0.002528,0.0,-0.00462,0.0,-0.002342,-0.008489,-0.0,-0.0,-0.005395,0.0,0.0,0.0,-0.0,-0.005174,-0.006105,0.0,-0.003658,-0.002719,-0.008452,-0.008554,0.0,-0.007524,0.0,-0.006384,-0.00207,0.0,-0.002144,-0.009752,-0.006076,-0.005293,-0.005813,-0.008753,-0.00229,-0.000934,-0.001061,0.0,-0.000207,-0.003383,-0.004188,-0.00602
2017-05-27 14:19:00+02:00,0.0,0.0,-0.0,-0.005503,-0.0,0.0,-0.001259,-0.002253,-0.00494,-0.0,0.0,0.0,-0.006096,-0.006116,-0.002311,-0.00737,-0.0,0.0,0.0,-0.008276,0.0,-0.008333,-0.003923,0.0,-0.008354,-0.00861,-0.001933,0.0,-0.001198,-0.0,0.0,-0.004897,0.0,-0.004561,-0.005684,0.0,-0.000161,-0.003396,0.0,-0.009048,-0.002241,0.0,-0.003012,0.0,-0.0,-0.001877,-0.001911,-0.004109,-0.00238,0.0,0.0,-0.004808,-0.004637,-0.006116,0.0,0.0,-0.0,0.0,0.0,-0.001308,-0.004726,-0.008438,-0.004854,0.0,-0.0,-0.007851,-0.000728,-0.004365,0.0,-0.000738,-0.002011,-0.0,0.0,-0.00509,-0.006092,0.0,-0.0,0.0,-0.002553,0.0,-0.004603,0.0,-0.002319,-0.008534,-0.0,-0.0,-0.005373,0.0,0.0,0.0,-0.0,-0.005158,-0.006096,0.0,-0.003645,-0.002752,-0.008416,-0.008518,0.0,-0.007556,0.0,-0.006355,-0.002067,0.0,-0.002159,-0.009713,-0.006064,-0.005325,-0.005782,-0.008718,-0.002307,-0.000921,-0.001065,0.0,-0.000239,-0.003379,-0.004161,-0.006007
2017-05-27 14:20:00+02:00,0.0,0.0,-0.0,-0.005483,-0.0,0.0,-0.001269,-0.002261,-0.004953,-0.0,0.0,0.0,-0.00609,-0.00611,-0.00233,-0.007344,-0.0,0.0,0.0,-0.00826,0.0,-0.008319,-0.003939,0.0,-0.008382,-0.008583,-0.00194,0.0,-0.001188,-0.0,0.0,-0.004916,0.0,-0.004582,-0.00571,0.0,-0.000188,-0.00341,0.0,-0.009076,-0.002251,0.0,-0.00301,0.0,-0.0,-0.001861,-0.001899,-0.0041,-0.002395,0.0,0.0,-0.004804,-0.004625,-0.00611,0.0,0.0,-0.0,0.0,0.0,-0.001332,-0.004721,-0.008468,-0.004834,0.0,-0.0,-0.007825,-0.000741,-0.004356,0.0,-0.000753,-0.00201,-0.0,0.0,-0.005086,-0.006094,0.0,-0.0,0.0,-0.002571,0.0,-0.004589,0.0,-0.002303,-0.008566,-0.0,-0.0,-0.005358,0.0,0.0,0.0,-0.0,-0.005145,-0.00609,0.0,-0.003635,-0.002779,-0.008387,-0.008489,0.0,-0.00758,0.0,-0.006331,-0.002063,0.0,-0.002169,-0.009699,-0.006057,-0.005348,-0.005758,-0.008689,-0.002317,-0.000912,-0.001068,0.0,-0.000264,-0.003375,-0.004141,-0.005998
2017-05-27 14:21:00+02:00,0.0,0.0,-0.0,-0.005492,-0.0,0.0,-0.001289,-0.002278,-0.004954,-0.0,0.0,0.0,-0.006068,-0.006089,-0.002343,-0.007348,-0.0,0.0,0.0,-0.008273,0.0,-0.008334,-0.003973,0.0,-0.008389,-0.008586,-0.001957,0.0,-0.001196,-0.0,0.0,-0.004922,0.0,-0.004589,-0.005712,0.0,-0.000214,-0.003442,0.0,-0.009069,-0.002273,0.0,-0.003035,0.0,-0.0,-0.001875,-0.001903,-0.004106,-0.002403,0.0,0.0,-0.004816,-0.004631,-0.006089,0.0,0.0,-0.0,0.0,0.0,-0.001372,-0.004732,-0.008466,-0.004844,0.0,-0.0,-0.007828,-0.000763,-0.004361,0.0,-0.000778,-0.002024,-0.0,0.0,-0.0051,-0.006081,0.0,-0.0,0.0,-0.002606,0.0,-0.004594,0.0,-0.002317,-0.008566,-0.0,-0.0,-0.005328,0.0,0.0,0.0,-0.0,-0.005151,-0.006068,0.0,-0.003643,-0.002798,-0.008389,-0.008489,0.0,-0.007583,0.0,-0.006337,-0.002074,0.0,-0.002189,-0.009661,-0.006034,-0.005356,-0.005763,-0.008691,-0.002339,-0.00092,-0.001085,0.0,-0.000307,-0.003397,-0.00415,-0.005973
2017-05-27 14:22:00+02:00,0.0,0.0,-0.0,-0.005477,-0.0,0.0,-0.001302,-0.002289,-0.004939,-0.0,0.0,0.0,-0.006071,-0.006091,-0.002339,-0.007325,-0.0,0.0,0.0,-0.008267,0.0,-0.008331,-0.003996,0.0,-0.008369,-0.00856,-0.001967,0.0,-0.001192,-0.0,0.0,-0.004911,0.0,-0.004578,-0.005694,0.0,-0.000219,-0.003463,0.0,-0.00903,-0.002288,0.0,-0.003044,0.0,-0.0,-0.00187,-0.001896,-0.004102,-0.002396,0.0,0.0,-0.004817,-0.00462,-0.006091,0.0,0.0,-0.0,0.0,0.0,-0.001401,-0.004732,-0.008434,-0.00483,0.0,-0.0,-0.007804,-0.000778,-0.004356,0.0,-0.000796,-0.002029,-0.0,0.0,-0.005101,-0.006084,0.0,-0.0,0.0,-0.002631,0.0,-0.004581,0.0,-0.002311,-0.008535,-0.0,-0.0,-0.005329,0.0,0.0,0.0,-0.0,-0.005138,-0.006071,0.0,-0.003635,-0.002793,-0.008362,-0.008462,0.0,-0.00756,0.0,-0.006319,-0.002076,0.0,-0.002203,-0.009665,-0.006037,-0.005339,-0.005744,-0.008663,-0.002353,-0.000917,-0.001094,0.0,-0.000338,-0.003404,-0.004138,-0.005976
2017-05-27 14:23:00+02:00,0.0,0.0,-0.0,-0.005476,-0.0,0.0,-0.001307,-0.002291,-0.004941,-0.0,0.0,0.0,-0.006077,-0.006098,-0.002349,-0.007318,-0.0,0.0,0.0,-0.008278,0.0,-0.008343,-0.004005,0.0,-0.008378,-0.00855,-0.001971,0.0,-0.001194,-0.0,0.0,-0.004917,0.0,-0.004585,-0.005697,0.0,-0.000236,-0.003472,0.0,-0.009025,-0.002295,0.0,-0.003063,0.0,-0.0,-0.001873,-0.001894,-0.004106,-0.002401,0.0,0.0,-0.004827,-0.004619,-0.006098,0.0,0.0,-0.0,0.0,0.0,-0.001414,-0.00474,-0.008433,-0.004829,0.0,-0.0,-0.007796,-0.000785,-0.00436,0.0,-0.000805,-0.002041,-0.0,0.0,-0.005112,-0.006091,0.0,-0.0,0.0,-0.002641,0.0,-0.004578,0.0,-0.002314,-0.008537,-0.0,-0.0,-0.005331,0.0,0.0,0.0,-0.0,-0.005136,-0.006077,0.0,-0.003637,-0.002805,-0.008351,-0.00845,0.0,-0.007565,0.0,-0.006315,-0.002084,0.0,-0.002209,-0.009673,-0.006043,-0.005345,-0.005739,-0.008651,-0.002359,-0.000919,-0.001106,0.0,-0.000355,-0.00342,-0.004137,-0.005981
2017-05-27 14:24:00+02:00,0.0,0.0,-0.0,-0.00549,-0.0,0.0,-0.001311,-0.002293,-0.004958,-0.0,0.0,0.0,-0.006083,-0.006105,-0.002371,-0.007328,-0.0,0.0,0.0,-0.008303,0.0,-0.008371,-0.004012,0.0,-0.008415,-0.008558,-0.001973,0.0,-0.001202,-0.0,0.0,-0.004941,0.0,-0.004609,-0.005721,0.0,-0.000267,-0.003479,0.0,-0.009052,-0.0023,0.0,-0.003091,0.0,-0.0,-0.001889,-0.0019,-0.004118,-0.002419,0.0,0.0,-0.004847,-0.004629,-0.006105,0.0,0.0,-0.0,0.0,0.0,-0.001421,-0.004759,-0.008464,-0.004844,0.0,-0.0,-0.007805,-0.000788,-0.004372,0.0,-0.000809,-0.002058,-0.0,0.0,-0.005134,-0.006098,0.0,-0.0,0.0,-0.002649,0.0,-0.004587,0.0,-0.00233,-0.008569,-0.0,-0.0,-0.005332,0.0,0.0,0.0,-0.0,-0.005145,-0.006083,0.0,-0.003648,-0.002837,-0.008358,-0.008456,0.0,-0.007595,0.0,-0.006327,-0.002098,0.0,-0.002214,-0.009679,-0.006049,-0.005374,-0.00575,-0.008658,-0.002364,-0.000928,-0.001124,0.0,-0.000368,-0.003447,-0.004151,-0.005986
2017-05-27 14:25:00+02:00,0.0,0.0,-0.0,-0.005491,-0.0,0.0,-0.001318,-0.0023,-0.004961,-0.0,0.0,0.0,-0.006089,-0.00611,-0.00238,-0.007324,-0.0,0.0,0.0,-0.00831,0.0,-0.00838,-0.004027,0.0,-0.008425,-0.008553,-0.001979,0.0,-0.001203,-0.0,0.0,-0.004949,0.0,-0.004618,-0.005731,0.0,-0.000277,-0.003493,0.0,-0.009054,-0.002311,0.0,-0.003101,0.0,-0.0,-0.00189,-0.001898,-0.00412,-0.002424,0.0,0.0,-0.004856,-0.004631,-0.00611,0.0,0.0,-0.0,0.0,0.0,-0.001438,-0.004766,-0.008469,-0.004844,0.0,-0.0,-0.007801,-0.000797,-0.004374,0.0,-0.00082,-0.002065,-0.0,0.0,-0.005144,-0.006105,0.0,-0.0,0.0,-0.002664,0.0,-0.004587,0.0,-0.002331,-0.008576,-0.0,-0.0,-0.005323,0.0,0.0,0.0,-0.0,-0.005147,-0.006089,0.0,-0.003652,-0.002847,-0.008351,-0.008449,0.0,-0.007601,0.0,-0.006325,-0.002101,0.0,-0.002224,-0.009681,-0.006054,-0.00538,-0.005747,-0.008651,-0.002375,-0.000929,-0.00113,0.0,-0.000385,-0.003456,-0.00415,-0.00599
2017-05-27 14:26:00+02:00,0.0,0.0,-0.0,-0.005486,-0.0,0.0,-0.001323,-0.002303,-0.004949,-0.0,0.0,0.0,-0.006092,-0.006114,-0.002376,-0.007315,-0.0,0.0,0.0,-0.008299,0.0,-0.00837,-0.004037,0.0,-0.00841,-0.008542,-0.001982,0.0,-0.0012,-0.0,0.0,-0.004942,0.0,-0.004612,-0.005722,0.0,-0.000273,-0.003501,0.0,-0.009029,-0.002318,0.0,-0.003096,0.0,-0.0,-0.001886,-0.001893,-0.004112,-0.002417,0.0,0.0,-0.004853,-0.00463,-0.006114,0.0,0.0,-0.0,0.0,0.0,-0.001451,-0.004762,-0.008447,-0.004839,0.0,-0.0,-0.007792,-0.000803,-0.004365,0.0,-0.000828,-0.002062,-0.0,0.0,-0.005143,-0.006109,0.0,-0.0,0.0,-0.002673,0.0,-0.004584,0.0,-0.002328,-0.008557,-0.0,-0.0,-0.005309,0.0,0.0,0.0,-0.0,-0.005145,-0.006092,0.0,-0.003652,-0.002837,-0.00834,-0.008436,0.0,-0.007583,0.0,-0.006318,-0.002096,0.0,-0.00223,-0.009675,-0.006057,-0.005365,-0.005739,-0.00864,-0.002381,-0.000926,-0.001128,0.0,-0.000397,-0.003449,-0.004145,-0.005991
2017-05-27 14:27:00+02:00,0.0,0.0,-0.0,-0.005476,-0.0,0.0,-0.001325,-0.002304,-0.00493,-0.0,0.0,0.0,-0.006095,-0.006117,-0.002365,-0.007301,-0.0,0.0,0.0,-0.008273,0.0,-0.008346,-0.004042,0.0,-0.008383,-0.008526,-0.001983,0.0,-0.001195,-0.0,0.0,-0.004927,0.0,-0.004597,-0.005702,0.0,-0.000262,-0.003505,0.0,-0.008984,-0.002322,0.0,-0.003077,0.0,-0.0,-0.001878,-0.001886,-0.004096,-0.002403,0.0,0.0,-0.004843,-0.004626,-0.006117,0.0,0.0,-0.0,0.0,0.0,-0.001459,-0.00475,-0.008409,-0.004829,0.0,-0.0,-0.007777,-0.000807,-0.004349,0.0,-0.000834,-0.002051,-0.0,0.0,-0.005133,-0.006113,0.0,-0.0,0.0,-0.002679,0.0,-0.004577,0.0,-0.00232,-0.00852,-0.0,-0.0,-0.005297,0.0,0.0,0.0,-0.0,-0.005139,-0.006095,0.0,-0.003649,-0.002819,-0.008322,-0.008418,0.0,-0.007551,0.0,-0.006306,-0.002084,0.0,-0.002233,-0.009661,-0.006059,-0.005337,-0.005726,-0.008621,-0.002385,-0.000922,-0.001118,0.0,-0.000407,-0.003429,-0.004134,-0.005992
2017-05-27 14:28:00+02:00,0.0,0.0,-0.0,-0.005446,-0.0,0.0,-0.001326,-0.002303,-0.004943,-0.0,0.0,0.0,-0.006098,-0.00612,-0.002384,-0.007259,-0.0,0.0,0.0,-0.008266,0.0,-0.008341,-0.004043,0.0,-0.008411,-0.008482,-0.001982,0.0,-0.001183,-0.0,0.0,-0.004946,0.0,-0.004618,-0.005728,0.0,-0.000286,-0.003505,0.0,-0.009011,-0.002324,0.0,-0.003074,0.0,-0.0,-0.001858,-0.00187,-0.00409,-0.002418,0.0,0.0,-0.004843,-0.004604,-0.00612,0.0,0.0,-0.0,0.0,0.0,-0.001465,-0.004749,-0.008438,-0.0048,0.0,-0.0,-0.007734,-0.00081,-0.004343,0.0,-0.000838,-0.00205,-0.0,0.0,-0.005135,-0.006117,0.0,-0.0,0.0,-0.00268,0.0,-0.004555,0.0,-0.002298,-0.008552,-0.0,-0.0,-0.005291,0.0,0.0,0.0,-0.0,-0.005117,-0.006098,0.0,-0.003632,-0.002844,-0.008278,-0.008373,0.0,-0.007574,0.0,-0.006271,-0.00208,0.0,-0.002234,-0.009658,-0.006061,-0.00536,-0.005691,-0.008576,-0.002387,-0.00091,-0.001116,0.0,-0.000413,-0.003425,-0.004106,-0.005993
2017-05-27 14:29:00+02:00,0.0,0.0,-0.0,-0.005424,-0.0,0.0,-0.00133,-0.002306,-0.004952,-0.0,0.0,0.0,-0.006099,-0.006121,-0.002398,-0.007226,-0.0,0.0,0.0,-0.008266,0.0,-0.008344,-0.004052,0.0,-0.008431,-0.008445,-0.001984,0.0,-0.001177,-0.0,0.0,-0.004961,0.0,-0.004635,-0.005751,0.0,-0.000305,-0.003511,0.0,-0.009033,-0.002331,0.0,-0.003082,0.0,-0.0,-0.001848,-0.00186,-0.00409,-0.002427,0.0,0.0,-0.00485,-0.004589,-0.006121,0.0,0.0,-0.0,0.0,0.0,-0.001478,-0.004754,-0.00846,-0.00478,0.0,-0.0,-0.0077,-0.000817,-0.004343,0.0,-0.000846,-0.002055,-0.0,0.0,-0.005143,-0.00612,0.0,-0.0,0.0,-0.002689,0.0,-0.004537,0.0,-0.002287,-0.008576,-0.0,-0.0,-0.005269,0.0,0.0,0.0,-0.0,-0.0051,-0.006099,0.0,-0.003622,-0.002861,-0.008242,-0.008335,0.0,-0.007588,0.0,-0.006244,-0.002083,0.0,-0.00224,-0.009624,-0.006061,-0.005375,-0.005665,-0.008538,-0.002394,-0.000905,-0.001122,0.0,-0.000428,-0.003431,-0.004088,-0.005985
2017-05-27 14:30:00+02:00,0.0,0.0,-0.0,-0.005392,-0.0,0.0,-0.001329,-0.002302,-0.004959,-0.0,0.0,0.0,-0.006087,-0.006111,-0.002414,-0.007181,-0.0,0.0,0.0,-0.008249,0.0,-0.008328,-0.004048,0.0,-0.008448,-0.008396,-0.00198,0.0,-0.001166,-0.0,0.0,-0.004976,0.0,-0.004652,-0.005775,0.0,-0.000327,-0.003506,0.0,-0.009054,-0.002331,0.0,-0.003082,0.0,-0.0,-0.001831,-0.001845,-0.004081,-0.002438,0.0,0.0,-0.004847,-0.004567,-0.006111,0.0,0.0,-0.0,0.0,0.0,-0.001482,-0.00475,-0.008481,-0.00475,0.0,-0.0,-0.007653,-0.000818,-0.004333,0.0,-0.00085,-0.002056,-0.0,0.0,-0.00514,-0.006115,0.0,-0.0,0.0,-0.002687,0.0,-0.004513,0.0,-0.002269,-0.008601,-0.0,-0.0,-0.005241,0.0,0.0,0.0,-0.0,-0.005076,-0.006087,0.0,-0.003605,-0.002881,-0.008192,-0.008284,0.0,-0.007601,0.0,-0.006206,-0.00208,0.0,-0.002238,-0.009581,-0.006044,-0.005391,-0.005628,-0.008487,-0.002393,-0.000896,-0.001124,0.0,-0.000435,-0.003429,-0.004061,-0.005966
2017-05-27 14:31:00+02:00,0.0,0.0,-0.0,-0.005398,-0.0,0.0,-0.001288,-0.002255,-0.004907,-0.0,0.0,0.0,-0.006078,-0.006102,-0.002396,-0.007177,-0.0,0.0,0.0,-0.008012,0.0,-0.00809,-0.003965,0.0,-0.008362,-0.008387,-0.001934,0.0,-0.001177,-0.0,0.0,-0.004928,0.0,-0.004613,-0.005778,0.0,-0.000306,-0.003427,0.0,-0.009041,-0.002281,0.0,-0.00299,0.0,-0.0,-0.001848,-0.00185,-0.003969,-0.002416,0.0,0.0,-0.004719,-0.004572,-0.006102,0.0,0.0,-0.0,0.0,0.0,-0.001417,-0.004623,-0.008458,-0.004758,0.0,-0.0,-0.007647,-0.000782,-0.004211,0.0,-0.00081,-0.001998,-0.0,0.0,-0.004997,-0.006108,0.0,-0.0,0.0,-0.002613,0.0,-0.004516,0.0,-0.002286,-0.00858,-0.0,-0.0,-0.005219,0.0,0.0,0.0,-0.0,-0.005078,-0.006078,0.0,-0.003614,-0.002849,-0.008181,-0.008272,0.0,-0.007515,0.0,-0.006207,-0.00202,0.0,-0.002189,-0.009548,-0.006034,-0.005349,-0.005629,-0.008476,-0.002344,-0.000907,-0.001083,0.0,-0.000374,-0.00333,-0.00407,-0.005954
2017-05-27 14:32:00+02:00,0.0,0.0,-0.0,-0.005441,-0.0,0.0,-0.001273,-0.002236,-0.004874,-0.0,0.0,0.0,-0.00608,-0.006105,-0.002393,-0.007215,-0.0,0.0,0.0,-0.007845,0.0,-0.007922,-0.003934,0.0,-0.008308,-0.008419,-0.001916,0.0,-0.001204,-0.0,0.0,-0.004899,0.0,-0.004593,-0.00579,0.0,-0.000309,-0.003397,0.0,-0.009043,-0.002264,0.0,-0.00294,0.0,-0.0,-0.001895,-0.001872,-0.003891,-0.002409,0.0,0.0,-0.004632,-0.004603,-0.006105,0.0,0.0,-0.0,0.0,0.0,-0.001398,-0.004535,-0.008453,-0.004801,0.0,-0.0,-0.007683,-0.000771,-0.004126,0.0,-0.000799,-0.001966,-0.0,0.0,-0.004898,-0.00611,0.0,-0.0,0.0,-0.002587,0.0,-0.004544,0.0,-0.002333,-0.008578,-0.0,-0.0,-0.005215,0.0,0.0,0.0,-0.0,-0.005107,-0.00608,0.0,-0.003645,-0.002841,-0.008209,-0.0083,0.0,-0.00746,0.0,-0.006247,-0.001985,0.0,-0.002172,-0.009546,-0.006035,-0.005329,-0.005665,-0.008506,-0.002328,-0.000935,-0.001064,0.0,-0.000359,-0.003273,-0.004111,-0.005955
2017-05-27 14:33:00+02:00,0.0,0.0,-0.0,-0.005459,-0.0,0.0,-0.00126,-0.002219,-0.004843,-0.0,0.0,0.0,-0.006073,-0.006098,-0.002388,-0.007226,-0.0,0.0,0.0,-0.007741,0.0,-0.007818,-0.003907,0.0,-0.008258,-0.008425,-0.0019,0.0,-0.001219,-0.0,0.0,-0.004873,0.0,-0.004574,-0.005796,0.0,-0.000308,-0.003371,0.0,-0.009036,-0.00225,0.0,-0.00293,0.0,-0.0,-0.001921,-0.001882,-0.003847,-0.0024,0.0,0.0,-0.004583,-0.004617,-0.006098,0.0,0.0,-0.0,0.0,0.0,-0.001381,-0.004485,-0.008441,-0.004819,0.0,-0.0,-0.007692,-0.000761,-0.004075,0.0,-0.00079,-0.00196,-0.0,0.0,-0.00484,-0.006105,0.0,-0.0,0.0,-0.002564,0.0,-0.004555,0.0,-0.002358,-0.008569,-0.0,-0.0,-0.005191,0.0,0.0,0.0,-0.0,-0.005118,-0.006073,0.0,-0.003661,-0.002831,-0.008212,-0.008302,0.0,-0.007409,0.0,-0.006261,-0.001974,0.0,-0.002158,-0.009511,-0.006026,-0.005308,-0.005678,-0.008509,-0.002313,-0.000951,-0.001064,0.0,-0.000346,-0.003259,-0.00413,-0.005942
2017-05-27 14:34:00+02:00,0.0,0.0,-0.0,-0.005396,-0.0,0.0,-0.001213,-0.002165,-0.004767,-0.0,0.0,0.0,-0.006046,-0.006071,-0.002339,-0.007151,-0.0,0.0,0.0,-0.007521,0.0,-0.007596,-0.003814,0.0,-0.008131,-0.008335,-0.001849,0.0,-0.001193,-0.0,0.0,-0.004798,0.0,-0.004506,-0.00575,0.0,-0.000248,-0.003282,0.0,-0.008949,-0.002195,0.0,-0.002791,0.0,-0.0,-0.001877,-0.001851,-0.003732,-0.002351,0.0,0.0,-0.004457,-0.004575,-0.006071,0.0,0.0,-0.0,0.0,0.0,-0.001299,-0.00436,-0.00835,-0.00476,0.0,-0.0,-0.007612,-0.000715,-0.003955,0.0,-0.00074,-0.001873,-0.0,0.0,-0.004706,-0.006079,0.0,-0.0,0.0,-0.002478,0.0,-0.004512,0.0,-0.002312,-0.008479,-0.0,-0.0,-0.005155,0.0,0.0,0.0,-0.0,-0.005071,-0.006046,0.0,-0.003625,-0.002754,-0.008125,-0.008213,0.0,-0.007282,0.0,-0.006192,-0.00189,0.0,-0.002103,-0.009455,-0.005997,-0.005217,-0.005612,-0.008418,-0.002258,-0.000926,-0.000993,0.0,-0.000277,-0.003115,-0.004073,-0.005912
2017-05-27 14:35:00+02:00,0.0,0.0,-0.0,-0.005358,-0.0,0.0,-0.001187,-0.002133,-0.004712,-0.0,0.0,0.0,-0.00604,-0.006066,-0.002312,-0.007099,-0.0,0.0,0.0,-0.007367,0.0,-0.007441,-0.003761,0.0,-0.008042,-0.00827,-0.001819,0.0,-0.001182,-0.0,0.0,-0.004747,0.0,-0.004461,-0.005721,0.0,-0.000222,-0.003232,0.0,-0.00889,-0.002165,0.0,-0.002706,0.0,-0.0,-0.001859,-0.001835,-0.003653,-0.002321,0.0,0.0,-0.004371,-0.004548,-0.006066,0.0,0.0,-0.0,0.0,0.0,-0.001258,-0.004274,-0.008288,-0.004725,0.0,-0.0,-0.007555,-0.000692,-0.003871,0.0,-0.000715,-0.001819,-0.0,0.0,-0.004614,-0.006075,0.0,-0.0,0.0,-0.002432,0.0,-0.004482,0.0,-0.002292,-0.008419,-0.0,-0.0,-0.00514,0.0,0.0,0.0,-0.0,-0.005037,-0.00604,0.0,-0.003604,-0.002711,-0.00806,-0.008146,0.0,-0.007193,0.0,-0.006148,-0.001836,0.0,-0.002073,-0.00944,-0.00599,-0.00516,-0.00557,-0.008351,-0.002227,-0.000917,-0.000951,0.0,-0.000241,-0.003025,-0.004042,-0.005903
2017-05-27 14:36:00+02:00,0.0,0.0,-0.0,-0.005378,-0.0,0.0,-0.001185,-0.002129,-0.004706,-0.0,0.0,0.0,-0.006042,-0.006068,-0.002322,-0.00711,-0.0,0.0,0.0,-0.007273,0.0,-0.007347,-0.003756,0.0,-0.008038,-0.008276,-0.001815,0.0,-0.001198,-0.0,0.0,-0.004746,0.0,-0.004463,-0.005735,0.0,-0.000244,-0.003228,0.0,-0.008898,-0.002163,0.0,-0.002664,0.0,-0.0,-0.001888,-0.001846,-0.003605,-0.002327,0.0,0.0,-0.004321,-0.00456,-0.006068,0.0,0.0,-0.0,0.0,0.0,-0.001261,-0.004223,-0.008297,-0.004746,0.0,-0.0,-0.007565,-0.000693,-0.00382,0.0,-0.000718,-0.001792,-0.0,0.0,-0.004559,-0.006077,0.0,-0.0,0.0,-0.00243,0.0,-0.004491,0.0,-0.002321,-0.00843,-0.0,-0.0,-0.005141,0.0,0.0,0.0,-0.0,-0.005046,-0.006042,0.0,-0.003619,-0.002726,-0.008065,-0.008151,0.0,-0.007184,0.0,-0.006164,-0.001807,0.0,-0.00207,-0.009444,-0.005992,-0.005166,-0.005584,-0.008356,-0.002225,-0.000934,-0.000933,0.0,-0.000248,-0.002979,-0.004063,-0.005905
2017-05-27 14:37:00+02:00,0.0,0.0,-0.0,-0.005401,-0.0,0.0,-0.001185,-0.002126,-0.004706,-0.0,0.0,0.0,-0.006042,-0.006069,-0.002336,-0.007127,-0.0,0.0,0.0,-0.007216,0.0,-0.00729,-0.003755,0.0,-0.008044,-0.00829,-0.001813,0.0,-0.001215,-0.0,0.0,-0.00475,0.0,-0.004472,-0.005751,0.0,-0.000268,-0.003227,0.0,-0.008913,-0.002164,0.0,-0.002645,0.0,-0.0,-0.001916,-0.001857,-0.003576,-0.002335,0.0,0.0,-0.004292,-0.004575,-0.006069,0.0,0.0,-0.0,0.0,0.0,-0.001266,-0.004193,-0.008312,-0.004769,0.0,-0.0,-0.007581,-0.000695,-0.003788,0.0,-0.000721,-0.001779,-0.0,0.0,-0.004527,-0.006078,0.0,-0.0,0.0,-0.002432,0.0,-0.004503,0.0,-0.002349,-0.008447,-0.0,-0.0,-0.005126,0.0,0.0,0.0,-0.0,-0.005059,-0.006042,0.0,-0.003636,-0.002745,-0.008078,-0.008163,0.0,-0.007186,0.0,-0.006183,-0.001792,0.0,-0.00207,-0.009443,-0.005991,-0.005179,-0.005603,-0.008368,-0.002225,-0.000951,-0.000926,0.0,-0.000256,-0.002956,-0.004086,-0.0059
2017-05-27 14:38:00+02:00,0.0,0.0,-0.0,-0.005401,-0.0,0.0,-0.001177,-0.002113,-0.004694,-0.0,0.0,0.0,-0.006045,-0.006071,-0.002337,-0.007123,-0.0,0.0,0.0,-0.00716,0.0,-0.007235,-0.003737,0.0,-0.008031,-0.008282,-0.001802,0.0,-0.001218,-0.0,0.0,-0.004743,0.0,-0.004467,-0.005754,0.0,-0.000274,-0.00321,0.0,-0.008906,-0.002154,0.0,-0.002619,0.0,-0.0,-0.001924,-0.001857,-0.003546,-0.002333,0.0,0.0,-0.004263,-0.004576,-0.006071,0.0,0.0,-0.0,0.0,0.0,-0.001256,-0.004163,-0.008305,-0.00477,0.0,-0.0,-0.007575,-0.000689,-0.003757,0.0,-0.000715,-0.001763,-0.0,0.0,-0.004497,-0.006081,0.0,-0.0,0.0,-0.002417,0.0,-0.004502,0.0,-0.002356,-0.008442,-0.0,-0.0,-0.005123,0.0,0.0,0.0,-0.0,-0.005058,-0.006045,0.0,-0.003639,-0.002745,-0.008071,-0.008154,0.0,-0.007169,0.0,-0.006181,-0.001774,0.0,-0.00206,-0.009444,-0.005992,-0.005172,-0.0056,-0.008359,-0.002214,-0.000956,-0.000915,0.0,-0.000249,-0.002928,-0.004088,-0.005901
2017-05-27 14:39:00+02:00,0.0,0.0,-0.0,-0.005437,-0.0,0.0,-0.001178,-0.002112,-0.004695,-0.0,0.0,0.0,-0.006048,-0.006076,-0.00235,-0.007156,-0.0,0.0,0.0,-0.007145,0.0,-0.007221,-0.003738,0.0,-0.00804,-0.008317,-0.0018,0.0,-0.001238,-0.0,0.0,-0.00475,0.0,-0.004476,-0.005769,0.0,-0.000296,-0.003211,0.0,-0.008918,-0.002154,0.0,-0.002626,0.0,-0.0,-0.001958,-0.001873,-0.003538,-0.002341,0.0,0.0,-0.00426,-0.004602,-0.006076,0.0,0.0,-0.0,0.0,0.0,-0.001263,-0.004158,-0.008318,-0.004805,0.0,-0.0,-0.007608,-0.000692,-0.003748,0.0,-0.00072,-0.001766,-0.0,0.0,-0.004492,-0.006085,0.0,-0.0,0.0,-0.002421,0.0,-0.004524,0.0,-0.002392,-0.008458,-0.0,-0.0,-0.005123,0.0,0.0,0.0,-0.0,-0.005083,-0.006048,0.0,-0.003664,-0.002763,-0.008105,-0.008188,0.0,-0.007173,0.0,-0.006215,-0.001774,0.0,-0.00206,-0.009447,-0.005996,-0.005184,-0.005631,-0.008393,-0.002215,-0.000976,-0.000923,0.0,-0.000258,-0.002931,-0.00412,-0.005904
2017-05-27 14:40:00+02:00,0.0,0.0,-0.0,-0.005441,-0.0,0.0,-0.001176,-0.002109,-0.004684,-0.0,0.0,0.0,-0.006054,-0.006081,-0.00235,-0.007157,-0.0,0.0,0.0,-0.007126,0.0,-0.007203,-0.003737,0.0,-0.008029,-0.008318,-0.001797,0.0,-0.00124,-0.0,0.0,-0.004744,0.0,-0.004473,-0.005772,0.0,-0.000296,-0.003209,0.0,-0.008913,-0.002154,0.0,-0.00262,0.0,-0.0,-0.001962,-0.001872,-0.003527,-0.002337,0.0,0.0,-0.004252,-0.004606,-0.006081,0.0,0.0,-0.0,0.0,0.0,-0.001263,-0.004149,-0.008313,-0.004808,0.0,-0.0,-0.007609,-0.000691,-0.003735,0.0,-0.00072,-0.001762,-0.0,0.0,-0.004484,-0.006091,0.0,-0.0,0.0,-0.002419,0.0,-0.004526,0.0,-0.002396,-0.008455,-0.0,-0.0,-0.005123,0.0,0.0,0.0,-0.0,-0.005087,-0.006054,0.0,-0.003668,-0.00276,-0.008106,-0.008188,0.0,-0.007159,0.0,-0.006217,-0.001768,0.0,-0.002058,-0.009452,-0.006,-0.005177,-0.005632,-0.008393,-0.002215,-0.000978,-0.000923,0.0,-0.000259,-0.002923,-0.004123,-0.005907
2017-05-27 14:41:00+02:00,0.0,0.0,-0.0,-0.005466,-0.0,0.0,-0.001174,-0.002106,-0.00469,-0.0,0.0,0.0,-0.00606,-0.006088,-0.002362,-0.007181,-0.0,0.0,0.0,-0.00713,0.0,-0.007209,-0.003735,0.0,-0.008046,-0.008341,-0.001793,0.0,-0.001252,-0.0,0.0,-0.004754,0.0,-0.004485,-0.00579,0.0,-0.000311,-0.003205,0.0,-0.008931,-0.002152,0.0,-0.002633,0.0,-0.0,-0.001984,-0.001882,-0.003528,-0.002345,0.0,0.0,-0.004259,-0.004625,-0.006088,0.0,0.0,-0.0,0.0,0.0,-0.001263,-0.004154,-0.008332,-0.004832,0.0,-0.0,-0.007633,-0.00069,-0.003736,0.0,-0.00072,-0.00177,-0.0,0.0,-0.004492,-0.006098,0.0,-0.0,0.0,-0.002417,0.0,-0.004543,0.0,-0.002419,-0.008477,-0.0,-0.0,-0.00512,0.0,0.0,0.0,-0.0,-0.005105,-0.00606,0.0,-0.003687,-0.002775,-0.008129,-0.008209,0.0,-0.00717,0.0,-0.006241,-0.001773,0.0,-0.002056,-0.009456,-0.006005,-0.005191,-0.005654,-0.008416,-0.002213,-0.000991,-0.000931,0.0,-0.00026,-0.002934,-0.004145,-0.005911
2017-05-27 14:42:00+02:00,0.0,0.0,-0.0,-0.005473,-0.0,0.0,-0.001171,-0.002102,-0.004686,-0.0,0.0,0.0,-0.006064,-0.006093,-0.002364,-0.007186,-0.0,0.0,0.0,-0.007119,0.0,-0.007199,-0.003732,0.0,-0.008046,-0.008346,-0.001788,0.0,-0.001255,-0.0,0.0,-0.004755,0.0,-0.004488,-0.005798,0.0,-0.000311,-0.0032,0.0,-0.008932,-0.00215,0.0,-0.002628,0.0,-0.0,-0.001989,-0.001882,-0.00352,-0.002343,0.0,0.0,-0.004256,-0.004633,-0.006093,0.0,0.0,-0.0,0.0,0.0,-0.001259,-0.00415,-0.008333,-0.004838,0.0,-0.0,-0.007638,-0.000687,-0.003727,0.0,-0.000718,-0.001767,-0.0,0.0,-0.004489,-0.006104,0.0,-0.0,0.0,-0.002413,0.0,-0.004547,0.0,-0.002425,-0.008481,-0.0,-0.0,-0.005106,0.0,0.0,0.0,-0.0,-0.005112,-0.006064,0.0,-0.003694,-0.002774,-0.008133,-0.008212,0.0,-0.007165,0.0,-0.006247,-0.001768,0.0,-0.002054,-0.009457,-0.006008,-0.005189,-0.005657,-0.008419,-0.002212,-0.000993,-0.000929,0.0,-0.000257,-0.002929,-0.00415,-0.005913
2017-05-27 14:43:00+02:00,0.0,0.0,-0.0,-0.005466,-0.0,0.0,-0.001165,-0.002095,-0.004663,-0.0,0.0,0.0,-0.006064,-0.006094,-0.002351,-0.007175,-0.0,0.0,0.0,-0.00709,0.0,-0.007172,-0.003723,0.0,-0.008013,-0.008334,-0.001782,0.0,-0.001252,-0.0,0.0,-0.004736,0.0,-0.004471,-0.005781,0.0,-0.000294,-0.003191,0.0,-0.008893,-0.002146,0.0,-0.002612,0.0,-0.0,-0.001985,-0.001877,-0.003504,-0.002327,0.0,0.0,-0.004244,-0.004632,-0.006094,0.0,0.0,-0.0,0.0,0.0,-0.001252,-0.004136,-0.008297,-0.004831,0.0,-0.0,-0.007626,-0.000683,-0.003711,0.0,-0.000713,-0.001757,-0.0,0.0,-0.004478,-0.006105,0.0,-0.0,0.0,-0.002404,0.0,-0.004543,0.0,-0.00242,-0.008447,-0.0,-0.0,-0.005079,0.0,0.0,0.0,-0.0,-0.005109,-0.006064,0.0,-0.003693,-0.00275,-0.008121,-0.008199,0.0,-0.007128,0.0,-0.006238,-0.001756,0.0,-0.002048,-0.009413,-0.006004,-0.005158,-0.005647,-0.008406,-0.002207,-0.000991,-0.00092,0.0,-0.000251,-0.00291,-0.004142,-0.005901
2017-05-27 14:44:00+02:00,0.0,0.0,-0.0,-0.005448,-0.0,0.0,-0.001157,-0.002085,-0.004626,-0.0,0.0,0.0,-0.006065,-0.006095,-0.002325,-0.007152,-0.0,0.0,0.0,-0.007042,0.0,-0.007124,-0.00371,0.0,-0.007955,-0.008309,-0.001772,0.0,-0.001244,-0.0,0.0,-0.004701,0.0,-0.004438,-0.005745,0.0,-0.000264,-0.003177,0.0,-0.008824,-0.002139,0.0,-0.002578,0.0,-0.0,-0.001972,-0.001866,-0.003476,-0.002299,0.0,0.0,-0.004218,-0.004622,-0.006095,0.0,0.0,-0.0,0.0,0.0,-0.00124,-0.00411,-0.008233,-0.004813,0.0,-0.0,-0.007603,-0.000676,-0.003682,0.0,-0.000707,-0.001736,-0.0,0.0,-0.004452,-0.006107,0.0,-0.0,0.0,-0.002392,0.0,-0.004532,0.0,-0.002407,-0.008384,-0.0,-0.0,-0.005068,0.0,0.0,0.0,-0.0,-0.005098,-0.006065,0.0,-0.003685,-0.002709,-0.008096,-0.008173,0.0,-0.007067,0.0,-0.006217,-0.001735,0.0,-0.00204,-0.009405,-0.006003,-0.005107,-0.005625,-0.008379,-0.0022,-0.000983,-0.0009,0.0,-0.000242,-0.002875,-0.004125,-0.005898
2017-05-27 14:45:00+02:00,0.0,0.0,-0.0,-0.005432,-0.0,0.0,-0.001149,-0.002075,-0.004592,-0.0,0.0,0.0,-0.006063,-0.006095,-0.002302,-0.007131,-0.0,0.0,0.0,-0.007013,0.0,-0.007097,-0.003695,0.0,-0.007902,-0.008285,-0.001762,0.0,-0.001237,-0.0,0.0,-0.00467,0.0,-0.004409,-0.005711,0.0,-0.000239,-0.003162,0.0,-0.00876,-0.002131,0.0,-0.002561,0.0,-0.0,-0.001961,-0.001857,-0.003459,-0.002274,0.0,0.0,-0.004205,-0.004614,-0.006095,0.0,0.0,-0.0,0.0,0.0,-0.001229,-0.004095,-0.008174,-0.004798,0.0,-0.0,-0.007581,-0.000669,-0.003665,0.0,-0.0007,-0.001726,-0.0,0.0,-0.00444,-0.006108,0.0,-0.0,0.0,-0.002378,0.0,-0.004521,0.0,-0.002395,-0.008326,-0.0,-0.0,-0.005055,0.0,0.0,0.0,-0.0,-0.005088,-0.006063,0.0,-0.003678,-0.002673,-0.008073,-0.008149,0.0,-0.007012,0.0,-0.006199,-0.001723,0.0,-0.002032,-0.009393,-0.005999,-0.005061,-0.005607,-0.008355,-0.002191,-0.000977,-0.000892,0.0,-0.000233,-0.002857,-0.004109,-0.005891
2017-05-27 14:46:00+02:00,0.0,0.0,-0.0,-0.005391,-0.0,0.0,-0.001004,-0.001867,-0.004578,-0.0,0.0,0.0,-0.006064,-0.006096,-0.002302,-0.007086,-0.0,0.0,0.0,-0.007005,0.0,-0.007091,-0.003329,0.0,-0.007885,-0.00824,-0.001575,0.0,-0.001214,-0.0,0.0,-0.004663,0.0,-0.004404,-0.005708,0.0,-0.000243,-0.002828,0.0,-0.008741,-0.001903,0.0,-0.002566,0.0,-0.0,-0.001922,-0.001833,-0.003454,-0.00227,0.0,0.0,-0.004205,-0.00459,-0.006096,0.0,0.0,-0.0,0.0,0.0,-0.001025,-0.004094,-0.008159,-0.004756,0.0,-0.0,-0.007536,-0.000557,-0.003659,0.0,-0.000574,-0.001728,-0.0,0.0,-0.004441,-0.00611,0.0,-0.0,0.0,-0.0021,0.0,-0.004495,0.0,-0.002356,-0.008313,-0.0,-0.0,-0.005046,0.0,0.0,0.0,-0.0,-0.005063,-0.006064,0.0,-0.003655,-0.00267,-0.00803,-0.008105,0.0,-0.006994,0.0,-0.006155,-0.001723,0.0,-0.001818,-0.009384,-0.005999,-0.00505,-0.005563,-0.00831,-0.001972,-0.000955,-0.000896,0.0,-0.000187,-0.002859,-0.004068,-0.005891
2017-05-27 14:47:00+02:00,0.0,0.0,-0.0,-0.005366,-0.0,0.0,-0.000906,-0.00172,-0.004569,-0.0,0.0,0.0,-0.006053,-0.006088,-0.002316,-0.007054,-0.0,0.0,0.0,-0.007024,0.0,-0.007112,-0.003072,0.0,-0.007878,-0.008207,-0.001444,0.0,-0.001202,-0.0,0.0,-0.004664,0.0,-0.004411,-0.005719,0.0,-0.000269,-0.002594,0.0,-0.008744,-0.001743,0.0,-0.002599,0.0,-0.0,-0.001904,-0.001819,-0.003465,-0.002279,0.0,0.0,-0.004223,-0.004574,-0.006088,0.0,0.0,-0.0,0.0,0.0,-0.000894,-0.00411,-0.008165,-0.004732,0.0,-0.0,-0.007503,-0.000485,-0.003669,0.0,-0.000493,-0.001749,-0.0,0.0,-0.00446,-0.006104,0.0,-0.0,0.0,-0.001909,0.0,-0.004477,0.0,-0.002337,-0.008322,-0.0,-0.0,-0.005022,0.0,0.0,0.0,-0.0,-0.005047,-0.006053,0.0,-0.003642,-0.00269,-0.007998,-0.008072,0.0,-0.006991,0.0,-0.006126,-0.001739,0.0,-0.001668,-0.009351,-0.005985,-0.00506,-0.005535,-0.008277,-0.001819,-0.000944,-0.000917,0.0,-0.000149,-0.00289,-0.004044,-0.005874
2017-05-27 14:48:00+02:00,0.0,0.0,-1.6e-05,-0.005381,-0.0,0.0,-0.00085,-0.001627,-0.004577,-0.0,0.0,0.0,-0.006051,-0.006088,-0.00235,-0.00706,-0.0,0.0,0.0,-0.007123,0.0,-0.007216,-0.002911,0.0,-0.007901,-0.008212,-0.001362,0.0,-0.001215,-0.0,0.0,-0.004684,0.0,-0.004437,-0.005749,0.0,-0.000325,-0.002448,0.0,-0.008775,-0.001642,0.0,-0.002718,0.0,-0.0,-0.001926,-0.001826,-0.003522,-0.002305,0.0,0.0,-0.004294,-0.004584,-0.006088,0.0,0.0,-0.0,0.0,0.0,-0.000831,-0.004178,-0.0082,-0.004748,0.0,-5.5e-05,-0.007509,-0.000451,-0.003725,0.0,-0.000455,-0.001824,-0.0,0.0,-0.004533,-0.006104,0.0,-0.0,0.0,-0.001799,0.0,-0.004484,0.0,-0.002359,-0.00836,-0.0,-0.0,-0.005008,0.0,0.0,0.0,-0.0,-0.005056,-0.006051,0.0,-0.003655,-0.00274,-0.008003,-0.008076,0.0,-0.007017,0.0,-0.006137,-0.001804,0.0,-0.001574,-0.009333,-0.005981,-0.005098,-0.005545,-0.008281,-0.001724,-0.000958,-0.000984,0.0,-0.000119,-0.003008,-0.00406,-0.005868
2017-05-27 14:49:00+02:00,0.0,0.0,-2.2e-05,-0.005392,-0.0,0.0,-0.000803,-0.001549,-0.004595,-0.0,0.0,0.0,-0.006041,-0.00608,-0.002382,-0.007062,-0.0,0.0,0.0,-0.007187,0.0,-0.007284,-0.002776,0.0,-0.007939,-0.008212,-0.001293,0.0,-0.001226,-0.0,0.0,-0.00471,0.0,-0.004466,-0.005779,0.0,-0.000375,-0.002326,0.0,-0.008806,-0.001559,0.0,-0.002803,0.0,-0.0,-0.001945,-0.001832,-0.003559,-0.00233,0.0,0.0,-0.004341,-0.004592,-0.00608,0.0,0.0,-0.0,0.0,0.0,-0.000776,-0.004223,-0.008235,-0.00476,0.0,-9.2e-05,-0.00751,-0.00042,-0.003762,0.0,-0.000421,-0.001878,-0.0,0.0,-0.004583,-0.006096,0.0,-0.0,0.0,-0.001706,0.0,-0.004488,0.0,-0.002378,-0.008398,-0.0,-0.0,-0.004987,0.0,0.0,0.0,-0.0,-0.005061,-0.006041,0.0,-0.003666,-0.002785,-0.008003,-0.008075,0.0,-0.00705,0.0,-0.006144,-0.00185,0.0,-0.001496,-0.009305,-0.00597,-0.005135,-0.005551,-0.008279,-0.001644,-0.000969,-0.001033,0.0,-9.6e-05,-0.003092,-0.004072,-0.005854
2017-05-27 14:50:00+02:00,0.0,0.0,-2.7e-05,-0.005391,-0.0,0.0,-0.000764,-0.001486,-0.004606,-0.0,0.0,0.0,-0.006042,-0.00608,-0.002405,-0.00705,-0.0,0.0,0.0,-0.00723,0.0,-0.00733,-0.002667,0.0,-0.007963,-0.008195,-0.001237,0.0,-0.001231,-0.0,0.0,-0.004727,0.0,-0.004487,-0.005799,0.0,-0.000411,-0.002228,0.0,-0.008822,-0.001491,0.0,-0.00287,0.0,-0.0,-0.001955,-0.001832,-0.003584,-0.002346,0.0,0.0,-0.004376,-0.00459,-0.00608,0.0,0.0,-0.0,0.0,0.0,-0.000731,-0.004255,-0.008254,-0.00476,0.0,-0.000121,-0.007496,-0.000395,-0.003786,0.0,-0.000394,-0.00192,-0.0,0.0,-0.00462,-0.006097,0.0,-0.0,0.0,-0.00163,0.0,-0.004483,0.0,-0.002387,-0.00842,-0.0,-0.0,-0.004974,0.0,0.0,0.0,-0.0,-0.005056,-0.006042,0.0,-0.003668,-0.002817,-0.007986,-0.008056,0.0,-0.007069,0.0,-0.006137,-0.001885,0.0,-0.001433,-0.009291,-0.005969,-0.005158,-0.005545,-0.008261,-0.00158,-0.000976,-0.001071,0.0,-7.6e-05,-0.003157,-0.004074,-0.005851
2017-05-27 14:51:00+02:00,0.0,0.0,-2.2e-05,-0.00537,-0.0,0.0,-0.000732,-0.001434,-0.004608,-0.0,0.0,0.0,-0.006031,-0.006071,-0.00242,-0.007017,-0.0,0.0,0.0,-0.007243,0.0,-0.007345,-0.002577,0.0,-0.007972,-0.008154,-0.001191,0.0,-0.001227,-0.0,0.0,-0.004736,0.0,-0.004498,-0.00581,0.0,-0.000437,-0.002146,0.0,-0.008822,-0.001435,0.0,-0.002907,0.0,-0.0,-0.00195,-0.001824,-0.003593,-0.002355,0.0,0.0,-0.004391,-0.004575,-0.006071,0.0,0.0,-0.0,0.0,0.0,-0.000695,-0.004269,-0.008259,-0.004742,0.0,-0.000135,-0.00746,-0.000375,-0.003793,0.0,-0.000372,-0.001944,-0.0,0.0,-0.004637,-0.006089,0.0,-0.0,0.0,-0.001567,0.0,-0.004465,0.0,-0.002381,-0.008427,-0.0,-0.0,-0.004951,0.0,0.0,0.0,-0.0,-0.005037,-0.006031,0.0,-0.003659,-0.002836,-0.007947,-0.008015,0.0,-0.007074,0.0,-0.006111,-0.001904,0.0,-0.001381,-0.00926,-0.005955,-0.005169,-0.00552,-0.008218,-0.001527,-0.000973,-0.001093,0.0,-6.1e-05,-0.003194,-0.004058,-0.005835
2017-05-27 14:52:00+02:00,0.0,0.0,-1.7e-05,-0.005344,-0.0,0.0,-0.000701,-0.001385,-0.004603,-0.0,0.0,0.0,-0.006032,-0.006072,-0.002427,-0.006982,-0.0,0.0,0.0,-0.00723,0.0,-0.007334,-0.002493,0.0,-0.007969,-0.008117,-0.001147,0.0,-0.00122,-0.0,0.0,-0.004737,0.0,-0.004503,-0.005813,0.0,-0.000453,-0.002069,0.0,-0.00881,-0.001383,0.0,-0.00292,0.0,-0.0,-0.001938,-0.001812,-0.003587,-0.002357,0.0,0.0,-0.00439,-0.004558,-0.006072,0.0,0.0,-0.0,0.0,0.0,-0.000657,-0.004266,-0.008251,-0.004718,0.0,-0.000132,-0.007424,-0.000354,-0.003786,0.0,-0.000349,-0.001953,-0.0,0.0,-0.004637,-0.006091,0.0,-0.0,0.0,-0.001507,0.0,-0.004447,0.0,-0.002367,-0.008421,-0.0,-0.0,-0.00494,0.0,0.0,0.0,-0.0,-0.005019,-0.006032,0.0,-0.003645,-0.002844,-0.007911,-0.007978,0.0,-0.007068,0.0,-0.00608,-0.001909,0.0,-0.001332,-0.00925,-0.005955,-0.005169,-0.00549,-0.00818,-0.001478,-0.000967,-0.001102,0.0,-4.9e-05,-0.003205,-0.004036,-0.005835
2017-05-27 14:53:00+02:00,0.0,0.0,-1.4e-05,-0.005316,-0.0,0.0,-0.000677,-0.001346,-0.004599,-0.0,0.0,0.0,-0.006027,-0.00607,-0.002436,-0.006945,-0.0,0.0,0.0,-0.007216,0.0,-0.007322,-0.002427,0.0,-0.007966,-0.008077,-0.001112,0.0,-0.001212,-0.0,0.0,-0.004739,0.0,-0.004507,-0.005816,0.0,-0.000469,-0.002009,0.0,-0.008799,-0.001342,0.0,-0.002929,0.0,-0.0,-0.001926,-0.001799,-0.003581,-0.00236,0.0,0.0,-0.004389,-0.004541,-0.00607,0.0,0.0,-0.0,0.0,0.0,-0.000629,-0.004263,-0.008244,-0.004692,0.0,-0.000129,-0.007386,-0.000338,-0.003779,0.0,-0.000331,-0.001959,-0.0,0.0,-0.004637,-0.006089,0.0,-0.0,0.0,-0.00146,0.0,-0.004426,0.0,-0.002353,-0.008416,-0.0,-0.0,-0.00492,0.0,0.0,0.0,-0.0,-0.005,-0.006027,0.0,-0.003631,-0.002853,-0.007873,-0.007939,0.0,-0.007062,0.0,-0.006047,-0.001912,0.0,-0.001294,-0.009223,-0.005947,-0.005169,-0.005458,-0.008139,-0.001439,-0.00096,-0.001108,0.0,-3.9e-05,-0.003213,-0.004012,-0.005823
2017-05-27 14:54:00+02:00,0.0,0.0,-1.1e-05,-0.005298,-0.0,0.0,-0.000657,-0.001315,-0.004589,-0.0,0.0,0.0,-0.006018,-0.006062,-0.00244,-0.006919,-0.0,0.0,0.0,-0.007194,0.0,-0.007301,-0.002374,0.0,-0.007955,-0.008047,-0.001085,0.0,-0.001208,-0.0,0.0,-0.004736,0.0,-0.004508,-0.005815,0.0,-0.000481,-0.001961,0.0,-0.008781,-0.00131,0.0,-0.002932,0.0,-0.0,-0.00192,-0.00179,-0.00357,-0.002359,0.0,0.0,-0.004382,-0.004531,-0.006062,0.0,0.0,-0.0,0.0,0.0,-0.000607,-0.004255,-0.008229,-0.004676,0.0,-0.000127,-0.007358,-0.000326,-0.003766,0.0,-0.000318,-0.001962,-0.0,0.0,-0.004631,-0.006082,0.0,-0.0,0.0,-0.001422,0.0,-0.004413,0.0,-0.002346,-0.008404,-0.0,-0.0,-0.004899,0.0,0.0,0.0,-0.0,-0.004987,-0.006018,0.0,-0.003624,-0.002857,-0.007845,-0.00791,0.0,-0.007049,0.0,-0.006025,-0.001911,0.0,-0.001263,-0.009196,-0.005936,-0.005164,-0.005437,-0.008109,-0.001408,-0.000958,-0.001112,0.0,-3.1e-05,-0.003214,-0.003998,-0.00581
2017-05-27 14:55:00+02:00,0.0,0.0,-9e-06,-0.005288,-0.0,0.0,-0.000647,-0.001296,-0.004584,-0.0,0.0,0.0,-0.006017,-0.006062,-0.00245,-0.0069,-0.0,0.0,0.0,-0.007174,0.0,-0.007282,-0.002342,0.0,-0.007952,-0.008024,-0.001068,0.0,-0.001209,-0.0,0.0,-0.004738,0.0,-0.004513,-0.005819,0.0,-0.0005,-0.001933,0.0,-0.008768,-0.001291,0.0,-0.002936,0.0,-0.0,-0.001922,-0.001786,-0.003559,-0.002363,0.0,0.0,-0.004377,-0.004525,-0.006062,0.0,0.0,-0.0,0.0,0.0,-0.0006,-0.004248,-0.008221,-0.004668,0.0,-0.000129,-0.007337,-0.000322,-0.003755,0.0,-0.000314,-0.001964,-0.0,0.0,-0.004627,-0.006083,0.0,-0.0,0.0,-0.001403,0.0,-0.004405,0.0,-0.002348,-0.008398,-0.0,-0.0,-0.004885,0.0,0.0,0.0,-0.0,-0.004979,-0.006017,0.0,-0.003622,-0.002867,-0.007824,-0.007887,0.0,-0.007043,0.0,-0.00601,-0.00191,0.0,-0.001245,-0.009176,-0.005933,-0.005164,-0.005423,-0.008085,-0.00139,-0.00096,-0.001116,0.0,-2.5e-05,-0.003216,-0.003991,-0.005803
2017-05-27 14:56:00+02:00,0.0,0.0,-7e-06,-0.005287,-0.0,0.0,-0.000642,-0.001282,-0.004542,-0.0,0.0,0.0,-0.006007,-0.006055,-0.002426,-0.006893,-0.0,0.0,0.0,-0.007161,0.0,-0.00727,-0.002321,0.0,-0.007884,-0.008013,-0.001056,0.0,-0.001214,-0.0,0.0,-0.004698,0.0,-0.004476,-0.005767,0.0,-0.000484,-0.001915,0.0,-0.008675,-0.001279,0.0,-0.002945,0.0,-0.0,-0.001931,-0.001786,-0.003552,-0.002336,0.0,0.0,-0.004374,-0.004527,-0.006055,0.0,0.0,-0.0,0.0,0.0,-0.0006,-0.004244,-0.008137,-0.004668,0.0,-0.000139,-0.007328,-0.000321,-0.003746,0.0,-0.000315,-0.001971,-0.0,0.0,-0.004626,-0.006076,0.0,-0.0,0.0,-0.001392,0.0,-0.004403,0.0,-0.002356,-0.008314,-0.0,-0.0,-0.004866,0.0,0.0,0.0,-0.0,-0.004978,-0.006007,0.0,-0.003625,-0.002832,-0.007814,-0.007876,0.0,-0.006976,0.0,-0.006005,-0.001913,0.0,-0.001234,-0.009157,-0.005922,-0.005111,-0.005418,-0.008073,-0.001379,-0.000965,-0.001124,0.0,-2e-05,-0.003223,-0.003992,-0.005791
2017-05-27 14:57:00+02:00,0.0,0.0,-6e-06,-0.005284,-0.0,0.0,-0.000639,-0.001273,-0.004503,-0.0,0.0,0.0,-0.006001,-0.006049,-0.002405,-0.006883,-0.0,0.0,0.0,-0.007141,0.0,-0.007252,-0.002307,0.0,-0.007822,-0.007999,-0.001048,0.0,-0.001217,-0.0,0.0,-0.004663,0.0,-0.004443,-0.005721,0.0,-0.000471,-0.001902,0.0,-0.008592,-0.00127,0.0,-0.002948,0.0,-0.0,-0.001938,-0.001784,-0.003542,-0.002312,0.0,0.0,-0.004368,-0.004526,-0.006049,0.0,0.0,-0.0,0.0,0.0,-0.000602,-0.004237,-0.008061,-0.004666,0.0,-0.000146,-0.007317,-0.000322,-0.003734,0.0,-0.000316,-0.001973,-0.0,0.0,-0.004621,-0.006072,0.0,-0.0,0.0,-0.001386,0.0,-0.004399,0.0,-0.002362,-0.008239,-0.0,-0.0,-0.004848,0.0,0.0,0.0,-0.0,-0.004974,-0.006001,0.0,-0.003627,-0.002801,-0.007801,-0.007862,0.0,-0.006915,0.0,-0.005998,-0.001911,0.0,-0.001226,-0.009135,-0.005914,-0.005063,-0.005412,-0.008058,-0.001371,-0.00097,-0.001128,0.0,-1.6e-05,-0.003225,-0.003991,-0.00578
2017-05-27 14:58:00+02:00,0.0,0.0,-1.5e-05,-0.005293,-0.0,0.0,-0.000643,-0.001272,-0.004513,-0.0,0.0,0.0,-0.006003,-0.006051,-0.00243,-0.006884,-0.0,0.0,0.0,-0.007133,0.0,-0.007245,-0.002308,0.0,-0.007847,-0.007997,-0.001048,0.0,-0.001227,-0.0,0.0,-0.004682,0.0,-0.004466,-0.005748,0.0,-0.000508,-0.001905,0.0,-0.008616,-0.001272,0.0,-0.002962,0.0,-0.0,-0.001955,-0.001789,-0.003538,-0.00233,0.0,0.0,-0.004369,-0.004534,-0.006051,0.0,0.0,-0.0,0.0,0.0,-0.000617,-0.004236,-0.008088,-0.004676,0.0,-0.000164,-0.007317,-0.00033,-0.003729,0.0,-0.000326,-0.001981,-0.0,0.0,-0.004625,-0.006074,0.0,-0.0,0.0,-0.001393,0.0,-0.004403,0.0,-0.002379,-0.008268,-0.0,-0.0,-0.004843,0.0,0.0,0.0,-0.0,-0.004979,-0.006003,0.0,-0.003638,-0.002834,-0.0078,-0.007859,0.0,-0.006936,0.0,-0.006004,-0.001916,0.0,-0.001228,-0.009133,-0.005915,-0.00509,-0.005417,-0.008055,-0.001373,-0.00098,-0.001137,0.0,-1.3e-05,-0.003236,-0.004001,-0.005781
2017-05-27 14:59:00+02:00,0.0,0.0,-2.8e-05,-0.005304,-0.0,0.0,-0.000645,-0.00127,-0.004515,-0.0,0.0,0.0,-0.006005,-0.006054,-0.002444,-0.006888,-0.0,0.0,0.0,-0.007133,0.0,-0.007247,-0.002307,0.0,-0.007857,-0.007997,-0.001047,0.0,-0.001235,-0.0,0.0,-0.004691,0.0,-0.004479,-0.005765,0.0,-0.000529,-0.001905,0.0,-0.008626,-0.001272,0.0,-0.002979,0.0,-0.0,-0.00197,-0.001793,-0.003537,-0.002338,0.0,0.0,-0.004376,-0.004542,-0.006054,0.0,0.0,-0.0,0.0,0.0,-0.000627,-0.00424,-0.008099,-0.004687,0.0,-0.000185,-0.007319,-0.000335,-0.003728,0.0,-0.000332,-0.001992,-0.0,0.0,-0.004633,-0.006077,0.0,-0.0,0.0,-0.001397,0.0,-0.004408,0.0,-0.002394,-0.008283,-0.0,-0.0,-0.004836,0.0,0.0,0.0,-0.0,-0.004985,-0.006005,0.0,-0.003649,-0.002851,-0.007801,-0.007858,0.0,-0.006943,0.0,-0.006011,-0.001923,0.0,-0.001228,-0.009131,-0.005917,-0.005102,-0.005423,-0.008054,-0.001373,-0.000989,-0.001149,0.0,-1e-05,-0.003251,-0.004012,-0.005781
2017-05-27 15:00:00+02:00,0.0,0.0,-3e-05,-0.005306,-0.0,0.0,-0.00064,-0.001261,-0.004511,-0.0,0.0,0.0,-0.006008,-0.006058,-0.00245,-0.006886,-0.0,0.0,0.0,-0.007127,0.0,-0.007243,-0.002293,0.0,-0.007857,-0.007992,-0.001039,0.0,-0.001238,-0.0,0.0,-0.004693,0.0,-0.004484,-0.005774,0.0,-0.000538,-0.001892,0.0,-0.008626,-0.001264,0.0,-0.002985,0.0,-0.0,-0.001975,-0.001792,-0.003533,-0.002338,0.0,0.0,-0.004377,-0.004546,-0.006058,0.0,0.0,-0.0,0.0,0.0,-0.000622,-0.00424,-0.008101,-0.004689,0.0,-0.000193,-0.007316,-0.000332,-0.003723,0.0,-0.00033,-0.001996,-0.0,0.0,-0.004636,-0.006081,0.0,-0.0,0.0,-0.001388,0.0,-0.004408,0.0,-0.002399,-0.008288,-0.0,-0.0,-0.004832,0.0,0.0,0.0,-0.0,-0.004986,-0.006008,0.0,-0.003654,-0.002856,-0.007797,-0.007853,0.0,-0.00694,0.0,-0.006011,-0.001924,0.0,-0.001219,-0.009132,-0.005919,-0.005103,-0.005422,-0.008048,-0.001365,-0.000992,-0.001154,0.0,-8e-06,-0.003255,-0.004013,-0.005782
2017-05-27 15:01:00+02:00,0.0,0.0,-2.7e-05,-0.005209,-0.0,0.0,-0.000649,-0.001268,-0.004573,-0.0,0.0,0.0,-0.00601,-0.00606,-0.002507,-0.006762,-0.0,0.0,0.0,-0.007117,0.0,-0.007234,-0.002308,0.0,-0.007976,-0.007836,-0.001046,0.0,-0.001198,-0.0,0.0,-0.004768,0.0,-0.004561,-0.005839,0.0,-0.000598,-0.001907,0.0,-0.008703,-0.001274,0.0,-0.002986,0.0,-0.0,-0.001911,-0.001749,-0.003526,-0.002386,0.0,0.0,-0.004374,-0.004468,-0.00606,0.0,0.0,-0.0,0.0,0.0,-0.000645,-0.004236,-0.008212,-0.004599,0.0,-0.000194,-0.007182,-0.000343,-0.003716,0.0,-0.000344,-0.001996,-0.0,0.0,-0.004635,-0.006084,0.0,-0.0,0.0,-0.001406,0.0,-0.00433,0.0,-0.002331,-0.008403,-0.0,-0.0,-0.004823,0.0,0.0,0.0,-0.0,-0.004895,-0.00601,0.0,-0.003591,-0.002931,-0.007643,-0.007696,0.0,-0.00705,0.0,-0.005903,-0.001921,0.0,-0.001229,-0.009132,-0.00592,-0.005192,-0.005323,-0.007885,-0.001375,-0.000955,-0.001154,0.0,-7e-06,-0.003254,-0.00393,-0.005782
2017-05-27 15:02:00+02:00,0.0,0.0,-3.5e-05,-0.005151,-0.0,0.0,-0.000663,-0.001279,-0.004625,-0.0,0.0,0.0,-0.006013,-0.006065,-0.002557,-0.006683,-0.0,0.0,0.0,-0.007121,0.0,-0.00724,-0.002332,0.0,-0.008075,-0.007732,-0.001057,0.0,-0.001177,-0.0,0.0,-0.004832,0.0,-0.004627,-0.005893,0.0,-0.000652,-0.001929,0.0,-0.008762,-0.001288,0.0,-0.002997,0.0,-0.0,-0.001876,-0.001724,-0.003526,-0.002426,0.0,0.0,-0.004381,-0.00442,-0.006065,0.0,0.0,-0.0,0.0,0.0,-0.000673,-0.004241,-0.008304,-0.004545,0.0,-0.000206,-0.007094,-0.000359,-0.003716,0.0,-0.000362,-0.002003,-0.0,0.0,-0.004645,-0.006089,0.0,-0.0,0.0,-0.001431,0.0,-0.004281,0.0,-0.002293,-0.008499,-0.0,-0.0,-0.004815,0.0,0.0,0.0,-0.0,-0.004836,-0.006013,0.0,-0.003556,-0.002996,-0.007539,-0.00759,0.0,-0.007141,0.0,-0.005836,-0.001925,0.0,-0.001243,-0.009126,-0.005922,-0.005266,-0.005262,-0.007775,-0.00139,-0.000936,-0.001161,0.0,-5e-06,-0.003264,-0.003881,-0.005783
2017-05-27 15:03:00+02:00,0.0,0.0,-4.3e-05,-0.005111,-0.0,0.0,-0.000677,-0.001291,-0.004668,-0.0,0.0,0.0,-0.00601,-0.006065,-0.002602,-0.006624,-0.0,0.0,0.0,-0.007118,0.0,-0.007239,-0.002356,0.0,-0.008159,-0.007653,-0.001068,0.0,-0.001164,-0.0,0.0,-0.004886,0.0,-0.004683,-0.005933,0.0,-0.000704,-0.001953,0.0,-0.008803,-0.001304,0.0,-0.003004,0.0,-0.0,-0.001856,-0.001706,-0.003522,-0.002462,0.0,0.0,-0.004383,-0.004386,-0.006065,0.0,0.0,-0.0,0.0,0.0,-0.000703,-0.004242,-0.008381,-0.004508,0.0,-0.000217,-0.007029,-0.000374,-0.003712,0.0,-0.000381,-0.002008,-0.0,0.0,-0.00465,-0.00609,0.0,-0.0,0.0,-0.001457,0.0,-0.004244,0.0,-0.002271,-0.008581,-0.0,-0.0,-0.004791,0.0,0.0,0.0,-0.0,-0.004793,-0.00601,0.0,-0.003531,-0.003055,-0.00746,-0.007509,0.0,-0.007217,0.0,-0.005788,-0.001927,0.0,-0.001258,-0.009094,-0.005912,-0.00533,-0.005218,-0.007691,-0.001406,-0.000924,-0.001167,0.0,-5e-06,-0.00327,-0.003847,-0.005765
2017-05-27 15:04:00+02:00,0.0,0.0,-4.2e-05,-0.005068,-0.0,0.0,-0.000684,-0.001295,-0.004693,-0.0,0.0,0.0,-0.005989,-0.006047,-0.002631,-0.006564,-0.0,0.0,0.0,-0.007097,0.0,-0.007218,-0.002366,0.0,-0.008212,-0.007575,-0.001072,0.0,-0.00115,-0.0,0.0,-0.00492,0.0,-0.004719,-0.005961,0.0,-0.000739,-0.001963,0.0,-0.00883,-0.001311,0.0,-0.002998,0.0,-0.0,-0.001833,-0.001687,-0.003508,-0.002484,0.0,0.0,-0.004373,-0.00435,-0.006047,0.0,0.0,-0.0,0.0,0.0,-0.000721,-0.004231,-0.008428,-0.004469,0.0,-0.000218,-0.006963,-0.000383,-0.003698,0.0,-0.000392,-0.002004,-0.0,0.0,-0.004642,-0.006075,0.0,-0.0,0.0,-0.00147,0.0,-0.004207,0.0,-0.002245,-0.008631,-0.0,-0.0,-0.004765,0.0,0.0,0.0,-0.0,-0.004748,-0.005989,0.0,-0.003505,-0.003094,-0.007384,-0.007431,0.0,-0.007265,0.0,-0.005737,-0.00192,0.0,-0.001264,-0.00906,-0.005889,-0.005371,-0.005172,-0.007609,-0.001412,-0.000911,-0.001164,0.0,-4e-06,-0.003263,-0.003811,-0.005742
2017-05-27 15:05:00+02:00,0.0,0.0,-3.3e-05,-0.005007,-0.0,0.0,-0.000675,-0.001282,-0.004701,-0.0,0.0,0.0,-0.005992,-0.00605,-0.002643,-0.00649,-0.0,0.0,0.0,-0.007034,0.0,-0.007155,-0.002345,0.0,-0.008235,-0.007486,-0.00106,0.0,-0.001123,-0.0,0.0,-0.004935,0.0,-0.004736,-0.005988,0.0,-0.000752,-0.001944,0.0,-0.008853,-0.001298,0.0,-0.002953,0.0,-0.0,-0.001789,-0.001658,-0.003472,-0.002491,0.0,0.0,-0.004336,-0.004305,-0.00605,0.0,0.0,-0.0,0.0,0.0,-0.000711,-0.004193,-0.008444,-0.004411,0.0,-0.000188,-0.006884,-0.000377,-0.003661,0.0,-0.000386,-0.001975,-0.0,0.0,-0.004605,-0.006079,0.0,-0.0,0.0,-0.001455,0.0,-0.004161,0.0,-0.002199,-0.00865,-0.0,-0.0,-0.004765,0.0,0.0,0.0,-0.0,-0.004697,-0.005992,0.0,-0.003467,-0.003107,-0.007298,-0.007343,0.0,-0.007283,0.0,-0.005671,-0.001892,0.0,-0.001251,-0.009062,-0.005892,-0.005385,-0.00511,-0.007518,-0.0014,-0.000886,-0.001141,0.0,-3e-06,-0.003215,-0.003757,-0.005744
2017-05-27 15:06:00+02:00,0.0,0.0,-2.7e-05,-0.004968,-0.0,0.0,-0.000663,-0.001264,-0.004714,-0.0,0.0,0.0,-0.005995,-0.006053,-0.002662,-0.006439,-0.0,0.0,0.0,-0.007003,0.0,-0.007125,-0.002316,0.0,-0.008266,-0.007424,-0.001043,0.0,-0.001107,-0.0,0.0,-0.004955,0.0,-0.004759,-0.006009,0.0,-0.000774,-0.001915,0.0,-0.008869,-0.001279,0.0,-0.002934,0.0,-0.0,-0.001762,-0.001639,-0.003453,-0.002502,0.0,0.0,-0.00432,-0.004276,-0.006053,0.0,0.0,-0.0,0.0,0.0,-0.000697,-0.004176,-0.008468,-0.004374,0.0,-0.000178,-0.00683,-0.00037,-0.003641,0.0,-0.000378,-0.001963,-0.0,0.0,-0.004591,-0.006082,0.0,-0.0,0.0,-0.001432,0.0,-0.00413,0.0,-0.002171,-0.008678,-0.0,-0.0,-0.004754,0.0,0.0,0.0,-0.0,-0.004662,-0.005995,0.0,-0.003444,-0.003128,-0.007238,-0.007281,0.0,-0.007308,0.0,-0.005627,-0.001878,0.0,-0.001233,-0.00906,-0.005893,-0.005407,-0.005069,-0.007454,-0.001382,-0.000871,-0.001132,0.0,-3e-06,-0.003195,-0.003723,-0.005745
2017-05-27 15:07:00+02:00,0.0,0.0,-2.1e-05,-0.004951,-0.0,0.0,-0.000656,-0.001252,-0.004719,-0.0,0.0,0.0,-0.005995,-0.006054,-0.002675,-0.006413,-0.0,0.0,0.0,-0.006976,0.0,-0.007098,-0.002296,0.0,-0.008283,-0.007389,-0.001032,0.0,-0.001102,-0.0,0.0,-0.004967,0.0,-0.004774,-0.006025,0.0,-0.000792,-0.001896,0.0,-0.008877,-0.001267,0.0,-0.002924,0.0,-0.0,-0.001755,-0.001631,-0.003437,-0.002509,0.0,0.0,-0.004307,-0.004263,-0.006054,0.0,0.0,-0.0,0.0,0.0,-0.000689,-0.004162,-0.008478,-0.004358,0.0,-0.000178,-0.006801,-0.000365,-0.003624,0.0,-0.000373,-0.001956,-0.0,0.0,-0.004579,-0.006084,0.0,-0.0,0.0,-0.001418,0.0,-0.004114,0.0,-0.002163,-0.00869,-0.0,-0.0,-0.004735,0.0,0.0,0.0,-0.0,-0.004645,-0.005995,0.0,-0.003436,-0.003143,-0.007205,-0.007246,0.0,-0.007321,0.0,-0.005605,-0.001869,0.0,-0.001221,-0.009037,-0.00589,-0.00542,-0.005049,-0.007417,-0.00137,-0.000867,-0.001128,0.0,-2e-06,-0.003183,-0.003709,-0.005736
2017-05-27 15:08:00+02:00,0.0,0.0,-1.7e-05,-0.004923,-0.0,0.0,-0.000652,-0.001245,-0.004717,-0.0,0.0,0.0,-0.005989,-0.006054,-0.002682,-0.006375,-0.0,0.0,0.0,-0.006932,0.0,-0.007054,-0.002286,0.0,-0.008286,-0.007344,-0.001026,0.0,-0.001092,-0.0,0.0,-0.004972,0.0,-0.004781,-0.006037,0.0,-0.0008,-0.001888,0.0,-0.008878,-0.001262,0.0,-0.002898,0.0,-0.0,-0.001739,-0.001617,-0.003411,-0.00251,0.0,0.0,-0.004284,-0.004244,-0.006054,0.0,0.0,-0.0,0.0,0.0,-0.000686,-0.004137,-0.008476,-0.004333,0.0,-0.000164,-0.00676,-0.000363,-0.003598,0.0,-0.000371,-0.00194,-0.0,0.0,-0.004558,-0.006084,0.0,-0.0,0.0,-0.001411,0.0,-0.004092,0.0,-0.002146,-0.008691,-0.0,-0.0,-0.004713,0.0,0.0,0.0,-0.0,-0.004621,-0.005989,0.0,-0.003421,-0.003148,-0.007162,-0.007201,0.0,-0.007321,0.0,-0.005573,-0.001851,0.0,-0.001215,-0.009005,-0.005881,-0.005421,-0.005019,-0.007369,-0.001364,-0.000858,-0.001116,0.0,-2e-06,-0.003155,-0.003685,-0.005724
2017-05-27 15:09:00+02:00,0.0,0.0,-1.4e-05,-0.004901,-0.0,0.0,-0.000649,-0.001239,-0.004712,-0.0,0.0,0.0,-0.005985,-0.006052,-0.002689,-0.006341,-0.0,0.0,0.0,-0.006893,0.0,-0.007016,-0.002278,0.0,-0.008284,-0.007303,-0.001021,0.0,-0.001085,-0.0,0.0,-0.004975,0.0,-0.004788,-0.006047,0.0,-0.000811,-0.001882,0.0,-0.008845,-0.001258,0.0,-0.002878,0.0,-0.0,-0.001729,-0.001607,-0.00339,-0.002511,0.0,0.0,-0.004265,-0.004228,-0.006052,0.0,0.0,-0.0,0.0,0.0,-0.000685,-0.004118,-0.008469,-0.004312,0.0,-0.000157,-0.006724,-0.000362,-0.003576,0.0,-0.000371,-0.001928,-0.0,0.0,-0.004541,-0.006084,0.0,-0.0,0.0,-0.001407,0.0,-0.004074,0.0,-0.002134,-0.008686,-0.0,-0.0,-0.004691,0.0,0.0,0.0,-0.0,-0.004602,-0.005985,0.0,-0.003411,-0.003153,-0.007123,-0.00716,0.0,-0.007316,0.0,-0.005545,-0.001837,0.0,-0.001212,-0.008972,-0.005874,-0.00542,-0.004993,-0.007327,-0.00136,-0.000853,-0.001107,0.0,-1e-06,-0.003133,-0.003665,-0.005715
2017-05-27 15:10:00+02:00,0.0,0.0,-1.4e-05,-0.004885,-0.0,0.0,-0.000655,-0.001243,-0.004709,-0.0,0.0,0.0,-0.005976,-0.006044,-0.002701,-0.006315,-0.0,0.0,0.0,-0.006867,0.0,-0.006991,-0.002287,0.0,-0.008285,-0.007269,-0.001025,0.0,-0.001083,-0.0,0.0,-0.00498,0.0,-0.004797,-0.006053,0.0,-0.00083,-0.001892,0.0,-0.008817,-0.001266,0.0,-0.002872,0.0,-0.0,-0.001727,-0.0016,-0.003375,-0.002516,0.0,0.0,-0.004255,-0.004218,-0.006044,0.0,0.0,-0.0,0.0,0.0,-0.0007,-0.004106,-0.008467,-0.004298,0.0,-0.000164,-0.006695,-0.000369,-0.00356,0.0,-0.00038,-0.001924,-0.0,0.0,-0.004533,-0.006079,0.0,-0.0,0.0,-0.001419,0.0,-0.004061,0.0,-0.002131,-0.008688,-0.0,-0.0,-0.004669,0.0,0.0,0.0,-0.0,-0.004587,-0.005976,0.0,-0.003406,-0.003165,-0.007091,-0.007127,0.0,-0.007315,0.0,-0.005524,-0.001831,0.0,-0.001218,-0.008944,-0.005863,-0.005424,-0.004974,-0.007292,-0.001367,-0.000852,-0.001107,0.0,-1e-06,-0.003124,-0.003654,-0.005701
2017-05-27 15:11:00+02:00,0.0,0.0,-1.8e-05,-0.004872,-0.0,0.0,-0.000659,-0.001244,-0.004701,-0.0,0.0,0.0,-0.005963,-0.006033,-0.00271,-0.006292,-0.0,0.0,0.0,-0.006843,0.0,-0.006968,-0.002291,0.0,-0.008279,-0.007239,-0.001027,0.0,-0.001083,-0.0,0.0,-0.00498,0.0,-0.004802,-0.006056,0.0,-0.000846,-0.001897,0.0,-0.008788,-0.00127,0.0,-0.00287,0.0,-0.0,-0.001727,-0.001595,-0.003361,-0.002518,0.0,0.0,-0.004245,-0.004209,-0.006033,0.0,0.0,-0.0,0.0,0.0,-0.000711,-0.004095,-0.008459,-0.004287,0.0,-0.000174,-0.00667,-0.000375,-0.003545,0.0,-0.000388,-0.001923,-0.0,0.0,-0.004526,-0.006068,0.0,-0.0,0.0,-0.001427,0.0,-0.004049,0.0,-0.00213,-0.008682,-0.0,-0.0,-0.004647,0.0,0.0,0.0,-0.0,-0.004574,-0.005963,0.0,-0.003402,-0.003173,-0.007063,-0.007097,0.0,-0.007308,0.0,-0.005506,-0.001826,0.0,-0.001222,-0.008915,-0.005847,-0.005424,-0.004958,-0.00726,-0.001371,-0.000853,-0.001109,0.0,-1e-06,-0.003119,-0.003644,-0.005684
2017-05-27 15:12:00+02:00,0.0,0.0,-2.2e-05,-0.00486,-0.0,0.0,-0.000661,-0.001243,-0.004691,-0.0,0.0,0.0,-0.005959,-0.00603,-0.002716,-0.00627,-0.0,0.0,0.0,-0.006809,0.0,-0.006935,-0.002293,0.0,-0.008269,-0.007211,-0.001027,0.0,-0.001083,-0.0,0.0,-0.004977,0.0,-0.004803,-0.006058,0.0,-0.000859,-0.0019,0.0,-0.00877,-0.001272,0.0,-0.002863,0.0,-0.0,-0.001728,-0.001589,-0.003343,-0.002517,0.0,0.0,-0.004229,-0.0042,-0.00603,0.0,0.0,-0.0,0.0,0.0,-0.000721,-0.004078,-0.008444,-0.004277,0.0,-0.000182,-0.006645,-0.000379,-0.003526,0.0,-0.000395,-0.001919,-0.0,0.0,-0.004511,-0.006067,0.0,-0.0,0.0,-0.001432,0.0,-0.004037,0.0,-0.002129,-0.00867,-0.0,-0.0,-0.004632,0.0,0.0,0.0,-0.0,-0.004562,-0.005959,0.0,-0.003398,-0.003177,-0.007036,-0.00707,0.0,-0.007295,0.0,-0.005489,-0.001819,0.0,-0.001224,-0.008897,-0.005841,-0.00542,-0.004942,-0.007231,-0.001373,-0.000854,-0.001109,0.0,-1e-06,-0.00311,-0.003636,-0.005675
2017-05-27 15:13:00+02:00,0.0,0.0,-3.1e-05,-0.004858,-0.0,0.0,-0.000668,-0.001247,-0.004689,-0.0,0.0,0.0,-0.005958,-0.00603,-0.002729,-0.006259,-0.0,0.0,0.0,-0.00678,0.0,-0.006907,-0.002302,0.0,-0.008272,-0.007195,-0.001031,0.0,-0.001087,-0.0,0.0,-0.004982,0.0,-0.004812,-0.00606,0.0,-0.000881,-0.00191,0.0,-0.008756,-0.001279,0.0,-0.00286,0.0,-0.0,-0.001736,-0.001589,-0.003327,-0.002523,0.0,0.0,-0.004216,-0.004199,-0.00603,0.0,0.0,-0.0,0.0,0.0,-0.000737,-0.004064,-0.008445,-0.004276,0.0,-0.000194,-0.006632,-0.000387,-0.003509,0.0,-0.000405,-0.001917,-0.0,0.0,-0.004501,-0.006067,0.0,-0.0,0.0,-0.001444,0.0,-0.004032,0.0,-0.002137,-0.008673,-0.0,-0.0,-0.004619,0.0,0.0,0.0,-0.0,-0.004557,-0.005958,0.0,-0.003401,-0.003192,-0.007022,-0.007054,0.0,-0.007296,0.0,-0.005483,-0.001814,0.0,-0.00123,-0.008885,-0.005838,-0.005427,-0.004936,-0.007213,-0.001379,-0.00086,-0.00111,0.0,-5e-06,-0.003104,-0.003636,-0.00567
2017-05-27 15:14:00+02:00,0.0,0.0,-4.7e-05,-0.004857,-0.0,0.0,-0.000672,-0.001249,-0.004682,-0.0,0.0,0.0,-0.005941,-0.006016,-0.00274,-0.00625,-0.0,0.0,0.0,-0.006769,0.0,-0.006897,-0.002309,0.0,-0.008267,-0.00718,-0.001033,0.0,-0.001092,-0.0,0.0,-0.004983,0.0,-0.004818,-0.006055,0.0,-0.000901,-0.001917,0.0,-0.008721,-0.001285,0.0,-0.002868,0.0,-0.0,-0.001746,-0.001589,-0.00332,-0.002527,0.0,0.0,-0.004214,-0.004199,-0.006016,0.0,0.0,-0.0,0.0,0.0,-0.00075,-0.00406,-0.00844,-0.004277,0.0,-0.000213,-0.006621,-0.000394,-0.003501,0.0,-0.000414,-0.001921,-0.0,0.0,-0.004502,-0.006055,0.0,-0.0,0.0,-0.001454,0.0,-0.004028,0.0,-0.002146,-0.00867,-0.0,-0.0,-0.004592,0.0,0.0,0.0,-0.0,-0.004553,-0.005941,0.0,-0.003404,-0.003203,-0.00701,-0.00704,0.0,-0.00729,0.0,-0.005477,-0.001815,0.0,-0.001235,-0.008849,-0.005819,-0.00543,-0.004932,-0.007198,-0.001384,-0.000866,-0.001118,0.0,-1.1e-05,-0.003109,-0.003638,-0.005649
2017-05-27 15:15:00+02:00,0.0,0.0,-5e-05,-0.004841,-0.0,0.0,-0.000668,-0.001241,-0.004662,-0.0,0.0,0.0,-0.005925,-0.006002,-0.002738,-0.006224,-0.0,0.0,0.0,-0.006737,0.0,-0.006865,-0.002296,0.0,-0.00824,-0.007149,-0.001026,0.0,-0.001089,-0.0,0.0,-0.004969,0.0,-0.004809,-0.006042,0.0,-0.000906,-0.001907,0.0,-0.008688,-0.001278,0.0,-0.002858,0.0,-0.0,-0.001743,-0.001581,-0.003302,-0.002519,0.0,0.0,-0.004199,-0.004187,-0.006002,0.0,0.0,-0.0,0.0,0.0,-0.000747,-0.004044,-0.008411,-0.004262,0.0,-0.000218,-0.006593,-0.000392,-0.003482,0.0,-0.000412,-0.001915,-0.0,0.0,-0.004488,-0.006042,0.0,-0.0,0.0,-0.001446,0.0,-0.004014,0.0,-0.002141,-0.008643,-0.0,-0.0,-0.004567,0.0,0.0,0.0,-0.0,-0.004538,-0.005925,0.0,-0.003398,-0.003197,-0.006982,-0.007011,0.0,-0.007263,0.0,-0.005456,-0.001806,0.0,-0.001228,-0.008814,-0.005801,-0.005414,-0.004913,-0.007166,-0.001377,-0.000864,-0.001115,0.0,-9e-06,-0.003097,-0.003625,-0.005629
2017-05-27 15:16:00+02:00,0.0,0.0,-5.6e-05,-0.004821,-3e-06,0.0,-0.000731,-0.001318,-0.004725,-0.0,0.0,0.0,-0.005921,-0.006,-0.002806,-0.006193,-0.0,0.0,0.0,-0.006704,0.0,-0.006833,-0.002443,0.0,-0.00836,-0.007112,-0.001104,0.0,-0.001086,-0.0,0.0,-0.005049,0.0,-0.004893,-0.006041,0.0,-0.000984,-0.002056,0.0,-0.008664,-0.001387,0.0,-0.002848,0.0,-0.0,-0.001737,-0.001572,-0.003284,-0.002572,0.0,0.0,-0.004184,-0.004173,-0.006,0.0,0.0,-0.0,0.0,0.0,-0.00085,-0.004028,-0.008513,-0.004244,0.0,-0.000225,-0.006559,-0.000445,-0.003463,0.0,-0.000477,-0.001909,-0.0,0.0,-0.004475,-0.006041,0.0,-0.0,0.0,-0.001573,0.0,-0.003997,0.0,-0.002134,-0.00874,-0.0,-0.0,-0.004548,0.0,0.0,0.0,-0.0,-0.00452,-0.005921,0.0,-0.003389,-0.003285,-0.006948,-0.006976,0.0,-0.007376,0.0,-0.005431,-0.001797,0.0,-0.001325,-0.008789,-0.005795,-0.005509,-0.00489,-0.007129,-0.001469,-0.000862,-0.001114,0.0,-9.7e-05,-0.003084,-0.003609,-0.00562
2017-05-27 15:17:00+02:00,0.0,0.0,-6.2e-05,-0.004794,-2e-06,0.0,-0.000773,-0.00137,-0.004761,-0.0,0.0,0.0,-0.005922,-0.006001,-0.002848,-0.006156,-0.0,0.0,0.0,-0.006686,0.0,-0.006815,-0.00254,0.0,-0.008432,-0.007069,-0.001156,0.0,-0.001078,-0.0,0.0,-0.005099,0.0,-0.004946,-0.006043,0.0,-0.00103,-0.002157,0.0,-0.008646,-0.001462,0.0,-0.002846,0.0,-0.0,-0.001726,-0.00156,-0.003274,-0.002602,0.0,0.0,-0.004179,-0.004154,-0.006001,0.0,0.0,-0.0,0.0,0.0,-0.000916,-0.004021,-0.008577,-0.00422,0.0,-0.000232,-0.006519,-0.000479,-0.003451,0.0,-0.000518,-0.001908,-0.0,0.0,-0.004472,-0.006043,0.0,-0.0,0.0,-0.001656,0.0,-0.003976,0.0,-0.002121,-0.008811,-0.0,-0.0,-0.004535,0.0,0.0,0.0,-0.0,-0.004498,-0.005922,0.0,-0.003376,-0.003335,-0.006907,-0.006934,0.0,-0.007442,0.0,-0.005399,-0.001793,0.0,-0.001391,-0.008774,-0.005795,-0.005563,-0.004861,-0.007085,-0.001531,-0.000856,-0.001114,0.0,-0.000153,-0.00308,-0.003587,-0.005619
2017-05-27 15:18:00+02:00,0.0,0.0,-7.1e-05,-0.00477,-2e-06,0.0,-0.000802,-0.001405,-0.004784,-0.0,0.0,0.0,-0.005909,-0.005992,-0.002877,-0.006122,-0.0,0.0,0.0,-0.00667,0.0,-0.0068,-0.002609,0.0,-0.00848,-0.00703,-0.001192,0.0,-0.001071,-0.0,0.0,-0.005133,0.0,-0.004984,-0.006035,0.0,-0.001063,-0.002229,0.0,-0.008611,-0.001516,0.0,-0.002846,0.0,-0.0,-0.001714,-0.001549,-0.003264,-0.002622,0.0,0.0,-0.004175,-0.004138,-0.005992,0.0,0.0,-0.0,0.0,0.0,-0.000962,-0.004015,-0.008617,-0.004197,0.0,-0.000242,-0.006483,-0.000503,-0.003441,0.0,-0.000548,-0.001909,-0.0,0.0,-0.00447,-0.006035,0.0,-0.0,0.0,-0.001716,0.0,-0.003957,0.0,-0.002108,-0.008857,-0.0,-0.0,-0.00451,0.0,0.0,0.0,-0.0,-0.004478,-0.005909,0.0,-0.003364,-0.003369,-0.006871,-0.006896,0.0,-0.007484,0.0,-0.00537,-0.001791,0.0,-0.001439,-0.008739,-0.005778,-0.005599,-0.004834,-0.007045,-0.001575,-0.00085,-0.001116,0.0,-0.000193,-0.003079,-0.003567,-0.005599
2017-05-27 15:19:00+02:00,0.0,0.0,-7.6e-05,-0.004749,-1e-06,0.0,-0.000822,-0.001429,-0.004799,-0.0,0.0,0.0,-0.005909,-0.005992,-0.0029,-0.006093,-0.0,0.0,0.0,-0.006647,0.0,-0.006778,-0.002656,0.0,-0.008515,-0.006996,-0.001217,0.0,-0.001065,-0.0,0.0,-0.005158,0.0,-0.005012,-0.006036,0.0,-0.001088,-0.002279,0.0,-0.008603,-0.001555,0.0,-0.002842,0.0,-0.0,-0.001706,-0.001539,-0.003251,-0.002635,0.0,0.0,-0.004166,-0.004125,-0.005992,0.0,0.0,-0.0,0.0,0.0,-0.000993,-0.004005,-0.008642,-0.004178,0.0,-0.000248,-0.006452,-0.000519,-0.003427,0.0,-0.000567,-0.001907,-0.0,0.0,-0.004464,-0.006036,0.0,-0.0,0.0,-0.001757,0.0,-0.003941,0.0,-0.002099,-0.008887,-0.0,-0.0,-0.004498,0.0,0.0,0.0,-0.0,-0.004462,-0.005909,0.0,-0.003355,-0.003393,-0.00684,-0.006864,0.0,-0.007514,0.0,-0.005345,-0.001785,0.0,-0.001472,-0.00873,-0.005777,-0.005623,-0.004811,-0.007011,-0.001606,-0.000845,-0.001116,0.0,-0.00022,-0.003073,-0.00355,-0.005596
2017-05-27 15:20:00+02:00,0.0,0.0,-6.8e-05,-0.004728,-1e-06,0.0,-0.00083,-0.001439,-0.004805,-0.0,0.0,0.0,-0.005907,-0.005993,-0.002913,-0.006064,-0.0,0.0,0.0,-0.006591,0.0,-0.006722,-0.002679,0.0,-0.008533,-0.006963,-0.001229,0.0,-0.001059,-0.0,0.0,-0.005173,0.0,-0.00503,-0.006037,0.0,-0.001101,-0.002306,0.0,-0.008584,-0.001577,0.0,-0.002819,0.0,-0.0,-0.001695,-0.001529,-0.003216,-0.002641,0.0,0.0,-0.004135,-0.004112,-0.005993,0.0,0.0,-0.0,0.0,0.0,-0.001006,-0.003973,-0.008653,-0.004159,0.0,-0.000239,-0.006421,-0.000525,-0.003395,0.0,-0.000576,-0.001892,-0.0,0.0,-0.004434,-0.006037,0.0,-0.0,0.0,-0.001777,0.0,-0.003925,0.0,-0.002087,-0.008902,-0.0,-0.0,-0.004481,0.0,0.0,0.0,-0.0,-0.004446,-0.005907,0.0,-0.003346,-0.003404,-0.00681,-0.006832,0.0,-0.007527,0.0,-0.00532,-0.00177,0.0,-0.00149,-0.008711,-0.005772,-0.005634,-0.004788,-0.006978,-0.001621,-0.000839,-0.001105,0.0,-0.00023,-0.003048,-0.003531,-0.005588
2017-05-27 15:21:00+02:00,0.0,0.0,-5.4e-05,-0.004707,-1e-06,0.0,-0.000833,-0.001441,-0.004805,-0.0,0.0,0.0,-0.005908,-0.005994,-0.002922,-0.006036,-0.0,0.0,0.0,-0.006525,0.0,-0.006656,-0.002686,0.0,-0.008541,-0.006932,-0.001233,0.0,-0.001052,-0.0,0.0,-0.005181,0.0,-0.005042,-0.006039,0.0,-0.00111,-0.002317,0.0,-0.008577,-0.001588,0.0,-0.002788,0.0,-0.0,-0.001684,-0.001519,-0.003175,-0.002643,0.0,0.0,-0.004097,-0.004099,-0.005994,0.0,0.0,-0.0,0.0,0.0,-0.00101,-0.003935,-0.008654,-0.004139,0.0,-0.000225,-0.006392,-0.000526,-0.003357,0.0,-0.000579,-0.001873,-0.0,0.0,-0.004397,-0.006039,0.0,-0.0,0.0,-0.001783,0.0,-0.00391,0.0,-0.002074,-0.008907,-0.0,-0.0,-0.00447,0.0,0.0,0.0,-0.0,-0.004431,-0.005908,0.0,-0.003337,-0.00341,-0.006782,-0.006802,0.0,-0.007531,0.0,-0.005296,-0.001749,0.0,-0.001497,-0.008704,-0.005772,-0.005637,-0.004765,-0.006946,-0.001626,-0.000833,-0.001091,0.0,-0.000233,-0.003015,-0.003513,-0.005586
2017-05-27 15:22:00+02:00,0.0,0.0,-5.7e-05,-0.00471,-1e-06,0.0,-0.000843,-0.001453,-0.004808,-0.0,0.0,0.0,-0.005905,-0.005994,-0.002935,-0.006034,-0.0,0.0,0.0,-0.006491,0.0,-0.00662,-0.00271,0.0,-0.008554,-0.006926,-0.001245,0.0,-0.001056,-0.0,0.0,-0.005191,0.0,-0.005056,-0.00604,0.0,-0.001127,-0.002343,0.0,-0.008573,-0.001608,0.0,-0.002779,0.0,-0.0,-0.001692,-0.001519,-0.003151,-0.002648,0.0,0.0,-0.004078,-0.004102,-0.005994,0.0,0.0,-0.0,0.0,0.0,-0.001029,-0.003915,-0.008663,-0.004142,0.0,-0.000228,-0.006389,-0.000535,-0.003335,0.0,-0.000591,-0.001867,-0.0,0.0,-0.00438,-0.00604,0.0,-0.0,0.0,-0.001805,0.0,-0.00391,0.0,-0.002083,-0.008919,-0.0,-0.0,-0.00446,0.0,0.0,0.0,-0.0,-0.004432,-0.005905,0.0,-0.003343,-0.003423,-0.006779,-0.006798,0.0,-0.007541,0.0,-0.005295,-0.001741,0.0,-0.001514,-0.0087,-0.005766,-0.005648,-0.004766,-0.00694,-0.001642,-0.000838,-0.001087,0.0,-0.000251,-0.003004,-0.003517,-0.005579
2017-05-27 15:23:00+02:00,0.0,0.0,-5.2e-05,-0.004706,-1e-06,0.0,-0.000842,-0.001451,-0.004803,-0.0,0.0,0.0,-0.005907,-0.005997,-0.00294,-0.006026,-0.0,0.0,0.0,-0.006455,0.0,-0.006584,-0.002709,0.0,-0.008555,-0.006917,-0.001244,0.0,-0.001054,-0.0,0.0,-0.005193,0.0,-0.005061,-0.006044,0.0,-0.001132,-0.002346,0.0,-0.008574,-0.001611,0.0,-0.002763,0.0,-0.0,-0.001691,-0.001514,-0.003126,-0.002647,0.0,0.0,-0.004058,-0.004102,-0.005997,0.0,0.0,-0.0,0.0,0.0,-0.001028,-0.003894,-0.00866,-0.004137,0.0,-0.000222,-0.006381,-0.000534,-0.003312,0.0,-0.000591,-0.001857,-0.0,0.0,-0.004361,-0.006044,0.0,-0.0,0.0,-0.001806,0.0,-0.003906,0.0,-0.002081,-0.008919,-0.0,-0.0,-0.004457,0.0,0.0,0.0,-0.0,-0.004429,-0.005907,0.0,-0.003344,-0.003425,-0.006773,-0.006791,0.0,-0.007539,0.0,-0.005289,-0.001729,0.0,-0.001516,-0.008702,-0.005768,-0.005648,-0.00476,-0.00693,-0.001642,-0.000837,-0.00108,0.0,-0.00025,-0.002987,-0.003512,-0.00558
2017-05-27 15:24:00+02:00,0.0,0.0,-4.9e-05,-0.004699,-0.0,0.0,-0.000839,-0.001447,-0.004797,-0.0,0.0,0.0,-0.005903,-0.005997,-0.002945,-0.006016,-0.0,0.0,0.0,-0.006426,0.0,-0.006555,-0.002706,0.0,-0.008553,-0.006905,-0.001242,0.0,-0.001052,-0.0,0.0,-0.005194,0.0,-0.005067,-0.006045,0.0,-0.001137,-0.002345,0.0,-0.008543,-0.001613,0.0,-0.002752,0.0,-0.0,-0.001688,-0.001509,-0.003106,-0.002645,0.0,0.0,-0.004043,-0.0041,-0.005997,0.0,0.0,-0.0,0.0,0.0,-0.001026,-0.003877,-0.008654,-0.004131,0.0,-0.00022,-0.00637,-0.000533,-0.003294,0.0,-0.00059,-0.00185,-0.0,0.0,-0.004349,-0.006045,0.0,-0.0,0.0,-0.001804,0.0,-0.003902,0.0,-0.002078,-0.008916,-0.0,-0.0,-0.004431,0.0,0.0,0.0,-0.0,-0.004426,-0.005903,0.0,-0.003344,-0.003425,-0.006763,-0.00678,0.0,-0.007535,0.0,-0.00528,-0.00172,0.0,-0.001515,-0.008669,-0.00576,-0.005647,-0.004751,-0.006918,-0.001641,-0.000835,-0.001075,0.0,-0.000249,-0.002974,-0.003506,-0.005568
2017-05-27 15:25:00+02:00,0.0,0.0,-4.7e-05,-0.004678,-0.0,0.0,-0.000838,-0.001445,-0.004787,-0.0,0.0,0.0,-0.0059,-0.005996,-0.002947,-0.005985,-0.0,0.0,0.0,-0.006391,0.0,-0.006522,-0.002705,0.0,-0.008542,-0.006868,-0.00124,0.0,-0.001046,-0.0,0.0,-0.005191,0.0,-0.005067,-0.006046,0.0,-0.001139,-0.002346,0.0,-0.00851,-0.001615,0.0,-0.002739,0.0,-0.0,-0.001678,-0.001499,-0.003085,-0.002641,0.0,0.0,-0.004026,-0.004086,-0.005996,0.0,0.0,-0.0,0.0,0.0,-0.001025,-0.00386,-0.008638,-0.004111,0.0,-0.000217,-0.006337,-0.000531,-0.003273,0.0,-0.00059,-0.001842,-0.0,0.0,-0.004334,-0.006046,0.0,-0.0,0.0,-0.001804,0.0,-0.003885,0.0,-0.002067,-0.008904,-0.0,-0.0,-0.004412,0.0,0.0,0.0,-0.0,-0.004408,-0.0059,0.0,-0.003335,-0.003421,-0.00673,-0.006745,0.0,-0.00752,0.0,-0.005254,-0.001711,0.0,-0.001517,-0.008638,-0.005755,-0.005637,-0.004727,-0.006882,-0.001641,-0.00083,-0.00107,0.0,-0.000249,-0.002959,-0.003487,-0.00556
2017-05-27 15:26:00+02:00,0.0,0.0,-3.8e-05,-0.004648,-0.0,0.0,-0.000834,-0.00144,-0.00477,-0.0,0.0,0.0,-0.005886,-0.005984,-0.002945,-0.005949,-0.0,0.0,0.0,-0.006321,0.0,-0.006451,-0.002698,0.0,-0.00852,-0.00683,-0.001236,0.0,-0.001034,-0.0,0.0,-0.005181,0.0,-0.005061,-0.006039,0.0,-0.001138,-0.002341,0.0,-0.008474,-0.001614,0.0,-0.002691,0.0,-0.0,-0.001658,-0.001484,-0.003044,-0.002632,0.0,0.0,-0.003985,-0.004068,-0.005984,0.0,0.0,-0.0,0.0,0.0,-0.00102,-0.003819,-0.00861,-0.004083,0.0,-0.000189,-0.006301,-0.000528,-0.003233,0.0,-0.000587,-0.001811,-0.0,0.0,-0.004294,-0.006039,0.0,-0.0,0.0,-0.001799,0.0,-0.003865,0.0,-0.002046,-0.008879,-0.0,-0.0,-0.004387,0.0,0.0,0.0,-0.0,-0.004389,-0.005886,0.0,-0.00332,-0.003411,-0.006694,-0.006708,0.0,-0.007495,0.0,-0.005221,-0.00168,0.0,-0.001514,-0.008603,-0.005738,-0.005619,-0.004696,-0.006842,-0.001638,-0.000819,-0.001047,0.0,-0.000248,-0.002908,-0.00346,-0.005542
2017-05-27 15:27:00+02:00,0.0,0.0,-3e-05,-0.004615,-0.0,0.0,-0.000833,-0.001436,-0.004739,-0.0,0.0,0.0,-0.005878,-0.005979,-0.002938,-0.005911,-0.0,0.0,0.0,-0.006263,0.0,-0.006392,-0.002694,0.0,-0.008474,-0.006788,-0.001233,0.0,-0.00102,-0.0,0.0,-0.005158,0.0,-0.005045,-0.006035,0.0,-0.001136,-0.00234,0.0,-0.008456,-0.001615,0.0,-0.002653,0.0,-0.0,-0.001637,-0.001468,-0.00301,-0.00262,0.0,0.0,-0.003952,-0.004048,-0.005979,0.0,0.0,-0.0,0.0,0.0,-0.00102,-0.003784,-0.008573,-0.004051,0.0,-0.000172,-0.006261,-0.000527,-0.003199,0.0,-0.000588,-0.001788,-0.0,0.0,-0.004262,-0.006035,0.0,-0.0,0.0,-0.001797,0.0,-0.003843,0.0,-0.002022,-0.008844,-0.0,-0.0,-0.004368,0.0,0.0,0.0,-0.0,-0.004366,-0.005878,0.0,-0.003303,-0.003397,-0.006655,-0.006668,0.0,-0.007456,0.0,-0.005185,-0.001656,0.0,-0.001513,-0.008584,-0.005728,-0.005594,-0.004662,-0.0068,-0.001637,-0.000807,-0.00103,0.0,-0.000252,-0.002868,-0.003431,-0.005531
2017-05-27 15:28:00+02:00,0.0,0.0,-2.4e-05,-0.004565,-0.0,0.0,-0.00083,-0.00143,-0.004694,-0.0,0.0,0.0,-0.005879,-0.00598,-0.002924,-0.005855,-0.0,0.0,0.0,-0.006211,0.0,-0.00634,-0.002686,0.0,-0.008405,-0.006729,-0.001228,0.0,-0.000999,-0.0,0.0,-0.005123,0.0,-0.005017,-0.006037,0.0,-0.001126,-0.002334,0.0,-0.008449,-0.001612,0.0,-0.002621,0.0,-0.0,-0.0016,-0.001444,-0.002979,-0.002602,0.0,0.0,-0.003922,-0.004016,-0.00598,0.0,0.0,-0.0,0.0,0.0,-0.001017,-0.003755,-0.008523,-0.004003,0.0,-0.000159,-0.006204,-0.000525,-0.003169,0.0,-0.000587,-0.001767,-0.0,0.0,-0.004234,-0.006037,0.0,-0.0,0.0,-0.001793,0.0,-0.00381,0.0,-0.001982,-0.008796,-0.0,-0.0,-0.004359,0.0,0.0,0.0,-0.0,-0.004333,-0.005879,0.0,-0.003273,-0.003374,-0.006601,-0.006612,0.0,-0.0074,0.0,-0.005132,-0.001634,0.0,-0.00151,-0.008577,-0.005729,-0.005559,-0.004612,-0.006742,-0.001632,-0.000787,-0.001016,0.0,-0.000254,-0.002833,-0.003385,-0.005529
2017-05-27 15:29:00+02:00,0.0,0.0,-1.9e-05,-0.004518,-0.0,0.0,-0.000828,-0.001426,-0.004642,-0.0,0.0,0.0,-0.005865,-0.00597,-0.002904,-0.005802,-0.0,0.0,0.0,-0.006175,0.0,-0.006303,-0.002682,0.0,-0.008325,-0.006674,-0.001224,0.0,-0.000979,-0.0,0.0,-0.00508,0.0,-0.004983,-0.006029,0.0,-0.001112,-0.002332,0.0,-0.008423,-0.001611,0.0,-0.002602,0.0,-0.0,-0.001568,-0.001422,-0.002957,-0.002579,0.0,0.0,-0.003903,-0.003985,-0.00597,0.0,0.0,-0.0,0.0,0.0,-0.001019,-0.003734,-0.008464,-0.003958,0.0,-0.000158,-0.006151,-0.000525,-0.003146,0.0,-0.000588,-0.001755,-0.0,0.0,-0.004216,-0.006029,0.0,-0.0,0.0,-0.001792,0.0,-0.003778,0.0,-0.001947,-0.008738,-0.0,-0.0,-0.004334,0.0,0.0,0.0,-0.0,-0.0043,-0.005865,0.0,-0.003245,-0.003343,-0.00655,-0.006559,0.0,-0.007334,0.0,-0.005081,-0.00162,0.0,-0.001508,-0.008549,-0.005711,-0.005515,-0.004564,-0.006687,-0.001631,-0.000769,-0.001009,0.0,-0.00026,-0.002812,-0.003343,-0.005509
2017-05-27 15:30:00+02:00,0.0,0.0,-3.5e-05,-0.004491,-0.0,0.0,-0.000828,-0.001423,-0.004616,-0.0,0.0,0.0,-0.005864,-0.00597,-0.002905,-0.005768,-0.0,0.0,0.0,-0.006177,0.0,-0.006306,-0.00268,0.0,-0.008288,-0.006633,-0.001222,0.0,-0.00097,-0.0,0.0,-0.005063,0.0,-0.004972,-0.00603,0.0,-0.001119,-0.002331,0.0,-0.008407,-0.001611,0.0,-0.002613,0.0,-0.0,-0.001555,-0.001409,-0.002959,-0.002572,0.0,0.0,-0.003909,-0.003967,-0.00597,0.0,0.0,-0.0,0.0,0.0,-0.001024,-0.003739,-0.008435,-0.003933,0.0,-0.00018,-0.006114,-0.000527,-0.003146,0.0,-0.000592,-0.001762,-0.0,0.0,-0.004226,-0.00603,0.0,-0.0,0.0,-0.001794,0.0,-0.003757,0.0,-0.001931,-0.008711,-0.0,-0.0,-0.004318,0.0,0.0,0.0,-0.0,-0.004278,-0.005864,0.0,-0.003231,-0.00334,-0.006514,-0.006522,0.0,-0.007305,0.0,-0.005051,-0.001623,0.0,-0.001507,-0.008533,-0.005708,-0.005501,-0.004537,-0.006646,-0.00163,-0.000762,-0.001018,0.0,-0.000269,-0.002821,-0.003321,-0.005503
2017-05-27 15:31:00+02:00,0.0,0.0,-5.8e-05,-0.004601,-3.1e-05,0.0,-0.000863,-0.001465,-0.004495,-0.0,0.0,0.0,-0.005866,-0.005972,-0.002795,-0.005886,-0.0,0.0,0.0,-0.006188,0.0,-0.006318,-0.002762,0.0,-0.008078,-0.006772,-0.001263,0.0,-0.001022,-0.0,0.0,-0.004934,0.0,-0.004843,-0.005929,0.0,-0.00101,-0.002415,0.0,-0.008269,-0.001669,0.0,-0.002632,0.0,-0.0,-0.001644,-0.001454,-0.002967,-0.002474,0.0,0.0,-0.003923,-0.004055,-0.005972,0.0,0.0,-0.0,0.0,0.0,-0.001084,-0.003751,-0.008206,-0.004037,0.0,-0.000207,-0.006238,-0.000557,-0.00315,0.0,-0.00063,-0.001774,-0.0,0.0,-0.004243,-0.006032,0.0,-0.0,0.0,-0.001866,0.0,-0.003837,0.0,-0.002025,-0.008477,-0.0,-0.0,-0.004306,0.0,0.0,0.0,-0.0,-0.004372,-0.005866,0.0,-0.003314,-0.003184,-0.006656,-0.006663,0.0,-0.007108,0.0,-0.005162,-0.001631,0.0,-0.001561,-0.008521,-0.005708,-0.005324,-0.00464,-0.006789,-0.001683,-0.000814,-0.00103,0.0,-0.000328,-0.002838,-0.003418,-0.005503
2017-05-27 15:32:00+02:00,0.0,0.0,-6e-05,-0.004667,-4.2e-05,0.0,-0.000883,-0.00149,-0.004416,-0.0,0.0,0.0,-0.005866,-0.005973,-0.002715,-0.005954,-0.0,0.0,0.0,-0.006178,0.0,-0.006309,-0.002813,0.0,-0.007941,-0.006852,-0.001288,0.0,-0.001054,-0.0,0.0,-0.004847,0.0,-0.004753,-0.005861,0.0,-0.000928,-0.002468,0.0,-0.008171,-0.001707,0.0,-0.002629,0.0,-0.0,-0.001701,-0.001481,-0.002962,-0.002401,0.0,0.0,-0.003922,-0.004108,-0.005973,0.0,0.0,-0.0,0.0,0.0,-0.001118,-0.003748,-0.008037,-0.0041,0.0,-0.000211,-0.00631,-0.000573,-0.003143,0.0,-0.000652,-0.001772,-0.0,0.0,-0.004244,-0.006034,0.0,-0.0,0.0,-0.00191,0.0,-0.003884,0.0,-0.002084,-0.008306,-0.0,-0.0,-0.00429,0.0,0.0,0.0,-0.0,-0.004428,-0.005866,0.0,-0.003365,-0.003069,-0.006738,-0.006745,0.0,-0.00697,0.0,-0.005227,-0.001626,0.0,-0.001595,-0.008503,-0.005705,-0.005195,-0.004701,-0.006871,-0.001715,-0.000846,-0.00103,0.0,-0.000362,-0.002833,-0.003476,-0.005495
2017-05-27 15:33:00+02:00,0.0,0.0,-4.8e-05,-0.004698,-3.3e-05,0.0,-0.000888,-0.001496,-0.004342,-0.0,0.0,0.0,-0.005866,-0.005974,-0.002637,-0.005986,-0.0,0.0,0.0,-0.006141,0.0,-0.006272,-0.002828,0.0,-0.007814,-0.006892,-0.001295,0.0,-0.00107,-0.0,0.0,-0.004766,0.0,-0.004669,-0.005793,0.0,-0.000845,-0.002486,0.0,-0.008071,-0.001721,0.0,-0.002602,0.0,-0.0,-0.001728,-0.001492,-0.002943,-0.00233,0.0,0.0,-0.003903,-0.004137,-0.005974,0.0,0.0,-0.0,0.0,0.0,-0.001124,-0.003728,-0.007879,-0.004129,0.0,-0.000194,-0.006345,-0.000576,-0.003121,0.0,-0.000656,-0.001756,-0.0,0.0,-0.004227,-0.006037,0.0,-0.0,0.0,-0.001922,0.0,-0.003908,0.0,-0.002113,-0.008146,-0.0,-0.0,-0.004275,0.0,0.0,0.0,-0.0,-0.004459,-0.005866,0.0,-0.003392,-0.002956,-0.006783,-0.006788,0.0,-0.00684,0.0,-0.005257,-0.001609,0.0,-0.001607,-0.008489,-0.005703,-0.005071,-0.004729,-0.006914,-0.001726,-0.000862,-0.001016,0.0,-0.000369,-0.002805,-0.003504,-0.00549
2017-05-27 15:34:00+02:00,0.0,0.0,-3.8e-05,-0.004713,-3.5e-05,0.0,-0.000895,-0.001505,-0.004267,-0.0,0.0,0.0,-0.005857,-0.005972,-0.002572,-0.006001,-0.0,0.0,0.0,-0.006115,0.0,-0.006246,-0.002848,0.0,-0.007686,-0.006914,-0.001304,0.0,-0.001079,-0.0,0.0,-0.004688,0.0,-0.004593,-0.005733,0.0,-0.000781,-0.002509,0.0,-0.007981,-0.001737,0.0,-0.002586,0.0,-0.0,-0.001744,-0.001497,-0.002929,-0.00227,0.0,0.0,-0.003891,-0.004154,-0.005972,0.0,0.0,-0.0,0.0,0.0,-0.001139,-0.003715,-0.007744,-0.004143,0.0,-0.000188,-0.006362,-0.000582,-0.003105,0.0,-0.000666,-0.001746,-0.0,0.0,-0.004217,-0.006037,0.0,-0.0,0.0,-0.001941,0.0,-0.00392,0.0,-0.00213,-0.008008,-0.0,-0.0,-0.004256,0.0,0.0,0.0,-0.0,-0.004477,-0.005857,0.0,-0.003408,-0.002864,-0.006808,-0.006812,0.0,-0.00672,0.0,-0.005271,-0.001598,0.0,-0.001621,-0.008467,-0.005691,-0.004965,-0.004742,-0.006937,-0.00174,-0.000872,-0.001009,0.0,-0.000385,-0.002788,-0.003517,-0.005477
2017-05-27 15:35:00+02:00,0.0,0.0,-5.1e-05,-0.004745,-5.4e-05,0.0,-0.000908,-0.001519,-0.004218,-0.0,0.0,0.0,-0.005852,-0.005969,-0.002539,-0.00603,-0.0,0.0,0.0,-0.006116,0.0,-0.006248,-0.002878,0.0,-0.007606,-0.006947,-0.001318,0.0,-0.001098,-0.0,0.0,-0.004642,0.0,-0.00455,-0.005703,0.0,-0.000754,-0.002541,0.0,-0.007929,-0.001759,0.0,-0.002596,0.0,-0.0,-0.001779,-0.00151,-0.00293,-0.002237,0.0,0.0,-0.003898,-0.00418,-0.005969,0.0,0.0,-0.0,0.0,0.0,-0.001166,-0.00372,-0.007656,-0.004175,0.0,-0.000202,-0.006392,-0.000595,-0.003104,0.0,-0.000683,-0.001753,-0.0,0.0,-0.004226,-0.006037,0.0,-0.0,0.0,-0.00197,0.0,-0.003942,0.0,-0.002165,-0.007921,-0.0,-0.0,-0.004236,0.0,0.0,0.0,-0.0,-0.004503,-0.005852,0.0,-0.003436,-0.002814,-0.006845,-0.006847,0.0,-0.006646,0.0,-0.0053,-0.001601,0.0,-0.001641,-0.008444,-0.005684,-0.004903,-0.00477,-0.006971,-0.00176,-0.000892,-0.001015,0.0,-0.000414,-0.002797,-0.003547,-0.005468
2017-05-27 15:36:00+02:00,0.0,0.0,-5.8e-05,-0.00476,-6.2e-05,0.0,-0.000913,-0.001523,-0.004183,-0.0,0.0,0.0,-0.005842,-0.005961,-0.002522,-0.00604,-0.0,0.0,0.0,-0.006108,0.0,-0.00624,-0.002889,0.0,-0.00755,-0.006958,-0.001322,0.0,-0.00111,-0.0,0.0,-0.004611,0.0,-0.004523,-0.005687,0.0,-0.000742,-0.002554,0.0,-0.007894,-0.001769,0.0,-0.002599,0.0,-0.0,-0.001799,-0.001516,-0.002926,-0.002215,0.0,0.0,-0.003899,-0.004194,-0.005961,0.0,0.0,-0.0,0.0,0.0,-0.001179,-0.003719,-0.007594,-0.004189,0.0,-0.000211,-0.006402,-0.000601,-0.003098,0.0,-0.000691,-0.001756,-0.0,0.0,-0.00423,-0.006034,0.0,-0.0,0.0,-0.001982,0.0,-0.003951,0.0,-0.002185,-0.007858,-0.0,-0.0,-0.004208,0.0,0.0,0.0,-0.0,-0.004516,-0.005842,0.0,-0.003453,-0.002785,-0.00686,-0.006861,0.0,-0.006593,0.0,-0.005312,-0.0016,0.0,-0.00165,-0.008407,-0.005671,-0.004863,-0.004782,-0.006983,-0.001768,-0.000904,-0.001018,0.0,-0.00043,-0.002799,-0.003562,-0.005451
2017-05-27 15:37:00+02:00,0.0,0.0,-5.5e-05,-0.004767,-5.4e-05,0.0,-0.000908,-0.001515,-0.004144,-0.0,0.0,0.0,-0.005824,-0.005946,-0.0025,-0.006044,-0.0,0.0,0.0,-0.006083,0.0,-0.006215,-0.002878,0.0,-0.007488,-0.006965,-0.001316,0.0,-0.001117,-0.0,0.0,-0.004577,0.0,-0.004493,-0.005663,0.0,-0.000723,-0.002547,0.0,-0.007848,-0.001765,0.0,-0.00259,0.0,-0.0,-0.001812,-0.001517,-0.002913,-0.002191,0.0,0.0,-0.003889,-0.004204,-0.005946,0.0,0.0,-0.0,0.0,0.0,-0.001174,-0.003708,-0.007526,-0.004196,0.0,-0.00021,-0.006406,-0.000597,-0.003082,0.0,-0.000689,-0.001751,-0.0,0.0,-0.004222,-0.00602,0.0,-0.0,0.0,-0.001975,0.0,-0.003956,0.0,-0.002198,-0.00779,-0.0,-0.0,-0.00418,0.0,0.0,0.0,-0.0,-0.004525,-0.005824,0.0,-0.003464,-0.00275,-0.006871,-0.006871,0.0,-0.006536,0.0,-0.005316,-0.001593,0.0,-0.001645,-0.008369,-0.005651,-0.004817,-0.004787,-0.006992,-0.001762,-0.000912,-0.001015,0.0,-0.000429,-0.002789,-0.003569,-0.005429
2017-05-27 15:38:00+02:00,0.0,0.0,-5.6e-05,-0.004768,-5.3e-05,0.0,-0.000905,-0.001509,-0.004108,-0.0,0.0,0.0,-0.005817,-0.005941,-0.002482,-0.00604,-0.0,0.0,0.0,-0.006052,0.0,-0.006184,-0.00287,0.0,-0.007429,-0.006962,-0.00131,0.0,-0.001122,-0.0,0.0,-0.004545,0.0,-0.004465,-0.005641,0.0,-0.00071,-0.002542,0.0,-0.0078,-0.001763,0.0,-0.002581,0.0,-0.0,-0.001823,-0.001517,-0.002898,-0.002169,0.0,0.0,-0.003876,-0.004209,-0.005941,0.0,0.0,-0.0,0.0,0.0,-0.001172,-0.003693,-0.007462,-0.004198,0.0,-0.000211,-0.006402,-0.000595,-0.003064,0.0,-0.000688,-0.001746,-0.0,0.0,-0.004211,-0.006017,0.0,-0.0,0.0,-0.001971,0.0,-0.003958,0.0,-0.002207,-0.007727,-0.0,-0.0,-0.004154,0.0,0.0,0.0,-0.0,-0.00453,-0.005817,0.0,-0.003472,-0.00272,-0.006873,-0.006871,0.0,-0.006481,0.0,-0.005314,-0.001585,0.0,-0.001642,-0.008334,-0.00564,-0.004775,-0.004786,-0.00699,-0.001759,-0.000918,-0.001011,0.0,-0.000432,-0.002778,-0.003572,-0.005416
2017-05-27 15:39:00+02:00,0.0,0.0,-5.6e-05,-0.00476,-5.6e-05,0.0,-0.000901,-0.001503,-0.004076,-0.0,0.0,0.0,-0.005799,-0.005925,-0.00247,-0.006024,-0.0,0.0,0.0,-0.006015,0.0,-0.006147,-0.002862,0.0,-0.00738,-0.006946,-0.001304,0.0,-0.001124,-0.0,0.0,-0.004519,0.0,-0.004443,-0.005623,0.0,-0.000704,-0.002536,0.0,-0.007758,-0.00176,0.0,-0.002569,0.0,-0.0,-0.001827,-0.001513,-0.002878,-0.002152,0.0,0.0,-0.003858,-0.004206,-0.005925,0.0,0.0,-0.0,0.0,0.0,-0.001172,-0.003674,-0.007407,-0.004192,0.0,-0.000212,-0.006386,-0.000594,-0.003043,0.0,-0.000689,-0.001739,-0.0,0.0,-0.004194,-0.006003,0.0,-0.0,0.0,-0.001967,0.0,-0.003951,0.0,-0.002211,-0.007673,-0.0,-0.0,-0.004125,0.0,0.0,0.0,-0.0,-0.004525,-0.005799,0.0,-0.003473,-0.002698,-0.006861,-0.006858,0.0,-0.006434,0.0,-0.005302,-0.001576,0.0,-0.001638,-0.008294,-0.005621,-0.004741,-0.004775,-0.006975,-0.001756,-0.000922,-0.001007,0.0,-0.000436,-0.002765,-0.003567,-0.005395
2017-05-27 15:40:00+02:00,0.0,0.0,-5.2e-05,-0.00473,-4.5e-05,0.0,-0.000889,-0.001486,-0.00404,-0.0,0.0,0.0,-0.005772,-0.005901,-0.002452,-0.005986,-0.0,0.0,0.0,-0.00597,0.0,-0.006101,-0.002833,0.0,-0.007321,-0.006906,-0.001288,0.0,-0.001116,-0.0,0.0,-0.004487,0.0,-0.004416,-0.005598,0.0,-0.000692,-0.002511,0.0,-0.007705,-0.001744,0.0,-0.00255,0.0,-0.0,-0.001814,-0.001499,-0.002855,-0.002131,0.0,0.0,-0.003835,-0.004188,-0.005901,0.0,0.0,-0.0,0.0,0.0,-0.001157,-0.003651,-0.007344,-0.004164,0.0,-0.000208,-0.006346,-0.000585,-0.003017,0.0,-0.00068,-0.001727,-0.0,0.0,-0.004173,-0.00598,0.0,-0.0,0.0,-0.001945,0.0,-0.00393,0.0,-0.002195,-0.007611,-0.0,-0.0,-0.004089,0.0,0.0,0.0,-0.0,-0.004504,-0.005772,0.0,-0.003459,-0.002669,-0.006825,-0.006821,0.0,-0.006379,0.0,-0.005267,-0.001563,0.0,-0.001622,-0.008238,-0.005592,-0.0047,-0.004744,-0.006936,-0.001739,-0.000914,-0.000999,0.0,-0.000426,-0.002744,-0.003542,-0.005364
2017-05-27 15:41:00+02:00,0.0,0.0,-4.2e-05,-0.004682,-3.6e-05,0.0,-0.000872,-0.001463,-0.003996,-0.0,0.0,0.0,-0.005753,-0.005884,-0.002426,-0.005927,-0.0,0.0,0.0,-0.005906,0.0,-0.006036,-0.002792,0.0,-0.007247,-0.006843,-0.001267,0.0,-0.001099,-0.0,0.0,-0.004446,0.0,-0.004379,-0.005561,0.0,-0.00067,-0.002474,0.0,-0.007635,-0.00172,0.0,-0.002515,0.0,-0.0,-0.001786,-0.001478,-0.002821,-0.002103,0.0,0.0,-0.0038,-0.004155,-0.005884,0.0,0.0,-0.0,0.0,0.0,-0.001132,-0.003615,-0.007267,-0.004119,0.0,-0.000191,-0.006285,-0.000571,-0.002982,0.0,-0.000665,-0.001706,-0.0,0.0,-0.004138,-0.005965,0.0,-0.0,0.0,-0.001913,0.0,-0.003896,0.0,-0.002164,-0.007534,-0.0,-0.0,-0.004056,0.0,0.0,0.0,-0.0,-0.00447,-0.005753,0.0,-0.003432,-0.002629,-0.006767,-0.006762,0.0,-0.00631,0.0,-0.005214,-0.001541,0.0,-0.001599,-0.008186,-0.005571,-0.004645,-0.004695,-0.006874,-0.001715,-0.000899,-0.000982,0.0,-0.000406,-0.002708,-0.003501,-0.005341
2017-05-27 15:42:00+02:00,0.0,0.0,-3.5e-05,-0.00464,-2.8e-05,0.0,-0.000857,-0.001442,-0.003956,-0.0,0.0,0.0,-0.005737,-0.00587,-0.002407,-0.005874,-0.0,0.0,0.0,-0.005852,0.0,-0.005981,-0.002755,0.0,-0.007182,-0.006784,-0.001247,0.0,-0.001087,-0.0,0.0,-0.00441,0.0,-0.004347,-0.005528,0.0,-0.000659,-0.002441,0.0,-0.007571,-0.001699,0.0,-0.002491,0.0,-0.0,-0.001766,-0.00146,-0.002792,-0.00208,0.0,0.0,-0.003771,-0.004127,-0.00587,0.0,0.0,-0.0,0.0,0.0,-0.001113,-0.003586,-0.007199,-0.004081,0.0,-0.000185,-0.00623,-0.000561,-0.002951,0.0,-0.000654,-0.001691,-0.0,0.0,-0.00411,-0.005953,0.0,-0.0,0.0,-0.001885,0.0,-0.003865,0.0,-0.002141,-0.007465,-0.0,-0.0,-0.004028,0.0,0.0,0.0,-0.0,-0.004438,-0.005737,0.0,-0.00341,-0.002599,-0.006713,-0.006706,0.0,-0.006249,0.0,-0.005167,-0.001525,0.0,-0.001578,-0.008149,-0.005553,-0.0046,-0.004652,-0.006816,-0.001694,-0.000889,-0.000972,0.0,-0.000394,-0.002681,-0.003467,-0.005321
2017-05-27 15:43:00+02:00,0.0,0.0,-5.5e-05,-0.004627,-4.1e-05,0.0,-0.000857,-0.001437,-0.003926,-0.0,0.0,0.0,-0.005728,-0.005864,-0.002397,-0.005851,-0.0,0.0,0.0,-0.005826,0.0,-0.005955,-0.00275,0.0,-0.007135,-0.006756,-0.001243,0.0,-0.001089,-0.0,0.0,-0.004385,0.0,-0.004326,-0.005505,0.0,-0.000662,-0.002439,0.0,-0.007522,-0.001698,0.0,-0.002494,0.0,-0.0,-0.001772,-0.001456,-0.002779,-0.002066,0.0,0.0,-0.003761,-0.004117,-0.005864,0.0,0.0,-0.0,0.0,0.0,-0.001122,-0.003574,-0.007147,-0.004071,0.0,-0.000206,-0.006204,-0.000564,-0.002936,0.0,-0.000659,-0.001693,-0.0,0.0,-0.004101,-0.005948,0.0,-0.0,0.0,-0.001887,0.0,-0.003853,0.0,-0.002145,-0.007414,-0.0,-0.0,-0.004012,0.0,0.0,0.0,-0.0,-0.004425,-0.005728,0.0,-0.003407,-0.002584,-0.006688,-0.00668,0.0,-0.006205,0.0,-0.005148,-0.001522,0.0,-0.001576,-0.008135,-0.005543,-0.00457,-0.004637,-0.006788,-0.001692,-0.000893,-0.000978,0.0,-0.000408,-0.002681,-0.00346,-0.005309
2017-05-27 15:44:00+02:00,0.0,0.0,-6.4e-05,-0.004618,-5.6e-05,0.0,-0.000858,-0.001434,-0.003911,-0.0,0.0,0.0,-0.005718,-0.005855,-0.002406,-0.005832,-0.0,0.0,0.0,-0.005788,0.0,-0.005916,-0.002748,0.0,-0.007116,-0.006733,-0.00124,0.0,-0.001092,-0.0,0.0,-0.004378,0.0,-0.004324,-0.005502,0.0,-0.000682,-0.002439,0.0,-0.0075,-0.001698,0.0,-0.002484,0.0,-0.0,-0.001779,-0.001452,-0.002758,-0.002066,0.0,0.0,-0.003741,-0.004111,-0.005855,0.0,0.0,-0.0,0.0,0.0,-0.001131,-0.003554,-0.007123,-0.004063,0.0,-0.000215,-0.006183,-0.000567,-0.002913,0.0,-0.000666,-0.001687,-0.0,0.0,-0.004083,-0.005942,0.0,-0.0,0.0,-0.001891,0.0,-0.003843,0.0,-0.002151,-0.007392,-0.0,-0.0,-0.003988,0.0,0.0,0.0,-0.0,-0.004415,-0.005718,0.0,-0.003406,-0.002591,-0.006669,-0.00666,0.0,-0.006189,0.0,-0.005134,-0.001513,0.0,-0.001576,-0.008108,-0.00553,-0.004566,-0.004625,-0.006764,-0.001692,-0.000897,-0.000976,0.0,-0.000423,-0.002669,-0.003456,-0.005293
2017-05-27 15:45:00+02:00,0.0,0.0,-6.8e-05,-0.0046,-7.1e-05,0.0,-0.000858,-0.001431,-0.003892,-0.0,0.0,0.0,-0.005703,-0.005842,-0.002409,-0.005805,-0.0,0.0,0.0,-0.00575,0.0,-0.005877,-0.002747,0.0,-0.00709,-0.0067,-0.001237,0.0,-0.001091,-0.0,0.0,-0.004365,0.0,-0.004316,-0.005491,0.0,-0.000696,-0.00244,0.0,-0.007468,-0.0017,0.0,-0.00247,0.0,-0.0,-0.001778,-0.001445,-0.002736,-0.002061,0.0,0.0,-0.003721,-0.004098,-0.005842,0.0,0.0,-0.0,0.0,0.0,-0.001141,-0.003533,-0.007091,-0.004048,0.0,-0.000218,-0.006154,-0.000571,-0.00289,0.0,-0.000672,-0.001678,-0.0,0.0,-0.004065,-0.005931,0.0,-0.0,0.0,-0.001895,0.0,-0.003827,0.0,-0.002148,-0.00736,-0.0,-0.0,-0.003961,0.0,0.0,0.0,-0.0,-0.0044,-0.005703,0.0,-0.0034,-0.002592,-0.00664,-0.00663,0.0,-0.006164,0.0,-0.005111,-0.001502,0.0,-0.001576,-0.008073,-0.005512,-0.004554,-0.004606,-0.006732,-0.001693,-0.000898,-0.000972,0.0,-0.000437,-0.002654,-0.003444,-0.005274
2017-05-27 15:46:00+02:00,0.0,0.0,-7.5e-05,-0.004613,-0.00013,0.0,-0.000889,-0.001478,-0.003875,-0.0,0.0,0.0,-0.005681,-0.005823,-0.002414,-0.005806,-0.0,0.0,0.0,-0.005716,0.0,-0.005842,-0.002838,0.0,-0.007065,-0.006698,-0.00127,0.0,-0.001107,-0.0,0.0,-0.004354,0.0,-0.00431,-0.005484,0.0,-0.000713,-0.002512,0.0,-0.007439,-0.001749,0.0,-0.00246,0.0,-3.4e-05,-0.001808,-0.001452,-0.002716,-0.002059,0.0,0.0,-0.003703,-0.004107,-0.005823,0.0,0.0,-0.0,0.0,0.0,-0.001199,-0.003514,-0.007062,-0.004063,0.0,-0.000225,-0.006154,-0.000599,-0.002869,0.0,-0.000709,-0.001672,-0.0,0.0,-0.004049,-0.005913,0.0,-0.0,0.0,-0.001962,0.0,-0.003831,0.0,-0.002177,-0.007333,-0.0,-0.0,-0.003929,0.0,0.0,0.0,-1.4e-05,-0.004404,-0.005681,0.0,-0.003415,-0.002595,-0.006642,-0.00663,0.0,-0.006141,0.0,-0.005118,-0.001493,0.0,-0.001622,-0.008026,-0.00549,-0.004544,-0.004615,-0.00673,-0.001748,-0.000915,-0.000969,0.0,-0.000496,-0.002641,-0.003461,-0.005249
2017-05-27 15:47:00+02:00,0.0,0.0,-7.2e-05,-0.004603,-0.000162,0.0,-0.000904,-0.001503,-0.003849,-0.0,0.0,0.0,-0.005664,-0.005806,-0.002409,-0.005786,-0.0,0.0,0.0,-0.005668,0.0,-0.005793,-0.002889,0.0,-0.007026,-0.006673,-0.001286,0.0,-0.001111,-0.0,0.0,-0.004333,0.0,-0.004294,-0.005464,0.0,-0.000717,-0.00255,0.0,-0.007398,-0.001774,0.0,-0.002438,0.0,-4.6e-05,-0.001817,-0.001449,-0.002689,-0.002048,0.0,0.0,-0.003675,-0.004098,-0.005806,0.0,0.0,-0.0,0.0,0.0,-0.001229,-0.003486,-0.007021,-0.004057,0.0,-0.000222,-0.006131,-0.000612,-0.002841,0.0,-0.000728,-0.001658,-0.0,0.0,-0.004022,-0.005898,0.0,-0.0,0.0,-0.001997,0.0,-0.003819,0.0,-0.002184,-0.007291,-0.0,-0.0,-0.003908,0.0,0.0,0.0,-1.5e-05,-0.004392,-0.005664,0.0,-0.003413,-0.002586,-0.006621,-0.006608,0.0,-0.006107,0.0,-0.005103,-0.001478,0.0,-0.001645,-0.008005,-0.00547,-0.004523,-0.004604,-0.006705,-0.001779,-0.000921,-0.00096,0.0,-0.000527,-0.002618,-0.003458,-0.005229
2017-05-27 15:48:00+02:00,0.0,0.0,-7e-05,-0.004598,-0.000178,0.0,-0.00091,-0.001516,-0.003826,-0.0,0.0,0.0,-0.005664,-0.005807,-0.002405,-0.005773,-0.0,0.0,0.0,-0.005626,0.0,-0.00575,-0.002917,0.0,-0.006994,-0.006655,-0.001292,0.0,-0.001116,-0.0,0.0,-0.004314,0.0,-0.00428,-0.005447,0.0,-0.000721,-0.002571,0.0,-0.007365,-0.001787,0.0,-0.002418,0.0,-4.7e-05,-0.001828,-0.001447,-0.002664,-0.002039,0.0,0.0,-0.003649,-0.004092,-0.005807,0.0,0.0,-0.0,0.0,0.0,-0.001243,-0.00346,-0.006987,-0.004054,0.0,-0.000218,-0.006116,-0.000617,-0.002815,0.0,-0.000737,-0.001645,-0.0,0.0,-0.003997,-0.0059,0.0,-0.0,0.0,-0.002015,0.0,-0.003811,0.0,-0.002193,-0.007257,-0.0,-0.0,-0.0039,0.0,0.0,0.0,-1.2e-05,-0.004383,-0.005664,0.0,-0.003414,-0.002579,-0.006608,-0.006594,0.0,-0.006079,0.0,-0.005094,-0.001464,0.0,-0.001656,-0.008006,-0.00547,-0.004507,-0.004599,-0.006689,-0.001795,-0.000927,-0.000951,0.0,-0.000544,-0.002597,-0.003458,-0.005227
2017-05-27 15:49:00+02:00,0.0,0.0,-8e-05,-0.004599,-0.000195,0.0,-0.000916,-0.001528,-0.003811,-0.0,0.0,0.0,-0.005665,-0.005809,-0.002405,-0.005767,-0.0,0.0,0.0,-0.005609,0.0,-0.005731,-0.002943,0.0,-0.006975,-0.006646,-0.001298,0.0,-0.001122,-0.0,0.0,-0.004303,0.0,-0.004272,-0.005438,0.0,-0.000728,-0.00259,0.0,-0.007343,-0.001799,0.0,-0.002417,0.0,-5.2e-05,-0.00184,-0.001447,-0.002652,-0.002033,0.0,0.0,-0.003639,-0.004091,-0.005809,0.0,0.0,-0.0,0.0,0.0,-0.001258,-0.003449,-0.006964,-0.004057,0.0,-0.000229,-0.006108,-0.000623,-0.002801,0.0,-0.000746,-0.001643,-0.0,0.0,-0.003989,-0.005902,0.0,-0.0,0.0,-0.002033,0.0,-0.003806,0.0,-0.002205,-0.007234,-0.0,-0.0,-0.003892,0.0,0.0,0.0,-1.1e-05,-0.004378,-0.005665,0.0,-0.003419,-0.002577,-0.006603,-0.006589,0.0,-0.006061,0.0,-0.005091,-0.001459,0.0,-0.001667,-0.008008,-0.00547,-0.004498,-0.004599,-0.00668,-0.00181,-0.000934,-0.000952,0.0,-0.000561,-0.002594,-0.003463,-0.005226
2017-05-27 15:50:00+02:00,0.0,0.0,-9.9e-05,-0.004605,-0.000205,0.0,-0.000918,-0.001534,-0.003803,-0.0,0.0,0.0,-0.005666,-0.00581,-0.002408,-0.005766,-0.0,0.0,0.0,-0.005613,0.0,-0.005734,-0.002958,0.0,-0.006969,-0.006642,-0.001299,0.0,-0.001129,-0.0,0.0,-0.004299,0.0,-0.004272,-0.005435,0.0,-0.000734,-0.0026,0.0,-0.00733,-0.001804,0.0,-0.002433,0.0,-5.1e-05,-0.001856,-0.001448,-0.00265,-0.002029,0.0,0.0,-0.003643,-0.004093,-0.00581,0.0,0.0,-0.0,0.0,0.0,-0.001266,-0.003451,-0.006949,-0.004064,0.0,-0.000248,-0.006106,-0.000625,-0.002799,0.0,-0.00075,-0.001653,-0.0,0.0,-0.003996,-0.005905,0.0,-0.0,0.0,-0.002042,0.0,-0.003805,0.0,-0.00222,-0.00722,-0.0,-0.0,-0.003879,0.0,0.0,0.0,-9e-06,-0.004378,-0.005666,0.0,-0.003426,-0.002577,-0.006604,-0.006588,0.0,-0.006054,0.0,-0.005093,-0.001465,0.0,-0.001671,-0.008008,-0.005467,-0.004495,-0.004604,-0.006677,-0.001818,-0.000942,-0.000962,0.0,-0.00057,-0.002609,-0.003472,-0.00522
2017-05-27 15:51:00+02:00,0.0,0.0,-9.2e-05,-0.004561,-0.000185,0.0,-0.000905,-0.001522,-0.003784,-0.0,0.0,0.0,-0.00566,-0.005811,-0.002395,-0.005712,-0.0,0.0,0.0,-0.005592,0.0,-0.005712,-0.00294,0.0,-0.006942,-0.00658,-0.001286,0.0,-0.001114,-0.0,0.0,-0.004282,0.0,-0.004257,-0.005419,0.0,-0.00072,-0.00258,0.0,-0.007297,-0.001789,0.0,-0.002423,0.0,-4.1e-05,-0.001831,-0.001429,-0.002637,-0.002014,0.0,0.0,-0.003631,-0.004058,-0.005811,0.0,0.0,-0.0,0.0,0.0,-0.001244,-0.003438,-0.006916,-0.004024,0.0,-0.000241,-0.006049,-0.000613,-0.002784,0.0,-0.000737,-0.001646,-0.0,0.0,-0.003986,-0.005903,0.0,-0.0,0.0,-0.002021,0.0,-0.003769,0.0,-0.002193,-0.007185,-0.0,-0.0,-0.00386,0.0,0.0,0.0,-7e-06,-0.004337,-0.00566,0.0,-0.003399,-0.002557,-0.006548,-0.006531,0.0,-0.006028,0.0,-0.005045,-0.001457,0.0,-0.001657,-0.007991,-0.005458,-0.004473,-0.004562,-0.006616,-0.001806,-0.000928,-0.000956,0.0,-0.000551,-0.0026,-0.003436,-0.005209
2017-05-27 15:52:00+02:00,0.0,0.0,-9.6e-05,-0.004535,-0.000177,0.0,-0.000898,-0.001516,-0.003768,-0.0,0.0,0.0,-0.005661,-0.005812,-0.002386,-0.005676,-0.0,0.0,0.0,-0.005565,0.0,-0.005682,-0.002931,0.0,-0.006922,-0.006537,-0.001277,0.0,-0.001107,-0.0,0.0,-0.004269,0.0,-0.004246,-0.005405,0.0,-0.000712,-0.00257,0.0,-0.007269,-0.001781,0.0,-0.002419,0.0,-3.3e-05,-0.001822,-0.001418,-0.002621,-0.002002,0.0,0.0,-0.003616,-0.004036,-0.005812,0.0,0.0,-0.0,0.0,0.0,-0.001234,-0.003423,-0.006887,-0.004001,0.0,-0.000246,-0.00601,-0.000607,-0.002766,0.0,-0.00073,-0.001643,-0.0,0.0,-0.003971,-0.005902,0.0,-0.0,0.0,-0.002011,0.0,-0.003745,0.0,-0.002181,-0.007157,-0.0,-0.0,-0.003849,0.0,0.0,0.0,-6e-06,-0.00431,-0.005661,0.0,-0.003384,-0.002542,-0.00651,-0.006492,0.0,-0.006007,0.0,-0.005015,-0.001452,0.0,-0.001648,-0.007987,-0.005458,-0.004455,-0.004537,-0.006575,-0.0018,-0.000922,-0.000955,0.0,-0.000543,-0.002595,-0.003417,-0.005208
2017-05-27 15:53:00+02:00,0.0,0.0,-0.00011,-0.004522,-0.000177,0.0,-0.000894,-0.001513,-0.003766,-0.0,0.0,0.0,-0.005661,-0.005813,-0.002392,-0.005654,-0.0,0.0,0.0,-0.005558,0.0,-0.005675,-0.00293,0.0,-0.006925,-0.006509,-0.001272,0.0,-0.001105,-0.0,0.0,-0.004272,0.0,-0.004251,-0.00541,0.0,-0.00072,-0.002567,0.0,-0.007262,-0.001778,0.0,-0.002427,0.0,-2.6e-05,-0.001821,-0.001412,-0.002615,-0.002001,0.0,0.0,-0.003614,-0.004025,-0.005813,0.0,0.0,-0.0,0.0,0.0,-0.001231,-0.003419,-0.006881,-0.00399,0.0,-0.00026,-0.005985,-0.000604,-0.002758,0.0,-0.000728,-0.001649,-0.0,0.0,-0.003972,-0.005906,0.0,-0.0,0.0,-0.002009,0.0,-0.003731,0.0,-0.00218,-0.007151,-0.0,-0.0,-0.00383,0.0,0.0,0.0,-5e-06,-0.004294,-0.005661,0.0,-0.003379,-0.002546,-0.006486,-0.006467,0.0,-0.006007,0.0,-0.004997,-0.001453,0.0,-0.001645,-0.007966,-0.005455,-0.004457,-0.004523,-0.006547,-0.001799,-0.000921,-0.00096,0.0,-0.000543,-0.002602,-0.003409,-0.0052
2017-05-27 15:54:00+02:00,0.0,0.0,-0.000128,-0.004515,-0.00018,0.0,-0.000891,-0.001511,-0.003767,-0.0,0.0,0.0,-0.005656,-0.005813,-0.002404,-0.005638,-0.0,0.0,0.0,-0.005562,0.0,-0.005678,-0.00293,0.0,-0.006934,-0.006488,-0.001267,0.0,-0.001108,-0.0,0.0,-0.004279,0.0,-0.004262,-0.005419,0.0,-0.000735,-0.002565,0.0,-0.007259,-0.001777,0.0,-0.00244,0.0,-2.2e-05,-0.001827,-0.001408,-0.002613,-0.002004,0.0,0.0,-0.00362,-0.004019,-0.005813,0.0,0.0,-0.0,0.0,0.0,-0.001231,-0.003423,-0.006879,-0.003985,0.0,-0.000279,-0.005967,-0.000602,-0.002756,0.0,-0.000728,-0.001657,-0.0,0.0,-0.003982,-0.005909,0.0,-0.0,0.0,-0.002008,0.0,-0.003723,0.0,-0.002185,-0.007151,-0.0,-0.0,-0.003805,0.0,0.0,0.0,-4e-06,-0.004284,-0.005656,0.0,-0.00338,-0.002556,-0.00647,-0.006449,0.0,-0.006011,0.0,-0.004986,-0.001457,0.0,-0.001643,-0.007937,-0.005446,-0.004464,-0.004516,-0.006527,-0.001799,-0.000924,-0.000969,0.0,-0.000545,-0.002614,-0.003407,-0.00519
2017-05-27 15:55:00+02:00,0.0,0.0,-0.000142,-0.004505,-0.000185,0.0,-0.000889,-0.001508,-0.003759,-0.0,0.0,0.0,-0.005642,-0.005803,-0.002411,-0.005619,-0.0,0.0,0.0,-0.005552,0.0,-0.005668,-0.002928,0.0,-0.006929,-0.006463,-0.001262,0.0,-0.001108,-0.0,0.0,-0.004278,0.0,-0.004265,-0.005421,0.0,-0.000746,-0.002563,0.0,-0.007246,-0.001776,0.0,-0.002444,0.0,-2e-05,-0.001829,-0.001403,-0.002606,-0.002004,0.0,0.0,-0.003617,-0.004012,-0.005803,0.0,0.0,-0.0,0.0,0.0,-0.001231,-0.003419,-0.006866,-0.003977,0.0,-0.000293,-0.005945,-0.000601,-0.002747,0.0,-0.000728,-0.00166,-0.0,0.0,-0.003983,-0.005909,0.0,-0.0,0.0,-0.002007,0.0,-0.003712,0.0,-0.002186,-0.00714,-0.0,-0.0,-0.003777,0.0,0.0,0.0,-3e-06,-0.004272,-0.005642,0.0,-0.003379,-0.00256,-0.006449,-0.006428,0.0,-0.006004,0.0,-0.004971,-0.001456,0.0,-0.001641,-0.0079,-0.005429,-0.004463,-0.004504,-0.006502,-0.001798,-0.000925,-0.000973,0.0,-0.000548,-0.002616,-0.0034,-0.005171
2017-05-27 15:56:00+02:00,0.0,0.0,-0.000144,-0.004485,-0.00018,0.0,-0.00088,-0.001497,-0.003743,-0.0,0.0,0.0,-0.005635,-0.005798,-0.00241,-0.005591,-0.0,0.0,0.0,-0.005527,0.0,-0.005642,-0.002913,0.0,-0.006907,-0.006429,-0.001252,0.0,-0.001103,-0.0,0.0,-0.004268,0.0,-0.004259,-0.005414,0.0,-0.000749,-0.002549,0.0,-0.007218,-0.001766,0.0,-0.002435,0.0,-1.6e-05,-0.001823,-0.001393,-0.00259,-0.001996,0.0,0.0,-0.003605,-0.003999,-0.005798,0.0,0.0,-0.0,0.0,0.0,-0.00122,-0.003406,-0.00684,-0.003959,0.0,-0.000294,-0.005914,-0.000594,-0.00273,0.0,-0.000722,-0.001655,-0.0,0.0,-0.003973,-0.005909,0.0,-0.0,0.0,-0.001993,0.0,-0.003696,0.0,-0.002178,-0.007114,-0.0,-0.0,-0.003752,0.0,0.0,0.0,-2e-06,-0.004255,-0.005635,0.0,-0.003371,-0.002554,-0.006419,-0.006396,0.0,-0.005982,0.0,-0.004947,-0.001448,0.0,-0.001631,-0.00787,-0.00542,-0.00445,-0.004483,-0.006469,-0.00179,-0.000922,-0.000969,0.0,-0.000541,-0.002606,-0.003385,-0.005158
2017-05-27 15:57:00+02:00,0.0,0.0,-0.000148,-0.004472,-0.000187,0.0,-0.000878,-0.001494,-0.003734,-0.0,0.0,0.0,-0.005633,-0.005798,-0.002416,-0.005569,-0.0,0.0,0.0,-0.005502,0.0,-0.005616,-0.002909,0.0,-0.006897,-0.006401,-0.001246,0.0,-0.001103,-0.0,0.0,-0.004265,0.0,-0.00426,-0.005414,0.0,-0.000758,-0.002546,0.0,-0.007198,-0.001765,0.0,-0.002427,0.0,-2e-05,-0.001824,-0.001387,-0.002574,-0.001994,0.0,0.0,-0.003594,-0.003991,-0.005798,0.0,0.0,-0.0,0.0,0.0,-0.001221,-0.003393,-0.006822,-0.003948,0.0,-0.000299,-0.00589,-0.000593,-0.002714,0.0,-0.000723,-0.001651,-0.0,0.0,-0.003964,-0.005909,0.0,-0.0,0.0,-0.001992,0.0,-0.003685,0.0,-0.002177,-0.007098,-0.0,-0.0,-0.00373,0.0,0.0,0.0,-2e-06,-0.004243,-0.005633,0.0,-0.003369,-0.002555,-0.006395,-0.006371,0.0,-0.00597,0.0,-0.00493,-0.001441,0.0,-0.001629,-0.007846,-0.005415,-0.004444,-0.004469,-0.006441,-0.001789,-0.000923,-0.000966,0.0,-0.000547,-0.002598,-0.003376,-0.005151
2017-05-27 15:58:00+02:00,0.0,0.0,-0.000141,-0.004438,-0.00017,0.0,-0.00086,-0.001471,-0.003714,-0.0,0.0,0.0,-0.005624,-0.005791,-0.002408,-0.005527,-0.0,0.0,0.0,-0.005458,0.0,-0.005572,-0.00287,0.0,-0.006868,-0.006353,-0.001224,0.0,-0.00109,-0.0,0.0,-0.00425,0.0,-0.004248,-0.0054,0.0,-0.000753,-0.002508,0.0,-0.007162,-0.00174,0.0,-0.002406,0.0,-1.6e-05,-0.001804,-0.001371,-0.00255,-0.001982,0.0,0.0,-0.00357,-0.003968,-0.005791,0.0,0.0,-0.0,0.0,0.0,-0.001197,-0.003369,-0.006786,-0.003916,0.0,-0.00029,-0.005846,-0.000579,-0.002688,0.0,-0.000708,-0.001638,-0.0,0.0,-0.003941,-0.005904,0.0,-0.0,0.0,-0.00196,0.0,-0.00366,0.0,-0.002155,-0.007064,-0.0,-0.0,-0.003709,0.0,0.0,0.0,-1e-06,-0.004217,-0.005624,0.0,-0.003351,-0.00254,-0.006351,-0.006326,0.0,-0.005939,0.0,-0.004891,-0.001427,0.0,-0.001605,-0.007822,-0.005404,-0.004422,-0.004435,-0.006393,-0.001765,-0.000911,-0.000955,0.0,-0.000527,-0.002575,-0.003347,-0.005138
2017-05-27 15:59:00+02:00,0.0,0.0,-0.000136,-0.004413,-0.000163,0.0,-0.00085,-0.001457,-0.003692,-0.0,0.0,0.0,-0.00561,-0.005779,-0.002399,-0.005494,-0.0,0.0,0.0,-0.005421,0.0,-0.005532,-0.002846,0.0,-0.006835,-0.006315,-0.00121,0.0,-0.001083,-0.0,0.0,-0.004231,0.0,-0.004232,-0.005383,0.0,-0.000747,-0.002487,0.0,-0.007124,-0.001725,0.0,-0.002388,0.0,-1.3e-05,-0.001793,-0.001359,-0.002528,-0.001968,0.0,0.0,-0.003549,-0.00395,-0.005779,0.0,0.0,-0.0,0.0,0.0,-0.001184,-0.003347,-0.006749,-0.003893,0.0,-0.000284,-0.005811,-0.000571,-0.002665,0.0,-0.0007,-0.001626,-0.0,0.0,-0.003921,-0.005893,0.0,-0.0,0.0,-0.001942,0.0,-0.00364,0.0,-0.002143,-0.007027,-0.0,-0.0,-0.003689,0.0,0.0,0.0,-1e-06,-0.004196,-0.00561,0.0,-0.003339,-0.002524,-0.006317,-0.006291,0.0,-0.005908,0.0,-0.004863,-0.001414,0.0,-0.00159,-0.007804,-0.005388,-0.004398,-0.00441,-0.006356,-0.001751,-0.000905,-0.000945,0.0,-0.000519,-0.002556,-0.003328,-0.005121
2017-05-27 16:00:00+02:00,0.0,0.0,-0.000131,-0.00439,-0.000164,0.0,-0.000844,-0.001449,-0.00367,-0.0,0.0,0.0,-0.005604,-0.005775,-0.002391,-0.005463,-0.0,0.0,0.0,-0.005384,0.0,-0.005494,-0.002836,0.0,-0.006802,-0.006278,-0.001202,0.0,-0.001077,-0.0,0.0,-0.004212,0.0,-0.004217,-0.005367,0.0,-0.000743,-0.002478,0.0,-0.007088,-0.001719,0.0,-0.00237,0.0,-1e-05,-0.001785,-0.001349,-0.002506,-0.001956,0.0,0.0,-0.003527,-0.003933,-0.005775,0.0,0.0,-0.0,0.0,0.0,-0.001179,-0.003325,-0.006715,-0.003873,0.0,-0.000278,-0.005777,-0.000568,-0.002642,0.0,-0.000697,-0.001615,-0.0,0.0,-0.003901,-0.005882,0.0,-0.0,0.0,-0.001935,0.0,-0.003621,0.0,-0.002133,-0.006992,-0.0,-0.0,-0.003669,0.0,0.0,0.0,-1e-06,-0.004175,-0.005604,0.0,-0.003328,-0.00251,-0.006283,-0.006257,0.0,-0.005877,0.0,-0.004836,-0.001401,0.0,-0.001584,-0.007785,-0.00538,-0.004377,-0.004387,-0.006319,-0.001745,-0.0009,-0.000936,0.0,-0.000518,-0.002537,-0.003311,-0.00511
2017-05-27 16:01:00+02:00,0.0,0.0,-0.000105,-0.004282,-0.000178,0.0,-0.000848,-0.001457,-0.003684,-0.0,0.0,0.0,-0.005582,-0.005755,-0.002424,-0.005349,-0.0,0.0,0.0,-0.005264,0.0,-0.00537,-0.002857,0.0,-0.006838,-0.006159,-0.001205,0.0,-0.001038,-0.0,0.0,-0.00424,0.0,-0.004252,-0.005419,0.0,-0.000777,-0.002493,0.0,-0.00714,-0.001729,0.0,-0.002244,0.0,-1.8e-05,-0.001719,-0.001307,-0.002429,-0.001975,0.0,0.0,-0.003435,-0.003857,-0.005755,0.0,0.0,-0.0,0.0,0.0,-0.00119,-0.003236,-0.006762,-0.003774,0.0,-0.000223,-0.005661,-0.000571,-0.002565,0.0,-0.000704,-0.001535,-0.0,0.0,-0.003819,-0.005876,0.0,-0.0,0.0,-0.001948,0.0,-0.003548,0.0,-0.002061,-0.007043,-0.0,-0.0,-0.003635,0.0,0.0,0.0,-1e-06,-0.004098,-0.005582,0.0,-0.003254,-0.002546,-0.00617,-0.006143,0.0,-0.005911,0.0,-0.004724,-0.001334,0.0,-0.001592,-0.00774,-0.005356,-0.004416,-0.004282,-0.006202,-0.001758,-0.000864,-0.000848,0.0,-0.00053,-0.002414,-0.003222,-0.005084
2017-05-27 16:02:00+02:00,0.0,0.0,-8.4e-05,-0.004194,-0.000196,0.0,-0.000852,-0.001465,-0.003694,-0.0,0.0,0.0,-0.005576,-0.005753,-0.002453,-0.005254,-0.0,0.0,0.0,-0.00515,0.0,-0.005252,-0.002876,0.0,-0.006865,-0.006059,-0.001208,0.0,-0.001008,-0.0,0.0,-0.004261,0.0,-0.004281,-0.00546,0.0,-0.00081,-0.002507,0.0,-0.007176,-0.001738,0.0,-0.002131,0.0,-3.2e-05,-0.001668,-0.001272,-0.002358,-0.001991,0.0,0.0,-0.00335,-0.003795,-0.005753,0.0,0.0,-0.0,0.0,0.0,-0.001204,-0.003153,-0.006794,-0.003693,0.0,-0.000178,-0.005565,-0.000576,-0.002493,0.0,-0.000713,-0.001463,-0.0,0.0,-0.003741,-0.005876,0.0,-0.0,0.0,-0.001963,0.0,-0.003488,0.0,-0.002005,-0.007078,-0.0,-0.0,-0.00361,0.0,0.0,0.0,-5e-06,-0.004035,-0.005576,0.0,-0.003195,-0.002576,-0.006075,-0.006047,0.0,-0.005936,0.0,-0.004632,-0.001273,0.0,-0.0016,-0.00771,-0.005348,-0.004447,-0.004196,-0.006103,-0.001771,-0.000836,-0.000771,0.0,-0.000546,-0.002302,-0.00315,-0.005073
2017-05-27 16:03:00+02:00,0.0,0.0,-6.7e-05,-0.004114,-0.000202,0.0,-0.000849,-0.001463,-0.003695,-0.0,0.0,0.0,-0.005572,-0.005749,-0.002472,-0.005168,-0.0,0.0,0.0,-0.005052,0.0,-0.005151,-0.002877,0.0,-0.006874,-0.005969,-0.001203,0.0,-0.000979,-0.0,0.0,-0.004271,0.0,-0.004297,-0.005485,0.0,-0.000832,-0.002506,0.0,-0.007192,-0.001738,0.0,-0.002036,0.0,-3.5e-05,-0.001621,-0.00124,-0.002297,-0.001998,0.0,0.0,-0.003278,-0.003739,-0.005749,0.0,0.0,-0.0,0.0,0.0,-0.001205,-0.003083,-0.006809,-0.00362,0.0,-0.000143,-0.005477,-0.000574,-0.002431,0.0,-0.000714,-0.001403,-0.0,0.0,-0.003675,-0.005874,0.0,-0.0,0.0,-0.001963,0.0,-0.003433,0.0,-0.001953,-0.007095,-0.0,-0.0,-0.003593,0.0,0.0,0.0,-4e-06,-0.003978,-0.005572,0.0,-0.003142,-0.002594,-0.005989,-0.005961,0.0,-0.005945,0.0,-0.004548,-0.00122,0.0,-0.001599,-0.007698,-0.005341,-0.004463,-0.004118,-0.006014,-0.001772,-0.000809,-0.000708,0.0,-0.00055,-0.002208,-0.003085,-0.005064
2017-05-27 16:04:00+02:00,0.0,0.0,-5.4e-05,-0.004085,-0.000226,0.0,-0.000854,-0.001469,-0.003709,-0.0,0.0,0.0,-0.005569,-0.005749,-0.002503,-0.005131,-0.0,0.0,0.0,-0.005019,0.0,-0.005117,-0.002893,0.0,-0.00691,-0.005927,-0.001206,0.0,-0.000975,-0.0,0.0,-0.004296,0.0,-0.004327,-0.00552,0.0,-0.00087,-0.002521,0.0,-0.007224,-0.001747,0.0,-0.002006,0.0,-5.5e-05,-0.001617,-0.001229,-0.002272,-0.002015,0.0,0.0,-0.003252,-0.003718,-0.005749,0.0,0.0,-0.0,0.0,0.0,-0.001221,-0.003057,-0.006839,-0.003596,0.0,-0.000114,-0.005438,-0.00058,-0.002404,0.0,-0.000724,-0.001384,-0.0,0.0,-0.003658,-0.005875,0.0,-0.0,0.0,-0.001978,0.0,-0.00341,0.0,-0.001946,-0.007128,-0.0,-0.0,-0.003578,0.0,0.0,0.0,-1.3e-05,-0.003953,-0.005569,0.0,-0.003124,-0.002629,-0.005951,-0.005922,0.0,-0.005975,0.0,-0.004513,-0.001202,0.0,-0.001607,-0.007689,-0.005337,-0.004496,-0.004087,-0.005973,-0.001782,-0.000807,-0.000683,0.0,-0.00057,-0.002178,-0.003065,-0.005057
2017-05-27 16:05:00+02:00,0.0,0.0,-4.3e-05,-0.004039,-0.000237,0.0,-0.000852,-0.001467,-0.003715,-0.0,0.0,0.0,-0.005557,-0.005739,-0.002524,-0.005076,-0.0,0.0,0.0,-0.004987,0.0,-0.005083,-0.002894,0.0,-0.006929,-0.005863,-0.001202,0.0,-0.000963,-0.0,0.0,-0.00431,0.0,-0.004347,-0.005545,0.0,-0.000896,-0.002522,0.0,-0.007241,-0.001747,0.0,-0.001977,0.0,-6.5e-05,-0.001598,-0.001212,-0.002247,-0.002025,0.0,0.0,-0.003228,-0.003683,-0.005739,0.0,0.0,-0.0,0.0,0.0,-0.001226,-0.003032,-0.006855,-0.003556,0.0,-9.1e-05,-0.00538,-0.000581,-0.002379,0.0,-0.000727,-0.001366,-0.0,0.0,-0.00364,-0.005868,0.0,-0.0,0.0,-0.001981,0.0,-0.003375,0.0,-0.001924,-0.007146,-0.0,-0.0,-0.003553,0.0,0.0,0.0,-1.6e-05,-0.003915,-0.005557,0.0,-0.003096,-0.002651,-0.00589,-0.005861,0.0,-0.005991,0.0,-0.004462,-0.001185,0.0,-0.001606,-0.007661,-0.005322,-0.004516,-0.004042,-0.005909,-0.001783,-0.000797,-0.000661,0.0,-0.000578,-0.002149,-0.003032,-0.005041
2017-05-27 16:06:00+02:00,0.0,0.0,-3.4e-05,-0.004021,-0.000255,0.0,-0.000854,-0.001467,-0.003716,-0.0,0.0,0.0,-0.005553,-0.005738,-0.002544,-0.005051,-0.0,0.0,0.0,-0.004959,0.0,-0.005053,-0.0029,0.0,-0.00694,-0.005833,-0.001201,0.0,-0.000962,-0.0,0.0,-0.00432,0.0,-0.004362,-0.005565,0.0,-0.000922,-0.002529,0.0,-0.007252,-0.001752,0.0,-0.001954,0.0,-8.1e-05,-0.001599,-0.001205,-0.002226,-0.002033,0.0,0.0,-0.003208,-0.003671,-0.005738,0.0,0.0,-0.0,0.0,0.0,-0.001238,-0.003012,-0.006865,-0.003541,0.0,-7.3e-05,-0.005354,-0.000584,-0.002357,0.0,-0.000734,-0.001352,-0.0,0.0,-0.003627,-0.005868,0.0,-0.0,0.0,-0.001989,0.0,-0.00336,0.0,-0.001922,-0.007157,-0.0,-0.0,-0.003532,0.0,0.0,0.0,-2.4e-05,-0.003899,-0.005553,0.0,-0.003088,-0.002671,-0.005864,-0.005834,0.0,-0.006,0.0,-0.00444,-0.00117,0.0,-0.001609,-0.007642,-0.005316,-0.004532,-0.004023,-0.00588,-0.001788,-0.000797,-0.000644,0.0,-0.000593,-0.002127,-0.003021,-0.005033
2017-05-27 16:07:00+02:00,0.0,0.0,-2.7e-05,-0.00401,-0.000267,0.0,-0.000853,-0.001464,-0.003713,-0.0,0.0,0.0,-0.005547,-0.005735,-0.002557,-0.005035,-0.0,0.0,0.0,-0.004916,0.0,-0.00501,-0.002899,0.0,-0.006943,-0.005814,-0.001197,0.0,-0.000963,-0.0,0.0,-0.004326,0.0,-0.004373,-0.005579,0.0,-0.00094,-0.002529,0.0,-0.007251,-0.001752,0.0,-0.001928,0.0,-9.3e-05,-0.001602,-0.0012,-0.0022,-0.002036,0.0,0.0,-0.003181,-0.003666,-0.005735,0.0,0.0,-0.0,0.0,0.0,-0.001244,-0.002985,-0.006864,-0.003533,0.0,-5.8e-05,-0.005337,-0.000585,-0.002329,0.0,-0.000738,-0.001335,-0.0,0.0,-0.003603,-0.005868,0.0,-0.0,0.0,-0.001992,0.0,-0.003352,0.0,-0.001925,-0.007158,-0.0,-0.0,-0.003505,0.0,0.0,0.0,-3e-05,-0.003892,-0.005547,0.0,-0.003086,-0.002682,-0.005849,-0.005818,0.0,-0.006001,0.0,-0.004426,-0.001153,0.0,-0.001609,-0.007609,-0.005307,-0.004539,-0.004012,-0.005862,-0.001789,-0.000799,-0.000627,0.0,-0.000603,-0.002099,-0.003015,-0.005021
2017-05-27 16:08:00+02:00,0.0,0.0,-2.2e-05,-0.003989,-0.000277,0.0,-0.000849,-0.001458,-0.003675,-0.0,0.0,0.0,-0.00553,-0.00572,-0.00254,-0.005007,-0.0,0.0,0.0,-0.004874,0.0,-0.004967,-0.002893,0.0,-0.006881,-0.005782,-0.00119,0.0,-0.000959,-0.0,0.0,-0.004291,0.0,-0.004344,-0.00555,0.0,-0.000929,-0.002525,0.0,-0.007194,-0.00175,0.0,-0.001903,0.0,-0.000102,-0.001597,-0.00119,-0.002174,-0.002015,0.0,0.0,-0.003156,-0.003653,-0.00572,0.0,0.0,-0.0,0.0,0.0,-0.001246,-0.002959,-0.006808,-0.003514,0.0,-4.7e-05,-0.005307,-0.000584,-0.002302,0.0,-0.00074,-0.00132,-0.0,0.0,-0.003582,-0.005855,0.0,-0.0,0.0,-0.00199,0.0,-0.003336,0.0,-0.001918,-0.007102,-0.0,-0.0,-0.00347,0.0,0.0,0.0,-3.4e-05,-0.003877,-0.00553,0.0,-0.003078,-0.002656,-0.00582,-0.005788,0.0,-0.005945,0.0,-0.004401,-0.001138,0.0,-0.001606,-0.00756,-0.005287,-0.0045,-0.00399,-0.00583,-0.001787,-0.000796,-0.000612,0.0,-0.000609,-0.002074,-0.003,-0.004998
2017-05-27 16:09:00+02:00,0.0,0.0,-1.8e-05,-0.003965,-0.00029,0.0,-0.000848,-0.001454,-0.003654,-0.0,0.0,0.0,-0.005511,-0.005703,-0.002543,-0.004977,-0.0,0.0,0.0,-0.004848,0.0,-0.004939,-0.002891,0.0,-0.006851,-0.00575,-0.001185,0.0,-0.000954,-0.0,0.0,-0.004278,0.0,-0.004337,-0.005545,0.0,-0.00094,-0.002524,0.0,-0.007171,-0.001749,0.0,-0.001893,0.0,-0.000115,-0.00159,-0.001179,-0.002156,-0.00201,0.0,0.0,-0.00314,-0.003638,-0.005703,0.0,0.0,-0.0,0.0,0.0,-0.00125,-0.002942,-0.006785,-0.003493,0.0,-4.1e-05,-0.005276,-0.000585,-0.002283,0.0,-0.000743,-0.001314,-0.0,0.0,-0.003569,-0.00584,0.0,-0.0,0.0,-0.001992,0.0,-0.003319,0.0,-0.001908,-0.007079,-0.0,-0.0,-0.003446,0.0,0.0,0.0,-4.1e-05,-0.003859,-0.005511,0.0,-0.003066,-0.002655,-0.005792,-0.005759,0.0,-0.005922,0.0,-0.004374,-0.001129,0.0,-0.001604,-0.007537,-0.005267,-0.00449,-0.003967,-0.005799,-0.001787,-0.000792,-0.000606,0.0,-0.000619,-0.002063,-0.002982,-0.004977
2017-05-27 16:10:00+02:00,0.0,0.0,-1.4e-05,-0.003931,-0.000297,0.0,-0.000843,-0.001446,-0.003618,-0.0,0.0,0.0,-0.005489,-0.005682,-0.00253,-0.004939,-0.0,0.0,0.0,-0.004814,0.0,-0.004904,-0.00288,0.0,-0.006795,-0.005709,-0.001177,0.0,-0.000942,-0.0,0.0,-0.004248,0.0,-0.004312,-0.005521,0.0,-0.000936,-0.002515,0.0,-0.007127,-0.001743,0.0,-0.001879,0.0,-0.000123,-0.001572,-0.001164,-0.002135,-0.001994,0.0,0.0,-0.003118,-0.003614,-0.005682,0.0,0.0,-0.0,0.0,0.0,-0.00125,-0.002921,-0.00674,-0.003461,0.0,-3.3e-05,-0.005237,-0.000582,-0.002261,0.0,-0.000743,-0.001305,-0.0,0.0,-0.003551,-0.005822,0.0,-0.0,0.0,-0.001987,0.0,-0.003294,0.0,-0.001887,-0.007033,-0.0,-0.0,-0.003419,0.0,0.0,0.0,-4.5e-05,-0.003834,-0.005489,0.0,-0.003046,-0.002637,-0.005755,-0.005721,0.0,-0.005878,0.0,-0.004338,-0.001118,0.0,-0.001597,-0.007508,-0.005244,-0.004461,-0.003934,-0.005758,-0.001781,-0.000782,-0.000599,0.0,-0.000623,-0.002048,-0.002955,-0.004953
2017-05-27 16:11:00+02:00,0.0,0.0,-1.1e-05,-0.003904,-0.000304,0.0,-0.000837,-0.001437,-0.003588,-0.0,0.0,0.0,-0.005477,-0.005673,-0.002523,-0.004906,-0.0,0.0,0.0,-0.004786,0.0,-0.004874,-0.002869,0.0,-0.00675,-0.005673,-0.001168,0.0,-0.000935,-0.0,0.0,-0.004224,0.0,-0.004294,-0.005503,0.0,-0.000938,-0.002506,0.0,-0.007087,-0.001736,0.0,-0.001872,0.0,-0.000131,-0.001562,-0.001152,-0.002117,-0.001981,0.0,0.0,-0.003102,-0.003596,-0.005673,0.0,0.0,-0.0,0.0,0.0,-0.00125,-0.002904,-0.006701,-0.003437,0.0,-3.4e-05,-0.005203,-0.00058,-0.002241,0.0,-0.000743,-0.0013,-0.0,0.0,-0.003537,-0.005814,0.0,-0.0,0.0,-0.001982,0.0,-0.003274,0.0,-0.001874,-0.006993,-0.0,-0.0,-0.003389,0.0,0.0,0.0,-5e-05,-0.003814,-0.005477,0.0,-0.003032,-0.002626,-0.005722,-0.005688,0.0,-0.005842,0.0,-0.004307,-0.001111,0.0,-0.00159,-0.007473,-0.00523,-0.004438,-0.003908,-0.005723,-0.001774,-0.000776,-0.000597,0.0,-0.000627,-0.002039,-0.002934,-0.004935
2017-05-27 16:12:00+02:00,0.0,0.0,-9e-06,-0.003894,-0.000304,0.0,-0.000829,-0.001425,-0.003555,-0.0,0.0,0.0,-0.005471,-0.005669,-0.002512,-0.004895,-0.0,0.0,0.0,-0.004758,0.0,-0.004844,-0.00285,0.0,-0.006699,-0.005662,-0.001156,0.0,-0.000933,-0.0,0.0,-0.004197,0.0,-0.004271,-0.00548,0.0,-0.000935,-0.002491,0.0,-0.007043,-0.001725,0.0,-0.001864,0.0,-0.000131,-0.001562,-0.001145,-0.002099,-0.001966,0.0,0.0,-0.003085,-0.003593,-0.005669,0.0,0.0,-0.0,0.0,0.0,-0.001242,-0.002886,-0.006657,-0.003429,0.0,-3.4e-05,-0.005192,-0.000574,-0.002222,0.0,-0.000738,-0.001294,-0.0,0.0,-0.003522,-0.005813,0.0,-0.0,0.0,-0.001969,0.0,-0.003268,0.0,-0.001873,-0.006948,-0.0,-0.0,-0.003371,0.0,0.0,0.0,-5e-05,-0.003811,-0.005471,0.0,-0.003031,-0.002609,-0.005715,-0.00568,0.0,-0.005801,0.0,-0.004296,-0.001103,0.0,-0.001579,-0.007461,-0.005222,-0.004411,-0.003899,-0.005713,-0.001764,-0.000776,-0.000596,0.0,-0.000624,-0.00203,-0.002928,-0.004926
2017-05-27 16:13:00+02:00,0.0,0.0,-7e-06,-0.003892,-0.000309,0.0,-0.000824,-0.001416,-0.003528,-0.0,0.0,0.0,-0.00546,-0.00566,-0.002505,-0.004891,-0.0,0.0,0.0,-0.00474,0.0,-0.004825,-0.002839,0.0,-0.006658,-0.005659,-0.001147,0.0,-0.000936,-0.0,0.0,-0.004174,0.0,-0.004253,-0.005459,0.0,-0.000934,-0.002482,0.0,-0.007003,-0.001718,0.0,-0.001862,0.0,-0.000137,-0.001569,-0.001142,-0.002086,-0.001953,0.0,0.0,-0.003075,-0.003595,-0.00566,0.0,0.0,-0.0,0.0,0.0,-0.001241,-0.002875,-0.006617,-0.003428,0.0,-3.9e-05,-0.005188,-0.000572,-0.002208,0.0,-0.000737,-0.001293,-0.0,0.0,-0.003515,-0.005806,0.0,-0.0,0.0,-0.001964,0.0,-0.003266,0.0,-0.001879,-0.006908,-0.0,-0.0,-0.003348,0.0,0.0,0.0,-5.3e-05,-0.003812,-0.00546,0.0,-0.003036,-0.002597,-0.005715,-0.005679,0.0,-0.005767,0.0,-0.004292,-0.001098,0.0,-0.001572,-0.007438,-0.005208,-0.004389,-0.003898,-0.005709,-0.001757,-0.000779,-0.000598,0.0,-0.000627,-0.002027,-0.002929,-0.00491
2017-05-27 16:14:00+02:00,0.0,0.0,-6e-06,-0.003884,-0.000309,0.0,-0.000816,-0.001404,-0.003494,-0.0,0.0,0.0,-0.005441,-0.005643,-0.002488,-0.004882,-0.0,0.0,0.0,-0.004719,0.0,-0.004802,-0.002822,0.0,-0.006604,-0.005649,-0.001136,0.0,-0.000935,-0.0,0.0,-0.004143,0.0,-0.004225,-0.005426,0.0,-0.000924,-0.002469,0.0,-0.006949,-0.001709,0.0,-0.001854,0.0,-0.000138,-0.001571,-0.001137,-0.00207,-0.001933,0.0,0.0,-0.003062,-0.003592,-0.005643,0.0,0.0,-0.0,0.0,0.0,-0.001234,-0.002862,-0.006564,-0.003421,0.0,-3.8e-05,-0.00518,-0.000566,-0.002192,0.0,-0.000732,-0.001287,-0.0,0.0,-0.003504,-0.00579,0.0,-0.0,0.0,-0.001953,0.0,-0.00326,0.0,-0.001879,-0.006852,-0.0,-0.0,-0.003319,0.0,0.0,0.0,-5.3e-05,-0.003808,-0.005441,0.0,-0.003036,-0.002573,-0.005708,-0.005672,0.0,-0.005721,0.0,-0.004284,-0.001091,0.0,-0.001562,-0.007407,-0.005188,-0.004354,-0.003892,-0.0057,-0.001747,-0.00078,-0.000595,0.0,-0.000625,-0.002018,-0.002925,-0.004887
2017-05-27 16:15:00+02:00,0.0,0.0,-5e-06,-0.003869,-0.00031,0.0,-0.000809,-0.001394,-0.003461,-0.0,0.0,0.0,-0.005438,-0.005643,-0.002473,-0.004864,-0.0,0.0,0.0,-0.004682,0.0,-0.004763,-0.002808,0.0,-0.006552,-0.005629,-0.001126,0.0,-0.000931,-0.0,0.0,-0.004114,0.0,-0.0042,-0.005397,0.0,-0.000916,-0.002458,0.0,-0.006897,-0.0017,0.0,-0.001837,0.0,-0.000139,-0.001567,-0.001128,-0.002047,-0.001915,0.0,0.0,-0.003039,-0.003584,-0.005643,0.0,0.0,-0.0,0.0,0.0,-0.001228,-0.002838,-0.006513,-0.003408,0.0,-3.2e-05,-0.005161,-0.000561,-0.002168,0.0,-0.000728,-0.001276,-0.0,0.0,-0.003482,-0.005791,0.0,-0.0,0.0,-0.001945,0.0,-0.003248,0.0,-0.001873,-0.0068,-0.0,-0.0,-0.003298,0.0,0.0,0.0,-5.4e-05,-0.003799,-0.005438,0.0,-0.003031,-0.002552,-0.005692,-0.005655,0.0,-0.005677,0.0,-0.004266,-0.001078,0.0,-0.001553,-0.007389,-0.005183,-0.004322,-0.003878,-0.005681,-0.001739,-0.000777,-0.000589,0.0,-0.000623,-0.002,-0.002914,-0.004879
2017-05-27 16:16:00+02:00,0.0,0.0,-4e-06,-0.00369,-0.000248,0.0,-0.000756,-0.001332,-0.003392,-0.0,0.0,0.0,-0.005427,-0.005612,-0.002414,-0.004667,-0.0,0.0,0.0,-0.004651,0.0,-0.00473,-0.002688,0.0,-0.006432,-0.005427,-0.001071,0.0,-0.000855,-0.0,0.0,-0.004039,0.0,-0.004123,-0.0053,0.0,-0.000864,-0.002346,0.0,-0.006763,-0.001624,0.0,-0.001819,0.0,-0.000111,-0.001436,-0.001058,-0.002027,-0.001865,0.0,0.0,-0.003018,-0.003441,-0.005633,0.0,0.0,-0.0,0.0,0.0,-0.001108,-0.002817,-0.006384,-0.003239,0.0,-2.5e-05,-0.004961,-0.000505,-0.002146,0.0,-0.000657,-0.001264,-0.0,0.0,-0.003463,-0.005714,0.0,-0.0,0.0,-0.001835,0.0,-0.003117,0.0,-0.001731,-0.006665,-0.0,-0.0,-0.003281,0.0,0.0,0.0,-4.3e-05,-0.003659,-0.005427,0.0,-0.002899,-0.002479,-0.005494,-0.005458,0.0,-0.00557,0.0,-0.004082,-0.001066,0.0,-0.001482,-0.00738,-0.00517,-0.00423,-0.003706,-0.005481,-0.001663,-0.000705,-0.00058,0.0,-0.000526,-0.001981,-0.002758,-0.004866
2017-05-27 16:17:00+02:00,0.0,0.0,-1.6e-05,-0.003587,-0.000198,0.0,-0.000726,-0.001295,-0.003355,-0.0,0.0,0.0,-0.005417,-0.005612,-0.002394,-0.00455,-0.0,0.0,0.0,-0.004663,0.0,-0.00474,-0.00262,0.0,-0.006371,-0.005307,-0.001038,0.0,-0.000816,-0.0,0.0,-0.004002,0.0,-0.004088,-0.005248,0.0,-0.000858,-0.002284,0.0,-0.006689,-0.001581,0.0,-0.001842,0.0,-8.9e-05,-0.001369,-0.001018,-0.002027,-0.001844,0.0,0.0,-0.003026,-0.003357,-0.005626,0.0,0.0,-0.0,0.0,0.0,-0.00104,-0.002824,-0.006314,-0.003145,0.0,-5.7e-05,-0.004842,-0.000472,-0.002146,0.0,-0.000616,-0.001278,-0.0,0.0,-0.003475,-0.005678,0.0,-0.0,0.0,-0.001774,0.0,-0.003038,0.0,-0.001657,-0.006592,-0.0,-0.0,-0.003262,0.0,0.0,0.0,-3.5e-05,-0.003576,-0.005417,0.0,-0.002825,-0.002456,-0.005377,-0.005342,0.0,-0.005519,0.0,-0.003975,-0.001073,0.0,-0.00144,-0.00737,-0.005157,-0.004191,-0.003609,-0.005363,-0.001619,-0.000669,-0.000596,0.0,-0.000477,-0.002003,-0.002673,-0.004851
2017-05-27 16:18:00+02:00,0.0,0.0,-4.4e-05,-0.003543,-0.000175,0.0,-0.00071,-0.001275,-0.003327,-0.0,0.0,0.0,-0.005403,-0.005612,-0.002389,-0.004495,-0.0,0.0,0.0,-0.004682,0.0,-0.004758,-0.002584,0.0,-0.00633,-0.005252,-0.001019,0.0,-0.000802,-0.0,0.0,-0.003977,0.0,-0.004067,-0.005211,0.0,-0.000869,-0.002252,0.0,-0.006633,-0.001558,0.0,-0.001876,0.0,-7.1e-05,-0.00135,-0.001001,-0.002032,-0.001833,0.0,0.0,-0.003041,-0.003319,-0.005613,0.0,0.0,-0.0,0.0,0.0,-0.001005,-0.002836,-0.006263,-0.003105,0.0,-0.000102,-0.004787,-0.000454,-0.00215,0.0,-0.000596,-0.001299,-0.0,0.0,-0.003494,-0.005651,0.0,-0.0,0.0,-0.001745,0.0,-0.003,0.0,-0.001632,-0.006538,-0.0,-0.0,-0.003236,0.0,0.0,0.0,-2.8e-05,-0.003538,-0.005403,0.0,-0.002796,-0.00245,-0.005326,-0.005291,0.0,-0.005486,0.0,-0.003927,-0.001086,0.0,-0.001419,-0.007346,-0.005142,-0.004169,-0.003567,-0.00531,-0.001596,-0.000658,-0.000619,0.0,-0.000458,-0.002035,-0.002639,-0.004833
2017-05-27 16:19:00+02:00,0.0,0.0,-5.3e-05,-0.003494,-0.000145,0.0,-0.00069,-0.00125,-0.003283,-0.0,0.0,0.0,-0.005391,-0.005581,-0.002365,-0.004436,-0.0,0.0,0.0,-0.004663,0.0,-0.004737,-0.00254,0.0,-0.006256,-0.005192,-0.000996,0.0,-0.000786,-0.0,0.0,-0.003934,0.0,-0.004025,-0.005153,0.0,-0.000858,-0.002213,0.0,-0.006547,-0.001531,0.0,-0.001881,0.0,-5.7e-05,-0.001323,-0.00098,-0.002018,-0.001808,0.0,0.0,-0.00303,-0.003279,-0.005604,0.0,0.0,-0.0,0.0,0.0,-0.000964,-0.002824,-0.006183,-0.00306,0.0,-0.000123,-0.004727,-0.000434,-0.002135,0.0,-0.000572,-0.001302,-0.0,0.0,-0.003485,-0.0056,0.0,-0.0,0.0,-0.001708,0.0,-0.002961,0.0,-0.001601,-0.006454,-0.0,-0.0,-0.003203,0.0,0.0,0.0,-2.2e-05,-0.003499,-0.005391,0.0,-0.002763,-0.002421,-0.005269,-0.005234,0.0,-0.005423,0.0,-0.003874,-0.001084,0.0,-0.001392,-0.007304,-0.005127,-0.004122,-0.00352,-0.005251,-0.001569,-0.000643,-0.000626,0.0,-0.000431,-0.002038,-0.0026,-0.004816
2017-05-27 16:20:00+02:00,0.0,0.0,-5e-05,-0.003446,-0.000119,0.0,-0.000672,-0.001225,-0.003239,-0.0,0.0,0.0,-0.005381,-0.005551,-0.002345,-0.00438,-0.0,0.0,0.0,-0.004614,0.0,-0.004687,-0.002498,0.0,-0.006185,-0.005134,-0.000974,0.0,-0.000769,-0.0,0.0,-0.003892,0.0,-0.003987,-0.005103,0.0,-0.00085,-0.002175,0.0,-0.006471,-0.001504,0.0,-0.001868,0.0,-4.6e-05,-0.001298,-0.000961,-0.001991,-0.001785,0.0,0.0,-0.002999,-0.003241,-0.005596,0.0,0.0,-0.0,0.0,0.0,-0.000928,-0.002793,-0.006111,-0.003017,0.0,-0.000129,-0.00467,-0.000416,-0.002105,0.0,-0.00055,-0.001292,-0.0,0.0,-0.003453,-0.005554,0.0,-0.0,0.0,-0.001673,0.0,-0.002923,0.0,-0.001571,-0.006378,-0.0,-0.0,-0.003178,0.0,0.0,0.0,-1.8e-05,-0.003461,-0.005381,0.0,-0.002732,-0.002395,-0.005214,-0.005179,0.0,-0.005363,0.0,-0.003823,-0.001072,0.0,-0.001367,-0.007281,-0.005114,-0.004078,-0.003475,-0.005194,-0.001542,-0.000629,-0.000623,0.0,-0.000406,-0.002023,-0.002562,-0.004801
2017-05-27 16:21:00+02:00,0.0,0.0,-4.9e-05,-0.003417,-0.000112,0.0,-0.000661,-0.00121,-0.003233,-0.0,0.0,0.0,-0.005366,-0.005558,-0.002356,-0.00434,-0.0,0.0,0.0,-0.004571,0.0,-0.004641,-0.002474,0.0,-0.006183,-0.00509,-0.000961,0.0,-0.000762,-0.0,0.0,-0.003893,0.0,-0.003991,-0.005098,0.0,-0.000872,-0.002155,0.0,-0.006453,-0.00149,0.0,-0.001855,0.0,-3.7e-05,-0.001289,-0.000949,-0.001966,-0.001786,0.0,0.0,-0.00297,-0.003215,-0.005583,0.0,0.0,-0.0,0.0,0.0,-0.00091,-0.002765,-0.006096,-0.002991,0.0,-0.000135,-0.004628,-0.000406,-0.002078,0.0,-0.00054,-0.001283,-0.0,0.0,-0.003424,-0.005555,0.0,-0.0,0.0,-0.001655,0.0,-0.002896,0.0,-0.001559,-0.006362,-0.0,-0.0,-0.003153,0.0,0.0,0.0,-1.4e-05,-0.003433,-0.005366,0.0,-0.002714,-0.002407,-0.005174,-0.005139,0.0,-0.005362,0.0,-0.003789,-0.001061,0.0,-0.001353,-0.007258,-0.005097,-0.004082,-0.003447,-0.005152,-0.001528,-0.000624,-0.00062,0.0,-0.000399,-0.002009,-0.002541,-0.004783
2017-05-27 16:22:00+02:00,0.0,0.0,-6.1e-05,-0.003396,-0.000106,0.0,-0.000651,-0.001196,-0.003232,-0.0,0.0,0.0,-0.005349,-0.00556,-0.00237,-0.00431,-0.0,0.0,0.0,-0.004563,0.0,-0.004631,-0.002451,0.0,-0.00619,-0.005057,-0.000948,0.0,-0.000759,-0.0,0.0,-0.003898,0.0,-0.004,-0.005099,0.0,-0.000896,-0.002137,0.0,-0.006444,-0.001476,0.0,-0.00186,0.0,-2.9e-05,-0.001287,-0.00094,-0.001957,-0.001789,0.0,0.0,-0.002966,-0.003196,-0.005568,0.0,0.0,-0.0,0.0,0.0,-0.000895,-0.002759,-0.006088,-0.002974,0.0,-0.000152,-0.004597,-0.000397,-0.002068,0.0,-0.000531,-0.001286,-0.0,0.0,-0.003423,-0.005561,0.0,-0.0,0.0,-0.00164,0.0,-0.002876,0.0,-0.001554,-0.006353,-0.0,-0.0,-0.003126,0.0,0.0,0.0,-1.1e-05,-0.003411,-0.005349,0.0,-0.002703,-0.002422,-0.005143,-0.005108,0.0,-0.005367,0.0,-0.003764,-0.00106,0.0,-0.001339,-0.007231,-0.005079,-0.00409,-0.003427,-0.005119,-0.001514,-0.000623,-0.000626,0.0,-0.000393,-0.002013,-0.002528,-0.004763
2017-05-27 16:23:00+02:00,0.0,0.0,-6.3e-05,-0.003358,-9.2e-05,0.0,-0.000638,-0.001177,-0.003211,-0.0,0.0,0.0,-0.005334,-0.005553,-0.002365,-0.004265,-0.0,0.0,0.0,-0.00455,0.0,-0.004615,-0.00242,0.0,-0.006161,-0.005008,-0.000931,0.0,-0.000747,-0.0,0.0,-0.003881,0.0,-0.003986,-0.005079,0.0,-0.0009,-0.00211,0.0,-0.00641,-0.001457,0.0,-0.001857,0.0,-2.3e-05,-0.001269,-0.000925,-0.001944,-0.001779,0.0,0.0,-0.002957,-0.003165,-0.005554,0.0,0.0,-0.0,0.0,0.0,-0.000873,-0.002749,-0.006055,-0.002941,0.0,-0.000159,-0.00455,-0.000386,-0.002055,0.0,-0.000517,-0.001283,-0.0,0.0,-0.003416,-0.005543,0.0,-0.0,0.0,-0.001616,0.0,-0.002845,0.0,-0.001532,-0.006318,-0.0,-0.0,-0.003105,0.0,0.0,0.0,-9e-06,-0.003378,-0.005334,0.0,-0.002678,-0.002416,-0.005097,-0.005062,0.0,-0.005344,0.0,-0.003724,-0.001054,0.0,-0.00132,-0.007215,-0.005062,-0.004075,-0.003392,-0.005072,-0.001494,-0.000612,-0.000626,0.0,-0.000379,-0.002009,-0.002499,-0.004744
2017-05-27 16:24:00+02:00,0.0,0.0,-6.2e-05,-0.003326,-8.7e-05,0.0,-0.000628,-0.001163,-0.003184,-0.0,0.0,0.0,-0.005324,-0.005542,-0.002359,-0.004227,-0.0,0.0,0.0,-0.004527,0.0,-0.00459,-0.002397,0.0,-0.006121,-0.004966,-0.000918,0.0,-0.000737,-0.0,0.0,-0.003859,0.0,-0.003969,-0.005057,0.0,-0.000904,-0.002091,0.0,-0.006372,-0.001443,0.0,-0.001846,0.0,-1.9e-05,-0.001254,-0.000911,-0.001927,-0.001767,0.0,0.0,-0.002942,-0.00314,-0.005547,0.0,0.0,-0.0,0.0,0.0,-0.000859,-0.002734,-0.006018,-0.002912,0.0,-0.000161,-0.00451,-0.000378,-0.002038,0.0,-0.000509,-0.001275,-0.0,0.0,-0.003403,-0.005524,0.0,-0.0,0.0,-0.0016,0.0,-0.002818,0.0,-0.001514,-0.006279,-0.0,-0.0,-0.003077,0.0,0.0,0.0,-7e-06,-0.00335,-0.005324,0.0,-0.002659,-0.002407,-0.005058,-0.005022,0.0,-0.005314,0.0,-0.00369,-0.001045,0.0,-0.001306,-0.007187,-0.005049,-0.004056,-0.003363,-0.005031,-0.00148,-0.000604,-0.000621,0.0,-0.000373,-0.001997,-0.002475,-0.004729
2017-05-27 16:25:00+02:00,0.0,0.0,-4.9e-05,-0.003296,-8.1e-05,0.0,-0.000618,-0.001148,-0.003152,-0.0,0.0,0.0,-0.005312,-0.005512,-0.002346,-0.00419,-0.0,0.0,0.0,-0.00449,0.0,-0.004551,-0.002373,0.0,-0.006071,-0.004925,-0.000904,0.0,-0.000728,-0.0,0.0,-0.00383,0.0,-0.003943,-0.005023,0.0,-0.000899,-0.002072,0.0,-0.006318,-0.001428,0.0,-0.001819,0.0,-1.5e-05,-0.001241,-0.000898,-0.001904,-0.00175,0.0,0.0,-0.002918,-0.003116,-0.005538,0.0,0.0,-0.0,0.0,0.0,-0.000845,-0.00271,-0.005965,-0.002885,0.0,-0.000149,-0.004472,-0.00037,-0.002014,0.0,-0.000501,-0.001258,-0.0,0.0,-0.003379,-0.005488,0.0,-0.0,0.0,-0.001583,0.0,-0.002794,0.0,-0.001498,-0.006223,-0.0,-0.0,-0.003048,0.0,0.0,0.0,-6e-06,-0.003324,-0.005312,0.0,-0.002641,-0.002389,-0.005019,-0.004984,0.0,-0.005273,0.0,-0.003657,-0.001029,0.0,-0.001292,-0.007156,-0.005035,-0.004026,-0.003334,-0.004991,-0.001465,-0.000596,-0.000605,0.0,-0.000366,-0.001971,-0.002452,-0.004711
2017-05-27 16:26:00+02:00,0.0,0.0,-4.5e-05,-0.003274,-8.3e-05,0.0,-0.000611,-0.001137,-0.003121,-0.0,0.0,0.0,-0.0053,-0.005479,-0.002335,-0.004162,-0.0,0.0,0.0,-0.004465,0.0,-0.004524,-0.002357,0.0,-0.006023,-0.004892,-0.000894,0.0,-0.000723,-0.0,0.0,-0.003803,0.0,-0.00392,-0.00499,0.0,-0.000898,-0.002059,0.0,-0.006264,-0.001419,0.0,-0.001804,0.0,-1.2e-05,-0.001235,-0.000888,-0.001886,-0.001735,0.0,0.0,-0.002903,-0.003098,-0.005528,0.0,0.0,-0.0,0.0,0.0,-0.000839,-0.002694,-0.005914,-0.002866,0.0,-0.000146,-0.004441,-0.000365,-0.001996,0.0,-0.000496,-0.001248,-0.0,0.0,-0.003365,-0.005452,0.0,-0.0,0.0,-0.001574,0.0,-0.002774,0.0,-0.00149,-0.006169,-0.0,-0.0,-0.00302,0.0,0.0,0.0,-5e-06,-0.003304,-0.0053,0.0,-0.002629,-0.002375,-0.004989,-0.004954,0.0,-0.005234,0.0,-0.003632,-0.001017,0.0,-0.001283,-0.007131,-0.005021,-0.003998,-0.003314,-0.004959,-0.001455,-0.000593,-0.000597,0.0,-0.000365,-0.001956,-0.002437,-0.004695
2017-05-27 16:27:00+02:00,0.0,0.0,-6e-05,-0.003255,-8.9e-05,0.0,-0.000606,-0.001127,-0.003106,-0.0,0.0,0.0,-0.005286,-0.005478,-0.002343,-0.004135,-0.0,0.0,0.0,-0.00446,0.0,-0.004517,-0.002345,0.0,-0.006006,-0.004861,-0.000885,0.0,-0.00072,-0.0,0.0,-0.003797,0.0,-0.003918,-0.004986,0.0,-0.000915,-0.002051,0.0,-0.006247,-0.001413,0.0,-0.00181,0.0,-1e-05,-0.001233,-0.00088,-0.001878,-0.001733,0.0,0.0,-0.002903,-0.003082,-0.005517,0.0,0.0,-0.0,0.0,0.0,-0.000837,-0.002692,-0.005897,-0.00285,0.0,-0.000163,-0.004412,-0.000362,-0.001987,0.0,-0.000495,-0.001251,-0.0,0.0,-0.003367,-0.005448,0.0,-0.0,0.0,-0.001569,0.0,-0.002757,0.0,-0.001485,-0.006151,-0.0,-0.0,-0.002992,0.0,0.0,0.0,-4e-06,-0.003285,-0.005286,0.0,-0.002619,-0.002382,-0.00496,-0.004925,0.0,-0.005223,0.0,-0.00361,-0.001016,0.0,-0.001276,-0.007102,-0.005006,-0.003997,-0.003296,-0.004928,-0.001449,-0.000591,-0.000601,0.0,-0.00037,-0.00196,-0.002425,-0.004677
2017-05-27 16:28:00+02:00,0.0,0.0,-6.7e-05,-0.003227,-9.2e-05,0.0,-0.000599,-0.001116,-0.003091,-0.0,0.0,0.0,-0.005275,-0.005476,-0.002349,-0.0041,-0.0,0.0,0.0,-0.004444,0.0,-0.0045,-0.002329,0.0,-0.005989,-0.00482,-0.000875,0.0,-0.000713,-0.0,0.0,-0.00379,0.0,-0.003917,-0.004982,0.0,-0.00093,-0.002039,0.0,-0.006229,-0.001404,0.0,-0.001806,0.0,-8e-06,-0.001223,-0.000868,-0.001865,-0.00173,0.0,0.0,-0.002894,-0.00306,-0.005508,0.0,0.0,-0.0,0.0,0.0,-0.000832,-0.002683,-0.00588,-0.002826,0.0,-0.000172,-0.004375,-0.000358,-0.001974,0.0,-0.000492,-0.001249,-0.0,0.0,-0.003361,-0.005445,0.0,-0.0,0.0,-0.00156,0.0,-0.002733,0.0,-0.001473,-0.006133,-0.0,-0.0,-0.002965,0.0,0.0,0.0,-3e-06,-0.003259,-0.005275,0.0,-0.002603,-0.002387,-0.004921,-0.004885,0.0,-0.005211,0.0,-0.003579,-0.00101,0.0,-0.001267,-0.007077,-0.004992,-0.003994,-0.003269,-0.004888,-0.001439,-0.000586,-0.000601,0.0,-0.00037,-0.001956,-0.002405,-0.004661
2017-05-27 16:29:00+02:00,0.0,0.0,-7.1e-05,-0.003209,-9e-05,0.0,-0.000591,-0.001103,-0.003083,-0.0,0.0,0.0,-0.005257,-0.005473,-0.002357,-0.004075,-0.0,0.0,0.0,-0.004419,0.0,-0.004472,-0.002309,0.0,-0.005985,-0.00479,-0.000863,0.0,-0.00071,-0.0,0.0,-0.003788,0.0,-0.003918,-0.004979,0.0,-0.000945,-0.002023,0.0,-0.006217,-0.001391,0.0,-0.001797,0.0,-6e-06,-0.001222,-0.00086,-0.001848,-0.001728,0.0,0.0,-0.002878,-0.003043,-0.00549,0.0,0.0,-0.0,0.0,0.0,-0.000823,-0.002666,-0.005867,-0.002811,0.0,-0.000176,-0.004348,-0.000352,-0.001955,0.0,-0.000487,-0.001242,-0.0,0.0,-0.003345,-0.005441,0.0,-0.0,0.0,-0.001547,0.0,-0.002715,0.0,-0.001469,-0.006119,-0.0,-0.0,-0.002943,0.0,0.0,0.0,-2e-06,-0.00324,-0.005257,0.0,-0.002593,-0.002394,-0.004892,-0.004857,0.0,-0.005208,0.0,-0.003558,-0.001002,0.0,-0.001254,-0.007061,-0.004972,-0.003995,-0.003253,-0.004858,-0.001427,-0.000584,-0.000597,0.0,-0.000367,-0.001946,-0.002394,-0.00464
2017-05-27 16:30:00+02:00,0.0,0.0,-7.9e-05,-0.003197,-8.7e-05,0.0,-0.000582,-0.001088,-0.003052,-0.0,0.0,0.0,-0.005242,-0.005425,-0.00234,-0.004058,-0.0,0.0,0.0,-0.0044,0.0,-0.004451,-0.002285,0.0,-0.005934,-0.004769,-0.00085,0.0,-0.00071,-0.0,0.0,-0.003755,0.0,-0.003888,-0.004938,0.0,-0.000938,-0.002002,0.0,-0.006155,-0.001376,0.0,-0.001792,0.0,-5e-06,-0.001225,-0.000855,-0.001833,-0.001709,0.0,0.0,-0.002866,-0.003033,-0.005478,0.0,0.0,-0.0,0.0,0.0,-0.000813,-0.002653,-0.005809,-0.002802,0.0,-0.000185,-0.00433,-0.000346,-0.001939,0.0,-0.00048,-0.001238,-0.0,0.0,-0.003334,-0.005394,0.0,-0.0,0.0,-0.001531,0.0,-0.002703,0.0,-0.001471,-0.006056,-0.0,-0.0,-0.002914,0.0,0.0,0.0,-2e-06,-0.003226,-0.005242,0.0,-0.002589,-0.002373,-0.004874,-0.004838,0.0,-0.005163,0.0,-0.003544,-0.000995,0.0,-0.00124,-0.007035,-0.004955,-0.003961,-0.003243,-0.004838,-0.001412,-0.000585,-0.000597,0.0,-0.000362,-0.001941,-0.002389,-0.00462
2017-05-27 16:31:00+02:00,0.0,0.0,-0.000105,-0.003179,-0.000101,0.0,-0.000578,-0.001079,-0.003018,-0.0,0.0,0.0,-0.005229,-0.00538,-0.002327,-0.004035,-0.0,0.0,0.0,-0.004413,0.0,-0.004462,-0.002275,0.0,-0.005879,-0.004741,-0.000842,0.0,-0.000706,-0.0,0.0,-0.003722,0.0,-0.003858,-0.0049,0.0,-0.000936,-0.001994,0.0,-0.006102,-0.001369,0.0,-0.001811,0.0,-8e-06,-0.001222,-0.000847,-0.001832,-0.001692,0.0,0.0,-0.002876,-0.003017,-0.005467,0.0,0.0,-0.0,0.0,0.0,-0.000817,-0.002661,-0.005757,-0.002787,0.0,-0.000213,-0.004304,-0.000346,-0.001939,0.0,-0.000482,-0.001249,-0.0,0.0,-0.003348,-0.005351,0.0,-0.0,0.0,-0.001529,0.0,-0.002685,0.0,-0.001465,-0.006,-0.0,-0.0,-0.002895,0.0,0.0,0.0,-2e-06,-0.003207,-0.005229,0.0,-0.002579,-0.002359,-0.004848,-0.004812,0.0,-0.005119,0.0,-0.003524,-0.001,0.0,-0.001232,-0.007025,-0.00494,-0.003932,-0.003227,-0.004811,-0.001405,-0.000582,-0.000608,0.0,-0.000372,-0.001959,-0.002378,-0.0046
2017-05-27 16:32:00+02:00,0.0,0.0,-0.000132,-0.003178,-0.000126,0.0,-0.00058,-0.001078,-0.002998,-0.0,0.0,0.0,-0.005217,-0.00535,-0.002327,-0.004028,-0.0,0.0,0.0,-0.004426,0.0,-0.004474,-0.002281,0.0,-0.005852,-0.00473,-0.00084,0.0,-0.000711,-0.0,0.0,-0.003705,0.0,-0.003845,-0.004878,0.0,-0.000946,-0.002004,0.0,-0.006067,-0.001373,0.0,-0.001829,0.0,-2.5e-05,-0.001234,-0.000845,-0.001831,-0.001684,0.0,0.0,-0.002885,-0.003014,-0.005456,0.0,0.0,-0.0,0.0,0.0,-0.000834,-0.002667,-0.005724,-0.002789,0.0,-0.00024,-0.004296,-0.000351,-0.001938,0.0,-0.000492,-0.00126,-0.0,0.0,-0.003361,-0.005324,0.0,-0.0,0.0,-0.001542,0.0,-0.002679,0.0,-0.001476,-0.005964,-0.0,-0.0,-0.002869,0.0,0.0,0.0,-7e-06,-0.0032,-0.005217,0.0,-0.002582,-0.002358,-0.004839,-0.004803,0.0,-0.005098,0.0,-0.003521,-0.001004,0.0,-0.001235,-0.007004,-0.004926,-0.00392,-0.003228,-0.004801,-0.001409,-0.000588,-0.00062,0.0,-0.000393,-0.001977,-0.002383,-0.004587
2017-05-27 16:33:00+02:00,0.0,0.0,-0.000149,-0.003172,-0.000145,0.0,-0.000581,-0.001077,-0.002978,-0.0,0.0,0.0,-0.005205,-0.005326,-0.002324,-0.004018,-0.0,0.0,0.0,-0.004425,0.0,-0.00447,-0.002286,0.0,-0.005825,-0.004715,-0.000838,0.0,-0.000713,-0.0,0.0,-0.003688,0.0,-0.003832,-0.004859,0.0,-0.000952,-0.002012,0.0,-0.006036,-0.001376,0.0,-0.001837,0.0,-3.6e-05,-0.001241,-0.000841,-0.001823,-0.001675,0.0,0.0,-0.002885,-0.003007,-0.005447,0.0,0.0,-0.0,0.0,0.0,-0.000846,-0.002665,-0.005694,-0.002786,0.0,-0.000258,-0.004284,-0.000354,-0.00193,0.0,-0.000498,-0.001264,-0.0,0.0,-0.003363,-0.005302,0.0,-0.0,0.0,-0.001552,0.0,-0.00267,0.0,-0.001482,-0.005931,-0.0,-0.0,-0.002844,0.0,0.0,0.0,-1.1e-05,-0.00319,-0.005205,0.0,-0.002582,-0.002355,-0.004825,-0.004791,0.0,-0.005076,0.0,-0.003513,-0.001003,0.0,-0.001237,-0.006983,-0.004912,-0.003907,-0.003224,-0.004786,-0.001412,-0.000591,-0.000625,0.0,-0.000409,-0.001984,-0.002383,-0.004572
2017-05-27 16:34:00+02:00,0.0,0.0,-0.000164,-0.00316,-0.000161,0.0,-0.00058,-0.001073,-0.002968,-0.0,0.0,0.0,-0.005196,-0.005329,-0.002335,-0.003999,-0.0,0.0,0.0,-0.004417,0.0,-0.004461,-0.002287,0.0,-0.005817,-0.004692,-0.000835,0.0,-0.000712,-0.0,0.0,-0.003686,0.0,-0.003836,-0.004863,0.0,-0.00097,-0.002016,0.0,-0.006031,-0.001378,0.0,-0.001841,0.0,-4.7e-05,-0.001243,-0.000835,-0.001813,-0.001675,0.0,0.0,-0.002881,-0.002996,-0.005441,0.0,0.0,-0.0,0.0,0.0,-0.000856,-0.00266,-0.005688,-0.002776,0.0,-0.000273,-0.004264,-0.000355,-0.001919,0.0,-0.000504,-0.001267,-0.0,0.0,-0.003361,-0.005306,0.0,-0.0,0.0,-0.001558,0.0,-0.002657,0.0,-0.001482,-0.005923,-0.0,-0.0,-0.00281,0.0,0.0,0.0,-1.4e-05,-0.003176,-0.005196,0.0,-0.002577,-0.002366,-0.004804,-0.004769,0.0,-0.005073,0.0,-0.003498,-0.001001,0.0,-0.001238,-0.00695,-0.004899,-0.003912,-0.003213,-0.004764,-0.001413,-0.000591,-0.000629,0.0,-0.000422,-0.001988,-0.002377,-0.004556
2017-05-27 16:35:00+02:00,0.0,0.0,-0.000168,-0.003141,-0.000167,0.0,-0.000575,-0.001064,-0.002946,-0.0,0.0,0.0,-0.005178,-0.005312,-0.002334,-0.003973,-0.0,0.0,0.0,-0.004389,0.0,-0.004431,-0.002276,0.0,-0.005785,-0.004661,-0.000827,0.0,-0.000708,-0.0,0.0,-0.003669,0.0,-0.003824,-0.00485,0.0,-0.000973,-0.002009,0.0,-0.005999,-0.001373,0.0,-0.001833,0.0,-4.9e-05,-0.00124,-0.000826,-0.001794,-0.001665,0.0,0.0,-0.002866,-0.002982,-0.005427,0.0,0.0,-0.0,0.0,0.0,-0.000855,-0.002644,-0.005657,-0.00276,0.0,-0.000277,-0.004235,-0.000353,-0.0019,0.0,-0.000503,-0.001261,-0.0,0.0,-0.003347,-0.005292,0.0,-0.0,0.0,-0.001554,0.0,-0.00264,0.0,-0.001476,-0.00589,-0.0,-0.0,-0.002765,0.0,0.0,0.0,-1.3e-05,-0.003158,-0.005178,0.0,-0.002569,-0.002359,-0.004774,-0.004739,0.0,-0.005047,0.0,-0.003476,-0.000992,0.0,-0.001232,-0.006896,-0.004878,-0.003896,-0.003195,-0.004733,-0.001407,-0.000588,-0.000627,0.0,-0.000426,-0.001979,-0.002365,-0.004531
2017-05-27 16:36:00+02:00,0.0,0.0,-0.000166,-0.003126,-0.000169,0.0,-0.000568,-0.001052,-0.002919,-0.0,0.0,0.0,-0.005171,-0.00529,-0.002327,-0.003954,-0.0,0.0,0.0,-0.004348,0.0,-0.004389,-0.002258,0.0,-0.005745,-0.004638,-0.000815,0.0,-0.000705,-0.0,0.0,-0.003648,0.0,-0.003808,-0.004831,0.0,-0.000972,-0.001996,0.0,-0.00596,-0.001363,0.0,-0.001815,0.0,-4.8e-05,-0.001238,-0.000818,-0.001771,-0.001652,0.0,0.0,-0.002843,-0.002973,-0.005422,0.0,0.0,-0.0,0.0,0.0,-0.00085,-0.002621,-0.005618,-0.002748,0.0,-0.000275,-0.004215,-0.000348,-0.001875,0.0,-0.000499,-0.00125,-0.0,0.0,-0.003324,-0.005271,0.0,-0.0,0.0,-0.001544,0.0,-0.002628,0.0,-0.001473,-0.005849,-0.0,-0.0,-0.002736,0.0,0.0,0.0,-1.1e-05,-0.003147,-0.005171,0.0,-0.002564,-0.002347,-0.004753,-0.004718,0.0,-0.005014,0.0,-0.003459,-0.000979,0.0,-0.001222,-0.00687,-0.004867,-0.003873,-0.003181,-0.00471,-0.001398,-0.000587,-0.00062,0.0,-0.000425,-0.001961,-0.002356,-0.004517
2017-05-27 16:37:00+02:00,0.0,0.0,-0.000171,-0.003109,-0.00017,0.0,-0.00056,-0.001039,-0.002895,-0.0,0.0,0.0,-0.005158,-0.00527,-0.002323,-0.003932,-0.0,0.0,0.0,-0.004325,0.0,-0.004364,-0.002238,0.0,-0.005709,-0.004611,-0.000803,0.0,-0.000702,-0.0,0.0,-0.003631,0.0,-0.003795,-0.004816,0.0,-0.000975,-0.00198,0.0,-0.005925,-0.001352,0.0,-0.001807,0.0,-4.7e-05,-0.001236,-0.000809,-0.001754,-0.001641,0.0,0.0,-0.002831,-0.002962,-0.005412,0.0,0.0,-0.0,0.0,0.0,-0.000843,-0.002608,-0.005583,-0.002733,0.0,-0.000279,-0.004191,-0.000343,-0.001857,0.0,-0.000495,-0.001245,-0.0,0.0,-0.003314,-0.005254,0.0,-0.0,0.0,-0.001532,0.0,-0.002614,0.0,-0.001468,-0.005813,-0.0,-0.0,-0.002705,0.0,0.0,0.0,-9e-06,-0.003133,-0.005158,0.0,-0.002558,-0.002339,-0.004728,-0.004693,0.0,-0.004985,0.0,-0.00344,-0.000971,0.0,-0.001211,-0.00684,-0.004853,-0.003855,-0.003165,-0.004684,-0.001386,-0.000585,-0.000618,0.0,-0.000424,-0.001952,-0.002345,-0.004499
2017-05-27 16:38:00+02:00,0.0,0.0,-0.000176,-0.003089,-0.000165,0.0,-0.000549,-0.001022,-0.002873,-0.0,0.0,0.0,-0.005148,-0.005253,-0.002321,-0.003908,-0.0,0.0,0.0,-0.004304,0.0,-0.004341,-0.00221,0.0,-0.005678,-0.004583,-0.000789,0.0,-0.000697,-0.0,0.0,-0.003614,0.0,-0.003783,-0.004802,0.0,-0.000977,-0.001957,0.0,-0.005895,-0.001336,0.0,-0.0018,0.0,-4.1e-05,-0.00123,-0.000799,-0.001738,-0.00163,0.0,0.0,-0.00282,-0.002948,-0.005402,0.0,0.0,-0.0,0.0,0.0,-0.000831,-0.002595,-0.005553,-0.002716,0.0,-0.000284,-0.004166,-0.000336,-0.00184,0.0,-0.000488,-0.00124,-0.0,0.0,-0.003304,-0.005239,0.0,-0.0,0.0,-0.001513,0.0,-0.002598,0.0,-0.001461,-0.005781,-0.0,-0.0,-0.002682,0.0,0.0,0.0,-7e-06,-0.003117,-0.005148,0.0,-0.002549,-0.002332,-0.004701,-0.004665,0.0,-0.00496,0.0,-0.003418,-0.000963,0.0,-0.001195,-0.006824,-0.00484,-0.003839,-0.003147,-0.004656,-0.001369,-0.000581,-0.000616,0.0,-0.000416,-0.001945,-0.002331,-0.004484
2017-05-27 16:39:00+02:00,0.0,0.0,-0.000183,-0.003073,-0.000167,0.0,-0.000542,-0.001009,-0.00286,-0.0,0.0,0.0,-0.005125,-0.00525,-0.002328,-0.003888,-0.0,0.0,0.0,-0.004281,0.0,-0.004316,-0.002192,0.0,-0.005666,-0.004559,-0.000778,0.0,-0.000694,-0.0,0.0,-0.003611,0.0,-0.003784,-0.004802,0.0,-0.00099,-0.001943,0.0,-0.005883,-0.001326,0.0,-0.001793,0.0,-4.2e-05,-0.001229,-0.000791,-0.001721,-0.001627,0.0,0.0,-0.002805,-0.002936,-0.005382,0.0,0.0,-0.0,0.0,0.0,-0.000827,-0.00258,-0.005541,-0.002703,0.0,-0.00029,-0.004144,-0.000332,-0.001822,0.0,-0.000485,-0.001236,-0.0,0.0,-0.003291,-0.005238,0.0,-0.0,0.0,-0.001503,0.0,-0.002584,0.0,-0.001457,-0.005766,-0.0,-0.0,-0.002652,0.0,0.0,0.0,-7e-06,-0.003102,-0.005125,0.0,-0.002542,-0.002338,-0.004678,-0.004643,0.0,-0.004953,0.0,-0.0034,-0.000955,0.0,-0.001185,-0.006796,-0.004816,-0.003838,-0.003132,-0.004633,-0.001359,-0.000579,-0.000614,0.0,-0.000416,-0.001937,-0.002321,-0.004458
2017-05-27 16:40:00+02:00,0.0,0.0,-0.000176,-0.00305,-0.000152,0.0,-0.000528,-0.000988,-0.002852,-0.0,0.0,0.0,-0.005111,-0.005254,-0.002338,-0.003862,-0.0,0.0,0.0,-0.004235,0.0,-0.004267,-0.002156,0.0,-0.005663,-0.004529,-0.00076,0.0,-0.000688,-0.0,0.0,-0.003614,0.0,-0.003792,-0.004809,0.0,-0.001003,-0.001912,0.0,-0.005878,-0.001304,0.0,-0.001771,0.0,-3.4e-05,-0.001221,-0.00078,-0.001694,-0.001625,0.0,0.0,-0.002776,-0.00292,-0.005372,0.0,0.0,-0.0,0.0,0.0,-0.000806,-0.002551,-0.005535,-0.002683,0.0,-0.000283,-0.004116,-0.000322,-0.001794,0.0,-0.000472,-0.001221,-0.0,0.0,-0.003261,-0.005245,0.0,-0.0,0.0,-0.001476,0.0,-0.002566,0.0,-0.001446,-0.005759,-0.0,-0.0,-0.002619,0.0,0.0,0.0,-5e-06,-0.003084,-0.005111,0.0,-0.00253,-0.002345,-0.004649,-0.004614,0.0,-0.004955,0.0,-0.003376,-0.00094,0.0,-0.001164,-0.006765,-0.0048,-0.003841,-0.003112,-0.004603,-0.001336,-0.000574,-0.000604,0.0,-0.0004,-0.001914,-0.002305,-0.004439
2017-05-27 16:41:00+02:00,0.0,0.0,-0.000163,-0.00301,-0.000127,0.0,-0.000509,-0.000961,-0.002833,-0.0,0.0,0.0,-0.005091,-0.005243,-0.002337,-0.003817,-0.0,0.0,0.0,-0.004176,0.0,-0.004206,-0.002104,0.0,-0.00564,-0.004481,-0.000737,0.0,-0.000675,-0.0,0.0,-0.003605,0.0,-0.003786,-0.004801,0.0,-0.001004,-0.001867,0.0,-0.005853,-0.001274,0.0,-0.00174,0.0,-2.7e-05,-0.0012,-0.000764,-0.001662,-0.001615,0.0,0.0,-0.002739,-0.002892,-0.005354,0.0,0.0,-0.0,0.0,0.0,-0.000774,-0.002514,-0.005509,-0.002647,0.0,-0.000268,-0.00407,-0.000307,-0.00176,0.0,-0.000452,-0.001201,-0.0,0.0,-0.003222,-0.005236,0.0,-0.0,0.0,-0.001435,0.0,-0.002537,0.0,-0.001423,-0.005731,-0.0,-0.0,-0.002574,0.0,0.0,0.0,-4e-06,-0.003053,-0.005091,0.0,-0.002506,-0.002338,-0.004601,-0.004567,0.0,-0.004937,0.0,-0.003334,-0.00092,0.0,-0.001135,-0.006714,-0.004776,-0.003828,-0.003074,-0.004555,-0.001304,-0.000563,-0.000591,0.0,-0.000373,-0.001883,-0.002274,-0.004411
2017-05-27 16:42:00+02:00,0.0,0.0,-0.000156,-0.002963,-0.000115,0.0,-0.000496,-0.00094,-0.002798,-0.0,0.0,0.0,-0.005077,-0.005202,-0.002316,-0.003764,-0.0,0.0,0.0,-0.004136,0.0,-0.004164,-0.002068,0.0,-0.005584,-0.004421,-0.000719,0.0,-0.000658,-0.0,0.0,-0.003573,0.0,-0.003757,-0.004765,0.0,-0.000987,-0.001837,0.0,-0.005794,-0.001253,0.0,-0.001719,0.0,-2.2e-05,-0.001173,-0.000745,-0.001637,-0.001592,0.0,0.0,-0.002715,-0.002857,-0.005343,0.0,0.0,-0.0,0.0,0.0,-0.000756,-0.00249,-0.005451,-0.002604,0.0,-0.00026,-0.004015,-0.000298,-0.001734,0.0,-0.000441,-0.001186,-0.0,0.0,-0.003198,-0.005198,0.0,-0.0,0.0,-0.00141,0.0,-0.002502,0.0,-0.001393,-0.00567,-0.0,-0.0,-0.00254,0.0,0.0,0.0,-4e-06,-0.003015,-0.005077,0.0,-0.002475,-0.002308,-0.004542,-0.004508,0.0,-0.004889,0.0,-0.003285,-0.000905,0.0,-0.001116,-0.006681,-0.00476,-0.003788,-0.003029,-0.004496,-0.001283,-0.000548,-0.000582,0.0,-0.000359,-0.001861,-0.002237,-0.004383
2017-05-27 16:43:00+02:00,0.0,0.0,-0.000146,-0.002895,-9.9e-05,0.0,-0.000481,-0.000918,-0.002754,-0.0,0.0,0.0,-0.005062,-0.005143,-0.002282,-0.003686,-0.0,0.0,0.0,-0.004094,0.0,-0.00412,-0.002029,0.0,-0.005509,-0.004332,-0.000701,0.0,-0.000634,-0.0,0.0,-0.003529,0.0,-0.003713,-0.004713,0.0,-0.000959,-0.001803,0.0,-0.005718,-0.00123,0.0,-0.001694,0.0,-1.7e-05,-0.001131,-0.00072,-0.001611,-0.001561,0.0,0.0,-0.002688,-0.002801,-0.00533,0.0,0.0,-0.0,0.0,0.0,-0.000734,-0.002462,-0.005376,-0.002542,0.0,-0.000249,-0.003932,-0.000287,-0.001707,0.0,-0.000427,-0.00117,-0.0,0.0,-0.003171,-0.005141,0.0,-0.0,0.0,-0.001381,0.0,-0.00245,0.0,-0.001347,-0.00559,-0.0,-0.0,-0.002512,0.0,0.0,0.0,-3e-06,-0.002956,-0.005046,0.0,-0.002426,-0.002266,-0.004453,-0.00442,0.0,-0.004825,0.0,-0.003213,-0.000889,0.0,-0.001094,-0.006662,-0.004742,-0.003733,-0.002963,-0.004407,-0.001259,-0.000525,-0.000571,0.0,-0.000342,-0.001835,-0.00218,-0.004337
2017-05-27 16:44:00+02:00,0.0,0.0,-0.000141,-0.002844,-8.6e-05,0.0,-0.000468,-0.000898,-0.002711,-0.0,0.0,0.0,-0.005042,-0.005076,-0.002253,-0.003627,-0.0,0.0,0.0,-0.004059,0.0,-0.004083,-0.001995,0.0,-0.005437,-0.004264,-0.000684,0.0,-0.000617,-0.0,0.0,-0.003485,0.0,-0.00367,-0.004657,0.0,-0.000937,-0.001774,0.0,-0.00564,-0.001209,0.0,-0.001675,0.0,-1.4e-05,-0.001104,-0.000701,-0.001588,-0.001534,0.0,0.0,-0.002664,-0.002759,-0.005311,0.0,0.0,-0.0,0.0,0.0,-0.000714,-0.002439,-0.005301,-0.002496,0.0,-0.000243,-0.003869,-0.000277,-0.001683,0.0,-0.000415,-0.001157,-0.0,0.0,-0.003148,-0.005078,0.0,-0.0,0.0,-0.001356,0.0,-0.002409,0.0,-0.001316,-0.00551,-0.0,-0.0,-0.002477,0.0,0.0,0.0,-2e-06,-0.002909,-0.005,0.0,-0.00239,-0.00223,-0.004386,-0.004353,0.0,-0.004764,0.0,-0.003159,-0.000875,0.0,-0.001074,-0.00664,-0.004713,-0.003682,-0.002915,-0.00434,-0.001237,-0.00051,-0.000563,0.0,-0.000327,-0.001816,-0.002141,-0.004281
2017-05-27 16:45:00+02:00,0.0,0.0,-0.000143,-0.002806,-8.1e-05,0.0,-0.000458,-0.000882,-0.00269,-0.0,0.0,0.0,-0.005015,-0.005061,-0.002252,-0.003581,-0.0,0.0,0.0,-0.004032,0.0,-0.004053,-0.001968,0.0,-0.005409,-0.004211,-0.00067,0.0,-0.000606,-0.0,0.0,-0.003471,0.0,-0.00366,-0.004645,0.0,-0.000944,-0.001752,0.0,-0.005617,-0.001193,0.0,-0.001663,0.0,-1.1e-05,-0.001088,-0.000686,-0.001568,-0.001525,0.0,0.0,-0.002645,-0.002726,-0.005286,0.0,0.0,-0.0,0.0,0.0,-0.000702,-0.002419,-0.005278,-0.002463,0.0,-0.000243,-0.003821,-0.00027,-0.001662,0.0,-0.000407,-0.001148,-0.0,0.0,-0.003129,-0.005065,0.0,-0.0,0.0,-0.001338,0.0,-0.002377,0.0,-0.001297,-0.005484,-0.0,-0.0,-0.002458,0.0,0.0,0.0,-2e-06,-0.002872,-0.005002,0.0,-0.002364,-0.002228,-0.004332,-0.0043,0.0,-0.004746,0.0,-0.003119,-0.000864,0.0,-0.001058,-0.006612,-0.004692,-0.003671,-0.002879,-0.004287,-0.00122,-0.0005,-0.000559,0.0,-0.00032,-0.001804,-0.002113,-0.004268
2017-05-27 16:46:00+02:00,0.0,0.0,-0.000138,-0.002795,-9.3e-05,0.0,-0.000455,-0.000874,-0.002729,-0.0,0.0,0.0,-0.005,-0.005103,-0.002341,-0.003559,-0.0,0.0,0.0,-0.004083,0.0,-0.004102,-0.001959,0.0,-0.005505,-0.004176,-0.000663,0.0,-0.00061,-0.0,0.0,-0.003539,0.0,-0.003744,-0.004745,0.0,-0.001035,-0.001747,0.0,-0.00573,-0.001187,0.0,-0.001669,0.0,-1.4e-05,-0.0011,-0.000682,-0.001579,-0.001572,0.0,0.0,-0.002682,-0.00271,-0.005272,0.0,0.0,-0.0,0.0,0.0,-0.000707,-0.002451,-0.005385,-0.002457,0.0,-0.000237,-0.003794,-0.00027,-0.001676,0.0,-0.000409,-0.001153,-0.0,0.0,-0.003174,-0.00515,0.0,-0.0,0.0,-0.001337,0.0,-0.002359,0.0,-0.001307,-0.005591,-0.0,-0.0,-0.002431,0.0,0.0,0.0,-1e-06,-0.002849,-0.005,0.0,-0.002359,-0.002331,-0.004297,-0.004265,0.0,-0.004845,0.0,-0.003103,-0.000865,0.0,-0.001052,-0.006592,-0.004674,-0.003775,-0.002869,-0.004252,-0.001214,-0.000505,-0.000559,0.0,-0.000329,-0.001814,-0.002113,-0.004274
2017-05-27 16:47:00+02:00,0.0,0.0,-0.00012,-0.002789,-8.5e-05,0.0,-0.000444,-0.000857,-0.002746,-0.0,0.0,0.0,-0.004975,-0.005132,-0.002397,-0.003547,-0.0,0.0,0.0,-0.004099,0.0,-0.004116,-0.001931,0.0,-0.005557,-0.004159,-0.000648,0.0,-0.000612,-0.0,0.0,-0.003577,0.0,-0.003793,-0.004807,0.0,-0.001093,-0.001722,0.0,-0.005797,-0.001169,0.0,-0.001656,0.0,-1.1e-05,-0.001108,-0.000678,-0.001576,-0.001599,0.0,0.0,-0.002694,-0.002702,-0.005249,0.0,0.0,-0.0,0.0,0.0,-0.000693,-0.00246,-0.005447,-0.002454,0.0,-0.000217,-0.00378,-0.000262,-0.001675,0.0,-0.0004,-0.001144,-0.0,0.0,-0.003189,-0.005213,0.0,-0.0,0.0,-0.001317,0.0,-0.002348,0.0,-0.001314,-0.005653,-0.0,-0.0,-0.0024,0.0,0.0,0.0,-1e-06,-0.002836,-0.004975,0.0,-0.002358,-0.002395,-0.00428,-0.004249,0.0,-0.004902,0.0,-0.003095,-0.000856,0.0,-0.001035,-0.006565,-0.004648,-0.003838,-0.002864,-0.004235,-0.001196,-0.000508,-0.000548,0.0,-0.000319,-0.001803,-0.002114,-0.004273
2017-05-27 16:48:00+02:00,0.0,0.0,-9.6e-05,-0.002757,-6.8e-05,0.0,-0.000428,-0.000834,-0.002734,-0.0,0.0,0.0,-0.004966,-0.005154,-0.002415,-0.00351,-0.0,0.0,0.0,-0.004081,0.0,-0.004097,-0.001887,0.0,-0.005548,-0.004117,-0.000628,0.0,-0.000602,-0.0,0.0,-0.003576,0.0,-0.003801,-0.004821,0.0,-0.001112,-0.001683,0.0,-0.005805,-0.001142,0.0,-0.001621,0.0,-9e-06,-0.001094,-0.000665,-0.001559,-0.001601,0.0,0.0,-0.002683,-0.002676,-0.005243,0.0,0.0,-0.0,0.0,0.0,-0.000664,-0.002448,-0.005452,-0.002426,0.0,-0.00018,-0.003741,-0.000249,-0.001659,0.0,-0.000382,-0.001122,-0.0,0.0,-0.003179,-0.005235,0.0,-0.0,0.0,-0.001281,0.0,-0.002322,0.0,-0.001298,-0.005655,-0.0,-0.0,-0.002365,0.0,0.0,0.0,-1e-06,-0.002807,-0.004966,0.0,-0.002337,-0.002414,-0.004238,-0.004208,0.0,-0.004904,0.0,-0.003062,-0.000837,0.0,-0.001009,-0.006533,-0.004636,-0.00385,-0.002835,-0.004194,-0.001168,-0.000499,-0.000527,0.0,-0.000294,-0.001771,-0.002091,-0.004256
2017-05-27 16:49:00+02:00,0.0,0.0,-7.7e-05,-0.002724,-5.5e-05,0.0,-0.000411,-0.00081,-0.002697,-0.0,0.0,0.0,-0.004943,-0.005142,-0.002402,-0.003472,-0.0,0.0,0.0,-0.004059,0.0,-0.004073,-0.001844,0.0,-0.005489,-0.004073,-0.000608,0.0,-0.000591,-0.0,0.0,-0.003539,0.0,-0.00377,-0.004793,0.0,-0.001104,-0.001644,0.0,-0.005765,-0.001114,0.0,-0.001589,0.0,-7e-06,-0.001078,-0.000652,-0.00154,-0.001584,0.0,0.0,-0.002668,-0.002648,-0.005222,0.0,0.0,-0.0,0.0,0.0,-0.000634,-0.002432,-0.005411,-0.002397,0.0,-0.000148,-0.003701,-0.000236,-0.001641,0.0,-0.000363,-0.001101,-0.0,0.0,-0.003164,-0.00521,0.0,-0.0,0.0,-0.001246,0.0,-0.002294,0.0,-0.00128,-0.005609,-0.0,-0.0,-0.002341,0.0,0.0,0.0,-1e-06,-0.002776,-0.004943,0.0,-0.002315,-0.002399,-0.004194,-0.004164,0.0,-0.00486,0.0,-0.003027,-0.000819,0.0,-0.000983,-0.006516,-0.004612,-0.003822,-0.002805,-0.00415,-0.00114,-0.000489,-0.000508,0.0,-0.000269,-0.00174,-0.002067,-0.004231
2017-05-27 16:50:00+02:00,0.0,0.0,-6.1e-05,-0.002685,-4.4e-05,0.0,-0.000396,-0.000788,-0.002665,-0.0,0.0,0.0,-0.004929,-0.005131,-0.002391,-0.003431,-0.0,0.0,0.0,-0.004031,0.0,-0.004042,-0.001802,0.0,-0.00544,-0.004026,-0.00059,0.0,-0.000577,-0.0,0.0,-0.003508,0.0,-0.003745,-0.00477,0.0,-0.001098,-0.001606,0.0,-0.005734,-0.001087,0.0,-0.001555,0.0,-6e-06,-0.001056,-0.000636,-0.001518,-0.001569,0.0,0.0,-0.002647,-0.002615,-0.00521,0.0,0.0,-0.0,0.0,0.0,-0.000604,-0.002411,-0.005377,-0.002362,0.0,-0.000118,-0.003657,-0.000223,-0.00162,0.0,-0.000345,-0.001078,-0.0,0.0,-0.003143,-0.00519,0.0,-0.0,0.0,-0.001212,0.0,-0.002263,0.0,-0.001255,-0.005571,-0.0,-0.0,-0.002321,0.0,0.0,0.0,-1e-06,-0.002741,-0.004929,0.0,-0.002286,-0.002388,-0.004147,-0.004118,0.0,-0.004824,0.0,-0.002988,-0.0008,0.0,-0.000958,-0.006512,-0.004596,-0.003801,-0.002769,-0.004104,-0.001113,-0.000476,-0.000489,0.0,-0.000244,-0.001708,-0.002036,-0.004213
2017-05-27 16:51:00+02:00,0.0,0.0,-5.2e-05,-0.002693,-3.9e-05,0.0,-0.00039,-0.000777,-0.002646,-0.0,0.0,0.0,-0.004916,-0.005136,-0.002398,-0.003441,-0.0,0.0,0.0,-0.004025,0.0,-0.004035,-0.001787,0.0,-0.005419,-0.004038,-0.00058,0.0,-0.000582,-0.0,0.0,-0.003496,0.0,-0.00374,-0.004767,0.0,-0.001112,-0.001594,0.0,-0.005726,-0.001078,0.0,-0.001548,0.0,-5e-06,-0.001071,-0.000635,-0.001506,-0.001565,0.0,0.0,-0.002642,-0.002623,-0.005198,0.0,0.0,-0.0,0.0,0.0,-0.0006,-0.002404,-0.005367,-0.002371,0.0,-0.000114,-0.003668,-0.00022,-0.001608,0.0,-0.000342,-0.001072,-0.0,0.0,-0.00314,-0.005189,0.0,-0.0,0.0,-0.001204,0.0,-0.002265,0.0,-0.001269,-0.005557,-0.0,-0.0,-0.002291,0.0,0.0,0.0,-0.0,-0.002747,-0.004916,0.0,-0.002297,-0.002397,-0.004158,-0.00413,0.0,-0.004814,0.0,-0.002997,-0.000792,0.0,-0.000948,-0.00649,-0.00458,-0.003801,-0.00278,-0.004116,-0.001102,-0.000482,-0.000485,0.0,-0.000243,-0.001702,-0.002048,-0.004194
2017-05-27 16:52:00+02:00,0.0,0.0,-4.1e-05,-0.002692,-3.3e-05,0.0,-0.000383,-0.000766,-0.002645,-0.0,0.0,0.0,-0.004906,-0.005147,-0.002422,-0.003441,-0.0,0.0,0.0,-0.004011,0.0,-0.004018,-0.001771,0.0,-0.005434,-0.004038,-0.00057,0.0,-0.000583,-0.0,0.0,-0.003509,0.0,-0.00376,-0.004791,0.0,-0.001139,-0.001582,0.0,-0.005749,-0.001067,0.0,-0.001533,0.0,-4e-06,-0.001078,-0.000631,-0.00149,-0.001571,0.0,0.0,-0.002631,-0.002624,-0.005192,0.0,0.0,-0.0,0.0,0.0,-0.000594,-0.002392,-0.005387,-0.002372,0.0,-0.000103,-0.003669,-0.000216,-0.001593,0.0,-0.000338,-0.001061,-0.0,0.0,-0.003131,-0.005216,0.0,-0.0,0.0,-0.001194,0.0,-0.002262,0.0,-0.001275,-0.005573,-0.0,-0.0,-0.002261,0.0,0.0,0.0,-0.0,-0.002746,-0.004906,0.0,-0.002301,-0.002424,-0.004158,-0.004131,0.0,-0.004836,0.0,-0.002997,-0.000781,0.0,-0.000938,-0.006472,-0.004567,-0.003825,-0.002782,-0.004117,-0.001092,-0.000483,-0.000476,0.0,-0.00024,-0.001688,-0.002051,-0.004178
2017-05-27 16:53:00+02:00,0.0,0.0,-3.3e-05,-0.002686,-3.2e-05,0.0,-0.000378,-0.000757,-0.002644,-0.0,0.0,0.0,-0.004887,-0.005153,-0.002446,-0.003436,-0.0,0.0,0.0,-0.003993,0.0,-0.003998,-0.001761,0.0,-0.00545,-0.004032,-0.000562,0.0,-0.000582,-0.0,0.0,-0.003523,0.0,-0.00378,-0.004815,0.0,-0.001166,-0.001574,0.0,-0.005771,-0.00106,0.0,-0.001516,0.0,-3e-06,-0.001081,-0.000625,-0.001473,-0.001576,0.0,0.0,-0.002617,-0.00262,-0.005175,0.0,0.0,-0.0,0.0,0.0,-0.000593,-0.002377,-0.005407,-0.002368,0.0,-9.3e-05,-0.003663,-0.000213,-0.001575,0.0,-0.000336,-0.001049,-0.0,0.0,-0.003118,-0.005244,0.0,-0.0,0.0,-0.001189,0.0,-0.002255,0.0,-0.001277,-0.00559,-0.0,-0.0,-0.002229,0.0,0.0,0.0,-0.0,-0.002741,-0.004887,0.0,-0.002301,-0.002449,-0.004152,-0.004125,0.0,-0.004859,0.0,-0.002991,-0.000769,0.0,-0.000931,-0.006444,-0.004546,-0.003849,-0.002779,-0.004111,-0.001085,-0.000483,-0.000467,0.0,-0.000242,-0.001672,-0.00205,-0.004154
2017-05-27 16:54:00+02:00,0.0,0.0,-2.6e-05,-0.002663,-2.5e-05,0.0,-0.000369,-0.000744,-0.002618,-0.0,0.0,0.0,-0.004869,-0.005152,-0.002441,-0.003413,-0.0,0.0,0.0,-0.003956,0.0,-0.003959,-0.001741,0.0,-0.005415,-0.004007,-0.000551,0.0,-0.000574,-0.0,0.0,-0.003504,0.0,-0.003766,-0.004801,0.0,-0.001165,-0.001556,0.0,-0.005748,-0.001047,0.0,-0.001486,0.0,-2e-06,-0.001071,-0.000614,-0.001448,-0.001564,0.0,0.0,-0.00259,-0.002604,-0.005159,0.0,0.0,-0.0,0.0,0.0,-0.000582,-0.002351,-0.005381,-0.002348,0.0,-7.5e-05,-0.00364,-0.000207,-0.001549,0.0,-0.000329,-0.001029,-0.0,0.0,-0.003092,-0.005232,0.0,-0.0,0.0,-0.001174,0.0,-0.002238,0.0,-0.001264,-0.00556,-0.0,-0.0,-0.002194,0.0,0.0,0.0,-0.0,-0.002724,-0.004869,0.0,-0.002288,-0.002443,-0.004126,-0.0041,0.0,-0.004836,0.0,-0.002969,-0.000751,0.0,-0.000917,-0.006411,-0.004525,-0.003834,-0.00276,-0.004086,-0.001071,-0.000476,-0.00045,0.0,-0.000234,-0.001642,-0.002033,-0.00413
2017-05-27 16:55:00+02:00,0.0,0.0,-2.1e-05,-0.002631,-2e-05,0.0,-0.000359,-0.000728,-0.002588,-0.0,0.0,0.0,-0.004842,-0.005134,-0.002431,-0.003379,-0.0,0.0,0.0,-0.003908,0.0,-0.003908,-0.001713,0.0,-0.00537,-0.00397,-0.000537,0.0,-0.000563,-0.0,0.0,-0.003478,0.0,-0.003745,-0.00478,0.0,-0.00116,-0.001531,0.0,-0.005714,-0.001029,0.0,-0.001449,0.0,-2e-06,-0.001054,-0.000601,-0.001418,-0.001548,0.0,0.0,-0.002556,-0.00258,-0.005134,0.0,0.0,-0.0,0.0,0.0,-0.000566,-0.002318,-0.005346,-0.002319,0.0,-6e-05,-0.003605,-0.0002,-0.001519,0.0,-0.000319,-0.001005,-0.0,0.0,-0.003056,-0.00521,0.0,-0.0,0.0,-0.001153,0.0,-0.002213,0.0,-0.001245,-0.00552,-0.0,-0.0,-0.002155,0.0,0.0,0.0,-0.0,-0.002697,-0.004842,0.0,-0.002267,-0.002429,-0.004088,-0.004063,0.0,-0.004804,0.0,-0.002937,-0.00073,0.0,-0.0009,-0.006369,-0.004496,-0.003811,-0.002731,-0.004049,-0.001053,-0.000466,-0.00043,0.0,-0.000222,-0.001606,-0.002008,-0.004099
2017-05-27 16:56:00+02:00,0.0,0.0,-1.7e-05,-0.002591,-1.6e-05,0.0,-0.000345,-0.000707,-0.002549,-0.0,0.0,0.0,-0.004824,-0.005106,-0.002408,-0.003336,-0.0,0.0,0.0,-0.003837,0.0,-0.003835,-0.001675,0.0,-0.005308,-0.003924,-0.000519,0.0,-0.000548,-0.0,0.0,-0.003442,0.0,-0.003712,-0.004744,0.0,-0.001141,-0.001496,0.0,-0.005661,-0.001004,0.0,-0.001392,0.0,-1e-06,-0.001029,-0.000584,-0.00138,-0.001525,0.0,0.0,-0.002506,-0.002549,-0.005119,0.0,0.0,-0.0,0.0,0.0,-0.000539,-0.00227,-0.005293,-0.002282,0.0,-4.8e-05,-0.00356,-0.000188,-0.00148,0.0,-0.000303,-0.000967,-0.0,0.0,-0.003003,-0.005173,0.0,-0.0,0.0,-0.001122,0.0,-0.002182,0.0,-0.001217,-0.005462,-0.0,-0.0,-0.002117,0.0,0.0,0.0,-0.0,-0.002665,-0.004824,0.0,-0.002239,-0.002401,-0.004041,-0.004017,0.0,-0.004755,0.0,-0.002896,-0.000701,0.0,-0.000877,-0.006333,-0.004475,-0.003771,-0.002693,-0.004003,-0.001029,-0.000453,-0.000398,0.0,-0.000199,-0.001549,-0.001975,-0.004075
2017-05-27 16:57:00+02:00,0.0,0.0,-1.4e-05,-0.002537,-1.3e-05,0.0,-0.000326,-0.000682,-0.002505,-0.0,0.0,0.0,-0.00481,-0.005066,-0.002376,-0.003281,-0.0,0.0,0.0,-0.003734,0.0,-0.00373,-0.001624,0.0,-0.005234,-0.003864,-0.000497,0.0,-0.000526,-0.0,0.0,-0.003398,0.0,-0.003669,-0.004699,0.0,-0.00111,-0.001447,0.0,-0.005597,-0.000971,0.0,-0.001303,0.0,-1e-06,-0.000991,-0.000564,-0.001328,-0.001495,0.0,0.0,-0.002435,-0.002508,-0.005108,0.0,0.0,-0.0,0.0,0.0,-0.0005,-0.002203,-0.005228,-0.002232,0.0,-3.8e-05,-0.003503,-0.000173,-0.001427,0.0,-0.000279,-0.00091,-0.0,0.0,-0.002925,-0.005127,0.0,-0.0,0.0,-0.001077,0.0,-0.002144,0.0,-0.001177,-0.005393,-0.0,-0.0,-0.002084,0.0,0.0,0.0,-0.0,-0.002624,-0.00481,0.0,-0.002201,-0.00236,-0.00398,-0.003957,0.0,-0.004695,0.0,-0.002843,-0.000659,0.0,-0.000847,-0.006308,-0.004458,-0.00372,-0.002643,-0.003944,-0.000996,-0.000432,-0.000344,0.0,-0.000163,-0.001461,-0.00193,-0.004055
2017-05-27 16:58:00+02:00,0.0,0.0,-1.1e-05,-0.002534,-1e-05,0.0,-0.000322,-0.000674,-0.002479,-0.0,0.0,0.0,-0.0048,-0.005048,-0.002374,-0.003274,-0.0,0.0,0.0,-0.003735,0.0,-0.003729,-0.001615,0.0,-0.0052,-0.003855,-0.00049,0.0,-0.000528,-0.0,0.0,-0.003379,0.0,-0.003656,-0.00468,0.0,-0.001119,-0.001441,0.0,-0.005567,-0.000965,0.0,-0.001318,0.0,-1e-06,-0.001001,-0.000559,-0.001319,-0.001484,0.0,0.0,-0.002435,-0.002505,-0.0051,0.0,0.0,-0.0,0.0,0.0,-0.000504,-0.002201,-0.005199,-0.002232,0.0,-4e-05,-0.003496,-0.000172,-0.001418,0.0,-0.000281,-0.000918,-0.0,0.0,-0.002929,-0.005106,0.0,-0.0,0.0,-0.001075,0.0,-0.002137,0.0,-0.001185,-0.005359,-0.0,-0.0,-0.002062,0.0,0.0,0.0,-0.0,-0.002617,-0.0048,0.0,-0.002203,-0.002358,-0.00397,-0.003947,0.0,-0.004672,0.0,-0.002838,-0.00066,0.0,-0.000841,-0.006301,-0.004446,-0.003706,-0.002641,-0.003935,-0.00099,-0.000436,-0.000357,0.0,-0.000171,-0.001476,-0.001933,-0.00404
2017-05-27 16:59:00+02:00,0.0,0.0,-9e-06,-0.002529,-8e-06,0.0,-0.000317,-0.000664,-0.002458,-0.0,0.0,0.0,-0.004776,-0.005034,-0.002373,-0.003267,-0.0,0.0,0.0,-0.003723,0.0,-0.003715,-0.001603,0.0,-0.005174,-0.003845,-0.000481,0.0,-0.000529,-0.0,0.0,-0.003366,0.0,-0.003646,-0.004666,0.0,-0.001125,-0.001431,0.0,-0.005543,-0.000957,0.0,-0.001322,0.0,-1e-06,-0.001008,-0.000554,-0.001306,-0.001473,0.0,0.0,-0.002426,-0.0025,-0.005076,0.0,0.0,-0.0,0.0,0.0,-0.000505,-0.002191,-0.005175,-0.002229,0.0,-3.7e-05,-0.003488,-0.000171,-0.001403,0.0,-0.00028,-0.000919,-0.0,0.0,-0.002922,-0.00509,0.0,-0.0,0.0,-0.00107,0.0,-0.002129,0.0,-0.00119,-0.00533,-0.0,-0.0,-0.00203,0.0,0.0,0.0,-0.0,-0.00261,-0.004776,0.0,-0.002203,-0.002356,-0.003959,-0.003937,0.0,-0.004657,0.0,-0.002833,-0.000656,0.0,-0.000832,-0.006272,-0.00442,-0.003694,-0.002638,-0.003925,-0.000982,-0.000437,-0.000364,0.0,-0.000176,-0.001479,-0.001934,-0.004011
2017-05-27 17:00:00+02:00,0.0,0.0,-7e-06,-0.002511,-7e-06,0.0,-0.000312,-0.000653,-0.002435,-0.0,0.0,0.0,-0.004747,-0.005021,-0.002372,-0.003248,-0.0,0.0,0.0,-0.003706,0.0,-0.003697,-0.001589,0.0,-0.005147,-0.003822,-0.000472,0.0,-0.000525,-0.0,0.0,-0.003351,0.0,-0.003636,-0.004653,0.0,-0.001132,-0.001421,0.0,-0.005519,-0.000949,0.0,-0.001323,0.0,-1e-06,-0.001006,-0.000545,-0.00129,-0.001462,0.0,0.0,-0.002415,-0.002486,-0.005051,0.0,0.0,-0.0,0.0,0.0,-0.000504,-0.002177,-0.005151,-0.002215,0.0,-3.4e-05,-0.003467,-0.000169,-0.001386,0.0,-0.000279,-0.000918,-0.0,0.0,-0.002912,-0.005075,0.0,-0.0,0.0,-0.001064,0.0,-0.002113,0.0,-0.001186,-0.005301,-0.0,-0.0,-0.001988,0.0,0.0,0.0,-0.0,-0.002593,-0.004747,0.0,-0.002194,-0.002354,-0.003935,-0.003914,0.0,-0.00464,0.0,-0.002815,-0.00065,0.0,-0.000824,-0.00623,-0.004389,-0.003683,-0.002623,-0.003902,-0.000973,-0.000435,-0.000369,0.0,-0.00018,-0.00148,-0.001924,-0.003977
2017-05-27 17:01:00+02:00,0.0,0.0,-1.5e-05,-0.002545,-1.7e-05,0.0,-0.000311,-0.000647,-0.002419,-0.0,0.0,0.0,-0.004721,-0.005022,-0.002381,-0.003279,-0.0,0.0,0.0,-0.003714,0.0,-0.003702,-0.001587,0.0,-0.005134,-0.003849,-0.000467,0.0,-0.000538,-0.0,0.0,-0.003347,0.0,-0.003639,-0.00466,0.0,-0.001147,-0.001421,0.0,-0.005519,-0.000947,0.0,-0.001349,0.0,-0.0,-0.00104,-0.000549,-0.001283,-0.001457,0.0,0.0,-0.00242,-0.002511,-0.005027,0.0,0.0,-0.0,0.0,0.0,-0.00053,-0.00218,-0.005148,-0.002248,0.0,-5.4e-05,-0.003496,-0.000174,-0.001378,0.0,-0.000291,-0.000933,-0.0,0.0,-0.002922,-0.005085,0.0,-0.0,0.0,-0.001071,0.0,-0.002129,0.0,-0.001219,-0.005294,-0.0,-0.0,-0.001949,0.0,0.0,0.0,-0.0,-0.002611,-0.004721,0.0,-0.002229,-0.002362,-0.00396,-0.00394,0.0,-0.004638,0.0,-0.002849,-0.000655,0.0,-0.000821,-0.006193,-0.00436,-0.003685,-0.00266,-0.003929,-0.000971,-0.000448,-0.000393,0.0,-0.000197,-0.001505,-0.001957,-0.003947
2017-05-27 17:02:00+02:00,0.0,0.0,-1.2e-05,-0.002556,-1.3e-05,0.0,-0.000307,-0.000637,-0.002394,-0.0,0.0,0.0,-0.004694,-0.005001,-0.002374,-0.003288,-0.0,0.0,0.0,-0.003683,0.0,-0.00367,-0.001574,0.0,-0.005102,-0.003853,-0.000459,0.0,-0.000543,-0.0,0.0,-0.003329,0.0,-0.003625,-0.004648,0.0,-0.001146,-0.001412,0.0,-0.005501,-0.000939,0.0,-0.001338,0.0,-0.0,-0.001055,-0.000547,-0.001263,-0.001443,0.0,0.0,-0.002397,-0.002517,-0.005001,0.0,0.0,-0.0,0.0,0.0,-0.000539,-0.002157,-0.005127,-0.00226,0.0,-4.4e-05,-0.003503,-0.000175,-0.001356,0.0,-0.000293,-0.000924,-0.0,0.0,-0.002898,-0.005074,0.0,-0.0,0.0,-0.001067,0.0,-0.002129,0.0,-0.001233,-0.005268,-0.0,-0.0,-0.001928,0.0,0.0,0.0,-0.0,-0.002612,-0.004694,0.0,-0.002243,-0.002354,-0.003963,-0.003943,0.0,-0.004619,0.0,-0.00286,-0.000644,0.0,-0.000813,-0.006177,-0.004333,-0.00367,-0.002674,-0.003933,-0.000962,-0.000453,-0.000397,0.0,-0.000199,-0.001493,-0.001971,-0.003919
2017-05-27 17:03:00+02:00,0.0,0.0,-1e-05,-0.00256,-1.4e-05,0.0,-0.000305,-0.000632,-0.002371,-0.0,0.0,0.0,-0.004689,-0.00499,-0.002362,-0.003291,-0.0,0.0,0.0,-0.003625,0.0,-0.003609,-0.001571,0.0,-0.005074,-0.003852,-0.000454,0.0,-0.000544,-0.0,0.0,-0.003309,0.0,-0.003607,-0.00463,0.0,-0.00114,-0.001413,0.0,-0.005483,-0.000936,0.0,-0.001302,0.0,-0.0,-0.001064,-0.000545,-0.001231,-0.001429,0.0,0.0,-0.002351,-0.002515,-0.004997,0.0,0.0,-0.0,0.0,0.0,-0.000551,-0.002114,-0.005106,-0.002265,0.0,-3.5e-05,-0.003505,-0.000177,-0.001323,0.0,-0.000298,-0.000897,-0.0,0.0,-0.002849,-0.005057,0.0,-0.0,0.0,-0.00107,0.0,-0.002125,0.0,-0.001241,-0.005242,-0.0,-0.0,-0.001928,0.0,0.0,0.0,-0.0,-0.002607,-0.004689,0.0,-0.002249,-0.002343,-0.00396,-0.003942,0.0,-0.004601,0.0,-0.002866,-0.000624,0.0,-0.000809,-0.006183,-0.004328,-0.003654,-0.002682,-0.003933,-0.000959,-0.000455,-0.000386,0.0,-0.000206,-0.001456,-0.001978,-0.003913
2017-05-27 17:04:00+02:00,0.0,0.0,-8e-06,-0.002557,-2.5e-05,0.0,-0.000306,-0.00063,-0.002342,-0.0,0.0,0.0,-0.00467,-0.004965,-0.002344,-0.003286,-0.0,0.0,0.0,-0.003601,0.0,-0.003584,-0.001577,0.0,-0.005031,-0.003841,-0.000453,0.0,-0.000543,-0.0,0.0,-0.003278,0.0,-0.003578,-0.004602,0.0,-0.001129,-0.001422,0.0,-0.005456,-0.000939,0.0,-0.001289,0.0,-0.0,-0.001068,-0.00054,-0.001213,-0.00141,0.0,0.0,-0.002329,-0.002507,-0.004979,0.0,0.0,-0.0,0.0,0.0,-0.00057,-0.002092,-0.005076,-0.002265,0.0,-2.8e-05,-0.003498,-0.000182,-0.001304,0.0,-0.000306,-0.000886,-0.0,0.0,-0.002826,-0.005029,0.0,-0.0,0.0,-0.001082,0.0,-0.002114,0.0,-0.001244,-0.005206,-0.0,-0.0,-0.001914,0.0,0.0,0.0,-0.0,-0.002594,-0.00467,0.0,-0.002247,-0.002326,-0.003947,-0.00393,0.0,-0.00457,0.0,-0.002864,-0.000614,0.0,-0.000811,-0.006188,-0.004307,-0.00363,-0.002683,-0.003922,-0.000961,-0.000454,-0.000385,0.0,-0.00022,-0.001443,-0.00198,-0.003892
2017-05-27 17:05:00+02:00,0.0,0.0,-6e-06,-0.002581,-4e-05,0.0,-0.000307,-0.000629,-0.002319,-0.0,0.0,0.0,-0.004653,-0.004949,-0.002337,-0.003309,-0.0,0.0,0.0,-0.003601,0.0,-0.003582,-0.001587,0.0,-0.005003,-0.003861,-0.000452,0.0,-0.000552,-0.0,0.0,-0.003259,0.0,-0.003563,-0.004586,0.0,-0.001131,-0.001434,0.0,-0.005439,-0.000943,0.0,-0.0013,0.0,-0.0,-0.001095,-0.000543,-0.001204,-0.001398,0.0,0.0,-0.002325,-0.00252,-0.004965,0.0,0.0,-0.0,0.0,0.0,-0.000591,-0.002086,-0.005058,-0.00229,0.0,-3.5e-05,-0.00352,-0.000186,-0.001293,0.0,-0.000316,-0.000891,-0.0,0.0,-0.002823,-0.005011,0.0,-0.0,0.0,-0.001096,0.0,-0.002121,0.0,-0.001271,-0.005181,-0.0,-0.0,-0.001879,0.0,0.0,0.0,-0.0,-0.002602,-0.004653,0.0,-0.002269,-0.002322,-0.003965,-0.003949,0.0,-0.004555,0.0,-0.002888,-0.000613,0.0,-0.000814,-0.006181,-0.004287,-0.003619,-0.00271,-0.003942,-0.000965,-0.000464,-0.000394,0.0,-0.000238,-0.001454,-0.002007,-0.003869
2017-05-27 17:06:00+02:00,0.0,0.0,-5e-06,-0.002585,-3.4e-05,0.0,-0.000302,-0.00062,-0.002293,-0.0,0.0,0.0,-0.004641,-0.004926,-0.002322,-0.003314,-0.0,0.0,0.0,-0.003573,0.0,-0.003551,-0.001575,0.0,-0.004969,-0.003864,-0.000444,0.0,-0.000553,-0.0,0.0,-0.003236,0.0,-0.003542,-0.004562,0.0,-0.00112,-0.001425,0.0,-0.005414,-0.000934,0.0,-0.001286,0.0,-0.0,-0.001104,-0.00054,-0.001184,-0.001382,0.0,0.0,-0.002301,-0.002521,-0.004954,0.0,0.0,-0.0,0.0,0.0,-0.00059,-0.002062,-0.005031,-0.002296,0.0,-2.8e-05,-0.003524,-0.000184,-0.001273,0.0,-0.000313,-0.000879,-0.0,0.0,-0.002798,-0.004986,0.0,-0.0,0.0,-0.001089,0.0,-0.002118,0.0,-0.001279,-0.005149,-0.0,-0.0,-0.001857,0.0,0.0,0.0,-0.0,-0.002599,-0.004641,0.0,-0.002275,-0.002307,-0.003967,-0.003952,0.0,-0.004532,0.0,-0.002894,-0.000602,0.0,-0.000805,-0.006174,-0.004273,-0.003599,-0.002718,-0.003946,-0.000955,-0.000466,-0.00039,0.0,-0.000235,-0.00144,-0.002016,-0.003852
2017-05-27 17:07:00+02:00,0.0,0.0,-4e-06,-0.002584,-2.7e-05,0.0,-0.000295,-0.000607,-0.002268,-0.0,0.0,0.0,-0.00462,-0.004904,-0.002309,-0.003313,-0.0,0.0,0.0,-0.003535,0.0,-0.003512,-0.001554,0.0,-0.004936,-0.003861,-0.000434,0.0,-0.000552,-0.0,0.0,-0.003213,0.0,-0.003522,-0.004541,0.0,-0.001112,-0.001407,0.0,-0.005391,-0.00092,0.0,-0.001267,0.0,-0.0,-0.001109,-0.000536,-0.001161,-0.001366,0.0,0.0,-0.002271,-0.002516,-0.004935,0.0,0.0,-0.0,0.0,0.0,-0.000579,-0.002034,-0.005006,-0.002297,0.0,-2.3e-05,-0.003522,-0.000179,-0.001248,0.0,-0.000306,-0.000864,-0.0,0.0,-0.002766,-0.004964,0.0,-0.0,0.0,-0.001073,0.0,-0.00211,0.0,-0.001283,-0.005118,-0.0,-0.0,-0.001828,0.0,0.0,0.0,-0.0,-0.002592,-0.00462,0.0,-0.002276,-0.002295,-0.00396,-0.003947,0.0,-0.004512,0.0,-0.002894,-0.000589,0.0,-0.000792,-0.006155,-0.004249,-0.00358,-0.00272,-0.003943,-0.000941,-0.000465,-0.000383,0.0,-0.000225,-0.00142,-0.002019,-0.003826
2017-05-27 17:08:00+02:00,0.0,0.0,-3e-06,-0.002572,-2.2e-05,0.0,-0.000287,-0.000595,-0.002238,-0.0,0.0,0.0,-0.004599,-0.004875,-0.002291,-0.0033,-0.0,0.0,0.0,-0.003477,0.0,-0.003453,-0.001535,0.0,-0.004892,-0.003845,-0.000424,0.0,-0.000547,-0.0,0.0,-0.003185,0.0,-0.003496,-0.004512,0.0,-0.001098,-0.00139,0.0,-0.005358,-0.000907,0.0,-0.001229,0.0,-0.0,-0.001105,-0.000528,-0.00113,-0.001347,0.0,0.0,-0.002228,-0.002504,-0.004917,0.0,0.0,-0.0,0.0,0.0,-0.00057,-0.001993,-0.004971,-0.002287,0.0,-1.8e-05,-0.003508,-0.000174,-0.001216,0.0,-0.000299,-0.000838,-0.0,0.0,-0.002718,-0.004935,0.0,-0.0,0.0,-0.001059,0.0,-0.002096,0.0,-0.001278,-0.005078,-0.0,-0.0,-0.001791,0.0,0.0,0.0,-0.0,-0.002576,-0.004599,0.0,-0.002269,-0.002275,-0.003942,-0.00393,0.0,-0.004481,0.0,-0.002882,-0.000569,0.0,-0.000779,-0.006123,-0.004226,-0.003553,-0.002711,-0.003927,-0.000927,-0.000461,-0.000368,0.0,-0.000215,-0.001381,-0.002013,-0.003799
2017-05-27 17:09:00+02:00,0.0,0.0,-3e-06,-0.002552,-1.7e-05,0.0,-0.000277,-0.000579,-0.002205,-0.0,0.0,0.0,-0.004586,-0.004843,-0.002271,-0.003278,-0.0,0.0,0.0,-0.003416,0.0,-0.003391,-0.001506,0.0,-0.004843,-0.003819,-0.000411,0.0,-0.000539,-0.0,0.0,-0.003155,0.0,-0.003469,-0.004482,0.0,-0.001081,-0.001364,0.0,-0.005316,-0.000888,0.0,-0.00119,0.0,-0.0,-0.001096,-0.000518,-0.001099,-0.001325,0.0,0.0,-0.002185,-0.002487,-0.004909,0.0,0.0,-0.0,0.0,0.0,-0.000553,-0.001952,-0.004929,-0.00227,0.0,-1.4e-05,-0.003485,-0.000167,-0.001183,0.0,-0.000289,-0.000811,-0.0,0.0,-0.002671,-0.004903,0.0,-0.0,0.0,-0.001036,0.0,-0.002077,0.0,-0.001266,-0.00503,-0.0,-0.0,-0.001744,0.0,0.0,0.0,-0.0,-0.002557,-0.004586,0.0,-0.002257,-0.002251,-0.003914,-0.003903,0.0,-0.004444,0.0,-0.002863,-0.000548,0.0,-0.000762,-0.006085,-0.004209,-0.003521,-0.002694,-0.003901,-0.000908,-0.000454,-0.00035,0.0,-0.0002,-0.00134,-0.001999,-0.003777
2017-05-27 17:10:00+02:00,0.0,0.0,-2e-06,-0.002523,-1.4e-05,0.0,-0.000264,-0.00056,-0.002172,-0.0,0.0,0.0,-0.004579,-0.004814,-0.002254,-0.003247,-0.0,0.0,0.0,-0.003358,0.0,-0.003331,-0.00147,0.0,-0.004795,-0.003784,-0.000396,0.0,-0.000528,-0.0,0.0,-0.003127,0.0,-0.003444,-0.004455,0.0,-0.001068,-0.00133,0.0,-0.005276,-0.000865,0.0,-0.001151,0.0,-0.0,-0.00108,-0.000505,-0.001068,-0.001305,0.0,0.0,-0.002145,-0.002464,-0.004905,0.0,0.0,-0.0,0.0,0.0,-0.000526,-0.001913,-0.004889,-0.002245,0.0,-1.2e-05,-0.003452,-0.000157,-0.001151,0.0,-0.000273,-0.000785,-0.0,0.0,-0.002627,-0.004874,0.0,-0.0,0.0,-0.001005,0.0,-0.002053,0.0,-0.001249,-0.004984,-0.0,-0.0,-0.001704,0.0,0.0,0.0,-0.0,-0.002531,-0.004579,0.0,-0.002238,-0.00223,-0.003876,-0.003866,0.0,-0.004408,0.0,-0.002834,-0.000528,0.0,-0.00074,-0.006061,-0.004197,-0.003491,-0.002667,-0.003866,-0.000885,-0.000444,-0.000333,0.0,-0.000177,-0.0013,-0.001977,-0.003759
2017-05-27 17:11:00+02:00,0.0,0.0,-2e-06,-0.0025,-1.1e-05,0.0,-0.000255,-0.000545,-0.002145,-0.0,0.0,0.0,-0.004551,-0.004792,-0.002247,-0.003221,-0.0,0.0,0.0,-0.00331,0.0,-0.003282,-0.001443,0.0,-0.004758,-0.003753,-0.000383,0.0,-0.000521,-0.0,0.0,-0.003106,0.0,-0.003428,-0.004437,0.0,-0.001065,-0.001305,0.0,-0.005246,-0.000848,0.0,-0.001124,0.0,-0.0,-0.001072,-0.000494,-0.001041,-0.00129,0.0,0.0,-0.002112,-0.002445,-0.004878,0.0,0.0,-0.0,0.0,0.0,-0.000509,-0.001881,-0.004859,-0.002225,0.0,-9e-06,-0.003425,-0.00015,-0.001122,0.0,-0.000263,-0.000767,-0.0,0.0,-0.002592,-0.004855,0.0,-0.0,0.0,-0.000983,0.0,-0.002033,0.0,-0.001238,-0.004949,-0.0,-0.0,-0.001664,0.0,0.0,0.0,-0.0,-0.002509,-0.004551,0.0,-0.002225,-0.00222,-0.003842,-0.003834,0.0,-0.004383,0.0,-0.002811,-0.000512,0.0,-0.000724,-0.006021,-0.004165,-0.003471,-0.002647,-0.003835,-0.000867,-0.000438,-0.000322,0.0,-0.000164,-0.001273,-0.001962,-0.003726
2017-05-27 17:12:00+02:00,0.0,0.0,-1e-06,-0.002471,-9e-06,0.0,-0.000247,-0.000532,-0.002113,-0.0,0.0,0.0,-0.004532,-0.004764,-0.002236,-0.003188,-0.0,0.0,0.0,-0.003255,0.0,-0.003225,-0.001423,0.0,-0.004712,-0.003715,-0.000372,0.0,-0.000511,-0.0,0.0,-0.00308,0.0,-0.003406,-0.004413,0.0,-0.001058,-0.001287,0.0,-0.005208,-0.000834,0.0,-0.001093,0.0,-0.0,-0.001058,-0.000481,-0.001011,-0.001272,0.0,0.0,-0.002074,-0.002421,-0.004863,0.0,0.0,-0.0,0.0,0.0,-0.000501,-0.001844,-0.004822,-0.0022,0.0,-7e-06,-0.003389,-0.000145,-0.001091,0.0,-0.000257,-0.000746,-0.0,0.0,-0.002551,-0.004828,0.0,-0.0,0.0,-0.000969,0.0,-0.002008,0.0,-0.001222,-0.004906,-0.0,-0.0,-0.001626,0.0,0.0,0.0,-0.0,-0.002482,-0.004532,0.0,-0.002206,-0.002205,-0.003801,-0.003793,0.0,-0.004349,0.0,-0.002781,-0.000494,0.0,-0.000711,-0.005991,-0.004144,-0.003445,-0.002619,-0.003796,-0.000854,-0.000429,-0.000308,0.0,-0.000157,-0.001241,-0.00194,-0.003701
2017-05-27 17:13:00+02:00,0.0,0.0,-1e-06,-0.002447,-7e-06,0.0,-0.000241,-0.000521,-0.002083,-0.0,0.0,0.0,-0.004511,-0.004737,-0.002228,-0.00316,-0.0,0.0,0.0,-0.003231,0.0,-0.003201,-0.001407,0.0,-0.004672,-0.003682,-0.000362,0.0,-0.000504,-0.0,0.0,-0.003056,0.0,-0.003387,-0.00439,0.0,-0.001057,-0.001273,0.0,-0.005174,-0.000823,0.0,-0.001086,0.0,-0.0,-0.00105,-0.00047,-0.000993,-0.001257,0.0,0.0,-0.002057,-0.0024,-0.004844,0.0,0.0,-0.0,0.0,0.0,-0.000496,-0.001826,-0.004789,-0.00218,0.0,-6e-06,-0.003359,-0.000141,-0.001072,0.0,-0.000254,-0.000739,-0.0,0.0,-0.002535,-0.004803,0.0,-0.0,0.0,-0.000959,0.0,-0.001986,0.0,-0.001211,-0.004868,-0.0,-0.0,-0.001595,0.0,0.0,0.0,-0.0,-0.002458,-0.004511,0.0,-0.002191,-0.002195,-0.003765,-0.003759,0.0,-0.004321,0.0,-0.002756,-0.000485,0.0,-0.000701,-0.00597,-0.004121,-0.003424,-0.002597,-0.003763,-0.000843,-0.000423,-0.000306,0.0,-0.000156,-0.001233,-0.001924,-0.003675
2017-05-27 17:14:00+02:00,0.0,0.0,-1e-06,-0.002423,-6e-06,0.0,-0.000234,-0.000509,-0.00205,-0.0,0.0,0.0,-0.004489,-0.004702,-0.002215,-0.003132,-0.0,0.0,0.0,-0.003212,0.0,-0.003181,-0.001389,0.0,-0.004624,-0.00365,-0.000352,0.0,-0.000496,-0.0,0.0,-0.003028,0.0,-0.003363,-0.004361,0.0,-0.001052,-0.001257,0.0,-0.005132,-0.000812,0.0,-0.001084,0.0,-0.0,-0.001043,-0.000459,-0.000976,-0.001238,0.0,0.0,-0.002043,-0.00238,-0.004824,0.0,0.0,-0.0,0.0,0.0,-0.000491,-0.001811,-0.004748,-0.00216,0.0,-5e-06,-0.00333,-0.000138,-0.001053,0.0,-0.00025,-0.000736,-0.0,0.0,-0.002523,-0.00477,0.0,-0.0,0.0,-0.000947,0.0,-0.001964,0.0,-0.001201,-0.004821,-0.0,-0.0,-0.001557,0.0,0.0,0.0,-0.0,-0.002435,-0.004489,0.0,-0.002176,-0.00218,-0.00373,-0.003724,0.0,-0.004285,0.0,-0.002732,-0.000478,0.0,-0.000689,-0.005939,-0.004096,-0.003395,-0.002575,-0.003731,-0.000831,-0.000417,-0.000307,0.0,-0.000154,-0.00123,-0.001909,-0.003646
2017-05-27 17:15:00+02:00,0.0,0.0,-1e-06,-0.00239,-5e-06,0.0,-0.000227,-0.000497,-0.002015,-0.0,0.0,0.0,-0.004461,-0.004659,-0.002196,-0.003095,-0.0,0.0,0.0,-0.003175,0.0,-0.003142,-0.00137,0.0,-0.00457,-0.003609,-0.000342,0.0,-0.000485,-0.0,0.0,-0.002994,0.0,-0.003331,-0.004323,0.0,-0.001041,-0.00124,0.0,-0.005083,-0.000798,0.0,-0.001064,0.0,-0.0,-0.001026,-0.000446,-0.000953,-0.001217,0.0,0.0,-0.002015,-0.002351,-0.004797,0.0,0.0,-0.0,0.0,0.0,-0.000483,-0.001784,-0.004701,-0.00213,0.0,-4e-06,-0.003292,-0.000133,-0.001029,0.0,-0.000244,-0.000722,-0.0,0.0,-0.002494,-0.004729,0.0,-0.0,0.0,-0.000934,0.0,-0.001935,0.0,-0.001182,-0.004768,-0.0,-0.0,-0.001531,0.0,0.0,0.0,-0.0,-0.002403,-0.004461,0.0,-0.002151,-0.002158,-0.003685,-0.003681,0.0,-0.004244,0.0,-0.002698,-0.000466,0.0,-0.000677,-0.005918,-0.004066,-0.003361,-0.002543,-0.003689,-0.000818,-0.000407,-0.000299,0.0,-0.000149,-0.00121,-0.001884,-0.003616
2017-05-27 17:16:00+02:00,0.0,0.0,-1e-06,-0.002317,-4e-06,0.0,-0.000223,-0.000489,-0.001982,-0.0,0.0,0.0,-0.004442,-0.004621,-0.00218,-0.003021,-0.0,0.0,0.0,-0.00316,0.0,-0.003126,-0.001363,0.0,-0.004522,-0.00353,-0.000335,0.0,-0.00046,-0.0,0.0,-0.002964,0.0,-0.003304,-0.004291,0.0,-0.001033,-0.001234,0.0,-0.005042,-0.000792,0.0,-0.00107,0.0,-0.0,-0.000979,-0.000424,-0.000938,-0.001198,0.0,0.0,-0.002002,-0.002293,-0.004781,0.0,0.0,-0.0,0.0,0.0,-0.000488,-0.00177,-0.00466,-0.002061,0.0,-3e-06,-0.003215,-0.000132,-0.001013,0.0,-0.000246,-0.000723,-0.0,0.0,-0.002483,-0.004694,0.0,-0.0,0.0,-0.000932,0.0,-0.001884,0.0,-0.001131,-0.004722,-0.0,-0.0,-0.001501,0.0,0.0,0.0,-0.0,-0.002346,-0.004442,0.0,-0.002094,-0.002141,-0.003603,-0.0036,0.0,-0.004209,0.0,-0.002626,-0.000462,0.0,-0.00067,-0.0059,-0.004044,-0.003332,-0.002473,-0.00361,-0.000812,-0.000385,-0.000308,0.0,-0.000155,-0.001215,-0.001821,-0.003587
2017-05-27 17:17:00+02:00,0.0,0.0,-0.0,-0.002262,-7e-06,0.0,-0.000221,-0.000483,-0.001952,-0.0,0.0,0.0,-0.004421,-0.004585,-0.002166,-0.002964,-0.0,0.0,0.0,-0.003154,0.0,-0.003119,-0.00136,0.0,-0.00448,-0.00347,-0.00033,0.0,-0.000443,-0.0,0.0,-0.002936,0.0,-0.003279,-0.00426,0.0,-0.001029,-0.001233,0.0,-0.005005,-0.000789,0.0,-0.001083,0.0,-0.0,-0.000947,-0.000406,-0.000927,-0.001181,0.0,0.0,-0.001995,-0.002248,-0.004762,0.0,0.0,-0.0,0.0,0.0,-0.000498,-0.001762,-0.004624,-0.002009,0.0,-7e-06,-0.003157,-0.000133,-0.001,0.0,-0.000249,-0.000728,-0.0,0.0,-0.002477,-0.004659,0.0,-0.0,0.0,-0.000936,0.0,-0.001842,0.0,-0.001096,-0.00468,-0.0,-0.0,-0.001479,0.0,0.0,0.0,-0.0,-0.0023,-0.004421,0.0,-0.002049,-0.002129,-0.003539,-0.003538,0.0,-0.004179,0.0,-0.002571,-0.00046,0.0,-0.000667,-0.005893,-0.004022,-0.003307,-0.00242,-0.003549,-0.000809,-0.000369,-0.00032,0.0,-0.000166,-0.001228,-0.001775,-0.003557
2017-05-27 17:18:00+02:00,0.0,0.0,-0.0,-0.002224,-6e-06,0.0,-0.000214,-0.000472,-0.001918,-0.0,0.0,0.0,-0.004403,-0.004547,-0.002151,-0.002925,-0.0,0.0,0.0,-0.00315,0.0,-0.003114,-0.001343,0.0,-0.004427,-0.003428,-0.000321,0.0,-0.000431,-0.0,0.0,-0.002904,0.0,-0.003251,-0.004228,0.0,-0.001023,-0.001218,0.0,-0.004965,-0.000777,0.0,-0.001097,0.0,-0.0,-0.000929,-0.000393,-0.000915,-0.001163,0.0,0.0,-0.001989,-0.002216,-0.004747,0.0,0.0,-0.0,0.0,0.0,-0.00049,-0.001753,-0.004586,-0.001973,0.0,-1.4e-05,-0.003118,-0.000129,-0.000987,0.0,-0.000244,-0.000734,-0.0,0.0,-0.002473,-0.004623,0.0,-0.0,0.0,-0.000924,0.0,-0.001812,0.0,-0.001075,-0.004635,-0.0,-0.0,-0.001446,0.0,0.0,0.0,-0.0,-0.002267,-0.004398,0.0,-0.00202,-0.002114,-0.003493,-0.003494,0.0,-0.004142,0.0,-0.002534,-0.000459,0.0,-0.000655,-0.005874,-0.004001,-0.003279,-0.002385,-0.003507,-0.000797,-0.000358,-0.000331,0.0,-0.000163,-0.001242,-0.001745,-0.003524
2017-05-27 17:19:00+02:00,0.0,0.0,-0.0,-0.002198,-4e-06,0.0,-0.000209,-0.000462,-0.001886,-0.0,0.0,0.0,-0.004384,-0.004512,-0.002138,-0.0029,-0.0,0.0,0.0,-0.003144,0.0,-0.003107,-0.001327,0.0,-0.00438,-0.0034,-0.000312,0.0,-0.000423,-0.0,0.0,-0.002874,0.0,-0.003224,-0.004198,0.0,-0.00102,-0.001204,0.0,-0.004931,-0.000766,0.0,-0.001109,0.0,-0.0,-0.00092,-0.000383,-0.000904,-0.001146,0.0,0.0,-0.001981,-0.002194,-0.004729,0.0,0.0,-0.0,0.0,0.0,-0.000481,-0.001744,-0.004552,-0.001951,0.0,-2.3e-05,-0.003091,-0.000125,-0.000974,0.0,-0.000238,-0.000738,-0.0,0.0,-0.002467,-0.00459,0.0,-0.0,0.0,-0.000913,0.0,-0.001789,0.0,-0.001063,-0.004596,-0.0,-0.0,-0.001424,0.0,0.0,0.0,-0.0,-0.002243,-0.004374,0.0,-0.002001,-0.002102,-0.003461,-0.003463,0.0,-0.004111,0.0,-0.00251,-0.000457,0.0,-0.000644,-0.005867,-0.003981,-0.003256,-0.002362,-0.003478,-0.000785,-0.000352,-0.00034,0.0,-0.000159,-0.001253,-0.001726,-0.003492
2017-05-27 17:20:00+02:00,0.0,0.0,-1e-06,-0.002181,-1.5e-05,0.0,-0.000208,-0.000459,-0.001866,-0.0,0.0,0.0,-0.004348,-0.004489,-0.002136,-0.002883,-0.0,0.0,0.0,-0.003133,0.0,-0.003095,-0.001333,0.0,-0.004361,-0.00338,-0.00031,0.0,-0.000418,-0.0,0.0,-0.002859,0.0,-0.003213,-0.004181,0.0,-0.001028,-0.001212,0.0,-0.004916,-0.000767,0.0,-0.001118,0.0,-0.0,-0.000918,-0.000375,-0.00089,-0.001136,0.0,0.0,-0.001967,-0.002176,-0.004694,0.0,0.0,-0.0,0.0,0.0,-0.000498,-0.00173,-0.004538,-0.001936,0.0,-3.2e-05,-0.003073,-0.000127,-0.00096,0.0,-0.000245,-0.00074,-0.0,0.0,-0.002455,-0.00457,0.0,-0.0,0.0,-0.000923,0.0,-0.001771,0.0,-0.001058,-0.004575,-0.0,-0.0,-0.001407,0.0,0.0,0.0,-0.0,-0.002222,-0.004348,0.0,-0.001987,-0.002105,-0.003437,-0.00344,0.0,-0.004103,0.0,-0.002495,-0.000454,0.0,-0.000644,-0.005851,-0.003945,-0.003249,-0.002348,-0.003458,-0.000786,-0.000348,-0.000347,0.0,-0.000176,-0.001261,-0.001716,-0.003468
2017-05-27 17:21:00+02:00,0.0,0.0,-1e-06,-0.002154,-1.8e-05,0.0,-0.000206,-0.000453,-0.001845,-0.0,0.0,0.0,-0.004324,-0.004461,-0.00213,-0.002854,-0.0,0.0,0.0,-0.003114,0.0,-0.003074,-0.001331,0.0,-0.00434,-0.003347,-0.000305,0.0,-0.000409,-0.0,0.0,-0.00284,0.0,-0.003197,-0.00416,0.0,-0.001032,-0.001211,0.0,-0.004898,-0.000763,0.0,-0.001118,0.0,-0.0,-0.000906,-0.000366,-0.000875,-0.001124,0.0,0.0,-0.001948,-0.002148,-0.004671,0.0,0.0,-0.0,0.0,0.0,-0.000505,-0.001711,-0.004521,-0.001912,0.0,-3.5e-05,-0.003043,-0.000127,-0.000943,0.0,-0.000247,-0.000737,-0.0,0.0,-0.002435,-0.004545,0.0,-0.0,0.0,-0.000926,0.0,-0.001745,0.0,-0.001044,-0.004551,-0.0,-0.0,-0.001391,0.0,0.0,0.0,-0.0,-0.002193,-0.004324,0.0,-0.001964,-0.002104,-0.0034,-0.003404,0.0,-0.004092,0.0,-0.002468,-0.000449,0.0,-0.00064,-0.005848,-0.00392,-0.003239,-0.002323,-0.003425,-0.000781,-0.000341,-0.000349,0.0,-0.000184,-0.001261,-0.001697,-0.00344
2017-05-27 17:22:00+02:00,0.0,0.0,-1e-06,-0.002129,-1.8e-05,0.0,-0.000203,-0.000447,-0.001823,-0.0,0.0,0.0,-0.004321,-0.00443,-0.002119,-0.002828,-0.0,0.0,0.0,-0.003098,0.0,-0.003058,-0.001326,0.0,-0.004314,-0.003317,-0.0003,0.0,-0.0004,-0.0,0.0,-0.002818,0.0,-0.003178,-0.004134,0.0,-0.00103,-0.001207,0.0,-0.004878,-0.000757,0.0,-0.001115,0.0,-0.0,-0.000894,-0.000357,-0.00086,-0.001111,0.0,0.0,-0.001929,-0.002122,-0.00467,0.0,0.0,-0.0,0.0,0.0,-0.000509,-0.001692,-0.004501,-0.00189,0.0,-3.5e-05,-0.003016,-0.000126,-0.000928,0.0,-0.000247,-0.000732,-0.0,0.0,-0.002416,-0.004516,0.0,-0.0,0.0,-0.000924,0.0,-0.00172,0.0,-0.00103,-0.004525,-0.0,-0.0,-0.001378,0.0,0.0,0.0,-0.0,-0.002165,-0.0043,0.0,-0.001942,-0.002098,-0.003365,-0.003371,0.0,-0.004077,0.0,-0.002445,-0.000443,0.0,-0.000634,-0.005853,-0.00391,-0.003225,-0.002301,-0.003394,-0.000775,-0.000333,-0.000349,0.0,-0.000187,-0.001259,-0.001678,-0.00341
2017-05-27 17:23:00+02:00,0.0,0.0,-3e-06,-0.002121,-3.2e-05,0.0,-0.000204,-0.000446,-0.001807,-0.0,0.0,0.0,-0.004295,-0.004412,-0.002119,-0.002821,-0.0,0.0,0.0,-0.003094,0.0,-0.003052,-0.001336,0.0,-0.004305,-0.003307,-0.0003,0.0,-0.000398,-0.0,0.0,-0.002807,0.0,-0.00317,-0.004123,0.0,-0.001039,-0.001218,0.0,-0.004875,-0.00076,0.0,-0.001122,0.0,-0.0,-0.000897,-0.000352,-0.00085,-0.001103,0.0,0.0,-0.001916,-0.002109,-0.004645,0.0,0.0,-0.0,0.0,0.0,-0.000526,-0.00168,-0.004499,-0.001885,0.0,-4.4e-05,-0.003007,-0.000128,-0.000916,0.0,-0.000254,-0.000732,-0.0,0.0,-0.002405,-0.004502,0.0,-0.0,0.0,-0.000938,0.0,-0.001706,0.0,-0.001031,-0.004516,-0.0,-0.0,-0.001368,0.0,0.0,0.0,-0.0,-0.002148,-0.004287,0.0,-0.001933,-0.002105,-0.003349,-0.003357,0.0,-0.004079,0.0,-0.002439,-0.00044,0.0,-0.000636,-0.005856,-0.003888,-0.003227,-0.002295,-0.003383,-0.000778,-0.000331,-0.000352,0.0,-0.000204,-0.001265,-0.001676,-0.00339
2017-05-27 17:24:00+02:00,0.0,0.0,-1.6e-05,-0.002112,-4.3e-05,0.0,-0.000204,-0.000443,-0.001787,-0.0,0.0,0.0,-0.004281,-0.004386,-0.002112,-0.002813,-0.0,0.0,0.0,-0.003105,0.0,-0.003062,-0.001344,0.0,-0.004284,-0.003297,-0.000298,0.0,-0.000394,-0.0,0.0,-0.002788,0.0,-0.003154,-0.004102,0.0,-0.001041,-0.001226,0.0,-0.004861,-0.000761,0.0,-0.001139,0.0,-0.0,-0.000898,-0.000346,-0.000844,-0.001092,0.0,0.0,-0.001914,-0.002096,-0.004634,0.0,0.0,-0.0,0.0,0.0,-0.000539,-0.001677,-0.004486,-0.001878,0.0,-6.1e-05,-0.002998,-0.00013,-0.000909,0.0,-0.000258,-0.000738,-0.0,0.0,-0.002407,-0.004478,0.0,-0.0,0.0,-0.000948,0.0,-0.001691,0.0,-0.00103,-0.004496,-0.0,-0.0,-0.001343,0.0,0.0,0.0,-0.0,-0.002133,-0.004263,0.0,-0.001924,-0.002104,-0.003334,-0.003344,0.0,-0.00407,0.0,-0.002432,-0.000441,0.0,-0.000636,-0.005857,-0.003872,-0.003218,-0.002289,-0.003372,-0.000779,-0.000329,-0.00036,0.0,-0.000218,-0.001284,-0.001673,-0.003362
2017-05-27 17:25:00+02:00,0.0,0.0,-2.9e-05,-0.0021,-4.7e-05,0.0,-0.000201,-0.000438,-0.001762,-0.0,0.0,0.0,-0.004266,-0.004355,-0.0021,-0.002803,-0.0,0.0,0.0,-0.003117,0.0,-0.003073,-0.001342,0.0,-0.004253,-0.003284,-0.000293,0.0,-0.000389,-0.0,0.0,-0.002764,0.0,-0.003133,-0.004077,0.0,-0.001036,-0.001225,0.0,-0.004837,-0.000756,0.0,-0.001159,0.0,-0.0,-0.000895,-0.00034,-0.000838,-0.001077,0.0,0.0,-0.001915,-0.002082,-0.004622,0.0,0.0,-0.0,0.0,0.0,-0.000544,-0.001675,-0.004463,-0.001869,0.0,-7.8e-05,-0.002987,-0.000129,-0.000902,0.0,-0.000259,-0.000747,-0.0,0.0,-0.002412,-0.004449,0.0,-0.0,0.0,-0.000949,0.0,-0.001676,0.0,-0.001026,-0.004466,-0.0,-0.0,-0.001305,0.0,0.0,0.0,-0.0,-0.002116,-0.004234,0.0,-0.001914,-0.002095,-0.003317,-0.003328,0.0,-0.00405,0.0,-0.002422,-0.000442,0.0,-0.000631,-0.005843,-0.003852,-0.0032,-0.002279,-0.003358,-0.000775,-0.000325,-0.000368,0.0,-0.000223,-0.001305,-0.001666,-0.003329
2017-05-27 17:26:00+02:00,0.0,0.0,-2.8e-05,-0.002074,-4e-05,0.0,-0.000196,-0.000428,-0.001732,-0.0,0.0,0.0,-0.004253,-0.004318,-0.002081,-0.002777,-0.0,0.0,0.0,-0.003103,0.0,-0.003058,-0.001328,0.0,-0.004212,-0.003256,-0.000285,0.0,-0.000379,-0.0,0.0,-0.002736,0.0,-0.003106,-0.004045,0.0,-0.001023,-0.001211,0.0,-0.004802,-0.000745,0.0,-0.001158,0.0,-0.0,-0.000879,-0.000329,-0.000823,-0.001058,0.0,0.0,-0.001899,-0.002059,-0.004606,0.0,0.0,-0.0,0.0,0.0,-0.000537,-0.001659,-0.004429,-0.001846,0.0,-8e-05,-0.002961,-0.000125,-0.000886,0.0,-0.000254,-0.000743,-0.0,0.0,-0.002398,-0.004414,0.0,-0.0,0.0,-0.000939,0.0,-0.001653,0.0,-0.001008,-0.004427,-0.0,-0.0,-0.001266,0.0,0.0,0.0,-0.0,-0.002091,-0.004199,0.0,-0.001894,-0.002077,-0.003284,-0.003297,0.0,-0.00402,0.0,-0.002397,-0.000436,0.0,-0.00062,-0.005818,-0.003826,-0.003173,-0.002255,-0.00333,-0.000764,-0.000316,-0.000367,0.0,-0.000218,-0.001304,-0.001646,-0.00329
2017-05-27 17:27:00+02:00,0.0,0.0,-2.2e-05,-0.002042,-3.2e-05,0.0,-0.000189,-0.000417,-0.001703,-0.0,0.0,0.0,-0.004234,-0.004279,-0.00206,-0.002744,-0.0,0.0,0.0,-0.00308,0.0,-0.003035,-0.001308,0.0,-0.004169,-0.003221,-0.000276,0.0,-0.000367,-0.0,0.0,-0.002705,0.0,-0.003077,-0.004011,0.0,-0.001007,-0.001191,0.0,-0.004766,-0.000731,0.0,-0.001149,0.0,-0.0,-0.000857,-0.000318,-0.000806,-0.001038,0.0,0.0,-0.001879,-0.00203,-0.004583,0.0,0.0,-0.0,0.0,0.0,-0.000524,-0.001639,-0.004394,-0.001816,0.0,-7.5e-05,-0.002927,-0.00012,-0.000868,0.0,-0.000246,-0.000735,-0.0,0.0,-0.002377,-0.004378,0.0,-0.0,0.0,-0.000922,0.0,-0.001626,0.0,-0.000985,-0.004386,-0.0,-0.0,-0.001245,0.0,0.0,0.0,-0.0,-0.002061,-0.004161,0.0,-0.001867,-0.002056,-0.003244,-0.003258,0.0,-0.003988,0.0,-0.002366,-0.000428,0.0,-0.000607,-0.005789,-0.003795,-0.003143,-0.002225,-0.003294,-0.000749,-0.000304,-0.000363,0.0,-0.000207,-0.001296,-0.001619,-0.003251
2017-05-27 17:28:00+02:00,0.0,0.0,-1.8e-05,-0.00197,-2.6e-05,0.0,-0.00018,-0.000402,-0.001671,-0.0,0.0,0.0,-0.004212,-0.004242,-0.002037,-0.002661,-0.0,0.0,0.0,-0.003049,0.0,-0.003003,-0.001276,0.0,-0.004123,-0.003121,-0.000265,0.0,-0.000343,-0.0,0.0,-0.002673,0.0,-0.003046,-0.003977,0.0,-0.000988,-0.00116,0.0,-0.004729,-0.000709,0.0,-0.001132,0.0,-0.0,-0.000806,-0.0003,-0.000786,-0.001018,0.0,0.0,-0.001851,-0.001964,-0.004558,0.0,0.0,-0.0,0.0,0.0,-0.000501,-0.001613,-0.004359,-0.00175,0.0,-6.3e-05,-0.002838,-0.000113,-0.000847,0.0,-0.000233,-0.000722,-0.0,0.0,-0.002349,-0.004342,0.0,-0.0,0.0,-0.000894,0.0,-0.001569,0.0,-0.000932,-0.004344,-0.0,-0.0,-0.001215,0.0,0.0,0.0,-0.0,-0.001992,-0.004124,0.0,-0.001805,-0.002033,-0.003138,-0.003154,0.0,-0.003955,0.0,-0.002291,-0.000417,0.0,-0.000588,-0.005759,-0.003764,-0.003111,-0.002152,-0.003191,-0.000728,-0.000282,-0.000354,0.0,-0.000186,-0.001279,-0.001557,-0.003212
2017-05-27 17:29:00+02:00,0.0,0.0,-1.4e-05,-0.00196,-2.1e-05,0.0,-0.000173,-0.00039,-0.001647,-0.0,0.0,0.0,-0.004199,-0.004221,-0.002031,-0.002653,-0.0,0.0,0.0,-0.003007,0.0,-0.002961,-0.001255,0.0,-0.004097,-0.003113,-0.000255,0.0,-0.000338,-0.0,0.0,-0.002654,0.0,-0.003032,-0.003961,0.0,-0.000986,-0.001139,0.0,-0.004713,-0.000694,0.0,-0.001114,0.0,-0.0,-0.000804,-0.000293,-0.000764,-0.001004,0.0,0.0,-0.001818,-0.001954,-0.004547,0.0,0.0,-0.0,0.0,0.0,-0.000488,-0.001581,-0.004342,-0.001742,0.0,-5.6e-05,-0.00283,-0.000108,-0.000823,0.0,-0.000225,-0.000708,-0.0,0.0,-0.002313,-0.004324,0.0,-0.0,0.0,-0.000877,0.0,-0.001556,0.0,-0.000928,-0.004321,-0.0,-0.0,-0.001182,0.0,0.0,0.0,-0.0,-0.00198,-0.004102,0.0,-0.001798,-0.002028,-0.003125,-0.003142,0.0,-0.00394,0.0,-0.002283,-0.000405,0.0,-0.000574,-0.005747,-0.003745,-0.003098,-0.002144,-0.003182,-0.000712,-0.000278,-0.000345,0.0,-0.000176,-0.001261,-0.001552,-0.003185
2017-05-27 17:30:00+02:00,0.0,0.0,-1.1e-05,-0.001922,-1.7e-05,0.0,-0.000165,-0.000376,-0.001621,-0.0,0.0,0.0,-0.004174,-0.004194,-0.002018,-0.002611,-0.0,0.0,0.0,-0.002959,0.0,-0.002912,-0.001226,0.0,-0.004064,-0.003067,-0.000245,0.0,-0.000325,-0.0,0.0,-0.00263,0.0,-0.00301,-0.003938,0.0,-0.000978,-0.001111,0.0,-0.004691,-0.000674,0.0,-0.00109,0.0,-0.0,-0.00078,-0.000281,-0.000741,-0.000989,0.0,0.0,-0.00178,-0.001918,-0.004527,0.0,0.0,-0.0,0.0,0.0,-0.000468,-0.001546,-0.004321,-0.001708,0.0,-4.5e-05,-0.002787,-0.000102,-0.000798,0.0,-0.000214,-0.00069,-0.0,0.0,-0.002271,-0.004299,0.0,-0.0,0.0,-0.000852,0.0,-0.001524,0.0,-0.000902,-0.004294,-0.0,-0.0,-0.001164,0.0,0.0,0.0,-0.0,-0.001943,-0.004074,0.0,-0.001765,-0.002018,-0.003074,-0.003093,0.0,-0.003919,0.0,-0.002244,-0.000392,0.0,-0.000556,-0.005729,-0.003719,-0.00308,-0.002106,-0.003135,-0.000692,-0.000266,-0.000334,0.0,-0.00016,-0.001236,-0.001521,-0.003155
2017-05-27 17:31:00+02:00,0.0,0.0,-9e-06,-0.001918,-1.3e-05,0.0,-0.000157,-0.000363,-0.001575,-0.0,0.0,0.0,-0.004116,-0.004125,-0.00196,-0.002608,-0.0,0.0,0.0,-0.002919,0.0,-0.002873,-0.001197,0.0,-0.003978,-0.003064,-0.000234,0.0,-0.000319,-0.0,0.0,-0.00257,0.0,-0.002947,-0.00387,0.0,-0.000918,-0.001083,0.0,-0.004614,-0.000655,0.0,-0.001067,0.0,-0.0,-0.000772,-0.000275,-0.000718,-0.000953,0.0,0.0,-0.001749,-0.001911,-0.004463,0.0,0.0,-0.0,0.0,0.0,-0.000448,-0.001516,-0.004245,-0.001707,0.0,-3.6e-05,-0.002784,-9.6e-05,-0.000775,0.0,-0.000203,-0.000673,-0.0,0.0,-0.002237,-0.004229,0.0,-0.0,0.0,-0.000827,0.0,-0.001514,0.0,-0.000895,-0.004212,-0.0,-0.0,-0.001132,0.0,0.0,0.0,-0.0,-0.001933,-0.004007,0.0,-0.001762,-0.001953,-0.003066,-0.003087,0.0,-0.003843,0.0,-0.002241,-0.000379,0.0,-0.000539,-0.005654,-0.003658,-0.003008,-0.002104,-0.003132,-0.000673,-0.00026,-0.000322,0.0,-0.000142,-0.001211,-0.001519,-0.003093
2017-05-27 17:32:00+02:00,0.0,0.0,-7e-06,-0.001918,-1.1e-05,0.0,-0.00015,-0.000351,-0.001534,-0.0,0.0,0.0,-0.004068,-0.00407,-0.001917,-0.002609,-0.0,0.0,0.0,-0.002875,0.0,-0.002829,-0.001176,0.0,-0.003909,-0.003065,-0.000225,0.0,-0.000314,-0.0,0.0,-0.002523,0.0,-0.002898,-0.003817,0.0,-0.000875,-0.001062,0.0,-0.004553,-0.00064,0.0,-0.001043,0.0,-0.0,-0.00077,-0.000269,-0.000694,-0.000924,0.0,0.0,-0.001715,-0.001907,-0.004412,0.0,0.0,-0.0,0.0,0.0,-0.000436,-0.001484,-0.004185,-0.00171,0.0,-2.9e-05,-0.002785,-9.2e-05,-0.000751,0.0,-0.000196,-0.000656,-0.0,0.0,-0.002199,-0.004174,0.0,-0.0,0.0,-0.00081,0.0,-0.001506,0.0,-0.000893,-0.004147,-0.0,-0.0,-0.001094,0.0,0.0,0.0,-0.0,-0.001926,-0.003952,0.0,-0.001763,-0.001906,-0.003061,-0.003084,0.0,-0.003785,0.0,-0.002243,-0.000366,0.0,-0.000525,-0.005593,-0.003606,-0.002952,-0.002105,-0.003132,-0.000658,-0.000256,-0.000311,0.0,-0.000132,-0.001187,-0.001522,-0.003041
2017-05-27 17:33:00+02:00,0.0,0.0,-6e-06,-0.001882,-8e-06,0.0,-0.000142,-0.000336,-0.001486,-0.0,0.0,0.0,-0.004004,-0.004,-0.001864,-0.002569,-0.0,0.0,0.0,-0.00285,0.0,-0.002804,-0.001141,0.0,-0.003817,-0.003024,-0.000214,0.0,-0.0003,-0.0,0.0,-0.002463,0.0,-0.002835,-0.003749,0.0,-0.000824,-0.001028,0.0,-0.004474,-0.000618,0.0,-0.001027,0.0,-0.0,-0.000741,-0.000257,-0.000677,-0.00089,0.0,0.0,-0.001693,-0.001873,-0.004344,0.0,0.0,-0.0,0.0,0.0,-0.000411,-0.001463,-0.004108,-0.001678,0.0,-2.3e-05,-0.002744,-8.5e-05,-0.000732,0.0,-0.000183,-0.000643,-0.0,0.0,-0.002178,-0.004104,0.0,-0.0,0.0,-0.000781,0.0,-0.001475,0.0,-0.000863,-0.004065,-0.0,-0.0,-0.001058,0.0,0.0,0.0,-0.0,-0.001893,-0.003884,0.0,-0.001733,-0.001846,-0.003015,-0.00304,0.0,-0.003707,0.0,-0.002206,-0.000355,0.0,-0.000505,-0.005512,-0.003542,-0.002881,-0.002069,-0.003092,-0.000636,-0.000243,-0.000302,0.0,-0.000111,-0.001171,-0.001491,-0.002977
2017-05-27 17:34:00+02:00,0.0,0.0,-5e-06,-0.001893,-7e-06,0.0,-0.000135,-0.000324,-0.001446,-0.0,0.0,0.0,-0.003955,-0.003948,-0.00183,-0.002582,-0.0,0.0,0.0,-0.002838,0.0,-0.002792,-0.001118,0.0,-0.003751,-0.003036,-0.000205,0.0,-0.000301,-0.0,0.0,-0.002418,0.0,-0.00279,-0.0037,0.0,-0.000794,-0.001006,0.0,-0.004416,-0.000602,0.0,-0.001024,0.0,-0.0,-0.000754,-0.000253,-0.000663,-0.000864,0.0,0.0,-0.00168,-0.001879,-0.004293,0.0,0.0,-0.0,0.0,0.0,-0.000398,-0.001449,-0.004053,-0.001692,0.0,-2.3e-05,-0.002756,-8e-05,-0.000716,0.0,-0.000175,-0.000638,-0.0,0.0,-0.002167,-0.004053,0.0,-0.0,0.0,-0.000762,0.0,-0.001473,0.0,-0.000875,-0.004004,-0.0,-0.0,-0.001017,0.0,0.0,0.0,-0.0,-0.001894,-0.00383,0.0,-0.001745,-0.00181,-0.003021,-0.003048,0.0,-0.003652,0.0,-0.00222,-0.000348,0.0,-0.000491,-0.00545,-0.00349,-0.002832,-0.002082,-0.003104,-0.00062,-0.000244,-0.000299,0.0,-0.000102,-0.001168,-0.001507,-0.002926
2017-05-27 17:35:00+02:00,0.0,0.0,-4e-06,-0.001877,-5e-06,0.0,-0.000126,-0.000309,-0.0014,-0.0,0.0,0.0,-0.003894,-0.003885,-0.001787,-0.002565,-0.0,0.0,0.0,-0.00281,0.0,-0.002763,-0.001083,0.0,-0.003667,-0.003018,-0.000194,0.0,-0.000292,-0.0,0.0,-0.002363,0.0,-0.002735,-0.00364,0.0,-0.000757,-0.000973,0.0,-0.004346,-0.00058,0.0,-0.001007,0.0,-0.0,-0.000742,-0.000245,-0.000644,-0.000834,0.0,0.0,-0.001656,-0.001862,-0.00423,0.0,0.0,-0.0,0.0,0.0,-0.000374,-0.001425,-0.003986,-0.001678,0.0,-1.8e-05,-0.002739,-7.4e-05,-0.000697,0.0,-0.000163,-0.000625,-0.0,0.0,-0.002142,-0.00399,0.0,-0.0,0.0,-0.000733,0.0,-0.001455,0.0,-0.000862,-0.003932,-0.0,-0.0,-0.000984,0.0,0.0,0.0,-0.0,-0.001874,-0.003767,0.0,-0.001732,-0.001764,-0.002997,-0.003025,0.0,-0.003583,0.0,-0.002205,-0.000337,0.0,-0.000471,-0.005376,-0.00343,-0.002773,-0.002067,-0.003084,-0.000597,-0.000237,-0.000291,0.0,-8.1e-05,-0.00115,-0.001494,-0.002868
2017-05-27 17:36:00+02:00,0.0,0.0,-3e-06,-0.001839,-4e-06,0.0,-0.000116,-0.000291,-0.001352,-0.0,0.0,0.0,-0.003829,-0.003817,-0.001739,-0.002524,-0.0,0.0,0.0,-0.002771,0.0,-0.002724,-0.001038,0.0,-0.003576,-0.002972,-0.000181,0.0,-0.000278,-0.0,0.0,-0.002304,0.0,-0.002674,-0.003574,0.0,-0.000714,-0.000929,0.0,-0.00427,-0.000552,0.0,-0.00098,0.0,-0.0,-0.000712,-0.000233,-0.000624,-0.000803,0.0,0.0,-0.001626,-0.001827,-0.004161,0.0,0.0,-0.0,0.0,0.0,-0.000339,-0.001396,-0.003912,-0.001644,0.0,-1.5e-05,-0.002695,-6.6e-05,-0.000674,0.0,-0.000146,-0.000606,-0.0,0.0,-0.002109,-0.003922,0.0,-0.0,0.0,-0.000693,0.0,-0.001423,0.0,-0.000832,-0.003854,-0.0,-0.0,-0.000948,0.0,0.0,0.0,-0.0,-0.001838,-0.0037,0.0,-0.0017,-0.001711,-0.002946,-0.002976,0.0,-0.003507,0.0,-0.002166,-0.000324,0.0,-0.000447,-0.005295,-0.003365,-0.002707,-0.002029,-0.003038,-0.000569,-0.000223,-0.000278,0.0,-6.5e-05,-0.001123,-0.001461,-0.002806
2017-05-27 17:37:00+02:00,0.0,0.0,-2e-06,-0.00179,-3e-06,0.0,-0.000105,-0.000273,-0.001311,-0.0,0.0,0.0,-0.003763,-0.00375,-0.001693,-0.00247,-0.0,0.0,0.0,-0.002718,0.0,-0.002672,-0.000988,0.0,-0.003501,-0.002912,-0.000168,0.0,-0.000261,-0.0,0.0,-0.002253,0.0,-0.00262,-0.003512,0.0,-0.000672,-0.000878,0.0,-0.004198,-0.000521,0.0,-0.00094,0.0,-0.0,-0.000673,-0.00022,-0.0006,-0.000773,0.0,0.0,-0.001588,-0.001784,-0.004092,0.0,0.0,-0.0,0.0,0.0,-0.000298,-0.001361,-0.003843,-0.001599,0.0,-1.2e-05,-0.002639,-5.7e-05,-0.000649,0.0,-0.000126,-0.00058,-0.0,0.0,-0.002066,-0.003856,0.0,-0.0,0.0,-0.000646,0.0,-0.001385,0.0,-0.000792,-0.00378,-0.0,-0.0,-0.000911,0.0,0.0,0.0,-0.0,-0.001793,-0.003632,0.0,-0.001659,-0.001661,-0.00288,-0.002912,0.0,-0.003441,0.0,-0.002116,-0.000307,0.0,-0.000421,-0.005214,-0.0033,-0.002646,-0.00198,-0.002976,-0.000538,-0.000207,-0.000259,0.0,-5.2e-05,-0.001082,-0.001418,-0.002744
2017-05-27 17:38:00+02:00,0.0,0.0,-2e-06,-0.001758,-3e-06,0.0,-9.8e-05,-0.000259,-0.001271,-0.0,0.0,0.0,-0.003699,-0.003686,-0.001651,-0.002432,-0.0,0.0,0.0,-0.002684,0.0,-0.002639,-0.000953,0.0,-0.003431,-0.002868,-0.000157,0.0,-0.000249,-0.0,0.0,-0.002204,0.0,-0.002568,-0.003453,0.0,-0.000636,-0.000844,0.0,-0.004131,-0.000499,0.0,-0.000914,0.0,-0.0,-0.000649,-0.00021,-0.000581,-0.000746,0.0,0.0,-0.001561,-0.001752,-0.004026,0.0,0.0,-0.0,0.0,0.0,-0.000272,-0.001334,-0.00378,-0.001569,0.0,-9e-06,-0.002599,-5.1e-05,-0.000629,0.0,-0.000113,-0.000562,-0.0,0.0,-0.002036,-0.003793,0.0,-0.0,0.0,-0.000616,0.0,-0.001356,0.0,-0.000767,-0.003712,-0.0,-0.0,-0.000878,0.0,0.0,0.0,-0.0,-0.001759,-0.003568,0.0,-0.001631,-0.001617,-0.002832,-0.002865,0.0,-0.00338,0.0,-0.002083,-0.000295,0.0,-0.000401,-0.005138,-0.003238,-0.002589,-0.001946,-0.002932,-0.000516,-0.000196,-0.000246,0.0,-4.2e-05,-0.001056,-0.00139,-0.002686
2017-05-27 17:39:00+02:00,0.0,0.0,-2e-06,-0.001756,-2e-06,0.0,-9.5e-05,-0.000253,-0.001248,-0.0,0.0,0.0,-0.003672,-0.003662,-0.001642,-0.002428,-0.0,0.0,0.0,-0.002688,0.0,-0.002643,-0.00095,0.0,-0.003405,-0.002859,-0.000153,0.0,-0.000248,-0.0,0.0,-0.002183,0.0,-0.002551,-0.003433,0.0,-0.000636,-0.000842,0.0,-0.004112,-0.000494,0.0,-0.000924,0.0,-0.0,-0.000657,-0.000205,-0.000571,-0.000732,0.0,0.0,-0.001557,-0.001743,-0.004001,0.0,0.0,-0.0,0.0,0.0,-0.000278,-0.001328,-0.003762,-0.001571,0.0,-1e-05,-0.002593,-5e-05,-0.000618,0.0,-0.000115,-0.000564,-0.0,0.0,-0.002035,-0.00377,0.0,-0.0,0.0,-0.000617,0.0,-0.001343,0.0,-0.000773,-0.003688,-0.0,-0.0,-0.000854,0.0,0.0,0.0,-0.0,-0.001745,-0.00354,0.0,-0.001628,-0.001611,-0.002816,-0.002851,0.0,-0.003364,0.0,-0.002081,-0.000291,0.0,-0.000396,-0.005117,-0.003209,-0.002573,-0.001945,-0.002921,-0.000511,-0.000196,-0.000249,0.0,-4e-05,-0.001066,-0.001394,-0.002656
2017-05-27 17:40:00+02:00,0.0,0.0,-1e-06,-0.00175,-2e-06,0.0,-9.3e-05,-0.000247,-0.001228,-0.0,0.0,0.0,-0.003647,-0.003638,-0.001633,-0.002419,-0.0,0.0,0.0,-0.002692,0.0,-0.002647,-0.000946,0.0,-0.003386,-0.002847,-0.000149,0.0,-0.000245,-0.0,0.0,-0.002164,0.0,-0.002535,-0.003413,0.0,-0.000636,-0.000837,0.0,-0.004098,-0.000488,0.0,-0.000932,0.0,-0.0,-0.000661,-0.000201,-0.000562,-0.00072,0.0,0.0,-0.001551,-0.001729,-0.003976,0.0,0.0,-0.0,0.0,0.0,-0.000282,-0.001321,-0.00375,-0.001568,0.0,-1.1e-05,-0.002583,-4.9e-05,-0.000609,0.0,-0.000115,-0.000564,-0.0,0.0,-0.002032,-0.003749,0.0,-0.0,0.0,-0.000617,0.0,-0.001329,0.0,-0.000776,-0.00367,-0.0,-0.0,-0.000834,0.0,0.0,0.0,-0.0,-0.001728,-0.003515,0.0,-0.001621,-0.001608,-0.002796,-0.002833,0.0,-0.003353,0.0,-0.002076,-0.000288,0.0,-0.000391,-0.005102,-0.003182,-0.002561,-0.001939,-0.002907,-0.000506,-0.000195,-0.00025,0.0,-3.8e-05,-0.001074,-0.001394,-0.002628
2017-05-27 17:41:00+02:00,0.0,0.0,-1e-06,-0.001744,-1e-06,0.0,-9.1e-05,-0.000242,-0.001211,-0.0,0.0,0.0,-0.003627,-0.003621,-0.001629,-0.002412,-0.0,0.0,0.0,-0.002683,0.0,-0.002639,-0.000941,0.0,-0.003374,-0.002837,-0.000145,0.0,-0.000242,-0.0,0.0,-0.002151,0.0,-0.002524,-0.003401,0.0,-0.00064,-0.000832,0.0,-0.004091,-0.000482,0.0,-0.000926,0.0,-0.0,-0.000662,-0.000196,-0.000551,-0.00071,0.0,0.0,-0.001538,-0.001717,-0.003958,0.0,0.0,-0.0,0.0,0.0,-0.000282,-0.001307,-0.003745,-0.001565,0.0,-9e-06,-0.002575,-4.8e-05,-0.000596,0.0,-0.000114,-0.000557,-0.0,0.0,-0.00202,-0.003734,0.0,-0.0,0.0,-0.000614,0.0,-0.001315,0.0,-0.000776,-0.003659,-0.0,-0.0,-0.000815,0.0,0.0,0.0,-0.0,-0.001713,-0.003494,0.0,-0.001614,-0.001609,-0.00278,-0.002819,0.0,-0.003349,0.0,-0.002071,-0.000281,0.0,-0.000385,-0.005094,-0.00316,-0.002555,-0.001934,-0.002897,-0.000499,-0.000192,-0.000246,0.0,-3.4e-05,-0.001068,-0.001393,-0.002604
2017-05-27 17:42:00+02:00,0.0,0.0,-1e-06,-0.001748,-1e-06,0.0,-8.8e-05,-0.000237,-0.001188,-0.0,0.0,0.0,-0.003599,-0.003596,-0.001619,-0.002417,-0.0,0.0,0.0,-0.002688,0.0,-0.002644,-0.000938,0.0,-0.003346,-0.00284,-0.000141,0.0,-0.000242,-0.0,0.0,-0.002128,0.0,-0.002505,-0.00338,0.0,-0.000637,-0.000829,0.0,-0.004074,-0.000478,0.0,-0.000935,0.0,-0.0,-0.000673,-0.000193,-0.000542,-0.000698,0.0,0.0,-0.001534,-0.001713,-0.003932,0.0,0.0,-0.0,0.0,0.0,-0.000285,-0.001301,-0.003729,-0.001572,0.0,-1.2e-05,-0.002578,-4.7e-05,-0.000587,0.0,-0.000114,-0.000557,-0.0,0.0,-0.002019,-0.003711,0.0,-0.0,0.0,-0.000614,0.0,-0.001308,0.0,-0.000785,-0.003638,-0.0,-0.0,-0.000794,0.0,0.0,0.0,-0.0,-0.001706,-0.003467,0.0,-0.001616,-0.001603,-0.002776,-0.002817,0.0,-0.003331,0.0,-0.002077,-0.000278,0.0,-0.00038,-0.005074,-0.003131,-0.00254,-0.001939,-0.002899,-0.000495,-0.000193,-0.000248,0.0,-3.3e-05,-0.001078,-0.001401,-0.002575
2017-05-27 17:43:00+02:00,0.0,0.0,-1e-06,-0.001744,-1e-06,0.0,-8.7e-05,-0.000232,-0.001166,-0.0,0.0,0.0,-0.003574,-0.003573,-0.00161,-0.002413,-0.0,0.0,0.0,-0.002687,0.0,-0.002644,-0.000938,0.0,-0.00332,-0.002834,-0.000138,0.0,-0.00024,-0.0,0.0,-0.002107,0.0,-0.002487,-0.003361,0.0,-0.000636,-0.000828,0.0,-0.004059,-0.000474,0.0,-0.00094,0.0,-0.0,-0.000676,-0.000188,-0.000533,-0.000686,0.0,0.0,-0.001526,-0.001704,-0.003908,0.0,0.0,-0.0,0.0,0.0,-0.000289,-0.001291,-0.003717,-0.001571,0.0,-1.3e-05,-0.002573,-4.7e-05,-0.000576,0.0,-0.000114,-0.000556,-0.0,0.0,-0.002012,-0.00369,0.0,-0.0,0.0,-0.000615,0.0,-0.001296,0.0,-0.000788,-0.00362,-0.0,-0.0,-0.000774,0.0,0.0,0.0,-0.0,-0.001693,-0.003442,0.0,-0.001611,-0.001599,-0.002764,-0.002806,0.0,-0.003316,0.0,-0.002075,-0.000274,0.0,-0.000376,-0.005058,-0.003104,-0.002527,-0.001936,-0.002892,-0.000491,-0.000192,-0.000248,0.0,-3.4e-05,-0.001083,-0.001402,-0.002548
2017-05-27 17:44:00+02:00,0.0,0.0,-1e-06,-0.001741,-1e-06,0.0,-8.5e-05,-0.000228,-0.001142,-0.0,0.0,0.0,-0.00354,-0.003541,-0.001593,-0.002409,-0.0,0.0,0.0,-0.002687,0.0,-0.002645,-0.000936,0.0,-0.003287,-0.002829,-0.000135,0.0,-0.000238,-0.0,0.0,-0.00208,0.0,-0.002461,-0.003332,0.0,-0.000628,-0.000826,0.0,-0.004036,-0.00047,0.0,-0.000944,0.0,-0.0,-0.000679,-0.000185,-0.000524,-0.000672,0.0,0.0,-0.001517,-0.001693,-0.003874,0.0,0.0,-0.0,0.0,0.0,-0.000291,-0.001282,-0.003695,-0.001571,0.0,-1.5e-05,-0.002569,-4.6e-05,-0.000567,0.0,-0.000114,-0.000554,-0.0,0.0,-0.002005,-0.003659,0.0,-0.0,0.0,-0.000616,0.0,-0.001284,0.0,-0.00079,-0.003594,-0.0,-0.0,-0.000755,0.0,0.0,0.0,-0.0,-0.00168,-0.003408,0.0,-0.001606,-0.001587,-0.002752,-0.002797,0.0,-0.003293,0.0,-0.002073,-0.000271,0.0,-0.000372,-0.005033,-0.00307,-0.002505,-0.001933,-0.002886,-0.000486,-0.00019,-0.000248,0.0,-3.4e-05,-0.001087,-0.001403,-0.002515
2017-05-27 17:45:00+02:00,0.0,0.0,-0.0,-0.001732,-1e-06,0.0,-8.2e-05,-0.000221,-0.001116,-0.0,0.0,0.0,-0.003496,-0.003499,-0.001566,-0.002399,-0.0,0.0,0.0,-0.002677,0.0,-0.002635,-0.000923,0.0,-0.003244,-0.002817,-0.00013,0.0,-0.000234,-0.0,0.0,-0.002045,0.0,-0.002425,-0.003292,0.0,-0.00061,-0.000813,0.0,-0.004,-0.000459,0.0,-0.000939,0.0,-0.0,-0.000676,-0.000181,-0.000513,-0.000654,0.0,0.0,-0.001502,-0.001678,-0.003829,0.0,0.0,-0.0,0.0,0.0,-0.000283,-0.001267,-0.003662,-0.001564,0.0,-1.2e-05,-0.002559,-4.4e-05,-0.000556,0.0,-0.00011,-0.000547,-0.0,0.0,-0.00199,-0.003617,0.0,-0.0,0.0,-0.000605,0.0,-0.001269,0.0,-0.000786,-0.003556,-0.0,-0.0,-0.000736,0.0,0.0,0.0,-0.0,-0.001662,-0.003365,0.0,-0.001594,-0.001562,-0.002734,-0.002781,0.0,-0.003257,0.0,-0.002065,-0.000265,0.0,-0.000363,-0.004995,-0.003028,-0.002472,-0.001924,-0.002873,-0.000476,-0.000187,-0.000244,0.0,-2.8e-05,-0.001083,-0.001397,-0.002475
2017-05-27 17:46:00+02:00,0.0,0.0,-0.0,-0.001707,-0.0,0.0,-6.7e-05,-0.000194,-0.001028,-0.0,0.0,0.0,-0.003219,-0.003235,-0.001397,-0.002373,-0.0,0.0,0.0,-0.002574,0.0,-0.002534,-0.000817,0.0,-0.00301,-0.002789,-0.000112,0.0,-0.000224,-0.0,0.0,-0.00189,0.0,-0.002237,-0.003049,0.0,-0.000488,-0.000703,0.0,-0.003711,-0.000397,0.0,-0.000847,0.0,-0.0,-0.000656,-0.000174,-0.000483,-0.000583,0.0,0.0,-0.001432,-0.001652,-0.003533,0.0,0.0,-0.0,0.0,0.0,-0.000226,-0.001205,-0.003394,-0.001542,0.0,-1e-05,-0.002532,-3.5e-05,-0.000524,0.0,-8.8e-05,-0.000494,-0.0,0.0,-0.001905,-0.003349,0.0,-0.0,0.0,-0.000509,0.0,-0.001245,0.0,-0.000766,-0.003293,-0.0,-0.0,-0.000672,0.0,0.0,0.0,-0.0,-0.001636,-0.003103,0.0,-0.001569,-0.001374,-0.002701,-0.00275,0.0,-0.003018,0.0,-0.00204,-0.00024,0.0,-0.000313,-0.004621,-0.00279,-0.002254,-0.001899,-0.002844,-0.000418,-0.000178,-0.000208,0.0,-2.2e-05,-0.000985,-0.001375,-0.00228
2017-05-27 17:47:00+02:00,0.0,0.0,-0.0,-0.001709,-0.0,0.0,-5.9e-05,-0.000178,-0.000964,-0.0,0.0,0.0,-0.003023,-0.003053,-0.00129,-0.002373,-0.0,0.0,0.0,-0.002512,0.0,-0.002473,-0.00076,0.0,-0.002855,-0.002787,-0.0001,0.0,-0.000224,-0.0,0.0,-0.001786,0.0,-0.002113,-0.002884,0.0,-0.0004,-0.000643,0.0,-0.003516,-0.000362,0.0,-0.000797,0.0,-0.0,-0.000665,-0.00017,-0.000461,-0.000535,0.0,0.0,-0.001387,-0.001645,-0.003324,0.0,0.0,-0.0,0.0,0.0,-0.000185,-0.001165,-0.003215,-0.001546,0.0,-8e-06,-0.002531,-2.9e-05,-0.000501,0.0,-7e-05,-0.000463,-0.0,0.0,-0.001853,-0.003165,0.0,-0.0,0.0,-0.000459,0.0,-0.001235,0.0,-0.000774,-0.003116,-0.0,-0.0,-0.000622,0.0,0.0,0.0,-0.0,-0.001625,-0.002919,0.0,-0.001569,-0.001258,-0.002692,-0.002743,0.0,-0.002862,0.0,-0.002043,-0.000224,0.0,-0.000283,-0.004359,-0.00262,-0.002113,-0.001901,-0.002841,-0.000385,-0.000178,-0.00019,0.0,-1.8e-05,-0.000932,-0.001381,-0.00214
2017-05-27 17:48:00+02:00,0.0,0.0,-0.0,-0.001714,-0.0,0.0,-5.3e-05,-0.000165,-0.000914,-0.0,0.0,0.0,-0.002868,-0.00291,-0.001212,-0.002378,-0.0,0.0,0.0,-0.002461,0.0,-0.002423,-0.000717,0.0,-0.002737,-0.002791,-9.1e-05,0.0,-0.000224,-0.0,0.0,-0.001705,0.0,-0.002019,-0.002758,0.0,-0.000339,-0.000597,0.0,-0.003368,-0.000334,0.0,-0.000759,0.0,-0.0,-0.000679,-0.000167,-0.000441,-0.000498,0.0,0.0,-0.001349,-0.001641,-0.003161,0.0,0.0,-0.0,0.0,0.0,-0.000156,-0.001131,-0.00308,-0.001555,0.0,-6e-06,-0.002535,-2.4e-05,-0.000481,0.0,-5.7e-05,-0.000439,-0.0,0.0,-0.00181,-0.003022,0.0,-0.0,0.0,-0.000423,0.0,-0.001228,0.0,-0.000787,-0.002982,-0.0,-0.0,-0.00058,0.0,0.0,0.0,-0.0,-0.001618,-0.002773,0.0,-0.001571,-0.001175,-0.002689,-0.002743,0.0,-0.002745,0.0,-0.00205,-0.00021,0.0,-0.000261,-0.004157,-0.002486,-0.002007,-0.001907,-0.002845,-0.00036,-0.00018,-0.000176,0.0,-1.4e-05,-0.00089,-0.001392,-0.002029
2017-05-27 17:49:00+02:00,0.0,0.0,-0.0,-0.001736,-0.0,0.0,-5e-05,-0.000158,-0.000883,-0.0,0.0,0.0,-0.002764,-0.00282,-0.001176,-0.002401,-0.0,0.0,0.0,-0.002439,0.0,-0.002402,-0.000703,0.0,-0.002681,-0.002813,-8.7e-05,0.0,-0.000229,-0.0,0.0,-0.001663,0.0,-0.001971,-0.002683,0.0,-0.000318,-0.000581,0.0,-0.003284,-0.000323,0.0,-0.000749,0.0,-0.0,-0.000709,-0.000166,-0.000427,-0.000477,0.0,0.0,-0.001329,-0.00165,-0.003053,0.0,0.0,-0.0,0.0,0.0,-0.000156,-0.001111,-0.003007,-0.00158,0.0,-5e-06,-0.002558,-2.3e-05,-0.000466,0.0,-5.6e-05,-0.000429,-0.0,0.0,-0.001788,-0.002934,0.0,-0.0,0.0,-0.000415,0.0,-0.001229,0.0,-0.000815,-0.002907,-0.0,-0.0,-0.000549,0.0,0.0,0.0,-0.0,-0.001622,-0.002678,0.0,-0.001588,-0.001141,-0.002703,-0.00276,0.0,-0.002691,0.0,-0.002074,-0.000203,0.0,-0.00025,-0.004027,-0.002396,-0.001956,-0.00193,-0.002866,-0.000349,-0.000186,-0.000173,0.0,-1.1e-05,-0.000878,-0.001419,-0.001953
2017-05-27 17:50:00+02:00,0.0,0.0,-0.0,-0.001746,-0.0,0.0,-4.8e-05,-0.000152,-0.000857,-0.0,0.0,0.0,-0.002681,-0.002748,-0.001149,-0.002409,-0.0,0.0,0.0,-0.002417,0.0,-0.002382,-0.000692,0.0,-0.002637,-0.00282,-8.2e-05,0.0,-0.000231,-0.0,0.0,-0.001628,0.0,-0.001933,-0.002625,0.0,-0.000306,-0.000569,0.0,-0.003219,-0.000313,0.0,-0.000742,0.0,-0.0,-0.000726,-0.000164,-0.000415,-0.00046,0.0,0.0,-0.001309,-0.001648,-0.002967,0.0,0.0,-0.0,0.0,0.0,-0.000157,-0.001092,-0.002952,-0.001593,0.0,-4e-06,-0.002565,-2.2e-05,-0.000452,0.0,-5.5e-05,-0.000421,-0.0,0.0,-0.001767,-0.002866,0.0,-0.0,0.0,-0.00041,0.0,-0.001223,0.0,-0.000832,-0.00285,-0.0,-0.0,-0.000522,0.0,0.0,0.0,-0.0,-0.001616,-0.002601,0.0,-0.001593,-0.001117,-0.002703,-0.002762,0.0,-0.002649,0.0,-0.002084,-0.000197,0.0,-0.000242,-0.003928,-0.002323,-0.001917,-0.001939,-0.002872,-0.000341,-0.000188,-0.00017,0.0,-9e-06,-0.000869,-0.001432,-0.001892
2017-05-27 17:51:00+02:00,0.0,0.0,-0.0,-0.001762,-0.0,0.0,-4.6e-05,-0.000146,-0.00083,-0.0,0.0,0.0,-0.002605,-0.002681,-0.001121,-0.002427,-0.0,0.0,0.0,-0.00238,0.0,-0.002346,-0.00068,0.0,-0.002589,-0.002839,-7.8e-05,0.0,-0.000233,-0.0,0.0,-0.00159,0.0,-0.001892,-0.002568,0.0,-0.000293,-0.000555,0.0,-0.003156,-0.000303,0.0,-0.000725,0.0,-0.0,-0.000748,-0.000162,-0.000399,-0.000443,0.0,0.0,-0.001279,-0.001653,-0.002888,0.0,0.0,-0.0,0.0,0.0,-0.000155,-0.001065,-0.002896,-0.001612,0.0,-3e-06,-0.002584,-2.1e-05,-0.000435,0.0,-5.3e-05,-0.000408,-0.0,0.0,-0.001734,-0.0028,0.0,-0.0,0.0,-0.000402,0.0,-0.001221,0.0,-0.000853,-0.002793,-0.0,-0.0,-0.000496,0.0,0.0,0.0,-0.0,-0.001618,-0.00253,0.0,-0.001604,-0.001092,-0.002713,-0.002775,0.0,-0.002602,0.0,-0.002103,-0.000188,0.0,-0.000233,-0.003835,-0.002255,-0.001876,-0.001956,-0.00289,-0.000332,-0.000192,-0.000164,0.0,-7e-06,-0.000849,-0.001452,-0.001834
2017-05-27 17:52:00+02:00,0.0,0.0,-0.0,-0.00177,-0.0,0.0,-4.4e-05,-0.00014,-0.000809,-0.0,0.0,0.0,-0.002549,-0.002634,-0.001109,-0.002433,-0.0,0.0,0.0,-0.002338,0.0,-0.002305,-0.000668,0.0,-0.002563,-0.002844,-7.4e-05,0.0,-0.000234,-0.0,0.0,-0.001567,0.0,-0.001869,-0.002532,0.0,-0.000292,-0.000542,0.0,-0.003118,-0.000293,0.0,-0.000706,0.0,-0.0,-0.000763,-0.000159,-0.000383,-0.000431,0.0,0.0,-0.001248,-0.00165,-0.002832,0.0,0.0,-0.0,0.0,0.0,-0.000153,-0.001036,-0.002865,-0.001623,0.0,-3e-06,-0.00259,-2e-05,-0.000418,0.0,-5.2e-05,-0.000394,-0.0,0.0,-0.001697,-0.002756,0.0,-0.0,0.0,-0.000395,0.0,-0.001214,0.0,-0.000867,-0.00276,-0.0,-0.0,-0.000475,0.0,0.0,0.0,-0.0,-0.001611,-0.002479,0.0,-0.001608,-0.001084,-0.002711,-0.002775,0.0,-0.002579,0.0,-0.002111,-0.00018,0.0,-0.000225,-0.003773,-0.002205,-0.001856,-0.001963,-0.002894,-0.000323,-0.000193,-0.000157,0.0,-6e-06,-0.000827,-0.001464,-0.00179
2017-05-27 17:53:00+02:00,0.0,0.0,-0.0,-0.001771,-0.0,0.0,-4.1e-05,-0.000133,-0.000787,-0.0,0.0,0.0,-0.002495,-0.002587,-0.001093,-0.002432,-0.0,0.0,0.0,-0.002326,0.0,-0.002294,-0.000646,0.0,-0.002531,-0.002839,-7e-05,0.0,-0.000233,-0.0,0.0,-0.001541,0.0,-0.001843,-0.002494,0.0,-0.000287,-0.000521,0.0,-0.003076,-0.00028,0.0,-0.000705,0.0,-0.0,-0.000774,-0.000155,-0.000372,-0.000419,0.0,0.0,-0.001234,-0.001642,-0.002777,0.0,0.0,-0.0,0.0,0.0,-0.000143,-0.001022,-0.00283,-0.001627,0.0,-2e-06,-0.002588,-1.8e-05,-0.000406,0.0,-4.7e-05,-0.000389,-0.0,0.0,-0.001684,-0.002711,0.0,-0.0,0.0,-0.000379,0.0,-0.001203,0.0,-0.000877,-0.002724,-0.0,-0.0,-0.000453,0.0,0.0,0.0,-0.0,-0.0016,-0.002428,0.0,-0.001606,-0.001072,-0.0027,-0.002767,0.0,-0.002551,0.0,-0.002113,-0.000175,0.0,-0.000214,-0.003711,-0.002156,-0.001832,-0.001964,-0.002888,-0.000309,-0.000193,-0.000156,0.0,-5e-06,-0.000825,-0.00147,-0.001747
2017-05-27 17:54:00+02:00,0.0,0.0,-0.0,-0.00176,-0.0,0.0,-3.6e-05,-0.000122,-0.00076,-0.0,0.0,0.0,-0.002432,-0.002529,-0.001064,-0.002417,-0.0,0.0,0.0,-0.002302,0.0,-0.002272,-0.000607,0.0,-0.002482,-0.002821,-6.3e-05,0.0,-0.000228,-0.0,0.0,-0.001504,0.0,-0.001803,-0.002443,0.0,-0.000269,-0.000484,0.0,-0.003018,-0.000259,0.0,-0.000694,0.0,-0.0,-0.000771,-0.00015,-0.000359,-0.000401,0.0,0.0,-0.001214,-0.001626,-0.002712,0.0,0.0,-0.0,0.0,0.0,-0.000117,-0.001003,-0.002777,-0.001618,0.0,-2e-06,-0.002571,-1.5e-05,-0.000392,0.0,-3.8e-05,-0.000379,-0.0,0.0,-0.001663,-0.002654,0.0,-0.0,0.0,-0.000347,0.0,-0.001186,0.0,-0.000873,-0.002671,-0.0,-0.0,-0.00043,0.0,0.0,0.0,-0.0,-0.001581,-0.002369,0.0,-0.001594,-0.001043,-0.002675,-0.002744,0.0,-0.002503,0.0,-0.0021,-0.000168,0.0,-0.000197,-0.003635,-0.002099,-0.00179,-0.001951,-0.002868,-0.000288,-0.000189,-0.000152,0.0,-4e-06,-0.000812,-0.001462,-0.001697
2017-05-27 17:55:00+02:00,0.0,0.0,-0.0,-0.001744,-0.0,0.0,-3.1e-05,-0.000112,-0.000738,-0.0,0.0,0.0,-0.002383,-0.002485,-0.001046,-0.002397,-0.0,0.0,0.0,-0.002253,0.0,-0.002224,-0.000566,0.0,-0.002448,-0.002798,-5.7e-05,0.0,-0.000222,-0.0,0.0,-0.001477,0.0,-0.001776,-0.002405,0.0,-0.000259,-0.000445,0.0,-0.002977,-0.000237,0.0,-0.000669,0.0,-0.0,-0.000764,-0.000144,-0.000342,-0.000388,0.0,0.0,-0.00118,-0.001606,-0.002662,0.0,0.0,-0.0,0.0,0.0,-9.3e-05,-0.000972,-0.002741,-0.001605,0.0,-1e-06,-0.00255,-1.2e-05,-0.000374,0.0,-3e-05,-0.000363,-0.0,0.0,-0.001622,-0.002612,0.0,-0.0,0.0,-0.000312,0.0,-0.001166,0.0,-0.000866,-0.002634,-0.0,-0.0,-0.00041,0.0,0.0,0.0,-0.0,-0.001559,-0.002322,0.0,-0.001578,-0.001025,-0.002647,-0.002718,0.0,-0.002473,0.0,-0.002083,-0.000159,0.0,-0.000179,-0.003578,-0.002054,-0.001763,-0.001934,-0.002844,-0.000266,-0.000184,-0.000143,0.0,-3e-06,-0.000785,-0.00145,-0.001656
2017-05-27 17:56:00+02:00,0.0,0.0,-0.0,-0.001726,-0.0,0.0,-2.8e-05,-0.000103,-0.000715,-0.0,0.0,0.0,-0.002335,-0.002441,-0.001026,-0.002374,-0.0,0.0,0.0,-0.002192,0.0,-0.002164,-0.000536,0.0,-0.002412,-0.002772,-5.2e-05,0.0,-0.000216,-0.0,0.0,-0.001449,0.0,-0.001747,-0.002367,0.0,-0.000247,-0.000416,0.0,-0.002934,-0.00022,0.0,-0.000635,0.0,-0.0,-0.000754,-0.000138,-0.000324,-0.000375,0.0,0.0,-0.001138,-0.001584,-0.002612,0.0,0.0,-0.0,0.0,0.0,-7.5e-05,-0.000935,-0.002703,-0.001589,0.0,-1e-06,-0.002526,-1e-05,-0.000355,0.0,-2.4e-05,-0.000343,-0.0,0.0,-0.001573,-0.002569,0.0,-0.0,0.0,-0.000288,0.0,-0.001145,0.0,-0.000855,-0.002596,-0.0,-0.0,-0.00039,0.0,0.0,0.0,-0.0,-0.001535,-0.002276,0.0,-0.00156,-0.001006,-0.002616,-0.002689,0.0,-0.00244,0.0,-0.002063,-0.000148,0.0,-0.000166,-0.003522,-0.002009,-0.001734,-0.001913,-0.002816,-0.000249,-0.000179,-0.000131,0.0,-2e-06,-0.000747,-0.001434,-0.001616
2017-05-27 17:57:00+02:00,0.0,0.0,-0.0,-0.001716,-0.0,0.0,-2.5e-05,-9.7e-05,-0.000694,-0.0,0.0,0.0,-0.002291,-0.002401,-0.001009,-0.00236,-0.0,0.0,0.0,-0.002146,0.0,-0.002119,-0.000517,0.0,-0.002381,-0.002754,-4.8e-05,0.0,-0.000211,-0.0,0.0,-0.001423,0.0,-0.001722,-0.002333,0.0,-0.00024,-0.000398,0.0,-0.002897,-0.000209,0.0,-0.000613,0.0,-0.0,-0.000751,-0.000133,-0.000309,-0.000363,0.0,0.0,-0.001106,-0.001567,-0.002568,0.0,0.0,-0.0,0.0,0.0,-6.5e-05,-0.000906,-0.002672,-0.001581,0.0,-1e-06,-0.00251,-8e-06,-0.000339,0.0,-2e-05,-0.000328,-0.0,0.0,-0.001534,-0.002531,0.0,-0.0,0.0,-0.000274,0.0,-0.001128,0.0,-0.000852,-0.002564,-0.0,-0.0,-0.000373,0.0,0.0,0.0,-0.0,-0.001516,-0.002235,0.0,-0.001547,-0.000992,-0.002593,-0.002668,0.0,-0.002412,0.0,-0.002051,-0.00014,0.0,-0.000157,-0.003474,-0.001969,-0.001711,-0.001901,-0.002798,-0.000238,-0.000175,-0.000123,0.0,-2e-06,-0.000723,-0.001426,-0.00158
2017-05-27 17:58:00+02:00,0.0,0.0,-0.0,-0.001707,-0.0,0.0,-2.3e-05,-9.1e-05,-0.00067,-0.0,0.0,0.0,-0.002249,-0.002362,-0.000992,-0.002346,-0.0,0.0,0.0,-0.00211,0.0,-0.002084,-0.000499,0.0,-0.002338,-0.002738,-4.4e-05,0.0,-0.000207,-0.0,0.0,-0.001393,0.0,-0.001692,-0.002298,0.0,-0.000233,-0.000382,0.0,-0.002859,-0.000199,0.0,-0.000598,0.0,-0.0,-0.000751,-0.000128,-0.000295,-0.000351,0.0,0.0,-0.001079,-0.001552,-0.002525,0.0,0.0,-0.0,0.0,0.0,-5.5e-05,-0.000881,-0.002637,-0.001574,0.0,-1e-06,-0.002496,-7e-06,-0.000323,0.0,-1.6e-05,-0.000317,-0.0,0.0,-0.001504,-0.002493,0.0,-0.0,0.0,-0.00026,0.0,-0.001111,0.0,-0.000851,-0.00253,-0.0,-0.0,-0.000355,0.0,0.0,0.0,-0.0,-0.001498,-0.002194,0.0,-0.001537,-0.000976,-0.002571,-0.002648,0.0,-0.002376,0.0,-0.002041,-0.000133,0.0,-0.000148,-0.003425,-0.001929,-0.001684,-0.00189,-0.00278,-0.000227,-0.000172,-0.000117,0.0,-2e-06,-0.000705,-0.001421,-0.001544
2017-05-27 17:59:00+02:00,0.0,0.0,-0.0,-0.001668,-0.0,0.0,-1.9e-05,-8.3e-05,-0.000644,-0.0,0.0,0.0,-0.002202,-0.002317,-0.000967,-0.002297,-0.0,0.0,0.0,-0.002078,0.0,-0.002053,-0.000463,0.0,-0.002288,-0.002683,-3.9e-05,0.0,-0.000196,-0.0,0.0,-0.001358,0.0,-0.001657,-0.002257,0.0,-0.000215,-0.000347,0.0,-0.002811,-0.00018,0.0,-0.000576,0.0,-0.0,-0.000723,-0.00012,-0.000282,-0.000336,0.0,0.0,-0.001055,-0.001513,-0.002475,0.0,0.0,-0.0,0.0,0.0,-4.4e-05,-0.000859,-0.002593,-0.001537,0.0,-1e-06,-0.002444,-5e-06,-0.000309,0.0,-1.3e-05,-0.000304,-0.0,0.0,-0.001477,-0.002447,0.0,-0.0,0.0,-0.000228,0.0,-0.001078,0.0,-0.000822,-0.002488,-0.0,-0.0,-0.000336,0.0,0.0,0.0,-0.0,-0.001458,-0.002148,0.0,-0.0015,-0.00095,-0.002514,-0.002592,0.0,-0.002331,0.0,-0.001997,-0.000125,0.0,-0.000133,-0.003368,-0.001884,-0.001649,-0.001847,-0.002724,-0.000208,-0.000162,-0.000108,0.0,-1e-06,-0.000682,-0.001385,-0.001504
2017-05-27 18:00:00+02:00,0.0,0.0,-0.0,-0.001631,-0.0,0.0,-1.6e-05,-7.5e-05,-0.000617,-0.0,0.0,0.0,-0.002149,-0.002265,-0.000937,-0.002249,-0.0,0.0,0.0,-0.002031,0.0,-0.002007,-0.000429,0.0,-0.002234,-0.00263,-3.5e-05,0.0,-0.000186,-0.0,0.0,-0.001321,0.0,-0.001616,-0.002209,0.0,-0.000194,-0.000314,0.0,-0.002756,-0.000163,0.0,-0.000548,0.0,-0.0,-0.000696,-0.000113,-0.000267,-0.00032,0.0,0.0,-0.001023,-0.001476,-0.002421,0.0,0.0,-0.0,0.0,0.0,-3.5e-05,-0.00083,-0.002542,-0.001501,0.0,-0.0,-0.002394,-4e-06,-0.000293,0.0,-1e-05,-0.000287,-0.0,0.0,-0.00144,-0.002396,0.0,-0.0,0.0,-0.000198,0.0,-0.001046,0.0,-0.000795,-0.002438,-0.0,-0.0,-0.000317,0.0,0.0,0.0,-0.0,-0.00142,-0.002097,0.0,-0.001465,-0.000917,-0.002458,-0.002538,0.0,-0.00228,0.0,-0.001955,-0.000117,0.0,-0.000119,-0.003302,-0.001836,-0.001606,-0.001806,-0.002671,-0.00019,-0.000153,-9.8e-05,0.0,-1e-06,-0.000652,-0.00135,-0.001461
2017-05-27 18:01:00+02:00,0.0,0.0,-0.0,-0.001597,-0.0,0.0,-1.3e-05,-6.7e-05,-0.000579,-0.0,0.0,0.0,-0.002065,-0.002178,-0.000867,-0.002205,-0.0,0.0,0.0,-0.002017,0.0,-0.001995,-0.000397,0.0,-0.002132,-0.002581,-3e-05,0.0,-0.000176,-0.0,0.0,-0.001255,0.0,-0.001539,-0.002121,0.0,-0.000155,-0.000283,0.0,-0.002649,-0.000146,0.0,-0.000557,0.0,-0.0,-0.000671,-0.000106,-0.000257,-0.000293,0.0,0.0,-0.001008,-0.001441,-0.00233,0.0,0.0,-0.0,0.0,0.0,-2.8e-05,-0.000816,-0.002439,-0.001468,0.0,-0.0,-0.002348,-3e-06,-0.000282,0.0,-8e-06,-0.000287,-0.0,0.0,-0.001426,-0.002305,0.0,-0.0,0.0,-0.00017,0.0,-0.001016,0.0,-0.00077,-0.002339,-0.0,-0.0,-0.000294,0.0,0.0,0.0,-0.0,-0.001384,-0.002014,0.0,-0.001433,-0.000839,-0.002407,-0.002488,0.0,-0.002178,0.0,-0.001916,-0.000114,0.0,-0.000106,-0.003186,-0.00176,-0.001516,-0.001768,-0.002621,-0.000174,-0.000144,-0.000101,0.0,-1e-06,-0.000659,-0.001318,-0.001395
2017-05-27 18:02:00+02:00,0.0,0.0,-0.0,-0.001562,-0.0,0.0,-1.1e-05,-6.2e-05,-0.000548,-0.0,0.0,0.0,-0.001997,-0.002108,-0.000815,-0.002159,-0.0,0.0,0.0,-0.002033,0.0,-0.002012,-0.000376,0.0,-0.002055,-0.002528,-2.7e-05,0.0,-0.000167,-0.0,0.0,-0.001203,0.0,-0.001479,-0.002051,0.0,-0.000124,-0.000264,0.0,-0.002567,-0.000135,0.0,-0.00058,0.0,-0.0,-0.000649,-0.0001,-0.000252,-0.000272,0.0,0.0,-0.00101,-0.001405,-0.002256,0.0,0.0,-0.0,0.0,0.0,-2.2e-05,-0.000815,-0.002361,-0.001436,0.0,-3e-06,-0.002299,-3e-06,-0.000276,0.0,-6e-06,-0.000294,-0.0,0.0,-0.001433,-0.002232,0.0,-0.0,0.0,-0.000154,0.0,-0.000986,0.0,-0.000746,-0.002265,-0.0,-0.0,-0.000276,0.0,0.0,0.0,-0.0,-0.001347,-0.001947,0.0,-0.0014,-0.000782,-0.002351,-0.002434,0.0,-0.002101,0.0,-0.001876,-0.000114,0.0,-9.8e-05,-0.003096,-0.001699,-0.001448,-0.001729,-0.002566,-0.000163,-0.000136,-0.000108,0.0,-1e-06,-0.000682,-0.001287,-0.001342
2017-05-27 18:03:00+02:00,0.0,0.0,-6e-06,-0.001553,-0.0,0.0,-1e-05,-6e-05,-0.00053,-0.0,0.0,0.0,-0.001954,-0.002066,-0.00079,-0.002143,-0.0,0.0,0.0,-0.002056,0.0,-0.002035,-0.000375,0.0,-0.002024,-0.002509,-2.6e-05,0.0,-0.000163,-0.0,0.0,-0.001176,0.0,-0.001449,-0.002013,0.0,-0.000109,-0.000263,0.0,-0.002525,-0.000133,0.0,-0.000611,0.0,-0.0,-0.000647,-9.6e-05,-0.000248,-0.000259,0.0,0.0,-0.001016,-0.001387,-0.002212,0.0,0.0,-0.0,0.0,0.0,-1.8e-05,-0.000817,-0.002323,-0.001427,0.0,-1.6e-05,-0.002282,-2e-06,-0.000272,0.0,-5e-06,-0.000304,-0.0,0.0,-0.001445,-0.00219,0.0,-0.0,0.0,-0.000156,0.0,-0.000969,0.0,-0.000744,-0.002228,-0.0,-0.0,-0.000263,0.0,0.0,0.0,-0.0,-0.001327,-0.001905,0.0,-0.001387,-0.000759,-0.002329,-0.002413,0.0,-0.002067,0.0,-0.001863,-0.000115,0.0,-9.6e-05,-0.003046,-0.001659,-0.001416,-0.001717,-0.002547,-0.00016,-0.000133,-0.000117,0.0,-0.0,-0.000712,-0.001279,-0.001307
2017-05-27 18:04:00+02:00,0.0,0.0,-5e-06,-0.001532,-0.0,0.0,-9e-06,-5.5e-05,-0.000506,-0.0,0.0,0.0,-0.001899,-0.002011,-0.000752,-0.002116,-0.0,0.0,0.0,-0.002051,0.0,-0.002032,-0.000354,0.0,-0.001971,-0.00248,-2.3e-05,0.0,-0.000157,-0.0,0.0,-0.001138,0.0,-0.001404,-0.001959,0.0,-8.7e-05,-0.000243,0.0,-0.002463,-0.000123,0.0,-0.000618,0.0,-0.0,-0.000633,-9.1e-05,-0.000241,-0.000243,0.0,0.0,-0.001007,-0.001362,-0.002153,0.0,0.0,-0.0,0.0,0.0,-1.4e-05,-0.000808,-0.002264,-0.001408,0.0,-1.3e-05,-0.002254,-2e-06,-0.000264,0.0,-4e-06,-0.000304,-0.0,0.0,-0.001437,-0.002133,0.0,-0.0,0.0,-0.000139,0.0,-0.000947,0.0,-0.000729,-0.002173,-0.0,-0.0,-0.000249,0.0,0.0,0.0,-0.0,-0.001302,-0.001851,0.0,-0.001365,-0.000718,-0.002296,-0.002383,0.0,-0.002011,0.0,-0.001839,-0.000112,0.0,-8.7e-05,-0.002975,-0.001609,-0.001367,-0.001693,-0.002517,-0.000149,-0.000128,-0.000118,0.0,-0.0,-0.000718,-0.00126,-0.001264
2017-05-27 18:05:00+02:00,0.0,0.0,-4e-06,-0.001506,-0.0,0.0,-7e-06,-5e-05,-0.000483,-0.0,0.0,0.0,-0.001846,-0.001957,-0.000715,-0.002082,-0.0,0.0,0.0,-0.002029,0.0,-0.00201,-0.000328,0.0,-0.001918,-0.002444,-2.1e-05,0.0,-0.000149,-0.0,0.0,-0.0011,0.0,-0.001361,-0.001907,0.0,-6.9e-05,-0.000218,0.0,-0.002404,-0.00011,0.0,-0.000608,0.0,-0.0,-0.000613,-8.7e-05,-0.000232,-0.000228,0.0,0.0,-0.000989,-0.001334,-0.002096,0.0,0.0,-0.0,0.0,0.0,-1.2e-05,-0.000791,-0.002208,-0.001382,0.0,-1e-05,-0.002219,-1e-06,-0.000254,0.0,-3e-06,-0.000296,-0.0,0.0,-0.001416,-0.002078,0.0,-0.0,0.0,-0.000116,0.0,-0.000922,0.0,-0.000709,-0.002119,-0.0,-0.0,-0.000236,0.0,0.0,0.0,-0.0,-0.001273,-0.0018,0.0,-0.001338,-0.000678,-0.002258,-0.002346,0.0,-0.001957,0.0,-0.001809,-0.000108,0.0,-7.8e-05,-0.002908,-0.001561,-0.001319,-0.001663,-0.00248,-0.000136,-0.000121,-0.000115,0.0,-0.0,-0.000707,-0.001235,-0.001222
2017-05-27 18:06:00+02:00,0.0,0.0,-3e-06,-0.001463,-0.0,0.0,-6e-06,-4.3e-05,-0.00046,-0.0,0.0,0.0,-0.001786,-0.001896,-0.000668,-0.002032,-0.0,0.0,0.0,-0.001992,0.0,-0.001975,-0.000287,0.0,-0.001856,-0.002392,-1.7e-05,0.0,-0.000138,-0.0,0.0,-0.001056,0.0,-0.001308,-0.001847,0.0,-5.6e-05,-0.00018,0.0,-0.002334,-9.1e-05,0.0,-0.000583,0.0,-0.0,-0.000575,-8.2e-05,-0.000222,-0.000211,0.0,0.0,-0.000963,-0.001295,-0.002032,0.0,0.0,-0.0,0.0,0.0,-9e-06,-0.000768,-0.002141,-0.001339,0.0,-8e-06,-0.002169,-1e-06,-0.000244,0.0,-3e-06,-0.000282,-0.0,0.0,-0.001384,-0.002014,0.0,-0.0,0.0,-9.3e-05,0.0,-0.000892,0.0,-0.000672,-0.002056,-0.0,-0.0,-0.000224,0.0,0.0,0.0,-0.0,-0.001236,-0.001742,0.0,-0.001297,-0.000624,-0.002206,-0.002295,0.0,-0.001891,0.0,-0.001762,-0.000102,0.0,-6.3e-05,-0.002831,-0.001508,-0.00126,-0.001617,-0.002428,-0.000117,-0.000111,-0.000106,0.0,-0.0,-0.00068,-0.001192,-0.001178
2017-05-27 18:07:00+02:00,0.0,0.0,-2e-06,-0.001478,-0.0,0.0,-5e-06,-4.1e-05,-0.000446,-0.0,0.0,0.0,-0.001755,-0.001867,-0.000655,-0.002046,-0.0,0.0,0.0,-0.001992,0.0,-0.001976,-0.000286,0.0,-0.001834,-0.002406,-1.6e-05,0.0,-0.000139,-0.0,0.0,-0.001035,0.0,-0.001287,-0.00182,0.0,-4.4e-05,-0.000179,0.0,-0.002308,-8.9e-05,0.0,-0.000594,0.0,-0.0,-0.000591,-8e-05,-0.000217,-0.000203,0.0,0.0,-0.000956,-0.001296,-0.002,0.0,0.0,-0.0,0.0,0.0,-7e-06,-0.00076,-0.002118,-0.001354,0.0,-8e-06,-0.002182,-1e-06,-0.000238,0.0,-2e-06,-0.000283,-0.0,0.0,-0.001379,-0.001986,0.0,-0.0,0.0,-9e-05,0.0,-0.000887,0.0,-0.000687,-0.002034,-0.0,-0.0,-0.000216,0.0,0.0,0.0,-0.0,-0.001234,-0.001712,0.0,-0.001304,-0.000613,-0.002213,-0.002305,0.0,-0.001868,0.0,-0.001776,-0.0001,0.0,-6.2e-05,-0.002798,-0.001479,-0.001241,-0.001629,-0.002441,-0.000115,-0.000112,-0.000108,0.0,-0.0,-0.00069,-0.001207,-0.001152
2017-05-27 18:08:00+02:00,0.0,0.0,-2e-06,-0.001464,-0.0,0.0,-4e-06,-3.8e-05,-0.00043,-0.0,0.0,0.0,-0.00172,-0.001833,-0.000636,-0.002029,-0.0,0.0,0.0,-0.001969,0.0,-0.001954,-0.000269,0.0,-0.001808,-0.002389,-1.4e-05,0.0,-0.000134,-0.0,0.0,-0.001012,0.0,-0.001262,-0.001789,0.0,-3.6e-05,-0.000163,0.0,-0.002274,-8.1e-05,0.0,-0.000586,0.0,-0.0,-0.000582,-7.7e-05,-0.000208,-0.000194,0.0,0.0,-0.000937,-0.001278,-0.001964,0.0,0.0,-0.0,0.0,0.0,-6e-06,-0.000743,-0.002087,-0.001341,0.0,-7e-06,-0.002165,-1e-06,-0.000229,0.0,-2e-06,-0.000277,-0.0,0.0,-0.001358,-0.001952,0.0,-0.0,0.0,-7.3e-05,0.0,-0.000871,0.0,-0.000678,-0.002004,-0.0,-0.0,-0.000205,0.0,0.0,0.0,-0.0,-0.001215,-0.001678,0.0,-0.001288,-0.000594,-0.002193,-0.002286,0.0,-0.001839,0.0,-0.00176,-9.6e-05,0.0,-5.6e-05,-0.002758,-0.001447,-0.001216,-0.001612,-0.002424,-0.000106,-0.000107,-0.000105,0.0,-0.0,-0.000681,-0.001194,-0.001123
2017-05-27 18:09:00+02:00,0.0,0.0,-2e-06,-0.001441,-0.0,0.0,-3e-06,-3.4e-05,-0.000415,-0.0,0.0,0.0,-0.001685,-0.001799,-0.000616,-0.002001,-0.0,0.0,0.0,-0.001937,0.0,-0.001923,-0.000243,0.0,-0.001784,-0.00236,-1.2e-05,0.0,-0.000127,-0.0,0.0,-0.00099,0.0,-0.001237,-0.001757,0.0,-2.8e-05,-0.000139,0.0,-0.002238,-7e-05,0.0,-0.00057,0.0,-0.0,-0.000564,-7.3e-05,-0.000199,-0.000184,0.0,0.0,-0.000914,-0.001254,-0.001926,0.0,0.0,-0.0,0.0,0.0,-5e-06,-0.000723,-0.002055,-0.001318,0.0,-5e-06,-0.002137,-1e-06,-0.000219,0.0,-1e-06,-0.000267,-0.0,0.0,-0.001331,-0.001918,0.0,-0.0,0.0,-5.9e-05,0.0,-0.00085,0.0,-0.00066,-0.001974,-0.0,-0.0,-0.000195,0.0,0.0,0.0,-0.0,-0.001191,-0.001643,0.0,-0.001265,-0.000573,-0.002161,-0.002256,0.0,-0.001811,0.0,-0.001735,-9.1e-05,0.0,-4.7e-05,-0.002716,-0.001414,-0.00119,-0.001587,-0.002394,-9.5e-05,-0.000102,-9.9e-05,0.0,-0.0,-0.000663,-0.001172,-0.001093
2017-05-27 18:10:00+02:00,0.0,0.0,-1e-06,-0.001423,-0.0,0.0,-2e-06,-2.9e-05,-0.000399,-0.0,0.0,0.0,-0.001646,-0.00176,-0.000593,-0.001978,-0.0,0.0,0.0,-0.001901,0.0,-0.001888,-0.000214,0.0,-0.001754,-0.002335,-1e-05,0.0,-0.000121,-0.0,0.0,-0.000965,0.0,-0.001209,-0.001721,0.0,-2.3e-05,-0.000113,0.0,-0.002197,-5.7e-05,0.0,-0.000548,0.0,-0.0,-0.00055,-6.9e-05,-0.000189,-0.000174,0.0,0.0,-0.00089,-0.001233,-0.001886,0.0,0.0,-0.0,0.0,0.0,-4e-06,-0.000701,-0.002017,-0.001301,0.0,-4e-06,-0.002114,-0.0,-0.000208,0.0,-1e-06,-0.000254,-0.0,0.0,-0.001301,-0.001879,0.0,-0.0,0.0,-4.7e-05,0.0,-0.000831,0.0,-0.000646,-0.001938,-0.0,-0.0,-0.000186,0.0,0.0,0.0,-0.0,-0.00117,-0.001605,0.0,-0.001246,-0.000547,-0.002133,-0.00223,0.0,-0.001778,0.0,-0.001714,-8.6e-05,0.0,-3.8e-05,-0.002668,-0.001378,-0.001159,-0.001566,-0.002368,-8.1e-05,-9.7e-05,-9.2e-05,0.0,-0.0,-0.00064,-0.001154,-0.001062
2017-05-27 18:11:00+02:00,0.0,0.0,-1e-06,-0.001404,-0.0,0.0,-2e-06,-2.5e-05,-0.000384,-0.0,0.0,0.0,-0.00161,-0.001725,-0.000572,-0.001954,-0.0,0.0,0.0,-0.001862,0.0,-0.00185,-0.000191,0.0,-0.001728,-0.00231,-8e-06,0.0,-0.000116,-0.0,0.0,-0.000942,0.0,-0.001184,-0.001688,0.0,-1.8e-05,-9.2e-05,0.0,-0.00216,-4.7e-05,0.0,-0.000525,0.0,-0.0,-0.000535,-6.6e-05,-0.00018,-0.000165,0.0,0.0,-0.000864,-0.001212,-0.001848,0.0,0.0,-0.0,0.0,0.0,-3e-06,-0.000678,-0.001984,-0.001282,0.0,-3e-06,-0.002089,-0.0,-0.000198,0.0,-1e-06,-0.000242,-0.0,0.0,-0.00127,-0.001843,0.0,-0.0,0.0,-3.7e-05,0.0,-0.000812,0.0,-0.000631,-0.001907,-0.0,-0.0,-0.000177,0.0,0.0,0.0,-0.0,-0.001148,-0.001571,0.0,-0.001226,-0.000526,-0.002105,-0.002204,0.0,-0.001748,0.0,-0.001692,-8.1e-05,0.0,-3e-05,-0.002626,-0.001345,-0.001132,-0.001544,-0.002342,-7.1e-05,-9.2e-05,-8.4e-05,0.0,-0.0,-0.000615,-0.001135,-0.001033
2017-05-27 18:12:00+02:00,0.0,0.0,-1e-06,-0.001399,-0.0,0.0,-2e-06,-2.3e-05,-0.000372,-0.0,0.0,0.0,-0.001583,-0.001699,-0.00056,-0.001947,-0.0,0.0,0.0,-0.001829,0.0,-0.001818,-0.000176,0.0,-0.001712,-0.002302,-7e-06,0.0,-0.000112,-0.0,0.0,-0.000925,0.0,-0.001166,-0.001665,0.0,-1.5e-05,-7.9e-05,0.0,-0.002136,-4.1e-05,0.0,-0.000506,0.0,-0.0,-0.000532,-6.4e-05,-0.000171,-0.000159,0.0,0.0,-0.00084,-0.0012,-0.00182,0.0,0.0,-0.0,0.0,0.0,-2e-06,-0.000658,-0.001962,-0.001277,0.0,-3e-06,-0.002081,-0.0,-0.000189,0.0,-1e-06,-0.000231,-0.0,0.0,-0.001242,-0.001818,0.0,-0.0,0.0,-3e-05,0.0,-0.000799,0.0,-0.000628,-0.001887,-0.0,-0.0,-0.00017,0.0,0.0,0.0,-0.0,-0.001134,-0.001544,0.0,-0.001217,-0.000514,-0.002093,-0.002193,0.0,-0.001729,0.0,-0.001686,-7.6e-05,0.0,-2.6e-05,-0.002597,-0.00132,-0.001115,-0.001536,-0.002333,-6.4e-05,-8.9e-05,-7.8e-05,0.0,-0.0,-0.000595,-0.00113,-0.00101
2017-05-27 18:13:00+02:00,0.0,0.0,-1e-06,-0.001396,-0.0,0.0,-1e-06,-2.1e-05,-0.000358,-0.0,0.0,0.0,-0.001551,-0.001668,-0.000544,-0.001942,-0.0,0.0,0.0,-0.001804,0.0,-0.001793,-0.000165,0.0,-0.001687,-0.002296,-6e-06,0.0,-0.000109,-0.0,0.0,-0.000904,0.0,-0.001143,-0.001636,0.0,-1.2e-05,-7e-05,0.0,-0.002105,-3.6e-05,0.0,-0.000495,0.0,-0.0,-0.000531,-6.2e-05,-0.000164,-0.000151,0.0,0.0,-0.000822,-0.00119,-0.001786,0.0,0.0,-0.0,0.0,0.0,-2e-06,-0.000641,-0.001934,-0.001274,0.0,-2e-06,-0.002076,-0.0,-0.000181,0.0,-1e-06,-0.000223,-0.0,0.0,-0.00122,-0.001787,0.0,-0.0,0.0,-2.4e-05,0.0,-0.000788,0.0,-0.000626,-0.00186,-0.0,-0.0,-0.000163,0.0,0.0,0.0,-0.0,-0.001122,-0.001513,0.0,-0.00121,-0.000498,-0.002083,-0.002185,0.0,-0.001702,0.0,-0.001682,-7.2e-05,0.0,-2.2e-05,-0.002559,-0.00129,-0.001093,-0.001531,-0.002327,-5.9e-05,-8.7e-05,-7.4e-05,0.0,-0.0,-0.000582,-0.001127,-0.000984
2017-05-27 18:14:00+02:00,0.0,0.0,-1e-06,-0.001382,-0.0,0.0,-1e-06,-1.9e-05,-0.000337,-0.0,0.0,0.0,-0.0015,-0.001617,-0.000512,-0.001925,-0.0,0.0,0.0,-0.001775,0.0,-0.001766,-0.000154,0.0,-0.001626,-0.002278,-5e-06,0.0,-0.000105,-0.0,0.0,-0.000865,0.0,-0.001099,-0.001586,0.0,-9e-06,-5.9e-05,0.0,-0.002045,-3.1e-05,0.0,-0.000481,0.0,-0.0,-0.000519,-5.9e-05,-0.000156,-0.00014,0.0,0.0,-0.000801,-0.001173,-0.001731,0.0,0.0,-0.0,0.0,0.0,-2e-06,-0.000623,-0.001877,-0.00126,0.0,-2e-06,-0.002059,-0.0,-0.000172,0.0,-0.0,-0.000215,-0.0,0.0,-0.001196,-0.001733,0.0,-0.0,0.0,-1.9e-05,0.0,-0.000772,0.0,-0.000614,-0.001807,-0.0,-0.0,-0.000153,0.0,0.0,0.0,-0.0,-0.001104,-0.001464,0.0,-0.001195,-0.000462,-0.002062,-0.002165,0.0,-0.001643,0.0,-0.001666,-6.8e-05,0.0,-1.9e-05,-0.002489,-0.001245,-0.001048,-0.001515,-0.002308,-5.4e-05,-8.3e-05,-7e-05,0.0,-0.0,-0.000567,-0.001113,-0.000947
2017-05-27 18:15:00+02:00,0.0,0.0,-0.0,-0.00136,-0.0,0.0,-1e-06,-1.6e-05,-0.000314,-0.0,0.0,0.0,-0.001431,-0.001545,-0.000468,-0.001899,-0.0,0.0,0.0,-0.001746,0.0,-0.001737,-0.000135,0.0,-0.001551,-0.002251,-4e-06,0.0,-9.9e-05,-0.0,0.0,-0.000819,0.0,-0.001044,-0.001518,0.0,-7e-06,-4.8e-05,0.0,-0.001961,-2.5e-05,0.0,-0.000465,0.0,-0.0,-0.0005,-5.6e-05,-0.000148,-0.000127,0.0,0.0,-0.000781,-0.001151,-0.001655,0.0,0.0,-0.0,0.0,0.0,-1e-06,-0.000605,-0.001798,-0.001237,0.0,-1e-06,-0.002032,-0.0,-0.000163,0.0,-0.0,-0.000206,-0.0,0.0,-0.001171,-0.001659,0.0,-0.0,0.0,-1.5e-05,0.0,-0.000753,0.0,-0.000595,-0.001731,-0.0,-0.0,-0.000143,0.0,0.0,0.0,-0.0,-0.001081,-0.001397,0.0,-0.001173,-0.000411,-0.002032,-0.002137,0.0,-0.001566,0.0,-0.001642,-6.4e-05,0.0,-1.5e-05,-0.002388,-0.001186,-0.000986,-0.00149,-0.00228,-4.6e-05,-7.7e-05,-6.4e-05,0.0,-0.0,-0.000549,-0.00109,-0.000898
2017-05-27 18:16:00+02:00,0.0,0.0,-0.0,-0.001323,-0.0,0.0,-1e-06,-1.4e-05,-0.000298,-0.0,0.0,0.0,-0.001389,-0.001504,-0.000446,-0.001863,-0.0,0.0,0.0,-0.001757,0.0,-0.00175,-0.000122,0.0,-0.001508,-0.002214,-3e-06,0.0,-9e-05,-0.0,0.0,-0.00079,0.0,-0.001011,-0.001478,0.0,-6e-06,-3.8e-05,0.0,-0.001915,-2e-05,0.0,-0.000489,0.0,-0.0,-0.000462,-5.2e-05,-0.000144,-0.000119,0.0,0.0,-0.00078,-0.001123,-0.00161,0.0,0.0,-0.0,0.0,0.0,-1e-06,-0.000602,-0.001755,-0.0012,0.0,-1e-06,-0.001996,-0.0,-0.000159,0.0,-0.0,-0.000212,-0.0,0.0,-0.001175,-0.001616,0.0,-0.0,0.0,-1.2e-05,0.0,-0.00073,0.0,-0.000556,-0.00169,-0.0,-0.0,-0.000135,0.0,0.0,0.0,-0.0,-0.001054,-0.001356,0.0,-0.001141,-0.000385,-0.001994,-0.0021,0.0,-0.001523,0.0,-0.001605,-6.4e-05,0.0,-1.2e-05,-0.002332,-0.001148,-0.000953,-0.001453,-0.002242,-4e-05,-6.9e-05,-6.9e-05,0.0,-0.0,-0.000573,-0.001051,-0.000867
2017-05-27 18:17:00+02:00,0.0,0.0,-0.0,-0.001279,-0.0,0.0,-1e-06,-1.2e-05,-0.000286,-0.0,0.0,0.0,-0.001363,-0.001478,-0.000432,-0.001815,-0.0,0.0,0.0,-0.001758,0.0,-0.001753,-0.000105,0.0,-0.001482,-0.002163,-2e-06,0.0,-8.1e-05,-0.0,0.0,-0.00077,0.0,-0.00099,-0.001454,0.0,-5e-06,-3e-05,0.0,-0.001889,-1.6e-05,0.0,-0.000504,0.0,-0.0,-0.000419,-4.8e-05,-0.00014,-0.000113,0.0,0.0,-0.000775,-0.001088,-0.001582,0.0,0.0,-0.0,0.0,0.0,-1e-06,-0.000596,-0.001731,-0.001154,0.0,-1e-06,-0.001946,-0.0,-0.000155,0.0,-0.0,-0.000215,-0.0,0.0,-0.001171,-0.00159,0.0,-0.0,0.0,-1e-05,0.0,-0.000704,0.0,-0.000513,-0.001668,-0.0,-0.0,-0.000131,0.0,0.0,0.0,-0.0,-0.001021,-0.001331,0.0,-0.001101,-0.000372,-0.001945,-0.00205,0.0,-0.001497,0.0,-0.001557,-6.3e-05,0.0,-1e-05,-0.002303,-0.001124,-0.000934,-0.001405,-0.002191,-3.3e-05,-6.1e-05,-7.1e-05,0.0,-0.0,-0.000588,-0.001005,-0.000845
2017-05-27 18:18:00+02:00,0.0,0.0,-0.0,-0.001232,-0.0,0.0,-0.0,-1e-05,-0.000275,-0.0,0.0,0.0,-0.001335,-0.00145,-0.000417,-0.001762,-0.0,0.0,0.0,-0.001752,0.0,-0.001747,-8.6e-05,0.0,-0.001455,-0.002107,-2e-06,0.0,-7.2e-05,-0.0,0.0,-0.000749,0.0,-0.000967,-0.001427,0.0,-4e-06,-2.4e-05,0.0,-0.001861,-1.3e-05,0.0,-0.000508,0.0,-0.0,-0.000376,-4.5e-05,-0.000137,-0.000107,0.0,0.0,-0.000765,-0.00105,-0.001553,0.0,0.0,-0.0,0.0,0.0,-1e-06,-0.000587,-0.001706,-0.001107,0.0,-1e-06,-0.001891,-0.0,-0.000151,0.0,-0.0,-0.000214,-0.0,0.0,-0.001161,-0.001562,0.0,-0.0,0.0,-8e-06,0.0,-0.000676,0.0,-0.00047,-0.001644,-0.0,-0.0,-0.000128,0.0,0.0,0.0,-0.0,-0.000986,-0.001304,0.0,-0.001059,-0.000357,-0.001892,-0.001996,0.0,-0.00147,0.0,-0.001507,-6.2e-05,0.0,-8e-06,-0.002272,-0.001099,-0.000914,-0.001356,-0.002135,-2.6e-05,-5.3e-05,-7e-05,0.0,-0.0,-0.000592,-0.000958,-0.000824
2017-05-27 18:19:00+02:00,0.0,0.0,-0.0,-0.001212,-0.0,0.0,-0.0,-9e-06,-0.00027,-0.0,0.0,0.0,-0.001328,-0.001446,-0.000424,-0.001738,-0.0,0.0,0.0,-0.001762,0.0,-0.001758,-8.6e-05,0.0,-0.001467,-0.00208,-2e-06,0.0,-6.7e-05,-0.0,0.0,-0.000746,0.0,-0.000968,-0.001426,0.0,-3e-06,-1.9e-05,0.0,-0.001867,-1.1e-05,0.0,-0.000527,0.0,-0.0,-0.00036,-4.4e-05,-0.000135,-0.000107,0.0,0.0,-0.000763,-0.001028,-0.001548,0.0,0.0,-0.0,0.0,0.0,-1e-06,-0.000583,-0.001713,-0.001087,0.0,-1e-06,-0.001865,-0.0,-0.000149,0.0,-0.0,-0.000218,-0.0,0.0,-0.001162,-0.00156,0.0,-0.0,0.0,-6e-06,0.0,-0.000658,0.0,-0.000454,-0.001652,-0.0,-0.0,-0.000127,0.0,0.0,0.0,-0.0,-0.000964,-0.001298,0.0,-0.001037,-0.000369,-0.001864,-0.001969,0.0,-0.00148,0.0,-0.001484,-6.3e-05,0.0,-6e-06,-0.002277,-0.001091,-0.000922,-0.001333,-0.002108,-2.5e-05,-4.9e-05,-7.4e-05,0.0,-0.0,-0.000611,-0.000938,-0.000815
2017-05-27 18:20:00+02:00,0.0,0.0,-0.0,-0.001185,-0.0,0.0,-0.0,-8e-06,-0.000263,-0.0,0.0,0.0,-0.001311,-0.00143,-0.00042,-0.001705,-0.0,0.0,0.0,-0.001755,0.0,-0.001752,-7.9e-05,0.0,-0.001462,-0.002044,-1e-06,0.0,-6.2e-05,-0.0,0.0,-0.000736,0.0,-0.000958,-0.001412,0.0,-2e-06,-1.6e-05,0.0,-0.001855,-8e-06,0.0,-0.000532,0.0,-0.0,-0.000337,-4.2e-05,-0.000131,-0.000103,0.0,0.0,-0.000754,-0.001002,-0.00153,0.0,0.0,-0.0,0.0,0.0,-0.0,-0.000574,-0.001704,-0.00106,0.0,-0.0,-0.001831,-0.0,-0.000145,0.0,-0.0,-0.000217,-0.0,0.0,-0.001152,-0.001545,0.0,-0.0,0.0,-5e-06,0.0,-0.000638,0.0,-0.000431,-0.001643,-0.0,-0.0,-0.000125,0.0,0.0,0.0,-0.0,-0.000938,-0.001281,0.0,-0.001011,-0.000367,-0.001828,-0.001933,0.0,-0.001472,0.0,-0.001454,-6.1e-05,0.0,-5e-06,-0.002263,-0.001074,-0.000916,-0.001304,-0.002071,-2.2e-05,-4.5e-05,-7.4e-05,0.0,-0.0,-0.000616,-0.000912,-0.0008
2017-05-27 18:21:00+02:00,0.0,0.0,-0.0,-0.001164,-0.0,0.0,-0.0,-7e-06,-0.000252,-0.0,0.0,0.0,-0.001286,-0.001405,-0.000409,-0.001677,-0.0,0.0,0.0,-0.001745,0.0,-0.001744,-6.7e-05,0.0,-0.001443,-0.002013,-1e-06,0.0,-5.8e-05,-0.0,0.0,-0.000719,0.0,-0.00094,-0.001389,0.0,-2e-06,-1.2e-05,0.0,-0.001829,-7e-06,0.0,-0.000535,0.0,-0.0,-0.000321,-4e-05,-0.000126,-9.8e-05,0.0,0.0,-0.000743,-0.00098,-0.001504,0.0,0.0,-0.0,0.0,0.0,-0.0,-0.000564,-0.001681,-0.001039,0.0,-0.0,-0.001801,-0.0,-0.000139,0.0,-0.0,-0.000215,-0.0,0.0,-0.001141,-0.00152,0.0,-0.0,0.0,-4e-06,0.0,-0.00062,0.0,-0.000414,-0.001621,-0.0,-0.0,-0.00012,0.0,0.0,0.0,-0.0,-0.000915,-0.001256,0.0,-0.00099,-0.000356,-0.001796,-0.001901,0.0,-0.00145,0.0,-0.001429,-5.9e-05,0.0,-4e-06,-0.002233,-0.00105,-0.000899,-0.001279,-0.002039,-1.8e-05,-4.1e-05,-7.4e-05,0.0,-0.0,-0.000618,-0.000891,-0.000779
2017-05-27 18:22:00+02:00,0.0,0.0,-0.0,-0.001127,-0.0,0.0,-0.0,-6e-06,-0.000239,-0.0,0.0,0.0,-0.001246,-0.001363,-0.000385,-0.001634,-0.0,0.0,0.0,-0.001722,0.0,-0.001721,-5.4e-05,0.0,-0.001405,-0.001966,-1e-06,0.0,-5.2e-05,-0.0,0.0,-0.000692,0.0,-0.000908,-0.001347,0.0,-2e-06,-1e-05,0.0,-0.001779,-5e-06,0.0,-0.000525,0.0,-0.0,-0.000291,-3.7e-05,-0.000121,-9.1e-05,0.0,0.0,-0.000727,-0.000949,-0.00146,0.0,0.0,-0.0,0.0,0.0,-0.0,-0.000549,-0.001634,-0.001003,0.0,-0.0,-0.001756,-0.0,-0.000133,0.0,-0.0,-0.000208,-0.0,0.0,-0.001121,-0.001476,0.0,-0.0,0.0,-3e-06,0.0,-0.000596,0.0,-0.000384,-0.001577,-0.0,-0.0,-0.000115,0.0,0.0,0.0,-0.0,-0.000885,-0.001217,0.0,-0.000957,-0.000328,-0.001751,-0.001855,0.0,-0.001408,0.0,-0.001388,-5.7e-05,0.0,-3e-06,-0.002178,-0.001015,-0.000864,-0.00124,-0.001991,-1.4e-05,-3.6e-05,-7.1e-05,0.0,-0.0,-0.000606,-0.000856,-0.00075
2017-05-27 18:23:00+02:00,0.0,0.0,-0.0,-0.001115,-0.0,0.0,-0.0,-5e-06,-0.00023,-0.0,0.0,0.0,-0.001219,-0.001337,-0.000374,-0.001617,-0.0,0.0,0.0,-0.001706,0.0,-0.001707,-5.6e-05,0.0,-0.001386,-0.001946,-1e-06,0.0,-4.9e-05,-0.0,0.0,-0.000676,0.0,-0.00089,-0.001323,0.0,-1e-06,-8e-06,0.0,-0.001752,-4e-06,0.0,-0.000523,0.0,-0.0,-0.000285,-3.6e-05,-0.000116,-8.6e-05,0.0,0.0,-0.000713,-0.000933,-0.001432,0.0,0.0,-0.0,0.0,0.0,-0.0,-0.000537,-0.00161,-0.000992,0.0,-0.0,-0.001738,-0.0,-0.000127,0.0,-0.0,-0.000205,-0.0,0.0,-0.001107,-0.001449,0.0,-0.0,0.0,-3e-06,0.0,-0.000582,0.0,-0.000377,-0.001554,-0.0,-0.0,-0.000111,0.0,0.0,0.0,-0.0,-0.000868,-0.001191,0.0,-0.000944,-0.000317,-0.001728,-0.001833,0.0,-0.001386,0.0,-0.001374,-5.5e-05,0.0,-2e-06,-0.002145,-0.00099,-0.000847,-0.001225,-0.00197,-1.4e-05,-3.4e-05,-6.9e-05,0.0,-0.0,-0.000604,-0.000845,-0.000728
2017-05-27 18:24:00+02:00,0.0,0.0,-0.0,-0.001106,-0.0,0.0,-0.0,-5e-06,-0.000219,-0.0,0.0,0.0,-0.00119,-0.001308,-0.000362,-0.001602,-0.0,0.0,0.0,-0.001691,0.0,-0.001692,-6.2e-05,0.0,-0.001363,-0.001928,-1e-06,0.0,-4.7e-05,-0.0,0.0,-0.000658,0.0,-0.00087,-0.001297,0.0,-1e-06,-6e-06,0.0,-0.001721,-4e-06,0.0,-0.000521,0.0,-0.0,-0.000282,-3.5e-05,-0.00011,-8.2e-05,0.0,0.0,-0.0007,-0.000918,-0.001401,0.0,0.0,-0.0,0.0,0.0,-0.0,-0.000524,-0.001582,-0.000984,0.0,-0.0,-0.001722,-0.0,-0.000121,0.0,-0.0,-0.000201,-0.0,0.0,-0.001093,-0.001421,0.0,-0.0,0.0,-2e-06,0.0,-0.000568,0.0,-0.000374,-0.001528,-0.0,-0.0,-0.000106,0.0,0.0,0.0,-0.0,-0.000852,-0.001163,0.0,-0.000933,-0.000305,-0.001708,-0.001814,0.0,-0.001361,0.0,-0.001362,-5.2e-05,0.0,-2e-06,-0.002106,-0.000964,-0.000828,-0.001213,-0.001952,-1.5e-05,-3.2e-05,-6.8e-05,0.0,-0.0,-0.0006,-0.000838,-0.000706
2017-05-27 18:25:00+02:00,0.0,0.0,-0.0,-0.001097,-0.0,0.0,-0.0,-6e-06,-0.000209,-0.0,0.0,0.0,-0.001164,-0.001283,-0.000353,-0.001588,-0.0,0.0,0.0,-0.001664,0.0,-0.001667,-6.6e-05,0.0,-0.001344,-0.00191,-0.0,0.0,-4.5e-05,-0.0,0.0,-0.000642,0.0,-0.000853,-0.001274,0.0,-1e-06,-5e-06,0.0,-0.001695,-3e-06,0.0,-0.000508,0.0,-0.0,-0.000278,-3.3e-05,-0.000104,-7.7e-05,0.0,0.0,-0.000682,-0.000904,-0.001373,0.0,0.0,-0.0,0.0,0.0,-0.0,-0.000509,-0.001559,-0.000975,0.0,-0.0,-0.001706,-0.0,-0.000115,0.0,-0.0,-0.000194,-0.0,0.0,-0.001071,-0.001396,0.0,-0.0,0.0,-2e-06,0.0,-0.000555,0.0,-0.00037,-0.001506,-0.0,-0.0,-0.000102,0.0,0.0,0.0,-0.0,-0.000836,-0.001137,0.0,-0.000922,-0.000296,-0.001688,-0.001795,0.0,-0.00134,0.0,-0.00135,-4.9e-05,0.0,-2e-06,-0.002073,-0.000939,-0.000812,-0.001202,-0.001933,-1.6e-05,-3e-05,-6.4e-05,0.0,-0.0,-0.000587,-0.00083,-0.000685
2017-05-27 18:26:00+02:00,0.0,0.0,-0.0,-0.001072,-0.0,0.0,-0.0,-5e-06,-0.000199,-0.0,0.0,0.0,-0.001132,-0.001251,-0.000336,-0.001557,-0.0,0.0,0.0,-0.001621,0.0,-0.001623,-6.2e-05,0.0,-0.001316,-0.001877,-0.0,0.0,-4.1e-05,-0.0,0.0,-0.000622,0.0,-0.00083,-0.001244,0.0,-1e-06,-4e-06,0.0,-0.001659,-2e-06,0.0,-0.000482,0.0,-0.0,-0.000259,-3.2e-05,-9.8e-05,-7.2e-05,0.0,0.0,-0.000657,-0.000881,-0.001339,0.0,0.0,-0.0,0.0,0.0,-0.0,-0.000488,-0.001526,-0.000951,0.0,-0.0,-0.001674,-0.0,-0.000108,0.0,-0.0,-0.000182,-0.0,0.0,-0.001038,-0.001363,0.0,-0.0,0.0,-1e-06,0.0,-0.000537,0.0,-0.00035,-0.001475,-0.0,-0.0,-9.9e-05,0.0,0.0,0.0,-0.0,-0.000813,-0.001107,0.0,-0.000899,-0.000278,-0.001655,-0.001762,0.0,-0.00131,0.0,-0.001322,-4.6e-05,0.0,-1e-06,-0.002031,-0.000912,-0.000788,-0.001174,-0.001899,-1.4e-05,-2.7e-05,-5.8e-05,0.0,-0.0,-0.000559,-0.000806,-0.000662
2017-05-27 18:27:00+02:00,0.0,0.0,-0.0,-0.001047,-0.0,0.0,-0.0,-4e-06,-0.00019,-0.0,0.0,0.0,-0.001102,-0.00122,-0.00032,-0.001527,-0.0,0.0,0.0,-0.001576,0.0,-0.001579,-5.6e-05,0.0,-0.001289,-0.001845,-0.0,0.0,-3.7e-05,-0.0,0.0,-0.000602,0.0,-0.000807,-0.001214,0.0,-1e-06,-3e-06,0.0,-0.001625,-2e-06,0.0,-0.000454,0.0,-0.0,-0.000239,-3e-05,-9.3e-05,-6.8e-05,0.0,0.0,-0.000631,-0.000858,-0.001306,0.0,0.0,-0.0,0.0,0.0,-0.0,-0.000467,-0.001494,-0.000926,0.0,-0.0,-0.001643,-0.0,-0.000102,0.0,-0.0,-0.00017,-0.0,0.0,-0.001004,-0.001331,0.0,-0.0,0.0,-1e-06,0.0,-0.000519,0.0,-0.000329,-0.001445,-0.0,-0.0,-9.6e-05,0.0,0.0,0.0,-0.0,-0.000791,-0.001077,0.0,-0.000876,-0.000259,-0.001623,-0.00173,0.0,-0.00128,0.0,-0.001294,-4.2e-05,0.0,-1e-06,-0.001991,-0.000885,-0.000764,-0.001147,-0.001866,-1.2e-05,-2.4e-05,-5.1e-05,0.0,-0.0,-0.000529,-0.000782,-0.00064
2017-05-27 18:28:00+02:00,0.0,0.0,-0.0,-0.001038,-0.0,0.0,-0.0,-4e-06,-0.000182,-0.0,0.0,0.0,-0.001081,-0.0012,-0.000313,-0.001515,-0.0,0.0,0.0,-0.001544,0.0,-0.001547,-5.6e-05,0.0,-0.001276,-0.001831,-0.0,0.0,-3.5e-05,-0.0,0.0,-0.000589,0.0,-0.000794,-0.001196,0.0,-0.0,-3e-06,0.0,-0.001606,-1e-06,0.0,-0.000437,0.0,-0.0,-0.000232,-3e-05,-8.8e-05,-6.5e-05,0.0,0.0,-0.000611,-0.000845,-0.001285,0.0,0.0,-0.0,0.0,0.0,-0.0,-0.00045,-0.001478,-0.000917,0.0,-0.0,-0.001631,-0.0,-9.7e-05,0.0,-0.0,-0.000162,-0.0,0.0,-0.000979,-0.001311,0.0,-0.0,0.0,-1e-06,0.0,-0.000508,0.0,-0.000323,-0.001429,-0.0,-0.0,-9.5e-05,0.0,0.0,0.0,-0.0,-0.000777,-0.001057,0.0,-0.000864,-0.000252,-0.001608,-0.001714,0.0,-0.001265,0.0,-0.001283,-4e-05,0.0,-1e-06,-0.001968,-0.000866,-0.000753,-0.001136,-0.001852,-1.2e-05,-2.2e-05,-4.7e-05,0.0,-0.0,-0.000511,-0.000773,-0.000623
2017-05-27 18:29:00+02:00,0.0,0.0,-0.0,-0.001041,-0.0,0.0,-0.0,-4e-06,-0.000177,-0.0,0.0,0.0,-0.001066,-0.001185,-0.000308,-0.001519,-0.0,0.0,0.0,-0.00152,0.0,-0.001524,-5.5e-05,0.0,-0.001269,-0.001834,-0.0,0.0,-3.5e-05,-0.0,0.0,-0.00058,0.0,-0.000784,-0.001183,0.0,-0.0,-2e-06,0.0,-0.001594,-1e-06,0.0,-0.000425,0.0,-0.0,-0.000236,-3e-05,-8.5e-05,-6.2e-05,0.0,0.0,-0.000595,-0.000841,-0.001269,0.0,0.0,-0.0,0.0,0.0,-0.0,-0.000436,-0.001468,-0.00092,0.0,-0.0,-0.001635,-0.0,-9.4e-05,0.0,-0.0,-0.000156,-0.0,0.0,-0.000958,-0.001297,0.0,-0.0,0.0,-1e-06,0.0,-0.000501,0.0,-0.000326,-0.00142,-0.0,-0.0,-9.5e-05,0.0,0.0,0.0,-0.0,-0.00077,-0.001042,0.0,-0.000863,-0.000249,-0.001607,-0.001715,0.0,-0.001256,0.0,-0.001287,-3.8e-05,0.0,-1e-06,-0.001954,-0.000851,-0.000745,-0.001137,-0.001855,-1.1e-05,-2.2e-05,-4.4e-05,0.0,-0.0,-0.000498,-0.000775,-0.00061
2017-05-27 18:30:00+02:00,0.0,0.0,-0.0,-0.001041,-0.0,0.0,-0.0,-4e-06,-0.000172,-0.0,0.0,0.0,-0.001048,-0.001168,-0.000302,-0.001518,-0.0,0.0,0.0,-0.001485,0.0,-0.00149,-5.6e-05,0.0,-0.00126,-0.001833,-0.0,0.0,-3.4e-05,-0.0,0.0,-0.000569,0.0,-0.000773,-0.001168,0.0,-0.0,-2e-06,0.0,-0.00158,-1e-06,0.0,-0.000408,0.0,-0.0,-0.000237,-3.1e-05,-8.1e-05,-6e-05,0.0,0.0,-0.000574,-0.000834,-0.00125,0.0,0.0,-0.0,0.0,0.0,-0.0,-0.00042,-0.001455,-0.00092,0.0,-0.0,-0.001635,-0.0,-9e-05,0.0,-0.0,-0.000148,-0.0,0.0,-0.000931,-0.00128,0.0,-0.0,0.0,-1e-06,0.0,-0.000494,0.0,-0.000327,-0.001409,-0.0,-0.0,-9.6e-05,0.0,0.0,0.0,-0.0,-0.000762,-0.001025,0.0,-0.000858,-0.000244,-0.001602,-0.001712,0.0,-0.001245,0.0,-0.001286,-3.6e-05,0.0,-1e-06,-0.001937,-0.000835,-0.000736,-0.001136,-0.001852,-1.1e-05,-2.2e-05,-4e-05,0.0,-0.0,-0.000479,-0.000775,-0.000596
2017-05-27 18:31:00+02:00,0.0,0.0,-0.0,-0.001116,-0.0,0.0,-0.0,-5e-06,-0.000182,-0.0,0.0,0.0,-0.001133,-0.001266,-0.000395,-0.001601,-0.0,0.0,0.0,-0.001355,0.0,-0.001358,-7.3e-05,0.0,-0.001388,-0.001915,-1e-06,0.0,-4.1e-05,-0.0,0.0,-0.000619,0.0,-0.000855,-0.001272,0.0,-5.5e-05,-1.2e-05,0.0,-0.00173,-4e-06,0.0,-0.000365,0.0,-0.0,-0.000308,-3.5e-05,-7.3e-05,-7.3e-05,0.0,0.0,-0.000521,-0.000871,-0.001354,0.0,0.0,-0.0,0.0,0.0,-0.0,-0.000379,-0.001604,-0.000995,0.0,-0.0,-0.001718,-0.0,-8.1e-05,0.0,-0.0,-0.000132,-0.0,0.0,-0.000846,-0.00139,0.0,-0.0,0.0,-0.0,0.0,-0.000512,0.0,-0.000399,-0.001553,-0.0,-0.0,-0.000106,0.0,0.0,0.0,-0.0,-0.000788,-0.00111,0.0,-0.00091,-0.00037,-0.001667,-0.001783,0.0,-0.00138,0.0,-0.001366,-3.2e-05,0.0,-2e-06,-0.002114,-0.000899,-0.000859,-0.001208,-0.001932,-1.6e-05,-2.9e-05,-3.2e-05,0.0,-0.0,-0.000433,-0.00085,-0.000638
2017-05-27 18:32:00+02:00,0.0,0.0,-0.0,-0.001144,-0.0,0.0,-0.0,-4e-06,-0.000185,-0.0,0.0,0.0,-0.001174,-0.001316,-0.000445,-0.001634,-0.0,0.0,0.0,-0.00123,0.0,-0.001232,-6.2e-05,0.0,-0.001454,-0.001946,-1e-06,0.0,-4.3e-05,-0.0,0.0,-0.000642,0.0,-0.000895,-0.001325,0.0,-7.4e-05,-9e-06,0.0,-0.001808,-3e-06,0.0,-0.000307,0.0,-0.0,-0.000336,-3.7e-05,-6.5e-05,-7.9e-05,0.0,0.0,-0.000469,-0.000882,-0.001407,0.0,0.0,-0.0,0.0,0.0,-0.0,-0.00034,-0.001683,-0.001024,0.0,-0.0,-0.001751,-0.0,-7.2e-05,0.0,-0.0,-0.000112,-0.0,0.0,-0.000765,-0.001447,0.0,-0.0,0.0,-0.0,0.0,-0.000514,0.0,-0.000427,-0.001629,-0.0,-0.0,-0.000111,0.0,0.0,0.0,-0.0,-0.000792,-0.001152,0.0,-0.000928,-0.000439,-0.001689,-0.001809,0.0,-0.00145,0.0,-0.001397,-2.8e-05,0.0,-2e-06,-0.00221,-0.000928,-0.000924,-0.001235,-0.001961,-1.3e-05,-3.1e-05,-2.5e-05,0.0,-0.0,-0.000372,-0.000878,-0.000656
2017-05-27 18:33:00+02:00,0.0,0.0,-0.0,-0.001166,-0.0,0.0,-0.0,-3e-06,-0.000184,-0.0,0.0,0.0,-0.001199,-0.001347,-0.00048,-0.001657,-0.0,0.0,0.0,-0.001131,0.0,-0.001131,-5e-05,0.0,-0.001501,-0.001967,-0.0,0.0,-4.4e-05,-0.0,0.0,-0.000655,0.0,-0.000922,-0.00136,0.0,-8.4e-05,-7e-06,0.0,-0.001861,-3e-06,0.0,-0.000265,0.0,-0.0,-0.000358,-3.8e-05,-5.8e-05,-8.1e-05,0.0,0.0,-0.000427,-0.000888,-0.00144,0.0,0.0,-0.0,0.0,0.0,-0.0,-0.000308,-0.001736,-0.001046,0.0,-0.0,-0.001774,-0.0,-6.5e-05,0.0,-0.0,-9.7e-05,-0.0,0.0,-0.0007,-0.001484,0.0,-0.0,0.0,-0.0,0.0,-0.000512,0.0,-0.000449,-0.001681,-0.0,-0.0,-0.000113,0.0,0.0,0.0,-0.0,-0.000792,-0.001178,0.0,-0.00094,-0.000487,-0.001703,-0.001825,0.0,-0.001497,0.0,-0.001419,-2.4e-05,0.0,-2e-06,-0.002274,-0.000945,-0.000968,-0.001255,-0.001981,-1e-05,-3.2e-05,-2e-05,0.0,-0.0,-0.000327,-0.000899,-0.000664
2017-05-27 18:34:00+02:00,0.0,0.0,-0.0,-0.001177,-0.0,0.0,-0.0,-3e-06,-0.00018,-0.0,0.0,0.0,-0.001208,-0.001361,-0.000501,-0.001668,-0.0,0.0,0.0,-0.001044,0.0,-0.001044,-4e-05,0.0,-0.001527,-0.001976,-0.0,0.0,-4.4e-05,-0.0,0.0,-0.000659,0.0,-0.000935,-0.001377,0.0,-8.7e-05,-6e-06,0.0,-0.001889,-2e-06,0.0,-0.000227,0.0,-0.0,-0.000372,-3.8e-05,-5.2e-05,-8.2e-05,0.0,0.0,-0.00039,-0.000887,-0.001455,0.0,0.0,-0.0,0.0,0.0,-0.0,-0.00028,-0.001765,-0.001058,0.0,-0.0,-0.001784,-0.0,-5.8e-05,0.0,-0.0,-8.4e-05,-0.0,0.0,-0.000643,-0.001502,0.0,-0.0,0.0,-0.0,0.0,-0.000507,0.0,-0.000462,-0.00171,-0.0,-0.0,-0.000114,0.0,0.0,0.0,-0.0,-0.000788,-0.001188,0.0,-0.000945,-0.000518,-0.001706,-0.00183,0.0,-0.001524,0.0,-0.00143,-2.1e-05,0.0,-1e-06,-0.002308,-0.000949,-0.000993,-0.001264,-0.001989,-8e-06,-3.3e-05,-1.6e-05,0.0,-0.0,-0.000286,-0.000911,-0.000663
2017-05-27 18:35:00+02:00,0.0,0.0,-0.0,-0.001173,-0.0,0.0,-0.0,-2e-06,-0.000175,-0.0,0.0,0.0,-0.001204,-0.00136,-0.000509,-0.001663,-0.0,0.0,0.0,-0.000963,0.0,-0.000962,-3.2e-05,0.0,-0.001535,-0.001967,-0.0,0.0,-4.2e-05,-0.0,0.0,-0.000655,0.0,-0.000936,-0.001378,0.0,-8e-05,-5e-06,0.0,-0.001894,-2e-06,0.0,-0.000184,0.0,-0.0,-0.000371,-3.7e-05,-4.6e-05,-8e-05,0.0,0.0,-0.000356,-0.000878,-0.001453,0.0,0.0,-0.0,0.0,0.0,-0.0,-0.000254,-0.001773,-0.001054,0.0,-0.0,-0.001778,-0.0,-5.2e-05,0.0,-0.0,-7e-05,-0.0,0.0,-0.00059,-0.001503,0.0,-0.0,0.0,-0.0,0.0,-0.000497,0.0,-0.000461,-0.001718,-0.0,-0.0,-0.000112,0.0,0.0,0.0,-0.0,-0.000776,-0.001184,0.0,-0.000939,-0.000529,-0.001694,-0.001819,0.0,-0.00153,0.0,-0.001425,-1.7e-05,0.0,-1e-06,-0.002316,-0.000942,-0.001001,-0.001258,-0.001979,-7e-06,-3.1e-05,-1.3e-05,0.0,-0.0,-0.000242,-0.000908,-0.000655
2017-05-27 18:36:00+02:00,0.0,0.0,-0.0,-0.001162,-0.0,0.0,-0.0,-2e-06,-0.000168,-0.0,0.0,0.0,-0.00119,-0.001348,-0.000508,-0.001648,-0.0,0.0,0.0,-0.000895,0.0,-0.000893,-2.5e-05,0.0,-0.00153,-0.00195,-0.0,0.0,-4e-05,-0.0,0.0,-0.000645,0.0,-0.000928,-0.001368,0.0,-6.9e-05,-4e-06,0.0,-0.001886,-1e-06,0.0,-0.000147,0.0,-0.0,-0.000364,-3.6e-05,-4.1e-05,-7.8e-05,0.0,0.0,-0.000326,-0.000864,-0.001441,0.0,0.0,-0.0,0.0,0.0,-0.0,-0.000231,-0.001766,-0.001043,0.0,-0.0,-0.001763,-0.0,-4.7e-05,0.0,-0.0,-5.8e-05,-0.0,0.0,-0.000545,-0.001492,0.0,-0.0,0.0,-0.0,0.0,-0.000485,0.0,-0.000454,-0.001712,-0.0,-0.0,-0.000111,0.0,0.0,0.0,-0.0,-0.000761,-0.001172,0.0,-0.000927,-0.00053,-0.001675,-0.001801,0.0,-0.001524,0.0,-0.001412,-1.5e-05,0.0,-1e-06,-0.002307,-0.000928,-0.000997,-0.001244,-0.001961,-5e-06,-3e-05,-1e-05,0.0,-0.0,-0.000203,-0.000897,-0.000642
2017-05-27 18:37:00+02:00,0.0,0.0,-0.0,-0.00114,-0.0,0.0,-0.0,-1e-06,-0.000161,-0.0,0.0,0.0,-0.001167,-0.001325,-0.000497,-0.001622,-0.0,0.0,0.0,-0.000827,0.0,-0.000824,-2e-05,0.0,-0.00151,-0.001921,-0.0,0.0,-3.7e-05,-0.0,0.0,-0.00063,0.0,-0.00091,-0.001345,0.0,-5.5e-05,-3e-06,0.0,-0.00186,-1e-06,0.0,-0.000118,0.0,-0.0,-0.000349,-3.5e-05,-3.7e-05,-7.4e-05,0.0,0.0,-0.000296,-0.000844,-0.001416,0.0,0.0,-0.0,0.0,0.0,-0.0,-0.000209,-0.001742,-0.001022,0.0,-0.0,-0.001735,-0.0,-4.2e-05,0.0,-0.0,-4.6e-05,-0.0,0.0,-0.0005,-0.001468,0.0,-0.0,0.0,-0.0,0.0,-0.00047,0.0,-0.000438,-0.001689,-0.0,-0.0,-0.000109,0.0,0.0,0.0,-0.0,-0.000741,-0.00115,0.0,-0.000906,-0.000519,-0.001646,-0.001771,0.0,-0.001502,0.0,-0.001387,-1.2e-05,0.0,-1e-06,-0.002279,-0.000907,-0.00098,-0.00122,-0.001931,-4e-06,-2.8e-05,-8e-06,0.0,-0.0,-0.000163,-0.000877,-0.000624
2017-05-27 18:38:00+02:00,0.0,0.0,-0.0,-0.001101,-0.0,0.0,-0.0,-1e-06,-0.000153,-0.0,0.0,0.0,-0.001139,-0.001296,-0.000481,-0.001574,-0.0,0.0,0.0,-0.000769,0.0,-0.000765,-1.6e-05,0.0,-0.001482,-0.001866,-0.0,0.0,-3.4e-05,-0.0,0.0,-0.000611,0.0,-0.000888,-0.001316,0.0,-4.4e-05,-2e-06,0.0,-0.001826,-1e-06,0.0,-9.4e-05,0.0,-0.0,-0.000319,-3.3e-05,-3.3e-05,-7e-05,0.0,0.0,-0.000271,-0.000814,-0.001386,0.0,0.0,-0.0,0.0,0.0,-0.0,-0.00019,-0.00171,-0.000983,0.0,-0.0,-0.001685,-0.0,-3.8e-05,0.0,-0.0,-3.7e-05,-0.0,0.0,-0.000461,-0.001439,0.0,-0.0,0.0,-0.0,0.0,-0.000449,0.0,-0.000407,-0.001659,-0.0,-0.0,-0.000106,0.0,0.0,0.0,-0.0,-0.000712,-0.001123,0.0,-0.000873,-0.0005,-0.001595,-0.001717,0.0,-0.001472,0.0,-0.001343,-1e-05,0.0,-0.0,-0.002241,-0.000883,-0.000956,-0.001178,-0.001875,-3e-06,-2.4e-05,-7e-06,0.0,-0.0,-0.00013,-0.00084,-0.000604
2017-05-27 18:39:00+02:00,0.0,0.0,-0.0,-0.001057,-0.0,0.0,-0.0,-1e-06,-0.000146,-0.0,0.0,0.0,-0.00111,-0.001265,-0.000462,-0.00152,-0.0,0.0,0.0,-0.000703,0.0,-0.000698,-1.3e-05,0.0,-0.001451,-0.001805,-0.0,0.0,-3e-05,-0.0,0.0,-0.000591,0.0,-0.000863,-0.001284,0.0,-3.5e-05,-2e-06,0.0,-0.001787,-1e-06,0.0,-7.5e-05,0.0,-0.0,-0.000285,-3.1e-05,-2.9e-05,-6.6e-05,0.0,0.0,-0.000243,-0.00078,-0.001353,0.0,0.0,-0.0,0.0,0.0,-0.0,-0.00017,-0.001674,-0.000941,0.0,-0.0,-0.001629,-0.0,-3.4e-05,0.0,-0.0,-2.9e-05,-0.0,0.0,-0.000418,-0.001405,0.0,-0.0,0.0,-0.0,0.0,-0.000427,0.0,-0.000373,-0.001625,-0.0,-0.0,-0.000105,0.0,0.0,0.0,-0.0,-0.000682,-0.001094,0.0,-0.000836,-0.000477,-0.00154,-0.001659,0.0,-0.001438,0.0,-0.001294,-8e-06,0.0,-0.0,-0.0022,-0.000857,-0.000929,-0.001133,-0.001813,-3e-06,-2.1e-05,-5e-06,0.0,-0.0,-0.000104,-0.000799,-0.000584
2017-05-27 18:40:00+02:00,0.0,0.0,-0.0,-0.00103,-0.0,0.0,-0.0,-1e-06,-0.00014,-0.0,0.0,0.0,-0.001081,-0.001235,-0.000445,-0.001487,-0.0,0.0,0.0,-0.000655,0.0,-0.000649,-1e-05,0.0,-0.001423,-0.001767,-0.0,0.0,-2.7e-05,-0.0,0.0,-0.000573,0.0,-0.00084,-0.001255,0.0,-2.8e-05,-2e-06,0.0,-0.001752,-1e-06,0.0,-6e-05,0.0,-0.0,-0.000266,-3e-05,-2.6e-05,-6.3e-05,0.0,0.0,-0.000222,-0.000757,-0.001322,0.0,0.0,-0.0,0.0,0.0,-0.0,-0.000154,-0.001641,-0.000915,0.0,-0.0,-0.001594,-0.0,-3.1e-05,0.0,-0.0,-2.4e-05,-0.0,0.0,-0.000386,-0.001374,0.0,-0.0,0.0,-0.0,0.0,-0.000411,0.0,-0.000353,-0.001594,-0.0,-0.0,-0.000104,0.0,0.0,0.0,-0.0,-0.00066,-0.001066,0.0,-0.000812,-0.000457,-0.001505,-0.001622,0.0,-0.001408,0.0,-0.001263,-6e-06,0.0,-0.0,-0.002161,-0.000833,-0.000905,-0.001103,-0.001775,-2e-06,-1.9e-05,-4e-06,0.0,-0.0,-8.3e-05,-0.000774,-0.000564
2017-05-27 18:41:00+02:00,0.0,0.0,-0.0,-0.001006,-0.0,0.0,-0.0,-1e-06,-0.000133,-0.0,0.0,0.0,-0.001056,-0.00121,-0.000433,-0.001457,-0.0,0.0,0.0,-0.000607,0.0,-0.000601,-8e-06,0.0,-0.001401,-0.001734,-0.0,0.0,-2.5e-05,-0.0,0.0,-0.000556,0.0,-0.000821,-0.00123,0.0,-2.3e-05,-1e-06,0.0,-0.001724,-0.0,0.0,-4.8e-05,0.0,-0.0,-0.000249,-2.9e-05,-2.4e-05,-5.9e-05,0.0,0.0,-0.000201,-0.000736,-0.001295,0.0,0.0,-0.0,0.0,0.0,-0.0,-0.000139,-0.001615,-0.000891,0.0,-0.0,-0.001564,-0.0,-2.7e-05,0.0,-0.0,-1.9e-05,-0.0,0.0,-0.000355,-0.001347,0.0,-0.0,0.0,-0.0,0.0,-0.000396,0.0,-0.000335,-0.001569,-0.0,-0.0,-0.000102,0.0,0.0,0.0,-0.0,-0.000639,-0.001042,0.0,-0.000791,-0.000443,-0.001473,-0.00159,0.0,-0.001383,0.0,-0.001236,-5e-06,0.0,-0.0,-0.002128,-0.000811,-0.000886,-0.001077,-0.001741,-2e-06,-1.7e-05,-3e-06,0.0,-0.0,-6.7e-05,-0.000751,-0.000546
2017-05-27 18:42:00+02:00,0.0,0.0,-0.0,-0.000977,-0.0,0.0,-0.0,-0.0,-0.000127,-0.0,0.0,0.0,-0.001031,-0.001183,-0.000419,-0.001423,-0.0,0.0,0.0,-0.000547,0.0,-0.00054,-7e-06,0.0,-0.001377,-0.001697,-0.0,0.0,-2.2e-05,-0.0,0.0,-0.00054,0.0,-0.000801,-0.001205,0.0,-1.8e-05,-1e-06,0.0,-0.001693,-0.0,0.0,-3.9e-05,0.0,-0.0,-0.000226,-2.8e-05,-2e-05,-5.6e-05,0.0,0.0,-0.000176,-0.000713,-0.001267,0.0,0.0,-0.0,0.0,0.0,-0.0,-0.000121,-0.001587,-0.000863,0.0,-0.0,-0.001528,-0.0,-2.4e-05,0.0,-0.0,-1.5e-05,-0.0,0.0,-0.000316,-0.00132,0.0,-0.0,0.0,-0.0,0.0,-0.00038,0.0,-0.000312,-0.001542,-0.0,-0.0,-0.0001,0.0,0.0,0.0,-0.0,-0.000618,-0.001017,0.0,-0.000766,-0.000427,-0.001438,-0.001554,0.0,-0.001357,0.0,-0.001204,-4e-06,0.0,-0.0,-0.002094,-0.000788,-0.000865,-0.001047,-0.001703,-1e-06,-1.5e-05,-3e-06,0.0,-0.0,-5.3e-05,-0.000724,-0.000528
2017-05-27 18:43:00+02:00,0.0,0.0,-0.0,-0.000956,-0.0,0.0,-0.0,-0.0,-0.000119,-0.0,0.0,0.0,-0.000987,-0.001135,-0.000392,-0.001396,-0.0,0.0,0.0,-0.000505,0.0,-0.000497,-5e-06,0.0,-0.001329,-0.001667,-0.0,0.0,-2e-05,-0.0,0.0,-0.000514,0.0,-0.000766,-0.001156,0.0,-1.4e-05,-1e-06,0.0,-0.001631,-0.0,0.0,-3.1e-05,0.0,-0.0,-0.00021,-2.7e-05,-1.8e-05,-5.2e-05,0.0,0.0,-0.000159,-0.000694,-0.001217,0.0,0.0,-0.0,0.0,0.0,-0.0,-0.000108,-0.001529,-0.000842,0.0,-0.0,-0.0015,-0.0,-2.2e-05,0.0,-0.0,-1.2e-05,-0.0,0.0,-0.000289,-0.001267,0.0,-0.0,0.0,-0.0,0.0,-0.000366,0.0,-0.000295,-0.001487,-0.0,-0.0,-9.8e-05,0.0,0.0,0.0,-0.0,-0.000599,-0.000974,0.0,-0.000746,-0.000393,-0.00141,-0.001524,0.0,-0.001306,0.0,-0.001179,-3e-06,0.0,-0.0,-0.002022,-0.000752,-0.000824,-0.001023,-0.001673,-1e-06,-1.3e-05,-2e-06,0.0,-0.0,-4.3e-05,-0.000703,-0.000501
2017-05-27 18:44:00+02:00,0.0,0.0,-0.0,-0.000937,-0.0,0.0,-0.0,-0.0,-0.000112,-0.0,0.0,0.0,-0.000944,-0.001087,-0.000366,-0.001373,-0.0,0.0,0.0,-0.000477,0.0,-0.000469,-4e-06,0.0,-0.001283,-0.001642,-0.0,0.0,-1.9e-05,-0.0,0.0,-0.00049,0.0,-0.000733,-0.001109,0.0,-1.2e-05,-1e-06,0.0,-0.00157,-0.0,0.0,-2.5e-05,0.0,-0.0,-0.000198,-2.7e-05,-1.6e-05,-4.8e-05,0.0,0.0,-0.000146,-0.000676,-0.001167,0.0,0.0,-0.0,0.0,0.0,-0.0,-9.9e-05,-0.001472,-0.000824,0.0,-0.0,-0.001476,-0.0,-2e-05,0.0,-0.0,-1e-05,-0.0,0.0,-0.00027,-0.001215,0.0,-0.0,0.0,-0.0,0.0,-0.000354,0.0,-0.000282,-0.001432,-0.0,-0.0,-9.5e-05,0.0,0.0,0.0,-0.0,-0.000583,-0.000932,0.0,-0.000729,-0.000361,-0.001386,-0.001499,0.0,-0.001257,0.0,-0.001159,-3e-06,0.0,-0.0,-0.00195,-0.000717,-0.000785,-0.001003,-0.001647,-1e-06,-1.2e-05,-2e-06,0.0,-0.0,-3.4e-05,-0.000687,-0.000475
2017-05-27 18:45:00+02:00,0.0,0.0,-0.0,-0.000909,-0.0,0.0,-0.0,-0.0,-0.000105,-0.0,0.0,0.0,-0.000901,-0.00104,-0.000338,-0.001339,-0.0,0.0,0.0,-0.000448,0.0,-0.00044,-3e-06,0.0,-0.001234,-0.001606,-0.0,0.0,-1.7e-05,-0.0,0.0,-0.000465,0.0,-0.000699,-0.001063,0.0,-9e-06,-1e-06,0.0,-0.001509,-0.0,0.0,-2e-05,0.0,-0.0,-0.000176,-2.5e-05,-1.5e-05,-4.3e-05,0.0,0.0,-0.000134,-0.000654,-0.001118,0.0,0.0,-0.0,0.0,0.0,-0.0,-9e-05,-0.001415,-0.000796,0.0,-0.0,-0.001442,-0.0,-1.8e-05,0.0,-0.0,-8e-06,-0.0,0.0,-0.000251,-0.001164,0.0,-0.0,0.0,-0.0,0.0,-0.000339,0.0,-0.00026,-0.001377,-0.0,-0.0,-9.1e-05,0.0,0.0,0.0,-0.0,-0.000562,-0.00089,0.0,-0.000705,-0.000326,-0.001352,-0.001465,0.0,-0.001206,0.0,-0.001127,-2e-06,0.0,-0.0,-0.001878,-0.000683,-0.000744,-0.000973,-0.001611,-1e-06,-1e-05,-1e-06,0.0,-0.0,-2.7e-05,-0.00066,-0.00045
2017-05-27 18:46:00+02:00,0.0,0.0,-0.0,-0.000865,-0.0,0.0,-0.0,-0.0,-0.000102,-0.0,0.0,0.0,-0.000896,-0.00104,-0.000355,-0.001276,-0.0,0.0,0.0,-0.000359,0.0,-0.000352,-3e-06,0.0,-0.001251,-0.00154,-0.0,0.0,-1.5e-05,-0.0,0.0,-0.000464,0.0,-0.000705,-0.001068,0.0,-7e-06,-0.0,0.0,-0.001523,-0.0,0.0,-1.6e-05,0.0,-0.0,-0.000154,-2.4e-05,-1.2e-05,-4.3e-05,0.0,0.0,-0.000107,-0.000619,-0.001115,0.0,0.0,-0.0,0.0,0.0,-0.0,-7.2e-05,-0.001432,-0.000756,0.0,-0.0,-0.001378,-0.0,-1.5e-05,0.0,-0.0,-6e-06,-0.0,0.0,-0.000201,-0.001167,0.0,-0.0,0.0,-0.0,0.0,-0.000318,0.0,-0.000236,-0.001394,-0.0,-0.0,-9.2e-05,0.0,0.0,0.0,-0.0,-0.000532,-0.000886,0.0,-0.000668,-0.000352,-0.001295,-0.001404,0.0,-0.001222,0.0,-0.001074,-2e-06,0.0,-0.0,-0.001887,-0.000676,-0.000763,-0.000925,-0.001546,-1e-06,-8e-06,-1e-06,0.0,-0.0,-2.2e-05,-0.000624,-0.000443
2017-05-27 18:47:00+02:00,0.0,0.0,-0.0,-0.000832,-0.0,0.0,-0.0,-0.0,-9.9e-05,-0.0,0.0,0.0,-0.000885,-0.001032,-0.000363,-0.001228,-0.0,0.0,0.0,-0.000287,0.0,-0.000282,-2e-06,0.0,-0.001255,-0.001491,-0.0,0.0,-1.3e-05,-0.0,0.0,-0.000458,0.0,-0.000703,-0.001065,0.0,-6e-06,-0.0,0.0,-0.001525,-0.0,0.0,-1.3e-05,0.0,-0.0,-0.000138,-2.3e-05,-9e-06,-4.3e-05,0.0,0.0,-8.6e-05,-0.00059,-0.001105,0.0,0.0,-0.0,0.0,0.0,-0.0,-5.8e-05,-0.001437,-0.000725,0.0,-0.0,-0.001329,-0.0,-1.2e-05,0.0,-0.0,-5e-06,-0.0,0.0,-0.000161,-0.001163,0.0,-0.0,0.0,-0.0,0.0,-0.0003,0.0,-0.000219,-0.001399,-0.0,-0.0,-9.1e-05,0.0,0.0,0.0,-0.0,-0.000508,-0.000876,0.0,-0.00064,-0.000367,-0.001252,-0.001358,0.0,-0.001226,0.0,-0.001033,-1e-06,0.0,-0.0,-0.001882,-0.000665,-0.000771,-0.000889,-0.001498,-0.0,-6e-06,-1e-06,0.0,-0.0,-1.7e-05,-0.000596,-0.000433
2017-05-27 18:48:00+02:00,0.0,0.0,-0.0,-0.000807,-0.0,0.0,-0.0,-0.0,-9.5e-05,-0.0,0.0,0.0,-0.000866,-0.001014,-0.000359,-0.001192,-0.0,0.0,0.0,-0.000229,0.0,-0.000225,-2e-06,0.0,-0.001242,-0.001454,-0.0,0.0,-1.2e-05,-0.0,0.0,-0.000447,0.0,-0.000692,-0.001049,0.0,-5e-06,-0.0,0.0,-0.001508,-0.0,0.0,-1e-05,0.0,-0.0,-0.000127,-2.2e-05,-8e-06,-4.1e-05,0.0,0.0,-6.9e-05,-0.000568,-0.001084,0.0,0.0,-0.0,0.0,0.0,-0.0,-4.6e-05,-0.001422,-0.000703,0.0,-0.0,-0.001293,-0.0,-9e-06,0.0,-0.0,-4e-06,-0.0,0.0,-0.000129,-0.001145,0.0,-0.0,0.0,-0.0,0.0,-0.000286,0.0,-0.000206,-0.001386,-0.0,-0.0,-9e-05,0.0,0.0,0.0,-0.0,-0.000488,-0.000857,0.0,-0.000619,-0.000366,-0.001218,-0.001323,0.0,-0.001213,0.0,-0.001003,-1e-06,0.0,-0.0,-0.001858,-0.000647,-0.000763,-0.000862,-0.001461,-0.0,-5e-06,-1e-06,0.0,-0.0,-1.4e-05,-0.000576,-0.000419
2017-05-27 18:49:00+02:00,0.0,0.0,-0.0,-0.000785,-0.0,0.0,-0.0,-0.0,-9.1e-05,-0.0,0.0,0.0,-0.000848,-0.000997,-0.000357,-0.001158,-0.0,0.0,0.0,-0.000184,0.0,-0.00018,-1e-06,0.0,-0.001229,-0.001419,-0.0,0.0,-1e-05,-0.0,0.0,-0.000436,0.0,-0.000681,-0.001034,0.0,-4e-06,-0.0,0.0,-0.001493,-0.0,0.0,-8e-06,0.0,-0.0,-0.000116,-2.1e-05,-6e-06,-4e-05,0.0,0.0,-5.5e-05,-0.000547,-0.001065,0.0,0.0,-0.0,0.0,0.0,-0.0,-3.7e-05,-0.00141,-0.000682,0.0,-0.0,-0.001258,-0.0,-7e-06,0.0,-0.0,-3e-06,-0.0,0.0,-0.000103,-0.001128,0.0,-0.0,0.0,-0.0,0.0,-0.000272,0.0,-0.000194,-0.001374,-0.0,-0.0,-9e-05,0.0,0.0,0.0,-0.0,-0.000469,-0.000839,0.0,-0.000598,-0.000367,-0.001186,-0.001289,0.0,-0.0012,0.0,-0.000976,-1e-06,0.0,-0.0,-0.001837,-0.000631,-0.000758,-0.000837,-0.001425,-0.0,-5e-06,-1e-06,0.0,-0.0,-1.1e-05,-0.000557,-0.000406
2017-05-27 18:50:00+02:00,0.0,0.0,-0.0,-0.000759,-0.0,0.0,-0.0,-0.0,-8.7e-05,-0.0,0.0,0.0,-0.000826,-0.000975,-0.000351,-0.001122,-0.0,0.0,0.0,-0.000147,0.0,-0.000144,-1e-06,0.0,-0.001208,-0.001381,-0.0,0.0,-9e-06,-0.0,0.0,-0.000423,0.0,-0.000665,-0.001014,0.0,-3e-06,-0.0,0.0,-0.00147,-0.0,0.0,-6e-06,0.0,-0.0,-0.000101,-2e-05,-5e-06,-3.8e-05,0.0,0.0,-4.4e-05,-0.000525,-0.001041,0.0,0.0,-0.0,0.0,0.0,-0.0,-3e-05,-0.001389,-0.000658,0.0,-0.0,-0.001222,-0.0,-6e-06,0.0,-0.0,-3e-06,-0.0,0.0,-8.2e-05,-0.001106,0.0,-0.0,0.0,-0.0,0.0,-0.000259,0.0,-0.000178,-0.001354,-0.0,-0.0,-8.8e-05,0.0,0.0,0.0,-0.0,-0.00045,-0.000818,0.0,-0.000577,-0.000361,-0.001152,-0.001254,0.0,-0.00118,0.0,-0.000945,-1e-06,0.0,-0.0,-0.001807,-0.000612,-0.000745,-0.000809,-0.001388,-0.0,-4e-06,-0.0,0.0,-0.0,-9e-06,-0.000535,-0.000391
2017-05-27 18:51:00+02:00,0.0,0.0,-0.0,-0.000733,-0.0,0.0,-0.0,-0.0,-8.3e-05,-0.0,0.0,0.0,-0.000802,-0.000951,-0.000342,-0.001086,-0.0,0.0,0.0,-0.000118,0.0,-0.000115,-1e-06,0.0,-0.001185,-0.001342,-0.0,0.0,-8e-06,-0.0,0.0,-0.000409,0.0,-0.000648,-0.000992,0.0,-2e-06,-0.0,0.0,-0.001442,-0.0,0.0,-5e-06,0.0,-0.0,-8.5e-05,-1.9e-05,-4e-06,-3.6e-05,0.0,0.0,-3.5e-05,-0.000503,-0.001014,0.0,0.0,-0.0,0.0,0.0,-0.0,-2.4e-05,-0.001365,-0.000633,0.0,-0.0,-0.001184,-0.0,-5e-06,0.0,-0.0,-2e-06,-0.0,0.0,-6.6e-05,-0.001082,0.0,-0.0,0.0,-0.0,0.0,-0.000245,0.0,-0.000161,-0.001331,-0.0,-0.0,-8.6e-05,0.0,0.0,0.0,-0.0,-0.000431,-0.000795,0.0,-0.000554,-0.000352,-0.001117,-0.001217,0.0,-0.001157,0.0,-0.000914,-1e-06,0.0,-0.0,-0.001772,-0.000592,-0.000729,-0.000781,-0.001349,-0.0,-3e-06,-0.0,0.0,-0.0,-7e-06,-0.000512,-0.000376
2017-05-27 18:52:00+02:00,0.0,0.0,-0.0,-0.000719,-0.0,0.0,-0.0,-0.0,-8e-05,-0.0,0.0,0.0,-0.000786,-0.000936,-0.000339,-0.001064,-0.0,0.0,0.0,-9.4e-05,0.0,-9.2e-05,-1e-06,0.0,-0.001174,-0.001318,-0.0,0.0,-7e-06,-0.0,0.0,-0.000399,0.0,-0.000639,-0.00098,0.0,-2e-06,-0.0,0.0,-0.001431,-0.0,0.0,-4e-06,0.0,-0.0,-7.9e-05,-1.8e-05,-3e-06,-3.5e-05,0.0,0.0,-2.8e-05,-0.000488,-0.000997,0.0,0.0,-0.0,0.0,0.0,-0.0,-1.9e-05,-0.001355,-0.00062,0.0,-0.0,-0.001162,-0.0,-4e-06,0.0,-0.0,-2e-06,-0.0,0.0,-5.3e-05,-0.001068,0.0,-0.0,0.0,-0.0,0.0,-0.000235,0.0,-0.000154,-0.001322,-0.0,-0.0,-8.5e-05,0.0,0.0,0.0,-0.0,-0.000416,-0.000779,0.0,-0.000541,-0.000351,-0.001094,-0.001193,0.0,-0.001146,0.0,-0.000896,-0.0,0.0,-0.0,-0.001754,-0.000577,-0.000723,-0.000765,-0.001324,-0.0,-2e-06,-0.0,0.0,-0.0,-6e-06,-0.0005,-0.000364
2017-05-27 18:53:00+02:00,0.0,0.0,-0.0,-0.000706,-0.0,0.0,-0.0,-0.0,-7.6e-05,-0.0,0.0,0.0,-0.000768,-0.000919,-0.000333,-0.001045,-0.0,0.0,0.0,-7.5e-05,0.0,-7.4e-05,-1e-06,0.0,-0.00116,-0.001296,-0.0,0.0,-6e-06,-0.0,0.0,-0.000388,0.0,-0.000627,-0.000965,0.0,-2e-06,-0.0,0.0,-0.001415,-0.0,0.0,-3e-06,0.0,-0.0,-7.2e-05,-1.8e-05,-2e-06,-3.4e-05,0.0,0.0,-2.2e-05,-0.000474,-0.000978,0.0,0.0,-0.0,0.0,0.0,-0.0,-1.5e-05,-0.001341,-0.000608,0.0,-0.0,-0.001141,-0.0,-3e-06,0.0,-0.0,-1e-06,-0.0,0.0,-4.2e-05,-0.001051,0.0,-0.0,0.0,-0.0,0.0,-0.000225,0.0,-0.000146,-0.001309,-0.0,-0.0,-8.5e-05,0.0,0.0,0.0,-0.0,-0.000403,-0.000762,0.0,-0.000529,-0.000346,-0.001073,-0.001172,0.0,-0.001131,0.0,-0.000881,-0.0,0.0,-0.0,-0.001733,-0.000562,-0.000714,-0.00075,-0.001302,-0.0,-2e-06,-0.0,0.0,-0.0,-5e-06,-0.000489,-0.000352
2017-05-27 18:54:00+02:00,0.0,0.0,-0.0,-0.000674,-0.0,0.0,-0.0,-0.0,-7.3e-05,-0.0,0.0,0.0,-0.000746,-0.000896,-0.000321,-0.001003,-0.0,0.0,0.0,-6e-05,0.0,-5.9e-05,-0.0,0.0,-0.001136,-0.001248,-0.0,0.0,-5e-06,-0.0,0.0,-0.000374,0.0,-0.000609,-0.000944,0.0,-1e-06,-0.0,0.0,-0.001389,-0.0,0.0,-3e-06,0.0,-0.0,-5.8e-05,-1.7e-05,-2e-06,-3.2e-05,0.0,0.0,-1.8e-05,-0.000451,-0.000953,0.0,0.0,-0.0,0.0,0.0,-0.0,-1.2e-05,-0.001316,-0.000578,0.0,-0.0,-0.001097,-0.0,-2e-06,0.0,-0.0,-1e-06,-0.0,0.0,-3.4e-05,-0.001027,0.0,-0.0,0.0,-0.0,0.0,-0.000212,0.0,-0.000123,-0.001286,-0.0,-0.0,-8.3e-05,0.0,0.0,0.0,-0.0,-0.000382,-0.00074,0.0,-0.000504,-0.000331,-0.001031,-0.001126,0.0,-0.001107,0.0,-0.000844,-0.0,0.0,-0.0,-0.001699,-0.000543,-0.000695,-0.000717,-0.001253,-0.0,-1e-06,-0.0,0.0,-0.0,-4e-06,-0.00046,-0.000338
2017-05-27 18:55:00+02:00,0.0,0.0,-0.0,-0.000651,-0.0,0.0,-0.0,-0.0,-6.9e-05,-0.0,0.0,0.0,-0.000721,-0.000871,-0.000307,-0.000972,-0.0,0.0,0.0,-4.8e-05,0.0,-4.7e-05,-0.0,0.0,-0.001108,-0.001213,-0.0,0.0,-4e-06,-0.0,0.0,-0.000359,0.0,-0.000589,-0.000919,0.0,-1e-06,-0.0,0.0,-0.001358,-0.0,0.0,-2e-06,0.0,-0.0,-4.6e-05,-1.6e-05,-2e-06,-3e-05,0.0,0.0,-1.4e-05,-0.000433,-0.000925,0.0,0.0,-0.0,0.0,0.0,-0.0,-1e-05,-0.001287,-0.000556,0.0,-0.0,-0.001065,-0.0,-2e-06,0.0,-0.0,-1e-06,-0.0,0.0,-2.7e-05,-0.001001,0.0,-0.0,0.0,-0.0,0.0,-0.000201,0.0,-0.000108,-0.001258,-0.0,-0.0,-8.1e-05,0.0,0.0,0.0,-0.0,-0.000366,-0.000717,0.0,-0.000485,-0.000314,-0.000999,-0.001093,0.0,-0.001078,0.0,-0.000817,-0.0,0.0,-0.0,-0.001661,-0.000523,-0.000673,-0.000693,-0.001218,-0.0,-1e-06,-0.0,0.0,-0.0,-3e-06,-0.00044,-0.000323
2017-05-27 18:56:00+02:00,0.0,0.0,-0.0,-0.000637,-0.0,0.0,-0.0,-0.0,-6.6e-05,-0.0,0.0,0.0,-0.000699,-0.000848,-0.000295,-0.000951,-0.0,0.0,0.0,-3.9e-05,0.0,-3.8e-05,-0.0,0.0,-0.001085,-0.001189,-0.0,0.0,-4e-06,-0.0,0.0,-0.000346,0.0,-0.000572,-0.000897,0.0,-1e-06,-0.0,0.0,-0.001331,-0.0,0.0,-2e-06,0.0,-0.0,-3.7e-05,-1.5e-05,-1e-06,-2.9e-05,0.0,0.0,-1.2e-05,-0.000419,-0.0009,0.0,0.0,-0.0,0.0,0.0,-0.0,-8e-06,-0.001261,-0.000542,0.0,-0.0,-0.001043,-0.0,-2e-06,0.0,-0.0,-1e-06,-0.0,0.0,-2.2e-05,-0.000976,0.0,-0.0,0.0,-0.0,0.0,-0.000192,0.0,-0.0001,-0.001233,-0.0,-0.0,-8e-05,0.0,0.0,0.0,-0.0,-0.000353,-0.000695,0.0,-0.000472,-0.0003,-0.000977,-0.00107,0.0,-0.001053,0.0,-0.0008,-0.0,0.0,-0.0,-0.001628,-0.000505,-0.000655,-0.000677,-0.001194,-0.0,-1e-06,-0.0,0.0,-0.0,-2e-06,-0.000427,-0.00031
2017-05-27 18:57:00+02:00,0.0,0.0,-0.0,-0.000614,-0.0,0.0,-0.0,-0.0,-6.4e-05,-0.0,0.0,0.0,-0.000676,-0.000822,-0.000281,-0.00092,-0.0,0.0,0.0,-3.1e-05,0.0,-3e-05,-0.0,0.0,-0.001058,-0.001154,-0.0,0.0,-3e-06,-0.0,0.0,-0.000332,0.0,-0.000553,-0.000871,0.0,-1e-06,-0.0,0.0,-0.0013,-0.0,0.0,-1e-06,0.0,-0.0,-3e-05,-1.4e-05,-1e-06,-2.7e-05,0.0,0.0,-9e-06,-0.000401,-0.000873,0.0,0.0,-0.0,0.0,0.0,-0.0,-6e-06,-0.001232,-0.00052,0.0,-0.0,-0.001011,-0.0,-1e-06,0.0,-0.0,-1e-06,-0.0,0.0,-1.7e-05,-0.000949,0.0,-0.0,0.0,-0.0,0.0,-0.000182,0.0,-8.5e-05,-0.001205,-0.0,-0.0,-7.9e-05,0.0,0.0,0.0,-0.0,-0.000337,-0.000672,0.0,-0.000453,-0.000283,-0.000946,-0.001037,0.0,-0.001026,0.0,-0.000773,-0.0,0.0,-0.0,-0.001591,-0.000486,-0.000633,-0.000652,-0.001159,-0.0,-1e-06,-0.0,0.0,-0.0,-2e-06,-0.000407,-0.000296
2017-05-27 18:58:00+02:00,0.0,0.0,-0.0,-0.000591,-0.0,0.0,-0.0,-0.0,-6.2e-05,-0.0,0.0,0.0,-0.000651,-0.000795,-0.000264,-0.000892,-0.0,0.0,0.0,-2.5e-05,0.0,-2.4e-05,-0.0,0.0,-0.001028,-0.001124,-0.0,0.0,-2e-06,-0.0,0.0,-0.000317,0.0,-0.000532,-0.000843,0.0,-1e-06,-0.0,0.0,-0.001264,-0.0,0.0,-1e-06,0.0,-0.0,-2.4e-05,-1.3e-05,-1e-06,-2.6e-05,0.0,0.0,-7e-06,-0.000385,-0.000844,0.0,0.0,-0.0,0.0,0.0,-0.0,-5e-06,-0.001197,-0.000499,0.0,-0.0,-0.000981,-0.0,-1e-06,0.0,-0.0,-0.0,-0.0,0.0,-1.4e-05,-0.000919,0.0,-0.0,0.0,-0.0,0.0,-0.000173,0.0,-6.9e-05,-0.001172,-0.0,-0.0,-7.8e-05,0.0,0.0,0.0,-0.0,-0.000323,-0.000648,0.0,-0.000435,-0.000261,-0.000919,-0.001008,0.0,-0.000994,0.0,-0.000747,-0.0,0.0,-0.0,-0.001549,-0.000466,-0.000608,-0.000629,-0.001128,-0.0,-1e-06,-0.0,0.0,-0.0,-2e-06,-0.000387,-0.000283
2017-05-27 18:59:00+02:00,0.0,0.0,-0.0,-0.000572,-0.0,0.0,-0.0,-0.0,-6e-05,-0.0,0.0,0.0,-0.00063,-0.000772,-0.000251,-0.000866,-0.0,0.0,0.0,-2e-05,0.0,-1.9e-05,-0.0,0.0,-0.001004,-0.001096,-0.0,0.0,-2e-06,-0.0,0.0,-0.000305,0.0,-0.000514,-0.00082,0.0,-0.0,-0.0,0.0,-0.001235,-0.0,0.0,-1e-06,0.0,-0.0,-1.9e-05,-1.3e-05,-1e-06,-2.5e-05,0.0,0.0,-6e-06,-0.00037,-0.00082,0.0,0.0,-0.0,0.0,0.0,-0.0,-4e-06,-0.00117,-0.00048,0.0,-0.0,-0.000955,-0.0,-1e-06,0.0,-0.0,-0.0,-0.0,0.0,-1.1e-05,-0.000894,0.0,-0.0,0.0,-0.0,0.0,-0.000164,0.0,-5.6e-05,-0.001146,-0.0,-0.0,-7.7e-05,0.0,0.0,0.0,-0.0,-0.00031,-0.000627,0.0,-0.000419,-0.000245,-0.000894,-0.000982,0.0,-0.000969,0.0,-0.000724,-0.0,0.0,-0.0,-0.001516,-0.000449,-0.000588,-0.000608,-0.0011,-0.0,-0.0,-0.0,0.0,-0.0,-1e-06,-0.000369,-0.000271
2017-05-27 19:00:00+02:00,0.0,0.0,-0.0,-0.000554,-0.0,0.0,-0.0,-0.0,-5.8e-05,-0.0,0.0,0.0,-0.00061,-0.000749,-0.000239,-0.000843,-0.0,0.0,0.0,-1.6e-05,0.0,-1.5e-05,-0.0,0.0,-0.000982,-0.001071,-0.0,0.0,-1e-06,-0.0,0.0,-0.000293,0.0,-0.000497,-0.000798,0.0,-0.0,-0.0,0.0,-0.001207,-0.0,0.0,-1e-06,0.0,-0.0,-1.5e-05,-1.2e-05,-1e-06,-2.4e-05,0.0,0.0,-5e-06,-0.000356,-0.000796,0.0,0.0,-0.0,0.0,0.0,-0.0,-3e-06,-0.001143,-0.000463,0.0,-0.0,-0.000931,-0.0,-1e-06,0.0,-0.0,-0.0,-0.0,0.0,-9e-06,-0.00087,0.0,-0.0,0.0,-0.0,0.0,-0.000156,0.0,-4.4e-05,-0.00112,-0.0,-0.0,-7.6e-05,0.0,0.0,0.0,-0.0,-0.000297,-0.000607,0.0,-0.000404,-0.00023,-0.000871,-0.000958,0.0,-0.000945,0.0,-0.000704,-0.0,0.0,-0.0,-0.001483,-0.000433,-0.00057,-0.000589,-0.001075,-0.0,-0.0,-0.0,0.0,-0.0,-1e-06,-0.000354,-0.000259
2017-05-27 19:01:00+02:00,0.0,0.0,-0.0,-0.000529,-0.0,0.0,-0.0,-0.0,-5.8e-05,-0.0,0.0,0.0,-0.000596,-0.000736,-0.000238,-0.000812,-0.0,0.0,0.0,-1.3e-05,0.0,-1.2e-05,-0.0,0.0,-0.000976,-0.001036,-0.0,0.0,-1e-06,-0.0,0.0,-0.000286,0.0,-0.00049,-0.000787,0.0,-0.0,-0.0,0.0,-0.001197,-0.0,0.0,-1e-06,0.0,-0.0,-1.2e-05,-1.1e-05,-0.0,-2.3e-05,0.0,0.0,-4e-06,-0.000339,-0.000781,0.0,0.0,-0.0,0.0,0.0,-0.0,-3e-06,-0.001135,-0.000439,0.0,-0.0,-0.000899,-0.0,-1e-06,0.0,-0.0,-0.0,-0.0,0.0,-7e-06,-0.000857,0.0,-0.0,0.0,-0.0,0.0,-0.000147,0.0,-3.6e-05,-0.001113,-0.0,-0.0,-7.6e-05,0.0,0.0,0.0,-0.0,-0.000283,-0.000594,0.0,-0.000384,-0.000231,-0.000841,-0.000926,0.0,-0.000938,0.0,-0.000676,-0.0,0.0,-0.0,-0.001468,-0.000421,-0.000566,-0.000564,-0.00104,-0.0,-0.0,-0.0,0.0,-0.0,-1e-06,-0.000331,-0.00025
2017-05-27 19:02:00+02:00,0.0,0.0,-0.0,-0.000507,-0.0,0.0,-0.0,-0.0,-5.5e-05,-0.0,0.0,0.0,-0.000573,-0.00071,-0.000224,-0.000787,-0.0,0.0,0.0,-1e-05,0.0,-1e-05,-0.0,0.0,-0.00094,-0.001009,-0.0,0.0,-1e-06,-0.0,0.0,-0.000271,0.0,-0.00047,-0.00076,0.0,-0.0,-0.0,0.0,-0.001162,-0.0,0.0,-0.0,0.0,-0.0,-1e-05,-1e-05,-0.0,-2.2e-05,0.0,0.0,-3e-06,-0.000325,-0.000754,0.0,0.0,-0.0,0.0,0.0,-0.0,-2e-06,-0.001102,-0.000418,0.0,-0.0,-0.000873,-0.0,-0.0,0.0,-0.0,-0.0,-0.0,0.0,-6e-06,-0.000829,0.0,-0.0,0.0,-0.0,0.0,-0.00014,0.0,-2.8e-05,-0.001081,-0.0,-0.0,-7.4e-05,0.0,0.0,0.0,-0.0,-0.000271,-0.000571,0.0,-0.000368,-0.000212,-0.000818,-0.000901,0.0,-0.000904,0.0,-0.000652,-0.0,0.0,-0.0,-0.001426,-0.000403,-0.000543,-0.000542,-0.001014,-0.0,-0.0,-0.0,0.0,-0.0,-1e-06,-0.000311,-0.000238
2017-05-27 19:03:00+02:00,0.0,0.0,-0.0,-0.000483,-0.0,0.0,-0.0,-0.0,-5.3e-05,-0.0,0.0,0.0,-0.00055,-0.000685,-0.00021,-0.000759,-0.0,0.0,0.0,-8e-06,0.0,-8e-06,-0.0,0.0,-0.000908,-0.00098,-0.0,0.0,-1e-06,-0.0,0.0,-0.000258,0.0,-0.00045,-0.000736,0.0,-0.0,-0.0,0.0,-0.001129,-0.0,0.0,-0.0,0.0,-0.0,-8e-06,-9e-06,-0.0,-2.1e-05,0.0,0.0,-2e-06,-0.00031,-0.000727,0.0,0.0,-0.0,0.0,0.0,-0.0,-2e-06,-0.00107,-0.000394,0.0,-0.0,-0.000844,-0.0,-0.0,0.0,-0.0,-0.0,-0.0,0.0,-5e-06,-0.000802,0.0,-0.0,0.0,-0.0,0.0,-0.000131,0.0,-2.3e-05,-0.00105,-0.0,-0.0,-7.2e-05,0.0,0.0,0.0,-0.0,-0.000258,-0.000549,0.0,-0.00035,-0.000193,-0.000791,-0.000873,0.0,-0.000874,0.0,-0.000625,-0.0,0.0,-0.0,-0.001387,-0.000385,-0.000521,-0.000517,-0.000984,-0.0,-0.0,-0.0,0.0,-0.0,-0.0,-0.000288,-0.000225
2017-05-27 19:04:00+02:00,0.0,0.0,-0.0,-0.000445,-0.0,0.0,-0.0,-0.0,-4.9e-05,-0.0,0.0,0.0,-0.000523,-0.000654,-0.000189,-0.000716,-0.0,0.0,0.0,-6e-06,0.0,-6e-06,-0.0,0.0,-0.000861,-0.000935,-0.0,0.0,-1e-06,-0.0,0.0,-0.000241,0.0,-0.000424,-0.000702,0.0,-0.0,-0.0,0.0,-0.001082,-0.0,0.0,-0.0,0.0,-0.0,-6e-06,-7e-06,-0.0,-1.9e-05,0.0,0.0,-2e-06,-0.00029,-0.000694,0.0,0.0,-0.0,0.0,0.0,-0.0,-1e-06,-0.001024,-0.000356,0.0,-0.0,-0.000801,-0.0,-0.0,0.0,-0.0,-0.0,-0.0,0.0,-4e-06,-0.000767,0.0,-0.0,0.0,-0.0,0.0,-0.000121,0.0,-1.8e-05,-0.001006,-0.0,-0.0,-6.9e-05,0.0,0.0,0.0,-0.0,-0.000242,-0.000522,0.0,-0.000323,-0.000163,-0.000754,-0.000833,0.0,-0.000829,0.0,-0.000584,-0.0,0.0,-0.0,-0.001334,-0.000364,-0.000488,-0.00048,-0.000939,-0.0,-0.0,-0.0,0.0,-0.0,-0.0,-0.000251,-0.000211
2017-05-27 19:05:00+02:00,0.0,0.0,-0.0,-0.000412,-0.0,0.0,-0.0,-0.0,-4.7e-05,-0.0,0.0,0.0,-0.000497,-0.000624,-0.000169,-0.000679,-0.0,0.0,0.0,-5e-06,0.0,-5e-06,-0.0,0.0,-0.000819,-0.000895,-0.0,0.0,-0.0,-0.0,0.0,-0.000225,0.0,-0.0004,-0.000671,0.0,-0.0,-0.0,0.0,-0.001039,-0.0,0.0,-0.0,0.0,-0.0,-5e-06,-6e-06,-0.0,-1.7e-05,0.0,0.0,-2e-06,-0.000272,-0.000663,0.0,0.0,-0.0,0.0,0.0,-0.0,-1e-06,-0.000982,-0.000324,0.0,-0.0,-0.000762,-0.0,-0.0,0.0,-0.0,-0.0,-0.0,0.0,-3e-06,-0.000734,0.0,-0.0,0.0,-0.0,0.0,-0.000112,0.0,-1.5e-05,-0.000965,-0.0,-0.0,-6.7e-05,0.0,0.0,0.0,-0.0,-0.000227,-0.000497,0.0,-0.0003,-0.000135,-0.00072,-0.000796,0.0,-0.000787,0.0,-0.000549,-0.0,0.0,-0.0,-0.001283,-0.000345,-0.000457,-0.000448,-0.0009,-0.0,-0.0,-0.0,0.0,-0.0,-0.0,-0.00022,-0.000199
2017-05-27 19:06:00+02:00,0.0,0.0,-0.0,-0.000375,-0.0,0.0,-0.0,-0.0,-4.5e-05,-0.0,0.0,0.0,-0.00047,-0.000593,-0.000146,-0.000637,-0.0,0.0,0.0,-4e-06,0.0,-4e-06,-0.0,0.0,-0.000773,-0.00085,-0.0,0.0,-0.0,-0.0,0.0,-0.000209,0.0,-0.000374,-0.000637,0.0,-0.0,-0.0,0.0,-0.00099,-0.0,0.0,-0.0,0.0,-0.0,-4e-06,-5e-06,-0.0,-1.5e-05,0.0,0.0,-1e-06,-0.000253,-0.00063,0.0,0.0,-0.0,0.0,0.0,-0.0,-1e-06,-0.000934,-0.000287,0.0,-0.0,-0.00072,-0.0,-0.0,0.0,-0.0,-0.0,-0.0,0.0,-2e-06,-0.000698,0.0,-0.0,0.0,-0.0,0.0,-0.000103,0.0,-1.2e-05,-0.000918,-0.0,-0.0,-6.4e-05,0.0,0.0,0.0,-0.0,-0.000212,-0.00047,0.0,-0.000274,-0.000108,-0.000684,-0.000757,0.0,-0.000741,0.0,-0.000509,-0.0,0.0,-0.0,-0.001228,-0.000325,-0.000421,-0.000412,-0.000856,-0.0,-0.0,-0.0,0.0,-0.0,-0.0,-0.000185,-0.000186
2017-05-27 19:07:00+02:00,0.0,0.0,-0.0,-0.000337,-0.0,0.0,-0.0,-0.0,-4.2e-05,-0.0,0.0,0.0,-0.000446,-0.000563,-0.000125,-0.000594,-0.0,0.0,0.0,-3e-06,0.0,-3e-06,-0.0,0.0,-0.000731,-0.000804,-0.0,0.0,-0.0,-0.0,0.0,-0.000195,0.0,-0.00035,-0.000605,0.0,-0.0,-0.0,0.0,-0.000945,-0.0,0.0,-0.0,0.0,-0.0,-3e-06,-4e-06,-0.0,-1.3e-05,0.0,0.0,-1e-06,-0.000233,-0.000599,0.0,0.0,-0.0,0.0,0.0,-0.0,-1e-06,-0.000889,-0.000249,0.0,-0.0,-0.000675,-0.0,-0.0,0.0,-0.0,-0.0,-0.0,0.0,-2e-06,-0.000664,0.0,-0.0,0.0,-0.0,0.0,-9.5e-05,0.0,-9e-06,-0.000875,-0.0,-0.0,-6.2e-05,0.0,0.0,0.0,-0.0,-0.000197,-0.000445,0.0,-0.000248,-8.6e-05,-0.000646,-0.000716,0.0,-0.0007,0.0,-0.000468,-0.0,0.0,-0.0,-0.001177,-0.000306,-0.000389,-0.000374,-0.000811,-0.0,-0.0,-0.0,0.0,-0.0,-0.0,-0.000149,-0.000174
2017-05-27 19:08:00+02:00,0.0,0.0,-0.0,-0.000294,-0.0,0.0,-0.0,-0.0,-4.1e-05,-0.0,0.0,0.0,-0.000424,-0.000537,-0.00011,-0.000544,-0.0,0.0,0.0,-3e-06,0.0,-3e-06,-0.0,0.0,-0.000698,-0.000752,-0.0,0.0,-0.0,-0.0,0.0,-0.000182,0.0,-0.00033,-0.000577,0.0,-0.0,-0.0,0.0,-0.000908,-0.0,0.0,-0.0,0.0,-0.0,-3e-06,-3e-06,-0.0,-1.2e-05,0.0,0.0,-1e-06,-0.000212,-0.000572,0.0,0.0,-0.0,0.0,0.0,-0.0,-1e-06,-0.000852,-0.000208,0.0,-0.0,-0.000624,-0.0,-0.0,0.0,-0.0,-0.0,-0.0,0.0,-1e-06,-0.000635,0.0,-0.0,0.0,-0.0,0.0,-8.5e-05,0.0,-7e-06,-0.00084,-0.0,-0.0,-6.1e-05,0.0,0.0,0.0,-0.0,-0.00018,-0.000424,0.0,-0.00022,-6.9e-05,-0.000603,-0.000669,0.0,-0.000666,0.0,-0.000421,-0.0,0.0,-0.0,-0.001133,-0.00029,-0.000364,-0.000333,-0.000759,-0.0,-0.0,-0.0,0.0,-0.0,-0.0,-0.00012,-0.000164
2017-05-27 19:09:00+02:00,0.0,0.0,-0.0,-0.000265,-0.0,0.0,-0.0,-0.0,-3.9e-05,-0.0,0.0,0.0,-0.000402,-0.000512,-9.4e-05,-0.00051,-0.0,0.0,0.0,-2e-06,0.0,-2e-06,-0.0,0.0,-0.000666,-0.000714,-0.0,0.0,-0.0,-0.0,0.0,-0.000171,0.0,-0.000311,-0.00055,0.0,-0.0,-0.0,0.0,-0.000869,-0.0,0.0,-0.0,0.0,-0.0,-2e-06,-2e-06,-0.0,-1.1e-05,0.0,0.0,-1e-06,-0.000197,-0.000545,0.0,0.0,-0.0,0.0,0.0,-0.0,-0.0,-0.000815,-0.00018,0.0,-0.0,-0.000589,-0.0,-0.0,0.0,-0.0,-0.0,-0.0,0.0,-1e-06,-0.000606,0.0,-0.0,0.0,-0.0,0.0,-7.8e-05,0.0,-6e-06,-0.000804,-0.0,-0.0,-5.9e-05,0.0,0.0,0.0,-0.0,-0.000168,-0.000402,0.0,-0.0002,-5.5e-05,-0.000572,-0.000636,0.0,-0.000634,0.0,-0.000389,-0.0,0.0,-0.0,-0.001089,-0.000274,-0.000339,-0.000305,-0.000722,-0.0,-0.0,-0.0,0.0,-0.0,-0.0,-9.6e-05,-0.000154
2017-05-27 19:10:00+02:00,0.0,0.0,-0.0,-0.000241,-0.0,0.0,-0.0,-0.0,-3.7e-05,-0.0,0.0,0.0,-0.000379,-0.000485,-7.7e-05,-0.000482,-0.0,0.0,0.0,-2e-06,0.0,-2e-06,-0.0,0.0,-0.000629,-0.000683,-0.0,0.0,-0.0,-0.0,0.0,-0.000158,0.0,-0.00029,-0.000521,0.0,-0.0,-0.0,0.0,-0.000828,-0.0,0.0,-0.0,0.0,-0.0,-2e-06,-2e-06,-0.0,-9e-06,0.0,0.0,-1e-06,-0.000184,-0.000517,0.0,0.0,-0.0,0.0,0.0,-0.0,-0.0,-0.000774,-0.000156,0.0,-0.0,-0.00056,-0.0,-0.0,0.0,-0.0,-0.0,-0.0,0.0,-1e-06,-0.000575,0.0,-0.0,0.0,-0.0,0.0,-7.2e-05,0.0,-5e-06,-0.000764,-0.0,-0.0,-5.7e-05,0.0,0.0,0.0,-0.0,-0.000157,-0.00038,0.0,-0.000183,-4.4e-05,-0.000546,-0.000607,0.0,-0.000596,0.0,-0.000363,-0.0,0.0,-0.0,-0.001041,-0.000257,-0.000311,-0.000281,-0.000691,-0.0,-0.0,-0.0,0.0,-0.0,-0.0,-7.7e-05,-0.000144
2017-05-27 19:11:00+02:00,0.0,0.0,-0.0,-0.000218,-0.0,0.0,-0.0,-0.0,-3.5e-05,-0.0,0.0,0.0,-0.000356,-0.000457,-6.2e-05,-0.000455,-0.0,0.0,0.0,-1e-06,0.0,-1e-06,-0.0,0.0,-0.000591,-0.000652,-0.0,0.0,-0.0,-0.0,0.0,-0.000146,0.0,-0.000268,-0.000491,0.0,-0.0,-0.0,0.0,-0.000785,-0.0,0.0,-0.0,0.0,-0.0,-1e-06,-2e-06,-0.0,-8e-06,0.0,0.0,-0.0,-0.000171,-0.000488,0.0,0.0,-0.0,0.0,0.0,-0.0,-0.0,-0.000732,-0.000134,0.0,-0.0,-0.000531,-0.0,-0.0,0.0,-0.0,-0.0,-0.0,0.0,-1e-06,-0.000544,0.0,-0.0,0.0,-0.0,0.0,-6.7e-05,0.0,-4e-06,-0.000722,-0.0,-0.0,-5.4e-05,0.0,0.0,0.0,-0.0,-0.000147,-0.000357,0.0,-0.000167,-3.5e-05,-0.000521,-0.00058,0.0,-0.000558,0.0,-0.000337,-0.0,0.0,-0.0,-0.000991,-0.000241,-0.000282,-0.000258,-0.000661,-0.0,-0.0,-0.0,0.0,-0.0,-0.0,-6.1e-05,-0.000134
2017-05-27 19:12:00+02:00,0.0,0.0,-0.0,-0.000196,-0.0,0.0,-0.0,-0.0,-3.3e-05,-0.0,0.0,0.0,-0.000334,-0.000432,-5e-05,-0.000429,-0.0,0.0,0.0,-1e-06,0.0,-1e-06,-0.0,0.0,-0.000558,-0.000624,-0.0,0.0,-0.0,-0.0,0.0,-0.000135,0.0,-0.000249,-0.000464,0.0,-0.0,-0.0,0.0,-0.000744,-0.0,0.0,-0.0,0.0,-0.0,-1e-06,-1e-06,-0.0,-6e-06,0.0,0.0,-0.0,-0.000159,-0.00046,0.0,0.0,-0.0,0.0,0.0,-0.0,-0.0,-0.000692,-0.000112,0.0,-0.0,-0.000504,-0.0,-0.0,0.0,-0.0,-0.0,-0.0,0.0,-1e-06,-0.000514,0.0,-0.0,0.0,-0.0,0.0,-6.1e-05,0.0,-3e-06,-0.000684,-0.0,-0.0,-5.2e-05,0.0,0.0,0.0,-0.0,-0.000138,-0.000336,0.0,-0.000152,-2.8e-05,-0.000497,-0.000554,0.0,-0.000524,0.0,-0.000313,-0.0,0.0,-0.0,-0.000943,-0.000225,-0.000255,-0.000236,-0.000632,-0.0,-0.0,-0.0,0.0,-0.0,-0.0,-4.9e-05,-0.000124
2017-05-27 19:13:00+02:00,0.0,0.0,-0.0,-0.000173,-0.0,0.0,-0.0,-0.0,-3.1e-05,-0.0,0.0,0.0,-0.000313,-0.000406,-4e-05,-0.000403,-0.0,0.0,0.0,-1e-06,0.0,-1e-06,-0.0,0.0,-0.000525,-0.000596,-0.0,0.0,-0.0,-0.0,0.0,-0.000124,0.0,-0.00023,-0.000436,0.0,-0.0,-0.0,0.0,-0.000704,-0.0,0.0,-0.0,0.0,-0.0,-1e-06,-1e-06,-0.0,-5e-06,0.0,0.0,-0.0,-0.000148,-0.000434,0.0,0.0,-0.0,0.0,0.0,-0.0,-0.0,-0.000653,-9e-05,0.0,-0.0,-0.000477,-0.0,-0.0,0.0,-0.0,-0.0,-0.0,0.0,-0.0,-0.000485,0.0,-0.0,0.0,-0.0,0.0,-5.6e-05,0.0,-2e-06,-0.000645,-0.0,-0.0,-4.9e-05,0.0,0.0,0.0,-0.0,-0.000128,-0.000315,0.0,-0.000137,-2.3e-05,-0.000473,-0.000529,0.0,-0.00049,0.0,-0.000288,-0.0,0.0,-0.0,-0.000896,-0.000209,-0.000228,-0.000214,-0.000604,-0.0,-0.0,-0.0,0.0,-0.0,-0.0,-3.9e-05,-0.000114
2017-05-27 19:14:00+02:00,0.0,0.0,-0.0,-0.00015,-0.0,0.0,-0.0,-0.0,-2.9e-05,-0.0,0.0,0.0,-0.000294,-0.000383,-3.2e-05,-0.000376,-0.0,0.0,0.0,-1e-06,0.0,-1e-06,-0.0,0.0,-0.000493,-0.000565,-0.0,0.0,-0.0,-0.0,0.0,-0.000114,0.0,-0.000212,-0.000411,0.0,-0.0,-0.0,0.0,-0.000666,-0.0,0.0,-0.0,0.0,-0.0,-1e-06,-1e-06,-0.0,-4e-06,0.0,0.0,-0.0,-0.000136,-0.000409,0.0,0.0,-0.0,0.0,0.0,-0.0,-0.0,-0.000615,-7.2e-05,0.0,-0.0,-0.000448,-0.0,-0.0,0.0,-0.0,-0.0,-0.0,0.0,-0.0,-0.000458,0.0,-0.0,0.0,-0.0,0.0,-5.1e-05,0.0,-2e-06,-0.000609,-0.0,-0.0,-4.7e-05,0.0,0.0,0.0,-0.0,-0.000119,-0.000296,0.0,-0.000122,-1.8e-05,-0.000448,-0.000501,0.0,-0.000458,0.0,-0.000263,-0.0,0.0,-0.0,-0.000853,-0.000195,-0.000203,-0.000192,-0.000574,-0.0,-0.0,-0.0,0.0,-0.0,-0.0,-3.1e-05,-0.000106
2017-05-27 19:15:00+02:00,0.0,0.0,-0.0,-0.000125,-0.0,0.0,-0.0,-0.0,-2.7e-05,-0.0,0.0,0.0,-0.000274,-0.000358,-2.5e-05,-0.000346,-0.0,0.0,0.0,-1e-06,0.0,-1e-06,-0.0,0.0,-0.000458,-0.000531,-0.0,0.0,-0.0,-0.0,0.0,-0.000103,0.0,-0.000194,-0.000384,0.0,-0.0,-0.0,0.0,-0.000626,-0.0,0.0,-0.0,0.0,-0.0,-1e-06,-1e-06,-0.0,-3e-06,0.0,0.0,-0.0,-0.000124,-0.000383,0.0,0.0,-0.0,0.0,0.0,-0.0,-0.0,-0.000576,-5.7e-05,0.0,-0.0,-0.000417,-0.0,-0.0,0.0,-0.0,-0.0,-0.0,0.0,-0.0,-0.000429,0.0,-0.0,0.0,-0.0,0.0,-4.6e-05,0.0,-2e-06,-0.00057,-0.0,-0.0,-4.4e-05,0.0,0.0,0.0,-0.0,-0.000109,-0.000276,0.0,-0.000105,-1.4e-05,-0.00042,-0.000471,0.0,-0.000423,0.0,-0.000235,-0.0,0.0,-0.0,-0.000806,-0.000181,-0.000176,-0.000167,-0.00054,-0.0,-0.0,-0.0,0.0,-0.0,-0.0,-2.5e-05,-9.7e-05
2017-05-27 19:16:00+02:00,0.0,0.0,-0.0,-0.000107,-0.0,0.0,-0.0,-0.0,-2.5e-05,-0.0,0.0,0.0,-0.000256,-0.000337,-2e-05,-0.000324,-0.0,0.0,0.0,-0.0,0.0,-0.0,-0.0,0.0,-0.000432,-0.000507,-0.0,0.0,-0.0,-0.0,0.0,-9.5e-05,0.0,-0.000179,-0.000361,0.0,-0.0,-0.0,0.0,-0.000592,-0.0,0.0,-0.0,0.0,-0.0,-0.0,-0.0,-0.0,-2e-06,0.0,0.0,-0.0,-0.000115,-0.000361,0.0,0.0,-0.0,0.0,0.0,-0.0,-0.0,-0.000543,-4.6e-05,0.0,-0.0,-0.000395,-0.0,-0.0,0.0,-0.0,-0.0,-0.0,0.0,-0.0,-0.000405,0.0,-0.0,0.0,-0.0,0.0,-4.2e-05,0.0,-1e-06,-0.000539,-0.0,-0.0,-4.1e-05,0.0,0.0,0.0,-0.0,-0.000102,-0.000258,0.0,-9.4e-05,-1.2e-05,-0.0004,-0.000449,0.0,-0.000396,0.0,-0.000215,-0.0,0.0,-0.0,-0.000767,-0.000168,-0.000155,-0.00015,-0.000516,-0.0,-0.0,-0.0,0.0,-0.0,-0.0,-2e-05,-8.9e-05
2017-05-27 19:17:00+02:00,0.0,0.0,-0.0,-8.8e-05,-0.0,0.0,-0.0,-0.0,-2.3e-05,-0.0,0.0,0.0,-0.000238,-0.000315,-1.6e-05,-0.000301,-0.0,0.0,0.0,-0.0,0.0,-0.0,-0.0,0.0,-0.000404,-0.00048,-0.0,0.0,-0.0,-0.0,0.0,-8.6e-05,0.0,-0.000164,-0.000338,0.0,-0.0,-0.0,0.0,-0.000557,-0.0,0.0,-0.0,0.0,-0.0,-0.0,-0.0,-0.0,-2e-06,0.0,0.0,-0.0,-0.000105,-0.000337,0.0,0.0,-0.0,0.0,0.0,-0.0,-0.0,-0.000509,-3.7e-05,0.0,-0.0,-0.00037,-0.0,-0.0,0.0,-0.0,-0.0,-0.0,0.0,-0.0,-0.000379,0.0,-0.0,0.0,-0.0,0.0,-3.7e-05,0.0,-1e-06,-0.000505,-0.0,-0.0,-3.9e-05,0.0,0.0,0.0,-0.0,-9.4e-05,-0.00024,0.0,-8.1e-05,-9e-06,-0.000378,-0.000425,0.0,-0.000367,0.0,-0.000194,-0.0,0.0,-0.0,-0.000723,-0.000155,-0.000134,-0.000131,-0.000489,-0.0,-0.0,-0.0,0.0,-0.0,-0.0,-1.6e-05,-8.2e-05
2017-05-27 19:18:00+02:00,0.0,0.0,-0.0,-7.1e-05,-0.0,0.0,-0.0,-0.0,-2.1e-05,-0.0,0.0,0.0,-0.000218,-0.00029,-1.3e-05,-0.000268,-0.0,0.0,0.0,-0.0,0.0,-0.0,-0.0,0.0,-0.000368,-0.000443,-0.0,0.0,-0.0,-0.0,0.0,-7.7e-05,0.0,-0.000145,-0.00031,0.0,-0.0,-0.0,0.0,-0.000514,-0.0,0.0,-0.0,0.0,-0.0,-0.0,-0.0,-0.0,-2e-06,0.0,0.0,-0.0,-9.3e-05,-0.000311,0.0,0.0,-0.0,0.0,0.0,-0.0,-0.0,-0.000467,-2.9e-05,0.0,-0.0,-0.000336,-0.0,-0.0,0.0,-0.0,-0.0,-0.0,0.0,-0.0,-0.000349,0.0,-0.0,0.0,-0.0,0.0,-3.3e-05,0.0,-1e-06,-0.000464,-0.0,-0.0,-3.6e-05,0.0,0.0,0.0,-0.0,-8.4e-05,-0.00022,0.0,-6.5e-05,-7e-06,-0.000348,-0.000392,0.0,-0.000331,0.0,-0.000163,-0.0,0.0,-0.0,-0.000672,-0.000142,-0.000107,-0.000105,-0.000452,-0.0,-0.0,-0.0,0.0,-0.0,-0.0,-1.3e-05,-7.4e-05
2017-05-27 19:19:00+02:00,0.0,0.0,-0.0,-5.6e-05,-0.0,0.0,-0.0,-0.0,-1.9e-05,-0.0,0.0,0.0,-0.000199,-0.000265,-1e-05,-0.000236,-0.0,0.0,0.0,-0.0,0.0,-0.0,-0.0,0.0,-0.000331,-0.000407,-0.0,0.0,-0.0,-0.0,0.0,-6.8e-05,0.0,-0.000127,-0.000283,0.0,-0.0,-0.0,0.0,-0.000472,-0.0,0.0,-0.0,0.0,-0.0,-0.0,-0.0,-0.0,-1e-06,0.0,0.0,-0.0,-8.1e-05,-0.000286,0.0,0.0,-0.0,0.0,0.0,-0.0,-0.0,-0.000425,-2.4e-05,0.0,-0.0,-0.000302,-0.0,-0.0,0.0,-0.0,-0.0,-0.0,0.0,-0.0,-0.00032,0.0,-0.0,0.0,-0.0,0.0,-2.8e-05,0.0,-1e-06,-0.000423,-0.0,-0.0,-3.3e-05,0.0,0.0,0.0,-0.0,-7.6e-05,-0.000202,0.0,-5.2e-05,-6e-06,-0.00032,-0.000361,0.0,-0.000295,0.0,-0.000133,-0.0,0.0,-0.0,-0.000624,-0.000129,-8.6e-05,-8.4e-05,-0.000417,-0.0,-0.0,-0.0,0.0,-0.0,-0.0,-1e-05,-6.7e-05
2017-05-27 19:20:00+02:00,0.0,0.0,-0.0,-4.5e-05,-0.0,0.0,-0.0,-0.0,-1.6e-05,-0.0,0.0,0.0,-0.000181,-0.000243,-8e-06,-0.000188,-0.0,0.0,0.0,-0.0,0.0,-0.0,-0.0,0.0,-0.000292,-0.000354,-0.0,0.0,-0.0,-0.0,0.0,-5.9e-05,0.0,-0.000109,-0.000258,0.0,-0.0,-0.0,0.0,-0.000432,-0.0,0.0,-0.0,0.0,-0.0,-0.0,-0.0,-0.0,-1e-06,0.0,0.0,-0.0,-6.5e-05,-0.000262,0.0,0.0,-0.0,0.0,0.0,-0.0,-0.0,-0.000385,-1.9e-05,0.0,-0.0,-0.000252,-0.0,-0.0,0.0,-0.0,-0.0,-0.0,0.0,-0.0,-0.000293,0.0,-0.0,0.0,-0.0,0.0,-2.3e-05,0.0,-1e-06,-0.000383,-0.0,-0.0,-3.1e-05,0.0,0.0,0.0,-0.0,-6.4e-05,-0.000184,0.0,-4.2e-05,-5e-06,-0.000279,-0.000316,0.0,-0.000257,0.0,-0.000106,-0.0,0.0,-0.0,-0.000577,-0.000117,-6.8e-05,-6.7e-05,-0.000365,-0.0,-0.0,-0.0,0.0,-0.0,-0.0,-8e-06,-6e-05
2017-05-27 19:21:00+02:00,0.0,0.0,-0.0,-3.6e-05,-0.0,0.0,-0.0,-0.0,-1.4e-05,-0.0,0.0,0.0,-0.000163,-0.00022,-7e-06,-0.000151,-0.0,0.0,0.0,-0.0,0.0,-0.0,-0.0,0.0,-0.000253,-0.000305,-0.0,0.0,-0.0,-0.0,0.0,-5e-05,0.0,-9.1e-05,-0.000232,0.0,-0.0,-0.0,0.0,-0.00039,-0.0,0.0,-0.0,0.0,-0.0,-0.0,-0.0,-0.0,-1e-06,0.0,0.0,-0.0,-5.2e-05,-0.000239,0.0,0.0,-0.0,0.0,0.0,-0.0,-0.0,-0.000343,-1.5e-05,0.0,-0.0,-0.000206,-0.0,-0.0,0.0,-0.0,-0.0,-0.0,0.0,-0.0,-0.000266,0.0,-0.0,0.0,-0.0,0.0,-1.8e-05,0.0,-0.0,-0.000343,-0.0,-0.0,-2.8e-05,0.0,0.0,0.0,-0.0,-5.4e-05,-0.000167,0.0,-3.3e-05,-4e-06,-0.000242,-0.000274,0.0,-0.000219,0.0,-8.5e-05,-0.0,0.0,-0.0,-0.00053,-0.000105,-5.5e-05,-5.4e-05,-0.000318,-0.0,-0.0,-0.0,0.0,-0.0,-0.0,-7e-06,-5.4e-05
2017-05-27 19:22:00+02:00,0.0,0.0,-0.0,-2.9e-05,-0.0,0.0,-0.0,-0.0,-1.2e-05,-0.0,0.0,0.0,-0.000147,-0.000199,-5e-06,-0.000123,-0.0,0.0,0.0,-0.0,0.0,-0.0,-0.0,0.0,-0.000215,-0.000277,-0.0,0.0,-0.0,-0.0,0.0,-4.1e-05,0.0,-7.4e-05,-0.000208,0.0,-0.0,-0.0,0.0,-0.000352,-0.0,0.0,-0.0,0.0,-0.0,-0.0,-0.0,-0.0,-1e-06,0.0,0.0,-0.0,-4.3e-05,-0.000216,0.0,0.0,-0.0,0.0,0.0,-0.0,-0.0,-0.000304,-1.2e-05,0.0,-0.0,-0.000179,-0.0,-0.0,0.0,-0.0,-0.0,-0.0,0.0,-0.0,-0.000241,0.0,-0.0,0.0,-0.0,0.0,-1.5e-05,0.0,-0.0,-0.000304,-0.0,-0.0,-2.6e-05,0.0,0.0,0.0,-0.0,-4.7e-05,-0.00015,0.0,-2.7e-05,-3e-06,-0.000221,-0.00025,0.0,-0.000183,0.0,-6.8e-05,-0.0,0.0,-0.0,-0.000484,-9.4e-05,-4.4e-05,-4.3e-05,-0.00029,-0.0,-0.0,-0.0,0.0,-0.0,-0.0,-5e-06,-4.8e-05
2017-05-27 19:23:00+02:00,0.0,0.0,-0.0,-2.3e-05,-0.0,0.0,-0.0,-0.0,-1e-05,-0.0,0.0,0.0,-0.000123,-0.000168,-4e-06,-9.9e-05,-0.0,0.0,0.0,-0.0,0.0,-0.0,-0.0,0.0,-0.000172,-0.000222,-0.0,0.0,-0.0,-0.0,0.0,-3.3e-05,0.0,-5.9e-05,-0.000171,0.0,-0.0,-0.0,0.0,-0.000291,-0.0,0.0,-0.0,0.0,-0.0,-0.0,-0.0,-0.0,-1e-06,0.0,0.0,-0.0,-3.4e-05,-0.000184,0.0,0.0,-0.0,0.0,0.0,-0.0,-0.0,-0.000244,-1e-05,0.0,-0.0,-0.000143,-0.0,-0.0,0.0,-0.0,-0.0,-0.0,0.0,-0.0,-0.000202,0.0,-0.0,0.0,-0.0,0.0,-1.2e-05,0.0,-0.0,-0.000243,-0.0,-0.0,-2.2e-05,0.0,0.0,0.0,-0.0,-3.8e-05,-0.000127,0.0,-2.1e-05,-2e-06,-0.000178,-0.000202,0.0,-0.000146,0.0,-5.4e-05,-0.0,0.0,-0.0,-0.000414,-8e-05,-3.5e-05,-3.4e-05,-0.000235,-0.0,-0.0,-0.0,0.0,-0.0,-0.0,-4e-06,-4e-05
2017-05-27 19:24:00+02:00,0.0,0.0,-0.0,-1.8e-05,-0.0,0.0,-0.0,-0.0,-8e-06,-0.0,0.0,0.0,-0.000102,-0.000139,-3e-06,-7.9e-05,-0.0,0.0,0.0,-0.0,0.0,-0.0,-0.0,0.0,-0.000138,-0.000177,-0.0,0.0,-0.0,-0.0,0.0,-2.6e-05,0.0,-4.7e-05,-0.000137,0.0,-0.0,-0.0,0.0,-0.000233,-0.0,0.0,-0.0,0.0,-0.0,-0.0,-0.0,-0.0,-0.0,0.0,0.0,-0.0,-2.7e-05,-0.000153,0.0,0.0,-0.0,0.0,0.0,-0.0,-0.0,-0.000195,-8e-06,0.0,-0.0,-0.000115,-0.0,-0.0,0.0,-0.0,-0.0,-0.0,0.0,-0.0,-0.000166,0.0,-0.0,0.0,-0.0,0.0,-1e-05,0.0,-0.0,-0.000195,-0.0,-0.0,-1.8e-05,0.0,0.0,0.0,-0.0,-3e-05,-0.000106,0.0,-1.7e-05,-2e-06,-0.000142,-0.000162,0.0,-0.000117,0.0,-4.4e-05,-0.0,0.0,-0.0,-0.000346,-6.6e-05,-2.8e-05,-2.8e-05,-0.000188,-0.0,-0.0,-0.0,0.0,-0.0,-0.0,-3e-06,-3.3e-05
2017-05-27 19:25:00+02:00,0.0,0.0,-0.0,-1.5e-05,-0.0,0.0,-0.0,-0.0,-6e-06,-0.0,0.0,0.0,-8.2e-05,-0.000113,-3e-06,-6.3e-05,-0.0,0.0,0.0,-0.0,0.0,-0.0,-0.0,0.0,-0.00011,-0.000142,-0.0,0.0,-0.0,-0.0,0.0,-2.1e-05,0.0,-3.8e-05,-0.00011,0.0,-0.0,-0.0,0.0,-0.000187,-0.0,0.0,-0.0,0.0,-0.0,-0.0,-0.0,-0.0,-0.0,0.0,0.0,-0.0,-2.2e-05,-0.000125,0.0,0.0,-0.0,0.0,0.0,-0.0,-0.0,-0.000156,-6e-06,0.0,-0.0,-9.2e-05,-0.0,-0.0,0.0,-0.0,-0.0,-0.0,0.0,-0.0,-0.000134,0.0,-0.0,0.0,-0.0,0.0,-8e-06,0.0,-0.0,-0.000156,-0.0,-0.0,-1.5e-05,0.0,0.0,0.0,-0.0,-2.4e-05,-8.7e-05,0.0,-1.4e-05,-2e-06,-0.000114,-0.000129,0.0,-9.3e-05,0.0,-3.5e-05,-0.0,0.0,-0.0,-0.000285,-5.4e-05,-2.2e-05,-2.2e-05,-0.00015,-0.0,-0.0,-0.0,0.0,-0.0,-0.0,-3e-06,-2.7e-05
2017-05-27 19:26:00+02:00,0.0,0.0,-0.0,-1.2e-05,-0.0,0.0,-0.0,-0.0,-5e-06,-0.0,0.0,0.0,-6.6e-05,-9.1e-05,-2e-06,-5e-05,-0.0,0.0,0.0,-0.0,0.0,-0.0,-0.0,0.0,-8.8e-05,-0.000113,-0.0,0.0,-0.0,-0.0,0.0,-1.7e-05,0.0,-3e-05,-8.8e-05,0.0,-0.0,-0.0,0.0,-0.000149,-0.0,0.0,-0.0,0.0,-0.0,-0.0,-0.0,-0.0,-0.0,0.0,0.0,-0.0,-1.7e-05,-0.000102,0.0,0.0,-0.0,0.0,0.0,-0.0,-0.0,-0.000125,-5e-06,0.0,-0.0,-7.3e-05,-0.0,-0.0,0.0,-0.0,-0.0,-0.0,0.0,-0.0,-0.000107,0.0,-0.0,0.0,-0.0,0.0,-6e-06,0.0,-0.0,-0.000125,-0.0,-0.0,-1.2e-05,0.0,0.0,0.0,-0.0,-1.9e-05,-7.1e-05,0.0,-1.1e-05,-1e-06,-9.1e-05,-0.000103,0.0,-7.5e-05,0.0,-2.8e-05,-0.0,0.0,-0.0,-0.000234,-4.4e-05,-1.8e-05,-1.8e-05,-0.00012,-0.0,-0.0,-0.0,0.0,-0.0,-0.0,-2e-06,-2.2e-05
2017-05-27 19:27:00+02:00,0.0,0.0,-0.0,-9e-06,-0.0,0.0,-0.0,-0.0,-4e-06,-0.0,0.0,0.0,-5.3e-05,-7.3e-05,-2e-06,-4e-05,-0.0,0.0,0.0,-0.0,0.0,-0.0,-0.0,0.0,-7.1e-05,-9.1e-05,-0.0,0.0,-0.0,-0.0,0.0,-1.4e-05,0.0,-2.4e-05,-7e-05,0.0,-0.0,-0.0,0.0,-0.000119,-0.0,0.0,-0.0,0.0,-0.0,-0.0,-0.0,-0.0,-0.0,0.0,0.0,-0.0,-1.4e-05,-8.2e-05,0.0,0.0,-0.0,0.0,0.0,-0.0,-0.0,-0.0001,-4e-06,0.0,-0.0,-5.9e-05,-0.0,-0.0,0.0,-0.0,-0.0,-0.0,0.0,-0.0,-8.6e-05,0.0,-0.0,0.0,-0.0,0.0,-5e-06,0.0,-0.0,-0.0001,-0.0,-0.0,-1e-05,0.0,0.0,0.0,-0.0,-1.5e-05,-5.6e-05,0.0,-9e-06,-1e-06,-7.3e-05,-8.3e-05,0.0,-6e-05,0.0,-2.2e-05,-0.0,0.0,-0.0,-0.000187,-3.5e-05,-1.4e-05,-1.4e-05,-9.6e-05,-0.0,-0.0,-0.0,0.0,-0.0,-0.0,-2e-06,-1.7e-05
2017-05-27 19:28:00+02:00,0.0,0.0,-0.0,-8e-06,-0.0,0.0,-0.0,-0.0,-3e-06,-0.0,0.0,0.0,-4.2e-05,-5.8e-05,-1e-06,-3.2e-05,-0.0,0.0,0.0,-0.0,0.0,-0.0,-0.0,0.0,-5.6e-05,-7.3e-05,-0.0,0.0,-0.0,-0.0,0.0,-1.1e-05,0.0,-1.9e-05,-5.6e-05,0.0,-0.0,-0.0,0.0,-9.6e-05,-0.0,0.0,-0.0,0.0,-0.0,-0.0,-0.0,-0.0,-0.0,0.0,0.0,-0.0,-1.1e-05,-6.6e-05,0.0,0.0,-0.0,0.0,0.0,-0.0,-0.0,-8e-05,-3e-06,0.0,-0.0,-4.7e-05,-0.0,-0.0,0.0,-0.0,-0.0,-0.0,0.0,-0.0,-6.8e-05,0.0,-0.0,0.0,-0.0,0.0,-4e-06,0.0,-0.0,-8e-05,-0.0,-0.0,-8e-06,0.0,0.0,0.0,-0.0,-1.2e-05,-4.5e-05,0.0,-7e-06,-1e-06,-5.8e-05,-6.6e-05,0.0,-4.8e-05,0.0,-1.8e-05,-0.0,0.0,-0.0,-0.00015,-2.8e-05,-1.1e-05,-1.1e-05,-7.7e-05,-0.0,-0.0,-0.0,0.0,-0.0,-0.0,-1e-06,-1.4e-05
2017-05-27 19:29:00+02:00,0.0,0.0,-0.0,-6e-06,-0.0,0.0,-0.0,-0.0,-3e-06,-0.0,0.0,0.0,-3.4e-05,-4.7e-05,-1e-06,-2.6e-05,-0.0,0.0,0.0,-0.0,0.0,-0.0,-0.0,0.0,-4.5e-05,-5.8e-05,-0.0,0.0,-0.0,-0.0,0.0,-9e-06,0.0,-1.6e-05,-4.5e-05,0.0,-0.0,-0.0,0.0,-7.6e-05,-0.0,0.0,-0.0,0.0,-0.0,-0.0,-0.0,-0.0,-0.0,0.0,0.0,-0.0,-9e-06,-5.2e-05,0.0,0.0,-0.0,0.0,0.0,-0.0,-0.0,-6.4e-05,-3e-06,0.0,-0.0,-3.8e-05,-0.0,-0.0,0.0,-0.0,-0.0,-0.0,0.0,-0.0,-5.5e-05,0.0,-0.0,0.0,-0.0,0.0,-3e-06,0.0,-0.0,-6.4e-05,-0.0,-0.0,-6e-06,0.0,0.0,0.0,-0.0,-1e-05,-3.6e-05,0.0,-6e-06,-1e-06,-4.7e-05,-5.3e-05,0.0,-3.8e-05,0.0,-1.4e-05,-0.0,0.0,-0.0,-0.00012,-2.3e-05,-9e-06,-9e-06,-6.2e-05,-0.0,-0.0,-0.0,0.0,-0.0,-0.0,-1e-06,-1.1e-05
2017-05-27 19:30:00+02:00,0.0,0.0,-0.0,-5e-06,-0.0,0.0,-0.0,-0.0,-2e-06,-0.0,0.0,0.0,-2.7e-05,-3.7e-05,-1e-06,-2.1e-05,-0.0,0.0,0.0,-0.0,0.0,-0.0,-0.0,0.0,-3.6e-05,-4.6e-05,-0.0,0.0,-0.0,-0.0,0.0,-7e-06,0.0,-1.2e-05,-3.6e-05,0.0,-0.0,-0.0,0.0,-6.1e-05,-0.0,0.0,-0.0,0.0,-0.0,-0.0,-0.0,-0.0,-0.0,0.0,0.0,-0.0,-7e-06,-4.2e-05,0.0,0.0,-0.0,0.0,0.0,-0.0,-0.0,-5.1e-05,-2e-06,0.0,-0.0,-3e-05,-0.0,-0.0,0.0,-0.0,-0.0,-0.0,0.0,-0.0,-4.4e-05,0.0,-0.0,0.0,-0.0,0.0,-3e-06,0.0,-0.0,-5.1e-05,-0.0,-0.0,-5e-06,0.0,0.0,0.0,-0.0,-8e-06,-2.9e-05,0.0,-4e-06,-1e-06,-3.7e-05,-4.2e-05,0.0,-3.1e-05,0.0,-1.1e-05,-0.0,0.0,-0.0,-9.6e-05,-1.8e-05,-7e-06,-7e-06,-4.9e-05,-0.0,-0.0,-0.0,0.0,-0.0,-0.0,-1e-06,-9e-06
2017-05-27 19:31:00+02:00,0.0,0.0,-0.0,-4e-06,-0.0,0.0,-0.0,-0.0,-2e-06,-0.0,0.0,0.0,-2.2e-05,-3e-05,-1e-06,-1.7e-05,-0.0,0.0,0.0,-0.0,0.0,-0.0,-0.0,0.0,-2.9e-05,-3.7e-05,-0.0,0.0,-0.0,-0.0,0.0,-6e-06,0.0,-1e-05,-2.9e-05,0.0,-0.0,-0.0,0.0,-4.9e-05,-0.0,0.0,-0.0,0.0,-0.0,-0.0,-0.0,-0.0,-0.0,0.0,0.0,-0.0,-6e-06,-3.4e-05,0.0,0.0,-0.0,0.0,0.0,-0.0,-0.0,-4.1e-05,-2e-06,0.0,-0.0,-2.4e-05,-0.0,-0.0,0.0,-0.0,-0.0,-0.0,0.0,-0.0,-3.5e-05,0.0,-0.0,0.0,-0.0,0.0,-2e-06,0.0,-0.0,-4.1e-05,-0.0,-0.0,-4e-06,0.0,0.0,0.0,-0.0,-6e-06,-2.3e-05,0.0,-4e-06,-0.0,-3e-05,-3.4e-05,0.0,-2.4e-05,0.0,-9e-06,-0.0,0.0,-0.0,-7.7e-05,-1.4e-05,-6e-06,-6e-06,-3.9e-05,-0.0,-0.0,-0.0,0.0,-0.0,-0.0,-1e-06,-7e-06
2017-05-27 19:32:00+02:00,0.0,0.0,-0.0,-3e-06,-0.0,0.0,-0.0,-0.0,-1e-06,-0.0,0.0,0.0,-1.7e-05,-2.4e-05,-1e-06,-1.3e-05,-0.0,0.0,0.0,-0.0,0.0,-0.0,-0.0,0.0,-2.3e-05,-3e-05,-0.0,0.0,-0.0,-0.0,0.0,-4e-06,0.0,-8e-06,-2.3e-05,0.0,-0.0,-0.0,0.0,-3.9e-05,-0.0,0.0,-0.0,0.0,-0.0,-0.0,-0.0,-0.0,-0.0,0.0,0.0,-0.0,-5e-06,-2.7e-05,0.0,0.0,-0.0,0.0,0.0,-0.0,-0.0,-3.3e-05,-1e-06,0.0,-0.0,-1.9e-05,-0.0,-0.0,0.0,-0.0,-0.0,-0.0,0.0,-0.0,-2.8e-05,0.0,-0.0,0.0,-0.0,0.0,-2e-06,0.0,-0.0,-3.3e-05,-0.0,-0.0,-3e-06,0.0,0.0,0.0,-0.0,-5e-06,-1.9e-05,0.0,-3e-06,-0.0,-2.4e-05,-2.7e-05,0.0,-2e-05,0.0,-7e-06,-0.0,0.0,-0.0,-6.1e-05,-1.2e-05,-5e-06,-5e-06,-3.2e-05,-0.0,-0.0,-0.0,0.0,-0.0,-0.0,-1e-06,-6e-06
2017-05-27 19:33:00+02:00,0.0,0.0,-0.0,-2e-06,-0.0,0.0,-0.0,-0.0,-1e-06,-0.0,0.0,0.0,-1.4e-05,-1.9e-05,-0.0,-1.1e-05,-0.0,0.0,0.0,-0.0,0.0,-0.0,-0.0,0.0,-1.8e-05,-2.4e-05,-0.0,0.0,-0.0,-0.0,0.0,-4e-06,0.0,-6e-06,-1.8e-05,0.0,-0.0,-0.0,0.0,-3.1e-05,-0.0,0.0,-0.0,0.0,-0.0,-0.0,-0.0,-0.0,-0.0,0.0,0.0,-0.0,-4e-06,-2.1e-05,0.0,0.0,-0.0,0.0,0.0,-0.0,-0.0,-2.6e-05,-1e-06,0.0,-0.0,-1.5e-05,-0.0,-0.0,0.0,-0.0,-0.0,-0.0,0.0,-0.0,-2.2e-05,0.0,-0.0,0.0,-0.0,0.0,-1e-06,0.0,-0.0,-2.6e-05,-0.0,-0.0,-3e-06,0.0,0.0,0.0,-0.0,-4e-06,-1.5e-05,0.0,-2e-06,-0.0,-1.9e-05,-2.2e-05,0.0,-1.6e-05,0.0,-6e-06,-0.0,0.0,-0.0,-4.9e-05,-9e-06,-4e-06,-4e-06,-2.5e-05,-0.0,-0.0,-0.0,0.0,-0.0,-0.0,-0.0,-5e-06
2017-05-27 19:34:00+02:00,0.0,0.0,-0.0,-2e-06,-0.0,0.0,-0.0,-0.0,-1e-06,-0.0,0.0,0.0,-1.1e-05,-1.5e-05,-0.0,-8e-06,-0.0,0.0,0.0,-0.0,0.0,-0.0,-0.0,0.0,-1.5e-05,-1.9e-05,-0.0,0.0,-0.0,-0.0,0.0,-3e-06,0.0,-5e-06,-1.5e-05,0.0,-0.0,-0.0,0.0,-2.5e-05,-0.0,0.0,-0.0,0.0,-0.0,-0.0,-0.0,-0.0,-0.0,0.0,0.0,-0.0,-3e-06,-1.7e-05,0.0,0.0,-0.0,0.0,0.0,-0.0,-0.0,-2.1e-05,-1e-06,0.0,-0.0,-1.2e-05,-0.0,-0.0,0.0,-0.0,-0.0,-0.0,0.0,-0.0,-1.8e-05,0.0,-0.0,0.0,-0.0,0.0,-1e-06,0.0,-0.0,-2.1e-05,-0.0,-0.0,-2e-06,0.0,0.0,0.0,-0.0,-3e-06,-1.2e-05,0.0,-2e-06,-0.0,-1.5e-05,-1.7e-05,0.0,-1.3e-05,0.0,-5e-06,-0.0,0.0,-0.0,-3.9e-05,-7e-06,-3e-06,-3e-06,-2e-05,-0.0,-0.0,-0.0,0.0,-0.0,-0.0,-0.0,-4e-06
2017-05-27 19:35:00+02:00,0.0,0.0,-0.0,-2e-06,-0.0,0.0,-0.0,-0.0,-1e-06,-0.0,0.0,0.0,-9e-06,-1.2e-05,-0.0,-7e-06,-0.0,0.0,0.0,-0.0,0.0,-0.0,-0.0,0.0,-1.2e-05,-1.5e-05,-0.0,0.0,-0.0,-0.0,0.0,-2e-06,0.0,-4e-06,-1.2e-05,0.0,-0.0,-0.0,0.0,-2e-05,-0.0,0.0,-0.0,0.0,-0.0,-0.0,-0.0,-0.0,-0.0,0.0,0.0,-0.0,-2e-06,-1.4e-05,0.0,0.0,-0.0,0.0,0.0,-0.0,-0.0,-1.7e-05,-1e-06,0.0,-0.0,-1e-05,-0.0,-0.0,0.0,-0.0,-0.0,-0.0,0.0,-0.0,-1.4e-05,0.0,-0.0,0.0,-0.0,0.0,-1e-06,0.0,-0.0,-1.7e-05,-0.0,-0.0,-2e-06,0.0,0.0,0.0,-0.0,-3e-06,-9e-06,0.0,-1e-06,-0.0,-1.2e-05,-1.4e-05,0.0,-1e-05,0.0,-4e-06,-0.0,0.0,-0.0,-3.1e-05,-6e-06,-2e-06,-2e-06,-1.6e-05,-0.0,-0.0,-0.0,0.0,-0.0,-0.0,-0.0,-3e-06
2017-05-27 19:36:00+02:00,0.0,0.0,-0.0,-1e-06,-0.0,0.0,-0.0,-0.0,-1e-06,-0.0,0.0,0.0,-7e-06,-1e-05,-0.0,-5e-06,-0.0,0.0,0.0,-0.0,0.0,-0.0,-0.0,0.0,-9e-06,-1.2e-05,-0.0,0.0,-0.0,-0.0,0.0,-2e-06,0.0,-3e-06,-9e-06,0.0,-0.0,-0.0,0.0,-1.6e-05,-0.0,0.0,-0.0,0.0,-0.0,-0.0,-0.0,-0.0,-0.0,0.0,0.0,-0.0,-2e-06,-1.1e-05,0.0,0.0,-0.0,0.0,0.0,-0.0,-0.0,-1.3e-05,-1e-06,0.0,-0.0,-8e-06,-0.0,-0.0,0.0,-0.0,-0.0,-0.0,0.0,-0.0,-1.1e-05,0.0,-0.0,0.0,-0.0,0.0,-1e-06,0.0,-0.0,-1.3e-05,-0.0,-0.0,-1e-06,0.0,0.0,0.0,-0.0,-2e-06,-8e-06,0.0,-1e-06,-0.0,-1e-05,-1.1e-05,0.0,-8e-06,0.0,-3e-06,-0.0,0.0,-0.0,-2.5e-05,-5e-06,-2e-06,-2e-06,-1.3e-05,-0.0,-0.0,-0.0,0.0,-0.0,-0.0,-0.0,-2e-06
2017-05-27 19:37:00+02:00,0.0,0.0,-0.0,-1e-06,-0.0,0.0,-0.0,-0.0,-0.0,-0.0,0.0,0.0,-6e-06,-8e-06,-0.0,-4e-06,-0.0,0.0,0.0,-0.0,0.0,-0.0,-0.0,0.0,-8e-06,-1e-05,-0.0,0.0,-0.0,-0.0,0.0,-1e-06,0.0,-3e-06,-8e-06,0.0,-0.0,-0.0,0.0,-1.3e-05,-0.0,0.0,-0.0,0.0,-0.0,-0.0,-0.0,-0.0,-0.0,0.0,0.0,-0.0,-2e-06,-9e-06,0.0,0.0,-0.0,0.0,0.0,-0.0,-0.0,-1.1e-05,-0.0,0.0,-0.0,-6e-06,-0.0,-0.0,0.0,-0.0,-0.0,-0.0,0.0,-0.0,-9e-06,0.0,-0.0,0.0,-0.0,0.0,-1e-06,0.0,-0.0,-1.1e-05,-0.0,-0.0,-1e-06,0.0,0.0,0.0,-0.0,-2e-06,-6e-06,0.0,-1e-06,-0.0,-8e-06,-9e-06,0.0,-6e-06,0.0,-2e-06,-0.0,0.0,-0.0,-2e-05,-4e-06,-2e-06,-2e-06,-1e-05,-0.0,-0.0,-0.0,0.0,-0.0,-0.0,-0.0,-2e-06
2017-05-27 19:38:00+02:00,0.0,0.0,-0.0,-1e-06,-0.0,0.0,-0.0,-0.0,-0.0,-0.0,0.0,0.0,-5e-06,-6e-06,-0.0,-3e-06,-0.0,0.0,0.0,-0.0,0.0,-0.0,-0.0,0.0,-6e-06,-8e-06,-0.0,0.0,-0.0,-0.0,0.0,-1e-06,0.0,-2e-06,-6e-06,0.0,-0.0,-0.0,0.0,-1e-05,-0.0,0.0,-0.0,0.0,-0.0,-0.0,-0.0,-0.0,-0.0,0.0,0.0,-0.0,-1e-06,-7e-06,0.0,0.0,-0.0,0.0,0.0,-0.0,-0.0,-9e-06,-0.0,0.0,-0.0,-5e-06,-0.0,-0.0,0.0,-0.0,-0.0,-0.0,0.0,-0.0,-7e-06,0.0,-0.0,0.0,-0.0,0.0,-0.0,0.0,-0.0,-9e-06,-0.0,-0.0,-1e-06,0.0,0.0,0.0,-0.0,-1e-06,-5e-06,0.0,-1e-06,-0.0,-6e-06,-7e-06,0.0,-5e-06,0.0,-2e-06,-0.0,0.0,-0.0,-1.6e-05,-3e-06,-1e-06,-1e-06,-8e-06,-0.0,-0.0,-0.0,0.0,-0.0,-0.0,-0.0,-1e-06
2017-05-27 19:39:00+02:00,0.0,0.0,-0.0,-1e-06,-0.0,0.0,-0.0,-0.0,-0.0,-0.0,0.0,0.0,-4e-06,-5e-06,-0.0,-3e-06,-0.0,0.0,0.0,-0.0,0.0,-0.0,-0.0,0.0,-5e-06,-6e-06,-0.0,0.0,-0.0,-0.0,0.0,-1e-06,0.0,-2e-06,-5e-06,0.0,-0.0,-0.0,0.0,-8e-06,-0.0,0.0,-0.0,0.0,-0.0,-0.0,-0.0,-0.0,-0.0,0.0,0.0,-0.0,-1e-06,-6e-06,0.0,0.0,-0.0,0.0,0.0,-0.0,-0.0,-7e-06,-0.0,0.0,-0.0,-4e-06,-0.0,-0.0,0.0,-0.0,-0.0,-0.0,0.0,-0.0,-6e-06,0.0,-0.0,0.0,-0.0,0.0,-0.0,0.0,-0.0,-7e-06,-0.0,-0.0,-1e-06,0.0,0.0,0.0,-0.0,-1e-06,-4e-06,0.0,-1e-06,-0.0,-5e-06,-6e-06,0.0,-4e-06,0.0,-2e-06,-0.0,0.0,-0.0,-1.3e-05,-2e-06,-1e-06,-1e-06,-7e-06,-0.0,-0.0,-0.0,0.0,-0.0,-0.0,-0.0,-1e-06
2017-05-27 19:40:00+02:00,0.0,0.0,-0.0,-1e-06,-0.0,0.0,-0.0,-0.0,-0.0,-0.0,0.0,0.0,-3e-06,-4e-06,-0.0,-2e-06,-0.0,0.0,0.0,-0.0,0.0,-0.0,-0.0,0.0,-4e-06,-5e-06,-0.0,0.0,-0.0,-0.0,0.0,-1e-06,0.0,-1e-06,-4e-06,0.0,-0.0,-0.0,0.0,-7e-06,-0.0,0.0,-0.0,0.0,-0.0,-0.0,-0.0,-0.0,-0.0,0.0,0.0,-0.0,-1e-06,-5e-06,0.0,0.0,-0.0,0.0,0.0,-0.0,-0.0,-5e-06,-0.0,0.0,-0.0,-3e-06,-0.0,-0.0,0.0,-0.0,-0.0,-0.0,0.0,-0.0,-5e-06,0.0,-0.0,0.0,-0.0,0.0,-0.0,0.0,-0.0,-5e-06,-0.0,-0.0,-1e-06,0.0,0.0,0.0,-0.0,-1e-06,-3e-06,0.0,-0.0,-0.0,-4e-06,-5e-06,0.0,-3e-06,0.0,-1e-06,-0.0,0.0,-0.0,-1e-05,-2e-06,-1e-06,-1e-06,-5e-06,-0.0,-0.0,-0.0,0.0,-0.0,-0.0,-0.0,-1e-06
2017-05-27 19:41:00+02:00,0.0,0.0,-0.0,-0.0,-0.0,0.0,-0.0,-0.0,-0.0,-0.0,0.0,0.0,-2e-06,-3e-06,-0.0,-2e-06,-0.0,0.0,0.0,-0.0,0.0,-0.0,-0.0,0.0,-3e-06,-4e-06,-0.0,0.0,-0.0,-0.0,0.0,-1e-06,0.0,-1e-06,-3e-06,0.0,-0.0,-0.0,0.0,-5e-06,-0.0,0.0,-0.0,0.0,-0.0,-0.0,-0.0,-0.0,-0.0,0.0,0.0,-0.0,-1e-06,-4e-06,0.0,0.0,-0.0,0.0,0.0,-0.0,-0.0,-4e-06,-0.0,0.0,-0.0,-3e-06,-0.0,-0.0,0.0,-0.0,-0.0,-0.0,0.0,-0.0,-4e-06,0.0,-0.0,0.0,-0.0,0.0,-0.0,0.0,-0.0,-4e-06,-0.0,-0.0,-0.0,0.0,0.0,0.0,-0.0,-1e-06,-2e-06,0.0,-0.0,-0.0,-3e-06,-4e-06,0.0,-3e-06,0.0,-1e-06,-0.0,0.0,-0.0,-8e-06,-2e-06,-1e-06,-1e-06,-4e-06,-0.0,-0.0,-0.0,0.0,-0.0,-0.0,-0.0,-1e-06
2017-05-27 19:42:00+02:00,0.0,0.0,-0.0,-0.0,-0.0,0.0,-0.0,-0.0,-0.0,-0.0,0.0,0.0,-2e-06,-3e-06,-0.0,-1e-06,-0.0,0.0,0.0,-0.0,0.0,-0.0,-0.0,0.0,-2e-06,-3e-06,-0.0,0.0,-0.0,-0.0,0.0,-0.0,0.0,-1e-06,-2e-06,0.0,-0.0,-0.0,0.0,-4e-06,-0.0,0.0,-0.0,0.0,-0.0,-0.0,-0.0,-0.0,-0.0,0.0,0.0,-0.0,-0.0,-3e-06,0.0,0.0,-0.0,0.0,0.0,-0.0,-0.0,-4e-06,-0.0,0.0,-0.0,-2e-06,-0.0,-0.0,0.0,-0.0,-0.0,-0.0,0.0,-0.0,-3e-06,0.0,-0.0,0.0,-0.0,0.0,-0.0,0.0,-0.0,-4e-06,-0.0,-0.0,-0.0,0.0,0.0,0.0,-0.0,-1e-06,-2e-06,0.0,-0.0,-0.0,-3e-06,-3e-06,0.0,-2e-06,0.0,-1e-06,-0.0,0.0,-0.0,-7e-06,-1e-06,-1e-06,-0.0,-3e-06,-0.0,-0.0,-0.0,0.0,-0.0,-0.0,-0.0,-1e-06
2017-05-27 19:43:00+02:00,0.0,0.0,-0.0,-0.0,-0.0,0.0,-0.0,-0.0,-0.0,-0.0,0.0,0.0,-1e-06,-2e-06,-0.0,-1e-06,-0.0,0.0,0.0,-0.0,0.0,-0.0,-0.0,0.0,-2e-06,-3e-06,-0.0,0.0,-0.0,-0.0,0.0,-0.0,0.0,-1e-06,-2e-06,0.0,-0.0,-0.0,0.0,-3e-06,-0.0,0.0,-0.0,0.0,-0.0,-0.0,-0.0,-0.0,-0.0,0.0,0.0,-0.0,-0.0,-2e-06,0.0,0.0,-0.0,0.0,0.0,-0.0,-0.0,-3e-06,-0.0,0.0,-0.0,-2e-06,-0.0,-0.0,0.0,-0.0,-0.0,-0.0,0.0,-0.0,-2e-06,0.0,-0.0,0.0,-0.0,0.0,-0.0,0.0,-0.0,-3e-06,-0.0,-0.0,-0.0,0.0,0.0,0.0,-0.0,-0.0,-2e-06,0.0,-0.0,-0.0,-2e-06,-2e-06,0.0,-2e-06,0.0,-1e-06,-0.0,0.0,-0.0,-5e-06,-1e-06,-0.0,-0.0,-3e-06,-0.0,-0.0,-0.0,0.0,-0.0,-0.0,-0.0,-0.0
2017-05-27 19:44:00+02:00,0.0,0.0,-0.0,-0.0,-0.0,0.0,-0.0,-0.0,-0.0,-0.0,0.0,0.0,-1e-06,-2e-06,-0.0,-1e-06,-0.0,0.0,0.0,-0.0,0.0,-0.0,-0.0,0.0,-2e-06,-2e-06,-0.0,0.0,-0.0,-0.0,0.0,-0.0,0.0,-1e-06,-2e-06,0.0,-0.0,-0.0,0.0,-3e-06,-0.0,0.0,-0.0,0.0,-0.0,-0.0,-0.0,-0.0,-0.0,0.0,0.0,-0.0,-0.0,-2e-06,0.0,0.0,-0.0,0.0,0.0,-0.0,-0.0,-2e-06,-0.0,0.0,-0.0,-1e-06,-0.0,-0.0,0.0,-0.0,-0.0,-0.0,0.0,-0.0,-2e-06,0.0,-0.0,0.0,-0.0,0.0,-0.0,0.0,-0.0,-2e-06,-0.0,-0.0,-0.0,0.0,0.0,0.0,-0.0,-0.0,-1e-06,0.0,-0.0,-0.0,-2e-06,-2e-06,0.0,-1e-06,0.0,-1e-06,-0.0,0.0,-0.0,-4e-06,-1e-06,-0.0,-0.0,-2e-06,-0.0,-0.0,-0.0,0.0,-0.0,-0.0,-0.0,-0.0
2017-05-27 19:45:00+02:00,0.0,0.0,-0.0,-0.0,-0.0,0.0,-0.0,-0.0,-0.0,-0.0,0.0,0.0,-1e-06,-1e-06,-0.0,-1e-06,-0.0,0.0,0.0,-0.0,0.0,-0.0,-0.0,0.0,-1e-06,-2e-06,-0.0,0.0,-0.0,-0.0,0.0,-0.0,0.0,-0.0,-1e-06,0.0,-0.0,-0.0,0.0,-2e-06,-0.0,0.0,-0.0,0.0,-0.0,-0.0,-0.0,-0.0,-0.0,0.0,0.0,-0.0,-0.0,-1e-06,0.0,0.0,-0.0,0.0,0.0,-0.0,-0.0,-2e-06,-0.0,0.0,-0.0,-1e-06,-0.0,-0.0,0.0,-0.0,-0.0,-0.0,0.0,-0.0,-2e-06,0.0,-0.0,0.0,-0.0,0.0,-0.0,0.0,-0.0,-2e-06,-0.0,-0.0,-0.0,0.0,0.0,0.0,-0.0,-0.0,-1e-06,0.0,-0.0,-0.0,-1e-06,-1e-06,0.0,-1e-06,0.0,-0.0,-0.0,0.0,-0.0,-3e-06,-1e-06,-0.0,-0.0,-2e-06,-0.0,-0.0,-0.0,0.0,-0.0,-0.0,-0.0,-0.0
2017-05-27 19:46:00+02:00,0.0,0.0,-0.0,-0.0,-0.0,0.0,-0.0,-0.0,-0.0,-0.0,0.0,0.0,-1e-06,-1e-06,-0.0,-1e-06,-0.0,0.0,0.0,-0.0,0.0,-0.0,-0.0,0.0,-1e-06,-1e-06,-0.0,0.0,-0.0,-0.0,0.0,-0.0,0.0,-0.0,-1e-06,0.0,-0.0,-0.0,0.0,-2e-06,-0.0,0.0,-0.0,0.0,-0.0,-0.0,-0.0,-0.0,-0.0,0.0,0.0,-0.0,-0.0,-1e-06,0.0,0.0,-0.0,0.0,0.0,-0.0,-0.0,-1e-06,-0.0,0.0,-0.0,-1e-06,-0.0,-0.0,0.0,-0.0,-0.0,-0.0,0.0,-0.0,-1e-06,0.0,-0.0,0.0,-0.0,0.0,-0.0,0.0,-0.0,-1e-06,-0.0,-0.0,-0.0,0.0,0.0,0.0,-0.0,-0.0,-1e-06,0.0,-0.0,-0.0,-1e-06,-1e-06,0.0,-1e-06,0.0,-0.0,-0.0,0.0,-0.0,-3e-06,-1e-06,-0.0,-0.0,-1e-06,-0.0,-0.0,-0.0,0.0,-0.0,-0.0,-0.0,-0.0
2017-05-27 19:47:00+02:00,0.0,0.0,-0.0,-0.0,-0.0,0.0,-0.0,-0.0,-0.0,-0.0,0.0,0.0,-1e-06,-1e-06,-0.0,-0.0,-0.0,0.0,0.0,-0.0,0.0,-0.0,-0.0,0.0,-1e-06,-1e-06,-0.0,0.0,-0.0,-0.0,0.0,-0.0,0.0,-0.0,-1e-06,0.0,-0.0,-0.0,0.0,-1e-06,-0.0,0.0,-0.0,0.0,-0.0,-0.0,-0.0,-0.0,-0.0,0.0,0.0,-0.0,-0.0,-1e-06,0.0,0.0,-0.0,0.0,0.0,-0.0,-0.0,-1e-06,-0.0,0.0,-0.0,-1e-06,-0.0,-0.0,0.0,-0.0,-0.0,-0.0,0.0,-0.0,-1e-06,0.0,-0.0,0.0,-0.0,0.0,-0.0,0.0,-0.0,-1e-06,-0.0,-0.0,-0.0,0.0,0.0,0.0,-0.0,-0.0,-1e-06,0.0,-0.0,-0.0,-1e-06,-1e-06,0.0,-1e-06,0.0,-0.0,-0.0,0.0,-0.0,-2e-06,-0.0,-0.0,-0.0,-1e-06,-0.0,-0.0,-0.0,0.0,-0.0,-0.0,-0.0,-0.0
2017-05-27 19:48:00+02:00,0.0,0.0,-0.0,-0.0,-0.0,0.0,-0.0,-0.0,-0.0,-0.0,0.0,0.0,-0.0,-1e-06,-0.0,-0.0,-0.0,0.0,0.0,-0.0,0.0,-0.0,-0.0,0.0,-1e-06,-1e-06,-0.0,0.0,-0.0,-0.0,0.0,-0.0,0.0,-0.0,-1e-06,0.0,-0.0,-0.0,0.0,-1e-06,-0.0,0.0,-0.0,0.0,-0.0,-0.0,-0.0,-0.0,-0.0,0.0,0.0,-0.0,-0.0,-1e-06,0.0,0.0,-0.0,0.0,0.0,-0.0,-0.0,-1e-06,-0.0,0.0,-0.0,-1e-06,-0.0,-0.0,0.0,-0.0,-0.0,-0.0,0.0,-0.0,-1e-06,0.0,-0.0,0.0,-0.0,0.0,-0.0,0.0,-0.0,-1e-06,-0.0,-0.0,-0.0,0.0,0.0,0.0,-0.0,-0.0,-1e-06,0.0,-0.0,-0.0,-1e-06,-1e-06,0.0,-1e-06,0.0,-0.0,-0.0,0.0,-0.0,-2e-06,-0.0,-0.0,-0.0,-1e-06,-0.0,-0.0,-0.0,0.0,-0.0,-0.0,-0.0,-0.0
2017-05-27 19:49:00+02:00,0.0,0.0,-0.0,-0.0,-0.0,0.0,-0.0,-0.0,-0.0,-0.0,0.0,0.0,-0.0,-1e-06,-0.0,-0.0,-0.0,0.0,0.0,-0.0,0.0,-0.0,-0.0,0.0,-1e-06,-1e-06,-0.0,0.0,-0.0,-0.0,0.0,-0.0,0.0,-0.0,-1e-06,0.0,-0.0,-0.0,0.0,-1e-06,-0.0,0.0,-0.0,0.0,-0.0,-0.0,-0.0,-0.0,-0.0,0.0,0.0,-0.0,-0.0,-1e-06,0.0,0.0,-0.0,0.0,0.0,-0.0,-0.0,-1e-06,-0.0,0.0,-0.0,-0.0,-0.0,-0.0,0.0,-0.0,-0.0,-0.0,0.0,-0.0,-1e-06,0.0,-0.0,0.0,-0.0,0.0,-0.0,0.0,-0.0,-1e-06,-0.0,-0.0,-0.0,0.0,0.0,0.0,-0.0,-0.0,-0.0,0.0,-0.0,-0.0,-1e-06,-1e-06,0.0,-0.0,0.0,-0.0,-0.0,0.0,-0.0,-1e-06,-0.0,-0.0,-0.0,-1e-06,-0.0,-0.0,-0.0,0.0,-0.0,-0.0,-0.0,-0.0
2017-05-27 19:50:00+02:00,0.0,0.0,-0.0,-0.0,-0.0,0.0,-0.0,-0.0,-0.0,-0.0,0.0,0.0,-0.0,-0.0,-0.0,-0.0,-0.0,0.0,0.0,-0.0,0.0,-0.0,-0.0,0.0,-0.0,-1e-06,-0.0,0.0,-0.0,-0.0,0.0,-0.0,0.0,-0.0,-0.0,0.0,-0.0,-0.0,0.0,-1e-06,-0.0,0.0,-0.0,0.0,-0.0,-0.0,-0.0,-0.0,-0.0,0.0,0.0,-0.0,-0.0,-0.0,0.0,0.0,-0.0,0.0,0.0,-0.0,-0.0,-1e-06,-0.0,0.0,-0.0,-0.0,-0.0,-0.0,0.0,-0.0,-0.0,-0.0,0.0,-0.0,-1e-06,0.0,-0.0,0.0,-0.0,0.0,-0.0,0.0,-0.0,-1e-06,-0.0,-0.0,-0.0,0.0,0.0,0.0,-0.0,-0.0,-0.0,0.0,-0.0,-0.0,-0.0,-0.0,0.0,-0.0,0.0,-0.0,-0.0,0.0,-0.0,-1e-06,-0.0,-0.0,-0.0,-1e-06,-0.0,-0.0,-0.0,0.0,-0.0,-0.0,-0.0,-0.0
2017-05-27 19:51:00+02:00,0.0,0.0,-0.0,-0.0,-0.0,0.0,-0.0,-0.0,-0.0,-0.0,0.0,0.0,-0.0,-0.0,-0.0,-0.0,-0.0,0.0,0.0,-0.0,0.0,-0.0,-0.0,0.0,-0.0,-0.0,-0.0,0.0,-0.0,-0.0,0.0,-0.0,0.0,-0.0,-0.0,0.0,-0.0,-0.0,0.0,-1e-06,-0.0,0.0,-0.0,0.0,-0.0,-0.0,-0.0,-0.0,-0.0,0.0,0.0,-0.0,-0.0,-0.0,0.0,0.0,-0.0,0.0,0.0,-0.0,-0.0,-0.0,-0.0,0.0,-0.0,-0.0,-0.0,-0.0,0.0,-0.0,-0.0,-0.0,0.0,-0.0,-0.0,0.0,-0.0,0.0,-0.0,0.0,-0.0,0.0,-0.0,-0.0,-0.0,-0.0,-0.0,0.0,0.0,0.0,-0.0,-0.0,-0.0,0.0,-0.0,-0.0,-0.0,-0.0,0.0,-0.0,0.0,-0.0,-0.0,0.0,-0.0,-1e-06,-0.0,-0.0,-0.0,-0.0,-0.0,-0.0,-0.0,0.0,-0.0,-0.0,-0.0,-0.0
2017-05-27 19:52:00+02:00,0.0,0.0,-0.0,-0.0,-0.0,0.0,-0.0,-0.0,-0.0,-0.0,0.0,0.0,-0.0,-0.0,-0.0,-0.0,-0.0,0.0,0.0,-0.0,0.0,-0.0,-0.0,0.0,-0.0,-0.0,-0.0,0.0,-0.0,-0.0,0.0,-0.0,0.0,-0.0,-0.0,0.0,-0.0,-0.0,0.0,-0.0,-0.0,0.0,-0.0,0.0,-0.0,-0.0,-0.0,-0.0,-0.0,0.0,0.0,-0.0,-0.0,-0.0,0.0,0.0,-0.0,0.0,0.0,-0.0,-0.0,-0.0,-0.0,0.0,-0.0,-0.0,-0.0,-0.0,0.0,-0.0,-0.0,-0.0,0.0,-0.0,-0.0,0.0,-0.0,0.0,-0.0,0.0,-0.0,0.0,-0.0,-0.0,-0.0,-0.0,-0.0,0.0,0.0,0.0,-0.0,-0.0,-0.0,0.0,-0.0,-0.0,-0.0,-0.0,0.0,-0.0,0.0,-0.0,-0.0,0.0,-0.0,-1e-06,-0.0,-0.0,-0.0,-0.0,-0.0,-0.0,-0.0,0.0,-0.0,-0.0,-0.0,-0.0
2017-05-27 19:53:00+02:00,0.0,0.0,-0.0,-0.0,-0.0,0.0,-0.0,-0.0,-0.0,-0.0,0.0,0.0,-0.0,-0.0,-0.0,-0.0,-0.0,0.0,0.0,-0.0,0.0,-0.0,-0.0,0.0,-0.0,-0.0,-0.0,0.0,-0.0,-0.0,0.0,-0.0,0.0,-0.0,-0.0,0.0,-0.0,-0.0,0.0,-0.0,-0.0,0.0,-0.0,0.0,-0.0,-0.0,-0.0,-0.0,-0.0,0.0,0.0,-0.0,-0.0,-0.0,0.0,0.0,-0.0,0.0,0.0,-0.0,-0.0,-0.0,-0.0,0.0,-0.0,-0.0,-0.0,-0.0,0.0,-0.0,-0.0,-0.0,0.0,-0.0,-0.0,0.0,-0.0,0.0,-0.0,0.0,-0.0,0.0,-0.0,-0.0,-0.0,-0.0,-0.0,0.0,0.0,0.0,-0.0,-0.0,-0.0,0.0,-0.0,-0.0,-0.0,-0.0,0.0,-0.0,0.0,-0.0,-0.0,0.0,-0.0,-1e-06,-0.0,-0.0,-0.0,-0.0,-0.0,-0.0,-0.0,0.0,-0.0,-0.0,-0.0,-0.0
2017-05-27 19:54:00+02:00,0.0,0.0,-0.0,-0.0,-0.0,0.0,-0.0,-0.0,-0.0,-0.0,0.0,0.0,-0.0,-0.0,-0.0,-0.0,-0.0,0.0,0.0,-0.0,0.0,-0.0,-0.0,0.0,-0.0,-0.0,-0.0,0.0,-0.0,-0.0,0.0,-0.0,0.0,-0.0,-0.0,0.0,-0.0,-0.0,0.0,-0.0,-0.0,0.0,-0.0,0.0,-0.0,-0.0,-0.0,-0.0,-0.0,0.0,0.0,-0.0,-0.0,-0.0,0.0,0.0,-0.0,0.0,0.0,-0.0,-0.0,-0.0,-0.0,0.0,-0.0,-0.0,-0.0,-0.0,0.0,-0.0,-0.0,-0.0,0.0,-0.0,-0.0,0.0,-0.0,0.0,-0.0,0.0,-0.0,0.0,-0.0,-0.0,-0.0,-0.0,-0.0,0.0,0.0,0.0,-0.0,-0.0,-0.0,0.0,-0.0,-0.0,-0.0,-0.0,0.0,-0.0,0.0,-0.0,-0.0,0.0,-0.0,-0.0,-0.0,-0.0,-0.0,-0.0,-0.0,-0.0,-0.0,0.0,-0.0,-0.0,-0.0,-0.0
2017-05-27 19:55:00+02:00,0.0,0.0,-0.0,-0.0,-0.0,0.0,-0.0,-0.0,-0.0,-0.0,0.0,0.0,-0.0,-0.0,-0.0,-0.0,-0.0,0.0,0.0,-0.0,0.0,-0.0,-0.0,0.0,-0.0,-0.0,-0.0,0.0,-0.0,-0.0,0.0,-0.0,0.0,-0.0,-0.0,0.0,-0.0,-0.0,0.0,-0.0,-0.0,0.0,-0.0,0.0,-0.0,-0.0,-0.0,-0.0,-0.0,0.0,0.0,-0.0,-0.0,-0.0,0.0,0.0,-0.0,0.0,0.0,-0.0,-0.0,-0.0,-0.0,0.0,-0.0,-0.0,-0.0,-0.0,0.0,-0.0,-0.0,-0.0,0.0,-0.0,-0.0,0.0,-0.0,0.0,-0.0,0.0,-0.0,0.0,-0.0,-0.0,-0.0,-0.0,-0.0,0.0,0.0,0.0,-0.0,-0.0,-0.0,0.0,-0.0,-0.0,-0.0,-0.0,0.0,-0.0,0.0,-0.0,-0.0,0.0,-0.0,-0.0,-0.0,-0.0,-0.0,-0.0,-0.0,-0.0,-0.0,0.0,-0.0,-0.0,-0.0,-0.0
2017-05-27 19:56:00+02:00,0.0,0.0,-0.0,-0.0,-0.0,0.0,-0.0,-0.0,-0.0,-0.0,0.0,0.0,-0.0,-0.0,-0.0,-0.0,-0.0,0.0,0.0,-0.0,0.0,-0.0,-0.0,0.0,-0.0,-0.0,-0.0,0.0,-0.0,-0.0,0.0,-0.0,0.0,-0.0,-0.0,0.0,-0.0,-0.0,0.0,-0.0,-0.0,0.0,-0.0,0.0,-0.0,-0.0,-0.0,-0.0,-0.0,0.0,0.0,-0.0,-0.0,-0.0,0.0,0.0,-0.0,0.0,0.0,-0.0,-0.0,-0.0,-0.0,0.0,-0.0,-0.0,-0.0,-0.0,0.0,-0.0,-0.0,-0.0,0.0,-0.0,-0.0,0.0,-0.0,0.0,-0.0,0.0,-0.0,0.0,-0.0,-0.0,-0.0,-0.0,-0.0,0.0,0.0,0.0,-0.0,-0.0,-0.0,0.0,-0.0,-0.0,-0.0,-0.0,0.0,-0.0,0.0,-0.0,-0.0,0.0,-0.0,-0.0,-0.0,-0.0,-0.0,-0.0,-0.0,-0.0,-0.0,0.0,-0.0,-0.0,-0.0,-0.0
2017-05-27 19:57:00+02:00,0.0,0.0,-0.0,-0.0,-0.0,0.0,-0.0,-0.0,-0.0,-0.0,0.0,0.0,-0.0,-0.0,-0.0,-0.0,-0.0,0.0,0.0,-0.0,0.0,-0.0,-0.0,0.0,-0.0,-0.0,-0.0,0.0,-0.0,-0.0,0.0,-0.0,0.0,-0.0,-0.0,0.0,-0.0,-0.0,0.0,-0.0,-0.0,0.0,-0.0,0.0,-0.0,-0.0,-0.0,-0.0,-0.0,0.0,0.0,-0.0,-0.0,-0.0,0.0,0.0,-0.0,0.0,0.0,-0.0,-0.0,-0.0,-0.0,0.0,-0.0,-0.0,-0.0,-0.0,0.0,-0.0,-0.0,-0.0,0.0,-0.0,-0.0,0.0,-0.0,0.0,-0.0,0.0,-0.0,0.0,-0.0,-0.0,-0.0,-0.0,-0.0,0.0,0.0,0.0,-0.0,-0.0,-0.0,0.0,-0.0,-0.0,-0.0,-0.0,0.0,-0.0,0.0,-0.0,-0.0,0.0,-0.0,-0.0,-0.0,-0.0,-0.0,-0.0,-0.0,-0.0,-0.0,0.0,-0.0,-0.0,-0.0,-0.0
2017-05-27 19:58:00+02:00,0.0,0.0,-0.0,-0.0,-0.0,0.0,-0.0,-0.0,-0.0,-0.0,0.0,0.0,-0.0,-0.0,-0.0,-0.0,-0.0,0.0,0.0,-0.0,0.0,-0.0,-0.0,0.0,-0.0,-0.0,-0.0,0.0,-0.0,-0.0,0.0,-0.0,0.0,-0.0,-0.0,0.0,-0.0,-0.0,0.0,-0.0,-0.0,0.0,-0.0,0.0,-0.0,-0.0,-0.0,-0.0,-0.0,0.0,0.0,-0.0,-0.0,-0.0,0.0,0.0,-0.0,0.0,0.0,-0.0,-0.0,-0.0,-0.0,0.0,-0.0,-0.0,-0.0,-0.0,0.0,-0.0,-0.0,-0.0,0.0,-0.0,-0.0,0.0,-0.0,0.0,-0.0,0.0,-0.0,0.0,-0.0,-0.0,-0.0,-0.0,-0.0,0.0,0.0,0.0,-0.0,-0.0,-0.0,0.0,-0.0,-0.0,-0.0,-0.0,0.0,-0.0,0.0,-0.0,-0.0,0.0,-0.0,-0.0,-0.0,-0.0,-0.0,-0.0,-0.0,-0.0,-0.0,0.0,-0.0,-0.0,-0.0,-0.0
2017-05-27 19:59:00+02:00,0.0,0.0,-0.0,-0.0,-0.0,0.0,-0.0,-0.0,-0.0,-0.0,0.0,0.0,-0.0,-0.0,-0.0,-0.0,-0.0,0.0,0.0,-0.0,0.0,-0.0,-0.0,0.0,-0.0,-0.0,-0.0,0.0,-0.0,-0.0,0.0,-0.0,0.0,-0.0,-0.0,0.0,-0.0,-0.0,0.0,-0.0,-0.0,0.0,-0.0,0.0,-0.0,-0.0,-0.0,-0.0,-0.0,0.0,0.0,-0.0,-0.0,-0.0,0.0,0.0,-0.0,0.0,0.0,-0.0,-0.0,-0.0,-0.0,0.0,-0.0,-0.0,-0.0,-0.0,0.0,-0.0,-0.0,-0.0,0.0,-0.0,-0.0,0.0,-0.0,0.0,-0.0,0.0,-0.0,0.0,-0.0,-0.0,-0.0,-0.0,-0.0,0.0,0.0,0.0,-0.0,-0.0,-0.0,0.0,-0.0,-0.0,-0.0,-0.0,0.0,-0.0,0.0,-0.0,-0.0,0.0,-0.0,-0.0,-0.0,-0.0,-0.0,-0.0,-0.0,-0.0,-0.0,0.0,-0.0,-0.0,-0.0,-0.0
2017-05-27 20:00:00+02:00,0.0,0.0,-0.0,-0.0,-0.0,0.0,-0.0,-0.0,-0.0,-0.0,0.0,0.0,-0.0,-0.0,-0.0,-0.0,-0.0,0.0,0.0,-0.0,0.0,-0.0,-0.0,0.0,-0.0,-0.0,-0.0,0.0,-0.0,-0.0,0.0,-0.0,0.0,-0.0,-0.0,0.0,-0.0,-0.0,0.0,-0.0,-0.0,0.0,-0.0,0.0,-0.0,-0.0,-0.0,-0.0,-0.0,0.0,0.0,-0.0,-0.0,-0.0,0.0,0.0,-0.0,0.0,0.0,-0.0,-0.0,-0.0,-0.0,0.0,-0.0,-0.0,-0.0,-0.0,0.0,-0.0,-0.0,-0.0,0.0,-0.0,-0.0,0.0,-0.0,0.0,-0.0,0.0,-0.0,0.0,-0.0,-0.0,-0.0,-0.0,-0.0,0.0,0.0,0.0,-0.0,-0.0,-0.0,0.0,-0.0,-0.0,-0.0,-0.0,0.0,-0.0,0.0,-0.0,-0.0,0.0,-0.0,-0.0,-0.0,-0.0,-0.0,-0.0,-0.0,-0.0,-0.0,0.0,-0.0,-0.0,-0.0,-0.0
2017-05-27 20:01:00+02:00,0.0,0.0,-0.0,-0.0,-0.0,0.0,-0.0,-0.0,-0.0,-0.0,0.0,0.0,-0.0,-0.0,-0.0,-0.0,-0.0,0.0,0.0,-0.0,0.0,-0.0,-0.0,0.0,-0.0,-0.0,-0.0,0.0,-0.0,-0.0,0.0,-0.0,0.0,-0.0,-0.0,0.0,-0.0,-0.0,0.0,-0.0,-0.0,0.0,-0.0,0.0,-0.0,-0.0,-0.0,-0.0,-0.0,0.0,0.0,-0.0,-0.0,-0.0,0.0,0.0,-0.0,0.0,0.0,-0.0,-0.0,-0.0,-0.0,0.0,-0.0,-0.0,-0.0,-0.0,0.0,-0.0,-0.0,-0.0,0.0,-0.0,-0.0,0.0,-0.0,0.0,-0.0,0.0,-0.0,0.0,-0.0,-0.0,-0.0,-0.0,-0.0,0.0,0.0,0.0,-0.0,-0.0,-0.0,0.0,-0.0,-0.0,-0.0,-0.0,0.0,-0.0,0.0,-0.0,-0.0,0.0,-0.0,-0.0,-0.0,-0.0,-0.0,-0.0,-0.0,-0.0,-0.0,0.0,-0.0,-0.0,-0.0,-0.0
2017-05-27 20:02:00+02:00,0.0,0.0,-0.0,-0.0,-0.0,0.0,-0.0,-0.0,-0.0,-0.0,0.0,0.0,-0.0,-0.0,-0.0,-0.0,-0.0,0.0,0.0,-0.0,0.0,-0.0,-0.0,0.0,-0.0,-0.0,-0.0,0.0,-0.0,-0.0,0.0,-0.0,0.0,-0.0,-0.0,0.0,-0.0,-0.0,0.0,-0.0,-0.0,0.0,-0.0,0.0,-0.0,-0.0,-0.0,-0.0,-0.0,0.0,0.0,-0.0,-0.0,-0.0,0.0,0.0,-0.0,0.0,0.0,-0.0,-0.0,-0.0,-0.0,0.0,-0.0,-0.0,-0.0,-0.0,0.0,-0.0,-0.0,-0.0,0.0,-0.0,-0.0,0.0,-0.0,0.0,-0.0,0.0,-0.0,0.0,-0.0,-0.0,-0.0,-0.0,-0.0,0.0,0.0,0.0,-0.0,-0.0,-0.0,0.0,-0.0,-0.0,-0.0,-0.0,0.0,-0.0,0.0,-0.0,-0.0,0.0,-0.0,-0.0,-0.0,-0.0,-0.0,-0.0,-0.0,-0.0,-0.0,0.0,-0.0,-0.0,-0.0,-0.0
2017-05-27 20:03:00+02:00,0.0,0.0,-0.0,-0.0,-0.0,0.0,-0.0,-0.0,-0.0,-0.0,0.0,0.0,-0.0,-0.0,-0.0,-0.0,-0.0,0.0,0.0,-0.0,0.0,-0.0,-0.0,0.0,-0.0,-0.0,-0.0,0.0,-0.0,-0.0,0.0,-0.0,0.0,-0.0,-0.0,0.0,-0.0,-0.0,0.0,-0.0,-0.0,0.0,-0.0,0.0,-0.0,-0.0,-0.0,-0.0,-0.0,0.0,0.0,-0.0,-0.0,-0.0,0.0,0.0,-0.0,0.0,0.0,-0.0,-0.0,-0.0,-0.0,0.0,-0.0,-0.0,-0.0,-0.0,0.0,-0.0,-0.0,-0.0,0.0,-0.0,-0.0,0.0,-0.0,0.0,-0.0,0.0,-0.0,0.0,-0.0,-0.0,-0.0,-0.0,-0.0,0.0,0.0,0.0,-0.0,-0.0,-0.0,0.0,-0.0,-0.0,-0.0,-0.0,0.0,-0.0,0.0,-0.0,-0.0,0.0,-0.0,-0.0,-0.0,-0.0,-0.0,-0.0,-0.0,-0.0,-0.0,0.0,-0.0,-0.0,-0.0,-0.0
2017-05-27 20:04:00+02:00,0.0,0.0,-0.0,-0.0,-0.0,0.0,-0.0,-0.0,-0.0,-0.0,0.0,0.0,-0.0,-0.0,-0.0,-0.0,-0.0,0.0,0.0,-0.0,0.0,-0.0,-0.0,0.0,-0.0,-0.0,-0.0,0.0,-0.0,-0.0,0.0,-0.0,0.0,-0.0,-0.0,0.0,-0.0,-0.0,0.0,-0.0,-0.0,0.0,-0.0,0.0,-0.0,-0.0,-0.0,-0.0,-0.0,0.0,0.0,-0.0,-0.0,-0.0,0.0,0.0,-0.0,0.0,0.0,-0.0,-0.0,-0.0,-0.0,0.0,-0.0,-0.0,-0.0,-0.0,0.0,-0.0,-0.0,-0.0,0.0,-0.0,-0.0,0.0,-0.0,0.0,-0.0,0.0,-0.0,0.0,-0.0,-0.0,-0.0,-0.0,-0.0,0.0,0.0,0.0,-0.0,-0.0,-0.0,0.0,-0.0,-0.0,-0.0,-0.0,0.0,-0.0,0.0,-0.0,-0.0,0.0,-0.0,-0.0,-0.0,-0.0,-0.0,-0.0,-0.0,-0.0,-0.0,0.0,-0.0,-0.0,-0.0,-0.0
2017-05-27 20:05:00+02:00,0.0,0.0,-0.0,-0.0,-0.0,0.0,-0.0,-0.0,-0.0,-0.0,0.0,0.0,-0.0,-0.0,-0.0,-0.0,-0.0,0.0,0.0,-0.0,0.0,-0.0,-0.0,0.0,-0.0,-0.0,-0.0,0.0,-0.0,-0.0,0.0,-0.0,0.0,-0.0,-0.0,0.0,-0.0,-0.0,0.0,-0.0,-0.0,0.0,-0.0,0.0,-0.0,-0.0,-0.0,-0.0,-0.0,0.0,0.0,-0.0,-0.0,-0.0,0.0,0.0,-0.0,0.0,0.0,-0.0,-0.0,-0.0,-0.0,0.0,-0.0,-0.0,-0.0,-0.0,0.0,-0.0,-0.0,-0.0,0.0,-0.0,-0.0,0.0,-0.0,0.0,-0.0,0.0,-0.0,0.0,-0.0,-0.0,-0.0,-0.0,-0.0,0.0,0.0,0.0,-0.0,-0.0,-0.0,0.0,-0.0,-0.0,-0.0,-0.0,0.0,-0.0,0.0,-0.0,-0.0,0.0,-0.0,-0.0,-0.0,-0.0,-0.0,-0.0,-0.0,-0.0,-0.0,0.0,-0.0,-0.0,-0.0,-0.0
2017-05-27 20:06:00+02:00,0.0,0.0,-0.0,-0.0,-0.0,0.0,-0.0,-0.0,-0.0,-0.0,0.0,0.0,-0.0,-0.0,-0.0,-0.0,-0.0,0.0,0.0,-0.0,0.0,-0.0,-0.0,0.0,-0.0,-0.0,-0.0,0.0,-0.0,-0.0,0.0,-0.0,0.0,-0.0,-0.0,0.0,-0.0,-0.0,0.0,-0.0,-0.0,0.0,-0.0,0.0,-0.0,-0.0,-0.0,-0.0,-0.0,0.0,0.0,-0.0,-0.0,-0.0,0.0,0.0,-0.0,0.0,0.0,-0.0,-0.0,-0.0,-0.0,0.0,-0.0,-0.0,-0.0,-0.0,0.0,-0.0,-0.0,-0.0,0.0,-0.0,-0.0,0.0,-0.0,0.0,-0.0,0.0,-0.0,0.0,-0.0,-0.0,-0.0,-0.0,-0.0,0.0,0.0,0.0,-0.0,-0.0,-0.0,0.0,-0.0,-0.0,-0.0,-0.0,0.0,-0.0,0.0,-0.0,-0.0,0.0,-0.0,-0.0,-0.0,-0.0,-0.0,-0.0,-0.0,-0.0,-0.0,0.0,-0.0,-0.0,-0.0,-0.0
2017-05-27 20:07:00+02:00,0.0,0.0,-0.0,-0.0,-0.0,0.0,-0.0,-0.0,-0.0,-0.0,0.0,0.0,-0.0,-0.0,-0.0,-0.0,-0.0,0.0,0.0,-0.0,0.0,-0.0,-0.0,0.0,-0.0,-0.0,-0.0,0.0,-0.0,-0.0,0.0,-0.0,0.0,-0.0,-0.0,0.0,-0.0,-0.0,0.0,-0.0,-0.0,0.0,-0.0,0.0,-0.0,-0.0,-0.0,-0.0,-0.0,0.0,0.0,-0.0,-0.0,-0.0,0.0,0.0,-0.0,0.0,0.0,-0.0,-0.0,-0.0,-0.0,0.0,-0.0,-0.0,-0.0,-0.0,0.0,-0.0,-0.0,-0.0,0.0,-0.0,-0.0,0.0,-0.0,0.0,-0.0,0.0,-0.0,0.0,-0.0,-0.0,-0.0,-0.0,-0.0,0.0,0.0,0.0,-0.0,-0.0,-0.0,0.0,-0.0,-0.0,-0.0,-0.0,0.0,-0.0,0.0,-0.0,-0.0,0.0,-0.0,-0.0,-0.0,-0.0,-0.0,-0.0,-0.0,-0.0,-0.0,0.0,-0.0,-0.0,-0.0,-0.0
2017-05-27 20:08:00+02:00,0.0,0.0,-0.0,-0.0,-0.0,0.0,-0.0,-0.0,-0.0,-0.0,0.0,0.0,-0.0,-0.0,-0.0,-0.0,-0.0,0.0,0.0,-0.0,0.0,-0.0,-0.0,0.0,-0.0,-0.0,-0.0,0.0,-0.0,-0.0,0.0,-0.0,0.0,-0.0,-0.0,0.0,-0.0,-0.0,0.0,-0.0,-0.0,0.0,-0.0,0.0,-0.0,-0.0,-0.0,-0.0,-0.0,0.0,0.0,-0.0,-0.0,-0.0,0.0,0.0,-0.0,0.0,0.0,-0.0,-0.0,-0.0,-0.0,0.0,-0.0,-0.0,-0.0,-0.0,0.0,-0.0,-0.0,-0.0,0.0,-0.0,-0.0,0.0,-0.0,0.0,-0.0,0.0,-0.0,0.0,-0.0,-0.0,-0.0,-0.0,-0.0,0.0,0.0,0.0,-0.0,-0.0,-0.0,0.0,-0.0,-0.0,-0.0,-0.0,0.0,-0.0,0.0,-0.0,-0.0,0.0,-0.0,-0.0,-0.0,-0.0,-0.0,-0.0,-0.0,-0.0,-0.0,0.0,-0.0,-0.0,-0.0,-0.0
2017-05-27 20:09:00+02:00,0.0,0.0,-0.0,-0.0,-0.0,0.0,-0.0,-0.0,-0.0,-0.0,0.0,0.0,-0.0,-0.0,-0.0,-0.0,-0.0,0.0,0.0,-0.0,0.0,-0.0,-0.0,0.0,-0.0,-0.0,-0.0,0.0,-0.0,-0.0,0.0,-0.0,0.0,-0.0,-0.0,0.0,-0.0,-0.0,0.0,-0.0,-0.0,0.0,-0.0,0.0,-0.0,-0.0,-0.0,-0.0,-0.0,0.0,0.0,-0.0,-0.0,-0.0,0.0,0.0,-0.0,0.0,0.0,-0.0,-0.0,-0.0,-0.0,0.0,-0.0,-0.0,-0.0,-0.0,0.0,-0.0,-0.0,-0.0,0.0,-0.0,-0.0,0.0,-0.0,0.0,-0.0,0.0,-0.0,0.0,-0.0,-0.0,-0.0,-0.0,-0.0,0.0,0.0,0.0,-0.0,-0.0,-0.0,0.0,-0.0,-0.0,-0.0,-0.0,0.0,-0.0,0.0,-0.0,-0.0,0.0,-0.0,-0.0,-0.0,-0.0,-0.0,-0.0,-0.0,-0.0,-0.0,0.0,-0.0,-0.0,-0.0,-0.0
2017-05-27 20:10:00+02:00,0.0,0.0,-0.0,-0.0,-0.0,0.0,-0.0,-0.0,-0.0,-0.0,0.0,0.0,-0.0,-0.0,-0.0,-0.0,-0.0,0.0,0.0,-0.0,0.0,-0.0,-0.0,0.0,-0.0,-0.0,-0.0,0.0,-0.0,-0.0,0.0,-0.0,0.0,-0.0,-0.0,0.0,-0.0,-0.0,0.0,-0.0,-0.0,0.0,-0.0,0.0,-0.0,-0.0,-0.0,-0.0,-0.0,0.0,0.0,-0.0,-0.0,-0.0,0.0,0.0,-0.0,0.0,0.0,-0.0,-0.0,-0.0,-0.0,0.0,-0.0,-0.0,-0.0,-0.0,0.0,-0.0,-0.0,-0.0,0.0,-0.0,-0.0,0.0,-0.0,0.0,-0.0,0.0,-0.0,0.0,-0.0,-0.0,-0.0,-0.0,-0.0,0.0,0.0,0.0,-0.0,-0.0,-0.0,0.0,-0.0,-0.0,-0.0,-0.0,0.0,-0.0,0.0,-0.0,-0.0,0.0,-0.0,-0.0,-0.0,-0.0,-0.0,-0.0,-0.0,-0.0,-0.0,0.0,-0.0,-0.0,-0.0,-0.0
2017-05-27 20:11:00+02:00,0.0,0.0,-0.0,-0.0,-0.0,0.0,-0.0,-0.0,-0.0,-0.0,0.0,0.0,-0.0,-0.0,-0.0,-0.0,-0.0,0.0,0.0,-0.0,0.0,-0.0,-0.0,0.0,-0.0,-0.0,-0.0,0.0,-0.0,-0.0,0.0,-0.0,0.0,-0.0,-0.0,0.0,-0.0,-0.0,0.0,-0.0,-0.0,0.0,-0.0,0.0,-0.0,-0.0,-0.0,-0.0,-0.0,0.0,0.0,-0.0,-0.0,-0.0,0.0,0.0,-0.0,0.0,0.0,-0.0,-0.0,-0.0,-0.0,0.0,-0.0,-0.0,-0.0,-0.0,0.0,-0.0,-0.0,-0.0,0.0,-0.0,-0.0,0.0,-0.0,0.0,-0.0,0.0,-0.0,0.0,-0.0,-0.0,-0.0,-0.0,-0.0,0.0,0.0,0.0,-0.0,-0.0,-0.0,0.0,-0.0,-0.0,-0.0,-0.0,0.0,-0.0,0.0,-0.0,-0.0,0.0,-0.0,-0.0,-0.0,-0.0,-0.0,-0.0,-0.0,-0.0,-0.0,0.0,-0.0,-0.0,-0.0,-0.0
2017-05-27 20:12:00+02:00,0.0,0.0,-0.0,-0.0,-0.0,0.0,-0.0,-0.0,-0.0,-0.0,0.0,0.0,-0.0,-0.0,-0.0,-0.0,-0.0,0.0,0.0,-0.0,0.0,-0.0,-0.0,0.0,-0.0,-0.0,-0.0,0.0,-0.0,-0.0,0.0,-0.0,0.0,-0.0,-0.0,0.0,-0.0,-0.0,0.0,-0.0,-0.0,0.0,-0.0,0.0,-0.0,-0.0,-0.0,-0.0,-0.0,0.0,0.0,-0.0,-0.0,-0.0,0.0,0.0,-0.0,0.0,0.0,-0.0,-0.0,-0.0,-0.0,0.0,-0.0,-0.0,-0.0,-0.0,0.0,-0.0,-0.0,-0.0,0.0,-0.0,-0.0,0.0,-0.0,0.0,-0.0,0.0,-0.0,0.0,-0.0,-0.0,-0.0,-0.0,-0.0,0.0,0.0,0.0,-0.0,-0.0,-0.0,0.0,-0.0,-0.0,-0.0,-0.0,0.0,-0.0,0.0,-0.0,-0.0,0.0,-0.0,-0.0,-0.0,-0.0,-0.0,-0.0,-0.0,-0.0,-0.0,0.0,-0.0,-0.0,-0.0,-0.0
2017-05-27 20:13:00+02:00,0.0,0.0,-0.0,-0.0,-0.0,0.0,-0.0,-0.0,-0.0,-0.0,0.0,0.0,-0.0,-0.0,-0.0,-0.0,-0.0,0.0,0.0,-0.0,0.0,-0.0,-0.0,0.0,-0.0,-0.0,-0.0,0.0,-0.0,-0.0,0.0,-0.0,0.0,-0.0,-0.0,0.0,-0.0,-0.0,0.0,-0.0,-0.0,0.0,-0.0,0.0,-0.0,-0.0,-0.0,-0.0,-0.0,0.0,0.0,-0.0,-0.0,-0.0,0.0,0.0,-0.0,0.0,0.0,-0.0,-0.0,-0.0,-0.0,0.0,-0.0,-0.0,-0.0,-0.0,0.0,-0.0,-0.0,-0.0,0.0,-0.0,-0.0,0.0,-0.0,0.0,-0.0,0.0,-0.0,0.0,-0.0,-0.0,-0.0,-0.0,-0.0,0.0,0.0,0.0,-0.0,-0.0,-0.0,0.0,-0.0,-0.0,-0.0,-0.0,0.0,-0.0,0.0,-0.0,-0.0,0.0,-0.0,-0.0,-0.0,-0.0,-0.0,-0.0,-0.0,-0.0,-0.0,0.0,-0.0,-0.0,-0.0,-0.0
2017-05-27 20:14:00+02:00,0.0,0.0,-0.0,-0.0,-0.0,0.0,-0.0,-0.0,-0.0,-0.0,0.0,0.0,-0.0,-0.0,-0.0,-0.0,-0.0,0.0,0.0,-0.0,0.0,-0.0,-0.0,0.0,-0.0,-0.0,-0.0,0.0,-0.0,-0.0,0.0,-0.0,0.0,-0.0,-0.0,0.0,-0.0,-0.0,0.0,-0.0,-0.0,0.0,-0.0,0.0,-0.0,-0.0,-0.0,-0.0,-0.0,0.0,0.0,-0.0,-0.0,-0.0,0.0,0.0,-0.0,0.0,0.0,-0.0,-0.0,-0.0,-0.0,0.0,-0.0,-0.0,-0.0,-0.0,0.0,-0.0,-0.0,-0.0,0.0,-0.0,-0.0,0.0,-0.0,0.0,-0.0,0.0,-0.0,0.0,-0.0,-0.0,-0.0,-0.0,-0.0,0.0,0.0,0.0,-0.0,-0.0,-0.0,0.0,-0.0,-0.0,-0.0,-0.0,0.0,-0.0,0.0,-0.0,-0.0,0.0,-0.0,-0.0,-0.0,-0.0,-0.0,-0.0,-0.0,-0.0,-0.0,0.0,-0.0,-0.0,-0.0,-0.0
2017-05-27 20:15:00+02:00,0.0,0.0,-0.0,-0.0,-0.0,0.0,-0.0,-0.0,-0.0,-0.0,0.0,0.0,-0.0,-0.0,-0.0,-0.0,-0.0,0.0,0.0,-0.0,0.0,-0.0,-0.0,0.0,-0.0,-0.0,-0.0,0.0,-0.0,-0.0,0.0,-0.0,0.0,-0.0,-0.0,0.0,-0.0,-0.0,0.0,-0.0,-0.0,0.0,-0.0,0.0,-0.0,-0.0,-0.0,-0.0,-0.0,0.0,0.0,-0.0,-0.0,-0.0,0.0,0.0,-0.0,0.0,0.0,-0.0,-0.0,-0.0,-0.0,0.0,-0.0,-0.0,-0.0,-0.0,0.0,-0.0,-0.0,-0.0,0.0,-0.0,-0.0,0.0,-0.0,0.0,-0.0,0.0,-0.0,0.0,-0.0,-0.0,-0.0,-0.0,-0.0,0.0,0.0,0.0,-0.0,-0.0,-0.0,0.0,-0.0,-0.0,-0.0,-0.0,0.0,-0.0,0.0,-0.0,-0.0,0.0,-0.0,-0.0,-0.0,-0.0,-0.0,-0.0,-0.0,-0.0,-0.0,0.0,-0.0,-0.0,-0.0,-0.0
2017-05-27 20:16:00+02:00,0.0,0.0,-0.0,-0.0,-0.0,0.0,-0.0,-0.0,-0.0,-0.0,0.0,0.0,-0.0,-0.0,-0.0,-0.0,-0.0,0.0,0.0,-0.0,0.0,-0.0,-0.0,0.0,-0.0,-0.0,-0.0,0.0,-0.0,-0.0,0.0,-0.0,0.0,-0.0,-0.0,0.0,-0.0,-0.0,0.0,-0.0,-0.0,0.0,-0.0,0.0,-0.0,-0.0,-0.0,-0.0,-0.0,0.0,0.0,-0.0,-0.0,-0.0,0.0,0.0,-0.0,0.0,0.0,-0.0,-0.0,-0.0,-0.0,0.0,-0.0,-0.0,-0.0,-0.0,0.0,-0.0,-0.0,-0.0,0.0,-0.0,-0.0,0.0,-0.0,0.0,-0.0,0.0,-0.0,0.0,-0.0,-0.0,-0.0,-0.0,-0.0,0.0,0.0,0.0,-0.0,-0.0,-0.0,0.0,-0.0,-0.0,-0.0,-0.0,0.0,-0.0,0.0,-0.0,-0.0,0.0,-0.0,-0.0,-0.0,-0.0,-0.0,-0.0,-0.0,-0.0,-0.0,0.0,-0.0,-0.0,-0.0,-0.0
2017-05-27 20:17:00+02:00,0.0,0.0,-0.0,-0.0,-0.0,0.0,-0.0,-0.0,-0.0,-0.0,0.0,0.0,-0.0,-0.0,-0.0,-0.0,-0.0,0.0,0.0,-0.0,0.0,-0.0,-0.0,0.0,-0.0,-0.0,-0.0,0.0,-0.0,-0.0,0.0,-0.0,0.0,-0.0,-0.0,0.0,-0.0,-0.0,0.0,-0.0,-0.0,0.0,-0.0,0.0,-0.0,-0.0,-0.0,-0.0,-0.0,0.0,0.0,-0.0,-0.0,-0.0,0.0,0.0,-0.0,0.0,0.0,-0.0,-0.0,-0.0,-0.0,0.0,-0.0,-0.0,-0.0,-0.0,0.0,-0.0,-0.0,-0.0,0.0,-0.0,-0.0,0.0,-0.0,0.0,-0.0,0.0,-0.0,0.0,-0.0,-0.0,-0.0,-0.0,-0.0,0.0,0.0,0.0,-0.0,-0.0,-0.0,0.0,-0.0,-0.0,-0.0,-0.0,0.0,-0.0,0.0,-0.0,-0.0,0.0,-0.0,-0.0,-0.0,-0.0,-0.0,-0.0,-0.0,-0.0,-0.0,0.0,-0.0,-0.0,-0.0,-0.0
2017-05-27 20:18:00+02:00,0.0,0.0,-0.0,-0.0,-0.0,0.0,-0.0,-0.0,-0.0,-0.0,0.0,0.0,-0.0,-0.0,-0.0,-0.0,-0.0,0.0,0.0,-0.0,0.0,-0.0,-0.0,0.0,-0.0,-0.0,-0.0,0.0,-0.0,-0.0,0.0,-0.0,0.0,-0.0,-0.0,0.0,-0.0,-0.0,0.0,-0.0,-0.0,0.0,-0.0,0.0,-0.0,-0.0,-0.0,-0.0,-0.0,0.0,0.0,-0.0,-0.0,-0.0,0.0,0.0,-0.0,0.0,0.0,-0.0,-0.0,-0.0,-0.0,0.0,-0.0,-0.0,-0.0,-0.0,0.0,-0.0,-0.0,-0.0,0.0,-0.0,-0.0,0.0,-0.0,0.0,-0.0,0.0,-0.0,0.0,-0.0,-0.0,-0.0,-0.0,-0.0,0.0,0.0,0.0,-0.0,-0.0,-0.0,0.0,-0.0,-0.0,-0.0,-0.0,0.0,-0.0,0.0,-0.0,-0.0,0.0,-0.0,-0.0,-0.0,-0.0,-0.0,-0.0,-0.0,-0.0,-0.0,0.0,-0.0,-0.0,-0.0,-0.0
2017-05-27 20:19:00+02:00,0.0,0.0,-0.0,-0.0,-0.0,0.0,-0.0,-0.0,-0.0,-0.0,0.0,0.0,-0.0,-0.0,-0.0,-0.0,-0.0,0.0,0.0,-0.0,0.0,-0.0,-0.0,0.0,-0.0,-0.0,-0.0,0.0,-0.0,-0.0,0.0,-0.0,0.0,-0.0,-0.0,0.0,-0.0,-0.0,0.0,-0.0,-0.0,0.0,-0.0,0.0,-0.0,-0.0,-0.0,-0.0,-0.0,0.0,0.0,-0.0,-0.0,-0.0,0.0,0.0,-0.0,0.0,0.0,-0.0,-0.0,-0.0,-0.0,0.0,-0.0,-0.0,-0.0,-0.0,0.0,-0.0,-0.0,-0.0,0.0,-0.0,-0.0,0.0,-0.0,0.0,-0.0,0.0,-0.0,0.0,-0.0,-0.0,-0.0,-0.0,-0.0,0.0,0.0,0.0,-0.0,-0.0,-0.0,0.0,-0.0,-0.0,-0.0,-0.0,0.0,-0.0,0.0,-0.0,-0.0,0.0,-0.0,-0.0,-0.0,-0.0,-0.0,-0.0,-0.0,-0.0,-0.0,0.0,-0.0,-0.0,-0.0,-0.0
2017-05-27 20:20:00+02:00,0.0,0.0,-0.0,-0.0,-0.0,0.0,-0.0,-0.0,-0.0,-0.0,0.0,0.0,-0.0,-0.0,-0.0,-0.0,-0.0,0.0,0.0,-0.0,0.0,-0.0,-0.0,0.0,-0.0,-0.0,-0.0,0.0,-0.0,-0.0,0.0,-0.0,0.0,-0.0,-0.0,0.0,-0.0,-0.0,0.0,-0.0,-0.0,0.0,-0.0,0.0,-0.0,-0.0,-0.0,-0.0,-0.0,0.0,0.0,-0.0,-0.0,-0.0,0.0,0.0,-0.0,0.0,0.0,-0.0,-0.0,-0.0,-0.0,0.0,-0.0,-0.0,-0.0,-0.0,0.0,-0.0,-0.0,-0.0,0.0,-0.0,-0.0,0.0,-0.0,0.0,-0.0,0.0,-0.0,0.0,-0.0,-0.0,-0.0,-0.0,-0.0,0.0,0.0,0.0,-0.0,-0.0,-0.0,0.0,-0.0,-0.0,-0.0,-0.0,0.0,-0.0,0.0,-0.0,-0.0,0.0,-0.0,-0.0,-0.0,-0.0,-0.0,-0.0,-0.0,-0.0,-0.0,0.0,-0.0,-0.0,-0.0,-0.0
2017-05-27 20:21:00+02:00,0.0,0.0,-0.0,-0.0,-0.0,0.0,-0.0,-0.0,-0.0,-0.0,0.0,0.0,-0.0,-0.0,-0.0,-0.0,-0.0,0.0,0.0,-0.0,0.0,-0.0,-0.0,0.0,-0.0,-0.0,-0.0,0.0,-0.0,-0.0,0.0,-0.0,0.0,-0.0,-0.0,0.0,-0.0,-0.0,0.0,-0.0,-0.0,0.0,-0.0,0.0,-0.0,-0.0,-0.0,-0.0,-0.0,0.0,0.0,-0.0,-0.0,-0.0,0.0,0.0,-0.0,0.0,0.0,-0.0,-0.0,-0.0,-0.0,0.0,-0.0,-0.0,-0.0,-0.0,0.0,-0.0,-0.0,-0.0,0.0,-0.0,-0.0,0.0,-0.0,0.0,-0.0,0.0,-0.0,0.0,-0.0,-0.0,-0.0,-0.0,-0.0,0.0,0.0,0.0,-0.0,-0.0,-0.0,0.0,-0.0,-0.0,-0.0,-0.0,0.0,-0.0,0.0,-0.0,-0.0,0.0,-0.0,-0.0,-0.0,-0.0,-0.0,-0.0,-0.0,-0.0,-0.0,0.0,-0.0,-0.0,-0.0,-0.0
2017-05-27 20:22:00+02:00,0.0,0.0,-0.0,-0.0,-0.0,0.0,-0.0,-0.0,-0.0,-0.0,0.0,0.0,-0.0,-0.0,-0.0,-0.0,-0.0,0.0,0.0,-0.0,0.0,-0.0,-0.0,0.0,-0.0,-0.0,-0.0,0.0,-0.0,-0.0,0.0,-0.0,0.0,-0.0,-0.0,0.0,-0.0,-0.0,0.0,-0.0,-0.0,0.0,-0.0,0.0,-0.0,-0.0,-0.0,-0.0,-0.0,0.0,0.0,-0.0,-0.0,-0.0,0.0,0.0,-0.0,0.0,0.0,-0.0,-0.0,-0.0,-0.0,0.0,-0.0,-0.0,-0.0,-0.0,0.0,-0.0,-0.0,-0.0,0.0,-0.0,-0.0,0.0,-0.0,0.0,-0.0,0.0,-0.0,0.0,-0.0,-0.0,-0.0,-0.0,-0.0,0.0,0.0,0.0,-0.0,-0.0,-0.0,0.0,-0.0,-0.0,-0.0,-0.0,0.0,-0.0,0.0,-0.0,-0.0,0.0,-0.0,-0.0,-0.0,-0.0,-0.0,-0.0,-0.0,-0.0,-0.0,0.0,-0.0,-0.0,-0.0,-0.0
2017-05-27 20:23:00+02:00,0.0,0.0,-0.0,-0.0,-0.0,0.0,-0.0,-0.0,-0.0,-0.0,0.0,0.0,-0.0,-0.0,-0.0,-0.0,-0.0,0.0,0.0,-0.0,0.0,-0.0,-0.0,0.0,-0.0,-0.0,-0.0,0.0,-0.0,-0.0,0.0,-0.0,0.0,-0.0,-0.0,0.0,-0.0,-0.0,0.0,-0.0,-0.0,0.0,-0.0,0.0,-0.0,-0.0,-0.0,-0.0,-0.0,0.0,0.0,-0.0,-0.0,-0.0,0.0,0.0,-0.0,0.0,0.0,-0.0,-0.0,-0.0,-0.0,0.0,-0.0,-0.0,-0.0,-0.0,0.0,-0.0,-0.0,-0.0,0.0,-0.0,-0.0,0.0,-0.0,0.0,-0.0,0.0,-0.0,0.0,-0.0,-0.0,-0.0,-0.0,-0.0,0.0,0.0,0.0,-0.0,-0.0,-0.0,0.0,-0.0,-0.0,-0.0,-0.0,0.0,-0.0,0.0,-0.0,-0.0,0.0,-0.0,-0.0,-0.0,-0.0,-0.0,-0.0,-0.0,-0.0,-0.0,0.0,-0.0,-0.0,-0.0,-0.0
2017-05-27 20:24:00+02:00,0.0,0.0,-0.0,-0.0,-0.0,0.0,-0.0,-0.0,-0.0,-0.0,0.0,0.0,-0.0,-0.0,-0.0,-0.0,-0.0,0.0,0.0,-0.0,0.0,-0.0,-0.0,0.0,-0.0,-0.0,-0.0,0.0,-0.0,-0.0,0.0,-0.0,0.0,-0.0,-0.0,0.0,-0.0,-0.0,0.0,-0.0,-0.0,0.0,-0.0,0.0,-0.0,-0.0,-0.0,-0.0,-0.0,0.0,0.0,-0.0,-0.0,-0.0,0.0,0.0,-0.0,0.0,0.0,-0.0,-0.0,-0.0,-0.0,0.0,-0.0,-0.0,-0.0,-0.0,0.0,-0.0,-0.0,-0.0,0.0,-0.0,-0.0,0.0,-0.0,0.0,-0.0,0.0,-0.0,0.0,-0.0,-0.0,-0.0,-0.0,-0.0,0.0,0.0,0.0,-0.0,-0.0,-0.0,0.0,-0.0,-0.0,-0.0,-0.0,0.0,-0.0,0.0,-0.0,-0.0,0.0,-0.0,-0.0,-0.0,-0.0,-0.0,-0.0,-0.0,-0.0,-0.0,0.0,-0.0,-0.0,-0.0,-0.0
2017-05-27 20:25:00+02:00,0.0,0.0,-0.0,-0.0,-0.0,0.0,-0.0,-0.0,-0.0,-0.0,0.0,0.0,-0.0,-0.0,-0.0,-0.0,-0.0,0.0,0.0,-0.0,0.0,-0.0,-0.0,0.0,-0.0,-0.0,-0.0,0.0,-0.0,-0.0,0.0,-0.0,0.0,-0.0,-0.0,0.0,-0.0,-0.0,0.0,-0.0,-0.0,0.0,-0.0,0.0,-0.0,-0.0,-0.0,-0.0,-0.0,0.0,0.0,-0.0,-0.0,-0.0,0.0,0.0,-0.0,0.0,0.0,-0.0,-0.0,-0.0,-0.0,0.0,-0.0,-0.0,-0.0,-0.0,0.0,-0.0,-0.0,-0.0,0.0,-0.0,-0.0,0.0,-0.0,0.0,-0.0,0.0,-0.0,0.0,-0.0,-0.0,-0.0,-0.0,-0.0,0.0,0.0,0.0,-0.0,-0.0,-0.0,0.0,-0.0,-0.0,-0.0,-0.0,0.0,-0.0,0.0,-0.0,-0.0,0.0,-0.0,-0.0,-0.0,-0.0,-0.0,-0.0,-0.0,-0.0,-0.0,0.0,-0.0,-0.0,-0.0,-0.0
2017-05-27 20:26:00+02:00,0.0,0.0,-0.0,-0.0,-0.0,0.0,-0.0,-0.0,-0.0,-0.0,0.0,0.0,-0.0,-0.0,-0.0,-0.0,-0.0,0.0,0.0,-0.0,0.0,-0.0,-0.0,0.0,-0.0,-0.0,-0.0,0.0,-0.0,-0.0,0.0,-0.0,0.0,-0.0,-0.0,0.0,-0.0,-0.0,0.0,-0.0,-0.0,0.0,-0.0,0.0,-0.0,-0.0,-0.0,-0.0,-0.0,0.0,0.0,-0.0,-0.0,-0.0,0.0,0.0,-0.0,0.0,0.0,-0.0,-0.0,-0.0,-0.0,0.0,-0.0,-0.0,-0.0,-0.0,0.0,-0.0,-0.0,-0.0,0.0,-0.0,-0.0,0.0,-0.0,0.0,-0.0,0.0,-0.0,0.0,-0.0,-0.0,-0.0,-0.0,-0.0,0.0,0.0,0.0,-0.0,-0.0,-0.0,0.0,-0.0,-0.0,-0.0,-0.0,0.0,-0.0,0.0,-0.0,-0.0,0.0,-0.0,-0.0,-0.0,-0.0,-0.0,-0.0,-0.0,-0.0,-0.0,0.0,-0.0,-0.0,-0.0,-0.0
2017-05-27 20:27:00+02:00,0.0,0.0,-0.0,-0.0,-0.0,0.0,-0.0,-0.0,-0.0,-0.0,0.0,0.0,-0.0,-0.0,-0.0,-0.0,-0.0,0.0,0.0,-0.0,0.0,-0.0,-0.0,0.0,-0.0,-0.0,-0.0,0.0,-0.0,-0.0,0.0,-0.0,0.0,-0.0,-0.0,0.0,-0.0,-0.0,0.0,-0.0,-0.0,0.0,-0.0,0.0,-0.0,-0.0,-0.0,-0.0,-0.0,0.0,0.0,-0.0,-0.0,-0.0,0.0,0.0,-0.0,0.0,0.0,-0.0,-0.0,-0.0,-0.0,0.0,-0.0,-0.0,-0.0,-0.0,0.0,-0.0,-0.0,-0.0,0.0,-0.0,-0.0,0.0,-0.0,0.0,-0.0,0.0,-0.0,0.0,-0.0,-0.0,-0.0,-0.0,-0.0,0.0,0.0,0.0,-0.0,-0.0,-0.0,0.0,-0.0,-0.0,-0.0,-0.0,0.0,-0.0,0.0,-0.0,-0.0,0.0,-0.0,-0.0,-0.0,-0.0,-0.0,-0.0,-0.0,-0.0,-0.0,0.0,-0.0,-0.0,-0.0,-0.0
2017-05-27 20:28:00+02:00,0.0,0.0,-0.0,-0.0,-0.0,0.0,-0.0,-0.0,-0.0,-0.0,0.0,0.0,-0.0,-0.0,-0.0,-0.0,-0.0,0.0,0.0,-0.0,0.0,-0.0,-0.0,0.0,-0.0,-0.0,-0.0,0.0,-0.0,-0.0,0.0,-0.0,0.0,-0.0,-0.0,0.0,-0.0,-0.0,0.0,-0.0,-0.0,0.0,-0.0,0.0,-0.0,-0.0,-0.0,-0.0,-0.0,0.0,0.0,-0.0,-0.0,-0.0,0.0,0.0,-0.0,0.0,0.0,-0.0,-0.0,-0.0,-0.0,0.0,-0.0,-0.0,-0.0,-0.0,0.0,-0.0,-0.0,-0.0,0.0,-0.0,-0.0,0.0,-0.0,0.0,-0.0,0.0,-0.0,0.0,-0.0,-0.0,-0.0,-0.0,-0.0,0.0,0.0,0.0,-0.0,-0.0,-0.0,0.0,-0.0,-0.0,-0.0,-0.0,0.0,-0.0,0.0,-0.0,-0.0,0.0,-0.0,-0.0,-0.0,-0.0,-0.0,-0.0,-0.0,-0.0,-0.0,0.0,-0.0,-0.0,-0.0,-0.0
2017-05-27 20:29:00+02:00,0.0,0.0,-0.0,-0.0,-0.0,0.0,-0.0,-0.0,-0.0,-0.0,0.0,0.0,-0.0,-0.0,-0.0,-0.0,-0.0,0.0,0.0,-0.0,0.0,-0.0,-0.0,0.0,-0.0,-0.0,-0.0,0.0,-0.0,-0.0,0.0,-0.0,0.0,-0.0,-0.0,0.0,-0.0,-0.0,0.0,-0.0,-0.0,0.0,-0.0,0.0,-0.0,-0.0,-0.0,-0.0,-0.0,0.0,0.0,-0.0,-0.0,-0.0,0.0,0.0,-0.0,0.0,0.0,-0.0,-0.0,-0.0,-0.0,0.0,-0.0,-0.0,-0.0,-0.0,0.0,-0.0,-0.0,-0.0,0.0,-0.0,-0.0,0.0,-0.0,0.0,-0.0,0.0,-0.0,0.0,-0.0,-0.0,-0.0,-0.0,-0.0,0.0,0.0,0.0,-0.0,-0.0,-0.0,0.0,-0.0,-0.0,-0.0,-0.0,0.0,-0.0,0.0,-0.0,-0.0,0.0,-0.0,-0.0,-0.0,-0.0,-0.0,-0.0,-0.0,-0.0,-0.0,0.0,-0.0,-0.0,-0.0,-0.0
2017-05-27 20:30:00+02:00,0.0,0.0,-0.0,-0.0,-0.0,0.0,-0.0,-0.0,-0.0,-0.0,0.0,0.0,-0.0,-0.0,-0.0,-0.0,-0.0,0.0,0.0,-0.0,0.0,-0.0,-0.0,0.0,-0.0,-0.0,-0.0,0.0,-0.0,-0.0,0.0,-0.0,0.0,-0.0,-0.0,0.0,-0.0,-0.0,0.0,-0.0,-0.0,0.0,-0.0,0.0,-0.0,-0.0,-0.0,-0.0,-0.0,0.0,0.0,-0.0,-0.0,-0.0,0.0,0.0,-0.0,0.0,0.0,-0.0,-0.0,-0.0,-0.0,0.0,-0.0,-0.0,-0.0,-0.0,0.0,-0.0,-0.0,-0.0,0.0,-0.0,-0.0,0.0,-0.0,0.0,-0.0,0.0,-0.0,0.0,-0.0,-0.0,-0.0,-0.0,-0.0,0.0,0.0,0.0,-0.0,-0.0,-0.0,0.0,-0.0,-0.0,-0.0,-0.0,0.0,-0.0,0.0,-0.0,-0.0,0.0,-0.0,-0.0,-0.0,-0.0,-0.0,-0.0,-0.0,-0.0,-0.0,0.0,-0.0,-0.0,-0.0,-0.0
2017-05-27 20:31:00+02:00,0.0,0.0,-0.0,-0.0,-0.0,0.0,-0.0,-0.0,-0.0,-0.0,0.0,0.0,-0.0,-0.0,-0.0,-0.0,-0.0,0.0,0.0,-0.0,0.0,-0.0,-0.0,0.0,-0.0,-0.0,-0.0,0.0,-0.0,-0.0,0.0,-0.0,0.0,-0.0,-0.0,0.0,-0.0,-0.0,0.0,-0.0,-0.0,0.0,-0.0,0.0,-0.0,-0.0,-0.0,-0.0,-0.0,0.0,0.0,-0.0,-0.0,-0.0,0.0,0.0,-0.0,0.0,0.0,-0.0,-0.0,-0.0,-0.0,0.0,-0.0,-0.0,-0.0,-0.0,0.0,-0.0,-0.0,-0.0,0.0,-0.0,-0.0,0.0,-0.0,0.0,-0.0,0.0,-0.0,0.0,-0.0,-0.0,-0.0,-0.0,-0.0,0.0,0.0,0.0,-0.0,-0.0,-0.0,0.0,-0.0,-0.0,-0.0,-0.0,0.0,-0.0,0.0,-0.0,-0.0,0.0,-0.0,-0.0,-0.0,-0.0,-0.0,-0.0,-0.0,-0.0,-0.0,0.0,-0.0,-0.0,-0.0,-0.0
2017-05-27 20:32:00+02:00,0.0,0.0,-0.0,-0.0,-0.0,0.0,-0.0,-0.0,-0.0,-0.0,0.0,0.0,-0.0,-0.0,-0.0,-0.0,-0.0,0.0,0.0,-0.0,0.0,-0.0,-0.0,0.0,-0.0,-0.0,-0.0,0.0,-0.0,-0.0,0.0,-0.0,0.0,-0.0,-0.0,0.0,-0.0,-0.0,0.0,-0.0,-0.0,0.0,-0.0,0.0,-0.0,-0.0,-0.0,-0.0,-0.0,0.0,0.0,-0.0,-0.0,-0.0,0.0,0.0,-0.0,0.0,0.0,-0.0,-0.0,-0.0,-0.0,0.0,-0.0,-0.0,-0.0,-0.0,0.0,-0.0,-0.0,-0.0,0.0,-0.0,-0.0,0.0,-0.0,0.0,-0.0,0.0,-0.0,0.0,-0.0,-0.0,-0.0,-0.0,-0.0,0.0,0.0,0.0,-0.0,-0.0,-0.0,0.0,-0.0,-0.0,-0.0,-0.0,0.0,-0.0,0.0,-0.0,-0.0,0.0,-0.0,-0.0,-0.0,-0.0,-0.0,-0.0,-0.0,-0.0,-0.0,0.0,-0.0,-0.0,-0.0,-0.0
2017-05-27 20:33:00+02:00,0.0,0.0,-0.0,-0.0,-0.0,0.0,-0.0,-0.0,-0.0,-0.0,0.0,0.0,-0.0,-0.0,-0.0,-0.0,-0.0,0.0,0.0,-0.0,0.0,-0.0,-0.0,0.0,-0.0,-0.0,-0.0,0.0,-0.0,-0.0,0.0,-0.0,0.0,-0.0,-0.0,0.0,-0.0,-0.0,0.0,-0.0,-0.0,0.0,-0.0,0.0,-0.0,-0.0,-0.0,-0.0,-0.0,0.0,0.0,-0.0,-0.0,-0.0,0.0,0.0,-0.0,0.0,0.0,-0.0,-0.0,-0.0,-0.0,0.0,-0.0,-0.0,-0.0,-0.0,0.0,-0.0,-0.0,-0.0,0.0,-0.0,-0.0,0.0,-0.0,0.0,-0.0,0.0,-0.0,0.0,-0.0,-0.0,-0.0,-0.0,-0.0,0.0,0.0,0.0,-0.0,-0.0,-0.0,0.0,-0.0,-0.0,-0.0,-0.0,0.0,-0.0,0.0,-0.0,-0.0,0.0,-0.0,-0.0,-0.0,-0.0,-0.0,-0.0,-0.0,-0.0,-0.0,0.0,-0.0,-0.0,-0.0,-0.0
2017-05-27 20:34:00+02:00,0.0,0.0,-0.0,-0.0,-0.0,0.0,-0.0,-0.0,-0.0,-0.0,0.0,0.0,-0.0,-0.0,-0.0,-0.0,-0.0,0.0,0.0,-0.0,0.0,-0.0,-0.0,0.0,-0.0,-0.0,-0.0,0.0,-0.0,-0.0,0.0,-0.0,0.0,-0.0,-0.0,0.0,-0.0,-0.0,0.0,-0.0,-0.0,0.0,-0.0,0.0,-0.0,-0.0,-0.0,-0.0,-0.0,0.0,0.0,-0.0,-0.0,-0.0,0.0,0.0,-0.0,0.0,0.0,-0.0,-0.0,-0.0,-0.0,0.0,-0.0,-0.0,-0.0,-0.0,0.0,-0.0,-0.0,-0.0,0.0,-0.0,-0.0,0.0,-0.0,0.0,-0.0,0.0,-0.0,0.0,-0.0,-0.0,-0.0,-0.0,-0.0,0.0,0.0,0.0,-0.0,-0.0,-0.0,0.0,-0.0,-0.0,-0.0,-0.0,0.0,-0.0,0.0,-0.0,-0.0,0.0,-0.0,-0.0,-0.0,-0.0,-0.0,-0.0,-0.0,-0.0,-0.0,0.0,-0.0,-0.0,-0.0,-0.0
2017-05-27 20:35:00+02:00,0.0,0.0,-0.0,-0.0,-0.0,0.0,-0.0,-0.0,-0.0,-0.0,0.0,0.0,-0.0,-0.0,-0.0,-0.0,-0.0,0.0,0.0,-0.0,0.0,-0.0,-0.0,0.0,-0.0,-0.0,-0.0,0.0,-0.0,-0.0,0.0,-0.0,0.0,-0.0,-0.0,0.0,-0.0,-0.0,0.0,-0.0,-0.0,0.0,-0.0,0.0,-0.0,-0.0,-0.0,-0.0,-0.0,0.0,0.0,-0.0,-0.0,-0.0,0.0,0.0,-0.0,0.0,0.0,-0.0,-0.0,-0.0,-0.0,0.0,-0.0,-0.0,-0.0,-0.0,0.0,-0.0,-0.0,-0.0,0.0,-0.0,-0.0,0.0,-0.0,0.0,-0.0,0.0,-0.0,0.0,-0.0,-0.0,-0.0,-0.0,-0.0,0.0,0.0,0.0,-0.0,-0.0,-0.0,0.0,-0.0,-0.0,-0.0,-0.0,0.0,-0.0,0.0,-0.0,-0.0,0.0,-0.0,-0.0,-0.0,-0.0,-0.0,-0.0,-0.0,-0.0,-0.0,0.0,-0.0,-0.0,-0.0,-0.0
2017-05-27 20:36:00+02:00,0.0,0.0,-0.0,-0.0,-0.0,0.0,-0.0,-0.0,-0.0,-0.0,0.0,0.0,-0.0,-0.0,-0.0,-0.0,-0.0,0.0,0.0,-0.0,0.0,-0.0,-0.0,0.0,-0.0,-0.0,-0.0,0.0,-0.0,-0.0,0.0,-0.0,0.0,-0.0,-0.0,0.0,-0.0,-0.0,0.0,-0.0,-0.0,0.0,-0.0,0.0,-0.0,-0.0,-0.0,-0.0,-0.0,0.0,0.0,-0.0,-0.0,-0.0,0.0,0.0,-0.0,0.0,0.0,-0.0,-0.0,-0.0,-0.0,0.0,-0.0,-0.0,-0.0,-0.0,0.0,-0.0,-0.0,-0.0,0.0,-0.0,-0.0,0.0,-0.0,0.0,-0.0,0.0,-0.0,0.0,-0.0,-0.0,-0.0,-0.0,-0.0,0.0,0.0,0.0,-0.0,-0.0,-0.0,0.0,-0.0,-0.0,-0.0,-0.0,0.0,-0.0,0.0,-0.0,-0.0,0.0,-0.0,-0.0,-0.0,-0.0,-0.0,-0.0,-0.0,-0.0,-0.0,0.0,-0.0,-0.0,-0.0,-0.0
2017-05-27 20:37:00+02:00,0.0,0.0,-0.0,-0.0,-0.0,0.0,-0.0,-0.0,-0.0,-0.0,0.0,0.0,-0.0,-0.0,-0.0,-0.0,-0.0,0.0,0.0,-0.0,0.0,-0.0,-0.0,0.0,-0.0,-0.0,-0.0,0.0,-0.0,-0.0,0.0,-0.0,0.0,-0.0,-0.0,0.0,-0.0,-0.0,0.0,-0.0,-0.0,0.0,-0.0,0.0,-0.0,-0.0,-0.0,-0.0,-0.0,0.0,0.0,-0.0,-0.0,-0.0,0.0,0.0,-0.0,0.0,0.0,-0.0,-0.0,-0.0,-0.0,0.0,-0.0,-0.0,-0.0,-0.0,0.0,-0.0,-0.0,-0.0,0.0,-0.0,-0.0,0.0,-0.0,0.0,-0.0,0.0,-0.0,0.0,-0.0,-0.0,-0.0,-0.0,-0.0,0.0,0.0,0.0,-0.0,-0.0,-0.0,0.0,-0.0,-0.0,-0.0,-0.0,0.0,-0.0,0.0,-0.0,-0.0,0.0,-0.0,-0.0,-0.0,-0.0,-0.0,-0.0,-0.0,-0.0,-0.0,0.0,-0.0,-0.0,-0.0,-0.0
2017-05-27 20:38:00+02:00,0.0,0.0,-0.0,-0.0,-0.0,0.0,-0.0,-0.0,-0.0,-0.0,0.0,0.0,-0.0,-0.0,-0.0,-0.0,-0.0,0.0,0.0,-0.0,0.0,-0.0,-0.0,0.0,-0.0,-0.0,-0.0,0.0,-0.0,-0.0,0.0,-0.0,0.0,-0.0,-0.0,0.0,-0.0,-0.0,0.0,-0.0,-0.0,0.0,-0.0,0.0,-0.0,-0.0,-0.0,-0.0,-0.0,0.0,0.0,-0.0,-0.0,-0.0,0.0,0.0,-0.0,0.0,0.0,-0.0,-0.0,-0.0,-0.0,0.0,-0.0,-0.0,-0.0,-0.0,0.0,-0.0,-0.0,-0.0,0.0,-0.0,-0.0,0.0,-0.0,0.0,-0.0,0.0,-0.0,0.0,-0.0,-0.0,-0.0,-0.0,-0.0,0.0,0.0,0.0,-0.0,-0.0,-0.0,0.0,-0.0,-0.0,-0.0,-0.0,0.0,-0.0,0.0,-0.0,-0.0,0.0,-0.0,-0.0,-0.0,-0.0,-0.0,-0.0,-0.0,-0.0,-0.0,0.0,-0.0,-0.0,-0.0,-0.0
2017-05-27 20:39:00+02:00,0.0,0.0,-0.0,-0.0,-0.0,0.0,-0.0,-0.0,-0.0,-0.0,0.0,0.0,-0.0,-0.0,-0.0,-0.0,-0.0,0.0,0.0,-0.0,0.0,-0.0,-0.0,0.0,-0.0,-0.0,-0.0,0.0,-0.0,-0.0,0.0,-0.0,0.0,-0.0,-0.0,0.0,-0.0,-0.0,0.0,-0.0,-0.0,0.0,-0.0,0.0,-0.0,-0.0,-0.0,-0.0,-0.0,0.0,0.0,-0.0,-0.0,-0.0,0.0,0.0,-0.0,0.0,0.0,-0.0,-0.0,-0.0,-0.0,0.0,-0.0,-0.0,-0.0,-0.0,0.0,-0.0,-0.0,-0.0,0.0,-0.0,-0.0,0.0,-0.0,0.0,-0.0,0.0,-0.0,0.0,-0.0,-0.0,-0.0,-0.0,-0.0,0.0,0.0,0.0,-0.0,-0.0,-0.0,0.0,-0.0,-0.0,-0.0,-0.0,0.0,-0.0,0.0,-0.0,-0.0,0.0,-0.0,-0.0,-0.0,-0.0,-0.0,-0.0,-0.0,-0.0,-0.0,0.0,-0.0,-0.0,-0.0,-0.0
2017-05-27 20:40:00+02:00,0.0,0.0,-0.0,-0.0,-0.0,0.0,0.0,0.0,0.0,0.0,0.0,0.0,0.0,0.0,0.0,-0.0,-0.0,0.0,0.0,-0.0,0.0,-0.0,-0.0,0.0,-0.0,-0.0,0.0,0.0,0.0,0.0,0.0,0.0,0.0,0.0,0.0,0.0,-0.0,-0.0,0.0,-0.0,0.0,0.0,-0.0,0.0,-0.0,-0.0,0.0,0.0,0.0,0.0,0.0,0.0,0.0,0.0,0.0,0.0,-0.0,0.0,0.0,-0.0,0.0,-0.0,-0.0,0.0,-0.0,-0.0,0.0,0.0,0.0,0.0,0.0,0.0,0.0,0.0,0.0,0.0,-0.0,0.0,-0.0,0.0,0.0,0.0,-0.0,-0.0,-0.0,-0.0,0.0,0.0,0.0,0.0,0.0,0.0,0.0,0.0,0.0,-0.0,-0.0,-0.0,0.0,-0.0,0.0,-0.0,0.0,0.0,0.0,-0.0,0.0,-0.0,-0.0,-0.0,0.0,0.0,0.0,0.0,-0.0,-0.0,-0.0,0.0
2017-05-27 20:41:00+02:00,0.0,0.0,-0.0,-0.0,-0.0,0.0,0.0,0.0,0.0,0.0,0.0,0.0,0.0,0.0,0.0,-0.0,0.0,0.0,0.0,-0.0,0.0,-0.0,-0.0,0.0,-0.0,-0.0,0.0,0.0,0.0,0.0,0.0,0.0,0.0,0.0,0.0,0.0,0.0,0.0,0.0,-0.0,0.0,0.0,-0.0,0.0,-0.0,-0.0,0.0,0.0,0.0,0.0,0.0,0.0,0.0,0.0,0.0,0.0,0.0,0.0,0.0,-0.0,0.0,-0.0,-0.0,0.0,-0.0,-0.0,0.0,0.0,0.0,0.0,0.0,0.0,0.0,0.0,0.0,0.0,0.0,0.0,0.0,0.0,0.0,0.0,-0.0,-0.0,-0.0,-0.0,0.0,0.0,0.0,0.0,0.0,0.0,0.0,0.0,0.0,-0.0,0.0,0.0,0.0,-0.0,0.0,-0.0,0.0,0.0,0.0,-0.0,0.0,0.0,0.0,-0.0,0.0,0.0,0.0,0.0,-0.0,-0.0,-0.0,0.0
2017-05-27 20:42:00+02:00,0.0,0.0,-0.0,-0.0,-0.0,0.0,0.0,0.0,0.0,0.0,0.0,0.0,0.0,0.0,0.0,0.0,0.0,0.0,0.0,0.0,0.0,-0.0,-0.0,0.0,-0.0,0.0,0.0,0.0,0.0,0.0,0.0,0.0,0.0,0.0,0.0,0.0,0.0,0.0,0.0,0.0,0.0,0.0,-0.0,0.0,-0.0,0.0,0.0,0.0,0.0,0.0,0.0,0.0,0.0,0.0,0.0,0.0,0.0,0.0,0.0,0.0,0.0,-0.0,-0.0,0.0,-0.0,0.0,0.0,0.0,0.0,0.0,0.0,0.0,0.0,0.0,0.0,0.0,0.0,0.0,0.0,0.0,0.0,0.0,-0.0,-0.0,-0.0,0.0,0.0,0.0,0.0,0.0,0.0,0.0,0.0,0.0,0.0,0.0,0.0,0.0,0.0,0.0,0.0,-0.0,0.0,0.0,0.0,0.0,0.0,0.0,0.0,0.0,0.0,0.0,0.0,0.0,0.0,0.0,0.0,0.0
2017-05-27 20:43:00+02:00,0.0,0.0,0.0,0.0,0.0,0.0,0.0,0.0,0.0,0.0,0.0,0.0,0.0,0.0,0.0,0.0,0.0,0.0,0.0,0.0,0.0,0.0,0.0,0.0,0.0,0.0,0.0,0.0,0.0,0.0,0.0,0.0,0.0,0.0,0.0,0.0,0.0,0.0,0.0,0.0,0.0,0.0,0.0,0.0,0.0,0.0,0.0,0.0,0.0,0.0,0.0,0.0,0.0,0.0,0.0,0.0,0.0,0.0,0.0,0.0,0.0,0.0,0.0,0.0,0.0,0.0,0.0,0.0,0.0,0.0,0.0,0.0,0.0,0.0,0.0,0.0,0.0,0.0,0.0,0.0,0.0,0.0,0.0,0.0,0.0,0.0,0.0,0.0,0.0,0.0,0.0,0.0,0.0,0.0,0.0,0.0,0.0,0.0,0.0,0.0,0.0,0.0,0.0,0.0,0.0,0.0,0.0,0.0,0.0,0.0,0.0,0.0,0.0,0.0,0.0,0.0,0.0,0.0
2017-05-27 20:44:00+02:00,0.0,0.0,0.0,0.0,0.0,0.0,0.0,0.0,0.0,0.0,0.0,0.0,0.0,0.0,0.0,0.0,0.0,0.0,0.0,0.0,0.0,0.0,0.0,0.0,0.0,0.0,0.0,0.0,0.0,0.0,0.0,0.0,0.0,0.0,0.0,0.0,0.0,0.0,0.0,0.0,0.0,0.0,0.0,0.0,0.0,0.0,0.0,0.0,0.0,0.0,0.0,0.0,0.0,0.0,0.0,0.0,0.0,0.0,0.0,0.0,0.0,0.0,0.0,0.0,0.0,0.0,0.0,0.0,0.0,0.0,0.0,0.0,0.0,0.0,0.0,0.0,0.0,0.0,0.0,0.0,0.0,0.0,0.0,0.0,0.0,0.0,0.0,0.0,0.0,0.0,0.0,0.0,0.0,0.0,0.0,0.0,0.0,0.0,0.0,0.0,0.0,0.0,0.0,0.0,0.0,0.0,0.0,0.0,0.0,0.0,0.0,0.0,0.0,0.0,0.0,0.0,0.0,0.0
2017-05-27 20:45:00+02:00,0.0,0.0,0.0,0.0,0.0,0.0,0.0,0.0,0.0,0.0,0.0,0.0,0.0,0.0,0.0,0.0,0.0,0.0,0.0,0.0,0.0,0.0,0.0,0.0,0.0,0.0,0.0,0.0,0.0,0.0,0.0,0.0,0.0,0.0,0.0,0.0,0.0,0.0,0.0,0.0,0.0,0.0,0.0,0.0,0.0,0.0,0.0,0.0,0.0,0.0,0.0,0.0,0.0,0.0,0.0,0.0,0.0,0.0,0.0,0.0,0.0,0.0,0.0,0.0,0.0,0.0,0.0,0.0,0.0,0.0,0.0,0.0,0.0,0.0,0.0,0.0,0.0,0.0,0.0,0.0,0.0,0.0,0.0,0.0,0.0,0.0,0.0,0.0,0.0,0.0,0.0,0.0,0.0,0.0,0.0,0.0,0.0,0.0,0.0,0.0,0.0,0.0,0.0,0.0,0.0,0.0,0.0,0.0,0.0,0.0,0.0,0.0,0.0,0.0,0.0,0.0,0.0,0.0
2017-05-27 20:46:00+02:00,0.0,0.0,0.0,0.0,0.0,0.0,0.0,0.0,0.0,0.0,0.0,0.0,0.0,0.0,0.0,0.0,0.0,0.0,0.0,0.0,0.0,0.0,0.0,0.0,0.0,0.0,0.0,0.0,0.0,0.0,0.0,0.0,0.0,0.0,0.0,0.0,0.0,0.0,0.0,0.0,0.0,0.0,0.0,0.0,0.0,0.0,0.0,0.0,0.0,0.0,0.0,0.0,0.0,0.0,0.0,0.0,0.0,0.0,0.0,0.0,0.0,0.0,0.0,0.0,0.0,0.0,0.0,0.0,0.0,0.0,0.0,0.0,0.0,0.0,0.0,0.0,0.0,0.0,0.0,0.0,0.0,0.0,0.0,0.0,0.0,0.0,0.0,0.0,0.0,0.0,0.0,0.0,0.0,0.0,0.0,0.0,0.0,0.0,0.0,0.0,0.0,0.0,0.0,0.0,0.0,0.0,0.0,0.0,0.0,0.0,0.0,0.0,0.0,0.0,0.0,0.0,0.0,0.0
2017-05-27 20:47:00+02:00,0.0,0.0,0.0,0.0,0.0,0.0,0.0,0.0,0.0,0.0,0.0,0.0,0.0,0.0,0.0,0.0,0.0,0.0,0.0,0.0,0.0,0.0,0.0,0.0,0.0,0.0,0.0,0.0,0.0,0.0,0.0,0.0,0.0,0.0,0.0,0.0,0.0,0.0,0.0,0.0,0.0,0.0,0.0,0.0,0.0,0.0,0.0,0.0,0.0,0.0,0.0,0.0,0.0,0.0,0.0,0.0,0.0,0.0,0.0,0.0,0.0,0.0,0.0,0.0,0.0,0.0,0.0,0.0,0.0,0.0,0.0,0.0,0.0,0.0,0.0,0.0,0.0,0.0,0.0,0.0,0.0,0.0,0.0,0.0,0.0,0.0,0.0,0.0,0.0,0.0,0.0,0.0,0.0,0.0,0.0,0.0,0.0,0.0,0.0,0.0,0.0,0.0,0.0,0.0,0.0,0.0,0.0,0.0,0.0,0.0,0.0,0.0,0.0,0.0,0.0,0.0,0.0,0.0
2017-05-27 20:48:00+02:00,0.0,0.0,0.0,0.0,0.0,0.0,0.0,0.0,0.0,0.0,0.0,0.0,0.0,0.0,0.0,0.0,0.0,0.0,0.0,0.0,0.0,0.0,0.0,0.0,0.0,0.0,0.0,0.0,0.0,0.0,0.0,0.0,0.0,0.0,0.0,0.0,0.0,0.0,0.0,0.0,0.0,0.0,0.0,0.0,0.0,0.0,0.0,0.0,0.0,0.0,0.0,0.0,0.0,0.0,0.0,0.0,0.0,0.0,0.0,0.0,0.0,0.0,0.0,0.0,0.0,0.0,0.0,0.0,0.0,0.0,0.0,0.0,0.0,0.0,0.0,0.0,0.0,0.0,0.0,0.0,0.0,0.0,0.0,0.0,0.0,0.0,0.0,0.0,0.0,0.0,0.0,0.0,0.0,0.0,0.0,0.0,0.0,0.0,0.0,0.0,0.0,0.0,0.0,0.0,0.0,0.0,0.0,0.0,0.0,0.0,0.0,0.0,0.0,0.0,0.0,0.0,0.0,0.0
2017-05-27 20:49:00+02:00,0.0,0.0,0.0,0.0,0.0,0.0,0.0,0.0,0.0,0.0,0.0,0.0,0.0,0.0,0.0,0.0,0.0,0.0,0.0,0.0,0.0,0.0,0.0,0.0,0.0,0.0,0.0,0.0,0.0,0.0,0.0,0.0,0.0,0.0,0.0,0.0,0.0,0.0,0.0,0.0,0.0,0.0,0.0,0.0,0.0,0.0,0.0,0.0,0.0,0.0,0.0,0.0,0.0,0.0,0.0,0.0,0.0,0.0,0.0,0.0,0.0,0.0,0.0,0.0,0.0,0.0,0.0,0.0,0.0,0.0,0.0,0.0,0.0,0.0,0.0,0.0,0.0,0.0,0.0,0.0,0.0,0.0,0.0,0.0,0.0,0.0,0.0,0.0,0.0,0.0,0.0,0.0,0.0,0.0,0.0,0.0,0.0,0.0,0.0,0.0,0.0,0.0,0.0,0.0,0.0,0.0,0.0,0.0,0.0,0.0,0.0,0.0,0.0,0.0,0.0,0.0,0.0,0.0
2017-05-27 20:50:00+02:00,0.0,0.0,0.0,0.0,0.0,0.0,0.0,0.0,0.0,0.0,0.0,0.0,0.0,0.0,0.0,0.0,0.0,0.0,0.0,0.0,0.0,0.0,0.0,0.0,0.0,0.0,0.0,0.0,0.0,0.0,0.0,0.0,0.0,0.0,0.0,0.0,0.0,0.0,0.0,0.0,0.0,0.0,0.0,0.0,0.0,0.0,0.0,0.0,0.0,0.0,0.0,0.0,0.0,0.0,0.0,0.0,0.0,0.0,0.0,0.0,0.0,0.0,0.0,0.0,0.0,0.0,0.0,0.0,0.0,0.0,0.0,0.0,0.0,0.0,0.0,0.0,0.0,0.0,0.0,0.0,0.0,0.0,0.0,0.0,0.0,0.0,0.0,0.0,0.0,0.0,0.0,0.0,0.0,0.0,0.0,0.0,0.0,0.0,0.0,0.0,0.0,0.0,0.0,0.0,0.0,0.0,0.0,0.0,0.0,0.0,0.0,0.0,0.0,0.0,0.0,0.0,0.0,0.0
2017-05-27 20:51:00+02:00,0.0,0.0,0.0,0.0,0.0,0.0,0.0,0.0,0.0,0.0,0.0,0.0,0.0,0.0,0.0,0.0,0.0,0.0,0.0,0.0,0.0,0.0,0.0,0.0,0.0,0.0,0.0,0.0,0.0,0.0,0.0,0.0,0.0,0.0,0.0,0.0,0.0,0.0,0.0,0.0,0.0,0.0,0.0,0.0,0.0,0.0,0.0,0.0,0.0,0.0,0.0,0.0,0.0,0.0,0.0,0.0,0.0,0.0,0.0,0.0,0.0,0.0,0.0,0.0,0.0,0.0,0.0,0.0,0.0,0.0,0.0,0.0,0.0,0.0,0.0,0.0,0.0,0.0,0.0,0.0,0.0,0.0,0.0,0.0,0.0,0.0,0.0,0.0,0.0,0.0,0.0,0.0,0.0,0.0,0.0,0.0,0.0,0.0,0.0,0.0,0.0,0.0,0.0,0.0,0.0,0.0,0.0,0.0,0.0,0.0,0.0,0.0,0.0,0.0,0.0,0.0,0.0,0.0
2017-05-27 20:52:00+02:00,0.0,0.0,0.0,0.0,0.0,0.0,0.0,0.0,0.0,0.0,0.0,0.0,0.0,0.0,0.0,0.0,0.0,0.0,0.0,0.0,0.0,0.0,0.0,0.0,0.0,0.0,0.0,0.0,0.0,0.0,0.0,0.0,0.0,0.0,0.0,0.0,0.0,0.0,0.0,0.0,0.0,0.0,0.0,0.0,0.0,0.0,0.0,0.0,0.0,0.0,0.0,0.0,0.0,0.0,0.0,0.0,0.0,0.0,0.0,0.0,0.0,0.0,0.0,0.0,0.0,0.0,0.0,0.0,0.0,0.0,0.0,0.0,0.0,0.0,0.0,0.0,0.0,0.0,0.0,0.0,0.0,0.0,0.0,0.0,0.0,0.0,0.0,0.0,0.0,0.0,0.0,0.0,0.0,0.0,0.0,0.0,0.0,0.0,0.0,0.0,0.0,0.0,0.0,0.0,0.0,0.0,0.0,0.0,0.0,0.0,0.0,0.0,0.0,0.0,0.0,0.0,0.0,0.0
2017-05-27 20:53:00+02:00,0.0,0.0,0.0,0.0,0.0,0.0,0.0,0.0,0.0,0.0,0.0,0.0,0.0,0.0,0.0,0.0,0.0,0.0,0.0,0.0,0.0,0.0,0.0,0.0,0.0,0.0,0.0,0.0,0.0,0.0,0.0,0.0,0.0,0.0,0.0,0.0,0.0,0.0,0.0,0.0,0.0,0.0,0.0,0.0,0.0,0.0,0.0,0.0,0.0,0.0,0.0,0.0,0.0,0.0,0.0,0.0,0.0,0.0,0.0,0.0,0.0,0.0,0.0,0.0,0.0,0.0,0.0,0.0,0.0,0.0,0.0,0.0,0.0,0.0,0.0,0.0,0.0,0.0,0.0,0.0,0.0,0.0,0.0,0.0,0.0,0.0,0.0,0.0,0.0,0.0,0.0,0.0,0.0,0.0,0.0,0.0,0.0,0.0,0.0,0.0,0.0,0.0,0.0,0.0,0.0,0.0,0.0,0.0,0.0,0.0,0.0,0.0,0.0,0.0,0.0,0.0,0.0,0.0
2017-05-27 20:54:00+02:00,0.0,0.0,0.0,0.0,0.0,0.0,0.0,0.0,0.0,0.0,0.0,0.0,0.0,0.0,0.0,0.0,0.0,0.0,0.0,0.0,0.0,0.0,0.0,0.0,0.0,0.0,0.0,0.0,0.0,0.0,0.0,0.0,0.0,0.0,0.0,0.0,0.0,0.0,0.0,0.0,0.0,0.0,0.0,0.0,0.0,0.0,0.0,0.0,0.0,0.0,0.0,0.0,0.0,0.0,0.0,0.0,0.0,0.0,0.0,0.0,0.0,0.0,0.0,0.0,0.0,0.0,0.0,0.0,0.0,0.0,0.0,0.0,0.0,0.0,0.0,0.0,0.0,0.0,0.0,0.0,0.0,0.0,0.0,0.0,0.0,0.0,0.0,0.0,0.0,0.0,0.0,0.0,0.0,0.0,0.0,0.0,0.0,0.0,0.0,0.0,0.0,0.0,0.0,0.0,0.0,0.0,0.0,0.0,0.0,0.0,0.0,0.0,0.0,0.0,0.0,0.0,0.0,0.0
2017-05-27 20:55:00+02:00,0.0,0.0,0.0,0.0,0.0,0.0,0.0,0.0,0.0,0.0,0.0,0.0,0.0,0.0,0.0,0.0,0.0,0.0,0.0,0.0,0.0,0.0,0.0,0.0,0.0,0.0,0.0,0.0,0.0,0.0,0.0,0.0,0.0,0.0,0.0,0.0,0.0,0.0,0.0,0.0,0.0,0.0,0.0,0.0,0.0,0.0,0.0,0.0,0.0,0.0,0.0,0.0,0.0,0.0,0.0,0.0,0.0,0.0,0.0,0.0,0.0,0.0,0.0,0.0,0.0,0.0,0.0,0.0,0.0,0.0,0.0,0.0,0.0,0.0,0.0,0.0,0.0,0.0,0.0,0.0,0.0,0.0,0.0,0.0,0.0,0.0,0.0,0.0,0.0,0.0,0.0,0.0,0.0,0.0,0.0,0.0,0.0,0.0,0.0,0.0,0.0,0.0,0.0,0.0,0.0,0.0,0.0,0.0,0.0,0.0,0.0,0.0,0.0,0.0,0.0,0.0,0.0,0.0
2017-05-27 20:56:00+02:00,0.0,0.0,0.0,0.0,0.0,0.0,0.0,0.0,0.0,0.0,0.0,0.0,0.0,0.0,0.0,0.0,0.0,0.0,0.0,0.0,0.0,0.0,0.0,0.0,0.0,0.0,0.0,0.0,0.0,0.0,0.0,0.0,0.0,0.0,0.0,0.0,0.0,0.0,0.0,0.0,0.0,0.0,0.0,0.0,0.0,0.0,0.0,0.0,0.0,0.0,0.0,0.0,0.0,0.0,0.0,0.0,0.0,0.0,0.0,0.0,0.0,0.0,0.0,0.0,0.0,0.0,0.0,0.0,0.0,0.0,0.0,0.0,0.0,0.0,0.0,0.0,0.0,0.0,0.0,0.0,0.0,0.0,0.0,0.0,0.0,0.0,0.0,0.0,0.0,0.0,0.0,0.0,0.0,0.0,0.0,0.0,0.0,0.0,0.0,0.0,0.0,0.0,0.0,0.0,0.0,0.0,0.0,0.0,0.0,0.0,0.0,0.0,0.0,0.0,0.0,0.0,0.0,0.0
2017-05-27 20:57:00+02:00,0.0,0.0,0.0,0.0,0.0,0.0,0.0,0.0,0.0,0.0,0.0,0.0,0.0,0.0,0.0,0.0,0.0,0.0,0.0,0.0,0.0,0.0,0.0,0.0,0.0,0.0,0.0,0.0,0.0,0.0,0.0,0.0,0.0,0.0,0.0,0.0,0.0,0.0,0.0,0.0,0.0,0.0,0.0,0.0,0.0,0.0,0.0,0.0,0.0,0.0,0.0,0.0,0.0,0.0,0.0,0.0,0.0,0.0,0.0,0.0,0.0,0.0,0.0,0.0,0.0,0.0,0.0,0.0,0.0,0.0,0.0,0.0,0.0,0.0,0.0,0.0,0.0,0.0,0.0,0.0,0.0,0.0,0.0,0.0,0.0,0.0,0.0,0.0,0.0,0.0,0.0,0.0,0.0,0.0,0.0,0.0,0.0,0.0,0.0,0.0,0.0,0.0,0.0,0.0,0.0,0.0,0.0,0.0,0.0,0.0,0.0,0.0,0.0,0.0,0.0,0.0,0.0,0.0
2017-05-27 20:58:00+02:00,0.0,0.0,0.0,0.0,0.0,0.0,0.0,0.0,0.0,0.0,0.0,0.0,0.0,0.0,0.0,0.0,0.0,0.0,0.0,0.0,0.0,0.0,0.0,0.0,0.0,0.0,0.0,0.0,0.0,0.0,0.0,0.0,0.0,0.0,0.0,0.0,0.0,0.0,0.0,0.0,0.0,0.0,0.0,0.0,0.0,0.0,0.0,0.0,0.0,0.0,0.0,0.0,0.0,0.0,0.0,0.0,0.0,0.0,0.0,0.0,0.0,0.0,0.0,0.0,0.0,0.0,0.0,0.0,0.0,0.0,0.0,0.0,0.0,0.0,0.0,0.0,0.0,0.0,0.0,0.0,0.0,0.0,0.0,0.0,0.0,0.0,0.0,0.0,0.0,0.0,0.0,0.0,0.0,0.0,0.0,0.0,0.0,0.0,0.0,0.0,0.0,0.0,0.0,0.0,0.0,0.0,0.0,0.0,0.0,0.0,0.0,0.0,0.0,0.0,0.0,0.0,0.0,0.0
2017-05-27 20:59:00+02:00,0.0,0.0,0.0,0.0,0.0,0.0,0.0,0.0,0.0,0.0,0.0,0.0,0.0,0.0,0.0,0.0,0.0,0.0,0.0,0.0,0.0,0.0,0.0,0.0,0.0,0.0,0.0,0.0,0.0,0.0,0.0,0.0,0.0,0.0,0.0,0.0,0.0,0.0,0.0,0.0,0.0,0.0,0.0,0.0,0.0,0.0,0.0,0.0,0.0,0.0,0.0,0.0,0.0,0.0,0.0,0.0,0.0,0.0,0.0,0.0,0.0,0.0,0.0,0.0,0.0,0.0,0.0,0.0,0.0,0.0,0.0,0.0,0.0,0.0,0.0,0.0,0.0,0.0,0.0,0.0,0.0,0.0,0.0,0.0,0.0,0.0,0.0,0.0,0.0,0.0,0.0,0.0,0.0,0.0,0.0,0.0,0.0,0.0,0.0,0.0,0.0,0.0,0.0,0.0,0.0,0.0,0.0,0.0,0.0,0.0,0.0,0.0,0.0,0.0,0.0,0.0,0.0,0.0
2017-05-27 21:00:00+02:00,0.0,0.0,0.0,0.0,0.0,0.0,0.0,0.0,0.0,0.0,0.0,0.0,0.0,0.0,0.0,0.0,0.0,0.0,0.0,0.0,0.0,0.0,0.0,0.0,0.0,0.0,0.0,0.0,0.0,0.0,0.0,0.0,0.0,0.0,0.0,0.0,0.0,0.0,0.0,0.0,0.0,0.0,0.0,0.0,0.0,0.0,0.0,0.0,0.0,0.0,0.0,0.0,0.0,0.0,0.0,0.0,0.0,0.0,0.0,0.0,0.0,0.0,0.0,0.0,0.0,0.0,0.0,0.0,0.0,0.0,0.0,0.0,0.0,0.0,0.0,0.0,0.0,0.0,0.0,0.0,0.0,0.0,0.0,0.0,0.0,0.0,0.0,0.0,0.0,0.0,0.0,0.0,0.0,0.0,0.0,0.0,0.0,0.0,0.0,0.0,0.0,0.0,0.0,0.0,0.0,0.0,0.0,0.0,0.0,0.0,0.0,0.0,0.0,0.0,0.0,0.0,0.0,0.0
2017-05-27 21:01:00+02:00,0.0,0.0,0.0,0.0,0.0,0.0,0.0,0.0,0.0,0.0,0.0,0.0,0.0,0.0,0.0,0.0,0.0,0.0,0.0,0.0,0.0,0.0,0.0,0.0,0.0,0.0,0.0,0.0,0.0,0.0,0.0,0.0,0.0,0.0,0.0,0.0,0.0,0.0,0.0,0.0,0.0,0.0,0.0,0.0,0.0,0.0,0.0,0.0,0.0,0.0,0.0,0.0,0.0,0.0,0.0,0.0,0.0,0.0,0.0,0.0,0.0,0.0,0.0,0.0,0.0,0.0,0.0,0.0,0.0,0.0,0.0,0.0,0.0,0.0,0.0,0.0,0.0,0.0,0.0,0.0,0.0,0.0,0.0,0.0,0.0,0.0,0.0,0.0,0.0,0.0,0.0,0.0,0.0,0.0,0.0,0.0,0.0,0.0,0.0,0.0,0.0,0.0,0.0,0.0,0.0,0.0,0.0,0.0,0.0,0.0,0.0,0.0,0.0,0.0,0.0,0.0,0.0,0.0
2017-05-27 21:02:00+02:00,0.0,0.0,0.0,0.0,0.0,0.0,0.0,0.0,0.0,0.0,0.0,0.0,0.0,0.0,0.0,0.0,0.0,0.0,0.0,0.0,0.0,0.0,0.0,0.0,0.0,0.0,0.0,0.0,0.0,0.0,0.0,0.0,0.0,0.0,0.0,0.0,0.0,0.0,0.0,0.0,0.0,0.0,0.0,0.0,0.0,0.0,0.0,0.0,0.0,0.0,0.0,0.0,0.0,0.0,0.0,0.0,0.0,0.0,0.0,0.0,0.0,0.0,0.0,0.0,0.0,0.0,0.0,0.0,0.0,0.0,0.0,0.0,0.0,0.0,0.0,0.0,0.0,0.0,0.0,0.0,0.0,0.0,0.0,0.0,0.0,0.0,0.0,0.0,0.0,0.0,0.0,0.0,0.0,0.0,0.0,0.0,0.0,0.0,0.0,0.0,0.0,0.0,0.0,0.0,0.0,0.0,0.0,0.0,0.0,0.0,0.0,0.0,0.0,0.0,0.0,0.0,0.0,0.0
2017-05-27 21:03:00+02:00,0.0,0.0,0.0,0.0,0.0,0.0,0.0,0.0,0.0,0.0,0.0,0.0,0.0,0.0,0.0,0.0,0.0,0.0,0.0,0.0,0.0,0.0,0.0,0.0,0.0,0.0,0.0,0.0,0.0,0.0,0.0,0.0,0.0,0.0,0.0,0.0,0.0,0.0,0.0,0.0,0.0,0.0,0.0,0.0,0.0,0.0,0.0,0.0,0.0,0.0,0.0,0.0,0.0,0.0,0.0,0.0,0.0,0.0,0.0,0.0,0.0,0.0,0.0,0.0,0.0,0.0,0.0,0.0,0.0,0.0,0.0,0.0,0.0,0.0,0.0,0.0,0.0,0.0,0.0,0.0,0.0,0.0,0.0,0.0,0.0,0.0,0.0,0.0,0.0,0.0,0.0,0.0,0.0,0.0,0.0,0.0,0.0,0.0,0.0,0.0,0.0,0.0,0.0,0.0,0.0,0.0,0.0,0.0,0.0,0.0,0.0,0.0,0.0,0.0,0.0,0.0,0.0,0.0
2017-05-27 21:04:00+02:00,0.0,0.0,0.0,0.0,0.0,0.0,0.0,0.0,0.0,0.0,0.0,0.0,0.0,0.0,0.0,0.0,0.0,0.0,0.0,0.0,0.0,0.0,0.0,0.0,0.0,0.0,0.0,0.0,0.0,0.0,0.0,0.0,0.0,0.0,0.0,0.0,0.0,0.0,0.0,0.0,0.0,0.0,0.0,0.0,0.0,0.0,0.0,0.0,0.0,0.0,0.0,0.0,0.0,0.0,0.0,0.0,0.0,0.0,0.0,0.0,0.0,0.0,0.0,0.0,0.0,0.0,0.0,0.0,0.0,0.0,0.0,0.0,0.0,0.0,0.0,0.0,0.0,0.0,0.0,0.0,0.0,0.0,0.0,0.0,0.0,0.0,0.0,0.0,0.0,0.0,0.0,0.0,0.0,0.0,0.0,0.0,0.0,0.0,0.0,0.0,0.0,0.0,0.0,0.0,0.0,0.0,0.0,0.0,0.0,0.0,0.0,0.0,0.0,0.0,0.0,0.0,0.0,0.0
2017-05-27 21:05:00+02:00,0.0,0.0,0.0,0.0,0.0,0.0,0.0,0.0,0.0,0.0,0.0,0.0,0.0,0.0,0.0,0.0,0.0,0.0,0.0,0.0,0.0,0.0,0.0,0.0,0.0,0.0,0.0,0.0,0.0,0.0,0.0,0.0,0.0,0.0,0.0,0.0,0.0,0.0,0.0,0.0,0.0,0.0,0.0,0.0,0.0,0.0,0.0,0.0,0.0,0.0,0.0,0.0,0.0,0.0,0.0,0.0,0.0,0.0,0.0,0.0,0.0,0.0,0.0,0.0,0.0,0.0,0.0,0.0,0.0,0.0,0.0,0.0,0.0,0.0,0.0,0.0,0.0,0.0,0.0,0.0,0.0,0.0,0.0,0.0,0.0,0.0,0.0,0.0,0.0,0.0,0.0,0.0,0.0,0.0,0.0,0.0,0.0,0.0,0.0,0.0,0.0,0.0,0.0,0.0,0.0,0.0,0.0,0.0,0.0,0.0,0.0,0.0,0.0,0.0,0.0,0.0,0.0,0.0
2017-05-27 21:06:00+02:00,0.0,0.0,0.0,0.0,0.0,0.0,0.0,0.0,0.0,0.0,0.0,0.0,0.0,0.0,0.0,0.0,0.0,0.0,0.0,0.0,0.0,0.0,0.0,0.0,0.0,0.0,0.0,0.0,0.0,0.0,0.0,0.0,0.0,0.0,0.0,0.0,0.0,0.0,0.0,0.0,0.0,0.0,0.0,0.0,0.0,0.0,0.0,0.0,0.0,0.0,0.0,0.0,0.0,0.0,0.0,0.0,0.0,0.0,0.0,0.0,0.0,0.0,0.0,0.0,0.0,0.0,0.0,0.0,0.0,0.0,0.0,0.0,0.0,0.0,0.0,0.0,0.0,0.0,0.0,0.0,0.0,0.0,0.0,0.0,0.0,0.0,0.0,0.0,0.0,0.0,0.0,0.0,0.0,0.0,0.0,0.0,0.0,0.0,0.0,0.0,0.0,0.0,0.0,0.0,0.0,0.0,0.0,0.0,0.0,0.0,0.0,0.0,0.0,0.0,0.0,0.0,0.0,0.0
2017-05-27 21:07:00+02:00,0.0,0.0,0.0,0.0,0.0,0.0,0.0,0.0,0.0,0.0,0.0,0.0,0.0,0.0,0.0,0.0,0.0,0.0,0.0,0.0,0.0,0.0,0.0,0.0,0.0,0.0,0.0,0.0,0.0,0.0,0.0,0.0,0.0,0.0,0.0,0.0,0.0,0.0,0.0,0.0,0.0,0.0,0.0,0.0,0.0,0.0,0.0,0.0,0.0,0.0,0.0,0.0,0.0,0.0,0.0,0.0,0.0,0.0,0.0,0.0,0.0,0.0,0.0,0.0,0.0,0.0,0.0,0.0,0.0,0.0,0.0,0.0,0.0,0.0,0.0,0.0,0.0,0.0,0.0,0.0,0.0,0.0,0.0,0.0,0.0,0.0,0.0,0.0,0.0,0.0,0.0,0.0,0.0,0.0,0.0,0.0,0.0,0.0,0.0,0.0,0.0,0.0,0.0,0.0,0.0,0.0,0.0,0.0,0.0,0.0,0.0,0.0,0.0,0.0,0.0,0.0,0.0,0.0
2017-05-27 21:08:00+02:00,0.0,0.0,0.0,0.0,0.0,0.0,0.0,0.0,0.0,0.0,0.0,0.0,0.0,0.0,0.0,0.0,0.0,0.0,0.0,0.0,0.0,0.0,0.0,0.0,0.0,0.0,0.0,0.0,0.0,0.0,0.0,0.0,0.0,0.0,0.0,0.0,0.0,0.0,0.0,0.0,0.0,0.0,0.0,0.0,0.0,0.0,0.0,0.0,0.0,0.0,0.0,0.0,0.0,0.0,0.0,0.0,0.0,0.0,0.0,0.0,0.0,0.0,0.0,0.0,0.0,0.0,0.0,0.0,0.0,0.0,0.0,0.0,0.0,0.0,0.0,0.0,0.0,0.0,0.0,0.0,0.0,0.0,0.0,0.0,0.0,0.0,0.0,0.0,0.0,0.0,0.0,0.0,0.0,0.0,0.0,0.0,0.0,0.0,0.0,0.0,0.0,0.0,0.0,0.0,0.0,0.0,0.0,0.0,0.0,0.0,0.0,0.0,0.0,0.0,0.0,0.0,0.0,0.0
2017-05-27 21:09:00+02:00,0.0,0.0,0.0,0.0,0.0,0.0,0.0,0.0,0.0,0.0,0.0,0.0,0.0,0.0,0.0,0.0,0.0,0.0,0.0,0.0,0.0,0.0,0.0,0.0,0.0,0.0,0.0,0.0,0.0,0.0,0.0,0.0,0.0,0.0,0.0,0.0,0.0,0.0,0.0,0.0,0.0,0.0,0.0,0.0,0.0,0.0,0.0,0.0,0.0,0.0,0.0,0.0,0.0,0.0,0.0,0.0,0.0,0.0,0.0,0.0,0.0,0.0,0.0,0.0,0.0,0.0,0.0,0.0,0.0,0.0,0.0,0.0,0.0,0.0,0.0,0.0,0.0,0.0,0.0,0.0,0.0,0.0,0.0,0.0,0.0,0.0,0.0,0.0,0.0,0.0,0.0,0.0,0.0,0.0,0.0,0.0,0.0,0.0,0.0,0.0,0.0,0.0,0.0,0.0,0.0,0.0,0.0,0.0,0.0,0.0,0.0,0.0,0.0,0.0,0.0,0.0,0.0,0.0
2017-05-27 21:10:00+02:00,0.0,0.0,0.0,0.0,0.0,0.0,0.0,0.0,0.0,0.0,0.0,0.0,0.0,0.0,0.0,0.0,0.0,0.0,0.0,0.0,0.0,0.0,0.0,0.0,0.0,0.0,0.0,0.0,0.0,0.0,0.0,0.0,0.0,0.0,0.0,0.0,0.0,0.0,0.0,0.0,0.0,0.0,0.0,0.0,0.0,0.0,0.0,0.0,0.0,0.0,0.0,0.0,0.0,0.0,0.0,0.0,0.0,0.0,0.0,0.0,0.0,0.0,0.0,0.0,0.0,0.0,0.0,0.0,0.0,0.0,0.0,0.0,0.0,0.0,0.0,0.0,0.0,0.0,0.0,0.0,0.0,0.0,0.0,0.0,0.0,0.0,0.0,0.0,0.0,0.0,0.0,0.0,0.0,0.0,0.0,0.0,0.0,0.0,0.0,0.0,0.0,0.0,0.0,0.0,0.0,0.0,0.0,0.0,0.0,0.0,0.0,0.0,0.0,0.0,0.0,0.0,0.0,0.0
2017-05-27 21:11:00+02:00,0.0,0.0,0.0,0.0,0.0,0.0,0.0,0.0,0.0,0.0,0.0,0.0,0.0,0.0,0.0,0.0,0.0,0.0,0.0,0.0,0.0,0.0,0.0,0.0,0.0,0.0,0.0,0.0,0.0,0.0,0.0,0.0,0.0,0.0,0.0,0.0,0.0,0.0,0.0,0.0,0.0,0.0,0.0,0.0,0.0,0.0,0.0,0.0,0.0,0.0,0.0,0.0,0.0,0.0,0.0,0.0,0.0,0.0,0.0,0.0,0.0,0.0,0.0,0.0,0.0,0.0,0.0,0.0,0.0,0.0,0.0,0.0,0.0,0.0,0.0,0.0,0.0,0.0,0.0,0.0,0.0,0.0,0.0,0.0,0.0,0.0,0.0,0.0,0.0,0.0,0.0,0.0,0.0,0.0,0.0,0.0,0.0,0.0,0.0,0.0,0.0,0.0,0.0,0.0,0.0,0.0,0.0,0.0,0.0,0.0,0.0,0.0,0.0,0.0,0.0,0.0,0.0,0.0
2017-05-27 21:12:00+02:00,0.0,0.0,0.0,0.0,0.0,0.0,0.0,0.0,0.0,0.0,0.0,0.0,0.0,0.0,0.0,0.0,0.0,0.0,0.0,0.0,0.0,0.0,0.0,0.0,0.0,0.0,0.0,0.0,0.0,0.0,0.0,0.0,0.0,0.0,0.0,0.0,0.0,0.0,0.0,0.0,0.0,0.0,0.0,0.0,0.0,0.0,0.0,0.0,0.0,0.0,0.0,0.0,0.0,0.0,0.0,0.0,0.0,0.0,0.0,0.0,0.0,0.0,0.0,0.0,0.0,0.0,0.0,0.0,0.0,0.0,0.0,0.0,0.0,0.0,0.0,0.0,0.0,0.0,0.0,0.0,0.0,0.0,0.0,0.0,0.0,0.0,0.0,0.0,0.0,0.0,0.0,0.0,0.0,0.0,0.0,0.0,0.0,0.0,0.0,0.0,0.0,0.0,0.0,0.0,0.0,0.0,0.0,0.0,0.0,0.0,0.0,0.0,0.0,0.0,0.0,0.0,0.0,0.0
2017-05-27 21:13:00+02:00,0.0,0.0,0.0,0.0,0.0,0.0,0.0,0.0,0.0,0.0,0.0,0.0,0.0,0.0,0.0,0.0,0.0,0.0,0.0,0.0,0.0,0.0,0.0,0.0,0.0,0.0,0.0,0.0,0.0,0.0,0.0,0.0,0.0,0.0,0.0,0.0,0.0,0.0,0.0,0.0,0.0,0.0,0.0,0.0,0.0,0.0,0.0,0.0,0.0,0.0,0.0,0.0,0.0,0.0,0.0,0.0,0.0,0.0,0.0,0.0,0.0,0.0,0.0,0.0,0.0,0.0,0.0,0.0,0.0,0.0,0.0,0.0,0.0,0.0,0.0,0.0,0.0,0.0,0.0,0.0,0.0,0.0,0.0,0.0,0.0,0.0,0.0,0.0,0.0,0.0,0.0,0.0,0.0,0.0,0.0,0.0,0.0,0.0,0.0,0.0,0.0,0.0,0.0,0.0,0.0,0.0,0.0,0.0,0.0,0.0,0.0,0.0,0.0,0.0,0.0,0.0,0.0,0.0
2017-05-27 21:14:00+02:00,0.0,0.0,0.0,0.0,0.0,0.0,0.0,0.0,0.0,0.0,0.0,0.0,0.0,0.0,0.0,0.0,0.0,0.0,0.0,0.0,0.0,0.0,0.0,0.0,0.0,0.0,0.0,0.0,0.0,0.0,0.0,0.0,0.0,0.0,0.0,0.0,0.0,0.0,0.0,0.0,0.0,0.0,0.0,0.0,0.0,0.0,0.0,0.0,0.0,0.0,0.0,0.0,0.0,0.0,0.0,0.0,0.0,0.0,0.0,0.0,0.0,0.0,0.0,0.0,0.0,0.0,0.0,0.0,0.0,0.0,0.0,0.0,0.0,0.0,0.0,0.0,0.0,0.0,0.0,0.0,0.0,0.0,0.0,0.0,0.0,0.0,0.0,0.0,0.0,0.0,0.0,0.0,0.0,0.0,0.0,0.0,0.0,0.0,0.0,0.0,0.0,0.0,0.0,0.0,0.0,0.0,0.0,0.0,0.0,0.0,0.0,0.0,0.0,0.0,0.0,0.0,0.0,0.0
2017-05-27 21:15:00+02:00,0.0,0.0,0.0,0.0,0.0,0.0,0.0,0.0,0.0,0.0,0.0,0.0,0.0,0.0,0.0,0.0,0.0,0.0,0.0,0.0,0.0,0.0,0.0,0.0,0.0,0.0,0.0,0.0,0.0,0.0,0.0,0.0,0.0,0.0,0.0,0.0,0.0,0.0,0.0,0.0,0.0,0.0,0.0,0.0,0.0,0.0,0.0,0.0,0.0,0.0,0.0,0.0,0.0,0.0,0.0,0.0,0.0,0.0,0.0,0.0,0.0,0.0,0.0,0.0,0.0,0.0,0.0,0.0,0.0,0.0,0.0,0.0,0.0,0.0,0.0,0.0,0.0,0.0,0.0,0.0,0.0,0.0,0.0,0.0,0.0,0.0,0.0,0.0,0.0,0.0,0.0,0.0,0.0,0.0,0.0,0.0,0.0,0.0,0.0,0.0,0.0,0.0,0.0,0.0,0.0,0.0,0.0,0.0,0.0,0.0,0.0,0.0,0.0,0.0,0.0,0.0,0.0,0.0
2017-05-27 21:16:00+02:00,0.0,0.0,0.0,0.0,0.0,0.0,0.0,0.0,0.0,0.0,0.0,0.0,0.0,0.0,0.0,0.0,0.0,0.0,0.0,0.0,0.0,0.0,0.0,0.0,0.0,0.0,0.0,0.0,0.0,0.0,0.0,0.0,0.0,0.0,0.0,0.0,0.0,0.0,0.0,0.0,0.0,0.0,0.0,0.0,0.0,0.0,0.0,0.0,0.0,0.0,0.0,0.0,0.0,0.0,0.0,0.0,0.0,0.0,0.0,0.0,0.0,0.0,0.0,0.0,0.0,0.0,0.0,0.0,0.0,0.0,0.0,0.0,0.0,0.0,0.0,0.0,0.0,0.0,0.0,0.0,0.0,0.0,0.0,0.0,0.0,0.0,0.0,0.0,0.0,0.0,0.0,0.0,0.0,0.0,0.0,0.0,0.0,0.0,0.0,0.0,0.0,0.0,0.0,0.0,0.0,0.0,0.0,0.0,0.0,0.0,0.0,0.0,0.0,0.0,0.0,0.0,0.0,0.0
2017-05-27 21:17:00+02:00,0.0,0.0,0.0,0.0,0.0,0.0,0.0,0.0,0.0,0.0,0.0,0.0,0.0,0.0,0.0,0.0,0.0,0.0,0.0,0.0,0.0,0.0,0.0,0.0,0.0,0.0,0.0,0.0,0.0,0.0,0.0,0.0,0.0,0.0,0.0,0.0,0.0,0.0,0.0,0.0,0.0,0.0,0.0,0.0,0.0,0.0,0.0,0.0,0.0,0.0,0.0,0.0,0.0,0.0,0.0,0.0,0.0,0.0,0.0,0.0,0.0,0.0,0.0,0.0,0.0,0.0,0.0,0.0,0.0,0.0,0.0,0.0,0.0,0.0,0.0,0.0,0.0,0.0,0.0,0.0,0.0,0.0,0.0,0.0,0.0,0.0,0.0,0.0,0.0,0.0,0.0,0.0,0.0,0.0,0.0,0.0,0.0,0.0,0.0,0.0,0.0,0.0,0.0,0.0,0.0,0.0,0.0,0.0,0.0,0.0,0.0,0.0,0.0,0.0,0.0,0.0,0.0,0.0
2017-05-27 21:18:00+02:00,0.0,0.0,0.0,0.0,0.0,0.0,0.0,0.0,0.0,0.0,0.0,0.0,0.0,0.0,0.0,0.0,0.0,0.0,0.0,0.0,0.0,0.0,0.0,0.0,0.0,0.0,0.0,0.0,0.0,0.0,0.0,0.0,0.0,0.0,0.0,0.0,0.0,0.0,0.0,0.0,0.0,0.0,0.0,0.0,0.0,0.0,0.0,0.0,0.0,0.0,0.0,0.0,0.0,0.0,0.0,0.0,0.0,0.0,0.0,0.0,0.0,0.0,0.0,0.0,0.0,0.0,0.0,0.0,0.0,0.0,0.0,0.0,0.0,0.0,0.0,0.0,0.0,0.0,0.0,0.0,0.0,0.0,0.0,0.0,0.0,0.0,0.0,0.0,0.0,0.0,0.0,0.0,0.0,0.0,0.0,0.0,0.0,0.0,0.0,0.0,0.0,0.0,0.0,0.0,0.0,0.0,0.0,0.0,0.0,0.0,0.0,0.0,0.0,0.0,0.0,0.0,0.0,0.0
2017-05-27 21:19:00+02:00,0.0,0.0,0.0,0.0,0.0,0.0,0.0,0.0,0.0,0.0,0.0,0.0,0.0,0.0,0.0,0.0,0.0,0.0,0.0,0.0,0.0,0.0,0.0,0.0,0.0,0.0,0.0,0.0,0.0,0.0,0.0,0.0,0.0,0.0,0.0,0.0,0.0,0.0,0.0,0.0,0.0,0.0,0.0,0.0,0.0,0.0,0.0,0.0,0.0,0.0,0.0,0.0,0.0,0.0,0.0,0.0,0.0,0.0,0.0,0.0,0.0,0.0,0.0,0.0,0.0,0.0,0.0,0.0,0.0,0.0,0.0,0.0,0.0,0.0,0.0,0.0,0.0,0.0,0.0,0.0,0.0,0.0,0.0,0.0,0.0,0.0,0.0,0.0,0.0,0.0,0.0,0.0,0.0,0.0,0.0,0.0,0.0,0.0,0.0,0.0,0.0,0.0,0.0,0.0,0.0,0.0,0.0,0.0,0.0,0.0,0.0,0.0,0.0,0.0,0.0,0.0,0.0,0.0
2017-05-27 21:20:00+02:00,0.0,0.0,0.0,0.0,0.0,0.0,0.0,0.0,0.0,0.0,0.0,0.0,0.0,0.0,0.0,0.0,0.0,0.0,0.0,0.0,0.0,0.0,0.0,0.0,0.0,0.0,0.0,0.0,0.0,0.0,0.0,0.0,0.0,0.0,0.0,0.0,0.0,0.0,0.0,0.0,0.0,0.0,0.0,0.0,0.0,0.0,0.0,0.0,0.0,0.0,0.0,0.0,0.0,0.0,0.0,0.0,0.0,0.0,0.0,0.0,0.0,0.0,0.0,0.0,0.0,0.0,0.0,0.0,0.0,0.0,0.0,0.0,0.0,0.0,0.0,0.0,0.0,0.0,0.0,0.0,0.0,0.0,0.0,0.0,0.0,0.0,0.0,0.0,0.0,0.0,0.0,0.0,0.0,0.0,0.0,0.0,0.0,0.0,0.0,0.0,0.0,0.0,0.0,0.0,0.0,0.0,0.0,0.0,0.0,0.0,0.0,0.0,0.0,0.0,0.0,0.0,0.0,0.0
2017-05-27 21:21:00+02:00,0.0,0.0,0.0,0.0,0.0,0.0,0.0,0.0,0.0,0.0,0.0,0.0,0.0,0.0,0.0,0.0,0.0,0.0,0.0,0.0,0.0,0.0,0.0,0.0,0.0,0.0,0.0,0.0,0.0,0.0,0.0,0.0,0.0,0.0,0.0,0.0,0.0,0.0,0.0,0.0,0.0,0.0,0.0,0.0,0.0,0.0,0.0,0.0,0.0,0.0,0.0,0.0,0.0,0.0,0.0,0.0,0.0,0.0,0.0,0.0,0.0,0.0,0.0,0.0,0.0,0.0,0.0,0.0,0.0,0.0,0.0,0.0,0.0,0.0,0.0,0.0,0.0,0.0,0.0,0.0,0.0,0.0,0.0,0.0,0.0,0.0,0.0,0.0,0.0,0.0,0.0,0.0,0.0,0.0,0.0,0.0,0.0,0.0,0.0,0.0,0.0,0.0,0.0,0.0,0.0,0.0,0.0,0.0,0.0,0.0,0.0,0.0,0.0,0.0,0.0,0.0,0.0,0.0
2017-05-27 21:22:00+02:00,0.0,0.0,0.0,0.0,0.0,0.0,0.0,0.0,0.0,0.0,0.0,0.0,0.0,0.0,0.0,0.0,0.0,0.0,0.0,0.0,0.0,0.0,0.0,0.0,0.0,0.0,0.0,0.0,0.0,0.0,0.0,0.0,0.0,0.0,0.0,0.0,0.0,0.0,0.0,0.0,0.0,0.0,0.0,0.0,0.0,0.0,0.0,0.0,0.0,0.0,0.0,0.0,0.0,0.0,0.0,0.0,0.0,0.0,0.0,0.0,0.0,0.0,0.0,0.0,0.0,0.0,0.0,0.0,0.0,0.0,0.0,0.0,0.0,0.0,0.0,0.0,0.0,0.0,0.0,0.0,0.0,0.0,0.0,0.0,0.0,0.0,0.0,0.0,0.0,0.0,0.0,0.0,0.0,0.0,0.0,0.0,0.0,0.0,0.0,0.0,0.0,0.0,0.0,0.0,0.0,0.0,0.0,0.0,0.0,0.0,0.0,0.0,0.0,0.0,0.0,0.0,0.0,0.0
2017-05-27 21:23:00+02:00,0.0,0.0,0.0,0.0,0.0,0.0,0.0,0.0,0.0,0.0,0.0,0.0,0.0,0.0,0.0,0.0,0.0,0.0,0.0,0.0,0.0,0.0,0.0,0.0,0.0,0.0,0.0,0.0,0.0,0.0,0.0,0.0,0.0,0.0,0.0,0.0,0.0,0.0,0.0,0.0,0.0,0.0,0.0,0.0,0.0,0.0,0.0,0.0,0.0,0.0,0.0,0.0,0.0,0.0,0.0,0.0,0.0,0.0,0.0,0.0,0.0,0.0,0.0,0.0,0.0,0.0,0.0,0.0,0.0,0.0,0.0,0.0,0.0,0.0,0.0,0.0,0.0,0.0,0.0,0.0,0.0,0.0,0.0,0.0,0.0,0.0,0.0,0.0,0.0,0.0,0.0,0.0,0.0,0.0,0.0,0.0,0.0,0.0,0.0,0.0,0.0,0.0,0.0,0.0,0.0,0.0,0.0,0.0,0.0,0.0,0.0,0.0,0.0,0.0,0.0,0.0,0.0,0.0
2017-05-27 21:24:00+02:00,0.0,0.0,0.0,0.0,0.0,0.0,0.0,0.0,0.0,0.0,0.0,0.0,0.0,0.0,0.0,0.0,0.0,0.0,0.0,0.0,0.0,0.0,0.0,0.0,0.0,0.0,0.0,0.0,0.0,0.0,0.0,0.0,0.0,0.0,0.0,0.0,0.0,0.0,0.0,0.0,0.0,0.0,0.0,0.0,0.0,0.0,0.0,0.0,0.0,0.0,0.0,0.0,0.0,0.0,0.0,0.0,0.0,0.0,0.0,0.0,0.0,0.0,0.0,0.0,0.0,0.0,0.0,0.0,0.0,0.0,0.0,0.0,0.0,0.0,0.0,0.0,0.0,0.0,0.0,0.0,0.0,0.0,0.0,0.0,0.0,0.0,0.0,0.0,0.0,0.0,0.0,0.0,0.0,0.0,0.0,0.0,0.0,0.0,0.0,0.0,0.0,0.0,0.0,0.0,0.0,0.0,0.0,0.0,0.0,0.0,0.0,0.0,0.0,0.0,0.0,0.0,0.0,0.0
2017-05-27 21:25:00+02:00,0.0,0.0,0.0,0.0,0.0,0.0,0.0,0.0,0.0,0.0,0.0,0.0,0.0,0.0,0.0,0.0,0.0,0.0,0.0,0.0,0.0,0.0,0.0,0.0,0.0,0.0,0.0,0.0,0.0,0.0,0.0,0.0,0.0,0.0,0.0,0.0,0.0,0.0,0.0,0.0,0.0,0.0,0.0,0.0,0.0,0.0,0.0,0.0,0.0,0.0,0.0,0.0,0.0,0.0,0.0,0.0,0.0,0.0,0.0,0.0,0.0,0.0,0.0,0.0,0.0,0.0,0.0,0.0,0.0,0.0,0.0,0.0,0.0,0.0,0.0,0.0,0.0,0.0,0.0,0.0,0.0,0.0,0.0,0.0,0.0,0.0,0.0,0.0,0.0,0.0,0.0,0.0,0.0,0.0,0.0,0.0,0.0,0.0,0.0,0.0,0.0,0.0,0.0,0.0,0.0,0.0,0.0,0.0,0.0,0.0,0.0,0.0,0.0,0.0,0.0,0.0,0.0,0.0
2017-05-27 21:26:00+02:00,0.0,0.0,0.0,0.0,0.0,0.0,0.0,0.0,0.0,0.0,0.0,0.0,0.0,0.0,0.0,0.0,0.0,0.0,0.0,0.0,0.0,0.0,0.0,0.0,0.0,0.0,0.0,0.0,0.0,0.0,0.0,0.0,0.0,0.0,0.0,0.0,0.0,0.0,0.0,0.0,0.0,0.0,0.0,0.0,0.0,0.0,0.0,0.0,0.0,0.0,0.0,0.0,0.0,0.0,0.0,0.0,0.0,0.0,0.0,0.0,0.0,0.0,0.0,0.0,0.0,0.0,0.0,0.0,0.0,0.0,0.0,0.0,0.0,0.0,0.0,0.0,0.0,0.0,0.0,0.0,0.0,0.0,0.0,0.0,0.0,0.0,0.0,0.0,0.0,0.0,0.0,0.0,0.0,0.0,0.0,0.0,0.0,0.0,0.0,0.0,0.0,0.0,0.0,0.0,0.0,0.0,0.0,0.0,0.0,0.0,0.0,0.0,0.0,0.0,0.0,0.0,0.0,0.0
2017-05-27 21:27:00+02:00,0.0,0.0,0.0,0.0,0.0,0.0,0.0,0.0,0.0,0.0,0.0,0.0,0.0,0.0,0.0,0.0,0.0,0.0,0.0,0.0,0.0,0.0,0.0,0.0,0.0,0.0,0.0,0.0,0.0,0.0,0.0,0.0,0.0,0.0,0.0,0.0,0.0,0.0,0.0,0.0,0.0,0.0,0.0,0.0,0.0,0.0,0.0,0.0,0.0,0.0,0.0,0.0,0.0,0.0,0.0,0.0,0.0,0.0,0.0,0.0,0.0,0.0,0.0,0.0,0.0,0.0,0.0,0.0,0.0,0.0,0.0,0.0,0.0,0.0,0.0,0.0,0.0,0.0,0.0,0.0,0.0,0.0,0.0,0.0,0.0,0.0,0.0,0.0,0.0,0.0,0.0,0.0,0.0,0.0,0.0,0.0,0.0,0.0,0.0,0.0,0.0,0.0,0.0,0.0,0.0,0.0,0.0,0.0,0.0,0.0,0.0,0.0,0.0,0.0,0.0,0.0,0.0,0.0
2017-05-27 21:28:00+02:00,0.0,0.0,0.0,0.0,0.0,0.0,0.0,0.0,0.0,0.0,0.0,0.0,0.0,0.0,0.0,0.0,0.0,0.0,0.0,0.0,0.0,0.0,0.0,0.0,0.0,0.0,0.0,0.0,0.0,0.0,0.0,0.0,0.0,0.0,0.0,0.0,0.0,0.0,0.0,0.0,0.0,0.0,0.0,0.0,0.0,0.0,0.0,0.0,0.0,0.0,0.0,0.0,0.0,0.0,0.0,0.0,0.0,0.0,0.0,0.0,0.0,0.0,0.0,0.0,0.0,0.0,0.0,0.0,0.0,0.0,0.0,0.0,0.0,0.0,0.0,0.0,0.0,0.0,0.0,0.0,0.0,0.0,0.0,0.0,0.0,0.0,0.0,0.0,0.0,0.0,0.0,0.0,0.0,0.0,0.0,0.0,0.0,0.0,0.0,0.0,0.0,0.0,0.0,0.0,0.0,0.0,0.0,0.0,0.0,0.0,0.0,0.0,0.0,0.0,0.0,0.0,0.0,0.0
2017-05-27 21:29:00+02:00,0.0,0.0,0.0,0.0,0.0,0.0,0.0,0.0,0.0,0.0,0.0,0.0,0.0,0.0,0.0,0.0,0.0,0.0,0.0,0.0,0.0,0.0,0.0,0.0,0.0,0.0,0.0,0.0,0.0,0.0,0.0,0.0,0.0,0.0,0.0,0.0,0.0,0.0,0.0,0.0,0.0,0.0,0.0,0.0,0.0,0.0,0.0,0.0,0.0,0.0,0.0,0.0,0.0,0.0,0.0,0.0,0.0,0.0,0.0,0.0,0.0,0.0,0.0,0.0,0.0,0.0,0.0,0.0,0.0,0.0,0.0,0.0,0.0,0.0,0.0,0.0,0.0,0.0,0.0,0.0,0.0,0.0,0.0,0.0,0.0,0.0,0.0,0.0,0.0,0.0,0.0,0.0,0.0,0.0,0.0,0.0,0.0,0.0,0.0,0.0,0.0,0.0,0.0,0.0,0.0,0.0,0.0,0.0,0.0,0.0,0.0,0.0,0.0,0.0,0.0,0.0,0.0,0.0
2017-05-27 21:30:00+02:00,0.0,0.0,0.0,0.0,0.0,0.0,0.0,0.0,0.0,0.0,0.0,0.0,0.0,0.0,0.0,0.0,0.0,0.0,0.0,0.0,0.0,0.0,0.0,0.0,0.0,0.0,0.0,0.0,0.0,0.0,0.0,0.0,0.0,0.0,0.0,0.0,0.0,0.0,0.0,0.0,0.0,0.0,0.0,0.0,0.0,0.0,0.0,0.0,0.0,0.0,0.0,0.0,0.0,0.0,0.0,0.0,0.0,0.0,0.0,0.0,0.0,0.0,0.0,0.0,0.0,0.0,0.0,0.0,0.0,0.0,0.0,0.0,0.0,0.0,0.0,0.0,0.0,0.0,0.0,0.0,0.0,0.0,0.0,0.0,0.0,0.0,0.0,0.0,0.0,0.0,0.0,0.0,0.0,0.0,0.0,0.0,0.0,0.0,0.0,0.0,0.0,0.0,0.0,0.0,0.0,0.0,0.0,0.0,0.0,0.0,0.0,0.0,0.0,0.0,0.0,0.0,0.0,0.0
2017-05-27 21:31:00+02:00,0.0,0.0,0.0,0.0,0.0,0.0,0.0,0.0,0.0,0.0,0.0,0.0,0.0,0.0,0.0,0.0,0.0,0.0,0.0,0.0,0.0,0.0,0.0,0.0,0.0,0.0,0.0,0.0,0.0,0.0,0.0,0.0,0.0,0.0,0.0,0.0,0.0,0.0,0.0,0.0,0.0,0.0,0.0,0.0,0.0,0.0,0.0,0.0,0.0,0.0,0.0,0.0,0.0,0.0,0.0,0.0,0.0,0.0,0.0,0.0,0.0,0.0,0.0,0.0,0.0,0.0,0.0,0.0,0.0,0.0,0.0,0.0,0.0,0.0,0.0,0.0,0.0,0.0,0.0,0.0,0.0,0.0,0.0,0.0,0.0,0.0,0.0,0.0,0.0,0.0,0.0,0.0,0.0,0.0,0.0,0.0,0.0,0.0,0.0,0.0,0.0,0.0,0.0,0.0,0.0,0.0,0.0,0.0,0.0,0.0,0.0,0.0,0.0,0.0,0.0,0.0,0.0,0.0
2017-05-27 21:32:00+02:00,0.0,0.0,0.0,0.0,0.0,0.0,0.0,0.0,0.0,0.0,0.0,0.0,0.0,0.0,0.0,0.0,0.0,0.0,0.0,0.0,0.0,0.0,0.0,0.0,0.0,0.0,0.0,0.0,0.0,0.0,0.0,0.0,0.0,0.0,0.0,0.0,0.0,0.0,0.0,0.0,0.0,0.0,0.0,0.0,0.0,0.0,0.0,0.0,0.0,0.0,0.0,0.0,0.0,0.0,0.0,0.0,0.0,0.0,0.0,0.0,0.0,0.0,0.0,0.0,0.0,0.0,0.0,0.0,0.0,0.0,0.0,0.0,0.0,0.0,0.0,0.0,0.0,0.0,0.0,0.0,0.0,0.0,0.0,0.0,0.0,0.0,0.0,0.0,0.0,0.0,0.0,0.0,0.0,0.0,0.0,0.0,0.0,0.0,0.0,0.0,0.0,0.0,0.0,0.0,0.0,0.0,0.0,0.0,0.0,0.0,0.0,0.0,0.0,0.0,0.0,0.0,0.0,0.0
2017-05-27 21:33:00+02:00,0.0,0.0,0.0,0.0,0.0,0.0,0.0,0.0,0.0,0.0,0.0,0.0,0.0,0.0,0.0,0.0,0.0,0.0,0.0,0.0,0.0,0.0,0.0,0.0,0.0,0.0,0.0,0.0,0.0,0.0,0.0,0.0,0.0,0.0,0.0,0.0,0.0,0.0,0.0,0.0,0.0,0.0,0.0,0.0,0.0,0.0,0.0,0.0,0.0,0.0,0.0,0.0,0.0,0.0,0.0,0.0,0.0,0.0,0.0,0.0,0.0,0.0,0.0,0.0,0.0,0.0,0.0,0.0,0.0,0.0,0.0,0.0,0.0,0.0,0.0,0.0,0.0,0.0,0.0,0.0,0.0,0.0,0.0,0.0,0.0,0.0,0.0,0.0,0.0,0.0,0.0,0.0,0.0,0.0,0.0,0.0,0.0,0.0,0.0,0.0,0.0,0.0,0.0,0.0,0.0,0.0,0.0,0.0,0.0,0.0,0.0,0.0,0.0,0.0,0.0,0.0,0.0,0.0
2017-05-27 21:34:00+02:00,0.0,0.0,0.0,0.0,0.0,0.0,0.0,0.0,0.0,0.0,0.0,0.0,0.0,0.0,0.0,0.0,0.0,0.0,0.0,0.0,0.0,0.0,0.0,0.0,0.0,0.0,0.0,0.0,0.0,0.0,0.0,0.0,0.0,0.0,0.0,0.0,0.0,0.0,0.0,0.0,0.0,0.0,0.0,0.0,0.0,0.0,0.0,0.0,0.0,0.0,0.0,0.0,0.0,0.0,0.0,0.0,0.0,0.0,0.0,0.0,0.0,0.0,0.0,0.0,0.0,0.0,0.0,0.0,0.0,0.0,0.0,0.0,0.0,0.0,0.0,0.0,0.0,0.0,0.0,0.0,0.0,0.0,0.0,0.0,0.0,0.0,0.0,0.0,0.0,0.0,0.0,0.0,0.0,0.0,0.0,0.0,0.0,0.0,0.0,0.0,0.0,0.0,0.0,0.0,0.0,0.0,0.0,0.0,0.0,0.0,0.0,0.0,0.0,0.0,0.0,0.0,0.0,0.0
2017-05-27 21:35:00+02:00,0.0,0.0,0.0,0.0,0.0,0.0,0.0,0.0,0.0,0.0,0.0,0.0,0.0,0.0,0.0,0.0,0.0,0.0,0.0,0.0,0.0,0.0,0.0,0.0,0.0,0.0,0.0,0.0,0.0,0.0,0.0,0.0,0.0,0.0,0.0,0.0,0.0,0.0,0.0,0.0,0.0,0.0,0.0,0.0,0.0,0.0,0.0,0.0,0.0,0.0,0.0,0.0,0.0,0.0,0.0,0.0,0.0,0.0,0.0,0.0,0.0,0.0,0.0,0.0,0.0,0.0,0.0,0.0,0.0,0.0,0.0,0.0,0.0,0.0,0.0,0.0,0.0,0.0,0.0,0.0,0.0,0.0,0.0,0.0,0.0,0.0,0.0,0.0,0.0,0.0,0.0,0.0,0.0,0.0,0.0,0.0,0.0,0.0,0.0,0.0,0.0,0.0,0.0,0.0,0.0,0.0,0.0,0.0,0.0,0.0,0.0,0.0,0.0,0.0,0.0,0.0,0.0,0.0
2017-05-27 21:36:00+02:00,0.0,0.0,0.0,0.0,0.0,0.0,0.0,0.0,0.0,0.0,0.0,0.0,0.0,0.0,0.0,0.0,0.0,0.0,0.0,0.0,0.0,0.0,0.0,0.0,0.0,0.0,0.0,0.0,0.0,0.0,0.0,0.0,0.0,0.0,0.0,0.0,0.0,0.0,0.0,0.0,0.0,0.0,0.0,0.0,0.0,0.0,0.0,0.0,0.0,0.0,0.0,0.0,0.0,0.0,0.0,0.0,0.0,0.0,0.0,0.0,0.0,0.0,0.0,0.0,0.0,0.0,0.0,0.0,0.0,0.0,0.0,0.0,0.0,0.0,0.0,0.0,0.0,0.0,0.0,0.0,0.0,0.0,0.0,0.0,0.0,0.0,0.0,0.0,0.0,0.0,0.0,0.0,0.0,0.0,0.0,0.0,0.0,0.0,0.0,0.0,0.0,0.0,0.0,0.0,0.0,0.0,0.0,0.0,0.0,0.0,0.0,0.0,0.0,0.0,0.0,0.0,0.0,0.0
2017-05-27 21:37:00+02:00,0.0,0.0,0.0,0.0,0.0,0.0,0.0,0.0,0.0,0.0,0.0,0.0,0.0,0.0,0.0,0.0,0.0,0.0,0.0,0.0,0.0,0.0,0.0,0.0,0.0,0.0,0.0,0.0,0.0,0.0,0.0,0.0,0.0,0.0,0.0,0.0,0.0,0.0,0.0,0.0,0.0,0.0,0.0,0.0,0.0,0.0,0.0,0.0,0.0,0.0,0.0,0.0,0.0,0.0,0.0,0.0,0.0,0.0,0.0,0.0,0.0,0.0,0.0,0.0,0.0,0.0,0.0,0.0,0.0,0.0,0.0,0.0,0.0,0.0,0.0,0.0,0.0,0.0,0.0,0.0,0.0,0.0,0.0,0.0,0.0,0.0,0.0,0.0,0.0,0.0,0.0,0.0,0.0,0.0,0.0,0.0,0.0,0.0,0.0,0.0,0.0,0.0,0.0,0.0,0.0,0.0,0.0,0.0,0.0,0.0,0.0,0.0,0.0,0.0,0.0,0.0,0.0,0.0
2017-05-27 21:38:00+02:00,0.0,0.0,0.0,0.0,0.0,0.0,0.0,0.0,0.0,0.0,0.0,0.0,0.0,0.0,0.0,0.0,0.0,0.0,0.0,0.0,0.0,0.0,0.0,0.0,0.0,0.0,0.0,0.0,0.0,0.0,0.0,0.0,0.0,0.0,0.0,0.0,0.0,0.0,0.0,0.0,0.0,0.0,0.0,0.0,0.0,0.0,0.0,0.0,0.0,0.0,0.0,0.0,0.0,0.0,0.0,0.0,0.0,0.0,0.0,0.0,0.0,0.0,0.0,0.0,0.0,0.0,0.0,0.0,0.0,0.0,0.0,0.0,0.0,0.0,0.0,0.0,0.0,0.0,0.0,0.0,0.0,0.0,0.0,0.0,0.0,0.0,0.0,0.0,0.0,0.0,0.0,0.0,0.0,0.0,0.0,0.0,0.0,0.0,0.0,0.0,0.0,0.0,0.0,0.0,0.0,0.0,0.0,0.0,0.0,0.0,0.0,0.0,0.0,0.0,0.0,0.0,0.0,0.0
2017-05-27 21:39:00+02:00,0.0,0.0,0.0,0.0,0.0,0.0,0.0,0.0,0.0,0.0,0.0,0.0,0.0,0.0,0.0,0.0,0.0,0.0,0.0,0.0,0.0,0.0,0.0,0.0,0.0,0.0,0.0,0.0,0.0,0.0,0.0,0.0,0.0,0.0,0.0,0.0,0.0,0.0,0.0,0.0,0.0,0.0,0.0,0.0,0.0,0.0,0.0,0.0,0.0,0.0,0.0,0.0,0.0,0.0,0.0,0.0,0.0,0.0,0.0,0.0,0.0,0.0,0.0,0.0,0.0,0.0,0.0,0.0,0.0,0.0,0.0,0.0,0.0,0.0,0.0,0.0,0.0,0.0,0.0,0.0,0.0,0.0,0.0,0.0,0.0,0.0,0.0,0.0,0.0,0.0,0.0,0.0,0.0,0.0,0.0,0.0,0.0,0.0,0.0,0.0,0.0,0.0,0.0,0.0,0.0,0.0,0.0,0.0,0.0,0.0,0.0,0.0,0.0,0.0,0.0,0.0,0.0,0.0
2017-05-27 21:40:00+02:00,0.0,0.0,0.0,0.0,0.0,0.0,0.0,0.0,0.0,0.0,0.0,0.0,0.0,0.0,0.0,0.0,0.0,0.0,0.0,0.0,0.0,0.0,0.0,0.0,0.0,0.0,0.0,0.0,0.0,0.0,0.0,0.0,0.0,0.0,0.0,0.0,0.0,0.0,0.0,0.0,0.0,0.0,0.0,0.0,0.0,0.0,0.0,0.0,0.0,0.0,0.0,0.0,0.0,0.0,0.0,0.0,0.0,0.0,0.0,0.0,0.0,0.0,0.0,0.0,0.0,0.0,0.0,0.0,0.0,0.0,0.0,0.0,0.0,0.0,0.0,0.0,0.0,0.0,0.0,0.0,0.0,0.0,0.0,0.0,0.0,0.0,0.0,0.0,0.0,0.0,0.0,0.0,0.0,0.0,0.0,0.0,0.0,0.0,0.0,0.0,0.0,0.0,0.0,0.0,0.0,0.0,0.0,0.0,0.0,0.0,0.0,0.0,0.0,0.0,0.0,0.0,0.0,0.0
2017-05-27 21:41:00+02:00,0.0,0.0,0.0,0.0,0.0,0.0,0.0,0.0,0.0,0.0,0.0,0.0,0.0,0.0,0.0,0.0,0.0,0.0,0.0,0.0,0.0,0.0,0.0,0.0,0.0,0.0,0.0,0.0,0.0,0.0,0.0,0.0,0.0,0.0,0.0,0.0,0.0,0.0,0.0,0.0,0.0,0.0,0.0,0.0,0.0,0.0,0.0,0.0,0.0,0.0,0.0,0.0,0.0,0.0,0.0,0.0,0.0,0.0,0.0,0.0,0.0,0.0,0.0,0.0,0.0,0.0,0.0,0.0,0.0,0.0,0.0,0.0,0.0,0.0,0.0,0.0,0.0,0.0,0.0,0.0,0.0,0.0,0.0,0.0,0.0,0.0,0.0,0.0,0.0,0.0,0.0,0.0,0.0,0.0,0.0,0.0,0.0,0.0,0.0,0.0,0.0,0.0,0.0,0.0,0.0,0.0,0.0,0.0,0.0,0.0,0.0,0.0,0.0,0.0,0.0,0.0,0.0,0.0
2017-05-27 21:42:00+02:00,0.0,0.0,0.0,0.0,0.0,0.0,0.0,0.0,0.0,0.0,0.0,0.0,0.0,0.0,0.0,0.0,0.0,0.0,0.0,0.0,0.0,0.0,0.0,0.0,0.0,0.0,0.0,0.0,0.0,0.0,0.0,0.0,0.0,0.0,0.0,0.0,0.0,0.0,0.0,0.0,0.0,0.0,0.0,0.0,0.0,0.0,0.0,0.0,0.0,0.0,0.0,0.0,0.0,0.0,0.0,0.0,0.0,0.0,0.0,0.0,0.0,0.0,0.0,0.0,0.0,0.0,0.0,0.0,0.0,0.0,0.0,0.0,0.0,0.0,0.0,0.0,0.0,0.0,0.0,0.0,0.0,0.0,0.0,0.0,0.0,0.0,0.0,0.0,0.0,0.0,0.0,0.0,0.0,0.0,0.0,0.0,0.0,0.0,0.0,0.0,0.0,0.0,0.0,0.0,0.0,0.0,0.0,0.0,0.0,0.0,0.0,0.0,0.0,0.0,0.0,0.0,0.0,0.0
2017-05-27 21:43:00+02:00,0.0,0.0,0.0,0.0,0.0,0.0,0.0,0.0,0.0,0.0,0.0,0.0,0.0,0.0,0.0,0.0,0.0,0.0,0.0,0.0,0.0,0.0,0.0,0.0,0.0,0.0,0.0,0.0,0.0,0.0,0.0,0.0,0.0,0.0,0.0,0.0,0.0,0.0,0.0,0.0,0.0,0.0,0.0,0.0,0.0,0.0,0.0,0.0,0.0,0.0,0.0,0.0,0.0,0.0,0.0,0.0,0.0,0.0,0.0,0.0,0.0,0.0,0.0,0.0,0.0,0.0,0.0,0.0,0.0,0.0,0.0,0.0,0.0,0.0,0.0,0.0,0.0,0.0,0.0,0.0,0.0,0.0,0.0,0.0,0.0,0.0,0.0,0.0,0.0,0.0,0.0,0.0,0.0,0.0,0.0,0.0,0.0,0.0,0.0,0.0,0.0,0.0,0.0,0.0,0.0,0.0,0.0,0.0,0.0,0.0,0.0,0.0,0.0,0.0,0.0,0.0,0.0,0.0
2017-05-27 21:44:00+02:00,0.0,0.0,0.0,0.0,0.0,0.0,0.0,0.0,0.0,0.0,0.0,0.0,0.0,0.0,0.0,0.0,0.0,0.0,0.0,0.0,0.0,0.0,0.0,0.0,0.0,0.0,0.0,0.0,0.0,0.0,0.0,0.0,0.0,0.0,0.0,0.0,0.0,0.0,0.0,0.0,0.0,0.0,0.0,0.0,0.0,0.0,0.0,0.0,0.0,0.0,0.0,0.0,0.0,0.0,0.0,0.0,0.0,0.0,0.0,0.0,0.0,0.0,0.0,0.0,0.0,0.0,0.0,0.0,0.0,0.0,0.0,0.0,0.0,0.0,0.0,0.0,0.0,0.0,0.0,0.0,0.0,0.0,0.0,0.0,0.0,0.0,0.0,0.0,0.0,0.0,0.0,0.0,0.0,0.0,0.0,0.0,0.0,0.0,0.0,0.0,0.0,0.0,0.0,0.0,0.0,0.0,0.0,0.0,0.0,0.0,0.0,0.0,0.0,0.0,0.0,0.0,0.0,0.0
2017-05-27 21:45:00+02:00,0.0,0.0,0.0,0.0,0.0,0.0,0.0,0.0,0.0,0.0,0.0,0.0,0.0,0.0,0.0,0.0,0.0,0.0,0.0,0.0,0.0,0.0,0.0,0.0,0.0,0.0,0.0,0.0,0.0,0.0,0.0,0.0,0.0,0.0,0.0,0.0,0.0,0.0,0.0,0.0,0.0,0.0,0.0,0.0,0.0,0.0,0.0,0.0,0.0,0.0,0.0,0.0,0.0,0.0,0.0,0.0,0.0,0.0,0.0,0.0,0.0,0.0,0.0,0.0,0.0,0.0,0.0,0.0,0.0,0.0,0.0,0.0,0.0,0.0,0.0,0.0,0.0,0.0,0.0,0.0,0.0,0.0,0.0,0.0,0.0,0.0,0.0,0.0,0.0,0.0,0.0,0.0,0.0,0.0,0.0,0.0,0.0,0.0,0.0,0.0,0.0,0.0,0.0,0.0,0.0,0.0,0.0,0.0,0.0,0.0,0.0,0.0,0.0,0.0,0.0,0.0,0.0,0.0
2017-05-27 21:46:00+02:00,0.0,0.0,0.0,0.0,0.0,0.0,0.0,0.0,0.0,0.0,0.0,0.0,0.0,0.0,0.0,0.0,0.0,0.0,0.0,0.0,0.0,0.0,0.0,0.0,0.0,0.0,0.0,0.0,0.0,0.0,0.0,0.0,0.0,0.0,0.0,0.0,0.0,0.0,0.0,0.0,0.0,0.0,0.0,0.0,0.0,0.0,0.0,0.0,0.0,0.0,0.0,0.0,0.0,0.0,0.0,0.0,0.0,0.0,0.0,0.0,0.0,0.0,0.0,0.0,0.0,0.0,0.0,0.0,0.0,0.0,0.0,0.0,0.0,0.0,0.0,0.0,0.0,0.0,0.0,0.0,0.0,0.0,0.0,0.0,0.0,0.0,0.0,0.0,0.0,0.0,0.0,0.0,0.0,0.0,0.0,0.0,0.0,0.0,0.0,0.0,0.0,0.0,0.0,0.0,0.0,0.0,0.0,0.0,0.0,0.0,0.0,0.0,0.0,0.0,0.0,0.0,0.0,0.0
2017-05-27 21:47:00+02:00,0.0,0.0,0.0,0.0,0.0,0.0,0.0,0.0,0.0,0.0,0.0,0.0,0.0,0.0,0.0,0.0,0.0,0.0,0.0,0.0,0.0,0.0,0.0,0.0,0.0,0.0,0.0,0.0,0.0,0.0,0.0,0.0,0.0,0.0,0.0,0.0,0.0,0.0,0.0,0.0,0.0,0.0,0.0,0.0,0.0,0.0,0.0,0.0,0.0,0.0,0.0,0.0,0.0,0.0,0.0,0.0,0.0,0.0,0.0,0.0,0.0,0.0,0.0,0.0,0.0,0.0,0.0,0.0,0.0,0.0,0.0,0.0,0.0,0.0,0.0,0.0,0.0,0.0,0.0,0.0,0.0,0.0,0.0,0.0,0.0,0.0,0.0,0.0,0.0,0.0,0.0,0.0,0.0,0.0,0.0,0.0,0.0,0.0,0.0,0.0,0.0,0.0,0.0,0.0,0.0,0.0,0.0,0.0,0.0,0.0,0.0,0.0,0.0,0.0,0.0,0.0,0.0,0.0
2017-05-27 21:48:00+02:00,0.0,0.0,0.0,0.0,0.0,0.0,0.0,0.0,0.0,0.0,0.0,0.0,0.0,0.0,0.0,0.0,0.0,0.0,0.0,0.0,0.0,0.0,0.0,0.0,0.0,0.0,0.0,0.0,0.0,0.0,0.0,0.0,0.0,0.0,0.0,0.0,0.0,0.0,0.0,0.0,0.0,0.0,0.0,0.0,0.0,0.0,0.0,0.0,0.0,0.0,0.0,0.0,0.0,0.0,0.0,0.0,0.0,0.0,0.0,0.0,0.0,0.0,0.0,0.0,0.0,0.0,0.0,0.0,0.0,0.0,0.0,0.0,0.0,0.0,0.0,0.0,0.0,0.0,0.0,0.0,0.0,0.0,0.0,0.0,0.0,0.0,0.0,0.0,0.0,0.0,0.0,0.0,0.0,0.0,0.0,0.0,0.0,0.0,0.0,0.0,0.0,0.0,0.0,0.0,0.0,0.0,0.0,0.0,0.0,0.0,0.0,0.0,0.0,0.0,0.0,0.0,0.0,0.0
2017-05-27 21:49:00+02:00,0.0,0.0,0.0,0.0,0.0,0.0,0.0,0.0,0.0,0.0,0.0,0.0,0.0,0.0,0.0,0.0,0.0,0.0,0.0,0.0,0.0,0.0,0.0,0.0,0.0,0.0,0.0,0.0,0.0,0.0,0.0,0.0,0.0,0.0,0.0,0.0,0.0,0.0,0.0,0.0,0.0,0.0,0.0,0.0,0.0,0.0,0.0,0.0,0.0,0.0,0.0,0.0,0.0,0.0,0.0,0.0,0.0,0.0,0.0,0.0,0.0,0.0,0.0,0.0,0.0,0.0,0.0,0.0,0.0,0.0,0.0,0.0,0.0,0.0,0.0,0.0,0.0,0.0,0.0,0.0,0.0,0.0,0.0,0.0,0.0,0.0,0.0,0.0,0.0,0.0,0.0,0.0,0.0,0.0,0.0,0.0,0.0,0.0,0.0,0.0,0.0,0.0,0.0,0.0,0.0,0.0,0.0,0.0,0.0,0.0,0.0,0.0,0.0,0.0,0.0,0.0,0.0,0.0
2017-05-27 21:50:00+02:00,0.0,0.0,0.0,0.0,0.0,0.0,0.0,0.0,0.0,0.0,0.0,0.0,0.0,0.0,0.0,0.0,0.0,0.0,0.0,0.0,0.0,0.0,0.0,0.0,0.0,0.0,0.0,0.0,0.0,0.0,0.0,0.0,0.0,0.0,0.0,0.0,0.0,0.0,0.0,0.0,0.0,0.0,0.0,0.0,0.0,0.0,0.0,0.0,0.0,0.0,0.0,0.0,0.0,0.0,0.0,0.0,0.0,0.0,0.0,0.0,0.0,0.0,0.0,0.0,0.0,0.0,0.0,0.0,0.0,0.0,0.0,0.0,0.0,0.0,0.0,0.0,0.0,0.0,0.0,0.0,0.0,0.0,0.0,0.0,0.0,0.0,0.0,0.0,0.0,0.0,0.0,0.0,0.0,0.0,0.0,0.0,0.0,0.0,0.0,0.0,0.0,0.0,0.0,0.0,0.0,0.0,0.0,0.0,0.0,0.0,0.0,0.0,0.0,0.0,0.0,0.0,0.0,0.0
2017-05-27 21:51:00+02:00,0.0,0.0,0.0,0.0,0.0,0.0,0.0,0.0,0.0,0.0,0.0,0.0,0.0,0.0,0.0,0.0,0.0,0.0,0.0,0.0,0.0,0.0,0.0,0.0,0.0,0.0,0.0,0.0,0.0,0.0,0.0,0.0,0.0,0.0,0.0,0.0,0.0,0.0,0.0,0.0,0.0,0.0,0.0,0.0,0.0,0.0,0.0,0.0,0.0,0.0,0.0,0.0,0.0,0.0,0.0,0.0,0.0,0.0,0.0,0.0,0.0,0.0,0.0,0.0,0.0,0.0,0.0,0.0,0.0,0.0,0.0,0.0,0.0,0.0,0.0,0.0,0.0,0.0,0.0,0.0,0.0,0.0,0.0,0.0,0.0,0.0,0.0,0.0,0.0,0.0,0.0,0.0,0.0,0.0,0.0,0.0,0.0,0.0,0.0,0.0,0.0,0.0,0.0,0.0,0.0,0.0,0.0,0.0,0.0,0.0,0.0,0.0,0.0,0.0,0.0,0.0,0.0,0.0
2017-05-27 21:52:00+02:00,0.0,0.0,0.0,0.0,0.0,0.0,0.0,0.0,0.0,0.0,0.0,0.0,0.0,0.0,0.0,0.0,0.0,0.0,0.0,0.0,0.0,0.0,0.0,0.0,0.0,0.0,0.0,0.0,0.0,0.0,0.0,0.0,0.0,0.0,0.0,0.0,0.0,0.0,0.0,0.0,0.0,0.0,0.0,0.0,0.0,0.0,0.0,0.0,0.0,0.0,0.0,0.0,0.0,0.0,0.0,0.0,0.0,0.0,0.0,0.0,0.0,0.0,0.0,0.0,0.0,0.0,0.0,0.0,0.0,0.0,0.0,0.0,0.0,0.0,0.0,0.0,0.0,0.0,0.0,0.0,0.0,0.0,0.0,0.0,0.0,0.0,0.0,0.0,0.0,0.0,0.0,0.0,0.0,0.0,0.0,0.0,0.0,0.0,0.0,0.0,0.0,0.0,0.0,0.0,0.0,0.0,0.0,0.0,0.0,0.0,0.0,0.0,0.0,0.0,0.0,0.0,0.0,0.0
2017-05-27 21:53:00+02:00,0.0,0.0,0.0,0.0,0.0,0.0,0.0,0.0,0.0,0.0,0.0,0.0,0.0,0.0,0.0,0.0,0.0,0.0,0.0,0.0,0.0,0.0,0.0,0.0,0.0,0.0,0.0,0.0,0.0,0.0,0.0,0.0,0.0,0.0,0.0,0.0,0.0,0.0,0.0,0.0,0.0,0.0,0.0,0.0,0.0,0.0,0.0,0.0,0.0,0.0,0.0,0.0,0.0,0.0,0.0,0.0,0.0,0.0,0.0,0.0,0.0,0.0,0.0,0.0,0.0,0.0,0.0,0.0,0.0,0.0,0.0,0.0,0.0,0.0,0.0,0.0,0.0,0.0,0.0,0.0,0.0,0.0,0.0,0.0,0.0,0.0,0.0,0.0,0.0,0.0,0.0,0.0,0.0,0.0,0.0,0.0,0.0,0.0,0.0,0.0,0.0,0.0,0.0,0.0,0.0,0.0,0.0,0.0,0.0,0.0,0.0,0.0,0.0,0.0,0.0,0.0,0.0,0.0
2017-05-27 21:54:00+02:00,0.0,0.0,0.0,0.0,0.0,0.0,0.0,0.0,0.0,0.0,0.0,0.0,0.0,0.0,0.0,0.0,0.0,0.0,0.0,0.0,0.0,0.0,0.0,0.0,0.0,0.0,0.0,0.0,0.0,0.0,0.0,0.0,0.0,0.0,0.0,0.0,0.0,0.0,0.0,0.0,0.0,0.0,0.0,0.0,0.0,0.0,0.0,0.0,0.0,0.0,0.0,0.0,0.0,0.0,0.0,0.0,0.0,0.0,0.0,0.0,0.0,0.0,0.0,0.0,0.0,0.0,0.0,0.0,0.0,0.0,0.0,0.0,0.0,0.0,0.0,0.0,0.0,0.0,0.0,0.0,0.0,0.0,0.0,0.0,0.0,0.0,0.0,0.0,0.0,0.0,0.0,0.0,0.0,0.0,0.0,0.0,0.0,0.0,0.0,0.0,0.0,0.0,0.0,0.0,0.0,0.0,0.0,0.0,0.0,0.0,0.0,0.0,0.0,0.0,0.0,0.0,0.0,0.0
2017-05-27 21:55:00+02:00,0.0,0.0,0.0,0.0,0.0,0.0,0.0,0.0,0.0,0.0,0.0,0.0,0.0,0.0,0.0,0.0,0.0,0.0,0.0,0.0,0.0,0.0,0.0,0.0,0.0,0.0,0.0,0.0,0.0,0.0,0.0,0.0,0.0,0.0,0.0,0.0,0.0,0.0,0.0,0.0,0.0,0.0,0.0,0.0,0.0,0.0,0.0,0.0,0.0,0.0,0.0,0.0,0.0,0.0,0.0,0.0,0.0,0.0,0.0,0.0,0.0,0.0,0.0,0.0,0.0,0.0,0.0,0.0,0.0,0.0,0.0,0.0,0.0,0.0,0.0,0.0,0.0,0.0,0.0,0.0,0.0,0.0,0.0,0.0,0.0,0.0,0.0,0.0,0.0,0.0,0.0,0.0,0.0,0.0,0.0,0.0,0.0,0.0,0.0,0.0,0.0,0.0,0.0,0.0,0.0,0.0,0.0,0.0,0.0,0.0,0.0,0.0,0.0,0.0,0.0,0.0,0.0,0.0
2017-05-27 21:56:00+02:00,0.0,0.0,0.0,0.0,0.0,0.0,0.0,0.0,0.0,0.0,0.0,0.0,0.0,0.0,0.0,0.0,0.0,0.0,0.0,0.0,0.0,0.0,0.0,0.0,0.0,0.0,0.0,0.0,0.0,0.0,0.0,0.0,0.0,0.0,0.0,0.0,0.0,0.0,0.0,0.0,0.0,0.0,0.0,0.0,0.0,0.0,0.0,0.0,0.0,0.0,0.0,0.0,0.0,0.0,0.0,0.0,0.0,0.0,0.0,0.0,0.0,0.0,0.0,0.0,0.0,0.0,0.0,0.0,0.0,0.0,0.0,0.0,0.0,0.0,0.0,0.0,0.0,0.0,0.0,0.0,0.0,0.0,0.0,0.0,0.0,0.0,0.0,0.0,0.0,0.0,0.0,0.0,0.0,0.0,0.0,0.0,0.0,0.0,0.0,0.0,0.0,0.0,0.0,0.0,0.0,0.0,0.0,0.0,0.0,0.0,0.0,0.0,0.0,0.0,0.0,0.0,0.0,0.0
2017-05-27 21:57:00+02:00,0.0,0.0,0.0,0.0,0.0,0.0,0.0,0.0,0.0,0.0,0.0,0.0,0.0,0.0,0.0,0.0,0.0,0.0,0.0,0.0,0.0,0.0,0.0,0.0,0.0,0.0,0.0,0.0,0.0,0.0,0.0,0.0,0.0,0.0,0.0,0.0,0.0,0.0,0.0,0.0,0.0,0.0,0.0,0.0,0.0,0.0,0.0,0.0,0.0,0.0,0.0,0.0,0.0,0.0,0.0,0.0,0.0,0.0,0.0,0.0,0.0,0.0,0.0,0.0,0.0,0.0,0.0,0.0,0.0,0.0,0.0,0.0,0.0,0.0,0.0,0.0,0.0,0.0,0.0,0.0,0.0,0.0,0.0,0.0,0.0,0.0,0.0,0.0,0.0,0.0,0.0,0.0,0.0,0.0,0.0,0.0,0.0,0.0,0.0,0.0,0.0,0.0,0.0,0.0,0.0,0.0,0.0,0.0,0.0,0.0,0.0,0.0,0.0,0.0,0.0,0.0,0.0,0.0
2017-05-27 21:58:00+02:00,0.0,0.0,0.0,0.0,0.0,0.0,0.0,0.0,0.0,0.0,0.0,0.0,0.0,0.0,0.0,0.0,0.0,0.0,0.0,0.0,0.0,0.0,0.0,0.0,0.0,0.0,0.0,0.0,0.0,0.0,0.0,0.0,0.0,0.0,0.0,0.0,0.0,0.0,0.0,0.0,0.0,0.0,0.0,0.0,0.0,0.0,0.0,0.0,0.0,0.0,0.0,0.0,0.0,0.0,0.0,0.0,0.0,0.0,0.0,0.0,0.0,0.0,0.0,0.0,0.0,0.0,0.0,0.0,0.0,0.0,0.0,0.0,0.0,0.0,0.0,0.0,0.0,0.0,0.0,0.0,0.0,0.0,0.0,0.0,0.0,0.0,0.0,0.0,0.0,0.0,0.0,0.0,0.0,0.0,0.0,0.0,0.0,0.0,0.0,0.0,0.0,0.0,0.0,0.0,0.0,0.0,0.0,0.0,0.0,0.0,0.0,0.0,0.0,0.0,0.0,0.0,0.0,0.0
2017-05-27 21:59:00+02:00,0.0,0.0,0.0,0.0,0.0,0.0,0.0,0.0,0.0,0.0,0.0,0.0,0.0,0.0,0.0,0.0,0.0,0.0,0.0,0.0,0.0,0.0,0.0,0.0,0.0,0.0,0.0,0.0,0.0,0.0,0.0,0.0,0.0,0.0,0.0,0.0,0.0,0.0,0.0,0.0,0.0,0.0,0.0,0.0,0.0,0.0,0.0,0.0,0.0,0.0,0.0,0.0,0.0,0.0,0.0,0.0,0.0,0.0,0.0,0.0,0.0,0.0,0.0,0.0,0.0,0.0,0.0,0.0,0.0,0.0,0.0,0.0,0.0,0.0,0.0,0.0,0.0,0.0,0.0,0.0,0.0,0.0,0.0,0.0,0.0,0.0,0.0,0.0,0.0,0.0,0.0,0.0,0.0,0.0,0.0,0.0,0.0,0.0,0.0,0.0,0.0,0.0,0.0,0.0,0.0,0.0,0.0,0.0,0.0,0.0,0.0,0.0,0.0,0.0,0.0,0.0,0.0,0.0
2017-05-27 22:00:00+02:00,0.0,0.0,0.0,0.0,0.0,0.0,0.0,0.0,0.0,0.0,0.0,0.0,0.0,0.0,0.0,0.0,0.0,0.0,0.0,0.0,0.0,0.0,0.0,0.0,0.0,0.0,0.0,0.0,0.0,0.0,0.0,0.0,0.0,0.0,0.0,0.0,0.0,0.0,0.0,0.0,0.0,0.0,0.0,0.0,0.0,0.0,0.0,0.0,0.0,0.0,0.0,0.0,0.0,0.0,0.0,0.0,0.0,0.0,0.0,0.0,0.0,0.0,0.0,0.0,0.0,0.0,0.0,0.0,0.0,0.0,0.0,0.0,0.0,0.0,0.0,0.0,0.0,0.0,0.0,0.0,0.0,0.0,0.0,0.0,0.0,0.0,0.0,0.0,0.0,0.0,0.0,0.0,0.0,0.0,0.0,0.0,0.0,0.0,0.0,0.0,0.0,0.0,0.0,0.0,0.0,0.0,0.0,0.0,0.0,0.0,0.0,0.0,0.0,0.0,0.0,0.0,0.0,0.0
2017-05-27 22:01:00+02:00,0.0,0.0,0.0,0.0,0.0,0.0,0.0,0.0,0.0,0.0,0.0,0.0,0.0,0.0,0.0,0.0,0.0,0.0,0.0,0.0,0.0,0.0,0.0,0.0,0.0,0.0,0.0,0.0,0.0,0.0,0.0,0.0,0.0,0.0,0.0,0.0,0.0,0.0,0.0,0.0,0.0,0.0,0.0,0.0,0.0,0.0,0.0,0.0,0.0,0.0,0.0,0.0,0.0,0.0,0.0,0.0,0.0,0.0,0.0,0.0,0.0,0.0,0.0,0.0,0.0,0.0,0.0,0.0,0.0,0.0,0.0,0.0,0.0,0.0,0.0,0.0,0.0,0.0,0.0,0.0,0.0,0.0,0.0,0.0,0.0,0.0,0.0,0.0,0.0,0.0,0.0,0.0,0.0,0.0,0.0,0.0,0.0,0.0,0.0,0.0,0.0,0.0,0.0,0.0,0.0,0.0,0.0,0.0,0.0,0.0,0.0,0.0,0.0,0.0,0.0,0.0,0.0,0.0
2017-05-27 22:02:00+02:00,0.0,0.0,0.0,0.0,0.0,0.0,0.0,0.0,0.0,0.0,0.0,0.0,0.0,0.0,0.0,0.0,0.0,0.0,0.0,0.0,0.0,0.0,0.0,0.0,0.0,0.0,0.0,0.0,0.0,0.0,0.0,0.0,0.0,0.0,0.0,0.0,0.0,0.0,0.0,0.0,0.0,0.0,0.0,0.0,0.0,0.0,0.0,0.0,0.0,0.0,0.0,0.0,0.0,0.0,0.0,0.0,0.0,0.0,0.0,0.0,0.0,0.0,0.0,0.0,0.0,0.0,0.0,0.0,0.0,0.0,0.0,0.0,0.0,0.0,0.0,0.0,0.0,0.0,0.0,0.0,0.0,0.0,0.0,0.0,0.0,0.0,0.0,0.0,0.0,0.0,0.0,0.0,0.0,0.0,0.0,0.0,0.0,0.0,0.0,0.0,0.0,0.0,0.0,0.0,0.0,0.0,0.0,0.0,0.0,0.0,0.0,0.0,0.0,0.0,0.0,0.0,0.0,0.0
2017-05-27 22:03:00+02:00,0.0,0.0,0.0,0.0,0.0,0.0,0.0,0.0,0.0,0.0,0.0,0.0,0.0,0.0,0.0,0.0,0.0,0.0,0.0,0.0,0.0,0.0,0.0,0.0,0.0,0.0,0.0,0.0,0.0,0.0,0.0,0.0,0.0,0.0,0.0,0.0,0.0,0.0,0.0,0.0,0.0,0.0,0.0,0.0,0.0,0.0,0.0,0.0,0.0,0.0,0.0,0.0,0.0,0.0,0.0,0.0,0.0,0.0,0.0,0.0,0.0,0.0,0.0,0.0,0.0,0.0,0.0,0.0,0.0,0.0,0.0,0.0,0.0,0.0,0.0,0.0,0.0,0.0,0.0,0.0,0.0,0.0,0.0,0.0,0.0,0.0,0.0,0.0,0.0,0.0,0.0,0.0,0.0,0.0,0.0,0.0,0.0,0.0,0.0,0.0,0.0,0.0,0.0,0.0,0.0,0.0,0.0,0.0,0.0,0.0,0.0,0.0,0.0,0.0,0.0,0.0,0.0,0.0
2017-05-27 22:04:00+02:00,0.0,0.0,0.0,0.0,0.0,0.0,0.0,0.0,0.0,0.0,0.0,0.0,0.0,0.0,0.0,0.0,0.0,0.0,0.0,0.0,0.0,0.0,0.0,0.0,0.0,0.0,0.0,0.0,0.0,0.0,0.0,0.0,0.0,0.0,0.0,0.0,0.0,0.0,0.0,0.0,0.0,0.0,0.0,0.0,0.0,0.0,0.0,0.0,0.0,0.0,0.0,0.0,0.0,0.0,0.0,0.0,0.0,0.0,0.0,0.0,0.0,0.0,0.0,0.0,0.0,0.0,0.0,0.0,0.0,0.0,0.0,0.0,0.0,0.0,0.0,0.0,0.0,0.0,0.0,0.0,0.0,0.0,0.0,0.0,0.0,0.0,0.0,0.0,0.0,0.0,0.0,0.0,0.0,0.0,0.0,0.0,0.0,0.0,0.0,0.0,0.0,0.0,0.0,0.0,0.0,0.0,0.0,0.0,0.0,0.0,0.0,0.0,0.0,0.0,0.0,0.0,0.0,0.0
2017-05-27 22:05:00+02:00,0.0,0.0,0.0,0.0,0.0,0.0,0.0,0.0,0.0,0.0,0.0,0.0,0.0,0.0,0.0,0.0,0.0,0.0,0.0,0.0,0.0,0.0,0.0,0.0,0.0,0.0,0.0,0.0,0.0,0.0,0.0,0.0,0.0,0.0,0.0,0.0,0.0,0.0,0.0,0.0,0.0,0.0,0.0,0.0,0.0,0.0,0.0,0.0,0.0,0.0,0.0,0.0,0.0,0.0,0.0,0.0,0.0,0.0,0.0,0.0,0.0,0.0,0.0,0.0,0.0,0.0,0.0,0.0,0.0,0.0,0.0,0.0,0.0,0.0,0.0,0.0,0.0,0.0,0.0,0.0,0.0,0.0,0.0,0.0,0.0,0.0,0.0,0.0,0.0,0.0,0.0,0.0,0.0,0.0,0.0,0.0,0.0,0.0,0.0,0.0,0.0,0.0,0.0,0.0,0.0,0.0,0.0,0.0,0.0,0.0,0.0,0.0,0.0,0.0,0.0,0.0,0.0,0.0
2017-05-27 22:06:00+02:00,0.0,0.0,0.0,0.0,0.0,0.0,0.0,0.0,0.0,0.0,0.0,0.0,0.0,0.0,0.0,0.0,0.0,0.0,0.0,0.0,0.0,0.0,0.0,0.0,0.0,0.0,0.0,0.0,0.0,0.0,0.0,0.0,0.0,0.0,0.0,0.0,0.0,0.0,0.0,0.0,0.0,0.0,0.0,0.0,0.0,0.0,0.0,0.0,0.0,0.0,0.0,0.0,0.0,0.0,0.0,0.0,0.0,0.0,0.0,0.0,0.0,0.0,0.0,0.0,0.0,0.0,0.0,0.0,0.0,0.0,0.0,0.0,0.0,0.0,0.0,0.0,0.0,0.0,0.0,0.0,0.0,0.0,0.0,0.0,0.0,0.0,0.0,0.0,0.0,0.0,0.0,0.0,0.0,0.0,0.0,0.0,0.0,0.0,0.0,0.0,0.0,0.0,0.0,0.0,0.0,0.0,0.0,0.0,0.0,0.0,0.0,0.0,0.0,0.0,0.0,0.0,0.0,0.0
2017-05-27 22:07:00+02:00,0.0,0.0,0.0,0.0,0.0,0.0,0.0,0.0,0.0,0.0,0.0,0.0,0.0,0.0,0.0,0.0,0.0,0.0,0.0,0.0,0.0,0.0,0.0,0.0,0.0,0.0,0.0,0.0,0.0,0.0,0.0,0.0,0.0,0.0,0.0,0.0,0.0,0.0,0.0,0.0,0.0,0.0,0.0,0.0,0.0,0.0,0.0,0.0,0.0,0.0,0.0,0.0,0.0,0.0,0.0,0.0,0.0,0.0,0.0,0.0,0.0,0.0,0.0,0.0,0.0,0.0,0.0,0.0,0.0,0.0,0.0,0.0,0.0,0.0,0.0,0.0,0.0,0.0,0.0,0.0,0.0,0.0,0.0,0.0,0.0,0.0,0.0,0.0,0.0,0.0,0.0,0.0,0.0,0.0,0.0,0.0,0.0,0.0,0.0,0.0,0.0,0.0,0.0,0.0,0.0,0.0,0.0,0.0,0.0,0.0,0.0,0.0,0.0,0.0,0.0,0.0,0.0,0.0
2017-05-27 22:08:00+02:00,0.0,0.0,0.0,0.0,0.0,0.0,0.0,0.0,0.0,0.0,0.0,0.0,0.0,0.0,0.0,0.0,0.0,0.0,0.0,0.0,0.0,0.0,0.0,0.0,0.0,0.0,0.0,0.0,0.0,0.0,0.0,0.0,0.0,0.0,0.0,0.0,0.0,0.0,0.0,0.0,0.0,0.0,0.0,0.0,0.0,0.0,0.0,0.0,0.0,0.0,0.0,0.0,0.0,0.0,0.0,0.0,0.0,0.0,0.0,0.0,0.0,0.0,0.0,0.0,0.0,0.0,0.0,0.0,0.0,0.0,0.0,0.0,0.0,0.0,0.0,0.0,0.0,0.0,0.0,0.0,0.0,0.0,0.0,0.0,0.0,0.0,0.0,0.0,0.0,0.0,0.0,0.0,0.0,0.0,0.0,0.0,0.0,0.0,0.0,0.0,0.0,0.0,0.0,0.0,0.0,0.0,0.0,0.0,0.0,0.0,0.0,0.0,0.0,0.0,0.0,0.0,0.0,0.0
2017-05-27 22:09:00+02:00,0.0,0.0,0.0,0.0,0.0,0.0,0.0,0.0,0.0,0.0,0.0,0.0,0.0,0.0,0.0,0.0,0.0,0.0,0.0,0.0,0.0,0.0,0.0,0.0,0.0,0.0,0.0,0.0,0.0,0.0,0.0,0.0,0.0,0.0,0.0,0.0,0.0,0.0,0.0,0.0,0.0,0.0,0.0,0.0,0.0,0.0,0.0,0.0,0.0,0.0,0.0,0.0,0.0,0.0,0.0,0.0,0.0,0.0,0.0,0.0,0.0,0.0,0.0,0.0,0.0,0.0,0.0,0.0,0.0,0.0,0.0,0.0,0.0,0.0,0.0,0.0,0.0,0.0,0.0,0.0,0.0,0.0,0.0,0.0,0.0,0.0,0.0,0.0,0.0,0.0,0.0,0.0,0.0,0.0,0.0,0.0,0.0,0.0,0.0,0.0,0.0,0.0,0.0,0.0,0.0,0.0,0.0,0.0,0.0,0.0,0.0,0.0,0.0,0.0,0.0,0.0,0.0,0.0
2017-05-27 22:10:00+02:00,0.0,0.0,0.0,0.0,0.0,0.0,0.0,0.0,0.0,0.0,0.0,0.0,0.0,0.0,0.0,0.0,0.0,0.0,0.0,0.0,0.0,0.0,0.0,0.0,0.0,0.0,0.0,0.0,0.0,0.0,0.0,0.0,0.0,0.0,0.0,0.0,0.0,0.0,0.0,0.0,0.0,0.0,0.0,0.0,0.0,0.0,0.0,0.0,0.0,0.0,0.0,0.0,0.0,0.0,0.0,0.0,0.0,0.0,0.0,0.0,0.0,0.0,0.0,0.0,0.0,0.0,0.0,0.0,0.0,0.0,0.0,0.0,0.0,0.0,0.0,0.0,0.0,0.0,0.0,0.0,0.0,0.0,0.0,0.0,0.0,0.0,0.0,0.0,0.0,0.0,0.0,0.0,0.0,0.0,0.0,0.0,0.0,0.0,0.0,0.0,0.0,0.0,0.0,0.0,0.0,0.0,0.0,0.0,0.0,0.0,0.0,0.0,0.0,0.0,0.0,0.0,0.0,0.0
2017-05-27 22:11:00+02:00,0.0,0.0,0.0,0.0,0.0,0.0,0.0,0.0,0.0,0.0,0.0,0.0,0.0,0.0,0.0,0.0,0.0,0.0,0.0,0.0,0.0,0.0,0.0,0.0,0.0,0.0,0.0,0.0,0.0,0.0,0.0,0.0,0.0,0.0,0.0,0.0,0.0,0.0,0.0,0.0,0.0,0.0,0.0,0.0,0.0,0.0,0.0,0.0,0.0,0.0,0.0,0.0,0.0,0.0,0.0,0.0,0.0,0.0,0.0,0.0,0.0,0.0,0.0,0.0,0.0,0.0,0.0,0.0,0.0,0.0,0.0,0.0,0.0,0.0,0.0,0.0,0.0,0.0,0.0,0.0,0.0,0.0,0.0,0.0,0.0,0.0,0.0,0.0,0.0,0.0,0.0,0.0,0.0,0.0,0.0,0.0,0.0,0.0,0.0,0.0,0.0,0.0,0.0,0.0,0.0,0.0,0.0,0.0,0.0,0.0,0.0,0.0,0.0,0.0,0.0,0.0,0.0,0.0
2017-05-27 22:12:00+02:00,0.0,0.0,0.0,0.0,0.0,0.0,0.0,0.0,0.0,0.0,0.0,0.0,0.0,0.0,0.0,0.0,0.0,0.0,0.0,0.0,0.0,0.0,0.0,0.0,0.0,0.0,0.0,0.0,0.0,0.0,0.0,0.0,0.0,0.0,0.0,0.0,0.0,0.0,0.0,0.0,0.0,0.0,0.0,0.0,0.0,0.0,0.0,0.0,0.0,0.0,0.0,0.0,0.0,0.0,0.0,0.0,0.0,0.0,0.0,0.0,0.0,0.0,0.0,0.0,0.0,0.0,0.0,0.0,0.0,0.0,0.0,0.0,0.0,0.0,0.0,0.0,0.0,0.0,0.0,0.0,0.0,0.0,0.0,0.0,0.0,0.0,0.0,0.0,0.0,0.0,0.0,0.0,0.0,0.0,0.0,0.0,0.0,0.0,0.0,0.0,0.0,0.0,0.0,0.0,0.0,0.0,0.0,0.0,0.0,0.0,0.0,0.0,0.0,0.0,0.0,0.0,0.0,0.0
2017-05-27 22:13:00+02:00,0.0,0.0,0.0,0.0,0.0,0.0,0.0,0.0,0.0,0.0,0.0,0.0,0.0,0.0,0.0,0.0,0.0,0.0,0.0,0.0,0.0,0.0,0.0,0.0,0.0,0.0,0.0,0.0,0.0,0.0,0.0,0.0,0.0,0.0,0.0,0.0,0.0,0.0,0.0,0.0,0.0,0.0,0.0,0.0,0.0,0.0,0.0,0.0,0.0,0.0,0.0,0.0,0.0,0.0,0.0,0.0,0.0,0.0,0.0,0.0,0.0,0.0,0.0,0.0,0.0,0.0,0.0,0.0,0.0,0.0,0.0,0.0,0.0,0.0,0.0,0.0,0.0,0.0,0.0,0.0,0.0,0.0,0.0,0.0,0.0,0.0,0.0,0.0,0.0,0.0,0.0,0.0,0.0,0.0,0.0,0.0,0.0,0.0,0.0,0.0,0.0,0.0,0.0,0.0,0.0,0.0,0.0,0.0,0.0,0.0,0.0,0.0,0.0,0.0,0.0,0.0,0.0,0.0
2017-05-27 22:14:00+02:00,0.0,0.0,0.0,0.0,0.0,0.0,0.0,0.0,0.0,0.0,0.0,0.0,0.0,0.0,0.0,0.0,0.0,0.0,0.0,0.0,0.0,0.0,0.0,0.0,0.0,0.0,0.0,0.0,0.0,0.0,0.0,0.0,0.0,0.0,0.0,0.0,0.0,0.0,0.0,0.0,0.0,0.0,0.0,0.0,0.0,0.0,0.0,0.0,0.0,0.0,0.0,0.0,0.0,0.0,0.0,0.0,0.0,0.0,0.0,0.0,0.0,0.0,0.0,0.0,0.0,0.0,0.0,0.0,0.0,0.0,0.0,0.0,0.0,0.0,0.0,0.0,0.0,0.0,0.0,0.0,0.0,0.0,0.0,0.0,0.0,0.0,0.0,0.0,0.0,0.0,0.0,0.0,0.0,0.0,0.0,0.0,0.0,0.0,0.0,0.0,0.0,0.0,0.0,0.0,0.0,0.0,0.0,0.0,0.0,0.0,0.0,0.0,0.0,0.0,0.0,0.0,0.0,0.0
2017-05-27 22:15:00+02:00,0.0,0.0,0.0,0.0,0.0,0.0,0.0,0.0,0.0,0.0,0.0,0.0,0.0,0.0,0.0,0.0,0.0,0.0,0.0,0.0,0.0,0.0,0.0,0.0,0.0,0.0,0.0,0.0,0.0,0.0,0.0,0.0,0.0,0.0,0.0,0.0,0.0,0.0,0.0,0.0,0.0,0.0,0.0,0.0,0.0,0.0,0.0,0.0,0.0,0.0,0.0,0.0,0.0,0.0,0.0,0.0,0.0,0.0,0.0,0.0,0.0,0.0,0.0,0.0,0.0,0.0,0.0,0.0,0.0,0.0,0.0,0.0,0.0,0.0,0.0,0.0,0.0,0.0,0.0,0.0,0.0,0.0,0.0,0.0,0.0,0.0,0.0,0.0,0.0,0.0,0.0,0.0,0.0,0.0,0.0,0.0,0.0,0.0,0.0,0.0,0.0,0.0,0.0,0.0,0.0,0.0,0.0,0.0,0.0,0.0,0.0,0.0,0.0,0.0,0.0,0.0,0.0,0.0
2017-05-27 22:16:00+02:00,0.0,0.0,0.0,0.0,0.0,0.0,0.0,0.0,0.0,0.0,0.0,0.0,0.0,0.0,0.0,0.0,0.0,0.0,0.0,0.0,0.0,0.0,0.0,0.0,0.0,0.0,0.0,0.0,0.0,0.0,0.0,0.0,0.0,0.0,0.0,0.0,0.0,0.0,0.0,0.0,0.0,0.0,0.0,0.0,0.0,0.0,0.0,0.0,0.0,0.0,0.0,0.0,0.0,0.0,0.0,0.0,0.0,0.0,0.0,0.0,0.0,0.0,0.0,0.0,0.0,0.0,0.0,0.0,0.0,0.0,0.0,0.0,0.0,0.0,0.0,0.0,0.0,0.0,0.0,0.0,0.0,0.0,0.0,0.0,0.0,0.0,0.0,0.0,0.0,0.0,0.0,0.0,0.0,0.0,0.0,0.0,0.0,0.0,0.0,0.0,0.0,0.0,0.0,0.0,0.0,0.0,0.0,0.0,0.0,0.0,0.0,0.0,0.0,0.0,0.0,0.0,0.0,0.0
2017-05-27 22:17:00+02:00,0.0,0.0,0.0,0.0,0.0,0.0,0.0,0.0,0.0,0.0,0.0,0.0,0.0,0.0,0.0,0.0,0.0,0.0,0.0,0.0,0.0,0.0,0.0,0.0,0.0,0.0,0.0,0.0,0.0,0.0,0.0,0.0,0.0,0.0,0.0,0.0,0.0,0.0,0.0,0.0,0.0,0.0,0.0,0.0,0.0,0.0,0.0,0.0,0.0,0.0,0.0,0.0,0.0,0.0,0.0,0.0,0.0,0.0,0.0,0.0,0.0,0.0,0.0,0.0,0.0,0.0,0.0,0.0,0.0,0.0,0.0,0.0,0.0,0.0,0.0,0.0,0.0,0.0,0.0,0.0,0.0,0.0,0.0,0.0,0.0,0.0,0.0,0.0,0.0,0.0,0.0,0.0,0.0,0.0,0.0,0.0,0.0,0.0,0.0,0.0,0.0,0.0,0.0,0.0,0.0,0.0,0.0,0.0,0.0,0.0,0.0,0.0,0.0,0.0,0.0,0.0,0.0,0.0
2017-05-27 22:18:00+02:00,0.0,0.0,0.0,0.0,0.0,0.0,0.0,0.0,0.0,0.0,0.0,0.0,0.0,0.0,0.0,0.0,0.0,0.0,0.0,0.0,0.0,0.0,0.0,0.0,0.0,0.0,0.0,0.0,0.0,0.0,0.0,0.0,0.0,0.0,0.0,0.0,0.0,0.0,0.0,0.0,0.0,0.0,0.0,0.0,0.0,0.0,0.0,0.0,0.0,0.0,0.0,0.0,0.0,0.0,0.0,0.0,0.0,0.0,0.0,0.0,0.0,0.0,0.0,0.0,0.0,0.0,0.0,0.0,0.0,0.0,0.0,0.0,0.0,0.0,0.0,0.0,0.0,0.0,0.0,0.0,0.0,0.0,0.0,0.0,0.0,0.0,0.0,0.0,0.0,0.0,0.0,0.0,0.0,0.0,0.0,0.0,0.0,0.0,0.0,0.0,0.0,0.0,0.0,0.0,0.0,0.0,0.0,0.0,0.0,0.0,0.0,0.0,0.0,0.0,0.0,0.0,0.0,0.0
2017-05-27 22:19:00+02:00,0.0,0.0,0.0,0.0,0.0,0.0,0.0,0.0,0.0,0.0,0.0,0.0,0.0,0.0,0.0,0.0,0.0,0.0,0.0,0.0,0.0,0.0,0.0,0.0,0.0,0.0,0.0,0.0,0.0,0.0,0.0,0.0,0.0,0.0,0.0,0.0,0.0,0.0,0.0,0.0,0.0,0.0,0.0,0.0,0.0,0.0,0.0,0.0,0.0,0.0,0.0,0.0,0.0,0.0,0.0,0.0,0.0,0.0,0.0,0.0,0.0,0.0,0.0,0.0,0.0,0.0,0.0,0.0,0.0,0.0,0.0,0.0,0.0,0.0,0.0,0.0,0.0,0.0,0.0,0.0,0.0,0.0,0.0,0.0,0.0,0.0,0.0,0.0,0.0,0.0,0.0,0.0,0.0,0.0,0.0,0.0,0.0,0.0,0.0,0.0,0.0,0.0,0.0,0.0,0.0,0.0,0.0,0.0,0.0,0.0,0.0,0.0,0.0,0.0,0.0,0.0,0.0,0.0
2017-05-27 22:20:00+02:00,0.0,0.0,0.0,0.0,0.0,0.0,0.0,0.0,0.0,0.0,0.0,0.0,0.0,0.0,0.0,0.0,0.0,0.0,0.0,0.0,0.0,0.0,0.0,0.0,0.0,0.0,0.0,0.0,0.0,0.0,0.0,0.0,0.0,0.0,0.0,0.0,0.0,0.0,0.0,0.0,0.0,0.0,0.0,0.0,0.0,0.0,0.0,0.0,0.0,0.0,0.0,0.0,0.0,0.0,0.0,0.0,0.0,0.0,0.0,0.0,0.0,0.0,0.0,0.0,0.0,0.0,0.0,0.0,0.0,0.0,0.0,0.0,0.0,0.0,0.0,0.0,0.0,0.0,0.0,0.0,0.0,0.0,0.0,0.0,0.0,0.0,0.0,0.0,0.0,0.0,0.0,0.0,0.0,0.0,0.0,0.0,0.0,0.0,0.0,0.0,0.0,0.0,0.0,0.0,0.0,0.0,0.0,0.0,0.0,0.0,0.0,0.0,0.0,0.0,0.0,0.0,0.0,0.0
2017-05-27 22:21:00+02:00,0.0,0.0,0.0,0.0,0.0,0.0,0.0,0.0,0.0,0.0,0.0,0.0,0.0,0.0,0.0,0.0,0.0,0.0,0.0,0.0,0.0,0.0,0.0,0.0,0.0,0.0,0.0,0.0,0.0,0.0,0.0,0.0,0.0,0.0,0.0,0.0,0.0,0.0,0.0,0.0,0.0,0.0,0.0,0.0,0.0,0.0,0.0,0.0,0.0,0.0,0.0,0.0,0.0,0.0,0.0,0.0,0.0,0.0,0.0,0.0,0.0,0.0,0.0,0.0,0.0,0.0,0.0,0.0,0.0,0.0,0.0,0.0,0.0,0.0,0.0,0.0,0.0,0.0,0.0,0.0,0.0,0.0,0.0,0.0,0.0,0.0,0.0,0.0,0.0,0.0,0.0,0.0,0.0,0.0,0.0,0.0,0.0,0.0,0.0,0.0,0.0,0.0,0.0,0.0,0.0,0.0,0.0,0.0,0.0,0.0,0.0,0.0,0.0,0.0,0.0,0.0,0.0,0.0
2017-05-27 22:22:00+02:00,0.0,0.0,0.0,0.0,0.0,0.0,0.0,0.0,0.0,0.0,0.0,0.0,0.0,0.0,0.0,0.0,0.0,0.0,0.0,0.0,0.0,0.0,0.0,0.0,0.0,0.0,0.0,0.0,0.0,0.0,0.0,0.0,0.0,0.0,0.0,0.0,0.0,0.0,0.0,0.0,0.0,0.0,0.0,0.0,0.0,0.0,0.0,0.0,0.0,0.0,0.0,0.0,0.0,0.0,0.0,0.0,0.0,0.0,0.0,0.0,0.0,0.0,0.0,0.0,0.0,0.0,0.0,0.0,0.0,0.0,0.0,0.0,0.0,0.0,0.0,0.0,0.0,0.0,0.0,0.0,0.0,0.0,0.0,0.0,0.0,0.0,0.0,0.0,0.0,0.0,0.0,0.0,0.0,0.0,0.0,0.0,0.0,0.0,0.0,0.0,0.0,0.0,0.0,0.0,0.0,0.0,0.0,0.0,0.0,0.0,0.0,0.0,0.0,0.0,0.0,0.0,0.0,0.0
2017-05-27 22:23:00+02:00,0.0,0.0,0.0,0.0,0.0,0.0,0.0,0.0,0.0,0.0,0.0,0.0,0.0,0.0,0.0,0.0,0.0,0.0,0.0,0.0,0.0,0.0,0.0,0.0,0.0,0.0,0.0,0.0,0.0,0.0,0.0,0.0,0.0,0.0,0.0,0.0,0.0,0.0,0.0,0.0,0.0,0.0,0.0,0.0,0.0,0.0,0.0,0.0,0.0,0.0,0.0,0.0,0.0,0.0,0.0,0.0,0.0,0.0,0.0,0.0,0.0,0.0,0.0,0.0,0.0,0.0,0.0,0.0,0.0,0.0,0.0,0.0,0.0,0.0,0.0,0.0,0.0,0.0,0.0,0.0,0.0,0.0,0.0,0.0,0.0,0.0,0.0,0.0,0.0,0.0,0.0,0.0,0.0,0.0,0.0,0.0,0.0,0.0,0.0,0.0,0.0,0.0,0.0,0.0,0.0,0.0,0.0,0.0,0.0,0.0,0.0,0.0,0.0,0.0,0.0,0.0,0.0,0.0
2017-05-27 22:24:00+02:00,0.0,0.0,0.0,0.0,0.0,0.0,0.0,0.0,0.0,0.0,0.0,0.0,0.0,0.0,0.0,0.0,0.0,0.0,0.0,0.0,0.0,0.0,0.0,0.0,0.0,0.0,0.0,0.0,0.0,0.0,0.0,0.0,0.0,0.0,0.0,0.0,0.0,0.0,0.0,0.0,0.0,0.0,0.0,0.0,0.0,0.0,0.0,0.0,0.0,0.0,0.0,0.0,0.0,0.0,0.0,0.0,0.0,0.0,0.0,0.0,0.0,0.0,0.0,0.0,0.0,0.0,0.0,0.0,0.0,0.0,0.0,0.0,0.0,0.0,0.0,0.0,0.0,0.0,0.0,0.0,0.0,0.0,0.0,0.0,0.0,0.0,0.0,0.0,0.0,0.0,0.0,0.0,0.0,0.0,0.0,0.0,0.0,0.0,0.0,0.0,0.0,0.0,0.0,0.0,0.0,0.0,0.0,0.0,0.0,0.0,0.0,0.0,0.0,0.0,0.0,0.0,0.0,0.0
2017-05-27 22:25:00+02:00,0.0,0.0,0.0,0.0,0.0,0.0,0.0,0.0,0.0,0.0,0.0,0.0,0.0,0.0,0.0,0.0,0.0,0.0,0.0,0.0,0.0,0.0,0.0,0.0,0.0,0.0,0.0,0.0,0.0,0.0,0.0,0.0,0.0,0.0,0.0,0.0,0.0,0.0,0.0,0.0,0.0,0.0,0.0,0.0,0.0,0.0,0.0,0.0,0.0,0.0,0.0,0.0,0.0,0.0,0.0,0.0,0.0,0.0,0.0,0.0,0.0,0.0,0.0,0.0,0.0,0.0,0.0,0.0,0.0,0.0,0.0,0.0,0.0,0.0,0.0,0.0,0.0,0.0,0.0,0.0,0.0,0.0,0.0,0.0,0.0,0.0,0.0,0.0,0.0,0.0,0.0,0.0,0.0,0.0,0.0,0.0,0.0,0.0,0.0,0.0,0.0,0.0,0.0,0.0,0.0,0.0,0.0,0.0,0.0,0.0,0.0,0.0,0.0,0.0,0.0,0.0,0.0,0.0
2017-05-27 22:26:00+02:00,0.0,0.0,0.0,0.0,0.0,0.0,0.0,0.0,0.0,0.0,0.0,0.0,0.0,0.0,0.0,0.0,0.0,0.0,0.0,0.0,0.0,0.0,0.0,0.0,0.0,0.0,0.0,0.0,0.0,0.0,0.0,0.0,0.0,0.0,0.0,0.0,0.0,0.0,0.0,0.0,0.0,0.0,0.0,0.0,0.0,0.0,0.0,0.0,0.0,0.0,0.0,0.0,0.0,0.0,0.0,0.0,0.0,0.0,0.0,0.0,0.0,0.0,0.0,0.0,0.0,0.0,0.0,0.0,0.0,0.0,0.0,0.0,0.0,0.0,0.0,0.0,0.0,0.0,0.0,0.0,0.0,0.0,0.0,0.0,0.0,0.0,0.0,0.0,0.0,0.0,0.0,0.0,0.0,0.0,0.0,0.0,0.0,0.0,0.0,0.0,0.0,0.0,0.0,0.0,0.0,0.0,0.0,0.0,0.0,0.0,0.0,0.0,0.0,0.0,0.0,0.0,0.0,0.0
2017-05-27 22:27:00+02:00,0.0,0.0,0.0,0.0,0.0,0.0,0.0,0.0,0.0,0.0,0.0,0.0,0.0,0.0,0.0,0.0,0.0,0.0,0.0,0.0,0.0,0.0,0.0,0.0,0.0,0.0,0.0,0.0,0.0,0.0,0.0,0.0,0.0,0.0,0.0,0.0,0.0,0.0,0.0,0.0,0.0,0.0,0.0,0.0,0.0,0.0,0.0,0.0,0.0,0.0,0.0,0.0,0.0,0.0,0.0,0.0,0.0,0.0,0.0,0.0,0.0,0.0,0.0,0.0,0.0,0.0,0.0,0.0,0.0,0.0,0.0,0.0,0.0,0.0,0.0,0.0,0.0,0.0,0.0,0.0,0.0,0.0,0.0,0.0,0.0,0.0,0.0,0.0,0.0,0.0,0.0,0.0,0.0,0.0,0.0,0.0,0.0,0.0,0.0,0.0,0.0,0.0,0.0,0.0,0.0,0.0,0.0,0.0,0.0,0.0,0.0,0.0,0.0,0.0,0.0,0.0,0.0,0.0
2017-05-27 22:28:00+02:00,0.0,0.0,0.0,0.0,0.0,0.0,0.0,0.0,0.0,0.0,0.0,0.0,0.0,0.0,0.0,0.0,0.0,0.0,0.0,0.0,0.0,0.0,0.0,0.0,0.0,0.0,0.0,0.0,0.0,0.0,0.0,0.0,0.0,0.0,0.0,0.0,0.0,0.0,0.0,0.0,0.0,0.0,0.0,0.0,0.0,0.0,0.0,0.0,0.0,0.0,0.0,0.0,0.0,0.0,0.0,0.0,0.0,0.0,0.0,0.0,0.0,0.0,0.0,0.0,0.0,0.0,0.0,0.0,0.0,0.0,0.0,0.0,0.0,0.0,0.0,0.0,0.0,0.0,0.0,0.0,0.0,0.0,0.0,0.0,0.0,0.0,0.0,0.0,0.0,0.0,0.0,0.0,0.0,0.0,0.0,0.0,0.0,0.0,0.0,0.0,0.0,0.0,0.0,0.0,0.0,0.0,0.0,0.0,0.0,0.0,0.0,0.0,0.0,0.0,0.0,0.0,0.0,0.0
2017-05-27 22:29:00+02:00,0.0,0.0,0.0,0.0,0.0,0.0,0.0,0.0,0.0,0.0,0.0,0.0,0.0,0.0,0.0,0.0,0.0,0.0,0.0,0.0,0.0,0.0,0.0,0.0,0.0,0.0,0.0,0.0,0.0,0.0,0.0,0.0,0.0,0.0,0.0,0.0,0.0,0.0,0.0,0.0,0.0,0.0,0.0,0.0,0.0,0.0,0.0,0.0,0.0,0.0,0.0,0.0,0.0,0.0,0.0,0.0,0.0,0.0,0.0,0.0,0.0,0.0,0.0,0.0,0.0,0.0,0.0,0.0,0.0,0.0,0.0,0.0,0.0,0.0,0.0,0.0,0.0,0.0,0.0,0.0,0.0,0.0,0.0,0.0,0.0,0.0,0.0,0.0,0.0,0.0,0.0,0.0,0.0,0.0,0.0,0.0,0.0,0.0,0.0,0.0,0.0,0.0,0.0,0.0,0.0,0.0,0.0,0.0,0.0,0.0,0.0,0.0,0.0,0.0,0.0,0.0,0.0,0.0
2017-05-27 22:30:00+02:00,0.0,0.0,0.0,0.0,0.0,0.0,0.0,0.0,0.0,0.0,0.0,0.0,0.0,0.0,0.0,0.0,0.0,0.0,0.0,0.0,0.0,0.0,0.0,0.0,0.0,0.0,0.0,0.0,0.0,0.0,0.0,0.0,0.0,0.0,0.0,0.0,0.0,0.0,0.0,0.0,0.0,0.0,0.0,0.0,0.0,0.0,0.0,0.0,0.0,0.0,0.0,0.0,0.0,0.0,0.0,0.0,0.0,0.0,0.0,0.0,0.0,0.0,0.0,0.0,0.0,0.0,0.0,0.0,0.0,0.0,0.0,0.0,0.0,0.0,0.0,0.0,0.0,0.0,0.0,0.0,0.0,0.0,0.0,0.0,0.0,0.0,0.0,0.0,0.0,0.0,0.0,0.0,0.0,0.0,0.0,0.0,0.0,0.0,0.0,0.0,0.0,0.0,0.0,0.0,0.0,0.0,0.0,0.0,0.0,0.0,0.0,0.0,0.0,0.0,0.0,0.0,0.0,0.0
2017-05-27 22:31:00+02:00,0.0,0.0,0.0,0.0,0.0,0.0,0.0,0.0,0.0,0.0,0.0,0.0,0.0,0.0,0.0,0.0,0.0,0.0,0.0,0.0,0.0,0.0,0.0,0.0,0.0,0.0,0.0,0.0,0.0,0.0,0.0,0.0,0.0,0.0,0.0,0.0,0.0,0.0,0.0,0.0,0.0,0.0,0.0,0.0,0.0,0.0,0.0,0.0,0.0,0.0,0.0,0.0,0.0,0.0,0.0,0.0,0.0,0.0,0.0,0.0,0.0,0.0,0.0,0.0,0.0,0.0,0.0,0.0,0.0,0.0,0.0,0.0,0.0,0.0,0.0,0.0,0.0,0.0,0.0,0.0,0.0,0.0,0.0,0.0,0.0,0.0,0.0,0.0,0.0,0.0,0.0,0.0,0.0,0.0,0.0,0.0,0.0,0.0,0.0,0.0,0.0,0.0,0.0,0.0,0.0,0.0,0.0,0.0,0.0,0.0,0.0,0.0,0.0,0.0,0.0,0.0,0.0,0.0
2017-05-27 22:32:00+02:00,0.0,0.0,0.0,0.0,0.0,0.0,0.0,0.0,0.0,0.0,0.0,0.0,0.0,0.0,0.0,0.0,0.0,0.0,0.0,0.0,0.0,0.0,0.0,0.0,0.0,0.0,0.0,0.0,0.0,0.0,0.0,0.0,0.0,0.0,0.0,0.0,0.0,0.0,0.0,0.0,0.0,0.0,0.0,0.0,0.0,0.0,0.0,0.0,0.0,0.0,0.0,0.0,0.0,0.0,0.0,0.0,0.0,0.0,0.0,0.0,0.0,0.0,0.0,0.0,0.0,0.0,0.0,0.0,0.0,0.0,0.0,0.0,0.0,0.0,0.0,0.0,0.0,0.0,0.0,0.0,0.0,0.0,0.0,0.0,0.0,0.0,0.0,0.0,0.0,0.0,0.0,0.0,0.0,0.0,0.0,0.0,0.0,0.0,0.0,0.0,0.0,0.0,0.0,0.0,0.0,0.0,0.0,0.0,0.0,0.0,0.0,0.0,0.0,0.0,0.0,0.0,0.0,0.0
2017-05-27 22:33:00+02:00,0.0,0.0,0.0,0.0,0.0,0.0,0.0,0.0,0.0,0.0,0.0,0.0,0.0,0.0,0.0,0.0,0.0,0.0,0.0,0.0,0.0,0.0,0.0,0.0,0.0,0.0,0.0,0.0,0.0,0.0,0.0,0.0,0.0,0.0,0.0,0.0,0.0,0.0,0.0,0.0,0.0,0.0,0.0,0.0,0.0,0.0,0.0,0.0,0.0,0.0,0.0,0.0,0.0,0.0,0.0,0.0,0.0,0.0,0.0,0.0,0.0,0.0,0.0,0.0,0.0,0.0,0.0,0.0,0.0,0.0,0.0,0.0,0.0,0.0,0.0,0.0,0.0,0.0,0.0,0.0,0.0,0.0,0.0,0.0,0.0,0.0,0.0,0.0,0.0,0.0,0.0,0.0,0.0,0.0,0.0,0.0,0.0,0.0,0.0,0.0,0.0,0.0,0.0,0.0,0.0,0.0,0.0,0.0,0.0,0.0,0.0,0.0,0.0,0.0,0.0,0.0,0.0,0.0
2017-05-27 22:34:00+02:00,0.0,0.0,0.0,0.0,0.0,0.0,0.0,0.0,0.0,0.0,0.0,0.0,0.0,0.0,0.0,0.0,0.0,0.0,0.0,0.0,0.0,0.0,0.0,0.0,0.0,0.0,0.0,0.0,0.0,0.0,0.0,0.0,0.0,0.0,0.0,0.0,0.0,0.0,0.0,0.0,0.0,0.0,0.0,0.0,0.0,0.0,0.0,0.0,0.0,0.0,0.0,0.0,0.0,0.0,0.0,0.0,0.0,0.0,0.0,0.0,0.0,0.0,0.0,0.0,0.0,0.0,0.0,0.0,0.0,0.0,0.0,0.0,0.0,0.0,0.0,0.0,0.0,0.0,0.0,0.0,0.0,0.0,0.0,0.0,0.0,0.0,0.0,0.0,0.0,0.0,0.0,0.0,0.0,0.0,0.0,0.0,0.0,0.0,0.0,0.0,0.0,0.0,0.0,0.0,0.0,0.0,0.0,0.0,0.0,0.0,0.0,0.0,0.0,0.0,0.0,0.0,0.0,0.0
2017-05-27 22:35:00+02:00,0.0,0.0,0.0,0.0,0.0,0.0,0.0,0.0,0.0,0.0,0.0,0.0,0.0,0.0,0.0,0.0,0.0,0.0,0.0,0.0,0.0,0.0,0.0,0.0,0.0,0.0,0.0,0.0,0.0,0.0,0.0,0.0,0.0,0.0,0.0,0.0,0.0,0.0,0.0,0.0,0.0,0.0,0.0,0.0,0.0,0.0,0.0,0.0,0.0,0.0,0.0,0.0,0.0,0.0,0.0,0.0,0.0,0.0,0.0,0.0,0.0,0.0,0.0,0.0,0.0,0.0,0.0,0.0,0.0,0.0,0.0,0.0,0.0,0.0,0.0,0.0,0.0,0.0,0.0,0.0,0.0,0.0,0.0,0.0,0.0,0.0,0.0,0.0,0.0,0.0,0.0,0.0,0.0,0.0,0.0,0.0,0.0,0.0,0.0,0.0,0.0,0.0,0.0,0.0,0.0,0.0,0.0,0.0,0.0,0.0,0.0,0.0,0.0,0.0,0.0,0.0,0.0,0.0
2017-05-27 22:36:00+02:00,0.0,0.0,0.0,0.0,0.0,0.0,0.0,0.0,0.0,0.0,0.0,0.0,0.0,0.0,0.0,0.0,0.0,0.0,0.0,0.0,0.0,0.0,0.0,0.0,0.0,0.0,0.0,0.0,0.0,0.0,0.0,0.0,0.0,0.0,0.0,0.0,0.0,0.0,0.0,0.0,0.0,0.0,0.0,0.0,0.0,0.0,0.0,0.0,0.0,0.0,0.0,0.0,0.0,0.0,0.0,0.0,0.0,0.0,0.0,0.0,0.0,0.0,0.0,0.0,0.0,0.0,0.0,0.0,0.0,0.0,0.0,0.0,0.0,0.0,0.0,0.0,0.0,0.0,0.0,0.0,0.0,0.0,0.0,0.0,0.0,0.0,0.0,0.0,0.0,0.0,0.0,0.0,0.0,0.0,0.0,0.0,0.0,0.0,0.0,0.0,0.0,0.0,0.0,0.0,0.0,0.0,0.0,0.0,0.0,0.0,0.0,0.0,0.0,0.0,0.0,0.0,0.0,0.0
2017-05-27 22:37:00+02:00,0.0,0.0,0.0,0.0,0.0,0.0,0.0,0.0,0.0,0.0,0.0,0.0,0.0,0.0,0.0,0.0,0.0,0.0,0.0,0.0,0.0,0.0,0.0,0.0,0.0,0.0,0.0,0.0,0.0,0.0,0.0,0.0,0.0,0.0,0.0,0.0,0.0,0.0,0.0,0.0,0.0,0.0,0.0,0.0,0.0,0.0,0.0,0.0,0.0,0.0,0.0,0.0,0.0,0.0,0.0,0.0,0.0,0.0,0.0,0.0,0.0,0.0,0.0,0.0,0.0,0.0,0.0,0.0,0.0,0.0,0.0,0.0,0.0,0.0,0.0,0.0,0.0,0.0,0.0,0.0,0.0,0.0,0.0,0.0,0.0,0.0,0.0,0.0,0.0,0.0,0.0,0.0,0.0,0.0,0.0,0.0,0.0,0.0,0.0,0.0,0.0,0.0,0.0,0.0,0.0,0.0,0.0,0.0,0.0,0.0,0.0,0.0,0.0,0.0,0.0,0.0,0.0,0.0
2017-05-27 22:38:00+02:00,0.0,0.0,0.0,0.0,0.0,0.0,0.0,0.0,0.0,0.0,0.0,0.0,0.0,0.0,0.0,0.0,0.0,0.0,0.0,0.0,0.0,0.0,0.0,0.0,0.0,0.0,0.0,0.0,0.0,0.0,0.0,0.0,0.0,0.0,0.0,0.0,0.0,0.0,0.0,0.0,0.0,0.0,0.0,0.0,0.0,0.0,0.0,0.0,0.0,0.0,0.0,0.0,0.0,0.0,0.0,0.0,0.0,0.0,0.0,0.0,0.0,0.0,0.0,0.0,0.0,0.0,0.0,0.0,0.0,0.0,0.0,0.0,0.0,0.0,0.0,0.0,0.0,0.0,0.0,0.0,0.0,0.0,0.0,0.0,0.0,0.0,0.0,0.0,0.0,0.0,0.0,0.0,0.0,0.0,0.0,0.0,0.0,0.0,0.0,0.0,0.0,0.0,0.0,0.0,0.0,0.0,0.0,0.0,0.0,0.0,0.0,0.0,0.0,0.0,0.0,0.0,0.0,0.0
2017-05-27 22:39:00+02:00,0.0,0.0,0.0,0.0,0.0,0.0,0.0,0.0,0.0,0.0,0.0,0.0,0.0,0.0,0.0,0.0,0.0,0.0,0.0,0.0,0.0,0.0,0.0,0.0,0.0,0.0,0.0,0.0,0.0,0.0,0.0,0.0,0.0,0.0,0.0,0.0,0.0,0.0,0.0,0.0,0.0,0.0,0.0,0.0,0.0,0.0,0.0,0.0,0.0,0.0,0.0,0.0,0.0,0.0,0.0,0.0,0.0,0.0,0.0,0.0,0.0,0.0,0.0,0.0,0.0,0.0,0.0,0.0,0.0,0.0,0.0,0.0,0.0,0.0,0.0,0.0,0.0,0.0,0.0,0.0,0.0,0.0,0.0,0.0,0.0,0.0,0.0,0.0,0.0,0.0,0.0,0.0,0.0,0.0,0.0,0.0,0.0,0.0,0.0,0.0,0.0,0.0,0.0,0.0,0.0,0.0,0.0,0.0,0.0,0.0,0.0,0.0,0.0,0.0,0.0,0.0,0.0,0.0
2017-05-27 22:40:00+02:00,0.0,0.0,0.0,0.0,0.0,0.0,0.0,0.0,0.0,0.0,0.0,0.0,0.0,0.0,0.0,0.0,0.0,0.0,0.0,0.0,0.0,0.0,0.0,0.0,0.0,0.0,0.0,0.0,0.0,0.0,0.0,0.0,0.0,0.0,0.0,0.0,0.0,0.0,0.0,0.0,0.0,0.0,0.0,0.0,0.0,0.0,0.0,0.0,0.0,0.0,0.0,0.0,0.0,0.0,0.0,0.0,0.0,0.0,0.0,0.0,0.0,0.0,0.0,0.0,0.0,0.0,0.0,0.0,0.0,0.0,0.0,0.0,0.0,0.0,0.0,0.0,0.0,0.0,0.0,0.0,0.0,0.0,0.0,0.0,0.0,0.0,0.0,0.0,0.0,0.0,0.0,0.0,0.0,0.0,0.0,0.0,0.0,0.0,0.0,0.0,0.0,0.0,0.0,0.0,0.0,0.0,0.0,0.0,0.0,0.0,0.0,0.0,0.0,0.0,0.0,0.0,0.0,0.0
2017-05-27 22:41:00+02:00,0.0,0.0,0.0,0.0,0.0,0.0,0.0,0.0,0.0,0.0,0.0,0.0,0.0,0.0,0.0,0.0,0.0,0.0,0.0,0.0,0.0,0.0,0.0,0.0,0.0,0.0,0.0,0.0,0.0,0.0,0.0,0.0,0.0,0.0,0.0,0.0,0.0,0.0,0.0,0.0,0.0,0.0,0.0,0.0,0.0,0.0,0.0,0.0,0.0,0.0,0.0,0.0,0.0,0.0,0.0,0.0,0.0,0.0,0.0,0.0,0.0,0.0,0.0,0.0,0.0,0.0,0.0,0.0,0.0,0.0,0.0,0.0,0.0,0.0,0.0,0.0,0.0,0.0,0.0,0.0,0.0,0.0,0.0,0.0,0.0,0.0,0.0,0.0,0.0,0.0,0.0,0.0,0.0,0.0,0.0,0.0,0.0,0.0,0.0,0.0,0.0,0.0,0.0,0.0,0.0,0.0,0.0,0.0,0.0,0.0,0.0,0.0,0.0,0.0,0.0,0.0,0.0,0.0
2017-05-27 22:42:00+02:00,0.0,0.0,0.0,0.0,0.0,0.0,0.0,0.0,0.0,0.0,0.0,0.0,0.0,0.0,0.0,0.0,0.0,0.0,0.0,0.0,0.0,0.0,0.0,0.0,0.0,0.0,0.0,0.0,0.0,0.0,0.0,0.0,0.0,0.0,0.0,0.0,0.0,0.0,0.0,0.0,0.0,0.0,0.0,0.0,0.0,0.0,0.0,0.0,0.0,0.0,0.0,0.0,0.0,0.0,0.0,0.0,0.0,0.0,0.0,0.0,0.0,0.0,0.0,0.0,0.0,0.0,0.0,0.0,0.0,0.0,0.0,0.0,0.0,0.0,0.0,0.0,0.0,0.0,0.0,0.0,0.0,0.0,0.0,0.0,0.0,0.0,0.0,0.0,0.0,0.0,0.0,0.0,0.0,0.0,0.0,0.0,0.0,0.0,0.0,0.0,0.0,0.0,0.0,0.0,0.0,0.0,0.0,0.0,0.0,0.0,0.0,0.0,0.0,0.0,0.0,0.0,0.0,0.0
2017-05-27 22:43:00+02:00,0.0,0.0,0.0,0.0,0.0,0.0,0.0,0.0,0.0,0.0,0.0,0.0,0.0,0.0,0.0,0.0,0.0,0.0,0.0,0.0,0.0,0.0,0.0,0.0,0.0,0.0,0.0,0.0,0.0,0.0,0.0,0.0,0.0,0.0,0.0,0.0,0.0,0.0,0.0,0.0,0.0,0.0,0.0,0.0,0.0,0.0,0.0,0.0,0.0,0.0,0.0,0.0,0.0,0.0,0.0,0.0,0.0,0.0,0.0,0.0,0.0,0.0,0.0,0.0,0.0,0.0,0.0,0.0,0.0,0.0,0.0,0.0,0.0,0.0,0.0,0.0,0.0,0.0,0.0,0.0,0.0,0.0,0.0,0.0,0.0,0.0,0.0,0.0,0.0,0.0,0.0,0.0,0.0,0.0,0.0,0.0,0.0,0.0,0.0,0.0,0.0,0.0,0.0,0.0,0.0,0.0,0.0,0.0,0.0,0.0,0.0,0.0,0.0,0.0,0.0,0.0,0.0,0.0
2017-05-27 22:44:00+02:00,0.0,0.0,0.0,0.0,0.0,0.0,0.0,0.0,0.0,0.0,0.0,0.0,0.0,0.0,0.0,0.0,0.0,0.0,0.0,0.0,0.0,0.0,0.0,0.0,0.0,0.0,0.0,0.0,0.0,0.0,0.0,0.0,0.0,0.0,0.0,0.0,0.0,0.0,0.0,0.0,0.0,0.0,0.0,0.0,0.0,0.0,0.0,0.0,0.0,0.0,0.0,0.0,0.0,0.0,0.0,0.0,0.0,0.0,0.0,0.0,0.0,0.0,0.0,0.0,0.0,0.0,0.0,0.0,0.0,0.0,0.0,0.0,0.0,0.0,0.0,0.0,0.0,0.0,0.0,0.0,0.0,0.0,0.0,0.0,0.0,0.0,0.0,0.0,0.0,0.0,0.0,0.0,0.0,0.0,0.0,0.0,0.0,0.0,0.0,0.0,0.0,0.0,0.0,0.0,0.0,0.0,0.0,0.0,0.0,0.0,0.0,0.0,0.0,0.0,0.0,0.0,0.0,0.0
2017-05-27 22:45:00+02:00,0.0,0.0,0.0,0.0,0.0,0.0,0.0,0.0,0.0,0.0,0.0,0.0,0.0,0.0,0.0,0.0,0.0,0.0,0.0,0.0,0.0,0.0,0.0,0.0,0.0,0.0,0.0,0.0,0.0,0.0,0.0,0.0,0.0,0.0,0.0,0.0,0.0,0.0,0.0,0.0,0.0,0.0,0.0,0.0,0.0,0.0,0.0,0.0,0.0,0.0,0.0,0.0,0.0,0.0,0.0,0.0,0.0,0.0,0.0,0.0,0.0,0.0,0.0,0.0,0.0,0.0,0.0,0.0,0.0,0.0,0.0,0.0,0.0,0.0,0.0,0.0,0.0,0.0,0.0,0.0,0.0,0.0,0.0,0.0,0.0,0.0,0.0,0.0,0.0,0.0,0.0,0.0,0.0,0.0,0.0,0.0,0.0,0.0,0.0,0.0,0.0,0.0,0.0,0.0,0.0,0.0,0.0,0.0,0.0,0.0,0.0,0.0,0.0,0.0,0.0,0.0,0.0,0.0
2017-05-27 22:46:00+02:00,0.0,0.0,0.0,0.0,0.0,0.0,0.0,0.0,0.0,0.0,0.0,0.0,0.0,0.0,0.0,0.0,0.0,0.0,0.0,0.0,0.0,0.0,0.0,0.0,0.0,0.0,0.0,0.0,0.0,0.0,0.0,0.0,0.0,0.0,0.0,0.0,0.0,0.0,0.0,0.0,0.0,0.0,0.0,0.0,0.0,0.0,0.0,0.0,0.0,0.0,0.0,0.0,0.0,0.0,0.0,0.0,0.0,0.0,0.0,0.0,0.0,0.0,0.0,0.0,0.0,0.0,0.0,0.0,0.0,0.0,0.0,0.0,0.0,0.0,0.0,0.0,0.0,0.0,0.0,0.0,0.0,0.0,0.0,0.0,0.0,0.0,0.0,0.0,0.0,0.0,0.0,0.0,0.0,0.0,0.0,0.0,0.0,0.0,0.0,0.0,0.0,0.0,0.0,0.0,0.0,0.0,0.0,0.0,0.0,0.0,0.0,0.0,0.0,0.0,0.0,0.0,0.0,0.0
2017-05-27 22:47:00+02:00,0.0,0.0,0.0,0.0,0.0,0.0,0.0,0.0,0.0,0.0,0.0,0.0,0.0,0.0,0.0,0.0,0.0,0.0,0.0,0.0,0.0,0.0,0.0,0.0,0.0,0.0,0.0,0.0,0.0,0.0,0.0,0.0,0.0,0.0,0.0,0.0,0.0,0.0,0.0,0.0,0.0,0.0,0.0,0.0,0.0,0.0,0.0,0.0,0.0,0.0,0.0,0.0,0.0,0.0,0.0,0.0,0.0,0.0,0.0,0.0,0.0,0.0,0.0,0.0,0.0,0.0,0.0,0.0,0.0,0.0,0.0,0.0,0.0,0.0,0.0,0.0,0.0,0.0,0.0,0.0,0.0,0.0,0.0,0.0,0.0,0.0,0.0,0.0,0.0,0.0,0.0,0.0,0.0,0.0,0.0,0.0,0.0,0.0,0.0,0.0,0.0,0.0,0.0,0.0,0.0,0.0,0.0,0.0,0.0,0.0,0.0,0.0,0.0,0.0,0.0,0.0,0.0,0.0
2017-05-27 22:48:00+02:00,0.0,0.0,0.0,0.0,0.0,0.0,0.0,0.0,0.0,0.0,0.0,0.0,0.0,0.0,0.0,0.0,0.0,0.0,0.0,0.0,0.0,0.0,0.0,0.0,0.0,0.0,0.0,0.0,0.0,0.0,0.0,0.0,0.0,0.0,0.0,0.0,0.0,0.0,0.0,0.0,0.0,0.0,0.0,0.0,0.0,0.0,0.0,0.0,0.0,0.0,0.0,0.0,0.0,0.0,0.0,0.0,0.0,0.0,0.0,0.0,0.0,0.0,0.0,0.0,0.0,0.0,0.0,0.0,0.0,0.0,0.0,0.0,0.0,0.0,0.0,0.0,0.0,0.0,0.0,0.0,0.0,0.0,0.0,0.0,0.0,0.0,0.0,0.0,0.0,0.0,0.0,0.0,0.0,0.0,0.0,0.0,0.0,0.0,0.0,0.0,0.0,0.0,0.0,0.0,0.0,0.0,0.0,0.0,0.0,0.0,0.0,0.0,0.0,0.0,0.0,0.0,0.0,0.0
2017-05-27 22:49:00+02:00,0.0,0.0,0.0,0.0,0.0,0.0,0.0,0.0,0.0,0.0,0.0,0.0,0.0,0.0,0.0,0.0,0.0,0.0,0.0,0.0,0.0,0.0,0.0,0.0,0.0,0.0,0.0,0.0,0.0,0.0,0.0,0.0,0.0,0.0,0.0,0.0,0.0,0.0,0.0,0.0,0.0,0.0,0.0,0.0,0.0,0.0,0.0,0.0,0.0,0.0,0.0,0.0,0.0,0.0,0.0,0.0,0.0,0.0,0.0,0.0,0.0,0.0,0.0,0.0,0.0,0.0,0.0,0.0,0.0,0.0,0.0,0.0,0.0,0.0,0.0,0.0,0.0,0.0,0.0,0.0,0.0,0.0,0.0,0.0,0.0,0.0,0.0,0.0,0.0,0.0,0.0,0.0,0.0,0.0,0.0,0.0,0.0,0.0,0.0,0.0,0.0,0.0,0.0,0.0,0.0,0.0,0.0,0.0,0.0,0.0,0.0,0.0,0.0,0.0,0.0,0.0,0.0,0.0
2017-05-27 22:50:00+02:00,0.0,0.0,0.0,0.0,0.0,0.0,0.0,0.0,0.0,0.0,0.0,0.0,0.0,0.0,0.0,0.0,0.0,0.0,0.0,0.0,0.0,0.0,0.0,0.0,0.0,0.0,0.0,0.0,0.0,0.0,0.0,0.0,0.0,0.0,0.0,0.0,0.0,0.0,0.0,0.0,0.0,0.0,0.0,0.0,0.0,0.0,0.0,0.0,0.0,0.0,0.0,0.0,0.0,0.0,0.0,0.0,0.0,0.0,0.0,0.0,0.0,0.0,0.0,0.0,0.0,0.0,0.0,0.0,0.0,0.0,0.0,0.0,0.0,0.0,0.0,0.0,0.0,0.0,0.0,0.0,0.0,0.0,0.0,0.0,0.0,0.0,0.0,0.0,0.0,0.0,0.0,0.0,0.0,0.0,0.0,0.0,0.0,0.0,0.0,0.0,0.0,0.0,0.0,0.0,0.0,0.0,0.0,0.0,0.0,0.0,0.0,0.0,0.0,0.0,0.0,0.0,0.0,0.0
2017-05-27 22:51:00+02:00,0.0,0.0,0.0,0.0,0.0,0.0,0.0,0.0,0.0,0.0,0.0,0.0,0.0,0.0,0.0,0.0,0.0,0.0,0.0,0.0,0.0,0.0,0.0,0.0,0.0,0.0,0.0,0.0,0.0,0.0,0.0,0.0,0.0,0.0,0.0,0.0,0.0,0.0,0.0,0.0,0.0,0.0,0.0,0.0,0.0,0.0,0.0,0.0,0.0,0.0,0.0,0.0,0.0,0.0,0.0,0.0,0.0,0.0,0.0,0.0,0.0,0.0,0.0,0.0,0.0,0.0,0.0,0.0,0.0,0.0,0.0,0.0,0.0,0.0,0.0,0.0,0.0,0.0,0.0,0.0,0.0,0.0,0.0,0.0,0.0,0.0,0.0,0.0,0.0,0.0,0.0,0.0,0.0,0.0,0.0,0.0,0.0,0.0,0.0,0.0,0.0,0.0,0.0,0.0,0.0,0.0,0.0,0.0,0.0,0.0,0.0,0.0,0.0,0.0,0.0,0.0,0.0,0.0
2017-05-27 22:52:00+02:00,0.0,0.0,0.0,0.0,0.0,0.0,0.0,0.0,0.0,0.0,0.0,0.0,0.0,0.0,0.0,0.0,0.0,0.0,0.0,0.0,0.0,0.0,0.0,0.0,0.0,0.0,0.0,0.0,0.0,0.0,0.0,0.0,0.0,0.0,0.0,0.0,0.0,0.0,0.0,0.0,0.0,0.0,0.0,0.0,0.0,0.0,0.0,0.0,0.0,0.0,0.0,0.0,0.0,0.0,0.0,0.0,0.0,0.0,0.0,0.0,0.0,0.0,0.0,0.0,0.0,0.0,0.0,0.0,0.0,0.0,0.0,0.0,0.0,0.0,0.0,0.0,0.0,0.0,0.0,0.0,0.0,0.0,0.0,0.0,0.0,0.0,0.0,0.0,0.0,0.0,0.0,0.0,0.0,0.0,0.0,0.0,0.0,0.0,0.0,0.0,0.0,0.0,0.0,0.0,0.0,0.0,0.0,0.0,0.0,0.0,0.0,0.0,0.0,0.0,0.0,0.0,0.0,0.0
2017-05-27 22:53:00+02:00,0.0,0.0,0.0,0.0,0.0,0.0,0.0,0.0,0.0,0.0,0.0,0.0,0.0,0.0,0.0,0.0,0.0,0.0,0.0,0.0,0.0,0.0,0.0,0.0,0.0,0.0,0.0,0.0,0.0,0.0,0.0,0.0,0.0,0.0,0.0,0.0,0.0,0.0,0.0,0.0,0.0,0.0,0.0,0.0,0.0,0.0,0.0,0.0,0.0,0.0,0.0,0.0,0.0,0.0,0.0,0.0,0.0,0.0,0.0,0.0,0.0,0.0,0.0,0.0,0.0,0.0,0.0,0.0,0.0,0.0,0.0,0.0,0.0,0.0,0.0,0.0,0.0,0.0,0.0,0.0,0.0,0.0,0.0,0.0,0.0,0.0,0.0,0.0,0.0,0.0,0.0,0.0,0.0,0.0,0.0,0.0,0.0,0.0,0.0,0.0,0.0,0.0,0.0,0.0,0.0,0.0,0.0,0.0,0.0,0.0,0.0,0.0,0.0,0.0,0.0,0.0,0.0,0.0
2017-05-27 22:54:00+02:00,0.0,0.0,0.0,0.0,0.0,0.0,0.0,0.0,0.0,0.0,0.0,0.0,0.0,0.0,0.0,0.0,0.0,0.0,0.0,0.0,0.0,0.0,0.0,0.0,0.0,0.0,0.0,0.0,0.0,0.0,0.0,0.0,0.0,0.0,0.0,0.0,0.0,0.0,0.0,0.0,0.0,0.0,0.0,0.0,0.0,0.0,0.0,0.0,0.0,0.0,0.0,0.0,0.0,0.0,0.0,0.0,0.0,0.0,0.0,0.0,0.0,0.0,0.0,0.0,0.0,0.0,0.0,0.0,0.0,0.0,0.0,0.0,0.0,0.0,0.0,0.0,0.0,0.0,0.0,0.0,0.0,0.0,0.0,0.0,0.0,0.0,0.0,0.0,0.0,0.0,0.0,0.0,0.0,0.0,0.0,0.0,0.0,0.0,0.0,0.0,0.0,0.0,0.0,0.0,0.0,0.0,0.0,0.0,0.0,0.0,0.0,0.0,0.0,0.0,0.0,0.0,0.0,0.0
2017-05-27 22:55:00+02:00,0.0,0.0,0.0,0.0,0.0,0.0,0.0,0.0,0.0,0.0,0.0,0.0,0.0,0.0,0.0,0.0,0.0,0.0,0.0,0.0,0.0,0.0,0.0,0.0,0.0,0.0,0.0,0.0,0.0,0.0,0.0,0.0,0.0,0.0,0.0,0.0,0.0,0.0,0.0,0.0,0.0,0.0,0.0,0.0,0.0,0.0,0.0,0.0,0.0,0.0,0.0,0.0,0.0,0.0,0.0,0.0,0.0,0.0,0.0,0.0,0.0,0.0,0.0,0.0,0.0,0.0,0.0,0.0,0.0,0.0,0.0,0.0,0.0,0.0,0.0,0.0,0.0,0.0,0.0,0.0,0.0,0.0,0.0,0.0,0.0,0.0,0.0,0.0,0.0,0.0,0.0,0.0,0.0,0.0,0.0,0.0,0.0,0.0,0.0,0.0,0.0,0.0,0.0,0.0,0.0,0.0,0.0,0.0,0.0,0.0,0.0,0.0,0.0,0.0,0.0,0.0,0.0,0.0
2017-05-27 22:56:00+02:00,0.0,0.0,0.0,0.0,0.0,0.0,0.0,0.0,0.0,0.0,0.0,0.0,0.0,0.0,0.0,0.0,0.0,0.0,0.0,0.0,0.0,0.0,0.0,0.0,0.0,0.0,0.0,0.0,0.0,0.0,0.0,0.0,0.0,0.0,0.0,0.0,0.0,0.0,0.0,0.0,0.0,0.0,0.0,0.0,0.0,0.0,0.0,0.0,0.0,0.0,0.0,0.0,0.0,0.0,0.0,0.0,0.0,0.0,0.0,0.0,0.0,0.0,0.0,0.0,0.0,0.0,0.0,0.0,0.0,0.0,0.0,0.0,0.0,0.0,0.0,0.0,0.0,0.0,0.0,0.0,0.0,0.0,0.0,0.0,0.0,0.0,0.0,0.0,0.0,0.0,0.0,0.0,0.0,0.0,0.0,0.0,0.0,0.0,0.0,0.0,0.0,0.0,0.0,0.0,0.0,0.0,0.0,0.0,0.0,0.0,0.0,0.0,0.0,0.0,0.0,0.0,0.0,0.0
2017-05-27 22:57:00+02:00,0.0,0.0,0.0,0.0,0.0,0.0,0.0,0.0,0.0,0.0,0.0,0.0,0.0,0.0,0.0,0.0,0.0,0.0,0.0,0.0,0.0,0.0,0.0,0.0,0.0,0.0,0.0,0.0,0.0,0.0,0.0,0.0,0.0,0.0,0.0,0.0,0.0,0.0,0.0,0.0,0.0,0.0,0.0,0.0,0.0,0.0,0.0,0.0,0.0,0.0,0.0,0.0,0.0,0.0,0.0,0.0,0.0,0.0,0.0,0.0,0.0,0.0,0.0,0.0,0.0,0.0,0.0,0.0,0.0,0.0,0.0,0.0,0.0,0.0,0.0,0.0,0.0,0.0,0.0,0.0,0.0,0.0,0.0,0.0,0.0,0.0,0.0,0.0,0.0,0.0,0.0,0.0,0.0,0.0,0.0,0.0,0.0,0.0,0.0,0.0,0.0,0.0,0.0,0.0,0.0,0.0,0.0,0.0,0.0,0.0,0.0,0.0,0.0,0.0,0.0,0.0,0.0,0.0
2017-05-27 22:58:00+02:00,0.0,0.0,0.0,0.0,0.0,0.0,0.0,0.0,0.0,0.0,0.0,0.0,0.0,0.0,0.0,0.0,0.0,0.0,0.0,0.0,0.0,0.0,0.0,0.0,0.0,0.0,0.0,0.0,0.0,0.0,0.0,0.0,0.0,0.0,0.0,0.0,0.0,0.0,0.0,0.0,0.0,0.0,0.0,0.0,0.0,0.0,0.0,0.0,0.0,0.0,0.0,0.0,0.0,0.0,0.0,0.0,0.0,0.0,0.0,0.0,0.0,0.0,0.0,0.0,0.0,0.0,0.0,0.0,0.0,0.0,0.0,0.0,0.0,0.0,0.0,0.0,0.0,0.0,0.0,0.0,0.0,0.0,0.0,0.0,0.0,0.0,0.0,0.0,0.0,0.0,0.0,0.0,0.0,0.0,0.0,0.0,0.0,0.0,0.0,0.0,0.0,0.0,0.0,0.0,0.0,0.0,0.0,0.0,0.0,0.0,0.0,0.0,0.0,0.0,0.0,0.0,0.0,0.0
2017-05-27 22:59:00+02:00,0.0,0.0,0.0,0.0,0.0,0.0,0.0,0.0,0.0,0.0,0.0,0.0,0.0,0.0,0.0,0.0,0.0,0.0,0.0,0.0,0.0,0.0,0.0,0.0,0.0,0.0,0.0,0.0,0.0,0.0,0.0,0.0,0.0,0.0,0.0,0.0,0.0,0.0,0.0,0.0,0.0,0.0,0.0,0.0,0.0,0.0,0.0,0.0,0.0,0.0,0.0,0.0,0.0,0.0,0.0,0.0,0.0,0.0,0.0,0.0,0.0,0.0,0.0,0.0,0.0,0.0,0.0,0.0,0.0,0.0,0.0,0.0,0.0,0.0,0.0,0.0,0.0,0.0,0.0,0.0,0.0,0.0,0.0,0.0,0.0,0.0,0.0,0.0,0.0,0.0,0.0,0.0,0.0,0.0,0.0,0.0,0.0,0.0,0.0,0.0,0.0,0.0,0.0,0.0,0.0,0.0,0.0,0.0,0.0,0.0,0.0,0.0,0.0,0.0,0.0,0.0,0.0,0.0
2017-05-27 23:00:00+02:00,0.0,0.0,0.0,0.0,0.0,0.0,0.0,0.0,0.0,0.0,0.0,0.0,0.0,0.0,0.0,0.0,0.0,0.0,0.0,0.0,0.0,0.0,0.0,0.0,0.0,0.0,0.0,0.0,0.0,0.0,0.0,0.0,0.0,0.0,0.0,0.0,0.0,0.0,0.0,0.0,0.0,0.0,0.0,0.0,0.0,0.0,0.0,0.0,0.0,0.0,0.0,0.0,0.0,0.0,0.0,0.0,0.0,0.0,0.0,0.0,0.0,0.0,0.0,0.0,0.0,0.0,0.0,0.0,0.0,0.0,0.0,0.0,0.0,0.0,0.0,0.0,0.0,0.0,0.0,0.0,0.0,0.0,0.0,0.0,0.0,0.0,0.0,0.0,0.0,0.0,0.0,0.0,0.0,0.0,0.0,0.0,0.0,0.0,0.0,0.0,0.0,0.0,0.0,0.0,0.0,0.0,0.0,0.0,0.0,0.0,0.0,0.0,0.0,0.0,0.0,0.0,0.0,0.0
2017-05-27 23:01:00+02:00,0.0,0.0,0.0,0.0,0.0,0.0,0.0,0.0,0.0,0.0,0.0,0.0,0.0,0.0,0.0,0.0,0.0,0.0,0.0,0.0,0.0,0.0,0.0,0.0,0.0,0.0,0.0,0.0,0.0,0.0,0.0,0.0,0.0,0.0,0.0,0.0,0.0,0.0,0.0,0.0,0.0,0.0,0.0,0.0,0.0,0.0,0.0,0.0,0.0,0.0,0.0,0.0,0.0,0.0,0.0,0.0,0.0,0.0,0.0,0.0,0.0,0.0,0.0,0.0,0.0,0.0,0.0,0.0,0.0,0.0,0.0,0.0,0.0,0.0,0.0,0.0,0.0,0.0,0.0,0.0,0.0,0.0,0.0,0.0,0.0,0.0,0.0,0.0,0.0,0.0,0.0,0.0,0.0,0.0,0.0,0.0,0.0,0.0,0.0,0.0,0.0,0.0,0.0,0.0,0.0,0.0,0.0,0.0,0.0,0.0,0.0,0.0,0.0,0.0,0.0,0.0,0.0,0.0
2017-05-27 23:02:00+02:00,0.0,0.0,0.0,0.0,0.0,0.0,0.0,0.0,0.0,0.0,0.0,0.0,0.0,0.0,0.0,0.0,0.0,0.0,0.0,0.0,0.0,0.0,0.0,0.0,0.0,0.0,0.0,0.0,0.0,0.0,0.0,0.0,0.0,0.0,0.0,0.0,0.0,0.0,0.0,0.0,0.0,0.0,0.0,0.0,0.0,0.0,0.0,0.0,0.0,0.0,0.0,0.0,0.0,0.0,0.0,0.0,0.0,0.0,0.0,0.0,0.0,0.0,0.0,0.0,0.0,0.0,0.0,0.0,0.0,0.0,0.0,0.0,0.0,0.0,0.0,0.0,0.0,0.0,0.0,0.0,0.0,0.0,0.0,0.0,0.0,0.0,0.0,0.0,0.0,0.0,0.0,0.0,0.0,0.0,0.0,0.0,0.0,0.0,0.0,0.0,0.0,0.0,0.0,0.0,0.0,0.0,0.0,0.0,0.0,0.0,0.0,0.0,0.0,0.0,0.0,0.0,0.0,0.0
2017-05-27 23:03:00+02:00,0.0,0.0,0.0,0.0,0.0,0.0,0.0,0.0,0.0,0.0,0.0,0.0,0.0,0.0,0.0,0.0,0.0,0.0,0.0,0.0,0.0,0.0,0.0,0.0,0.0,0.0,0.0,0.0,0.0,0.0,0.0,0.0,0.0,0.0,0.0,0.0,0.0,0.0,0.0,0.0,0.0,0.0,0.0,0.0,0.0,0.0,0.0,0.0,0.0,0.0,0.0,0.0,0.0,0.0,0.0,0.0,0.0,0.0,0.0,0.0,0.0,0.0,0.0,0.0,0.0,0.0,0.0,0.0,0.0,0.0,0.0,0.0,0.0,0.0,0.0,0.0,0.0,0.0,0.0,0.0,0.0,0.0,0.0,0.0,0.0,0.0,0.0,0.0,0.0,0.0,0.0,0.0,0.0,0.0,0.0,0.0,0.0,0.0,0.0,0.0,0.0,0.0,0.0,0.0,0.0,0.0,0.0,0.0,0.0,0.0,0.0,0.0,0.0,0.0,0.0,0.0,0.0,0.0
2017-05-27 23:04:00+02:00,0.0,0.0,0.0,0.0,0.0,0.0,0.0,0.0,0.0,0.0,0.0,0.0,0.0,0.0,0.0,0.0,0.0,0.0,0.0,0.0,0.0,0.0,0.0,0.0,0.0,0.0,0.0,0.0,0.0,0.0,0.0,0.0,0.0,0.0,0.0,0.0,0.0,0.0,0.0,0.0,0.0,0.0,0.0,0.0,0.0,0.0,0.0,0.0,0.0,0.0,0.0,0.0,0.0,0.0,0.0,0.0,0.0,0.0,0.0,0.0,0.0,0.0,0.0,0.0,0.0,0.0,0.0,0.0,0.0,0.0,0.0,0.0,0.0,0.0,0.0,0.0,0.0,0.0,0.0,0.0,0.0,0.0,0.0,0.0,0.0,0.0,0.0,0.0,0.0,0.0,0.0,0.0,0.0,0.0,0.0,0.0,0.0,0.0,0.0,0.0,0.0,0.0,0.0,0.0,0.0,0.0,0.0,0.0,0.0,0.0,0.0,0.0,0.0,0.0,0.0,0.0,0.0,0.0
2017-05-27 23:05:00+02:00,0.0,0.0,0.0,0.0,0.0,0.0,0.0,0.0,0.0,0.0,0.0,0.0,0.0,0.0,0.0,0.0,0.0,0.0,0.0,0.0,0.0,0.0,0.0,0.0,0.0,0.0,0.0,0.0,0.0,0.0,0.0,0.0,0.0,0.0,0.0,0.0,0.0,0.0,0.0,0.0,0.0,0.0,0.0,0.0,0.0,0.0,0.0,0.0,0.0,0.0,0.0,0.0,0.0,0.0,0.0,0.0,0.0,0.0,0.0,0.0,0.0,0.0,0.0,0.0,0.0,0.0,0.0,0.0,0.0,0.0,0.0,0.0,0.0,0.0,0.0,0.0,0.0,0.0,0.0,0.0,0.0,0.0,0.0,0.0,0.0,0.0,0.0,0.0,0.0,0.0,0.0,0.0,0.0,0.0,0.0,0.0,0.0,0.0,0.0,0.0,0.0,0.0,0.0,0.0,0.0,0.0,0.0,0.0,0.0,0.0,0.0,0.0,0.0,0.0,0.0,0.0,0.0,0.0
2017-05-27 23:06:00+02:00,0.0,0.0,0.0,0.0,0.0,0.0,0.0,0.0,0.0,0.0,0.0,0.0,0.0,0.0,0.0,0.0,0.0,0.0,0.0,0.0,0.0,0.0,0.0,0.0,0.0,0.0,0.0,0.0,0.0,0.0,0.0,0.0,0.0,0.0,0.0,0.0,0.0,0.0,0.0,0.0,0.0,0.0,0.0,0.0,0.0,0.0,0.0,0.0,0.0,0.0,0.0,0.0,0.0,0.0,0.0,0.0,0.0,0.0,0.0,0.0,0.0,0.0,0.0,0.0,0.0,0.0,0.0,0.0,0.0,0.0,0.0,0.0,0.0,0.0,0.0,0.0,0.0,0.0,0.0,0.0,0.0,0.0,0.0,0.0,0.0,0.0,0.0,0.0,0.0,0.0,0.0,0.0,0.0,0.0,0.0,0.0,0.0,0.0,0.0,0.0,0.0,0.0,0.0,0.0,0.0,0.0,0.0,0.0,0.0,0.0,0.0,0.0,0.0,0.0,0.0,0.0,0.0,0.0
2017-05-27 23:07:00+02:00,0.0,0.0,0.0,0.0,0.0,0.0,0.0,0.0,0.0,0.0,0.0,0.0,0.0,0.0,0.0,0.0,0.0,0.0,0.0,0.0,0.0,0.0,0.0,0.0,0.0,0.0,0.0,0.0,0.0,0.0,0.0,0.0,0.0,0.0,0.0,0.0,0.0,0.0,0.0,0.0,0.0,0.0,0.0,0.0,0.0,0.0,0.0,0.0,0.0,0.0,0.0,0.0,0.0,0.0,0.0,0.0,0.0,0.0,0.0,0.0,0.0,0.0,0.0,0.0,0.0,0.0,0.0,0.0,0.0,0.0,0.0,0.0,0.0,0.0,0.0,0.0,0.0,0.0,0.0,0.0,0.0,0.0,0.0,0.0,0.0,0.0,0.0,0.0,0.0,0.0,0.0,0.0,0.0,0.0,0.0,0.0,0.0,0.0,0.0,0.0,0.0,0.0,0.0,0.0,0.0,0.0,0.0,0.0,0.0,0.0,0.0,0.0,0.0,0.0,0.0,0.0,0.0,0.0
2017-05-27 23:08:00+02:00,0.0,0.0,0.0,0.0,0.0,0.0,0.0,0.0,0.0,0.0,0.0,0.0,0.0,0.0,0.0,0.0,0.0,0.0,0.0,0.0,0.0,0.0,0.0,0.0,0.0,0.0,0.0,0.0,0.0,0.0,0.0,0.0,0.0,0.0,0.0,0.0,0.0,0.0,0.0,0.0,0.0,0.0,0.0,0.0,0.0,0.0,0.0,0.0,0.0,0.0,0.0,0.0,0.0,0.0,0.0,0.0,0.0,0.0,0.0,0.0,0.0,0.0,0.0,0.0,0.0,0.0,0.0,0.0,0.0,0.0,0.0,0.0,0.0,0.0,0.0,0.0,0.0,0.0,0.0,0.0,0.0,0.0,0.0,0.0,0.0,0.0,0.0,0.0,0.0,0.0,0.0,0.0,0.0,0.0,0.0,0.0,0.0,0.0,0.0,0.0,0.0,0.0,0.0,0.0,0.0,0.0,0.0,0.0,0.0,0.0,0.0,0.0,0.0,0.0,0.0,0.0,0.0,0.0
2017-05-27 23:09:00+02:00,0.0,0.0,0.0,0.0,0.0,0.0,0.0,0.0,0.0,0.0,0.0,0.0,0.0,0.0,0.0,0.0,0.0,0.0,0.0,0.0,0.0,0.0,0.0,0.0,0.0,0.0,0.0,0.0,0.0,0.0,0.0,0.0,0.0,0.0,0.0,0.0,0.0,0.0,0.0,0.0,0.0,0.0,0.0,0.0,0.0,0.0,0.0,0.0,0.0,0.0,0.0,0.0,0.0,0.0,0.0,0.0,0.0,0.0,0.0,0.0,0.0,0.0,0.0,0.0,0.0,0.0,0.0,0.0,0.0,0.0,0.0,0.0,0.0,0.0,0.0,0.0,0.0,0.0,0.0,0.0,0.0,0.0,0.0,0.0,0.0,0.0,0.0,0.0,0.0,0.0,0.0,0.0,0.0,0.0,0.0,0.0,0.0,0.0,0.0,0.0,0.0,0.0,0.0,0.0,0.0,0.0,0.0,0.0,0.0,0.0,0.0,0.0,0.0,0.0,0.0,0.0,0.0,0.0
2017-05-27 23:10:00+02:00,0.0,0.0,0.0,0.0,0.0,0.0,0.0,0.0,0.0,0.0,0.0,0.0,0.0,0.0,0.0,0.0,0.0,0.0,0.0,0.0,0.0,0.0,0.0,0.0,0.0,0.0,0.0,0.0,0.0,0.0,0.0,0.0,0.0,0.0,0.0,0.0,0.0,0.0,0.0,0.0,0.0,0.0,0.0,0.0,0.0,0.0,0.0,0.0,0.0,0.0,0.0,0.0,0.0,0.0,0.0,0.0,0.0,0.0,0.0,0.0,0.0,0.0,0.0,0.0,0.0,0.0,0.0,0.0,0.0,0.0,0.0,0.0,0.0,0.0,0.0,0.0,0.0,0.0,0.0,0.0,0.0,0.0,0.0,0.0,0.0,0.0,0.0,0.0,0.0,0.0,0.0,0.0,0.0,0.0,0.0,0.0,0.0,0.0,0.0,0.0,0.0,0.0,0.0,0.0,0.0,0.0,0.0,0.0,0.0,0.0,0.0,0.0,0.0,0.0,0.0,0.0,0.0,0.0
2017-05-27 23:11:00+02:00,0.0,0.0,0.0,0.0,0.0,0.0,0.0,0.0,0.0,0.0,0.0,0.0,0.0,0.0,0.0,0.0,0.0,0.0,0.0,0.0,0.0,0.0,0.0,0.0,0.0,0.0,0.0,0.0,0.0,0.0,0.0,0.0,0.0,0.0,0.0,0.0,0.0,0.0,0.0,0.0,0.0,0.0,0.0,0.0,0.0,0.0,0.0,0.0,0.0,0.0,0.0,0.0,0.0,0.0,0.0,0.0,0.0,0.0,0.0,0.0,0.0,0.0,0.0,0.0,0.0,0.0,0.0,0.0,0.0,0.0,0.0,0.0,0.0,0.0,0.0,0.0,0.0,0.0,0.0,0.0,0.0,0.0,0.0,0.0,0.0,0.0,0.0,0.0,0.0,0.0,0.0,0.0,0.0,0.0,0.0,0.0,0.0,0.0,0.0,0.0,0.0,0.0,0.0,0.0,0.0,0.0,0.0,0.0,0.0,0.0,0.0,0.0,0.0,0.0,0.0,0.0,0.0,0.0
2017-05-27 23:12:00+02:00,0.0,0.0,0.0,0.0,0.0,0.0,0.0,0.0,0.0,0.0,0.0,0.0,0.0,0.0,0.0,0.0,0.0,0.0,0.0,0.0,0.0,0.0,0.0,0.0,0.0,0.0,0.0,0.0,0.0,0.0,0.0,0.0,0.0,0.0,0.0,0.0,0.0,0.0,0.0,0.0,0.0,0.0,0.0,0.0,0.0,0.0,0.0,0.0,0.0,0.0,0.0,0.0,0.0,0.0,0.0,0.0,0.0,0.0,0.0,0.0,0.0,0.0,0.0,0.0,0.0,0.0,0.0,0.0,0.0,0.0,0.0,0.0,0.0,0.0,0.0,0.0,0.0,0.0,0.0,0.0,0.0,0.0,0.0,0.0,0.0,0.0,0.0,0.0,0.0,0.0,0.0,0.0,0.0,0.0,0.0,0.0,0.0,0.0,0.0,0.0,0.0,0.0,0.0,0.0,0.0,0.0,0.0,0.0,0.0,0.0,0.0,0.0,0.0,0.0,0.0,0.0,0.0,0.0
2017-05-27 23:13:00+02:00,0.0,0.0,0.0,0.0,0.0,0.0,0.0,0.0,0.0,0.0,0.0,0.0,0.0,0.0,0.0,0.0,0.0,0.0,0.0,0.0,0.0,0.0,0.0,0.0,0.0,0.0,0.0,0.0,0.0,0.0,0.0,0.0,0.0,0.0,0.0,0.0,0.0,0.0,0.0,0.0,0.0,0.0,0.0,0.0,0.0,0.0,0.0,0.0,0.0,0.0,0.0,0.0,0.0,0.0,0.0,0.0,0.0,0.0,0.0,0.0,0.0,0.0,0.0,0.0,0.0,0.0,0.0,0.0,0.0,0.0,0.0,0.0,0.0,0.0,0.0,0.0,0.0,0.0,0.0,0.0,0.0,0.0,0.0,0.0,0.0,0.0,0.0,0.0,0.0,0.0,0.0,0.0,0.0,0.0,0.0,0.0,0.0,0.0,0.0,0.0,0.0,0.0,0.0,0.0,0.0,0.0,0.0,0.0,0.0,0.0,0.0,0.0,0.0,0.0,0.0,0.0,0.0,0.0
2017-05-27 23:14:00+02:00,0.0,0.0,0.0,0.0,0.0,0.0,0.0,0.0,0.0,0.0,0.0,0.0,0.0,0.0,0.0,0.0,0.0,0.0,0.0,0.0,0.0,0.0,0.0,0.0,0.0,0.0,0.0,0.0,0.0,0.0,0.0,0.0,0.0,0.0,0.0,0.0,0.0,0.0,0.0,0.0,0.0,0.0,0.0,0.0,0.0,0.0,0.0,0.0,0.0,0.0,0.0,0.0,0.0,0.0,0.0,0.0,0.0,0.0,0.0,0.0,0.0,0.0,0.0,0.0,0.0,0.0,0.0,0.0,0.0,0.0,0.0,0.0,0.0,0.0,0.0,0.0,0.0,0.0,0.0,0.0,0.0,0.0,0.0,0.0,0.0,0.0,0.0,0.0,0.0,0.0,0.0,0.0,0.0,0.0,0.0,0.0,0.0,0.0,0.0,0.0,0.0,0.0,0.0,0.0,0.0,0.0,0.0,0.0,0.0,0.0,0.0,0.0,0.0,0.0,0.0,0.0,0.0,0.0
2017-05-27 23:15:00+02:00,0.0,0.0,0.0,0.0,0.0,0.0,0.0,0.0,0.0,0.0,0.0,0.0,0.0,0.0,0.0,0.0,0.0,0.0,0.0,0.0,0.0,0.0,0.0,0.0,0.0,0.0,0.0,0.0,0.0,0.0,0.0,0.0,0.0,0.0,0.0,0.0,0.0,0.0,0.0,0.0,0.0,0.0,0.0,0.0,0.0,0.0,0.0,0.0,0.0,0.0,0.0,0.0,0.0,0.0,0.0,0.0,0.0,0.0,0.0,0.0,0.0,0.0,0.0,0.0,0.0,0.0,0.0,0.0,0.0,0.0,0.0,0.0,0.0,0.0,0.0,0.0,0.0,0.0,0.0,0.0,0.0,0.0,0.0,0.0,0.0,0.0,0.0,0.0,0.0,0.0,0.0,0.0,0.0,0.0,0.0,0.0,0.0,0.0,0.0,0.0,0.0,0.0,0.0,0.0,0.0,0.0,0.0,0.0,0.0,0.0,0.0,0.0,0.0,0.0,0.0,0.0,0.0,0.0
2017-05-27 23:16:00+02:00,0.0,0.0,0.0,0.0,0.0,0.0,0.0,0.0,0.0,0.0,0.0,0.0,0.0,0.0,0.0,0.0,0.0,0.0,0.0,0.0,0.0,0.0,0.0,0.0,0.0,0.0,0.0,0.0,0.0,0.0,0.0,0.0,0.0,0.0,0.0,0.0,0.0,0.0,0.0,0.0,0.0,0.0,0.0,0.0,0.0,0.0,0.0,0.0,0.0,0.0,0.0,0.0,0.0,0.0,0.0,0.0,0.0,0.0,0.0,0.0,0.0,0.0,0.0,0.0,0.0,0.0,0.0,0.0,0.0,0.0,0.0,0.0,0.0,0.0,0.0,0.0,0.0,0.0,0.0,0.0,0.0,0.0,0.0,0.0,0.0,0.0,0.0,0.0,0.0,0.0,0.0,0.0,0.0,0.0,0.0,0.0,0.0,0.0,0.0,0.0,0.0,0.0,0.0,0.0,0.0,0.0,0.0,0.0,0.0,0.0,0.0,0.0,0.0,0.0,0.0,0.0,0.0,0.0
2017-05-27 23:17:00+02:00,0.0,0.0,0.0,0.0,0.0,0.0,0.0,0.0,0.0,0.0,0.0,0.0,0.0,0.0,0.0,0.0,0.0,0.0,0.0,0.0,0.0,0.0,0.0,0.0,0.0,0.0,0.0,0.0,0.0,0.0,0.0,0.0,0.0,0.0,0.0,0.0,0.0,0.0,0.0,0.0,0.0,0.0,0.0,0.0,0.0,0.0,0.0,0.0,0.0,0.0,0.0,0.0,0.0,0.0,0.0,0.0,0.0,0.0,0.0,0.0,0.0,0.0,0.0,0.0,0.0,0.0,0.0,0.0,0.0,0.0,0.0,0.0,0.0,0.0,0.0,0.0,0.0,0.0,0.0,0.0,0.0,0.0,0.0,0.0,0.0,0.0,0.0,0.0,0.0,0.0,0.0,0.0,0.0,0.0,0.0,0.0,0.0,0.0,0.0,0.0,0.0,0.0,0.0,0.0,0.0,0.0,0.0,0.0,0.0,0.0,0.0,0.0,0.0,0.0,0.0,0.0,0.0,0.0
2017-05-27 23:18:00+02:00,0.0,0.0,0.0,0.0,0.0,0.0,0.0,0.0,0.0,0.0,0.0,0.0,0.0,0.0,0.0,0.0,0.0,0.0,0.0,0.0,0.0,0.0,0.0,0.0,0.0,0.0,0.0,0.0,0.0,0.0,0.0,0.0,0.0,0.0,0.0,0.0,0.0,0.0,0.0,0.0,0.0,0.0,0.0,0.0,0.0,0.0,0.0,0.0,0.0,0.0,0.0,0.0,0.0,0.0,0.0,0.0,0.0,0.0,0.0,0.0,0.0,0.0,0.0,0.0,0.0,0.0,0.0,0.0,0.0,0.0,0.0,0.0,0.0,0.0,0.0,0.0,0.0,0.0,0.0,0.0,0.0,0.0,0.0,0.0,0.0,0.0,0.0,0.0,0.0,0.0,0.0,0.0,0.0,0.0,0.0,0.0,0.0,0.0,0.0,0.0,0.0,0.0,0.0,0.0,0.0,0.0,0.0,0.0,0.0,0.0,0.0,0.0,0.0,0.0,0.0,0.0,0.0,0.0
2017-05-27 23:19:00+02:00,0.0,0.0,0.0,0.0,0.0,0.0,0.0,0.0,0.0,0.0,0.0,0.0,0.0,0.0,0.0,0.0,0.0,0.0,0.0,0.0,0.0,0.0,0.0,0.0,0.0,0.0,0.0,0.0,0.0,0.0,0.0,0.0,0.0,0.0,0.0,0.0,0.0,0.0,0.0,0.0,0.0,0.0,0.0,0.0,0.0,0.0,0.0,0.0,0.0,0.0,0.0,0.0,0.0,0.0,0.0,0.0,0.0,0.0,0.0,0.0,0.0,0.0,0.0,0.0,0.0,0.0,0.0,0.0,0.0,0.0,0.0,0.0,0.0,0.0,0.0,0.0,0.0,0.0,0.0,0.0,0.0,0.0,0.0,0.0,0.0,0.0,0.0,0.0,0.0,0.0,0.0,0.0,0.0,0.0,0.0,0.0,0.0,0.0,0.0,0.0,0.0,0.0,0.0,0.0,0.0,0.0,0.0,0.0,0.0,0.0,0.0,0.0,0.0,0.0,0.0,0.0,0.0,0.0
2017-05-27 23:20:00+02:00,0.0,0.0,0.0,0.0,0.0,0.0,0.0,0.0,0.0,0.0,0.0,0.0,0.0,0.0,0.0,0.0,0.0,0.0,0.0,0.0,0.0,0.0,0.0,0.0,0.0,0.0,0.0,0.0,0.0,0.0,0.0,0.0,0.0,0.0,0.0,0.0,0.0,0.0,0.0,0.0,0.0,0.0,0.0,0.0,0.0,0.0,0.0,0.0,0.0,0.0,0.0,0.0,0.0,0.0,0.0,0.0,0.0,0.0,0.0,0.0,0.0,0.0,0.0,0.0,0.0,0.0,0.0,0.0,0.0,0.0,0.0,0.0,0.0,0.0,0.0,0.0,0.0,0.0,0.0,0.0,0.0,0.0,0.0,0.0,0.0,0.0,0.0,0.0,0.0,0.0,0.0,0.0,0.0,0.0,0.0,0.0,0.0,0.0,0.0,0.0,0.0,0.0,0.0,0.0,0.0,0.0,0.0,0.0,0.0,0.0,0.0,0.0,0.0,0.0,0.0,0.0,0.0,0.0
2017-05-27 23:21:00+02:00,0.0,0.0,0.0,0.0,0.0,0.0,0.0,0.0,0.0,0.0,0.0,0.0,0.0,0.0,0.0,0.0,0.0,0.0,0.0,0.0,0.0,0.0,0.0,0.0,0.0,0.0,0.0,0.0,0.0,0.0,0.0,0.0,0.0,0.0,0.0,0.0,0.0,0.0,0.0,0.0,0.0,0.0,0.0,0.0,0.0,0.0,0.0,0.0,0.0,0.0,0.0,0.0,0.0,0.0,0.0,0.0,0.0,0.0,0.0,0.0,0.0,0.0,0.0,0.0,0.0,0.0,0.0,0.0,0.0,0.0,0.0,0.0,0.0,0.0,0.0,0.0,0.0,0.0,0.0,0.0,0.0,0.0,0.0,0.0,0.0,0.0,0.0,0.0,0.0,0.0,0.0,0.0,0.0,0.0,0.0,0.0,0.0,0.0,0.0,0.0,0.0,0.0,0.0,0.0,0.0,0.0,0.0,0.0,0.0,0.0,0.0,0.0,0.0,0.0,0.0,0.0,0.0,0.0
2017-05-27 23:22:00+02:00,0.0,0.0,0.0,0.0,0.0,0.0,0.0,0.0,0.0,0.0,0.0,0.0,0.0,0.0,0.0,0.0,0.0,0.0,0.0,0.0,0.0,0.0,0.0,0.0,0.0,0.0,0.0,0.0,0.0,0.0,0.0,0.0,0.0,0.0,0.0,0.0,0.0,0.0,0.0,0.0,0.0,0.0,0.0,0.0,0.0,0.0,0.0,0.0,0.0,0.0,0.0,0.0,0.0,0.0,0.0,0.0,0.0,0.0,0.0,0.0,0.0,0.0,0.0,0.0,0.0,0.0,0.0,0.0,0.0,0.0,0.0,0.0,0.0,0.0,0.0,0.0,0.0,0.0,0.0,0.0,0.0,0.0,0.0,0.0,0.0,0.0,0.0,0.0,0.0,0.0,0.0,0.0,0.0,0.0,0.0,0.0,0.0,0.0,0.0,0.0,0.0,0.0,0.0,0.0,0.0,0.0,0.0,0.0,0.0,0.0,0.0,0.0,0.0,0.0,0.0,0.0,0.0,0.0
2017-05-27 23:23:00+02:00,0.0,0.0,0.0,0.0,0.0,0.0,0.0,0.0,0.0,0.0,0.0,0.0,0.0,0.0,0.0,0.0,0.0,0.0,0.0,0.0,0.0,0.0,0.0,0.0,0.0,0.0,0.0,0.0,0.0,0.0,0.0,0.0,0.0,0.0,0.0,0.0,0.0,0.0,0.0,0.0,0.0,0.0,0.0,0.0,0.0,0.0,0.0,0.0,0.0,0.0,0.0,0.0,0.0,0.0,0.0,0.0,0.0,0.0,0.0,0.0,0.0,0.0,0.0,0.0,0.0,0.0,0.0,0.0,0.0,0.0,0.0,0.0,0.0,0.0,0.0,0.0,0.0,0.0,0.0,0.0,0.0,0.0,0.0,0.0,0.0,0.0,0.0,0.0,0.0,0.0,0.0,0.0,0.0,0.0,0.0,0.0,0.0,0.0,0.0,0.0,0.0,0.0,0.0,0.0,0.0,0.0,0.0,0.0,0.0,0.0,0.0,0.0,0.0,0.0,0.0,0.0,0.0,0.0
2017-05-27 23:24:00+02:00,0.0,0.0,0.0,0.0,0.0,0.0,0.0,0.0,0.0,0.0,0.0,0.0,0.0,0.0,0.0,0.0,0.0,0.0,0.0,0.0,0.0,0.0,0.0,0.0,0.0,0.0,0.0,0.0,0.0,0.0,0.0,0.0,0.0,0.0,0.0,0.0,0.0,0.0,0.0,0.0,0.0,0.0,0.0,0.0,0.0,0.0,0.0,0.0,0.0,0.0,0.0,0.0,0.0,0.0,0.0,0.0,0.0,0.0,0.0,0.0,0.0,0.0,0.0,0.0,0.0,0.0,0.0,0.0,0.0,0.0,0.0,0.0,0.0,0.0,0.0,0.0,0.0,0.0,0.0,0.0,0.0,0.0,0.0,0.0,0.0,0.0,0.0,0.0,0.0,0.0,0.0,0.0,0.0,0.0,0.0,0.0,0.0,0.0,0.0,0.0,0.0,0.0,0.0,0.0,0.0,0.0,0.0,0.0,0.0,0.0,0.0,0.0,0.0,0.0,0.0,0.0,0.0,0.0
2017-05-27 23:25:00+02:00,0.0,0.0,0.0,0.0,0.0,0.0,0.0,0.0,0.0,0.0,0.0,0.0,0.0,0.0,0.0,0.0,0.0,0.0,0.0,0.0,0.0,0.0,0.0,0.0,0.0,0.0,0.0,0.0,0.0,0.0,0.0,0.0,0.0,0.0,0.0,0.0,0.0,0.0,0.0,0.0,0.0,0.0,0.0,0.0,0.0,0.0,0.0,0.0,0.0,0.0,0.0,0.0,0.0,0.0,0.0,0.0,0.0,0.0,0.0,0.0,0.0,0.0,0.0,0.0,0.0,0.0,0.0,0.0,0.0,0.0,0.0,0.0,0.0,0.0,0.0,0.0,0.0,0.0,0.0,0.0,0.0,0.0,0.0,0.0,0.0,0.0,0.0,0.0,0.0,0.0,0.0,0.0,0.0,0.0,0.0,0.0,0.0,0.0,0.0,0.0,0.0,0.0,0.0,0.0,0.0,0.0,0.0,0.0,0.0,0.0,0.0,0.0,0.0,0.0,0.0,0.0,0.0,0.0
2017-05-27 23:26:00+02:00,0.0,0.0,0.0,0.0,0.0,0.0,0.0,0.0,0.0,0.0,0.0,0.0,0.0,0.0,0.0,0.0,0.0,0.0,0.0,0.0,0.0,0.0,0.0,0.0,0.0,0.0,0.0,0.0,0.0,0.0,0.0,0.0,0.0,0.0,0.0,0.0,0.0,0.0,0.0,0.0,0.0,0.0,0.0,0.0,0.0,0.0,0.0,0.0,0.0,0.0,0.0,0.0,0.0,0.0,0.0,0.0,0.0,0.0,0.0,0.0,0.0,0.0,0.0,0.0,0.0,0.0,0.0,0.0,0.0,0.0,0.0,0.0,0.0,0.0,0.0,0.0,0.0,0.0,0.0,0.0,0.0,0.0,0.0,0.0,0.0,0.0,0.0,0.0,0.0,0.0,0.0,0.0,0.0,0.0,0.0,0.0,0.0,0.0,0.0,0.0,0.0,0.0,0.0,0.0,0.0,0.0,0.0,0.0,0.0,0.0,0.0,0.0,0.0,0.0,0.0,0.0,0.0,0.0
2017-05-27 23:27:00+02:00,0.0,0.0,0.0,0.0,0.0,0.0,0.0,0.0,0.0,0.0,0.0,0.0,0.0,0.0,0.0,0.0,0.0,0.0,0.0,0.0,0.0,0.0,0.0,0.0,0.0,0.0,0.0,0.0,0.0,0.0,0.0,0.0,0.0,0.0,0.0,0.0,0.0,0.0,0.0,0.0,0.0,0.0,0.0,0.0,0.0,0.0,0.0,0.0,0.0,0.0,0.0,0.0,0.0,0.0,0.0,0.0,0.0,0.0,0.0,0.0,0.0,0.0,0.0,0.0,0.0,0.0,0.0,0.0,0.0,0.0,0.0,0.0,0.0,0.0,0.0,0.0,0.0,0.0,0.0,0.0,0.0,0.0,0.0,0.0,0.0,0.0,0.0,0.0,0.0,0.0,0.0,0.0,0.0,0.0,0.0,0.0,0.0,0.0,0.0,0.0,0.0,0.0,0.0,0.0,0.0,0.0,0.0,0.0,0.0,0.0,0.0,0.0,0.0,0.0,0.0,0.0,0.0,0.0
2017-05-27 23:28:00+02:00,0.0,0.0,0.0,0.0,0.0,0.0,0.0,0.0,0.0,0.0,0.0,0.0,0.0,0.0,0.0,0.0,0.0,0.0,0.0,0.0,0.0,0.0,0.0,0.0,0.0,0.0,0.0,0.0,0.0,0.0,0.0,0.0,0.0,0.0,0.0,0.0,0.0,0.0,0.0,0.0,0.0,0.0,0.0,0.0,0.0,0.0,0.0,0.0,0.0,0.0,0.0,0.0,0.0,0.0,0.0,0.0,0.0,0.0,0.0,0.0,0.0,0.0,0.0,0.0,0.0,0.0,0.0,0.0,0.0,0.0,0.0,0.0,0.0,0.0,0.0,0.0,0.0,0.0,0.0,0.0,0.0,0.0,0.0,0.0,0.0,0.0,0.0,0.0,0.0,0.0,0.0,0.0,0.0,0.0,0.0,0.0,0.0,0.0,0.0,0.0,0.0,0.0,0.0,0.0,0.0,0.0,0.0,0.0,0.0,0.0,0.0,0.0,0.0,0.0,0.0,0.0,0.0,0.0
2017-05-27 23:29:00+02:00,0.0,0.0,0.0,0.0,0.0,0.0,0.0,0.0,0.0,0.0,0.0,0.0,0.0,0.0,0.0,0.0,0.0,0.0,0.0,0.0,0.0,0.0,0.0,0.0,0.0,0.0,0.0,0.0,0.0,0.0,0.0,0.0,0.0,0.0,0.0,0.0,0.0,0.0,0.0,0.0,0.0,0.0,0.0,0.0,0.0,0.0,0.0,0.0,0.0,0.0,0.0,0.0,0.0,0.0,0.0,0.0,0.0,0.0,0.0,0.0,0.0,0.0,0.0,0.0,0.0,0.0,0.0,0.0,0.0,0.0,0.0,0.0,0.0,0.0,0.0,0.0,0.0,0.0,0.0,0.0,0.0,0.0,0.0,0.0,0.0,0.0,0.0,0.0,0.0,0.0,0.0,0.0,0.0,0.0,0.0,0.0,0.0,0.0,0.0,0.0,0.0,0.0,0.0,0.0,0.0,0.0,0.0,0.0,0.0,0.0,0.0,0.0,0.0,0.0,0.0,0.0,0.0,0.0
2017-05-27 23:30:00+02:00,0.0,0.0,0.0,0.0,0.0,0.0,0.0,0.0,0.0,0.0,0.0,0.0,0.0,0.0,0.0,0.0,0.0,0.0,0.0,0.0,0.0,0.0,0.0,0.0,0.0,0.0,0.0,0.0,0.0,0.0,0.0,0.0,0.0,0.0,0.0,0.0,0.0,0.0,0.0,0.0,0.0,0.0,0.0,0.0,0.0,0.0,0.0,0.0,0.0,0.0,0.0,0.0,0.0,0.0,0.0,0.0,0.0,0.0,0.0,0.0,0.0,0.0,0.0,0.0,0.0,0.0,0.0,0.0,0.0,0.0,0.0,0.0,0.0,0.0,0.0,0.0,0.0,0.0,0.0,0.0,0.0,0.0,0.0,0.0,0.0,0.0,0.0,0.0,0.0,0.0,0.0,0.0,0.0,0.0,0.0,0.0,0.0,0.0,0.0,0.0,0.0,0.0,0.0,0.0,0.0,0.0,0.0,0.0,0.0,0.0,0.0,0.0,0.0,0.0,0.0,0.0,0.0,0.0
2017-05-27 23:31:00+02:00,0.0,0.0,0.0,0.0,0.0,0.0,0.0,0.0,0.0,0.0,0.0,0.0,0.0,0.0,0.0,0.0,0.0,0.0,0.0,0.0,0.0,0.0,0.0,0.0,0.0,0.0,0.0,0.0,0.0,0.0,0.0,0.0,0.0,0.0,0.0,0.0,0.0,0.0,0.0,0.0,0.0,0.0,0.0,0.0,0.0,0.0,0.0,0.0,0.0,0.0,0.0,0.0,0.0,0.0,0.0,0.0,0.0,0.0,0.0,0.0,0.0,0.0,0.0,0.0,0.0,0.0,0.0,0.0,0.0,0.0,0.0,0.0,0.0,0.0,0.0,0.0,0.0,0.0,0.0,0.0,0.0,0.0,0.0,0.0,0.0,0.0,0.0,0.0,0.0,0.0,0.0,0.0,0.0,0.0,0.0,0.0,0.0,0.0,0.0,0.0,0.0,0.0,0.0,0.0,0.0,0.0,0.0,0.0,0.0,0.0,0.0,0.0,0.0,0.0,0.0,0.0,0.0,0.0
2017-05-27 23:32:00+02:00,0.0,0.0,0.0,0.0,0.0,0.0,0.0,0.0,0.0,0.0,0.0,0.0,0.0,0.0,0.0,0.0,0.0,0.0,0.0,0.0,0.0,0.0,0.0,0.0,0.0,0.0,0.0,0.0,0.0,0.0,0.0,0.0,0.0,0.0,0.0,0.0,0.0,0.0,0.0,0.0,0.0,0.0,0.0,0.0,0.0,0.0,0.0,0.0,0.0,0.0,0.0,0.0,0.0,0.0,0.0,0.0,0.0,0.0,0.0,0.0,0.0,0.0,0.0,0.0,0.0,0.0,0.0,0.0,0.0,0.0,0.0,0.0,0.0,0.0,0.0,0.0,0.0,0.0,0.0,0.0,0.0,0.0,0.0,0.0,0.0,0.0,0.0,0.0,0.0,0.0,0.0,0.0,0.0,0.0,0.0,0.0,0.0,0.0,0.0,0.0,0.0,0.0,0.0,0.0,0.0,0.0,0.0,0.0,0.0,0.0,0.0,0.0,0.0,0.0,0.0,0.0,0.0,0.0
2017-05-27 23:33:00+02:00,0.0,0.0,0.0,0.0,0.0,0.0,0.0,0.0,0.0,0.0,0.0,0.0,0.0,0.0,0.0,0.0,0.0,0.0,0.0,0.0,0.0,0.0,0.0,0.0,0.0,0.0,0.0,0.0,0.0,0.0,0.0,0.0,0.0,0.0,0.0,0.0,0.0,0.0,0.0,0.0,0.0,0.0,0.0,0.0,0.0,0.0,0.0,0.0,0.0,0.0,0.0,0.0,0.0,0.0,0.0,0.0,0.0,0.0,0.0,0.0,0.0,0.0,0.0,0.0,0.0,0.0,0.0,0.0,0.0,0.0,0.0,0.0,0.0,0.0,0.0,0.0,0.0,0.0,0.0,0.0,0.0,0.0,0.0,0.0,0.0,0.0,0.0,0.0,0.0,0.0,0.0,0.0,0.0,0.0,0.0,0.0,0.0,0.0,0.0,0.0,0.0,0.0,0.0,0.0,0.0,0.0,0.0,0.0,0.0,0.0,0.0,0.0,0.0,0.0,0.0,0.0,0.0,0.0
2017-05-27 23:34:00+02:00,0.0,0.0,0.0,0.0,0.0,0.0,0.0,0.0,0.0,0.0,0.0,0.0,0.0,0.0,0.0,0.0,0.0,0.0,0.0,0.0,0.0,0.0,0.0,0.0,0.0,0.0,0.0,0.0,0.0,0.0,0.0,0.0,0.0,0.0,0.0,0.0,0.0,0.0,0.0,0.0,0.0,0.0,0.0,0.0,0.0,0.0,0.0,0.0,0.0,0.0,0.0,0.0,0.0,0.0,0.0,0.0,0.0,0.0,0.0,0.0,0.0,0.0,0.0,0.0,0.0,0.0,0.0,0.0,0.0,0.0,0.0,0.0,0.0,0.0,0.0,0.0,0.0,0.0,0.0,0.0,0.0,0.0,0.0,0.0,0.0,0.0,0.0,0.0,0.0,0.0,0.0,0.0,0.0,0.0,0.0,0.0,0.0,0.0,0.0,0.0,0.0,0.0,0.0,0.0,0.0,0.0,0.0,0.0,0.0,0.0,0.0,0.0,0.0,0.0,0.0,0.0,0.0,0.0
2017-05-27 23:35:00+02:00,0.0,0.0,0.0,0.0,0.0,0.0,0.0,0.0,0.0,0.0,0.0,0.0,0.0,0.0,0.0,0.0,0.0,0.0,0.0,0.0,0.0,0.0,0.0,0.0,0.0,0.0,0.0,0.0,0.0,0.0,0.0,0.0,0.0,0.0,0.0,0.0,0.0,0.0,0.0,0.0,0.0,0.0,0.0,0.0,0.0,0.0,0.0,0.0,0.0,0.0,0.0,0.0,0.0,0.0,0.0,0.0,0.0,0.0,0.0,0.0,0.0,0.0,0.0,0.0,0.0,0.0,0.0,0.0,0.0,0.0,0.0,0.0,0.0,0.0,0.0,0.0,0.0,0.0,0.0,0.0,0.0,0.0,0.0,0.0,0.0,0.0,0.0,0.0,0.0,0.0,0.0,0.0,0.0,0.0,0.0,0.0,0.0,0.0,0.0,0.0,0.0,0.0,0.0,0.0,0.0,0.0,0.0,0.0,0.0,0.0,0.0,0.0,0.0,0.0,0.0,0.0,0.0,0.0
2017-05-27 23:36:00+02:00,0.0,0.0,0.0,0.0,0.0,0.0,0.0,0.0,0.0,0.0,0.0,0.0,0.0,0.0,0.0,0.0,0.0,0.0,0.0,0.0,0.0,0.0,0.0,0.0,0.0,0.0,0.0,0.0,0.0,0.0,0.0,0.0,0.0,0.0,0.0,0.0,0.0,0.0,0.0,0.0,0.0,0.0,0.0,0.0,0.0,0.0,0.0,0.0,0.0,0.0,0.0,0.0,0.0,0.0,0.0,0.0,0.0,0.0,0.0,0.0,0.0,0.0,0.0,0.0,0.0,0.0,0.0,0.0,0.0,0.0,0.0,0.0,0.0,0.0,0.0,0.0,0.0,0.0,0.0,0.0,0.0,0.0,0.0,0.0,0.0,0.0,0.0,0.0,0.0,0.0,0.0,0.0,0.0,0.0,0.0,0.0,0.0,0.0,0.0,0.0,0.0,0.0,0.0,0.0,0.0,0.0,0.0,0.0,0.0,0.0,0.0,0.0,0.0,0.0,0.0,0.0,0.0,0.0
2017-05-27 23:37:00+02:00,0.0,0.0,0.0,0.0,0.0,0.0,0.0,0.0,0.0,0.0,0.0,0.0,0.0,0.0,0.0,0.0,0.0,0.0,0.0,0.0,0.0,0.0,0.0,0.0,0.0,0.0,0.0,0.0,0.0,0.0,0.0,0.0,0.0,0.0,0.0,0.0,0.0,0.0,0.0,0.0,0.0,0.0,0.0,0.0,0.0,0.0,0.0,0.0,0.0,0.0,0.0,0.0,0.0,0.0,0.0,0.0,0.0,0.0,0.0,0.0,0.0,0.0,0.0,0.0,0.0,0.0,0.0,0.0,0.0,0.0,0.0,0.0,0.0,0.0,0.0,0.0,0.0,0.0,0.0,0.0,0.0,0.0,0.0,0.0,0.0,0.0,0.0,0.0,0.0,0.0,0.0,0.0,0.0,0.0,0.0,0.0,0.0,0.0,0.0,0.0,0.0,0.0,0.0,0.0,0.0,0.0,0.0,0.0,0.0,0.0,0.0,0.0,0.0,0.0,0.0,0.0,0.0,0.0
2017-05-27 23:38:00+02:00,0.0,0.0,0.0,0.0,0.0,0.0,0.0,0.0,0.0,0.0,0.0,0.0,0.0,0.0,0.0,0.0,0.0,0.0,0.0,0.0,0.0,0.0,0.0,0.0,0.0,0.0,0.0,0.0,0.0,0.0,0.0,0.0,0.0,0.0,0.0,0.0,0.0,0.0,0.0,0.0,0.0,0.0,0.0,0.0,0.0,0.0,0.0,0.0,0.0,0.0,0.0,0.0,0.0,0.0,0.0,0.0,0.0,0.0,0.0,0.0,0.0,0.0,0.0,0.0,0.0,0.0,0.0,0.0,0.0,0.0,0.0,0.0,0.0,0.0,0.0,0.0,0.0,0.0,0.0,0.0,0.0,0.0,0.0,0.0,0.0,0.0,0.0,0.0,0.0,0.0,0.0,0.0,0.0,0.0,0.0,0.0,0.0,0.0,0.0,0.0,0.0,0.0,0.0,0.0,0.0,0.0,0.0,0.0,0.0,0.0,0.0,0.0,0.0,0.0,0.0,0.0,0.0,0.0
2017-05-27 23:39:00+02:00,0.0,0.0,0.0,0.0,0.0,0.0,0.0,0.0,0.0,0.0,0.0,0.0,0.0,0.0,0.0,0.0,0.0,0.0,0.0,0.0,0.0,0.0,0.0,0.0,0.0,0.0,0.0,0.0,0.0,0.0,0.0,0.0,0.0,0.0,0.0,0.0,0.0,0.0,0.0,0.0,0.0,0.0,0.0,0.0,0.0,0.0,0.0,0.0,0.0,0.0,0.0,0.0,0.0,0.0,0.0,0.0,0.0,0.0,0.0,0.0,0.0,0.0,0.0,0.0,0.0,0.0,0.0,0.0,0.0,0.0,0.0,0.0,0.0,0.0,0.0,0.0,0.0,0.0,0.0,0.0,0.0,0.0,0.0,0.0,0.0,0.0,0.0,0.0,0.0,0.0,0.0,0.0,0.0,0.0,0.0,0.0,0.0,0.0,0.0,0.0,0.0,0.0,0.0,0.0,0.0,0.0,0.0,0.0,0.0,0.0,0.0,0.0,0.0,0.0,0.0,0.0,0.0,0.0
2017-05-27 23:40:00+02:00,0.0,0.0,0.0,0.0,0.0,0.0,0.0,0.0,0.0,0.0,0.0,0.0,0.0,0.0,0.0,0.0,0.0,0.0,0.0,0.0,0.0,0.0,0.0,0.0,0.0,0.0,0.0,0.0,0.0,0.0,0.0,0.0,0.0,0.0,0.0,0.0,0.0,0.0,0.0,0.0,0.0,0.0,0.0,0.0,0.0,0.0,0.0,0.0,0.0,0.0,0.0,0.0,0.0,0.0,0.0,0.0,0.0,0.0,0.0,0.0,0.0,0.0,0.0,0.0,0.0,0.0,0.0,0.0,0.0,0.0,0.0,0.0,0.0,0.0,0.0,0.0,0.0,0.0,0.0,0.0,0.0,0.0,0.0,0.0,0.0,0.0,0.0,0.0,0.0,0.0,0.0,0.0,0.0,0.0,0.0,0.0,0.0,0.0,0.0,0.0,0.0,0.0,0.0,0.0,0.0,0.0,0.0,0.0,0.0,0.0,0.0,0.0,0.0,0.0,0.0,0.0,0.0,0.0
2017-05-27 23:41:00+02:00,0.0,0.0,0.0,0.0,0.0,0.0,0.0,0.0,0.0,0.0,0.0,0.0,0.0,0.0,0.0,0.0,0.0,0.0,0.0,0.0,0.0,0.0,0.0,0.0,0.0,0.0,0.0,0.0,0.0,0.0,0.0,0.0,0.0,0.0,0.0,0.0,0.0,0.0,0.0,0.0,0.0,0.0,0.0,0.0,0.0,0.0,0.0,0.0,0.0,0.0,0.0,0.0,0.0,0.0,0.0,0.0,0.0,0.0,0.0,0.0,0.0,0.0,0.0,0.0,0.0,0.0,0.0,0.0,0.0,0.0,0.0,0.0,0.0,0.0,0.0,0.0,0.0,0.0,0.0,0.0,0.0,0.0,0.0,0.0,0.0,0.0,0.0,0.0,0.0,0.0,0.0,0.0,0.0,0.0,0.0,0.0,0.0,0.0,0.0,0.0,0.0,0.0,0.0,0.0,0.0,0.0,0.0,0.0,0.0,0.0,0.0,0.0,0.0,0.0,0.0,0.0,0.0,0.0
2017-05-27 23:42:00+02:00,0.0,0.0,0.0,0.0,0.0,0.0,0.0,0.0,0.0,0.0,0.0,0.0,0.0,0.0,0.0,0.0,0.0,0.0,0.0,0.0,0.0,0.0,0.0,0.0,0.0,0.0,0.0,0.0,0.0,0.0,0.0,0.0,0.0,0.0,0.0,0.0,0.0,0.0,0.0,0.0,0.0,0.0,0.0,0.0,0.0,0.0,0.0,0.0,0.0,0.0,0.0,0.0,0.0,0.0,0.0,0.0,0.0,0.0,0.0,0.0,0.0,0.0,0.0,0.0,0.0,0.0,0.0,0.0,0.0,0.0,0.0,0.0,0.0,0.0,0.0,0.0,0.0,0.0,0.0,0.0,0.0,0.0,0.0,0.0,0.0,0.0,0.0,0.0,0.0,0.0,0.0,0.0,0.0,0.0,0.0,0.0,0.0,0.0,0.0,0.0,0.0,0.0,0.0,0.0,0.0,0.0,0.0,0.0,0.0,0.0,0.0,0.0,0.0,0.0,0.0,0.0,0.0,0.0
2017-05-27 23:43:00+02:00,0.0,0.0,0.0,0.0,0.0,0.0,0.0,0.0,0.0,0.0,0.0,0.0,0.0,0.0,0.0,0.0,0.0,0.0,0.0,0.0,0.0,0.0,0.0,0.0,0.0,0.0,0.0,0.0,0.0,0.0,0.0,0.0,0.0,0.0,0.0,0.0,0.0,0.0,0.0,0.0,0.0,0.0,0.0,0.0,0.0,0.0,0.0,0.0,0.0,0.0,0.0,0.0,0.0,0.0,0.0,0.0,0.0,0.0,0.0,0.0,0.0,0.0,0.0,0.0,0.0,0.0,0.0,0.0,0.0,0.0,0.0,0.0,0.0,0.0,0.0,0.0,0.0,0.0,0.0,0.0,0.0,0.0,0.0,0.0,0.0,0.0,0.0,0.0,0.0,0.0,0.0,0.0,0.0,0.0,0.0,0.0,0.0,0.0,0.0,0.0,0.0,0.0,0.0,0.0,0.0,0.0,0.0,0.0,0.0,0.0,0.0,0.0,0.0,0.0,0.0,0.0,0.0,0.0
2017-05-27 23:44:00+02:00,0.0,0.0,0.0,0.0,0.0,0.0,0.0,0.0,0.0,0.0,0.0,0.0,0.0,0.0,0.0,0.0,0.0,0.0,0.0,0.0,0.0,0.0,0.0,0.0,0.0,0.0,0.0,0.0,0.0,0.0,0.0,0.0,0.0,0.0,0.0,0.0,0.0,0.0,0.0,0.0,0.0,0.0,0.0,0.0,0.0,0.0,0.0,0.0,0.0,0.0,0.0,0.0,0.0,0.0,0.0,0.0,0.0,0.0,0.0,0.0,0.0,0.0,0.0,0.0,0.0,0.0,0.0,0.0,0.0,0.0,0.0,0.0,0.0,0.0,0.0,0.0,0.0,0.0,0.0,0.0,0.0,0.0,0.0,0.0,0.0,0.0,0.0,0.0,0.0,0.0,0.0,0.0,0.0,0.0,0.0,0.0,0.0,0.0,0.0,0.0,0.0,0.0,0.0,0.0,0.0,0.0,0.0,0.0,0.0,0.0,0.0,0.0,0.0,0.0,0.0,0.0,0.0,0.0
2017-05-27 23:45:00+02:00,0.0,0.0,0.0,0.0,0.0,0.0,0.0,0.0,0.0,0.0,0.0,0.0,0.0,0.0,0.0,0.0,0.0,0.0,0.0,0.0,0.0,0.0,0.0,0.0,0.0,0.0,0.0,0.0,0.0,0.0,0.0,0.0,0.0,0.0,0.0,0.0,0.0,0.0,0.0,0.0,0.0,0.0,0.0,0.0,0.0,0.0,0.0,0.0,0.0,0.0,0.0,0.0,0.0,0.0,0.0,0.0,0.0,0.0,0.0,0.0,0.0,0.0,0.0,0.0,0.0,0.0,0.0,0.0,0.0,0.0,0.0,0.0,0.0,0.0,0.0,0.0,0.0,0.0,0.0,0.0,0.0,0.0,0.0,0.0,0.0,0.0,0.0,0.0,0.0,0.0,0.0,0.0,0.0,0.0,0.0,0.0,0.0,0.0,0.0,0.0,0.0,0.0,0.0,0.0,0.0,0.0,0.0,0.0,0.0,0.0,0.0,0.0,0.0,0.0,0.0,0.0,0.0,0.0
2017-05-27 23:46:00+02:00,0.0,0.0,0.0,0.0,0.0,0.0,0.0,0.0,0.0,0.0,0.0,0.0,0.0,0.0,0.0,0.0,0.0,0.0,0.0,0.0,0.0,0.0,0.0,0.0,0.0,0.0,0.0,0.0,0.0,0.0,0.0,0.0,0.0,0.0,0.0,0.0,0.0,0.0,0.0,0.0,0.0,0.0,0.0,0.0,0.0,0.0,0.0,0.0,0.0,0.0,0.0,0.0,0.0,0.0,0.0,0.0,0.0,0.0,0.0,0.0,0.0,0.0,0.0,0.0,0.0,0.0,0.0,0.0,0.0,0.0,0.0,0.0,0.0,0.0,0.0,0.0,0.0,0.0,0.0,0.0,0.0,0.0,0.0,0.0,0.0,0.0,0.0,0.0,0.0,0.0,0.0,0.0,0.0,0.0,0.0,0.0,0.0,0.0,0.0,0.0,0.0,0.0,0.0,0.0,0.0,0.0,0.0,0.0,0.0,0.0,0.0,0.0,0.0,0.0,0.0,0.0,0.0,0.0
2017-05-27 23:47:00+02:00,0.0,0.0,0.0,0.0,0.0,0.0,0.0,0.0,0.0,0.0,0.0,0.0,0.0,0.0,0.0,0.0,0.0,0.0,0.0,0.0,0.0,0.0,0.0,0.0,0.0,0.0,0.0,0.0,0.0,0.0,0.0,0.0,0.0,0.0,0.0,0.0,0.0,0.0,0.0,0.0,0.0,0.0,0.0,0.0,0.0,0.0,0.0,0.0,0.0,0.0,0.0,0.0,0.0,0.0,0.0,0.0,0.0,0.0,0.0,0.0,0.0,0.0,0.0,0.0,0.0,0.0,0.0,0.0,0.0,0.0,0.0,0.0,0.0,0.0,0.0,0.0,0.0,0.0,0.0,0.0,0.0,0.0,0.0,0.0,0.0,0.0,0.0,0.0,0.0,0.0,0.0,0.0,0.0,0.0,0.0,0.0,0.0,0.0,0.0,0.0,0.0,0.0,0.0,0.0,0.0,0.0,0.0,0.0,0.0,0.0,0.0,0.0,0.0,0.0,0.0,0.0,0.0,0.0
2017-05-27 23:48:00+02:00,0.0,0.0,0.0,0.0,0.0,0.0,0.0,0.0,0.0,0.0,0.0,0.0,0.0,0.0,0.0,0.0,0.0,0.0,0.0,0.0,0.0,0.0,0.0,0.0,0.0,0.0,0.0,0.0,0.0,0.0,0.0,0.0,0.0,0.0,0.0,0.0,0.0,0.0,0.0,0.0,0.0,0.0,0.0,0.0,0.0,0.0,0.0,0.0,0.0,0.0,0.0,0.0,0.0,0.0,0.0,0.0,0.0,0.0,0.0,0.0,0.0,0.0,0.0,0.0,0.0,0.0,0.0,0.0,0.0,0.0,0.0,0.0,0.0,0.0,0.0,0.0,0.0,0.0,0.0,0.0,0.0,0.0,0.0,0.0,0.0,0.0,0.0,0.0,0.0,0.0,0.0,0.0,0.0,0.0,0.0,0.0,0.0,0.0,0.0,0.0,0.0,0.0,0.0,0.0,0.0,0.0,0.0,0.0,0.0,0.0,0.0,0.0,0.0,0.0,0.0,0.0,0.0,0.0
2017-05-27 23:49:00+02:00,0.0,0.0,0.0,0.0,0.0,0.0,0.0,0.0,0.0,0.0,0.0,0.0,0.0,0.0,0.0,0.0,0.0,0.0,0.0,0.0,0.0,0.0,0.0,0.0,0.0,0.0,0.0,0.0,0.0,0.0,0.0,0.0,0.0,0.0,0.0,0.0,0.0,0.0,0.0,0.0,0.0,0.0,0.0,0.0,0.0,0.0,0.0,0.0,0.0,0.0,0.0,0.0,0.0,0.0,0.0,0.0,0.0,0.0,0.0,0.0,0.0,0.0,0.0,0.0,0.0,0.0,0.0,0.0,0.0,0.0,0.0,0.0,0.0,0.0,0.0,0.0,0.0,0.0,0.0,0.0,0.0,0.0,0.0,0.0,0.0,0.0,0.0,0.0,0.0,0.0,0.0,0.0,0.0,0.0,0.0,0.0,0.0,0.0,0.0,0.0,0.0,0.0,0.0,0.0,0.0,0.0,0.0,0.0,0.0,0.0,0.0,0.0,0.0,0.0,0.0,0.0,0.0,0.0
2017-05-27 23:50:00+02:00,0.0,0.0,0.0,0.0,0.0,0.0,0.0,0.0,0.0,0.0,0.0,0.0,0.0,0.0,0.0,0.0,0.0,0.0,0.0,0.0,0.0,0.0,0.0,0.0,0.0,0.0,0.0,0.0,0.0,0.0,0.0,0.0,0.0,0.0,0.0,0.0,0.0,0.0,0.0,0.0,0.0,0.0,0.0,0.0,0.0,0.0,0.0,0.0,0.0,0.0,0.0,0.0,0.0,0.0,0.0,0.0,0.0,0.0,0.0,0.0,0.0,0.0,0.0,0.0,0.0,0.0,0.0,0.0,0.0,0.0,0.0,0.0,0.0,0.0,0.0,0.0,0.0,0.0,0.0,0.0,0.0,0.0,0.0,0.0,0.0,0.0,0.0,0.0,0.0,0.0,0.0,0.0,0.0,0.0,0.0,0.0,0.0,0.0,0.0,0.0,0.0,0.0,0.0,0.0,0.0,0.0,0.0,0.0,0.0,0.0,0.0,0.0,0.0,0.0,0.0,0.0,0.0,0.0
2017-05-27 23:51:00+02:00,0.0,0.0,0.0,0.0,0.0,0.0,0.0,0.0,0.0,0.0,0.0,0.0,0.0,0.0,0.0,0.0,0.0,0.0,0.0,0.0,0.0,0.0,0.0,0.0,0.0,0.0,0.0,0.0,0.0,0.0,0.0,0.0,0.0,0.0,0.0,0.0,0.0,0.0,0.0,0.0,0.0,0.0,0.0,0.0,0.0,0.0,0.0,0.0,0.0,0.0,0.0,0.0,0.0,0.0,0.0,0.0,0.0,0.0,0.0,0.0,0.0,0.0,0.0,0.0,0.0,0.0,0.0,0.0,0.0,0.0,0.0,0.0,0.0,0.0,0.0,0.0,0.0,0.0,0.0,0.0,0.0,0.0,0.0,0.0,0.0,0.0,0.0,0.0,0.0,0.0,0.0,0.0,0.0,0.0,0.0,0.0,0.0,0.0,0.0,0.0,0.0,0.0,0.0,0.0,0.0,0.0,0.0,0.0,0.0,0.0,0.0,0.0,0.0,0.0,0.0,0.0,0.0,0.0
2017-05-27 23:52:00+02:00,0.0,0.0,0.0,0.0,0.0,0.0,0.0,0.0,0.0,0.0,0.0,0.0,0.0,0.0,0.0,0.0,0.0,0.0,0.0,0.0,0.0,0.0,0.0,0.0,0.0,0.0,0.0,0.0,0.0,0.0,0.0,0.0,0.0,0.0,0.0,0.0,0.0,0.0,0.0,0.0,0.0,0.0,0.0,0.0,0.0,0.0,0.0,0.0,0.0,0.0,0.0,0.0,0.0,0.0,0.0,0.0,0.0,0.0,0.0,0.0,0.0,0.0,0.0,0.0,0.0,0.0,0.0,0.0,0.0,0.0,0.0,0.0,0.0,0.0,0.0,0.0,0.0,0.0,0.0,0.0,0.0,0.0,0.0,0.0,0.0,0.0,0.0,0.0,0.0,0.0,0.0,0.0,0.0,0.0,0.0,0.0,0.0,0.0,0.0,0.0,0.0,0.0,0.0,0.0,0.0,0.0,0.0,0.0,0.0,0.0,0.0,0.0,0.0,0.0,0.0,0.0,0.0,0.0
2017-05-27 23:53:00+02:00,0.0,0.0,0.0,0.0,0.0,0.0,0.0,0.0,0.0,0.0,0.0,0.0,0.0,0.0,0.0,0.0,0.0,0.0,0.0,0.0,0.0,0.0,0.0,0.0,0.0,0.0,0.0,0.0,0.0,0.0,0.0,0.0,0.0,0.0,0.0,0.0,0.0,0.0,0.0,0.0,0.0,0.0,0.0,0.0,0.0,0.0,0.0,0.0,0.0,0.0,0.0,0.0,0.0,0.0,0.0,0.0,0.0,0.0,0.0,0.0,0.0,0.0,0.0,0.0,0.0,0.0,0.0,0.0,0.0,0.0,0.0,0.0,0.0,0.0,0.0,0.0,0.0,0.0,0.0,0.0,0.0,0.0,0.0,0.0,0.0,0.0,0.0,0.0,0.0,0.0,0.0,0.0,0.0,0.0,0.0,0.0,0.0,0.0,0.0,0.0,0.0,0.0,0.0,0.0,0.0,0.0,0.0,0.0,0.0,0.0,0.0,0.0,0.0,0.0,0.0,0.0,0.0,0.0
2017-05-27 23:54:00+02:00,0.0,0.0,0.0,0.0,0.0,0.0,0.0,0.0,0.0,0.0,0.0,0.0,0.0,0.0,0.0,0.0,0.0,0.0,0.0,0.0,0.0,0.0,0.0,0.0,0.0,0.0,0.0,0.0,0.0,0.0,0.0,0.0,0.0,0.0,0.0,0.0,0.0,0.0,0.0,0.0,0.0,0.0,0.0,0.0,0.0,0.0,0.0,0.0,0.0,0.0,0.0,0.0,0.0,0.0,0.0,0.0,0.0,0.0,0.0,0.0,0.0,0.0,0.0,0.0,0.0,0.0,0.0,0.0,0.0,0.0,0.0,0.0,0.0,0.0,0.0,0.0,0.0,0.0,0.0,0.0,0.0,0.0,0.0,0.0,0.0,0.0,0.0,0.0,0.0,0.0,0.0,0.0,0.0,0.0,0.0,0.0,0.0,0.0,0.0,0.0,0.0,0.0,0.0,0.0,0.0,0.0,0.0,0.0,0.0,0.0,0.0,0.0,0.0,0.0,0.0,0.0,0.0,0.0
2017-05-27 23:55:00+02:00,0.0,0.0,0.0,0.0,0.0,0.0,0.0,0.0,0.0,0.0,0.0,0.0,0.0,0.0,0.0,0.0,0.0,0.0,0.0,0.0,0.0,0.0,0.0,0.0,0.0,0.0,0.0,0.0,0.0,0.0,0.0,0.0,0.0,0.0,0.0,0.0,0.0,0.0,0.0,0.0,0.0,0.0,0.0,0.0,0.0,0.0,0.0,0.0,0.0,0.0,0.0,0.0,0.0,0.0,0.0,0.0,0.0,0.0,0.0,0.0,0.0,0.0,0.0,0.0,0.0,0.0,0.0,0.0,0.0,0.0,0.0,0.0,0.0,0.0,0.0,0.0,0.0,0.0,0.0,0.0,0.0,0.0,0.0,0.0,0.0,0.0,0.0,0.0,0.0,0.0,0.0,0.0,0.0,0.0,0.0,0.0,0.0,0.0,0.0,0.0,0.0,0.0,0.0,0.0,0.0,0.0,0.0,0.0,0.0,0.0,0.0,0.0,0.0,0.0,0.0,0.0,0.0,0.0
2017-05-27 23:56:00+02:00,0.0,0.0,0.0,0.0,0.0,0.0,0.0,0.0,0.0,0.0,0.0,0.0,0.0,0.0,0.0,0.0,0.0,0.0,0.0,0.0,0.0,0.0,0.0,0.0,0.0,0.0,0.0,0.0,0.0,0.0,0.0,0.0,0.0,0.0,0.0,0.0,0.0,0.0,0.0,0.0,0.0,0.0,0.0,0.0,0.0,0.0,0.0,0.0,0.0,0.0,0.0,0.0,0.0,0.0,0.0,0.0,0.0,0.0,0.0,0.0,0.0,0.0,0.0,0.0,0.0,0.0,0.0,0.0,0.0,0.0,0.0,0.0,0.0,0.0,0.0,0.0,0.0,0.0,0.0,0.0,0.0,0.0,0.0,0.0,0.0,0.0,0.0,0.0,0.0,0.0,0.0,0.0,0.0,0.0,0.0,0.0,0.0,0.0,0.0,0.0,0.0,0.0,0.0,0.0,0.0,0.0,0.0,0.0,0.0,0.0,0.0,0.0,0.0,0.0,0.0,0.0,0.0,0.0
2017-05-27 23:57:00+02:00,0.0,0.0,0.0,0.0,0.0,0.0,0.0,0.0,0.0,0.0,0.0,0.0,0.0,0.0,0.0,0.0,0.0,0.0,0.0,0.0,0.0,0.0,0.0,0.0,0.0,0.0,0.0,0.0,0.0,0.0,0.0,0.0,0.0,0.0,0.0,0.0,0.0,0.0,0.0,0.0,0.0,0.0,0.0,0.0,0.0,0.0,0.0,0.0,0.0,0.0,0.0,0.0,0.0,0.0,0.0,0.0,0.0,0.0,0.0,0.0,0.0,0.0,0.0,0.0,0.0,0.0,0.0,0.0,0.0,0.0,0.0,0.0,0.0,0.0,0.0,0.0,0.0,0.0,0.0,0.0,0.0,0.0,0.0,0.0,0.0,0.0,0.0,0.0,0.0,0.0,0.0,0.0,0.0,0.0,0.0,0.0,0.0,0.0,0.0,0.0,0.0,0.0,0.0,0.0,0.0,0.0,0.0,0.0,0.0,0.0,0.0,0.0,0.0,0.0,0.0,0.0,0.0,0.0
2017-05-27 23:58:00+02:00,0.0,0.0,0.0,0.0,0.0,0.0,0.0,0.0,0.0,0.0,0.0,0.0,0.0,0.0,0.0,0.0,0.0,0.0,0.0,0.0,0.0,0.0,0.0,0.0,0.0,0.0,0.0,0.0,0.0,0.0,0.0,0.0,0.0,0.0,0.0,0.0,0.0,0.0,0.0,0.0,0.0,0.0,0.0,0.0,0.0,0.0,0.0,0.0,0.0,0.0,0.0,0.0,0.0,0.0,0.0,0.0,0.0,0.0,0.0,0.0,0.0,0.0,0.0,0.0,0.0,0.0,0.0,0.0,0.0,0.0,0.0,0.0,0.0,0.0,0.0,0.0,0.0,0.0,0.0,0.0,0.0,0.0,0.0,0.0,0.0,0.0,0.0,0.0,0.0,0.0,0.0,0.0,0.0,0.0,0.0,0.0,0.0,0.0,0.0,0.0,0.0,0.0,0.0,0.0,0.0,0.0,0.0,0.0,0.0,0.0,0.0,0.0,0.0,0.0,0.0,0.0,0.0,0.0
2017-05-27 23:59:00+02:00,0.0,0.0,0.0,0.0,0.0,0.0,0.0,0.0,0.0,0.0,0.0,0.0,0.0,0.0,0.0,0.0,0.0,0.0,0.0,0.0,0.0,0.0,0.0,0.0,0.0,0.0,0.0,0.0,0.0,0.0,0.0,0.0,0.0,0.0,0.0,0.0,0.0,0.0,0.0,0.0,0.0,0.0,0.0,0.0,0.0,0.0,0.0,0.0,0.0,0.0,0.0,0.0,0.0,0.0,0.0,0.0,0.0,0.0,0.0,0.0,0.0,0.0,0.0,0.0,0.0,0.0,0.0,0.0,0.0,0.0,0.0,0.0,0.0,0.0,0.0,0.0,0.0,0.0,0.0,0.0,0.0,0.0,0.0,0.0,0.0,0.0,0.0,0.0,0.0,0.0,0.0,0.0,0.0,0.0,0.0,0.0,0.0,0.0,0.0,0.0,0.0,0.0,0.0,0.0,0.0,0.0,0.0,0.0,0.0,0.0,0.0,0.0,0.0,0.0,0.0,0.0,0.0,0.0
2017-05-28 00:00:00+02:00,0.0,0.0,0.0,0.0,0.0,0.0,0.0,0.0,0.0,0.0,0.0,0.0,0.0,0.0,0.0,0.0,0.0,0.0,0.0,0.0,0.0,0.0,0.0,0.0,0.0,0.0,0.0,0.0,0.0,0.0,0.0,0.0,0.0,0.0,0.0,0.0,0.0,0.0,0.0,0.0,0.0,0.0,0.0,0.0,0.0,0.0,0.0,0.0,0.0,0.0,0.0,0.0,0.0,0.0,0.0,0.0,0.0,0.0,0.0,0.0,0.0,0.0,0.0,0.0,0.0,0.0,0.0,0.0,0.0,0.0,0.0,0.0,0.0,0.0,0.0,0.0,0.0,0.0,0.0,0.0,0.0,0.0,0.0,0.0,0.0,0.0,0.0,0.0,0.0,0.0,0.0,0.0,0.0,0.0,0.0,0.0,0.0,0.0,0.0,0.0,0.0,0.0,0.0,0.0,0.0,0.0,0.0,0.0,0.0,0.0,0.0,0.0,0.0,0.0,0.0,0.0,0.0,0.0
2017-05-28 00:01:00+02:00,0.0,0.0,0.0,0.0,0.0,0.0,0.0,0.0,0.0,0.0,0.0,0.0,0.0,0.0,0.0,0.0,0.0,0.0,0.0,0.0,0.0,0.0,0.0,0.0,0.0,0.0,0.0,0.0,0.0,0.0,0.0,0.0,0.0,0.0,0.0,0.0,0.0,0.0,0.0,0.0,0.0,0.0,0.0,0.0,0.0,0.0,0.0,0.0,0.0,0.0,0.0,0.0,0.0,0.0,0.0,0.0,0.0,0.0,0.0,0.0,0.0,0.0,0.0,0.0,0.0,0.0,0.0,0.0,0.0,0.0,0.0,0.0,0.0,0.0,0.0,0.0,0.0,0.0,0.0,0.0,0.0,0.0,0.0,0.0,0.0,0.0,0.0,0.0,0.0,0.0,0.0,0.0,0.0,0.0,0.0,0.0,0.0,0.0,0.0,0.0,0.0,0.0,0.0,0.0,0.0,0.0,0.0,0.0,0.0,0.0,0.0,0.0,0.0,0.0,0.0,0.0,0.0,0.0
2017-05-28 00:02:00+02:00,0.0,0.0,0.0,0.0,0.0,0.0,0.0,0.0,0.0,0.0,0.0,0.0,0.0,0.0,0.0,0.0,0.0,0.0,0.0,0.0,0.0,0.0,0.0,0.0,0.0,0.0,0.0,0.0,0.0,0.0,0.0,0.0,0.0,0.0,0.0,0.0,0.0,0.0,0.0,0.0,0.0,0.0,0.0,0.0,0.0,0.0,0.0,0.0,0.0,0.0,0.0,0.0,0.0,0.0,0.0,0.0,0.0,0.0,0.0,0.0,0.0,0.0,0.0,0.0,0.0,0.0,0.0,0.0,0.0,0.0,0.0,0.0,0.0,0.0,0.0,0.0,0.0,0.0,0.0,0.0,0.0,0.0,0.0,0.0,0.0,0.0,0.0,0.0,0.0,0.0,0.0,0.0,0.0,0.0,0.0,0.0,0.0,0.0,0.0,0.0,0.0,0.0,0.0,0.0,0.0,0.0,0.0,0.0,0.0,0.0,0.0,0.0,0.0,0.0,0.0,0.0,0.0,0.0
2017-05-28 00:03:00+02:00,0.0,0.0,0.0,0.0,0.0,0.0,0.0,0.0,0.0,0.0,0.0,0.0,0.0,0.0,0.0,0.0,0.0,0.0,0.0,0.0,0.0,0.0,0.0,0.0,0.0,0.0,0.0,0.0,0.0,0.0,0.0,0.0,0.0,0.0,0.0,0.0,0.0,0.0,0.0,0.0,0.0,0.0,0.0,0.0,0.0,0.0,0.0,0.0,0.0,0.0,0.0,0.0,0.0,0.0,0.0,0.0,0.0,0.0,0.0,0.0,0.0,0.0,0.0,0.0,0.0,0.0,0.0,0.0,0.0,0.0,0.0,0.0,0.0,0.0,0.0,0.0,0.0,0.0,0.0,0.0,0.0,0.0,0.0,0.0,0.0,0.0,0.0,0.0,0.0,0.0,0.0,0.0,0.0,0.0,0.0,0.0,0.0,0.0,0.0,0.0,0.0,0.0,0.0,0.0,0.0,0.0,0.0,0.0,0.0,0.0,0.0,0.0,0.0,0.0,0.0,0.0,0.0,0.0
2017-05-28 00:04:00+02:00,0.0,0.0,0.0,0.0,0.0,0.0,0.0,0.0,0.0,0.0,0.0,0.0,0.0,0.0,0.0,0.0,0.0,0.0,0.0,0.0,0.0,0.0,0.0,0.0,0.0,0.0,0.0,0.0,0.0,0.0,0.0,0.0,0.0,0.0,0.0,0.0,0.0,0.0,0.0,0.0,0.0,0.0,0.0,0.0,0.0,0.0,0.0,0.0,0.0,0.0,0.0,0.0,0.0,0.0,0.0,0.0,0.0,0.0,0.0,0.0,0.0,0.0,0.0,0.0,0.0,0.0,0.0,0.0,0.0,0.0,0.0,0.0,0.0,0.0,0.0,0.0,0.0,0.0,0.0,0.0,0.0,0.0,0.0,0.0,0.0,0.0,0.0,0.0,0.0,0.0,0.0,0.0,0.0,0.0,0.0,0.0,0.0,0.0,0.0,0.0,0.0,0.0,0.0,0.0,0.0,0.0,0.0,0.0,0.0,0.0,0.0,0.0,0.0,0.0,0.0,0.0,0.0,0.0
2017-05-28 00:05:00+02:00,0.0,0.0,0.0,0.0,0.0,0.0,0.0,0.0,0.0,0.0,0.0,0.0,0.0,0.0,0.0,0.0,0.0,0.0,0.0,0.0,0.0,0.0,0.0,0.0,0.0,0.0,0.0,0.0,0.0,0.0,0.0,0.0,0.0,0.0,0.0,0.0,0.0,0.0,0.0,0.0,0.0,0.0,0.0,0.0,0.0,0.0,0.0,0.0,0.0,0.0,0.0,0.0,0.0,0.0,0.0,0.0,0.0,0.0,0.0,0.0,0.0,0.0,0.0,0.0,0.0,0.0,0.0,0.0,0.0,0.0,0.0,0.0,0.0,0.0,0.0,0.0,0.0,0.0,0.0,0.0,0.0,0.0,0.0,0.0,0.0,0.0,0.0,0.0,0.0,0.0,0.0,0.0,0.0,0.0,0.0,0.0,0.0,0.0,0.0,0.0,0.0,0.0,0.0,0.0,0.0,0.0,0.0,0.0,0.0,0.0,0.0,0.0,0.0,0.0,0.0,0.0,0.0,0.0
2017-05-28 00:06:00+02:00,0.0,0.0,0.0,0.0,0.0,0.0,0.0,0.0,0.0,0.0,0.0,0.0,0.0,0.0,0.0,0.0,0.0,0.0,0.0,0.0,0.0,0.0,0.0,0.0,0.0,0.0,0.0,0.0,0.0,0.0,0.0,0.0,0.0,0.0,0.0,0.0,0.0,0.0,0.0,0.0,0.0,0.0,0.0,0.0,0.0,0.0,0.0,0.0,0.0,0.0,0.0,0.0,0.0,0.0,0.0,0.0,0.0,0.0,0.0,0.0,0.0,0.0,0.0,0.0,0.0,0.0,0.0,0.0,0.0,0.0,0.0,0.0,0.0,0.0,0.0,0.0,0.0,0.0,0.0,0.0,0.0,0.0,0.0,0.0,0.0,0.0,0.0,0.0,0.0,0.0,0.0,0.0,0.0,0.0,0.0,0.0,0.0,0.0,0.0,0.0,0.0,0.0,0.0,0.0,0.0,0.0,0.0,0.0,0.0,0.0,0.0,0.0,0.0,0.0,0.0,0.0,0.0,0.0
2017-05-28 00:07:00+02:00,0.0,0.0,0.0,0.0,0.0,0.0,0.0,0.0,0.0,0.0,0.0,0.0,0.0,0.0,0.0,0.0,0.0,0.0,0.0,0.0,0.0,0.0,0.0,0.0,0.0,0.0,0.0,0.0,0.0,0.0,0.0,0.0,0.0,0.0,0.0,0.0,0.0,0.0,0.0,0.0,0.0,0.0,0.0,0.0,0.0,0.0,0.0,0.0,0.0,0.0,0.0,0.0,0.0,0.0,0.0,0.0,0.0,0.0,0.0,0.0,0.0,0.0,0.0,0.0,0.0,0.0,0.0,0.0,0.0,0.0,0.0,0.0,0.0,0.0,0.0,0.0,0.0,0.0,0.0,0.0,0.0,0.0,0.0,0.0,0.0,0.0,0.0,0.0,0.0,0.0,0.0,0.0,0.0,0.0,0.0,0.0,0.0,0.0,0.0,0.0,0.0,0.0,0.0,0.0,0.0,0.0,0.0,0.0,0.0,0.0,0.0,0.0,0.0,0.0,0.0,0.0,0.0,0.0
2017-05-28 00:08:00+02:00,0.0,0.0,0.0,0.0,0.0,0.0,0.0,0.0,0.0,0.0,0.0,0.0,0.0,0.0,0.0,0.0,0.0,0.0,0.0,0.0,0.0,0.0,0.0,0.0,0.0,0.0,0.0,0.0,0.0,0.0,0.0,0.0,0.0,0.0,0.0,0.0,0.0,0.0,0.0,0.0,0.0,0.0,0.0,0.0,0.0,0.0,0.0,0.0,0.0,0.0,0.0,0.0,0.0,0.0,0.0,0.0,0.0,0.0,0.0,0.0,0.0,0.0,0.0,0.0,0.0,0.0,0.0,0.0,0.0,0.0,0.0,0.0,0.0,0.0,0.0,0.0,0.0,0.0,0.0,0.0,0.0,0.0,0.0,0.0,0.0,0.0,0.0,0.0,0.0,0.0,0.0,0.0,0.0,0.0,0.0,0.0,0.0,0.0,0.0,0.0,0.0,0.0,0.0,0.0,0.0,0.0,0.0,0.0,0.0,0.0,0.0,0.0,0.0,0.0,0.0,0.0,0.0,0.0
2017-05-28 00:09:00+02:00,0.0,0.0,0.0,0.0,0.0,0.0,0.0,0.0,0.0,0.0,0.0,0.0,0.0,0.0,0.0,0.0,0.0,0.0,0.0,0.0,0.0,0.0,0.0,0.0,0.0,0.0,0.0,0.0,0.0,0.0,0.0,0.0,0.0,0.0,0.0,0.0,0.0,0.0,0.0,0.0,0.0,0.0,0.0,0.0,0.0,0.0,0.0,0.0,0.0,0.0,0.0,0.0,0.0,0.0,0.0,0.0,0.0,0.0,0.0,0.0,0.0,0.0,0.0,0.0,0.0,0.0,0.0,0.0,0.0,0.0,0.0,0.0,0.0,0.0,0.0,0.0,0.0,0.0,0.0,0.0,0.0,0.0,0.0,0.0,0.0,0.0,0.0,0.0,0.0,0.0,0.0,0.0,0.0,0.0,0.0,0.0,0.0,0.0,0.0,0.0,0.0,0.0,0.0,0.0,0.0,0.0,0.0,0.0,0.0,0.0,0.0,0.0,0.0,0.0,0.0,0.0,0.0,0.0
2017-05-28 00:10:00+02:00,0.0,0.0,0.0,0.0,0.0,0.0,0.0,0.0,0.0,0.0,0.0,0.0,0.0,0.0,0.0,0.0,0.0,0.0,0.0,0.0,0.0,0.0,0.0,0.0,0.0,0.0,0.0,0.0,0.0,0.0,0.0,0.0,0.0,0.0,0.0,0.0,0.0,0.0,0.0,0.0,0.0,0.0,0.0,0.0,0.0,0.0,0.0,0.0,0.0,0.0,0.0,0.0,0.0,0.0,0.0,0.0,0.0,0.0,0.0,0.0,0.0,0.0,0.0,0.0,0.0,0.0,0.0,0.0,0.0,0.0,0.0,0.0,0.0,0.0,0.0,0.0,0.0,0.0,0.0,0.0,0.0,0.0,0.0,0.0,0.0,0.0,0.0,0.0,0.0,0.0,0.0,0.0,0.0,0.0,0.0,0.0,0.0,0.0,0.0,0.0,0.0,0.0,0.0,0.0,0.0,0.0,0.0,0.0,0.0,0.0,0.0,0.0,0.0,0.0,0.0,0.0,0.0,0.0
2017-05-28 00:11:00+02:00,0.0,0.0,0.0,0.0,0.0,0.0,0.0,0.0,0.0,0.0,0.0,0.0,0.0,0.0,0.0,0.0,0.0,0.0,0.0,0.0,0.0,0.0,0.0,0.0,0.0,0.0,0.0,0.0,0.0,0.0,0.0,0.0,0.0,0.0,0.0,0.0,0.0,0.0,0.0,0.0,0.0,0.0,0.0,0.0,0.0,0.0,0.0,0.0,0.0,0.0,0.0,0.0,0.0,0.0,0.0,0.0,0.0,0.0,0.0,0.0,0.0,0.0,0.0,0.0,0.0,0.0,0.0,0.0,0.0,0.0,0.0,0.0,0.0,0.0,0.0,0.0,0.0,0.0,0.0,0.0,0.0,0.0,0.0,0.0,0.0,0.0,0.0,0.0,0.0,0.0,0.0,0.0,0.0,0.0,0.0,0.0,0.0,0.0,0.0,0.0,0.0,0.0,0.0,0.0,0.0,0.0,0.0,0.0,0.0,0.0,0.0,0.0,0.0,0.0,0.0,0.0,0.0,0.0
2017-05-28 00:12:00+02:00,0.0,0.0,0.0,0.0,0.0,0.0,0.0,0.0,0.0,0.0,0.0,0.0,0.0,0.0,0.0,0.0,0.0,0.0,0.0,0.0,0.0,0.0,0.0,0.0,0.0,0.0,0.0,0.0,0.0,0.0,0.0,0.0,0.0,0.0,0.0,0.0,0.0,0.0,0.0,0.0,0.0,0.0,0.0,0.0,0.0,0.0,0.0,0.0,0.0,0.0,0.0,0.0,0.0,0.0,0.0,0.0,0.0,0.0,0.0,0.0,0.0,0.0,0.0,0.0,0.0,0.0,0.0,0.0,0.0,0.0,0.0,0.0,0.0,0.0,0.0,0.0,0.0,0.0,0.0,0.0,0.0,0.0,0.0,0.0,0.0,0.0,0.0,0.0,0.0,0.0,0.0,0.0,0.0,0.0,0.0,0.0,0.0,0.0,0.0,0.0,0.0,0.0,0.0,0.0,0.0,0.0,0.0,0.0,0.0,0.0,0.0,0.0,0.0,0.0,0.0,0.0,0.0,0.0
2017-05-28 00:13:00+02:00,0.0,0.0,0.0,0.0,0.0,0.0,0.0,0.0,0.0,0.0,0.0,0.0,0.0,0.0,0.0,0.0,0.0,0.0,0.0,0.0,0.0,0.0,0.0,0.0,0.0,0.0,0.0,0.0,0.0,0.0,0.0,0.0,0.0,0.0,0.0,0.0,0.0,0.0,0.0,0.0,0.0,0.0,0.0,0.0,0.0,0.0,0.0,0.0,0.0,0.0,0.0,0.0,0.0,0.0,0.0,0.0,0.0,0.0,0.0,0.0,0.0,0.0,0.0,0.0,0.0,0.0,0.0,0.0,0.0,0.0,0.0,0.0,0.0,0.0,0.0,0.0,0.0,0.0,0.0,0.0,0.0,0.0,0.0,0.0,0.0,0.0,0.0,0.0,0.0,0.0,0.0,0.0,0.0,0.0,0.0,0.0,0.0,0.0,0.0,0.0,0.0,0.0,0.0,0.0,0.0,0.0,0.0,0.0,0.0,0.0,0.0,0.0,0.0,0.0,0.0,0.0,0.0,0.0
2017-05-28 00:14:00+02:00,0.0,0.0,0.0,0.0,0.0,0.0,0.0,0.0,0.0,0.0,0.0,0.0,0.0,0.0,0.0,0.0,0.0,0.0,0.0,0.0,0.0,0.0,0.0,0.0,0.0,0.0,0.0,0.0,0.0,0.0,0.0,0.0,0.0,0.0,0.0,0.0,0.0,0.0,0.0,0.0,0.0,0.0,0.0,0.0,0.0,0.0,0.0,0.0,0.0,0.0,0.0,0.0,0.0,0.0,0.0,0.0,0.0,0.0,0.0,0.0,0.0,0.0,0.0,0.0,0.0,0.0,0.0,0.0,0.0,0.0,0.0,0.0,0.0,0.0,0.0,0.0,0.0,0.0,0.0,0.0,0.0,0.0,0.0,0.0,0.0,0.0,0.0,0.0,0.0,0.0,0.0,0.0,0.0,0.0,0.0,0.0,0.0,0.0,0.0,0.0,0.0,0.0,0.0,0.0,0.0,0.0,0.0,0.0,0.0,0.0,0.0,0.0,0.0,0.0,0.0,0.0,0.0,0.0
2017-05-28 00:15:00+02:00,0.0,0.0,0.0,0.0,0.0,0.0,0.0,0.0,0.0,0.0,0.0,0.0,0.0,0.0,0.0,0.0,0.0,0.0,0.0,0.0,0.0,0.0,0.0,0.0,0.0,0.0,0.0,0.0,0.0,0.0,0.0,0.0,0.0,0.0,0.0,0.0,0.0,0.0,0.0,0.0,0.0,0.0,0.0,0.0,0.0,0.0,0.0,0.0,0.0,0.0,0.0,0.0,0.0,0.0,0.0,0.0,0.0,0.0,0.0,0.0,0.0,0.0,0.0,0.0,0.0,0.0,0.0,0.0,0.0,0.0,0.0,0.0,0.0,0.0,0.0,0.0,0.0,0.0,0.0,0.0,0.0,0.0,0.0,0.0,0.0,0.0,0.0,0.0,0.0,0.0,0.0,0.0,0.0,0.0,0.0,0.0,0.0,0.0,0.0,0.0,0.0,0.0,0.0,0.0,0.0,0.0,0.0,0.0,0.0,0.0,0.0,0.0,0.0,0.0,0.0,0.0,0.0,0.0
2017-05-28 00:16:00+02:00,0.0,0.0,0.0,0.0,0.0,0.0,0.0,0.0,0.0,0.0,0.0,0.0,0.0,0.0,0.0,0.0,0.0,0.0,0.0,0.0,0.0,0.0,0.0,0.0,0.0,0.0,0.0,0.0,0.0,0.0,0.0,0.0,0.0,0.0,0.0,0.0,0.0,0.0,0.0,0.0,0.0,0.0,0.0,0.0,0.0,0.0,0.0,0.0,0.0,0.0,0.0,0.0,0.0,0.0,0.0,0.0,0.0,0.0,0.0,0.0,0.0,0.0,0.0,0.0,0.0,0.0,0.0,0.0,0.0,0.0,0.0,0.0,0.0,0.0,0.0,0.0,0.0,0.0,0.0,0.0,0.0,0.0,0.0,0.0,0.0,0.0,0.0,0.0,0.0,0.0,0.0,0.0,0.0,0.0,0.0,0.0,0.0,0.0,0.0,0.0,0.0,0.0,0.0,0.0,0.0,0.0,0.0,0.0,0.0,0.0,0.0,0.0,0.0,0.0,0.0,0.0,0.0,0.0
2017-05-28 00:17:00+02:00,0.0,0.0,0.0,0.0,0.0,0.0,0.0,0.0,0.0,0.0,0.0,0.0,0.0,0.0,0.0,0.0,0.0,0.0,0.0,0.0,0.0,0.0,0.0,0.0,0.0,0.0,0.0,0.0,0.0,0.0,0.0,0.0,0.0,0.0,0.0,0.0,0.0,0.0,0.0,0.0,0.0,0.0,0.0,0.0,0.0,0.0,0.0,0.0,0.0,0.0,0.0,0.0,0.0,0.0,0.0,0.0,0.0,0.0,0.0,0.0,0.0,0.0,0.0,0.0,0.0,0.0,0.0,0.0,0.0,0.0,0.0,0.0,0.0,0.0,0.0,0.0,0.0,0.0,0.0,0.0,0.0,0.0,0.0,0.0,0.0,0.0,0.0,0.0,0.0,0.0,0.0,0.0,0.0,0.0,0.0,0.0,0.0,0.0,0.0,0.0,0.0,0.0,0.0,0.0,0.0,0.0,0.0,0.0,0.0,0.0,0.0,0.0,0.0,0.0,0.0,0.0,0.0,0.0
2017-05-28 00:18:00+02:00,0.0,0.0,0.0,0.0,0.0,0.0,0.0,0.0,0.0,0.0,0.0,0.0,0.0,0.0,0.0,0.0,0.0,0.0,0.0,0.0,0.0,0.0,0.0,0.0,0.0,0.0,0.0,0.0,0.0,0.0,0.0,0.0,0.0,0.0,0.0,0.0,0.0,0.0,0.0,0.0,0.0,0.0,0.0,0.0,0.0,0.0,0.0,0.0,0.0,0.0,0.0,0.0,0.0,0.0,0.0,0.0,0.0,0.0,0.0,0.0,0.0,0.0,0.0,0.0,0.0,0.0,0.0,0.0,0.0,0.0,0.0,0.0,0.0,0.0,0.0,0.0,0.0,0.0,0.0,0.0,0.0,0.0,0.0,0.0,0.0,0.0,0.0,0.0,0.0,0.0,0.0,0.0,0.0,0.0,0.0,0.0,0.0,0.0,0.0,0.0,0.0,0.0,0.0,0.0,0.0,0.0,0.0,0.0,0.0,0.0,0.0,0.0,0.0,0.0,0.0,0.0,0.0,0.0
2017-05-28 00:19:00+02:00,0.0,0.0,0.0,0.0,0.0,0.0,0.0,0.0,0.0,0.0,0.0,0.0,0.0,0.0,0.0,0.0,0.0,0.0,0.0,0.0,0.0,0.0,0.0,0.0,0.0,0.0,0.0,0.0,0.0,0.0,0.0,0.0,0.0,0.0,0.0,0.0,0.0,0.0,0.0,0.0,0.0,0.0,0.0,0.0,0.0,0.0,0.0,0.0,0.0,0.0,0.0,0.0,0.0,0.0,0.0,0.0,0.0,0.0,0.0,0.0,0.0,0.0,0.0,0.0,0.0,0.0,0.0,0.0,0.0,0.0,0.0,0.0,0.0,0.0,0.0,0.0,0.0,0.0,0.0,0.0,0.0,0.0,0.0,0.0,0.0,0.0,0.0,0.0,0.0,0.0,0.0,0.0,0.0,0.0,0.0,0.0,0.0,0.0,0.0,0.0,0.0,0.0,0.0,0.0,0.0,0.0,0.0,0.0,0.0,0.0,0.0,0.0,0.0,0.0,0.0,0.0,0.0,0.0
2017-05-28 00:20:00+02:00,0.0,0.0,0.0,0.0,0.0,0.0,0.0,0.0,0.0,0.0,0.0,0.0,0.0,0.0,0.0,0.0,0.0,0.0,0.0,0.0,0.0,0.0,0.0,0.0,0.0,0.0,0.0,0.0,0.0,0.0,0.0,0.0,0.0,0.0,0.0,0.0,0.0,0.0,0.0,0.0,0.0,0.0,0.0,0.0,0.0,0.0,0.0,0.0,0.0,0.0,0.0,0.0,0.0,0.0,0.0,0.0,0.0,0.0,0.0,0.0,0.0,0.0,0.0,0.0,0.0,0.0,0.0,0.0,0.0,0.0,0.0,0.0,0.0,0.0,0.0,0.0,0.0,0.0,0.0,0.0,0.0,0.0,0.0,0.0,0.0,0.0,0.0,0.0,0.0,0.0,0.0,0.0,0.0,0.0,0.0,0.0,0.0,0.0,0.0,0.0,0.0,0.0,0.0,0.0,0.0,0.0,0.0,0.0,0.0,0.0,0.0,0.0,0.0,0.0,0.0,0.0,0.0,0.0
2017-05-28 00:21:00+02:00,0.0,0.0,0.0,0.0,0.0,0.0,0.0,0.0,0.0,0.0,0.0,0.0,0.0,0.0,0.0,0.0,0.0,0.0,0.0,0.0,0.0,0.0,0.0,0.0,0.0,0.0,0.0,0.0,0.0,0.0,0.0,0.0,0.0,0.0,0.0,0.0,0.0,0.0,0.0,0.0,0.0,0.0,0.0,0.0,0.0,0.0,0.0,0.0,0.0,0.0,0.0,0.0,0.0,0.0,0.0,0.0,0.0,0.0,0.0,0.0,0.0,0.0,0.0,0.0,0.0,0.0,0.0,0.0,0.0,0.0,0.0,0.0,0.0,0.0,0.0,0.0,0.0,0.0,0.0,0.0,0.0,0.0,0.0,0.0,0.0,0.0,0.0,0.0,0.0,0.0,0.0,0.0,0.0,0.0,0.0,0.0,0.0,0.0,0.0,0.0,0.0,0.0,0.0,0.0,0.0,0.0,0.0,0.0,0.0,0.0,0.0,0.0,0.0,0.0,0.0,0.0,0.0,0.0
2017-05-28 00:22:00+02:00,0.0,0.0,0.0,0.0,0.0,0.0,0.0,0.0,0.0,0.0,0.0,0.0,0.0,0.0,0.0,0.0,0.0,0.0,0.0,0.0,0.0,0.0,0.0,0.0,0.0,0.0,0.0,0.0,0.0,0.0,0.0,0.0,0.0,0.0,0.0,0.0,0.0,0.0,0.0,0.0,0.0,0.0,0.0,0.0,0.0,0.0,0.0,0.0,0.0,0.0,0.0,0.0,0.0,0.0,0.0,0.0,0.0,0.0,0.0,0.0,0.0,0.0,0.0,0.0,0.0,0.0,0.0,0.0,0.0,0.0,0.0,0.0,0.0,0.0,0.0,0.0,0.0,0.0,0.0,0.0,0.0,0.0,0.0,0.0,0.0,0.0,0.0,0.0,0.0,0.0,0.0,0.0,0.0,0.0,0.0,0.0,0.0,0.0,0.0,0.0,0.0,0.0,0.0,0.0,0.0,0.0,0.0,0.0,0.0,0.0,0.0,0.0,0.0,0.0,0.0,0.0,0.0,0.0
2017-05-28 00:23:00+02:00,0.0,0.0,0.0,0.0,0.0,0.0,0.0,0.0,0.0,0.0,0.0,0.0,0.0,0.0,0.0,0.0,0.0,0.0,0.0,0.0,0.0,0.0,0.0,0.0,0.0,0.0,0.0,0.0,0.0,0.0,0.0,0.0,0.0,0.0,0.0,0.0,0.0,0.0,0.0,0.0,0.0,0.0,0.0,0.0,0.0,0.0,0.0,0.0,0.0,0.0,0.0,0.0,0.0,0.0,0.0,0.0,0.0,0.0,0.0,0.0,0.0,0.0,0.0,0.0,0.0,0.0,0.0,0.0,0.0,0.0,0.0,0.0,0.0,0.0,0.0,0.0,0.0,0.0,0.0,0.0,0.0,0.0,0.0,0.0,0.0,0.0,0.0,0.0,0.0,0.0,0.0,0.0,0.0,0.0,0.0,0.0,0.0,0.0,0.0,0.0,0.0,0.0,0.0,0.0,0.0,0.0,0.0,0.0,0.0,0.0,0.0,0.0,0.0,0.0,0.0,0.0,0.0,0.0
2017-05-28 00:24:00+02:00,0.0,0.0,0.0,0.0,0.0,0.0,0.0,0.0,0.0,0.0,0.0,0.0,0.0,0.0,0.0,0.0,0.0,0.0,0.0,0.0,0.0,0.0,0.0,0.0,0.0,0.0,0.0,0.0,0.0,0.0,0.0,0.0,0.0,0.0,0.0,0.0,0.0,0.0,0.0,0.0,0.0,0.0,0.0,0.0,0.0,0.0,0.0,0.0,0.0,0.0,0.0,0.0,0.0,0.0,0.0,0.0,0.0,0.0,0.0,0.0,0.0,0.0,0.0,0.0,0.0,0.0,0.0,0.0,0.0,0.0,0.0,0.0,0.0,0.0,0.0,0.0,0.0,0.0,0.0,0.0,0.0,0.0,0.0,0.0,0.0,0.0,0.0,0.0,0.0,0.0,0.0,0.0,0.0,0.0,0.0,0.0,0.0,0.0,0.0,0.0,0.0,0.0,0.0,0.0,0.0,0.0,0.0,0.0,0.0,0.0,0.0,0.0,0.0,0.0,0.0,0.0,0.0,0.0
2017-05-28 00:25:00+02:00,0.0,0.0,0.0,0.0,0.0,0.0,0.0,0.0,0.0,0.0,0.0,0.0,0.0,0.0,0.0,0.0,0.0,0.0,0.0,0.0,0.0,0.0,0.0,0.0,0.0,0.0,0.0,0.0,0.0,0.0,0.0,0.0,0.0,0.0,0.0,0.0,0.0,0.0,0.0,0.0,0.0,0.0,0.0,0.0,0.0,0.0,0.0,0.0,0.0,0.0,0.0,0.0,0.0,0.0,0.0,0.0,0.0,0.0,0.0,0.0,0.0,0.0,0.0,0.0,0.0,0.0,0.0,0.0,0.0,0.0,0.0,0.0,0.0,0.0,0.0,0.0,0.0,0.0,0.0,0.0,0.0,0.0,0.0,0.0,0.0,0.0,0.0,0.0,0.0,0.0,0.0,0.0,0.0,0.0,0.0,0.0,0.0,0.0,0.0,0.0,0.0,0.0,0.0,0.0,0.0,0.0,0.0,0.0,0.0,0.0,0.0,0.0,0.0,0.0,0.0,0.0,0.0,0.0
2017-05-28 00:26:00+02:00,0.0,0.0,0.0,0.0,0.0,0.0,0.0,0.0,0.0,0.0,0.0,0.0,0.0,0.0,0.0,0.0,0.0,0.0,0.0,0.0,0.0,0.0,0.0,0.0,0.0,0.0,0.0,0.0,0.0,0.0,0.0,0.0,0.0,0.0,0.0,0.0,0.0,0.0,0.0,0.0,0.0,0.0,0.0,0.0,0.0,0.0,0.0,0.0,0.0,0.0,0.0,0.0,0.0,0.0,0.0,0.0,0.0,0.0,0.0,0.0,0.0,0.0,0.0,0.0,0.0,0.0,0.0,0.0,0.0,0.0,0.0,0.0,0.0,0.0,0.0,0.0,0.0,0.0,0.0,0.0,0.0,0.0,0.0,0.0,0.0,0.0,0.0,0.0,0.0,0.0,0.0,0.0,0.0,0.0,0.0,0.0,0.0,0.0,0.0,0.0,0.0,0.0,0.0,0.0,0.0,0.0,0.0,0.0,0.0,0.0,0.0,0.0,0.0,0.0,0.0,0.0,0.0,0.0
2017-05-28 00:27:00+02:00,0.0,0.0,0.0,0.0,0.0,0.0,0.0,0.0,0.0,0.0,0.0,0.0,0.0,0.0,0.0,0.0,0.0,0.0,0.0,0.0,0.0,0.0,0.0,0.0,0.0,0.0,0.0,0.0,0.0,0.0,0.0,0.0,0.0,0.0,0.0,0.0,0.0,0.0,0.0,0.0,0.0,0.0,0.0,0.0,0.0,0.0,0.0,0.0,0.0,0.0,0.0,0.0,0.0,0.0,0.0,0.0,0.0,0.0,0.0,0.0,0.0,0.0,0.0,0.0,0.0,0.0,0.0,0.0,0.0,0.0,0.0,0.0,0.0,0.0,0.0,0.0,0.0,0.0,0.0,0.0,0.0,0.0,0.0,0.0,0.0,0.0,0.0,0.0,0.0,0.0,0.0,0.0,0.0,0.0,0.0,0.0,0.0,0.0,0.0,0.0,0.0,0.0,0.0,0.0,0.0,0.0,0.0,0.0,0.0,0.0,0.0,0.0,0.0,0.0,0.0,0.0,0.0,0.0
2017-05-28 00:28:00+02:00,0.0,0.0,0.0,0.0,0.0,0.0,0.0,0.0,0.0,0.0,0.0,0.0,0.0,0.0,0.0,0.0,0.0,0.0,0.0,0.0,0.0,0.0,0.0,0.0,0.0,0.0,0.0,0.0,0.0,0.0,0.0,0.0,0.0,0.0,0.0,0.0,0.0,0.0,0.0,0.0,0.0,0.0,0.0,0.0,0.0,0.0,0.0,0.0,0.0,0.0,0.0,0.0,0.0,0.0,0.0,0.0,0.0,0.0,0.0,0.0,0.0,0.0,0.0,0.0,0.0,0.0,0.0,0.0,0.0,0.0,0.0,0.0,0.0,0.0,0.0,0.0,0.0,0.0,0.0,0.0,0.0,0.0,0.0,0.0,0.0,0.0,0.0,0.0,0.0,0.0,0.0,0.0,0.0,0.0,0.0,0.0,0.0,0.0,0.0,0.0,0.0,0.0,0.0,0.0,0.0,0.0,0.0,0.0,0.0,0.0,0.0,0.0,0.0,0.0,0.0,0.0,0.0,0.0
2017-05-28 00:29:00+02:00,0.0,0.0,0.0,0.0,0.0,0.0,0.0,0.0,0.0,0.0,0.0,0.0,0.0,0.0,0.0,0.0,0.0,0.0,0.0,0.0,0.0,0.0,0.0,0.0,0.0,0.0,0.0,0.0,0.0,0.0,0.0,0.0,0.0,0.0,0.0,0.0,0.0,0.0,0.0,0.0,0.0,0.0,0.0,0.0,0.0,0.0,0.0,0.0,0.0,0.0,0.0,0.0,0.0,0.0,0.0,0.0,0.0,0.0,0.0,0.0,0.0,0.0,0.0,0.0,0.0,0.0,0.0,0.0,0.0,0.0,0.0,0.0,0.0,0.0,0.0,0.0,0.0,0.0,0.0,0.0,0.0,0.0,0.0,0.0,0.0,0.0,0.0,0.0,0.0,0.0,0.0,0.0,0.0,0.0,0.0,0.0,0.0,0.0,0.0,0.0,0.0,0.0,0.0,0.0,0.0,0.0,0.0,0.0,0.0,0.0,0.0,0.0,0.0,0.0,0.0,0.0,0.0,0.0
2017-05-28 00:30:00+02:00,0.0,0.0,0.0,0.0,0.0,0.0,0.0,0.0,0.0,0.0,0.0,0.0,0.0,0.0,0.0,0.0,0.0,0.0,0.0,0.0,0.0,0.0,0.0,0.0,0.0,0.0,0.0,0.0,0.0,0.0,0.0,0.0,0.0,0.0,0.0,0.0,0.0,0.0,0.0,0.0,0.0,0.0,0.0,0.0,0.0,0.0,0.0,0.0,0.0,0.0,0.0,0.0,0.0,0.0,0.0,0.0,0.0,0.0,0.0,0.0,0.0,0.0,0.0,0.0,0.0,0.0,0.0,0.0,0.0,0.0,0.0,0.0,0.0,0.0,0.0,0.0,0.0,0.0,0.0,0.0,0.0,0.0,0.0,0.0,0.0,0.0,0.0,0.0,0.0,0.0,0.0,0.0,0.0,0.0,0.0,0.0,0.0,0.0,0.0,0.0,0.0,0.0,0.0,0.0,0.0,0.0,0.0,0.0,0.0,0.0,0.0,0.0,0.0,0.0,0.0,0.0,0.0,0.0
2017-05-28 00:31:00+02:00,0.0,0.0,0.0,0.0,0.0,0.0,0.0,0.0,0.0,0.0,0.0,0.0,0.0,0.0,0.0,0.0,0.0,0.0,0.0,0.0,0.0,0.0,0.0,0.0,0.0,0.0,0.0,0.0,0.0,0.0,0.0,0.0,0.0,0.0,0.0,0.0,0.0,0.0,0.0,0.0,0.0,0.0,0.0,0.0,0.0,0.0,0.0,0.0,0.0,0.0,0.0,0.0,0.0,0.0,0.0,0.0,0.0,0.0,0.0,0.0,0.0,0.0,0.0,0.0,0.0,0.0,0.0,0.0,0.0,0.0,0.0,0.0,0.0,0.0,0.0,0.0,0.0,0.0,0.0,0.0,0.0,0.0,0.0,0.0,0.0,0.0,0.0,0.0,0.0,0.0,0.0,0.0,0.0,0.0,0.0,0.0,0.0,0.0,0.0,0.0,0.0,0.0,0.0,0.0,0.0,0.0,0.0,0.0,0.0,0.0,0.0,0.0,0.0,0.0,0.0,0.0,0.0,0.0
2017-05-28 00:32:00+02:00,0.0,0.0,0.0,0.0,0.0,0.0,0.0,0.0,0.0,0.0,0.0,0.0,0.0,0.0,0.0,0.0,0.0,0.0,0.0,0.0,0.0,0.0,0.0,0.0,0.0,0.0,0.0,0.0,0.0,0.0,0.0,0.0,0.0,0.0,0.0,0.0,0.0,0.0,0.0,0.0,0.0,0.0,0.0,0.0,0.0,0.0,0.0,0.0,0.0,0.0,0.0,0.0,0.0,0.0,0.0,0.0,0.0,0.0,0.0,0.0,0.0,0.0,0.0,0.0,0.0,0.0,0.0,0.0,0.0,0.0,0.0,0.0,0.0,0.0,0.0,0.0,0.0,0.0,0.0,0.0,0.0,0.0,0.0,0.0,0.0,0.0,0.0,0.0,0.0,0.0,0.0,0.0,0.0,0.0,0.0,0.0,0.0,0.0,0.0,0.0,0.0,0.0,0.0,0.0,0.0,0.0,0.0,0.0,0.0,0.0,0.0,0.0,0.0,0.0,0.0,0.0,0.0,0.0
2017-05-28 00:33:00+02:00,0.0,0.0,0.0,0.0,0.0,0.0,0.0,0.0,0.0,0.0,0.0,0.0,0.0,0.0,0.0,0.0,0.0,0.0,0.0,0.0,0.0,0.0,0.0,0.0,0.0,0.0,0.0,0.0,0.0,0.0,0.0,0.0,0.0,0.0,0.0,0.0,0.0,0.0,0.0,0.0,0.0,0.0,0.0,0.0,0.0,0.0,0.0,0.0,0.0,0.0,0.0,0.0,0.0,0.0,0.0,0.0,0.0,0.0,0.0,0.0,0.0,0.0,0.0,0.0,0.0,0.0,0.0,0.0,0.0,0.0,0.0,0.0,0.0,0.0,0.0,0.0,0.0,0.0,0.0,0.0,0.0,0.0,0.0,0.0,0.0,0.0,0.0,0.0,0.0,0.0,0.0,0.0,0.0,0.0,0.0,0.0,0.0,0.0,0.0,0.0,0.0,0.0,0.0,0.0,0.0,0.0,0.0,0.0,0.0,0.0,0.0,0.0,0.0,0.0,0.0,0.0,0.0,0.0
2017-05-28 00:34:00+02:00,0.0,0.0,0.0,0.0,0.0,0.0,0.0,0.0,0.0,0.0,0.0,0.0,0.0,0.0,0.0,0.0,0.0,0.0,0.0,0.0,0.0,0.0,0.0,0.0,0.0,0.0,0.0,0.0,0.0,0.0,0.0,0.0,0.0,0.0,0.0,0.0,0.0,0.0,0.0,0.0,0.0,0.0,0.0,0.0,0.0,0.0,0.0,0.0,0.0,0.0,0.0,0.0,0.0,0.0,0.0,0.0,0.0,0.0,0.0,0.0,0.0,0.0,0.0,0.0,0.0,0.0,0.0,0.0,0.0,0.0,0.0,0.0,0.0,0.0,0.0,0.0,0.0,0.0,0.0,0.0,0.0,0.0,0.0,0.0,0.0,0.0,0.0,0.0,0.0,0.0,0.0,0.0,0.0,0.0,0.0,0.0,0.0,0.0,0.0,0.0,0.0,0.0,0.0,0.0,0.0,0.0,0.0,0.0,0.0,0.0,0.0,0.0,0.0,0.0,0.0,0.0,0.0,0.0
2017-05-28 00:35:00+02:00,0.0,0.0,0.0,0.0,0.0,0.0,0.0,0.0,0.0,0.0,0.0,0.0,0.0,0.0,0.0,0.0,0.0,0.0,0.0,0.0,0.0,0.0,0.0,0.0,0.0,0.0,0.0,0.0,0.0,0.0,0.0,0.0,0.0,0.0,0.0,0.0,0.0,0.0,0.0,0.0,0.0,0.0,0.0,0.0,0.0,0.0,0.0,0.0,0.0,0.0,0.0,0.0,0.0,0.0,0.0,0.0,0.0,0.0,0.0,0.0,0.0,0.0,0.0,0.0,0.0,0.0,0.0,0.0,0.0,0.0,0.0,0.0,0.0,0.0,0.0,0.0,0.0,0.0,0.0,0.0,0.0,0.0,0.0,0.0,0.0,0.0,0.0,0.0,0.0,0.0,0.0,0.0,0.0,0.0,0.0,0.0,0.0,0.0,0.0,0.0,0.0,0.0,0.0,0.0,0.0,0.0,0.0,0.0,0.0,0.0,0.0,0.0,0.0,0.0,0.0,0.0,0.0,0.0
2017-05-28 00:36:00+02:00,0.0,0.0,0.0,0.0,0.0,0.0,0.0,0.0,0.0,0.0,0.0,0.0,0.0,0.0,0.0,0.0,0.0,0.0,0.0,0.0,0.0,0.0,0.0,0.0,0.0,0.0,0.0,0.0,0.0,0.0,0.0,0.0,0.0,0.0,0.0,0.0,0.0,0.0,0.0,0.0,0.0,0.0,0.0,0.0,0.0,0.0,0.0,0.0,0.0,0.0,0.0,0.0,0.0,0.0,0.0,0.0,0.0,0.0,0.0,0.0,0.0,0.0,0.0,0.0,0.0,0.0,0.0,0.0,0.0,0.0,0.0,0.0,0.0,0.0,0.0,0.0,0.0,0.0,0.0,0.0,0.0,0.0,0.0,0.0,0.0,0.0,0.0,0.0,0.0,0.0,0.0,0.0,0.0,0.0,0.0,0.0,0.0,0.0,0.0,0.0,0.0,0.0,0.0,0.0,0.0,0.0,0.0,0.0,0.0,0.0,0.0,0.0,0.0,0.0,0.0,0.0,0.0,0.0
2017-05-28 00:37:00+02:00,0.0,0.0,0.0,0.0,0.0,0.0,0.0,0.0,0.0,0.0,0.0,0.0,0.0,0.0,0.0,0.0,0.0,0.0,0.0,0.0,0.0,0.0,0.0,0.0,0.0,0.0,0.0,0.0,0.0,0.0,0.0,0.0,0.0,0.0,0.0,0.0,0.0,0.0,0.0,0.0,0.0,0.0,0.0,0.0,0.0,0.0,0.0,0.0,0.0,0.0,0.0,0.0,0.0,0.0,0.0,0.0,0.0,0.0,0.0,0.0,0.0,0.0,0.0,0.0,0.0,0.0,0.0,0.0,0.0,0.0,0.0,0.0,0.0,0.0,0.0,0.0,0.0,0.0,0.0,0.0,0.0,0.0,0.0,0.0,0.0,0.0,0.0,0.0,0.0,0.0,0.0,0.0,0.0,0.0,0.0,0.0,0.0,0.0,0.0,0.0,0.0,0.0,0.0,0.0,0.0,0.0,0.0,0.0,0.0,0.0,0.0,0.0,0.0,0.0,0.0,0.0,0.0,0.0
2017-05-28 00:38:00+02:00,0.0,0.0,0.0,0.0,0.0,0.0,0.0,0.0,0.0,0.0,0.0,0.0,0.0,0.0,0.0,0.0,0.0,0.0,0.0,0.0,0.0,0.0,0.0,0.0,0.0,0.0,0.0,0.0,0.0,0.0,0.0,0.0,0.0,0.0,0.0,0.0,0.0,0.0,0.0,0.0,0.0,0.0,0.0,0.0,0.0,0.0,0.0,0.0,0.0,0.0,0.0,0.0,0.0,0.0,0.0,0.0,0.0,0.0,0.0,0.0,0.0,0.0,0.0,0.0,0.0,0.0,0.0,0.0,0.0,0.0,0.0,0.0,0.0,0.0,0.0,0.0,0.0,0.0,0.0,0.0,0.0,0.0,0.0,0.0,0.0,0.0,0.0,0.0,0.0,0.0,0.0,0.0,0.0,0.0,0.0,0.0,0.0,0.0,0.0,0.0,0.0,0.0,0.0,0.0,0.0,0.0,0.0,0.0,0.0,0.0,0.0,0.0,0.0,0.0,0.0,0.0,0.0,0.0
2017-05-28 00:39:00+02:00,0.0,0.0,0.0,0.0,0.0,0.0,0.0,0.0,0.0,0.0,0.0,0.0,0.0,0.0,0.0,0.0,0.0,0.0,0.0,0.0,0.0,0.0,0.0,0.0,0.0,0.0,0.0,0.0,0.0,0.0,0.0,0.0,0.0,0.0,0.0,0.0,0.0,0.0,0.0,0.0,0.0,0.0,0.0,0.0,0.0,0.0,0.0,0.0,0.0,0.0,0.0,0.0,0.0,0.0,0.0,0.0,0.0,0.0,0.0,0.0,0.0,0.0,0.0,0.0,0.0,0.0,0.0,0.0,0.0,0.0,0.0,0.0,0.0,0.0,0.0,0.0,0.0,0.0,0.0,0.0,0.0,0.0,0.0,0.0,0.0,0.0,0.0,0.0,0.0,0.0,0.0,0.0,0.0,0.0,0.0,0.0,0.0,0.0,0.0,0.0,0.0,0.0,0.0,0.0,0.0,0.0,0.0,0.0,0.0,0.0,0.0,0.0,0.0,0.0,0.0,0.0,0.0,0.0
2017-05-28 00:40:00+02:00,0.0,0.0,0.0,0.0,0.0,0.0,0.0,0.0,0.0,0.0,0.0,0.0,0.0,0.0,0.0,0.0,0.0,0.0,0.0,0.0,0.0,0.0,0.0,0.0,0.0,0.0,0.0,0.0,0.0,0.0,0.0,0.0,0.0,0.0,0.0,0.0,0.0,0.0,0.0,0.0,0.0,0.0,0.0,0.0,0.0,0.0,0.0,0.0,0.0,0.0,0.0,0.0,0.0,0.0,0.0,0.0,0.0,0.0,0.0,0.0,0.0,0.0,0.0,0.0,0.0,0.0,0.0,0.0,0.0,0.0,0.0,0.0,0.0,0.0,0.0,0.0,0.0,0.0,0.0,0.0,0.0,0.0,0.0,0.0,0.0,0.0,0.0,0.0,0.0,0.0,0.0,0.0,0.0,0.0,0.0,0.0,0.0,0.0,0.0,0.0,0.0,0.0,0.0,0.0,0.0,0.0,0.0,0.0,0.0,0.0,0.0,0.0,0.0,0.0,0.0,0.0,0.0,0.0
2017-05-28 00:41:00+02:00,0.0,0.0,0.0,0.0,0.0,0.0,0.0,0.0,0.0,0.0,0.0,0.0,0.0,0.0,0.0,0.0,0.0,0.0,0.0,0.0,0.0,0.0,0.0,0.0,0.0,0.0,0.0,0.0,0.0,0.0,0.0,0.0,0.0,0.0,0.0,0.0,0.0,0.0,0.0,0.0,0.0,0.0,0.0,0.0,0.0,0.0,0.0,0.0,0.0,0.0,0.0,0.0,0.0,0.0,0.0,0.0,0.0,0.0,0.0,0.0,0.0,0.0,0.0,0.0,0.0,0.0,0.0,0.0,0.0,0.0,0.0,0.0,0.0,0.0,0.0,0.0,0.0,0.0,0.0,0.0,0.0,0.0,0.0,0.0,0.0,0.0,0.0,0.0,0.0,0.0,0.0,0.0,0.0,0.0,0.0,0.0,0.0,0.0,0.0,0.0,0.0,0.0,0.0,0.0,0.0,0.0,0.0,0.0,0.0,0.0,0.0,0.0,0.0,0.0,0.0,0.0,0.0,0.0
2017-05-28 00:42:00+02:00,0.0,0.0,0.0,0.0,0.0,0.0,0.0,0.0,0.0,0.0,0.0,0.0,0.0,0.0,0.0,0.0,0.0,0.0,0.0,0.0,0.0,0.0,0.0,0.0,0.0,0.0,0.0,0.0,0.0,0.0,0.0,0.0,0.0,0.0,0.0,0.0,0.0,0.0,0.0,0.0,0.0,0.0,0.0,0.0,0.0,0.0,0.0,0.0,0.0,0.0,0.0,0.0,0.0,0.0,0.0,0.0,0.0,0.0,0.0,0.0,0.0,0.0,0.0,0.0,0.0,0.0,0.0,0.0,0.0,0.0,0.0,0.0,0.0,0.0,0.0,0.0,0.0,0.0,0.0,0.0,0.0,0.0,0.0,0.0,0.0,0.0,0.0,0.0,0.0,0.0,0.0,0.0,0.0,0.0,0.0,0.0,0.0,0.0,0.0,0.0,0.0,0.0,0.0,0.0,0.0,0.0,0.0,0.0,0.0,0.0,0.0,0.0,0.0,0.0,0.0,0.0,0.0,0.0
2017-05-28 00:43:00+02:00,0.0,0.0,0.0,0.0,0.0,0.0,0.0,0.0,0.0,0.0,0.0,0.0,0.0,0.0,0.0,0.0,0.0,0.0,0.0,0.0,0.0,0.0,0.0,0.0,0.0,0.0,0.0,0.0,0.0,0.0,0.0,0.0,0.0,0.0,0.0,0.0,0.0,0.0,0.0,0.0,0.0,0.0,0.0,0.0,0.0,0.0,0.0,0.0,0.0,0.0,0.0,0.0,0.0,0.0,0.0,0.0,0.0,0.0,0.0,0.0,0.0,0.0,0.0,0.0,0.0,0.0,0.0,0.0,0.0,0.0,0.0,0.0,0.0,0.0,0.0,0.0,0.0,0.0,0.0,0.0,0.0,0.0,0.0,0.0,0.0,0.0,0.0,0.0,0.0,0.0,0.0,0.0,0.0,0.0,0.0,0.0,0.0,0.0,0.0,0.0,0.0,0.0,0.0,0.0,0.0,0.0,0.0,0.0,0.0,0.0,0.0,0.0,0.0,0.0,0.0,0.0,0.0,0.0
2017-05-28 00:44:00+02:00,0.0,0.0,0.0,0.0,0.0,0.0,0.0,0.0,0.0,0.0,0.0,0.0,0.0,0.0,0.0,0.0,0.0,0.0,0.0,0.0,0.0,0.0,0.0,0.0,0.0,0.0,0.0,0.0,0.0,0.0,0.0,0.0,0.0,0.0,0.0,0.0,0.0,0.0,0.0,0.0,0.0,0.0,0.0,0.0,0.0,0.0,0.0,0.0,0.0,0.0,0.0,0.0,0.0,0.0,0.0,0.0,0.0,0.0,0.0,0.0,0.0,0.0,0.0,0.0,0.0,0.0,0.0,0.0,0.0,0.0,0.0,0.0,0.0,0.0,0.0,0.0,0.0,0.0,0.0,0.0,0.0,0.0,0.0,0.0,0.0,0.0,0.0,0.0,0.0,0.0,0.0,0.0,0.0,0.0,0.0,0.0,0.0,0.0,0.0,0.0,0.0,0.0,0.0,0.0,0.0,0.0,0.0,0.0,0.0,0.0,0.0,0.0,0.0,0.0,0.0,0.0,0.0,0.0
2017-05-28 00:45:00+02:00,0.0,0.0,0.0,0.0,0.0,0.0,0.0,0.0,0.0,0.0,0.0,0.0,0.0,0.0,0.0,0.0,0.0,0.0,0.0,0.0,0.0,0.0,0.0,0.0,0.0,0.0,0.0,0.0,0.0,0.0,0.0,0.0,0.0,0.0,0.0,0.0,0.0,0.0,0.0,0.0,0.0,0.0,0.0,0.0,0.0,0.0,0.0,0.0,0.0,0.0,0.0,0.0,0.0,0.0,0.0,0.0,0.0,0.0,0.0,0.0,0.0,0.0,0.0,0.0,0.0,0.0,0.0,0.0,0.0,0.0,0.0,0.0,0.0,0.0,0.0,0.0,0.0,0.0,0.0,0.0,0.0,0.0,0.0,0.0,0.0,0.0,0.0,0.0,0.0,0.0,0.0,0.0,0.0,0.0,0.0,0.0,0.0,0.0,0.0,0.0,0.0,0.0,0.0,0.0,0.0,0.0,0.0,0.0,0.0,0.0,0.0,0.0,0.0,0.0,0.0,0.0,0.0,0.0
2017-05-28 00:46:00+02:00,0.0,0.0,0.0,0.0,0.0,0.0,0.0,0.0,0.0,0.0,0.0,0.0,0.0,0.0,0.0,0.0,0.0,0.0,0.0,0.0,0.0,0.0,0.0,0.0,0.0,0.0,0.0,0.0,0.0,0.0,0.0,0.0,0.0,0.0,0.0,0.0,0.0,0.0,0.0,0.0,0.0,0.0,0.0,0.0,0.0,0.0,0.0,0.0,0.0,0.0,0.0,0.0,0.0,0.0,0.0,0.0,0.0,0.0,0.0,0.0,0.0,0.0,0.0,0.0,0.0,0.0,0.0,0.0,0.0,0.0,0.0,0.0,0.0,0.0,0.0,0.0,0.0,0.0,0.0,0.0,0.0,0.0,0.0,0.0,0.0,0.0,0.0,0.0,0.0,0.0,0.0,0.0,0.0,0.0,0.0,0.0,0.0,0.0,0.0,0.0,0.0,0.0,0.0,0.0,0.0,0.0,0.0,0.0,0.0,0.0,0.0,0.0,0.0,0.0,0.0,0.0,0.0,0.0
2017-05-28 00:47:00+02:00,0.0,0.0,0.0,0.0,0.0,0.0,0.0,0.0,0.0,0.0,0.0,0.0,0.0,0.0,0.0,0.0,0.0,0.0,0.0,0.0,0.0,0.0,0.0,0.0,0.0,0.0,0.0,0.0,0.0,0.0,0.0,0.0,0.0,0.0,0.0,0.0,0.0,0.0,0.0,0.0,0.0,0.0,0.0,0.0,0.0,0.0,0.0,0.0,0.0,0.0,0.0,0.0,0.0,0.0,0.0,0.0,0.0,0.0,0.0,0.0,0.0,0.0,0.0,0.0,0.0,0.0,0.0,0.0,0.0,0.0,0.0,0.0,0.0,0.0,0.0,0.0,0.0,0.0,0.0,0.0,0.0,0.0,0.0,0.0,0.0,0.0,0.0,0.0,0.0,0.0,0.0,0.0,0.0,0.0,0.0,0.0,0.0,0.0,0.0,0.0,0.0,0.0,0.0,0.0,0.0,0.0,0.0,0.0,0.0,0.0,0.0,0.0,0.0,0.0,0.0,0.0,0.0,0.0
2017-05-28 00:48:00+02:00,0.0,0.0,0.0,0.0,0.0,0.0,0.0,0.0,0.0,0.0,0.0,0.0,0.0,0.0,0.0,0.0,0.0,0.0,0.0,0.0,0.0,0.0,0.0,0.0,0.0,0.0,0.0,0.0,0.0,0.0,0.0,0.0,0.0,0.0,0.0,0.0,0.0,0.0,0.0,0.0,0.0,0.0,0.0,0.0,0.0,0.0,0.0,0.0,0.0,0.0,0.0,0.0,0.0,0.0,0.0,0.0,0.0,0.0,0.0,0.0,0.0,0.0,0.0,0.0,0.0,0.0,0.0,0.0,0.0,0.0,0.0,0.0,0.0,0.0,0.0,0.0,0.0,0.0,0.0,0.0,0.0,0.0,0.0,0.0,0.0,0.0,0.0,0.0,0.0,0.0,0.0,0.0,0.0,0.0,0.0,0.0,0.0,0.0,0.0,0.0,0.0,0.0,0.0,0.0,0.0,0.0,0.0,0.0,0.0,0.0,0.0,0.0,0.0,0.0,0.0,0.0,0.0,0.0
2017-05-28 00:49:00+02:00,0.0,0.0,0.0,0.0,0.0,0.0,0.0,0.0,0.0,0.0,0.0,0.0,0.0,0.0,0.0,0.0,0.0,0.0,0.0,0.0,0.0,0.0,0.0,0.0,0.0,0.0,0.0,0.0,0.0,0.0,0.0,0.0,0.0,0.0,0.0,0.0,0.0,0.0,0.0,0.0,0.0,0.0,0.0,0.0,0.0,0.0,0.0,0.0,0.0,0.0,0.0,0.0,0.0,0.0,0.0,0.0,0.0,0.0,0.0,0.0,0.0,0.0,0.0,0.0,0.0,0.0,0.0,0.0,0.0,0.0,0.0,0.0,0.0,0.0,0.0,0.0,0.0,0.0,0.0,0.0,0.0,0.0,0.0,0.0,0.0,0.0,0.0,0.0,0.0,0.0,0.0,0.0,0.0,0.0,0.0,0.0,0.0,0.0,0.0,0.0,0.0,0.0,0.0,0.0,0.0,0.0,0.0,0.0,0.0,0.0,0.0,0.0,0.0,0.0,0.0,0.0,0.0,0.0
2017-05-28 00:50:00+02:00,0.0,0.0,0.0,0.0,0.0,0.0,0.0,0.0,0.0,0.0,0.0,0.0,0.0,0.0,0.0,0.0,0.0,0.0,0.0,0.0,0.0,0.0,0.0,0.0,0.0,0.0,0.0,0.0,0.0,0.0,0.0,0.0,0.0,0.0,0.0,0.0,0.0,0.0,0.0,0.0,0.0,0.0,0.0,0.0,0.0,0.0,0.0,0.0,0.0,0.0,0.0,0.0,0.0,0.0,0.0,0.0,0.0,0.0,0.0,0.0,0.0,0.0,0.0,0.0,0.0,0.0,0.0,0.0,0.0,0.0,0.0,0.0,0.0,0.0,0.0,0.0,0.0,0.0,0.0,0.0,0.0,0.0,0.0,0.0,0.0,0.0,0.0,0.0,0.0,0.0,0.0,0.0,0.0,0.0,0.0,0.0,0.0,0.0,0.0,0.0,0.0,0.0,0.0,0.0,0.0,0.0,0.0,0.0,0.0,0.0,0.0,0.0,0.0,0.0,0.0,0.0,0.0,0.0
2017-05-28 00:51:00+02:00,0.0,0.0,0.0,0.0,0.0,0.0,0.0,0.0,0.0,0.0,0.0,0.0,0.0,0.0,0.0,0.0,0.0,0.0,0.0,0.0,0.0,0.0,0.0,0.0,0.0,0.0,0.0,0.0,0.0,0.0,0.0,0.0,0.0,0.0,0.0,0.0,0.0,0.0,0.0,0.0,0.0,0.0,0.0,0.0,0.0,0.0,0.0,0.0,0.0,0.0,0.0,0.0,0.0,0.0,0.0,0.0,0.0,0.0,0.0,0.0,0.0,0.0,0.0,0.0,0.0,0.0,0.0,0.0,0.0,0.0,0.0,0.0,0.0,0.0,0.0,0.0,0.0,0.0,0.0,0.0,0.0,0.0,0.0,0.0,0.0,0.0,0.0,0.0,0.0,0.0,0.0,0.0,0.0,0.0,0.0,0.0,0.0,0.0,0.0,0.0,0.0,0.0,0.0,0.0,0.0,0.0,0.0,0.0,0.0,0.0,0.0,0.0,0.0,0.0,0.0,0.0,0.0,0.0
2017-05-28 00:52:00+02:00,0.0,0.0,0.0,0.0,0.0,0.0,0.0,0.0,0.0,0.0,0.0,0.0,0.0,0.0,0.0,0.0,0.0,0.0,0.0,0.0,0.0,0.0,0.0,0.0,0.0,0.0,0.0,0.0,0.0,0.0,0.0,0.0,0.0,0.0,0.0,0.0,0.0,0.0,0.0,0.0,0.0,0.0,0.0,0.0,0.0,0.0,0.0,0.0,0.0,0.0,0.0,0.0,0.0,0.0,0.0,0.0,0.0,0.0,0.0,0.0,0.0,0.0,0.0,0.0,0.0,0.0,0.0,0.0,0.0,0.0,0.0,0.0,0.0,0.0,0.0,0.0,0.0,0.0,0.0,0.0,0.0,0.0,0.0,0.0,0.0,0.0,0.0,0.0,0.0,0.0,0.0,0.0,0.0,0.0,0.0,0.0,0.0,0.0,0.0,0.0,0.0,0.0,0.0,0.0,0.0,0.0,0.0,0.0,0.0,0.0,0.0,0.0,0.0,0.0,0.0,0.0,0.0,0.0
2017-05-28 00:53:00+02:00,0.0,0.0,0.0,0.0,0.0,0.0,0.0,0.0,0.0,0.0,0.0,0.0,0.0,0.0,0.0,0.0,0.0,0.0,0.0,0.0,0.0,0.0,0.0,0.0,0.0,0.0,0.0,0.0,0.0,0.0,0.0,0.0,0.0,0.0,0.0,0.0,0.0,0.0,0.0,0.0,0.0,0.0,0.0,0.0,0.0,0.0,0.0,0.0,0.0,0.0,0.0,0.0,0.0,0.0,0.0,0.0,0.0,0.0,0.0,0.0,0.0,0.0,0.0,0.0,0.0,0.0,0.0,0.0,0.0,0.0,0.0,0.0,0.0,0.0,0.0,0.0,0.0,0.0,0.0,0.0,0.0,0.0,0.0,0.0,0.0,0.0,0.0,0.0,0.0,0.0,0.0,0.0,0.0,0.0,0.0,0.0,0.0,0.0,0.0,0.0,0.0,0.0,0.0,0.0,0.0,0.0,0.0,0.0,0.0,0.0,0.0,0.0,0.0,0.0,0.0,0.0,0.0,0.0
2017-05-28 00:54:00+02:00,0.0,0.0,0.0,0.0,0.0,0.0,0.0,0.0,0.0,0.0,0.0,0.0,0.0,0.0,0.0,0.0,0.0,0.0,0.0,0.0,0.0,0.0,0.0,0.0,0.0,0.0,0.0,0.0,0.0,0.0,0.0,0.0,0.0,0.0,0.0,0.0,0.0,0.0,0.0,0.0,0.0,0.0,0.0,0.0,0.0,0.0,0.0,0.0,0.0,0.0,0.0,0.0,0.0,0.0,0.0,0.0,0.0,0.0,0.0,0.0,0.0,0.0,0.0,0.0,0.0,0.0,0.0,0.0,0.0,0.0,0.0,0.0,0.0,0.0,0.0,0.0,0.0,0.0,0.0,0.0,0.0,0.0,0.0,0.0,0.0,0.0,0.0,0.0,0.0,0.0,0.0,0.0,0.0,0.0,0.0,0.0,0.0,0.0,0.0,0.0,0.0,0.0,0.0,0.0,0.0,0.0,0.0,0.0,0.0,0.0,0.0,0.0,0.0,0.0,0.0,0.0,0.0,0.0
2017-05-28 00:55:00+02:00,0.0,0.0,0.0,0.0,0.0,0.0,0.0,0.0,0.0,0.0,0.0,0.0,0.0,0.0,0.0,0.0,0.0,0.0,0.0,0.0,0.0,0.0,0.0,0.0,0.0,0.0,0.0,0.0,0.0,0.0,0.0,0.0,0.0,0.0,0.0,0.0,0.0,0.0,0.0,0.0,0.0,0.0,0.0,0.0,0.0,0.0,0.0,0.0,0.0,0.0,0.0,0.0,0.0,0.0,0.0,0.0,0.0,0.0,0.0,0.0,0.0,0.0,0.0,0.0,0.0,0.0,0.0,0.0,0.0,0.0,0.0,0.0,0.0,0.0,0.0,0.0,0.0,0.0,0.0,0.0,0.0,0.0,0.0,0.0,0.0,0.0,0.0,0.0,0.0,0.0,0.0,0.0,0.0,0.0,0.0,0.0,0.0,0.0,0.0,0.0,0.0,0.0,0.0,0.0,0.0,0.0,0.0,0.0,0.0,0.0,0.0,0.0,0.0,0.0,0.0,0.0,0.0,0.0
2017-05-28 00:56:00+02:00,0.0,0.0,0.0,0.0,0.0,0.0,0.0,0.0,0.0,0.0,0.0,0.0,0.0,0.0,0.0,0.0,0.0,0.0,0.0,0.0,0.0,0.0,0.0,0.0,0.0,0.0,0.0,0.0,0.0,0.0,0.0,0.0,0.0,0.0,0.0,0.0,0.0,0.0,0.0,0.0,0.0,0.0,0.0,0.0,0.0,0.0,0.0,0.0,0.0,0.0,0.0,0.0,0.0,0.0,0.0,0.0,0.0,0.0,0.0,0.0,0.0,0.0,0.0,0.0,0.0,0.0,0.0,0.0,0.0,0.0,0.0,0.0,0.0,0.0,0.0,0.0,0.0,0.0,0.0,0.0,0.0,0.0,0.0,0.0,0.0,0.0,0.0,0.0,0.0,0.0,0.0,0.0,0.0,0.0,0.0,0.0,0.0,0.0,0.0,0.0,0.0,0.0,0.0,0.0,0.0,0.0,0.0,0.0,0.0,0.0,0.0,0.0,0.0,0.0,0.0,0.0,0.0,0.0
2017-05-28 00:57:00+02:00,0.0,0.0,0.0,0.0,0.0,0.0,0.0,0.0,0.0,0.0,0.0,0.0,0.0,0.0,0.0,0.0,0.0,0.0,0.0,0.0,0.0,0.0,0.0,0.0,0.0,0.0,0.0,0.0,0.0,0.0,0.0,0.0,0.0,0.0,0.0,0.0,0.0,0.0,0.0,0.0,0.0,0.0,0.0,0.0,0.0,0.0,0.0,0.0,0.0,0.0,0.0,0.0,0.0,0.0,0.0,0.0,0.0,0.0,0.0,0.0,0.0,0.0,0.0,0.0,0.0,0.0,0.0,0.0,0.0,0.0,0.0,0.0,0.0,0.0,0.0,0.0,0.0,0.0,0.0,0.0,0.0,0.0,0.0,0.0,0.0,0.0,0.0,0.0,0.0,0.0,0.0,0.0,0.0,0.0,0.0,0.0,0.0,0.0,0.0,0.0,0.0,0.0,0.0,0.0,0.0,0.0,0.0,0.0,0.0,0.0,0.0,0.0,0.0,0.0,0.0,0.0,0.0,0.0
2017-05-28 00:58:00+02:00,0.0,0.0,0.0,0.0,0.0,0.0,0.0,0.0,0.0,0.0,0.0,0.0,0.0,0.0,0.0,0.0,0.0,0.0,0.0,0.0,0.0,0.0,0.0,0.0,0.0,0.0,0.0,0.0,0.0,0.0,0.0,0.0,0.0,0.0,0.0,0.0,0.0,0.0,0.0,0.0,0.0,0.0,0.0,0.0,0.0,0.0,0.0,0.0,0.0,0.0,0.0,0.0,0.0,0.0,0.0,0.0,0.0,0.0,0.0,0.0,0.0,0.0,0.0,0.0,0.0,0.0,0.0,0.0,0.0,0.0,0.0,0.0,0.0,0.0,0.0,0.0,0.0,0.0,0.0,0.0,0.0,0.0,0.0,0.0,0.0,0.0,0.0,0.0,0.0,0.0,0.0,0.0,0.0,0.0,0.0,0.0,0.0,0.0,0.0,0.0,0.0,0.0,0.0,0.0,0.0,0.0,0.0,0.0,0.0,0.0,0.0,0.0,0.0,0.0,0.0,0.0,0.0,0.0
2017-05-28 00:59:00+02:00,0.0,0.0,0.0,0.0,0.0,0.0,0.0,0.0,0.0,0.0,0.0,0.0,0.0,0.0,0.0,0.0,0.0,0.0,0.0,0.0,0.0,0.0,0.0,0.0,0.0,0.0,0.0,0.0,0.0,0.0,0.0,0.0,0.0,0.0,0.0,0.0,0.0,0.0,0.0,0.0,0.0,0.0,0.0,0.0,0.0,0.0,0.0,0.0,0.0,0.0,0.0,0.0,0.0,0.0,0.0,0.0,0.0,0.0,0.0,0.0,0.0,0.0,0.0,0.0,0.0,0.0,0.0,0.0,0.0,0.0,0.0,0.0,0.0,0.0,0.0,0.0,0.0,0.0,0.0,0.0,0.0,0.0,0.0,0.0,0.0,0.0,0.0,0.0,0.0,0.0,0.0,0.0,0.0,0.0,0.0,0.0,0.0,0.0,0.0,0.0,0.0,0.0,0.0,0.0,0.0,0.0,0.0,0.0,0.0,0.0,0.0,0.0,0.0,0.0,0.0,0.0,0.0,0.0
2017-05-28 01:00:00+02:00,0.0,0.0,0.0,0.0,0.0,0.0,0.0,0.0,0.0,0.0,0.0,0.0,0.0,0.0,0.0,0.0,0.0,0.0,0.0,0.0,0.0,0.0,0.0,0.0,0.0,0.0,0.0,0.0,0.0,0.0,0.0,0.0,0.0,0.0,0.0,0.0,0.0,0.0,0.0,0.0,0.0,0.0,0.0,0.0,0.0,0.0,0.0,0.0,0.0,0.0,0.0,0.0,0.0,0.0,0.0,0.0,0.0,0.0,0.0,0.0,0.0,0.0,0.0,0.0,0.0,0.0,0.0,0.0,0.0,0.0,0.0,0.0,0.0,0.0,0.0,0.0,0.0,0.0,0.0,0.0,0.0,0.0,0.0,0.0,0.0,0.0,0.0,0.0,0.0,0.0,0.0,0.0,0.0,0.0,0.0,0.0,0.0,0.0,0.0,0.0,0.0,0.0,0.0,0.0,0.0,0.0,0.0,0.0,0.0,0.0,0.0,0.0,0.0,0.0,0.0,0.0,0.0,0.0
2017-05-28 01:01:00+02:00,0.0,0.0,0.0,0.0,0.0,0.0,0.0,0.0,0.0,0.0,0.0,0.0,0.0,0.0,0.0,0.0,0.0,0.0,0.0,0.0,0.0,0.0,0.0,0.0,0.0,0.0,0.0,0.0,0.0,0.0,0.0,0.0,0.0,0.0,0.0,0.0,0.0,0.0,0.0,0.0,0.0,0.0,0.0,0.0,0.0,0.0,0.0,0.0,0.0,0.0,0.0,0.0,0.0,0.0,0.0,0.0,0.0,0.0,0.0,0.0,0.0,0.0,0.0,0.0,0.0,0.0,0.0,0.0,0.0,0.0,0.0,0.0,0.0,0.0,0.0,0.0,0.0,0.0,0.0,0.0,0.0,0.0,0.0,0.0,0.0,0.0,0.0,0.0,0.0,0.0,0.0,0.0,0.0,0.0,0.0,0.0,0.0,0.0,0.0,0.0,0.0,0.0,0.0,0.0,0.0,0.0,0.0,0.0,0.0,0.0,0.0,0.0,0.0,0.0,0.0,0.0,0.0,0.0
2017-05-28 01:02:00+02:00,0.0,0.0,0.0,0.0,0.0,0.0,0.0,0.0,0.0,0.0,0.0,0.0,0.0,0.0,0.0,0.0,0.0,0.0,0.0,0.0,0.0,0.0,0.0,0.0,0.0,0.0,0.0,0.0,0.0,0.0,0.0,0.0,0.0,0.0,0.0,0.0,0.0,0.0,0.0,0.0,0.0,0.0,0.0,0.0,0.0,0.0,0.0,0.0,0.0,0.0,0.0,0.0,0.0,0.0,0.0,0.0,0.0,0.0,0.0,0.0,0.0,0.0,0.0,0.0,0.0,0.0,0.0,0.0,0.0,0.0,0.0,0.0,0.0,0.0,0.0,0.0,0.0,0.0,0.0,0.0,0.0,0.0,0.0,0.0,0.0,0.0,0.0,0.0,0.0,0.0,0.0,0.0,0.0,0.0,0.0,0.0,0.0,0.0,0.0,0.0,0.0,0.0,0.0,0.0,0.0,0.0,0.0,0.0,0.0,0.0,0.0,0.0,0.0,0.0,0.0,0.0,0.0,0.0
2017-05-28 01:03:00+02:00,0.0,0.0,0.0,0.0,0.0,0.0,0.0,0.0,0.0,0.0,0.0,0.0,0.0,0.0,0.0,0.0,0.0,0.0,0.0,0.0,0.0,0.0,0.0,0.0,0.0,0.0,0.0,0.0,0.0,0.0,0.0,0.0,0.0,0.0,0.0,0.0,0.0,0.0,0.0,0.0,0.0,0.0,0.0,0.0,0.0,0.0,0.0,0.0,0.0,0.0,0.0,0.0,0.0,0.0,0.0,0.0,0.0,0.0,0.0,0.0,0.0,0.0,0.0,0.0,0.0,0.0,0.0,0.0,0.0,0.0,0.0,0.0,0.0,0.0,0.0,0.0,0.0,0.0,0.0,0.0,0.0,0.0,0.0,0.0,0.0,0.0,0.0,0.0,0.0,0.0,0.0,0.0,0.0,0.0,0.0,0.0,0.0,0.0,0.0,0.0,0.0,0.0,0.0,0.0,0.0,0.0,0.0,0.0,0.0,0.0,0.0,0.0,0.0,0.0,0.0,0.0,0.0,0.0
2017-05-28 01:04:00+02:00,0.0,0.0,0.0,0.0,0.0,0.0,0.0,0.0,0.0,0.0,0.0,0.0,0.0,0.0,0.0,0.0,0.0,0.0,0.0,0.0,0.0,0.0,0.0,0.0,0.0,0.0,0.0,0.0,0.0,0.0,0.0,0.0,0.0,0.0,0.0,0.0,0.0,0.0,0.0,0.0,0.0,0.0,0.0,0.0,0.0,0.0,0.0,0.0,0.0,0.0,0.0,0.0,0.0,0.0,0.0,0.0,0.0,0.0,0.0,0.0,0.0,0.0,0.0,0.0,0.0,0.0,0.0,0.0,0.0,0.0,0.0,0.0,0.0,0.0,0.0,0.0,0.0,0.0,0.0,0.0,0.0,0.0,0.0,0.0,0.0,0.0,0.0,0.0,0.0,0.0,0.0,0.0,0.0,0.0,0.0,0.0,0.0,0.0,0.0,0.0,0.0,0.0,0.0,0.0,0.0,0.0,0.0,0.0,0.0,0.0,0.0,0.0,0.0,0.0,0.0,0.0,0.0,0.0
2017-05-28 01:05:00+02:00,0.0,0.0,0.0,0.0,0.0,0.0,0.0,0.0,0.0,0.0,0.0,0.0,0.0,0.0,0.0,0.0,0.0,0.0,0.0,0.0,0.0,0.0,0.0,0.0,0.0,0.0,0.0,0.0,0.0,0.0,0.0,0.0,0.0,0.0,0.0,0.0,0.0,0.0,0.0,0.0,0.0,0.0,0.0,0.0,0.0,0.0,0.0,0.0,0.0,0.0,0.0,0.0,0.0,0.0,0.0,0.0,0.0,0.0,0.0,0.0,0.0,0.0,0.0,0.0,0.0,0.0,0.0,0.0,0.0,0.0,0.0,0.0,0.0,0.0,0.0,0.0,0.0,0.0,0.0,0.0,0.0,0.0,0.0,0.0,0.0,0.0,0.0,0.0,0.0,0.0,0.0,0.0,0.0,0.0,0.0,0.0,0.0,0.0,0.0,0.0,0.0,0.0,0.0,0.0,0.0,0.0,0.0,0.0,0.0,0.0,0.0,0.0,0.0,0.0,0.0,0.0,0.0,0.0
2017-05-28 01:06:00+02:00,0.0,0.0,0.0,0.0,0.0,0.0,0.0,0.0,0.0,0.0,0.0,0.0,0.0,0.0,0.0,0.0,0.0,0.0,0.0,0.0,0.0,0.0,0.0,0.0,0.0,0.0,0.0,0.0,0.0,0.0,0.0,0.0,0.0,0.0,0.0,0.0,0.0,0.0,0.0,0.0,0.0,0.0,0.0,0.0,0.0,0.0,0.0,0.0,0.0,0.0,0.0,0.0,0.0,0.0,0.0,0.0,0.0,0.0,0.0,0.0,0.0,0.0,0.0,0.0,0.0,0.0,0.0,0.0,0.0,0.0,0.0,0.0,0.0,0.0,0.0,0.0,0.0,0.0,0.0,0.0,0.0,0.0,0.0,0.0,0.0,0.0,0.0,0.0,0.0,0.0,0.0,0.0,0.0,0.0,0.0,0.0,0.0,0.0,0.0,0.0,0.0,0.0,0.0,0.0,0.0,0.0,0.0,0.0,0.0,0.0,0.0,0.0,0.0,0.0,0.0,0.0,0.0,0.0
2017-05-28 01:07:00+02:00,0.0,0.0,0.0,0.0,0.0,0.0,0.0,0.0,0.0,0.0,0.0,0.0,0.0,0.0,0.0,0.0,0.0,0.0,0.0,0.0,0.0,0.0,0.0,0.0,0.0,0.0,0.0,0.0,0.0,0.0,0.0,0.0,0.0,0.0,0.0,0.0,0.0,0.0,0.0,0.0,0.0,0.0,0.0,0.0,0.0,0.0,0.0,0.0,0.0,0.0,0.0,0.0,0.0,0.0,0.0,0.0,0.0,0.0,0.0,0.0,0.0,0.0,0.0,0.0,0.0,0.0,0.0,0.0,0.0,0.0,0.0,0.0,0.0,0.0,0.0,0.0,0.0,0.0,0.0,0.0,0.0,0.0,0.0,0.0,0.0,0.0,0.0,0.0,0.0,0.0,0.0,0.0,0.0,0.0,0.0,0.0,0.0,0.0,0.0,0.0,0.0,0.0,0.0,0.0,0.0,0.0,0.0,0.0,0.0,0.0,0.0,0.0,0.0,0.0,0.0,0.0,0.0,0.0
2017-05-28 01:08:00+02:00,0.0,0.0,0.0,0.0,0.0,0.0,0.0,0.0,0.0,0.0,0.0,0.0,0.0,0.0,0.0,0.0,0.0,0.0,0.0,0.0,0.0,0.0,0.0,0.0,0.0,0.0,0.0,0.0,0.0,0.0,0.0,0.0,0.0,0.0,0.0,0.0,0.0,0.0,0.0,0.0,0.0,0.0,0.0,0.0,0.0,0.0,0.0,0.0,0.0,0.0,0.0,0.0,0.0,0.0,0.0,0.0,0.0,0.0,0.0,0.0,0.0,0.0,0.0,0.0,0.0,0.0,0.0,0.0,0.0,0.0,0.0,0.0,0.0,0.0,0.0,0.0,0.0,0.0,0.0,0.0,0.0,0.0,0.0,0.0,0.0,0.0,0.0,0.0,0.0,0.0,0.0,0.0,0.0,0.0,0.0,0.0,0.0,0.0,0.0,0.0,0.0,0.0,0.0,0.0,0.0,0.0,0.0,0.0,0.0,0.0,0.0,0.0,0.0,0.0,0.0,0.0,0.0,0.0
2017-05-28 01:09:00+02:00,0.0,0.0,0.0,0.0,0.0,0.0,0.0,0.0,0.0,0.0,0.0,0.0,0.0,0.0,0.0,0.0,0.0,0.0,0.0,0.0,0.0,0.0,0.0,0.0,0.0,0.0,0.0,0.0,0.0,0.0,0.0,0.0,0.0,0.0,0.0,0.0,0.0,0.0,0.0,0.0,0.0,0.0,0.0,0.0,0.0,0.0,0.0,0.0,0.0,0.0,0.0,0.0,0.0,0.0,0.0,0.0,0.0,0.0,0.0,0.0,0.0,0.0,0.0,0.0,0.0,0.0,0.0,0.0,0.0,0.0,0.0,0.0,0.0,0.0,0.0,0.0,0.0,0.0,0.0,0.0,0.0,0.0,0.0,0.0,0.0,0.0,0.0,0.0,0.0,0.0,0.0,0.0,0.0,0.0,0.0,0.0,0.0,0.0,0.0,0.0,0.0,0.0,0.0,0.0,0.0,0.0,0.0,0.0,0.0,0.0,0.0,0.0,0.0,0.0,0.0,0.0,0.0,0.0
2017-05-28 01:10:00+02:00,0.0,0.0,0.0,0.0,0.0,0.0,0.0,0.0,0.0,0.0,0.0,0.0,0.0,0.0,0.0,0.0,0.0,0.0,0.0,0.0,0.0,0.0,0.0,0.0,0.0,0.0,0.0,0.0,0.0,0.0,0.0,0.0,0.0,0.0,0.0,0.0,0.0,0.0,0.0,0.0,0.0,0.0,0.0,0.0,0.0,0.0,0.0,0.0,0.0,0.0,0.0,0.0,0.0,0.0,0.0,0.0,0.0,0.0,0.0,0.0,0.0,0.0,0.0,0.0,0.0,0.0,0.0,0.0,0.0,0.0,0.0,0.0,0.0,0.0,0.0,0.0,0.0,0.0,0.0,0.0,0.0,0.0,0.0,0.0,0.0,0.0,0.0,0.0,0.0,0.0,0.0,0.0,0.0,0.0,0.0,0.0,0.0,0.0,0.0,0.0,0.0,0.0,0.0,0.0,0.0,0.0,0.0,0.0,0.0,0.0,0.0,0.0,0.0,0.0,0.0,0.0,0.0,0.0
2017-05-28 01:11:00+02:00,0.0,0.0,0.0,0.0,0.0,0.0,0.0,0.0,0.0,0.0,0.0,0.0,0.0,0.0,0.0,0.0,0.0,0.0,0.0,0.0,0.0,0.0,0.0,0.0,0.0,0.0,0.0,0.0,0.0,0.0,0.0,0.0,0.0,0.0,0.0,0.0,0.0,0.0,0.0,0.0,0.0,0.0,0.0,0.0,0.0,0.0,0.0,0.0,0.0,0.0,0.0,0.0,0.0,0.0,0.0,0.0,0.0,0.0,0.0,0.0,0.0,0.0,0.0,0.0,0.0,0.0,0.0,0.0,0.0,0.0,0.0,0.0,0.0,0.0,0.0,0.0,0.0,0.0,0.0,0.0,0.0,0.0,0.0,0.0,0.0,0.0,0.0,0.0,0.0,0.0,0.0,0.0,0.0,0.0,0.0,0.0,0.0,0.0,0.0,0.0,0.0,0.0,0.0,0.0,0.0,0.0,0.0,0.0,0.0,0.0,0.0,0.0,0.0,0.0,0.0,0.0,0.0,0.0
2017-05-28 01:12:00+02:00,0.0,0.0,0.0,0.0,0.0,0.0,0.0,0.0,0.0,0.0,0.0,0.0,0.0,0.0,0.0,0.0,0.0,0.0,0.0,0.0,0.0,0.0,0.0,0.0,0.0,0.0,0.0,0.0,0.0,0.0,0.0,0.0,0.0,0.0,0.0,0.0,0.0,0.0,0.0,0.0,0.0,0.0,0.0,0.0,0.0,0.0,0.0,0.0,0.0,0.0,0.0,0.0,0.0,0.0,0.0,0.0,0.0,0.0,0.0,0.0,0.0,0.0,0.0,0.0,0.0,0.0,0.0,0.0,0.0,0.0,0.0,0.0,0.0,0.0,0.0,0.0,0.0,0.0,0.0,0.0,0.0,0.0,0.0,0.0,0.0,0.0,0.0,0.0,0.0,0.0,0.0,0.0,0.0,0.0,0.0,0.0,0.0,0.0,0.0,0.0,0.0,0.0,0.0,0.0,0.0,0.0,0.0,0.0,0.0,0.0,0.0,0.0,0.0,0.0,0.0,0.0,0.0,0.0
2017-05-28 01:13:00+02:00,0.0,0.0,0.0,0.0,0.0,0.0,0.0,0.0,0.0,0.0,0.0,0.0,0.0,0.0,0.0,0.0,0.0,0.0,0.0,0.0,0.0,0.0,0.0,0.0,0.0,0.0,0.0,0.0,0.0,0.0,0.0,0.0,0.0,0.0,0.0,0.0,0.0,0.0,0.0,0.0,0.0,0.0,0.0,0.0,0.0,0.0,0.0,0.0,0.0,0.0,0.0,0.0,0.0,0.0,0.0,0.0,0.0,0.0,0.0,0.0,0.0,0.0,0.0,0.0,0.0,0.0,0.0,0.0,0.0,0.0,0.0,0.0,0.0,0.0,0.0,0.0,0.0,0.0,0.0,0.0,0.0,0.0,0.0,0.0,0.0,0.0,0.0,0.0,0.0,0.0,0.0,0.0,0.0,0.0,0.0,0.0,0.0,0.0,0.0,0.0,0.0,0.0,0.0,0.0,0.0,0.0,0.0,0.0,0.0,0.0,0.0,0.0,0.0,0.0,0.0,0.0,0.0,0.0
2017-05-28 01:14:00+02:00,0.0,0.0,0.0,0.0,0.0,0.0,0.0,0.0,0.0,0.0,0.0,0.0,0.0,0.0,0.0,0.0,0.0,0.0,0.0,0.0,0.0,0.0,0.0,0.0,0.0,0.0,0.0,0.0,0.0,0.0,0.0,0.0,0.0,0.0,0.0,0.0,0.0,0.0,0.0,0.0,0.0,0.0,0.0,0.0,0.0,0.0,0.0,0.0,0.0,0.0,0.0,0.0,0.0,0.0,0.0,0.0,0.0,0.0,0.0,0.0,0.0,0.0,0.0,0.0,0.0,0.0,0.0,0.0,0.0,0.0,0.0,0.0,0.0,0.0,0.0,0.0,0.0,0.0,0.0,0.0,0.0,0.0,0.0,0.0,0.0,0.0,0.0,0.0,0.0,0.0,0.0,0.0,0.0,0.0,0.0,0.0,0.0,0.0,0.0,0.0,0.0,0.0,0.0,0.0,0.0,0.0,0.0,0.0,0.0,0.0,0.0,0.0,0.0,0.0,0.0,0.0,0.0,0.0
2017-05-28 01:15:00+02:00,0.0,0.0,0.0,0.0,0.0,0.0,0.0,0.0,0.0,0.0,0.0,0.0,0.0,0.0,0.0,0.0,0.0,0.0,0.0,0.0,0.0,0.0,0.0,0.0,0.0,0.0,0.0,0.0,0.0,0.0,0.0,0.0,0.0,0.0,0.0,0.0,0.0,0.0,0.0,0.0,0.0,0.0,0.0,0.0,0.0,0.0,0.0,0.0,0.0,0.0,0.0,0.0,0.0,0.0,0.0,0.0,0.0,0.0,0.0,0.0,0.0,0.0,0.0,0.0,0.0,0.0,0.0,0.0,0.0,0.0,0.0,0.0,0.0,0.0,0.0,0.0,0.0,0.0,0.0,0.0,0.0,0.0,0.0,0.0,0.0,0.0,0.0,0.0,0.0,0.0,0.0,0.0,0.0,0.0,0.0,0.0,0.0,0.0,0.0,0.0,0.0,0.0,0.0,0.0,0.0,0.0,0.0,0.0,0.0,0.0,0.0,0.0,0.0,0.0,0.0,0.0,0.0,0.0
2017-05-28 01:16:00+02:00,0.0,0.0,0.0,0.0,0.0,0.0,0.0,0.0,0.0,0.0,0.0,0.0,0.0,0.0,0.0,0.0,0.0,0.0,0.0,0.0,0.0,0.0,0.0,0.0,0.0,0.0,0.0,0.0,0.0,0.0,0.0,0.0,0.0,0.0,0.0,0.0,0.0,0.0,0.0,0.0,0.0,0.0,0.0,0.0,0.0,0.0,0.0,0.0,0.0,0.0,0.0,0.0,0.0,0.0,0.0,0.0,0.0,0.0,0.0,0.0,0.0,0.0,0.0,0.0,0.0,0.0,0.0,0.0,0.0,0.0,0.0,0.0,0.0,0.0,0.0,0.0,0.0,0.0,0.0,0.0,0.0,0.0,0.0,0.0,0.0,0.0,0.0,0.0,0.0,0.0,0.0,0.0,0.0,0.0,0.0,0.0,0.0,0.0,0.0,0.0,0.0,0.0,0.0,0.0,0.0,0.0,0.0,0.0,0.0,0.0,0.0,0.0,0.0,0.0,0.0,0.0,0.0,0.0
2017-05-28 01:17:00+02:00,0.0,0.0,0.0,0.0,0.0,0.0,0.0,0.0,0.0,0.0,0.0,0.0,0.0,0.0,0.0,0.0,0.0,0.0,0.0,0.0,0.0,0.0,0.0,0.0,0.0,0.0,0.0,0.0,0.0,0.0,0.0,0.0,0.0,0.0,0.0,0.0,0.0,0.0,0.0,0.0,0.0,0.0,0.0,0.0,0.0,0.0,0.0,0.0,0.0,0.0,0.0,0.0,0.0,0.0,0.0,0.0,0.0,0.0,0.0,0.0,0.0,0.0,0.0,0.0,0.0,0.0,0.0,0.0,0.0,0.0,0.0,0.0,0.0,0.0,0.0,0.0,0.0,0.0,0.0,0.0,0.0,0.0,0.0,0.0,0.0,0.0,0.0,0.0,0.0,0.0,0.0,0.0,0.0,0.0,0.0,0.0,0.0,0.0,0.0,0.0,0.0,0.0,0.0,0.0,0.0,0.0,0.0,0.0,0.0,0.0,0.0,0.0,0.0,0.0,0.0,0.0,0.0,0.0
2017-05-28 01:18:00+02:00,0.0,0.0,0.0,0.0,0.0,0.0,0.0,0.0,0.0,0.0,0.0,0.0,0.0,0.0,0.0,0.0,0.0,0.0,0.0,0.0,0.0,0.0,0.0,0.0,0.0,0.0,0.0,0.0,0.0,0.0,0.0,0.0,0.0,0.0,0.0,0.0,0.0,0.0,0.0,0.0,0.0,0.0,0.0,0.0,0.0,0.0,0.0,0.0,0.0,0.0,0.0,0.0,0.0,0.0,0.0,0.0,0.0,0.0,0.0,0.0,0.0,0.0,0.0,0.0,0.0,0.0,0.0,0.0,0.0,0.0,0.0,0.0,0.0,0.0,0.0,0.0,0.0,0.0,0.0,0.0,0.0,0.0,0.0,0.0,0.0,0.0,0.0,0.0,0.0,0.0,0.0,0.0,0.0,0.0,0.0,0.0,0.0,0.0,0.0,0.0,0.0,0.0,0.0,0.0,0.0,0.0,0.0,0.0,0.0,0.0,0.0,0.0,0.0,0.0,0.0,0.0,0.0,0.0
2017-05-28 01:19:00+02:00,0.0,0.0,0.0,0.0,0.0,0.0,0.0,0.0,0.0,0.0,0.0,0.0,0.0,0.0,0.0,0.0,0.0,0.0,0.0,0.0,0.0,0.0,0.0,0.0,0.0,0.0,0.0,0.0,0.0,0.0,0.0,0.0,0.0,0.0,0.0,0.0,0.0,0.0,0.0,0.0,0.0,0.0,0.0,0.0,0.0,0.0,0.0,0.0,0.0,0.0,0.0,0.0,0.0,0.0,0.0,0.0,0.0,0.0,0.0,0.0,0.0,0.0,0.0,0.0,0.0,0.0,0.0,0.0,0.0,0.0,0.0,0.0,0.0,0.0,0.0,0.0,0.0,0.0,0.0,0.0,0.0,0.0,0.0,0.0,0.0,0.0,0.0,0.0,0.0,0.0,0.0,0.0,0.0,0.0,0.0,0.0,0.0,0.0,0.0,0.0,0.0,0.0,0.0,0.0,0.0,0.0,0.0,0.0,0.0,0.0,0.0,0.0,0.0,0.0,0.0,0.0,0.0,0.0
2017-05-28 01:20:00+02:00,0.0,0.0,0.0,0.0,0.0,0.0,0.0,0.0,0.0,0.0,0.0,0.0,0.0,0.0,0.0,0.0,0.0,0.0,0.0,0.0,0.0,0.0,0.0,0.0,0.0,0.0,0.0,0.0,0.0,0.0,0.0,0.0,0.0,0.0,0.0,0.0,0.0,0.0,0.0,0.0,0.0,0.0,0.0,0.0,0.0,0.0,0.0,0.0,0.0,0.0,0.0,0.0,0.0,0.0,0.0,0.0,0.0,0.0,0.0,0.0,0.0,0.0,0.0,0.0,0.0,0.0,0.0,0.0,0.0,0.0,0.0,0.0,0.0,0.0,0.0,0.0,0.0,0.0,0.0,0.0,0.0,0.0,0.0,0.0,0.0,0.0,0.0,0.0,0.0,0.0,0.0,0.0,0.0,0.0,0.0,0.0,0.0,0.0,0.0,0.0,0.0,0.0,0.0,0.0,0.0,0.0,0.0,0.0,0.0,0.0,0.0,0.0,0.0,0.0,0.0,0.0,0.0,0.0
2017-05-28 01:21:00+02:00,0.0,0.0,0.0,0.0,0.0,0.0,0.0,0.0,0.0,0.0,0.0,0.0,0.0,0.0,0.0,0.0,0.0,0.0,0.0,0.0,0.0,0.0,0.0,0.0,0.0,0.0,0.0,0.0,0.0,0.0,0.0,0.0,0.0,0.0,0.0,0.0,0.0,0.0,0.0,0.0,0.0,0.0,0.0,0.0,0.0,0.0,0.0,0.0,0.0,0.0,0.0,0.0,0.0,0.0,0.0,0.0,0.0,0.0,0.0,0.0,0.0,0.0,0.0,0.0,0.0,0.0,0.0,0.0,0.0,0.0,0.0,0.0,0.0,0.0,0.0,0.0,0.0,0.0,0.0,0.0,0.0,0.0,0.0,0.0,0.0,0.0,0.0,0.0,0.0,0.0,0.0,0.0,0.0,0.0,0.0,0.0,0.0,0.0,0.0,0.0,0.0,0.0,0.0,0.0,0.0,0.0,0.0,0.0,0.0,0.0,0.0,0.0,0.0,0.0,0.0,0.0,0.0,0.0
2017-05-28 01:22:00+02:00,0.0,0.0,0.0,0.0,0.0,0.0,0.0,0.0,0.0,0.0,0.0,0.0,0.0,0.0,0.0,0.0,0.0,0.0,0.0,0.0,0.0,0.0,0.0,0.0,0.0,0.0,0.0,0.0,0.0,0.0,0.0,0.0,0.0,0.0,0.0,0.0,0.0,0.0,0.0,0.0,0.0,0.0,0.0,0.0,0.0,0.0,0.0,0.0,0.0,0.0,0.0,0.0,0.0,0.0,0.0,0.0,0.0,0.0,0.0,0.0,0.0,0.0,0.0,0.0,0.0,0.0,0.0,0.0,0.0,0.0,0.0,0.0,0.0,0.0,0.0,0.0,0.0,0.0,0.0,0.0,0.0,0.0,0.0,0.0,0.0,0.0,0.0,0.0,0.0,0.0,0.0,0.0,0.0,0.0,0.0,0.0,0.0,0.0,0.0,0.0,0.0,0.0,0.0,0.0,0.0,0.0,0.0,0.0,0.0,0.0,0.0,0.0,0.0,0.0,0.0,0.0,0.0,0.0
2017-05-28 01:23:00+02:00,0.0,0.0,0.0,0.0,0.0,0.0,0.0,0.0,0.0,0.0,0.0,0.0,0.0,0.0,0.0,0.0,0.0,0.0,0.0,0.0,0.0,0.0,0.0,0.0,0.0,0.0,0.0,0.0,0.0,0.0,0.0,0.0,0.0,0.0,0.0,0.0,0.0,0.0,0.0,0.0,0.0,0.0,0.0,0.0,0.0,0.0,0.0,0.0,0.0,0.0,0.0,0.0,0.0,0.0,0.0,0.0,0.0,0.0,0.0,0.0,0.0,0.0,0.0,0.0,0.0,0.0,0.0,0.0,0.0,0.0,0.0,0.0,0.0,0.0,0.0,0.0,0.0,0.0,0.0,0.0,0.0,0.0,0.0,0.0,0.0,0.0,0.0,0.0,0.0,0.0,0.0,0.0,0.0,0.0,0.0,0.0,0.0,0.0,0.0,0.0,0.0,0.0,0.0,0.0,0.0,0.0,0.0,0.0,0.0,0.0,0.0,0.0,0.0,0.0,0.0,0.0,0.0,0.0
2017-05-28 01:24:00+02:00,0.0,0.0,0.0,0.0,0.0,0.0,0.0,0.0,0.0,0.0,0.0,0.0,0.0,0.0,0.0,0.0,0.0,0.0,0.0,0.0,0.0,0.0,0.0,0.0,0.0,0.0,0.0,0.0,0.0,0.0,0.0,0.0,0.0,0.0,0.0,0.0,0.0,0.0,0.0,0.0,0.0,0.0,0.0,0.0,0.0,0.0,0.0,0.0,0.0,0.0,0.0,0.0,0.0,0.0,0.0,0.0,0.0,0.0,0.0,0.0,0.0,0.0,0.0,0.0,0.0,0.0,0.0,0.0,0.0,0.0,0.0,0.0,0.0,0.0,0.0,0.0,0.0,0.0,0.0,0.0,0.0,0.0,0.0,0.0,0.0,0.0,0.0,0.0,0.0,0.0,0.0,0.0,0.0,0.0,0.0,0.0,0.0,0.0,0.0,0.0,0.0,0.0,0.0,0.0,0.0,0.0,0.0,0.0,0.0,0.0,0.0,0.0,0.0,0.0,0.0,0.0,0.0,0.0
2017-05-28 01:25:00+02:00,0.0,0.0,0.0,0.0,0.0,0.0,0.0,0.0,0.0,0.0,0.0,0.0,0.0,0.0,0.0,0.0,0.0,0.0,0.0,0.0,0.0,0.0,0.0,0.0,0.0,0.0,0.0,0.0,0.0,0.0,0.0,0.0,0.0,0.0,0.0,0.0,0.0,0.0,0.0,0.0,0.0,0.0,0.0,0.0,0.0,0.0,0.0,0.0,0.0,0.0,0.0,0.0,0.0,0.0,0.0,0.0,0.0,0.0,0.0,0.0,0.0,0.0,0.0,0.0,0.0,0.0,0.0,0.0,0.0,0.0,0.0,0.0,0.0,0.0,0.0,0.0,0.0,0.0,0.0,0.0,0.0,0.0,0.0,0.0,0.0,0.0,0.0,0.0,0.0,0.0,0.0,0.0,0.0,0.0,0.0,0.0,0.0,0.0,0.0,0.0,0.0,0.0,0.0,0.0,0.0,0.0,0.0,0.0,0.0,0.0,0.0,0.0,0.0,0.0,0.0,0.0,0.0,0.0
2017-05-28 01:26:00+02:00,0.0,0.0,0.0,0.0,0.0,0.0,0.0,0.0,0.0,0.0,0.0,0.0,0.0,0.0,0.0,0.0,0.0,0.0,0.0,0.0,0.0,0.0,0.0,0.0,0.0,0.0,0.0,0.0,0.0,0.0,0.0,0.0,0.0,0.0,0.0,0.0,0.0,0.0,0.0,0.0,0.0,0.0,0.0,0.0,0.0,0.0,0.0,0.0,0.0,0.0,0.0,0.0,0.0,0.0,0.0,0.0,0.0,0.0,0.0,0.0,0.0,0.0,0.0,0.0,0.0,0.0,0.0,0.0,0.0,0.0,0.0,0.0,0.0,0.0,0.0,0.0,0.0,0.0,0.0,0.0,0.0,0.0,0.0,0.0,0.0,0.0,0.0,0.0,0.0,0.0,0.0,0.0,0.0,0.0,0.0,0.0,0.0,0.0,0.0,0.0,0.0,0.0,0.0,0.0,0.0,0.0,0.0,0.0,0.0,0.0,0.0,0.0,0.0,0.0,0.0,0.0,0.0,0.0
2017-05-28 01:27:00+02:00,0.0,0.0,0.0,0.0,0.0,0.0,0.0,0.0,0.0,0.0,0.0,0.0,0.0,0.0,0.0,0.0,0.0,0.0,0.0,0.0,0.0,0.0,0.0,0.0,0.0,0.0,0.0,0.0,0.0,0.0,0.0,0.0,0.0,0.0,0.0,0.0,0.0,0.0,0.0,0.0,0.0,0.0,0.0,0.0,0.0,0.0,0.0,0.0,0.0,0.0,0.0,0.0,0.0,0.0,0.0,0.0,0.0,0.0,0.0,0.0,0.0,0.0,0.0,0.0,0.0,0.0,0.0,0.0,0.0,0.0,0.0,0.0,0.0,0.0,0.0,0.0,0.0,0.0,0.0,0.0,0.0,0.0,0.0,0.0,0.0,0.0,0.0,0.0,0.0,0.0,0.0,0.0,0.0,0.0,0.0,0.0,0.0,0.0,0.0,0.0,0.0,0.0,0.0,0.0,0.0,0.0,0.0,0.0,0.0,0.0,0.0,0.0,0.0,0.0,0.0,0.0,0.0,0.0
2017-05-28 01:28:00+02:00,0.0,0.0,0.0,0.0,0.0,0.0,0.0,0.0,0.0,0.0,0.0,0.0,0.0,0.0,0.0,0.0,0.0,0.0,0.0,0.0,0.0,0.0,0.0,0.0,0.0,0.0,0.0,0.0,0.0,0.0,0.0,0.0,0.0,0.0,0.0,0.0,0.0,0.0,0.0,0.0,0.0,0.0,0.0,0.0,0.0,0.0,0.0,0.0,0.0,0.0,0.0,0.0,0.0,0.0,0.0,0.0,0.0,0.0,0.0,0.0,0.0,0.0,0.0,0.0,0.0,0.0,0.0,0.0,0.0,0.0,0.0,0.0,0.0,0.0,0.0,0.0,0.0,0.0,0.0,0.0,0.0,0.0,0.0,0.0,0.0,0.0,0.0,0.0,0.0,0.0,0.0,0.0,0.0,0.0,0.0,0.0,0.0,0.0,0.0,0.0,0.0,0.0,0.0,0.0,0.0,0.0,0.0,0.0,0.0,0.0,0.0,0.0,0.0,0.0,0.0,0.0,0.0,0.0
2017-05-28 01:29:00+02:00,0.0,0.0,0.0,0.0,0.0,0.0,0.0,0.0,0.0,0.0,0.0,0.0,0.0,0.0,0.0,0.0,0.0,0.0,0.0,0.0,0.0,0.0,0.0,0.0,0.0,0.0,0.0,0.0,0.0,0.0,0.0,0.0,0.0,0.0,0.0,0.0,0.0,0.0,0.0,0.0,0.0,0.0,0.0,0.0,0.0,0.0,0.0,0.0,0.0,0.0,0.0,0.0,0.0,0.0,0.0,0.0,0.0,0.0,0.0,0.0,0.0,0.0,0.0,0.0,0.0,0.0,0.0,0.0,0.0,0.0,0.0,0.0,0.0,0.0,0.0,0.0,0.0,0.0,0.0,0.0,0.0,0.0,0.0,0.0,0.0,0.0,0.0,0.0,0.0,0.0,0.0,0.0,0.0,0.0,0.0,0.0,0.0,0.0,0.0,0.0,0.0,0.0,0.0,0.0,0.0,0.0,0.0,0.0,0.0,0.0,0.0,0.0,0.0,0.0,0.0,0.0,0.0,0.0
2017-05-28 01:30:00+02:00,0.0,0.0,0.0,0.0,0.0,0.0,0.0,0.0,0.0,0.0,0.0,0.0,0.0,0.0,0.0,0.0,0.0,0.0,0.0,0.0,0.0,0.0,0.0,0.0,0.0,0.0,0.0,0.0,0.0,0.0,0.0,0.0,0.0,0.0,0.0,0.0,0.0,0.0,0.0,0.0,0.0,0.0,0.0,0.0,0.0,0.0,0.0,0.0,0.0,0.0,0.0,0.0,0.0,0.0,0.0,0.0,0.0,0.0,0.0,0.0,0.0,0.0,0.0,0.0,0.0,0.0,0.0,0.0,0.0,0.0,0.0,0.0,0.0,0.0,0.0,0.0,0.0,0.0,0.0,0.0,0.0,0.0,0.0,0.0,0.0,0.0,0.0,0.0,0.0,0.0,0.0,0.0,0.0,0.0,0.0,0.0,0.0,0.0,0.0,0.0,0.0,0.0,0.0,0.0,0.0,0.0,0.0,0.0,0.0,0.0,0.0,0.0,0.0,0.0,0.0,0.0,0.0,0.0
2017-05-28 01:31:00+02:00,0.0,0.0,0.0,0.0,0.0,0.0,0.0,0.0,0.0,0.0,0.0,0.0,0.0,0.0,0.0,0.0,0.0,0.0,0.0,0.0,0.0,0.0,0.0,0.0,0.0,0.0,0.0,0.0,0.0,0.0,0.0,0.0,0.0,0.0,0.0,0.0,0.0,0.0,0.0,0.0,0.0,0.0,0.0,0.0,0.0,0.0,0.0,0.0,0.0,0.0,0.0,0.0,0.0,0.0,0.0,0.0,0.0,0.0,0.0,0.0,0.0,0.0,0.0,0.0,0.0,0.0,0.0,0.0,0.0,0.0,0.0,0.0,0.0,0.0,0.0,0.0,0.0,0.0,0.0,0.0,0.0,0.0,0.0,0.0,0.0,0.0,0.0,0.0,0.0,0.0,0.0,0.0,0.0,0.0,0.0,0.0,0.0,0.0,0.0,0.0,0.0,0.0,0.0,0.0,0.0,0.0,0.0,0.0,0.0,0.0,0.0,0.0,0.0,0.0,0.0,0.0,0.0,0.0
2017-05-28 01:32:00+02:00,0.0,0.0,0.0,0.0,0.0,0.0,0.0,0.0,0.0,0.0,0.0,0.0,0.0,0.0,0.0,0.0,0.0,0.0,0.0,0.0,0.0,0.0,0.0,0.0,0.0,0.0,0.0,0.0,0.0,0.0,0.0,0.0,0.0,0.0,0.0,0.0,0.0,0.0,0.0,0.0,0.0,0.0,0.0,0.0,0.0,0.0,0.0,0.0,0.0,0.0,0.0,0.0,0.0,0.0,0.0,0.0,0.0,0.0,0.0,0.0,0.0,0.0,0.0,0.0,0.0,0.0,0.0,0.0,0.0,0.0,0.0,0.0,0.0,0.0,0.0,0.0,0.0,0.0,0.0,0.0,0.0,0.0,0.0,0.0,0.0,0.0,0.0,0.0,0.0,0.0,0.0,0.0,0.0,0.0,0.0,0.0,0.0,0.0,0.0,0.0,0.0,0.0,0.0,0.0,0.0,0.0,0.0,0.0,0.0,0.0,0.0,0.0,0.0,0.0,0.0,0.0,0.0,0.0
2017-05-28 01:33:00+02:00,0.0,0.0,0.0,0.0,0.0,0.0,0.0,0.0,0.0,0.0,0.0,0.0,0.0,0.0,0.0,0.0,0.0,0.0,0.0,0.0,0.0,0.0,0.0,0.0,0.0,0.0,0.0,0.0,0.0,0.0,0.0,0.0,0.0,0.0,0.0,0.0,0.0,0.0,0.0,0.0,0.0,0.0,0.0,0.0,0.0,0.0,0.0,0.0,0.0,0.0,0.0,0.0,0.0,0.0,0.0,0.0,0.0,0.0,0.0,0.0,0.0,0.0,0.0,0.0,0.0,0.0,0.0,0.0,0.0,0.0,0.0,0.0,0.0,0.0,0.0,0.0,0.0,0.0,0.0,0.0,0.0,0.0,0.0,0.0,0.0,0.0,0.0,0.0,0.0,0.0,0.0,0.0,0.0,0.0,0.0,0.0,0.0,0.0,0.0,0.0,0.0,0.0,0.0,0.0,0.0,0.0,0.0,0.0,0.0,0.0,0.0,0.0,0.0,0.0,0.0,0.0,0.0,0.0
2017-05-28 01:34:00+02:00,0.0,0.0,0.0,0.0,0.0,0.0,0.0,0.0,0.0,0.0,0.0,0.0,0.0,0.0,0.0,0.0,0.0,0.0,0.0,0.0,0.0,0.0,0.0,0.0,0.0,0.0,0.0,0.0,0.0,0.0,0.0,0.0,0.0,0.0,0.0,0.0,0.0,0.0,0.0,0.0,0.0,0.0,0.0,0.0,0.0,0.0,0.0,0.0,0.0,0.0,0.0,0.0,0.0,0.0,0.0,0.0,0.0,0.0,0.0,0.0,0.0,0.0,0.0,0.0,0.0,0.0,0.0,0.0,0.0,0.0,0.0,0.0,0.0,0.0,0.0,0.0,0.0,0.0,0.0,0.0,0.0,0.0,0.0,0.0,0.0,0.0,0.0,0.0,0.0,0.0,0.0,0.0,0.0,0.0,0.0,0.0,0.0,0.0,0.0,0.0,0.0,0.0,0.0,0.0,0.0,0.0,0.0,0.0,0.0,0.0,0.0,0.0,0.0,0.0,0.0,0.0,0.0,0.0
2017-05-28 01:35:00+02:00,0.0,0.0,0.0,0.0,0.0,0.0,0.0,0.0,0.0,0.0,0.0,0.0,0.0,0.0,0.0,0.0,0.0,0.0,0.0,0.0,0.0,0.0,0.0,0.0,0.0,0.0,0.0,0.0,0.0,0.0,0.0,0.0,0.0,0.0,0.0,0.0,0.0,0.0,0.0,0.0,0.0,0.0,0.0,0.0,0.0,0.0,0.0,0.0,0.0,0.0,0.0,0.0,0.0,0.0,0.0,0.0,0.0,0.0,0.0,0.0,0.0,0.0,0.0,0.0,0.0,0.0,0.0,0.0,0.0,0.0,0.0,0.0,0.0,0.0,0.0,0.0,0.0,0.0,0.0,0.0,0.0,0.0,0.0,0.0,0.0,0.0,0.0,0.0,0.0,0.0,0.0,0.0,0.0,0.0,0.0,0.0,0.0,0.0,0.0,0.0,0.0,0.0,0.0,0.0,0.0,0.0,0.0,0.0,0.0,0.0,0.0,0.0,0.0,0.0,0.0,0.0,0.0,0.0
2017-05-28 01:36:00+02:00,0.0,0.0,0.0,0.0,0.0,0.0,0.0,0.0,0.0,0.0,0.0,0.0,0.0,0.0,0.0,0.0,0.0,0.0,0.0,0.0,0.0,0.0,0.0,0.0,0.0,0.0,0.0,0.0,0.0,0.0,0.0,0.0,0.0,0.0,0.0,0.0,0.0,0.0,0.0,0.0,0.0,0.0,0.0,0.0,0.0,0.0,0.0,0.0,0.0,0.0,0.0,0.0,0.0,0.0,0.0,0.0,0.0,0.0,0.0,0.0,0.0,0.0,0.0,0.0,0.0,0.0,0.0,0.0,0.0,0.0,0.0,0.0,0.0,0.0,0.0,0.0,0.0,0.0,0.0,0.0,0.0,0.0,0.0,0.0,0.0,0.0,0.0,0.0,0.0,0.0,0.0,0.0,0.0,0.0,0.0,0.0,0.0,0.0,0.0,0.0,0.0,0.0,0.0,0.0,0.0,0.0,0.0,0.0,0.0,0.0,0.0,0.0,0.0,0.0,0.0,0.0,0.0,0.0
2017-05-28 01:37:00+02:00,0.0,0.0,0.0,0.0,0.0,0.0,0.0,0.0,0.0,0.0,0.0,0.0,0.0,0.0,0.0,0.0,0.0,0.0,0.0,0.0,0.0,0.0,0.0,0.0,0.0,0.0,0.0,0.0,0.0,0.0,0.0,0.0,0.0,0.0,0.0,0.0,0.0,0.0,0.0,0.0,0.0,0.0,0.0,0.0,0.0,0.0,0.0,0.0,0.0,0.0,0.0,0.0,0.0,0.0,0.0,0.0,0.0,0.0,0.0,0.0,0.0,0.0,0.0,0.0,0.0,0.0,0.0,0.0,0.0,0.0,0.0,0.0,0.0,0.0,0.0,0.0,0.0,0.0,0.0,0.0,0.0,0.0,0.0,0.0,0.0,0.0,0.0,0.0,0.0,0.0,0.0,0.0,0.0,0.0,0.0,0.0,0.0,0.0,0.0,0.0,0.0,0.0,0.0,0.0,0.0,0.0,0.0,0.0,0.0,0.0,0.0,0.0,0.0,0.0,0.0,0.0,0.0,0.0
2017-05-28 01:38:00+02:00,0.0,0.0,0.0,0.0,0.0,0.0,0.0,0.0,0.0,0.0,0.0,0.0,0.0,0.0,0.0,0.0,0.0,0.0,0.0,0.0,0.0,0.0,0.0,0.0,0.0,0.0,0.0,0.0,0.0,0.0,0.0,0.0,0.0,0.0,0.0,0.0,0.0,0.0,0.0,0.0,0.0,0.0,0.0,0.0,0.0,0.0,0.0,0.0,0.0,0.0,0.0,0.0,0.0,0.0,0.0,0.0,0.0,0.0,0.0,0.0,0.0,0.0,0.0,0.0,0.0,0.0,0.0,0.0,0.0,0.0,0.0,0.0,0.0,0.0,0.0,0.0,0.0,0.0,0.0,0.0,0.0,0.0,0.0,0.0,0.0,0.0,0.0,0.0,0.0,0.0,0.0,0.0,0.0,0.0,0.0,0.0,0.0,0.0,0.0,0.0,0.0,0.0,0.0,0.0,0.0,0.0,0.0,0.0,0.0,0.0,0.0,0.0,0.0,0.0,0.0,0.0,0.0,0.0
2017-05-28 01:39:00+02:00,0.0,0.0,0.0,0.0,0.0,0.0,0.0,0.0,0.0,0.0,0.0,0.0,0.0,0.0,0.0,0.0,0.0,0.0,0.0,0.0,0.0,0.0,0.0,0.0,0.0,0.0,0.0,0.0,0.0,0.0,0.0,0.0,0.0,0.0,0.0,0.0,0.0,0.0,0.0,0.0,0.0,0.0,0.0,0.0,0.0,0.0,0.0,0.0,0.0,0.0,0.0,0.0,0.0,0.0,0.0,0.0,0.0,0.0,0.0,0.0,0.0,0.0,0.0,0.0,0.0,0.0,0.0,0.0,0.0,0.0,0.0,0.0,0.0,0.0,0.0,0.0,0.0,0.0,0.0,0.0,0.0,0.0,0.0,0.0,0.0,0.0,0.0,0.0,0.0,0.0,0.0,0.0,0.0,0.0,0.0,0.0,0.0,0.0,0.0,0.0,0.0,0.0,0.0,0.0,0.0,0.0,0.0,0.0,0.0,0.0,0.0,0.0,0.0,0.0,0.0,0.0,0.0,0.0
2017-05-28 01:40:00+02:00,0.0,0.0,0.0,0.0,0.0,0.0,0.0,0.0,0.0,0.0,0.0,0.0,0.0,0.0,0.0,0.0,0.0,0.0,0.0,0.0,0.0,0.0,0.0,0.0,0.0,0.0,0.0,0.0,0.0,0.0,0.0,0.0,0.0,0.0,0.0,0.0,0.0,0.0,0.0,0.0,0.0,0.0,0.0,0.0,0.0,0.0,0.0,0.0,0.0,0.0,0.0,0.0,0.0,0.0,0.0,0.0,0.0,0.0,0.0,0.0,0.0,0.0,0.0,0.0,0.0,0.0,0.0,0.0,0.0,0.0,0.0,0.0,0.0,0.0,0.0,0.0,0.0,0.0,0.0,0.0,0.0,0.0,0.0,0.0,0.0,0.0,0.0,0.0,0.0,0.0,0.0,0.0,0.0,0.0,0.0,0.0,0.0,0.0,0.0,0.0,0.0,0.0,0.0,0.0,0.0,0.0,0.0,0.0,0.0,0.0,0.0,0.0,0.0,0.0,0.0,0.0,0.0,0.0
2017-05-28 01:41:00+02:00,0.0,0.0,0.0,0.0,0.0,0.0,0.0,0.0,0.0,0.0,0.0,0.0,0.0,0.0,0.0,0.0,0.0,0.0,0.0,0.0,0.0,0.0,0.0,0.0,0.0,0.0,0.0,0.0,0.0,0.0,0.0,0.0,0.0,0.0,0.0,0.0,0.0,0.0,0.0,0.0,0.0,0.0,0.0,0.0,0.0,0.0,0.0,0.0,0.0,0.0,0.0,0.0,0.0,0.0,0.0,0.0,0.0,0.0,0.0,0.0,0.0,0.0,0.0,0.0,0.0,0.0,0.0,0.0,0.0,0.0,0.0,0.0,0.0,0.0,0.0,0.0,0.0,0.0,0.0,0.0,0.0,0.0,0.0,0.0,0.0,0.0,0.0,0.0,0.0,0.0,0.0,0.0,0.0,0.0,0.0,0.0,0.0,0.0,0.0,0.0,0.0,0.0,0.0,0.0,0.0,0.0,0.0,0.0,0.0,0.0,0.0,0.0,0.0,0.0,0.0,0.0,0.0,0.0
2017-05-28 01:42:00+02:00,0.0,0.0,0.0,0.0,0.0,0.0,0.0,0.0,0.0,0.0,0.0,0.0,0.0,0.0,0.0,0.0,0.0,0.0,0.0,0.0,0.0,0.0,0.0,0.0,0.0,0.0,0.0,0.0,0.0,0.0,0.0,0.0,0.0,0.0,0.0,0.0,0.0,0.0,0.0,0.0,0.0,0.0,0.0,0.0,0.0,0.0,0.0,0.0,0.0,0.0,0.0,0.0,0.0,0.0,0.0,0.0,0.0,0.0,0.0,0.0,0.0,0.0,0.0,0.0,0.0,0.0,0.0,0.0,0.0,0.0,0.0,0.0,0.0,0.0,0.0,0.0,0.0,0.0,0.0,0.0,0.0,0.0,0.0,0.0,0.0,0.0,0.0,0.0,0.0,0.0,0.0,0.0,0.0,0.0,0.0,0.0,0.0,0.0,0.0,0.0,0.0,0.0,0.0,0.0,0.0,0.0,0.0,0.0,0.0,0.0,0.0,0.0,0.0,0.0,0.0,0.0,0.0,0.0
2017-05-28 01:43:00+02:00,0.0,0.0,0.0,0.0,0.0,0.0,0.0,0.0,0.0,0.0,0.0,0.0,0.0,0.0,0.0,0.0,0.0,0.0,0.0,0.0,0.0,0.0,0.0,0.0,0.0,0.0,0.0,0.0,0.0,0.0,0.0,0.0,0.0,0.0,0.0,0.0,0.0,0.0,0.0,0.0,0.0,0.0,0.0,0.0,0.0,0.0,0.0,0.0,0.0,0.0,0.0,0.0,0.0,0.0,0.0,0.0,0.0,0.0,0.0,0.0,0.0,0.0,0.0,0.0,0.0,0.0,0.0,0.0,0.0,0.0,0.0,0.0,0.0,0.0,0.0,0.0,0.0,0.0,0.0,0.0,0.0,0.0,0.0,0.0,0.0,0.0,0.0,0.0,0.0,0.0,0.0,0.0,0.0,0.0,0.0,0.0,0.0,0.0,0.0,0.0,0.0,0.0,0.0,0.0,0.0,0.0,0.0,0.0,0.0,0.0,0.0,0.0,0.0,0.0,0.0,0.0,0.0,0.0
2017-05-28 01:44:00+02:00,0.0,0.0,0.0,0.0,0.0,0.0,0.0,0.0,0.0,0.0,0.0,0.0,0.0,0.0,0.0,0.0,0.0,0.0,0.0,0.0,0.0,0.0,0.0,0.0,0.0,0.0,0.0,0.0,0.0,0.0,0.0,0.0,0.0,0.0,0.0,0.0,0.0,0.0,0.0,0.0,0.0,0.0,0.0,0.0,0.0,0.0,0.0,0.0,0.0,0.0,0.0,0.0,0.0,0.0,0.0,0.0,0.0,0.0,0.0,0.0,0.0,0.0,0.0,0.0,0.0,0.0,0.0,0.0,0.0,0.0,0.0,0.0,0.0,0.0,0.0,0.0,0.0,0.0,0.0,0.0,0.0,0.0,0.0,0.0,0.0,0.0,0.0,0.0,0.0,0.0,0.0,0.0,0.0,0.0,0.0,0.0,0.0,0.0,0.0,0.0,0.0,0.0,0.0,0.0,0.0,0.0,0.0,0.0,0.0,0.0,0.0,0.0,0.0,0.0,0.0,0.0,0.0,0.0
2017-05-28 01:45:00+02:00,0.0,0.0,0.0,0.0,0.0,0.0,0.0,0.0,0.0,0.0,0.0,0.0,0.0,0.0,0.0,0.0,0.0,0.0,0.0,0.0,0.0,0.0,0.0,0.0,0.0,0.0,0.0,0.0,0.0,0.0,0.0,0.0,0.0,0.0,0.0,0.0,0.0,0.0,0.0,0.0,0.0,0.0,0.0,0.0,0.0,0.0,0.0,0.0,0.0,0.0,0.0,0.0,0.0,0.0,0.0,0.0,0.0,0.0,0.0,0.0,0.0,0.0,0.0,0.0,0.0,0.0,0.0,0.0,0.0,0.0,0.0,0.0,0.0,0.0,0.0,0.0,0.0,0.0,0.0,0.0,0.0,0.0,0.0,0.0,0.0,0.0,0.0,0.0,0.0,0.0,0.0,0.0,0.0,0.0,0.0,0.0,0.0,0.0,0.0,0.0,0.0,0.0,0.0,0.0,0.0,0.0,0.0,0.0,0.0,0.0,0.0,0.0,0.0,0.0,0.0,0.0,0.0,0.0
2017-05-28 01:46:00+02:00,0.0,0.0,0.0,0.0,0.0,0.0,0.0,0.0,0.0,0.0,0.0,0.0,0.0,0.0,0.0,0.0,0.0,0.0,0.0,0.0,0.0,0.0,0.0,0.0,0.0,0.0,0.0,0.0,0.0,0.0,0.0,0.0,0.0,0.0,0.0,0.0,0.0,0.0,0.0,0.0,0.0,0.0,0.0,0.0,0.0,0.0,0.0,0.0,0.0,0.0,0.0,0.0,0.0,0.0,0.0,0.0,0.0,0.0,0.0,0.0,0.0,0.0,0.0,0.0,0.0,0.0,0.0,0.0,0.0,0.0,0.0,0.0,0.0,0.0,0.0,0.0,0.0,0.0,0.0,0.0,0.0,0.0,0.0,0.0,0.0,0.0,0.0,0.0,0.0,0.0,0.0,0.0,0.0,0.0,0.0,0.0,0.0,0.0,0.0,0.0,0.0,0.0,0.0,0.0,0.0,0.0,0.0,0.0,0.0,0.0,0.0,0.0,0.0,0.0,0.0,0.0,0.0,0.0
2017-05-28 01:47:00+02:00,0.0,0.0,0.0,0.0,0.0,0.0,0.0,0.0,0.0,0.0,0.0,0.0,0.0,0.0,0.0,0.0,0.0,0.0,0.0,0.0,0.0,0.0,0.0,0.0,0.0,0.0,0.0,0.0,0.0,0.0,0.0,0.0,0.0,0.0,0.0,0.0,0.0,0.0,0.0,0.0,0.0,0.0,0.0,0.0,0.0,0.0,0.0,0.0,0.0,0.0,0.0,0.0,0.0,0.0,0.0,0.0,0.0,0.0,0.0,0.0,0.0,0.0,0.0,0.0,0.0,0.0,0.0,0.0,0.0,0.0,0.0,0.0,0.0,0.0,0.0,0.0,0.0,0.0,0.0,0.0,0.0,0.0,0.0,0.0,0.0,0.0,0.0,0.0,0.0,0.0,0.0,0.0,0.0,0.0,0.0,0.0,0.0,0.0,0.0,0.0,0.0,0.0,0.0,0.0,0.0,0.0,0.0,0.0,0.0,0.0,0.0,0.0,0.0,0.0,0.0,0.0,0.0,0.0
2017-05-28 01:48:00+02:00,0.0,0.0,0.0,0.0,0.0,0.0,0.0,0.0,0.0,0.0,0.0,0.0,0.0,0.0,0.0,0.0,0.0,0.0,0.0,0.0,0.0,0.0,0.0,0.0,0.0,0.0,0.0,0.0,0.0,0.0,0.0,0.0,0.0,0.0,0.0,0.0,0.0,0.0,0.0,0.0,0.0,0.0,0.0,0.0,0.0,0.0,0.0,0.0,0.0,0.0,0.0,0.0,0.0,0.0,0.0,0.0,0.0,0.0,0.0,0.0,0.0,0.0,0.0,0.0,0.0,0.0,0.0,0.0,0.0,0.0,0.0,0.0,0.0,0.0,0.0,0.0,0.0,0.0,0.0,0.0,0.0,0.0,0.0,0.0,0.0,0.0,0.0,0.0,0.0,0.0,0.0,0.0,0.0,0.0,0.0,0.0,0.0,0.0,0.0,0.0,0.0,0.0,0.0,0.0,0.0,0.0,0.0,0.0,0.0,0.0,0.0,0.0,0.0,0.0,0.0,0.0,0.0,0.0
2017-05-28 01:49:00+02:00,0.0,0.0,0.0,0.0,0.0,0.0,0.0,0.0,0.0,0.0,0.0,0.0,0.0,0.0,0.0,0.0,0.0,0.0,0.0,0.0,0.0,0.0,0.0,0.0,0.0,0.0,0.0,0.0,0.0,0.0,0.0,0.0,0.0,0.0,0.0,0.0,0.0,0.0,0.0,0.0,0.0,0.0,0.0,0.0,0.0,0.0,0.0,0.0,0.0,0.0,0.0,0.0,0.0,0.0,0.0,0.0,0.0,0.0,0.0,0.0,0.0,0.0,0.0,0.0,0.0,0.0,0.0,0.0,0.0,0.0,0.0,0.0,0.0,0.0,0.0,0.0,0.0,0.0,0.0,0.0,0.0,0.0,0.0,0.0,0.0,0.0,0.0,0.0,0.0,0.0,0.0,0.0,0.0,0.0,0.0,0.0,0.0,0.0,0.0,0.0,0.0,0.0,0.0,0.0,0.0,0.0,0.0,0.0,0.0,0.0,0.0,0.0,0.0,0.0,0.0,0.0,0.0,0.0
2017-05-28 01:50:00+02:00,0.0,0.0,0.0,0.0,0.0,0.0,0.0,0.0,0.0,0.0,0.0,0.0,0.0,0.0,0.0,0.0,0.0,0.0,0.0,0.0,0.0,0.0,0.0,0.0,0.0,0.0,0.0,0.0,0.0,0.0,0.0,0.0,0.0,0.0,0.0,0.0,0.0,0.0,0.0,0.0,0.0,0.0,0.0,0.0,0.0,0.0,0.0,0.0,0.0,0.0,0.0,0.0,0.0,0.0,0.0,0.0,0.0,0.0,0.0,0.0,0.0,0.0,0.0,0.0,0.0,0.0,0.0,0.0,0.0,0.0,0.0,0.0,0.0,0.0,0.0,0.0,0.0,0.0,0.0,0.0,0.0,0.0,0.0,0.0,0.0,0.0,0.0,0.0,0.0,0.0,0.0,0.0,0.0,0.0,0.0,0.0,0.0,0.0,0.0,0.0,0.0,0.0,0.0,0.0,0.0,0.0,0.0,0.0,0.0,0.0,0.0,0.0,0.0,0.0,0.0,0.0,0.0,0.0
2017-05-28 01:51:00+02:00,0.0,0.0,0.0,0.0,0.0,0.0,0.0,0.0,0.0,0.0,0.0,0.0,0.0,0.0,0.0,0.0,0.0,0.0,0.0,0.0,0.0,0.0,0.0,0.0,0.0,0.0,0.0,0.0,0.0,0.0,0.0,0.0,0.0,0.0,0.0,0.0,0.0,0.0,0.0,0.0,0.0,0.0,0.0,0.0,0.0,0.0,0.0,0.0,0.0,0.0,0.0,0.0,0.0,0.0,0.0,0.0,0.0,0.0,0.0,0.0,0.0,0.0,0.0,0.0,0.0,0.0,0.0,0.0,0.0,0.0,0.0,0.0,0.0,0.0,0.0,0.0,0.0,0.0,0.0,0.0,0.0,0.0,0.0,0.0,0.0,0.0,0.0,0.0,0.0,0.0,0.0,0.0,0.0,0.0,0.0,0.0,0.0,0.0,0.0,0.0,0.0,0.0,0.0,0.0,0.0,0.0,0.0,0.0,0.0,0.0,0.0,0.0,0.0,0.0,0.0,0.0,0.0,0.0
2017-05-28 01:52:00+02:00,0.0,0.0,0.0,0.0,0.0,0.0,0.0,0.0,0.0,0.0,0.0,0.0,0.0,0.0,0.0,0.0,0.0,0.0,0.0,0.0,0.0,0.0,0.0,0.0,0.0,0.0,0.0,0.0,0.0,0.0,0.0,0.0,0.0,0.0,0.0,0.0,0.0,0.0,0.0,0.0,0.0,0.0,0.0,0.0,0.0,0.0,0.0,0.0,0.0,0.0,0.0,0.0,0.0,0.0,0.0,0.0,0.0,0.0,0.0,0.0,0.0,0.0,0.0,0.0,0.0,0.0,0.0,0.0,0.0,0.0,0.0,0.0,0.0,0.0,0.0,0.0,0.0,0.0,0.0,0.0,0.0,0.0,0.0,0.0,0.0,0.0,0.0,0.0,0.0,0.0,0.0,0.0,0.0,0.0,0.0,0.0,0.0,0.0,0.0,0.0,0.0,0.0,0.0,0.0,0.0,0.0,0.0,0.0,0.0,0.0,0.0,0.0,0.0,0.0,0.0,0.0,0.0,0.0
2017-05-28 01:53:00+02:00,0.0,0.0,0.0,0.0,0.0,0.0,0.0,0.0,0.0,0.0,0.0,0.0,0.0,0.0,0.0,0.0,0.0,0.0,0.0,0.0,0.0,0.0,0.0,0.0,0.0,0.0,0.0,0.0,0.0,0.0,0.0,0.0,0.0,0.0,0.0,0.0,0.0,0.0,0.0,0.0,0.0,0.0,0.0,0.0,0.0,0.0,0.0,0.0,0.0,0.0,0.0,0.0,0.0,0.0,0.0,0.0,0.0,0.0,0.0,0.0,0.0,0.0,0.0,0.0,0.0,0.0,0.0,0.0,0.0,0.0,0.0,0.0,0.0,0.0,0.0,0.0,0.0,0.0,0.0,0.0,0.0,0.0,0.0,0.0,0.0,0.0,0.0,0.0,0.0,0.0,0.0,0.0,0.0,0.0,0.0,0.0,0.0,0.0,0.0,0.0,0.0,0.0,0.0,0.0,0.0,0.0,0.0,0.0,0.0,0.0,0.0,0.0,0.0,0.0,0.0,0.0,0.0,0.0
2017-05-28 01:54:00+02:00,0.0,0.0,0.0,0.0,0.0,0.0,0.0,0.0,0.0,0.0,0.0,0.0,0.0,0.0,0.0,0.0,0.0,0.0,0.0,0.0,0.0,0.0,0.0,0.0,0.0,0.0,0.0,0.0,0.0,0.0,0.0,0.0,0.0,0.0,0.0,0.0,0.0,0.0,0.0,0.0,0.0,0.0,0.0,0.0,0.0,0.0,0.0,0.0,0.0,0.0,0.0,0.0,0.0,0.0,0.0,0.0,0.0,0.0,0.0,0.0,0.0,0.0,0.0,0.0,0.0,0.0,0.0,0.0,0.0,0.0,0.0,0.0,0.0,0.0,0.0,0.0,0.0,0.0,0.0,0.0,0.0,0.0,0.0,0.0,0.0,0.0,0.0,0.0,0.0,0.0,0.0,0.0,0.0,0.0,0.0,0.0,0.0,0.0,0.0,0.0,0.0,0.0,0.0,0.0,0.0,0.0,0.0,0.0,0.0,0.0,0.0,0.0,0.0,0.0,0.0,0.0,0.0,0.0
2017-05-28 01:55:00+02:00,0.0,0.0,0.0,0.0,0.0,0.0,0.0,0.0,0.0,0.0,0.0,0.0,0.0,0.0,0.0,0.0,0.0,0.0,0.0,0.0,0.0,0.0,0.0,0.0,0.0,0.0,0.0,0.0,0.0,0.0,0.0,0.0,0.0,0.0,0.0,0.0,0.0,0.0,0.0,0.0,0.0,0.0,0.0,0.0,0.0,0.0,0.0,0.0,0.0,0.0,0.0,0.0,0.0,0.0,0.0,0.0,0.0,0.0,0.0,0.0,0.0,0.0,0.0,0.0,0.0,0.0,0.0,0.0,0.0,0.0,0.0,0.0,0.0,0.0,0.0,0.0,0.0,0.0,0.0,0.0,0.0,0.0,0.0,0.0,0.0,0.0,0.0,0.0,0.0,0.0,0.0,0.0,0.0,0.0,0.0,0.0,0.0,0.0,0.0,0.0,0.0,0.0,0.0,0.0,0.0,0.0,0.0,0.0,0.0,0.0,0.0,0.0,0.0,0.0,0.0,0.0,0.0,0.0
2017-05-28 01:56:00+02:00,0.0,0.0,0.0,0.0,0.0,0.0,0.0,0.0,0.0,0.0,0.0,0.0,0.0,0.0,0.0,0.0,0.0,0.0,0.0,0.0,0.0,0.0,0.0,0.0,0.0,0.0,0.0,0.0,0.0,0.0,0.0,0.0,0.0,0.0,0.0,0.0,0.0,0.0,0.0,0.0,0.0,0.0,0.0,0.0,0.0,0.0,0.0,0.0,0.0,0.0,0.0,0.0,0.0,0.0,0.0,0.0,0.0,0.0,0.0,0.0,0.0,0.0,0.0,0.0,0.0,0.0,0.0,0.0,0.0,0.0,0.0,0.0,0.0,0.0,0.0,0.0,0.0,0.0,0.0,0.0,0.0,0.0,0.0,0.0,0.0,0.0,0.0,0.0,0.0,0.0,0.0,0.0,0.0,0.0,0.0,0.0,0.0,0.0,0.0,0.0,0.0,0.0,0.0,0.0,0.0,0.0,0.0,0.0,0.0,0.0,0.0,0.0,0.0,0.0,0.0,0.0,0.0,0.0
2017-05-28 01:57:00+02:00,0.0,0.0,0.0,0.0,0.0,0.0,0.0,0.0,0.0,0.0,0.0,0.0,0.0,0.0,0.0,0.0,0.0,0.0,0.0,0.0,0.0,0.0,0.0,0.0,0.0,0.0,0.0,0.0,0.0,0.0,0.0,0.0,0.0,0.0,0.0,0.0,0.0,0.0,0.0,0.0,0.0,0.0,0.0,0.0,0.0,0.0,0.0,0.0,0.0,0.0,0.0,0.0,0.0,0.0,0.0,0.0,0.0,0.0,0.0,0.0,0.0,0.0,0.0,0.0,0.0,0.0,0.0,0.0,0.0,0.0,0.0,0.0,0.0,0.0,0.0,0.0,0.0,0.0,0.0,0.0,0.0,0.0,0.0,0.0,0.0,0.0,0.0,0.0,0.0,0.0,0.0,0.0,0.0,0.0,0.0,0.0,0.0,0.0,0.0,0.0,0.0,0.0,0.0,0.0,0.0,0.0,0.0,0.0,0.0,0.0,0.0,0.0,0.0,0.0,0.0,0.0,0.0,0.0
2017-05-28 01:58:00+02:00,0.0,0.0,0.0,0.0,0.0,0.0,0.0,0.0,0.0,0.0,0.0,0.0,0.0,0.0,0.0,0.0,0.0,0.0,0.0,0.0,0.0,0.0,0.0,0.0,0.0,0.0,0.0,0.0,0.0,0.0,0.0,0.0,0.0,0.0,0.0,0.0,0.0,0.0,0.0,0.0,0.0,0.0,0.0,0.0,0.0,0.0,0.0,0.0,0.0,0.0,0.0,0.0,0.0,0.0,0.0,0.0,0.0,0.0,0.0,0.0,0.0,0.0,0.0,0.0,0.0,0.0,0.0,0.0,0.0,0.0,0.0,0.0,0.0,0.0,0.0,0.0,0.0,0.0,0.0,0.0,0.0,0.0,0.0,0.0,0.0,0.0,0.0,0.0,0.0,0.0,0.0,0.0,0.0,0.0,0.0,0.0,0.0,0.0,0.0,0.0,0.0,0.0,0.0,0.0,0.0,0.0,0.0,0.0,0.0,0.0,0.0,0.0,0.0,0.0,0.0,0.0,0.0,0.0
2017-05-28 01:59:00+02:00,0.0,0.0,0.0,0.0,0.0,0.0,0.0,0.0,0.0,0.0,0.0,0.0,0.0,0.0,0.0,0.0,0.0,0.0,0.0,0.0,0.0,0.0,0.0,0.0,0.0,0.0,0.0,0.0,0.0,0.0,0.0,0.0,0.0,0.0,0.0,0.0,0.0,0.0,0.0,0.0,0.0,0.0,0.0,0.0,0.0,0.0,0.0,0.0,0.0,0.0,0.0,0.0,0.0,0.0,0.0,0.0,0.0,0.0,0.0,0.0,0.0,0.0,0.0,0.0,0.0,0.0,0.0,0.0,0.0,0.0,0.0,0.0,0.0,0.0,0.0,0.0,0.0,0.0,0.0,0.0,0.0,0.0,0.0,0.0,0.0,0.0,0.0,0.0,0.0,0.0,0.0,0.0,0.0,0.0,0.0,0.0,0.0,0.0,0.0,0.0,0.0,0.0,0.0,0.0,0.0,0.0,0.0,0.0,0.0,0.0,0.0,0.0,0.0,0.0,0.0,0.0,0.0,0.0
2017-05-28 02:00:00+02:00,0.0,0.0,0.0,0.0,0.0,0.0,0.0,0.0,0.0,0.0,0.0,0.0,0.0,0.0,0.0,0.0,0.0,0.0,0.0,0.0,0.0,0.0,0.0,0.0,0.0,0.0,0.0,0.0,0.0,0.0,0.0,0.0,0.0,0.0,0.0,0.0,0.0,0.0,0.0,0.0,0.0,0.0,0.0,0.0,0.0,0.0,0.0,0.0,0.0,0.0,0.0,0.0,0.0,0.0,0.0,0.0,0.0,0.0,0.0,0.0,0.0,0.0,0.0,0.0,0.0,0.0,0.0,0.0,0.0,0.0,0.0,0.0,0.0,0.0,0.0,0.0,0.0,0.0,0.0,0.0,0.0,0.0,0.0,0.0,0.0,0.0,0.0,0.0,0.0,0.0,0.0,0.0,0.0,0.0,0.0,0.0,0.0,0.0,0.0,0.0,0.0,0.0,0.0,0.0,0.0,0.0,0.0,0.0,0.0,0.0,0.0,0.0,0.0,0.0,0.0,0.0,0.0,0.0
2017-05-28 02:01:00+02:00,0.0,0.0,0.0,0.0,0.0,0.0,0.0,0.0,0.0,0.0,0.0,0.0,0.0,0.0,0.0,0.0,0.0,0.0,0.0,0.0,0.0,0.0,0.0,0.0,0.0,0.0,0.0,0.0,0.0,0.0,0.0,0.0,0.0,0.0,0.0,0.0,0.0,0.0,0.0,0.0,0.0,0.0,0.0,0.0,0.0,0.0,0.0,0.0,0.0,0.0,0.0,0.0,0.0,0.0,0.0,0.0,0.0,0.0,0.0,0.0,0.0,0.0,0.0,0.0,0.0,0.0,0.0,0.0,0.0,0.0,0.0,0.0,0.0,0.0,0.0,0.0,0.0,0.0,0.0,0.0,0.0,0.0,0.0,0.0,0.0,0.0,0.0,0.0,0.0,0.0,0.0,0.0,0.0,0.0,0.0,0.0,0.0,0.0,0.0,0.0,0.0,0.0,0.0,0.0,0.0,0.0,0.0,0.0,0.0,0.0,0.0,0.0,0.0,0.0,0.0,0.0,0.0,0.0
2017-05-28 02:02:00+02:00,0.0,0.0,0.0,0.0,0.0,0.0,0.0,0.0,0.0,0.0,0.0,0.0,0.0,0.0,0.0,0.0,0.0,0.0,0.0,0.0,0.0,0.0,0.0,0.0,0.0,0.0,0.0,0.0,0.0,0.0,0.0,0.0,0.0,0.0,0.0,0.0,0.0,0.0,0.0,0.0,0.0,0.0,0.0,0.0,0.0,0.0,0.0,0.0,0.0,0.0,0.0,0.0,0.0,0.0,0.0,0.0,0.0,0.0,0.0,0.0,0.0,0.0,0.0,0.0,0.0,0.0,0.0,0.0,0.0,0.0,0.0,0.0,0.0,0.0,0.0,0.0,0.0,0.0,0.0,0.0,0.0,0.0,0.0,0.0,0.0,0.0,0.0,0.0,0.0,0.0,0.0,0.0,0.0,0.0,0.0,0.0,0.0,0.0,0.0,0.0,0.0,0.0,0.0,0.0,0.0,0.0,0.0,0.0,0.0,0.0,0.0,0.0,0.0,0.0,0.0,0.0,0.0,0.0
2017-05-28 02:03:00+02:00,0.0,0.0,0.0,0.0,0.0,0.0,0.0,0.0,0.0,0.0,0.0,0.0,0.0,0.0,0.0,0.0,0.0,0.0,0.0,0.0,0.0,0.0,0.0,0.0,0.0,0.0,0.0,0.0,0.0,0.0,0.0,0.0,0.0,0.0,0.0,0.0,0.0,0.0,0.0,0.0,0.0,0.0,0.0,0.0,0.0,0.0,0.0,0.0,0.0,0.0,0.0,0.0,0.0,0.0,0.0,0.0,0.0,0.0,0.0,0.0,0.0,0.0,0.0,0.0,0.0,0.0,0.0,0.0,0.0,0.0,0.0,0.0,0.0,0.0,0.0,0.0,0.0,0.0,0.0,0.0,0.0,0.0,0.0,0.0,0.0,0.0,0.0,0.0,0.0,0.0,0.0,0.0,0.0,0.0,0.0,0.0,0.0,0.0,0.0,0.0,0.0,0.0,0.0,0.0,0.0,0.0,0.0,0.0,0.0,0.0,0.0,0.0,0.0,0.0,0.0,0.0,0.0,0.0
2017-05-28 02:04:00+02:00,0.0,0.0,0.0,0.0,0.0,0.0,0.0,0.0,0.0,0.0,0.0,0.0,0.0,0.0,0.0,0.0,0.0,0.0,0.0,0.0,0.0,0.0,0.0,0.0,0.0,0.0,0.0,0.0,0.0,0.0,0.0,0.0,0.0,0.0,0.0,0.0,0.0,0.0,0.0,0.0,0.0,0.0,0.0,0.0,0.0,0.0,0.0,0.0,0.0,0.0,0.0,0.0,0.0,0.0,0.0,0.0,0.0,0.0,0.0,0.0,0.0,0.0,0.0,0.0,0.0,0.0,0.0,0.0,0.0,0.0,0.0,0.0,0.0,0.0,0.0,0.0,0.0,0.0,0.0,0.0,0.0,0.0,0.0,0.0,0.0,0.0,0.0,0.0,0.0,0.0,0.0,0.0,0.0,0.0,0.0,0.0,0.0,0.0,0.0,0.0,0.0,0.0,0.0,0.0,0.0,0.0,0.0,0.0,0.0,0.0,0.0,0.0,0.0,0.0,0.0,0.0,0.0,0.0
2017-05-28 02:05:00+02:00,0.0,0.0,0.0,0.0,0.0,0.0,0.0,0.0,0.0,0.0,0.0,0.0,0.0,0.0,0.0,0.0,0.0,0.0,0.0,0.0,0.0,0.0,0.0,0.0,0.0,0.0,0.0,0.0,0.0,0.0,0.0,0.0,0.0,0.0,0.0,0.0,0.0,0.0,0.0,0.0,0.0,0.0,0.0,0.0,0.0,0.0,0.0,0.0,0.0,0.0,0.0,0.0,0.0,0.0,0.0,0.0,0.0,0.0,0.0,0.0,0.0,0.0,0.0,0.0,0.0,0.0,0.0,0.0,0.0,0.0,0.0,0.0,0.0,0.0,0.0,0.0,0.0,0.0,0.0,0.0,0.0,0.0,0.0,0.0,0.0,0.0,0.0,0.0,0.0,0.0,0.0,0.0,0.0,0.0,0.0,0.0,0.0,0.0,0.0,0.0,0.0,0.0,0.0,0.0,0.0,0.0,0.0,0.0,0.0,0.0,0.0,0.0,0.0,0.0,0.0,0.0,0.0,0.0
2017-05-28 02:06:00+02:00,0.0,0.0,0.0,0.0,0.0,0.0,0.0,0.0,0.0,0.0,0.0,0.0,0.0,0.0,0.0,0.0,0.0,0.0,0.0,0.0,0.0,0.0,0.0,0.0,0.0,0.0,0.0,0.0,0.0,0.0,0.0,0.0,0.0,0.0,0.0,0.0,0.0,0.0,0.0,0.0,0.0,0.0,0.0,0.0,0.0,0.0,0.0,0.0,0.0,0.0,0.0,0.0,0.0,0.0,0.0,0.0,0.0,0.0,0.0,0.0,0.0,0.0,0.0,0.0,0.0,0.0,0.0,0.0,0.0,0.0,0.0,0.0,0.0,0.0,0.0,0.0,0.0,0.0,0.0,0.0,0.0,0.0,0.0,0.0,0.0,0.0,0.0,0.0,0.0,0.0,0.0,0.0,0.0,0.0,0.0,0.0,0.0,0.0,0.0,0.0,0.0,0.0,0.0,0.0,0.0,0.0,0.0,0.0,0.0,0.0,0.0,0.0,0.0,0.0,0.0,0.0,0.0,0.0
2017-05-28 02:07:00+02:00,0.0,0.0,0.0,0.0,0.0,0.0,0.0,0.0,0.0,0.0,0.0,0.0,0.0,0.0,0.0,0.0,0.0,0.0,0.0,0.0,0.0,0.0,0.0,0.0,0.0,0.0,0.0,0.0,0.0,0.0,0.0,0.0,0.0,0.0,0.0,0.0,0.0,0.0,0.0,0.0,0.0,0.0,0.0,0.0,0.0,0.0,0.0,0.0,0.0,0.0,0.0,0.0,0.0,0.0,0.0,0.0,0.0,0.0,0.0,0.0,0.0,0.0,0.0,0.0,0.0,0.0,0.0,0.0,0.0,0.0,0.0,0.0,0.0,0.0,0.0,0.0,0.0,0.0,0.0,0.0,0.0,0.0,0.0,0.0,0.0,0.0,0.0,0.0,0.0,0.0,0.0,0.0,0.0,0.0,0.0,0.0,0.0,0.0,0.0,0.0,0.0,0.0,0.0,0.0,0.0,0.0,0.0,0.0,0.0,0.0,0.0,0.0,0.0,0.0,0.0,0.0,0.0,0.0
2017-05-28 02:08:00+02:00,0.0,0.0,0.0,0.0,0.0,0.0,0.0,0.0,0.0,0.0,0.0,0.0,0.0,0.0,0.0,0.0,0.0,0.0,0.0,0.0,0.0,0.0,0.0,0.0,0.0,0.0,0.0,0.0,0.0,0.0,0.0,0.0,0.0,0.0,0.0,0.0,0.0,0.0,0.0,0.0,0.0,0.0,0.0,0.0,0.0,0.0,0.0,0.0,0.0,0.0,0.0,0.0,0.0,0.0,0.0,0.0,0.0,0.0,0.0,0.0,0.0,0.0,0.0,0.0,0.0,0.0,0.0,0.0,0.0,0.0,0.0,0.0,0.0,0.0,0.0,0.0,0.0,0.0,0.0,0.0,0.0,0.0,0.0,0.0,0.0,0.0,0.0,0.0,0.0,0.0,0.0,0.0,0.0,0.0,0.0,0.0,0.0,0.0,0.0,0.0,0.0,0.0,0.0,0.0,0.0,0.0,0.0,0.0,0.0,0.0,0.0,0.0,0.0,0.0,0.0,0.0,0.0,0.0
2017-05-28 02:09:00+02:00,0.0,0.0,0.0,0.0,0.0,0.0,0.0,0.0,0.0,0.0,0.0,0.0,0.0,0.0,0.0,0.0,0.0,0.0,0.0,0.0,0.0,0.0,0.0,0.0,0.0,0.0,0.0,0.0,0.0,0.0,0.0,0.0,0.0,0.0,0.0,0.0,0.0,0.0,0.0,0.0,0.0,0.0,0.0,0.0,0.0,0.0,0.0,0.0,0.0,0.0,0.0,0.0,0.0,0.0,0.0,0.0,0.0,0.0,0.0,0.0,0.0,0.0,0.0,0.0,0.0,0.0,0.0,0.0,0.0,0.0,0.0,0.0,0.0,0.0,0.0,0.0,0.0,0.0,0.0,0.0,0.0,0.0,0.0,0.0,0.0,0.0,0.0,0.0,0.0,0.0,0.0,0.0,0.0,0.0,0.0,0.0,0.0,0.0,0.0,0.0,0.0,0.0,0.0,0.0,0.0,0.0,0.0,0.0,0.0,0.0,0.0,0.0,0.0,0.0,0.0,0.0,0.0,0.0
2017-05-28 02:10:00+02:00,0.0,0.0,0.0,0.0,0.0,0.0,0.0,0.0,0.0,0.0,0.0,0.0,0.0,0.0,0.0,0.0,0.0,0.0,0.0,0.0,0.0,0.0,0.0,0.0,0.0,0.0,0.0,0.0,0.0,0.0,0.0,0.0,0.0,0.0,0.0,0.0,0.0,0.0,0.0,0.0,0.0,0.0,0.0,0.0,0.0,0.0,0.0,0.0,0.0,0.0,0.0,0.0,0.0,0.0,0.0,0.0,0.0,0.0,0.0,0.0,0.0,0.0,0.0,0.0,0.0,0.0,0.0,0.0,0.0,0.0,0.0,0.0,0.0,0.0,0.0,0.0,0.0,0.0,0.0,0.0,0.0,0.0,0.0,0.0,0.0,0.0,0.0,0.0,0.0,0.0,0.0,0.0,0.0,0.0,0.0,0.0,0.0,0.0,0.0,0.0,0.0,0.0,0.0,0.0,0.0,0.0,0.0,0.0,0.0,0.0,0.0,0.0,0.0,0.0,0.0,0.0,0.0,0.0
2017-05-28 02:11:00+02:00,0.0,0.0,0.0,0.0,0.0,0.0,0.0,0.0,0.0,0.0,0.0,0.0,0.0,0.0,0.0,0.0,0.0,0.0,0.0,0.0,0.0,0.0,0.0,0.0,0.0,0.0,0.0,0.0,0.0,0.0,0.0,0.0,0.0,0.0,0.0,0.0,0.0,0.0,0.0,0.0,0.0,0.0,0.0,0.0,0.0,0.0,0.0,0.0,0.0,0.0,0.0,0.0,0.0,0.0,0.0,0.0,0.0,0.0,0.0,0.0,0.0,0.0,0.0,0.0,0.0,0.0,0.0,0.0,0.0,0.0,0.0,0.0,0.0,0.0,0.0,0.0,0.0,0.0,0.0,0.0,0.0,0.0,0.0,0.0,0.0,0.0,0.0,0.0,0.0,0.0,0.0,0.0,0.0,0.0,0.0,0.0,0.0,0.0,0.0,0.0,0.0,0.0,0.0,0.0,0.0,0.0,0.0,0.0,0.0,0.0,0.0,0.0,0.0,0.0,0.0,0.0,0.0,0.0
2017-05-28 02:12:00+02:00,0.0,0.0,0.0,0.0,0.0,0.0,0.0,0.0,0.0,0.0,0.0,0.0,0.0,0.0,0.0,0.0,0.0,0.0,0.0,0.0,0.0,0.0,0.0,0.0,0.0,0.0,0.0,0.0,0.0,0.0,0.0,0.0,0.0,0.0,0.0,0.0,0.0,0.0,0.0,0.0,0.0,0.0,0.0,0.0,0.0,0.0,0.0,0.0,0.0,0.0,0.0,0.0,0.0,0.0,0.0,0.0,0.0,0.0,0.0,0.0,0.0,0.0,0.0,0.0,0.0,0.0,0.0,0.0,0.0,0.0,0.0,0.0,0.0,0.0,0.0,0.0,0.0,0.0,0.0,0.0,0.0,0.0,0.0,0.0,0.0,0.0,0.0,0.0,0.0,0.0,0.0,0.0,0.0,0.0,0.0,0.0,0.0,0.0,0.0,0.0,0.0,0.0,0.0,0.0,0.0,0.0,0.0,0.0,0.0,0.0,0.0,0.0,0.0,0.0,0.0,0.0,0.0,0.0
2017-05-28 02:13:00+02:00,0.0,0.0,0.0,0.0,0.0,0.0,0.0,0.0,0.0,0.0,0.0,0.0,0.0,0.0,0.0,0.0,0.0,0.0,0.0,0.0,0.0,0.0,0.0,0.0,0.0,0.0,0.0,0.0,0.0,0.0,0.0,0.0,0.0,0.0,0.0,0.0,0.0,0.0,0.0,0.0,0.0,0.0,0.0,0.0,0.0,0.0,0.0,0.0,0.0,0.0,0.0,0.0,0.0,0.0,0.0,0.0,0.0,0.0,0.0,0.0,0.0,0.0,0.0,0.0,0.0,0.0,0.0,0.0,0.0,0.0,0.0,0.0,0.0,0.0,0.0,0.0,0.0,0.0,0.0,0.0,0.0,0.0,0.0,0.0,0.0,0.0,0.0,0.0,0.0,0.0,0.0,0.0,0.0,0.0,0.0,0.0,0.0,0.0,0.0,0.0,0.0,0.0,0.0,0.0,0.0,0.0,0.0,0.0,0.0,0.0,0.0,0.0,0.0,0.0,0.0,0.0,0.0,0.0
2017-05-28 02:14:00+02:00,0.0,0.0,0.0,0.0,0.0,0.0,0.0,0.0,0.0,0.0,0.0,0.0,0.0,0.0,0.0,0.0,0.0,0.0,0.0,0.0,0.0,0.0,0.0,0.0,0.0,0.0,0.0,0.0,0.0,0.0,0.0,0.0,0.0,0.0,0.0,0.0,0.0,0.0,0.0,0.0,0.0,0.0,0.0,0.0,0.0,0.0,0.0,0.0,0.0,0.0,0.0,0.0,0.0,0.0,0.0,0.0,0.0,0.0,0.0,0.0,0.0,0.0,0.0,0.0,0.0,0.0,0.0,0.0,0.0,0.0,0.0,0.0,0.0,0.0,0.0,0.0,0.0,0.0,0.0,0.0,0.0,0.0,0.0,0.0,0.0,0.0,0.0,0.0,0.0,0.0,0.0,0.0,0.0,0.0,0.0,0.0,0.0,0.0,0.0,0.0,0.0,0.0,0.0,0.0,0.0,0.0,0.0,0.0,0.0,0.0,0.0,0.0,0.0,0.0,0.0,0.0,0.0,0.0
2017-05-28 02:15:00+02:00,0.0,0.0,0.0,0.0,0.0,0.0,0.0,0.0,0.0,0.0,0.0,0.0,0.0,0.0,0.0,0.0,0.0,0.0,0.0,0.0,0.0,0.0,0.0,0.0,0.0,0.0,0.0,0.0,0.0,0.0,0.0,0.0,0.0,0.0,0.0,0.0,0.0,0.0,0.0,0.0,0.0,0.0,0.0,0.0,0.0,0.0,0.0,0.0,0.0,0.0,0.0,0.0,0.0,0.0,0.0,0.0,0.0,0.0,0.0,0.0,0.0,0.0,0.0,0.0,0.0,0.0,0.0,0.0,0.0,0.0,0.0,0.0,0.0,0.0,0.0,0.0,0.0,0.0,0.0,0.0,0.0,0.0,0.0,0.0,0.0,0.0,0.0,0.0,0.0,0.0,0.0,0.0,0.0,0.0,0.0,0.0,0.0,0.0,0.0,0.0,0.0,0.0,0.0,0.0,0.0,0.0,0.0,0.0,0.0,0.0,0.0,0.0,0.0,0.0,0.0,0.0,0.0,0.0
2017-05-28 02:16:00+02:00,0.0,0.0,0.0,0.0,0.0,0.0,0.0,0.0,0.0,0.0,0.0,0.0,0.0,0.0,0.0,0.0,0.0,0.0,0.0,0.0,0.0,0.0,0.0,0.0,0.0,0.0,0.0,0.0,0.0,0.0,0.0,0.0,0.0,0.0,0.0,0.0,0.0,0.0,0.0,0.0,0.0,0.0,0.0,0.0,0.0,0.0,0.0,0.0,0.0,0.0,0.0,0.0,0.0,0.0,0.0,0.0,0.0,0.0,0.0,0.0,0.0,0.0,0.0,0.0,0.0,0.0,0.0,0.0,0.0,0.0,0.0,0.0,0.0,0.0,0.0,0.0,0.0,0.0,0.0,0.0,0.0,0.0,0.0,0.0,0.0,0.0,0.0,0.0,0.0,0.0,0.0,0.0,0.0,0.0,0.0,0.0,0.0,0.0,0.0,0.0,0.0,0.0,0.0,0.0,0.0,0.0,0.0,0.0,0.0,0.0,0.0,0.0,0.0,0.0,0.0,0.0,0.0,0.0
2017-05-28 02:17:00+02:00,0.0,0.0,0.0,0.0,0.0,0.0,0.0,0.0,0.0,0.0,0.0,0.0,0.0,0.0,0.0,0.0,0.0,0.0,0.0,0.0,0.0,0.0,0.0,0.0,0.0,0.0,0.0,0.0,0.0,0.0,0.0,0.0,0.0,0.0,0.0,0.0,0.0,0.0,0.0,0.0,0.0,0.0,0.0,0.0,0.0,0.0,0.0,0.0,0.0,0.0,0.0,0.0,0.0,0.0,0.0,0.0,0.0,0.0,0.0,0.0,0.0,0.0,0.0,0.0,0.0,0.0,0.0,0.0,0.0,0.0,0.0,0.0,0.0,0.0,0.0,0.0,0.0,0.0,0.0,0.0,0.0,0.0,0.0,0.0,0.0,0.0,0.0,0.0,0.0,0.0,0.0,0.0,0.0,0.0,0.0,0.0,0.0,0.0,0.0,0.0,0.0,0.0,0.0,0.0,0.0,0.0,0.0,0.0,0.0,0.0,0.0,0.0,0.0,0.0,0.0,0.0,0.0,0.0
2017-05-28 02:18:00+02:00,0.0,0.0,0.0,0.0,0.0,0.0,0.0,0.0,0.0,0.0,0.0,0.0,0.0,0.0,0.0,0.0,0.0,0.0,0.0,0.0,0.0,0.0,0.0,0.0,0.0,0.0,0.0,0.0,0.0,0.0,0.0,0.0,0.0,0.0,0.0,0.0,0.0,0.0,0.0,0.0,0.0,0.0,0.0,0.0,0.0,0.0,0.0,0.0,0.0,0.0,0.0,0.0,0.0,0.0,0.0,0.0,0.0,0.0,0.0,0.0,0.0,0.0,0.0,0.0,0.0,0.0,0.0,0.0,0.0,0.0,0.0,0.0,0.0,0.0,0.0,0.0,0.0,0.0,0.0,0.0,0.0,0.0,0.0,0.0,0.0,0.0,0.0,0.0,0.0,0.0,0.0,0.0,0.0,0.0,0.0,0.0,0.0,0.0,0.0,0.0,0.0,0.0,0.0,0.0,0.0,0.0,0.0,0.0,0.0,0.0,0.0,0.0,0.0,0.0,0.0,0.0,0.0,0.0
2017-05-28 02:19:00+02:00,0.0,0.0,0.0,0.0,0.0,0.0,0.0,0.0,0.0,0.0,0.0,0.0,0.0,0.0,0.0,0.0,0.0,0.0,0.0,0.0,0.0,0.0,0.0,0.0,0.0,0.0,0.0,0.0,0.0,0.0,0.0,0.0,0.0,0.0,0.0,0.0,0.0,0.0,0.0,0.0,0.0,0.0,0.0,0.0,0.0,0.0,0.0,0.0,0.0,0.0,0.0,0.0,0.0,0.0,0.0,0.0,0.0,0.0,0.0,0.0,0.0,0.0,0.0,0.0,0.0,0.0,0.0,0.0,0.0,0.0,0.0,0.0,0.0,0.0,0.0,0.0,0.0,0.0,0.0,0.0,0.0,0.0,0.0,0.0,0.0,0.0,0.0,0.0,0.0,0.0,0.0,0.0,0.0,0.0,0.0,0.0,0.0,0.0,0.0,0.0,0.0,0.0,0.0,0.0,0.0,0.0,0.0,0.0,0.0,0.0,0.0,0.0,0.0,0.0,0.0,0.0,0.0,0.0
2017-05-28 02:20:00+02:00,0.0,0.0,0.0,0.0,0.0,0.0,0.0,0.0,0.0,0.0,0.0,0.0,0.0,0.0,0.0,0.0,0.0,0.0,0.0,0.0,0.0,0.0,0.0,0.0,0.0,0.0,0.0,0.0,0.0,0.0,0.0,0.0,0.0,0.0,0.0,0.0,0.0,0.0,0.0,0.0,0.0,0.0,0.0,0.0,0.0,0.0,0.0,0.0,0.0,0.0,0.0,0.0,0.0,0.0,0.0,0.0,0.0,0.0,0.0,0.0,0.0,0.0,0.0,0.0,0.0,0.0,0.0,0.0,0.0,0.0,0.0,0.0,0.0,0.0,0.0,0.0,0.0,0.0,0.0,0.0,0.0,0.0,0.0,0.0,0.0,0.0,0.0,0.0,0.0,0.0,0.0,0.0,0.0,0.0,0.0,0.0,0.0,0.0,0.0,0.0,0.0,0.0,0.0,0.0,0.0,0.0,0.0,0.0,0.0,0.0,0.0,0.0,0.0,0.0,0.0,0.0,0.0,0.0
2017-05-28 02:21:00+02:00,0.0,0.0,0.0,0.0,0.0,0.0,0.0,0.0,0.0,0.0,0.0,0.0,0.0,0.0,0.0,0.0,0.0,0.0,0.0,0.0,0.0,0.0,0.0,0.0,0.0,0.0,0.0,0.0,0.0,0.0,0.0,0.0,0.0,0.0,0.0,0.0,0.0,0.0,0.0,0.0,0.0,0.0,0.0,0.0,0.0,0.0,0.0,0.0,0.0,0.0,0.0,0.0,0.0,0.0,0.0,0.0,0.0,0.0,0.0,0.0,0.0,0.0,0.0,0.0,0.0,0.0,0.0,0.0,0.0,0.0,0.0,0.0,0.0,0.0,0.0,0.0,0.0,0.0,0.0,0.0,0.0,0.0,0.0,0.0,0.0,0.0,0.0,0.0,0.0,0.0,0.0,0.0,0.0,0.0,0.0,0.0,0.0,0.0,0.0,0.0,0.0,0.0,0.0,0.0,0.0,0.0,0.0,0.0,0.0,0.0,0.0,0.0,0.0,0.0,0.0,0.0,0.0,0.0
2017-05-28 02:22:00+02:00,0.0,0.0,0.0,0.0,0.0,0.0,0.0,0.0,0.0,0.0,0.0,0.0,0.0,0.0,0.0,0.0,0.0,0.0,0.0,0.0,0.0,0.0,0.0,0.0,0.0,0.0,0.0,0.0,0.0,0.0,0.0,0.0,0.0,0.0,0.0,0.0,0.0,0.0,0.0,0.0,0.0,0.0,0.0,0.0,0.0,0.0,0.0,0.0,0.0,0.0,0.0,0.0,0.0,0.0,0.0,0.0,0.0,0.0,0.0,0.0,0.0,0.0,0.0,0.0,0.0,0.0,0.0,0.0,0.0,0.0,0.0,0.0,0.0,0.0,0.0,0.0,0.0,0.0,0.0,0.0,0.0,0.0,0.0,0.0,0.0,0.0,0.0,0.0,0.0,0.0,0.0,0.0,0.0,0.0,0.0,0.0,0.0,0.0,0.0,0.0,0.0,0.0,0.0,0.0,0.0,0.0,0.0,0.0,0.0,0.0,0.0,0.0,0.0,0.0,0.0,0.0,0.0,0.0
2017-05-28 02:23:00+02:00,0.0,0.0,0.0,0.0,0.0,0.0,0.0,0.0,0.0,0.0,0.0,0.0,0.0,0.0,0.0,0.0,0.0,0.0,0.0,0.0,0.0,0.0,0.0,0.0,0.0,0.0,0.0,0.0,0.0,0.0,0.0,0.0,0.0,0.0,0.0,0.0,0.0,0.0,0.0,0.0,0.0,0.0,0.0,0.0,0.0,0.0,0.0,0.0,0.0,0.0,0.0,0.0,0.0,0.0,0.0,0.0,0.0,0.0,0.0,0.0,0.0,0.0,0.0,0.0,0.0,0.0,0.0,0.0,0.0,0.0,0.0,0.0,0.0,0.0,0.0,0.0,0.0,0.0,0.0,0.0,0.0,0.0,0.0,0.0,0.0,0.0,0.0,0.0,0.0,0.0,0.0,0.0,0.0,0.0,0.0,0.0,0.0,0.0,0.0,0.0,0.0,0.0,0.0,0.0,0.0,0.0,0.0,0.0,0.0,0.0,0.0,0.0,0.0,0.0,0.0,0.0,0.0,0.0
2017-05-28 02:24:00+02:00,0.0,0.0,0.0,0.0,0.0,0.0,0.0,0.0,0.0,0.0,0.0,0.0,0.0,0.0,0.0,0.0,0.0,0.0,0.0,0.0,0.0,0.0,0.0,0.0,0.0,0.0,0.0,0.0,0.0,0.0,0.0,0.0,0.0,0.0,0.0,0.0,0.0,0.0,0.0,0.0,0.0,0.0,0.0,0.0,0.0,0.0,0.0,0.0,0.0,0.0,0.0,0.0,0.0,0.0,0.0,0.0,0.0,0.0,0.0,0.0,0.0,0.0,0.0,0.0,0.0,0.0,0.0,0.0,0.0,0.0,0.0,0.0,0.0,0.0,0.0,0.0,0.0,0.0,0.0,0.0,0.0,0.0,0.0,0.0,0.0,0.0,0.0,0.0,0.0,0.0,0.0,0.0,0.0,0.0,0.0,0.0,0.0,0.0,0.0,0.0,0.0,0.0,0.0,0.0,0.0,0.0,0.0,0.0,0.0,0.0,0.0,0.0,0.0,0.0,0.0,0.0,0.0,0.0
2017-05-28 02:25:00+02:00,0.0,0.0,0.0,0.0,0.0,0.0,0.0,0.0,0.0,0.0,0.0,0.0,0.0,0.0,0.0,0.0,0.0,0.0,0.0,0.0,0.0,0.0,0.0,0.0,0.0,0.0,0.0,0.0,0.0,0.0,0.0,0.0,0.0,0.0,0.0,0.0,0.0,0.0,0.0,0.0,0.0,0.0,0.0,0.0,0.0,0.0,0.0,0.0,0.0,0.0,0.0,0.0,0.0,0.0,0.0,0.0,0.0,0.0,0.0,0.0,0.0,0.0,0.0,0.0,0.0,0.0,0.0,0.0,0.0,0.0,0.0,0.0,0.0,0.0,0.0,0.0,0.0,0.0,0.0,0.0,0.0,0.0,0.0,0.0,0.0,0.0,0.0,0.0,0.0,0.0,0.0,0.0,0.0,0.0,0.0,0.0,0.0,0.0,0.0,0.0,0.0,0.0,0.0,0.0,0.0,0.0,0.0,0.0,0.0,0.0,0.0,0.0,0.0,0.0,0.0,0.0,0.0,0.0
2017-05-28 02:26:00+02:00,0.0,0.0,0.0,0.0,0.0,0.0,0.0,0.0,0.0,0.0,0.0,0.0,0.0,0.0,0.0,0.0,0.0,0.0,0.0,0.0,0.0,0.0,0.0,0.0,0.0,0.0,0.0,0.0,0.0,0.0,0.0,0.0,0.0,0.0,0.0,0.0,0.0,0.0,0.0,0.0,0.0,0.0,0.0,0.0,0.0,0.0,0.0,0.0,0.0,0.0,0.0,0.0,0.0,0.0,0.0,0.0,0.0,0.0,0.0,0.0,0.0,0.0,0.0,0.0,0.0,0.0,0.0,0.0,0.0,0.0,0.0,0.0,0.0,0.0,0.0,0.0,0.0,0.0,0.0,0.0,0.0,0.0,0.0,0.0,0.0,0.0,0.0,0.0,0.0,0.0,0.0,0.0,0.0,0.0,0.0,0.0,0.0,0.0,0.0,0.0,0.0,0.0,0.0,0.0,0.0,0.0,0.0,0.0,0.0,0.0,0.0,0.0,0.0,0.0,0.0,0.0,0.0,0.0
2017-05-28 02:27:00+02:00,0.0,0.0,0.0,0.0,0.0,0.0,0.0,0.0,0.0,0.0,0.0,0.0,0.0,0.0,0.0,0.0,0.0,0.0,0.0,0.0,0.0,0.0,0.0,0.0,0.0,0.0,0.0,0.0,0.0,0.0,0.0,0.0,0.0,0.0,0.0,0.0,0.0,0.0,0.0,0.0,0.0,0.0,0.0,0.0,0.0,0.0,0.0,0.0,0.0,0.0,0.0,0.0,0.0,0.0,0.0,0.0,0.0,0.0,0.0,0.0,0.0,0.0,0.0,0.0,0.0,0.0,0.0,0.0,0.0,0.0,0.0,0.0,0.0,0.0,0.0,0.0,0.0,0.0,0.0,0.0,0.0,0.0,0.0,0.0,0.0,0.0,0.0,0.0,0.0,0.0,0.0,0.0,0.0,0.0,0.0,0.0,0.0,0.0,0.0,0.0,0.0,0.0,0.0,0.0,0.0,0.0,0.0,0.0,0.0,0.0,0.0,0.0,0.0,0.0,0.0,0.0,0.0,0.0
2017-05-28 02:28:00+02:00,0.0,0.0,0.0,0.0,0.0,0.0,0.0,0.0,0.0,0.0,0.0,0.0,0.0,0.0,0.0,0.0,0.0,0.0,0.0,0.0,0.0,0.0,0.0,0.0,0.0,0.0,0.0,0.0,0.0,0.0,0.0,0.0,0.0,0.0,0.0,0.0,0.0,0.0,0.0,0.0,0.0,0.0,0.0,0.0,0.0,0.0,0.0,0.0,0.0,0.0,0.0,0.0,0.0,0.0,0.0,0.0,0.0,0.0,0.0,0.0,0.0,0.0,0.0,0.0,0.0,0.0,0.0,0.0,0.0,0.0,0.0,0.0,0.0,0.0,0.0,0.0,0.0,0.0,0.0,0.0,0.0,0.0,0.0,0.0,0.0,0.0,0.0,0.0,0.0,0.0,0.0,0.0,0.0,0.0,0.0,0.0,0.0,0.0,0.0,0.0,0.0,0.0,0.0,0.0,0.0,0.0,0.0,0.0,0.0,0.0,0.0,0.0,0.0,0.0,0.0,0.0,0.0,0.0
2017-05-28 02:29:00+02:00,0.0,0.0,0.0,0.0,0.0,0.0,0.0,0.0,0.0,0.0,0.0,0.0,0.0,0.0,0.0,0.0,0.0,0.0,0.0,0.0,0.0,0.0,0.0,0.0,0.0,0.0,0.0,0.0,0.0,0.0,0.0,0.0,0.0,0.0,0.0,0.0,0.0,0.0,0.0,0.0,0.0,0.0,0.0,0.0,0.0,0.0,0.0,0.0,0.0,0.0,0.0,0.0,0.0,0.0,0.0,0.0,0.0,0.0,0.0,0.0,0.0,0.0,0.0,0.0,0.0,0.0,0.0,0.0,0.0,0.0,0.0,0.0,0.0,0.0,0.0,0.0,0.0,0.0,0.0,0.0,0.0,0.0,0.0,0.0,0.0,0.0,0.0,0.0,0.0,0.0,0.0,0.0,0.0,0.0,0.0,0.0,0.0,0.0,0.0,0.0,0.0,0.0,0.0,0.0,0.0,0.0,0.0,0.0,0.0,0.0,0.0,0.0,0.0,0.0,0.0,0.0,0.0,0.0
2017-05-28 02:30:00+02:00,0.0,0.0,0.0,0.0,0.0,0.0,0.0,0.0,0.0,0.0,0.0,0.0,0.0,0.0,0.0,0.0,0.0,0.0,0.0,0.0,0.0,0.0,0.0,0.0,0.0,0.0,0.0,0.0,0.0,0.0,0.0,0.0,0.0,0.0,0.0,0.0,0.0,0.0,0.0,0.0,0.0,0.0,0.0,0.0,0.0,0.0,0.0,0.0,0.0,0.0,0.0,0.0,0.0,0.0,0.0,0.0,0.0,0.0,0.0,0.0,0.0,0.0,0.0,0.0,0.0,0.0,0.0,0.0,0.0,0.0,0.0,0.0,0.0,0.0,0.0,0.0,0.0,0.0,0.0,0.0,0.0,0.0,0.0,0.0,0.0,0.0,0.0,0.0,0.0,0.0,0.0,0.0,0.0,0.0,0.0,0.0,0.0,0.0,0.0,0.0,0.0,0.0,0.0,0.0,0.0,0.0,0.0,0.0,0.0,0.0,0.0,0.0,0.0,0.0,0.0,0.0,0.0,0.0
2017-05-28 02:31:00+02:00,0.0,0.0,0.0,0.0,0.0,0.0,0.0,0.0,0.0,0.0,0.0,0.0,0.0,0.0,0.0,0.0,0.0,0.0,0.0,0.0,0.0,0.0,0.0,0.0,0.0,0.0,0.0,0.0,0.0,0.0,0.0,0.0,0.0,0.0,0.0,0.0,0.0,0.0,0.0,0.0,0.0,0.0,0.0,0.0,0.0,0.0,0.0,0.0,0.0,0.0,0.0,0.0,0.0,0.0,0.0,0.0,0.0,0.0,0.0,0.0,0.0,0.0,0.0,0.0,0.0,0.0,0.0,0.0,0.0,0.0,0.0,0.0,0.0,0.0,0.0,0.0,0.0,0.0,0.0,0.0,0.0,0.0,0.0,0.0,0.0,0.0,0.0,0.0,0.0,0.0,0.0,0.0,0.0,0.0,0.0,0.0,0.0,0.0,0.0,0.0,0.0,0.0,0.0,0.0,0.0,0.0,0.0,0.0,0.0,0.0,0.0,0.0,0.0,0.0,0.0,0.0,0.0,0.0
2017-05-28 02:32:00+02:00,0.0,0.0,0.0,0.0,0.0,0.0,0.0,0.0,0.0,0.0,0.0,0.0,0.0,0.0,0.0,0.0,0.0,0.0,0.0,0.0,0.0,0.0,0.0,0.0,0.0,0.0,0.0,0.0,0.0,0.0,0.0,0.0,0.0,0.0,0.0,0.0,0.0,0.0,0.0,0.0,0.0,0.0,0.0,0.0,0.0,0.0,0.0,0.0,0.0,0.0,0.0,0.0,0.0,0.0,0.0,0.0,0.0,0.0,0.0,0.0,0.0,0.0,0.0,0.0,0.0,0.0,0.0,0.0,0.0,0.0,0.0,0.0,0.0,0.0,0.0,0.0,0.0,0.0,0.0,0.0,0.0,0.0,0.0,0.0,0.0,0.0,0.0,0.0,0.0,0.0,0.0,0.0,0.0,0.0,0.0,0.0,0.0,0.0,0.0,0.0,0.0,0.0,0.0,0.0,0.0,0.0,0.0,0.0,0.0,0.0,0.0,0.0,0.0,0.0,0.0,0.0,0.0,0.0
2017-05-28 02:33:00+02:00,0.0,0.0,0.0,0.0,0.0,0.0,0.0,0.0,0.0,0.0,0.0,0.0,0.0,0.0,0.0,0.0,0.0,0.0,0.0,0.0,0.0,0.0,0.0,0.0,0.0,0.0,0.0,0.0,0.0,0.0,0.0,0.0,0.0,0.0,0.0,0.0,0.0,0.0,0.0,0.0,0.0,0.0,0.0,0.0,0.0,0.0,0.0,0.0,0.0,0.0,0.0,0.0,0.0,0.0,0.0,0.0,0.0,0.0,0.0,0.0,0.0,0.0,0.0,0.0,0.0,0.0,0.0,0.0,0.0,0.0,0.0,0.0,0.0,0.0,0.0,0.0,0.0,0.0,0.0,0.0,0.0,0.0,0.0,0.0,0.0,0.0,0.0,0.0,0.0,0.0,0.0,0.0,0.0,0.0,0.0,0.0,0.0,0.0,0.0,0.0,0.0,0.0,0.0,0.0,0.0,0.0,0.0,0.0,0.0,0.0,0.0,0.0,0.0,0.0,0.0,0.0,0.0,0.0
2017-05-28 02:34:00+02:00,0.0,0.0,0.0,0.0,0.0,0.0,0.0,0.0,0.0,0.0,0.0,0.0,0.0,0.0,0.0,0.0,0.0,0.0,0.0,0.0,0.0,0.0,0.0,0.0,0.0,0.0,0.0,0.0,0.0,0.0,0.0,0.0,0.0,0.0,0.0,0.0,0.0,0.0,0.0,0.0,0.0,0.0,0.0,0.0,0.0,0.0,0.0,0.0,0.0,0.0,0.0,0.0,0.0,0.0,0.0,0.0,0.0,0.0,0.0,0.0,0.0,0.0,0.0,0.0,0.0,0.0,0.0,0.0,0.0,0.0,0.0,0.0,0.0,0.0,0.0,0.0,0.0,0.0,0.0,0.0,0.0,0.0,0.0,0.0,0.0,0.0,0.0,0.0,0.0,0.0,0.0,0.0,0.0,0.0,0.0,0.0,0.0,0.0,0.0,0.0,0.0,0.0,0.0,0.0,0.0,0.0,0.0,0.0,0.0,0.0,0.0,0.0,0.0,0.0,0.0,0.0,0.0,0.0
2017-05-28 02:35:00+02:00,0.0,0.0,0.0,0.0,0.0,0.0,0.0,0.0,0.0,0.0,0.0,0.0,0.0,0.0,0.0,0.0,0.0,0.0,0.0,0.0,0.0,0.0,0.0,0.0,0.0,0.0,0.0,0.0,0.0,0.0,0.0,0.0,0.0,0.0,0.0,0.0,0.0,0.0,0.0,0.0,0.0,0.0,0.0,0.0,0.0,0.0,0.0,0.0,0.0,0.0,0.0,0.0,0.0,0.0,0.0,0.0,0.0,0.0,0.0,0.0,0.0,0.0,0.0,0.0,0.0,0.0,0.0,0.0,0.0,0.0,0.0,0.0,0.0,0.0,0.0,0.0,0.0,0.0,0.0,0.0,0.0,0.0,0.0,0.0,0.0,0.0,0.0,0.0,0.0,0.0,0.0,0.0,0.0,0.0,0.0,0.0,0.0,0.0,0.0,0.0,0.0,0.0,0.0,0.0,0.0,0.0,0.0,0.0,0.0,0.0,0.0,0.0,0.0,0.0,0.0,0.0,0.0,0.0
2017-05-28 02:36:00+02:00,0.0,0.0,0.0,0.0,0.0,0.0,0.0,0.0,0.0,0.0,0.0,0.0,0.0,0.0,0.0,0.0,0.0,0.0,0.0,0.0,0.0,0.0,0.0,0.0,0.0,0.0,0.0,0.0,0.0,0.0,0.0,0.0,0.0,0.0,0.0,0.0,0.0,0.0,0.0,0.0,0.0,0.0,0.0,0.0,0.0,0.0,0.0,0.0,0.0,0.0,0.0,0.0,0.0,0.0,0.0,0.0,0.0,0.0,0.0,0.0,0.0,0.0,0.0,0.0,0.0,0.0,0.0,0.0,0.0,0.0,0.0,0.0,0.0,0.0,0.0,0.0,0.0,0.0,0.0,0.0,0.0,0.0,0.0,0.0,0.0,0.0,0.0,0.0,0.0,0.0,0.0,0.0,0.0,0.0,0.0,0.0,0.0,0.0,0.0,0.0,0.0,0.0,0.0,0.0,0.0,0.0,0.0,0.0,0.0,0.0,0.0,0.0,0.0,0.0,0.0,0.0,0.0,0.0
2017-05-28 02:37:00+02:00,0.0,0.0,0.0,0.0,0.0,0.0,0.0,0.0,0.0,0.0,0.0,0.0,0.0,0.0,0.0,0.0,0.0,0.0,0.0,0.0,0.0,0.0,0.0,0.0,0.0,0.0,0.0,0.0,0.0,0.0,0.0,0.0,0.0,0.0,0.0,0.0,0.0,0.0,0.0,0.0,0.0,0.0,0.0,0.0,0.0,0.0,0.0,0.0,0.0,0.0,0.0,0.0,0.0,0.0,0.0,0.0,0.0,0.0,0.0,0.0,0.0,0.0,0.0,0.0,0.0,0.0,0.0,0.0,0.0,0.0,0.0,0.0,0.0,0.0,0.0,0.0,0.0,0.0,0.0,0.0,0.0,0.0,0.0,0.0,0.0,0.0,0.0,0.0,0.0,0.0,0.0,0.0,0.0,0.0,0.0,0.0,0.0,0.0,0.0,0.0,0.0,0.0,0.0,0.0,0.0,0.0,0.0,0.0,0.0,0.0,0.0,0.0,0.0,0.0,0.0,0.0,0.0,0.0
2017-05-28 02:38:00+02:00,0.0,0.0,0.0,0.0,0.0,0.0,0.0,0.0,0.0,0.0,0.0,0.0,0.0,0.0,0.0,0.0,0.0,0.0,0.0,0.0,0.0,0.0,0.0,0.0,0.0,0.0,0.0,0.0,0.0,0.0,0.0,0.0,0.0,0.0,0.0,0.0,0.0,0.0,0.0,0.0,0.0,0.0,0.0,0.0,0.0,0.0,0.0,0.0,0.0,0.0,0.0,0.0,0.0,0.0,0.0,0.0,0.0,0.0,0.0,0.0,0.0,0.0,0.0,0.0,0.0,0.0,0.0,0.0,0.0,0.0,0.0,0.0,0.0,0.0,0.0,0.0,0.0,0.0,0.0,0.0,0.0,0.0,0.0,0.0,0.0,0.0,0.0,0.0,0.0,0.0,0.0,0.0,0.0,0.0,0.0,0.0,0.0,0.0,0.0,0.0,0.0,0.0,0.0,0.0,0.0,0.0,0.0,0.0,0.0,0.0,0.0,0.0,0.0,0.0,0.0,0.0,0.0,0.0
2017-05-28 02:39:00+02:00,0.0,0.0,0.0,0.0,0.0,0.0,0.0,0.0,0.0,0.0,0.0,0.0,0.0,0.0,0.0,0.0,0.0,0.0,0.0,0.0,0.0,0.0,0.0,0.0,0.0,0.0,0.0,0.0,0.0,0.0,0.0,0.0,0.0,0.0,0.0,0.0,0.0,0.0,0.0,0.0,0.0,0.0,0.0,0.0,0.0,0.0,0.0,0.0,0.0,0.0,0.0,0.0,0.0,0.0,0.0,0.0,0.0,0.0,0.0,0.0,0.0,0.0,0.0,0.0,0.0,0.0,0.0,0.0,0.0,0.0,0.0,0.0,0.0,0.0,0.0,0.0,0.0,0.0,0.0,0.0,0.0,0.0,0.0,0.0,0.0,0.0,0.0,0.0,0.0,0.0,0.0,0.0,0.0,0.0,0.0,0.0,0.0,0.0,0.0,0.0,0.0,0.0,0.0,0.0,0.0,0.0,0.0,0.0,0.0,0.0,0.0,0.0,0.0,0.0,0.0,0.0,0.0,0.0
2017-05-28 02:40:00+02:00,0.0,0.0,0.0,0.0,0.0,0.0,0.0,0.0,0.0,0.0,0.0,0.0,0.0,0.0,0.0,0.0,0.0,0.0,0.0,0.0,0.0,0.0,0.0,0.0,0.0,0.0,0.0,0.0,0.0,0.0,0.0,0.0,0.0,0.0,0.0,0.0,0.0,0.0,0.0,0.0,0.0,0.0,0.0,0.0,0.0,0.0,0.0,0.0,0.0,0.0,0.0,0.0,0.0,0.0,0.0,0.0,0.0,0.0,0.0,0.0,0.0,0.0,0.0,0.0,0.0,0.0,0.0,0.0,0.0,0.0,0.0,0.0,0.0,0.0,0.0,0.0,0.0,0.0,0.0,0.0,0.0,0.0,0.0,0.0,0.0,0.0,0.0,0.0,0.0,0.0,0.0,0.0,0.0,0.0,0.0,0.0,0.0,0.0,0.0,0.0,0.0,0.0,0.0,0.0,0.0,0.0,0.0,0.0,0.0,0.0,0.0,0.0,0.0,0.0,0.0,0.0,0.0,0.0
2017-05-28 02:41:00+02:00,0.0,0.0,0.0,0.0,0.0,0.0,0.0,0.0,0.0,0.0,0.0,0.0,0.0,0.0,0.0,0.0,0.0,0.0,0.0,0.0,0.0,0.0,0.0,0.0,0.0,0.0,0.0,0.0,0.0,0.0,0.0,0.0,0.0,0.0,0.0,0.0,0.0,0.0,0.0,0.0,0.0,0.0,0.0,0.0,0.0,0.0,0.0,0.0,0.0,0.0,0.0,0.0,0.0,0.0,0.0,0.0,0.0,0.0,0.0,0.0,0.0,0.0,0.0,0.0,0.0,0.0,0.0,0.0,0.0,0.0,0.0,0.0,0.0,0.0,0.0,0.0,0.0,0.0,0.0,0.0,0.0,0.0,0.0,0.0,0.0,0.0,0.0,0.0,0.0,0.0,0.0,0.0,0.0,0.0,0.0,0.0,0.0,0.0,0.0,0.0,0.0,0.0,0.0,0.0,0.0,0.0,0.0,0.0,0.0,0.0,0.0,0.0,0.0,0.0,0.0,0.0,0.0,0.0
2017-05-28 02:42:00+02:00,0.0,0.0,0.0,0.0,0.0,0.0,0.0,0.0,0.0,0.0,0.0,0.0,0.0,0.0,0.0,0.0,0.0,0.0,0.0,0.0,0.0,0.0,0.0,0.0,0.0,0.0,0.0,0.0,0.0,0.0,0.0,0.0,0.0,0.0,0.0,0.0,0.0,0.0,0.0,0.0,0.0,0.0,0.0,0.0,0.0,0.0,0.0,0.0,0.0,0.0,0.0,0.0,0.0,0.0,0.0,0.0,0.0,0.0,0.0,0.0,0.0,0.0,0.0,0.0,0.0,0.0,0.0,0.0,0.0,0.0,0.0,0.0,0.0,0.0,0.0,0.0,0.0,0.0,0.0,0.0,0.0,0.0,0.0,0.0,0.0,0.0,0.0,0.0,0.0,0.0,0.0,0.0,0.0,0.0,0.0,0.0,0.0,0.0,0.0,0.0,0.0,0.0,0.0,0.0,0.0,0.0,0.0,0.0,0.0,0.0,0.0,0.0,0.0,0.0,0.0,0.0,0.0,0.0
2017-05-28 02:43:00+02:00,0.0,0.0,0.0,0.0,0.0,0.0,0.0,0.0,0.0,0.0,0.0,0.0,0.0,0.0,0.0,0.0,0.0,0.0,0.0,0.0,0.0,0.0,0.0,0.0,0.0,0.0,0.0,0.0,0.0,0.0,0.0,0.0,0.0,0.0,0.0,0.0,0.0,0.0,0.0,0.0,0.0,0.0,0.0,0.0,0.0,0.0,0.0,0.0,0.0,0.0,0.0,0.0,0.0,0.0,0.0,0.0,0.0,0.0,0.0,0.0,0.0,0.0,0.0,0.0,0.0,0.0,0.0,0.0,0.0,0.0,0.0,0.0,0.0,0.0,0.0,0.0,0.0,0.0,0.0,0.0,0.0,0.0,0.0,0.0,0.0,0.0,0.0,0.0,0.0,0.0,0.0,0.0,0.0,0.0,0.0,0.0,0.0,0.0,0.0,0.0,0.0,0.0,0.0,0.0,0.0,0.0,0.0,0.0,0.0,0.0,0.0,0.0,0.0,0.0,0.0,0.0,0.0,0.0
2017-05-28 02:44:00+02:00,0.0,0.0,0.0,0.0,0.0,0.0,0.0,0.0,0.0,0.0,0.0,0.0,0.0,0.0,0.0,0.0,0.0,0.0,0.0,0.0,0.0,0.0,0.0,0.0,0.0,0.0,0.0,0.0,0.0,0.0,0.0,0.0,0.0,0.0,0.0,0.0,0.0,0.0,0.0,0.0,0.0,0.0,0.0,0.0,0.0,0.0,0.0,0.0,0.0,0.0,0.0,0.0,0.0,0.0,0.0,0.0,0.0,0.0,0.0,0.0,0.0,0.0,0.0,0.0,0.0,0.0,0.0,0.0,0.0,0.0,0.0,0.0,0.0,0.0,0.0,0.0,0.0,0.0,0.0,0.0,0.0,0.0,0.0,0.0,0.0,0.0,0.0,0.0,0.0,0.0,0.0,0.0,0.0,0.0,0.0,0.0,0.0,0.0,0.0,0.0,0.0,0.0,0.0,0.0,0.0,0.0,0.0,0.0,0.0,0.0,0.0,0.0,0.0,0.0,0.0,0.0,0.0,0.0
2017-05-28 02:45:00+02:00,0.0,0.0,0.0,0.0,0.0,0.0,0.0,0.0,0.0,0.0,0.0,0.0,0.0,0.0,0.0,0.0,0.0,0.0,0.0,0.0,0.0,0.0,0.0,0.0,0.0,0.0,0.0,0.0,0.0,0.0,0.0,0.0,0.0,0.0,0.0,0.0,0.0,0.0,0.0,0.0,0.0,0.0,0.0,0.0,0.0,0.0,0.0,0.0,0.0,0.0,0.0,0.0,0.0,0.0,0.0,0.0,0.0,0.0,0.0,0.0,0.0,0.0,0.0,0.0,0.0,0.0,0.0,0.0,0.0,0.0,0.0,0.0,0.0,0.0,0.0,0.0,0.0,0.0,0.0,0.0,0.0,0.0,0.0,0.0,0.0,0.0,0.0,0.0,0.0,0.0,0.0,0.0,0.0,0.0,0.0,0.0,0.0,0.0,0.0,0.0,0.0,0.0,0.0,0.0,0.0,0.0,0.0,0.0,0.0,0.0,0.0,0.0,0.0,0.0,0.0,0.0,0.0,0.0
2017-05-28 02:46:00+02:00,0.0,0.0,0.0,0.0,0.0,0.0,0.0,0.0,0.0,0.0,0.0,0.0,0.0,0.0,0.0,0.0,0.0,0.0,0.0,0.0,0.0,0.0,0.0,0.0,0.0,0.0,0.0,0.0,0.0,0.0,0.0,0.0,0.0,0.0,0.0,0.0,0.0,0.0,0.0,0.0,0.0,0.0,0.0,0.0,0.0,0.0,0.0,0.0,0.0,0.0,0.0,0.0,0.0,0.0,0.0,0.0,0.0,0.0,0.0,0.0,0.0,0.0,0.0,0.0,0.0,0.0,0.0,0.0,0.0,0.0,0.0,0.0,0.0,0.0,0.0,0.0,0.0,0.0,0.0,0.0,0.0,0.0,0.0,0.0,0.0,0.0,0.0,0.0,0.0,0.0,0.0,0.0,0.0,0.0,0.0,0.0,0.0,0.0,0.0,0.0,0.0,0.0,0.0,0.0,0.0,0.0,0.0,0.0,0.0,0.0,0.0,0.0,0.0,0.0,0.0,0.0,0.0,0.0
2017-05-28 02:47:00+02:00,0.0,0.0,0.0,0.0,0.0,0.0,0.0,0.0,0.0,0.0,0.0,0.0,0.0,0.0,0.0,0.0,0.0,0.0,0.0,0.0,0.0,0.0,0.0,0.0,0.0,0.0,0.0,0.0,0.0,0.0,0.0,0.0,0.0,0.0,0.0,0.0,0.0,0.0,0.0,0.0,0.0,0.0,0.0,0.0,0.0,0.0,0.0,0.0,0.0,0.0,0.0,0.0,0.0,0.0,0.0,0.0,0.0,0.0,0.0,0.0,0.0,0.0,0.0,0.0,0.0,0.0,0.0,0.0,0.0,0.0,0.0,0.0,0.0,0.0,0.0,0.0,0.0,0.0,0.0,0.0,0.0,0.0,0.0,0.0,0.0,0.0,0.0,0.0,0.0,0.0,0.0,0.0,0.0,0.0,0.0,0.0,0.0,0.0,0.0,0.0,0.0,0.0,0.0,0.0,0.0,0.0,0.0,0.0,0.0,0.0,0.0,0.0,0.0,0.0,0.0,0.0,0.0,0.0
2017-05-28 02:48:00+02:00,0.0,0.0,0.0,0.0,0.0,0.0,0.0,0.0,0.0,0.0,0.0,0.0,0.0,0.0,0.0,0.0,0.0,0.0,0.0,0.0,0.0,0.0,0.0,0.0,0.0,0.0,0.0,0.0,0.0,0.0,0.0,0.0,0.0,0.0,0.0,0.0,0.0,0.0,0.0,0.0,0.0,0.0,0.0,0.0,0.0,0.0,0.0,0.0,0.0,0.0,0.0,0.0,0.0,0.0,0.0,0.0,0.0,0.0,0.0,0.0,0.0,0.0,0.0,0.0,0.0,0.0,0.0,0.0,0.0,0.0,0.0,0.0,0.0,0.0,0.0,0.0,0.0,0.0,0.0,0.0,0.0,0.0,0.0,0.0,0.0,0.0,0.0,0.0,0.0,0.0,0.0,0.0,0.0,0.0,0.0,0.0,0.0,0.0,0.0,0.0,0.0,0.0,0.0,0.0,0.0,0.0,0.0,0.0,0.0,0.0,0.0,0.0,0.0,0.0,0.0,0.0,0.0,0.0
2017-05-28 02:49:00+02:00,0.0,0.0,0.0,0.0,0.0,0.0,0.0,0.0,0.0,0.0,0.0,0.0,0.0,0.0,0.0,0.0,0.0,0.0,0.0,0.0,0.0,0.0,0.0,0.0,0.0,0.0,0.0,0.0,0.0,0.0,0.0,0.0,0.0,0.0,0.0,0.0,0.0,0.0,0.0,0.0,0.0,0.0,0.0,0.0,0.0,0.0,0.0,0.0,0.0,0.0,0.0,0.0,0.0,0.0,0.0,0.0,0.0,0.0,0.0,0.0,0.0,0.0,0.0,0.0,0.0,0.0,0.0,0.0,0.0,0.0,0.0,0.0,0.0,0.0,0.0,0.0,0.0,0.0,0.0,0.0,0.0,0.0,0.0,0.0,0.0,0.0,0.0,0.0,0.0,0.0,0.0,0.0,0.0,0.0,0.0,0.0,0.0,0.0,0.0,0.0,0.0,0.0,0.0,0.0,0.0,0.0,0.0,0.0,0.0,0.0,0.0,0.0,0.0,0.0,0.0,0.0,0.0,0.0
2017-05-28 02:50:00+02:00,0.0,0.0,0.0,0.0,0.0,0.0,0.0,0.0,0.0,0.0,0.0,0.0,0.0,0.0,0.0,0.0,0.0,0.0,0.0,0.0,0.0,0.0,0.0,0.0,0.0,0.0,0.0,0.0,0.0,0.0,0.0,0.0,0.0,0.0,0.0,0.0,0.0,0.0,0.0,0.0,0.0,0.0,0.0,0.0,0.0,0.0,0.0,0.0,0.0,0.0,0.0,0.0,0.0,0.0,0.0,0.0,0.0,0.0,0.0,0.0,0.0,0.0,0.0,0.0,0.0,0.0,0.0,0.0,0.0,0.0,0.0,0.0,0.0,0.0,0.0,0.0,0.0,0.0,0.0,0.0,0.0,0.0,0.0,0.0,0.0,0.0,0.0,0.0,0.0,0.0,0.0,0.0,0.0,0.0,0.0,0.0,0.0,0.0,0.0,0.0,0.0,0.0,0.0,0.0,0.0,0.0,0.0,0.0,0.0,0.0,0.0,0.0,0.0,0.0,0.0,0.0,0.0,0.0
2017-05-28 02:51:00+02:00,0.0,0.0,0.0,0.0,0.0,0.0,0.0,0.0,0.0,0.0,0.0,0.0,0.0,0.0,0.0,0.0,0.0,0.0,0.0,0.0,0.0,0.0,0.0,0.0,0.0,0.0,0.0,0.0,0.0,0.0,0.0,0.0,0.0,0.0,0.0,0.0,0.0,0.0,0.0,0.0,0.0,0.0,0.0,0.0,0.0,0.0,0.0,0.0,0.0,0.0,0.0,0.0,0.0,0.0,0.0,0.0,0.0,0.0,0.0,0.0,0.0,0.0,0.0,0.0,0.0,0.0,0.0,0.0,0.0,0.0,0.0,0.0,0.0,0.0,0.0,0.0,0.0,0.0,0.0,0.0,0.0,0.0,0.0,0.0,0.0,0.0,0.0,0.0,0.0,0.0,0.0,0.0,0.0,0.0,0.0,0.0,0.0,0.0,0.0,0.0,0.0,0.0,0.0,0.0,0.0,0.0,0.0,0.0,0.0,0.0,0.0,0.0,0.0,0.0,0.0,0.0,0.0,0.0
2017-05-28 02:52:00+02:00,0.0,0.0,0.0,0.0,0.0,0.0,0.0,0.0,0.0,0.0,0.0,0.0,0.0,0.0,0.0,0.0,0.0,0.0,0.0,0.0,0.0,0.0,0.0,0.0,0.0,0.0,0.0,0.0,0.0,0.0,0.0,0.0,0.0,0.0,0.0,0.0,0.0,0.0,0.0,0.0,0.0,0.0,0.0,0.0,0.0,0.0,0.0,0.0,0.0,0.0,0.0,0.0,0.0,0.0,0.0,0.0,0.0,0.0,0.0,0.0,0.0,0.0,0.0,0.0,0.0,0.0,0.0,0.0,0.0,0.0,0.0,0.0,0.0,0.0,0.0,0.0,0.0,0.0,0.0,0.0,0.0,0.0,0.0,0.0,0.0,0.0,0.0,0.0,0.0,0.0,0.0,0.0,0.0,0.0,0.0,0.0,0.0,0.0,0.0,0.0,0.0,0.0,0.0,0.0,0.0,0.0,0.0,0.0,0.0,0.0,0.0,0.0,0.0,0.0,0.0,0.0,0.0,0.0
2017-05-28 02:53:00+02:00,0.0,0.0,0.0,0.0,0.0,0.0,0.0,0.0,0.0,0.0,0.0,0.0,0.0,0.0,0.0,0.0,0.0,0.0,0.0,0.0,0.0,0.0,0.0,0.0,0.0,0.0,0.0,0.0,0.0,0.0,0.0,0.0,0.0,0.0,0.0,0.0,0.0,0.0,0.0,0.0,0.0,0.0,0.0,0.0,0.0,0.0,0.0,0.0,0.0,0.0,0.0,0.0,0.0,0.0,0.0,0.0,0.0,0.0,0.0,0.0,0.0,0.0,0.0,0.0,0.0,0.0,0.0,0.0,0.0,0.0,0.0,0.0,0.0,0.0,0.0,0.0,0.0,0.0,0.0,0.0,0.0,0.0,0.0,0.0,0.0,0.0,0.0,0.0,0.0,0.0,0.0,0.0,0.0,0.0,0.0,0.0,0.0,0.0,0.0,0.0,0.0,0.0,0.0,0.0,0.0,0.0,0.0,0.0,0.0,0.0,0.0,0.0,0.0,0.0,0.0,0.0,0.0,0.0
2017-05-28 02:54:00+02:00,0.0,0.0,0.0,0.0,0.0,0.0,0.0,0.0,0.0,0.0,0.0,0.0,0.0,0.0,0.0,0.0,0.0,0.0,0.0,0.0,0.0,0.0,0.0,0.0,0.0,0.0,0.0,0.0,0.0,0.0,0.0,0.0,0.0,0.0,0.0,0.0,0.0,0.0,0.0,0.0,0.0,0.0,0.0,0.0,0.0,0.0,0.0,0.0,0.0,0.0,0.0,0.0,0.0,0.0,0.0,0.0,0.0,0.0,0.0,0.0,0.0,0.0,0.0,0.0,0.0,0.0,0.0,0.0,0.0,0.0,0.0,0.0,0.0,0.0,0.0,0.0,0.0,0.0,0.0,0.0,0.0,0.0,0.0,0.0,0.0,0.0,0.0,0.0,0.0,0.0,0.0,0.0,0.0,0.0,0.0,0.0,0.0,0.0,0.0,0.0,0.0,0.0,0.0,0.0,0.0,0.0,0.0,0.0,0.0,0.0,0.0,0.0,0.0,0.0,0.0,0.0,0.0,0.0
2017-05-28 02:55:00+02:00,0.0,0.0,0.0,0.0,0.0,0.0,0.0,0.0,0.0,0.0,0.0,0.0,0.0,0.0,0.0,0.0,0.0,0.0,0.0,0.0,0.0,0.0,0.0,0.0,0.0,0.0,0.0,0.0,0.0,0.0,0.0,0.0,0.0,0.0,0.0,0.0,0.0,0.0,0.0,0.0,0.0,0.0,0.0,0.0,0.0,0.0,0.0,0.0,0.0,0.0,0.0,0.0,0.0,0.0,0.0,0.0,0.0,0.0,0.0,0.0,0.0,0.0,0.0,0.0,0.0,0.0,0.0,0.0,0.0,0.0,0.0,0.0,0.0,0.0,0.0,0.0,0.0,0.0,0.0,0.0,0.0,0.0,0.0,0.0,0.0,0.0,0.0,0.0,0.0,0.0,0.0,0.0,0.0,0.0,0.0,0.0,0.0,0.0,0.0,0.0,0.0,0.0,0.0,0.0,0.0,0.0,0.0,0.0,0.0,0.0,0.0,0.0,0.0,0.0,0.0,0.0,0.0,0.0
2017-05-28 02:56:00+02:00,0.0,0.0,0.0,0.0,0.0,0.0,0.0,0.0,0.0,0.0,0.0,0.0,0.0,0.0,0.0,0.0,0.0,0.0,0.0,0.0,0.0,0.0,0.0,0.0,0.0,0.0,0.0,0.0,0.0,0.0,0.0,0.0,0.0,0.0,0.0,0.0,0.0,0.0,0.0,0.0,0.0,0.0,0.0,0.0,0.0,0.0,0.0,0.0,0.0,0.0,0.0,0.0,0.0,0.0,0.0,0.0,0.0,0.0,0.0,0.0,0.0,0.0,0.0,0.0,0.0,0.0,0.0,0.0,0.0,0.0,0.0,0.0,0.0,0.0,0.0,0.0,0.0,0.0,0.0,0.0,0.0,0.0,0.0,0.0,0.0,0.0,0.0,0.0,0.0,0.0,0.0,0.0,0.0,0.0,0.0,0.0,0.0,0.0,0.0,0.0,0.0,0.0,0.0,0.0,0.0,0.0,0.0,0.0,0.0,0.0,0.0,0.0,0.0,0.0,0.0,0.0,0.0,0.0
2017-05-28 02:57:00+02:00,0.0,0.0,0.0,0.0,0.0,0.0,0.0,0.0,0.0,0.0,0.0,0.0,0.0,0.0,0.0,0.0,0.0,0.0,0.0,0.0,0.0,0.0,0.0,0.0,0.0,0.0,0.0,0.0,0.0,0.0,0.0,0.0,0.0,0.0,0.0,0.0,0.0,0.0,0.0,0.0,0.0,0.0,0.0,0.0,0.0,0.0,0.0,0.0,0.0,0.0,0.0,0.0,0.0,0.0,0.0,0.0,0.0,0.0,0.0,0.0,0.0,0.0,0.0,0.0,0.0,0.0,0.0,0.0,0.0,0.0,0.0,0.0,0.0,0.0,0.0,0.0,0.0,0.0,0.0,0.0,0.0,0.0,0.0,0.0,0.0,0.0,0.0,0.0,0.0,0.0,0.0,0.0,0.0,0.0,0.0,0.0,0.0,0.0,0.0,0.0,0.0,0.0,0.0,0.0,0.0,0.0,0.0,0.0,0.0,0.0,0.0,0.0,0.0,0.0,0.0,0.0,0.0,0.0
2017-05-28 02:58:00+02:00,0.0,0.0,0.0,0.0,0.0,0.0,0.0,0.0,0.0,0.0,0.0,0.0,0.0,0.0,0.0,0.0,0.0,0.0,0.0,0.0,0.0,0.0,0.0,0.0,0.0,0.0,0.0,0.0,0.0,0.0,0.0,0.0,0.0,0.0,0.0,0.0,0.0,0.0,0.0,0.0,0.0,0.0,0.0,0.0,0.0,0.0,0.0,0.0,0.0,0.0,0.0,0.0,0.0,0.0,0.0,0.0,0.0,0.0,0.0,0.0,0.0,0.0,0.0,0.0,0.0,0.0,0.0,0.0,0.0,0.0,0.0,0.0,0.0,0.0,0.0,0.0,0.0,0.0,0.0,0.0,0.0,0.0,0.0,0.0,0.0,0.0,0.0,0.0,0.0,0.0,0.0,0.0,0.0,0.0,0.0,0.0,0.0,0.0,0.0,0.0,0.0,0.0,0.0,0.0,0.0,0.0,0.0,0.0,0.0,0.0,0.0,0.0,0.0,0.0,0.0,0.0,0.0,0.0
2017-05-28 02:59:00+02:00,0.0,0.0,0.0,0.0,0.0,0.0,0.0,0.0,0.0,0.0,0.0,0.0,0.0,0.0,0.0,0.0,0.0,0.0,0.0,0.0,0.0,0.0,0.0,0.0,0.0,0.0,0.0,0.0,0.0,0.0,0.0,0.0,0.0,0.0,0.0,0.0,0.0,0.0,0.0,0.0,0.0,0.0,0.0,0.0,0.0,0.0,0.0,0.0,0.0,0.0,0.0,0.0,0.0,0.0,0.0,0.0,0.0,0.0,0.0,0.0,0.0,0.0,0.0,0.0,0.0,0.0,0.0,0.0,0.0,0.0,0.0,0.0,0.0,0.0,0.0,0.0,0.0,0.0,0.0,0.0,0.0,0.0,0.0,0.0,0.0,0.0,0.0,0.0,0.0,0.0,0.0,0.0,0.0,0.0,0.0,0.0,0.0,0.0,0.0,0.0,0.0,0.0,0.0,0.0,0.0,0.0,0.0,0.0,0.0,0.0,0.0,0.0,0.0,0.0,0.0,0.0,0.0,0.0
2017-05-28 03:00:00+02:00,0.0,0.0,0.0,0.0,0.0,0.0,0.0,0.0,0.0,0.0,0.0,0.0,0.0,0.0,0.0,0.0,0.0,0.0,0.0,0.0,0.0,0.0,0.0,0.0,0.0,0.0,0.0,0.0,0.0,0.0,0.0,0.0,0.0,0.0,0.0,0.0,0.0,0.0,0.0,0.0,0.0,0.0,0.0,0.0,0.0,0.0,0.0,0.0,0.0,0.0,0.0,0.0,0.0,0.0,0.0,0.0,0.0,0.0,0.0,0.0,0.0,0.0,0.0,0.0,0.0,0.0,0.0,0.0,0.0,0.0,0.0,0.0,0.0,0.0,0.0,0.0,0.0,0.0,0.0,0.0,0.0,0.0,0.0,0.0,0.0,0.0,0.0,0.0,0.0,0.0,0.0,0.0,0.0,0.0,0.0,0.0,0.0,0.0,0.0,0.0,0.0,0.0,0.0,0.0,0.0,0.0,0.0,0.0,0.0,0.0,0.0,0.0,0.0,0.0,0.0,0.0,0.0,0.0
2017-05-28 03:01:00+02:00,0.0,0.0,0.0,0.0,0.0,0.0,0.0,0.0,0.0,0.0,0.0,0.0,0.0,0.0,0.0,0.0,0.0,0.0,0.0,0.0,0.0,0.0,0.0,0.0,0.0,0.0,0.0,0.0,0.0,0.0,0.0,0.0,0.0,0.0,0.0,0.0,0.0,0.0,0.0,0.0,0.0,0.0,0.0,0.0,0.0,0.0,0.0,0.0,0.0,0.0,0.0,0.0,0.0,0.0,0.0,0.0,0.0,0.0,0.0,0.0,0.0,0.0,0.0,0.0,0.0,0.0,0.0,0.0,0.0,0.0,0.0,0.0,0.0,0.0,0.0,0.0,0.0,0.0,0.0,0.0,0.0,0.0,0.0,0.0,0.0,0.0,0.0,0.0,0.0,0.0,0.0,0.0,0.0,0.0,0.0,0.0,0.0,0.0,0.0,0.0,0.0,0.0,0.0,0.0,0.0,0.0,0.0,0.0,0.0,0.0,0.0,0.0,0.0,0.0,0.0,0.0,0.0,0.0
2017-05-28 03:02:00+02:00,0.0,0.0,0.0,0.0,0.0,0.0,0.0,0.0,0.0,0.0,0.0,0.0,0.0,0.0,0.0,0.0,0.0,0.0,0.0,0.0,0.0,0.0,0.0,0.0,0.0,0.0,0.0,0.0,0.0,0.0,0.0,0.0,0.0,0.0,0.0,0.0,0.0,0.0,0.0,0.0,0.0,0.0,0.0,0.0,0.0,0.0,0.0,0.0,0.0,0.0,0.0,0.0,0.0,0.0,0.0,0.0,0.0,0.0,0.0,0.0,0.0,0.0,0.0,0.0,0.0,0.0,0.0,0.0,0.0,0.0,0.0,0.0,0.0,0.0,0.0,0.0,0.0,0.0,0.0,0.0,0.0,0.0,0.0,0.0,0.0,0.0,0.0,0.0,0.0,0.0,0.0,0.0,0.0,0.0,0.0,0.0,0.0,0.0,0.0,0.0,0.0,0.0,0.0,0.0,0.0,0.0,0.0,0.0,0.0,0.0,0.0,0.0,0.0,0.0,0.0,0.0,0.0,0.0
2017-05-28 03:03:00+02:00,0.0,0.0,0.0,0.0,0.0,0.0,0.0,0.0,0.0,0.0,0.0,0.0,0.0,0.0,0.0,0.0,0.0,0.0,0.0,0.0,0.0,0.0,0.0,0.0,0.0,0.0,0.0,0.0,0.0,0.0,0.0,0.0,0.0,0.0,0.0,0.0,0.0,0.0,0.0,0.0,0.0,0.0,0.0,0.0,0.0,0.0,0.0,0.0,0.0,0.0,0.0,0.0,0.0,0.0,0.0,0.0,0.0,0.0,0.0,0.0,0.0,0.0,0.0,0.0,0.0,0.0,0.0,0.0,0.0,0.0,0.0,0.0,0.0,0.0,0.0,0.0,0.0,0.0,0.0,0.0,0.0,0.0,0.0,0.0,0.0,0.0,0.0,0.0,0.0,0.0,0.0,0.0,0.0,0.0,0.0,0.0,0.0,0.0,0.0,0.0,0.0,0.0,0.0,0.0,0.0,0.0,0.0,0.0,0.0,0.0,0.0,0.0,0.0,0.0,0.0,0.0,0.0,0.0
2017-05-28 03:04:00+02:00,0.0,0.0,0.0,0.0,0.0,0.0,0.0,0.0,0.0,0.0,0.0,0.0,0.0,0.0,0.0,0.0,0.0,0.0,0.0,0.0,0.0,0.0,0.0,0.0,0.0,0.0,0.0,0.0,0.0,0.0,0.0,0.0,0.0,0.0,0.0,0.0,0.0,0.0,0.0,0.0,0.0,0.0,0.0,0.0,0.0,0.0,0.0,0.0,0.0,0.0,0.0,0.0,0.0,0.0,0.0,0.0,0.0,0.0,0.0,0.0,0.0,0.0,0.0,0.0,0.0,0.0,0.0,0.0,0.0,0.0,0.0,0.0,0.0,0.0,0.0,0.0,0.0,0.0,0.0,0.0,0.0,0.0,0.0,0.0,0.0,0.0,0.0,0.0,0.0,0.0,0.0,0.0,0.0,0.0,0.0,0.0,0.0,0.0,0.0,0.0,0.0,0.0,0.0,0.0,0.0,0.0,0.0,0.0,0.0,0.0,0.0,0.0,0.0,0.0,0.0,0.0,0.0,0.0
2017-05-28 03:05:00+02:00,0.0,0.0,0.0,0.0,0.0,0.0,0.0,0.0,0.0,0.0,0.0,0.0,0.0,0.0,0.0,0.0,0.0,0.0,0.0,0.0,0.0,0.0,0.0,0.0,0.0,0.0,0.0,0.0,0.0,0.0,0.0,0.0,0.0,0.0,0.0,0.0,0.0,0.0,0.0,0.0,0.0,0.0,0.0,0.0,0.0,0.0,0.0,0.0,0.0,0.0,0.0,0.0,0.0,0.0,0.0,0.0,0.0,0.0,0.0,0.0,0.0,0.0,0.0,0.0,0.0,0.0,0.0,0.0,0.0,0.0,0.0,0.0,0.0,0.0,0.0,0.0,0.0,0.0,0.0,0.0,0.0,0.0,0.0,0.0,0.0,0.0,0.0,0.0,0.0,0.0,0.0,0.0,0.0,0.0,0.0,0.0,0.0,0.0,0.0,0.0,0.0,0.0,0.0,0.0,0.0,0.0,0.0,0.0,0.0,0.0,0.0,0.0,0.0,0.0,0.0,0.0,0.0,0.0
2017-05-28 03:06:00+02:00,0.0,0.0,0.0,0.0,0.0,0.0,0.0,0.0,0.0,0.0,0.0,0.0,0.0,0.0,0.0,0.0,0.0,0.0,0.0,0.0,0.0,0.0,0.0,0.0,0.0,0.0,0.0,0.0,0.0,0.0,0.0,0.0,0.0,0.0,0.0,0.0,0.0,0.0,0.0,0.0,0.0,0.0,0.0,0.0,0.0,0.0,0.0,0.0,0.0,0.0,0.0,0.0,0.0,0.0,0.0,0.0,0.0,0.0,0.0,0.0,0.0,0.0,0.0,0.0,0.0,0.0,0.0,0.0,0.0,0.0,0.0,0.0,0.0,0.0,0.0,0.0,0.0,0.0,0.0,0.0,0.0,0.0,0.0,0.0,0.0,0.0,0.0,0.0,0.0,0.0,0.0,0.0,0.0,0.0,0.0,0.0,0.0,0.0,0.0,0.0,0.0,0.0,0.0,0.0,0.0,0.0,0.0,0.0,0.0,0.0,0.0,0.0,0.0,0.0,0.0,0.0,0.0,0.0
2017-05-28 03:07:00+02:00,0.0,0.0,0.0,0.0,0.0,0.0,0.0,0.0,0.0,0.0,0.0,0.0,0.0,0.0,0.0,0.0,0.0,0.0,0.0,0.0,0.0,0.0,0.0,0.0,0.0,0.0,0.0,0.0,0.0,0.0,0.0,0.0,0.0,0.0,0.0,0.0,0.0,0.0,0.0,0.0,0.0,0.0,0.0,0.0,0.0,0.0,0.0,0.0,0.0,0.0,0.0,0.0,0.0,0.0,0.0,0.0,0.0,0.0,0.0,0.0,0.0,0.0,0.0,0.0,0.0,0.0,0.0,0.0,0.0,0.0,0.0,0.0,0.0,0.0,0.0,0.0,0.0,0.0,0.0,0.0,0.0,0.0,0.0,0.0,0.0,0.0,0.0,0.0,0.0,0.0,0.0,0.0,0.0,0.0,0.0,0.0,0.0,0.0,0.0,0.0,0.0,0.0,0.0,0.0,0.0,0.0,0.0,0.0,0.0,0.0,0.0,0.0,0.0,0.0,0.0,0.0,0.0,0.0
2017-05-28 03:08:00+02:00,0.0,0.0,0.0,0.0,0.0,0.0,0.0,0.0,0.0,0.0,0.0,0.0,0.0,0.0,0.0,0.0,0.0,0.0,0.0,0.0,0.0,0.0,0.0,0.0,0.0,0.0,0.0,0.0,0.0,0.0,0.0,0.0,0.0,0.0,0.0,0.0,0.0,0.0,0.0,0.0,0.0,0.0,0.0,0.0,0.0,0.0,0.0,0.0,0.0,0.0,0.0,0.0,0.0,0.0,0.0,0.0,0.0,0.0,0.0,0.0,0.0,0.0,0.0,0.0,0.0,0.0,0.0,0.0,0.0,0.0,0.0,0.0,0.0,0.0,0.0,0.0,0.0,0.0,0.0,0.0,0.0,0.0,0.0,0.0,0.0,0.0,0.0,0.0,0.0,0.0,0.0,0.0,0.0,0.0,0.0,0.0,0.0,0.0,0.0,0.0,0.0,0.0,0.0,0.0,0.0,0.0,0.0,0.0,0.0,0.0,0.0,0.0,0.0,0.0,0.0,0.0,0.0,0.0
2017-05-28 03:09:00+02:00,0.0,0.0,0.0,0.0,0.0,0.0,0.0,0.0,0.0,0.0,0.0,0.0,0.0,0.0,0.0,0.0,0.0,0.0,0.0,0.0,0.0,0.0,0.0,0.0,0.0,0.0,0.0,0.0,0.0,0.0,0.0,0.0,0.0,0.0,0.0,0.0,0.0,0.0,0.0,0.0,0.0,0.0,0.0,0.0,0.0,0.0,0.0,0.0,0.0,0.0,0.0,0.0,0.0,0.0,0.0,0.0,0.0,0.0,0.0,0.0,0.0,0.0,0.0,0.0,0.0,0.0,0.0,0.0,0.0,0.0,0.0,0.0,0.0,0.0,0.0,0.0,0.0,0.0,0.0,0.0,0.0,0.0,0.0,0.0,0.0,0.0,0.0,0.0,0.0,0.0,0.0,0.0,0.0,0.0,0.0,0.0,0.0,0.0,0.0,0.0,0.0,0.0,0.0,0.0,0.0,0.0,0.0,0.0,0.0,0.0,0.0,0.0,0.0,0.0,0.0,0.0,0.0,0.0
2017-05-28 03:10:00+02:00,0.0,0.0,0.0,0.0,0.0,0.0,0.0,0.0,0.0,0.0,0.0,0.0,0.0,0.0,0.0,0.0,0.0,0.0,0.0,0.0,0.0,0.0,0.0,0.0,0.0,0.0,0.0,0.0,0.0,0.0,0.0,0.0,0.0,0.0,0.0,0.0,0.0,0.0,0.0,0.0,0.0,0.0,0.0,0.0,0.0,0.0,0.0,0.0,0.0,0.0,0.0,0.0,0.0,0.0,0.0,0.0,0.0,0.0,0.0,0.0,0.0,0.0,0.0,0.0,0.0,0.0,0.0,0.0,0.0,0.0,0.0,0.0,0.0,0.0,0.0,0.0,0.0,0.0,0.0,0.0,0.0,0.0,0.0,0.0,0.0,0.0,0.0,0.0,0.0,0.0,0.0,0.0,0.0,0.0,0.0,0.0,0.0,0.0,0.0,0.0,0.0,0.0,0.0,0.0,0.0,0.0,0.0,0.0,0.0,0.0,0.0,0.0,0.0,0.0,0.0,0.0,0.0,0.0
2017-05-28 03:11:00+02:00,0.0,0.0,0.0,0.0,0.0,0.0,0.0,0.0,0.0,0.0,0.0,0.0,0.0,0.0,0.0,0.0,0.0,0.0,0.0,0.0,0.0,0.0,0.0,0.0,0.0,0.0,0.0,0.0,0.0,0.0,0.0,0.0,0.0,0.0,0.0,0.0,0.0,0.0,0.0,0.0,0.0,0.0,0.0,0.0,0.0,0.0,0.0,0.0,0.0,0.0,0.0,0.0,0.0,0.0,0.0,0.0,0.0,0.0,0.0,0.0,0.0,0.0,0.0,0.0,0.0,0.0,0.0,0.0,0.0,0.0,0.0,0.0,0.0,0.0,0.0,0.0,0.0,0.0,0.0,0.0,0.0,0.0,0.0,0.0,0.0,0.0,0.0,0.0,0.0,0.0,0.0,0.0,0.0,0.0,0.0,0.0,0.0,0.0,0.0,0.0,0.0,0.0,0.0,0.0,0.0,0.0,0.0,0.0,0.0,0.0,0.0,0.0,0.0,0.0,0.0,0.0,0.0,0.0
2017-05-28 03:12:00+02:00,0.0,0.0,0.0,0.0,0.0,0.0,0.0,0.0,0.0,0.0,0.0,0.0,0.0,0.0,0.0,0.0,0.0,0.0,0.0,0.0,0.0,0.0,0.0,0.0,0.0,0.0,0.0,0.0,0.0,0.0,0.0,0.0,0.0,0.0,0.0,0.0,0.0,0.0,0.0,0.0,0.0,0.0,0.0,0.0,0.0,0.0,0.0,0.0,0.0,0.0,0.0,0.0,0.0,0.0,0.0,0.0,0.0,0.0,0.0,0.0,0.0,0.0,0.0,0.0,0.0,0.0,0.0,0.0,0.0,0.0,0.0,0.0,0.0,0.0,0.0,0.0,0.0,0.0,0.0,0.0,0.0,0.0,0.0,0.0,0.0,0.0,0.0,0.0,0.0,0.0,0.0,0.0,0.0,0.0,0.0,0.0,0.0,0.0,0.0,0.0,0.0,0.0,0.0,0.0,0.0,0.0,0.0,0.0,0.0,0.0,0.0,0.0,0.0,0.0,0.0,0.0,0.0,0.0
2017-05-28 03:13:00+02:00,0.0,0.0,0.0,0.0,0.0,0.0,0.0,0.0,0.0,0.0,0.0,0.0,0.0,0.0,0.0,0.0,0.0,0.0,0.0,0.0,0.0,0.0,0.0,0.0,0.0,0.0,0.0,0.0,0.0,0.0,0.0,0.0,0.0,0.0,0.0,0.0,0.0,0.0,0.0,0.0,0.0,0.0,0.0,0.0,0.0,0.0,0.0,0.0,0.0,0.0,0.0,0.0,0.0,0.0,0.0,0.0,0.0,0.0,0.0,0.0,0.0,0.0,0.0,0.0,0.0,0.0,0.0,0.0,0.0,0.0,0.0,0.0,0.0,0.0,0.0,0.0,0.0,0.0,0.0,0.0,0.0,0.0,0.0,0.0,0.0,0.0,0.0,0.0,0.0,0.0,0.0,0.0,0.0,0.0,0.0,0.0,0.0,0.0,0.0,0.0,0.0,0.0,0.0,0.0,0.0,0.0,0.0,0.0,0.0,0.0,0.0,0.0,0.0,0.0,0.0,0.0,0.0,0.0
2017-05-28 03:14:00+02:00,0.0,0.0,0.0,0.0,0.0,0.0,0.0,0.0,0.0,0.0,0.0,0.0,0.0,0.0,0.0,0.0,0.0,0.0,0.0,0.0,0.0,0.0,0.0,0.0,0.0,0.0,0.0,0.0,0.0,0.0,0.0,0.0,0.0,0.0,0.0,0.0,0.0,0.0,0.0,0.0,0.0,0.0,0.0,0.0,0.0,0.0,0.0,0.0,0.0,0.0,0.0,0.0,0.0,0.0,0.0,0.0,0.0,0.0,0.0,0.0,0.0,0.0,0.0,0.0,0.0,0.0,0.0,0.0,0.0,0.0,0.0,0.0,0.0,0.0,0.0,0.0,0.0,0.0,0.0,0.0,0.0,0.0,0.0,0.0,0.0,0.0,0.0,0.0,0.0,0.0,0.0,0.0,0.0,0.0,0.0,0.0,0.0,0.0,0.0,0.0,0.0,0.0,0.0,0.0,0.0,0.0,0.0,0.0,0.0,0.0,0.0,0.0,0.0,0.0,0.0,0.0,0.0,0.0
2017-05-28 03:15:00+02:00,0.0,0.0,0.0,0.0,0.0,0.0,0.0,0.0,0.0,0.0,0.0,0.0,0.0,0.0,0.0,0.0,0.0,0.0,0.0,0.0,0.0,0.0,0.0,0.0,0.0,0.0,0.0,0.0,0.0,0.0,0.0,0.0,0.0,0.0,0.0,0.0,0.0,0.0,0.0,0.0,0.0,0.0,0.0,0.0,0.0,0.0,0.0,0.0,0.0,0.0,0.0,0.0,0.0,0.0,0.0,0.0,0.0,0.0,0.0,0.0,0.0,0.0,0.0,0.0,0.0,0.0,0.0,0.0,0.0,0.0,0.0,0.0,0.0,0.0,0.0,0.0,0.0,0.0,0.0,0.0,0.0,0.0,0.0,0.0,0.0,0.0,0.0,0.0,0.0,0.0,0.0,0.0,0.0,0.0,0.0,0.0,0.0,0.0,0.0,0.0,0.0,0.0,0.0,0.0,0.0,0.0,0.0,0.0,0.0,0.0,0.0,0.0,0.0,0.0,0.0,0.0,0.0,0.0
2017-05-28 03:16:00+02:00,0.0,0.0,0.0,0.0,0.0,0.0,0.0,0.0,0.0,0.0,0.0,0.0,0.0,0.0,0.0,0.0,0.0,0.0,0.0,0.0,0.0,0.0,0.0,0.0,0.0,0.0,0.0,0.0,0.0,0.0,0.0,0.0,0.0,0.0,0.0,0.0,0.0,0.0,0.0,0.0,0.0,0.0,0.0,0.0,0.0,0.0,0.0,0.0,0.0,0.0,0.0,0.0,0.0,0.0,0.0,0.0,0.0,0.0,0.0,0.0,0.0,0.0,0.0,0.0,0.0,0.0,0.0,0.0,0.0,0.0,0.0,0.0,0.0,0.0,0.0,0.0,0.0,0.0,0.0,0.0,0.0,0.0,0.0,0.0,0.0,0.0,0.0,0.0,0.0,0.0,0.0,0.0,0.0,0.0,0.0,0.0,0.0,0.0,0.0,0.0,0.0,0.0,0.0,0.0,0.0,0.0,0.0,0.0,0.0,0.0,0.0,0.0,0.0,0.0,0.0,0.0,0.0,0.0
2017-05-28 03:17:00+02:00,0.0,0.0,0.0,0.0,0.0,0.0,0.0,0.0,0.0,0.0,0.0,0.0,0.0,0.0,0.0,0.0,0.0,0.0,0.0,0.0,0.0,0.0,0.0,0.0,0.0,0.0,0.0,0.0,0.0,0.0,0.0,0.0,0.0,0.0,0.0,0.0,0.0,0.0,0.0,0.0,0.0,0.0,0.0,0.0,0.0,0.0,0.0,0.0,0.0,0.0,0.0,0.0,0.0,0.0,0.0,0.0,0.0,0.0,0.0,0.0,0.0,0.0,0.0,0.0,0.0,0.0,0.0,0.0,0.0,0.0,0.0,0.0,0.0,0.0,0.0,0.0,0.0,0.0,0.0,0.0,0.0,0.0,0.0,0.0,0.0,0.0,0.0,0.0,0.0,0.0,0.0,0.0,0.0,0.0,0.0,0.0,0.0,0.0,0.0,0.0,0.0,0.0,0.0,0.0,0.0,0.0,0.0,0.0,0.0,0.0,0.0,0.0,0.0,0.0,0.0,0.0,0.0,0.0
2017-05-28 03:18:00+02:00,0.0,0.0,0.0,0.0,0.0,0.0,0.0,0.0,0.0,0.0,0.0,0.0,0.0,0.0,0.0,0.0,0.0,0.0,0.0,0.0,0.0,0.0,0.0,0.0,0.0,0.0,0.0,0.0,0.0,0.0,0.0,0.0,0.0,0.0,0.0,0.0,0.0,0.0,0.0,0.0,0.0,0.0,0.0,0.0,0.0,0.0,0.0,0.0,0.0,0.0,0.0,0.0,0.0,0.0,0.0,0.0,0.0,0.0,0.0,0.0,0.0,0.0,0.0,0.0,0.0,0.0,0.0,0.0,0.0,0.0,0.0,0.0,0.0,0.0,0.0,0.0,0.0,0.0,0.0,0.0,0.0,0.0,0.0,0.0,0.0,0.0,0.0,0.0,0.0,0.0,0.0,0.0,0.0,0.0,0.0,0.0,0.0,0.0,0.0,0.0,0.0,0.0,0.0,0.0,0.0,0.0,0.0,0.0,0.0,0.0,0.0,0.0,0.0,0.0,0.0,0.0,0.0,0.0
2017-05-28 03:19:00+02:00,0.0,0.0,0.0,0.0,0.0,0.0,0.0,0.0,0.0,0.0,0.0,0.0,0.0,0.0,0.0,0.0,0.0,0.0,0.0,0.0,0.0,0.0,0.0,0.0,0.0,0.0,0.0,0.0,0.0,0.0,0.0,0.0,0.0,0.0,0.0,0.0,0.0,0.0,0.0,0.0,0.0,0.0,0.0,0.0,0.0,0.0,0.0,0.0,0.0,0.0,0.0,0.0,0.0,0.0,0.0,0.0,0.0,0.0,0.0,0.0,0.0,0.0,0.0,0.0,0.0,0.0,0.0,0.0,0.0,0.0,0.0,0.0,0.0,0.0,0.0,0.0,0.0,0.0,0.0,0.0,0.0,0.0,0.0,0.0,0.0,0.0,0.0,0.0,0.0,0.0,0.0,0.0,0.0,0.0,0.0,0.0,0.0,0.0,0.0,0.0,0.0,0.0,0.0,0.0,0.0,0.0,0.0,0.0,0.0,0.0,0.0,0.0,0.0,0.0,0.0,0.0,0.0,0.0
2017-05-28 03:20:00+02:00,0.0,0.0,0.0,0.0,0.0,0.0,0.0,0.0,0.0,0.0,0.0,0.0,0.0,0.0,0.0,0.0,0.0,0.0,0.0,0.0,0.0,0.0,0.0,0.0,0.0,0.0,0.0,0.0,0.0,0.0,0.0,0.0,0.0,0.0,0.0,0.0,0.0,0.0,0.0,0.0,0.0,0.0,0.0,0.0,0.0,0.0,0.0,0.0,0.0,0.0,0.0,0.0,0.0,0.0,0.0,0.0,0.0,0.0,0.0,0.0,0.0,0.0,0.0,0.0,0.0,0.0,0.0,0.0,0.0,0.0,0.0,0.0,0.0,0.0,0.0,0.0,0.0,0.0,0.0,0.0,0.0,0.0,0.0,0.0,0.0,0.0,0.0,0.0,0.0,0.0,0.0,0.0,0.0,0.0,0.0,0.0,0.0,0.0,0.0,0.0,0.0,0.0,0.0,0.0,0.0,0.0,0.0,0.0,0.0,0.0,0.0,0.0,0.0,0.0,0.0,0.0,0.0,0.0
2017-05-28 03:21:00+02:00,0.0,0.0,0.0,0.0,0.0,0.0,0.0,0.0,0.0,0.0,0.0,0.0,0.0,0.0,0.0,0.0,0.0,0.0,0.0,0.0,0.0,0.0,0.0,0.0,0.0,0.0,0.0,0.0,0.0,0.0,0.0,0.0,0.0,0.0,0.0,0.0,0.0,0.0,0.0,0.0,0.0,0.0,0.0,0.0,0.0,0.0,0.0,0.0,0.0,0.0,0.0,0.0,0.0,0.0,0.0,0.0,0.0,0.0,0.0,0.0,0.0,0.0,0.0,0.0,0.0,0.0,0.0,0.0,0.0,0.0,0.0,0.0,0.0,0.0,0.0,0.0,0.0,0.0,0.0,0.0,0.0,0.0,0.0,0.0,0.0,0.0,0.0,0.0,0.0,0.0,0.0,0.0,0.0,0.0,0.0,0.0,0.0,0.0,0.0,0.0,0.0,0.0,0.0,0.0,0.0,0.0,0.0,0.0,0.0,0.0,0.0,0.0,0.0,0.0,0.0,0.0,0.0,0.0
2017-05-28 03:22:00+02:00,0.0,0.0,0.0,0.0,0.0,0.0,0.0,0.0,0.0,0.0,0.0,0.0,0.0,0.0,0.0,0.0,0.0,0.0,0.0,0.0,0.0,0.0,0.0,0.0,0.0,0.0,0.0,0.0,0.0,0.0,0.0,0.0,0.0,0.0,0.0,0.0,0.0,0.0,0.0,0.0,0.0,0.0,0.0,0.0,0.0,0.0,0.0,0.0,0.0,0.0,0.0,0.0,0.0,0.0,0.0,0.0,0.0,0.0,0.0,0.0,0.0,0.0,0.0,0.0,0.0,0.0,0.0,0.0,0.0,0.0,0.0,0.0,0.0,0.0,0.0,0.0,0.0,0.0,0.0,0.0,0.0,0.0,0.0,0.0,0.0,0.0,0.0,0.0,0.0,0.0,0.0,0.0,0.0,0.0,0.0,0.0,0.0,0.0,0.0,0.0,0.0,0.0,0.0,0.0,0.0,0.0,0.0,0.0,0.0,0.0,0.0,0.0,0.0,0.0,0.0,0.0,0.0,0.0
2017-05-28 03:23:00+02:00,0.0,0.0,0.0,0.0,0.0,0.0,0.0,0.0,0.0,0.0,0.0,0.0,0.0,0.0,0.0,0.0,0.0,0.0,0.0,0.0,0.0,0.0,0.0,0.0,0.0,0.0,0.0,0.0,0.0,0.0,0.0,0.0,0.0,0.0,0.0,0.0,0.0,0.0,0.0,0.0,0.0,0.0,0.0,0.0,0.0,0.0,0.0,0.0,0.0,0.0,0.0,0.0,0.0,0.0,0.0,0.0,0.0,0.0,0.0,0.0,0.0,0.0,0.0,0.0,0.0,0.0,0.0,0.0,0.0,0.0,0.0,0.0,0.0,0.0,0.0,0.0,0.0,0.0,0.0,0.0,0.0,0.0,0.0,0.0,0.0,0.0,0.0,0.0,0.0,0.0,0.0,0.0,0.0,0.0,0.0,0.0,0.0,0.0,0.0,0.0,0.0,0.0,0.0,0.0,0.0,0.0,0.0,0.0,0.0,0.0,0.0,0.0,0.0,0.0,0.0,0.0,0.0,0.0
2017-05-28 03:24:00+02:00,0.0,0.0,0.0,0.0,0.0,0.0,0.0,0.0,0.0,0.0,0.0,0.0,0.0,0.0,0.0,0.0,0.0,0.0,0.0,0.0,0.0,0.0,0.0,0.0,0.0,0.0,0.0,0.0,0.0,0.0,0.0,0.0,0.0,0.0,0.0,0.0,0.0,0.0,0.0,0.0,0.0,0.0,0.0,0.0,0.0,0.0,0.0,0.0,0.0,0.0,0.0,0.0,0.0,0.0,0.0,0.0,0.0,0.0,0.0,0.0,0.0,0.0,0.0,0.0,0.0,0.0,0.0,0.0,0.0,0.0,0.0,0.0,0.0,0.0,0.0,0.0,0.0,0.0,0.0,0.0,0.0,0.0,0.0,0.0,0.0,0.0,0.0,0.0,0.0,0.0,0.0,0.0,0.0,0.0,0.0,0.0,0.0,0.0,0.0,0.0,0.0,0.0,0.0,0.0,0.0,0.0,0.0,0.0,0.0,0.0,0.0,0.0,0.0,0.0,0.0,0.0,0.0,0.0
2017-05-28 03:25:00+02:00,0.0,0.0,0.0,0.0,0.0,0.0,0.0,0.0,0.0,0.0,0.0,0.0,0.0,0.0,0.0,0.0,0.0,0.0,0.0,0.0,0.0,0.0,0.0,0.0,0.0,0.0,0.0,0.0,0.0,0.0,0.0,0.0,0.0,0.0,0.0,0.0,0.0,0.0,0.0,0.0,0.0,0.0,0.0,0.0,0.0,0.0,0.0,0.0,0.0,0.0,0.0,0.0,0.0,0.0,0.0,0.0,0.0,0.0,0.0,0.0,0.0,0.0,0.0,0.0,0.0,0.0,0.0,0.0,0.0,0.0,0.0,0.0,0.0,0.0,0.0,0.0,0.0,0.0,0.0,0.0,0.0,0.0,0.0,0.0,0.0,0.0,0.0,0.0,0.0,0.0,0.0,0.0,0.0,0.0,0.0,0.0,0.0,0.0,0.0,0.0,0.0,0.0,0.0,0.0,0.0,0.0,0.0,0.0,0.0,0.0,0.0,0.0,0.0,0.0,0.0,0.0,0.0,0.0
2017-05-28 03:26:00+02:00,0.0,0.0,0.0,0.0,0.0,0.0,0.0,0.0,0.0,0.0,0.0,0.0,0.0,0.0,0.0,0.0,0.0,0.0,0.0,0.0,0.0,0.0,0.0,0.0,0.0,0.0,0.0,0.0,0.0,0.0,0.0,0.0,0.0,0.0,0.0,0.0,0.0,0.0,0.0,0.0,0.0,0.0,0.0,0.0,0.0,0.0,0.0,0.0,0.0,0.0,0.0,0.0,0.0,0.0,0.0,0.0,0.0,0.0,0.0,0.0,0.0,0.0,0.0,0.0,0.0,0.0,0.0,0.0,0.0,0.0,0.0,0.0,0.0,0.0,0.0,0.0,0.0,0.0,0.0,0.0,0.0,0.0,0.0,0.0,0.0,0.0,0.0,0.0,0.0,0.0,0.0,0.0,0.0,0.0,0.0,0.0,0.0,0.0,0.0,0.0,0.0,0.0,0.0,0.0,0.0,0.0,0.0,0.0,0.0,0.0,0.0,0.0,0.0,0.0,0.0,0.0,0.0,0.0
2017-05-28 03:27:00+02:00,0.0,0.0,0.0,0.0,0.0,0.0,0.0,0.0,0.0,0.0,0.0,0.0,0.0,0.0,0.0,0.0,0.0,0.0,0.0,0.0,0.0,0.0,0.0,0.0,0.0,0.0,0.0,0.0,0.0,0.0,0.0,0.0,0.0,0.0,0.0,0.0,0.0,0.0,0.0,0.0,0.0,0.0,0.0,0.0,0.0,0.0,0.0,0.0,0.0,0.0,0.0,0.0,0.0,0.0,0.0,0.0,0.0,0.0,0.0,0.0,0.0,0.0,0.0,0.0,0.0,0.0,0.0,0.0,0.0,0.0,0.0,0.0,0.0,0.0,0.0,0.0,0.0,0.0,0.0,0.0,0.0,0.0,0.0,0.0,0.0,0.0,0.0,0.0,0.0,0.0,0.0,0.0,0.0,0.0,0.0,0.0,0.0,0.0,0.0,0.0,0.0,0.0,0.0,0.0,0.0,0.0,0.0,0.0,0.0,0.0,0.0,0.0,0.0,0.0,0.0,0.0,0.0,0.0
2017-05-28 03:28:00+02:00,0.0,0.0,0.0,0.0,0.0,0.0,0.0,0.0,0.0,0.0,0.0,0.0,0.0,0.0,0.0,0.0,0.0,0.0,0.0,0.0,0.0,0.0,0.0,0.0,0.0,0.0,0.0,0.0,0.0,0.0,0.0,0.0,0.0,0.0,0.0,0.0,0.0,0.0,0.0,0.0,0.0,0.0,0.0,0.0,0.0,0.0,0.0,0.0,0.0,0.0,0.0,0.0,0.0,0.0,0.0,0.0,0.0,0.0,0.0,0.0,0.0,0.0,0.0,0.0,0.0,0.0,0.0,0.0,0.0,0.0,0.0,0.0,0.0,0.0,0.0,0.0,0.0,0.0,0.0,0.0,0.0,0.0,0.0,0.0,0.0,0.0,0.0,0.0,0.0,0.0,0.0,0.0,0.0,0.0,0.0,0.0,0.0,0.0,0.0,0.0,0.0,0.0,0.0,0.0,0.0,0.0,0.0,0.0,0.0,0.0,0.0,0.0,0.0,0.0,0.0,0.0,0.0,0.0
2017-05-28 03:29:00+02:00,0.0,0.0,0.0,0.0,0.0,0.0,0.0,0.0,0.0,0.0,0.0,0.0,0.0,0.0,0.0,0.0,0.0,0.0,0.0,0.0,0.0,0.0,0.0,0.0,0.0,0.0,0.0,0.0,0.0,0.0,0.0,0.0,0.0,0.0,0.0,0.0,0.0,0.0,0.0,0.0,0.0,0.0,0.0,0.0,0.0,0.0,0.0,0.0,0.0,0.0,0.0,0.0,0.0,0.0,0.0,0.0,0.0,0.0,0.0,0.0,0.0,0.0,0.0,0.0,0.0,0.0,0.0,0.0,0.0,0.0,0.0,0.0,0.0,0.0,0.0,0.0,0.0,0.0,0.0,0.0,0.0,0.0,0.0,0.0,0.0,0.0,0.0,0.0,0.0,0.0,0.0,0.0,0.0,0.0,0.0,0.0,0.0,0.0,0.0,0.0,0.0,0.0,0.0,0.0,0.0,0.0,0.0,0.0,0.0,0.0,0.0,0.0,0.0,0.0,0.0,0.0,0.0,0.0
2017-05-28 03:30:00+02:00,0.0,0.0,0.0,0.0,0.0,0.0,0.0,0.0,0.0,0.0,0.0,0.0,0.0,0.0,0.0,0.0,0.0,0.0,0.0,0.0,0.0,0.0,0.0,0.0,0.0,0.0,0.0,0.0,0.0,0.0,0.0,0.0,0.0,0.0,0.0,0.0,0.0,0.0,0.0,0.0,0.0,0.0,0.0,0.0,0.0,0.0,0.0,0.0,0.0,0.0,0.0,0.0,0.0,0.0,0.0,0.0,0.0,0.0,0.0,0.0,0.0,0.0,0.0,0.0,0.0,0.0,0.0,0.0,0.0,0.0,0.0,0.0,0.0,0.0,0.0,0.0,0.0,0.0,0.0,0.0,0.0,0.0,0.0,0.0,0.0,0.0,0.0,0.0,0.0,0.0,0.0,0.0,0.0,0.0,0.0,0.0,0.0,0.0,0.0,0.0,0.0,0.0,0.0,0.0,0.0,0.0,0.0,0.0,0.0,0.0,0.0,0.0,0.0,0.0,0.0,0.0,0.0,0.0
2017-05-28 03:31:00+02:00,0.0,0.0,0.0,0.0,0.0,0.0,0.0,0.0,0.0,0.0,0.0,0.0,0.0,0.0,0.0,0.0,0.0,0.0,0.0,0.0,0.0,0.0,0.0,0.0,0.0,0.0,0.0,0.0,0.0,0.0,0.0,0.0,0.0,0.0,0.0,0.0,0.0,0.0,0.0,0.0,0.0,0.0,0.0,0.0,0.0,0.0,0.0,0.0,0.0,0.0,0.0,0.0,0.0,0.0,0.0,0.0,0.0,0.0,0.0,0.0,0.0,0.0,0.0,0.0,0.0,0.0,0.0,0.0,0.0,0.0,0.0,0.0,0.0,0.0,0.0,0.0,0.0,0.0,0.0,0.0,0.0,0.0,0.0,0.0,0.0,0.0,0.0,0.0,0.0,0.0,0.0,0.0,0.0,0.0,0.0,0.0,0.0,0.0,0.0,0.0,0.0,0.0,0.0,0.0,0.0,0.0,0.0,0.0,0.0,0.0,0.0,0.0,0.0,0.0,0.0,0.0,0.0,0.0
2017-05-28 03:32:00+02:00,0.0,0.0,0.0,0.0,0.0,0.0,0.0,0.0,0.0,0.0,0.0,0.0,0.0,0.0,0.0,0.0,0.0,0.0,0.0,0.0,0.0,0.0,0.0,0.0,0.0,0.0,0.0,0.0,0.0,0.0,0.0,0.0,0.0,0.0,0.0,0.0,0.0,0.0,0.0,0.0,0.0,0.0,0.0,0.0,0.0,0.0,0.0,0.0,0.0,0.0,0.0,0.0,0.0,0.0,0.0,0.0,0.0,0.0,0.0,0.0,0.0,0.0,0.0,0.0,0.0,0.0,0.0,0.0,0.0,0.0,0.0,0.0,0.0,0.0,0.0,0.0,0.0,0.0,0.0,0.0,0.0,0.0,0.0,0.0,0.0,0.0,0.0,0.0,0.0,0.0,0.0,0.0,0.0,0.0,0.0,0.0,0.0,0.0,0.0,0.0,0.0,0.0,0.0,0.0,0.0,0.0,0.0,0.0,0.0,0.0,0.0,0.0,0.0,0.0,0.0,0.0,0.0,0.0
2017-05-28 03:33:00+02:00,0.0,0.0,0.0,0.0,0.0,0.0,0.0,0.0,0.0,0.0,0.0,0.0,0.0,0.0,0.0,0.0,0.0,0.0,0.0,0.0,0.0,0.0,0.0,0.0,0.0,0.0,0.0,0.0,0.0,0.0,0.0,0.0,0.0,0.0,0.0,0.0,0.0,0.0,0.0,0.0,0.0,0.0,0.0,0.0,0.0,0.0,0.0,0.0,0.0,0.0,0.0,0.0,0.0,0.0,0.0,0.0,0.0,0.0,0.0,0.0,0.0,0.0,0.0,0.0,0.0,0.0,0.0,0.0,0.0,0.0,0.0,0.0,0.0,0.0,0.0,0.0,0.0,0.0,0.0,0.0,0.0,0.0,0.0,0.0,0.0,0.0,0.0,0.0,0.0,0.0,0.0,0.0,0.0,0.0,0.0,0.0,0.0,0.0,0.0,0.0,0.0,0.0,0.0,0.0,0.0,0.0,0.0,0.0,0.0,0.0,0.0,0.0,0.0,0.0,0.0,0.0,0.0,0.0
2017-05-28 03:34:00+02:00,0.0,0.0,0.0,0.0,0.0,0.0,0.0,0.0,0.0,0.0,0.0,0.0,0.0,0.0,0.0,0.0,0.0,0.0,0.0,0.0,0.0,0.0,0.0,0.0,0.0,0.0,0.0,0.0,0.0,0.0,0.0,0.0,0.0,0.0,0.0,0.0,0.0,0.0,0.0,0.0,0.0,0.0,0.0,0.0,0.0,0.0,0.0,0.0,0.0,0.0,0.0,0.0,0.0,0.0,0.0,0.0,0.0,0.0,0.0,0.0,0.0,0.0,0.0,0.0,0.0,0.0,0.0,0.0,0.0,0.0,0.0,0.0,0.0,0.0,0.0,0.0,0.0,0.0,0.0,0.0,0.0,0.0,0.0,0.0,0.0,0.0,0.0,0.0,0.0,0.0,0.0,0.0,0.0,0.0,0.0,0.0,0.0,0.0,0.0,0.0,0.0,0.0,0.0,0.0,0.0,0.0,0.0,0.0,0.0,0.0,0.0,0.0,0.0,0.0,0.0,0.0,0.0,0.0
2017-05-28 03:35:00+02:00,0.0,0.0,0.0,0.0,0.0,0.0,0.0,0.0,0.0,0.0,0.0,0.0,0.0,0.0,0.0,0.0,0.0,0.0,0.0,0.0,0.0,0.0,0.0,0.0,0.0,0.0,0.0,0.0,0.0,0.0,0.0,0.0,0.0,0.0,0.0,0.0,0.0,0.0,0.0,0.0,0.0,0.0,0.0,0.0,0.0,0.0,0.0,0.0,0.0,0.0,0.0,0.0,0.0,0.0,0.0,0.0,0.0,0.0,0.0,0.0,0.0,0.0,0.0,0.0,0.0,0.0,0.0,0.0,0.0,0.0,0.0,0.0,0.0,0.0,0.0,0.0,0.0,0.0,0.0,0.0,0.0,0.0,0.0,0.0,0.0,0.0,0.0,0.0,0.0,0.0,0.0,0.0,0.0,0.0,0.0,0.0,0.0,0.0,0.0,0.0,0.0,0.0,0.0,0.0,0.0,0.0,0.0,0.0,0.0,0.0,0.0,0.0,0.0,0.0,0.0,0.0,0.0,0.0
2017-05-28 03:36:00+02:00,0.0,0.0,0.0,0.0,0.0,0.0,0.0,0.0,0.0,0.0,0.0,0.0,0.0,0.0,0.0,0.0,0.0,0.0,0.0,0.0,0.0,0.0,0.0,0.0,0.0,0.0,0.0,0.0,0.0,0.0,0.0,0.0,0.0,0.0,0.0,0.0,0.0,0.0,0.0,0.0,0.0,0.0,0.0,0.0,0.0,0.0,0.0,0.0,0.0,0.0,0.0,0.0,0.0,0.0,0.0,0.0,0.0,0.0,0.0,0.0,0.0,0.0,0.0,0.0,0.0,0.0,0.0,0.0,0.0,0.0,0.0,0.0,0.0,0.0,0.0,0.0,0.0,0.0,0.0,0.0,0.0,0.0,0.0,0.0,0.0,0.0,0.0,0.0,0.0,0.0,0.0,0.0,0.0,0.0,0.0,0.0,0.0,0.0,0.0,0.0,0.0,0.0,0.0,0.0,0.0,0.0,0.0,0.0,0.0,0.0,0.0,0.0,0.0,0.0,0.0,0.0,0.0,0.0
2017-05-28 03:37:00+02:00,0.0,0.0,0.0,0.0,0.0,0.0,0.0,0.0,0.0,0.0,0.0,0.0,0.0,0.0,0.0,0.0,0.0,0.0,0.0,0.0,0.0,0.0,0.0,0.0,0.0,0.0,0.0,0.0,0.0,0.0,0.0,0.0,0.0,0.0,0.0,0.0,0.0,0.0,0.0,0.0,0.0,0.0,0.0,0.0,0.0,0.0,0.0,0.0,0.0,0.0,0.0,0.0,0.0,0.0,0.0,0.0,0.0,0.0,0.0,0.0,0.0,0.0,0.0,0.0,0.0,0.0,0.0,0.0,0.0,0.0,0.0,0.0,0.0,0.0,0.0,0.0,0.0,0.0,0.0,0.0,0.0,0.0,0.0,0.0,0.0,0.0,0.0,0.0,0.0,0.0,0.0,0.0,0.0,0.0,0.0,0.0,0.0,0.0,0.0,0.0,0.0,0.0,0.0,0.0,0.0,0.0,0.0,0.0,0.0,0.0,0.0,0.0,0.0,0.0,0.0,0.0,0.0,0.0
2017-05-28 03:38:00+02:00,0.0,0.0,0.0,0.0,0.0,0.0,0.0,0.0,0.0,0.0,0.0,0.0,0.0,0.0,0.0,0.0,0.0,0.0,0.0,0.0,0.0,0.0,0.0,0.0,0.0,0.0,0.0,0.0,0.0,0.0,0.0,0.0,0.0,0.0,0.0,0.0,0.0,0.0,0.0,0.0,0.0,0.0,0.0,0.0,0.0,0.0,0.0,0.0,0.0,0.0,0.0,0.0,0.0,0.0,0.0,0.0,0.0,0.0,0.0,0.0,0.0,0.0,0.0,0.0,0.0,0.0,0.0,0.0,0.0,0.0,0.0,0.0,0.0,0.0,0.0,0.0,0.0,0.0,0.0,0.0,0.0,0.0,0.0,0.0,0.0,0.0,0.0,0.0,0.0,0.0,0.0,0.0,0.0,0.0,0.0,0.0,0.0,0.0,0.0,0.0,0.0,0.0,0.0,0.0,0.0,0.0,0.0,0.0,0.0,0.0,0.0,0.0,0.0,0.0,0.0,0.0,0.0,0.0
2017-05-28 03:39:00+02:00,0.0,0.0,0.0,0.0,0.0,0.0,0.0,0.0,0.0,0.0,0.0,0.0,0.0,0.0,0.0,0.0,0.0,0.0,0.0,0.0,0.0,0.0,0.0,0.0,0.0,0.0,0.0,0.0,0.0,0.0,0.0,0.0,0.0,0.0,0.0,0.0,0.0,0.0,0.0,0.0,0.0,0.0,0.0,0.0,0.0,0.0,0.0,0.0,0.0,0.0,0.0,0.0,0.0,0.0,0.0,0.0,0.0,0.0,0.0,0.0,0.0,0.0,0.0,0.0,0.0,0.0,0.0,0.0,0.0,0.0,0.0,0.0,0.0,0.0,0.0,0.0,0.0,0.0,0.0,0.0,0.0,0.0,0.0,0.0,0.0,0.0,0.0,0.0,0.0,0.0,0.0,0.0,0.0,0.0,0.0,0.0,0.0,0.0,0.0,0.0,0.0,0.0,0.0,0.0,0.0,0.0,0.0,0.0,0.0,0.0,0.0,0.0,0.0,0.0,0.0,0.0,0.0,0.0
2017-05-28 03:40:00+02:00,0.0,0.0,0.0,0.0,0.0,0.0,0.0,0.0,0.0,0.0,0.0,0.0,0.0,0.0,0.0,0.0,0.0,0.0,0.0,0.0,0.0,0.0,0.0,0.0,0.0,0.0,0.0,0.0,0.0,0.0,0.0,0.0,0.0,0.0,0.0,0.0,0.0,0.0,0.0,0.0,0.0,0.0,0.0,0.0,0.0,0.0,0.0,0.0,0.0,0.0,0.0,0.0,0.0,0.0,0.0,0.0,0.0,0.0,0.0,0.0,0.0,0.0,0.0,0.0,0.0,0.0,0.0,0.0,0.0,0.0,0.0,0.0,0.0,0.0,0.0,0.0,0.0,0.0,0.0,0.0,0.0,0.0,0.0,0.0,0.0,0.0,0.0,0.0,0.0,0.0,0.0,0.0,0.0,0.0,0.0,0.0,0.0,0.0,0.0,0.0,0.0,0.0,0.0,0.0,0.0,0.0,0.0,0.0,0.0,0.0,0.0,0.0,0.0,0.0,0.0,0.0,0.0,0.0
2017-05-28 03:41:00+02:00,0.0,0.0,0.0,0.0,0.0,0.0,0.0,0.0,0.0,0.0,0.0,0.0,0.0,0.0,0.0,0.0,0.0,0.0,0.0,0.0,0.0,0.0,0.0,0.0,0.0,0.0,0.0,0.0,0.0,0.0,0.0,0.0,0.0,0.0,0.0,0.0,0.0,0.0,0.0,0.0,0.0,0.0,0.0,0.0,0.0,0.0,0.0,0.0,0.0,0.0,0.0,0.0,0.0,0.0,0.0,0.0,0.0,0.0,0.0,0.0,0.0,0.0,0.0,0.0,0.0,0.0,0.0,0.0,0.0,0.0,0.0,0.0,0.0,0.0,0.0,0.0,0.0,0.0,0.0,0.0,0.0,0.0,0.0,0.0,0.0,0.0,0.0,0.0,0.0,0.0,0.0,0.0,0.0,0.0,0.0,0.0,0.0,0.0,0.0,0.0,0.0,0.0,0.0,0.0,0.0,0.0,0.0,0.0,0.0,0.0,0.0,0.0,0.0,0.0,0.0,0.0,0.0,0.0
2017-05-28 03:42:00+02:00,0.0,0.0,0.0,0.0,0.0,0.0,0.0,0.0,0.0,0.0,0.0,0.0,0.0,0.0,0.0,0.0,0.0,0.0,0.0,0.0,0.0,0.0,0.0,0.0,0.0,0.0,0.0,0.0,0.0,0.0,0.0,0.0,0.0,0.0,0.0,0.0,0.0,0.0,0.0,0.0,0.0,0.0,0.0,0.0,0.0,0.0,0.0,0.0,0.0,0.0,0.0,0.0,0.0,0.0,0.0,0.0,0.0,0.0,0.0,0.0,0.0,0.0,0.0,0.0,0.0,0.0,0.0,0.0,0.0,0.0,0.0,0.0,0.0,0.0,0.0,0.0,0.0,0.0,0.0,0.0,0.0,0.0,0.0,0.0,0.0,0.0,0.0,0.0,0.0,0.0,0.0,0.0,0.0,0.0,0.0,0.0,0.0,0.0,0.0,0.0,0.0,0.0,0.0,0.0,0.0,0.0,0.0,0.0,0.0,0.0,0.0,0.0,0.0,0.0,0.0,0.0,0.0,0.0
2017-05-28 03:43:00+02:00,0.0,0.0,0.0,0.0,0.0,0.0,0.0,0.0,0.0,0.0,0.0,0.0,0.0,0.0,0.0,0.0,0.0,0.0,0.0,0.0,0.0,0.0,0.0,0.0,0.0,0.0,0.0,0.0,0.0,0.0,0.0,0.0,0.0,0.0,0.0,0.0,0.0,0.0,0.0,0.0,0.0,0.0,0.0,0.0,0.0,0.0,0.0,0.0,0.0,0.0,0.0,0.0,0.0,0.0,0.0,0.0,0.0,0.0,0.0,0.0,0.0,0.0,0.0,0.0,0.0,0.0,0.0,0.0,0.0,0.0,0.0,0.0,0.0,0.0,0.0,0.0,0.0,0.0,0.0,0.0,0.0,0.0,0.0,0.0,0.0,0.0,0.0,0.0,0.0,0.0,0.0,0.0,0.0,0.0,0.0,0.0,0.0,0.0,0.0,0.0,0.0,0.0,0.0,0.0,0.0,0.0,0.0,0.0,0.0,0.0,0.0,0.0,0.0,0.0,0.0,0.0,0.0,0.0
2017-05-28 03:44:00+02:00,0.0,0.0,0.0,0.0,0.0,0.0,0.0,0.0,0.0,0.0,0.0,0.0,0.0,0.0,0.0,0.0,0.0,0.0,0.0,0.0,0.0,0.0,0.0,0.0,0.0,0.0,0.0,0.0,0.0,0.0,0.0,0.0,0.0,0.0,0.0,0.0,0.0,0.0,0.0,0.0,0.0,0.0,0.0,0.0,0.0,0.0,0.0,0.0,0.0,0.0,0.0,0.0,0.0,0.0,0.0,0.0,0.0,0.0,0.0,0.0,0.0,0.0,0.0,0.0,0.0,0.0,0.0,0.0,0.0,0.0,0.0,0.0,0.0,0.0,0.0,0.0,0.0,0.0,0.0,0.0,0.0,0.0,0.0,0.0,0.0,0.0,0.0,0.0,0.0,0.0,0.0,0.0,0.0,0.0,0.0,0.0,0.0,0.0,0.0,0.0,0.0,0.0,0.0,0.0,0.0,0.0,0.0,0.0,0.0,0.0,0.0,0.0,0.0,0.0,0.0,0.0,0.0,0.0
2017-05-28 03:45:00+02:00,0.0,0.0,0.0,0.0,0.0,0.0,0.0,0.0,0.0,0.0,0.0,0.0,0.0,0.0,0.0,0.0,0.0,0.0,0.0,0.0,0.0,0.0,0.0,0.0,0.0,0.0,0.0,0.0,0.0,0.0,0.0,0.0,0.0,0.0,0.0,0.0,0.0,0.0,0.0,0.0,0.0,0.0,0.0,0.0,0.0,0.0,0.0,0.0,0.0,0.0,0.0,0.0,0.0,0.0,0.0,0.0,0.0,0.0,0.0,0.0,0.0,0.0,0.0,0.0,0.0,0.0,0.0,0.0,0.0,0.0,0.0,0.0,0.0,0.0,0.0,0.0,0.0,0.0,0.0,0.0,0.0,0.0,0.0,0.0,0.0,0.0,0.0,0.0,0.0,0.0,0.0,0.0,0.0,0.0,0.0,0.0,0.0,0.0,0.0,0.0,0.0,0.0,0.0,0.0,0.0,0.0,0.0,0.0,0.0,0.0,0.0,0.0,0.0,0.0,0.0,0.0,0.0,0.0
2017-05-28 03:46:00+02:00,0.0,0.0,0.0,0.0,0.0,0.0,0.0,0.0,0.0,0.0,0.0,0.0,0.0,0.0,0.0,0.0,0.0,0.0,0.0,0.0,0.0,0.0,0.0,0.0,0.0,0.0,0.0,0.0,0.0,0.0,0.0,0.0,0.0,0.0,0.0,0.0,0.0,0.0,0.0,0.0,0.0,0.0,0.0,0.0,0.0,0.0,0.0,0.0,0.0,0.0,0.0,0.0,0.0,0.0,0.0,0.0,0.0,0.0,0.0,0.0,0.0,0.0,0.0,0.0,0.0,0.0,0.0,0.0,0.0,0.0,0.0,0.0,0.0,0.0,0.0,0.0,0.0,0.0,0.0,0.0,0.0,0.0,0.0,0.0,0.0,0.0,0.0,0.0,0.0,0.0,0.0,0.0,0.0,0.0,0.0,0.0,0.0,0.0,0.0,0.0,0.0,0.0,0.0,0.0,0.0,0.0,0.0,0.0,0.0,0.0,0.0,0.0,0.0,0.0,0.0,0.0,0.0,0.0
2017-05-28 03:47:00+02:00,0.0,0.0,0.0,0.0,0.0,0.0,0.0,0.0,0.0,0.0,0.0,0.0,0.0,0.0,0.0,0.0,0.0,0.0,0.0,0.0,0.0,0.0,0.0,0.0,0.0,0.0,0.0,0.0,0.0,0.0,0.0,0.0,0.0,0.0,0.0,0.0,0.0,0.0,0.0,0.0,0.0,0.0,0.0,0.0,0.0,0.0,0.0,0.0,0.0,0.0,0.0,0.0,0.0,0.0,0.0,0.0,0.0,0.0,0.0,0.0,0.0,0.0,0.0,0.0,0.0,0.0,0.0,0.0,0.0,0.0,0.0,0.0,0.0,0.0,0.0,0.0,0.0,0.0,0.0,0.0,0.0,0.0,0.0,0.0,0.0,0.0,0.0,0.0,0.0,0.0,0.0,0.0,0.0,0.0,0.0,0.0,0.0,0.0,0.0,0.0,0.0,0.0,0.0,0.0,0.0,0.0,0.0,0.0,0.0,0.0,0.0,0.0,0.0,0.0,0.0,0.0,0.0,0.0
2017-05-28 03:48:00+02:00,0.0,0.0,0.0,0.0,0.0,0.0,0.0,0.0,0.0,0.0,0.0,0.0,0.0,0.0,0.0,0.0,0.0,0.0,0.0,0.0,0.0,0.0,0.0,0.0,0.0,0.0,0.0,0.0,0.0,0.0,0.0,0.0,0.0,0.0,0.0,0.0,0.0,0.0,0.0,0.0,0.0,0.0,0.0,0.0,0.0,0.0,0.0,0.0,0.0,0.0,0.0,0.0,0.0,0.0,0.0,0.0,0.0,0.0,0.0,0.0,0.0,0.0,0.0,0.0,0.0,0.0,0.0,0.0,0.0,0.0,0.0,0.0,0.0,0.0,0.0,0.0,0.0,0.0,0.0,0.0,0.0,0.0,0.0,0.0,0.0,0.0,0.0,0.0,0.0,0.0,0.0,0.0,0.0,0.0,0.0,0.0,0.0,0.0,0.0,0.0,0.0,0.0,0.0,0.0,0.0,0.0,0.0,0.0,0.0,0.0,0.0,0.0,0.0,0.0,0.0,0.0,0.0,0.0
2017-05-28 03:49:00+02:00,0.0,0.0,0.0,0.0,0.0,0.0,0.0,0.0,0.0,0.0,0.0,0.0,0.0,0.0,0.0,0.0,0.0,0.0,0.0,0.0,0.0,0.0,0.0,0.0,0.0,0.0,0.0,0.0,0.0,0.0,0.0,0.0,0.0,0.0,0.0,0.0,0.0,0.0,0.0,0.0,0.0,0.0,0.0,0.0,0.0,0.0,0.0,0.0,0.0,0.0,0.0,0.0,0.0,0.0,0.0,0.0,0.0,0.0,0.0,0.0,0.0,0.0,0.0,0.0,0.0,0.0,0.0,0.0,0.0,0.0,0.0,0.0,0.0,0.0,0.0,0.0,0.0,0.0,0.0,0.0,0.0,0.0,0.0,0.0,0.0,0.0,0.0,0.0,0.0,0.0,0.0,0.0,0.0,0.0,0.0,0.0,0.0,0.0,0.0,0.0,0.0,0.0,0.0,0.0,0.0,0.0,0.0,0.0,0.0,0.0,0.0,0.0,0.0,0.0,0.0,0.0,0.0,0.0
2017-05-28 03:50:00+02:00,0.0,0.0,0.0,0.0,0.0,0.0,0.0,0.0,0.0,0.0,0.0,0.0,0.0,0.0,0.0,0.0,0.0,0.0,0.0,0.0,0.0,0.0,0.0,0.0,0.0,0.0,0.0,0.0,0.0,0.0,0.0,0.0,0.0,0.0,0.0,0.0,0.0,0.0,0.0,0.0,0.0,0.0,0.0,0.0,0.0,0.0,0.0,0.0,0.0,0.0,0.0,0.0,0.0,0.0,0.0,0.0,0.0,0.0,0.0,0.0,0.0,0.0,0.0,0.0,0.0,0.0,0.0,0.0,0.0,0.0,0.0,0.0,0.0,0.0,0.0,0.0,0.0,0.0,0.0,0.0,0.0,0.0,0.0,0.0,0.0,0.0,0.0,0.0,0.0,0.0,0.0,0.0,0.0,0.0,0.0,0.0,0.0,0.0,0.0,0.0,0.0,0.0,0.0,0.0,0.0,0.0,0.0,0.0,0.0,0.0,0.0,0.0,0.0,0.0,0.0,0.0,0.0,0.0
2017-05-28 03:51:00+02:00,0.0,0.0,0.0,0.0,0.0,0.0,0.0,0.0,0.0,0.0,0.0,0.0,0.0,0.0,0.0,0.0,0.0,0.0,0.0,0.0,0.0,0.0,0.0,0.0,0.0,0.0,0.0,0.0,0.0,0.0,0.0,0.0,0.0,0.0,0.0,0.0,0.0,0.0,0.0,0.0,0.0,0.0,0.0,0.0,0.0,0.0,0.0,0.0,0.0,0.0,0.0,0.0,0.0,0.0,0.0,0.0,0.0,0.0,0.0,0.0,0.0,0.0,0.0,0.0,0.0,0.0,0.0,0.0,0.0,0.0,0.0,0.0,0.0,0.0,0.0,0.0,0.0,0.0,0.0,0.0,0.0,0.0,0.0,0.0,0.0,0.0,0.0,0.0,0.0,0.0,0.0,0.0,0.0,0.0,0.0,0.0,0.0,0.0,0.0,0.0,0.0,0.0,0.0,0.0,0.0,0.0,0.0,0.0,0.0,0.0,0.0,0.0,0.0,0.0,0.0,0.0,0.0,0.0
2017-05-28 03:52:00+02:00,0.0,0.0,0.0,0.0,0.0,0.0,0.0,0.0,0.0,0.0,0.0,0.0,0.0,0.0,0.0,0.0,0.0,0.0,0.0,0.0,0.0,0.0,0.0,0.0,0.0,0.0,0.0,0.0,0.0,0.0,0.0,0.0,0.0,0.0,0.0,0.0,0.0,0.0,0.0,0.0,0.0,0.0,0.0,0.0,0.0,0.0,0.0,0.0,0.0,0.0,0.0,0.0,0.0,0.0,0.0,0.0,0.0,0.0,0.0,0.0,0.0,0.0,0.0,0.0,0.0,0.0,0.0,0.0,0.0,0.0,0.0,0.0,0.0,0.0,0.0,0.0,0.0,0.0,0.0,0.0,0.0,0.0,0.0,0.0,0.0,0.0,0.0,0.0,0.0,0.0,0.0,0.0,0.0,0.0,0.0,0.0,0.0,0.0,0.0,0.0,0.0,0.0,0.0,0.0,0.0,0.0,0.0,0.0,0.0,0.0,0.0,0.0,0.0,0.0,0.0,0.0,0.0,0.0
2017-05-28 03:53:00+02:00,0.0,0.0,0.0,0.0,0.0,0.0,0.0,0.0,0.0,0.0,0.0,0.0,0.0,0.0,0.0,0.0,0.0,0.0,0.0,0.0,0.0,0.0,0.0,0.0,0.0,0.0,0.0,0.0,0.0,0.0,0.0,0.0,0.0,0.0,0.0,0.0,0.0,0.0,0.0,0.0,0.0,0.0,0.0,0.0,0.0,0.0,0.0,0.0,0.0,0.0,0.0,0.0,0.0,0.0,0.0,0.0,0.0,0.0,0.0,0.0,0.0,0.0,0.0,0.0,0.0,0.0,0.0,0.0,0.0,0.0,0.0,0.0,0.0,0.0,0.0,0.0,0.0,0.0,0.0,0.0,0.0,0.0,0.0,0.0,0.0,0.0,0.0,0.0,0.0,0.0,0.0,0.0,0.0,0.0,0.0,0.0,0.0,0.0,0.0,0.0,0.0,0.0,0.0,0.0,0.0,0.0,0.0,0.0,0.0,0.0,0.0,0.0,0.0,0.0,0.0,0.0,0.0,0.0
2017-05-28 03:54:00+02:00,0.0,0.0,0.0,0.0,0.0,0.0,0.0,0.0,0.0,0.0,0.0,0.0,0.0,0.0,0.0,0.0,0.0,0.0,0.0,0.0,0.0,0.0,0.0,0.0,0.0,0.0,0.0,0.0,0.0,0.0,0.0,0.0,0.0,0.0,0.0,0.0,0.0,0.0,0.0,0.0,0.0,0.0,0.0,0.0,0.0,0.0,0.0,0.0,0.0,0.0,0.0,0.0,0.0,0.0,0.0,0.0,0.0,0.0,0.0,0.0,0.0,0.0,0.0,0.0,0.0,0.0,0.0,0.0,0.0,0.0,0.0,0.0,0.0,0.0,0.0,0.0,0.0,0.0,0.0,0.0,0.0,0.0,0.0,0.0,0.0,0.0,0.0,0.0,0.0,0.0,0.0,0.0,0.0,0.0,0.0,0.0,0.0,0.0,0.0,0.0,0.0,0.0,0.0,0.0,0.0,0.0,0.0,0.0,0.0,0.0,0.0,0.0,0.0,0.0,0.0,0.0,0.0,0.0
2017-05-28 03:55:00+02:00,0.0,0.0,0.0,0.0,0.0,0.0,0.0,0.0,0.0,0.0,0.0,0.0,0.0,0.0,0.0,0.0,0.0,0.0,0.0,0.0,0.0,0.0,0.0,0.0,0.0,0.0,0.0,0.0,0.0,0.0,0.0,0.0,0.0,0.0,0.0,0.0,0.0,0.0,0.0,0.0,0.0,0.0,0.0,0.0,0.0,0.0,0.0,0.0,0.0,0.0,0.0,0.0,0.0,0.0,0.0,0.0,0.0,0.0,0.0,0.0,0.0,0.0,0.0,0.0,0.0,0.0,0.0,0.0,0.0,0.0,0.0,0.0,0.0,0.0,0.0,0.0,0.0,0.0,0.0,0.0,0.0,0.0,0.0,0.0,0.0,0.0,0.0,0.0,0.0,0.0,0.0,0.0,0.0,0.0,0.0,0.0,0.0,0.0,0.0,0.0,0.0,0.0,0.0,0.0,0.0,0.0,0.0,0.0,0.0,0.0,0.0,0.0,0.0,0.0,0.0,0.0,0.0,0.0
2017-05-28 03:56:00+02:00,0.0,0.0,0.0,0.0,0.0,0.0,0.0,0.0,0.0,0.0,0.0,0.0,0.0,0.0,0.0,0.0,0.0,0.0,0.0,0.0,0.0,0.0,0.0,0.0,0.0,0.0,0.0,0.0,0.0,0.0,0.0,0.0,0.0,0.0,0.0,0.0,0.0,0.0,0.0,0.0,0.0,0.0,0.0,0.0,0.0,0.0,0.0,0.0,0.0,0.0,0.0,0.0,0.0,0.0,0.0,0.0,0.0,0.0,0.0,0.0,0.0,0.0,0.0,0.0,0.0,0.0,0.0,0.0,0.0,0.0,0.0,0.0,0.0,0.0,0.0,0.0,0.0,0.0,0.0,0.0,0.0,0.0,0.0,0.0,0.0,0.0,0.0,0.0,0.0,0.0,0.0,0.0,0.0,0.0,0.0,0.0,0.0,0.0,0.0,0.0,0.0,0.0,0.0,0.0,0.0,0.0,0.0,0.0,0.0,0.0,0.0,0.0,0.0,0.0,0.0,0.0,0.0,0.0
2017-05-28 03:57:00+02:00,0.0,0.0,0.0,0.0,0.0,0.0,0.0,0.0,0.0,0.0,0.0,0.0,0.0,0.0,0.0,0.0,0.0,0.0,0.0,0.0,0.0,0.0,0.0,0.0,0.0,0.0,0.0,0.0,0.0,0.0,0.0,0.0,0.0,0.0,0.0,0.0,0.0,0.0,0.0,0.0,0.0,0.0,0.0,0.0,0.0,0.0,0.0,0.0,0.0,0.0,0.0,0.0,0.0,0.0,0.0,0.0,0.0,0.0,0.0,0.0,0.0,0.0,0.0,0.0,0.0,0.0,0.0,0.0,0.0,0.0,0.0,0.0,0.0,0.0,0.0,0.0,0.0,0.0,0.0,0.0,0.0,0.0,0.0,0.0,0.0,0.0,0.0,0.0,0.0,0.0,0.0,0.0,0.0,0.0,0.0,0.0,0.0,0.0,0.0,0.0,0.0,0.0,0.0,0.0,0.0,0.0,0.0,0.0,0.0,0.0,0.0,0.0,0.0,0.0,0.0,0.0,0.0,0.0
2017-05-28 03:58:00+02:00,0.0,0.0,0.0,0.0,0.0,0.0,0.0,0.0,0.0,0.0,0.0,0.0,0.0,0.0,0.0,0.0,0.0,0.0,0.0,0.0,0.0,0.0,0.0,0.0,0.0,0.0,0.0,0.0,0.0,0.0,0.0,0.0,0.0,0.0,0.0,0.0,0.0,0.0,0.0,0.0,0.0,0.0,0.0,0.0,0.0,0.0,0.0,0.0,0.0,0.0,0.0,0.0,0.0,0.0,0.0,0.0,0.0,0.0,0.0,0.0,0.0,0.0,0.0,0.0,0.0,0.0,0.0,0.0,0.0,0.0,0.0,0.0,0.0,0.0,0.0,0.0,0.0,0.0,0.0,0.0,0.0,0.0,0.0,0.0,0.0,0.0,0.0,0.0,0.0,0.0,0.0,0.0,0.0,0.0,0.0,0.0,0.0,0.0,0.0,0.0,0.0,0.0,0.0,0.0,0.0,0.0,0.0,0.0,0.0,0.0,0.0,0.0,0.0,0.0,0.0,0.0,0.0,0.0
2017-05-28 03:59:00+02:00,0.0,0.0,0.0,0.0,0.0,0.0,0.0,0.0,0.0,0.0,0.0,0.0,0.0,0.0,0.0,0.0,0.0,0.0,0.0,0.0,0.0,0.0,0.0,0.0,0.0,0.0,0.0,0.0,0.0,0.0,0.0,0.0,0.0,0.0,0.0,0.0,0.0,0.0,0.0,0.0,0.0,0.0,0.0,0.0,0.0,0.0,0.0,0.0,0.0,0.0,0.0,0.0,0.0,0.0,0.0,0.0,0.0,0.0,0.0,0.0,0.0,0.0,0.0,0.0,0.0,0.0,0.0,0.0,0.0,0.0,0.0,0.0,0.0,0.0,0.0,0.0,0.0,0.0,0.0,0.0,0.0,0.0,0.0,0.0,0.0,0.0,0.0,0.0,0.0,0.0,0.0,0.0,0.0,0.0,0.0,0.0,0.0,0.0,0.0,0.0,0.0,0.0,0.0,0.0,0.0,0.0,0.0,0.0,0.0,0.0,0.0,0.0,0.0,0.0,0.0,0.0,0.0,0.0
2017-05-28 04:00:00+02:00,0.0,0.0,0.0,0.0,0.0,0.0,0.0,0.0,0.0,0.0,0.0,0.0,0.0,0.0,0.0,0.0,0.0,0.0,0.0,0.0,0.0,0.0,0.0,0.0,0.0,0.0,0.0,0.0,0.0,0.0,0.0,0.0,0.0,0.0,0.0,0.0,0.0,0.0,0.0,0.0,0.0,0.0,0.0,0.0,0.0,0.0,0.0,0.0,0.0,0.0,0.0,0.0,0.0,0.0,0.0,0.0,0.0,0.0,0.0,0.0,0.0,0.0,0.0,0.0,0.0,0.0,0.0,0.0,0.0,0.0,0.0,0.0,0.0,0.0,0.0,0.0,0.0,0.0,0.0,0.0,0.0,0.0,0.0,0.0,0.0,0.0,0.0,0.0,0.0,0.0,0.0,0.0,0.0,0.0,0.0,0.0,0.0,0.0,0.0,0.0,0.0,0.0,0.0,0.0,0.0,0.0,0.0,0.0,0.0,0.0,0.0,0.0,0.0,0.0,0.0,0.0,0.0,0.0
2017-05-28 04:01:00+02:00,0.0,0.0,0.0,0.0,0.0,0.0,0.0,0.0,0.0,0.0,0.0,0.0,0.0,0.0,0.0,0.0,0.0,0.0,0.0,0.0,0.0,0.0,0.0,0.0,0.0,0.0,0.0,0.0,0.0,0.0,0.0,0.0,0.0,0.0,0.0,0.0,0.0,0.0,0.0,0.0,0.0,0.0,0.0,0.0,0.0,0.0,0.0,0.0,0.0,0.0,0.0,0.0,0.0,0.0,0.0,0.0,0.0,0.0,0.0,0.0,0.0,0.0,0.0,0.0,0.0,0.0,0.0,0.0,0.0,0.0,0.0,0.0,0.0,0.0,0.0,0.0,0.0,0.0,0.0,0.0,0.0,0.0,0.0,0.0,0.0,0.0,0.0,0.0,0.0,0.0,0.0,0.0,0.0,0.0,0.0,0.0,0.0,0.0,0.0,0.0,0.0,0.0,0.0,0.0,0.0,0.0,0.0,0.0,0.0,0.0,0.0,0.0,0.0,0.0,0.0,0.0,0.0,0.0
2017-05-28 04:02:00+02:00,0.0,0.0,0.0,0.0,0.0,0.0,0.0,0.0,0.0,0.0,0.0,0.0,0.0,0.0,0.0,0.0,0.0,0.0,0.0,0.0,0.0,0.0,0.0,0.0,0.0,0.0,0.0,0.0,0.0,0.0,0.0,0.0,0.0,0.0,0.0,0.0,0.0,0.0,0.0,0.0,0.0,0.0,0.0,0.0,0.0,0.0,0.0,0.0,0.0,0.0,0.0,0.0,0.0,0.0,0.0,0.0,0.0,0.0,0.0,0.0,0.0,0.0,0.0,0.0,0.0,0.0,0.0,0.0,0.0,0.0,0.0,0.0,0.0,0.0,0.0,0.0,0.0,0.0,0.0,0.0,0.0,0.0,0.0,0.0,0.0,0.0,0.0,0.0,0.0,0.0,0.0,0.0,0.0,0.0,0.0,0.0,0.0,0.0,0.0,0.0,0.0,0.0,0.0,0.0,0.0,0.0,0.0,0.0,0.0,0.0,0.0,0.0,0.0,0.0,0.0,0.0,0.0,0.0
2017-05-28 04:03:00+02:00,0.0,0.0,0.0,0.0,0.0,0.0,0.0,0.0,0.0,0.0,0.0,0.0,0.0,0.0,0.0,0.0,0.0,0.0,0.0,0.0,0.0,0.0,0.0,0.0,0.0,0.0,0.0,0.0,0.0,0.0,0.0,0.0,0.0,0.0,0.0,0.0,0.0,0.0,0.0,0.0,0.0,0.0,0.0,0.0,0.0,0.0,0.0,0.0,0.0,0.0,0.0,0.0,0.0,0.0,0.0,0.0,0.0,0.0,0.0,0.0,0.0,0.0,0.0,0.0,0.0,0.0,0.0,0.0,0.0,0.0,0.0,0.0,0.0,0.0,0.0,0.0,0.0,0.0,0.0,0.0,0.0,0.0,0.0,0.0,0.0,0.0,0.0,0.0,0.0,0.0,0.0,0.0,0.0,0.0,0.0,0.0,0.0,0.0,0.0,0.0,0.0,0.0,0.0,0.0,0.0,0.0,0.0,0.0,0.0,0.0,0.0,0.0,0.0,0.0,0.0,0.0,0.0,0.0
2017-05-28 04:04:00+02:00,0.0,0.0,0.0,0.0,0.0,0.0,0.0,0.0,0.0,0.0,0.0,0.0,0.0,0.0,0.0,0.0,0.0,0.0,0.0,0.0,0.0,0.0,0.0,0.0,0.0,0.0,0.0,0.0,0.0,0.0,0.0,0.0,0.0,0.0,0.0,0.0,0.0,0.0,0.0,0.0,0.0,0.0,0.0,0.0,0.0,0.0,0.0,0.0,0.0,0.0,0.0,0.0,0.0,0.0,0.0,0.0,0.0,0.0,0.0,0.0,0.0,0.0,0.0,0.0,0.0,0.0,0.0,0.0,0.0,0.0,0.0,0.0,0.0,0.0,0.0,0.0,0.0,0.0,0.0,0.0,0.0,0.0,0.0,0.0,0.0,0.0,0.0,0.0,0.0,0.0,0.0,0.0,0.0,0.0,0.0,0.0,0.0,0.0,0.0,0.0,0.0,0.0,0.0,0.0,0.0,0.0,0.0,0.0,0.0,0.0,0.0,0.0,0.0,0.0,0.0,0.0,0.0,0.0
2017-05-28 04:05:00+02:00,0.0,0.0,0.0,0.0,0.0,0.0,0.0,0.0,0.0,0.0,0.0,0.0,0.0,0.0,0.0,0.0,0.0,0.0,0.0,0.0,0.0,0.0,0.0,0.0,0.0,0.0,0.0,0.0,0.0,0.0,0.0,0.0,0.0,0.0,0.0,0.0,0.0,0.0,0.0,0.0,0.0,0.0,0.0,0.0,0.0,0.0,0.0,0.0,0.0,0.0,0.0,0.0,0.0,0.0,0.0,0.0,0.0,0.0,0.0,0.0,0.0,0.0,0.0,0.0,0.0,0.0,0.0,0.0,0.0,0.0,0.0,0.0,0.0,0.0,0.0,0.0,0.0,0.0,0.0,0.0,0.0,0.0,0.0,0.0,0.0,0.0,0.0,0.0,0.0,0.0,0.0,0.0,0.0,0.0,0.0,0.0,0.0,0.0,0.0,0.0,0.0,0.0,0.0,0.0,0.0,0.0,0.0,0.0,0.0,0.0,0.0,0.0,0.0,0.0,0.0,0.0,0.0,0.0
2017-05-28 04:06:00+02:00,0.0,0.0,0.0,0.0,0.0,0.0,0.0,0.0,0.0,0.0,0.0,0.0,0.0,0.0,0.0,0.0,0.0,0.0,0.0,0.0,0.0,0.0,0.0,0.0,0.0,0.0,0.0,0.0,0.0,0.0,0.0,0.0,0.0,0.0,0.0,0.0,0.0,0.0,0.0,0.0,0.0,0.0,0.0,0.0,0.0,0.0,0.0,0.0,0.0,0.0,0.0,0.0,0.0,0.0,0.0,0.0,0.0,0.0,0.0,0.0,0.0,0.0,0.0,0.0,0.0,0.0,0.0,0.0,0.0,0.0,0.0,0.0,0.0,0.0,0.0,0.0,0.0,0.0,0.0,0.0,0.0,0.0,0.0,0.0,0.0,0.0,0.0,0.0,0.0,0.0,0.0,0.0,0.0,0.0,0.0,0.0,0.0,0.0,0.0,0.0,0.0,0.0,0.0,0.0,0.0,0.0,0.0,0.0,0.0,0.0,0.0,0.0,0.0,0.0,0.0,0.0,0.0,0.0
2017-05-28 04:07:00+02:00,0.0,0.0,0.0,0.0,0.0,0.0,0.0,0.0,0.0,0.0,0.0,0.0,0.0,0.0,0.0,0.0,0.0,0.0,0.0,0.0,0.0,0.0,0.0,0.0,0.0,0.0,0.0,0.0,0.0,0.0,0.0,0.0,0.0,0.0,0.0,0.0,0.0,0.0,0.0,0.0,0.0,0.0,0.0,0.0,0.0,0.0,0.0,0.0,0.0,0.0,0.0,0.0,0.0,0.0,0.0,0.0,0.0,0.0,0.0,0.0,0.0,0.0,0.0,0.0,0.0,0.0,0.0,0.0,0.0,0.0,0.0,0.0,0.0,0.0,0.0,0.0,0.0,0.0,0.0,0.0,0.0,0.0,0.0,0.0,0.0,0.0,0.0,0.0,0.0,0.0,0.0,0.0,0.0,0.0,0.0,0.0,0.0,0.0,0.0,0.0,0.0,0.0,0.0,0.0,0.0,0.0,0.0,0.0,0.0,0.0,0.0,0.0,0.0,0.0,0.0,0.0,0.0,0.0
2017-05-28 04:08:00+02:00,0.0,0.0,0.0,0.0,0.0,0.0,0.0,0.0,0.0,0.0,0.0,0.0,0.0,0.0,0.0,0.0,0.0,0.0,0.0,0.0,0.0,0.0,0.0,0.0,0.0,0.0,0.0,0.0,0.0,0.0,0.0,0.0,0.0,0.0,0.0,0.0,0.0,0.0,0.0,0.0,0.0,0.0,0.0,0.0,0.0,0.0,0.0,0.0,0.0,0.0,0.0,0.0,0.0,0.0,0.0,0.0,0.0,0.0,0.0,0.0,0.0,0.0,0.0,0.0,0.0,0.0,0.0,0.0,0.0,0.0,0.0,0.0,0.0,0.0,0.0,0.0,0.0,0.0,0.0,0.0,0.0,0.0,0.0,0.0,0.0,0.0,0.0,0.0,0.0,0.0,0.0,0.0,0.0,0.0,0.0,0.0,0.0,0.0,0.0,0.0,0.0,0.0,0.0,0.0,0.0,0.0,0.0,0.0,0.0,0.0,0.0,0.0,0.0,0.0,0.0,0.0,0.0,0.0
2017-05-28 04:09:00+02:00,0.0,0.0,0.0,0.0,0.0,0.0,0.0,0.0,0.0,0.0,0.0,0.0,0.0,0.0,0.0,0.0,0.0,0.0,0.0,0.0,0.0,0.0,0.0,0.0,0.0,0.0,0.0,0.0,0.0,0.0,0.0,0.0,0.0,0.0,0.0,0.0,0.0,0.0,0.0,0.0,0.0,0.0,0.0,0.0,0.0,0.0,0.0,0.0,0.0,0.0,0.0,0.0,0.0,0.0,0.0,0.0,0.0,0.0,0.0,0.0,0.0,0.0,0.0,0.0,0.0,0.0,0.0,0.0,0.0,0.0,0.0,0.0,0.0,0.0,0.0,0.0,0.0,0.0,0.0,0.0,0.0,0.0,0.0,0.0,0.0,0.0,0.0,0.0,0.0,0.0,0.0,0.0,0.0,0.0,0.0,0.0,0.0,0.0,0.0,0.0,0.0,0.0,0.0,0.0,0.0,0.0,0.0,0.0,0.0,0.0,0.0,0.0,0.0,0.0,0.0,0.0,0.0,0.0
2017-05-28 04:10:00+02:00,0.0,0.0,0.0,0.0,0.0,0.0,0.0,0.0,0.0,0.0,0.0,0.0,0.0,0.0,0.0,0.0,0.0,0.0,0.0,0.0,0.0,0.0,0.0,0.0,0.0,0.0,0.0,0.0,0.0,0.0,0.0,0.0,0.0,0.0,0.0,0.0,0.0,0.0,0.0,0.0,0.0,0.0,0.0,0.0,0.0,0.0,0.0,0.0,0.0,0.0,0.0,0.0,0.0,0.0,0.0,0.0,0.0,0.0,0.0,0.0,0.0,0.0,0.0,0.0,0.0,0.0,0.0,0.0,0.0,0.0,0.0,0.0,0.0,0.0,0.0,0.0,0.0,0.0,0.0,0.0,0.0,0.0,0.0,0.0,0.0,0.0,0.0,0.0,0.0,0.0,0.0,0.0,0.0,0.0,0.0,0.0,0.0,0.0,0.0,0.0,0.0,0.0,0.0,0.0,0.0,0.0,0.0,0.0,0.0,0.0,0.0,0.0,0.0,0.0,0.0,0.0,0.0,0.0
2017-05-28 04:11:00+02:00,0.0,0.0,0.0,0.0,0.0,0.0,0.0,0.0,0.0,0.0,0.0,0.0,0.0,0.0,0.0,0.0,0.0,0.0,0.0,0.0,0.0,0.0,0.0,0.0,0.0,0.0,0.0,0.0,0.0,0.0,0.0,0.0,0.0,0.0,0.0,0.0,0.0,0.0,0.0,0.0,0.0,0.0,0.0,0.0,0.0,0.0,0.0,0.0,0.0,0.0,0.0,0.0,0.0,0.0,0.0,0.0,0.0,0.0,0.0,0.0,0.0,0.0,0.0,0.0,0.0,0.0,0.0,0.0,0.0,0.0,0.0,0.0,0.0,0.0,0.0,0.0,0.0,0.0,0.0,0.0,0.0,0.0,0.0,0.0,0.0,0.0,0.0,0.0,0.0,0.0,0.0,0.0,0.0,0.0,0.0,0.0,0.0,0.0,0.0,0.0,0.0,0.0,0.0,0.0,0.0,0.0,0.0,0.0,0.0,0.0,0.0,0.0,0.0,0.0,0.0,0.0,0.0,0.0
2017-05-28 04:12:00+02:00,0.0,0.0,0.0,0.0,0.0,0.0,0.0,0.0,0.0,0.0,0.0,0.0,0.0,0.0,0.0,0.0,0.0,0.0,0.0,0.0,0.0,0.0,0.0,0.0,0.0,0.0,0.0,0.0,0.0,0.0,0.0,0.0,0.0,0.0,0.0,0.0,0.0,0.0,0.0,0.0,0.0,0.0,0.0,0.0,0.0,0.0,0.0,0.0,0.0,0.0,0.0,0.0,0.0,0.0,0.0,0.0,0.0,0.0,0.0,0.0,0.0,0.0,0.0,0.0,0.0,0.0,0.0,0.0,0.0,0.0,0.0,0.0,0.0,0.0,0.0,0.0,0.0,0.0,0.0,0.0,0.0,0.0,0.0,0.0,0.0,0.0,0.0,0.0,0.0,0.0,0.0,0.0,0.0,0.0,0.0,0.0,0.0,0.0,0.0,0.0,0.0,0.0,0.0,0.0,0.0,0.0,0.0,0.0,0.0,0.0,0.0,0.0,0.0,0.0,0.0,0.0,0.0,0.0
2017-05-28 04:13:00+02:00,0.0,0.0,0.0,0.0,0.0,0.0,0.0,0.0,0.0,0.0,0.0,0.0,0.0,0.0,0.0,0.0,0.0,0.0,0.0,0.0,0.0,0.0,0.0,0.0,0.0,0.0,0.0,0.0,0.0,0.0,0.0,0.0,0.0,0.0,0.0,0.0,0.0,0.0,0.0,0.0,0.0,0.0,0.0,0.0,0.0,0.0,0.0,0.0,0.0,0.0,0.0,0.0,0.0,0.0,0.0,0.0,0.0,0.0,0.0,0.0,0.0,0.0,0.0,0.0,0.0,0.0,0.0,0.0,0.0,0.0,0.0,0.0,0.0,0.0,0.0,0.0,0.0,0.0,0.0,0.0,0.0,0.0,0.0,0.0,0.0,0.0,0.0,0.0,0.0,0.0,0.0,0.0,0.0,0.0,0.0,0.0,0.0,0.0,0.0,0.0,0.0,0.0,0.0,0.0,0.0,0.0,0.0,0.0,0.0,0.0,0.0,0.0,0.0,0.0,0.0,0.0,0.0,0.0
2017-05-28 04:14:00+02:00,0.0,0.0,0.0,0.0,0.0,0.0,0.0,0.0,0.0,0.0,0.0,0.0,0.0,0.0,0.0,0.0,0.0,0.0,0.0,0.0,0.0,0.0,0.0,0.0,0.0,0.0,0.0,0.0,0.0,0.0,0.0,0.0,0.0,0.0,0.0,0.0,0.0,0.0,0.0,0.0,0.0,0.0,0.0,0.0,0.0,0.0,0.0,0.0,0.0,0.0,0.0,0.0,0.0,0.0,0.0,0.0,0.0,0.0,0.0,0.0,0.0,0.0,0.0,0.0,0.0,0.0,0.0,0.0,0.0,0.0,0.0,0.0,0.0,0.0,0.0,0.0,0.0,0.0,0.0,0.0,0.0,0.0,0.0,0.0,0.0,0.0,0.0,0.0,0.0,0.0,0.0,0.0,0.0,0.0,0.0,0.0,0.0,0.0,0.0,0.0,0.0,0.0,0.0,0.0,0.0,0.0,0.0,0.0,0.0,0.0,0.0,0.0,0.0,0.0,0.0,0.0,0.0,0.0
2017-05-28 04:15:00+02:00,0.0,0.0,0.0,0.0,0.0,0.0,0.0,0.0,0.0,0.0,0.0,0.0,0.0,0.0,0.0,0.0,0.0,0.0,0.0,0.0,0.0,0.0,0.0,0.0,0.0,0.0,0.0,0.0,0.0,0.0,0.0,0.0,0.0,0.0,0.0,0.0,0.0,0.0,0.0,0.0,0.0,0.0,0.0,0.0,0.0,0.0,0.0,0.0,0.0,0.0,0.0,0.0,0.0,0.0,0.0,0.0,0.0,0.0,0.0,0.0,0.0,0.0,0.0,0.0,0.0,0.0,0.0,0.0,0.0,0.0,0.0,0.0,0.0,0.0,0.0,0.0,0.0,0.0,0.0,0.0,0.0,0.0,0.0,0.0,0.0,0.0,0.0,0.0,0.0,0.0,0.0,0.0,0.0,0.0,0.0,0.0,0.0,0.0,0.0,0.0,0.0,0.0,0.0,0.0,0.0,0.0,0.0,0.0,0.0,0.0,0.0,0.0,0.0,0.0,0.0,0.0,0.0,0.0
2017-05-28 04:16:00+02:00,0.0,0.0,0.0,0.0,0.0,0.0,0.0,0.0,0.0,0.0,0.0,0.0,0.0,0.0,0.0,0.0,0.0,0.0,0.0,0.0,0.0,0.0,0.0,0.0,0.0,0.0,0.0,0.0,0.0,0.0,0.0,0.0,0.0,0.0,0.0,0.0,0.0,0.0,0.0,0.0,0.0,0.0,0.0,0.0,0.0,0.0,0.0,0.0,0.0,0.0,0.0,0.0,0.0,0.0,0.0,0.0,0.0,0.0,0.0,0.0,0.0,0.0,0.0,0.0,0.0,0.0,0.0,0.0,0.0,0.0,0.0,0.0,0.0,0.0,0.0,0.0,0.0,0.0,0.0,0.0,0.0,0.0,0.0,0.0,0.0,0.0,0.0,0.0,0.0,0.0,0.0,0.0,0.0,0.0,0.0,0.0,0.0,0.0,0.0,0.0,0.0,0.0,0.0,0.0,0.0,0.0,0.0,0.0,0.0,0.0,0.0,0.0,0.0,0.0,0.0,0.0,0.0,0.0
2017-05-28 04:17:00+02:00,0.0,0.0,0.0,0.0,0.0,0.0,0.0,0.0,0.0,0.0,0.0,0.0,0.0,0.0,0.0,0.0,0.0,0.0,0.0,0.0,0.0,0.0,0.0,0.0,0.0,0.0,0.0,0.0,0.0,0.0,0.0,0.0,0.0,0.0,0.0,0.0,0.0,0.0,0.0,0.0,0.0,0.0,0.0,0.0,0.0,0.0,0.0,0.0,0.0,0.0,0.0,0.0,0.0,0.0,0.0,0.0,0.0,0.0,0.0,0.0,0.0,0.0,0.0,0.0,0.0,0.0,0.0,0.0,0.0,0.0,0.0,0.0,0.0,0.0,0.0,0.0,0.0,0.0,0.0,0.0,0.0,0.0,0.0,0.0,0.0,0.0,0.0,0.0,0.0,0.0,0.0,0.0,0.0,0.0,0.0,0.0,0.0,0.0,0.0,0.0,0.0,0.0,0.0,0.0,0.0,0.0,0.0,0.0,0.0,0.0,0.0,0.0,0.0,0.0,0.0,0.0,0.0,0.0
2017-05-28 04:18:00+02:00,0.0,0.0,0.0,0.0,0.0,0.0,0.0,0.0,0.0,0.0,0.0,0.0,0.0,0.0,0.0,0.0,0.0,0.0,0.0,0.0,0.0,0.0,0.0,0.0,0.0,0.0,0.0,0.0,0.0,0.0,0.0,0.0,0.0,0.0,0.0,0.0,0.0,0.0,0.0,0.0,0.0,0.0,0.0,0.0,0.0,0.0,0.0,0.0,0.0,0.0,0.0,0.0,0.0,0.0,0.0,0.0,0.0,0.0,0.0,0.0,0.0,0.0,0.0,0.0,0.0,0.0,0.0,0.0,0.0,0.0,0.0,0.0,0.0,0.0,0.0,0.0,0.0,0.0,0.0,0.0,0.0,0.0,0.0,0.0,0.0,0.0,0.0,0.0,0.0,0.0,0.0,0.0,0.0,0.0,0.0,0.0,0.0,0.0,0.0,0.0,0.0,0.0,0.0,0.0,0.0,0.0,0.0,0.0,0.0,0.0,0.0,0.0,0.0,0.0,0.0,0.0,0.0,0.0
2017-05-28 04:19:00+02:00,0.0,0.0,0.0,0.0,0.0,0.0,0.0,0.0,0.0,0.0,0.0,0.0,0.0,0.0,0.0,0.0,0.0,0.0,0.0,0.0,0.0,0.0,0.0,0.0,0.0,0.0,0.0,0.0,0.0,0.0,0.0,0.0,0.0,0.0,0.0,0.0,0.0,0.0,0.0,0.0,0.0,0.0,0.0,0.0,0.0,0.0,0.0,0.0,0.0,0.0,0.0,0.0,0.0,0.0,0.0,0.0,0.0,0.0,0.0,0.0,0.0,0.0,0.0,0.0,0.0,0.0,0.0,0.0,0.0,0.0,0.0,0.0,0.0,0.0,0.0,0.0,0.0,0.0,0.0,0.0,0.0,0.0,0.0,0.0,0.0,0.0,0.0,0.0,0.0,0.0,0.0,0.0,0.0,0.0,0.0,0.0,0.0,0.0,0.0,0.0,0.0,0.0,0.0,0.0,0.0,0.0,0.0,0.0,0.0,0.0,0.0,0.0,0.0,0.0,0.0,0.0,0.0,0.0
2017-05-28 04:20:00+02:00,0.0,0.0,0.0,0.0,0.0,0.0,0.0,0.0,0.0,0.0,0.0,0.0,0.0,0.0,0.0,0.0,0.0,0.0,0.0,0.0,0.0,0.0,0.0,0.0,0.0,0.0,0.0,0.0,0.0,0.0,0.0,0.0,0.0,0.0,0.0,0.0,0.0,0.0,0.0,0.0,0.0,0.0,0.0,0.0,0.0,0.0,0.0,0.0,0.0,0.0,0.0,0.0,0.0,0.0,0.0,0.0,0.0,0.0,0.0,0.0,0.0,0.0,0.0,0.0,0.0,0.0,0.0,0.0,0.0,0.0,0.0,0.0,0.0,0.0,0.0,0.0,0.0,0.0,0.0,0.0,0.0,0.0,0.0,0.0,0.0,0.0,0.0,0.0,0.0,0.0,0.0,0.0,0.0,0.0,0.0,0.0,0.0,0.0,0.0,0.0,0.0,0.0,0.0,0.0,0.0,0.0,0.0,0.0,0.0,0.0,0.0,0.0,0.0,0.0,0.0,0.0,0.0,0.0
2017-05-28 04:21:00+02:00,0.0,0.0,0.0,0.0,0.0,0.0,0.0,0.0,0.0,0.0,0.0,0.0,0.0,0.0,0.0,0.0,0.0,0.0,0.0,0.0,0.0,0.0,0.0,0.0,0.0,0.0,0.0,0.0,0.0,0.0,0.0,0.0,0.0,0.0,0.0,0.0,0.0,0.0,0.0,0.0,0.0,0.0,0.0,0.0,0.0,0.0,0.0,0.0,0.0,0.0,0.0,0.0,0.0,0.0,0.0,0.0,0.0,0.0,0.0,0.0,0.0,0.0,0.0,0.0,0.0,0.0,0.0,0.0,0.0,0.0,0.0,0.0,0.0,0.0,0.0,0.0,0.0,0.0,0.0,0.0,0.0,0.0,0.0,0.0,0.0,0.0,0.0,0.0,0.0,0.0,0.0,0.0,0.0,0.0,0.0,0.0,0.0,0.0,0.0,0.0,0.0,0.0,0.0,0.0,0.0,0.0,0.0,0.0,0.0,0.0,0.0,0.0,0.0,0.0,0.0,0.0,0.0,0.0
2017-05-28 04:22:00+02:00,0.0,0.0,0.0,0.0,0.0,0.0,0.0,0.0,0.0,0.0,0.0,0.0,0.0,0.0,0.0,0.0,0.0,0.0,0.0,0.0,0.0,0.0,0.0,0.0,0.0,0.0,0.0,0.0,0.0,0.0,0.0,0.0,0.0,0.0,0.0,0.0,0.0,0.0,0.0,0.0,0.0,0.0,0.0,0.0,0.0,0.0,0.0,0.0,0.0,0.0,0.0,0.0,0.0,0.0,0.0,0.0,0.0,0.0,0.0,0.0,0.0,0.0,0.0,0.0,0.0,0.0,0.0,0.0,0.0,0.0,0.0,0.0,0.0,0.0,0.0,0.0,0.0,0.0,0.0,0.0,0.0,0.0,0.0,0.0,0.0,0.0,0.0,0.0,0.0,0.0,0.0,0.0,0.0,0.0,0.0,0.0,0.0,0.0,0.0,0.0,0.0,0.0,0.0,0.0,0.0,0.0,0.0,0.0,0.0,0.0,0.0,0.0,0.0,0.0,0.0,0.0,0.0,0.0
2017-05-28 04:23:00+02:00,0.0,0.0,0.0,0.0,0.0,0.0,0.0,0.0,0.0,0.0,0.0,0.0,0.0,0.0,0.0,0.0,0.0,0.0,0.0,0.0,0.0,0.0,0.0,0.0,0.0,0.0,0.0,0.0,0.0,0.0,0.0,0.0,0.0,0.0,0.0,0.0,0.0,0.0,0.0,0.0,0.0,0.0,0.0,0.0,0.0,0.0,0.0,0.0,0.0,0.0,0.0,0.0,0.0,0.0,0.0,0.0,0.0,0.0,0.0,0.0,0.0,0.0,0.0,0.0,0.0,0.0,0.0,0.0,0.0,0.0,0.0,0.0,0.0,0.0,0.0,0.0,0.0,0.0,0.0,0.0,0.0,0.0,0.0,0.0,0.0,0.0,0.0,0.0,0.0,0.0,0.0,0.0,0.0,0.0,0.0,0.0,0.0,0.0,0.0,0.0,0.0,0.0,0.0,0.0,0.0,0.0,0.0,0.0,0.0,0.0,0.0,0.0,0.0,0.0,0.0,0.0,0.0,0.0
2017-05-28 04:24:00+02:00,0.0,0.0,0.0,0.0,0.0,0.0,0.0,0.0,0.0,0.0,0.0,0.0,0.0,0.0,0.0,0.0,0.0,0.0,0.0,0.0,0.0,0.0,0.0,0.0,0.0,0.0,0.0,0.0,0.0,0.0,0.0,0.0,0.0,0.0,0.0,0.0,0.0,0.0,0.0,0.0,0.0,0.0,0.0,0.0,0.0,0.0,0.0,0.0,0.0,0.0,0.0,0.0,0.0,0.0,0.0,0.0,0.0,0.0,0.0,0.0,0.0,0.0,0.0,0.0,0.0,0.0,0.0,0.0,0.0,0.0,0.0,0.0,0.0,0.0,0.0,0.0,0.0,0.0,0.0,0.0,0.0,0.0,0.0,0.0,0.0,0.0,0.0,0.0,0.0,0.0,0.0,0.0,0.0,0.0,0.0,0.0,0.0,0.0,0.0,0.0,0.0,0.0,0.0,0.0,0.0,0.0,0.0,0.0,0.0,0.0,0.0,0.0,0.0,0.0,0.0,0.0,0.0,0.0
2017-05-28 04:25:00+02:00,0.0,0.0,0.0,0.0,0.0,0.0,0.0,0.0,0.0,0.0,0.0,0.0,0.0,0.0,0.0,0.0,0.0,0.0,0.0,0.0,0.0,0.0,0.0,0.0,0.0,0.0,0.0,0.0,0.0,0.0,0.0,0.0,0.0,0.0,0.0,0.0,0.0,0.0,0.0,0.0,0.0,0.0,0.0,0.0,0.0,0.0,0.0,0.0,0.0,0.0,0.0,0.0,0.0,0.0,0.0,0.0,0.0,0.0,0.0,0.0,0.0,0.0,0.0,0.0,0.0,0.0,0.0,0.0,0.0,0.0,0.0,0.0,0.0,0.0,0.0,0.0,0.0,0.0,0.0,0.0,0.0,0.0,0.0,0.0,0.0,0.0,0.0,0.0,0.0,0.0,0.0,0.0,0.0,0.0,0.0,0.0,0.0,0.0,0.0,0.0,0.0,0.0,0.0,0.0,0.0,0.0,0.0,0.0,0.0,0.0,0.0,0.0,0.0,0.0,0.0,0.0,0.0,0.0
2017-05-28 04:26:00+02:00,0.0,0.0,0.0,0.0,0.0,0.0,0.0,0.0,0.0,0.0,0.0,0.0,0.0,0.0,0.0,0.0,0.0,0.0,0.0,0.0,0.0,0.0,0.0,0.0,0.0,0.0,0.0,0.0,0.0,0.0,0.0,0.0,0.0,0.0,0.0,0.0,0.0,0.0,0.0,0.0,0.0,0.0,0.0,0.0,0.0,0.0,0.0,0.0,0.0,0.0,0.0,0.0,0.0,0.0,0.0,0.0,0.0,0.0,0.0,0.0,0.0,0.0,0.0,0.0,0.0,0.0,0.0,0.0,0.0,0.0,0.0,0.0,0.0,0.0,0.0,0.0,0.0,0.0,0.0,0.0,0.0,0.0,0.0,0.0,0.0,0.0,0.0,0.0,0.0,0.0,0.0,0.0,0.0,0.0,0.0,0.0,0.0,0.0,0.0,0.0,0.0,0.0,0.0,0.0,0.0,0.0,0.0,0.0,0.0,0.0,0.0,0.0,0.0,0.0,0.0,0.0,0.0,0.0
2017-05-28 04:27:00+02:00,0.0,0.0,0.0,0.0,0.0,0.0,0.0,0.0,0.0,0.0,0.0,0.0,0.0,0.0,0.0,0.0,0.0,0.0,0.0,0.0,0.0,0.0,0.0,0.0,0.0,0.0,0.0,0.0,0.0,0.0,0.0,0.0,0.0,0.0,0.0,0.0,0.0,0.0,0.0,0.0,0.0,0.0,0.0,0.0,0.0,0.0,0.0,0.0,0.0,0.0,0.0,0.0,0.0,0.0,0.0,0.0,0.0,0.0,0.0,0.0,0.0,0.0,0.0,0.0,0.0,0.0,0.0,0.0,0.0,0.0,0.0,0.0,0.0,0.0,0.0,0.0,0.0,0.0,0.0,0.0,0.0,0.0,0.0,0.0,0.0,0.0,0.0,0.0,0.0,0.0,0.0,0.0,0.0,0.0,0.0,0.0,0.0,0.0,0.0,0.0,0.0,0.0,0.0,0.0,0.0,0.0,0.0,0.0,0.0,0.0,0.0,0.0,0.0,0.0,0.0,0.0,0.0,0.0
2017-05-28 04:28:00+02:00,0.0,0.0,0.0,0.0,0.0,0.0,0.0,0.0,0.0,0.0,0.0,0.0,0.0,0.0,0.0,0.0,0.0,0.0,0.0,0.0,0.0,0.0,0.0,0.0,0.0,0.0,0.0,0.0,0.0,0.0,0.0,0.0,0.0,0.0,0.0,0.0,0.0,0.0,0.0,0.0,0.0,0.0,0.0,0.0,0.0,0.0,0.0,0.0,0.0,0.0,0.0,0.0,0.0,0.0,0.0,0.0,0.0,0.0,0.0,0.0,0.0,0.0,0.0,0.0,0.0,0.0,0.0,0.0,0.0,0.0,0.0,0.0,0.0,0.0,0.0,0.0,0.0,0.0,0.0,0.0,0.0,0.0,0.0,0.0,0.0,0.0,0.0,0.0,0.0,0.0,0.0,0.0,0.0,0.0,0.0,0.0,0.0,0.0,0.0,0.0,0.0,0.0,0.0,0.0,0.0,0.0,0.0,0.0,0.0,0.0,0.0,0.0,0.0,0.0,0.0,0.0,0.0,0.0
2017-05-28 04:29:00+02:00,0.0,0.0,0.0,0.0,0.0,0.0,0.0,0.0,0.0,0.0,0.0,0.0,0.0,0.0,0.0,0.0,0.0,0.0,0.0,0.0,0.0,0.0,0.0,0.0,0.0,0.0,0.0,0.0,0.0,0.0,0.0,0.0,0.0,0.0,0.0,0.0,0.0,0.0,0.0,0.0,0.0,0.0,0.0,0.0,0.0,0.0,0.0,0.0,0.0,0.0,0.0,0.0,0.0,0.0,0.0,0.0,0.0,0.0,0.0,0.0,0.0,0.0,0.0,0.0,0.0,0.0,0.0,0.0,0.0,0.0,0.0,0.0,0.0,0.0,0.0,0.0,0.0,0.0,0.0,0.0,0.0,0.0,0.0,0.0,0.0,0.0,0.0,0.0,0.0,0.0,0.0,0.0,0.0,0.0,0.0,0.0,0.0,0.0,0.0,0.0,0.0,0.0,0.0,0.0,0.0,0.0,0.0,0.0,0.0,0.0,0.0,0.0,0.0,0.0,0.0,0.0,0.0,0.0
2017-05-28 04:30:00+02:00,0.0,0.0,0.0,0.0,0.0,0.0,0.0,0.0,0.0,0.0,0.0,0.0,0.0,0.0,0.0,0.0,0.0,0.0,0.0,0.0,0.0,0.0,0.0,0.0,0.0,0.0,0.0,0.0,0.0,0.0,0.0,0.0,0.0,0.0,0.0,0.0,0.0,0.0,0.0,0.0,0.0,0.0,0.0,0.0,0.0,0.0,0.0,0.0,0.0,0.0,0.0,0.0,0.0,0.0,0.0,0.0,0.0,0.0,0.0,0.0,0.0,0.0,0.0,0.0,0.0,0.0,0.0,0.0,0.0,0.0,0.0,0.0,0.0,0.0,0.0,0.0,0.0,0.0,0.0,0.0,0.0,0.0,0.0,0.0,0.0,0.0,0.0,0.0,0.0,0.0,0.0,0.0,0.0,0.0,0.0,0.0,0.0,0.0,0.0,0.0,0.0,0.0,0.0,0.0,0.0,0.0,0.0,0.0,0.0,0.0,0.0,0.0,0.0,0.0,0.0,0.0,0.0,0.0
2017-05-28 04:31:00+02:00,0.0,0.0,0.0,0.0,0.0,0.0,0.0,0.0,0.0,0.0,0.0,0.0,0.0,0.0,0.0,0.0,0.0,0.0,0.0,0.0,0.0,0.0,0.0,0.0,0.0,0.0,0.0,0.0,0.0,0.0,0.0,0.0,0.0,0.0,0.0,0.0,0.0,0.0,0.0,0.0,0.0,0.0,0.0,0.0,0.0,0.0,0.0,0.0,0.0,0.0,0.0,0.0,0.0,0.0,0.0,0.0,0.0,0.0,0.0,0.0,0.0,0.0,0.0,0.0,0.0,0.0,0.0,0.0,0.0,0.0,0.0,0.0,0.0,0.0,0.0,0.0,0.0,0.0,0.0,0.0,0.0,0.0,0.0,0.0,0.0,0.0,0.0,0.0,0.0,0.0,0.0,0.0,0.0,0.0,0.0,0.0,0.0,0.0,0.0,0.0,0.0,0.0,0.0,0.0,0.0,0.0,0.0,0.0,0.0,0.0,0.0,0.0,0.0,0.0,0.0,0.0,0.0,0.0
2017-05-28 04:32:00+02:00,0.0,0.0,0.0,0.0,0.0,0.0,0.0,0.0,0.0,0.0,0.0,0.0,0.0,0.0,0.0,0.0,0.0,0.0,0.0,0.0,0.0,0.0,0.0,0.0,0.0,0.0,0.0,0.0,0.0,0.0,0.0,0.0,0.0,0.0,0.0,0.0,0.0,0.0,0.0,0.0,0.0,0.0,0.0,0.0,0.0,0.0,0.0,0.0,0.0,0.0,0.0,0.0,0.0,0.0,0.0,0.0,0.0,0.0,0.0,0.0,0.0,0.0,0.0,0.0,0.0,0.0,0.0,0.0,0.0,0.0,0.0,0.0,0.0,0.0,0.0,0.0,0.0,0.0,0.0,0.0,0.0,0.0,0.0,0.0,0.0,0.0,0.0,0.0,0.0,0.0,0.0,0.0,0.0,0.0,0.0,0.0,0.0,0.0,0.0,0.0,0.0,0.0,0.0,0.0,0.0,0.0,0.0,0.0,0.0,0.0,0.0,0.0,0.0,0.0,0.0,0.0,0.0,0.0
2017-05-28 04:33:00+02:00,0.0,0.0,0.0,0.0,0.0,0.0,0.0,0.0,0.0,0.0,0.0,0.0,0.0,0.0,0.0,0.0,0.0,0.0,0.0,0.0,0.0,0.0,0.0,0.0,0.0,0.0,0.0,0.0,0.0,0.0,0.0,0.0,0.0,0.0,0.0,0.0,0.0,0.0,0.0,0.0,0.0,0.0,0.0,0.0,0.0,0.0,0.0,0.0,0.0,0.0,0.0,0.0,0.0,0.0,0.0,0.0,0.0,0.0,0.0,0.0,0.0,0.0,0.0,0.0,0.0,0.0,0.0,0.0,0.0,0.0,0.0,0.0,0.0,0.0,0.0,0.0,0.0,0.0,0.0,0.0,0.0,0.0,0.0,0.0,0.0,0.0,0.0,0.0,0.0,0.0,0.0,0.0,0.0,0.0,0.0,0.0,0.0,0.0,0.0,0.0,0.0,0.0,0.0,0.0,0.0,0.0,0.0,0.0,0.0,0.0,0.0,0.0,0.0,0.0,0.0,0.0,0.0,0.0
2017-05-28 04:34:00+02:00,0.0,0.0,0.0,0.0,0.0,0.0,0.0,0.0,0.0,0.0,0.0,0.0,0.0,0.0,0.0,0.0,0.0,0.0,0.0,0.0,0.0,0.0,0.0,0.0,0.0,0.0,0.0,0.0,0.0,0.0,0.0,0.0,0.0,0.0,0.0,0.0,0.0,0.0,0.0,0.0,0.0,0.0,0.0,0.0,0.0,0.0,0.0,0.0,0.0,0.0,0.0,0.0,0.0,0.0,0.0,0.0,0.0,0.0,0.0,0.0,0.0,0.0,0.0,0.0,0.0,0.0,0.0,0.0,0.0,0.0,0.0,0.0,0.0,0.0,0.0,0.0,0.0,0.0,0.0,0.0,0.0,0.0,0.0,0.0,0.0,0.0,0.0,0.0,0.0,0.0,0.0,0.0,0.0,0.0,0.0,0.0,0.0,0.0,0.0,0.0,0.0,0.0,0.0,0.0,0.0,0.0,0.0,0.0,0.0,0.0,0.0,0.0,0.0,0.0,0.0,0.0,0.0,0.0
2017-05-28 04:35:00+02:00,0.0,0.0,0.0,0.0,0.0,0.0,0.0,0.0,0.0,0.0,0.0,0.0,0.0,0.0,0.0,0.0,0.0,0.0,0.0,0.0,0.0,0.0,0.0,0.0,0.0,0.0,0.0,0.0,0.0,0.0,0.0,0.0,0.0,0.0,0.0,0.0,0.0,0.0,0.0,0.0,0.0,0.0,0.0,0.0,0.0,0.0,0.0,0.0,0.0,0.0,0.0,0.0,0.0,0.0,0.0,0.0,0.0,0.0,0.0,0.0,0.0,0.0,0.0,0.0,0.0,0.0,0.0,0.0,0.0,0.0,0.0,0.0,0.0,0.0,0.0,0.0,0.0,0.0,0.0,0.0,0.0,0.0,0.0,0.0,0.0,0.0,0.0,0.0,0.0,0.0,0.0,0.0,0.0,0.0,0.0,0.0,0.0,0.0,0.0,0.0,0.0,0.0,0.0,0.0,0.0,0.0,0.0,0.0,0.0,0.0,0.0,0.0,0.0,0.0,0.0,0.0,0.0,0.0
2017-05-28 04:36:00+02:00,0.0,0.0,0.0,0.0,0.0,0.0,0.0,0.0,0.0,0.0,0.0,0.0,0.0,0.0,0.0,0.0,0.0,0.0,0.0,0.0,0.0,0.0,0.0,0.0,0.0,0.0,0.0,0.0,0.0,0.0,0.0,0.0,0.0,0.0,0.0,0.0,0.0,0.0,0.0,0.0,0.0,0.0,0.0,0.0,0.0,0.0,0.0,0.0,0.0,0.0,0.0,0.0,0.0,0.0,0.0,0.0,0.0,0.0,0.0,0.0,0.0,0.0,0.0,0.0,0.0,0.0,0.0,0.0,0.0,0.0,0.0,0.0,0.0,0.0,0.0,0.0,0.0,0.0,0.0,0.0,0.0,0.0,0.0,0.0,0.0,0.0,0.0,0.0,0.0,0.0,0.0,0.0,0.0,0.0,0.0,0.0,0.0,0.0,0.0,0.0,0.0,0.0,0.0,0.0,0.0,0.0,0.0,0.0,0.0,0.0,0.0,0.0,0.0,0.0,0.0,0.0,0.0,0.0
2017-05-28 04:37:00+02:00,0.0,0.0,0.0,0.0,0.0,0.0,0.0,0.0,0.0,0.0,0.0,0.0,0.0,0.0,0.0,0.0,0.0,0.0,0.0,0.0,0.0,0.0,0.0,0.0,0.0,0.0,0.0,0.0,0.0,0.0,0.0,0.0,0.0,0.0,0.0,0.0,0.0,0.0,0.0,0.0,0.0,0.0,0.0,0.0,0.0,0.0,0.0,0.0,0.0,0.0,0.0,0.0,0.0,0.0,0.0,0.0,0.0,0.0,0.0,0.0,0.0,0.0,0.0,0.0,0.0,0.0,0.0,0.0,0.0,0.0,0.0,0.0,0.0,0.0,0.0,0.0,0.0,0.0,0.0,0.0,0.0,0.0,0.0,0.0,0.0,0.0,0.0,0.0,0.0,0.0,0.0,0.0,0.0,0.0,0.0,0.0,0.0,0.0,0.0,0.0,0.0,0.0,0.0,0.0,0.0,0.0,0.0,0.0,0.0,0.0,0.0,0.0,0.0,0.0,0.0,0.0,0.0,0.0
2017-05-28 04:38:00+02:00,0.0,0.0,0.0,0.0,0.0,0.0,0.0,0.0,0.0,0.0,0.0,0.0,0.0,0.0,0.0,0.0,0.0,0.0,0.0,0.0,0.0,0.0,0.0,0.0,0.0,0.0,0.0,0.0,0.0,0.0,0.0,0.0,0.0,0.0,0.0,0.0,0.0,0.0,0.0,0.0,0.0,0.0,0.0,0.0,0.0,0.0,0.0,0.0,0.0,0.0,0.0,0.0,0.0,0.0,0.0,0.0,0.0,0.0,0.0,0.0,0.0,0.0,0.0,0.0,0.0,0.0,0.0,0.0,0.0,0.0,0.0,0.0,0.0,0.0,0.0,0.0,0.0,0.0,0.0,0.0,0.0,0.0,0.0,0.0,0.0,0.0,0.0,0.0,0.0,0.0,0.0,0.0,0.0,0.0,0.0,0.0,0.0,0.0,0.0,0.0,0.0,0.0,0.0,0.0,0.0,0.0,0.0,0.0,0.0,0.0,0.0,0.0,0.0,0.0,0.0,0.0,0.0,0.0
2017-05-28 04:39:00+02:00,0.0,0.0,0.0,0.0,0.0,0.0,0.0,0.0,0.0,0.0,0.0,0.0,0.0,0.0,0.0,0.0,0.0,0.0,0.0,0.0,0.0,0.0,0.0,0.0,0.0,0.0,0.0,0.0,0.0,0.0,0.0,0.0,0.0,0.0,0.0,0.0,0.0,0.0,0.0,0.0,0.0,0.0,0.0,0.0,0.0,0.0,0.0,0.0,0.0,0.0,0.0,0.0,0.0,0.0,0.0,0.0,0.0,0.0,0.0,0.0,0.0,0.0,0.0,0.0,0.0,0.0,0.0,0.0,0.0,0.0,0.0,0.0,0.0,0.0,0.0,0.0,0.0,0.0,0.0,0.0,0.0,0.0,0.0,0.0,0.0,0.0,0.0,0.0,0.0,0.0,0.0,0.0,0.0,0.0,0.0,0.0,0.0,0.0,0.0,0.0,0.0,0.0,0.0,0.0,0.0,0.0,0.0,0.0,0.0,0.0,0.0,0.0,0.0,0.0,0.0,0.0,0.0,0.0
2017-05-28 04:40:00+02:00,0.0,0.0,0.0,0.0,0.0,0.0,0.0,0.0,0.0,0.0,0.0,0.0,0.0,0.0,0.0,0.0,0.0,0.0,0.0,0.0,0.0,0.0,0.0,0.0,0.0,0.0,0.0,0.0,0.0,0.0,0.0,0.0,0.0,0.0,0.0,0.0,0.0,0.0,0.0,0.0,0.0,0.0,0.0,0.0,0.0,0.0,0.0,0.0,0.0,0.0,0.0,0.0,0.0,0.0,0.0,0.0,0.0,0.0,0.0,0.0,0.0,0.0,0.0,0.0,0.0,0.0,0.0,0.0,0.0,0.0,0.0,0.0,0.0,0.0,0.0,0.0,0.0,0.0,0.0,0.0,0.0,0.0,0.0,0.0,0.0,0.0,0.0,0.0,0.0,0.0,0.0,0.0,0.0,0.0,0.0,0.0,0.0,0.0,0.0,0.0,0.0,0.0,0.0,0.0,0.0,0.0,0.0,0.0,0.0,0.0,0.0,0.0,0.0,0.0,0.0,0.0,0.0,0.0
2017-05-28 04:41:00+02:00,0.0,0.0,0.0,0.0,0.0,0.0,0.0,0.0,0.0,0.0,0.0,0.0,0.0,0.0,0.0,0.0,0.0,0.0,0.0,0.0,0.0,0.0,0.0,0.0,0.0,0.0,0.0,0.0,0.0,0.0,0.0,0.0,0.0,0.0,0.0,0.0,0.0,0.0,0.0,0.0,0.0,0.0,0.0,0.0,0.0,0.0,0.0,0.0,0.0,0.0,0.0,0.0,0.0,0.0,0.0,0.0,0.0,0.0,0.0,0.0,0.0,0.0,0.0,0.0,0.0,0.0,0.0,0.0,0.0,0.0,0.0,0.0,0.0,0.0,0.0,0.0,0.0,0.0,0.0,0.0,0.0,0.0,0.0,0.0,0.0,0.0,0.0,0.0,0.0,0.0,0.0,0.0,0.0,0.0,0.0,0.0,0.0,0.0,0.0,0.0,0.0,0.0,0.0,0.0,0.0,0.0,0.0,0.0,0.0,0.0,0.0,0.0,0.0,0.0,0.0,0.0,0.0,0.0
2017-05-28 04:42:00+02:00,0.0,0.0,0.0,0.0,0.0,0.0,0.0,0.0,0.0,0.0,0.0,0.0,0.0,0.0,0.0,0.0,0.0,0.0,0.0,0.0,0.0,0.0,0.0,0.0,0.0,0.0,0.0,0.0,0.0,0.0,0.0,0.0,0.0,0.0,0.0,0.0,0.0,0.0,0.0,0.0,0.0,0.0,0.0,0.0,0.0,0.0,0.0,0.0,0.0,0.0,0.0,0.0,0.0,0.0,0.0,0.0,0.0,0.0,0.0,0.0,0.0,0.0,0.0,0.0,0.0,0.0,0.0,0.0,0.0,0.0,0.0,0.0,0.0,0.0,0.0,0.0,0.0,0.0,0.0,0.0,0.0,0.0,0.0,0.0,0.0,0.0,0.0,0.0,0.0,0.0,0.0,0.0,0.0,0.0,0.0,0.0,0.0,0.0,0.0,0.0,0.0,0.0,0.0,0.0,0.0,0.0,0.0,0.0,0.0,0.0,0.0,0.0,0.0,0.0,0.0,0.0,0.0,0.0
2017-05-28 04:43:00+02:00,0.0,0.0,0.0,0.0,0.0,0.0,0.0,0.0,0.0,0.0,0.0,0.0,0.0,0.0,0.0,0.0,0.0,0.0,0.0,0.0,0.0,0.0,0.0,0.0,0.0,0.0,0.0,0.0,0.0,0.0,0.0,0.0,0.0,0.0,0.0,0.0,0.0,0.0,0.0,0.0,0.0,0.0,0.0,0.0,0.0,0.0,0.0,0.0,0.0,0.0,0.0,0.0,0.0,0.0,0.0,0.0,0.0,0.0,0.0,0.0,0.0,0.0,0.0,0.0,0.0,0.0,0.0,0.0,0.0,0.0,0.0,0.0,0.0,0.0,0.0,0.0,0.0,0.0,0.0,0.0,0.0,0.0,0.0,0.0,0.0,0.0,0.0,0.0,0.0,0.0,0.0,0.0,0.0,0.0,0.0,0.0,0.0,0.0,0.0,0.0,0.0,0.0,0.0,0.0,0.0,0.0,0.0,0.0,0.0,0.0,0.0,0.0,0.0,0.0,0.0,0.0,0.0,0.0
2017-05-28 04:44:00+02:00,0.0,0.0,0.0,0.0,0.0,0.0,0.0,0.0,0.0,0.0,0.0,0.0,0.0,0.0,0.0,0.0,0.0,0.0,0.0,0.0,0.0,0.0,0.0,0.0,0.0,0.0,0.0,0.0,0.0,0.0,0.0,0.0,0.0,0.0,0.0,0.0,0.0,0.0,0.0,0.0,0.0,0.0,0.0,0.0,0.0,0.0,0.0,0.0,0.0,0.0,0.0,0.0,0.0,0.0,0.0,0.0,0.0,0.0,0.0,0.0,0.0,0.0,0.0,0.0,0.0,0.0,0.0,0.0,0.0,0.0,0.0,0.0,0.0,0.0,0.0,0.0,0.0,0.0,0.0,0.0,0.0,0.0,0.0,0.0,0.0,0.0,0.0,0.0,0.0,0.0,0.0,0.0,0.0,0.0,0.0,0.0,0.0,0.0,0.0,0.0,0.0,0.0,0.0,0.0,0.0,0.0,0.0,0.0,0.0,0.0,0.0,0.0,0.0,0.0,0.0,0.0,0.0,0.0
2017-05-28 04:45:00+02:00,0.0,0.0,0.0,0.0,0.0,0.0,0.0,0.0,0.0,0.0,0.0,0.0,0.0,0.0,0.0,0.0,0.0,0.0,0.0,0.0,0.0,0.0,0.0,0.0,0.0,0.0,0.0,0.0,0.0,0.0,0.0,0.0,0.0,0.0,0.0,0.0,0.0,0.0,0.0,0.0,0.0,0.0,0.0,0.0,0.0,0.0,0.0,0.0,0.0,0.0,0.0,0.0,0.0,0.0,0.0,0.0,0.0,0.0,0.0,0.0,0.0,0.0,0.0,0.0,0.0,0.0,0.0,0.0,0.0,0.0,0.0,0.0,0.0,0.0,0.0,0.0,0.0,0.0,0.0,0.0,0.0,0.0,0.0,0.0,0.0,0.0,0.0,0.0,0.0,0.0,0.0,0.0,0.0,0.0,0.0,0.0,0.0,0.0,0.0,0.0,0.0,0.0,0.0,0.0,0.0,0.0,0.0,0.0,0.0,0.0,0.0,0.0,0.0,0.0,0.0,0.0,0.0,0.0
2017-05-28 04:46:00+02:00,0.0,0.0,0.0,0.0,0.0,0.0,0.0,0.0,0.0,0.0,0.0,0.0,0.0,0.0,0.0,0.0,0.0,0.0,0.0,0.0,0.0,0.0,0.0,0.0,0.0,0.0,0.0,0.0,0.0,0.0,0.0,0.0,0.0,0.0,0.0,0.0,0.0,0.0,0.0,0.0,0.0,0.0,0.0,0.0,0.0,0.0,0.0,0.0,0.0,0.0,0.0,0.0,0.0,0.0,0.0,0.0,0.0,0.0,0.0,0.0,0.0,0.0,0.0,0.0,0.0,0.0,0.0,0.0,0.0,0.0,0.0,0.0,0.0,0.0,0.0,0.0,0.0,0.0,0.0,0.0,0.0,0.0,0.0,0.0,0.0,0.0,0.0,0.0,0.0,0.0,0.0,0.0,0.0,0.0,0.0,0.0,0.0,0.0,0.0,0.0,0.0,0.0,0.0,0.0,0.0,0.0,0.0,0.0,0.0,0.0,0.0,0.0,0.0,0.0,0.0,0.0,0.0,0.0
2017-05-28 04:47:00+02:00,0.0,0.0,0.0,0.0,0.0,0.0,0.0,0.0,0.0,0.0,0.0,0.0,0.0,0.0,0.0,0.0,0.0,0.0,0.0,0.0,0.0,0.0,0.0,0.0,0.0,0.0,0.0,0.0,0.0,0.0,0.0,0.0,0.0,0.0,0.0,0.0,0.0,0.0,0.0,0.0,0.0,0.0,0.0,0.0,0.0,0.0,0.0,0.0,0.0,0.0,0.0,0.0,0.0,0.0,0.0,0.0,0.0,0.0,0.0,0.0,0.0,0.0,0.0,0.0,0.0,0.0,0.0,0.0,0.0,0.0,0.0,0.0,0.0,0.0,0.0,0.0,0.0,0.0,0.0,0.0,0.0,0.0,0.0,0.0,0.0,0.0,0.0,0.0,0.0,0.0,0.0,0.0,0.0,0.0,0.0,0.0,0.0,0.0,0.0,0.0,0.0,0.0,0.0,0.0,0.0,0.0,0.0,0.0,0.0,0.0,0.0,0.0,0.0,0.0,0.0,0.0,0.0,0.0
2017-05-28 04:48:00+02:00,0.0,0.0,0.0,0.0,0.0,0.0,0.0,0.0,0.0,0.0,0.0,0.0,0.0,0.0,0.0,0.0,0.0,0.0,0.0,0.0,0.0,0.0,0.0,0.0,0.0,0.0,0.0,0.0,0.0,0.0,0.0,0.0,0.0,0.0,0.0,0.0,0.0,0.0,0.0,0.0,0.0,0.0,0.0,0.0,0.0,0.0,0.0,0.0,0.0,0.0,0.0,0.0,0.0,0.0,0.0,0.0,0.0,0.0,0.0,0.0,0.0,0.0,0.0,0.0,0.0,0.0,0.0,0.0,0.0,0.0,0.0,0.0,0.0,0.0,0.0,0.0,0.0,0.0,0.0,0.0,0.0,0.0,0.0,0.0,0.0,0.0,0.0,0.0,0.0,0.0,0.0,0.0,0.0,0.0,0.0,0.0,0.0,0.0,0.0,0.0,0.0,0.0,0.0,0.0,0.0,0.0,0.0,0.0,0.0,0.0,0.0,0.0,0.0,0.0,0.0,0.0,0.0,0.0
2017-05-28 04:49:00+02:00,0.0,0.0,0.0,0.0,0.0,0.0,0.0,0.0,0.0,0.0,0.0,0.0,0.0,0.0,0.0,0.0,0.0,0.0,0.0,0.0,0.0,0.0,0.0,0.0,0.0,0.0,0.0,0.0,0.0,0.0,0.0,0.0,0.0,0.0,0.0,0.0,0.0,0.0,0.0,0.0,0.0,0.0,0.0,0.0,0.0,0.0,0.0,0.0,0.0,0.0,0.0,0.0,0.0,0.0,0.0,0.0,0.0,0.0,0.0,0.0,0.0,0.0,0.0,0.0,0.0,0.0,0.0,0.0,0.0,0.0,0.0,0.0,0.0,0.0,0.0,0.0,0.0,0.0,0.0,0.0,0.0,0.0,0.0,0.0,0.0,0.0,0.0,0.0,0.0,0.0,0.0,0.0,0.0,0.0,0.0,0.0,0.0,0.0,0.0,0.0,0.0,0.0,0.0,0.0,0.0,0.0,0.0,0.0,0.0,0.0,0.0,0.0,0.0,0.0,0.0,0.0,0.0,0.0
2017-05-28 04:50:00+02:00,0.0,0.0,0.0,0.0,0.0,0.0,0.0,0.0,0.0,0.0,0.0,0.0,0.0,0.0,0.0,0.0,0.0,0.0,0.0,0.0,0.0,0.0,0.0,0.0,0.0,0.0,0.0,0.0,0.0,0.0,0.0,0.0,0.0,0.0,0.0,0.0,0.0,0.0,0.0,0.0,0.0,0.0,0.0,0.0,0.0,0.0,0.0,0.0,0.0,0.0,0.0,0.0,0.0,0.0,0.0,0.0,0.0,0.0,0.0,0.0,0.0,0.0,0.0,0.0,0.0,0.0,0.0,0.0,0.0,0.0,0.0,0.0,0.0,0.0,0.0,0.0,0.0,0.0,0.0,0.0,0.0,0.0,0.0,0.0,0.0,0.0,0.0,0.0,0.0,0.0,0.0,0.0,0.0,0.0,0.0,0.0,0.0,0.0,0.0,0.0,0.0,0.0,0.0,0.0,0.0,0.0,0.0,0.0,0.0,0.0,0.0,0.0,0.0,0.0,0.0,0.0,0.0,0.0
2017-05-28 04:51:00+02:00,0.0,0.0,0.0,0.0,0.0,0.0,0.0,0.0,0.0,0.0,0.0,0.0,0.0,0.0,0.0,0.0,0.0,0.0,0.0,0.0,0.0,0.0,0.0,0.0,0.0,0.0,0.0,0.0,0.0,0.0,0.0,0.0,0.0,0.0,0.0,0.0,0.0,0.0,0.0,0.0,0.0,0.0,0.0,0.0,0.0,0.0,0.0,0.0,0.0,0.0,0.0,0.0,0.0,0.0,0.0,0.0,0.0,0.0,0.0,0.0,0.0,0.0,0.0,0.0,0.0,0.0,0.0,0.0,0.0,0.0,0.0,0.0,0.0,0.0,0.0,0.0,0.0,0.0,0.0,0.0,0.0,0.0,0.0,0.0,0.0,0.0,0.0,0.0,0.0,0.0,0.0,0.0,0.0,0.0,0.0,0.0,0.0,0.0,0.0,0.0,0.0,0.0,0.0,0.0,0.0,0.0,0.0,0.0,0.0,0.0,0.0,0.0,0.0,0.0,0.0,0.0,0.0,0.0
2017-05-28 04:52:00+02:00,0.0,0.0,0.0,0.0,0.0,0.0,0.0,0.0,0.0,0.0,0.0,0.0,0.0,0.0,0.0,0.0,0.0,0.0,0.0,0.0,0.0,0.0,0.0,0.0,0.0,0.0,0.0,0.0,0.0,0.0,0.0,0.0,0.0,0.0,0.0,0.0,0.0,0.0,0.0,0.0,0.0,0.0,0.0,0.0,0.0,0.0,0.0,0.0,0.0,0.0,0.0,0.0,0.0,0.0,0.0,0.0,0.0,0.0,0.0,0.0,0.0,0.0,0.0,0.0,0.0,0.0,0.0,0.0,0.0,0.0,0.0,0.0,0.0,0.0,0.0,0.0,0.0,0.0,0.0,0.0,0.0,0.0,0.0,0.0,0.0,0.0,0.0,0.0,0.0,0.0,0.0,0.0,0.0,0.0,0.0,0.0,0.0,0.0,0.0,0.0,0.0,0.0,0.0,0.0,0.0,0.0,0.0,0.0,0.0,0.0,0.0,0.0,0.0,0.0,0.0,0.0,0.0,0.0
2017-05-28 04:53:00+02:00,0.0,0.0,0.0,0.0,0.0,0.0,0.0,0.0,0.0,0.0,0.0,0.0,0.0,0.0,0.0,0.0,0.0,0.0,0.0,0.0,0.0,0.0,0.0,0.0,0.0,0.0,0.0,0.0,0.0,0.0,0.0,0.0,0.0,0.0,0.0,0.0,0.0,0.0,0.0,0.0,0.0,0.0,0.0,0.0,0.0,0.0,0.0,0.0,0.0,0.0,0.0,0.0,0.0,0.0,0.0,0.0,0.0,0.0,0.0,0.0,0.0,0.0,0.0,0.0,0.0,0.0,0.0,0.0,0.0,0.0,0.0,0.0,0.0,0.0,0.0,0.0,0.0,0.0,0.0,0.0,0.0,0.0,0.0,0.0,0.0,0.0,0.0,0.0,0.0,0.0,0.0,0.0,0.0,0.0,0.0,0.0,0.0,0.0,0.0,0.0,0.0,0.0,0.0,0.0,0.0,0.0,0.0,0.0,0.0,0.0,0.0,0.0,0.0,0.0,0.0,0.0,0.0,0.0
2017-05-28 04:54:00+02:00,0.0,0.0,0.0,0.0,0.0,0.0,0.0,0.0,0.0,0.0,0.0,0.0,0.0,0.0,0.0,0.0,0.0,0.0,0.0,0.0,0.0,0.0,0.0,0.0,0.0,0.0,0.0,0.0,0.0,0.0,0.0,0.0,0.0,0.0,0.0,0.0,0.0,0.0,0.0,0.0,0.0,0.0,0.0,0.0,0.0,0.0,0.0,0.0,0.0,0.0,0.0,0.0,0.0,0.0,0.0,0.0,0.0,0.0,0.0,0.0,0.0,0.0,0.0,0.0,0.0,0.0,0.0,0.0,0.0,0.0,0.0,0.0,0.0,0.0,0.0,0.0,0.0,0.0,0.0,0.0,0.0,0.0,0.0,0.0,0.0,0.0,0.0,0.0,0.0,0.0,0.0,0.0,0.0,0.0,0.0,0.0,0.0,0.0,0.0,0.0,0.0,0.0,0.0,0.0,0.0,0.0,0.0,0.0,0.0,0.0,0.0,0.0,0.0,0.0,0.0,0.0,0.0,0.0
2017-05-28 04:55:00+02:00,0.0,0.0,0.0,0.0,0.0,0.0,0.0,0.0,0.0,0.0,0.0,0.0,0.0,0.0,0.0,0.0,0.0,0.0,0.0,0.0,0.0,0.0,0.0,0.0,0.0,0.0,0.0,0.0,0.0,0.0,0.0,0.0,0.0,0.0,0.0,0.0,0.0,0.0,0.0,0.0,0.0,0.0,0.0,0.0,0.0,0.0,0.0,0.0,0.0,0.0,0.0,0.0,0.0,0.0,0.0,0.0,0.0,0.0,0.0,0.0,0.0,0.0,0.0,0.0,0.0,0.0,0.0,0.0,0.0,0.0,0.0,0.0,0.0,0.0,0.0,0.0,0.0,0.0,0.0,0.0,0.0,0.0,0.0,0.0,0.0,0.0,0.0,0.0,0.0,0.0,0.0,0.0,0.0,0.0,0.0,0.0,0.0,0.0,0.0,0.0,0.0,0.0,0.0,0.0,0.0,0.0,0.0,0.0,0.0,0.0,0.0,0.0,0.0,0.0,0.0,0.0,0.0,0.0
2017-05-28 04:56:00+02:00,0.0,0.0,0.0,0.0,0.0,0.0,0.0,0.0,0.0,0.0,0.0,0.0,0.0,0.0,0.0,0.0,0.0,0.0,0.0,0.0,0.0,0.0,0.0,0.0,0.0,0.0,0.0,0.0,0.0,0.0,0.0,0.0,0.0,0.0,0.0,0.0,0.0,0.0,0.0,0.0,0.0,0.0,0.0,0.0,0.0,0.0,0.0,0.0,0.0,0.0,0.0,0.0,0.0,0.0,0.0,0.0,0.0,0.0,0.0,0.0,0.0,0.0,0.0,0.0,0.0,0.0,0.0,0.0,0.0,0.0,0.0,0.0,0.0,0.0,0.0,0.0,0.0,0.0,0.0,0.0,0.0,0.0,0.0,0.0,0.0,0.0,0.0,0.0,0.0,0.0,0.0,0.0,0.0,0.0,0.0,0.0,0.0,0.0,0.0,0.0,0.0,0.0,0.0,0.0,0.0,0.0,0.0,0.0,0.0,0.0,0.0,0.0,0.0,0.0,0.0,0.0,0.0,0.0
2017-05-28 04:57:00+02:00,0.0,0.0,0.0,0.0,0.0,0.0,0.0,0.0,0.0,0.0,0.0,0.0,0.0,0.0,0.0,0.0,0.0,0.0,0.0,0.0,0.0,0.0,0.0,0.0,0.0,0.0,0.0,0.0,0.0,0.0,0.0,0.0,0.0,0.0,0.0,0.0,0.0,0.0,0.0,0.0,0.0,0.0,0.0,0.0,0.0,0.0,0.0,0.0,0.0,0.0,0.0,0.0,0.0,0.0,0.0,0.0,0.0,0.0,0.0,0.0,0.0,0.0,0.0,0.0,0.0,0.0,0.0,0.0,0.0,0.0,0.0,0.0,0.0,0.0,0.0,0.0,0.0,0.0,0.0,0.0,0.0,0.0,0.0,0.0,0.0,0.0,0.0,0.0,0.0,0.0,0.0,0.0,0.0,0.0,0.0,0.0,0.0,0.0,0.0,0.0,0.0,0.0,0.0,0.0,0.0,0.0,0.0,0.0,0.0,0.0,0.0,0.0,0.0,0.0,0.0,0.0,0.0,0.0
2017-05-28 04:58:00+02:00,0.0,0.0,0.0,0.0,0.0,0.0,0.0,0.0,0.0,0.0,0.0,0.0,0.0,0.0,0.0,0.0,0.0,0.0,0.0,0.0,0.0,0.0,0.0,0.0,0.0,0.0,0.0,0.0,0.0,0.0,0.0,0.0,0.0,0.0,0.0,0.0,0.0,0.0,0.0,0.0,0.0,0.0,0.0,0.0,0.0,0.0,0.0,0.0,0.0,0.0,0.0,0.0,0.0,0.0,0.0,0.0,0.0,0.0,0.0,0.0,0.0,0.0,0.0,0.0,0.0,0.0,0.0,0.0,0.0,0.0,0.0,0.0,0.0,0.0,0.0,0.0,0.0,0.0,0.0,0.0,0.0,0.0,0.0,0.0,0.0,0.0,0.0,0.0,0.0,0.0,0.0,0.0,0.0,0.0,0.0,0.0,0.0,0.0,0.0,0.0,0.0,0.0,0.0,0.0,0.0,0.0,0.0,0.0,0.0,0.0,0.0,0.0,0.0,0.0,0.0,0.0,0.0,0.0
2017-05-28 04:59:00+02:00,0.0,0.0,0.0,0.0,0.0,0.0,0.0,0.0,0.0,0.0,0.0,0.0,0.0,0.0,0.0,0.0,0.0,0.0,0.0,0.0,0.0,0.0,0.0,0.0,0.0,0.0,0.0,0.0,0.0,0.0,0.0,0.0,0.0,0.0,0.0,0.0,0.0,0.0,0.0,0.0,0.0,0.0,0.0,0.0,0.0,0.0,0.0,0.0,0.0,0.0,0.0,0.0,0.0,0.0,0.0,0.0,0.0,0.0,0.0,0.0,0.0,0.0,0.0,0.0,0.0,0.0,0.0,0.0,0.0,0.0,0.0,0.0,0.0,0.0,0.0,0.0,0.0,0.0,0.0,0.0,0.0,0.0,0.0,0.0,0.0,0.0,0.0,0.0,0.0,0.0,0.0,0.0,0.0,0.0,0.0,0.0,0.0,0.0,0.0,0.0,0.0,0.0,0.0,0.0,0.0,0.0,0.0,0.0,0.0,0.0,0.0,0.0,0.0,0.0,0.0,0.0,0.0,0.0
2017-05-28 05:00:00+02:00,0.0,0.0,0.0,0.0,0.0,0.0,0.0,0.0,0.0,0.0,0.0,0.0,0.0,0.0,0.0,0.0,0.0,0.0,0.0,0.0,0.0,0.0,0.0,0.0,0.0,0.0,0.0,0.0,0.0,0.0,0.0,0.0,0.0,0.0,0.0,0.0,0.0,0.0,0.0,0.0,0.0,0.0,0.0,0.0,0.0,0.0,0.0,0.0,0.0,0.0,0.0,0.0,0.0,0.0,0.0,0.0,0.0,0.0,0.0,0.0,0.0,0.0,0.0,0.0,0.0,0.0,0.0,0.0,0.0,0.0,0.0,0.0,0.0,0.0,0.0,0.0,0.0,0.0,0.0,0.0,0.0,0.0,0.0,0.0,0.0,0.0,0.0,0.0,0.0,0.0,0.0,0.0,0.0,0.0,0.0,0.0,0.0,0.0,0.0,0.0,0.0,0.0,0.0,0.0,0.0,0.0,0.0,0.0,0.0,0.0,0.0,0.0,0.0,0.0,0.0,0.0,0.0,0.0
2017-05-28 05:01:00+02:00,0.0,0.0,0.0,0.0,0.0,0.0,0.0,0.0,0.0,0.0,0.0,0.0,0.0,0.0,0.0,0.0,0.0,0.0,0.0,0.0,0.0,0.0,0.0,0.0,0.0,0.0,0.0,0.0,0.0,0.0,0.0,0.0,0.0,0.0,0.0,0.0,0.0,0.0,0.0,0.0,0.0,0.0,0.0,0.0,0.0,0.0,0.0,0.0,0.0,0.0,0.0,0.0,0.0,0.0,0.0,0.0,0.0,0.0,0.0,0.0,0.0,0.0,0.0,0.0,0.0,0.0,0.0,0.0,0.0,0.0,0.0,0.0,0.0,0.0,0.0,0.0,0.0,0.0,0.0,0.0,0.0,0.0,0.0,0.0,0.0,0.0,0.0,0.0,0.0,0.0,0.0,0.0,0.0,0.0,0.0,0.0,0.0,0.0,0.0,0.0,0.0,0.0,0.0,0.0,0.0,0.0,0.0,0.0,0.0,0.0,0.0,0.0,0.0,0.0,0.0,0.0,0.0,0.0
2017-05-28 05:02:00+02:00,0.0,0.0,0.0,0.0,0.0,0.0,0.0,0.0,0.0,0.0,0.0,0.0,0.0,0.0,0.0,0.0,0.0,0.0,0.0,0.0,0.0,0.0,0.0,0.0,0.0,0.0,0.0,0.0,0.0,0.0,0.0,0.0,0.0,0.0,0.0,0.0,0.0,0.0,0.0,0.0,0.0,0.0,0.0,0.0,0.0,0.0,0.0,0.0,0.0,0.0,0.0,0.0,0.0,0.0,0.0,0.0,0.0,0.0,0.0,0.0,0.0,0.0,0.0,0.0,0.0,0.0,0.0,0.0,0.0,0.0,0.0,0.0,0.0,0.0,0.0,0.0,0.0,0.0,0.0,0.0,0.0,0.0,0.0,0.0,0.0,0.0,0.0,0.0,0.0,0.0,0.0,0.0,0.0,0.0,0.0,0.0,0.0,0.0,0.0,0.0,0.0,0.0,0.0,0.0,0.0,0.0,0.0,0.0,0.0,0.0,0.0,0.0,0.0,0.0,0.0,0.0,0.0,0.0
2017-05-28 05:03:00+02:00,0.0,0.0,0.0,0.0,0.0,0.0,0.0,0.0,0.0,0.0,0.0,0.0,0.0,0.0,0.0,0.0,0.0,0.0,0.0,0.0,0.0,0.0,0.0,0.0,0.0,0.0,0.0,0.0,0.0,0.0,0.0,0.0,0.0,0.0,0.0,0.0,0.0,0.0,0.0,0.0,0.0,0.0,0.0,0.0,0.0,0.0,0.0,0.0,0.0,0.0,0.0,0.0,0.0,0.0,0.0,0.0,0.0,0.0,0.0,0.0,0.0,0.0,0.0,0.0,0.0,0.0,0.0,0.0,0.0,0.0,0.0,0.0,0.0,0.0,0.0,0.0,0.0,0.0,0.0,0.0,0.0,0.0,0.0,0.0,0.0,0.0,0.0,0.0,0.0,0.0,0.0,0.0,0.0,0.0,0.0,0.0,0.0,0.0,0.0,0.0,0.0,0.0,0.0,0.0,0.0,0.0,0.0,0.0,0.0,0.0,0.0,0.0,0.0,0.0,0.0,0.0,0.0,0.0
2017-05-28 05:04:00+02:00,0.0,0.0,0.0,0.0,0.0,0.0,0.0,0.0,0.0,0.0,0.0,0.0,0.0,0.0,0.0,0.0,0.0,0.0,0.0,0.0,0.0,0.0,0.0,0.0,0.0,0.0,0.0,0.0,0.0,0.0,0.0,0.0,0.0,0.0,0.0,0.0,0.0,0.0,0.0,0.0,0.0,0.0,0.0,0.0,0.0,0.0,0.0,0.0,0.0,0.0,0.0,0.0,0.0,0.0,0.0,0.0,0.0,0.0,0.0,0.0,0.0,0.0,0.0,0.0,0.0,0.0,0.0,0.0,0.0,0.0,0.0,0.0,0.0,0.0,0.0,0.0,0.0,0.0,0.0,0.0,0.0,0.0,0.0,0.0,0.0,0.0,0.0,0.0,0.0,0.0,0.0,0.0,0.0,0.0,0.0,0.0,0.0,0.0,0.0,0.0,0.0,0.0,0.0,0.0,0.0,0.0,0.0,0.0,0.0,0.0,0.0,0.0,0.0,0.0,0.0,0.0,0.0,0.0
2017-05-28 05:05:00+02:00,0.0,0.0,0.0,0.0,0.0,0.0,0.0,0.0,0.0,0.0,0.0,0.0,0.0,0.0,0.0,0.0,0.0,0.0,0.0,0.0,0.0,0.0,0.0,0.0,0.0,0.0,0.0,0.0,0.0,0.0,0.0,0.0,0.0,0.0,0.0,0.0,0.0,0.0,0.0,0.0,0.0,0.0,0.0,0.0,0.0,0.0,0.0,0.0,0.0,0.0,0.0,0.0,0.0,0.0,0.0,0.0,0.0,0.0,0.0,0.0,0.0,0.0,0.0,0.0,0.0,0.0,0.0,0.0,0.0,0.0,0.0,0.0,0.0,0.0,0.0,0.0,0.0,0.0,0.0,0.0,0.0,0.0,0.0,0.0,0.0,0.0,0.0,0.0,0.0,0.0,0.0,0.0,0.0,0.0,0.0,0.0,0.0,0.0,0.0,0.0,0.0,0.0,0.0,0.0,0.0,0.0,0.0,0.0,0.0,0.0,0.0,0.0,0.0,0.0,0.0,0.0,0.0,0.0
2017-05-28 05:06:00+02:00,0.0,0.0,0.0,0.0,0.0,0.0,0.0,0.0,0.0,0.0,0.0,0.0,0.0,0.0,0.0,0.0,0.0,0.0,0.0,0.0,0.0,0.0,0.0,0.0,0.0,0.0,0.0,0.0,0.0,0.0,0.0,0.0,0.0,0.0,0.0,0.0,0.0,0.0,0.0,0.0,0.0,0.0,0.0,0.0,0.0,0.0,0.0,0.0,0.0,0.0,0.0,0.0,0.0,0.0,0.0,0.0,0.0,0.0,0.0,0.0,0.0,0.0,0.0,0.0,0.0,0.0,0.0,0.0,0.0,0.0,0.0,0.0,0.0,0.0,0.0,0.0,0.0,0.0,0.0,0.0,0.0,0.0,0.0,0.0,0.0,0.0,0.0,0.0,0.0,0.0,0.0,0.0,0.0,0.0,0.0,0.0,0.0,0.0,0.0,0.0,0.0,0.0,0.0,0.0,0.0,0.0,0.0,0.0,0.0,0.0,0.0,0.0,0.0,0.0,0.0,0.0,0.0,0.0
2017-05-28 05:07:00+02:00,0.0,0.0,0.0,0.0,0.0,0.0,0.0,0.0,0.0,0.0,0.0,0.0,0.0,0.0,0.0,0.0,0.0,0.0,0.0,0.0,0.0,0.0,0.0,0.0,0.0,0.0,0.0,0.0,0.0,0.0,0.0,0.0,0.0,0.0,0.0,0.0,0.0,0.0,0.0,0.0,0.0,0.0,0.0,0.0,0.0,0.0,0.0,0.0,0.0,0.0,0.0,0.0,0.0,0.0,0.0,0.0,0.0,0.0,0.0,0.0,0.0,0.0,0.0,0.0,0.0,0.0,0.0,0.0,0.0,0.0,0.0,0.0,0.0,0.0,0.0,0.0,0.0,0.0,0.0,0.0,0.0,0.0,0.0,0.0,0.0,0.0,0.0,0.0,0.0,0.0,0.0,0.0,0.0,0.0,0.0,0.0,0.0,0.0,0.0,0.0,0.0,0.0,0.0,0.0,0.0,0.0,0.0,0.0,0.0,0.0,0.0,0.0,0.0,0.0,0.0,0.0,0.0,0.0
2017-05-28 05:08:00+02:00,0.0,0.0,0.0,0.0,0.0,0.0,0.0,0.0,0.0,0.0,0.0,0.0,0.0,0.0,0.0,0.0,0.0,0.0,0.0,0.0,0.0,0.0,0.0,0.0,0.0,0.0,0.0,0.0,0.0,0.0,0.0,0.0,0.0,0.0,0.0,0.0,0.0,0.0,0.0,0.0,0.0,0.0,0.0,0.0,0.0,0.0,0.0,0.0,0.0,0.0,0.0,0.0,0.0,0.0,0.0,0.0,0.0,0.0,0.0,0.0,0.0,0.0,0.0,0.0,0.0,0.0,0.0,0.0,0.0,0.0,0.0,0.0,0.0,0.0,0.0,0.0,0.0,0.0,0.0,0.0,0.0,0.0,0.0,0.0,0.0,0.0,0.0,0.0,0.0,0.0,0.0,0.0,0.0,0.0,0.0,0.0,0.0,0.0,0.0,0.0,0.0,0.0,0.0,0.0,0.0,0.0,0.0,0.0,0.0,0.0,0.0,0.0,0.0,0.0,0.0,0.0,0.0,0.0
2017-05-28 05:09:00+02:00,0.0,0.0,0.0,0.0,0.0,0.0,0.0,0.0,0.0,0.0,0.0,0.0,0.0,0.0,0.0,0.0,0.0,0.0,0.0,0.0,0.0,0.0,0.0,0.0,0.0,0.0,0.0,0.0,0.0,0.0,0.0,0.0,0.0,0.0,0.0,0.0,0.0,0.0,0.0,0.0,0.0,0.0,0.0,0.0,0.0,0.0,0.0,0.0,0.0,0.0,0.0,0.0,0.0,0.0,0.0,0.0,0.0,0.0,0.0,0.0,0.0,0.0,0.0,0.0,0.0,0.0,0.0,0.0,0.0,0.0,0.0,0.0,0.0,0.0,0.0,0.0,0.0,0.0,0.0,0.0,0.0,0.0,0.0,0.0,0.0,0.0,0.0,0.0,0.0,0.0,0.0,0.0,0.0,0.0,0.0,0.0,0.0,0.0,0.0,0.0,0.0,0.0,0.0,0.0,0.0,0.0,0.0,0.0,0.0,0.0,0.0,0.0,0.0,0.0,0.0,0.0,0.0,0.0
2017-05-28 05:10:00+02:00,0.0,0.0,0.0,0.0,0.0,0.0,0.0,0.0,0.0,0.0,0.0,0.0,0.0,0.0,0.0,0.0,0.0,0.0,0.0,0.0,0.0,0.0,0.0,0.0,0.0,0.0,0.0,0.0,0.0,0.0,0.0,0.0,0.0,0.0,0.0,0.0,0.0,0.0,0.0,0.0,0.0,0.0,0.0,0.0,0.0,0.0,0.0,0.0,0.0,0.0,0.0,0.0,0.0,0.0,0.0,0.0,0.0,0.0,0.0,0.0,0.0,0.0,0.0,0.0,0.0,0.0,0.0,0.0,0.0,0.0,0.0,0.0,0.0,0.0,0.0,0.0,0.0,0.0,0.0,0.0,0.0,0.0,0.0,0.0,0.0,0.0,0.0,0.0,0.0,0.0,0.0,0.0,0.0,0.0,0.0,0.0,0.0,0.0,0.0,0.0,0.0,0.0,0.0,0.0,0.0,0.0,0.0,0.0,0.0,0.0,0.0,0.0,0.0,0.0,0.0,0.0,0.0,0.0
2017-05-28 05:11:00+02:00,0.0,0.0,0.0,0.0,0.0,0.0,0.0,0.0,0.0,0.0,0.0,0.0,0.0,0.0,0.0,0.0,0.0,0.0,0.0,0.0,0.0,0.0,0.0,0.0,0.0,0.0,0.0,0.0,0.0,0.0,0.0,0.0,0.0,0.0,0.0,0.0,0.0,0.0,0.0,0.0,0.0,0.0,0.0,0.0,0.0,0.0,0.0,0.0,0.0,0.0,0.0,0.0,0.0,0.0,0.0,0.0,0.0,0.0,0.0,0.0,0.0,0.0,0.0,0.0,0.0,0.0,0.0,0.0,0.0,0.0,0.0,0.0,0.0,0.0,0.0,0.0,0.0,0.0,0.0,0.0,0.0,0.0,0.0,0.0,0.0,0.0,0.0,0.0,0.0,0.0,0.0,0.0,0.0,0.0,0.0,0.0,0.0,0.0,0.0,0.0,0.0,0.0,0.0,0.0,0.0,0.0,0.0,0.0,0.0,0.0,0.0,0.0,0.0,0.0,0.0,0.0,0.0,0.0
2017-05-28 05:12:00+02:00,0.0,0.0,0.0,0.0,0.0,0.0,0.0,0.0,0.0,0.0,0.0,0.0,0.0,0.0,0.0,0.0,0.0,0.0,0.0,0.0,0.0,0.0,0.0,0.0,0.0,0.0,0.0,0.0,0.0,0.0,0.0,0.0,0.0,0.0,0.0,0.0,0.0,0.0,0.0,0.0,0.0,0.0,0.0,0.0,0.0,0.0,0.0,0.0,0.0,0.0,0.0,0.0,0.0,0.0,0.0,0.0,0.0,0.0,0.0,0.0,0.0,0.0,0.0,0.0,0.0,0.0,0.0,0.0,0.0,0.0,0.0,0.0,0.0,0.0,0.0,0.0,0.0,0.0,0.0,0.0,0.0,0.0,0.0,0.0,0.0,0.0,0.0,0.0,0.0,0.0,0.0,0.0,0.0,0.0,0.0,0.0,0.0,0.0,0.0,0.0,0.0,0.0,0.0,0.0,0.0,0.0,0.0,0.0,0.0,0.0,0.0,0.0,0.0,0.0,0.0,0.0,0.0,0.0
2017-05-28 05:13:00+02:00,0.0,0.0,0.0,0.0,0.0,0.0,0.0,0.0,0.0,0.0,0.0,0.0,0.0,0.0,0.0,0.0,0.0,0.0,0.0,0.0,0.0,0.0,0.0,0.0,0.0,0.0,0.0,0.0,0.0,0.0,0.0,0.0,0.0,0.0,0.0,0.0,0.0,0.0,0.0,0.0,0.0,0.0,0.0,0.0,0.0,0.0,0.0,0.0,0.0,0.0,0.0,0.0,0.0,0.0,0.0,0.0,0.0,0.0,0.0,0.0,0.0,0.0,0.0,0.0,0.0,0.0,0.0,0.0,0.0,0.0,0.0,0.0,0.0,0.0,0.0,0.0,0.0,0.0,0.0,0.0,0.0,0.0,0.0,0.0,0.0,0.0,0.0,0.0,0.0,0.0,0.0,0.0,0.0,0.0,0.0,0.0,0.0,0.0,0.0,0.0,0.0,0.0,0.0,0.0,0.0,0.0,0.0,0.0,0.0,0.0,0.0,0.0,0.0,0.0,0.0,0.0,0.0,0.0
2017-05-28 05:14:00+02:00,0.0,0.0,0.0,0.0,0.0,0.0,0.0,0.0,0.0,0.0,0.0,0.0,0.0,0.0,0.0,0.0,0.0,0.0,0.0,0.0,0.0,0.0,0.0,0.0,0.0,0.0,0.0,0.0,0.0,0.0,0.0,0.0,0.0,0.0,0.0,0.0,0.0,0.0,0.0,0.0,0.0,0.0,0.0,0.0,0.0,0.0,0.0,0.0,0.0,0.0,0.0,0.0,0.0,0.0,0.0,0.0,0.0,0.0,0.0,0.0,0.0,0.0,0.0,0.0,0.0,0.0,0.0,0.0,0.0,0.0,0.0,0.0,0.0,0.0,0.0,0.0,0.0,0.0,0.0,0.0,0.0,0.0,0.0,0.0,0.0,0.0,0.0,0.0,0.0,0.0,0.0,0.0,0.0,0.0,0.0,0.0,0.0,0.0,0.0,0.0,0.0,0.0,0.0,0.0,0.0,0.0,0.0,0.0,0.0,0.0,0.0,0.0,0.0,0.0,0.0,0.0,0.0,0.0
2017-05-28 05:15:00+02:00,0.0,0.0,0.0,0.0,0.0,0.0,0.0,0.0,0.0,0.0,0.0,0.0,0.0,0.0,0.0,0.0,0.0,0.0,0.0,0.0,0.0,0.0,0.0,0.0,0.0,0.0,0.0,0.0,0.0,0.0,0.0,0.0,0.0,0.0,0.0,0.0,0.0,0.0,0.0,0.0,0.0,0.0,0.0,0.0,0.0,0.0,0.0,0.0,0.0,0.0,0.0,0.0,0.0,0.0,0.0,0.0,0.0,0.0,0.0,0.0,0.0,0.0,0.0,0.0,0.0,0.0,0.0,0.0,0.0,0.0,0.0,0.0,0.0,0.0,0.0,0.0,0.0,0.0,0.0,0.0,0.0,0.0,0.0,0.0,0.0,0.0,0.0,0.0,0.0,0.0,0.0,0.0,0.0,0.0,0.0,0.0,0.0,0.0,0.0,0.0,0.0,0.0,0.0,0.0,0.0,0.0,0.0,0.0,0.0,0.0,0.0,0.0,0.0,0.0,0.0,0.0,0.0,0.0
2017-05-28 05:16:00+02:00,0.0,0.0,0.0,0.0,0.0,0.0,0.0,0.0,0.0,0.0,0.0,0.0,0.0,0.0,0.0,0.0,0.0,0.0,0.0,0.0,0.0,0.0,0.0,0.0,0.0,0.0,0.0,0.0,0.0,0.0,0.0,0.0,0.0,0.0,0.0,0.0,0.0,0.0,0.0,0.0,0.0,0.0,0.0,0.0,0.0,0.0,0.0,0.0,0.0,0.0,0.0,0.0,0.0,0.0,0.0,0.0,0.0,0.0,0.0,0.0,0.0,0.0,0.0,0.0,0.0,0.0,0.0,0.0,0.0,0.0,0.0,0.0,0.0,0.0,0.0,0.0,0.0,0.0,0.0,0.0,0.0,0.0,0.0,0.0,0.0,0.0,0.0,0.0,0.0,0.0,0.0,0.0,0.0,0.0,0.0,0.0,0.0,0.0,0.0,0.0,0.0,0.0,0.0,0.0,0.0,0.0,0.0,0.0,0.0,0.0,0.0,0.0,0.0,0.0,0.0,0.0,0.0,0.0
2017-05-28 05:17:00+02:00,0.0,0.0,0.0,0.0,0.0,0.0,0.0,0.0,0.0,0.0,0.0,0.0,0.0,0.0,0.0,0.0,0.0,0.0,0.0,0.0,0.0,0.0,0.0,0.0,0.0,0.0,0.0,0.0,0.0,0.0,0.0,0.0,0.0,0.0,0.0,0.0,0.0,0.0,0.0,0.0,0.0,0.0,0.0,0.0,0.0,0.0,0.0,0.0,0.0,0.0,0.0,0.0,0.0,0.0,0.0,0.0,0.0,0.0,0.0,0.0,0.0,0.0,0.0,0.0,0.0,0.0,0.0,0.0,0.0,0.0,0.0,0.0,0.0,0.0,0.0,0.0,0.0,0.0,0.0,0.0,0.0,0.0,0.0,0.0,0.0,0.0,0.0,0.0,0.0,0.0,0.0,0.0,0.0,0.0,0.0,0.0,0.0,0.0,0.0,0.0,0.0,0.0,0.0,0.0,0.0,0.0,0.0,0.0,0.0,0.0,0.0,0.0,0.0,0.0,0.0,0.0,0.0,0.0
2017-05-28 05:18:00+02:00,0.0,0.0,0.0,0.0,0.0,0.0,0.0,0.0,0.0,0.0,0.0,0.0,0.0,0.0,0.0,0.0,0.0,0.0,0.0,0.0,0.0,0.0,0.0,0.0,0.0,0.0,0.0,0.0,0.0,0.0,0.0,0.0,0.0,0.0,0.0,0.0,0.0,0.0,0.0,0.0,0.0,0.0,0.0,0.0,0.0,0.0,0.0,0.0,0.0,0.0,0.0,0.0,0.0,0.0,0.0,0.0,0.0,0.0,0.0,0.0,0.0,0.0,0.0,0.0,0.0,0.0,0.0,0.0,0.0,0.0,0.0,0.0,0.0,0.0,0.0,0.0,0.0,0.0,0.0,0.0,0.0,0.0,0.0,0.0,0.0,0.0,0.0,0.0,0.0,0.0,0.0,0.0,0.0,0.0,0.0,0.0,0.0,0.0,0.0,0.0,0.0,0.0,0.0,0.0,0.0,0.0,0.0,0.0,0.0,0.0,0.0,0.0,0.0,0.0,0.0,0.0,0.0,0.0
2017-05-28 05:19:00+02:00,0.0,0.0,0.0,0.0,0.0,0.0,0.0,0.0,0.0,0.0,0.0,0.0,0.0,0.0,0.0,0.0,0.0,0.0,0.0,0.0,0.0,0.0,0.0,0.0,0.0,0.0,0.0,0.0,0.0,0.0,0.0,0.0,0.0,0.0,0.0,0.0,0.0,0.0,0.0,0.0,0.0,0.0,0.0,0.0,0.0,0.0,0.0,0.0,0.0,0.0,0.0,0.0,0.0,0.0,0.0,0.0,0.0,0.0,0.0,0.0,0.0,0.0,0.0,0.0,0.0,0.0,0.0,0.0,0.0,0.0,0.0,0.0,0.0,0.0,0.0,0.0,0.0,0.0,0.0,0.0,0.0,0.0,0.0,0.0,0.0,0.0,0.0,0.0,0.0,0.0,0.0,0.0,0.0,0.0,0.0,0.0,0.0,0.0,0.0,0.0,0.0,0.0,0.0,0.0,0.0,0.0,0.0,0.0,0.0,0.0,0.0,0.0,0.0,0.0,0.0,0.0,0.0,0.0
2017-05-28 05:20:00+02:00,0.0,0.0,0.0,0.0,0.0,0.0,0.0,0.0,0.0,0.0,0.0,0.0,0.0,0.0,0.0,0.0,0.0,0.0,0.0,0.0,0.0,0.0,0.0,0.0,0.0,0.0,0.0,0.0,0.0,0.0,0.0,0.0,0.0,0.0,0.0,0.0,0.0,0.0,0.0,0.0,0.0,0.0,0.0,0.0,0.0,0.0,0.0,0.0,0.0,0.0,0.0,0.0,0.0,0.0,0.0,0.0,0.0,0.0,0.0,0.0,0.0,0.0,0.0,0.0,0.0,0.0,0.0,0.0,0.0,0.0,0.0,0.0,0.0,0.0,0.0,0.0,0.0,0.0,0.0,0.0,0.0,0.0,0.0,0.0,0.0,0.0,0.0,0.0,0.0,0.0,0.0,0.0,0.0,0.0,0.0,0.0,0.0,0.0,0.0,0.0,0.0,0.0,0.0,0.0,0.0,0.0,0.0,0.0,0.0,0.0,0.0,0.0,0.0,0.0,0.0,0.0,0.0,0.0
2017-05-28 05:21:00+02:00,0.0,0.0,0.0,0.0,0.0,0.0,0.0,0.0,0.0,0.0,0.0,0.0,0.0,0.0,0.0,0.0,0.0,0.0,0.0,0.0,0.0,0.0,0.0,0.0,0.0,0.0,0.0,0.0,0.0,0.0,0.0,0.0,0.0,0.0,0.0,0.0,0.0,0.0,0.0,0.0,0.0,0.0,0.0,0.0,0.0,0.0,0.0,0.0,0.0,0.0,0.0,0.0,0.0,0.0,0.0,0.0,0.0,0.0,0.0,0.0,0.0,0.0,0.0,0.0,0.0,0.0,0.0,0.0,0.0,0.0,0.0,0.0,0.0,0.0,0.0,0.0,0.0,0.0,0.0,0.0,0.0,0.0,0.0,0.0,0.0,0.0,0.0,0.0,0.0,0.0,0.0,0.0,0.0,0.0,0.0,0.0,0.0,0.0,0.0,0.0,0.0,0.0,0.0,0.0,0.0,0.0,0.0,0.0,0.0,0.0,0.0,0.0,0.0,0.0,0.0,0.0,0.0,0.0
2017-05-28 05:22:00+02:00,0.0,0.0,0.0,0.0,0.0,0.0,0.0,0.0,0.0,0.0,0.0,0.0,0.0,0.0,0.0,0.0,0.0,0.0,0.0,0.0,0.0,0.0,0.0,0.0,0.0,0.0,0.0,0.0,0.0,0.0,0.0,0.0,0.0,0.0,0.0,0.0,0.0,0.0,0.0,0.0,0.0,0.0,0.0,0.0,0.0,0.0,0.0,0.0,0.0,0.0,0.0,0.0,0.0,0.0,0.0,0.0,0.0,0.0,0.0,0.0,0.0,0.0,0.0,0.0,0.0,0.0,0.0,0.0,0.0,0.0,0.0,0.0,0.0,0.0,0.0,0.0,0.0,0.0,0.0,0.0,0.0,0.0,0.0,0.0,0.0,0.0,0.0,0.0,0.0,0.0,0.0,0.0,0.0,0.0,0.0,0.0,0.0,0.0,0.0,0.0,0.0,0.0,0.0,0.0,0.0,0.0,0.0,0.0,0.0,0.0,0.0,0.0,0.0,0.0,0.0,0.0,0.0,0.0
2017-05-28 05:23:00+02:00,0.0,0.0,0.0,0.0,0.0,0.0,0.0,0.0,0.0,0.0,0.0,0.0,0.0,0.0,0.0,0.0,0.0,0.0,0.0,0.0,0.0,0.0,0.0,0.0,0.0,0.0,0.0,0.0,0.0,0.0,0.0,0.0,0.0,0.0,0.0,0.0,0.0,0.0,0.0,0.0,0.0,0.0,0.0,0.0,0.0,0.0,0.0,0.0,0.0,0.0,0.0,0.0,0.0,0.0,0.0,0.0,0.0,0.0,0.0,0.0,0.0,0.0,0.0,0.0,0.0,0.0,0.0,0.0,0.0,0.0,0.0,0.0,0.0,0.0,0.0,0.0,0.0,0.0,0.0,0.0,0.0,0.0,0.0,0.0,0.0,0.0,0.0,0.0,0.0,0.0,0.0,0.0,0.0,0.0,0.0,0.0,0.0,0.0,0.0,0.0,0.0,0.0,0.0,0.0,0.0,0.0,0.0,0.0,0.0,0.0,0.0,0.0,0.0,0.0,0.0,0.0,0.0,0.0
2017-05-28 05:24:00+02:00,0.0,0.0,0.0,0.0,0.0,0.0,0.0,0.0,0.0,0.0,0.0,0.0,0.0,0.0,0.0,0.0,0.0,0.0,0.0,0.0,0.0,0.0,0.0,0.0,0.0,0.0,0.0,0.0,0.0,0.0,0.0,0.0,0.0,0.0,0.0,0.0,0.0,0.0,0.0,0.0,0.0,0.0,0.0,0.0,0.0,0.0,0.0,0.0,0.0,0.0,0.0,0.0,0.0,0.0,0.0,0.0,0.0,0.0,0.0,0.0,0.0,0.0,0.0,0.0,0.0,0.0,0.0,0.0,0.0,0.0,0.0,0.0,0.0,0.0,0.0,0.0,0.0,0.0,0.0,0.0,0.0,0.0,0.0,0.0,0.0,0.0,0.0,0.0,0.0,0.0,0.0,0.0,0.0,0.0,0.0,0.0,0.0,0.0,0.0,0.0,0.0,0.0,0.0,0.0,0.0,0.0,0.0,0.0,0.0,0.0,0.0,0.0,0.0,0.0,0.0,0.0,0.0,0.0
2017-05-28 05:25:00+02:00,0.0,0.0,0.0,0.0,0.0,0.0,0.0,0.0,0.0,0.0,0.0,0.0,0.0,0.0,0.0,0.0,0.0,0.0,0.0,0.0,0.0,0.0,0.0,0.0,0.0,0.0,0.0,0.0,0.0,0.0,0.0,0.0,0.0,0.0,0.0,0.0,0.0,0.0,0.0,0.0,0.0,0.0,0.0,0.0,0.0,0.0,0.0,0.0,0.0,0.0,0.0,0.0,0.0,0.0,0.0,0.0,0.0,0.0,0.0,0.0,0.0,0.0,0.0,0.0,0.0,0.0,0.0,0.0,0.0,0.0,0.0,0.0,0.0,0.0,0.0,0.0,0.0,0.0,0.0,0.0,0.0,0.0,0.0,0.0,0.0,0.0,0.0,0.0,0.0,0.0,0.0,0.0,0.0,0.0,0.0,0.0,0.0,0.0,0.0,0.0,0.0,0.0,0.0,0.0,0.0,0.0,0.0,0.0,0.0,0.0,0.0,0.0,0.0,0.0,0.0,0.0,0.0,0.0
2017-05-28 05:26:00+02:00,0.0,0.0,0.0,0.0,0.0,0.0,0.0,0.0,0.0,0.0,0.0,0.0,0.0,0.0,0.0,0.0,0.0,0.0,0.0,0.0,0.0,0.0,0.0,0.0,0.0,0.0,0.0,0.0,0.0,0.0,0.0,0.0,0.0,0.0,0.0,0.0,0.0,0.0,0.0,0.0,0.0,0.0,0.0,0.0,0.0,0.0,0.0,0.0,0.0,0.0,0.0,0.0,0.0,0.0,0.0,0.0,0.0,0.0,0.0,0.0,0.0,0.0,0.0,0.0,0.0,0.0,0.0,0.0,0.0,0.0,0.0,0.0,0.0,0.0,0.0,0.0,0.0,0.0,0.0,0.0,0.0,0.0,0.0,0.0,0.0,0.0,0.0,0.0,0.0,0.0,0.0,0.0,0.0,0.0,0.0,0.0,0.0,0.0,0.0,0.0,0.0,0.0,0.0,0.0,0.0,0.0,0.0,0.0,0.0,0.0,0.0,0.0,0.0,0.0,0.0,0.0,0.0,0.0
2017-05-28 05:27:00+02:00,0.0,0.0,0.0,0.0,0.0,0.0,0.0,0.0,0.0,0.0,0.0,0.0,0.0,0.0,0.0,0.0,0.0,0.0,0.0,0.0,0.0,0.0,0.0,0.0,0.0,0.0,0.0,0.0,0.0,0.0,0.0,0.0,0.0,0.0,0.0,0.0,0.0,0.0,0.0,0.0,0.0,0.0,0.0,0.0,0.0,0.0,0.0,0.0,0.0,0.0,0.0,0.0,0.0,0.0,0.0,0.0,0.0,0.0,0.0,0.0,0.0,0.0,0.0,0.0,0.0,0.0,0.0,0.0,0.0,0.0,0.0,0.0,0.0,0.0,0.0,0.0,0.0,0.0,0.0,0.0,0.0,0.0,0.0,0.0,0.0,0.0,0.0,0.0,0.0,0.0,0.0,0.0,0.0,0.0,0.0,0.0,0.0,0.0,0.0,0.0,0.0,0.0,0.0,0.0,0.0,0.0,0.0,0.0,0.0,0.0,0.0,0.0,0.0,0.0,0.0,0.0,0.0,0.0
2017-05-28 05:28:00+02:00,0.0,0.0,0.0,0.0,0.0,0.0,0.0,0.0,0.0,0.0,0.0,0.0,0.0,0.0,0.0,0.0,0.0,0.0,0.0,0.0,0.0,0.0,0.0,0.0,0.0,0.0,0.0,0.0,0.0,0.0,0.0,0.0,0.0,0.0,0.0,0.0,0.0,0.0,0.0,0.0,0.0,0.0,0.0,0.0,0.0,0.0,0.0,0.0,0.0,0.0,0.0,0.0,0.0,0.0,0.0,0.0,0.0,0.0,0.0,0.0,0.0,0.0,0.0,0.0,0.0,0.0,0.0,0.0,0.0,0.0,0.0,0.0,0.0,0.0,0.0,0.0,0.0,0.0,0.0,0.0,0.0,0.0,0.0,0.0,0.0,0.0,0.0,0.0,0.0,0.0,0.0,0.0,0.0,0.0,0.0,0.0,0.0,0.0,0.0,0.0,0.0,0.0,0.0,0.0,0.0,0.0,0.0,0.0,0.0,0.0,0.0,0.0,0.0,0.0,0.0,0.0,0.0,0.0
2017-05-28 05:29:00+02:00,0.0,0.0,0.0,0.0,0.0,0.0,0.0,0.0,0.0,0.0,0.0,0.0,0.0,0.0,0.0,0.0,0.0,0.0,0.0,0.0,0.0,0.0,0.0,0.0,0.0,0.0,0.0,0.0,0.0,0.0,0.0,0.0,0.0,0.0,0.0,0.0,0.0,0.0,0.0,0.0,0.0,0.0,0.0,0.0,0.0,0.0,0.0,0.0,0.0,0.0,0.0,0.0,0.0,0.0,0.0,0.0,0.0,0.0,0.0,0.0,0.0,0.0,0.0,0.0,0.0,0.0,0.0,0.0,0.0,0.0,0.0,0.0,0.0,0.0,0.0,0.0,0.0,0.0,0.0,0.0,0.0,0.0,0.0,0.0,0.0,0.0,0.0,0.0,0.0,0.0,0.0,0.0,0.0,0.0,0.0,0.0,0.0,0.0,0.0,0.0,0.0,0.0,0.0,0.0,0.0,0.0,0.0,0.0,0.0,0.0,0.0,0.0,0.0,0.0,0.0,0.0,0.0,0.0
2017-05-28 05:30:00+02:00,0.0,0.0,0.0,0.0,0.0,0.0,0.0,0.0,0.0,0.0,0.0,0.0,0.0,0.0,0.0,0.0,0.0,0.0,0.0,0.0,0.0,0.0,0.0,0.0,0.0,0.0,0.0,0.0,0.0,0.0,0.0,0.0,0.0,0.0,0.0,0.0,0.0,0.0,0.0,0.0,0.0,0.0,0.0,0.0,0.0,0.0,0.0,0.0,0.0,0.0,0.0,0.0,0.0,0.0,0.0,0.0,0.0,0.0,0.0,0.0,0.0,0.0,0.0,0.0,0.0,0.0,0.0,0.0,0.0,0.0,0.0,0.0,0.0,0.0,0.0,0.0,0.0,0.0,0.0,0.0,0.0,0.0,0.0,0.0,0.0,0.0,0.0,0.0,0.0,0.0,0.0,0.0,0.0,0.0,0.0,0.0,0.0,0.0,0.0,0.0,0.0,0.0,0.0,0.0,0.0,0.0,0.0,0.0,0.0,0.0,0.0,0.0,0.0,0.0,0.0,0.0,0.0,0.0
2017-05-28 05:31:00+02:00,0.0,0.0,0.0,0.0,0.0,0.0,0.0,0.0,0.0,0.0,0.0,0.0,0.0,0.0,0.0,0.0,0.0,0.0,0.0,0.0,0.0,0.0,0.0,0.0,0.0,0.0,0.0,0.0,0.0,0.0,0.0,0.0,0.0,0.0,0.0,0.0,0.0,0.0,0.0,0.0,0.0,0.0,0.0,0.0,0.0,0.0,0.0,0.0,0.0,0.0,0.0,0.0,0.0,0.0,0.0,0.0,0.0,0.0,0.0,0.0,0.0,0.0,0.0,0.0,0.0,0.0,0.0,0.0,0.0,0.0,0.0,0.0,0.0,0.0,0.0,0.0,0.0,0.0,0.0,0.0,0.0,0.0,0.0,0.0,0.0,0.0,0.0,0.0,0.0,0.0,0.0,0.0,0.0,0.0,0.0,0.0,0.0,0.0,0.0,0.0,0.0,0.0,0.0,0.0,0.0,0.0,0.0,0.0,0.0,0.0,0.0,0.0,0.0,0.0,0.0,0.0,0.0,0.0
2017-05-28 05:32:00+02:00,0.0,0.0,0.0,0.0,0.0,0.0,0.0,0.0,0.0,0.0,0.0,0.0,0.0,0.0,0.0,0.0,0.0,0.0,0.0,0.0,0.0,0.0,0.0,0.0,0.0,0.0,0.0,0.0,0.0,0.0,0.0,0.0,0.0,0.0,0.0,0.0,0.0,0.0,0.0,0.0,0.0,0.0,0.0,0.0,0.0,0.0,0.0,0.0,0.0,0.0,0.0,0.0,0.0,0.0,0.0,0.0,0.0,0.0,0.0,0.0,0.0,0.0,0.0,0.0,0.0,0.0,0.0,0.0,0.0,0.0,0.0,0.0,0.0,0.0,0.0,0.0,0.0,0.0,0.0,0.0,0.0,0.0,0.0,0.0,0.0,0.0,0.0,0.0,0.0,0.0,0.0,0.0,0.0,0.0,0.0,0.0,0.0,0.0,0.0,0.0,0.0,0.0,0.0,0.0,0.0,0.0,0.0,0.0,0.0,0.0,0.0,0.0,0.0,0.0,0.0,0.0,0.0,0.0
2017-05-28 05:33:00+02:00,0.0,0.0,0.0,0.0,0.0,0.0,0.0,0.0,0.0,0.0,0.0,0.0,0.0,0.0,0.0,0.0,0.0,0.0,0.0,0.0,0.0,0.0,0.0,0.0,0.0,0.0,0.0,0.0,0.0,0.0,0.0,0.0,0.0,0.0,0.0,0.0,0.0,0.0,0.0,0.0,0.0,0.0,0.0,0.0,0.0,0.0,0.0,0.0,0.0,0.0,0.0,0.0,0.0,0.0,0.0,0.0,0.0,0.0,0.0,0.0,0.0,0.0,0.0,0.0,0.0,0.0,0.0,0.0,0.0,0.0,0.0,0.0,0.0,0.0,0.0,0.0,0.0,0.0,0.0,0.0,0.0,0.0,0.0,0.0,0.0,0.0,0.0,0.0,0.0,0.0,0.0,0.0,0.0,0.0,0.0,0.0,0.0,0.0,0.0,0.0,0.0,0.0,0.0,0.0,0.0,0.0,0.0,0.0,0.0,0.0,0.0,0.0,0.0,0.0,0.0,0.0,0.0,0.0
2017-05-28 05:34:00+02:00,0.0,0.0,0.0,0.0,0.0,0.0,0.0,0.0,0.0,0.0,0.0,0.0,0.0,0.0,0.0,0.0,0.0,0.0,0.0,0.0,0.0,0.0,0.0,0.0,0.0,0.0,0.0,0.0,0.0,0.0,0.0,0.0,0.0,0.0,0.0,0.0,0.0,0.0,0.0,0.0,0.0,0.0,0.0,0.0,0.0,0.0,0.0,0.0,0.0,0.0,0.0,0.0,0.0,0.0,0.0,0.0,0.0,0.0,0.0,0.0,0.0,0.0,0.0,0.0,0.0,0.0,0.0,0.0,0.0,0.0,0.0,0.0,0.0,0.0,0.0,0.0,0.0,0.0,0.0,0.0,0.0,0.0,0.0,0.0,0.0,0.0,0.0,0.0,0.0,0.0,0.0,0.0,0.0,0.0,0.0,0.0,0.0,0.0,0.0,0.0,0.0,0.0,0.0,0.0,0.0,0.0,0.0,0.0,0.0,0.0,0.0,0.0,0.0,0.0,0.0,0.0,0.0,0.0
2017-05-28 05:35:00+02:00,0.0,0.0,0.0,0.0,0.0,0.0,0.0,0.0,0.0,0.0,0.0,0.0,0.0,0.0,0.0,0.0,0.0,0.0,0.0,0.0,0.0,0.0,0.0,0.0,0.0,0.0,0.0,0.0,0.0,0.0,0.0,0.0,0.0,0.0,0.0,0.0,0.0,0.0,0.0,0.0,0.0,0.0,0.0,0.0,0.0,0.0,0.0,0.0,0.0,0.0,0.0,0.0,0.0,0.0,0.0,0.0,0.0,0.0,0.0,0.0,0.0,0.0,0.0,0.0,0.0,0.0,0.0,0.0,0.0,0.0,0.0,0.0,0.0,0.0,0.0,0.0,0.0,0.0,0.0,0.0,0.0,0.0,0.0,0.0,0.0,0.0,0.0,0.0,0.0,0.0,0.0,0.0,0.0,0.0,0.0,0.0,0.0,0.0,0.0,0.0,0.0,0.0,0.0,0.0,0.0,0.0,0.0,0.0,0.0,0.0,0.0,0.0,0.0,0.0,0.0,0.0,0.0,0.0
2017-05-28 05:36:00+02:00,0.0,0.0,0.0,0.0,0.0,0.0,0.0,0.0,0.0,0.0,0.0,0.0,0.0,0.0,0.0,0.0,0.0,0.0,0.0,0.0,0.0,0.0,0.0,0.0,0.0,0.0,0.0,0.0,0.0,0.0,0.0,0.0,0.0,0.0,0.0,0.0,0.0,0.0,0.0,0.0,0.0,0.0,0.0,0.0,0.0,0.0,0.0,0.0,0.0,0.0,0.0,0.0,0.0,0.0,0.0,0.0,0.0,0.0,0.0,0.0,0.0,0.0,0.0,0.0,0.0,0.0,0.0,0.0,0.0,0.0,0.0,0.0,0.0,0.0,0.0,0.0,0.0,0.0,0.0,0.0,0.0,0.0,0.0,0.0,0.0,0.0,0.0,0.0,0.0,0.0,0.0,0.0,0.0,0.0,0.0,0.0,0.0,0.0,0.0,0.0,0.0,0.0,0.0,0.0,0.0,0.0,0.0,0.0,0.0,0.0,0.0,0.0,0.0,0.0,0.0,0.0,0.0,0.0
2017-05-28 05:37:00+02:00,0.0,0.0,0.0,0.0,0.0,0.0,0.0,0.0,0.0,0.0,0.0,0.0,0.0,0.0,0.0,0.0,0.0,0.0,0.0,0.0,0.0,0.0,0.0,0.0,0.0,0.0,0.0,0.0,0.0,0.0,0.0,0.0,0.0,0.0,0.0,0.0,0.0,0.0,0.0,0.0,0.0,0.0,0.0,0.0,0.0,0.0,0.0,0.0,0.0,0.0,0.0,0.0,0.0,0.0,0.0,0.0,0.0,0.0,0.0,0.0,0.0,0.0,0.0,0.0,0.0,0.0,0.0,0.0,0.0,0.0,0.0,0.0,0.0,0.0,0.0,0.0,0.0,0.0,0.0,0.0,0.0,0.0,0.0,0.0,0.0,0.0,0.0,0.0,0.0,0.0,0.0,0.0,0.0,0.0,0.0,0.0,0.0,0.0,0.0,0.0,0.0,0.0,0.0,0.0,0.0,0.0,0.0,0.0,0.0,0.0,0.0,0.0,0.0,0.0,0.0,0.0,0.0,0.0
2017-05-28 05:38:00+02:00,0.0,0.0,0.0,0.0,0.0,0.0,0.0,0.0,0.0,0.0,0.0,0.0,0.0,0.0,0.0,0.0,0.0,0.0,0.0,0.0,0.0,0.0,0.0,0.0,0.0,0.0,0.0,0.0,0.0,0.0,0.0,0.0,0.0,0.0,0.0,0.0,0.0,0.0,0.0,0.0,0.0,0.0,0.0,0.0,0.0,0.0,0.0,0.0,0.0,0.0,0.0,0.0,0.0,0.0,0.0,0.0,0.0,0.0,0.0,0.0,0.0,0.0,0.0,0.0,0.0,0.0,0.0,0.0,0.0,0.0,0.0,0.0,0.0,0.0,0.0,0.0,0.0,0.0,0.0,0.0,0.0,0.0,0.0,0.0,0.0,0.0,0.0,0.0,0.0,0.0,0.0,0.0,0.0,0.0,0.0,0.0,0.0,0.0,0.0,0.0,0.0,0.0,0.0,0.0,0.0,0.0,0.0,0.0,0.0,0.0,0.0,0.0,0.0,0.0,0.0,0.0,0.0,0.0
2017-05-28 05:39:00+02:00,0.0,0.0,0.0,0.0,0.0,0.0,0.0,0.0,0.0,0.0,0.0,0.0,0.0,0.0,0.0,0.0,0.0,0.0,0.0,0.0,0.0,0.0,0.0,0.0,0.0,0.0,0.0,0.0,0.0,0.0,0.0,0.0,0.0,0.0,0.0,0.0,0.0,0.0,0.0,0.0,0.0,0.0,0.0,0.0,0.0,0.0,0.0,0.0,0.0,0.0,0.0,0.0,0.0,0.0,0.0,0.0,0.0,0.0,0.0,0.0,0.0,0.0,0.0,0.0,0.0,0.0,0.0,0.0,0.0,0.0,0.0,0.0,0.0,0.0,0.0,0.0,0.0,0.0,0.0,0.0,0.0,0.0,0.0,0.0,0.0,0.0,0.0,0.0,0.0,0.0,0.0,0.0,0.0,0.0,0.0,0.0,0.0,0.0,0.0,0.0,0.0,0.0,0.0,0.0,0.0,0.0,0.0,0.0,0.0,0.0,0.0,0.0,0.0,0.0,0.0,0.0,0.0,0.0
2017-05-28 05:40:00+02:00,0.0,0.0,0.0,0.0,0.0,0.0,0.0,0.0,0.0,0.0,0.0,0.0,0.0,0.0,0.0,0.0,0.0,0.0,0.0,0.0,0.0,0.0,0.0,0.0,0.0,0.0,0.0,0.0,0.0,0.0,0.0,0.0,0.0,0.0,0.0,0.0,0.0,0.0,0.0,0.0,0.0,0.0,0.0,0.0,0.0,0.0,0.0,0.0,0.0,0.0,0.0,0.0,0.0,0.0,0.0,0.0,0.0,0.0,0.0,0.0,0.0,0.0,0.0,0.0,0.0,0.0,0.0,0.0,0.0,0.0,0.0,0.0,0.0,0.0,0.0,0.0,0.0,0.0,0.0,0.0,0.0,0.0,0.0,0.0,0.0,0.0,0.0,0.0,0.0,0.0,0.0,0.0,0.0,0.0,0.0,0.0,0.0,0.0,0.0,0.0,0.0,0.0,0.0,0.0,0.0,0.0,0.0,0.0,0.0,0.0,0.0,0.0,0.0,0.0,0.0,0.0,0.0,0.0
2017-05-28 05:41:00+02:00,0.0,0.0,0.0,0.0,0.0,0.0,0.0,0.0,0.0,0.0,0.0,0.0,0.0,0.0,0.0,0.0,0.0,0.0,0.0,0.0,0.0,0.0,0.0,0.0,0.0,0.0,0.0,0.0,0.0,0.0,0.0,0.0,0.0,0.0,0.0,0.0,0.0,0.0,0.0,0.0,0.0,0.0,0.0,0.0,0.0,0.0,0.0,0.0,0.0,0.0,0.0,0.0,0.0,0.0,0.0,0.0,0.0,0.0,0.0,0.0,0.0,0.0,0.0,0.0,0.0,0.0,0.0,0.0,0.0,0.0,0.0,0.0,0.0,0.0,0.0,0.0,0.0,0.0,0.0,0.0,0.0,0.0,0.0,0.0,0.0,0.0,0.0,0.0,0.0,0.0,0.0,0.0,0.0,0.0,0.0,0.0,0.0,0.0,0.0,0.0,0.0,0.0,0.0,0.0,0.0,0.0,0.0,0.0,0.0,0.0,0.0,0.0,0.0,0.0,0.0,0.0,0.0,0.0
2017-05-28 05:42:00+02:00,0.0,0.0,0.0,0.0,0.0,0.0,0.0,0.0,0.0,0.0,0.0,0.0,0.0,0.0,0.0,0.0,0.0,0.0,0.0,0.0,0.0,0.0,0.0,0.0,0.0,0.0,0.0,0.0,0.0,0.0,0.0,0.0,0.0,0.0,0.0,0.0,0.0,0.0,0.0,0.0,0.0,0.0,0.0,0.0,0.0,0.0,0.0,0.0,0.0,0.0,0.0,0.0,0.0,0.0,0.0,0.0,0.0,0.0,0.0,0.0,0.0,0.0,0.0,0.0,0.0,0.0,0.0,0.0,0.0,0.0,0.0,0.0,0.0,0.0,0.0,0.0,0.0,0.0,0.0,0.0,0.0,0.0,0.0,0.0,0.0,0.0,0.0,0.0,0.0,0.0,0.0,0.0,0.0,0.0,0.0,0.0,0.0,0.0,0.0,0.0,0.0,0.0,0.0,0.0,0.0,0.0,0.0,0.0,0.0,0.0,0.0,0.0,0.0,0.0,0.0,0.0,0.0,0.0
2017-05-28 05:43:00+02:00,0.0,0.0,0.0,0.0,0.0,0.0,0.0,0.0,0.0,0.0,0.0,0.0,0.0,0.0,0.0,0.0,0.0,0.0,0.0,0.0,0.0,0.0,0.0,0.0,0.0,0.0,0.0,0.0,0.0,0.0,0.0,0.0,0.0,0.0,0.0,0.0,0.0,0.0,0.0,0.0,0.0,0.0,0.0,0.0,0.0,0.0,0.0,0.0,0.0,0.0,0.0,0.0,0.0,0.0,0.0,0.0,0.0,0.0,0.0,0.0,0.0,0.0,0.0,0.0,0.0,0.0,0.0,0.0,0.0,0.0,0.0,0.0,0.0,0.0,0.0,0.0,0.0,0.0,0.0,0.0,0.0,0.0,0.0,0.0,0.0,0.0,0.0,0.0,0.0,0.0,0.0,0.0,0.0,0.0,0.0,0.0,0.0,0.0,0.0,0.0,0.0,0.0,0.0,0.0,0.0,0.0,0.0,0.0,0.0,0.0,0.0,0.0,0.0,0.0,0.0,0.0,0.0,0.0
2017-05-28 05:44:00+02:00,0.0,0.0,0.0,0.0,0.0,0.0,0.0,0.0,0.0,0.0,0.0,0.0,0.0,0.0,0.0,0.0,0.0,0.0,0.0,0.0,0.0,0.0,0.0,0.0,0.0,0.0,0.0,0.0,0.0,0.0,0.0,0.0,0.0,0.0,0.0,0.0,0.0,0.0,0.0,0.0,0.0,0.0,0.0,0.0,0.0,0.0,0.0,0.0,0.0,0.0,0.0,0.0,0.0,0.0,0.0,0.0,0.0,0.0,0.0,0.0,0.0,0.0,0.0,0.0,0.0,0.0,0.0,0.0,0.0,0.0,0.0,0.0,0.0,0.0,0.0,0.0,0.0,0.0,0.0,0.0,0.0,0.0,0.0,0.0,0.0,0.0,0.0,0.0,0.0,0.0,0.0,0.0,0.0,0.0,0.0,0.0,0.0,0.0,0.0,0.0,0.0,0.0,0.0,0.0,0.0,0.0,0.0,0.0,0.0,0.0,0.0,0.0,0.0,0.0,0.0,0.0,0.0,0.0
2017-05-28 05:45:00+02:00,0.0,0.0,0.0,0.0,0.0,0.0,0.0,0.0,0.0,0.0,0.0,0.0,0.0,0.0,0.0,0.0,0.0,0.0,0.0,0.0,0.0,0.0,0.0,0.0,0.0,0.0,0.0,0.0,0.0,0.0,0.0,0.0,0.0,0.0,0.0,0.0,0.0,0.0,0.0,0.0,0.0,0.0,0.0,0.0,0.0,0.0,0.0,0.0,0.0,0.0,0.0,0.0,0.0,0.0,0.0,0.0,0.0,0.0,0.0,0.0,0.0,0.0,0.0,0.0,0.0,0.0,0.0,0.0,0.0,0.0,0.0,0.0,0.0,0.0,0.0,0.0,0.0,0.0,0.0,0.0,0.0,0.0,0.0,0.0,0.0,0.0,0.0,0.0,0.0,0.0,0.0,0.0,0.0,0.0,0.0,0.0,0.0,0.0,0.0,0.0,0.0,0.0,0.0,0.0,0.0,0.0,0.0,0.0,0.0,0.0,0.0,0.0,0.0,0.0,0.0,0.0,0.0,0.0
2017-05-28 05:46:00+02:00,0.0,0.0,0.0,0.0,0.0,0.0,0.0,0.0,0.0,0.0,0.0,0.0,0.0,0.0,0.0,0.0,0.0,0.0,0.0,0.0,0.0,0.0,0.0,0.0,0.0,0.0,0.0,0.0,0.0,0.0,0.0,0.0,0.0,0.0,0.0,0.0,0.0,0.0,0.0,0.0,0.0,0.0,0.0,0.0,0.0,0.0,0.0,0.0,0.0,0.0,0.0,0.0,0.0,0.0,0.0,0.0,0.0,0.0,0.0,0.0,0.0,0.0,0.0,0.0,0.0,0.0,0.0,0.0,0.0,0.0,0.0,0.0,0.0,0.0,0.0,0.0,0.0,0.0,0.0,0.0,0.0,0.0,0.0,0.0,0.0,0.0,0.0,0.0,0.0,0.0,0.0,0.0,0.0,0.0,0.0,0.0,0.0,0.0,0.0,0.0,0.0,0.0,0.0,0.0,0.0,0.0,0.0,0.0,0.0,0.0,0.0,0.0,0.0,0.0,0.0,0.0,0.0,0.0
2017-05-28 05:47:00+02:00,0.0,0.0,0.0,0.0,0.0,0.0,0.0,0.0,0.0,0.0,0.0,0.0,0.0,0.0,0.0,0.0,0.0,0.0,0.0,0.0,0.0,0.0,0.0,0.0,0.0,0.0,0.0,0.0,0.0,0.0,0.0,0.0,0.0,0.0,0.0,0.0,0.0,0.0,0.0,0.0,0.0,0.0,0.0,0.0,0.0,0.0,0.0,0.0,0.0,0.0,0.0,0.0,0.0,0.0,0.0,0.0,0.0,0.0,0.0,0.0,0.0,0.0,0.0,0.0,0.0,0.0,0.0,0.0,0.0,0.0,0.0,0.0,0.0,0.0,0.0,0.0,0.0,0.0,0.0,0.0,0.0,0.0,0.0,0.0,0.0,0.0,0.0,0.0,0.0,0.0,0.0,0.0,0.0,0.0,0.0,0.0,0.0,0.0,0.0,0.0,0.0,0.0,0.0,0.0,0.0,0.0,0.0,0.0,0.0,0.0,0.0,0.0,0.0,0.0,0.0,0.0,0.0,0.0
2017-05-28 05:48:00+02:00,0.0,0.0,0.0,0.0,0.0,0.0,0.0,0.0,0.0,0.0,0.0,0.0,0.0,0.0,0.0,0.0,0.0,0.0,0.0,0.0,0.0,0.0,0.0,0.0,0.0,0.0,0.0,0.0,0.0,0.0,0.0,0.0,0.0,0.0,0.0,0.0,0.0,0.0,0.0,0.0,0.0,0.0,0.0,0.0,0.0,0.0,0.0,0.0,0.0,0.0,0.0,0.0,0.0,0.0,0.0,0.0,0.0,0.0,0.0,0.0,0.0,0.0,0.0,0.0,0.0,0.0,0.0,0.0,0.0,0.0,0.0,0.0,0.0,0.0,0.0,0.0,0.0,0.0,0.0,0.0,0.0,0.0,0.0,0.0,0.0,0.0,0.0,0.0,0.0,0.0,0.0,0.0,0.0,0.0,0.0,0.0,0.0,0.0,0.0,0.0,0.0,0.0,0.0,0.0,0.0,0.0,0.0,0.0,0.0,0.0,0.0,0.0,0.0,0.0,0.0,0.0,0.0,0.0
2017-05-28 05:49:00+02:00,0.0,0.0,0.0,0.0,0.0,0.0,0.0,0.0,0.0,0.0,0.0,0.0,0.0,0.0,0.0,0.0,0.0,0.0,0.0,0.0,0.0,0.0,0.0,0.0,0.0,0.0,0.0,0.0,0.0,0.0,0.0,0.0,0.0,0.0,0.0,0.0,0.0,0.0,0.0,0.0,0.0,0.0,0.0,0.0,0.0,0.0,0.0,0.0,0.0,0.0,0.0,0.0,0.0,0.0,0.0,0.0,0.0,0.0,0.0,0.0,0.0,0.0,0.0,0.0,0.0,0.0,0.0,0.0,0.0,0.0,0.0,0.0,0.0,0.0,0.0,0.0,0.0,0.0,0.0,0.0,0.0,0.0,0.0,0.0,0.0,0.0,0.0,0.0,0.0,0.0,0.0,0.0,0.0,0.0,0.0,0.0,0.0,0.0,0.0,0.0,0.0,0.0,0.0,0.0,0.0,0.0,0.0,0.0,0.0,0.0,0.0,0.0,0.0,0.0,0.0,0.0,0.0,0.0
2017-05-28 05:50:00+02:00,0.0,0.0,0.0,0.0,0.0,0.0,0.0,0.0,0.0,0.0,0.0,0.0,0.0,0.0,0.0,0.0,0.0,0.0,0.0,0.0,0.0,0.0,0.0,0.0,0.0,0.0,0.0,0.0,0.0,0.0,0.0,0.0,0.0,0.0,0.0,0.0,0.0,0.0,0.0,0.0,0.0,0.0,0.0,0.0,0.0,0.0,0.0,0.0,0.0,0.0,0.0,0.0,0.0,0.0,0.0,0.0,0.0,0.0,0.0,0.0,0.0,0.0,0.0,0.0,0.0,0.0,0.0,0.0,0.0,0.0,0.0,0.0,0.0,0.0,0.0,0.0,0.0,0.0,0.0,0.0,0.0,0.0,0.0,0.0,0.0,0.0,0.0,0.0,0.0,0.0,0.0,0.0,0.0,0.0,0.0,0.0,0.0,0.0,0.0,0.0,0.0,0.0,0.0,0.0,0.0,0.0,0.0,0.0,0.0,0.0,0.0,0.0,0.0,0.0,0.0,0.0,0.0,0.0
2017-05-28 05:51:00+02:00,0.0,0.0,0.0,0.0,0.0,0.0,0.0,0.0,0.0,0.0,0.0,0.0,0.0,0.0,0.0,0.0,0.0,0.0,0.0,0.0,0.0,0.0,0.0,0.0,0.0,0.0,0.0,0.0,0.0,0.0,0.0,0.0,0.0,0.0,0.0,0.0,0.0,0.0,0.0,0.0,0.0,0.0,0.0,0.0,0.0,0.0,0.0,0.0,0.0,0.0,0.0,0.0,0.0,0.0,0.0,0.0,0.0,0.0,0.0,0.0,0.0,0.0,0.0,0.0,0.0,0.0,0.0,0.0,0.0,0.0,0.0,0.0,0.0,0.0,0.0,0.0,0.0,0.0,0.0,0.0,0.0,0.0,0.0,0.0,0.0,0.0,0.0,0.0,0.0,0.0,0.0,0.0,0.0,0.0,0.0,0.0,0.0,0.0,0.0,0.0,0.0,0.0,0.0,0.0,0.0,0.0,0.0,0.0,0.0,0.0,0.0,0.0,0.0,0.0,0.0,0.0,0.0,0.0
2017-05-28 05:52:00+02:00,0.0,0.0,0.0,0.0,0.0,0.0,0.0,0.0,0.0,0.0,0.0,0.0,0.0,0.0,0.0,0.0,0.0,0.0,0.0,0.0,0.0,0.0,0.0,0.0,0.0,0.0,0.0,0.0,0.0,0.0,0.0,0.0,0.0,0.0,0.0,0.0,0.0,0.0,0.0,0.0,0.0,0.0,0.0,0.0,0.0,0.0,0.0,0.0,0.0,0.0,0.0,0.0,0.0,0.0,0.0,0.0,0.0,0.0,0.0,0.0,0.0,0.0,0.0,0.0,0.0,0.0,0.0,0.0,0.0,0.0,0.0,0.0,0.0,0.0,0.0,0.0,0.0,0.0,0.0,0.0,0.0,0.0,0.0,0.0,0.0,0.0,0.0,0.0,0.0,0.0,0.0,0.0,0.0,0.0,0.0,0.0,0.0,0.0,0.0,0.0,0.0,0.0,0.0,0.0,0.0,0.0,0.0,0.0,0.0,0.0,0.0,0.0,0.0,0.0,0.0,0.0,0.0,0.0
2017-05-28 05:53:00+02:00,0.0,0.0,0.0,0.0,0.0,0.0,0.0,0.0,0.0,0.0,0.0,0.0,0.0,0.0,0.0,0.0,0.0,0.0,0.0,0.0,0.0,0.0,0.0,0.0,0.0,0.0,0.0,0.0,0.0,0.0,0.0,0.0,0.0,0.0,0.0,0.0,0.0,0.0,0.0,0.0,0.0,0.0,0.0,0.0,0.0,0.0,0.0,0.0,0.0,0.0,0.0,0.0,0.0,0.0,0.0,0.0,0.0,0.0,0.0,0.0,0.0,0.0,0.0,0.0,0.0,0.0,0.0,0.0,0.0,0.0,0.0,0.0,0.0,0.0,0.0,0.0,0.0,0.0,0.0,0.0,0.0,0.0,0.0,0.0,0.0,0.0,0.0,0.0,0.0,0.0,0.0,0.0,0.0,0.0,0.0,0.0,0.0,0.0,0.0,0.0,0.0,0.0,0.0,0.0,0.0,0.0,0.0,0.0,0.0,0.0,0.0,0.0,0.0,0.0,0.0,0.0,0.0,0.0
2017-05-28 05:54:00+02:00,0.0,0.0,0.0,0.0,0.0,0.0,0.0,0.0,0.0,0.0,0.0,0.0,0.0,0.0,0.0,0.0,0.0,0.0,0.0,0.0,0.0,0.0,0.0,0.0,0.0,0.0,0.0,0.0,0.0,0.0,0.0,0.0,0.0,0.0,0.0,0.0,0.0,0.0,0.0,0.0,0.0,0.0,0.0,0.0,0.0,0.0,0.0,0.0,0.0,0.0,0.0,0.0,0.0,0.0,0.0,0.0,0.0,0.0,0.0,0.0,0.0,0.0,0.0,0.0,0.0,0.0,0.0,0.0,0.0,0.0,0.0,0.0,0.0,0.0,0.0,0.0,0.0,0.0,0.0,0.0,0.0,0.0,0.0,0.0,0.0,0.0,0.0,0.0,0.0,0.0,0.0,0.0,0.0,0.0,0.0,0.0,0.0,0.0,0.0,0.0,0.0,0.0,0.0,0.0,0.0,0.0,0.0,0.0,0.0,0.0,0.0,0.0,0.0,0.0,0.0,0.0,0.0,0.0
2017-05-28 05:55:00+02:00,0.0,0.0,0.0,0.0,0.0,0.0,0.0,0.0,0.0,0.0,0.0,0.0,0.0,0.0,0.0,0.0,0.0,0.0,0.0,0.0,0.0,0.0,0.0,0.0,0.0,0.0,0.0,0.0,0.0,0.0,0.0,0.0,0.0,0.0,0.0,0.0,0.0,0.0,0.0,0.0,0.0,0.0,0.0,0.0,0.0,0.0,0.0,0.0,0.0,0.0,0.0,0.0,0.0,0.0,0.0,0.0,0.0,0.0,0.0,0.0,0.0,0.0,0.0,0.0,0.0,0.0,0.0,0.0,0.0,0.0,0.0,0.0,0.0,0.0,0.0,0.0,0.0,0.0,0.0,0.0,0.0,0.0,0.0,0.0,0.0,0.0,0.0,0.0,0.0,0.0,0.0,0.0,0.0,0.0,0.0,0.0,0.0,0.0,0.0,0.0,0.0,0.0,0.0,0.0,0.0,0.0,0.0,0.0,0.0,0.0,0.0,0.0,0.0,0.0,0.0,0.0,0.0,0.0
2017-05-28 05:56:00+02:00,0.0,0.0,0.0,0.0,0.0,0.0,0.0,0.0,0.0,0.0,0.0,0.0,0.0,0.0,0.0,0.0,0.0,0.0,0.0,0.0,0.0,0.0,0.0,0.0,0.0,0.0,0.0,0.0,0.0,0.0,0.0,0.0,0.0,0.0,0.0,0.0,0.0,0.0,0.0,0.0,0.0,0.0,0.0,0.0,0.0,0.0,0.0,0.0,0.0,0.0,0.0,0.0,0.0,0.0,0.0,0.0,0.0,0.0,0.0,0.0,0.0,0.0,0.0,0.0,0.0,0.0,0.0,0.0,0.0,0.0,0.0,0.0,0.0,0.0,0.0,0.0,0.0,0.0,0.0,0.0,0.0,0.0,0.0,0.0,0.0,0.0,0.0,0.0,0.0,0.0,0.0,0.0,0.0,0.0,0.0,0.0,0.0,0.0,0.0,0.0,0.0,0.0,0.0,0.0,0.0,0.0,0.0,0.0,0.0,0.0,0.0,0.0,0.0,0.0,0.0,0.0,0.0,0.0
2017-05-28 05:57:00+02:00,0.0,0.0,0.0,0.0,0.0,0.0,0.0,0.0,0.0,0.0,0.0,0.0,0.0,0.0,0.0,0.0,0.0,0.0,0.0,0.0,0.0,0.0,0.0,0.0,0.0,0.0,0.0,0.0,0.0,0.0,0.0,0.0,0.0,0.0,0.0,0.0,0.0,0.0,0.0,0.0,0.0,0.0,0.0,0.0,0.0,0.0,0.0,0.0,0.0,0.0,0.0,0.0,0.0,0.0,0.0,0.0,0.0,0.0,0.0,0.0,0.0,0.0,0.0,0.0,0.0,0.0,0.0,0.0,0.0,0.0,0.0,0.0,0.0,0.0,0.0,0.0,0.0,0.0,0.0,0.0,0.0,0.0,0.0,0.0,0.0,0.0,0.0,0.0,0.0,0.0,0.0,0.0,0.0,0.0,0.0,0.0,0.0,0.0,0.0,0.0,0.0,0.0,0.0,0.0,0.0,0.0,0.0,0.0,0.0,0.0,0.0,0.0,0.0,0.0,0.0,0.0,0.0,0.0
2017-05-28 05:58:00+02:00,0.0,0.0,0.0,0.0,0.0,0.0,0.0,0.0,0.0,0.0,0.0,0.0,0.0,0.0,0.0,0.0,0.0,0.0,0.0,0.0,0.0,0.0,0.0,0.0,0.0,0.0,0.0,0.0,0.0,0.0,0.0,0.0,0.0,0.0,0.0,0.0,0.0,0.0,0.0,0.0,0.0,0.0,0.0,0.0,0.0,0.0,0.0,0.0,0.0,0.0,0.0,0.0,0.0,0.0,0.0,0.0,0.0,0.0,0.0,0.0,0.0,0.0,0.0,0.0,0.0,0.0,0.0,0.0,0.0,0.0,0.0,0.0,0.0,0.0,0.0,0.0,0.0,0.0,0.0,0.0,0.0,0.0,0.0,0.0,0.0,0.0,0.0,0.0,0.0,0.0,0.0,0.0,0.0,0.0,0.0,0.0,0.0,0.0,0.0,0.0,0.0,0.0,0.0,0.0,0.0,0.0,0.0,0.0,0.0,0.0,0.0,0.0,0.0,0.0,0.0,0.0,0.0,0.0
2017-05-28 05:59:00+02:00,0.0,0.0,0.0,0.0,0.0,0.0,0.0,0.0,0.0,0.0,0.0,0.0,0.0,0.0,0.0,0.0,0.0,0.0,0.0,0.0,0.0,0.0,0.0,0.0,0.0,0.0,0.0,0.0,0.0,0.0,0.0,0.0,0.0,0.0,0.0,0.0,0.0,0.0,0.0,0.0,0.0,0.0,0.0,0.0,0.0,0.0,0.0,0.0,0.0,0.0,0.0,0.0,0.0,0.0,0.0,0.0,0.0,0.0,0.0,0.0,0.0,0.0,0.0,0.0,0.0,0.0,0.0,0.0,0.0,0.0,0.0,0.0,0.0,0.0,0.0,0.0,0.0,0.0,0.0,0.0,0.0,0.0,0.0,0.0,0.0,0.0,0.0,0.0,0.0,0.0,0.0,0.0,0.0,0.0,0.0,0.0,0.0,0.0,0.0,0.0,0.0,0.0,0.0,0.0,0.0,0.0,0.0,0.0,0.0,0.0,0.0,0.0,0.0,0.0,0.0,0.0,0.0,0.0
2017-05-28 06:00:00+02:00,0.0,0.0,0.0,0.0,0.0,0.0,0.0,0.0,0.0,0.0,0.0,0.0,0.0,0.0,0.0,0.0,0.0,0.0,0.0,0.0,0.0,0.0,0.0,0.0,0.0,0.0,0.0,0.0,0.0,0.0,0.0,0.0,0.0,0.0,0.0,0.0,0.0,0.0,0.0,0.0,0.0,0.0,0.0,0.0,0.0,0.0,0.0,0.0,0.0,0.0,0.0,0.0,0.0,0.0,0.0,0.0,0.0,0.0,0.0,0.0,0.0,0.0,0.0,0.0,0.0,0.0,0.0,0.0,0.0,0.0,0.0,0.0,0.0,0.0,0.0,0.0,0.0,0.0,0.0,0.0,0.0,0.0,0.0,0.0,0.0,0.0,0.0,0.0,0.0,0.0,0.0,0.0,0.0,0.0,0.0,0.0,0.0,0.0,0.0,0.0,0.0,0.0,0.0,0.0,0.0,0.0,0.0,0.0,0.0,0.0,0.0,0.0,0.0,0.0,0.0,0.0,0.0,0.0
2017-05-28 06:01:00+02:00,0.0,0.0,0.0,0.0,0.0,0.0,0.0,0.0,0.0,0.0,0.0,0.0,0.0,0.0,0.0,0.0,0.0,0.0,0.0,0.0,0.0,0.0,0.0,0.0,0.0,0.0,0.0,0.0,0.0,0.0,0.0,0.0,0.0,0.0,0.0,0.0,0.0,0.0,0.0,0.0,0.0,0.0,0.0,0.0,0.0,0.0,0.0,0.0,0.0,0.0,0.0,0.0,0.0,0.0,0.0,0.0,0.0,0.0,0.0,0.0,0.0,0.0,0.0,0.0,0.0,0.0,0.0,0.0,0.0,0.0,0.0,0.0,0.0,0.0,0.0,0.0,0.0,0.0,0.0,0.0,0.0,0.0,0.0,0.0,0.0,0.0,0.0,0.0,0.0,0.0,0.0,0.0,0.0,0.0,0.0,0.0,0.0,0.0,0.0,0.0,0.0,0.0,0.0,0.0,0.0,0.0,0.0,0.0,0.0,0.0,0.0,0.0,0.0,0.0,0.0,0.0,0.0,0.0
2017-05-28 06:02:00+02:00,0.0,0.0,0.0,0.0,0.0,0.0,0.0,0.0,0.0,0.0,0.0,0.0,0.0,0.0,0.0,0.0,0.0,0.0,0.0,0.0,0.0,0.0,0.0,0.0,0.0,0.0,0.0,0.0,0.0,0.0,0.0,0.0,0.0,0.0,0.0,0.0,0.0,0.0,0.0,0.0,0.0,0.0,0.0,0.0,0.0,0.0,0.0,0.0,0.0,0.0,0.0,0.0,0.0,0.0,0.0,0.0,0.0,0.0,0.0,0.0,0.0,0.0,0.0,0.0,0.0,0.0,0.0,0.0,0.0,0.0,0.0,0.0,0.0,0.0,0.0,0.0,0.0,0.0,0.0,0.0,0.0,0.0,0.0,0.0,0.0,0.0,0.0,0.0,0.0,0.0,0.0,0.0,0.0,0.0,0.0,0.0,0.0,0.0,0.0,0.0,0.0,0.0,0.0,0.0,0.0,0.0,0.0,0.0,0.0,0.0,0.0,0.0,0.0,0.0,0.0,0.0,0.0,0.0
2017-05-28 06:03:00+02:00,0.0,0.0,0.0,0.0,0.0,0.0,0.0,0.0,0.0,0.0,0.0,0.0,0.0,0.0,0.0,0.0,0.0,0.0,0.0,0.0,0.0,0.0,0.0,0.0,0.0,0.0,0.0,0.0,0.0,0.0,0.0,0.0,0.0,0.0,0.0,0.0,0.0,0.0,0.0,0.0,0.0,0.0,0.0,0.0,0.0,0.0,0.0,0.0,0.0,0.0,0.0,0.0,0.0,0.0,0.0,0.0,0.0,0.0,0.0,0.0,0.0,0.0,0.0,0.0,0.0,0.0,0.0,0.0,0.0,0.0,0.0,0.0,0.0,0.0,0.0,0.0,0.0,0.0,0.0,0.0,0.0,0.0,0.0,0.0,0.0,0.0,0.0,0.0,0.0,0.0,0.0,0.0,0.0,0.0,0.0,0.0,0.0,0.0,0.0,0.0,0.0,0.0,0.0,0.0,0.0,0.0,0.0,0.0,0.0,0.0,0.0,0.0,0.0,0.0,0.0,0.0,0.0,0.0
2017-05-28 06:04:00+02:00,0.0,0.0,0.0,0.0,0.0,0.0,0.0,0.0,0.0,0.0,0.0,0.0,0.0,0.0,0.0,0.0,0.0,0.0,0.0,0.0,0.0,0.0,0.0,0.0,0.0,0.0,0.0,0.0,0.0,0.0,0.0,0.0,0.0,0.0,0.0,0.0,0.0,0.0,0.0,0.0,0.0,0.0,0.0,0.0,0.0,0.0,0.0,0.0,0.0,0.0,0.0,0.0,0.0,0.0,0.0,0.0,0.0,0.0,0.0,0.0,0.0,0.0,0.0,0.0,0.0,0.0,0.0,0.0,0.0,0.0,0.0,0.0,0.0,0.0,0.0,0.0,0.0,0.0,0.0,0.0,0.0,0.0,0.0,0.0,0.0,0.0,0.0,0.0,0.0,0.0,0.0,0.0,0.0,0.0,0.0,0.0,0.0,0.0,0.0,0.0,0.0,0.0,0.0,0.0,0.0,0.0,0.0,0.0,0.0,0.0,0.0,0.0,0.0,0.0,0.0,0.0,0.0,0.0
2017-05-28 06:05:00+02:00,0.0,0.0,0.0,0.0,0.0,0.0,0.0,0.0,0.0,0.0,0.0,0.0,0.0,0.0,0.0,0.0,0.0,0.0,0.0,0.0,0.0,0.0,0.0,0.0,0.0,0.0,0.0,0.0,0.0,0.0,0.0,0.0,0.0,0.0,0.0,0.0,0.0,0.0,0.0,0.0,0.0,0.0,0.0,0.0,0.0,0.0,0.0,0.0,0.0,0.0,0.0,0.0,0.0,0.0,0.0,0.0,0.0,0.0,0.0,0.0,0.0,0.0,0.0,0.0,0.0,0.0,0.0,0.0,0.0,0.0,0.0,0.0,0.0,0.0,0.0,0.0,0.0,0.0,0.0,0.0,0.0,0.0,0.0,0.0,0.0,0.0,0.0,0.0,0.0,0.0,0.0,0.0,0.0,0.0,0.0,0.0,0.0,0.0,0.0,0.0,0.0,0.0,0.0,0.0,0.0,0.0,0.0,0.0,0.0,0.0,0.0,0.0,0.0,0.0,0.0,0.0,0.0,0.0
2017-05-28 06:06:00+02:00,0.0,0.0,0.0,0.0,0.0,0.0,0.0,0.0,0.0,0.0,0.0,0.0,0.0,0.0,0.0,0.0,0.0,0.0,0.0,0.0,0.0,0.0,0.0,0.0,0.0,0.0,0.0,0.0,0.0,0.0,0.0,0.0,0.0,0.0,0.0,0.0,0.0,0.0,0.0,0.0,0.0,0.0,0.0,0.0,0.0,0.0,0.0,0.0,0.0,0.0,0.0,0.0,0.0,0.0,0.0,0.0,0.0,0.0,0.0,0.0,0.0,0.0,0.0,0.0,0.0,0.0,0.0,0.0,0.0,0.0,0.0,0.0,0.0,0.0,0.0,0.0,0.0,0.0,0.0,0.0,0.0,0.0,0.0,0.0,0.0,0.0,0.0,0.0,0.0,0.0,0.0,0.0,0.0,0.0,0.0,0.0,0.0,0.0,0.0,0.0,0.0,0.0,0.0,0.0,0.0,0.0,0.0,0.0,0.0,0.0,0.0,0.0,0.0,0.0,0.0,0.0,0.0,0.0
2017-05-28 06:07:00+02:00,0.0,0.0,0.0,0.0,0.0,0.0,0.0,0.0,0.0,0.0,0.0,0.0,0.0,0.0,0.0,0.0,0.0,0.0,0.0,0.0,0.0,0.0,0.0,0.0,0.0,0.0,0.0,0.0,0.0,0.0,0.0,0.0,0.0,0.0,0.0,0.0,0.0,0.0,0.0,0.0,0.0,0.0,0.0,0.0,0.0,0.0,0.0,0.0,0.0,0.0,0.0,0.0,0.0,0.0,0.0,0.0,0.0,0.0,0.0,0.0,0.0,0.0,0.0,0.0,0.0,0.0,0.0,0.0,0.0,0.0,0.0,0.0,0.0,0.0,0.0,0.0,0.0,0.0,0.0,0.0,0.0,0.0,0.0,0.0,0.0,0.0,0.0,0.0,0.0,0.0,0.0,0.0,0.0,0.0,0.0,0.0,0.0,0.0,0.0,0.0,0.0,0.0,0.0,0.0,0.0,0.0,0.0,0.0,0.0,0.0,0.0,0.0,0.0,0.0,0.0,0.0,0.0,0.0
2017-05-28 06:08:00+02:00,0.0,0.0,0.0,0.0,0.0,0.0,0.0,0.0,0.0,0.0,0.0,0.0,0.0,0.0,0.0,0.0,0.0,0.0,0.0,0.0,0.0,0.0,0.0,0.0,0.0,0.0,0.0,0.0,0.0,0.0,0.0,0.0,0.0,0.0,0.0,0.0,0.0,0.0,0.0,0.0,0.0,0.0,0.0,0.0,0.0,0.0,0.0,0.0,0.0,0.0,0.0,0.0,0.0,0.0,0.0,0.0,0.0,0.0,0.0,0.0,0.0,0.0,0.0,0.0,0.0,0.0,0.0,0.0,0.0,0.0,0.0,0.0,0.0,0.0,0.0,0.0,0.0,0.0,0.0,0.0,0.0,0.0,0.0,0.0,0.0,0.0,0.0,0.0,0.0,0.0,0.0,0.0,0.0,0.0,0.0,0.0,0.0,0.0,0.0,0.0,0.0,0.0,0.0,0.0,0.0,0.0,0.0,0.0,0.0,0.0,0.0,0.0,0.0,0.0,0.0,0.0,0.0,0.0
2017-05-28 06:09:00+02:00,0.0,0.0,0.0,0.0,0.0,0.0,0.0,0.0,0.0,0.0,0.0,0.0,0.0,0.0,0.0,0.0,0.0,0.0,0.0,0.0,0.0,0.0,0.0,0.0,0.0,0.0,0.0,0.0,0.0,0.0,0.0,0.0,0.0,0.0,0.0,0.0,0.0,0.0,0.0,0.0,0.0,0.0,0.0,0.0,0.0,0.0,0.0,0.0,0.0,0.0,0.0,0.0,0.0,0.0,0.0,0.0,0.0,0.0,0.0,0.0,0.0,0.0,0.0,0.0,0.0,0.0,0.0,0.0,0.0,0.0,0.0,0.0,0.0,0.0,0.0,0.0,0.0,0.0,0.0,0.0,0.0,0.0,0.0,0.0,0.0,0.0,0.0,0.0,0.0,0.0,0.0,0.0,0.0,0.0,0.0,0.0,0.0,0.0,0.0,0.0,0.0,0.0,0.0,0.0,0.0,0.0,0.0,0.0,0.0,0.0,0.0,0.0,0.0,0.0,0.0,0.0,0.0,0.0
2017-05-28 06:10:00+02:00,0.0,0.0,0.0,0.0,0.0,0.0,0.0,0.0,0.0,0.0,0.0,0.0,0.0,0.0,0.0,0.0,0.0,0.0,0.0,0.0,0.0,0.0,0.0,0.0,0.0,0.0,0.0,0.0,0.0,0.0,0.0,0.0,0.0,0.0,0.0,0.0,0.0,0.0,0.0,0.0,0.0,0.0,0.0,0.0,0.0,0.0,0.0,0.0,0.0,0.0,0.0,0.0,0.0,0.0,0.0,0.0,0.0,0.0,0.0,0.0,0.0,0.0,0.0,0.0,0.0,0.0,0.0,0.0,0.0,0.0,0.0,0.0,0.0,0.0,0.0,0.0,0.0,0.0,0.0,0.0,0.0,0.0,0.0,0.0,0.0,0.0,0.0,0.0,0.0,0.0,0.0,0.0,0.0,0.0,0.0,0.0,0.0,0.0,0.0,0.0,0.0,0.0,0.0,0.0,0.0,0.0,0.0,0.0,0.0,0.0,0.0,0.0,0.0,0.0,0.0,0.0,0.0,0.0
2017-05-28 06:11:00+02:00,0.0,0.0,0.0,0.0,0.0,0.0,0.0,0.0,0.0,0.0,0.0,0.0,0.0,0.0,0.0,0.0,0.0,0.0,0.0,0.0,0.0,0.0,0.0,0.0,0.0,0.0,0.0,0.0,0.0,0.0,0.0,0.0,0.0,0.0,0.0,0.0,0.0,0.0,0.0,0.0,0.0,0.0,0.0,0.0,0.0,0.0,0.0,0.0,0.0,0.0,0.0,0.0,0.0,0.0,0.0,0.0,0.0,0.0,0.0,0.0,0.0,0.0,0.0,0.0,0.0,0.0,0.0,0.0,0.0,0.0,0.0,0.0,0.0,0.0,0.0,0.0,0.0,0.0,0.0,0.0,0.0,0.0,0.0,0.0,0.0,0.0,0.0,0.0,0.0,0.0,0.0,0.0,0.0,0.0,0.0,0.0,0.0,0.0,0.0,0.0,0.0,0.0,0.0,0.0,0.0,0.0,0.0,0.0,0.0,0.0,0.0,0.0,0.0,0.0,0.0,0.0,0.0,0.0
2017-05-28 06:12:00+02:00,0.0,0.0,0.0,0.0,0.0,0.0,0.0,0.0,0.0,0.0,0.0,0.0,0.0,0.0,0.0,0.0,0.0,0.0,0.0,0.0,0.0,0.0,0.0,0.0,0.0,0.0,0.0,0.0,0.0,0.0,0.0,0.0,0.0,0.0,0.0,0.0,0.0,0.0,0.0,0.0,0.0,0.0,0.0,0.0,0.0,0.0,0.0,0.0,0.0,0.0,0.0,0.0,0.0,0.0,0.0,0.0,0.0,0.0,0.0,0.0,0.0,0.0,0.0,0.0,0.0,0.0,0.0,0.0,0.0,0.0,0.0,0.0,0.0,0.0,0.0,0.0,0.0,0.0,0.0,0.0,0.0,0.0,0.0,0.0,0.0,0.0,0.0,0.0,0.0,0.0,0.0,0.0,0.0,0.0,0.0,0.0,0.0,0.0,0.0,0.0,0.0,0.0,0.0,0.0,0.0,0.0,0.0,0.0,0.0,0.0,0.0,0.0,0.0,0.0,0.0,0.0,0.0,0.0
2017-05-28 06:13:00+02:00,0.0,0.0,0.0,0.0,0.0,0.0,0.0,0.0,0.0,0.0,0.0,0.0,0.0,0.0,0.0,0.0,0.0,0.0,0.0,0.0,0.0,0.0,0.0,0.0,0.0,0.0,0.0,0.0,0.0,0.0,0.0,0.0,0.0,0.0,0.0,0.0,0.0,0.0,0.0,0.0,0.0,0.0,0.0,0.0,0.0,0.0,0.0,0.0,0.0,0.0,0.0,0.0,0.0,0.0,0.0,0.0,0.0,0.0,0.0,0.0,0.0,0.0,0.0,0.0,0.0,0.0,0.0,0.0,0.0,0.0,0.0,0.0,0.0,0.0,0.0,0.0,0.0,0.0,0.0,0.0,0.0,0.0,0.0,0.0,0.0,0.0,0.0,0.0,0.0,0.0,0.0,0.0,0.0,0.0,0.0,0.0,0.0,0.0,0.0,0.0,0.0,0.0,0.0,0.0,0.0,0.0,0.0,0.0,0.0,0.0,0.0,0.0,0.0,0.0,0.0,0.0,0.0,0.0
2017-05-28 06:14:00+02:00,0.0,0.0,0.0,0.0,0.0,0.0,0.0,0.0,0.0,0.0,0.0,0.0,0.0,0.0,0.0,0.0,0.0,0.0,0.0,0.0,0.0,0.0,0.0,0.0,0.0,0.0,0.0,0.0,0.0,0.0,0.0,0.0,0.0,0.0,0.0,0.0,0.0,0.0,0.0,0.0,0.0,0.0,0.0,0.0,0.0,0.0,0.0,0.0,0.0,0.0,0.0,0.0,0.0,0.0,0.0,0.0,0.0,0.0,0.0,0.0,0.0,0.0,0.0,0.0,0.0,0.0,0.0,0.0,0.0,0.0,0.0,0.0,0.0,0.0,0.0,0.0,0.0,0.0,0.0,0.0,0.0,0.0,0.0,0.0,0.0,0.0,0.0,0.0,0.0,0.0,0.0,0.0,0.0,0.0,0.0,0.0,0.0,0.0,0.0,0.0,0.0,0.0,0.0,0.0,0.0,0.0,0.0,0.0,0.0,0.0,0.0,0.0,0.0,0.0,0.0,0.0,0.0,0.0
2017-05-28 06:15:00+02:00,0.0,0.0,0.0,0.0,0.0,0.0,0.0,0.0,0.0,0.0,0.0,0.0,0.0,0.0,0.0,0.0,0.0,0.0,0.0,0.0,0.0,0.0,0.0,0.0,0.0,0.0,0.0,0.0,0.0,0.0,0.0,0.0,0.0,0.0,0.0,0.0,0.0,0.0,0.0,0.0,0.0,0.0,0.0,0.0,0.0,0.0,0.0,0.0,0.0,0.0,0.0,0.0,0.0,0.0,0.0,0.0,0.0,0.0,0.0,0.0,0.0,0.0,0.0,0.0,0.0,0.0,0.0,0.0,0.0,0.0,0.0,0.0,0.0,0.0,0.0,0.0,0.0,0.0,0.0,0.0,0.0,0.0,0.0,0.0,0.0,0.0,0.0,0.0,0.0,0.0,0.0,0.0,0.0,0.0,0.0,0.0,0.0,0.0,0.0,0.0,0.0,0.0,0.0,0.0,0.0,0.0,0.0,0.0,0.0,0.0,0.0,0.0,0.0,0.0,0.0,0.0,0.0,0.0
2017-05-28 06:16:00+02:00,0.0,0.0,0.0,0.0,0.0,0.0,0.0,0.0,0.0,0.0,0.0,0.0,0.0,0.0,0.0,0.0,0.0,0.0,0.0,0.0,0.0,0.0,0.0,0.0,0.0,0.0,0.0,0.0,0.0,0.0,0.0,0.0,0.0,0.0,0.0,0.0,0.0,0.0,0.0,0.0,0.0,0.0,0.0,0.0,0.0,0.0,0.0,0.0,0.0,0.0,0.0,0.0,0.0,0.0,0.0,0.0,0.0,0.0,0.0,0.0,0.0,0.0,0.0,0.0,0.0,0.0,0.0,0.0,0.0,0.0,0.0,0.0,0.0,0.0,0.0,0.0,0.0,0.0,0.0,0.0,0.0,0.0,0.0,0.0,0.0,0.0,0.0,0.0,0.0,0.0,0.0,0.0,0.0,0.0,0.0,0.0,0.0,0.0,0.0,0.0,0.0,0.0,0.0,0.0,0.0,0.0,0.0,0.0,0.0,0.0,0.0,0.0,0.0,0.0,0.0,0.0,0.0,0.0
2017-05-28 06:17:00+02:00,0.0,0.0,0.0,0.0,0.0,0.0,0.0,0.0,0.0,0.0,0.0,0.0,0.0,0.0,0.0,0.0,0.0,0.0,0.0,0.0,0.0,0.0,0.0,0.0,0.0,0.0,0.0,0.0,0.0,0.0,0.0,0.0,0.0,0.0,0.0,0.0,0.0,0.0,0.0,0.0,0.0,0.0,0.0,0.0,0.0,0.0,0.0,0.0,0.0,0.0,0.0,0.0,0.0,0.0,0.0,0.0,0.0,0.0,0.0,0.0,0.0,0.0,0.0,0.0,0.0,0.0,0.0,0.0,0.0,0.0,0.0,0.0,0.0,0.0,0.0,0.0,0.0,0.0,0.0,0.0,0.0,0.0,0.0,0.0,0.0,0.0,0.0,0.0,0.0,0.0,0.0,0.0,0.0,0.0,0.0,0.0,0.0,0.0,0.0,0.0,0.0,0.0,0.0,0.0,0.0,0.0,0.0,0.0,0.0,0.0,0.0,0.0,0.0,0.0,0.0,0.0,0.0,0.0
2017-05-28 06:18:00+02:00,0.0,0.0,0.0,0.0,0.0,0.0,0.0,0.0,0.0,0.0,0.0,0.0,0.0,0.0,0.0,0.0,0.0,0.0,0.0,0.0,0.0,0.0,0.0,0.0,0.0,0.0,0.0,0.0,0.0,0.0,0.0,0.0,0.0,0.0,0.0,0.0,0.0,0.0,0.0,0.0,0.0,0.0,0.0,0.0,0.0,0.0,0.0,0.0,0.0,0.0,0.0,0.0,0.0,0.0,0.0,0.0,0.0,0.0,0.0,0.0,0.0,0.0,0.0,0.0,0.0,0.0,0.0,0.0,0.0,0.0,0.0,0.0,0.0,0.0,0.0,0.0,0.0,0.0,0.0,0.0,0.0,0.0,0.0,0.0,0.0,0.0,0.0,0.0,0.0,0.0,0.0,0.0,0.0,0.0,0.0,0.0,0.0,0.0,0.0,0.0,0.0,0.0,0.0,0.0,0.0,0.0,0.0,0.0,0.0,0.0,0.0,0.0,0.0,0.0,0.0,0.0,0.0,0.0
2017-05-28 06:19:00+02:00,0.0,0.0,0.0,0.0,0.0,0.0,0.0,0.0,0.0,0.0,0.0,0.0,0.0,0.0,0.0,0.0,0.0,0.0,0.0,0.0,0.0,0.0,0.0,0.0,0.0,0.0,0.0,0.0,0.0,0.0,0.0,0.0,0.0,0.0,0.0,0.0,0.0,0.0,0.0,0.0,0.0,0.0,0.0,0.0,0.0,0.0,0.0,0.0,0.0,0.0,0.0,0.0,0.0,0.0,0.0,0.0,0.0,0.0,0.0,0.0,0.0,0.0,0.0,0.0,0.0,0.0,0.0,0.0,0.0,0.0,0.0,0.0,0.0,0.0,0.0,0.0,0.0,0.0,0.0,0.0,0.0,0.0,0.0,0.0,0.0,0.0,0.0,0.0,0.0,0.0,0.0,0.0,0.0,0.0,0.0,0.0,-1e-06,-1e-06,0.0,0.0,0.0,0.0,0.0,0.0,0.0,0.0,0.0,0.0,0.0,-1e-06,0.0,0.0,0.0,0.0,0.0,0.0,0.0,0.0
2017-05-28 06:20:00+02:00,0.0,0.0,0.0,0.0,0.0,0.0,0.0,0.0,0.0,0.0,0.0,0.0,0.0,0.0,0.0,0.0,0.0,0.0,0.0,0.0,0.0,0.0,0.0,0.0,0.0,-6e-06,0.0,0.0,0.0,0.0,0.0,0.0,0.0,0.0,0.0,0.0,0.0,0.0,0.0,0.0,0.0,0.0,0.0,0.0,0.0,0.0,0.0,0.0,0.0,0.0,0.0,0.0,0.0,0.0,0.0,0.0,0.0,0.0,0.0,0.0,0.0,0.0,0.0,0.0,0.0,0.0,0.0,0.0,0.0,0.0,0.0,0.0,0.0,0.0,0.0,0.0,0.0,0.0,0.0,0.0,0.0,0.0,0.0,0.0,0.0,0.0,0.0,0.0,0.0,0.0,0.0,0.0,0.0,0.0,0.0,0.0,-1e-05,-1e-05,0.0,0.0,0.0,0.0,0.0,0.0,0.0,0.0,0.0,0.0,0.0,-1.1e-05,0.0,0.0,0.0,0.0,0.0,0.0,0.0,0.0
2017-05-28 06:21:00+02:00,0.0,0.0,0.0,0.0,0.0,0.0,0.0,0.0,0.0,0.0,0.0,0.0,0.0,0.0,0.0,0.0,0.0,0.0,0.0,0.0,0.0,0.0,0.0,0.0,0.0,-1.9e-05,0.0,0.0,0.0,0.0,0.0,0.0,0.0,0.0,0.0,0.0,0.0,0.0,0.0,0.0,0.0,0.0,0.0,0.0,0.0,0.0,0.0,0.0,0.0,0.0,0.0,0.0,0.0,0.0,0.0,0.0,0.0,0.0,0.0,0.0,0.0,0.0,0.0,0.0,0.0,0.0,0.0,0.0,0.0,0.0,0.0,0.0,0.0,0.0,0.0,0.0,0.0,0.0,0.0,0.0,0.0,0.0,0.0,0.0,0.0,0.0,0.0,0.0,0.0,0.0,0.0,-0.0,0.0,0.0,0.0,0.0,-2.6e-05,-2.6e-05,0.0,0.0,0.0,0.0,0.0,0.0,0.0,0.0,0.0,0.0,0.0,-2.7e-05,0.0,0.0,0.0,0.0,0.0,0.0,0.0,0.0
2017-05-28 06:22:00+02:00,0.0,0.0,0.0,0.0,0.0,0.0,0.0,0.0,0.0,0.0,0.0,0.0,0.0,0.0,0.0,0.0,0.0,0.0,0.0,0.0,0.0,0.0,0.0,0.0,0.0,-3.7e-05,0.0,0.0,0.0,0.0,0.0,0.0,0.0,0.0,0.0,0.0,0.0,0.0,0.0,0.0,0.0,0.0,0.0,0.0,0.0,0.0,0.0,0.0,0.0,0.0,0.0,0.0,0.0,0.0,0.0,0.0,0.0,0.0,0.0,0.0,0.0,0.0,0.0,0.0,0.0,-7e-06,0.0,0.0,0.0,0.0,0.0,0.0,0.0,0.0,0.0,0.0,0.0,0.0,0.0,0.0,0.0,0.0,0.0,0.0,0.0,0.0,0.0,0.0,0.0,0.0,0.0,-1e-06,0.0,0.0,0.0,0.0,-4.6e-05,-4.7e-05,0.0,0.0,0.0,0.0,0.0,0.0,0.0,0.0,0.0,0.0,0.0,-4.8e-05,0.0,0.0,0.0,0.0,0.0,0.0,0.0,0.0
2017-05-28 06:23:00+02:00,0.0,0.0,0.0,0.0,0.0,0.0,0.0,0.0,0.0,0.0,0.0,0.0,0.0,0.0,0.0,-8e-06,0.0,0.0,0.0,0.0,0.0,0.0,0.0,0.0,0.0,-6.3e-05,0.0,0.0,0.0,0.0,0.0,0.0,0.0,0.0,0.0,0.0,0.0,0.0,0.0,0.0,0.0,0.0,0.0,0.0,0.0,0.0,0.0,0.0,0.0,0.0,0.0,0.0,-0.0,0.0,0.0,0.0,0.0,0.0,0.0,0.0,0.0,0.0,0.0,0.0,0.0,-2.3e-05,0.0,0.0,0.0,0.0,0.0,0.0,0.0,0.0,0.0,0.0,0.0,0.0,0.0,0.0,-0.0,0.0,0.0,0.0,0.0,0.0,0.0,0.0,0.0,0.0,0.0,-2e-06,0.0,0.0,0.0,0.0,-7.3e-05,-7.5e-05,0.0,0.0,0.0,0.0,0.0,0.0,0.0,0.0,0.0,0.0,0.0,-7.5e-05,0.0,0.0,0.0,0.0,0.0,0.0,0.0,0.0
2017-05-28 06:24:00+02:00,0.0,0.0,0.0,0.0,0.0,0.0,0.0,0.0,0.0,0.0,0.0,0.0,0.0,0.0,0.0,-2.5e-05,0.0,0.0,0.0,0.0,0.0,0.0,0.0,0.0,0.0,-9.4e-05,0.0,0.0,0.0,0.0,0.0,0.0,0.0,0.0,0.0,0.0,0.0,0.0,0.0,0.0,0.0,0.0,0.0,0.0,0.0,0.0,0.0,0.0,0.0,0.0,0.0,0.0,-1e-06,0.0,0.0,0.0,0.0,0.0,0.0,0.0,0.0,0.0,0.0,0.0,0.0,-4.6e-05,0.0,0.0,0.0,0.0,0.0,0.0,0.0,0.0,0.0,0.0,0.0,0.0,0.0,0.0,-1e-06,0.0,0.0,0.0,0.0,0.0,0.0,0.0,0.0,0.0,0.0,-3e-06,0.0,0.0,0.0,0.0,-0.000107,-0.000108,0.0,0.0,0.0,-1e-06,0.0,0.0,0.0,0.0,0.0,0.0,0.0,-0.000109,0.0,0.0,0.0,0.0,0.0,0.0,0.0,0.0
2017-05-28 06:25:00+02:00,0.0,0.0,0.0,0.0,0.0,0.0,0.0,0.0,0.0,0.0,0.0,0.0,0.0,0.0,0.0,-4.5e-05,0.0,0.0,0.0,0.0,0.0,0.0,0.0,0.0,0.0,-0.000126,0.0,0.0,0.0,0.0,0.0,0.0,0.0,0.0,0.0,0.0,0.0,0.0,0.0,0.0,0.0,0.0,0.0,0.0,0.0,0.0,0.0,0.0,0.0,0.0,0.0,0.0,-2e-06,0.0,0.0,0.0,0.0,0.0,0.0,0.0,0.0,0.0,0.0,0.0,0.0,-7.1e-05,0.0,0.0,0.0,0.0,0.0,0.0,0.0,0.0,0.0,0.0,0.0,0.0,0.0,0.0,-2e-06,0.0,0.0,0.0,0.0,0.0,0.0,0.0,0.0,0.0,0.0,-4e-06,0.0,0.0,0.0,0.0,-0.00014,-0.000142,0.0,0.0,0.0,-6e-06,0.0,0.0,0.0,0.0,0.0,0.0,0.0,-0.000142,0.0,0.0,0.0,0.0,0.0,0.0,0.0,0.0
2017-05-28 06:26:00+02:00,0.0,0.0,0.0,0.0,0.0,0.0,0.0,0.0,0.0,0.0,0.0,0.0,0.0,0.0,0.0,-6.6e-05,0.0,0.0,0.0,0.0,0.0,0.0,0.0,0.0,0.0,-0.000158,0.0,0.0,0.0,0.0,0.0,0.0,0.0,0.0,0.0,0.0,0.0,0.0,0.0,0.0,0.0,0.0,0.0,0.0,0.0,0.0,0.0,0.0,0.0,0.0,0.0,0.0,-3e-06,0.0,0.0,0.0,0.0,0.0,0.0,0.0,0.0,0.0,0.0,0.0,0.0,-9.7e-05,0.0,0.0,0.0,0.0,0.0,0.0,0.0,0.0,0.0,0.0,0.0,0.0,0.0,0.0,-3e-06,0.0,0.0,0.0,0.0,0.0,0.0,0.0,0.0,0.0,0.0,-5e-06,0.0,0.0,-0.0,0.0,-0.000173,-0.000176,0.0,0.0,0.0,-1.6e-05,0.0,0.0,0.0,0.0,0.0,0.0,-4e-06,-0.000176,0.0,0.0,0.0,0.0,0.0,0.0,0.0,0.0
2017-05-28 06:27:00+02:00,0.0,0.0,0.0,0.0,0.0,0.0,0.0,0.0,0.0,0.0,0.0,0.0,0.0,0.0,0.0,-8.6e-05,0.0,0.0,0.0,0.0,0.0,0.0,0.0,0.0,0.0,-0.000187,0.0,0.0,0.0,0.0,0.0,0.0,0.0,0.0,0.0,0.0,0.0,0.0,0.0,0.0,0.0,0.0,0.0,0.0,0.0,0.0,0.0,0.0,0.0,0.0,0.0,0.0,-4e-06,0.0,0.0,0.0,0.0,0.0,0.0,0.0,0.0,0.0,0.0,0.0,0.0,-0.000121,0.0,0.0,0.0,0.0,0.0,0.0,0.0,0.0,0.0,0.0,0.0,0.0,0.0,0.0,-4e-06,0.0,0.0,0.0,0.0,0.0,0.0,0.0,0.0,0.0,0.0,-6e-06,0.0,0.0,-0.0,0.0,-0.000204,-0.000206,0.0,0.0,0.0,-2.7e-05,0.0,0.0,0.0,0.0,0.0,0.0,-9e-06,-0.000207,0.0,0.0,0.0,0.0,0.0,0.0,0.0,0.0
2017-05-28 06:28:00+02:00,0.0,0.0,0.0,-5e-06,0.0,0.0,0.0,0.0,0.0,0.0,0.0,0.0,-0.0,0.0,0.0,-0.000112,0.0,0.0,0.0,0.0,0.0,0.0,0.0,0.0,0.0,-0.000222,0.0,0.0,0.0,0.0,0.0,0.0,0.0,0.0,0.0,0.0,0.0,0.0,0.0,0.0,0.0,0.0,0.0,0.0,0.0,0.0,0.0,0.0,0.0,0.0,0.0,0.0,-5e-06,-0.0,0.0,0.0,0.0,0.0,0.0,0.0,0.0,0.0,0.0,0.0,0.0,-0.000151,0.0,0.0,0.0,0.0,0.0,0.0,0.0,0.0,0.0,0.0,0.0,0.0,0.0,0.0,-5e-06,0.0,0.0,0.0,0.0,0.0,-2e-06,0.0,0.0,0.0,0.0,-8e-06,-0.0,0.0,-1e-06,0.0,-0.000239,-0.000242,0.0,0.0,0.0,-4.4e-05,0.0,0.0,0.0,-9e-06,-0.0,0.0,-2.2e-05,-0.000243,0.0,0.0,0.0,0.0,0.0,0.0,0.0,-0.0
2017-05-28 06:29:00+02:00,0.0,0.0,0.0,-1.6e-05,0.0,0.0,0.0,0.0,0.0,0.0,0.0,0.0,-1e-06,-0.0,0.0,-0.000143,0.0,0.0,0.0,-1e-06,0.0,0.0,0.0,0.0,0.0,-0.000259,0.0,0.0,0.0,0.0,0.0,0.0,0.0,0.0,0.0,0.0,0.0,0.0,0.0,0.0,0.0,0.0,0.0,0.0,0.0,0.0,0.0,0.0,0.0,0.0,0.0,0.0,-6e-06,-1e-06,0.0,0.0,0.0,0.0,0.0,0.0,0.0,0.0,-2e-06,0.0,0.0,-0.000184,0.0,0.0,0.0,0.0,0.0,0.0,0.0,0.0,-0.0,0.0,0.0,0.0,0.0,0.0,-6e-06,0.0,0.0,0.0,0.0,0.0,-8e-06,0.0,0.0,0.0,0.0,-1e-05,-1e-06,0.0,-2e-06,0.0,-0.000278,-0.000281,0.0,0.0,0.0,-6.6e-05,0.0,0.0,0.0,-2.7e-05,-1e-06,0.0,-4.2e-05,-0.000281,0.0,0.0,0.0,0.0,0.0,0.0,0.0,-1e-06
2017-05-28 06:30:00+02:00,0.0,0.0,0.0,-2.9e-05,0.0,0.0,0.0,0.0,0.0,0.0,0.0,0.0,-2e-06,-1e-06,0.0,-0.000174,0.0,0.0,0.0,-8e-06,0.0,-5e-06,0.0,0.0,0.0,-0.000298,0.0,0.0,0.0,0.0,0.0,0.0,0.0,0.0,-0.0,0.0,0.0,0.0,0.0,-4e-06,0.0,0.0,0.0,0.0,0.0,0.0,0.0,0.0,0.0,0.0,0.0,0.0,-8e-06,-2e-06,0.0,0.0,0.0,0.0,0.0,0.0,0.0,0.0,-9e-06,0.0,0.0,-0.000219,0.0,0.0,0.0,0.0,0.0,0.0,0.0,-0.0,-1e-06,0.0,0.0,0.0,0.0,0.0,-8e-06,0.0,0.0,0.0,0.0,0.0,-1.6e-05,0.0,0.0,0.0,0.0,-1.1e-05,-2e-06,0.0,-2e-06,0.0,-0.000317,-0.00032,0.0,0.0,0.0,-9e-05,0.0,0.0,0.0,-4.8e-05,-2e-06,0.0,-6.3e-05,-0.000321,0.0,0.0,0.0,0.0,0.0,0.0,0.0,-1e-06
2017-05-28 06:31:00+02:00,0.0,0.0,0.0,-3.4e-05,0.0,0.0,0.0,0.0,0.0,0.0,0.0,0.0,-3e-06,-1e-06,0.0,-0.000194,0.0,0.0,0.0,-7e-06,0.0,-4e-06,0.0,0.0,0.0,-0.000324,0.0,0.0,0.0,0.0,0.0,0.0,0.0,0.0,-0.0,0.0,0.0,0.0,0.0,-6e-06,0.0,0.0,0.0,0.0,0.0,0.0,0.0,0.0,0.0,0.0,0.0,0.0,-8e-06,-3e-06,0.0,0.0,0.0,0.0,0.0,0.0,0.0,0.0,-8e-06,0.0,0.0,-0.000241,0.0,0.0,0.0,0.0,0.0,0.0,0.0,-0.0,-1e-06,0.0,0.0,0.0,0.0,0.0,-9e-06,0.0,0.0,0.0,0.0,0.0,-2.3e-05,0.0,0.0,0.0,0.0,-1.2e-05,-2e-06,0.0,-3e-06,0.0,-0.000344,-0.000347,0.0,0.0,0.0,-0.000103,0.0,0.0,0.0,-6.6e-05,-2e-06,0.0,-7.4e-05,-0.000348,0.0,0.0,0.0,0.0,0.0,0.0,0.0,-2e-06
2017-05-28 06:32:00+02:00,0.0,0.0,0.0,-5.3e-05,0.0,0.0,0.0,0.0,-2e-06,0.0,0.0,0.0,-4e-06,-2e-06,0.0,-0.000231,0.0,0.0,0.0,-2.7e-05,0.0,-2.1e-05,0.0,0.0,-5e-06,-0.000367,0.0,0.0,0.0,0.0,0.0,-0.0,0.0,0.0,-1e-06,0.0,0.0,0.0,0.0,-2.5e-05,0.0,0.0,0.0,0.0,0.0,0.0,0.0,0.0,0.0,0.0,0.0,-0.0,-1e-05,-4e-06,0.0,0.0,0.0,0.0,0.0,0.0,-0.0,-1.1e-05,-2.4e-05,0.0,0.0,-0.000281,0.0,-2e-06,0.0,0.0,0.0,0.0,0.0,-1e-06,-2e-06,0.0,0.0,0.0,0.0,0.0,-1e-05,0.0,0.0,-1e-05,0.0,0.0,-3.8e-05,0.0,0.0,0.0,0.0,-1.3e-05,-3e-06,0.0,-4e-06,0.0,-0.000388,-0.000392,0.0,0.0,0.0,-0.000133,0.0,0.0,0.0,-9.8e-05,-4e-06,0.0,-0.000103,-0.000393,0.0,0.0,0.0,0.0,0.0,0.0,-7e-06,-3e-06
2017-05-28 06:33:00+02:00,0.0,0.0,0.0,-7.9e-05,0.0,0.0,0.0,0.0,-6e-06,0.0,0.0,0.0,-5e-06,-4e-06,0.0,-0.000275,0.0,0.0,0.0,-6.1e-05,0.0,-5.3e-05,0.0,0.0,-1.7e-05,-0.000418,0.0,0.0,0.0,0.0,0.0,-1e-06,0.0,-0.0,-2e-06,0.0,0.0,0.0,0.0,-5.2e-05,0.0,0.0,0.0,0.0,0.0,0.0,-2e-06,-5e-06,0.0,0.0,0.0,-1e-06,-1.1e-05,-5e-06,0.0,0.0,0.0,0.0,0.0,0.0,-1e-06,-3e-05,-4.8e-05,0.0,0.0,-0.000327,0.0,-9e-06,0.0,0.0,0.0,0.0,0.0,-2e-06,-3e-06,0.0,0.0,0.0,0.0,0.0,-1.2e-05,0.0,0.0,-2.6e-05,0.0,0.0,-5.5e-05,0.0,0.0,0.0,0.0,-1.5e-05,-5e-06,0.0,-5e-06,0.0,-0.000439,-0.000443,0.0,-1e-05,0.0,-0.000169,0.0,0.0,0.0,-0.000135,-5e-06,0.0,-0.000139,-0.000445,0.0,0.0,0.0,0.0,0.0,0.0,-2.4e-05,-5e-06
2017-05-28 06:34:00+02:00,0.0,0.0,0.0,-9.7e-05,0.0,0.0,0.0,0.0,-9e-06,0.0,0.0,0.0,-7e-06,-5e-06,0.0,-0.000307,0.0,0.0,0.0,-9.3e-05,0.0,-8.1e-05,0.0,0.0,-2.8e-05,-0.000456,0.0,0.0,0.0,0.0,0.0,-1e-06,0.0,-0.0,-3e-06,0.0,0.0,0.0,0.0,-7.5e-05,0.0,0.0,0.0,0.0,0.0,0.0,-1e-06,-1.1e-05,0.0,0.0,0.0,-2e-06,-1.3e-05,-7e-06,0.0,0.0,0.0,0.0,0.0,0.0,-2e-06,-4.8e-05,-6.4e-05,0.0,0.0,-0.000362,0.0,-1.6e-05,0.0,0.0,0.0,0.0,0.0,-3e-06,-4e-06,0.0,0.0,0.0,0.0,0.0,-1.4e-05,0.0,0.0,-4e-05,0.0,0.0,-7e-05,0.0,0.0,0.0,0.0,-1.7e-05,-6e-06,0.0,-6e-06,0.0,-0.000476,-0.000483,0.0,-2.1e-05,0.0,-0.000195,0.0,0.0,0.0,-0.000168,-6e-06,0.0,-0.000165,-0.000484,0.0,0.0,0.0,0.0,0.0,0.0,-3.5e-05,-6e-06
2017-05-28 06:35:00+02:00,0.0,0.0,0.0,-0.000122,0.0,0.0,0.0,0.0,-8e-06,0.0,0.0,0.0,-7e-06,-5e-06,0.0,-0.000347,0.0,0.0,0.0,-0.000124,0.0,-0.000109,0.0,0.0,-2.5e-05,-0.000501,0.0,0.0,0.0,0.0,0.0,-1e-06,0.0,-0.0,-3e-06,0.0,0.0,0.0,0.0,-7.8e-05,0.0,0.0,0.0,0.0,0.0,0.0,-7e-06,-1.7e-05,0.0,0.0,0.0,-3e-06,-1.4e-05,-7e-06,0.0,0.0,0.0,0.0,0.0,0.0,-3e-06,-4.7e-05,-8.8e-05,0.0,0.0,-0.000404,0.0,-2.4e-05,0.0,0.0,0.0,0.0,0.0,-4e-06,-4e-06,0.0,0.0,0.0,0.0,0.0,-1.6e-05,0.0,0.0,-4e-05,0.0,0.0,-7.3e-05,0.0,0.0,0.0,0.0,-1.9e-05,-6e-06,0.0,-8e-06,0.0,-0.000522,-0.00053,0.0,-1.7e-05,0.0,-0.000229,0.0,0.0,0.0,-0.000173,-7e-06,0.0,-0.0002,-0.000532,0.0,0.0,0.0,0.0,0.0,0.0,-5.6e-05,-7e-06
2017-05-28 06:36:00+02:00,0.0,0.0,0.0,-0.00015,0.0,0.0,0.0,0.0,-1.6e-05,0.0,0.0,0.0,-9e-06,-7e-06,0.0,-0.00039,0.0,0.0,0.0,-0.000162,0.0,-0.000143,0.0,0.0,-4.6e-05,-0.000549,0.0,0.0,0.0,0.0,0.0,-2e-06,0.0,-1e-06,-5e-06,0.0,0.0,0.0,0.0,-0.000115,0.0,0.0,0.0,0.0,0.0,0.0,-1.6e-05,-2.7e-05,0.0,0.0,0.0,-4e-06,-1.6e-05,-9e-06,0.0,0.0,0.0,0.0,0.0,0.0,-5e-06,-7.8e-05,-0.000116,0.0,0.0,-0.000449,0.0,-3.5e-05,0.0,0.0,0.0,0.0,0.0,-6e-06,-6e-06,0.0,0.0,0.0,0.0,0.0,-1.9e-05,0.0,0.0,-6.6e-05,0.0,0.0,-9.5e-05,0.0,0.0,0.0,0.0,-2.1e-05,-8e-06,0.0,-9e-06,0.0,-0.000569,-0.000581,0.0,-4.3e-05,0.0,-0.000266,0.0,0.0,0.0,-0.000218,-9e-06,0.0,-0.000239,-0.000583,0.0,0.0,0.0,0.0,0.0,0.0,-8.1e-05,-9e-06
2017-05-28 06:37:00+02:00,0.0,0.0,0.0,-0.000175,0.0,0.0,0.0,0.0,-2.3e-05,0.0,0.0,0.0,-1.1e-05,-8e-06,0.0,-0.000428,0.0,0.0,0.0,-0.000198,0.0,-0.000176,0.0,0.0,-6.5e-05,-0.000591,0.0,0.0,0.0,0.0,0.0,-3e-06,0.0,-2e-06,-6e-06,0.0,0.0,0.0,0.0,-0.000149,0.0,0.0,0.0,0.0,0.0,0.0,-2.4e-05,-3.7e-05,0.0,0.0,0.0,-5e-06,-1.8e-05,-1.1e-05,0.0,0.0,0.0,0.0,0.0,0.0,-6e-06,-0.000105,-0.000141,0.0,0.0,-0.000488,0.0,-4.5e-05,0.0,0.0,0.0,0.0,0.0,-7e-06,-8e-06,0.0,0.0,0.0,0.0,0.0,-2.1e-05,0.0,0.0,-8.9e-05,0.0,0.0,-0.000115,0.0,0.0,0.0,0.0,-2.2e-05,-1e-05,0.0,-1.1e-05,0.0,-0.00061,-0.000626,0.0,-6.8e-05,0.0,-0.000298,0.0,0.0,0.0,-0.000258,-1e-05,0.0,-0.000273,-0.000628,0.0,0.0,0.0,0.0,0.0,0.0,-0.000104,-1.1e-05
2017-05-28 06:38:00+02:00,0.0,0.0,0.0,-0.000195,0.0,0.0,0.0,0.0,-2.8e-05,0.0,0.0,0.0,-1.2e-05,-1e-05,0.0,-0.000459,0.0,0.0,0.0,-0.000226,0.0,-0.000201,0.0,0.0,-8e-05,-0.000625,0.0,0.0,0.0,0.0,0.0,-4e-06,0.0,-3e-06,-7e-06,0.0,0.0,0.0,0.0,-0.000174,0.0,0.0,0.0,0.0,0.0,0.0,-3e-05,-4.4e-05,0.0,0.0,0.0,-6e-06,-1.9e-05,-1.2e-05,0.0,0.0,0.0,0.0,0.0,0.0,-7e-06,-0.000126,-0.00016,0.0,0.0,-0.00052,0.0,-5.4e-05,0.0,0.0,0.0,0.0,0.0,-8e-06,-9e-06,0.0,0.0,0.0,0.0,0.0,-2.3e-05,0.0,0.0,-0.000107,0.0,0.0,-0.000131,0.0,0.0,0.0,0.0,-2.4e-05,-1.1e-05,0.0,-1.2e-05,0.0,-0.000644,-0.000663,0.0,-8.6e-05,0.0,-0.000325,0.0,0.0,0.0,-0.000288,-1.2e-05,0.0,-0.000301,-0.000666,0.0,0.0,0.0,0.0,0.0,0.0,-0.000122,-1.3e-05
2017-05-28 06:39:00+02:00,0.0,0.0,0.0,-0.00021,0.0,0.0,0.0,0.0,-3.3e-05,0.0,0.0,0.0,-1.3e-05,-1.1e-05,0.0,-0.000483,0.0,0.0,0.0,-0.000248,0.0,-0.000221,0.0,0.0,-9.3e-05,-0.000654,0.0,0.0,0.0,0.0,0.0,-5e-06,0.0,-3e-06,-8e-06,0.0,0.0,0.0,0.0,-0.000195,0.0,0.0,0.0,0.0,0.0,0.0,-3.5e-05,-5.1e-05,0.0,0.0,0.0,-7e-06,-2.1e-05,-1.3e-05,0.0,0.0,0.0,0.0,0.0,0.0,-9e-06,-0.000143,-0.000175,0.0,0.0,-0.000546,0.0,-6.1e-05,0.0,0.0,0.0,0.0,0.0,-9e-06,-1e-05,0.0,0.0,0.0,0.0,0.0,-2.6e-05,0.0,0.0,-0.000121,0.0,0.0,-0.000144,0.0,0.0,0.0,0.0,-2.5e-05,-1.2e-05,0.0,-1.3e-05,0.0,-0.000672,-0.000693,0.0,-0.000101,0.0,-0.000346,0.0,0.0,0.0,-0.000313,-1.3e-05,0.0,-0.000323,-0.000697,0.0,0.0,0.0,0.0,0.0,0.0,-0.000135,-1.4e-05
2017-05-28 06:40:00+02:00,0.0,0.0,0.0,-0.000227,0.0,0.0,0.0,0.0,-3.9e-05,0.0,0.0,0.0,-1.5e-05,-1.2e-05,0.0,-0.000509,0.0,0.0,0.0,-0.000275,0.0,-0.000245,0.0,0.0,-0.000108,-0.000683,0.0,0.0,0.0,0.0,0.0,-6e-06,0.0,-4e-06,-9e-06,0.0,0.0,0.0,0.0,-0.000218,0.0,0.0,0.0,0.0,0.0,0.0,-4.1e-05,-5.9e-05,0.0,0.0,0.0,-8e-06,-2.2e-05,-1.5e-05,0.0,0.0,0.0,0.0,0.0,0.0,-1e-05,-0.000163,-0.000192,0.0,0.0,-0.000573,0.0,-7e-05,0.0,0.0,0.0,0.0,0.0,-1e-05,-1.1e-05,0.0,0.0,0.0,0.0,0.0,-2.8e-05,0.0,0.0,-0.000138,0.0,0.0,-0.000159,0.0,0.0,0.0,0.0,-2.7e-05,-1.4e-05,0.0,-1.4e-05,0.0,-0.000701,-0.000724,0.0,-0.00012,0.0,-0.000368,0.0,0.0,0.0,-0.000341,-1.4e-05,-1e-06,-0.000346,-0.000729,0.0,0.0,0.0,0.0,0.0,0.0,-0.000151,-1.7e-05
2017-05-28 06:41:00+02:00,0.0,0.0,0.0,-0.000252,0.0,0.0,0.0,0.0,-4.8e-05,0.0,0.0,0.0,-1.7e-05,-1.4e-05,0.0,-0.000544,0.0,0.0,0.0,-0.000308,0.0,-0.000276,0.0,0.0,-0.00013,-0.000721,0.0,0.0,0.0,0.0,0.0,-7e-06,0.0,-5e-06,-1.1e-05,0.0,0.0,0.0,0.0,-0.000252,0.0,0.0,0.0,0.0,0.0,0.0,-5.2e-05,-7e-05,0.0,0.0,0.0,-9e-06,-2.4e-05,-1.7e-05,0.0,0.0,0.0,0.0,0.0,0.0,-1.2e-05,-0.000192,-0.000217,0.0,0.0,-0.00061,0.0,-8.2e-05,0.0,0.0,0.0,0.0,0.0,-1.2e-05,-1.3e-05,0.0,0.0,0.0,0.0,0.0,-3.1e-05,0.0,-6e-06,-0.000164,0.0,0.0,-0.000179,0.0,0.0,0.0,0.0,-2.9e-05,-1.5e-05,0.0,-1.6e-05,0.0,-0.000738,-0.000763,0.0,-0.000149,0.0,-0.000399,0.0,0.0,0.0,-0.000378,-1.6e-05,-1.5e-05,-0.000378,-0.000769,0.0,0.0,0.0,0.0,0.0,0.0,-0.000176,-1.9e-05
2017-05-28 06:42:00+02:00,0.0,0.0,0.0,-0.00028,0.0,0.0,0.0,0.0,-5.8e-05,0.0,0.0,0.0,-1.8e-05,-1.5e-05,0.0,-0.000584,0.0,0.0,0.0,-0.000339,0.0,-0.000304,0.0,0.0,-0.000155,-0.000765,0.0,0.0,-2e-06,0.0,0.0,-8e-06,0.0,-7e-06,-1.2e-05,0.0,0.0,0.0,0.0,-0.000289,0.0,0.0,0.0,0.0,0.0,-5e-06,-6.6e-05,-8.2e-05,0.0,0.0,0.0,-1.1e-05,-2.6e-05,-1.8e-05,0.0,0.0,0.0,0.0,0.0,0.0,-1.4e-05,-0.000225,-0.000246,0.0,0.0,-0.000651,0.0,-9.3e-05,0.0,0.0,0.0,0.0,0.0,-1.3e-05,-1.4e-05,0.0,0.0,0.0,0.0,0.0,-3.5e-05,0.0,-1.9e-05,-0.000191,0.0,0.0,-0.0002,0.0,0.0,0.0,0.0,-3.1e-05,-1.7e-05,0.0,-1.7e-05,0.0,-0.00078,-0.000808,0.0,-0.000181,0.0,-0.000434,0.0,0.0,0.0,-0.000416,-1.8e-05,-3.4e-05,-0.000416,-0.000814,0.0,0.0,0.0,0.0,0.0,0.0,-0.000206,-2.2e-05
2017-05-28 06:43:00+02:00,0.0,0.0,0.0,-0.00031,0.0,0.0,0.0,-1e-06,-6.8e-05,0.0,0.0,0.0,-2e-05,-1.7e-05,0.0,-0.000626,0.0,0.0,0.0,-0.000372,0.0,-0.000335,-1e-06,0.0,-0.000181,-0.00081,0.0,0.0,-6e-06,0.0,0.0,-1e-05,0.0,-8e-06,-1.4e-05,0.0,0.0,0.0,0.0,-0.000327,0.0,0.0,0.0,0.0,0.0,-1.6e-05,-8.2e-05,-9.4e-05,0.0,0.0,0.0,-1.2e-05,-2.7e-05,-2e-05,0.0,0.0,0.0,0.0,0.0,0.0,-1.7e-05,-0.000259,-0.000277,0.0,0.0,-0.000694,0.0,-0.000106,0.0,0.0,-0.0,0.0,0.0,-1.4e-05,-1.6e-05,0.0,0.0,0.0,0.0,0.0,-3.8e-05,0.0,-3.6e-05,-0.00022,0.0,0.0,-0.000223,0.0,0.0,0.0,0.0,-3.3e-05,-1.9e-05,0.0,-1.9e-05,0.0,-0.000824,-0.000854,0.0,-0.000216,0.0,-0.000471,-3e-06,0.0,0.0,-0.000456,-1.9e-05,-5.6e-05,-0.000454,-0.000862,0.0,-1e-06,0.0,0.0,0.0,-3e-06,-0.000237,-2.5e-05
2017-05-28 06:44:00+02:00,0.0,0.0,0.0,-0.00034,0.0,0.0,0.0,-4e-06,-7.9e-05,0.0,0.0,0.0,-2.2e-05,-1.9e-05,0.0,-0.000667,0.0,0.0,0.0,-0.000406,0.0,-0.000367,-7e-06,0.0,-0.000207,-0.000855,-0.0,0.0,-1.1e-05,0.0,0.0,-1.1e-05,0.0,-9e-06,-1.6e-05,0.0,0.0,-0.0,0.0,-0.000365,-0.0,0.0,-2e-06,0.0,0.0,-3.1e-05,-9.9e-05,-0.000107,-1e-06,0.0,0.0,-1.3e-05,-2.9e-05,-2.2e-05,0.0,0.0,0.0,0.0,0.0,0.0,-1.9e-05,-0.000293,-0.000308,0.0,0.0,-0.000737,0.0,-0.00012,0.0,0.0,-1e-06,0.0,0.0,-1.6e-05,-1.8e-05,0.0,0.0,0.0,0.0,0.0,-4.3e-05,0.0,-5.5e-05,-0.00025,0.0,0.0,-0.000245,0.0,0.0,0.0,0.0,-3.5e-05,-2.1e-05,0.0,-2.1e-05,0.0,-0.000868,-0.0009,0.0,-0.00025,0.0,-0.000509,-8e-06,0.0,-0.0,-0.000497,-2.1e-05,-8.1e-05,-0.000493,-0.000909,-0.0,-3e-06,0.0,0.0,0.0,-1.3e-05,-0.00027,-2.9e-05
2017-05-28 06:45:00+02:00,0.0,0.0,0.0,-0.000367,0.0,0.0,0.0,-8e-06,-9e-05,0.0,0.0,0.0,-2.4e-05,-2.1e-05,-0.0,-0.000703,0.0,0.0,0.0,-0.00044,0.0,-0.000398,-1.6e-05,0.0,-0.000232,-0.000895,-2e-06,0.0,-1.5e-05,0.0,0.0,-1.3e-05,0.0,-1.1e-05,-1.7e-05,0.0,0.0,-4e-06,0.0,-0.000401,-0.0,0.0,-6e-06,0.0,0.0,-4.4e-05,-0.000113,-0.000121,-3e-06,0.0,0.0,-1.5e-05,-3.1e-05,-2.4e-05,0.0,0.0,0.0,0.0,0.0,0.0,-2.2e-05,-0.000325,-0.000335,0.0,0.0,-0.000774,0.0,-0.000134,0.0,0.0,-1e-06,0.0,0.0,-1.7e-05,-1.9e-05,0.0,0.0,0.0,0.0,0.0,-4.7e-05,0.0,-7.2e-05,-0.000277,0.0,0.0,-0.000267,0.0,0.0,0.0,0.0,-3.7e-05,-2.2e-05,0.0,-2.2e-05,0.0,-0.000906,-0.000939,0.0,-0.000283,0.0,-0.000542,-1.4e-05,0.0,-1e-06,-0.000535,-2.3e-05,-0.000104,-0.000527,-0.00095,-1e-06,-5e-06,0.0,0.0,0.0,-2.4e-05,-0.000298,-3.2e-05
2017-05-28 06:46:00+02:00,0.0,0.0,0.0,-0.000394,0.0,0.0,0.0,-1.3e-05,-8.4e-05,0.0,0.0,0.0,-2.1e-05,-1.8e-05,-0.0,-0.00074,0.0,0.0,0.0,-0.000473,0.0,-0.00043,-2.6e-05,0.0,-0.000216,-0.000935,-5e-06,0.0,-2e-05,0.0,0.0,-1.2e-05,0.0,-1e-05,-1.5e-05,0.0,0.0,-1.1e-05,0.0,-0.000359,-1e-06,0.0,-1.3e-05,0.0,0.0,-5.9e-05,-0.000128,-0.000134,-3e-06,0.0,0.0,-1.6e-05,-3.3e-05,-2.1e-05,0.0,0.0,0.0,0.0,0.0,0.0,-2.5e-05,-0.000291,-0.000363,0.0,0.0,-0.000812,0.0,-0.000148,0.0,0.0,-2e-06,0.0,0.0,-1.9e-05,-1.7e-05,0.0,0.0,0.0,0.0,0.0,-5.1e-05,0.0,-8.9e-05,-0.000249,0.0,0.0,-0.000236,0.0,0.0,0.0,0.0,-3.9e-05,-2e-05,0.0,-2.4e-05,0.0,-0.000944,-0.000979,0.0,-0.000256,0.0,-0.000575,-2e-05,0.0,-2e-06,-0.000465,-2e-05,-8.3e-05,-0.000561,-0.000991,-2e-06,-9e-06,0.0,0.0,0.0,-3.6e-05,-0.000327,-2.9e-05
2017-05-28 06:47:00+02:00,0.0,0.0,0.0,-0.000419,0.0,0.0,0.0,-2e-05,-8.1e-05,0.0,0.0,0.0,-1.8e-05,-1.7e-05,-0.0,-0.000774,0.0,0.0,0.0,-0.000507,0.0,-0.000462,-4e-05,0.0,-0.000205,-0.000972,-1.2e-05,0.0,-2.5e-05,0.0,0.0,-1.1e-05,0.0,-9e-06,-1.4e-05,0.0,0.0,-2.2e-05,0.0,-0.000328,-2e-06,0.0,-2.2e-05,0.0,0.0,-7.4e-05,-0.000142,-0.000148,-2e-06,0.0,0.0,-1.8e-05,-3.5e-05,-1.8e-05,0.0,0.0,0.0,0.0,0.0,0.0,-2.8e-05,-0.000265,-0.000389,0.0,0.0,-0.000847,0.0,-0.000162,0.0,0.0,-3e-06,0.0,0.0,-2.1e-05,-1.6e-05,0.0,0.0,0.0,0.0,0.0,-5.6e-05,0.0,-0.000106,-0.000227,0.0,0.0,-0.000213,0.0,0.0,0.0,0.0,-4.1e-05,-1.8e-05,0.0,-2.6e-05,0.0,-0.000979,-0.001016,0.0,-0.000238,0.0,-0.000605,-2.7e-05,0.0,-4e-06,-0.000411,-1.8e-05,-6.7e-05,-0.000592,-0.001029,-3e-06,-1.2e-05,0.0,0.0,0.0,-5e-05,-0.000353,-2.7e-05
2017-05-28 06:48:00+02:00,0.0,0.0,0.0,-0.000444,0.0,0.0,0.0,-3e-05,-8.1e-05,0.0,0.0,0.0,-1.7e-05,-1.6e-05,-0.0,-0.000809,0.0,0.0,0.0,-0.00054,0.0,-0.000493,-6.1e-05,0.0,-0.000202,-0.00101,-2.2e-05,0.0,-3e-05,0.0,0.0,-1.1e-05,0.0,-8e-06,-1.4e-05,0.0,0.0,-4.2e-05,0.0,-0.000312,-3e-06,0.0,-3.2e-05,0.0,0.0,-9e-05,-0.000157,-0.000162,-2e-06,0.0,0.0,-1.9e-05,-3.7e-05,-1.7e-05,0.0,0.0,0.0,0.0,0.0,0.0,-3.2e-05,-0.000252,-0.000415,0.0,0.0,-0.000883,0.0,-0.000176,0.0,0.0,-4e-06,0.0,0.0,-2.2e-05,-1.5e-05,0.0,0.0,0.0,-5e-06,0.0,-6e-05,0.0,-0.000123,-0.000216,0.0,0.0,-0.000199,0.0,0.0,0.0,0.0,-4.3e-05,-1.7e-05,0.0,-2.7e-05,0.0,-0.001016,-0.001054,0.0,-0.000231,0.0,-0.000636,-3.4e-05,0.0,-7e-06,-0.000377,-1.7e-05,-5.3e-05,-0.000624,-0.001068,-4e-06,-1.6e-05,0.0,0.0,0.0,-6.5e-05,-0.000379,-2.6e-05
2017-05-28 06:49:00+02:00,0.0,0.0,0.0,-0.000469,0.0,0.0,0.0,-3.9e-05,-8.3e-05,0.0,0.0,0.0,-1.6e-05,-1.5e-05,-0.0,-0.000843,0.0,0.0,0.0,-0.000575,0.0,-0.000525,-8e-05,0.0,-0.000204,-0.001046,-3.2e-05,0.0,-3.6e-05,0.0,0.0,-1.1e-05,0.0,-8e-06,-1.3e-05,0.0,0.0,-5.9e-05,0.0,-0.000304,-5e-06,0.0,-4.6e-05,0.0,0.0,-0.000106,-0.000171,-0.000177,-1e-06,0.0,0.0,-2.1e-05,-3.9e-05,-1.6e-05,0.0,0.0,0.0,0.0,0.0,0.0,-3.5e-05,-0.000247,-0.00044,0.0,0.0,-0.000918,0.0,-0.000192,0.0,0.0,-6e-06,0.0,0.0,-2.4e-05,-1.5e-05,0.0,0.0,0.0,-1.1e-05,0.0,-6.5e-05,0.0,-0.00014,-0.000213,0.0,0.0,-0.000192,0.0,0.0,0.0,0.0,-4.5e-05,-1.6e-05,0.0,-2.9e-05,0.0,-0.001051,-0.001091,0.0,-0.00023,0.0,-0.000667,-4.3e-05,0.0,-1e-05,-0.000356,-1.6e-05,-4.7e-05,-0.000654,-0.001105,-6e-06,-2e-05,0.0,0.0,0.0,-8.3e-05,-0.000405,-2.5e-05
2017-05-28 06:50:00+02:00,0.0,0.0,0.0,-0.000496,0.0,0.0,-0.0,-4.7e-05,-8.7e-05,0.0,0.0,0.0,-1.5e-05,-1.5e-05,-0.0,-0.000879,0.0,0.0,0.0,-0.000615,0.0,-0.000564,-9.5e-05,0.0,-0.000212,-0.001086,-4e-05,0.0,-4.2e-05,0.0,0.0,-1.1e-05,0.0,-9e-06,-1.3e-05,0.0,0.0,-7.3e-05,0.0,-0.000308,-6e-06,0.0,-6.6e-05,0.0,0.0,-0.000125,-0.000187,-0.000195,-1e-06,0.0,0.0,-2.2e-05,-4e-05,-1.5e-05,0.0,0.0,0.0,0.0,0.0,0.0,-3.9e-05,-0.000252,-0.000468,0.0,0.0,-0.000956,0.0,-0.00021,0.0,0.0,-8e-06,0.0,0.0,-2.5e-05,-1.4e-05,0.0,0.0,0.0,-1.7e-05,0.0,-7e-05,0.0,-0.00016,-0.000217,0.0,0.0,-0.000192,0.0,0.0,0.0,0.0,-4.7e-05,-1.6e-05,0.0,-3e-05,0.0,-0.001089,-0.001131,0.0,-0.000239,0.0,-0.0007,-5.5e-05,0.0,-1.3e-05,-0.000349,-1.6e-05,-4.9e-05,-0.000688,-0.001147,-8e-06,-2.6e-05,-0.0,0.0,0.0,-0.000108,-0.000433,-2.6e-05
2017-05-28 06:51:00+02:00,0.0,0.0,0.0,-0.00052,0.0,0.0,-1e-05,-6.2e-05,-9.3e-05,0.0,0.0,0.0,-1.6e-05,-1.5e-05,-0.0,-0.00091,0.0,0.0,0.0,-0.000658,0.0,-0.000604,-0.000124,0.0,-0.000224,-0.001121,-5.7e-05,0.0,-4.8e-05,0.0,0.0,-1.2e-05,0.0,-9e-06,-1.4e-05,0.0,0.0,-0.000103,0.0,-0.000318,-9e-06,0.0,-8.9e-05,0.0,0.0,-0.000143,-0.000201,-0.000214,-1e-06,0.0,0.0,-2.4e-05,-4.1e-05,-1.6e-05,0.0,0.0,0.0,0.0,0.0,0.0,-4.4e-05,-0.000262,-0.000491,0.0,0.0,-0.000988,0.0,-0.00023,0.0,0.0,-1.1e-05,0.0,0.0,-2.7e-05,-1.5e-05,0.0,0.0,0.0,-3.9e-05,0.0,-7.5e-05,0.0,-0.000178,-0.000226,0.0,0.0,-0.000197,0.0,0.0,0.0,0.0,-4.8e-05,-1.6e-05,0.0,-3.1e-05,0.0,-0.001121,-0.001165,0.0,-0.000252,0.0,-0.000728,-6.8e-05,0.0,-1.9e-05,-0.000351,-1.6e-05,-5.7e-05,-0.000716,-0.001182,-1.1e-05,-3.1e-05,-2e-06,0.0,0.0,-0.000136,-0.000458,-2.8e-05
2017-05-28 06:52:00+02:00,0.0,0.0,0.0,-0.000541,0.0,0.0,-1.9e-05,-7.6e-05,-0.0001,0.0,0.0,0.0,-1.6e-05,-1.6e-05,-0.0,-0.000939,0.0,0.0,0.0,-0.000697,0.0,-0.000641,-0.000151,0.0,-0.000238,-0.001152,-7.3e-05,0.0,-5.4e-05,0.0,0.0,-1.3e-05,0.0,-1e-05,-1.4e-05,0.0,0.0,-0.00013,0.0,-0.000331,-1.2e-05,0.0,-0.00011,0.0,0.0,-0.000159,-0.000214,-0.000232,-1e-06,0.0,0.0,-2.6e-05,-4.2e-05,-1.6e-05,0.0,0.0,0.0,0.0,0.0,0.0,-4.8e-05,-0.000276,-0.000513,0.0,0.0,-0.001018,0.0,-0.000248,0.0,0.0,-1.3e-05,0.0,0.0,-2.8e-05,-1.5e-05,0.0,0.0,0.0,-5.9e-05,0.0,-8e-05,0.0,-0.000194,-0.000238,0.0,0.0,-0.000205,0.0,0.0,0.0,0.0,-4.9e-05,-1.6e-05,0.0,-3.2e-05,0.0,-0.001151,-0.001195,0.0,-0.000267,0.0,-0.000753,-8e-05,0.0,-2.4e-05,-0.00036,-1.6e-05,-6.7e-05,-0.000741,-0.001214,-1.3e-05,-3.5e-05,-3e-06,0.0,0.0,-0.000161,-0.00048,-3e-05
2017-05-28 06:53:00+02:00,0.0,0.0,0.0,-0.000561,0.0,0.0,-3e-05,-9e-05,-0.000108,0.0,0.0,0.0,-1.6e-05,-1.6e-05,-0.0,-0.000965,0.0,0.0,0.0,-0.000737,0.0,-0.00068,-0.000178,0.0,-0.000254,-0.001181,-9e-05,0.0,-6e-05,0.0,0.0,-1.4e-05,0.0,-1.1e-05,-1.5e-05,0.0,0.0,-0.000159,0.0,-0.00035,-1.5e-05,0.0,-0.000131,0.0,0.0,-0.000174,-0.000226,-0.00025,-1e-06,0.0,0.0,-2.8e-05,-4.3e-05,-1.6e-05,0.0,0.0,0.0,0.0,0.0,-3e-06,-5.4e-05,-0.000293,-0.000533,0.0,0.0,-0.001045,-1e-06,-0.000267,0.0,0.0,-1.6e-05,0.0,0.0,-3e-05,-1.6e-05,0.0,0.0,0.0,-8.2e-05,0.0,-8.5e-05,0.0,-0.000209,-0.000254,0.0,0.0,-0.000215,0.0,0.0,0.0,0.0,-5.1e-05,-1.7e-05,0.0,-3.3e-05,0.0,-0.001177,-0.001223,0.0,-0.000287,0.0,-0.000777,-9.2e-05,0.0,-3e-05,-0.000374,-1.7e-05,-8.1e-05,-0.000765,-0.001243,-1.6e-05,-4e-05,-5e-06,0.0,0.0,-0.000186,-0.000501,-3.2e-05
2017-05-28 06:54:00+02:00,0.0,0.0,0.0,-0.000585,0.0,0.0,-4.2e-05,-0.000104,-0.000119,0.0,0.0,0.0,-1.7e-05,-1.8e-05,-0.0,-0.000996,0.0,0.0,0.0,-0.000778,0.0,-0.000718,-0.000204,0.0,-0.000274,-0.001214,-0.000107,0.0,-6.7e-05,0.0,0.0,-1.5e-05,0.0,-1.2e-05,-1.6e-05,0.0,0.0,-0.000187,0.0,-0.000374,-1.8e-05,0.0,-0.000153,0.0,0.0,-0.000193,-0.000241,-0.000269,-2e-06,0.0,0.0,-3e-05,-4.5e-05,-1.7e-05,0.0,0.0,0.0,0.0,0.0,-1e-05,-5.9e-05,-0.000316,-0.000557,0.0,0.0,-0.001077,-5e-06,-0.000287,0.0,-1e-06,-1.9e-05,0.0,0.0,-3.2e-05,-1.7e-05,0.0,0.0,0.0,-0.000106,0.0,-9.1e-05,0.0,-0.000228,-0.000274,0.0,0.0,-0.000231,0.0,0.0,0.0,0.0,-5.4e-05,-1.8e-05,0.0,-3.4e-05,0.0,-0.001209,-0.001256,0.0,-0.000312,0.0,-0.000805,-0.000105,0.0,-3.6e-05,-0.000395,-1.9e-05,-0.000101,-0.000792,-0.001277,-2e-05,-4.7e-05,-8e-06,0.0,0.0,-0.000212,-0.000525,-3.6e-05
2017-05-28 06:55:00+02:00,0.0,0.0,0.0,-0.000617,0.0,0.0,-5.6e-05,-0.000119,-0.000131,0.0,0.0,0.0,-1.9e-05,-1.9e-05,-0.0,-0.001038,0.0,0.0,0.0,-0.000815,0.0,-0.000754,-0.000233,0.0,-0.000298,-0.001259,-0.000125,0.0,-7.7e-05,0.0,0.0,-1.7e-05,0.0,-1.3e-05,-1.8e-05,0.0,0.0,-0.000217,0.0,-0.000404,-2.1e-05,0.0,-0.000174,0.0,0.0,-0.000221,-0.000262,-0.000287,-6e-06,0.0,0.0,-3.2e-05,-4.7e-05,-1.9e-05,0.0,0.0,0.0,0.0,0.0,-2.2e-05,-6.4e-05,-0.000345,-0.000591,0.0,0.0,-0.00112,-1.2e-05,-0.000305,0.0,-3e-06,-2.2e-05,0.0,0.0,-3.4e-05,-1.8e-05,0.0,0.0,0.0,-0.000132,0.0,-9.8e-05,0.0,-0.000255,-0.000299,0.0,0.0,-0.00025,0.0,0.0,0.0,0.0,-5.6e-05,-1.9e-05,0.0,-3.6e-05,0.0,-0.001251,-0.001301,0.0,-0.000342,0.0,-0.000843,-0.000118,0.0,-4.3e-05,-0.000424,-2e-05,-0.000125,-0.000831,-0.001323,-2.3e-05,-5.6e-05,-1.1e-05,0.0,0.0,-0.000237,-0.00056,-4e-05
2017-05-28 06:56:00+02:00,0.0,0.0,0.0,-0.000641,0.0,0.0,-6.3e-05,-0.000129,-0.000139,0.0,0.0,0.0,-1.9e-05,-2e-05,-0.0,-0.001068,0.0,0.0,0.0,-0.000845,0.0,-0.000782,-0.000251,0.0,-0.000313,-0.001292,-0.000136,0.0,-8.4e-05,0.0,0.0,-1.8e-05,0.0,-1.4e-05,-1.8e-05,0.0,0.0,-0.000235,0.0,-0.000421,-2.4e-05,0.0,-0.00019,0.0,0.0,-0.000238,-0.000276,-0.000302,-7e-06,0.0,0.0,-3.4e-05,-4.8e-05,-1.9e-05,0.0,0.0,0.0,0.0,0.0,-2.4e-05,-6.9e-05,-0.000361,-0.000614,0.0,0.0,-0.001152,-1.3e-05,-0.00032,0.0,-3e-06,-2.4e-05,0.0,0.0,-3.5e-05,-1.9e-05,0.0,0.0,0.0,-0.000146,0.0,-0.000104,0.0,-0.000272,-0.000314,0.0,0.0,-0.000261,0.0,0.0,0.0,0.0,-5.9e-05,-2e-05,0.0,-3.7e-05,0.0,-0.001282,-0.001333,0.0,-0.000359,0.0,-0.000872,-0.000127,0.0,-4.7e-05,-0.000441,-2.1e-05,-0.000137,-0.000859,-0.001356,-2.6e-05,-6.2e-05,-1.3e-05,0.0,0.0,-0.000255,-0.000584,-4.3e-05
2017-05-28 06:57:00+02:00,0.0,0.0,0.0,-0.000662,0.0,0.0,-7.3e-05,-0.00014,-0.000145,0.0,0.0,0.0,-2e-05,-2e-05,-0.0,-0.001095,0.0,0.0,0.0,-0.000876,0.0,-0.000813,-0.000271,0.0,-0.000325,-0.001322,-0.000149,0.0,-9e-05,0.0,0.0,-1.9e-05,0.0,-1.4e-05,-1.9e-05,0.0,0.0,-0.000256,0.0,-0.000435,-2.7e-05,0.0,-0.000207,0.0,0.0,-0.000254,-0.000289,-0.000318,-8e-06,0.0,0.0,-3.6e-05,-4.9e-05,-2e-05,0.0,0.0,0.0,0.0,0.0,-3e-05,-7.4e-05,-0.000374,-0.000635,0.0,0.0,-0.001179,-1.7e-05,-0.000337,0.0,-4e-06,-2.7e-05,0.0,0.0,-3.6e-05,-2e-05,0.0,0.0,0.0,-0.000164,0.0,-0.000111,0.0,-0.000288,-0.000326,0.0,0.0,-0.000271,0.0,0.0,0.0,0.0,-6.2e-05,-2.1e-05,0.0,-3.8e-05,0.0,-0.00131,-0.001362,0.0,-0.000373,0.0,-0.000896,-0.000138,0.0,-5.2e-05,-0.000454,-2.3e-05,-0.000147,-0.000883,-0.001386,-2.9e-05,-6.8e-05,-1.6e-05,0.0,0.0,-0.000276,-0.000604,-4.6e-05
2017-05-28 06:58:00+02:00,0.0,0.0,0.0,-0.000686,0.0,0.0,-9.1e-05,-0.000159,-0.000152,0.0,0.0,0.0,-2.1e-05,-2.1e-05,-0.0,-0.001126,0.0,0.0,0.0,-0.000909,0.0,-0.000844,-0.000305,0.0,-0.000336,-0.001356,-0.000171,0.0,-9.8e-05,0.0,0.0,-2e-05,0.0,-1.5e-05,-2e-05,0.0,0.0,-0.000292,0.0,-0.000452,-3.2e-05,0.0,-0.000229,0.0,0.0,-0.000273,-0.000304,-0.000336,-1e-05,0.0,0.0,-3.9e-05,-5.1e-05,-2.1e-05,0.0,0.0,0.0,0.0,0.0,-5.5e-05,-8e-05,-0.00039,-0.000659,0.0,0.0,-0.001212,-3.2e-05,-0.000355,0.0,-9e-06,-3e-05,0.0,0.0,-3.8e-05,-2.1e-05,0.0,0.0,0.0,-0.000196,0.0,-0.000118,0.0,-0.000306,-0.00034,0.0,0.0,-0.000283,0.0,0.0,0.0,0.0,-6.5e-05,-2.2e-05,0.0,-4e-05,0.0,-0.001341,-0.001395,0.0,-0.000387,0.0,-0.000924,-0.000151,0.0,-6.1e-05,-0.000472,-2.4e-05,-0.000159,-0.000911,-0.001421,-3.4e-05,-7.5e-05,-2e-05,0.0,0.0,-0.0003,-0.000629,-5e-05
2017-05-28 06:59:00+02:00,0.0,0.0,0.0,-0.000704,0.0,0.0,-0.000105,-0.000173,-0.000151,0.0,0.0,0.0,-2.1e-05,-2.1e-05,-0.0,-0.00115,0.0,0.0,0.0,-0.00092,0.0,-0.000855,-0.000331,0.0,-0.000332,-0.001382,-0.000188,0.0,-0.000104,0.0,0.0,-2e-05,0.0,-1.5e-05,-2e-05,0.0,0.0,-0.000319,0.0,-0.000449,-3.6e-05,0.0,-0.000238,0.0,0.0,-0.000285,-0.000315,-0.000344,-8e-06,0.0,0.0,-4e-05,-5.2e-05,-2.1e-05,0.0,0.0,0.0,0.0,0.0,-7.2e-05,-8.4e-05,-0.000387,-0.000677,0.0,0.0,-0.001236,-4.2e-05,-0.000364,0.0,-1.2e-05,-3.2e-05,0.0,0.0,-3.8e-05,-2.1e-05,0.0,0.0,0.0,-0.000221,0.0,-0.000124,0.0,-0.000318,-0.000338,0.0,0.0,-0.000284,0.0,0.0,0.0,0.0,-6.8e-05,-2.1e-05,0.0,-4e-05,0.0,-0.001365,-0.00142,0.0,-0.000381,0.0,-0.000946,-0.000157,0.0,-6.8e-05,-0.00047,-2.4e-05,-0.000153,-0.000931,-0.001447,-3.8e-05,-7.9e-05,-2.2e-05,0.0,0.0,-0.00031,-0.000646,-5.1e-05
2017-05-28 07:00:00+02:00,0.0,0.0,0.0,-0.00073,0.0,0.0,-0.000122,-0.000191,-0.000162,0.0,0.0,0.0,-2.2e-05,-2.2e-05,-1e-06,-0.001183,0.0,0.0,0.0,-0.000954,0.0,-0.000888,-0.000361,0.0,-0.000353,-0.001418,-0.000208,0.0,-0.000113,0.0,0.0,-2.2e-05,0.0,-1.6e-05,-2.1e-05,0.0,0.0,-0.00035,0.0,-0.000473,-4e-05,0.0,-0.000258,0.0,0.0,-0.000307,-0.000332,-0.000363,-1.2e-05,0.0,0.0,-4.3e-05,-5.3e-05,-2.2e-05,0.0,0.0,0.0,0.0,0.0,-9.4e-05,-9e-05,-0.000409,-0.000704,0.0,0.0,-0.001271,-5.5e-05,-0.000383,0.0,-1.7e-05,-3.6e-05,0.0,0.0,-4e-05,-2.2e-05,0.0,0.0,0.0,-0.000249,0.0,-0.000132,0.0,-0.000339,-0.000358,0.0,0.0,-0.0003,0.0,0.0,0.0,0.0,-7.1e-05,-2.2e-05,0.0,-4.2e-05,0.0,-0.001398,-0.001454,0.0,-0.000405,0.0,-0.000976,-0.00017,0.0,-7.7e-05,-0.000495,-2.6e-05,-0.000172,-0.000962,-0.001483,-4.3e-05,-8.8e-05,-2.6e-05,0.0,-1e-06,-0.000334,-0.000673,-5.6e-05
2017-05-28 07:01:00+02:00,0.0,0.0,0.0,-0.000757,0.0,0.0,-0.00014,-0.000209,-0.000175,0.0,0.0,0.0,-2.3e-05,-2.3e-05,-1e-06,-0.001217,0.0,0.0,0.0,-0.000998,0.0,-0.00093,-0.000393,0.0,-0.000375,-0.001453,-0.00023,0.0,-0.000122,0.0,0.0,-2.4e-05,0.0,-1.7e-05,-2.2e-05,0.0,0.0,-0.000383,0.0,-0.000498,-4.6e-05,0.0,-0.000284,0.0,0.0,-0.000329,-0.00035,-0.000385,-1.8e-05,0.0,0.0,-4.7e-05,-5.5e-05,-2.3e-05,0.0,0.0,0.0,0.0,0.0,-0.000118,-9.8e-05,-0.000433,-0.000731,0.0,0.0,-0.001305,-7e-05,-0.000406,0.0,-2.3e-05,-4.1e-05,0.0,0.0,-4.2e-05,-2.3e-05,0.0,0.0,0.0,-0.00028,0.0,-0.000141,0.0,-0.000361,-0.000379,0.0,0.0,-0.000318,0.0,0.0,0.0,0.0,-7.5e-05,-2.4e-05,0.0,-4.3e-05,0.0,-0.001431,-0.001489,0.0,-0.00043,0.0,-0.001007,-0.000185,0.0,-8.6e-05,-0.00052,-2.9e-05,-0.000192,-0.000993,-0.001519,-4.8e-05,-9.7e-05,-3.2e-05,0.0,-9e-06,-0.000362,-0.000701,-6.1e-05
2017-05-28 07:02:00+02:00,0.0,0.0,0.0,-0.000786,0.0,0.0,-0.000156,-0.000226,-0.00019,0.0,0.0,0.0,-2.5e-05,-2.5e-05,-2e-06,-0.001252,0.0,0.0,0.0,-0.001041,0.0,-0.000972,-0.000421,0.0,-0.000402,-0.001491,-0.000248,0.0,-0.000133,0.0,0.0,-2.7e-05,0.0,-1.8e-05,-2.4e-05,0.0,0.0,-0.000412,0.0,-0.000531,-5.1e-05,0.0,-0.000311,0.0,0.0,-0.000354,-0.000369,-0.000408,-2.6e-05,0.0,0.0,-5.1e-05,-5.7e-05,-2.5e-05,0.0,0.0,0.0,0.0,0.0,-0.000141,-0.000107,-0.000465,-0.00076,0.0,0.0,-0.001341,-8.3e-05,-0.000429,0.0,-2.8e-05,-4.6e-05,0.0,0.0,-4.4e-05,-2.5e-05,0.0,0.0,0.0,-0.000307,0.0,-0.00015,0.0,-0.000385,-0.000408,0.0,0.0,-0.000341,0.0,0.0,0.0,0.0,-8e-05,-2.6e-05,0.0,-4.5e-05,-4e-06,-0.001466,-0.001525,0.0,-0.000463,0.0,-0.001041,-0.000202,0.0,-9.4e-05,-0.000555,-3.2e-05,-0.000219,-0.001026,-0.001557,-5.3e-05,-0.000106,-3.8e-05,0.0,-1.7e-05,-0.000392,-0.00073,-6.7e-05
2017-05-28 07:03:00+02:00,0.0,0.0,0.0,-0.000804,0.0,0.0,-0.000168,-0.000239,-0.000199,0.0,0.0,0.0,-2.6e-05,-2.6e-05,-2e-06,-0.001273,0.0,0.0,0.0,-0.001076,0.0,-0.001006,-0.000443,0.0,-0.000417,-0.001514,-0.000263,0.0,-0.000139,0.0,0.0,-2.9e-05,0.0,-1.9e-05,-2.5e-05,0.0,0.0,-0.000433,0.0,-0.000547,-5.5e-05,0.0,-0.00033,0.0,0.0,-0.000367,-0.00038,-0.000427,-2.8e-05,0.0,0.0,-5.5e-05,-5.9e-05,-2.6e-05,0.0,0.0,0.0,0.0,0.0,-0.000155,-0.000115,-0.000479,-0.000777,0.0,0.0,-0.001363,-9.3e-05,-0.000449,0.0,-3.2e-05,-5e-05,0.0,0.0,-4.6e-05,-2.5e-05,0.0,0.0,0.0,-0.000326,0.0,-0.000158,0.0,-0.000398,-0.000421,0.0,0.0,-0.000353,0.0,0.0,0.0,0.0,-8.5e-05,-2.7e-05,0.0,-4.7e-05,-3e-06,-0.001487,-0.001547,0.0,-0.000478,0.0,-0.00106,-0.000214,0.0,-0.000101,-0.000572,-3.4e-05,-0.000229,-0.001044,-0.00158,-5.8e-05,-0.000112,-4.3e-05,0.0,-2e-05,-0.000414,-0.000747,-7.2e-05
2017-05-28 07:04:00+02:00,0.0,0.0,0.0,-0.000817,0.0,0.0,-0.000174,-0.000247,-0.000208,0.0,0.0,0.0,-2.7e-05,-2.7e-05,-2e-06,-0.00129,0.0,0.0,0.0,-0.001096,0.0,-0.001026,-0.000455,0.0,-0.000433,-0.001534,-0.000271,0.0,-0.000144,0.0,0.0,-3.1e-05,0.0,-2e-05,-2.5e-05,0.0,0.0,-0.000444,0.0,-0.000564,-5.8e-05,0.0,-0.000336,0.0,0.0,-0.000374,-0.000389,-0.000439,-3.1e-05,0.0,0.0,-5.8e-05,-6e-05,-2.7e-05,0.0,0.0,0.0,0.0,0.0,-0.000161,-0.00012,-0.000495,-0.00079,0.0,0.0,-0.00138,-9.6e-05,-0.000462,0.0,-3.3e-05,-5.2e-05,0.0,0.0,-4.7e-05,-2.6e-05,0.0,0.0,0.0,-0.000335,0.0,-0.000165,0.0,-0.000406,-0.000436,0.0,0.0,-0.000366,0.0,0.0,0.0,0.0,-8.9e-05,-2.8e-05,0.0,-4.7e-05,-3e-06,-0.001504,-0.001566,0.0,-0.000494,0.0,-0.001075,-0.00022,0.0,-0.000106,-0.000591,-3.6e-05,-0.00024,-0.001058,-0.0016,-6.1e-05,-0.000116,-4.4e-05,0.0,-1.6e-05,-0.000421,-0.000758,-7.6e-05
2017-05-28 07:05:00+02:00,0.0,0.0,-4e-06,-0.000852,-5e-06,0.0,-0.000197,-0.000269,-0.000228,0.0,0.0,0.0,-2.9e-05,-2.9e-05,-4e-06,-0.001333,0.0,0.0,0.0,-0.001143,0.0,-0.001072,-0.000493,0.0,-0.000468,-0.001579,-0.000297,0.0,-0.000157,0.0,0.0,-3.5e-05,0.0,-2.2e-05,-2.7e-05,0.0,0.0,-0.000483,0.0,-0.000607,-6.5e-05,0.0,-0.000367,0.0,0.0,-0.000404,-0.000412,-0.000465,-4.3e-05,0.0,0.0,-6.2e-05,-6.2e-05,-2.9e-05,0.0,0.0,0.0,0.0,0.0,-0.000193,-0.00013,-0.000536,-0.000825,0.0,-8e-06,-0.001425,-0.000117,-0.000488,0.0,-4.2e-05,-5.8e-05,0.0,0.0,-4.9e-05,-2.8e-05,0.0,0.0,0.0,-0.000372,0.0,-0.000176,0.0,-0.000435,-0.000473,0.0,0.0,-0.000396,0.0,0.0,0.0,0.0,-9.4e-05,-3e-05,0.0,-4.9e-05,-2.2e-05,-0.001547,-0.00161,0.0,-0.000537,0.0,-0.001115,-0.000239,0.0,-0.000118,-0.000637,-4e-05,-0.000276,-0.001098,-0.001646,-6.8e-05,-0.000128,-5.3e-05,0.0,-4e-05,-0.000456,-0.000794,-8.5e-05
2017-05-28 07:06:00+02:00,0.0,0.0,-4e-06,-0.000875,-6e-06,0.0,-0.000214,-0.000287,-0.00024,0.0,0.0,0.0,-3e-05,-3e-05,-5e-06,-0.001361,0.0,0.0,0.0,-0.001181,0.0,-0.001109,-0.000521,0.0,-0.000488,-0.001611,-0.000317,0.0,-0.000166,0.0,0.0,-3.8e-05,0.0,-2.3e-05,-2.9e-05,0.0,0.0,-0.000512,0.0,-0.000628,-7.1e-05,0.0,-0.00039,0.0,0.0,-0.000422,-0.000427,-0.000487,-4.9e-05,0.0,0.0,-6.7e-05,-6.3e-05,-3e-05,0.0,0.0,0.0,0.0,0.0,-0.000216,-0.00014,-0.000557,-0.000848,0.0,-1.2e-05,-0.001454,-0.000131,-0.000511,0.0,-4.8e-05,-6.4e-05,0.0,0.0,-5.2e-05,-3e-05,0.0,0.0,0.0,-0.000399,0.0,-0.000186,0.0,-0.000453,-0.000492,0.0,0.0,-0.000412,0.0,0.0,0.0,0.0,-0.0001,-3.1e-05,0.0,-5.1e-05,-2.7e-05,-0.001576,-0.00164,0.0,-0.00056,0.0,-0.001142,-0.000255,0.0,-0.000127,-0.000659,-4.4e-05,-0.000294,-0.001123,-0.001678,-7.5e-05,-0.000136,-5.9e-05,0.0,-5.5e-05,-0.000482,-0.000817,-9.1e-05
2017-05-28 07:07:00+02:00,0.0,0.0,-1.1e-05,-0.000905,-1e-05,0.0,-0.000232,-0.000305,-0.000255,0.0,0.0,0.0,-3.2e-05,-3.2e-05,-6e-06,-0.001399,0.0,0.0,0.0,-0.001223,0.0,-0.001149,-0.00055,0.0,-0.000515,-0.001651,-0.000337,0.0,-0.000178,0.0,0.0,-4.2e-05,0.0,-2.5e-05,-3e-05,0.0,0.0,-0.000541,0.0,-0.00066,-7.8e-05,0.0,-0.000418,0.0,0.0,-0.000447,-0.000447,-0.000511,-5.9e-05,0.0,0.0,-7.3e-05,-6.6e-05,-3.2e-05,0.0,0.0,0.0,0.0,0.0,-0.00024,-0.00015,-0.000587,-0.000878,0.0,-2.1e-05,-0.001493,-0.000147,-0.000535,0.0,-5.5e-05,-7e-05,0.0,0.0,-5.4e-05,-3.1e-05,0.0,0.0,0.0,-0.000427,0.0,-0.000197,0.0,-0.000477,-0.00052,0.0,0.0,-0.000435,0.0,0.0,0.0,0.0,-0.000107,-3.3e-05,0.0,-5.3e-05,-4.1e-05,-0.001612,-0.001679,0.0,-0.00059,0.0,-0.001176,-0.000272,0.0,-0.000138,-0.000693,-4.7e-05,-0.00032,-0.001157,-0.001719,-8.1e-05,-0.000147,-6.7e-05,0.0,-7.3e-05,-0.000512,-0.000847,-9.8e-05
2017-05-28 07:08:00+02:00,0.0,0.0,-1.4e-05,-0.000928,-1.2e-05,0.0,-0.000245,-0.000319,-0.000268,0.0,0.0,0.0,-3.4e-05,-3.3e-05,-6e-06,-0.001428,0.0,0.0,0.0,-0.001257,0.0,-0.001182,-0.000573,0.0,-0.000535,-0.001683,-0.000353,0.0,-0.000187,0.0,0.0,-4.5e-05,0.0,-2.6e-05,-3.2e-05,0.0,0.0,-0.000563,0.0,-0.000684,-8.4e-05,0.0,-0.000438,0.0,0.0,-0.000464,-0.000463,-0.000531,-6.5e-05,0.0,0.0,-7.8e-05,-6.7e-05,-3.4e-05,0.0,0.0,0.0,0.0,0.0,-0.000257,-0.000159,-0.000609,-0.000901,0.0,-2.6e-05,-0.001523,-0.000158,-0.000556,0.0,-6e-05,-7.5e-05,0.0,0.0,-5.6e-05,-3.3e-05,0.0,0.0,0.0,-0.000448,0.0,-0.000207,0.0,-0.000495,-0.00054,0.0,0.0,-0.000453,0.0,0.0,0.0,0.0,-0.000113,-3.4e-05,0.0,-5.4e-05,-4.8e-05,-0.001641,-0.001709,0.0,-0.000612,0.0,-0.001203,-0.000286,0.0,-0.000146,-0.000717,-5.1e-05,-0.000338,-0.001182,-0.00175,-8.7e-05,-0.000155,-7.3e-05,0.0,-8.5e-05,-0.000535,-0.000869,-0.000105
2017-05-28 07:09:00+02:00,0.0,0.0,-1.6e-05,-0.000943,-1e-05,0.0,-0.000252,-0.000329,-0.000276,0.0,0.0,0.0,-3.4e-05,-3.4e-05,-7e-06,-0.001447,0.0,0.0,0.0,-0.001291,0.0,-0.001216,-0.000586,0.0,-0.000547,-0.001704,-0.000362,0.0,-0.000192,0.0,0.0,-4.7e-05,0.0,-2.7e-05,-3.2e-05,0.0,0.0,-0.000575,0.0,-0.000696,-8.8e-05,0.0,-0.000457,0.0,0.0,-0.000472,-0.000472,-0.000552,-6.8e-05,0.0,0.0,-8.3e-05,-6.9e-05,-3.4e-05,0.0,0.0,0.0,0.0,0.0,-0.000263,-0.000168,-0.000621,-0.000914,0.0,-3e-05,-0.001543,-0.000162,-0.000577,0.0,-6.3e-05,-8e-05,0.0,0.0,-5.8e-05,-3.4e-05,0.0,0.0,0.0,-0.000458,0.0,-0.000216,0.0,-0.000503,-0.000551,0.0,0.0,-0.000463,0.0,0.0,0.0,0.0,-0.000118,-3.5e-05,0.0,-5.5e-05,-4.9e-05,-0.001661,-0.001729,0.0,-0.000625,0.0,-0.00122,-0.000299,0.0,-0.000152,-0.000731,-5.4e-05,-0.000346,-0.001198,-0.001772,-9.1e-05,-0.00016,-7.8e-05,0.0,-8.6e-05,-0.000555,-0.000882,-0.00011
2017-05-28 07:10:00+02:00,0.0,0.0,-1.9e-05,-0.000954,-8e-06,0.0,-0.000257,-0.000336,-0.000278,0.0,0.0,0.0,-3.4e-05,-3.4e-05,-6e-06,-0.001461,0.0,0.0,0.0,-0.001324,0.0,-0.001249,-0.000596,0.0,-0.000546,-0.001722,-0.00037,0.0,-0.000195,0.0,0.0,-4.8e-05,0.0,-2.6e-05,-3.2e-05,0.0,0.0,-0.000584,0.0,-0.000685,-9.2e-05,0.0,-0.000474,0.0,0.0,-0.000475,-0.000478,-0.000572,-6.5e-05,0.0,0.0,-8.8e-05,-7e-05,-3.4e-05,0.0,0.0,0.0,0.0,0.0,-0.000267,-0.000178,-0.000613,-0.000924,0.0,-3.5e-05,-0.001558,-0.000165,-0.000598,0.0,-6.5e-05,-8.6e-05,0.0,0.0,-5.9e-05,-3.3e-05,0.0,0.0,0.0,-0.000464,0.0,-0.000225,0.0,-0.000507,-0.000545,0.0,0.0,-0.00046,0.0,0.0,0.0,0.0,-0.000124,-3.5e-05,0.0,-5.6e-05,-3.9e-05,-0.001676,-0.001745,0.0,-0.000619,0.0,-0.001232,-0.000312,0.0,-0.000157,-0.000722,-5.5e-05,-0.000339,-0.001208,-0.001789,-9.5e-05,-0.000162,-8.4e-05,0.0,-8.5e-05,-0.000575,-0.000889,-0.000111
2017-05-28 07:11:00+02:00,0.0,0.0,-1.5e-05,-0.000943,-6e-06,0.0,-0.000255,-0.000336,-0.000269,0.0,0.0,0.0,-3.3e-05,-3.3e-05,-5e-06,-0.001448,0.0,0.0,0.0,-0.001343,0.0,-0.001267,-0.000591,0.0,-0.000525,-0.001709,-0.000369,0.0,-0.000189,0.0,0.0,-4.8e-05,0.0,-2.5e-05,-3.1e-05,0.0,0.0,-0.00058,0.0,-0.000666,-9.3e-05,0.0,-0.00048,0.0,0.0,-0.000456,-0.000469,-0.000585,-5.7e-05,0.0,0.0,-9.2e-05,-6.9e-05,-3.3e-05,0.0,0.0,0.0,0.0,0.0,-0.000261,-0.000185,-0.000595,-0.00091,0.0,-3e-05,-0.001545,-0.000162,-0.000611,0.0,-6.4e-05,-8.9e-05,0.0,0.0,-6e-05,-3.2e-05,0.0,0.0,0.0,-0.000459,0.0,-0.000228,0.0,-0.00049,-0.000529,0.0,0.0,-0.000451,0.0,0.0,0.0,0.0,-0.000126,-3.4e-05,0.0,-5.5e-05,-3.1e-05,-0.001662,-0.001731,0.0,-0.000595,0.0,-0.001219,-0.000318,0.0,-0.000159,-0.000705,-5.5e-05,-0.000318,-0.001193,-0.001776,-9.7e-05,-0.000156,-8.6e-05,0.0,-7.6e-05,-0.000582,-0.000873,-0.000111
2017-05-28 07:12:00+02:00,0.0,0.0,-1.2e-05,-0.000926,-5e-06,0.0,-0.00025,-0.000334,-0.000253,0.0,0.0,0.0,-3.3e-05,-3.2e-05,-4e-06,-0.001428,0.0,0.0,0.0,-0.00136,0.0,-0.001284,-0.000584,0.0,-0.000494,-0.001691,-0.000367,0.0,-0.000181,0.0,0.0,-4.6e-05,0.0,-2.4e-05,-3e-05,0.0,0.0,-0.000573,0.0,-0.000646,-9.4e-05,0.0,-0.000483,0.0,0.0,-0.00043,-0.000456,-0.000597,-4.7e-05,0.0,0.0,-9.7e-05,-6.9e-05,-3.2e-05,0.0,0.0,0.0,0.0,0.0,-0.000251,-0.000193,-0.000574,-0.00089,0.0,-2.4e-05,-0.001526,-0.000157,-0.000624,0.0,-6.2e-05,-9.1e-05,0.0,0.0,-6.1e-05,-3.1e-05,0.0,0.0,0.0,-0.00045,0.0,-0.000231,0.0,-0.000467,-0.000512,0.0,0.0,-0.000442,0.0,0.0,0.0,0.0,-0.000129,-3.3e-05,0.0,-5.4e-05,-2.5e-05,-0.001643,-0.001712,0.0,-0.000561,0.0,-0.0012,-0.000323,0.0,-0.000159,-0.000687,-5.5e-05,-0.000292,-0.001171,-0.001757,-9.8e-05,-0.000147,-8.7e-05,0.0,-6.2e-05,-0.000586,-0.00085,-0.000111
2017-05-28 07:13:00+02:00,0.0,0.0,-1e-05,-0.000911,-4e-06,0.0,-0.000245,-0.000332,-0.000245,0.0,0.0,0.0,-3.2e-05,-3.1e-05,-3e-06,-0.00141,0.0,0.0,0.0,-0.001386,0.0,-0.00131,-0.000577,0.0,-0.000476,-0.001673,-0.000364,0.0,-0.000174,0.0,0.0,-4.5e-05,0.0,-2.3e-05,-2.9e-05,0.0,0.0,-0.000565,0.0,-0.000638,-9.5e-05,0.0,-0.000493,0.0,0.0,-0.000408,-0.000445,-0.000615,-4.1e-05,0.0,0.0,-0.000101,-6.8e-05,-3.1e-05,0.0,0.0,0.0,0.0,0.0,-0.000241,-0.000201,-0.000565,-0.000873,0.0,-2.3e-05,-0.001508,-0.000151,-0.000642,0.0,-6e-05,-9.5e-05,0.0,0.0,-6.1e-05,-3e-05,0.0,0.0,0.0,-0.000441,0.0,-0.000233,0.0,-0.000447,-0.000505,0.0,0.0,-0.00044,0.0,0.0,0.0,0.0,-0.000131,-3.3e-05,0.0,-5.2e-05,-2e-05,-0.001624,-0.001693,0.0,-0.000543,0.0,-0.001182,-0.000332,0.0,-0.00016,-0.000681,-5.6e-05,-0.000278,-0.001151,-0.001738,-9.8e-05,-0.00014,-9e-05,0.0,-5e-05,-0.000597,-0.00083,-0.000112
2017-05-28 07:14:00+02:00,0.0,0.0,-1.1e-05,-0.000909,-3e-06,0.0,-0.000248,-0.000339,-0.000241,0.0,0.0,0.0,-3.2e-05,-3.1e-05,-3e-06,-0.001408,0.0,0.0,0.0,-0.001413,0.0,-0.001337,-0.000585,0.0,-0.000466,-0.001674,-0.000369,0.0,-0.000172,0.0,0.0,-4.6e-05,0.0,-2.2e-05,-2.9e-05,0.0,0.0,-0.00057,0.0,-0.000637,-9.8e-05,0.0,-0.000507,0.0,0.0,-0.0004,-0.000443,-0.000633,-3.8e-05,0.0,0.0,-0.000106,-6.7e-05,-3.1e-05,0.0,0.0,0.0,0.0,0.0,-0.000243,-0.000211,-0.000563,-0.00087,0.0,-2.7e-05,-0.001507,-0.000153,-0.000661,0.0,-6.1e-05,-0.0001,0.0,0.0,-6.1e-05,-3e-05,0.0,0.0,0.0,-0.000444,0.0,-0.000238,0.0,-0.00044,-0.000504,0.0,0.0,-0.000444,0.0,0.0,0.0,0.0,-0.000134,-3.3e-05,0.0,-5.1e-05,-1.6e-05,-0.001624,-0.001692,0.0,-0.000533,0.0,-0.00118,-0.000343,0.0,-0.000164,-0.000682,-5.8e-05,-0.000271,-0.001147,-0.001739,-0.000102,-0.000138,-9.5e-05,0.0,-4.8e-05,-0.000613,-0.000824,-0.000115
2017-05-28 07:15:00+02:00,0.0,0.0,-2.3e-05,-0.000922,-3e-06,0.0,-0.000263,-0.000356,-0.000246,0.0,0.0,0.0,-3.3e-05,-3.1e-05,-3e-06,-0.001424,0.0,0.0,0.0,-0.001453,0.0,-0.001377,-0.000611,0.0,-0.000472,-0.001694,-0.000388,0.0,-0.000178,0.0,0.0,-4.8e-05,0.0,-2.2e-05,-2.9e-05,0.0,0.0,-0.000594,0.0,-0.000652,-0.000105,0.0,-0.000532,0.0,0.0,-0.000407,-0.000452,-0.000658,-4.2e-05,0.0,0.0,-0.000112,-6.8e-05,-3.1e-05,0.0,0.0,0.0,0.0,0.0,-0.000261,-0.000222,-0.000577,-0.000882,0.0,-4e-05,-0.001525,-0.000166,-0.000687,0.0,-6.7e-05,-0.000107,0.0,0.0,-6.2e-05,-3e-05,0.0,0.0,0.0,-0.000466,0.0,-0.000247,0.0,-0.000447,-0.000517,0.0,0.0,-0.000458,0.0,0.0,0.0,0.0,-0.00014,-3.4e-05,0.0,-5.1e-05,-1.3e-05,-0.001642,-0.001711,0.0,-0.000541,0.0,-0.001195,-0.000361,0.0,-0.000174,-0.0007,-6.1e-05,-0.00028,-0.00116,-0.001759,-0.000109,-0.000142,-0.000103,0.0,-6.3e-05,-0.000641,-0.000835,-0.000121
2017-05-28 07:16:00+02:00,0.0,0.0,-4.2e-05,-0.000945,-1.1e-05,0.0,-0.000282,-0.000377,-0.000273,0.0,0.0,0.0,-3.9e-05,-3.5e-05,-5e-06,-0.001451,0.0,0.0,0.0,-0.001499,0.0,-0.001422,-0.000642,0.0,-0.000519,-0.001724,-0.00041,0.0,-0.000187,0.0,0.0,-5.6e-05,0.0,-2.5e-05,-3.3e-05,0.0,0.0,-0.000624,0.0,-0.000731,-0.000114,0.0,-0.000563,0.0,0.0,-0.000423,-0.000467,-0.000686,-6.5e-05,0.0,0.0,-0.000121,-7.1e-05,-3.6e-05,0.0,0.0,-2e-06,0.0,0.0,-0.000286,-0.000236,-0.000648,-0.000903,0.0,-5.8e-05,-0.001552,-0.000183,-0.000716,0.0,-7.6e-05,-0.000116,0.0,0.0,-6.4e-05,-3.4e-05,0.0,0.0,0.0,-0.000493,0.0,-0.000259,0.0,-0.000463,-0.000581,0.0,0.0,-0.000523,0.0,0.0,0.0,0.0,-0.000148,-3.9e-05,0.0,-5.3e-05,-4.7e-05,-0.001669,-0.00174,0.0,-0.000602,0.0,-0.001219,-0.000383,0.0,-0.000187,-0.000805,-7.4e-05,-0.000335,-0.001184,-0.00179,-0.000118,-0.000151,-0.000114,0.0,-8.4e-05,-0.000674,-0.000856,-0.000143
2017-05-28 07:17:00+02:00,0.0,0.0,-5.9e-05,-0.00097,-2.2e-05,0.0,-0.000304,-0.0004,-0.000297,0.0,0.0,0.0,-4.4e-05,-3.9e-05,-7e-06,-0.001484,0.0,0.0,0.0,-0.001545,0.0,-0.001467,-0.000677,0.0,-0.00056,-0.00176,-0.000435,0.0,-0.000197,0.0,0.0,-6.3e-05,0.0,-2.7e-05,-3.5e-05,0.0,0.0,-0.000657,0.0,-0.000796,-0.000123,0.0,-0.000593,0.0,-5e-06,-0.000442,-0.000484,-0.000714,-8.3e-05,0.0,0.0,-0.000129,-7.4e-05,-4e-05,0.0,0.0,-6e-06,0.0,0.0,-0.000313,-0.00025,-0.000707,-0.000928,0.0,-7.4e-05,-0.001587,-0.000202,-0.000745,0.0,-8.6e-05,-0.000125,0.0,0.0,-6.6e-05,-3.7e-05,0.0,0.0,0.0,-0.000525,0.0,-0.000272,0.0,-0.000482,-0.000635,0.0,0.0,-0.000579,0.0,0.0,0.0,-1e-06,-0.000157,-4.4e-05,0.0,-5.4e-05,-7.5e-05,-0.001702,-0.001775,0.0,-0.000652,0.0,-0.001249,-0.000404,0.0,-0.0002,-0.000892,-8.5e-05,-0.00038,-0.001212,-0.001826,-0.000128,-0.00016,-0.000124,0.0,-0.000108,-0.000707,-0.00088,-0.000162
2017-05-28 07:18:00+02:00,0.0,0.0,-6.6e-05,-0.000989,-2.6e-05,0.0,-0.000318,-0.000416,-0.000312,0.0,0.0,0.0,-4.8e-05,-4.1e-05,-8e-06,-0.001508,0.0,0.0,0.0,-0.001576,0.0,-0.001498,-0.0007,0.0,-0.000583,-0.001788,-0.000451,0.0,-0.000204,0.0,0.0,-6.7e-05,0.0,-2.8e-05,-3.7e-05,0.0,0.0,-0.000678,0.0,-0.000837,-0.000131,0.0,-0.000611,0.0,-4e-06,-0.000453,-0.000497,-0.000735,-9.3e-05,0.0,0.0,-0.000136,-7.6e-05,-4.3e-05,0.0,0.0,-4e-06,0.0,0.0,-0.000329,-0.000262,-0.000743,-0.000946,0.0,-8.2e-05,-0.001613,-0.000213,-0.000767,0.0,-9.2e-05,-0.000132,0.0,0.0,-6.7e-05,-3.9e-05,0.0,0.0,0.0,-0.000545,0.0,-0.000283,0.0,-0.000494,-0.000668,0.0,0.0,-0.000616,0.0,0.0,0.0,-0.0,-0.000164,-4.8e-05,0.0,-5.4e-05,-8.5e-05,-0.001727,-0.001801,0.0,-0.00068,0.0,-0.001271,-0.000418,0.0,-0.00021,-0.000951,-9.3e-05,-0.000405,-0.001232,-0.001854,-0.000136,-0.000167,-0.000131,0.0,-0.000121,-0.000726,-0.000896,-0.000176
2017-05-28 07:19:00+02:00,0.0,0.0,-6.7e-05,-0.001005,-2.1e-05,0.0,-0.000314,-0.000411,-0.000325,0.0,0.0,0.0,-5.1e-05,-4.2e-05,-9e-06,-0.00153,0.0,0.0,0.0,-0.001603,0.0,-0.001525,-0.000688,0.0,-0.000602,-0.001813,-0.000447,0.0,-0.00021,0.0,0.0,-7.2e-05,0.0,-2.9e-05,-3.8e-05,0.0,0.0,-0.000669,0.0,-0.00087,-0.000131,0.0,-0.000623,0.0,-3e-06,-0.000461,-0.000507,-0.000754,-0.000102,0.0,0.0,-0.000143,-7.9e-05,-4.4e-05,0.0,0.0,-4e-06,0.0,0.0,-0.000322,-0.000273,-0.000772,-0.000961,0.0,-8.4e-05,-0.001636,-0.000209,-0.000786,0.0,-9.1e-05,-0.000137,0.0,0.0,-6.8e-05,-4.1e-05,0.0,0.0,0.0,-0.000537,0.0,-0.000294,0.0,-0.000503,-0.000695,0.0,0.0,-0.000648,0.0,0.0,0.0,-0.0,-0.000172,-5.1e-05,0.0,-5.5e-05,-9.3e-05,-0.001749,-0.001824,0.0,-0.000703,0.0,-0.00129,-0.000428,0.0,-0.000211,-0.000998,-0.0001,-0.000424,-0.001249,-0.001879,-0.000136,-0.000172,-0.000136,0.0,-0.000112,-0.00074,-0.00091,-0.000188
2017-05-28 07:20:00+02:00,0.0,0.0,-6.8e-05,-0.001015,-1.7e-05,0.0,-0.000307,-0.000404,-0.000332,0.0,0.0,0.0,-5.3e-05,-4.2e-05,-9e-06,-0.001544,0.0,0.0,0.0,-0.001629,0.0,-0.001551,-0.000673,0.0,-0.000611,-0.00183,-0.000441,0.0,-0.000214,0.0,0.0,-7.5e-05,0.0,-2.9e-05,-3.8e-05,0.0,0.0,-0.000656,0.0,-0.000884,-0.000132,0.0,-0.000635,0.0,-2e-06,-0.000464,-0.000513,-0.000772,-0.000104,0.0,0.0,-0.00015,-8.1e-05,-4.5e-05,0.0,0.0,-3e-06,0.0,0.0,-0.000311,-0.000284,-0.000784,-0.000969,0.0,-8.6e-05,-0.001651,-0.000203,-0.000806,0.0,-8.8e-05,-0.000143,0.0,0.0,-6.8e-05,-4.1e-05,0.0,0.0,0.0,-0.000524,0.0,-0.000303,0.0,-0.000506,-0.000707,0.0,0.0,-0.000665,0.0,0.0,0.0,-0.0,-0.000179,-5.3e-05,0.0,-5.5e-05,-9e-05,-0.001764,-0.00184,0.0,-0.000711,0.0,-0.001302,-0.000439,0.0,-0.000209,-0.001024,-0.000106,-0.00043,-0.001259,-0.001896,-0.000135,-0.000175,-0.00014,0.0,-0.0001,-0.000753,-0.000917,-0.000196
2017-05-28 07:21:00+02:00,0.0,0.0,-6.9e-05,-0.001036,-1.3e-05,0.0,-0.000312,-0.000409,-0.000337,0.0,0.0,0.0,-5.4e-05,-4.2e-05,-8e-06,-0.00157,0.0,0.0,0.0,-0.00165,0.0,-0.001572,-0.000678,0.0,-0.000615,-0.001859,-0.000447,0.0,-0.000222,0.0,0.0,-7.7e-05,0.0,-2.9e-05,-3.8e-05,0.0,0.0,-0.000661,0.0,-0.000888,-0.000136,0.0,-0.000646,0.0,-2e-06,-0.000476,-0.000527,-0.000788,-0.000105,0.0,0.0,-0.000156,-8.3e-05,-4.5e-05,0.0,0.0,-2e-06,0.0,0.0,-0.000314,-0.000294,-0.000788,-0.000988,0.0,-8.8e-05,-0.001678,-0.000206,-0.000823,0.0,-9.1e-05,-0.000148,0.0,0.0,-6.9e-05,-4.1e-05,0.0,0.0,0.0,-0.000528,0.0,-0.000316,0.0,-0.000519,-0.000711,0.0,0.0,-0.00067,0.0,0.0,0.0,-0.0,-0.000187,-5.4e-05,0.0,-5.5e-05,-8.5e-05,-0.00179,-0.001868,0.0,-0.000714,0.0,-0.001325,-0.000449,0.0,-0.000215,-0.001029,-0.000109,-0.000431,-0.00128,-0.001926,-0.000139,-0.000181,-0.000145,0.0,-0.0001,-0.000765,-0.000935,-0.0002
2017-05-28 07:22:00+02:00,0.0,0.0,-6.7e-05,-0.001049,-1.1e-05,0.0,-0.000319,-0.000418,-0.00034,0.0,0.0,0.0,-5.5e-05,-4.2e-05,-8e-06,-0.001585,0.0,0.0,0.0,-0.001654,0.0,-0.001577,-0.000688,0.0,-0.000616,-0.001876,-0.000456,0.0,-0.000227,0.0,0.0,-7.9e-05,0.0,-2.9e-05,-3.8e-05,0.0,0.0,-0.000671,0.0,-0.000884,-0.000141,0.0,-0.000649,0.0,-2e-06,-0.000483,-0.000536,-0.000796,-0.000104,0.0,0.0,-0.000162,-8.7e-05,-4.4e-05,0.0,0.0,-2e-06,0.0,0.0,-0.000322,-0.000301,-0.000785,-0.001,0.0,-8.7e-05,-0.001693,-0.000212,-0.000829,0.0,-9.4e-05,-0.000152,0.0,0.0,-6.9e-05,-4.1e-05,0.0,0.0,0.0,-0.000538,0.0,-0.000326,0.0,-0.000527,-0.00071,0.0,0.0,-0.000668,0.0,0.0,0.0,-0.0,-0.000196,-5.5e-05,0.0,-5.6e-05,-7.8e-05,-0.001804,-0.001883,0.0,-0.000712,0.0,-0.001339,-0.000454,0.0,-0.000222,-0.001021,-0.000111,-0.000427,-0.001293,-0.001942,-0.000145,-0.000186,-0.000148,0.0,-0.000105,-0.000769,-0.000946,-0.000203
2017-05-28 07:23:00+02:00,0.0,0.0,-7.8e-05,-0.001056,-9e-06,0.0,-0.000322,-0.000421,-0.000344,0.0,0.0,0.0,-5.6e-05,-4.2e-05,-8e-06,-0.001593,0.0,0.0,0.0,-0.001686,0.0,-0.00161,-0.00069,0.0,-0.000619,-0.001885,-0.00046,0.0,-0.000231,0.0,0.0,-8.2e-05,0.0,-2.9e-05,-3.8e-05,0.0,0.0,-0.000673,0.0,-0.000881,-0.000145,0.0,-0.00067,0.0,-1e-06,-0.000486,-0.000541,-0.000819,-0.000104,0.0,0.0,-0.00017,-9e-05,-4.4e-05,0.0,0.0,-3e-06,0.0,0.0,-0.000324,-0.000315,-0.000784,-0.001007,0.0,-9.8e-05,-0.001701,-0.000214,-0.000853,0.0,-9.6e-05,-0.000161,0.0,0.0,-7e-05,-4e-05,0.0,0.0,0.0,-0.000539,0.0,-0.000335,0.0,-0.00053,-0.00071,0.0,0.0,-0.000666,0.0,0.0,0.0,-0.0,-0.000203,-5.6e-05,0.0,-5.6e-05,-7.2e-05,-0.001811,-0.001891,0.0,-0.000713,0.0,-0.001347,-0.00047,0.0,-0.000226,-0.001014,-0.000114,-0.000426,-0.001299,-0.001951,-0.000149,-0.000189,-0.000156,0.0,-0.000106,-0.000791,-0.000951,-0.000206
2017-05-28 07:24:00+02:00,0.0,0.0,-8.9e-05,-0.001072,-7e-06,0.0,-0.000326,-0.000426,-0.000345,0.0,0.0,0.0,-5.7e-05,-4.1e-05,-8e-06,-0.001613,0.0,0.0,0.0,-0.001725,0.0,-0.001648,-0.000695,0.0,-0.000617,-0.001908,-0.000465,0.0,-0.000238,0.0,0.0,-8.4e-05,0.0,-2.8e-05,-3.8e-05,0.0,0.0,-0.000677,0.0,-0.000871,-0.00015,0.0,-0.000691,0.0,-1e-06,-0.000496,-0.000552,-0.000845,-0.000101,0.0,0.0,-0.000181,-9.4e-05,-4.3e-05,0.0,0.0,-5e-06,0.0,0.0,-0.000326,-0.00033,-0.000776,-0.001023,0.0,-0.000108,-0.001722,-0.000217,-0.00088,0.0,-9.9e-05,-0.000169,0.0,0.0,-7.2e-05,-4e-05,0.0,0.0,0.0,-0.000543,0.0,-0.000347,0.0,-0.000541,-0.000704,0.0,0.0,-0.000658,0.0,0.0,0.0,-0.0,-0.000212,-5.7e-05,0.0,-5.7e-05,-6.2e-05,-0.001831,-0.001912,0.0,-0.000707,0.0,-0.001365,-0.000487,0.0,-0.000231,-0.000997,-0.000115,-0.000418,-0.001315,-0.001974,-0.000153,-0.000196,-0.000165,0.0,-0.000108,-0.000815,-0.000965,-0.000207
2017-05-28 07:25:00+02:00,0.0,0.0,-8.4e-05,-0.001092,-9e-06,0.0,-0.000335,-0.000437,-0.000351,0.0,0.0,0.0,-5.9e-05,-4.2e-05,-8e-06,-0.001637,0.0,0.0,0.0,-0.001747,0.0,-0.001671,-0.000708,0.0,-0.000623,-0.001934,-0.000476,0.0,-0.000246,0.0,0.0,-8.7e-05,0.0,-2.9e-05,-3.8e-05,0.0,0.0,-0.000691,0.0,-0.000875,-0.000156,0.0,-0.000698,0.0,-1e-06,-0.000507,-0.000565,-0.000862,-0.000101,0.0,0.0,-0.000189,-9.9e-05,-4.4e-05,0.0,0.0,-4e-06,0.0,0.0,-0.000336,-0.000342,-0.00078,-0.001041,0.0,-0.000105,-0.001747,-0.000225,-0.000898,0.0,-0.000104,-0.000175,0.0,0.0,-7.4e-05,-4e-05,0.0,0.0,0.0,-0.000555,0.0,-0.000361,0.0,-0.000553,-0.000708,0.0,0.0,-0.000664,0.0,0.0,0.0,-0.0,-0.000223,-5.9e-05,0.0,-5.8e-05,-5.7e-05,-0.001855,-0.001936,0.0,-0.00071,0.0,-0.001386,-0.000495,0.0,-0.000239,-0.001002,-0.00012,-0.000418,-0.001335,-0.002,-0.000159,-0.000202,-0.000167,0.0,-0.000115,-0.000822,-0.000982,-0.000213
2017-05-28 07:26:00+02:00,0.0,0.0,-7.8e-05,-0.001134,-2.4e-05,0.0,-0.000357,-0.00046,-0.000385,0.0,0.0,0.0,-6.5e-05,-4.4e-05,-9e-06,-0.001687,0.0,0.0,0.0,-0.001766,0.0,-0.00169,-0.000742,0.0,-0.000675,-0.001988,-0.000502,0.0,-0.000266,0.0,0.0,-9.8e-05,0.0,-3.1e-05,-4e-05,0.0,0.0,-0.000723,0.0,-0.000927,-0.000168,0.0,-0.000701,0.0,-8e-06,-0.000543,-0.000595,-0.000876,-0.00012,0.0,0.0,-0.000197,-0.000105,-4.6e-05,0.0,0.0,-3e-06,0.0,0.0,-0.000364,-0.000354,-0.00083,-0.001083,0.0,-0.0001,-0.001799,-0.000245,-0.000913,0.0,-0.000115,-0.000179,0.0,0.0,-7.4e-05,-4.3e-05,0.0,0.0,0.0,-0.000586,0.0,-0.000381,0.0,-0.000589,-0.000754,0.0,0.0,-0.000705,0.0,0.0,0.0,-1e-06,-0.000237,-6.5e-05,0.0,-6e-05,-8.8e-05,-0.001903,-0.001987,0.0,-0.000765,0.0,-0.001434,-0.000501,0.0,-0.000255,-0.001058,-0.000131,-0.000459,-0.001381,-0.002054,-0.000171,-0.000221,-0.000169,0.0,-0.000139,-0.000827,-0.001025,-0.00023
2017-05-28 07:27:00+02:00,0.0,0.0,-9.1e-05,-0.001188,-5.6e-05,0.0,-0.000394,-0.000498,-0.000438,0.0,0.0,0.0,-7.3e-05,-4.8e-05,-1.2e-05,-0.001748,0.0,0.0,0.0,-0.001803,0.0,-0.001727,-0.000797,0.0,-0.000758,-0.00205,-0.000543,0.0,-0.000292,0.0,0.0,-0.000114,0.0,-3.5e-05,-4.4e-05,0.0,0.0,-0.000777,0.0,-0.001008,-0.000185,0.0,-0.000724,0.0,-3.3e-05,-0.000593,-0.000635,-0.000903,-0.000152,0.0,0.0,-0.000208,-0.000113,-5e-05,0.0,0.0,-6e-06,0.0,0.0,-0.000411,-0.00037,-0.000908,-0.001138,0.0,-0.000112,-0.001861,-0.000279,-0.00094,0.0,-0.000133,-0.000189,0.0,0.0,-7.6e-05,-4.6e-05,0.0,0.0,0.0,-0.000637,0.0,-0.000403,0.0,-0.000638,-0.000826,0.0,0.0,-0.000767,0.0,0.0,0.0,-8e-06,-0.000253,-7.3e-05,0.0,-6.3e-05,-0.000145,-0.00196,-0.002046,0.0,-0.000851,0.0,-0.001493,-0.000519,0.0,-0.000278,-0.001144,-0.000147,-0.000527,-0.001439,-0.002115,-0.000189,-0.000246,-0.000179,0.0,-0.000182,-0.000851,-0.00108,-0.000256
2017-05-28 07:28:00+02:00,0.0,0.0,-9.3e-05,-0.001229,-8e-05,0.0,-0.000424,-0.000532,-0.000476,0.0,0.0,0.0,-8e-05,-5.1e-05,-1.4e-05,-0.001797,0.0,0.0,0.0,-0.001827,0.0,-0.001752,-0.000845,0.0,-0.000816,-0.002101,-0.000577,0.0,-0.000313,0.0,0.0,-0.000126,0.0,-3.7e-05,-4.6e-05,0.0,0.0,-0.000821,0.0,-0.001067,-0.0002,0.0,-0.000735,0.0,-5.1e-05,-0.000629,-0.000666,-0.000921,-0.000174,0.0,0.0,-0.000218,-0.00012,-5.3e-05,0.0,0.0,-5e-06,0.0,0.0,-0.000449,-0.000383,-0.000964,-0.00118,0.0,-0.000114,-0.00191,-0.000306,-0.00096,0.0,-0.000149,-0.000195,0.0,0.0,-7.7e-05,-4.9e-05,0.0,0.0,0.0,-0.000679,0.0,-0.000424,0.0,-0.000674,-0.000878,0.0,0.0,-0.000815,0.0,0.0,0.0,-1.3e-05,-0.000267,-8e-05,0.0,-6.5e-05,-0.000182,-0.002006,-0.002095,0.0,-0.000911,0.0,-0.001539,-0.00053,0.0,-0.000299,-0.00121,-0.000161,-0.000573,-0.001484,-0.002166,-0.000205,-0.000266,-0.000184,0.0,-0.000216,-0.000863,-0.001122,-0.000277
2017-05-28 07:29:00+02:00,0.0,0.0,-9.5e-05,-0.00126,-9.7e-05,0.0,-0.000448,-0.000558,-0.000501,0.0,0.0,0.0,-8.6e-05,-5.3e-05,-1.5e-05,-0.001833,0.0,0.0,0.0,-0.001854,0.0,-0.001779,-0.000881,0.0,-0.000854,-0.002138,-0.000604,0.0,-0.000327,0.0,0.0,-0.000135,0.0,-3.9e-05,-4.8e-05,0.0,0.0,-0.000855,0.0,-0.001107,-0.000213,0.0,-0.000748,0.0,-6.4e-05,-0.000653,-0.000688,-0.000942,-0.000188,0.0,0.0,-0.000228,-0.000127,-5.5e-05,0.0,0.0,-4e-06,0.0,0.0,-0.000477,-0.000397,-0.001002,-0.00121,0.0,-0.000117,-0.001947,-0.000326,-0.000981,0.0,-0.000161,-0.000203,0.0,0.0,-7.9e-05,-5.1e-05,0.0,0.0,0.0,-0.000711,0.0,-0.000441,0.0,-0.000698,-0.000913,0.0,0.0,-0.000848,0.0,0.0,0.0,-1.7e-05,-0.00028,-8.6e-05,0.0,-6.6e-05,-0.000205,-0.002039,-0.00213,0.0,-0.00095,0.0,-0.001573,-0.000542,0.0,-0.000316,-0.001254,-0.000171,-0.000603,-0.001516,-0.002204,-0.000218,-0.000279,-0.00019,0.0,-0.00024,-0.000877,-0.001152,-0.000293
2017-05-28 07:30:00+02:00,0.0,0.0,-9.6e-05,-0.001283,-0.000107,0.0,-0.000464,-0.000577,-0.000524,0.0,0.0,0.0,-9.2e-05,-5.4e-05,-1.6e-05,-0.001859,0.0,0.0,0.0,-0.001877,0.0,-0.001802,-0.000907,0.0,-0.000885,-0.002166,-0.000624,0.0,-0.000338,0.0,0.0,-0.000143,0.0,-4e-05,-4.9e-05,0.0,0.0,-0.000879,0.0,-0.00114,-0.000223,0.0,-0.000758,0.0,-7.1e-05,-0.00067,-0.000705,-0.00096,-0.0002,0.0,0.0,-0.000238,-0.000133,-5.7e-05,0.0,0.0,-3e-06,0.0,0.0,-0.000496,-0.00041,-0.001033,-0.001233,0.0,-0.000118,-0.001974,-0.000341,-0.001,0.0,-0.000169,-0.000209,0.0,0.0,-8e-05,-5.2e-05,0.0,0.0,0.0,-0.000733,0.0,-0.000456,0.0,-0.000716,-0.000943,0.0,0.0,-0.000877,0.0,0.0,0.0,-1.8e-05,-0.000292,-9.1e-05,0.0,-6.7e-05,-0.000222,-0.002063,-0.002155,0.0,-0.000982,0.0,-0.001598,-0.000552,0.0,-0.000329,-0.001292,-0.000182,-0.000627,-0.00154,-0.00223,-0.000228,-0.000289,-0.000195,0.0,-0.000256,-0.000888,-0.001173,-0.000307
2017-05-28 07:31:00+02:00,0.0,0.0,-0.000103,-0.001308,-0.000121,0.0,-0.000483,-0.000598,-0.000566,0.0,0.0,0.0,-0.000104,-5.9e-05,-1.8e-05,-0.001888,0.0,0.0,0.0,-0.001905,0.0,-0.00183,-0.000935,0.0,-0.00095,-0.002196,-0.000645,0.0,-0.000351,0.0,0.0,-0.000159,0.0,-4.4e-05,-5.3e-05,0.0,0.0,-0.000905,0.0,-0.001226,-0.000234,0.0,-0.000774,0.0,-8.2e-05,-0.000689,-0.000723,-0.000982,-0.000229,0.0,0.0,-0.000249,-0.000139,-6.3e-05,0.0,0.0,-3e-06,0.0,0.0,-0.000519,-0.000425,-0.001112,-0.001257,0.0,-0.000125,-0.002003,-0.000358,-0.001023,0.0,-0.00018,-0.000218,0.0,0.0,-8.2e-05,-5.6e-05,0.0,0.0,0.0,-0.000758,0.0,-0.000472,0.0,-0.000735,-0.001017,0.0,0.0,-0.000954,0.0,0.0,0.0,-2.2e-05,-0.000305,-0.000103,0.0,-6.8e-05,-0.000271,-0.002089,-0.002182,0.0,-0.001055,0.0,-0.001625,-0.000566,0.0,-0.000344,-0.001404,-0.000204,-0.000687,-0.001565,-0.00226,-0.00024,-0.000301,-0.000203,0.0,-0.000275,-0.000906,-0.001197,-0.00034
2017-05-28 07:32:00+02:00,0.0,0.0,-0.000104,-0.001323,-0.000132,0.0,-0.0005,-0.000619,-0.0006,0.0,0.0,0.0,-0.000114,-6.3e-05,-2e-05,-0.001906,0.0,0.0,0.0,-0.001927,0.0,-0.001854,-0.000963,0.0,-0.001,-0.002216,-0.000666,0.0,-0.000358,0.0,0.0,-0.000172,0.0,-4.7e-05,-5.6e-05,0.0,0.0,-0.000929,0.0,-0.001291,-0.000245,0.0,-0.000785,0.0,-9e-05,-0.000698,-0.000734,-0.001001,-0.00025,0.0,0.0,-0.000259,-0.000146,-6.7e-05,0.0,0.0,-2e-06,0.0,0.0,-0.000537,-0.000439,-0.001171,-0.001271,0.0,-0.000127,-0.002022,-0.000373,-0.001042,0.0,-0.000189,-0.000225,0.0,0.0,-8.4e-05,-5.9e-05,0.0,0.0,0.0,-0.00078,0.0,-0.000486,0.0,-0.000745,-0.001072,0.0,0.0,-0.001012,0.0,0.0,0.0,-2.4e-05,-0.000316,-0.000113,0.0,-6.9e-05,-0.000305,-0.002106,-0.0022,0.0,-0.001109,0.0,-0.001642,-0.000577,0.0,-0.000358,-0.001488,-0.000222,-0.000731,-0.00158,-0.002279,-0.000251,-0.000307,-0.000208,0.0,-0.00029,-0.000917,-0.00121,-0.000367
2017-05-28 07:33:00+02:00,0.0,0.0,-9.2e-05,-0.001339,-0.00014,0.0,-0.000515,-0.000638,-0.00063,0.0,0.0,0.0,-0.000121,-6.5e-05,-2.1e-05,-0.001926,0.0,0.0,0.0,-0.001935,0.0,-0.001862,-0.000987,0.0,-0.001043,-0.002239,-0.000684,0.0,-0.000365,0.0,0.0,-0.000183,0.0,-4.9e-05,-5.7e-05,0.0,0.0,-0.00095,0.0,-0.001331,-0.000256,0.0,-0.000782,0.0,-9.5e-05,-0.000706,-0.000745,-0.00101,-0.000266,0.0,0.0,-0.000267,-0.000151,-7e-05,0.0,0.0,-2e-06,0.0,0.0,-0.000553,-0.000449,-0.00121,-0.001285,0.0,-0.000117,-0.002043,-0.000385,-0.001053,0.0,-0.000197,-0.000228,0.0,0.0,-8.4e-05,-6e-05,0.0,0.0,0.0,-0.000799,0.0,-0.0005,0.0,-0.000754,-0.001109,0.0,0.0,-0.001047,0.0,0.0,0.0,-2.6e-05,-0.000328,-0.000119,0.0,-6.8e-05,-0.000327,-0.002126,-0.002221,0.0,-0.001151,0.0,-0.001659,-0.000579,0.0,-0.000371,-0.001535,-0.000235,-0.000762,-0.001595,-0.002302,-0.000262,-0.000313,-0.000208,0.0,-0.000302,-0.000914,-0.001222,-0.000384
2017-05-28 07:34:00+02:00,0.0,0.0,-8.7e-05,-0.001353,-0.000141,0.0,-0.000524,-0.000651,-0.000644,0.0,0.0,0.0,-0.000125,-6.7e-05,-2.1e-05,-0.001943,0.0,0.0,0.0,-0.001949,0.0,-0.001878,-0.001003,0.0,-0.001059,-0.002258,-0.000697,0.0,-0.000372,0.0,0.0,-0.000189,0.0,-5e-05,-5.7e-05,0.0,0.0,-0.000963,0.0,-0.001335,-0.000264,0.0,-0.000786,0.0,-9.4e-05,-0.000712,-0.000755,-0.001024,-0.000268,0.0,0.0,-0.000277,-0.000158,-7.1e-05,0.0,0.0,-1e-06,0.0,0.0,-0.000559,-0.000461,-0.001216,-0.001298,0.0,-0.000114,-0.002061,-0.000391,-0.001067,0.0,-0.000202,-0.000233,0.0,0.0,-8.7e-05,-6.1e-05,0.0,0.0,0.0,-0.00081,0.0,-0.000514,0.0,-0.000762,-0.001115,0.0,0.0,-0.001052,0.0,0.0,0.0,-2.6e-05,-0.00034,-0.000123,0.0,-6.9e-05,-0.000325,-0.002143,-0.002239,0.0,-0.001161,0.0,-0.001675,-0.000585,0.0,-0.000381,-0.00154,-0.000241,-0.000765,-0.001609,-0.002321,-0.000271,-0.000319,-0.000211,0.0,-0.000306,-0.000919,-0.001234,-0.000392
2017-05-28 07:35:00+02:00,0.0,0.0,-8.6e-05,-0.001369,-0.000139,0.0,-0.00053,-0.000662,-0.000656,0.0,0.0,0.0,-0.000131,-6.9e-05,-2.1e-05,-0.001963,0.0,0.0,0.0,-0.001964,0.0,-0.001893,-0.001016,0.0,-0.001072,-0.00228,-0.000706,0.0,-0.000379,0.0,0.0,-0.000196,0.0,-5.2e-05,-5.8e-05,0.0,0.0,-0.000972,0.0,-0.001339,-0.000272,0.0,-0.000792,0.0,-9.1e-05,-0.00072,-0.000766,-0.001037,-0.000268,0.0,0.0,-0.000287,-0.000167,-7.4e-05,0.0,0.0,-1e-06,0.0,0.0,-0.000562,-0.000474,-0.001221,-0.001313,0.0,-0.000113,-0.002082,-0.000394,-0.001081,0.0,-0.000205,-0.00024,0.0,0.0,-9e-05,-6.2e-05,0.0,0.0,0.0,-0.000816,0.0,-0.000529,0.0,-0.000772,-0.001121,0.0,0.0,-0.00106,0.0,0.0,0.0,-2.5e-05,-0.000353,-0.000129,0.0,-7.1e-05,-0.00032,-0.002162,-0.002259,0.0,-0.001168,0.0,-0.001692,-0.000593,0.0,-0.000389,-0.00155,-0.000249,-0.000765,-0.001624,-0.002343,-0.000279,-0.000325,-0.000215,0.0,-0.000305,-0.000926,-0.001247,-0.0004
2017-05-28 07:36:00+02:00,0.0,0.0,-0.000107,-0.001406,-0.000163,0.0,-0.000559,-0.000694,-0.000692,-1e-06,0.0,0.0,-0.000142,-7.4e-05,-2.3e-05,-0.002006,0.0,0.0,0.0,-0.002015,0.0,-0.001944,-0.001058,0.0,-0.001123,-0.002326,-0.000739,0.0,-0.000398,0.0,0.0,-0.000211,0.0,-5.6e-05,-6.1e-05,0.0,0.0,-0.001013,0.0,-0.001396,-0.000289,0.0,-0.000825,0.0,-0.000113,-0.000751,-0.000793,-0.001072,-0.00029,0.0,0.0,-0.000304,-0.000177,-7.9e-05,0.0,0.0,-1.1e-05,0.0,0.0,-0.000597,-0.000497,-0.001274,-0.00135,0.0,-0.000133,-0.002126,-0.00042,-0.001117,0.0,-0.000221,-0.000254,0.0,0.0,-9.4e-05,-6.5e-05,0.0,-2e-06,0.0,-0.000855,0.0,-0.000551,0.0,-0.000802,-0.001171,-2e-06,0.0,-0.00111,0.0,0.0,0.0,-3.3e-05,-0.000371,-0.000139,0.0,-7.3e-05,-0.000354,-0.002203,-0.002302,0.0,-0.001221,0.0,-0.001733,-0.000618,0.0,-0.000411,-0.001619,-0.000268,-0.000807,-0.001663,-0.002389,-0.000296,-0.000343,-0.00023,0.0,-0.000336,-0.000961,-0.001283,-0.000425
2017-05-28 07:37:00+02:00,0.0,0.0,-0.000127,-0.001435,-0.000183,0.0,-0.000585,-0.000721,-0.000729,-1e-06,0.0,0.0,-0.000157,-8e-05,-2.5e-05,-0.00204,0.0,0.0,0.0,-0.002062,0.0,-0.001991,-0.001096,0.0,-0.001177,-0.002363,-0.000768,0.0,-0.000413,0.0,0.0,-0.000227,0.0,-6e-05,-6.4e-05,0.0,-8e-06,-0.001047,0.0,-0.001469,-0.000305,0.0,-0.000855,0.0,-0.000131,-0.000773,-0.000814,-0.001105,-0.000316,0.0,0.0,-0.00032,-0.000186,-8.6e-05,0.0,0.0,-2.1e-05,0.0,0.0,-0.000625,-0.000519,-0.001341,-0.001378,0.0,-0.000151,-0.002162,-0.000442,-0.001152,0.0,-0.000235,-0.000268,0.0,0.0,-9.9e-05,-6.8e-05,0.0,-2e-06,0.0,-0.000888,0.0,-0.000571,0.0,-0.000825,-0.001234,-3e-06,0.0,-0.001178,0.0,0.0,0.0,-3.9e-05,-0.000387,-0.000153,0.0,-7.5e-05,-0.000395,-0.002236,-0.002337,0.0,-0.00128,0.0,-0.001765,-0.000642,0.0,-0.000431,-0.001714,-0.000291,-0.000857,-0.001693,-0.002426,-0.000312,-0.000356,-0.000244,0.0,-0.000361,-0.000993,-0.00131,-0.000458
2017-05-28 07:38:00+02:00,0.0,0.0,-0.000131,-0.001457,-0.000195,0.0,-0.000604,-0.000745,-0.000743,-1e-06,0.0,0.0,-0.000167,-8.4e-05,-2.5e-05,-0.002067,0.0,0.0,0.0,-0.002089,0.0,-0.002018,-0.001127,0.0,-0.001194,-0.002393,-0.000791,0.0,-0.000422,0.0,0.0,-0.000236,0.0,-6.3e-05,-6.6e-05,0.0,-7e-06,-0.001075,0.0,-0.001499,-0.000319,0.0,-0.000869,0.0,-0.000142,-0.000784,-0.000828,-0.001127,-0.000325,0.0,0.0,-0.000333,-0.000196,-9.1e-05,0.0,0.0,-1.7e-05,0.0,0.0,-0.000645,-0.000535,-0.001368,-0.001398,0.0,-0.000155,-0.00219,-0.000458,-0.001174,0.0,-0.000246,-0.000276,0.0,0.0,-0.000103,-7e-05,0.0,-1e-06,0.0,-0.000913,0.0,-0.000589,0.0,-0.000837,-0.001261,-2e-06,0.0,-0.001211,0.0,0.0,0.0,-4.3e-05,-0.000403,-0.000163,0.0,-7.6e-05,-0.000405,-0.002263,-0.002365,0.0,-0.001297,0.0,-0.001789,-0.000655,0.0,-0.000448,-0.001758,-0.000306,-0.000873,-0.001714,-0.002456,-0.000327,-0.000365,-0.000251,0.0,-0.000377,-0.001008,-0.001328,-0.000478
2017-05-28 07:39:00+02:00,0.0,0.0,-0.000129,-0.001483,-0.000208,0.0,-0.000625,-0.000769,-0.000752,-0.0,0.0,0.0,-0.000175,-8.7e-05,-2.5e-05,-0.002101,0.0,0.0,0.0,-0.002112,0.0,-0.002042,-0.001157,0.0,-0.001203,-0.00243,-0.000815,0.0,-0.000434,0.0,0.0,-0.000242,0.0,-6.4e-05,-6.6e-05,0.0,-5e-06,-0.001102,0.0,-0.001519,-0.000333,0.0,-0.000877,0.0,-0.000153,-0.0008,-0.000846,-0.001147,-0.000331,0.0,0.0,-0.000345,-0.000205,-9.4e-05,0.0,0.0,-1.4e-05,0.0,0.0,-0.000665,-0.000551,-0.001386,-0.001422,0.0,-0.000154,-0.002225,-0.000475,-0.001195,0.0,-0.000257,-0.000284,0.0,0.0,-0.000106,-7.1e-05,0.0,-1e-06,0.0,-0.000939,0.0,-0.000609,0.0,-0.000854,-0.001278,-2e-06,0.0,-0.001236,0.0,0.0,0.0,-4.8e-05,-0.000419,-0.00017,0.0,-7.7e-05,-0.000409,-0.002296,-0.0024,0.0,-0.001306,0.0,-0.001819,-0.000665,0.0,-0.000465,-0.001787,-0.000319,-0.000881,-0.001741,-0.002494,-0.000341,-0.000375,-0.000255,0.0,-0.000394,-0.001017,-0.00135,-0.000493
2017-05-28 07:40:00+02:00,0.0,0.0,-0.000159,-0.001516,-0.000239,0.0,-0.00066,-0.000805,-0.000791,-5e-06,0.0,0.0,-0.00019,-9.3e-05,-2.7e-05,-0.002138,0.0,0.0,0.0,-0.002167,0.0,-0.002097,-0.001206,0.0,-0.001258,-0.00247,-0.000854,0.0,-0.000452,0.0,0.0,-0.00026,0.0,-6.9e-05,-6.9e-05,0.0,-2.6e-05,-0.001149,0.0,-0.001589,-0.000353,0.0,-0.000917,0.0,-0.000183,-0.000828,-0.000872,-0.001187,-0.00036,0.0,0.0,-0.000364,-0.000216,-0.000101,0.0,0.0,-3.7e-05,0.0,0.0,-0.000707,-0.000576,-0.001452,-0.001455,0.0,-0.000182,-0.002263,-0.000507,-0.001236,0.0,-0.000277,-0.000301,0.0,0.0,-0.000112,-7.4e-05,0.0,-1.1e-05,0.0,-0.000984,0.0,-0.00063,0.0,-0.000882,-0.001341,-2.1e-05,-2e-06,-0.0013,0.0,0.0,0.0,-5.9e-05,-0.000437,-0.000184,0.0,-7.8e-05,-0.000455,-0.002332,-0.002437,0.0,-0.001367,0.0,-0.001855,-0.000696,0.0,-0.000491,-0.001874,-0.000343,-0.000934,-0.001775,-0.002533,-0.000362,-0.000393,-0.000274,0.0,-0.000433,-0.00106,-0.001382,-0.000526
2017-05-28 07:41:00+02:00,0.0,0.0,-0.000207,-0.001563,-0.000279,0.0,-0.000703,-0.000848,-0.000841,-1.6e-05,0.0,0.0,-0.000206,-0.000101,-3e-05,-0.002191,-1.3e-05,0.0,0.0,-0.00224,0.0,-0.002171,-0.001265,0.0,-0.001329,-0.002524,-0.000901,0.0,-0.000479,0.0,0.0,-0.000281,0.0,-7.5e-05,-7.2e-05,0.0,-6.1e-05,-0.001206,0.0,-0.001672,-0.000377,0.0,-0.000975,0.0,-0.000222,-0.00087,-0.000909,-0.00124,-0.000398,0.0,0.0,-0.000387,-0.000228,-0.000108,0.0,0.0,-7.8e-05,0.0,0.0,-0.000758,-0.000608,-0.001531,-0.001502,0.0,-0.000225,-0.002316,-0.000546,-0.001289,0.0,-0.000302,-0.000325,0.0,0.0,-0.000119,-7.7e-05,0.0,-3.4e-05,0.0,-0.00104,0.0,-0.000656,0.0,-0.000924,-0.001415,-5e-05,-2.9e-05,-0.001373,0.0,0.0,0.0,-7.4e-05,-0.000457,-0.0002,0.0,-7.9e-05,-0.000515,-0.002381,-0.002489,0.0,-0.001444,0.0,-0.001906,-0.00074,0.0,-0.000521,-0.00197,-0.000369,-0.001,-0.001824,-0.002588,-0.000386,-0.000418,-0.000302,0.0,-0.000481,-0.001121,-0.00143,-0.000563
2017-05-28 07:42:00+02:00,0.0,0.0,-0.000242,-0.001616,-0.000315,0.0,-0.000744,-0.000891,-0.000891,-2.8e-05,0.0,0.0,-0.000222,-0.000108,-3.2e-05,-0.002252,-2.1e-05,0.0,0.0,-0.002298,0.0,-0.002229,-0.001322,0.0,-0.0014,-0.002588,-0.000946,0.0,-0.000507,0.0,0.0,-0.000303,0.0,-8.1e-05,-7.5e-05,0.0,-9.5e-05,-0.00126,0.0,-0.00175,-0.000401,0.0,-0.001018,0.0,-0.000257,-0.000916,-0.000948,-0.001283,-0.000434,0.0,0.0,-0.000407,-0.000242,-0.000117,0.0,0.0,-0.000109,0.0,0.0,-0.000806,-0.000636,-0.001606,-0.001555,0.0,-0.000257,-0.002379,-0.000583,-0.001333,0.0,-0.000326,-0.000344,-1e-06,0.0,-0.000125,-8e-05,0.0,-5.8e-05,0.0,-0.001092,0.0,-0.000686,0.0,-0.000969,-0.001486,-7.8e-05,-4.8e-05,-0.001441,0.0,0.0,0.0,-8.7e-05,-0.000481,-0.000216,0.0,-8.1e-05,-0.000571,-0.002438,-0.002549,0.0,-0.001519,0.0,-0.001963,-0.000773,0.0,-0.000552,-0.00206,-0.000395,-0.001063,-0.001879,-0.002651,-0.00041,-0.000445,-0.000322,0.0,-0.000525,-0.001166,-0.001482,-0.000599
2017-05-28 07:43:00+02:00,0.0,0.0,-0.000262,-0.00165,-0.00034,0.0,-0.000774,-0.000924,-0.000931,-3.2e-05,0.0,0.0,-0.000237,-0.000115,-3.4e-05,-0.002293,-1.9e-05,0.0,0.0,-0.002341,0.0,-0.002273,-0.001366,0.0,-0.001455,-0.002632,-0.00098,0.0,-0.000526,0.0,0.0,-0.000322,0.0,-8.7e-05,-7.8e-05,0.0,-0.000115,-0.0013,0.0,-0.001809,-0.00042,0.0,-0.001047,0.0,-0.000281,-0.000943,-0.000974,-0.001316,-0.00046,0.0,0.0,-0.000426,-0.000254,-0.000124,0.0,0.0,-0.000125,0.0,0.0,-0.00084,-0.000659,-0.001662,-0.001589,0.0,-0.000276,-0.002421,-0.00061,-0.001367,0.0,-0.000343,-0.000359,-1e-06,0.0,-0.000131,-8.3e-05,0.0,-6.7e-05,0.0,-0.00113,0.0,-0.00071,0.0,-0.000997,-0.00154,-9.4e-05,-5.3e-05,-0.001496,0.0,0.0,0.0,-9.7e-05,-0.000501,-0.000231,0.0,-8.3e-05,-0.00061,-0.002477,-0.00259,0.0,-0.001575,0.0,-0.002001,-0.000797,0.0,-0.000576,-0.00213,-0.000418,-0.001109,-0.001915,-0.002694,-0.00043,-0.000463,-0.000335,0.0,-0.000555,-0.001197,-0.001514,-0.000629
2017-05-28 07:44:00+02:00,0.0,0.0,-0.000267,-0.001666,-0.000353,0.0,-0.000793,-0.000948,-0.000965,-3e-05,0.0,0.0,-0.000252,-0.000123,-3.6e-05,-0.00231,-1.5e-05,0.0,0.0,-0.002368,0.0,-0.0023,-0.001395,0.0,-0.001501,-0.00265,-0.001003,0.0,-0.000534,0.0,0.0,-0.000339,0.0,-9.3e-05,-8.1e-05,0.0,-0.000126,-0.001326,0.0,-0.001857,-0.000435,0.0,-0.001058,0.0,-0.000293,-0.000951,-0.000985,-0.001338,-0.00048,0.0,0.0,-0.000441,-0.000265,-0.000133,0.0,0.0,-0.000127,0.0,0.0,-0.00086,-0.000678,-0.001709,-0.001603,0.0,-0.000281,-0.002438,-0.000626,-0.00139,0.0,-0.000355,-0.000368,-1e-06,0.0,-0.000138,-8.6e-05,0.0,-6.2e-05,0.0,-0.001154,0.0,-0.000726,0.0,-0.001006,-0.001584,-0.0001,-4.6e-05,-0.001542,0.0,0.0,0.0,-0.000102,-0.000516,-0.000245,0.0,-8.4e-05,-0.000637,-0.002493,-0.002607,0.0,-0.00162,0.0,-0.002017,-0.000809,0.0,-0.000594,-0.00219,-0.00044,-0.001144,-0.001929,-0.002713,-0.000446,-0.00047,-0.00034,0.0,-0.000572,-0.001209,-0.001527,-0.000657
2017-05-28 07:45:00+02:00,0.0,0.0,-0.000295,-0.001679,-0.000372,0.0,-0.000817,-0.000975,-0.000983,-3e-05,0.0,0.0,-0.000266,-0.00013,-3.7e-05,-0.002324,-2.4e-05,0.0,0.0,-0.002419,0.0,-0.002352,-0.00143,0.0,-0.001524,-0.002666,-0.00103,0.0,-0.000541,0.0,0.0,-0.000352,0.0,-9.8e-05,-8.3e-05,0.0,-0.000133,-0.001357,0.0,-0.00189,-0.000453,0.0,-0.001095,0.0,-0.000311,-0.000958,-0.000995,-0.001377,-0.000495,0.0,0.0,-0.000462,-0.000276,-0.00014,0.0,0.0,-0.000151,0.0,0.0,-0.000886,-0.000705,-0.001739,-0.001615,0.0,-0.000307,-0.002452,-0.000648,-0.001429,0.0,-0.00037,-0.000386,-1e-06,0.0,-0.000147,-8.9e-05,0.0,-6.3e-05,0.0,-0.001183,0.0,-0.000742,0.0,-0.001014,-0.001614,-0.000113,-6.4e-05,-0.001577,0.0,0.0,0.0,-0.00011,-0.000531,-0.000258,0.0,-8.6e-05,-0.000655,-0.002506,-0.002621,0.0,-0.001645,0.0,-0.002031,-0.000839,0.0,-0.000614,-0.002233,-0.000459,-0.001166,-0.001941,-0.002728,-0.000464,-0.000477,-0.000358,0.0,-0.000595,-0.001248,-0.001537,-0.00068
2017-05-28 07:46:00+02:00,0.0,0.0,-0.00032,-0.001699,-0.000394,0.0,-0.000845,-0.001006,-0.000994,-3.4e-05,0.0,0.0,-0.000278,-0.000136,-3.8e-05,-0.002347,-3.3e-05,0.0,0.0,-0.002464,0.0,-0.002397,-0.00147,0.0,-0.001536,-0.002691,-0.001062,0.0,-0.000553,0.0,0.0,-0.000362,0.0,-0.000102,-8.5e-05,0.0,-0.000137,-0.001394,0.0,-0.001916,-0.000473,0.0,-0.001128,0.0,-0.000332,-0.000971,-0.00101,-0.001412,-0.000506,0.0,0.0,-0.000482,-0.000287,-0.000147,0.0,0.0,-0.000171,0.0,0.0,-0.000916,-0.000731,-0.001764,-0.001634,0.0,-0.000331,-0.002476,-0.000672,-0.001466,0.0,-0.000387,-0.000403,-0.0,0.0,-0.000155,-9e-05,0.0,-7.1e-05,0.0,-0.001218,0.0,-0.000761,0.0,-0.001028,-0.001639,-0.000128,-7.9e-05,-0.001608,0.0,0.0,0.0,-0.000119,-0.000548,-0.000271,0.0,-8.7e-05,-0.000668,-0.002528,-0.002644,0.0,-0.001659,0.0,-0.002052,-0.000866,0.0,-0.000638,-0.00227,-0.000477,-0.001181,-0.00196,-0.002753,-0.000484,-0.000487,-0.000375,0.0,-0.000621,-0.001283,-0.001554,-0.000701
2017-05-28 07:47:00+02:00,0.0,0.0,-0.000346,-0.001714,-0.000415,0.0,-0.000873,-0.001038,-0.001011,-3.7e-05,0.0,0.0,-0.000292,-0.000143,-3.9e-05,-0.002364,-4.4e-05,0.0,0.0,-0.002511,0.0,-0.002445,-0.001509,0.0,-0.001556,-0.002711,-0.001094,0.0,-0.000561,0.0,0.0,-0.000374,0.0,-0.000107,-8.6e-05,0.0,-0.000145,-0.00143,0.0,-0.001949,-0.000492,0.0,-0.001163,0.0,-0.000352,-0.000981,-0.001022,-0.001449,-0.00052,0.0,0.0,-0.000503,-0.000298,-0.000155,0.0,0.0,-0.000193,0.0,0.0,-0.000945,-0.000757,-0.001794,-0.001647,0.0,-0.000355,-0.002494,-0.000696,-0.001503,0.0,-0.000404,-0.000421,-0.0,0.0,-0.000163,-9.2e-05,0.0,-7.6e-05,0.0,-0.001252,0.0,-0.000778,0.0,-0.001038,-0.001668,-0.000143,-9.6e-05,-0.001642,0.0,0.0,0.0,-0.000128,-0.000564,-0.000284,0.0,-8.8e-05,-0.000684,-0.002544,-0.002661,0.0,-0.001681,0.0,-0.002068,-0.000895,0.0,-0.000662,-0.002312,-0.000496,-0.001202,-0.001973,-0.002772,-0.000504,-0.000495,-0.000393,0.0,-0.000647,-0.00132,-0.001566,-0.000724
2017-05-28 07:48:00+02:00,0.0,0.0,-0.000368,-0.00173,-0.000421,0.0,-0.000886,-0.001055,-0.001024,-4e-05,0.0,0.0,-0.000304,-0.000149,-3.9e-05,-0.002383,-5.3e-05,0.0,0.0,-0.002548,0.0,-0.002483,-0.001529,0.0,-0.00157,-0.002732,-0.001111,0.0,-0.000571,0.0,0.0,-0.000385,0.0,-0.000111,-8.7e-05,0.0,-0.000147,-0.001446,0.0,-0.001971,-0.000505,0.0,-0.001194,0.0,-0.000357,-0.00099,-0.001034,-0.001481,-0.00053,0.0,0.0,-0.000522,-0.000308,-0.000161,0.0,0.0,-0.000212,0.0,0.0,-0.000956,-0.00078,-0.001816,-0.001662,0.0,-0.000376,-0.002513,-0.000706,-0.001536,0.0,-0.000413,-0.000438,-0.0,0.0,-0.00017,-9.3e-05,0.0,-8e-05,0.0,-0.001265,0.0,-0.000795,0.0,-0.001048,-0.00169,-0.000145,-0.000111,-0.00167,0.0,0.0,0.0,-0.000132,-0.00058,-0.000295,0.0,-8.9e-05,-0.000695,-0.002561,-0.00268,0.0,-0.001696,0.0,-0.002086,-0.00092,0.0,-0.000676,-0.002343,-0.000512,-0.001215,-0.001988,-0.002793,-0.000517,-0.000504,-0.00041,0.0,-0.000654,-0.001351,-0.001579,-0.000744
2017-05-28 07:49:00+02:00,0.0,0.0,-0.000358,-0.001738,-0.000417,0.0,-0.000888,-0.001063,-0.001035,-3.8e-05,0.0,0.0,-0.000316,-0.000156,-4e-05,-0.002393,-4.3e-05,0.0,0.0,-0.002537,0.0,-0.002474,-0.001534,0.0,-0.001582,-0.002744,-0.001116,0.0,-0.000575,0.0,0.0,-0.000395,0.0,-0.000115,-8.9e-05,0.0,-0.000145,-0.001448,0.0,-0.001989,-0.000513,0.0,-0.001185,0.0,-0.000353,-0.000991,-0.00104,-0.001482,-0.000538,0.0,0.0,-0.00053,-0.000319,-0.000168,0.0,0.0,-0.000201,0.0,0.0,-0.000954,-0.000788,-0.001833,-0.001668,0.0,-0.000367,-0.002524,-0.000707,-0.001536,0.0,-0.000415,-0.00044,-0.0,0.0,-0.000175,-9.6e-05,0.0,-7.6e-05,0.0,-0.001265,0.0,-0.00081,0.0,-0.00105,-0.001707,-0.000138,-9.7e-05,-0.001693,0.0,0.0,0.0,-0.000131,-0.000595,-0.000307,0.0,-9e-05,-0.0007,-0.002571,-0.00269,0.0,-0.001707,0.0,-0.002094,-0.000917,0.0,-0.000683,-0.002369,-0.000528,-0.001224,-0.001994,-0.002805,-0.000526,-0.000508,-0.000406,0.0,-0.00065,-0.001341,-0.001583,-0.000762
2017-05-28 07:50:00+02:00,0.0,0.0,-0.000337,-0.001743,-0.000404,0.0,-0.000879,-0.00106,-0.001048,-3.6e-05,0.0,0.0,-0.000328,-0.000162,-4.1e-05,-0.002399,-3.4e-05,0.0,0.0,-0.002513,0.0,-0.002452,-0.001523,0.0,-0.001595,-0.002752,-0.001109,0.0,-0.000579,0.0,0.0,-0.000406,0.0,-0.000119,-9e-05,0.0,-0.000144,-0.001433,0.0,-0.002008,-0.000514,0.0,-0.00116,0.0,-0.000339,-0.00099,-0.001044,-0.001474,-0.000546,0.0,0.0,-0.000535,-0.000328,-0.000175,0.0,0.0,-0.00018,0.0,0.0,-0.000939,-0.00079,-0.00185,-0.001671,0.0,-0.000348,-0.002531,-0.000698,-0.001529,0.0,-0.000412,-0.000437,-0.0,0.0,-0.000177,-9.7e-05,0.0,-7.2e-05,0.0,-0.001249,0.0,-0.000824,0.0,-0.00105,-0.001726,-0.000123,-7.7e-05,-0.001718,0.0,0.0,0.0,-0.000127,-0.000609,-0.000318,0.0,-9.1e-05,-0.000706,-0.002577,-0.002697,0.0,-0.001718,0.0,-0.002099,-0.000905,0.0,-0.000683,-0.002396,-0.000545,-0.001233,-0.001997,-0.002813,-0.000528,-0.00051,-0.000392,0.0,-0.000633,-0.001316,-0.001585,-0.000781
2017-05-28 07:51:00+02:00,0.0,0.0,-0.000338,-0.001762,-0.000426,0.0,-0.000907,-0.001091,-0.001076,-4e-05,0.0,0.0,-0.000346,-0.000171,-4.2e-05,-0.00242,-2.7e-05,0.0,0.0,-0.002535,0.0,-0.002475,-0.001561,0.0,-0.00163,-0.002774,-0.001141,0.0,-0.00059,0.0,0.0,-0.000422,0.0,-0.000126,-9.3e-05,0.0,-0.000161,-0.001467,0.0,-0.002055,-0.000535,0.0,-0.001165,0.0,-0.000361,-0.001003,-0.001059,-0.001494,-0.000567,0.0,0.0,-0.00055,-0.00034,-0.000185,0.0,0.0,-0.000181,0.0,0.0,-0.000967,-0.000809,-0.001895,-0.001689,0.0,-0.000349,-0.002552,-0.000722,-0.00155,0.0,-0.000429,-0.000444,-0.0,0.0,-0.000184,-0.0001,0.0,-7.9e-05,0.0,-0.001282,0.0,-0.000842,0.0,-0.001064,-0.001769,-0.000141,-7.5e-05,-0.001768,0.0,0.0,0.0,-0.000137,-0.000626,-0.000336,0.0,-9.2e-05,-0.000732,-0.002596,-0.002717,0.0,-0.001754,0.0,-0.002119,-0.000913,0.0,-0.000707,-0.002457,-0.00057,-0.001265,-0.002014,-0.002834,-0.000549,-0.000521,-0.000392,0.0,-0.000659,-0.001321,-0.001601,-0.000813
2017-05-28 07:52:00+02:00,0.0,0.0,-0.000337,-0.001781,-0.000442,0.0,-0.00093,-0.001117,-0.001103,-4.3e-05,0.0,0.0,-0.000363,-0.000179,-4.4e-05,-0.002442,-2.2e-05,0.0,0.0,-0.002542,0.0,-0.002483,-0.001591,0.0,-0.001662,-0.002797,-0.001167,0.0,-0.000601,0.0,0.0,-0.000438,0.0,-0.000132,-9.5e-05,0.0,-0.000175,-0.001495,0.0,-0.002098,-0.000553,0.0,-0.001166,0.0,-0.000376,-0.001015,-0.001075,-0.001507,-0.000587,0.0,0.0,-0.000562,-0.000352,-0.000194,0.0,0.0,-0.000179,0.0,0.0,-0.000989,-0.000822,-0.001935,-0.001707,0.0,-0.000349,-0.002574,-0.000742,-0.001563,0.0,-0.000444,-0.00045,-0.0,0.0,-0.000189,-0.000102,0.0,-8.4e-05,0.0,-0.001308,0.0,-0.000861,0.0,-0.001077,-0.001808,-0.000153,-7.1e-05,-0.001816,0.0,0.0,0.0,-0.000145,-0.000643,-0.000352,0.0,-9.3e-05,-0.000756,-0.002615,-0.002737,0.0,-0.001787,0.0,-0.002139,-0.000919,0.0,-0.000728,-0.002513,-0.000594,-0.001294,-0.002032,-0.002857,-0.000567,-0.000531,-0.000391,0.0,-0.000679,-0.001322,-0.001618,-0.000843
2017-05-28 07:53:00+02:00,0.0,0.0,-0.000363,-0.001805,-0.000455,0.0,-0.000949,-0.001139,-0.001124,-4.7e-05,0.0,0.0,-0.000378,-0.000188,-4.5e-05,-0.00247,-3.6e-05,0.0,0.0,-0.002599,0.0,-0.00254,-0.001617,0.0,-0.001686,-0.002828,-0.00119,0.0,-0.000614,0.0,0.0,-0.000453,0.0,-0.000138,-9.8e-05,0.0,-0.000185,-0.001517,0.0,-0.00213,-0.000569,0.0,-0.001204,0.0,-0.000389,-0.00103,-0.001093,-0.001551,-0.000602,0.0,0.0,-0.000587,-0.000365,-0.000203,0.0,0.0,-0.000201,0.0,0.0,-0.001003,-0.000853,-0.001966,-0.00173,0.0,-0.000373,-0.002604,-0.000755,-0.001607,0.0,-0.000455,-0.000471,-0.0,0.0,-0.0002,-0.000105,0.0,-9e-05,0.0,-0.001328,0.0,-0.000884,0.0,-0.001093,-0.001838,-0.000162,-9.1e-05,-0.001852,0.0,0.0,0.0,-0.000151,-0.000663,-0.000367,0.0,-9.5e-05,-0.000773,-0.002642,-0.002766,0.0,-0.001811,0.0,-0.002166,-0.000951,0.0,-0.000746,-0.002555,-0.000616,-0.001315,-0.002056,-0.002888,-0.000583,-0.000543,-0.000413,0.0,-0.000694,-0.001362,-0.001638,-0.000868
2017-05-28 07:54:00+02:00,0.0,0.0,-0.000393,-0.001806,-0.000473,0.0,-0.000973,-0.001167,-0.001148,-4.5e-05,0.0,0.0,-0.000397,-0.000198,-4.7e-05,-0.002468,-5.4e-05,0.0,0.0,-0.002662,0.0,-0.002604,-0.001649,0.0,-0.001717,-0.002826,-0.001218,0.0,-0.000616,-3e-06,0.0,-0.000469,0.0,-0.000145,-0.000102,0.0,-0.000197,-0.001547,0.0,-0.00217,-0.000589,0.0,-0.001249,0.0,-0.000405,-0.001027,-0.001094,-0.001599,-0.00062,0.0,0.0,-0.000615,-0.000375,-0.000215,0.0,0.0,-0.000227,0.0,0.0,-0.001027,-0.000888,-0.002003,-0.00173,0.0,-0.000403,-0.002601,-0.000775,-0.001656,0.0,-0.000471,-0.000495,-0.0,0.0,-0.000213,-0.000109,0.0,-8.5e-05,0.0,-0.001356,0.0,-0.000894,0.0,-0.001091,-0.001875,-0.000175,-0.000115,-0.001895,0.0,0.0,0.0,-0.00016,-0.000675,-0.000385,0.0,-9.7e-05,-0.000793,-0.002639,-0.002763,0.0,-0.001841,0.0,-0.002164,-0.000988,0.0,-0.000768,-0.002606,-0.00064,-0.00134,-0.002054,-0.002885,-0.000603,-0.000545,-0.000441,0.0,-0.000714,-0.001409,-0.001637,-0.000897
2017-05-28 07:55:00+02:00,0.0,0.0,-0.000424,-0.001809,-0.000494,0.0,-0.001,-0.001197,-0.001177,-4.4e-05,0.0,0.0,-0.000417,-0.00021,-5e-05,-0.002467,-7.3e-05,0.0,0.0,-0.002723,0.0,-0.002666,-0.001686,0.0,-0.001753,-0.002827,-0.001248,0.0,-0.00062,-8e-06,0.0,-0.000488,0.0,-0.000154,-0.000107,0.0,-0.000214,-0.00158,0.0,-0.002213,-0.00061,0.0,-0.001294,0.0,-0.000426,-0.001027,-0.001097,-0.001645,-0.00064,0.0,0.0,-0.000643,-0.000385,-0.000228,0.0,0.0,-0.000253,0.0,0.0,-0.001056,-0.000922,-0.002044,-0.001732,0.0,-0.000432,-0.002601,-0.0008,-0.001704,0.0,-0.000489,-0.000519,-0.0,0.0,-0.000227,-0.000115,0.0,-8.3e-05,0.0,-0.001388,0.0,-0.000906,0.0,-0.001092,-0.001915,-0.000192,-0.00014,-0.00194,0.0,0.0,0.0,-0.00017,-0.000688,-0.000405,0.0,-0.0001,-0.000819,-0.002638,-0.002762,0.0,-0.001877,0.0,-0.002166,-0.001024,0.0,-0.000793,-0.00266,-0.000667,-0.001371,-0.002053,-0.002886,-0.000624,-0.000548,-0.000469,0.0,-0.000739,-0.001455,-0.001637,-0.000928
2017-05-28 07:56:00+02:00,0.0,0.0,-0.000453,-0.001846,-0.000515,0.0,-0.001025,-0.001224,-0.001216,-5.3e-05,0.0,0.0,-0.000438,-0.000223,-5.3e-05,-0.002509,-9.3e-05,0.0,0.0,-0.00278,0.0,-0.002724,-0.001719,0.0,-0.001803,-0.002871,-0.001277,0.0,-0.000641,-1.4e-05,0.0,-0.000511,0.0,-0.000164,-0.000113,0.0,-0.000234,-0.001611,0.0,-0.002262,-0.000631,0.0,-0.001336,0.0,-0.000445,-0.001056,-0.001126,-0.001689,-0.000665,0.0,0.0,-0.00067,-0.000403,-0.000241,0.0,0.0,-0.000277,0.0,0.0,-0.001083,-0.000955,-0.002092,-0.001768,0.0,-0.00046,-0.002643,-0.000823,-0.001749,0.0,-0.000506,-0.000542,-1e-06,0.0,-0.00024,-0.000121,0.0,-0.0001,0.0,-0.001418,0.0,-0.000934,0.0,-0.001122,-0.001962,-0.000208,-0.000164,-0.001987,0.0,0.0,0.0,-0.00018,-0.000713,-0.000425,0.0,-0.000105,-0.000849,-0.002676,-0.002803,0.0,-0.001925,0.0,-0.002205,-0.001058,0.0,-0.000816,-0.002716,-0.000694,-0.001408,-0.00209,-0.002929,-0.000645,-0.000568,-0.000495,0.0,-0.000763,-0.001499,-0.001672,-0.000961
2017-05-28 07:57:00+02:00,0.0,0.0,-0.000466,-0.001887,-0.00053,0.0,-0.001045,-0.001246,-0.001265,-6.1e-05,0.0,0.0,-0.000462,-0.000238,-5.8e-05,-0.002556,-9.9e-05,0.0,0.0,-0.002821,0.0,-0.002766,-0.001745,0.0,-0.001867,-0.002921,-0.001299,0.0,-0.000664,-1.4e-05,0.0,-0.000538,0.0,-0.000176,-0.000121,0.0,-0.000256,-0.001635,0.0,-0.00232,-0.000649,0.0,-0.001361,0.0,-0.00046,-0.001087,-0.001156,-0.001722,-0.000693,0.0,0.0,-0.000694,-0.000424,-0.000258,0.0,0.0,-0.000288,0.0,0.0,-0.001104,-0.000983,-0.002148,-0.001807,0.0,-0.000474,-0.002692,-0.000841,-0.001783,0.0,-0.000521,-0.000559,-2e-06,0.0,-0.000254,-0.00013,0.0,-0.000113,0.0,-0.001441,0.0,-0.000964,0.0,-0.001154,-0.002017,-0.000219,-0.000174,-0.002043,0.0,0.0,0.0,-0.000188,-0.000741,-0.000449,0.0,-0.000112,-0.000885,-0.002721,-0.002849,0.0,-0.001984,0.0,-0.002249,-0.001081,0.0,-0.000836,-0.002785,-0.000726,-0.001451,-0.002131,-0.002979,-0.000663,-0.000589,-0.000512,0.0,-0.000781,-0.001525,-0.001709,-0.000999
2017-05-28 07:58:00+02:00,0.0,0.0,-0.000488,-0.001936,-0.000542,0.0,-0.001062,-0.001266,-0.001303,-7.5e-05,0.0,0.0,-0.000484,-0.000253,-6.2e-05,-0.002612,-0.000112,0.0,0.0,-0.002872,0.0,-0.002817,-0.001768,0.0,-0.001917,-0.002981,-0.001319,0.0,-0.000691,-1.8e-05,0.0,-0.000561,0.0,-0.000188,-0.000129,0.0,-0.00027,-0.001655,0.0,-0.002361,-0.000666,0.0,-0.001396,0.0,-0.000471,-0.001126,-0.001192,-0.001761,-0.000713,0.0,0.0,-0.000721,-0.000447,-0.000274,0.0,0.0,-0.000305,0.0,0.0,-0.001121,-0.001015,-0.002189,-0.001855,0.0,-0.000495,-0.002749,-0.000856,-0.001823,0.0,-0.000534,-0.00058,-7e-06,0.0,-0.000271,-0.000139,0.0,-0.000138,0.0,-0.00146,0.0,-0.000999,0.0,-0.001195,-0.002057,-0.000227,-0.00019,-0.002081,0.0,0.0,0.0,-0.000194,-0.000772,-0.000471,0.0,-0.000121,-0.000908,-0.002774,-0.002905,0.0,-0.002028,0.0,-0.002302,-0.001109,0.0,-0.000854,-0.002831,-0.000753,-0.001482,-0.002181,-0.003038,-0.000679,-0.000615,-0.000533,0.0,-0.000794,-0.001561,-0.001756,-0.001029
2017-05-28 07:59:00+02:00,0.0,0.0,-0.000492,-0.001971,-0.000551,0.0,-0.001076,-0.001284,-0.001343,-8.3e-05,0.0,0.0,-0.000508,-0.000269,-6.6e-05,-0.002654,-0.000111,0.0,0.0,-0.002898,0.0,-0.002844,-0.001789,0.0,-0.001969,-0.003026,-0.001336,0.0,-0.000711,-1.5e-05,0.0,-0.000585,0.0,-0.000201,-0.000138,0.0,-0.000285,-0.001673,0.0,-0.00241,-0.000682,0.0,-0.00141,0.0,-0.000478,-0.001153,-0.001218,-0.001783,-0.000735,0.0,0.0,-0.000741,-0.000467,-0.000291,0.0,0.0,-0.000308,0.0,0.0,-0.001134,-0.001037,-0.002235,-0.00189,0.0,-0.000501,-0.002793,-0.000868,-0.001846,0.0,-0.000544,-0.000592,-8e-06,0.0,-0.000284,-0.000148,0.0,-0.00015,0.0,-0.001475,0.0,-0.001028,0.0,-0.001222,-0.002103,-0.000231,-0.000191,-0.002128,0.0,0.0,0.0,-0.000199,-0.0008,-0.000494,0.0,-0.000128,-0.000934,-0.002815,-0.002947,0.0,-0.002074,0.0,-0.00234,-0.001123,0.0,-0.00087,-0.00289,-0.000784,-0.001516,-0.002216,-0.003083,-0.000695,-0.000633,-0.000544,0.0,-0.000804,-0.001575,-0.001788,-0.001064
2017-05-28 08:00:00+02:00,0.0,0.0,-0.000501,-0.002003,-0.000554,0.0,-0.001085,-0.001297,-0.001377,-9e-05,0.0,0.0,-0.000529,-0.000282,-6.9e-05,-0.00269,-0.000113,0.0,0.0,-0.002928,0.0,-0.002876,-0.001801,0.0,-0.00201,-0.003067,-0.001348,0.0,-0.000729,-1.4e-05,0.0,-0.000606,0.0,-0.000211,-0.000144,0.0,-0.000293,-0.001682,0.0,-0.002447,-0.000694,0.0,-0.001428,0.0,-0.000481,-0.001175,-0.001242,-0.00181,-0.000752,0.0,0.0,-0.000762,-0.000485,-0.000305,0.0,0.0,-0.000313,0.0,0.0,-0.001141,-0.00106,-0.002272,-0.00192,0.0,-0.00051,-0.002831,-0.000876,-0.001874,0.0,-0.000552,-0.000606,-1e-05,0.0,-0.000296,-0.000154,0.0,-0.000162,0.0,-0.001484,0.0,-0.001055,0.0,-0.001246,-0.002139,-0.000231,-0.000195,-0.002169,0.0,0.0,0.0,-0.000202,-0.000825,-0.000515,0.0,-0.000133,-0.000952,-0.002851,-0.002985,0.0,-0.002111,0.0,-0.002374,-0.001141,0.0,-0.000883,-0.002936,-0.00081,-0.001541,-0.002247,-0.003123,-0.000708,-0.00065,-0.000557,0.0,-0.000808,-0.001594,-0.001816,-0.001094
2017-05-28 08:01:00+02:00,0.0,0.0,-0.000407,-0.002003,-0.00054,0.0,-0.001079,-0.001296,-0.001394,-8.2e-05,0.0,0.0,-0.000545,-0.000293,-7.1e-05,-0.002692,-9.1e-05,0.0,0.0,-0.002806,0.0,-0.002756,-0.001793,0.0,-0.002028,-0.003071,-0.001344,0.0,-0.000728,-1.1e-05,0.0,-0.00062,0.0,-0.000218,-0.000149,0.0,-0.00028,-0.001672,0.0,-0.002458,-0.000699,0.0,-0.001304,0.0,-0.000466,-0.001166,-0.001241,-0.00173,-0.000755,0.0,0.0,-0.000738,-0.000497,-0.000317,0.0,0.0,-0.000251,0.0,0.0,-0.001127,-0.001022,-0.002281,-0.001917,0.0,-0.000422,-0.002834,-0.000868,-0.001794,0.0,-0.000549,-0.000559,-8e-06,0.0,-0.000291,-0.00016,0.0,-0.000146,0.0,-0.001472,0.0,-0.001068,0.0,-0.001239,-0.00215,-0.000213,-0.000156,-0.002188,0.0,0.0,0.0,-0.000197,-0.00084,-0.00053,0.0,-0.000137,-0.000945,-0.002854,-0.002988,0.0,-0.00212,0.0,-0.002374,-0.001051,0.0,-0.000885,-0.002955,-0.000829,-0.001542,-0.002244,-0.003127,-0.000712,-0.000648,-0.00049,0.0,-0.000791,-0.001462,-0.001812,-0.001113
2017-05-28 08:02:00+02:00,0.0,0.0,-0.000346,-0.002015,-0.000542,0.0,-0.001088,-0.001309,-0.001423,-8e-05,0.0,0.0,-0.000566,-0.000306,-7.4e-05,-0.002708,-7.2e-05,0.0,0.0,-0.00273,0.0,-0.002682,-0.001806,0.0,-0.002063,-0.00309,-0.001356,0.0,-0.000735,-9e-06,0.0,-0.000639,0.0,-0.000228,-0.000156,0.0,-0.000284,-0.001681,0.0,-0.002489,-0.000712,0.0,-0.001222,0.0,-0.000467,-0.00117,-0.00125,-0.001682,-0.000769,0.0,0.0,-0.000727,-0.000512,-0.000332,0.0,0.0,-0.0002,0.0,0.0,-0.001133,-0.001002,-0.002311,-0.001928,0.0,-0.000365,-0.00285,-0.000874,-0.001747,0.0,-0.000557,-0.00053,-6e-06,0.0,-0.000291,-0.000167,0.0,-0.000143,0.0,-0.001479,0.0,-0.001087,0.0,-0.001245,-0.00218,-0.000211,-0.000125,-0.002224,0.0,0.0,0.0,-0.000199,-0.000859,-0.00055,0.0,-0.000142,-0.000957,-0.002871,-0.003004,0.0,-0.002149,0.0,-0.002387,-0.000993,0.0,-0.000898,-0.002995,-0.000854,-0.001561,-0.002255,-0.003145,-0.000725,-0.000653,-0.000446,0.0,-0.000794,-0.001375,-0.00182,-0.001141
2017-05-28 08:03:00+02:00,0.0,0.0,-0.0003,-0.002036,-0.000549,0.0,-0.0011,-0.001326,-0.001454,-8.2e-05,0.0,0.0,-0.000588,-0.00032,-7.8e-05,-0.002732,-5.8e-05,0.0,0.0,-0.002679,0.0,-0.002633,-0.001822,0.0,-0.002101,-0.003117,-0.001372,0.0,-0.000746,-7e-06,0.0,-0.00066,0.0,-0.000239,-0.000163,0.0,-0.000293,-0.001696,0.0,-0.002525,-0.000727,0.0,-0.001163,0.0,-0.000473,-0.001182,-0.001265,-0.001651,-0.000787,0.0,0.0,-0.000723,-0.000529,-0.000347,0.0,0.0,-0.00016,0.0,0.0,-0.001143,-0.000993,-0.002346,-0.001947,0.0,-0.000323,-0.002876,-0.000885,-0.001717,0.0,-0.000567,-0.00051,-5e-06,0.0,-0.000294,-0.000175,0.0,-0.000144,0.0,-0.001492,0.0,-0.001109,0.0,-0.001259,-0.002215,-0.000214,-0.0001,-0.002263,0.0,0.0,0.0,-0.000204,-0.000882,-0.000572,0.0,-0.000148,-0.000976,-0.002895,-0.003029,0.0,-0.002183,0.0,-0.002409,-0.000951,0.0,-0.000914,-0.00304,-0.000882,-0.001585,-0.002274,-0.003172,-0.00074,-0.000664,-0.000413,0.0,-0.000802,-0.001311,-0.001837,-0.001172
2017-05-28 08:04:00+02:00,0.0,0.0,-0.000272,-0.002066,-0.000557,0.0,-0.001114,-0.001343,-0.001485,-8.9e-05,0.0,0.0,-0.000611,-0.000335,-8.2e-05,-0.002767,-4.6e-05,0.0,0.0,-0.002652,0.0,-0.002607,-0.00184,0.0,-0.002138,-0.003156,-0.001389,0.0,-0.000764,-6e-06,0.0,-0.000681,0.0,-0.00025,-0.000171,0.0,-0.000302,-0.001711,0.0,-0.002558,-0.000742,0.0,-0.001125,0.0,-0.00048,-0.001204,-0.001288,-0.001637,-0.000803,0.0,0.0,-0.000727,-0.000549,-0.000363,0.0,0.0,-0.00013,0.0,0.0,-0.001155,-0.000992,-0.002378,-0.001976,0.0,-0.000297,-0.002913,-0.000897,-0.001703,0.0,-0.000577,-0.0005,-7e-06,0.0,-0.0003,-0.000184,0.0,-0.000157,0.0,-0.001506,0.0,-0.001137,0.0,-0.001282,-0.002247,-0.000219,-8e-05,-0.002299,0.0,0.0,0.0,-0.000209,-0.000908,-0.000593,0.0,-0.000156,-0.000992,-0.002931,-0.003065,0.0,-0.002214,0.0,-0.002442,-0.000926,0.0,-0.00093,-0.003081,-0.000908,-0.001607,-0.002303,-0.003211,-0.000756,-0.000681,-0.000392,0.0,-0.00081,-0.00127,-0.001864,-0.001201
2017-05-28 08:05:00+02:00,0.0,0.0,-0.000243,-0.00209,-0.000547,0.0,-0.001109,-0.001343,-0.001508,-9.3e-05,0.0,0.0,-0.000631,-0.00035,-8.6e-05,-0.002795,-3.7e-05,0.0,0.0,-0.002628,0.0,-0.002584,-0.001835,0.0,-0.002165,-0.003188,-0.001386,0.0,-0.000778,-5e-06,0.0,-0.000699,0.0,-0.000261,-0.000179,0.0,-0.000304,-0.001703,0.0,-0.002582,-0.000747,0.0,-0.001088,0.0,-0.00047,-0.001219,-0.001306,-0.001624,-0.000815,0.0,0.0,-0.000731,-0.000568,-0.000379,0.0,0.0,-0.000104,0.0,0.0,-0.001143,-0.000993,-0.002401,-0.001998,0.0,-0.00027,-0.002942,-0.00089,-0.001692,0.0,-0.000575,-0.00049,-7e-06,0.0,-0.000307,-0.000192,0.0,-0.000162,0.0,-0.001496,0.0,-0.001161,0.0,-0.001298,-0.002271,-0.000207,-6.4e-05,-0.002328,0.0,0.0,0.0,-0.000206,-0.000932,-0.000613,0.0,-0.000163,-0.001001,-0.00296,-0.003093,0.0,-0.002236,0.0,-0.002467,-0.000902,0.0,-0.000933,-0.00311,-0.000932,-0.001621,-0.002326,-0.003241,-0.000761,-0.000693,-0.00037,0.0,-0.000798,-0.001232,-0.001884,-0.001227
2017-05-28 08:06:00+02:00,0.0,0.0,-0.000218,-0.002098,-0.00053,0.0,-0.001097,-0.001336,-0.001526,-8.6e-05,0.0,0.0,-0.000652,-0.000364,-8.9e-05,-0.002804,-3e-05,0.0,0.0,-0.002617,0.0,-0.002575,-0.00182,0.0,-0.002185,-0.003199,-0.001375,0.0,-0.000781,-4e-06,0.0,-0.000715,0.0,-0.000271,-0.000187,0.0,-0.000302,-0.001684,0.0,-0.002603,-0.000747,0.0,-0.001063,0.0,-0.000453,-0.001217,-0.00131,-0.00162,-0.000823,0.0,0.0,-0.00074,-0.000582,-0.000394,0.0,0.0,-8.3e-05,0.0,0.0,-0.001123,-0.001,-0.002421,-0.002004,0.0,-0.000247,-0.002952,-0.000876,-0.001689,0.0,-0.000569,-0.000484,-5e-06,0.0,-0.000316,-0.000201,0.0,-0.000149,0.0,-0.001478,0.0,-0.001178,0.0,-0.001298,-0.002292,-0.000188,-5.1e-05,-0.002357,0.0,0.0,0.0,-0.000199,-0.00095,-0.000633,0.0,-0.000169,-0.001005,-0.002971,-0.003103,0.0,-0.00225,0.0,-0.002476,-0.000886,0.0,-0.00093,-0.003141,-0.000956,-0.001631,-0.002332,-0.003252,-0.000762,-0.000694,-0.000356,0.0,-0.000778,-0.001205,-0.001887,-0.001252
2017-05-28 08:07:00+02:00,0.0,0.0,-0.000232,-0.002119,-0.000551,0.0,-0.001123,-0.001365,-0.00155,-9.4e-05,0.0,0.0,-0.000674,-0.000379,-9.4e-05,-0.002825,-2.4e-05,0.0,0.0,-0.002649,0.0,-0.002608,-0.001854,0.0,-0.002212,-0.003218,-0.001405,0.0,-0.000795,-3e-06,0.0,-0.000733,0.0,-0.000282,-0.000196,0.0,-0.000312,-0.001715,0.0,-0.002631,-0.00077,0.0,-0.00108,0.0,-0.000473,-0.001233,-0.001328,-0.001647,-0.000839,0.0,0.0,-0.000763,-0.0006,-0.000411,0.0,0.0,-9.2e-05,0.0,0.0,-0.001149,-0.001025,-0.002448,-0.002025,0.0,-0.000261,-0.002972,-0.000899,-0.001718,0.0,-0.000588,-0.000497,-7e-06,0.0,-0.00033,-0.00021,0.0,-0.000161,0.0,-0.001507,0.0,-0.0012,0.0,-0.001315,-0.002319,-0.000205,-4.1e-05,-0.002388,0.0,0.0,0.0,-0.00021,-0.000971,-0.000655,0.0,-0.000177,-0.001021,-0.00299,-0.00312,0.0,-0.002272,0.0,-0.002497,-0.000902,0.0,-0.000955,-0.003175,-0.000982,-0.001649,-0.002351,-0.003271,-0.000785,-0.000708,-0.000366,0.0,-0.000801,-0.001221,-0.001906,-0.00128
2017-05-28 08:08:00+02:00,0.0,0.0,-0.000238,-0.002148,-0.000577,0.0,-0.001155,-0.0014,-0.001593,-0.000103,0.0,0.0,-0.000704,-0.0004,-0.0001,-0.002858,-1.9e-05,0.0,0.0,-0.002671,0.0,-0.00263,-0.001896,0.0,-0.002267,-0.003254,-0.001441,0.0,-0.000813,-2e-06,0.0,-0.000762,0.0,-0.000298,-0.000207,0.0,-0.000338,-0.001753,0.0,-0.002689,-0.000797,0.0,-0.001085,0.0,-0.000498,-0.001255,-0.00135,-0.001667,-0.000869,0.0,0.0,-0.000782,-0.00062,-0.000433,0.0,0.0,-9.4e-05,0.0,0.0,-0.001182,-0.001045,-0.002504,-0.002052,0.0,-0.000267,-0.003006,-0.000928,-0.001739,0.0,-0.00061,-0.000505,-1.1e-05,0.0,-0.000344,-0.000223,0.0,-0.000175,0.0,-0.001543,0.0,-0.001227,0.0,-0.001338,-0.002374,-0.000227,-3.3e-05,-0.002448,0.0,0.0,0.0,-0.000224,-0.000998,-0.000685,0.0,-0.000185,-0.001057,-0.003024,-0.003153,0.0,-0.002324,0.0,-0.002528,-0.000909,0.0,-0.000985,-0.003244,-0.00102,-0.001692,-0.002379,-0.003307,-0.000812,-0.000725,-0.00037,0.0,-0.00083,-0.001226,-0.001932,-0.001323
2017-05-28 08:09:00+02:00,0.0,0.0,-0.000228,-0.002145,-0.000589,0.0,-0.001174,-0.001423,-0.001625,-9.8e-05,0.0,0.0,-0.000729,-0.000417,-0.000105,-0.002859,-1.5e-05,0.0,0.0,-0.002673,0.0,-0.002634,-0.00192,0.0,-0.002306,-0.003261,-0.001463,0.0,-0.000812,-2e-06,0.0,-0.000784,0.0,-0.00031,-0.000216,0.0,-0.000349,-0.001774,0.0,-0.002727,-0.000815,0.0,-0.001073,0.0,-0.000509,-0.001247,-0.001347,-0.001673,-0.000888,0.0,0.0,-0.000794,-0.000633,-0.000451,0.0,0.0,-8.2e-05,0.0,0.0,-0.001197,-0.001057,-0.002541,-0.002045,0.0,-0.000258,-0.00301,-0.000943,-0.001746,0.0,-0.000623,-0.000505,-9e-06,0.0,-0.000353,-0.000233,0.0,-0.000166,0.0,-0.001562,0.0,-0.001241,0.0,-0.00133,-0.002411,-0.000234,-2.6e-05,-0.002491,0.0,0.0,0.0,-0.000231,-0.001014,-0.000709,0.0,-0.00019,-0.001076,-0.003032,-0.003158,0.0,-0.002357,0.0,-0.002526,-0.000903,0.0,-0.001005,-0.003292,-0.00105,-0.001717,-0.002374,-0.003313,-0.000831,-0.000724,-0.000365,0.0,-0.000843,-0.001213,-0.001924,-0.001357
2017-05-28 08:10:00+02:00,0.0,0.0,-0.000235,-0.00217,-0.000611,0.0,-0.001201,-0.001454,-0.001669,-0.000106,0.0,0.0,-0.00076,-0.000437,-0.000112,-0.00289,-1.2e-05,0.0,0.0,-0.002694,0.0,-0.002656,-0.001956,0.0,-0.002361,-0.003295,-0.001494,0.0,-0.000828,-2e-06,0.0,-0.000814,0.0,-0.000326,-0.000228,0.0,-0.000374,-0.001805,0.0,-0.002783,-0.000839,0.0,-0.00108,0.0,-0.00053,-0.001264,-0.001367,-0.001693,-0.000918,0.0,0.0,-0.000813,-0.000653,-0.000473,0.0,0.0,-8.5e-05,0.0,0.0,-0.001225,-0.001077,-0.002595,-0.002068,0.0,-0.000266,-0.003042,-0.000968,-0.001767,0.0,-0.000643,-0.000514,-1.1e-05,0.0,-0.000367,-0.000245,0.0,-0.000178,0.0,-0.001592,0.0,-0.001267,0.0,-0.001349,-0.002465,-0.000252,-2.1e-05,-0.00255,0.0,0.0,0.0,-0.000243,-0.00104,-0.000739,0.0,-0.000198,-0.001111,-0.003065,-0.003189,0.0,-0.002409,0.0,-0.002553,-0.000912,0.0,-0.001031,-0.003359,-0.001088,-0.001757,-0.002398,-0.003347,-0.000855,-0.000739,-0.000372,0.0,-0.000867,-0.001219,-0.001944,-0.0014
2017-05-28 08:11:00+02:00,0.0,0.0,-0.000226,-0.002212,-0.000631,0.0,-0.001226,-0.001481,-0.001711,-0.000116,0.0,0.0,-0.000788,-0.000456,-0.000118,-0.002938,-1e-05,0.0,0.0,-0.002684,0.0,-0.002648,-0.001986,0.0,-0.002413,-0.003348,-0.001522,0.0,-0.000852,-1e-06,0.0,-0.000842,0.0,-0.000341,-0.000239,0.0,-0.000394,-0.001832,0.0,-0.002831,-0.000861,0.0,-0.001069,0.0,-0.000549,-0.001294,-0.001399,-0.001694,-0.000944,0.0,0.0,-0.000822,-0.000678,-0.000494,0.0,0.0,-7.6e-05,0.0,0.0,-0.001249,-0.001085,-0.002642,-0.002108,0.0,-0.000258,-0.003092,-0.00099,-0.001768,0.0,-0.000661,-0.000514,-1.6e-05,0.0,-0.000375,-0.000257,0.0,-0.000193,0.0,-0.001618,0.0,-0.001302,0.0,-0.00138,-0.002512,-0.000269,-1.7e-05,-0.002601,0.0,0.0,0.0,-0.000254,-0.001073,-0.000767,0.0,-0.000208,-0.001141,-0.003117,-0.003238,0.0,-0.002455,0.0,-0.002598,-0.000907,0.0,-0.001055,-0.003416,-0.001123,-0.001793,-0.002439,-0.003399,-0.000876,-0.000761,-0.000368,0.0,-0.000888,-0.001207,-0.001982,-0.001439
2017-05-28 08:12:00+02:00,0.0,0.0,-0.00023,-0.002247,-0.000654,0.0,-0.001255,-0.001516,-0.001757,-0.000126,0.0,0.0,-0.000818,-0.000476,-0.000124,-0.002977,-8e-06,0.0,0.0,-0.002683,0.0,-0.002649,-0.002025,0.0,-0.00247,-0.00339,-0.001556,0.0,-0.000873,-1e-06,0.0,-0.000872,0.0,-0.000357,-0.00025,0.0,-0.00042,-0.001867,0.0,-0.002884,-0.000887,0.0,-0.001069,0.0,-0.000571,-0.001319,-0.001426,-0.001702,-0.000975,0.0,0.0,-0.000834,-0.0007,-0.000515,0.0,0.0,-7.8e-05,0.0,0.0,-0.001277,-0.001097,-0.002694,-0.002141,0.0,-0.000262,-0.003132,-0.001016,-0.001777,0.0,-0.000681,-0.000518,-2e-05,0.0,-0.000384,-0.000268,0.0,-0.00021,0.0,-0.001651,0.0,-0.001333,0.0,-0.001406,-0.002563,-0.000287,-1.3e-05,-0.002657,0.0,0.0,0.0,-0.000267,-0.001102,-0.000796,0.0,-0.000216,-0.001176,-0.003158,-0.003277,0.0,-0.002506,0.0,-0.002635,-0.000909,0.0,-0.001083,-0.003478,-0.001159,-0.001833,-0.002473,-0.00344,-0.000903,-0.000781,-0.000372,0.0,-0.000913,-0.001205,-0.002013,-0.00148
2017-05-28 08:13:00+02:00,0.0,0.0,-0.000226,-0.002273,-0.000664,0.0,-0.001273,-0.001538,-0.001791,-0.000132,0.0,0.0,-0.000844,-0.000495,-0.00013,-0.003005,-6e-06,0.0,0.0,-0.002682,0.0,-0.002649,-0.002049,0.0,-0.00251,-0.00342,-0.001577,0.0,-0.000889,-1e-06,0.0,-0.000896,0.0,-0.000371,-0.00026,0.0,-0.000432,-0.001887,0.0,-0.002918,-0.000906,0.0,-0.001065,0.0,-0.000581,-0.001336,-0.001447,-0.001709,-0.000994,0.0,0.0,-0.000846,-0.00072,-0.000535,0.0,0.0,-7.2e-05,0.0,0.0,-0.001291,-0.001108,-0.002728,-0.002166,0.0,-0.000258,-0.003161,-0.00103,-0.001784,0.0,-0.000694,-0.000522,-2.3e-05,0.0,-0.000394,-0.00028,0.0,-0.000218,0.0,-0.001669,0.0,-0.001359,0.0,-0.001425,-0.002598,-0.000294,-1.1e-05,-0.002697,0.0,0.0,0.0,-0.000274,-0.001127,-0.000821,0.0,-0.000225,-0.001195,-0.003189,-0.003304,0.0,-0.002539,0.0,-0.002662,-0.000909,0.0,-0.001103,-0.003521,-0.00119,-0.001858,-0.002497,-0.00347,-0.000922,-0.000795,-0.000372,0.0,-0.000925,-0.0012,-0.002035,-0.001513
2017-05-28 08:14:00+02:00,0.0,0.0,-0.000216,-0.002298,-0.000673,0.0,-0.001288,-0.001558,-0.001824,-0.000136,0.0,0.0,-0.000873,-0.000516,-0.000137,-0.003033,-5e-06,0.0,0.0,-0.002674,0.0,-0.002643,-0.002071,0.0,-0.002551,-0.003451,-0.001596,0.0,-0.000903,-1e-06,0.0,-0.000921,0.0,-0.000388,-0.000274,0.0,-0.000443,-0.001905,0.0,-0.002955,-0.000923,0.0,-0.001058,0.0,-0.000589,-0.001351,-0.001464,-0.001709,-0.001013,0.0,0.0,-0.000855,-0.000742,-0.000558,0.0,0.0,-6.2e-05,0.0,0.0,-0.001303,-0.001116,-0.002763,-0.002189,0.0,-0.00025,-0.00319,-0.001042,-0.001784,0.0,-0.000705,-0.000523,-2.4e-05,0.0,-0.000405,-0.000295,0.0,-0.000223,0.0,-0.001684,0.0,-0.001385,0.0,-0.001442,-0.002634,-0.000299,-9e-06,-0.002737,0.0,0.0,0.0,-0.000279,-0.001154,-0.000849,0.0,-0.000236,-0.001214,-0.003221,-0.003333,0.0,-0.002573,0.0,-0.002688,-0.000905,0.0,-0.001121,-0.003567,-0.001222,-0.001883,-0.00252,-0.0035,-0.00094,-0.000808,-0.000369,0.0,-0.000934,-0.001192,-0.002056,-0.001548
2017-05-28 08:15:00+02:00,0.0,0.0,-0.000226,-0.002333,-0.000687,0.0,-0.001308,-0.001583,-0.001856,-0.000146,0.0,0.0,-0.000901,-0.000537,-0.000144,-0.003071,-4e-06,0.0,0.0,-0.002702,0.0,-0.002672,-0.002099,0.0,-0.00259,-0.003492,-0.001619,0.0,-0.000923,-0.0,0.0,-0.000945,0.0,-0.000404,-0.000288,0.0,-0.000455,-0.001929,0.0,-0.002989,-0.000944,0.0,-0.001074,0.0,-0.000602,-0.001376,-0.00149,-0.001734,-0.001032,0.0,0.0,-0.000877,-0.000767,-0.000581,0.0,0.0,-6.9e-05,0.0,0.0,-0.001321,-0.001139,-0.002797,-0.002222,0.0,-0.00026,-0.00323,-0.001059,-0.001809,0.0,-0.00072,-0.000536,-2.8e-05,0.0,-0.000422,-0.000309,0.0,-0.000238,0.0,-0.001706,0.0,-0.001416,0.0,-0.001468,-0.002669,-0.000309,-7e-06,-0.002776,0.0,0.0,0.0,-0.000288,-0.001184,-0.000876,0.0,-0.000249,-0.001233,-0.003263,-0.003371,0.0,-0.002606,0.0,-0.002724,-0.000921,0.0,-0.001143,-0.00361,-0.001254,-0.001908,-0.002553,-0.00354,-0.000961,-0.000827,-0.00038,0.0,-0.000949,-0.001209,-0.002086,-0.001581
2017-05-28 08:16:00+02:00,0.0,0.0,-0.000215,-0.002348,-0.000691,0.0,-0.001318,-0.001598,-0.001871,-0.000144,0.0,0.0,-0.000924,-0.000555,-0.000149,-0.003089,-3e-06,0.0,0.0,-0.002712,0.0,-0.002683,-0.002114,0.0,-0.002607,-0.00351,-0.001633,0.0,-0.00093,-0.0,0.0,-0.000962,0.0,-0.000416,-0.0003,0.0,-0.000452,-0.001941,0.0,-0.003001,-0.00096,0.0,-0.001071,0.0,-0.000605,-0.00138,-0.001499,-0.001744,-0.001038,0.0,0.0,-0.000892,-0.000787,-0.000601,0.0,0.0,-5.7e-05,0.0,0.0,-0.001328,-0.001154,-0.002808,-0.002234,0.0,-0.00025,-0.003248,-0.001066,-0.001821,0.0,-0.000729,-0.00054,-2.6e-05,0.0,-0.000435,-0.000322,0.0,-0.000233,0.0,-0.001716,0.0,-0.001437,0.0,-0.001474,-0.002683,-0.000309,-5e-06,-0.002795,0.0,0.0,0.0,-0.000291,-0.001207,-0.000899,0.0,-0.000259,-0.001234,-0.003285,-0.00339,0.0,-0.002615,0.0,-0.00274,-0.000922,0.0,-0.001158,-0.003631,-0.001279,-0.001913,-0.002566,-0.003558,-0.000977,-0.000833,-0.000378,0.0,-0.000953,-0.001206,-0.002096,-0.001604
2017-05-28 08:17:00+02:00,0.0,0.0,-0.000215,-0.002369,-0.000694,0.0,-0.001327,-0.001613,-0.00189,-0.000147,0.0,0.0,-0.000948,-0.000572,-0.000155,-0.003111,-3e-06,0.0,0.0,-0.00273,0.0,-0.002703,-0.002128,0.0,-0.002627,-0.003534,-0.001645,0.0,-0.000942,-0.0,0.0,-0.000979,0.0,-0.000429,-0.000311,0.0,-0.000452,-0.001952,0.0,-0.003017,-0.000974,0.0,-0.001079,0.0,-0.000607,-0.001392,-0.001514,-0.001763,-0.001048,0.0,0.0,-0.000911,-0.000807,-0.00062,0.0,0.0,-5.4e-05,0.0,0.0,-0.001333,-0.001173,-0.002825,-0.002252,0.0,-0.000251,-0.00327,-0.001073,-0.001839,0.0,-0.000736,-0.000549,-2.7e-05,0.0,-0.00045,-0.000334,0.0,-0.000238,0.0,-0.001724,0.0,-0.001461,0.0,-0.001487,-0.002702,-0.000308,-4e-06,-0.00282,0.0,0.0,0.0,-0.000294,-0.001232,-0.000921,0.0,-0.000269,-0.001238,-0.003311,-0.003412,0.0,-0.002627,0.0,-0.00276,-0.000931,0.0,-0.001172,-0.003656,-0.001304,-0.001922,-0.002583,-0.003581,-0.000992,-0.000844,-0.000383,0.0,-0.000955,-0.001214,-0.002112,-0.00163
2017-05-28 08:18:00+02:00,0.0,0.0,-0.000207,-0.002394,-0.000695,0.0,-0.001336,-0.001626,-0.001915,-0.000151,0.0,0.0,-0.000974,-0.000592,-0.000161,-0.003139,-2e-06,0.0,0.0,-0.002738,0.0,-0.002712,-0.002139,0.0,-0.002656,-0.003565,-0.001657,0.0,-0.000956,-0.0,0.0,-0.001,0.0,-0.000443,-0.000323,0.0,-0.000455,-0.001961,0.0,-0.003045,-0.000987,0.0,-0.001078,0.0,-0.000608,-0.001406,-0.001533,-0.001774,-0.001061,0.0,0.0,-0.000925,-0.00083,-0.000642,0.0,0.0,-4.5e-05,0.0,0.0,-0.001337,-0.001187,-0.00285,-0.002275,0.0,-0.000245,-0.0033,-0.001079,-0.001851,0.0,-0.000743,-0.000554,-2.8e-05,0.0,-0.000462,-0.000348,0.0,-0.000243,0.0,-0.00173,0.0,-0.001489,0.0,-0.001503,-0.002729,-0.000307,-4e-06,-0.002856,0.0,0.0,0.0,-0.000296,-0.001259,-0.000947,0.0,-0.00028,-0.001247,-0.003346,-0.003443,0.0,-0.002648,0.0,-0.002786,-0.000935,0.0,-0.001185,-0.003692,-0.001334,-0.001938,-0.002606,-0.003612,-0.001006,-0.000857,-0.000384,0.0,-0.000956,-0.001213,-0.002132,-0.001662
2017-05-28 08:19:00+02:00,0.0,0.0,-0.000201,-0.002413,-0.000701,0.0,-0.001347,-0.001643,-0.001933,-0.000152,0.0,0.0,-0.001,-0.000611,-0.000166,-0.003161,-2e-06,0.0,0.0,-0.002753,0.0,-0.002727,-0.002156,0.0,-0.002675,-0.003589,-0.001672,0.0,-0.000967,-0.0,0.0,-0.001018,0.0,-0.000456,-0.000335,0.0,-0.000454,-0.001975,0.0,-0.003061,-0.001002,0.0,-0.00108,0.0,-0.000613,-0.001415,-0.001546,-0.001788,-0.001069,0.0,0.0,-0.000942,-0.000851,-0.000663,0.0,0.0,-3.8e-05,0.0,0.0,-0.001345,-0.001205,-0.002866,-0.002291,0.0,-0.000239,-0.003322,-0.001088,-0.001867,0.0,-0.000753,-0.000559,-2.8e-05,0.0,-0.000477,-0.000361,0.0,-0.000244,0.0,-0.001741,0.0,-0.001513,0.0,-0.001513,-0.002747,-0.000309,-3e-06,-0.002882,0.0,0.0,0.0,-0.0003,-0.001284,-0.000971,0.0,-0.000291,-0.00125,-0.003374,-0.003467,0.0,-0.002659,0.0,-0.002806,-0.000939,0.0,-0.0012,-0.003719,-0.001361,-0.001945,-0.002623,-0.003635,-0.001022,-0.000866,-0.000385,0.0,-0.000962,-0.001215,-0.002146,-0.001688
2017-05-28 08:20:00+02:00,0.0,0.0,-0.0002,-0.002427,-0.000703,0.0,-0.001354,-0.001654,-0.001967,-0.000152,0.0,0.0,-0.001034,-0.000635,-0.000174,-0.003175,-1e-06,0.0,0.0,-0.002769,0.0,-0.002744,-0.002163,0.0,-0.002716,-0.003606,-0.00168,0.0,-0.000974,-0.0,0.0,-0.001044,0.0,-0.000473,-0.00035,0.0,-0.000468,-0.00198,0.0,-0.003105,-0.001014,0.0,-0.001085,0.0,-0.000614,-0.001418,-0.001556,-0.001806,-0.001091,0.0,0.0,-0.00096,-0.000869,-0.000689,0.0,0.0,-3.6e-05,0.0,0.0,-0.001348,-0.001223,-0.002908,-0.002302,0.0,-0.00024,-0.003338,-0.001094,-0.001885,0.0,-0.00076,-0.000567,-2.7e-05,0.0,-0.000491,-0.000378,0.0,-0.000242,0.0,-0.001744,0.0,-0.001533,0.0,-0.001519,-0.002791,-0.000308,-2e-06,-0.002936,0.0,0.0,0.0,-0.000303,-0.001306,-0.001004,0.0,-0.000301,-0.001271,-0.003395,-0.003485,0.0,-0.002694,0.0,-0.002819,-0.000947,0.0,-0.001211,-0.003779,-0.001401,-0.001974,-0.002633,-0.003652,-0.001034,-0.000873,-0.000389,0.0,-0.000963,-0.001221,-0.002154,-0.001731
2017-05-28 08:21:00+02:00,0.0,0.0,-0.000198,-0.002433,-0.000709,0.0,-0.001367,-0.001671,-0.001976,-0.000149,0.0,0.0,-0.001057,-0.000652,-0.000178,-0.003182,-1e-06,0.0,0.0,-0.00278,0.0,-0.002757,-0.002179,0.0,-0.002722,-0.003614,-0.001697,0.0,-0.000977,-0.0,0.0,-0.001058,0.0,-0.000483,-0.00036,0.0,-0.000465,-0.001994,0.0,-0.003117,-0.00103,0.0,-0.001088,0.0,-0.00062,-0.001416,-0.001561,-0.001821,-0.001097,0.0,0.0,-0.000976,-0.000885,-0.000707,0.0,0.0,-3.3e-05,0.0,0.0,-0.001356,-0.00124,-0.002918,-0.002304,0.0,-0.000238,-0.003345,-0.001104,-0.001901,0.0,-0.00077,-0.000574,-2.4e-05,0.0,-0.000503,-0.000388,0.0,-0.000237,0.0,-0.001755,0.0,-0.00155,0.0,-0.001517,-0.002804,-0.000311,-2e-06,-0.002961,0.0,0.0,0.0,-0.000308,-0.001325,-0.001026,0.0,-0.000308,-0.001271,-0.003409,-0.003494,0.0,-0.002696,0.0,-0.002824,-0.000954,0.0,-0.001228,-0.003801,-0.001426,-0.001977,-0.002635,-0.003659,-0.001051,-0.000875,-0.000393,0.0,-0.000969,-0.001224,-0.002155,-0.001756
2017-05-28 08:22:00+02:00,0.0,0.0,-0.000197,-0.002441,-0.000721,0.0,-0.001387,-0.001696,-0.001984,-0.000149,0.0,0.0,-0.001079,-0.000668,-0.000182,-0.00319,-1e-06,0.0,0.0,-0.002795,0.0,-0.002773,-0.002203,0.0,-0.002726,-0.003624,-0.001721,0.0,-0.000983,-0.0,0.0,-0.00107,0.0,-0.000493,-0.00037,0.0,-0.000461,-0.002017,0.0,-0.003125,-0.001051,0.0,-0.001094,0.0,-0.00063,-0.001416,-0.001567,-0.001839,-0.001101,0.0,0.0,-0.000994,-0.000901,-0.000726,0.0,0.0,-3.1e-05,0.0,0.0,-0.001372,-0.001258,-0.002925,-0.00231,0.0,-0.000238,-0.003354,-0.001121,-0.001919,0.0,-0.000784,-0.000582,-2.3e-05,0.0,-0.000517,-0.000399,0.0,-0.000235,0.0,-0.001773,0.0,-0.001568,0.0,-0.001519,-0.002814,-0.000318,-1e-06,-0.002985,0.0,0.0,0.0,-0.000315,-0.001345,-0.001048,0.0,-0.000316,-0.001268,-0.003425,-0.003505,0.0,-0.002695,0.0,-0.002831,-0.000962,0.0,-0.00125,-0.003822,-0.00145,-0.001978,-0.002641,-0.003669,-0.001072,-0.000879,-0.000397,0.0,-0.000981,-0.001229,-0.002158,-0.00178
2017-05-28 08:23:00+02:00,0.0,0.0,-0.000213,-0.002446,-0.000729,0.0,-0.001399,-0.001713,-0.001994,-0.000147,0.0,0.0,-0.001103,-0.000687,-0.000188,-0.003193,-1e-06,0.0,0.0,-0.002847,0.0,-0.002827,-0.002221,0.0,-0.002736,-0.003628,-0.001737,0.0,-0.000985,-0.0,0.0,-0.001084,0.0,-0.000505,-0.000383,0.0,-0.000458,-0.002033,0.0,-0.003135,-0.001068,0.0,-0.001126,0.0,-0.000638,-0.001414,-0.00157,-0.001882,-0.001107,0.0,0.0,-0.001026,-0.000917,-0.000747,0.0,0.0,-4.4e-05,0.0,0.0,-0.001382,-0.001295,-0.002934,-0.002312,0.0,-0.000255,-0.003357,-0.001132,-0.001963,0.0,-0.000795,-0.000604,-2.1e-05,0.0,-0.00054,-0.000414,0.0,-0.000231,0.0,-0.001786,0.0,-0.001583,0.0,-0.001517,-0.002827,-0.000322,-1e-06,-0.003006,0.0,0.0,0.0,-0.000321,-0.001362,-0.001071,0.0,-0.000326,-0.001267,-0.003436,-0.003512,0.0,-0.002699,0.0,-0.002833,-0.000992,0.0,-0.001267,-0.003842,-0.001476,-0.001981,-0.002641,-0.003672,-0.001089,-0.000881,-0.000415,0.0,-0.000989,-0.001264,-0.002158,-0.001804
2017-05-28 08:24:00+02:00,0.0,0.0,-0.000234,-0.002435,-0.000723,0.0,-0.001396,-0.001716,-0.002004,-0.000139,0.0,0.0,-0.001127,-0.000705,-0.000193,-0.003176,-1e-06,0.0,0.0,-0.002905,0.0,-0.002885,-0.00222,0.0,-0.002747,-0.003613,-0.001738,0.0,-0.000979,-0.0,0.0,-0.001099,0.0,-0.000518,-0.000395,0.0,-0.000453,-0.002032,0.0,-0.003142,-0.001076,0.0,-0.001164,0.0,-0.000631,-0.001399,-0.001562,-0.001928,-0.001111,0.0,0.0,-0.001061,-0.000927,-0.000768,0.0,0.0,-6.1e-05,0.0,0.0,-0.001376,-0.001334,-0.002941,-0.0023,0.0,-0.000276,-0.00334,-0.001129,-0.002011,0.0,-0.000796,-0.000629,-1.7e-05,0.0,-0.000565,-0.000428,0.0,-0.000218,0.0,-0.001779,0.0,-0.001587,0.0,-0.001504,-0.002837,-0.000314,-1e-06,-0.003022,0.0,0.0,0.0,-0.000319,-0.001372,-0.001093,0.0,-0.000335,-0.001265,-0.003429,-0.0035,0.0,-0.002702,0.0,-0.002819,-0.001026,0.0,-0.001272,-0.003858,-0.001499,-0.001984,-0.002626,-0.003657,-0.001096,-0.000875,-0.000436,0.0,-0.000981,-0.001304,-0.002144,-0.001826
2017-05-28 08:25:00+02:00,0.0,0.0,-0.000251,-0.00245,-0.000725,0.0,-0.001401,-0.001728,-0.002023,-0.00014,0.0,0.0,-0.001154,-0.000726,-0.0002,-0.003189,-0.0,0.0,0.0,-0.002956,0.0,-0.002937,-0.002229,0.0,-0.002767,-0.00363,-0.001747,0.0,-0.000988,-0.0,0.0,-0.001118,0.0,-0.000532,-0.00041,0.0,-0.000457,-0.00204,0.0,-0.003161,-0.001088,0.0,-0.001197,0.0,-0.000632,-0.001405,-0.001572,-0.001969,-0.001122,0.0,0.0,-0.001094,-0.000947,-0.000791,0.0,0.0,-7.5e-05,0.0,0.0,-0.001379,-0.00137,-0.00296,-0.002312,0.0,-0.000294,-0.003356,-0.001133,-0.002054,0.0,-0.000802,-0.000652,-1.6e-05,0.0,-0.000589,-0.000444,0.0,-0.000219,0.0,-0.001783,0.0,-0.001608,0.0,-0.001512,-0.002858,-0.000313,-1e-06,-0.00305,0.0,0.0,0.0,-0.000322,-0.001395,-0.001119,0.0,-0.000346,-0.001272,-0.003452,-0.003519,0.0,-0.002716,0.0,-0.002832,-0.001055,0.0,-0.001284,-0.003886,-0.001528,-0.001997,-0.002638,-0.003673,-0.001109,-0.000883,-0.000455,0.0,-0.000981,-0.001338,-0.002154,-0.001854
2017-05-28 08:26:00+02:00,0.0,0.0,-0.000266,-0.002465,-0.000725,0.0,-0.001406,-0.001738,-0.002051,-0.00014,0.0,0.0,-0.001185,-0.000751,-0.000209,-0.003204,-0.0,0.0,0.0,-0.003003,0.0,-0.002985,-0.002237,0.0,-0.002801,-0.003648,-0.001756,0.0,-0.000995,-0.0,0.0,-0.001142,0.0,-0.00055,-0.000427,0.0,-0.000466,-0.002048,0.0,-0.003193,-0.0011,0.0,-0.001226,0.0,-0.000632,-0.00141,-0.001582,-0.002008,-0.001139,0.0,0.0,-0.001126,-0.000967,-0.000818,0.0,0.0,-8.7e-05,0.0,0.0,-0.00138,-0.001405,-0.002991,-0.002323,0.0,-0.00031,-0.003372,-0.001137,-0.002095,0.0,-0.000807,-0.000673,-1.5e-05,0.0,-0.000612,-0.000462,0.0,-0.000218,0.0,-0.001786,0.0,-0.001629,0.0,-0.001518,-0.002892,-0.00031,-1e-06,-0.003089,0.0,0.0,0.0,-0.000323,-0.001418,-0.001149,0.0,-0.000358,-0.001287,-0.003478,-0.00354,0.0,-0.002743,0.0,-0.002846,-0.001082,0.0,-0.001295,-0.003927,-0.001562,-0.00202,-0.00265,-0.003691,-0.001122,-0.000889,-0.000472,0.0,-0.000981,-0.001369,-0.002163,-0.001889
2017-05-28 08:27:00+02:00,0.0,0.0,-0.000257,-0.002464,-0.000711,0.0,-0.001398,-0.001736,-0.002059,-0.00013,0.0,0.0,-0.001209,-0.000771,-0.000214,-0.003204,-0.0,0.0,0.0,-0.003019,0.0,-0.003002,-0.002231,0.0,-0.00281,-0.00365,-0.001751,0.0,-0.000991,-0.0,0.0,-0.001156,0.0,-0.000563,-0.000441,0.0,-0.000454,-0.002042,0.0,-0.003201,-0.001105,0.0,-0.001227,0.0,-0.000617,-0.001398,-0.001577,-0.002023,-0.00114,0.0,0.0,-0.001144,-0.000982,-0.000839,0.0,0.0,-7.7e-05,0.0,0.0,-0.001366,-0.001423,-0.002998,-0.002319,0.0,-0.000303,-0.003373,-0.001127,-0.002111,0.0,-0.000803,-0.000678,-1.2e-05,0.0,-0.000629,-0.000477,0.0,-0.000202,0.0,-0.001775,0.0,-0.001641,0.0,-0.001508,-0.002903,-0.000292,-0.0,-0.003105,0.0,0.0,0.0,-0.000316,-0.001435,-0.001172,0.0,-0.000369,-0.001279,-0.003488,-0.003547,0.0,-0.002745,0.0,-0.002843,-0.001086,0.0,-0.001297,-0.003942,-0.001586,-0.002021,-0.002647,-0.003692,-0.001126,-0.000884,-0.000472,0.0,-0.000964,-0.00137,-0.002156,-0.001911
2017-05-28 08:28:00+02:00,0.0,0.0,-0.000207,-0.002427,-0.000666,0.0,-0.001362,-0.001707,-0.002057,-0.000104,0.0,0.0,-0.001228,-0.000786,-0.000217,-0.003162,-0.0,0.0,0.0,-0.002978,0.0,-0.002962,-0.002189,0.0,-0.002803,-0.003609,-0.001717,0.0,-0.000963,-0.0,0.0,-0.001163,0.0,-0.000572,-0.000452,0.0,-0.000425,-0.002001,0.0,-0.003193,-0.001089,0.0,-0.001173,0.0,-0.000572,-0.001353,-0.001543,-0.001995,-0.001129,0.0,0.0,-0.001139,-0.000984,-0.000857,0.0,0.0,-6.2e-05,0.0,0.0,-0.00132,-0.001412,-0.002989,-0.002277,0.0,-0.000254,-0.003331,-0.001091,-0.002084,0.0,-0.000779,-0.000654,-1e-05,0.0,-0.000633,-0.00049,0.0,-0.000161,0.0,-0.001731,0.0,-0.001632,0.0,-0.001465,-0.002898,-0.000245,-0.0,-0.003111,0.0,0.0,0.0,-0.000293,-0.001433,-0.00119,0.0,-0.000373,-0.001254,-0.003458,-0.003512,0.0,-0.002731,0.0,-0.002802,-0.001046,0.0,-0.001276,-0.003943,-0.001603,-0.002006,-0.002606,-0.003652,-0.001112,-0.000855,-0.000441,0.0,-0.000917,-0.001314,-0.002112,-0.001925
2017-05-28 08:29:00+02:00,0.0,0.0,-0.000196,-0.002423,-0.000652,0.0,-0.001353,-0.001703,-0.002082,-9.5e-05,0.0,0.0,-0.001258,-0.000811,-0.000225,-0.003154,-0.0,0.0,0.0,-0.002991,0.0,-0.002976,-0.002179,0.0,-0.002833,-0.003603,-0.00171,0.0,-0.000959,-0.0,0.0,-0.001186,0.0,-0.000589,-0.000469,0.0,-0.000428,-0.001991,0.0,-0.00322,-0.001091,0.0,-0.001166,0.0,-0.000557,-0.001341,-0.001538,-0.002007,-0.001143,0.0,0.0,-0.001157,-0.000997,-0.000884,0.0,0.0,-4.9e-05,0.0,0.0,-0.001305,-0.001429,-0.003015,-0.002271,0.0,-0.000245,-0.003323,-0.001082,-0.002098,0.0,-0.000774,-0.000654,-8e-06,0.0,-0.000649,-0.000509,0.0,-0.000147,0.0,-0.001717,0.0,-0.001641,0.0,-0.001455,-0.002928,-0.000229,-0.0,-0.003145,0.0,0.0,0.0,-0.000287,-0.001446,-0.00122,0.0,-0.000382,-0.001263,-0.003461,-0.003511,0.0,-0.002753,0.0,-0.002795,-0.001044,0.0,-0.001275,-0.003978,-0.001636,-0.002026,-0.002599,-0.003645,-0.001114,-0.000851,-0.000439,0.0,-0.000901,-0.001306,-0.002103,-0.001958
2017-05-28 08:30:00+02:00,0.0,0.0,-0.000195,-0.00243,-0.000657,0.0,-0.001362,-0.001718,-0.002118,-9.3e-05,0.0,0.0,-0.001295,-0.000839,-0.000235,-0.003157,-0.0,0.0,0.0,-0.003009,0.0,-0.002995,-0.002193,0.0,-0.002878,-0.003608,-0.001723,0.0,-0.000963,-0.0,0.0,-0.001216,0.0,-0.00061,-0.000489,0.0,-0.000443,-0.002005,0.0,-0.003263,-0.001107,0.0,-0.001168,0.0,-0.000561,-0.001341,-0.001543,-0.002025,-0.001166,0.0,0.0,-0.001178,-0.001013,-0.000914,0.0,0.0,-4.2e-05,0.0,0.0,-0.001311,-0.00145,-0.003056,-0.002275,0.0,-0.000245,-0.003327,-0.001089,-0.002118,0.0,-0.000782,-0.00066,-6e-06,0.0,-0.000667,-0.00053,0.0,-0.000143,0.0,-0.001726,0.0,-0.001656,0.0,-0.001456,-0.002972,-0.00023,-0.0,-0.003193,0.0,0.0,0.0,-0.00029,-0.001464,-0.001255,0.0,-0.000393,-0.001285,-0.003476,-0.003521,0.0,-0.00279,0.0,-0.002799,-0.001049,0.0,-0.00129,-0.00403,-0.001676,-0.002058,-0.002603,-0.003651,-0.001129,-0.000854,-0.000442,0.0,-0.000905,-0.001307,-0.002105,-0.002
2017-05-28 08:31:00+02:00,0.0,0.0,-0.000231,-0.002432,-0.00067,0.0,-0.00138,-0.001741,-0.002148,-9.2e-05,0.0,0.0,-0.001328,-0.000865,-0.000245,-0.003156,-0.0,0.0,0.0,-0.003083,0.0,-0.00307,-0.002216,0.0,-0.002914,-0.003609,-0.001745,0.0,-0.000966,-0.0,0.0,-0.001242,0.0,-0.000629,-0.000507,0.0,-0.000457,-0.002028,0.0,-0.0033,-0.001127,0.0,-0.001225,0.0,-0.000573,-0.001339,-0.001545,-0.002089,-0.001187,0.0,0.0,-0.001223,-0.001027,-0.000943,0.0,0.0,-6.8e-05,0.0,0.0,-0.001326,-0.001501,-0.003091,-0.002275,0.0,-0.000281,-0.003326,-0.001104,-0.002183,0.0,-0.000796,-0.000697,-5e-06,0.0,-0.000698,-0.000549,0.0,-0.000141,0.0,-0.001745,0.0,-0.001668,0.0,-0.001455,-0.003011,-0.00024,-2e-06,-0.003238,0.0,0.0,0.0,-0.000299,-0.00148,-0.001288,0.0,-0.000402,-0.001305,-0.003486,-0.003528,0.0,-0.00282,0.0,-0.002797,-0.0011,0.0,-0.001311,-0.004075,-0.001713,-0.002087,-0.002602,-0.003652,-0.00115,-0.000856,-0.000477,0.0,-0.000918,-0.001367,-0.002103,-0.002039
2017-05-28 08:32:00+02:00,0.0,0.0,-0.000244,-0.002431,-0.000672,0.0,-0.001388,-0.001753,-0.002173,-8.6e-05,0.0,0.0,-0.001359,-0.000888,-0.000252,-0.003153,-0.0,0.0,0.0,-0.003118,0.0,-0.003106,-0.002226,0.0,-0.002942,-0.003607,-0.001756,0.0,-0.000965,-0.0,0.0,-0.001264,0.0,-0.000646,-0.000523,0.0,-0.000463,-0.002038,0.0,-0.003326,-0.00114,0.0,-0.001253,0.0,-0.000575,-0.001332,-0.001544,-0.002123,-0.001202,0.0,0.0,-0.001251,-0.001041,-0.000968,0.0,0.0,-7.4e-05,0.0,0.0,-0.001328,-0.001532,-0.003116,-0.002271,0.0,-0.000295,-0.003323,-0.001109,-0.002217,0.0,-0.000803,-0.000718,-4e-06,0.0,-0.000719,-0.000567,0.0,-0.000132,0.0,-0.001751,0.0,-0.00168,0.0,-0.00145,-0.003039,-0.000239,-2e-06,-0.003274,0.0,0.0,0.0,-0.000301,-0.001494,-0.001317,0.0,-0.000411,-0.001316,-0.003494,-0.003532,0.0,-0.002841,0.0,-0.002793,-0.001128,0.0,-0.001323,-0.00411,-0.001746,-0.002106,-0.002598,-0.00365,-0.001163,-0.000855,-0.000494,0.0,-0.000919,-0.001395,-0.002097,-0.002072
2017-05-28 08:33:00+02:00,0.0,0.0,-0.000245,-0.002445,-0.000675,0.0,-0.001398,-0.001768,-0.002196,-8.4e-05,0.0,0.0,-0.001388,-0.000911,-0.00026,-0.003168,-0.0,0.0,0.0,-0.00313,0.0,-0.003119,-0.00224,0.0,-0.002967,-0.003624,-0.001769,0.0,-0.000972,-0.0,0.0,-0.001285,0.0,-0.000662,-0.000539,0.0,-0.000465,-0.002052,0.0,-0.003348,-0.001156,0.0,-0.001264,0.0,-0.000577,-0.001335,-0.001554,-0.002139,-0.001214,0.0,0.0,-0.001269,-0.001061,-0.000994,0.0,0.0,-7e-05,0.0,0.0,-0.001333,-0.001549,-0.003137,-0.002282,0.0,-0.000297,-0.003338,-0.001116,-0.002234,0.0,-0.000811,-0.000729,-3e-06,0.0,-0.000735,-0.000584,0.0,-0.000128,0.0,-0.001761,0.0,-0.001701,0.0,-0.001455,-0.003064,-0.000238,-1e-06,-0.003306,0.0,0.0,0.0,-0.000304,-0.001517,-0.001346,0.0,-0.000423,-0.001322,-0.00352,-0.003554,0.0,-0.002858,0.0,-0.002807,-0.001141,0.0,-0.001338,-0.00414,-0.001777,-0.002122,-0.002611,-0.003668,-0.001179,-0.00086,-0.000502,0.0,-0.000922,-0.001407,-0.002105,-0.002103
2017-05-28 08:34:00+02:00,0.0,0.0,-0.000253,-0.002472,-0.000682,0.0,-0.001412,-0.001787,-0.002224,-8.9e-05,0.0,0.0,-0.001421,-0.000938,-0.000269,-0.003196,-0.0,0.0,0.0,-0.003152,0.0,-0.003142,-0.00226,0.0,-0.003001,-0.003655,-0.001787,0.0,-0.000986,-0.0,0.0,-0.00131,0.0,-0.000681,-0.000558,0.0,-0.000473,-0.002073,0.0,-0.003379,-0.001174,0.0,-0.001282,0.0,-0.000583,-0.001349,-0.001572,-0.002162,-0.00123,0.0,0.0,-0.001291,-0.001086,-0.001023,0.0,0.0,-7.4e-05,0.0,0.0,-0.001344,-0.001572,-0.003166,-0.002306,0.0,-0.000306,-0.003368,-0.001127,-0.002256,0.0,-0.000821,-0.000744,-3e-06,0.0,-0.000755,-0.000606,0.0,-0.000134,0.0,-0.001776,0.0,-0.001729,0.0,-0.001471,-0.003097,-0.000241,-1e-06,-0.003344,0.0,0.0,0.0,-0.000309,-0.001546,-0.001378,0.0,-0.000439,-0.001336,-0.00356,-0.00359,0.0,-0.002885,0.0,-0.002833,-0.001159,0.0,-0.001356,-0.004179,-0.001813,-0.002145,-0.002637,-0.003699,-0.001197,-0.000873,-0.000515,0.0,-0.000929,-0.001425,-0.002125,-0.002139
2017-05-28 08:35:00+02:00,0.0,0.0,-0.00025,-0.002488,-0.000674,0.0,-0.00141,-0.00179,-0.002241,-8.3e-05,0.0,0.0,-0.001451,-0.000963,-0.000277,-0.003215,-0.0,0.0,0.0,-0.003177,0.0,-0.003167,-0.002261,0.0,-0.003022,-0.003679,-0.001788,0.0,-0.000989,-0.0,0.0,-0.001329,0.0,-0.000698,-0.000577,0.0,-0.000467,-0.002075,0.0,-0.003397,-0.001181,0.0,-0.00129,0.0,-0.000574,-0.001348,-0.001577,-0.002183,-0.001236,0.0,0.0,-0.001315,-0.001109,-0.001051,0.0,0.0,-6.6e-05,0.0,0.0,-0.001338,-0.001596,-0.003182,-0.002317,0.0,-0.000304,-0.00339,-0.001123,-0.002279,0.0,-0.000821,-0.000754,-2e-06,0.0,-0.000777,-0.000626,0.0,-0.000125,0.0,-0.001774,0.0,-0.001752,0.0,-0.001473,-0.003117,-0.000229,-1e-06,-0.003368,0.0,0.0,0.0,-0.000305,-0.001572,-0.001406,0.0,-0.000454,-0.001335,-0.003593,-0.003619,0.0,-0.002898,0.0,-0.002849,-0.001168,0.0,-0.001362,-0.004207,-0.001842,-0.002155,-0.002652,-0.003724,-0.001205,-0.000874,-0.000519,0.0,-0.000921,-0.001434,-0.002132,-0.002167
2017-05-28 08:36:00+02:00,0.0,0.0,-0.000255,-0.002504,-0.000669,0.0,-0.00141,-0.001796,-0.002253,-8e-05,0.0,0.0,-0.001475,-0.000984,-0.000283,-0.003233,-0.0,0.0,0.0,-0.003219,0.0,-0.003209,-0.002264,0.0,-0.003035,-0.0037,-0.001791,0.0,-0.000995,-0.0,0.0,-0.001345,0.0,-0.000712,-0.000592,0.0,-0.000461,-0.002078,0.0,-0.003407,-0.00119,0.0,-0.001312,0.0,-0.000568,-0.001351,-0.001586,-0.002218,-0.001239,0.0,0.0,-0.001347,-0.00113,-0.001073,0.0,0.0,-6.7e-05,0.0,0.0,-0.001335,-0.00163,-0.00319,-0.00233,0.0,-0.000311,-0.003409,-0.001122,-0.002316,0.0,-0.000823,-0.000771,-2e-06,0.0,-0.000801,-0.000643,0.0,-0.00012,0.0,-0.001773,0.0,-0.001774,0.0,-0.001478,-0.003129,-0.00022,-1e-06,-0.003385,0.0,0.0,0.0,-0.000303,-0.001597,-0.00143,0.0,-0.000467,-0.001331,-0.003624,-0.003646,0.0,-0.002904,0.0,-0.002865,-0.00119,0.0,-0.001369,-0.004221,-0.001866,-0.00216,-0.002668,-0.003745,-0.001214,-0.000879,-0.000532,0.0,-0.000915,-0.001457,-0.002141,-0.002189
2017-05-28 08:37:00+02:00,0.0,0.0,-0.000261,-0.002511,-0.000672,0.0,-0.001422,-0.001812,-0.00227,-7.5e-05,0.0,0.0,-0.001503,-0.001007,-0.000291,-0.003238,-0.0,0.0,0.0,-0.00326,0.0,-0.00325,-0.002282,0.0,-0.003055,-0.003705,-0.001807,0.0,-0.000996,-0.0,0.0,-0.001363,0.0,-0.000728,-0.000609,0.0,-0.000457,-0.002097,0.0,-0.003422,-0.001207,0.0,-0.001333,0.0,-0.00057,-0.001348,-0.001589,-0.002253,-0.001245,0.0,0.0,-0.001378,-0.001147,-0.001099,0.0,0.0,-6.9e-05,0.0,0.0,-0.001342,-0.001663,-0.003204,-0.002334,0.0,-0.000317,-0.003414,-0.00113,-0.002352,0.0,-0.000831,-0.000789,-1e-06,0.0,-0.000827,-0.000662,0.0,-0.000112,0.0,-0.001787,0.0,-0.001789,0.0,-0.001477,-0.003147,-0.000219,-1e-06,-0.003406,0.0,0.0,0.0,-0.000305,-0.001614,-0.001456,0.0,-0.000479,-0.001332,-0.003639,-0.003657,0.0,-0.002916,0.0,-0.00287,-0.001212,0.0,-0.001386,-0.004242,-0.001893,-0.00217,-0.002674,-0.003751,-0.001231,-0.00088,-0.000544,0.0,-0.000919,-0.001479,-0.002142,-0.002214
2017-05-28 08:38:00+02:00,0.0,0.0,-0.000282,-0.002535,-0.000691,0.0,-0.001447,-0.001842,-0.002303,-7.8e-05,0.0,0.0,-0.001539,-0.001037,-0.000303,-0.003262,-0.0,0.0,0.0,-0.003315,0.0,-0.003306,-0.002316,0.0,-0.003097,-0.003729,-0.001836,0.0,-0.001008,-0.0,0.0,-0.001392,0.0,-0.00075,-0.000632,0.0,-0.000471,-0.002133,0.0,-0.003461,-0.001233,0.0,-0.001371,0.0,-0.000588,-0.00136,-0.001604,-0.002298,-0.001266,0.0,0.0,-0.001416,-0.001171,-0.001131,0.0,0.0,-8.6e-05,0.0,0.0,-0.001366,-0.001704,-0.003241,-0.002354,0.0,-0.000339,-0.003438,-0.001151,-0.002399,0.0,-0.00085,-0.000815,-1e-06,0.0,-0.000857,-0.000687,0.0,-0.000117,0.0,-0.001817,0.0,-0.001814,0.0,-0.001491,-0.003187,-0.000233,-0.0,-0.003447,0.0,0.0,0.0,-0.000317,-0.001641,-0.001491,0.0,-0.000496,-0.001352,-0.003672,-0.003687,0.0,-0.00295,0.0,-0.002892,-0.001245,0.0,-0.001413,-0.004288,-0.001932,-0.002201,-0.002697,-0.003775,-0.001257,-0.000891,-0.000566,0.0,-0.000939,-0.001518,-0.00216,-0.002253
2017-05-28 08:39:00+02:00,0.0,0.0,-0.000304,-0.002581,-0.00072,0.0,-0.001483,-0.001881,-0.002349,-9.2e-05,0.0,0.0,-0.001581,-0.00107,-0.000317,-0.003312,-0.0,0.0,0.0,-0.003355,0.0,-0.003346,-0.002362,0.0,-0.003155,-0.00378,-0.001876,0.0,-0.001035,-0.0,0.0,-0.001428,0.0,-0.000777,-0.000657,0.0,-0.000498,-0.002179,0.0,-0.003513,-0.001266,0.0,-0.001405,0.0,-0.000616,-0.001392,-0.001637,-0.002332,-0.001297,0.0,0.0,-0.001446,-0.001205,-0.001168,0.0,0.0,-0.000105,0.0,0.0,-0.0014,-0.001735,-0.003291,-0.002397,0.0,-0.000362,-0.003488,-0.001182,-0.002434,0.0,-0.000876,-0.000839,-1e-06,0.0,-0.000883,-0.000714,0.0,-0.000138,0.0,-0.001858,0.0,-0.001854,0.0,-0.001526,-0.003241,-0.000257,-1e-06,-0.003501,0.0,0.0,0.0,-0.000334,-0.00168,-0.001532,0.0,-0.000516,-0.001385,-0.003732,-0.003743,0.0,-0.002999,0.0,-0.002939,-0.001276,0.0,-0.001448,-0.004348,-0.001977,-0.002246,-0.002743,-0.003826,-0.00129,-0.000916,-0.000588,0.0,-0.000969,-0.001553,-0.002199,-0.0023
2017-05-28 08:40:00+02:00,0.0,0.0,-0.000314,-0.002618,-0.000738,0.0,-0.001509,-0.001911,-0.002387,-0.000102,0.0,0.0,-0.001619,-0.001101,-0.000329,-0.003352,-0.0,0.0,0.0,-0.00338,0.0,-0.003371,-0.002395,0.0,-0.003202,-0.003821,-0.001905,0.0,-0.001056,-0.0,0.0,-0.00146,0.0,-0.0008,-0.00068,0.0,-0.000515,-0.002213,0.0,-0.003555,-0.001293,0.0,-0.001426,0.0,-0.000633,-0.001416,-0.001664,-0.002356,-0.001321,0.0,0.0,-0.001469,-0.001235,-0.001201,0.0,0.0,-0.000113,0.0,0.0,-0.001424,-0.001759,-0.003331,-0.00243,0.0,-0.000374,-0.003529,-0.001204,-0.002458,0.0,-0.000895,-0.000856,-1e-06,0.0,-0.000904,-0.000738,0.0,-0.000152,0.0,-0.001888,0.0,-0.001889,0.0,-0.001551,-0.003283,-0.00027,-1e-06,-0.003546,0.0,0.0,0.0,-0.000345,-0.001714,-0.001568,0.0,-0.000534,-0.001409,-0.003782,-0.003789,0.0,-0.003038,0.0,-0.002976,-0.001296,0.0,-0.001475,-0.004397,-0.002017,-0.00228,-0.00278,-0.003867,-0.001316,-0.000936,-0.000602,0.0,-0.000989,-0.001574,-0.002229,-0.002341
2017-05-28 08:41:00+02:00,0.0,0.0,-0.000322,-0.002652,-0.000751,0.0,-0.001528,-0.001935,-0.00243,-0.000109,0.0,0.0,-0.001658,-0.001133,-0.000342,-0.003388,-0.0,0.0,0.0,-0.003404,0.0,-0.003395,-0.002422,0.0,-0.003255,-0.003859,-0.001928,0.0,-0.001075,-0.0,0.0,-0.001494,0.0,-0.000825,-0.000703,0.0,-0.000533,-0.002241,0.0,-0.003599,-0.001314,0.0,-0.001443,0.0,-0.000645,-0.001437,-0.001687,-0.002378,-0.001346,0.0,0.0,-0.001492,-0.001264,-0.001235,0.0,0.0,-0.000118,0.0,0.0,-0.001441,-0.001783,-0.003373,-0.00246,0.0,-0.000382,-0.003566,-0.00122,-0.002481,0.0,-0.00091,-0.000872,-1e-06,0.0,-0.000925,-0.000764,0.0,-0.000163,0.0,-0.001911,0.0,-0.001921,0.0,-0.001574,-0.00333,-0.000278,-1e-06,-0.003593,0.0,0.0,0.0,-0.000353,-0.001747,-0.001606,0.0,-0.000553,-0.001433,-0.00383,-0.003834,0.0,-0.003082,0.0,-0.00301,-0.001313,0.0,-0.001497,-0.004448,-0.002059,-0.002318,-0.002814,-0.003906,-0.001338,-0.000953,-0.000613,0.0,-0.001002,-0.001592,-0.002256,-0.002383
2017-05-28 08:42:00+02:00,0.0,0.0,-0.000326,-0.002675,-0.000755,0.0,-0.001539,-0.001951,-0.002468,-0.00011,0.0,0.0,-0.001694,-0.001163,-0.000353,-0.003414,-0.0,0.0,0.0,-0.003441,0.0,-0.003432,-0.002438,0.0,-0.003302,-0.003887,-0.001942,0.0,-0.001086,-0.0,0.0,-0.001524,0.0,-0.000848,-0.000726,0.0,-0.000541,-0.002259,0.0,-0.003635,-0.001331,0.0,-0.001462,0.0,-0.000647,-0.001447,-0.001702,-0.002409,-0.001364,0.0,0.0,-0.001522,-0.001288,-0.001268,0.0,0.0,-0.000119,0.0,0.0,-0.001448,-0.001814,-0.003407,-0.00248,0.0,-0.000387,-0.003593,-0.001227,-0.002513,0.0,-0.000918,-0.000888,-1e-06,0.0,-0.000951,-0.000788,0.0,-0.000164,0.0,-0.001924,0.0,-0.001948,0.0,-0.001587,-0.003367,-0.000277,-0.0,-0.003632,0.0,0.0,0.0,-0.000356,-0.001775,-0.001641,0.0,-0.000569,-0.001449,-0.003868,-0.003868,0.0,-0.003117,0.0,-0.003032,-0.001332,0.0,-0.001513,-0.004492,-0.002097,-0.002346,-0.002837,-0.003934,-0.001355,-0.000963,-0.000624,0.0,-0.001006,-0.001612,-0.002273,-0.002421
2017-05-28 08:43:00+02:00,0.0,0.0,-0.000339,-0.002696,-0.000762,0.0,-0.001554,-0.00197,-0.002508,-0.00011,0.0,0.0,-0.001733,-0.001195,-0.000366,-0.003438,-0.0,0.0,0.0,-0.003492,0.0,-0.003482,-0.002459,0.0,-0.003352,-0.003913,-0.00196,0.0,-0.001096,-0.0,0.0,-0.001557,0.0,-0.000873,-0.000751,0.0,-0.000555,-0.002281,0.0,-0.003678,-0.001349,0.0,-0.001491,0.0,-0.000654,-0.001457,-0.001715,-0.00245,-0.001387,0.0,0.0,-0.001559,-0.001313,-0.001303,0.0,0.0,-0.000129,0.0,0.0,-0.00146,-0.001852,-0.003447,-0.002498,0.0,-0.000401,-0.003618,-0.001238,-0.002556,0.0,-0.000929,-0.00091,-0.0,0.0,-0.000981,-0.000815,0.0,-0.000164,0.0,-0.001941,0.0,-0.001973,0.0,-0.001599,-0.00341,-0.00028,-0.0,-0.003676,0.0,0.0,0.0,-0.000361,-0.001802,-0.001679,0.0,-0.000586,-0.00147,-0.003904,-0.003901,0.0,-0.003158,0.0,-0.003054,-0.001358,0.0,-0.001531,-0.004541,-0.002138,-0.00238,-0.002859,-0.003962,-0.001374,-0.000972,-0.000641,0.0,-0.001015,-0.001641,-0.002288,-0.002462
2017-05-28 08:44:00+02:00,0.0,0.0,-0.000331,-0.002709,-0.000761,0.0,-0.00156,-0.001981,-0.002532,-0.000105,0.0,0.0,-0.001763,-0.00122,-0.000375,-0.003453,-0.0,0.0,0.0,-0.003511,0.0,-0.003501,-0.002471,0.0,-0.00338,-0.00393,-0.00197,0.0,-0.001101,-0.0,0.0,-0.001579,0.0,-0.000891,-0.00077,0.0,-0.000553,-0.002294,0.0,-0.003698,-0.001362,0.0,-0.001495,0.0,-0.000651,-0.001459,-0.001722,-0.002466,-0.001395,0.0,0.0,-0.00158,-0.001333,-0.00133,0.0,0.0,-0.000119,0.0,0.0,-0.001462,-0.001872,-0.003465,-0.002508,0.0,-0.000395,-0.003634,-0.001241,-0.002574,0.0,-0.000934,-0.000917,-0.0,0.0,-0.001001,-0.000836,0.0,-0.000156,0.0,-0.001949,0.0,-0.001992,0.0,-0.001603,-0.003432,-0.000273,-0.0,-0.003699,0.0,0.0,0.0,-0.00036,-0.001825,-0.001707,0.0,-0.0006,-0.001473,-0.003932,-0.003925,0.0,-0.003177,0.0,-0.003066,-0.001365,0.0,-0.001543,-0.004565,-0.002166,-0.002395,-0.002872,-0.00398,-0.001387,-0.000975,-0.000642,0.0,-0.001014,-0.001646,-0.002295,-0.002489
2017-05-28 08:45:00+02:00,0.0,0.0,-0.000335,-0.002738,-0.000771,0.0,-0.001576,-0.002001,-0.002568,-0.000109,0.0,0.0,-0.0018,-0.001251,-0.000388,-0.003485,-0.0,0.0,0.0,-0.003542,0.0,-0.003531,-0.002493,0.0,-0.003425,-0.003967,-0.001989,0.0,-0.001115,-0.0,0.0,-0.00161,0.0,-0.000916,-0.000795,0.0,-0.000566,-0.002318,0.0,-0.003736,-0.001382,0.0,-0.00151,0.0,-0.00066,-0.001474,-0.00174,-0.002491,-0.001416,0.0,0.0,-0.001606,-0.001361,-0.001364,0.0,0.0,-0.000122,0.0,0.0,-0.001476,-0.001899,-0.003501,-0.002533,0.0,-0.0004,-0.003668,-0.001253,-0.0026,0.0,-0.000946,-0.000931,-0.0,0.0,-0.001025,-0.000862,0.0,-0.000162,0.0,-0.001969,0.0,-0.002022,0.0,-0.00162,-0.003471,-0.000279,-0.0,-0.003738,0.0,0.0,0.0,-0.000367,-0.001856,-0.001743,0.0,-0.000618,-0.001493,-0.003979,-0.003969,0.0,-0.003214,0.0,-0.003095,-0.00138,0.0,-0.001563,-0.004609,-0.002205,-0.002427,-0.002902,-0.004019,-0.001407,-0.000988,-0.000652,0.0,-0.001025,-0.001662,-0.002317,-0.002527
2017-05-28 08:46:00+02:00,0.0,0.0,-0.000398,-0.002756,-0.000756,0.0,-0.00157,-0.002001,-0.002599,-0.000108,0.0,0.0,-0.001835,-0.001281,-0.000399,-0.003507,-1.5e-05,0.0,0.0,-0.003671,0.0,-0.00366,-0.002491,0.0,-0.003463,-0.003994,-0.001987,0.0,-0.001122,-0.0,0.0,-0.001637,0.0,-0.000938,-0.000818,0.0,-0.000574,-0.002318,0.0,-0.00377,-0.001387,0.0,-0.001619,0.0,-0.000645,-0.00148,-0.00175,-0.002595,-0.001433,0.0,0.0,-0.001682,-0.001385,-0.001397,0.0,0.0,-0.000176,0.0,0.0,-0.001465,-0.001984,-0.003532,-0.002548,0.0,-0.000466,-0.003692,-0.001245,-0.002705,0.0,-0.000942,-0.001002,-0.0,0.0,-0.001081,-0.000887,0.0,-0.00016,0.0,-0.001964,0.0,-0.002046,0.0,-0.001628,-0.003505,-0.00026,-3.6e-05,-0.003774,0.0,0.0,0.0,-0.000359,-0.001883,-0.001777,0.0,-0.000635,-0.001507,-0.004017,-0.004003,0.0,-0.003244,0.0,-0.003114,-0.001474,0.0,-0.001566,-0.00465,-0.002241,-0.002453,-0.002922,-0.004048,-0.001412,-0.000994,-0.000731,0.0,-0.001011,-0.001775,-0.002329,-0.002563
2017-05-28 08:47:00+02:00,0.0,0.0,-0.00045,-0.002784,-0.000754,0.0,-0.001575,-0.002011,-0.002641,-0.000114,0.0,0.0,-0.001878,-0.001316,-0.000413,-0.003539,-2.7e-05,0.0,0.0,-0.003779,0.0,-0.003768,-0.002499,0.0,-0.003515,-0.00403,-0.001995,0.0,-0.001137,-0.0,0.0,-0.001672,0.0,-0.000965,-0.000844,0.0,-0.000594,-0.002329,0.0,-0.003818,-0.001399,0.0,-0.001709,0.0,-0.000641,-0.001496,-0.001769,-0.002683,-0.001459,0.0,0.0,-0.001747,-0.001412,-0.001435,0.0,0.0,-0.000222,0.0,0.0,-0.001467,-0.002056,-0.003577,-0.002573,0.0,-0.000521,-0.003725,-0.001247,-0.002794,0.0,-0.000946,-0.001061,-0.0,0.0,-0.00113,-0.000915,0.0,-0.000168,0.0,-0.00197,0.0,-0.002077,0.0,-0.001646,-0.003554,-0.000253,-6.5e-05,-0.003824,0.0,0.0,0.0,-0.000358,-0.001915,-0.001818,0.0,-0.000653,-0.001534,-0.004064,-0.004046,0.0,-0.003289,0.0,-0.003142,-0.001552,0.0,-0.001577,-0.004706,-0.002286,-0.002493,-0.002951,-0.004085,-0.001424,-0.001008,-0.000797,0.0,-0.001009,-0.001868,-0.002351,-0.002608
2017-05-28 08:48:00+02:00,0.0,0.0,-0.000485,-0.002812,-0.000752,0.0,-0.001582,-0.002022,-0.002684,-0.000118,0.0,0.0,-0.001922,-0.001352,-0.000429,-0.003571,-3.1e-05,0.0,0.0,-0.003861,0.0,-0.003849,-0.002511,0.0,-0.00357,-0.004066,-0.002005,0.0,-0.001151,-0.0,0.0,-0.001708,0.0,-0.000993,-0.000872,0.0,-0.000614,-0.002343,0.0,-0.003869,-0.001412,0.0,-0.001776,0.0,-0.000639,-0.001511,-0.001786,-0.00275,-0.001487,0.0,0.0,-0.0018,-0.00144,-0.001474,0.0,0.0,-0.000251,0.0,0.0,-0.00147,-0.002114,-0.003625,-0.002597,0.0,-0.000559,-0.003758,-0.00125,-0.002861,0.0,-0.000951,-0.001106,-0.0,0.0,-0.001172,-0.000946,0.0,-0.000174,0.0,-0.001979,0.0,-0.002106,0.0,-0.001662,-0.003604,-0.000247,-8.2e-05,-0.003875,0.0,0.0,0.0,-0.000358,-0.001947,-0.00186,0.0,-0.000671,-0.001562,-0.00411,-0.004089,0.0,-0.003336,0.0,-0.00317,-0.001609,0.0,-0.001589,-0.004765,-0.002332,-0.002536,-0.00298,-0.004123,-0.001437,-0.00102,-0.000845,0.0,-0.001009,-0.001937,-0.002372,-0.002655
2017-05-28 08:49:00+02:00,0.0,0.0,-0.000525,-0.00284,-0.000749,0.0,-0.001585,-0.00203,-0.002725,-0.000122,0.0,0.0,-0.001966,-0.00139,-0.000445,-0.003604,-4.3e-05,0.0,0.0,-0.003941,0.0,-0.003929,-0.00252,0.0,-0.003624,-0.004103,-0.002012,0.0,-0.001164,-0.0,0.0,-0.001744,0.0,-0.001022,-0.000901,0.0,-0.000633,-0.002355,0.0,-0.003921,-0.001424,0.0,-0.001841,0.0,-0.000635,-0.001526,-0.001804,-0.002814,-0.001513,0.0,0.0,-0.001852,-0.001468,-0.001515,0.0,0.0,-0.000286,0.0,0.0,-0.001471,-0.00217,-0.003674,-0.002622,0.0,-0.0006,-0.003793,-0.001251,-0.002926,0.0,-0.000954,-0.001151,-0.0,0.0,-0.001214,-0.000977,0.0,-0.000181,0.0,-0.001986,0.0,-0.002135,0.0,-0.001679,-0.003656,-0.00024,-0.000106,-0.003925,0.0,0.0,0.0,-0.000356,-0.001978,-0.001903,0.0,-0.000691,-0.00159,-0.004158,-0.004134,0.0,-0.003384,0.0,-0.003199,-0.001665,0.0,-0.001599,-0.004826,-0.002379,-0.002578,-0.00301,-0.004162,-0.001448,-0.001033,-0.000893,0.0,-0.001006,-0.002004,-0.002394,-0.002701
2017-05-28 08:50:00+02:00,0.0,0.0,-0.00056,-0.00287,-0.000739,0.0,-0.001583,-0.002033,-0.002756,-0.000126,0.0,0.0,-0.002005,-0.001423,-0.000458,-0.003638,-5.5e-05,0.0,0.0,-0.00402,0.0,-0.004007,-0.002522,0.0,-0.003665,-0.004141,-0.002012,0.0,-0.001179,-0.0,0.0,-0.001773,0.0,-0.001047,-0.000927,0.0,-0.00064,-0.002359,0.0,-0.003959,-0.001431,0.0,-0.001905,0.0,-0.000624,-0.001543,-0.001822,-0.002876,-0.001531,0.0,0.0,-0.001904,-0.001497,-0.001551,0.0,0.0,-0.000317,0.0,0.0,-0.001465,-0.002225,-0.003709,-0.002649,0.0,-0.000637,-0.003829,-0.001246,-0.002989,0.0,-0.000952,-0.001194,-0.0,0.0,-0.001255,-0.001006,0.0,-0.000186,0.0,-0.001985,0.0,-0.002165,0.0,-0.001698,-0.003694,-0.000226,-0.000127,-0.003963,0.0,0.0,0.0,-0.00035,-0.002011,-0.001941,0.0,-0.000712,-0.001605,-0.004207,-0.004179,0.0,-0.003418,0.0,-0.00323,-0.00172,0.0,-0.001604,-0.004872,-0.002418,-0.002608,-0.003041,-0.004202,-0.001455,-0.001046,-0.000937,0.0,-0.000997,-0.00207,-0.002418,-0.00274
2017-05-28 08:51:00+02:00,0.0,0.0,-0.000594,-0.002901,-0.000739,0.0,-0.001591,-0.002046,-0.002793,-0.00013,0.0,0.0,-0.002049,-0.00146,-0.000472,-0.003673,-6.9e-05,0.0,0.0,-0.004095,0.0,-0.004081,-0.002538,0.0,-0.003712,-0.004181,-0.002024,0.0,-0.001195,-0.0,0.0,-0.001806,0.0,-0.001074,-0.000956,0.0,-0.000653,-0.002376,0.0,-0.004007,-0.001445,0.0,-0.001965,0.0,-0.000623,-0.001561,-0.001842,-0.002936,-0.001553,0.0,0.0,-0.001954,-0.001526,-0.001592,0.0,0.0,-0.000347,0.0,0.0,-0.001471,-0.002278,-0.003752,-0.002677,0.0,-0.000674,-0.003866,-0.001251,-0.003051,0.0,-0.000959,-0.001235,-0.0,0.0,-0.001296,-0.001037,0.0,-0.000192,0.0,-0.001997,0.0,-0.002196,0.0,-0.001718,-0.00374,-0.000221,-0.000149,-0.004013,0.0,0.0,0.0,-0.00035,-0.002044,-0.001984,0.0,-0.000732,-0.001627,-0.004258,-0.004227,0.0,-0.00346,0.0,-0.003262,-0.001772,0.0,-0.001618,-0.004932,-0.002464,-0.002644,-0.003074,-0.004244,-0.00147,-0.00106,-0.000978,0.0,-0.000999,-0.002132,-0.002443,-0.002786
2017-05-28 08:52:00+02:00,0.0,0.0,-0.000615,-0.002924,-0.000731,0.0,-0.00159,-0.00205,-0.002826,-0.00013,0.0,0.0,-0.002093,-0.001496,-0.000486,-0.003698,-7.3e-05,0.0,0.0,-0.004154,0.0,-0.004139,-0.00254,0.0,-0.003755,-0.004209,-0.002026,0.0,-0.001205,-0.0,0.0,-0.001836,0.0,-0.001099,-0.000984,0.0,-0.000659,-0.002382,0.0,-0.004052,-0.001453,0.0,-0.002008,0.0,-0.000614,-0.001571,-0.001855,-0.002982,-0.001571,0.0,0.0,-0.001995,-0.001551,-0.001632,0.0,0.0,-0.000365,0.0,0.0,-0.001468,-0.002321,-0.003792,-0.002696,0.0,-0.000697,-0.003892,-0.001248,-0.003098,0.0,-0.000959,-0.001267,-0.0,0.0,-0.001332,-0.001068,0.0,-0.000191,0.0,-0.001999,0.0,-0.002221,0.0,-0.00173,-0.003783,-0.000208,-0.000159,-0.004059,0.0,0.0,0.0,-0.000346,-0.002071,-0.002026,0.0,-0.00075,-0.001642,-0.004296,-0.004262,0.0,-0.003497,0.0,-0.003284,-0.00181,0.0,-0.001624,-0.004989,-0.002509,-0.002676,-0.003098,-0.004274,-0.001477,-0.001069,-0.001008,0.0,-0.000992,-0.002177,-0.002459,-0.00283
2017-05-28 08:53:00+02:00,0.0,0.0,-0.000614,-0.00294,-0.000727,0.0,-0.001594,-0.00206,-0.002866,-0.000126,0.0,0.0,-0.002141,-0.001537,-0.000501,-0.003718,-6e-05,0.0,0.0,-0.004186,0.0,-0.00417,-0.002553,0.0,-0.003808,-0.004232,-0.002034,0.0,-0.001211,-0.0,0.0,-0.001872,0.0,-0.001128,-0.001016,0.0,-0.000672,-0.002396,0.0,-0.004107,-0.001465,0.0,-0.002026,0.0,-0.000608,-0.001576,-0.001862,-0.003006,-0.001594,0.0,0.0,-0.002022,-0.001574,-0.001676,0.0,0.0,-0.000361,0.0,0.0,-0.001471,-0.002348,-0.003842,-0.00271,0.0,-0.000697,-0.003913,-0.001249,-0.003123,0.0,-0.000962,-0.001283,-0.0,0.0,-0.001359,-0.001103,0.0,-0.000186,0.0,-0.002007,0.0,-0.002241,0.0,-0.001738,-0.003836,-0.000199,-0.000151,-0.004114,0.0,0.0,0.0,-0.000343,-0.002095,-0.002073,0.0,-0.000768,-0.001665,-0.004329,-0.004292,0.0,-0.003543,0.0,-0.003301,-0.001827,0.0,-0.001635,-0.005057,-0.002559,-0.002716,-0.003116,-0.004298,-0.00149,-0.001073,-0.00102,0.0,-0.000989,-0.002196,-0.002471,-0.00288
2017-05-28 08:54:00+02:00,0.0,0.0,-0.000622,-0.002963,-0.00073,0.0,-0.001605,-0.002076,-0.00291,-0.000126,0.0,0.0,-0.002193,-0.001581,-0.000519,-0.003743,-5.5e-05,0.0,0.0,-0.004228,0.0,-0.004211,-0.002574,0.0,-0.003867,-0.004261,-0.002049,0.0,-0.001221,-0.0,0.0,-0.00191,0.0,-0.00116,-0.00105,0.0,-0.000689,-0.002419,0.0,-0.004168,-0.001483,0.0,-0.002052,0.0,-0.00061,-0.001587,-0.001874,-0.003038,-0.001621,0.0,0.0,-0.002055,-0.001599,-0.001723,0.0,0.0,-0.000366,0.0,0.0,-0.00148,-0.002381,-0.003898,-0.002729,0.0,-0.000707,-0.003939,-0.001257,-0.003155,0.0,-0.00097,-0.001304,-0.0,0.0,-0.00139,-0.00114,0.0,-0.000186,0.0,-0.002023,0.0,-0.002265,0.0,-0.00175,-0.003894,-0.000197,-0.000151,-0.004172,0.0,0.0,0.0,-0.000345,-0.002122,-0.002123,0.0,-0.000788,-0.001693,-0.004368,-0.004329,0.0,-0.003595,0.0,-0.003324,-0.001851,0.0,-0.001651,-0.005131,-0.002613,-0.002761,-0.003141,-0.004329,-0.001507,-0.001082,-0.001037,0.0,-0.000995,-0.002224,-0.002488,-0.002934
2017-05-28 08:55:00+02:00,0.0,0.0,-0.000628,-0.002974,-0.000727,0.0,-0.001608,-0.002086,-0.002942,-0.000121,0.0,0.0,-0.002235,-0.001617,-0.000533,-0.003755,-5.1e-05,0.0,0.0,-0.004266,0.0,-0.004248,-0.002585,0.0,-0.00391,-0.004276,-0.002057,0.0,-0.001223,-0.0,0.0,-0.001941,0.0,-0.001186,-0.001079,0.0,-0.000698,-0.002433,0.0,-0.004212,-0.001495,0.0,-0.002075,0.0,-0.000606,-0.001588,-0.001878,-0.003066,-0.001639,0.0,0.0,-0.002086,-0.001618,-0.001763,0.0,0.0,-0.00037,0.0,0.0,-0.001483,-0.002412,-0.003937,-0.002738,0.0,-0.000715,-0.003952,-0.001258,-0.003185,0.0,-0.000974,-0.001323,-0.0,0.0,-0.00142,-0.001171,0.0,-0.000179,0.0,-0.002032,0.0,-0.002281,0.0,-0.001753,-0.003936,-0.00019,-0.00015,-0.004213,0.0,0.0,0.0,-0.000344,-0.002142,-0.002163,0.0,-0.000804,-0.00171,-0.004394,-0.004352,0.0,-0.003632,0.0,-0.003334,-0.001871,0.0,-0.001662,-0.005184,-0.002655,-0.002793,-0.003154,-0.004347,-0.001519,-0.001083,-0.001052,0.0,-0.000993,-0.002248,-0.002494,-0.002975
2017-05-28 08:56:00+02:00,0.0,0.0,-0.000616,-0.00297,-0.000717,0.0,-0.001604,-0.002087,-0.00294,-0.000106,0.0,0.0,-0.002261,-0.001641,-0.00054,-0.003755,-4.1e-05,0.0,0.0,-0.004287,0.0,-0.004266,-0.002585,0.0,-0.003908,-0.004281,-0.002055,0.0,-0.001213,-0.0,0.0,-0.00195,0.0,-0.0012,-0.001099,0.0,-0.000687,-0.002434,0.0,-0.004224,-0.001499,0.0,-0.002078,0.0,-0.000596,-0.001572,-0.001867,-0.00308,-0.001639,0.0,0.0,-0.002106,-0.001632,-0.001789,0.0,0.0,-0.000355,0.0,0.0,-0.001477,-0.002431,-0.003945,-0.00273,0.0,-0.000703,-0.003954,-0.001253,-0.0032,0.0,-0.000971,-0.00133,-0.0,0.0,-0.001443,-0.001194,0.0,-0.000156,0.0,-0.00203,0.0,-0.00229,0.0,-0.001737,-0.003947,-0.000176,-0.000133,-0.004226,0.0,0.0,0.0,-0.000338,-0.002156,-0.002188,0.0,-0.000815,-0.001703,-0.004408,-0.004363,0.0,-0.003632,0.0,-0.003331,-0.001876,0.0,-0.001664,-0.005201,-0.002678,-0.002797,-0.003152,-0.004353,-0.001525,-0.001072,-0.001054,0.0,-0.000984,-0.002252,-0.002484,-0.002996
2017-05-28 08:57:00+02:00,0.0,0.0,-0.000604,-0.002944,-0.000698,0.0,-0.001589,-0.002074,-0.00293,-8.5e-05,0.0,0.0,-0.002291,-0.001668,-0.000547,-0.003732,-3.3e-05,0.0,0.0,-0.004292,0.0,-0.00427,-0.002568,0.0,-0.003896,-0.00426,-0.002038,0.0,-0.001187,-0.0,0.0,-0.001956,0.0,-0.001212,-0.001119,0.0,-0.000676,-0.002417,0.0,-0.00424,-0.001493,0.0,-0.002076,0.0,-0.000576,-0.001536,-0.001839,-0.003085,-0.001639,0.0,0.0,-0.002119,-0.001635,-0.001818,0.0,0.0,-0.000343,0.0,0.0,-0.00146,-0.002441,-0.003955,-0.002701,0.0,-0.000693,-0.003932,-0.001238,-0.003204,0.0,-0.000962,-0.001334,-0.0,0.0,-0.00146,-0.001217,0.0,-0.000125,0.0,-0.002013,0.0,-0.002285,0.0,-0.001701,-0.00396,-0.000154,-0.000118,-0.004249,0.0,0.0,0.0,-0.000327,-0.002157,-0.002217,0.0,-0.00082,-0.001697,-0.004397,-0.00435,0.0,-0.003628,0.0,-0.003305,-0.001877,0.0,-0.001654,-0.005227,-0.002708,-0.0028,-0.003128,-0.004335,-0.001519,-0.001046,-0.001054,0.0,-0.000965,-0.002251,-0.002452,-0.003022
2017-05-28 08:58:00+02:00,0.0,0.0,-0.000597,-0.002922,-0.000682,0.0,-0.001576,-0.002064,-0.002942,-6.8e-05,0.0,0.0,-0.002327,-0.0017,-0.000558,-0.003712,-2.6e-05,0.0,0.0,-0.004292,0.0,-0.004269,-0.002553,0.0,-0.003912,-0.004242,-0.002024,0.0,-0.001166,-0.0,0.0,-0.001975,0.0,-0.001232,-0.001144,0.0,-0.000677,-0.002404,0.0,-0.004272,-0.001488,0.0,-0.002075,0.0,-0.000559,-0.001505,-0.001816,-0.003085,-0.001649,0.0,0.0,-0.002129,-0.001639,-0.001853,0.0,0.0,-0.000335,0.0,0.0,-0.001446,-0.002448,-0.003981,-0.002676,0.0,-0.000687,-0.003913,-0.001225,-0.003203,0.0,-0.000954,-0.001338,-0.0,0.0,-0.001475,-0.001246,0.0,-0.0001,0.0,-0.001999,0.0,-0.002281,0.0,-0.001671,-0.003989,-0.000136,-0.000108,-0.004282,0.0,0.0,0.0,-0.000318,-0.002159,-0.002253,0.0,-0.000826,-0.001704,-0.004388,-0.004339,0.0,-0.003645,0.0,-0.003283,-0.001877,0.0,-0.001647,-0.005268,-0.002744,-0.00282,-0.003108,-0.004319,-0.001516,-0.001024,-0.001056,0.0,-0.000949,-0.00225,-0.002426,-0.003058
2017-05-28 08:59:00+02:00,0.0,0.0,-0.000606,-0.002926,-0.000687,0.0,-0.001587,-0.002079,-0.002965,-5.7e-05,0.0,0.0,-0.002369,-0.001736,-0.000572,-0.003719,-2.4e-05,0.0,0.0,-0.004339,0.0,-0.004313,-0.002572,0.0,-0.003943,-0.004251,-0.002038,0.0,-0.001163,-0.0,0.0,-0.002001,0.0,-0.001256,-0.001173,0.0,-0.000687,-0.002426,0.0,-0.004315,-0.001505,0.0,-0.002098,0.0,-0.000564,-0.001499,-0.001814,-0.003119,-0.001667,0.0,0.0,-0.002164,-0.001655,-0.001893,0.0,0.0,-0.000342,0.0,0.0,-0.001456,-0.002483,-0.004019,-0.002678,0.0,-0.000697,-0.003921,-0.001234,-0.003239,0.0,-0.000962,-0.001357,-0.0,0.0,-0.001508,-0.001277,0.0,-8.4e-05,0.0,-0.002015,0.0,-0.002293,0.0,-0.001667,-0.004029,-0.000137,-0.000113,-0.004325,0.0,0.0,0.0,-0.000321,-0.002175,-0.002294,0.0,-0.00084,-0.001721,-0.004406,-0.004355,0.0,-0.003675,0.0,-0.003288,-0.001899,0.0,-0.001663,-0.005321,-0.002787,-0.00285,-0.003115,-0.004329,-0.001532,-0.001021,-0.001071,0.0,-0.000956,-0.002275,-0.002426,-0.0031
2017-05-28 09:00:00+02:00,0.0,0.0,-0.000609,-0.002937,-0.000678,0.0,-0.001584,-0.002081,-0.002989,-4.9e-05,0.0,0.0,-0.002413,-0.001773,-0.000586,-0.003734,-1.9e-05,0.0,0.0,-0.004365,0.0,-0.004337,-0.002574,0.0,-0.003975,-0.004269,-0.002039,0.0,-0.001164,-0.0,0.0,-0.002027,0.0,-0.001281,-0.001202,0.0,-0.000697,-0.002431,0.0,-0.004359,-0.001511,0.0,-0.002112,0.0,-0.000554,-0.001498,-0.001816,-0.003138,-0.001684,0.0,0.0,-0.002189,-0.001674,-0.001934,0.0,0.0,-0.000345,0.0,0.0,-0.001452,-0.002507,-0.004056,-0.002686,0.0,-0.000702,-0.003937,-0.001229,-0.00326,0.0,-0.000961,-0.001371,-0.0,0.0,-0.001533,-0.00131,0.0,-7.1e-05,0.0,-0.002015,0.0,-0.00231,0.0,-0.001667,-0.004069,-0.000125,-0.000112,-0.004369,0.0,0.0,0.0,-0.000316,-0.002195,-0.002336,0.0,-0.000855,-0.001738,-0.004433,-0.00438,0.0,-0.003707,0.0,-0.003299,-0.001912,0.0,-0.001667,-0.005378,-0.002831,-0.00288,-0.003128,-0.004349,-0.001538,-0.001021,-0.001081,0.0,-0.000949,-0.00229,-0.002432,-0.003143
2017-05-28 09:01:00+02:00,0.0,0.0,-0.0006,-0.002938,-0.000644,0.0,-0.001557,-0.002061,-0.002995,-3.9e-05,0.0,0.0,-0.00244,-0.001797,-0.000594,-0.003739,-1.6e-05,0.0,0.0,-0.004365,0.0,-0.004336,-0.002549,0.0,-0.003983,-0.004276,-0.002015,0.0,-0.001158,-0.0,0.0,-0.002041,0.0,-0.001296,-0.001222,0.0,-0.000687,-0.002407,0.0,-0.004373,-0.0015,0.0,-0.002109,0.0,-0.000519,-0.001488,-0.00181,-0.00314,-0.001685,0.0,0.0,-0.0022,-0.001689,-0.001962,0.0,0.0,-0.000334,0.0,0.0,-0.001421,-0.002515,-0.004066,-0.002684,0.0,-0.000693,-0.003943,-0.001203,-0.003261,0.0,-0.000941,-0.001374,-0.0,0.0,-0.001548,-0.001332,0.0,-5.7e-05,0.0,-0.001986,0.0,-0.002321,0.0,-0.001658,-0.004081,-0.0001,-0.0001,-0.004383,0.0,0.0,0.0,-0.000295,-0.00221,-0.002362,0.0,-0.000868,-0.001734,-0.00445,-0.004394,0.0,-0.003714,0.0,-0.003301,-0.001911,0.0,-0.001652,-0.005399,-0.002856,-0.002887,-0.003132,-0.004358,-0.001527,-0.001013,-0.001081,0.0,-0.000915,-0.002288,-0.002427,-0.003164
2017-05-28 09:02:00+02:00,0.0,0.0,-0.000603,-0.002953,-0.000626,0.0,-0.001546,-0.002056,-0.003004,-3.2e-05,0.0,0.0,-0.002467,-0.001821,-0.000603,-0.003759,-1.2e-05,0.0,0.0,-0.004388,0.0,-0.004357,-0.002542,0.0,-0.003995,-0.0043,-0.002007,0.0,-0.00116,-0.0,0.0,-0.002056,0.0,-0.001313,-0.001243,0.0,-0.000684,-0.002402,0.0,-0.004385,-0.0015,0.0,-0.002122,0.0,-0.000501,-0.001489,-0.001815,-0.003157,-0.001688,0.0,0.0,-0.002223,-0.001711,-0.001989,0.0,0.0,-0.000336,0.0,0.0,-0.001408,-0.002536,-0.004076,-0.002696,0.0,-0.000697,-0.003964,-0.00119,-0.003278,0.0,-0.000933,-0.001386,-0.0,0.0,-0.001572,-0.001355,0.0,-4.6e-05,0.0,-0.001976,0.0,-0.002341,0.0,-0.001661,-0.004093,-8e-05,-9.9e-05,-0.004393,0.0,0.0,0.0,-0.000284,-0.002233,-0.002386,0.0,-0.000885,-0.001734,-0.004483,-0.004425,0.0,-0.003724,0.0,-0.003317,-0.001921,0.0,-0.00165,-0.005417,-0.002879,-0.002897,-0.00315,-0.004384,-0.001527,-0.001014,-0.00109,0.0,-0.000899,-0.002301,-0.002436,-0.003182
2017-05-28 09:03:00+02:00,0.0,0.0,-0.000608,-0.002962,-0.000598,0.0,-0.001522,-0.002035,-0.003021,-2.5e-05,0.0,0.0,-0.0025,-0.00185,-0.000615,-0.003774,-1e-05,0.0,0.0,-0.004421,0.0,-0.004388,-0.002516,0.0,-0.004019,-0.00432,-0.001981,0.0,-0.001157,-0.0,0.0,-0.002077,0.0,-0.001334,-0.001268,0.0,-0.000686,-0.002376,0.0,-0.004411,-0.001486,0.0,-0.002139,0.0,-0.000473,-0.001484,-0.001814,-0.003181,-0.001699,0.0,0.0,-0.002251,-0.00173,-0.002022,0.0,0.0,-0.00034,0.0,0.0,-0.001383,-0.002564,-0.004098,-0.002702,0.0,-0.000704,-0.003982,-0.001168,-0.003303,0.0,-0.000917,-0.001401,-0.0,0.0,-0.0016,-0.001382,0.0,-3.6e-05,0.0,-0.00195,0.0,-0.002358,0.0,-0.001657,-0.004117,-6.4e-05,-0.0001,-0.004416,0.0,0.0,0.0,-0.000268,-0.002254,-0.002418,0.0,-0.000901,-0.001743,-0.004512,-0.004452,0.0,-0.003746,0.0,-0.003329,-0.001936,0.0,-0.001632,-0.005452,-0.002911,-0.002917,-0.003163,-0.004406,-0.001515,-0.001011,-0.001101,0.0,-0.000872,-0.002319,-0.00244,-0.003211
2017-05-28 09:04:00+02:00,0.0,0.0,-0.00061,-0.002981,-0.000576,0.0,-0.001508,-0.002028,-0.003051,-2.1e-05,0.0,0.0,-0.002546,-0.001889,-0.000631,-0.003799,-8e-06,0.0,0.0,-0.004431,0.0,-0.004395,-0.002507,0.0,-0.004059,-0.004348,-0.001971,0.0,-0.001163,-0.0,0.0,-0.002107,0.0,-0.001361,-0.001299,0.0,-0.000699,-0.002368,0.0,-0.004459,-0.001484,0.0,-0.002146,0.0,-0.00045,-0.00149,-0.001822,-0.003188,-0.001719,0.0,0.0,-0.002266,-0.001754,-0.002066,0.0,0.0,-0.000341,0.0,0.0,-0.001367,-0.002575,-0.00414,-0.002717,0.0,-0.000707,-0.004008,-0.001153,-0.003308,0.0,-0.000906,-0.001409,-0.0,0.0,-0.001618,-0.001416,0.0,-2.9e-05,0.0,-0.001938,0.0,-0.00238,0.0,-0.001664,-0.004162,-5.1e-05,-9.9e-05,-0.004461,0.0,0.0,0.0,-0.000254,-0.002279,-0.002462,0.0,-0.000919,-0.001763,-0.004551,-0.004488,0.0,-0.003784,0.0,-0.003349,-0.001942,0.0,-0.001627,-0.005511,-0.002957,-0.002952,-0.003185,-0.004437,-0.001514,-0.001015,-0.001107,0.0,-0.000851,-0.002327,-0.002453,-0.003255
2017-05-28 09:05:00+02:00,0.0,0.0,-0.000628,-0.003016,-0.000573,0.0,-0.001515,-0.002041,-0.003078,-2.5e-05,0.0,0.0,-0.002588,-0.001926,-0.000646,-0.003841,-1.6e-05,0.0,0.0,-0.004461,0.0,-0.004423,-0.002525,0.0,-0.004096,-0.004394,-0.001982,0.0,-0.001179,-0.0,0.0,-0.002135,0.0,-0.001387,-0.00133,0.0,-0.000711,-0.002388,0.0,-0.004502,-0.001498,0.0,-0.002173,0.0,-0.000446,-0.001511,-0.001843,-0.00321,-0.001737,0.0,0.0,-0.002291,-0.001786,-0.002106,0.0,0.0,-0.000358,0.0,0.0,-0.001371,-0.002599,-0.004178,-0.002749,0.0,-0.000726,-0.004051,-0.001155,-0.003329,0.0,-0.00091,-0.00143,-0.0,0.0,-0.001645,-0.001449,0.0,-3.5e-05,0.0,-0.00195,0.0,-0.002413,0.0,-0.001686,-0.004201,-4.1e-05,-0.000113,-0.0045,0.0,0.0,0.0,-0.000252,-0.002314,-0.002502,0.0,-0.000943,-0.001782,-0.004607,-0.004542,0.0,-0.003819,0.0,-0.003386,-0.001964,0.0,-0.001641,-0.005565,-0.002999,-0.002985,-0.003224,-0.004485,-0.001528,-0.00103,-0.001126,0.0,-0.000851,-0.002354,-0.002482,-0.003295
2017-05-28 09:06:00+02:00,0.0,0.0,-0.000648,-0.00303,-0.000574,0.0,-0.001527,-0.00206,-0.00308,-2e-05,0.0,0.0,-0.00261,-0.001947,-0.000653,-0.003861,-2.4e-05,0.0,0.0,-0.004547,0.0,-0.004506,-0.002549,0.0,-0.004101,-0.004419,-0.002,0.0,-0.00118,-0.0,0.0,-0.002145,0.0,-0.001401,-0.001349,0.0,-0.000696,-0.002415,0.0,-0.004508,-0.001517,0.0,-0.002215,0.0,-0.000445,-0.001511,-0.001846,-0.003268,-0.001732,0.0,0.0,-0.002345,-0.001807,-0.002131,0.0,0.0,-0.000376,0.0,0.0,-0.00138,-0.002655,-0.004181,-0.00276,0.0,-0.000748,-0.004073,-0.001161,-0.003391,0.0,-0.000917,-0.001461,-0.0,0.0,-0.001694,-0.00147,0.0,-2.8e-05,0.0,-0.00197,0.0,-0.002432,0.0,-0.001688,-0.004206,-3.3e-05,-0.000126,-0.004504,0.0,0.0,0.0,-0.000252,-0.002337,-0.002524,0.0,-0.00096,-0.001773,-0.00464,-0.004573,0.0,-0.003822,0.0,-0.003402,-0.002,0.0,-0.001659,-0.005578,-0.003018,-0.002986,-0.003241,-0.004512,-0.001547,-0.001029,-0.001151,0.0,-0.000855,-0.002399,-0.002491,-0.00331
2017-05-28 09:07:00+02:00,0.0,0.0,-0.000669,-0.003048,-0.000579,0.0,-0.001541,-0.00208,-0.003089,-1.6e-05,0.0,0.0,-0.002636,-0.001972,-0.000661,-0.003885,-3.3e-05,0.0,0.0,-0.004631,0.0,-0.004588,-0.002575,0.0,-0.004114,-0.004447,-0.002019,0.0,-0.001184,-0.0,0.0,-0.002159,0.0,-0.001417,-0.00137,0.0,-0.000686,-0.002444,0.0,-0.004523,-0.001537,0.0,-0.002257,0.0,-0.000448,-0.001516,-0.001853,-0.003326,-0.001733,0.0,0.0,-0.002398,-0.00183,-0.002159,0.0,0.0,-0.000394,0.0,0.0,-0.001392,-0.002711,-0.004192,-0.002774,0.0,-0.000771,-0.004099,-0.001169,-0.003452,0.0,-0.000926,-0.001493,-0.0,0.0,-0.001742,-0.001493,0.0,-2.2e-05,0.0,-0.001993,0.0,-0.002453,0.0,-0.001694,-0.004219,-2.6e-05,-0.000139,-0.004516,0.0,0.0,0.0,-0.000254,-0.002362,-0.002549,0.0,-0.000978,-0.00177,-0.004677,-0.004608,0.0,-0.003833,0.0,-0.003422,-0.002037,0.0,-0.001679,-0.005598,-0.003042,-0.002994,-0.003263,-0.004542,-0.001567,-0.001033,-0.001176,0.0,-0.000862,-0.002444,-0.002503,-0.003329
2017-05-28 09:08:00+02:00,0.0,0.0,-0.000684,-0.003058,-0.000576,0.0,-0.001546,-0.00209,-0.003102,-1.3e-05,0.0,0.0,-0.002665,-0.001999,-0.00067,-0.003902,-3.9e-05,0.0,0.0,-0.004699,0.0,-0.004653,-0.002588,0.0,-0.004131,-0.004468,-0.002026,0.0,-0.001184,-0.0,0.0,-0.002176,0.0,-0.001435,-0.001393,0.0,-0.000682,-0.002457,0.0,-0.004545,-0.001548,0.0,-0.002289,0.0,-0.000444,-0.001514,-0.001854,-0.003372,-0.001738,0.0,0.0,-0.002443,-0.001849,-0.002189,0.0,0.0,-0.000407,0.0,0.0,-0.001394,-0.002757,-0.004209,-0.002782,0.0,-0.000787,-0.004117,-0.00117,-0.003501,0.0,-0.000928,-0.001518,-0.0,0.0,-0.001783,-0.001519,0.0,-1.8e-05,0.0,-0.002003,0.0,-0.00247,0.0,-0.001694,-0.004237,-2.1e-05,-0.000148,-0.004534,0.0,0.0,0.0,-0.000252,-0.002382,-0.002577,0.0,-0.000994,-0.001771,-0.004707,-0.004636,0.0,-0.003849,0.0,-0.003434,-0.002065,0.0,-0.001689,-0.005625,-0.003069,-0.003007,-0.003277,-0.004566,-0.001579,-0.001031,-0.001196,0.0,-0.000862,-0.002478,-0.002509,-0.003354
2017-05-28 09:09:00+02:00,0.0,0.0,-0.000688,-0.003059,-0.000575,0.0,-0.001548,-0.002095,-0.003115,-1e-05,0.0,0.0,-0.002693,-0.002025,-0.000679,-0.003906,-3.5e-05,0.0,0.0,-0.004742,0.0,-0.004694,-0.002594,0.0,-0.004147,-0.004476,-0.002028,0.0,-0.001178,-0.0,0.0,-0.002192,0.0,-0.001452,-0.001415,0.0,-0.000677,-0.002464,0.0,-0.004565,-0.001554,0.0,-0.002306,0.0,-0.000442,-0.001505,-0.001849,-0.0034,-0.001742,0.0,0.0,-0.002474,-0.001863,-0.002217,0.0,0.0,-0.00041,0.0,0.0,-0.001396,-0.002788,-0.004225,-0.00278,0.0,-0.000793,-0.004122,-0.00117,-0.003531,0.0,-0.000931,-0.001533,-0.0,0.0,-0.001814,-0.001543,0.0,-1.4e-05,0.0,-0.002009,0.0,-0.002479,0.0,-0.001686,-0.004254,-1.7e-05,-0.000148,-0.004551,0.0,0.0,0.0,-0.000251,-0.002396,-0.002604,0.0,-0.001005,-0.001772,-0.004723,-0.004651,0.0,-0.003863,0.0,-0.003436,-0.00208,0.0,-0.001694,-0.00565,-0.003095,-0.003019,-0.00328,-0.004576,-0.001586,-0.001024,-0.001206,0.0,-0.000861,-0.002497,-0.002505,-0.003377
2017-05-28 09:10:00+02:00,0.0,0.0,-0.000688,-0.003081,-0.000592,0.0,-0.001571,-0.002123,-0.003135,-9e-06,0.0,0.0,-0.002726,-0.002054,-0.000691,-0.003932,-3e-05,0.0,0.0,-0.004758,0.0,-0.004707,-0.002627,0.0,-0.004172,-0.004506,-0.002056,0.0,-0.00119,-0.0,0.0,-0.002214,0.0,-0.001473,-0.00144,0.0,-0.000681,-0.002502,0.0,-0.004594,-0.00158,0.0,-0.002311,0.0,-0.000458,-0.001518,-0.001863,-0.00341,-0.001754,0.0,0.0,-0.00249,-0.001887,-0.002249,0.0,0.0,-0.000409,0.0,0.0,-0.00142,-0.002802,-0.004249,-0.0028,0.0,-0.000793,-0.00415,-0.001189,-0.00354,0.0,-0.000948,-0.001541,-0.0,0.0,-0.001835,-0.00157,0.0,-1.2e-05,0.0,-0.002041,0.0,-0.002503,0.0,-0.0017,-0.00428,-2.3e-05,-0.000145,-0.004577,0.0,0.0,0.0,-0.000261,-0.002422,-0.002636,0.0,-0.001024,-0.001782,-0.004763,-0.004688,0.0,-0.003887,0.0,-0.003459,-0.002086,0.0,-0.001721,-0.005683,-0.003126,-0.003041,-0.003306,-0.004608,-0.001612,-0.001035,-0.00121,0.0,-0.000881,-0.002503,-0.002524,-0.003406
2017-05-28 09:11:00+02:00,0.0,0.0,-0.000657,-0.003071,-0.000585,0.0,-0.001575,-0.002133,-0.003134,-7e-06,0.0,0.0,-0.00275,-0.002077,-0.000696,-0.003925,-2.4e-05,0.0,0.0,-0.004727,0.0,-0.004674,-0.002639,0.0,-0.00417,-0.004502,-0.002065,0.0,-0.001178,-0.0,0.0,-0.002222,0.0,-0.001485,-0.001459,0.0,-0.000663,-0.002517,0.0,-0.004605,-0.001592,0.0,-0.002281,0.0,-0.00045,-0.001501,-0.00185,-0.003383,-0.00175,0.0,0.0,-0.002479,-0.001894,-0.002275,0.0,0.0,-0.000377,0.0,0.0,-0.001419,-0.002786,-0.004255,-0.002788,0.0,-0.000762,-0.004144,-0.001188,-0.003513,0.0,-0.000949,-0.001526,-0.0,0.0,-0.001836,-0.001592,0.0,-1e-05,0.0,-0.002049,0.0,-0.002505,0.0,-0.001683,-0.004287,-1.9e-05,-0.000116,-0.004589,0.0,0.0,0.0,-0.000257,-0.002429,-0.002659,0.0,-0.001032,-0.001771,-0.004767,-0.00469,0.0,-0.003887,0.0,-0.00345,-0.002063,0.0,-0.001732,-0.0057,-0.003149,-0.003041,-0.0033,-0.004606,-0.001624,-0.001022,-0.001192,0.0,-0.000877,-0.002473,-0.002511,-0.003426
2017-05-28 09:12:00+02:00,0.0,0.0,-0.000613,-0.003039,-0.00057,0.0,-0.001572,-0.002137,-0.003118,-6e-06,0.0,0.0,-0.002768,-0.002095,-0.000696,-0.003896,-1.9e-05,0.0,0.0,-0.004686,0.0,-0.004631,-0.002643,0.0,-0.004149,-0.004475,-0.002067,0.0,-0.001151,-0.0,0.0,-0.00222,0.0,-0.00149,-0.001473,0.0,-0.000631,-0.002524,0.0,-0.004603,-0.001599,0.0,-0.002238,0.0,-0.000433,-0.001465,-0.001821,-0.00335,-0.001735,0.0,0.0,-0.002462,-0.001891,-0.002295,0.0,0.0,-0.000331,0.0,0.0,-0.001411,-0.002765,-0.004247,-0.002755,0.0,-0.000718,-0.004115,-0.001181,-0.003478,0.0,-0.000944,-0.001502,-0.0,0.0,-0.001833,-0.001609,0.0,-8e-06,0.0,-0.00205,0.0,-0.002494,0.0,-0.001647,-0.004281,-1.5e-05,-9.3e-05,-0.004591,0.0,0.0,0.0,-0.000246,-0.002423,-0.002677,0.0,-0.001033,-0.001747,-0.004747,-0.00467,0.0,-0.00387,0.0,-0.003419,-0.002028,0.0,-0.001737,-0.005705,-0.003164,-0.003027,-0.003271,-0.004582,-0.001631,-0.000995,-0.001163,0.0,-0.000864,-0.002429,-0.002478,-0.003437
2017-05-28 09:13:00+02:00,0.0,0.0,-0.000595,-0.003039,-0.000561,0.0,-0.001574,-0.002145,-0.003114,-5e-06,0.0,0.0,-0.002792,-0.002117,-0.0007,-0.003901,-1.5e-05,0.0,0.0,-0.004694,0.0,-0.004636,-0.002652,0.0,-0.004142,-0.004483,-0.002073,0.0,-0.001144,-0.0,0.0,-0.002225,0.0,-0.0015,-0.001491,0.0,-0.000612,-0.002535,0.0,-0.004613,-0.001609,0.0,-0.002229,0.0,-0.000423,-0.001453,-0.001814,-0.003353,-0.00173,0.0,0.0,-0.002473,-0.001904,-0.002319,0.0,0.0,-0.000311,0.0,0.0,-0.001409,-0.002774,-0.004251,-0.002752,0.0,-0.000701,-0.004122,-0.001178,-0.003482,0.0,-0.000944,-0.001501,-0.0,0.0,-0.001849,-0.00163,0.0,-6e-06,0.0,-0.002055,0.0,-0.002504,0.0,-0.001636,-0.004286,-1.2e-05,-7.4e-05,-0.004603,0.0,0.0,0.0,-0.00024,-0.002437,-0.0027,0.0,-0.001044,-0.001734,-0.004764,-0.004685,0.0,-0.003867,0.0,-0.00342,-0.002024,0.0,-0.001746,-0.005721,-0.003186,-0.003025,-0.003274,-0.004593,-0.001641,-0.000987,-0.001157,0.0,-0.000858,-0.002422,-0.002473,-0.003456
2017-05-28 09:14:00+02:00,0.0,0.0,-0.000604,-0.00306,-0.000568,0.0,-0.001588,-0.002164,-0.003125,-4e-06,0.0,0.0,-0.002825,-0.002148,-0.00071,-0.00393,-1.2e-05,0.0,0.0,-0.004756,0.0,-0.004694,-0.002676,0.0,-0.004157,-0.004516,-0.002091,0.0,-0.001152,-0.0,0.0,-0.002243,0.0,-0.001518,-0.001516,0.0,-0.000611,-0.002562,0.0,-0.004643,-0.001628,0.0,-0.002255,0.0,-0.000429,-0.001463,-0.001825,-0.003395,-0.001737,0.0,0.0,-0.002516,-0.001929,-0.002352,0.0,0.0,-0.000317,0.0,0.0,-0.001423,-0.002818,-0.004274,-0.00277,0.0,-0.000711,-0.004153,-0.001189,-0.003527,0.0,-0.000954,-0.001523,-0.0,0.0,-0.001889,-0.001659,0.0,-5e-06,0.0,-0.002077,0.0,-0.002528,0.0,-0.001646,-0.00431,-1e-05,-7.2e-05,-0.004628,0.0,0.0,0.0,-0.000245,-0.002464,-0.002732,0.0,-0.001063,-0.001739,-0.004806,-0.004725,0.0,-0.003885,0.0,-0.003444,-0.002048,0.0,-0.001764,-0.005757,-0.003218,-0.003042,-0.0033,-0.004627,-0.00166,-0.000994,-0.001173,0.0,-0.000867,-0.002451,-0.002489,-0.003486
2017-05-28 09:15:00+02:00,0.0,0.0,-0.000613,-0.003072,-0.000583,0.0,-0.001608,-0.00219,-0.003143,-3e-06,0.0,0.0,-0.002862,-0.002181,-0.000722,-0.003947,-1e-05,0.0,0.0,-0.004818,0.0,-0.004754,-0.002708,0.0,-0.004181,-0.004536,-0.002115,0.0,-0.001155,-0.0,0.0,-0.002264,0.0,-0.00154,-0.001544,0.0,-0.000612,-0.002598,0.0,-0.004679,-0.001652,0.0,-0.002283,0.0,-0.000443,-0.001466,-0.001829,-0.003436,-0.001748,0.0,0.0,-0.002559,-0.001948,-0.002389,0.0,0.0,-0.000324,0.0,0.0,-0.001445,-0.002861,-0.004304,-0.002781,0.0,-0.000722,-0.004171,-0.001206,-0.003571,0.0,-0.00097,-0.001545,-0.0,0.0,-0.001928,-0.00169,0.0,-4e-06,0.0,-0.002106,0.0,-0.002545,0.0,-0.00165,-0.004341,-8e-06,-7e-05,-0.004659,0.0,0.0,0.0,-0.000254,-0.002483,-0.002767,0.0,-0.001079,-0.001749,-0.004834,-0.004752,0.0,-0.00391,0.0,-0.003458,-0.002072,0.0,-0.001788,-0.005801,-0.003253,-0.003065,-0.003316,-0.00465,-0.001684,-0.000997,-0.001188,0.0,-0.000885,-0.002481,-0.002498,-0.003519
2017-05-28 09:16:00+02:00,0.0,0.0,-0.000618,-0.003081,-0.000591,0.0,-0.001621,-0.002207,-0.003166,-2e-06,0.0,0.0,-0.002905,-0.00222,-0.000736,-0.00396,-8e-06,0.0,0.0,-0.004873,0.0,-0.004805,-0.002731,0.0,-0.004214,-0.004553,-0.002131,0.0,-0.001154,-0.0,0.0,-0.00229,0.0,-0.001565,-0.001576,0.0,-0.000618,-0.002623,0.0,-0.004724,-0.001669,0.0,-0.002305,0.0,-0.00045,-0.001465,-0.001829,-0.003471,-0.001763,0.0,0.0,-0.002597,-0.001965,-0.002431,0.0,0.0,-0.000327,0.0,0.0,-0.00146,-0.002899,-0.004342,-0.002786,0.0,-0.000728,-0.004185,-0.001216,-0.003609,0.0,-0.00098,-0.001563,-0.0,0.0,-0.001965,-0.001725,0.0,-3e-06,0.0,-0.002127,0.0,-0.002558,0.0,-0.00165,-0.004381,-6e-06,-6.7e-05,-0.004698,0.0,0.0,0.0,-0.000258,-0.0025,-0.002809,0.0,-0.001093,-0.001763,-0.004858,-0.004775,0.0,-0.003944,0.0,-0.003467,-0.002091,0.0,-0.001805,-0.005857,-0.003296,-0.003095,-0.003328,-0.004669,-0.001702,-0.000995,-0.0012,0.0,-0.000896,-0.002506,-0.002503,-0.00356
2017-05-28 09:17:00+02:00,0.0,0.0,-0.000618,-0.003084,-0.000589,0.0,-0.001623,-0.002213,-0.003173,-2e-06,0.0,0.0,-0.002933,-0.002244,-0.000744,-0.00397,-6e-06,0.0,0.0,-0.004916,0.0,-0.004845,-0.00274,0.0,-0.004225,-0.004566,-0.002135,0.0,-0.00115,-0.0,0.0,-0.002303,0.0,-0.00158,-0.001597,0.0,-0.000608,-0.002633,0.0,-0.004741,-0.001677,0.0,-0.002319,0.0,-0.000447,-0.001458,-0.001825,-0.003497,-0.001763,0.0,0.0,-0.002629,-0.00198,-0.002459,0.0,0.0,-0.000324,0.0,0.0,-0.001463,-0.00293,-0.004354,-0.002788,0.0,-0.000729,-0.004195,-0.001217,-0.003637,0.0,-0.000983,-0.001576,-0.0,0.0,-0.001996,-0.001748,0.0,-3e-06,0.0,-0.002134,0.0,-0.002569,0.0,-0.001644,-0.004393,-5e-06,-5.9e-05,-0.004711,0.0,0.0,0.0,-0.000257,-0.002515,-0.002835,0.0,-0.001106,-0.00176,-0.004879,-0.004794,0.0,-0.003954,0.0,-0.003473,-0.002104,0.0,-0.001812,-0.005882,-0.00332,-0.003103,-0.003336,-0.004684,-0.00171,-0.000989,-0.001208,0.0,-0.000895,-0.002523,-0.002503,-0.003581
2017-05-28 09:18:00+02:00,0.0,0.0,-0.000629,-0.003109,-0.000606,0.0,-0.001643,-0.002237,-0.003196,-1e-06,0.0,0.0,-0.002974,-0.002281,-0.000758,-0.004,-5e-06,0.0,0.0,-0.004967,0.0,-0.004894,-0.002772,0.0,-0.004258,-0.0046,-0.002158,0.0,-0.00116,-0.0,0.0,-0.002328,0.0,-0.001605,-0.001627,0.0,-0.000617,-0.002669,0.0,-0.004784,-0.0017,0.0,-0.002344,0.0,-0.000463,-0.001472,-0.001838,-0.00353,-0.001778,0.0,0.0,-0.002664,-0.002004,-0.0025,0.0,0.0,-0.000334,0.0,0.0,-0.001487,-0.002965,-0.00439,-0.00281,0.0,-0.000741,-0.004226,-0.001234,-0.003672,0.0,-0.000999,-0.001596,-0.0,0.0,-0.002032,-0.001783,0.0,-2e-06,0.0,-0.002165,0.0,-0.002592,0.0,-0.001659,-0.00443,-8e-06,-6.3e-05,-0.004747,0.0,0.0,0.0,-0.000267,-0.002541,-0.002875,0.0,-0.001127,-0.001777,-0.004921,-0.004835,0.0,-0.003987,0.0,-0.0035,-0.002124,0.0,-0.001835,-0.005936,-0.00336,-0.003132,-0.003365,-0.00472,-0.001734,-0.000999,-0.001223,0.0,-0.000915,-0.00255,-0.002524,-0.003619
2017-05-28 09:19:00+02:00,0.0,0.0,-0.00064,-0.003137,-0.000627,0.0,-0.001667,-0.002266,-0.003224,-1e-06,0.0,0.0,-0.003018,-0.002321,-0.000775,-0.004034,-4e-06,0.0,0.0,-0.005017,0.0,-0.004941,-0.002811,0.0,-0.004297,-0.004638,-0.002186,0.0,-0.001174,-0.0,0.0,-0.002356,0.0,-0.001632,-0.00166,0.0,-0.00063,-0.002711,0.0,-0.004832,-0.001728,0.0,-0.002367,0.0,-0.000483,-0.00149,-0.001854,-0.00356,-0.001796,0.0,0.0,-0.002699,-0.002031,-0.002543,0.0,0.0,-0.000343,0.0,0.0,-0.001515,-0.002999,-0.004431,-0.002836,0.0,-0.000753,-0.004262,-0.001255,-0.003704,0.0,-0.001019,-0.001614,-0.0,0.0,-0.002066,-0.001819,0.0,-2e-06,0.0,-0.0022,0.0,-0.002618,0.0,-0.001677,-0.004473,-1.6e-05,-6.7e-05,-0.004787,0.0,0.0,0.0,-0.00028,-0.00257,-0.002917,0.0,-0.001149,-0.001798,-0.004967,-0.00488,0.0,-0.004026,0.0,-0.00353,-0.002143,0.0,-0.001863,-0.005996,-0.003404,-0.003167,-0.003397,-0.004761,-0.001761,-0.001011,-0.001236,0.0,-0.000938,-0.002576,-0.002549,-0.003661
2017-05-28 09:20:00+02:00,0.0,0.0,-0.000634,-0.003168,-0.000639,0.0,-0.001682,-0.002287,-0.003246,-1e-06,0.0,0.0,-0.003057,-0.002356,-0.000789,-0.004074,-3e-06,0.0,0.0,-0.005048,0.0,-0.004969,-0.002839,0.0,-0.00433,-0.004683,-0.002205,0.0,-0.001186,-0.0,0.0,-0.002381,0.0,-0.001656,-0.001691,0.0,-0.000638,-0.002742,0.0,-0.004874,-0.001748,0.0,-0.002373,0.0,-0.000494,-0.001508,-0.00187,-0.003575,-0.00181,0.0,0.0,-0.002722,-0.002061,-0.002582,0.0,0.0,-0.000334,0.0,0.0,-0.001533,-0.00302,-0.004466,-0.002864,0.0,-0.000748,-0.004304,-0.001268,-0.003721,0.0,-0.001031,-0.001621,-0.0,0.0,-0.002093,-0.001853,0.0,-1e-06,0.0,-0.002226,0.0,-0.002647,0.0,-0.001696,-0.004508,-1.7e-05,-5.5e-05,-0.004818,0.0,0.0,0.0,-0.000287,-0.002602,-0.002955,0.0,-0.001172,-0.001813,-0.00502,-0.004931,0.0,-0.004059,0.0,-0.003564,-0.002148,0.0,-0.001883,-0.006046,-0.003442,-0.003196,-0.003433,-0.004809,-0.001782,-0.001023,-0.001237,0.0,-0.000953,-0.002583,-0.002575,-0.003695
2017-05-28 09:21:00+02:00,0.0,0.0,-0.000638,-0.003206,-0.000655,0.0,-0.001701,-0.00231,-0.003261,-1e-06,0.0,0.0,-0.003085,-0.002384,-0.000801,-0.004122,-3e-06,0.0,0.0,-0.005091,0.0,-0.005008,-0.002871,0.0,-0.004353,-0.004736,-0.002227,0.0,-0.001204,-0.0,0.0,-0.0024,0.0,-0.001676,-0.001716,0.0,-0.000641,-0.002777,0.0,-0.0049,-0.00177,0.0,-0.00239,0.0,-0.000509,-0.001532,-0.001892,-0.003599,-0.001819,0.0,0.0,-0.002751,-0.002094,-0.002612,0.0,0.0,-0.000337,0.0,0.0,-0.001557,-0.003048,-0.004488,-0.002899,0.0,-0.000753,-0.004354,-0.001284,-0.003745,0.0,-0.001047,-0.001635,-0.0,0.0,-0.002124,-0.00188,0.0,-1e-06,0.0,-0.002255,0.0,-0.002681,0.0,-0.001721,-0.00453,-2.3e-05,-5.4e-05,-0.004831,0.0,0.0,0.0,-0.000296,-0.002638,-0.002981,0.0,-0.001198,-0.001823,-0.005081,-0.004991,0.0,-0.004083,0.0,-0.003606,-0.00216,0.0,-0.001905,-0.006075,-0.003466,-0.003215,-0.003477,-0.004864,-0.001804,-0.00104,-0.001246,0.0,-0.000972,-0.002602,-0.002608,-0.003716
2017-05-28 09:22:00+02:00,0.0,0.0,-0.000648,-0.003245,-0.000677,0.0,-0.001725,-0.002338,-0.003289,-1e-06,0.0,0.0,-0.003125,-0.00242,-0.000817,-0.004171,-2e-06,0.0,0.0,-0.005141,0.0,-0.005055,-0.00291,0.0,-0.004393,-0.004792,-0.002255,0.0,-0.001222,-0.0,0.0,-0.002429,0.0,-0.001703,-0.001747,0.0,-0.000655,-0.002818,0.0,-0.004943,-0.001797,0.0,-0.002414,0.0,-0.000529,-0.001557,-0.001914,-0.003629,-0.001837,0.0,0.0,-0.002785,-0.002128,-0.002652,0.0,0.0,-0.000345,0.0,0.0,-0.001586,-0.003081,-0.004527,-0.002935,0.0,-0.000764,-0.004407,-0.001306,-0.003777,0.0,-0.001067,-0.001653,-0.0,0.0,-0.002158,-0.001914,0.0,-1e-06,0.0,-0.002291,0.0,-0.002717,0.0,-0.001747,-0.004569,-3.5e-05,-5.8e-05,-0.004863,0.0,0.0,0.0,-0.000309,-0.002677,-0.003018,0.0,-0.001224,-0.001844,-0.005147,-0.005054,0.0,-0.004122,0.0,-0.003649,-0.002179,0.0,-0.001932,-0.006127,-0.003504,-0.00325,-0.003522,-0.004923,-0.001832,-0.001057,-0.00126,0.0,-0.000996,-0.002629,-0.002642,-0.003752
2017-05-28 09:23:00+02:00,0.0,0.0,-0.000657,-0.003281,-0.00069,0.0,-0.001743,-0.002361,-0.003311,-0.0,0.0,0.0,-0.003167,-0.002457,-0.000833,-0.004217,-2e-06,0.0,0.0,-0.005191,0.0,-0.005101,-0.002941,0.0,-0.004425,-0.004844,-0.002276,0.0,-0.001238,-0.0,0.0,-0.002454,0.0,-0.001729,-0.001779,0.0,-0.000666,-0.002852,0.0,-0.004988,-0.001819,0.0,-0.002438,0.0,-0.000541,-0.001578,-0.001933,-0.00366,-0.001854,0.0,0.0,-0.002819,-0.002161,-0.002693,0.0,0.0,-0.000352,0.0,0.0,-0.001608,-0.003115,-0.004565,-0.002967,0.0,-0.000774,-0.004455,-0.001321,-0.003809,0.0,-0.001082,-0.001672,-0.0,0.0,-0.002193,-0.001949,0.0,-1e-06,0.0,-0.00232,0.0,-0.00275,0.0,-0.001769,-0.004609,-4e-05,-6.1e-05,-0.004898,0.0,0.0,0.0,-0.000317,-0.002713,-0.003058,0.0,-0.00125,-0.001863,-0.005208,-0.005114,0.0,-0.004157,0.0,-0.003689,-0.002199,0.0,-0.001954,-0.00618,-0.003544,-0.003282,-0.003563,-0.004978,-0.001854,-0.001071,-0.001274,0.0,-0.001012,-0.002655,-0.002672,-0.00379
2017-05-28 09:24:00+02:00,0.0,0.0,-0.000667,-0.003307,-0.000706,0.0,-0.001764,-0.002387,-0.003352,-0.0,0.0,0.0,-0.003218,-0.002502,-0.000853,-0.00425,-1e-06,0.0,0.0,-0.005242,0.0,-0.005149,-0.002975,0.0,-0.00448,-0.004882,-0.002301,0.0,-0.001249,-0.0,0.0,-0.002492,0.0,-0.001762,-0.001816,0.0,-0.000687,-0.002889,0.0,-0.005051,-0.001844,0.0,-0.002464,0.0,-0.000556,-0.001592,-0.001946,-0.003692,-0.00188,0.0,0.0,-0.002854,-0.002187,-0.002741,0.0,0.0,-0.000361,0.0,0.0,-0.001632,-0.00315,-0.004621,-0.00299,0.0,-0.000786,-0.00449,-0.001339,-0.003843,0.0,-0.001099,-0.001692,-0.0,0.0,-0.002228,-0.00199,0.0,-1e-06,0.0,-0.002351,0.0,-0.002776,0.0,-0.001784,-0.004664,-4.8e-05,-6.6e-05,-0.004949,0.0,0.0,0.0,-0.000327,-0.002742,-0.003106,0.0,-0.001271,-0.001893,-0.005255,-0.005159,0.0,-0.004211,0.0,-0.003717,-0.00222,0.0,-0.001979,-0.006252,-0.003594,-0.003329,-0.003594,-0.005019,-0.001879,-0.001081,-0.00129,0.0,-0.001031,-0.002683,-0.002693,-0.00384
2017-05-28 09:25:00+02:00,0.0,0.0,-0.000658,-0.003328,-0.000713,0.0,-0.001777,-0.002405,-0.00338,-0.0,0.0,0.0,-0.003259,-0.002539,-0.000868,-0.00428,-1e-06,0.0,0.0,-0.005265,0.0,-0.005169,-0.002999,0.0,-0.004518,-0.004918,-0.002317,0.0,-0.001255,-0.0,0.0,-0.00252,0.0,-0.001788,-0.001848,0.0,-0.000694,-0.002917,0.0,-0.005096,-0.001863,0.0,-0.002465,0.0,-0.000562,-0.0016,-0.001956,-0.003703,-0.001896,0.0,0.0,-0.002873,-0.002212,-0.002782,0.0,0.0,-0.000349,0.0,0.0,-0.001647,-0.003167,-0.004659,-0.003009,0.0,-0.000778,-0.004522,-0.001349,-0.003855,0.0,-0.001109,-0.001697,-0.0,0.0,-0.002251,-0.002024,0.0,-0.0,0.0,-0.002373,0.0,-0.002799,0.0,-0.001794,-0.004703,-4.8e-05,-5.3e-05,-0.004984,0.0,0.0,0.0,-0.000331,-0.002768,-0.003146,0.0,-0.00129,-0.00191,-0.005298,-0.005201,0.0,-0.004249,0.0,-0.003742,-0.002222,0.0,-0.001997,-0.006306,-0.003634,-0.003361,-0.003621,-0.005057,-0.001898,-0.001086,-0.001289,0.0,-0.001041,-0.002687,-0.00271,-0.003878
2017-05-28 09:26:00+02:00,0.0,0.0,-0.000655,-0.003362,-0.000727,0.0,-0.001794,-0.002427,-0.003445,-0.0,0.0,0.0,-0.003315,-0.00259,-0.000893,-0.00432,-1e-06,0.0,0.0,-0.005293,0.0,-0.005194,-0.003027,0.0,-0.004602,-0.004962,-0.002338,0.0,-0.001274,-0.0,0.0,-0.002572,0.0,-0.00183,-0.00189,0.0,-0.000725,-0.002949,0.0,-0.005171,-0.001884,0.0,-0.002472,0.0,-0.000575,-0.001625,-0.001978,-0.003719,-0.001932,0.0,0.0,-0.002895,-0.002242,-0.002836,0.0,0.0,-0.000344,0.0,0.0,-0.001668,-0.003187,-0.004728,-0.003041,0.0,-0.000775,-0.004563,-0.001364,-0.003872,0.0,-0.001124,-0.001705,-0.0,0.0,-0.002275,-0.00207,0.0,-0.0,0.0,-0.0024,0.0,-0.00283,0.0,-0.001819,-0.004772,-5.5e-05,-4.5e-05,-0.005045,0.0,0.0,0.0,-0.00034,-0.002801,-0.003201,0.0,-0.001314,-0.001951,-0.005351,-0.005253,0.0,-0.004324,0.0,-0.003778,-0.002228,0.0,-0.002018,-0.006389,-0.003692,-0.003423,-0.00366,-0.005104,-0.001919,-0.001104,-0.001293,0.0,-0.001058,-0.002696,-0.002742,-0.003937
2017-05-28 09:27:00+02:00,0.0,0.0,-0.00067,-0.003428,-0.00075,0.0,-0.001819,-0.002455,-0.003537,-1.6e-05,0.0,0.0,-0.003382,-0.002652,-0.000927,-0.004395,-1e-06,0.0,0.0,-0.005344,0.0,-0.005241,-0.003064,0.0,-0.004723,-0.005042,-0.002366,0.0,-0.001314,-0.0,0.0,-0.002643,0.0,-0.001886,-0.001944,0.0,-0.000778,-0.00299,0.0,-0.005274,-0.001911,0.0,-0.0025,0.0,-0.000597,-0.001678,-0.002024,-0.00375,-0.001986,0.0,0.0,-0.002929,-0.002289,-0.002901,0.0,0.0,-0.000358,0.0,0.0,-0.001699,-0.003221,-0.004823,-0.003104,0.0,-0.000791,-0.00464,-0.001387,-0.003905,0.0,-0.001145,-0.001726,-0.0,0.0,-0.00231,-0.002126,0.0,-2.3e-05,0.0,-0.002436,0.0,-0.002882,0.0,-0.001874,-0.004868,-7.3e-05,-5.5e-05,-0.005126,0.0,0.0,0.0,-0.000354,-0.002854,-0.003269,0.0,-0.001351,-0.002016,-0.005441,-0.005341,0.0,-0.004431,0.0,-0.003847,-0.00225,0.0,-0.002045,-0.006497,-0.003764,-0.003512,-0.003733,-0.005187,-0.001946,-0.001142,-0.00131,0.0,-0.001084,-0.002726,-0.002804,-0.00401
2017-05-28 09:28:00+02:00,0.0,0.0,-0.000665,-0.003468,-0.000754,0.0,-0.001827,-0.002467,-0.003601,-1.6e-05,0.0,0.0,-0.003435,-0.0027,-0.00095,-0.004443,-1e-06,0.0,0.0,-0.005373,0.0,-0.005266,-0.003082,0.0,-0.004806,-0.005095,-0.002377,0.0,-0.001334,-0.0,0.0,-0.002693,0.0,-0.001927,-0.001985,0.0,-0.000802,-0.003011,0.0,-0.005344,-0.001925,0.0,-0.002506,0.0,-0.0006,-0.001705,-0.002048,-0.003764,-0.002017,0.0,0.0,-0.00295,-0.002323,-0.002952,0.0,0.0,-0.000351,0.0,0.0,-0.001709,-0.003241,-0.004886,-0.003141,0.0,-0.000787,-0.00469,-0.001393,-0.00392,0.0,-0.001152,-0.001733,-0.0,0.0,-0.002335,-0.002171,0.0,-2.2e-05,0.0,-0.002453,0.0,-0.002916,0.0,-0.001903,-0.004931,-7.1e-05,-4.6e-05,-0.005179,0.0,0.0,0.0,-0.000357,-0.002891,-0.00332,0.0,-0.001378,-0.002052,-0.005503,-0.005402,0.0,-0.004504,0.0,-0.00389,-0.002255,0.0,-0.002058,-0.006574,-0.003817,-0.003568,-0.003778,-0.005244,-0.00196,-0.00116,-0.001313,0.0,-0.001091,-0.002734,-0.00284,-0.004063
2017-05-28 09:29:00+02:00,0.0,0.0,-0.000653,-0.003496,-0.000751,0.0,-0.00183,-0.002475,-0.003645,-1.3e-05,0.0,0.0,-0.003478,-0.00274,-0.000967,-0.004478,-0.0,0.0,0.0,-0.005397,0.0,-0.005287,-0.003094,0.0,-0.004864,-0.005136,-0.002383,0.0,-0.001347,-0.0,0.0,-0.00273,0.0,-0.001958,-0.002019,0.0,-0.000812,-0.003026,0.0,-0.005395,-0.001935,0.0,-0.002504,0.0,-0.000596,-0.001722,-0.002063,-0.003773,-0.002036,0.0,0.0,-0.002968,-0.00235,-0.002994,0.0,0.0,-0.000336,0.0,0.0,-0.001714,-0.003257,-0.004931,-0.003167,0.0,-0.000776,-0.004727,-0.001394,-0.003931,0.0,-0.001154,-0.001735,-0.0,0.0,-0.002357,-0.002208,0.0,-1.8e-05,0.0,-0.002462,0.0,-0.002943,0.0,-0.00192,-0.004976,-6.3e-05,-3.7e-05,-0.005216,0.0,0.0,0.0,-0.000354,-0.002921,-0.003361,0.0,-0.0014,-0.002072,-0.005552,-0.005449,0.0,-0.004555,0.0,-0.003922,-0.002254,0.0,-0.002067,-0.006631,-0.003859,-0.003606,-0.003812,-0.005287,-0.00197,-0.001171,-0.001309,0.0,-0.00109,-0.002734,-0.002864,-0.004103
2017-05-28 09:30:00+02:00,0.0,0.0,-0.00065,-0.003527,-0.000745,0.0,-0.001831,-0.00248,-0.003673,-1e-05,0.0,0.0,-0.003517,-0.002775,-0.00098,-0.004518,-0.0,0.0,0.0,-0.005437,0.0,-0.005324,-0.003103,0.0,-0.004901,-0.005181,-0.002386,0.0,-0.00136,-0.0,0.0,-0.002756,0.0,-0.001983,-0.00205,0.0,-0.000815,-0.003037,0.0,-0.005437,-0.001943,0.0,-0.002517,0.0,-0.000589,-0.00174,-0.00208,-0.003795,-0.002048,0.0,0.0,-0.002996,-0.00238,-0.003033,0.0,0.0,-0.00033,0.0,0.0,-0.001715,-0.003283,-0.004966,-0.003196,0.0,-0.000774,-0.004769,-0.001392,-0.003954,0.0,-0.001155,-0.001746,-0.0,0.0,-0.002388,-0.002241,0.0,-1.4e-05,0.0,-0.002469,0.0,-0.002971,0.0,-0.00194,-0.005011,-5.1e-05,-3e-05,-0.005247,0.0,0.0,0.0,-0.00035,-0.002952,-0.003399,0.0,-0.001424,-0.002085,-0.005604,-0.0055,0.0,-0.004591,0.0,-0.003956,-0.002264,0.0,-0.002074,-0.00668,-0.003896,-0.003634,-0.003849,-0.005334,-0.001978,-0.001183,-0.001315,0.0,-0.001087,-0.00275,-0.002892,-0.004138
2017-05-28 09:31:00+02:00,0.0,0.0,-0.000648,-0.003555,-0.000757,0.0,-0.001845,-0.002499,-0.003716,-8e-06,0.0,0.0,-0.003562,-0.002816,-0.000998,-0.004554,-0.0,0.0,0.0,-0.005477,0.0,-0.00536,-0.003129,0.0,-0.004958,-0.005222,-0.002403,0.0,-0.001372,-0.0,0.0,-0.002793,0.0,-0.002015,-0.002085,0.0,-0.000826,-0.003066,0.0,-0.00549,-0.001962,0.0,-0.002529,0.0,-0.0006,-0.001756,-0.002095,-0.003816,-0.002068,0.0,0.0,-0.003023,-0.002407,-0.003077,0.0,0.0,-0.000326,0.0,0.0,-0.001733,-0.003309,-0.005013,-0.003221,0.0,-0.000773,-0.004807,-0.001405,-0.003977,0.0,-0.001167,-0.001757,-0.0,0.0,-0.002417,-0.002279,0.0,-1.1e-05,0.0,-0.002494,0.0,-0.002998,0.0,-0.001957,-0.005058,-5.8e-05,-2.4e-05,-0.005287,0.0,0.0,0.0,-0.000357,-0.002982,-0.003442,0.0,-0.001446,-0.002107,-0.005653,-0.005548,0.0,-0.004642,0.0,-0.003987,-0.002275,0.0,-0.002092,-0.006742,-0.00394,-0.003674,-0.003882,-0.005378,-0.001998,-0.001193,-0.001321,0.0,-0.001102,-0.002765,-0.002916,-0.00418
2017-05-28 09:32:00+02:00,0.0,0.0,-0.000639,-0.003559,-0.000761,0.0,-0.001853,-0.00251,-0.003752,-6e-06,0.0,0.0,-0.003601,-0.002852,-0.001012,-0.004563,-0.0,0.0,0.0,-0.005506,0.0,-0.005386,-0.003146,0.0,-0.005007,-0.005234,-0.002413,0.0,-0.001369,-0.0,0.0,-0.002825,0.0,-0.002043,-0.002116,0.0,-0.000829,-0.003086,0.0,-0.005534,-0.001975,0.0,-0.002534,0.0,-0.000603,-0.001753,-0.002092,-0.003829,-0.002082,0.0,0.0,-0.003044,-0.00242,-0.003116,0.0,0.0,-0.000314,0.0,0.0,-0.001744,-0.003328,-0.00505,-0.003225,0.0,-0.000764,-0.004817,-0.00141,-0.003991,0.0,-0.001174,-0.001763,-0.0,0.0,-0.002442,-0.002314,0.0,-9e-06,0.0,-0.00251,0.0,-0.003007,0.0,-0.001955,-0.005095,-5.7e-05,-1.9e-05,-0.005318,0.0,0.0,0.0,-0.000359,-0.002994,-0.00348,0.0,-0.001459,-0.002121,-0.00567,-0.005565,0.0,-0.004686,0.0,-0.003994,-0.002278,0.0,-0.002104,-0.006793,-0.003977,-0.003705,-0.003891,-0.005393,-0.002011,-0.001189,-0.001321,0.0,-0.001108,-0.002772,-0.002919,-0.004215
2017-05-28 09:33:00+02:00,0.0,0.0,-0.000632,-0.003578,-0.000762,0.0,-0.001858,-0.002519,-0.003788,-5e-06,0.0,0.0,-0.003639,-0.00289,-0.001028,-0.004591,-0.0,0.0,0.0,-0.005534,0.0,-0.005411,-0.003161,0.0,-0.005058,-0.005267,-0.00242,0.0,-0.001373,-0.0,0.0,-0.002858,0.0,-0.002072,-0.00215,0.0,-0.000836,-0.003104,0.0,-0.005582,-0.001986,0.0,-0.002539,0.0,-0.000603,-0.00176,-0.002098,-0.00384,-0.002098,0.0,0.0,-0.003063,-0.002442,-0.003157,0.0,0.0,-0.000304,0.0,0.0,-0.001752,-0.003346,-0.005092,-0.003241,0.0,-0.000758,-0.004846,-0.001413,-0.004004,0.0,-0.001178,-0.001769,-0.0,0.0,-0.002465,-0.00235,0.0,-7e-06,0.0,-0.002523,0.0,-0.003026,0.0,-0.001963,-0.005136,-5.4e-05,-1.5e-05,-0.005351,0.0,0.0,0.0,-0.00036,-0.003018,-0.003519,0.0,-0.001478,-0.00214,-0.005708,-0.005603,0.0,-0.004732,0.0,-0.004016,-0.002281,0.0,-0.002115,-0.006849,-0.004017,-0.003739,-0.003915,-0.005427,-0.002022,-0.001192,-0.001322,0.0,-0.001112,-0.00278,-0.002935,-0.004252
2017-05-28 09:34:00+02:00,0.0,0.0,-0.000633,-0.003597,-0.000769,0.0,-0.001867,-0.002532,-0.00381,-4e-06,0.0,0.0,-0.003667,-0.002916,-0.001039,-0.004617,-0.0,0.0,0.0,-0.005569,0.0,-0.005443,-0.003181,0.0,-0.005088,-0.005298,-0.002432,0.0,-0.001379,-0.0,0.0,-0.002879,0.0,-0.002093,-0.002173,0.0,-0.000834,-0.003126,0.0,-0.005606,-0.002001,0.0,-0.002552,0.0,-0.000609,-0.001768,-0.002105,-0.003858,-0.002104,0.0,0.0,-0.003088,-0.002464,-0.003186,0.0,0.0,-0.000303,0.0,0.0,-0.001764,-0.003368,-0.005112,-0.003258,0.0,-0.00076,-0.004875,-0.001421,-0.004023,0.0,-0.001186,-0.00178,-0.0,0.0,-0.002493,-0.002376,0.0,-6e-06,0.0,-0.002541,0.0,-0.003046,0.0,-0.001972,-0.005156,-5.6e-05,-1.2e-05,-0.005364,0.0,0.0,0.0,-0.000363,-0.003041,-0.003545,0.0,-0.001497,-0.002145,-0.005745,-0.005639,0.0,-0.00476,0.0,-0.004038,-0.002291,0.0,-0.002128,-0.006878,-0.004041,-0.003757,-0.003939,-0.005461,-0.002037,-0.001197,-0.001328,0.0,-0.001121,-0.002796,-0.00295,-0.004273
2017-05-28 09:35:00+02:00,0.0,0.0,-0.000632,-0.003615,-0.000771,0.0,-0.001873,-0.002543,-0.003825,-3e-06,0.0,0.0,-0.00369,-0.002937,-0.001047,-0.004643,-0.0,0.0,0.0,-0.005603,0.0,-0.005473,-0.003197,0.0,-0.005109,-0.005327,-0.002441,0.0,-0.001384,-0.0,0.0,-0.002895,0.0,-0.00211,-0.002193,0.0,-0.000825,-0.003145,0.0,-0.005622,-0.002013,0.0,-0.002563,0.0,-0.00061,-0.001776,-0.002113,-0.003875,-0.002105,0.0,0.0,-0.003111,-0.002485,-0.00321,0.0,0.0,-0.000299,0.0,0.0,-0.001773,-0.003391,-0.005125,-0.003274,0.0,-0.000759,-0.004902,-0.001425,-0.004041,0.0,-0.001192,-0.00179,-0.0,0.0,-0.002519,-0.002397,0.0,-5e-06,0.0,-0.002556,0.0,-0.003065,0.0,-0.001981,-0.005167,-5.4e-05,-1e-05,-0.00537,0.0,0.0,0.0,-0.000364,-0.003063,-0.003566,0.0,-0.001515,-0.002144,-0.005781,-0.005674,0.0,-0.004778,0.0,-0.00406,-0.002299,0.0,-0.00214,-0.006899,-0.00406,-0.003767,-0.003963,-0.005493,-0.002049,-0.001201,-0.001333,0.0,-0.001126,-0.002809,-0.002966,-0.004288
2017-05-28 09:36:00+02:00,0.0,0.0,-0.00064,-0.003636,-0.000775,0.0,-0.001881,-0.002554,-0.003859,-3e-06,0.0,0.0,-0.003723,-0.002977,-0.001064,-0.004672,-0.0,0.0,0.0,-0.005644,0.0,-0.00551,-0.003214,0.0,-0.005156,-0.005361,-0.002451,0.0,-0.001391,-0.0,0.0,-0.002927,0.0,-0.00214,-0.002228,0.0,-0.000835,-0.003165,0.0,-0.005673,-0.002026,0.0,-0.002582,0.0,-0.000613,-0.001786,-0.002121,-0.003897,-0.002123,0.0,0.0,-0.003138,-0.002508,-0.003248,0.0,0.0,-0.000306,0.0,0.0,-0.001783,-0.003416,-0.005169,-0.003293,0.0,-0.000768,-0.004933,-0.00143,-0.004064,0.0,-0.001198,-0.001804,-0.0,0.0,-0.002549,-0.002435,0.0,-4e-06,0.0,-0.002571,0.0,-0.003086,0.0,-0.001992,-0.005212,-5.3e-05,-8e-06,-0.00541,0.0,0.0,0.0,-0.000366,-0.003088,-0.003611,0.0,-0.001535,-0.002165,-0.005821,-0.005714,0.0,-0.004824,0.0,-0.004084,-0.002313,0.0,-0.002152,-0.006948,-0.004106,-0.003804,-0.003989,-0.005529,-0.002063,-0.001207,-0.001344,0.0,-0.001132,-0.00283,-0.002984,-0.004331
2017-05-28 09:37:00+02:00,0.0,0.0,-0.000632,-0.003622,-0.000762,0.0,-0.001874,-0.002552,-0.003864,-2e-06,0.0,0.0,-0.003756,-0.003004,-0.001071,-0.004663,-0.0,0.0,0.0,-0.005667,0.0,-0.00553,-0.003216,0.0,-0.005167,-0.005353,-0.002447,0.0,-0.001377,-0.0,0.0,-0.002939,0.0,-0.002154,-0.002251,0.0,-0.000822,-0.003168,0.0,-0.005695,-0.002029,0.0,-0.002585,0.0,-0.0006,-0.001769,-0.002105,-0.003904,-0.002122,0.0,0.0,-0.003154,-0.00251,-0.003281,0.0,0.0,-0.000295,0.0,0.0,-0.001777,-0.00343,-0.005186,-0.003279,0.0,-0.000761,-0.004924,-0.001422,-0.004072,0.0,-0.001193,-0.001808,-0.0,0.0,-0.00257,-0.00246,0.0,-3e-06,0.0,-0.002571,0.0,-0.003082,0.0,-0.001974,-0.005227,-4.3e-05,-6e-06,-0.005426,0.0,0.0,0.0,-0.000358,-0.003087,-0.00364,0.0,-0.00154,-0.002162,-0.005815,-0.005708,0.0,-0.004837,0.0,-0.004072,-0.002314,0.0,-0.002152,-0.006988,-0.004133,-0.003813,-0.003979,-0.005523,-0.002065,-0.001192,-0.001343,0.0,-0.001122,-0.002835,-0.002969,-0.004354
2017-05-28 09:38:00+02:00,0.0,0.0,-0.000634,-0.003638,-0.000762,0.0,-0.001878,-0.00256,-0.003881,-2e-06,0.0,0.0,-0.003786,-0.003035,-0.001082,-0.004687,-0.0,0.0,0.0,-0.005702,0.0,-0.005562,-0.00323,0.0,-0.005193,-0.005381,-0.002453,0.0,-0.001379,-0.0,0.0,-0.002958,0.0,-0.002175,-0.002278,0.0,-0.00082,-0.003184,0.0,-0.005727,-0.002038,0.0,-0.002599,0.0,-0.000598,-0.001774,-0.002108,-0.00392,-0.002128,0.0,0.0,-0.003177,-0.002529,-0.003315,0.0,0.0,-0.000296,0.0,0.0,-0.001784,-0.003451,-0.005212,-0.003293,0.0,-0.000764,-0.00495,-0.001424,-0.004089,0.0,-0.001196,-0.001819,-0.0,0.0,-0.002597,-0.002491,0.0,-2e-06,0.0,-0.002583,0.0,-0.003098,0.0,-0.00198,-0.005253,-3.7e-05,-5e-06,-0.005447,0.0,0.0,0.0,-0.000357,-0.003107,-0.003672,0.0,-0.001558,-0.002169,-0.005847,-0.00574,0.0,-0.004864,0.0,-0.004092,-0.002323,0.0,-0.002161,-0.007032,-0.004164,-0.003833,-0.004,-0.005552,-0.002075,-0.001193,-0.00135,0.0,-0.001125,-0.002852,-0.002982,-0.004381
2017-05-28 09:39:00+02:00,0.0,0.0,-0.000649,-0.003666,-0.000763,0.0,-0.001883,-0.002568,-0.003909,-1e-06,0.0,0.0,-0.003816,-0.003073,-0.001098,-0.004726,-0.0,0.0,0.0,-0.00575,0.0,-0.005608,-0.003246,0.0,-0.005234,-0.005425,-0.00246,0.0,-0.001388,-0.0,0.0,-0.002986,0.0,-0.002203,-0.002311,0.0,-0.000827,-0.003202,0.0,-0.005774,-0.002049,0.0,-0.002625,0.0,-0.000598,-0.001787,-0.002119,-0.003946,-0.002142,0.0,0.0,-0.003207,-0.002557,-0.003349,0.0,0.0,-0.00031,0.0,0.0,-0.001792,-0.003481,-0.005253,-0.003318,0.0,-0.000779,-0.004991,-0.001427,-0.004116,0.0,-0.001201,-0.001838,-0.0,0.0,-0.00263,-0.002527,0.0,-2e-06,0.0,-0.002596,0.0,-0.003124,0.0,-0.001994,-0.005293,-3.2e-05,-9e-06,-0.005479,0.0,0.0,0.0,-0.000357,-0.003137,-0.003712,0.0,-0.00158,-0.002187,-0.005897,-0.005789,0.0,-0.004905,0.0,-0.004124,-0.002342,0.0,-0.00217,-0.007074,-0.004203,-0.003865,-0.004034,-0.005599,-0.002086,-0.0012,-0.001365,0.0,-0.001129,-0.002881,-0.003005,-0.004418
2017-05-28 09:40:00+02:00,0.0,0.0,-0.000619,-0.003662,-0.000735,0.0,-0.001865,-0.002556,-0.003915,-1e-06,0.0,0.0,-0.003845,-0.003098,-0.001101,-0.004733,-0.0,0.0,0.0,-0.005758,0.0,-0.005612,-0.003235,0.0,-0.005248,-0.005439,-0.002445,0.0,-0.001373,-0.0,0.0,-0.002998,0.0,-0.002216,-0.002332,0.0,-0.000801,-0.003191,0.0,-0.005793,-0.002042,0.0,-0.002609,0.0,-0.000569,-0.001768,-0.002105,-0.00394,-0.002134,0.0,0.0,-0.003213,-0.002567,-0.003381,0.0,0.0,-0.000275,0.0,0.0,-0.001772,-0.003484,-0.005266,-0.003311,0.0,-0.00075,-0.005002,-0.001408,-0.004111,0.0,-0.001186,-0.001829,-0.0,0.0,-0.002643,-0.002552,0.0,-2e-06,0.0,-0.002582,0.0,-0.00313,0.0,-0.001977,-0.005305,-2.6e-05,-7e-06,-0.00549,0.0,0.0,0.0,-0.000338,-0.003148,-0.003738,0.0,-0.00159,-0.002174,-0.005914,-0.005807,0.0,-0.004918,0.0,-0.004126,-0.002328,0.0,-0.002161,-0.007112,-0.004226,-0.003867,-0.004035,-0.005615,-0.00208,-0.001184,-0.00135,0.0,-0.001104,-0.002867,-0.002997,-0.004437
2017-05-28 09:41:00+02:00,0.0,0.0,-0.000586,-0.003675,-0.000717,0.0,-0.001858,-0.002555,-0.003942,-1e-06,0.0,0.0,-0.003874,-0.00314,-0.001113,-0.004762,-0.0,0.0,0.0,-0.005765,0.0,-0.005617,-0.003239,0.0,-0.005288,-0.005477,-0.002442,0.0,-0.001368,-0.0,0.0,-0.003025,0.0,-0.002243,-0.002368,0.0,-0.000793,-0.003196,0.0,-0.005846,-0.002045,0.0,-0.002591,0.0,-0.00055,-0.001764,-0.002103,-0.003933,-0.002143,0.0,0.0,-0.003219,-0.002589,-0.003413,0.0,0.0,-0.000237,0.0,0.0,-0.001764,-0.003486,-0.005309,-0.00332,0.0,-0.000717,-0.005035,-0.001398,-0.004106,0.0,-0.001179,-0.001818,-0.0,0.0,-0.002656,-0.002592,0.0,-1e-06,0.0,-0.002581,0.0,-0.00315,0.0,-0.001974,-0.005348,-2e-05,-6e-06,-0.005529,0.0,0.0,0.0,-0.000325,-0.003173,-0.003783,0.0,-0.001607,-0.002181,-0.005957,-0.00585,0.0,-0.004958,0.0,-0.004145,-0.002312,0.0,-0.002163,-0.007151,-0.004262,-0.003895,-0.004055,-0.005655,-0.002083,-0.001178,-0.001333,0.0,-0.001089,-0.002851,-0.003004,-0.004479
2017-05-28 09:42:00+02:00,0.0,0.0,-0.00056,-0.003704,-0.000706,0.0,-0.001857,-0.00256,-0.00398,-1e-06,0.0,0.0,-0.003903,-0.003192,-0.001131,-0.004807,-0.0,0.0,0.0,-0.005785,0.0,-0.005634,-0.003249,0.0,-0.005343,-0.005532,-0.002445,0.0,-0.001374,-0.0,0.0,-0.003061,0.0,-0.002276,-0.002411,0.0,-0.000796,-0.003208,0.0,-0.005917,-0.002053,0.0,-0.002581,0.0,-0.000537,-0.001773,-0.002113,-0.003937,-0.002161,0.0,0.0,-0.003232,-0.00262,-0.003445,0.0,0.0,-0.000205,0.0,0.0,-0.001762,-0.003497,-0.005369,-0.003346,0.0,-0.000692,-0.005084,-0.001393,-0.00411,0.0,-0.001176,-0.001814,-0.0,0.0,-0.002675,-0.00264,0.0,-1e-06,0.0,-0.002587,0.0,-0.00318,0.0,-0.001985,-0.005407,-1.6e-05,-5e-06,-0.005585,0.0,0.0,0.0,-0.000317,-0.003209,-0.003829,0.0,-0.001631,-0.002201,-0.006018,-0.00591,0.0,-0.005012,0.0,-0.004181,-0.002304,0.0,-0.002169,-0.007189,-0.004296,-0.003937,-0.004091,-0.005712,-0.00209,-0.001182,-0.001322,0.0,-0.001082,-0.002844,-0.003027,-0.004536
2017-05-28 09:43:00+02:00,0.0,0.0,-0.000519,-0.003726,-0.000689,0.0,-0.001851,-0.00256,-0.004013,-1e-06,0.0,0.0,-0.00393,-0.003239,-0.001146,-0.004844,-0.0,0.0,0.0,-0.005794,0.0,-0.00564,-0.003252,0.0,-0.005389,-0.005579,-0.002443,0.0,-0.001374,-0.0,0.0,-0.003093,0.0,-0.002306,-0.002449,0.0,-0.000793,-0.003213,0.0,-0.005978,-0.002056,0.0,-0.002557,0.0,-0.00052,-0.001775,-0.002118,-0.003931,-0.002175,0.0,0.0,-0.003239,-0.002648,-0.003475,0.0,0.0,-0.000164,0.0,0.0,-0.001755,-0.003501,-0.00542,-0.003365,0.0,-0.000651,-0.005125,-0.001384,-0.004107,0.0,-0.00117,-0.001801,-0.0,0.0,-0.002689,-0.002684,0.0,-1e-06,0.0,-0.002587,0.0,-0.003206,0.0,-0.001988,-0.005457,-1.3e-05,-4e-06,-0.005632,0.0,0.0,0.0,-0.000306,-0.00324,-0.003871,0.0,-0.001652,-0.002214,-0.006072,-0.005963,0.0,-0.005058,0.0,-0.00421,-0.002285,0.0,-0.00217,-0.007224,-0.004327,-0.003971,-0.00412,-0.005762,-0.002094,-0.001181,-0.001301,0.0,-0.001069,-0.002823,-0.003043,-0.004585
2017-05-28 09:44:00+02:00,0.0,0.0,-0.000482,-0.003733,-0.000673,0.0,-0.001844,-0.002559,-0.004044,-0.0,0.0,0.0,-0.003957,-0.003283,-0.00116,-0.004862,-0.0,0.0,0.0,-0.005807,0.0,-0.00565,-0.003254,0.0,-0.005433,-0.005601,-0.002439,0.0,-0.001368,-0.0,0.0,-0.003123,0.0,-0.002334,-0.002486,0.0,-0.000791,-0.003215,0.0,-0.006035,-0.002058,0.0,-0.002538,0.0,-0.000502,-0.001767,-0.002113,-0.003929,-0.002188,0.0,0.0,-0.003249,-0.002664,-0.003505,0.0,0.0,-0.000131,0.0,0.0,-0.001748,-0.003508,-0.005468,-0.003369,0.0,-0.000615,-0.005144,-0.001375,-0.004107,0.0,-0.001164,-0.00179,-0.0,0.0,-0.002705,-0.002726,0.0,-1e-06,0.0,-0.002585,0.0,-0.003219,0.0,-0.001981,-0.005504,-1e-05,-3e-06,-0.005675,0.0,0.0,0.0,-0.000294,-0.003257,-0.00391,0.0,-0.001665,-0.002227,-0.006099,-0.00599,0.0,-0.005102,0.0,-0.004221,-0.00227,0.0,-0.00217,-0.007258,-0.004357,-0.004004,-0.004133,-0.005788,-0.002096,-0.001172,-0.001283,0.0,-0.001056,-0.002807,-0.003046,-0.004631
2017-05-28 09:45:00+02:00,0.0,0.0,-0.000457,-0.003727,-0.000652,0.0,-0.00183,-0.002548,-0.004077,-0.0,0.0,0.0,-0.003984,-0.00333,-0.001176,-0.004864,-0.0,0.0,0.0,-0.005831,0.0,-0.00567,-0.003244,0.0,-0.00548,-0.005607,-0.002424,0.0,-0.001353,-0.0,0.0,-0.003156,0.0,-0.002365,-0.002525,0.0,-0.000794,-0.003203,0.0,-0.006096,-0.002051,0.0,-0.002529,0.0,-0.00048,-0.001748,-0.0021,-0.003936,-0.002204,0.0,0.0,-0.003264,-0.002671,-0.003534,0.0,0.0,-0.000105,0.0,0.0,-0.001733,-0.003521,-0.00552,-0.003361,0.0,-0.00059,-0.005146,-0.001361,-0.004115,0.0,-0.001153,-0.001786,-0.0,0.0,-0.002725,-0.00277,0.0,-1e-06,0.0,-0.002573,0.0,-0.003222,0.0,-0.001964,-0.005555,-8e-06,-2e-06,-0.005715,0.0,0.0,0.0,-0.00028,-0.003263,-0.003946,0.0,-0.001673,-0.002245,-0.006108,-0.006,0.0,-0.00515,0.0,-0.004219,-0.002263,0.0,-0.002161,-0.007291,-0.004386,-0.004042,-0.004132,-0.005796,-0.00209,-0.001157,-0.001273,0.0,-0.001037,-0.002801,-0.003036,-0.004678
2017-05-28 09:46:00+02:00,0.0,0.0,-0.00044,-0.003747,-0.000654,0.0,-0.001834,-0.002556,-0.004118,-0.0,0.0,0.0,-0.004009,-0.00338,-0.001197,-0.004895,-0.0,0.0,0.0,-0.00586,0.0,-0.005696,-0.003257,0.0,-0.005538,-0.005645,-0.002429,0.0,-0.001356,-0.0,0.0,-0.003195,0.0,-0.0024,-0.002567,0.0,-0.000809,-0.003217,0.0,-0.006167,-0.002059,0.0,-0.002528,0.0,-0.000481,-0.001753,-0.002106,-0.003947,-0.002228,0.0,0.0,-0.003284,-0.002695,-0.003561,0.0,0.0,-8.4e-05,0.0,0.0,-0.001742,-0.003539,-0.00558,-0.003379,0.0,-0.000574,-0.00518,-0.001365,-0.004128,0.0,-0.001158,-0.001788,-0.0,0.0,-0.002749,-0.002816,0.0,-0.0,0.0,-0.002584,0.0,-0.003244,0.0,-0.00197,-0.005615,-7e-06,-2e-06,-0.005747,0.0,0.0,0.0,-0.00028,-0.00329,-0.003979,0.0,-0.001692,-0.002273,-0.006151,-0.006043,0.0,-0.005208,0.0,-0.004244,-0.002263,0.0,-0.002169,-0.00732,-0.004411,-0.00409,-0.004158,-0.005836,-0.0021,-0.001158,-0.001268,0.0,-0.001041,-0.002803,-0.003052,-0.004719
2017-05-28 09:47:00+02:00,0.0,0.0,-0.000424,-0.003759,-0.000651,0.0,-0.001835,-0.002561,-0.004151,-0.0,0.0,0.0,-0.004033,-0.003425,-0.001214,-0.004916,-0.0,0.0,0.0,-0.005889,0.0,-0.005721,-0.003266,0.0,-0.005585,-0.005671,-0.002431,0.0,-0.001354,-0.0,0.0,-0.003227,0.0,-0.002431,-0.002605,0.0,-0.000817,-0.003226,0.0,-0.006226,-0.002066,0.0,-0.002527,0.0,-0.000477,-0.001751,-0.002106,-0.003957,-0.002246,0.0,0.0,-0.003302,-0.002713,-0.003588,0.0,0.0,-6.7e-05,0.0,0.0,-0.001746,-0.003556,-0.005631,-0.003388,0.0,-0.000559,-0.005202,-0.001365,-0.00414,0.0,-0.00116,-0.00179,-0.0,0.0,-0.002771,-0.002859,0.0,-0.0,0.0,-0.002592,0.0,-0.003259,0.0,-0.001969,-0.005664,-5e-06,-1e-06,-0.005774,0.0,0.0,0.0,-0.000278,-0.003308,-0.004009,0.0,-0.001708,-0.002294,-0.006181,-0.006074,0.0,-0.005256,0.0,-0.00426,-0.002262,0.0,-0.002173,-0.007349,-0.004436,-0.004129,-0.004176,-0.005865,-0.002107,-0.001155,-0.001264,0.0,-0.001041,-0.002805,-0.00306,-0.004755
2017-05-28 09:48:00+02:00,0.0,0.0,-0.000402,-0.003773,-0.000638,0.0,-0.001829,-0.002558,-0.004173,-0.0,0.0,0.0,-0.004057,-0.003461,-0.001225,-0.004943,-0.0,0.0,0.0,-0.005912,0.0,-0.005741,-0.003266,0.0,-0.005616,-0.005704,-0.002426,0.0,-0.001352,-0.0,0.0,-0.003251,0.0,-0.002454,-0.002637,0.0,-0.000811,-0.003227,0.0,-0.006269,-0.002066,0.0,-0.002522,0.0,-0.000464,-0.001749,-0.002107,-0.003964,-0.002254,0.0,0.0,-0.003317,-0.002733,-0.003615,0.0,0.0,-5.4e-05,0.0,0.0,-0.00174,-0.003569,-0.005666,-0.0034,0.0,-0.000538,-0.005231,-0.001358,-0.004148,0.0,-0.001155,-0.001788,-0.0,0.0,-0.002791,-0.002894,0.0,-0.0,0.0,-0.00259,0.0,-0.003278,0.0,-0.001969,-0.005698,-4e-06,-1e-06,-0.005798,0.0,0.0,0.0,-0.000269,-0.003331,-0.004038,0.0,-0.001725,-0.0023,-0.006219,-0.006111,0.0,-0.005289,0.0,-0.00428,-0.002258,0.0,-0.002172,-0.007377,-0.00446,-0.004152,-0.004196,-0.0059,-0.002109,-0.001151,-0.001256,0.0,-0.001031,-0.002803,-0.00307,-0.004787
2017-05-28 09:49:00+02:00,0.0,0.0,-0.000378,-0.003775,-0.000598,0.0,-0.001797,-0.002529,-0.004167,-0.0,0.0,0.0,-0.00408,-0.003474,-0.001223,-0.004953,-0.0,0.0,0.0,-0.00593,0.0,-0.005756,-0.003231,0.0,-0.005609,-0.005718,-0.002393,0.0,-0.001342,-0.0,0.0,-0.003251,0.0,-0.002458,-0.002649,0.0,-0.000781,-0.003189,0.0,-0.006269,-0.002042,0.0,-0.002513,0.0,-0.000423,-0.001737,-0.002099,-0.003967,-0.00224,0.0,0.0,-0.00333,-0.002746,-0.00364,0.0,0.0,-4.3e-05,0.0,0.0,-0.001704,-0.00358,-0.005662,-0.003399,0.0,-0.000514,-0.005243,-0.001327,-0.004153,0.0,-0.001129,-0.001785,-0.0,0.0,-0.002809,-0.002908,0.0,-0.0,0.0,-0.002554,0.0,-0.003287,0.0,-0.001958,-0.005692,-3e-06,-1e-06,-0.005802,0.0,0.0,0.0,-0.000243,-0.003344,-0.004065,0.0,-0.001735,-0.002279,-0.006237,-0.00613,0.0,-0.005282,0.0,-0.004286,-0.002251,0.0,-0.002146,-0.007403,-0.004482,-0.00414,-0.004203,-0.005917,-0.002087,-0.00114,-0.001246,0.0,-0.000991,-0.002796,-0.003068,-0.004797
2017-05-28 09:50:00+02:00,0.0,0.0,-0.000356,-0.003766,-0.000576,0.0,-0.001783,-0.002519,-0.004152,-0.0,0.0,0.0,-0.004104,-0.003482,-0.00122,-0.004952,-0.0,0.0,0.0,-0.005953,0.0,-0.005775,-0.003221,0.0,-0.00559,-0.005718,-0.00238,0.0,-0.001328,-0.0,0.0,-0.003244,0.0,-0.002458,-0.002658,0.0,-0.000748,-0.003179,0.0,-0.006262,-0.002036,0.0,-0.002508,0.0,-0.0004,-0.001719,-0.002085,-0.003974,-0.002222,0.0,0.0,-0.003345,-0.00275,-0.003666,0.0,0.0,-3.4e-05,0.0,0.0,-0.001688,-0.003593,-0.00565,-0.003389,0.0,-0.000493,-0.005243,-0.001312,-0.004161,0.0,-0.001117,-0.001783,-0.0,0.0,-0.002828,-0.002919,0.0,-0.0,0.0,-0.002542,0.0,-0.003287,0.0,-0.00194,-0.005679,-3e-06,-1e-06,-0.005797,0.0,0.0,0.0,-0.000228,-0.003347,-0.004086,0.0,-0.001741,-0.002255,-0.006238,-0.006132,0.0,-0.005265,0.0,-0.00428,-0.002247,0.0,-0.002138,-0.007431,-0.004504,-0.004122,-0.004199,-0.005918,-0.002081,-0.001124,-0.001239,0.0,-0.000971,-0.002795,-0.003057,-0.0048
2017-05-28 09:51:00+02:00,0.0,0.0,-0.000344,-0.003754,-0.000556,0.0,-0.001771,-0.00251,-0.004129,-0.0,0.0,0.0,-0.004127,-0.003485,-0.001213,-0.004943,-0.0,0.0,0.0,-0.005983,0.0,-0.005803,-0.003214,0.0,-0.005562,-0.005706,-0.002368,0.0,-0.001314,-0.0,0.0,-0.003231,0.0,-0.002453,-0.002663,0.0,-0.000712,-0.003171,0.0,-0.006245,-0.00203,0.0,-0.002512,0.0,-0.000379,-0.001701,-0.00207,-0.003985,-0.0022,0.0,0.0,-0.003364,-0.002751,-0.003692,0.0,0.0,-2.8e-05,0.0,0.0,-0.001675,-0.00361,-0.00563,-0.003377,0.0,-0.000482,-0.005233,-0.001299,-0.004174,0.0,-0.001107,-0.001788,-0.0,0.0,-0.002852,-0.002926,0.0,-0.0,0.0,-0.002532,0.0,-0.003281,0.0,-0.001924,-0.005657,-2e-06,-1e-06,-0.005779,0.0,0.0,0.0,-0.000214,-0.003344,-0.004097,0.0,-0.001746,-0.002226,-0.006227,-0.006122,0.0,-0.005238,0.0,-0.004271,-0.002249,0.0,-0.002131,-0.007459,-0.004526,-0.004097,-0.004191,-0.005908,-0.002077,-0.00111,-0.001237,0.0,-0.000954,-0.002802,-0.003045,-0.004794
2017-05-28 09:52:00+02:00,0.0,0.0,-0.000343,-0.003761,-0.000551,0.0,-0.001771,-0.002514,-0.004133,-0.0,0.0,0.0,-0.004149,-0.003506,-0.00122,-0.004952,-0.0,0.0,0.0,-0.006022,0.0,-0.005838,-0.003222,0.0,-0.005569,-0.005712,-0.002369,0.0,-0.001313,-0.0,0.0,-0.003238,0.0,-0.002464,-0.002683,0.0,-0.000702,-0.003179,0.0,-0.006264,-0.002036,0.0,-0.002526,0.0,-0.000374,-0.001701,-0.00207,-0.004004,-0.002199,0.0,0.0,-0.003389,-0.002761,-0.003717,0.0,0.0,-2.2e-05,0.0,0.0,-0.001677,-0.003633,-0.005644,-0.003383,0.0,-0.000481,-0.005241,-0.001298,-0.004194,0.0,-0.001107,-0.001799,-0.0,0.0,-0.002879,-0.002948,0.0,-0.0,0.0,-0.002538,0.0,-0.003288,0.0,-0.001924,-0.005669,-2e-06,-0.0,-0.005791,0.0,0.0,0.0,-0.00021,-0.003351,-0.004126,0.0,-0.001758,-0.002225,-0.006236,-0.006131,0.0,-0.005246,0.0,-0.004279,-0.00226,0.0,-0.002134,-0.007485,-0.004547,-0.004104,-0.004201,-0.005917,-0.002083,-0.001108,-0.001243,0.0,-0.000952,-0.002819,-0.003051,-0.004812
2017-05-28 09:53:00+02:00,0.0,0.0,-0.000333,-0.003788,-0.000536,0.0,-0.001762,-0.002509,-0.004108,-0.0,0.0,0.0,-0.004171,-0.003508,-0.001215,-0.00499,-0.0,0.0,0.0,-0.006043,0.0,-0.005856,-0.00322,0.0,-0.005538,-0.005753,-0.002363,0.0,-0.001321,-0.0,0.0,-0.003226,0.0,-0.00246,-0.002687,0.0,-0.000671,-0.003177,0.0,-0.006247,-0.002035,0.0,-0.002528,0.0,-0.000358,-0.001714,-0.002082,-0.004011,-0.002179,0.0,0.0,-0.003403,-0.002788,-0.003741,0.0,0.0,-1.8e-05,0.0,0.0,-0.001668,-0.003646,-0.005625,-0.003408,0.0,-0.000472,-0.00528,-0.001289,-0.004201,0.0,-0.0011,-0.001802,-0.0,0.0,-0.002897,-0.002954,0.0,-0.0,0.0,-0.002533,0.0,-0.003313,0.0,-0.001938,-0.005649,-1e-06,-0.0,-0.005771,0.0,0.0,0.0,-0.0002,-0.003379,-0.004132,0.0,-0.00178,-0.002199,-0.006281,-0.006176,0.0,-0.005221,0.0,-0.004311,-0.002261,0.0,-0.002132,-0.00751,-0.004562,-0.004081,-0.004235,-0.00596,-0.002083,-0.001115,-0.001242,0.0,-0.000939,-0.002824,-0.003075,-0.004804
2017-05-28 09:54:00+02:00,0.0,0.0,-0.000309,-0.003811,-0.000519,0.0,-0.001754,-0.002505,-0.004088,-0.0,0.0,0.0,-0.004193,-0.003507,-0.001209,-0.005026,-0.0,0.0,0.0,-0.006041,0.0,-0.005852,-0.003218,0.0,-0.005513,-0.005796,-0.002357,0.0,-0.001327,-0.0,0.0,-0.003216,0.0,-0.002458,-0.002691,0.0,-0.000638,-0.003176,0.0,-0.00623,-0.002034,0.0,-0.002509,0.0,-0.00034,-0.001723,-0.00209,-0.004,-0.00216,0.0,0.0,-0.003404,-0.002813,-0.003765,0.0,0.0,-1.4e-05,0.0,0.0,-0.001659,-0.003644,-0.005606,-0.003429,0.0,-0.000448,-0.005319,-0.001278,-0.004191,0.0,-0.001093,-0.001791,-0.0,0.0,-0.002904,-0.002958,0.0,-0.0,0.0,-0.002528,0.0,-0.003337,0.0,-0.001948,-0.005628,-1e-06,-0.0,-0.005745,0.0,0.0,0.0,-0.000188,-0.003407,-0.004133,0.0,-0.0018,-0.002173,-0.006329,-0.006224,0.0,-0.005203,0.0,-0.00434,-0.002244,0.0,-0.00213,-0.007533,-0.004569,-0.00406,-0.004265,-0.006005,-0.002082,-0.001119,-0.001226,0.0,-0.000925,-0.002806,-0.003095,-0.004791
2017-05-28 09:55:00+02:00,0.0,0.0,-0.000371,-0.003893,-0.000571,0.0,-0.001802,-0.002558,-0.004138,-0.0,0.0,0.0,-0.004215,-0.003566,-0.001243,-0.005121,-0.0,0.0,0.0,-0.006133,0.0,-0.00594,-0.003292,0.0,-0.005583,-0.005899,-0.00241,0.0,-0.001376,-0.0,0.0,-0.003265,0.0,-0.002504,-0.002743,0.0,-0.000688,-0.003257,0.0,-0.006319,-0.002084,0.0,-0.002581,0.0,-0.000391,-0.001792,-0.002145,-0.004059,-0.002203,0.0,0.0,-0.003461,-0.002872,-0.003789,0.0,0.0,-5.7e-05,0.0,0.0,-0.001721,-0.003702,-0.005687,-0.003507,0.0,-0.000511,-0.005418,-0.001323,-0.004251,0.0,-0.001134,-0.00184,-0.0,0.0,-0.002958,-0.003013,0.0,-0.0,0.0,-0.0026,0.0,-0.0034,0.0,-0.002017,-0.005707,-1e-06,-0.0,-0.005785,0.0,0.0,0.0,-0.000221,-0.003471,-0.004167,0.0,-0.001847,-0.002231,-0.00644,-0.006334,0.0,-0.005281,0.0,-0.004428,-0.002298,0.0,-0.002181,-0.00756,-0.004593,-0.004134,-0.004355,-0.006111,-0.002132,-0.001167,-0.001273,0.0,-0.000981,-0.002881,-0.003173,-0.004839
2017-05-28 09:56:00+02:00,0.0,0.0,-0.000439,-0.00395,-0.000596,0.0,-0.001823,-0.002581,-0.004199,-0.0,0.0,0.0,-0.004236,-0.003634,-0.00128,-0.00519,-0.0,0.0,0.0,-0.006228,0.0,-0.006031,-0.003324,0.0,-0.005668,-0.005972,-0.002432,0.0,-0.001409,-0.0,0.0,-0.003323,0.0,-0.002556,-0.002803,0.0,-0.000744,-0.003292,0.0,-0.006429,-0.002106,0.0,-0.002658,0.0,-0.000415,-0.001838,-0.002182,-0.004122,-0.002255,0.0,0.0,-0.00352,-0.002916,-0.003812,0.0,0.0,-0.00011,0.0,0.0,-0.001752,-0.003763,-0.005785,-0.003563,0.0,-0.00058,-0.005488,-0.001344,-0.004315,0.0,-0.001154,-0.001893,-0.0,0.0,-0.003014,-0.003078,0.0,-0.0,0.0,-0.002634,0.0,-0.003446,0.0,-0.002063,-0.005804,-1e-06,-0.0,-0.005818,0.0,0.0,0.0,-0.000238,-0.003519,-0.004198,0.0,-0.001883,-0.002297,-0.00652,-0.006413,0.0,-0.005373,0.0,-0.00449,-0.002356,0.0,-0.002203,-0.007583,-0.004614,-0.00422,-0.004421,-0.006187,-0.002155,-0.001198,-0.001325,0.0,-0.001009,-0.002962,-0.003229,-0.00488
2017-05-28 09:57:00+02:00,0.0,0.0,-0.000472,-0.00399,-0.000599,0.0,-0.001827,-0.002588,-0.004241,-0.0,0.0,0.0,-0.004256,-0.003691,-0.001305,-0.005241,-0.0,0.0,0.0,-0.00628,0.0,-0.006079,-0.003336,0.0,-0.005725,-0.00603,-0.002436,0.0,-0.001427,-0.0,0.0,-0.003364,0.0,-0.002595,-0.002849,0.0,-0.000772,-0.003305,0.0,-0.006508,-0.002115,0.0,-0.002697,0.0,-0.000417,-0.001864,-0.002205,-0.004153,-0.002286,0.0,0.0,-0.003554,-0.00295,-0.003835,0.0,0.0,-0.000129,0.0,0.0,-0.00176,-0.003797,-0.005854,-0.0036,0.0,-0.000613,-0.005543,-0.001348,-0.004346,0.0,-0.001159,-0.001921,-0.0,0.0,-0.003048,-0.00313,0.0,-0.0,0.0,-0.002644,0.0,-0.003482,0.0,-0.00209,-0.005871,-1e-06,-0.0,-0.005846,0.0,0.0,0.0,-0.000239,-0.003557,-0.004226,0.0,-0.001911,-0.002335,-0.006585,-0.006477,0.0,-0.005436,0.0,-0.004535,-0.002385,0.0,-0.00221,-0.007606,-0.004636,-0.004277,-0.004468,-0.006248,-0.002164,-0.001216,-0.001351,0.0,-0.001014,-0.003003,-0.003265,-0.004917
2017-05-28 09:58:00+02:00,0.0,0.0,-0.000484,-0.004013,-0.000571,0.0,-0.001804,-0.002566,-0.004262,-0.0,0.0,0.0,-0.004278,-0.00373,-0.001319,-0.005277,-0.0,0.0,0.0,-0.006312,0.0,-0.006108,-0.003311,0.0,-0.005758,-0.006073,-0.00241,0.0,-0.001433,-0.0,0.0,-0.003389,0.0,-0.00262,-0.002882,0.0,-0.000775,-0.003276,0.0,-0.006556,-0.002096,0.0,-0.002715,0.0,-0.000389,-0.001874,-0.002213,-0.004167,-0.002297,0.0,0.0,-0.003574,-0.002975,-0.003859,0.0,0.0,-0.000129,0.0,0.0,-0.001736,-0.003815,-0.005895,-0.003622,0.0,-0.000626,-0.005581,-0.001326,-0.00436,0.0,-0.001141,-0.001934,-0.0,0.0,-0.003072,-0.003167,0.0,-0.0,0.0,-0.002618,0.0,-0.003505,0.0,-0.002101,-0.00591,-0.0,-0.0,-0.005869,0.0,0.0,0.0,-0.000221,-0.003585,-0.004253,0.0,-0.001932,-0.00235,-0.00663,-0.006523,0.0,-0.005473,0.0,-0.004564,-0.002397,0.0,-0.002189,-0.007632,-0.004656,-0.004307,-0.004498,-0.006292,-0.002147,-0.00122,-0.001362,0.0,-0.000987,-0.003024,-0.003285,-0.004949
2017-05-28 09:59:00+02:00,0.0,0.0,-0.000502,-0.004037,-0.000564,0.0,-0.001799,-0.002564,-0.004289,-0.0,0.0,0.0,-0.0043,-0.003778,-0.001338,-0.005312,-0.0,0.0,0.0,-0.006357,0.0,-0.006149,-0.003314,0.0,-0.0058,-0.006114,-0.002405,0.0,-0.00144,-0.0,0.0,-0.003419,0.0,-0.002651,-0.002923,0.0,-0.000788,-0.003278,0.0,-0.006621,-0.002097,0.0,-0.002742,0.0,-0.000381,-0.001885,-0.002222,-0.004189,-0.002317,0.0,0.0,-0.003601,-0.002999,-0.003884,0.0,0.0,-0.000137,0.0,0.0,-0.001735,-0.00384,-0.00595,-0.003644,0.0,-0.000645,-0.005618,-0.001322,-0.004382,0.0,-0.001139,-0.001952,-0.0,0.0,-0.003102,-0.003212,0.0,-0.0,0.0,-0.00262,0.0,-0.003527,0.0,-0.002113,-0.005963,-0.0,-0.0,-0.00589,0.0,0.0,0.0,-0.000215,-0.003611,-0.00428,0.0,-0.001952,-0.002375,-0.006675,-0.006568,0.0,-0.005522,0.0,-0.004593,-0.002415,0.0,-0.002188,-0.00766,-0.004677,-0.004348,-0.004528,-0.006336,-0.002149,-0.001226,-0.001379,0.0,-0.000982,-0.003054,-0.003306,-0.004979
2017-05-28 10:00:00+02:00,0.0,0.0,-0.000503,-0.004044,-0.000567,0.0,-0.001807,-0.002576,-0.004303,-0.0,0.0,0.0,-0.004323,-0.003817,-0.001351,-0.005327,-0.0,0.0,0.0,-0.006382,0.0,-0.006172,-0.003336,0.0,-0.005825,-0.006135,-0.002416,0.0,-0.001435,-0.0,0.0,-0.00344,0.0,-0.002673,-0.002956,0.0,-0.000788,-0.003301,0.0,-0.006669,-0.002111,0.0,-0.002753,0.0,-0.000383,-0.001881,-0.002218,-0.004196,-0.002327,0.0,0.0,-0.003615,-0.003013,-0.003909,0.0,0.0,-0.00013,0.0,0.0,-0.001746,-0.003853,-0.00599,-0.003649,0.0,-0.000647,-0.005635,-0.001328,-0.00439,0.0,-0.001145,-0.00196,-0.0,0.0,-0.003122,-0.003249,0.0,-0.0,0.0,-0.002638,0.0,-0.003537,0.0,-0.00211,-0.006001,-0.0,-0.0,-0.005909,0.0,0.0,0.0,-0.000216,-0.003624,-0.004307,0.0,-0.001965,-0.002387,-0.006697,-0.006591,0.0,-0.005554,0.0,-0.004604,-0.00242,0.0,-0.002201,-0.00769,-0.004699,-0.004375,-0.00454,-0.006358,-0.002164,-0.00122,-0.001384,0.0,-0.000988,-0.003067,-0.003311,-0.005007
2017-05-28 10:01:00+02:00,0.0,0.0,-0.00051,-0.004065,-0.000565,0.0,-0.001812,-0.002587,-0.004232,-0.0,0.0,0.0,-0.004344,-0.00378,-0.00132,-0.005359,-0.0,0.0,0.0,-0.006427,0.0,-0.006213,-0.003354,0.0,-0.005731,-0.006172,-0.002425,0.0,-0.00144,-0.0,0.0,-0.003387,0.0,-0.002634,-0.002921,0.0,-0.000712,-0.003321,0.0,-0.006568,-0.002123,0.0,-0.002774,0.0,-0.00038,-0.001889,-0.002225,-0.004216,-0.002265,0.0,0.0,-0.003642,-0.003035,-0.003929,0.0,0.0,-0.000128,0.0,0.0,-0.001753,-0.003879,-0.005887,-0.003668,0.0,-0.000654,-0.005669,-0.00133,-0.004412,0.0,-0.001149,-0.001975,-0.0,0.0,-0.003152,-0.003218,0.0,-0.0,0.0,-0.002653,0.0,-0.003557,0.0,-0.002118,-0.005896,-0.0,-0.0,-0.005859,0.0,0.0,0.0,-0.000214,-0.003649,-0.004299,0.0,-0.001985,-0.00231,-0.006738,-0.006632,0.0,-0.005464,0.0,-0.00463,-0.002435,0.0,-0.002212,-0.007706,-0.004701,-0.004285,-0.004567,-0.006398,-0.002176,-0.001224,-0.001395,0.0,-0.00099,-0.003091,-0.003329,-0.00497
2017-05-28 10:02:00+02:00,0.0,0.0,-0.000519,-0.004094,-0.000571,0.0,-0.001824,-0.002603,-0.004156,-0.0,0.0,0.0,-0.004356,-0.003746,-0.001292,-0.0054,-0.0,0.0,0.0,-0.006475,0.0,-0.006257,-0.003381,0.0,-0.005632,-0.006217,-0.00244,0.0,-0.001449,-0.0,0.0,-0.003333,0.0,-0.002596,-0.002891,0.0,-0.000644,-0.00335,0.0,-0.006478,-0.002141,0.0,-0.002797,0.0,-0.000384,-0.001904,-0.002237,-0.004239,-0.002209,0.0,0.0,-0.003671,-0.003063,-0.003941,0.0,0.0,-0.00013,0.0,0.0,-0.001769,-0.003906,-0.005794,-0.003695,0.0,-0.000663,-0.005712,-0.001338,-0.004435,0.0,-0.001158,-0.001992,-0.0,0.0,-0.003184,-0.003191,0.0,-0.0,0.0,-0.002676,0.0,-0.003584,0.0,-0.002134,-0.005801,-0.0,-0.0,-0.005808,0.0,0.0,0.0,-0.000217,-0.003678,-0.004286,0.0,-0.002008,-0.002241,-0.006787,-0.006681,0.0,-0.005374,0.0,-0.004665,-0.002451,0.0,-0.00223,-0.007707,-0.004695,-0.004202,-0.004603,-0.006446,-0.002194,-0.001232,-0.001407,0.0,-0.001,-0.003117,-0.003354,-0.004934
2017-05-28 10:03:00+02:00,0.0,0.0,-0.000549,-0.004135,-0.000603,0.0,-0.001856,-0.00264,-0.004137,-0.0,0.0,0.0,-0.004382,-0.003751,-0.001291,-0.005451,-0.0,0.0,0.0,-0.006547,0.0,-0.006325,-0.003435,0.0,-0.00561,-0.006272,-0.002476,0.0,-0.001468,-0.0,0.0,-0.003324,0.0,-0.002595,-0.002895,0.0,-0.000629,-0.003408,0.0,-0.006462,-0.002177,0.0,-0.002843,0.0,-0.000415,-0.001933,-0.002259,-0.004279,-0.002196,0.0,0.0,-0.003714,-0.003096,-0.00397,0.0,0.0,-0.000157,0.0,0.0,-0.001811,-0.003949,-0.005773,-0.003734,0.0,-0.000695,-0.005766,-0.001367,-0.004477,0.0,-0.001185,-0.002024,-0.0,0.0,-0.003228,-0.003198,0.0,-0.0,0.0,-0.002728,0.0,-0.003617,0.0,-0.002164,-0.005779,-0.0,-0.0,-0.00581,0.0,0.0,0.0,-0.000237,-0.003713,-0.004312,0.0,-0.002037,-0.002227,-0.006846,-0.006741,0.0,-0.005357,0.0,-0.004711,-0.002484,0.0,-0.002266,-0.007746,-0.004726,-0.004187,-0.004651,-0.006503,-0.002229,-0.00125,-0.001435,0.0,-0.001037,-0.003167,-0.003393,-0.004943
2017-05-28 10:04:00+02:00,0.0,0.0,-0.000557,-0.004164,-0.000609,0.0,-0.001866,-0.002655,-0.004129,-0.0,0.0,0.0,-0.004408,-0.003756,-0.001289,-0.005493,-0.0,0.0,0.0,-0.006597,0.0,-0.006372,-0.00346,0.0,-0.005604,-0.006321,-0.002489,0.0,-0.001477,-0.0,0.0,-0.003322,0.0,-0.002597,-0.002901,0.0,-0.000606,-0.003434,0.0,-0.006451,-0.002193,0.0,-0.002866,0.0,-0.00042,-0.001947,-0.00227,-0.004303,-0.002183,0.0,0.0,-0.003744,-0.003124,-0.004,0.0,0.0,-0.000159,0.0,0.0,-0.001826,-0.003978,-0.005758,-0.003761,0.0,-0.000704,-0.00581,-0.001374,-0.004502,0.0,-0.001194,-0.00204,-0.0,0.0,-0.00326,-0.003206,0.0,-0.0,0.0,-0.00275,0.0,-0.003644,0.0,-0.002179,-0.005761,-0.0,-0.0,-0.005809,0.0,0.0,0.0,-0.00024,-0.003743,-0.004333,0.0,-0.00206,-0.002211,-0.006898,-0.006793,0.0,-0.005353,0.0,-0.004746,-0.0025,0.0,-0.002282,-0.007784,-0.004753,-0.004174,-0.004687,-0.006554,-0.002246,-0.001257,-0.001447,0.0,-0.001046,-0.003193,-0.003419,-0.00495
2017-05-28 10:05:00+02:00,0.0,0.0,-0.00055,-0.004174,-0.000598,0.0,-0.001862,-0.002655,-0.00409,-0.0,0.0,0.0,-0.004406,-0.003733,-0.00127,-0.005514,-0.0,0.0,0.0,-0.006634,0.0,-0.006406,-0.003465,0.0,-0.005555,-0.006346,-0.002487,0.0,-0.001473,-0.0,0.0,-0.003293,0.0,-0.002578,-0.002884,0.0,-0.00055,-0.00344,0.0,-0.006391,-0.002196,0.0,-0.002876,0.0,-0.000408,-0.001944,-0.002268,-0.004317,-0.002143,0.0,0.0,-0.003766,-0.00314,-0.003999,0.0,0.0,-0.000145,0.0,0.0,-0.001822,-0.003998,-0.005698,-0.003769,0.0,-0.000697,-0.005832,-0.001368,-0.004518,0.0,-0.00119,-0.002048,-0.0,0.0,-0.003286,-0.00319,0.0,-0.0,0.0,-0.002752,0.0,-0.003656,0.0,-0.002177,-0.0057,-0.0,-0.0,-0.005759,0.0,0.0,0.0,-0.000232,-0.003758,-0.004315,0.0,-0.002074,-0.00216,-0.006924,-0.00682,0.0,-0.005303,0.0,-0.004761,-0.002505,0.0,-0.002283,-0.007764,-0.004736,-0.00412,-0.004702,-0.006581,-0.002249,-0.001252,-0.001449,0.0,-0.001038,-0.003206,-0.003425,-0.004916
2017-05-28 10:06:00+02:00,0.0,0.0,-0.000519,-0.00421,-0.000564,0.0,-0.001836,-0.002634,-0.004042,-0.0,0.0,0.0,-0.004385,-0.003698,-0.001247,-0.005568,-0.0,0.0,0.0,-0.006632,0.0,-0.006403,-0.003443,0.0,-0.005495,-0.00641,-0.002462,0.0,-0.00148,-0.0,0.0,-0.003256,0.0,-0.002552,-0.00286,0.0,-0.000485,-0.003414,0.0,-0.006316,-0.002178,0.0,-0.002858,0.0,-0.000373,-0.001957,-0.00228,-0.004302,-0.002095,0.0,0.0,-0.003763,-0.003174,-0.003981,0.0,0.0,-0.000116,0.0,0.0,-0.001792,-0.003993,-0.005626,-0.003801,0.0,-0.000666,-0.00589,-0.001342,-0.004504,0.0,-0.001167,-0.002036,-0.0,0.0,-0.003291,-0.003164,0.0,-0.0,0.0,-0.002724,0.0,-0.003689,0.0,-0.002192,-0.005626,-0.0,-0.0,-0.005688,0.0,0.0,0.0,-0.000209,-0.003797,-0.004281,0.0,-0.002101,-0.0021,-0.006993,-0.006889,0.0,-0.005242,0.0,-0.004805,-0.002488,0.0,-0.002264,-0.007711,-0.004698,-0.004054,-0.004746,-0.006648,-0.002233,-0.001257,-0.001432,0.0,-0.001004,-0.00319,-0.003455,-0.004864
2017-05-28 10:07:00+02:00,0.0,0.0,-0.000508,-0.004265,-0.000545,0.0,-0.001822,-0.002624,-0.004018,-0.0,0.0,0.0,-0.004384,-0.003685,-0.001239,-0.00564,-0.0,0.0,0.0,-0.006642,0.0,-0.00641,-0.003438,0.0,-0.005469,-0.006493,-0.00245,0.0,-0.001502,-0.0,0.0,-0.003241,0.0,-0.002545,-0.002855,0.0,-0.000452,-0.003406,0.0,-0.006282,-0.00217,0.0,-0.002858,0.0,-0.000354,-0.001991,-0.002307,-0.004295,-0.002072,0.0,0.0,-0.003767,-0.003219,-0.003984,0.0,0.0,-9.8e-05,0.0,0.0,-0.001779,-0.003993,-0.005594,-0.003853,0.0,-0.000656,-0.005967,-0.001328,-0.004497,0.0,-0.001156,-0.002035,-0.0,0.0,-0.003302,-0.003158,0.0,-0.0,0.0,-0.002714,0.0,-0.003734,0.0,-0.002227,-0.005592,-0.0,-0.0,-0.005648,0.0,0.0,0.0,-0.000196,-0.003846,-0.004269,0.0,-0.002137,-0.002072,-0.00708,-0.006977,0.0,-0.005219,0.0,-0.004868,-0.002484,0.0,-0.002256,-0.007698,-0.004685,-0.004026,-0.004809,-0.006734,-0.002228,-0.001278,-0.001429,0.0,-0.000986,-0.003192,-0.003504,-0.004839
2017-05-28 10:08:00+02:00,0.0,0.0,-0.000502,-0.004307,-0.000538,0.0,-0.001817,-0.002621,-0.003986,-0.0,0.0,0.0,-0.004359,-0.003654,-0.001227,-0.005692,-0.0,0.0,0.0,-0.006643,0.0,-0.006412,-0.003442,0.0,-0.005434,-0.00655,-0.002447,0.0,-0.001523,-0.0,0.0,-0.003217,0.0,-0.002528,-0.002836,0.0,-0.000421,-0.003409,0.0,-0.006225,-0.002169,0.0,-0.002856,0.0,-0.000347,-0.002024,-0.002329,-0.004285,-0.002043,0.0,0.0,-0.003764,-0.003248,-0.003963,0.0,0.0,-8.8e-05,0.0,0.0,-0.001776,-0.003987,-0.005543,-0.003894,0.0,-0.00065,-0.006021,-0.001322,-0.004486,0.0,-0.001152,-0.002031,-0.0,0.0,-0.003306,-0.003136,0.0,-0.0,0.0,-0.002714,0.0,-0.003763,0.0,-0.00226,-0.005539,-0.0,-0.0,-0.005585,0.0,0.0,0.0,-0.000191,-0.003878,-0.004235,0.0,-0.002164,-0.002041,-0.007134,-0.007031,0.0,-0.005181,0.0,-0.004915,-0.002476,0.0,-0.002255,-0.007648,-0.004647,-0.003984,-0.004855,-0.006791,-0.002228,-0.001298,-0.001424,0.0,-0.00098,-0.003191,-0.003544,-0.004791
2017-05-28 10:09:00+02:00,0.0,0.0,-0.000456,-0.004291,-0.000484,0.0,-0.001773,-0.002578,-0.003914,-0.0,0.0,0.0,-0.004293,-0.00359,-0.001189,-0.005683,-0.0,0.0,0.0,-0.006612,0.0,-0.006381,-0.003392,0.0,-0.005342,-0.006543,-0.002404,0.0,-0.001505,-0.0,0.0,-0.003158,0.0,-0.002482,-0.002789,0.0,-0.000337,-0.003357,0.0,-0.006103,-0.002134,0.0,-0.002815,0.0,-0.000294,-0.002003,-0.002309,-0.00425,-0.001975,0.0,0.0,-0.003744,-0.003245,-0.003906,0.0,0.0,-7e-05,0.0,0.0,-0.001719,-0.003964,-0.00543,-0.003877,0.0,-0.000604,-0.006013,-0.001277,-0.004452,0.0,-0.001112,-0.002003,-0.0,0.0,-0.003296,-0.003086,0.0,-0.0,0.0,-0.002661,0.0,-0.003754,0.0,-0.002239,-0.005425,-0.0,-0.0,-0.00547,0.0,0.0,0.0,-0.000156,-0.003873,-0.004164,0.0,-0.002164,-0.001955,-0.007123,-0.007022,0.0,-0.005083,0.0,-0.004903,-0.002441,0.0,-0.002218,-0.007524,-0.004569,-0.003883,-0.004841,-0.006784,-0.002194,-0.001279,-0.001392,0.0,-0.000925,-0.00315,-0.003527,-0.0047
2017-05-28 10:10:00+02:00,0.0,0.0,-0.000448,-0.004326,-0.000475,0.0,-0.001769,-0.002578,-0.003926,-0.0,0.0,0.0,-0.004311,-0.0036,-0.001195,-0.005731,-0.0,0.0,0.0,-0.006657,0.0,-0.006423,-0.003399,0.0,-0.005364,-0.006599,-0.002401,0.0,-0.001516,-0.0,0.0,-0.00317,0.0,-0.002496,-0.002803,0.0,-0.000328,-0.003363,0.0,-0.006113,-0.002136,0.0,-0.002826,0.0,-0.000284,-0.002022,-0.002323,-0.004268,-0.001974,0.0,0.0,-0.003769,-0.003276,-0.003925,0.0,0.0,-5.6e-05,0.0,0.0,-0.001716,-0.003987,-0.005439,-0.00391,0.0,-0.000597,-0.006065,-0.001271,-0.004471,0.0,-0.001108,-0.002011,-0.0,0.0,-0.003325,-0.0031,0.0,-0.0,0.0,-0.002663,0.0,-0.003784,0.0,-0.00226,-0.005431,-0.0,-0.0,-0.005463,0.0,0.0,0.0,-0.000149,-0.003906,-0.004175,0.0,-0.00219,-0.001955,-0.00718,-0.007081,0.0,-0.005103,0.0,-0.004944,-0.002447,0.0,-0.002219,-0.007545,-0.004579,-0.003891,-0.004882,-0.006842,-0.002197,-0.001289,-0.001393,0.0,-0.000917,-0.003165,-0.003558,-0.004703
2017-05-28 10:11:00+02:00,0.0,0.0,-0.0004,-0.004299,-0.000429,0.0,-0.001728,-0.002536,-0.003906,-0.0,0.0,0.0,-0.004301,-0.003588,-0.001183,-0.005709,-0.0,0.0,0.0,-0.006627,0.0,-0.006395,-0.003351,0.0,-0.005346,-0.006579,-0.002358,0.0,-0.00149,-0.0,0.0,-0.003155,0.0,-0.002486,-0.002796,0.0,-0.00029,-0.003309,0.0,-0.006083,-0.002101,0.0,-0.002784,0.0,-0.000238,-0.001989,-0.002294,-0.004233,-0.001948,0.0,0.0,-0.003748,-0.003263,-0.003919,0.0,0.0,-4.5e-05,0.0,0.0,-0.001666,-0.003962,-0.005411,-0.003882,0.0,-0.000548,-0.006043,-0.001231,-0.004437,0.0,-0.001073,-0.001981,-0.0,0.0,-0.003312,-0.003093,0.0,-0.0,0.0,-0.002611,0.0,-0.003764,0.0,-0.002228,-0.005402,-0.0,-0.0,-0.005427,0.0,0.0,0.0,-0.00012,-0.00389,-0.00416,0.0,-0.002182,-0.001923,-0.007151,-0.007055,0.0,-0.00508,0.0,-0.004919,-0.002411,0.0,-0.002182,-0.007525,-0.004561,-0.003858,-0.004853,-0.006821,-0.002163,-0.001263,-0.00136,0.0,-0.000869,-0.003123,-0.003529,-0.004679
2017-05-28 10:12:00+02:00,0.0,0.0,-0.000321,-0.004228,-0.000355,0.0,-0.001667,-0.002476,-0.003883,-0.0,0.0,0.0,-0.004292,-0.003577,-0.001165,-0.005638,-0.0,0.0,0.0,-0.006561,0.0,-0.006329,-0.003278,0.0,-0.00532,-0.006507,-0.002295,0.0,-0.001436,-0.0,0.0,-0.003139,0.0,-0.002475,-0.002788,0.0,-0.000232,-0.003228,0.0,-0.006047,-0.002049,0.0,-0.002711,0.0,-0.00019,-0.001917,-0.002235,-0.004174,-0.001913,0.0,0.0,-0.003706,-0.003225,-0.003914,0.0,0.0,-3.6e-05,0.0,0.0,-0.00159,-0.003915,-0.005374,-0.003813,0.0,-0.00047,-0.005972,-0.001172,-0.004377,0.0,-0.00102,-0.001932,-0.0,0.0,-0.003284,-0.003086,0.0,-0.0,0.0,-0.002534,0.0,-0.003715,0.0,-0.002158,-0.005363,-0.0,-0.0,-0.005388,0.0,0.0,0.0,-9.6e-05,-0.003846,-0.004147,0.0,-0.002156,-0.001876,-0.007073,-0.006979,0.0,-0.005051,0.0,-0.004849,-0.002352,0.0,-0.002126,-0.007501,-0.004544,-0.003815,-0.004781,-0.006749,-0.002112,-0.00121,-0.001306,0.0,-0.000792,-0.00305,-0.003459,-0.004654
2017-05-28 10:13:00+02:00,0.0,0.0,-0.000327,-0.004268,-0.000384,0.0,-0.001697,-0.002512,-0.003982,-0.0,0.0,0.0,-0.004362,-0.003665,-0.001217,-0.005686,-0.0,0.0,0.0,-0.006609,0.0,-0.006374,-0.003333,0.0,-0.005463,-0.006558,-0.002329,0.0,-0.001454,-0.0,0.0,-0.003227,0.0,-0.00255,-0.002866,0.0,-0.000303,-0.003285,0.0,-0.006193,-0.002085,0.0,-0.002733,0.0,-0.000213,-0.001945,-0.002255,-0.004194,-0.001982,0.0,0.0,-0.003732,-0.003255,-0.003986,0.0,0.0,-2.9e-05,0.0,0.0,-0.001631,-0.003939,-0.005509,-0.003851,0.0,-0.000477,-0.00602,-0.001198,-0.004398,0.0,-0.001045,-0.001946,-0.0,0.0,-0.003314,-0.003168,0.0,-0.0,0.0,-0.002584,0.0,-0.003744,0.0,-0.002186,-0.005496,-0.0,-0.0,-0.005495,0.0,0.0,0.0,-0.000109,-0.003875,-0.004245,0.0,-0.002184,-0.001966,-0.007125,-0.007032,0.0,-0.005194,0.0,-0.004894,-0.002365,0.0,-0.002162,-0.007627,-0.004631,-0.003935,-0.004826,-0.006802,-0.002148,-0.001226,-0.001315,0.0,-0.000827,-0.003075,-0.003496,-0.004756
2017-05-28 10:14:00+02:00,0.0,0.0,-0.000294,-0.004266,-0.000369,0.0,-0.00169,-0.00251,-0.00404,-0.0,0.0,0.0,-0.004418,-0.003725,-0.001246,-0.005691,-0.0,0.0,0.0,-0.006591,0.0,-0.006356,-0.003336,0.0,-0.005551,-0.006566,-0.002325,0.0,-0.001443,-0.0,0.0,-0.003281,0.0,-0.002597,-0.002917,0.0,-0.00033,-0.003287,0.0,-0.006285,-0.002086,0.0,-0.002702,0.0,-0.000192,-0.001932,-0.002244,-0.004168,-0.002017,0.0,0.0,-0.003718,-0.00326,-0.004045,0.0,0.0,-2.3e-05,0.0,0.0,-0.001622,-0.003922,-0.005593,-0.003848,0.0,-0.000443,-0.006026,-0.001188,-0.004372,0.0,-0.001038,-0.001924,-0.0,0.0,-0.003309,-0.003225,0.0,-0.0,0.0,-0.002582,0.0,-0.003744,0.0,-0.002175,-0.005577,-0.0,-0.0,-0.005561,0.0,0.0,0.0,-9.3e-05,-0.003878,-0.004312,0.0,-0.00219,-0.002012,-0.00713,-0.007039,0.0,-0.00528,0.0,-0.004896,-0.002338,0.0,-0.002161,-0.007728,-0.0047,-0.004003,-0.004827,-0.006811,-0.002148,-0.001214,-0.001292,0.0,-0.000815,-0.003044,-0.003491,-0.004823
2017-05-28 10:15:00+02:00,0.0,0.0,-0.000269,-0.004279,-0.000379,0.0,-0.001703,-0.002526,-0.004067,-0.0,0.0,0.0,-0.004457,-0.003752,-0.00126,-0.005711,-0.0,0.0,0.0,-0.00658,0.0,-0.006345,-0.003368,0.0,-0.005597,-0.006589,-0.00234,0.0,-0.001442,-0.0,0.0,-0.003308,0.0,-0.002622,-0.002944,0.0,-0.000337,-0.003317,0.0,-0.006325,-0.002105,0.0,-0.002679,0.0,-0.000198,-0.001935,-0.002243,-0.004147,-0.002029,0.0,0.0,-0.003708,-0.003273,-0.004083,0.0,0.0,-1.8e-05,0.0,0.0,-0.001641,-0.003908,-0.005629,-0.00386,0.0,-0.000418,-0.006047,-0.001198,-0.00435,0.0,-0.001048,-0.001907,-0.0,0.0,-0.003308,-0.003253,0.0,-0.0,0.0,-0.002608,0.0,-0.003753,0.0,-0.002179,-0.005612,-0.0,-0.0,-0.005576,0.0,0.0,0.0,-9.6e-05,-0.00389,-0.004338,0.0,-0.002204,-0.002031,-0.007151,-0.007061,0.0,-0.005325,0.0,-0.004913,-0.002315,0.0,-0.002178,-0.007789,-0.004729,-0.004033,-0.004843,-0.006835,-0.002166,-0.001213,-0.001275,0.0,-0.000829,-0.003021,-0.003502,-0.004845
2017-05-28 10:16:00+02:00,0.0,0.0,-0.000245,-0.004289,-0.000386,0.0,-0.001713,-0.002542,-0.004076,-0.0,0.0,0.0,-0.004475,-0.003763,-0.001265,-0.005728,-0.0,0.0,0.0,-0.006566,0.0,-0.006331,-0.003396,0.0,-0.005619,-0.006611,-0.002354,0.0,-0.001439,-0.0,0.0,-0.00332,0.0,-0.002635,-0.002958,0.0,-0.000327,-0.003346,0.0,-0.006337,-0.002122,0.0,-0.002658,0.0,-0.000201,-0.001935,-0.00224,-0.004124,-0.002028,0.0,0.0,-0.003695,-0.003284,-0.004102,0.0,0.0,-1.5e-05,0.0,0.0,-0.001656,-0.003892,-0.005641,-0.003868,0.0,-0.000395,-0.006066,-0.001206,-0.004327,0.0,-0.001056,-0.001892,-0.0,0.0,-0.003305,-0.003267,0.0,-0.0,0.0,-0.002631,0.0,-0.00376,0.0,-0.002179,-0.005622,-0.0,-0.0,-0.005568,0.0,0.0,0.0,-9.7e-05,-0.0039,-0.004347,0.0,-0.002216,-0.00203,-0.00717,-0.007082,0.0,-0.005345,0.0,-0.004926,-0.002294,0.0,-0.002194,-0.007813,-0.004738,-0.004041,-0.004855,-0.006857,-0.002183,-0.001209,-0.001258,0.0,-0.00084,-0.003,-0.003509,-0.004847
2017-05-28 10:17:00+02:00,0.0,0.0,-0.000222,-0.004294,-0.000396,0.0,-0.001725,-0.002558,-0.004081,-0.0,0.0,0.0,-0.004503,-0.003784,-0.001271,-0.00574,-0.0,0.0,0.0,-0.006559,0.0,-0.006324,-0.003425,0.0,-0.005633,-0.006627,-0.002369,0.0,-0.001434,-0.0,0.0,-0.003331,0.0,-0.002648,-0.002977,0.0,-0.000319,-0.003376,0.0,-0.006361,-0.002141,0.0,-0.002633,0.0,-0.000207,-0.001931,-0.002235,-0.004107,-0.002028,0.0,0.0,-0.003689,-0.003293,-0.004131,0.0,0.0,-1.2e-05,0.0,0.0,-0.001674,-0.003882,-0.005661,-0.003872,0.0,-0.000371,-0.006079,-0.001216,-0.00431,0.0,-0.001067,-0.001874,-0.0,0.0,-0.003306,-0.003289,0.0,-0.0,0.0,-0.002656,0.0,-0.003765,0.0,-0.002177,-0.00564,-0.0,-0.0,-0.005576,0.0,0.0,0.0,-0.0001,-0.003909,-0.004367,0.0,-0.002226,-0.002032,-0.007185,-0.007099,0.0,-0.005363,0.0,-0.004935,-0.002271,0.0,-0.002212,-0.007855,-0.004759,-0.004051,-0.004863,-0.006875,-0.0022,-0.001203,-0.001241,0.0,-0.000853,-0.002975,-0.003513,-0.004863
2017-05-28 10:18:00+02:00,0.0,0.0,-0.000244,-0.004325,-0.000418,0.0,-0.001744,-0.002579,-0.004073,-0.0,0.0,0.0,-0.004528,-0.003803,-0.001272,-0.005783,-0.0,0.0,0.0,-0.00662,0.0,-0.006382,-0.00346,0.0,-0.005627,-0.006678,-0.00239,0.0,-0.001445,-0.0,0.0,-0.003329,0.0,-0.002652,-0.002992,0.0,-0.000312,-0.003412,0.0,-0.006376,-0.002164,0.0,-0.002667,0.0,-0.000226,-0.00195,-0.002248,-0.004138,-0.002023,0.0,0.0,-0.003724,-0.00332,-0.004156,0.0,0.0,-9e-06,0.0,0.0,-0.001703,-0.003917,-0.005671,-0.003902,0.0,-0.000394,-0.006124,-0.001233,-0.004342,0.0,-0.001084,-0.001896,-0.0,0.0,-0.003342,-0.003308,0.0,-0.0,0.0,-0.002689,0.0,-0.003791,0.0,-0.002196,-0.005648,-0.0,-0.0,-0.005583,0.0,0.0,0.0,-0.000112,-0.003939,-0.004386,0.0,-0.002249,-0.002028,-0.007236,-0.00715,0.0,-0.005362,0.0,-0.004972,-0.002294,0.0,-0.002233,-0.007891,-0.004778,-0.00405,-0.004899,-0.006928,-0.002222,-0.001214,-0.001261,0.0,-0.000879,-0.003011,-0.003541,-0.004877
2017-05-28 10:19:00+02:00,0.0,0.0,-0.000228,-0.004335,-0.000425,0.0,-0.00175,-0.002586,-0.004096,-0.0,0.0,0.0,-0.004561,-0.003839,-0.001286,-0.005801,-0.0,0.0,0.0,-0.006599,0.0,-0.006361,-0.003475,0.0,-0.005663,-0.006703,-0.002396,0.0,-0.001445,-0.0,0.0,-0.003354,0.0,-0.002676,-0.003022,0.0,-0.000322,-0.003427,0.0,-0.006424,-0.002173,0.0,-0.002648,0.0,-0.000232,-0.001952,-0.002248,-0.004116,-0.002036,0.0,0.0,-0.00371,-0.003333,-0.004193,0.0,0.0,-8e-06,0.0,0.0,-0.001714,-0.003901,-0.005713,-0.003911,0.0,-0.000378,-0.006144,-0.001239,-0.004319,0.0,-0.00109,-0.001883,-0.0,0.0,-0.003336,-0.003342,0.0,-0.0,0.0,-0.002702,0.0,-0.003801,0.0,-0.002199,-0.005688,-0.0,-0.0,-0.005616,0.0,0.0,0.0,-0.000115,-0.003953,-0.004425,0.0,-0.002261,-0.002046,-0.007258,-0.007174,0.0,-0.005401,0.0,-0.004986,-0.002276,0.0,-0.002242,-0.007951,-0.00482,-0.004079,-0.004912,-0.006953,-0.002231,-0.001212,-0.001248,0.0,-0.000888,-0.002992,-0.003549,-0.004914
2017-05-28 10:20:00+02:00,0.0,0.0,-0.000226,-0.004368,-0.000449,0.0,-0.001771,-0.00261,-0.004137,-0.0,0.0,0.0,-0.004597,-0.00389,-0.001312,-0.005845,-0.0,0.0,0.0,-0.006582,0.0,-0.006344,-0.003513,0.0,-0.005726,-0.006753,-0.00242,0.0,-0.001458,-0.0,0.0,-0.003395,0.0,-0.002714,-0.003066,0.0,-0.000353,-0.003469,0.0,-0.006499,-0.0022,0.0,-0.002644,0.0,-0.000254,-0.001974,-0.002263,-0.004097,-0.002067,0.0,0.0,-0.003699,-0.003361,-0.004234,0.0,0.0,-6e-06,0.0,0.0,-0.001745,-0.003886,-0.00578,-0.003942,0.0,-0.000376,-0.00619,-0.001258,-0.004297,0.0,-0.00111,-0.001879,-0.0,0.0,-0.003333,-0.003391,0.0,-0.0,0.0,-0.002739,0.0,-0.003828,0.0,-0.002221,-0.005753,-0.0,-0.0,-0.005666,0.0,0.0,0.0,-0.000129,-0.003984,-0.00448,0.0,-0.002285,-0.002088,-0.00731,-0.007226,0.0,-0.005469,0.0,-0.005024,-0.002268,0.0,-0.002267,-0.008016,-0.004868,-0.004136,-0.00495,-0.007004,-0.002256,-0.001225,-0.001245,0.0,-0.000916,-0.002988,-0.003579,-0.004967
2017-05-28 10:21:00+02:00,0.0,0.0,-0.000257,-0.004427,-0.000481,0.0,-0.001801,-0.002646,-0.004215,-0.0,0.0,0.0,-0.004635,-0.003973,-0.001354,-0.005919,-0.0,0.0,0.0,-0.006638,0.0,-0.006396,-0.003568,0.0,-0.00584,-0.006836,-0.002455,0.0,-0.001487,-0.0,0.0,-0.003467,0.0,-0.002778,-0.003136,0.0,-0.000409,-0.003528,0.0,-0.006629,-0.002237,0.0,-0.002686,0.0,-0.000284,-0.002018,-0.002296,-0.004127,-0.00212,0.0,0.0,-0.003733,-0.003407,-0.004275,0.0,0.0,-5e-06,0.0,0.0,-0.001788,-0.003919,-0.005897,-0.003999,0.0,-0.000407,-0.006268,-0.001286,-0.004327,0.0,-0.001137,-0.001907,-0.0,0.0,-0.003367,-0.003467,0.0,-0.0,0.0,-0.00279,0.0,-0.003875,0.0,-0.002266,-0.005867,-0.0,-0.0,-0.005743,0.0,0.0,0.0,-0.000148,-0.004034,-0.004541,0.0,-0.002323,-0.00216,-0.007397,-0.007314,0.0,-0.005585,0.0,-0.005091,-0.002296,0.0,-0.002304,-0.008079,-0.004915,-0.004235,-0.005018,-0.00709,-0.002291,-0.001253,-0.00127,0.0,-0.000953,-0.003033,-0.003635,-0.00505
2017-05-28 10:22:00+02:00,0.0,0.0,-0.000266,-0.004478,-0.000492,0.0,-0.001818,-0.002669,-0.004286,-0.0,0.0,0.0,-0.00467,-0.004051,-0.001391,-0.005985,-0.0,0.0,0.0,-0.006673,0.0,-0.006429,-0.003606,0.0,-0.005945,-0.00691,-0.002479,0.0,-0.001509,-0.0,0.0,-0.003533,0.0,-0.002836,-0.003202,0.0,-0.000449,-0.00357,0.0,-0.006747,-0.002263,0.0,-0.002706,0.0,-0.000293,-0.002052,-0.002321,-0.004142,-0.002166,0.0,0.0,-0.003754,-0.003448,-0.004313,0.0,0.0,-4e-06,0.0,0.0,-0.001811,-0.003939,-0.006003,-0.004047,0.0,-0.000416,-0.006336,-0.0013,-0.004341,0.0,-0.001151,-0.001921,-0.0,0.0,-0.003391,-0.003539,0.0,-0.0,0.0,-0.002822,0.0,-0.003916,0.0,-0.002301,-0.00597,-0.0,-0.0,-0.005807,0.0,0.0,0.0,-0.000153,-0.004079,-0.004595,0.0,-0.002357,-0.002219,-0.007475,-0.007392,0.0,-0.00569,0.0,-0.005149,-0.002308,0.0,-0.002329,-0.008137,-0.004956,-0.004322,-0.005077,-0.007166,-0.002315,-0.001274,-0.00128,0.0,-0.000969,-0.003055,-0.003682,-0.00512
2017-05-28 10:23:00+02:00,0.0,0.0,-0.000277,-0.004502,-0.0005,0.0,-0.001835,-0.002693,-0.004323,-0.0,0.0,0.0,-0.004701,-0.004116,-0.001411,-0.006024,-0.0,0.0,0.0,-0.006752,0.0,-0.006505,-0.003645,0.0,-0.006002,-0.006957,-0.002502,0.0,-0.001513,-0.0,0.0,-0.003572,0.0,-0.002873,-0.003253,0.0,-0.000459,-0.003613,0.0,-0.006836,-0.002289,0.0,-0.002743,0.0,-0.000298,-0.00206,-0.002327,-0.004182,-0.002189,0.0,0.0,-0.003799,-0.003473,-0.004347,0.0,0.0,-3e-06,0.0,0.0,-0.001833,-0.003983,-0.006079,-0.004069,0.0,-0.000429,-0.006379,-0.001312,-0.004384,0.0,-0.001164,-0.001946,-0.0,0.0,-0.003437,-0.003598,0.0,-0.0,0.0,-0.002856,0.0,-0.003939,0.0,-0.00231,-0.006044,-0.0,-0.0,-0.005859,0.0,0.0,0.0,-0.000156,-0.004107,-0.004641,0.0,-0.002377,-0.002247,-0.007523,-0.007441,0.0,-0.005753,0.0,-0.00518,-0.002334,0.0,-0.002354,-0.008189,-0.004993,-0.004373,-0.005108,-0.007215,-0.00234,-0.001276,-0.001298,0.0,-0.000983,-0.003098,-0.003702,-0.005179
2017-05-28 10:24:00+02:00,0.0,0.0,-0.000277,-0.004528,-0.000496,0.0,-0.001841,-0.002704,-0.004354,-0.0,0.0,0.0,-0.004725,-0.004175,-0.00143,-0.006066,-0.0,0.0,0.0,-0.006806,0.0,-0.006556,-0.003667,0.0,-0.006053,-0.007008,-0.002513,0.0,-0.001516,-0.0,0.0,-0.003606,0.0,-0.002906,-0.003299,0.0,-0.000465,-0.003636,0.0,-0.006918,-0.002303,0.0,-0.002767,0.0,-0.000292,-0.002067,-0.002333,-0.004205,-0.002209,0.0,0.0,-0.003827,-0.003499,-0.004374,0.0,0.0,-2e-06,0.0,0.0,-0.00184,-0.004011,-0.006149,-0.004091,0.0,-0.000431,-0.006425,-0.001314,-0.004408,0.0,-0.001167,-0.001962,-0.0,0.0,-0.003469,-0.003652,0.0,-0.0,0.0,-0.002872,0.0,-0.003964,0.0,-0.002318,-0.006111,-0.0,-0.0,-0.005896,0.0,0.0,0.0,-0.000152,-0.004137,-0.004677,0.0,-0.002398,-0.002272,-0.007574,-0.007493,0.0,-0.005811,0.0,-0.005214,-0.00235,0.0,-0.002367,-0.00823,-0.00502,-0.004419,-0.00514,-0.007267,-0.002353,-0.001277,-0.001307,0.0,-0.000983,-0.003126,-0.003722,-0.005224
2017-05-28 10:25:00+02:00,0.0,0.0,-0.000321,-0.004576,-0.000513,0.0,-0.001863,-0.002732,-0.004386,-0.0,0.0,0.0,-0.004761,-0.004233,-0.00145,-0.006134,-0.0,0.0,0.0,-0.006935,0.0,-0.00668,-0.003713,0.0,-0.006105,-0.007085,-0.00254,0.0,-0.001532,-0.0,0.0,-0.003641,0.0,-0.002941,-0.003347,0.0,-0.000477,-0.003685,0.0,-0.006998,-0.002333,0.0,-0.002842,0.0,-0.000306,-0.002093,-0.002353,-0.004278,-0.002229,0.0,0.0,-0.003903,-0.003541,-0.004413,0.0,0.0,-4e-06,0.0,0.0,-0.00187,-0.004087,-0.006217,-0.004136,0.0,-0.000476,-0.006497,-0.001332,-0.004484,0.0,-0.001185,-0.002013,-0.0,0.0,-0.003542,-0.003706,0.0,-0.0,0.0,-0.002914,0.0,-0.004005,0.0,-0.002346,-0.006177,-0.0,-0.0,-0.00594,0.0,0.0,0.0,-0.000161,-0.004183,-0.004723,0.0,-0.002432,-0.002299,-0.007655,-0.007574,0.0,-0.005869,0.0,-0.00527,-0.002404,0.0,-0.002396,-0.008289,-0.005059,-0.004467,-0.005196,-0.007347,-0.002382,-0.001292,-0.001349,0.0,-0.001006,-0.003208,-0.003764,-0.005277
2017-05-28 10:26:00+02:00,0.0,0.0,-0.000387,-0.004627,-0.000547,0.0,-0.001892,-0.002764,-0.004438,-0.0,0.0,0.0,-0.004768,-0.00428,-0.001487,-0.006198,-0.0,0.0,0.0,-0.007059,0.0,-0.006802,-0.003764,0.0,-0.006187,-0.007156,-0.002571,0.0,-0.001555,-0.0,0.0,-0.003692,0.0,-0.002989,-0.003404,0.0,-0.000526,-0.003737,0.0,-0.007103,-0.002365,0.0,-0.002929,0.0,-0.000339,-0.00213,-0.002378,-0.00435,-0.002274,0.0,0.0,-0.003974,-0.003579,-0.004424,0.0,0.0,-3.9e-05,0.0,0.0,-0.001914,-0.00416,-0.006314,-0.004185,0.0,-0.000543,-0.006565,-0.001359,-0.004558,0.0,-0.001212,-0.002069,-0.0,0.0,-0.003611,-0.003769,0.0,-0.0,0.0,-0.002963,0.0,-0.004043,0.0,-0.002384,-0.006271,-0.0,-0.0,-0.005949,0.0,0.0,0.0,-0.000182,-0.004223,-0.004737,0.0,-0.002464,-0.002361,-0.007724,-0.007644,0.0,-0.005956,0.0,-0.005328,-0.002464,0.0,-0.002428,-0.008301,-0.005066,-0.004545,-0.005253,-0.007419,-0.002414,-0.001314,-0.001401,0.0,-0.001044,-0.0033,-0.00381,-0.005294
2017-05-28 10:27:00+02:00,0.0,0.0,-0.000352,-0.004499,-0.000495,0.0,-0.001828,-0.002684,-0.004334,-0.0,0.0,0.0,-0.004404,-0.004099,-0.001444,-0.006038,-0.0,0.0,0.0,-0.006916,0.0,-0.006669,-0.003664,0.0,-0.006053,-0.006977,-0.002495,0.0,-0.001489,-0.0,0.0,-0.003606,0.0,-0.002921,-0.003336,0.0,-0.000471,-0.003627,0.0,-0.006958,-0.002296,0.0,-0.002857,0.0,-0.000289,-0.002041,-0.002295,-0.004253,-0.002208,0.0,0.0,-0.003888,-0.003482,-0.004099,0.0,0.0,-3.1e-05,0.0,0.0,-0.001838,-0.004069,-0.006185,-0.004064,0.0,-0.000506,-0.006398,-0.001304,-0.004458,0.0,-0.001162,-0.002016,-0.0,0.0,-0.003536,-0.003697,0.0,-0.0,0.0,-0.002869,0.0,-0.003933,0.0,-0.002292,-0.006144,-0.0,-0.0,-0.005536,0.0,0.0,0.0,-0.000149,-0.004111,-0.004404,0.0,-0.002396,-0.002284,-0.007517,-0.007443,0.0,-0.005822,0.0,-0.005187,-0.002402,0.0,-0.002357,-0.007724,-0.004686,-0.004428,-0.005104,-0.007231,-0.002344,-0.001253,-0.001358,0.0,-0.000982,-0.003221,-0.003693,-0.004938
2017-05-28 10:28:00+02:00,0.0,0.0,-0.000282,-0.004142,-0.000396,0.0,-0.001658,-0.002468,-0.004016,-0.0,0.0,0.0,-0.00372,-0.003461,-0.001312,-0.005585,-0.0,0.0,0.0,-0.006481,0.0,-0.006257,-0.003376,0.0,-0.005621,-0.006468,-0.002288,0.0,-0.001328,-0.0,0.0,-0.003337,0.0,-0.002699,-0.003098,0.0,-0.000377,-0.003325,0.0,-0.006469,-0.002107,0.0,-0.002637,0.0,-0.000231,-0.001816,-0.002085,-0.003976,-0.002011,0.0,0.0,-0.003635,-0.003214,-0.003461,0.0,0.0,-2.5e-05,0.0,0.0,-0.00164,-0.003804,-0.005748,-0.003732,0.0,-0.000404,-0.005922,-0.001163,-0.00417,0.0,-0.001033,-0.001859,-0.0,0.0,-0.003309,-0.00319,0.0,-0.0,0.0,-0.002612,0.0,-0.003631,0.0,-0.002058,-0.005713,-0.0,-0.0,-0.004719,0.0,0.0,0.0,-0.00012,-0.0038,-0.00372,0.0,-0.002204,-0.002054,-0.006833,-0.006788,0.0,-0.005392,0.0,-0.004788,-0.002221,0.0,-0.002162,-0.006598,-0.003962,-0.004067,-0.004696,-0.006664,-0.002152,-0.001105,-0.001233,0.0,-0.00083,-0.002978,-0.003376,-0.004182
2017-05-28 10:29:00+02:00,0.0,0.0,-0.000225,-0.003589,-0.000317,0.0,-0.001374,-0.002124,-0.003524,-0.0,0.0,0.0,-0.003394,-0.003108,-0.001091,-0.004905,-0.0,0.0,0.0,-0.005717,0.0,-0.005522,-0.002907,0.0,-0.004937,-0.005716,-0.001955,0.0,-0.001062,-0.0,0.0,-0.002919,0.0,-0.002353,-0.002731,0.0,-0.000302,-0.00284,0.0,-0.005705,-0.001804,0.0,-0.002195,0.0,-0.000185,-0.001453,-0.001752,-0.003483,-0.001684,0.0,0.0,-0.003192,-0.002819,-0.003155,0.0,0.0,-2e-05,0.0,0.0,-0.001312,-0.00334,-0.005052,-0.00321,0.0,-0.000324,-0.005214,-0.00093,-0.003661,0.0,-0.000826,-0.001557,-0.0,0.0,-0.002912,-0.002845,0.0,-0.0,0.0,-0.002188,0.0,-0.003186,0.0,-0.001669,-0.005024,-0.0,-0.0,-0.004268,0.0,0.0,0.0,-9.6e-05,-0.003347,-0.003374,0.0,-0.001914,-0.001652,-0.00604,-0.006002,0.0,-0.004716,0.0,-0.004179,-0.001873,0.0,-0.001849,-0.006015,-0.003604,-0.003489,-0.00408,-0.005895,-0.001846,-0.000884,-0.000987,0.0,-0.000664,-0.002502,-0.002877,-0.003779
2017-05-28 10:30:00+02:00,0.0,0.0,-0.00018,-0.003216,-0.000253,0.0,-0.001176,-0.001885,-0.003201,-0.0,0.0,0.0,-0.003209,-0.002891,-0.000947,-0.004447,-0.0,0.0,0.0,-0.005169,0.0,-0.004993,-0.002582,0.0,-0.004487,-0.005207,-0.001723,0.0,-0.000884,-0.0,0.0,-0.002646,0.0,-0.002128,-0.002491,0.0,-0.000241,-0.002504,0.0,-0.005203,-0.001595,0.0,-0.001871,0.0,-0.000148,-0.001199,-0.001528,-0.003129,-0.001471,0.0,0.0,-0.002877,-0.002556,-0.002981,0.0,0.0,-1.6e-05,0.0,0.0,-0.001067,-0.003009,-0.004594,-0.002859,0.0,-0.000259,-0.004736,-0.000756,-0.003296,0.0,-0.000666,-0.001335,-0.0,0.0,-0.00263,-0.002627,0.0,-0.0,0.0,-0.001892,0.0,-0.002888,0.0,-0.001407,-0.004569,-0.0,-0.0,-0.003995,0.0,0.0,0.0,-7.7e-05,-0.003043,-0.003171,0.0,-0.00172,-0.001391,-0.005509,-0.005474,0.0,-0.004271,0.0,-0.003768,-0.001618,0.0,-0.001632,-0.005672,-0.003396,-0.003111,-0.003666,-0.005375,-0.001634,-0.000712,-0.000798,0.0,-0.000531,-0.002153,-0.002542,-0.003537
2017-05-28 10:31:00+02:00,0.0,0.0,-0.000379,-0.003501,-0.000466,0.0,-0.001374,-0.002084,-0.003479,-7.3e-05,0.0,0.0,-0.003498,-0.003182,-0.001133,-0.004743,-6.8e-05,0.0,0.0,-0.005466,0.0,-0.005281,-0.002861,0.0,-0.004881,-0.005501,-0.001922,0.0,-0.001082,-1.2e-05,0.0,-0.002894,0.0,-0.002345,-0.0027,0.0,-0.000531,-0.0028,0.0,-0.005615,-0.001777,0.0,-0.002137,0.0,-0.000347,-0.001487,-0.001733,-0.003327,-0.001726,0.0,0.0,-0.003057,-0.002729,-0.003253,0.0,0.0,-0.000184,0.0,0.0,-0.001349,-0.003197,-0.004988,-0.003145,0.0,-0.000466,-0.005031,-0.000952,-0.003496,0.0,-0.000849,-0.00151,-2e-05,0.0,-0.002792,-0.002873,0.0,-0.000113,0.0,-0.002181,0.0,-0.003078,0.0,-0.001692,-0.004956,-0.00011,-9.7e-05,-0.00435,0.0,0.0,0.0,-0.000205,-0.003225,-0.003468,0.0,-0.001872,-0.001755,-0.005833,-0.005794,0.0,-0.004677,0.0,-0.004059,-0.001808,0.0,-0.001821,-0.006157,-0.003705,-0.003509,-0.00397,-0.005679,-0.001818,-0.000906,-0.000979,0.0,-0.000777,-0.002425,-0.002835,-0.003868
2017-05-28 10:32:00+02:00,0.0,0.0,-0.000642,-0.003951,-0.000743,0.0,-0.001641,-0.002368,-0.003888,-0.000198,0.0,0.0,-0.003726,-0.003411,-0.001377,-0.005246,-0.00021,0.0,-1.9e-05,-0.005971,0.0,-0.00577,-0.00326,0.0,-0.005462,-0.006014,-0.002204,0.0,-0.001355,-7.3e-05,0.0,-0.003253,0.0,-0.002655,-0.00296,0.0,-0.000899,-0.003217,0.0,-0.006128,-0.002036,0.0,-0.002514,0.0,-0.000609,-0.001881,-0.002032,-0.003655,-0.002064,0.0,0.0,-0.003356,-0.003022,-0.003468,0.0,0.0,-0.000419,0.0,0.0,-0.001714,-0.003508,-0.005577,-0.003586,0.0,-0.000739,-0.005544,-0.001207,-0.00383,0.0,-0.001087,-0.00176,-9.1e-05,0.0,-0.003062,-0.003099,0.0,-0.00031,0.0,-0.002576,0.0,-0.003401,0.0,-0.002086,-0.005536,-0.000285,-0.000263,-0.004628,0.0,0.0,0.0,-0.000374,-0.003545,-0.003702,0.0,-0.002111,-0.00222,-0.00636,-0.006313,0.0,-0.005265,0.0,-0.004535,-0.002084,0.0,-0.002088,-0.006539,-0.003948,-0.004058,-0.004456,-0.006179,-0.002078,-0.001169,-0.001221,0.0,-0.001095,-0.002818,-0.003274,-0.004129
2017-05-28 10:33:00+02:00,0.0,0.0,-0.000666,-0.004187,-0.000779,0.0,-0.001727,-0.002475,-0.004107,-0.000178,0.0,0.0,-0.003955,-0.00364,-0.001488,-0.00554,-0.000168,0.0,-1.6e-05,-0.006219,0.0,-0.006006,-0.003412,0.0,-0.005773,-0.006343,-0.002306,0.0,-0.001467,-5.8e-05,0.0,-0.003447,0.0,-0.002822,-0.003151,0.0,-0.000991,-0.003375,0.0,-0.0065,-0.002134,0.0,-0.002642,0.0,-0.000632,-0.002043,-0.002169,-0.003801,-0.002213,0.0,0.0,-0.0035,-0.003197,-0.003686,0.0,0.0,-0.000405,0.0,0.0,-0.001822,-0.003656,-0.005896,-0.00381,0.0,-0.000772,-0.00585,-0.001279,-0.003983,0.0,-0.001155,-0.001848,-7.2e-05,0.0,-0.003198,-0.003322,0.0,-0.000278,0.0,-0.002713,0.0,-0.003591,0.0,-0.002254,-0.005848,-0.000234,-0.00021,-0.004898,0.0,0.0,0.0,-0.000386,-0.003742,-0.003935,0.0,-0.002245,-0.002411,-0.006727,-0.006676,0.0,-0.005577,0.0,-0.004797,-0.002181,0.0,-0.002188,-0.00692,-0.00419,-0.004327,-0.004723,-0.006527,-0.002177,-0.001272,-0.001293,0.0,-0.00116,-0.002957,-0.003491,-0.004385
2017-05-28 10:34:00+02:00,0.0,0.0,-0.000689,-0.004432,-0.000809,0.0,-0.001816,-0.002593,-0.004344,-0.000151,0.0,0.0,-0.004167,-0.003851,-0.0016,-0.005858,-0.000135,0.0,-1.2e-05,-0.006523,0.0,-0.006296,-0.003582,0.0,-0.006109,-0.006705,-0.002417,0.0,-0.001571,-4.6e-05,0.0,-0.003657,0.0,-0.003003,-0.003362,0.0,-0.001069,-0.003551,0.0,-0.00691,-0.002243,0.0,-0.002785,0.0,-0.000649,-0.002193,-0.002303,-0.003978,-0.002363,0.0,0.0,-0.003676,-0.003387,-0.003888,0.0,0.0,-0.00039,0.0,0.0,-0.00193,-0.003836,-0.006247,-0.004039,0.0,-0.000805,-0.006185,-0.001351,-0.004169,0.0,-0.001222,-0.001947,-5.8e-05,0.0,-0.003363,-0.003528,0.0,-0.000235,0.0,-0.00286,0.0,-0.003797,0.0,-0.002412,-0.006192,-0.000187,-0.000168,-0.005142,0.0,0.0,0.0,-0.000395,-0.003959,-0.004152,0.0,-0.002387,-0.002597,-0.007131,-0.007076,0.0,-0.005916,0.0,-0.005075,-0.002291,0.0,-0.002298,-0.00727,-0.004413,-0.00461,-0.005003,-0.00691,-0.002287,-0.001364,-0.00137,0.0,-0.001221,-0.003115,-0.003709,-0.00462
2017-05-28 10:35:00+02:00,0.0,0.0,-0.00065,-0.00459,-0.000792,0.0,-0.001865,-0.002671,-0.004545,-0.000121,0.0,0.0,-0.004339,-0.004023,-0.001685,-0.006081,-0.000108,0.0,-1e-05,-0.006741,0.0,-0.006502,-0.003694,0.0,-0.006395,-0.00697,-0.002487,0.0,-0.001619,-3.7e-05,0.0,-0.003836,0.0,-0.003156,-0.003544,0.0,-0.001099,-0.003664,0.0,-0.007262,-0.002314,0.0,-0.002856,0.0,-0.00062,-0.002261,-0.002377,-0.004099,-0.002477,0.0,0.0,-0.0038,-0.003522,-0.004052,0.0,0.0,-0.000315,0.0,0.0,-0.001982,-0.003962,-0.006546,-0.004183,0.0,-0.000775,-0.006424,-0.001384,-0.004297,0.0,-0.001253,-0.001999,-4.6e-05,0.0,-0.003483,-0.003696,0.0,-0.000188,0.0,-0.002947,0.0,-0.003942,0.0,-0.002489,-0.006485,-0.00015,-0.000134,-0.005338,0.0,0.0,0.0,-0.000374,-0.004117,-0.004327,0.0,-0.002483,-0.00273,-0.007428,-0.00737,0.0,-0.006203,0.0,-0.005262,-0.002349,0.0,-0.002368,-0.007553,-0.004594,-0.004838,-0.00519,-0.007191,-0.00236,-0.001402,-0.001398,0.0,-0.001229,-0.003199,-0.00384,-0.00481
2017-05-28 10:36:00+02:00,0.0,0.0,-0.000579,-0.004663,-0.000721,0.0,-0.001862,-0.002691,-0.004645,-9.7e-05,0.0,0.0,-0.004476,-0.00416,-0.001713,-0.006205,-8.6e-05,0.0,-8e-06,-0.006891,0.0,-0.006644,-0.003726,0.0,-0.006539,-0.007125,-0.0025,0.0,-0.001619,-3e-05,0.0,-0.003926,0.0,-0.003233,-0.003648,0.0,-0.001041,-0.003693,0.0,-0.007456,-0.002333,0.0,-0.002877,0.0,-0.000539,-0.00226,-0.002397,-0.004174,-0.002511,0.0,0.0,-0.003883,-0.003598,-0.004183,0.0,0.0,-0.000252,0.0,0.0,-0.001961,-0.004045,-0.006701,-0.004244,0.0,-0.000711,-0.00656,-0.001366,-0.00438,0.0,-0.001236,-0.002017,-3.7e-05,0.0,-0.003567,-0.00383,0.0,-0.00015,0.0,-0.002957,0.0,-0.004023,0.0,-0.002497,-0.006635,-0.00012,-0.000108,-0.00549,0.0,0.0,0.0,-0.000319,-0.004208,-0.004466,0.0,-0.002533,-0.002756,-0.007604,-0.007544,0.0,-0.006345,0.0,-0.005358,-0.00237,0.0,-0.002385,-0.007777,-0.004737,-0.004932,-0.005283,-0.007358,-0.00238,-0.001394,-0.001395,0.0,-0.001176,-0.00323,-0.00389,-0.004959
2017-05-28 10:37:00+02:00,0.0,0.0,-0.000476,-0.004678,-0.000633,0.0,-0.00184,-0.002688,-0.004697,-7.7e-05,0.0,0.0,-0.004598,-0.004283,-0.001715,-0.006261,-6.9e-05,0.0,-6e-06,-0.006979,0.0,-0.006726,-0.003728,0.0,-0.006618,-0.007208,-0.002492,0.0,-0.001585,-2.4e-05,0.0,-0.003975,0.0,-0.003274,-0.003714,0.0,-0.000947,-0.00369,0.0,-0.007572,-0.002332,0.0,-0.002852,0.0,-0.000442,-0.002211,-0.002377,-0.004208,-0.002509,0.0,0.0,-0.003929,-0.003635,-0.004301,0.0,0.0,-0.000202,0.0,0.0,-0.001914,-0.00409,-0.006787,-0.004248,0.0,-0.000615,-0.006626,-0.001331,-0.004419,0.0,-0.001203,-0.002003,-3e-05,0.0,-0.003617,-0.003948,0.0,-0.00012,0.0,-0.002938,0.0,-0.004059,0.0,-0.002456,-0.006718,-9.6e-05,-8.6e-05,-0.005622,0.0,0.0,0.0,-0.000255,-0.004256,-0.00459,0.0,-0.002553,-0.002734,-0.007703,-0.007643,0.0,-0.00642,0.0,-0.005392,-0.002356,0.0,-0.002381,-0.007979,-0.004864,-0.004966,-0.005312,-0.007451,-0.00238,-0.001353,-0.001362,0.0,-0.001101,-0.003212,-0.003884,-0.005092
2017-05-28 10:38:00+02:00,0.0,0.0,-0.000451,-0.004755,-0.000609,0.0,-0.001862,-0.002729,-0.004778,-6.2e-05,0.0,0.0,-0.004704,-0.004389,-0.001742,-0.00638,-5.5e-05,0.0,-5e-06,-0.00714,0.0,-0.006879,-0.003792,0.0,-0.006738,-0.007351,-0.002527,0.0,-0.001596,-1.9e-05,0.0,-0.00405,0.0,-0.003339,-0.003801,0.0,-0.000911,-0.003753,0.0,-0.007731,-0.00237,0.0,-0.002903,0.0,-0.000411,-0.002228,-0.002403,-0.004291,-0.002539,0.0,0.0,-0.004018,-0.003707,-0.004404,0.0,0.0,-0.000161,0.0,0.0,-0.001934,-0.00418,-0.006916,-0.004316,0.0,-0.000595,-0.006754,-0.00134,-0.004508,0.0,-0.001212,-0.00204,-2.4e-05,0.0,-0.003706,-0.004053,0.0,-9.6e-05,0.0,-0.002983,0.0,-0.004133,0.0,-0.002479,-0.006844,-7.7e-05,-6.9e-05,-0.005733,0.0,0.0,0.0,-0.000232,-0.00434,-0.004698,0.0,-0.002604,-0.002761,-0.007862,-0.007801,0.0,-0.006539,0.0,-0.005489,-0.002396,0.0,-0.002419,-0.008152,-0.004973,-0.005048,-0.005406,-0.007604,-0.00242,-0.001358,-0.001381,0.0,-0.001093,-0.003273,-0.003943,-0.005204
2017-05-28 10:39:00+02:00,0.0,0.0,-0.000427,-0.00481,-0.000587,0.0,-0.00188,-0.002763,-0.004836,-4.9e-05,0.0,0.0,-0.004791,-0.004477,-0.001759,-0.006468,-4.4e-05,0.0,-4e-06,-0.007274,0.0,-0.007007,-0.003848,0.0,-0.006828,-0.007459,-0.002557,0.0,-0.001598,-1.5e-05,0.0,-0.004105,0.0,-0.003389,-0.003872,0.0,-0.000868,-0.003808,0.0,-0.007858,-0.002403,0.0,-0.002952,0.0,-0.000382,-0.002232,-0.002417,-0.00436,-0.002556,0.0,0.0,-0.004092,-0.003761,-0.004489,0.0,0.0,-0.000129,0.0,0.0,-0.001951,-0.004254,-0.007019,-0.004363,0.0,-0.000576,-0.00685,-0.001348,-0.00458,0.0,-0.00122,-0.002075,-1.9e-05,0.0,-0.003781,-0.004142,0.0,-7.7e-05,0.0,-0.003023,0.0,-0.004188,0.0,-0.002489,-0.006943,-6.1e-05,-5.5e-05,-0.005822,0.0,0.0,0.0,-0.000212,-0.004402,-0.004786,0.0,-0.002643,-0.002773,-0.007981,-0.00792,0.0,-0.006627,0.0,-0.005559,-0.002433,0.0,-0.002451,-0.008296,-0.005062,-0.005106,-0.005474,-0.007719,-0.002454,-0.001355,-0.001397,0.0,-0.001085,-0.003332,-0.003982,-0.005296
2017-05-28 10:40:00+02:00,0.0,0.0,-0.000372,-0.004794,-0.000546,0.0,-0.001878,-0.002777,-0.004836,-4e-05,0.0,0.0,-0.004865,-0.004552,-0.001749,-0.006471,-3.5e-05,0.0,-3e-06,-0.007336,0.0,-0.007066,-0.003874,0.0,-0.006836,-0.007469,-0.002566,0.0,-0.001562,-1.2e-05,0.0,-0.004109,0.0,-0.003395,-0.003904,0.0,-0.000787,-0.003831,0.0,-0.007907,-0.002417,0.0,-0.002953,0.0,-0.000336,-0.002183,-0.002387,-0.004382,-0.002535,0.0,0.0,-0.004123,-0.003765,-0.004562,0.0,0.0,-0.000103,0.0,0.0,-0.001942,-0.004283,-0.007049,-0.004341,0.0,-0.000525,-0.006856,-0.001338,-0.004605,0.0,-0.001211,-0.002077,-1.5e-05,0.0,-0.003818,-0.004212,0.0,-6.2e-05,0.0,-0.003033,0.0,-0.004187,0.0,-0.002445,-0.006971,-4.9e-05,-4.4e-05,-0.005894,0.0,0.0,0.0,-0.00018,-0.004407,-0.004861,0.0,-0.002643,-0.002735,-0.007995,-0.007935,0.0,-0.006631,0.0,-0.005553,-0.002434,0.0,-0.002464,-0.008418,-0.005137,-0.005097,-0.005464,-0.007734,-0.002469,-0.001316,-0.001384,0.0,-0.001055,-0.003339,-0.003956,-0.005372
2017-05-28 10:41:00+02:00,0.0,0.0,-0.000325,-0.004792,-0.000511,0.0,-0.001879,-0.002792,-0.004819,-3.2e-05,0.0,0.0,-0.004927,-0.004616,-0.00173,-0.006486,-2.8e-05,0.0,-3e-06,-0.007398,0.0,-0.007125,-0.003903,0.0,-0.00682,-0.007491,-0.002577,0.0,-0.001537,-1e-05,0.0,-0.004097,0.0,-0.003387,-0.003915,0.0,-0.000701,-0.003858,0.0,-0.007914,-0.002433,0.0,-0.002955,0.0,-0.000296,-0.002148,-0.002367,-0.004405,-0.002502,0.0,0.0,-0.004155,-0.003775,-0.004623,0.0,0.0,-8.3e-05,0.0,0.0,-0.001935,-0.004313,-0.007044,-0.004333,0.0,-0.000482,-0.006874,-0.00133,-0.00463,0.0,-0.001204,-0.00208,-1.2e-05,0.0,-0.003854,-0.004251,0.0,-4.9e-05,0.0,-0.003046,0.0,-0.004194,0.0,-0.002415,-0.006964,-3.9e-05,-3.5e-05,-0.005952,0.0,0.0,0.0,-0.000153,-0.004418,-0.004924,0.0,-0.00265,-0.002683,-0.00802,-0.007961,0.0,-0.00661,0.0,-0.005559,-0.002436,0.0,-0.002478,-0.00852,-0.005199,-0.005064,-0.005466,-0.00776,-0.002485,-0.001287,-0.001374,0.0,-0.00103,-0.003348,-0.003943,-0.005435
2017-05-28 10:42:00+02:00,0.0,0.0,-0.000277,-0.004715,-0.000448,0.0,-0.001854,-0.002778,-0.004778,-2.5e-05,0.0,0.0,-0.00498,-0.00466,-0.001694,-0.006411,-2.3e-05,0.0,-2e-06,-0.007478,0.0,-0.007201,-0.003892,0.0,-0.006769,-0.007413,-0.002561,0.0,-0.001472,-8e-06,0.0,-0.004063,0.0,-0.00336,-0.003903,0.0,-0.000589,-0.003843,0.0,-0.007875,-0.002423,0.0,-0.002961,0.0,-0.000237,-0.002055,-0.002301,-0.004438,-0.002447,0.0,0.0,-0.004198,-0.003733,-0.004676,0.0,0.0,-6.6e-05,0.0,0.0,-0.001893,-0.004355,-0.006998,-0.004255,0.0,-0.000438,-0.006798,-0.001298,-0.004668,0.0,-0.001175,-0.002084,-1e-05,0.0,-0.0039,-0.00426,0.0,-3.9e-05,0.0,-0.00302,0.0,-0.004142,0.0,-0.002326,-0.006918,-3.1e-05,-2.8e-05,-0.005999,0.0,0.0,0.0,-0.000122,-0.004368,-0.004977,0.0,-0.002616,-0.0026,-0.007939,-0.007881,0.0,-0.006552,0.0,-0.005484,-0.002441,0.0,-0.002466,-0.008608,-0.005252,-0.004995,-0.005388,-0.007683,-0.002475,-0.001221,-0.001363,0.0,-0.000973,-0.00336,-0.00386,-0.005488
2017-05-28 10:43:00+02:00,0.0,0.0,-0.000251,-0.004668,-0.000411,0.0,-0.001841,-0.002774,-0.004763,-2e-05,0.0,0.0,-0.005014,-0.004699,-0.001679,-0.006365,-1.8e-05,0.0,-2e-06,-0.007557,0.0,-0.007278,-0.003894,0.0,-0.006757,-0.007362,-0.002554,0.0,-0.00143,-6e-06,0.0,-0.004053,0.0,-0.003353,-0.003907,0.0,-0.000528,-0.00384,0.0,-0.00787,-0.002421,0.0,-0.002979,0.0,-0.000195,-0.001996,-0.002258,-0.004474,-0.002421,0.0,0.0,-0.004242,-0.003707,-0.004712,0.0,0.0,-5.3e-05,0.0,0.0,-0.001871,-0.004399,-0.006988,-0.004206,0.0,-0.000415,-0.006749,-0.00128,-0.004708,0.0,-0.001158,-0.002096,-8e-06,0.0,-0.003945,-0.004281,0.0,-3.2e-05,0.0,-0.00301,0.0,-0.004109,0.0,-0.002269,-0.006907,-2.5e-05,-2.3e-05,-0.006026,0.0,0.0,0.0,-9.8e-05,-0.004335,-0.005012,0.0,-0.002597,-0.002561,-0.007884,-0.007829,0.0,-0.006535,0.0,-0.005439,-0.002453,0.0,-0.002462,-0.008666,-0.005286,-0.004967,-0.005338,-0.007634,-0.002473,-0.001177,-0.001362,0.0,-0.00094,-0.003384,-0.003808,-0.005521
2017-05-28 10:44:00+02:00,0.0,0.0,-0.000232,-0.004623,-0.00036,0.0,-0.001808,-0.002742,-0.004737,-1.6e-05,0.0,0.0,-0.005025,-0.004715,-0.001661,-0.006318,-1.4e-05,0.0,-1e-06,-0.007582,0.0,-0.007304,-0.003855,0.0,-0.006729,-0.007315,-0.002521,0.0,-0.001395,-5e-06,0.0,-0.004034,0.0,-0.003338,-0.003892,0.0,-0.000475,-0.003795,0.0,-0.007831,-0.002393,0.0,-0.002984,0.0,-0.000156,-0.001947,-0.00222,-0.004481,-0.002391,0.0,0.0,-0.004255,-0.003679,-0.004725,0.0,0.0,-4.2e-05,0.0,0.0,-0.001824,-0.004411,-0.006951,-0.004161,0.0,-0.000397,-0.006701,-0.001246,-0.004716,0.0,-0.001126,-0.002099,-6e-06,0.0,-0.003961,-0.004278,0.0,-2.5e-05,0.0,-0.002965,0.0,-0.004075,0.0,-0.002222,-0.00687,-2e-05,-1.8e-05,-0.006028,0.0,0.0,0.0,-7.8e-05,-0.004303,-0.005024,0.0,-0.002577,-0.002519,-0.007829,-0.007775,0.0,-0.006504,0.0,-0.005394,-0.002455,0.0,-0.002432,-0.008684,-0.005295,-0.004924,-0.005289,-0.007586,-0.002445,-0.001142,-0.001358,0.0,-0.00089,-0.003392,-0.003761,-0.005529
2017-05-28 10:45:00+02:00,0.0,0.0,-0.000186,-0.004538,-0.000304,0.0,-0.001763,-0.002695,-0.004681,-1.3e-05,0.0,0.0,-0.005027,-0.004696,-0.001628,-0.006219,-1.2e-05,0.0,-1e-06,-0.007517,0.0,-0.007244,-0.003796,0.0,-0.006658,-0.00721,-0.002474,0.0,-0.001341,-4e-06,0.0,-0.003988,0.0,-0.0033,-0.003853,0.0,-0.000407,-0.00373,0.0,-0.007742,-0.002353,0.0,-0.00293,0.0,-0.000124,-0.001871,-0.00216,-0.004432,-0.00234,0.0,0.0,-0.004216,-0.003622,-0.00473,0.0,0.0,-3.4e-05,0.0,0.0,-0.001764,-0.004369,-0.00687,-0.004078,0.0,-0.000336,-0.006599,-0.001202,-0.004666,0.0,-0.001086,-0.002062,-5e-06,0.0,-0.00393,-0.004245,0.0,-2e-05,0.0,-0.002903,0.0,-0.004009,0.0,-0.002148,-0.006789,-1.6e-05,-1.4e-05,-0.005987,0.0,0.0,0.0,-6.2e-05,-0.004236,-0.005026,0.0,-0.002534,-0.002453,-0.007711,-0.00766,0.0,-0.006431,0.0,-0.005303,-0.002412,0.0,-0.00239,-0.008689,-0.005296,-0.004845,-0.005193,-0.007477,-0.002404,-0.00109,-0.001318,0.0,-0.000831,-0.003336,-0.003678,-0.005523
2017-05-28 10:46:00+02:00,0.0,0.0,-0.000159,-0.004438,-0.00027,0.0,-0.001727,-0.002652,-0.00462,-1e-05,0.0,0.0,-0.004933,-0.004652,-0.001602,-0.0061,-9e-06,0.0,-1e-06,-0.007456,0.0,-0.007189,-0.003743,0.0,-0.006581,-0.007081,-0.002433,0.0,-0.001286,-3e-06,0.0,-0.003938,0.0,-0.00326,-0.003813,0.0,-0.000368,-0.003671,0.0,-0.007655,-0.002316,0.0,-0.002899,0.0,-0.0001,-0.001794,-0.002094,-0.004389,-0.002299,0.0,0.0,-0.00418,-0.003552,-0.004652,0.0,0.0,-2.7e-05,0.0,0.0,-0.00172,-0.004331,-0.006792,-0.003983,0.0,-0.000312,-0.006476,-0.00117,-0.004622,0.0,-0.001057,-0.002039,-4e-06,0.0,-0.003899,-0.00421,0.0,-1.6e-05,0.0,-0.002851,0.0,-0.003928,0.0,-0.00207,-0.006713,-1.3e-05,-1.2e-05,-0.005864,0.0,0.0,0.0,-5e-05,-0.004156,-0.004933,0.0,-0.002481,-0.002404,-0.007565,-0.007518,0.0,-0.006353,0.0,-0.005195,-0.002385,0.0,-0.002351,-0.008538,-0.005187,-0.004774,-0.00508,-0.007343,-0.002367,-0.001038,-0.001296,0.0,-0.000793,-0.003303,-0.003583,-0.005409
2017-05-28 10:47:00+02:00,0.0,0.0,-0.000127,-0.004358,-0.000225,0.0,-0.001691,-0.002615,-0.004555,-8e-06,0.0,0.0,-0.004985,-0.004636,-0.001567,-0.006016,-7e-06,0.0,-1e-06,-0.007428,0.0,-0.007163,-0.003699,0.0,-0.006499,-0.006996,-0.002396,0.0,-0.001231,-3e-06,0.0,-0.003886,0.0,-0.00322,-0.00378,0.0,-0.000296,-0.003624,0.0,-0.007575,-0.002285,0.0,-0.00287,0.0,-8e-05,-0.001716,-0.002033,-0.004361,-0.002245,0.0,0.0,-0.004163,-0.003504,-0.004703,0.0,0.0,-2.2e-05,0.0,0.0,-0.001673,-0.00431,-0.006714,-0.003903,0.0,-0.000276,-0.006391,-0.001135,-0.004593,0.0,-0.001025,-0.002018,-3e-06,0.0,-0.003888,-0.004183,0.0,-1.3e-05,0.0,-0.002804,0.0,-0.003871,0.0,-0.001993,-0.006635,-1e-05,-9e-06,-0.005891,0.0,0.0,0.0,-4e-05,-0.004101,-0.004984,0.0,-0.002444,-0.002333,-0.007473,-0.007427,0.0,-0.006271,0.0,-0.005114,-0.00236,0.0,-0.002319,-0.008625,-0.00524,-0.004693,-0.004995,-0.007256,-0.002337,-0.000983,-0.001273,0.0,-0.000746,-0.003275,-0.003503,-0.005433
2017-05-28 10:48:00+02:00,0.0,0.0,-0.000214,-0.004506,-0.000304,0.0,-0.001766,-0.002702,-0.004673,-7e-06,0.0,0.0,-0.005053,-0.004716,-0.001638,-0.006196,-6e-06,0.0,-1e-06,-0.007646,0.0,-0.007372,-0.003835,0.0,-0.006681,-0.007193,-0.00248,0.0,-0.001301,-2e-06,0.0,-0.003998,0.0,-0.003323,-0.003895,0.0,-0.000386,-0.003764,0.0,-0.007786,-0.002369,0.0,-0.003007,0.0,-0.00014,-0.001823,-0.002114,-0.004482,-0.00233,0.0,0.0,-0.004286,-0.003609,-0.004769,0.0,0.0,-2e-05,0.0,0.0,-0.00178,-0.004435,-0.006907,-0.004045,0.0,-0.000368,-0.006578,-0.001203,-0.004718,0.0,-0.001091,-0.002108,-3e-06,0.0,-0.004009,-0.004291,0.0,-1e-05,0.0,-0.002931,0.0,-0.003981,0.0,-0.002103,-0.006822,-8e-06,-7e-06,-0.00596,0.0,0.0,0.0,-7.2e-05,-0.004216,-0.005051,0.0,-0.002531,-0.002453,-0.007681,-0.007635,0.0,-0.006459,0.0,-0.005277,-0.002454,0.0,-0.002403,-0.008737,-0.005308,-0.004855,-0.00516,-0.007459,-0.002421,-0.001049,-0.001352,0.0,-0.000838,-0.003422,-0.003642,-0.005507
2017-05-28 10:49:00+02:00,0.0,0.0,-0.000251,-0.004594,-0.00031,0.0,-0.001777,-0.002719,-0.004725,-5e-06,0.0,0.0,-0.005076,-0.00475,-0.001668,-0.006306,-5e-06,0.0,-0.0,-0.007749,0.0,-0.007474,-0.003869,0.0,-0.00677,-0.007316,-0.002494,0.0,-0.001335,-2e-06,0.0,-0.004049,0.0,-0.00337,-0.003949,0.0,-0.000413,-0.003793,0.0,-0.007883,-0.002386,0.0,-0.003072,0.0,-0.000132,-0.001878,-0.002157,-0.004536,-0.002362,0.0,0.0,-0.004344,-0.003672,-0.004793,0.0,0.0,-1.6e-05,0.0,0.0,-0.0018,-0.004492,-0.006997,-0.004128,0.0,-0.000409,-0.006692,-0.001213,-0.004772,0.0,-0.001101,-0.002148,-2e-06,0.0,-0.004065,-0.00435,0.0,-8e-06,0.0,-0.002955,0.0,-0.004045,0.0,-0.002161,-0.00691,-7e-06,-6e-06,-0.005981,0.0,0.0,0.0,-6.1e-05,-0.004284,-0.005075,0.0,-0.002583,-0.0025,-0.007804,-0.007758,0.0,-0.006547,0.0,-0.005375,-0.002495,0.0,-0.002419,-0.008777,-0.005331,-0.004923,-0.005255,-0.007584,-0.002439,-0.00108,-0.001387,0.0,-0.000849,-0.00349,-0.00372,-0.005533
2017-05-28 10:50:00+02:00,0.0,0.0,-0.000202,-0.004503,-0.00025,0.0,-0.001721,-0.002655,-0.004646,-4e-06,0.0,0.0,-0.004967,-0.004697,-0.001625,-0.006203,-4e-06,0.0,-0.0,-0.007654,0.0,-0.007387,-0.003786,0.0,-0.006669,-0.007208,-0.00243,0.0,-0.001279,-1e-06,0.0,-0.003981,0.0,-0.003314,-0.003891,0.0,-0.000343,-0.003699,0.0,-0.007761,-0.002328,0.0,-0.003008,0.0,-0.000105,-0.001798,-0.002093,-0.004469,-0.0023,0.0,0.0,-0.004286,-0.00361,-0.004697,0.0,0.0,-1.3e-05,0.0,0.0,-0.001727,-0.004431,-0.006889,-0.004039,0.0,-0.000362,-0.006587,-0.001162,-0.004704,0.0,-0.001053,-0.002102,-2e-06,0.0,-0.004016,-0.004296,0.0,-7e-06,0.0,-0.002871,0.0,-0.003975,0.0,-0.002082,-0.006804,-5e-06,-5e-06,-0.005842,0.0,0.0,0.0,-4.9e-05,-0.004215,-0.004967,0.0,-0.002534,-0.00242,-0.00768,-0.007638,0.0,-0.00644,0.0,-0.005279,-0.002443,0.0,-0.002359,-0.008608,-0.00521,-0.00482,-0.005151,-0.007472,-0.002382,-0.001026,-0.001348,0.0,-0.000782,-0.003421,-0.00363,-0.005421
2017-05-28 10:51:00+02:00,0.0,0.0,-0.000162,-0.00439,-0.0002,0.0,-0.001652,-0.002582,-0.00458,-3e-06,0.0,0.0,-0.005024,-0.00468,-0.001585,-0.006083,-3e-06,0.0,-0.0,-0.007565,0.0,-0.007301,-0.003691,0.0,-0.006588,-0.007085,-0.002356,0.0,-0.001204,-1e-06,0.0,-0.003929,0.0,-0.003271,-0.003851,0.0,-0.000275,-0.003596,0.0,-0.007669,-0.002262,0.0,-0.002924,0.0,-8.4e-05,-0.001689,-0.002011,-0.004397,-0.002239,0.0,0.0,-0.004229,-0.00354,-0.004753,0.0,0.0,-1e-05,0.0,0.0,-0.001632,-0.00437,-0.006801,-0.003928,0.0,-0.00029,-0.006465,-0.001096,-0.004632,0.0,-0.000991,-0.002044,-1e-06,0.0,-0.003971,-0.004261,0.0,-5e-06,0.0,-0.002773,0.0,-0.003893,0.0,-0.001975,-0.006717,-4e-06,-4e-06,-0.005867,0.0,0.0,0.0,-3.9e-05,-0.004138,-0.005018,0.0,-0.002478,-0.002337,-0.007549,-0.007508,0.0,-0.006356,0.0,-0.005164,-0.002377,0.0,-0.00229,-0.008704,-0.005268,-0.00473,-0.00503,-0.007347,-0.002317,-0.000952,-0.001293,0.0,-0.000691,-0.003334,-0.003517,-0.005443
2017-05-28 10:52:00+02:00,0.0,0.0,-0.000279,-0.004569,-0.000297,0.0,-0.001742,-0.002682,-0.00474,-3e-06,0.0,0.0,-0.005093,-0.004763,-0.001687,-0.006295,-2e-06,0.0,-0.0,-0.007839,0.0,-0.007566,-0.00385,0.0,-0.006838,-0.007316,-0.002452,0.0,-0.001291,-1e-06,0.0,-0.00408,0.0,-0.003408,-0.003999,0.0,-0.000413,-0.003758,0.0,-0.007946,-0.002358,0.0,-0.003107,0.0,-0.000156,-0.001826,-0.002109,-0.004549,-0.002361,0.0,0.0,-0.004382,-0.003663,-0.004822,0.0,0.0,-4.8e-05,0.0,0.0,-0.001766,-0.004524,-0.007059,-0.0041,0.0,-0.000418,-0.006684,-0.00118,-0.004788,0.0,-0.001072,-0.002161,-1e-06,0.0,-0.00412,-0.004368,0.0,-4e-06,0.0,-0.002924,0.0,-0.00402,0.0,-0.002114,-0.006969,-3e-06,-3e-06,-0.005938,0.0,0.0,0.0,-7.9e-05,-0.004269,-0.005088,0.0,-0.002581,-0.002514,-0.007789,-0.007749,0.0,-0.006612,0.0,-0.005359,-0.002501,0.0,-0.002387,-0.008823,-0.005337,-0.004956,-0.005227,-0.007584,-0.002414,-0.001036,-0.001398,0.0,-0.000809,-0.003529,-0.003685,-0.00552
2017-05-28 10:53:00+02:00,0.0,0.0,-0.000328,-0.004711,-0.000351,0.0,-0.001806,-0.00276,-0.004879,-2e-06,0.0,0.0,-0.005159,-0.00484,-0.001766,-0.006475,-2e-06,0.0,-0.0,-0.008059,0.0,-0.00778,-0.003978,0.0,-0.007063,-0.007519,-0.002526,0.0,-0.001345,-1e-06,0.0,-0.004213,0.0,-0.003528,-0.004135,0.0,-0.000492,-0.003887,0.0,-0.0082,-0.002433,0.0,-0.003228,0.0,-0.000186,-0.001912,-0.002177,-0.004663,-0.002454,0.0,0.0,-0.004501,-0.003766,-0.004887,0.0,0.0,-3.8e-05,0.0,0.0,-0.001861,-0.004644,-0.007292,-0.004233,0.0,-0.000476,-0.006872,-0.001238,-0.004906,0.0,-0.001129,-0.002238,-1e-06,0.0,-0.00424,-0.004465,0.0,-3e-06,0.0,-0.003039,0.0,-0.004126,0.0,-0.002205,-0.007197,-3e-06,-2e-06,-0.006002,0.0,0.0,0.0,-9.3e-05,-0.004383,-0.005155,0.0,-0.002665,-0.002643,-0.008,-0.00796,0.0,-0.006837,0.0,-0.005519,-0.002582,0.0,-0.002462,-0.008937,-0.005403,-0.005141,-0.005385,-0.007793,-0.00249,-0.001085,-0.001459,0.0,-0.000883,-0.003661,-0.003811,-0.00559
2017-05-28 10:54:00+02:00,0.0,0.0,-0.000311,-0.004688,-0.00033,0.0,-0.001789,-0.002738,-0.004874,-2e-06,0.0,0.0,-0.004946,-0.004695,-0.001765,-0.006449,-2e-06,0.0,-0.0,-0.008046,0.0,-0.007775,-0.00396,0.0,-0.007078,-0.007492,-0.002505,0.0,-0.001323,-1e-06,0.0,-0.004211,0.0,-0.00353,-0.004142,0.0,-0.000481,-0.003859,0.0,-0.008211,-0.002415,0.0,-0.003224,0.0,-0.00015,-0.001883,-0.002152,-0.004645,-0.002448,0.0,0.0,-0.004488,-0.003745,-0.004695,0.0,0.0,-3e-05,0.0,0.0,-0.001845,-0.004629,-0.007308,-0.004209,0.0,-0.000465,-0.006846,-0.001225,-0.004888,0.0,-0.001117,-0.00223,-1e-06,0.0,-0.004232,-0.004423,0.0,-3e-06,0.0,-0.003016,0.0,-0.004101,0.0,-0.002178,-0.007216,-2e-06,-2e-06,-0.005753,0.0,0.0,0.0,-7.4e-05,-0.004359,-0.004946,0.0,-0.002651,-0.00264,-0.007957,-0.00792,0.0,-0.006843,0.0,-0.005494,-0.002571,0.0,-0.002442,-0.008618,-0.005174,-0.005137,-0.005351,-0.007762,-0.002472,-0.001063,-0.00145,0.0,-0.000865,-0.003655,-0.003783,-0.005369
2017-05-28 10:55:00+02:00,0.0,0.0,-0.000249,-0.004371,-0.000264,0.0,-0.001636,-0.002551,-0.004596,-1e-06,0.0,0.0,-0.004505,-0.004276,-0.001622,-0.006062,-1e-06,0.0,-0.0,-0.007631,0.0,-0.007383,-0.003699,0.0,-0.006695,-0.00707,-0.002326,0.0,-0.001166,-0.0,0.0,-0.003967,0.0,-0.00332,-0.003919,0.0,-0.000385,-0.003583,0.0,-0.007771,-0.002245,0.0,-0.002988,0.0,-0.00012,-0.001652,-0.001962,-0.00439,-0.002256,0.0,0.0,-0.004246,-0.003516,-0.004276,0.0,0.0,-2.4e-05,0.0,0.0,-0.001648,-0.004379,-0.006909,-0.003906,0.0,-0.000372,-0.006446,-0.001092,-0.004623,0.0,-0.000992,-0.002068,-1e-06,0.0,-0.004009,-0.004031,0.0,-2e-06,0.0,-0.002774,0.0,-0.003849,0.0,-0.001943,-0.006828,-2e-06,-2e-06,-0.005259,0.0,0.0,0.0,-5.9e-05,-0.004102,-0.004505,0.0,-0.002473,-0.002392,-0.007496,-0.007464,0.0,-0.006448,0.0,-0.005145,-0.002392,0.0,-0.002269,-0.007893,-0.004715,-0.004791,-0.004991,-0.007324,-0.0023,-0.000916,-0.001312,0.0,-0.000699,-0.0034,-0.003486,-0.004896
2017-05-28 10:56:00+02:00,0.0,0.0,-0.000199,-0.004101,-0.000211,0.0,-0.001494,-0.002389,-0.004371,-1e-06,0.0,0.0,-0.004523,-0.004193,-0.0015,-0.005743,-1e-06,0.0,-0.0,-0.007261,0.0,-0.007025,-0.00347,0.0,-0.00638,-0.006726,-0.002168,0.0,-0.001025,-0.0,0.0,-0.003771,0.0,-0.003153,-0.003745,0.0,-0.000308,-0.003347,0.0,-0.007421,-0.002098,0.0,-0.002749,0.0,-9.6e-05,-0.001443,-0.001797,-0.004154,-0.00209,0.0,0.0,-0.004031,-0.00333,-0.004289,0.0,0.0,-1.9e-05,0.0,0.0,-0.001458,-0.004154,-0.006585,-0.003646,0.0,-0.000298,-0.006117,-0.000965,-0.00438,0.0,-0.000871,-0.001908,-0.0,0.0,-0.003813,-0.003915,0.0,-2e-06,0.0,-0.002556,0.0,-0.003643,0.0,-0.001731,-0.006508,-1e-06,-1e-06,-0.005199,0.0,0.0,0.0,-4.8e-05,-0.003894,-0.004482,0.0,-0.002327,-0.002169,-0.007128,-0.0071,0.0,-0.00613,0.0,-0.004853,-0.002214,0.0,-0.002118,-0.007901,-0.004709,-0.004505,-0.004694,-0.00697,-0.002152,-0.000782,-0.001169,0.0,-0.000559,-0.003145,-0.003233,-0.004841
2017-05-28 10:57:00+02:00,0.0,0.0,-0.000372,-0.004392,-0.000388,0.0,-0.001638,-0.00253,-0.004545,-5e-06,0.0,0.0,-0.004607,-0.004294,-0.001641,-0.006052,-1e-06,0.0,-0.0,-0.007475,0.0,-0.007239,-0.003691,0.0,-0.006655,-0.007043,-0.002312,0.0,-0.001206,-0.0,0.0,-0.003935,0.0,-0.003305,-0.003884,0.0,-0.00054,-0.003574,0.0,-0.007677,-0.002235,0.0,-0.002965,0.0,-0.000252,-0.001724,-0.001983,-0.004286,-0.002263,0.0,0.0,-0.004155,-0.003505,-0.004371,0.0,0.0,-0.000133,0.0,0.0,-0.001683,-0.004281,-0.006871,-0.003936,0.0,-0.000483,-0.00643,-0.00111,-0.004511,0.0,-0.001012,-0.002041,-0.0,0.0,-0.003929,-0.004019,0.0,-7e-06,0.0,-0.002781,0.0,-0.003829,0.0,-0.002009,-0.006791,-2e-05,-2.7e-05,-0.005301,0.0,0.0,0.0,-0.000141,-0.00408,-0.004574,0.0,-0.002483,-0.00244,-0.007446,-0.007419,0.0,-0.006411,0.0,-0.005152,-0.002353,0.0,-0.002258,-0.008044,-0.0048,-0.004784,-0.004995,-0.007289,-0.002287,-0.000962,-0.001307,0.0,-0.000778,-0.003365,-0.003524,-0.004942
2017-05-28 10:58:00+02:00,0.0,0.0,-0.000326,-0.004291,-0.000348,0.0,-0.00158,-0.002442,-0.00441,-4e-06,0.0,0.0,-0.004282,-0.004067,-0.0016,-0.005896,-1e-06,0.0,-0.0,-0.007197,0.0,-0.006979,-0.003571,0.0,-0.006475,-0.006858,-0.002232,0.0,-0.001187,-0.0,0.0,-0.00382,0.0,-0.00321,-0.003774,0.0,-0.000519,-0.003449,0.0,-0.007463,-0.002158,0.0,-0.002861,0.0,-0.000202,-0.001701,-0.00194,-0.004125,-0.002204,0.0,0.0,-0.003999,-0.00341,-0.004067,0.0,0.0,-0.000106,0.0,0.0,-0.001626,-0.00412,-0.006683,-0.003849,0.0,-0.000442,-0.006264,-0.001072,-0.004342,0.0,-0.000977,-0.001964,-0.0,0.0,-0.003781,-0.003838,0.0,-5e-06,0.0,-0.002683,0.0,-0.003725,0.0,-0.001979,-0.00661,-1.6e-05,-2.1e-05,-0.004984,0.0,0.0,0.0,-0.000113,-0.003968,-0.004282,0.0,-0.00242,-0.002386,-0.007233,-0.007209,0.0,-0.006228,0.0,-0.005027,-0.002265,0.0,-0.00218,-0.007497,-0.004478,-0.004649,-0.004866,-0.007091,-0.002207,-0.000951,-0.001257,0.0,-0.000746,-0.003243,-0.003445,-0.004647
2017-05-28 10:59:00+02:00,0.0,0.0,-0.000261,-0.003858,-0.000279,0.0,-0.001378,-0.002184,-0.003996,-3e-06,0.0,0.0,-0.003844,-0.003653,-0.001405,-0.005344,-1e-06,0.0,-0.0,-0.006546,0.0,-0.006353,-0.0032,0.0,-0.005879,-0.006236,-0.001988,0.0,-0.001007,-0.0,0.0,-0.003454,0.0,-0.002897,-0.003427,0.0,-0.000415,-0.003072,0.0,-0.006779,-0.001925,0.0,-0.00252,0.0,-0.000161,-0.001436,-0.001706,-0.003737,-0.001943,0.0,0.0,-0.003629,-0.003087,-0.003653,0.0,0.0,-8.5e-05,0.0,0.0,-0.001374,-0.003738,-0.006061,-0.003443,0.0,-0.000354,-0.005685,-0.000905,-0.003938,0.0,-0.00082,-0.001735,-0.0,0.0,-0.003435,-0.003451,0.0,-4e-06,0.0,-0.002358,0.0,-0.003372,0.0,-0.001698,-0.005999,-1.3e-05,-1.7e-05,-0.004477,0.0,0.0,0.0,-9e-05,-0.0036,-0.003844,0.0,-0.002177,-0.002058,-0.006568,-0.006548,0.0,-0.005631,0.0,-0.004538,-0.002008,0.0,-0.001943,-0.006765,-0.004019,-0.004155,-0.004377,-0.006448,-0.001971,-0.000787,-0.001074,0.0,-0.000597,-0.002871,-0.003062,-0.004171
2017-05-28 11:00:00+02:00,0.0,0.0,-0.000209,-0.003476,-0.000223,0.0,-0.001195,-0.001957,-0.003618,-2e-06,0.0,0.0,-0.003641,-0.003395,-0.001215,-0.004867,-0.0,0.0,-0.0,-0.005997,0.0,-0.005822,-0.002869,0.0,-0.005328,-0.005705,-0.001771,0.0,-0.000839,-0.0,0.0,-0.00312,0.0,-0.002609,-0.00311,0.0,-0.000332,-0.002738,0.0,-0.00615,-0.001719,0.0,-0.002214,0.0,-0.000129,-0.001185,-0.001496,-0.003407,-0.00169,0.0,0.0,-0.003317,-0.002811,-0.003457,0.0,0.0,-6.8e-05,0.0,0.0,-0.001137,-0.003416,-0.005482,-0.003084,0.0,-0.000283,-0.005187,-0.000749,-0.003597,0.0,-0.000673,-0.001531,-0.0,0.0,-0.003145,-0.003182,0.0,-3e-06,0.0,-0.002064,0.0,-0.003071,0.0,-0.001437,-0.005428,-1e-05,-1.4e-05,-0.004195,0.0,0.0,0.0,-7.2e-05,-0.003288,-0.003615,0.0,-0.001966,-0.001729,-0.006006,-0.005989,0.0,-0.005081,0.0,-0.004113,-0.001782,0.0,-0.001733,-0.006393,-0.003793,-0.003688,-0.003953,-0.005901,-0.001762,-0.000631,-0.000905,0.0,-0.000477,-0.002541,-0.00272,-0.003906
2017-05-28 11:01:00+02:00,0.0,0.0,-0.000345,-0.003685,-0.000386,0.0,-0.001332,-0.002084,-0.003716,-2.3e-05,0.0,0.0,-0.003845,-0.003565,-0.001319,-0.005069,-0.0,0.0,-0.0,-0.006153,0.0,-0.005978,-0.003064,0.0,-0.005482,-0.0059,-0.001901,0.0,-0.000993,-0.0,0.0,-0.003216,0.0,-0.002701,-0.00319,0.0,-0.000497,-0.002941,0.0,-0.006298,-0.001842,0.0,-0.0024,0.0,-0.000275,-0.001425,-0.001644,-0.00351,-0.001816,0.0,0.0,-0.003413,-0.002928,-0.003652,0.0,0.0,-0.000155,0.0,0.0,-0.001355,-0.003514,-0.005635,-0.003299,0.0,-0.00043,-0.005386,-0.00089,-0.003698,0.0,-0.000811,-0.001646,-0.0,0.0,-0.003233,-0.003314,0.0,-3.5e-05,0.0,-0.002274,0.0,-0.003195,0.0,-0.00167,-0.005578,-5.3e-05,-3.7e-05,-0.00443,0.0,0.0,0.0,-0.00016,-0.003405,-0.003824,0.0,-0.002078,-0.001937,-0.006198,-0.006182,0.0,-0.005244,0.0,-0.00432,-0.0019,0.0,-0.001859,-0.006737,-0.004007,-0.003871,-0.004165,-0.006094,-0.001885,-0.000789,-0.001029,0.0,-0.000679,-0.002726,-0.002942,-0.004128
2017-05-28 11:02:00+02:00,0.0,0.0,-0.000491,-0.004025,-0.000557,0.0,-0.001501,-0.002266,-0.00395,-6.4e-05,0.0,0.0,-0.004078,-0.003806,-0.001482,-0.00545,-0.0,0.0,-0.0,-0.006499,0.0,-0.006316,-0.003339,0.0,-0.005835,-0.006302,-0.00208,0.0,-0.001188,-0.0,0.0,-0.003435,0.0,-0.0029,-0.003394,0.0,-0.00071,-0.003226,0.0,-0.006684,-0.002015,0.0,-0.002652,0.0,-0.000428,-0.001726,-0.001853,-0.003716,-0.002016,0.0,0.0,-0.003613,-0.00315,-0.003876,0.0,0.0,-0.00025,0.0,0.0,-0.001601,-0.003719,-0.005999,-0.003633,0.0,-0.000588,-0.005776,-0.001049,-0.003908,0.0,-0.000964,-0.001808,-0.0,0.0,-0.003424,-0.003554,0.0,-0.000102,0.0,-0.002544,0.0,-0.003432,0.0,-0.001969,-0.005935,-0.000109,-7e-05,-0.004691,0.0,0.0,0.0,-0.000254,-0.003645,-0.004062,0.0,-0.002267,-0.002233,-0.006615,-0.006598,0.0,-0.005607,0.0,-0.00468,-0.002072,0.0,-0.002035,-0.007128,-0.004251,-0.004211,-0.00453,-0.006504,-0.002058,-0.00098,-0.00118,0.0,-0.000895,-0.00299,-0.003274,-0.004383
2017-05-28 11:03:00+02:00,0.0,0.0,-0.000662,-0.004423,-0.000725,0.0,-0.001678,-0.002465,-0.004256,-0.000119,0.0,0.0,-0.004278,-0.004013,-0.001674,-0.005915,-3.8e-05,0.0,-0.0,-0.006946,0.0,-0.00675,-0.003641,0.0,-0.006292,-0.006802,-0.002275,0.0,-0.001399,-0.0,0.0,-0.003717,0.0,-0.003153,-0.003631,0.0,-0.000947,-0.003535,0.0,-0.007126,-0.002203,0.0,-0.00295,0.0,-0.000578,-0.002049,-0.002088,-0.00398,-0.002254,0.0,0.0,-0.003871,-0.003422,-0.004068,0.0,0.0,-0.000375,0.0,0.0,-0.001851,-0.003982,-0.006479,-0.004019,0.0,-0.00077,-0.006254,-0.00121,-0.004179,0.0,-0.00112,-0.002003,-3e-06,0.0,-0.003669,-0.003759,0.0,-0.00019,0.0,-0.00283,0.0,-0.003721,0.0,-0.002295,-0.006404,-0.000169,-0.000137,-0.004912,0.0,0.0,0.0,-0.000346,-0.003942,-0.004265,0.0,-0.002491,-0.002572,-0.007105,-0.007085,0.0,-0.006074,0.0,-0.00511,-0.00228,0.0,-0.002226,-0.007463,-0.004459,-0.004632,-0.004963,-0.006982,-0.002248,-0.001183,-0.001354,0.0,-0.001106,-0.003306,-0.003654,-0.004601
2017-05-28 11:04:00+02:00,0.0,0.0,-0.00068,-0.004662,-0.000756,0.0,-0.001762,-0.002576,-0.00448,-9.5e-05,0.0,0.0,-0.004479,-0.004218,-0.001792,-0.006221,-3.1e-05,0.0,-0.0,-0.00726,0.0,-0.007052,-0.003811,0.0,-0.006629,-0.007148,-0.002379,0.0,-0.001497,-0.0,0.0,-0.003924,0.0,-0.003338,-0.00385,0.0,-0.001031,-0.003708,0.0,-0.007539,-0.002308,0.0,-0.0031,0.0,-0.000593,-0.002201,-0.002212,-0.004151,-0.0024,0.0,0.0,-0.004047,-0.003602,-0.004262,0.0,0.0,-0.000345,0.0,0.0,-0.001958,-0.004161,-0.006838,-0.004245,0.0,-0.0008,-0.006575,-0.001277,-0.004358,0.0,-0.001184,-0.002103,-2e-06,0.0,-0.003841,-0.003961,0.0,-0.000152,0.0,-0.002977,0.0,-0.003911,0.0,-0.002454,-0.006755,-0.000135,-0.00011,-0.005128,0.0,0.0,0.0,-0.000351,-0.004144,-0.004468,0.0,-0.002632,-0.002765,-0.007475,-0.007454,0.0,-0.006416,0.0,-0.00538,-0.002387,0.0,-0.002331,-0.007799,-0.004666,-0.004916,-0.005232,-0.007345,-0.002354,-0.001274,-0.001428,0.0,-0.001174,-0.003472,-0.003869,-0.004816
2017-05-28 11:05:00+02:00,0.0,0.0,-0.000671,-0.00484,-0.00077,0.0,-0.00183,-0.002669,-0.00467,-7.6e-05,0.0,0.0,-0.004625,-0.004368,-0.001885,-0.006457,-2.4e-05,0.0,-0.0,-0.007518,0.0,-0.007302,-0.003955,0.0,-0.006916,-0.007419,-0.002466,0.0,-0.001561,-0.0,0.0,-0.0041,0.0,-0.003494,-0.004021,0.0,-0.001078,-0.003851,0.0,-0.007854,-0.002396,0.0,-0.00321,0.0,-0.000591,-0.002298,-0.002298,-0.004291,-0.002515,0.0,0.0,-0.004192,-0.003742,-0.004404,0.0,0.0,-0.000295,0.0,0.0,-0.002041,-0.004307,-0.007144,-0.00441,0.0,-0.000803,-0.006824,-0.001329,-0.004505,0.0,-0.001234,-0.002177,-2e-06,0.0,-0.003983,-0.004111,0.0,-0.000121,0.0,-0.003096,0.0,-0.004059,0.0,-0.002559,-0.007055,-0.000108,-8.8e-05,-0.005285,0.0,0.0,0.0,-0.000347,-0.004303,-0.004617,0.0,-0.002739,-0.002912,-0.007764,-0.007744,0.0,-0.006704,0.0,-0.005586,-0.002469,0.0,-0.002419,-0.008043,-0.004817,-0.005147,-0.005434,-0.007631,-0.002444,-0.00133,-0.001478,0.0,-0.00122,-0.003597,-0.004023,-0.004972
2017-05-28 11:06:00+02:00,0.0,0.0,-0.00056,-0.004868,-0.000688,0.0,-0.001816,-0.002672,-0.00472,-6.1e-05,0.0,0.0,-0.004738,-0.004485,-0.001888,-0.006526,-2e-05,0.0,-0.0,-0.00758,0.0,-0.00736,-0.003962,0.0,-0.006991,-0.007516,-0.002464,0.0,-0.00154,-0.0,0.0,-0.004147,0.0,-0.003533,-0.004089,0.0,-0.000989,-0.003852,0.0,-0.007976,-0.002398,0.0,-0.00318,0.0,-0.000498,-0.002265,-0.002291,-0.004312,-0.002516,0.0,0.0,-0.004224,-0.003786,-0.004514,0.0,0.0,-0.000236,0.0,0.0,-0.002009,-0.004338,-0.007229,-0.004427,0.0,-0.0007,-0.006905,-0.001306,-0.004531,0.0,-0.001212,-0.002161,-2e-06,0.0,-0.004019,-0.004227,0.0,-9.7e-05,0.0,-0.003083,0.0,-0.004103,0.0,-0.002533,-0.007137,-8.7e-05,-7e-05,-0.005405,0.0,0.0,0.0,-0.000285,-0.004359,-0.004732,0.0,-0.002763,-0.002894,-0.00787,-0.00785,0.0,-0.006776,0.0,-0.005632,-0.002453,0.0,-0.002419,-0.00823,-0.004934,-0.005179,-0.005474,-0.007736,-0.002447,-0.001304,-0.001444,0.0,-0.001158,-0.003574,-0.004031,-0.005094
2017-05-28 11:07:00+02:00,0.0,0.0,-0.000452,-0.004814,-0.000607,0.0,-0.00178,-0.002639,-0.004692,-4.9e-05,0.0,0.0,-0.004776,-0.004527,-0.001856,-0.006482,-1.6e-05,0.0,-0.0,-0.007522,0.0,-0.007305,-0.003914,0.0,-0.006949,-0.007481,-0.00243,0.0,-0.001494,-0.0,0.0,-0.004122,0.0,-0.00351,-0.004081,0.0,-0.000888,-0.003798,0.0,-0.007953,-0.002368,0.0,-0.003105,0.0,-0.000411,-0.002193,-0.002248,-0.004271,-0.002476,0.0,0.0,-0.00419,-0.003763,-0.00455,0.0,0.0,-0.000189,0.0,0.0,-0.001952,-0.004302,-0.00719,-0.00437,0.0,-0.000597,-0.006865,-0.001269,-0.004491,0.0,-0.001177,-0.002115,-1e-06,0.0,-0.003991,-0.004271,0.0,-7.8e-05,0.0,-0.003027,0.0,-0.004078,0.0,-0.002464,-0.007099,-6.9e-05,-5.6e-05,-0.005445,0.0,0.0,0.0,-0.000228,-0.00434,-0.00477,0.0,-0.002737,-0.002826,-0.007833,-0.007814,0.0,-0.006729,0.0,-0.005582,-0.002404,0.0,-0.002387,-0.008286,-0.004973,-0.00512,-0.005418,-0.007704,-0.002417,-0.001256,-0.001392,0.0,-0.001087,-0.003498,-0.003968,-0.005135
2017-05-28 11:08:00+02:00,0.0,0.0,-0.000361,-0.004599,-0.000486,0.0,-0.001664,-0.002509,-0.004511,-3.9e-05,0.0,0.0,-0.004697,-0.004458,-0.001745,-0.006237,-1.3e-05,0.0,-0.0,-0.00725,0.0,-0.007043,-0.003721,0.0,-0.006681,-0.007222,-0.002302,0.0,-0.001376,-0.0,0.0,-0.00396,0.0,-0.003366,-0.003937,0.0,-0.000711,-0.003596,0.0,-0.007668,-0.002247,0.0,-0.002912,0.0,-0.000329,-0.002013,-0.002117,-0.004106,-0.002333,0.0,0.0,-0.004036,-0.003623,-0.004477,0.0,0.0,-0.000151,0.0,0.0,-0.001789,-0.004143,-0.006914,-0.00416,0.0,-0.000478,-0.006614,-0.001163,-0.004323,0.0,-0.001075,-0.001991,-1e-06,0.0,-0.003848,-0.004169,0.0,-6.2e-05,0.0,-0.002841,0.0,-0.003926,0.0,-0.002284,-0.006829,-5.5e-05,-4.5e-05,-0.005353,0.0,0.0,0.0,-0.000182,-0.004188,-0.004697,0.0,-0.00262,-0.002622,-0.007558,-0.007542,0.0,-0.006455,0.0,-0.005352,-0.00227,0.0,-0.002264,-0.008118,-0.004894,-0.00487,-0.005182,-0.007439,-0.002295,-0.001143,-0.001276,0.0,-0.00093,-0.003295,-0.00376,-0.005059
2017-05-28 11:09:00+02:00,0.0,0.0,-0.000289,-0.00445,-0.000389,0.0,-0.001575,-0.002416,-0.004396,-3.1e-05,0.0,0.0,-0.004787,-0.004446,-0.001666,-0.006081,-1e-05,0.0,-0.0,-0.007088,0.0,-0.006883,-0.003585,0.0,-0.00651,-0.007062,-0.00221,0.0,-0.001284,-0.0,0.0,-0.00386,0.0,-0.003278,-0.003856,0.0,-0.000569,-0.003456,0.0,-0.007501,-0.002162,0.0,-0.002769,0.0,-0.000263,-0.001872,-0.002019,-0.003999,-0.00223,0.0,0.0,-0.003942,-0.003536,-0.004558,0.0,0.0,-0.000121,0.0,0.0,-0.001659,-0.004044,-0.006742,-0.004013,0.0,-0.000382,-0.006457,-0.001077,-0.004215,0.0,-0.000993,-0.0019,-1e-06,0.0,-0.003765,-0.004127,0.0,-5e-05,0.0,-0.002706,0.0,-0.00383,0.0,-0.002144,-0.006657,-4.4e-05,-3.6e-05,-0.005377,0.0,0.0,0.0,-0.000146,-0.004096,-0.004746,0.0,-0.002545,-0.002469,-0.007396,-0.007381,0.0,-0.006284,0.0,-0.0052,-0.002171,0.0,-0.002176,-0.008255,-0.004964,-0.004703,-0.005027,-0.00728,-0.00221,-0.001052,-0.001185,0.0,-0.000798,-0.003149,-0.003612,-0.005081
2017-05-28 11:10:00+02:00,0.0,0.0,-0.000416,-0.004764,-0.000525,0.0,-0.001723,-0.00259,-0.004669,-2.5e-05,0.0,0.0,-0.00494,-0.004618,-0.00183,-0.006466,-8e-06,0.0,-0.0,-0.00751,0.0,-0.007288,-0.003849,0.0,-0.006915,-0.007483,-0.002376,0.0,-0.001435,-0.0,0.0,-0.004116,0.0,-0.003509,-0.004093,0.0,-0.000764,-0.00373,0.0,-0.007933,-0.002328,0.0,-0.003026,0.0,-0.000376,-0.002106,-0.002195,-0.004239,-0.002428,0.0,0.0,-0.004185,-0.003765,-0.004708,0.0,0.0,-0.000171,0.0,0.0,-0.001869,-0.00429,-0.007175,-0.004315,0.0,-0.000526,-0.006856,-0.00121,-0.004462,0.0,-0.001122,-0.00207,-1e-06,0.0,-0.003999,-0.00431,0.0,-4e-05,0.0,-0.002954,0.0,-0.00407,0.0,-0.002382,-0.007077,-3.5e-05,-2.9e-05,-0.005544,0.0,0.0,0.0,-0.000214,-0.004347,-0.004907,0.0,-0.002732,-0.002746,-0.007842,-0.007826,0.0,-0.006706,0.0,-0.005548,-0.002351,0.0,-0.002343,-0.008513,-0.005123,-0.005072,-0.005381,-0.007715,-0.002378,-0.001195,-0.001331,0.0,-0.000977,-0.003426,-0.003908,-0.005252
2017-05-28 11:11:00+02:00,0.0,0.0,-0.000505,-0.005054,-0.000612,0.0,-0.001848,-0.002749,-0.004941,-2e-05,0.0,0.0,-0.005067,-0.004762,-0.001978,-0.006834,-6e-06,0.0,-0.0,-0.007948,0.0,-0.007712,-0.004092,0.0,-0.007321,-0.007893,-0.002527,0.0,-0.001557,-0.0,0.0,-0.00437,0.0,-0.003737,-0.004288,0.0,-0.000904,-0.003978,0.0,-0.008286,-0.002479,0.0,-0.003263,0.0,-0.00044,-0.002294,-0.002346,-0.004486,-0.002607,0.0,0.0,-0.004435,-0.003985,-0.004834,0.0,0.0,-0.00019,0.0,0.0,-0.002035,-0.004544,-0.007608,-0.004588,0.0,-0.00063,-0.00724,-0.001314,-0.004718,0.0,-0.001222,-0.002228,-0.0,0.0,-0.004243,-0.004462,0.0,-3.2e-05,0.0,-0.003167,0.0,-0.004301,0.0,-0.002577,-0.007498,-2.8e-05,-2.3e-05,-0.005682,0.0,0.0,0.0,-0.000251,-0.004589,-0.005041,0.0,-0.002906,-0.002985,-0.008253,-0.008233,0.0,-0.007122,0.0,-0.005876,-0.00252,0.0,-0.002494,-0.008728,-0.005256,-0.00542,-0.00571,-0.008112,-0.002531,-0.001308,-0.001458,0.0,-0.001103,-0.003685,-0.00417,-0.005393
2017-05-28 11:12:00+02:00,0.0,0.0,-0.000453,-0.005146,-0.000561,0.0,-0.001862,-0.002788,-0.005057,-1.6e-05,0.0,0.0,-0.005154,-0.004861,-0.002019,-0.006979,-5e-06,0.0,-0.0,-0.008143,0.0,-0.007897,-0.004153,0.0,-0.007494,-0.008069,-0.00256,0.0,-0.001568,-0.0,0.0,-0.004479,0.0,-0.003832,-0.004429,0.0,-0.000876,-0.004036,0.0,-0.008539,-0.002516,0.0,-0.003318,0.0,-0.000371,-0.002309,-0.002376,-0.004586,-0.002656,0.0,0.0,-0.004544,-0.004074,-0.004919,0.0,0.0,-0.000152,0.0,0.0,-0.002036,-0.004653,-0.0078,-0.004667,0.0,-0.000592,-0.007397,-0.001313,-0.004825,0.0,-0.001221,-0.002268,-0.0,0.0,-0.004352,-0.004568,0.0,-2.5e-05,0.0,-0.003202,0.0,-0.004393,0.0,-0.0026,-0.007683,-2.3e-05,-1.8e-05,-0.005775,0.0,0.0,0.0,-0.000203,-0.004693,-0.005133,0.0,-0.002968,-0.003032,-0.008445,-0.008425,0.0,-0.007296,0.0,-0.005993,-0.002564,0.0,-0.002529,-0.008871,-0.005346,-0.005542,-0.005823,-0.008302,-0.002569,-0.001312,-0.001475,0.0,-0.001076,-0.003753,-0.004238,-0.00549
2017-05-28 11:13:00+02:00,0.0,0.0,-0.000362,-0.005128,-0.000463,0.0,-0.001829,-0.00277,-0.005064,-1.3e-05,0.0,0.0,-0.005213,-0.004932,-0.001998,-0.006991,-4e-06,0.0,-0.0,-0.008182,0.0,-0.007933,-0.004128,0.0,-0.007503,-0.008097,-0.002538,0.0,-0.001526,-0.0,0.0,-0.004488,0.0,-0.00384,-0.004471,0.0,-0.00077,-0.004006,0.0,-0.008613,-0.002499,0.0,-0.003277,0.0,-0.000297,-0.002243,-0.002345,-0.004595,-0.002629,0.0,0.0,-0.004564,-0.004084,-0.004978,0.0,0.0,-0.000122,0.0,0.0,-0.001973,-0.004671,-0.007824,-0.004642,0.0,-0.000493,-0.007415,-0.001271,-0.004838,0.0,-0.00118,-0.002246,-0.0,0.0,-0.004376,-0.004646,0.0,-2e-05,0.0,-0.003158,0.0,-0.004401,0.0,-0.002541,-0.007706,-1.8e-05,-1.5e-05,-0.005837,0.0,0.0,0.0,-0.000163,-0.00471,-0.005197,0.0,-0.002967,-0.002974,-0.008481,-0.008463,0.0,-0.007305,0.0,-0.005989,-0.002541,0.0,-0.00251,-0.008969,-0.005408,-0.005523,-0.005813,-0.00834,-0.002553,-0.001265,-0.001437,0.0,-0.000993,-0.003718,-0.004204,-0.005556
2017-05-28 11:14:00+02:00,0.0,0.0,-0.00029,-0.005111,-0.000375,0.0,-0.0018,-0.002756,-0.005049,-1e-05,0.0,0.0,-0.005289,-0.005017,-0.001968,-0.007003,-3e-06,0.0,-0.0,-0.008231,0.0,-0.007977,-0.004112,0.0,-0.007484,-0.008127,-0.00252,0.0,-0.001484,-0.0,0.0,-0.00448,0.0,-0.003834,-0.004497,0.0,-0.000652,-0.003986,0.0,-0.008653,-0.002487,0.0,-0.003249,0.0,-0.000238,-0.002179,-0.002314,-0.004608,-0.002587,0.0,0.0,-0.004589,-0.004095,-0.005053,0.0,0.0,-9.7e-05,0.0,0.0,-0.001921,-0.004693,-0.007823,-0.004617,0.0,-0.000411,-0.007434,-0.001235,-0.004854,0.0,-0.001145,-0.00223,-0.0,0.0,-0.004406,-0.004735,0.0,-1.6e-05,0.0,-0.003124,0.0,-0.004408,0.0,-0.002484,-0.007702,-1.5e-05,-1.2e-05,-0.005913,0.0,0.0,0.0,-0.00013,-0.004726,-0.005276,0.0,-0.002967,-0.002898,-0.008518,-0.008501,0.0,-0.007289,0.0,-0.005986,-0.002525,0.0,-0.002496,-0.009094,-0.005486,-0.005482,-0.005806,-0.008377,-0.002542,-0.00122,-0.001407,0.0,-0.000919,-0.003696,-0.004171,-0.005637
2017-05-28 11:15:00+02:00,0.0,0.0,-0.000275,-0.005184,-0.000357,0.0,-0.00182,-0.002794,-0.005122,-8e-06,0.0,0.0,-0.00535,-0.005085,-0.001994,-0.007112,-3e-06,0.0,-0.0,-0.008389,0.0,-0.008129,-0.004174,0.0,-0.007598,-0.008258,-0.002553,0.0,-0.001496,-0.0,0.0,-0.00455,0.0,-0.003896,-0.004584,0.0,-0.000632,-0.004046,0.0,-0.00881,-0.002523,0.0,-0.003312,0.0,-0.000193,-0.002198,-0.002338,-0.004688,-0.002615,0.0,0.0,-0.004677,-0.004161,-0.005114,0.0,0.0,-7.8e-05,0.0,0.0,-0.001941,-0.004781,-0.007941,-0.004681,0.0,-0.000411,-0.007551,-0.001246,-0.004939,0.0,-0.001155,-0.002273,-0.0,0.0,-0.004496,-0.004807,0.0,-1.3e-05,0.0,-0.003167,0.0,-0.004475,0.0,-0.002508,-0.007816,-1.2e-05,-9e-06,-0.005972,0.0,0.0,0.0,-0.000104,-0.004801,-0.005339,0.0,-0.003016,-0.002926,-0.008658,-0.008642,0.0,-0.007401,0.0,-0.006076,-0.002569,0.0,-0.002531,-0.009195,-0.005547,-0.005558,-0.005893,-0.008516,-0.002579,-0.001227,-0.001434,0.0,-0.000917,-0.003768,-0.004228,-0.005701
2017-05-28 11:16:00+02:00,0.0,0.0,-0.000241,-0.00522,-0.000306,0.0,-0.001812,-0.002799,-0.00515,-7e-06,0.0,0.0,-0.005401,-0.005143,-0.001993,-0.007178,-2e-06,0.0,-0.0,-0.008493,0.0,-0.008229,-0.004188,0.0,-0.007647,-0.008341,-0.002555,0.0,-0.001487,-0.0,0.0,-0.004579,0.0,-0.003921,-0.004632,0.0,-0.000572,-0.004056,0.0,-0.008891,-0.002529,0.0,-0.00334,0.0,-0.000155,-0.002186,-0.002341,-0.004734,-0.002609,0.0,0.0,-0.004733,-0.004201,-0.005166,0.0,0.0,-6.2e-05,0.0,0.0,-0.001919,-0.004835,-0.007993,-0.004709,0.0,-0.00039,-0.007624,-0.001229,-0.004989,0.0,-0.001139,-0.002291,-0.0,0.0,-0.004555,-0.004869,0.0,-1e-05,0.0,-0.003163,0.0,-0.004513,0.0,-0.002502,-0.007866,-9e-06,-8e-06,-0.006018,0.0,0.0,0.0,-8.3e-05,-0.004848,-0.005392,0.0,-0.003044,-0.002906,-0.008748,-0.008732,0.0,-0.007447,0.0,-0.006126,-0.002589,0.0,-0.002535,-0.009281,-0.005599,-0.005574,-0.005939,-0.008607,-0.002585,-0.001215,-0.00144,0.0,-0.000877,-0.003802,-0.004248,-0.005753
2017-05-28 11:17:00+02:00,0.0,0.0,-0.000205,-0.005261,-0.000256,0.0,-0.001799,-0.002798,-0.00517,-5e-06,0.0,0.0,-0.005442,-0.00519,-0.00199,-0.00725,-2e-06,0.0,-0.0,-0.008568,0.0,-0.008302,-0.004195,0.0,-0.007688,-0.008432,-0.002551,0.0,-0.001483,-0.0,0.0,-0.004601,0.0,-0.003942,-0.004671,0.0,-0.000516,-0.004057,0.0,-0.008958,-0.002529,0.0,-0.003353,0.0,-0.000124,-0.002182,-0.002346,-0.004763,-0.002601,0.0,0.0,-0.004771,-0.004244,-0.005209,0.0,0.0,-5e-05,0.0,0.0,-0.001894,-0.004871,-0.008037,-0.004743,0.0,-0.000364,-0.007703,-0.001211,-0.005021,0.0,-0.001121,-0.002299,-0.0,0.0,-0.004598,-0.00492,0.0,-8e-06,0.0,-0.003153,0.0,-0.004555,0.0,-0.002503,-0.007908,-7e-06,-6e-06,-0.006054,0.0,0.0,0.0,-6.7e-05,-0.004898,-0.005435,0.0,-0.003074,-0.002886,-0.008843,-0.008828,0.0,-0.007484,0.0,-0.006182,-0.002596,0.0,-0.002534,-0.009353,-0.00564,-0.005584,-0.005989,-0.008703,-0.002586,-0.001208,-0.001438,0.0,-0.000837,-0.003819,-0.004274,-0.005794
2017-05-28 11:18:00+02:00,0.0,0.0,-0.000164,-0.00528,-0.000205,0.0,-0.001776,-0.002784,-0.005172,-4e-06,0.0,0.0,-0.005475,-0.005228,-0.001977,-0.007293,-1e-06,0.0,-0.0,-0.008603,0.0,-0.008337,-0.004182,0.0,-0.007701,-0.008491,-0.002535,0.0,-0.00147,-0.0,0.0,-0.004605,0.0,-0.003946,-0.004692,0.0,-0.000451,-0.004039,0.0,-0.00899,-0.002517,0.0,-0.003346,0.0,-9.9e-05,-0.002163,-0.00234,-0.004769,-0.00258,0.0,0.0,-0.004786,-0.004269,-0.005243,0.0,0.0,-4e-05,0.0,0.0,-0.001853,-0.004885,-0.008051,-0.004756,0.0,-0.000327,-0.007752,-0.001182,-0.00503,0.0,-0.001094,-0.002294,-0.0,0.0,-0.004619,-0.004962,0.0,-7e-06,0.0,-0.003126,0.0,-0.004578,0.0,-0.002489,-0.007922,-6e-06,-5e-06,-0.006081,0.0,0.0,0.0,-5.3e-05,-0.004929,-0.00547,0.0,-0.00309,-0.002849,-0.008902,-0.008889,0.0,-0.007491,0.0,-0.006212,-0.00259,0.0,-0.00252,-0.00941,-0.005672,-0.00557,-0.006014,-0.008765,-0.002574,-0.001191,-0.001426,0.0,-0.000786,-0.003815,-0.00428,-0.005826
2017-05-28 11:19:00+02:00,0.0,0.0,-0.000131,-0.005286,-0.000164,0.0,-0.001753,-0.002767,-0.005178,-3e-06,0.0,0.0,-0.005507,-0.005264,-0.001971,-0.007318,-1e-06,0.0,-0.0,-0.008622,0.0,-0.008357,-0.004164,0.0,-0.007723,-0.008529,-0.002516,0.0,-0.00145,-0.0,0.0,-0.004615,0.0,-0.003958,-0.004722,0.0,-0.000399,-0.004016,0.0,-0.009038,-0.002502,0.0,-0.003326,0.0,-7.9e-05,-0.002135,-0.002327,-0.004765,-0.002568,0.0,0.0,-0.004792,-0.004284,-0.005276,0.0,0.0,-3.2e-05,0.0,0.0,-0.001812,-0.004888,-0.008082,-0.004756,0.0,-0.000281,-0.007783,-0.001154,-0.005028,0.0,-0.001067,-0.00228,-0.0,0.0,-0.004631,-0.005001,0.0,-5e-06,0.0,-0.003097,0.0,-0.004589,0.0,-0.002466,-0.007952,-5e-06,-4e-06,-0.006105,0.0,0.0,0.0,-4.3e-05,-0.004948,-0.005502,0.0,-0.003099,-0.002826,-0.00894,-0.008928,0.0,-0.00751,0.0,-0.006228,-0.002574,0.0,-0.002504,-0.009466,-0.005702,-0.00557,-0.006023,-0.008806,-0.00256,-0.001169,-0.001405,0.0,-0.000736,-0.003798,-0.004273,-0.005856
2017-05-28 11:20:00+02:00,0.0,0.0,-0.000105,-0.005307,-0.000131,0.0,-0.00174,-0.002759,-0.005188,-3e-06,0.0,0.0,-0.005531,-0.005293,-0.00197,-0.007356,-1e-06,0.0,-0.0,-0.008657,0.0,-0.008392,-0.004163,0.0,-0.007754,-0.00858,-0.002508,0.0,-0.00144,-0.0,0.0,-0.004629,0.0,-0.003972,-0.004748,0.0,-0.00036,-0.004011,0.0,-0.009081,-0.002497,0.0,-0.003324,0.0,-6.3e-05,-0.002123,-0.002323,-0.004771,-0.00256,0.0,0.0,-0.004806,-0.004305,-0.005302,0.0,0.0,-2.6e-05,0.0,0.0,-0.001793,-0.0049,-0.008114,-0.004771,0.0,-0.000253,-0.007826,-0.001139,-0.005035,0.0,-0.001052,-0.002277,-0.0,0.0,-0.004651,-0.005033,0.0,-4e-06,0.0,-0.003085,0.0,-0.004607,0.0,-0.002459,-0.007983,-4e-06,-3e-06,-0.00612,0.0,0.0,0.0,-3.4e-05,-0.004973,-0.005527,0.0,-0.003114,-0.002811,-0.008989,-0.008978,0.0,-0.007536,0.0,-0.006256,-0.00257,0.0,-0.002497,-0.009511,-0.005725,-0.005575,-0.006047,-0.008858,-0.002555,-0.001158,-0.001396,0.0,-0.000707,-0.003798,-0.004282,-0.005877
2017-05-28 11:21:00+02:00,0.0,0.0,-8.4e-05,-0.005325,-0.000105,0.0,-0.001731,-0.002753,-0.005197,-2e-06,0.0,0.0,-0.005553,-0.005319,-0.001969,-0.007384,-1e-06,0.0,-0.0,-0.008691,0.0,-0.008427,-0.004164,0.0,-0.007784,-0.008612,-0.002501,0.0,-0.001434,-0.0,0.0,-0.004641,0.0,-0.003985,-0.004772,0.0,-0.000331,-0.004008,0.0,-0.009118,-0.002494,0.0,-0.003329,0.0,-5.1e-05,-0.002117,-0.00232,-0.004777,-0.002554,0.0,0.0,-0.00482,-0.004319,-0.005327,0.0,0.0,-2e-05,0.0,0.0,-0.00178,-0.004912,-0.008142,-0.004786,0.0,-0.000235,-0.007855,-0.001128,-0.005043,0.0,-0.001042,-0.002278,-0.0,0.0,-0.00467,-0.005063,0.0,-3e-06,0.0,-0.003078,0.0,-0.004618,0.0,-0.002456,-0.008011,-3e-06,-2e-06,-0.006134,0.0,0.0,0.0,-2.7e-05,-0.004987,-0.00555,0.0,-0.003127,-0.002802,-0.009018,-0.009009,0.0,-0.007561,0.0,-0.00628,-0.002569,0.0,-0.002493,-0.009553,-0.005745,-0.005582,-0.006066,-0.008891,-0.002551,-0.00115,-0.001392,0.0,-0.000687,-0.003805,-0.004292,-0.005896
2017-05-28 11:22:00+02:00,0.0,0.0,-6.7e-05,-0.005342,-8.4e-05,0.0,-0.001719,-0.002744,-0.005201,-2e-06,0.0,0.0,-0.005572,-0.005342,-0.001967,-0.007409,-1e-06,0.0,-0.0,-0.008708,0.0,-0.008446,-0.004161,0.0,-0.007808,-0.008643,-0.002491,0.0,-0.001428,-0.0,0.0,-0.00465,0.0,-0.003995,-0.004792,0.0,-0.0003,-0.004,0.0,-0.009148,-0.002487,0.0,-0.003323,0.0,-4.1e-05,-0.002111,-0.002318,-0.004774,-0.002546,0.0,0.0,-0.004825,-0.004333,-0.005348,0.0,0.0,-1.6e-05,0.0,0.0,-0.001763,-0.004915,-0.008165,-0.0048,0.0,-0.00021,-0.007883,-0.001115,-0.00504,0.0,-0.00103,-0.002271,-0.0,0.0,-0.00468,-0.005089,0.0,-3e-06,0.0,-0.003066,0.0,-0.004628,0.0,-0.002453,-0.008035,-2e-06,-2e-06,-0.006144,0.0,0.0,0.0,-2.2e-05,-0.005,-0.00557,0.0,-0.00314,-0.002789,-0.009047,-0.009038,0.0,-0.007579,0.0,-0.006301,-0.00256,0.0,-0.002485,-0.00959,-0.005762,-0.005584,-0.006083,-0.008923,-0.002544,-0.001142,-0.001381,0.0,-0.000662,-0.0038,-0.004301,-0.005912
2017-05-28 11:23:00+02:00,0.0,0.0,-5.4e-05,-0.005353,-6.7e-05,0.0,-0.001704,-0.002732,-0.005195,-1e-06,0.0,0.0,-0.005591,-0.005365,-0.001959,-0.007428,-0.0,0.0,-0.0,-0.008726,0.0,-0.008466,-0.004153,0.0,-0.007816,-0.008668,-0.002478,0.0,-0.001417,-0.0,0.0,-0.004649,0.0,-0.003997,-0.004804,0.0,-0.000259,-0.003987,0.0,-0.009163,-0.002477,0.0,-0.003314,0.0,-3.2e-05,-0.002098,-0.00231,-0.004771,-0.002529,0.0,0.0,-0.004829,-0.004341,-0.00537,0.0,0.0,-1.3e-05,0.0,0.0,-0.001741,-0.004917,-0.008174,-0.004807,0.0,-0.000183,-0.007904,-0.001098,-0.005037,0.0,-0.001014,-0.002263,-0.0,0.0,-0.004691,-0.005115,0.0,-2e-06,0.0,-0.00305,0.0,-0.004633,0.0,-0.002444,-0.008045,-2e-06,-2e-06,-0.006153,0.0,0.0,0.0,-1.7e-05,-0.005008,-0.00559,0.0,-0.003148,-0.002765,-0.009068,-0.009061,0.0,-0.007583,0.0,-0.006316,-0.00255,0.0,-0.002473,-0.009628,-0.005779,-0.005573,-0.006093,-0.008949,-0.002535,-0.00113,-0.001369,0.0,-0.000633,-0.003793,-0.004304,-0.005927
2017-05-28 11:24:00+02:00,0.0,0.0,-4.3e-05,-0.005363,-5.4e-05,0.0,-0.001696,-0.002726,-0.005193,-1e-06,0.0,0.0,-0.0056,-0.005377,-0.001957,-0.00744,-0.0,0.0,-0.0,-0.008755,0.0,-0.008497,-0.004155,0.0,-0.007832,-0.008685,-0.002472,0.0,-0.00141,-0.0,0.0,-0.004652,0.0,-0.004003,-0.004818,0.0,-0.000237,-0.003985,0.0,-0.009183,-0.002474,0.0,-0.00332,0.0,-2.6e-05,-0.002092,-0.002305,-0.004775,-0.002521,0.0,0.0,-0.004841,-0.004347,-0.005381,0.0,0.0,-1e-05,0.0,0.0,-0.001733,-0.004926,-0.008191,-0.004815,0.0,-0.000172,-0.007917,-0.001091,-0.005043,0.0,-0.001007,-0.002263,-0.0,0.0,-0.004707,-0.00513,0.0,-2e-06,0.0,-0.003045,0.0,-0.004634,0.0,-0.002441,-0.008063,-2e-06,-1e-06,-0.006145,0.0,0.0,0.0,-1.4e-05,-0.005012,-0.005598,0.0,-0.003155,-0.002756,-0.00908,-0.009074,0.0,-0.007593,0.0,-0.006327,-0.002549,0.0,-0.002469,-0.009648,-0.005785,-0.005572,-0.006101,-0.008965,-0.002531,-0.001123,-0.001366,0.0,-0.00062,-0.003799,-0.004308,-0.005931
2017-05-28 11:25:00+02:00,0.0,0.0,-3.4e-05,-0.005318,-4.3e-05,0.0,-0.001664,-0.002689,-0.005145,-1e-06,0.0,0.0,-0.005466,-0.005262,-0.001934,-0.007382,-0.0,0.0,-0.0,-0.008707,0.0,-0.008456,-0.004106,0.0,-0.007777,-0.008621,-0.002435,0.0,-0.001384,-0.0,0.0,-0.004612,0.0,-0.00397,-0.004785,0.0,-0.000203,-0.003929,0.0,-0.009115,-0.002439,0.0,-0.003295,0.0,-2.1e-05,-0.002054,-0.002274,-0.004742,-0.002488,0.0,0.0,-0.004812,-0.004311,-0.005262,0.0,0.0,-8e-06,0.0,0.0,-0.00169,-0.004895,-0.008131,-0.004771,0.0,-0.000155,-0.007856,-0.001062,-0.005008,0.0,-0.000979,-0.002244,-0.0,0.0,-0.004682,-0.005035,0.0,-1e-06,0.0,-0.002995,0.0,-0.004593,0.0,-0.002404,-0.008006,-1e-06,-1e-06,-0.005969,0.0,0.0,0.0,-1.1e-05,-0.004971,-0.005466,0.0,-0.003129,-0.002713,-0.009006,-0.009001,0.0,-0.00753,0.0,-0.006276,-0.002527,0.0,-0.002433,-0.00944,-0.005638,-0.005514,-0.006044,-0.008898,-0.002497,-0.001098,-0.001348,0.0,-0.000581,-0.003771,-0.004262,-0.005773
2017-05-28 11:26:00+02:00,0.0,0.0,-2.7e-05,-0.005255,-3.4e-05,0.0,-0.001616,-0.002635,-0.005068,-1e-06,0.0,0.0,-0.005499,-0.005295,-0.001893,-0.007311,-0.0,0.0,-0.0,-0.008623,0.0,-0.008377,-0.004033,0.0,-0.007676,-0.008547,-0.002382,0.0,-0.001345,-0.0,0.0,-0.004547,0.0,-0.003917,-0.004739,0.0,-0.000162,-0.00385,0.0,-0.009021,-0.00239,0.0,-0.003234,0.0,-1.7e-05,-0.001996,-0.00223,-0.004683,-0.002433,0.0,0.0,-0.00476,-0.004267,-0.005295,0.0,0.0,-7e-06,0.0,0.0,-0.001622,-0.00484,-0.008041,-0.004709,0.0,-0.000124,-0.007784,-0.001018,-0.004947,0.0,-0.000936,-0.002201,-0.0,0.0,-0.004637,-0.005049,0.0,-1e-06,0.0,-0.002921,0.0,-0.004543,0.0,-0.002347,-0.007919,-1e-06,-1e-06,-0.006,0.0,0.0,0.0,-9e-06,-0.004922,-0.005499,0.0,-0.003095,-0.002639,-0.008923,-0.00892,0.0,-0.00743,0.0,-0.006209,-0.00248,0.0,-0.002382,-0.009497,-0.00567,-0.005424,-0.005973,-0.00882,-0.002447,-0.001059,-0.001308,0.0,-0.000517,-0.003706,-0.004199,-0.005805
2017-05-28 11:27:00+02:00,0.0,0.0,-2.2e-05,-0.005283,-4.1e-05,0.0,-0.00163,-0.002646,-0.005076,-1e-06,0.0,0.0,-0.005481,-0.005282,-0.001914,-0.007332,-0.0,0.0,-0.0,-0.008629,0.0,-0.008388,-0.004059,0.0,-0.007705,-0.008566,-0.002394,0.0,-0.001361,-0.0,0.0,-0.004562,0.0,-0.003935,-0.004763,0.0,-0.000195,-0.003872,0.0,-0.009058,-0.002402,0.0,-0.003251,0.0,-1.3e-05,-0.002026,-0.002244,-0.004681,-0.002452,0.0,0.0,-0.004762,-0.004278,-0.005282,0.0,0.0,-5e-06,0.0,0.0,-0.001652,-0.00484,-0.00808,-0.004737,0.0,-0.000139,-0.007805,-0.001034,-0.004945,0.0,-0.000954,-0.002208,-0.0,0.0,-0.004642,-0.005051,0.0,-1e-06,0.0,-0.002947,0.0,-0.004551,0.0,-0.002377,-0.00796,-1e-06,-1e-06,-0.005966,0.0,0.0,0.0,-7e-06,-0.004931,-0.005481,0.0,-0.00311,-0.002676,-0.008935,-0.008933,0.0,-0.007459,0.0,-0.006234,-0.002485,0.0,-0.002395,-0.009469,-0.005649,-0.005456,-0.005995,-0.008838,-0.00246,-0.001077,-0.001317,0.0,-0.000549,-0.003721,-0.004226,-0.00578
2017-05-28 11:28:00+02:00,0.0,0.0,-1.8e-05,-0.005206,-3.3e-05,0.0,-0.001598,-0.002607,-0.005017,-0.0,0.0,0.0,-0.005496,-0.005297,-0.001881,-0.007237,-0.0,0.0,-0.0,-0.00853,0.0,-0.008294,-0.004008,0.0,-0.007631,-0.008463,-0.002356,0.0,-0.001319,-0.0,0.0,-0.00451,0.0,-0.003892,-0.004719,0.0,-0.000156,-0.003817,0.0,-0.008968,-0.002367,0.0,-0.003179,0.0,-1.1e-05,-0.001963,-0.002195,-0.004615,-0.002407,0.0,0.0,-0.004701,-0.004221,-0.005297,0.0,0.0,-4e-06,0.0,0.0,-0.00161,-0.004777,-0.007998,-0.004662,0.0,-0.000111,-0.007707,-0.001006,-0.004876,0.0,-0.000927,-0.002159,-0.0,0.0,-0.004589,-0.005058,0.0,-1e-06,0.0,-0.002897,0.0,-0.004487,0.0,-0.002314,-0.007881,-1e-06,-1e-06,-0.005979,0.0,0.0,0.0,-6e-06,-0.004866,-0.005496,0.0,-0.003066,-0.002616,-0.008822,-0.008822,0.0,-0.007378,0.0,-0.006149,-0.002432,0.0,-0.002358,-0.009496,-0.005664,-0.00538,-0.005906,-0.008731,-0.002424,-0.001037,-0.001272,0.0,-0.000511,-0.003645,-0.004151,-0.005794
2017-05-28 11:29:00+02:00,0.0,0.0,-1.4e-05,-0.005202,-3.7e-05,0.0,-0.001608,-0.002612,-0.005002,-0.0,0.0,0.0,-0.005459,-0.005265,-0.001884,-0.007219,-0.0,0.0,-0.0,-0.008498,0.0,-0.008267,-0.004024,0.0,-0.007624,-0.008437,-0.002362,0.0,-0.001323,-0.0,0.0,-0.004501,0.0,-0.003887,-0.00471,0.0,-0.000168,-0.00383,0.0,-0.008945,-0.002374,0.0,-0.00317,0.0,-9e-06,-0.001973,-0.002193,-0.004591,-0.002405,0.0,0.0,-0.004682,-0.004209,-0.005265,0.0,0.0,-3e-06,0.0,0.0,-0.001633,-0.004755,-0.007983,-0.00466,0.0,-0.000103,-0.007686,-0.001019,-0.004852,0.0,-0.00094,-0.00215,-0.0,0.0,-0.004574,-0.005047,0.0,-1e-06,0.0,-0.002914,0.0,-0.004471,0.0,-0.002322,-0.007869,-1e-06,-0.0,-0.005925,0.0,0.0,0.0,-5e-06,-0.004849,-0.005459,0.0,-0.003063,-0.002624,-0.008787,-0.008788,0.0,-0.007365,0.0,-0.006139,-0.00242,0.0,-0.002364,-0.009436,-0.005622,-0.005373,-0.005893,-0.008701,-0.002431,-0.001042,-0.001266,0.0,-0.000538,-0.003633,-0.00415,-0.005749
2017-05-28 11:30:00+02:00,0.0,0.0,-1.1e-05,-0.005153,-3e-05,0.0,-0.001593,-0.002589,-0.00495,-0.0,0.0,0.0,-0.005424,-0.005233,-0.001865,-0.007149,-0.0,0.0,-0.0,-0.008402,0.0,-0.008178,-0.003996,0.0,-0.007559,-0.008356,-0.002341,0.0,-0.001305,-0.0,0.0,-0.004456,0.0,-0.00385,-0.004668,0.0,-0.000152,-0.003798,0.0,-0.008859,-0.002353,0.0,-0.003122,0.0,-7e-06,-0.001948,-0.002167,-0.004532,-0.002377,0.0,0.0,-0.004626,-0.004167,-0.005233,0.0,0.0,-3e-06,0.0,0.0,-0.001621,-0.004697,-0.007909,-0.004616,0.0,-8.3e-05,-0.007612,-0.00101,-0.00479,0.0,-0.000932,-0.002116,-0.0,0.0,-0.004523,-0.005018,0.0,-0.0,0.0,-0.002891,0.0,-0.004424,0.0,-0.002297,-0.007798,-0.0,-0.0,-0.005881,0.0,0.0,0.0,-4e-06,-0.004799,-0.005424,0.0,-0.003034,-0.002594,-0.008695,-0.008698,0.0,-0.007294,0.0,-0.00608,-0.002381,0.0,-0.002344,-0.009379,-0.005585,-0.005316,-0.005832,-0.008616,-0.002411,-0.001027,-0.00124,0.0,-0.000535,-0.003579,-0.004108,-0.005708
2017-05-28 11:31:00+02:00,0.0,0.0,-9e-06,-0.0051,-2.4e-05,0.0,-0.001583,-0.002568,-0.004901,-0.0,0.0,0.0,-0.00537,-0.005182,-0.00185,-0.007068,-0.0,0.0,-0.0,-0.008311,0.0,-0.008093,-0.003971,0.0,-0.007496,-0.008259,-0.002322,0.0,-0.001289,-0.0,0.0,-0.004414,0.0,-0.003816,-0.004627,0.0,-0.000151,-0.00377,0.0,-0.008774,-0.002336,0.0,-0.003087,0.0,-5e-06,-0.001927,-0.00214,-0.004478,-0.002354,0.0,0.0,-0.004574,-0.004119,-0.005182,0.0,0.0,-2e-06,0.0,0.0,-0.001616,-0.004644,-0.007838,-0.004568,0.0,-6.7e-05,-0.007525,-0.001006,-0.004733,0.0,-0.000929,-0.002089,-0.0,0.0,-0.004476,-0.004971,0.0,-0.0,0.0,-0.002873,0.0,-0.004371,0.0,-0.002273,-0.007731,-0.0,-0.0,-0.005819,0.0,0.0,0.0,-3e-06,-0.004741,-0.00537,0.0,-0.003003,-0.002573,-0.008587,-0.00859,0.0,-0.007227,0.0,-0.006015,-0.002351,0.0,-0.002326,-0.009283,-0.005528,-0.005265,-0.005765,-0.008513,-0.002393,-0.001014,-0.001222,0.0,-0.00054,-0.003537,-0.004064,-0.00565
2017-05-28 11:32:00+02:00,0.0,0.0,-7e-06,-0.005082,-1.9e-05,0.0,-0.001574,-0.002555,-0.00489,-0.0,0.0,0.0,-0.005406,-0.005217,-0.001855,-0.00704,-0.0,0.0,-0.0,-0.008272,0.0,-0.008057,-0.00396,0.0,-0.007496,-0.008225,-0.002309,0.0,-0.001281,-0.0,0.0,-0.004409,0.0,-0.003816,-0.00463,0.0,-0.00016,-0.003756,0.0,-0.008772,-0.002325,0.0,-0.003067,0.0,-4e-06,-0.001918,-0.002127,-0.004447,-0.002353,0.0,0.0,-0.004549,-0.004101,-0.005217,0.0,0.0,-2e-06,0.0,0.0,-0.001611,-0.004616,-0.007837,-0.004551,0.0,-5.4e-05,-0.007494,-0.001001,-0.004701,0.0,-0.000925,-0.002074,-0.0,0.0,-0.004455,-0.005006,0.0,-0.0,0.0,-0.002863,0.0,-0.004348,0.0,-0.002264,-0.007732,-0.0,-0.0,-0.005852,0.0,0.0,0.0,-2e-06,-0.004718,-0.005406,0.0,-0.002993,-0.002581,-0.008546,-0.00855,0.0,-0.007224,0.0,-0.005992,-0.002332,0.0,-0.002314,-0.009347,-0.005563,-0.005265,-0.005741,-0.008476,-0.002382,-0.001007,-0.00121,0.0,-0.000539,-0.003515,-0.004047,-0.005685
2017-05-28 11:33:00+02:00,0.0,0.0,-2.4e-05,-0.005191,-6.1e-05,0.0,-0.001617,-0.002603,-0.004967,-0.0,0.0,0.0,-0.005452,-0.005263,-0.001911,-0.007167,-0.0,0.0,-0.0,-0.008395,0.0,-0.00818,-0.004045,0.0,-0.007632,-0.008362,-0.002355,0.0,-0.00133,-0.0,0.0,-0.004487,0.0,-0.003891,-0.004714,0.0,-0.000233,-0.003838,0.0,-0.008924,-0.002372,0.0,-0.003147,0.0,-3e-06,-0.002001,-0.002182,-0.004507,-0.002413,0.0,0.0,-0.004614,-0.004173,-0.005263,0.0,0.0,-1e-06,0.0,0.0,-0.001679,-0.00468,-0.007981,-0.004657,0.0,-0.000102,-0.007626,-0.001041,-0.004763,0.0,-0.000965,-0.002121,-0.0,0.0,-0.004524,-0.005052,0.0,-0.0,0.0,-0.00294,0.0,-0.004419,0.0,-0.002349,-0.007873,-0.0,-0.0,-0.005895,0.0,0.0,0.0,-2e-06,-0.004794,-0.005452,0.0,-0.003057,-0.002676,-0.008683,-0.008688,0.0,-0.00736,0.0,-0.00611,-0.00238,0.0,-0.002361,-0.009428,-0.005609,-0.005384,-0.005856,-0.008614,-0.00243,-0.001055,-0.001252,0.0,-0.000601,-0.003599,-0.004149,-0.005729
2017-05-28 11:34:00+02:00,0.0,0.0,-2e-05,-0.0053,-4.9e-05,0.0,-0.001634,-0.002633,-0.004988,-0.0,0.0,0.0,-0.005522,-0.005335,-0.001917,-0.007316,-0.0,0.0,-0.0,-0.008515,0.0,-0.008297,-0.004104,0.0,-0.007683,-0.008536,-0.002382,0.0,-0.001359,-0.0,0.0,-0.00451,0.0,-0.003917,-0.004756,0.0,-0.000197,-0.003893,0.0,-0.008995,-0.002402,0.0,-0.003181,0.0,-3e-06,-0.002052,-0.002223,-0.004556,-0.002414,0.0,0.0,-0.004673,-0.004257,-0.005335,0.0,0.0,-1e-06,0.0,0.0,-0.0017,-0.004737,-0.008042,-0.004757,0.0,-8.2e-05,-0.007785,-0.00105,-0.004815,0.0,-0.000974,-0.002141,-0.0,0.0,-0.004589,-0.005123,0.0,-0.0,0.0,-0.00298,0.0,-0.004502,0.0,-0.002405,-0.007933,-0.0,-0.0,-0.00596,0.0,0.0,0.0,-1e-06,-0.004887,-0.005522,0.0,-0.003124,-0.002674,-0.00886,-0.008866,0.0,-0.007408,0.0,-0.006238,-0.002401,0.0,-0.002389,-0.009556,-0.005679,-0.005412,-0.005979,-0.008792,-0.002461,-0.001079,-0.001258,0.0,-0.000605,-0.003641,-0.004239,-0.005798
2017-05-28 11:35:00+02:00,0.0,0.0,-1.6e-05,-0.005456,-7.6e-05,0.0,-0.001679,-0.002692,-0.005118,-0.0,0.0,0.0,-0.005564,-0.005377,-0.001993,-0.007514,-0.0,0.0,-0.0,-0.008684,0.0,-0.008463,-0.004208,0.0,-0.007901,-0.008759,-0.002438,0.0,-0.001416,-0.0,0.0,-0.004636,0.0,-0.004033,-0.004872,0.0,-0.000268,-0.003993,0.0,-0.009197,-0.002461,0.0,-0.003262,0.0,-2e-06,-0.002145,-0.002294,-0.004638,-0.002497,0.0,0.0,-0.004763,-0.00437,-0.005377,0.0,0.0,-1e-06,0.0,0.0,-0.001764,-0.004826,-0.008266,-0.004902,0.0,-0.000106,-0.007992,-0.001088,-0.004901,0.0,-0.001011,-0.00219,-0.0,0.0,-0.004682,-0.005166,0.0,-0.0,0.0,-0.003066,0.0,-0.004617,0.0,-0.002505,-0.008153,-0.0,-0.0,-0.005996,0.0,0.0,0.0,-1e-06,-0.005012,-0.005564,0.0,-0.003216,-0.002794,-0.009087,-0.009094,0.0,-0.007622,0.0,-0.006413,-0.002452,0.0,-0.002447,-0.009631,-0.005719,-0.005584,-0.006148,-0.009021,-0.00252,-0.001131,-0.001294,0.0,-0.000653,-0.003729,-0.004375,-0.005837
2017-05-28 11:36:00+02:00,0.0,0.0,-1.3e-05,-0.005464,-6.1e-05,0.0,-0.001665,-0.002685,-0.00514,-0.0,0.0,0.0,-0.005593,-0.005407,-0.001993,-0.007542,-0.0,0.0,-0.0,-0.008699,0.0,-0.008479,-0.004203,0.0,-0.007947,-0.008802,-0.002428,0.0,-0.001398,-0.0,0.0,-0.00466,0.0,-0.004055,-0.004909,0.0,-0.000229,-0.003984,0.0,-0.009261,-0.002454,0.0,-0.003229,0.0,-2e-06,-0.002119,-0.002283,-0.004632,-0.002495,0.0,0.0,-0.004766,-0.004386,-0.005407,0.0,0.0,-1e-06,0.0,0.0,-0.001735,-0.004826,-0.008312,-0.004904,0.0,-8.5e-05,-0.008026,-0.001068,-0.004898,0.0,-0.000991,-0.002169,-0.0,0.0,-0.004691,-0.005196,0.0,-0.0,0.0,-0.003049,0.0,-0.00463,0.0,-0.002483,-0.0082,-0.0,-0.0,-0.006019,0.0,0.0,0.0,-1e-06,-0.005032,-0.005593,0.0,-0.003225,-0.002783,-0.009128,-0.009137,0.0,-0.007663,0.0,-0.006431,-0.002431,0.0,-0.002439,-0.009681,-0.005747,-0.0056,-0.00616,-0.009065,-0.002514,-0.001112,-0.001265,0.0,-0.000614,-0.003698,-0.004371,-0.005864
2017-05-28 11:37:00+02:00,0.0,0.0,-1e-05,-0.005306,-4.8e-05,0.0,-0.001614,-0.002617,-0.005029,-0.0,0.0,0.0,-0.005058,-0.004888,-0.001938,-0.007332,-0.0,0.0,-0.0,-0.008493,0.0,-0.008284,-0.004097,0.0,-0.007782,-0.008564,-0.002364,0.0,-0.001336,-0.0,0.0,-0.004558,0.0,-0.003964,-0.004696,0.0,-0.000184,-0.003874,0.0,-0.008781,-0.002391,0.0,-0.003126,0.0,-1e-06,-0.002021,-0.002204,-0.004521,-0.002428,0.0,0.0,-0.004654,-0.004267,-0.004888,0.0,0.0,-1e-06,0.0,0.0,-0.001668,-0.004713,-0.008131,-0.004755,0.0,-6.8e-05,-0.007805,-0.001027,-0.004783,0.0,-0.000952,-0.002102,-0.0,0.0,-0.004583,-0.004696,0.0,-0.0,0.0,-0.002957,0.0,-0.004504,0.0,-0.00238,-0.008027,-0.0,-0.0,-0.00545,0.0,0.0,0.0,-1e-06,-0.004897,-0.005058,0.0,-0.003131,-0.002695,-0.008835,-0.008831,0.0,-0.007488,0.0,-0.006248,-0.002358,0.0,-0.002375,-0.008732,-0.005199,-0.005457,-0.005975,-0.008781,-0.002449,-0.001055,-0.001213,0.0,-0.000566,-0.003584,-0.004228,-0.005307
2017-05-28 11:38:00+02:00,0.0,0.0,-8e-06,-0.004863,-3.9e-05,0.0,-0.001442,-0.002396,-0.004661,-0.0,0.0,0.0,-0.004637,-0.004479,-0.001741,-0.006771,-0.0,0.0,-0.0,-0.007892,0.0,-0.007702,-0.00375,0.0,-0.007215,-0.007937,-0.002155,0.0,-0.001159,-0.0,0.0,-0.004218,0.0,-0.00366,-0.004301,0.0,-0.000147,-0.003527,0.0,-0.008038,-0.002182,0.0,-0.002809,0.0,-1e-06,-0.001741,-0.001981,-0.004191,-0.002191,0.0,0.0,-0.004321,-0.003942,-0.004479,0.0,0.0,-0.0,0.0,0.0,-0.001436,-0.004376,-0.007534,-0.004338,0.0,-5.4e-05,-0.007219,-0.000884,-0.00444,0.0,-0.000814,-0.001897,-0.0,0.0,-0.004259,-0.004301,0.0,-0.0,0.0,-0.002658,0.0,-0.004163,0.0,-0.002086,-0.007443,-0.0,-0.0,-0.005008,0.0,0.0,0.0,-1e-06,-0.004537,-0.004637,0.0,-0.002874,-0.002374,-0.008076,-0.008074,0.0,-0.006918,0.0,-0.005749,-0.002138,0.0,-0.002167,-0.008001,-0.00477,-0.004987,-0.005482,-0.008038,-0.002238,-0.000892,-0.001051,0.0,-0.000453,-0.003239,-0.003832,-0.004871
2017-05-28 11:39:00+02:00,0.0,0.0,-6e-06,-0.004413,-3.1e-05,0.0,-0.001281,-0.002171,-0.004274,-0.0,0.0,0.0,-0.004234,-0.00409,-0.001561,-0.006178,-0.0,0.0,-0.0,-0.007214,0.0,-0.007045,-0.003398,0.0,-0.006619,-0.007263,-0.001946,0.0,-0.001006,-0.0,0.0,-0.003862,0.0,-0.003346,-0.003926,0.0,-0.000118,-0.003181,0.0,-0.007332,-0.001973,0.0,-0.002489,0.0,-1e-06,-0.001502,-0.001771,-0.003824,-0.001972,0.0,0.0,-0.003948,-0.003598,-0.00409,0.0,0.0,-0.0,0.0,0.0,-0.001234,-0.003997,-0.006906,-0.003922,0.0,-4.3e-05,-0.006594,-0.00076,-0.004056,0.0,-0.000696,-0.001688,-0.0,0.0,-0.003893,-0.003926,0.0,-0.0,0.0,-0.002373,0.0,-0.003801,0.0,-0.001826,-0.006828,-0.0,-0.0,-0.004578,0.0,0.0,0.0,-0.0,-0.00415,-0.004234,0.0,-0.00261,-0.0021,-0.007361,-0.00736,0.0,-0.006326,0.0,-0.005232,-0.001911,0.0,-0.001958,-0.007306,-0.004356,-0.004526,-0.004976,-0.007332,-0.002025,-0.000757,-0.000899,0.0,-0.000362,-0.002885,-0.003447,-0.00445
2017-05-28 11:40:00+02:00,0.0,0.0,-5e-06,-0.004096,-2.5e-05,0.0,-0.001149,-0.001998,-0.003983,-0.0,0.0,0.0,-0.00419,-0.003956,-0.001416,-0.005769,-0.0,0.0,-0.0,-0.006754,0.0,-0.006598,-0.003125,0.0,-0.006167,-0.006802,-0.001783,0.0,-0.000891,-0.0,0.0,-0.003596,0.0,-0.003109,-0.003688,0.0,-9.4e-05,-0.002913,0.0,-0.006888,-0.001811,0.0,-0.002262,0.0,-1e-06,-0.001322,-0.001619,-0.003573,-0.001795,0.0,0.0,-0.003695,-0.003363,-0.004043,0.0,0.0,-0.0,0.0,0.0,-0.00106,-0.00374,-0.006426,-0.003628,0.0,-3.5e-05,-0.006165,-0.000653,-0.003794,0.0,-0.000592,-0.001541,-0.0,0.0,-0.003648,-0.003763,0.0,-0.0,0.0,-0.002144,0.0,-0.003552,0.0,-0.001633,-0.006356,-0.0,-0.0,-0.004468,0.0,0.0,0.0,-0.0,-0.003887,-0.004154,0.0,-0.002428,-0.001867,-0.006914,-0.006915,0.0,-0.005878,0.0,-0.004871,-0.001751,0.0,-0.001795,-0.007213,-0.004291,-0.004167,-0.004624,-0.006888,-0.00186,-0.000654,-0.000787,0.0,-0.00029,-0.002636,-0.003173,-0.004342
2017-05-28 11:41:00+02:00,0.0,0.0,-0.000303,-0.00455,-0.000342,0.0,-0.001412,-0.002266,-0.004321,-7.3e-05,0.0,0.0,-0.004438,-0.004215,-0.001693,-0.006248,-5.4e-05,0.0,-0.0,-0.007254,0.0,-0.007089,-0.003551,0.0,-0.006694,-0.007292,-0.002049,0.0,-0.001166,-0.0,0.0,-0.003924,0.0,-0.003417,-0.003961,0.0,-0.000505,-0.003348,0.0,-0.007388,-0.002073,0.0,-0.002702,0.0,-0.000276,-0.001766,-0.0019,-0.003873,-0.002111,0.0,0.0,-0.003991,-0.003646,-0.004285,0.0,0.0,-0.000196,0.0,0.0,-0.00148,-0.004039,-0.006975,-0.004083,0.0,-0.000357,-0.006647,-0.000912,-0.004097,0.0,-0.000849,-0.001815,-7e-06,0.0,-0.003931,-0.004021,0.0,-0.000119,0.0,-0.002573,0.0,-0.003845,0.0,-0.002072,-0.006895,-0.000113,-9.9e-05,-0.004735,0.0,0.0,0.0,-0.000165,-0.004181,-0.004409,0.0,-0.002687,-0.002366,-0.00742,-0.007421,0.0,-0.006425,0.0,-0.00534,-0.002033,0.0,-0.00206,-0.007636,-0.004547,-0.004697,-0.005098,-0.007387,-0.002124,-0.000928,-0.001056,0.0,-0.000673,-0.003088,-0.003632,-0.004608
2017-05-28 11:42:00+02:00,0.0,0.0,-0.000496,-0.004974,-0.00055,0.0,-0.001617,-0.002491,-0.004625,-9.6e-05,0.0,0.0,-0.004649,-0.004436,-0.001933,-0.006729,-4.3e-05,0.0,-0.0,-0.007702,0.0,-0.007544,-0.003908,0.0,-0.00718,-0.007721,-0.002269,0.0,-0.001388,-0.0,0.0,-0.004245,0.0,-0.003716,-0.004193,0.0,-0.000805,-0.003708,0.0,-0.007809,-0.002292,0.0,-0.003062,0.0,-0.000446,-0.002122,-0.002142,-0.004157,-0.002385,0.0,0.0,-0.004277,-0.003929,-0.004492,0.0,0.0,-0.000295,0.0,0.0,-0.001794,-0.004328,-0.007453,-0.004497,0.0,-0.000574,-0.007138,-0.001105,-0.004388,0.0,-0.001039,-0.002042,-6e-06,0.0,-0.004209,-0.00424,0.0,-0.000157,0.0,-0.002915,0.0,-0.004139,0.0,-0.002431,-0.007355,-0.000138,-0.000113,-0.00496,0.0,0.0,0.0,-0.000264,-0.004471,-0.004626,0.0,-0.002932,-0.00278,-0.007848,-0.007848,0.0,-0.006959,0.0,-0.005792,-0.002267,0.0,-0.002279,-0.007997,-0.004764,-0.005184,-0.005549,-0.007809,-0.002343,-0.001144,-0.001263,0.0,-0.00094,-0.003463,-0.004039,-0.004834
2017-05-28 11:43:00+02:00,0.0,0.0,-0.000482,-0.005149,-0.000552,0.0,-0.001673,-0.002563,-0.004782,-7.7e-05,0.0,0.0,-0.004803,-0.004598,-0.002025,-0.006945,-3.5e-05,0.0,-0.0,-0.007916,0.0,-0.007751,-0.004021,0.0,-0.007421,-0.007979,-0.002336,0.0,-0.001463,-0.0,0.0,-0.00439,0.0,-0.003849,-0.004364,0.0,-0.000863,-0.003819,0.0,-0.008117,-0.00236,0.0,-0.003175,0.0,-0.000419,-0.00224,-0.002231,-0.004271,-0.002491,0.0,0.0,-0.004395,-0.004059,-0.004643,0.0,0.0,-0.000236,0.0,0.0,-0.001872,-0.004447,-0.007718,-0.004663,0.0,-0.000582,-0.007364,-0.001153,-0.004506,0.0,-0.001086,-0.002116,-5e-06,0.0,-0.004327,-0.004402,0.0,-0.000125,0.0,-0.003012,0.0,-0.004273,0.0,-0.002555,-0.007617,-0.000111,-9.1e-05,-0.005124,0.0,0.0,0.0,-0.00024,-0.004617,-0.004784,0.0,-0.003037,-0.002927,-0.008134,-0.008138,0.0,-0.007193,0.0,-0.005987,-0.002345,0.0,-0.002347,-0.008256,-0.004923,-0.005383,-0.005739,-0.008097,-0.002413,-0.001214,-0.001322,0.0,-0.000982,-0.003585,-0.004196,-0.004998
2017-05-28 11:44:00+02:00,0.0,0.0,-0.000396,-0.0052,-0.000474,0.0,-0.001668,-0.00257,-0.004839,-6.2e-05,0.0,0.0,-0.004945,-0.004747,-0.002043,-0.007028,-2.8e-05,0.0,-0.0,-0.008004,0.0,-0.007834,-0.004033,0.0,-0.007508,-0.008093,-0.00234,0.0,-0.001468,-0.0,0.0,-0.004441,0.0,-0.003896,-0.004476,0.0,-0.000808,-0.003827,0.0,-0.008325,-0.002367,0.0,-0.003189,0.0,-0.000335,-0.002246,-0.002247,-0.004309,-0.00251,0.0,0.0,-0.00444,-0.004112,-0.004783,0.0,0.0,-0.000189,0.0,0.0,-0.001853,-0.004491,-0.007821,-0.004707,0.0,-0.000514,-0.007455,-0.001141,-0.004548,0.0,-0.001074,-0.002127,-4e-06,0.0,-0.004376,-0.00455,0.0,-0.0001,0.0,-0.00301,0.0,-0.004325,0.0,-0.002566,-0.007719,-8.9e-05,-7.2e-05,-0.005273,0.0,0.0,0.0,-0.000192,-0.00468,-0.00493,0.0,-0.003074,-0.002942,-0.008271,-0.008277,0.0,-0.007273,0.0,-0.006053,-0.002358,0.0,-0.002353,-0.008495,-0.005068,-0.005435,-0.0058,-0.008236,-0.00242,-0.001214,-0.001321,0.0,-0.000935,-0.003605,-0.004233,-0.005149
2017-05-28 11:45:00+02:00,0.0,0.0,-0.000391,-0.005301,-0.00045,0.0,-0.001696,-0.002611,-0.004925,-4.9e-05,0.0,0.0,-0.005067,-0.004875,-0.002084,-0.007165,-2.2e-05,0.0,-0.0,-0.008181,0.0,-0.008005,-0.0041,0.0,-0.00764,-0.00826,-0.002378,0.0,-0.0015,-0.0,0.0,-0.004521,0.0,-0.003969,-0.004605,0.0,-0.000799,-0.00389,0.0,-0.008561,-0.002407,0.0,-0.003279,0.0,-0.000287,-0.002297,-0.002292,-0.004401,-0.002555,0.0,0.0,-0.004538,-0.004195,-0.004903,0.0,0.0,-0.000151,0.0,0.0,-0.001885,-0.004589,-0.007969,-0.0048,0.0,-0.000523,-0.0076,-0.00116,-0.004644,0.0,-0.001093,-0.002185,-3e-06,0.0,-0.004475,-0.004677,0.0,-8e-05,0.0,-0.00306,0.0,-0.00441,0.0,-0.002622,-0.007864,-7.1e-05,-5.8e-05,-0.005399,0.0,0.0,0.0,-0.000156,-0.004774,-0.005055,0.0,-0.003139,-0.002998,-0.008457,-0.008465,0.0,-0.007399,0.0,-0.006171,-0.002419,0.0,-0.002391,-0.0087,-0.005193,-0.005532,-0.005913,-0.008422,-0.002461,-0.001243,-0.001367,0.0,-0.000938,-0.003702,-0.004318,-0.005277
2017-05-28 11:46:00+02:00,0.0,0.0,-0.000354,-0.005352,-0.000401,0.0,-0.001701,-0.00263,-0.004979,-3.9e-05,0.0,0.0,-0.005168,-0.00498,-0.0021,-0.007246,-1.8e-05,0.0,-0.0,-0.008306,0.0,-0.008125,-0.004131,0.0,-0.007722,-0.008366,-0.002393,0.0,-0.001504,-0.0,0.0,-0.00457,0.0,-0.004013,-0.004697,0.0,-0.000755,-0.003918,0.0,-0.008726,-0.002425,0.0,-0.003324,0.0,-0.000229,-0.002303,-0.002307,-0.004463,-0.002572,0.0,0.0,-0.004606,-0.004246,-0.005003,0.0,0.0,-0.000121,0.0,0.0,-0.001883,-0.004656,-0.008063,-0.004843,0.0,-0.000499,-0.007687,-0.001159,-0.004709,0.0,-0.001091,-0.002216,-2e-06,0.0,-0.004545,-0.004782,0.0,-6.4e-05,0.0,-0.003076,0.0,-0.00446,0.0,-0.002633,-0.007957,-5.7e-05,-4.6e-05,-0.005501,0.0,0.0,0.0,-0.000125,-0.004833,-0.005158,0.0,-0.003175,-0.003011,-0.008577,-0.008588,0.0,-0.007476,0.0,-0.006236,-0.002452,0.0,-0.002408,-0.008867,-0.005296,-0.005581,-0.005973,-0.008545,-0.002479,-0.001243,-0.001385,0.0,-0.000911,-0.003754,-0.004354,-0.005382
2017-05-28 11:47:00+02:00,0.0,0.0,-0.000292,-0.005367,-0.000341,0.0,-0.001693,-0.002633,-0.005009,-3.2e-05,0.0,0.0,-0.005249,-0.005065,-0.002101,-0.007282,-1.4e-05,0.0,-0.0,-0.008372,0.0,-0.008189,-0.004136,0.0,-0.007766,-0.008422,-0.002393,0.0,-0.001492,-0.0,0.0,-0.004597,0.0,-0.004038,-0.00476,0.0,-0.000695,-0.003919,0.0,-0.008836,-0.002427,0.0,-0.003328,0.0,-0.000183,-0.002282,-0.002302,-0.004493,-0.002572,0.0,0.0,-0.004642,-0.004271,-0.005083,0.0,0.0,-9.7e-05,0.0,0.0,-0.001861,-0.00469,-0.008117,-0.004852,0.0,-0.000447,-0.007729,-0.001144,-0.004741,0.0,-0.001076,-0.002221,-2e-06,0.0,-0.004584,-0.004867,0.0,-5.1e-05,0.0,-0.003067,0.0,-0.004484,0.0,-0.002616,-0.00801,-4.5e-05,-3.7e-05,-0.005582,0.0,0.0,0.0,-0.0001,-0.004865,-0.005241,0.0,-0.00319,-0.002998,-0.008644,-0.008656,0.0,-0.007514,0.0,-0.00626,-0.002458,0.0,-0.002409,-0.008999,-0.005378,-0.005597,-0.005994,-0.008613,-0.002482,-0.001228,-0.001379,0.0,-0.000869,-0.003763,-0.004357,-0.005466
2017-05-28 11:48:00+02:00,0.0,0.0,-0.000236,-0.005345,-0.000291,0.0,-0.001682,-0.002629,-0.00502,-2.5e-05,0.0,0.0,-0.005305,-0.005125,-0.002096,-0.007268,-1.1e-05,0.0,-0.0,-0.008401,0.0,-0.008217,-0.00413,0.0,-0.007782,-0.008416,-0.002387,0.0,-0.001467,-0.0,0.0,-0.004608,0.0,-0.004047,-0.0048,0.0,-0.000641,-0.00391,0.0,-0.008901,-0.002424,0.0,-0.003319,0.0,-0.000147,-0.002242,-0.002282,-0.004504,-0.002564,0.0,0.0,-0.004659,-0.004267,-0.00514,0.0,0.0,-7.7e-05,0.0,0.0,-0.001838,-0.004706,-0.00814,-0.004827,0.0,-0.000399,-0.007716,-0.00113,-0.004754,0.0,-0.001062,-0.002217,-1e-06,0.0,-0.004604,-0.004928,0.0,-4.1e-05,0.0,-0.003053,0.0,-0.004477,0.0,-0.002579,-0.008033,-3.6e-05,-3e-05,-0.005637,0.0,0.0,0.0,-8e-05,-0.004861,-0.005299,0.0,-0.003183,-0.002977,-0.008645,-0.008659,0.0,-0.007525,0.0,-0.006242,-0.002454,0.0,-0.002405,-0.00909,-0.005435,-0.005593,-0.005973,-0.008617,-0.002479,-0.001202,-0.001369,0.0,-0.000831,-0.003756,-0.004328,-0.005524
2017-05-28 11:49:00+02:00,0.0,0.0,-0.000189,-0.005303,-0.000234,0.0,-0.001662,-0.002613,-0.005007,-2e-05,0.0,0.0,-0.00536,-0.005183,-0.002075,-0.007232,-9e-06,0.0,-0.0,-0.008383,0.0,-0.008198,-0.004106,0.0,-0.007759,-0.008387,-0.00237,0.0,-0.001433,-0.0,0.0,-0.004595,0.0,-0.004036,-0.00481,0.0,-0.00057,-0.003884,0.0,-0.008911,-0.002409,0.0,-0.003275,0.0,-0.000117,-0.002187,-0.00225,-0.004486,-0.002537,0.0,0.0,-0.004647,-0.004249,-0.005194,0.0,0.0,-6.2e-05,0.0,0.0,-0.001801,-0.004692,-0.008119,-0.004783,0.0,-0.000329,-0.007681,-0.001107,-0.004738,0.0,-0.001039,-0.002191,-1e-06,0.0,-0.004597,-0.004985,0.0,-3.3e-05,0.0,-0.003022,0.0,-0.004456,0.0,-0.002526,-0.008012,-2.9e-05,-2.4e-05,-0.005689,0.0,0.0,0.0,-6.4e-05,-0.004843,-0.005355,0.0,-0.003165,-0.002928,-0.008621,-0.008636,0.0,-0.007499,0.0,-0.006203,-0.002427,0.0,-0.002389,-0.009176,-0.00549,-0.005555,-0.005931,-0.008594,-0.002465,-0.001167,-0.001338,0.0,-0.000783,-0.003713,-0.004281,-0.00558
2017-05-28 11:50:00+02:00,0.0,0.0,-0.000151,-0.005306,-0.000203,0.0,-0.001656,-0.002613,-0.005002,-1.6e-05,0.0,0.0,-0.005399,-0.005224,-0.002064,-0.007245,-7e-06,0.0,-0.0,-0.00839,0.0,-0.008205,-0.004106,0.0,-0.00775,-0.00841,-0.002368,0.0,-0.001425,-0.0,0.0,-0.004591,0.0,-0.004033,-0.004825,0.0,-0.000523,-0.003881,0.0,-0.008928,-0.002409,0.0,-0.003255,0.0,-9.4e-05,-0.002173,-0.002246,-0.004485,-0.002522,0.0,0.0,-0.004652,-0.004261,-0.005233,0.0,0.0,-4.9e-05,0.0,0.0,-0.001789,-0.004695,-0.008111,-0.004784,0.0,-0.000285,-0.007697,-0.001099,-0.004738,0.0,-0.001031,-0.00218,-1e-06,0.0,-0.004605,-0.005028,0.0,-2.6e-05,0.0,-0.003015,0.0,-0.004466,0.0,-0.002515,-0.008004,-2.3e-05,-1.9e-05,-0.005725,0.0,0.0,0.0,-5.1e-05,-0.004857,-0.005395,0.0,-0.003173,-0.0029,-0.008648,-0.008664,0.0,-0.007486,0.0,-0.006211,-0.002416,0.0,-0.002388,-0.009235,-0.005529,-0.005535,-0.005937,-0.008623,-0.002465,-0.001158,-0.001323,0.0,-0.000761,-0.003694,-0.004279,-0.005619
2017-05-28 11:51:00+02:00,0.0,0.0,-0.000121,-0.00523,-0.000162,0.0,-0.001615,-0.002572,-0.004949,-1.3e-05,0.0,0.0,-0.005423,-0.00525,-0.002018,-0.007168,-6e-06,0.0,-0.0,-0.008291,0.0,-0.008108,-0.004042,0.0,-0.007666,-0.008333,-0.002327,0.0,-0.001377,-0.0,0.0,-0.004541,0.0,-0.003988,-0.004791,0.0,-0.000426,-0.003815,0.0,-0.008855,-0.002371,0.0,-0.003151,0.0,-7.5e-05,-0.002095,-0.002197,-0.004423,-0.002467,0.0,0.0,-0.004596,-0.00422,-0.005257,0.0,0.0,-4e-05,0.0,0.0,-0.001721,-0.004636,-0.008023,-0.004707,0.0,-0.000228,-0.007618,-0.001057,-0.004677,0.0,-0.00099,-0.002117,-1e-06,0.0,-0.004554,-0.005055,0.0,-2.1e-05,0.0,-0.002949,0.0,-0.00442,0.0,-0.002438,-0.007917,-1.9e-05,-1.5e-05,-0.005744,0.0,0.0,0.0,-4.1e-05,-0.004813,-0.005419,0.0,-0.003134,-0.002812,-0.008572,-0.008589,0.0,-0.007397,0.0,-0.006134,-0.002351,0.0,-0.002349,-0.009267,-0.005552,-0.005444,-0.005857,-0.00855,-0.002426,-0.001109,-0.001257,0.0,-0.000689,-0.003589,-0.0042,-0.005641
2017-05-28 11:52:00+02:00,0.0,0.0,-9.7e-05,-0.005176,-0.00013,0.0,-0.001591,-0.002551,-0.004926,-1e-05,0.0,0.0,-0.005465,-0.005295,-0.001992,-0.007117,-5e-06,0.0,-0.0,-0.008247,0.0,-0.008064,-0.004011,0.0,-0.007631,-0.008287,-0.002305,0.0,-0.001339,-0.0,0.0,-0.00452,0.0,-0.003968,-0.004782,0.0,-0.000357,-0.003782,0.0,-0.00883,-0.002352,0.0,-0.003086,0.0,-6e-05,-0.002034,-0.002159,-0.00439,-0.002434,0.0,0.0,-0.004569,-0.004193,-0.005301,0.0,0.0,-3.2e-05,0.0,0.0,-0.00168,-0.004607,-0.007982,-0.004652,0.0,-0.000182,-0.007568,-0.001031,-0.004645,0.0,-0.000965,-0.002077,-1e-06,0.0,-0.004533,-0.0051,0.0,-1.7e-05,0.0,-0.002913,0.0,-0.004389,0.0,-0.002379,-0.007876,-1.5e-05,-1.2e-05,-0.005782,0.0,0.0,0.0,-3.3e-05,-0.004785,-0.005463,0.0,-0.003108,-0.002757,-0.008527,-0.008546,0.0,-0.007358,0.0,-0.006081,-0.00231,0.0,-0.002329,-0.009335,-0.005594,-0.005395,-0.005801,-0.008507,-0.002407,-0.001071,-0.001213,0.0,-0.000641,-0.003524,-0.004144,-0.005683
2017-05-28 11:53:00+02:00,0.0,0.0,-7.7e-05,-0.00524,-0.000133,0.0,-0.001614,-0.00258,-0.004965,-8e-06,0.0,0.0,-0.005496,-0.005328,-0.002013,-0.007196,-4e-06,0.0,-0.0,-0.008309,0.0,-0.008125,-0.004058,0.0,-0.007693,-0.008375,-0.002333,0.0,-0.001365,-0.0,0.0,-0.004559,0.0,-0.004004,-0.004828,0.0,-0.000366,-0.003828,0.0,-0.008903,-0.002381,0.0,-0.003109,0.0,-4.8e-05,-0.002076,-0.002191,-0.004421,-0.002456,0.0,0.0,-0.004605,-0.004243,-0.005332,0.0,0.0,-2.5e-05,0.0,0.0,-0.001712,-0.004642,-0.008039,-0.004713,0.0,-0.000158,-0.007651,-0.00105,-0.004677,0.0,-0.000983,-0.002092,-0.0,0.0,-0.004571,-0.005134,0.0,-1.3e-05,0.0,-0.002953,0.0,-0.004438,0.0,-0.002423,-0.007932,-1.2e-05,-1e-05,-0.005807,0.0,0.0,0.0,-2.6e-05,-0.004837,-0.005494,0.0,-0.00315,-0.002786,-0.008617,-0.008637,0.0,-0.007418,0.0,-0.006153,-0.002326,0.0,-0.002357,-0.009381,-0.005624,-0.005438,-0.005871,-0.008599,-0.002435,-0.001095,-0.001222,0.0,-0.000663,-0.00355,-0.004202,-0.005712
2017-05-28 11:54:00+02:00,0.0,0.0,-6.2e-05,-0.005253,-0.000106,0.0,-0.001606,-0.00258,-0.004963,-7e-06,0.0,0.0,-0.005536,-0.005369,-0.002001,-0.007221,-3e-06,0.0,-0.0,-0.008329,0.0,-0.008145,-0.004061,0.0,-0.007693,-0.008406,-0.00233,0.0,-0.001358,-0.0,0.0,-0.004558,0.0,-0.004003,-0.004835,0.0,-0.000318,-0.003828,0.0,-0.008906,-0.002381,0.0,-0.003089,0.0,-3.8e-05,-0.002065,-0.002188,-0.004424,-0.002438,0.0,0.0,-0.004614,-0.004259,-0.005373,0.0,0.0,-2e-05,0.0,0.0,-0.001695,-0.004649,-0.00803,-0.004722,0.0,-0.000126,-0.007677,-0.001038,-0.004682,0.0,-0.000972,-0.00208,-0.0,0.0,-0.004585,-0.005176,0.0,-1.1e-05,0.0,-0.002946,0.0,-0.004452,0.0,-0.002415,-0.007923,-1e-05,-8e-06,-0.005841,0.0,0.0,0.0,-2.1e-05,-0.004855,-0.005534,0.0,-0.003163,-0.002754,-0.008649,-0.008671,0.0,-0.007414,0.0,-0.006172,-0.002314,0.0,-0.002356,-0.009445,-0.005662,-0.005419,-0.005887,-0.008633,-0.002436,-0.001086,-0.001204,0.0,-0.000636,-0.003533,-0.004206,-0.005749
2017-05-28 11:55:00+02:00,0.0,0.0,-4.9e-05,-0.005301,-9e-05,0.0,-0.001619,-0.002601,-0.004997,-5e-06,0.0,0.0,-0.005575,-0.005411,-0.002013,-0.007289,-2e-06,0.0,-0.0,-0.008401,0.0,-0.008214,-0.004098,0.0,-0.007749,-0.008486,-0.00235,0.0,-0.001367,-0.0,0.0,-0.004592,0.0,-0.004035,-0.004876,0.0,-0.000303,-0.003864,0.0,-0.008973,-0.002402,0.0,-0.003104,0.0,-3.1e-05,-0.002081,-0.002205,-0.004456,-0.002449,0.0,0.0,-0.004652,-0.004301,-0.005414,0.0,0.0,-1.6e-05,0.0,0.0,-0.001708,-0.004686,-0.008083,-0.004765,0.0,-0.000101,-0.007749,-0.001045,-0.004716,0.0,-0.000979,-0.002091,-0.0,0.0,-0.004628,-0.005218,0.0,-9e-06,0.0,-0.002973,0.0,-0.004492,0.0,-0.002435,-0.007974,-8e-06,-6e-06,-0.005874,0.0,0.0,0.0,-1.7e-05,-0.0049,-0.005574,0.0,-0.003196,-0.002764,-0.008731,-0.008754,0.0,-0.007468,0.0,-0.00623,-0.002326,0.0,-0.002377,-0.009509,-0.005701,-0.005451,-0.005942,-0.008717,-0.002457,-0.001093,-0.001204,0.0,-0.000637,-0.003552,-0.004244,-0.005786
2017-05-28 11:56:00+02:00,0.0,0.0,-4e-05,-0.005308,-7.2e-05,0.0,-0.001611,-0.002602,-0.004989,-4e-06,0.0,0.0,-0.005601,-0.005438,-0.001995,-0.007312,-2e-06,0.0,-0.0,-0.008419,0.0,-0.008232,-0.004101,0.0,-0.00774,-0.00852,-0.002348,0.0,-0.001354,-0.0,0.0,-0.004586,0.0,-0.004028,-0.004875,0.0,-0.000244,-0.003864,0.0,-0.008961,-0.002403,0.0,-0.003078,0.0,-2.5e-05,-0.00206,-0.002198,-0.004457,-0.002425,0.0,0.0,-0.004661,-0.004317,-0.005441,0.0,0.0,-1.3e-05,0.0,0.0,-0.00169,-0.004692,-0.008064,-0.004767,0.0,-8.1e-05,-0.007777,-0.001033,-0.00472,0.0,-0.000967,-0.002075,-0.0,0.0,-0.004641,-0.005247,0.0,-7e-06,0.0,-0.002965,0.0,-0.004505,0.0,-0.002418,-0.007955,-6e-06,-5e-06,-0.005894,0.0,0.0,0.0,-1.3e-05,-0.004919,-0.0056,0.0,-0.003205,-0.002722,-0.008766,-0.008789,0.0,-0.007453,0.0,-0.006244,-0.00231,0.0,-0.002376,-0.009549,-0.005725,-0.00542,-0.005952,-0.008754,-0.002458,-0.001078,-0.001181,0.0,-0.000609,-0.003529,-0.004241,-0.005809
2017-05-28 11:57:00+02:00,0.0,0.0,-3.2e-05,-0.005292,-5.7e-05,0.0,-0.001583,-0.002578,-0.00492,-3e-06,0.0,0.0,-0.005615,-0.005449,-0.001936,-0.007308,-2e-06,0.0,-0.0,-0.008368,0.0,-0.008183,-0.004067,0.0,-0.007635,-0.008526,-0.002323,0.0,-0.001333,-0.0,0.0,-0.00452,0.0,-0.003966,-0.004807,0.0,-0.000195,-0.003825,0.0,-0.008826,-0.00238,0.0,-0.003016,0.0,-2e-05,-0.002025,-0.002179,-0.004422,-0.002356,0.0,0.0,-0.00463,-0.004317,-0.005456,0.0,0.0,-1e-05,0.0,0.0,-0.001642,-0.00466,-0.007936,-0.004747,0.0,-6.5e-05,-0.007776,-0.001003,-0.004685,0.0,-0.000937,-0.002037,-0.0,0.0,-0.004616,-0.005209,0.0,-6e-06,0.0,-0.002923,0.0,-0.004503,0.0,-0.002385,-0.007829,-5e-06,-4e-06,-0.005901,0.0,0.0,0.0,-1.1e-05,-0.004922,-0.005614,0.0,-0.003201,-0.002614,-0.00877,-0.008795,0.0,-0.007339,0.0,-0.006233,-0.002271,0.0,-0.002353,-0.009567,-0.005737,-0.005303,-0.005937,-0.008761,-0.002435,-0.001055,-0.00114,0.0,-0.000556,-0.003467,-0.004218,-0.00582
2017-05-28 11:58:00+02:00,0.0,0.0,-2.5e-05,-0.005294,-4.6e-05,0.0,-0.001564,-0.002562,-0.004863,-3e-06,0.0,0.0,-0.005629,-0.005453,-0.001891,-0.007319,-1e-06,0.0,-0.0,-0.008304,0.0,-0.00812,-0.004043,0.0,-0.007549,-0.008545,-0.002306,0.0,-0.001326,-0.0,0.0,-0.004466,0.0,-0.003916,-0.00475,0.0,-0.000156,-0.003799,0.0,-0.008713,-0.002365,0.0,-0.00296,0.0,-1.6e-05,-0.002015,-0.002174,-0.004379,-0.002301,0.0,0.0,-0.00459,-0.004326,-0.005471,0.0,0.0,-8e-06,0.0,0.0,-0.00161,-0.004618,-0.007828,-0.004747,0.0,-5.2e-05,-0.007791,-0.000983,-0.004641,0.0,-0.000917,-0.002002,-0.0,0.0,-0.004582,-0.005175,0.0,-4e-06,0.0,-0.002894,0.0,-0.004509,0.0,-0.002377,-0.007724,-4e-06,-3e-06,-0.005908,0.0,0.0,0.0,-9e-06,-0.004933,-0.005628,0.0,-0.003206,-0.002531,-0.008787,-0.008813,0.0,-0.007246,0.0,-0.006239,-0.002234,0.0,-0.002336,-0.009587,-0.005749,-0.005209,-0.00594,-0.00878,-0.00242,-0.001047,-0.001104,0.0,-0.00052,-0.003409,-0.004215,-0.005831
2017-05-28 11:59:00+02:00,0.0,0.0,-2e-05,-0.005331,-3.7e-05,0.0,-0.001563,-0.002564,-0.004841,-2e-06,0.0,0.0,-0.005647,-0.005476,-0.001873,-0.007368,-1e-06,0.0,-0.0,-0.008288,0.0,-0.008105,-0.00405,0.0,-0.007518,-0.008601,-0.002306,0.0,-0.001338,-0.0,0.0,-0.004446,0.0,-0.003898,-0.004729,0.0,-0.000125,-0.003802,0.0,-0.008663,-0.002367,0.0,-0.002941,0.0,-1.3e-05,-0.002035,-0.002189,-0.004365,-0.002277,0.0,0.0,-0.004579,-0.004356,-0.00549,0.0,0.0,-7e-06,0.0,0.0,-0.001606,-0.004605,-0.007782,-0.004782,0.0,-4.1e-05,-0.007842,-0.00098,-0.004626,0.0,-0.000914,-0.00199,-0.0,0.0,-0.004576,-0.005173,0.0,-4e-06,0.0,-0.002895,0.0,-0.004538,0.0,-0.002399,-0.007679,-3e-06,-3e-06,-0.00592,0.0,0.0,0.0,-7e-06,-0.004967,-0.005646,0.0,-0.003232,-0.002494,-0.008842,-0.008869,0.0,-0.007211,0.0,-0.006282,-0.002221,0.0,-0.002338,-0.009613,-0.005766,-0.005169,-0.00598,-0.008837,-0.002423,-0.001058,-0.001091,0.0,-0.000512,-0.00339,-0.004246,-0.005846
2017-05-28 12:00:00+02:00,0.0,0.0,-1.6e-05,-0.005388,-2.9e-05,0.0,-0.001572,-0.002579,-0.00485,-2e-06,0.0,0.0,-0.005675,-0.005509,-0.001874,-0.007442,-1e-06,0.0,-0.0,-0.008321,0.0,-0.008137,-0.004078,0.0,-0.007539,-0.008685,-0.00232,0.0,-0.001357,-0.0,0.0,-0.004457,0.0,-0.003909,-0.00474,0.0,-0.0001,-0.003828,0.0,-0.008675,-0.002383,0.0,-0.00295,0.0,-1e-05,-0.002067,-0.002213,-0.004376,-0.002275,0.0,0.0,-0.004593,-0.004401,-0.00552,0.0,0.0,-5e-06,0.0,0.0,-0.001618,-0.004618,-0.007793,-0.004834,0.0,-3.3e-05,-0.00792,-0.000986,-0.004638,0.0,-0.00092,-0.001995,-0.0,0.0,-0.004597,-0.005202,0.0,-3e-06,0.0,-0.002915,0.0,-0.004581,0.0,-0.002433,-0.007689,-2e-06,-2e-06,-0.005941,0.0,0.0,0.0,-5e-06,-0.005015,-0.005674,0.0,-0.003269,-0.002489,-0.008926,-0.008954,0.0,-0.007228,0.0,-0.006347,-0.002226,0.0,-0.002353,-0.009659,-0.005792,-0.005173,-0.006041,-0.008924,-0.002438,-0.001075,-0.001091,0.0,-0.000516,-0.003401,-0.004294,-0.00587
2017-05-28 12:01:00+02:00,0.0,0.0,-1.3e-05,-0.005455,-2.3e-05,0.0,-0.001588,-0.002603,-0.004885,-1e-06,0.0,0.0,-0.005703,-0.00554,-0.001891,-0.007529,-1e-06,0.0,-0.0,-0.008391,0.0,-0.008206,-0.004121,0.0,-0.0076,-0.008787,-0.002341,0.0,-0.001378,-0.0,0.0,-0.004491,0.0,-0.003942,-0.004778,0.0,-8.4e-05,-0.003868,0.0,-0.008735,-0.002406,0.0,-0.00298,0.0,-8e-06,-0.002103,-0.00224,-0.004409,-0.002291,0.0,0.0,-0.00463,-0.004453,-0.005549,0.0,0.0,-4e-06,0.0,0.0,-0.001639,-0.004653,-0.007849,-0.004896,0.0,-2.7e-05,-0.008013,-0.000997,-0.004671,0.0,-0.000932,-0.002013,-0.0,0.0,-0.004638,-0.005256,0.0,-2e-06,0.0,-0.002948,0.0,-0.004631,0.0,-0.002472,-0.007743,-2e-06,-2e-06,-0.005961,0.0,0.0,0.0,-4e-06,-0.005072,-0.005702,0.0,-0.003313,-0.002511,-0.009027,-0.009056,0.0,-0.007285,0.0,-0.006424,-0.002245,0.0,-0.002375,-0.009706,-0.005818,-0.005212,-0.006115,-0.009027,-0.002462,-0.001094,-0.001102,0.0,-0.000528,-0.003435,-0.004351,-0.005895
2017-05-28 12:02:00+02:00,0.0,0.0,-1e-05,-0.005503,-1.9e-05,0.0,-0.001593,-0.002615,-0.004917,-1e-06,0.0,0.0,-0.00573,-0.005571,-0.001906,-0.007596,-1e-06,0.0,-0.0,-0.008453,0.0,-0.008267,-0.004146,0.0,-0.007659,-0.008867,-0.002351,0.0,-0.001386,-0.0,0.0,-0.004524,0.0,-0.003974,-0.004816,0.0,-6.7e-05,-0.003889,0.0,-0.008798,-0.002418,0.0,-0.002998,0.0,-6e-06,-0.002118,-0.002255,-0.004434,-0.002304,0.0,0.0,-0.004661,-0.004492,-0.005578,0.0,0.0,-3e-06,0.0,0.0,-0.001643,-0.004682,-0.007906,-0.004938,0.0,-2.1e-05,-0.008085,-0.000998,-0.004698,0.0,-0.000933,-0.002024,-0.0,0.0,-0.004674,-0.005308,0.0,-2e-06,0.0,-0.002961,0.0,-0.004669,0.0,-0.002491,-0.007799,-2e-06,-1e-06,-0.005981,0.0,0.0,0.0,-4e-06,-0.005116,-0.00573,0.0,-0.003345,-0.002527,-0.009107,-0.009137,0.0,-0.007341,0.0,-0.006481,-0.002256,0.0,-0.002386,-0.009753,-0.005843,-0.005248,-0.006167,-0.009109,-0.002475,-0.0011,-0.001106,0.0,-0.000523,-0.003456,-0.004387,-0.005918
2017-05-28 12:03:00+02:00,0.0,0.0,-8e-06,-0.005542,-1.5e-05,0.0,-0.001595,-0.002624,-0.004942,-1e-06,0.0,0.0,-0.00575,-0.005594,-0.001916,-0.007651,-0.0,0.0,-0.0,-0.008551,0.0,-0.008365,-0.004165,0.0,-0.007706,-0.008932,-0.002357,0.0,-0.001392,-0.0,0.0,-0.004549,0.0,-0.003999,-0.004849,0.0,-5.4e-05,-0.003904,0.0,-0.008849,-0.002426,0.0,-0.003041,0.0,-5e-06,-0.002129,-0.002266,-0.004483,-0.002312,0.0,0.0,-0.004715,-0.004525,-0.0056,0.0,0.0,-3e-06,0.0,0.0,-0.001644,-0.004735,-0.007953,-0.004973,0.0,-1.7e-05,-0.008145,-0.000997,-0.004749,0.0,-0.000932,-0.002051,-0.0,0.0,-0.004731,-0.005348,0.0,-1e-06,0.0,-0.002971,0.0,-0.004699,0.0,-0.002505,-0.007846,-1e-06,-1e-06,-0.005994,0.0,0.0,0.0,-3e-06,-0.005152,-0.005749,0.0,-0.003371,-0.002536,-0.009171,-0.009202,0.0,-0.007384,0.0,-0.006528,-0.002283,0.0,-0.002394,-0.009786,-0.005861,-0.005275,-0.00621,-0.009176,-0.002484,-0.001105,-0.001124,0.0,-0.000516,-0.003503,-0.004416,-0.005934
2017-05-28 12:04:00+02:00,0.0,0.0,-7e-06,-0.00559,-1.2e-05,0.0,-0.001607,-0.00264,-0.004977,-1e-06,0.0,0.0,-0.005767,-0.005614,-0.001937,-0.007711,-0.0,0.0,-0.0,-0.008672,0.0,-0.008485,-0.004196,0.0,-0.007768,-0.009,-0.002372,0.0,-0.001408,-0.0,0.0,-0.004584,0.0,-0.004033,-0.004891,0.0,-5.6e-05,-0.003932,0.0,-0.008918,-0.002442,0.0,-0.003119,0.0,-4e-06,-0.002156,-0.002286,-0.004547,-0.002333,0.0,0.0,-0.004785,-0.004561,-0.005619,0.0,0.0,-2e-06,0.0,0.0,-0.001662,-0.004804,-0.008017,-0.005017,0.0,-2.8e-05,-0.008207,-0.001007,-0.004815,0.0,-0.000942,-0.002099,-0.0,0.0,-0.004802,-0.005382,0.0,-1e-06,0.0,-0.002995,0.0,-0.004733,0.0,-0.002535,-0.007911,-1e-06,-1e-06,-0.006004,0.0,0.0,0.0,-2e-06,-0.005189,-0.005767,0.0,-0.003402,-0.002566,-0.009237,-0.009269,0.0,-0.007442,0.0,-0.006581,-0.002332,0.0,-0.002409,-0.009814,-0.005876,-0.00532,-0.00626,-0.009244,-0.0025,-0.001119,-0.001165,0.0,-0.000529,-0.003586,-0.004457,-0.005948
2017-05-28 12:05:00+02:00,0.0,0.0,-5e-06,-0.005625,-1e-05,0.0,-0.001618,-0.002655,-0.005025,-1e-06,0.0,0.0,-0.005787,-0.005637,-0.001968,-0.007758,-0.0,0.0,-0.0,-0.008763,0.0,-0.008576,-0.004226,0.0,-0.007854,-0.009054,-0.002385,0.0,-0.001415,-0.0,0.0,-0.004633,0.0,-0.004082,-0.004956,0.0,-6.8e-05,-0.003958,0.0,-0.009027,-0.002457,0.0,-0.003172,0.0,-3e-06,-0.002169,-0.002297,-0.004592,-0.002364,0.0,0.0,-0.004835,-0.004588,-0.005641,0.0,0.0,-2e-06,0.0,0.0,-0.001678,-0.004853,-0.008117,-0.005049,0.0,-2.3e-05,-0.008257,-0.001015,-0.004862,0.0,-0.000951,-0.00213,-0.0,0.0,-0.004856,-0.005417,0.0,-1e-06,0.0,-0.003017,0.0,-0.004758,0.0,-0.00255,-0.008009,-1e-06,-1e-06,-0.006017,0.0,0.0,0.0,-2e-06,-0.005219,-0.005787,0.0,-0.003425,-0.00261,-0.009289,-0.009322,0.0,-0.007527,0.0,-0.006622,-0.002364,0.0,-0.002423,-0.00985,-0.005895,-0.005388,-0.006297,-0.009299,-0.002516,-0.001125,-0.001191,0.0,-0.000539,-0.003641,-0.004484,-0.005964
2017-05-28 12:06:00+02:00,0.0,0.0,-4e-06,-0.005654,-8e-06,0.0,-0.001615,-0.002657,-0.005046,-0.0,0.0,0.0,-0.005806,-0.005659,-0.001976,-0.007801,-0.0,0.0,-0.0,-0.008826,0.0,-0.00864,-0.004235,0.0,-0.007893,-0.009105,-0.002386,0.0,-0.001418,-0.0,0.0,-0.004654,0.0,-0.004103,-0.004986,0.0,-5.4e-05,-0.003963,0.0,-0.009074,-0.00246,0.0,-0.003197,0.0,-3e-06,-0.002175,-0.002304,-0.004621,-0.00237,0.0,0.0,-0.00487,-0.004614,-0.005662,0.0,0.0,-1e-06,0.0,0.0,-0.001672,-0.004886,-0.008159,-0.005074,0.0,-1.8e-05,-0.008303,-0.001011,-0.004892,0.0,-0.000946,-0.002145,-0.0,0.0,-0.004893,-0.005448,0.0,-1e-06,0.0,-0.003018,0.0,-0.004781,0.0,-0.002559,-0.008051,-1e-06,-1e-06,-0.00603,0.0,0.0,0.0,-1e-06,-0.005246,-0.005806,0.0,-0.003446,-0.002615,-0.009338,-0.009372,0.0,-0.007562,0.0,-0.006657,-0.00238,0.0,-0.002425,-0.009882,-0.005912,-0.005409,-0.006328,-0.00935,-0.002519,-0.001126,-0.0012,0.0,-0.000527,-0.003669,-0.004505,-0.00598
2017-05-28 12:07:00+02:00,0.0,0.0,-3e-06,-0.00565,-6e-06,0.0,-0.00161,-0.002656,-0.005061,-0.0,0.0,0.0,-0.005826,-0.005681,-0.001979,-0.007803,-0.0,0.0,-0.0,-0.008874,0.0,-0.008688,-0.004239,0.0,-0.007923,-0.00911,-0.002383,0.0,-0.001405,-0.0,0.0,-0.00467,0.0,-0.00412,-0.005011,0.0,-4.3e-05,-0.003963,0.0,-0.009112,-0.002459,0.0,-0.003212,0.0,-2e-06,-0.002154,-0.002293,-0.00464,-0.002371,0.0,0.0,-0.004895,-0.004616,-0.005683,0.0,0.0,-1e-06,0.0,0.0,-0.001662,-0.00491,-0.008192,-0.005067,0.0,-1.5e-05,-0.008307,-0.001003,-0.004914,0.0,-0.000938,-0.002154,-0.0,0.0,-0.004923,-0.005479,0.0,-1e-06,0.0,-0.003014,0.0,-0.00478,0.0,-0.002541,-0.008085,-1e-06,-0.0,-0.006043,0.0,0.0,0.0,-1e-06,-0.005247,-0.005826,0.0,-0.003447,-0.002612,-0.009339,-0.009374,0.0,-0.007589,0.0,-0.006656,-0.002389,0.0,-0.002424,-0.009915,-0.00593,-0.005422,-0.006325,-0.009354,-0.002519,-0.001111,-0.001203,0.0,-0.000509,-0.003687,-0.004495,-0.005996
2017-05-28 12:08:00+02:00,0.0,0.0,-3e-06,-0.005651,-5e-06,0.0,-0.001612,-0.002663,-0.005082,-0.0,0.0,0.0,-0.005846,-0.005703,-0.001989,-0.007809,-0.0,0.0,-0.0,-0.008927,0.0,-0.008741,-0.004255,0.0,-0.007965,-0.009117,-0.002389,0.0,-0.001395,-0.0,0.0,-0.004692,0.0,-0.004142,-0.005042,0.0,-3.5e-05,-0.003975,0.0,-0.00916,-0.002466,0.0,-0.003236,0.0,-2e-06,-0.00214,-0.002285,-0.004663,-0.002379,0.0,0.0,-0.004923,-0.004619,-0.005705,0.0,0.0,-1e-06,0.0,0.0,-0.001664,-0.004937,-0.008236,-0.005066,0.0,-1.2e-05,-0.008314,-0.001004,-0.004938,0.0,-0.000938,-0.002168,-0.0,0.0,-0.004955,-0.005507,0.0,-0.0,0.0,-0.003022,0.0,-0.00478,0.0,-0.002529,-0.008128,-0.0,-0.0,-0.006055,0.0,0.0,0.0,-1e-06,-0.00525,-0.005845,0.0,-0.003451,-0.00262,-0.009343,-0.009379,0.0,-0.007627,0.0,-0.00666,-0.002403,0.0,-0.00243,-0.009948,-0.005948,-0.005446,-0.006325,-0.00936,-0.002526,-0.001101,-0.001212,0.0,-0.000504,-0.003713,-0.00449,-0.006012
2017-05-28 12:09:00+02:00,0.0,0.0,-2e-06,-0.005631,-4e-06,0.0,-0.001593,-0.002646,-0.005082,-0.0,0.0,0.0,-0.005859,-0.005719,-0.001981,-0.007793,-0.0,0.0,-0.0,-0.008935,0.0,-0.00875,-0.004232,0.0,-0.007971,-0.009104,-0.00237,0.0,-0.001373,-0.0,0.0,-0.004693,0.0,-0.004144,-0.005051,0.0,-2.8e-05,-0.003947,0.0,-0.009166,-0.002448,0.0,-0.003225,0.0,-1e-06,-0.002104,-0.002265,-0.004659,-0.002368,0.0,0.0,-0.004925,-0.00461,-0.00572,0.0,0.0,-1e-06,0.0,0.0,-0.001633,-0.004937,-0.008241,-0.005044,0.0,-9e-06,-0.0083,-0.000984,-0.004936,0.0,-0.000919,-0.00216,-0.0,0.0,-0.004961,-0.005529,0.0,-0.0,0.0,-0.002993,0.0,-0.004768,0.0,-0.002496,-0.008134,-0.0,-0.0,-0.006062,0.0,0.0,0.0,-1e-06,-0.00524,-0.005859,0.0,-0.003442,-0.002599,-0.009327,-0.009363,0.0,-0.007628,0.0,-0.006642,-0.002394,0.0,-0.002412,-0.009971,-0.00596,-0.005436,-0.006304,-0.009346,-0.00251,-0.001077,-0.001201,0.0,-0.000469,-0.003703,-0.004464,-0.006023
2017-05-28 12:10:00+02:00,0.0,0.0,-2e-06,-0.005622,-3e-06,0.0,-0.001584,-0.002638,-0.005085,-0.0,0.0,0.0,-0.005867,-0.005728,-0.001981,-0.007786,-0.0,0.0,-0.0,-0.008963,0.0,-0.00878,-0.004224,0.0,-0.007982,-0.009097,-0.002361,0.0,-0.001362,-0.0,0.0,-0.004697,0.0,-0.00415,-0.005062,0.0,-2.2e-05,-0.003935,0.0,-0.009179,-0.002441,0.0,-0.003244,0.0,-1e-06,-0.002086,-0.002254,-0.004671,-0.002365,0.0,0.0,-0.004942,-0.004607,-0.00573,0.0,0.0,-1e-06,0.0,0.0,-0.00162,-0.004952,-0.008253,-0.005033,0.0,-8e-06,-0.008293,-0.000975,-0.004949,0.0,-0.00091,-0.002171,-0.0,0.0,-0.00498,-0.005544,0.0,-0.0,0.0,-0.00298,0.0,-0.004762,0.0,-0.00248,-0.008147,-0.0,-0.0,-0.006063,0.0,0.0,0.0,-1e-06,-0.005236,-0.005867,0.0,-0.00344,-0.002594,-0.009316,-0.009353,0.0,-0.007635,0.0,-0.006634,-0.002405,0.0,-0.002404,-0.009982,-0.005965,-0.005437,-0.006293,-0.009338,-0.002503,-0.001066,-0.00121,0.0,-0.000452,-0.003723,-0.004451,-0.006027
2017-05-28 12:11:00+02:00,0.0,0.0,-1e-06,-0.005659,-3e-06,0.0,-0.001594,-0.00265,-0.005114,-0.0,0.0,0.0,-0.005877,-0.00574,-0.002004,-0.007831,-0.0,0.0,-0.0,-0.009008,0.0,-0.008826,-0.004247,0.0,-0.008032,-0.009148,-0.002372,0.0,-0.001377,-0.0,0.0,-0.004727,0.0,-0.004181,-0.005102,0.0,-3.1e-05,-0.003956,0.0,-0.009241,-0.002454,0.0,-0.003284,0.0,-1e-06,-0.002112,-0.002271,-0.004694,-0.002388,0.0,0.0,-0.004969,-0.004635,-0.005741,0.0,0.0,-0.0,0.0,0.0,-0.001637,-0.004978,-0.00831,-0.005068,0.0,-1.5e-05,-0.00834,-0.000984,-0.004973,0.0,-0.00092,-0.002195,-0.0,0.0,-0.00501,-0.00556,0.0,-0.0,0.0,-0.002999,0.0,-0.004787,0.0,-0.002507,-0.008205,-0.0,-0.0,-0.006067,0.0,0.0,0.0,-0.0,-0.005265,-0.005877,0.0,-0.003465,-0.002627,-0.009365,-0.009403,0.0,-0.007684,0.0,-0.006674,-0.002428,0.0,-0.002417,-0.009996,-0.005973,-0.005479,-0.006331,-0.009389,-0.002516,-0.00108,-0.001233,0.0,-0.000465,-0.003764,-0.004484,-0.006033
2017-05-28 12:12:00+02:00,0.0,0.0,-1e-06,-0.005691,-2e-06,0.0,-0.001603,-0.002661,-0.005153,-0.0,0.0,0.0,-0.005888,-0.005754,-0.002034,-0.007872,-0.0,0.0,-0.0,-0.009057,0.0,-0.008876,-0.004269,0.0,-0.008101,-0.009197,-0.002382,0.0,-0.001388,-0.0,0.0,-0.004767,0.0,-0.004222,-0.005155,0.0,-5e-05,-0.003976,0.0,-0.009328,-0.002465,0.0,-0.003322,0.0,-1e-06,-0.002131,-0.002283,-0.004719,-0.002417,0.0,0.0,-0.004997,-0.00466,-0.005754,0.0,0.0,-0.0,0.0,0.0,-0.001651,-0.005005,-0.008392,-0.005098,0.0,-2.1e-05,-0.008384,-0.000992,-0.004997,0.0,-0.000927,-0.002217,-0.0,0.0,-0.00504,-0.005577,0.0,-0.0,0.0,-0.003017,0.0,-0.004811,0.0,-0.002527,-0.008286,-0.0,-0.0,-0.006072,0.0,0.0,0.0,-0.0,-0.005292,-0.005888,0.0,-0.003487,-0.002672,-0.009412,-0.009451,0.0,-0.007753,0.0,-0.006711,-0.002449,0.0,-0.002428,-0.010014,-0.005983,-0.005538,-0.006364,-0.009439,-0.002528,-0.00109,-0.001253,0.0,-0.000476,-0.003802,-0.004511,-0.006041
2017-05-28 12:13:00+02:00,0.0,0.0,-1e-06,-0.0057,-2e-06,0.0,-0.001603,-0.002664,-0.005186,-0.0,0.0,0.0,-0.005901,-0.005769,-0.002055,-0.00789,-0.0,0.0,-0.0,-0.009105,0.0,-0.008924,-0.00428,0.0,-0.00816,-0.009221,-0.002385,0.0,-0.001384,-0.0,0.0,-0.004801,0.0,-0.004257,-0.005205,0.0,-5.3e-05,-0.003984,0.0,-0.009409,-0.00247,0.0,-0.003347,0.0,-1e-06,-0.002126,-0.002281,-0.004741,-0.002439,0.0,0.0,-0.005023,-0.004671,-0.005769,0.0,0.0,-0.0,0.0,0.0,-0.001651,-0.00503,-0.008465,-0.005103,0.0,-1.7e-05,-0.008404,-0.000991,-0.00502,0.0,-0.000927,-0.002232,-0.0,0.0,-0.00507,-0.005595,0.0,-0.0,0.0,-0.003022,0.0,-0.004819,0.0,-0.002524,-0.008358,-0.0,-0.0,-0.006078,0.0,0.0,0.0,-0.0,-0.005304,-0.005901,0.0,-0.003495,-0.002702,-0.009433,-0.009473,0.0,-0.00781,0.0,-0.006723,-0.002464,0.0,-0.002432,-0.010035,-0.005994,-0.005585,-0.006372,-0.009463,-0.002532,-0.001086,-0.001264,0.0,-0.000472,-0.003829,-0.004513,-0.006051
2017-05-28 12:14:00+02:00,0.0,0.0,-1e-06,-0.005704,-1e-06,0.0,-0.001601,-0.002665,-0.005219,-0.0,0.0,0.0,-0.005911,-0.005781,-0.002075,-0.007902,-0.0,0.0,-0.0,-0.009142,0.0,-0.008962,-0.004286,0.0,-0.008218,-0.00924,-0.002385,0.0,-0.001378,-0.0,0.0,-0.004833,0.0,-0.004291,-0.005253,0.0,-5.6e-05,-0.003987,0.0,-0.009487,-0.002471,0.0,-0.003363,0.0,-0.0,-0.002117,-0.002276,-0.004757,-0.002458,0.0,0.0,-0.005044,-0.004679,-0.005781,0.0,0.0,-0.0,0.0,0.0,-0.001646,-0.005049,-0.008535,-0.005105,0.0,-1.4e-05,-0.008419,-0.000987,-0.005037,0.0,-0.000923,-0.002241,-0.0,0.0,-0.005094,-0.00561,0.0,-0.0,0.0,-0.003022,0.0,-0.004824,0.0,-0.002517,-0.008429,-0.0,-0.0,-0.006082,0.0,0.0,0.0,-0.0,-0.005313,-0.005911,0.0,-0.0035,-0.002728,-0.009449,-0.009491,0.0,-0.007866,0.0,-0.006731,-0.002473,0.0,-0.002433,-0.010051,-0.006002,-0.005628,-0.006377,-0.009483,-0.002534,-0.001079,-0.00127,0.0,-0.000463,-0.003847,-0.004512,-0.006057
2017-05-28 12:15:00+02:00,0.0,0.0,-1e-06,-0.005692,-1e-06,0.0,-0.00159,-0.002655,-0.005232,-0.0,0.0,0.0,-0.005922,-0.005794,-0.00208,-0.007895,-0.0,0.0,-0.0,-0.009151,0.0,-0.008972,-0.004274,0.0,-0.008243,-0.009236,-0.002375,0.0,-0.001363,-0.0,0.0,-0.004847,0.0,-0.004306,-0.005281,0.0,-4.4e-05,-0.003972,0.0,-0.009528,-0.002463,0.0,-0.003359,0.0,-0.0,-0.002093,-0.002263,-0.004757,-0.002461,0.0,0.0,-0.005048,-0.004675,-0.005794,0.0,0.0,-0.0,0.0,0.0,-0.001626,-0.005053,-0.00857,-0.005091,0.0,-1.1e-05,-0.008413,-0.000975,-0.005038,0.0,-0.00091,-0.002237,-0.0,0.0,-0.005102,-0.005626,0.0,-0.0,0.0,-0.003005,0.0,-0.004818,0.0,-0.002495,-0.008464,-0.0,-0.0,-0.006087,0.0,0.0,0.0,-0.0,-0.005309,-0.005922,0.0,-0.003497,-0.002728,-0.009442,-0.009484,0.0,-0.007888,0.0,-0.006721,-0.002468,0.0,-0.002424,-0.010068,-0.006011,-0.005641,-0.006363,-0.009478,-0.002525,-0.001063,-0.001264,0.0,-0.000439,-0.003843,-0.004495,-0.006065
2017-05-28 12:16:00+02:00,0.0,0.0,-0.0,-0.005689,-1e-06,0.0,-0.001592,-0.00266,-0.005243,-0.0,0.0,0.0,-0.005934,-0.005807,-0.002084,-0.007897,-0.0,0.0,-0.0,-0.009161,0.0,-0.008984,-0.004287,0.0,-0.008266,-0.009242,-0.00238,0.0,-0.001354,-0.0,0.0,-0.004859,0.0,-0.004319,-0.005305,0.0,-3.6e-05,-0.003982,0.0,-0.009564,-0.002469,0.0,-0.003356,0.0,-0.0,-0.002078,-0.002255,-0.004757,-0.002463,0.0,0.0,-0.005053,-0.004678,-0.005807,0.0,0.0,-0.0,0.0,0.0,-0.001628,-0.005056,-0.0086,-0.005086,0.0,-9e-06,-0.008417,-0.000975,-0.005039,0.0,-0.000911,-0.002235,-0.0,0.0,-0.00511,-0.005642,0.0,-0.0,0.0,-0.003012,0.0,-0.004818,0.0,-0.002482,-0.008495,-0.0,-0.0,-0.006092,0.0,0.0,0.0,-0.0,-0.005312,-0.005934,0.0,-0.003498,-0.002727,-0.009445,-0.009488,0.0,-0.007908,0.0,-0.006721,-0.002466,0.0,-0.002429,-0.010086,-0.006021,-0.005652,-0.00636,-0.009484,-0.002531,-0.001053,-0.00126,0.0,-0.000437,-0.003841,-0.004487,-0.006073
2017-05-28 12:17:00+02:00,0.0,0.0,-0.0,-0.005665,-1e-06,0.0,-0.001578,-0.002649,-0.005219,-0.0,0.0,0.0,-0.005942,-0.005817,-0.002061,-0.007875,-0.0,0.0,-0.0,-0.009159,0.0,-0.008984,-0.004272,0.0,-0.008233,-0.009222,-0.002368,0.0,-0.001333,-0.0,0.0,-0.004837,0.0,-0.0043,-0.005289,0.0,-2.8e-05,-0.003964,0.0,-0.009525,-0.002458,0.0,-0.003344,0.0,-0.0,-0.002045,-0.002235,-0.004752,-0.002436,0.0,0.0,-0.005052,-0.004666,-0.005818,0.0,0.0,-0.0,0.0,0.0,-0.001603,-0.005054,-0.008563,-0.00506,0.0,-7e-06,-0.008396,-0.000959,-0.005034,0.0,-0.000895,-0.002227,-0.0,0.0,-0.005113,-0.005654,0.0,-0.0,0.0,-0.002991,0.0,-0.004803,0.0,-0.00245,-0.00846,-0.0,-0.0,-0.006094,0.0,0.0,0.0,-0.0,-0.005299,-0.005942,0.0,-0.003487,-0.002683,-0.009422,-0.009466,0.0,-0.00787,0.0,-0.006697,-0.002457,0.0,-0.002418,-0.010097,-0.006028,-0.00561,-0.006334,-0.009464,-0.002521,-0.001032,-0.001249,0.0,-0.000409,-0.003829,-0.004458,-0.006079
2017-05-28 12:18:00+02:00,0.0,0.0,-0.0,-0.005655,-1e-06,0.0,-0.001571,-0.002644,-0.005211,-0.0,0.0,0.0,-0.005948,-0.005825,-0.002054,-0.007867,-0.0,0.0,-0.0,-0.009176,0.0,-0.009002,-0.004267,0.0,-0.008225,-0.009216,-0.002362,0.0,-0.001323,-0.0,0.0,-0.00483,0.0,-0.004296,-0.005287,0.0,-2.3e-05,-0.003957,0.0,-0.009512,-0.002454,0.0,-0.003352,0.0,-0.0,-0.002028,-0.002225,-0.004758,-0.002426,0.0,0.0,-0.005062,-0.004663,-0.005825,0.0,0.0,-0.0,0.0,0.0,-0.00159,-0.005063,-0.008553,-0.005049,0.0,-6e-06,-0.008388,-0.000951,-0.00504,0.0,-0.000887,-0.002231,-0.0,0.0,-0.005126,-0.005664,0.0,-0.0,0.0,-0.002982,0.0,-0.004797,0.0,-0.002435,-0.008451,-0.0,-0.0,-0.006095,0.0,0.0,0.0,-0.0,-0.005295,-0.005948,0.0,-0.003485,-0.002665,-0.009412,-0.009457,0.0,-0.007858,0.0,-0.006688,-0.00246,0.0,-0.002414,-0.010104,-0.006032,-0.005594,-0.006322,-0.009457,-0.002516,-0.001021,-0.001252,0.0,-0.000395,-0.003837,-0.004445,-0.006081
2017-05-28 12:19:00+02:00,0.0,0.0,-0.0,-0.005633,-0.0,0.0,-0.001565,-0.002638,-0.005212,-0.0,0.0,0.0,-0.005952,-0.005831,-0.002053,-0.007842,-0.0,0.0,-0.0,-0.009188,0.0,-0.009015,-0.004261,0.0,-0.008231,-0.009189,-0.002357,0.0,-0.001308,-0.0,0.0,-0.004833,0.0,-0.004301,-0.005298,0.0,-1.8e-05,-0.003949,0.0,-0.009522,-0.002449,0.0,-0.003359,0.0,-0.0,-0.002005,-0.002209,-0.004761,-0.002422,0.0,0.0,-0.00507,-0.004649,-0.005831,0.0,0.0,-0.0,0.0,0.0,-0.00158,-0.005069,-0.008562,-0.005026,0.0,-4e-06,-0.008362,-0.000944,-0.005045,0.0,-0.000881,-0.002235,-0.0,0.0,-0.005137,-0.005672,0.0,-0.0,0.0,-0.002973,0.0,-0.004781,0.0,-0.002413,-0.008461,-0.0,-0.0,-0.006086,0.0,0.0,0.0,-0.0,-0.005279,-0.005952,0.0,-0.003474,-0.00266,-0.009381,-0.009427,0.0,-0.007861,0.0,-0.006664,-0.002463,0.0,-0.002409,-0.010108,-0.006034,-0.005592,-0.006296,-0.009429,-0.002512,-0.001007,-0.001256,0.0,-0.000384,-0.003844,-0.004422,-0.006082
2017-05-28 12:20:00+02:00,0.0,0.0,-0.0,-0.005622,-0.0,0.0,-0.001561,-0.002635,-0.00522,-0.0,0.0,0.0,-0.005955,-0.005836,-0.002062,-0.007824,-0.0,0.0,-0.0,-0.009219,0.0,-0.009049,-0.00426,0.0,-0.008251,-0.009166,-0.002353,0.0,-0.001304,-0.0,0.0,-0.004842,0.0,-0.004312,-0.005312,0.0,-1.5e-05,-0.003945,0.0,-0.009537,-0.002447,0.0,-0.003387,0.0,-0.0,-0.001999,-0.002202,-0.004776,-0.002429,0.0,0.0,-0.005088,-0.004639,-0.005836,0.0,0.0,-0.0,0.0,0.0,-0.001576,-0.005086,-0.008579,-0.005016,0.0,-8e-06,-0.008342,-0.000941,-0.00506,0.0,-0.000879,-0.002251,-0.0,0.0,-0.005158,-0.005679,0.0,-0.0,0.0,-0.00297,0.0,-0.004768,0.0,-0.002406,-0.00848,-0.0,-0.0,-0.006078,0.0,0.0,0.0,-0.0,-0.005265,-0.005955,0.0,-0.00347,-0.002671,-0.009355,-0.009401,0.0,-0.007877,0.0,-0.006651,-0.002478,0.0,-0.002406,-0.010111,-0.006035,-0.005604,-0.006281,-0.009404,-0.002509,-0.001002,-0.001271,0.0,-0.00038,-0.003872,-0.004412,-0.006081
2017-05-28 12:21:00+02:00,0.0,0.0,-0.0,-0.005627,-0.0,0.0,-0.001552,-0.002626,-0.005219,-0.0,0.0,0.0,-0.00596,-0.005843,-0.002063,-0.007828,-0.0,0.0,-0.0,-0.009227,0.0,-0.009058,-0.004251,0.0,-0.008257,-0.009172,-0.002344,0.0,-0.001303,-0.0,0.0,-0.004843,0.0,-0.004315,-0.005316,0.0,-1.2e-05,-0.003933,0.0,-0.009538,-0.002439,0.0,-0.003395,0.0,-0.0,-0.001998,-0.0022,-0.004775,-0.002427,0.0,0.0,-0.005091,-0.004641,-0.005843,0.0,0.0,-0.0,0.0,0.0,-0.001563,-0.005088,-0.008583,-0.005019,0.0,-7e-06,-0.008347,-0.000933,-0.005059,0.0,-0.00087,-0.002254,-0.0,0.0,-0.005164,-0.005688,0.0,-0.0,0.0,-0.002957,0.0,-0.004768,0.0,-0.002407,-0.008485,-0.0,-0.0,-0.00608,0.0,0.0,0.0,-0.0,-0.005266,-0.00596,0.0,-0.003474,-0.00267,-0.009356,-0.009403,0.0,-0.007879,0.0,-0.006654,-0.00248,0.0,-0.002398,-0.010121,-0.006039,-0.005604,-0.006283,-0.009408,-0.002502,-0.001001,-0.001274,0.0,-0.000366,-0.00388,-0.004414,-0.006083
2017-05-28 12:22:00+02:00,0.0,0.0,-0.0,-0.005675,-0.0,0.0,-0.001554,-0.002628,-0.005242,-0.0,0.0,0.0,-0.00597,-0.005855,-0.002082,-0.007885,-0.0,0.0,-0.0,-0.009263,0.0,-0.009095,-0.004262,0.0,-0.008306,-0.009238,-0.002346,0.0,-0.001321,-0.0,0.0,-0.004867,0.0,-0.004342,-0.005349,0.0,-1.3e-05,-0.003941,0.0,-0.009591,-0.002442,0.0,-0.00342,0.0,-0.0,-0.00203,-0.002221,-0.004789,-0.002444,0.0,0.0,-0.005108,-0.004674,-0.005855,0.0,0.0,-0.0,0.0,0.0,-0.001567,-0.005104,-0.008634,-0.005065,0.0,-7e-06,-0.008408,-0.000934,-0.005073,0.0,-0.000872,-0.002267,-0.0,0.0,-0.005185,-0.005703,0.0,-0.0,0.0,-0.002963,0.0,-0.004798,0.0,-0.002441,-0.008537,-0.0,-0.0,-0.006086,0.0,0.0,0.0,-0.0,-0.005301,-0.00597,0.0,-0.003503,-0.002698,-0.00942,-0.009468,0.0,-0.007925,0.0,-0.006707,-0.002492,0.0,-0.002402,-0.010141,-0.006047,-0.005641,-0.006332,-0.009475,-0.002505,-0.001018,-0.001286,0.0,-0.000366,-0.003905,-0.004456,-0.00609
2017-05-28 12:23:00+02:00,0.0,0.0,-0.0,-0.005722,-0.0,0.0,-0.001562,-0.002639,-0.005262,-0.0,0.0,0.0,-0.005981,-0.005868,-0.002093,-0.007944,-0.0,0.0,-0.0,-0.009312,0.0,-0.009147,-0.004286,0.0,-0.008351,-0.009306,-0.002357,0.0,-0.001335,-0.0,0.0,-0.004889,0.0,-0.004364,-0.00538,0.0,-1e-05,-0.003962,0.0,-0.00964,-0.002453,0.0,-0.003449,0.0,-0.0,-0.002056,-0.002239,-0.00481,-0.002454,0.0,0.0,-0.005133,-0.004707,-0.005868,0.0,0.0,-0.0,0.0,0.0,-0.00158,-0.005128,-0.00868,-0.005108,0.0,-1.2e-05,-0.00847,-0.00094,-0.005095,0.0,-0.000879,-0.002283,-0.0,0.0,-0.005214,-0.005718,0.0,-0.0,0.0,-0.002981,0.0,-0.00483,0.0,-0.002469,-0.008584,-0.0,-0.0,-0.006092,0.0,0.0,0.0,-0.0,-0.005337,-0.005981,0.0,-0.003533,-0.002713,-0.009486,-0.009535,0.0,-0.007964,0.0,-0.006759,-0.002508,0.0,-0.002413,-0.010163,-0.006055,-0.005667,-0.00638,-0.009544,-0.002517,-0.001032,-0.001299,0.0,-0.000375,-0.003936,-0.004495,-0.006098
2017-05-28 12:24:00+02:00,0.0,0.0,-0.0,-0.00575,-0.0,0.0,-0.001566,-0.002646,-0.005291,-0.0,0.0,0.0,-0.005989,-0.005878,-0.00211,-0.00798,-0.0,0.0,-0.0,-0.009345,0.0,-0.009181,-0.004302,0.0,-0.008408,-0.00935,-0.002362,0.0,-0.00134,-0.0,0.0,-0.004918,0.0,-0.004394,-0.005423,0.0,-1e-05,-0.003974,0.0,-0.00971,-0.00246,0.0,-0.003465,0.0,-0.0,-0.002066,-0.002246,-0.004821,-0.00247,0.0,0.0,-0.005149,-0.004727,-0.005878,0.0,0.0,-0.0,0.0,0.0,-0.001586,-0.005143,-0.008745,-0.005133,0.0,-1e-05,-0.008509,-0.000943,-0.005108,0.0,-0.000882,-0.002291,-0.0,0.0,-0.005234,-0.00573,0.0,-0.0,0.0,-0.002992,0.0,-0.004848,0.0,-0.002481,-0.00865,-0.0,-0.0,-0.006096,0.0,0.0,0.0,-0.0,-0.005359,-0.005989,0.0,-0.003551,-0.002737,-0.009526,-0.009577,0.0,-0.008016,0.0,-0.006791,-0.002516,0.0,-0.002419,-0.010178,-0.006062,-0.005706,-0.006407,-0.009588,-0.002524,-0.001036,-0.001305,0.0,-0.000378,-0.003952,-0.004515,-0.006103
2017-05-28 12:25:00+02:00,0.0,0.0,-0.0,-0.005751,-0.0,0.0,-0.001544,-0.002624,-0.005288,-0.0,0.0,0.0,-0.005993,-0.005884,-0.002105,-0.007984,-0.0,0.0,-0.0,-0.009341,0.0,-0.009179,-0.004272,0.0,-0.008413,-0.009358,-0.00234,0.0,-0.001332,-0.0,0.0,-0.004917,0.0,-0.004395,-0.005432,0.0,-8e-06,-0.00394,0.0,-0.00972,-0.002439,0.0,-0.003452,0.0,-0.0,-0.002053,-0.00224,-0.004813,-0.002461,0.0,0.0,-0.005144,-0.004729,-0.005884,0.0,0.0,-0.0,0.0,0.0,-0.001547,-0.005137,-0.008753,-0.00513,0.0,-8e-06,-0.008514,-0.000919,-0.0051,0.0,-0.000859,-0.002282,-0.0,0.0,-0.005234,-0.005738,0.0,-0.0,0.0,-0.002957,0.0,-0.004848,0.0,-0.002471,-0.00866,-0.0,-0.0,-0.006091,0.0,0.0,0.0,-0.0,-0.005361,-0.005993,0.0,-0.003553,-0.002722,-0.009532,-0.009583,0.0,-0.008015,0.0,-0.006793,-0.002506,0.0,-0.002398,-0.010185,-0.006064,-0.005699,-0.006406,-0.009596,-0.002503,-0.001027,-0.001294,0.0,-0.000342,-0.003939,-0.00451,-0.006104
2017-05-28 12:26:00+02:00,0.0,0.0,-0.0,-0.005754,-0.0,0.0,-0.001544,-0.002625,-0.005287,-0.0,0.0,0.0,-0.006003,-0.005896,-0.002103,-0.00799,-0.0,0.0,-0.0,-0.009341,0.0,-0.009181,-0.004279,0.0,-0.008423,-0.009369,-0.00234,0.0,-0.001326,-0.0,0.0,-0.004918,0.0,-0.004399,-0.005442,0.0,-6e-06,-0.003944,0.0,-0.009731,-0.00244,0.0,-0.003443,0.0,-0.0,-0.002045,-0.002235,-0.004807,-0.002456,0.0,0.0,-0.005141,-0.004732,-0.005896,0.0,0.0,-0.0,0.0,0.0,-0.001548,-0.005133,-0.008763,-0.005131,0.0,-6e-06,-0.008522,-0.000918,-0.005094,0.0,-0.000858,-0.002275,-0.0,0.0,-0.005235,-0.005752,0.0,-0.0,0.0,-0.00296,0.0,-0.004849,0.0,-0.002465,-0.008672,-0.0,-0.0,-0.006097,0.0,0.0,0.0,-0.0,-0.005364,-0.006003,0.0,-0.003556,-0.002714,-0.00954,-0.009592,0.0,-0.00802,0.0,-0.006797,-0.002498,0.0,-0.0024,-0.010204,-0.006072,-0.005697,-0.006408,-0.009606,-0.002505,-0.001021,-0.001286,0.0,-0.000338,-0.00393,-0.004508,-0.006111
2017-05-28 12:27:00+02:00,0.0,0.0,-0.0,-0.005754,-0.0,0.0,-0.001544,-0.002628,-0.005295,-0.0,0.0,0.0,-0.006015,-0.00591,-0.002106,-0.007992,-0.0,0.0,-0.0,-0.009354,0.0,-0.009196,-0.00429,0.0,-0.008447,-0.009371,-0.002343,0.0,-0.001317,-0.0,0.0,-0.004927,0.0,-0.004409,-0.005458,0.0,-5e-06,-0.003952,0.0,-0.009754,-0.002444,0.0,-0.003438,0.0,-0.0,-0.002032,-0.002227,-0.004807,-0.002457,0.0,0.0,-0.005145,-0.004732,-0.00591,0.0,0.0,-0.0,0.0,0.0,-0.001548,-0.005136,-0.008784,-0.005129,0.0,-5e-06,-0.008524,-0.000917,-0.005095,0.0,-0.000857,-0.00227,-0.0,0.0,-0.005243,-0.005768,0.0,-0.0,0.0,-0.002964,0.0,-0.004846,0.0,-0.002453,-0.008695,-0.0,-0.0,-0.006104,0.0,0.0,0.0,-0.0,-0.005362,-0.006015,0.0,-0.003557,-0.002714,-0.009538,-0.009591,0.0,-0.008038,0.0,-0.006798,-0.002492,0.0,-0.002403,-0.010227,-0.006082,-0.005706,-0.006405,-0.009607,-0.002509,-0.001011,-0.001279,0.0,-0.000331,-0.003925,-0.004502,-0.00612
2017-05-28 12:28:00+02:00,0.0,0.0,-0.0,-0.005697,-0.0,0.0,-0.001538,-0.002624,-0.005297,-0.0,0.0,0.0,-0.006019,-0.005916,-0.002106,-0.007921,-0.0,0.0,-0.0,-0.009355,0.0,-0.009198,-0.004289,0.0,-0.00846,-0.009283,-0.002339,0.0,-0.001283,-0.0,0.0,-0.004931,0.0,-0.004415,-0.005468,0.0,-4e-06,-0.003949,0.0,-0.009765,-0.002441,0.0,-0.003425,0.0,-0.0,-0.001978,-0.002192,-0.004802,-0.002453,0.0,0.0,-0.005143,-0.004689,-0.005916,0.0,0.0,-0.0,0.0,0.0,-0.001538,-0.005133,-0.008796,-0.005072,0.0,-4e-06,-0.008448,-0.000911,-0.00509,0.0,-0.000851,-0.002261,-0.0,0.0,-0.005245,-0.005776,0.0,-0.0,0.0,-0.002957,0.0,-0.0048,0.0,-0.0024,-0.008708,-0.0,-0.0,-0.006102,0.0,0.0,0.0,-0.0,-0.005311,-0.006019,0.0,-0.003525,-0.002707,-0.009443,-0.009496,0.0,-0.008046,0.0,-0.006735,-0.002483,0.0,-0.0024,-0.010236,-0.006084,-0.005707,-0.006342,-0.009513,-0.002506,-0.000978,-0.001268,0.0,-0.000317,-0.003912,-0.004446,-0.006122
2017-05-28 12:29:00+02:00,0.0,0.0,-0.0,-0.005647,-0.0,0.0,-0.001531,-0.002611,-0.005265,-0.0,0.0,0.0,-0.005848,-0.005755,-0.002095,-0.007846,-0.0,0.0,-0.0,-0.009292,0.0,-0.009139,-0.004269,0.0,-0.008416,-0.009191,-0.002327,0.0,-0.001267,-0.0,0.0,-0.004903,0.0,-0.004391,-0.00544,0.0,-3e-06,-0.003928,0.0,-0.009705,-0.00243,0.0,-0.003401,0.0,-0.0,-0.001952,-0.002169,-0.004769,-0.002438,0.0,0.0,-0.00511,-0.004647,-0.005755,0.0,0.0,-0.0,0.0,0.0,-0.001532,-0.0051,-0.008745,-0.005026,0.0,-3e-06,-0.008368,-0.000907,-0.005055,0.0,-0.000848,-0.002245,-0.0,0.0,-0.005214,-0.005625,0.0,-0.0,0.0,-0.002943,0.0,-0.004756,0.0,-0.002373,-0.008661,-0.0,-0.0,-0.005912,0.0,0.0,0.0,-0.0,-0.005261,-0.005848,0.0,-0.003495,-0.00269,-0.009345,-0.009397,0.0,-0.007997,0.0,-0.006674,-0.002464,0.0,-0.002389,-0.009923,-0.005907,-0.005671,-0.006282,-0.009415,-0.002494,-0.000964,-0.001258,0.0,-0.000317,-0.003884,-0.004402,-0.005941
2017-05-28 12:30:00+02:00,0.0,0.0,-0.0,-0.005622,-0.0,0.0,-0.001497,-0.002571,-0.005203,-0.0,0.0,0.0,-0.005885,-0.005792,-0.002061,-0.007813,-0.0,0.0,-0.0,-0.009199,0.0,-0.00905,-0.00421,0.0,-0.008331,-0.009156,-0.002289,0.0,-0.001255,-0.0,0.0,-0.004846,0.0,-0.004341,-0.005382,0.0,-2e-06,-0.003868,0.0,-0.009598,-0.002392,0.0,-0.003348,0.0,-0.0,-0.001936,-0.002153,-0.004711,-0.002397,0.0,0.0,-0.005054,-0.004625,-0.005792,0.0,0.0,-0.0,0.0,0.0,-0.001485,-0.005043,-0.008648,-0.005002,0.0,-3e-06,-0.008334,-0.000878,-0.004996,0.0,-0.000819,-0.002209,-0.0,0.0,-0.005161,-0.005651,0.0,-0.0,0.0,-0.002888,0.0,-0.004731,0.0,-0.002355,-0.008567,-0.0,-0.0,-0.005947,0.0,0.0,0.0,-0.0,-0.005236,-0.005885,0.0,-0.00348,-0.002634,-0.009308,-0.00936,0.0,-0.007908,0.0,-0.006645,-0.002426,0.0,-0.002352,-0.009994,-0.005943,-0.005594,-0.006251,-0.00938,-0.002456,-0.000953,-0.001229,0.0,-0.000273,-0.003827,-0.004378,-0.005977
2017-05-28 12:31:00+02:00,0.0,0.0,-1e-06,-0.005675,-0.0,0.0,-0.001535,-0.002613,-0.005271,-0.0,0.0,0.0,-0.005925,-0.005833,-0.002119,-0.007883,-0.0,0.0,-0.0,-0.00933,0.0,-0.00918,-0.004288,0.0,-0.008459,-0.009241,-0.00233,0.0,-0.001277,-0.0,0.0,-0.004915,0.0,-0.00441,-0.005457,0.0,-5.4e-05,-0.003943,0.0,-0.009729,-0.002435,0.0,-0.003446,0.0,-0.0,-0.001975,-0.002173,-0.004775,-0.002455,0.0,0.0,-0.005123,-0.004663,-0.005833,0.0,0.0,-0.0,0.0,0.0,-0.001547,-0.005111,-0.008776,-0.005048,0.0,-4.9e-05,-0.008409,-0.000913,-0.005062,0.0,-0.000855,-0.002265,-0.0,0.0,-0.005234,-0.005695,0.0,-0.0,0.0,-0.002958,0.0,-0.004767,0.0,-0.002395,-0.008696,-0.0,-0.0,-0.005985,0.0,0.0,0.0,-0.0,-0.005278,-0.005925,0.0,-0.003511,-0.002731,-0.009391,-0.009444,0.0,-0.008032,0.0,-0.006704,-0.002482,0.0,-0.002394,-0.010073,-0.005982,-0.005705,-0.006306,-0.009466,-0.002499,-0.000975,-0.001281,0.0,-0.00033,-0.003927,-0.004418,-0.006015
2017-05-28 12:32:00+02:00,0.0,0.0,-1e-06,-0.005724,-0.0,0.0,-0.001549,-0.002632,-0.005334,-0.0,0.0,0.0,-0.005961,-0.00587,-0.002166,-0.007954,-0.0,0.0,-0.0,-0.009441,0.0,-0.009292,-0.004327,0.0,-0.008579,-0.009328,-0.002347,0.0,-0.00129,-0.0,0.0,-0.004979,0.0,-0.004473,-0.005529,0.0,-8.2e-05,-0.003978,0.0,-0.009856,-0.002453,0.0,-0.003515,0.0,-0.0,-0.002001,-0.002188,-0.004827,-0.002501,0.0,0.0,-0.005179,-0.004701,-0.00587,0.0,0.0,-0.0,0.0,0.0,-0.001567,-0.005167,-0.008898,-0.00509,0.0,-6.8e-05,-0.008486,-0.000923,-0.005116,0.0,-0.000865,-0.002305,-0.0,0.0,-0.005295,-0.005736,0.0,-0.0,0.0,-0.002987,0.0,-0.004804,0.0,-0.002423,-0.008817,-0.0,-0.0,-0.006019,0.0,0.0,0.0,-0.0,-0.005321,-0.005961,0.0,-0.003542,-0.002806,-0.009477,-0.009531,0.0,-0.008147,0.0,-0.006764,-0.002522,0.0,-0.002413,-0.010145,-0.006017,-0.005801,-0.006359,-0.009556,-0.002518,-0.000988,-0.001315,0.0,-0.000345,-0.003999,-0.004452,-0.006049
2017-05-28 12:33:00+02:00,0.0,0.0,-1e-06,-0.005693,-0.0,0.0,-0.001529,-0.002607,-0.005321,-0.0,0.0,0.0,-0.005838,-0.005754,-0.002167,-0.007918,-0.0,0.0,-0.0,-0.009407,0.0,-0.009262,-0.004289,0.0,-0.008568,-0.009293,-0.002323,0.0,-0.001277,-0.0,0.0,-0.00497,0.0,-0.004467,-0.005521,0.0,-7.4e-05,-0.003937,0.0,-0.009833,-0.002429,0.0,-0.003507,0.0,-0.0,-0.001981,-0.002169,-0.004809,-0.002499,0.0,0.0,-0.005162,-0.004681,-0.005754,0.0,0.0,-0.0,0.0,0.0,-0.001537,-0.005149,-0.008881,-0.005057,0.0,-5.5e-05,-0.00845,-0.000905,-0.005097,0.0,-0.000847,-0.002299,-0.0,0.0,-0.005279,-0.005633,0.0,-0.0,0.0,-0.002952,0.0,-0.004783,0.0,-0.002401,-0.008805,-0.0,-0.0,-0.005881,0.0,0.0,0.0,-0.0,-0.005301,-0.005838,0.0,-0.003524,-0.002807,-0.009441,-0.009495,0.0,-0.008129,0.0,-0.006729,-0.002514,0.0,-0.002389,-0.00993,-0.005891,-0.005791,-0.006321,-0.009521,-0.002494,-0.000976,-0.001313,0.0,-0.000323,-0.003988,-0.004417,-0.005921
2017-05-28 12:34:00+02:00,0.0,0.0,-1e-06,-0.005563,-0.0,0.0,-0.001467,-0.002537,-0.005268,-0.0,0.0,0.0,-0.005878,-0.005794,-0.002135,-0.007776,-0.0,0.0,-0.0,-0.009272,0.0,-0.00913,-0.004181,0.0,-0.0085,-0.009147,-0.002255,0.0,-0.00121,-0.0,0.0,-0.004922,0.0,-0.004426,-0.005486,0.0,-5.9e-05,-0.003828,0.0,-0.009769,-0.002362,0.0,-0.003412,0.0,-0.0,-0.001873,-0.002094,-0.004726,-0.002462,0.0,0.0,-0.00508,-0.004594,-0.005794,0.0,0.0,-0.0,0.0,0.0,-0.00144,-0.005066,-0.008819,-0.004929,0.0,-4.4e-05,-0.008306,-0.000847,-0.005012,0.0,-0.00079,-0.002238,-0.0,0.0,-0.005201,-0.005673,0.0,-0.0,0.0,-0.002848,0.0,-0.004692,0.0,-0.002292,-0.008745,-0.0,-0.0,-0.005919,0.0,0.0,0.0,-0.0,-0.005209,-0.005878,0.0,-0.003448,-0.002754,-0.009291,-0.009346,0.0,-0.008059,0.0,-0.006592,-0.00245,0.0,-0.002322,-0.010008,-0.005929,-0.00573,-0.006184,-0.009373,-0.002426,-0.000912,-0.001259,0.0,-0.000259,-0.003889,-0.004289,-0.005959
2017-05-28 12:35:00+02:00,0.0,0.0,-8e-06,-0.005681,-0.0,0.0,-0.00151,-0.002587,-0.005391,-0.0,0.0,0.0,-0.005939,-0.005856,-0.002231,-0.007917,-0.0,0.0,-0.0,-0.009437,0.0,-0.009294,-0.004275,0.0,-0.008726,-0.009303,-0.002302,0.0,-0.001258,-0.0,0.0,-0.005045,0.0,-0.004548,-0.005587,0.0,-0.000157,-0.003917,0.0,-0.009943,-0.00241,0.0,-0.003521,0.0,-0.0,-0.001958,-0.002146,-0.004804,-0.002559,0.0,0.0,-0.005163,-0.00467,-0.005856,0.0,0.0,-0.0,0.0,0.0,-0.001511,-0.005148,-0.009064,-0.005039,0.0,-8.9e-05,-0.008453,-0.000886,-0.005092,0.0,-0.000829,-0.002299,-0.0,0.0,-0.005289,-0.005737,0.0,-0.0,0.0,-0.002931,0.0,-0.004767,0.0,-0.00238,-0.008989,-0.0,-0.0,-0.005978,0.0,0.0,0.0,-0.0,-0.005289,-0.005939,0.0,-0.003516,-0.002911,-0.009445,-0.009501,0.0,-0.008282,0.0,-0.006722,-0.002512,0.0,-0.002371,-0.01013,-0.005989,-0.005925,-0.006307,-0.009531,-0.002476,-0.000959,-0.001313,0.0,-0.000315,-0.004002,-0.004392,-0.006019
2017-05-28 12:36:00+02:00,0.0,0.0,-1.1e-05,-0.005767,-0.0,0.0,-0.00154,-0.002619,-0.00547,-0.0,0.0,0.0,-0.005944,-0.005862,-0.002294,-0.008017,-0.0,0.0,-0.0,-0.00954,0.0,-0.009399,-0.004335,0.0,-0.008869,-0.009413,-0.002333,0.0,-0.001295,-0.0,0.0,-0.005125,0.0,-0.004627,-0.005624,0.0,-0.000222,-0.003973,0.0,-0.009997,-0.002442,0.0,-0.003595,0.0,-0.0,-0.002022,-0.002185,-0.004857,-0.002623,0.0,0.0,-0.005219,-0.004728,-0.005862,0.0,0.0,-0.0,0.0,0.0,-0.001561,-0.005205,-0.009217,-0.00512,0.0,-0.000123,-0.008557,-0.000915,-0.005146,0.0,-0.000858,-0.002342,-0.0,0.0,-0.005348,-0.005744,0.0,-0.0,0.0,-0.002985,0.0,-0.004823,0.0,-0.002446,-0.009144,-0.0,-0.0,-0.005981,0.0,0.0,0.0,-0.0,-0.005349,-0.005944,0.0,-0.003566,-0.003014,-0.009553,-0.00961,0.0,-0.00842,0.0,-0.006814,-0.002556,0.0,-0.002403,-0.010143,-0.005994,-0.006048,-0.006394,-0.009642,-0.002509,-0.000995,-0.001352,0.0,-0.000357,-0.004078,-0.004467,-0.006023
2017-05-28 12:37:00+02:00,0.0,0.0,-9e-06,-0.005513,-0.0,0.0,-0.001447,-0.002494,-0.005269,-0.0,0.0,0.0,-0.005219,-0.005143,-0.002188,-0.007689,-0.0,0.0,-0.0,-0.00884,0.0,-0.00881,-0.004125,0.0,-0.008544,-0.008831,-0.002217,0.0,-0.001208,-0.0,0.0,-0.004937,0.0,-0.004454,-0.005035,0.0,-0.000178,-0.003771,0.0,-0.00884,-0.002324,0.0,-0.003414,0.0,-0.0,-0.001877,-0.00207,-0.004669,-0.002507,0.0,0.0,-0.005022,-0.004541,-0.005143,0.0,0.0,-0.0,0.0,0.0,-0.001435,-0.005008,-0.00881,-0.004882,0.0,-9.8e-05,-0.008213,-0.000841,-0.004949,0.0,-0.000786,-0.00223,-0.0,0.0,-0.005143,-0.005035,0.0,-0.0,0.0,-0.002813,0.0,-0.004634,0.0,-0.00229,-0.008732,-0.0,-0.0,-0.005242,0.0,0.0,0.0,-0.0,-0.005146,-0.005219,0.0,-0.003414,-0.002854,-0.008793,-0.008821,0.0,-0.008093,0.0,-0.006523,-0.002436,0.0,-0.002286,-0.008831,-0.005267,-0.005795,-0.006112,-0.00884,-0.002389,-0.000916,-0.001269,0.0,-0.000285,-0.003879,-0.004244,-0.005297
2017-05-28 12:38:00+02:00,0.0,0.0,-7e-06,-0.00509,-0.0,0.0,-0.001288,-0.002294,-0.004963,-0.0,0.0,0.0,-0.005292,-0.005095,-0.002007,-0.007174,-0.0,0.0,-0.0,-0.008368,0.0,-0.008326,-0.003794,0.0,-0.008053,-0.008305,-0.002028,0.0,-0.001036,-0.0,0.0,-0.004646,0.0,-0.004185,-0.004832,0.0,-0.000142,-0.003451,0.0,-0.008494,-0.002131,0.0,-0.003103,0.0,-0.0,-0.001596,-0.001864,-0.00438,-0.002307,0.0,0.0,-0.004721,-0.004239,-0.005216,0.0,0.0,-0.0,0.0,0.0,-0.001206,-0.004707,-0.008318,-0.00448,0.0,-7.8e-05,-0.007677,-0.000706,-0.004649,0.0,-0.000652,-0.002037,-0.0,0.0,-0.004842,-0.004938,0.0,-0.0,0.0,-0.00253,0.0,-0.004327,0.0,-0.001994,-0.00825,-0.0,-0.0,-0.005248,0.0,0.0,0.0,-0.0,-0.004818,-0.005249,0.0,-0.003161,-0.00257,-0.008296,-0.008326,0.0,-0.007609,0.0,-0.006056,-0.002234,0.0,-0.002094,-0.008962,-0.005321,-0.005401,-0.005658,-0.008346,-0.002193,-0.000757,-0.001112,0.0,-0.000228,-0.003548,-0.003864,-0.005296
2017-05-28 12:39:00+02:00,0.0,0.0,-8.4e-05,-0.005187,-2.8e-05,0.0,-0.001352,-0.002347,-0.005024,-0.0,0.0,0.0,-0.005394,-0.005221,-0.002096,-0.007251,-0.0,0.0,-0.0,-0.008506,0.0,-0.00845,-0.003889,0.0,-0.008168,-0.008405,-0.002084,0.0,-0.001112,-0.0,0.0,-0.004713,0.0,-0.004257,-0.004975,0.0,-0.000277,-0.003549,0.0,-0.008761,-0.002188,0.0,-0.003237,0.0,-0.0,-0.001727,-0.001929,-0.004434,-0.002395,0.0,0.0,-0.004774,-0.004284,-0.005318,0.0,0.0,-0.0,0.0,0.0,-0.001328,-0.00476,-0.008445,-0.004582,0.0,-0.000181,-0.00775,-0.000778,-0.0047,0.0,-0.000725,-0.002114,-0.0,0.0,-0.004894,-0.005075,0.0,-0.0,0.0,-0.002638,0.0,-0.00437,0.0,-0.00212,-0.008381,-0.0,-0.0,-0.005361,0.0,0.0,0.0,-0.0,-0.004857,-0.005359,0.0,-0.003215,-0.002732,-0.008421,-0.008455,0.0,-0.007727,0.0,-0.006144,-0.002308,0.0,-0.002152,-0.009149,-0.005426,-0.005538,-0.005748,-0.008478,-0.002249,-0.000836,-0.001199,0.0,-0.00033,-0.003678,-0.003971,-0.005411
2017-05-28 12:40:00+02:00,0.0,0.0,-0.000182,-0.005338,-0.0001,0.0,-0.001445,-0.002438,-0.005139,-0.0,0.0,0.0,-0.005468,-0.005316,-0.002208,-0.007402,-0.0,0.0,-0.0,-0.008717,0.0,-0.008649,-0.004046,0.0,-0.008366,-0.008584,-0.002175,0.0,-0.001203,-0.0,0.0,-0.004829,0.0,-0.004373,-0.005098,0.0,-0.000429,-0.003706,0.0,-0.008976,-0.002282,0.0,-0.003404,0.0,-2.2e-05,-0.001881,-0.002017,-0.00453,-0.00251,0.0,0.0,-0.004872,-0.004372,-0.005393,0.0,0.0,-0.0,0.0,0.0,-0.001491,-0.004859,-0.00866,-0.004733,0.0,-0.000301,-0.007901,-0.000873,-0.004796,0.0,-0.000823,-0.002213,-0.0,0.0,-0.004994,-0.005178,0.0,-0.0,0.0,-0.002797,0.0,-0.004459,0.0,-0.002273,-0.008599,-0.0,-0.0,-0.005444,0.0,0.0,0.0,-3e-06,-0.004946,-0.005441,0.0,-0.003303,-0.002927,-0.008619,-0.008657,0.0,-0.007925,0.0,-0.006295,-0.002406,0.0,-0.002246,-0.009285,-0.005502,-0.005735,-0.005898,-0.008684,-0.002342,-0.000927,-0.001299,0.0,-0.000468,-0.003846,-0.004122,-0.005496
2017-05-28 12:41:00+02:00,0.0,0.0,-0.000168,-0.00541,-8e-05,0.0,-0.001481,-0.002479,-0.005194,-0.0,0.0,0.0,-0.005585,-0.005449,-0.002249,-0.007492,-0.0,0.0,-0.0,-0.00887,0.0,-0.008793,-0.004122,0.0,-0.008473,-0.008708,-0.002215,0.0,-0.001227,-0.0,0.0,-0.004884,0.0,-0.004429,-0.005225,0.0,-0.00044,-0.003779,0.0,-0.009216,-0.002323,0.0,-0.003476,0.0,-1.8e-05,-0.001925,-0.002046,-0.004586,-0.002549,0.0,0.0,-0.004933,-0.004421,-0.005511,0.0,0.0,-0.0,0.0,0.0,-0.001549,-0.004919,-0.008777,-0.0048,0.0,-0.000307,-0.007995,-0.000905,-0.004854,0.0,-0.000855,-0.002253,-0.0,0.0,-0.00506,-0.005318,0.0,-0.0,0.0,-0.002864,0.0,-0.004506,0.0,-0.00232,-0.008717,-0.0,-0.0,-0.005566,0.0,0.0,0.0,-3e-06,-0.004998,-0.005563,0.0,-0.003346,-0.00299,-0.008758,-0.008801,0.0,-0.008028,0.0,-0.006376,-0.002447,0.0,-0.002287,-0.009501,-0.00562,-0.005819,-0.005974,-0.00883,-0.002383,-0.00095,-0.001333,0.0,-0.000496,-0.003921,-0.004183,-0.00562
2017-05-28 12:42:00+02:00,0.0,0.0,-0.00022,-0.005611,-0.000109,0.0,-0.001559,-0.002575,-0.005336,-0.0,0.0,0.0,-0.005685,-0.005563,-0.002343,-0.007737,-0.0,0.0,-0.0,-0.009173,0.0,-0.009085,-0.004291,0.0,-0.008723,-0.008998,-0.002305,0.0,-0.001304,-0.0,0.0,-0.005024,0.0,-0.004563,-0.005364,0.0,-0.000514,-0.003939,0.0,-0.009461,-0.002417,0.0,-0.003641,0.0,-1.4e-05,-0.002056,-0.002137,-0.004726,-0.002647,0.0,0.0,-0.005081,-0.004561,-0.005613,0.0,0.0,-0.0,0.0,0.0,-0.001668,-0.005066,-0.009037,-0.004989,0.0,-0.000376,-0.008251,-0.000973,-0.004998,0.0,-0.000924,-0.002352,-0.0,0.0,-0.005214,-0.005437,0.0,-0.0,0.0,-0.003008,0.0,-0.004646,0.0,-0.002459,-0.008977,-0.0,-0.0,-0.005669,0.0,0.0,0.0,-2e-06,-0.005148,-0.005667,0.0,-0.003466,-0.003138,-0.00906,-0.009107,0.0,-0.00827,0.0,-0.006598,-0.002547,0.0,-0.002381,-0.009687,-0.005721,-0.006017,-0.006186,-0.009142,-0.002479,-0.001022,-0.001415,0.0,-0.000579,-0.004095,-0.00436,-0.005726
2017-05-28 12:43:00+02:00,0.0,0.0,-0.000176,-0.005668,-8.7e-05,0.0,-0.001581,-0.002607,-0.005373,-0.0,0.0,0.0,-0.00574,-0.005629,-0.002356,-0.007816,-0.0,0.0,-0.0,-0.009283,0.0,-0.009189,-0.004347,0.0,-0.008792,-0.009106,-0.002334,0.0,-0.001314,-0.0,0.0,-0.005061,0.0,-0.004598,-0.005449,0.0,-0.000477,-0.00399,0.0,-0.009605,-0.002448,0.0,-0.003669,0.0,-1.1e-05,-0.002071,-0.002154,-0.004767,-0.002659,0.0,0.0,-0.005128,-0.004607,-0.005668,0.0,0.0,-0.0,0.0,0.0,-0.001695,-0.005113,-0.009111,-0.005038,0.0,-0.000344,-0.008335,-0.000989,-0.005043,0.0,-0.00094,-0.00237,-0.0,0.0,-0.005267,-0.005508,0.0,-0.0,0.0,-0.00305,0.0,-0.004692,0.0,-0.002479,-0.009053,-0.0,-0.0,-0.005726,0.0,0.0,0.0,-2e-06,-0.0052,-0.005725,0.0,-0.003503,-0.003149,-0.009177,-0.009228,0.0,-0.00833,0.0,-0.006664,-0.002567,0.0,-0.002412,-0.009784,-0.005776,-0.006055,-0.006246,-0.009265,-0.002511,-0.001029,-0.001423,0.0,-0.000583,-0.004127,-0.0044,-0.005786
2017-05-28 12:44:00+02:00,0.0,0.0,-0.000141,-0.005503,-7e-05,0.0,-0.001524,-0.002535,-0.005229,-0.0,0.0,0.0,-0.005436,-0.005368,-0.002264,-0.007611,-0.0,0.0,-0.0,-0.009071,0.0,-0.008976,-0.004222,0.0,-0.008552,-0.008889,-0.002265,0.0,-0.001249,-0.0,0.0,-0.004924,0.0,-0.004469,-0.005269,0.0,-0.000382,-0.003869,0.0,-0.009203,-0.00238,0.0,-0.003537,0.0,-9e-06,-0.001962,-0.002077,-0.00465,-0.002559,0.0,0.0,-0.005009,-0.004494,-0.005368,0.0,0.0,-0.0,0.0,0.0,-0.001612,-0.004994,-0.008857,-0.004881,0.0,-0.000275,-0.008121,-0.000941,-0.004922,0.0,-0.000893,-0.002291,-0.0,0.0,-0.005146,-0.005269,0.0,-0.0,0.0,-0.002944,0.0,-0.004578,0.0,-0.002365,-0.008805,-0.0,-0.0,-0.005424,0.0,0.0,0.0,-1e-06,-0.005077,-0.005436,0.0,-0.003408,-0.002999,-0.008968,-0.009018,0.0,-0.008087,0.0,-0.00648,-0.002484,0.0,-0.002343,-0.009197,-0.005477,-0.005852,-0.006067,-0.009054,-0.002441,-0.000968,-0.001358,0.0,-0.000509,-0.003985,-0.004252,-0.005504
2017-05-28 12:45:00+02:00,0.0,0.0,-0.000113,-0.00521,-5.6e-05,0.0,-0.001399,-0.002391,-0.004989,-0.0,0.0,0.0,-0.005512,-0.005335,-0.002095,-0.007271,-0.0,0.0,-0.0,-0.008733,0.0,-0.008639,-0.003982,0.0,-0.008158,-0.008531,-0.002126,0.0,-0.001115,-0.0,0.0,-0.004692,0.0,-0.00425,-0.005076,0.0,-0.000305,-0.003633,0.0,-0.008877,-0.002239,0.0,-0.0033,0.0,-7e-06,-0.001739,-0.001926,-0.004459,-0.002377,0.0,0.0,-0.004812,-0.004297,-0.005445,0.0,0.0,-0.0,0.0,0.0,-0.001419,-0.004797,-0.008444,-0.004599,0.0,-0.00022,-0.007771,-0.000827,-0.004725,0.0,-0.000779,-0.002146,-0.0,0.0,-0.00495,-0.005185,0.0,-0.0,0.0,-0.002725,0.0,-0.004377,0.0,-0.002134,-0.008398,-0.0,-0.0,-0.005446,0.0,0.0,0.0,-1e-06,-0.004866,-0.005482,0.0,-0.003236,-0.002721,-0.008613,-0.008663,0.0,-0.007695,0.0,-0.006164,-0.002335,0.0,-0.002202,-0.009335,-0.005546,-0.005509,-0.005758,-0.008699,-0.002299,-0.00084,-0.001231,0.0,-0.000407,-0.003738,-0.00398,-0.005519
2017-05-28 12:46:00+02:00,0.0,0.0,-0.000176,-0.005336,-0.000109,0.0,-0.001477,-0.002471,-0.005069,-0.0,0.0,0.0,-0.005581,-0.005426,-0.002174,-0.007401,-0.0,0.0,-0.0,-0.008886,0.0,-0.008789,-0.004117,0.0,-0.008295,-0.008671,-0.002205,0.0,-0.001184,-0.0,0.0,-0.004773,0.0,-0.004331,-0.005197,0.0,-0.000392,-0.003766,0.0,-0.009094,-0.00232,0.0,-0.003433,0.0,-1.4e-05,-0.001854,-0.001996,-0.004541,-0.002456,0.0,0.0,-0.004897,-0.004375,-0.005515,0.0,0.0,-0.0,0.0,0.0,-0.001551,-0.004882,-0.008577,-0.004724,0.0,-0.000303,-0.007902,-0.000905,-0.004807,0.0,-0.000858,-0.002227,-0.0,0.0,-0.005037,-0.005287,0.0,-0.0,0.0,-0.002859,0.0,-0.004455,0.0,-0.002251,-0.008532,-0.0,-0.0,-0.005524,0.0,0.0,0.0,-1e-06,-0.004946,-0.005557,0.0,-0.003312,-0.002855,-0.008756,-0.008807,0.0,-0.00783,0.0,-0.006292,-0.002414,0.0,-0.002283,-0.00946,-0.005616,-0.005641,-0.005883,-0.008846,-0.002381,-0.000908,-0.00131,0.0,-0.000516,-0.003872,-0.004104,-0.005599
2017-05-28 12:47:00+02:00,0.0,0.0,-0.000166,-0.005374,-0.000106,0.0,-0.001509,-0.002503,-0.005101,-0.0,0.0,0.0,-0.005621,-0.005485,-0.002209,-0.00744,-0.0,0.0,-0.0,-0.00893,0.0,-0.008832,-0.004172,0.0,-0.008349,-0.008715,-0.002236,0.0,-0.001205,-0.0,0.0,-0.004808,0.0,-0.004367,-0.005266,0.0,-0.000414,-0.003819,0.0,-0.009219,-0.002354,0.0,-0.003473,0.0,-1.1e-05,-0.001889,-0.002017,-0.004563,-0.00249,0.0,0.0,-0.004921,-0.004401,-0.005555,0.0,0.0,-0.0,0.0,0.0,-0.001609,-0.004907,-0.008633,-0.004762,0.0,-0.00031,-0.007941,-0.000939,-0.004829,0.0,-0.000893,-0.002251,-0.0,0.0,-0.005063,-0.005354,0.0,-0.0,0.0,-0.002913,0.0,-0.004481,0.0,-0.002286,-0.008589,-0.0,-0.0,-0.00557,0.0,0.0,0.0,-1e-06,-0.004972,-0.005601,0.0,-0.003337,-0.002911,-0.008802,-0.008855,0.0,-0.007882,0.0,-0.00633,-0.002437,0.0,-0.002316,-0.00953,-0.005656,-0.005694,-0.00592,-0.008896,-0.002414,-0.000929,-0.001334,0.0,-0.000556,-0.003911,-0.004141,-0.005649
2017-05-28 12:48:00+02:00,0.0,0.0,-0.000133,-0.005375,-8.5e-05,0.0,-0.001508,-0.002507,-0.005111,-0.0,0.0,0.0,-0.005709,-0.005589,-0.002208,-0.007455,-0.0,0.0,-0.0,-0.008956,0.0,-0.008857,-0.004184,0.0,-0.008375,-0.008746,-0.002239,0.0,-0.001188,-0.0,0.0,-0.004818,0.0,-0.004378,-0.005313,0.0,-0.000359,-0.003827,0.0,-0.009311,-0.002358,0.0,-0.003458,0.0,-9e-06,-0.001862,-0.002007,-0.004565,-0.002486,0.0,0.0,-0.004927,-0.004409,-0.005645,0.0,0.0,-0.0,0.0,0.0,-0.001604,-0.004913,-0.008662,-0.004758,0.0,-0.000248,-0.00796,-0.000935,-0.004833,0.0,-0.000889,-0.002242,-0.0,0.0,-0.005074,-0.005465,0.0,-0.0,0.0,-0.002916,0.0,-0.004488,0.0,-0.002263,-0.008618,-0.0,-0.0,-0.005663,0.0,0.0,0.0,-1e-06,-0.004983,-0.005694,0.0,-0.003341,-0.002901,-0.008833,-0.008888,0.0,-0.007903,0.0,-0.006338,-0.002428,0.0,-0.002319,-0.009692,-0.005744,-0.0057,-0.005923,-0.008932,-0.002419,-0.00091,-0.00132,0.0,-0.000529,-0.003898,-0.004133,-0.005744
2017-05-28 12:49:00+02:00,0.0,0.0,-0.000154,-0.005561,-0.000107,0.0,-0.00158,-0.002599,-0.005249,-0.0,0.0,0.0,-0.005806,-0.005698,-0.002291,-0.00769,-0.0,0.0,-0.0,-0.009225,0.0,-0.009122,-0.004344,0.0,-0.008614,-0.009014,-0.002324,0.0,-0.00125,-0.0,0.0,-0.004952,0.0,-0.004505,-0.005459,0.0,-0.000404,-0.003978,0.0,-0.009567,-0.002447,0.0,-0.003598,0.0,-7e-06,-0.001967,-0.002086,-0.004695,-0.002572,0.0,0.0,-0.005068,-0.004544,-0.005743,0.0,0.0,-0.0,0.0,0.0,-0.00171,-0.005053,-0.008909,-0.004931,0.0,-0.000293,-0.008207,-0.000996,-0.00497,0.0,-0.000949,-0.002327,-0.0,0.0,-0.005221,-0.005581,0.0,-0.0,0.0,-0.003049,0.0,-0.004623,0.0,-0.002377,-0.008864,-0.0,-0.0,-0.005762,0.0,0.0,0.0,-0.0,-0.005129,-0.005793,0.0,-0.003454,-0.003026,-0.0091,-0.00916,0.0,-0.008133,0.0,-0.006547,-0.002515,0.0,-0.002407,-0.00987,-0.00584,-0.005881,-0.006122,-0.009209,-0.00251,-0.000966,-0.001385,0.0,-0.0006,-0.004048,-0.004292,-0.005845
2017-05-28 12:50:00+02:00,0.0,0.0,-0.000128,-0.005689,-8.5e-05,0.0,-0.001617,-0.002656,-0.005347,-0.0,0.0,0.0,-0.005881,-0.005783,-0.002335,-0.007866,-0.0,0.0,-0.0,-0.009437,0.0,-0.009331,-0.004446,0.0,-0.008784,-0.009221,-0.002376,0.0,-0.001278,-0.0,0.0,-0.005046,0.0,-0.004592,-0.005574,0.0,-0.000387,-0.004069,0.0,-0.009766,-0.002501,0.0,-0.003684,0.0,-6e-06,-0.002013,-0.002132,-0.004795,-0.002618,0.0,0.0,-0.005178,-0.004644,-0.005819,0.0,0.0,-0.0,0.0,0.0,-0.001758,-0.005162,-0.009088,-0.005045,0.0,-0.000287,-0.008394,-0.001022,-0.005075,0.0,-0.000975,-0.002379,-0.0,0.0,-0.005338,-0.005671,0.0,-0.0,0.0,-0.003123,0.0,-0.004724,0.0,-0.002432,-0.009041,-0.0,-0.0,-0.005838,0.0,0.0,0.0,-0.0,-0.00524,-0.005871,0.0,-0.003535,-0.003083,-0.009306,-0.00937,0.0,-0.008292,0.0,-0.006697,-0.002571,0.0,-0.00246,-0.010008,-0.005914,-0.005993,-0.006261,-0.009422,-0.002567,-0.000987,-0.001418,0.0,-0.000614,-0.004144,-0.004392,-0.005924
2017-05-28 12:51:00+02:00,0.0,0.0,-0.000102,-0.005723,-6.8e-05,0.0,-0.001607,-0.002662,-0.005395,-0.0,0.0,0.0,-0.005944,-0.005856,-0.00234,-0.007936,-0.0,0.0,-0.0,-0.009536,0.0,-0.009428,-0.004461,0.0,-0.008873,-0.009315,-0.002377,0.0,-0.001259,-0.0,0.0,-0.00509,0.0,-0.004634,-0.005661,0.0,-0.000315,-0.004075,0.0,-0.009927,-0.002505,0.0,-0.003687,0.0,-5e-06,-0.00198,-0.002128,-0.004833,-0.002623,0.0,0.0,-0.005223,-0.004683,-0.005885,0.0,0.0,-0.0,0.0,0.0,-0.001727,-0.005208,-0.009187,-0.005068,0.0,-0.00023,-0.008473,-0.001003,-0.005118,0.0,-0.000955,-0.002382,-0.0,0.0,-0.00539,-0.005749,0.0,-0.0,0.0,-0.003115,0.0,-0.004763,0.0,-0.002408,-0.00914,-0.0,-0.0,-0.005902,0.0,0.0,0.0,-0.0,-0.005287,-0.005936,0.0,-0.003559,-0.003073,-0.0094,-0.009467,0.0,-0.00837,0.0,-0.006748,-0.002576,0.0,-0.002462,-0.010127,-0.005978,-0.006032,-0.006302,-0.009522,-0.002572,-0.000963,-0.001405,0.0,-0.000557,-0.004154,-0.004403,-0.005991
2017-05-28 12:52:00+02:00,0.0,0.0,-8.2e-05,-0.005681,-5.5e-05,0.0,-0.001562,-0.002629,-0.005403,-0.0,0.0,0.0,-0.005986,-0.005905,-0.002315,-0.007919,-0.0,0.0,-0.0,-0.009512,0.0,-0.009403,-0.004408,0.0,-0.008894,-0.009317,-0.00234,0.0,-0.001204,-0.0,0.0,-0.005097,0.0,-0.004638,-0.005706,0.0,-0.000252,-0.004016,0.0,-0.010011,-0.00247,0.0,-0.003589,0.0,-4e-06,-0.001886,-0.002084,-0.004804,-0.002596,0.0,0.0,-0.0052,-0.004673,-0.005928,0.0,0.0,-0.0,0.0,0.0,-0.001639,-0.005184,-0.009219,-0.005017,0.0,-0.000184,-0.008463,-0.000951,-0.005091,0.0,-0.000901,-0.002325,-0.0,0.0,-0.005373,-0.005802,0.0,-0.0,0.0,-0.003043,0.0,-0.004752,0.0,-0.002321,-0.009173,-0.0,-0.0,-0.005943,0.0,0.0,0.0,-0.0,-0.005282,-0.00598,0.0,-0.003539,-0.003013,-0.009401,-0.009469,0.0,-0.00838,0.0,-0.006717,-0.002521,0.0,-0.002425,-0.010205,-0.006019,-0.006011,-0.006264,-0.009527,-0.002538,-0.000905,-0.001335,0.0,-0.000448,-0.004061,-0.004341,-0.006035
2017-05-28 12:53:00+02:00,0.0,0.0,-6.5e-05,-0.005626,-4.4e-05,0.0,-0.001519,-0.002593,-0.005382,-0.0,0.0,0.0,-0.006016,-0.00594,-0.002278,-0.007879,-0.0,0.0,-0.0,-0.009441,0.0,-0.009333,-0.004351,0.0,-0.008866,-0.009287,-0.002303,0.0,-0.001153,-0.0,0.0,-0.005076,0.0,-0.004617,-0.005715,0.0,-0.000202,-0.003954,0.0,-0.010027,-0.002434,0.0,-0.003475,0.0,-3e-06,-0.0018,-0.00204,-0.004752,-0.002557,0.0,0.0,-0.005153,-0.004648,-0.005959,0.0,0.0,-0.0,0.0,0.0,-0.001559,-0.005137,-0.009198,-0.004956,0.0,-0.000147,-0.008425,-0.000904,-0.005042,0.0,-0.000853,-0.002258,-0.0,0.0,-0.005331,-0.005841,0.0,-0.0,0.0,-0.002975,0.0,-0.004727,0.0,-0.002239,-0.009154,-0.0,-0.0,-0.005971,0.0,0.0,0.0,-0.0,-0.00526,-0.00601,0.0,-0.00351,-0.002939,-0.00937,-0.009439,0.0,-0.008345,0.0,-0.006669,-0.002454,0.0,-0.002388,-0.010259,-0.006047,-0.005959,-0.006211,-0.009499,-0.002502,-0.000852,-0.001259,0.0,-0.000359,-0.003948,-0.004275,-0.006067
2017-05-28 12:54:00+02:00,0.0,0.0,-5.2e-05,-0.005582,-3.5e-05,0.0,-0.001491,-0.002568,-0.005348,-0.0,0.0,0.0,-0.006022,-0.005951,-0.002245,-0.007838,-0.0,0.0,-0.0,-0.009374,0.0,-0.009267,-0.00431,0.0,-0.008813,-0.009248,-0.002277,0.0,-0.00112,-0.0,0.0,-0.005043,0.0,-0.004586,-0.005701,0.0,-0.000162,-0.00391,0.0,-0.009999,-0.00241,0.0,-0.003396,0.0,-2e-06,-0.001745,-0.00201,-0.00471,-0.002521,0.0,0.0,-0.005114,-0.004626,-0.005966,0.0,0.0,-0.0,0.0,0.0,-0.00151,-0.005097,-0.009145,-0.00491,0.0,-0.000118,-0.008385,-0.000875,-0.005,0.0,-0.000824,-0.002212,-0.0,0.0,-0.005294,-0.005856,0.0,-0.0,0.0,-0.002929,0.0,-0.004704,0.0,-0.002186,-0.009103,-0.0,-0.0,-0.005974,0.0,0.0,0.0,-0.0,-0.005238,-0.006018,0.0,-0.003487,-0.002877,-0.00933,-0.0094,0.0,-0.008286,0.0,-0.006626,-0.002408,0.0,-0.002362,-0.010268,-0.006053,-0.005899,-0.006165,-0.009461,-0.002478,-0.000819,-0.00121,0.0,-0.000304,-0.00387,-0.004226,-0.006074
2017-05-28 12:55:00+02:00,0.0,0.0,-4.2e-05,-0.005517,-2.8e-05,0.0,-0.001457,-0.002532,-0.005293,-0.0,0.0,0.0,-0.006031,-0.005965,-0.002201,-0.007768,-0.0,0.0,-0.0,-0.009275,0.0,-0.00917,-0.004251,0.0,-0.008728,-0.009177,-0.002241,0.0,-0.001082,-0.0,0.0,-0.004991,0.0,-0.004536,-0.005661,0.0,-0.000129,-0.003851,0.0,-0.009926,-0.002375,0.0,-0.003302,0.0,-2e-06,-0.00168,-0.00197,-0.00465,-0.002473,0.0,0.0,-0.005055,-0.004586,-0.005976,0.0,0.0,-0.0,0.0,0.0,-0.001452,-0.005039,-0.009057,-0.004844,0.0,-9.4e-05,-0.008315,-0.00084,-0.004939,0.0,-0.000789,-0.002155,-0.0,0.0,-0.005238,-0.005872,0.0,-0.0,0.0,-0.00287,0.0,-0.004663,0.0,-0.002122,-0.009017,-0.0,-0.0,-0.00598,0.0,0.0,0.0,-0.0,-0.005196,-0.006027,0.0,-0.003451,-0.0028,-0.009258,-0.009328,0.0,-0.008197,0.0,-0.006559,-0.002351,0.0,-0.002326,-0.010283,-0.006061,-0.005814,-0.006097,-0.00939,-0.002443,-0.00078,-0.001153,0.0,-0.000243,-0.003774,-0.00416,-0.006085
2017-05-28 12:56:00+02:00,0.0,0.0,-3.4e-05,-0.005528,-2.2e-05,0.0,-0.001464,-0.002542,-0.005307,-0.0,0.0,0.0,-0.006049,-0.005987,-0.002213,-0.007784,-0.0,0.0,-0.0,-0.009266,0.0,-0.009162,-0.004274,0.0,-0.008762,-0.009196,-0.00225,0.0,-0.001081,-0.0,0.0,-0.005006,0.0,-0.004553,-0.005694,0.0,-0.000103,-0.00387,0.0,-0.009985,-0.002386,0.0,-0.003278,0.0,-1e-06,-0.001681,-0.00197,-0.004638,-0.002482,0.0,0.0,-0.005046,-0.004593,-0.005996,0.0,0.0,-0.0,0.0,0.0,-0.001465,-0.00503,-0.009097,-0.004853,0.0,-7.5e-05,-0.008332,-0.000847,-0.004928,0.0,-0.000796,-0.00214,-0.0,0.0,-0.005232,-0.005896,0.0,-0.0,0.0,-0.002887,0.0,-0.00467,0.0,-0.002123,-0.009058,-0.0,-0.0,-0.005995,0.0,0.0,0.0,-0.0,-0.005203,-0.006046,0.0,-0.003458,-0.002815,-0.009273,-0.009345,0.0,-0.008227,0.0,-0.006572,-0.002335,0.0,-0.002336,-0.010319,-0.006079,-0.005838,-0.006107,-0.009409,-0.002454,-0.000779,-0.001135,0.0,-0.00025,-0.003751,-0.004166,-0.006104
2017-05-28 12:57:00+02:00,0.0,0.0,-2.7e-05,-0.005544,-1.8e-05,0.0,-0.001485,-0.002569,-0.005348,-0.0,0.0,0.0,-0.006077,-0.006018,-0.002238,-0.007804,-0.0,0.0,-0.0,-0.009311,0.0,-0.009207,-0.004326,0.0,-0.008843,-0.009216,-0.002276,0.0,-0.001079,-0.0,0.0,-0.005048,0.0,-0.004594,-0.005754,0.0,-8.5e-05,-0.003918,0.0,-0.010092,-0.002414,0.0,-0.003281,0.0,-1e-06,-0.001679,-0.001971,-0.004652,-0.002507,0.0,0.0,-0.005065,-0.004601,-0.006025,0.0,0.0,-0.0,0.0,0.0,-0.001496,-0.005048,-0.009185,-0.004866,0.0,-6e-05,-0.008352,-0.000864,-0.004944,0.0,-0.000812,-0.002141,-0.0,0.0,-0.005254,-0.005931,0.0,-0.0,0.0,-0.002928,0.0,-0.004678,0.0,-0.002124,-0.009147,-0.0,-0.0,-0.00602,0.0,0.0,0.0,-0.0,-0.005209,-0.006075,0.0,-0.003468,-0.002852,-0.009291,-0.009363,0.0,-0.008303,0.0,-0.00659,-0.002336,0.0,-0.002362,-0.010376,-0.006106,-0.005896,-0.006122,-0.00943,-0.002482,-0.000776,-0.001128,0.0,-0.00027,-0.003756,-0.004176,-0.006132
2017-05-28 12:58:00+02:00,0.0,0.0,-2.1e-05,-0.005538,-1.4e-05,0.0,-0.001503,-0.002594,-0.005396,-0.0,0.0,0.0,-0.006091,-0.006035,-0.002269,-0.007795,-0.0,0.0,-0.0,-0.009363,0.0,-0.00926,-0.004372,0.0,-0.008933,-0.009205,-0.002298,0.0,-0.001069,-0.0,0.0,-0.005096,0.0,-0.004642,-0.005809,0.0,-8.1e-05,-0.00396,0.0,-0.010176,-0.00244,0.0,-0.003296,0.0,-1e-06,-0.001664,-0.001963,-0.004673,-0.002537,0.0,0.0,-0.005091,-0.004595,-0.006041,0.0,0.0,-0.0,0.0,0.0,-0.001524,-0.005075,-0.009281,-0.004859,0.0,-4.8e-05,-0.008342,-0.000879,-0.004967,0.0,-0.000828,-0.00215,-0.0,0.0,-0.005284,-0.00595,0.0,-0.0,0.0,-0.002964,0.0,-0.004671,0.0,-0.00211,-0.009244,-0.0,-0.0,-0.006031,0.0,0.0,0.0,-0.0,-0.0052,-0.006089,0.0,-0.003464,-0.002897,-0.009278,-0.009351,0.0,-0.008386,0.0,-0.006582,-0.002345,0.0,-0.002386,-0.010404,-0.00612,-0.005961,-0.006113,-0.00942,-0.002508,-0.000766,-0.00113,0.0,-0.000287,-0.003774,-0.004166,-0.006147
2017-05-28 12:59:00+02:00,0.0,0.0,-1.7e-05,-0.005477,-1.1e-05,0.0,-0.001486,-0.002576,-0.005393,-0.0,0.0,0.0,-0.006095,-0.006041,-0.002264,-0.007727,-0.0,0.0,-0.0,-0.009348,0.0,-0.009247,-0.004345,0.0,-0.008935,-0.009132,-0.002279,0.0,-0.001035,-0.0,0.0,-0.005095,0.0,-0.004641,-0.00582,0.0,-6.5e-05,-0.003929,0.0,-0.010193,-0.002422,0.0,-0.003274,0.0,-1e-06,-0.001607,-0.001927,-0.004661,-0.00253,0.0,0.0,-0.005081,-0.004555,-0.006046,0.0,0.0,-0.0,0.0,0.0,-0.001499,-0.005066,-0.009284,-0.004799,0.0,-3.9e-05,-0.008271,-0.000864,-0.004955,0.0,-0.000813,-0.002137,-0.0,0.0,-0.005276,-0.005959,0.0,-0.0,0.0,-0.002936,0.0,-0.00463,0.0,-0.002054,-0.009249,-0.0,-0.0,-0.006029,0.0,0.0,0.0,-0.0,-0.005156,-0.006093,0.0,-0.003429,-0.002884,-0.009203,-0.009276,0.0,-0.008383,0.0,-0.006517,-0.002331,0.0,-0.002367,-0.010411,-0.006123,-0.005953,-0.006048,-0.009345,-0.002491,-0.000732,-0.001114,0.0,-0.00026,-0.003752,-0.004106,-0.006152
2017-05-28 13:00:00+02:00,0.0,0.0,-1.4e-05,-0.005458,-9e-06,0.0,-0.001483,-0.002574,-0.005371,-0.0,0.0,0.0,-0.006106,-0.006055,-0.002246,-0.007706,-0.0,0.0,-0.0,-0.009338,0.0,-0.009237,-0.004345,0.0,-0.008906,-0.009112,-0.002276,0.0,-0.001023,-0.0,0.0,-0.005075,0.0,-0.004622,-0.005805,0.0,-5.2e-05,-0.003926,0.0,-0.010165,-0.002421,0.0,-0.003257,0.0,-1e-06,-0.001586,-0.001914,-0.004651,-0.00251,0.0,0.0,-0.005074,-0.004543,-0.006059,0.0,0.0,-0.0,0.0,0.0,-0.001495,-0.005058,-0.009248,-0.00478,0.0,-3.1e-05,-0.008251,-0.000861,-0.004945,0.0,-0.00081,-0.002127,-0.0,0.0,-0.00527,-0.005974,0.0,-0.0,0.0,-0.002933,0.0,-0.004618,0.0,-0.002034,-0.009215,-0.0,-0.0,-0.006037,0.0,0.0,0.0,-0.0,-0.005143,-0.006105,0.0,-0.003419,-0.002851,-0.009181,-0.009255,0.0,-0.008349,0.0,-0.006496,-0.00232,0.0,-0.002365,-0.010433,-0.006134,-0.005919,-0.006026,-0.009325,-0.00249,-0.000719,-0.001102,0.0,-0.000253,-0.003736,-0.004086,-0.006164
2017-05-28 13:01:00+02:00,0.0,0.0,-1.1e-05,-0.005644,-7e-06,0.0,-0.001513,-0.002609,-0.005417,-0.0,0.0,0.0,-0.006126,-0.006077,-0.002281,-0.007902,-0.0,0.0,-0.0,-0.009424,0.0,-0.009325,-0.00441,0.0,-0.008995,-0.009316,-0.002309,0.0,-0.001111,-0.0,0.0,-0.005121,0.0,-0.004669,-0.005863,0.0,-6.4e-05,-0.003987,0.0,-0.010257,-0.002457,0.0,-0.003313,0.0,-0.0,-0.001738,-0.002009,-0.004693,-0.002544,0.0,0.0,-0.005119,-0.004655,-0.00608,0.0,0.0,-0.0,0.0,0.0,-0.001544,-0.005104,-0.009341,-0.004963,0.0,-2.5e-05,-0.00845,-0.000888,-0.004987,0.0,-0.000837,-0.002159,-0.0,0.0,-0.005319,-0.005999,0.0,-0.0,0.0,-0.002989,0.0,-0.004731,0.0,-0.00219,-0.009309,-0.0,-0.0,-0.006053,0.0,0.0,0.0,-0.0,-0.005258,-0.006125,0.0,-0.003526,-0.002906,-0.00938,-0.009456,0.0,-0.008432,0.0,-0.006686,-0.002352,0.0,-0.002399,-0.010472,-0.006153,-0.005988,-0.006212,-0.00953,-0.002526,-0.000805,-0.001129,0.0,-0.000294,-0.003793,-0.004266,-0.006184
2017-05-28 13:02:00+02:00,0.0,0.0,-9e-06,-0.005768,-6e-06,0.0,-0.001538,-0.002636,-0.005454,-0.0,0.0,0.0,-0.006095,-0.006055,-0.002314,-0.008024,-0.0,0.0,-0.0,-0.009497,0.0,-0.0094,-0.00446,0.0,-0.009065,-0.009437,-0.002335,0.0,-0.001176,-0.0,0.0,-0.005161,0.0,-0.004708,-0.005888,0.0,-8.7e-05,-0.004034,0.0,-0.010287,-0.002486,0.0,-0.003376,0.0,-0.0,-0.001848,-0.002077,-0.004733,-0.002576,0.0,0.0,-0.005162,-0.004726,-0.006055,0.0,0.0,-0.0,0.0,0.0,-0.001588,-0.005147,-0.009413,-0.005087,0.0,-2e-05,-0.008571,-0.000913,-0.005027,0.0,-0.000863,-0.002197,-0.0,0.0,-0.005363,-0.005985,0.0,-0.0,0.0,-0.003034,0.0,-0.004804,0.0,-0.002302,-0.009383,-0.0,-0.0,-0.006,0.0,0.0,0.0,-0.0,-0.00533,-0.006095,0.0,-0.003599,-0.002958,-0.009496,-0.009573,0.0,-0.008497,0.0,-0.006808,-0.002388,0.0,-0.002427,-0.010414,-0.006121,-0.006047,-0.006334,-0.009649,-0.002555,-0.000868,-0.001164,0.0,-0.000335,-0.003856,-0.004389,-0.006155
2017-05-28 13:03:00+02:00,0.0,0.0,-7e-06,-0.005758,-5e-06,0.0,-0.001506,-0.002603,-0.00542,-0.0,0.0,0.0,-0.006113,-0.006073,-0.002283,-0.008004,-0.0,0.0,-0.0,-0.00946,0.0,-0.009364,-0.004408,0.0,-0.009017,-0.00941,-0.002302,0.0,-0.001168,-0.0,0.0,-0.005128,0.0,-0.004677,-0.005867,0.0,-7e-05,-0.003981,0.0,-0.010253,-0.002454,0.0,-0.003341,0.0,-0.0,-0.001835,-0.002069,-0.004708,-0.002542,0.0,0.0,-0.005138,-0.004713,-0.006073,0.0,0.0,-0.0,0.0,0.0,-0.001535,-0.005123,-0.009362,-0.005079,0.0,-1.6e-05,-0.008548,-0.000882,-0.005001,0.0,-0.000831,-0.002175,-0.0,0.0,-0.00534,-0.006004,0.0,-0.0,0.0,-0.002981,0.0,-0.004789,0.0,-0.002291,-0.009334,-0.0,-0.0,-0.006017,0.0,0.0,0.0,-0.0,-0.005312,-0.006113,0.0,-0.003592,-0.002903,-0.009465,-0.009543,0.0,-0.008445,0.0,-0.006795,-0.002365,0.0,-0.002394,-0.010451,-0.006139,-0.005993,-0.00632,-0.00962,-0.002523,-0.00086,-0.001142,0.0,-0.000281,-0.003821,-0.004382,-0.006173
2017-05-28 13:04:00+02:00,0.0,0.0,-6e-06,-0.005819,-4e-06,0.0,-0.001521,-0.002622,-0.005469,-0.0,0.0,0.0,-0.006129,-0.006089,-0.002317,-0.008069,-0.0,0.0,-0.0,-0.009524,0.0,-0.00943,-0.004446,0.0,-0.009111,-0.009479,-0.00232,0.0,-0.001194,-0.0,0.0,-0.005179,0.0,-0.004727,-0.005911,0.0,-7.8e-05,-0.004015,0.0,-0.010322,-0.002474,0.0,-0.003383,0.0,-0.0,-0.00188,-0.002098,-0.004739,-0.002576,0.0,0.0,-0.005172,-0.004749,-0.006089,0.0,0.0,-0.0,0.0,0.0,-0.001561,-0.005158,-0.009462,-0.005138,0.0,-1.3e-05,-0.008614,-0.000896,-0.005032,0.0,-0.000845,-0.002199,-0.0,0.0,-0.005377,-0.006021,0.0,-0.0,0.0,-0.003011,0.0,-0.004826,0.0,-0.002339,-0.009435,-0.0,-0.0,-0.006032,0.0,0.0,0.0,-0.0,-0.005351,-0.006129,0.0,-0.003628,-0.002954,-0.00953,-0.009609,0.0,-0.008533,0.0,-0.006859,-0.002389,0.0,-0.002412,-0.010482,-0.006154,-0.006064,-0.006381,-0.009689,-0.002544,-0.000885,-0.001162,0.0,-0.000301,-0.003864,-0.004439,-0.006188
2017-05-28 13:05:00+02:00,0.0,0.0,-4e-06,-0.005846,-3e-06,0.0,-0.001516,-0.002617,-0.005478,-0.0,0.0,0.0,-0.006101,-0.006064,-0.002323,-0.008092,-0.0,0.0,-0.0,-0.00952,0.0,-0.009427,-0.004438,0.0,-0.00913,-0.0095,-0.002314,0.0,-0.001206,-0.0,0.0,-0.005189,0.0,-0.004738,-0.005929,0.0,-6.2e-05,-0.004006,0.0,-0.010339,-0.00247,0.0,-0.003381,0.0,-0.0,-0.001901,-0.002111,-0.004736,-0.00258,0.0,0.0,-0.005172,-0.004764,-0.006064,0.0,0.0,-0.0,0.0,0.0,-0.001554,-0.005157,-0.009484,-0.005164,0.0,-1e-05,-0.008636,-0.000891,-0.005029,0.0,-0.000841,-0.002198,-0.0,0.0,-0.005378,-0.005999,0.0,-0.0,0.0,-0.003003,0.0,-0.004841,0.0,-0.002361,-0.009459,-0.0,-0.0,-0.005991,0.0,0.0,0.0,-0.0,-0.005365,-0.006101,0.0,-0.003645,-0.00296,-0.009548,-0.009627,0.0,-0.008548,0.0,-0.006884,-0.002386,0.0,-0.002407,-0.01042,-0.006127,-0.006075,-0.006404,-0.009708,-0.002539,-0.000896,-0.00116,0.0,-0.000293,-0.003861,-0.004466,-0.006157
2017-05-28 13:06:00+02:00,0.0,0.0,-4e-06,-0.005732,-2e-06,0.0,-0.001442,-0.002522,-0.005351,-0.0,0.0,0.0,-0.00564,-0.0056,-0.002256,-0.007931,-0.0,0.0,-0.0,-0.009295,0.0,-0.009205,-0.004273,0.0,-0.008912,-0.009313,-0.002224,0.0,-0.00118,-0.0,0.0,-0.005071,0.0,-0.004628,-0.005534,0.0,-5e-05,-0.003848,0.0,-0.009529,-0.002378,0.0,-0.00328,0.0,-0.0,-0.001856,-0.002068,-0.004627,-0.002508,0.0,0.0,-0.005059,-0.004679,-0.0056,0.0,0.0,-0.0,0.0,0.0,-0.001443,-0.005044,-0.009252,-0.005062,0.0,-8e-06,-0.008465,-0.000828,-0.004914,0.0,-0.000778,-0.002138,-0.0,0.0,-0.00526,-0.005534,0.0,-0.0,0.0,-0.002866,0.0,-0.004754,0.0,-0.002308,-0.009232,-0.0,-0.0,-0.005519,0.0,0.0,0.0,-0.0,-0.005271,-0.00564,0.0,-0.003579,-0.002858,-0.009363,-0.009439,0.0,-0.008334,0.0,-0.006748,-0.002322,0.0,-0.002317,-0.009537,-0.005667,-0.005912,-0.006276,-0.009517,-0.002447,-0.000875,-0.00112,0.0,-0.000234,-0.00375,-0.004375,-0.005694
2017-05-28 13:07:00+02:00,0.0,0.0,-3e-06,-0.005566,-2e-06,0.0,-0.001332,-0.002392,-0.005192,-0.0,0.0,0.0,-0.005738,-0.00569,-0.002153,-0.007729,-0.0,0.0,-0.0,-0.009057,0.0,-0.00897,-0.004056,0.0,-0.008654,-0.009093,-0.0021,0.0,-0.001112,-0.0,0.0,-0.004918,0.0,-0.004484,-0.005435,0.0,-4e-05,-0.003636,0.0,-0.009381,-0.002249,0.0,-0.00314,0.0,-0.0,-0.001743,-0.001988,-0.004498,-0.002397,0.0,0.0,-0.004924,-0.004559,-0.0057,0.0,0.0,-0.0,0.0,0.0,-0.001267,-0.004909,-0.008985,-0.004905,0.0,-6e-06,-0.008255,-0.000726,-0.00478,0.0,-0.000676,-0.002051,-0.0,0.0,-0.005124,-0.005563,0.0,-0.0,0.0,-0.002671,0.0,-0.004631,0.0,-0.002189,-0.008968,-0.0,-0.0,-0.005618,0.0,0.0,0.0,-0.0,-0.005142,-0.005738,0.0,-0.003479,-0.002695,-0.00914,-0.009215,0.0,-0.008081,0.0,-0.006565,-0.002231,0.0,-0.002189,-0.009727,-0.005765,-0.005699,-0.006099,-0.009293,-0.002318,-0.000812,-0.001049,0.0,-0.000188,-0.003602,-0.004228,-0.005792
2017-05-28 13:08:00+02:00,0.0,0.0,-7e-05,-0.005873,-4.9e-05,0.0,-0.001438,-0.002507,-0.005382,-0.0,0.0,0.0,-0.005827,-0.005782,-0.002312,-0.008064,-0.0,0.0,-0.0,-0.009343,0.0,-0.009257,-0.004259,0.0,-0.008986,-0.009392,-0.002211,0.0,-0.001263,-0.0,0.0,-0.005108,0.0,-0.00467,-0.005566,0.0,-0.000225,-0.003831,0.0,-0.00962,-0.002364,0.0,-0.003378,0.0,-0.0,-0.002002,-0.002146,-0.004653,-0.002559,0.0,0.0,-0.005086,-0.004752,-0.00579,0.0,0.0,-0.0,0.0,0.0,-0.001442,-0.005069,-0.009305,-0.005205,0.0,-0.000121,-0.008597,-0.000826,-0.004937,0.0,-0.000777,-0.00219,-0.0,0.0,-0.005288,-0.005669,0.0,-0.0,0.0,-0.00286,0.0,-0.004825,0.0,-0.002454,-0.009276,-0.0,-0.0,-0.005707,0.0,0.0,0.0,-0.0,-0.005343,-0.005827,0.0,-0.003659,-0.00296,-0.009394,-0.009469,0.0,-0.008407,0.0,-0.006885,-0.00237,0.0,-0.002303,-0.0099,-0.005854,-0.005995,-0.006411,-0.009549,-0.002435,-0.000959,-0.00118,0.0,-0.000334,-0.003843,-0.004519,-0.005881
2017-05-28 13:09:00+02:00,0.0,0.0,-5.6e-05,-0.00594,-3.9e-05,0.0,-0.001458,-0.002525,-0.005409,-0.0,0.0,0.0,-0.005816,-0.00578,-0.002349,-0.008125,-0.0,0.0,-0.0,-0.009356,0.0,-0.009272,-0.004287,0.0,-0.009029,-0.009463,-0.002228,0.0,-0.001307,-0.0,0.0,-0.005139,0.0,-0.004701,-0.005597,0.0,-0.000262,-0.003861,0.0,-0.009667,-0.002384,0.0,-0.003422,0.0,-0.0,-0.002076,-0.002187,-0.004666,-0.002594,0.0,0.0,-0.005103,-0.004795,-0.00578,0.0,0.0,-0.0,0.0,0.0,-0.001479,-0.005085,-0.00935,-0.005272,0.0,-0.000112,-0.008658,-0.000847,-0.004949,0.0,-0.0008,-0.002218,-0.0,0.0,-0.005303,-0.005679,0.0,-0.0,0.0,-0.002893,0.0,-0.004867,0.0,-0.002527,-0.009327,-0.0,-0.0,-0.005681,0.0,0.0,0.0,-0.0,-0.005387,-0.005816,0.0,-0.003702,-0.003021,-0.00946,-0.009532,0.0,-0.008447,0.0,-0.006949,-0.002394,0.0,-0.002323,-0.009869,-0.005843,-0.006044,-0.006474,-0.009611,-0.002454,-0.001004,-0.001211,0.0,-0.000362,-0.003884,-0.004587,-0.005862
2017-05-28 13:10:00+02:00,0.0,0.0,-4.5e-05,-0.005784,-3.2e-05,0.0,-0.001376,-0.002434,-0.00529,-0.0,0.0,0.0,-0.005866,-0.005831,-0.002262,-0.00795,-0.0,0.0,-0.0,-0.009152,0.0,-0.00907,-0.004134,0.0,-0.008837,-0.009287,-0.00214,0.0,-0.001231,-0.0,0.0,-0.005025,0.0,-0.004593,-0.005548,0.0,-0.000209,-0.003711,0.0,-0.009596,-0.002294,0.0,-0.003274,0.0,-0.0,-0.001949,-0.002104,-0.004553,-0.002502,0.0,0.0,-0.004987,-0.004691,-0.005831,0.0,0.0,-0.0,0.0,0.0,-0.001343,-0.004967,-0.009161,-0.005121,0.0,-8.9e-05,-0.008479,-0.000769,-0.004833,0.0,-0.000721,-0.002127,-0.0,0.0,-0.005187,-0.005738,0.0,-0.0,0.0,-0.00275,0.0,-0.004761,0.0,-0.002397,-0.009141,-0.0,-0.0,-0.005731,0.0,0.0,0.0,-0.0,-0.00528,-0.005866,0.0,-0.00361,-0.002877,-0.009291,-0.009363,0.0,-0.008256,0.0,-0.006784,-0.002303,0.0,-0.002233,-0.009965,-0.005893,-0.005875,-0.006311,-0.009442,-0.002363,-0.000931,-0.001131,0.0,-0.00029,-0.003731,-0.00444,-0.005912
2017-05-28 13:11:00+02:00,0.0,0.0,-3.6e-05,-0.005892,-2.5e-05,0.0,-0.001428,-0.002492,-0.00537,-0.0,0.0,0.0,-0.005922,-0.005887,-0.002327,-0.008071,-0.0,0.0,-0.0,-0.00927,0.0,-0.00919,-0.004239,0.0,-0.008981,-0.009425,-0.002196,0.0,-0.001279,-0.0,0.0,-0.005107,0.0,-0.004674,-0.00565,0.0,-0.00025,-0.00381,0.0,-0.009773,-0.002353,0.0,-0.003355,0.0,-0.0,-0.002031,-0.002155,-0.004612,-0.002567,0.0,0.0,-0.005053,-0.004761,-0.005887,0.0,0.0,-0.0,0.0,0.0,-0.001428,-0.005031,-0.009318,-0.005224,0.0,-7.2e-05,-0.008604,-0.000816,-0.004895,0.0,-0.00077,-0.002174,-0.0,0.0,-0.005255,-0.005802,0.0,-0.0,0.0,-0.002843,0.0,-0.00483,0.0,-0.002482,-0.009301,-0.0,-0.0,-0.005785,0.0,0.0,0.0,-0.0,-0.005353,-0.005922,0.0,-0.003673,-0.002981,-0.009431,-0.009506,0.0,-0.008397,0.0,-0.006897,-0.00235,0.0,-0.002291,-0.010072,-0.005948,-0.005999,-0.006419,-0.00959,-0.002422,-0.000977,-0.001172,0.0,-0.000342,-0.003814,-0.004539,-0.005966
2017-05-28 13:12:00+02:00,0.0,0.0,-2.9e-05,-0.00593,-2e-05,0.0,-0.001464,-0.002536,-0.005439,-0.0,0.0,0.0,-0.005971,-0.005937,-0.002374,-0.008116,-0.0,0.0,-0.0,-0.009372,0.0,-0.009293,-0.00432,0.0,-0.009108,-0.00948,-0.002237,0.0,-0.001288,-0.0,0.0,-0.005178,0.0,-0.004744,-0.005736,0.0,-0.000259,-0.003885,0.0,-0.009924,-0.002398,0.0,-0.003404,0.0,-0.0,-0.002047,-0.002168,-0.00466,-0.002614,0.0,0.0,-0.005108,-0.004785,-0.005937,0.0,0.0,-0.0,0.0,0.0,-0.001486,-0.005084,-0.009462,-0.005258,0.0,-5.8e-05,-0.00865,-0.000849,-0.004945,0.0,-0.000803,-0.002203,-0.0,0.0,-0.005313,-0.005858,0.0,-0.0,0.0,-0.002911,0.0,-0.004853,0.0,-0.002501,-0.009446,-0.0,-0.0,-0.005833,0.0,0.0,0.0,-0.0,-0.00538,-0.005971,0.0,-0.003697,-0.003052,-0.009487,-0.009565,0.0,-0.008519,0.0,-0.006939,-0.002379,0.0,-0.002335,-0.010167,-0.005998,-0.006099,-0.006457,-0.009651,-0.002467,-0.000985,-0.001193,0.0,-0.000366,-0.003867,-0.004569,-0.006014
2017-05-28 13:13:00+02:00,0.0,0.0,-2.3e-05,-0.005951,-1.6e-05,0.0,-0.001485,-0.002565,-0.005486,-0.0,0.0,0.0,-0.006012,-0.005979,-0.002401,-0.008144,-0.0,0.0,-0.0,-0.009444,0.0,-0.009366,-0.004373,0.0,-0.009195,-0.009518,-0.002264,0.0,-0.001286,-0.0,0.0,-0.005226,0.0,-0.00479,-0.005808,0.0,-0.000244,-0.003933,0.0,-0.010046,-0.002426,0.0,-0.003429,0.0,-0.0,-0.002045,-0.00217,-0.004692,-0.002641,0.0,0.0,-0.005146,-0.004801,-0.005979,0.0,0.0,-0.0,0.0,0.0,-0.00152,-0.00512,-0.00956,-0.005275,0.0,-4.6e-05,-0.008679,-0.000867,-0.00498,0.0,-0.000822,-0.002217,-0.0,0.0,-0.005354,-0.005905,0.0,-0.0,0.0,-0.002953,0.0,-0.004867,0.0,-0.002501,-0.009547,-0.0,-0.0,-0.005871,0.0,0.0,0.0,-0.0,-0.005397,-0.006012,0.0,-0.00371,-0.003088,-0.009525,-0.009604,0.0,-0.0086,0.0,-0.006964,-0.002395,0.0,-0.002363,-0.010245,-0.006039,-0.006159,-0.006478,-0.009694,-0.002496,-0.000982,-0.0012,0.0,-0.000371,-0.003895,-0.004582,-0.006053
2017-05-28 13:14:00+02:00,0.0,0.0,-1.8e-05,-0.005967,-1.3e-05,0.0,-0.001477,-0.00256,-0.005493,-0.0,0.0,0.0,-0.006027,-0.005995,-0.0024,-0.008169,-0.0,0.0,-0.0,-0.009456,0.0,-0.009379,-0.004366,0.0,-0.009208,-0.009552,-0.002257,0.0,-0.001285,-0.0,0.0,-0.005235,0.0,-0.004798,-0.005847,0.0,-0.000205,-0.003923,0.0,-0.010109,-0.002421,0.0,-0.003425,0.0,-0.0,-0.002042,-0.002172,-0.004696,-0.002639,0.0,0.0,-0.005155,-0.004818,-0.005995,0.0,0.0,-0.0,0.0,0.0,-0.001505,-0.005126,-0.009577,-0.005287,0.0,-3.7e-05,-0.008707,-0.000858,-0.004984,0.0,-0.000813,-0.002215,-0.0,0.0,-0.005364,-0.005925,0.0,-0.0,0.0,-0.002941,0.0,-0.004881,0.0,-0.002501,-0.009567,-0.0,-0.0,-0.005883,0.0,0.0,0.0,-0.0,-0.005417,-0.006027,0.0,-0.003722,-0.00308,-0.00956,-0.009641,0.0,-0.008609,0.0,-0.006984,-0.002392,0.0,-0.002358,-0.010271,-0.006054,-0.00616,-0.006494,-0.009733,-0.002491,-0.000979,-0.001195,0.0,-0.00034,-0.003891,-0.00459,-0.006067
2017-05-28 13:15:00+02:00,0.0,0.0,-1.5e-05,-0.005888,-1e-05,0.0,-0.001434,-0.002513,-0.005438,-0.0,0.0,0.0,-0.006013,-0.005983,-0.002359,-0.008079,-0.0,0.0,-0.0,-0.00936,0.0,-0.009285,-0.004286,0.0,-0.009117,-0.009458,-0.002212,0.0,-0.001247,-0.0,0.0,-0.005184,0.0,-0.004748,-0.00584,0.0,-0.000164,-0.003844,0.0,-0.010097,-0.002375,0.0,-0.003356,0.0,-0.0,-0.001976,-0.00213,-0.004644,-0.002595,0.0,0.0,-0.005105,-0.004769,-0.005983,0.0,0.0,-0.0,0.0,0.0,-0.001434,-0.005073,-0.009484,-0.00521,0.0,-2.9e-05,-0.008616,-0.000818,-0.004932,0.0,-0.000773,-0.002174,-0.0,0.0,-0.005313,-0.005926,0.0,-0.0,0.0,-0.002865,0.0,-0.00483,0.0,-0.002434,-0.009476,-0.0,-0.0,-0.005848,0.0,0.0,0.0,-0.0,-0.005366,-0.006013,0.0,-0.003678,-0.003009,-0.009467,-0.009548,0.0,-0.008515,0.0,-0.0069,-0.00235,0.0,-0.002312,-0.010224,-0.006041,-0.006077,-0.00641,-0.009641,-0.002445,-0.000942,-0.001158,0.0,-0.000272,-0.003819,-0.004514,-0.006042
2017-05-28 13:16:00+02:00,0.0,0.0,-1.2e-05,-0.005725,-8e-06,0.0,-0.001385,-0.002453,-0.005432,-0.0,0.0,0.0,-0.005877,-0.005846,-0.00237,-0.007887,-0.0,0.0,-0.0,-0.009203,0.0,-0.009129,-0.004182,0.0,-0.009105,-0.009249,-0.002154,0.0,-0.001177,-0.0,0.0,-0.005184,0.0,-0.004752,-0.005795,0.0,-0.000175,-0.003745,0.0,-0.009938,-0.002317,0.0,-0.003267,0.0,-0.0,-0.001858,-0.00205,-0.004563,-0.002604,0.0,0.0,-0.005024,-0.004662,-0.005846,0.0,0.0,-0.0,0.0,0.0,-0.001359,-0.00499,-0.009492,-0.005055,0.0,-2.4e-05,-0.008417,-0.000775,-0.004848,0.0,-0.000729,-0.002121,-0.0,0.0,-0.00523,-0.005795,0.0,-0.0,0.0,-0.002776,0.0,-0.00472,0.0,-0.002311,-0.009488,-0.0,-0.0,-0.005702,0.0,0.0,0.0,-0.0,-0.005251,-0.005877,0.0,-0.003584,-0.003027,-0.009261,-0.00934,0.0,-0.008506,0.0,-0.006723,-0.002295,0.0,-0.002255,-0.009956,-0.005906,-0.006084,-0.006239,-0.009431,-0.002386,-0.000876,-0.001116,0.0,-0.000217,-0.003725,-0.004366,-0.005903
2017-05-28 13:17:00+02:00,0.0,0.0,-9e-06,-0.005579,-7e-06,0.0,-0.001344,-0.0024,-0.005407,-0.0,0.0,0.0,-0.00589,-0.005859,-0.002371,-0.007712,-0.0,0.0,-0.0,-0.009057,0.0,-0.008986,-0.004091,0.0,-0.009064,-0.009056,-0.002104,0.0,-0.001118,-0.0,0.0,-0.005165,0.0,-0.004738,-0.005808,0.0,-0.00018,-0.003658,0.0,-0.009963,-0.002266,0.0,-0.003193,0.0,-0.0,-0.001758,-0.001981,-0.004489,-0.002602,0.0,0.0,-0.004947,-0.004562,-0.005859,0.0,0.0,-0.0,0.0,0.0,-0.001299,-0.004912,-0.009469,-0.004916,0.0,-1.9e-05,-0.008235,-0.000741,-0.00477,0.0,-0.000696,-0.002075,-0.0,0.0,-0.005151,-0.005808,0.0,-0.0,0.0,-0.002701,0.0,-0.004618,0.0,-0.002206,-0.009467,-0.0,-0.0,-0.005715,0.0,0.0,0.0,-0.0,-0.005144,-0.00589,0.0,-0.003499,-0.003029,-0.009069,-0.009147,0.0,-0.008469,0.0,-0.006563,-0.002247,0.0,-0.002204,-0.00998,-0.005919,-0.006068,-0.006084,-0.009236,-0.002333,-0.00082,-0.001082,0.0,-0.000174,-0.003644,-0.004235,-0.005915
2017-05-28 13:18:00+02:00,0.0,0.0,-8e-06,-0.005555,-5e-06,0.0,-0.00135,-0.002396,-0.005437,-0.0,0.0,0.0,-0.005896,-0.005866,-0.002415,-0.007671,-0.0,0.0,-0.0,-0.009038,0.0,-0.008969,-0.004087,0.0,-0.009119,-0.009004,-0.002102,0.0,-0.001119,-0.0,0.0,-0.005201,0.0,-0.004777,-0.005815,0.0,-0.000253,-0.003655,0.0,-0.009975,-0.002264,0.0,-0.003218,0.0,-0.0,-0.001761,-0.001974,-0.004483,-0.002645,0.0,0.0,-0.004943,-0.004541,-0.005866,0.0,0.0,-0.0,0.0,0.0,-0.001319,-0.004905,-0.009538,-0.004896,0.0,-1.5e-05,-0.00819,-0.000752,-0.004763,0.0,-0.000708,-0.002089,-0.0,0.0,-0.005146,-0.005815,0.0,-0.0,0.0,-0.002708,0.0,-0.004594,0.0,-0.002206,-0.009538,-0.0,-0.0,-0.005719,0.0,0.0,0.0,-0.0,-0.005118,-0.005896,0.0,-0.003485,-0.003106,-0.009016,-0.009094,0.0,-0.008525,0.0,-0.006531,-0.002258,0.0,-0.002203,-0.009994,-0.005926,-0.006135,-0.006054,-0.009184,-0.002332,-0.000823,-0.001103,0.0,-0.000193,-0.003666,-0.00422,-0.005921
2017-05-28 13:19:00+02:00,0.0,0.0,-6e-06,-0.005516,-4e-06,0.0,-0.001343,-0.002386,-0.005455,-0.0,0.0,0.0,-0.005926,-0.005896,-0.002438,-0.007621,-0.0,0.0,-0.0,-0.009056,0.0,-0.008989,-0.004072,0.0,-0.009157,-0.008945,-0.002092,0.0,-0.001102,-0.0,0.0,-0.005223,0.0,-0.004799,-0.005846,0.0,-0.000279,-0.00364,0.0,-0.010033,-0.002254,0.0,-0.003249,0.0,-0.0,-0.001733,-0.001953,-0.004492,-0.002665,0.0,0.0,-0.004955,-0.004511,-0.005896,0.0,0.0,-0.0,0.0,0.0,-0.001313,-0.004915,-0.009585,-0.004859,0.0,-1.2e-05,-0.008136,-0.000747,-0.004771,0.0,-0.000704,-0.002105,-0.0,0.0,-0.005157,-0.005846,0.0,-0.0,0.0,-0.002696,0.0,-0.004562,0.0,-0.002178,-0.009586,-0.0,-0.0,-0.005747,0.0,0.0,0.0,-0.0,-0.005085,-0.005926,0.0,-0.003462,-0.003143,-0.008954,-0.009032,0.0,-0.008562,0.0,-0.006487,-0.002273,0.0,-0.002194,-0.010052,-0.005956,-0.006171,-0.006011,-0.009123,-0.002322,-0.000808,-0.001121,0.0,-0.000183,-0.003695,-0.004184,-0.005949
2017-05-28 13:20:00+02:00,0.0,0.0,-5e-06,-0.005303,-3e-06,0.0,-0.001302,-0.002304,-0.00477,-0.0,0.0,0.0,-0.004817,-0.004788,-0.002383,-0.007316,-0.0,0.0,-0.0,-0.008045,0.0,-0.008057,-0.003928,0.0,-0.008012,-0.008055,-0.00202,0.0,-0.001066,-0.0,0.0,-0.004844,0.0,-0.004659,-0.004741,0.0,-0.000317,-0.003514,0.0,-0.008045,-0.00218,0.0,-0.003167,0.0,-0.0,-0.001674,-0.001881,-0.004345,-0.002601,0.0,0.0,-0.004798,-0.004343,-0.004788,0.0,0.0,-0.0,0.0,0.0,-0.001284,-0.004757,-0.008057,-0.004672,0.0,-1.5e-05,-0.007809,-0.000732,-0.004613,0.0,-0.000692,-0.002055,-0.0,0.0,-0.004788,-0.004741,0.0,-0.0,0.0,-0.00261,0.0,-0.00439,0.0,-0.0021,-0.008036,-0.0,-0.0,-0.004627,0.0,0.0,0.0,-0.0,-0.004844,-0.004817,0.0,-0.003334,-0.003078,-0.007961,-0.007998,0.0,-0.008045,0.0,-0.00623,-0.002213,0.0,-0.002122,-0.008055,-0.004844,-0.005993,-0.005776,-0.008045,-0.002246,-0.000783,-0.001108,0.0,-0.000196,-0.003594,-0.004024,-0.004831
2017-05-28 13:21:00+02:00,0.0,0.0,-4e-06,-0.004758,-3e-06,0.0,-0.001087,-0.002037,-0.004502,-0.0,0.0,0.0,-0.004921,-0.004775,-0.002148,-0.006664,-0.0,0.0,-0.0,-0.007519,0.0,-0.007519,-0.003471,0.0,-0.007557,-0.007441,-0.001768,0.0,-0.000853,-0.0,0.0,-0.004529,0.0,-0.00432,-0.00458,0.0,-0.000254,-0.003077,0.0,-0.007787,-0.001915,0.0,-0.002783,0.0,-0.0,-0.001339,-0.001626,-0.003996,-0.002355,0.0,0.0,-0.004427,-0.00396,-0.004886,0.0,0.0,-0.0,0.0,0.0,-0.001027,-0.004387,-0.007663,-0.004157,0.0,-1.2e-05,-0.007131,-0.000585,-0.004251,0.0,-0.000554,-0.001819,-0.0,0.0,-0.004449,-0.004681,0.0,-0.0,0.0,-0.002218,0.0,-0.004004,0.0,-0.001715,-0.00765,-0.0,-0.0,-0.004668,0.0,0.0,0.0,-0.0,-0.004442,-0.004876,0.0,-0.003005,-0.002719,-0.007373,-0.007411,0.0,-0.007491,0.0,-0.005636,-0.001971,0.0,-0.00186,-0.00823,-0.004926,-0.005503,-0.005205,-0.007458,-0.001979,-0.000627,-0.000919,0.0,-0.000157,-0.003189,-0.003541,-0.004863
2017-05-28 13:22:00+02:00,0.0,0.0,-0.000282,-0.005241,-0.000237,0.0,-0.001309,-0.002268,-0.00482,-0.0,0.0,0.0,-0.005165,-0.005043,-0.002456,-0.007175,-0.0,0.0,-0.0,-0.0081,0.0,-0.008107,-0.003876,0.0,-0.008116,-0.008043,-0.001992,0.0,-0.001107,-0.0,0.0,-0.004858,0.0,-0.00466,-0.004879,0.0,-0.000681,-0.003469,0.0,-0.008314,-0.002147,0.0,-0.00323,0.0,-0.000179,-0.001771,-0.001884,-0.004275,-0.002665,0.0,0.0,-0.004719,-0.004257,-0.005132,0.0,0.0,-0.000142,0.0,0.0,-0.001404,-0.004675,-0.008221,-0.004633,0.0,-0.00033,-0.007648,-0.000799,-0.004533,0.0,-0.000772,-0.002081,-0.0,0.0,-0.004773,-0.004959,0.0,-0.0,0.0,-0.002609,0.0,-0.0043,0.0,-0.002158,-0.008201,-0.0,-3e-05,-0.004921,0.0,0.0,0.0,-9.6e-05,-0.004756,-0.005129,0.0,-0.003289,-0.003235,-0.007945,-0.007991,0.0,-0.008078,0.0,-0.006132,-0.00223,0.0,-0.002091,-0.008674,-0.005175,-0.006052,-0.00569,-0.008051,-0.002214,-0.000869,-0.001172,0.0,-0.000485,-0.003639,-0.004008,-0.005121
2017-05-28 13:23:00+02:00,0.0,0.0,-0.000438,-0.005654,-0.000365,0.0,-0.001474,-0.002455,-0.005052,-0.0,0.0,0.0,-0.005339,-0.005236,-0.002719,-0.007638,-0.0,0.0,-0.0,-0.008522,0.0,-0.008534,-0.0042,0.0,-0.008523,-0.008482,-0.002169,0.0,-0.001298,-0.0,0.0,-0.005099,0.0,-0.004929,-0.005096,0.0,-0.000988,-0.003778,0.0,-0.008693,-0.002333,0.0,-0.003565,0.0,-0.000257,-0.00209,-0.002089,-0.004519,-0.002931,0.0,0.0,-0.004979,-0.004531,-0.005307,0.0,0.0,-0.000181,0.0,0.0,-0.001668,-0.004931,-0.008626,-0.005031,0.0,-0.000522,-0.008125,-0.000949,-0.004781,0.0,-0.000925,-0.002282,-0.0,0.0,-0.00502,-0.00516,0.0,-0.0,0.0,-0.002905,0.0,-0.004573,0.0,-0.002493,-0.008601,-0.0,-2.4e-05,-0.005101,0.0,0.0,0.0,-0.000134,-0.005018,-0.00531,0.0,-0.003537,-0.003656,-0.008362,-0.008414,0.0,-0.008504,0.0,-0.006569,-0.00243,0.0,-0.002276,-0.008987,-0.005353,-0.006547,-0.006112,-0.008483,-0.002402,-0.001046,-0.001352,0.0,-0.000695,-0.003984,-0.00439,-0.005305
2017-05-28 13:24:00+02:00,0.0,0.0,-0.00035,-0.005667,-0.000292,0.0,-0.001479,-0.002468,-0.005216,-0.0,0.0,0.0,-0.005457,-0.005369,-0.002758,-0.007666,-0.0,0.0,-0.0,-0.008633,0.0,-0.008632,-0.004224,0.0,-0.00881,-0.008604,-0.002179,0.0,-0.001287,-0.0,0.0,-0.00523,0.0,-0.005009,-0.005249,0.0,-0.000981,-0.003797,0.0,-0.008956,-0.002346,0.0,-0.003542,0.0,-0.000206,-0.002068,-0.002085,-0.004518,-0.002971,0.0,0.0,-0.004984,-0.004551,-0.005426,0.0,0.0,-0.000144,0.0,0.0,-0.001663,-0.004933,-0.008909,-0.005038,0.0,-0.000424,-0.008157,-0.000946,-0.004782,0.0,-0.00092,-0.002269,-0.0,0.0,-0.005057,-0.005301,0.0,-0.0,0.0,-0.002917,0.0,-0.004591,0.0,-0.002478,-0.008881,-0.0,-1.9e-05,-0.005222,0.0,0.0,0.0,-0.000107,-0.005054,-0.005434,0.0,-0.003548,-0.003708,-0.008506,-0.008564,0.0,-0.008682,0.0,-0.006589,-0.002418,0.0,-0.002289,-0.009196,-0.005475,-0.006633,-0.006126,-0.00864,-0.002416,-0.001028,-0.001331,0.0,-0.000654,-0.003962,-0.004391,-0.005431
2017-05-28 13:25:00+02:00,0.0,0.0,-0.00028,-0.005568,-0.000233,0.0,-0.001442,-0.002429,-0.005267,-0.0,0.0,0.0,-0.005534,-0.005458,-0.002721,-0.007563,-0.0,0.0,-0.0,-0.008586,0.0,-0.008575,-0.004158,0.0,-0.00889,-0.008565,-0.002141,0.0,-0.001231,-0.0,0.0,-0.005241,0.0,-0.004983,-0.005353,0.0,-0.00089,-0.003732,0.0,-0.009133,-0.002308,0.0,-0.003432,0.0,-0.000165,-0.001969,-0.002029,-0.004446,-0.002932,0.0,0.0,-0.004912,-0.004493,-0.005503,0.0,0.0,-0.000116,0.0,0.0,-0.001595,-0.00486,-0.009067,-0.00494,0.0,-0.000339,-0.008052,-0.000906,-0.004708,0.0,-0.000879,-0.002204,-0.0,0.0,-0.00501,-0.005395,0.0,-0.0,0.0,-0.002852,0.0,-0.004531,0.0,-0.002382,-0.009049,-0.0,-1.6e-05,-0.0053,0.0,0.0,0.0,-8.6e-05,-0.005005,-0.005515,0.0,-0.003493,-0.003638,-0.008487,-0.008549,0.0,-0.008668,0.0,-0.006487,-0.002353,0.0,-0.002251,-0.009329,-0.005554,-0.006567,-0.006025,-0.008628,-0.002377,-0.000967,-0.001265,0.0,-0.000564,-0.00385,-0.004292,-0.005514
2017-05-28 13:26:00+02:00,0.0,0.0,-0.000224,-0.005477,-0.000187,0.0,-0.001392,-0.002377,-0.00529,-0.0,0.0,0.0,-0.005619,-0.005553,-0.002673,-0.007473,-0.0,0.0,-0.0,-0.00856,0.0,-0.00854,-0.004072,0.0,-0.00893,-0.008532,-0.002089,0.0,-0.001172,-0.0,0.0,-0.005231,0.0,-0.004944,-0.005461,0.0,-0.000789,-0.003644,0.0,-0.009321,-0.002256,0.0,-0.003342,0.0,-0.000132,-0.001868,-0.001972,-0.00439,-0.002882,0.0,0.0,-0.004858,-0.00444,-0.00559,0.0,0.0,-9.2e-05,0.0,0.0,-0.001509,-0.004804,-0.009169,-0.004846,0.0,-0.000271,-0.007964,-0.000857,-0.004651,0.0,-0.000828,-0.00215,-0.0,0.0,-0.004975,-0.005495,0.0,-0.0,0.0,-0.002767,0.0,-0.004476,0.0,-0.002284,-0.009158,-0.0,-1.2e-05,-0.005385,0.0,0.0,0.0,-6.9e-05,-0.004961,-0.005604,0.0,-0.00344,-0.003554,-0.00847,-0.008534,0.0,-0.008631,0.0,-0.006396,-0.002299,0.0,-0.002199,-0.009484,-0.005641,-0.006487,-0.005932,-0.008617,-0.002326,-0.000905,-0.00121,0.0,-0.000461,-0.00376,-0.004197,-0.005603
2017-05-28 13:27:00+02:00,0.0,0.0,-0.000179,-0.005523,-0.000149,0.0,-0.001398,-0.00239,-0.005385,-0.0,0.0,0.0,-0.005704,-0.005647,-0.002693,-0.00754,-0.0,0.0,-0.0,-0.008696,0.0,-0.00867,-0.004098,0.0,-0.009098,-0.008659,-0.002098,0.0,-0.001178,-0.0,0.0,-0.0053,0.0,-0.004987,-0.005566,0.0,-0.000777,-0.003664,0.0,-0.009505,-0.002266,0.0,-0.003375,0.0,-0.000105,-0.001877,-0.001984,-0.004427,-0.002901,0.0,0.0,-0.004902,-0.004478,-0.005676,0.0,0.0,-7.4e-05,0.0,0.0,-0.00151,-0.004845,-0.009389,-0.004887,0.0,-0.000221,-0.008037,-0.000857,-0.00469,0.0,-0.000827,-0.002169,-0.0,0.0,-0.005036,-0.005592,0.0,-0.0,0.0,-0.002781,0.0,-0.004512,0.0,-0.0023,-0.009376,-0.0,-1e-05,-0.00547,0.0,0.0,0.0,-5.5e-05,-0.005011,-0.005692,0.0,-0.003468,-0.00358,-0.008607,-0.008676,0.0,-0.008733,0.0,-0.006451,-0.002319,0.0,-0.002209,-0.009641,-0.005728,-0.006536,-0.005981,-0.008764,-0.002337,-0.000906,-0.001219,0.0,-0.000442,-0.003796,-0.00423,-0.005691
2017-05-28 13:28:00+02:00,0.0,0.0,-0.000143,-0.005604,-0.000119,0.0,-0.001396,-0.002396,-0.005485,-0.0,0.0,0.0,-0.005781,-0.00573,-0.002718,-0.00765,-0.0,0.0,-0.0,-0.008821,0.0,-0.008791,-0.004116,0.0,-0.009278,-0.008825,-0.0021,0.0,-0.001193,-0.0,0.0,-0.005378,0.0,-0.005042,-0.005658,0.0,-0.000765,-0.003672,0.0,-0.009672,-0.00227,0.0,-0.003387,0.0,-8.4e-05,-0.001902,-0.002009,-0.00446,-0.002927,0.0,0.0,-0.004941,-0.004539,-0.005753,0.0,0.0,-5.9e-05,0.0,0.0,-0.001499,-0.004883,-0.009587,-0.004958,0.0,-0.000177,-0.008155,-0.000849,-0.004726,0.0,-0.000818,-0.002175,-0.0,0.0,-0.005091,-0.005679,0.0,-0.0,0.0,-0.002784,0.0,-0.004572,0.0,-0.002333,-0.00957,-0.0,-8e-06,-0.005546,0.0,0.0,0.0,-4.4e-05,-0.005085,-0.005772,0.0,-0.003516,-0.003612,-0.008779,-0.008852,0.0,-0.008856,0.0,-0.006545,-0.002327,0.0,-0.002212,-0.009787,-0.005805,-0.006604,-0.006066,-0.008946,-0.002343,-0.000915,-0.001212,0.0,-0.000409,-0.003814,-0.00429,-0.00577
2017-05-28 13:29:00+02:00,0.0,0.0,-0.000115,-0.005526,-9.6e-05,0.0,-0.001348,-0.002333,-0.005359,-0.0,0.0,0.0,-0.005436,-0.005409,-0.002662,-0.007548,-0.0,0.0,-0.0,-0.008709,0.0,-0.008674,-0.004008,0.0,-0.009119,-0.008736,-0.00204,0.0,-0.00117,-0.0,0.0,-0.005304,0.0,-0.00496,-0.005372,0.0,-0.000712,-0.003569,0.0,-0.009143,-0.002208,0.0,-0.003312,0.0,-6.7e-05,-0.001863,-0.001976,-0.004385,-0.002866,0.0,0.0,-0.004865,-0.004484,-0.005409,0.0,0.0,-4.7e-05,0.0,0.0,-0.001431,-0.004807,-0.009169,-0.004886,0.0,-0.000142,-0.008047,-0.00081,-0.004648,0.0,-0.000779,-0.00213,-0.0,0.0,-0.005023,-0.005372,0.0,-0.0,0.0,-0.002696,0.0,-0.004515,0.0,-0.00229,-0.009148,-0.0,-6e-06,-0.005187,0.0,0.0,0.0,-3.5e-05,-0.005028,-0.005436,0.0,-0.003471,-0.003526,-0.008705,-0.008776,0.0,-0.008717,0.0,-0.006455,-0.002278,0.0,-0.002151,-0.009162,-0.005457,-0.006479,-0.005982,-0.008867,-0.002282,-0.000894,-0.001177,0.0,-0.00035,-0.003732,-0.004225,-0.005429
2017-05-28 13:30:00+02:00,0.0,0.0,-9.2e-05,-0.005133,-7.6e-05,0.0,-0.001197,-0.002143,-0.005088,-0.0,0.0,0.0,-0.005325,-0.005299,-0.00246,-0.007077,-0.0,0.0,-0.0,-0.008235,0.0,-0.008197,-0.003682,0.0,-0.00865,-0.008237,-0.001861,0.0,-0.001016,-0.0,0.0,-0.005015,0.0,-0.004675,-0.00522,0.0,-0.00057,-0.003261,0.0,-0.008894,-0.002021,0.0,-0.003017,0.0,-5.4e-05,-0.001604,-0.001795,-0.004122,-0.002655,0.0,0.0,-0.004586,-0.004208,-0.005299,0.0,0.0,-3.8e-05,0.0,0.0,-0.0012,-0.004529,-0.008769,-0.004515,0.0,-0.000113,-0.007557,-0.000679,-0.004375,0.0,-0.000645,-0.00195,-0.0,0.0,-0.004744,-0.005261,0.0,-0.0,0.0,-0.00242,0.0,-0.004236,0.0,-0.002016,-0.008759,-0.0,-5e-06,-0.005073,0.0,0.0,0.0,-2.8e-05,-0.004733,-0.005325,0.0,-0.003234,-0.003216,-0.008221,-0.008288,0.0,-0.008227,0.0,-0.006025,-0.002094,0.0,-0.001967,-0.008978,-0.005343,-0.006064,-0.005572,-0.008372,-0.002093,-0.000749,-0.001034,0.0,-0.00028,-0.003422,-0.003879,-0.005316
2017-05-28 13:31:00+02:00,0.0,0.0,-7.3e-05,-0.004891,-6.1e-05,0.0,-0.001098,-0.002016,-0.004933,-0.0,0.0,0.0,-0.005351,-0.005325,-0.002358,-0.006776,-0.0,0.0,-0.0,-0.007848,0.0,-0.007808,-0.003464,0.0,-0.008383,-0.007916,-0.001743,0.0,-0.000932,-0.0,0.0,-0.004846,0.0,-0.00451,-0.005161,0.0,-0.000486,-0.003057,0.0,-0.008802,-0.001897,0.0,-0.002764,0.0,-4.3e-05,-0.001463,-0.001688,-0.003904,-0.002546,0.0,0.0,-0.004354,-0.004031,-0.005325,0.0,0.0,-3e-05,0.0,0.0,-0.001051,-0.004299,-0.008557,-0.004291,0.0,-9.1e-05,-0.007242,-0.000594,-0.004149,0.0,-0.000559,-0.001793,-0.0,0.0,-0.004515,-0.005288,0.0,-0.0,0.0,-0.002238,0.0,-0.004057,0.0,-0.001864,-0.008554,-0.0,-4e-06,-0.005098,0.0,0.0,0.0,-2.2e-05,-0.004541,-0.005351,0.0,-0.003086,-0.003069,-0.00791,-0.007974,0.0,-0.007943,0.0,-0.005755,-0.001935,0.0,-0.001844,-0.009025,-0.005369,-0.005835,-0.005317,-0.008054,-0.001967,-0.000671,-0.000918,0.0,-0.000224,-0.003153,-0.003673,-0.005342
2017-05-28 13:32:00+02:00,0.0,0.0,-5.9e-05,-0.004894,-4.9e-05,0.0,-0.001096,-0.002001,-0.004938,-0.0,0.0,0.0,-0.005392,-0.005366,-0.002383,-0.00675,-0.0,0.0,-0.0,-0.00776,0.0,-0.007719,-0.003443,0.0,-0.008395,-0.007887,-0.001731,0.0,-0.000959,-0.0,0.0,-0.004841,0.0,-0.004503,-0.005228,0.0,-0.000564,-0.00304,0.0,-0.008919,-0.001886,0.0,-0.002731,0.0,-3.5e-05,-0.001512,-0.001701,-0.003849,-0.002565,0.0,0.0,-0.004296,-0.004016,-0.005366,0.0,0.0,-2.4e-05,0.0,0.0,-0.001061,-0.004241,-0.008614,-0.004301,0.0,-7.3e-05,-0.007209,-0.000598,-0.004091,0.0,-0.000565,-0.001768,-0.0,0.0,-0.00446,-0.00533,0.0,-0.0,0.0,-0.002234,0.0,-0.004039,0.0,-0.001908,-0.008618,-0.0,-3e-06,-0.005137,0.0,0.0,0.0,-1.8e-05,-0.004519,-0.005392,0.0,-0.003084,-0.003124,-0.007885,-0.007949,0.0,-0.007934,0.0,-0.005745,-0.001907,0.0,-0.001833,-0.009102,-0.00541,-0.005848,-0.005312,-0.008028,-0.001954,-0.000701,-0.000913,0.0,-0.00021,-0.00311,-0.003691,-0.005382
2017-05-28 13:33:00+02:00,0.0,0.0,-4.7e-05,-0.005027,-3.9e-05,0.0,-0.001136,-0.002044,-0.005038,-0.0,0.0,0.0,-0.005483,-0.005457,-0.002461,-0.00689,-0.0,0.0,-0.0,-0.007865,0.0,-0.007824,-0.003524,0.0,-0.008575,-0.008043,-0.001772,0.0,-0.001026,-0.0,0.0,-0.004929,0.0,-0.004586,-0.00534,0.0,-0.00068,-0.003119,0.0,-0.009119,-0.001931,0.0,-0.002805,0.0,-2.8e-05,-0.001629,-0.001768,-0.003892,-0.002641,0.0,0.0,-0.004343,-0.004094,-0.005457,0.0,0.0,-1.9e-05,0.0,0.0,-0.00113,-0.004288,-0.008835,-0.004431,0.0,-8.8e-05,-0.007351,-0.000636,-0.004135,0.0,-0.000604,-0.001808,-0.0,0.0,-0.004514,-0.005421,0.0,-0.0,0.0,-0.00231,0.0,-0.004116,0.0,-0.002028,-0.008844,-0.0,-3e-06,-0.005225,0.0,0.0,0.0,-1.4e-05,-0.004599,-0.005483,0.0,-0.003159,-0.00326,-0.008041,-0.008106,0.0,-0.008089,0.0,-0.005881,-0.001945,0.0,-0.001878,-0.009271,-0.0055,-0.005987,-0.005444,-0.008188,-0.001999,-0.000767,-0.00096,0.0,-0.000245,-0.003182,-0.003818,-0.005472
2017-05-28 13:34:00+02:00,0.0,0.0,-0.000125,-0.005301,-7e-05,0.0,-0.001234,-0.002158,-0.0052,-0.0,0.0,0.0,-0.005574,-0.005548,-0.002593,-0.007203,-0.0,0.0,-0.0,-0.008179,0.0,-0.008137,-0.003731,0.0,-0.008879,-0.008391,-0.00188,0.0,-0.001144,-0.0,0.0,-0.005104,0.0,-0.004751,-0.005448,0.0,-0.000842,-0.003315,0.0,-0.009316,-0.002045,0.0,-0.003014,0.0,-2.2e-05,-0.001834,-0.001896,-0.004045,-0.002773,0.0,0.0,-0.004507,-0.004272,-0.005548,0.0,0.0,-1.6e-05,0.0,0.0,-0.001291,-0.004449,-0.009097,-0.004694,0.0,-0.000199,-0.007674,-0.000725,-0.004291,0.0,-0.000696,-0.001928,-0.0,0.0,-0.004685,-0.005513,0.0,-0.0,0.0,-0.002492,0.0,-0.004292,0.0,-0.002242,-0.0091,-0.0,-2e-06,-0.005313,0.0,0.0,0.0,-1.1e-05,-0.004787,-0.005574,0.0,-0.003319,-0.003477,-0.008385,-0.008454,0.0,-0.008393,0.0,-0.006173,-0.002064,0.0,-0.001991,-0.009443,-0.005589,-0.006244,-0.005725,-0.008542,-0.002114,-0.00088,-0.001075,0.0,-0.000359,-0.003395,-0.004067,-0.005562
2017-05-28 13:35:00+02:00,0.0,0.0,-0.000129,-0.005433,-5.6e-05,0.0,-0.00127,-0.002203,-0.005275,-0.0,0.0,0.0,-0.005608,-0.005582,-0.002636,-0.007357,-0.0,0.0,-0.0,-0.008344,0.0,-0.008302,-0.003817,0.0,-0.009016,-0.008568,-0.001922,0.0,-0.001195,-0.0,0.0,-0.005165,0.0,-0.004808,-0.005496,0.0,-0.000884,-0.003396,0.0,-0.009405,-0.002091,0.0,-0.003112,0.0,-1.8e-05,-0.001923,-0.001953,-0.00412,-0.002815,0.0,0.0,-0.00459,-0.00436,-0.005582,0.0,0.0,-1.2e-05,0.0,0.0,-0.001351,-0.004532,-0.009237,-0.004817,0.0,-0.000229,-0.007835,-0.000757,-0.004369,0.0,-0.00073,-0.001983,-0.0,0.0,-0.004775,-0.005548,0.0,-0.0,0.0,-0.002564,0.0,-0.004378,0.0,-0.002336,-0.009236,-0.0,-2e-06,-0.005343,0.0,0.0,0.0,-9e-06,-0.00488,-0.005608,0.0,-0.003396,-0.003546,-0.008565,-0.008635,0.0,-0.008502,0.0,-0.006315,-0.00212,0.0,-0.002036,-0.009512,-0.005621,-0.006332,-0.00586,-0.008724,-0.002161,-0.000928,-0.00113,0.0,-0.000385,-0.003496,-0.004182,-0.005594
2017-05-28 13:36:00+02:00,0.0,0.0,-0.000103,-0.005419,-4.5e-05,0.0,-0.001232,-0.002173,-0.005255,-0.0,0.0,0.0,-0.005692,-0.005667,-0.00259,-0.007366,-0.0,0.0,-0.0,-0.008356,0.0,-0.008313,-0.003771,0.0,-0.008996,-0.008598,-0.00189,0.0,-0.001161,-0.0,0.0,-0.005131,0.0,-0.004773,-0.005571,0.0,-0.000778,-0.003345,0.0,-0.009558,-0.002059,0.0,-0.003064,0.0,-1.4e-05,-0.001866,-0.001927,-0.004107,-0.002768,0.0,0.0,-0.00458,-0.004358,-0.005667,0.0,0.0,-1e-05,0.0,0.0,-0.001278,-0.004522,-0.009257,-0.004795,0.0,-0.000183,-0.007849,-0.000715,-0.004359,0.0,-0.000685,-0.001952,-0.0,0.0,-0.004771,-0.005633,0.0,-0.0,0.0,-0.002504,0.0,-0.004375,0.0,-0.002284,-0.009264,-0.0,-1e-06,-0.005424,0.0,0.0,0.0,-7e-06,-0.004883,-0.005692,0.0,-0.003385,-0.003466,-0.008595,-0.008666,0.0,-0.00846,0.0,-0.006311,-0.002091,0.0,-0.002003,-0.009675,-0.005704,-0.00627,-0.005849,-0.008758,-0.002129,-0.000891,-0.001098,0.0,-0.000308,-0.00345,-0.004152,-0.005677
2017-05-28 13:37:00+02:00,0.0,0.0,-9.1e-05,-0.005542,-3.6e-05,0.0,-0.001264,-0.002213,-0.005334,-0.0,0.0,0.0,-0.005704,-0.005679,-0.002645,-0.007511,-0.0,0.0,-0.0,-0.00849,0.0,-0.008446,-0.003849,0.0,-0.009154,-0.008763,-0.001928,0.0,-0.001207,-0.0,0.0,-0.005212,0.0,-0.004849,-0.005596,0.0,-0.000833,-0.003418,0.0,-0.009604,-0.0021,0.0,-0.003144,0.0,-1.1e-05,-0.001946,-0.001979,-0.004168,-0.002822,0.0,0.0,-0.004648,-0.004441,-0.005679,0.0,0.0,-8e-06,0.0,0.0,-0.001332,-0.004589,-0.009371,-0.00491,0.0,-0.000198,-0.008,-0.000744,-0.004422,0.0,-0.000715,-0.001998,-0.0,0.0,-0.004844,-0.005646,0.0,-0.0,0.0,-0.002568,0.0,-0.004456,0.0,-0.00237,-0.009374,-0.0,-1e-06,-0.005432,0.0,0.0,0.0,-6e-06,-0.00497,-0.005704,0.0,-0.003457,-0.003552,-0.008762,-0.008833,0.0,-0.008602,0.0,-0.006443,-0.002136,0.0,-0.002044,-0.009703,-0.005713,-0.006384,-0.005976,-0.008926,-0.002171,-0.000934,-0.00114,0.0,-0.00033,-0.003533,-0.004259,-0.005687
2017-05-28 13:38:00+02:00,0.0,0.0,-7.3e-05,-0.005485,-2.9e-05,0.0,-0.001206,-0.002162,-0.005325,-0.0,0.0,0.0,-0.005792,-0.005767,-0.002599,-0.007476,-0.0,0.0,-0.0,-0.008465,0.0,-0.008421,-0.003766,0.0,-0.009154,-0.008746,-0.001875,0.0,-0.001148,-0.0,0.0,-0.005191,0.0,-0.004825,-0.005677,0.0,-0.000718,-0.003331,0.0,-0.009767,-0.002047,0.0,-0.003059,0.0,-9e-06,-0.001846,-0.00193,-0.004136,-0.002777,0.0,0.0,-0.004616,-0.004413,-0.005767,0.0,0.0,-6e-06,0.0,0.0,-0.001222,-0.004558,-0.009409,-0.004846,0.0,-0.000158,-0.007971,-0.000681,-0.004391,0.0,-0.00065,-0.001945,-0.0,0.0,-0.004818,-0.005735,0.0,-0.0,0.0,-0.002471,0.0,-0.004427,0.0,-0.002275,-0.009419,-0.0,-1e-06,-0.005516,0.0,0.0,0.0,-5e-06,-0.004945,-0.005792,0.0,-0.003421,-0.00347,-0.008744,-0.008816,0.0,-0.00858,0.0,-0.006397,-0.002086,0.0,-0.00199,-0.009874,-0.005799,-0.006332,-0.005922,-0.008911,-0.002117,-0.000872,-0.001084,0.0,-0.000264,-0.00345,-0.004186,-0.005773
2017-05-28 13:39:00+02:00,0.0,0.0,-9.1e-05,-0.005628,-2.3e-05,0.0,-0.001262,-0.002227,-0.005383,-0.0,0.0,0.0,-0.005722,-0.005698,-0.002675,-0.007638,-0.0,0.0,-0.0,-0.008638,0.0,-0.008594,-0.003886,0.0,-0.009275,-0.008924,-0.001937,0.0,-0.001209,-0.0,0.0,-0.005291,0.0,-0.004921,-0.005669,0.0,-0.00081,-0.003447,0.0,-0.009755,-0.002114,0.0,-0.003178,0.0,-7e-06,-0.001953,-0.001995,-0.00422,-0.002851,0.0,0.0,-0.004708,-0.004506,-0.005698,0.0,0.0,-5e-06,0.0,0.0,-0.001319,-0.004649,-0.009486,-0.004982,0.0,-0.000202,-0.008138,-0.000734,-0.004477,0.0,-0.000705,-0.002014,-0.0,0.0,-0.004914,-0.005669,0.0,-0.0,0.0,-0.002578,0.0,-0.004519,0.0,-0.002387,-0.009492,-0.0,-1e-06,-0.005425,0.0,0.0,0.0,-4e-06,-0.005042,-0.005722,0.0,-0.003505,-0.003592,-0.008917,-0.008987,0.0,-0.008755,0.0,-0.006548,-0.002154,0.0,-0.002056,-0.009781,-0.005719,-0.006481,-0.006069,-0.00908,-0.002185,-0.000931,-0.001147,0.0,-0.000323,-0.003573,-0.004316,-0.005694
2017-05-28 13:40:00+02:00,0.0,0.0,-7.3e-05,-0.005365,-1.8e-05,0.0,-0.001165,-0.002108,-0.005202,-0.0,0.0,0.0,-0.005391,-0.005368,-0.002539,-0.007332,-0.0,0.0,-0.0,-0.008327,0.0,-0.008282,-0.003683,0.0,-0.008971,-0.008594,-0.001826,0.0,-0.001099,-0.0,0.0,-0.005099,0.0,-0.004737,-0.00534,0.0,-0.000656,-0.003256,0.0,-0.009206,-0.001998,0.0,-0.002977,0.0,-6e-06,-0.001766,-0.001869,-0.00405,-0.00271,0.0,0.0,-0.004528,-0.004324,-0.005368,0.0,0.0,-4e-06,0.0,0.0,-0.001167,-0.00447,-0.009208,-0.004731,0.0,-0.000162,-0.007822,-0.000648,-0.004301,0.0,-0.000616,-0.001892,-0.0,0.0,-0.004732,-0.00534,0.0,-0.0,0.0,-0.002402,0.0,-0.004336,0.0,-0.002191,-0.009221,-0.0,-1e-06,-0.0051,0.0,0.0,0.0,-3e-06,-0.004848,-0.005391,0.0,-0.003345,-0.00338,-0.008598,-0.008664,0.0,-0.008439,0.0,-0.006265,-0.002029,0.0,-0.001941,-0.009225,-0.005387,-0.006214,-0.005798,-0.008751,-0.002066,-0.000827,-0.001047,0.0,-0.000258,-0.003363,-0.004079,-0.005363
2017-05-28 13:41:00+02:00,0.0,0.0,-5.8e-05,-0.004983,-1.5e-05,0.0,-0.00106,-0.001956,-0.004581,-0.0,0.0,0.0,-0.004683,-0.004663,-0.002358,-0.006852,-0.0,0.0,-0.0,-0.007817,0.0,-0.007771,-0.003423,0.0,-0.008055,-0.008053,-0.001689,0.0,-0.00098,-0.0,0.0,-0.004678,0.0,-0.004445,-0.004639,0.0,-0.000533,-0.003021,0.0,-0.008052,-0.001851,0.0,-0.002731,0.0,-5e-06,-0.001568,-0.00171,-0.003784,-0.002519,0.0,0.0,-0.004238,-0.004037,-0.004663,0.0,0.0,-3e-06,0.0,0.0,-0.001025,-0.004183,-0.008067,-0.00438,0.0,-0.00013,-0.007318,-0.000569,-0.004022,0.0,-0.000537,-0.001738,-0.0,0.0,-0.004433,-0.004639,0.0,-0.0,0.0,-0.002204,0.0,-0.004047,0.0,-0.001971,-0.008064,-0.0,-0.0,-0.004425,0.0,0.0,0.0,-2e-06,-0.004533,-0.004683,0.0,-0.003109,-0.003123,-0.007986,-0.008013,0.0,-0.007935,0.0,-0.005837,-0.001869,0.0,-0.001797,-0.008062,-0.004678,-0.005822,-0.005398,-0.008052,-0.001916,-0.000721,-0.000939,0.0,-0.000206,-0.003097,-0.003762,-0.004657
2017-05-28 13:42:00+02:00,0.0,0.0,-4.7e-05,-0.004476,-1.2e-05,0.0,-0.000898,-0.001734,-0.004239,-0.0,0.0,0.0,-0.004614,-0.004517,-0.002117,-0.006225,-0.0,0.0,-0.0,-0.007124,0.0,-0.007078,-0.003037,0.0,-0.007449,-0.00735,-0.001487,0.0,-0.000812,-0.0,0.0,-0.004297,0.0,-0.004066,-0.004377,0.0,-0.000427,-0.002665,0.0,-0.007605,-0.001634,0.0,-0.002376,0.0,-4e-06,-0.001286,-0.001496,-0.003427,-0.002267,0.0,0.0,-0.003848,-0.003664,-0.004595,0.0,0.0,-3e-06,0.0,0.0,-0.00082,-0.003798,-0.007509,-0.003911,0.0,-0.000104,-0.00666,-0.000455,-0.003648,0.0,-0.000429,-0.001519,-0.0,0.0,-0.004032,-0.004455,0.0,-0.0,0.0,-0.001897,0.0,-0.003673,0.0,-0.001662,-0.007513,-0.0,-0.0,-0.004326,0.0,0.0,0.0,-2e-06,-0.004127,-0.004596,0.0,-0.002798,-0.002771,-0.007309,-0.007336,0.0,-0.007274,0.0,-0.005275,-0.001643,0.0,-0.001584,-0.007959,-0.004607,-0.005302,-0.004867,-0.007372,-0.001694,-0.000577,-0.000778,0.0,-0.000165,-0.002717,-0.003335,-0.004548
2017-05-28 13:43:00+02:00,0.0,0.0,-3.7e-05,-0.004325,-9e-06,0.0,-0.000858,-0.001667,-0.004154,-0.0,0.0,0.0,-0.004782,-0.004625,-0.002056,-0.006022,-0.0,0.0,-0.0,-0.006872,0.0,-0.006828,-0.002924,0.0,-0.00729,-0.007117,-0.001427,0.0,-0.000778,-0.0,0.0,-0.004179,0.0,-0.003942,-0.004372,0.0,-0.000409,-0.002564,0.0,-0.007597,-0.00157,0.0,-0.002278,0.0,-3e-06,-0.001233,-0.001439,-0.003298,-0.0022,0.0,0.0,-0.003706,-0.003543,-0.004762,0.0,0.0,-2e-06,0.0,0.0,-0.000771,-0.003658,-0.007397,-0.003776,0.0,-8.3e-05,-0.006446,-0.000426,-0.003512,0.0,-0.0004,-0.001456,-0.0,0.0,-0.003886,-0.004527,0.0,-0.0,0.0,-0.001819,0.0,-0.00355,0.0,-0.001597,-0.007408,-0.0,-0.0,-0.004467,0.0,0.0,0.0,-2e-06,-0.003991,-0.004762,0.0,-0.002702,-0.002695,-0.007092,-0.007122,0.0,-0.007057,0.0,-0.0051,-0.001575,0.0,-0.001522,-0.00824,-0.004774,-0.005148,-0.004704,-0.007162,-0.001629,-0.00055,-0.000742,0.0,-0.000132,-0.002607,-0.003218,-0.004691
2017-05-28 13:44:00+02:00,0.0,0.0,-0.000357,-0.004878,-0.000275,0.0,-0.0011,-0.001925,-0.004427,-3.5e-05,0.0,0.0,-0.004954,-0.004824,-0.002369,-0.00661,-6.2e-05,0.0,-0.0,-0.007433,0.0,-0.007393,-0.003391,0.0,-0.00777,-0.007633,-0.001678,0.0,-0.001057,-0.0,0.0,-0.004469,0.0,-0.004278,-0.004617,0.0,-0.000874,-0.00302,0.0,-0.008013,-0.001835,0.0,-0.00276,0.0,-0.000218,-0.001724,-0.001721,-0.003599,-0.00251,0.0,0.0,-0.004024,-0.003882,-0.004934,0.0,0.0,-0.000209,0.0,0.0,-0.001197,-0.003974,-0.00786,-0.004318,0.0,-0.00043,-0.007043,-0.00066,-0.003816,0.0,-0.000643,-0.001734,-0.0,0.0,-0.004208,-0.004741,0.0,-5.9e-05,0.0,-0.002264,0.0,-0.003887,0.0,-0.002096,-0.007868,-4.2e-05,-0.000112,-0.004639,0.0,0.0,0.0,-0.000117,-0.004319,-0.004938,0.0,-0.003023,-0.003225,-0.007584,-0.007617,0.0,-0.007581,0.0,-0.005669,-0.001847,0.0,-0.001785,-0.008532,-0.004945,-0.005718,-0.005261,-0.007665,-0.001895,-0.000824,-0.001008,0.0,-0.000484,-0.003093,-0.003747,-0.004874
2017-05-28 13:45:00+02:00,0.0,0.0,-0.000463,-0.00522,-0.000347,0.0,-0.001222,-0.002062,-0.004634,-2.8e-05,0.0,0.0,-0.005081,-0.004973,-0.002555,-0.006989,-5e-05,0.0,-0.0,-0.007772,0.0,-0.007732,-0.003641,0.0,-0.008137,-0.008029,-0.001809,0.0,-0.001211,-0.0,0.0,-0.00469,0.0,-0.004508,-0.004802,0.0,-0.001115,-0.003262,0.0,-0.008328,-0.001975,0.0,-0.00301,0.0,-0.000249,-0.001995,-0.001884,-0.003772,-0.002695,0.0,0.0,-0.00421,-0.004101,-0.00506,0.0,0.0,-0.000225,0.0,0.0,-0.001405,-0.004159,-0.008213,-0.004648,0.0,-0.00056,-0.007432,-0.000773,-0.003993,0.0,-0.00076,-0.001879,-0.0,0.0,-0.0044,-0.004901,0.0,-4.8e-05,0.0,-0.002493,0.0,-0.004103,0.0,-0.002376,-0.008218,-3.4e-05,-9e-05,-0.004765,0.0,0.0,0.0,-0.000128,-0.00455,-0.005068,0.0,-0.003222,-0.003531,-0.00796,-0.007997,0.0,-0.007982,0.0,-0.006027,-0.001989,0.0,-0.001924,-0.008748,-0.005071,-0.006076,-0.005608,-0.008049,-0.002036,-0.000973,-0.00114,0.0,-0.000628,-0.003349,-0.004063,-0.00501
2017-05-28 13:46:00+02:00,0.0,0.0,-0.00037,-0.005239,-0.000278,0.0,-0.001207,-0.002038,-0.004676,-2.2e-05,0.0,0.0,-0.005082,-0.004992,-0.002549,-0.006996,-4e-05,0.0,-0.0,-0.007594,0.0,-0.007552,-0.003605,0.0,-0.008209,-0.00805,-0.001787,0.0,-0.001229,-0.0,0.0,-0.004697,0.0,-0.004492,-0.00485,0.0,-0.001118,-0.00323,0.0,-0.008413,-0.001953,0.0,-0.002858,0.0,-0.0002,-0.00203,-0.001895,-0.003667,-0.002686,0.0,0.0,-0.004102,-0.0041,-0.005062,0.0,0.0,-0.00018,0.0,0.0,-0.001388,-0.004051,-0.008326,-0.004669,0.0,-0.000448,-0.007436,-0.000762,-0.003887,0.0,-0.000748,-0.001788,-0.0,0.0,-0.004292,-0.004929,0.0,-3.8e-05,0.0,-0.002468,0.0,-0.004101,0.0,-0.002409,-0.00833,-2.7e-05,-7.2e-05,-0.00477,0.0,0.0,0.0,-0.000102,-0.004548,-0.005072,0.0,-0.003229,-0.003528,-0.008005,-0.008044,0.0,-0.007975,0.0,-0.006039,-0.001899,0.0,-0.001902,-0.008752,-0.005072,-0.006064,-0.005625,-0.008097,-0.002013,-0.000991,-0.001055,0.0,-0.00058,-0.003195,-0.004088,-0.005018
2017-05-28 13:47:00+02:00,0.0,0.0,-0.000296,-0.004882,-0.000222,0.0,-0.001061,-0.001853,-0.004421,-1.8e-05,0.0,0.0,-0.004547,-0.004532,-0.002346,-0.006566,-3.2e-05,0.0,-0.0,-0.007014,0.0,-0.00697,-0.003282,0.0,-0.007772,-0.007591,-0.001614,0.0,-0.001095,-0.0,0.0,-0.004417,0.0,-0.004206,-0.004511,0.0,-0.000906,-0.002926,0.0,-0.007904,-0.001768,0.0,-0.002466,0.0,-0.00016,-0.001803,-0.001735,-0.003356,-0.002476,0.0,0.0,-0.003768,-0.003841,-0.004532,0.0,0.0,-0.000144,0.0,0.0,-0.001161,-0.00372,-0.007916,-0.004335,0.0,-0.000358,-0.006988,-0.000637,-0.003567,0.0,-0.000619,-0.001554,-0.0,0.0,-0.003952,-0.004511,0.0,-3e-05,0.0,-0.002197,0.0,-0.003842,0.0,-0.002166,-0.007916,-2.2e-05,-5.8e-05,-0.004287,0.0,0.0,0.0,-8.2e-05,-0.004271,-0.004547,0.0,-0.003009,-0.003219,-0.00757,-0.007606,0.0,-0.007496,0.0,-0.005649,-0.001664,0.0,-0.00172,-0.007912,-0.004535,-0.005656,-0.005255,-0.007655,-0.001827,-0.000867,-0.000854,0.0,-0.000464,-0.002789,-0.003778,-0.004516
2017-05-28 13:48:00+02:00,0.0,0.0,-0.000237,-0.004494,-0.000178,0.0,-0.000908,-0.001659,-0.004145,-1.4e-05,0.0,0.0,-0.00457,-0.004457,-0.002133,-0.006103,-2.5e-05,0.0,-0.0,-0.006413,0.0,-0.006369,-0.002942,0.0,-0.007291,-0.007095,-0.001433,0.0,-0.000946,-0.0,0.0,-0.004122,0.0,-0.003908,-0.004314,0.0,-0.000725,-0.002603,0.0,-0.00756,-0.001575,0.0,-0.00206,0.0,-0.000128,-0.001548,-0.00156,-0.003038,-0.002258,0.0,0.0,-0.003427,-0.003567,-0.00455,0.0,0.0,-0.000115,0.0,0.0,-0.000929,-0.003382,-0.007457,-0.00397,0.0,-0.000287,-0.006507,-0.000509,-0.003239,0.0,-0.000495,-0.001312,-0.0,0.0,-0.003604,-0.004396,0.0,-2.4e-05,0.0,-0.001908,0.0,-0.003568,0.0,-0.001895,-0.007464,-1.7e-05,-4.6e-05,-0.004254,0.0,0.0,0.0,-6.5e-05,-0.003979,-0.004531,0.0,-0.002774,-0.002891,-0.007091,-0.007126,0.0,-0.006987,0.0,-0.005226,-0.001423,0.0,-0.001529,-0.007935,-0.004538,-0.005223,-0.004853,-0.007171,-0.001631,-0.000728,-0.000683,0.0,-0.000371,-0.002369,-0.003437,-0.004477
2017-05-28 13:49:00+02:00,0.0,0.0,-0.00019,-0.004635,-0.000149,0.0,-0.000959,-0.001711,-0.004242,-1.1e-05,0.0,0.0,-0.004769,-0.004675,-0.0022,-0.006247,-2e-05,0.0,-0.0,-0.006452,0.0,-0.006409,-0.003039,0.0,-0.007462,-0.007253,-0.001484,0.0,-0.00102,-0.0,0.0,-0.004203,0.0,-0.003976,-0.004497,0.0,-0.000826,-0.002698,0.0,-0.007868,-0.001629,0.0,-0.002083,0.0,-0.000102,-0.001681,-0.001633,-0.003054,-0.002322,0.0,0.0,-0.003446,-0.003649,-0.00475,0.0,0.0,-9.2e-05,0.0,0.0,-0.001022,-0.003401,-0.007654,-0.00411,0.0,-0.000229,-0.006652,-0.000559,-0.003256,0.0,-0.000546,-0.001325,-0.0,0.0,-0.003626,-0.004622,0.0,-1.9e-05,0.0,-0.002004,0.0,-0.003649,0.0,-0.002029,-0.007668,-1.4e-05,-3.7e-05,-0.00445,0.0,0.0,0.0,-5.2e-05,-0.004063,-0.004738,0.0,-0.002855,-0.003008,-0.007255,-0.007293,0.0,-0.007113,0.0,-0.005369,-0.001434,0.0,-0.001583,-0.008268,-0.00474,-0.005337,-0.004992,-0.007343,-0.001686,-0.000802,-0.000688,0.0,-0.000401,-0.002393,-0.003575,-0.004687
2017-05-28 13:50:00+02:00,0.0,0.0,-0.000339,-0.005176,-0.000395,0.0,-0.001187,-0.001966,-0.004488,-6.3e-05,0.0,0.0,-0.004937,-0.004859,-0.002504,-0.006843,-1.6e-05,0.0,-0.0,-0.007036,0.0,-0.006992,-0.003502,0.0,-0.007906,-0.007739,-0.001728,0.0,-0.001266,-0.0,0.0,-0.004481,0.0,-0.0043,-0.004712,0.0,-0.001224,-0.003145,0.0,-0.008226,-0.001891,0.0,-0.002488,0.0,-0.000305,-0.002113,-0.001892,-0.003352,-0.002624,0.0,0.0,-0.003769,-0.003995,-0.004919,0.0,0.0,-0.000153,0.0,0.0,-0.001411,-0.003721,-0.008062,-0.004632,0.0,-0.000407,-0.007257,-0.000771,-0.003562,0.0,-0.000765,-0.001561,-0.0,0.0,-0.003959,-0.004812,0.0,-0.000107,0.0,-0.00243,0.0,-0.003992,0.0,-0.002475,-0.008073,-5.6e-05,-2.9e-05,-0.004614,0.0,0.0,0.0,-0.000161,-0.004369,-0.004913,0.0,-0.003172,-0.003506,-0.007711,-0.007751,0.0,-0.007621,0.0,-0.005935,-0.001667,0.0,-0.001842,-0.008551,-0.00491,-0.005917,-0.005541,-0.007805,-0.001948,-0.00104,-0.00089,0.0,-0.000709,-0.002808,-0.004076,-0.004863
2017-05-28 13:51:00+02:00,0.0,0.0,-0.000271,-0.005402,-0.000382,0.0,-0.001253,-0.002052,-0.004678,-5e-05,0.0,0.0,-0.005066,-0.005,-0.002628,-0.007113,-1.3e-05,0.0,-0.0,-0.007292,0.0,-0.007248,-0.003661,0.0,-0.008254,-0.008076,-0.001809,0.0,-0.001347,-0.0,0.0,-0.004697,0.0,-0.004488,-0.004878,0.0,-0.00134,-0.003295,0.0,-0.008504,-0.001979,0.0,-0.002605,0.0,-0.000257,-0.002255,-0.001987,-0.003472,-0.002748,0.0,0.0,-0.003904,-0.00415,-0.005048,0.0,0.0,-0.000123,0.0,0.0,-0.001511,-0.003855,-0.00838,-0.004843,0.0,-0.000347,-0.007539,-0.000824,-0.003689,0.0,-0.000819,-0.001631,-0.0,0.0,-0.004102,-0.004958,0.0,-8.6e-05,0.0,-0.002561,0.0,-0.004145,0.0,-0.002627,-0.00839,-4.5e-05,-2.4e-05,-0.00474,0.0,0.0,0.0,-0.000129,-0.004546,-0.005046,0.0,-0.003306,-0.003698,-0.008058,-0.008102,0.0,-0.007975,0.0,-0.006181,-0.001739,0.0,-0.001928,-0.008769,-0.005041,-0.006177,-0.005774,-0.008162,-0.002037,-0.001114,-0.000934,0.0,-0.000746,-0.002935,-0.004271,-0.004998
2017-05-28 13:52:00+02:00,0.0,0.0,-0.000217,-0.005521,-0.000305,0.0,-0.001249,-0.002069,-0.004865,-4e-05,0.0,0.0,-0.005227,-0.005171,-0.00269,-0.007283,-1e-05,0.0,-0.0,-0.007465,0.0,-0.007422,-0.003694,0.0,-0.008581,-0.00831,-0.001818,0.0,-0.001361,-0.0,0.0,-0.004853,0.0,-0.004618,-0.005069,0.0,-0.001339,-0.003315,0.0,-0.008827,-0.001992,0.0,-0.002623,0.0,-0.000206,-0.002278,-0.00202,-0.003545,-0.002813,0.0,0.0,-0.003991,-0.004247,-0.005209,0.0,0.0,-9.8e-05,0.0,0.0,-0.001482,-0.003941,-0.008738,-0.004946,0.0,-0.000278,-0.007723,-0.000807,-0.00377,0.0,-0.000799,-0.001644,-0.0,0.0,-0.004197,-0.005133,0.0,-6.9e-05,0.0,-0.002563,0.0,-0.004242,0.0,-0.002662,-0.008746,-3.6e-05,-1.9e-05,-0.004895,0.0,0.0,0.0,-0.000103,-0.004664,-0.005211,0.0,-0.003379,-0.003779,-0.008298,-0.008346,0.0,-0.008225,0.0,-0.006324,-0.001756,0.0,-0.001939,-0.009045,-0.005203,-0.006334,-0.005902,-0.008412,-0.002052,-0.001122,-0.000921,0.0,-0.000659,-0.002964,-0.004355,-0.005164
2017-05-28 13:53:00+02:00,0.0,0.0,-0.000173,-0.005693,-0.000267,0.0,-0.001292,-0.002132,-0.00497,-3.2e-05,0.0,0.0,-0.005289,-0.005242,-0.00276,-0.007496,-8e-06,0.0,-0.0,-0.007664,0.0,-0.00762,-0.003812,0.0,-0.008779,-0.008561,-0.001876,0.0,-0.001415,-0.0,0.0,-0.004985,0.0,-0.00474,-0.005156,0.0,-0.00138,-0.003425,0.0,-0.00897,-0.002056,0.0,-0.002703,0.0,-0.000165,-0.002374,-0.002088,-0.003636,-0.002884,0.0,0.0,-0.004095,-0.00437,-0.005272,0.0,0.0,-7.8e-05,0.0,0.0,-0.001537,-0.004044,-0.008906,-0.005104,0.0,-0.000222,-0.007947,-0.000836,-0.003866,0.0,-0.000828,-0.001692,-0.0,0.0,-0.004309,-0.005207,0.0,-5.5e-05,0.0,-0.002652,0.0,-0.004363,0.0,-0.002767,-0.008913,-2.9e-05,-1.5e-05,-0.004954,0.0,0.0,0.0,-8.2e-05,-0.004805,-0.005276,0.0,-0.003483,-0.003882,-0.008523,-0.00857,0.0,-0.008456,0.0,-0.006514,-0.001805,0.0,-0.002002,-0.009149,-0.005265,-0.006495,-0.006082,-0.008638,-0.002117,-0.001171,-0.000947,0.0,-0.000668,-0.003051,-0.004499,-0.00523
2017-05-28 13:54:00+02:00,0.0,0.0,-0.000139,-0.005455,-0.000214,0.0,-0.001188,-0.002016,-0.004843,-2.6e-05,0.0,0.0,-0.005089,-0.00508,-0.002624,-0.007233,-7e-06,0.0,-0.0,-0.007406,0.0,-0.00736,-0.003607,0.0,-0.00856,-0.008306,-0.001764,0.0,-0.001304,-0.0,0.0,-0.004834,0.0,-0.00458,-0.005059,0.0,-0.00119,-0.003227,0.0,-0.008803,-0.001938,0.0,-0.0025,0.0,-0.000132,-0.002181,-0.00197,-0.003494,-0.002745,0.0,0.0,-0.003946,-0.004214,-0.00508,0.0,0.0,-6.3e-05,0.0,0.0,-0.001357,-0.003895,-0.008723,-0.004874,0.0,-0.000178,-0.007678,-0.000737,-0.003721,0.0,-0.000724,-0.001572,-0.0,0.0,-0.004158,-0.005059,0.0,-4.4e-05,0.0,-0.002463,0.0,-0.004208,0.0,-0.002568,-0.008738,-2.3e-05,-1.2e-05,-0.004765,0.0,0.0,0.0,-6.6e-05,-0.004649,-0.005089,0.0,-0.003342,-0.003659,-0.008288,-0.008334,0.0,-0.008191,0.0,-0.006264,-0.001686,0.0,-0.001885,-0.008819,-0.005072,-0.006241,-0.005842,-0.008398,-0.001998,-0.001063,-0.000836,0.0,-0.000534,-0.002844,-0.004278,-0.005048
2017-05-28 13:55:00+02:00,0.0,0.0,-0.000111,-0.00507,-0.000171,0.0,-0.001057,-0.001854,-0.004575,-2.1e-05,0.0,0.0,-0.004806,-0.004798,-0.00241,-0.006781,-5e-06,0.0,-0.0,-0.006935,0.0,-0.006888,-0.00332,0.0,-0.008093,-0.007829,-0.001613,0.0,-0.00115,-0.0,0.0,-0.004547,0.0,-0.004296,-0.004779,0.0,-0.000952,-0.002957,0.0,-0.008343,-0.001777,0.0,-0.002197,0.0,-0.000105,-0.001915,-0.001794,-0.003247,-0.002528,0.0,0.0,-0.00368,-0.003948,-0.004798,0.0,0.0,-5e-05,0.0,0.0,-0.001142,-0.003632,-0.008273,-0.00451,0.0,-0.000142,-0.00721,-0.00062,-0.003467,0.0,-0.000602,-0.001392,-0.0,0.0,-0.003886,-0.004779,0.0,-3.5e-05,0.0,-0.002215,0.0,-0.003942,0.0,-0.002288,-0.008293,-1.8e-05,-1e-05,-0.004498,0.0,0.0,0.0,-5.3e-05,-0.00437,-0.004806,0.0,-0.00311,-0.003323,-0.007828,-0.007871,0.0,-0.007702,0.0,-0.005849,-0.001506,0.0,-0.001726,-0.008355,-0.00479,-0.005814,-0.005445,-0.00793,-0.001834,-0.000918,-0.000683,0.0,-0.000428,-0.00253,-0.003936,-0.004766
2017-05-28 13:56:00+02:00,0.0,0.0,-8.9e-05,-0.004737,-0.000137,0.0,-0.000962,-0.001727,-0.004302,-1.6e-05,0.0,0.0,-0.004725,-0.004716,-0.00222,-0.006376,-4e-06,0.0,-0.0,-0.006484,0.0,-0.006437,-0.003096,0.0,-0.007619,-0.007392,-0.001498,0.0,-0.001032,-0.0,0.0,-0.004266,0.0,-0.004022,-0.004574,0.0,-0.000765,-0.002751,0.0,-0.007992,-0.001653,0.0,-0.001948,0.0,-8.4e-05,-0.001714,-0.001651,-0.003017,-0.002333,0.0,0.0,-0.003428,-0.003709,-0.004719,0.0,0.0,-4e-05,0.0,0.0,-0.000998,-0.003382,-0.007822,-0.0042,0.0,-0.000114,-0.006786,-0.00054,-0.003226,0.0,-0.00052,-0.001242,-0.0,0.0,-0.003627,-0.004657,0.0,-2.8e-05,0.0,-0.002035,0.0,-0.003703,0.0,-0.00207,-0.007846,-1.5e-05,-8e-06,-0.00442,0.0,0.0,0.0,-4.2e-05,-0.004116,-0.004725,0.0,-0.002909,-0.003034,-0.007405,-0.007445,0.0,-0.007225,0.0,-0.005483,-0.001354,0.0,-0.001604,-0.008221,-0.004708,-0.005418,-0.005098,-0.007499,-0.001707,-0.000811,-0.000565,0.0,-0.000342,-0.002266,-0.003651,-0.004685
2017-05-28 13:57:00+02:00,0.0,0.0,-7.1e-05,-0.004529,-0.00011,0.0,-0.00092,-0.001663,-0.004119,-1.3e-05,0.0,0.0,-0.004762,-0.004702,-0.002108,-0.006117,-3e-06,0.0,-0.0,-0.006215,0.0,-0.006169,-0.002985,0.0,-0.007302,-0.007112,-0.001442,0.0,-0.000968,-0.0,0.0,-0.004081,0.0,-0.003845,-0.004458,0.0,-0.000676,-0.002653,0.0,-0.00779,-0.001593,0.0,-0.001821,0.0,-6.7e-05,-0.001605,-0.001566,-0.002881,-0.002216,0.0,0.0,-0.00328,-0.003557,-0.004756,0.0,0.0,-3.2e-05,0.0,0.0,-0.000942,-0.003235,-0.007539,-0.00401,0.0,-9.1e-05,-0.006514,-0.000509,-0.003084,0.0,-0.000489,-0.001165,-0.0,0.0,-0.003475,-0.00461,0.0,-2.2e-05,0.0,-0.001954,0.0,-0.003551,0.0,-0.001948,-0.007566,-1.2e-05,-6e-06,-0.004447,0.0,0.0,0.0,-3.4e-05,-0.003954,-0.004762,0.0,-0.002783,-0.002868,-0.007134,-0.007172,0.0,-0.006912,0.0,-0.005251,-0.001273,0.0,-0.001546,-0.008278,-0.004745,-0.00517,-0.004879,-0.007223,-0.001645,-0.000754,-0.00051,0.0,-0.000274,-0.002129,-0.003478,-0.00471
2017-05-28 13:58:00+02:00,0.0,0.0,-5.7e-05,-0.004585,-0.000123,0.0,-0.000974,-0.001712,-0.004129,-1.1e-05,0.0,0.0,-0.004841,-0.004792,-0.002141,-0.006159,-3e-06,0.0,-0.0,-0.006266,0.0,-0.006221,-0.003076,0.0,-0.007323,-0.007156,-0.001492,0.0,-0.001015,-0.0,0.0,-0.00409,0.0,-0.003857,-0.004536,0.0,-0.000762,-0.002748,0.0,-0.007918,-0.001647,0.0,-0.001904,0.0,-5.4e-05,-0.001691,-0.001604,-0.002912,-0.002243,0.0,0.0,-0.003313,-0.003583,-0.004835,0.0,0.0,-2.6e-05,0.0,0.0,-0.001046,-0.003268,-0.007591,-0.004071,0.0,-7.3e-05,-0.006553,-0.000565,-0.003113,0.0,-0.000549,-0.001212,-0.0,0.0,-0.003508,-0.004714,0.0,-1.8e-05,0.0,-0.002053,0.0,-0.003576,0.0,-0.00203,-0.007622,-9e-06,-5e-06,-0.004518,0.0,0.0,0.0,-2.7e-05,-0.003979,-0.004841,0.0,-0.002815,-0.002932,-0.007181,-0.00722,0.0,-0.006925,0.0,-0.0053,-0.001316,0.0,-0.001599,-0.008404,-0.004823,-0.005204,-0.004931,-0.007272,-0.001698,-0.000804,-0.00056,0.0,-0.000347,-0.002209,-0.003545,-0.00479
2017-05-28 13:59:00+02:00,0.0,0.0,-6.6e-05,-0.004786,-0.000227,0.0,-0.001086,-0.001833,-0.004262,-8e-06,0.0,0.0,-0.004937,-0.004898,-0.002258,-0.006372,-2e-06,0.0,-0.0,-0.006506,0.0,-0.006462,-0.003297,0.0,-0.007558,-0.007386,-0.00161,0.0,-0.001116,-0.0,0.0,-0.004223,0.0,-0.003988,-0.004689,0.0,-0.000935,-0.002964,0.0,-0.008163,-0.001775,0.0,-0.002096,0.0,-0.000125,-0.001869,-0.001704,-0.003038,-0.002356,0.0,0.0,-0.003452,-0.00371,-0.004932,0.0,0.0,-2.1e-05,0.0,0.0,-0.001246,-0.003406,-0.007859,-0.004267,0.0,-0.000111,-0.00677,-0.000673,-0.003242,0.0,-0.000663,-0.001324,-0.0,0.0,-0.003651,-0.004831,0.0,-1.4e-05,0.0,-0.002262,0.0,-0.003702,0.0,-0.002211,-0.007894,-8e-06,-4e-06,-0.004605,0.0,0.0,0.0,-6e-05,-0.004112,-0.004937,0.0,-0.002935,-0.003125,-0.007411,-0.007452,0.0,-0.007145,0.0,-0.005506,-0.001424,0.0,-0.001725,-0.008557,-0.00492,-0.00541,-0.005131,-0.007507,-0.001825,-0.000903,-0.000662,0.0,-0.000506,-0.002404,-0.003736,-0.004888
2017-05-28 14:00:00+02:00,0.0,0.0,-5.3e-05,-0.004956,-0.000279,0.0,-0.001163,-0.00192,-0.004391,-7e-06,0.0,0.0,-0.005014,-0.004982,-0.002357,-0.006565,-2e-06,0.0,-0.0,-0.006711,0.0,-0.006668,-0.003454,0.0,-0.007785,-0.007598,-0.001692,0.0,-0.001191,-0.0,0.0,-0.004351,0.0,-0.004112,-0.004811,0.0,-0.001058,-0.003115,0.0,-0.008356,-0.001866,0.0,-0.002237,0.0,-0.000149,-0.002001,-0.001784,-0.003144,-0.002452,0.0,0.0,-0.003571,-0.003827,-0.00501,0.0,0.0,-1.6e-05,0.0,0.0,-0.001382,-0.003523,-0.008109,-0.004431,0.0,-0.000113,-0.006969,-0.000746,-0.003351,0.0,-0.00074,-0.001407,-0.0,0.0,-0.003774,-0.004925,0.0,-1.2e-05,0.0,-0.002407,0.0,-0.003817,0.0,-0.002348,-0.008146,-6e-06,-3e-06,-0.004673,0.0,0.0,0.0,-6.8e-05,-0.004235,-0.005014,0.0,-0.003039,-0.00328,-0.007622,-0.007665,0.0,-0.007353,0.0,-0.005686,-0.001505,0.0,-0.001814,-0.008676,-0.004996,-0.005591,-0.005303,-0.007724,-0.001916,-0.000976,-0.000734,0.0,-0.000604,-0.002549,-0.003892,-0.004965
2017-05-28 14:01:00+02:00,0.0,0.0,-4.2e-05,-0.004966,-0.000238,0.0,-0.001189,-0.001958,-0.004464,-5e-06,0.0,0.0,-0.005106,-0.00508,-0.002397,-0.006601,-1e-06,0.0,-0.0,-0.006861,0.0,-0.006819,-0.003523,0.0,-0.007914,-0.007656,-0.001726,0.0,-0.001174,-0.0,0.0,-0.004423,0.0,-0.00418,-0.004939,0.0,-0.001078,-0.003178,0.0,-0.008561,-0.001905,0.0,-0.002314,0.0,-0.000119,-0.001968,-0.001775,-0.003218,-0.002492,0.0,0.0,-0.003656,-0.003852,-0.005102,0.0,0.0,-1.3e-05,0.0,0.0,-0.00142,-0.003607,-0.008263,-0.004433,0.0,-9.1e-05,-0.007014,-0.000766,-0.003428,0.0,-0.000761,-0.001454,-0.0,0.0,-0.003864,-0.00503,0.0,-9e-06,0.0,-0.002459,0.0,-0.003842,0.0,-0.00232,-0.008305,-5e-06,-3e-06,-0.004754,0.0,0.0,0.0,-5.5e-05,-0.004268,-0.005106,0.0,-0.003051,-0.003334,-0.00768,-0.007725,0.0,-0.007466,0.0,-0.005707,-0.001552,0.0,-0.001853,-0.008822,-0.005087,-0.005677,-0.005316,-0.007787,-0.001956,-0.000957,-0.000768,0.0,-0.000604,-0.00263,-0.003886,-0.005056
2017-05-28 14:02:00+02:00,0.0,0.0,-3.4e-05,-0.005042,-0.000231,0.0,-0.001228,-0.002011,-0.00457,-4e-06,0.0,0.0,-0.005181,-0.005161,-0.002463,-0.006707,-1e-06,0.0,-0.0,-0.007057,0.0,-0.007016,-0.003621,0.0,-0.008102,-0.007783,-0.001775,0.0,-0.001186,-0.0,0.0,-0.004529,0.0,-0.004281,-0.005044,0.0,-0.001129,-0.003267,0.0,-0.008727,-0.00196,0.0,-0.002426,0.0,-9.5e-05,-0.001988,-0.001798,-0.003316,-0.002557,0.0,0.0,-0.003768,-0.003917,-0.005179,0.0,0.0,-1.1e-05,0.0,0.0,-0.001483,-0.003717,-0.008472,-0.004499,0.0,-8.4e-05,-0.007127,-0.0008,-0.003531,0.0,-0.000797,-0.001522,-0.0,0.0,-0.003981,-0.005117,0.0,-7e-06,0.0,-0.002537,0.0,-0.003906,0.0,-0.002346,-0.008516,-4e-06,-2e-06,-0.00482,0.0,0.0,0.0,-4.4e-05,-0.004342,-0.005181,0.0,-0.003102,-0.003428,-0.007805,-0.007851,0.0,-0.007636,0.0,-0.005797,-0.001619,0.0,-0.001906,-0.008941,-0.005162,-0.005811,-0.005397,-0.007917,-0.002012,-0.000966,-0.000821,0.0,-0.000633,-0.002749,-0.003941,-0.005132
2017-05-28 14:03:00+02:00,0.0,0.0,-2.7e-05,-0.005125,-0.000185,0.0,-0.001251,-0.002057,-0.004696,-3e-06,0.0,0.0,-0.005323,-0.005308,-0.002523,-0.006835,-1e-06,0.0,-0.0,-0.007285,0.0,-0.007247,-0.003702,0.0,-0.008323,-0.00794,-0.001812,0.0,-0.001183,-0.0,0.0,-0.004652,0.0,-0.004397,-0.00521,0.0,-0.001134,-0.003332,0.0,-0.008997,-0.002003,0.0,-0.002512,0.0,-7.6e-05,-0.001978,-0.001814,-0.003426,-0.002619,0.0,0.0,-0.003895,-0.003995,-0.005322,0.0,0.0,-8e-06,0.0,0.0,-0.001505,-0.003842,-0.008715,-0.004565,0.0,-6.7e-05,-0.007267,-0.000812,-0.003648,0.0,-0.000808,-0.001576,-0.0,0.0,-0.004115,-0.005269,0.0,-6e-06,0.0,-0.002585,0.0,-0.003985,0.0,-0.002347,-0.008764,-3e-06,-2e-06,-0.00495,0.0,0.0,0.0,-3.5e-05,-0.004432,-0.005323,0.0,-0.003157,-0.003502,-0.007954,-0.008004,0.0,-0.007833,0.0,-0.005901,-0.001675,0.0,-0.001948,-0.009176,-0.005304,-0.005949,-0.005485,-0.008077,-0.002057,-0.000958,-0.000852,0.0,-0.000613,-0.002844,-0.003989,-0.005273
2017-05-28 14:04:00+02:00,0.0,0.0,-5.3e-05,-0.005343,-0.000215,0.0,-0.001324,-0.002158,-0.004866,-3e-06,0.0,0.0,-0.005405,-0.005393,-0.00264,-0.007109,-1e-06,0.0,-0.0,-0.007653,0.0,-0.007618,-0.003885,0.0,-0.008625,-0.00825,-0.001903,0.0,-0.001249,-0.0,0.0,-0.004841,0.0,-0.004577,-0.005311,0.0,-0.001223,-0.003497,0.0,-0.009152,-0.002105,0.0,-0.002718,0.0,-7.1e-05,-0.002088,-0.001899,-0.003612,-0.002735,0.0,0.0,-0.004104,-0.004161,-0.005405,0.0,0.0,-7e-06,0.0,0.0,-0.001613,-0.004049,-0.008938,-0.004765,0.0,-0.000124,-0.007554,-0.000871,-0.003841,0.0,-0.00087,-0.001701,-0.0,0.0,-0.004334,-0.005358,0.0,-5e-06,0.0,-0.002727,0.0,-0.004149,0.0,-0.002471,-0.00898,-2e-06,-1e-06,-0.00502,0.0,0.0,0.0,-2.8e-05,-0.004613,-0.005405,0.0,-0.003296,-0.003669,-0.008257,-0.008311,0.0,-0.008136,0.0,-0.006144,-0.001799,0.0,-0.002047,-0.009302,-0.005385,-0.006188,-0.005711,-0.00839,-0.002162,-0.001016,-0.000948,0.0,-0.000679,-0.00306,-0.004167,-0.005354
2017-05-28 14:05:00+02:00,0.0,0.0,-4.2e-05,-0.005282,-0.000172,0.0,-0.001269,-0.002113,-0.004874,-2e-06,0.0,0.0,-0.005439,-0.005431,-0.002604,-0.007068,-1e-06,0.0,-0.0,-0.007647,0.0,-0.007612,-0.003801,0.0,-0.00863,-0.008225,-0.001854,0.0,-0.001192,-0.0,0.0,-0.004839,0.0,-0.004569,-0.005362,0.0,-0.001115,-0.003407,0.0,-0.009219,-0.002057,0.0,-0.002656,0.0,-5.7e-05,-0.001985,-0.001853,-0.003603,-0.002699,0.0,0.0,-0.004102,-0.004144,-0.00544,0.0,0.0,-5e-06,0.0,0.0,-0.001502,-0.004046,-0.008957,-0.004695,0.0,-9.9e-05,-0.007519,-0.000811,-0.003835,0.0,-0.000806,-0.001669,-0.0,0.0,-0.004337,-0.005399,0.0,-4e-06,0.0,-0.002629,0.0,-0.004131,0.0,-0.002373,-0.009003,-2e-06,-1e-06,-0.005045,0.0,0.0,0.0,-2.2e-05,-0.004602,-0.005439,0.0,-0.003267,-0.003589,-0.008232,-0.008286,0.0,-0.008116,0.0,-0.006092,-0.001769,0.0,-0.001998,-0.009345,-0.005419,-0.006137,-0.005653,-0.008367,-0.002115,-0.000956,-0.000906,0.0,-0.000548,-0.003002,-0.004091,-0.005388
2017-05-28 14:06:00+02:00,0.0,0.0,-3.4e-05,-0.005096,-0.000138,0.0,-0.001176,-0.002021,-0.004764,-2e-06,0.0,0.0,-0.005466,-0.005461,-0.002491,-0.006889,-0.0,0.0,-0.0,-0.007493,0.0,-0.007458,-0.003633,0.0,-0.00843,-0.008053,-0.001763,0.0,-0.001084,-0.0,0.0,-0.004726,0.0,-0.004457,-0.005321,0.0,-0.000918,-0.003238,0.0,-0.009137,-0.001962,0.0,-0.002499,0.0,-4.6e-05,-0.001793,-0.001751,-0.003519,-0.002588,0.0,0.0,-0.004019,-0.004046,-0.005468,0.0,0.0,-4e-06,0.0,0.0,-0.001328,-0.003963,-0.008782,-0.004509,0.0,-7.9e-05,-0.007343,-0.000716,-0.003751,0.0,-0.000706,-0.001581,-0.0,0.0,-0.004255,-0.005431,0.0,-3e-06,0.0,-0.002458,0.0,-0.004034,0.0,-0.002181,-0.008831,-2e-06,-1e-06,-0.005061,0.0,0.0,0.0,-1.8e-05,-0.004508,-0.005466,0.0,-0.003166,-0.003388,-0.008062,-0.008116,0.0,-0.00791,0.0,-0.005909,-0.001684,0.0,-0.001903,-0.009374,-0.005445,-0.005935,-0.005469,-0.008198,-0.00202,-0.000848,-0.000816,0.0,-0.000438,-0.002847,-0.003903,-0.005414
2017-05-28 14:07:00+02:00,0.0,0.0,-2.7e-05,-0.00504,-0.00011,0.0,-0.001149,-0.001998,-0.004748,-1e-06,0.0,0.0,-0.005487,-0.005484,-0.002458,-0.006834,-0.0,0.0,-0.0,-0.007435,0.0,-0.007402,-0.00359,0.0,-0.008392,-0.008002,-0.001739,0.0,-0.001053,-0.0,0.0,-0.004705,0.0,-0.004432,-0.005346,0.0,-0.000851,-0.003194,0.0,-0.009165,-0.00194,0.0,-0.002444,0.0,-3.6e-05,-0.001735,-0.00172,-0.00349,-0.002553,0.0,0.0,-0.003994,-0.004021,-0.00549,0.0,0.0,-3e-06,0.0,0.0,-0.001275,-0.003937,-0.008738,-0.004452,0.0,-6.3e-05,-0.007289,-0.000688,-0.003722,0.0,-0.000677,-0.001551,-0.0,0.0,-0.00423,-0.005457,0.0,-2e-06,0.0,-0.00241,0.0,-0.004008,0.0,-0.002123,-0.00879,-1e-06,-1e-06,-0.005072,0.0,0.0,0.0,-1.4e-05,-0.004485,-0.005487,0.0,-0.003139,-0.003322,-0.008009,-0.008063,0.0,-0.007854,0.0,-0.005853,-0.001654,0.0,-0.00188,-0.009391,-0.005466,-0.005869,-0.005411,-0.008147,-0.001998,-0.000816,-0.000784,0.0,-0.000363,-0.002791,-0.003845,-0.005434
2017-05-28 14:08:00+02:00,0.0,0.0,-2.2e-05,-0.005064,-8.8e-05,0.0,-0.00116,-0.002017,-0.004792,-1e-06,0.0,0.0,-0.005534,-0.005533,-0.002476,-0.006867,-0.0,0.0,-0.0,-0.007464,0.0,-0.007433,-0.003624,0.0,-0.008461,-0.008043,-0.001755,0.0,-0.001055,-0.0,0.0,-0.004745,0.0,-0.00447,-0.005419,0.0,-0.000847,-0.003222,0.0,-0.009266,-0.001961,0.0,-0.002447,0.0,-2.9e-05,-0.001735,-0.001725,-0.003506,-0.002569,0.0,0.0,-0.004016,-0.004047,-0.005538,0.0,0.0,-3e-06,0.0,0.0,-0.001287,-0.003958,-0.008812,-0.004472,0.0,-5.1e-05,-0.007324,-0.000694,-0.003739,0.0,-0.000684,-0.001556,-0.0,0.0,-0.004255,-0.005508,0.0,-2e-06,0.0,-0.002431,0.0,-0.004034,0.0,-0.002127,-0.008867,-1e-06,-1e-06,-0.005108,0.0,0.0,0.0,-1.1e-05,-0.004515,-0.005534,0.0,-0.00316,-0.003337,-0.008044,-0.008101,0.0,-0.007905,0.0,-0.005881,-0.001658,0.0,-0.0019,-0.009455,-0.005512,-0.0059,-0.005433,-0.008188,-0.00202,-0.000816,-0.000783,0.0,-0.000352,-0.002796,-0.00386,-0.005479
2017-05-28 14:09:00+02:00,0.0,0.0,-1.7e-05,-0.005136,-7e-05,0.0,-0.001192,-0.002057,-0.004864,-1e-06,0.0,0.0,-0.005548,-0.00555,-0.002524,-0.006946,-0.0,0.0,-0.0,-0.007557,0.0,-0.007529,-0.003694,0.0,-0.008579,-0.00813,-0.001792,0.0,-0.001084,-0.0,0.0,-0.004816,0.0,-0.004538,-0.005456,0.0,-0.000894,-0.003287,0.0,-0.009303,-0.002004,0.0,-0.002512,0.0,-2.3e-05,-0.001785,-0.001757,-0.003556,-0.002614,0.0,0.0,-0.004077,-0.004102,-0.005554,0.0,0.0,-2e-06,0.0,0.0,-0.001339,-0.004018,-0.008935,-0.004539,0.0,-4.1e-05,-0.007406,-0.000723,-0.003792,0.0,-0.000715,-0.001597,-0.0,0.0,-0.00432,-0.005526,0.0,-2e-06,0.0,-0.002491,0.0,-0.004087,0.0,-0.00218,-0.008993,-1e-06,-0.0,-0.005113,0.0,0.0,0.0,-9e-06,-0.004573,-0.005548,0.0,-0.003209,-0.003403,-0.008127,-0.008184,0.0,-0.008007,0.0,-0.005956,-0.001696,0.0,-0.001942,-0.009462,-0.005527,-0.005982,-0.005504,-0.008275,-0.002063,-0.000844,-0.000816,0.0,-0.000384,-0.002863,-0.003922,-0.005493
2017-05-28 14:10:00+02:00,0.0,0.0,-1.4e-05,-0.004779,-5.6e-05,0.0,-0.001099,-0.001907,-0.003621,-1e-06,0.0,0.0,-0.003763,-0.00377,-0.002342,-0.006477,-0.0,0.0,-0.0,-0.006524,0.0,-0.006535,-0.003433,0.0,-0.006537,-0.006531,-0.00166,0.0,-0.000995,-0.0,0.0,-0.003747,0.0,-0.00377,-0.00376,0.0,-0.000806,-0.003057,0.0,-0.006524,-0.001858,0.0,-0.002321,0.0,-1.9e-05,-0.001639,-0.001625,-0.003307,-0.002425,0.0,0.0,-0.003747,-0.003763,-0.00377,0.0,0.0,-2e-06,0.0,0.0,-0.001225,-0.00372,-0.006535,-0.004219,0.0,-3.3e-05,-0.006531,-0.00066,-0.003527,0.0,-0.000651,-0.001474,-0.0,0.0,-0.00377,-0.00376,0.0,-1e-06,0.0,-0.002308,0.0,-0.00372,0.0,-0.002009,-0.006538,-1e-06,-0.0,-0.003465,0.0,0.0,0.0,-7e-06,-0.003747,-0.003763,0.0,-0.002982,-0.003157,-0.006484,-0.006498,0.0,-0.006524,0.0,-0.005548,-0.001568,0.0,-0.001799,-0.006531,-0.003747,-0.005583,-0.00513,-0.006524,-0.001912,-0.00077,-0.000745,0.0,-0.000323,-0.002652,-0.003643,-0.00372
2017-05-28 14:11:00+02:00,0.0,0.0,-1.1e-05,-0.003875,-4.5e-05,0.0,-0.000879,-0.001526,-0.003122,-1e-06,0.0,0.0,-0.003438,-0.003385,-0.0019,-0.005385,-0.0,0.0,-0.0,-0.005466,0.0,-0.005468,-0.002747,0.0,-0.005638,-0.005527,-0.001328,0.0,-0.000796,-0.0,0.0,-0.003214,0.0,-0.00321,-0.003303,0.0,-0.000644,-0.002446,0.0,-0.005741,-0.001486,0.0,-0.001857,0.0,-1.5e-05,-0.001312,-0.0013,-0.002725,-0.00198,0.0,0.0,-0.003108,-0.003129,-0.003441,0.0,0.0,-1e-06,0.0,0.0,-0.00098,-0.003083,-0.005681,-0.003379,0.0,-2.6e-05,-0.005467,-0.000528,-0.00292,0.0,-0.000521,-0.001179,-0.0,0.0,-0.003146,-0.003352,0.0,-1e-06,0.0,-0.001847,0.0,-0.003095,0.0,-0.001607,-0.005688,-1e-06,-0.0,-0.003137,0.0,0.0,0.0,-6e-06,-0.003154,-0.003415,0.0,-0.002433,-0.002526,-0.0055,-0.005513,0.0,-0.005584,0.0,-0.004559,-0.001255,0.0,-0.001439,-0.00597,-0.003411,-0.004664,-0.004192,-0.005536,-0.00153,-0.000616,-0.000596,0.0,-0.000258,-0.002121,-0.002915,-0.003362
2017-05-28 14:12:00+02:00,0.0,0.0,-9e-06,-0.003243,-3.6e-05,0.0,-0.000703,-0.001248,-0.002776,-0.0,0.0,0.0,-0.00326,-0.003154,-0.001598,-0.004616,-0.0,0.0,-0.0,-0.004725,0.0,-0.004721,-0.002246,0.0,-0.005013,-0.004838,-0.001071,0.0,-0.000637,-0.0,0.0,-0.002847,0.0,-0.002823,-0.003009,0.0,-0.000516,-0.001973,0.0,-0.005231,-0.001204,0.0,-0.001486,0.0,-1.2e-05,-0.001049,-0.00104,-0.002313,-0.001675,0.0,0.0,-0.002657,-0.002683,-0.003261,0.0,0.0,-1e-06,0.0,0.0,-0.000784,-0.002632,-0.00511,-0.002791,0.0,-2.1e-05,-0.004723,-0.000422,-0.00249,0.0,-0.000417,-0.000944,-0.0,0.0,-0.002709,-0.003101,0.0,-1e-06,0.0,-0.001477,0.0,-0.002656,0.0,-0.001286,-0.00512,-0.0,-0.0,-0.002943,0.0,0.0,0.0,-5e-06,-0.002747,-0.003216,0.0,-0.002047,-0.002073,-0.004828,-0.004841,0.0,-0.004932,0.0,-0.003864,-0.001004,0.0,-0.001163,-0.00565,-0.003223,-0.004025,-0.003534,-0.004861,-0.001245,-0.000493,-0.000477,0.0,-0.000207,-0.001697,-0.002366,-0.003153
2017-05-28 14:13:00+02:00,0.0,0.0,-2.8e-05,-0.003388,-0.000118,0.0,-0.000787,-0.001342,-0.002981,-0.0,0.0,0.0,-0.003657,-0.003558,-0.001742,-0.004731,-0.0,0.0,-0.0,-0.004902,0.0,-0.004895,-0.002417,0.0,-0.00536,-0.00507,-0.001162,0.0,-0.00071,-0.0,0.0,-0.003048,0.0,-0.002997,-0.003317,0.0,-0.000719,-0.002143,0.0,-0.005728,-0.001305,0.0,-0.001617,0.0,-6.3e-05,-0.001177,-0.00112,-0.002381,-0.001807,0.0,0.0,-0.002737,-0.002763,-0.00366,0.0,0.0,-1e-06,0.0,0.0,-0.000927,-0.002707,-0.005527,-0.002946,0.0,-6.1e-05,-0.004878,-0.000499,-0.002556,0.0,-0.000499,-0.001023,-0.0,0.0,-0.002814,-0.003474,0.0,-1e-06,0.0,-0.001638,0.0,-0.002737,0.0,-0.00142,-0.005545,-0.0,-0.0,-0.003309,0.0,0.0,0.0,-2.9e-05,-0.002877,-0.003622,0.0,-0.002134,-0.002317,-0.005063,-0.005081,0.0,-0.005228,0.0,-0.003997,-0.00108,0.0,-0.001263,-0.006297,-0.003623,-0.004233,-0.003671,-0.00511,-0.001346,-0.000564,-0.000544,0.0,-0.000329,-0.001833,-0.002521,-0.003558
2017-05-28 14:14:00+02:00,0.0,0.0,-0.000527,-0.004272,-0.000645,-8.6e-05,-0.001154,-0.00176,-0.003392,-0.000225,0.0,0.0,-0.003978,-0.003902,-0.002279,-0.005566,-0.000284,0.0,-0.000147,-0.005697,0.0,-0.005702,-0.003176,0.0,-0.006077,-0.005838,-0.00156,0.0,-0.001118,-0.000133,0.0,-0.003486,0.0,-0.003453,-0.003706,0.0,-0.001428,-0.002875,0.0,-0.006357,-0.001743,0.0,-0.00235,0.0,-0.000555,-0.001891,-0.001548,-0.002878,-0.002325,0.0,-1.8e-05,-0.003237,-0.003263,-0.003983,0.0,0.0,-0.000403,0.0,0.0,-0.001562,-0.003205,-0.006208,-0.003809,0.0,-0.000585,-0.005684,-0.00084,-0.003029,0.0,-0.000863,-0.001458,-0.00017,-3.2e-05,-0.003307,-0.003832,0.0,-0.000382,0.0,-0.002333,0.0,-0.003229,0.0,-0.002159,-0.006226,-0.000351,-0.00033,-0.003604,0.0,-1.2e-05,0.0,-0.000308,-0.003349,-0.00395,0.0,-0.002666,-0.003183,-0.0058,-0.005823,0.0,-0.005957,-5.9e-05,-0.004907,-0.001501,0.0,-0.001692,-0.006819,-0.003946,-0.005145,-0.004557,-0.005863,-0.001785,-0.000958,-0.000929,0.0,-0.000907,-0.002583,-0.003354,-0.003886
2017-05-28 14:15:00+02:00,0.0,0.0,-0.000583,-0.004577,-0.000713,-6.9e-05,-0.001247,-0.00188,-0.003679,-0.000208,0.0,0.0,-0.004192,-0.004134,-0.002469,-0.005925,-0.000227,0.0,-0.000117,-0.006112,0.0,-0.006111,-0.003396,0.0,-0.006577,-0.00635,-0.001672,0.0,-0.001235,-0.000106,0.0,-0.003794,0.0,-0.003765,-0.003975,0.0,-0.001628,-0.003085,0.0,-0.006789,-0.001869,0.0,-0.002563,0.0,-0.000598,-0.002093,-0.001685,-0.003049,-0.002507,0.0,-1.5e-05,-0.003444,-0.003485,-0.004199,0.0,0.0,-0.000393,0.0,0.0,-0.001706,-0.003406,-0.006679,-0.004102,0.0,-0.00066,-0.006099,-0.000917,-0.003211,0.0,-0.000945,-0.001588,-0.000136,-2.6e-05,-0.003546,-0.004076,0.0,-0.000354,0.0,-0.002518,0.0,-0.003451,0.0,-0.002376,-0.006696,-0.000288,-0.000264,-0.003799,0.0,-9e-06,0.0,-0.000328,-0.003636,-0.00417,0.0,-0.002854,-0.003479,-0.006319,-0.006347,0.0,-0.006469,-4.8e-05,-0.005226,-0.001629,0.0,-0.001816,-0.007164,-0.004161,-0.0055,-0.004867,-0.006394,-0.001913,-0.001066,-0.001029,0.0,-0.001014,-0.00281,-0.003631,-0.004105
2017-05-28 14:16:00+02:00,0.0,0.0,-0.000539,-0.00451,-0.000607,-5.5e-05,-0.001208,-0.001853,-0.003734,-0.000167,0.0,0.0,-0.004362,-0.004318,-0.002429,-0.00586,-0.000182,0.0,-9.4e-05,-0.006148,0.0,-0.006151,-0.003347,0.0,-0.006662,-0.006367,-0.001643,0.0,-0.001186,-8.5e-05,0.0,-0.003827,0.0,-0.003776,-0.004158,0.0,-0.001522,-0.003034,0.0,-0.007083,-0.001841,0.0,-0.002616,0.0,-0.000478,-0.002004,-0.001646,-0.003058,-0.002465,0.0,-1.2e-05,-0.003463,-0.003455,-0.00437,0.0,0.0,-0.000314,0.0,0.0,-0.001636,-0.00342,-0.00687,-0.004038,0.0,-0.000631,-0.006066,-0.000879,-0.003218,0.0,-0.000904,-0.001623,-0.000109,-2.1e-05,-0.003574,-0.00427,0.0,-0.000283,0.0,-0.002452,0.0,-0.003423,0.0,-0.002292,-0.006895,-0.000231,-0.000211,-0.003952,0.0,-7e-06,0.0,-0.000262,-0.003642,-0.004344,0.0,-0.002817,-0.003404,-0.006341,-0.00637,0.0,-0.006495,-3.8e-05,-0.005153,-0.00166,0.0,-0.001787,-0.007435,-0.004333,-0.00543,-0.004798,-0.00642,-0.001885,-0.001014,-0.001048,0.0,-0.000931,-0.002867,-0.003566,-0.004279
2017-05-28 14:17:00+02:00,0.0,0.0,-0.000491,-0.004435,-0.000514,-4.4e-05,-0.001172,-0.001827,-0.00378,-0.000133,0.0,0.0,-0.0045,-0.004468,-0.002392,-0.005787,-0.000146,0.0,-7.5e-05,-0.006158,0.0,-0.006163,-0.003301,0.0,-0.006731,-0.006359,-0.001616,0.0,-0.001136,-6.8e-05,0.0,-0.003854,0.0,-0.003783,-0.004301,0.0,-0.001428,-0.002986,0.0,-0.007311,-0.001814,0.0,-0.002644,0.0,-0.000383,-0.001914,-0.001604,-0.003055,-0.002427,0.0,-9e-06,-0.003467,-0.003419,-0.00451,0.0,0.0,-0.000252,0.0,0.0,-0.001573,-0.003421,-0.007016,-0.003967,0.0,-0.000595,-0.006017,-0.000844,-0.003214,0.0,-0.000866,-0.001642,-8.7e-05,-1.7e-05,-0.003586,-0.004427,0.0,-0.000226,0.0,-0.002392,0.0,-0.003388,0.0,-0.002206,-0.007047,-0.000185,-0.000169,-0.004074,0.0,-6e-06,0.0,-0.00021,-0.003635,-0.004486,0.0,-0.002776,-0.003334,-0.006337,-0.006367,0.0,-0.006512,-3e-05,-0.005074,-0.001677,0.0,-0.001759,-0.007653,-0.004471,-0.005366,-0.004721,-0.006419,-0.001859,-0.000961,-0.001055,0.0,-0.000856,-0.002898,-0.003494,-0.00442
2017-05-28 14:18:00+02:00,0.0,0.0,-0.000446,-0.004419,-0.000456,-3.5e-05,-0.001157,-0.001823,-0.003835,-0.000107,0.0,0.0,-0.004633,-0.00461,-0.002374,-0.005778,-0.000116,0.0,-6e-05,-0.006153,0.0,-0.006161,-0.003295,0.0,-0.006821,-0.006407,-0.001609,0.0,-0.001111,-5.4e-05,0.0,-0.003894,0.0,-0.003807,-0.00444,0.0,-0.001359,-0.002976,0.0,-0.007533,-0.00181,0.0,-0.00266,0.0,-0.000311,-0.001869,-0.001589,-0.003045,-0.002408,0.0,-7e-06,-0.003461,-0.00342,-0.004643,0.0,0.0,-0.000201,0.0,0.0,-0.001544,-0.003413,-0.00717,-0.00395,0.0,-0.000559,-0.00603,-0.000828,-0.003201,0.0,-0.000849,-0.001653,-7e-05,-1.3e-05,-0.003588,-0.004576,0.0,-0.000181,0.0,-0.00237,0.0,-0.003389,0.0,-0.002166,-0.007207,-0.000148,-0.000135,-0.004192,0.0,-5e-06,0.0,-0.000168,-0.00366,-0.004621,0.0,-0.002769,-0.003294,-0.006386,-0.006418,0.0,-0.006557,-2.4e-05,-0.005057,-0.001686,0.0,-0.001755,-0.007865,-0.004604,-0.005339,-0.004704,-0.006472,-0.001855,-0.000934,-0.001057,0.0,-0.000814,-0.002917,-0.003473,-0.004554
2017-05-28 14:19:00+02:00,0.0,0.0,-0.000475,-0.004445,-0.000465,-2.8e-05,-0.001172,-0.001847,-0.003892,-8.5e-05,0.0,0.0,-0.004706,-0.004691,-0.002379,-0.005808,-9.3e-05,0.0,-4.8e-05,-0.006242,0.0,-0.006251,-0.003341,0.0,-0.006919,-0.006482,-0.001631,0.0,-0.001115,-4.4e-05,0.0,-0.003941,0.0,-0.003841,-0.004553,0.0,-0.001344,-0.003019,0.0,-0.00771,-0.001836,0.0,-0.002745,0.0,-0.000309,-0.001876,-0.001598,-0.003085,-0.00241,0.0,-6e-06,-0.00351,-0.003442,-0.004717,0.0,0.0,-0.000185,0.0,0.0,-0.001574,-0.003459,-0.007317,-0.003975,0.0,-0.000596,-0.006077,-0.000844,-0.003241,0.0,-0.000866,-0.001704,-5.6e-05,-1.1e-05,-0.003643,-0.004662,0.0,-0.000145,0.0,-0.002405,0.0,-0.003411,0.0,-0.002176,-0.007358,-0.000118,-0.000108,-0.004255,0.0,-4e-06,0.0,-0.000162,-0.003701,-0.004697,0.0,-0.002786,-0.003299,-0.006464,-0.006497,0.0,-0.006622,-1.9e-05,-0.005082,-0.001734,0.0,-0.001779,-0.007981,-0.004678,-0.00535,-0.00473,-0.006552,-0.001882,-0.000936,-0.001098,0.0,-0.000835,-0.003005,-0.003497,-0.004628
2017-05-28 14:20:00+02:00,0.0,0.0,-0.000413,-0.004375,-0.00039,-2.3e-05,-0.001146,-0.00183,-0.003902,-6.8e-05,0.0,0.0,-0.00483,-0.004821,-0.002337,-0.005741,-7.5e-05,0.0,-3.8e-05,-0.006254,0.0,-0.006267,-0.003312,0.0,-0.006933,-0.006449,-0.001612,0.0,-0.001065,-3.5e-05,0.0,-0.00394,0.0,-0.00383,-0.004618,0.0,-0.001242,-0.002986,0.0,-0.007812,-0.001819,0.0,-0.00274,0.0,-0.000247,-0.001785,-0.001556,-0.003085,-0.002369,0.0,-5e-06,-0.003517,-0.003407,-0.004843,0.0,0.0,-0.000148,0.0,0.0,-0.001524,-0.003463,-0.00737,-0.003905,0.0,-0.000541,-0.006023,-0.000816,-0.003241,0.0,-0.000836,-0.001704,-4.5e-05,-8e-06,-0.003655,-0.004797,0.0,-0.000116,0.0,-0.002361,0.0,-0.003376,0.0,-0.002089,-0.007416,-9.4e-05,-8.6e-05,-0.004364,0.0,-3e-06,0.0,-0.00013,-0.003681,-0.004823,0.0,-0.002747,-0.00322,-0.006432,-0.006465,0.0,-0.006605,-1.6e-05,-0.005011,-0.001733,0.0,-0.001761,-0.008183,-0.004802,-0.005283,-0.004658,-0.006523,-0.001865,-0.000883,-0.001087,0.0,-0.000773,-0.003004,-0.003423,-0.004753
2017-05-28 14:21:00+02:00,0.0,0.0,-0.000507,-0.004552,-0.000466,-1.8e-05,-0.001218,-0.001926,-0.004073,-5.5e-05,0.0,0.0,-0.00496,-0.004956,-0.002433,-0.005947,-6e-05,0.0,-3.1e-05,-0.006543,0.0,-0.00656,-0.003487,0.0,-0.007232,-0.006703,-0.0017,0.0,-0.001126,-2.8e-05,0.0,-0.004107,0.0,-0.003984,-0.004793,0.0,-0.001316,-0.003148,0.0,-0.008087,-0.001919,0.0,-0.002935,0.0,-0.000307,-0.001891,-0.001629,-0.003229,-0.002461,0.0,-4e-06,-0.003684,-0.003534,-0.004973,0.0,0.0,-0.000187,0.0,0.0,-0.001642,-0.003626,-0.00771,-0.004071,0.0,-0.000644,-0.006247,-0.000879,-0.00339,0.0,-0.000903,-0.001822,-3.6e-05,-7e-06,-0.00383,-0.004936,0.0,-9.3e-05,0.0,-0.002503,0.0,-0.003502,0.0,-0.002205,-0.007761,-7.6e-05,-6.9e-05,-0.004478,0.0,-2e-06,0.0,-0.000159,-0.003827,-0.004954,0.0,-0.002858,-0.003358,-0.00668,-0.006716,0.0,-0.006867,-1.2e-05,-0.005199,-0.001847,0.0,-0.001858,-0.008392,-0.004932,-0.00547,-0.004836,-0.00678,-0.001966,-0.000938,-0.001181,0.0,-0.000866,-0.003206,-0.003576,-0.004882
2017-05-28 14:22:00+02:00,0.0,0.0,-0.000554,-0.004708,-0.0005,-1.5e-05,-0.001268,-0.002,-0.004233,-4.4e-05,0.0,0.0,-0.005077,-0.005077,-0.002515,-0.006138,-4.8e-05,0.0,-2.5e-05,-0.006797,0.0,-0.006818,-0.003622,0.0,-0.007512,-0.006941,-0.001767,0.0,-0.001171,-2.2e-05,0.0,-0.004263,0.0,-0.004128,-0.004945,0.0,-0.001358,-0.00327,0.0,-0.008325,-0.001996,0.0,-0.003082,0.0,-0.000326,-0.001966,-0.001689,-0.003354,-0.002541,0.0,-3e-06,-0.00383,-0.003653,-0.005091,0.0,0.0,-0.000188,0.0,0.0,-0.001719,-0.003768,-0.008022,-0.004215,0.0,-0.0007,-0.006456,-0.00092,-0.00352,0.0,-0.000947,-0.001913,-2.9e-05,-5e-06,-0.003985,-0.00506,0.0,-7.4e-05,0.0,-0.002604,0.0,-0.00362,0.0,-0.002291,-0.008079,-6e-05,-5.5e-05,-0.004579,0.0,-2e-06,0.0,-0.000166,-0.003966,-0.005072,0.0,-0.002957,-0.003468,-0.006912,-0.006951,0.0,-0.00711,-1e-05,-0.00537,-0.001935,0.0,-0.001933,-0.008577,-0.005048,-0.005638,-0.004993,-0.007021,-0.002044,-0.000977,-0.001247,0.0,-0.000917,-0.003362,-0.003704,-0.004998
2017-05-28 14:23:00+02:00,0.0,0.0,-0.000531,-0.004814,-0.000473,-1.2e-05,-0.001284,-0.002037,-0.004348,-3.5e-05,0.0,0.0,-0.005176,-0.005179,-0.002556,-0.006279,-3.8e-05,0.0,-2e-05,-0.006954,0.0,-0.006978,-0.00369,0.0,-0.007711,-0.007123,-0.001797,0.0,-0.001189,-1.8e-05,0.0,-0.004372,0.0,-0.004227,-0.005073,0.0,-0.001339,-0.003325,0.0,-0.00852,-0.002034,0.0,-0.003146,0.0,-0.000286,-0.001994,-0.001722,-0.003429,-0.002581,0.0,-2e-06,-0.003921,-0.003743,-0.00519,0.0,0.0,-0.00015,0.0,0.0,-0.001731,-0.003857,-0.008242,-0.004308,0.0,-0.000684,-0.006614,-0.000927,-0.003599,0.0,-0.000953,-0.001956,-2.3e-05,-4e-06,-0.004083,-0.005165,0.0,-5.9e-05,0.0,-0.00264,0.0,-0.003709,0.0,-0.002329,-0.008304,-4.8e-05,-4.4e-05,-0.004662,0.0,-2e-06,0.0,-0.000139,-0.004074,-0.005172,0.0,-0.003028,-0.003511,-0.00709,-0.007132,0.0,-0.007274,-8e-06,-0.005491,-0.001977,0.0,-0.001969,-0.008731,-0.005147,-0.005734,-0.005103,-0.007208,-0.002083,-0.000989,-0.001268,0.0,-0.000906,-0.003434,-0.003783,-0.005096
2017-05-28 14:24:00+02:00,0.0,0.0,-0.000465,-0.004826,-0.000407,-9e-06,-0.001269,-0.002035,-0.004385,-2.8e-05,0.0,0.0,-0.005231,-0.005238,-0.002548,-0.006312,-3.1e-05,0.0,-1.6e-05,-0.006997,0.0,-0.007023,-0.003686,0.0,-0.007772,-0.007184,-0.001791,0.0,-0.00117,-1.4e-05,0.0,-0.004407,0.0,-0.004254,-0.005153,0.0,-0.00127,-0.003314,0.0,-0.008632,-0.002032,0.0,-0.003134,0.0,-0.000229,-0.001958,-0.001714,-0.003445,-0.002572,0.0,-2e-06,-0.003948,-0.00377,-0.005247,0.0,0.0,-0.00012,0.0,0.0,-0.001692,-0.003882,-0.008321,-0.004313,0.0,-0.000623,-0.006657,-0.000906,-0.003617,0.0,-0.000931,-0.001953,-1.8e-05,-3e-06,-0.004116,-0.005226,0.0,-4.7e-05,0.0,-0.002616,0.0,-0.003735,0.0,-0.0023,-0.008387,-3.9e-05,-3.5e-05,-0.004705,0.0,-1e-06,0.0,-0.000111,-0.004112,-0.005228,0.0,-0.003042,-0.003477,-0.007149,-0.007191,0.0,-0.007313,-6e-06,-0.005511,-0.001975,0.0,-0.001965,-0.008809,-0.005202,-0.005731,-0.005116,-0.00727,-0.002081,-0.000966,-0.001252,0.0,-0.000852,-0.003426,-0.003779,-0.005151
2017-05-28 14:25:00+02:00,0.0,0.0,-0.000372,-0.004766,-0.000326,-7e-06,-0.001222,-0.001996,-0.004364,-2.2e-05,0.0,0.0,-0.00529,-0.005299,-0.002496,-0.006262,-2.4e-05,0.0,-1.3e-05,-0.006919,0.0,-0.006947,-0.003614,0.0,-0.007728,-0.007153,-0.001751,0.0,-0.001121,-1.1e-05,0.0,-0.004383,0.0,-0.004225,-0.005189,0.0,-0.001151,-0.003239,0.0,-0.008675,-0.001992,0.0,-0.003032,0.0,-0.000183,-0.001868,-0.001674,-0.003399,-0.002521,0.0,-2e-06,-0.003907,-0.003749,-0.005306,0.0,0.0,-9.6e-05,0.0,0.0,-0.0016,-0.00384,-0.00829,-0.004248,0.0,-0.000499,-0.006615,-0.000856,-0.003573,0.0,-0.000878,-0.001896,-1.5e-05,-3e-06,-0.004077,-0.005289,0.0,-3.8e-05,0.0,-0.002533,0.0,-0.003713,0.0,-0.002214,-0.008359,-3.1e-05,-2.8e-05,-0.004748,0.0,-1e-06,0.0,-8.9e-05,-0.0041,-0.005288,0.0,-0.003014,-0.003375,-0.007115,-0.007159,0.0,-0.007254,-5e-06,-0.005455,-0.001921,0.0,-0.001924,-0.008888,-0.00526,-0.005645,-0.005056,-0.00724,-0.002042,-0.000915,-0.001191,0.0,-0.000751,-0.003325,-0.003708,-0.005207
2017-05-28 14:26:00+02:00,0.0,0.0,-0.0003,-0.004721,-0.000276,-6e-06,-0.001198,-0.001971,-0.004322,-1.8e-05,0.0,0.0,-0.005221,-0.00524,-0.002456,-0.006214,-2e-05,0.0,-1e-05,-0.006845,0.0,-0.006873,-0.003568,0.0,-0.00765,-0.007112,-0.001726,0.0,-0.001098,-9e-06,0.0,-0.004344,0.0,-0.004185,-0.005191,0.0,-0.001085,-0.003193,0.0,-0.008638,-0.001968,0.0,-0.00297,0.0,-0.000146,-0.001826,-0.00165,-0.003359,-0.002478,0.0,-1e-06,-0.00387,-0.003728,-0.00524,0.0,0.0,-7.7e-05,0.0,0.0,-0.001557,-0.003802,-0.008222,-0.004204,0.0,-0.000434,-0.006569,-0.000833,-0.003532,0.0,-0.000854,-0.001863,-1.2e-05,-2e-06,-0.004042,-0.005239,0.0,-3e-05,0.0,-0.002488,0.0,-0.003691,0.0,-0.002172,-0.008292,-2.5e-05,-2.3e-05,-0.004633,0.0,-1e-06,0.0,-7.1e-05,-0.004083,-0.005221,0.0,-0.002993,-0.003302,-0.007075,-0.007119,0.0,-0.007172,-4e-06,-0.005408,-0.001887,0.0,-0.0019,-0.008678,-0.005187,-0.005561,-0.00501,-0.0072,-0.002018,-0.000892,-0.001156,0.0,-0.000708,-0.003263,-0.003665,-0.00513
2017-05-28 14:27:00+02:00,0.0,0.0,-0.00024,-0.004448,-0.000221,-5e-06,-0.001099,-0.001854,-0.004125,-1.4e-05,0.0,0.0,-0.004981,-0.005001,-0.002303,-0.0059,-1.6e-05,0.0,-8e-06,-0.00654,0.0,-0.006566,-0.003356,0.0,-0.007299,-0.006779,-0.001616,0.0,-0.000983,-7e-06,0.0,-0.004147,0.0,-0.003993,-0.005001,0.0,-0.000903,-0.002993,0.0,-0.008245,-0.001848,0.0,-0.002764,0.0,-0.000117,-0.001626,-0.001526,-0.0032,-0.002327,0.0,-1e-06,-0.003698,-0.003545,-0.005001,0.0,0.0,-6.1e-05,0.0,0.0,-0.001391,-0.003631,-0.007877,-0.003945,0.0,-0.000347,-0.006248,-0.000744,-0.003368,0.0,-0.000759,-0.001741,-9e-06,-2e-06,-0.003867,-0.005001,0.0,-2.4e-05,0.0,-0.002301,0.0,-0.003509,0.0,-0.001962,-0.007944,-2e-05,-1.8e-05,-0.004409,0.0,-1e-06,0.0,-5.7e-05,-0.003892,-0.004981,0.0,-0.002831,-0.003062,-0.006748,-0.006789,0.0,-0.006837,-3e-06,-0.005116,-0.001767,0.0,-0.001783,-0.00828,-0.004947,-0.005267,-0.004732,-0.006866,-0.001897,-0.000782,-0.001051,0.0,-0.000567,-0.003051,-0.00342,-0.00489
2017-05-28 14:28:00+02:00,0.0,0.0,-0.000192,-0.0042,-0.000177,-4e-06,-0.001018,-0.001749,-0.003947,-1.1e-05,0.0,0.0,-0.004872,-0.004892,-0.002178,-0.005599,-1.3e-05,0.0,-6e-06,-0.006216,0.0,-0.006241,-0.003166,0.0,-0.006982,-0.006447,-0.001519,0.0,-0.000895,-6e-06,0.0,-0.003967,0.0,-0.003818,-0.004821,0.0,-0.000782,-0.002818,0.0,-0.007952,-0.001743,0.0,-0.002584,0.0,-9.4e-05,-0.001474,-0.001422,-0.003036,-0.0022,0.0,-1e-06,-0.003516,-0.003369,-0.004892,0.0,0.0,-4.9e-05,0.0,0.0,-0.001263,-0.00345,-0.007545,-0.003715,0.0,-0.000278,-0.005934,-0.000675,-0.003197,0.0,-0.000686,-0.001633,-7e-06,-1e-06,-0.00368,-0.004893,0.0,-1.9e-05,0.0,-0.002145,0.0,-0.003333,0.0,-0.001798,-0.007611,-1.6e-05,-1.4e-05,-0.004303,0.0,-1e-06,0.0,-4.6e-05,-0.003703,-0.004872,0.0,-0.002681,-0.002872,-0.006421,-0.00646,0.0,-0.006532,-3e-06,-0.004844,-0.001659,0.0,-0.001679,-0.008092,-0.004838,-0.005009,-0.004477,-0.006532,-0.00179,-0.0007,-0.000965,0.0,-0.000463,-0.002862,-0.003209,-0.00478
2017-05-28 14:29:00+02:00,0.0,0.0,-0.000154,-0.003973,-0.000142,-3e-06,-0.000958,-0.001662,-0.003786,-9e-06,0.0,0.0,-0.004675,-0.004695,-0.00208,-0.005307,-1e-05,0.0,-5e-06,-0.005896,0.0,-0.005919,-0.003011,0.0,-0.006699,-0.006117,-0.001442,0.0,-0.000827,-5e-06,0.0,-0.003807,0.0,-0.003662,-0.004648,0.0,-0.000719,-0.002677,0.0,-0.007673,-0.001657,0.0,-0.002431,0.0,-7.5e-05,-0.001358,-0.001334,-0.002875,-0.002099,0.0,-1e-06,-0.003334,-0.003196,-0.004695,0.0,0.0,-3.9e-05,0.0,0.0,-0.001178,-0.00327,-0.007243,-0.003508,0.0,-0.000222,-0.005628,-0.000628,-0.003027,0.0,-0.000638,-0.001539,-6e-06,-1e-06,-0.003493,-0.004697,0.0,-1.6e-05,0.0,-0.002027,0.0,-0.003161,0.0,-0.00167,-0.007305,-1.3e-05,-1.2e-05,-0.004124,0.0,-0.0,0.0,-3.6e-05,-0.003515,-0.004675,0.0,-0.002541,-0.002732,-0.006096,-0.006132,0.0,-0.006262,-2e-06,-0.004588,-0.001564,0.0,-0.001595,-0.007776,-0.004641,-0.004793,-0.004239,-0.006199,-0.001702,-0.00064,-0.000899,0.0,-0.000405,-0.002699,-0.003024,-0.004584
2017-05-28 14:30:00+02:00,0.0,0.0,-0.000123,-0.003781,-0.000113,-2e-06,-0.00089,-0.001568,-0.003642,-7e-06,0.0,0.0,-0.004684,-0.004655,-0.001997,-0.005059,-8e-06,0.0,-4e-06,-0.005655,0.0,-0.005677,-0.002841,0.0,-0.006443,-0.005837,-0.001356,0.0,-0.000774,-4e-06,0.0,-0.003663,0.0,-0.003525,-0.004493,0.0,-0.000673,-0.002522,0.0,-0.007417,-0.001562,0.0,-0.002323,0.0,-6e-05,-0.001268,-0.001262,-0.002756,-0.002012,0.0,-1e-06,-0.003202,-0.003051,-0.004704,0.0,0.0,-3.1e-05,0.0,0.0,-0.001072,-0.003139,-0.006971,-0.003335,0.0,-0.000178,-0.005367,-0.000571,-0.002902,0.0,-0.000579,-0.001473,-5e-06,-1e-06,-0.003355,-0.004616,0.0,-1.2e-05,0.0,-0.001893,0.0,-0.003015,0.0,-0.001568,-0.007031,-1e-05,-9e-06,-0.004124,0.0,-0.0,0.0,-2.9e-05,-0.003356,-0.004684,0.0,-0.002423,-0.002615,-0.00582,-0.005853,0.0,-0.00602,-2e-06,-0.004371,-0.001496,0.0,-0.001503,-0.007787,-0.00465,-0.004602,-0.004038,-0.005916,-0.001606,-0.000594,-0.000855,0.0,-0.000332,-0.002582,-0.002871,-0.00458
2017-05-28 14:31:00+02:00,0.0,0.0,-0.000161,-0.003633,-9.1e-05,-2e-06,-0.000828,-0.001469,-0.003527,-6e-06,0.0,0.0,-0.004322,-0.004341,-0.001954,-0.004857,-6e-06,0.0,-3e-06,-0.005487,0.0,-0.005507,-0.002664,0.0,-0.006244,-0.005603,-0.001264,0.0,-0.000747,-3e-06,0.0,-0.003551,0.0,-0.00342,-0.004345,0.0,-0.000709,-0.002355,0.0,-0.007178,-0.001451,0.0,-0.0023,0.0,-4.8e-05,-0.001226,-0.001213,-0.002675,-0.001963,0.0,-0.0,-0.00311,-0.002929,-0.004341,0.0,0.0,-2.5e-05,0.0,0.0,-0.000995,-0.003047,-0.006751,-0.003206,0.0,-0.000229,-0.005152,-0.00053,-0.002815,0.0,-0.000535,-0.001454,-4e-06,-1e-06,-0.003258,-0.004345,0.0,-1e-05,0.0,-0.001768,0.0,-0.002894,0.0,-0.001513,-0.006808,-8e-06,-7e-06,-0.003803,0.0,-0.0,0.0,-2.3e-05,-0.003221,-0.004322,0.0,-0.00233,-0.002571,-0.005591,-0.005622,0.0,-0.005838,-1e-06,-0.004198,-0.001472,0.0,-0.0014,-0.007201,-0.004288,-0.004478,-0.003882,-0.00568,-0.001504,-0.000574,-0.00086,0.0,-0.000297,-0.002548,-0.002762,-0.004232
2017-05-28 14:32:00+02:00,0.0,0.0,-0.000129,-0.003323,-7.2e-05,-2e-06,-0.000724,-0.001317,-0.003277,-5e-06,0.0,0.0,-0.003939,-0.003956,-0.001807,-0.00447,-5e-06,0.0,-3e-06,-0.005106,0.0,-0.005123,-0.002389,0.0,-0.005808,-0.005168,-0.001124,0.0,-0.000654,-2e-06,0.0,-0.0033,0.0,-0.003179,-0.00396,0.0,-0.000627,-0.002098,0.0,-0.006585,-0.001287,0.0,-0.002128,0.0,-3.8e-05,-0.001069,-0.001093,-0.002484,-0.001815,0.0,-0.0,-0.002892,-0.002694,-0.003956,0.0,0.0,-2e-05,0.0,0.0,-0.000846,-0.002833,-0.006291,-0.002924,0.0,-0.000183,-0.004745,-0.000449,-0.002615,0.0,-0.000451,-0.001346,-3e-06,-1e-06,-0.00303,-0.00396,0.0,-8e-06,0.0,-0.001558,0.0,-0.002661,0.0,-0.001337,-0.006343,-6e-06,-6e-06,-0.003471,0.0,-0.0,0.0,-1.9e-05,-0.002967,-0.003939,0.0,-0.002134,-0.002371,-0.005163,-0.00519,0.0,-0.005431,-1e-06,-0.003852,-0.001362,0.0,-0.001245,-0.006601,-0.003906,-0.00416,-0.00356,-0.005241,-0.001346,-0.000493,-0.000789,0.0,-0.000237,-0.002361,-0.002509,-0.003855
2017-05-28 14:33:00+02:00,0.0,0.0,-0.000103,-0.002992,-5.8e-05,-1e-06,-0.000604,-0.001155,-0.003021,-4e-06,0.0,0.0,-0.003832,-0.003776,-0.001645,-0.004067,-4e-06,0.0,-2e-06,-0.004707,0.0,-0.004723,-0.002095,0.0,-0.005357,-0.004719,-0.000974,0.0,-0.000542,-2e-06,0.0,-0.003042,0.0,-0.00293,-0.00369,0.0,-0.000504,-0.001819,0.0,-0.006133,-0.001112,0.0,-0.001926,0.0,-3.1e-05,-0.000876,-0.000958,-0.002285,-0.001654,0.0,-0.0,-0.002666,-0.002453,-0.003845,0.0,0.0,-1.6e-05,0.0,0.0,-0.000676,-0.00261,-0.00582,-0.002618,0.0,-0.000146,-0.004324,-0.000359,-0.002407,0.0,-0.000361,-0.001222,-2e-06,-0.0,-0.002794,-0.003751,0.0,-6e-06,0.0,-0.001321,0.0,-0.002421,0.0,-0.001128,-0.005869,-5e-06,-5e-06,-0.003337,0.0,-0.0,0.0,-1.5e-05,-0.002707,-0.003803,0.0,-0.001928,-0.00214,-0.004719,-0.004743,0.0,-0.005007,-1e-06,-0.003488,-0.001239,0.0,-0.001079,-0.006407,-0.003786,-0.00382,-0.003217,-0.004789,-0.001177,-0.000394,-0.0007,0.0,-0.00019,-0.002145,-0.00223,-0.003706
2017-05-28 14:34:00+02:00,0.0,0.0,-0.000195,-0.002999,-8e-05,-1e-06,-0.000621,-0.001154,-0.003019,-3e-06,0.0,0.0,-0.00398,-0.003885,-0.001688,-0.004042,-3e-06,0.0,-2e-06,-0.004693,0.0,-0.00471,-0.002094,0.0,-0.005352,-0.004675,-0.000974,0.0,-0.000576,-2e-06,0.0,-0.003047,0.0,-0.002941,-0.003707,0.0,-0.000623,-0.001821,0.0,-0.006147,-0.001109,0.0,-0.002,0.0,-3.3e-05,-0.000939,-0.000978,-0.002288,-0.001688,0.0,-0.0,-0.002668,-0.002442,-0.003995,0.0,0.0,-5.8e-05,0.0,0.0,-0.000728,-0.002612,-0.005809,-0.002635,0.0,-0.000251,-0.004292,-0.000386,-0.002405,0.0,-0.00039,-0.001264,-2e-06,-0.0,-0.002794,-0.00383,0.0,-5e-06,0.0,-0.001346,0.0,-0.002409,0.0,-0.001185,-0.005858,-4e-06,-4e-06,-0.003451,0.0,-0.0,0.0,-1.2e-05,-0.002688,-0.003954,0.0,-0.001933,-0.002219,-0.004673,-0.004697,0.0,-0.005009,-1e-06,-0.00348,-0.001273,0.0,-0.001079,-0.006635,-0.003935,-0.003853,-0.003215,-0.004742,-0.001179,-0.000432,-0.000755,0.0,-0.000239,-0.002212,-0.002256,-0.003836
2017-05-28 14:35:00+02:00,0.0,0.0,-0.000421,-0.003259,-0.000255,-1e-06,-0.000737,-0.001274,-0.003207,-3.7e-05,0.0,0.0,-0.00414,-0.004069,-0.001881,-0.004307,-9.5e-05,0.0,-1e-06,-0.004965,0.0,-0.004986,-0.002315,0.0,-0.005684,-0.004945,-0.001087,0.0,-0.000715,-2.9e-05,0.0,-0.00325,0.0,-0.003147,-0.003928,0.0,-0.000907,-0.002031,0.0,-0.006482,-0.001234,0.0,-0.002262,0.0,-0.000188,-0.001182,-0.001109,-0.002437,-0.001864,0.0,-0.0,-0.002839,-0.00261,-0.004157,0.0,0.0,-0.000232,0.0,0.0,-0.000948,-0.002779,-0.006144,-0.002892,0.0,-0.000492,-0.004558,-0.000503,-0.002555,0.0,-0.000519,-0.001421,-2e-06,-0.0,-0.00297,-0.004026,0.0,-6.2e-05,0.0,-0.001563,0.0,-0.002572,0.0,-0.001431,-0.006196,-5.8e-05,-0.000129,-0.003592,0.0,-0.0,0.0,-9.9e-05,-0.002857,-0.004119,0.0,-0.002097,-0.002521,-0.004937,-0.004962,0.0,-0.00533,-1e-06,-0.003742,-0.001416,0.0,-0.001204,-0.00688,-0.004096,-0.004162,-0.003471,-0.005011,-0.001311,-0.000569,-0.000906,0.0,-0.000443,-0.002472,-0.002508,-0.004003
2017-05-28 14:36:00+02:00,0.0,0.0,-0.000606,-0.003564,-0.000385,-1e-06,-0.000846,-0.001402,-0.003458,-5.1e-05,0.0,0.0,-0.004369,-0.004316,-0.002092,-0.004646,-0.000147,0.0,-1e-06,-0.005321,0.0,-0.005349,-0.002547,0.0,-0.006121,-0.005308,-0.001203,0.0,-0.000847,-3.5e-05,0.0,-0.003514,0.0,-0.003408,-0.004205,0.0,-0.001154,-0.002243,0.0,-0.006901,-0.001365,0.0,-0.002533,0.0,-0.000297,-0.00141,-0.001247,-0.002628,-0.00206,0.0,-0.0,-0.00306,-0.002827,-0.004387,0.0,0.0,-0.000363,0.0,0.0,-0.001139,-0.002995,-0.006592,-0.003181,0.0,-0.000692,-0.004907,-0.000605,-0.00275,0.0,-0.000631,-0.001588,-1e-06,-0.0,-0.003198,-0.004284,0.0,-8.4e-05,0.0,-0.001768,0.0,-0.002783,0.0,-0.00167,-0.006651,-7.1e-05,-0.000212,-0.00379,0.0,-0.0,0.0,-0.00016,-0.003082,-0.004352,0.0,-0.002293,-0.002833,-0.005288,-0.005316,0.0,-0.00574,-0.0,-0.004062,-0.001571,0.0,-0.001334,-0.00723,-0.004324,-0.004522,-0.003772,-0.005373,-0.00145,-0.000696,-0.001052,0.0,-0.000604,-0.002747,-0.002781,-0.004235
2017-05-28 14:37:00+02:00,0.0,0.0,-0.000861,-0.004044,-0.000589,-1e-06,-0.001016,-0.001612,-0.00381,-0.000103,0.0,0.0,-0.004615,-0.004578,-0.002399,-0.005195,-0.000257,0.0,-1e-06,-0.005924,0.0,-0.005964,-0.002929,0.0,-0.006747,-0.005906,-0.001394,0.0,-0.00104,-7.6e-05,0.0,-0.003921,0.0,-0.003811,-0.004491,0.0,-0.001478,-0.002589,0.0,-0.007332,-0.001582,0.0,-0.002943,0.0,-0.000478,-0.001739,-0.001455,-0.002945,-0.002351,0.0,-0.0,-0.003428,-0.003173,-0.004634,0.0,0.0,-0.000554,0.0,0.0,-0.001425,-0.003355,-0.00711,-0.003634,0.0,-0.000964,-0.005475,-0.000759,-0.003076,0.0,-0.000799,-0.001841,-8e-06,-0.0,-0.00358,-0.004554,0.0,-0.000169,0.0,-0.002092,0.0,-0.003122,0.0,-0.00202,-0.007169,-0.000152,-0.000355,-0.004003,0.0,-0.0,0.0,-0.000263,-0.003446,-0.004601,0.0,-0.002601,-0.003279,-0.005865,-0.005898,0.0,-0.006382,-0.0,-0.004573,-0.001809,0.0,-0.001548,-0.007609,-0.00457,-0.005068,-0.00425,-0.00597,-0.001676,-0.000878,-0.001264,0.0,-0.000843,-0.003166,-0.003201,-0.004483
2017-05-28 14:38:00+02:00,0.0,0.0,-0.000997,-0.004446,-0.00069,-0.0,-0.00114,-0.001781,-0.004125,-9.4e-05,0.0,0.0,-0.004847,-0.004822,-0.002644,-0.005677,-0.000258,0.0,-1e-06,-0.006462,0.0,-0.006514,-0.003235,0.0,-0.007307,-0.006444,-0.001543,0.0,-0.001174,-6e-05,0.0,-0.004283,0.0,-0.004167,-0.004755,0.0,-0.001681,-0.002858,0.0,-0.007731,-0.001753,0.0,-0.003252,0.0,-0.000556,-0.001965,-0.001615,-0.003222,-0.002586,0.0,-0.0,-0.003753,-0.003478,-0.004868,0.0,0.0,-0.000632,0.0,0.0,-0.001616,-0.003674,-0.007581,-0.004004,0.0,-0.001117,-0.005979,-0.000862,-0.003365,0.0,-0.000911,-0.002034,-6e-06,-0.0,-0.003919,-0.004805,0.0,-0.000154,0.0,-0.002329,0.0,-0.003421,0.0,-0.002269,-0.007643,-0.000135,-0.000385,-0.004204,0.0,-0.0,0.0,-0.000305,-0.003773,-0.004836,0.0,-0.00286,-0.003619,-0.006383,-0.006421,0.0,-0.00695,-0.0,-0.005011,-0.001994,0.0,-0.001716,-0.007967,-0.004802,-0.005527,-0.004652,-0.006509,-0.001855,-0.001,-0.001412,0.0,-0.00098,-0.003487,-0.003533,-0.004716
2017-05-28 14:39:00+02:00,0.0,0.0,-0.000986,-0.004723,-0.00066,-0.0,-0.001193,-0.001877,-0.004403,-7.5e-05,0.0,0.0,-0.005061,-0.005046,-0.00281,-0.006037,-0.000207,0.0,-1e-06,-0.00684,0.0,-0.006902,-0.003408,0.0,-0.007802,-0.006862,-0.001622,0.0,-0.001235,-4.8e-05,0.0,-0.004582,0.0,-0.00445,-0.004994,0.0,-0.001756,-0.002997,0.0,-0.008091,-0.001846,0.0,-0.003405,0.0,-0.000506,-0.002062,-0.001708,-0.003411,-0.002748,0.0,-0.0,-0.003981,-0.003708,-0.005082,0.0,0.0,-0.000574,0.0,0.0,-0.001675,-0.003896,-0.008002,-0.004247,0.0,-0.001121,-0.006361,-0.000894,-0.003565,0.0,-0.000945,-0.002134,-5e-06,-0.0,-0.004159,-0.005034,0.0,-0.000123,0.0,-0.002437,0.0,-0.003647,0.0,-0.00239,-0.008069,-0.000108,-0.000308,-0.004388,0.0,-0.0,0.0,-0.000272,-0.004027,-0.005052,0.0,-0.003043,-0.003832,-0.006783,-0.006826,0.0,-0.007404,-0.0,-0.005325,-0.002093,0.0,-0.001806,-0.008297,-0.005015,-0.005864,-0.004931,-0.006927,-0.001956,-0.001048,-0.001471,0.0,-0.000988,-0.003652,-0.003739,-0.00493
2017-05-28 14:40:00+02:00,0.0,0.0,-0.000887,-0.004777,-0.000565,-0.0,-0.001177,-0.001879,-0.004507,-6e-05,0.0,0.0,-0.005113,-0.005107,-0.002844,-0.006135,-0.000165,0.0,-0.0,-0.006919,0.0,-0.006982,-0.00341,0.0,-0.007982,-0.006988,-0.001617,0.0,-0.001223,-3.9e-05,0.0,-0.004684,0.0,-0.004544,-0.005068,0.0,-0.001713,-0.002988,0.0,-0.008177,-0.001846,0.0,-0.003377,0.0,-0.000405,-0.002036,-0.001712,-0.003444,-0.002778,0.0,-0.0,-0.004034,-0.003781,-0.005136,0.0,0.0,-0.000459,0.0,0.0,-0.00163,-0.003946,-0.008128,-0.004286,0.0,-0.00103,-0.006471,-0.00087,-0.003603,0.0,-0.000918,-0.002125,-4e-06,-0.0,-0.004221,-0.0051,0.0,-9.8e-05,0.0,-0.002414,0.0,-0.003716,0.0,-0.002373,-0.008194,-8.7e-05,-0.000246,-0.004421,0.0,-0.0,0.0,-0.000217,-0.004112,-0.005106,0.0,-0.003092,-0.003847,-0.006909,-0.006952,0.0,-0.007538,-0.0,-0.005399,-0.002084,0.0,-0.001804,-0.008353,-0.005066,-0.005943,-0.004993,-0.007056,-0.001959,-0.00103,-0.001442,0.0,-0.000916,-0.003631,-0.003763,-0.004982
2017-05-28 14:41:00+02:00,0.0,0.0,-0.000709,-0.004533,-0.000452,-0.0,-0.001027,-0.00174,-0.004429,-4.8e-05,0.0,0.0,-0.005301,-0.005301,-0.002689,-0.005923,-0.000132,0.0,-0.0,-0.006684,0.0,-0.006751,-0.003154,0.0,-0.007837,-0.006796,-0.001477,0.0,-0.001049,-3.1e-05,0.0,-0.004579,0.0,-0.004431,-0.005111,0.0,-0.001401,-0.002727,0.0,-0.008233,-0.001688,0.0,-0.00308,0.0,-0.000324,-0.001727,-0.001563,-0.003311,-0.002637,0.0,-0.0,-0.003895,-0.003657,-0.005324,0.0,0.0,-0.000367,0.0,0.0,-0.001336,-0.003808,-0.008065,-0.00403,0.0,-0.000824,-0.006267,-0.000712,-0.003473,0.0,-0.000743,-0.001952,-3e-06,-0.0,-0.004082,-0.005262,0.0,-7.9e-05,0.0,-0.002139,0.0,-0.003596,0.0,-0.00207,-0.008144,-6.9e-05,-0.000197,-0.004581,0.0,-0.0,0.0,-0.000174,-0.003999,-0.005295,0.0,-0.002949,-0.003573,-0.006712,-0.006756,0.0,-0.007346,-0.0,-0.005169,-0.001926,0.0,-0.001651,-0.00864,-0.005253,-0.005715,-0.004754,-0.006864,-0.001807,-0.00085,-0.001259,0.0,-0.000733,-0.00334,-0.003495,-0.005169
2017-05-28 14:42:00+02:00,0.0,0.0,-0.000821,-0.004947,-0.00052,-0.0,-0.001148,-0.001905,-0.004688,-3.9e-05,0.0,0.0,-0.005471,-0.005476,-0.002908,-0.006412,-0.000106,0.0,-0.0,-0.007208,0.0,-0.007292,-0.003456,0.0,-0.008302,-0.007341,-0.001624,0.0,-0.00119,-2.5e-05,0.0,-0.004884,0.0,-0.004757,-0.005327,0.0,-0.001572,-0.002987,0.0,-0.008553,-0.001858,0.0,-0.003393,0.0,-0.000366,-0.001963,-0.001729,-0.003584,-0.002848,0.0,-0.0,-0.004215,-0.003967,-0.005495,0.0,0.0,-0.000413,0.0,0.0,-0.001522,-0.004122,-0.008458,-0.00441,0.0,-0.000956,-0.006777,-0.000814,-0.003757,0.0,-0.000853,-0.002148,-2e-06,-0.0,-0.004416,-0.005447,0.0,-6.3e-05,0.0,-0.002371,0.0,-0.0039,0.0,-0.002331,-0.008544,-5.5e-05,-0.000175,-0.004726,0.0,-0.0,0.0,-0.000193,-0.004332,-0.005467,0.0,-0.003214,-0.003874,-0.00723,-0.007279,0.0,-0.007844,-0.0,-0.005616,-0.002112,0.0,-0.001817,-0.0089,-0.005423,-0.006122,-0.005159,-0.007406,-0.001983,-0.000979,-0.00141,0.0,-0.000846,-0.003662,-0.003836,-0.005338
2017-05-28 14:43:00+02:00,0.0,0.0,-0.000743,-0.005129,-0.000416,-0.0,-0.001147,-0.001939,-0.004839,-3.1e-05,0.0,0.0,-0.005604,-0.005614,-0.002935,-0.006663,-8.5e-05,0.0,-0.0,-0.007496,0.0,-0.00759,-0.003517,0.0,-0.008564,-0.007643,-0.001645,0.0,-0.001212,-2e-05,0.0,-0.005012,0.0,-0.004865,-0.005497,0.0,-0.001486,-0.003023,0.0,-0.008805,-0.001887,0.0,-0.00349,0.0,-0.000293,-0.001994,-0.001779,-0.003726,-0.002878,0.0,-0.0,-0.004389,-0.004129,-0.005629,0.0,0.0,-0.000331,0.0,0.0,-0.001487,-0.004291,-0.008768,-0.004564,0.0,-0.000895,-0.007049,-0.000795,-0.003908,0.0,-0.000831,-0.002213,-2e-06,-0.0,-0.0046,-0.005593,0.0,-5e-05,0.0,-0.002378,0.0,-0.00406,0.0,-0.002382,-0.00886,-4.4e-05,-0.00014,-0.004838,0.0,-0.0,0.0,-0.000154,-0.004515,-0.005601,0.0,-0.003335,-0.003878,-0.007516,-0.00757,0.0,-0.00802,-0.0,-0.005829,-0.002178,0.0,-0.001844,-0.009104,-0.005556,-0.006212,-0.005342,-0.007708,-0.002017,-0.00099,-0.001439,0.0,-0.000748,-0.003771,-0.003958,-0.00547
2017-05-28 14:44:00+02:00,0.0,0.0,-0.000595,-0.005134,-0.000333,-0.0,-0.001105,-0.001919,-0.004889,-2.5e-05,0.0,0.0,-0.005699,-0.005713,-0.002893,-0.006711,-6.8e-05,0.0,-0.0,-0.007612,0.0,-0.007712,-0.003482,0.0,-0.00865,-0.007718,-0.001619,0.0,-0.001164,-1.6e-05,0.0,-0.005042,0.0,-0.004881,-0.005621,0.0,-0.001333,-0.002973,0.0,-0.008987,-0.00186,0.0,-0.003469,0.0,-0.000234,-0.001905,-0.001753,-0.003775,-0.002842,0.0,-0.0,-0.004458,-0.004164,-0.005725,0.0,0.0,-0.000265,0.0,0.0,-0.001386,-0.004357,-0.008909,-0.004551,0.0,-0.000759,-0.007107,-0.000741,-0.003965,0.0,-0.00077,-0.002206,-2e-06,-0.0,-0.004676,-0.005698,0.0,-4e-05,0.0,-0.002308,0.0,-0.004093,0.0,-0.002303,-0.009015,-3.5e-05,-0.000112,-0.004914,0.0,-0.0,0.0,-0.000124,-0.004561,-0.005697,0.0,-0.003346,-0.003783,-0.007587,-0.007641,0.0,-0.008045,-0.0,-0.005853,-0.002176,0.0,-0.001817,-0.009246,-0.00565,-0.006179,-0.005351,-0.007784,-0.001994,-0.000934,-0.001407,0.0,-0.0006,-0.003759,-0.003926,-0.005563
2017-05-28 14:45:00+02:00,0.0,0.0,-0.000476,-0.005126,-0.000266,-0.0,-0.001056,-0.00189,-0.004909,-2e-05,0.0,0.0,-0.005806,-0.005823,-0.002833,-0.006744,-5.4e-05,0.0,-0.0,-0.007677,0.0,-0.007783,-0.00343,0.0,-0.008687,-0.007779,-0.001584,0.0,-0.001109,-1.3e-05,0.0,-0.005044,0.0,-0.004869,-0.005749,0.0,-0.001162,-0.002908,0.0,-0.009184,-0.001823,0.0,-0.003417,0.0,-0.000188,-0.001806,-0.00172,-0.0038,-0.002789,0.0,-0.0,-0.004496,-0.004188,-0.005832,0.0,0.0,-0.000212,0.0,0.0,-0.001273,-0.004394,-0.008989,-0.004526,0.0,-0.000607,-0.007151,-0.000681,-0.003995,0.0,-0.000701,-0.002179,-1e-06,-0.0,-0.004719,-0.005814,0.0,-3.2e-05,0.0,-0.002223,0.0,-0.004116,0.0,-0.002215,-0.009108,-2.8e-05,-9e-05,-0.005004,0.0,-0.0,0.0,-9.9e-05,-0.004597,-0.005804,0.0,-0.003346,-0.003662,-0.007641,-0.007696,0.0,-0.00803,-0.0,-0.005863,-0.002154,0.0,-0.00178,-0.009413,-0.005756,-0.006112,-0.005345,-0.007846,-0.001961,-0.000873,-0.001358,0.0,-0.00048,-0.003716,-0.003883,-0.005669
2017-05-28 14:46:00+02:00,0.0,0.0,-0.000425,-0.005222,-0.000245,-0.0,-0.001139,-0.002003,-0.004971,-1.6e-05,0.0,0.0,-0.005866,-0.005885,-0.002831,-0.006882,-4.3e-05,0.0,-0.0,-0.007903,0.0,-0.008012,-0.003637,0.0,-0.008795,-0.007953,-0.001688,0.0,-0.001117,-1e-05,0.0,-0.005096,0.0,-0.004912,-0.005828,0.0,-0.001091,-0.003098,0.0,-0.009291,-0.001953,0.0,-0.003482,0.0,-0.00015,-0.001816,-0.001743,-0.003901,-0.002788,0.0,-0.0,-0.004626,-0.00428,-0.005892,0.0,0.0,-0.000169,0.0,0.0,-0.001381,-0.004519,-0.009128,-0.004606,0.0,-0.000574,-0.007303,-0.000738,-0.004105,0.0,-0.000766,-0.002223,-1e-06,-0.0,-0.004862,-0.00588,0.0,-2.6e-05,0.0,-0.002386,0.0,-0.004206,0.0,-0.002235,-0.009257,-2.3e-05,-7.2e-05,-0.005047,0.0,-0.0,0.0,-7.9e-05,-0.004704,-0.005864,0.0,-0.003414,-0.003636,-0.00781,-0.007867,0.0,-0.008093,-0.0,-0.005978,-0.002198,0.0,-0.001901,-0.009495,-0.005814,-0.006131,-0.005443,-0.008023,-0.002084,-0.000875,-0.001378,0.0,-0.000533,-0.003788,-0.003945,-0.005726
2017-05-28 14:47:00+02:00,0.0,0.0,-0.00034,-0.005019,-0.000196,-0.0,-0.001096,-0.001946,-0.004775,-1.3e-05,0.0,0.0,-0.005222,-0.005257,-0.002673,-0.006662,-3.5e-05,0.0,-0.0,-0.007641,0.0,-0.007738,-0.003534,0.0,-0.00844,-0.007723,-0.001639,0.0,-0.001034,-8e-06,0.0,-0.004894,0.0,-0.004712,-0.005272,0.0,-0.00091,-0.003016,0.0,-0.008256,-0.001906,0.0,-0.003277,0.0,-0.00012,-0.001674,-0.001653,-0.003754,-0.002631,0.0,-0.0,-0.004471,-0.004155,-0.005257,0.0,0.0,-0.000135,0.0,0.0,-0.0013,-0.004365,-0.008374,-0.004414,0.0,-0.000459,-0.007078,-0.000694,-0.003955,0.0,-0.000718,-0.002102,-1e-06,-0.0,-0.00471,-0.005272,0.0,-2.1e-05,0.0,-0.002308,0.0,-0.004078,0.0,-0.002084,-0.008444,-1.8e-05,-5.7e-05,-0.004389,0.0,-0.0,0.0,-6.3e-05,-0.004575,-0.005222,0.0,-0.003299,-0.003391,-0.007596,-0.00765,0.0,-0.007751,-0.0,-0.005766,-0.00208,0.0,-0.001851,-0.00832,-0.005161,-0.005837,-0.005248,-0.007797,-0.002029,-0.000797,-0.001273,0.0,-0.000446,-0.00358,-0.003767,-0.005066
2017-05-28 14:48:00+02:00,0.0,0.0,-0.000272,-0.004465,-0.000157,-0.0,-0.000934,-0.001738,-0.004346,-1e-05,0.0,0.0,-0.005066,-0.005052,-0.002347,-0.006028,-2.8e-05,0.0,-0.0,-0.006989,0.0,-0.007073,-0.003155,0.0,-0.007676,-0.007034,-0.001452,0.0,-0.000828,-6e-06,0.0,-0.004449,0.0,-0.004278,-0.004928,0.0,-0.000728,-0.002675,0.0,-0.007718,-0.001696,0.0,-0.002834,0.0,-9.6e-05,-0.001339,-0.001414,-0.003411,-0.002318,0.0,-0.0,-0.004085,-0.003768,-0.005102,0.0,0.0,-0.000108,0.0,0.0,-0.00104,-0.003985,-0.007709,-0.003893,0.0,-0.000367,-0.006422,-0.000555,-0.003603,0.0,-0.000575,-0.001832,-1e-06,-0.0,-0.004313,-0.005022,0.0,-1.7e-05,0.0,-0.001996,0.0,-0.003697,0.0,-0.001685,-0.00778,-1.5e-05,-4.6e-05,-0.004233,0.0,-0.0,0.0,-5.1e-05,-0.004167,-0.005066,0.0,-0.002955,-0.002909,-0.00693,-0.006978,0.0,-0.007031,-0.0,-0.005176,-0.001822,0.0,-0.001644,-0.008036,-0.005003,-0.005232,-0.004696,-0.007109,-0.001809,-0.000637,-0.001048,0.0,-0.000357,-0.003126,-0.003285,-0.004907
2017-05-28 14:49:00+02:00,0.0,0.0,-0.000218,-0.004161,-0.000126,-0.0,-0.000879,-0.001642,-0.004087,-8e-06,0.0,0.0,-0.004916,-0.004953,-0.002197,-0.005646,-2.2e-05,0.0,-0.0,-0.006572,0.0,-0.006647,-0.00298,0.0,-0.007208,-0.0066,-0.001371,0.0,-0.000745,-5e-06,0.0,-0.004188,0.0,-0.004029,-0.004748,0.0,-0.000614,-0.002531,0.0,-0.007425,-0.001609,0.0,-0.002628,0.0,-7.7e-05,-0.001197,-0.001303,-0.003201,-0.002164,0.0,-0.0,-0.003849,-0.003542,-0.004953,0.0,0.0,-8.7e-05,0.0,0.0,-0.000965,-0.003751,-0.00732,-0.00362,0.0,-0.000294,-0.00602,-0.000514,-0.003383,0.0,-0.000532,-0.001706,-1e-06,-0.0,-0.004069,-0.004917,0.0,-1.3e-05,0.0,-0.001884,0.0,-0.003471,0.0,-0.001529,-0.007393,-1.2e-05,-3.7e-05,-0.004074,0.0,-0.0,0.0,-4e-05,-0.00392,-0.004916,0.0,-0.00277,-0.0027,-0.00651,-0.006554,0.0,-0.006599,-0.0,-0.004837,-0.001696,0.0,-0.001557,-0.007734,-0.004851,-0.004904,-0.004386,-0.006673,-0.001714,-0.000559,-0.000962,0.0,-0.000286,-0.002907,-0.003046,-0.004752
2017-05-28 14:50:00+02:00,0.0,0.0,-0.000174,-0.004043,-0.0001,-0.0,-0.000883,-0.001635,-0.004018,-6e-06,0.0,0.0,-0.00512,-0.005091,-0.002162,-0.00549,-1.8e-05,0.0,-0.0,-0.006456,0.0,-0.006536,-0.002968,0.0,-0.007084,-0.006421,-0.001367,0.0,-0.000708,-4e-06,0.0,-0.004117,0.0,-0.003963,-0.00477,0.0,-0.000576,-0.002522,0.0,-0.007454,-0.00161,0.0,-0.002583,0.0,-6.1e-05,-0.001131,-0.001257,-0.003148,-0.002127,0.0,-0.0,-0.003791,-0.003453,-0.005156,0.0,0.0,-6.9e-05,0.0,0.0,-0.00097,-0.003694,-0.007265,-0.003512,0.0,-0.000235,-0.005855,-0.000517,-0.003327,0.0,-0.000536,-0.00168,-0.0,-0.0,-0.00401,-0.005013,0.0,-1.1e-05,0.0,-0.001885,0.0,-0.003382,0.0,-0.001463,-0.007352,-9e-06,-2.9e-05,-0.004247,0.0,-0.0,0.0,-3.2e-05,-0.003821,-0.00512,0.0,-0.002697,-0.002649,-0.006327,-0.006371,0.0,-0.006469,-0.0,-0.004702,-0.001668,0.0,-0.001556,-0.008066,-0.005055,-0.004808,-0.004257,-0.006491,-0.00171,-0.000521,-0.000945,0.0,-0.000274,-0.002856,-0.002948,-0.004939
2017-05-28 14:51:00+02:00,0.0,0.0,-0.000559,-0.004709,-0.000494,-0.0,-0.001176,-0.00197,-0.004338,-8.2e-05,0.0,0.0,-0.00532,-0.005303,-0.002572,-0.006199,-0.000145,0.0,-0.0,-0.007086,0.0,-0.007193,-0.003583,0.0,-0.007667,-0.007081,-0.001681,0.0,-0.001017,-4.1e-05,0.0,-0.004505,0.0,-0.004401,-0.005049,0.0,-0.001053,-0.00309,0.0,-0.007884,-0.001978,0.0,-0.003149,0.0,-0.00041,-0.001657,-0.001565,-0.003529,-0.002505,0.0,-0.0,-0.004234,-0.003906,-0.005355,0.0,0.0,-0.000334,0.0,0.0,-0.001483,-0.004127,-0.007777,-0.004151,0.0,-0.000653,-0.006579,-0.000792,-0.003716,0.0,-0.000844,-0.002026,-1e-05,-0.0,-0.004439,-0.005244,0.0,-0.000131,0.0,-0.002433,0.0,-0.003822,0.0,-0.002019,-0.007875,-0.000181,-0.000211,-0.00443,0.0,-0.0,0.0,-0.000231,-0.004268,-0.00532,0.0,-0.003119,-0.003256,-0.00693,-0.006976,0.0,-0.007096,-0.0,-0.005385,-0.001987,0.0,-0.001912,-0.008397,-0.005255,-0.005483,-0.004897,-0.007113,-0.002078,-0.000816,-0.001253,0.0,-0.000727,-0.003422,-0.003551,-0.005141
2017-05-28 14:52:00+02:00,0.0,0.0,-0.00064,-0.004993,-0.000586,-0.0,-0.001302,-0.002127,-0.004587,-6.6e-05,0.0,0.0,-0.005474,-0.005468,-0.002773,-0.006519,-0.000116,0.0,-0.0,-0.00748,0.0,-0.007597,-0.003873,0.0,-0.008124,-0.007444,-0.001825,0.0,-0.001122,-3.2e-05,0.0,-0.004809,0.0,-0.004688,-0.005268,0.0,-0.001224,-0.003352,0.0,-0.00822,-0.00215,0.0,-0.003386,0.0,-0.000464,-0.001833,-0.001682,-0.003723,-0.002692,0.0,-0.0,-0.004466,-0.004112,-0.00551,0.0,0.0,-0.000329,0.0,0.0,-0.001686,-0.004353,-0.008178,-0.004415,0.0,-0.000758,-0.006909,-0.000901,-0.003917,0.0,-0.000965,-0.002174,-8e-06,-0.0,-0.004688,-0.005424,0.0,-0.000105,0.0,-0.002672,0.0,-0.004022,0.0,-0.002215,-0.008284,-0.000145,-0.000169,-0.004569,0.0,-0.0,0.0,-0.000256,-0.004487,-0.005474,0.0,-0.003302,-0.003536,-0.007282,-0.00733,0.0,-0.007554,-0.0,-0.005684,-0.002125,0.0,-0.002077,-0.008653,-0.005409,-0.005838,-0.005171,-0.007479,-0.002249,-0.000911,-0.001368,0.0,-0.000877,-0.003665,-0.003791,-0.005296
2017-05-28 14:53:00+02:00,0.0,0.0,-0.000554,-0.005078,-0.000522,-0.0,-0.00133,-0.002177,-0.004715,-5.3e-05,0.0,0.0,-0.005598,-0.0056,-0.00281,-0.00664,-9.3e-05,0.0,-0.0,-0.007649,0.0,-0.00777,-0.003967,0.0,-0.008353,-0.007603,-0.001868,0.0,-0.001125,-2.6e-05,0.0,-0.004921,0.0,-0.004785,-0.005444,0.0,-0.001188,-0.003432,0.0,-0.008491,-0.002204,0.0,-0.003423,0.0,-0.000372,-0.001834,-0.001701,-0.003793,-0.002727,0.0,-0.0,-0.004557,-0.004192,-0.005634,0.0,0.0,-0.000263,0.0,0.0,-0.001716,-0.004441,-0.008492,-0.004485,0.0,-0.000691,-0.007041,-0.000917,-0.003993,0.0,-0.000981,-0.0022,-6e-06,-0.0,-0.004793,-0.005569,0.0,-8.4e-05,0.0,-0.002733,0.0,-0.004099,0.0,-0.002229,-0.008614,-0.000116,-0.000135,-0.00468,0.0,-0.0,0.0,-0.000205,-0.00458,-0.005598,0.0,-0.00336,-0.003569,-0.007438,-0.007487,0.0,-0.007715,-0.0,-0.005786,-0.002152,0.0,-0.002128,-0.008861,-0.005533,-0.005928,-0.005257,-0.007642,-0.002303,-0.000905,-0.001371,0.0,-0.000866,-0.003709,-0.003844,-0.005421
2017-05-28 14:54:00+02:00,0.0,0.0,-0.000443,-0.005079,-0.000418,-0.0,-0.001311,-0.002173,-0.004748,-4.2e-05,0.0,0.0,-0.005705,-0.005714,-0.002769,-0.006675,-7.4e-05,0.0,-0.0,-0.007735,0.0,-0.007858,-0.003963,0.0,-0.008415,-0.00767,-0.001861,0.0,-0.001085,-2.1e-05,0.0,-0.004935,0.0,-0.004786,-0.005593,0.0,-0.001062,-0.00342,0.0,-0.008722,-0.002199,0.0,-0.003397,0.0,-0.000297,-0.001761,-0.001678,-0.00382,-0.002691,0.0,-0.0,-0.004597,-0.004216,-0.005741,0.0,0.0,-0.000211,0.0,0.0,-0.001659,-0.004479,-0.00861,-0.004472,0.0,-0.000576,-0.007085,-0.000886,-0.004025,0.0,-0.000945,-0.002187,-5e-06,-0.0,-0.004845,-0.005692,0.0,-6.7e-05,0.0,-0.002704,0.0,-0.004122,0.0,-0.002166,-0.008746,-9.2e-05,-0.000108,-0.004775,0.0,-0.0,0.0,-0.000164,-0.004616,-0.005705,0.0,-0.003365,-0.003489,-0.007505,-0.007554,0.0,-0.007725,-0.0,-0.005802,-0.002142,0.0,-0.002121,-0.00904,-0.005639,-0.005887,-0.005261,-0.007712,-0.002299,-0.000858,-0.00134,0.0,-0.000774,-0.003689,-0.003817,-0.005528
2017-05-28 14:55:00+02:00,0.0,0.0,-0.000354,-0.005046,-0.000334,-0.0,-0.001292,-0.002164,-0.00476,-3.4e-05,0.0,0.0,-0.005767,-0.005782,-0.002732,-0.006664,-6e-05,0.0,-0.0,-0.007781,0.0,-0.007905,-0.003948,0.0,-0.008438,-0.007681,-0.001849,0.0,-0.001044,-1.7e-05,0.0,-0.004935,0.0,-0.004777,-0.005688,0.0,-0.000961,-0.003401,0.0,-0.008863,-0.00219,0.0,-0.003369,0.0,-0.000238,-0.001688,-0.001648,-0.00383,-0.002655,0.0,-0.0,-0.004619,-0.004213,-0.005803,0.0,0.0,-0.000169,0.0,0.0,-0.001611,-0.004499,-0.008678,-0.004432,0.0,-0.000488,-0.007079,-0.000859,-0.004038,0.0,-0.000915,-0.002173,-4e-06,-0.0,-0.004876,-0.005768,0.0,-5.4e-05,0.0,-0.002674,0.0,-0.004118,0.0,-0.002099,-0.008823,-7.4e-05,-8.6e-05,-0.004826,0.0,-0.0,0.0,-0.000131,-0.004621,-0.005767,0.0,-0.003351,-0.003416,-0.007519,-0.007568,0.0,-0.007711,-0.0,-0.005779,-0.002129,0.0,-0.002111,-0.00914,-0.005699,-0.00584,-0.005233,-0.007725,-0.002289,-0.000812,-0.001315,0.0,-0.000701,-0.003666,-0.00377,-0.005588
2017-05-28 14:56:00+02:00,0.0,0.0,-0.000283,-0.004925,-0.000267,-0.0,-0.001241,-0.002116,-0.004717,-2.7e-05,0.0,0.0,-0.005834,-0.005854,-0.002656,-0.006555,-4.8e-05,0.0,-0.0,-0.00775,0.0,-0.007874,-0.003863,0.0,-0.008367,-0.007583,-0.001801,0.0,-0.000966,-1.3e-05,0.0,-0.00488,0.0,-0.004716,-0.005722,0.0,-0.000822,-0.003315,0.0,-0.008917,-0.002138,0.0,-0.00329,0.0,-0.00019,-0.001551,-0.001579,-0.003802,-0.002584,0.0,-0.0,-0.004595,-0.004148,-0.005871,0.0,0.0,-0.000135,0.0,0.0,-0.001512,-0.004474,-0.008644,-0.004308,0.0,-0.00039,-0.006972,-0.000806,-0.004012,0.0,-0.000855,-0.002127,-3e-06,-0.0,-0.004858,-0.005847,0.0,-4.3e-05,0.0,-0.002584,0.0,-0.004053,0.0,-0.001963,-0.008797,-5.9e-05,-6.9e-05,-0.004881,0.0,-0.0,0.0,-0.000105,-0.004559,-0.005834,0.0,-0.003279,-0.003289,-0.007426,-0.007473,0.0,-0.007614,-0.0,-0.005663,-0.002088,0.0,-0.002059,-0.009247,-0.005766,-0.005725,-0.005116,-0.00763,-0.002237,-0.000731,-0.001262,0.0,-0.000585,-0.00359,-0.003644,-0.005654
2017-05-28 14:57:00+02:00,0.0,0.0,-0.000244,-0.004918,-0.000214,-0.0,-0.001238,-0.002111,-0.004717,-2.2e-05,0.0,0.0,-0.005838,-0.005863,-0.002652,-0.006547,-3.8e-05,0.0,-0.0,-0.007757,0.0,-0.00788,-0.003857,0.0,-0.008368,-0.007583,-0.001797,0.0,-0.000961,-1.1e-05,0.0,-0.004881,0.0,-0.004717,-0.005761,0.0,-0.000805,-0.003312,0.0,-0.008957,-0.002139,0.0,-0.003287,0.0,-0.000152,-0.001542,-0.001573,-0.0038,-0.002575,0.0,-0.0,-0.004602,-0.004152,-0.005877,0.0,0.0,-0.000108,0.0,0.0,-0.001509,-0.004479,-0.008682,-0.0043,0.0,-0.000369,-0.006965,-0.000803,-0.00401,0.0,-0.000853,-0.002128,-3e-06,-0.0,-0.004872,-0.005861,0.0,-3.4e-05,0.0,-0.002581,0.0,-0.004053,0.0,-0.001955,-0.008839,-4.7e-05,-5.5e-05,-0.004846,0.0,-0.0,0.0,-8.4e-05,-0.004564,-0.005838,0.0,-0.003282,-0.003274,-0.00743,-0.007477,0.0,-0.007601,-0.0,-0.005655,-0.002085,0.0,-0.002058,-0.00922,-0.005768,-0.005708,-0.005109,-0.007632,-0.002236,-0.000725,-0.001261,0.0,-0.000574,-0.003588,-0.003636,-0.005655
2017-05-28 14:58:00+02:00,0.0,0.0,-0.000195,-0.004811,-0.000171,-0.0,-0.001187,-0.002053,-0.004651,-1.7e-05,0.0,0.0,-0.005884,-0.005912,-0.002587,-0.006436,-3e-05,0.0,-0.0,-0.007647,0.0,-0.007771,-0.003752,0.0,-0.008254,-0.007476,-0.001742,0.0,-0.000904,-8e-06,0.0,-0.00481,0.0,-0.004646,-0.00576,0.0,-0.000709,-0.003213,0.0,-0.008946,-0.002079,0.0,-0.003195,0.0,-0.000122,-0.001442,-0.001517,-0.003739,-0.002512,0.0,-0.0,-0.004538,-0.004088,-0.005923,0.0,0.0,-8.6e-05,0.0,0.0,-0.001416,-0.004415,-0.008604,-0.004194,0.0,-0.000295,-0.006853,-0.000753,-0.003948,0.0,-0.000797,-0.002073,-2e-06,-0.0,-0.00481,-0.005914,0.0,-2.8e-05,0.0,-0.002484,0.0,-0.003989,0.0,-0.001854,-0.008767,-3.8e-05,-4.4e-05,-0.004883,0.0,-0.0,0.0,-6.7e-05,-0.004501,-0.005884,0.0,-0.003218,-0.003168,-0.007326,-0.007372,0.0,-0.007478,-0.0,-0.005546,-0.002033,0.0,-0.001998,-0.009286,-0.005812,-0.005593,-0.005001,-0.007527,-0.002175,-0.000667,-0.001209,0.0,-0.000478,-0.003495,-0.003531,-0.005698
2017-05-28 14:59:00+02:00,0.0,0.0,-0.000231,-0.004912,-0.000179,-0.0,-0.001219,-0.002089,-0.004717,-1.4e-05,0.0,0.0,-0.005907,-0.005939,-0.002647,-0.006544,-2.4e-05,0.0,-0.0,-0.007743,0.0,-0.007871,-0.003822,0.0,-0.008373,-0.007598,-0.001776,0.0,-0.00095,-7e-06,0.0,-0.004882,0.0,-0.004719,-0.005821,0.0,-0.000775,-0.003277,0.0,-0.009018,-0.002123,0.0,-0.003276,0.0,-9.7e-05,-0.00152,-0.001561,-0.003789,-0.002562,0.0,-0.0,-0.004604,-0.004165,-0.005947,0.0,0.0,-6.9e-05,0.0,0.0,-0.001477,-0.004478,-0.008749,-0.004289,0.0,-0.000352,-0.006965,-0.000785,-0.003999,0.0,-0.000834,-0.002125,-2e-06,-0.0,-0.004881,-0.005945,0.0,-2.2e-05,0.0,-0.002547,0.0,-0.004061,0.0,-0.001937,-0.00892,-3e-05,-3.5e-05,-0.004897,0.0,-0.0,0.0,-5.4e-05,-0.004582,-0.005907,0.0,-0.003289,-0.003248,-0.007445,-0.007491,0.0,-0.007576,-0.0,-0.005649,-0.002077,0.0,-0.00204,-0.009313,-0.005834,-0.005679,-0.005096,-0.007649,-0.002219,-0.000711,-0.001254,0.0,-0.000531,-0.003574,-0.003621,-0.005718
2017-05-28 15:00:00+02:00,0.0,0.0,-0.000207,-0.004889,-0.000143,-0.0,-0.001202,-0.002066,-0.004701,-1.1e-05,0.0,0.0,-0.005882,-0.005928,-0.00264,-0.006517,-2e-05,0.0,-0.0,-0.007708,0.0,-0.007836,-0.00378,0.0,-0.008347,-0.007575,-0.001754,0.0,-0.000942,-5e-06,0.0,-0.00487,0.0,-0.004709,-0.005847,0.0,-0.000767,-0.00324,0.0,-0.009035,-0.002102,0.0,-0.003265,0.0,-7.8e-05,-0.001507,-0.00155,-0.003769,-0.002549,0.0,-0.0,-0.00459,-0.004156,-0.005928,0.0,0.0,-5.5e-05,0.0,0.0,-0.001451,-0.004462,-0.008742,-0.004268,0.0,-0.000343,-0.006939,-0.00077,-0.003978,0.0,-0.00082,-0.002119,-1e-06,-0.0,-0.00487,-0.005946,0.0,-1.8e-05,0.0,-0.002515,0.0,-0.004049,0.0,-0.001923,-0.008917,-2.4e-05,-2.8e-05,-0.004832,0.0,-0.0,0.0,-4.3e-05,-0.004574,-0.005882,0.0,-0.003281,-0.003231,-0.007426,-0.007471,0.0,-0.007545,-0.0,-0.005624,-0.002068,0.0,-0.002019,-0.009211,-0.005799,-0.005653,-0.005072,-0.007628,-0.002197,-0.000704,-0.001251,0.0,-0.000507,-0.003561,-0.003601,-0.005675
2017-05-28 15:01:00+02:00,0.0,0.0,-0.000166,-0.004663,-0.000115,-0.0,-0.001142,-0.001965,-0.004156,-9e-06,0.0,0.0,-0.004664,-0.004713,-0.002539,-0.006233,-1.6e-05,0.0,-0.0,-0.007229,0.0,-0.00733,-0.003601,0.0,-0.007414,-0.007258,-0.00167,0.0,-0.000897,-4e-06,0.0,-0.004584,0.0,-0.004529,-0.004737,0.0,-0.000746,-0.0031,0.0,-0.007229,-0.002012,0.0,-0.003055,0.0,-6.2e-05,-0.001436,-0.001475,-0.003536,-0.002441,0.0,-0.0,-0.004321,-0.003982,-0.004713,0.0,0.0,-4.4e-05,0.0,0.0,-0.001379,-0.004196,-0.00733,-0.004071,0.0,-0.000283,-0.006639,-0.00073,-0.003732,0.0,-0.000778,-0.001987,-1e-06,-0.0,-0.004587,-0.004737,0.0,-1.4e-05,0.0,-0.002401,0.0,-0.003873,0.0,-0.001832,-0.007398,-1.9e-05,-2.3e-05,-0.003766,0.0,-0.0,0.0,-3.4e-05,-0.004385,-0.004664,0.0,-0.003143,-0.003102,-0.007115,-0.007135,0.0,-0.007229,-0.0,-0.005371,-0.001936,0.0,-0.001927,-0.007281,-0.004584,-0.005428,-0.004853,-0.007229,-0.002096,-0.00067,-0.001165,0.0,-0.000475,-0.003338,-0.003437,-0.00447
2017-05-28 15:02:00+02:00,0.0,0.0,-0.000132,-0.00418,-9.2e-05,-0.0,-0.000962,-0.001751,-0.003938,-7e-06,0.0,0.0,-0.00483,-0.004748,-0.002287,-0.005708,-1.2e-05,0.0,-0.0,-0.006529,0.0,-0.006617,-0.003209,0.0,-0.007028,-0.00671,-0.001476,0.0,-0.000717,-3e-06,0.0,-0.004298,0.0,-0.004221,-0.004611,0.0,-0.000597,-0.00274,0.0,-0.007056,-0.001786,0.0,-0.002568,0.0,-5e-05,-0.001149,-0.001255,-0.003174,-0.002209,0.0,-0.0,-0.003892,-0.003648,-0.00487,0.0,0.0,-3.5e-05,0.0,0.0,-0.001104,-0.003778,-0.007033,-0.003607,0.0,-0.000226,-0.006103,-0.000584,-0.003358,0.0,-0.000622,-0.001686,-1e-06,-0.0,-0.004136,-0.004719,0.0,-1.1e-05,0.0,-0.002058,0.0,-0.003549,0.0,-0.001465,-0.007116,-1.6e-05,-1.8e-05,-0.003862,0.0,-0.0,0.0,-2.7e-05,-0.004044,-0.004779,0.0,-0.002831,-0.002734,-0.006586,-0.006607,0.0,-0.006751,-0.0,-0.004869,-0.001658,0.0,-0.001706,-0.007544,-0.004725,-0.004998,-0.004374,-0.006702,-0.001862,-0.000536,-0.000932,0.0,-0.00038,-0.002844,-0.002999,-0.004562
2017-05-28 15:03:00+02:00,0.0,0.0,-0.000613,-0.005051,-0.000621,-0.0,-0.001322,-0.00216,-0.004291,-0.000143,0.0,0.0,-0.005117,-0.00506,-0.002813,-0.006558,-0.000208,0.0,-1.6e-05,-0.00719,0.0,-0.00731,-0.003975,0.0,-0.007684,-0.00736,-0.00186,0.0,-0.001111,-7.8e-05,0.0,-0.004675,0.0,-0.004638,-0.004955,0.0,-0.001223,-0.003452,0.0,-0.007612,-0.002237,0.0,-0.003254,0.0,-0.00053,-0.001828,-0.001652,-0.003607,-0.002693,0.0,-0.0,-0.004351,-0.004171,-0.005158,0.0,0.0,-0.000382,0.0,0.0,-0.001738,-0.004235,-0.007643,-0.004444,0.0,-0.000737,-0.006875,-0.00092,-0.00378,0.0,-0.000998,-0.002096,-6.9e-05,-0.0,-0.004571,-0.005041,0.0,-0.000231,0.0,-0.002741,0.0,-0.004052,0.0,-0.002191,-0.007746,-0.000299,-0.000274,-0.004133,0.0,-0.0,0.0,-0.0003,-0.004472,-0.005076,0.0,-0.003371,-0.003528,-0.007188,-0.007212,0.0,-0.007368,-0.0,-0.00576,-0.002034,0.0,-0.002142,-0.008027,-0.005017,-0.005881,-0.005212,-0.007329,-0.00231,-0.000911,-0.001298,0.0,-0.000946,-0.003526,-0.003788,-0.004862
2017-05-28 15:04:00+02:00,0.0,0.0,-0.000667,-0.00545,-0.000724,-0.0,-0.001455,-0.002329,-0.004585,-0.000114,0.0,0.0,-0.005357,-0.00532,-0.003038,-0.007039,-0.000166,0.0,-1.3e-05,-0.007614,0.0,-0.007738,-0.004296,0.0,-0.008241,-0.007912,-0.002016,0.0,-0.001245,-6.2e-05,0.0,-0.004988,0.0,-0.004982,-0.00524,0.0,-0.001413,-0.003745,0.0,-0.008089,-0.00242,0.0,-0.003493,0.0,-0.000591,-0.002059,-0.001811,-0.003798,-0.002906,0.0,-0.0,-0.004579,-0.004462,-0.005398,0.0,0.0,-0.000345,0.0,0.0,-0.00195,-0.004457,-0.008162,-0.004813,0.0,-0.000813,-0.007398,-0.001031,-0.003982,0.0,-0.00112,-0.002238,-5.5e-05,-0.0,-0.004815,-0.005309,0.0,-0.000185,0.0,-0.003003,0.0,-0.004337,0.0,-0.002454,-0.00828,-0.000239,-0.000219,-0.004363,0.0,-0.0,0.0,-0.000327,-0.004807,-0.005324,0.0,-0.003614,-0.003856,-0.007703,-0.00773,0.0,-0.007893,-0.0,-0.006187,-0.00217,0.0,-0.002318,-0.008446,-0.005261,-0.006312,-0.005605,-0.007862,-0.002491,-0.00103,-0.001406,0.0,-0.001096,-0.003772,-0.004122,-0.005113
2017-05-28 15:05:00+02:00,0.0,0.0,-0.000573,-0.005621,-0.000642,-0.0,-0.001479,-0.002377,-0.004821,-9.1e-05,0.0,0.0,-0.005549,-0.005528,-0.003125,-0.007288,-0.000133,0.0,-1e-05,-0.007851,0.0,-0.007974,-0.004395,0.0,-0.008696,-0.008264,-0.002058,0.0,-0.001265,-5e-05,0.0,-0.005237,0.0,-0.005185,-0.005468,0.0,-0.001419,-0.003829,0.0,-0.008485,-0.002468,0.0,-0.003559,0.0,-0.000476,-0.002091,-0.001859,-0.003888,-0.002993,0.0,-0.0,-0.004689,-0.004604,-0.005591,0.0,0.0,-0.000276,0.0,0.0,-0.001967,-0.004563,-0.00859,-0.00496,0.0,-0.000737,-0.007683,-0.001038,-0.00408,0.0,-0.001124,-0.002275,-4.4e-05,-0.0,-0.004938,-0.005524,0.0,-0.000148,0.0,-0.003062,0.0,-0.004478,0.0,-0.002509,-0.008719,-0.000191,-0.000175,-0.004551,0.0,-0.0,0.0,-0.000262,-0.004987,-0.005523,0.0,-0.003715,-0.003976,-0.00807,-0.0081,0.0,-0.008282,-0.0,-0.006387,-0.00221,0.0,-0.002363,-0.008794,-0.005456,-0.006531,-0.005784,-0.008244,-0.002539,-0.001036,-0.001416,0.0,-0.001061,-0.003848,-0.004243,-0.005314
2017-05-28 15:06:00+02:00,0.0,0.0,-0.000459,-0.005665,-0.000514,-0.0,-0.00146,-0.002375,-0.004986,-7.3e-05,0.0,0.0,-0.005684,-0.005677,-0.003121,-0.007398,-0.000106,0.0,-8e-06,-0.007958,0.0,-0.008073,-0.004401,0.0,-0.009013,-0.008457,-0.002053,0.0,-0.001232,-4e-05,0.0,-0.005355,0.0,-0.005264,-0.005633,0.0,-0.001326,-0.003832,0.0,-0.008791,-0.002461,0.0,-0.003529,0.0,-0.000381,-0.002033,-0.001851,-0.003908,-0.002996,0.0,-0.0,-0.004717,-0.004655,-0.005727,0.0,0.0,-0.000221,0.0,0.0,-0.001911,-0.004589,-0.008915,-0.004987,0.0,-0.000596,-0.007821,-0.001006,-0.004106,0.0,-0.001084,-0.002252,-3.5e-05,-0.0,-0.004974,-0.005678,0.0,-0.000118,0.0,-0.003042,0.0,-0.004529,0.0,-0.002467,-0.009049,-0.000153,-0.00014,-0.004689,0.0,-0.0,0.0,-0.000209,-0.005067,-0.005663,0.0,-0.003735,-0.003965,-0.008283,-0.008316,0.0,-0.008477,-0.0,-0.006456,-0.002196,0.0,-0.002354,-0.009059,-0.005594,-0.006601,-0.005846,-0.008463,-0.002532,-0.000993,-0.001376,0.0,-0.000962,-0.003829,-0.004255,-0.005456
2017-05-28 15:07:00+02:00,0.0,0.0,-0.000367,-0.005619,-0.000411,-0.0,-0.00142,-0.002346,-0.005052,-5.9e-05,0.0,0.0,-0.005788,-0.005792,-0.003058,-0.007406,-8.5e-05,0.0,-7e-06,-0.007959,0.0,-0.008064,-0.004356,0.0,-0.009155,-0.008529,-0.002024,0.0,-0.001163,-3.2e-05,0.0,-0.005377,0.0,-0.005256,-0.005762,0.0,-0.001175,-0.003792,0.0,-0.009048,-0.002424,0.0,-0.003425,0.0,-0.000305,-0.001914,-0.001805,-0.003875,-0.002943,0.0,-0.0,-0.004679,-0.004638,-0.005832,0.0,0.0,-0.000177,0.0,0.0,-0.001818,-0.004551,-0.009166,-0.00493,0.0,-0.000477,-0.007852,-0.000955,-0.004076,0.0,-0.001023,-0.002185,-2.8e-05,-0.0,-0.004943,-0.005798,0.0,-9.5e-05,0.0,-0.002981,0.0,-0.004515,0.0,-0.002358,-0.009314,-0.000122,-0.000112,-0.0048,0.0,-0.0,0.0,-0.000167,-0.005073,-0.005772,0.0,-0.003697,-0.003868,-0.00838,-0.008413,0.0,-0.008533,-0.0,-0.006431,-0.00214,0.0,-0.002318,-0.009281,-0.0057,-0.006566,-0.005819,-0.008559,-0.002494,-0.000917,-0.001299,0.0,-0.000835,-0.003735,-0.004188,-0.005566
2017-05-28 15:08:00+02:00,0.0,0.0,-0.000294,-0.005577,-0.000329,-0.0,-0.001386,-0.002318,-0.005095,-4.7e-05,0.0,0.0,-0.005863,-0.005876,-0.003004,-0.007406,-6.8e-05,0.0,-5e-06,-0.007961,0.0,-0.008056,-0.004316,0.0,-0.009254,-0.008577,-0.001999,0.0,-0.001109,-2.6e-05,0.0,-0.005385,0.0,-0.005242,-0.005857,0.0,-0.001054,-0.003758,0.0,-0.009242,-0.002392,0.0,-0.003346,0.0,-0.000244,-0.001822,-0.001767,-0.003846,-0.002897,0.0,-0.0,-0.004648,-0.00462,-0.005908,0.0,0.0,-0.000141,0.0,0.0,-0.001744,-0.004519,-0.009352,-0.00488,0.0,-0.000381,-0.007868,-0.000914,-0.004051,0.0,-0.000974,-0.002133,-2.3e-05,-0.0,-0.004916,-0.005885,0.0,-7.6e-05,0.0,-0.002931,0.0,-0.004497,0.0,-0.002272,-0.009508,-9.8e-05,-9e-05,-0.00488,0.0,-0.0,0.0,-0.000134,-0.005071,-0.00585,0.0,-0.003664,-0.003788,-0.008449,-0.008483,0.0,-0.008567,-0.0,-0.006405,-0.002096,0.0,-0.002286,-0.009447,-0.005776,-0.006532,-0.005796,-0.008625,-0.00246,-0.000857,-0.00124,0.0,-0.000734,-0.003665,-0.004134,-0.005645
2017-05-28 15:09:00+02:00,0.0,0.0,-0.000235,-0.005221,-0.000263,-0.0,-0.001262,-0.002149,-0.004232,-3.7e-05,0.0,0.0,-0.00465,-0.004696,-0.002786,-0.007002,-5.5e-05,0.0,-4e-06,-0.00755,0.0,-0.007621,-0.004012,0.0,-0.007867,-0.007801,-0.001849,0.0,-0.000989,-2e-05,0.0,-0.004579,0.0,-0.004696,-0.004722,0.0,-0.000876,-0.0035,0.0,-0.007773,-0.002212,0.0,-0.003092,0.0,-0.000195,-0.001621,-0.001627,-0.003611,-0.002689,0.0,-0.0,-0.004367,-0.004343,-0.004696,0.0,0.0,-0.000113,0.0,0.0,-0.001549,-0.004245,-0.007825,-0.004557,0.0,-0.000305,-0.007453,-0.000808,-0.003808,0.0,-0.000856,-0.001968,-1.8e-05,-0.0,-0.004628,-0.004722,0.0,-6.1e-05,0.0,-0.002698,0.0,-0.004226,0.0,-0.002052,-0.007858,-7.8e-05,-7.2e-05,-0.003938,0.0,-0.0,0.0,-0.000107,-0.004579,-0.00465,0.0,-0.003427,-0.003501,-0.00772,-0.007727,0.0,-0.007773,-0.0,-0.006027,-0.001941,0.0,-0.002112,-0.007801,-0.004579,-0.006157,-0.005462,-0.007773,-0.002276,-0.000747,-0.001117,0.0,-0.000587,-0.003405,-0.003849,-0.004483
2017-05-28 15:10:00+02:00,0.0,0.0,-0.000188,-0.004401,-0.000211,-0.0,-0.001009,-0.001788,-0.00376,-3e-05,0.0,0.0,-0.004367,-0.00438,-0.002333,-0.006051,-4.4e-05,0.0,-3e-06,-0.006548,0.0,-0.006598,-0.00334,0.0,-0.006987,-0.006835,-0.001523,0.0,-0.000791,-1.6e-05,0.0,-0.004039,0.0,-0.004108,-0.004291,0.0,-0.000701,-0.002888,0.0,-0.007079,-0.001828,0.0,-0.002474,0.0,-0.000156,-0.001297,-0.001302,-0.003099,-0.002266,0.0,-0.0,-0.003761,-0.003743,-0.00441,0.0,0.0,-9.1e-05,0.0,0.0,-0.001239,-0.003653,-0.007022,-0.003796,0.0,-0.000244,-0.006468,-0.000646,-0.003277,0.0,-0.000685,-0.001592,-1.4e-05,-0.0,-0.003993,-0.004368,0.0,-4.9e-05,0.0,-0.002159,0.0,-0.003643,0.0,-0.001641,-0.007057,-6.3e-05,-5.7e-05,-0.003709,0.0,-0.0,0.0,-8.6e-05,-0.003987,-0.004367,0.0,-0.002903,-0.002864,-0.006785,-0.006793,0.0,-0.006841,-0.0,-0.005148,-0.001585,0.0,-0.001742,-0.007403,-0.0043,-0.005313,-0.004645,-0.006833,-0.001886,-0.000597,-0.000894,0.0,-0.00047,-0.002766,-0.003155,-0.004212
2017-05-28 15:11:00+02:00,0.0,0.0,-0.00015,-0.00393,-0.000168,-0.0,-0.000834,-0.001573,-0.003504,-2.4e-05,0.0,0.0,-0.004374,-0.004285,-0.002045,-0.005518,-3.5e-05,0.0,-3e-06,-0.005949,0.0,-0.005987,-0.00294,0.0,-0.006499,-0.006324,-0.001326,0.0,-0.000633,-1.3e-05,0.0,-0.003735,0.0,-0.00376,-0.004089,0.0,-0.000561,-0.002522,0.0,-0.006725,-0.001598,0.0,-0.002095,0.0,-0.000125,-0.001038,-0.001105,-0.002793,-0.001995,0.0,-0.0,-0.003402,-0.003411,-0.004412,0.0,0.0,-7.2e-05,0.0,0.0,-0.000991,-0.003302,-0.00658,-0.003355,0.0,-0.000195,-0.00592,-0.000517,-0.00296,0.0,-0.000548,-0.00136,-1.2e-05,-0.0,-0.003619,-0.004236,0.0,-3.9e-05,0.0,-0.001822,0.0,-0.003319,0.0,-0.001313,-0.006624,-5e-05,-4.6e-05,-0.003652,0.0,-0.0,0.0,-6.9e-05,-0.003674,-0.004331,0.0,-0.002606,-0.00245,-0.006293,-0.006302,0.0,-0.006281,-0.0,-0.00465,-0.001367,0.0,-0.00152,-0.007358,-0.004286,-0.004778,-0.00418,-0.006344,-0.001653,-0.000478,-0.000715,0.0,-0.000376,-0.002376,-0.00275,-0.004153
2017-05-28 15:12:00+02:00,0.0,0.0,-0.000415,-0.004388,-0.000446,-0.0,-0.001038,-0.001786,-0.003758,-5.9e-05,0.0,0.0,-0.004557,-0.004498,-0.002312,-0.005976,-8.7e-05,0.0,-2e-06,-0.006372,0.0,-0.006407,-0.003353,0.0,-0.006963,-0.006795,-0.001531,0.0,-0.000859,-1e-05,0.0,-0.004029,0.0,-0.004055,-0.004347,0.0,-0.000926,-0.002935,0.0,-0.007106,-0.001836,0.0,-0.002517,0.0,-0.000365,-0.001448,-0.001333,-0.003003,-0.002226,0.0,-0.0,-0.003646,-0.003686,-0.004599,0.0,0.0,-0.000245,0.0,0.0,-0.001369,-0.003539,-0.007009,-0.003813,0.0,-0.000487,-0.006382,-0.000707,-0.00317,0.0,-0.000758,-0.001602,-9e-06,-0.0,-0.003874,-0.004465,0.0,-9.8e-05,0.0,-0.002235,0.0,-0.00358,0.0,-0.001747,-0.007059,-0.000143,-0.00014,-0.003801,0.0,-0.0,0.0,-0.0002,-0.003972,-0.004523,0.0,-0.002887,-0.002888,-0.006742,-0.006751,0.0,-0.00675,-0.0,-0.005105,-0.001584,0.0,-0.00175,-0.007622,-0.004469,-0.005203,-0.004636,-0.006801,-0.00189,-0.000693,-0.000933,0.0,-0.000702,-0.002795,-0.003208,-0.004339
2017-05-28 15:13:00+02:00,0.0,0.0,-0.000332,-0.004381,-0.000357,-0.0,-0.001037,-0.00178,-0.00381,-4.7e-05,0.0,0.0,-0.004742,-0.004706,-0.002294,-0.00596,-7e-05,0.0,-2e-06,-0.006355,0.0,-0.006387,-0.003348,0.0,-0.007043,-0.006823,-0.001528,0.0,-0.000851,-8e-06,0.0,-0.004056,0.0,-0.004045,-0.004494,0.0,-0.000877,-0.002937,0.0,-0.007308,-0.001834,0.0,-0.002537,0.0,-0.000292,-0.001432,-0.001335,-0.002991,-0.002203,0.0,-0.0,-0.003636,-0.003678,-0.004787,0.0,0.0,-0.000196,0.0,0.0,-0.001355,-0.003527,-0.007119,-0.003812,0.0,-0.00042,-0.006365,-0.000698,-0.003156,0.0,-0.000747,-0.001611,-7e-06,-0.0,-0.003866,-0.004686,0.0,-7.9e-05,0.0,-0.002242,0.0,-0.003569,0.0,-0.001743,-0.007182,-0.000114,-0.000112,-0.003947,0.0,-0.0,0.0,-0.00016,-0.003983,-0.004715,0.0,-0.002886,-0.00287,-0.006783,-0.006795,0.0,-0.006735,-0.0,-0.005093,-0.001589,0.0,-0.001748,-0.007883,-0.004653,-0.005154,-0.00463,-0.00685,-0.001887,-0.000677,-0.000937,0.0,-0.000653,-0.002813,-0.003214,-0.004524
2017-05-28 15:14:00+02:00,0.0,0.0,-0.000304,-0.004296,-0.000323,-0.0,-0.001027,-0.001745,-0.003758,-3.7e-05,0.0,0.0,-0.004533,-0.004587,-0.002245,-0.005829,-5.6e-05,0.0,-1e-06,-0.006226,0.0,-0.00625,-0.00329,0.0,-0.006943,-0.006698,-0.001501,0.0,-0.000845,-7e-06,0.0,-0.003983,0.0,-0.003948,-0.004488,0.0,-0.000865,-0.002901,0.0,-0.007295,-0.0018,0.0,-0.002524,0.0,-0.000234,-0.001427,-0.001321,-0.00292,-0.002147,0.0,-0.0,-0.003551,-0.003589,-0.004587,0.0,0.0,-0.000157,0.0,0.0,-0.001348,-0.003444,-0.007041,-0.003749,0.0,-0.000403,-0.006222,-0.000691,-0.00308,0.0,-0.000739,-0.001595,-6e-06,-0.0,-0.003779,-0.004618,0.0,-6.3e-05,0.0,-0.002227,0.0,-0.003479,0.0,-0.001737,-0.007106,-9.1e-05,-9e-05,-0.003762,0.0,-0.0,0.0,-0.000128,-0.003897,-0.004533,0.0,-0.002827,-0.002826,-0.006675,-0.006687,0.0,-0.006592,-0.0,-0.004988,-0.001569,0.0,-0.001716,-0.007487,-0.004453,-0.005032,-0.004548,-0.00674,-0.001852,-0.000671,-0.000936,0.0,-0.000641,-0.002794,-0.003175,-0.004347
2017-05-28 15:15:00+02:00,0.0,0.0,-0.000243,-0.003765,-0.000259,-0.0,-0.000844,-0.00151,-0.003388,-3e-05,0.0,0.0,-0.004297,-0.004265,-0.001927,-0.005208,-4.5e-05,0.0,-1e-06,-0.00557,0.0,-0.005584,-0.002849,0.0,-0.006257,-0.006044,-0.001288,0.0,-0.000676,-5e-06,0.0,-0.003574,0.0,-0.003523,-0.004092,0.0,-0.000692,-0.002495,0.0,-0.006651,-0.00155,0.0,-0.002123,0.0,-0.000187,-0.001142,-0.001109,-0.002592,-0.001852,0.0,-0.0,-0.003164,-0.003204,-0.004343,0.0,0.0,-0.000125,0.0,0.0,-0.001079,-0.003066,-0.006367,-0.003256,0.0,-0.000322,-0.005577,-0.000553,-0.00274,0.0,-0.000591,-0.001352,-5e-06,-0.0,-0.003373,-0.00426,0.0,-5e-05,0.0,-0.001861,0.0,-0.003105,0.0,-0.00139,-0.006428,-7.3e-05,-7.2e-05,-0.003525,0.0,-0.0,0.0,-0.000102,-0.003503,-0.004263,0.0,-0.00249,-0.002372,-0.006037,-0.00605,0.0,-0.005901,-0.0,-0.004417,-0.00134,0.0,-0.001474,-0.007087,-0.004203,-0.004429,-0.004014,-0.006097,-0.001598,-0.000537,-0.000749,0.0,-0.000512,-0.002377,-0.002724,-0.004069
2017-05-28 15:16:00+02:00,0.0,0.0,-0.000194,-0.003504,-0.000207,-0.0,-0.000765,-0.001397,-0.003141,-2.4e-05,0.0,0.0,-0.004141,-0.004038,-0.001717,-0.00488,-3.6e-05,0.0,-1e-06,-0.005177,0.0,-0.005185,-0.002638,0.0,-0.005796,-0.005695,-0.001187,0.0,-0.000591,-4e-06,0.0,-0.003301,0.0,-0.003231,-0.003805,0.0,-0.000553,-0.002307,0.0,-0.006171,-0.001432,0.0,-0.001915,0.0,-0.00015,-0.000989,-0.001016,-0.002398,-0.001654,0.0,-0.0,-0.002936,-0.003003,-0.004183,0.0,0.0,-0.0001,0.0,0.0,-0.000938,-0.002843,-0.005876,-0.003021,0.0,-0.000258,-0.005232,-0.00048,-0.002537,0.0,-0.000509,-0.001224,-4e-06,-0.0,-0.003134,-0.004004,0.0,-4e-05,0.0,-0.001703,0.0,-0.002908,0.0,-0.001236,-0.005935,-5.9e-05,-5.7e-05,-0.003357,0.0,-0.0,0.0,-8.2e-05,-0.003296,-0.00408,0.0,-0.002324,-0.002078,-0.005698,-0.00571,0.0,-0.005425,-0.0,-0.004125,-0.001217,0.0,-0.001361,-0.006811,-0.004036,-0.004011,-0.003747,-0.005754,-0.001478,-0.00045,-0.000648,0.0,-0.00041,-0.002157,-0.002519,-0.003877
2017-05-28 15:17:00+02:00,0.0,0.0,-0.00029,-0.003825,-0.000353,-0.0,-0.000901,-0.001548,-0.00329,-1.9e-05,0.0,0.0,-0.004478,-0.004293,-0.001828,-0.005207,-2.9e-05,0.0,-1e-06,-0.00545,0.0,-0.005468,-0.002927,0.0,-0.006062,-0.006056,-0.001329,0.0,-0.000736,-3e-06,0.0,-0.003451,0.0,-0.003362,-0.00398,0.0,-0.000645,-0.002578,0.0,-0.006411,-0.001603,0.0,-0.002162,0.0,-0.000265,-0.001242,-0.001165,-0.002544,-0.001748,0.0,-0.0,-0.003112,-0.003218,-0.004518,0.0,0.0,-0.000119,0.0,0.0,-0.001178,-0.003014,-0.006098,-0.003334,0.0,-0.000373,-0.005564,-0.000603,-0.002685,0.0,-0.000647,-0.001372,-3e-06,-0.0,-0.003319,-0.004226,0.0,-3.2e-05,0.0,-0.00197,0.0,-0.003113,0.0,-0.001513,-0.006172,-4.7e-05,-4.6e-05,-0.003583,0.0,-0.0,0.0,-0.000142,-0.003522,-0.004381,0.0,-0.002531,-0.002244,-0.00605,-0.006064,0.0,-0.005618,-0.0,-0.004447,-0.001349,0.0,-0.001526,-0.007309,-0.00435,-0.004164,-0.004052,-0.00612,-0.001649,-0.000584,-0.000777,0.0,-0.000597,-0.002401,-0.002818,-0.004147
2017-05-28 15:18:00+02:00,0.0,0.0,-0.000762,-0.004806,-0.000864,-0.0,-0.001272,-0.001989,-0.003774,-0.000179,0.0,0.0,-0.004849,-0.004713,-0.00234,-0.006199,-0.000251,0.0,-4.8e-05,-0.006371,0.0,-0.006431,-0.003761,0.0,-0.006958,-0.006878,-0.001736,0.0,-0.001143,-9.4e-05,0.0,-0.004008,0.0,-0.003969,-0.00447,0.0,-0.001176,-0.003344,0.0,-0.007139,-0.002086,0.0,-0.002941,0.0,-0.000737,-0.001953,-0.001589,-0.003087,-0.002213,0.0,-0.0,-0.003736,-0.003841,-0.004893,0.0,0.0,-0.000478,0.0,0.0,-0.001823,-0.003629,-0.006936,-0.004264,0.0,-0.000879,-0.006485,-0.000938,-0.003242,0.0,-0.001024,-0.00184,-0.000101,-0.0,-0.003934,-0.004666,0.0,-0.000298,0.0,-0.002693,0.0,-0.003709,0.0,-0.002278,-0.007033,-0.000363,-0.000324,-0.003909,0.0,-0.0,0.0,-0.000407,-0.004064,-0.004772,0.0,-0.003148,-0.002995,-0.006818,-0.006831,0.0,-0.006505,-0.0,-0.005458,-0.001779,0.0,-0.001992,-0.007881,-0.004726,-0.005034,-0.004996,-0.006907,-0.002135,-0.000969,-0.001174,0.0,-0.001148,-0.003183,-0.003685,-0.004536
2017-05-28 15:19:00+02:00,0.0,0.0,-0.000863,-0.005244,-0.001009,-0.0,-0.001425,-0.002184,-0.004032,-0.000155,0.0,0.0,-0.005016,-0.004921,-0.002609,-0.006715,-0.000201,0.0,-3.9e-05,-0.006905,0.0,-0.006983,-0.004134,0.0,-0.007437,-0.007326,-0.001912,0.0,-0.001302,-7.5e-05,0.0,-0.004322,0.0,-0.004325,-0.004734,0.0,-0.001389,-0.003692,0.0,-0.00752,-0.002302,0.0,-0.003261,0.0,-0.000853,-0.002232,-0.001766,-0.003343,-0.00245,0.0,-0.0,-0.004059,-0.004173,-0.005065,0.0,0.0,-0.000508,0.0,0.0,-0.002081,-0.003939,-0.007387,-0.004676,0.0,-0.000999,-0.007012,-0.001067,-0.003508,0.0,-0.00117,-0.002036,-8e-05,-0.0,-0.004289,-0.004891,0.0,-0.000258,0.0,-0.003008,0.0,-0.004025,0.0,-0.002586,-0.00749,-0.000363,-0.000286,-0.00405,0.0,-0.0,0.0,-0.000469,-0.004367,-0.004954,0.0,-0.003438,-0.003368,-0.007241,-0.007253,0.0,-0.007013,-0.0,-0.005923,-0.001958,0.0,-0.002198,-0.008128,-0.004897,-0.005516,-0.005436,-0.007334,-0.002353,-0.001112,-0.001323,0.0,-0.001338,-0.003514,-0.004066,-0.004716
2017-05-28 15:20:00+02:00,0.0,0.0,-0.00069,-0.004881,-0.000807,-0.0,-0.001297,-0.002021,-0.003849,-0.000124,0.0,0.0,-0.00432,-0.004379,-0.002422,-0.006314,-0.00016,0.0,-3.1e-05,-0.006528,0.0,-0.006587,-0.003833,0.0,-0.007123,-0.006971,-0.001765,0.0,-0.001163,-6e-05,0.0,-0.004118,0.0,-0.004094,-0.004415,0.0,-0.001168,-0.003423,0.0,-0.007067,-0.002127,0.0,-0.002979,0.0,-0.000682,-0.00199,-0.001619,-0.003127,-0.002275,0.0,-0.0,-0.00381,-0.003916,-0.004379,0.0,0.0,-0.000407,0.0,0.0,-0.001856,-0.003694,-0.007094,-0.00434,0.0,-0.000799,-0.006616,-0.000949,-0.003286,0.0,-0.001037,-0.001864,-6.4e-05,-0.0,-0.004037,-0.004415,0.0,-0.000207,0.0,-0.002762,0.0,-0.003775,0.0,-0.00233,-0.007156,-0.00029,-0.000229,-0.003534,0.0,-0.0,0.0,-0.000375,-0.00413,-0.00432,0.0,-0.003207,-0.003104,-0.006914,-0.006926,0.0,-0.00668,-0.0,-0.00554,-0.001797,0.0,-0.002029,-0.007093,-0.004233,-0.005189,-0.005087,-0.006998,-0.002176,-0.000977,-0.001178,0.0,-0.001121,-0.003229,-0.003763,-0.004124
2017-05-28 15:21:00+02:00,0.0,0.0,-0.000552,-0.004106,-0.000646,-0.0,-0.001037,-0.001674,-0.0034,-9.9e-05,0.0,0.0,-0.004062,-0.004034,-0.001997,-0.005459,-0.000128,0.0,-2.5e-05,-0.005651,0.0,-0.005694,-0.003173,0.0,-0.006288,-0.006119,-0.001444,0.0,-0.00093,-4.8e-05,0.0,-0.00362,0.0,-0.003573,-0.003959,0.0,-0.000935,-0.002805,0.0,-0.006333,-0.001749,0.0,-0.002383,0.0,-0.000546,-0.001592,-0.001295,-0.002676,-0.00189,0.0,-0.0,-0.00328,-0.003387,-0.004113,0.0,0.0,-0.000325,0.0,0.0,-0.001485,-0.003177,-0.006279,-0.003604,0.0,-0.000639,-0.005752,-0.00076,-0.002822,0.0,-0.000829,-0.001491,-5.2e-05,-0.0,-0.003487,-0.004032,0.0,-0.000165,0.0,-0.00221,0.0,-0.003266,0.0,-0.001864,-0.006338,-0.000232,-0.000183,-0.00328,0.0,-0.0,0.0,-0.0003,-0.00361,-0.00403,0.0,-0.002718,-0.002483,-0.006085,-0.006096,0.0,-0.005855,-0.0,-0.004727,-0.001446,0.0,-0.001664,-0.006649,-0.003964,-0.004435,-0.004316,-0.006159,-0.001794,-0.000782,-0.000942,0.0,-0.000897,-0.002583,-0.003074,-0.003828
2017-05-28 15:22:00+02:00,0.0,0.0,-0.000442,-0.003989,-0.000516,-0.0,-0.000997,-0.001626,-0.0034,-8e-05,0.0,0.0,-0.004328,-0.00423,-0.001984,-0.005319,-0.000103,0.0,-2e-05,-0.005492,0.0,-0.00553,-0.003084,0.0,-0.006278,-0.006015,-0.0014,0.0,-0.000875,-3.9e-05,0.0,-0.003614,0.0,-0.003551,-0.004035,0.0,-0.000864,-0.002725,0.0,-0.006413,-0.001702,0.0,-0.002281,0.0,-0.000437,-0.001491,-0.00125,-0.002591,-0.001869,0.0,-0.0,-0.003189,-0.003312,-0.004384,0.0,0.0,-0.00026,0.0,0.0,-0.001398,-0.003086,-0.006284,-0.003498,0.0,-0.000512,-0.005618,-0.000714,-0.002734,0.0,-0.000778,-0.001434,-4.1e-05,-0.0,-0.003397,-0.00419,0.0,-0.000132,0.0,-0.002138,0.0,-0.00319,0.0,-0.001769,-0.006353,-0.000186,-0.000146,-0.003454,0.0,-0.0,0.0,-0.00024,-0.003551,-0.004279,0.0,-0.002652,-0.002458,-0.005988,-0.005999,0.0,-0.005809,-0.0,-0.004597,-0.00139,0.0,-0.001618,-0.007035,-0.004226,-0.00438,-0.004195,-0.006062,-0.001747,-0.000723,-0.00088,0.0,-0.00079,-0.002484,-0.00298,-0.004044
2017-05-28 15:23:00+02:00,0.0,0.0,-0.000642,-0.004462,-0.000753,-0.0,-0.001175,-0.001838,-0.003744,-0.000121,0.0,0.0,-0.00462,-0.004558,-0.00231,-0.005821,-0.000134,0.0,-1.6e-05,-0.005987,0.0,-0.006036,-0.003489,0.0,-0.00691,-0.006589,-0.001596,0.0,-0.001073,-3.1e-05,0.0,-0.004026,0.0,-0.003954,-0.00441,0.0,-0.00119,-0.003102,0.0,-0.006942,-0.001943,0.0,-0.002662,0.0,-0.000644,-0.001836,-0.001458,-0.002841,-0.002151,0.0,-0.0,-0.003501,-0.003647,-0.00468,0.0,0.0,-0.000386,0.0,0.0,-0.00171,-0.003385,-0.006874,-0.003952,0.0,-0.000736,-0.006143,-0.000872,-0.00299,0.0,-0.000961,-0.001669,-3.4e-05,-0.0,-0.003729,-0.004534,0.0,-0.000202,0.0,-0.002496,0.0,-0.003507,0.0,-0.002141,-0.006961,-0.000281,-0.000213,-0.003688,0.0,-0.0,0.0,-0.000356,-0.00391,-0.004581,0.0,-0.002965,-0.002923,-0.006555,-0.006567,0.0,-0.006424,-0.0,-0.005077,-0.0016,0.0,-0.001849,-0.007457,-0.004515,-0.004903,-0.004649,-0.006641,-0.001989,-0.000909,-0.001072,0.0,-0.001053,-0.00287,-0.003408,-0.004339
2017-05-28 15:24:00+02:00,0.0,0.0,-0.000715,-0.004857,-0.000871,-0.0,-0.001301,-0.002004,-0.00404,-0.000103,0.0,0.0,-0.004879,-0.004845,-0.002571,-0.006266,-0.000107,0.0,-1.3e-05,-0.006422,0.0,-0.006481,-0.003803,0.0,-0.007457,-0.007109,-0.001744,0.0,-0.001212,-2.5e-05,0.0,-0.00438,0.0,-0.004314,-0.004736,0.0,-0.001391,-0.003387,0.0,-0.007397,-0.00213,0.0,-0.002929,0.0,-0.000733,-0.002074,-0.001616,-0.003056,-0.00238,0.0,-0.0,-0.003773,-0.003945,-0.004943,0.0,0.0,-0.000393,0.0,0.0,-0.001912,-0.003646,-0.007382,-0.00432,0.0,-0.000831,-0.006612,-0.000976,-0.003212,0.0,-0.00108,-0.001839,-2.7e-05,-0.0,-0.004022,-0.004835,0.0,-0.000171,0.0,-0.002754,0.0,-0.003791,0.0,-0.002408,-0.007486,-0.000266,-0.00017,-0.003894,0.0,-0.0,0.0,-0.000404,-0.004236,-0.004848,0.0,-0.00323,-0.003275,-0.007063,-0.007073,0.0,-0.006972,-0.0,-0.00549,-0.001753,0.0,-0.002026,-0.007828,-0.004772,-0.005345,-0.005031,-0.007156,-0.002178,-0.001034,-0.001194,0.0,-0.001202,-0.003147,-0.003746,-0.004599
2017-05-28 15:25:00+02:00,0.0,0.0,-0.000663,-0.004856,-0.000826,-0.0,-0.001294,-0.001994,-0.004079,-8.3e-05,0.0,0.0,-0.004827,-0.004857,-0.002595,-0.006267,-8.6e-05,0.0,-1e-05,-0.006441,0.0,-0.006491,-0.003793,0.0,-0.007534,-0.007133,-0.001736,0.0,-0.001209,-2e-05,0.0,-0.004419,0.0,-0.004344,-0.004778,0.0,-0.001389,-0.003387,0.0,-0.007448,-0.002124,0.0,-0.002932,0.0,-0.000675,-0.002073,-0.001617,-0.00305,-0.002391,0.0,-0.0,-0.003776,-0.003947,-0.004903,0.0,0.0,-0.000315,0.0,0.0,-0.001899,-0.003647,-0.007454,-0.004324,0.0,-0.000787,-0.006618,-0.000965,-0.003206,0.0,-0.001068,-0.001841,-2.2e-05,-0.0,-0.004034,-0.004858,0.0,-0.000137,0.0,-0.002753,0.0,-0.003787,0.0,-0.002408,-0.007552,-0.000213,-0.000136,-0.003831,0.0,-0.0,0.0,-0.000367,-0.004245,-0.004827,0.0,-0.003237,-0.003308,-0.0071,-0.00711,0.0,-0.007024,-0.0,-0.005489,-0.001753,0.0,-0.002019,-0.007698,-0.004719,-0.005383,-0.00504,-0.00719,-0.002171,-0.001028,-0.001189,0.0,-0.001174,-0.003156,-0.003757,-0.004579
2017-05-28 15:26:00+02:00,0.0,0.0,-0.00053,-0.004256,-0.000661,-0.0,-0.001061,-0.001716,-0.003671,-6.6e-05,0.0,0.0,-0.004511,-0.004532,-0.002216,-0.005607,-6.9e-05,0.0,-8e-06,-0.00575,0.0,-0.005787,-0.003265,0.0,-0.00678,-0.006444,-0.00148,0.0,-0.000967,-1.6e-05,0.0,-0.003958,0.0,-0.003872,-0.00436,0.0,-0.001111,-0.002895,0.0,-0.006803,-0.001818,0.0,-0.00242,0.0,-0.00054,-0.001658,-0.001362,-0.002694,-0.002053,0.0,-0.0,-0.003354,-0.00353,-0.004585,0.0,0.0,-0.000252,0.0,0.0,-0.001519,-0.003236,-0.006728,-0.003756,0.0,-0.00063,-0.005944,-0.000772,-0.002841,0.0,-0.000855,-0.001533,-1.7e-05,-0.0,-0.003592,-0.004501,0.0,-0.000109,0.0,-0.00229,0.0,-0.003386,0.0,-0.001932,-0.006818,-0.00017,-0.000109,-0.0036,0.0,-0.0,0.0,-0.000294,-0.003821,-0.004511,0.0,-0.002853,-0.002758,-0.006428,-0.006438,0.0,-0.006285,-0.0,-0.004863,-0.001473,0.0,-0.001725,-0.007271,-0.004409,-0.004728,-0.00445,-0.006507,-0.001863,-0.000822,-0.000951,0.0,-0.000939,-0.00264,-0.003226,-0.004281
2017-05-28 15:27:00+02:00,0.0,0.0,-0.000424,-0.00391,-0.000529,-0.0,-0.000917,-0.001553,-0.00342,-5.3e-05,0.0,0.0,-0.004436,-0.004369,-0.001963,-0.005233,-5.5e-05,0.0,-7e-06,-0.005332,0.0,-0.005363,-0.002954,0.0,-0.006313,-0.006066,-0.001328,0.0,-0.000802,-1.3e-05,0.0,-0.003671,0.0,-0.003573,-0.004113,0.0,-0.000889,-0.0026,0.0,-0.006405,-0.001638,0.0,-0.002093,0.0,-0.000432,-0.001359,-0.001207,-0.00248,-0.001826,0.0,-0.0,-0.003104,-0.003301,-0.004502,0.0,0.0,-0.000201,0.0,0.0,-0.001237,-0.002992,-0.006268,-0.003423,0.0,-0.000504,-0.005566,-0.000628,-0.002622,0.0,-0.000689,-0.001338,-1.4e-05,-0.0,-0.003332,-0.00431,0.0,-8.7e-05,0.0,-0.002009,0.0,-0.003165,0.0,-0.001633,-0.006359,-0.000136,-8.7e-05,-0.003493,0.0,-0.0,0.0,-0.000235,-0.003594,-0.0044,0.0,-0.002636,-0.002381,-0.006058,-0.006068,0.0,-0.005807,-0.0,-0.004505,-0.001295,0.0,-0.001551,-0.007114,-0.004318,-0.004291,-0.004107,-0.006133,-0.001682,-0.000658,-0.000768,0.0,-0.000751,-0.002311,-0.002909,-0.004155
2017-05-28 15:28:00+02:00,0.0,0.0,-0.000651,-0.00445,-0.000777,-0.0,-0.001122,-0.001796,-0.003784,-0.000106,0.0,0.0,-0.004739,-0.004703,-0.002274,-0.00581,-0.000111,0.0,-5e-06,-0.005924,0.0,-0.00597,-0.00342,0.0,-0.006988,-0.006694,-0.001551,0.0,-0.00103,-1.3e-05,0.0,-0.004057,0.0,-0.003953,-0.004508,0.0,-0.001175,-0.003032,0.0,-0.006979,-0.001911,0.0,-0.00255,0.0,-0.000652,-0.001758,-0.001439,-0.002783,-0.002097,0.0,-0.0,-0.003474,-0.003677,-0.004808,0.0,0.0,-0.000358,0.0,0.0,-0.0016,-0.00335,-0.006909,-0.003937,0.0,-0.000755,-0.006161,-0.000813,-0.002932,0.0,-0.000901,-0.001616,-1.6e-05,-0.0,-0.003723,-0.004665,0.0,-0.000176,0.0,-0.002418,0.0,-0.003524,0.0,-0.002064,-0.007017,-0.000248,-0.000182,-0.003738,0.0,-0.0,0.0,-0.000358,-0.003985,-0.00471,0.0,-0.002988,-0.002825,-0.006675,-0.006685,0.0,-0.006387,-0.0,-0.005057,-0.001544,0.0,-0.001813,-0.007565,-0.00462,-0.004794,-0.004626,-0.006761,-0.001958,-0.000871,-0.001,0.0,-0.001036,-0.002769,-0.003391,-0.004457
2017-05-28 15:29:00+02:00,0.0,0.0,-0.000797,-0.004913,-0.000925,-0.0,-0.001278,-0.001993,-0.004071,-0.00011,0.0,0.0,-0.00498,-0.004968,-0.002541,-0.006327,-0.000101,0.0,-4e-06,-0.006489,0.0,-0.006549,-0.003798,0.0,-0.007525,-0.007219,-0.001728,0.0,-0.001203,-1e-05,0.0,-0.004409,0.0,-0.004313,-0.004822,0.0,-0.001376,-0.003375,0.0,-0.007428,-0.002132,0.0,-0.002933,0.0,-0.000774,-0.002057,-0.001625,-0.003065,-0.00233,0.0,-0.0,-0.003826,-0.004018,-0.005053,0.0,0.0,-0.000439,0.0,0.0,-0.001864,-0.003688,-0.007412,-0.004369,0.0,-0.000923,-0.006699,-0.000946,-0.003223,0.0,-0.001055,-0.001852,-1.3e-05,-0.0,-0.004099,-0.004948,0.0,-0.000182,0.0,-0.002734,0.0,-0.003848,0.0,-0.002395,-0.007535,-0.00027,-0.000206,-0.003929,0.0,-0.0,0.0,-0.000425,-0.004345,-0.004957,0.0,-0.003295,-0.003191,-0.007162,-0.00717,0.0,-0.006934,-0.0,-0.00554,-0.001756,0.0,-0.002024,-0.007916,-0.004859,-0.005247,-0.005074,-0.007253,-0.002181,-0.001027,-0.001186,0.0,-0.001224,-0.003159,-0.003787,-0.004695
2017-05-28 15:30:00+02:00,0.0,0.0,-0.000658,-0.004923,-0.000751,-0.0,-0.001245,-0.001974,-0.004156,-8.8e-05,0.0,0.0,-0.005113,-0.005122,-0.002557,-0.006372,-8.1e-05,0.0,-3e-06,-0.006596,0.0,-0.006658,-0.003763,0.0,-0.007676,-0.007305,-0.001704,0.0,-0.00117,-8e-06,0.0,-0.004485,0.0,-0.004377,-0.005007,0.0,-0.001276,-0.003334,0.0,-0.007689,-0.00211,0.0,-0.002942,0.0,-0.000619,-0.001993,-0.00161,-0.003108,-0.00234,0.0,-0.0,-0.003893,-0.004057,-0.005189,0.0,0.0,-0.000351,0.0,0.0,-0.001778,-0.00375,-0.007574,-0.004368,0.0,-0.000795,-0.006754,-0.000901,-0.003271,0.0,-0.001002,-0.001863,-1e-05,-0.0,-0.004177,-0.005116,0.0,-0.000146,0.0,-0.002678,0.0,-0.003881,0.0,-0.002344,-0.007711,-0.000216,-0.000164,-0.004027,0.0,-0.0,0.0,-0.00034,-0.004395,-0.005095,0.0,-0.003315,-0.003186,-0.007257,-0.007265,0.0,-0.007024,-0.0,-0.005565,-0.001766,0.0,-0.002001,-0.008101,-0.004991,-0.005291,-0.005091,-0.00735,-0.002161,-0.000985,-0.001172,0.0,-0.001088,-0.003176,-0.003775,-0.004826
2017-05-28 15:31:00+02:00,0.0,0.0,-0.000526,-0.004656,-0.000601,-0.0,-0.001142,-0.001866,-0.004058,-7e-05,0.0,0.0,-0.005198,-0.005194,-0.002423,-0.006087,-6.4e-05,0.0,-3e-06,-0.006631,0.0,-0.006693,-0.00356,0.0,-0.00749,-0.007035,-0.001601,0.0,-0.001035,-7e-06,0.0,-0.004366,0.0,-0.004249,-0.004952,0.0,-0.001033,-0.003138,0.0,-0.007583,-0.001992,0.0,-0.002857,0.0,-0.000496,-0.001751,-0.001485,-0.0031,-0.00222,0.0,-0.0,-0.003904,-0.003885,-0.005277,0.0,0.0,-0.000281,0.0,0.0,-0.001571,-0.003759,-0.007398,-0.004109,0.0,-0.000636,-0.006471,-0.000795,-0.00327,0.0,-0.00088,-0.001817,-8e-06,-0.0,-0.004207,-0.005146,0.0,-0.000117,0.0,-0.002481,0.0,-0.003714,0.0,-0.0021,-0.007537,-0.000173,-0.000132,-0.004084,0.0,-0.0,0.0,-0.000272,-0.004229,-0.005183,0.0,-0.003151,-0.002973,-0.007001,-0.007008,0.0,-0.006812,-0.0,-0.005292,-0.001725,0.0,-0.001885,-0.008209,-0.005074,-0.005078,-0.00483,-0.00709,-0.002043,-0.000847,-0.00111,0.0,-0.00087,-0.003099,-0.003525,-0.004909
2017-05-28 15:32:00+02:00,0.0,0.0,-0.000421,-0.004434,-0.000481,-0.0,-0.00106,-0.001777,-0.003937,-5.6e-05,0.0,0.0,-0.005258,-0.005184,-0.002289,-0.005841,-5.2e-05,0.0,-2e-06,-0.006605,0.0,-0.006667,-0.00339,0.0,-0.007264,-0.006795,-0.001516,0.0,-0.000931,-5e-06,0.0,-0.004227,0.0,-0.004104,-0.004851,0.0,-0.000826,-0.002976,0.0,-0.007406,-0.001894,0.0,-0.002768,0.0,-0.000396,-0.001566,-0.001386,-0.003069,-0.002098,0.0,-0.0,-0.003884,-0.003738,-0.00534,0.0,0.0,-0.000225,0.0,0.0,-0.001413,-0.003737,-0.007171,-0.003896,0.0,-0.000509,-0.006224,-0.000714,-0.003244,0.0,-0.000787,-0.001768,-7e-06,-0.0,-0.004199,-0.005105,0.0,-9.3e-05,0.0,-0.002323,0.0,-0.003571,0.0,-0.001911,-0.007311,-0.000138,-0.000105,-0.004088,0.0,-0.0,0.0,-0.000218,-0.004085,-0.005229,0.0,-0.003016,-0.002767,-0.006771,-0.006779,0.0,-0.006571,-0.0,-0.005061,-0.00168,0.0,-0.00179,-0.008277,-0.005132,-0.00485,-0.004611,-0.006858,-0.001945,-0.000742,-0.001053,0.0,-0.000696,-0.003014,-0.003323,-0.004924
2017-05-28 15:33:00+02:00,0.0,0.0,-0.000337,-0.004221,-0.000385,-0.0,-0.000998,-0.001693,-0.003791,-4.5e-05,0.0,0.0,-0.004908,-0.005,-0.00218,-0.005585,-4.1e-05,0.0,-2e-06,-0.00648,0.0,-0.006535,-0.003235,0.0,-0.006995,-0.006523,-0.00144,0.0,-0.000861,-4e-06,0.0,-0.004067,0.0,-0.003946,-0.004711,0.0,-0.000711,-0.002838,0.0,-0.007183,-0.001805,0.0,-0.002679,0.0,-0.000317,-0.001444,-0.001305,-0.002993,-0.001994,0.0,-0.0,-0.003801,-0.003577,-0.005,0.0,0.0,-0.00018,0.0,0.0,-0.001311,-0.003656,-0.006912,-0.003702,0.0,-0.000421,-0.005959,-0.00066,-0.003167,0.0,-0.000727,-0.001713,-5e-06,-0.0,-0.004121,-0.005004,0.0,-7.5e-05,0.0,-0.002202,0.0,-0.003414,0.0,-0.001779,-0.007046,-0.000111,-8.4e-05,-0.003785,0.0,-0.0,0.0,-0.000174,-0.003916,-0.004908,0.0,-0.002882,-0.002615,-0.006511,-0.006518,0.0,-0.006317,-0.0,-0.00483,-0.001627,0.0,-0.001704,-0.007684,-0.004782,-0.004644,-0.004402,-0.006591,-0.001855,-0.000676,-0.001008,0.0,-0.000596,-0.002924,-0.003152,-0.004624
2017-05-28 15:34:00+02:00,0.0,0.0,-0.000269,-0.003932,-0.000308,-0.0,-0.000883,-0.001565,-0.00364,-3.6e-05,0.0,0.0,-0.00494,-0.004918,-0.002022,-0.005266,-3.3e-05,0.0,-1e-06,-0.006267,0.0,-0.006325,-0.002989,0.0,-0.006714,-0.0062,-0.00132,0.0,-0.000726,-3e-06,0.0,-0.003896,0.0,-0.003769,-0.004554,0.0,-0.000569,-0.0026,0.0,-0.006919,-0.001662,0.0,-0.002469,0.0,-0.000254,-0.001202,-0.001176,-0.00288,-0.001855,0.0,-0.0,-0.003676,-0.003384,-0.005023,0.0,0.0,-0.000144,0.0,0.0,-0.00109,-0.003533,-0.006624,-0.003423,0.0,-0.000337,-0.005637,-0.000549,-0.003055,0.0,-0.000597,-0.001591,-4e-06,-0.0,-0.003996,-0.004883,0.0,-6e-05,0.0,-0.001973,0.0,-0.003229,0.0,-0.001531,-0.006763,-8.9e-05,-6.7e-05,-0.003762,0.0,-0.0,0.0,-0.000139,-0.003725,-0.004897,0.0,-0.002699,-0.002375,-0.006193,-0.006199,0.0,-0.006022,-0.0,-0.004529,-0.001517,0.0,-0.001566,-0.007697,-0.004793,-0.004373,-0.004111,-0.006271,-0.001712,-0.000541,-0.00089,0.0,-0.000477,-0.002715,-0.002884,-0.004593
2017-05-28 15:35:00+02:00,0.0,0.0,-0.000547,-0.004473,-0.00056,-0.0,-0.001087,-0.001811,-0.003987,-5.8e-05,0.0,0.0,-0.005187,-0.005189,-0.002385,-0.005827,-8.1e-05,0.0,-1e-06,-0.006886,0.0,-0.006984,-0.003458,0.0,-0.007365,-0.006808,-0.001543,0.0,-0.00096,-3e-06,0.0,-0.004324,0.0,-0.004218,-0.004909,0.0,-0.000934,-0.003024,0.0,-0.007408,-0.001943,0.0,-0.002957,0.0,-0.000466,-0.001606,-0.001405,-0.003225,-0.002168,0.0,-0.0,-0.004106,-0.003765,-0.005273,0.0,0.0,-0.000314,0.0,0.0,-0.001457,-0.003949,-0.007223,-0.003935,0.0,-0.000649,-0.006214,-0.000737,-0.003411,0.0,-0.000819,-0.001893,-3e-06,-0.0,-0.004451,-0.005173,0.0,-9.5e-05,0.0,-0.002375,0.0,-0.003591,0.0,-0.001963,-0.007385,-0.000152,-0.000159,-0.003965,0.0,-0.0,0.0,-0.000256,-0.004118,-0.005153,0.0,-0.003058,-0.002873,-0.006786,-0.006791,0.0,-0.006676,-0.0,-0.005074,-0.001786,0.0,-0.001834,-0.008054,-0.005042,-0.004944,-0.004617,-0.006875,-0.001995,-0.000765,-0.001143,0.0,-0.00078,-0.0032,-0.003357,-0.004845
2017-05-28 15:36:00+02:00,0.0,0.0,-0.000612,-0.004663,-0.000615,-0.0,-0.001161,-0.001901,-0.004132,-4.7e-05,0.0,0.0,-0.005247,-0.005269,-0.002551,-0.00603,-6.5e-05,0.0,-1e-06,-0.007177,0.0,-0.007275,-0.003636,0.0,-0.007643,-0.007031,-0.001623,0.0,-0.001042,-2e-06,0.0,-0.004528,0.0,-0.004425,-0.005058,0.0,-0.001082,-0.003193,0.0,-0.0076,-0.00205,0.0,-0.003139,0.0,-0.000492,-0.001752,-0.001484,-0.003354,-0.002301,0.0,-0.0,-0.004282,-0.003906,-0.005336,0.0,0.0,-0.000312,0.0,0.0,-0.001597,-0.004115,-0.007486,-0.004117,0.0,-0.000734,-0.006423,-0.000804,-0.003545,0.0,-0.0009,-0.002007,-3e-06,-0.0,-0.004649,-0.005269,0.0,-7.6e-05,0.0,-0.002532,0.0,-0.003719,0.0,-0.002118,-0.007647,-0.000121,-0.000127,-0.004008,0.0,-0.0,0.0,-0.000267,-0.004262,-0.00522,0.0,-0.003195,-0.003093,-0.007012,-0.007016,0.0,-0.006974,-0.0,-0.005269,-0.001883,0.0,-0.001935,-0.008133,-0.005102,-0.005206,-0.004805,-0.007102,-0.002103,-0.000843,-0.001236,0.0,-0.00088,-0.003386,-0.00353,-0.004908
2017-05-28 15:37:00+02:00,0.0,0.0,-0.00049,-0.004304,-0.000492,-0.0,-0.001028,-0.001742,-0.003935,-3.7e-05,0.0,0.0,-0.005102,-0.005192,-0.002364,-0.005635,-5.2e-05,0.0,-1e-06,-0.00683,0.0,-0.006917,-0.003334,0.0,-0.007277,-0.006611,-0.001477,0.0,-0.000893,-2e-06,0.0,-0.004299,0.0,-0.004194,-0.004886,0.0,-0.000865,-0.002915,0.0,-0.007329,-0.001874,0.0,-0.002865,0.0,-0.000394,-0.001491,-0.001333,-0.003165,-0.002133,0.0,-0.0,-0.004062,-0.003656,-0.005204,0.0,0.0,-0.00025,0.0,0.0,-0.001354,-0.0039,-0.00715,-0.003778,0.0,-0.000587,-0.006018,-0.000681,-0.003352,0.0,-0.000757,-0.001841,-2e-06,-0.0,-0.004423,-0.005154,0.0,-6.1e-05,0.0,-0.00227,0.0,-0.003477,0.0,-0.001841,-0.007305,-9.7e-05,-0.000102,-0.003862,0.0,-0.0,0.0,-0.000214,-0.004004,-0.005102,0.0,-0.002966,-0.002824,-0.006604,-0.006608,0.0,-0.006609,-0.0,-0.004896,-0.001732,0.0,-0.001765,-0.007867,-0.004962,-0.004891,-0.004456,-0.006686,-0.001926,-0.000699,-0.001092,0.0,-0.000704,-0.003112,-0.003216,-0.004788
2017-05-28 15:38:00+02:00,0.0,0.0,-0.000392,-0.00397,-0.000394,-0.0,-0.000909,-0.001596,-0.003741,-3e-05,0.0,0.0,-0.005101,-0.00508,-0.00219,-0.005261,-4.2e-05,0.0,-1e-06,-0.006496,0.0,-0.006575,-0.003057,0.0,-0.006917,-0.00621,-0.001345,0.0,-0.000758,-1e-06,0.0,-0.004078,0.0,-0.003972,-0.004703,0.0,-0.000692,-0.00266,0.0,-0.007037,-0.001714,0.0,-0.002621,0.0,-0.000315,-0.001253,-0.001194,-0.002991,-0.001977,0.0,-0.0,-0.003856,-0.00342,-0.005196,0.0,0.0,-0.0002,0.0,0.0,-0.001135,-0.0037,-0.006812,-0.003463,0.0,-0.00047,-0.005632,-0.00057,-0.003173,0.0,-0.000629,-0.001694,-2e-06,-0.0,-0.00421,-0.005014,0.0,-4.9e-05,0.0,-0.002031,0.0,-0.003251,0.0,-0.001589,-0.006963,-7.8e-05,-8.1e-05,-0.003811,0.0,-0.0,0.0,-0.000171,-0.00376,-0.005057,0.0,-0.002752,-0.002574,-0.006211,-0.006214,0.0,-0.006252,-0.0,-0.004546,-0.001597,0.0,-0.001612,-0.007844,-0.004939,-0.004587,-0.004127,-0.006287,-0.001764,-0.00057,-0.000967,0.0,-0.000564,-0.002865,-0.002924,-0.004722
2017-05-28 15:39:00+02:00,0.0,0.0,-0.000416,-0.004081,-0.00042,-0.0,-0.000966,-0.00166,-0.003842,-2.4e-05,0.0,0.0,-0.005244,-0.005248,-0.002288,-0.005359,-3.3e-05,0.0,-0.0,-0.006623,0.0,-0.006707,-0.003182,0.0,-0.007103,-0.006311,-0.001403,0.0,-0.000818,-1e-06,0.0,-0.004183,0.0,-0.00408,-0.004872,0.0,-0.00079,-0.002775,0.0,-0.007262,-0.001792,0.0,-0.002731,0.0,-0.000314,-0.001358,-0.001245,-0.003055,-0.002055,0.0,-0.0,-0.003943,-0.003495,-0.005342,0.0,0.0,-0.000163,0.0,0.0,-0.001249,-0.003783,-0.006999,-0.003571,0.0,-0.000514,-0.005731,-0.000626,-0.003239,0.0,-0.000698,-0.001763,-1e-06,-0.0,-0.004307,-0.005209,0.0,-3.9e-05,0.0,-0.002145,0.0,-0.003319,0.0,-0.001698,-0.007165,-6.2e-05,-6.5e-05,-0.003929,0.0,-0.0,0.0,-0.000166,-0.003835,-0.005209,0.0,-0.00283,-0.002705,-0.006309,-0.006312,0.0,-0.00639,-0.0,-0.004649,-0.001655,0.0,-0.001685,-0.008049,-0.005084,-0.00472,-0.004224,-0.006386,-0.001841,-0.000629,-0.00103,0.0,-0.000636,-0.002971,-0.003027,-0.004872
2017-05-28 15:40:00+02:00,0.0,0.0,-0.00058,-0.004417,-0.000584,-0.0,-0.0011,-0.001819,-0.004083,-1.9e-05,0.0,0.0,-0.005373,-0.005398,-0.002518,-0.005706,-2.7e-05,0.0,-0.0,-0.007009,0.0,-0.007106,-0.00349,0.0,-0.007562,-0.006682,-0.001547,0.0,-0.000967,-1e-06,0.0,-0.004461,0.0,-0.004362,-0.005111,0.0,-0.001022,-0.003059,0.0,-0.007581,-0.001978,0.0,-0.003023,0.0,-0.000453,-0.001619,-0.001387,-0.00325,-0.002247,0.0,-0.0,-0.004194,-0.003735,-0.005473,0.0,0.0,-0.00026,0.0,0.0,-0.001499,-0.004023,-0.007415,-0.003891,0.0,-0.0007,-0.006087,-0.000752,-0.003439,0.0,-0.000849,-0.001944,-1e-06,-0.0,-0.004577,-0.00538,0.0,-3.1e-05,0.0,-0.002415,0.0,-0.003543,0.0,-0.001975,-0.007593,-8.4e-05,-9.4e-05,-0.004033,0.0,-0.0,0.0,-0.000243,-0.004078,-0.005345,0.0,-0.003059,-0.003014,-0.006673,-0.006674,0.0,-0.006792,-0.0,-0.004987,-0.001811,0.0,-0.001862,-0.008231,-0.005215,-0.005077,-0.004541,-0.006754,-0.002028,-0.000773,-0.001185,0.0,-0.000839,-0.003259,-0.003325,-0.005006
2017-05-28 15:41:00+02:00,0.0,0.0,-0.000592,-0.004537,-0.000603,-0.0,-0.001149,-0.001881,-0.004201,-1.5e-05,0.0,0.0,-0.005443,-0.005486,-0.002614,-0.005836,-2.1e-05,0.0,-0.0,-0.00717,0.0,-0.007273,-0.003612,0.0,-0.00778,-0.006825,-0.001601,0.0,-0.001015,-1e-06,0.0,-0.004589,0.0,-0.004493,-0.005271,0.0,-0.00109,-0.003171,0.0,-0.007783,-0.002053,0.0,-0.003123,0.0,-0.000452,-0.001702,-0.001433,-0.003326,-0.002323,0.0,-0.0,-0.004301,-0.003831,-0.005546,0.0,0.0,-0.000228,0.0,0.0,-0.001588,-0.004124,-0.007648,-0.004004,0.0,-0.000728,-0.006221,-0.000795,-0.003518,0.0,-0.000902,-0.002009,-1e-06,-0.0,-0.004698,-0.005486,0.0,-2.5e-05,0.0,-0.002518,0.0,-0.003631,0.0,-0.002065,-0.007839,-6.7e-05,-7.5e-05,-0.004085,0.0,-0.0,0.0,-0.000239,-0.004177,-0.005421,0.0,-0.003148,-0.003131,-0.006816,-0.006816,0.0,-0.006967,-0.0,-0.00511,-0.001865,0.0,-0.001932,-0.008322,-0.005286,-0.005225,-0.004656,-0.006896,-0.002104,-0.000818,-0.001236,0.0,-0.000893,-0.00336,-0.003428,-0.005079
2017-05-28 15:42:00+02:00,0.0,0.0,-0.000493,-0.004508,-0.000507,-0.0,-0.001131,-0.001868,-0.004218,-1.2e-05,0.0,0.0,-0.005521,-0.005578,-0.002604,-0.005809,-1.7e-05,0.0,-0.0,-0.007149,0.0,-0.007253,-0.003588,0.0,-0.00781,-0.006804,-0.001587,0.0,-0.00099,-1e-06,0.0,-0.004601,0.0,-0.004504,-0.005356,0.0,-0.001031,-0.003145,0.0,-0.007889,-0.002041,0.0,-0.003078,0.0,-0.000361,-0.001656,-0.001412,-0.00331,-0.002312,0.0,-0.0,-0.004292,-0.003823,-0.005626,0.0,0.0,-0.000183,0.0,0.0,-0.00155,-0.004114,-0.007688,-0.00397,0.0,-0.000637,-0.006197,-0.000775,-0.003503,0.0,-0.00088,-0.001984,-1e-06,-0.0,-0.004694,-0.005592,0.0,-2e-05,0.0,-0.002486,0.0,-0.003621,0.0,-0.00202,-0.00789,-5.4e-05,-6e-05,-0.004142,0.0,-0.0,0.0,-0.000191,-0.004171,-0.005503,0.0,-0.003136,-0.0031,-0.006797,-0.006795,0.0,-0.006966,-0.0,-0.005081,-0.001842,0.0,-0.001919,-0.008426,-0.005364,-0.005213,-0.004624,-0.006876,-0.002091,-0.000791,-0.001208,0.0,-0.000829,-0.003316,-0.003391,-0.005159
2017-05-28 15:43:00+02:00,0.0,0.0,-0.000457,-0.004537,-0.00047,-0.0,-0.001139,-0.001884,-0.00427,-1e-05,0.0,0.0,-0.005584,-0.005653,-0.002636,-0.005841,-1.4e-05,0.0,-0.0,-0.00721,0.0,-0.007318,-0.00362,0.0,-0.007908,-0.006844,-0.001599,0.0,-0.000993,-0.0,0.0,-0.004657,0.0,-0.00456,-0.005476,0.0,-0.001028,-0.003171,0.0,-0.008041,-0.002062,0.0,-0.003099,0.0,-0.000308,-0.00166,-0.001417,-0.003337,-0.002335,0.0,-0.0,-0.004338,-0.003854,-0.005691,0.0,0.0,-0.000146,0.0,0.0,-0.001561,-0.004156,-0.00779,-0.003994,0.0,-0.00061,-0.006232,-0.00078,-0.003532,0.0,-0.000887,-0.002,-1e-06,-0.0,-0.004747,-0.005678,0.0,-1.6e-05,0.0,-0.002506,0.0,-0.003648,0.0,-0.002028,-0.008003,-4.3e-05,-4.8e-05,-0.004184,0.0,-0.0,0.0,-0.000155,-0.004205,-0.00557,0.0,-0.003163,-0.003127,-0.006837,-0.006835,0.0,-0.007031,-0.0,-0.005111,-0.001854,0.0,-0.001938,-0.008504,-0.005426,-0.005261,-0.004648,-0.006915,-0.002113,-0.000793,-0.001216,0.0,-0.000818,-0.003337,-0.003408,-0.005221
2017-05-28 15:44:00+02:00,0.0,0.0,-0.000401,-0.004532,-0.000401,-0.0,-0.001125,-0.001874,-0.004283,-8e-06,0.0,0.0,-0.005637,-0.005716,-0.002631,-0.005842,-1.1e-05,0.0,-0.0,-0.007233,0.0,-0.007345,-0.003603,0.0,-0.007933,-0.006855,-0.001588,0.0,-0.00098,-0.0,0.0,-0.004671,0.0,-0.004573,-0.005539,0.0,-0.000984,-0.003151,0.0,-0.008107,-0.002054,0.0,-0.00309,0.0,-0.000246,-0.001634,-0.001407,-0.003346,-0.002327,0.0,-0.0,-0.004361,-0.003866,-0.005746,0.0,0.0,-0.000117,0.0,0.0,-0.001531,-0.004176,-0.007816,-0.003984,0.0,-0.000561,-0.006236,-0.000765,-0.003543,0.0,-0.000871,-0.001999,-0.0,-0.0,-0.004777,-0.005751,0.0,-1.3e-05,0.0,-0.002482,0.0,-0.003657,0.0,-0.002005,-0.008037,-3.4e-05,-3.8e-05,-0.004217,0.0,-0.0,0.0,-0.000124,-0.00422,-0.005626,0.0,-0.003168,-0.003103,-0.006849,-0.006845,0.0,-0.00703,-0.0,-0.005107,-0.001851,0.0,-0.001929,-0.008564,-0.005478,-0.00525,-0.00464,-0.006926,-0.002105,-0.000777,-0.001207,0.0,-0.00077,-0.003328,-0.003393,-0.005274
2017-05-28 15:45:00+02:00,0.0,0.0,-0.000351,-0.004526,-0.00035,-0.0,-0.001115,-0.001867,-0.004296,-6e-06,0.0,0.0,-0.005679,-0.005766,-0.002632,-0.005838,-9e-06,0.0,-0.0,-0.007231,0.0,-0.007346,-0.003591,0.0,-0.007959,-0.006858,-0.001579,0.0,-0.000969,-0.0,0.0,-0.004687,0.0,-0.00459,-0.005599,0.0,-0.000953,-0.003136,0.0,-0.008165,-0.00205,0.0,-0.003072,0.0,-0.000197,-0.001613,-0.001397,-0.003343,-0.002323,0.0,-0.0,-0.00437,-0.003875,-0.005791,0.0,0.0,-9.3e-05,0.0,0.0,-0.001511,-0.004183,-0.007841,-0.003974,0.0,-0.000515,-0.006235,-0.000754,-0.003541,0.0,-0.00086,-0.001992,-0.0,-0.0,-0.004791,-0.00581,0.0,-1e-05,0.0,-0.002464,0.0,-0.003663,0.0,-0.001986,-0.008071,-2.7e-05,-3.1e-05,-0.004237,0.0,-0.0,0.0,-9.9e-05,-0.004233,-0.00567,0.0,-0.003173,-0.003087,-0.006854,-0.006849,0.0,-0.007032,-0.0,-0.005101,-0.001842,0.0,-0.001924,-0.008603,-0.005519,-0.005245,-0.00463,-0.00693,-0.002101,-0.000765,-0.001196,0.0,-0.000736,-0.00331,-0.003379,-0.005314
2017-05-28 15:46:00+02:00,0.0,0.0,-0.000301,-0.004499,-0.00028,-0.0,-0.001086,-0.001838,-0.004287,-5e-06,0.0,0.0,-0.00571,-0.005804,-0.002617,-0.00581,-7e-06,0.0,-0.0,-0.007201,0.0,-0.007317,-0.003537,0.0,-0.007944,-0.006833,-0.00155,0.0,-0.000951,-0.0,0.0,-0.00468,0.0,-0.004584,-0.005622,0.0,-0.000911,-0.003082,0.0,-0.008171,-0.00202,0.0,-0.003043,0.0,-0.000158,-0.00158,-0.00138,-0.003326,-0.002305,0.0,-0.0,-0.00436,-0.003868,-0.005824,0.0,0.0,-7.5e-05,0.0,0.0,-0.001455,-0.004172,-0.007824,-0.003945,0.0,-0.000469,-0.006208,-0.000725,-0.003524,0.0,-0.000827,-0.001977,-0.0,-0.0,-0.004786,-0.005855,0.0,-8e-06,0.0,-0.002409,0.0,-0.003653,0.0,-0.001954,-0.00806,-2.2e-05,-2.5e-05,-0.004247,0.0,-0.0,0.0,-8e-05,-0.004227,-0.005703,0.0,-0.003164,-0.003051,-0.006831,-0.006825,0.0,-0.007001,-0.0,-0.005072,-0.001825,0.0,-0.001894,-0.008627,-0.005548,-0.005212,-0.0046,-0.006905,-0.002071,-0.000747,-0.001179,0.0,-0.00067,-0.00328,-0.003348,-0.005342
2017-05-28 15:47:00+02:00,0.0,0.0,-0.000286,-0.004488,-0.000232,-0.0,-0.00107,-0.001822,-0.004285,-4e-06,0.0,0.0,-0.005735,-0.005835,-0.002615,-0.005794,-6e-06,0.0,-0.0,-0.007189,0.0,-0.007307,-0.003509,0.0,-0.007942,-0.006815,-0.001534,0.0,-0.000945,-0.0,0.0,-0.004681,0.0,-0.004587,-0.005648,0.0,-0.000894,-0.003054,0.0,-0.008183,-0.002005,0.0,-0.003039,0.0,-0.000126,-0.001568,-0.001372,-0.003319,-0.002298,0.0,-0.0,-0.004362,-0.003867,-0.005851,0.0,0.0,-6e-05,0.0,0.0,-0.001427,-0.004171,-0.007818,-0.003933,0.0,-0.000457,-0.006191,-0.00071,-0.003516,0.0,-0.000811,-0.001977,-0.0,-0.0,-0.004791,-0.005892,0.0,-7e-06,0.0,-0.002381,0.0,-0.003649,0.0,-0.001942,-0.00806,-1.8e-05,-2e-05,-0.004253,0.0,-0.0,0.0,-6.4e-05,-0.004224,-0.005729,0.0,-0.003164,-0.003036,-0.006814,-0.006807,0.0,-0.006986,-0.0,-0.005058,-0.001822,0.0,-0.001879,-0.008645,-0.005571,-0.005197,-0.004585,-0.006886,-0.002056,-0.000741,-0.001178,0.0,-0.000635,-0.003275,-0.003335,-0.005363
2017-05-28 15:48:00+02:00,0.0,0.0,-0.000279,-0.004481,-0.000193,-0.0,-0.001057,-0.001807,-0.004287,-3e-06,0.0,0.0,-0.005753,-0.005859,-0.002619,-0.005784,-4e-06,0.0,-0.0,-0.007204,0.0,-0.007324,-0.003484,0.0,-0.007952,-0.006805,-0.001519,0.0,-0.00094,-0.0,0.0,-0.004688,0.0,-0.004596,-0.005675,0.0,-0.000887,-0.00303,0.0,-0.008204,-0.001991,0.0,-0.003046,0.0,-0.000101,-0.00156,-0.001366,-0.003324,-0.002296,0.0,-0.0,-0.004378,-0.003867,-0.005871,0.0,0.0,-4.8e-05,0.0,0.0,-0.001404,-0.004185,-0.007824,-0.003926,0.0,-0.000452,-0.006181,-0.000697,-0.003522,0.0,-0.000797,-0.001983,-0.0,-0.0,-0.004812,-0.00592,0.0,-5e-06,0.0,-0.002356,0.0,-0.003646,0.0,-0.001935,-0.00807,-1.4e-05,-1.6e-05,-0.004256,0.0,-0.0,0.0,-5.1e-05,-0.004224,-0.005749,0.0,-0.003166,-0.003033,-0.006806,-0.006798,0.0,-0.006985,-0.0,-0.00505,-0.001824,0.0,-0.001865,-0.008659,-0.005588,-0.005196,-0.004577,-0.006876,-0.002043,-0.000736,-0.001182,0.0,-0.000606,-0.003282,-0.003327,-0.005379
2017-05-28 15:49:00+02:00,0.0,0.0,-0.000284,-0.004407,-0.000171,-0.0,-0.00103,-0.001765,-0.004205,-3e-06,0.0,0.0,-0.005287,-0.005415,-0.00258,-0.005694,-4e-06,0.0,-0.0,-0.007108,0.0,-0.007219,-0.00341,0.0,-0.00781,-0.006698,-0.001482,0.0,-0.000926,-0.0,0.0,-0.004607,0.0,-0.004523,-0.005499,0.0,-0.000874,-0.002971,0.0,-0.00789,-0.001948,0.0,-0.003014,0.0,-8.1e-05,-0.001541,-0.001341,-0.003268,-0.002253,0.0,-0.0,-0.004315,-0.003807,-0.005415,0.0,0.0,-3.8e-05,0.0,0.0,-0.001372,-0.004122,-0.007694,-0.003863,0.0,-0.000457,-0.006084,-0.000679,-0.003462,0.0,-0.000777,-0.00196,-0.0,-0.0,-0.004749,-0.005499,0.0,-4e-06,0.0,-0.002308,0.0,-0.003584,0.0,-0.001908,-0.00793,-1.1e-05,-1.3e-05,-0.003839,0.0,-0.0,0.0,-4.1e-05,-0.004155,-0.005287,0.0,-0.003121,-0.002985,-0.006707,-0.006698,0.0,-0.006872,-0.0,-0.00497,-0.001799,0.0,-0.001823,-0.007961,-0.005119,-0.005116,-0.004511,-0.006772,-0.001998,-0.000726,-0.001171,0.0,-0.000584,-0.003248,-0.003279,-0.004914
2017-05-28 15:50:00+02:00,0.0,0.0,-0.000227,-0.004081,-0.000137,-0.0,-0.00092,-0.001617,-0.003928,-2e-06,0.0,0.0,-0.004949,-0.005074,-0.002371,-0.005324,-3e-06,0.0,-0.0,-0.006721,0.0,-0.006817,-0.003131,0.0,-0.007302,-0.006289,-0.001352,0.0,-0.000813,-0.0,0.0,-0.004305,0.0,-0.004226,-0.005158,0.0,-0.000699,-0.002722,0.0,-0.007447,-0.001782,0.0,-0.002785,0.0,-6.5e-05,-0.001347,-0.001218,-0.00307,-0.002069,0.0,-0.0,-0.004066,-0.003557,-0.005074,0.0,0.0,-3.1e-05,0.0,0.0,-0.001187,-0.003881,-0.007211,-0.003564,0.0,-0.000365,-0.005699,-0.000585,-0.003255,0.0,-0.000667,-0.001814,-0.0,-0.0,-0.004483,-0.005158,0.0,-3e-06,0.0,-0.002085,0.0,-0.003345,0.0,-0.001694,-0.007425,-9e-06,-1e-05,-0.003592,0.0,-0.0,0.0,-3.3e-05,-0.003891,-0.004949,0.0,-0.002901,-0.002715,-0.006307,-0.006299,0.0,-0.006432,-0.0,-0.004627,-0.001667,0.0,-0.001665,-0.007511,-0.004787,-0.004759,-0.004198,-0.006365,-0.00183,-0.000621,-0.001061,0.0,-0.000467,-0.003016,-0.003011,-0.004592
2017-05-28 15:51:00+02:00,0.0,0.0,-0.000182,-0.003824,-0.000109,-0.0,-0.000828,-0.001498,-0.003718,-2e-06,0.0,0.0,-0.004949,-0.004972,-0.002203,-0.005033,-2e-06,0.0,-0.0,-0.00643,0.0,-0.00652,-0.002904,0.0,-0.006918,-0.005971,-0.001245,0.0,-0.000717,-0.0,0.0,-0.004074,0.0,-0.003997,-0.004917,0.0,-0.00056,-0.002514,0.0,-0.007096,-0.001647,0.0,-0.002607,0.0,-5.2e-05,-0.00118,-0.001117,-0.002925,-0.001924,0.0,-0.0,-0.003885,-0.003364,-0.005066,0.0,0.0,-2.5e-05,0.0,0.0,-0.001022,-0.003706,-0.006832,-0.003325,0.0,-0.000292,-0.005397,-0.000503,-0.003104,0.0,-0.000569,-0.001703,-0.0,-0.0,-0.00429,-0.00501,0.0,-3e-06,0.0,-0.001896,0.0,-0.003162,0.0,-0.001513,-0.007035,-7e-06,-8e-06,-0.003553,0.0,-0.0,0.0,-2.6e-05,-0.00369,-0.004912,0.0,-0.002728,-0.002492,-0.005995,-0.005987,0.0,-0.006086,-0.0,-0.004356,-0.001567,0.0,-0.001537,-0.007487,-0.004769,-0.004472,-0.003946,-0.006048,-0.001695,-0.000532,-0.000972,0.0,-0.000374,-0.002835,-0.002793,-0.004539
2017-05-28 15:52:00+02:00,0.0,0.0,-0.000345,-0.004013,-0.000216,-0.0,-0.000895,-0.001569,-0.003816,-1e-06,0.0,0.0,-0.005073,-0.005119,-0.002335,-0.005216,-2e-06,0.0,-0.0,-0.006619,0.0,-0.006711,-0.003048,0.0,-0.00711,-0.006155,-0.00131,0.0,-0.000818,-0.0,0.0,-0.004193,0.0,-0.004126,-0.005069,0.0,-0.000743,-0.002654,0.0,-0.007307,-0.001733,0.0,-0.002801,0.0,-0.000129,-0.001364,-0.001202,-0.003018,-0.002026,0.0,-0.0,-0.004008,-0.003488,-0.005193,0.0,0.0,-0.000119,0.0,0.0,-0.001164,-0.003823,-0.007016,-0.003512,0.0,-0.000471,-0.00558,-0.000571,-0.003198,0.0,-0.000654,-0.001819,-0.0,-0.0,-0.004423,-0.005166,0.0,-2e-06,0.0,-0.002037,0.0,-0.003275,0.0,-0.001701,-0.007225,-6e-06,-2.8e-05,-0.00365,0.0,-0.0,0.0,-6.6e-05,-0.003809,-0.005044,0.0,-0.002857,-0.00268,-0.00618,-0.006171,0.0,-0.006267,-0.0,-0.00454,-0.001662,0.0,-0.001619,-0.007664,-0.004895,-0.004656,-0.004126,-0.006231,-0.001782,-0.000633,-0.001083,0.0,-0.000501,-0.003024,-0.002976,-0.004667
2017-05-28 15:53:00+02:00,0.0,0.0,-0.000434,-0.00409,-0.000267,-0.0,-0.000928,-0.001601,-0.003833,-1e-06,0.0,0.0,-0.005125,-0.005188,-0.002392,-0.005286,-1e-06,0.0,-0.0,-0.006693,0.0,-0.006784,-0.003118,0.0,-0.007153,-0.006221,-0.00134,0.0,-0.000867,-0.0,0.0,-0.004224,0.0,-0.004167,-0.005126,0.0,-0.000834,-0.002726,0.0,-0.007382,-0.001776,0.0,-0.002898,0.0,-0.000159,-0.001456,-0.001239,-0.003051,-0.002063,0.0,-0.0,-0.004057,-0.003536,-0.005248,0.0,0.0,-0.000157,0.0,0.0,-0.001243,-0.003868,-0.007067,-0.003591,0.0,-0.000568,-0.005648,-0.000607,-0.003229,0.0,-0.000699,-0.001877,-0.0,-0.0,-0.004478,-0.005244,0.0,-2e-06,0.0,-0.002112,0.0,-0.003315,0.0,-0.001792,-0.007274,-5e-06,-2.2e-05,-0.003687,0.0,-0.0,0.0,-7.8e-05,-0.003851,-0.005101,0.0,-0.002913,-0.002762,-0.006248,-0.006239,0.0,-0.006321,-0.0,-0.004613,-0.001707,0.0,-0.001659,-0.007734,-0.004947,-0.004725,-0.004202,-0.006297,-0.001824,-0.000684,-0.001141,0.0,-0.00057,-0.003119,-0.003058,-0.004723
2017-05-28 15:54:00+02:00,0.0,0.0,-0.000391,-0.00403,-0.000214,-0.0,-0.000902,-0.00157,-0.003798,-1e-06,0.0,0.0,-0.005222,-0.005295,-0.002368,-0.005216,-1e-06,0.0,-0.0,-0.006631,0.0,-0.006723,-0.003061,0.0,-0.007093,-0.006146,-0.001312,0.0,-0.000843,-0.0,0.0,-0.00419,0.0,-0.004136,-0.005105,0.0,-0.000805,-0.002673,0.0,-0.007334,-0.001744,0.0,-0.002863,0.0,-0.000127,-0.001414,-0.001213,-0.00302,-0.002038,0.0,-0.0,-0.004026,-0.003496,-0.005347,0.0,0.0,-0.000126,0.0,0.0,-0.001194,-0.003837,-0.007004,-0.003534,0.0,-0.000532,-0.005576,-0.000582,-0.003197,0.0,-0.000672,-0.001857,-0.0,-0.0,-0.004447,-0.005307,0.0,-1e-06,0.0,-0.002062,0.0,-0.003276,0.0,-0.001747,-0.007212,-4e-06,-1.8e-05,-0.003754,0.0,-0.0,0.0,-6.3e-05,-0.00381,-0.005203,0.0,-0.002878,-0.002723,-0.006177,-0.006166,0.0,-0.006259,-0.0,-0.004549,-0.001686,0.0,-0.001627,-0.007858,-0.005043,-0.004674,-0.004141,-0.006222,-0.001791,-0.000661,-0.001123,0.0,-0.000517,-0.003083,-0.003004,-0.004819
2017-05-28 15:55:00+02:00,0.0,0.0,-0.000456,-0.004078,-0.000255,-0.0,-0.000925,-0.001589,-0.003817,-1e-06,0.0,0.0,-0.005229,-0.005315,-0.002421,-0.005254,-1e-06,0.0,-0.0,-0.006666,0.0,-0.006756,-0.003106,0.0,-0.007136,-0.006177,-0.00133,0.0,-0.000879,-0.0,0.0,-0.004223,0.0,-0.004179,-0.00516,0.0,-0.000885,-0.00272,0.0,-0.007393,-0.001773,0.0,-0.002926,0.0,-0.000147,-0.001481,-0.001237,-0.003033,-0.002071,0.0,-0.0,-0.004054,-0.003528,-0.005357,0.0,0.0,-0.00015,0.0,0.0,-0.001251,-0.003861,-0.007047,-0.003585,0.0,-0.000603,-0.005611,-0.000608,-0.00321,0.0,-0.000706,-0.001896,-0.0,-0.0,-0.004482,-0.005344,0.0,-1e-06,0.0,-0.002113,0.0,-0.0033,0.0,-0.001813,-0.007256,-3e-06,-1.4e-05,-0.003728,0.0,-0.0,0.0,-7e-05,-0.003835,-0.005214,0.0,-0.002918,-0.002793,-0.00621,-0.006199,0.0,-0.006306,-0.0,-0.004591,-0.001713,0.0,-0.001654,-0.00783,-0.00505,-0.004733,-0.004187,-0.006253,-0.00182,-0.000699,-0.001162,0.0,-0.000571,-0.003143,-0.003059,-0.004827
2017-05-28 15:56:00+02:00,0.0,0.0,-0.000365,-0.003899,-0.000204,-0.0,-0.000858,-0.001506,-0.003681,-1e-06,0.0,0.0,-0.00525,-0.005252,-0.002305,-0.005055,-1e-06,0.0,-0.0,-0.006461,0.0,-0.006547,-0.002946,0.0,-0.006885,-0.005961,-0.001254,0.0,-0.000807,-0.0,0.0,-0.004077,0.0,-0.004033,-0.005002,0.0,-0.000762,-0.002573,0.0,-0.007147,-0.001681,0.0,-0.002786,0.0,-0.000118,-0.001355,-0.001163,-0.00293,-0.00197,0.0,-0.0,-0.003932,-0.003402,-0.005381,0.0,0.0,-0.00012,0.0,0.0,-0.001129,-0.003742,-0.006795,-0.003416,0.0,-0.000493,-0.005406,-0.000547,-0.003103,0.0,-0.000634,-0.00181,-0.0,-0.0,-0.004353,-0.005246,0.0,-1e-06,0.0,-0.001977,0.0,-0.00318,0.0,-0.001678,-0.006998,-2e-06,-1.2e-05,-0.0037,0.0,-0.0,0.0,-5.6e-05,-0.003705,-0.005208,0.0,-0.002802,-0.002631,-0.005998,-0.005987,0.0,-0.006075,-0.0,-0.004404,-0.001636,0.0,-0.001565,-0.007846,-0.005059,-0.004535,-0.004011,-0.006038,-0.001726,-0.00063,-0.00109,0.0,-0.000457,-0.003001,-0.002902,-0.004798
2017-05-28 15:57:00+02:00,0.0,0.0,-0.000344,-0.003753,-0.000163,-0.0,-0.00082,-0.001441,-0.00352,-0.0,0.0,0.0,-0.0046,-0.004735,-0.00221,-0.004872,-1e-06,0.0,-0.0,-0.006234,0.0,-0.00631,-0.002829,0.0,-0.006592,-0.005744,-0.0012,0.0,-0.000776,-0.0,0.0,-0.003909,0.0,-0.003872,-0.004808,0.0,-0.000719,-0.002476,0.0,-0.006812,-0.001614,0.0,-0.002687,0.0,-9.4e-05,-0.001308,-0.001116,-0.002814,-0.001879,0.0,-0.0,-0.003791,-0.00328,-0.004735,0.0,0.0,-9.6e-05,0.0,0.0,-0.001082,-0.003604,-0.006508,-0.00329,0.0,-0.000473,-0.005209,-0.000521,-0.00298,0.0,-0.000606,-0.001746,-0.0,-0.0,-0.004204,-0.00483,0.0,-1e-06,0.0,-0.001901,0.0,-0.00306,0.0,-0.001617,-0.006695,-2e-06,-9e-06,-0.003206,0.0,-0.0,0.0,-4.5e-05,-0.003569,-0.0046,0.0,-0.002707,-0.002515,-0.005785,-0.005774,0.0,-0.005828,-0.0,-0.004243,-0.001573,0.0,-0.001501,-0.006859,-0.004427,-0.004347,-0.00387,-0.00582,-0.001657,-0.000607,-0.00105,0.0,-0.00043,-0.002898,-0.002798,-0.004224
2017-05-28 15:58:00+02:00,0.0,0.0,-0.000275,-0.003273,-0.000131,-0.0,-0.00068,-0.001244,-0.003105,-0.0,0.0,0.0,-0.003811,-0.003926,-0.001922,-0.004311,-0.0,0.0,-0.0,-0.005602,0.0,-0.005662,-0.002445,0.0,-0.005888,-0.005115,-0.001028,0.0,-0.000621,-0.0,0.0,-0.003487,0.0,-0.00345,-0.004011,0.0,-0.000575,-0.002129,0.0,-0.005778,-0.001388,0.0,-0.002322,0.0,-7.5e-05,-0.001046,-0.000944,-0.002507,-0.001637,0.0,-0.0,-0.00339,-0.002899,-0.003926,0.0,0.0,-7.7e-05,0.0,0.0,-0.000866,-0.00322,-0.005824,-0.002851,0.0,-0.000379,-0.004622,-0.000417,-0.002659,0.0,-0.000485,-0.001513,-0.0,-0.0,-0.003768,-0.004011,0.0,-1e-06,0.0,-0.001598,0.0,-0.002702,0.0,-0.001315,-0.005897,-2e-06,-7e-06,-0.00268,0.0,-0.0,0.0,-3.6e-05,-0.003166,-0.003811,0.0,-0.002371,-0.002157,-0.005159,-0.005151,0.0,-0.00521,-0.0,-0.00373,-0.001368,0.0,-0.001289,-0.005803,-0.003664,-0.003849,-0.003396,-0.00519,-0.001427,-0.000485,-0.000879,0.0,-0.000344,-0.002522,-0.002406,-0.003495
2017-05-28 15:59:00+02:00,0.0,0.0,-0.00022,-0.002732,-0.000105,-0.0,-0.000544,-0.001017,-0.002772,-0.0,0.0,0.0,-0.00362,-0.003654,-0.001592,-0.003726,-0.0,0.0,-0.0,-0.00502,0.0,-0.005073,-0.001997,0.0,-0.005248,-0.004493,-0.000824,0.0,-0.000497,-0.0,0.0,-0.0031,0.0,-0.003053,-0.003627,0.0,-0.00046,-0.001708,0.0,-0.005206,-0.001121,0.0,-0.001885,0.0,-6e-05,-0.000837,-0.000755,-0.002224,-0.001368,0.0,-0.0,-0.003028,-0.002511,-0.003723,0.0,0.0,-6.1e-05,0.0,0.0,-0.000692,-0.002875,-0.005186,-0.002336,0.0,-0.000303,-0.004022,-0.000334,-0.002369,0.0,-0.000388,-0.001245,-0.0,-0.0,-0.003379,-0.003698,0.0,-0.0,0.0,-0.001278,0.0,-0.002342,0.0,-0.001052,-0.005265,-1e-06,-6e-06,-0.002514,0.0,-0.0,0.0,-2.9e-05,-0.002775,-0.003593,0.0,-0.002,-0.001725,-0.00454,-0.004533,0.0,-0.004613,-0.0,-0.003173,-0.001139,0.0,-0.001037,-0.005471,-0.003469,-0.003323,-0.002865,-0.004568,-0.001159,-0.000388,-0.000703,0.0,-0.000275,-0.002083,-0.001925,-0.003283
2017-05-28 16:00:00+02:00,0.0,0.0,-0.000796,-0.003584,-0.000634,-0.000191,-0.000853,-0.001389,-0.003147,-0.000215,0.0,0.0,-0.004029,-0.004087,-0.002224,-0.004591,-0.000384,0.0,-0.000246,-0.00566,0.0,-0.005743,-0.002736,0.0,-0.005958,-0.005256,-0.001158,0.0,-0.000875,-0.000197,0.0,-0.003574,0.0,-0.003606,-0.004086,0.0,-0.001141,-0.002401,0.0,-0.005809,-0.00157,0.0,-0.002656,0.0,-0.000558,-0.001504,-0.001107,-0.002641,-0.001868,0.0,-8.7e-05,-0.003516,-0.003113,-0.004142,0.0,0.0,-0.000551,0.0,0.0,-0.001291,-0.003346,-0.005834,-0.003154,0.0,-0.000913,-0.004879,-0.000621,-0.002757,0.0,-0.000747,-0.001724,-0.00018,-4.8e-05,-0.003867,-0.004143,0.0,-0.000355,0.0,-0.001934,0.0,-0.002896,0.0,-0.001762,-0.005948,-0.000368,-0.000432,-0.002802,0.0,-2.5e-05,0.0,-0.000319,-0.003314,-0.004008,0.0,-0.002594,-0.002566,-0.005275,-0.00526,0.0,-0.005335,-7.2e-05,-0.004021,-0.001537,0.0,-0.001461,-0.006038,-0.003869,-0.004247,-0.003673,-0.005298,-0.001611,-0.000751,-0.001117,0.0,-0.000815,-0.002842,-0.002698,-0.003672
2017-05-28 16:01:00+02:00,0.0,0.0,-0.000975,-0.003984,-0.000742,-0.000153,-0.000959,-0.001533,-0.003449,-0.000219,0.0,0.0,-0.004359,-0.004435,-0.002587,-0.005018,-0.000416,0.0,-0.000197,-0.006178,0.0,-0.006272,-0.003022,0.0,-0.006534,-0.005742,-0.001284,0.0,-0.001023,-0.000189,0.0,-0.003955,0.0,-0.00405,-0.004456,0.0,-0.001465,-0.002665,0.0,-0.006303,-0.001741,0.0,-0.002997,0.0,-0.000642,-0.001763,-0.001258,-0.002875,-0.002157,0.0,-6.9e-05,-0.003842,-0.003408,-0.004479,0.0,0.0,-0.00067,0.0,0.0,-0.001471,-0.003654,-0.006362,-0.003531,0.0,-0.001111,-0.005323,-0.000707,-0.003005,0.0,-0.000853,-0.001938,-0.000144,-3.9e-05,-0.00423,-0.004501,0.0,-0.000362,0.0,-0.002167,0.0,-0.003169,0.0,-0.002047,-0.006504,-0.000347,-0.000496,-0.003036,0.0,-2e-05,0.0,-0.000363,-0.003626,-0.004341,0.0,-0.002875,-0.003034,-0.005766,-0.005748,0.0,-0.005923,-5.7e-05,-0.004429,-0.001715,0.0,-0.001621,-0.006503,-0.004191,-0.004811,-0.004058,-0.005789,-0.001784,-0.000887,-0.001286,0.0,-0.000952,-0.003182,-0.003046,-0.003986
2017-05-28 16:02:00+02:00,0.0,0.0,-0.000974,-0.004161,-0.000703,-0.000122,-0.00099,-0.001591,-0.003694,-0.000175,0.0,0.0,-0.004624,-0.004716,-0.002784,-0.005226,-0.000333,0.0,-0.000157,-0.006459,0.0,-0.006557,-0.00314,0.0,-0.007005,-0.005998,-0.001333,0.0,-0.001064,-0.000151,0.0,-0.004262,0.0,-0.004353,-0.004753,0.0,-0.001592,-0.00277,0.0,-0.00671,-0.001809,0.0,-0.003127,0.0,-0.000581,-0.001832,-0.001313,-0.002991,-0.002316,0.0,-5.6e-05,-0.004009,-0.00355,-0.004751,0.0,0.0,-0.000627,0.0,0.0,-0.001501,-0.003812,-0.006795,-0.003692,0.0,-0.001122,-0.005544,-0.00072,-0.003131,0.0,-0.000869,-0.00202,-0.000116,-3.1e-05,-0.004422,-0.004789,0.0,-0.00029,0.0,-0.002244,0.0,-0.0033,0.0,-0.002132,-0.006958,-0.000277,-0.000407,-0.003227,0.0,-1.6e-05,0.0,-0.000323,-0.003784,-0.00461,0.0,-0.003001,-0.003282,-0.00603,-0.006009,0.0,-0.00638,-4.6e-05,-0.004618,-0.001786,0.0,-0.001685,-0.006887,-0.00445,-0.005143,-0.004234,-0.006051,-0.001853,-0.000917,-0.001338,0.0,-0.000946,-0.003317,-0.003189,-0.004238
2017-05-28 16:03:00+02:00,0.0,0.0,-0.000908,-0.004247,-0.000603,-9.8e-05,-0.000984,-0.001604,-0.003889,-0.00014,0.0,0.0,-0.004837,-0.004941,-0.002889,-0.005339,-0.000267,0.0,-0.000126,-0.006621,0.0,-0.00672,-0.00317,0.0,-0.007376,-0.006151,-0.001342,0.0,-0.001064,-0.000121,0.0,-0.004464,0.0,-0.004543,-0.004993,0.0,-0.001622,-0.002793,0.0,-0.007037,-0.001825,0.0,-0.003167,0.0,-0.000465,-0.001829,-0.00133,-0.003049,-0.002401,0.0,-4.4e-05,-0.0041,-0.003627,-0.004969,0.0,0.0,-0.00053,0.0,0.0,-0.001463,-0.003897,-0.007143,-0.003764,0.0,-0.001064,-0.005669,-0.0007,-0.003198,0.0,-0.000845,-0.002046,-9.2e-05,-2.5e-05,-0.00453,-0.005022,0.0,-0.000232,0.0,-0.002244,0.0,-0.003371,0.0,-0.002142,-0.007322,-0.000222,-0.000326,-0.003378,0.0,-1.3e-05,0.0,-0.000259,-0.003876,-0.004826,0.0,-0.003064,-0.003406,-0.006189,-0.006168,0.0,-0.006671,-3.7e-05,-0.004715,-0.001809,0.0,-0.001698,-0.007194,-0.004658,-0.005337,-0.004321,-0.006209,-0.001869,-0.000909,-0.001341,0.0,-0.000877,-0.003362,-0.003247,-0.004441
2017-05-28 16:04:00+02:00,0.0,0.0,-0.000782,-0.004265,-0.000482,-7.8e-05,-0.000954,-0.001585,-0.00401,-0.000112,0.0,0.0,-0.005004,-0.005118,-0.002936,-0.005379,-0.000213,0.0,-0.000101,-0.006669,0.0,-0.006769,-0.003135,0.0,-0.007606,-0.006223,-0.001322,0.0,-0.001036,-9.7e-05,0.0,-0.004588,0.0,-0.004657,-0.005182,0.0,-0.001592,-0.002756,0.0,-0.007286,-0.001803,0.0,-0.003121,0.0,-0.000372,-0.001775,-0.001319,-0.003053,-0.002437,0.0,-3.6e-05,-0.004124,-0.003658,-0.005141,0.0,0.0,-0.000424,0.0,0.0,-0.001378,-0.003917,-0.007409,-0.003771,0.0,-0.000942,-0.005719,-0.000659,-0.003209,0.0,-0.000793,-0.002021,-7.4e-05,-2e-05,-0.004565,-0.005205,0.0,-0.000185,0.0,-0.00219,0.0,-0.003399,0.0,-0.002097,-0.007602,-0.000177,-0.000261,-0.003491,0.0,-1e-05,0.0,-0.000207,-0.00392,-0.004995,0.0,-0.003083,-0.003447,-0.006267,-0.006245,0.0,-0.00684,-2.9e-05,-0.004743,-0.001788,0.0,-0.001676,-0.007428,-0.00482,-0.005432,-0.004343,-0.006285,-0.001847,-0.000873,-0.001301,0.0,-0.000771,-0.003322,-0.003243,-0.004598
2017-05-28 16:05:00+02:00,0.0,0.0,-0.000646,-0.004224,-0.000386,-6.2e-05,-0.000913,-0.00155,-0.004056,-9e-05,0.0,0.0,-0.005133,-0.005256,-0.002924,-0.005352,-0.000171,0.0,-8.1e-05,-0.006654,0.0,-0.006751,-0.003068,0.0,-0.007693,-0.006216,-0.001287,0.0,-0.000988,-7.7e-05,0.0,-0.004629,0.0,-0.004689,-0.00533,0.0,-0.001512,-0.00269,0.0,-0.007475,-0.001762,0.0,-0.003042,0.0,-0.000298,-0.001688,-0.001287,-0.003029,-0.002426,0.0,-2.8e-05,-0.004109,-0.003645,-0.005274,0.0,0.0,-0.000339,0.0,0.0,-0.00128,-0.003901,-0.00754,-0.003723,0.0,-0.000808,-0.005697,-0.000611,-0.00319,0.0,-0.000734,-0.001974,-5.9e-05,-1.6e-05,-0.004558,-0.005348,0.0,-0.000148,0.0,-0.002112,0.0,-0.003384,0.0,-0.002014,-0.007752,-0.000142,-0.000209,-0.003574,0.0,-8e-06,0.0,-0.000166,-0.003916,-0.005126,0.0,-0.00306,-0.003413,-0.006266,-0.006243,0.0,-0.006887,-2.4e-05,-0.004707,-0.001749,0.0,-0.001636,-0.007604,-0.004946,-0.005431,-0.004306,-0.006282,-0.001807,-0.000821,-0.001245,0.0,-0.000656,-0.003247,-0.00319,-0.004719
2017-05-28 16:06:00+02:00,0.0,0.0,-0.000527,-0.004153,-0.000309,-5e-05,-0.000875,-0.001514,-0.004053,-7.2e-05,0.0,0.0,-0.005216,-0.005347,-0.002882,-0.005289,-0.000136,0.0,-6.4e-05,-0.006595,0.0,-0.006689,-0.003,0.0,-0.007689,-0.006164,-0.001253,0.0,-0.000938,-6.2e-05,0.0,-0.004618,0.0,-0.004671,-0.005428,0.0,-0.001419,-0.002626,0.0,-0.0076,-0.001721,0.0,-0.002953,0.0,-0.000238,-0.001597,-0.001247,-0.002986,-0.002388,0.0,-2.3e-05,-0.004067,-0.003604,-0.005361,0.0,0.0,-0.000271,0.0,0.0,-0.0012,-0.003859,-0.007572,-0.003651,0.0,-0.000688,-0.005636,-0.000571,-0.003149,0.0,-0.000684,-0.001921,-4.7e-05,-1.3e-05,-0.004519,-0.005443,0.0,-0.000119,0.0,-0.002041,0.0,-0.003345,0.0,-0.001925,-0.007794,-0.000114,-0.000167,-0.003624,0.0,-7e-06,0.0,-0.000132,-0.003881,-0.00521,0.0,-0.003017,-0.003344,-0.006219,-0.006196,0.0,-0.006862,-1.9e-05,-0.00464,-0.001702,0.0,-0.001596,-0.007719,-0.005025,-0.005377,-0.004241,-0.006233,-0.001766,-0.000768,-0.001189,0.0,-0.000562,-0.003162,-0.003118,-0.004795
2017-05-28 16:07:00+02:00,0.0,0.0,-0.000423,-0.004085,-0.000247,-4e-05,-0.000835,-0.001474,-0.004022,-5.7e-05,0.0,0.0,-0.005299,-0.005436,-0.00282,-0.005227,-0.000109,0.0,-5.2e-05,-0.006528,0.0,-0.00662,-0.002924,0.0,-0.007635,-0.006114,-0.001215,0.0,-0.000892,-4.9e-05,0.0,-0.004577,0.0,-0.004622,-0.005475,0.0,-0.001315,-0.002552,0.0,-0.007665,-0.001674,0.0,-0.002871,0.0,-0.000191,-0.001515,-0.00121,-0.002943,-0.002336,0.0,-1.8e-05,-0.00402,-0.003564,-0.005447,0.0,0.0,-0.000217,0.0,0.0,-0.001114,-0.003813,-0.007547,-0.003582,0.0,-0.000585,-0.005577,-0.000529,-0.003108,0.0,-0.000632,-0.001871,-3.8e-05,-1e-05,-0.004473,-0.005536,0.0,-9.5e-05,0.0,-0.001961,0.0,-0.003306,0.0,-0.001843,-0.007776,-9.1e-05,-0.000134,-0.003677,0.0,-5e-06,0.0,-0.000106,-0.003846,-0.005294,0.0,-0.002972,-0.003253,-0.006173,-0.00615,0.0,-0.006795,-1.5e-05,-0.004574,-0.001659,0.0,-0.001551,-0.007836,-0.005105,-0.005291,-0.004177,-0.006185,-0.001719,-0.00072,-0.001139,0.0,-0.000466,-0.003082,-0.003049,-0.004872
2017-05-28 16:08:00+02:00,0.0,0.0,-0.000402,-0.004112,-0.000208,-3.2e-05,-0.000841,-0.001486,-0.004052,-4.6e-05,0.0,0.0,-0.005369,-0.00551,-0.00283,-0.005262,-8.7e-05,0.0,-4.1e-05,-0.006569,0.0,-0.00666,-0.002953,0.0,-0.007698,-0.006161,-0.001225,0.0,-0.000892,-4e-05,0.0,-0.004608,0.0,-0.004651,-0.005565,0.0,-0.001301,-0.002579,0.0,-0.007781,-0.00169,0.0,-0.002879,0.0,-0.000152,-0.001516,-0.001214,-0.002953,-0.002341,0.0,-1.5e-05,-0.004043,-0.003589,-0.00552,0.0,0.0,-0.000174,0.0,0.0,-0.001124,-0.003833,-0.007627,-0.003605,0.0,-0.000566,-0.005616,-0.000533,-0.00312,0.0,-0.000637,-0.001876,-3e-05,-8e-06,-0.004503,-0.005614,0.0,-7.6e-05,0.0,-0.001981,0.0,-0.003328,0.0,-0.001848,-0.007866,-7.3e-05,-0.000107,-0.003718,0.0,-4e-06,0.0,-8.5e-05,-0.003875,-0.005365,0.0,-0.002994,-0.003259,-0.006225,-0.006201,0.0,-0.006837,-1.2e-05,-0.004605,-0.001662,0.0,-0.001566,-0.007933,-0.005172,-0.005311,-0.004205,-0.006235,-0.001736,-0.000718,-0.001138,0.0,-0.000464,-0.003092,-0.003068,-0.004936
2017-05-28 16:09:00+02:00,0.0,0.0,-0.000383,-0.004053,-0.000192,-2.6e-05,-0.000837,-0.001474,-0.003982,-3.7e-05,0.0,0.0,-0.005077,-0.005237,-0.002778,-0.005198,-7e-05,0.0,-3.3e-05,-0.006498,0.0,-0.00658,-0.00294,0.0,-0.007579,-0.006089,-0.001216,0.0,-0.000874,-3.2e-05,0.0,-0.004531,0.0,-0.004575,-0.005353,0.0,-0.001263,-0.002575,0.0,-0.007543,-0.001679,0.0,-0.002837,0.0,-0.000122,-0.001491,-0.001192,-0.002902,-0.002291,0.0,-1.2e-05,-0.003984,-0.003537,-0.005237,0.0,0.0,-0.000139,0.0,0.0,-0.001132,-0.003774,-0.007538,-0.003555,0.0,-0.000545,-0.005547,-0.000533,-0.003068,0.0,-0.000638,-0.001844,-2.4e-05,-7e-06,-0.004443,-0.005353,0.0,-6.1e-05,0.0,-0.001982,0.0,-0.003275,0.0,-0.001817,-0.007768,-5.8e-05,-8.5e-05,-0.003483,0.0,-3e-06,0.0,-6.8e-05,-0.003818,-0.005077,0.0,-0.002954,-0.003201,-0.006158,-0.006135,0.0,-0.006744,-1e-05,-0.004545,-0.001632,0.0,-0.001555,-0.007591,-0.004879,-0.005229,-0.004157,-0.006166,-0.001724,-0.000702,-0.001116,0.0,-0.000471,-0.00305,-0.003029,-0.004647
2017-05-28 16:10:00+02:00,0.0,0.0,-0.000306,-0.003682,-0.000153,-2e-05,-0.000735,-0.001329,-0.003373,-2.9e-05,0.0,0.0,-0.004171,-0.004308,-0.00251,-0.004778,-5.6e-05,0.0,-2.6e-05,-0.006015,0.0,-0.00608,-0.002658,0.0,-0.006558,-0.005624,-0.001092,0.0,-0.00075,-2.5e-05,0.0,-0.004002,0.0,-0.004193,-0.004412,0.0,-0.00105,-0.002325,0.0,-0.006394,-0.001509,0.0,-0.00255,0.0,-9.8e-05,-0.001276,-0.001061,-0.00266,-0.00207,0.0,-9e-06,-0.003658,-0.003236,-0.004308,0.0,0.0,-0.000111,0.0,0.0,-0.000957,-0.003464,-0.006448,-0.003218,0.0,-0.000436,-0.005109,-0.00045,-0.002816,0.0,-0.000534,-0.001657,-1.9e-05,-5e-06,-0.004089,-0.004412,0.0,-4.9e-05,0.0,-0.001762,0.0,-0.002994,0.0,-0.001578,-0.006521,-4.7e-05,-6.8e-05,-0.002898,0.0,-3e-06,0.0,-5.4e-05,-0.003503,-0.004171,0.0,-0.002687,-0.002876,-0.005694,-0.005676,0.0,-0.006219,-8e-06,-0.004156,-0.001471,0.0,-0.001396,-0.006416,-0.004002,-0.004792,-0.003801,-0.005703,-0.001551,-0.000588,-0.000978,0.0,-0.000377,-0.002758,-0.002731,-0.003811
2017-05-28 16:11:00+02:00,0.0,0.0,-0.000245,-0.003117,-0.000123,-1.6e-05,-0.000588,-0.001105,-0.002734,-2.4e-05,0.0,0.0,-0.003346,-0.003457,-0.002124,-0.004118,-4.5e-05,0.0,-2.1e-05,-0.005245,0.0,-0.005293,-0.002213,0.0,-0.005354,-0.004885,-0.0009,0.0,-0.0006,-2e-05,0.0,-0.003213,0.0,-0.003457,-0.003541,0.0,-0.00084,-0.001921,0.0,-0.005297,-0.001248,0.0,-0.00211,0.0,-7.8e-05,-0.001021,-0.000866,-0.002296,-0.001758,0.0,-7e-06,-0.003163,-0.002777,-0.003457,0.0,0.0,-8.9e-05,0.0,0.0,-0.000766,-0.002994,-0.005314,-0.002703,0.0,-0.000349,-0.004418,-0.00036,-0.002436,0.0,-0.000427,-0.001377,-1.6e-05,-4e-06,-0.003457,-0.003541,0.0,-3.9e-05,0.0,-0.001412,0.0,-0.00257,0.0,-0.001263,-0.005341,-3.7e-05,-5.5e-05,-0.002385,0.0,-2e-06,0.0,-4.3e-05,-0.003022,-0.003346,0.0,-0.002281,-0.002407,-0.004953,-0.004939,0.0,-0.005297,-6e-06,-0.003553,-0.001231,0.0,-0.001152,-0.005304,-0.003213,-0.00414,-0.003241,-0.004961,-0.001286,-0.000471,-0.000783,0.0,-0.000301,-0.002304,-0.00227,-0.003064
2017-05-28 16:12:00+02:00,0.0,0.0,-0.000196,-0.0025,-9.8e-05,-1.3e-05,-0.00047,-0.000884,-0.002317,-1.9e-05,0.0,0.0,-0.002841,-0.002932,-0.001716,-0.003386,-3.6e-05,0.0,-1.7e-05,-0.004401,0.0,-0.004435,-0.00177,0.0,-0.004536,-0.004064,-0.00072,0.0,-0.00048,-1.6e-05,0.0,-0.002709,0.0,-0.002896,-0.003002,0.0,-0.000672,-0.001537,0.0,-0.004551,-0.000998,0.0,-0.001688,0.0,-6.2e-05,-0.000816,-0.000692,-0.001906,-0.001427,0.0,-6e-06,-0.002633,-0.00228,-0.002932,0.0,0.0,-7.1e-05,0.0,0.0,-0.000612,-0.002491,-0.004524,-0.002163,0.0,-0.000279,-0.00365,-0.000288,-0.002028,0.0,-0.000342,-0.001102,-1.2e-05,-3e-06,-0.002888,-0.003002,0.0,-3.1e-05,0.0,-0.001129,0.0,-0.002111,0.0,-0.00101,-0.004548,-3e-05,-4.4e-05,-0.002083,0.0,-2e-06,0.0,-3.5e-05,-0.0025,-0.002841,0.0,-0.00184,-0.001925,-0.004126,-0.004116,0.0,-0.00446,-5e-06,-0.002888,-0.000984,0.0,-0.000922,-0.00462,-0.002735,-0.00343,-0.00262,-0.004134,-0.001029,-0.000377,-0.000626,0.0,-0.000241,-0.001843,-0.001816,-0.002615
2017-05-28 16:13:00+02:00,0.0,0.0,-0.000157,-0.002,-7.8e-05,-1e-05,-0.000376,-0.000708,-0.00194,-1.5e-05,0.0,0.0,-0.002483,-0.002529,-0.001373,-0.002732,-2.9e-05,0.0,-1.4e-05,-0.003671,0.0,-0.003695,-0.001416,0.0,-0.003796,-0.003337,-0.000576,0.0,-0.000384,-1.3e-05,0.0,-0.002257,0.0,-0.002397,-0.002544,0.0,-0.000538,-0.001229,0.0,-0.003856,-0.000799,0.0,-0.00135,0.0,-5e-05,-0.000653,-0.000554,-0.001569,-0.001142,0.0,-5e-06,-0.002179,-0.00184,-0.00256,0.0,0.0,-5.7e-05,0.0,0.0,-0.00049,-0.002061,-0.003799,-0.00173,0.0,-0.000223,-0.002968,-0.00023,-0.001677,0.0,-0.000273,-0.000881,-1e-05,-3e-06,-0.002401,-0.002574,0.0,-2.5e-05,0.0,-0.000903,0.0,-0.001705,0.0,-0.000808,-0.003821,-2.4e-05,-3.5e-05,-0.001802,0.0,-1e-06,0.0,-2.8e-05,-0.002042,-0.00247,0.0,-0.001472,-0.00154,-0.003395,-0.003387,0.0,-0.003706,-4e-06,-0.00231,-0.000788,0.0,-0.000737,-0.004025,-0.002383,-0.002785,-0.002096,-0.003402,-0.000823,-0.000301,-0.000501,0.0,-0.000193,-0.001474,-0.001453,-0.002266
2017-05-28 16:14:00+02:00,0.0,0.0,-0.000125,-0.00181,-6.3e-05,-8e-06,-0.000329,-0.000633,-0.001796,-1.2e-05,0.0,0.0,-0.002409,-0.002419,-0.001256,-0.002485,-2.3e-05,0.0,-1.1e-05,-0.003348,0.0,-0.003364,-0.001272,0.0,-0.003515,-0.003036,-0.000514,0.0,-0.00033,-1e-05,0.0,-0.002079,0.0,-0.002194,-0.002389,0.0,-0.000479,-0.001104,0.0,-0.003621,-0.000711,0.0,-0.001224,0.0,-4e-05,-0.00056,-0.000494,-0.001421,-0.001043,0.0,-4e-06,-0.00197,-0.001661,-0.002483,0.0,0.0,-4.6e-05,0.0,0.0,-0.000407,-0.001863,-0.003534,-0.001563,0.0,-0.000178,-0.0027,-0.000191,-0.001519,0.0,-0.000225,-0.000795,-8e-06,-2e-06,-0.002179,-0.002448,0.0,-2e-05,0.0,-0.000801,0.0,-0.001538,0.0,-0.000704,-0.003555,-1.9e-05,-2.8e-05,-0.001727,0.0,-1e-06,0.0,-2.2e-05,-0.001843,-0.002384,0.0,-0.001329,-0.00142,-0.003091,-0.003085,0.0,-0.003409,-3e-06,-0.002099,-0.000713,0.0,-0.000656,-0.003892,-0.002305,-0.002562,-0.001907,-0.003098,-0.000734,-0.000252,-0.000445,0.0,-0.000154,-0.001343,-0.00131,-0.002177
2017-05-28 16:15:00+02:00,0.0,0.0,-0.0001,-0.001596,-5e-05,-7e-06,-0.000272,-0.000549,-0.001642,-1e-05,0.0,0.0,-0.002292,-0.002275,-0.001128,-0.002215,-1.8e-05,0.0,-9e-06,-0.003011,0.0,-0.003021,-0.001106,0.0,-0.003214,-0.002715,-0.000443,0.0,-0.000265,-8e-06,0.0,-0.001892,0.0,-0.001985,-0.002212,0.0,-0.000399,-0.000955,0.0,-0.003355,-0.000613,0.0,-0.001074,0.0,-3.2e-05,-0.000448,-0.000423,-0.001269,-0.000937,0.0,-3e-06,-0.001757,-0.001471,-0.002362,0.0,0.0,-3.6e-05,0.0,0.0,-0.000326,-0.001662,-0.003246,-0.001372,0.0,-0.000143,-0.00241,-0.000153,-0.001357,0.0,-0.00018,-0.000697,-6e-06,-2e-06,-0.00195,-0.002291,0.0,-1.6e-05,0.0,-0.000674,0.0,-0.001362,0.0,-0.000578,-0.003267,-1.5e-05,-2.2e-05,-0.001629,0.0,-1e-06,0.0,-1.8e-05,-0.001636,-0.002258,0.0,-0.001172,-0.001277,-0.002767,-0.002763,0.0,-0.0031,-3e-06,-0.001864,-0.000628,0.0,-0.000565,-0.003697,-0.002187,-0.002324,-0.001693,-0.002773,-0.000634,-0.000202,-0.000377,0.0,-0.000123,-0.001186,-0.001143,-0.002055
2017-05-28 16:16:00+02:00,0.0,0.0,-8e-05,-0.00142,-4e-05,-5e-06,-0.000226,-0.000479,-0.001499,-8e-06,0.0,0.0,-0.002164,-0.002127,-0.001011,-0.001986,-1.5e-05,0.0,-7e-06,-0.002592,0.0,-0.002596,-0.000968,0.0,-0.002936,-0.002437,-0.000384,0.0,-0.000217,-7e-06,0.0,-0.00172,0.0,-0.001795,-0.00204,0.0,-0.00033,-0.000832,0.0,-0.0031,-0.000532,0.0,-0.000882,0.0,-2.6e-05,-0.000364,-0.000368,-0.001085,-0.000841,0.0,-2e-06,-0.001504,-0.00131,-0.002229,0.0,0.0,-2.9e-05,0.0,0.0,-0.00026,-0.001422,-0.002978,-0.001216,0.0,-0.000114,-0.002162,-0.000122,-0.001161,0.0,-0.000144,-0.000576,-5e-06,-1e-06,-0.001669,-0.002133,0.0,-1.3e-05,0.0,-0.000572,0.0,-0.001213,0.0,-0.000484,-0.002997,-1.2e-05,-1.8e-05,-0.001528,0.0,-1e-06,0.0,-1.4e-05,-0.001458,-0.002123,0.0,-0.001041,-0.001147,-0.002485,-0.002482,0.0,-0.002819,-2e-06,-0.001667,-0.000523,0.0,-0.000489,-0.003489,-0.00206,-0.002107,-0.001515,-0.002491,-0.000551,-0.000161,-0.000301,0.0,-9.9e-05,-0.000985,-0.001008,-0.001928
2017-05-28 16:17:00+02:00,0.0,0.0,-6.4e-05,-0.001326,-3.2e-05,-4e-06,-0.000191,-0.000431,-0.001421,-6e-06,0.0,0.0,-0.002136,-0.002081,-0.000943,-0.001865,-1.2e-05,0.0,-6e-06,-0.002296,0.0,-0.002296,-0.000874,0.0,-0.002785,-0.00229,-0.000343,0.0,-0.000188,-5e-06,0.0,-0.001629,0.0,-0.001692,-0.001967,0.0,-0.000274,-0.000747,0.0,-0.002971,-0.000476,0.0,-0.000738,0.0,-2e-05,-0.000311,-0.000336,-0.000955,-0.000783,0.0,-2e-06,-0.001328,-0.001227,-0.0022,0.0,0.0,-2.3e-05,0.0,0.0,-0.000208,-0.001254,-0.002834,-0.001133,0.0,-9.1e-05,-0.00203,-9.8e-05,-0.001023,0.0,-0.000115,-0.000486,-4e-06,-1e-06,-0.001475,-0.002078,0.0,-1e-05,0.0,-0.000496,0.0,-0.001134,0.0,-0.000427,-0.002854,-1e-05,-1.4e-05,-0.001484,0.0,-1e-06,0.0,-1.1e-05,-0.001365,-0.002088,0.0,-0.000974,-0.001064,-0.002337,-0.002335,0.0,-0.002655,-2e-06,-0.001563,-0.000445,0.0,-0.000437,-0.003417,-0.002028,-0.001977,-0.001422,-0.002343,-0.000495,-0.000131,-0.000241,0.0,-7.9e-05,-0.000837,-0.000935,-0.001888
2017-05-28 16:18:00+02:00,0.0,0.0,-0.000333,-0.001938,-0.000313,-4.6e-05,-0.000376,-0.000661,-0.001831,-0.00013,0.0,0.0,-0.002769,-0.002744,-0.001359,-0.002514,-0.000165,0.0,-8e-05,-0.002786,0.0,-0.002792,-0.001349,0.0,-0.003574,-0.002977,-0.000545,0.0,-0.000439,-7.5e-05,0.0,-0.002113,0.0,-0.002189,-0.002573,0.0,-0.000714,-0.001197,0.0,-0.003774,-0.000758,0.0,-0.001159,0.0,-0.00028,-0.000774,-0.000569,-0.001192,-0.001097,0.0,-9e-06,-0.001652,-0.001673,-0.002856,0.0,0.0,-0.000241,0.0,0.0,-0.000578,-0.001559,-0.003604,-0.001714,0.0,-0.00038,-0.002693,-0.000264,-0.001262,0.0,-0.000326,-0.000745,-0.000109,-2.8e-05,-0.001829,-0.002733,0.0,-0.000224,0.0,-0.000919,0.0,-0.00154,0.0,-0.000916,-0.003658,-0.000184,-0.000189,-0.001895,0.0,-9e-06,0.0,-0.000159,-0.001811,-0.00273,0.0,-0.00141,-0.001604,-0.00303,-0.003023,0.0,-0.003348,-3.9e-05,-0.002186,-0.000655,0.0,-0.000701,-0.004306,-0.002638,-0.002602,-0.00202,-0.003031,-0.000779,-0.000371,-0.000457,0.0,-0.000387,-0.001259,-0.001481,-0.002475
2017-05-28 16:19:00+02:00,-1e-05,0.0,-0.001119,-0.003294,-0.001103,-0.000491,-0.000825,-0.001216,-0.002374,-0.000525,-0.00022,-5.8e-05,-0.003353,-0.00337,-0.002289,-0.003684,-0.000766,0.0,-0.000567,-0.003889,0.0,-0.003926,-0.002486,-0.000119,-0.004628,-0.004055,-0.001034,0.0,-0.001021,-0.0004,-0.000135,-0.002783,0.0,-0.002926,-0.00326,-1.2e-05,-0.001748,-0.002268,0.0,-0.00468,-0.001438,-0.000113,-0.002256,0.0,-0.001038,-0.00183,-0.001108,-0.00179,-0.001788,0.0,-0.000259,-0.002414,-0.002477,-0.003459,-0.000154,0.0,-0.000936,-0.000152,0.0,-0.001478,-0.002286,-0.004576,-0.003048,0.0,-0.001213,-0.003828,-0.000675,-0.001846,0.0,-0.000852,-0.001423,-0.000503,-0.000329,-0.002638,-0.003388,0.0,-0.000897,-5e-05,-0.001921,-0.000106,-0.002271,-6.9e-05,-0.002036,-0.00467,-0.000825,-0.000822,-0.002275,-0.000109,-0.000227,-3.2e-05,-0.000599,-0.002542,-0.003322,0.0,-0.00233,-0.002877,-0.004095,-0.004078,-5.4e-05,-0.004339,-0.000325,-0.003441,-0.001211,0.0,-0.001337,-0.005118,-0.003204,-0.003741,-0.003272,-0.004086,-0.001464,-0.00093,-0.001025,-0.000183,-0.001188,-0.002355,-0.002726,-0.003019
2017-05-28 16:20:00+02:00,-8e-06,0.0,-0.001374,-0.004036,-0.001342,-0.000478,-0.001013,-0.001472,-0.002762,-0.000616,-0.000176,-4.6e-05,-0.003766,-0.003816,-0.00282,-0.004554,-0.000882,0.0,-0.000594,-0.004708,0.0,-0.004763,-0.003018,-9.5e-05,-0.005387,-0.004851,-0.001256,0.0,-0.001275,-0.000445,-0.000108,-0.003265,0.0,-0.003461,-0.003755,-1e-05,-0.002208,-0.002765,0.0,-0.00534,-0.001749,-9e-05,-0.002764,0.0,-0.001251,-0.002298,-0.001362,-0.002165,-0.002201,0.0,-0.000229,-0.002943,-0.003065,-0.003887,-0.000123,0.0,-0.00113,-0.000122,0.0,-0.001832,-0.002784,-0.005282,-0.003726,0.0,-0.001492,-0.004669,-0.000833,-0.002238,0.0,-0.001052,-0.001739,-0.000567,-0.000312,-0.00323,-0.003858,0.0,-0.001056,-4e-05,-0.002363,-8.5e-05,-0.002803,-5.5e-05,-0.002543,-0.005398,-0.000943,-0.000964,-0.002541,-8.7e-05,-0.000193,-2.6e-05,-0.000718,-0.003072,-0.003741,0.0,-0.002872,-0.003531,-0.004881,-0.004859,-4.3e-05,-0.005067,-0.000316,-0.004249,-0.001472,0.0,-0.001626,-0.005701,-0.003601,-0.004589,-0.004027,-0.004865,-0.001778,-0.001166,-0.001265,-0.000147,-0.001464,-0.002877,-0.003348,-0.003402
2017-05-28 16:21:00+02:00,-6e-06,0.0,-0.001217,-0.004056,-0.001176,-0.000383,-0.000978,-0.001447,-0.002916,-0.000496,-0.000141,-3.7e-05,-0.003902,-0.003975,-0.002834,-0.004679,-0.000706,0.0,-0.000475,-0.00481,0.0,-0.004853,-0.002978,-7.6e-05,-0.005705,-0.005071,-0.00123,0.0,-0.001236,-0.000356,-8.7e-05,-0.003461,0.0,-0.003643,-0.003951,-8e-06,-0.00214,-0.002727,0.0,-0.005629,-0.001714,-7.2e-05,-0.002707,0.0,-0.001073,-0.002238,-0.001345,-0.002174,-0.002213,0.0,-0.000184,-0.002971,-0.003133,-0.004032,-9.9e-05,0.0,-0.000951,-9.8e-05,0.0,-0.001738,-0.002806,-0.005593,-0.003727,0.0,-0.001337,-0.004831,-0.000786,-0.002254,0.0,-0.000989,-0.0017,-0.000453,-0.00025,-0.003274,-0.004033,0.0,-0.000852,-3.2e-05,-0.002307,-6.8e-05,-0.002864,-4.4e-05,-0.002486,-0.005704,-0.000755,-0.000771,-0.002631,-7e-05,-0.000154,-2.1e-05,-0.000611,-0.003177,-0.003883,0.0,-0.002895,-0.003533,-0.005117,-0.005097,-3.4e-05,-0.005381,-0.000253,-0.004318,-0.001444,0.0,-0.001591,-0.005922,-0.003732,-0.004734,-0.004085,-0.005102,-0.001744,-0.001121,-0.001211,-0.000117,-0.001334,-0.002836,-0.003342,-0.003528
2017-05-28 16:22:00+02:00,-5e-06,0.0,-0.000973,-0.00359,-0.000941,-0.000306,-0.000796,-0.00124,-0.002739,-0.000397,-0.000113,-3e-05,-0.003886,-0.003891,-0.002503,-0.004255,-0.000564,0.0,-0.00038,-0.004365,0.0,-0.004395,-0.002555,-6.1e-05,-0.005361,-0.004691,-0.001044,0.0,-0.001005,-0.000285,-6.9e-05,-0.003233,0.0,-0.003383,-0.003787,-6e-06,-0.001712,-0.002319,0.0,-0.005406,-0.001459,-5.8e-05,-0.002264,0.0,-0.000858,-0.00181,-0.001146,-0.001941,-0.001962,0.0,-0.000147,-0.00267,-0.002843,-0.004013,-7.9e-05,0.0,-0.00076,-7.8e-05,0.0,-0.00139,-0.00252,-0.005301,-0.003268,0.0,-0.001069,-0.004424,-0.000629,-0.002022,0.0,-0.000791,-0.001431,-0.000363,-0.0002,-0.002954,-0.003923,0.0,-0.000681,-2.6e-05,-0.001905,-5.4e-05,-0.002599,-3.5e-05,-0.002047,-0.005404,-0.000604,-0.000617,-0.002587,-5.6e-05,-0.000123,-1.6e-05,-0.000489,-0.002917,-0.003839,0.0,-0.002577,-0.003072,-0.004743,-0.004727,-2.7e-05,-0.005027,-0.000202,-0.003875,-0.001225,0.0,-0.001352,-0.005902,-0.0037,-0.004307,-0.003648,-0.004732,-0.001489,-0.000897,-0.000969,-9.4e-05,-0.001067,-0.002399,-0.002899,-0.00347
2017-05-28 16:23:00+02:00,-4e-06,0.0,-0.000779,-0.003304,-0.000753,-0.000245,-0.000679,-0.001113,-0.002669,-0.000318,-9e-05,-2.4e-05,-0.00399,-0.00394,-0.002306,-0.004009,-0.000452,0.0,-0.000304,-0.004103,0.0,-0.004126,-0.002296,-4.9e-05,-0.005226,-0.004487,-0.000928,0.0,-0.000851,-0.000228,-5.5e-05,-0.003142,0.0,-0.003269,-0.003764,-5e-06,-0.001415,-0.002067,0.0,-0.00535,-0.001305,-4.6e-05,-0.001977,0.0,-0.000687,-0.001523,-0.001016,-0.001801,-0.001812,0.0,-0.000117,-0.002499,-0.002684,-0.004119,-6.3e-05,0.0,-0.000608,-6.2e-05,0.0,-0.001116,-0.002355,-0.005191,-0.002979,0.0,-0.000856,-0.004193,-0.000505,-0.001883,0.0,-0.000633,-0.001259,-0.00029,-0.00016,-0.002773,-0.00395,0.0,-0.000545,-2e-05,-0.001651,-4.3e-05,-0.002452,-2.8e-05,-0.001755,-0.005298,-0.000483,-0.000494,-0.002614,-4.4e-05,-9.9e-05,-1.3e-05,-0.000391,-0.002783,-0.00392,0.0,-0.00239,-0.00278,-0.004547,-0.004532,-2.2e-05,-0.004859,-0.000162,-0.003608,-0.001085,0.0,-0.001206,-0.006023,-0.003786,-0.004063,-0.003381,-0.004537,-0.001334,-0.000741,-0.000805,-7.5e-05,-0.000854,-0.002118,-0.002616,-0.003526
2017-05-28 16:24:00+02:00,-3e-06,0.0,-0.000779,-0.003486,-0.000761,-0.000196,-0.000731,-0.001185,-0.002879,-0.000277,-7.2e-05,-1.9e-05,-0.004175,-0.004172,-0.002454,-0.004242,-0.000361,0.0,-0.000243,-0.004329,0.0,-0.004351,-0.002453,-3.9e-05,-0.00564,-0.004776,-0.000988,0.0,-0.000911,-0.000182,-4.4e-05,-0.003391,0.0,-0.003522,-0.00406,-4e-06,-0.001535,-0.002217,0.0,-0.005729,-0.001397,-3.7e-05,-0.002108,0.0,-0.000678,-0.001639,-0.001073,-0.00189,-0.001916,0.0,-9.4e-05,-0.00264,-0.002851,-0.004316,-5.1e-05,0.0,-0.000573,-5e-05,0.0,-0.001221,-0.002484,-0.005619,-0.003144,0.0,-0.000868,-0.004448,-0.000547,-0.001977,0.0,-0.000688,-0.001341,-0.000232,-0.000128,-0.002936,-0.004209,0.0,-0.000475,-1.6e-05,-0.001786,-3.5e-05,-0.0026,-2.3e-05,-0.001878,-0.005735,-0.000406,-0.000423,-0.002726,-3.6e-05,-7.9e-05,-1.1e-05,-0.000383,-0.002966,-0.004119,0.0,-0.002535,-0.00295,-0.004844,-0.004828,-1.8e-05,-0.005214,-0.00013,-0.003811,-0.001147,0.0,-0.00129,-0.006274,-0.003968,-0.00432,-0.003571,-0.004833,-0.001428,-0.000795,-0.000865,-6e-05,-0.000899,-0.002253,-0.002769,-0.003708
2017-05-28 16:25:00+02:00,-3e-06,0.0,-0.000676,-0.003462,-0.000673,-0.000157,-0.000719,-0.00117,-0.00291,-0.000221,-5.8e-05,-1.5e-05,-0.004223,-0.004256,-0.00244,-0.004248,-0.000289,0.0,-0.000195,-0.004292,0.0,-0.004308,-0.002435,-3.1e-05,-0.00571,-0.00481,-0.000975,0.0,-0.000892,-0.000146,-3.5e-05,-0.003427,0.0,-0.003556,-0.004175,-3e-06,-0.001502,-0.002203,0.0,-0.005886,-0.001383,-3e-05,-0.002061,0.0,-0.000578,-0.001613,-0.001056,-0.001857,-0.001898,0.0,-7.5e-05,-0.002606,-0.002853,-0.00437,-4e-05,0.0,-0.000458,-4e-05,0.0,-0.001196,-0.00245,-0.005714,-0.003119,0.0,-0.000768,-0.004465,-0.000532,-0.001944,0.0,-0.000668,-0.001309,-0.000186,-0.000102,-0.002907,-0.004312,0.0,-0.00038,-1.3e-05,-0.001771,-2.8e-05,-0.002598,-1.8e-05,-0.00185,-0.005831,-0.000325,-0.000338,-0.002753,-2.8e-05,-6.3e-05,-8e-06,-0.000322,-0.002979,-0.004178,0.0,-0.002526,-0.002924,-0.004883,-0.004869,-1.4e-05,-0.00527,-0.000104,-0.003801,-0.001119,0.0,-0.001276,-0.006347,-0.004016,-0.004326,-0.003561,-0.004873,-0.001414,-0.000775,-0.000837,-4.8e-05,-0.000837,-0.002208,-0.002747,-0.003761
2017-05-28 16:26:00+02:00,-2e-06,0.0,-0.000541,-0.003175,-0.000538,-0.000125,-0.000629,-0.00106,-0.002764,-0.000177,-4.6e-05,-1.2e-05,-0.004188,-0.004164,-0.002247,-0.003958,-0.000231,0.0,-0.000156,-0.003994,0.0,-0.004004,-0.00221,-2.5e-05,-0.005432,-0.00452,-0.000878,0.0,-0.00077,-0.000117,-2.8e-05,-0.003251,0.0,-0.003365,-0.004016,-3e-06,-0.001285,-0.00199,0.0,-0.005673,-0.001248,-2.4e-05,-0.001821,0.0,-0.000463,-0.001387,-0.000944,-0.00171,-0.00175,0.0,-6e-05,-0.00241,-0.002653,-0.004333,-3.2e-05,0.0,-0.000366,-3.2e-05,0.0,-0.001003,-0.002264,-0.005461,-0.002844,0.0,-0.000614,-0.004175,-0.000445,-0.001794,0.0,-0.000556,-0.001162,-0.000149,-8.2e-05,-0.002695,-0.004197,0.0,-0.000304,-1e-05,-0.00157,-2.2e-05,-0.002415,-1.4e-05,-0.001614,-0.005569,-0.00026,-0.000271,-0.002702,-2.3e-05,-5e-05,-7e-06,-0.000258,-0.002786,-0.00412,0.0,-0.002326,-0.002668,-0.004593,-0.004581,-1.1e-05,-0.005006,-8.3e-05,-0.003516,-0.000998,0.0,-0.00115,-0.006299,-0.003968,-0.004055,-0.003286,-0.004585,-0.001278,-0.000656,-0.000711,-3.8e-05,-0.00067,-0.001969,-0.002488,-0.003693
2017-05-28 16:27:00+02:00,-2e-06,0.0,-0.000433,-0.00299,-0.00043,-0.0001,-0.000568,-0.000986,-0.00267,-0.000142,-3.7e-05,-1e-05,-0.004197,-0.004126,-0.002116,-0.003775,-0.000185,0.0,-0.000124,-0.003803,0.0,-0.003808,-0.00206,-2e-05,-0.005254,-0.004342,-0.000812,0.0,-0.000688,-9.3e-05,-2.3e-05,-0.003137,0.0,-0.003241,-0.003924,-2e-06,-0.001131,-0.001848,0.0,-0.005541,-0.001158,-1.9e-05,-0.001662,0.0,-0.00037,-0.001237,-0.000869,-0.001613,-0.001647,0.0,-4.8e-05,-0.002285,-0.002529,-0.004342,-2.6e-05,0.0,-0.000293,-2.6e-05,0.0,-0.00087,-0.002144,-0.005297,-0.002664,0.0,-0.000491,-0.003994,-0.000385,-0.001696,0.0,-0.000478,-0.001064,-0.000119,-6.5e-05,-0.00256,-0.004141,0.0,-0.000243,-8e-06,-0.001435,-1.8e-05,-0.0023,-1.2e-05,-0.001456,-0.005403,-0.000208,-0.000217,-0.00268,-1.8e-05,-4e-05,-5e-06,-0.000206,-0.002669,-0.00411,0.0,-0.002198,-0.00249,-0.004418,-0.004407,-9e-06,-0.00483,-6.6e-05,-0.003332,-0.000917,0.0,-0.001065,-0.006307,-0.003966,-0.003869,-0.003108,-0.00441,-0.001188,-0.000576,-0.000627,-3.1e-05,-0.000536,-0.00181,-0.002319,-0.003671
2017-05-28 16:28:00+02:00,-1e-06,0.0,-0.000436,-0.003085,-0.000443,-8e-05,-0.000602,-0.001026,-0.002748,-0.000113,-3e-05,-8e-06,-0.004298,-0.004279,-0.002183,-0.003884,-0.000148,0.0,-0.0001,-0.003903,0.0,-0.003907,-0.002152,-1.6e-05,-0.005414,-0.00447,-0.000846,0.0,-0.000727,-7.5e-05,-1.8e-05,-0.003235,0.0,-0.003343,-0.004076,-2e-06,-0.001203,-0.001939,0.0,-0.00574,-0.001212,-1.5e-05,-0.00174,0.0,-0.000368,-0.001316,-0.000901,-0.001651,-0.001691,0.0,-3.8e-05,-0.002348,-0.002606,-0.004451,-2.1e-05,0.0,-0.000263,-2e-05,0.0,-0.000949,-0.002202,-0.005464,-0.002755,0.0,-0.000505,-0.00411,-0.000417,-0.001735,0.0,-0.00052,-0.00111,-9.5e-05,-5.2e-05,-0.002633,-0.00432,0.0,-0.000195,-7e-06,-0.001522,-1.4e-05,-0.002367,-9e-06,-0.001538,-0.005576,-0.000166,-0.000173,-0.002745,-1.5e-05,-3.2e-05,-4e-06,-0.000202,-0.002749,-0.004229,0.0,-0.002272,-0.002572,-0.004549,-0.004537,-7e-06,-0.004971,-5.3e-05,-0.003433,-0.000951,0.0,-0.001114,-0.006449,-0.004069,-0.003977,-0.003206,-0.00454,-0.001242,-0.000614,-0.000666,-2.5e-05,-0.000581,-0.001888,-0.002407,-0.003782
2017-05-28 16:29:00+02:00,-1e-06,0.0,-0.00046,-0.003153,-0.00047,-6.4e-05,-0.000631,-0.001057,-0.002794,-9.8e-05,-2.4e-05,-6e-06,-0.004306,-0.004326,-0.002229,-0.003962,-0.000118,0.0,-8e-05,-0.003987,0.0,-0.003988,-0.002227,-1.3e-05,-0.005516,-0.004555,-0.000875,0.0,-0.000761,-6e-05,-1.5e-05,-0.003291,0.0,-0.003404,-0.00417,-1e-06,-0.001271,-0.002016,0.0,-0.005879,-0.001253,-1.2e-05,-0.001813,0.0,-0.000384,-0.001389,-0.000927,-0.00168,-0.00172,0.0,-3.1e-05,-0.002392,-0.002651,-0.004464,-1.7e-05,0.0,-0.000263,-1.6e-05,0.0,-0.001023,-0.002242,-0.005578,-0.002823,0.0,-0.000536,-0.004191,-0.000446,-0.001765,0.0,-0.000557,-0.00115,-7.6e-05,-4.2e-05,-0.002685,-0.004386,0.0,-0.000169,-5e-06,-0.001599,-1.1e-05,-0.002405,-7e-06,-0.001609,-0.005687,-0.000133,-0.000141,-0.002757,-1.2e-05,-2.6e-05,-3e-06,-0.000209,-0.002794,-0.004251,0.0,-0.002321,-0.00264,-0.004636,-0.004625,-6e-06,-0.005071,-4.2e-05,-0.003506,-0.000981,0.0,-0.001152,-0.006476,-0.004081,-0.004058,-0.003281,-0.004628,-0.001283,-0.000647,-0.000703,-2e-05,-0.000632,-0.001962,-0.002478,-0.003805
2017-05-28 16:30:00+02:00,-1e-06,0.0,-0.000368,-0.003029,-0.000376,-5.1e-05,-0.000592,-0.001006,-0.002708,-7.8e-05,-1.9e-05,-5e-06,-0.004306,-0.004274,-0.002128,-0.003836,-9.5e-05,0.0,-6.4e-05,-0.003844,0.0,-0.003842,-0.002126,-1e-05,-0.005357,-0.004428,-0.000831,0.0,-0.000709,-4.8e-05,-1.2e-05,-0.003189,0.0,-0.003295,-0.004068,-1e-06,-0.001166,-0.001922,0.0,-0.005747,-0.001191,-1e-05,-0.001705,0.0,-0.000307,-0.001296,-0.000879,-0.001609,-0.001642,0.0,-2.5e-05,-0.002296,-0.002561,-0.004463,-1.3e-05,0.0,-0.00021,-1.3e-05,0.0,-0.000942,-0.002151,-0.00543,-0.002705,0.0,-0.000429,-0.004065,-0.000409,-0.001692,0.0,-0.000509,-0.001081,-6.1e-05,-3.3e-05,-0.00258,-0.004313,0.0,-0.000135,-4e-06,-0.001512,-9e-06,-0.002322,-6e-06,-0.001511,-0.005534,-0.000106,-0.000113,-0.002735,-9e-06,-2.1e-05,-3e-06,-0.000167,-0.002706,-0.00423,0.0,-0.002232,-0.002511,-0.004509,-0.004499,-5e-06,-0.004925,-3.4e-05,-0.003383,-0.000925,0.0,-0.001094,-0.006487,-0.00407,-0.003914,-0.003163,-0.004502,-0.00122,-0.000598,-0.000647,-1.6e-05,-0.000539,-0.001854,-0.002369,-0.003774
2017-05-28 16:31:00+02:00,-1e-06,0.0,-0.000294,-0.002978,-0.000305,-4.1e-05,-0.000563,-0.000963,-0.00261,-6.3e-05,-1.5e-05,-4e-06,-0.003914,-0.004069,-0.002026,-0.003789,-7.6e-05,0.0,-5.1e-05,-0.003695,0.0,-0.003689,-0.002041,-8e-06,-0.005174,-0.004369,-0.000795,0.0,-0.000696,-3.8e-05,-9e-06,-0.003065,0.0,-0.003165,-0.003929,-1e-06,-0.001089,-0.001846,0.0,-0.005588,-0.001136,-8e-06,-0.001617,0.0,-0.000246,-0.001281,-0.000864,-0.001537,-0.001565,0.0,-2e-05,-0.002191,-0.00251,-0.004069,-1.1e-05,0.0,-0.000168,-1e-05,0.0,-0.000888,-0.002052,-0.005261,-0.002662,0.0,-0.000353,-0.004013,-0.000384,-0.001618,0.0,-0.000476,-0.001022,-4.9e-05,-2.7e-05,-0.002463,-0.00419,0.0,-0.000108,-3e-06,-0.001447,-7e-06,-0.002276,-5e-06,-0.001489,-0.005355,-8.5e-05,-9e-05,-0.002616,-7e-06,-1.7e-05,-2e-06,-0.000134,-0.002651,-0.003914,0.0,-0.002185,-0.002397,-0.004449,-0.004441,-4e-06,-0.004765,-2.7e-05,-0.003334,-0.000877,0.0,-0.001044,-0.006141,-0.003733,-0.00377,-0.003121,-0.004443,-0.001165,-0.000586,-0.000604,-1.3e-05,-0.000482,-0.001764,-0.002335,-0.003532
2017-05-28 16:32:00+02:00,-1e-06,0.0,-0.000235,-0.002831,-0.000244,-3.3e-05,-0.000503,-0.000884,-0.002462,-5e-05,-1.2e-05,-3e-06,-0.003824,-0.003908,-0.001878,-0.00363,-6.1e-05,0.0,-4.1e-05,-0.003468,0.0,-0.003459,-0.001877,-7e-06,-0.00489,-0.004194,-0.000726,0.0,-0.000643,-3.1e-05,-7e-06,-0.00289,0.0,-0.002981,-0.003727,-1e-06,-0.000951,-0.001692,0.0,-0.005315,-0.001039,-6e-06,-0.001472,0.0,-0.000197,-0.001185,-0.000811,-0.001432,-0.001452,0.0,-1.6e-05,-0.002045,-0.002398,-0.003973,-8e-06,0.0,-0.000135,-8e-06,0.0,-0.000764,-0.001915,-0.004987,-0.002525,0.0,-0.000282,-0.003849,-0.00033,-0.001509,0.0,-0.000406,-0.000931,-3.9e-05,-2.1e-05,-0.002302,-0.003995,0.0,-8.6e-05,-3e-06,-0.001307,-6e-06,-0.002173,-4e-06,-0.001386,-0.005072,-6.8e-05,-7.2e-05,-0.002521,-6e-06,-1.3e-05,-2e-06,-0.000107,-0.002535,-0.003797,0.0,-0.002078,-0.00221,-0.004271,-0.004265,-3e-06,-0.004506,-2.2e-05,-0.003183,-0.000802,0.0,-0.000954,-0.005978,-0.003633,-0.003539,-0.002977,-0.004267,-0.001067,-0.000537,-0.000534,-1e-05,-0.000386,-0.001615,-0.00221,-0.00341
2017-05-28 16:33:00+02:00,-0.0,0.0,-0.000189,-0.002779,-0.000195,-2.6e-05,-0.000481,-0.000847,-0.002384,-4e-05,-1e-05,-3e-06,-0.003803,-0.003831,-0.001814,-0.003572,-4.8e-05,0.0,-3.3e-05,-0.003345,0.0,-0.003333,-0.001804,-5e-06,-0.004746,-0.004126,-0.000695,0.0,-0.000633,-2.4e-05,-6e-06,-0.002798,0.0,-0.002887,-0.00362,-1e-06,-0.00092,-0.001626,0.0,-0.005179,-0.000994,-5e-06,-0.001415,0.0,-0.000157,-0.001174,-0.000797,-0.001373,-0.001401,0.0,-1.3e-05,-0.001963,-0.00235,-0.003949,-7e-06,0.0,-0.000108,-7e-06,0.0,-0.000728,-0.001837,-0.004849,-0.002481,0.0,-0.000242,-0.003786,-0.000313,-0.001448,0.0,-0.000384,-0.000893,-3.1e-05,-1.7e-05,-0.002212,-0.003895,0.0,-6.9e-05,-2e-06,-0.001255,-5e-06,-0.002129,-3e-06,-0.001368,-0.004927,-5.4e-05,-5.8e-05,-0.002478,-5e-06,-1.1e-05,-1e-06,-8.5e-05,-0.002483,-0.003755,0.0,-0.002038,-0.002142,-0.004201,-0.004197,-2e-06,-0.00438,-1.7e-05,-0.003129,-0.000769,0.0,-0.000912,-0.005931,-0.003601,-0.003435,-0.00293,-0.004199,-0.001022,-0.00053,-0.00051,-8e-06,-0.000351,-0.001556,-0.002176,-0.003358
2017-05-28 16:34:00+02:00,-0.0,0.0,-0.000151,-0.002676,-0.000156,-2.1e-05,-0.000455,-0.000803,-0.002267,-3.2e-05,-8e-06,-2e-06,-0.003546,-0.003678,-0.001716,-0.003452,-3.9e-05,0.0,-2.6e-05,-0.003144,0.0,-0.003129,-0.001717,-4e-06,-0.004524,-0.003988,-0.00066,0.0,-0.000607,-2e-05,-5e-06,-0.002659,0.0,-0.002743,-0.00345,-0.0,-0.00086,-0.001549,0.0,-0.004957,-0.000942,-4e-06,-0.001311,0.0,-0.000126,-0.001131,-0.000765,-0.00128,-0.001325,0.0,-1e-05,-0.001833,-0.00226,-0.003695,-5e-06,0.0,-8.6e-05,-5e-06,0.0,-0.000688,-0.001715,-0.004632,-0.00239,0.0,-0.000193,-0.003659,-0.000294,-0.001352,0.0,-0.00036,-0.000825,-2.5e-05,-1.4e-05,-0.002068,-0.003723,0.0,-5.5e-05,-2e-06,-0.001193,-4e-06,-0.002046,-2e-06,-0.001317,-0.004701,-4.4e-05,-4.6e-05,-0.002346,-4e-06,-8e-06,-1e-06,-6.8e-05,-0.002387,-0.003546,0.0,-0.001958,-0.00203,-0.004061,-0.004058,-2e-06,-0.004183,-1.4e-05,-0.003019,-0.000712,0.0,-0.000864,-0.005586,-0.003376,-0.003273,-0.002829,-0.004061,-0.000968,-0.000507,-0.000464,-6e-06,-0.000316,-0.001446,-0.002098,-0.003187
2017-05-28 16:35:00+02:00,-0.0,0.0,-0.000121,-0.002395,-0.000125,-1.7e-05,-0.000388,-0.000705,-0.002039,-2.6e-05,-6e-06,-2e-06,-0.002695,-0.002791,-0.001508,-0.003123,-3.1e-05,0.0,-2.1e-05,-0.002802,0.0,-0.002786,-0.001507,-3e-06,-0.004075,-0.00362,-0.000577,0.0,-0.000522,-1.6e-05,-4e-06,-0.002378,0.0,-0.002448,-0.002873,-0.0,-0.00071,-0.001354,0.0,-0.004493,-0.000819,-3e-06,-0.001121,0.0,-0.000101,-0.000972,-0.000677,-0.001133,-0.001172,0.0,-8e-06,-0.001617,-0.002025,-0.002791,-4e-06,0.0,-6.9e-05,-4e-06,0.0,-0.00056,-0.001513,-0.004186,-0.002133,0.0,-0.000155,-0.003315,-0.000239,-0.001199,0.0,-0.00029,-0.000706,-2e-05,-1.1e-05,-0.001823,-0.002873,0.0,-4.4e-05,-1e-06,-0.001027,-3e-06,-0.001837,-2e-06,-0.001143,-0.004243,-3.5e-05,-3.7e-05,-0.001957,-3e-06,-7e-06,-1e-06,-5.5e-05,-0.002146,-0.002695,0.0,-0.001742,-0.001786,-0.003688,-0.003687,-2e-06,-0.003774,-1.1e-05,-0.002718,-0.000615,0.0,-0.000752,-0.004523,-0.002584,-0.002932,-0.002543,-0.003689,-0.000844,-0.000431,-0.00038,-5e-06,-0.000253,-0.001246,-0.001866,-0.002465
2017-05-28 16:36:00+02:00,-0.0,0.0,-9.7e-05,-0.001973,-0.0001,-1.3e-05,-0.00031,-0.000564,-0.001787,-2.1e-05,-5e-06,-1e-06,-0.002519,-0.00256,-0.001207,-0.002685,-2.5e-05,0.0,-1.7e-05,-0.002339,0.0,-0.002321,-0.001205,-3e-06,-0.003569,-0.003166,-0.000462,0.0,-0.000417,-1.3e-05,-3e-06,-0.002078,0.0,-0.002125,-0.002566,-0.0,-0.000568,-0.001083,0.0,-0.003965,-0.000655,-3e-06,-0.000896,0.0,-8e-05,-0.000778,-0.000542,-0.000926,-0.000947,0.0,-6e-06,-0.001339,-0.001748,-0.002609,-3e-06,0.0,-5.5e-05,-3e-06,0.0,-0.000448,-0.001251,-0.00367,-0.001721,0.0,-0.000124,-0.00287,-0.000192,-0.000988,0.0,-0.000232,-0.000565,-1.6e-05,-9e-06,-0.001515,-0.002612,0.0,-3.5e-05,-1e-06,-0.000821,-2e-06,-0.001586,-2e-06,-0.000914,-0.003725,-2.8e-05,-3e-05,-0.001773,-2e-06,-5e-06,-1e-06,-4.4e-05,-0.001876,-0.0025,0.0,-0.001454,-0.001429,-0.003231,-0.00323,-1e-06,-0.003277,-9e-06,-0.00229,-0.000492,0.0,-0.000602,-0.004151,-0.002403,-0.002465,-0.002122,-0.003232,-0.000675,-0.000344,-0.000304,-4e-06,-0.000202,-0.000997,-0.001493,-0.002269
2017-05-28 16:37:00+02:00,-0.0,0.0,-0.000765,-0.003069,-0.000752,-0.000367,-0.000639,-0.000977,-0.002229,-0.000342,-0.000164,-1.4e-05,-0.003066,-0.003142,-0.002029,-0.003682,-0.000533,0.0,-0.000415,-0.0034,0.0,-0.003403,-0.002098,-4.3e-05,-0.00446,-0.004067,-0.000817,0.0,-0.000864,-0.000275,-9.2e-05,-0.002661,0.0,-0.002794,-0.003181,-0.0,-0.001426,-0.001935,0.0,-0.004701,-0.001189,-4e-05,-0.001802,0.0,-0.000704,-0.001623,-0.000934,-0.001453,-0.001535,0.0,-0.000198,-0.00207,-0.002449,-0.003181,-0.000108,0.0,-0.00065,-9.6e-05,0.0,-0.00118,-0.00194,-0.004482,-0.002767,0.0,-0.000831,-0.003831,-0.000499,-0.001513,0.0,-0.000649,-0.001124,-0.000339,-0.000246,-0.002306,-0.003217,0.0,-0.000602,-1e-06,-0.001623,-3.6e-05,-0.002208,-2.1e-05,-0.001802,-0.004563,-0.000548,-0.000565,-0.002062,-7e-05,-0.000162,-1e-06,-0.000404,-0.0025,-0.003051,0.0,-0.002263,-0.002461,-0.004127,-0.004117,-9e-06,-0.00415,-0.000229,-0.003378,-0.000926,0.0,-0.001093,-0.004855,-0.002922,-0.003505,-0.003196,-0.004115,-0.001212,-0.000776,-0.00077,-0.000123,-0.000867,-0.001908,-0.002479,-0.002755
2017-05-28 16:38:00+02:00,-0.0,0.0,-0.000941,-0.003453,-0.000918,-0.000344,-0.000744,-0.001112,-0.002425,-0.000401,-0.000131,-1.1e-05,-0.003292,-0.003389,-0.002314,-0.004149,-0.00061,0.0,-0.000422,-0.00389,0.0,-0.003888,-0.002407,-3.5e-05,-0.004875,-0.004537,-0.000936,0.0,-0.001001,-0.000299,-7.3e-05,-0.002925,0.0,-0.003111,-0.00345,-0.0,-0.001708,-0.002235,0.0,-0.005043,-0.001359,-3.2e-05,-0.002112,0.0,-0.000852,-0.001902,-0.001066,-0.001643,-0.001736,0.0,-0.000166,-0.002348,-0.002749,-0.00342,-8.6e-05,0.0,-0.000784,-7.7e-05,0.0,-0.001414,-0.002198,-0.004872,-0.003137,0.0,-0.001019,-0.004321,-0.000593,-0.001711,0.0,-0.000769,-0.001304,-0.000379,-0.00022,-0.002627,-0.003479,0.0,-0.000716,-1e-06,-0.001895,-2.9e-05,-0.002474,-1.7e-05,-0.002094,-0.004948,-0.00063,-0.000662,-0.002179,-5.6e-05,-0.000131,-0.0,-0.000484,-0.002796,-0.003279,0.0,-0.002537,-0.002838,-0.004588,-0.004577,-7e-06,-0.004602,-0.000215,-0.00379,-0.001071,0.0,-0.00125,-0.005168,-0.003134,-0.003999,-0.003595,-0.004574,-0.001384,-0.000906,-0.000912,-9.8e-05,-0.001062,-0.002232,-0.002833,-0.002952
2017-05-28 16:39:00+02:00,-0.0,0.0,-0.000753,-0.002856,-0.000734,-0.000275,-0.000622,-0.000945,-0.001428,-0.00032,-0.000105,-9e-06,-0.001428,-0.001428,-0.001428,-0.002856,-0.000488,0.0,-0.000337,-0.002856,0.0,-0.002856,-0.002035,-2.8e-05,-0.002856,-0.002856,-0.000797,0.0,-0.000836,-0.000239,-5.9e-05,-0.001428,0.0,-0.001428,-0.001428,-0.0,-0.001405,-0.001884,0.0,-0.002856,-0.001138,-2.6e-05,-0.00177,0.0,-0.000682,-0.001587,-0.000915,-0.00142,-0.001428,0.0,-0.000133,-0.001428,-0.001428,-0.001428,-6.9e-05,0.0,-0.000627,-6.1e-05,0.0,-0.00115,-0.001428,-0.002856,-0.002688,0.0,-0.000815,-0.002856,-0.000483,-0.001428,0.0,-0.000623,-0.001088,-0.000303,-0.000176,-0.001428,-0.001428,0.0,-0.000573,-1e-06,-0.001581,-2.3e-05,-0.001428,-1.4e-05,-0.001757,-0.002856,-0.000504,-0.00053,-0.001428,-4.5e-05,-0.000105,-0.0,-0.000387,-0.001428,-0.001428,0.0,-0.001428,-0.002413,-0.002856,-0.002856,-6e-06,-0.002856,-0.000172,-0.002856,-0.000907,0.0,-0.001049,-0.002856,-0.001428,-0.002856,-0.002856,-0.002856,-0.00116,-0.000751,-0.000749,-7.8e-05,-0.00085,-0.001879,-0.002419,-0.001428
2017-05-28 16:40:00+02:00,-0.0,0.0,-0.000602,-0.002285,-0.000587,-0.00022,-0.000497,-0.000756,-0.001142,-0.000256,-8.4e-05,-7e-06,-0.001142,-0.001142,-0.001142,-0.002285,-0.000391,0.0,-0.00027,-0.002285,0.0,-0.002285,-0.001628,-2.2e-05,-0.002285,-0.002285,-0.000637,0.0,-0.000669,-0.000191,-4.7e-05,-0.001142,0.0,-0.001142,-0.001142,-0.0,-0.001124,-0.001507,0.0,-0.002285,-0.00091,-2.1e-05,-0.001416,0.0,-0.000545,-0.00127,-0.000732,-0.001136,-0.001142,0.0,-0.000107,-0.001142,-0.001142,-0.001142,-5.5e-05,0.0,-0.000502,-4.9e-05,0.0,-0.00092,-0.001142,-0.002285,-0.00215,0.0,-0.000652,-0.002285,-0.000387,-0.001142,0.0,-0.000499,-0.00087,-0.000243,-0.000141,-0.001142,-0.001142,0.0,-0.000458,-0.0,-0.001265,-1.9e-05,-0.001142,-1.1e-05,-0.001405,-0.002285,-0.000403,-0.000424,-0.001142,-3.6e-05,-8.4e-05,-0.0,-0.00031,-0.001142,-0.001142,0.0,-0.001142,-0.00193,-0.002285,-0.002285,-5e-06,-0.002285,-0.000137,-0.002285,-0.000726,0.0,-0.000839,-0.002285,-0.001142,-0.002285,-0.002285,-0.002285,-0.000928,-0.000601,-0.000599,-6.3e-05,-0.00068,-0.001503,-0.001935,-0.001142
2017-05-28 16:41:00+02:00,-0.0,0.0,-0.000482,-0.001828,-0.00047,-0.000176,-0.000398,-0.000605,-0.000914,-0.000205,-6.7e-05,-6e-06,-0.000914,-0.000914,-0.000914,-0.001828,-0.000313,0.0,-0.000216,-0.001828,0.0,-0.001828,-0.001303,-1.8e-05,-0.001828,-0.001828,-0.00051,0.0,-0.000535,-0.000153,-3.8e-05,-0.000914,0.0,-0.000914,-0.000914,-0.0,-0.000899,-0.001206,0.0,-0.001828,-0.000728,-1.7e-05,-0.001133,0.0,-0.000436,-0.001016,-0.000586,-0.000909,-0.000914,0.0,-8.5e-05,-0.000914,-0.000914,-0.000914,-4.4e-05,0.0,-0.000402,-3.9e-05,0.0,-0.000736,-0.000914,-0.001828,-0.00172,0.0,-0.000522,-0.001828,-0.000309,-0.000914,0.0,-0.000399,-0.000696,-0.000194,-0.000112,-0.000914,-0.000914,0.0,-0.000367,-0.0,-0.001012,-1.5e-05,-0.000914,-9e-06,-0.001124,-0.001828,-0.000322,-0.000339,-0.000914,-2.9e-05,-6.7e-05,-0.0,-0.000248,-0.000914,-0.000914,0.0,-0.000914,-0.001544,-0.001828,-0.001828,-4e-06,-0.001828,-0.00011,-0.001828,-0.000581,0.0,-0.000671,-0.001828,-0.000914,-0.001828,-0.001828,-0.001828,-0.000742,-0.000481,-0.000479,-5e-05,-0.000544,-0.001203,-0.001548,-0.000914
2017-05-28 16:42:00+02:00,-0.0,0.0,-0.000489,-0.001882,-0.000483,-0.000141,-0.000413,-0.000613,-0.001056,-0.000211,-5.4e-05,-5e-06,-0.001189,-0.001202,-0.000994,-0.001981,-0.000298,0.0,-0.000183,-0.001884,0.0,-0.001879,-0.001319,-1.4e-05,-0.002125,-0.002044,-0.000524,0.0,-0.000555,-0.000138,-3e-05,-0.001087,0.0,-0.001095,-0.00117,-0.0,-0.000977,-0.001228,0.0,-0.002203,-0.000723,-1.3e-05,-0.001141,0.0,-0.000445,-0.001068,-0.000614,-0.000902,-0.000952,0.0,-6.8e-05,-0.000949,-0.001025,-0.001202,-3.5e-05,0.0,-0.0004,-3.1e-05,0.0,-0.000763,-0.000939,-0.002156,-0.001767,0.0,-0.000528,-0.002005,-0.000325,-0.000913,0.0,-0.000405,-0.000686,-0.000192,-0.000103,-0.000969,-0.001203,0.0,-0.000386,-0.0,-0.001036,-1.2e-05,-0.001006,-7e-06,-0.001172,-0.002155,-0.000315,-0.000329,-0.001091,-2.3e-05,-5.4e-05,-0.0,-0.000247,-0.00104,-0.001189,0.0,-0.000995,-0.001627,-0.002052,-0.002054,-3e-06,-0.002104,-9.7e-05,-0.001927,-0.000584,0.0,-0.000671,-0.002272,-0.001173,-0.001998,-0.001908,-0.002055,-0.000737,-0.000501,-0.000479,-4e-05,-0.000567,-0.001213,-0.001601,-0.001157
2017-05-28 16:43:00+02:00,-0.0,0.0,-0.000391,-0.001561,-0.000386,-0.000113,-0.00033,-0.000491,-0.000924,-0.000169,-4.3e-05,-4e-06,-0.00108,-0.001075,-0.000818,-0.001689,-0.000238,0.0,-0.000146,-0.001546,0.0,-0.00154,-0.001055,-1.1e-05,-0.001857,-0.001772,-0.000419,0.0,-0.000444,-0.000111,-2.4e-05,-0.000944,0.0,-0.000944,-0.001031,-0.0,-0.000781,-0.000982,0.0,-0.00195,-0.000579,-1.1e-05,-0.000913,0.0,-0.000356,-0.000854,-0.000495,-0.000732,-0.000788,0.0,-5.5e-05,-0.000774,-0.000874,-0.00109,-2.8e-05,0.0,-0.00032,-2.5e-05,0.0,-0.00061,-0.000766,-0.001892,-0.001453,0.0,-0.000423,-0.001721,-0.00026,-0.000743,0.0,-0.000324,-0.000549,-0.000154,-8.2e-05,-0.000792,-0.001069,0.0,-0.000309,-0.0,-0.000829,-9e-06,-0.000859,-6e-06,-0.000938,-0.001892,-0.000252,-0.000263,-0.00099,-1.8e-05,-4.3e-05,-0.0,-0.000198,-0.000897,-0.001074,0.0,-0.000829,-0.001322,-0.001782,-0.001785,-2e-06,-0.001826,-7.8e-05,-0.001619,-0.000467,0.0,-0.000537,-0.002071,-0.001064,-0.001689,-0.001594,-0.001786,-0.00059,-0.000401,-0.000383,-3.2e-05,-0.000454,-0.00097,-0.001305,-0.001044
2017-05-28 16:44:00+02:00,-0.0,0.0,-0.000313,-0.001249,-0.000309,-9e-05,-0.000264,-0.000393,-0.000739,-0.000135,-3.4e-05,-3e-06,-0.000864,-0.00086,-0.000654,-0.001351,-0.00019,0.0,-0.000117,-0.001237,0.0,-0.001232,-0.000844,-9e-06,-0.001486,-0.001418,-0.000335,0.0,-0.000355,-8.9e-05,-1.9e-05,-0.000755,0.0,-0.000755,-0.000825,-0.0,-0.000625,-0.000786,0.0,-0.00156,-0.000463,-8e-06,-0.00073,0.0,-0.000285,-0.000683,-0.000396,-0.000585,-0.00063,0.0,-4.4e-05,-0.000619,-0.000699,-0.000872,-2.3e-05,0.0,-0.000256,-2e-05,0.0,-0.000488,-0.000612,-0.001514,-0.001163,0.0,-0.000338,-0.001376,-0.000208,-0.000595,0.0,-0.000259,-0.000439,-0.000123,-6.6e-05,-0.000634,-0.000856,0.0,-0.000247,-0.0,-0.000663,-8e-06,-0.000687,-4e-06,-0.00075,-0.001514,-0.000201,-0.000211,-0.000792,-1.5e-05,-3.4e-05,-0.0,-0.000158,-0.000717,-0.000859,0.0,-0.000663,-0.001058,-0.001426,-0.001428,-2e-06,-0.001461,-6.2e-05,-0.001296,-0.000374,0.0,-0.000429,-0.001657,-0.000851,-0.001352,-0.001275,-0.001429,-0.000472,-0.00032,-0.000306,-2.6e-05,-0.000363,-0.000776,-0.001044,-0.000835
2017-05-28 16:45:00+02:00,-0.0,0.0,-0.00025,-0.000999,-0.000247,-7.2e-05,-0.000211,-0.000314,-0.000591,-0.000108,-2.8e-05,-2e-06,-0.000691,-0.000688,-0.000523,-0.001081,-0.000152,0.0,-9.4e-05,-0.00099,0.0,-0.000986,-0.000675,-7e-06,-0.001188,-0.001134,-0.000268,0.0,-0.000284,-7.1e-05,-1.5e-05,-0.000604,0.0,-0.000604,-0.00066,-0.0,-0.0005,-0.000628,0.0,-0.001248,-0.00037,-7e-06,-0.000584,0.0,-0.000228,-0.000547,-0.000317,-0.000468,-0.000504,0.0,-3.5e-05,-0.000495,-0.000559,-0.000698,-1.8e-05,0.0,-0.000205,-1.6e-05,0.0,-0.000391,-0.00049,-0.001211,-0.00093,0.0,-0.00027,-0.001101,-0.000166,-0.000476,0.0,-0.000207,-0.000351,-9.8e-05,-5.3e-05,-0.000507,-0.000684,0.0,-0.000198,-0.0,-0.000531,-6e-06,-0.000549,-4e-06,-0.0006,-0.001211,-0.000161,-0.000169,-0.000634,-1.2e-05,-2.7e-05,-0.0,-0.000127,-0.000574,-0.000687,0.0,-0.000531,-0.000846,-0.001141,-0.001142,-2e-06,-0.001169,-5e-05,-0.001036,-0.000299,0.0,-0.000343,-0.001325,-0.000681,-0.001081,-0.00102,-0.001143,-0.000377,-0.000256,-0.000245,-2.1e-05,-0.00029,-0.000621,-0.000835,-0.000668
2017-05-28 16:46:00+02:00,-0.0,0.0,-0.0002,-0.000799,-0.000198,-5.8e-05,-0.000169,-0.000251,-0.000473,-8.7e-05,-2.2e-05,-2e-06,-0.000553,-0.000551,-0.000419,-0.000865,-0.000122,0.0,-7.5e-05,-0.000792,0.0,-0.000788,-0.00054,-6e-06,-0.000951,-0.000907,-0.000215,0.0,-0.000227,-5.7e-05,-1.2e-05,-0.000483,0.0,-0.000483,-0.000528,-0.0,-0.0004,-0.000503,0.0,-0.000998,-0.000296,-5e-06,-0.000467,0.0,-0.000182,-0.000437,-0.000253,-0.000375,-0.000403,0.0,-2.8e-05,-0.000396,-0.000447,-0.000558,-1.5e-05,0.0,-0.000164,-1.3e-05,0.0,-0.000313,-0.000392,-0.000969,-0.000744,0.0,-0.000216,-0.000881,-0.000133,-0.000381,0.0,-0.000166,-0.000281,-7.9e-05,-4.2e-05,-0.000406,-0.000548,0.0,-0.000158,-0.0,-0.000425,-5e-06,-0.00044,-3e-06,-0.00048,-0.000969,-0.000129,-0.000135,-0.000507,-9e-06,-2.2e-05,-0.0,-0.000101,-0.000459,-0.00055,0.0,-0.000424,-0.000677,-0.000913,-0.000914,-1e-06,-0.000935,-4e-05,-0.000829,-0.000239,0.0,-0.000275,-0.00106,-0.000545,-0.000865,-0.000816,-0.000914,-0.000302,-0.000205,-0.000196,-1.6e-05,-0.000232,-0.000497,-0.000668,-0.000534
2017-05-28 16:47:00+02:00,-0.0,0.0,-0.00016,-0.000639,-0.000158,-4.6e-05,-0.000135,-0.000201,-0.000378,-6.9e-05,-1.8e-05,-1e-06,-0.000442,-0.00044,-0.000335,-0.000692,-9.7e-05,0.0,-6e-05,-0.000633,0.0,-0.000631,-0.000432,-5e-06,-0.000761,-0.000726,-0.000172,0.0,-0.000182,-4.5e-05,-1e-05,-0.000387,0.0,-0.000387,-0.000422,-0.0,-0.00032,-0.000402,0.0,-0.000799,-0.000237,-4e-06,-0.000374,0.0,-0.000146,-0.00035,-0.000203,-0.0003,-0.000323,0.0,-2.2e-05,-0.000317,-0.000358,-0.000447,-1.2e-05,0.0,-0.000131,-1e-05,0.0,-0.00025,-0.000314,-0.000775,-0.000595,0.0,-0.000173,-0.000705,-0.000106,-0.000304,0.0,-0.000133,-0.000225,-6.3e-05,-3.4e-05,-0.000324,-0.000438,0.0,-0.000127,-0.0,-0.00034,-4e-06,-0.000352,-2e-06,-0.000384,-0.000775,-0.000103,-0.000108,-0.000405,-8e-06,-1.8e-05,-0.0,-8.1e-05,-0.000367,-0.00044,0.0,-0.00034,-0.000542,-0.00073,-0.000731,-1e-06,-0.000748,-3.2e-05,-0.000663,-0.000191,0.0,-0.00022,-0.000848,-0.000436,-0.000692,-0.000653,-0.000731,-0.000242,-0.000164,-0.000157,-1.3e-05,-0.000186,-0.000397,-0.000535,-0.000428
2017-05-28 16:48:00+02:00,-0.0,0.0,-0.000128,-0.000512,-0.000127,-3.7e-05,-0.000108,-0.000161,-0.000303,-5.5e-05,-1.4e-05,-1e-06,-0.000357,-0.000352,-0.000268,-0.000553,-7.8e-05,0.0,-4.8e-05,-0.000507,0.0,-0.000505,-0.000346,-4e-06,-0.000608,-0.000581,-0.000137,0.0,-0.000145,-3.6e-05,-8e-06,-0.000309,0.0,-0.000309,-0.000338,-0.0,-0.000256,-0.000322,0.0,-0.000639,-0.00019,-3e-06,-0.000299,0.0,-0.000117,-0.00028,-0.000162,-0.00024,-0.000258,0.0,-1.8e-05,-0.000254,-0.000286,-0.00036,-9e-06,0.0,-0.000105,-8e-06,0.0,-0.0002,-0.000251,-0.00062,-0.000476,0.0,-0.000138,-0.000564,-8.5e-05,-0.000244,0.0,-0.000106,-0.00018,-5e-05,-2.7e-05,-0.00026,-0.00035,0.0,-0.000101,-0.0,-0.000272,-3e-06,-0.000281,-2e-06,-0.000307,-0.00062,-8.2e-05,-8.6e-05,-0.000324,-6e-06,-1.4e-05,-0.0,-6.5e-05,-0.000294,-0.000352,0.0,-0.000272,-0.000433,-0.000584,-0.000585,-1e-06,-0.000598,-2.5e-05,-0.000531,-0.000153,0.0,-0.000176,-0.000683,-0.00035,-0.000554,-0.000522,-0.000585,-0.000193,-0.000131,-0.000125,-1.1e-05,-0.000149,-0.000318,-0.000428,-0.000342
2017-05-28 16:49:00+02:00,-0.0,0.0,-0.000102,-0.000409,-0.000101,-3e-05,-8.7e-05,-0.000129,-0.000242,-4.4e-05,-1.1e-05,-1e-06,-0.000294,-0.000283,-0.000214,-0.000443,-6.2e-05,0.0,-3.8e-05,-0.000405,0.0,-0.000404,-0.000277,-3e-06,-0.000487,-0.000465,-0.00011,0.0,-0.000116,-2.9e-05,-6e-06,-0.000247,0.0,-0.000247,-0.00027,-0.0,-0.000205,-0.000257,0.0,-0.000511,-0.000152,-3e-06,-0.000239,0.0,-9.3e-05,-0.000224,-0.00013,-0.000192,-0.000207,0.0,-1.4e-05,-0.000203,-0.000229,-0.000296,-7e-06,0.0,-8.4e-05,-7e-06,0.0,-0.00016,-0.000201,-0.000496,-0.000381,0.0,-0.000111,-0.000451,-6.8e-05,-0.000195,0.0,-8.5e-05,-0.000144,-4e-05,-2.2e-05,-0.000208,-0.00028,0.0,-8.1e-05,-0.0,-0.000217,-2e-06,-0.000225,-1e-06,-0.000246,-0.000496,-6.6e-05,-6.9e-05,-0.000263,-5e-06,-1.1e-05,-0.0,-5.2e-05,-0.000235,-0.000287,0.0,-0.000217,-0.000347,-0.000467,-0.000468,-1e-06,-0.000479,-2e-05,-0.000425,-0.000122,0.0,-0.000141,-0.000562,-0.000287,-0.000443,-0.000418,-0.000468,-0.000155,-0.000105,-0.0001,-8e-06,-0.000119,-0.000254,-0.000342,-0.000277
2017-05-28 16:50:00+02:00,-0.0,0.0,-8.2e-05,-0.000327,-8.1e-05,-2.4e-05,-6.9e-05,-0.000103,-0.000194,-3.5e-05,-9e-06,-1e-06,-0.000247,-0.00023,-0.000171,-0.000354,-5e-05,0.0,-3.1e-05,-0.000324,0.0,-0.000323,-0.000221,-2e-06,-0.000389,-0.000372,-8.8e-05,0.0,-9.3e-05,-2.3e-05,-5e-06,-0.000198,0.0,-0.000198,-0.000216,-0.0,-0.000164,-0.000206,0.0,-0.000409,-0.000121,-2e-06,-0.000191,0.0,-7.5e-05,-0.000179,-0.000104,-0.000153,-0.000165,0.0,-1.1e-05,-0.000162,-0.000183,-0.000248,-6e-06,0.0,-6.7e-05,-5e-06,0.0,-0.000128,-0.000161,-0.000397,-0.000305,0.0,-8.9e-05,-0.000361,-5.4e-05,-0.000156,0.0,-6.8e-05,-0.000115,-3.2e-05,-1.7e-05,-0.000166,-0.000225,0.0,-6.5e-05,-0.0,-0.000174,-2e-06,-0.00018,-1e-06,-0.000197,-0.000397,-5.3e-05,-5.5e-05,-0.000218,-4e-06,-9e-06,-0.0,-4.1e-05,-0.000188,-0.000238,0.0,-0.000174,-0.000277,-0.000374,-0.000374,-0.0,-0.000383,-1.6e-05,-0.00034,-9.8e-05,0.0,-0.000113,-0.000472,-0.00024,-0.000354,-0.000334,-0.000375,-0.000124,-8.4e-05,-8e-05,-7e-06,-9.5e-05,-0.000203,-0.000274,-0.000229
2017-05-28 16:51:00+02:00,-0.0,0.0,-6.6e-05,-0.000262,-6.5e-05,-1.9e-05,-5.5e-05,-8.2e-05,-0.000155,-2.8e-05,-7e-06,-1e-06,-0.000219,-0.000198,-0.000137,-0.000283,-4e-05,0.0,-2.5e-05,-0.000259,0.0,-0.000258,-0.000177,-2e-06,-0.000312,-0.000297,-7e-05,0.0,-7.4e-05,-1.9e-05,-4e-06,-0.000158,0.0,-0.000158,-0.000177,-0.0,-0.000131,-0.000165,0.0,-0.000336,-9.7e-05,-2e-06,-0.000153,0.0,-6e-05,-0.000143,-8.3e-05,-0.000123,-0.000132,0.0,-9e-06,-0.00013,-0.000147,-0.00022,-5e-06,0.0,-5.4e-05,-4e-06,0.0,-0.000102,-0.000128,-0.000317,-0.000244,0.0,-7.1e-05,-0.000289,-4.4e-05,-0.000125,0.0,-5.4e-05,-9.2e-05,-2.6e-05,-1.4e-05,-0.000133,-0.000191,0.0,-5.2e-05,-0.0,-0.000139,-2e-06,-0.000144,-1e-06,-0.000157,-0.000318,-4.2e-05,-4.4e-05,-0.000191,-3e-06,-7e-06,-0.0,-3.3e-05,-0.00015,-0.000209,0.0,-0.000139,-0.000222,-0.000299,-0.000299,-0.0,-0.000306,-1.3e-05,-0.000272,-7.8e-05,0.0,-9e-05,-0.000419,-0.000211,-0.000283,-0.000267,-0.0003,-9.9e-05,-6.7e-05,-6.4e-05,-5e-06,-7.6e-05,-0.000163,-0.000219,-0.000199
2017-05-28 16:52:00+02:00,-0.0,0.0,-5.2e-05,-0.00021,-5.2e-05,-1.5e-05,-4.4e-05,-6.6e-05,-0.000127,-2.3e-05,-6e-06,-0.0,-0.000201,-0.000176,-0.00011,-0.000227,-3.2e-05,0.0,-2e-05,-0.000208,0.0,-0.000207,-0.000142,-2e-06,-0.000255,-0.000238,-5.6e-05,0.0,-6e-05,-1.5e-05,-3e-06,-0.000127,0.0,-0.000127,-0.000151,-0.0,-0.000105,-0.000132,0.0,-0.000288,-7.8e-05,-1e-06,-0.000123,0.0,-4.8e-05,-0.000115,-6.6e-05,-9.8e-05,-0.000106,0.0,-7e-06,-0.000104,-0.000117,-0.000201,-4e-06,0.0,-4.3e-05,-3e-06,0.0,-8.2e-05,-0.000103,-0.000263,-0.000195,0.0,-5.7e-05,-0.000231,-3.5e-05,-0.0001,0.0,-4.3e-05,-7.4e-05,-2.1e-05,-1.1e-05,-0.000106,-0.000168,0.0,-4.1e-05,-0.0,-0.000111,-1e-06,-0.000115,-1e-06,-0.000126,-0.000264,-3.4e-05,-3.5e-05,-0.000173,-2e-06,-6e-06,-0.0,-2.7e-05,-0.00012,-0.000189,0.0,-0.000111,-0.000177,-0.00024,-0.000241,-0.0,-0.000245,-1e-05,-0.000217,-6.3e-05,0.0,-7.2e-05,-0.000384,-0.000193,-0.000227,-0.000214,-0.000241,-7.9e-05,-5.4e-05,-5.1e-05,-4e-06,-6.1e-05,-0.00013,-0.000175,-0.00018
2017-05-28 16:53:00+02:00,-0.0,0.0,-4.2e-05,-0.000168,-4.1e-05,-1.2e-05,-3.5e-05,-5.3e-05,-0.00011,-1.8e-05,-5e-06,-0.0,-0.000192,-0.000165,-8.8e-05,-0.000181,-2.6e-05,0.0,-1.6e-05,-0.000166,0.0,-0.000165,-0.000113,-1e-06,-0.00022,-0.000198,-4.5e-05,0.0,-4.8e-05,-1.2e-05,-3e-06,-0.000107,0.0,-0.000103,-0.000136,-0.0,-8.4e-05,-0.000105,0.0,-0.000259,-6.2e-05,-1e-06,-9.8e-05,0.0,-3.8e-05,-9.2e-05,-5.3e-05,-7.9e-05,-8.5e-05,0.0,-6e-06,-8.3e-05,-9.4e-05,-0.000192,-3e-06,0.0,-3.4e-05,-3e-06,0.0,-6.6e-05,-8.2e-05,-0.000229,-0.000156,0.0,-4.5e-05,-0.000185,-2.8e-05,-8e-05,0.0,-3.5e-05,-5.9e-05,-1.7e-05,-9e-06,-8.5e-05,-0.000155,0.0,-3.3e-05,-0.0,-8.9e-05,-1e-06,-9.2e-05,-1e-06,-0.000101,-0.000231,-2.7e-05,-2.8e-05,-0.000163,-2e-06,-5e-06,-0.0,-2.1e-05,-9.8e-05,-0.000179,0.0,-8.9e-05,-0.000142,-0.000202,-0.000203,-0.0,-0.000204,-8e-06,-0.000174,-5e-05,0.0,-5.8e-05,-0.000367,-0.000183,-0.000181,-0.000171,-0.000203,-6.3e-05,-4.3e-05,-4.1e-05,-3e-06,-4.9e-05,-0.000104,-0.00014,-0.00017
2017-05-28 16:54:00+02:00,-0.0,0.0,-3.4e-05,-0.000134,-3.3e-05,-1e-05,-2.8e-05,-4.2e-05,-0.000102,-1.5e-05,-4e-06,-0.0,-0.000195,-0.000165,-7e-05,-0.000145,-2e-05,0.0,-1.3e-05,-0.000133,0.0,-0.000132,-9.1e-05,-1e-06,-0.000205,-0.000166,-3.6e-05,0.0,-3.8e-05,-1e-05,-2e-06,-9.8e-05,0.0,-9e-05,-0.000132,-0.0,-6.7e-05,-8.4e-05,0.0,-0.000253,-5e-05,-1e-06,-7.8e-05,0.0,-3.1e-05,-7.3e-05,-4.3e-05,-6.3e-05,-6.8e-05,0.0,-5e-06,-6.6e-05,-7.5e-05,-0.000195,-2e-06,0.0,-2.7e-05,-2e-06,0.0,-5.2e-05,-6.6e-05,-0.000218,-0.000125,0.0,-3.6e-05,-0.000148,-2.2e-05,-6.4e-05,0.0,-2.8e-05,-4.7e-05,-1.3e-05,-7e-06,-6.8e-05,-0.000154,0.0,-2.7e-05,-0.0,-7.1e-05,-1e-06,-7.4e-05,-0.0,-8.1e-05,-0.000219,-2.2e-05,-2.3e-05,-0.000166,-2e-06,-4e-06,-0.0,-1.7e-05,-8e-05,-0.000181,0.0,-7.1e-05,-0.000114,-0.000171,-0.000172,-0.0,-0.000183,-7e-06,-0.000139,-4e-05,0.0,-4.6e-05,-0.000374,-0.000186,-0.000145,-0.000137,-0.000172,-5.1e-05,-3.4e-05,-3.3e-05,-3e-06,-3.9e-05,-8.3e-05,-0.000112,-0.000171
2017-05-28 16:55:00+02:00,-0.0,0.0,-2.7e-05,-0.000107,-2.7e-05,-8e-06,-2.3e-05,-3.4e-05,-0.000106,-1.2e-05,-3e-06,-0.0,-0.000211,-0.000178,-5.6e-05,-0.000122,-1.6e-05,0.0,-1e-05,-0.000106,0.0,-0.000106,-7.2e-05,-1e-06,-0.000211,-0.000158,-2.9e-05,0.0,-3e-05,-8e-06,-2e-06,-0.0001,0.0,-9e-05,-0.00014,-0.0,-5.4e-05,-6.7e-05,0.0,-0.000268,-4e-05,-1e-06,-6.3e-05,0.0,-2.4e-05,-5.9e-05,-3.4e-05,-5e-05,-5.4e-05,0.0,-4e-06,-5.3e-05,-6.4e-05,-0.000211,-2e-06,0.0,-2.2e-05,-2e-06,0.0,-4.2e-05,-5.3e-05,-0.000227,-0.0001,0.0,-2.9e-05,-0.000132,-1.8e-05,-5.1e-05,0.0,-2.2e-05,-3.8e-05,-1.1e-05,-6e-06,-5.4e-05,-0.000165,0.0,-2.1e-05,-0.0,-5.7e-05,-1e-06,-6.3e-05,-0.0,-6.4e-05,-0.000229,-1.7e-05,-1.8e-05,-0.000178,-1e-06,-3e-06,-0.0,-1.4e-05,-7.4e-05,-0.000196,0.0,-5.7e-05,-9.1e-05,-0.000165,-0.000166,-0.0,-0.000185,-5e-06,-0.000111,-3.2e-05,0.0,-3.7e-05,-0.000404,-0.000201,-0.000122,-0.00011,-0.000167,-4.1e-05,-2.8e-05,-2.6e-05,-2e-06,-3.1e-05,-6.7e-05,-9e-05,-0.000184
2017-05-28 16:56:00+02:00,-0.0,0.0,-2.1e-05,-9.7e-05,-2.1e-05,-6e-06,-1.8e-05,-2.7e-05,-0.000129,-9e-06,-2e-06,-0.0,-0.000251,-0.000215,-4.9e-05,-0.000144,-1.3e-05,0.0,-8e-06,-0.000117,0.0,-0.000115,-5.8e-05,-1e-06,-0.000258,-0.000196,-2.3e-05,0.0,-2.4e-05,-6e-06,-1e-06,-0.000123,0.0,-0.000111,-0.000171,-0.0,-4.3e-05,-5.4e-05,0.0,-0.000325,-3.2e-05,-1e-06,-5e-05,0.0,-2e-05,-4.7e-05,-2.7e-05,-4.6e-05,-5e-05,0.0,-3e-06,-5.4e-05,-7.6e-05,-0.000252,-2e-06,0.0,-1.8e-05,-1e-06,0.0,-3.4e-05,-5.3e-05,-0.000279,-8e-05,0.0,-2.3e-05,-0.000161,-1.4e-05,-5e-05,0.0,-1.8e-05,-3e-05,-8e-06,-5e-06,-5.8e-05,-0.000201,0.0,-1.7e-05,-0.0,-4.6e-05,-1e-06,-7.5e-05,-0.0,-5.2e-05,-0.000281,-1.4e-05,-1.4e-05,-0.00021,-1e-06,-2e-06,-0.0,-1.1e-05,-9.2e-05,-0.000234,0.0,-5.6e-05,-7.3e-05,-0.000204,-0.000205,-0.0,-0.000228,-4e-06,-0.000116,-2.6e-05,0.0,-3e-05,-0.000478,-0.000239,-0.000139,-0.000107,-0.000206,-3.2e-05,-2.2e-05,-2.1e-05,-2e-06,-2.5e-05,-5.3e-05,-7.2e-05,-0.00022
2017-05-28 16:57:00+02:00,-0.0,0.0,-1.7e-05,-0.000124,-1.7e-05,-5e-06,-1.5e-05,-2.2e-05,-0.000174,-7e-06,-2e-06,-0.0,-0.000315,-0.000274,-6.7e-05,-0.000198,-1e-05,0.0,-6e-06,-0.000177,0.0,-0.000174,-4.6e-05,-1e-06,-0.000349,-0.000265,-1.8e-05,0.0,-2e-05,-5e-06,-1e-06,-0.000168,0.0,-0.000155,-0.000225,-0.0,-3.4e-05,-4.3e-05,0.0,-0.000429,-2.5e-05,-0.0,-4e-05,0.0,-1.6e-05,-3.8e-05,-2.7e-05,-6.6e-05,-6.9e-05,0.0,-2e-06,-7.9e-05,-0.000103,-0.000316,-1e-06,0.0,-1.4e-05,-1e-06,0.0,-2.7e-05,-7.7e-05,-0.000375,-9.9e-05,0.0,-1.9e-05,-0.000221,-1.1e-05,-7.3e-05,0.0,-1.4e-05,-2.4e-05,-7e-06,-4e-06,-8.7e-05,-0.00026,0.0,-1.4e-05,-0.0,-3.6e-05,-0.0,-0.000102,-0.0,-4.1e-05,-0.000377,-1.1e-05,-1.2e-05,-0.000268,-1e-06,-2e-06,-0.0,-9e-06,-0.000125,-0.000296,0.0,-7.3e-05,-9.2e-05,-0.000275,-0.000276,-0.0,-0.000315,-3e-06,-0.000156,-2.2e-05,0.0,-2.4e-05,-0.000602,-0.000302,-0.000202,-0.000141,-0.000277,-2.6e-05,-1.8e-05,-1.7e-05,-1e-06,-2e-05,-4.3e-05,-8.1e-05,-0.00028
2017-05-28 16:58:00+02:00,-0.0,0.0,-1.4e-05,-0.00016,-1.4e-05,-4e-06,-1.2e-05,-1.7e-05,-0.000209,-6e-06,-2e-06,-0.0,-0.000359,-0.000316,-8e-05,-0.000257,-8e-06,0.0,-5e-06,-0.000234,0.0,-0.00023,-3.7e-05,-0.0,-0.000419,-0.000337,-1.5e-05,0.0,-1.6e-05,-4e-06,-1e-06,-0.000202,0.0,-0.000186,-0.000264,-0.0,-2.7e-05,-3.5e-05,0.0,-0.000504,-2e-05,-0.0,-3.2e-05,0.0,-1.3e-05,-3e-05,-3.2e-05,-8.7e-05,-8.3e-05,0.0,-2e-06,-0.000104,-0.000134,-0.00036,-1e-06,0.0,-1.1e-05,-1e-06,0.0,-2.1e-05,-0.000102,-0.000446,-0.000128,0.0,-1.5e-05,-0.000285,-9e-06,-9.7e-05,0.0,-1.1e-05,-2.1e-05,-5e-06,-3e-06,-0.000115,-0.0003,0.0,-1.1e-05,-0.0,-2.9e-05,-0.0,-0.000132,-0.0,-3.3e-05,-0.000448,-9e-06,-9e-06,-0.000308,-1e-06,-2e-06,-0.0,-7e-06,-0.00016,-0.000339,0.0,-9.4e-05,-0.000105,-0.000348,-0.00035,-0.0,-0.00038,-3e-06,-0.000203,-2.2e-05,0.0,-1.9e-05,-0.000689,-0.000345,-0.000248,-0.000183,-0.000351,-2.1e-05,-1.4e-05,-1.3e-05,-1e-06,-1.6e-05,-4e-05,-0.0001,-0.000321
2017-05-28 16:59:00+02:00,-0.0,0.0,-1.1e-05,-0.000206,-1.1e-05,-3e-06,-9e-06,-1.4e-05,-0.000247,-5e-06,-1e-06,-0.0,-0.000435,-0.000389,-9.8e-05,-0.000334,-7e-06,0.0,-4e-06,-0.000307,0.0,-0.000301,-3e-05,-0.0,-0.000503,-0.000429,-1.2e-05,0.0,-1.2e-05,-3e-06,-1e-06,-0.000248,0.0,-0.000234,-0.00033,-0.0,-2.2e-05,-2.8e-05,0.0,-0.000604,-1.6e-05,-0.0,-2.6e-05,0.0,-1e-05,-2.4e-05,-3.8e-05,-0.00011,-9.7e-05,0.0,-2e-06,-0.000139,-0.000179,-0.00044,-1e-06,0.0,-9e-06,-1e-06,0.0,-1.7e-05,-0.000134,-0.000537,-0.000165,0.0,-1.2e-05,-0.000369,-7e-06,-0.000123,0.0,-9e-06,-2e-05,-4e-06,-2e-06,-0.000157,-0.000373,0.0,-9e-06,-0.0,-2.3e-05,-0.0,-0.000173,-0.0,-2.6e-05,-0.000539,-7e-06,-7e-06,-0.000353,-1e-06,-1e-06,-0.0,-6e-06,-0.00021,-0.000412,0.0,-0.000128,-0.000118,-0.000442,-0.000444,-0.0,-0.000459,-2e-06,-0.000263,-2.4e-05,0.0,-1.5e-05,-0.000814,-0.000415,-0.000302,-0.000237,-0.000446,-1.7e-05,-1.1e-05,-1.1e-05,-1e-06,-1.3e-05,-4.1e-05,-0.000127,-0.000384
2017-05-28 17:00:00+02:00,-0.0,0.0,-0.000106,-0.000545,-4.3e-05,-3e-06,-5.1e-05,-8.1e-05,-0.000468,-3.8e-05,-1e-06,-0.0,-0.000817,-0.000767,-0.000328,-0.00074,-4.7e-05,0.0,-8e-06,-0.000695,0.0,-0.000685,-0.000187,-0.0,-0.000979,-0.000875,-6.5e-05,0.0,-0.000116,-1.6e-05,-1e-06,-0.000526,0.0,-0.000536,-0.000692,-0.0,-0.000225,-0.000168,0.0,-0.001127,-9.4e-05,-0.0,-0.000254,0.0,-3.4e-05,-0.000243,-0.000143,-0.000255,-0.000257,0.0,-1e-06,-0.000354,-0.000434,-0.000843,-1e-06,0.0,-8e-05,-1e-06,0.0,-0.000102,-0.000334,-0.001032,-0.000484,0.0,-0.000115,-0.00079,-4e-05,-0.000273,0.0,-5e-05,-0.000149,-3e-05,-2e-06,-0.000407,-0.000759,0.0,-7.5e-05,-0.0,-0.000142,-0.0,-0.000397,-0.0,-0.000262,-0.001032,-6e-06,-5.8e-05,-0.000565,-0.0,-1e-06,-0.0,-1.7e-05,-0.000466,-0.000784,0.0,-0.000371,-0.000424,-0.000889,-0.000894,-0.0,-0.000925,-2e-06,-0.000634,-0.000128,0.0,-8.6e-05,-0.001414,-0.000768,-0.000701,-0.000595,-0.000898,-9.9e-05,-0.000106,-0.000101,-1e-06,-6.4e-05,-0.000284,-0.000428,-0.000702
2017-05-28 17:01:00+02:00,-0.0,0.0,-0.000494,-0.001319,-0.000352,-0.000226,-0.000207,-0.000291,-0.000963,-0.000213,-9.9e-05,-0.0,-0.001501,-0.001507,-0.000908,-0.001624,-0.000351,0.0,-0.000257,-0.001591,0.0,-0.001575,-0.000692,-4e-06,-0.002045,-0.00183,-0.000239,0.0,-0.000384,-0.000162,-3.4e-05,-0.001176,0.0,-0.00125,-0.001486,-0.0,-0.000785,-0.000648,0.0,-0.002189,-0.000374,-3e-06,-0.000851,0.0,-0.000329,-0.000805,-0.000381,-0.000591,-0.000635,0.0,-0.000115,-0.00089,-0.001029,-0.001568,-4.3e-05,0.0,-0.000431,-7.5e-05,0.0,-0.000489,-0.000825,-0.002112,-0.00122,0.0,-0.000519,-0.001702,-0.00018,-0.000622,0.0,-0.000249,-0.000501,-0.000217,-0.000158,-0.00103,-0.001539,0.0,-0.00041,-0.0,-0.000586,-1e-06,-0.00091,-0.0,-0.000851,-0.002115,-0.00025,-0.000378,-0.000922,-2.5e-05,-9.3e-05,-0.0,-0.000182,-0.001054,-0.001474,0.0,-0.000958,-0.001154,-0.001853,-0.001858,-0.0,-0.001949,-0.000134,-0.001456,-0.00039,0.0,-0.000338,-0.002418,-0.001408,-0.001602,-0.001394,-0.001863,-0.000384,-0.00036,-0.000373,-9.1e-05,-0.0004,-0.000903,-0.001126,-0.001296
2017-05-28 17:02:00+02:00,-0.0,0.0,-0.00083,-0.001969,-0.000619,-0.000421,-0.000346,-0.000474,-0.001264,-0.000358,-0.00018,-5e-06,-0.00188,-0.001923,-0.001381,-0.002375,-0.000613,0.0,-0.000474,-0.002351,0.0,-0.002334,-0.001134,-2.1e-05,-0.002705,-0.002541,-0.000396,0.0,-0.000606,-0.000285,-6.6e-05,-0.001579,0.0,-0.001717,-0.001938,-0.0,-0.001264,-0.001071,0.0,-0.002831,-0.000608,-1.9e-05,-0.001365,0.0,-0.000584,-0.001284,-0.000586,-0.000882,-0.000953,0.0,-0.00021,-0.001329,-0.001503,-0.001971,-8.2e-05,0.0,-0.000735,-0.000139,0.0,-0.000829,-0.001231,-0.002764,-0.001841,0.0,-0.000864,-0.002439,-0.000306,-0.000923,0.0,-0.000417,-0.00079,-0.000369,-0.000285,-0.00154,-0.00198,0.0,-0.000697,-0.0,-0.000976,-1.7e-05,-0.001321,-0.0,-0.001349,-0.002761,-0.000462,-0.000656,-0.001135,-4.9e-05,-0.000169,-0.0,-0.00032,-0.001481,-0.001859,0.0,-0.001428,-0.001784,-0.002554,-0.002562,-0.0,-0.002638,-0.000241,-0.002153,-0.000614,0.0,-0.000552,-0.003012,-0.001764,-0.002356,-0.002073,-0.002569,-0.000623,-0.00057,-0.0006,-0.000168,-0.000695,-0.00144,-0.00172,-0.00163
2017-05-28 17:03:00+02:00,-0.0,0.0,-0.000688,-0.001805,-0.000495,-0.000336,-0.000292,-0.000414,-0.001201,-0.000286,-0.000144,-4e-06,-0.001572,-0.001604,-0.001232,-0.002199,-0.000491,0.0,-0.000379,-0.002196,0.0,-0.002179,-0.000979,-1.7e-05,-0.002554,-0.002377,-0.000343,0.0,-0.000539,-0.000228,-5.3e-05,-0.001461,0.0,-0.00157,-0.001634,-0.0,-0.001111,-0.000916,0.0,-0.002708,-0.000518,-1.5e-05,-0.001227,0.0,-0.000467,-0.001136,-0.000543,-0.000832,-0.000878,0.0,-0.000168,-0.001215,-0.001362,-0.001604,-6.5e-05,0.0,-0.000592,-0.000111,0.0,-0.000676,-0.001131,-0.002623,-0.001681,0.0,-0.000722,-0.002267,-0.00025,-0.000873,0.0,-0.000338,-0.000705,-0.000295,-0.000228,-0.001398,-0.001634,0.0,-0.000557,-0.0,-0.000821,-1.3e-05,-0.001209,-0.0,-0.001202,-0.00262,-0.00037,-0.000525,-0.001145,-3.9e-05,-0.000136,-0.0,-0.000256,-0.001357,-0.001572,0.0,-0.001278,-0.001622,-0.002391,-0.002399,-0.0,-0.002485,-0.000193,-0.001984,-0.000564,0.0,-0.000471,-0.002948,-0.001536,-0.002183,-0.001907,-0.002406,-0.000533,-0.000503,-0.000527,-0.000134,-0.000556,-0.001301,-0.001563,-0.001499
2017-05-28 17:04:00+02:00,-0.0,0.0,-0.00055,-0.001444,-0.000396,-0.000269,-0.000233,-0.000331,-0.000961,-0.000229,-0.000115,-3e-06,-0.001257,-0.001283,-0.000985,-0.001759,-0.000393,0.0,-0.000303,-0.001757,0.0,-0.001743,-0.000783,-1.3e-05,-0.002043,-0.001901,-0.000275,0.0,-0.000431,-0.000182,-4.2e-05,-0.001169,0.0,-0.001256,-0.001307,-0.0,-0.000889,-0.000733,0.0,-0.002166,-0.000415,-1.2e-05,-0.000982,0.0,-0.000374,-0.000909,-0.000434,-0.000665,-0.000703,0.0,-0.000134,-0.000972,-0.001089,-0.001283,-5.2e-05,0.0,-0.000473,-8.9e-05,0.0,-0.000541,-0.000905,-0.002098,-0.001345,0.0,-0.000577,-0.001814,-0.0002,-0.000698,0.0,-0.000271,-0.000564,-0.000236,-0.000182,-0.001118,-0.001307,0.0,-0.000446,-0.0,-0.000657,-1.1e-05,-0.000968,-0.0,-0.000961,-0.002096,-0.000296,-0.00042,-0.000916,-3.1e-05,-0.000108,-0.0,-0.000205,-0.001086,-0.001257,0.0,-0.001022,-0.001298,-0.001913,-0.001919,-0.0,-0.001988,-0.000154,-0.001587,-0.000451,0.0,-0.000377,-0.002359,-0.001229,-0.001746,-0.001525,-0.001925,-0.000426,-0.000402,-0.000421,-0.000108,-0.000445,-0.00104,-0.00125,-0.0012
2017-05-28 17:05:00+02:00,-0.0,0.0,-0.00044,-0.001155,-0.000317,-0.000215,-0.000187,-0.000265,-0.000769,-0.000183,-9.2e-05,-3e-06,-0.001006,-0.001027,-0.000788,-0.001408,-0.000314,0.0,-0.000243,-0.001406,0.0,-0.001394,-0.000627,-1.1e-05,-0.001635,-0.001521,-0.00022,0.0,-0.000345,-0.000146,-3.4e-05,-0.000935,0.0,-0.001005,-0.001046,-0.0,-0.000711,-0.000586,0.0,-0.001733,-0.000332,-1e-05,-0.000785,0.0,-0.000299,-0.000727,-0.000348,-0.000532,-0.000562,0.0,-0.000107,-0.000777,-0.000871,-0.001027,-4.2e-05,0.0,-0.000379,-7.1e-05,0.0,-0.000433,-0.000724,-0.001678,-0.001076,0.0,-0.000462,-0.001451,-0.00016,-0.000559,0.0,-0.000216,-0.000451,-0.000189,-0.000146,-0.000895,-0.001046,0.0,-0.000357,-0.0,-0.000526,-9e-06,-0.000774,-0.0,-0.000769,-0.001677,-0.000237,-0.000336,-0.000733,-2.5e-05,-8.7e-05,-0.0,-0.000164,-0.000868,-0.001006,0.0,-0.000818,-0.001038,-0.00153,-0.001535,-0.0,-0.001591,-0.000124,-0.00127,-0.000361,0.0,-0.000302,-0.001887,-0.000983,-0.001397,-0.00122,-0.00154,-0.000341,-0.000322,-0.000337,-8.6e-05,-0.000356,-0.000832,-0.001,-0.00096
2017-05-28 17:06:00+02:00,-0.0,0.0,-0.000352,-0.000924,-0.000254,-0.000172,-0.000149,-0.000212,-0.000615,-0.000147,-7.4e-05,-2e-06,-0.000805,-0.000821,-0.000631,-0.001126,-0.000251,0.0,-0.000194,-0.001124,0.0,-0.001116,-0.000501,-9e-06,-0.001308,-0.001217,-0.000176,0.0,-0.000276,-0.000117,-2.7e-05,-0.000748,0.0,-0.000804,-0.000836,-0.0,-0.000569,-0.000469,0.0,-0.001386,-0.000265,-8e-06,-0.000628,0.0,-0.000239,-0.000582,-0.000278,-0.000426,-0.00045,0.0,-8.6e-05,-0.000622,-0.000697,-0.000821,-3.3e-05,0.0,-0.000303,-5.7e-05,0.0,-0.000346,-0.000579,-0.001343,-0.000861,0.0,-0.00037,-0.001161,-0.000128,-0.000447,0.0,-0.000173,-0.000361,-0.000151,-0.000117,-0.000716,-0.000836,0.0,-0.000285,-0.0,-0.000421,-7e-06,-0.000619,-0.0,-0.000615,-0.001341,-0.000189,-0.000269,-0.000586,-2e-05,-6.9e-05,-0.0,-0.000131,-0.000695,-0.000805,0.0,-0.000654,-0.000831,-0.001224,-0.001228,-0.0,-0.001272,-9.9e-05,-0.001016,-0.000289,0.0,-0.000241,-0.00151,-0.000786,-0.001118,-0.000976,-0.001232,-0.000273,-0.000257,-0.00027,-6.9e-05,-0.000285,-0.000666,-0.0008,-0.000768
2017-05-28 17:07:00+02:00,-0.0,0.0,-0.000282,-0.000739,-0.000203,-0.000138,-0.000119,-0.000169,-0.000526,-0.000117,-5.9e-05,-2e-06,-0.000719,-0.000721,-0.000505,-0.000934,-0.000201,0.0,-0.000155,-0.000946,0.0,-0.000937,-0.000401,-7e-06,-0.001116,-0.00103,-0.000141,0.0,-0.000221,-9.3e-05,-2.2e-05,-0.000631,0.0,-0.000672,-0.000718,-0.0,-0.000455,-0.000375,0.0,-0.001203,-0.000212,-6e-06,-0.000503,0.0,-0.000191,-0.000465,-0.000222,-0.000352,-0.00036,0.0,-6.9e-05,-0.000515,-0.000575,-0.000732,-2.7e-05,0.0,-0.000242,-4.6e-05,0.0,-0.000277,-0.00048,-0.001153,-0.000688,0.0,-0.000296,-0.000971,-0.000102,-0.000373,0.0,-0.000139,-0.000289,-0.000121,-9.3e-05,-0.000594,-0.000729,0.0,-0.000228,-0.0,-0.000336,-5e-06,-0.000513,-0.0,-0.000492,-0.001152,-0.000151,-0.000215,-0.000531,-1.6e-05,-5.6e-05,-0.0,-0.000105,-0.000581,-0.000714,0.0,-0.000526,-0.000665,-0.001039,-0.001042,-0.0,-0.001078,-7.9e-05,-0.000826,-0.000231,0.0,-0.000193,-0.001351,-0.000701,-0.000916,-0.000787,-0.001045,-0.000218,-0.000206,-0.000216,-5.5e-05,-0.000228,-0.000533,-0.00064,-0.00068
2017-05-28 17:08:00+02:00,-0.0,0.0,-0.000225,-0.000591,-0.000162,-0.00011,-9.6e-05,-0.000136,-0.000421,-9.4e-05,-4.7e-05,-1e-06,-0.000579,-0.000577,-0.000404,-0.000747,-0.000161,0.0,-0.000124,-0.000757,0.0,-0.00075,-0.000321,-5e-06,-0.000892,-0.000824,-0.000113,0.0,-0.000177,-7.5e-05,-1.7e-05,-0.000505,0.0,-0.000537,-0.000575,-0.0,-0.000364,-0.0003,0.0,-0.000962,-0.00017,-5e-06,-0.000402,0.0,-0.000153,-0.000372,-0.000178,-0.000281,-0.000288,0.0,-5.5e-05,-0.000412,-0.00046,-0.000589,-2.1e-05,0.0,-0.000194,-3.6e-05,0.0,-0.000222,-0.000384,-0.000922,-0.000551,0.0,-0.000237,-0.000777,-8.2e-05,-0.000298,0.0,-0.000111,-0.000231,-9.7e-05,-7.5e-05,-0.000476,-0.000583,0.0,-0.000183,-0.0,-0.000269,-4e-06,-0.00041,-0.0,-0.000394,-0.000922,-0.000121,-0.000172,-0.000425,-1.3e-05,-4.4e-05,-0.0,-8.4e-05,-0.000465,-0.000571,0.0,-0.000421,-0.000532,-0.000831,-0.000834,-0.0,-0.000862,-6.3e-05,-0.000661,-0.000185,0.0,-0.000154,-0.001087,-0.000562,-0.000733,-0.000629,-0.000836,-0.000175,-0.000165,-0.000173,-4.4e-05,-0.000182,-0.000426,-0.000512,-0.000544
2017-05-28 17:09:00+02:00,-0.0,0.0,-0.00018,-0.000473,-0.00013,-8.8e-05,-7.6e-05,-0.000108,-0.000337,-7.5e-05,-3.8e-05,-1e-06,-0.000487,-0.000478,-0.000323,-0.000598,-0.000129,0.0,-9.9e-05,-0.000605,0.0,-0.0006,-0.000257,-4e-06,-0.000714,-0.00066,-9e-05,0.0,-0.000141,-6e-05,-1.4e-05,-0.000404,0.0,-0.00043,-0.000467,-0.0,-0.000291,-0.00024,0.0,-0.000784,-0.000136,-4e-06,-0.000322,0.0,-0.000123,-0.000298,-0.000142,-0.000225,-0.00023,0.0,-4.4e-05,-0.000329,-0.000368,-0.000495,-1.7e-05,0.0,-0.000155,-2.9e-05,0.0,-0.000177,-0.000307,-0.000742,-0.000441,0.0,-0.000189,-0.000621,-6.6e-05,-0.000238,0.0,-8.9e-05,-0.000185,-7.7e-05,-6e-05,-0.00038,-0.00048,0.0,-0.000146,-0.0,-0.000215,-4e-06,-0.000328,-0.0,-0.000315,-0.000742,-9.7e-05,-0.000138,-0.000357,-1e-05,-3.6e-05,-0.0,-6.7e-05,-0.000372,-0.000478,0.0,-0.000337,-0.000425,-0.000668,-0.00067,-0.0,-0.00069,-5.1e-05,-0.000529,-0.000148,0.0,-0.000124,-0.000914,-0.000472,-0.000586,-0.000504,-0.000672,-0.00014,-0.000132,-0.000138,-3.5e-05,-0.000146,-0.000341,-0.00041,-0.000453
2017-05-28 17:10:00+02:00,-0.0,0.0,-0.000144,-0.000378,-0.000104,-7.1e-05,-6.1e-05,-8.7e-05,-0.00027,-6e-05,-3e-05,-1e-06,-0.00039,-0.000383,-0.000258,-0.000478,-0.000103,0.0,-8e-05,-0.000484,0.0,-0.00048,-0.000205,-4e-06,-0.000571,-0.000528,-7.2e-05,0.0,-0.000113,-4.8e-05,-1.1e-05,-0.000323,0.0,-0.000344,-0.000374,-0.0,-0.000233,-0.000192,0.0,-0.000627,-0.000109,-3e-06,-0.000257,0.0,-9.8e-05,-0.000238,-0.000114,-0.00018,-0.000184,0.0,-3.5e-05,-0.000264,-0.000295,-0.000396,-1.4e-05,0.0,-0.000124,-2.3e-05,0.0,-0.000142,-0.000246,-0.000594,-0.000352,0.0,-0.000151,-0.000497,-5.2e-05,-0.000191,0.0,-7.1e-05,-0.000148,-6.2e-05,-4.8e-05,-0.000304,-0.000384,0.0,-0.000117,-0.0,-0.000172,-3e-06,-0.000263,-0.0,-0.000252,-0.000594,-7.8e-05,-0.00011,-0.000286,-8e-06,-2.8e-05,-0.0,-5.4e-05,-0.000298,-0.000382,0.0,-0.000269,-0.00034,-0.000534,-0.000536,-0.0,-0.000552,-4e-05,-0.000423,-0.000118,0.0,-9.9e-05,-0.000731,-0.000377,-0.000469,-0.000403,-0.000538,-0.000112,-0.000105,-0.00011,-2.8e-05,-0.000117,-0.000273,-0.000328,-0.000363
2017-05-28 17:11:00+02:00,-0.0,0.0,-0.000115,-0.000303,-8.3e-05,-5.6e-05,-4.9e-05,-6.9e-05,-0.000216,-4.8e-05,-2.4e-05,-1e-06,-0.000312,-0.000306,-0.000207,-0.000382,-8.2e-05,0.0,-6.4e-05,-0.000387,0.0,-0.000384,-0.000164,-3e-06,-0.000457,-0.000422,-5.8e-05,0.0,-9e-05,-3.8e-05,-9e-06,-0.000259,0.0,-0.000275,-0.000299,-0.0,-0.000186,-0.000154,0.0,-0.000502,-8.7e-05,-3e-06,-0.000206,0.0,-7.8e-05,-0.000191,-9.1e-05,-0.000144,-0.000147,0.0,-2.8e-05,-0.000211,-0.000236,-0.000317,-1.1e-05,0.0,-9.9e-05,-1.9e-05,0.0,-0.000113,-0.000197,-0.000475,-0.000282,0.0,-0.000121,-0.000398,-4.2e-05,-0.000153,0.0,-5.7e-05,-0.000118,-5e-05,-3.8e-05,-0.000243,-0.000307,0.0,-9.4e-05,-0.0,-0.000138,-2e-06,-0.00021,-0.0,-0.000202,-0.000475,-6.2e-05,-8.8e-05,-0.000229,-7e-06,-2.3e-05,-0.0,-4.3e-05,-0.000238,-0.000306,0.0,-0.000215,-0.000272,-0.000427,-0.000429,-0.0,-0.000442,-3.2e-05,-0.000338,-9.5e-05,0.0,-7.9e-05,-0.000585,-0.000302,-0.000375,-0.000322,-0.00043,-8.9e-05,-8.4e-05,-8.8e-05,-2.3e-05,-9.3e-05,-0.000218,-0.000262,-0.00029
2017-05-28 17:12:00+02:00,-0.0,0.0,-9.2e-05,-0.000242,-6.6e-05,-4.5e-05,-3.9e-05,-5.6e-05,-0.000172,-3.8e-05,-1.9e-05,-1e-06,-0.000249,-0.000245,-0.000165,-0.000306,-6.6e-05,0.0,-5.1e-05,-0.00031,0.0,-0.000307,-0.000131,-2e-06,-0.000366,-0.000338,-4.6e-05,0.0,-7.2e-05,-3.1e-05,-7e-06,-0.000207,0.0,-0.00022,-0.000239,-0.0,-0.000149,-0.000123,0.0,-0.000401,-7e-05,-2e-06,-0.000165,0.0,-6.3e-05,-0.000153,-7.3e-05,-0.000115,-0.000118,0.0,-2.3e-05,-0.000169,-0.000188,-0.000254,-9e-06,0.0,-7.9e-05,-1.5e-05,0.0,-9.1e-05,-0.000157,-0.00038,-0.000226,0.0,-9.7e-05,-0.000318,-3.4e-05,-0.000122,0.0,-4.5e-05,-9.5e-05,-4e-05,-3.1e-05,-0.000195,-0.000246,0.0,-7.5e-05,-0.0,-0.00011,-2e-06,-0.000168,-0.0,-0.000161,-0.00038,-5e-05,-7e-05,-0.000183,-5e-06,-1.8e-05,-0.0,-3.4e-05,-0.000191,-0.000245,0.0,-0.000172,-0.000218,-0.000342,-0.000343,-0.0,-0.000353,-2.6e-05,-0.000271,-7.6e-05,0.0,-6.3e-05,-0.000468,-0.000241,-0.0003,-0.000258,-0.000344,-7.2e-05,-6.7e-05,-7.1e-05,-1.8e-05,-7.5e-05,-0.000175,-0.00021,-0.000232
2017-05-28 17:13:00+02:00,-0.0,0.0,-7.4e-05,-0.000194,-5.3e-05,-3.6e-05,-3.1e-05,-4.4e-05,-0.000138,-3.1e-05,-1.5e-05,-0.0,-0.000199,-0.000196,-0.000132,-0.000245,-5.3e-05,0.0,-4.1e-05,-0.000248,0.0,-0.000246,-0.000105,-2e-06,-0.000292,-0.00027,-3.7e-05,0.0,-5.8e-05,-2.4e-05,-6e-06,-0.000165,0.0,-0.000176,-0.000191,-0.0,-0.000119,-9.8e-05,0.0,-0.000321,-5.6e-05,-2e-06,-0.000132,0.0,-5e-05,-0.000122,-5.8e-05,-9.2e-05,-9.4e-05,0.0,-1.8e-05,-0.000135,-0.000151,-0.000203,-7e-06,0.0,-6.4e-05,-1.2e-05,0.0,-7.3e-05,-0.000126,-0.000304,-0.00018,0.0,-7.8e-05,-0.000254,-2.7e-05,-9.8e-05,0.0,-3.6e-05,-7.6e-05,-3.2e-05,-2.4e-05,-0.000156,-0.000197,0.0,-6e-05,-0.0,-8.8e-05,-1e-06,-0.000134,-0.0,-0.000129,-0.000304,-4e-05,-5.6e-05,-0.000146,-4e-06,-1.5e-05,-0.0,-2.8e-05,-0.000152,-0.000196,0.0,-0.000138,-0.000174,-0.000273,-0.000274,-0.0,-0.000283,-2.1e-05,-0.000217,-6.1e-05,0.0,-5.1e-05,-0.000374,-0.000193,-0.00024,-0.000206,-0.000275,-5.7e-05,-5.4e-05,-5.7e-05,-1.4e-05,-6e-05,-0.00014,-0.000168,-0.000186
2017-05-28 17:14:00+02:00,-0.0,0.0,-5.9e-05,-0.000155,-4.3e-05,-2.9e-05,-2.5e-05,-3.6e-05,-0.00011,-2.5e-05,-1.2e-05,-0.0,-0.00016,-0.000157,-0.000106,-0.000196,-4.2e-05,0.0,-3.3e-05,-0.000198,0.0,-0.000197,-8.4e-05,-1e-06,-0.000234,-0.000216,-2.9e-05,0.0,-4.6e-05,-2e-05,-5e-06,-0.000132,0.0,-0.000141,-0.000153,-0.0,-9.5e-05,-7.9e-05,0.0,-0.000257,-4.5e-05,-1e-06,-0.000105,0.0,-4e-05,-9.8e-05,-4.7e-05,-7.4e-05,-7.5e-05,0.0,-1.4e-05,-0.000108,-0.000121,-0.000162,-6e-06,0.0,-5.1e-05,-1e-05,0.0,-5.8e-05,-0.000101,-0.000243,-0.000144,0.0,-6.2e-05,-0.000204,-2.1e-05,-7.8e-05,0.0,-2.9e-05,-6.1e-05,-2.5e-05,-2e-05,-0.000125,-0.000157,0.0,-4.8e-05,-0.0,-7.1e-05,-1e-06,-0.000108,-0.0,-0.000103,-0.000243,-3.2e-05,-4.5e-05,-0.000117,-3e-06,-1.2e-05,-0.0,-2.2e-05,-0.000122,-0.000157,0.0,-0.00011,-0.000139,-0.000219,-0.00022,-0.0,-0.000226,-1.7e-05,-0.000173,-4.8e-05,0.0,-4e-05,-0.000299,-0.000155,-0.000192,-0.000165,-0.00022,-4.6e-05,-4.3e-05,-4.5e-05,-1.2e-05,-4.8e-05,-0.000112,-0.000134,-0.000149
2017-05-28 17:15:00+02:00,-0.0,0.0,-4.7e-05,-0.000124,-3.4e-05,-2.3e-05,-2e-05,-2.8e-05,-8.8e-05,-2e-05,-1e-05,-0.0,-0.000128,-0.000125,-8.5e-05,-0.000157,-3.4e-05,0.0,-2.6e-05,-0.000159,0.0,-0.000157,-6.7e-05,-1e-06,-0.000187,-0.000173,-2.4e-05,0.0,-3.7e-05,-1.6e-05,-4e-06,-0.000106,0.0,-0.000113,-0.000122,-0.0,-7.6e-05,-6.3e-05,0.0,-0.000206,-3.6e-05,-1e-06,-8.4e-05,0.0,-3.2e-05,-7.8e-05,-3.7e-05,-5.9e-05,-6e-05,0.0,-1.2e-05,-8.6e-05,-9.7e-05,-0.00013,-4e-06,0.0,-4.1e-05,-8e-06,0.0,-4.6e-05,-8.1e-05,-0.000195,-0.000116,0.0,-5e-05,-0.000163,-1.7e-05,-6.3e-05,0.0,-2.3e-05,-4.8e-05,-2e-05,-1.6e-05,-0.0001,-0.000126,0.0,-3.8e-05,-0.0,-5.6e-05,-1e-06,-8.6e-05,-0.0,-8.3e-05,-0.000195,-2.5e-05,-3.6e-05,-9.4e-05,-3e-06,-9e-06,-0.0,-1.8e-05,-9.8e-05,-0.000125,0.0,-8.8e-05,-0.000111,-0.000175,-0.000176,-0.0,-0.000181,-1.3e-05,-0.000139,-3.9e-05,0.0,-3.2e-05,-0.00024,-0.000124,-0.000154,-0.000132,-0.000176,-3.7e-05,-3.5e-05,-3.6e-05,-9e-06,-3.8e-05,-8.9e-05,-0.000107,-0.000119
2017-05-28 17:16:00+02:00,-0.0,0.0,-3.8e-05,-9.9e-05,-2.7e-05,-1.8e-05,-1.6e-05,-2.3e-05,-7.1e-05,-1.6e-05,-8e-06,-0.0,-0.000102,-0.0001,-6.8e-05,-0.000125,-2.7e-05,0.0,-2.1e-05,-0.000127,0.0,-0.000126,-5.4e-05,-1e-06,-0.00015,-0.000138,-1.9e-05,0.0,-3e-05,-1.3e-05,-3e-06,-8.5e-05,0.0,-9e-05,-9.8e-05,-0.0,-6.1e-05,-5e-05,0.0,-0.000164,-2.8e-05,-1e-06,-6.7e-05,0.0,-2.6e-05,-6.2e-05,-3e-05,-4.7e-05,-4.8e-05,0.0,-9e-06,-6.9e-05,-7.7e-05,-0.000104,-4e-06,0.0,-3.3e-05,-6e-06,0.0,-3.7e-05,-6.4e-05,-0.000156,-9.2e-05,0.0,-4e-05,-0.00013,-1.4e-05,-5e-05,0.0,-1.9e-05,-3.9e-05,-1.6e-05,-1.3e-05,-8e-05,-0.000101,0.0,-3.1e-05,-0.0,-4.5e-05,-1e-06,-6.9e-05,-0.0,-6.6e-05,-0.000156,-2e-05,-2.9e-05,-7.5e-05,-2e-06,-7e-06,-0.0,-1.4e-05,-7.8e-05,-0.0001,0.0,-7.1e-05,-8.9e-05,-0.00014,-0.000141,-0.0,-0.000145,-1.1e-05,-0.000111,-3.1e-05,0.0,-2.6e-05,-0.000192,-9.9e-05,-0.000123,-0.000106,-0.000141,-2.9e-05,-2.8e-05,-2.9e-05,-7e-06,-3.1e-05,-7.2e-05,-8.6e-05,-9.5e-05
2017-05-28 17:17:00+02:00,-0.0,0.0,-3e-05,-7.9e-05,-2.2e-05,-1.5e-05,-1.3e-05,-1.8e-05,-5.7e-05,-1.3e-05,-6e-06,-0.0,-8.2e-05,-8e-05,-5.4e-05,-0.0001,-2.2e-05,0.0,-1.7e-05,-0.000102,0.0,-0.000101,-4.3e-05,-1e-06,-0.00012,-0.000111,-1.5e-05,0.0,-2.4e-05,-1e-05,-2e-06,-6.8e-05,0.0,-7.2e-05,-7.8e-05,-0.0,-4.9e-05,-4e-05,0.0,-0.000132,-2.3e-05,-1e-06,-5.4e-05,0.0,-2.1e-05,-5e-05,-2.4e-05,-3.8e-05,-3.9e-05,0.0,-7e-06,-5.5e-05,-6.2e-05,-8.3e-05,-3e-06,0.0,-2.6e-05,-5e-06,0.0,-3e-05,-5.2e-05,-0.000125,-7.4e-05,0.0,-3.2e-05,-0.000104,-1.1e-05,-4e-05,0.0,-1.5e-05,-3.1e-05,-1.3e-05,-1e-05,-6.4e-05,-8.1e-05,0.0,-2.5e-05,-0.0,-3.6e-05,-1e-06,-5.5e-05,-0.0,-5.3e-05,-0.000125,-1.6e-05,-2.3e-05,-6e-05,-2e-06,-6e-06,-0.0,-1.1e-05,-6.2e-05,-8e-05,0.0,-5.6e-05,-7.1e-05,-0.000112,-0.000112,-0.0,-0.000116,-8e-06,-8.9e-05,-2.5e-05,0.0,-2.1e-05,-0.000153,-7.9e-05,-9.8e-05,-8.4e-05,-0.000113,-2.3e-05,-2.2e-05,-2.3e-05,-6e-06,-2.4e-05,-5.7e-05,-6.9e-05,-7.6e-05
2017-05-28 17:18:00+02:00,-0.0,0.0,-2.4e-05,-6.4e-05,-1.7e-05,-1.2e-05,-1e-05,-1.5e-05,-4.5e-05,-1e-05,-5e-06,-0.0,-6.5e-05,-6.4e-05,-4.3e-05,-8e-05,-1.7e-05,0.0,-1.3e-05,-8.1e-05,0.0,-8.1e-05,-3.4e-05,-1e-06,-9.6e-05,-8.9e-05,-1.2e-05,0.0,-1.9e-05,-8e-06,-2e-06,-5.4e-05,0.0,-5.8e-05,-6.3e-05,-0.0,-3.9e-05,-3.2e-05,0.0,-0.000105,-1.8e-05,-1e-06,-4.3e-05,0.0,-1.6e-05,-4e-05,-1.9e-05,-3e-05,-3.1e-05,0.0,-6e-06,-4.4e-05,-4.9e-05,-6.6e-05,-2e-06,0.0,-2.1e-05,-4e-06,0.0,-2.4e-05,-4.1e-05,-0.0001,-5.9e-05,0.0,-2.5e-05,-8.3e-05,-9e-06,-3.2e-05,0.0,-1.2e-05,-2.5e-05,-1e-05,-8e-06,-5.1e-05,-6.4e-05,0.0,-2e-05,-0.0,-2.9e-05,-0.0,-4.4e-05,-0.0,-4.2e-05,-0.0001,-1.3e-05,-1.8e-05,-4.8e-05,-1e-06,-5e-06,-0.0,-9e-06,-5e-05,-6.4e-05,0.0,-4.5e-05,-5.7e-05,-9e-05,-9e-05,-0.0,-9.3e-05,-7e-06,-7.1e-05,-2e-05,0.0,-1.7e-05,-0.000123,-6.3e-05,-7.9e-05,-6.8e-05,-9e-05,-1.9e-05,-1.8e-05,-1.9e-05,-5e-06,-2e-05,-4.6e-05,-5.5e-05,-6.1e-05
2017-05-28 17:19:00+02:00,-0.0,0.0,-1.9e-05,-5.1e-05,-1.4e-05,-9e-06,-8e-06,-1.2e-05,-3.6e-05,-8e-06,-4e-06,-0.0,-5.2e-05,-5.1e-05,-3.5e-05,-6.4e-05,-1.4e-05,0.0,-1.1e-05,-6.5e-05,0.0,-6.4e-05,-2.8e-05,-0.0,-7.7e-05,-7.1e-05,-1e-05,0.0,-1.5e-05,-6e-06,-1e-06,-4.3e-05,0.0,-4.6e-05,-5e-05,-0.0,-3.1e-05,-2.6e-05,0.0,-8.4e-05,-1.5e-05,-0.0,-3.5e-05,0.0,-1.3e-05,-3.2e-05,-1.5e-05,-2.4e-05,-2.5e-05,0.0,-5e-06,-3.5e-05,-4e-05,-5.3e-05,-2e-06,0.0,-1.7e-05,-3e-06,0.0,-1.9e-05,-3.3e-05,-8e-05,-4.7e-05,0.0,-2e-05,-6.7e-05,-7e-06,-2.6e-05,0.0,-1e-05,-2e-05,-8e-06,-6e-06,-4.1e-05,-5.2e-05,0.0,-1.6e-05,-0.0,-2.3e-05,-0.0,-3.5e-05,-0.0,-3.4e-05,-8e-05,-1e-05,-1.5e-05,-3.8e-05,-1e-06,-4e-06,-0.0,-7e-06,-4e-05,-5.1e-05,0.0,-3.6e-05,-4.6e-05,-7.2e-05,-7.2e-05,-0.0,-7.4e-05,-5e-06,-5.7e-05,-1.6e-05,0.0,-1.3e-05,-9.8e-05,-5.1e-05,-6.3e-05,-5.4e-05,-7.2e-05,-1.5e-05,-1.4e-05,-1.5e-05,-4e-06,-1.6e-05,-3.7e-05,-4.4e-05,-4.9e-05
2017-05-28 17:20:00+02:00,-0.0,0.0,-1.5e-05,-4.1e-05,-1.1e-05,-8e-06,-7e-06,-9e-06,-2.9e-05,-6e-06,-3e-06,-0.0,-4.2e-05,-4.1e-05,-2.8e-05,-5.1e-05,-1.1e-05,0.0,-9e-06,-5.2e-05,0.0,-5.2e-05,-2.2e-05,-0.0,-6.1e-05,-5.7e-05,-8e-06,0.0,-1.2e-05,-5e-06,-1e-06,-3.5e-05,0.0,-3.7e-05,-4e-05,-0.0,-2.5e-05,-2.1e-05,0.0,-6.7e-05,-1.2e-05,-0.0,-2.8e-05,0.0,-1.1e-05,-2.6e-05,-1.2e-05,-1.9e-05,-2e-05,0.0,-4e-06,-2.8e-05,-3.2e-05,-4.3e-05,-1e-06,0.0,-1.3e-05,-3e-06,0.0,-1.5e-05,-2.6e-05,-6.4e-05,-3.8e-05,0.0,-1.6e-05,-5.3e-05,-6e-06,-2e-05,0.0,-8e-06,-1.6e-05,-7e-06,-5e-06,-3.3e-05,-4.1e-05,0.0,-1.3e-05,-0.0,-1.8e-05,-0.0,-2.8e-05,-0.0,-2.7e-05,-6.4e-05,-8e-06,-1.2e-05,-3.1e-05,-1e-06,-3e-06,-0.0,-6e-06,-3.2e-05,-4.1e-05,0.0,-2.9e-05,-3.7e-05,-5.7e-05,-5.8e-05,-0.0,-5.9e-05,-4e-06,-4.5e-05,-1.3e-05,0.0,-1.1e-05,-7.9e-05,-4.1e-05,-5e-05,-4.3e-05,-5.8e-05,-1.2e-05,-1.1e-05,-1.2e-05,-3e-06,-1.3e-05,-2.9e-05,-3.5e-05,-3.9e-05
2017-05-28 17:21:00+02:00,-0.0,0.0,-1.2e-05,-3.3e-05,-9e-06,-6e-06,-5e-06,-7e-06,-2.3e-05,-5e-06,-3e-06,-0.0,-3.3e-05,-3.3e-05,-2.2e-05,-4.1e-05,-9e-06,0.0,-7e-06,-4.2e-05,0.0,-4.1e-05,-1.8e-05,-0.0,-4.9e-05,-4.5e-05,-6e-06,0.0,-1e-05,-4e-06,-1e-06,-2.8e-05,0.0,-3e-05,-3.2e-05,-0.0,-2e-05,-1.7e-05,0.0,-5.4e-05,-9e-06,-0.0,-2.2e-05,0.0,-8e-06,-2e-05,-1e-05,-1.5e-05,-1.6e-05,0.0,-3e-06,-2.3e-05,-2.5e-05,-3.4e-05,-1e-06,0.0,-1.1e-05,-2e-06,0.0,-1.2e-05,-2.1e-05,-5.1e-05,-3e-05,0.0,-1.3e-05,-4.3e-05,-5e-06,-1.6e-05,0.0,-6e-06,-1.3e-05,-5e-06,-4e-06,-2.6e-05,-3.3e-05,0.0,-1e-05,-0.0,-1.5e-05,-0.0,-2.3e-05,-0.0,-2.2e-05,-5.1e-05,-7e-06,-9e-06,-2.5e-05,-1e-06,-2e-06,-0.0,-5e-06,-2.6e-05,-3.3e-05,0.0,-2.3e-05,-2.9e-05,-4.6e-05,-4.6e-05,-0.0,-4.7e-05,-3e-06,-3.6e-05,-1e-05,0.0,-8e-06,-6.3e-05,-3.2e-05,-4e-05,-3.5e-05,-4.6e-05,-1e-05,-9e-06,-9e-06,-2e-06,-1e-05,-2.3e-05,-2.8e-05,-3.1e-05
2017-05-28 17:22:00+02:00,-0.0,0.0,-1e-05,-2.6e-05,-7e-06,-5e-06,-4e-06,-6e-06,-1.9e-05,-4e-06,-2e-06,-0.0,-2.7e-05,-2.6e-05,-1.8e-05,-3.3e-05,-7e-06,0.0,-5e-06,-3.3e-05,0.0,-3.3e-05,-1.4e-05,-0.0,-3.9e-05,-3.6e-05,-5e-06,0.0,-8e-06,-3e-06,-1e-06,-2.2e-05,0.0,-2.4e-05,-2.6e-05,-0.0,-1.6e-05,-1.3e-05,0.0,-4.3e-05,-7e-06,-0.0,-1.8e-05,0.0,-7e-06,-1.6e-05,-8e-06,-1.2e-05,-1.3e-05,0.0,-2e-06,-1.8e-05,-2e-05,-2.7e-05,-1e-06,0.0,-9e-06,-2e-06,0.0,-1e-05,-1.7e-05,-4.1e-05,-2.4e-05,0.0,-1e-05,-3.4e-05,-4e-06,-1.3e-05,0.0,-5e-06,-1e-05,-4e-06,-3e-06,-2.1e-05,-2.6e-05,0.0,-8e-06,-0.0,-1.2e-05,-0.0,-1.8e-05,-0.0,-1.7e-05,-4.1e-05,-5e-06,-8e-06,-2e-05,-1e-06,-2e-06,-0.0,-4e-06,-2e-05,-2.6e-05,0.0,-1.9e-05,-2.3e-05,-3.7e-05,-3.7e-05,-0.0,-3.8e-05,-3e-06,-2.9e-05,-8e-06,0.0,-7e-06,-5e-05,-2.6e-05,-3.2e-05,-2.8e-05,-3.7e-05,-8e-06,-7e-06,-8e-06,-2e-06,-8e-06,-1.9e-05,-2.3e-05,-2.5e-05
2017-05-28 17:23:00+02:00,-0.0,0.0,-8e-06,-2.1e-05,-6e-06,-4e-06,-3e-06,-5e-06,-1.5e-05,-3e-06,-2e-06,-0.0,-2.1e-05,-2.1e-05,-1.4e-05,-2.6e-05,-6e-06,0.0,-4e-06,-2.7e-05,0.0,-2.6e-05,-1.1e-05,-0.0,-3.1e-05,-2.9e-05,-4e-06,0.0,-6e-06,-3e-06,-1e-06,-1.8e-05,0.0,-1.9e-05,-2.1e-05,-0.0,-1.3e-05,-1.1e-05,0.0,-3.4e-05,-6e-06,-0.0,-1.4e-05,0.0,-5e-06,-1.3e-05,-6e-06,-1e-05,-1e-05,0.0,-2e-06,-1.4e-05,-1.6e-05,-2.2e-05,-1e-06,0.0,-7e-06,-1e-06,0.0,-8e-06,-1.4e-05,-3.3e-05,-1.9e-05,0.0,-8e-06,-2.7e-05,-3e-06,-1e-05,0.0,-4e-06,-8e-06,-3e-06,-3e-06,-1.7e-05,-2.1e-05,0.0,-6e-06,-0.0,-9e-06,-0.0,-1.4e-05,-0.0,-1.4e-05,-3.3e-05,-4e-06,-6e-06,-1.6e-05,-0.0,-2e-06,-0.0,-3e-06,-1.6e-05,-2.1e-05,0.0,-1.5e-05,-1.9e-05,-2.9e-05,-2.9e-05,-0.0,-3e-05,-2e-06,-2.3e-05,-6e-06,0.0,-5e-06,-4e-05,-2.1e-05,-2.6e-05,-2.2e-05,-3e-05,-6e-06,-6e-06,-6e-06,-2e-06,-6e-06,-1.5e-05,-1.8e-05,-2e-05
2017-05-28 17:24:00+02:00,-0.0,0.0,-6e-06,-1.7e-05,-5e-06,-3e-06,-3e-06,-4e-06,-1.2e-05,-3e-06,-1e-06,-0.0,-1.7e-05,-1.7e-05,-1.1e-05,-2.1e-05,-5e-06,0.0,-3e-06,-2.1e-05,0.0,-2.1e-05,-9e-06,-0.0,-2.5e-05,-2.3e-05,-3e-06,0.0,-5e-06,-2e-06,-0.0,-1.4e-05,0.0,-1.5e-05,-1.6e-05,-0.0,-1e-05,-8e-06,0.0,-2.8e-05,-5e-06,-0.0,-1.1e-05,0.0,-4e-06,-1e-05,-5e-06,-8e-06,-8e-06,0.0,-2e-06,-1.2e-05,-1.3e-05,-1.7e-05,-1e-06,0.0,-5e-06,-1e-06,0.0,-6e-06,-1.1e-05,-2.6e-05,-1.6e-05,0.0,-7e-06,-2.2e-05,-2e-06,-8e-06,0.0,-3e-06,-7e-06,-3e-06,-2e-06,-1.3e-05,-1.7e-05,0.0,-5e-06,-0.0,-8e-06,-0.0,-1.2e-05,-0.0,-1.1e-05,-2.6e-05,-3e-06,-5e-06,-1.3e-05,-0.0,-1e-06,-0.0,-2e-06,-1.3e-05,-1.7e-05,0.0,-1.2e-05,-1.5e-05,-2.3e-05,-2.4e-05,-0.0,-2.4e-05,-2e-06,-1.9e-05,-5e-06,0.0,-4e-06,-3.2e-05,-1.7e-05,-2.1e-05,-1.8e-05,-2.4e-05,-5e-06,-5e-06,-5e-06,-1e-06,-5e-06,-1.2e-05,-1.4e-05,-1.6e-05
2017-05-28 17:25:00+02:00,-0.0,0.0,-5e-06,-1.3e-05,-4e-06,-2e-06,-2e-06,-3e-06,-9e-06,-2e-06,-1e-06,-0.0,-1.4e-05,-1.3e-05,-9e-06,-1.7e-05,-4e-06,0.0,-3e-06,-1.7e-05,0.0,-1.7e-05,-7e-06,-0.0,-2e-05,-1.9e-05,-3e-06,0.0,-4e-06,-2e-06,-0.0,-1.1e-05,0.0,-1.2e-05,-1.3e-05,-0.0,-8e-06,-7e-06,0.0,-2.2e-05,-4e-06,-0.0,-9e-06,0.0,-3e-06,-8e-06,-4e-06,-6e-06,-6e-06,0.0,-1e-06,-9e-06,-1e-05,-1.4e-05,-0.0,0.0,-4e-06,-1e-06,0.0,-5e-06,-9e-06,-2.1e-05,-1.2e-05,0.0,-5e-06,-1.7e-05,-2e-06,-7e-06,0.0,-2e-06,-5e-06,-2e-06,-2e-06,-1.1e-05,-1.4e-05,0.0,-4e-06,-0.0,-6e-06,-0.0,-9e-06,-0.0,-9e-06,-2.1e-05,-3e-06,-4e-06,-1e-05,-0.0,-1e-06,-0.0,-2e-06,-1e-05,-1.3e-05,0.0,-9e-06,-1.2e-05,-1.9e-05,-1.9e-05,-0.0,-1.9e-05,-1e-06,-1.5e-05,-4e-06,0.0,-3e-06,-2.6e-05,-1.3e-05,-1.7e-05,-1.4e-05,-1.9e-05,-4e-06,-4e-06,-4e-06,-1e-06,-4e-06,-1e-05,-1.2e-05,-1.3e-05
2017-05-28 17:26:00+02:00,-0.0,0.0,-4e-06,-1.1e-05,-3e-06,-2e-06,-2e-06,-2e-06,-8e-06,-2e-06,-1e-06,-0.0,-1.1e-05,-1.1e-05,-7e-06,-1.3e-05,-3e-06,0.0,-2e-06,-1.4e-05,0.0,-1.4e-05,-6e-06,-0.0,-1.6e-05,-1.5e-05,-2e-06,0.0,-3e-06,-1e-06,-0.0,-9e-06,0.0,-1e-05,-1.1e-05,-0.0,-7e-06,-5e-06,0.0,-1.8e-05,-3e-06,-0.0,-7e-06,0.0,-3e-06,-7e-06,-3e-06,-5e-06,-5e-06,0.0,-1e-06,-7e-06,-8e-06,-1.1e-05,-0.0,0.0,-3e-06,-1e-06,0.0,-4e-06,-7e-06,-1.7e-05,-1e-05,0.0,-4e-06,-1.4e-05,-1e-06,-5e-06,0.0,-2e-06,-4e-06,-2e-06,-1e-06,-9e-06,-1.1e-05,0.0,-3e-06,-0.0,-5e-06,-0.0,-7e-06,-0.0,-7e-06,-1.7e-05,-2e-06,-3e-06,-8e-06,-0.0,-1e-06,-0.0,-2e-06,-8e-06,-1.1e-05,0.0,-8e-06,-1e-05,-1.5e-05,-1.5e-05,-0.0,-1.6e-05,-1e-06,-1.2e-05,-3e-06,0.0,-3e-06,-2.1e-05,-1.1e-05,-1.3e-05,-1.1e-05,-1.5e-05,-3e-06,-3e-06,-3e-06,-1e-06,-3e-06,-8e-06,-9e-06,-1e-05
2017-05-28 17:27:00+02:00,-0.0,0.0,-3e-06,-9e-06,-2e-06,-2e-06,-1e-06,-2e-06,-6e-06,-1e-06,-1e-06,-0.0,-9e-06,-9e-06,-6e-06,-1.1e-05,-2e-06,0.0,-2e-06,-1.1e-05,0.0,-1.1e-05,-5e-06,-0.0,-1.3e-05,-1.2e-05,-2e-06,0.0,-3e-06,-1e-06,-0.0,-7e-06,0.0,-8e-06,-8e-06,-0.0,-5e-06,-4e-06,0.0,-1.4e-05,-2e-06,-0.0,-6e-06,0.0,-2e-06,-5e-06,-3e-06,-4e-06,-4e-06,0.0,-1e-06,-6e-06,-7e-06,-9e-06,-0.0,0.0,-3e-06,-1e-06,0.0,-3e-06,-6e-06,-1.3e-05,-8e-06,0.0,-3e-06,-1.1e-05,-1e-06,-4e-06,0.0,-2e-06,-3e-06,-1e-06,-1e-06,-7e-06,-9e-06,0.0,-3e-06,-0.0,-4e-06,-0.0,-6e-06,-0.0,-6e-06,-1.3e-05,-2e-06,-2e-06,-6e-06,-0.0,-1e-06,-0.0,-1e-06,-7e-06,-9e-06,0.0,-6e-06,-8e-06,-1.2e-05,-1.2e-05,-0.0,-1.2e-05,-1e-06,-1e-05,-3e-06,0.0,-2e-06,-1.6e-05,-8e-06,-1.1e-05,-9e-06,-1.2e-05,-3e-06,-2e-06,-2e-06,-1e-06,-3e-06,-6e-06,-7e-06,-8e-06
2017-05-28 17:28:00+02:00,-0.0,0.0,-3e-06,-7e-06,-2e-06,-1e-06,-1e-06,-2e-06,-5e-06,-1e-06,-1e-06,-0.0,-7e-06,-7e-06,-5e-06,-9e-06,-2e-06,0.0,-1e-06,-9e-06,0.0,-9e-06,-4e-06,-0.0,-1e-05,-1e-05,-1e-06,0.0,-2e-06,-1e-06,-0.0,-6e-06,0.0,-6e-06,-7e-06,-0.0,-4e-06,-3e-06,0.0,-1.1e-05,-2e-06,-0.0,-5e-06,0.0,-2e-06,-4e-06,-2e-06,-3e-06,-3e-06,0.0,-1e-06,-5e-06,-5e-06,-7e-06,-0.0,0.0,-2e-06,-0.0,0.0,-3e-06,-4e-06,-1.1e-05,-6e-06,0.0,-3e-06,-9e-06,-1e-06,-3e-06,0.0,-1e-06,-3e-06,-1e-06,-1e-06,-5e-06,-7e-06,0.0,-2e-06,-0.0,-3e-06,-0.0,-5e-06,-0.0,-5e-06,-1.1e-05,-1e-06,-2e-06,-5e-06,-0.0,-1e-06,-0.0,-1e-06,-5e-06,-7e-06,0.0,-5e-06,-6e-06,-1e-05,-1e-05,-0.0,-1e-05,-1e-06,-8e-06,-2e-06,0.0,-2e-06,-1.3e-05,-7e-06,-8e-06,-7e-06,-1e-05,-2e-06,-2e-06,-2e-06,-1e-06,-2e-06,-5e-06,-6e-06,-7e-06
2017-05-28 17:29:00+02:00,-0.0,0.0,-2e-06,-5e-06,-1e-06,-1e-06,-1e-06,-1e-06,-4e-06,-1e-06,-0.0,-0.0,-6e-06,-6e-06,-4e-06,-7e-06,-1e-06,0.0,-1e-06,-7e-06,0.0,-7e-06,-3e-06,-0.0,-8e-06,-8e-06,-1e-06,0.0,-2e-06,-1e-06,-0.0,-5e-06,0.0,-5e-06,-5e-06,-0.0,-3e-06,-3e-06,0.0,-9e-06,-2e-06,-0.0,-4e-06,0.0,-1e-06,-3e-06,-2e-06,-3e-06,-3e-06,0.0,-1e-06,-4e-06,-4e-06,-6e-06,-0.0,0.0,-2e-06,-0.0,0.0,-2e-06,-4e-06,-9e-06,-5e-06,0.0,-2e-06,-7e-06,-1e-06,-3e-06,0.0,-1e-06,-2e-06,-1e-06,-1e-06,-4e-06,-6e-06,0.0,-2e-06,-0.0,-2e-06,-0.0,-4e-06,-0.0,-4e-06,-9e-06,-1e-06,-2e-06,-4e-06,-0.0,-0.0,-0.0,-1e-06,-4e-06,-6e-06,0.0,-4e-06,-5e-06,-8e-06,-8e-06,-0.0,-8e-06,-1e-06,-6e-06,-2e-06,0.0,-1e-06,-1.1e-05,-5e-06,-7e-06,-6e-06,-8e-06,-2e-06,-2e-06,-2e-06,-0.0,-2e-06,-4e-06,-5e-06,-5e-06
2017-05-28 17:30:00+02:00,-0.0,0.0,-2e-06,-4e-06,-1e-06,-1e-06,-1e-06,-1e-06,-3e-06,-1e-06,-0.0,-0.0,-4e-06,-4e-06,-3e-06,-6e-06,-1e-06,0.0,-1e-06,-6e-06,0.0,-6e-06,-2e-06,-0.0,-7e-06,-6e-06,-1e-06,0.0,-1e-06,-1e-06,-0.0,-4e-06,0.0,-4e-06,-4e-06,-0.0,-3e-06,-2e-06,0.0,-7e-06,-1e-06,-0.0,-3e-06,0.0,-1e-06,-3e-06,-1e-06,-2e-06,-2e-06,0.0,-0.0,-3e-06,-3e-06,-5e-06,-0.0,0.0,-1e-06,-0.0,0.0,-2e-06,-3e-06,-7e-06,-4e-06,0.0,-2e-06,-6e-06,-1e-06,-2e-06,0.0,-1e-06,-2e-06,-1e-06,-1e-06,-4e-06,-4e-06,0.0,-1e-06,-0.0,-2e-06,-0.0,-3e-06,-0.0,-3e-06,-7e-06,-1e-06,-1e-06,-3e-06,-0.0,-0.0,-0.0,-1e-06,-3e-06,-4e-06,0.0,-3e-06,-4e-06,-6e-06,-6e-06,-0.0,-6e-06,-0.0,-5e-06,-1e-06,0.0,-1e-06,-8e-06,-4e-06,-5e-06,-5e-06,-6e-06,-1e-06,-1e-06,-1e-06,-0.0,-1e-06,-3e-06,-4e-06,-4e-06
2017-05-28 17:31:00+02:00,-0.0,0.0,-1e-06,-3e-06,-1e-06,-1e-06,-1e-06,-1e-06,-2e-06,-1e-06,-0.0,-0.0,-4e-06,-4e-06,-2e-06,-4e-06,-1e-06,0.0,-1e-06,-4e-06,0.0,-4e-06,-2e-06,-0.0,-5e-06,-5e-06,-1e-06,0.0,-1e-06,-0.0,-0.0,-3e-06,0.0,-3e-06,-3e-06,-0.0,-2e-06,-2e-06,0.0,-6e-06,-1e-06,-0.0,-2e-06,0.0,-1e-06,-2e-06,-1e-06,-2e-06,-2e-06,0.0,-0.0,-2e-06,-3e-06,-4e-06,-0.0,0.0,-1e-06,-0.0,0.0,-1e-06,-2e-06,-5e-06,-3e-06,0.0,-1e-06,-5e-06,-0.0,-2e-06,0.0,-1e-06,-1e-06,-1e-06,-0.0,-3e-06,-4e-06,0.0,-1e-06,-0.0,-2e-06,-0.0,-2e-06,-0.0,-2e-06,-5e-06,-1e-06,-1e-06,-3e-06,-0.0,-0.0,-0.0,-0.0,-3e-06,-4e-06,0.0,-2e-06,-3e-06,-5e-06,-5e-06,-0.0,-5e-06,-0.0,-4e-06,-1e-06,0.0,-1e-06,-7e-06,-3e-06,-4e-06,-4e-06,-5e-06,-1e-06,-1e-06,-1e-06,-0.0,-1e-06,-3e-06,-3e-06,-3e-06
2017-05-28 17:32:00+02:00,-0.0,0.0,-1e-06,-3e-06,-1e-06,-1e-06,-0.0,-1e-06,-2e-06,-0.0,-0.0,-0.0,-3e-06,-3e-06,-2e-06,-4e-06,-1e-06,0.0,-1e-06,-4e-06,0.0,-4e-06,-2e-06,-0.0,-4e-06,-4e-06,-1e-06,0.0,-1e-06,-0.0,-0.0,-2e-06,0.0,-3e-06,-3e-06,-0.0,-2e-06,-1e-06,0.0,-5e-06,-1e-06,-0.0,-2e-06,0.0,-1e-06,-2e-06,-1e-06,-1e-06,-1e-06,0.0,-0.0,-2e-06,-2e-06,-3e-06,-0.0,0.0,-1e-06,-0.0,0.0,-1e-06,-2e-06,-4e-06,-3e-06,0.0,-1e-06,-4e-06,-0.0,-1e-06,0.0,-1e-06,-1e-06,-0.0,-0.0,-2e-06,-3e-06,0.0,-1e-06,-0.0,-1e-06,-0.0,-2e-06,-0.0,-2e-06,-4e-06,-1e-06,-1e-06,-2e-06,-0.0,-0.0,-0.0,-0.0,-2e-06,-3e-06,0.0,-2e-06,-3e-06,-4e-06,-4e-06,-0.0,-4e-06,-0.0,-3e-06,-1e-06,0.0,-1e-06,-5e-06,-3e-06,-3e-06,-3e-06,-4e-06,-1e-06,-1e-06,-1e-06,-0.0,-1e-06,-2e-06,-2e-06,-3e-06
2017-05-28 17:33:00+02:00,-0.0,0.0,-1e-06,-2e-06,-1e-06,-0.0,-0.0,-1e-06,-2e-06,-0.0,-0.0,-0.0,-2e-06,-2e-06,-2e-06,-3e-06,-1e-06,0.0,-0.0,-3e-06,0.0,-3e-06,-1e-06,-0.0,-3e-06,-3e-06,-0.0,0.0,-1e-06,-0.0,-0.0,-2e-06,0.0,-2e-06,-2e-06,-0.0,-1e-06,-1e-06,0.0,-4e-06,-1e-06,-0.0,-2e-06,0.0,-1e-06,-1e-06,-1e-06,-1e-06,-1e-06,0.0,-0.0,-2e-06,-2e-06,-2e-06,-0.0,0.0,-1e-06,-0.0,0.0,-1e-06,-1e-06,-4e-06,-2e-06,0.0,-1e-06,-3e-06,-0.0,-1e-06,0.0,-0.0,-1e-06,-0.0,-0.0,-2e-06,-2e-06,0.0,-1e-06,-0.0,-1e-06,-0.0,-2e-06,-0.0,-1e-06,-4e-06,-0.0,-1e-06,-2e-06,-0.0,-0.0,-0.0,-0.0,-2e-06,-2e-06,0.0,-2e-06,-2e-06,-3e-06,-3e-06,-0.0,-3e-06,-0.0,-2e-06,-1e-06,0.0,-1e-06,-4e-06,-2e-06,-3e-06,-2e-06,-3e-06,-1e-06,-1e-06,-1e-06,-0.0,-1e-06,-2e-06,-2e-06,-2e-06
2017-05-28 17:34:00+02:00,-0.0,0.0,-1e-06,-2e-06,-0.0,-0.0,-0.0,-0.0,-1e-06,-0.0,-0.0,-0.0,-2e-06,-2e-06,-1e-06,-2e-06,-0.0,0.0,-0.0,-2e-06,0.0,-2e-06,-1e-06,-0.0,-3e-06,-2e-06,-0.0,0.0,-1e-06,-0.0,-0.0,-2e-06,0.0,-2e-06,-2e-06,-0.0,-1e-06,-1e-06,0.0,-3e-06,-1e-06,-0.0,-1e-06,0.0,-0.0,-1e-06,-1e-06,-1e-06,-1e-06,0.0,-0.0,-1e-06,-1e-06,-2e-06,-0.0,0.0,-1e-06,-0.0,0.0,-1e-06,-1e-06,-3e-06,-2e-06,0.0,-1e-06,-2e-06,-0.0,-1e-06,0.0,-0.0,-1e-06,-0.0,-0.0,-1e-06,-2e-06,0.0,-1e-06,-0.0,-1e-06,-0.0,-1e-06,-0.0,-1e-06,-3e-06,-0.0,-1e-06,-1e-06,-0.0,-0.0,-0.0,-0.0,-1e-06,-2e-06,0.0,-1e-06,-2e-06,-3e-06,-3e-06,-0.0,-3e-06,-0.0,-2e-06,-1e-06,0.0,-0.0,-3e-06,-2e-06,-2e-06,-2e-06,-3e-06,-1e-06,-0.0,-1e-06,-0.0,-1e-06,-1e-06,-2e-06,-2e-06
2017-05-28 17:35:00+02:00,-0.0,0.0,-1e-06,-1e-06,-0.0,-0.0,-0.0,-0.0,-9e-06,-0.0,-0.0,-0.0,-2.8e-05,-2.4e-05,-1e-06,-9e-06,-0.0,0.0,-0.0,-6e-06,0.0,-5e-06,-1e-06,-0.0,-1.8e-05,-2e-05,-0.0,0.0,-0.0,-0.0,-0.0,-8e-06,0.0,-7e-06,-1.7e-05,-0.0,-1e-06,-1e-06,0.0,-3.2e-05,-0.0,-0.0,-1e-06,0.0,-0.0,-1e-06,-0.0,-1e-06,-1e-06,0.0,-0.0,-1e-06,-5e-06,-2.9e-05,-0.0,0.0,-0.0,-0.0,0.0,-1e-06,-1e-06,-2.5e-05,-1e-06,0.0,-1e-06,-1.3e-05,-0.0,-1e-06,0.0,-0.0,-1e-06,-0.0,-0.0,-2e-06,-2.2e-05,0.0,-0.0,-0.0,-1e-06,-0.0,-5e-06,-0.0,-1e-06,-2.5e-05,-0.0,-0.0,-2.1e-05,-0.0,-0.0,-0.0,-0.0,-9e-06,-2.6e-05,0.0,-1e-06,-1e-06,-2.1e-05,-2.2e-05,-0.0,-1.5e-05,-0.0,-2e-06,-0.0,0.0,-0.0,-5.4e-05,-2.6e-05,-2e-06,-2e-06,-2.2e-05,-0.0,-0.0,-0.0,-0.0,-0.0,-1e-06,-1e-06,-2.4e-05
2017-05-28 17:36:00+02:00,-0.0,0.0,-0.0,-1e-06,-0.0,-0.0,-0.0,-0.0,-7e-06,-0.0,-0.0,-0.0,-2.3e-05,-1.9e-05,-1e-06,-7e-06,-0.0,0.0,-0.0,-4e-06,0.0,-4e-06,-1e-06,-0.0,-1.4e-05,-1.6e-05,-0.0,0.0,-0.0,-0.0,-0.0,-7e-06,0.0,-6e-06,-1.4e-05,-0.0,-1e-06,-1e-06,0.0,-2.6e-05,-0.0,-0.0,-1e-06,0.0,-0.0,-1e-06,-0.0,-1e-06,-1e-06,0.0,-0.0,-1e-06,-4e-06,-2.3e-05,-0.0,0.0,-0.0,-0.0,0.0,-0.0,-1e-06,-2e-05,-1e-06,0.0,-0.0,-1.1e-05,-0.0,-1e-06,0.0,-0.0,-0.0,-0.0,-0.0,-2e-06,-1.8e-05,0.0,-0.0,-0.0,-1e-06,-0.0,-4e-06,-0.0,-1e-06,-2e-05,-0.0,-0.0,-1.7e-05,-0.0,-0.0,-0.0,-0.0,-7e-06,-2.1e-05,0.0,-1e-06,-1e-06,-1.7e-05,-1.7e-05,-0.0,-1.2e-05,-0.0,-1e-06,-0.0,0.0,-0.0,-4.3e-05,-2.1e-05,-1e-06,-1e-06,-1.8e-05,-0.0,-0.0,-0.0,-0.0,-0.0,-1e-06,-1e-06,-1.9e-05
2017-05-28 17:37:00+02:00,-0.0,0.0,-0.0,-1e-06,-0.0,-0.0,-0.0,-0.0,-5e-06,-0.0,-0.0,-0.0,-1.8e-05,-1.5e-05,-1e-06,-6e-06,-0.0,0.0,-0.0,-4e-06,0.0,-3e-06,-0.0,-0.0,-1.2e-05,-1.3e-05,-0.0,0.0,-0.0,-0.0,-0.0,-5e-06,0.0,-5e-06,-1.1e-05,-0.0,-1e-06,-0.0,0.0,-2e-05,-0.0,-0.0,-1e-06,0.0,-0.0,-1e-06,-0.0,-0.0,-0.0,0.0,-0.0,-1e-06,-3e-06,-1.8e-05,-0.0,0.0,-0.0,-0.0,0.0,-0.0,-1e-06,-1.6e-05,-1e-06,0.0,-0.0,-9e-06,-0.0,-0.0,0.0,-0.0,-0.0,-0.0,-0.0,-1e-06,-1.4e-05,0.0,-0.0,-0.0,-0.0,-0.0,-3e-06,-0.0,-1e-06,-1.6e-05,-0.0,-0.0,-1.4e-05,-0.0,-0.0,-0.0,-0.0,-6e-06,-1.7e-05,0.0,-1e-06,-1e-06,-1.4e-05,-1.4e-05,-0.0,-1e-05,-0.0,-1e-06,-0.0,0.0,-0.0,-3.4e-05,-1.7e-05,-1e-06,-1e-06,-1.4e-05,-0.0,-0.0,-0.0,-0.0,-0.0,-1e-06,-1e-06,-1.5e-05
2017-05-28 17:38:00+02:00,-0.0,0.0,-0.0,-1e-06,-0.0,-0.0,-0.0,-0.0,-4e-06,-0.0,-0.0,-0.0,-1.4e-05,-1.2e-05,-0.0,-5e-06,-0.0,0.0,-0.0,-3e-06,0.0,-2e-06,-0.0,-0.0,-9e-06,-1e-05,-0.0,0.0,-0.0,-0.0,-0.0,-4e-06,0.0,-4e-06,-9e-06,-0.0,-0.0,-0.0,0.0,-1.6e-05,-0.0,-0.0,-0.0,0.0,-0.0,-0.0,-0.0,-0.0,-0.0,0.0,-0.0,-1e-06,-3e-06,-1.5e-05,-0.0,0.0,-0.0,-0.0,0.0,-0.0,-0.0,-1.3e-05,-1e-06,0.0,-0.0,-7e-06,-0.0,-0.0,0.0,-0.0,-0.0,-0.0,-0.0,-1e-06,-1.1e-05,0.0,-0.0,-0.0,-0.0,-0.0,-3e-06,-0.0,-0.0,-1.3e-05,-0.0,-0.0,-1.1e-05,-0.0,-0.0,-0.0,-0.0,-5e-06,-1.3e-05,0.0,-1e-06,-1e-06,-1.1e-05,-1.1e-05,-0.0,-8e-06,-0.0,-1e-06,-0.0,0.0,-0.0,-2.7e-05,-1.4e-05,-1e-06,-1e-06,-1.1e-05,-0.0,-0.0,-0.0,-0.0,-0.0,-1e-06,-1e-06,-1.2e-05
2017-05-28 17:39:00+02:00,-0.0,0.0,-0.0,-1e-06,-0.0,-0.0,-0.0,-0.0,-3e-06,-0.0,-0.0,-0.0,-1.2e-05,-1e-05,-0.0,-4e-06,-0.0,0.0,-0.0,-2e-06,0.0,-2e-06,-0.0,-0.0,-7e-06,-8e-06,-0.0,0.0,-0.0,-0.0,-0.0,-3e-06,0.0,-3e-06,-7e-06,-0.0,-0.0,-0.0,0.0,-1.3e-05,-0.0,-0.0,-0.0,0.0,-0.0,-0.0,-0.0,-0.0,-0.0,0.0,-0.0,-0.0,-2e-06,-1.2e-05,-0.0,0.0,-0.0,-0.0,0.0,-0.0,-0.0,-1e-05,-1e-06,0.0,-0.0,-5e-06,-0.0,-0.0,0.0,-0.0,-0.0,-0.0,-0.0,-1e-06,-9e-06,0.0,-0.0,-0.0,-0.0,-0.0,-2e-06,-0.0,-0.0,-1e-05,-0.0,-0.0,-9e-06,-0.0,-0.0,-0.0,-0.0,-4e-06,-1.1e-05,0.0,-0.0,-1e-06,-9e-06,-9e-06,-0.0,-6e-06,-0.0,-1e-06,-0.0,0.0,-0.0,-2.2e-05,-1.1e-05,-1e-06,-1e-06,-9e-06,-0.0,-0.0,-0.0,-0.0,-0.0,-0.0,-1e-06,-1e-05
2017-05-28 17:40:00+02:00,-0.0,0.0,-0.0,-0.0,-0.0,-0.0,-0.0,-0.0,-3e-06,-0.0,-0.0,-0.0,-9e-06,-8e-06,-0.0,-3e-06,-0.0,0.0,-0.0,-2e-06,0.0,-2e-06,-0.0,-0.0,-6e-06,-7e-06,-0.0,0.0,-0.0,-0.0,-0.0,-3e-06,0.0,-2e-06,-6e-06,-0.0,-0.0,-0.0,0.0,-1e-05,-0.0,-0.0,-0.0,0.0,-0.0,-0.0,-0.0,-0.0,-0.0,0.0,-0.0,-0.0,-2e-06,-9e-06,-0.0,0.0,-0.0,-0.0,0.0,-0.0,-0.0,-8e-06,-0.0,0.0,-0.0,-4e-06,-0.0,-0.0,0.0,-0.0,-0.0,-0.0,-0.0,-1e-06,-7e-06,0.0,-0.0,-0.0,-0.0,-0.0,-2e-06,-0.0,-0.0,-8e-06,-0.0,-0.0,-7e-06,-0.0,-0.0,-0.0,-0.0,-3e-06,-9e-06,0.0,-0.0,-0.0,-7e-06,-7e-06,-0.0,-5e-06,-0.0,-1e-06,-0.0,0.0,-0.0,-1.8e-05,-9e-06,-1e-06,-0.0,-7e-06,-0.0,-0.0,-0.0,-0.0,-0.0,-0.0,-0.0,-8e-06
2017-05-28 17:41:00+02:00,-0.0,0.0,-0.0,-0.0,-0.0,-0.0,-0.0,-0.0,-2e-06,-0.0,-0.0,-0.0,-7e-06,-6e-06,-0.0,-2e-06,-0.0,0.0,-0.0,-1e-06,0.0,-1e-06,-0.0,-0.0,-5e-06,-5e-06,-0.0,0.0,-0.0,-0.0,-0.0,-2e-06,0.0,-2e-06,-5e-06,-0.0,-0.0,-0.0,0.0,-8e-06,-0.0,-0.0,-0.0,0.0,-0.0,-0.0,-0.0,-0.0,-0.0,0.0,-0.0,-0.0,-1e-06,-8e-06,-0.0,0.0,-0.0,-0.0,0.0,-0.0,-0.0,-6e-06,-0.0,0.0,-0.0,-3e-06,-0.0,-0.0,0.0,-0.0,-0.0,-0.0,-0.0,-1e-06,-6e-06,0.0,-0.0,-0.0,-0.0,-0.0,-1e-06,-0.0,-0.0,-7e-06,-0.0,-0.0,-6e-06,-0.0,-0.0,-0.0,-0.0,-2e-06,-7e-06,0.0,-0.0,-0.0,-6e-06,-6e-06,-0.0,-4e-06,-0.0,-0.0,-0.0,0.0,-0.0,-1.4e-05,-7e-06,-0.0,-0.0,-6e-06,-0.0,-0.0,-0.0,-0.0,-0.0,-0.0,-0.0,-6e-06
2017-05-28 17:42:00+02:00,-0.0,0.0,-0.0,-0.0,-0.0,-0.0,-0.0,-0.0,-2e-06,-0.0,-0.0,-0.0,-6e-06,-5e-06,-0.0,-2e-06,-0.0,0.0,-0.0,-1e-06,0.0,-1e-06,-0.0,-0.0,-4e-06,-4e-06,-0.0,0.0,-0.0,-0.0,-0.0,-2e-06,0.0,-1e-06,-4e-06,-0.0,-0.0,-0.0,0.0,-7e-06,-0.0,-0.0,-0.0,0.0,-0.0,-0.0,-0.0,-0.0,-0.0,0.0,-0.0,-0.0,-1e-06,-6e-06,-0.0,0.0,-0.0,-0.0,0.0,-0.0,-0.0,-5e-06,-0.0,0.0,-0.0,-3e-06,-0.0,-0.0,0.0,-0.0,-0.0,-0.0,-0.0,-0.0,-5e-06,0.0,-0.0,-0.0,-0.0,-0.0,-1e-06,-0.0,-0.0,-5e-06,-0.0,-0.0,-4e-06,-0.0,-0.0,-0.0,-0.0,-2e-06,-5e-06,0.0,-0.0,-0.0,-5e-06,-5e-06,-0.0,-3e-06,-0.0,-0.0,-0.0,0.0,-0.0,-1.1e-05,-6e-06,-0.0,-0.0,-5e-06,-0.0,-0.0,-0.0,-0.0,-0.0,-0.0,-0.0,-5e-06
2017-05-28 17:43:00+02:00,-0.0,0.0,-0.0,-0.0,-0.0,-0.0,-0.0,-0.0,-1e-06,-0.0,-0.0,-0.0,-5e-06,-4e-06,-0.0,-2e-06,-0.0,0.0,-0.0,-1e-06,0.0,-1e-06,-0.0,-0.0,-3e-06,-3e-06,-0.0,0.0,-0.0,-0.0,-0.0,-1e-06,0.0,-1e-06,-3e-06,-0.0,-0.0,-0.0,0.0,-5e-06,-0.0,-0.0,-0.0,0.0,-0.0,-0.0,-0.0,-0.0,-0.0,0.0,-0.0,-0.0,-1e-06,-5e-06,-0.0,0.0,-0.0,-0.0,0.0,-0.0,-0.0,-4e-06,-0.0,0.0,-0.0,-2e-06,-0.0,-0.0,0.0,-0.0,-0.0,-0.0,-0.0,-0.0,-4e-06,0.0,-0.0,-0.0,-0.0,-0.0,-1e-06,-0.0,-0.0,-4e-06,-0.0,-0.0,-4e-06,-0.0,-0.0,-0.0,-0.0,-1e-06,-4e-06,0.0,-0.0,-0.0,-4e-06,-4e-06,-0.0,-3e-06,-0.0,-0.0,-0.0,0.0,-0.0,-9e-06,-4e-06,-0.0,-0.0,-4e-06,-0.0,-0.0,-0.0,-0.0,-0.0,-0.0,-0.0,-4e-06
2017-05-28 17:44:00+02:00,-0.0,0.0,-0.0,-0.0,-0.0,-0.0,-0.0,-0.0,-1e-06,-0.0,-0.0,-0.0,-4e-06,-3e-06,-0.0,-1e-06,-0.0,0.0,-0.0,-1e-06,0.0,-1e-06,-0.0,-0.0,-2e-06,-3e-06,-0.0,0.0,-0.0,-0.0,-0.0,-1e-06,0.0,-1e-06,-2e-06,-0.0,-0.0,-0.0,0.0,-4e-06,-0.0,-0.0,-0.0,0.0,-0.0,-0.0,-0.0,-0.0,-0.0,0.0,-0.0,-0.0,-1e-06,-4e-06,-0.0,0.0,-0.0,-0.0,0.0,-0.0,-0.0,-3e-06,-0.0,0.0,-0.0,-2e-06,-0.0,-0.0,0.0,-0.0,-0.0,-0.0,-0.0,-0.0,-3e-06,0.0,-0.0,-0.0,-0.0,-0.0,-1e-06,-0.0,-0.0,-3e-06,-0.0,-0.0,-3e-06,-0.0,-0.0,-0.0,-0.0,-1e-06,-4e-06,0.0,-0.0,-0.0,-3e-06,-3e-06,-0.0,-2e-06,-0.0,-0.0,-0.0,0.0,-0.0,-7e-06,-4e-06,-0.0,-0.0,-3e-06,-0.0,-0.0,-0.0,-0.0,-0.0,-0.0,-0.0,-3e-06
2017-05-28 17:45:00+02:00,-0.0,0.0,-0.0,-0.0,-0.0,-0.0,-0.0,-0.0,-1e-06,-0.0,-0.0,-0.0,-3e-06,-3e-06,-0.0,-1e-06,-0.0,0.0,-0.0,-1e-06,0.0,-1e-06,-0.0,-0.0,-2e-06,-2e-06,-0.0,0.0,-0.0,-0.0,-0.0,-1e-06,0.0,-1e-06,-2e-06,-0.0,-0.0,-0.0,0.0,-3e-06,-0.0,-0.0,-0.0,0.0,-0.0,-0.0,-0.0,-0.0,-0.0,0.0,-0.0,-0.0,-1e-06,-3e-06,-0.0,0.0,-0.0,-0.0,0.0,-0.0,-0.0,-3e-06,-0.0,0.0,-0.0,-1e-06,-0.0,-0.0,0.0,-0.0,-0.0,-0.0,-0.0,-0.0,-2e-06,0.0,-0.0,-0.0,-0.0,-0.0,-1e-06,-0.0,-0.0,-3e-06,-0.0,-0.0,-2e-06,-0.0,-0.0,-0.0,-0.0,-1e-06,-3e-06,0.0,-0.0,-0.0,-2e-06,-2e-06,-0.0,-2e-06,-0.0,-0.0,-0.0,0.0,-0.0,-6e-06,-3e-06,-0.0,-0.0,-2e-06,-0.0,-0.0,-0.0,-0.0,-0.0,-0.0,-0.0,-3e-06
2017-05-28 17:46:00+02:00,-0.0,0.0,-0.0,-0.0,-0.0,-0.0,-0.0,-0.0,-1e-06,-0.0,-0.0,-0.0,-2e-06,-2e-06,-0.0,-1e-06,-0.0,0.0,-0.0,-0.0,0.0,-0.0,-0.0,-0.0,-2e-06,-2e-06,-0.0,0.0,-0.0,-0.0,-0.0,-1e-06,0.0,-1e-06,-1e-06,-0.0,-0.0,-0.0,0.0,-3e-06,-0.0,-0.0,-0.0,0.0,-0.0,-0.0,-0.0,-0.0,-0.0,0.0,-0.0,-0.0,-0.0,-2e-06,-0.0,0.0,-0.0,-0.0,0.0,-0.0,-0.0,-2e-06,-0.0,0.0,-0.0,-1e-06,-0.0,-0.0,0.0,-0.0,-0.0,-0.0,-0.0,-0.0,-2e-06,0.0,-0.0,-0.0,-0.0,-0.0,-0.0,-0.0,-0.0,-2e-06,-0.0,-0.0,-2e-06,-0.0,-0.0,-0.0,-0.0,-1e-06,-2e-06,0.0,-0.0,-0.0,-2e-06,-2e-06,-0.0,-1e-06,-0.0,-0.0,-0.0,0.0,-0.0,-5e-06,-2e-06,-0.0,-0.0,-2e-06,-0.0,-0.0,-0.0,-0.0,-0.0,-0.0,-0.0,-2e-06
2017-05-28 17:47:00+02:00,-0.0,0.0,-0.0,-0.0,-0.0,-0.0,-0.0,-0.0,-1e-06,-0.0,-0.0,-0.0,-2e-06,-2e-06,-0.0,-1e-06,-0.0,0.0,-0.0,-0.0,0.0,-0.0,-0.0,-0.0,-1e-06,-1e-06,-0.0,0.0,-0.0,-0.0,-0.0,-1e-06,0.0,-0.0,-1e-06,-0.0,-0.0,-0.0,0.0,-2e-06,-0.0,-0.0,-0.0,0.0,-0.0,-0.0,-0.0,-0.0,-0.0,0.0,-0.0,-0.0,-0.0,-2e-06,-0.0,0.0,-0.0,-0.0,0.0,-0.0,-0.0,-2e-06,-0.0,0.0,-0.0,-1e-06,-0.0,-0.0,0.0,-0.0,-0.0,-0.0,-0.0,-0.0,-2e-06,0.0,-0.0,-0.0,-0.0,-0.0,-0.0,-0.0,-0.0,-2e-06,-0.0,-0.0,-1e-06,-0.0,-0.0,-0.0,-0.0,-1e-06,-2e-06,0.0,-0.0,-0.0,-1e-06,-1e-06,-0.0,-1e-06,-0.0,-0.0,-0.0,0.0,-0.0,-4e-06,-2e-06,-0.0,-0.0,-2e-06,-0.0,-0.0,-0.0,-0.0,-0.0,-0.0,-0.0,-2e-06
2017-05-28 17:48:00+02:00,-0.0,0.0,-0.0,-0.0,-0.0,-0.0,-0.0,-0.0,-0.0,-0.0,-0.0,-0.0,-3e-06,-1e-06,-0.0,-0.0,-0.0,0.0,-0.0,-0.0,0.0,-0.0,-0.0,-0.0,-1e-06,-1e-06,-0.0,0.0,-0.0,-0.0,-0.0,-0.0,0.0,-0.0,-1e-06,-0.0,-0.0,-0.0,0.0,-2e-06,-0.0,-0.0,-0.0,0.0,-0.0,-0.0,-0.0,-0.0,-0.0,0.0,-0.0,-0.0,-0.0,-3e-06,-0.0,0.0,-0.0,-0.0,0.0,-0.0,-0.0,-1e-06,-0.0,0.0,-0.0,-1e-06,-0.0,-0.0,0.0,-0.0,-0.0,-0.0,-0.0,-0.0,-1e-06,0.0,-0.0,-0.0,-0.0,-0.0,-0.0,-0.0,-0.0,-1e-06,-0.0,-0.0,-1e-06,-0.0,-0.0,-0.0,-0.0,-0.0,-1e-06,0.0,-0.0,-0.0,-1e-06,-1e-06,-0.0,-1e-06,-0.0,-0.0,-0.0,0.0,-0.0,-5e-06,-1e-06,-0.0,-0.0,-1e-06,-0.0,-0.0,-0.0,-0.0,-0.0,-0.0,-0.0,-1e-06
2017-05-28 17:49:00+02:00,-0.0,0.0,-0.0,-0.0,-0.0,-0.0,-0.0,-0.0,-1e-06,-0.0,-0.0,-0.0,-3.1e-05,-2.1e-05,-0.0,-0.0,-0.0,0.0,-0.0,-0.0,0.0,-0.0,-0.0,-0.0,-2e-06,-1e-06,-0.0,0.0,-0.0,-0.0,-0.0,-0.0,0.0,-0.0,-1.1e-05,-0.0,-0.0,-0.0,0.0,-2.1e-05,-0.0,-0.0,-0.0,0.0,-0.0,-0.0,-0.0,-0.0,-0.0,0.0,-0.0,-0.0,-0.0,-3e-05,-0.0,0.0,-0.0,-0.0,0.0,-0.0,-0.0,-9e-06,-0.0,0.0,-0.0,-1e-06,-0.0,-0.0,0.0,-0.0,-0.0,-0.0,-0.0,-0.0,-1.8e-05,0.0,-0.0,-0.0,-0.0,-0.0,-0.0,-0.0,-0.0,-1e-05,-0.0,-0.0,-2.2e-05,-0.0,-0.0,-0.0,-0.0,-0.0,-2.6e-05,0.0,-0.0,-0.0,-1e-06,-1e-06,-0.0,-1e-06,-0.0,-0.0,-0.0,0.0,-0.0,-5.8e-05,-2.7e-05,-0.0,-0.0,-1e-06,-0.0,-0.0,-0.0,-0.0,-0.0,-0.0,-0.0,-2.3e-05
2017-05-28 17:50:00+02:00,-0.0,0.0,-0.0,-0.0,-0.0,-0.0,-0.0,-0.0,-2.9e-05,-0.0,-0.0,-0.0,-8.8e-05,-7.1e-05,-0.0,-9e-06,-0.0,0.0,-0.0,-8e-06,0.0,-7e-06,-0.0,-0.0,-6e-05,-3.1e-05,-0.0,0.0,-0.0,-0.0,-0.0,-2.7e-05,0.0,-2.4e-05,-5e-05,-0.0,-0.0,-0.0,0.0,-9.8e-05,-0.0,-0.0,-0.0,0.0,-0.0,-0.0,-0.0,-0.0,-0.0,0.0,-0.0,-0.0,-5e-06,-8.9e-05,-0.0,0.0,-0.0,-0.0,0.0,-0.0,-0.0,-7.5e-05,-0.0,0.0,-0.0,-1.7e-05,-0.0,-0.0,0.0,-0.0,-0.0,-0.0,-0.0,-3e-06,-6.5e-05,0.0,-0.0,-0.0,-0.0,-0.0,-5e-06,-0.0,-0.0,-7.5e-05,-0.0,-0.0,-7e-05,-0.0,-0.0,-0.0,-0.0,-1.3e-05,-8e-05,0.0,-0.0,-0.0,-3.3e-05,-3.4e-05,-0.0,-5.2e-05,-0.0,-0.0,-0.0,0.0,-0.0,-0.000171,-8.2e-05,-1.8e-05,-0.0,-3.4e-05,-0.0,-0.0,-0.0,-0.0,-0.0,-0.0,-0.0,-7.4e-05
2017-05-28 17:51:00+02:00,-0.0,0.0,-0.0,-2.9e-05,-0.0,-0.0,-0.0,-0.0,-8.5e-05,-0.0,-0.0,-0.0,-0.000181,-0.000157,-2.3e-05,-7.7e-05,-0.0,0.0,-0.0,-7.6e-05,0.0,-7.4e-05,-0.0,-0.0,-0.000179,-0.000121,-0.0,0.0,-0.0,-0.0,-0.0,-8.5e-05,0.0,-8e-05,-0.000125,-0.0,-0.0,-0.0,0.0,-0.000238,-0.0,-0.0,-0.0,0.0,-0.0,-0.0,-0.0,-2e-05,-2.3e-05,0.0,-0.0,-2.9e-05,-4e-05,-0.000184,-0.0,0.0,-0.0,-0.0,0.0,-0.0,-2.7e-05,-0.000202,-1.6e-05,0.0,-0.0,-9.4e-05,-0.0,-2.5e-05,0.0,-0.0,-0.0,-0.0,-0.0,-3.6e-05,-0.000149,0.0,-0.0,-0.0,-0.0,-0.0,-3.9e-05,-0.0,-0.0,-0.000202,-0.0,-0.0,-0.000146,-0.0,-0.0,-0.0,-0.0,-5.5e-05,-0.00017,0.0,-2e-05,-2.3e-05,-0.000125,-0.000126,-0.0,-0.000163,-0.0,-4.8e-05,-0.0,0.0,-0.0,-0.000352,-0.000171,-9.4e-05,-3.9e-05,-0.000128,-0.0,-0.0,-0.0,-0.0,-0.0,-0.0,-3e-06,-0.000156
2017-05-28 17:52:00+02:00,-0.0,0.0,-0.0,-0.000124,-0.0,-0.0,-0.0,-1.1e-05,-0.000168,-0.0,-0.0,-0.0,-0.000318,-0.000288,-8.3e-05,-0.000215,-0.0,0.0,-0.0,-0.000223,0.0,-0.00022,-2.5e-05,-0.0,-0.000365,-0.000285,-7e-06,0.0,-6e-06,-0.0,-0.0,-0.000177,0.0,-0.000175,-0.000246,-0.0,-2.5e-05,-1.7e-05,0.0,-0.000453,-9e-06,-0.0,-3.8e-05,0.0,-0.0,-1.1e-05,-2.1e-05,-7.2e-05,-7.3e-05,0.0,-0.0,-9.6e-05,-0.000112,-0.000325,-0.0,0.0,-0.0,-0.0,0.0,-0.0,-9.1e-05,-0.000402,-9.8e-05,0.0,-0.0,-0.000242,-0.0,-8e-05,0.0,-0.0,-2.1e-05,-0.0,-0.0,-0.000113,-0.000279,0.0,-0.0,-0.0,-0.0,-0.0,-0.000105,-0.0,-2.1e-05,-0.0004,-0.0,-0.0,-0.000246,-0.0,-0.0,-0.0,-0.0,-0.000132,-0.000302,0.0,-7.9e-05,-0.000111,-0.000287,-0.00029,-0.0,-0.000346,-0.0,-0.000164,-2.2e-05,0.0,-8e-06,-0.000614,-0.0003,-0.000236,-0.000145,-0.000295,-1.1e-05,-2e-06,-4e-06,-0.0,-0.0,-4.8e-05,-7.2e-05,-0.000274
2017-05-28 17:53:00+02:00,-0.0,0.0,-0.0,-0.000275,-0.0,-0.0,-9e-06,-3.5e-05,-0.000276,-0.0,-0.0,-0.0,-0.000508,-0.000475,-0.000184,-0.000415,-0.0,0.0,-0.0,-0.000432,0.0,-0.000427,-8.7e-05,-0.0,-0.000626,-0.000512,-2.6e-05,0.0,-3.3e-05,-0.0,-0.0,-0.00031,0.0,-0.000318,-0.000423,-0.0,-0.000101,-7e-05,0.0,-0.000752,-3.6e-05,-0.0,-0.000126,0.0,-0.0,-7.4e-05,-5.9e-05,-0.00014,-0.000145,0.0,-0.0,-0.000193,-0.000219,-0.000527,-0.0,0.0,-0.0,-0.0,0.0,-0.0,-0.000181,-0.000684,-0.000236,0.0,-2e-06,-0.000453,-0.0,-0.000152,0.0,-0.0,-6.6e-05,-0.0,-0.0,-0.000227,-0.00047,0.0,-0.0,-0.0,-3.3e-05,-0.0,-0.000199,-0.0,-9.3e-05,-0.000676,-0.0,-0.0,-0.000364,-0.0,-0.0,-0.0,-0.0,-0.000242,-0.000487,0.0,-0.000175,-0.00026,-0.000508,-0.000515,-0.0,-0.000606,-0.0,-0.000339,-6.1e-05,0.0,-3.2e-05,-0.00097,-0.000475,-0.000446,-0.000309,-0.000526,-3.8e-05,-2.4e-05,-2.9e-05,-0.0,-0.0,-0.000146,-0.000196,-0.000432
2017-05-28 17:54:00+02:00,-0.0,0.0,-6.6e-05,-0.000492,-3e-05,-0.0,-4.9e-05,-9e-05,-0.000419,-1.9e-05,-0.0,-0.0,-0.00072,-0.000682,-0.000314,-0.000678,-2.1e-05,0.0,-0.0,-0.000693,0.0,-0.000685,-0.000218,-0.0,-0.000945,-0.000801,-7.7e-05,0.0,-9.4e-05,-4e-06,-0.0,-0.000469,0.0,-0.000485,-0.000621,-0.0,-0.000244,-0.000192,0.0,-0.001109,-9.6e-05,-0.0,-0.000275,0.0,-2.2e-05,-0.000211,-0.00013,-0.000238,-0.00025,0.0,-0.0,-0.000315,-0.000355,-0.000746,-0.0,0.0,-4.5e-05,-0.0,0.0,-7.7e-05,-0.000297,-0.001024,-0.000441,0.0,-7.3e-05,-0.000726,-3.1e-05,-0.000254,0.0,-3.4e-05,-0.00014,-1.2e-05,-0.0,-0.000364,-0.000679,0.0,-4.1e-05,-0.0,-0.000139,-0.0,-0.000325,-0.0,-0.000239,-0.001011,-0.0,-3e-05,-0.000525,-0.0,-0.0,-0.0,-1e-05,-0.000381,-0.000693,0.0,-0.000303,-0.000472,-0.000792,-0.000803,-0.0,-0.000924,-0.0,-0.000579,-0.00013,0.0,-8.9e-05,-0.001379,-0.000675,-0.000715,-0.000539,-0.000818,-9.9e-05,-8e-05,-8.4e-05,-0.0,-4.8e-05,-0.000305,-0.000388,-0.000619
2017-05-28 17:55:00+02:00,-0.0,0.0,-5.9e-05,-0.000582,-2.4e-05,-0.0,-6e-05,-0.000113,-0.000496,-1.5e-05,-0.0,-0.0,-0.000834,-0.00079,-0.000366,-0.0008,-1.6e-05,0.0,-0.0,-0.000845,0.0,-0.000837,-0.000269,-0.0,-0.001111,-0.000941,-9.6e-05,0.0,-0.000109,-3e-06,-0.0,-0.00055,0.0,-0.000566,-0.00072,-0.0,-0.00028,-0.000236,0.0,-0.001296,-0.000118,-0.0,-0.000334,0.0,-1.8e-05,-0.000241,-0.000156,-0.000296,-0.000298,0.0,-0.0,-0.000384,-0.000417,-0.000863,-0.0,0.0,-3.6e-05,-0.0,0.0,-8.3e-05,-0.000364,-0.0012,-0.000522,0.0,-7.1e-05,-0.000854,-3.3e-05,-0.000316,0.0,-3.5e-05,-0.000171,-1e-05,-0.0,-0.000441,-0.000786,0.0,-3.3e-05,-0.0,-0.000169,-0.0,-0.000384,-0.0,-0.000277,-0.001186,-0.0,-2.4e-05,-0.000619,-0.0,-0.0,-0.0,-8e-06,-0.000448,-0.000804,0.0,-0.000354,-0.000555,-0.000932,-0.000945,-0.0,-0.001084,-0.0,-0.000684,-0.000161,0.0,-0.00011,-0.001603,-0.000784,-0.000843,-0.000636,-0.000961,-0.000123,-9.2e-05,-0.000102,-0.0,-3.8e-05,-0.000372,-0.000459,-0.000721
2017-05-28 17:56:00+02:00,-0.0,0.0,-7e-05,-0.000706,-1.9e-05,-0.0,-7.9e-05,-0.000146,-0.000589,-1.2e-05,-0.0,-0.0,-0.000971,-0.000921,-0.000434,-0.000961,-1.3e-05,0.0,-0.0,-0.001028,0.0,-0.001018,-0.000342,-0.0,-0.001313,-0.001124,-0.000125,0.0,-0.000135,-3e-06,-0.0,-0.000648,0.0,-0.000666,-0.000841,-0.0,-0.000335,-0.000302,0.0,-0.001521,-0.000151,-0.0,-0.000416,0.0,-1.4e-05,-0.000298,-0.000194,-0.000365,-0.000356,0.0,-0.0,-0.000468,-0.000499,-0.001003,-0.0,0.0,-2.9e-05,-0.0,0.0,-0.000109,-0.000444,-0.001412,-0.000635,0.0,-8.7e-05,-0.001023,-4.4e-05,-0.000388,0.0,-4.6e-05,-0.000213,-8e-06,-0.0,-0.000535,-0.000916,0.0,-2.6e-05,-0.0,-0.000221,-0.0,-0.000461,-0.0,-0.000341,-0.001396,-0.0,-1.9e-05,-0.000729,-0.0,-0.0,-0.0,-6e-06,-0.000535,-0.000937,0.0,-0.000426,-0.000663,-0.001113,-0.001127,-0.0,-0.00128,-0.0,-0.000825,-0.000202,0.0,-0.000141,-0.001871,-0.000915,-0.001,-0.000769,-0.001147,-0.000157,-0.000115,-0.000128,-0.0,-3.8e-05,-0.000462,-0.000561,-0.000843
2017-05-28 17:57:00+02:00,-0.0,0.0,-0.000145,-0.000928,-5e-05,-0.0,-0.000119,-0.0002,-0.00072,-3e-05,-0.0,-0.0,-0.001174,-0.001118,-0.000549,-0.001233,-3.4e-05,0.0,-0.0,-0.001309,0.0,-0.001298,-0.000474,-0.0,-0.00161,-0.001426,-0.000175,0.0,-0.000196,-5e-06,-0.0,-0.000796,0.0,-0.00082,-0.001027,-0.0,-0.000452,-0.000426,0.0,-0.001856,-0.000212,-0.0,-0.000573,0.0,-3.5e-05,-0.000436,-0.000265,-0.000469,-0.000448,0.0,-0.0,-0.000599,-0.00064,-0.001214,-0.0,0.0,-8.2e-05,-0.0,0.0,-0.000188,-0.000569,-0.001729,-0.000844,0.0,-0.000165,-0.001308,-7.6e-05,-0.000496,0.0,-8.1e-05,-0.00029,-1.6e-05,-0.0,-0.000683,-0.001115,0.0,-6.4e-05,-0.0,-0.000328,-0.0,-0.00059,-0.0,-0.000489,-0.001709,-0.0,-5.1e-05,-0.00088,-0.0,-0.0,-0.0,-1.5e-05,-0.00068,-0.001134,0.0,-0.000557,-0.000847,-0.001409,-0.001428,-0.0,-0.001574,-0.0,-0.001072,-0.000273,0.0,-0.000198,-0.002263,-0.001106,-0.001244,-0.001004,-0.001453,-0.000218,-0.000171,-0.000186,-0.0,-9e-05,-0.00063,-0.000757,-0.00102
2017-05-28 17:58:00+02:00,-0.0,0.0,-0.000234,-0.001142,-9.4e-05,-0.0,-0.000164,-0.000259,-0.000856,-4.9e-05,-0.0,-0.0,-0.001387,-0.001326,-0.000672,-0.001492,-7.3e-05,0.0,-1e-06,-0.001611,0.0,-0.001598,-0.000618,-0.0,-0.001921,-0.00171,-0.000229,0.0,-0.000255,-1.7e-05,-0.0,-0.00095,0.0,-0.000983,-0.001224,-0.0,-0.000582,-0.000561,0.0,-0.002208,-0.000277,-0.0,-0.000747,0.0,-7e-05,-0.000573,-0.000333,-0.000579,-0.000544,0.0,-0.0,-0.000739,-0.000774,-0.001436,-0.0,0.0,-0.00015,-0.0,0.0,-0.000281,-0.000702,-0.002062,-0.001047,0.0,-0.000257,-0.001575,-0.000113,-0.000611,0.0,-0.000121,-0.000375,-2.7e-05,-0.0,-0.000843,-0.001325,0.0,-0.000105,-0.0,-0.000448,-0.0,-0.000711,-0.0,-0.000633,-0.002038,-0.0,-0.000101,-0.001035,-0.0,-0.0,-0.0,-3e-05,-0.000815,-0.001342,0.0,-0.000683,-0.001045,-0.001687,-0.001709,-0.0,-0.001883,-0.0,-0.001309,-0.00035,0.0,-0.00026,-0.002675,-0.001307,-0.001502,-0.00123,-0.00174,-0.000284,-0.000225,-0.00025,-0.0,-0.000155,-0.000814,-0.000947,-0.001205
2017-05-28 17:59:00+02:00,-0.0,0.0,-0.000271,-0.001287,-0.000113,-0.0,-0.000195,-0.000301,-0.000947,-5.7e-05,-0.0,-0.0,-0.001505,-0.001438,-0.000733,-0.001669,-7.4e-05,0.0,-1e-06,-0.001793,0.0,-0.001779,-0.000707,-0.0,-0.002109,-0.001906,-0.000268,0.0,-0.000296,-1.3e-05,-0.0,-0.00104,0.0,-0.001071,-0.001327,-0.0,-0.000647,-0.000645,0.0,-0.002412,-0.000319,-0.0,-0.000842,0.0,-8.2e-05,-0.000658,-0.000385,-0.000654,-0.000605,0.0,-0.0,-0.000823,-0.000862,-0.001555,-0.0,0.0,-0.000173,-0.0,0.0,-0.000333,-0.000784,-0.002255,-0.001182,0.0,-0.000298,-0.00176,-0.000137,-0.000691,0.0,-0.000145,-0.000424,-2.8e-05,-0.0,-0.000933,-0.001434,0.0,-0.000122,-0.0,-0.00052,-0.0,-0.000798,-0.0,-0.000726,-0.002231,-0.0,-0.00011,-0.001146,-0.0,-0.0,-0.0,-3.5e-05,-0.000909,-0.001457,0.0,-0.000761,-0.001152,-0.001883,-0.001907,-0.0,-0.002063,-0.0,-0.001469,-0.0004,0.0,-0.000301,-0.002913,-0.001422,-0.00165,-0.001383,-0.001939,-0.000327,-0.000263,-0.000286,-0.0,-0.000187,-0.000917,-0.001072,-0.001316
2017-05-28 18:00:00+02:00,-0.0,0.0,-0.000217,-0.001326,-9e-05,-0.0,-0.000182,-0.000295,-0.000962,-4.6e-05,-0.0,-0.0,-0.001538,-0.001468,-0.000728,-0.001737,-5.9e-05,0.0,-1e-06,-0.001846,0.0,-0.001831,-0.000695,-0.0,-0.002144,-0.001993,-0.000262,0.0,-0.000292,-1.1e-05,-0.0,-0.001054,0.0,-0.001084,-0.001352,-0.0,-0.000598,-0.000631,0.0,-0.002457,-0.000312,-0.0,-0.00083,0.0,-6.5e-05,-0.000647,-0.000389,-0.000669,-0.000601,0.0,-0.0,-0.000845,-0.000897,-0.001589,-0.0,0.0,-0.000138,-0.0,0.0,-0.000292,-0.000804,-0.002294,-0.001213,0.0,-0.000245,-0.001835,-0.000119,-0.000707,0.0,-0.000125,-0.000419,-2.3e-05,-0.0,-0.000959,-0.001463,0.0,-9.7e-05,-0.0,-0.000495,-0.0,-0.000829,-0.0,-0.00072,-0.00227,-0.0,-8.8e-05,-0.001169,-0.0,-0.0,-0.0,-2.8e-05,-0.000948,-0.001488,0.0,-0.000786,-0.001132,-0.001969,-0.001994,-0.0,-0.002092,-0.0,-0.001522,-0.000397,0.0,-0.000294,-0.002977,-0.001452,-0.001658,-0.001429,-0.002028,-0.00032,-0.000256,-0.000273,-0.0,-0.00015,-0.000909,-0.001093,-0.001343
2017-05-28 18:01:00+02:00,-0.0,0.0,-0.00028,-0.001562,-0.00011,-0.0,-0.000208,-0.000337,-0.001038,-3.7e-05,-0.0,-0.0,-0.001771,-0.001704,-0.000852,-0.002063,-5.1e-05,0.0,-0.0,-0.002227,0.0,-0.00221,-0.000863,-0.0,-0.002423,-0.002373,-0.000294,0.0,-0.000323,-9e-06,-0.0,-0.001205,0.0,-0.00127,-0.001587,-0.0,-0.000648,-0.000782,0.0,-0.002766,-0.000384,-0.0,-0.001016,0.0,-7.3e-05,-0.000758,-0.000416,-0.000745,-0.000642,0.0,-0.0,-0.001029,-0.001091,-0.00185,-0.0,0.0,-0.000169,-0.0,0.0,-0.000382,-0.00096,-0.002587,-0.001429,0.0,-0.000313,-0.002182,-0.00014,-0.000788,0.0,-0.000158,-0.000507,-1.8e-05,-0.0,-0.001203,-0.001711,0.0,-8e-05,-0.0,-0.000623,-0.0,-0.000974,-0.0,-0.000843,-0.002552,-0.0,-9.3e-05,-0.001209,-0.0,-0.0,-0.0,-3e-05,-0.001138,-0.001712,0.0,-0.000974,-0.001267,-0.002324,-0.002362,-0.0,-0.002371,-0.0,-0.001803,-0.000446,0.0,-0.000353,-0.003355,-0.001648,-0.001862,-0.001687,-0.002414,-0.000394,-0.000283,-0.000325,-0.0,-0.000199,-0.001113,-0.001287,-0.001496
2017-05-28 18:02:00+02:00,-2.1e-05,0.0,-0.000862,-0.002536,-0.000598,-0.000349,-0.00039,-0.000561,-0.001369,-0.000241,-0.000117,-5.3e-05,-0.002258,-0.00227,-0.001477,-0.003166,-0.000505,-2.6e-05,-0.000386,-0.00329,0.0,-0.00328,-0.001604,-0.000121,-0.00338,-0.003414,-0.000491,0.0,-0.000583,-0.000188,-4.6e-05,-0.001732,0.0,-0.001922,-0.002233,-4.3e-05,-0.001317,-0.001485,0.0,-0.003721,-0.000718,-0.000122,-0.001808,0.0,-0.000543,-0.001505,-0.000643,-0.00105,-0.000971,0.0,-0.000142,-0.001591,-0.001714,-0.002387,-6.4e-05,0.0,-0.000681,-0.000107,0.0,-0.000993,-0.001455,-0.003582,-0.002373,0.0,-0.000886,-0.003261,-0.00031,-0.001102,0.0,-0.000401,-0.000878,-0.00025,-0.000177,-0.001869,-0.002332,0.0,-0.000559,-7.1e-05,-0.001295,-0.000118,-0.00147,-1e-05,-0.001609,-0.003515,-0.000395,-0.000595,-0.001404,-3.2e-05,-0.000104,-2.7e-05,-0.000252,-0.001679,-0.002211,0.0,-0.001651,-0.002157,-0.003292,-0.003353,-0.0,-0.003406,-0.000157,-0.00287,-0.000695,0.0,-0.000643,-0.004199,-0.002087,-0.002898,-0.002708,-0.003439,-0.00073,-0.000533,-0.000612,-0.000132,-0.000748,-0.001939,-0.002195,-0.001888
2017-05-28 18:03:00+02:00,-1.7e-05,0.0,-0.001074,-0.003059,-0.000751,-0.000371,-0.000466,-0.000663,-0.001623,-0.000298,-9.4e-05,-4.2e-05,-0.00263,-0.002704,-0.001807,-0.003832,-0.000626,-2.1e-05,-0.000442,-0.003967,0.0,-0.003953,-0.001956,-9.7e-05,-0.004123,-0.00419,-0.000579,0.0,-0.000697,-0.000228,-3.7e-05,-0.002121,0.0,-0.00237,-0.00273,-3.5e-05,-0.001603,-0.001811,0.0,-0.004462,-0.000872,-9.8e-05,-0.002189,0.0,-0.000681,-0.00184,-0.000749,-0.001213,-0.001139,0.0,-0.000138,-0.001908,-0.002092,-0.002797,-5.1e-05,0.0,-0.000848,-8.6e-05,0.0,-0.001236,-0.001731,-0.004354,-0.002868,0.0,-0.001099,-0.00397,-0.000376,-0.001273,0.0,-0.000495,-0.001056,-0.000303,-0.000171,-0.002276,-0.00281,0.0,-0.000694,-5.7e-05,-0.001591,-9.4e-05,-0.00177,-8e-06,-0.001962,-0.004263,-0.000474,-0.000739,-0.001554,-2.6e-05,-9.4e-05,-2.2e-05,-0.000316,-0.002058,-0.002592,0.0,-0.002022,-0.002606,-0.00403,-0.004112,-0.0,-0.004152,-0.000163,-0.003462,-0.000812,0.0,-0.000775,-0.004851,-0.002421,-0.003474,-0.003265,-0.004227,-0.000886,-0.000639,-0.000736,-0.000105,-0.000941,-0.002345,-0.002657,-0.002186
2017-05-28 18:04:00+02:00,-1.3e-05,0.0,-0.001034,-0.003222,-0.000685,-0.000297,-0.000467,-0.000677,-0.001728,-0.000262,-7.5e-05,-3.4e-05,-0.002887,-0.003006,-0.001901,-0.004085,-0.000531,-1.7e-05,-0.000353,-0.004231,0.0,-0.004214,-0.002017,-7.7e-05,-0.004444,-0.004519,-0.000588,0.0,-0.000706,-0.000183,-3e-05,-0.002279,0.0,-0.002549,-0.00301,-2.8e-05,-0.001613,-0.001859,0.0,-0.004892,-0.000893,-7.8e-05,-0.00226,0.0,-0.000605,-0.001874,-0.000767,-0.001263,-0.001183,0.0,-0.000111,-0.002017,-0.002233,-0.003081,-4.1e-05,0.0,-0.000785,-6.9e-05,0.0,-0.001224,-0.001824,-0.004726,-0.003009,0.0,-0.001067,-0.004253,-0.00037,-0.001328,0.0,-0.000487,-0.001088,-0.000242,-0.000137,-0.002428,-0.003135,0.0,-0.000609,-4.5e-05,-0.001615,-7.6e-05,-0.001879,-6e-06,-0.00201,-0.004627,-0.000379,-0.000651,-0.001667,-2e-05,-7.5e-05,-1.7e-05,-0.000277,-0.002209,-0.002856,0.0,-0.002143,-0.002715,-0.004343,-0.004436,-0.0,-0.004462,-0.00013,-0.003665,-0.000833,0.0,-0.000792,-0.005317,-0.002653,-0.003672,-0.003447,-0.004566,-0.000909,-0.000643,-0.000744,-8.4e-05,-0.000894,-0.002428,-0.002776,-0.002394
2017-05-28 18:05:00+02:00,-1.1e-05,0.0,-0.000873,-0.003198,-0.000548,-0.000237,-0.000427,-0.000642,-0.001755,-0.000209,-6e-05,-2.7e-05,-0.003094,-0.003182,-0.001896,-0.004118,-0.000425,-1.3e-05,-0.000283,-0.004269,0.0,-0.004249,-0.001929,-6.2e-05,-0.004564,-0.004605,-0.000553,0.0,-0.000661,-0.000146,-2.4e-05,-0.002334,0.0,-0.00261,-0.003143,-2.2e-05,-0.001506,-0.001765,0.0,-0.005083,-0.000847,-6.3e-05,-0.002172,0.0,-0.000484,-0.001762,-0.000735,-0.001245,-0.001167,0.0,-8.9e-05,-0.002019,-0.002253,-0.003312,-3.3e-05,0.0,-0.000628,-5.5e-05,0.0,-0.001085,-0.001821,-0.004873,-0.002969,0.0,-0.000916,-0.004306,-0.000327,-0.001313,0.0,-0.000428,-0.001047,-0.000194,-0.000109,-0.00245,-0.003302,0.0,-0.000487,-3.6e-05,-0.001503,-6e-05,-0.001888,-5e-06,-0.001909,-0.004772,-0.000303,-0.000521,-0.00173,-1.6e-05,-6e-05,-1.4e-05,-0.000222,-0.002242,-0.003048,0.0,-0.002142,-0.002671,-0.004424,-0.004522,-0.0,-0.004568,-0.000104,-0.003664,-0.000799,0.0,-0.000749,-0.005691,-0.002832,-0.003696,-0.003434,-0.004659,-0.000865,-0.000596,-0.000693,-6.7e-05,-0.00073,-0.002348,-0.002718,-0.002526
2017-05-28 18:06:00+02:00,-9e-06,0.0,-0.000743,-0.003169,-0.000438,-0.00019,-0.000392,-0.000609,-0.001762,-0.000167,-4.8e-05,-2.2e-05,-0.003262,-0.00332,-0.00189,-0.004135,-0.00034,-1.1e-05,-0.000226,-0.00429,0.0,-0.004269,-0.001856,-5e-05,-0.004645,-0.004666,-0.000521,0.0,-0.00062,-0.000117,-1.9e-05,-0.002372,0.0,-0.002658,-0.003249,-1.8e-05,-0.001413,-0.001687,0.0,-0.005219,-0.000809,-5e-05,-0.002098,0.0,-0.000387,-0.001666,-0.000701,-0.001219,-0.001144,0.0,-7.1e-05,-0.002018,-0.002267,-0.003498,-2.6e-05,0.0,-0.000503,-4.4e-05,0.0,-0.000972,-0.001813,-0.004977,-0.002928,0.0,-0.000795,-0.00434,-0.00029,-0.001289,0.0,-0.00038,-0.001011,-0.000155,-8.8e-05,-0.002469,-0.003435,0.0,-0.00039,-2.9e-05,-0.00141,-4.8e-05,-0.001888,-4e-06,-0.00182,-0.004873,-0.000243,-0.000417,-0.001757,-1.3e-05,-4.8e-05,-1.1e-05,-0.000178,-0.002265,-0.003195,0.0,-0.002141,-0.002627,-0.004477,-0.004582,-0.0,-0.00464,-8.3e-05,-0.003655,-0.000765,0.0,-0.000712,-0.005977,-0.002965,-0.003702,-0.003415,-0.004725,-0.000827,-0.000553,-0.00065,-5.4e-05,-0.000598,-0.00228,-0.002664,-0.002619
2017-05-28 18:07:00+02:00,-7e-06,0.0,-0.000639,-0.003148,-0.000351,-0.000152,-0.00036,-0.000577,-0.001742,-0.000134,-3.8e-05,-1.7e-05,-0.00338,-0.003418,-0.001879,-0.00415,-0.000272,-9e-06,-0.000181,-0.004295,0.0,-0.004273,-0.001796,-4e-05,-0.004675,-0.004713,-0.000489,0.0,-0.000585,-9.3e-05,-1.5e-05,-0.002387,0.0,-0.002687,-0.003326,-1.4e-05,-0.001325,-0.001622,0.0,-0.005292,-0.000777,-4e-05,-0.002034,0.0,-0.00031,-0.001593,-0.000666,-0.001182,-0.00111,0.0,-5.7e-05,-0.002012,-0.002284,-0.003634,-2.1e-05,0.0,-0.000402,-3.5e-05,0.0,-0.000884,-0.001798,-0.005027,-0.002898,0.0,-0.000697,-0.004367,-0.000259,-0.001252,0.0,-0.000341,-0.000978,-0.000124,-7e-05,-0.002485,-0.003533,0.0,-0.000312,-2.3e-05,-0.001336,-3.9e-05,-0.001886,-3e-06,-0.001753,-0.00492,-0.000194,-0.000333,-0.00174,-1e-05,-3.8e-05,-9e-06,-0.000142,-0.002284,-0.003298,0.0,-0.00215,-0.002572,-0.004514,-0.004625,-0.0,-0.004664,-6.7e-05,-0.003649,-0.000729,0.0,-0.00068,-0.006159,-0.003052,-0.003679,-0.003399,-0.004775,-0.000795,-0.000518,-0.000612,-4.3e-05,-0.000496,-0.00222,-0.002624,-0.00267
2017-05-28 18:08:00+02:00,-5e-06,0.0,-0.00055,-0.0031,-0.000281,-0.000122,-0.000328,-0.000541,-0.001693,-0.000107,-3.1e-05,-1.4e-05,-0.003417,-0.003442,-0.001837,-0.004121,-0.000218,-7e-06,-0.000145,-0.004263,0.0,-0.004242,-0.001718,-3.2e-05,-0.004622,-0.004706,-0.000455,0.0,-0.00055,-7.5e-05,-1.2e-05,-0.002358,0.0,-0.002665,-0.003335,-1.1e-05,-0.001224,-0.001544,0.0,-0.005269,-0.000738,-3.2e-05,-0.001965,0.0,-0.000248,-0.001516,-0.000631,-0.001139,-0.001062,0.0,-4.5e-05,-0.001988,-0.002274,-0.003683,-1.7e-05,0.0,-0.000322,-2.8e-05,0.0,-0.000794,-0.001768,-0.004989,-0.002845,0.0,-0.000612,-0.004347,-0.000229,-0.001209,0.0,-0.000302,-0.000942,-9.9e-05,-5.6e-05,-0.002477,-0.003555,0.0,-0.00025,-1.9e-05,-0.001253,-3.1e-05,-0.001863,-3e-06,-0.00168,-0.004881,-0.000155,-0.000267,-0.001695,-8e-06,-3.1e-05,-7e-06,-0.000114,-0.002275,-0.003324,0.0,-0.002136,-0.002482,-0.004499,-0.004614,-0.0,-0.004608,-5.3e-05,-0.003609,-0.000693,0.0,-0.000641,-0.006205,-0.003068,-0.003601,-0.003354,-0.00477,-0.000756,-0.000482,-0.000575,-3.5e-05,-0.000399,-0.002153,-0.002565,-0.002664
2017-05-28 18:09:00+02:00,-4e-06,0.0,-0.000445,-0.002961,-0.000224,-9.7e-05,-0.00029,-0.000495,-0.001624,-8.6e-05,-2.5e-05,-1.1e-05,-0.003383,-0.003396,-0.00176,-0.003976,-0.000174,-6e-06,-0.000116,-0.004171,0.0,-0.00415,-0.001602,-2.5e-05,-0.004498,-0.004565,-0.000413,0.0,-0.000496,-6e-05,-1e-05,-0.00229,0.0,-0.002597,-0.00328,-9e-06,-0.001097,-0.001428,0.0,-0.005155,-0.000681,-2.6e-05,-0.001864,0.0,-0.000198,-0.001378,-0.000579,-0.001086,-0.001,0.0,-3.6e-05,-0.001935,-0.002197,-0.003653,-1.3e-05,0.0,-0.000257,-2.2e-05,0.0,-0.000678,-0.001714,-0.004868,-0.002706,0.0,-0.000511,-0.004203,-0.000194,-0.001155,0.0,-0.000255,-0.000892,-7.9e-05,-4.5e-05,-0.002429,-0.003506,0.0,-0.0002,-1.5e-05,-0.001137,-2.5e-05,-0.001788,-2e-06,-0.001543,-0.004761,-0.000124,-0.000213,-0.00163,-7e-06,-2.5e-05,-6e-06,-9.1e-05,-0.002199,-0.003283,0.0,-0.002056,-0.002348,-0.004357,-0.004473,-0.0,-0.004479,-4.3e-05,-0.003466,-0.000649,0.0,-0.000589,-0.006132,-0.003024,-0.003466,-0.003212,-0.00463,-0.0007,-0.000429,-0.000529,-2.8e-05,-0.00032,-0.002051,-0.002424,-0.002609
2017-05-28 18:10:00+02:00,-4e-06,0.0,-0.000376,-0.002842,-0.00018,-7.8e-05,-0.000261,-0.000459,-0.001573,-6.9e-05,-2e-05,-9e-06,-0.00337,-0.003376,-0.001717,-0.003844,-0.000139,-4e-06,-9.3e-05,-0.004095,0.0,-0.004074,-0.001509,-2e-05,-0.004427,-0.004429,-0.000379,0.0,-0.000452,-4.8e-05,-8e-06,-0.002249,0.0,-0.00256,-0.003254,-7e-06,-0.001022,-0.001336,0.0,-0.005089,-0.000635,-2e-05,-0.001792,0.0,-0.000159,-0.00127,-0.000536,-0.00104,-0.000957,0.0,-2.9e-05,-0.001891,-0.002126,-0.003646,-1.1e-05,0.0,-0.000206,-1.8e-05,0.0,-0.000594,-0.001668,-0.004797,-0.002588,0.0,-0.000445,-0.004069,-0.000167,-0.001107,0.0,-0.00022,-0.000854,-6.4e-05,-3.6e-05,-0.00239,-0.003485,0.0,-0.00016,-1.2e-05,-0.001048,-2e-05,-0.001719,-2e-06,-0.001435,-0.004691,-9.9e-05,-0.000171,-0.001579,-5e-06,-2e-05,-5e-06,-7.3e-05,-0.002125,-0.003264,0.0,-0.001985,-0.002269,-0.004221,-0.004337,-0.0,-0.004406,-3.4e-05,-0.003339,-0.000614,0.0,-0.000547,-0.006102,-0.003,-0.003382,-0.003088,-0.004494,-0.000655,-0.000388,-0.000496,-2.2e-05,-0.000256,-0.001978,-0.002308,-0.002572
2017-05-28 18:11:00+02:00,-3e-06,0.0,-0.000311,-0.002608,-0.000144,-6.2e-05,-0.00024,-0.000427,-0.00148,-5.5e-05,-1.6e-05,-7e-06,-0.002465,-0.002649,-0.00157,-0.003541,-0.000111,-4e-06,-7.4e-05,-0.003783,0.0,-0.003764,-0.001384,-1.6e-05,-0.004125,-0.004088,-0.000354,0.0,-0.000408,-3.8e-05,-6e-06,-0.00208,0.0,-0.002357,-0.002817,-6e-06,-0.000921,-0.001222,0.0,-0.004744,-0.00058,-1.6e-05,-0.001634,0.0,-0.000127,-0.001136,-0.000497,-0.000974,-0.000893,0.0,-2.3e-05,-0.001735,-0.001943,-0.002649,-9e-06,0.0,-0.000165,-1.4e-05,0.0,-0.000524,-0.001535,-0.004467,-0.002369,0.0,-0.000377,-0.003751,-0.000149,-0.001039,0.0,-0.000193,-0.000778,-5.1e-05,-2.9e-05,-0.002186,-0.002817,0.0,-0.000128,-1e-05,-0.000951,-1.6e-05,-0.00158,-1e-06,-0.001291,-0.004371,-7.9e-05,-0.000137,-0.001515,-4e-06,-1.6e-05,-4e-06,-5.8e-05,-0.001949,-0.002465,0.0,-0.001806,-0.002089,-0.003898,-0.004006,-0.0,-0.004099,-2.7e-05,-0.00307,-0.000569,0.0,-0.000501,-0.004774,-0.00227,-0.003135,-0.002836,-0.00415,-0.000598,-0.000347,-0.000448,-1.8e-05,-0.000205,-0.001807,-0.002106,-0.002071
2017-05-28 18:12:00+02:00,-2e-06,0.0,-0.000248,-0.002086,-0.000115,-5e-05,-0.000192,-0.000341,-0.00121,-4.4e-05,-1.3e-05,-6e-06,-0.001489,-0.001518,-0.001256,-0.002843,-8.9e-05,-3e-06,-5.9e-05,-0.002969,0.0,-0.002975,-0.001107,-1.3e-05,-0.002938,-0.002975,-0.000283,0.0,-0.000326,-3.1e-05,-5e-06,-0.00146,0.0,-0.001518,-0.001545,-5e-06,-0.000737,-0.000978,0.0,-0.002969,-0.000464,-1.3e-05,-0.001307,0.0,-0.000102,-0.000909,-0.000398,-0.000782,-0.000714,0.0,-1.9e-05,-0.001398,-0.001489,-0.001518,-7e-06,0.0,-0.000132,-1.1e-05,0.0,-0.000419,-0.001238,-0.002975,-0.001895,0.0,-0.000301,-0.002975,-0.00012,-0.000839,0.0,-0.000155,-0.000622,-4.1e-05,-2.3e-05,-0.001518,-0.001545,0.0,-0.000102,-8e-06,-0.000761,-1.3e-05,-0.00127,-1e-06,-0.001033,-0.002955,-6.4e-05,-0.000109,-0.001266,-3e-06,-1.3e-05,-3e-06,-4.7e-05,-0.00146,-0.001489,0.0,-0.001444,-0.001671,-0.002924,-0.002943,-0.0,-0.002969,-2.2e-05,-0.002456,-0.000456,0.0,-0.000401,-0.002975,-0.00146,-0.002508,-0.002269,-0.002969,-0.000478,-0.000277,-0.000358,-1.4e-05,-0.000164,-0.001445,-0.001685,-0.001431
2017-05-28 18:13:00+02:00,-2e-06,0.0,-0.000199,-0.001669,-9.2e-05,-4e-05,-0.000153,-0.000273,-0.000968,-3.5e-05,-1e-05,-5e-06,-0.001191,-0.001214,-0.001005,-0.002275,-7.1e-05,-2e-06,-4.7e-05,-0.002375,0.0,-0.00238,-0.000886,-1e-05,-0.00235,-0.00238,-0.000227,0.0,-0.000261,-2.5e-05,-4e-06,-0.001168,0.0,-0.001214,-0.001236,-4e-06,-0.00059,-0.000782,0.0,-0.002375,-0.000371,-1e-05,-0.001046,0.0,-8.1e-05,-0.000727,-0.000318,-0.000626,-0.000571,0.0,-1.5e-05,-0.001119,-0.001191,-0.001214,-5e-06,0.0,-0.000105,-9e-06,0.0,-0.000335,-0.000991,-0.00238,-0.001516,0.0,-0.000241,-0.00238,-9.6e-05,-0.000671,0.0,-0.000124,-0.000498,-3.3e-05,-1.8e-05,-0.001214,-0.001236,0.0,-8.2e-05,-6e-06,-0.000609,-1e-05,-0.001016,-1e-06,-0.000826,-0.002364,-5.1e-05,-8.7e-05,-0.001013,-3e-06,-1e-05,-2e-06,-3.7e-05,-0.001168,-0.001191,0.0,-0.001156,-0.001337,-0.002339,-0.002355,-0.0,-0.002375,-1.7e-05,-0.001965,-0.000364,0.0,-0.000321,-0.00238,-0.001168,-0.002007,-0.001815,-0.002375,-0.000383,-0.000222,-0.000287,-1.1e-05,-0.000131,-0.001156,-0.001348,-0.001145
2017-05-28 18:14:00+02:00,-1e-06,0.0,-0.000159,-0.001335,-7.4e-05,-3.2e-05,-0.000123,-0.000218,-0.000774,-2.8e-05,-8e-06,-4e-06,-0.000953,-0.000971,-0.000804,-0.00182,-5.7e-05,-2e-06,-3.8e-05,-0.0019,0.0,-0.001904,-0.000709,-8e-06,-0.00188,-0.001904,-0.000181,0.0,-0.000209,-2e-05,-3e-06,-0.000935,0.0,-0.000971,-0.000989,-3e-06,-0.000472,-0.000626,0.0,-0.0019,-0.000297,-8e-06,-0.000837,0.0,-6.5e-05,-0.000582,-0.000255,-0.0005,-0.000457,0.0,-1.2e-05,-0.000895,-0.000953,-0.000971,-4e-06,0.0,-8.4e-05,-7e-06,0.0,-0.000268,-0.000792,-0.001904,-0.001213,0.0,-0.000193,-0.001904,-7.7e-05,-0.000537,0.0,-9.9e-05,-0.000398,-2.6e-05,-1.5e-05,-0.000971,-0.000989,0.0,-6.5e-05,-5e-06,-0.000487,-8e-06,-0.000813,-1e-06,-0.000661,-0.001891,-4.1e-05,-7e-05,-0.00081,-2e-06,-8e-06,-2e-06,-3e-05,-0.000935,-0.000953,0.0,-0.000924,-0.001069,-0.001871,-0.001884,-0.0,-0.0019,-1.4e-05,-0.001572,-0.000292,0.0,-0.000257,-0.001904,-0.000935,-0.001605,-0.001452,-0.0019,-0.000306,-0.000178,-0.000229,-9e-06,-0.000105,-0.000925,-0.001078,-0.000916
2017-05-28 18:15:00+02:00,-1e-06,0.0,-0.000127,-0.001068,-5.9e-05,-2.5e-05,-9.8e-05,-0.000175,-0.000619,-2.2e-05,-6e-06,-3e-06,-0.000762,-0.000777,-0.000643,-0.001456,-4.6e-05,-1e-06,-3e-05,-0.00152,0.0,-0.001523,-0.000567,-7e-06,-0.001504,-0.001523,-0.000145,0.0,-0.000167,-1.6e-05,-3e-06,-0.000748,0.0,-0.000777,-0.000791,-2e-06,-0.000377,-0.000501,0.0,-0.00152,-0.000238,-7e-06,-0.000669,0.0,-5.2e-05,-0.000465,-0.000204,-0.0004,-0.000366,0.0,-1e-05,-0.000716,-0.000762,-0.000777,-3e-06,0.0,-6.7e-05,-6e-06,0.0,-0.000215,-0.000634,-0.001523,-0.00097,0.0,-0.000154,-0.001523,-6.1e-05,-0.00043,0.0,-7.9e-05,-0.000319,-2.1e-05,-1.2e-05,-0.000777,-0.000791,0.0,-5.2e-05,-4e-06,-0.00039,-6e-06,-0.00065,-1e-06,-0.000529,-0.001513,-3.3e-05,-5.6e-05,-0.000648,-2e-06,-6e-06,-1e-06,-2.4e-05,-0.000748,-0.000762,0.0,-0.00074,-0.000856,-0.001497,-0.001507,-0.0,-0.00152,-1.1e-05,-0.001258,-0.000233,0.0,-0.000205,-0.001523,-0.000748,-0.001284,-0.001162,-0.00152,-0.000245,-0.000142,-0.000183,-7e-06,-8.4e-05,-0.00074,-0.000863,-0.000733
2017-05-28 18:16:00+02:00,-1e-06,0.0,-0.000102,-0.000854,-4.7e-05,-2e-05,-7.8e-05,-0.00014,-0.000495,-1.8e-05,-5e-06,-2e-06,-0.00061,-0.000622,-0.000515,-0.001165,-3.7e-05,-1e-06,-2.4e-05,-0.001216,0.0,-0.001218,-0.000454,-5e-06,-0.001203,-0.001218,-0.000116,0.0,-0.000134,-1.3e-05,-2e-06,-0.000598,0.0,-0.000622,-0.000633,-2e-06,-0.000302,-0.0004,0.0,-0.001216,-0.00019,-5e-06,-0.000535,0.0,-4.2e-05,-0.000372,-0.000163,-0.00032,-0.000292,0.0,-8e-06,-0.000573,-0.00061,-0.000622,-3e-06,0.0,-5.4e-05,-5e-06,0.0,-0.000172,-0.000507,-0.001218,-0.000776,0.0,-0.000123,-0.001218,-4.9e-05,-0.000344,0.0,-6.3e-05,-0.000255,-1.7e-05,-9e-06,-0.000622,-0.000633,0.0,-4.2e-05,-3e-06,-0.000312,-5e-06,-0.00052,-0.0,-0.000423,-0.001211,-2.6e-05,-4.5e-05,-0.000519,-1e-06,-5e-06,-1e-06,-1.9e-05,-0.000598,-0.00061,0.0,-0.000592,-0.000684,-0.001198,-0.001206,-0.0,-0.001216,-9e-06,-0.001006,-0.000187,0.0,-0.000164,-0.001218,-0.000598,-0.001027,-0.000929,-0.001216,-0.000196,-0.000114,-0.000147,-6e-06,-6.7e-05,-0.000592,-0.00069,-0.000586
2017-05-28 18:17:00+02:00,-1e-06,0.0,-8.1e-05,-0.000684,-3.8e-05,-1.6e-05,-6.3e-05,-0.000112,-0.000396,-1.4e-05,-4e-06,-2e-06,-0.000488,-0.000497,-0.000412,-0.000932,-2.9e-05,-1e-06,-1.9e-05,-0.000973,0.0,-0.000975,-0.000363,-4e-06,-0.000963,-0.000975,-9.3e-05,0.0,-0.000107,-1e-05,-2e-06,-0.000478,0.0,-0.000497,-0.000506,-2e-06,-0.000242,-0.00032,0.0,-0.000973,-0.000152,-4e-06,-0.000428,0.0,-3.3e-05,-0.000298,-0.00013,-0.000256,-0.000234,0.0,-6e-06,-0.000458,-0.000488,-0.000497,-2e-06,0.0,-4.3e-05,-4e-06,0.0,-0.000137,-0.000406,-0.000975,-0.000621,0.0,-9.9e-05,-0.000975,-3.9e-05,-0.000275,0.0,-5.1e-05,-0.000204,-1.3e-05,-8e-06,-0.000497,-0.000506,0.0,-3.3e-05,-2e-06,-0.000249,-4e-06,-0.000416,-0.0,-0.000339,-0.000968,-2.1e-05,-3.6e-05,-0.000415,-1e-06,-4e-06,-1e-06,-1.5e-05,-0.000478,-0.000488,0.0,-0.000473,-0.000548,-0.000958,-0.000964,-0.0,-0.000973,-7e-06,-0.000805,-0.000149,0.0,-0.000131,-0.000975,-0.000478,-0.000822,-0.000743,-0.000973,-0.000157,-9.1e-05,-0.000117,-5e-06,-5.4e-05,-0.000474,-0.000552,-0.000469
2017-05-28 18:18:00+02:00,-1e-06,0.0,-6.5e-05,-0.000547,-3e-05,-1.3e-05,-5e-05,-8.9e-05,-0.000317,-1.2e-05,-3e-06,-1e-06,-0.00039,-0.000398,-0.000329,-0.000745,-2.3e-05,-1e-06,-1.6e-05,-0.000778,0.0,-0.00078,-0.00029,-3e-06,-0.00077,-0.00078,-7.4e-05,0.0,-8.6e-05,-8e-06,-1e-06,-0.000383,0.0,-0.000398,-0.000405,-1e-06,-0.000193,-0.000256,0.0,-0.000778,-0.000122,-3e-06,-0.000343,0.0,-2.7e-05,-0.000238,-0.000104,-0.000205,-0.000187,0.0,-5e-06,-0.000367,-0.00039,-0.000398,-2e-06,0.0,-3.5e-05,-3e-06,0.0,-0.00011,-0.000325,-0.00078,-0.000497,0.0,-7.9e-05,-0.00078,-3.1e-05,-0.00022,0.0,-4.1e-05,-0.000163,-1.1e-05,-6e-06,-0.000398,-0.000405,0.0,-2.7e-05,-2e-06,-0.000199,-3e-06,-0.000333,-0.0,-0.000271,-0.000775,-1.7e-05,-2.9e-05,-0.000332,-1e-06,-3e-06,-1e-06,-1.2e-05,-0.000383,-0.00039,0.0,-0.000379,-0.000438,-0.000766,-0.000772,-0.0,-0.000778,-6e-06,-0.000644,-0.000119,0.0,-0.000105,-0.00078,-0.000383,-0.000658,-0.000595,-0.000778,-0.000125,-7.3e-05,-9.4e-05,-4e-06,-4.3e-05,-0.000379,-0.000442,-0.000375
2017-05-28 18:19:00+02:00,-0.0,0.0,-5.2e-05,-0.00054,-2.4e-05,-1e-05,-4e-05,-7.2e-05,-0.00027,-9e-06,-3e-06,-1e-06,-0.000404,-0.000391,-0.000263,-0.000786,-1.9e-05,-1e-06,-1.2e-05,-0.000864,0.0,-0.000864,-0.000232,-3e-06,-0.000683,-0.000869,-5.9e-05,0.0,-6.8e-05,-6e-06,-1e-06,-0.000333,0.0,-0.00034,-0.00037,-1e-06,-0.000155,-0.000205,0.0,-0.000691,-9.7e-05,-3e-06,-0.00031,0.0,-2.1e-05,-0.000191,-8.7e-05,-0.000197,-0.00015,0.0,-4e-06,-0.000391,-0.000417,-0.000422,-1e-06,0.0,-2.8e-05,-2e-06,0.0,-8.8e-05,-0.000339,-0.000672,-0.000475,0.0,-6.3e-05,-0.000835,-2.5e-05,-0.000213,0.0,-3.2e-05,-0.000148,-9e-06,-5e-06,-0.000462,-0.00039,0.0,-2.1e-05,-2e-06,-0.00016,-3e-06,-0.00034,-0.0,-0.000217,-0.000668,-1.3e-05,-2.3e-05,-0.000287,-1e-06,-3e-06,-1e-06,-1e-05,-0.000412,-0.000393,0.0,-0.000387,-0.00035,-0.000838,-0.000854,-0.0,-0.000671,-5e-06,-0.000659,-0.000106,0.0,-8.4e-05,-0.000791,-0.00038,-0.000526,-0.000598,-0.000874,-0.0001,-5.8e-05,-7.5e-05,-3e-06,-3.4e-05,-0.000353,-0.000405,-0.000351
2017-05-28 18:20:00+02:00,-0.0,0.0,-0.000208,-0.000883,-9.9e-05,-4.4e-05,-5.8e-05,-9.8e-05,-0.000331,-3.8e-05,-2e-06,-1e-06,-0.000703,-0.0007,-0.000424,-0.00121,-0.000103,-0.0,-6.3e-05,-0.001282,0.0,-0.001284,-0.000427,-2e-06,-0.001039,-0.001351,-8e-05,0.0,-0.000115,-2.8e-05,-1e-06,-0.000501,0.0,-0.000571,-0.000674,-1e-06,-0.000265,-0.000375,0.0,-0.001099,-0.000164,-2e-06,-0.000573,0.0,-8.7e-05,-0.000424,-0.00012,-0.000244,-0.00019,0.0,-1e-05,-0.000568,-0.00065,-0.000767,-1e-06,0.0,-0.000145,-2e-06,0.0,-0.000202,-0.000476,-0.001056,-0.000806,0.0,-0.000217,-0.001277,-3.9e-05,-0.000261,0.0,-6.4e-05,-0.000245,-4.5e-05,-4e-06,-0.00073,-0.000723,0.0,-0.000112,-1e-06,-0.000314,-2e-06,-0.00049,-0.0,-0.000463,-0.001036,-4.7e-05,-0.000131,-0.000323,-1e-06,-4e-06,-0.0,-3.5e-05,-0.000622,-0.000677,0.0,-0.000646,-0.000552,-0.001261,-0.001303,-0.0,-0.001031,-1.5e-05,-0.001047,-0.000144,0.0,-0.000133,-0.001325,-0.000617,-0.000787,-0.000955,-0.001359,-0.000169,-0.000102,-0.000137,-2e-06,-0.000132,-0.00063,-0.000718,-0.000523
2017-05-28 18:21:00+02:00,-0.0,0.0,-0.000254,-0.001064,-8.6e-05,-3.5e-05,-5.9e-05,-0.000103,-0.000357,-3.8e-05,-2e-06,-1e-06,-0.000891,-0.000893,-0.000498,-0.001447,-0.000103,-0.0,-5.1e-05,-0.001512,0.0,-0.001516,-0.000496,-2e-06,-0.001241,-0.001631,-8.3e-05,0.0,-0.000131,-2.4e-05,-1e-06,-0.000593,0.0,-0.000701,-0.000858,-1e-06,-0.000288,-0.000431,0.0,-0.001339,-0.000184,-2e-06,-0.000692,0.0,-7e-05,-0.000523,-0.000131,-0.000261,-0.000203,0.0,-8e-06,-0.000659,-0.00078,-0.000988,-1e-06,0.0,-0.000168,-2e-06,0.0,-0.000211,-0.000545,-0.001276,-0.000977,0.0,-0.000264,-0.001528,-3.8e-05,-0.00028,0.0,-6.5e-05,-0.000287,-3.8e-05,-3e-06,-0.00088,-0.000928,0.0,-0.000114,-1e-06,-0.000356,-2e-06,-0.000569,-0.0,-0.000571,-0.001248,-3.8e-05,-0.00014,-0.000336,-0.0,-3e-06,-0.0,-2.8e-05,-0.000739,-0.000854,0.0,-0.000787,-0.000635,-0.001503,-0.001563,-0.0,-0.001232,-1.2e-05,-0.001257,-0.000157,0.0,-0.000146,-0.001663,-0.000763,-0.000919,-0.001146,-0.001641,-0.00019,-0.000117,-0.00016,-2e-06,-0.000132,-0.000758,-0.000874,-0.000623
2017-05-28 18:22:00+02:00,-0.0,0.0,-0.000235,-0.001135,-6.8e-05,-2.8e-05,-5.2e-05,-9.7e-05,-0.00036,-3.1e-05,-1e-06,-1e-06,-0.000994,-0.000995,-0.000511,-0.001553,-8.2e-05,-0.0,-4e-05,-0.001622,0.0,-0.001626,-0.000486,-1e-06,-0.001332,-0.001766,-7.7e-05,0.0,-0.000131,-1.9e-05,-1e-06,-0.000631,0.0,-0.000759,-0.000951,-1e-06,-0.000255,-0.000415,0.0,-0.001456,-0.000176,-1e-06,-0.000728,0.0,-5.6e-05,-0.000538,-0.000131,-0.000263,-0.000199,0.0,-7e-06,-0.000698,-0.000838,-0.001111,-1e-06,0.0,-0.000139,-1e-06,0.0,-0.000169,-0.000572,-0.001378,-0.00104,0.0,-0.000249,-0.001643,-3e-05,-0.000282,0.0,-5.2e-05,-0.000297,-3e-05,-2e-06,-0.000952,-0.001037,0.0,-9.1e-05,-1e-06,-0.000329,-1e-06,-0.0006,-0.0,-0.000593,-0.001345,-3e-05,-0.000112,-0.000335,-0.0,-2e-06,-0.0,-2.2e-05,-0.000791,-0.000949,0.0,-0.000845,-0.000637,-0.001616,-0.001687,-0.0,-0.001319,-9e-06,-0.001347,-0.000157,0.0,-0.000138,-0.001851,-0.00084,-0.00096,-0.001224,-0.001779,-0.000183,-0.000115,-0.000161,-2e-06,-0.000105,-0.000798,-0.000927,-0.000672
2017-05-28 18:23:00+02:00,-0.0,0.0,-0.000188,-0.001135,-5.5e-05,-2.3e-05,-4.2e-05,-8.2e-05,-0.000342,-2.5e-05,-1e-06,-0.0,-0.001019,-0.001014,-0.000467,-0.001575,-6.6e-05,-0.0,-3.2e-05,-0.001651,0.0,-0.001655,-0.000418,-1e-06,-0.001314,-0.00181,-6.3e-05,0.0,-0.000119,-1.5e-05,-0.0,-0.000618,0.0,-0.000747,-0.000959,-0.0,-0.000204,-0.000347,0.0,-0.001453,-0.000148,-1e-06,-0.000702,0.0,-4.5e-05,-0.000495,-0.000123,-0.000255,-0.000179,0.0,-5e-06,-0.000702,-0.000849,-0.001143,-1e-06,0.0,-0.000111,-1e-06,0.0,-0.000135,-0.000571,-0.001366,-0.001032,0.0,-0.0002,-0.001672,-2.4e-05,-0.000274,0.0,-4.2e-05,-0.000285,-2.4e-05,-2e-06,-0.000974,-0.001056,0.0,-7.3e-05,-1e-06,-0.000263,-1e-06,-0.0006,-0.0,-0.000557,-0.001332,-2.4e-05,-8.9e-05,-0.000319,-0.0,-2e-06,-0.0,-1.8e-05,-0.000803,-0.000968,0.0,-0.00085,-0.000561,-0.00165,-0.001726,-0.0,-0.001296,-7e-06,-0.001357,-0.000148,0.0,-0.000115,-0.001894,-0.000853,-0.000912,-0.001228,-0.001826,-0.000155,-0.000102,-0.000147,-1e-06,-8.4e-05,-0.000775,-0.000912,-0.000672
2017-05-28 18:24:00+02:00,-0.0,0.0,-0.00015,-0.001135,-4.4e-05,-1.8e-05,-3.3e-05,-7e-05,-0.000326,-2e-05,-1e-06,-0.0,-0.001037,-0.001029,-0.000433,-0.001591,-5.3e-05,-0.0,-2.6e-05,-0.001672,0.0,-0.001676,-0.000361,-1e-06,-0.001297,-0.001844,-5.2e-05,0.0,-0.00011,-1.2e-05,-0.0,-0.000605,0.0,-0.000738,-0.000966,-0.0,-0.000163,-0.000289,0.0,-0.001453,-0.000124,-1e-06,-0.000681,0.0,-3.6e-05,-0.000463,-0.000117,-0.000247,-0.000163,0.0,-4e-06,-0.000702,-0.000856,-0.001168,-0.0,0.0,-8.9e-05,-1e-06,0.0,-0.000108,-0.000568,-0.001357,-0.001028,0.0,-0.00016,-0.001693,-2e-05,-0.000267,0.0,-3.3e-05,-0.000275,-1.9e-05,-2e-06,-0.000988,-0.001071,0.0,-5.8e-05,-1e-06,-0.00021,-1e-06,-0.000599,-0.0,-0.00053,-0.001323,-1.9e-05,-7.2e-05,-0.000307,-0.0,-1e-06,-0.0,-1.4e-05,-0.00081,-0.000983,0.0,-0.000854,-0.000503,-0.001674,-0.001755,-0.0,-0.001276,-6e-06,-0.001365,-0.00014,0.0,-9.6e-05,-0.00193,-0.000862,-0.000875,-0.001231,-0.001861,-0.000132,-9.3e-05,-0.000136,-1e-06,-6.7e-05,-0.000757,-0.000902,-0.000672
2017-05-28 18:25:00+02:00,-0.0,0.0,-0.00012,-0.001109,-3.5e-05,-1.5e-05,-2.7e-05,-5.7e-05,-0.000307,-1.6e-05,-1e-06,-0.0,-0.001032,-0.00102,-0.000388,-0.001574,-4.2e-05,-0.0,-2.1e-05,-0.001665,0.0,-0.00167,-0.000299,-1e-06,-0.001256,-0.001839,-4.2e-05,0.0,-9.8e-05,-1e-05,-0.0,-0.000581,0.0,-0.000711,-0.000949,-0.0,-0.00013,-0.000231,0.0,-0.001421,-9.9e-05,-1e-06,-0.000649,0.0,-2.9e-05,-0.000415,-0.000109,-0.000238,-0.000145,0.0,-3e-06,-0.000692,-0.000845,-0.001165,-0.0,0.0,-7.1e-05,-1e-06,0.0,-8.6e-05,-0.000557,-0.00132,-0.000997,0.0,-0.000128,-0.001679,-1.6e-05,-0.000258,0.0,-2.7e-05,-0.00026,-1.5e-05,-1e-06,-0.000985,-0.00106,0.0,-4.7e-05,-0.0,-0.000168,-1e-06,-0.000586,-0.0,-0.000485,-0.001286,-1.6e-05,-5.7e-05,-0.000293,-0.0,-1e-06,-0.0,-1.1e-05,-0.0008,-0.000975,0.0,-0.000837,-0.000433,-0.001665,-0.001748,-0.0,-0.001231,-5e-06,-0.001343,-0.000132,0.0,-7.7e-05,-0.001922,-0.000852,-0.000821,-0.001206,-0.001857,-0.000107,-8e-05,-0.000122,-1e-06,-5.4e-05,-0.000726,-0.000867,-0.000658
2017-05-28 18:26:00+02:00,-0.0,0.0,-9.6e-05,-0.001106,-2.8e-05,-1.2e-05,-2.1e-05,-5.1e-05,-0.000294,-1.3e-05,-1e-06,-0.0,-0.00104,-0.001024,-0.000364,-0.001582,-3.4e-05,-0.0,-1.7e-05,-0.001683,0.0,-0.001688,-0.000273,-1e-06,-0.001247,-0.001858,-3.6e-05,0.0,-9e-05,-8e-06,-0.0,-0.000572,0.0,-0.000704,-0.00095,-0.0,-0.000104,-0.000203,0.0,-0.001413,-8.7e-05,-1e-06,-0.000641,0.0,-2.3e-05,-0.000391,-0.000103,-0.000231,-0.000133,0.0,-3e-06,-0.000693,-0.000848,-0.001178,-0.0,0.0,-5.7e-05,-1e-06,0.0,-6.9e-05,-0.000555,-0.001308,-0.000991,0.0,-0.000102,-0.00169,-1.2e-05,-0.00025,0.0,-2.1e-05,-0.000254,-1.2e-05,-1e-06,-0.000997,-0.001065,0.0,-3.7e-05,-0.0,-0.000135,-1e-06,-0.000582,-0.0,-0.000464,-0.001275,-1.2e-05,-4.6e-05,-0.000281,-0.0,-1e-06,-0.0,-9e-06,-0.000802,-0.00098,0.0,-0.000838,-0.000392,-0.001677,-0.001764,-0.0,-0.001217,-4e-06,-0.001345,-0.000126,0.0,-6.7e-05,-0.001938,-0.000853,-0.000794,-0.001204,-0.001877,-9.6e-05,-7.3e-05,-0.000115,-1e-06,-4.3e-05,-0.00072,-0.000857,-0.000652
2017-05-28 18:27:00+02:00,-0.0,0.0,-8.6e-05,-0.001141,-2.2e-05,-9e-06,-1.9e-05,-5.1e-05,-0.000287,-1e-05,-0.0,-0.0,-0.001033,-0.001018,-0.000357,-0.001621,-2.7e-05,-0.0,-1.3e-05,-0.001675,0.0,-0.00168,-0.000283,-0.0,-0.001242,-0.001902,-3.6e-05,0.0,-9.3e-05,-6e-06,-0.0,-0.000564,0.0,-0.000699,-0.000946,-0.0,-8.3e-05,-0.00021,0.0,-0.001406,-8.9e-05,-0.0,-0.000644,0.0,-1.8e-05,-0.000417,-0.000106,-0.000226,-0.000127,0.0,-2e-06,-0.000683,-0.000863,-0.001172,-0.0,0.0,-4.6e-05,-0.0,0.0,-5.5e-05,-0.000545,-0.001302,-0.001025,0.0,-9.8e-05,-0.001731,-1e-05,-0.000245,0.0,-1.7e-05,-0.000252,-1e-05,-1e-06,-0.000989,-0.001059,0.0,-3e-05,-0.0,-0.000132,-0.0,-0.000588,-0.0,-0.000491,-0.001268,-1e-05,-3.7e-05,-0.000274,-0.0,-1e-06,-0.0,-7e-06,-0.000813,-0.000973,0.0,-0.000859,-0.000383,-0.001711,-0.001803,-0.0,-0.001211,-3e-06,-0.001383,-0.000124,0.0,-6.7e-05,-0.001935,-0.000844,-0.000784,-0.001238,-0.001921,-9.7e-05,-7.6e-05,-0.000114,-0.0,-3.5e-05,-0.000722,-0.000889,-0.000642
2017-05-28 18:28:00+02:00,-0.0,0.0,-6.9e-05,-0.00102,-1.8e-05,-7e-06,-1.5e-05,-4e-05,-0.000243,-8e-06,-0.0,-0.0,-0.00091,-0.000884,-0.000286,-0.001485,-2.2e-05,-0.0,-1.1e-05,-0.001513,0.0,-0.001518,-0.000226,-0.0,-0.00106,-0.001762,-2.9e-05,0.0,-7.5e-05,-5e-06,-0.0,-0.000476,0.0,-0.000584,-0.000806,-0.0,-6.7e-05,-0.000168,0.0,-0.001199,-7.1e-05,-0.0,-0.000523,0.0,-1.5e-05,-0.000333,-8.9e-05,-0.0002,-0.000102,0.0,-2e-06,-0.000609,-0.000788,-0.001033,-0.0,0.0,-3.6e-05,-0.0,0.0,-4.4e-05,-0.000485,-0.001099,-0.000904,0.0,-7.8e-05,-0.001593,-8e-06,-0.000218,0.0,-1.4e-05,-0.000207,-8e-06,-1e-06,-0.00089,-0.000913,0.0,-2.4e-05,-0.0,-0.000105,-0.0,-0.000535,-0.0,-0.000393,-0.001071,-8e-06,-2.9e-05,-0.000239,-0.0,-1e-06,-0.0,-6e-06,-0.000747,-0.000852,0.0,-0.000772,-0.000307,-0.001583,-0.001669,-0.0,-0.00102,-2e-06,-0.001252,-0.000103,0.0,-5.4e-05,-0.001708,-0.000741,-0.000627,-0.001114,-0.001781,-7.8e-05,-6.1e-05,-9.1e-05,-0.0,-2.8e-05,-0.000597,-0.000771,-0.000558
2017-05-28 18:29:00+02:00,-0.0,0.0,-5.5e-05,-0.000915,-1.4e-05,-6e-06,-1.2e-05,-3.2e-05,-0.000202,-6e-06,-0.0,-0.0,-0.000799,-0.000761,-0.000229,-0.001372,-1.7e-05,-0.0,-8e-06,-0.001367,0.0,-0.00137,-0.000181,-0.0,-0.000889,-0.001649,-2.3e-05,0.0,-6e-05,-4e-06,-0.0,-0.000394,0.0,-0.000475,-0.000676,-0.0,-5.3e-05,-0.000134,0.0,-0.001005,-5.7e-05,-0.0,-0.000418,0.0,-1.2e-05,-0.000267,-7.3e-05,-0.000173,-8.2e-05,0.0,-1e-06,-0.000542,-0.000727,-0.000908,-0.0,0.0,-2.9e-05,-0.0,0.0,-3.5e-05,-0.00043,-0.000908,-0.000798,0.0,-6.3e-05,-0.001479,-6e-06,-0.00019,0.0,-1.1e-05,-0.000166,-6e-06,-1e-06,-0.000801,-0.000779,0.0,-1.9e-05,-0.0,-8.4e-05,-0.0,-0.00049,-0.0,-0.000314,-0.000886,-6e-06,-2.3e-05,-0.000204,-0.0,-0.0,-0.0,-5e-06,-0.000693,-0.000743,0.0,-0.000698,-0.000245,-0.00148,-0.001562,-0.0,-0.00084,-2e-06,-0.001142,-8.3e-05,0.0,-4.3e-05,-0.001501,-0.000647,-0.000502,-0.001008,-0.001669,-6.2e-05,-4.9e-05,-7.3e-05,-0.0,-2.2e-05,-0.000478,-0.000664,-0.000482
2017-05-28 18:30:00+02:00,-0.0,0.0,-4.4e-05,-0.000949,-1.1e-05,-5e-06,-1e-05,-2.8e-05,-0.000196,-5e-06,-0.0,-0.0,-0.000804,-0.000768,-0.000215,-0.001412,-1.4e-05,-0.0,-7e-06,-0.001375,0.0,-0.001378,-0.000161,-0.0,-0.0009,-0.001692,-1.9e-05,0.0,-6e-05,-3e-06,-0.0,-0.000395,0.0,-0.000481,-0.000685,-0.0,-4.3e-05,-0.00011,0.0,-0.001016,-4.7e-05,-0.0,-0.000424,0.0,-9e-06,-0.000281,-7.5e-05,-0.000168,-7.5e-05,0.0,-1e-06,-0.000539,-0.000744,-0.000917,-0.0,0.0,-2.3e-05,-0.0,0.0,-2.8e-05,-0.000425,-0.000919,-0.000832,0.0,-5e-05,-0.00152,-5e-06,-0.000184,0.0,-9e-06,-0.000165,-5e-06,-0.0,-0.000805,-0.000788,0.0,-1.5e-05,-0.0,-6.7e-05,-0.0,-0.000496,-0.0,-0.000335,-0.000896,-5e-06,-1.9e-05,-0.000198,-0.0,-0.0,-0.0,-4e-06,-0.000704,-0.000747,0.0,-0.000723,-0.000216,-0.001512,-0.001599,-0.0,-0.00085,-2e-06,-0.00118,-8e-05,0.0,-3.5e-05,-0.001517,-0.000647,-0.000499,-0.001042,-0.001711,-5.3e-05,-4.8e-05,-6.9e-05,-0.0,-1.8e-05,-0.000485,-0.000696,-0.000478
2017-05-28 18:31:00+02:00,-0.0,0.0,-3.5e-05,-0.0009,-9e-06,-4e-06,-8e-06,-2.2e-05,-0.000185,-4e-06,-0.0,-0.0,-0.000775,-0.000742,-0.000185,-0.00135,-1.1e-05,-0.0,-5e-06,-0.001336,0.0,-0.00134,-0.000128,-0.0,-0.000873,-0.001617,-1.5e-05,0.0,-5e-05,-3e-06,-0.0,-0.000379,0.0,-0.000465,-0.000668,-0.0,-3.4e-05,-8.8e-05,0.0,-0.00099,-3.8e-05,-0.0,-0.000395,0.0,-7e-06,-0.000229,-6.7e-05,-0.000156,-6.5e-05,0.0,-1e-06,-0.000517,-0.000708,-0.000886,-0.0,0.0,-1.9e-05,-0.0,0.0,-2.3e-05,-0.000406,-0.000899,-0.000783,0.0,-4e-05,-0.001454,-4e-06,-0.000174,0.0,-7e-06,-0.000153,-4e-06,-0.0,-0.00078,-0.000765,0.0,-1.2e-05,-0.0,-5.4e-05,-0.0,-0.000469,-0.0,-0.000287,-0.000877,-4e-06,-1.5e-05,-0.000187,-0.0,-0.0,-0.0,-3e-06,-0.000669,-0.000718,0.0,-0.000687,-0.000173,-0.001444,-0.001528,-0.0,-0.000825,-1e-06,-0.001124,-7.4e-05,0.0,-2.8e-05,-0.001469,-0.000621,-0.00047,-0.00099,-0.001637,-4.3e-05,-3.9e-05,-5.8e-05,-0.0,-1.4e-05,-0.000458,-0.000649,-0.000455
2017-05-28 18:32:00+02:00,-0.0,0.0,-2.8e-05,-0.000863,-7e-06,-3e-06,-6e-06,-1.8e-05,-0.000176,-3e-06,-0.0,-0.0,-0.000753,-0.000723,-0.000165,-0.0013,-9e-06,-0.0,-4e-06,-0.001308,0.0,-0.001312,-0.000103,-0.0,-0.000859,-0.001557,-1.2e-05,0.0,-4.2e-05,-2e-06,-0.0,-0.000369,0.0,-0.000457,-0.000658,-0.0,-2.7e-05,-7.1e-05,0.0,-0.000974,-3e-05,-0.0,-0.000376,0.0,-6e-06,-0.000192,-6.2e-05,-0.000148,-5.8e-05,0.0,-1e-06,-0.0005,-0.000679,-0.000863,-0.0,0.0,-1.5e-05,-0.0,0.0,-1.8e-05,-0.000391,-0.000888,-0.000747,0.0,-3.2e-05,-0.001401,-3e-06,-0.000165,0.0,-6e-06,-0.000144,-3e-06,-0.0,-0.000762,-0.000749,0.0,-1e-05,-0.0,-4.3e-05,-0.0,-0.000446,-0.0,-0.000253,-0.000866,-3e-06,-1.2e-05,-0.000177,-0.0,-0.0,-0.0,-2e-06,-0.000639,-0.000697,0.0,-0.000659,-0.000138,-0.001387,-0.00147,-0.0,-0.000811,-1e-06,-0.001082,-6.9e-05,0.0,-2.3e-05,-0.001434,-0.0006,-0.000452,-0.00095,-0.001577,-3.4e-05,-3.1e-05,-5.1e-05,-0.0,-1.1e-05,-0.000438,-0.000614,-0.000437
2017-05-28 18:33:00+02:00,-0.0,0.0,-2.3e-05,-0.000814,-6e-06,-2e-06,-5e-06,-1.4e-05,-0.000168,-3e-06,-0.0,-0.0,-0.000733,-0.000705,-0.000146,-0.001237,-7e-06,-0.0,-3e-06,-0.001279,0.0,-0.001283,-8.2e-05,-0.0,-0.000848,-0.001482,-1e-05,0.0,-3.4e-05,-2e-06,-0.0,-0.00036,0.0,-0.000448,-0.000647,-0.0,-2.2e-05,-5.6e-05,0.0,-0.000957,-2.4e-05,-0.0,-0.000349,0.0,-5e-06,-0.000154,-5.5e-05,-0.000139,-5.1e-05,0.0,-1e-06,-0.000483,-0.000643,-0.000842,-0.0,0.0,-1.2e-05,-0.0,0.0,-1.4e-05,-0.000375,-0.000876,-0.000699,0.0,-2.6e-05,-0.001333,-3e-06,-0.000157,0.0,-4e-06,-0.000133,-3e-06,-0.0,-0.000743,-0.000733,0.0,-8e-06,-0.0,-3.4e-05,-0.0,-0.000419,-0.0,-0.00021,-0.000854,-3e-06,-1e-05,-0.000169,-0.0,-0.0,-0.0,-2e-06,-0.000604,-0.000677,0.0,-0.000622,-0.00011,-0.001319,-0.001399,-0.0,-0.000798,-1e-06,-0.001026,-6.4e-05,0.0,-1.8e-05,-0.001401,-0.000581,-0.000434,-0.000898,-0.001503,-2.7e-05,-2.5e-05,-4.2e-05,-0.0,-9e-06,-0.000411,-0.000568,-0.00042
2017-05-28 18:34:00+02:00,-0.0,0.0,-1.8e-05,-0.000773,-5e-06,-2e-06,-4e-06,-1.1e-05,-0.000165,-2e-06,-0.0,-0.0,-0.000712,-0.000687,-0.000139,-0.001179,-6e-06,-0.0,-3e-06,-0.001267,0.0,-0.001272,-6.6e-05,-0.0,-0.000841,-0.001412,-8e-06,0.0,-2.8e-05,-1e-06,-0.0,-0.000353,0.0,-0.000442,-0.000636,-0.0,-1.7e-05,-4.5e-05,0.0,-0.000945,-1.9e-05,-0.0,-0.000345,0.0,-4e-06,-0.000127,-5.1e-05,-0.000138,-4.8e-05,0.0,-0.0,-0.000474,-0.000609,-0.000819,-0.0,0.0,-1e-05,-0.0,0.0,-1.2e-05,-0.000368,-0.000868,-0.000662,0.0,-2e-05,-0.001271,-2e-06,-0.000155,0.0,-4e-06,-0.00013,-2e-06,-0.0,-0.000731,-0.000718,0.0,-6e-06,-0.0,-2.8e-05,-0.0,-0.000396,-0.0,-0.000185,-0.000847,-2e-06,-8e-06,-0.000166,-0.0,-0.0,-0.0,-2e-06,-0.00057,-0.000657,0.0,-0.000589,-9.8e-05,-0.001255,-0.001333,-0.0,-0.000791,-1e-06,-0.000977,-6.3e-05,0.0,-1.4e-05,-0.001371,-0.000563,-0.000428,-0.000854,-0.001433,-2.2e-05,-2e-05,-3.9e-05,-0.0,-7e-06,-0.000408,-0.000534,-0.000405
2017-05-28 18:35:00+02:00,-0.0,0.0,-1.4e-05,-0.000646,-4e-06,-2e-06,-3e-06,-9e-06,-0.000144,-2e-06,-0.0,-0.0,-0.000636,-0.000606,-0.000111,-0.001028,-5e-06,-0.0,-2e-06,-0.001161,0.0,-0.001165,-5.3e-05,-0.0,-0.000741,-0.001244,-6e-06,0.0,-2.3e-05,-1e-06,-0.0,-0.000308,0.0,-0.000379,-0.000556,-0.0,-1.4e-05,-3.6e-05,0.0,-0.000827,-1.5e-05,-0.0,-0.000276,0.0,-3e-06,-0.000102,-4.1e-05,-0.000125,-3.9e-05,0.0,-0.0,-0.000428,-0.000529,-0.000732,-0.0,0.0,-8e-06,-0.0,0.0,-9e-06,-0.000332,-0.000756,-0.000538,0.0,-1.6e-05,-0.001113,-2e-06,-0.000141,0.0,-3e-06,-0.000104,-2e-06,-0.0,-0.000666,-0.000631,0.0,-5e-06,-0.0,-2.2e-05,-0.0,-0.000343,-0.0,-0.000148,-0.000737,-2e-06,-6e-06,-0.000147,-0.0,-0.0,-0.0,-1e-06,-0.000499,-0.000583,0.0,-0.000498,-7.9e-05,-0.001107,-0.001177,-0.0,-0.000687,-1e-06,-0.000837,-5.1e-05,0.0,-1.2e-05,-0.00123,-0.000501,-0.000342,-0.000724,-0.001266,-1.7e-05,-1.6e-05,-3.2e-05,-0.0,-6e-06,-0.000327,-0.000427,-0.000357
2017-05-28 18:36:00+02:00,-0.0,0.0,-1.2e-05,-0.000534,-3e-06,-1e-06,-3e-06,-7e-06,-0.000122,-1e-06,-0.0,-0.0,-0.000551,-0.000515,-8.9e-05,-0.00089,-4e-06,-0.0,-2e-06,-0.001055,0.0,-0.001058,-4.2e-05,-0.0,-0.000628,-0.001091,-5e-06,0.0,-1.8e-05,-1e-06,-0.0,-0.000257,0.0,-0.00031,-0.000465,-0.0,-1.1e-05,-2.9e-05,0.0,-0.000693,-1.2e-05,-0.0,-0.000221,0.0,-2e-06,-8.1e-05,-3.3e-05,-0.000112,-3.1e-05,0.0,-0.0,-0.000384,-0.000457,-0.000634,-0.0,0.0,-6e-06,-0.0,0.0,-7e-06,-0.000297,-0.000628,-0.00043,0.0,-1.3e-05,-0.000969,-1e-06,-0.000128,0.0,-2e-06,-8.3e-05,-1e-06,-0.0,-0.000601,-0.000532,0.0,-4e-06,-0.0,-1.8e-05,-0.0,-0.000296,-0.0,-0.000118,-0.000613,-1e-06,-5e-06,-0.000127,-0.0,-0.0,-0.0,-1e-06,-0.000434,-0.0005,0.0,-0.000417,-6.3e-05,-0.000973,-0.001034,-0.0,-0.000572,-0.0,-0.000711,-4.1e-05,0.0,-9e-06,-0.001068,-0.000431,-0.000274,-0.000608,-0.001113,-1.4e-05,-1.3e-05,-2.5e-05,-0.0,-5e-06,-0.000261,-0.000342,-0.000305
2017-05-28 18:37:00+02:00,-0.0,0.0,-9e-06,-0.000427,-2e-06,-1e-06,-2e-06,-6e-06,-9.8e-05,-1e-06,-0.0,-0.0,-0.000441,-0.000412,-7.1e-05,-0.00072,-3e-06,-0.0,-1e-06,-0.000931,0.0,-0.000933,-3.4e-05,-0.0,-0.000503,-0.000906,-4e-06,0.0,-1.4e-05,-1e-06,-0.0,-0.000206,0.0,-0.000248,-0.000372,-0.0,-9e-06,-2.3e-05,0.0,-0.000555,-1e-05,-0.0,-0.000177,0.0,-2e-06,-6.5e-05,-2.6e-05,-9.6e-05,-2.5e-05,0.0,-0.0,-0.000332,-0.00037,-0.000507,-0.0,0.0,-5e-06,-0.0,0.0,-6e-06,-0.000257,-0.000503,-0.000344,0.0,-1e-05,-0.000794,-1e-06,-0.000111,0.0,-2e-06,-6.6e-05,-1e-06,-0.0,-0.000526,-0.000426,0.0,-3e-06,-0.0,-1.4e-05,-0.0,-0.00024,-0.0,-9.4e-05,-0.000491,-1e-06,-4e-06,-0.000102,-0.0,-0.0,-0.0,-1e-06,-0.000357,-0.0004,0.0,-0.000333,-5e-05,-0.000812,-0.000863,-0.0,-0.000457,-0.0,-0.000569,-3.3e-05,0.0,-7e-06,-0.000854,-0.000345,-0.000219,-0.000486,-0.00093,-1.1e-05,-1e-05,-2e-05,-0.0,-4e-06,-0.000209,-0.000273,-0.000244
2017-05-28 18:38:00+02:00,-0.0,0.0,-7e-06,-0.000341,-2e-06,-1e-06,-2e-06,-5e-06,-8.2e-05,-1e-06,-0.0,-0.0,-0.000385,-0.000348,-5.7e-05,-0.000627,-2e-06,-0.0,-1e-06,-0.000867,0.0,-0.000868,-2.7e-05,-0.0,-0.000422,-0.000805,-3e-06,0.0,-1.2e-05,-1e-06,-0.0,-0.000169,0.0,-0.000199,-0.000306,-0.0,-7e-06,-1.8e-05,0.0,-0.000458,-8e-06,-0.0,-0.000141,0.0,-2e-06,-5.2e-05,-2.1e-05,-8.8e-05,-2e-05,0.0,-0.0,-0.000305,-0.000321,-0.000442,-0.0,0.0,-4e-06,-0.0,0.0,-5e-06,-0.000235,-0.000408,-0.000275,0.0,-8e-06,-0.000697,-1e-06,-0.000102,0.0,-1e-06,-5.3e-05,-1e-06,-0.0,-0.000486,-0.000356,0.0,-3e-06,-0.0,-1.1e-05,-0.0,-0.000208,-0.0,-7.6e-05,-0.000399,-1e-06,-3e-06,-8.7e-05,-0.0,-0.0,-0.0,-1e-06,-0.000314,-0.000344,0.0,-0.000273,-4e-05,-0.000722,-0.000769,-0.0,-0.000371,-0.0,-0.000478,-2.6e-05,0.0,-6e-06,-0.000748,-0.000299,-0.000175,-0.0004,-0.000829,-9e-06,-8e-06,-1.6e-05,-0.0,-3e-06,-0.000167,-0.000219,-0.000207
2017-05-28 18:39:00+02:00,-0.0,0.0,-6e-06,-0.000308,-2e-06,-1e-06,-1e-06,-4e-06,-7.7e-05,-1e-06,-0.0,-0.0,-0.00037,-0.000332,-4.6e-05,-0.000593,-2e-06,-0.0,-1e-06,-0.000848,0.0,-0.00085,-2.2e-05,-0.0,-0.000407,-0.000766,-3e-06,0.0,-9e-06,-0.0,-0.0,-0.000159,0.0,-0.000185,-0.00029,-0.0,-6e-06,-1.5e-05,0.0,-0.000435,-6e-06,-0.0,-0.000113,0.0,-1e-06,-4.2e-05,-1.7e-05,-8.5e-05,-1.6e-05,0.0,-0.0,-0.000294,-0.000301,-0.000427,-0.0,0.0,-3e-06,-0.0,0.0,-4e-06,-0.000226,-0.000387,-0.000236,0.0,-7e-06,-0.000661,-1e-06,-9.9e-05,0.0,-1e-06,-4.5e-05,-1e-06,-0.0,-0.000473,-0.000339,0.0,-2e-06,-0.0,-9e-06,-0.0,-0.000194,-0.0,-6e-05,-0.000378,-1e-06,-3e-06,-8.4e-05,-0.0,-0.0,-0.0,-0.0,-0.000295,-0.000329,0.0,-0.000249,-3.2e-05,-0.000687,-0.000732,-0.0,-0.000352,-0.0,-0.000445,-2.3e-05,0.0,-5e-06,-0.000726,-0.000286,-0.00014,-0.000367,-0.00079,-7e-06,-6e-06,-1.3e-05,-0.0,-2e-06,-0.000144,-0.000175,-0.000196
2017-05-28 18:40:00+02:00,-0.0,0.0,-5e-06,-0.000329,-1e-06,-1e-06,-1e-06,-3e-06,-7.9e-05,-1e-06,-0.0,-0.0,-0.000374,-0.000338,-3.6e-05,-0.00062,-1e-06,-0.0,-1e-06,-0.00087,0.0,-0.000873,-1.7e-05,-0.0,-0.000429,-0.000792,-2e-06,0.0,-7e-06,-0.0,-0.0,-0.000165,0.0,-0.000193,-0.000299,-0.0,-5e-06,-1.2e-05,0.0,-0.000451,-5e-06,-0.0,-0.000116,0.0,-1e-06,-3.3e-05,-1.6e-05,-8.6e-05,-1.3e-05,0.0,-0.0,-0.000299,-0.000311,-0.000433,-0.0,0.0,-3e-06,-0.0,0.0,-3e-06,-0.000228,-0.000404,-0.000253,0.0,-5e-06,-0.000688,-1e-06,-0.0001,0.0,-1e-06,-4.5e-05,-1e-06,-0.0,-0.000483,-0.000347,0.0,-2e-06,-0.0,-7e-06,-0.0,-0.000198,-0.0,-4.8e-05,-0.000395,-1e-06,-2e-06,-8.5e-05,-0.0,-0.0,-0.0,-0.0,-0.000301,-0.000333,0.0,-0.000263,-2.6e-05,-0.000707,-0.000754,-0.0,-0.000371,-0.0,-0.00047,-2.4e-05,0.0,-4e-06,-0.000741,-0.000287,-0.000137,-0.000389,-0.000816,-6e-06,-5e-06,-1e-05,-0.0,-2e-06,-0.000152,-0.000182,-0.000196
2017-05-28 18:41:00+02:00,-0.0,0.0,-4e-06,-0.000379,-1e-06,-0.0,-1e-06,-2e-06,-8.4e-05,-0.0,-0.0,-0.0,-0.000391,-0.00036,-3.4e-05,-0.000677,-1e-06,-0.0,-1e-06,-0.000922,0.0,-0.000927,-1.4e-05,-0.0,-0.000476,-0.00085,-2e-06,0.0,-6e-06,-0.0,-0.0,-0.000181,0.0,-0.000217,-0.000327,-0.0,-4e-06,-9e-06,0.0,-0.000494,-4e-06,-0.0,-0.00015,0.0,-1e-06,-2.7e-05,-1.9e-05,-9.2e-05,-1.2e-05,0.0,-0.0,-0.000315,-0.000335,-0.000455,-0.0,0.0,-2e-06,-0.0,0.0,-2e-06,-0.000239,-0.000449,-0.000298,0.0,-4e-06,-0.000746,-0.0,-0.000105,0.0,-1e-06,-5.5e-05,-0.0,-0.0,-0.000511,-0.000373,0.0,-1e-06,-0.0,-6e-06,-0.0,-0.000211,-0.0,-5e-05,-0.000439,-0.0,-2e-06,-8.9e-05,-0.0,-0.0,-0.0,-0.0,-0.000319,-0.00035,0.0,-0.000296,-2.1e-05,-0.000755,-0.000806,-0.0,-0.000417,-0.0,-0.000525,-2.9e-05,0.0,-3e-06,-0.000785,-0.0003,-0.000161,-0.000439,-0.000873,-5e-06,-4e-06,-1.2e-05,-0.0,-2e-06,-0.00019,-0.000219,-0.000204
2017-05-28 18:42:00+02:00,-0.0,0.0,-3e-06,-0.000431,-1e-06,-0.0,-1e-06,-2e-06,-9.1e-05,-0.0,-0.0,-0.0,-0.000429,-0.000402,-4.1e-05,-0.00074,-1e-06,-0.0,-0.0,-0.000982,0.0,-0.000989,-1.1e-05,-0.0,-0.000539,-0.000918,-1e-06,0.0,-6e-06,-0.0,-0.0,-0.000203,0.0,-0.00025,-0.000372,-0.0,-3e-06,-8e-06,0.0,-0.000563,-3e-06,-0.0,-0.000187,0.0,-1e-06,-2.4e-05,-2.2e-05,-9.7e-05,-1.4e-05,0.0,-0.0,-0.000334,-0.000363,-0.000502,-0.0,0.0,-2e-06,-0.0,0.0,-2e-06,-0.000252,-0.000516,-0.000345,0.0,-3e-06,-0.000811,-0.0,-0.000111,0.0,-1e-06,-6.5e-05,-0.0,-0.0,-0.000544,-0.000421,0.0,-1e-06,-0.0,-5e-06,-0.0,-0.000225,-0.0,-5.6e-05,-0.000505,-0.0,-1e-06,-9.8e-05,-0.0,-0.0,-0.0,-0.0,-0.000341,-0.000386,0.0,-0.000331,-1.6e-05,-0.00081,-0.000866,-0.0,-0.000479,-0.0,-0.000583,-3.3e-05,0.0,-2e-06,-0.00087,-0.000328,-0.000199,-0.000491,-0.00094,-4e-06,-3e-06,-1.4e-05,-0.0,-1e-06,-0.000232,-0.000257,-0.000223
2017-05-28 18:43:00+02:00,-0.0,0.0,-2e-06,-0.000526,-1e-06,-0.0,-1e-06,-2e-06,-0.000106,-0.0,-0.0,-0.0,-0.000493,-0.000475,-8.2e-05,-0.00085,-1e-06,-0.0,-0.0,-0.001077,0.0,-0.001087,-9e-06,-0.0,-0.000649,-0.001034,-1e-06,0.0,-1.2e-05,-0.0,-0.0,-0.000244,0.0,-0.000311,-0.00045,-0.0,-2e-06,-6e-06,0.0,-0.000683,-3e-06,-0.0,-0.000256,0.0,-1e-06,-6.7e-05,-3e-05,-0.000108,-2.4e-05,0.0,-0.0,-0.000366,-0.000413,-0.000579,-0.0,0.0,-1e-06,-0.0,0.0,-2e-06,-0.000274,-0.000636,-0.000436,0.0,-4e-06,-0.000924,-0.0,-0.000121,0.0,-0.0,-8.4e-05,-0.0,-0.0,-0.000596,-0.000503,0.0,-1e-06,-0.0,-4e-06,-0.0,-0.000253,-0.0,-0.000108,-0.000622,-0.0,-1e-06,-0.000114,-0.0,-0.0,-0.0,-0.0,-0.00038,-0.000448,0.0,-0.000395,-6.2e-05,-0.000907,-0.000971,-0.0,-0.000589,-0.0,-0.000688,-4.3e-05,0.0,-2e-06,-0.001011,-0.000377,-0.00028,-0.000586,-0.001055,-3e-06,-8e-06,-2.4e-05,-0.0,-1e-06,-0.000305,-0.00034,-0.000257
2017-05-28 18:44:00+02:00,-0.0,0.0,-2e-06,-0.000584,-1e-06,-0.0,-0.0,-1e-06,-0.000115,-0.0,-0.0,-0.0,-0.000532,-0.000519,-0.000103,-0.000919,-1e-06,-0.0,-0.0,-0.001109,0.0,-0.00112,-7e-06,-0.0,-0.000718,-0.001107,-1e-06,0.0,-1.5e-05,-0.0,-0.0,-0.000268,0.0,-0.000348,-0.000498,-0.0,-2e-06,-5e-06,0.0,-0.000758,-2e-06,-0.0,-0.000276,0.0,-0.0,-8.5e-05,-3.5e-05,-0.000111,-2.9e-05,0.0,-0.0,-0.000374,-0.000442,-0.000627,-0.0,0.0,-1e-06,-0.0,0.0,-1e-06,-0.00028,-0.00071,-0.00049,0.0,-3e-06,-0.000994,-0.0,-0.000124,0.0,-0.0,-8.9e-05,-0.0,-0.0,-0.000612,-0.000554,0.0,-1e-06,-0.0,-3e-06,-0.0,-0.000268,-0.0,-0.000132,-0.000695,-0.0,-1e-06,-0.000124,-0.0,-0.0,-0.0,-0.0,-0.000403,-0.000486,0.0,-0.000433,-8.1e-05,-0.000968,-0.001036,-0.0,-0.000658,-0.0,-0.000752,-4.5e-05,0.0,-2e-06,-0.001101,-0.000406,-0.000329,-0.000644,-0.001127,-2e-06,-9e-06,-2.5e-05,-0.0,-1e-06,-0.000327,-0.000387,-0.000277
2017-05-28 18:45:00+02:00,-0.0,0.0,-2e-06,-0.000608,-0.0,-0.0,-0.0,-1e-06,-0.000117,-0.0,-0.0,-0.0,-0.00055,-0.00054,-0.000106,-0.000948,-0.0,-0.0,-0.0,-0.00109,0.0,-0.001102,-6e-06,-0.0,-0.000751,-0.001139,-1e-06,0.0,-1.4e-05,-0.0,-0.0,-0.000277,0.0,-0.000365,-0.000522,-0.0,-2e-06,-4e-06,0.0,-0.000794,-2e-06,-0.0,-0.000265,0.0,-0.0,-7.9e-05,-3.6e-05,-0.000107,-2.9e-05,0.0,-0.0,-0.000365,-0.000453,-0.00065,-0.0,0.0,-1e-06,-0.0,0.0,-1e-06,-0.000271,-0.000746,-0.000511,0.0,-3e-06,-0.001025,-0.0,-0.00012,0.0,-0.0,-8.5e-05,-0.0,-0.0,-0.0006,-0.000578,0.0,-1e-06,-0.0,-2e-06,-0.0,-0.000272,-0.0,-0.00013,-0.000729,-0.0,-1e-06,-0.000127,-0.0,-0.0,-0.0,-0.0,-0.000411,-0.000503,0.0,-0.000449,-7.6e-05,-0.000992,-0.001063,-0.0,-0.000689,-0.0,-0.000779,-4.3e-05,0.0,-1e-06,-0.001145,-0.000418,-0.000348,-0.000667,-0.001158,-2e-06,-8e-06,-2e-05,-0.0,-1e-06,-0.000318,-0.000404,-0.000284
2017-05-28 18:46:00+02:00,-0.0,0.0,-1e-06,-0.000542,-0.0,-0.0,-0.0,-1e-06,-0.000115,-0.0,-0.0,-0.0,-0.00055,-0.000542,-0.000103,-0.000872,-0.0,-0.0,-0.0,-0.001018,0.0,-0.00103,-5e-06,-0.0,-0.000758,-0.00105,-1e-06,0.0,-1.1e-05,-0.0,-0.0,-0.000277,0.0,-0.000367,-0.000526,-0.0,-1e-06,-3e-06,0.0,-0.000803,-1e-06,-0.0,-0.000212,0.0,-0.0,-6.3e-05,-2.9e-05,-9.8e-05,-2.8e-05,0.0,-0.0,-0.000336,-0.000415,-0.000652,-0.0,0.0,-1e-06,-0.0,0.0,-1e-06,-0.000249,-0.000755,-0.000445,0.0,-2e-06,-0.000944,-0.0,-0.00011,0.0,-0.0,-7e-05,-0.0,-0.0,-0.000559,-0.000582,0.0,-0.0,-0.0,-2e-06,-0.0,-0.000248,-0.0,-0.000104,-0.000739,-0.0,-1e-06,-0.000127,-0.0,-0.0,-0.0,-0.0,-0.000376,-0.000503,0.0,-0.000404,-6.5e-05,-0.000913,-0.000979,-0.0,-0.000696,-0.0,-0.000708,-3.6e-05,0.0,-1e-06,-0.001154,-0.000416,-0.000351,-0.000602,-0.001067,-2e-06,-6e-06,-1.6e-05,-0.0,-0.0,-0.000264,-0.000338,-0.000282
2017-05-28 18:47:00+02:00,-0.0,0.0,-1e-06,-0.000434,-0.0,-0.0,-0.0,-1e-06,-0.000103,-0.0,-0.0,-0.0,-0.000504,-0.000491,-8.2e-05,-0.000739,-0.0,-0.0,-0.0,-0.000873,0.0,-0.000882,-4e-06,-0.0,-0.000682,-0.000905,-0.0,0.0,-9e-06,-0.0,-0.0,-0.000246,0.0,-0.000322,-0.000471,-0.0,-1e-06,-2e-06,0.0,-0.00072,-1e-06,-0.0,-0.00017,0.0,-0.0,-5e-05,-2.3e-05,-8e-05,-2.3e-05,0.0,-0.0,-0.000282,-0.000351,-0.000598,-0.0,0.0,-1e-06,-0.0,0.0,-1e-06,-0.000208,-0.000673,-0.000356,0.0,-2e-06,-0.000807,-0.0,-9.2e-05,0.0,-0.0,-5.6e-05,-0.0,-0.0,-0.000475,-0.000525,0.0,-0.0,-0.0,-2e-06,-0.0,-0.00021,-0.0,-8.3e-05,-0.000659,-0.0,-0.0,-0.000116,-0.0,-0.0,-0.0,-0.0,-0.000322,-0.000458,0.0,-0.000324,-5.2e-05,-0.000787,-0.000844,-0.0,-0.000617,-0.0,-0.000582,-2.9e-05,0.0,-1e-06,-0.001062,-0.00038,-0.000282,-0.000485,-0.00092,-1e-06,-5e-06,-1.3e-05,-0.0,-0.0,-0.000211,-0.00027,-0.000254
2017-05-28 18:48:00+02:00,-0.0,0.0,-1e-06,-0.00036,-0.0,-0.0,-0.0,-1e-06,-9.4e-05,-0.0,-0.0,-0.0,-0.000472,-0.000456,-6.6e-05,-0.000657,-0.0,-0.0,-0.0,-0.000782,0.0,-0.000789,-3e-06,-0.0,-0.00063,-0.000813,-0.0,0.0,-7e-06,-0.0,-0.0,-0.000224,0.0,-0.000291,-0.000434,-0.0,-1e-06,-2e-06,0.0,-0.000665,-1e-06,-0.0,-0.000136,0.0,-0.0,-4e-05,-1.8e-05,-6.8e-05,-1.8e-05,0.0,-0.0,-0.000247,-0.000311,-0.000561,-0.0,0.0,-0.0,-0.0,0.0,-1e-06,-0.000182,-0.000618,-0.000285,0.0,-1e-06,-0.000722,-0.0,-8.1e-05,0.0,-0.0,-4.5e-05,-0.0,-0.0,-0.000423,-0.000486,0.0,-0.0,-0.0,-1e-06,-0.0,-0.000185,-0.0,-6.7e-05,-0.000605,-0.0,-0.0,-0.000107,-0.0,-0.0,-0.0,-0.0,-0.000287,-0.000427,0.0,-0.000275,-4.2e-05,-0.000706,-0.000758,-0.0,-0.000564,-0.0,-0.000504,-2.3e-05,0.0,-1e-06,-0.000999,-0.000354,-0.000236,-0.000414,-0.000828,-1e-06,-4e-06,-1e-05,-0.0,-0.0,-0.000169,-0.000216,-0.000235
2017-05-28 18:49:00+02:00,-0.0,0.0,-1e-06,-0.000318,-0.0,-0.0,-0.0,-0.0,-8.7e-05,-0.0,-0.0,-0.0,-0.000452,-0.000434,-5.3e-05,-0.000609,-0.0,-0.0,-0.0,-0.000714,0.0,-0.00072,-2e-06,-0.0,-0.000598,-0.000759,-0.0,0.0,-6e-06,-0.0,-0.0,-0.00021,0.0,-0.000271,-0.000411,-0.0,-1e-06,-2e-06,0.0,-0.000632,-1e-06,-0.0,-0.000109,0.0,-0.0,-3.2e-05,-1.5e-05,-5.9e-05,-1.4e-05,0.0,-0.0,-0.00022,-0.000287,-0.000539,-0.0,0.0,-0.0,-0.0,0.0,-0.0,-0.000161,-0.000586,-0.000238,0.0,-1e-06,-0.000672,-0.0,-7.1e-05,0.0,-0.0,-3.6e-05,-0.0,-0.0,-0.000383,-0.000463,0.0,-0.0,-0.0,-1e-06,-0.0,-0.000169,-0.0,-5.3e-05,-0.000574,-0.0,-0.0,-0.000102,-0.0,-0.0,-0.0,-0.0,-0.000265,-0.000407,0.0,-0.000247,-3.3e-05,-0.000658,-0.000707,-0.0,-0.000531,-0.0,-0.00046,-1.9e-05,0.0,-1e-06,-0.000963,-0.000337,-0.000207,-0.000373,-0.000773,-1e-06,-3e-06,-8e-06,-0.0,-0.0,-0.000135,-0.000173,-0.000222
2017-05-28 18:50:00+02:00,-0.0,0.0,-1e-06,-0.000293,-0.0,-0.0,-0.0,-0.0,-8.3e-05,-0.0,-0.0,-0.0,-0.000441,-0.000423,-4.2e-05,-0.000581,-0.0,-0.0,-0.0,-0.000667,0.0,-0.000673,-2e-06,-0.0,-0.000583,-0.000726,-0.0,0.0,-5e-06,-0.0,-0.0,-0.000202,0.0,-0.000261,-0.000401,-0.0,-0.0,-1e-06,0.0,-0.000616,-1e-06,-0.0,-8.7e-05,0.0,-0.0,-2.6e-05,-1.2e-05,-5.3e-05,-1.2e-05,0.0,-0.0,-0.000201,-0.000271,-0.000527,-0.0,0.0,-0.0,-0.0,0.0,-0.0,-0.000147,-0.000571,-0.00021,0.0,-1e-06,-0.000642,-0.0,-6.5e-05,0.0,-0.0,-2.9e-05,-0.0,-0.0,-0.000355,-0.000451,0.0,-0.0,-0.0,-1e-06,-0.0,-0.000159,-0.0,-4.3e-05,-0.00056,-0.0,-0.0,-9.8e-05,-0.0,-0.0,-0.0,-0.0,-0.00025,-0.000396,0.0,-0.000231,-2.7e-05,-0.000627,-0.000675,-0.0,-0.000516,-0.0,-0.000434,-1.5e-05,0.0,-0.0,-0.000946,-0.000327,-0.000193,-0.000349,-0.000738,-1e-06,-2e-06,-7e-06,-0.0,-0.0,-0.000108,-0.000138,-0.000213
2017-05-28 18:51:00+02:00,-0.0,0.0,-0.0,-0.000259,-0.0,-0.0,-0.0,-0.0,-7.6e-05,-0.0,-0.0,-0.0,-0.000415,-0.000395,-3.4e-05,-0.00054,-0.0,-0.0,-0.0,-0.000641,0.0,-0.000648,-1e-06,-0.0,-0.000544,-0.000678,-0.0,0.0,-4e-06,-0.0,-0.0,-0.000185,0.0,-0.000238,-0.000372,-0.0,-0.0,-1e-06,0.0,-0.000574,-0.0,-0.0,-7e-05,0.0,-0.0,-2.1e-05,-9e-06,-4.9e-05,-9e-06,0.0,-0.0,-0.00019,-0.000251,-0.000497,-0.0,0.0,-0.0,-0.0,0.0,-0.0,-0.000137,-0.000529,-0.000173,0.0,-1e-06,-0.000599,-0.0,-6.1e-05,0.0,-0.0,-2.3e-05,-0.0,-0.0,-0.000339,-0.000421,0.0,-0.0,-0.0,-1e-06,-0.0,-0.000145,-0.0,-3.4e-05,-0.000519,-0.0,-0.0,-9.2e-05,-0.0,-0.0,-0.0,-0.0,-0.000231,-0.000371,0.0,-0.000207,-2.1e-05,-0.000585,-0.00063,-0.0,-0.000474,-0.0,-0.000397,-1.2e-05,0.0,-0.0,-0.000895,-0.000306,-0.00016,-0.000315,-0.00069,-0.0,-2e-06,-5e-06,-0.0,-0.0,-8.6e-05,-0.000111,-0.000198
2017-05-28 18:52:00+02:00,-0.0,0.0,-0.0,-0.00022,-0.0,-0.0,-0.0,-0.0,-6.9e-05,-0.0,-0.0,-0.0,-0.00038,-0.000357,-2.7e-05,-0.000498,-0.0,-0.0,-0.0,-0.000596,0.0,-0.000602,-1e-06,-0.0,-0.000497,-0.000632,-0.0,0.0,-3e-06,-0.0,-0.0,-0.000166,0.0,-0.000209,-0.000333,-0.0,-0.0,-1e-06,0.0,-0.000514,-0.0,-0.0,-5.6e-05,0.0,-0.0,-1.7e-05,-7e-06,-4.3e-05,-7e-06,0.0,-0.0,-0.000172,-0.00023,-0.000455,-0.0,0.0,-0.0,-0.0,0.0,-0.0,-0.000124,-0.000472,-0.000138,0.0,-1e-06,-0.000556,-0.0,-5.6e-05,0.0,-0.0,-1.8e-05,-0.0,-0.0,-0.000313,-0.000379,0.0,-0.0,-0.0,-0.0,-0.0,-0.000133,-0.0,-2.7e-05,-0.000464,-0.0,-0.0,-8.4e-05,-0.0,-0.0,-0.0,-0.0,-0.000213,-0.000337,0.0,-0.000182,-1.7e-05,-0.000545,-0.000587,-0.0,-0.000425,-0.0,-0.000357,-1e-05,0.0,-0.0,-0.000824,-0.000279,-0.000128,-0.000277,-0.000644,-0.0,-2e-06,-4e-06,-0.0,-0.0,-6.9e-05,-8.9e-05,-0.000178
2017-05-28 18:53:00+02:00,-0.0,0.0,-0.0,-0.000202,-0.0,-0.0,-0.0,-0.0,-6.5e-05,-0.0,-0.0,-0.0,-0.000356,-0.000332,-2.2e-05,-0.000477,-0.0,-0.0,-0.0,-0.000595,0.0,-0.0006,-1e-06,-0.0,-0.000467,-0.00061,-0.0,0.0,-2e-06,-0.0,-0.0,-0.000153,0.0,-0.000192,-0.000308,-0.0,-0.0,-1e-06,0.0,-0.000477,-0.0,-0.0,-4.5e-05,0.0,-0.0,-1.3e-05,-6e-06,-4.3e-05,-6e-06,0.0,-0.0,-0.000168,-0.000219,-0.000428,-0.0,0.0,-0.0,-0.0,0.0,-0.0,-0.000121,-0.000438,-0.000118,0.0,-0.0,-0.000535,-0.0,-5.5e-05,0.0,-0.0,-1.5e-05,-0.0,-0.0,-0.000309,-0.000352,0.0,-0.0,-0.0,-0.0,-0.0,-0.000125,-0.0,-2.2e-05,-0.00043,-0.0,-0.0,-7.8e-05,-0.0,-0.0,-0.0,-0.0,-0.000203,-0.000315,0.0,-0.000169,-1.4e-05,-0.000525,-0.000566,-0.0,-0.000395,-0.0,-0.000338,-8e-06,0.0,-0.0,-0.000778,-0.00026,-0.000103,-0.000259,-0.000621,-0.0,-1e-06,-3e-06,-0.0,-0.0,-5.5e-05,-7.1e-05,-0.000165
2017-05-28 18:54:00+02:00,-0.0,0.0,-0.0,-0.000186,-0.0,-0.0,-0.0,-0.0,-5.9e-05,-0.0,-0.0,-0.0,-0.000329,-0.000303,-1.7e-05,-0.000458,-0.0,-0.0,-0.0,-0.000592,0.0,-0.000597,-1e-06,-0.0,-0.000427,-0.000589,-0.0,0.0,-2e-06,-0.0,-0.0,-0.000138,0.0,-0.000169,-0.000278,-0.0,-0.0,-1e-06,0.0,-0.000433,-0.0,-0.0,-3.6e-05,0.0,-0.0,-1.1e-05,-5e-06,-4.2e-05,-5e-06,0.0,-0.0,-0.000164,-0.000208,-0.000396,-0.0,0.0,-0.0,-0.0,0.0,-0.0,-0.000117,-0.000395,-0.0001,0.0,-0.0,-0.000515,-0.0,-5.5e-05,0.0,-0.0,-1.2e-05,-0.0,-0.0,-0.000305,-0.00032,0.0,-0.0,-0.0,-0.0,-0.0,-0.000118,-0.0,-1.7e-05,-0.000389,-0.0,-0.0,-7.2e-05,-0.0,-0.0,-0.0,-0.0,-0.000193,-0.000289,0.0,-0.000157,-1.1e-05,-0.000505,-0.000545,-0.0,-0.000356,-0.0,-0.00032,-6e-06,0.0,-0.0,-0.000724,-0.000239,-8.2e-05,-0.000243,-0.0006,-0.0,-1e-06,-3e-06,-0.0,-0.0,-4.4e-05,-5.7e-05,-0.00015
2017-05-28 18:55:00+02:00,-0.0,0.0,-0.0,-0.000166,-0.0,-0.0,-0.0,-0.0,-5.3e-05,-0.0,-0.0,-0.0,-0.000305,-0.000277,-1.4e-05,-0.000435,-0.0,-0.0,-0.0,-0.000585,0.0,-0.00059,-1e-06,-0.0,-0.000386,-0.000564,-0.0,0.0,-1e-06,-0.0,-0.0,-0.000123,0.0,-0.000148,-0.000251,-0.0,-0.0,-0.0,0.0,-0.000392,-0.0,-0.0,-2.9e-05,0.0,-0.0,-8e-06,-4e-06,-4.1e-05,-4e-06,0.0,-0.0,-0.000159,-0.000196,-0.000368,-0.0,0.0,-0.0,-0.0,0.0,-0.0,-0.000113,-0.000356,-8e-05,0.0,-0.0,-0.000491,-0.0,-5.4e-05,0.0,-0.0,-9e-06,-0.0,-0.0,-0.000299,-0.000291,0.0,-0.0,-0.0,-0.0,-0.0,-0.000111,-0.0,-1.4e-05,-0.00035,-0.0,-0.0,-6.7e-05,-0.0,-0.0,-0.0,-0.0,-0.000183,-0.000266,0.0,-0.000144,-9e-06,-0.000483,-0.000521,-0.0,-0.000318,-0.0,-0.000299,-5e-06,0.0,-0.0,-0.000675,-0.00022,-6.6e-05,-0.000224,-0.000574,-0.0,-1e-06,-2e-06,-0.0,-0.0,-3.5e-05,-4.5e-05,-0.000137
2017-05-28 18:56:00+02:00,-0.0,0.0,-0.0,-0.000144,-0.0,-0.0,-0.0,-0.0,-4.6e-05,-0.0,-0.0,-0.0,-0.000279,-0.000248,-1.1e-05,-0.000409,-0.0,-0.0,-0.0,-0.000567,0.0,-0.000572,-0.0,-0.0,-0.000338,-0.000535,-0.0,0.0,-1e-06,-0.0,-0.0,-0.000106,0.0,-0.000125,-0.000221,-0.0,-0.0,-0.0,0.0,-0.000347,-0.0,-0.0,-2.3e-05,0.0,-0.0,-7e-06,-3e-06,-3.9e-05,-3e-06,0.0,-0.0,-0.000151,-0.000183,-0.000337,-0.0,0.0,-0.0,-0.0,0.0,-0.0,-0.000107,-0.000311,-6.4e-05,0.0,-0.0,-0.000464,-0.0,-5.2e-05,0.0,-0.0,-7e-06,-0.0,-0.0,-0.000287,-0.000259,0.0,-0.0,-0.0,-0.0,-0.0,-0.000103,-0.0,-1.1e-05,-0.000307,-0.0,-0.0,-6.1e-05,-0.0,-0.0,-0.0,-0.0,-0.000171,-0.000241,0.0,-0.000129,-7e-06,-0.000458,-0.000494,-0.0,-0.000274,-0.0,-0.000274,-4e-06,0.0,-0.0,-0.000621,-0.0002,-5.3e-05,-0.000201,-0.000545,-0.0,-1e-06,-2e-06,-0.0,-0.0,-2.8e-05,-3.6e-05,-0.000122
2017-05-28 18:57:00+02:00,-0.0,0.0,-0.0,-0.000115,-0.0,-0.0,-0.0,-0.0,-4e-05,-0.0,-0.0,-0.0,-0.000252,-0.000219,-9e-06,-0.000372,-0.0,-0.0,-0.0,-0.000535,0.0,-0.000539,-0.0,-0.0,-0.000291,-0.000494,-0.0,0.0,-1e-06,-0.0,-0.0,-8.9e-05,0.0,-0.0001,-0.00019,-0.0,-0.0,-0.0,0.0,-0.000299,-0.0,-0.0,-1.8e-05,0.0,-0.0,-5e-06,-2e-06,-3.5e-05,-2e-06,0.0,-0.0,-0.000139,-0.000165,-0.000304,-0.0,0.0,-0.0,-0.0,0.0,-0.0,-9.8e-05,-0.000264,-5.1e-05,0.0,-0.0,-0.000425,-0.0,-4.8e-05,0.0,-0.0,-6e-06,-0.0,-0.0,-0.000268,-0.000226,0.0,-0.0,-0.0,-0.0,-0.0,-9.3e-05,-0.0,-9e-06,-0.000261,-0.0,-0.0,-5.4e-05,-0.0,-0.0,-0.0,-0.0,-0.000156,-0.000215,0.0,-0.000108,-6e-06,-0.000423,-0.000457,-0.0,-0.000229,-0.0,-0.00024,-3e-06,0.0,-0.0,-0.000564,-0.000179,-4.2e-05,-0.000171,-0.000505,-0.0,-1e-06,-1e-06,-0.0,-0.0,-2.3e-05,-2.9e-05,-0.000108
2017-05-28 18:58:00+02:00,-0.0,0.0,-0.0,-9.2e-05,-0.0,-0.0,-0.0,-0.0,-3.2e-05,-0.0,-0.0,-0.0,-0.000221,-0.000184,-7e-06,-0.000329,-0.0,-0.0,-0.0,-0.000479,0.0,-0.000481,-0.0,-0.0,-0.000237,-0.000448,-0.0,0.0,-1e-06,-0.0,-0.0,-7.2e-05,0.0,-8e-05,-0.000153,-0.0,-0.0,-0.0,0.0,-0.000242,-0.0,-0.0,-1.5e-05,0.0,-0.0,-4e-06,-2e-06,-2.9e-05,-2e-06,0.0,-0.0,-0.000119,-0.000146,-0.000267,-0.0,0.0,-0.0,-0.0,0.0,-0.0,-8.4e-05,-0.000211,-4.1e-05,0.0,-0.0,-0.000381,-0.0,-4.2e-05,0.0,-0.0,-5e-06,-0.0,-0.0,-0.000237,-0.000187,0.0,-0.0,-0.0,-0.0,-0.0,-8.2e-05,-0.0,-7e-06,-0.000208,-0.0,-0.0,-4.7e-05,-0.0,-0.0,-0.0,-0.0,-0.00014,-0.000185,0.0,-8.7e-05,-4e-06,-0.000384,-0.000415,-0.0,-0.000183,-0.0,-0.0002,-3e-06,0.0,-0.0,-0.000496,-0.000156,-3.4e-05,-0.000136,-0.000459,-0.0,-0.0,-1e-06,-0.0,-0.0,-1.8e-05,-2.3e-05,-9.2e-05
2017-05-28 18:59:00+02:00,-0.0,0.0,-0.0,-7.4e-05,-0.0,-0.0,-0.0,-0.0,-2.6e-05,-0.0,-0.0,-0.0,-0.000191,-0.000151,-6e-06,-0.000283,-0.0,-0.0,-0.0,-0.00043,0.0,-0.000431,-0.0,-0.0,-0.00019,-0.000398,-0.0,0.0,-1e-06,-0.0,-0.0,-5.7e-05,0.0,-6.4e-05,-0.000123,-0.0,-0.0,-0.0,0.0,-0.000193,-0.0,-0.0,-1.2e-05,0.0,-0.0,-3e-06,-2e-06,-2.3e-05,-2e-06,0.0,-0.0,-0.000102,-0.000125,-0.000231,-0.0,0.0,-0.0,-0.0,0.0,-0.0,-7.2e-05,-0.000169,-3.3e-05,0.0,-0.0,-0.000334,-0.0,-3.6e-05,0.0,-0.0,-4e-06,-0.0,-0.0,-0.00021,-0.00015,0.0,-0.0,-0.0,-0.0,-0.0,-7e-05,-0.0,-6e-06,-0.000167,-0.0,-0.0,-3.9e-05,-0.0,-0.0,-0.0,-0.0,-0.000123,-0.000157,0.0,-6.9e-05,-4e-06,-0.000341,-0.000369,-0.0,-0.000146,-0.0,-0.00016,-2e-06,0.0,-0.0,-0.00043,-0.000133,-2.7e-05,-0.000109,-0.000409,-0.0,-0.0,-1e-06,-0.0,-0.0,-1.4e-05,-1.9e-05,-7.6e-05
2017-05-28 19:00:00+02:00,-0.0,0.0,-0.0,-5.9e-05,-0.0,-0.0,-0.0,-0.0,-2.1e-05,-0.0,-0.0,-0.0,-0.000162,-0.000121,-5e-06,-0.000233,-0.0,-0.0,-0.0,-0.000382,0.0,-0.000382,-0.0,-0.0,-0.000152,-0.000344,-0.0,0.0,-0.0,-0.0,-0.0,-4.6e-05,0.0,-5.1e-05,-9.8e-05,-0.0,-0.0,-0.0,0.0,-0.000155,-0.0,-0.0,-9e-06,0.0,-0.0,-3e-06,-1e-06,-1.8e-05,-1e-06,0.0,-0.0,-8.6e-05,-0.000103,-0.000196,-0.0,0.0,-0.0,-0.0,0.0,-0.0,-6e-05,-0.000135,-2.6e-05,0.0,-0.0,-0.000283,-0.0,-3e-05,0.0,-0.0,-3e-06,-0.0,-0.0,-0.000183,-0.00012,0.0,-0.0,-0.0,-0.0,-0.0,-5.8e-05,-0.0,-5e-06,-0.000133,-0.0,-0.0,-3.2e-05,-0.0,-0.0,-0.0,-0.0,-0.000105,-0.000129,0.0,-5.5e-05,-3e-06,-0.000296,-0.00032,-0.0,-0.000117,-0.0,-0.000128,-2e-06,0.0,-0.0,-0.000365,-0.000111,-2.2e-05,-8.7e-05,-0.000355,-0.0,-0.0,-1e-06,-0.0,-0.0,-1.2e-05,-1.5e-05,-6.1e-05
2017-05-28 19:01:00+02:00,-0.0,0.0,-0.0,-4.7e-05,-0.0,-0.0,-0.0,-0.0,-2.2e-05,-0.0,-0.0,-0.0,-0.000173,-0.000139,-4e-06,-0.000187,-0.0,-0.0,-0.0,-0.000351,0.0,-0.000349,-0.0,-0.0,-0.000166,-0.000295,-0.0,0.0,-0.0,-0.0,-0.0,-4.8e-05,0.0,-5.5e-05,-0.000114,-0.0,-0.0,-0.0,0.0,-0.000183,-0.0,-0.0,-7e-06,0.0,-0.0,-2e-06,-1e-06,-1.5e-05,-1e-06,0.0,-0.0,-7.5e-05,-8.3e-05,-0.000211,-0.0,0.0,-0.0,-0.0,0.0,-0.0,-5.2e-05,-0.000158,-2.1e-05,0.0,-0.0,-0.000227,-0.0,-2.6e-05,0.0,-0.0,-2e-06,-0.0,-0.0,-0.000166,-0.000142,0.0,-0.0,-0.0,-0.0,-0.0,-4.6e-05,-0.0,-4e-06,-0.000157,-0.0,-0.0,-3.6e-05,-0.0,-0.0,-0.0,-0.0,-8.7e-05,-0.000142,0.0,-4.4e-05,-2e-06,-0.000255,-0.000277,-0.0,-0.000129,-0.0,-0.000102,-1e-06,0.0,-0.0,-0.000401,-0.00012,-1.7e-05,-7e-05,-0.000307,-0.0,-0.0,-1e-06,-0.0,-0.0,-9e-06,-1.2e-05,-6.7e-05
2017-05-28 19:02:00+02:00,-0.0,0.0,-0.0,-3.8e-05,-0.0,-0.0,-0.0,-0.0,-2.3e-05,-0.0,-0.0,-0.0,-0.00018,-0.00015,-3e-06,-0.000149,-0.0,-0.0,-0.0,-0.00032,0.0,-0.000318,-0.0,-0.0,-0.000179,-0.00025,-0.0,0.0,-0.0,-0.0,-0.0,-5e-05,0.0,-5.7e-05,-0.000125,-0.0,-0.0,-0.0,0.0,-0.000201,-0.0,-0.0,-6e-06,0.0,-0.0,-2e-06,-1e-06,-1.2e-05,-1e-06,0.0,-0.0,-6.5e-05,-6.6e-05,-0.000221,-0.0,0.0,-0.0,-0.0,0.0,-0.0,-4.5e-05,-0.000173,-1.7e-05,0.0,-0.0,-0.000182,-0.0,-2.3e-05,0.0,-0.0,-2e-06,-0.0,-0.0,-0.000149,-0.000157,0.0,-0.0,-0.0,-0.0,-0.0,-3.7e-05,-0.0,-3e-06,-0.000171,-0.0,-0.0,-3.8e-05,-0.0,-0.0,-0.0,-0.0,-7.1e-05,-0.000149,0.0,-3.5e-05,-2e-06,-0.000218,-0.000237,-0.0,-0.000137,-0.0,-8.2e-05,-1e-06,0.0,-0.0,-0.000423,-0.000124,-1.4e-05,-5.6e-05,-0.000263,-0.0,-0.0,-0.0,-0.0,-0.0,-7e-06,-1e-05,-7e-05
2017-05-28 19:03:00+02:00,-0.0,0.0,-0.0,-3e-05,-0.0,-0.0,-0.0,-0.0,-2.4e-05,-0.0,-0.0,-0.0,-0.000181,-0.000155,-2e-06,-0.00012,-0.0,-0.0,-0.0,-0.000284,0.0,-0.000282,-0.0,-0.0,-0.000187,-0.0002,-0.0,0.0,-0.0,-0.0,-0.0,-5.1e-05,0.0,-5.7e-05,-0.000129,-0.0,-0.0,-0.0,0.0,-0.00021,-0.0,-0.0,-5e-06,0.0,-0.0,-1e-06,-1e-06,-9e-06,-1e-06,0.0,-0.0,-5.4e-05,-5.3e-05,-0.000223,-0.0,0.0,-0.0,-0.0,0.0,-0.0,-3.7e-05,-0.000179,-1.3e-05,0.0,-0.0,-0.000145,-0.0,-1.9e-05,0.0,-0.0,-2e-06,-0.0,-0.0,-0.00013,-0.000164,0.0,-0.0,-0.0,-0.0,-0.0,-3e-05,-0.0,-2e-06,-0.000178,-0.0,-0.0,-4e-05,-0.0,-0.0,-0.0,-0.0,-5.7e-05,-0.000151,0.0,-2.8e-05,-1e-06,-0.000175,-0.000189,-0.0,-0.00014,-0.0,-6.5e-05,-1e-06,0.0,-0.0,-0.000431,-0.000125,-1.1e-05,-4.5e-05,-0.00021,-0.0,-0.0,-0.0,-0.0,-0.0,-6e-06,-8e-06,-7.1e-05
2017-05-28 19:04:00+02:00,-0.0,0.0,-0.0,-2.4e-05,-0.0,-0.0,-0.0,-0.0,-2e-05,-0.0,-0.0,-0.0,-0.000156,-0.00013,-2e-06,-9.6e-05,-0.0,-0.0,-0.0,-0.000243,0.0,-0.00024,-0.0,-0.0,-0.000154,-0.00016,-0.0,0.0,-0.0,-0.0,-0.0,-4.1e-05,0.0,-4.6e-05,-0.000103,-0.0,-0.0,-0.0,0.0,-0.000168,-0.0,-0.0,-4e-06,0.0,-0.0,-1e-06,-1e-06,-8e-06,-1e-06,0.0,-0.0,-4.3e-05,-4.2e-05,-0.000192,-0.0,0.0,-0.0,-0.0,0.0,-0.0,-3e-05,-0.000143,-1.1e-05,0.0,-0.0,-0.000116,-0.0,-1.5e-05,0.0,-0.0,-1e-06,-0.0,-0.0,-0.000108,-0.000136,0.0,-0.0,-0.0,-0.0,-0.0,-2.4e-05,-0.0,-2e-06,-0.000142,-0.0,-0.0,-3.3e-05,-0.0,-0.0,-0.0,-0.0,-4.6e-05,-0.000129,0.0,-2.3e-05,-1e-06,-0.00014,-0.000152,-0.0,-0.000112,-0.0,-5.2e-05,-1e-06,0.0,-0.0,-0.000374,-0.000107,-9e-06,-3.6e-05,-0.000168,-0.0,-0.0,-0.0,-0.0,-0.0,-5e-06,-6e-06,-5.9e-05
2017-05-28 19:05:00+02:00,-0.0,0.0,-0.0,-1.9e-05,-0.0,-0.0,-0.0,-0.0,-1.6e-05,-0.0,-0.0,-0.0,-0.000129,-0.000104,-1e-06,-7.7e-05,-0.0,-0.0,-0.0,-0.000197,0.0,-0.000192,-0.0,-0.0,-0.000123,-0.000128,-0.0,0.0,-0.0,-0.0,-0.0,-3.3e-05,0.0,-3.7e-05,-8.3e-05,-0.0,-0.0,-0.0,0.0,-0.000135,-0.0,-0.0,-3e-06,0.0,-0.0,-1e-06,-0.0,-6e-06,-0.0,0.0,-0.0,-3.4e-05,-3.4e-05,-0.00016,-0.0,0.0,-0.0,-0.0,0.0,-0.0,-2.4e-05,-0.000115,-9e-06,0.0,-0.0,-9.3e-05,-0.0,-1.2e-05,0.0,-0.0,-1e-06,-0.0,-0.0,-8.7e-05,-0.000109,0.0,-0.0,-0.0,-0.0,-0.0,-1.9e-05,-0.0,-2e-06,-0.000114,-0.0,-0.0,-2.7e-05,-0.0,-0.0,-0.0,-0.0,-3.7e-05,-0.000104,0.0,-1.8e-05,-1e-06,-0.000112,-0.000121,-0.0,-9e-05,-0.0,-4.2e-05,-1e-06,0.0,-0.0,-0.000311,-8.8e-05,-7e-06,-2.9e-05,-0.000135,-0.0,-0.0,-0.0,-0.0,-0.0,-4e-06,-5e-06,-4.7e-05
2017-05-28 19:06:00+02:00,-0.0,0.0,-0.0,-1.5e-05,-0.0,-0.0,-0.0,-0.0,-1.3e-05,-0.0,-0.0,-0.0,-0.00011,-8.3e-05,-1e-06,-6.1e-05,-0.0,-0.0,-0.0,-0.000158,0.0,-0.000154,-0.0,-0.0,-9.8e-05,-0.000102,-0.0,0.0,-0.0,-0.0,-0.0,-2.6e-05,0.0,-2.9e-05,-6.6e-05,-0.0,-0.0,-0.0,0.0,-0.000108,-0.0,-0.0,-2e-06,0.0,-0.0,-1e-06,-0.0,-5e-06,-0.0,0.0,-0.0,-2.8e-05,-2.7e-05,-0.000137,-0.0,0.0,-0.0,-0.0,0.0,-0.0,-1.9e-05,-9.2e-05,-7e-06,0.0,-0.0,-7.4e-05,-0.0,-1e-05,0.0,-0.0,-1e-06,-0.0,-0.0,-6.9e-05,-8.7e-05,0.0,-0.0,-0.0,-0.0,-0.0,-1.5e-05,-0.0,-1e-06,-9.1e-05,-0.0,-0.0,-2.2e-05,-0.0,-0.0,-0.0,-0.0,-2.9e-05,-8.6e-05,0.0,-1.5e-05,-1e-06,-8.9e-05,-9.7e-05,-0.0,-7.2e-05,-0.0,-3.4e-05,-0.0,0.0,-0.0,-0.000266,-7.4e-05,-6e-06,-2.3e-05,-0.000108,-0.0,-0.0,-0.0,-0.0,-0.0,-3e-06,-4e-06,-3.8e-05
2017-05-28 19:07:00+02:00,-0.0,0.0,-0.0,-1.2e-05,-0.0,-0.0,-0.0,-0.0,-1.2e-05,-0.0,-0.0,-0.0,-0.000115,-8.9e-05,-1e-06,-4.9e-05,-0.0,-0.0,-0.0,-0.000131,0.0,-0.000126,-0.0,-0.0,-9e-05,-8.2e-05,-0.0,0.0,-0.0,-0.0,-0.0,-2.2e-05,0.0,-2.3e-05,-6.7e-05,-0.0,-0.0,-0.0,0.0,-0.00011,-0.0,-0.0,-2e-06,0.0,-0.0,-1e-06,-0.0,-4e-06,-0.0,0.0,-0.0,-2.2e-05,-2.2e-05,-0.000144,-0.0,0.0,-0.0,-0.0,0.0,-0.0,-1.5e-05,-8.8e-05,-5e-06,0.0,-0.0,-6e-05,-0.0,-8e-06,0.0,-0.0,-1e-06,-0.0,-0.0,-5.5e-05,-9.3e-05,0.0,-0.0,-0.0,-0.0,-0.0,-1.2e-05,-0.0,-1e-06,-8.8e-05,-0.0,-0.0,-2.4e-05,-0.0,-0.0,-0.0,-0.0,-2.3e-05,-9.1e-05,0.0,-1.2e-05,-1e-06,-7.1e-05,-7.8e-05,-0.0,-6e-05,-0.0,-2.7e-05,-0.0,0.0,-0.0,-0.000283,-7.7e-05,-5e-06,-1.8e-05,-8.6e-05,-0.0,-0.0,-0.0,-0.0,-0.0,-2e-06,-3e-06,-4e-05
2017-05-28 19:08:00+02:00,-0.0,0.0,-0.0,-1e-05,-0.0,-0.0,-0.0,-0.0,-1.3e-05,-0.0,-0.0,-0.0,-0.000124,-9.9e-05,-1e-06,-3.9e-05,-0.0,-0.0,-0.0,-0.000119,0.0,-0.000113,-0.0,-0.0,-9.9e-05,-6.6e-05,-0.0,0.0,-0.0,-0.0,-0.0,-2.3e-05,0.0,-2.2e-05,-7.4e-05,-0.0,-0.0,-0.0,0.0,-0.000124,-0.0,-0.0,-2e-06,0.0,-0.0,-0.0,-0.0,-3e-06,-0.0,0.0,-0.0,-1.8e-05,-1.7e-05,-0.000155,-0.0,0.0,-0.0,-0.0,0.0,-0.0,-1.2e-05,-9.7e-05,-4e-06,0.0,-0.0,-4.8e-05,-0.0,-6e-06,0.0,-0.0,-1e-06,-0.0,-0.0,-4.8e-05,-0.000104,0.0,-0.0,-0.0,-0.0,-0.0,-1e-05,-0.0,-1e-06,-9.7e-05,-0.0,-0.0,-2.7e-05,-0.0,-0.0,-0.0,-0.0,-1.9e-05,-9.9e-05,0.0,-9e-06,-0.0,-5.7e-05,-6.2e-05,-0.0,-6.3e-05,-0.0,-2.1e-05,-0.0,0.0,-0.0,-0.000309,-8.2e-05,-4e-06,-1.5e-05,-6.9e-05,-0.0,-0.0,-0.0,-0.0,-0.0,-2e-06,-2e-06,-4.4e-05
2017-05-28 19:09:00+02:00,-0.0,0.0,-0.0,-8e-06,-0.0,-0.0,-0.0,-0.0,-1.3e-05,-0.0,-0.0,-0.0,-0.000129,-0.000105,-1e-06,-3.1e-05,-0.0,-0.0,-0.0,-0.00013,0.0,-0.000124,-0.0,-0.0,-0.000104,-5.2e-05,-0.0,0.0,-0.0,-0.0,-0.0,-2.3e-05,0.0,-2e-05,-7.9e-05,-0.0,-0.0,-0.0,0.0,-0.000132,-0.0,-0.0,-1e-06,0.0,-0.0,-0.0,-0.0,-2e-06,-0.0,0.0,-0.0,-1.7e-05,-1.4e-05,-0.000162,-0.0,0.0,-0.0,-0.0,0.0,-0.0,-1.2e-05,-0.000101,-4e-06,0.0,-0.0,-3.8e-05,-0.0,-6e-06,0.0,-0.0,-0.0,-0.0,-0.0,-5.1e-05,-0.000112,0.0,-0.0,-0.0,-0.0,-0.0,-8e-06,-0.0,-1e-06,-0.000102,-0.0,-0.0,-2.9e-05,-0.0,-0.0,-0.0,-0.0,-1.5e-05,-0.000104,0.0,-7e-06,-0.0,-4.6e-05,-5e-05,-0.0,-6.3e-05,-0.0,-1.7e-05,-0.0,0.0,-0.0,-0.000326,-8.5e-05,-3e-06,-1.2e-05,-5.5e-05,-0.0,-0.0,-0.0,-0.0,-0.0,-2e-06,-2e-06,-4.6e-05
2017-05-28 19:10:00+02:00,-0.0,0.0,-0.0,-6e-06,-0.0,-0.0,-0.0,-0.0,-1.1e-05,-0.0,-0.0,-0.0,-0.000125,-0.000101,-0.0,-2.5e-05,-0.0,-0.0,-0.0,-0.000116,0.0,-0.000109,-0.0,-0.0,-9.1e-05,-4.2e-05,-0.0,0.0,-0.0,-0.0,-0.0,-1.9e-05,0.0,-1.6e-05,-7.1e-05,-0.0,-0.0,-0.0,0.0,-0.00012,-0.0,-0.0,-1e-06,0.0,-0.0,-0.0,-0.0,-2e-06,-0.0,0.0,-0.0,-1.4e-05,-1.1e-05,-0.000158,-0.0,0.0,-0.0,-0.0,0.0,-0.0,-9e-06,-8.6e-05,-3e-06,0.0,-0.0,-3e-05,-0.0,-5e-06,0.0,-0.0,-0.0,-0.0,-0.0,-4.3e-05,-0.000107,0.0,-0.0,-0.0,-0.0,-0.0,-6e-06,-0.0,-0.0,-8.7e-05,-0.0,-0.0,-2.8e-05,-0.0,-0.0,-0.0,-0.0,-1.2e-05,-0.000101,0.0,-6e-06,-0.0,-3.7e-05,-4e-05,-0.0,-5.1e-05,-0.0,-1.4e-05,-0.0,0.0,-0.0,-0.000321,-8.2e-05,-2e-06,-9e-06,-4.4e-05,-0.0,-0.0,-0.0,-0.0,-0.0,-1e-06,-2e-06,-4.4e-05
2017-05-28 19:11:00+02:00,-0.0,0.0,-0.0,-5e-06,-0.0,-0.0,-0.0,-0.0,-1e-05,-0.0,-0.0,-0.0,-0.00012,-9.5e-05,-0.0,-2e-05,-0.0,-0.0,-0.0,-0.000106,0.0,-9.9e-05,-0.0,-0.0,-7.7e-05,-3.4e-05,-0.0,0.0,-0.0,-0.0,-0.0,-1.5e-05,0.0,-1.3e-05,-6.3e-05,-0.0,-0.0,-0.0,0.0,-0.000107,-0.0,-0.0,-1e-06,0.0,-0.0,-0.0,-0.0,-2e-06,-0.0,0.0,-0.0,-1.1e-05,-9e-06,-0.000151,-0.0,0.0,-0.0,-0.0,0.0,-0.0,-8e-06,-7.1e-05,-2e-06,0.0,-0.0,-2.4e-05,-0.0,-4e-06,0.0,-0.0,-0.0,-0.0,-0.0,-3.7e-05,-9.9e-05,0.0,-0.0,-0.0,-0.0,-0.0,-5e-06,-0.0,-0.0,-7.2e-05,-0.0,-0.0,-2.7e-05,-0.0,-0.0,-0.0,-0.0,-1e-05,-9.6e-05,0.0,-5e-06,-0.0,-2.9e-05,-3.2e-05,-0.0,-4e-05,-0.0,-1.1e-05,-0.0,0.0,-0.0,-0.00031,-7.8e-05,-2e-06,-8e-06,-3.5e-05,-0.0,-0.0,-0.0,-0.0,-0.0,-1e-06,-1e-06,-4.1e-05
2017-05-28 19:12:00+02:00,-0.0,0.0,-0.0,-4e-06,-0.0,-0.0,-0.0,-0.0,-8e-06,-0.0,-0.0,-0.0,-0.000114,-8.8e-05,-0.0,-1.6e-05,-0.0,-0.0,-0.0,-8.8e-05,0.0,-8e-05,-0.0,-0.0,-6.1e-05,-2.7e-05,-0.0,0.0,-0.0,-0.0,-0.0,-1.2e-05,0.0,-1e-05,-5.4e-05,-0.0,-0.0,-0.0,0.0,-9.2e-05,-0.0,-0.0,-1e-06,0.0,-0.0,-0.0,-0.0,-1e-06,-0.0,0.0,-0.0,-9e-06,-7e-06,-0.000143,-0.0,0.0,-0.0,-0.0,0.0,-0.0,-6e-06,-5.7e-05,-2e-06,0.0,-0.0,-2e-05,-0.0,-3e-06,0.0,-0.0,-0.0,-0.0,-0.0,-3e-05,-9.1e-05,0.0,-0.0,-0.0,-0.0,-0.0,-4e-06,-0.0,-0.0,-5.8e-05,-0.0,-0.0,-2.5e-05,-0.0,-0.0,-0.0,-0.0,-8e-06,-9e-05,0.0,-4e-06,-0.0,-2.3e-05,-2.5e-05,-0.0,-3.2e-05,-0.0,-9e-06,-0.0,0.0,-0.0,-0.000295,-7.4e-05,-1e-06,-6e-06,-2.8e-05,-0.0,-0.0,-0.0,-0.0,-0.0,-1e-06,-1e-06,-3.8e-05
2017-05-28 19:13:00+02:00,-0.0,0.0,-0.0,-3e-06,-0.0,-0.0,-0.0,-0.0,-7e-06,-0.0,-0.0,-0.0,-0.00011,-8.4e-05,-0.0,-1.3e-05,-0.0,-0.0,-0.0,-7e-05,0.0,-6.4e-05,-0.0,-0.0,-5.4e-05,-2.1e-05,-0.0,0.0,-0.0,-0.0,-0.0,-1e-05,0.0,-8e-06,-4.8e-05,-0.0,-0.0,-0.0,0.0,-8.4e-05,-0.0,-0.0,-1e-06,0.0,-0.0,-0.0,-0.0,-1e-06,-0.0,0.0,-0.0,-7e-06,-6e-06,-0.000139,-0.0,0.0,-0.0,-0.0,0.0,-0.0,-5e-06,-4.6e-05,-1e-06,0.0,-0.0,-1.6e-05,-0.0,-2e-06,0.0,-0.0,-0.0,-0.0,-0.0,-2.4e-05,-8.6e-05,0.0,-0.0,-0.0,-0.0,-0.0,-3e-06,-0.0,-0.0,-4.8e-05,-0.0,-0.0,-2.4e-05,-0.0,-0.0,-0.0,-0.0,-6e-06,-8.6e-05,0.0,-3e-06,-0.0,-1.9e-05,-2e-05,-0.0,-2.6e-05,-0.0,-7e-06,-0.0,0.0,-0.0,-0.000288,-7e-05,-1e-06,-5e-06,-2.3e-05,-0.0,-0.0,-0.0,-0.0,-0.0,-1e-06,-1e-06,-3.6e-05
2017-05-28 19:14:00+02:00,-0.0,0.0,-0.0,-3e-06,-0.0,-0.0,-0.0,-0.0,-6e-06,-0.0,-0.0,-0.0,-0.000102,-7.4e-05,-0.0,-1e-05,-0.0,-0.0,-0.0,-5.6e-05,0.0,-5.1e-05,-0.0,-0.0,-4.3e-05,-1.7e-05,-0.0,0.0,-0.0,-0.0,-0.0,-8e-06,0.0,-7e-06,-3.9e-05,-0.0,-0.0,-0.0,0.0,-6.7e-05,-0.0,-0.0,-0.0,0.0,-0.0,-0.0,-0.0,-1e-06,-0.0,0.0,-0.0,-6e-06,-5e-06,-0.000128,-0.0,0.0,-0.0,-0.0,0.0,-0.0,-4e-06,-3.7e-05,-1e-06,0.0,-0.0,-1.2e-05,-0.0,-2e-06,0.0,-0.0,-0.0,-0.0,-0.0,-1.9e-05,-7.4e-05,0.0,-0.0,-0.0,-0.0,-0.0,-3e-06,-0.0,-0.0,-3.9e-05,-0.0,-0.0,-2.2e-05,-0.0,-0.0,-0.0,-0.0,-5e-06,-7.8e-05,0.0,-2e-06,-0.0,-1.5e-05,-1.6e-05,-0.0,-2.1e-05,-0.0,-6e-06,-0.0,0.0,-0.0,-0.000268,-6.5e-05,-1e-06,-4e-06,-1.8e-05,-0.0,-0.0,-0.0,-0.0,-0.0,-1e-06,-1e-06,-3.2e-05
2017-05-28 19:15:00+02:00,-0.0,0.0,-0.0,-2e-06,-0.0,-0.0,-0.0,-0.0,-4e-06,-0.0,-0.0,-0.0,-9.5e-05,-6.6e-05,-0.0,-8e-06,-0.0,-0.0,-0.0,-4.5e-05,0.0,-4.1e-05,-0.0,-0.0,-3.5e-05,-1.4e-05,-0.0,0.0,-0.0,-0.0,-0.0,-6e-06,0.0,-5e-06,-3.1e-05,-0.0,-0.0,-0.0,0.0,-5.4e-05,-0.0,-0.0,-0.0,0.0,-0.0,-0.0,-0.0,-1e-06,-0.0,0.0,-0.0,-5e-06,-4e-06,-0.00012,-0.0,0.0,-0.0,-0.0,0.0,-0.0,-3e-06,-3e-05,-1e-06,0.0,-0.0,-1e-05,-0.0,-2e-06,0.0,-0.0,-0.0,-0.0,-0.0,-1.5e-05,-6.5e-05,0.0,-0.0,-0.0,-0.0,-0.0,-2e-06,-0.0,-0.0,-3.1e-05,-0.0,-0.0,-2e-05,-0.0,-0.0,-0.0,-0.0,-4e-06,-7.1e-05,0.0,-2e-06,-0.0,-1.2e-05,-1.3e-05,-0.0,-1.7e-05,-0.0,-4e-06,-0.0,0.0,-0.0,-0.000251,-5.9e-05,-1e-06,-3e-06,-1.4e-05,-0.0,-0.0,-0.0,-0.0,-0.0,-0.0,-1e-06,-2.9e-05
2017-05-28 19:16:00+02:00,-0.0,0.0,-0.0,-2e-06,-0.0,-0.0,-0.0,-0.0,-4e-06,-0.0,-0.0,-0.0,-8.5e-05,-5.7e-05,-0.0,-4e-05,-0.0,-0.0,-0.0,-3.6e-05,0.0,-3.3e-05,-0.0,-0.0,-2.8e-05,-7.1e-05,-0.0,0.0,-0.0,-0.0,-0.0,-5e-06,0.0,-4e-06,-2.5e-05,-0.0,-0.0,-0.0,0.0,-4.3e-05,-0.0,-0.0,-0.0,0.0,-0.0,-0.0,-0.0,-1e-06,-0.0,0.0,-0.0,-4e-06,-1.5e-05,-0.000107,-0.0,0.0,-0.0,-0.0,0.0,-0.0,-2e-06,-2.4e-05,-1e-06,0.0,-0.0,-5.2e-05,-0.0,-1e-06,0.0,-0.0,-0.0,-0.0,-0.0,-1.2e-05,-5.4e-05,0.0,-0.0,-0.0,-0.0,-0.0,-9e-06,-0.0,-0.0,-2.5e-05,-0.0,-0.0,-1.8e-05,-0.0,-0.0,-0.0,-0.0,-1.7e-05,-6.3e-05,0.0,-3e-06,-0.0,-6e-05,-6.6e-05,-0.0,-1.3e-05,-0.0,-1.7e-05,-0.0,0.0,-0.0,-0.000226,-5.3e-05,-1e-06,-7e-06,-7.4e-05,-0.0,-0.0,-0.0,-0.0,-0.0,-0.0,-0.0,-2.5e-05
2017-05-28 19:17:00+02:00,-0.0,0.0,-0.0,-1e-06,-0.0,-0.0,-0.0,-0.0,-3e-06,-0.0,-0.0,-0.0,-6.8e-05,-4.6e-05,-0.0,-3.2e-05,-0.0,-0.0,-0.0,-2.9e-05,0.0,-2.6e-05,-0.0,-0.0,-2.2e-05,-5.7e-05,-0.0,0.0,-0.0,-0.0,-0.0,-4e-06,0.0,-3e-06,-2e-05,-0.0,-0.0,-0.0,0.0,-3.4e-05,-0.0,-0.0,-0.0,0.0,-0.0,-0.0,-0.0,-0.0,-0.0,0.0,-0.0,-3e-06,-1.2e-05,-8.5e-05,-0.0,0.0,-0.0,-0.0,0.0,-0.0,-2e-06,-1.9e-05,-1e-06,0.0,-0.0,-4.1e-05,-0.0,-1e-06,0.0,-0.0,-0.0,-0.0,-0.0,-1e-05,-4.4e-05,0.0,-0.0,-0.0,-0.0,-0.0,-7e-06,-0.0,-0.0,-2e-05,-0.0,-0.0,-1.5e-05,-0.0,-0.0,-0.0,-0.0,-1.4e-05,-5e-05,0.0,-3e-06,-0.0,-4.8e-05,-5.3e-05,-0.0,-1.1e-05,-0.0,-1.3e-05,-0.0,0.0,-0.0,-0.00018,-4.3e-05,-0.0,-5e-06,-5.9e-05,-0.0,-0.0,-0.0,-0.0,-0.0,-0.0,-0.0,-2e-05
2017-05-28 19:18:00+02:00,-0.0,0.0,-0.0,-1e-06,-0.0,-0.0,-0.0,-0.0,-2e-06,-0.0,-0.0,-0.0,-5.4e-05,-3.6e-05,-0.0,-2.6e-05,-0.0,-0.0,-0.0,-2.3e-05,0.0,-2.1e-05,-0.0,-0.0,-1.8e-05,-4.6e-05,-0.0,0.0,-0.0,-0.0,-0.0,-3e-06,0.0,-3e-06,-1.6e-05,-0.0,-0.0,-0.0,0.0,-2.7e-05,-0.0,-0.0,-0.0,0.0,-0.0,-0.0,-0.0,-0.0,-0.0,0.0,-0.0,-2e-06,-1e-05,-6.8e-05,-0.0,0.0,-0.0,-0.0,0.0,-0.0,-2e-06,-1.5e-05,-0.0,0.0,-0.0,-3.3e-05,-0.0,-1e-06,0.0,-0.0,-0.0,-0.0,-0.0,-8e-06,-3.5e-05,0.0,-0.0,-0.0,-0.0,-0.0,-6e-06,-0.0,-0.0,-1.6e-05,-0.0,-0.0,-1.2e-05,-0.0,-0.0,-0.0,-0.0,-1.1e-05,-4e-05,0.0,-2e-06,-0.0,-3.8e-05,-4.2e-05,-0.0,-8e-06,-0.0,-1.1e-05,-0.0,0.0,-0.0,-0.000144,-3.4e-05,-0.0,-4e-06,-4.7e-05,-0.0,-0.0,-0.0,-0.0,-0.0,-0.0,-0.0,-1.6e-05
2017-05-28 19:19:00+02:00,-0.0,0.0,-0.0,-1e-06,-0.0,-0.0,-0.0,-0.0,-2e-06,-0.0,-0.0,-0.0,-4.3e-05,-2.9e-05,-0.0,-2.1e-05,-0.0,-0.0,-0.0,-1.8e-05,0.0,-1.7e-05,-0.0,-0.0,-1.4e-05,-3.6e-05,-0.0,0.0,-0.0,-0.0,-0.0,-3e-06,0.0,-2e-06,-1.3e-05,-0.0,-0.0,-0.0,0.0,-2.2e-05,-0.0,-0.0,-0.0,0.0,-0.0,-0.0,-0.0,-0.0,-0.0,0.0,-0.0,-2e-06,-8e-06,-5.5e-05,-0.0,0.0,-0.0,-0.0,0.0,-0.0,-1e-06,-1.2e-05,-0.0,0.0,-0.0,-2.7e-05,-0.0,-1e-06,0.0,-0.0,-0.0,-0.0,-0.0,-6e-06,-2.8e-05,0.0,-0.0,-0.0,-0.0,-0.0,-5e-06,-0.0,-0.0,-1.3e-05,-0.0,-0.0,-9e-06,-0.0,-0.0,-0.0,-0.0,-9e-06,-3.2e-05,0.0,-2e-06,-0.0,-3.1e-05,-3.4e-05,-0.0,-7e-06,-0.0,-9e-06,-0.0,0.0,-0.0,-0.000115,-2.7e-05,-0.0,-3e-06,-3.8e-05,-0.0,-0.0,-0.0,-0.0,-0.0,-0.0,-0.0,-1.3e-05
2017-05-28 19:20:00+02:00,-0.0,0.0,-0.0,-1e-06,-0.0,-0.0,-0.0,-0.0,-1e-06,-0.0,-0.0,-0.0,-3.5e-05,-2.3e-05,-0.0,-1.7e-05,-0.0,-0.0,-0.0,-1.5e-05,0.0,-1.3e-05,-0.0,-0.0,-1.1e-05,-2.9e-05,-0.0,0.0,-0.0,-0.0,-0.0,-2e-06,0.0,-2e-06,-1e-05,-0.0,-0.0,-0.0,0.0,-1.8e-05,-0.0,-0.0,-0.0,0.0,-0.0,-0.0,-0.0,-0.0,-0.0,0.0,-0.0,-1e-06,-6e-06,-4.4e-05,-0.0,0.0,-0.0,-0.0,0.0,-0.0,-1e-06,-1e-05,-0.0,0.0,-0.0,-2.1e-05,-0.0,-1e-06,0.0,-0.0,-0.0,-0.0,-0.0,-5e-06,-2.2e-05,0.0,-0.0,-0.0,-0.0,-0.0,-4e-06,-0.0,-0.0,-1e-05,-0.0,-0.0,-7e-06,-0.0,-0.0,-0.0,-0.0,-7e-06,-2.6e-05,0.0,-1e-06,-0.0,-2.5e-05,-2.7e-05,-0.0,-5e-06,-0.0,-7e-06,-0.0,0.0,-0.0,-9.2e-05,-2.2e-05,-0.0,-3e-06,-3e-05,-0.0,-0.0,-0.0,-0.0,-0.0,-0.0,-0.0,-1e-05
2017-05-28 19:21:00+02:00,-0.0,0.0,-0.0,-1e-06,-0.0,-0.0,-0.0,-0.0,-1e-06,-0.0,-0.0,-0.0,-2.8e-05,-1.9e-05,-0.0,-1.3e-05,-0.0,-0.0,-0.0,-1.2e-05,0.0,-1.1e-05,-0.0,-0.0,-9e-06,-2.3e-05,-0.0,0.0,-0.0,-0.0,-0.0,-2e-06,0.0,-1e-06,-8e-06,-0.0,-0.0,-0.0,0.0,-1.4e-05,-0.0,-0.0,-0.0,0.0,-0.0,-0.0,-0.0,-0.0,-0.0,0.0,-0.0,-1e-06,-5e-06,-3.5e-05,-0.0,0.0,-0.0,-0.0,0.0,-0.0,-1e-06,-8e-06,-0.0,0.0,-0.0,-1.7e-05,-0.0,-0.0,0.0,-0.0,-0.0,-0.0,-0.0,-4e-06,-1.8e-05,0.0,-0.0,-0.0,-0.0,-0.0,-3e-06,-0.0,-0.0,-8e-06,-0.0,-0.0,-6e-06,-0.0,-0.0,-0.0,-0.0,-6e-06,-2.1e-05,0.0,-1e-06,-0.0,-2e-05,-2.2e-05,-0.0,-4e-06,-0.0,-5e-06,-0.0,0.0,-0.0,-7.4e-05,-1.7e-05,-0.0,-2e-06,-2.4e-05,-0.0,-0.0,-0.0,-0.0,-0.0,-0.0,-0.0,-8e-06
2017-05-28 19:22:00+02:00,-0.0,0.0,-0.0,-0.0,-0.0,-0.0,-0.0,-0.0,-1e-06,-0.0,-0.0,-0.0,-2.2e-05,-1.5e-05,-0.0,-1.1e-05,-0.0,-0.0,-0.0,-9e-06,0.0,-9e-06,-0.0,-0.0,-7e-06,-1.9e-05,-0.0,0.0,-0.0,-0.0,-0.0,-1e-06,0.0,-1e-06,-6e-06,-0.0,-0.0,-0.0,0.0,-1.1e-05,-0.0,-0.0,-0.0,0.0,-0.0,-0.0,-0.0,-0.0,-0.0,0.0,-0.0,-1e-06,-4e-06,-2.8e-05,-0.0,0.0,-0.0,-0.0,0.0,-0.0,-1e-06,-6e-06,-0.0,0.0,-0.0,-1.4e-05,-0.0,-0.0,0.0,-0.0,-0.0,-0.0,-0.0,-3e-06,-1.4e-05,0.0,-0.0,-0.0,-0.0,-0.0,-2e-06,-0.0,-0.0,-6e-06,-0.0,-0.0,-5e-06,-0.0,-0.0,-0.0,-0.0,-5e-06,-1.7e-05,0.0,-1e-06,-0.0,-1.6e-05,-1.7e-05,-0.0,-3e-06,-0.0,-4e-06,-0.0,0.0,-0.0,-5.9e-05,-1.4e-05,-0.0,-2e-06,-1.9e-05,-0.0,-0.0,-0.0,-0.0,-0.0,-0.0,-0.0,-7e-06
2017-05-28 19:23:00+02:00,-0.0,0.0,-0.0,-0.0,-0.0,-0.0,-0.0,-0.0,-1e-06,-0.0,-0.0,-0.0,-1.8e-05,-1.2e-05,-0.0,-8e-06,-0.0,-0.0,-0.0,-8e-06,0.0,-7e-06,-0.0,-0.0,-6e-06,-1.5e-05,-0.0,0.0,-0.0,-0.0,-0.0,-1e-06,0.0,-1e-06,-5e-06,-0.0,-0.0,-0.0,0.0,-9e-06,-0.0,-0.0,-0.0,0.0,-0.0,-0.0,-0.0,-0.0,-0.0,0.0,-0.0,-1e-06,-3e-06,-2.2e-05,-0.0,0.0,-0.0,-0.0,0.0,-0.0,-1e-06,-5e-06,-0.0,0.0,-0.0,-1.1e-05,-0.0,-0.0,0.0,-0.0,-0.0,-0.0,-0.0,-3e-06,-1.1e-05,0.0,-0.0,-0.0,-0.0,-0.0,-2e-06,-0.0,-0.0,-5e-06,-0.0,-0.0,-4e-06,-0.0,-0.0,-0.0,-0.0,-4e-06,-1.3e-05,0.0,-1e-06,-0.0,-1.3e-05,-1.4e-05,-0.0,-3e-06,-0.0,-3e-06,-0.0,0.0,-0.0,-4.7e-05,-1.1e-05,-0.0,-1e-06,-1.5e-05,-0.0,-0.0,-0.0,-0.0,-0.0,-0.0,-0.0,-5e-06
2017-05-28 19:24:00+02:00,-0.0,0.0,-0.0,-0.0,-0.0,-0.0,-0.0,-0.0,-1e-06,-0.0,-0.0,-0.0,-1.4e-05,-1e-05,-0.0,-1.2e-05,-0.0,-0.0,-0.0,-6e-06,0.0,-5e-06,-0.0,-0.0,-5e-06,-5e-05,-0.0,0.0,-0.0,-0.0,-0.0,-1e-06,0.0,-1e-06,-4e-06,-0.0,-0.0,-0.0,0.0,-7e-06,-0.0,-0.0,-0.0,0.0,-0.0,-0.0,-0.0,-0.0,-0.0,0.0,-0.0,-1e-06,-5e-06,-1.8e-05,-0.0,0.0,-0.0,-0.0,0.0,-0.0,-0.0,-4e-06,-0.0,0.0,-0.0,-2.7e-05,-0.0,-0.0,0.0,-0.0,-0.0,-0.0,-0.0,-2e-06,-9e-06,0.0,-0.0,-0.0,-0.0,-0.0,-3e-06,-0.0,-0.0,-4e-06,-0.0,-0.0,-3e-06,-0.0,-0.0,-0.0,-0.0,-9e-06,-1.1e-05,0.0,-1e-06,-0.0,-4.2e-05,-4.7e-05,-0.0,-2e-06,-0.0,-3e-06,-0.0,0.0,-0.0,-3.8e-05,-9e-06,-0.0,-1e-06,-5.3e-05,-0.0,-0.0,-0.0,-0.0,-0.0,-0.0,-0.0,-4e-06
2017-05-28 19:25:00+02:00,-0.0,0.0,-0.0,-0.0,-0.0,-0.0,-0.0,-0.0,-0.0,-0.0,-0.0,-0.0,-1.1e-05,-8e-06,-0.0,-3.1e-05,-0.0,-0.0,-0.0,-5e-06,0.0,-4e-06,-0.0,-0.0,-4e-06,-9.3e-05,-0.0,0.0,-0.0,-0.0,-0.0,-1e-06,0.0,-1e-06,-3e-06,-0.0,-0.0,-0.0,0.0,-6e-06,-0.0,-0.0,-0.0,0.0,-0.0,-0.0,-0.0,-0.0,-0.0,0.0,-0.0,-0.0,-1.1e-05,-1.4e-05,-0.0,0.0,-0.0,-0.0,0.0,-0.0,-0.0,-3e-06,-0.0,0.0,-0.0,-5.5e-05,-0.0,-0.0,0.0,-0.0,-0.0,-0.0,-0.0,-2e-06,-7e-06,0.0,-0.0,-0.0,-0.0,-0.0,-6e-06,-0.0,-0.0,-3e-06,-0.0,-0.0,-2e-06,-0.0,-0.0,-0.0,-0.0,-1.7e-05,-8e-06,0.0,-0.0,-0.0,-7.7e-05,-8.6e-05,-0.0,-2e-06,-0.0,-2e-06,-0.0,0.0,-0.0,-3e-05,-7e-06,-0.0,-1e-06,-9.9e-05,-0.0,-0.0,-0.0,-0.0,-0.0,-0.0,-0.0,-3e-06
2017-05-28 19:26:00+02:00,-0.0,0.0,-0.0,-0.0,-0.0,-0.0,-0.0,-0.0,-0.0,-0.0,-0.0,-0.0,-9e-06,-6e-06,-0.0,-2.5e-05,-0.0,-0.0,-0.0,-4e-06,0.0,-4e-06,-0.0,-0.0,-3e-06,-0.000101,-0.0,0.0,-0.0,-0.0,-0.0,-1e-06,0.0,-0.0,-3e-06,-0.0,-0.0,-0.0,0.0,-5e-06,-0.0,-0.0,-0.0,0.0,-0.0,-0.0,-0.0,-0.0,-0.0,0.0,-0.0,-0.0,-9e-06,-1.1e-05,-0.0,0.0,-0.0,-0.0,0.0,-0.0,-0.0,-3e-06,-0.0,0.0,-0.0,-5.1e-05,-0.0,-0.0,0.0,-0.0,-0.0,-0.0,-0.0,-1e-06,-6e-06,0.0,-0.0,-0.0,-0.0,-0.0,-5e-06,-0.0,-0.0,-3e-06,-0.0,-0.0,-2e-06,-0.0,-0.0,-0.0,-0.0,-1.8e-05,-7e-06,0.0,-0.0,-0.0,-8.5e-05,-9.5e-05,-0.0,-1e-06,-0.0,-2e-06,-0.0,0.0,-0.0,-2.4e-05,-6e-06,-0.0,-1e-06,-0.000109,-0.0,-0.0,-0.0,-0.0,-0.0,-0.0,-0.0,-3e-06
2017-05-28 19:27:00+02:00,-0.0,0.0,-0.0,-0.0,-0.0,-0.0,-0.0,-0.0,-0.0,-0.0,-0.0,-0.0,-7e-06,-5e-06,-0.0,-2.9e-05,-0.0,-0.0,-0.0,-3e-06,0.0,-3e-06,-0.0,-0.0,-2e-06,-0.00012,-0.0,0.0,-0.0,-0.0,-0.0,-0.0,0.0,-0.0,-2e-06,-0.0,-0.0,-0.0,0.0,-4e-06,-0.0,-0.0,-0.0,0.0,-0.0,-0.0,-0.0,-0.0,-0.0,0.0,-0.0,-0.0,-1e-05,-9e-06,-0.0,0.0,-0.0,-0.0,0.0,-0.0,-0.0,-2e-06,-0.0,0.0,-0.0,-6.2e-05,-0.0,-0.0,0.0,-0.0,-0.0,-0.0,-0.0,-1e-06,-5e-06,0.0,-0.0,-0.0,-0.0,-0.0,-6e-06,-0.0,-0.0,-2e-06,-0.0,-0.0,-2e-06,-0.0,-0.0,-0.0,-0.0,-2.1e-05,-5e-06,0.0,-0.0,-0.0,-0.000101,-0.000113,-0.0,-1e-06,-0.0,-1e-06,-0.0,0.0,-0.0,-1.9e-05,-5e-06,-0.0,-1e-06,-0.00013,-0.0,-0.0,-0.0,-0.0,-0.0,-0.0,-0.0,-2e-06
2017-05-28 19:28:00+02:00,-0.0,0.0,-0.0,-0.0,-0.0,-0.0,-0.0,-0.0,-0.0,-0.0,-0.0,-0.0,-6e-06,-4e-06,-0.0,-2.3e-05,-0.0,-0.0,-0.0,-2e-06,0.0,-2e-06,-0.0,-0.0,-2e-06,-9.6e-05,-0.0,0.0,-0.0,-0.0,-0.0,-0.0,0.0,-0.0,-2e-06,-0.0,-0.0,-0.0,0.0,-3e-06,-0.0,-0.0,-0.0,0.0,-0.0,-0.0,-0.0,-0.0,-0.0,0.0,-0.0,-0.0,-8e-06,-7e-06,-0.0,0.0,-0.0,-0.0,0.0,-0.0,-0.0,-2e-06,-0.0,0.0,-0.0,-4.9e-05,-0.0,-0.0,0.0,-0.0,-0.0,-0.0,-0.0,-1e-06,-4e-06,0.0,-0.0,-0.0,-0.0,-0.0,-5e-06,-0.0,-0.0,-2e-06,-0.0,-0.0,-1e-06,-0.0,-0.0,-0.0,-0.0,-1.7e-05,-4e-06,0.0,-0.0,-0.0,-8.1e-05,-9.1e-05,-0.0,-1e-06,-0.0,-1e-06,-0.0,0.0,-0.0,-1.5e-05,-4e-06,-0.0,-0.0,-0.000104,-0.0,-0.0,-0.0,-0.0,-0.0,-0.0,-0.0,-2e-06
2017-05-28 19:29:00+02:00,-0.0,0.0,-0.0,-0.0,-0.0,-0.0,-0.0,-0.0,-0.0,-0.0,-0.0,-0.0,-5e-06,-3e-06,-0.0,-1.9e-05,-0.0,-0.0,-0.0,-2e-06,0.0,-2e-06,-0.0,-0.0,-2e-06,-7.7e-05,-0.0,0.0,-0.0,-0.0,-0.0,-0.0,0.0,-0.0,-1e-06,-0.0,-0.0,-0.0,0.0,-2e-06,-0.0,-0.0,-0.0,0.0,-0.0,-0.0,-0.0,-0.0,-0.0,0.0,-0.0,-0.0,-6e-06,-6e-06,-0.0,0.0,-0.0,-0.0,0.0,-0.0,-0.0,-1e-06,-0.0,0.0,-0.0,-4e-05,-0.0,-0.0,0.0,-0.0,-0.0,-0.0,-0.0,-1e-06,-3e-06,0.0,-0.0,-0.0,-0.0,-0.0,-4e-06,-0.0,-0.0,-1e-06,-0.0,-0.0,-1e-06,-0.0,-0.0,-0.0,-0.0,-1.4e-05,-3e-06,0.0,-0.0,-0.0,-6.5e-05,-7.3e-05,-0.0,-1e-06,-0.0,-1e-06,-0.0,0.0,-0.0,-1.2e-05,-3e-06,-0.0,-0.0,-8.3e-05,-0.0,-0.0,-0.0,-0.0,-0.0,-0.0,-0.0,-1e-06
2017-05-28 19:30:00+02:00,-0.0,0.0,-0.0,-0.0,-0.0,-0.0,-0.0,-0.0,-0.0,-0.0,-0.0,-0.0,-4e-06,-3e-06,-0.0,-1.5e-05,-0.0,-0.0,-0.0,-2e-06,0.0,-1e-06,-0.0,-0.0,-1e-06,-6.1e-05,-0.0,0.0,-0.0,-0.0,-0.0,-0.0,0.0,-0.0,-1e-06,-0.0,-0.0,-0.0,0.0,-2e-06,-0.0,-0.0,-0.0,0.0,-0.0,-0.0,-0.0,-0.0,-0.0,0.0,-0.0,-0.0,-5e-06,-5e-06,-0.0,0.0,-0.0,-0.0,0.0,-0.0,-0.0,-1e-06,-0.0,0.0,-0.0,-3.2e-05,-0.0,-0.0,0.0,-0.0,-0.0,-0.0,-0.0,-1e-06,-2e-06,0.0,-0.0,-0.0,-0.0,-0.0,-3e-06,-0.0,-0.0,-1e-06,-0.0,-0.0,-1e-06,-0.0,-0.0,-0.0,-0.0,-1.1e-05,-3e-06,0.0,-0.0,-0.0,-5.2e-05,-5.8e-05,-0.0,-1e-06,-0.0,-1e-06,-0.0,0.0,-0.0,-1e-05,-2e-06,-0.0,-0.0,-6.7e-05,-0.0,-0.0,-0.0,-0.0,-0.0,-0.0,-0.0,-1e-06
2017-05-28 19:31:00+02:00,-0.0,0.0,-0.0,-0.0,-0.0,-0.0,-0.0,-0.0,-0.0,-0.0,-0.0,-0.0,-3e-06,-2e-06,-0.0,-1.2e-05,-0.0,-0.0,-0.0,-1e-06,0.0,-1e-06,-0.0,-0.0,-1e-06,-4.9e-05,-0.0,0.0,-0.0,-0.0,-0.0,-0.0,0.0,-0.0,-1e-06,-0.0,-0.0,-0.0,0.0,-2e-06,-0.0,-0.0,-0.0,0.0,-0.0,-0.0,-0.0,-0.0,-0.0,0.0,-0.0,-0.0,-4e-06,-4e-06,-0.0,0.0,-0.0,-0.0,0.0,-0.0,-0.0,-1e-06,-0.0,0.0,-0.0,-2.5e-05,-0.0,-0.0,0.0,-0.0,-0.0,-0.0,-0.0,-0.0,-2e-06,0.0,-0.0,-0.0,-0.0,-0.0,-2e-06,-0.0,-0.0,-1e-06,-0.0,-0.0,-1e-06,-0.0,-0.0,-0.0,-0.0,-9e-06,-2e-06,0.0,-0.0,-0.0,-4.1e-05,-4.6e-05,-0.0,-0.0,-0.0,-1e-06,-0.0,0.0,-0.0,-8e-06,-2e-06,-0.0,-0.0,-5.3e-05,-0.0,-0.0,-0.0,-0.0,-0.0,-0.0,-0.0,-1e-06
2017-05-28 19:32:00+02:00,-0.0,0.0,-0.0,-0.0,-0.0,-0.0,-0.0,-0.0,-0.0,-0.0,-0.0,-0.0,-2e-06,-2e-06,-0.0,-1e-05,-0.0,-0.0,-0.0,-1e-06,0.0,-1e-06,-0.0,-0.0,-1e-06,-3.9e-05,-0.0,0.0,-0.0,-0.0,-0.0,-0.0,0.0,-0.0,-1e-06,-0.0,-0.0,-0.0,0.0,-1e-06,-0.0,-0.0,-0.0,0.0,-0.0,-0.0,-0.0,-0.0,-0.0,0.0,-0.0,-0.0,-3e-06,-3e-06,-0.0,0.0,-0.0,-0.0,0.0,-0.0,-0.0,-1e-06,-0.0,0.0,-0.0,-2e-05,-0.0,-0.0,0.0,-0.0,-0.0,-0.0,-0.0,-0.0,-2e-06,0.0,-0.0,-0.0,-0.0,-0.0,-2e-06,-0.0,-0.0,-1e-06,-0.0,-0.0,-1e-06,-0.0,-0.0,-0.0,-0.0,-7e-06,-2e-06,0.0,-0.0,-0.0,-3.3e-05,-3.7e-05,-0.0,-0.0,-0.0,-0.0,-0.0,0.0,-0.0,-6e-06,-1e-06,-0.0,-0.0,-4.3e-05,-0.0,-0.0,-0.0,-0.0,-0.0,-0.0,-0.0,-1e-06
2017-05-28 19:33:00+02:00,-0.0,0.0,-0.0,-0.0,-0.0,-0.0,-0.0,-0.0,-0.0,-0.0,-0.0,-0.0,-2e-06,-1e-06,-0.0,-8e-06,-0.0,-0.0,-0.0,-1e-06,0.0,-1e-06,-0.0,-0.0,-1e-06,-3.1e-05,-0.0,0.0,-0.0,-0.0,-0.0,-0.0,0.0,-0.0,-1e-06,-0.0,-0.0,-0.0,0.0,-1e-06,-0.0,-0.0,-0.0,0.0,-0.0,-0.0,-0.0,-0.0,-0.0,0.0,-0.0,-0.0,-3e-06,-2e-06,-0.0,0.0,-0.0,-0.0,0.0,-0.0,-0.0,-1e-06,-0.0,0.0,-0.0,-1.6e-05,-0.0,-0.0,0.0,-0.0,-0.0,-0.0,-0.0,-0.0,-1e-06,0.0,-0.0,-0.0,-0.0,-0.0,-1e-06,-0.0,-0.0,-1e-06,-0.0,-0.0,-0.0,-0.0,-0.0,-0.0,-0.0,-6e-06,-1e-06,0.0,-0.0,-0.0,-2.6e-05,-3e-05,-0.0,-0.0,-0.0,-0.0,-0.0,0.0,-0.0,-5e-06,-1e-06,-0.0,-0.0,-3.4e-05,-0.0,-0.0,-0.0,-0.0,-0.0,-0.0,-0.0,-1e-06
2017-05-28 19:34:00+02:00,-0.0,0.0,-0.0,-0.0,-0.0,-0.0,-0.0,-0.0,-0.0,-0.0,-0.0,-0.0,-2e-06,-1e-06,-0.0,-6e-06,-0.0,-0.0,-0.0,-1e-06,0.0,-1e-06,-0.0,-0.0,-1e-06,-2.5e-05,-0.0,0.0,-0.0,-0.0,-0.0,-0.0,0.0,-0.0,-0.0,-0.0,-0.0,-0.0,0.0,-1e-06,-0.0,-0.0,-0.0,0.0,-0.0,-0.0,-0.0,-0.0,-0.0,0.0,-0.0,-0.0,-2e-06,-2e-06,-0.0,0.0,-0.0,-0.0,0.0,-0.0,-0.0,-0.0,-0.0,0.0,-0.0,-1.3e-05,-0.0,-0.0,0.0,-0.0,-0.0,-0.0,-0.0,-0.0,-1e-06,0.0,-0.0,-0.0,-0.0,-0.0,-1e-06,-0.0,-0.0,-0.0,-0.0,-0.0,-0.0,-0.0,-0.0,-0.0,-0.0,-4e-06,-1e-06,0.0,-0.0,-0.0,-2.1e-05,-2.4e-05,-0.0,-0.0,-0.0,-0.0,-0.0,0.0,-0.0,-4e-06,-1e-06,-0.0,-0.0,-2.7e-05,-0.0,-0.0,-0.0,-0.0,-0.0,-0.0,-0.0,-0.0
2017-05-28 19:35:00+02:00,-0.0,0.0,-0.0,-0.0,-0.0,-0.0,-0.0,-0.0,-0.0,-0.0,-0.0,-0.0,-1e-06,-1e-06,-0.0,-5e-06,-0.0,-0.0,-0.0,-1e-06,0.0,-0.0,-0.0,-0.0,-0.0,-2e-05,-0.0,0.0,-0.0,-0.0,-0.0,-0.0,0.0,-0.0,-0.0,-0.0,-0.0,-0.0,0.0,-1e-06,-0.0,-0.0,-0.0,0.0,-0.0,-0.0,-0.0,-0.0,-0.0,0.0,-0.0,-0.0,-2e-06,-2e-06,-0.0,0.0,-0.0,-0.0,0.0,-0.0,-0.0,-0.0,-0.0,0.0,-0.0,-1e-05,-0.0,-0.0,0.0,-0.0,-0.0,-0.0,-0.0,-0.0,-1e-06,0.0,-0.0,-0.0,-0.0,-0.0,-1e-06,-0.0,-0.0,-0.0,-0.0,-0.0,-0.0,-0.0,-0.0,-0.0,-0.0,-4e-06,-1e-06,0.0,-0.0,-0.0,-1.7e-05,-1.9e-05,-0.0,-0.0,-0.0,-0.0,-0.0,0.0,-0.0,-3e-06,-1e-06,-0.0,-0.0,-2.2e-05,-0.0,-0.0,-0.0,-0.0,-0.0,-0.0,-0.0,-0.0
2017-05-28 19:36:00+02:00,-0.0,0.0,-0.0,-0.0,-0.0,-0.0,-0.0,-0.0,-0.0,-0.0,-0.0,-0.0,-1e-06,-1e-06,-0.0,-4e-06,-0.0,-0.0,-0.0,-0.0,0.0,-0.0,-0.0,-0.0,-0.0,-1.6e-05,-0.0,0.0,-0.0,-0.0,-0.0,-0.0,0.0,-0.0,-0.0,-0.0,-0.0,-0.0,0.0,-0.0,-0.0,-0.0,-0.0,0.0,-0.0,-0.0,-0.0,-0.0,-0.0,0.0,-0.0,-0.0,-1e-06,-1e-06,-0.0,0.0,-0.0,-0.0,0.0,-0.0,-0.0,-0.0,-0.0,0.0,-0.0,-8e-06,-0.0,-0.0,0.0,-0.0,-0.0,-0.0,-0.0,-0.0,-1e-06,0.0,-0.0,-0.0,-0.0,-0.0,-1e-06,-0.0,-0.0,-0.0,-0.0,-0.0,-0.0,-0.0,-0.0,-0.0,-0.0,-3e-06,-1e-06,0.0,-0.0,-0.0,-1.4e-05,-1.5e-05,-0.0,-0.0,-0.0,-0.0,-0.0,0.0,-0.0,-3e-06,-1e-06,-0.0,-0.0,-1.8e-05,-0.0,-0.0,-0.0,-0.0,-0.0,-0.0,-0.0,-0.0
2017-05-28 19:37:00+02:00,-0.0,0.0,-0.0,-0.0,-0.0,-0.0,-0.0,-0.0,-0.0,-0.0,-0.0,-0.0,-1e-06,-1e-06,-0.0,-3e-06,-0.0,-0.0,-0.0,-0.0,0.0,-0.0,-0.0,-0.0,-0.0,-1.3e-05,-0.0,0.0,-0.0,-0.0,-0.0,-0.0,0.0,-0.0,-0.0,-0.0,-0.0,-0.0,0.0,-0.0,-0.0,-0.0,-0.0,0.0,-0.0,-0.0,-0.0,-0.0,-0.0,0.0,-0.0,-0.0,-1e-06,-1e-06,-0.0,0.0,-0.0,-0.0,0.0,-0.0,-0.0,-0.0,-0.0,0.0,-0.0,-7e-06,-0.0,-0.0,0.0,-0.0,-0.0,-0.0,-0.0,-0.0,-1e-06,0.0,-0.0,-0.0,-0.0,-0.0,-1e-06,-0.0,-0.0,-0.0,-0.0,-0.0,-0.0,-0.0,-0.0,-0.0,-0.0,-2e-06,-1e-06,0.0,-0.0,-0.0,-1.1e-05,-1.2e-05,-0.0,-0.0,-0.0,-0.0,-0.0,0.0,-0.0,-2e-06,-0.0,-0.0,-0.0,-1.4e-05,-0.0,-0.0,-0.0,-0.0,-0.0,-0.0,-0.0,-0.0
2017-05-28 19:38:00+02:00,-0.0,0.0,-0.0,-0.0,-0.0,-0.0,-0.0,-0.0,-0.0,-0.0,-0.0,-0.0,-1e-06,-0.0,-0.0,-3e-06,-0.0,-0.0,-0.0,-0.0,0.0,-0.0,-0.0,-0.0,-0.0,-1e-05,-0.0,0.0,-0.0,-0.0,-0.0,-0.0,0.0,-0.0,-0.0,-0.0,-0.0,-0.0,0.0,-0.0,-0.0,-0.0,-0.0,0.0,-0.0,-0.0,-0.0,-0.0,-0.0,0.0,-0.0,-0.0,-1e-06,-1e-06,-0.0,0.0,-0.0,-0.0,0.0,-0.0,-0.0,-0.0,-0.0,0.0,-0.0,-5e-06,-0.0,-0.0,0.0,-0.0,-0.0,-0.0,-0.0,-0.0,-0.0,0.0,-0.0,-0.0,-0.0,-0.0,-0.0,-0.0,-0.0,-0.0,-0.0,-0.0,-0.0,-0.0,-0.0,-0.0,-0.0,-2e-06,-0.0,0.0,-0.0,-0.0,-9e-06,-1e-05,-0.0,-0.0,-0.0,-0.0,-0.0,0.0,-0.0,-2e-06,-0.0,-0.0,-0.0,-1.1e-05,-0.0,-0.0,-0.0,-0.0,-0.0,-0.0,-0.0,-0.0
2017-05-28 19:39:00+02:00,-0.0,0.0,-0.0,-0.0,-0.0,-0.0,-0.0,-0.0,-0.0,-0.0,-0.0,-0.0,-1e-06,-0.0,-0.0,-2e-06,-0.0,-0.0,-0.0,-0.0,0.0,-0.0,-0.0,-0.0,-0.0,-8e-06,-0.0,0.0,-0.0,-0.0,-0.0,-0.0,0.0,-0.0,-0.0,-0.0,-0.0,-0.0,0.0,-0.0,-0.0,-0.0,-0.0,0.0,-0.0,-0.0,-0.0,-0.0,-0.0,0.0,-0.0,-0.0,-1e-06,-1e-06,-0.0,0.0,-0.0,-0.0,0.0,-0.0,-0.0,-0.0,-0.0,0.0,-0.0,-4e-06,-0.0,-0.0,0.0,-0.0,-0.0,-0.0,-0.0,-0.0,-0.0,0.0,-0.0,-0.0,-0.0,-0.0,-0.0,-0.0,-0.0,-0.0,-0.0,-0.0,-0.0,-0.0,-0.0,-0.0,-0.0,-1e-06,-0.0,0.0,-0.0,-0.0,-7e-06,-8e-06,-0.0,-0.0,-0.0,-0.0,-0.0,0.0,-0.0,-1e-06,-0.0,-0.0,-0.0,-9e-06,-0.0,-0.0,-0.0,-0.0,-0.0,-0.0,-0.0,-0.0
2017-05-28 19:40:00+02:00,-0.0,0.0,-0.0,-0.0,-0.0,-0.0,-0.0,-0.0,-0.0,-0.0,-0.0,-0.0,-0.0,-0.0,-0.0,-2e-06,-0.0,-0.0,-0.0,-0.0,0.0,-0.0,-0.0,-0.0,-0.0,-7e-06,-0.0,0.0,-0.0,-0.0,-0.0,-0.0,0.0,-0.0,-0.0,-0.0,-0.0,-0.0,0.0,-0.0,-0.0,-0.0,-0.0,0.0,-0.0,-0.0,-0.0,-0.0,-0.0,0.0,-0.0,-0.0,-1e-06,-1e-06,-0.0,0.0,-0.0,-0.0,0.0,-0.0,-0.0,-0.0,-0.0,0.0,-0.0,-3e-06,-0.0,-0.0,0.0,-0.0,-0.0,-0.0,-0.0,-0.0,-0.0,0.0,-0.0,-0.0,-0.0,-0.0,-0.0,-0.0,-0.0,-0.0,-0.0,-0.0,-0.0,-0.0,-0.0,-0.0,-0.0,-1e-06,-0.0,0.0,-0.0,-0.0,-6e-06,-6e-06,-0.0,-0.0,-0.0,-0.0,-0.0,0.0,-0.0,-1e-06,-0.0,-0.0,-0.0,-7e-06,-0.0,-0.0,-0.0,-0.0,-0.0,-0.0,-0.0,-0.0
2017-05-28 19:41:00+02:00,-0.0,0.0,-0.0,-0.0,-0.0,-0.0,-0.0,-0.0,-0.0,-0.0,-0.0,-0.0,-0.0,-0.0,-0.0,-1e-06,-0.0,-0.0,-0.0,-0.0,0.0,-0.0,-0.0,-0.0,-0.0,-5e-06,-0.0,0.0,-0.0,-0.0,-0.0,-0.0,0.0,-0.0,-0.0,-0.0,-0.0,-0.0,0.0,-0.0,-0.0,-0.0,-0.0,0.0,-0.0,-0.0,-0.0,-0.0,-0.0,0.0,-0.0,-0.0,-0.0,-0.0,-0.0,0.0,-0.0,-0.0,0.0,-0.0,-0.0,-0.0,-0.0,0.0,-0.0,-3e-06,-0.0,-0.0,0.0,-0.0,-0.0,-0.0,-0.0,-0.0,-0.0,0.0,-0.0,-0.0,-0.0,-0.0,-0.0,-0.0,-0.0,-0.0,-0.0,-0.0,-0.0,-0.0,-0.0,-0.0,-0.0,-1e-06,-0.0,0.0,-0.0,-0.0,-4e-06,-5e-06,-0.0,-0.0,-0.0,-0.0,-0.0,0.0,-0.0,-1e-06,-0.0,-0.0,-0.0,-6e-06,-0.0,-0.0,-0.0,-0.0,-0.0,-0.0,-0.0,-0.0
2017-05-28 19:42:00+02:00,-0.0,0.0,-0.0,-0.0,-0.0,-0.0,-0.0,-0.0,-0.0,-0.0,-0.0,-0.0,-0.0,-0.0,-0.0,-1e-06,-0.0,-0.0,-0.0,-0.0,0.0,-0.0,-0.0,-0.0,-0.0,-4e-06,-0.0,0.0,-0.0,-0.0,-0.0,-0.0,0.0,-0.0,-0.0,-0.0,-0.0,-0.0,0.0,-0.0,-0.0,-0.0,-0.0,0.0,-0.0,-0.0,-0.0,-0.0,-0.0,0.0,-0.0,-0.0,-0.0,-0.0,-0.0,0.0,-0.0,-0.0,0.0,-0.0,-0.0,-0.0,-0.0,0.0,-0.0,-2e-06,-0.0,-0.0,0.0,-0.0,-0.0,-0.0,-0.0,-0.0,-0.0,0.0,-0.0,-0.0,-0.0,-0.0,-0.0,-0.0,-0.0,-0.0,-0.0,-0.0,-0.0,-0.0,-0.0,-0.0,-0.0,-1e-06,-0.0,0.0,-0.0,-0.0,-4e-06,-4e-06,-0.0,-0.0,-0.0,-0.0,-0.0,0.0,-0.0,-1e-06,-0.0,-0.0,-0.0,-5e-06,-0.0,-0.0,-0.0,-0.0,-0.0,-0.0,-0.0,-0.0
2017-05-28 19:43:00+02:00,-0.0,0.0,-0.0,-0.0,-0.0,-0.0,-0.0,-0.0,-0.0,-0.0,-0.0,-0.0,-0.0,-0.0,-0.0,-1e-06,-0.0,-0.0,-0.0,-0.0,0.0,-0.0,-0.0,-0.0,-0.0,-3e-06,-0.0,0.0,-0.0,-0.0,-0.0,-0.0,0.0,-0.0,-0.0,-0.0,-0.0,-0.0,0.0,-0.0,-0.0,-0.0,-0.0,0.0,-0.0,-0.0,-0.0,-0.0,-0.0,0.0,-0.0,-0.0,-0.0,-0.0,-0.0,0.0,-0.0,-0.0,0.0,-0.0,-0.0,-0.0,-0.0,0.0,-0.0,-2e-06,-0.0,-0.0,0.0,-0.0,-0.0,-0.0,-0.0,-0.0,-0.0,0.0,-0.0,-0.0,-0.0,-0.0,-0.0,-0.0,-0.0,-0.0,-0.0,-0.0,-0.0,-0.0,-0.0,-0.0,-0.0,-1e-06,-0.0,0.0,-0.0,-0.0,-3e-06,-3e-06,-0.0,-0.0,-0.0,-0.0,-0.0,0.0,-0.0,-1e-06,-0.0,-0.0,-0.0,-4e-06,-0.0,-0.0,-0.0,-0.0,-0.0,-0.0,-0.0,-0.0
2017-05-28 19:44:00+02:00,-0.0,0.0,-0.0,-0.0,-0.0,-0.0,-0.0,-0.0,-0.0,-0.0,-0.0,-0.0,-0.0,-0.0,-0.0,-1e-06,-0.0,-0.0,-0.0,-0.0,0.0,-0.0,-0.0,-0.0,-0.0,-3e-06,-0.0,0.0,-0.0,-0.0,-0.0,-0.0,0.0,-0.0,-0.0,-0.0,-0.0,-0.0,0.0,-0.0,-0.0,-0.0,-0.0,0.0,-0.0,-0.0,-0.0,-0.0,-0.0,0.0,-0.0,-0.0,-0.0,-0.0,-0.0,0.0,-0.0,-0.0,0.0,-0.0,-0.0,-0.0,-0.0,0.0,-0.0,-1e-06,-0.0,-0.0,0.0,-0.0,-0.0,-0.0,-0.0,-0.0,-0.0,0.0,-0.0,-0.0,-0.0,-0.0,-0.0,-0.0,-0.0,-0.0,-0.0,-0.0,-0.0,-0.0,-0.0,-0.0,-0.0,-0.0,-0.0,0.0,-0.0,-0.0,-2e-06,-3e-06,-0.0,-0.0,-0.0,-0.0,-0.0,0.0,-0.0,-0.0,-0.0,-0.0,-0.0,-3e-06,-0.0,-0.0,-0.0,-0.0,-0.0,-0.0,-0.0,-0.0
2017-05-28 19:45:00+02:00,-0.0,0.0,-0.0,-0.0,-0.0,-0.0,-0.0,-0.0,-0.0,-0.0,-0.0,-0.0,-0.0,-0.0,-0.0,-1e-06,-0.0,-0.0,-0.0,-0.0,0.0,-0.0,-0.0,-0.0,-0.0,-2e-06,-0.0,0.0,-0.0,-0.0,-0.0,-0.0,0.0,-0.0,-0.0,-0.0,-0.0,-0.0,0.0,-0.0,-0.0,-0.0,-0.0,0.0,-0.0,-0.0,-0.0,-0.0,-0.0,0.0,-0.0,-0.0,-0.0,-0.0,-0.0,0.0,-0.0,-0.0,0.0,-0.0,-0.0,-0.0,-0.0,0.0,-0.0,-1e-06,-0.0,-0.0,0.0,-0.0,-0.0,-0.0,-0.0,-0.0,-0.0,0.0,-0.0,-0.0,-0.0,-0.0,-0.0,-0.0,-0.0,-0.0,-0.0,-0.0,-0.0,-0.0,-0.0,-0.0,-0.0,-0.0,-0.0,0.0,-0.0,-0.0,-2e-06,-2e-06,-0.0,-0.0,-0.0,-0.0,-0.0,0.0,-0.0,-0.0,-0.0,-0.0,-0.0,-2e-06,-0.0,-0.0,-0.0,-0.0,-0.0,-0.0,-0.0,-0.0
2017-05-28 19:46:00+02:00,-0.0,0.0,-0.0,-0.0,-0.0,-0.0,-0.0,-0.0,-0.0,-0.0,-0.0,-0.0,-0.0,-0.0,-0.0,-0.0,-0.0,-0.0,-0.0,-0.0,0.0,-0.0,-0.0,-0.0,-0.0,-2e-06,-0.0,0.0,-0.0,-0.0,-0.0,-0.0,0.0,-0.0,-0.0,-0.0,-0.0,-0.0,0.0,-0.0,-0.0,-0.0,-0.0,0.0,-0.0,-0.0,-0.0,-0.0,-0.0,0.0,-0.0,-0.0,-0.0,-0.0,-0.0,0.0,-0.0,-0.0,0.0,-0.0,-0.0,-0.0,-0.0,0.0,-0.0,-1e-06,-0.0,-0.0,0.0,-0.0,-0.0,-0.0,-0.0,-0.0,-0.0,0.0,-0.0,-0.0,-0.0,-0.0,-0.0,-0.0,-0.0,-0.0,-0.0,-0.0,-0.0,-0.0,-0.0,-0.0,-0.0,-0.0,-0.0,0.0,-0.0,-0.0,-1e-06,-2e-06,-0.0,-0.0,-0.0,-0.0,-0.0,0.0,-0.0,-0.0,-0.0,-0.0,-0.0,-2e-06,-0.0,-0.0,-0.0,-0.0,-0.0,-0.0,-0.0,-0.0
2017-05-28 19:47:00+02:00,-0.0,0.0,-0.0,-0.0,-0.0,-0.0,-0.0,-0.0,-0.0,-0.0,-0.0,-0.0,-0.0,-0.0,-0.0,-0.0,-0.0,-0.0,-0.0,-0.0,0.0,-0.0,-0.0,-0.0,-0.0,-1e-06,-0.0,0.0,-0.0,-0.0,-0.0,-0.0,0.0,-0.0,-0.0,-0.0,-0.0,-0.0,0.0,-0.0,-0.0,-0.0,-0.0,0.0,-0.0,-0.0,-0.0,-0.0,-0.0,0.0,-0.0,-0.0,-0.0,-0.0,-0.0,0.0,-0.0,-0.0,0.0,-0.0,-0.0,-0.0,-0.0,0.0,-0.0,-1e-06,-0.0,-0.0,0.0,-0.0,-0.0,-0.0,-0.0,-0.0,-0.0,0.0,-0.0,-0.0,-0.0,-0.0,-0.0,-0.0,-0.0,-0.0,-0.0,-0.0,-0.0,-0.0,-0.0,-0.0,-0.0,-0.0,-0.0,0.0,-0.0,-0.0,-1e-06,-1e-06,-0.0,-0.0,-0.0,-0.0,-0.0,0.0,-0.0,-0.0,-0.0,-0.0,-0.0,-2e-06,-0.0,-0.0,-0.0,-0.0,-0.0,-0.0,-0.0,-0.0
2017-05-28 19:48:00+02:00,-0.0,0.0,-0.0,-0.0,-0.0,-0.0,-0.0,-0.0,-0.0,-0.0,-0.0,-0.0,-0.0,-0.0,-0.0,-0.0,-0.0,-0.0,-0.0,-0.0,0.0,-0.0,-0.0,-0.0,-0.0,-1e-06,-0.0,0.0,-0.0,-0.0,-0.0,-0.0,0.0,-0.0,-0.0,-0.0,-0.0,-0.0,0.0,-0.0,-0.0,-0.0,-0.0,0.0,-0.0,-0.0,-0.0,-0.0,-0.0,0.0,-0.0,-0.0,-0.0,-0.0,-0.0,0.0,-0.0,-0.0,0.0,-0.0,-0.0,-0.0,-0.0,0.0,-0.0,-1e-06,-0.0,-0.0,0.0,-0.0,-0.0,-0.0,-0.0,-0.0,-0.0,0.0,-0.0,-0.0,-0.0,-0.0,-0.0,-0.0,-0.0,-0.0,-0.0,-0.0,-0.0,-0.0,-0.0,-0.0,-0.0,-0.0,-0.0,0.0,-0.0,-0.0,-1e-06,-1e-06,-0.0,-0.0,-0.0,-0.0,-0.0,0.0,-0.0,-0.0,-0.0,-0.0,-0.0,-1e-06,-0.0,-0.0,-0.0,-0.0,-0.0,-0.0,-0.0,-0.0
2017-05-28 19:49:00+02:00,-0.0,0.0,-0.0,-0.0,-0.0,-0.0,-0.0,-0.0,-0.0,-0.0,-0.0,-0.0,-0.0,-0.0,-0.0,-0.0,-0.0,-0.0,-0.0,-0.0,0.0,-0.0,-0.0,-0.0,-0.0,-1e-06,-0.0,0.0,-0.0,-0.0,-0.0,-0.0,0.0,-0.0,-0.0,-0.0,-0.0,-0.0,0.0,-0.0,-0.0,-0.0,-0.0,0.0,-0.0,-0.0,-0.0,-0.0,-0.0,0.0,-0.0,-0.0,-0.0,-0.0,-0.0,0.0,-0.0,-0.0,0.0,-0.0,-0.0,-0.0,-0.0,0.0,-0.0,-0.0,-0.0,-0.0,0.0,-0.0,-0.0,-0.0,-0.0,-0.0,-0.0,0.0,-0.0,-0.0,-0.0,-0.0,-0.0,-0.0,-0.0,-0.0,-0.0,-0.0,-0.0,-0.0,-0.0,-0.0,-0.0,-0.0,-0.0,0.0,-0.0,-0.0,-1e-06,-1e-06,-0.0,-0.0,-0.0,-0.0,-0.0,0.0,-0.0,-0.0,-0.0,-0.0,-0.0,-1e-06,-0.0,-0.0,-0.0,-0.0,-0.0,-0.0,-0.0,-0.0
2017-05-28 19:50:00+02:00,-0.0,0.0,-0.0,-0.0,-0.0,-0.0,-0.0,-0.0,-0.0,-0.0,-0.0,-0.0,-0.0,-0.0,-0.0,-0.0,-0.0,-0.0,-0.0,-0.0,0.0,-0.0,-0.0,-0.0,-0.0,-1e-06,-0.0,0.0,-0.0,-0.0,-0.0,-0.0,0.0,-0.0,-0.0,-0.0,-0.0,-0.0,0.0,-0.0,-0.0,-0.0,-0.0,0.0,-0.0,-0.0,-0.0,-0.0,-0.0,0.0,-0.0,-0.0,-0.0,-0.0,-0.0,0.0,-0.0,-0.0,0.0,-0.0,-0.0,-0.0,-0.0,0.0,-0.0,-0.0,-0.0,-0.0,0.0,-0.0,-0.0,-0.0,-0.0,-0.0,-0.0,0.0,-0.0,-0.0,-0.0,-0.0,-0.0,-0.0,-0.0,-0.0,-0.0,-0.0,-0.0,-0.0,-0.0,-0.0,-0.0,-0.0,-0.0,0.0,-0.0,-0.0,-1e-06,-1e-06,-0.0,-0.0,-0.0,-0.0,-0.0,0.0,-0.0,-0.0,-0.0,-0.0,-0.0,-1e-06,-0.0,-0.0,-0.0,-0.0,-0.0,-0.0,-0.0,-0.0
2017-05-28 19:51:00+02:00,-0.0,0.0,-0.0,-0.0,-0.0,-0.0,-0.0,-0.0,-0.0,-0.0,-0.0,-0.0,-0.0,-0.0,-0.0,-0.0,-0.0,-0.0,-0.0,-0.0,0.0,-0.0,-0.0,-0.0,-0.0,-1e-06,-0.0,0.0,-0.0,-0.0,-0.0,-0.0,0.0,-0.0,-0.0,-0.0,-0.0,-0.0,0.0,-0.0,-0.0,-0.0,-0.0,0.0,-0.0,-0.0,-0.0,-0.0,-0.0,0.0,-0.0,-0.0,-0.0,-0.0,-0.0,0.0,-0.0,-0.0,0.0,-0.0,-0.0,-0.0,-0.0,0.0,-0.0,-0.0,-0.0,-0.0,0.0,-0.0,-0.0,-0.0,-0.0,-0.0,-0.0,0.0,-0.0,-0.0,-0.0,-0.0,-0.0,-0.0,-0.0,-0.0,-0.0,-0.0,-0.0,-0.0,-0.0,-0.0,-0.0,-0.0,-0.0,0.0,-0.0,-0.0,-0.0,-1e-06,-0.0,-0.0,-0.0,-0.0,-0.0,0.0,-0.0,-0.0,-0.0,-0.0,-0.0,-1e-06,-0.0,-0.0,-0.0,-0.0,-0.0,-0.0,-0.0,-0.0
2017-05-28 19:52:00+02:00,-0.0,0.0,-0.0,-0.0,-0.0,-0.0,-0.0,-0.0,-0.0,-0.0,-0.0,-0.0,-0.0,-0.0,-0.0,-0.0,-0.0,-0.0,-0.0,-0.0,0.0,-0.0,-0.0,-0.0,-0.0,-0.0,-0.0,0.0,-0.0,-0.0,-0.0,-0.0,0.0,-0.0,-0.0,-0.0,-0.0,-0.0,0.0,-0.0,-0.0,-0.0,-0.0,0.0,-0.0,-0.0,-0.0,-0.0,-0.0,0.0,-0.0,-0.0,-0.0,-0.0,-0.0,0.0,-0.0,-0.0,0.0,-0.0,-0.0,-0.0,-0.0,0.0,-0.0,-0.0,-0.0,-0.0,0.0,-0.0,-0.0,-0.0,-0.0,-0.0,-0.0,0.0,-0.0,-0.0,-0.0,-0.0,-0.0,-0.0,-0.0,-0.0,-0.0,-0.0,-0.0,-0.0,-0.0,-0.0,-0.0,-0.0,-0.0,0.0,-0.0,-0.0,-0.0,-0.0,-0.0,-0.0,-0.0,-0.0,-0.0,0.0,-0.0,-0.0,-0.0,-0.0,-0.0,-0.0,-0.0,-0.0,-0.0,-0.0,-0.0,-0.0,-0.0,-0.0
2017-05-28 19:53:00+02:00,-0.0,0.0,-0.0,-0.0,-0.0,-0.0,-0.0,-0.0,-0.0,-0.0,-0.0,-0.0,-0.0,-0.0,-0.0,-0.0,-0.0,-0.0,-0.0,-0.0,0.0,-0.0,-0.0,-0.0,-0.0,-0.0,-0.0,0.0,-0.0,-0.0,-0.0,-0.0,0.0,-0.0,-0.0,-0.0,-0.0,-0.0,0.0,-0.0,-0.0,-0.0,-0.0,0.0,-0.0,-0.0,-0.0,-0.0,-0.0,0.0,-0.0,-0.0,-0.0,-0.0,-0.0,0.0,-0.0,-0.0,0.0,-0.0,-0.0,-0.0,-0.0,0.0,-0.0,-0.0,-0.0,-0.0,0.0,-0.0,-0.0,-0.0,-0.0,-0.0,-0.0,0.0,-0.0,-0.0,-0.0,-0.0,-0.0,-0.0,-0.0,-0.0,-0.0,-0.0,-0.0,-0.0,-0.0,-0.0,-0.0,-0.0,-0.0,0.0,-0.0,-0.0,-0.0,-0.0,-0.0,-0.0,-0.0,-0.0,-0.0,0.0,-0.0,-0.0,-0.0,-0.0,-0.0,-0.0,-0.0,-0.0,-0.0,-0.0,-0.0,-0.0,-0.0,-0.0
2017-05-28 19:54:00+02:00,-0.0,0.0,-0.0,-0.0,-0.0,-0.0,-0.0,-0.0,-0.0,-0.0,-0.0,-0.0,-0.0,-0.0,-0.0,-0.0,-0.0,-0.0,-0.0,-0.0,0.0,-0.0,-0.0,-0.0,-0.0,-0.0,-0.0,0.0,-0.0,-0.0,-0.0,-0.0,0.0,-0.0,-0.0,-0.0,-0.0,-0.0,0.0,-0.0,-0.0,-0.0,-0.0,0.0,-0.0,-0.0,-0.0,-0.0,-0.0,0.0,-0.0,-0.0,-0.0,-0.0,-0.0,0.0,-0.0,-0.0,0.0,-0.0,-0.0,-0.0,-0.0,0.0,-0.0,-0.0,-0.0,-0.0,0.0,-0.0,-0.0,-0.0,-0.0,-0.0,-0.0,0.0,-0.0,-0.0,-0.0,-0.0,-0.0,-0.0,-0.0,-0.0,-0.0,-0.0,-0.0,-0.0,-0.0,-0.0,-0.0,-0.0,-0.0,0.0,-0.0,-0.0,-0.0,-0.0,-0.0,-0.0,-0.0,-0.0,-0.0,0.0,-0.0,-0.0,-0.0,-0.0,-0.0,-0.0,-0.0,-0.0,-0.0,-0.0,-0.0,-0.0,-0.0,-0.0
2017-05-28 19:55:00+02:00,-0.0,0.0,-0.0,-0.0,-0.0,-0.0,-0.0,-0.0,-0.0,-0.0,-0.0,-0.0,-0.0,-0.0,-0.0,-0.0,-0.0,-0.0,-0.0,-0.0,0.0,-0.0,-0.0,-0.0,-0.0,-0.0,-0.0,0.0,-0.0,-0.0,-0.0,-0.0,0.0,-0.0,-0.0,-0.0,-0.0,-0.0,0.0,-0.0,-0.0,-0.0,-0.0,0.0,-0.0,-0.0,-0.0,-0.0,-0.0,0.0,-0.0,-0.0,-0.0,-0.0,-0.0,0.0,-0.0,-0.0,0.0,-0.0,-0.0,-0.0,-0.0,0.0,-0.0,-0.0,-0.0,-0.0,0.0,-0.0,-0.0,-0.0,-0.0,-0.0,-0.0,0.0,-0.0,-0.0,-0.0,-0.0,-0.0,-0.0,-0.0,-0.0,-0.0,-0.0,-0.0,-0.0,-0.0,-0.0,-0.0,-0.0,-0.0,0.0,-0.0,-0.0,-0.0,-0.0,-0.0,-0.0,-0.0,-0.0,-0.0,0.0,-0.0,-0.0,-0.0,-0.0,-0.0,-0.0,-0.0,-0.0,-0.0,-0.0,-0.0,-0.0,-0.0,-0.0
2017-05-28 19:56:00+02:00,-0.0,0.0,-0.0,-0.0,-0.0,-0.0,-0.0,-0.0,-0.0,-0.0,-0.0,-0.0,-0.0,-0.0,-0.0,-0.0,-0.0,-0.0,-0.0,-0.0,0.0,-0.0,-0.0,-0.0,-0.0,-0.0,-0.0,0.0,-0.0,-0.0,-0.0,-0.0,0.0,-0.0,-0.0,-0.0,-0.0,-0.0,0.0,-0.0,-0.0,-0.0,-0.0,0.0,-0.0,-0.0,-0.0,-0.0,-0.0,0.0,-0.0,-0.0,-0.0,-0.0,-0.0,0.0,-0.0,-0.0,0.0,-0.0,-0.0,-0.0,-0.0,0.0,-0.0,-0.0,-0.0,-0.0,0.0,-0.0,-0.0,-0.0,-0.0,-0.0,-0.0,0.0,-0.0,-0.0,-0.0,-0.0,-0.0,-0.0,-0.0,-0.0,-0.0,-0.0,-0.0,-0.0,-0.0,-0.0,-0.0,-0.0,-0.0,0.0,-0.0,-0.0,-0.0,-0.0,-0.0,-0.0,-0.0,-0.0,-0.0,0.0,-0.0,-0.0,-0.0,-0.0,-0.0,-0.0,-0.0,-0.0,-0.0,-0.0,-0.0,-0.0,-0.0,-0.0
2017-05-28 19:57:00+02:00,-0.0,0.0,-0.0,-0.0,-0.0,-0.0,-0.0,-0.0,-0.0,-0.0,-0.0,-0.0,-0.0,-0.0,-0.0,-0.0,-0.0,-0.0,-0.0,-0.0,0.0,-0.0,-0.0,-0.0,-0.0,-0.0,-0.0,0.0,-0.0,-0.0,-0.0,-0.0,0.0,-0.0,-0.0,-0.0,-0.0,-0.0,0.0,-0.0,-0.0,-0.0,-0.0,0.0,-0.0,-0.0,-0.0,-0.0,-0.0,0.0,-0.0,-0.0,-0.0,-0.0,-0.0,0.0,-0.0,-0.0,0.0,-0.0,-0.0,-0.0,-0.0,0.0,-0.0,-0.0,-0.0,-0.0,0.0,-0.0,-0.0,-0.0,-0.0,-0.0,-0.0,0.0,-0.0,-0.0,-0.0,-0.0,-0.0,-0.0,-0.0,-0.0,-0.0,-0.0,-0.0,-0.0,-0.0,-0.0,-0.0,-0.0,-0.0,0.0,-0.0,-0.0,-0.0,-0.0,-0.0,-0.0,-0.0,-0.0,-0.0,0.0,-0.0,-0.0,-0.0,-0.0,-0.0,-0.0,-0.0,-0.0,-0.0,-0.0,-0.0,-0.0,-0.0,-0.0
2017-05-28 19:58:00+02:00,-0.0,0.0,-0.0,-0.0,-0.0,-0.0,-0.0,-0.0,-0.0,-0.0,-0.0,-0.0,-0.0,-0.0,-0.0,-0.0,-0.0,-0.0,-0.0,-0.0,0.0,-0.0,-0.0,-0.0,-0.0,-0.0,-0.0,0.0,-0.0,-0.0,-0.0,-0.0,0.0,-0.0,-0.0,-0.0,-0.0,-0.0,0.0,-0.0,-0.0,-0.0,-0.0,0.0,-0.0,-0.0,-0.0,-0.0,-0.0,0.0,-0.0,-0.0,-0.0,-0.0,-0.0,0.0,-0.0,-0.0,0.0,-0.0,-0.0,-0.0,-0.0,0.0,-0.0,-0.0,-0.0,-0.0,0.0,-0.0,-0.0,-0.0,-0.0,-0.0,-0.0,0.0,-0.0,-0.0,-0.0,-0.0,-0.0,-0.0,-0.0,-0.0,-0.0,-0.0,-0.0,-0.0,-0.0,-0.0,-0.0,-0.0,-0.0,0.0,-0.0,-0.0,-0.0,-0.0,-0.0,-0.0,-0.0,-0.0,-0.0,0.0,-0.0,-0.0,-0.0,-0.0,-0.0,-0.0,-0.0,-0.0,-0.0,-0.0,-0.0,-0.0,-0.0,-0.0
2017-05-28 19:59:00+02:00,-0.0,0.0,-0.0,-0.0,-0.0,-0.0,-0.0,-0.0,-0.0,-0.0,-0.0,-0.0,-0.0,-0.0,-0.0,-0.0,-0.0,-0.0,-0.0,-0.0,0.0,-0.0,-0.0,-0.0,-0.0,-0.0,-0.0,0.0,-0.0,-0.0,-0.0,-0.0,0.0,-0.0,-0.0,-0.0,-0.0,-0.0,0.0,-0.0,-0.0,-0.0,-0.0,0.0,-0.0,-0.0,-0.0,-0.0,-0.0,0.0,-0.0,-0.0,-0.0,-0.0,-0.0,0.0,-0.0,-0.0,0.0,-0.0,-0.0,-0.0,-0.0,0.0,-0.0,-0.0,-0.0,-0.0,0.0,-0.0,-0.0,-0.0,-0.0,-0.0,-0.0,0.0,-0.0,-0.0,-0.0,-0.0,-0.0,-0.0,-0.0,-0.0,-0.0,-0.0,-0.0,-0.0,-0.0,-0.0,-0.0,-0.0,-0.0,0.0,-0.0,-0.0,-0.0,-0.0,-0.0,-0.0,-0.0,-0.0,-0.0,0.0,-0.0,-0.0,-0.0,-0.0,-0.0,-0.0,-0.0,-0.0,-0.0,-0.0,-0.0,-0.0,-0.0,-0.0
2017-05-28 20:00:00+02:00,-0.0,0.0,-0.0,-0.0,-0.0,-0.0,-0.0,-0.0,-0.0,-0.0,-0.0,-0.0,-0.0,-0.0,-0.0,-0.0,-0.0,-0.0,-0.0,-0.0,0.0,-0.0,-0.0,-0.0,-0.0,-0.0,-0.0,0.0,-0.0,-0.0,-0.0,-0.0,0.0,-0.0,-0.0,-0.0,-0.0,-0.0,0.0,-0.0,-0.0,-0.0,-0.0,0.0,-0.0,-0.0,-0.0,-0.0,-0.0,0.0,-0.0,-0.0,-0.0,-0.0,-0.0,0.0,-0.0,-0.0,0.0,-0.0,-0.0,-0.0,-0.0,0.0,-0.0,-0.0,-0.0,-0.0,0.0,-0.0,-0.0,-0.0,-0.0,-0.0,-0.0,0.0,-0.0,-0.0,-0.0,-0.0,-0.0,-0.0,-0.0,-0.0,-0.0,-0.0,-0.0,-0.0,-0.0,-0.0,-0.0,-0.0,-0.0,0.0,-0.0,-0.0,-0.0,-0.0,-0.0,-0.0,-0.0,-0.0,-0.0,0.0,-0.0,-0.0,-0.0,-0.0,-0.0,-0.0,-0.0,-0.0,-0.0,-0.0,-0.0,-0.0,-0.0,-0.0
2017-05-28 20:01:00+02:00,-0.0,0.0,-0.0,-0.0,-0.0,-0.0,-0.0,-0.0,-0.0,-0.0,-0.0,-0.0,-0.0,-0.0,-0.0,-0.0,-0.0,-0.0,-0.0,-0.0,0.0,-0.0,-0.0,-0.0,-0.0,-0.0,-0.0,0.0,-0.0,-0.0,-0.0,-0.0,0.0,-0.0,-0.0,-0.0,-0.0,-0.0,0.0,-0.0,-0.0,-0.0,-0.0,0.0,-0.0,-0.0,-0.0,-0.0,-0.0,0.0,-0.0,-0.0,-0.0,-0.0,-0.0,0.0,-0.0,-0.0,0.0,-0.0,-0.0,-0.0,-0.0,0.0,-0.0,-0.0,-0.0,-0.0,0.0,-0.0,-0.0,-0.0,-0.0,-0.0,-0.0,0.0,-0.0,-0.0,-0.0,-0.0,-0.0,-0.0,-0.0,-0.0,-0.0,-0.0,-0.0,-0.0,-0.0,-0.0,-0.0,-0.0,-0.0,0.0,-0.0,-0.0,-0.0,-0.0,-0.0,-0.0,-0.0,-0.0,-0.0,0.0,-0.0,-0.0,-0.0,-0.0,-0.0,-0.0,-0.0,-0.0,-0.0,-0.0,-0.0,-0.0,-0.0,-0.0
2017-05-28 20:02:00+02:00,-0.0,0.0,-0.0,-0.0,-0.0,-0.0,-0.0,-0.0,-0.0,-0.0,-0.0,-0.0,-0.0,-0.0,-0.0,-0.0,-0.0,-0.0,-0.0,-0.0,0.0,-0.0,-0.0,-0.0,-0.0,-0.0,-0.0,0.0,-0.0,-0.0,-0.0,-0.0,0.0,-0.0,-0.0,-0.0,-0.0,-0.0,0.0,-0.0,-0.0,-0.0,-0.0,0.0,-0.0,-0.0,-0.0,-0.0,-0.0,0.0,-0.0,-0.0,-0.0,-0.0,-0.0,0.0,-0.0,-0.0,0.0,-0.0,-0.0,-0.0,-0.0,0.0,-0.0,-0.0,-0.0,-0.0,0.0,-0.0,-0.0,-0.0,-0.0,-0.0,-0.0,0.0,-0.0,-0.0,-0.0,-0.0,-0.0,-0.0,-0.0,-0.0,-0.0,-0.0,-0.0,-0.0,-0.0,-0.0,-0.0,-0.0,-0.0,0.0,-0.0,-0.0,-0.0,-0.0,-0.0,-0.0,-0.0,-0.0,-0.0,0.0,-0.0,-0.0,-0.0,-0.0,-0.0,-0.0,-0.0,-0.0,-0.0,-0.0,-0.0,-0.0,-0.0,-0.0
2017-05-28 20:03:00+02:00,-0.0,0.0,-0.0,-0.0,-0.0,-0.0,-0.0,-0.0,-0.0,-0.0,-0.0,-0.0,-0.0,-0.0,-0.0,-0.0,-0.0,-0.0,-0.0,-0.0,0.0,-0.0,-0.0,-0.0,-0.0,-0.0,-0.0,0.0,-0.0,-0.0,-0.0,-0.0,0.0,-0.0,-0.0,-0.0,-0.0,-0.0,0.0,-0.0,-0.0,-0.0,-0.0,0.0,-0.0,-0.0,-0.0,-0.0,-0.0,0.0,-0.0,-0.0,-0.0,-0.0,-0.0,0.0,-0.0,-0.0,0.0,-0.0,-0.0,-0.0,-0.0,0.0,-0.0,-0.0,-0.0,-0.0,0.0,-0.0,-0.0,-0.0,-0.0,-0.0,-0.0,0.0,-0.0,-0.0,-0.0,-0.0,-0.0,-0.0,-0.0,-0.0,-0.0,-0.0,-0.0,-0.0,-0.0,-0.0,-0.0,-0.0,-0.0,0.0,-0.0,-0.0,-0.0,-0.0,-0.0,-0.0,-0.0,-0.0,-0.0,0.0,-0.0,-0.0,-0.0,-0.0,-0.0,-0.0,-0.0,-0.0,-0.0,-0.0,-0.0,-0.0,-0.0,-0.0
2017-05-28 20:04:00+02:00,-0.0,0.0,-0.0,-0.0,-0.0,-0.0,-0.0,-0.0,-0.0,-0.0,-0.0,-0.0,-0.0,-0.0,-0.0,-0.0,-0.0,-0.0,-0.0,-0.0,0.0,-0.0,-0.0,-0.0,-0.0,-0.0,-0.0,0.0,-0.0,-0.0,-0.0,-0.0,0.0,-0.0,-0.0,-0.0,-0.0,-0.0,0.0,-0.0,-0.0,-0.0,-0.0,0.0,-0.0,-0.0,-0.0,-0.0,-0.0,0.0,-0.0,-0.0,-0.0,-0.0,-0.0,0.0,-0.0,-0.0,0.0,-0.0,-0.0,-0.0,-0.0,0.0,-0.0,-0.0,-0.0,-0.0,0.0,-0.0,-0.0,-0.0,-0.0,-0.0,-0.0,0.0,-0.0,-0.0,-0.0,-0.0,-0.0,-0.0,-0.0,-0.0,-0.0,-0.0,-0.0,-0.0,-0.0,-0.0,-0.0,-0.0,-0.0,0.0,-0.0,-0.0,-0.0,-0.0,-0.0,-0.0,-0.0,-0.0,-0.0,0.0,-0.0,-0.0,-0.0,-0.0,-0.0,-0.0,-0.0,-0.0,-0.0,-0.0,-0.0,-0.0,-0.0,-0.0
2017-05-28 20:05:00+02:00,-0.0,0.0,-0.0,-0.0,-0.0,-0.0,-0.0,-0.0,-0.0,-0.0,-0.0,-0.0,-0.0,-0.0,-0.0,-0.0,-0.0,-0.0,-0.0,-0.0,0.0,-0.0,-0.0,-0.0,-0.0,-0.0,-0.0,0.0,-0.0,-0.0,-0.0,-0.0,0.0,-0.0,-0.0,-0.0,-0.0,-0.0,0.0,-0.0,-0.0,-0.0,-0.0,0.0,-0.0,-0.0,-0.0,-0.0,-0.0,0.0,-0.0,-0.0,-0.0,-0.0,-0.0,0.0,-0.0,-0.0,0.0,-0.0,-0.0,-0.0,-0.0,0.0,-0.0,-0.0,-0.0,-0.0,0.0,-0.0,-0.0,-0.0,-0.0,-0.0,-0.0,0.0,-0.0,-0.0,-0.0,-0.0,-0.0,-0.0,-0.0,-0.0,-0.0,-0.0,-0.0,-0.0,-0.0,-0.0,-0.0,-0.0,-0.0,0.0,-0.0,-0.0,-0.0,-0.0,-0.0,-0.0,-0.0,-0.0,-0.0,0.0,-0.0,-0.0,-0.0,-0.0,-0.0,-0.0,-0.0,-0.0,-0.0,-0.0,-0.0,-0.0,-0.0,-0.0
2017-05-28 20:06:00+02:00,-0.0,0.0,-0.0,-0.0,-0.0,-0.0,-0.0,-0.0,-0.0,-0.0,-0.0,-0.0,-0.0,-0.0,-0.0,-0.0,-0.0,-0.0,-0.0,-0.0,0.0,-0.0,-0.0,-0.0,-0.0,-0.0,-0.0,0.0,-0.0,-0.0,-0.0,-0.0,0.0,-0.0,-0.0,-0.0,-0.0,-0.0,0.0,-0.0,-0.0,-0.0,-0.0,0.0,-0.0,-0.0,-0.0,-0.0,-0.0,0.0,-0.0,-0.0,-0.0,-0.0,-0.0,0.0,-0.0,-0.0,0.0,-0.0,-0.0,-0.0,-0.0,0.0,-0.0,-0.0,-0.0,-0.0,0.0,-0.0,-0.0,-0.0,-0.0,-0.0,-0.0,0.0,-0.0,-0.0,-0.0,-0.0,-0.0,-0.0,-0.0,-0.0,-0.0,-0.0,-0.0,-0.0,-0.0,-0.0,-0.0,-0.0,-0.0,0.0,-0.0,-0.0,-0.0,-0.0,-0.0,-0.0,-0.0,-0.0,-0.0,0.0,-0.0,-0.0,-0.0,-0.0,-0.0,-0.0,-0.0,-0.0,-0.0,-0.0,-0.0,-0.0,-0.0,-0.0
2017-05-28 20:07:00+02:00,-0.0,0.0,-0.0,-0.0,-0.0,-0.0,-0.0,-0.0,-0.0,-0.0,-0.0,-0.0,-0.0,-0.0,-0.0,-0.0,-0.0,-0.0,-0.0,-0.0,0.0,-0.0,-0.0,-0.0,-0.0,-0.0,-0.0,0.0,-0.0,-0.0,-0.0,-0.0,0.0,-0.0,-0.0,-0.0,-0.0,-0.0,0.0,-0.0,-0.0,-0.0,-0.0,0.0,-0.0,-0.0,-0.0,-0.0,-0.0,0.0,-0.0,-0.0,-0.0,-0.0,-0.0,0.0,-0.0,-0.0,0.0,-0.0,-0.0,-0.0,-0.0,0.0,-0.0,-0.0,-0.0,-0.0,0.0,-0.0,-0.0,-0.0,-0.0,-0.0,-0.0,0.0,-0.0,-0.0,-0.0,-0.0,-0.0,-0.0,-0.0,-0.0,-0.0,-0.0,-0.0,-0.0,-0.0,-0.0,-0.0,-0.0,-0.0,0.0,-0.0,-0.0,-0.0,-0.0,-0.0,-0.0,-0.0,-0.0,-0.0,0.0,-0.0,-0.0,-0.0,-0.0,-0.0,-0.0,-0.0,-0.0,-0.0,-0.0,-0.0,-0.0,-0.0,-0.0
2017-05-28 20:08:00+02:00,-0.0,0.0,-0.0,-0.0,-0.0,-0.0,-0.0,-0.0,-0.0,-0.0,-0.0,-0.0,-0.0,-0.0,-0.0,-0.0,-0.0,-0.0,-0.0,-0.0,0.0,-0.0,-0.0,-0.0,-0.0,-0.0,-0.0,0.0,-0.0,-0.0,-0.0,-0.0,0.0,-0.0,-0.0,-0.0,-0.0,-0.0,0.0,-0.0,-0.0,-0.0,-0.0,0.0,-0.0,-0.0,-0.0,-0.0,-0.0,0.0,-0.0,-0.0,-0.0,-0.0,-0.0,0.0,-0.0,-0.0,0.0,-0.0,-0.0,-0.0,-0.0,0.0,-0.0,-0.0,-0.0,-0.0,0.0,-0.0,-0.0,-0.0,-0.0,-0.0,-0.0,0.0,-0.0,-0.0,-0.0,-0.0,-0.0,-0.0,-0.0,-0.0,-0.0,-0.0,-0.0,-0.0,-0.0,-0.0,-0.0,-0.0,-0.0,0.0,-0.0,-0.0,-0.0,-0.0,-0.0,-0.0,-0.0,-0.0,-0.0,0.0,-0.0,-0.0,-0.0,-0.0,-0.0,-0.0,-0.0,-0.0,-0.0,-0.0,-0.0,-0.0,-0.0,-0.0
2017-05-28 20:09:00+02:00,-0.0,0.0,-0.0,-0.0,-0.0,-0.0,-0.0,-0.0,-0.0,-0.0,-0.0,-0.0,-0.0,-0.0,-0.0,-0.0,-0.0,-0.0,-0.0,-0.0,0.0,-0.0,-0.0,-0.0,-0.0,-0.0,-0.0,0.0,-0.0,-0.0,-0.0,-0.0,0.0,-0.0,-0.0,-0.0,-0.0,-0.0,0.0,-0.0,-0.0,-0.0,-0.0,0.0,-0.0,-0.0,-0.0,-0.0,-0.0,0.0,-0.0,-0.0,-0.0,-0.0,-0.0,0.0,-0.0,-0.0,0.0,-0.0,-0.0,-0.0,-0.0,0.0,-0.0,-0.0,-0.0,-0.0,0.0,-0.0,-0.0,-0.0,-0.0,-0.0,-0.0,0.0,-0.0,-0.0,-0.0,-0.0,-0.0,-0.0,-0.0,-0.0,-0.0,-0.0,-0.0,-0.0,-0.0,-0.0,-0.0,-0.0,-0.0,0.0,-0.0,-0.0,-0.0,-0.0,-0.0,-0.0,-0.0,-0.0,-0.0,0.0,-0.0,-0.0,-0.0,-0.0,-0.0,-0.0,-0.0,-0.0,-0.0,-0.0,-0.0,-0.0,-0.0,-0.0
2017-05-28 20:10:00+02:00,-0.0,0.0,-0.0,-0.0,-0.0,-0.0,-0.0,-0.0,-0.0,-0.0,-0.0,-0.0,-0.0,-0.0,-0.0,-0.0,-0.0,-0.0,-0.0,-0.0,0.0,-0.0,-0.0,-0.0,-0.0,-0.0,-0.0,0.0,-0.0,-0.0,-0.0,-0.0,0.0,-0.0,-0.0,-0.0,-0.0,-0.0,0.0,-0.0,-0.0,-0.0,-0.0,0.0,-0.0,-0.0,-0.0,-0.0,-0.0,0.0,-0.0,-0.0,-0.0,-0.0,-0.0,0.0,-0.0,-0.0,0.0,-0.0,-0.0,-0.0,-0.0,0.0,-0.0,-0.0,-0.0,-0.0,0.0,-0.0,-0.0,-0.0,-0.0,-0.0,-0.0,0.0,-0.0,-0.0,-0.0,-0.0,-0.0,-0.0,-0.0,-0.0,-0.0,-0.0,-0.0,-0.0,-0.0,-0.0,-0.0,-0.0,-0.0,0.0,-0.0,-0.0,-0.0,-0.0,-0.0,-0.0,-0.0,-0.0,-0.0,0.0,-0.0,-0.0,-0.0,-0.0,-0.0,-0.0,-0.0,-0.0,-0.0,-0.0,-0.0,-0.0,-0.0,-0.0
2017-05-28 20:11:00+02:00,-0.0,0.0,-0.0,-0.0,-0.0,-0.0,-0.0,-0.0,-0.0,-0.0,-0.0,-0.0,-0.0,-0.0,-0.0,-0.0,-0.0,-0.0,-0.0,-0.0,0.0,-0.0,-0.0,-0.0,-0.0,-0.0,-0.0,0.0,-0.0,-0.0,-0.0,-0.0,0.0,-0.0,-0.0,-0.0,-0.0,-0.0,0.0,-0.0,-0.0,-0.0,-0.0,0.0,-0.0,-0.0,-0.0,-0.0,-0.0,0.0,-0.0,-0.0,-0.0,-0.0,-0.0,0.0,-0.0,-0.0,0.0,-0.0,-0.0,-0.0,-0.0,0.0,-0.0,-0.0,-0.0,-0.0,0.0,-0.0,-0.0,-0.0,-0.0,-0.0,-0.0,0.0,-0.0,-0.0,-0.0,-0.0,-0.0,-0.0,-0.0,-0.0,-0.0,-0.0,-0.0,-0.0,-0.0,-0.0,-0.0,-0.0,-0.0,0.0,-0.0,-0.0,-0.0,-0.0,-0.0,-0.0,-0.0,-0.0,-0.0,0.0,-0.0,-0.0,-0.0,-0.0,-0.0,-0.0,-0.0,-0.0,-0.0,-0.0,-0.0,-0.0,-0.0,-0.0
2017-05-28 20:12:00+02:00,-0.0,0.0,-0.0,-0.0,-0.0,-0.0,-0.0,-0.0,-0.0,-0.0,-0.0,-0.0,-0.0,-0.0,-0.0,-0.0,-0.0,-0.0,-0.0,-0.0,0.0,-0.0,-0.0,-0.0,-0.0,-0.0,-0.0,0.0,-0.0,-0.0,-0.0,-0.0,0.0,-0.0,-0.0,-0.0,-0.0,-0.0,0.0,-0.0,-0.0,-0.0,-0.0,0.0,-0.0,-0.0,-0.0,-0.0,-0.0,0.0,-0.0,-0.0,-0.0,-0.0,-0.0,0.0,-0.0,-0.0,0.0,-0.0,-0.0,-0.0,-0.0,0.0,-0.0,-0.0,-0.0,-0.0,0.0,-0.0,-0.0,-0.0,-0.0,-0.0,-0.0,0.0,-0.0,-0.0,-0.0,-0.0,-0.0,-0.0,-0.0,-0.0,-0.0,-0.0,-0.0,-0.0,-0.0,-0.0,-0.0,-0.0,-0.0,0.0,-0.0,-0.0,-0.0,-0.0,-0.0,-0.0,-0.0,-0.0,-0.0,0.0,-0.0,-0.0,-0.0,-0.0,-0.0,-0.0,-0.0,-0.0,-0.0,-0.0,-0.0,-0.0,-0.0,-0.0
2017-05-28 20:13:00+02:00,-0.0,0.0,-0.0,-0.0,-0.0,-0.0,-0.0,-0.0,-0.0,-0.0,-0.0,-0.0,-0.0,-0.0,-0.0,-0.0,-0.0,-0.0,-0.0,-0.0,0.0,-0.0,-0.0,-0.0,-0.0,-0.0,-0.0,0.0,-0.0,-0.0,-0.0,-0.0,0.0,-0.0,-0.0,-0.0,-0.0,-0.0,0.0,-0.0,-0.0,-0.0,-0.0,0.0,-0.0,-0.0,-0.0,-0.0,-0.0,0.0,-0.0,-0.0,-0.0,-0.0,-0.0,0.0,-0.0,-0.0,0.0,-0.0,-0.0,-0.0,-0.0,0.0,-0.0,-0.0,-0.0,-0.0,0.0,-0.0,-0.0,-0.0,-0.0,-0.0,-0.0,0.0,-0.0,-0.0,-0.0,-0.0,-0.0,-0.0,-0.0,-0.0,-0.0,-0.0,-0.0,-0.0,-0.0,-0.0,-0.0,-0.0,-0.0,0.0,-0.0,-0.0,-0.0,-0.0,-0.0,-0.0,-0.0,-0.0,-0.0,0.0,-0.0,-0.0,-0.0,-0.0,-0.0,-0.0,-0.0,-0.0,-0.0,-0.0,-0.0,-0.0,-0.0,-0.0
2017-05-28 20:14:00+02:00,-0.0,0.0,-0.0,-0.0,-0.0,-0.0,-0.0,-0.0,-0.0,-0.0,-0.0,-0.0,-0.0,-0.0,-0.0,-0.0,-0.0,-0.0,-0.0,-0.0,0.0,-0.0,-0.0,-0.0,-0.0,-0.0,-0.0,0.0,-0.0,-0.0,-0.0,-0.0,0.0,-0.0,-0.0,-0.0,-0.0,-0.0,0.0,-0.0,-0.0,-0.0,-0.0,0.0,-0.0,-0.0,-0.0,-0.0,-0.0,0.0,-0.0,-0.0,-0.0,-0.0,-0.0,0.0,-0.0,-0.0,0.0,-0.0,-0.0,-0.0,-0.0,0.0,-0.0,-0.0,-0.0,-0.0,0.0,-0.0,-0.0,-0.0,-0.0,-0.0,-0.0,0.0,-0.0,-0.0,-0.0,-0.0,-0.0,-0.0,-0.0,-0.0,-0.0,-0.0,-0.0,-0.0,-0.0,-0.0,-0.0,-0.0,-0.0,0.0,-0.0,-0.0,-0.0,-0.0,-0.0,-0.0,-0.0,-0.0,-0.0,0.0,-0.0,-0.0,-0.0,-0.0,-0.0,-0.0,-0.0,-0.0,-0.0,-0.0,-0.0,-0.0,-0.0,-0.0
2017-05-28 20:15:00+02:00,-0.0,0.0,-0.0,-0.0,-0.0,-0.0,-0.0,-0.0,-0.0,-0.0,-0.0,-0.0,-0.0,-0.0,-0.0,-0.0,-0.0,-0.0,-0.0,-0.0,0.0,-0.0,-0.0,-0.0,-0.0,-0.0,-0.0,0.0,-0.0,-0.0,-0.0,-0.0,0.0,-0.0,-0.0,-0.0,-0.0,-0.0,0.0,-0.0,-0.0,-0.0,-0.0,0.0,-0.0,-0.0,-0.0,-0.0,-0.0,0.0,-0.0,-0.0,-0.0,-0.0,-0.0,0.0,-0.0,-0.0,0.0,-0.0,-0.0,-0.0,-0.0,0.0,-0.0,-0.0,-0.0,-0.0,0.0,-0.0,-0.0,-0.0,-0.0,-0.0,-0.0,0.0,-0.0,-0.0,-0.0,-0.0,-0.0,-0.0,-0.0,-0.0,-0.0,-0.0,-0.0,-0.0,-0.0,-0.0,-0.0,-0.0,-0.0,0.0,-0.0,-0.0,-0.0,-0.0,-0.0,-0.0,-0.0,-0.0,-0.0,0.0,-0.0,-0.0,-0.0,-0.0,-0.0,-0.0,-0.0,-0.0,-0.0,-0.0,-0.0,-0.0,-0.0,-0.0
2017-05-28 20:16:00+02:00,-0.0,0.0,-0.0,-0.0,-0.0,-0.0,-0.0,-0.0,-0.0,-0.0,-0.0,-0.0,-0.0,-0.0,-0.0,-0.0,-0.0,-0.0,-0.0,-0.0,0.0,-0.0,-0.0,-0.0,-0.0,-0.0,-0.0,0.0,-0.0,-0.0,-0.0,-0.0,0.0,-0.0,-0.0,-0.0,-0.0,-0.0,0.0,-0.0,-0.0,-0.0,-0.0,0.0,-0.0,-0.0,-0.0,-0.0,-0.0,0.0,-0.0,-0.0,-0.0,-0.0,-0.0,0.0,-0.0,-0.0,0.0,-0.0,-0.0,-0.0,-0.0,0.0,-0.0,-0.0,-0.0,-0.0,0.0,-0.0,-0.0,-0.0,-0.0,-0.0,-0.0,0.0,-0.0,-0.0,-0.0,-0.0,-0.0,-0.0,-0.0,-0.0,-0.0,-0.0,-0.0,-0.0,-0.0,-0.0,-0.0,-0.0,-0.0,0.0,-0.0,-0.0,-0.0,-0.0,-0.0,-0.0,-0.0,-0.0,-0.0,0.0,-0.0,-0.0,-0.0,-0.0,-0.0,-0.0,-0.0,-0.0,-0.0,-0.0,-0.0,-0.0,-0.0,-0.0
2017-05-28 20:17:00+02:00,-0.0,0.0,-0.0,-0.0,-0.0,-0.0,-0.0,-0.0,-0.0,-0.0,-0.0,-0.0,-0.0,-0.0,-0.0,-0.0,-0.0,-0.0,-0.0,-0.0,0.0,-0.0,-0.0,-0.0,-0.0,-0.0,-0.0,0.0,-0.0,-0.0,-0.0,-0.0,0.0,-0.0,-0.0,-0.0,-0.0,-0.0,0.0,-0.0,-0.0,-0.0,-0.0,0.0,-0.0,-0.0,-0.0,-0.0,-0.0,0.0,-0.0,-0.0,-0.0,-0.0,-0.0,0.0,-0.0,-0.0,0.0,-0.0,-0.0,-0.0,-0.0,0.0,-0.0,-0.0,-0.0,-0.0,0.0,-0.0,-0.0,-0.0,-0.0,-0.0,-0.0,0.0,-0.0,-0.0,-0.0,-0.0,-0.0,-0.0,-0.0,-0.0,-0.0,-0.0,-0.0,-0.0,-0.0,-0.0,-0.0,-0.0,-0.0,0.0,-0.0,-0.0,-0.0,-0.0,-0.0,-0.0,-0.0,-0.0,-0.0,0.0,-0.0,-0.0,-0.0,-0.0,-0.0,-0.0,-0.0,-0.0,-0.0,-0.0,-0.0,-0.0,-0.0,-0.0
2017-05-28 20:18:00+02:00,-0.0,0.0,-0.0,-0.0,-0.0,-0.0,-0.0,-0.0,-0.0,-0.0,-0.0,-0.0,-0.0,-0.0,-0.0,-0.0,-0.0,-0.0,-0.0,-0.0,0.0,-0.0,-0.0,-0.0,-0.0,-0.0,-0.0,0.0,-0.0,-0.0,-0.0,-0.0,0.0,-0.0,-0.0,-0.0,-0.0,-0.0,0.0,-0.0,-0.0,-0.0,-0.0,0.0,-0.0,-0.0,-0.0,-0.0,-0.0,0.0,-0.0,-0.0,-0.0,-0.0,-0.0,0.0,-0.0,-0.0,0.0,-0.0,-0.0,-0.0,-0.0,0.0,-0.0,-0.0,-0.0,-0.0,0.0,-0.0,-0.0,-0.0,-0.0,-0.0,-0.0,0.0,-0.0,-0.0,-0.0,-0.0,-0.0,-0.0,-0.0,-0.0,-0.0,-0.0,-0.0,-0.0,-0.0,-0.0,-0.0,-0.0,-0.0,0.0,-0.0,-0.0,-0.0,-0.0,-0.0,-0.0,-0.0,-0.0,-0.0,0.0,-0.0,-0.0,-0.0,-0.0,-0.0,-0.0,-0.0,-0.0,-0.0,-0.0,-0.0,-0.0,-0.0,-0.0
2017-05-28 20:19:00+02:00,-0.0,0.0,-0.0,-0.0,-0.0,-0.0,-0.0,-0.0,-0.0,-0.0,-0.0,-0.0,-0.0,-0.0,-0.0,-0.0,-0.0,-0.0,-0.0,-0.0,0.0,-0.0,-0.0,-0.0,-0.0,-0.0,-0.0,0.0,-0.0,-0.0,-0.0,-0.0,0.0,-0.0,-0.0,-0.0,-0.0,-0.0,0.0,-0.0,-0.0,-0.0,-0.0,0.0,-0.0,-0.0,-0.0,-0.0,-0.0,0.0,-0.0,-0.0,-0.0,-0.0,-0.0,0.0,-0.0,-0.0,0.0,-0.0,-0.0,-0.0,-0.0,0.0,-0.0,-0.0,-0.0,-0.0,0.0,-0.0,-0.0,-0.0,-0.0,-0.0,-0.0,0.0,-0.0,-0.0,-0.0,-0.0,-0.0,-0.0,-0.0,-0.0,-0.0,-0.0,-0.0,-0.0,-0.0,-0.0,-0.0,-0.0,-0.0,0.0,-0.0,-0.0,-0.0,-0.0,-0.0,-0.0,-0.0,-0.0,-0.0,0.0,-0.0,-0.0,-0.0,-0.0,-0.0,-0.0,-0.0,-0.0,-0.0,-0.0,-0.0,-0.0,-0.0,-0.0
2017-05-28 20:20:00+02:00,-0.0,0.0,-0.0,-0.0,-0.0,-0.0,-0.0,-0.0,-0.0,-0.0,-0.0,-0.0,-0.0,-0.0,-0.0,-0.0,-0.0,-0.0,-0.0,-0.0,0.0,-0.0,-0.0,-0.0,-0.0,-0.0,-0.0,0.0,-0.0,-0.0,-0.0,-0.0,0.0,-0.0,-0.0,-0.0,-0.0,-0.0,0.0,-0.0,-0.0,-0.0,-0.0,0.0,-0.0,-0.0,-0.0,-0.0,-0.0,0.0,-0.0,-0.0,-0.0,-0.0,-0.0,0.0,-0.0,-0.0,0.0,-0.0,-0.0,-0.0,-0.0,0.0,-0.0,-0.0,-0.0,-0.0,0.0,-0.0,-0.0,-0.0,-0.0,-0.0,-0.0,0.0,-0.0,-0.0,-0.0,-0.0,-0.0,-0.0,-0.0,-0.0,-0.0,-0.0,-0.0,-0.0,-0.0,-0.0,-0.0,-0.0,-0.0,0.0,-0.0,-0.0,-0.0,-0.0,-0.0,-0.0,-0.0,-0.0,-0.0,0.0,-0.0,-0.0,-0.0,-0.0,-0.0,-0.0,-0.0,-0.0,-0.0,-0.0,-0.0,-0.0,-0.0,-0.0
2017-05-28 20:21:00+02:00,-0.0,0.0,-0.0,-0.0,-0.0,-0.0,-0.0,-0.0,-0.0,-0.0,-0.0,-0.0,-0.0,-0.0,-0.0,-0.0,-0.0,-0.0,-0.0,-0.0,0.0,-0.0,-0.0,-0.0,-0.0,-0.0,-0.0,0.0,-0.0,-0.0,-0.0,-0.0,0.0,-0.0,-0.0,-0.0,-0.0,-0.0,0.0,-0.0,-0.0,-0.0,-0.0,0.0,-0.0,-0.0,-0.0,-0.0,-0.0,0.0,-0.0,-0.0,-0.0,-0.0,-0.0,0.0,-0.0,-0.0,0.0,-0.0,-0.0,-0.0,-0.0,0.0,-0.0,-0.0,-0.0,-0.0,0.0,-0.0,-0.0,-0.0,-0.0,-0.0,-0.0,0.0,-0.0,-0.0,-0.0,-0.0,-0.0,-0.0,-0.0,-0.0,-0.0,-0.0,-0.0,-0.0,-0.0,-0.0,-0.0,-0.0,-0.0,0.0,-0.0,-0.0,-0.0,-0.0,-0.0,-0.0,-0.0,-0.0,-0.0,0.0,-0.0,-0.0,-0.0,-0.0,-0.0,-0.0,-0.0,-0.0,-0.0,-0.0,-0.0,-0.0,-0.0,-0.0
2017-05-28 20:22:00+02:00,-0.0,0.0,-0.0,-0.0,-0.0,-0.0,-0.0,-0.0,-0.0,-0.0,-0.0,-0.0,-0.0,-0.0,-0.0,-0.0,-0.0,-0.0,-0.0,-0.0,0.0,-0.0,-0.0,-0.0,-0.0,-0.0,-0.0,0.0,-0.0,-0.0,-0.0,-0.0,0.0,-0.0,-0.0,-0.0,-0.0,-0.0,0.0,-0.0,-0.0,-0.0,-0.0,0.0,-0.0,-0.0,-0.0,-0.0,-0.0,0.0,-0.0,-0.0,-0.0,-0.0,-0.0,0.0,-0.0,-0.0,0.0,-0.0,-0.0,-0.0,-0.0,0.0,-0.0,-0.0,-0.0,-0.0,0.0,-0.0,-0.0,-0.0,-0.0,-0.0,-0.0,0.0,-0.0,-0.0,-0.0,-0.0,-0.0,-0.0,-0.0,-0.0,-0.0,-0.0,-0.0,-0.0,-0.0,-0.0,-0.0,-0.0,-0.0,0.0,-0.0,-0.0,-0.0,-0.0,-0.0,-0.0,-0.0,-0.0,-0.0,0.0,-0.0,-0.0,-0.0,-0.0,-0.0,-0.0,-0.0,-0.0,-0.0,-0.0,-0.0,-0.0,-0.0,-0.0
2017-05-28 20:23:00+02:00,-0.0,0.0,-0.0,-0.0,-0.0,-0.0,-0.0,-0.0,-0.0,-0.0,-0.0,-0.0,-0.0,-0.0,-0.0,-0.0,-0.0,-0.0,-0.0,-0.0,0.0,-0.0,-0.0,-0.0,-0.0,-0.0,-0.0,0.0,-0.0,-0.0,-0.0,-0.0,0.0,-0.0,-0.0,-0.0,-0.0,-0.0,0.0,-0.0,-0.0,-0.0,-0.0,0.0,-0.0,-0.0,-0.0,-0.0,-0.0,0.0,-0.0,-0.0,-0.0,-0.0,-0.0,0.0,-0.0,-0.0,0.0,-0.0,-0.0,-0.0,-0.0,0.0,-0.0,-0.0,-0.0,-0.0,0.0,-0.0,-0.0,-0.0,-0.0,-0.0,-0.0,0.0,-0.0,-0.0,-0.0,-0.0,-0.0,-0.0,-0.0,-0.0,-0.0,-0.0,-0.0,-0.0,-0.0,-0.0,-0.0,-0.0,-0.0,0.0,-0.0,-0.0,-0.0,-0.0,-0.0,-0.0,-0.0,-0.0,-0.0,0.0,-0.0,-0.0,-0.0,-0.0,-0.0,-0.0,-0.0,-0.0,-0.0,-0.0,-0.0,-0.0,-0.0,-0.0
2017-05-28 20:24:00+02:00,-0.0,0.0,-0.0,-0.0,-0.0,-0.0,-0.0,-0.0,-0.0,-0.0,-0.0,-0.0,-0.0,-0.0,-0.0,-0.0,-0.0,-0.0,-0.0,-0.0,0.0,-0.0,-0.0,-0.0,-0.0,-0.0,-0.0,0.0,-0.0,-0.0,-0.0,-0.0,0.0,-0.0,-0.0,-0.0,-0.0,-0.0,0.0,-0.0,-0.0,-0.0,-0.0,0.0,-0.0,-0.0,-0.0,-0.0,-0.0,0.0,-0.0,-0.0,-0.0,-0.0,-0.0,0.0,-0.0,-0.0,0.0,-0.0,-0.0,-0.0,-0.0,0.0,-0.0,-0.0,-0.0,-0.0,0.0,-0.0,-0.0,-0.0,-0.0,-0.0,-0.0,0.0,-0.0,-0.0,-0.0,-0.0,-0.0,-0.0,-0.0,-0.0,-0.0,-0.0,-0.0,-0.0,-0.0,-0.0,-0.0,-0.0,-0.0,0.0,-0.0,-0.0,-0.0,-0.0,-0.0,-0.0,-0.0,-0.0,-0.0,0.0,-0.0,-0.0,-0.0,-0.0,-0.0,-0.0,-0.0,-0.0,-0.0,-0.0,-0.0,-0.0,-0.0,-0.0
2017-05-28 20:25:00+02:00,-0.0,0.0,-0.0,-0.0,-0.0,-0.0,-0.0,-0.0,-0.0,-0.0,-0.0,-0.0,-0.0,-0.0,-0.0,-0.0,-0.0,-0.0,-0.0,-0.0,0.0,-0.0,-0.0,-0.0,-0.0,-0.0,-0.0,0.0,-0.0,-0.0,-0.0,-0.0,0.0,-0.0,-0.0,-0.0,-0.0,-0.0,0.0,-0.0,-0.0,-0.0,-0.0,0.0,-0.0,-0.0,-0.0,-0.0,-0.0,0.0,-0.0,-0.0,-0.0,-0.0,-0.0,0.0,-0.0,-0.0,0.0,-0.0,-0.0,-0.0,-0.0,0.0,-0.0,-0.0,-0.0,-0.0,0.0,-0.0,-0.0,-0.0,-0.0,-0.0,-0.0,0.0,-0.0,-0.0,-0.0,-0.0,-0.0,-0.0,-0.0,-0.0,-0.0,-0.0,-0.0,-0.0,-0.0,-0.0,-0.0,-0.0,-0.0,0.0,-0.0,-0.0,-0.0,-0.0,-0.0,-0.0,-0.0,-0.0,-0.0,0.0,-0.0,-0.0,-0.0,-0.0,-0.0,-0.0,-0.0,-0.0,-0.0,-0.0,-0.0,-0.0,-0.0,-0.0
2017-05-28 20:26:00+02:00,-0.0,0.0,-0.0,-0.0,-0.0,-0.0,-0.0,-0.0,-0.0,-0.0,-0.0,-0.0,-0.0,-0.0,-0.0,-0.0,-0.0,-0.0,-0.0,-0.0,0.0,-0.0,-0.0,-0.0,-0.0,-0.0,-0.0,0.0,-0.0,-0.0,-0.0,-0.0,0.0,-0.0,-0.0,-0.0,-0.0,-0.0,0.0,-0.0,-0.0,-0.0,-0.0,0.0,-0.0,-0.0,-0.0,-0.0,-0.0,0.0,-0.0,-0.0,-0.0,-0.0,-0.0,0.0,-0.0,-0.0,0.0,-0.0,-0.0,-0.0,-0.0,0.0,-0.0,-0.0,-0.0,-0.0,0.0,-0.0,-0.0,-0.0,-0.0,-0.0,-0.0,0.0,-0.0,-0.0,-0.0,-0.0,-0.0,-0.0,-0.0,-0.0,-0.0,-0.0,-0.0,-0.0,-0.0,-0.0,-0.0,-0.0,-0.0,0.0,-0.0,-0.0,-0.0,-0.0,-0.0,-0.0,-0.0,-0.0,-0.0,0.0,-0.0,-0.0,-0.0,-0.0,-0.0,-0.0,-0.0,-0.0,-0.0,-0.0,-0.0,-0.0,-0.0,-0.0
2017-05-28 20:27:00+02:00,-0.0,0.0,-0.0,-0.0,-0.0,-0.0,-0.0,-0.0,-0.0,-0.0,-0.0,-0.0,-0.0,-0.0,-0.0,-0.0,-0.0,-0.0,-0.0,-0.0,0.0,-0.0,-0.0,-0.0,-0.0,-0.0,-0.0,0.0,-0.0,-0.0,-0.0,-0.0,0.0,-0.0,-0.0,-0.0,-0.0,-0.0,0.0,-0.0,-0.0,-0.0,-0.0,0.0,-0.0,-0.0,-0.0,-0.0,-0.0,0.0,-0.0,-0.0,-0.0,-0.0,-0.0,0.0,-0.0,-0.0,0.0,-0.0,-0.0,-0.0,-0.0,0.0,-0.0,-0.0,-0.0,-0.0,0.0,-0.0,-0.0,-0.0,-0.0,-0.0,-0.0,0.0,-0.0,-0.0,-0.0,-0.0,-0.0,-0.0,-0.0,-0.0,-0.0,-0.0,-0.0,-0.0,-0.0,-0.0,-0.0,-0.0,-0.0,0.0,-0.0,-0.0,-0.0,-0.0,-0.0,-0.0,-0.0,-0.0,-0.0,0.0,-0.0,-0.0,-0.0,-0.0,-0.0,-0.0,-0.0,-0.0,-0.0,-0.0,-0.0,-0.0,-0.0,-0.0
2017-05-28 20:28:00+02:00,-0.0,0.0,-0.0,-0.0,-0.0,-0.0,-0.0,-0.0,-0.0,-0.0,-0.0,-0.0,-0.0,-0.0,-0.0,-0.0,-0.0,-0.0,-0.0,-0.0,0.0,-0.0,-0.0,-0.0,-0.0,-0.0,-0.0,0.0,-0.0,-0.0,-0.0,-0.0,0.0,-0.0,-0.0,-0.0,-0.0,-0.0,0.0,-0.0,-0.0,-0.0,-0.0,0.0,-0.0,-0.0,-0.0,-0.0,-0.0,0.0,-0.0,-0.0,-0.0,-0.0,-0.0,0.0,-0.0,-0.0,0.0,-0.0,-0.0,-0.0,-0.0,0.0,-0.0,-0.0,-0.0,-0.0,0.0,-0.0,-0.0,-0.0,-0.0,-0.0,-0.0,0.0,-0.0,-0.0,-0.0,-0.0,-0.0,-0.0,-0.0,-0.0,-0.0,-0.0,-0.0,-0.0,-0.0,-0.0,-0.0,-0.0,-0.0,0.0,-0.0,-0.0,-0.0,-0.0,-0.0,-0.0,-0.0,-0.0,-0.0,0.0,-0.0,-0.0,-0.0,-0.0,-0.0,-0.0,-0.0,-0.0,-0.0,-0.0,-0.0,-0.0,-0.0,-0.0
2017-05-28 20:29:00+02:00,-0.0,0.0,-0.0,-0.0,-0.0,-0.0,-0.0,-0.0,-0.0,-0.0,-0.0,-0.0,-0.0,-0.0,-0.0,-0.0,-0.0,-0.0,-0.0,-0.0,0.0,-0.0,-0.0,-0.0,-0.0,-0.0,-0.0,0.0,-0.0,-0.0,-0.0,-0.0,0.0,-0.0,-0.0,-0.0,-0.0,-0.0,0.0,-0.0,-0.0,-0.0,-0.0,0.0,-0.0,-0.0,-0.0,-0.0,-0.0,0.0,-0.0,-0.0,-0.0,-0.0,-0.0,0.0,-0.0,-0.0,0.0,-0.0,-0.0,-0.0,-0.0,0.0,-0.0,-0.0,-0.0,-0.0,0.0,-0.0,-0.0,-0.0,-0.0,-0.0,-0.0,0.0,-0.0,-0.0,-0.0,-0.0,-0.0,-0.0,-0.0,-0.0,-0.0,-0.0,-0.0,-0.0,-0.0,-0.0,-0.0,-0.0,-0.0,0.0,-0.0,-0.0,-0.0,-0.0,-0.0,-0.0,-0.0,-0.0,-0.0,0.0,-0.0,-0.0,-0.0,-0.0,-0.0,-0.0,-0.0,-0.0,-0.0,-0.0,-0.0,-0.0,-0.0,-0.0
2017-05-28 20:30:00+02:00,-0.0,0.0,-0.0,-0.0,-0.0,-0.0,-0.0,-0.0,-0.0,-0.0,-0.0,-0.0,-0.0,-0.0,-0.0,-0.0,-0.0,-0.0,-0.0,-0.0,0.0,-0.0,-0.0,-0.0,-0.0,-0.0,-0.0,0.0,-0.0,-0.0,-0.0,-0.0,0.0,-0.0,-0.0,-0.0,-0.0,-0.0,0.0,-0.0,-0.0,-0.0,-0.0,0.0,-0.0,-0.0,-0.0,-0.0,-0.0,0.0,-0.0,-0.0,-0.0,-0.0,-0.0,0.0,-0.0,-0.0,0.0,-0.0,-0.0,-0.0,-0.0,0.0,-0.0,-0.0,-0.0,-0.0,0.0,-0.0,-0.0,-0.0,-0.0,-0.0,-0.0,0.0,-0.0,-0.0,-0.0,-0.0,-0.0,-0.0,-0.0,-0.0,-0.0,-0.0,-0.0,-0.0,-0.0,-0.0,-0.0,-0.0,-0.0,0.0,-0.0,-0.0,-0.0,-0.0,-0.0,-0.0,-0.0,-0.0,-0.0,0.0,-0.0,-0.0,-0.0,-0.0,-0.0,-0.0,-0.0,-0.0,-0.0,-0.0,-0.0,-0.0,-0.0,-0.0
2017-05-28 20:31:00+02:00,-0.0,0.0,-0.0,-0.0,-0.0,-0.0,-0.0,-0.0,-0.0,-0.0,-0.0,-0.0,-0.0,-0.0,-0.0,-0.0,-0.0,-0.0,-0.0,-0.0,0.0,-0.0,-0.0,-0.0,-0.0,-0.0,-0.0,0.0,-0.0,-0.0,-0.0,-0.0,0.0,-0.0,-0.0,-0.0,-0.0,-0.0,0.0,-0.0,-0.0,-0.0,-0.0,0.0,-0.0,-0.0,-0.0,-0.0,-0.0,0.0,-0.0,-0.0,-0.0,-0.0,-0.0,0.0,-0.0,-0.0,0.0,-0.0,-0.0,-0.0,-0.0,0.0,-0.0,-0.0,-0.0,-0.0,0.0,-0.0,-0.0,-0.0,-0.0,-0.0,-0.0,0.0,-0.0,-0.0,-0.0,-0.0,-0.0,-0.0,-0.0,-0.0,-0.0,-0.0,-0.0,-0.0,-0.0,-0.0,-0.0,-0.0,-0.0,0.0,-0.0,-0.0,-0.0,-0.0,-0.0,-0.0,-0.0,-0.0,-0.0,0.0,-0.0,-0.0,-0.0,-0.0,-0.0,-0.0,-0.0,-0.0,-0.0,-0.0,-0.0,-0.0,-0.0,-0.0
2017-05-28 20:32:00+02:00,-0.0,0.0,-0.0,-0.0,-0.0,-0.0,-0.0,-0.0,-0.0,-0.0,-0.0,-0.0,-0.0,-0.0,-0.0,-0.0,-0.0,-0.0,-0.0,-0.0,0.0,-0.0,-0.0,-0.0,-0.0,-0.0,-0.0,0.0,-0.0,-0.0,-0.0,-0.0,0.0,-0.0,-0.0,-0.0,-0.0,-0.0,0.0,-0.0,-0.0,-0.0,-0.0,0.0,-0.0,-0.0,-0.0,-0.0,-0.0,0.0,-0.0,-0.0,-0.0,-0.0,-0.0,0.0,-0.0,-0.0,0.0,-0.0,-0.0,-0.0,-0.0,0.0,-0.0,-0.0,-0.0,-0.0,0.0,-0.0,-0.0,-0.0,-0.0,-0.0,-0.0,0.0,-0.0,-0.0,-0.0,-0.0,-0.0,-0.0,-0.0,-0.0,-0.0,-0.0,-0.0,-0.0,-0.0,-0.0,-0.0,-0.0,-0.0,0.0,-0.0,-0.0,-0.0,-0.0,-0.0,-0.0,-0.0,-0.0,-0.0,0.0,-0.0,-0.0,-0.0,-0.0,-0.0,-0.0,-0.0,-0.0,-0.0,-0.0,-0.0,-0.0,-0.0,-0.0
2017-05-28 20:33:00+02:00,-0.0,0.0,-0.0,-0.0,-0.0,-0.0,-0.0,-0.0,-0.0,-0.0,-0.0,-0.0,-0.0,-0.0,-0.0,-0.0,-0.0,-0.0,-0.0,-0.0,0.0,-0.0,-0.0,-0.0,-0.0,-0.0,-0.0,0.0,-0.0,-0.0,-0.0,-0.0,0.0,-0.0,-0.0,-0.0,-0.0,-0.0,0.0,-0.0,-0.0,-0.0,-0.0,0.0,-0.0,-0.0,-0.0,-0.0,-0.0,0.0,-0.0,-0.0,-0.0,-0.0,-0.0,0.0,-0.0,-0.0,0.0,-0.0,-0.0,-0.0,-0.0,0.0,-0.0,-0.0,-0.0,-0.0,0.0,-0.0,-0.0,-0.0,-0.0,-0.0,-0.0,0.0,-0.0,-0.0,-0.0,-0.0,-0.0,-0.0,-0.0,-0.0,-0.0,-0.0,-0.0,-0.0,-0.0,-0.0,-0.0,-0.0,-0.0,0.0,-0.0,-0.0,-0.0,-0.0,-0.0,-0.0,-0.0,-0.0,-0.0,0.0,-0.0,-0.0,-0.0,-0.0,-0.0,-0.0,-0.0,-0.0,-0.0,-0.0,-0.0,-0.0,-0.0,-0.0
2017-05-28 20:34:00+02:00,-0.0,0.0,-0.0,-0.0,-0.0,-0.0,-0.0,-0.0,-0.0,-0.0,-0.0,-0.0,-0.0,-0.0,-0.0,-0.0,-0.0,-0.0,-0.0,-0.0,0.0,-0.0,-0.0,-0.0,-0.0,-0.0,-0.0,0.0,-0.0,-0.0,-0.0,-0.0,0.0,-0.0,-0.0,-0.0,-0.0,-0.0,0.0,-0.0,-0.0,-0.0,-0.0,0.0,-0.0,-0.0,-0.0,-0.0,-0.0,0.0,-0.0,-0.0,-0.0,-0.0,-0.0,0.0,-0.0,-0.0,0.0,-0.0,-0.0,-0.0,-0.0,0.0,-0.0,-0.0,-0.0,-0.0,0.0,-0.0,-0.0,-0.0,-0.0,-0.0,-0.0,0.0,-0.0,-0.0,-0.0,-0.0,-0.0,-0.0,-0.0,-0.0,-0.0,-0.0,-0.0,-0.0,-0.0,-0.0,-0.0,-0.0,-0.0,0.0,-0.0,-0.0,-0.0,-0.0,-0.0,-0.0,-0.0,-0.0,-0.0,0.0,-0.0,-0.0,-0.0,-0.0,-0.0,-0.0,-0.0,-0.0,-0.0,-0.0,-0.0,-0.0,-0.0,-0.0
2017-05-28 20:35:00+02:00,-0.0,0.0,-0.0,-0.0,-0.0,-0.0,-0.0,-0.0,-0.0,-0.0,-0.0,-0.0,-0.0,-0.0,-0.0,-0.0,-0.0,-0.0,-0.0,-0.0,0.0,-0.0,-0.0,-0.0,-0.0,-0.0,-0.0,0.0,-0.0,-0.0,-0.0,-0.0,0.0,-0.0,-0.0,-0.0,-0.0,-0.0,0.0,-0.0,-0.0,-0.0,-0.0,0.0,-0.0,-0.0,-0.0,-0.0,-0.0,0.0,-0.0,-0.0,-0.0,-0.0,-0.0,0.0,-0.0,-0.0,0.0,-0.0,-0.0,-0.0,-0.0,0.0,-0.0,-0.0,-0.0,-0.0,0.0,-0.0,-0.0,-0.0,-0.0,-0.0,-0.0,0.0,-0.0,-0.0,-0.0,-0.0,-0.0,-0.0,-0.0,-0.0,-0.0,-0.0,-0.0,-0.0,-0.0,-0.0,-0.0,-0.0,-0.0,0.0,-0.0,-0.0,-0.0,-0.0,-0.0,-0.0,-0.0,-0.0,-0.0,0.0,-0.0,-0.0,-0.0,-0.0,-0.0,-0.0,-0.0,-0.0,-0.0,-0.0,-0.0,-0.0,-0.0,-0.0
2017-05-28 20:36:00+02:00,-0.0,0.0,-0.0,-0.0,-0.0,-0.0,-0.0,-0.0,-0.0,-0.0,-0.0,-0.0,-0.0,-0.0,-0.0,-0.0,-0.0,-0.0,-0.0,-0.0,0.0,-0.0,-0.0,-0.0,-0.0,-0.0,-0.0,0.0,-0.0,-0.0,-0.0,-0.0,0.0,-0.0,-0.0,-0.0,-0.0,-0.0,0.0,-0.0,-0.0,-0.0,-0.0,0.0,-0.0,-0.0,-0.0,-0.0,-0.0,0.0,-0.0,-0.0,-0.0,-0.0,-0.0,0.0,-0.0,-0.0,0.0,-0.0,-0.0,-0.0,-0.0,0.0,-0.0,-0.0,-0.0,-0.0,0.0,-0.0,-0.0,-0.0,-0.0,-0.0,-0.0,0.0,-0.0,-0.0,-0.0,-0.0,-0.0,-0.0,-0.0,-0.0,-0.0,-0.0,-0.0,-0.0,-0.0,-0.0,-0.0,-0.0,-0.0,0.0,-0.0,-0.0,-0.0,-0.0,-0.0,-0.0,-0.0,-0.0,-0.0,0.0,-0.0,-0.0,-0.0,-0.0,-0.0,-0.0,-0.0,-0.0,-0.0,-0.0,-0.0,-0.0,-0.0,-0.0
2017-05-28 20:37:00+02:00,-0.0,0.0,-0.0,-0.0,-0.0,-0.0,-0.0,-0.0,-0.0,-0.0,-0.0,-0.0,-0.0,-0.0,-0.0,-0.0,-0.0,-0.0,-0.0,-0.0,0.0,-0.0,-0.0,-0.0,-0.0,-0.0,-0.0,0.0,-0.0,-0.0,-0.0,-0.0,0.0,-0.0,-0.0,-0.0,-0.0,-0.0,0.0,-0.0,-0.0,-0.0,-0.0,0.0,-0.0,-0.0,-0.0,-0.0,-0.0,0.0,-0.0,-0.0,-0.0,-0.0,-0.0,0.0,-0.0,-0.0,0.0,-0.0,-0.0,-0.0,-0.0,0.0,-0.0,-0.0,-0.0,-0.0,0.0,-0.0,-0.0,-0.0,-0.0,-0.0,-0.0,0.0,-0.0,-0.0,-0.0,-0.0,-0.0,-0.0,-0.0,-0.0,-0.0,-0.0,-0.0,-0.0,-0.0,-0.0,-0.0,-0.0,-0.0,0.0,-0.0,-0.0,-0.0,-0.0,-0.0,-0.0,-0.0,-0.0,-0.0,0.0,-0.0,-0.0,-0.0,-0.0,-0.0,-0.0,-0.0,-0.0,-0.0,-0.0,-0.0,-0.0,-0.0,-0.0
2017-05-28 20:38:00+02:00,-0.0,0.0,-0.0,-0.0,-0.0,-0.0,-0.0,-0.0,-0.0,-0.0,-0.0,-0.0,-0.0,-0.0,-0.0,-0.0,-0.0,-0.0,-0.0,-0.0,0.0,-0.0,-0.0,-0.0,-0.0,-0.0,-0.0,0.0,-0.0,-0.0,-0.0,-0.0,0.0,-0.0,-0.0,-0.0,-0.0,-0.0,0.0,-0.0,-0.0,-0.0,-0.0,0.0,-0.0,-0.0,-0.0,-0.0,-0.0,0.0,-0.0,-0.0,-0.0,-0.0,-0.0,0.0,-0.0,-0.0,0.0,-0.0,-0.0,-0.0,-0.0,0.0,-0.0,-0.0,-0.0,-0.0,0.0,-0.0,-0.0,-0.0,-0.0,-0.0,-0.0,0.0,-0.0,-0.0,-0.0,-0.0,-0.0,-0.0,-0.0,-0.0,-0.0,-0.0,-0.0,-0.0,-0.0,-0.0,-0.0,-0.0,-0.0,0.0,-0.0,-0.0,-0.0,-0.0,-0.0,-0.0,-0.0,-0.0,-0.0,0.0,-0.0,-0.0,-0.0,-0.0,-0.0,-0.0,-0.0,-0.0,-0.0,-0.0,-0.0,-0.0,-0.0,-0.0
2017-05-28 20:39:00+02:00,-0.0,0.0,-0.0,-0.0,-0.0,-0.0,-0.0,-0.0,-0.0,-0.0,-0.0,-0.0,-0.0,-0.0,-0.0,-0.0,-0.0,-0.0,-0.0,-0.0,0.0,-0.0,-0.0,-0.0,-0.0,-0.0,-0.0,0.0,-0.0,-0.0,-0.0,-0.0,0.0,-0.0,-0.0,-0.0,-0.0,-0.0,0.0,-0.0,-0.0,-0.0,-0.0,0.0,-0.0,-0.0,-0.0,-0.0,-0.0,0.0,-0.0,-0.0,-0.0,-0.0,-0.0,0.0,-0.0,-0.0,0.0,-0.0,-0.0,-0.0,-0.0,0.0,-0.0,-0.0,-0.0,-0.0,0.0,-0.0,-0.0,-0.0,-0.0,-0.0,-0.0,0.0,-0.0,-0.0,-0.0,-0.0,-0.0,-0.0,-0.0,-0.0,-0.0,-0.0,-0.0,-0.0,-0.0,-0.0,-0.0,-0.0,-0.0,0.0,-0.0,-0.0,-0.0,-0.0,-0.0,-0.0,-0.0,-0.0,-0.0,0.0,-0.0,-0.0,-0.0,-0.0,-0.0,-0.0,-0.0,-0.0,-0.0,-0.0,-0.0,-0.0,-0.0,-0.0
2017-05-28 20:40:00+02:00,-0.0,0.0,-0.0,-0.0,-0.0,-0.0,-0.0,-0.0,-0.0,-0.0,-0.0,-0.0,-0.0,-0.0,-0.0,-0.0,-0.0,-0.0,-0.0,-0.0,0.0,-0.0,-0.0,-0.0,-0.0,-0.0,-0.0,0.0,-0.0,-0.0,-0.0,-0.0,0.0,-0.0,-0.0,-0.0,-0.0,-0.0,0.0,-0.0,-0.0,-0.0,-0.0,0.0,-0.0,-0.0,-0.0,-0.0,-0.0,0.0,-0.0,-0.0,-0.0,-0.0,-0.0,0.0,-0.0,-0.0,0.0,-0.0,-0.0,-0.0,-0.0,0.0,-0.0,-0.0,-0.0,-0.0,0.0,-0.0,-0.0,-0.0,-0.0,-0.0,-0.0,0.0,-0.0,-0.0,-0.0,-0.0,-0.0,-0.0,-0.0,-0.0,-0.0,-0.0,-0.0,-0.0,-0.0,-0.0,-0.0,-0.0,-0.0,0.0,-0.0,-0.0,-0.0,-0.0,-0.0,-0.0,-0.0,-0.0,-0.0,0.0,-0.0,-0.0,-0.0,-0.0,-0.0,-0.0,-0.0,-0.0,-0.0,-0.0,-0.0,-0.0,-0.0,-0.0
2017-05-28 20:41:00+02:00,-0.0,0.0,-0.0,-0.0,-0.0,-0.0,-0.0,-0.0,-0.0,-0.0,-0.0,-0.0,-0.0,-0.0,-0.0,-0.0,-0.0,-0.0,-0.0,-0.0,0.0,-0.0,-0.0,-0.0,-0.0,-0.0,-0.0,0.0,-0.0,-0.0,-0.0,-0.0,0.0,-0.0,-0.0,-0.0,-0.0,-0.0,0.0,-0.0,-0.0,-0.0,-0.0,0.0,-0.0,-0.0,-0.0,-0.0,-0.0,0.0,-0.0,-0.0,-0.0,-0.0,-0.0,0.0,-0.0,-0.0,0.0,-0.0,-0.0,-0.0,-0.0,0.0,-0.0,-0.0,-0.0,-0.0,0.0,-0.0,-0.0,-0.0,-0.0,-0.0,-0.0,0.0,-0.0,-0.0,-0.0,-0.0,-0.0,-0.0,-0.0,-0.0,-0.0,-0.0,-0.0,-0.0,-0.0,-0.0,-0.0,-0.0,-0.0,0.0,-0.0,-0.0,-0.0,-0.0,-0.0,-0.0,-0.0,-0.0,-0.0,0.0,-0.0,-0.0,-0.0,-0.0,-0.0,-0.0,-0.0,-0.0,-0.0,-0.0,-0.0,-0.0,-0.0,-0.0
2017-05-28 20:42:00+02:00,-0.0,0.0,-0.0,-0.0,-0.0,-0.0,-0.0,-0.0,-0.0,-0.0,-0.0,-0.0,-0.0,-0.0,-0.0,-0.0,-0.0,-0.0,-0.0,-0.0,0.0,-0.0,-0.0,-0.0,-0.0,-0.0,-0.0,0.0,-0.0,-0.0,-0.0,-0.0,0.0,-0.0,-0.0,-0.0,-0.0,-0.0,0.0,-0.0,-0.0,-0.0,-0.0,0.0,-0.0,-0.0,-0.0,-0.0,-0.0,0.0,-0.0,-0.0,-0.0,-0.0,-0.0,0.0,-0.0,-0.0,0.0,-0.0,-0.0,-0.0,-0.0,0.0,-0.0,-0.0,-0.0,-0.0,0.0,-0.0,-0.0,-0.0,-0.0,-0.0,-0.0,0.0,-0.0,-0.0,-0.0,-0.0,-0.0,-0.0,-0.0,-0.0,-0.0,-0.0,-0.0,-0.0,-0.0,-0.0,-0.0,-0.0,-0.0,0.0,-0.0,-0.0,-0.0,-0.0,-0.0,-0.0,-0.0,-0.0,-0.0,0.0,-0.0,-0.0,-0.0,-0.0,-0.0,-0.0,-0.0,-0.0,-0.0,-0.0,-0.0,-0.0,-0.0,-0.0
2017-05-28 20:43:00+02:00,0.0,0.0,0.0,0.0,0.0,0.0,0.0,0.0,0.0,0.0,0.0,0.0,0.0,0.0,0.0,0.0,0.0,0.0,0.0,0.0,0.0,0.0,0.0,0.0,0.0,0.0,0.0,0.0,0.0,0.0,0.0,0.0,0.0,0.0,0.0,0.0,0.0,0.0,0.0,0.0,0.0,0.0,0.0,0.0,0.0,0.0,0.0,0.0,0.0,0.0,0.0,0.0,0.0,0.0,0.0,0.0,0.0,0.0,0.0,0.0,0.0,0.0,0.0,0.0,0.0,0.0,0.0,0.0,0.0,0.0,0.0,0.0,0.0,0.0,0.0,0.0,0.0,0.0,0.0,0.0,0.0,0.0,0.0,0.0,0.0,0.0,0.0,0.0,0.0,0.0,0.0,0.0,0.0,0.0,0.0,0.0,0.0,0.0,0.0,0.0,0.0,0.0,0.0,0.0,0.0,0.0,0.0,0.0,0.0,0.0,0.0,0.0,0.0,0.0,0.0,0.0,0.0,0.0
2017-05-28 20:44:00+02:00,0.0,0.0,0.0,0.0,0.0,0.0,0.0,0.0,0.0,0.0,0.0,0.0,0.0,0.0,0.0,0.0,0.0,0.0,0.0,0.0,0.0,0.0,0.0,0.0,0.0,0.0,0.0,0.0,0.0,0.0,0.0,0.0,0.0,0.0,0.0,0.0,0.0,0.0,0.0,0.0,0.0,0.0,0.0,0.0,0.0,0.0,0.0,0.0,0.0,0.0,0.0,0.0,0.0,0.0,0.0,0.0,0.0,0.0,0.0,0.0,0.0,0.0,0.0,0.0,0.0,0.0,0.0,0.0,0.0,0.0,0.0,0.0,0.0,0.0,0.0,0.0,0.0,0.0,0.0,0.0,0.0,0.0,0.0,0.0,0.0,0.0,0.0,0.0,0.0,0.0,0.0,0.0,0.0,0.0,0.0,0.0,0.0,0.0,0.0,0.0,0.0,0.0,0.0,0.0,0.0,0.0,0.0,0.0,0.0,0.0,0.0,0.0,0.0,0.0,0.0,0.0,0.0,0.0
2017-05-28 20:45:00+02:00,0.0,0.0,0.0,0.0,0.0,0.0,0.0,0.0,0.0,0.0,0.0,0.0,0.0,0.0,0.0,0.0,0.0,0.0,0.0,0.0,0.0,0.0,0.0,0.0,0.0,0.0,0.0,0.0,0.0,0.0,0.0,0.0,0.0,0.0,0.0,0.0,0.0,0.0,0.0,0.0,0.0,0.0,0.0,0.0,0.0,0.0,0.0,0.0,0.0,0.0,0.0,0.0,0.0,0.0,0.0,0.0,0.0,0.0,0.0,0.0,0.0,0.0,0.0,0.0,0.0,0.0,0.0,0.0,0.0,0.0,0.0,0.0,0.0,0.0,0.0,0.0,0.0,0.0,0.0,0.0,0.0,0.0,0.0,0.0,0.0,0.0,0.0,0.0,0.0,0.0,0.0,0.0,0.0,0.0,0.0,0.0,0.0,0.0,0.0,0.0,0.0,0.0,0.0,0.0,0.0,0.0,0.0,0.0,0.0,0.0,0.0,0.0,0.0,0.0,0.0,0.0,0.0,0.0
2017-05-28 20:46:00+02:00,0.0,0.0,0.0,0.0,0.0,0.0,0.0,0.0,0.0,0.0,0.0,0.0,0.0,0.0,0.0,0.0,0.0,0.0,0.0,0.0,0.0,0.0,0.0,0.0,0.0,0.0,0.0,0.0,0.0,0.0,0.0,0.0,0.0,0.0,0.0,0.0,0.0,0.0,0.0,0.0,0.0,0.0,0.0,0.0,0.0,0.0,0.0,0.0,0.0,0.0,0.0,0.0,0.0,0.0,0.0,0.0,0.0,0.0,0.0,0.0,0.0,0.0,0.0,0.0,0.0,0.0,0.0,0.0,0.0,0.0,0.0,0.0,0.0,0.0,0.0,0.0,0.0,0.0,0.0,0.0,0.0,0.0,0.0,0.0,0.0,0.0,0.0,0.0,0.0,0.0,0.0,0.0,0.0,0.0,0.0,0.0,0.0,0.0,0.0,0.0,0.0,0.0,0.0,0.0,0.0,0.0,0.0,0.0,0.0,0.0,0.0,0.0,0.0,0.0,0.0,0.0,0.0,0.0
2017-05-28 20:47:00+02:00,0.0,0.0,0.0,0.0,0.0,0.0,0.0,0.0,0.0,0.0,0.0,0.0,0.0,0.0,0.0,0.0,0.0,0.0,0.0,0.0,0.0,0.0,0.0,0.0,0.0,0.0,0.0,0.0,0.0,0.0,0.0,0.0,0.0,0.0,0.0,0.0,0.0,0.0,0.0,0.0,0.0,0.0,0.0,0.0,0.0,0.0,0.0,0.0,0.0,0.0,0.0,0.0,0.0,0.0,0.0,0.0,0.0,0.0,0.0,0.0,0.0,0.0,0.0,0.0,0.0,0.0,0.0,0.0,0.0,0.0,0.0,0.0,0.0,0.0,0.0,0.0,0.0,0.0,0.0,0.0,0.0,0.0,0.0,0.0,0.0,0.0,0.0,0.0,0.0,0.0,0.0,0.0,0.0,0.0,0.0,0.0,0.0,0.0,0.0,0.0,0.0,0.0,0.0,0.0,0.0,0.0,0.0,0.0,0.0,0.0,0.0,0.0,0.0,0.0,0.0,0.0,0.0,0.0
2017-05-28 20:48:00+02:00,0.0,0.0,0.0,0.0,0.0,0.0,0.0,0.0,0.0,0.0,0.0,0.0,0.0,0.0,0.0,0.0,0.0,0.0,0.0,0.0,0.0,0.0,0.0,0.0,0.0,0.0,0.0,0.0,0.0,0.0,0.0,0.0,0.0,0.0,0.0,0.0,0.0,0.0,0.0,0.0,0.0,0.0,0.0,0.0,0.0,0.0,0.0,0.0,0.0,0.0,0.0,0.0,0.0,0.0,0.0,0.0,0.0,0.0,0.0,0.0,0.0,0.0,0.0,0.0,0.0,0.0,0.0,0.0,0.0,0.0,0.0,0.0,0.0,0.0,0.0,0.0,0.0,0.0,0.0,0.0,0.0,0.0,0.0,0.0,0.0,0.0,0.0,0.0,0.0,0.0,0.0,0.0,0.0,0.0,0.0,0.0,0.0,0.0,0.0,0.0,0.0,0.0,0.0,0.0,0.0,0.0,0.0,0.0,0.0,0.0,0.0,0.0,0.0,0.0,0.0,0.0,0.0,0.0
2017-05-28 20:49:00+02:00,0.0,0.0,0.0,0.0,0.0,0.0,0.0,0.0,0.0,0.0,0.0,0.0,0.0,0.0,0.0,0.0,0.0,0.0,0.0,0.0,0.0,0.0,0.0,0.0,0.0,0.0,0.0,0.0,0.0,0.0,0.0,0.0,0.0,0.0,0.0,0.0,0.0,0.0,0.0,0.0,0.0,0.0,0.0,0.0,0.0,0.0,0.0,0.0,0.0,0.0,0.0,0.0,0.0,0.0,0.0,0.0,0.0,0.0,0.0,0.0,0.0,0.0,0.0,0.0,0.0,0.0,0.0,0.0,0.0,0.0,0.0,0.0,0.0,0.0,0.0,0.0,0.0,0.0,0.0,0.0,0.0,0.0,0.0,0.0,0.0,0.0,0.0,0.0,0.0,0.0,0.0,0.0,0.0,0.0,0.0,0.0,0.0,0.0,0.0,0.0,0.0,0.0,0.0,0.0,0.0,0.0,0.0,0.0,0.0,0.0,0.0,0.0,0.0,0.0,0.0,0.0,0.0,0.0
2017-05-28 20:50:00+02:00,0.0,0.0,0.0,0.0,0.0,0.0,0.0,0.0,0.0,0.0,0.0,0.0,0.0,0.0,0.0,0.0,0.0,0.0,0.0,0.0,0.0,0.0,0.0,0.0,0.0,0.0,0.0,0.0,0.0,0.0,0.0,0.0,0.0,0.0,0.0,0.0,0.0,0.0,0.0,0.0,0.0,0.0,0.0,0.0,0.0,0.0,0.0,0.0,0.0,0.0,0.0,0.0,0.0,0.0,0.0,0.0,0.0,0.0,0.0,0.0,0.0,0.0,0.0,0.0,0.0,0.0,0.0,0.0,0.0,0.0,0.0,0.0,0.0,0.0,0.0,0.0,0.0,0.0,0.0,0.0,0.0,0.0,0.0,0.0,0.0,0.0,0.0,0.0,0.0,0.0,0.0,0.0,0.0,0.0,0.0,0.0,0.0,0.0,0.0,0.0,0.0,0.0,0.0,0.0,0.0,0.0,0.0,0.0,0.0,0.0,0.0,0.0,0.0,0.0,0.0,0.0,0.0,0.0
2017-05-28 20:51:00+02:00,0.0,0.0,0.0,0.0,0.0,0.0,0.0,0.0,0.0,0.0,0.0,0.0,0.0,0.0,0.0,0.0,0.0,0.0,0.0,0.0,0.0,0.0,0.0,0.0,0.0,0.0,0.0,0.0,0.0,0.0,0.0,0.0,0.0,0.0,0.0,0.0,0.0,0.0,0.0,0.0,0.0,0.0,0.0,0.0,0.0,0.0,0.0,0.0,0.0,0.0,0.0,0.0,0.0,0.0,0.0,0.0,0.0,0.0,0.0,0.0,0.0,0.0,0.0,0.0,0.0,0.0,0.0,0.0,0.0,0.0,0.0,0.0,0.0,0.0,0.0,0.0,0.0,0.0,0.0,0.0,0.0,0.0,0.0,0.0,0.0,0.0,0.0,0.0,0.0,0.0,0.0,0.0,0.0,0.0,0.0,0.0,0.0,0.0,0.0,0.0,0.0,0.0,0.0,0.0,0.0,0.0,0.0,0.0,0.0,0.0,0.0,0.0,0.0,0.0,0.0,0.0,0.0,0.0
2017-05-28 20:52:00+02:00,0.0,0.0,0.0,0.0,0.0,0.0,0.0,0.0,0.0,0.0,0.0,0.0,0.0,0.0,0.0,0.0,0.0,0.0,0.0,0.0,0.0,0.0,0.0,0.0,0.0,0.0,0.0,0.0,0.0,0.0,0.0,0.0,0.0,0.0,0.0,0.0,0.0,0.0,0.0,0.0,0.0,0.0,0.0,0.0,0.0,0.0,0.0,0.0,0.0,0.0,0.0,0.0,0.0,0.0,0.0,0.0,0.0,0.0,0.0,0.0,0.0,0.0,0.0,0.0,0.0,0.0,0.0,0.0,0.0,0.0,0.0,0.0,0.0,0.0,0.0,0.0,0.0,0.0,0.0,0.0,0.0,0.0,0.0,0.0,0.0,0.0,0.0,0.0,0.0,0.0,0.0,0.0,0.0,0.0,0.0,0.0,0.0,0.0,0.0,0.0,0.0,0.0,0.0,0.0,0.0,0.0,0.0,0.0,0.0,0.0,0.0,0.0,0.0,0.0,0.0,0.0,0.0,0.0
2017-05-28 20:53:00+02:00,0.0,0.0,0.0,0.0,0.0,0.0,0.0,0.0,0.0,0.0,0.0,0.0,0.0,0.0,0.0,0.0,0.0,0.0,0.0,0.0,0.0,0.0,0.0,0.0,0.0,0.0,0.0,0.0,0.0,0.0,0.0,0.0,0.0,0.0,0.0,0.0,0.0,0.0,0.0,0.0,0.0,0.0,0.0,0.0,0.0,0.0,0.0,0.0,0.0,0.0,0.0,0.0,0.0,0.0,0.0,0.0,0.0,0.0,0.0,0.0,0.0,0.0,0.0,0.0,0.0,0.0,0.0,0.0,0.0,0.0,0.0,0.0,0.0,0.0,0.0,0.0,0.0,0.0,0.0,0.0,0.0,0.0,0.0,0.0,0.0,0.0,0.0,0.0,0.0,0.0,0.0,0.0,0.0,0.0,0.0,0.0,0.0,0.0,0.0,0.0,0.0,0.0,0.0,0.0,0.0,0.0,0.0,0.0,0.0,0.0,0.0,0.0,0.0,0.0,0.0,0.0,0.0,0.0
2017-05-28 20:54:00+02:00,0.0,0.0,0.0,0.0,0.0,0.0,0.0,0.0,0.0,0.0,0.0,0.0,0.0,0.0,0.0,0.0,0.0,0.0,0.0,0.0,0.0,0.0,0.0,0.0,0.0,0.0,0.0,0.0,0.0,0.0,0.0,0.0,0.0,0.0,0.0,0.0,0.0,0.0,0.0,0.0,0.0,0.0,0.0,0.0,0.0,0.0,0.0,0.0,0.0,0.0,0.0,0.0,0.0,0.0,0.0,0.0,0.0,0.0,0.0,0.0,0.0,0.0,0.0,0.0,0.0,0.0,0.0,0.0,0.0,0.0,0.0,0.0,0.0,0.0,0.0,0.0,0.0,0.0,0.0,0.0,0.0,0.0,0.0,0.0,0.0,0.0,0.0,0.0,0.0,0.0,0.0,0.0,0.0,0.0,0.0,0.0,0.0,0.0,0.0,0.0,0.0,0.0,0.0,0.0,0.0,0.0,0.0,0.0,0.0,0.0,0.0,0.0,0.0,0.0,0.0,0.0,0.0,0.0
2017-05-28 20:55:00+02:00,0.0,0.0,0.0,0.0,0.0,0.0,0.0,0.0,0.0,0.0,0.0,0.0,0.0,0.0,0.0,0.0,0.0,0.0,0.0,0.0,0.0,0.0,0.0,0.0,0.0,0.0,0.0,0.0,0.0,0.0,0.0,0.0,0.0,0.0,0.0,0.0,0.0,0.0,0.0,0.0,0.0,0.0,0.0,0.0,0.0,0.0,0.0,0.0,0.0,0.0,0.0,0.0,0.0,0.0,0.0,0.0,0.0,0.0,0.0,0.0,0.0,0.0,0.0,0.0,0.0,0.0,0.0,0.0,0.0,0.0,0.0,0.0,0.0,0.0,0.0,0.0,0.0,0.0,0.0,0.0,0.0,0.0,0.0,0.0,0.0,0.0,0.0,0.0,0.0,0.0,0.0,0.0,0.0,0.0,0.0,0.0,0.0,0.0,0.0,0.0,0.0,0.0,0.0,0.0,0.0,0.0,0.0,0.0,0.0,0.0,0.0,0.0,0.0,0.0,0.0,0.0,0.0,0.0
2017-05-28 20:56:00+02:00,0.0,0.0,0.0,0.0,0.0,0.0,0.0,0.0,0.0,0.0,0.0,0.0,0.0,0.0,0.0,0.0,0.0,0.0,0.0,0.0,0.0,0.0,0.0,0.0,0.0,0.0,0.0,0.0,0.0,0.0,0.0,0.0,0.0,0.0,0.0,0.0,0.0,0.0,0.0,0.0,0.0,0.0,0.0,0.0,0.0,0.0,0.0,0.0,0.0,0.0,0.0,0.0,0.0,0.0,0.0,0.0,0.0,0.0,0.0,0.0,0.0,0.0,0.0,0.0,0.0,0.0,0.0,0.0,0.0,0.0,0.0,0.0,0.0,0.0,0.0,0.0,0.0,0.0,0.0,0.0,0.0,0.0,0.0,0.0,0.0,0.0,0.0,0.0,0.0,0.0,0.0,0.0,0.0,0.0,0.0,0.0,0.0,0.0,0.0,0.0,0.0,0.0,0.0,0.0,0.0,0.0,0.0,0.0,0.0,0.0,0.0,0.0,0.0,0.0,0.0,0.0,0.0,0.0
2017-05-28 20:57:00+02:00,0.0,0.0,0.0,0.0,0.0,0.0,0.0,0.0,0.0,0.0,0.0,0.0,0.0,0.0,0.0,0.0,0.0,0.0,0.0,0.0,0.0,0.0,0.0,0.0,0.0,0.0,0.0,0.0,0.0,0.0,0.0,0.0,0.0,0.0,0.0,0.0,0.0,0.0,0.0,0.0,0.0,0.0,0.0,0.0,0.0,0.0,0.0,0.0,0.0,0.0,0.0,0.0,0.0,0.0,0.0,0.0,0.0,0.0,0.0,0.0,0.0,0.0,0.0,0.0,0.0,0.0,0.0,0.0,0.0,0.0,0.0,0.0,0.0,0.0,0.0,0.0,0.0,0.0,0.0,0.0,0.0,0.0,0.0,0.0,0.0,0.0,0.0,0.0,0.0,0.0,0.0,0.0,0.0,0.0,0.0,0.0,0.0,0.0,0.0,0.0,0.0,0.0,0.0,0.0,0.0,0.0,0.0,0.0,0.0,0.0,0.0,0.0,0.0,0.0,0.0,0.0,0.0,0.0
2017-05-28 20:58:00+02:00,0.0,0.0,0.0,0.0,0.0,0.0,0.0,0.0,0.0,0.0,0.0,0.0,0.0,0.0,0.0,0.0,0.0,0.0,0.0,0.0,0.0,0.0,0.0,0.0,0.0,0.0,0.0,0.0,0.0,0.0,0.0,0.0,0.0,0.0,0.0,0.0,0.0,0.0,0.0,0.0,0.0,0.0,0.0,0.0,0.0,0.0,0.0,0.0,0.0,0.0,0.0,0.0,0.0,0.0,0.0,0.0,0.0,0.0,0.0,0.0,0.0,0.0,0.0,0.0,0.0,0.0,0.0,0.0,0.0,0.0,0.0,0.0,0.0,0.0,0.0,0.0,0.0,0.0,0.0,0.0,0.0,0.0,0.0,0.0,0.0,0.0,0.0,0.0,0.0,0.0,0.0,0.0,0.0,0.0,0.0,0.0,0.0,0.0,0.0,0.0,0.0,0.0,0.0,0.0,0.0,0.0,0.0,0.0,0.0,0.0,0.0,0.0,0.0,0.0,0.0,0.0,0.0,0.0
2017-05-28 20:59:00+02:00,0.0,0.0,0.0,0.0,0.0,0.0,0.0,0.0,0.0,0.0,0.0,0.0,0.0,0.0,0.0,0.0,0.0,0.0,0.0,0.0,0.0,0.0,0.0,0.0,0.0,0.0,0.0,0.0,0.0,0.0,0.0,0.0,0.0,0.0,0.0,0.0,0.0,0.0,0.0,0.0,0.0,0.0,0.0,0.0,0.0,0.0,0.0,0.0,0.0,0.0,0.0,0.0,0.0,0.0,0.0,0.0,0.0,0.0,0.0,0.0,0.0,0.0,0.0,0.0,0.0,0.0,0.0,0.0,0.0,0.0,0.0,0.0,0.0,0.0,0.0,0.0,0.0,0.0,0.0,0.0,0.0,0.0,0.0,0.0,0.0,0.0,0.0,0.0,0.0,0.0,0.0,0.0,0.0,0.0,0.0,0.0,0.0,0.0,0.0,0.0,0.0,0.0,0.0,0.0,0.0,0.0,0.0,0.0,0.0,0.0,0.0,0.0,0.0,0.0,0.0,0.0,0.0,0.0
2017-05-28 21:00:00+02:00,0.0,0.0,0.0,0.0,0.0,0.0,0.0,0.0,0.0,0.0,0.0,0.0,0.0,0.0,0.0,0.0,0.0,0.0,0.0,0.0,0.0,0.0,0.0,0.0,0.0,0.0,0.0,0.0,0.0,0.0,0.0,0.0,0.0,0.0,0.0,0.0,0.0,0.0,0.0,0.0,0.0,0.0,0.0,0.0,0.0,0.0,0.0,0.0,0.0,0.0,0.0,0.0,0.0,0.0,0.0,0.0,0.0,0.0,0.0,0.0,0.0,0.0,0.0,0.0,0.0,0.0,0.0,0.0,0.0,0.0,0.0,0.0,0.0,0.0,0.0,0.0,0.0,0.0,0.0,0.0,0.0,0.0,0.0,0.0,0.0,0.0,0.0,0.0,0.0,0.0,0.0,0.0,0.0,0.0,0.0,0.0,0.0,0.0,0.0,0.0,0.0,0.0,0.0,0.0,0.0,0.0,0.0,0.0,0.0,0.0,0.0,0.0,0.0,0.0,0.0,0.0,0.0,0.0
2017-05-28 21:01:00+02:00,0.0,0.0,0.0,0.0,0.0,0.0,0.0,0.0,0.0,0.0,0.0,0.0,0.0,0.0,0.0,0.0,0.0,0.0,0.0,0.0,0.0,0.0,0.0,0.0,0.0,0.0,0.0,0.0,0.0,0.0,0.0,0.0,0.0,0.0,0.0,0.0,0.0,0.0,0.0,0.0,0.0,0.0,0.0,0.0,0.0,0.0,0.0,0.0,0.0,0.0,0.0,0.0,0.0,0.0,0.0,0.0,0.0,0.0,0.0,0.0,0.0,0.0,0.0,0.0,0.0,0.0,0.0,0.0,0.0,0.0,0.0,0.0,0.0,0.0,0.0,0.0,0.0,0.0,0.0,0.0,0.0,0.0,0.0,0.0,0.0,0.0,0.0,0.0,0.0,0.0,0.0,0.0,0.0,0.0,0.0,0.0,0.0,0.0,0.0,0.0,0.0,0.0,0.0,0.0,0.0,0.0,0.0,0.0,0.0,0.0,0.0,0.0,0.0,0.0,0.0,0.0,0.0,0.0
2017-05-28 21:02:00+02:00,0.0,0.0,0.0,0.0,0.0,0.0,0.0,0.0,0.0,0.0,0.0,0.0,0.0,0.0,0.0,0.0,0.0,0.0,0.0,0.0,0.0,0.0,0.0,0.0,0.0,0.0,0.0,0.0,0.0,0.0,0.0,0.0,0.0,0.0,0.0,0.0,0.0,0.0,0.0,0.0,0.0,0.0,0.0,0.0,0.0,0.0,0.0,0.0,0.0,0.0,0.0,0.0,0.0,0.0,0.0,0.0,0.0,0.0,0.0,0.0,0.0,0.0,0.0,0.0,0.0,0.0,0.0,0.0,0.0,0.0,0.0,0.0,0.0,0.0,0.0,0.0,0.0,0.0,0.0,0.0,0.0,0.0,0.0,0.0,0.0,0.0,0.0,0.0,0.0,0.0,0.0,0.0,0.0,0.0,0.0,0.0,0.0,0.0,0.0,0.0,0.0,0.0,0.0,0.0,0.0,0.0,0.0,0.0,0.0,0.0,0.0,0.0,0.0,0.0,0.0,0.0,0.0,0.0
2017-05-28 21:03:00+02:00,0.0,0.0,0.0,0.0,0.0,0.0,0.0,0.0,0.0,0.0,0.0,0.0,0.0,0.0,0.0,0.0,0.0,0.0,0.0,0.0,0.0,0.0,0.0,0.0,0.0,0.0,0.0,0.0,0.0,0.0,0.0,0.0,0.0,0.0,0.0,0.0,0.0,0.0,0.0,0.0,0.0,0.0,0.0,0.0,0.0,0.0,0.0,0.0,0.0,0.0,0.0,0.0,0.0,0.0,0.0,0.0,0.0,0.0,0.0,0.0,0.0,0.0,0.0,0.0,0.0,0.0,0.0,0.0,0.0,0.0,0.0,0.0,0.0,0.0,0.0,0.0,0.0,0.0,0.0,0.0,0.0,0.0,0.0,0.0,0.0,0.0,0.0,0.0,0.0,0.0,0.0,0.0,0.0,0.0,0.0,0.0,0.0,0.0,0.0,0.0,0.0,0.0,0.0,0.0,0.0,0.0,0.0,0.0,0.0,0.0,0.0,0.0,0.0,0.0,0.0,0.0,0.0,0.0
2017-05-28 21:04:00+02:00,0.0,0.0,0.0,0.0,0.0,0.0,0.0,0.0,0.0,0.0,0.0,0.0,0.0,0.0,0.0,0.0,0.0,0.0,0.0,0.0,0.0,0.0,0.0,0.0,0.0,0.0,0.0,0.0,0.0,0.0,0.0,0.0,0.0,0.0,0.0,0.0,0.0,0.0,0.0,0.0,0.0,0.0,0.0,0.0,0.0,0.0,0.0,0.0,0.0,0.0,0.0,0.0,0.0,0.0,0.0,0.0,0.0,0.0,0.0,0.0,0.0,0.0,0.0,0.0,0.0,0.0,0.0,0.0,0.0,0.0,0.0,0.0,0.0,0.0,0.0,0.0,0.0,0.0,0.0,0.0,0.0,0.0,0.0,0.0,0.0,0.0,0.0,0.0,0.0,0.0,0.0,0.0,0.0,0.0,0.0,0.0,0.0,0.0,0.0,0.0,0.0,0.0,0.0,0.0,0.0,0.0,0.0,0.0,0.0,0.0,0.0,0.0,0.0,0.0,0.0,0.0,0.0,0.0
2017-05-28 21:05:00+02:00,0.0,0.0,0.0,0.0,0.0,0.0,0.0,0.0,0.0,0.0,0.0,0.0,0.0,0.0,0.0,0.0,0.0,0.0,0.0,0.0,0.0,0.0,0.0,0.0,0.0,0.0,0.0,0.0,0.0,0.0,0.0,0.0,0.0,0.0,0.0,0.0,0.0,0.0,0.0,0.0,0.0,0.0,0.0,0.0,0.0,0.0,0.0,0.0,0.0,0.0,0.0,0.0,0.0,0.0,0.0,0.0,0.0,0.0,0.0,0.0,0.0,0.0,0.0,0.0,0.0,0.0,0.0,0.0,0.0,0.0,0.0,0.0,0.0,0.0,0.0,0.0,0.0,0.0,0.0,0.0,0.0,0.0,0.0,0.0,0.0,0.0,0.0,0.0,0.0,0.0,0.0,0.0,0.0,0.0,0.0,0.0,0.0,0.0,0.0,0.0,0.0,0.0,0.0,0.0,0.0,0.0,0.0,0.0,0.0,0.0,0.0,0.0,0.0,0.0,0.0,0.0,0.0,0.0
2017-05-28 21:06:00+02:00,0.0,0.0,0.0,0.0,0.0,0.0,0.0,0.0,0.0,0.0,0.0,0.0,0.0,0.0,0.0,0.0,0.0,0.0,0.0,0.0,0.0,0.0,0.0,0.0,0.0,0.0,0.0,0.0,0.0,0.0,0.0,0.0,0.0,0.0,0.0,0.0,0.0,0.0,0.0,0.0,0.0,0.0,0.0,0.0,0.0,0.0,0.0,0.0,0.0,0.0,0.0,0.0,0.0,0.0,0.0,0.0,0.0,0.0,0.0,0.0,0.0,0.0,0.0,0.0,0.0,0.0,0.0,0.0,0.0,0.0,0.0,0.0,0.0,0.0,0.0,0.0,0.0,0.0,0.0,0.0,0.0,0.0,0.0,0.0,0.0,0.0,0.0,0.0,0.0,0.0,0.0,0.0,0.0,0.0,0.0,0.0,0.0,0.0,0.0,0.0,0.0,0.0,0.0,0.0,0.0,0.0,0.0,0.0,0.0,0.0,0.0,0.0,0.0,0.0,0.0,0.0,0.0,0.0
2017-05-28 21:07:00+02:00,0.0,0.0,0.0,0.0,0.0,0.0,0.0,0.0,0.0,0.0,0.0,0.0,0.0,0.0,0.0,0.0,0.0,0.0,0.0,0.0,0.0,0.0,0.0,0.0,0.0,0.0,0.0,0.0,0.0,0.0,0.0,0.0,0.0,0.0,0.0,0.0,0.0,0.0,0.0,0.0,0.0,0.0,0.0,0.0,0.0,0.0,0.0,0.0,0.0,0.0,0.0,0.0,0.0,0.0,0.0,0.0,0.0,0.0,0.0,0.0,0.0,0.0,0.0,0.0,0.0,0.0,0.0,0.0,0.0,0.0,0.0,0.0,0.0,0.0,0.0,0.0,0.0,0.0,0.0,0.0,0.0,0.0,0.0,0.0,0.0,0.0,0.0,0.0,0.0,0.0,0.0,0.0,0.0,0.0,0.0,0.0,0.0,0.0,0.0,0.0,0.0,0.0,0.0,0.0,0.0,0.0,0.0,0.0,0.0,0.0,0.0,0.0,0.0,0.0,0.0,0.0,0.0,0.0
2017-05-28 21:08:00+02:00,0.0,0.0,0.0,0.0,0.0,0.0,0.0,0.0,0.0,0.0,0.0,0.0,0.0,0.0,0.0,0.0,0.0,0.0,0.0,0.0,0.0,0.0,0.0,0.0,0.0,0.0,0.0,0.0,0.0,0.0,0.0,0.0,0.0,0.0,0.0,0.0,0.0,0.0,0.0,0.0,0.0,0.0,0.0,0.0,0.0,0.0,0.0,0.0,0.0,0.0,0.0,0.0,0.0,0.0,0.0,0.0,0.0,0.0,0.0,0.0,0.0,0.0,0.0,0.0,0.0,0.0,0.0,0.0,0.0,0.0,0.0,0.0,0.0,0.0,0.0,0.0,0.0,0.0,0.0,0.0,0.0,0.0,0.0,0.0,0.0,0.0,0.0,0.0,0.0,0.0,0.0,0.0,0.0,0.0,0.0,0.0,0.0,0.0,0.0,0.0,0.0,0.0,0.0,0.0,0.0,0.0,0.0,0.0,0.0,0.0,0.0,0.0,0.0,0.0,0.0,0.0,0.0,0.0
2017-05-28 21:09:00+02:00,0.0,0.0,0.0,0.0,0.0,0.0,0.0,0.0,0.0,0.0,0.0,0.0,0.0,0.0,0.0,0.0,0.0,0.0,0.0,0.0,0.0,0.0,0.0,0.0,0.0,0.0,0.0,0.0,0.0,0.0,0.0,0.0,0.0,0.0,0.0,0.0,0.0,0.0,0.0,0.0,0.0,0.0,0.0,0.0,0.0,0.0,0.0,0.0,0.0,0.0,0.0,0.0,0.0,0.0,0.0,0.0,0.0,0.0,0.0,0.0,0.0,0.0,0.0,0.0,0.0,0.0,0.0,0.0,0.0,0.0,0.0,0.0,0.0,0.0,0.0,0.0,0.0,0.0,0.0,0.0,0.0,0.0,0.0,0.0,0.0,0.0,0.0,0.0,0.0,0.0,0.0,0.0,0.0,0.0,0.0,0.0,0.0,0.0,0.0,0.0,0.0,0.0,0.0,0.0,0.0,0.0,0.0,0.0,0.0,0.0,0.0,0.0,0.0,0.0,0.0,0.0,0.0,0.0
2017-05-28 21:10:00+02:00,0.0,0.0,0.0,0.0,0.0,0.0,0.0,0.0,0.0,0.0,0.0,0.0,0.0,0.0,0.0,0.0,0.0,0.0,0.0,0.0,0.0,0.0,0.0,0.0,0.0,0.0,0.0,0.0,0.0,0.0,0.0,0.0,0.0,0.0,0.0,0.0,0.0,0.0,0.0,0.0,0.0,0.0,0.0,0.0,0.0,0.0,0.0,0.0,0.0,0.0,0.0,0.0,0.0,0.0,0.0,0.0,0.0,0.0,0.0,0.0,0.0,0.0,0.0,0.0,0.0,0.0,0.0,0.0,0.0,0.0,0.0,0.0,0.0,0.0,0.0,0.0,0.0,0.0,0.0,0.0,0.0,0.0,0.0,0.0,0.0,0.0,0.0,0.0,0.0,0.0,0.0,0.0,0.0,0.0,0.0,0.0,0.0,0.0,0.0,0.0,0.0,0.0,0.0,0.0,0.0,0.0,0.0,0.0,0.0,0.0,0.0,0.0,0.0,0.0,0.0,0.0,0.0,0.0
2017-05-28 21:11:00+02:00,0.0,0.0,0.0,0.0,0.0,0.0,0.0,0.0,0.0,0.0,0.0,0.0,0.0,0.0,0.0,0.0,0.0,0.0,0.0,0.0,0.0,0.0,0.0,0.0,0.0,0.0,0.0,0.0,0.0,0.0,0.0,0.0,0.0,0.0,0.0,0.0,0.0,0.0,0.0,0.0,0.0,0.0,0.0,0.0,0.0,0.0,0.0,0.0,0.0,0.0,0.0,0.0,0.0,0.0,0.0,0.0,0.0,0.0,0.0,0.0,0.0,0.0,0.0,0.0,0.0,0.0,0.0,0.0,0.0,0.0,0.0,0.0,0.0,0.0,0.0,0.0,0.0,0.0,0.0,0.0,0.0,0.0,0.0,0.0,0.0,0.0,0.0,0.0,0.0,0.0,0.0,0.0,0.0,0.0,0.0,0.0,0.0,0.0,0.0,0.0,0.0,0.0,0.0,0.0,0.0,0.0,0.0,0.0,0.0,0.0,0.0,0.0,0.0,0.0,0.0,0.0,0.0,0.0
2017-05-28 21:12:00+02:00,0.0,0.0,0.0,0.0,0.0,0.0,0.0,0.0,0.0,0.0,0.0,0.0,0.0,0.0,0.0,0.0,0.0,0.0,0.0,0.0,0.0,0.0,0.0,0.0,0.0,0.0,0.0,0.0,0.0,0.0,0.0,0.0,0.0,0.0,0.0,0.0,0.0,0.0,0.0,0.0,0.0,0.0,0.0,0.0,0.0,0.0,0.0,0.0,0.0,0.0,0.0,0.0,0.0,0.0,0.0,0.0,0.0,0.0,0.0,0.0,0.0,0.0,0.0,0.0,0.0,0.0,0.0,0.0,0.0,0.0,0.0,0.0,0.0,0.0,0.0,0.0,0.0,0.0,0.0,0.0,0.0,0.0,0.0,0.0,0.0,0.0,0.0,0.0,0.0,0.0,0.0,0.0,0.0,0.0,0.0,0.0,0.0,0.0,0.0,0.0,0.0,0.0,0.0,0.0,0.0,0.0,0.0,0.0,0.0,0.0,0.0,0.0,0.0,0.0,0.0,0.0,0.0,0.0
2017-05-28 21:13:00+02:00,0.0,0.0,0.0,0.0,0.0,0.0,0.0,0.0,0.0,0.0,0.0,0.0,0.0,0.0,0.0,0.0,0.0,0.0,0.0,0.0,0.0,0.0,0.0,0.0,0.0,0.0,0.0,0.0,0.0,0.0,0.0,0.0,0.0,0.0,0.0,0.0,0.0,0.0,0.0,0.0,0.0,0.0,0.0,0.0,0.0,0.0,0.0,0.0,0.0,0.0,0.0,0.0,0.0,0.0,0.0,0.0,0.0,0.0,0.0,0.0,0.0,0.0,0.0,0.0,0.0,0.0,0.0,0.0,0.0,0.0,0.0,0.0,0.0,0.0,0.0,0.0,0.0,0.0,0.0,0.0,0.0,0.0,0.0,0.0,0.0,0.0,0.0,0.0,0.0,0.0,0.0,0.0,0.0,0.0,0.0,0.0,0.0,0.0,0.0,0.0,0.0,0.0,0.0,0.0,0.0,0.0,0.0,0.0,0.0,0.0,0.0,0.0,0.0,0.0,0.0,0.0,0.0,0.0
2017-05-28 21:14:00+02:00,0.0,0.0,0.0,0.0,0.0,0.0,0.0,0.0,0.0,0.0,0.0,0.0,0.0,0.0,0.0,0.0,0.0,0.0,0.0,0.0,0.0,0.0,0.0,0.0,0.0,0.0,0.0,0.0,0.0,0.0,0.0,0.0,0.0,0.0,0.0,0.0,0.0,0.0,0.0,0.0,0.0,0.0,0.0,0.0,0.0,0.0,0.0,0.0,0.0,0.0,0.0,0.0,0.0,0.0,0.0,0.0,0.0,0.0,0.0,0.0,0.0,0.0,0.0,0.0,0.0,0.0,0.0,0.0,0.0,0.0,0.0,0.0,0.0,0.0,0.0,0.0,0.0,0.0,0.0,0.0,0.0,0.0,0.0,0.0,0.0,0.0,0.0,0.0,0.0,0.0,0.0,0.0,0.0,0.0,0.0,0.0,0.0,0.0,0.0,0.0,0.0,0.0,0.0,0.0,0.0,0.0,0.0,0.0,0.0,0.0,0.0,0.0,0.0,0.0,0.0,0.0,0.0,0.0
2017-05-28 21:15:00+02:00,0.0,0.0,0.0,0.0,0.0,0.0,0.0,0.0,0.0,0.0,0.0,0.0,0.0,0.0,0.0,0.0,0.0,0.0,0.0,0.0,0.0,0.0,0.0,0.0,0.0,0.0,0.0,0.0,0.0,0.0,0.0,0.0,0.0,0.0,0.0,0.0,0.0,0.0,0.0,0.0,0.0,0.0,0.0,0.0,0.0,0.0,0.0,0.0,0.0,0.0,0.0,0.0,0.0,0.0,0.0,0.0,0.0,0.0,0.0,0.0,0.0,0.0,0.0,0.0,0.0,0.0,0.0,0.0,0.0,0.0,0.0,0.0,0.0,0.0,0.0,0.0,0.0,0.0,0.0,0.0,0.0,0.0,0.0,0.0,0.0,0.0,0.0,0.0,0.0,0.0,0.0,0.0,0.0,0.0,0.0,0.0,0.0,0.0,0.0,0.0,0.0,0.0,0.0,0.0,0.0,0.0,0.0,0.0,0.0,0.0,0.0,0.0,0.0,0.0,0.0,0.0,0.0,0.0
2017-05-28 21:16:00+02:00,0.0,0.0,0.0,0.0,0.0,0.0,0.0,0.0,0.0,0.0,0.0,0.0,0.0,0.0,0.0,0.0,0.0,0.0,0.0,0.0,0.0,0.0,0.0,0.0,0.0,0.0,0.0,0.0,0.0,0.0,0.0,0.0,0.0,0.0,0.0,0.0,0.0,0.0,0.0,0.0,0.0,0.0,0.0,0.0,0.0,0.0,0.0,0.0,0.0,0.0,0.0,0.0,0.0,0.0,0.0,0.0,0.0,0.0,0.0,0.0,0.0,0.0,0.0,0.0,0.0,0.0,0.0,0.0,0.0,0.0,0.0,0.0,0.0,0.0,0.0,0.0,0.0,0.0,0.0,0.0,0.0,0.0,0.0,0.0,0.0,0.0,0.0,0.0,0.0,0.0,0.0,0.0,0.0,0.0,0.0,0.0,0.0,0.0,0.0,0.0,0.0,0.0,0.0,0.0,0.0,0.0,0.0,0.0,0.0,0.0,0.0,0.0,0.0,0.0,0.0,0.0,0.0,0.0
2017-05-28 21:17:00+02:00,0.0,0.0,0.0,0.0,0.0,0.0,0.0,0.0,0.0,0.0,0.0,0.0,0.0,0.0,0.0,0.0,0.0,0.0,0.0,0.0,0.0,0.0,0.0,0.0,0.0,0.0,0.0,0.0,0.0,0.0,0.0,0.0,0.0,0.0,0.0,0.0,0.0,0.0,0.0,0.0,0.0,0.0,0.0,0.0,0.0,0.0,0.0,0.0,0.0,0.0,0.0,0.0,0.0,0.0,0.0,0.0,0.0,0.0,0.0,0.0,0.0,0.0,0.0,0.0,0.0,0.0,0.0,0.0,0.0,0.0,0.0,0.0,0.0,0.0,0.0,0.0,0.0,0.0,0.0,0.0,0.0,0.0,0.0,0.0,0.0,0.0,0.0,0.0,0.0,0.0,0.0,0.0,0.0,0.0,0.0,0.0,0.0,0.0,0.0,0.0,0.0,0.0,0.0,0.0,0.0,0.0,0.0,0.0,0.0,0.0,0.0,0.0,0.0,0.0,0.0,0.0,0.0,0.0
2017-05-28 21:18:00+02:00,0.0,0.0,0.0,0.0,0.0,0.0,0.0,0.0,0.0,0.0,0.0,0.0,0.0,0.0,0.0,0.0,0.0,0.0,0.0,0.0,0.0,0.0,0.0,0.0,0.0,0.0,0.0,0.0,0.0,0.0,0.0,0.0,0.0,0.0,0.0,0.0,0.0,0.0,0.0,0.0,0.0,0.0,0.0,0.0,0.0,0.0,0.0,0.0,0.0,0.0,0.0,0.0,0.0,0.0,0.0,0.0,0.0,0.0,0.0,0.0,0.0,0.0,0.0,0.0,0.0,0.0,0.0,0.0,0.0,0.0,0.0,0.0,0.0,0.0,0.0,0.0,0.0,0.0,0.0,0.0,0.0,0.0,0.0,0.0,0.0,0.0,0.0,0.0,0.0,0.0,0.0,0.0,0.0,0.0,0.0,0.0,0.0,0.0,0.0,0.0,0.0,0.0,0.0,0.0,0.0,0.0,0.0,0.0,0.0,0.0,0.0,0.0,0.0,0.0,0.0,0.0,0.0,0.0
2017-05-28 21:19:00+02:00,0.0,0.0,0.0,0.0,0.0,0.0,0.0,0.0,0.0,0.0,0.0,0.0,0.0,0.0,0.0,0.0,0.0,0.0,0.0,0.0,0.0,0.0,0.0,0.0,0.0,0.0,0.0,0.0,0.0,0.0,0.0,0.0,0.0,0.0,0.0,0.0,0.0,0.0,0.0,0.0,0.0,0.0,0.0,0.0,0.0,0.0,0.0,0.0,0.0,0.0,0.0,0.0,0.0,0.0,0.0,0.0,0.0,0.0,0.0,0.0,0.0,0.0,0.0,0.0,0.0,0.0,0.0,0.0,0.0,0.0,0.0,0.0,0.0,0.0,0.0,0.0,0.0,0.0,0.0,0.0,0.0,0.0,0.0,0.0,0.0,0.0,0.0,0.0,0.0,0.0,0.0,0.0,0.0,0.0,0.0,0.0,0.0,0.0,0.0,0.0,0.0,0.0,0.0,0.0,0.0,0.0,0.0,0.0,0.0,0.0,0.0,0.0,0.0,0.0,0.0,0.0,0.0,0.0
2017-05-28 21:20:00+02:00,0.0,0.0,0.0,0.0,0.0,0.0,0.0,0.0,0.0,0.0,0.0,0.0,0.0,0.0,0.0,0.0,0.0,0.0,0.0,0.0,0.0,0.0,0.0,0.0,0.0,0.0,0.0,0.0,0.0,0.0,0.0,0.0,0.0,0.0,0.0,0.0,0.0,0.0,0.0,0.0,0.0,0.0,0.0,0.0,0.0,0.0,0.0,0.0,0.0,0.0,0.0,0.0,0.0,0.0,0.0,0.0,0.0,0.0,0.0,0.0,0.0,0.0,0.0,0.0,0.0,0.0,0.0,0.0,0.0,0.0,0.0,0.0,0.0,0.0,0.0,0.0,0.0,0.0,0.0,0.0,0.0,0.0,0.0,0.0,0.0,0.0,0.0,0.0,0.0,0.0,0.0,0.0,0.0,0.0,0.0,0.0,0.0,0.0,0.0,0.0,0.0,0.0,0.0,0.0,0.0,0.0,0.0,0.0,0.0,0.0,0.0,0.0,0.0,0.0,0.0,0.0,0.0,0.0
2017-05-28 21:21:00+02:00,0.0,0.0,0.0,0.0,0.0,0.0,0.0,0.0,0.0,0.0,0.0,0.0,0.0,0.0,0.0,0.0,0.0,0.0,0.0,0.0,0.0,0.0,0.0,0.0,0.0,0.0,0.0,0.0,0.0,0.0,0.0,0.0,0.0,0.0,0.0,0.0,0.0,0.0,0.0,0.0,0.0,0.0,0.0,0.0,0.0,0.0,0.0,0.0,0.0,0.0,0.0,0.0,0.0,0.0,0.0,0.0,0.0,0.0,0.0,0.0,0.0,0.0,0.0,0.0,0.0,0.0,0.0,0.0,0.0,0.0,0.0,0.0,0.0,0.0,0.0,0.0,0.0,0.0,0.0,0.0,0.0,0.0,0.0,0.0,0.0,0.0,0.0,0.0,0.0,0.0,0.0,0.0,0.0,0.0,0.0,0.0,0.0,0.0,0.0,0.0,0.0,0.0,0.0,0.0,0.0,0.0,0.0,0.0,0.0,0.0,0.0,0.0,0.0,0.0,0.0,0.0,0.0,0.0
2017-05-28 21:22:00+02:00,0.0,0.0,0.0,0.0,0.0,0.0,0.0,0.0,0.0,0.0,0.0,0.0,0.0,0.0,0.0,0.0,0.0,0.0,0.0,0.0,0.0,0.0,0.0,0.0,0.0,0.0,0.0,0.0,0.0,0.0,0.0,0.0,0.0,0.0,0.0,0.0,0.0,0.0,0.0,0.0,0.0,0.0,0.0,0.0,0.0,0.0,0.0,0.0,0.0,0.0,0.0,0.0,0.0,0.0,0.0,0.0,0.0,0.0,0.0,0.0,0.0,0.0,0.0,0.0,0.0,0.0,0.0,0.0,0.0,0.0,0.0,0.0,0.0,0.0,0.0,0.0,0.0,0.0,0.0,0.0,0.0,0.0,0.0,0.0,0.0,0.0,0.0,0.0,0.0,0.0,0.0,0.0,0.0,0.0,0.0,0.0,0.0,0.0,0.0,0.0,0.0,0.0,0.0,0.0,0.0,0.0,0.0,0.0,0.0,0.0,0.0,0.0,0.0,0.0,0.0,0.0,0.0,0.0
2017-05-28 21:23:00+02:00,0.0,0.0,0.0,0.0,0.0,0.0,0.0,0.0,0.0,0.0,0.0,0.0,0.0,0.0,0.0,0.0,0.0,0.0,0.0,0.0,0.0,0.0,0.0,0.0,0.0,0.0,0.0,0.0,0.0,0.0,0.0,0.0,0.0,0.0,0.0,0.0,0.0,0.0,0.0,0.0,0.0,0.0,0.0,0.0,0.0,0.0,0.0,0.0,0.0,0.0,0.0,0.0,0.0,0.0,0.0,0.0,0.0,0.0,0.0,0.0,0.0,0.0,0.0,0.0,0.0,0.0,0.0,0.0,0.0,0.0,0.0,0.0,0.0,0.0,0.0,0.0,0.0,0.0,0.0,0.0,0.0,0.0,0.0,0.0,0.0,0.0,0.0,0.0,0.0,0.0,0.0,0.0,0.0,0.0,0.0,0.0,0.0,0.0,0.0,0.0,0.0,0.0,0.0,0.0,0.0,0.0,0.0,0.0,0.0,0.0,0.0,0.0,0.0,0.0,0.0,0.0,0.0,0.0
2017-05-28 21:24:00+02:00,0.0,0.0,0.0,0.0,0.0,0.0,0.0,0.0,0.0,0.0,0.0,0.0,0.0,0.0,0.0,0.0,0.0,0.0,0.0,0.0,0.0,0.0,0.0,0.0,0.0,0.0,0.0,0.0,0.0,0.0,0.0,0.0,0.0,0.0,0.0,0.0,0.0,0.0,0.0,0.0,0.0,0.0,0.0,0.0,0.0,0.0,0.0,0.0,0.0,0.0,0.0,0.0,0.0,0.0,0.0,0.0,0.0,0.0,0.0,0.0,0.0,0.0,0.0,0.0,0.0,0.0,0.0,0.0,0.0,0.0,0.0,0.0,0.0,0.0,0.0,0.0,0.0,0.0,0.0,0.0,0.0,0.0,0.0,0.0,0.0,0.0,0.0,0.0,0.0,0.0,0.0,0.0,0.0,0.0,0.0,0.0,0.0,0.0,0.0,0.0,0.0,0.0,0.0,0.0,0.0,0.0,0.0,0.0,0.0,0.0,0.0,0.0,0.0,0.0,0.0,0.0,0.0,0.0
2017-05-28 21:25:00+02:00,0.0,0.0,0.0,0.0,0.0,0.0,0.0,0.0,0.0,0.0,0.0,0.0,0.0,0.0,0.0,0.0,0.0,0.0,0.0,0.0,0.0,0.0,0.0,0.0,0.0,0.0,0.0,0.0,0.0,0.0,0.0,0.0,0.0,0.0,0.0,0.0,0.0,0.0,0.0,0.0,0.0,0.0,0.0,0.0,0.0,0.0,0.0,0.0,0.0,0.0,0.0,0.0,0.0,0.0,0.0,0.0,0.0,0.0,0.0,0.0,0.0,0.0,0.0,0.0,0.0,0.0,0.0,0.0,0.0,0.0,0.0,0.0,0.0,0.0,0.0,0.0,0.0,0.0,0.0,0.0,0.0,0.0,0.0,0.0,0.0,0.0,0.0,0.0,0.0,0.0,0.0,0.0,0.0,0.0,0.0,0.0,0.0,0.0,0.0,0.0,0.0,0.0,0.0,0.0,0.0,0.0,0.0,0.0,0.0,0.0,0.0,0.0,0.0,0.0,0.0,0.0,0.0,0.0
2017-05-28 21:26:00+02:00,0.0,0.0,0.0,0.0,0.0,0.0,0.0,0.0,0.0,0.0,0.0,0.0,0.0,0.0,0.0,0.0,0.0,0.0,0.0,0.0,0.0,0.0,0.0,0.0,0.0,0.0,0.0,0.0,0.0,0.0,0.0,0.0,0.0,0.0,0.0,0.0,0.0,0.0,0.0,0.0,0.0,0.0,0.0,0.0,0.0,0.0,0.0,0.0,0.0,0.0,0.0,0.0,0.0,0.0,0.0,0.0,0.0,0.0,0.0,0.0,0.0,0.0,0.0,0.0,0.0,0.0,0.0,0.0,0.0,0.0,0.0,0.0,0.0,0.0,0.0,0.0,0.0,0.0,0.0,0.0,0.0,0.0,0.0,0.0,0.0,0.0,0.0,0.0,0.0,0.0,0.0,0.0,0.0,0.0,0.0,0.0,0.0,0.0,0.0,0.0,0.0,0.0,0.0,0.0,0.0,0.0,0.0,0.0,0.0,0.0,0.0,0.0,0.0,0.0,0.0,0.0,0.0,0.0
2017-05-28 21:27:00+02:00,0.0,0.0,0.0,0.0,0.0,0.0,0.0,0.0,0.0,0.0,0.0,0.0,0.0,0.0,0.0,0.0,0.0,0.0,0.0,0.0,0.0,0.0,0.0,0.0,0.0,0.0,0.0,0.0,0.0,0.0,0.0,0.0,0.0,0.0,0.0,0.0,0.0,0.0,0.0,0.0,0.0,0.0,0.0,0.0,0.0,0.0,0.0,0.0,0.0,0.0,0.0,0.0,0.0,0.0,0.0,0.0,0.0,0.0,0.0,0.0,0.0,0.0,0.0,0.0,0.0,0.0,0.0,0.0,0.0,0.0,0.0,0.0,0.0,0.0,0.0,0.0,0.0,0.0,0.0,0.0,0.0,0.0,0.0,0.0,0.0,0.0,0.0,0.0,0.0,0.0,0.0,0.0,0.0,0.0,0.0,0.0,0.0,0.0,0.0,0.0,0.0,0.0,0.0,0.0,0.0,0.0,0.0,0.0,0.0,0.0,0.0,0.0,0.0,0.0,0.0,0.0,0.0,0.0
2017-05-28 21:28:00+02:00,0.0,0.0,0.0,0.0,0.0,0.0,0.0,0.0,0.0,0.0,0.0,0.0,0.0,0.0,0.0,0.0,0.0,0.0,0.0,0.0,0.0,0.0,0.0,0.0,0.0,0.0,0.0,0.0,0.0,0.0,0.0,0.0,0.0,0.0,0.0,0.0,0.0,0.0,0.0,0.0,0.0,0.0,0.0,0.0,0.0,0.0,0.0,0.0,0.0,0.0,0.0,0.0,0.0,0.0,0.0,0.0,0.0,0.0,0.0,0.0,0.0,0.0,0.0,0.0,0.0,0.0,0.0,0.0,0.0,0.0,0.0,0.0,0.0,0.0,0.0,0.0,0.0,0.0,0.0,0.0,0.0,0.0,0.0,0.0,0.0,0.0,0.0,0.0,0.0,0.0,0.0,0.0,0.0,0.0,0.0,0.0,0.0,0.0,0.0,0.0,0.0,0.0,0.0,0.0,0.0,0.0,0.0,0.0,0.0,0.0,0.0,0.0,0.0,0.0,0.0,0.0,0.0,0.0
2017-05-28 21:29:00+02:00,0.0,0.0,0.0,0.0,0.0,0.0,0.0,0.0,0.0,0.0,0.0,0.0,0.0,0.0,0.0,0.0,0.0,0.0,0.0,0.0,0.0,0.0,0.0,0.0,0.0,0.0,0.0,0.0,0.0,0.0,0.0,0.0,0.0,0.0,0.0,0.0,0.0,0.0,0.0,0.0,0.0,0.0,0.0,0.0,0.0,0.0,0.0,0.0,0.0,0.0,0.0,0.0,0.0,0.0,0.0,0.0,0.0,0.0,0.0,0.0,0.0,0.0,0.0,0.0,0.0,0.0,0.0,0.0,0.0,0.0,0.0,0.0,0.0,0.0,0.0,0.0,0.0,0.0,0.0,0.0,0.0,0.0,0.0,0.0,0.0,0.0,0.0,0.0,0.0,0.0,0.0,0.0,0.0,0.0,0.0,0.0,0.0,0.0,0.0,0.0,0.0,0.0,0.0,0.0,0.0,0.0,0.0,0.0,0.0,0.0,0.0,0.0,0.0,0.0,0.0,0.0,0.0,0.0
2017-05-28 21:30:00+02:00,0.0,0.0,0.0,0.0,0.0,0.0,0.0,0.0,0.0,0.0,0.0,0.0,0.0,0.0,0.0,0.0,0.0,0.0,0.0,0.0,0.0,0.0,0.0,0.0,0.0,0.0,0.0,0.0,0.0,0.0,0.0,0.0,0.0,0.0,0.0,0.0,0.0,0.0,0.0,0.0,0.0,0.0,0.0,0.0,0.0,0.0,0.0,0.0,0.0,0.0,0.0,0.0,0.0,0.0,0.0,0.0,0.0,0.0,0.0,0.0,0.0,0.0,0.0,0.0,0.0,0.0,0.0,0.0,0.0,0.0,0.0,0.0,0.0,0.0,0.0,0.0,0.0,0.0,0.0,0.0,0.0,0.0,0.0,0.0,0.0,0.0,0.0,0.0,0.0,0.0,0.0,0.0,0.0,0.0,0.0,0.0,0.0,0.0,0.0,0.0,0.0,0.0,0.0,0.0,0.0,0.0,0.0,0.0,0.0,0.0,0.0,0.0,0.0,0.0,0.0,0.0,0.0,0.0
2017-05-28 21:31:00+02:00,0.0,0.0,0.0,0.0,0.0,0.0,0.0,0.0,0.0,0.0,0.0,0.0,0.0,0.0,0.0,0.0,0.0,0.0,0.0,0.0,0.0,0.0,0.0,0.0,0.0,0.0,0.0,0.0,0.0,0.0,0.0,0.0,0.0,0.0,0.0,0.0,0.0,0.0,0.0,0.0,0.0,0.0,0.0,0.0,0.0,0.0,0.0,0.0,0.0,0.0,0.0,0.0,0.0,0.0,0.0,0.0,0.0,0.0,0.0,0.0,0.0,0.0,0.0,0.0,0.0,0.0,0.0,0.0,0.0,0.0,0.0,0.0,0.0,0.0,0.0,0.0,0.0,0.0,0.0,0.0,0.0,0.0,0.0,0.0,0.0,0.0,0.0,0.0,0.0,0.0,0.0,0.0,0.0,0.0,0.0,0.0,0.0,0.0,0.0,0.0,0.0,0.0,0.0,0.0,0.0,0.0,0.0,0.0,0.0,0.0,0.0,0.0,0.0,0.0,0.0,0.0,0.0,0.0
2017-05-28 21:32:00+02:00,0.0,0.0,0.0,0.0,0.0,0.0,0.0,0.0,0.0,0.0,0.0,0.0,0.0,0.0,0.0,0.0,0.0,0.0,0.0,0.0,0.0,0.0,0.0,0.0,0.0,0.0,0.0,0.0,0.0,0.0,0.0,0.0,0.0,0.0,0.0,0.0,0.0,0.0,0.0,0.0,0.0,0.0,0.0,0.0,0.0,0.0,0.0,0.0,0.0,0.0,0.0,0.0,0.0,0.0,0.0,0.0,0.0,0.0,0.0,0.0,0.0,0.0,0.0,0.0,0.0,0.0,0.0,0.0,0.0,0.0,0.0,0.0,0.0,0.0,0.0,0.0,0.0,0.0,0.0,0.0,0.0,0.0,0.0,0.0,0.0,0.0,0.0,0.0,0.0,0.0,0.0,0.0,0.0,0.0,0.0,0.0,0.0,0.0,0.0,0.0,0.0,0.0,0.0,0.0,0.0,0.0,0.0,0.0,0.0,0.0,0.0,0.0,0.0,0.0,0.0,0.0,0.0,0.0
2017-05-28 21:33:00+02:00,0.0,0.0,0.0,0.0,0.0,0.0,0.0,0.0,0.0,0.0,0.0,0.0,0.0,0.0,0.0,0.0,0.0,0.0,0.0,0.0,0.0,0.0,0.0,0.0,0.0,0.0,0.0,0.0,0.0,0.0,0.0,0.0,0.0,0.0,0.0,0.0,0.0,0.0,0.0,0.0,0.0,0.0,0.0,0.0,0.0,0.0,0.0,0.0,0.0,0.0,0.0,0.0,0.0,0.0,0.0,0.0,0.0,0.0,0.0,0.0,0.0,0.0,0.0,0.0,0.0,0.0,0.0,0.0,0.0,0.0,0.0,0.0,0.0,0.0,0.0,0.0,0.0,0.0,0.0,0.0,0.0,0.0,0.0,0.0,0.0,0.0,0.0,0.0,0.0,0.0,0.0,0.0,0.0,0.0,0.0,0.0,0.0,0.0,0.0,0.0,0.0,0.0,0.0,0.0,0.0,0.0,0.0,0.0,0.0,0.0,0.0,0.0,0.0,0.0,0.0,0.0,0.0,0.0
2017-05-28 21:34:00+02:00,0.0,0.0,0.0,0.0,0.0,0.0,0.0,0.0,0.0,0.0,0.0,0.0,0.0,0.0,0.0,0.0,0.0,0.0,0.0,0.0,0.0,0.0,0.0,0.0,0.0,0.0,0.0,0.0,0.0,0.0,0.0,0.0,0.0,0.0,0.0,0.0,0.0,0.0,0.0,0.0,0.0,0.0,0.0,0.0,0.0,0.0,0.0,0.0,0.0,0.0,0.0,0.0,0.0,0.0,0.0,0.0,0.0,0.0,0.0,0.0,0.0,0.0,0.0,0.0,0.0,0.0,0.0,0.0,0.0,0.0,0.0,0.0,0.0,0.0,0.0,0.0,0.0,0.0,0.0,0.0,0.0,0.0,0.0,0.0,0.0,0.0,0.0,0.0,0.0,0.0,0.0,0.0,0.0,0.0,0.0,0.0,0.0,0.0,0.0,0.0,0.0,0.0,0.0,0.0,0.0,0.0,0.0,0.0,0.0,0.0,0.0,0.0,0.0,0.0,0.0,0.0,0.0,0.0
2017-05-28 21:35:00+02:00,0.0,0.0,0.0,0.0,0.0,0.0,0.0,0.0,0.0,0.0,0.0,0.0,0.0,0.0,0.0,0.0,0.0,0.0,0.0,0.0,0.0,0.0,0.0,0.0,0.0,0.0,0.0,0.0,0.0,0.0,0.0,0.0,0.0,0.0,0.0,0.0,0.0,0.0,0.0,0.0,0.0,0.0,0.0,0.0,0.0,0.0,0.0,0.0,0.0,0.0,0.0,0.0,0.0,0.0,0.0,0.0,0.0,0.0,0.0,0.0,0.0,0.0,0.0,0.0,0.0,0.0,0.0,0.0,0.0,0.0,0.0,0.0,0.0,0.0,0.0,0.0,0.0,0.0,0.0,0.0,0.0,0.0,0.0,0.0,0.0,0.0,0.0,0.0,0.0,0.0,0.0,0.0,0.0,0.0,0.0,0.0,0.0,0.0,0.0,0.0,0.0,0.0,0.0,0.0,0.0,0.0,0.0,0.0,0.0,0.0,0.0,0.0,0.0,0.0,0.0,0.0,0.0,0.0
2017-05-28 21:36:00+02:00,0.0,0.0,0.0,0.0,0.0,0.0,0.0,0.0,0.0,0.0,0.0,0.0,0.0,0.0,0.0,0.0,0.0,0.0,0.0,0.0,0.0,0.0,0.0,0.0,0.0,0.0,0.0,0.0,0.0,0.0,0.0,0.0,0.0,0.0,0.0,0.0,0.0,0.0,0.0,0.0,0.0,0.0,0.0,0.0,0.0,0.0,0.0,0.0,0.0,0.0,0.0,0.0,0.0,0.0,0.0,0.0,0.0,0.0,0.0,0.0,0.0,0.0,0.0,0.0,0.0,0.0,0.0,0.0,0.0,0.0,0.0,0.0,0.0,0.0,0.0,0.0,0.0,0.0,0.0,0.0,0.0,0.0,0.0,0.0,0.0,0.0,0.0,0.0,0.0,0.0,0.0,0.0,0.0,0.0,0.0,0.0,0.0,0.0,0.0,0.0,0.0,0.0,0.0,0.0,0.0,0.0,0.0,0.0,0.0,0.0,0.0,0.0,0.0,0.0,0.0,0.0,0.0,0.0
2017-05-28 21:37:00+02:00,0.0,0.0,0.0,0.0,0.0,0.0,0.0,0.0,0.0,0.0,0.0,0.0,0.0,0.0,0.0,0.0,0.0,0.0,0.0,0.0,0.0,0.0,0.0,0.0,0.0,0.0,0.0,0.0,0.0,0.0,0.0,0.0,0.0,0.0,0.0,0.0,0.0,0.0,0.0,0.0,0.0,0.0,0.0,0.0,0.0,0.0,0.0,0.0,0.0,0.0,0.0,0.0,0.0,0.0,0.0,0.0,0.0,0.0,0.0,0.0,0.0,0.0,0.0,0.0,0.0,0.0,0.0,0.0,0.0,0.0,0.0,0.0,0.0,0.0,0.0,0.0,0.0,0.0,0.0,0.0,0.0,0.0,0.0,0.0,0.0,0.0,0.0,0.0,0.0,0.0,0.0,0.0,0.0,0.0,0.0,0.0,0.0,0.0,0.0,0.0,0.0,0.0,0.0,0.0,0.0,0.0,0.0,0.0,0.0,0.0,0.0,0.0,0.0,0.0,0.0,0.0,0.0,0.0
2017-05-28 21:38:00+02:00,0.0,0.0,0.0,0.0,0.0,0.0,0.0,0.0,0.0,0.0,0.0,0.0,0.0,0.0,0.0,0.0,0.0,0.0,0.0,0.0,0.0,0.0,0.0,0.0,0.0,0.0,0.0,0.0,0.0,0.0,0.0,0.0,0.0,0.0,0.0,0.0,0.0,0.0,0.0,0.0,0.0,0.0,0.0,0.0,0.0,0.0,0.0,0.0,0.0,0.0,0.0,0.0,0.0,0.0,0.0,0.0,0.0,0.0,0.0,0.0,0.0,0.0,0.0,0.0,0.0,0.0,0.0,0.0,0.0,0.0,0.0,0.0,0.0,0.0,0.0,0.0,0.0,0.0,0.0,0.0,0.0,0.0,0.0,0.0,0.0,0.0,0.0,0.0,0.0,0.0,0.0,0.0,0.0,0.0,0.0,0.0,0.0,0.0,0.0,0.0,0.0,0.0,0.0,0.0,0.0,0.0,0.0,0.0,0.0,0.0,0.0,0.0,0.0,0.0,0.0,0.0,0.0,0.0
2017-05-28 21:39:00+02:00,0.0,0.0,0.0,0.0,0.0,0.0,0.0,0.0,0.0,0.0,0.0,0.0,0.0,0.0,0.0,0.0,0.0,0.0,0.0,0.0,0.0,0.0,0.0,0.0,0.0,0.0,0.0,0.0,0.0,0.0,0.0,0.0,0.0,0.0,0.0,0.0,0.0,0.0,0.0,0.0,0.0,0.0,0.0,0.0,0.0,0.0,0.0,0.0,0.0,0.0,0.0,0.0,0.0,0.0,0.0,0.0,0.0,0.0,0.0,0.0,0.0,0.0,0.0,0.0,0.0,0.0,0.0,0.0,0.0,0.0,0.0,0.0,0.0,0.0,0.0,0.0,0.0,0.0,0.0,0.0,0.0,0.0,0.0,0.0,0.0,0.0,0.0,0.0,0.0,0.0,0.0,0.0,0.0,0.0,0.0,0.0,0.0,0.0,0.0,0.0,0.0,0.0,0.0,0.0,0.0,0.0,0.0,0.0,0.0,0.0,0.0,0.0,0.0,0.0,0.0,0.0,0.0,0.0
2017-05-28 21:40:00+02:00,0.0,0.0,0.0,0.0,0.0,0.0,0.0,0.0,0.0,0.0,0.0,0.0,0.0,0.0,0.0,0.0,0.0,0.0,0.0,0.0,0.0,0.0,0.0,0.0,0.0,0.0,0.0,0.0,0.0,0.0,0.0,0.0,0.0,0.0,0.0,0.0,0.0,0.0,0.0,0.0,0.0,0.0,0.0,0.0,0.0,0.0,0.0,0.0,0.0,0.0,0.0,0.0,0.0,0.0,0.0,0.0,0.0,0.0,0.0,0.0,0.0,0.0,0.0,0.0,0.0,0.0,0.0,0.0,0.0,0.0,0.0,0.0,0.0,0.0,0.0,0.0,0.0,0.0,0.0,0.0,0.0,0.0,0.0,0.0,0.0,0.0,0.0,0.0,0.0,0.0,0.0,0.0,0.0,0.0,0.0,0.0,0.0,0.0,0.0,0.0,0.0,0.0,0.0,0.0,0.0,0.0,0.0,0.0,0.0,0.0,0.0,0.0,0.0,0.0,0.0,0.0,0.0,0.0
2017-05-28 21:41:00+02:00,0.0,0.0,0.0,0.0,0.0,0.0,0.0,0.0,0.0,0.0,0.0,0.0,0.0,0.0,0.0,0.0,0.0,0.0,0.0,0.0,0.0,0.0,0.0,0.0,0.0,0.0,0.0,0.0,0.0,0.0,0.0,0.0,0.0,0.0,0.0,0.0,0.0,0.0,0.0,0.0,0.0,0.0,0.0,0.0,0.0,0.0,0.0,0.0,0.0,0.0,0.0,0.0,0.0,0.0,0.0,0.0,0.0,0.0,0.0,0.0,0.0,0.0,0.0,0.0,0.0,0.0,0.0,0.0,0.0,0.0,0.0,0.0,0.0,0.0,0.0,0.0,0.0,0.0,0.0,0.0,0.0,0.0,0.0,0.0,0.0,0.0,0.0,0.0,0.0,0.0,0.0,0.0,0.0,0.0,0.0,0.0,0.0,0.0,0.0,0.0,0.0,0.0,0.0,0.0,0.0,0.0,0.0,0.0,0.0,0.0,0.0,0.0,0.0,0.0,0.0,0.0,0.0,0.0
2017-05-28 21:42:00+02:00,0.0,0.0,0.0,0.0,0.0,0.0,0.0,0.0,0.0,0.0,0.0,0.0,0.0,0.0,0.0,0.0,0.0,0.0,0.0,0.0,0.0,0.0,0.0,0.0,0.0,0.0,0.0,0.0,0.0,0.0,0.0,0.0,0.0,0.0,0.0,0.0,0.0,0.0,0.0,0.0,0.0,0.0,0.0,0.0,0.0,0.0,0.0,0.0,0.0,0.0,0.0,0.0,0.0,0.0,0.0,0.0,0.0,0.0,0.0,0.0,0.0,0.0,0.0,0.0,0.0,0.0,0.0,0.0,0.0,0.0,0.0,0.0,0.0,0.0,0.0,0.0,0.0,0.0,0.0,0.0,0.0,0.0,0.0,0.0,0.0,0.0,0.0,0.0,0.0,0.0,0.0,0.0,0.0,0.0,0.0,0.0,0.0,0.0,0.0,0.0,0.0,0.0,0.0,0.0,0.0,0.0,0.0,0.0,0.0,0.0,0.0,0.0,0.0,0.0,0.0,0.0,0.0,0.0
2017-05-28 21:43:00+02:00,0.0,0.0,0.0,0.0,0.0,0.0,0.0,0.0,0.0,0.0,0.0,0.0,0.0,0.0,0.0,0.0,0.0,0.0,0.0,0.0,0.0,0.0,0.0,0.0,0.0,0.0,0.0,0.0,0.0,0.0,0.0,0.0,0.0,0.0,0.0,0.0,0.0,0.0,0.0,0.0,0.0,0.0,0.0,0.0,0.0,0.0,0.0,0.0,0.0,0.0,0.0,0.0,0.0,0.0,0.0,0.0,0.0,0.0,0.0,0.0,0.0,0.0,0.0,0.0,0.0,0.0,0.0,0.0,0.0,0.0,0.0,0.0,0.0,0.0,0.0,0.0,0.0,0.0,0.0,0.0,0.0,0.0,0.0,0.0,0.0,0.0,0.0,0.0,0.0,0.0,0.0,0.0,0.0,0.0,0.0,0.0,0.0,0.0,0.0,0.0,0.0,0.0,0.0,0.0,0.0,0.0,0.0,0.0,0.0,0.0,0.0,0.0,0.0,0.0,0.0,0.0,0.0,0.0
2017-05-28 21:44:00+02:00,0.0,0.0,0.0,0.0,0.0,0.0,0.0,0.0,0.0,0.0,0.0,0.0,0.0,0.0,0.0,0.0,0.0,0.0,0.0,0.0,0.0,0.0,0.0,0.0,0.0,0.0,0.0,0.0,0.0,0.0,0.0,0.0,0.0,0.0,0.0,0.0,0.0,0.0,0.0,0.0,0.0,0.0,0.0,0.0,0.0,0.0,0.0,0.0,0.0,0.0,0.0,0.0,0.0,0.0,0.0,0.0,0.0,0.0,0.0,0.0,0.0,0.0,0.0,0.0,0.0,0.0,0.0,0.0,0.0,0.0,0.0,0.0,0.0,0.0,0.0,0.0,0.0,0.0,0.0,0.0,0.0,0.0,0.0,0.0,0.0,0.0,0.0,0.0,0.0,0.0,0.0,0.0,0.0,0.0,0.0,0.0,0.0,0.0,0.0,0.0,0.0,0.0,0.0,0.0,0.0,0.0,0.0,0.0,0.0,0.0,0.0,0.0,0.0,0.0,0.0,0.0,0.0,0.0
2017-05-28 21:45:00+02:00,0.0,0.0,0.0,0.0,0.0,0.0,0.0,0.0,0.0,0.0,0.0,0.0,0.0,0.0,0.0,0.0,0.0,0.0,0.0,0.0,0.0,0.0,0.0,0.0,0.0,0.0,0.0,0.0,0.0,0.0,0.0,0.0,0.0,0.0,0.0,0.0,0.0,0.0,0.0,0.0,0.0,0.0,0.0,0.0,0.0,0.0,0.0,0.0,0.0,0.0,0.0,0.0,0.0,0.0,0.0,0.0,0.0,0.0,0.0,0.0,0.0,0.0,0.0,0.0,0.0,0.0,0.0,0.0,0.0,0.0,0.0,0.0,0.0,0.0,0.0,0.0,0.0,0.0,0.0,0.0,0.0,0.0,0.0,0.0,0.0,0.0,0.0,0.0,0.0,0.0,0.0,0.0,0.0,0.0,0.0,0.0,0.0,0.0,0.0,0.0,0.0,0.0,0.0,0.0,0.0,0.0,0.0,0.0,0.0,0.0,0.0,0.0,0.0,0.0,0.0,0.0,0.0,0.0
2017-05-28 21:46:00+02:00,0.0,0.0,0.0,0.0,0.0,0.0,0.0,0.0,0.0,0.0,0.0,0.0,0.0,0.0,0.0,0.0,0.0,0.0,0.0,0.0,0.0,0.0,0.0,0.0,0.0,0.0,0.0,0.0,0.0,0.0,0.0,0.0,0.0,0.0,0.0,0.0,0.0,0.0,0.0,0.0,0.0,0.0,0.0,0.0,0.0,0.0,0.0,0.0,0.0,0.0,0.0,0.0,0.0,0.0,0.0,0.0,0.0,0.0,0.0,0.0,0.0,0.0,0.0,0.0,0.0,0.0,0.0,0.0,0.0,0.0,0.0,0.0,0.0,0.0,0.0,0.0,0.0,0.0,0.0,0.0,0.0,0.0,0.0,0.0,0.0,0.0,0.0,0.0,0.0,0.0,0.0,0.0,0.0,0.0,0.0,0.0,0.0,0.0,0.0,0.0,0.0,0.0,0.0,0.0,0.0,0.0,0.0,0.0,0.0,0.0,0.0,0.0,0.0,0.0,0.0,0.0,0.0,0.0
2017-05-28 21:47:00+02:00,0.0,0.0,0.0,0.0,0.0,0.0,0.0,0.0,0.0,0.0,0.0,0.0,0.0,0.0,0.0,0.0,0.0,0.0,0.0,0.0,0.0,0.0,0.0,0.0,0.0,0.0,0.0,0.0,0.0,0.0,0.0,0.0,0.0,0.0,0.0,0.0,0.0,0.0,0.0,0.0,0.0,0.0,0.0,0.0,0.0,0.0,0.0,0.0,0.0,0.0,0.0,0.0,0.0,0.0,0.0,0.0,0.0,0.0,0.0,0.0,0.0,0.0,0.0,0.0,0.0,0.0,0.0,0.0,0.0,0.0,0.0,0.0,0.0,0.0,0.0,0.0,0.0,0.0,0.0,0.0,0.0,0.0,0.0,0.0,0.0,0.0,0.0,0.0,0.0,0.0,0.0,0.0,0.0,0.0,0.0,0.0,0.0,0.0,0.0,0.0,0.0,0.0,0.0,0.0,0.0,0.0,0.0,0.0,0.0,0.0,0.0,0.0,0.0,0.0,0.0,0.0,0.0,0.0
2017-05-28 21:48:00+02:00,0.0,0.0,0.0,0.0,0.0,0.0,0.0,0.0,0.0,0.0,0.0,0.0,0.0,0.0,0.0,0.0,0.0,0.0,0.0,0.0,0.0,0.0,0.0,0.0,0.0,0.0,0.0,0.0,0.0,0.0,0.0,0.0,0.0,0.0,0.0,0.0,0.0,0.0,0.0,0.0,0.0,0.0,0.0,0.0,0.0,0.0,0.0,0.0,0.0,0.0,0.0,0.0,0.0,0.0,0.0,0.0,0.0,0.0,0.0,0.0,0.0,0.0,0.0,0.0,0.0,0.0,0.0,0.0,0.0,0.0,0.0,0.0,0.0,0.0,0.0,0.0,0.0,0.0,0.0,0.0,0.0,0.0,0.0,0.0,0.0,0.0,0.0,0.0,0.0,0.0,0.0,0.0,0.0,0.0,0.0,0.0,0.0,0.0,0.0,0.0,0.0,0.0,0.0,0.0,0.0,0.0,0.0,0.0,0.0,0.0,0.0,0.0,0.0,0.0,0.0,0.0,0.0,0.0
2017-05-28 21:49:00+02:00,0.0,0.0,0.0,0.0,0.0,0.0,0.0,0.0,0.0,0.0,0.0,0.0,0.0,0.0,0.0,0.0,0.0,0.0,0.0,0.0,0.0,0.0,0.0,0.0,0.0,0.0,0.0,0.0,0.0,0.0,0.0,0.0,0.0,0.0,0.0,0.0,0.0,0.0,0.0,0.0,0.0,0.0,0.0,0.0,0.0,0.0,0.0,0.0,0.0,0.0,0.0,0.0,0.0,0.0,0.0,0.0,0.0,0.0,0.0,0.0,0.0,0.0,0.0,0.0,0.0,0.0,0.0,0.0,0.0,0.0,0.0,0.0,0.0,0.0,0.0,0.0,0.0,0.0,0.0,0.0,0.0,0.0,0.0,0.0,0.0,0.0,0.0,0.0,0.0,0.0,0.0,0.0,0.0,0.0,0.0,0.0,0.0,0.0,0.0,0.0,0.0,0.0,0.0,0.0,0.0,0.0,0.0,0.0,0.0,0.0,0.0,0.0,0.0,0.0,0.0,0.0,0.0,0.0
2017-05-28 21:50:00+02:00,0.0,0.0,0.0,0.0,0.0,0.0,0.0,0.0,0.0,0.0,0.0,0.0,0.0,0.0,0.0,0.0,0.0,0.0,0.0,0.0,0.0,0.0,0.0,0.0,0.0,0.0,0.0,0.0,0.0,0.0,0.0,0.0,0.0,0.0,0.0,0.0,0.0,0.0,0.0,0.0,0.0,0.0,0.0,0.0,0.0,0.0,0.0,0.0,0.0,0.0,0.0,0.0,0.0,0.0,0.0,0.0,0.0,0.0,0.0,0.0,0.0,0.0,0.0,0.0,0.0,0.0,0.0,0.0,0.0,0.0,0.0,0.0,0.0,0.0,0.0,0.0,0.0,0.0,0.0,0.0,0.0,0.0,0.0,0.0,0.0,0.0,0.0,0.0,0.0,0.0,0.0,0.0,0.0,0.0,0.0,0.0,0.0,0.0,0.0,0.0,0.0,0.0,0.0,0.0,0.0,0.0,0.0,0.0,0.0,0.0,0.0,0.0,0.0,0.0,0.0,0.0,0.0,0.0
2017-05-28 21:51:00+02:00,0.0,0.0,0.0,0.0,0.0,0.0,0.0,0.0,0.0,0.0,0.0,0.0,0.0,0.0,0.0,0.0,0.0,0.0,0.0,0.0,0.0,0.0,0.0,0.0,0.0,0.0,0.0,0.0,0.0,0.0,0.0,0.0,0.0,0.0,0.0,0.0,0.0,0.0,0.0,0.0,0.0,0.0,0.0,0.0,0.0,0.0,0.0,0.0,0.0,0.0,0.0,0.0,0.0,0.0,0.0,0.0,0.0,0.0,0.0,0.0,0.0,0.0,0.0,0.0,0.0,0.0,0.0,0.0,0.0,0.0,0.0,0.0,0.0,0.0,0.0,0.0,0.0,0.0,0.0,0.0,0.0,0.0,0.0,0.0,0.0,0.0,0.0,0.0,0.0,0.0,0.0,0.0,0.0,0.0,0.0,0.0,0.0,0.0,0.0,0.0,0.0,0.0,0.0,0.0,0.0,0.0,0.0,0.0,0.0,0.0,0.0,0.0,0.0,0.0,0.0,0.0,0.0,0.0
2017-05-28 21:52:00+02:00,0.0,0.0,0.0,0.0,0.0,0.0,0.0,0.0,0.0,0.0,0.0,0.0,0.0,0.0,0.0,0.0,0.0,0.0,0.0,0.0,0.0,0.0,0.0,0.0,0.0,0.0,0.0,0.0,0.0,0.0,0.0,0.0,0.0,0.0,0.0,0.0,0.0,0.0,0.0,0.0,0.0,0.0,0.0,0.0,0.0,0.0,0.0,0.0,0.0,0.0,0.0,0.0,0.0,0.0,0.0,0.0,0.0,0.0,0.0,0.0,0.0,0.0,0.0,0.0,0.0,0.0,0.0,0.0,0.0,0.0,0.0,0.0,0.0,0.0,0.0,0.0,0.0,0.0,0.0,0.0,0.0,0.0,0.0,0.0,0.0,0.0,0.0,0.0,0.0,0.0,0.0,0.0,0.0,0.0,0.0,0.0,0.0,0.0,0.0,0.0,0.0,0.0,0.0,0.0,0.0,0.0,0.0,0.0,0.0,0.0,0.0,0.0,0.0,0.0,0.0,0.0,0.0,0.0
2017-05-28 21:53:00+02:00,0.0,0.0,0.0,0.0,0.0,0.0,0.0,0.0,0.0,0.0,0.0,0.0,0.0,0.0,0.0,0.0,0.0,0.0,0.0,0.0,0.0,0.0,0.0,0.0,0.0,0.0,0.0,0.0,0.0,0.0,0.0,0.0,0.0,0.0,0.0,0.0,0.0,0.0,0.0,0.0,0.0,0.0,0.0,0.0,0.0,0.0,0.0,0.0,0.0,0.0,0.0,0.0,0.0,0.0,0.0,0.0,0.0,0.0,0.0,0.0,0.0,0.0,0.0,0.0,0.0,0.0,0.0,0.0,0.0,0.0,0.0,0.0,0.0,0.0,0.0,0.0,0.0,0.0,0.0,0.0,0.0,0.0,0.0,0.0,0.0,0.0,0.0,0.0,0.0,0.0,0.0,0.0,0.0,0.0,0.0,0.0,0.0,0.0,0.0,0.0,0.0,0.0,0.0,0.0,0.0,0.0,0.0,0.0,0.0,0.0,0.0,0.0,0.0,0.0,0.0,0.0,0.0,0.0
2017-05-28 21:54:00+02:00,0.0,0.0,0.0,0.0,0.0,0.0,0.0,0.0,0.0,0.0,0.0,0.0,0.0,0.0,0.0,0.0,0.0,0.0,0.0,0.0,0.0,0.0,0.0,0.0,0.0,0.0,0.0,0.0,0.0,0.0,0.0,0.0,0.0,0.0,0.0,0.0,0.0,0.0,0.0,0.0,0.0,0.0,0.0,0.0,0.0,0.0,0.0,0.0,0.0,0.0,0.0,0.0,0.0,0.0,0.0,0.0,0.0,0.0,0.0,0.0,0.0,0.0,0.0,0.0,0.0,0.0,0.0,0.0,0.0,0.0,0.0,0.0,0.0,0.0,0.0,0.0,0.0,0.0,0.0,0.0,0.0,0.0,0.0,0.0,0.0,0.0,0.0,0.0,0.0,0.0,0.0,0.0,0.0,0.0,0.0,0.0,0.0,0.0,0.0,0.0,0.0,0.0,0.0,0.0,0.0,0.0,0.0,0.0,0.0,0.0,0.0,0.0,0.0,0.0,0.0,0.0,0.0,0.0
2017-05-28 21:55:00+02:00,0.0,0.0,0.0,0.0,0.0,0.0,0.0,0.0,0.0,0.0,0.0,0.0,0.0,0.0,0.0,0.0,0.0,0.0,0.0,0.0,0.0,0.0,0.0,0.0,0.0,0.0,0.0,0.0,0.0,0.0,0.0,0.0,0.0,0.0,0.0,0.0,0.0,0.0,0.0,0.0,0.0,0.0,0.0,0.0,0.0,0.0,0.0,0.0,0.0,0.0,0.0,0.0,0.0,0.0,0.0,0.0,0.0,0.0,0.0,0.0,0.0,0.0,0.0,0.0,0.0,0.0,0.0,0.0,0.0,0.0,0.0,0.0,0.0,0.0,0.0,0.0,0.0,0.0,0.0,0.0,0.0,0.0,0.0,0.0,0.0,0.0,0.0,0.0,0.0,0.0,0.0,0.0,0.0,0.0,0.0,0.0,0.0,0.0,0.0,0.0,0.0,0.0,0.0,0.0,0.0,0.0,0.0,0.0,0.0,0.0,0.0,0.0,0.0,0.0,0.0,0.0,0.0,0.0
2017-05-28 21:56:00+02:00,0.0,0.0,0.0,0.0,0.0,0.0,0.0,0.0,0.0,0.0,0.0,0.0,0.0,0.0,0.0,0.0,0.0,0.0,0.0,0.0,0.0,0.0,0.0,0.0,0.0,0.0,0.0,0.0,0.0,0.0,0.0,0.0,0.0,0.0,0.0,0.0,0.0,0.0,0.0,0.0,0.0,0.0,0.0,0.0,0.0,0.0,0.0,0.0,0.0,0.0,0.0,0.0,0.0,0.0,0.0,0.0,0.0,0.0,0.0,0.0,0.0,0.0,0.0,0.0,0.0,0.0,0.0,0.0,0.0,0.0,0.0,0.0,0.0,0.0,0.0,0.0,0.0,0.0,0.0,0.0,0.0,0.0,0.0,0.0,0.0,0.0,0.0,0.0,0.0,0.0,0.0,0.0,0.0,0.0,0.0,0.0,0.0,0.0,0.0,0.0,0.0,0.0,0.0,0.0,0.0,0.0,0.0,0.0,0.0,0.0,0.0,0.0,0.0,0.0,0.0,0.0,0.0,0.0
2017-05-28 21:57:00+02:00,0.0,0.0,0.0,0.0,0.0,0.0,0.0,0.0,0.0,0.0,0.0,0.0,0.0,0.0,0.0,0.0,0.0,0.0,0.0,0.0,0.0,0.0,0.0,0.0,0.0,0.0,0.0,0.0,0.0,0.0,0.0,0.0,0.0,0.0,0.0,0.0,0.0,0.0,0.0,0.0,0.0,0.0,0.0,0.0,0.0,0.0,0.0,0.0,0.0,0.0,0.0,0.0,0.0,0.0,0.0,0.0,0.0,0.0,0.0,0.0,0.0,0.0,0.0,0.0,0.0,0.0,0.0,0.0,0.0,0.0,0.0,0.0,0.0,0.0,0.0,0.0,0.0,0.0,0.0,0.0,0.0,0.0,0.0,0.0,0.0,0.0,0.0,0.0,0.0,0.0,0.0,0.0,0.0,0.0,0.0,0.0,0.0,0.0,0.0,0.0,0.0,0.0,0.0,0.0,0.0,0.0,0.0,0.0,0.0,0.0,0.0,0.0,0.0,0.0,0.0,0.0,0.0,0.0
2017-05-28 21:58:00+02:00,0.0,0.0,0.0,0.0,0.0,0.0,0.0,0.0,0.0,0.0,0.0,0.0,0.0,0.0,0.0,0.0,0.0,0.0,0.0,0.0,0.0,0.0,0.0,0.0,0.0,0.0,0.0,0.0,0.0,0.0,0.0,0.0,0.0,0.0,0.0,0.0,0.0,0.0,0.0,0.0,0.0,0.0,0.0,0.0,0.0,0.0,0.0,0.0,0.0,0.0,0.0,0.0,0.0,0.0,0.0,0.0,0.0,0.0,0.0,0.0,0.0,0.0,0.0,0.0,0.0,0.0,0.0,0.0,0.0,0.0,0.0,0.0,0.0,0.0,0.0,0.0,0.0,0.0,0.0,0.0,0.0,0.0,0.0,0.0,0.0,0.0,0.0,0.0,0.0,0.0,0.0,0.0,0.0,0.0,0.0,0.0,0.0,0.0,0.0,0.0,0.0,0.0,0.0,0.0,0.0,0.0,0.0,0.0,0.0,0.0,0.0,0.0,0.0,0.0,0.0,0.0,0.0,0.0
2017-05-28 21:59:00+02:00,0.0,0.0,0.0,0.0,0.0,0.0,0.0,0.0,0.0,0.0,0.0,0.0,0.0,0.0,0.0,0.0,0.0,0.0,0.0,0.0,0.0,0.0,0.0,0.0,0.0,0.0,0.0,0.0,0.0,0.0,0.0,0.0,0.0,0.0,0.0,0.0,0.0,0.0,0.0,0.0,0.0,0.0,0.0,0.0,0.0,0.0,0.0,0.0,0.0,0.0,0.0,0.0,0.0,0.0,0.0,0.0,0.0,0.0,0.0,0.0,0.0,0.0,0.0,0.0,0.0,0.0,0.0,0.0,0.0,0.0,0.0,0.0,0.0,0.0,0.0,0.0,0.0,0.0,0.0,0.0,0.0,0.0,0.0,0.0,0.0,0.0,0.0,0.0,0.0,0.0,0.0,0.0,0.0,0.0,0.0,0.0,0.0,0.0,0.0,0.0,0.0,0.0,0.0,0.0,0.0,0.0,0.0,0.0,0.0,0.0,0.0,0.0,0.0,0.0,0.0,0.0,0.0,0.0
2017-05-28 22:00:00+02:00,0.0,0.0,0.0,0.0,0.0,0.0,0.0,0.0,0.0,0.0,0.0,0.0,0.0,0.0,0.0,0.0,0.0,0.0,0.0,0.0,0.0,0.0,0.0,0.0,0.0,0.0,0.0,0.0,0.0,0.0,0.0,0.0,0.0,0.0,0.0,0.0,0.0,0.0,0.0,0.0,0.0,0.0,0.0,0.0,0.0,0.0,0.0,0.0,0.0,0.0,0.0,0.0,0.0,0.0,0.0,0.0,0.0,0.0,0.0,0.0,0.0,0.0,0.0,0.0,0.0,0.0,0.0,0.0,0.0,0.0,0.0,0.0,0.0,0.0,0.0,0.0,0.0,0.0,0.0,0.0,0.0,0.0,0.0,0.0,0.0,0.0,0.0,0.0,0.0,0.0,0.0,0.0,0.0,0.0,0.0,0.0,0.0,0.0,0.0,0.0,0.0,0.0,0.0,0.0,0.0,0.0,0.0,0.0,0.0,0.0,0.0,0.0,0.0,0.0,0.0,0.0,0.0,0.0
2017-05-28 22:01:00+02:00,0.0,0.0,0.0,0.0,0.0,0.0,0.0,0.0,0.0,0.0,0.0,0.0,0.0,0.0,0.0,0.0,0.0,0.0,0.0,0.0,0.0,0.0,0.0,0.0,0.0,0.0,0.0,0.0,0.0,0.0,0.0,0.0,0.0,0.0,0.0,0.0,0.0,0.0,0.0,0.0,0.0,0.0,0.0,0.0,0.0,0.0,0.0,0.0,0.0,0.0,0.0,0.0,0.0,0.0,0.0,0.0,0.0,0.0,0.0,0.0,0.0,0.0,0.0,0.0,0.0,0.0,0.0,0.0,0.0,0.0,0.0,0.0,0.0,0.0,0.0,0.0,0.0,0.0,0.0,0.0,0.0,0.0,0.0,0.0,0.0,0.0,0.0,0.0,0.0,0.0,0.0,0.0,0.0,0.0,0.0,0.0,0.0,0.0,0.0,0.0,0.0,0.0,0.0,0.0,0.0,0.0,0.0,0.0,0.0,0.0,0.0,0.0,0.0,0.0,0.0,0.0,0.0,0.0
2017-05-28 22:02:00+02:00,0.0,0.0,0.0,0.0,0.0,0.0,0.0,0.0,0.0,0.0,0.0,0.0,0.0,0.0,0.0,0.0,0.0,0.0,0.0,0.0,0.0,0.0,0.0,0.0,0.0,0.0,0.0,0.0,0.0,0.0,0.0,0.0,0.0,0.0,0.0,0.0,0.0,0.0,0.0,0.0,0.0,0.0,0.0,0.0,0.0,0.0,0.0,0.0,0.0,0.0,0.0,0.0,0.0,0.0,0.0,0.0,0.0,0.0,0.0,0.0,0.0,0.0,0.0,0.0,0.0,0.0,0.0,0.0,0.0,0.0,0.0,0.0,0.0,0.0,0.0,0.0,0.0,0.0,0.0,0.0,0.0,0.0,0.0,0.0,0.0,0.0,0.0,0.0,0.0,0.0,0.0,0.0,0.0,0.0,0.0,0.0,0.0,0.0,0.0,0.0,0.0,0.0,0.0,0.0,0.0,0.0,0.0,0.0,0.0,0.0,0.0,0.0,0.0,0.0,0.0,0.0,0.0,0.0
2017-05-28 22:03:00+02:00,0.0,0.0,0.0,0.0,0.0,0.0,0.0,0.0,0.0,0.0,0.0,0.0,0.0,0.0,0.0,0.0,0.0,0.0,0.0,0.0,0.0,0.0,0.0,0.0,0.0,0.0,0.0,0.0,0.0,0.0,0.0,0.0,0.0,0.0,0.0,0.0,0.0,0.0,0.0,0.0,0.0,0.0,0.0,0.0,0.0,0.0,0.0,0.0,0.0,0.0,0.0,0.0,0.0,0.0,0.0,0.0,0.0,0.0,0.0,0.0,0.0,0.0,0.0,0.0,0.0,0.0,0.0,0.0,0.0,0.0,0.0,0.0,0.0,0.0,0.0,0.0,0.0,0.0,0.0,0.0,0.0,0.0,0.0,0.0,0.0,0.0,0.0,0.0,0.0,0.0,0.0,0.0,0.0,0.0,0.0,0.0,0.0,0.0,0.0,0.0,0.0,0.0,0.0,0.0,0.0,0.0,0.0,0.0,0.0,0.0,0.0,0.0,0.0,0.0,0.0,0.0,0.0,0.0
2017-05-28 22:04:00+02:00,0.0,0.0,0.0,0.0,0.0,0.0,0.0,0.0,0.0,0.0,0.0,0.0,0.0,0.0,0.0,0.0,0.0,0.0,0.0,0.0,0.0,0.0,0.0,0.0,0.0,0.0,0.0,0.0,0.0,0.0,0.0,0.0,0.0,0.0,0.0,0.0,0.0,0.0,0.0,0.0,0.0,0.0,0.0,0.0,0.0,0.0,0.0,0.0,0.0,0.0,0.0,0.0,0.0,0.0,0.0,0.0,0.0,0.0,0.0,0.0,0.0,0.0,0.0,0.0,0.0,0.0,0.0,0.0,0.0,0.0,0.0,0.0,0.0,0.0,0.0,0.0,0.0,0.0,0.0,0.0,0.0,0.0,0.0,0.0,0.0,0.0,0.0,0.0,0.0,0.0,0.0,0.0,0.0,0.0,0.0,0.0,0.0,0.0,0.0,0.0,0.0,0.0,0.0,0.0,0.0,0.0,0.0,0.0,0.0,0.0,0.0,0.0,0.0,0.0,0.0,0.0,0.0,0.0
2017-05-28 22:05:00+02:00,0.0,0.0,0.0,0.0,0.0,0.0,0.0,0.0,0.0,0.0,0.0,0.0,0.0,0.0,0.0,0.0,0.0,0.0,0.0,0.0,0.0,0.0,0.0,0.0,0.0,0.0,0.0,0.0,0.0,0.0,0.0,0.0,0.0,0.0,0.0,0.0,0.0,0.0,0.0,0.0,0.0,0.0,0.0,0.0,0.0,0.0,0.0,0.0,0.0,0.0,0.0,0.0,0.0,0.0,0.0,0.0,0.0,0.0,0.0,0.0,0.0,0.0,0.0,0.0,0.0,0.0,0.0,0.0,0.0,0.0,0.0,0.0,0.0,0.0,0.0,0.0,0.0,0.0,0.0,0.0,0.0,0.0,0.0,0.0,0.0,0.0,0.0,0.0,0.0,0.0,0.0,0.0,0.0,0.0,0.0,0.0,0.0,0.0,0.0,0.0,0.0,0.0,0.0,0.0,0.0,0.0,0.0,0.0,0.0,0.0,0.0,0.0,0.0,0.0,0.0,0.0,0.0,0.0
2017-05-28 22:06:00+02:00,0.0,0.0,0.0,0.0,0.0,0.0,0.0,0.0,0.0,0.0,0.0,0.0,0.0,0.0,0.0,0.0,0.0,0.0,0.0,0.0,0.0,0.0,0.0,0.0,0.0,0.0,0.0,0.0,0.0,0.0,0.0,0.0,0.0,0.0,0.0,0.0,0.0,0.0,0.0,0.0,0.0,0.0,0.0,0.0,0.0,0.0,0.0,0.0,0.0,0.0,0.0,0.0,0.0,0.0,0.0,0.0,0.0,0.0,0.0,0.0,0.0,0.0,0.0,0.0,0.0,0.0,0.0,0.0,0.0,0.0,0.0,0.0,0.0,0.0,0.0,0.0,0.0,0.0,0.0,0.0,0.0,0.0,0.0,0.0,0.0,0.0,0.0,0.0,0.0,0.0,0.0,0.0,0.0,0.0,0.0,0.0,0.0,0.0,0.0,0.0,0.0,0.0,0.0,0.0,0.0,0.0,0.0,0.0,0.0,0.0,0.0,0.0,0.0,0.0,0.0,0.0,0.0,0.0
2017-05-28 22:07:00+02:00,0.0,0.0,0.0,0.0,0.0,0.0,0.0,0.0,0.0,0.0,0.0,0.0,0.0,0.0,0.0,0.0,0.0,0.0,0.0,0.0,0.0,0.0,0.0,0.0,0.0,0.0,0.0,0.0,0.0,0.0,0.0,0.0,0.0,0.0,0.0,0.0,0.0,0.0,0.0,0.0,0.0,0.0,0.0,0.0,0.0,0.0,0.0,0.0,0.0,0.0,0.0,0.0,0.0,0.0,0.0,0.0,0.0,0.0,0.0,0.0,0.0,0.0,0.0,0.0,0.0,0.0,0.0,0.0,0.0,0.0,0.0,0.0,0.0,0.0,0.0,0.0,0.0,0.0,0.0,0.0,0.0,0.0,0.0,0.0,0.0,0.0,0.0,0.0,0.0,0.0,0.0,0.0,0.0,0.0,0.0,0.0,0.0,0.0,0.0,0.0,0.0,0.0,0.0,0.0,0.0,0.0,0.0,0.0,0.0,0.0,0.0,0.0,0.0,0.0,0.0,0.0,0.0,0.0
2017-05-28 22:08:00+02:00,0.0,0.0,0.0,0.0,0.0,0.0,0.0,0.0,0.0,0.0,0.0,0.0,0.0,0.0,0.0,0.0,0.0,0.0,0.0,0.0,0.0,0.0,0.0,0.0,0.0,0.0,0.0,0.0,0.0,0.0,0.0,0.0,0.0,0.0,0.0,0.0,0.0,0.0,0.0,0.0,0.0,0.0,0.0,0.0,0.0,0.0,0.0,0.0,0.0,0.0,0.0,0.0,0.0,0.0,0.0,0.0,0.0,0.0,0.0,0.0,0.0,0.0,0.0,0.0,0.0,0.0,0.0,0.0,0.0,0.0,0.0,0.0,0.0,0.0,0.0,0.0,0.0,0.0,0.0,0.0,0.0,0.0,0.0,0.0,0.0,0.0,0.0,0.0,0.0,0.0,0.0,0.0,0.0,0.0,0.0,0.0,0.0,0.0,0.0,0.0,0.0,0.0,0.0,0.0,0.0,0.0,0.0,0.0,0.0,0.0,0.0,0.0,0.0,0.0,0.0,0.0,0.0,0.0
2017-05-28 22:09:00+02:00,0.0,0.0,0.0,0.0,0.0,0.0,0.0,0.0,0.0,0.0,0.0,0.0,0.0,0.0,0.0,0.0,0.0,0.0,0.0,0.0,0.0,0.0,0.0,0.0,0.0,0.0,0.0,0.0,0.0,0.0,0.0,0.0,0.0,0.0,0.0,0.0,0.0,0.0,0.0,0.0,0.0,0.0,0.0,0.0,0.0,0.0,0.0,0.0,0.0,0.0,0.0,0.0,0.0,0.0,0.0,0.0,0.0,0.0,0.0,0.0,0.0,0.0,0.0,0.0,0.0,0.0,0.0,0.0,0.0,0.0,0.0,0.0,0.0,0.0,0.0,0.0,0.0,0.0,0.0,0.0,0.0,0.0,0.0,0.0,0.0,0.0,0.0,0.0,0.0,0.0,0.0,0.0,0.0,0.0,0.0,0.0,0.0,0.0,0.0,0.0,0.0,0.0,0.0,0.0,0.0,0.0,0.0,0.0,0.0,0.0,0.0,0.0,0.0,0.0,0.0,0.0,0.0,0.0
2017-05-28 22:10:00+02:00,0.0,0.0,0.0,0.0,0.0,0.0,0.0,0.0,0.0,0.0,0.0,0.0,0.0,0.0,0.0,0.0,0.0,0.0,0.0,0.0,0.0,0.0,0.0,0.0,0.0,0.0,0.0,0.0,0.0,0.0,0.0,0.0,0.0,0.0,0.0,0.0,0.0,0.0,0.0,0.0,0.0,0.0,0.0,0.0,0.0,0.0,0.0,0.0,0.0,0.0,0.0,0.0,0.0,0.0,0.0,0.0,0.0,0.0,0.0,0.0,0.0,0.0,0.0,0.0,0.0,0.0,0.0,0.0,0.0,0.0,0.0,0.0,0.0,0.0,0.0,0.0,0.0,0.0,0.0,0.0,0.0,0.0,0.0,0.0,0.0,0.0,0.0,0.0,0.0,0.0,0.0,0.0,0.0,0.0,0.0,0.0,0.0,0.0,0.0,0.0,0.0,0.0,0.0,0.0,0.0,0.0,0.0,0.0,0.0,0.0,0.0,0.0,0.0,0.0,0.0,0.0,0.0,0.0
2017-05-28 22:11:00+02:00,0.0,0.0,0.0,0.0,0.0,0.0,0.0,0.0,0.0,0.0,0.0,0.0,0.0,0.0,0.0,0.0,0.0,0.0,0.0,0.0,0.0,0.0,0.0,0.0,0.0,0.0,0.0,0.0,0.0,0.0,0.0,0.0,0.0,0.0,0.0,0.0,0.0,0.0,0.0,0.0,0.0,0.0,0.0,0.0,0.0,0.0,0.0,0.0,0.0,0.0,0.0,0.0,0.0,0.0,0.0,0.0,0.0,0.0,0.0,0.0,0.0,0.0,0.0,0.0,0.0,0.0,0.0,0.0,0.0,0.0,0.0,0.0,0.0,0.0,0.0,0.0,0.0,0.0,0.0,0.0,0.0,0.0,0.0,0.0,0.0,0.0,0.0,0.0,0.0,0.0,0.0,0.0,0.0,0.0,0.0,0.0,0.0,0.0,0.0,0.0,0.0,0.0,0.0,0.0,0.0,0.0,0.0,0.0,0.0,0.0,0.0,0.0,0.0,0.0,0.0,0.0,0.0,0.0
2017-05-28 22:12:00+02:00,0.0,0.0,0.0,0.0,0.0,0.0,0.0,0.0,0.0,0.0,0.0,0.0,0.0,0.0,0.0,0.0,0.0,0.0,0.0,0.0,0.0,0.0,0.0,0.0,0.0,0.0,0.0,0.0,0.0,0.0,0.0,0.0,0.0,0.0,0.0,0.0,0.0,0.0,0.0,0.0,0.0,0.0,0.0,0.0,0.0,0.0,0.0,0.0,0.0,0.0,0.0,0.0,0.0,0.0,0.0,0.0,0.0,0.0,0.0,0.0,0.0,0.0,0.0,0.0,0.0,0.0,0.0,0.0,0.0,0.0,0.0,0.0,0.0,0.0,0.0,0.0,0.0,0.0,0.0,0.0,0.0,0.0,0.0,0.0,0.0,0.0,0.0,0.0,0.0,0.0,0.0,0.0,0.0,0.0,0.0,0.0,0.0,0.0,0.0,0.0,0.0,0.0,0.0,0.0,0.0,0.0,0.0,0.0,0.0,0.0,0.0,0.0,0.0,0.0,0.0,0.0,0.0,0.0
2017-05-28 22:13:00+02:00,0.0,0.0,0.0,0.0,0.0,0.0,0.0,0.0,0.0,0.0,0.0,0.0,0.0,0.0,0.0,0.0,0.0,0.0,0.0,0.0,0.0,0.0,0.0,0.0,0.0,0.0,0.0,0.0,0.0,0.0,0.0,0.0,0.0,0.0,0.0,0.0,0.0,0.0,0.0,0.0,0.0,0.0,0.0,0.0,0.0,0.0,0.0,0.0,0.0,0.0,0.0,0.0,0.0,0.0,0.0,0.0,0.0,0.0,0.0,0.0,0.0,0.0,0.0,0.0,0.0,0.0,0.0,0.0,0.0,0.0,0.0,0.0,0.0,0.0,0.0,0.0,0.0,0.0,0.0,0.0,0.0,0.0,0.0,0.0,0.0,0.0,0.0,0.0,0.0,0.0,0.0,0.0,0.0,0.0,0.0,0.0,0.0,0.0,0.0,0.0,0.0,0.0,0.0,0.0,0.0,0.0,0.0,0.0,0.0,0.0,0.0,0.0,0.0,0.0,0.0,0.0,0.0,0.0
2017-05-28 22:14:00+02:00,0.0,0.0,0.0,0.0,0.0,0.0,0.0,0.0,0.0,0.0,0.0,0.0,0.0,0.0,0.0,0.0,0.0,0.0,0.0,0.0,0.0,0.0,0.0,0.0,0.0,0.0,0.0,0.0,0.0,0.0,0.0,0.0,0.0,0.0,0.0,0.0,0.0,0.0,0.0,0.0,0.0,0.0,0.0,0.0,0.0,0.0,0.0,0.0,0.0,0.0,0.0,0.0,0.0,0.0,0.0,0.0,0.0,0.0,0.0,0.0,0.0,0.0,0.0,0.0,0.0,0.0,0.0,0.0,0.0,0.0,0.0,0.0,0.0,0.0,0.0,0.0,0.0,0.0,0.0,0.0,0.0,0.0,0.0,0.0,0.0,0.0,0.0,0.0,0.0,0.0,0.0,0.0,0.0,0.0,0.0,0.0,0.0,0.0,0.0,0.0,0.0,0.0,0.0,0.0,0.0,0.0,0.0,0.0,0.0,0.0,0.0,0.0,0.0,0.0,0.0,0.0,0.0,0.0
2017-05-28 22:15:00+02:00,0.0,0.0,0.0,0.0,0.0,0.0,0.0,0.0,0.0,0.0,0.0,0.0,0.0,0.0,0.0,0.0,0.0,0.0,0.0,0.0,0.0,0.0,0.0,0.0,0.0,0.0,0.0,0.0,0.0,0.0,0.0,0.0,0.0,0.0,0.0,0.0,0.0,0.0,0.0,0.0,0.0,0.0,0.0,0.0,0.0,0.0,0.0,0.0,0.0,0.0,0.0,0.0,0.0,0.0,0.0,0.0,0.0,0.0,0.0,0.0,0.0,0.0,0.0,0.0,0.0,0.0,0.0,0.0,0.0,0.0,0.0,0.0,0.0,0.0,0.0,0.0,0.0,0.0,0.0,0.0,0.0,0.0,0.0,0.0,0.0,0.0,0.0,0.0,0.0,0.0,0.0,0.0,0.0,0.0,0.0,0.0,0.0,0.0,0.0,0.0,0.0,0.0,0.0,0.0,0.0,0.0,0.0,0.0,0.0,0.0,0.0,0.0,0.0,0.0,0.0,0.0,0.0,0.0
2017-05-28 22:16:00+02:00,0.0,0.0,0.0,0.0,0.0,0.0,0.0,0.0,0.0,0.0,0.0,0.0,0.0,0.0,0.0,0.0,0.0,0.0,0.0,0.0,0.0,0.0,0.0,0.0,0.0,0.0,0.0,0.0,0.0,0.0,0.0,0.0,0.0,0.0,0.0,0.0,0.0,0.0,0.0,0.0,0.0,0.0,0.0,0.0,0.0,0.0,0.0,0.0,0.0,0.0,0.0,0.0,0.0,0.0,0.0,0.0,0.0,0.0,0.0,0.0,0.0,0.0,0.0,0.0,0.0,0.0,0.0,0.0,0.0,0.0,0.0,0.0,0.0,0.0,0.0,0.0,0.0,0.0,0.0,0.0,0.0,0.0,0.0,0.0,0.0,0.0,0.0,0.0,0.0,0.0,0.0,0.0,0.0,0.0,0.0,0.0,0.0,0.0,0.0,0.0,0.0,0.0,0.0,0.0,0.0,0.0,0.0,0.0,0.0,0.0,0.0,0.0,0.0,0.0,0.0,0.0,0.0,0.0
2017-05-28 22:17:00+02:00,0.0,0.0,0.0,0.0,0.0,0.0,0.0,0.0,0.0,0.0,0.0,0.0,0.0,0.0,0.0,0.0,0.0,0.0,0.0,0.0,0.0,0.0,0.0,0.0,0.0,0.0,0.0,0.0,0.0,0.0,0.0,0.0,0.0,0.0,0.0,0.0,0.0,0.0,0.0,0.0,0.0,0.0,0.0,0.0,0.0,0.0,0.0,0.0,0.0,0.0,0.0,0.0,0.0,0.0,0.0,0.0,0.0,0.0,0.0,0.0,0.0,0.0,0.0,0.0,0.0,0.0,0.0,0.0,0.0,0.0,0.0,0.0,0.0,0.0,0.0,0.0,0.0,0.0,0.0,0.0,0.0,0.0,0.0,0.0,0.0,0.0,0.0,0.0,0.0,0.0,0.0,0.0,0.0,0.0,0.0,0.0,0.0,0.0,0.0,0.0,0.0,0.0,0.0,0.0,0.0,0.0,0.0,0.0,0.0,0.0,0.0,0.0,0.0,0.0,0.0,0.0,0.0,0.0
2017-05-28 22:18:00+02:00,0.0,0.0,0.0,0.0,0.0,0.0,0.0,0.0,0.0,0.0,0.0,0.0,0.0,0.0,0.0,0.0,0.0,0.0,0.0,0.0,0.0,0.0,0.0,0.0,0.0,0.0,0.0,0.0,0.0,0.0,0.0,0.0,0.0,0.0,0.0,0.0,0.0,0.0,0.0,0.0,0.0,0.0,0.0,0.0,0.0,0.0,0.0,0.0,0.0,0.0,0.0,0.0,0.0,0.0,0.0,0.0,0.0,0.0,0.0,0.0,0.0,0.0,0.0,0.0,0.0,0.0,0.0,0.0,0.0,0.0,0.0,0.0,0.0,0.0,0.0,0.0,0.0,0.0,0.0,0.0,0.0,0.0,0.0,0.0,0.0,0.0,0.0,0.0,0.0,0.0,0.0,0.0,0.0,0.0,0.0,0.0,0.0,0.0,0.0,0.0,0.0,0.0,0.0,0.0,0.0,0.0,0.0,0.0,0.0,0.0,0.0,0.0,0.0,0.0,0.0,0.0,0.0,0.0
2017-05-28 22:19:00+02:00,0.0,0.0,0.0,0.0,0.0,0.0,0.0,0.0,0.0,0.0,0.0,0.0,0.0,0.0,0.0,0.0,0.0,0.0,0.0,0.0,0.0,0.0,0.0,0.0,0.0,0.0,0.0,0.0,0.0,0.0,0.0,0.0,0.0,0.0,0.0,0.0,0.0,0.0,0.0,0.0,0.0,0.0,0.0,0.0,0.0,0.0,0.0,0.0,0.0,0.0,0.0,0.0,0.0,0.0,0.0,0.0,0.0,0.0,0.0,0.0,0.0,0.0,0.0,0.0,0.0,0.0,0.0,0.0,0.0,0.0,0.0,0.0,0.0,0.0,0.0,0.0,0.0,0.0,0.0,0.0,0.0,0.0,0.0,0.0,0.0,0.0,0.0,0.0,0.0,0.0,0.0,0.0,0.0,0.0,0.0,0.0,0.0,0.0,0.0,0.0,0.0,0.0,0.0,0.0,0.0,0.0,0.0,0.0,0.0,0.0,0.0,0.0,0.0,0.0,0.0,0.0,0.0,0.0
2017-05-28 22:20:00+02:00,0.0,0.0,0.0,0.0,0.0,0.0,0.0,0.0,0.0,0.0,0.0,0.0,0.0,0.0,0.0,0.0,0.0,0.0,0.0,0.0,0.0,0.0,0.0,0.0,0.0,0.0,0.0,0.0,0.0,0.0,0.0,0.0,0.0,0.0,0.0,0.0,0.0,0.0,0.0,0.0,0.0,0.0,0.0,0.0,0.0,0.0,0.0,0.0,0.0,0.0,0.0,0.0,0.0,0.0,0.0,0.0,0.0,0.0,0.0,0.0,0.0,0.0,0.0,0.0,0.0,0.0,0.0,0.0,0.0,0.0,0.0,0.0,0.0,0.0,0.0,0.0,0.0,0.0,0.0,0.0,0.0,0.0,0.0,0.0,0.0,0.0,0.0,0.0,0.0,0.0,0.0,0.0,0.0,0.0,0.0,0.0,0.0,0.0,0.0,0.0,0.0,0.0,0.0,0.0,0.0,0.0,0.0,0.0,0.0,0.0,0.0,0.0,0.0,0.0,0.0,0.0,0.0,0.0
2017-05-28 22:21:00+02:00,0.0,0.0,0.0,0.0,0.0,0.0,0.0,0.0,0.0,0.0,0.0,0.0,0.0,0.0,0.0,0.0,0.0,0.0,0.0,0.0,0.0,0.0,0.0,0.0,0.0,0.0,0.0,0.0,0.0,0.0,0.0,0.0,0.0,0.0,0.0,0.0,0.0,0.0,0.0,0.0,0.0,0.0,0.0,0.0,0.0,0.0,0.0,0.0,0.0,0.0,0.0,0.0,0.0,0.0,0.0,0.0,0.0,0.0,0.0,0.0,0.0,0.0,0.0,0.0,0.0,0.0,0.0,0.0,0.0,0.0,0.0,0.0,0.0,0.0,0.0,0.0,0.0,0.0,0.0,0.0,0.0,0.0,0.0,0.0,0.0,0.0,0.0,0.0,0.0,0.0,0.0,0.0,0.0,0.0,0.0,0.0,0.0,0.0,0.0,0.0,0.0,0.0,0.0,0.0,0.0,0.0,0.0,0.0,0.0,0.0,0.0,0.0,0.0,0.0,0.0,0.0,0.0,0.0
2017-05-28 22:22:00+02:00,0.0,0.0,0.0,0.0,0.0,0.0,0.0,0.0,0.0,0.0,0.0,0.0,0.0,0.0,0.0,0.0,0.0,0.0,0.0,0.0,0.0,0.0,0.0,0.0,0.0,0.0,0.0,0.0,0.0,0.0,0.0,0.0,0.0,0.0,0.0,0.0,0.0,0.0,0.0,0.0,0.0,0.0,0.0,0.0,0.0,0.0,0.0,0.0,0.0,0.0,0.0,0.0,0.0,0.0,0.0,0.0,0.0,0.0,0.0,0.0,0.0,0.0,0.0,0.0,0.0,0.0,0.0,0.0,0.0,0.0,0.0,0.0,0.0,0.0,0.0,0.0,0.0,0.0,0.0,0.0,0.0,0.0,0.0,0.0,0.0,0.0,0.0,0.0,0.0,0.0,0.0,0.0,0.0,0.0,0.0,0.0,0.0,0.0,0.0,0.0,0.0,0.0,0.0,0.0,0.0,0.0,0.0,0.0,0.0,0.0,0.0,0.0,0.0,0.0,0.0,0.0,0.0,0.0
2017-05-28 22:23:00+02:00,0.0,0.0,0.0,0.0,0.0,0.0,0.0,0.0,0.0,0.0,0.0,0.0,0.0,0.0,0.0,0.0,0.0,0.0,0.0,0.0,0.0,0.0,0.0,0.0,0.0,0.0,0.0,0.0,0.0,0.0,0.0,0.0,0.0,0.0,0.0,0.0,0.0,0.0,0.0,0.0,0.0,0.0,0.0,0.0,0.0,0.0,0.0,0.0,0.0,0.0,0.0,0.0,0.0,0.0,0.0,0.0,0.0,0.0,0.0,0.0,0.0,0.0,0.0,0.0,0.0,0.0,0.0,0.0,0.0,0.0,0.0,0.0,0.0,0.0,0.0,0.0,0.0,0.0,0.0,0.0,0.0,0.0,0.0,0.0,0.0,0.0,0.0,0.0,0.0,0.0,0.0,0.0,0.0,0.0,0.0,0.0,0.0,0.0,0.0,0.0,0.0,0.0,0.0,0.0,0.0,0.0,0.0,0.0,0.0,0.0,0.0,0.0,0.0,0.0,0.0,0.0,0.0,0.0
2017-05-28 22:24:00+02:00,0.0,0.0,0.0,0.0,0.0,0.0,0.0,0.0,0.0,0.0,0.0,0.0,0.0,0.0,0.0,0.0,0.0,0.0,0.0,0.0,0.0,0.0,0.0,0.0,0.0,0.0,0.0,0.0,0.0,0.0,0.0,0.0,0.0,0.0,0.0,0.0,0.0,0.0,0.0,0.0,0.0,0.0,0.0,0.0,0.0,0.0,0.0,0.0,0.0,0.0,0.0,0.0,0.0,0.0,0.0,0.0,0.0,0.0,0.0,0.0,0.0,0.0,0.0,0.0,0.0,0.0,0.0,0.0,0.0,0.0,0.0,0.0,0.0,0.0,0.0,0.0,0.0,0.0,0.0,0.0,0.0,0.0,0.0,0.0,0.0,0.0,0.0,0.0,0.0,0.0,0.0,0.0,0.0,0.0,0.0,0.0,0.0,0.0,0.0,0.0,0.0,0.0,0.0,0.0,0.0,0.0,0.0,0.0,0.0,0.0,0.0,0.0,0.0,0.0,0.0,0.0,0.0,0.0
2017-05-28 22:25:00+02:00,0.0,0.0,0.0,0.0,0.0,0.0,0.0,0.0,0.0,0.0,0.0,0.0,0.0,0.0,0.0,0.0,0.0,0.0,0.0,0.0,0.0,0.0,0.0,0.0,0.0,0.0,0.0,0.0,0.0,0.0,0.0,0.0,0.0,0.0,0.0,0.0,0.0,0.0,0.0,0.0,0.0,0.0,0.0,0.0,0.0,0.0,0.0,0.0,0.0,0.0,0.0,0.0,0.0,0.0,0.0,0.0,0.0,0.0,0.0,0.0,0.0,0.0,0.0,0.0,0.0,0.0,0.0,0.0,0.0,0.0,0.0,0.0,0.0,0.0,0.0,0.0,0.0,0.0,0.0,0.0,0.0,0.0,0.0,0.0,0.0,0.0,0.0,0.0,0.0,0.0,0.0,0.0,0.0,0.0,0.0,0.0,0.0,0.0,0.0,0.0,0.0,0.0,0.0,0.0,0.0,0.0,0.0,0.0,0.0,0.0,0.0,0.0,0.0,0.0,0.0,0.0,0.0,0.0
2017-05-28 22:26:00+02:00,0.0,0.0,0.0,0.0,0.0,0.0,0.0,0.0,0.0,0.0,0.0,0.0,0.0,0.0,0.0,0.0,0.0,0.0,0.0,0.0,0.0,0.0,0.0,0.0,0.0,0.0,0.0,0.0,0.0,0.0,0.0,0.0,0.0,0.0,0.0,0.0,0.0,0.0,0.0,0.0,0.0,0.0,0.0,0.0,0.0,0.0,0.0,0.0,0.0,0.0,0.0,0.0,0.0,0.0,0.0,0.0,0.0,0.0,0.0,0.0,0.0,0.0,0.0,0.0,0.0,0.0,0.0,0.0,0.0,0.0,0.0,0.0,0.0,0.0,0.0,0.0,0.0,0.0,0.0,0.0,0.0,0.0,0.0,0.0,0.0,0.0,0.0,0.0,0.0,0.0,0.0,0.0,0.0,0.0,0.0,0.0,0.0,0.0,0.0,0.0,0.0,0.0,0.0,0.0,0.0,0.0,0.0,0.0,0.0,0.0,0.0,0.0,0.0,0.0,0.0,0.0,0.0,0.0
2017-05-28 22:27:00+02:00,0.0,0.0,0.0,0.0,0.0,0.0,0.0,0.0,0.0,0.0,0.0,0.0,0.0,0.0,0.0,0.0,0.0,0.0,0.0,0.0,0.0,0.0,0.0,0.0,0.0,0.0,0.0,0.0,0.0,0.0,0.0,0.0,0.0,0.0,0.0,0.0,0.0,0.0,0.0,0.0,0.0,0.0,0.0,0.0,0.0,0.0,0.0,0.0,0.0,0.0,0.0,0.0,0.0,0.0,0.0,0.0,0.0,0.0,0.0,0.0,0.0,0.0,0.0,0.0,0.0,0.0,0.0,0.0,0.0,0.0,0.0,0.0,0.0,0.0,0.0,0.0,0.0,0.0,0.0,0.0,0.0,0.0,0.0,0.0,0.0,0.0,0.0,0.0,0.0,0.0,0.0,0.0,0.0,0.0,0.0,0.0,0.0,0.0,0.0,0.0,0.0,0.0,0.0,0.0,0.0,0.0,0.0,0.0,0.0,0.0,0.0,0.0,0.0,0.0,0.0,0.0,0.0,0.0
2017-05-28 22:28:00+02:00,0.0,0.0,0.0,0.0,0.0,0.0,0.0,0.0,0.0,0.0,0.0,0.0,0.0,0.0,0.0,0.0,0.0,0.0,0.0,0.0,0.0,0.0,0.0,0.0,0.0,0.0,0.0,0.0,0.0,0.0,0.0,0.0,0.0,0.0,0.0,0.0,0.0,0.0,0.0,0.0,0.0,0.0,0.0,0.0,0.0,0.0,0.0,0.0,0.0,0.0,0.0,0.0,0.0,0.0,0.0,0.0,0.0,0.0,0.0,0.0,0.0,0.0,0.0,0.0,0.0,0.0,0.0,0.0,0.0,0.0,0.0,0.0,0.0,0.0,0.0,0.0,0.0,0.0,0.0,0.0,0.0,0.0,0.0,0.0,0.0,0.0,0.0,0.0,0.0,0.0,0.0,0.0,0.0,0.0,0.0,0.0,0.0,0.0,0.0,0.0,0.0,0.0,0.0,0.0,0.0,0.0,0.0,0.0,0.0,0.0,0.0,0.0,0.0,0.0,0.0,0.0,0.0,0.0
2017-05-28 22:29:00+02:00,0.0,0.0,0.0,0.0,0.0,0.0,0.0,0.0,0.0,0.0,0.0,0.0,0.0,0.0,0.0,0.0,0.0,0.0,0.0,0.0,0.0,0.0,0.0,0.0,0.0,0.0,0.0,0.0,0.0,0.0,0.0,0.0,0.0,0.0,0.0,0.0,0.0,0.0,0.0,0.0,0.0,0.0,0.0,0.0,0.0,0.0,0.0,0.0,0.0,0.0,0.0,0.0,0.0,0.0,0.0,0.0,0.0,0.0,0.0,0.0,0.0,0.0,0.0,0.0,0.0,0.0,0.0,0.0,0.0,0.0,0.0,0.0,0.0,0.0,0.0,0.0,0.0,0.0,0.0,0.0,0.0,0.0,0.0,0.0,0.0,0.0,0.0,0.0,0.0,0.0,0.0,0.0,0.0,0.0,0.0,0.0,0.0,0.0,0.0,0.0,0.0,0.0,0.0,0.0,0.0,0.0,0.0,0.0,0.0,0.0,0.0,0.0,0.0,0.0,0.0,0.0,0.0,0.0
2017-05-28 22:30:00+02:00,0.0,0.0,0.0,0.0,0.0,0.0,0.0,0.0,0.0,0.0,0.0,0.0,0.0,0.0,0.0,0.0,0.0,0.0,0.0,0.0,0.0,0.0,0.0,0.0,0.0,0.0,0.0,0.0,0.0,0.0,0.0,0.0,0.0,0.0,0.0,0.0,0.0,0.0,0.0,0.0,0.0,0.0,0.0,0.0,0.0,0.0,0.0,0.0,0.0,0.0,0.0,0.0,0.0,0.0,0.0,0.0,0.0,0.0,0.0,0.0,0.0,0.0,0.0,0.0,0.0,0.0,0.0,0.0,0.0,0.0,0.0,0.0,0.0,0.0,0.0,0.0,0.0,0.0,0.0,0.0,0.0,0.0,0.0,0.0,0.0,0.0,0.0,0.0,0.0,0.0,0.0,0.0,0.0,0.0,0.0,0.0,0.0,0.0,0.0,0.0,0.0,0.0,0.0,0.0,0.0,0.0,0.0,0.0,0.0,0.0,0.0,0.0,0.0,0.0,0.0,0.0,0.0,0.0
2017-05-28 22:31:00+02:00,0.0,0.0,0.0,0.0,0.0,0.0,0.0,0.0,0.0,0.0,0.0,0.0,0.0,0.0,0.0,0.0,0.0,0.0,0.0,0.0,0.0,0.0,0.0,0.0,0.0,0.0,0.0,0.0,0.0,0.0,0.0,0.0,0.0,0.0,0.0,0.0,0.0,0.0,0.0,0.0,0.0,0.0,0.0,0.0,0.0,0.0,0.0,0.0,0.0,0.0,0.0,0.0,0.0,0.0,0.0,0.0,0.0,0.0,0.0,0.0,0.0,0.0,0.0,0.0,0.0,0.0,0.0,0.0,0.0,0.0,0.0,0.0,0.0,0.0,0.0,0.0,0.0,0.0,0.0,0.0,0.0,0.0,0.0,0.0,0.0,0.0,0.0,0.0,0.0,0.0,0.0,0.0,0.0,0.0,0.0,0.0,0.0,0.0,0.0,0.0,0.0,0.0,0.0,0.0,0.0,0.0,0.0,0.0,0.0,0.0,0.0,0.0,0.0,0.0,0.0,0.0,0.0,0.0
2017-05-28 22:32:00+02:00,0.0,0.0,0.0,0.0,0.0,0.0,0.0,0.0,0.0,0.0,0.0,0.0,0.0,0.0,0.0,0.0,0.0,0.0,0.0,0.0,0.0,0.0,0.0,0.0,0.0,0.0,0.0,0.0,0.0,0.0,0.0,0.0,0.0,0.0,0.0,0.0,0.0,0.0,0.0,0.0,0.0,0.0,0.0,0.0,0.0,0.0,0.0,0.0,0.0,0.0,0.0,0.0,0.0,0.0,0.0,0.0,0.0,0.0,0.0,0.0,0.0,0.0,0.0,0.0,0.0,0.0,0.0,0.0,0.0,0.0,0.0,0.0,0.0,0.0,0.0,0.0,0.0,0.0,0.0,0.0,0.0,0.0,0.0,0.0,0.0,0.0,0.0,0.0,0.0,0.0,0.0,0.0,0.0,0.0,0.0,0.0,0.0,0.0,0.0,0.0,0.0,0.0,0.0,0.0,0.0,0.0,0.0,0.0,0.0,0.0,0.0,0.0,0.0,0.0,0.0,0.0,0.0,0.0
2017-05-28 22:33:00+02:00,0.0,0.0,0.0,0.0,0.0,0.0,0.0,0.0,0.0,0.0,0.0,0.0,0.0,0.0,0.0,0.0,0.0,0.0,0.0,0.0,0.0,0.0,0.0,0.0,0.0,0.0,0.0,0.0,0.0,0.0,0.0,0.0,0.0,0.0,0.0,0.0,0.0,0.0,0.0,0.0,0.0,0.0,0.0,0.0,0.0,0.0,0.0,0.0,0.0,0.0,0.0,0.0,0.0,0.0,0.0,0.0,0.0,0.0,0.0,0.0,0.0,0.0,0.0,0.0,0.0,0.0,0.0,0.0,0.0,0.0,0.0,0.0,0.0,0.0,0.0,0.0,0.0,0.0,0.0,0.0,0.0,0.0,0.0,0.0,0.0,0.0,0.0,0.0,0.0,0.0,0.0,0.0,0.0,0.0,0.0,0.0,0.0,0.0,0.0,0.0,0.0,0.0,0.0,0.0,0.0,0.0,0.0,0.0,0.0,0.0,0.0,0.0,0.0,0.0,0.0,0.0,0.0,0.0
2017-05-28 22:34:00+02:00,0.0,0.0,0.0,0.0,0.0,0.0,0.0,0.0,0.0,0.0,0.0,0.0,0.0,0.0,0.0,0.0,0.0,0.0,0.0,0.0,0.0,0.0,0.0,0.0,0.0,0.0,0.0,0.0,0.0,0.0,0.0,0.0,0.0,0.0,0.0,0.0,0.0,0.0,0.0,0.0,0.0,0.0,0.0,0.0,0.0,0.0,0.0,0.0,0.0,0.0,0.0,0.0,0.0,0.0,0.0,0.0,0.0,0.0,0.0,0.0,0.0,0.0,0.0,0.0,0.0,0.0,0.0,0.0,0.0,0.0,0.0,0.0,0.0,0.0,0.0,0.0,0.0,0.0,0.0,0.0,0.0,0.0,0.0,0.0,0.0,0.0,0.0,0.0,0.0,0.0,0.0,0.0,0.0,0.0,0.0,0.0,0.0,0.0,0.0,0.0,0.0,0.0,0.0,0.0,0.0,0.0,0.0,0.0,0.0,0.0,0.0,0.0,0.0,0.0,0.0,0.0,0.0,0.0
2017-05-28 22:35:00+02:00,0.0,0.0,0.0,0.0,0.0,0.0,0.0,0.0,0.0,0.0,0.0,0.0,0.0,0.0,0.0,0.0,0.0,0.0,0.0,0.0,0.0,0.0,0.0,0.0,0.0,0.0,0.0,0.0,0.0,0.0,0.0,0.0,0.0,0.0,0.0,0.0,0.0,0.0,0.0,0.0,0.0,0.0,0.0,0.0,0.0,0.0,0.0,0.0,0.0,0.0,0.0,0.0,0.0,0.0,0.0,0.0,0.0,0.0,0.0,0.0,0.0,0.0,0.0,0.0,0.0,0.0,0.0,0.0,0.0,0.0,0.0,0.0,0.0,0.0,0.0,0.0,0.0,0.0,0.0,0.0,0.0,0.0,0.0,0.0,0.0,0.0,0.0,0.0,0.0,0.0,0.0,0.0,0.0,0.0,0.0,0.0,0.0,0.0,0.0,0.0,0.0,0.0,0.0,0.0,0.0,0.0,0.0,0.0,0.0,0.0,0.0,0.0,0.0,0.0,0.0,0.0,0.0,0.0
2017-05-28 22:36:00+02:00,0.0,0.0,0.0,0.0,0.0,0.0,0.0,0.0,0.0,0.0,0.0,0.0,0.0,0.0,0.0,0.0,0.0,0.0,0.0,0.0,0.0,0.0,0.0,0.0,0.0,0.0,0.0,0.0,0.0,0.0,0.0,0.0,0.0,0.0,0.0,0.0,0.0,0.0,0.0,0.0,0.0,0.0,0.0,0.0,0.0,0.0,0.0,0.0,0.0,0.0,0.0,0.0,0.0,0.0,0.0,0.0,0.0,0.0,0.0,0.0,0.0,0.0,0.0,0.0,0.0,0.0,0.0,0.0,0.0,0.0,0.0,0.0,0.0,0.0,0.0,0.0,0.0,0.0,0.0,0.0,0.0,0.0,0.0,0.0,0.0,0.0,0.0,0.0,0.0,0.0,0.0,0.0,0.0,0.0,0.0,0.0,0.0,0.0,0.0,0.0,0.0,0.0,0.0,0.0,0.0,0.0,0.0,0.0,0.0,0.0,0.0,0.0,0.0,0.0,0.0,0.0,0.0,0.0
2017-05-28 22:37:00+02:00,0.0,0.0,0.0,0.0,0.0,0.0,0.0,0.0,0.0,0.0,0.0,0.0,0.0,0.0,0.0,0.0,0.0,0.0,0.0,0.0,0.0,0.0,0.0,0.0,0.0,0.0,0.0,0.0,0.0,0.0,0.0,0.0,0.0,0.0,0.0,0.0,0.0,0.0,0.0,0.0,0.0,0.0,0.0,0.0,0.0,0.0,0.0,0.0,0.0,0.0,0.0,0.0,0.0,0.0,0.0,0.0,0.0,0.0,0.0,0.0,0.0,0.0,0.0,0.0,0.0,0.0,0.0,0.0,0.0,0.0,0.0,0.0,0.0,0.0,0.0,0.0,0.0,0.0,0.0,0.0,0.0,0.0,0.0,0.0,0.0,0.0,0.0,0.0,0.0,0.0,0.0,0.0,0.0,0.0,0.0,0.0,0.0,0.0,0.0,0.0,0.0,0.0,0.0,0.0,0.0,0.0,0.0,0.0,0.0,0.0,0.0,0.0,0.0,0.0,0.0,0.0,0.0,0.0
2017-05-28 22:38:00+02:00,0.0,0.0,0.0,0.0,0.0,0.0,0.0,0.0,0.0,0.0,0.0,0.0,0.0,0.0,0.0,0.0,0.0,0.0,0.0,0.0,0.0,0.0,0.0,0.0,0.0,0.0,0.0,0.0,0.0,0.0,0.0,0.0,0.0,0.0,0.0,0.0,0.0,0.0,0.0,0.0,0.0,0.0,0.0,0.0,0.0,0.0,0.0,0.0,0.0,0.0,0.0,0.0,0.0,0.0,0.0,0.0,0.0,0.0,0.0,0.0,0.0,0.0,0.0,0.0,0.0,0.0,0.0,0.0,0.0,0.0,0.0,0.0,0.0,0.0,0.0,0.0,0.0,0.0,0.0,0.0,0.0,0.0,0.0,0.0,0.0,0.0,0.0,0.0,0.0,0.0,0.0,0.0,0.0,0.0,0.0,0.0,0.0,0.0,0.0,0.0,0.0,0.0,0.0,0.0,0.0,0.0,0.0,0.0,0.0,0.0,0.0,0.0,0.0,0.0,0.0,0.0,0.0,0.0
2017-05-28 22:39:00+02:00,0.0,0.0,0.0,0.0,0.0,0.0,0.0,0.0,0.0,0.0,0.0,0.0,0.0,0.0,0.0,0.0,0.0,0.0,0.0,0.0,0.0,0.0,0.0,0.0,0.0,0.0,0.0,0.0,0.0,0.0,0.0,0.0,0.0,0.0,0.0,0.0,0.0,0.0,0.0,0.0,0.0,0.0,0.0,0.0,0.0,0.0,0.0,0.0,0.0,0.0,0.0,0.0,0.0,0.0,0.0,0.0,0.0,0.0,0.0,0.0,0.0,0.0,0.0,0.0,0.0,0.0,0.0,0.0,0.0,0.0,0.0,0.0,0.0,0.0,0.0,0.0,0.0,0.0,0.0,0.0,0.0,0.0,0.0,0.0,0.0,0.0,0.0,0.0,0.0,0.0,0.0,0.0,0.0,0.0,0.0,0.0,0.0,0.0,0.0,0.0,0.0,0.0,0.0,0.0,0.0,0.0,0.0,0.0,0.0,0.0,0.0,0.0,0.0,0.0,0.0,0.0,0.0,0.0
2017-05-28 22:40:00+02:00,0.0,0.0,0.0,0.0,0.0,0.0,0.0,0.0,0.0,0.0,0.0,0.0,0.0,0.0,0.0,0.0,0.0,0.0,0.0,0.0,0.0,0.0,0.0,0.0,0.0,0.0,0.0,0.0,0.0,0.0,0.0,0.0,0.0,0.0,0.0,0.0,0.0,0.0,0.0,0.0,0.0,0.0,0.0,0.0,0.0,0.0,0.0,0.0,0.0,0.0,0.0,0.0,0.0,0.0,0.0,0.0,0.0,0.0,0.0,0.0,0.0,0.0,0.0,0.0,0.0,0.0,0.0,0.0,0.0,0.0,0.0,0.0,0.0,0.0,0.0,0.0,0.0,0.0,0.0,0.0,0.0,0.0,0.0,0.0,0.0,0.0,0.0,0.0,0.0,0.0,0.0,0.0,0.0,0.0,0.0,0.0,0.0,0.0,0.0,0.0,0.0,0.0,0.0,0.0,0.0,0.0,0.0,0.0,0.0,0.0,0.0,0.0,0.0,0.0,0.0,0.0,0.0,0.0
2017-05-28 22:41:00+02:00,0.0,0.0,0.0,0.0,0.0,0.0,0.0,0.0,0.0,0.0,0.0,0.0,0.0,0.0,0.0,0.0,0.0,0.0,0.0,0.0,0.0,0.0,0.0,0.0,0.0,0.0,0.0,0.0,0.0,0.0,0.0,0.0,0.0,0.0,0.0,0.0,0.0,0.0,0.0,0.0,0.0,0.0,0.0,0.0,0.0,0.0,0.0,0.0,0.0,0.0,0.0,0.0,0.0,0.0,0.0,0.0,0.0,0.0,0.0,0.0,0.0,0.0,0.0,0.0,0.0,0.0,0.0,0.0,0.0,0.0,0.0,0.0,0.0,0.0,0.0,0.0,0.0,0.0,0.0,0.0,0.0,0.0,0.0,0.0,0.0,0.0,0.0,0.0,0.0,0.0,0.0,0.0,0.0,0.0,0.0,0.0,0.0,0.0,0.0,0.0,0.0,0.0,0.0,0.0,0.0,0.0,0.0,0.0,0.0,0.0,0.0,0.0,0.0,0.0,0.0,0.0,0.0,0.0
2017-05-28 22:42:00+02:00,0.0,0.0,0.0,0.0,0.0,0.0,0.0,0.0,0.0,0.0,0.0,0.0,0.0,0.0,0.0,0.0,0.0,0.0,0.0,0.0,0.0,0.0,0.0,0.0,0.0,0.0,0.0,0.0,0.0,0.0,0.0,0.0,0.0,0.0,0.0,0.0,0.0,0.0,0.0,0.0,0.0,0.0,0.0,0.0,0.0,0.0,0.0,0.0,0.0,0.0,0.0,0.0,0.0,0.0,0.0,0.0,0.0,0.0,0.0,0.0,0.0,0.0,0.0,0.0,0.0,0.0,0.0,0.0,0.0,0.0,0.0,0.0,0.0,0.0,0.0,0.0,0.0,0.0,0.0,0.0,0.0,0.0,0.0,0.0,0.0,0.0,0.0,0.0,0.0,0.0,0.0,0.0,0.0,0.0,0.0,0.0,0.0,0.0,0.0,0.0,0.0,0.0,0.0,0.0,0.0,0.0,0.0,0.0,0.0,0.0,0.0,0.0,0.0,0.0,0.0,0.0,0.0,0.0
2017-05-28 22:43:00+02:00,0.0,0.0,0.0,0.0,0.0,0.0,0.0,0.0,0.0,0.0,0.0,0.0,0.0,0.0,0.0,0.0,0.0,0.0,0.0,0.0,0.0,0.0,0.0,0.0,0.0,0.0,0.0,0.0,0.0,0.0,0.0,0.0,0.0,0.0,0.0,0.0,0.0,0.0,0.0,0.0,0.0,0.0,0.0,0.0,0.0,0.0,0.0,0.0,0.0,0.0,0.0,0.0,0.0,0.0,0.0,0.0,0.0,0.0,0.0,0.0,0.0,0.0,0.0,0.0,0.0,0.0,0.0,0.0,0.0,0.0,0.0,0.0,0.0,0.0,0.0,0.0,0.0,0.0,0.0,0.0,0.0,0.0,0.0,0.0,0.0,0.0,0.0,0.0,0.0,0.0,0.0,0.0,0.0,0.0,0.0,0.0,0.0,0.0,0.0,0.0,0.0,0.0,0.0,0.0,0.0,0.0,0.0,0.0,0.0,0.0,0.0,0.0,0.0,0.0,0.0,0.0,0.0,0.0
2017-05-28 22:44:00+02:00,0.0,0.0,0.0,0.0,0.0,0.0,0.0,0.0,0.0,0.0,0.0,0.0,0.0,0.0,0.0,0.0,0.0,0.0,0.0,0.0,0.0,0.0,0.0,0.0,0.0,0.0,0.0,0.0,0.0,0.0,0.0,0.0,0.0,0.0,0.0,0.0,0.0,0.0,0.0,0.0,0.0,0.0,0.0,0.0,0.0,0.0,0.0,0.0,0.0,0.0,0.0,0.0,0.0,0.0,0.0,0.0,0.0,0.0,0.0,0.0,0.0,0.0,0.0,0.0,0.0,0.0,0.0,0.0,0.0,0.0,0.0,0.0,0.0,0.0,0.0,0.0,0.0,0.0,0.0,0.0,0.0,0.0,0.0,0.0,0.0,0.0,0.0,0.0,0.0,0.0,0.0,0.0,0.0,0.0,0.0,0.0,0.0,0.0,0.0,0.0,0.0,0.0,0.0,0.0,0.0,0.0,0.0,0.0,0.0,0.0,0.0,0.0,0.0,0.0,0.0,0.0,0.0,0.0
2017-05-28 22:45:00+02:00,0.0,0.0,0.0,0.0,0.0,0.0,0.0,0.0,0.0,0.0,0.0,0.0,0.0,0.0,0.0,0.0,0.0,0.0,0.0,0.0,0.0,0.0,0.0,0.0,0.0,0.0,0.0,0.0,0.0,0.0,0.0,0.0,0.0,0.0,0.0,0.0,0.0,0.0,0.0,0.0,0.0,0.0,0.0,0.0,0.0,0.0,0.0,0.0,0.0,0.0,0.0,0.0,0.0,0.0,0.0,0.0,0.0,0.0,0.0,0.0,0.0,0.0,0.0,0.0,0.0,0.0,0.0,0.0,0.0,0.0,0.0,0.0,0.0,0.0,0.0,0.0,0.0,0.0,0.0,0.0,0.0,0.0,0.0,0.0,0.0,0.0,0.0,0.0,0.0,0.0,0.0,0.0,0.0,0.0,0.0,0.0,0.0,0.0,0.0,0.0,0.0,0.0,0.0,0.0,0.0,0.0,0.0,0.0,0.0,0.0,0.0,0.0,0.0,0.0,0.0,0.0,0.0,0.0
2017-05-28 22:46:00+02:00,0.0,0.0,0.0,0.0,0.0,0.0,0.0,0.0,0.0,0.0,0.0,0.0,0.0,0.0,0.0,0.0,0.0,0.0,0.0,0.0,0.0,0.0,0.0,0.0,0.0,0.0,0.0,0.0,0.0,0.0,0.0,0.0,0.0,0.0,0.0,0.0,0.0,0.0,0.0,0.0,0.0,0.0,0.0,0.0,0.0,0.0,0.0,0.0,0.0,0.0,0.0,0.0,0.0,0.0,0.0,0.0,0.0,0.0,0.0,0.0,0.0,0.0,0.0,0.0,0.0,0.0,0.0,0.0,0.0,0.0,0.0,0.0,0.0,0.0,0.0,0.0,0.0,0.0,0.0,0.0,0.0,0.0,0.0,0.0,0.0,0.0,0.0,0.0,0.0,0.0,0.0,0.0,0.0,0.0,0.0,0.0,0.0,0.0,0.0,0.0,0.0,0.0,0.0,0.0,0.0,0.0,0.0,0.0,0.0,0.0,0.0,0.0,0.0,0.0,0.0,0.0,0.0,0.0
2017-05-28 22:47:00+02:00,0.0,0.0,0.0,0.0,0.0,0.0,0.0,0.0,0.0,0.0,0.0,0.0,0.0,0.0,0.0,0.0,0.0,0.0,0.0,0.0,0.0,0.0,0.0,0.0,0.0,0.0,0.0,0.0,0.0,0.0,0.0,0.0,0.0,0.0,0.0,0.0,0.0,0.0,0.0,0.0,0.0,0.0,0.0,0.0,0.0,0.0,0.0,0.0,0.0,0.0,0.0,0.0,0.0,0.0,0.0,0.0,0.0,0.0,0.0,0.0,0.0,0.0,0.0,0.0,0.0,0.0,0.0,0.0,0.0,0.0,0.0,0.0,0.0,0.0,0.0,0.0,0.0,0.0,0.0,0.0,0.0,0.0,0.0,0.0,0.0,0.0,0.0,0.0,0.0,0.0,0.0,0.0,0.0,0.0,0.0,0.0,0.0,0.0,0.0,0.0,0.0,0.0,0.0,0.0,0.0,0.0,0.0,0.0,0.0,0.0,0.0,0.0,0.0,0.0,0.0,0.0,0.0,0.0
2017-05-28 22:48:00+02:00,0.0,0.0,0.0,0.0,0.0,0.0,0.0,0.0,0.0,0.0,0.0,0.0,0.0,0.0,0.0,0.0,0.0,0.0,0.0,0.0,0.0,0.0,0.0,0.0,0.0,0.0,0.0,0.0,0.0,0.0,0.0,0.0,0.0,0.0,0.0,0.0,0.0,0.0,0.0,0.0,0.0,0.0,0.0,0.0,0.0,0.0,0.0,0.0,0.0,0.0,0.0,0.0,0.0,0.0,0.0,0.0,0.0,0.0,0.0,0.0,0.0,0.0,0.0,0.0,0.0,0.0,0.0,0.0,0.0,0.0,0.0,0.0,0.0,0.0,0.0,0.0,0.0,0.0,0.0,0.0,0.0,0.0,0.0,0.0,0.0,0.0,0.0,0.0,0.0,0.0,0.0,0.0,0.0,0.0,0.0,0.0,0.0,0.0,0.0,0.0,0.0,0.0,0.0,0.0,0.0,0.0,0.0,0.0,0.0,0.0,0.0,0.0,0.0,0.0,0.0,0.0,0.0,0.0
2017-05-28 22:49:00+02:00,0.0,0.0,0.0,0.0,0.0,0.0,0.0,0.0,0.0,0.0,0.0,0.0,0.0,0.0,0.0,0.0,0.0,0.0,0.0,0.0,0.0,0.0,0.0,0.0,0.0,0.0,0.0,0.0,0.0,0.0,0.0,0.0,0.0,0.0,0.0,0.0,0.0,0.0,0.0,0.0,0.0,0.0,0.0,0.0,0.0,0.0,0.0,0.0,0.0,0.0,0.0,0.0,0.0,0.0,0.0,0.0,0.0,0.0,0.0,0.0,0.0,0.0,0.0,0.0,0.0,0.0,0.0,0.0,0.0,0.0,0.0,0.0,0.0,0.0,0.0,0.0,0.0,0.0,0.0,0.0,0.0,0.0,0.0,0.0,0.0,0.0,0.0,0.0,0.0,0.0,0.0,0.0,0.0,0.0,0.0,0.0,0.0,0.0,0.0,0.0,0.0,0.0,0.0,0.0,0.0,0.0,0.0,0.0,0.0,0.0,0.0,0.0,0.0,0.0,0.0,0.0,0.0,0.0
2017-05-28 22:50:00+02:00,0.0,0.0,0.0,0.0,0.0,0.0,0.0,0.0,0.0,0.0,0.0,0.0,0.0,0.0,0.0,0.0,0.0,0.0,0.0,0.0,0.0,0.0,0.0,0.0,0.0,0.0,0.0,0.0,0.0,0.0,0.0,0.0,0.0,0.0,0.0,0.0,0.0,0.0,0.0,0.0,0.0,0.0,0.0,0.0,0.0,0.0,0.0,0.0,0.0,0.0,0.0,0.0,0.0,0.0,0.0,0.0,0.0,0.0,0.0,0.0,0.0,0.0,0.0,0.0,0.0,0.0,0.0,0.0,0.0,0.0,0.0,0.0,0.0,0.0,0.0,0.0,0.0,0.0,0.0,0.0,0.0,0.0,0.0,0.0,0.0,0.0,0.0,0.0,0.0,0.0,0.0,0.0,0.0,0.0,0.0,0.0,0.0,0.0,0.0,0.0,0.0,0.0,0.0,0.0,0.0,0.0,0.0,0.0,0.0,0.0,0.0,0.0,0.0,0.0,0.0,0.0,0.0,0.0
2017-05-28 22:51:00+02:00,0.0,0.0,0.0,0.0,0.0,0.0,0.0,0.0,0.0,0.0,0.0,0.0,0.0,0.0,0.0,0.0,0.0,0.0,0.0,0.0,0.0,0.0,0.0,0.0,0.0,0.0,0.0,0.0,0.0,0.0,0.0,0.0,0.0,0.0,0.0,0.0,0.0,0.0,0.0,0.0,0.0,0.0,0.0,0.0,0.0,0.0,0.0,0.0,0.0,0.0,0.0,0.0,0.0,0.0,0.0,0.0,0.0,0.0,0.0,0.0,0.0,0.0,0.0,0.0,0.0,0.0,0.0,0.0,0.0,0.0,0.0,0.0,0.0,0.0,0.0,0.0,0.0,0.0,0.0,0.0,0.0,0.0,0.0,0.0,0.0,0.0,0.0,0.0,0.0,0.0,0.0,0.0,0.0,0.0,0.0,0.0,0.0,0.0,0.0,0.0,0.0,0.0,0.0,0.0,0.0,0.0,0.0,0.0,0.0,0.0,0.0,0.0,0.0,0.0,0.0,0.0,0.0,0.0
2017-05-28 22:52:00+02:00,0.0,0.0,0.0,0.0,0.0,0.0,0.0,0.0,0.0,0.0,0.0,0.0,0.0,0.0,0.0,0.0,0.0,0.0,0.0,0.0,0.0,0.0,0.0,0.0,0.0,0.0,0.0,0.0,0.0,0.0,0.0,0.0,0.0,0.0,0.0,0.0,0.0,0.0,0.0,0.0,0.0,0.0,0.0,0.0,0.0,0.0,0.0,0.0,0.0,0.0,0.0,0.0,0.0,0.0,0.0,0.0,0.0,0.0,0.0,0.0,0.0,0.0,0.0,0.0,0.0,0.0,0.0,0.0,0.0,0.0,0.0,0.0,0.0,0.0,0.0,0.0,0.0,0.0,0.0,0.0,0.0,0.0,0.0,0.0,0.0,0.0,0.0,0.0,0.0,0.0,0.0,0.0,0.0,0.0,0.0,0.0,0.0,0.0,0.0,0.0,0.0,0.0,0.0,0.0,0.0,0.0,0.0,0.0,0.0,0.0,0.0,0.0,0.0,0.0,0.0,0.0,0.0,0.0
2017-05-28 22:53:00+02:00,0.0,0.0,0.0,0.0,0.0,0.0,0.0,0.0,0.0,0.0,0.0,0.0,0.0,0.0,0.0,0.0,0.0,0.0,0.0,0.0,0.0,0.0,0.0,0.0,0.0,0.0,0.0,0.0,0.0,0.0,0.0,0.0,0.0,0.0,0.0,0.0,0.0,0.0,0.0,0.0,0.0,0.0,0.0,0.0,0.0,0.0,0.0,0.0,0.0,0.0,0.0,0.0,0.0,0.0,0.0,0.0,0.0,0.0,0.0,0.0,0.0,0.0,0.0,0.0,0.0,0.0,0.0,0.0,0.0,0.0,0.0,0.0,0.0,0.0,0.0,0.0,0.0,0.0,0.0,0.0,0.0,0.0,0.0,0.0,0.0,0.0,0.0,0.0,0.0,0.0,0.0,0.0,0.0,0.0,0.0,0.0,0.0,0.0,0.0,0.0,0.0,0.0,0.0,0.0,0.0,0.0,0.0,0.0,0.0,0.0,0.0,0.0,0.0,0.0,0.0,0.0,0.0,0.0
2017-05-28 22:54:00+02:00,0.0,0.0,0.0,0.0,0.0,0.0,0.0,0.0,0.0,0.0,0.0,0.0,0.0,0.0,0.0,0.0,0.0,0.0,0.0,0.0,0.0,0.0,0.0,0.0,0.0,0.0,0.0,0.0,0.0,0.0,0.0,0.0,0.0,0.0,0.0,0.0,0.0,0.0,0.0,0.0,0.0,0.0,0.0,0.0,0.0,0.0,0.0,0.0,0.0,0.0,0.0,0.0,0.0,0.0,0.0,0.0,0.0,0.0,0.0,0.0,0.0,0.0,0.0,0.0,0.0,0.0,0.0,0.0,0.0,0.0,0.0,0.0,0.0,0.0,0.0,0.0,0.0,0.0,0.0,0.0,0.0,0.0,0.0,0.0,0.0,0.0,0.0,0.0,0.0,0.0,0.0,0.0,0.0,0.0,0.0,0.0,0.0,0.0,0.0,0.0,0.0,0.0,0.0,0.0,0.0,0.0,0.0,0.0,0.0,0.0,0.0,0.0,0.0,0.0,0.0,0.0,0.0,0.0
2017-05-28 22:55:00+02:00,0.0,0.0,0.0,0.0,0.0,0.0,0.0,0.0,0.0,0.0,0.0,0.0,0.0,0.0,0.0,0.0,0.0,0.0,0.0,0.0,0.0,0.0,0.0,0.0,0.0,0.0,0.0,0.0,0.0,0.0,0.0,0.0,0.0,0.0,0.0,0.0,0.0,0.0,0.0,0.0,0.0,0.0,0.0,0.0,0.0,0.0,0.0,0.0,0.0,0.0,0.0,0.0,0.0,0.0,0.0,0.0,0.0,0.0,0.0,0.0,0.0,0.0,0.0,0.0,0.0,0.0,0.0,0.0,0.0,0.0,0.0,0.0,0.0,0.0,0.0,0.0,0.0,0.0,0.0,0.0,0.0,0.0,0.0,0.0,0.0,0.0,0.0,0.0,0.0,0.0,0.0,0.0,0.0,0.0,0.0,0.0,0.0,0.0,0.0,0.0,0.0,0.0,0.0,0.0,0.0,0.0,0.0,0.0,0.0,0.0,0.0,0.0,0.0,0.0,0.0,0.0,0.0,0.0
2017-05-28 22:56:00+02:00,0.0,0.0,0.0,0.0,0.0,0.0,0.0,0.0,0.0,0.0,0.0,0.0,0.0,0.0,0.0,0.0,0.0,0.0,0.0,0.0,0.0,0.0,0.0,0.0,0.0,0.0,0.0,0.0,0.0,0.0,0.0,0.0,0.0,0.0,0.0,0.0,0.0,0.0,0.0,0.0,0.0,0.0,0.0,0.0,0.0,0.0,0.0,0.0,0.0,0.0,0.0,0.0,0.0,0.0,0.0,0.0,0.0,0.0,0.0,0.0,0.0,0.0,0.0,0.0,0.0,0.0,0.0,0.0,0.0,0.0,0.0,0.0,0.0,0.0,0.0,0.0,0.0,0.0,0.0,0.0,0.0,0.0,0.0,0.0,0.0,0.0,0.0,0.0,0.0,0.0,0.0,0.0,0.0,0.0,0.0,0.0,0.0,0.0,0.0,0.0,0.0,0.0,0.0,0.0,0.0,0.0,0.0,0.0,0.0,0.0,0.0,0.0,0.0,0.0,0.0,0.0,0.0,0.0
2017-05-28 22:57:00+02:00,0.0,0.0,0.0,0.0,0.0,0.0,0.0,0.0,0.0,0.0,0.0,0.0,0.0,0.0,0.0,0.0,0.0,0.0,0.0,0.0,0.0,0.0,0.0,0.0,0.0,0.0,0.0,0.0,0.0,0.0,0.0,0.0,0.0,0.0,0.0,0.0,0.0,0.0,0.0,0.0,0.0,0.0,0.0,0.0,0.0,0.0,0.0,0.0,0.0,0.0,0.0,0.0,0.0,0.0,0.0,0.0,0.0,0.0,0.0,0.0,0.0,0.0,0.0,0.0,0.0,0.0,0.0,0.0,0.0,0.0,0.0,0.0,0.0,0.0,0.0,0.0,0.0,0.0,0.0,0.0,0.0,0.0,0.0,0.0,0.0,0.0,0.0,0.0,0.0,0.0,0.0,0.0,0.0,0.0,0.0,0.0,0.0,0.0,0.0,0.0,0.0,0.0,0.0,0.0,0.0,0.0,0.0,0.0,0.0,0.0,0.0,0.0,0.0,0.0,0.0,0.0,0.0,0.0
2017-05-28 22:58:00+02:00,0.0,0.0,0.0,0.0,0.0,0.0,0.0,0.0,0.0,0.0,0.0,0.0,0.0,0.0,0.0,0.0,0.0,0.0,0.0,0.0,0.0,0.0,0.0,0.0,0.0,0.0,0.0,0.0,0.0,0.0,0.0,0.0,0.0,0.0,0.0,0.0,0.0,0.0,0.0,0.0,0.0,0.0,0.0,0.0,0.0,0.0,0.0,0.0,0.0,0.0,0.0,0.0,0.0,0.0,0.0,0.0,0.0,0.0,0.0,0.0,0.0,0.0,0.0,0.0,0.0,0.0,0.0,0.0,0.0,0.0,0.0,0.0,0.0,0.0,0.0,0.0,0.0,0.0,0.0,0.0,0.0,0.0,0.0,0.0,0.0,0.0,0.0,0.0,0.0,0.0,0.0,0.0,0.0,0.0,0.0,0.0,0.0,0.0,0.0,0.0,0.0,0.0,0.0,0.0,0.0,0.0,0.0,0.0,0.0,0.0,0.0,0.0,0.0,0.0,0.0,0.0,0.0,0.0
2017-05-28 22:59:00+02:00,0.0,0.0,0.0,0.0,0.0,0.0,0.0,0.0,0.0,0.0,0.0,0.0,0.0,0.0,0.0,0.0,0.0,0.0,0.0,0.0,0.0,0.0,0.0,0.0,0.0,0.0,0.0,0.0,0.0,0.0,0.0,0.0,0.0,0.0,0.0,0.0,0.0,0.0,0.0,0.0,0.0,0.0,0.0,0.0,0.0,0.0,0.0,0.0,0.0,0.0,0.0,0.0,0.0,0.0,0.0,0.0,0.0,0.0,0.0,0.0,0.0,0.0,0.0,0.0,0.0,0.0,0.0,0.0,0.0,0.0,0.0,0.0,0.0,0.0,0.0,0.0,0.0,0.0,0.0,0.0,0.0,0.0,0.0,0.0,0.0,0.0,0.0,0.0,0.0,0.0,0.0,0.0,0.0,0.0,0.0,0.0,0.0,0.0,0.0,0.0,0.0,0.0,0.0,0.0,0.0,0.0,0.0,0.0,0.0,0.0,0.0,0.0,0.0,0.0,0.0,0.0,0.0,0.0
2017-05-28 23:00:00+02:00,0.0,0.0,0.0,0.0,0.0,0.0,0.0,0.0,0.0,0.0,0.0,0.0,0.0,0.0,0.0,0.0,0.0,0.0,0.0,0.0,0.0,0.0,0.0,0.0,0.0,0.0,0.0,0.0,0.0,0.0,0.0,0.0,0.0,0.0,0.0,0.0,0.0,0.0,0.0,0.0,0.0,0.0,0.0,0.0,0.0,0.0,0.0,0.0,0.0,0.0,0.0,0.0,0.0,0.0,0.0,0.0,0.0,0.0,0.0,0.0,0.0,0.0,0.0,0.0,0.0,0.0,0.0,0.0,0.0,0.0,0.0,0.0,0.0,0.0,0.0,0.0,0.0,0.0,0.0,0.0,0.0,0.0,0.0,0.0,0.0,0.0,0.0,0.0,0.0,0.0,0.0,0.0,0.0,0.0,0.0,0.0,0.0,0.0,0.0,0.0,0.0,0.0,0.0,0.0,0.0,0.0,0.0,0.0,0.0,0.0,0.0,0.0,0.0,0.0,0.0,0.0,0.0,0.0
2017-05-28 23:01:00+02:00,0.0,0.0,0.0,0.0,0.0,0.0,0.0,0.0,0.0,0.0,0.0,0.0,0.0,0.0,0.0,0.0,0.0,0.0,0.0,0.0,0.0,0.0,0.0,0.0,0.0,0.0,0.0,0.0,0.0,0.0,0.0,0.0,0.0,0.0,0.0,0.0,0.0,0.0,0.0,0.0,0.0,0.0,0.0,0.0,0.0,0.0,0.0,0.0,0.0,0.0,0.0,0.0,0.0,0.0,0.0,0.0,0.0,0.0,0.0,0.0,0.0,0.0,0.0,0.0,0.0,0.0,0.0,0.0,0.0,0.0,0.0,0.0,0.0,0.0,0.0,0.0,0.0,0.0,0.0,0.0,0.0,0.0,0.0,0.0,0.0,0.0,0.0,0.0,0.0,0.0,0.0,0.0,0.0,0.0,0.0,0.0,0.0,0.0,0.0,0.0,0.0,0.0,0.0,0.0,0.0,0.0,0.0,0.0,0.0,0.0,0.0,0.0,0.0,0.0,0.0,0.0,0.0,0.0
2017-05-28 23:02:00+02:00,0.0,0.0,0.0,0.0,0.0,0.0,0.0,0.0,0.0,0.0,0.0,0.0,0.0,0.0,0.0,0.0,0.0,0.0,0.0,0.0,0.0,0.0,0.0,0.0,0.0,0.0,0.0,0.0,0.0,0.0,0.0,0.0,0.0,0.0,0.0,0.0,0.0,0.0,0.0,0.0,0.0,0.0,0.0,0.0,0.0,0.0,0.0,0.0,0.0,0.0,0.0,0.0,0.0,0.0,0.0,0.0,0.0,0.0,0.0,0.0,0.0,0.0,0.0,0.0,0.0,0.0,0.0,0.0,0.0,0.0,0.0,0.0,0.0,0.0,0.0,0.0,0.0,0.0,0.0,0.0,0.0,0.0,0.0,0.0,0.0,0.0,0.0,0.0,0.0,0.0,0.0,0.0,0.0,0.0,0.0,0.0,0.0,0.0,0.0,0.0,0.0,0.0,0.0,0.0,0.0,0.0,0.0,0.0,0.0,0.0,0.0,0.0,0.0,0.0,0.0,0.0,0.0,0.0
2017-05-28 23:03:00+02:00,0.0,0.0,0.0,0.0,0.0,0.0,0.0,0.0,0.0,0.0,0.0,0.0,0.0,0.0,0.0,0.0,0.0,0.0,0.0,0.0,0.0,0.0,0.0,0.0,0.0,0.0,0.0,0.0,0.0,0.0,0.0,0.0,0.0,0.0,0.0,0.0,0.0,0.0,0.0,0.0,0.0,0.0,0.0,0.0,0.0,0.0,0.0,0.0,0.0,0.0,0.0,0.0,0.0,0.0,0.0,0.0,0.0,0.0,0.0,0.0,0.0,0.0,0.0,0.0,0.0,0.0,0.0,0.0,0.0,0.0,0.0,0.0,0.0,0.0,0.0,0.0,0.0,0.0,0.0,0.0,0.0,0.0,0.0,0.0,0.0,0.0,0.0,0.0,0.0,0.0,0.0,0.0,0.0,0.0,0.0,0.0,0.0,0.0,0.0,0.0,0.0,0.0,0.0,0.0,0.0,0.0,0.0,0.0,0.0,0.0,0.0,0.0,0.0,0.0,0.0,0.0,0.0,0.0
2017-05-28 23:04:00+02:00,0.0,0.0,0.0,0.0,0.0,0.0,0.0,0.0,0.0,0.0,0.0,0.0,0.0,0.0,0.0,0.0,0.0,0.0,0.0,0.0,0.0,0.0,0.0,0.0,0.0,0.0,0.0,0.0,0.0,0.0,0.0,0.0,0.0,0.0,0.0,0.0,0.0,0.0,0.0,0.0,0.0,0.0,0.0,0.0,0.0,0.0,0.0,0.0,0.0,0.0,0.0,0.0,0.0,0.0,0.0,0.0,0.0,0.0,0.0,0.0,0.0,0.0,0.0,0.0,0.0,0.0,0.0,0.0,0.0,0.0,0.0,0.0,0.0,0.0,0.0,0.0,0.0,0.0,0.0,0.0,0.0,0.0,0.0,0.0,0.0,0.0,0.0,0.0,0.0,0.0,0.0,0.0,0.0,0.0,0.0,0.0,0.0,0.0,0.0,0.0,0.0,0.0,0.0,0.0,0.0,0.0,0.0,0.0,0.0,0.0,0.0,0.0,0.0,0.0,0.0,0.0,0.0,0.0
2017-05-28 23:05:00+02:00,0.0,0.0,0.0,0.0,0.0,0.0,0.0,0.0,0.0,0.0,0.0,0.0,0.0,0.0,0.0,0.0,0.0,0.0,0.0,0.0,0.0,0.0,0.0,0.0,0.0,0.0,0.0,0.0,0.0,0.0,0.0,0.0,0.0,0.0,0.0,0.0,0.0,0.0,0.0,0.0,0.0,0.0,0.0,0.0,0.0,0.0,0.0,0.0,0.0,0.0,0.0,0.0,0.0,0.0,0.0,0.0,0.0,0.0,0.0,0.0,0.0,0.0,0.0,0.0,0.0,0.0,0.0,0.0,0.0,0.0,0.0,0.0,0.0,0.0,0.0,0.0,0.0,0.0,0.0,0.0,0.0,0.0,0.0,0.0,0.0,0.0,0.0,0.0,0.0,0.0,0.0,0.0,0.0,0.0,0.0,0.0,0.0,0.0,0.0,0.0,0.0,0.0,0.0,0.0,0.0,0.0,0.0,0.0,0.0,0.0,0.0,0.0,0.0,0.0,0.0,0.0,0.0,0.0
2017-05-28 23:06:00+02:00,0.0,0.0,0.0,0.0,0.0,0.0,0.0,0.0,0.0,0.0,0.0,0.0,0.0,0.0,0.0,0.0,0.0,0.0,0.0,0.0,0.0,0.0,0.0,0.0,0.0,0.0,0.0,0.0,0.0,0.0,0.0,0.0,0.0,0.0,0.0,0.0,0.0,0.0,0.0,0.0,0.0,0.0,0.0,0.0,0.0,0.0,0.0,0.0,0.0,0.0,0.0,0.0,0.0,0.0,0.0,0.0,0.0,0.0,0.0,0.0,0.0,0.0,0.0,0.0,0.0,0.0,0.0,0.0,0.0,0.0,0.0,0.0,0.0,0.0,0.0,0.0,0.0,0.0,0.0,0.0,0.0,0.0,0.0,0.0,0.0,0.0,0.0,0.0,0.0,0.0,0.0,0.0,0.0,0.0,0.0,0.0,0.0,0.0,0.0,0.0,0.0,0.0,0.0,0.0,0.0,0.0,0.0,0.0,0.0,0.0,0.0,0.0,0.0,0.0,0.0,0.0,0.0,0.0
2017-05-28 23:07:00+02:00,0.0,0.0,0.0,0.0,0.0,0.0,0.0,0.0,0.0,0.0,0.0,0.0,0.0,0.0,0.0,0.0,0.0,0.0,0.0,0.0,0.0,0.0,0.0,0.0,0.0,0.0,0.0,0.0,0.0,0.0,0.0,0.0,0.0,0.0,0.0,0.0,0.0,0.0,0.0,0.0,0.0,0.0,0.0,0.0,0.0,0.0,0.0,0.0,0.0,0.0,0.0,0.0,0.0,0.0,0.0,0.0,0.0,0.0,0.0,0.0,0.0,0.0,0.0,0.0,0.0,0.0,0.0,0.0,0.0,0.0,0.0,0.0,0.0,0.0,0.0,0.0,0.0,0.0,0.0,0.0,0.0,0.0,0.0,0.0,0.0,0.0,0.0,0.0,0.0,0.0,0.0,0.0,0.0,0.0,0.0,0.0,0.0,0.0,0.0,0.0,0.0,0.0,0.0,0.0,0.0,0.0,0.0,0.0,0.0,0.0,0.0,0.0,0.0,0.0,0.0,0.0,0.0,0.0
2017-05-28 23:08:00+02:00,0.0,0.0,0.0,0.0,0.0,0.0,0.0,0.0,0.0,0.0,0.0,0.0,0.0,0.0,0.0,0.0,0.0,0.0,0.0,0.0,0.0,0.0,0.0,0.0,0.0,0.0,0.0,0.0,0.0,0.0,0.0,0.0,0.0,0.0,0.0,0.0,0.0,0.0,0.0,0.0,0.0,0.0,0.0,0.0,0.0,0.0,0.0,0.0,0.0,0.0,0.0,0.0,0.0,0.0,0.0,0.0,0.0,0.0,0.0,0.0,0.0,0.0,0.0,0.0,0.0,0.0,0.0,0.0,0.0,0.0,0.0,0.0,0.0,0.0,0.0,0.0,0.0,0.0,0.0,0.0,0.0,0.0,0.0,0.0,0.0,0.0,0.0,0.0,0.0,0.0,0.0,0.0,0.0,0.0,0.0,0.0,0.0,0.0,0.0,0.0,0.0,0.0,0.0,0.0,0.0,0.0,0.0,0.0,0.0,0.0,0.0,0.0,0.0,0.0,0.0,0.0,0.0,0.0
2017-05-28 23:09:00+02:00,0.0,0.0,0.0,0.0,0.0,0.0,0.0,0.0,0.0,0.0,0.0,0.0,0.0,0.0,0.0,0.0,0.0,0.0,0.0,0.0,0.0,0.0,0.0,0.0,0.0,0.0,0.0,0.0,0.0,0.0,0.0,0.0,0.0,0.0,0.0,0.0,0.0,0.0,0.0,0.0,0.0,0.0,0.0,0.0,0.0,0.0,0.0,0.0,0.0,0.0,0.0,0.0,0.0,0.0,0.0,0.0,0.0,0.0,0.0,0.0,0.0,0.0,0.0,0.0,0.0,0.0,0.0,0.0,0.0,0.0,0.0,0.0,0.0,0.0,0.0,0.0,0.0,0.0,0.0,0.0,0.0,0.0,0.0,0.0,0.0,0.0,0.0,0.0,0.0,0.0,0.0,0.0,0.0,0.0,0.0,0.0,0.0,0.0,0.0,0.0,0.0,0.0,0.0,0.0,0.0,0.0,0.0,0.0,0.0,0.0,0.0,0.0,0.0,0.0,0.0,0.0,0.0,0.0
2017-05-28 23:10:00+02:00,0.0,0.0,0.0,0.0,0.0,0.0,0.0,0.0,0.0,0.0,0.0,0.0,0.0,0.0,0.0,0.0,0.0,0.0,0.0,0.0,0.0,0.0,0.0,0.0,0.0,0.0,0.0,0.0,0.0,0.0,0.0,0.0,0.0,0.0,0.0,0.0,0.0,0.0,0.0,0.0,0.0,0.0,0.0,0.0,0.0,0.0,0.0,0.0,0.0,0.0,0.0,0.0,0.0,0.0,0.0,0.0,0.0,0.0,0.0,0.0,0.0,0.0,0.0,0.0,0.0,0.0,0.0,0.0,0.0,0.0,0.0,0.0,0.0,0.0,0.0,0.0,0.0,0.0,0.0,0.0,0.0,0.0,0.0,0.0,0.0,0.0,0.0,0.0,0.0,0.0,0.0,0.0,0.0,0.0,0.0,0.0,0.0,0.0,0.0,0.0,0.0,0.0,0.0,0.0,0.0,0.0,0.0,0.0,0.0,0.0,0.0,0.0,0.0,0.0,0.0,0.0,0.0,0.0
2017-05-28 23:11:00+02:00,0.0,0.0,0.0,0.0,0.0,0.0,0.0,0.0,0.0,0.0,0.0,0.0,0.0,0.0,0.0,0.0,0.0,0.0,0.0,0.0,0.0,0.0,0.0,0.0,0.0,0.0,0.0,0.0,0.0,0.0,0.0,0.0,0.0,0.0,0.0,0.0,0.0,0.0,0.0,0.0,0.0,0.0,0.0,0.0,0.0,0.0,0.0,0.0,0.0,0.0,0.0,0.0,0.0,0.0,0.0,0.0,0.0,0.0,0.0,0.0,0.0,0.0,0.0,0.0,0.0,0.0,0.0,0.0,0.0,0.0,0.0,0.0,0.0,0.0,0.0,0.0,0.0,0.0,0.0,0.0,0.0,0.0,0.0,0.0,0.0,0.0,0.0,0.0,0.0,0.0,0.0,0.0,0.0,0.0,0.0,0.0,0.0,0.0,0.0,0.0,0.0,0.0,0.0,0.0,0.0,0.0,0.0,0.0,0.0,0.0,0.0,0.0,0.0,0.0,0.0,0.0,0.0,0.0
2017-05-28 23:12:00+02:00,0.0,0.0,0.0,0.0,0.0,0.0,0.0,0.0,0.0,0.0,0.0,0.0,0.0,0.0,0.0,0.0,0.0,0.0,0.0,0.0,0.0,0.0,0.0,0.0,0.0,0.0,0.0,0.0,0.0,0.0,0.0,0.0,0.0,0.0,0.0,0.0,0.0,0.0,0.0,0.0,0.0,0.0,0.0,0.0,0.0,0.0,0.0,0.0,0.0,0.0,0.0,0.0,0.0,0.0,0.0,0.0,0.0,0.0,0.0,0.0,0.0,0.0,0.0,0.0,0.0,0.0,0.0,0.0,0.0,0.0,0.0,0.0,0.0,0.0,0.0,0.0,0.0,0.0,0.0,0.0,0.0,0.0,0.0,0.0,0.0,0.0,0.0,0.0,0.0,0.0,0.0,0.0,0.0,0.0,0.0,0.0,0.0,0.0,0.0,0.0,0.0,0.0,0.0,0.0,0.0,0.0,0.0,0.0,0.0,0.0,0.0,0.0,0.0,0.0,0.0,0.0,0.0,0.0
2017-05-28 23:13:00+02:00,0.0,0.0,0.0,0.0,0.0,0.0,0.0,0.0,0.0,0.0,0.0,0.0,0.0,0.0,0.0,0.0,0.0,0.0,0.0,0.0,0.0,0.0,0.0,0.0,0.0,0.0,0.0,0.0,0.0,0.0,0.0,0.0,0.0,0.0,0.0,0.0,0.0,0.0,0.0,0.0,0.0,0.0,0.0,0.0,0.0,0.0,0.0,0.0,0.0,0.0,0.0,0.0,0.0,0.0,0.0,0.0,0.0,0.0,0.0,0.0,0.0,0.0,0.0,0.0,0.0,0.0,0.0,0.0,0.0,0.0,0.0,0.0,0.0,0.0,0.0,0.0,0.0,0.0,0.0,0.0,0.0,0.0,0.0,0.0,0.0,0.0,0.0,0.0,0.0,0.0,0.0,0.0,0.0,0.0,0.0,0.0,0.0,0.0,0.0,0.0,0.0,0.0,0.0,0.0,0.0,0.0,0.0,0.0,0.0,0.0,0.0,0.0,0.0,0.0,0.0,0.0,0.0,0.0
2017-05-28 23:14:00+02:00,0.0,0.0,0.0,0.0,0.0,0.0,0.0,0.0,0.0,0.0,0.0,0.0,0.0,0.0,0.0,0.0,0.0,0.0,0.0,0.0,0.0,0.0,0.0,0.0,0.0,0.0,0.0,0.0,0.0,0.0,0.0,0.0,0.0,0.0,0.0,0.0,0.0,0.0,0.0,0.0,0.0,0.0,0.0,0.0,0.0,0.0,0.0,0.0,0.0,0.0,0.0,0.0,0.0,0.0,0.0,0.0,0.0,0.0,0.0,0.0,0.0,0.0,0.0,0.0,0.0,0.0,0.0,0.0,0.0,0.0,0.0,0.0,0.0,0.0,0.0,0.0,0.0,0.0,0.0,0.0,0.0,0.0,0.0,0.0,0.0,0.0,0.0,0.0,0.0,0.0,0.0,0.0,0.0,0.0,0.0,0.0,0.0,0.0,0.0,0.0,0.0,0.0,0.0,0.0,0.0,0.0,0.0,0.0,0.0,0.0,0.0,0.0,0.0,0.0,0.0,0.0,0.0,0.0
2017-05-28 23:15:00+02:00,0.0,0.0,0.0,0.0,0.0,0.0,0.0,0.0,0.0,0.0,0.0,0.0,0.0,0.0,0.0,0.0,0.0,0.0,0.0,0.0,0.0,0.0,0.0,0.0,0.0,0.0,0.0,0.0,0.0,0.0,0.0,0.0,0.0,0.0,0.0,0.0,0.0,0.0,0.0,0.0,0.0,0.0,0.0,0.0,0.0,0.0,0.0,0.0,0.0,0.0,0.0,0.0,0.0,0.0,0.0,0.0,0.0,0.0,0.0,0.0,0.0,0.0,0.0,0.0,0.0,0.0,0.0,0.0,0.0,0.0,0.0,0.0,0.0,0.0,0.0,0.0,0.0,0.0,0.0,0.0,0.0,0.0,0.0,0.0,0.0,0.0,0.0,0.0,0.0,0.0,0.0,0.0,0.0,0.0,0.0,0.0,0.0,0.0,0.0,0.0,0.0,0.0,0.0,0.0,0.0,0.0,0.0,0.0,0.0,0.0,0.0,0.0,0.0,0.0,0.0,0.0,0.0,0.0
2017-05-28 23:16:00+02:00,0.0,0.0,0.0,0.0,0.0,0.0,0.0,0.0,0.0,0.0,0.0,0.0,0.0,0.0,0.0,0.0,0.0,0.0,0.0,0.0,0.0,0.0,0.0,0.0,0.0,0.0,0.0,0.0,0.0,0.0,0.0,0.0,0.0,0.0,0.0,0.0,0.0,0.0,0.0,0.0,0.0,0.0,0.0,0.0,0.0,0.0,0.0,0.0,0.0,0.0,0.0,0.0,0.0,0.0,0.0,0.0,0.0,0.0,0.0,0.0,0.0,0.0,0.0,0.0,0.0,0.0,0.0,0.0,0.0,0.0,0.0,0.0,0.0,0.0,0.0,0.0,0.0,0.0,0.0,0.0,0.0,0.0,0.0,0.0,0.0,0.0,0.0,0.0,0.0,0.0,0.0,0.0,0.0,0.0,0.0,0.0,0.0,0.0,0.0,0.0,0.0,0.0,0.0,0.0,0.0,0.0,0.0,0.0,0.0,0.0,0.0,0.0,0.0,0.0,0.0,0.0,0.0,0.0
2017-05-28 23:17:00+02:00,0.0,0.0,0.0,0.0,0.0,0.0,0.0,0.0,0.0,0.0,0.0,0.0,0.0,0.0,0.0,0.0,0.0,0.0,0.0,0.0,0.0,0.0,0.0,0.0,0.0,0.0,0.0,0.0,0.0,0.0,0.0,0.0,0.0,0.0,0.0,0.0,0.0,0.0,0.0,0.0,0.0,0.0,0.0,0.0,0.0,0.0,0.0,0.0,0.0,0.0,0.0,0.0,0.0,0.0,0.0,0.0,0.0,0.0,0.0,0.0,0.0,0.0,0.0,0.0,0.0,0.0,0.0,0.0,0.0,0.0,0.0,0.0,0.0,0.0,0.0,0.0,0.0,0.0,0.0,0.0,0.0,0.0,0.0,0.0,0.0,0.0,0.0,0.0,0.0,0.0,0.0,0.0,0.0,0.0,0.0,0.0,0.0,0.0,0.0,0.0,0.0,0.0,0.0,0.0,0.0,0.0,0.0,0.0,0.0,0.0,0.0,0.0,0.0,0.0,0.0,0.0,0.0,0.0
2017-05-28 23:18:00+02:00,0.0,0.0,0.0,0.0,0.0,0.0,0.0,0.0,0.0,0.0,0.0,0.0,0.0,0.0,0.0,0.0,0.0,0.0,0.0,0.0,0.0,0.0,0.0,0.0,0.0,0.0,0.0,0.0,0.0,0.0,0.0,0.0,0.0,0.0,0.0,0.0,0.0,0.0,0.0,0.0,0.0,0.0,0.0,0.0,0.0,0.0,0.0,0.0,0.0,0.0,0.0,0.0,0.0,0.0,0.0,0.0,0.0,0.0,0.0,0.0,0.0,0.0,0.0,0.0,0.0,0.0,0.0,0.0,0.0,0.0,0.0,0.0,0.0,0.0,0.0,0.0,0.0,0.0,0.0,0.0,0.0,0.0,0.0,0.0,0.0,0.0,0.0,0.0,0.0,0.0,0.0,0.0,0.0,0.0,0.0,0.0,0.0,0.0,0.0,0.0,0.0,0.0,0.0,0.0,0.0,0.0,0.0,0.0,0.0,0.0,0.0,0.0,0.0,0.0,0.0,0.0,0.0,0.0
2017-05-28 23:19:00+02:00,0.0,0.0,0.0,0.0,0.0,0.0,0.0,0.0,0.0,0.0,0.0,0.0,0.0,0.0,0.0,0.0,0.0,0.0,0.0,0.0,0.0,0.0,0.0,0.0,0.0,0.0,0.0,0.0,0.0,0.0,0.0,0.0,0.0,0.0,0.0,0.0,0.0,0.0,0.0,0.0,0.0,0.0,0.0,0.0,0.0,0.0,0.0,0.0,0.0,0.0,0.0,0.0,0.0,0.0,0.0,0.0,0.0,0.0,0.0,0.0,0.0,0.0,0.0,0.0,0.0,0.0,0.0,0.0,0.0,0.0,0.0,0.0,0.0,0.0,0.0,0.0,0.0,0.0,0.0,0.0,0.0,0.0,0.0,0.0,0.0,0.0,0.0,0.0,0.0,0.0,0.0,0.0,0.0,0.0,0.0,0.0,0.0,0.0,0.0,0.0,0.0,0.0,0.0,0.0,0.0,0.0,0.0,0.0,0.0,0.0,0.0,0.0,0.0,0.0,0.0,0.0,0.0,0.0
2017-05-28 23:20:00+02:00,0.0,0.0,0.0,0.0,0.0,0.0,0.0,0.0,0.0,0.0,0.0,0.0,0.0,0.0,0.0,0.0,0.0,0.0,0.0,0.0,0.0,0.0,0.0,0.0,0.0,0.0,0.0,0.0,0.0,0.0,0.0,0.0,0.0,0.0,0.0,0.0,0.0,0.0,0.0,0.0,0.0,0.0,0.0,0.0,0.0,0.0,0.0,0.0,0.0,0.0,0.0,0.0,0.0,0.0,0.0,0.0,0.0,0.0,0.0,0.0,0.0,0.0,0.0,0.0,0.0,0.0,0.0,0.0,0.0,0.0,0.0,0.0,0.0,0.0,0.0,0.0,0.0,0.0,0.0,0.0,0.0,0.0,0.0,0.0,0.0,0.0,0.0,0.0,0.0,0.0,0.0,0.0,0.0,0.0,0.0,0.0,0.0,0.0,0.0,0.0,0.0,0.0,0.0,0.0,0.0,0.0,0.0,0.0,0.0,0.0,0.0,0.0,0.0,0.0,0.0,0.0,0.0,0.0
2017-05-28 23:21:00+02:00,0.0,0.0,0.0,0.0,0.0,0.0,0.0,0.0,0.0,0.0,0.0,0.0,0.0,0.0,0.0,0.0,0.0,0.0,0.0,0.0,0.0,0.0,0.0,0.0,0.0,0.0,0.0,0.0,0.0,0.0,0.0,0.0,0.0,0.0,0.0,0.0,0.0,0.0,0.0,0.0,0.0,0.0,0.0,0.0,0.0,0.0,0.0,0.0,0.0,0.0,0.0,0.0,0.0,0.0,0.0,0.0,0.0,0.0,0.0,0.0,0.0,0.0,0.0,0.0,0.0,0.0,0.0,0.0,0.0,0.0,0.0,0.0,0.0,0.0,0.0,0.0,0.0,0.0,0.0,0.0,0.0,0.0,0.0,0.0,0.0,0.0,0.0,0.0,0.0,0.0,0.0,0.0,0.0,0.0,0.0,0.0,0.0,0.0,0.0,0.0,0.0,0.0,0.0,0.0,0.0,0.0,0.0,0.0,0.0,0.0,0.0,0.0,0.0,0.0,0.0,0.0,0.0,0.0
2017-05-28 23:22:00+02:00,0.0,0.0,0.0,0.0,0.0,0.0,0.0,0.0,0.0,0.0,0.0,0.0,0.0,0.0,0.0,0.0,0.0,0.0,0.0,0.0,0.0,0.0,0.0,0.0,0.0,0.0,0.0,0.0,0.0,0.0,0.0,0.0,0.0,0.0,0.0,0.0,0.0,0.0,0.0,0.0,0.0,0.0,0.0,0.0,0.0,0.0,0.0,0.0,0.0,0.0,0.0,0.0,0.0,0.0,0.0,0.0,0.0,0.0,0.0,0.0,0.0,0.0,0.0,0.0,0.0,0.0,0.0,0.0,0.0,0.0,0.0,0.0,0.0,0.0,0.0,0.0,0.0,0.0,0.0,0.0,0.0,0.0,0.0,0.0,0.0,0.0,0.0,0.0,0.0,0.0,0.0,0.0,0.0,0.0,0.0,0.0,0.0,0.0,0.0,0.0,0.0,0.0,0.0,0.0,0.0,0.0,0.0,0.0,0.0,0.0,0.0,0.0,0.0,0.0,0.0,0.0,0.0,0.0
2017-05-28 23:23:00+02:00,0.0,0.0,0.0,0.0,0.0,0.0,0.0,0.0,0.0,0.0,0.0,0.0,0.0,0.0,0.0,0.0,0.0,0.0,0.0,0.0,0.0,0.0,0.0,0.0,0.0,0.0,0.0,0.0,0.0,0.0,0.0,0.0,0.0,0.0,0.0,0.0,0.0,0.0,0.0,0.0,0.0,0.0,0.0,0.0,0.0,0.0,0.0,0.0,0.0,0.0,0.0,0.0,0.0,0.0,0.0,0.0,0.0,0.0,0.0,0.0,0.0,0.0,0.0,0.0,0.0,0.0,0.0,0.0,0.0,0.0,0.0,0.0,0.0,0.0,0.0,0.0,0.0,0.0,0.0,0.0,0.0,0.0,0.0,0.0,0.0,0.0,0.0,0.0,0.0,0.0,0.0,0.0,0.0,0.0,0.0,0.0,0.0,0.0,0.0,0.0,0.0,0.0,0.0,0.0,0.0,0.0,0.0,0.0,0.0,0.0,0.0,0.0,0.0,0.0,0.0,0.0,0.0,0.0
2017-05-28 23:24:00+02:00,0.0,0.0,0.0,0.0,0.0,0.0,0.0,0.0,0.0,0.0,0.0,0.0,0.0,0.0,0.0,0.0,0.0,0.0,0.0,0.0,0.0,0.0,0.0,0.0,0.0,0.0,0.0,0.0,0.0,0.0,0.0,0.0,0.0,0.0,0.0,0.0,0.0,0.0,0.0,0.0,0.0,0.0,0.0,0.0,0.0,0.0,0.0,0.0,0.0,0.0,0.0,0.0,0.0,0.0,0.0,0.0,0.0,0.0,0.0,0.0,0.0,0.0,0.0,0.0,0.0,0.0,0.0,0.0,0.0,0.0,0.0,0.0,0.0,0.0,0.0,0.0,0.0,0.0,0.0,0.0,0.0,0.0,0.0,0.0,0.0,0.0,0.0,0.0,0.0,0.0,0.0,0.0,0.0,0.0,0.0,0.0,0.0,0.0,0.0,0.0,0.0,0.0,0.0,0.0,0.0,0.0,0.0,0.0,0.0,0.0,0.0,0.0,0.0,0.0,0.0,0.0,0.0,0.0
2017-05-28 23:25:00+02:00,0.0,0.0,0.0,0.0,0.0,0.0,0.0,0.0,0.0,0.0,0.0,0.0,0.0,0.0,0.0,0.0,0.0,0.0,0.0,0.0,0.0,0.0,0.0,0.0,0.0,0.0,0.0,0.0,0.0,0.0,0.0,0.0,0.0,0.0,0.0,0.0,0.0,0.0,0.0,0.0,0.0,0.0,0.0,0.0,0.0,0.0,0.0,0.0,0.0,0.0,0.0,0.0,0.0,0.0,0.0,0.0,0.0,0.0,0.0,0.0,0.0,0.0,0.0,0.0,0.0,0.0,0.0,0.0,0.0,0.0,0.0,0.0,0.0,0.0,0.0,0.0,0.0,0.0,0.0,0.0,0.0,0.0,0.0,0.0,0.0,0.0,0.0,0.0,0.0,0.0,0.0,0.0,0.0,0.0,0.0,0.0,0.0,0.0,0.0,0.0,0.0,0.0,0.0,0.0,0.0,0.0,0.0,0.0,0.0,0.0,0.0,0.0,0.0,0.0,0.0,0.0,0.0,0.0
2017-05-28 23:26:00+02:00,0.0,0.0,0.0,0.0,0.0,0.0,0.0,0.0,0.0,0.0,0.0,0.0,0.0,0.0,0.0,0.0,0.0,0.0,0.0,0.0,0.0,0.0,0.0,0.0,0.0,0.0,0.0,0.0,0.0,0.0,0.0,0.0,0.0,0.0,0.0,0.0,0.0,0.0,0.0,0.0,0.0,0.0,0.0,0.0,0.0,0.0,0.0,0.0,0.0,0.0,0.0,0.0,0.0,0.0,0.0,0.0,0.0,0.0,0.0,0.0,0.0,0.0,0.0,0.0,0.0,0.0,0.0,0.0,0.0,0.0,0.0,0.0,0.0,0.0,0.0,0.0,0.0,0.0,0.0,0.0,0.0,0.0,0.0,0.0,0.0,0.0,0.0,0.0,0.0,0.0,0.0,0.0,0.0,0.0,0.0,0.0,0.0,0.0,0.0,0.0,0.0,0.0,0.0,0.0,0.0,0.0,0.0,0.0,0.0,0.0,0.0,0.0,0.0,0.0,0.0,0.0,0.0,0.0
2017-05-28 23:27:00+02:00,0.0,0.0,0.0,0.0,0.0,0.0,0.0,0.0,0.0,0.0,0.0,0.0,0.0,0.0,0.0,0.0,0.0,0.0,0.0,0.0,0.0,0.0,0.0,0.0,0.0,0.0,0.0,0.0,0.0,0.0,0.0,0.0,0.0,0.0,0.0,0.0,0.0,0.0,0.0,0.0,0.0,0.0,0.0,0.0,0.0,0.0,0.0,0.0,0.0,0.0,0.0,0.0,0.0,0.0,0.0,0.0,0.0,0.0,0.0,0.0,0.0,0.0,0.0,0.0,0.0,0.0,0.0,0.0,0.0,0.0,0.0,0.0,0.0,0.0,0.0,0.0,0.0,0.0,0.0,0.0,0.0,0.0,0.0,0.0,0.0,0.0,0.0,0.0,0.0,0.0,0.0,0.0,0.0,0.0,0.0,0.0,0.0,0.0,0.0,0.0,0.0,0.0,0.0,0.0,0.0,0.0,0.0,0.0,0.0,0.0,0.0,0.0,0.0,0.0,0.0,0.0,0.0,0.0
2017-05-28 23:28:00+02:00,0.0,0.0,0.0,0.0,0.0,0.0,0.0,0.0,0.0,0.0,0.0,0.0,0.0,0.0,0.0,0.0,0.0,0.0,0.0,0.0,0.0,0.0,0.0,0.0,0.0,0.0,0.0,0.0,0.0,0.0,0.0,0.0,0.0,0.0,0.0,0.0,0.0,0.0,0.0,0.0,0.0,0.0,0.0,0.0,0.0,0.0,0.0,0.0,0.0,0.0,0.0,0.0,0.0,0.0,0.0,0.0,0.0,0.0,0.0,0.0,0.0,0.0,0.0,0.0,0.0,0.0,0.0,0.0,0.0,0.0,0.0,0.0,0.0,0.0,0.0,0.0,0.0,0.0,0.0,0.0,0.0,0.0,0.0,0.0,0.0,0.0,0.0,0.0,0.0,0.0,0.0,0.0,0.0,0.0,0.0,0.0,0.0,0.0,0.0,0.0,0.0,0.0,0.0,0.0,0.0,0.0,0.0,0.0,0.0,0.0,0.0,0.0,0.0,0.0,0.0,0.0,0.0,0.0
2017-05-28 23:29:00+02:00,0.0,0.0,0.0,0.0,0.0,0.0,0.0,0.0,0.0,0.0,0.0,0.0,0.0,0.0,0.0,0.0,0.0,0.0,0.0,0.0,0.0,0.0,0.0,0.0,0.0,0.0,0.0,0.0,0.0,0.0,0.0,0.0,0.0,0.0,0.0,0.0,0.0,0.0,0.0,0.0,0.0,0.0,0.0,0.0,0.0,0.0,0.0,0.0,0.0,0.0,0.0,0.0,0.0,0.0,0.0,0.0,0.0,0.0,0.0,0.0,0.0,0.0,0.0,0.0,0.0,0.0,0.0,0.0,0.0,0.0,0.0,0.0,0.0,0.0,0.0,0.0,0.0,0.0,0.0,0.0,0.0,0.0,0.0,0.0,0.0,0.0,0.0,0.0,0.0,0.0,0.0,0.0,0.0,0.0,0.0,0.0,0.0,0.0,0.0,0.0,0.0,0.0,0.0,0.0,0.0,0.0,0.0,0.0,0.0,0.0,0.0,0.0,0.0,0.0,0.0,0.0,0.0,0.0
2017-05-28 23:30:00+02:00,0.0,0.0,0.0,0.0,0.0,0.0,0.0,0.0,0.0,0.0,0.0,0.0,0.0,0.0,0.0,0.0,0.0,0.0,0.0,0.0,0.0,0.0,0.0,0.0,0.0,0.0,0.0,0.0,0.0,0.0,0.0,0.0,0.0,0.0,0.0,0.0,0.0,0.0,0.0,0.0,0.0,0.0,0.0,0.0,0.0,0.0,0.0,0.0,0.0,0.0,0.0,0.0,0.0,0.0,0.0,0.0,0.0,0.0,0.0,0.0,0.0,0.0,0.0,0.0,0.0,0.0,0.0,0.0,0.0,0.0,0.0,0.0,0.0,0.0,0.0,0.0,0.0,0.0,0.0,0.0,0.0,0.0,0.0,0.0,0.0,0.0,0.0,0.0,0.0,0.0,0.0,0.0,0.0,0.0,0.0,0.0,0.0,0.0,0.0,0.0,0.0,0.0,0.0,0.0,0.0,0.0,0.0,0.0,0.0,0.0,0.0,0.0,0.0,0.0,0.0,0.0,0.0,0.0
2017-05-28 23:31:00+02:00,0.0,0.0,0.0,0.0,0.0,0.0,0.0,0.0,0.0,0.0,0.0,0.0,0.0,0.0,0.0,0.0,0.0,0.0,0.0,0.0,0.0,0.0,0.0,0.0,0.0,0.0,0.0,0.0,0.0,0.0,0.0,0.0,0.0,0.0,0.0,0.0,0.0,0.0,0.0,0.0,0.0,0.0,0.0,0.0,0.0,0.0,0.0,0.0,0.0,0.0,0.0,0.0,0.0,0.0,0.0,0.0,0.0,0.0,0.0,0.0,0.0,0.0,0.0,0.0,0.0,0.0,0.0,0.0,0.0,0.0,0.0,0.0,0.0,0.0,0.0,0.0,0.0,0.0,0.0,0.0,0.0,0.0,0.0,0.0,0.0,0.0,0.0,0.0,0.0,0.0,0.0,0.0,0.0,0.0,0.0,0.0,0.0,0.0,0.0,0.0,0.0,0.0,0.0,0.0,0.0,0.0,0.0,0.0,0.0,0.0,0.0,0.0,0.0,0.0,0.0,0.0,0.0,0.0
2017-05-28 23:32:00+02:00,0.0,0.0,0.0,0.0,0.0,0.0,0.0,0.0,0.0,0.0,0.0,0.0,0.0,0.0,0.0,0.0,0.0,0.0,0.0,0.0,0.0,0.0,0.0,0.0,0.0,0.0,0.0,0.0,0.0,0.0,0.0,0.0,0.0,0.0,0.0,0.0,0.0,0.0,0.0,0.0,0.0,0.0,0.0,0.0,0.0,0.0,0.0,0.0,0.0,0.0,0.0,0.0,0.0,0.0,0.0,0.0,0.0,0.0,0.0,0.0,0.0,0.0,0.0,0.0,0.0,0.0,0.0,0.0,0.0,0.0,0.0,0.0,0.0,0.0,0.0,0.0,0.0,0.0,0.0,0.0,0.0,0.0,0.0,0.0,0.0,0.0,0.0,0.0,0.0,0.0,0.0,0.0,0.0,0.0,0.0,0.0,0.0,0.0,0.0,0.0,0.0,0.0,0.0,0.0,0.0,0.0,0.0,0.0,0.0,0.0,0.0,0.0,0.0,0.0,0.0,0.0,0.0,0.0
2017-05-28 23:33:00+02:00,0.0,0.0,0.0,0.0,0.0,0.0,0.0,0.0,0.0,0.0,0.0,0.0,0.0,0.0,0.0,0.0,0.0,0.0,0.0,0.0,0.0,0.0,0.0,0.0,0.0,0.0,0.0,0.0,0.0,0.0,0.0,0.0,0.0,0.0,0.0,0.0,0.0,0.0,0.0,0.0,0.0,0.0,0.0,0.0,0.0,0.0,0.0,0.0,0.0,0.0,0.0,0.0,0.0,0.0,0.0,0.0,0.0,0.0,0.0,0.0,0.0,0.0,0.0,0.0,0.0,0.0,0.0,0.0,0.0,0.0,0.0,0.0,0.0,0.0,0.0,0.0,0.0,0.0,0.0,0.0,0.0,0.0,0.0,0.0,0.0,0.0,0.0,0.0,0.0,0.0,0.0,0.0,0.0,0.0,0.0,0.0,0.0,0.0,0.0,0.0,0.0,0.0,0.0,0.0,0.0,0.0,0.0,0.0,0.0,0.0,0.0,0.0,0.0,0.0,0.0,0.0,0.0,0.0
2017-05-28 23:34:00+02:00,0.0,0.0,0.0,0.0,0.0,0.0,0.0,0.0,0.0,0.0,0.0,0.0,0.0,0.0,0.0,0.0,0.0,0.0,0.0,0.0,0.0,0.0,0.0,0.0,0.0,0.0,0.0,0.0,0.0,0.0,0.0,0.0,0.0,0.0,0.0,0.0,0.0,0.0,0.0,0.0,0.0,0.0,0.0,0.0,0.0,0.0,0.0,0.0,0.0,0.0,0.0,0.0,0.0,0.0,0.0,0.0,0.0,0.0,0.0,0.0,0.0,0.0,0.0,0.0,0.0,0.0,0.0,0.0,0.0,0.0,0.0,0.0,0.0,0.0,0.0,0.0,0.0,0.0,0.0,0.0,0.0,0.0,0.0,0.0,0.0,0.0,0.0,0.0,0.0,0.0,0.0,0.0,0.0,0.0,0.0,0.0,0.0,0.0,0.0,0.0,0.0,0.0,0.0,0.0,0.0,0.0,0.0,0.0,0.0,0.0,0.0,0.0,0.0,0.0,0.0,0.0,0.0,0.0
2017-05-28 23:35:00+02:00,0.0,0.0,0.0,0.0,0.0,0.0,0.0,0.0,0.0,0.0,0.0,0.0,0.0,0.0,0.0,0.0,0.0,0.0,0.0,0.0,0.0,0.0,0.0,0.0,0.0,0.0,0.0,0.0,0.0,0.0,0.0,0.0,0.0,0.0,0.0,0.0,0.0,0.0,0.0,0.0,0.0,0.0,0.0,0.0,0.0,0.0,0.0,0.0,0.0,0.0,0.0,0.0,0.0,0.0,0.0,0.0,0.0,0.0,0.0,0.0,0.0,0.0,0.0,0.0,0.0,0.0,0.0,0.0,0.0,0.0,0.0,0.0,0.0,0.0,0.0,0.0,0.0,0.0,0.0,0.0,0.0,0.0,0.0,0.0,0.0,0.0,0.0,0.0,0.0,0.0,0.0,0.0,0.0,0.0,0.0,0.0,0.0,0.0,0.0,0.0,0.0,0.0,0.0,0.0,0.0,0.0,0.0,0.0,0.0,0.0,0.0,0.0,0.0,0.0,0.0,0.0,0.0,0.0
2017-05-28 23:36:00+02:00,0.0,0.0,0.0,0.0,0.0,0.0,0.0,0.0,0.0,0.0,0.0,0.0,0.0,0.0,0.0,0.0,0.0,0.0,0.0,0.0,0.0,0.0,0.0,0.0,0.0,0.0,0.0,0.0,0.0,0.0,0.0,0.0,0.0,0.0,0.0,0.0,0.0,0.0,0.0,0.0,0.0,0.0,0.0,0.0,0.0,0.0,0.0,0.0,0.0,0.0,0.0,0.0,0.0,0.0,0.0,0.0,0.0,0.0,0.0,0.0,0.0,0.0,0.0,0.0,0.0,0.0,0.0,0.0,0.0,0.0,0.0,0.0,0.0,0.0,0.0,0.0,0.0,0.0,0.0,0.0,0.0,0.0,0.0,0.0,0.0,0.0,0.0,0.0,0.0,0.0,0.0,0.0,0.0,0.0,0.0,0.0,0.0,0.0,0.0,0.0,0.0,0.0,0.0,0.0,0.0,0.0,0.0,0.0,0.0,0.0,0.0,0.0,0.0,0.0,0.0,0.0,0.0,0.0
2017-05-28 23:37:00+02:00,0.0,0.0,0.0,0.0,0.0,0.0,0.0,0.0,0.0,0.0,0.0,0.0,0.0,0.0,0.0,0.0,0.0,0.0,0.0,0.0,0.0,0.0,0.0,0.0,0.0,0.0,0.0,0.0,0.0,0.0,0.0,0.0,0.0,0.0,0.0,0.0,0.0,0.0,0.0,0.0,0.0,0.0,0.0,0.0,0.0,0.0,0.0,0.0,0.0,0.0,0.0,0.0,0.0,0.0,0.0,0.0,0.0,0.0,0.0,0.0,0.0,0.0,0.0,0.0,0.0,0.0,0.0,0.0,0.0,0.0,0.0,0.0,0.0,0.0,0.0,0.0,0.0,0.0,0.0,0.0,0.0,0.0,0.0,0.0,0.0,0.0,0.0,0.0,0.0,0.0,0.0,0.0,0.0,0.0,0.0,0.0,0.0,0.0,0.0,0.0,0.0,0.0,0.0,0.0,0.0,0.0,0.0,0.0,0.0,0.0,0.0,0.0,0.0,0.0,0.0,0.0,0.0,0.0
2017-05-28 23:38:00+02:00,0.0,0.0,0.0,0.0,0.0,0.0,0.0,0.0,0.0,0.0,0.0,0.0,0.0,0.0,0.0,0.0,0.0,0.0,0.0,0.0,0.0,0.0,0.0,0.0,0.0,0.0,0.0,0.0,0.0,0.0,0.0,0.0,0.0,0.0,0.0,0.0,0.0,0.0,0.0,0.0,0.0,0.0,0.0,0.0,0.0,0.0,0.0,0.0,0.0,0.0,0.0,0.0,0.0,0.0,0.0,0.0,0.0,0.0,0.0,0.0,0.0,0.0,0.0,0.0,0.0,0.0,0.0,0.0,0.0,0.0,0.0,0.0,0.0,0.0,0.0,0.0,0.0,0.0,0.0,0.0,0.0,0.0,0.0,0.0,0.0,0.0,0.0,0.0,0.0,0.0,0.0,0.0,0.0,0.0,0.0,0.0,0.0,0.0,0.0,0.0,0.0,0.0,0.0,0.0,0.0,0.0,0.0,0.0,0.0,0.0,0.0,0.0,0.0,0.0,0.0,0.0,0.0,0.0
2017-05-28 23:39:00+02:00,0.0,0.0,0.0,0.0,0.0,0.0,0.0,0.0,0.0,0.0,0.0,0.0,0.0,0.0,0.0,0.0,0.0,0.0,0.0,0.0,0.0,0.0,0.0,0.0,0.0,0.0,0.0,0.0,0.0,0.0,0.0,0.0,0.0,0.0,0.0,0.0,0.0,0.0,0.0,0.0,0.0,0.0,0.0,0.0,0.0,0.0,0.0,0.0,0.0,0.0,0.0,0.0,0.0,0.0,0.0,0.0,0.0,0.0,0.0,0.0,0.0,0.0,0.0,0.0,0.0,0.0,0.0,0.0,0.0,0.0,0.0,0.0,0.0,0.0,0.0,0.0,0.0,0.0,0.0,0.0,0.0,0.0,0.0,0.0,0.0,0.0,0.0,0.0,0.0,0.0,0.0,0.0,0.0,0.0,0.0,0.0,0.0,0.0,0.0,0.0,0.0,0.0,0.0,0.0,0.0,0.0,0.0,0.0,0.0,0.0,0.0,0.0,0.0,0.0,0.0,0.0,0.0,0.0
2017-05-28 23:40:00+02:00,0.0,0.0,0.0,0.0,0.0,0.0,0.0,0.0,0.0,0.0,0.0,0.0,0.0,0.0,0.0,0.0,0.0,0.0,0.0,0.0,0.0,0.0,0.0,0.0,0.0,0.0,0.0,0.0,0.0,0.0,0.0,0.0,0.0,0.0,0.0,0.0,0.0,0.0,0.0,0.0,0.0,0.0,0.0,0.0,0.0,0.0,0.0,0.0,0.0,0.0,0.0,0.0,0.0,0.0,0.0,0.0,0.0,0.0,0.0,0.0,0.0,0.0,0.0,0.0,0.0,0.0,0.0,0.0,0.0,0.0,0.0,0.0,0.0,0.0,0.0,0.0,0.0,0.0,0.0,0.0,0.0,0.0,0.0,0.0,0.0,0.0,0.0,0.0,0.0,0.0,0.0,0.0,0.0,0.0,0.0,0.0,0.0,0.0,0.0,0.0,0.0,0.0,0.0,0.0,0.0,0.0,0.0,0.0,0.0,0.0,0.0,0.0,0.0,0.0,0.0,0.0,0.0,0.0
2017-05-28 23:41:00+02:00,0.0,0.0,0.0,0.0,0.0,0.0,0.0,0.0,0.0,0.0,0.0,0.0,0.0,0.0,0.0,0.0,0.0,0.0,0.0,0.0,0.0,0.0,0.0,0.0,0.0,0.0,0.0,0.0,0.0,0.0,0.0,0.0,0.0,0.0,0.0,0.0,0.0,0.0,0.0,0.0,0.0,0.0,0.0,0.0,0.0,0.0,0.0,0.0,0.0,0.0,0.0,0.0,0.0,0.0,0.0,0.0,0.0,0.0,0.0,0.0,0.0,0.0,0.0,0.0,0.0,0.0,0.0,0.0,0.0,0.0,0.0,0.0,0.0,0.0,0.0,0.0,0.0,0.0,0.0,0.0,0.0,0.0,0.0,0.0,0.0,0.0,0.0,0.0,0.0,0.0,0.0,0.0,0.0,0.0,0.0,0.0,0.0,0.0,0.0,0.0,0.0,0.0,0.0,0.0,0.0,0.0,0.0,0.0,0.0,0.0,0.0,0.0,0.0,0.0,0.0,0.0,0.0,0.0
2017-05-28 23:42:00+02:00,0.0,0.0,0.0,0.0,0.0,0.0,0.0,0.0,0.0,0.0,0.0,0.0,0.0,0.0,0.0,0.0,0.0,0.0,0.0,0.0,0.0,0.0,0.0,0.0,0.0,0.0,0.0,0.0,0.0,0.0,0.0,0.0,0.0,0.0,0.0,0.0,0.0,0.0,0.0,0.0,0.0,0.0,0.0,0.0,0.0,0.0,0.0,0.0,0.0,0.0,0.0,0.0,0.0,0.0,0.0,0.0,0.0,0.0,0.0,0.0,0.0,0.0,0.0,0.0,0.0,0.0,0.0,0.0,0.0,0.0,0.0,0.0,0.0,0.0,0.0,0.0,0.0,0.0,0.0,0.0,0.0,0.0,0.0,0.0,0.0,0.0,0.0,0.0,0.0,0.0,0.0,0.0,0.0,0.0,0.0,0.0,0.0,0.0,0.0,0.0,0.0,0.0,0.0,0.0,0.0,0.0,0.0,0.0,0.0,0.0,0.0,0.0,0.0,0.0,0.0,0.0,0.0,0.0
2017-05-28 23:43:00+02:00,0.0,0.0,0.0,0.0,0.0,0.0,0.0,0.0,0.0,0.0,0.0,0.0,0.0,0.0,0.0,0.0,0.0,0.0,0.0,0.0,0.0,0.0,0.0,0.0,0.0,0.0,0.0,0.0,0.0,0.0,0.0,0.0,0.0,0.0,0.0,0.0,0.0,0.0,0.0,0.0,0.0,0.0,0.0,0.0,0.0,0.0,0.0,0.0,0.0,0.0,0.0,0.0,0.0,0.0,0.0,0.0,0.0,0.0,0.0,0.0,0.0,0.0,0.0,0.0,0.0,0.0,0.0,0.0,0.0,0.0,0.0,0.0,0.0,0.0,0.0,0.0,0.0,0.0,0.0,0.0,0.0,0.0,0.0,0.0,0.0,0.0,0.0,0.0,0.0,0.0,0.0,0.0,0.0,0.0,0.0,0.0,0.0,0.0,0.0,0.0,0.0,0.0,0.0,0.0,0.0,0.0,0.0,0.0,0.0,0.0,0.0,0.0,0.0,0.0,0.0,0.0,0.0,0.0
2017-05-28 23:44:00+02:00,0.0,0.0,0.0,0.0,0.0,0.0,0.0,0.0,0.0,0.0,0.0,0.0,0.0,0.0,0.0,0.0,0.0,0.0,0.0,0.0,0.0,0.0,0.0,0.0,0.0,0.0,0.0,0.0,0.0,0.0,0.0,0.0,0.0,0.0,0.0,0.0,0.0,0.0,0.0,0.0,0.0,0.0,0.0,0.0,0.0,0.0,0.0,0.0,0.0,0.0,0.0,0.0,0.0,0.0,0.0,0.0,0.0,0.0,0.0,0.0,0.0,0.0,0.0,0.0,0.0,0.0,0.0,0.0,0.0,0.0,0.0,0.0,0.0,0.0,0.0,0.0,0.0,0.0,0.0,0.0,0.0,0.0,0.0,0.0,0.0,0.0,0.0,0.0,0.0,0.0,0.0,0.0,0.0,0.0,0.0,0.0,0.0,0.0,0.0,0.0,0.0,0.0,0.0,0.0,0.0,0.0,0.0,0.0,0.0,0.0,0.0,0.0,0.0,0.0,0.0,0.0,0.0,0.0
2017-05-28 23:45:00+02:00,0.0,0.0,0.0,0.0,0.0,0.0,0.0,0.0,0.0,0.0,0.0,0.0,0.0,0.0,0.0,0.0,0.0,0.0,0.0,0.0,0.0,0.0,0.0,0.0,0.0,0.0,0.0,0.0,0.0,0.0,0.0,0.0,0.0,0.0,0.0,0.0,0.0,0.0,0.0,0.0,0.0,0.0,0.0,0.0,0.0,0.0,0.0,0.0,0.0,0.0,0.0,0.0,0.0,0.0,0.0,0.0,0.0,0.0,0.0,0.0,0.0,0.0,0.0,0.0,0.0,0.0,0.0,0.0,0.0,0.0,0.0,0.0,0.0,0.0,0.0,0.0,0.0,0.0,0.0,0.0,0.0,0.0,0.0,0.0,0.0,0.0,0.0,0.0,0.0,0.0,0.0,0.0,0.0,0.0,0.0,0.0,0.0,0.0,0.0,0.0,0.0,0.0,0.0,0.0,0.0,0.0,0.0,0.0,0.0,0.0,0.0,0.0,0.0,0.0,0.0,0.0,0.0,0.0
2017-05-28 23:46:00+02:00,0.0,0.0,0.0,0.0,0.0,0.0,0.0,0.0,0.0,0.0,0.0,0.0,0.0,0.0,0.0,0.0,0.0,0.0,0.0,0.0,0.0,0.0,0.0,0.0,0.0,0.0,0.0,0.0,0.0,0.0,0.0,0.0,0.0,0.0,0.0,0.0,0.0,0.0,0.0,0.0,0.0,0.0,0.0,0.0,0.0,0.0,0.0,0.0,0.0,0.0,0.0,0.0,0.0,0.0,0.0,0.0,0.0,0.0,0.0,0.0,0.0,0.0,0.0,0.0,0.0,0.0,0.0,0.0,0.0,0.0,0.0,0.0,0.0,0.0,0.0,0.0,0.0,0.0,0.0,0.0,0.0,0.0,0.0,0.0,0.0,0.0,0.0,0.0,0.0,0.0,0.0,0.0,0.0,0.0,0.0,0.0,0.0,0.0,0.0,0.0,0.0,0.0,0.0,0.0,0.0,0.0,0.0,0.0,0.0,0.0,0.0,0.0,0.0,0.0,0.0,0.0,0.0,0.0
2017-05-28 23:47:00+02:00,0.0,0.0,0.0,0.0,0.0,0.0,0.0,0.0,0.0,0.0,0.0,0.0,0.0,0.0,0.0,0.0,0.0,0.0,0.0,0.0,0.0,0.0,0.0,0.0,0.0,0.0,0.0,0.0,0.0,0.0,0.0,0.0,0.0,0.0,0.0,0.0,0.0,0.0,0.0,0.0,0.0,0.0,0.0,0.0,0.0,0.0,0.0,0.0,0.0,0.0,0.0,0.0,0.0,0.0,0.0,0.0,0.0,0.0,0.0,0.0,0.0,0.0,0.0,0.0,0.0,0.0,0.0,0.0,0.0,0.0,0.0,0.0,0.0,0.0,0.0,0.0,0.0,0.0,0.0,0.0,0.0,0.0,0.0,0.0,0.0,0.0,0.0,0.0,0.0,0.0,0.0,0.0,0.0,0.0,0.0,0.0,0.0,0.0,0.0,0.0,0.0,0.0,0.0,0.0,0.0,0.0,0.0,0.0,0.0,0.0,0.0,0.0,0.0,0.0,0.0,0.0,0.0,0.0
2017-05-28 23:48:00+02:00,0.0,0.0,0.0,0.0,0.0,0.0,0.0,0.0,0.0,0.0,0.0,0.0,0.0,0.0,0.0,0.0,0.0,0.0,0.0,0.0,0.0,0.0,0.0,0.0,0.0,0.0,0.0,0.0,0.0,0.0,0.0,0.0,0.0,0.0,0.0,0.0,0.0,0.0,0.0,0.0,0.0,0.0,0.0,0.0,0.0,0.0,0.0,0.0,0.0,0.0,0.0,0.0,0.0,0.0,0.0,0.0,0.0,0.0,0.0,0.0,0.0,0.0,0.0,0.0,0.0,0.0,0.0,0.0,0.0,0.0,0.0,0.0,0.0,0.0,0.0,0.0,0.0,0.0,0.0,0.0,0.0,0.0,0.0,0.0,0.0,0.0,0.0,0.0,0.0,0.0,0.0,0.0,0.0,0.0,0.0,0.0,0.0,0.0,0.0,0.0,0.0,0.0,0.0,0.0,0.0,0.0,0.0,0.0,0.0,0.0,0.0,0.0,0.0,0.0,0.0,0.0,0.0,0.0
2017-05-28 23:49:00+02:00,0.0,0.0,0.0,0.0,0.0,0.0,0.0,0.0,0.0,0.0,0.0,0.0,0.0,0.0,0.0,0.0,0.0,0.0,0.0,0.0,0.0,0.0,0.0,0.0,0.0,0.0,0.0,0.0,0.0,0.0,0.0,0.0,0.0,0.0,0.0,0.0,0.0,0.0,0.0,0.0,0.0,0.0,0.0,0.0,0.0,0.0,0.0,0.0,0.0,0.0,0.0,0.0,0.0,0.0,0.0,0.0,0.0,0.0,0.0,0.0,0.0,0.0,0.0,0.0,0.0,0.0,0.0,0.0,0.0,0.0,0.0,0.0,0.0,0.0,0.0,0.0,0.0,0.0,0.0,0.0,0.0,0.0,0.0,0.0,0.0,0.0,0.0,0.0,0.0,0.0,0.0,0.0,0.0,0.0,0.0,0.0,0.0,0.0,0.0,0.0,0.0,0.0,0.0,0.0,0.0,0.0,0.0,0.0,0.0,0.0,0.0,0.0,0.0,0.0,0.0,0.0,0.0,0.0
2017-05-28 23:50:00+02:00,0.0,0.0,0.0,0.0,0.0,0.0,0.0,0.0,0.0,0.0,0.0,0.0,0.0,0.0,0.0,0.0,0.0,0.0,0.0,0.0,0.0,0.0,0.0,0.0,0.0,0.0,0.0,0.0,0.0,0.0,0.0,0.0,0.0,0.0,0.0,0.0,0.0,0.0,0.0,0.0,0.0,0.0,0.0,0.0,0.0,0.0,0.0,0.0,0.0,0.0,0.0,0.0,0.0,0.0,0.0,0.0,0.0,0.0,0.0,0.0,0.0,0.0,0.0,0.0,0.0,0.0,0.0,0.0,0.0,0.0,0.0,0.0,0.0,0.0,0.0,0.0,0.0,0.0,0.0,0.0,0.0,0.0,0.0,0.0,0.0,0.0,0.0,0.0,0.0,0.0,0.0,0.0,0.0,0.0,0.0,0.0,0.0,0.0,0.0,0.0,0.0,0.0,0.0,0.0,0.0,0.0,0.0,0.0,0.0,0.0,0.0,0.0,0.0,0.0,0.0,0.0,0.0,0.0
2017-05-28 23:51:00+02:00,0.0,0.0,0.0,0.0,0.0,0.0,0.0,0.0,0.0,0.0,0.0,0.0,0.0,0.0,0.0,0.0,0.0,0.0,0.0,0.0,0.0,0.0,0.0,0.0,0.0,0.0,0.0,0.0,0.0,0.0,0.0,0.0,0.0,0.0,0.0,0.0,0.0,0.0,0.0,0.0,0.0,0.0,0.0,0.0,0.0,0.0,0.0,0.0,0.0,0.0,0.0,0.0,0.0,0.0,0.0,0.0,0.0,0.0,0.0,0.0,0.0,0.0,0.0,0.0,0.0,0.0,0.0,0.0,0.0,0.0,0.0,0.0,0.0,0.0,0.0,0.0,0.0,0.0,0.0,0.0,0.0,0.0,0.0,0.0,0.0,0.0,0.0,0.0,0.0,0.0,0.0,0.0,0.0,0.0,0.0,0.0,0.0,0.0,0.0,0.0,0.0,0.0,0.0,0.0,0.0,0.0,0.0,0.0,0.0,0.0,0.0,0.0,0.0,0.0,0.0,0.0,0.0,0.0
2017-05-28 23:52:00+02:00,0.0,0.0,0.0,0.0,0.0,0.0,0.0,0.0,0.0,0.0,0.0,0.0,0.0,0.0,0.0,0.0,0.0,0.0,0.0,0.0,0.0,0.0,0.0,0.0,0.0,0.0,0.0,0.0,0.0,0.0,0.0,0.0,0.0,0.0,0.0,0.0,0.0,0.0,0.0,0.0,0.0,0.0,0.0,0.0,0.0,0.0,0.0,0.0,0.0,0.0,0.0,0.0,0.0,0.0,0.0,0.0,0.0,0.0,0.0,0.0,0.0,0.0,0.0,0.0,0.0,0.0,0.0,0.0,0.0,0.0,0.0,0.0,0.0,0.0,0.0,0.0,0.0,0.0,0.0,0.0,0.0,0.0,0.0,0.0,0.0,0.0,0.0,0.0,0.0,0.0,0.0,0.0,0.0,0.0,0.0,0.0,0.0,0.0,0.0,0.0,0.0,0.0,0.0,0.0,0.0,0.0,0.0,0.0,0.0,0.0,0.0,0.0,0.0,0.0,0.0,0.0,0.0,0.0
2017-05-28 23:53:00+02:00,0.0,0.0,0.0,0.0,0.0,0.0,0.0,0.0,0.0,0.0,0.0,0.0,0.0,0.0,0.0,0.0,0.0,0.0,0.0,0.0,0.0,0.0,0.0,0.0,0.0,0.0,0.0,0.0,0.0,0.0,0.0,0.0,0.0,0.0,0.0,0.0,0.0,0.0,0.0,0.0,0.0,0.0,0.0,0.0,0.0,0.0,0.0,0.0,0.0,0.0,0.0,0.0,0.0,0.0,0.0,0.0,0.0,0.0,0.0,0.0,0.0,0.0,0.0,0.0,0.0,0.0,0.0,0.0,0.0,0.0,0.0,0.0,0.0,0.0,0.0,0.0,0.0,0.0,0.0,0.0,0.0,0.0,0.0,0.0,0.0,0.0,0.0,0.0,0.0,0.0,0.0,0.0,0.0,0.0,0.0,0.0,0.0,0.0,0.0,0.0,0.0,0.0,0.0,0.0,0.0,0.0,0.0,0.0,0.0,0.0,0.0,0.0,0.0,0.0,0.0,0.0,0.0,0.0
2017-05-28 23:54:00+02:00,0.0,0.0,0.0,0.0,0.0,0.0,0.0,0.0,0.0,0.0,0.0,0.0,0.0,0.0,0.0,0.0,0.0,0.0,0.0,0.0,0.0,0.0,0.0,0.0,0.0,0.0,0.0,0.0,0.0,0.0,0.0,0.0,0.0,0.0,0.0,0.0,0.0,0.0,0.0,0.0,0.0,0.0,0.0,0.0,0.0,0.0,0.0,0.0,0.0,0.0,0.0,0.0,0.0,0.0,0.0,0.0,0.0,0.0,0.0,0.0,0.0,0.0,0.0,0.0,0.0,0.0,0.0,0.0,0.0,0.0,0.0,0.0,0.0,0.0,0.0,0.0,0.0,0.0,0.0,0.0,0.0,0.0,0.0,0.0,0.0,0.0,0.0,0.0,0.0,0.0,0.0,0.0,0.0,0.0,0.0,0.0,0.0,0.0,0.0,0.0,0.0,0.0,0.0,0.0,0.0,0.0,0.0,0.0,0.0,0.0,0.0,0.0,0.0,0.0,0.0,0.0,0.0,0.0
2017-05-28 23:55:00+02:00,0.0,0.0,0.0,0.0,0.0,0.0,0.0,0.0,0.0,0.0,0.0,0.0,0.0,0.0,0.0,0.0,0.0,0.0,0.0,0.0,0.0,0.0,0.0,0.0,0.0,0.0,0.0,0.0,0.0,0.0,0.0,0.0,0.0,0.0,0.0,0.0,0.0,0.0,0.0,0.0,0.0,0.0,0.0,0.0,0.0,0.0,0.0,0.0,0.0,0.0,0.0,0.0,0.0,0.0,0.0,0.0,0.0,0.0,0.0,0.0,0.0,0.0,0.0,0.0,0.0,0.0,0.0,0.0,0.0,0.0,0.0,0.0,0.0,0.0,0.0,0.0,0.0,0.0,0.0,0.0,0.0,0.0,0.0,0.0,0.0,0.0,0.0,0.0,0.0,0.0,0.0,0.0,0.0,0.0,0.0,0.0,0.0,0.0,0.0,0.0,0.0,0.0,0.0,0.0,0.0,0.0,0.0,0.0,0.0,0.0,0.0,0.0,0.0,0.0,0.0,0.0,0.0,0.0
2017-05-28 23:56:00+02:00,0.0,0.0,0.0,0.0,0.0,0.0,0.0,0.0,0.0,0.0,0.0,0.0,0.0,0.0,0.0,0.0,0.0,0.0,0.0,0.0,0.0,0.0,0.0,0.0,0.0,0.0,0.0,0.0,0.0,0.0,0.0,0.0,0.0,0.0,0.0,0.0,0.0,0.0,0.0,0.0,0.0,0.0,0.0,0.0,0.0,0.0,0.0,0.0,0.0,0.0,0.0,0.0,0.0,0.0,0.0,0.0,0.0,0.0,0.0,0.0,0.0,0.0,0.0,0.0,0.0,0.0,0.0,0.0,0.0,0.0,0.0,0.0,0.0,0.0,0.0,0.0,0.0,0.0,0.0,0.0,0.0,0.0,0.0,0.0,0.0,0.0,0.0,0.0,0.0,0.0,0.0,0.0,0.0,0.0,0.0,0.0,0.0,0.0,0.0,0.0,0.0,0.0,0.0,0.0,0.0,0.0,0.0,0.0,0.0,0.0,0.0,0.0,0.0,0.0,0.0,0.0,0.0,0.0
2017-05-28 23:57:00+02:00,0.0,0.0,0.0,0.0,0.0,0.0,0.0,0.0,0.0,0.0,0.0,0.0,0.0,0.0,0.0,0.0,0.0,0.0,0.0,0.0,0.0,0.0,0.0,0.0,0.0,0.0,0.0,0.0,0.0,0.0,0.0,0.0,0.0,0.0,0.0,0.0,0.0,0.0,0.0,0.0,0.0,0.0,0.0,0.0,0.0,0.0,0.0,0.0,0.0,0.0,0.0,0.0,0.0,0.0,0.0,0.0,0.0,0.0,0.0,0.0,0.0,0.0,0.0,0.0,0.0,0.0,0.0,0.0,0.0,0.0,0.0,0.0,0.0,0.0,0.0,0.0,0.0,0.0,0.0,0.0,0.0,0.0,0.0,0.0,0.0,0.0,0.0,0.0,0.0,0.0,0.0,0.0,0.0,0.0,0.0,0.0,0.0,0.0,0.0,0.0,0.0,0.0,0.0,0.0,0.0,0.0,0.0,0.0,0.0,0.0,0.0,0.0,0.0,0.0,0.0,0.0,0.0,0.0
2017-05-28 23:58:00+02:00,0.0,0.0,0.0,0.0,0.0,0.0,0.0,0.0,0.0,0.0,0.0,0.0,0.0,0.0,0.0,0.0,0.0,0.0,0.0,0.0,0.0,0.0,0.0,0.0,0.0,0.0,0.0,0.0,0.0,0.0,0.0,0.0,0.0,0.0,0.0,0.0,0.0,0.0,0.0,0.0,0.0,0.0,0.0,0.0,0.0,0.0,0.0,0.0,0.0,0.0,0.0,0.0,0.0,0.0,0.0,0.0,0.0,0.0,0.0,0.0,0.0,0.0,0.0,0.0,0.0,0.0,0.0,0.0,0.0,0.0,0.0,0.0,0.0,0.0,0.0,0.0,0.0,0.0,0.0,0.0,0.0,0.0,0.0,0.0,0.0,0.0,0.0,0.0,0.0,0.0,0.0,0.0,0.0,0.0,0.0,0.0,0.0,0.0,0.0,0.0,0.0,0.0,0.0,0.0,0.0,0.0,0.0,0.0,0.0,0.0,0.0,0.0,0.0,0.0,0.0,0.0,0.0,0.0
2017-05-28 23:59:00+02:00,0.0,0.0,0.0,0.0,0.0,0.0,0.0,0.0,0.0,0.0,0.0,0.0,0.0,0.0,0.0,0.0,0.0,0.0,0.0,0.0,0.0,0.0,0.0,0.0,0.0,0.0,0.0,0.0,0.0,0.0,0.0,0.0,0.0,0.0,0.0,0.0,0.0,0.0,0.0,0.0,0.0,0.0,0.0,0.0,0.0,0.0,0.0,0.0,0.0,0.0,0.0,0.0,0.0,0.0,0.0,0.0,0.0,0.0,0.0,0.0,0.0,0.0,0.0,0.0,0.0,0.0,0.0,0.0,0.0,0.0,0.0,0.0,0.0,0.0,0.0,0.0,0.0,0.0,0.0,0.0,0.0,0.0,0.0,0.0,0.0,0.0,0.0,0.0,0.0,0.0,0.0,0.0,0.0,0.0,0.0,0.0,0.0,0.0,0.0,0.0,0.0,0.0,0.0,0.0,0.0,0.0,0.0,0.0,0.0,0.0,0.0,0.0,0.0,0.0,0.0,0.0,0.0,0.0
2017-05-29 00:00:00+02:00,0.0,0.0,0.0,0.0,0.0,0.0,0.0,0.0,0.0,0.0,0.0,0.0,0.0,0.0,0.0,0.0,0.0,0.0,0.0,0.0,0.0,0.0,0.0,0.0,0.0,0.0,0.0,0.0,0.0,0.0,0.0,0.0,0.0,0.0,0.0,0.0,0.0,0.0,0.0,0.0,0.0,0.0,0.0,0.0,0.0,0.0,0.0,0.0,0.0,0.0,0.0,0.0,0.0,0.0,0.0,0.0,0.0,0.0,0.0,0.0,0.0,0.0,0.0,0.0,0.0,0.0,0.0,0.0,0.0,0.0,0.0,0.0,0.0,0.0,0.0,0.0,0.0,0.0,0.0,0.0,0.0,0.0,0.0,0.0,0.0,0.0,0.0,0.0,0.0,0.0,0.0,0.0,0.0,0.0,0.0,0.0,0.0,0.0,0.0,0.0,0.0,0.0,0.0,0.0,0.0,0.0,0.0,0.0,0.0,0.0,0.0,0.0,0.0,0.0,0.0,0.0,0.0,0.0
2017-05-29 00:01:00+02:00,0.0,0.0,0.0,0.0,0.0,0.0,0.0,0.0,0.0,0.0,0.0,0.0,0.0,0.0,0.0,0.0,0.0,0.0,0.0,0.0,0.0,0.0,0.0,0.0,0.0,0.0,0.0,0.0,0.0,0.0,0.0,0.0,0.0,0.0,0.0,0.0,0.0,0.0,0.0,0.0,0.0,0.0,0.0,0.0,0.0,0.0,0.0,0.0,0.0,0.0,0.0,0.0,0.0,0.0,0.0,0.0,0.0,0.0,0.0,0.0,0.0,0.0,0.0,0.0,0.0,0.0,0.0,0.0,0.0,0.0,0.0,0.0,0.0,0.0,0.0,0.0,0.0,0.0,0.0,0.0,0.0,0.0,0.0,0.0,0.0,0.0,0.0,0.0,0.0,0.0,0.0,0.0,0.0,0.0,0.0,0.0,0.0,0.0,0.0,0.0,0.0,0.0,0.0,0.0,0.0,0.0,0.0,0.0,0.0,0.0,0.0,0.0,0.0,0.0,0.0,0.0,0.0,0.0
2017-05-29 00:02:00+02:00,0.0,0.0,0.0,0.0,0.0,0.0,0.0,0.0,0.0,0.0,0.0,0.0,0.0,0.0,0.0,0.0,0.0,0.0,0.0,0.0,0.0,0.0,0.0,0.0,0.0,0.0,0.0,0.0,0.0,0.0,0.0,0.0,0.0,0.0,0.0,0.0,0.0,0.0,0.0,0.0,0.0,0.0,0.0,0.0,0.0,0.0,0.0,0.0,0.0,0.0,0.0,0.0,0.0,0.0,0.0,0.0,0.0,0.0,0.0,0.0,0.0,0.0,0.0,0.0,0.0,0.0,0.0,0.0,0.0,0.0,0.0,0.0,0.0,0.0,0.0,0.0,0.0,0.0,0.0,0.0,0.0,0.0,0.0,0.0,0.0,0.0,0.0,0.0,0.0,0.0,0.0,0.0,0.0,0.0,0.0,0.0,0.0,0.0,0.0,0.0,0.0,0.0,0.0,0.0,0.0,0.0,0.0,0.0,0.0,0.0,0.0,0.0,0.0,0.0,0.0,0.0,0.0,0.0
2017-05-29 00:03:00+02:00,0.0,0.0,0.0,0.0,0.0,0.0,0.0,0.0,0.0,0.0,0.0,0.0,0.0,0.0,0.0,0.0,0.0,0.0,0.0,0.0,0.0,0.0,0.0,0.0,0.0,0.0,0.0,0.0,0.0,0.0,0.0,0.0,0.0,0.0,0.0,0.0,0.0,0.0,0.0,0.0,0.0,0.0,0.0,0.0,0.0,0.0,0.0,0.0,0.0,0.0,0.0,0.0,0.0,0.0,0.0,0.0,0.0,0.0,0.0,0.0,0.0,0.0,0.0,0.0,0.0,0.0,0.0,0.0,0.0,0.0,0.0,0.0,0.0,0.0,0.0,0.0,0.0,0.0,0.0,0.0,0.0,0.0,0.0,0.0,0.0,0.0,0.0,0.0,0.0,0.0,0.0,0.0,0.0,0.0,0.0,0.0,0.0,0.0,0.0,0.0,0.0,0.0,0.0,0.0,0.0,0.0,0.0,0.0,0.0,0.0,0.0,0.0,0.0,0.0,0.0,0.0,0.0,0.0
2017-05-29 00:04:00+02:00,0.0,0.0,0.0,0.0,0.0,0.0,0.0,0.0,0.0,0.0,0.0,0.0,0.0,0.0,0.0,0.0,0.0,0.0,0.0,0.0,0.0,0.0,0.0,0.0,0.0,0.0,0.0,0.0,0.0,0.0,0.0,0.0,0.0,0.0,0.0,0.0,0.0,0.0,0.0,0.0,0.0,0.0,0.0,0.0,0.0,0.0,0.0,0.0,0.0,0.0,0.0,0.0,0.0,0.0,0.0,0.0,0.0,0.0,0.0,0.0,0.0,0.0,0.0,0.0,0.0,0.0,0.0,0.0,0.0,0.0,0.0,0.0,0.0,0.0,0.0,0.0,0.0,0.0,0.0,0.0,0.0,0.0,0.0,0.0,0.0,0.0,0.0,0.0,0.0,0.0,0.0,0.0,0.0,0.0,0.0,0.0,0.0,0.0,0.0,0.0,0.0,0.0,0.0,0.0,0.0,0.0,0.0,0.0,0.0,0.0,0.0,0.0,0.0,0.0,0.0,0.0,0.0,0.0
2017-05-29 00:05:00+02:00,0.0,0.0,0.0,0.0,0.0,0.0,0.0,0.0,0.0,0.0,0.0,0.0,0.0,0.0,0.0,0.0,0.0,0.0,0.0,0.0,0.0,0.0,0.0,0.0,0.0,0.0,0.0,0.0,0.0,0.0,0.0,0.0,0.0,0.0,0.0,0.0,0.0,0.0,0.0,0.0,0.0,0.0,0.0,0.0,0.0,0.0,0.0,0.0,0.0,0.0,0.0,0.0,0.0,0.0,0.0,0.0,0.0,0.0,0.0,0.0,0.0,0.0,0.0,0.0,0.0,0.0,0.0,0.0,0.0,0.0,0.0,0.0,0.0,0.0,0.0,0.0,0.0,0.0,0.0,0.0,0.0,0.0,0.0,0.0,0.0,0.0,0.0,0.0,0.0,0.0,0.0,0.0,0.0,0.0,0.0,0.0,0.0,0.0,0.0,0.0,0.0,0.0,0.0,0.0,0.0,0.0,0.0,0.0,0.0,0.0,0.0,0.0,0.0,0.0,0.0,0.0,0.0,0.0
2017-05-29 00:06:00+02:00,0.0,0.0,0.0,0.0,0.0,0.0,0.0,0.0,0.0,0.0,0.0,0.0,0.0,0.0,0.0,0.0,0.0,0.0,0.0,0.0,0.0,0.0,0.0,0.0,0.0,0.0,0.0,0.0,0.0,0.0,0.0,0.0,0.0,0.0,0.0,0.0,0.0,0.0,0.0,0.0,0.0,0.0,0.0,0.0,0.0,0.0,0.0,0.0,0.0,0.0,0.0,0.0,0.0,0.0,0.0,0.0,0.0,0.0,0.0,0.0,0.0,0.0,0.0,0.0,0.0,0.0,0.0,0.0,0.0,0.0,0.0,0.0,0.0,0.0,0.0,0.0,0.0,0.0,0.0,0.0,0.0,0.0,0.0,0.0,0.0,0.0,0.0,0.0,0.0,0.0,0.0,0.0,0.0,0.0,0.0,0.0,0.0,0.0,0.0,0.0,0.0,0.0,0.0,0.0,0.0,0.0,0.0,0.0,0.0,0.0,0.0,0.0,0.0,0.0,0.0,0.0,0.0,0.0
2017-05-29 00:07:00+02:00,0.0,0.0,0.0,0.0,0.0,0.0,0.0,0.0,0.0,0.0,0.0,0.0,0.0,0.0,0.0,0.0,0.0,0.0,0.0,0.0,0.0,0.0,0.0,0.0,0.0,0.0,0.0,0.0,0.0,0.0,0.0,0.0,0.0,0.0,0.0,0.0,0.0,0.0,0.0,0.0,0.0,0.0,0.0,0.0,0.0,0.0,0.0,0.0,0.0,0.0,0.0,0.0,0.0,0.0,0.0,0.0,0.0,0.0,0.0,0.0,0.0,0.0,0.0,0.0,0.0,0.0,0.0,0.0,0.0,0.0,0.0,0.0,0.0,0.0,0.0,0.0,0.0,0.0,0.0,0.0,0.0,0.0,0.0,0.0,0.0,0.0,0.0,0.0,0.0,0.0,0.0,0.0,0.0,0.0,0.0,0.0,0.0,0.0,0.0,0.0,0.0,0.0,0.0,0.0,0.0,0.0,0.0,0.0,0.0,0.0,0.0,0.0,0.0,0.0,0.0,0.0,0.0,0.0
2017-05-29 00:08:00+02:00,0.0,0.0,0.0,0.0,0.0,0.0,0.0,0.0,0.0,0.0,0.0,0.0,0.0,0.0,0.0,0.0,0.0,0.0,0.0,0.0,0.0,0.0,0.0,0.0,0.0,0.0,0.0,0.0,0.0,0.0,0.0,0.0,0.0,0.0,0.0,0.0,0.0,0.0,0.0,0.0,0.0,0.0,0.0,0.0,0.0,0.0,0.0,0.0,0.0,0.0,0.0,0.0,0.0,0.0,0.0,0.0,0.0,0.0,0.0,0.0,0.0,0.0,0.0,0.0,0.0,0.0,0.0,0.0,0.0,0.0,0.0,0.0,0.0,0.0,0.0,0.0,0.0,0.0,0.0,0.0,0.0,0.0,0.0,0.0,0.0,0.0,0.0,0.0,0.0,0.0,0.0,0.0,0.0,0.0,0.0,0.0,0.0,0.0,0.0,0.0,0.0,0.0,0.0,0.0,0.0,0.0,0.0,0.0,0.0,0.0,0.0,0.0,0.0,0.0,0.0,0.0,0.0,0.0
2017-05-29 00:09:00+02:00,0.0,0.0,0.0,0.0,0.0,0.0,0.0,0.0,0.0,0.0,0.0,0.0,0.0,0.0,0.0,0.0,0.0,0.0,0.0,0.0,0.0,0.0,0.0,0.0,0.0,0.0,0.0,0.0,0.0,0.0,0.0,0.0,0.0,0.0,0.0,0.0,0.0,0.0,0.0,0.0,0.0,0.0,0.0,0.0,0.0,0.0,0.0,0.0,0.0,0.0,0.0,0.0,0.0,0.0,0.0,0.0,0.0,0.0,0.0,0.0,0.0,0.0,0.0,0.0,0.0,0.0,0.0,0.0,0.0,0.0,0.0,0.0,0.0,0.0,0.0,0.0,0.0,0.0,0.0,0.0,0.0,0.0,0.0,0.0,0.0,0.0,0.0,0.0,0.0,0.0,0.0,0.0,0.0,0.0,0.0,0.0,0.0,0.0,0.0,0.0,0.0,0.0,0.0,0.0,0.0,0.0,0.0,0.0,0.0,0.0,0.0,0.0,0.0,0.0,0.0,0.0,0.0,0.0
2017-05-29 00:10:00+02:00,0.0,0.0,0.0,0.0,0.0,0.0,0.0,0.0,0.0,0.0,0.0,0.0,0.0,0.0,0.0,0.0,0.0,0.0,0.0,0.0,0.0,0.0,0.0,0.0,0.0,0.0,0.0,0.0,0.0,0.0,0.0,0.0,0.0,0.0,0.0,0.0,0.0,0.0,0.0,0.0,0.0,0.0,0.0,0.0,0.0,0.0,0.0,0.0,0.0,0.0,0.0,0.0,0.0,0.0,0.0,0.0,0.0,0.0,0.0,0.0,0.0,0.0,0.0,0.0,0.0,0.0,0.0,0.0,0.0,0.0,0.0,0.0,0.0,0.0,0.0,0.0,0.0,0.0,0.0,0.0,0.0,0.0,0.0,0.0,0.0,0.0,0.0,0.0,0.0,0.0,0.0,0.0,0.0,0.0,0.0,0.0,0.0,0.0,0.0,0.0,0.0,0.0,0.0,0.0,0.0,0.0,0.0,0.0,0.0,0.0,0.0,0.0,0.0,0.0,0.0,0.0,0.0,0.0
2017-05-29 00:11:00+02:00,0.0,0.0,0.0,0.0,0.0,0.0,0.0,0.0,0.0,0.0,0.0,0.0,0.0,0.0,0.0,0.0,0.0,0.0,0.0,0.0,0.0,0.0,0.0,0.0,0.0,0.0,0.0,0.0,0.0,0.0,0.0,0.0,0.0,0.0,0.0,0.0,0.0,0.0,0.0,0.0,0.0,0.0,0.0,0.0,0.0,0.0,0.0,0.0,0.0,0.0,0.0,0.0,0.0,0.0,0.0,0.0,0.0,0.0,0.0,0.0,0.0,0.0,0.0,0.0,0.0,0.0,0.0,0.0,0.0,0.0,0.0,0.0,0.0,0.0,0.0,0.0,0.0,0.0,0.0,0.0,0.0,0.0,0.0,0.0,0.0,0.0,0.0,0.0,0.0,0.0,0.0,0.0,0.0,0.0,0.0,0.0,0.0,0.0,0.0,0.0,0.0,0.0,0.0,0.0,0.0,0.0,0.0,0.0,0.0,0.0,0.0,0.0,0.0,0.0,0.0,0.0,0.0,0.0
2017-05-29 00:12:00+02:00,0.0,0.0,0.0,0.0,0.0,0.0,0.0,0.0,0.0,0.0,0.0,0.0,0.0,0.0,0.0,0.0,0.0,0.0,0.0,0.0,0.0,0.0,0.0,0.0,0.0,0.0,0.0,0.0,0.0,0.0,0.0,0.0,0.0,0.0,0.0,0.0,0.0,0.0,0.0,0.0,0.0,0.0,0.0,0.0,0.0,0.0,0.0,0.0,0.0,0.0,0.0,0.0,0.0,0.0,0.0,0.0,0.0,0.0,0.0,0.0,0.0,0.0,0.0,0.0,0.0,0.0,0.0,0.0,0.0,0.0,0.0,0.0,0.0,0.0,0.0,0.0,0.0,0.0,0.0,0.0,0.0,0.0,0.0,0.0,0.0,0.0,0.0,0.0,0.0,0.0,0.0,0.0,0.0,0.0,0.0,0.0,0.0,0.0,0.0,0.0,0.0,0.0,0.0,0.0,0.0,0.0,0.0,0.0,0.0,0.0,0.0,0.0,0.0,0.0,0.0,0.0,0.0,0.0
2017-05-29 00:13:00+02:00,0.0,0.0,0.0,0.0,0.0,0.0,0.0,0.0,0.0,0.0,0.0,0.0,0.0,0.0,0.0,0.0,0.0,0.0,0.0,0.0,0.0,0.0,0.0,0.0,0.0,0.0,0.0,0.0,0.0,0.0,0.0,0.0,0.0,0.0,0.0,0.0,0.0,0.0,0.0,0.0,0.0,0.0,0.0,0.0,0.0,0.0,0.0,0.0,0.0,0.0,0.0,0.0,0.0,0.0,0.0,0.0,0.0,0.0,0.0,0.0,0.0,0.0,0.0,0.0,0.0,0.0,0.0,0.0,0.0,0.0,0.0,0.0,0.0,0.0,0.0,0.0,0.0,0.0,0.0,0.0,0.0,0.0,0.0,0.0,0.0,0.0,0.0,0.0,0.0,0.0,0.0,0.0,0.0,0.0,0.0,0.0,0.0,0.0,0.0,0.0,0.0,0.0,0.0,0.0,0.0,0.0,0.0,0.0,0.0,0.0,0.0,0.0,0.0,0.0,0.0,0.0,0.0,0.0
2017-05-29 00:14:00+02:00,0.0,0.0,0.0,0.0,0.0,0.0,0.0,0.0,0.0,0.0,0.0,0.0,0.0,0.0,0.0,0.0,0.0,0.0,0.0,0.0,0.0,0.0,0.0,0.0,0.0,0.0,0.0,0.0,0.0,0.0,0.0,0.0,0.0,0.0,0.0,0.0,0.0,0.0,0.0,0.0,0.0,0.0,0.0,0.0,0.0,0.0,0.0,0.0,0.0,0.0,0.0,0.0,0.0,0.0,0.0,0.0,0.0,0.0,0.0,0.0,0.0,0.0,0.0,0.0,0.0,0.0,0.0,0.0,0.0,0.0,0.0,0.0,0.0,0.0,0.0,0.0,0.0,0.0,0.0,0.0,0.0,0.0,0.0,0.0,0.0,0.0,0.0,0.0,0.0,0.0,0.0,0.0,0.0,0.0,0.0,0.0,0.0,0.0,0.0,0.0,0.0,0.0,0.0,0.0,0.0,0.0,0.0,0.0,0.0,0.0,0.0,0.0,0.0,0.0,0.0,0.0,0.0,0.0
2017-05-29 00:15:00+02:00,0.0,0.0,0.0,0.0,0.0,0.0,0.0,0.0,0.0,0.0,0.0,0.0,0.0,0.0,0.0,0.0,0.0,0.0,0.0,0.0,0.0,0.0,0.0,0.0,0.0,0.0,0.0,0.0,0.0,0.0,0.0,0.0,0.0,0.0,0.0,0.0,0.0,0.0,0.0,0.0,0.0,0.0,0.0,0.0,0.0,0.0,0.0,0.0,0.0,0.0,0.0,0.0,0.0,0.0,0.0,0.0,0.0,0.0,0.0,0.0,0.0,0.0,0.0,0.0,0.0,0.0,0.0,0.0,0.0,0.0,0.0,0.0,0.0,0.0,0.0,0.0,0.0,0.0,0.0,0.0,0.0,0.0,0.0,0.0,0.0,0.0,0.0,0.0,0.0,0.0,0.0,0.0,0.0,0.0,0.0,0.0,0.0,0.0,0.0,0.0,0.0,0.0,0.0,0.0,0.0,0.0,0.0,0.0,0.0,0.0,0.0,0.0,0.0,0.0,0.0,0.0,0.0,0.0
2017-05-29 00:16:00+02:00,0.0,0.0,0.0,0.0,0.0,0.0,0.0,0.0,0.0,0.0,0.0,0.0,0.0,0.0,0.0,0.0,0.0,0.0,0.0,0.0,0.0,0.0,0.0,0.0,0.0,0.0,0.0,0.0,0.0,0.0,0.0,0.0,0.0,0.0,0.0,0.0,0.0,0.0,0.0,0.0,0.0,0.0,0.0,0.0,0.0,0.0,0.0,0.0,0.0,0.0,0.0,0.0,0.0,0.0,0.0,0.0,0.0,0.0,0.0,0.0,0.0,0.0,0.0,0.0,0.0,0.0,0.0,0.0,0.0,0.0,0.0,0.0,0.0,0.0,0.0,0.0,0.0,0.0,0.0,0.0,0.0,0.0,0.0,0.0,0.0,0.0,0.0,0.0,0.0,0.0,0.0,0.0,0.0,0.0,0.0,0.0,0.0,0.0,0.0,0.0,0.0,0.0,0.0,0.0,0.0,0.0,0.0,0.0,0.0,0.0,0.0,0.0,0.0,0.0,0.0,0.0,0.0,0.0
2017-05-29 00:17:00+02:00,0.0,0.0,0.0,0.0,0.0,0.0,0.0,0.0,0.0,0.0,0.0,0.0,0.0,0.0,0.0,0.0,0.0,0.0,0.0,0.0,0.0,0.0,0.0,0.0,0.0,0.0,0.0,0.0,0.0,0.0,0.0,0.0,0.0,0.0,0.0,0.0,0.0,0.0,0.0,0.0,0.0,0.0,0.0,0.0,0.0,0.0,0.0,0.0,0.0,0.0,0.0,0.0,0.0,0.0,0.0,0.0,0.0,0.0,0.0,0.0,0.0,0.0,0.0,0.0,0.0,0.0,0.0,0.0,0.0,0.0,0.0,0.0,0.0,0.0,0.0,0.0,0.0,0.0,0.0,0.0,0.0,0.0,0.0,0.0,0.0,0.0,0.0,0.0,0.0,0.0,0.0,0.0,0.0,0.0,0.0,0.0,0.0,0.0,0.0,0.0,0.0,0.0,0.0,0.0,0.0,0.0,0.0,0.0,0.0,0.0,0.0,0.0,0.0,0.0,0.0,0.0,0.0,0.0
2017-05-29 00:18:00+02:00,0.0,0.0,0.0,0.0,0.0,0.0,0.0,0.0,0.0,0.0,0.0,0.0,0.0,0.0,0.0,0.0,0.0,0.0,0.0,0.0,0.0,0.0,0.0,0.0,0.0,0.0,0.0,0.0,0.0,0.0,0.0,0.0,0.0,0.0,0.0,0.0,0.0,0.0,0.0,0.0,0.0,0.0,0.0,0.0,0.0,0.0,0.0,0.0,0.0,0.0,0.0,0.0,0.0,0.0,0.0,0.0,0.0,0.0,0.0,0.0,0.0,0.0,0.0,0.0,0.0,0.0,0.0,0.0,0.0,0.0,0.0,0.0,0.0,0.0,0.0,0.0,0.0,0.0,0.0,0.0,0.0,0.0,0.0,0.0,0.0,0.0,0.0,0.0,0.0,0.0,0.0,0.0,0.0,0.0,0.0,0.0,0.0,0.0,0.0,0.0,0.0,0.0,0.0,0.0,0.0,0.0,0.0,0.0,0.0,0.0,0.0,0.0,0.0,0.0,0.0,0.0,0.0,0.0
2017-05-29 00:19:00+02:00,0.0,0.0,0.0,0.0,0.0,0.0,0.0,0.0,0.0,0.0,0.0,0.0,0.0,0.0,0.0,0.0,0.0,0.0,0.0,0.0,0.0,0.0,0.0,0.0,0.0,0.0,0.0,0.0,0.0,0.0,0.0,0.0,0.0,0.0,0.0,0.0,0.0,0.0,0.0,0.0,0.0,0.0,0.0,0.0,0.0,0.0,0.0,0.0,0.0,0.0,0.0,0.0,0.0,0.0,0.0,0.0,0.0,0.0,0.0,0.0,0.0,0.0,0.0,0.0,0.0,0.0,0.0,0.0,0.0,0.0,0.0,0.0,0.0,0.0,0.0,0.0,0.0,0.0,0.0,0.0,0.0,0.0,0.0,0.0,0.0,0.0,0.0,0.0,0.0,0.0,0.0,0.0,0.0,0.0,0.0,0.0,0.0,0.0,0.0,0.0,0.0,0.0,0.0,0.0,0.0,0.0,0.0,0.0,0.0,0.0,0.0,0.0,0.0,0.0,0.0,0.0,0.0,0.0
2017-05-29 00:20:00+02:00,0.0,0.0,0.0,0.0,0.0,0.0,0.0,0.0,0.0,0.0,0.0,0.0,0.0,0.0,0.0,0.0,0.0,0.0,0.0,0.0,0.0,0.0,0.0,0.0,0.0,0.0,0.0,0.0,0.0,0.0,0.0,0.0,0.0,0.0,0.0,0.0,0.0,0.0,0.0,0.0,0.0,0.0,0.0,0.0,0.0,0.0,0.0,0.0,0.0,0.0,0.0,0.0,0.0,0.0,0.0,0.0,0.0,0.0,0.0,0.0,0.0,0.0,0.0,0.0,0.0,0.0,0.0,0.0,0.0,0.0,0.0,0.0,0.0,0.0,0.0,0.0,0.0,0.0,0.0,0.0,0.0,0.0,0.0,0.0,0.0,0.0,0.0,0.0,0.0,0.0,0.0,0.0,0.0,0.0,0.0,0.0,0.0,0.0,0.0,0.0,0.0,0.0,0.0,0.0,0.0,0.0,0.0,0.0,0.0,0.0,0.0,0.0,0.0,0.0,0.0,0.0,0.0,0.0
2017-05-29 00:21:00+02:00,0.0,0.0,0.0,0.0,0.0,0.0,0.0,0.0,0.0,0.0,0.0,0.0,0.0,0.0,0.0,0.0,0.0,0.0,0.0,0.0,0.0,0.0,0.0,0.0,0.0,0.0,0.0,0.0,0.0,0.0,0.0,0.0,0.0,0.0,0.0,0.0,0.0,0.0,0.0,0.0,0.0,0.0,0.0,0.0,0.0,0.0,0.0,0.0,0.0,0.0,0.0,0.0,0.0,0.0,0.0,0.0,0.0,0.0,0.0,0.0,0.0,0.0,0.0,0.0,0.0,0.0,0.0,0.0,0.0,0.0,0.0,0.0,0.0,0.0,0.0,0.0,0.0,0.0,0.0,0.0,0.0,0.0,0.0,0.0,0.0,0.0,0.0,0.0,0.0,0.0,0.0,0.0,0.0,0.0,0.0,0.0,0.0,0.0,0.0,0.0,0.0,0.0,0.0,0.0,0.0,0.0,0.0,0.0,0.0,0.0,0.0,0.0,0.0,0.0,0.0,0.0,0.0,0.0
2017-05-29 00:22:00+02:00,0.0,0.0,0.0,0.0,0.0,0.0,0.0,0.0,0.0,0.0,0.0,0.0,0.0,0.0,0.0,0.0,0.0,0.0,0.0,0.0,0.0,0.0,0.0,0.0,0.0,0.0,0.0,0.0,0.0,0.0,0.0,0.0,0.0,0.0,0.0,0.0,0.0,0.0,0.0,0.0,0.0,0.0,0.0,0.0,0.0,0.0,0.0,0.0,0.0,0.0,0.0,0.0,0.0,0.0,0.0,0.0,0.0,0.0,0.0,0.0,0.0,0.0,0.0,0.0,0.0,0.0,0.0,0.0,0.0,0.0,0.0,0.0,0.0,0.0,0.0,0.0,0.0,0.0,0.0,0.0,0.0,0.0,0.0,0.0,0.0,0.0,0.0,0.0,0.0,0.0,0.0,0.0,0.0,0.0,0.0,0.0,0.0,0.0,0.0,0.0,0.0,0.0,0.0,0.0,0.0,0.0,0.0,0.0,0.0,0.0,0.0,0.0,0.0,0.0,0.0,0.0,0.0,0.0
2017-05-29 00:23:00+02:00,0.0,0.0,0.0,0.0,0.0,0.0,0.0,0.0,0.0,0.0,0.0,0.0,0.0,0.0,0.0,0.0,0.0,0.0,0.0,0.0,0.0,0.0,0.0,0.0,0.0,0.0,0.0,0.0,0.0,0.0,0.0,0.0,0.0,0.0,0.0,0.0,0.0,0.0,0.0,0.0,0.0,0.0,0.0,0.0,0.0,0.0,0.0,0.0,0.0,0.0,0.0,0.0,0.0,0.0,0.0,0.0,0.0,0.0,0.0,0.0,0.0,0.0,0.0,0.0,0.0,0.0,0.0,0.0,0.0,0.0,0.0,0.0,0.0,0.0,0.0,0.0,0.0,0.0,0.0,0.0,0.0,0.0,0.0,0.0,0.0,0.0,0.0,0.0,0.0,0.0,0.0,0.0,0.0,0.0,0.0,0.0,0.0,0.0,0.0,0.0,0.0,0.0,0.0,0.0,0.0,0.0,0.0,0.0,0.0,0.0,0.0,0.0,0.0,0.0,0.0,0.0,0.0,0.0
2017-05-29 00:24:00+02:00,0.0,0.0,0.0,0.0,0.0,0.0,0.0,0.0,0.0,0.0,0.0,0.0,0.0,0.0,0.0,0.0,0.0,0.0,0.0,0.0,0.0,0.0,0.0,0.0,0.0,0.0,0.0,0.0,0.0,0.0,0.0,0.0,0.0,0.0,0.0,0.0,0.0,0.0,0.0,0.0,0.0,0.0,0.0,0.0,0.0,0.0,0.0,0.0,0.0,0.0,0.0,0.0,0.0,0.0,0.0,0.0,0.0,0.0,0.0,0.0,0.0,0.0,0.0,0.0,0.0,0.0,0.0,0.0,0.0,0.0,0.0,0.0,0.0,0.0,0.0,0.0,0.0,0.0,0.0,0.0,0.0,0.0,0.0,0.0,0.0,0.0,0.0,0.0,0.0,0.0,0.0,0.0,0.0,0.0,0.0,0.0,0.0,0.0,0.0,0.0,0.0,0.0,0.0,0.0,0.0,0.0,0.0,0.0,0.0,0.0,0.0,0.0,0.0,0.0,0.0,0.0,0.0,0.0
2017-05-29 00:25:00+02:00,0.0,0.0,0.0,0.0,0.0,0.0,0.0,0.0,0.0,0.0,0.0,0.0,0.0,0.0,0.0,0.0,0.0,0.0,0.0,0.0,0.0,0.0,0.0,0.0,0.0,0.0,0.0,0.0,0.0,0.0,0.0,0.0,0.0,0.0,0.0,0.0,0.0,0.0,0.0,0.0,0.0,0.0,0.0,0.0,0.0,0.0,0.0,0.0,0.0,0.0,0.0,0.0,0.0,0.0,0.0,0.0,0.0,0.0,0.0,0.0,0.0,0.0,0.0,0.0,0.0,0.0,0.0,0.0,0.0,0.0,0.0,0.0,0.0,0.0,0.0,0.0,0.0,0.0,0.0,0.0,0.0,0.0,0.0,0.0,0.0,0.0,0.0,0.0,0.0,0.0,0.0,0.0,0.0,0.0,0.0,0.0,0.0,0.0,0.0,0.0,0.0,0.0,0.0,0.0,0.0,0.0,0.0,0.0,0.0,0.0,0.0,0.0,0.0,0.0,0.0,0.0,0.0,0.0
2017-05-29 00:26:00+02:00,0.0,0.0,0.0,0.0,0.0,0.0,0.0,0.0,0.0,0.0,0.0,0.0,0.0,0.0,0.0,0.0,0.0,0.0,0.0,0.0,0.0,0.0,0.0,0.0,0.0,0.0,0.0,0.0,0.0,0.0,0.0,0.0,0.0,0.0,0.0,0.0,0.0,0.0,0.0,0.0,0.0,0.0,0.0,0.0,0.0,0.0,0.0,0.0,0.0,0.0,0.0,0.0,0.0,0.0,0.0,0.0,0.0,0.0,0.0,0.0,0.0,0.0,0.0,0.0,0.0,0.0,0.0,0.0,0.0,0.0,0.0,0.0,0.0,0.0,0.0,0.0,0.0,0.0,0.0,0.0,0.0,0.0,0.0,0.0,0.0,0.0,0.0,0.0,0.0,0.0,0.0,0.0,0.0,0.0,0.0,0.0,0.0,0.0,0.0,0.0,0.0,0.0,0.0,0.0,0.0,0.0,0.0,0.0,0.0,0.0,0.0,0.0,0.0,0.0,0.0,0.0,0.0,0.0
2017-05-29 00:27:00+02:00,0.0,0.0,0.0,0.0,0.0,0.0,0.0,0.0,0.0,0.0,0.0,0.0,0.0,0.0,0.0,0.0,0.0,0.0,0.0,0.0,0.0,0.0,0.0,0.0,0.0,0.0,0.0,0.0,0.0,0.0,0.0,0.0,0.0,0.0,0.0,0.0,0.0,0.0,0.0,0.0,0.0,0.0,0.0,0.0,0.0,0.0,0.0,0.0,0.0,0.0,0.0,0.0,0.0,0.0,0.0,0.0,0.0,0.0,0.0,0.0,0.0,0.0,0.0,0.0,0.0,0.0,0.0,0.0,0.0,0.0,0.0,0.0,0.0,0.0,0.0,0.0,0.0,0.0,0.0,0.0,0.0,0.0,0.0,0.0,0.0,0.0,0.0,0.0,0.0,0.0,0.0,0.0,0.0,0.0,0.0,0.0,0.0,0.0,0.0,0.0,0.0,0.0,0.0,0.0,0.0,0.0,0.0,0.0,0.0,0.0,0.0,0.0,0.0,0.0,0.0,0.0,0.0,0.0
2017-05-29 00:28:00+02:00,0.0,0.0,0.0,0.0,0.0,0.0,0.0,0.0,0.0,0.0,0.0,0.0,0.0,0.0,0.0,0.0,0.0,0.0,0.0,0.0,0.0,0.0,0.0,0.0,0.0,0.0,0.0,0.0,0.0,0.0,0.0,0.0,0.0,0.0,0.0,0.0,0.0,0.0,0.0,0.0,0.0,0.0,0.0,0.0,0.0,0.0,0.0,0.0,0.0,0.0,0.0,0.0,0.0,0.0,0.0,0.0,0.0,0.0,0.0,0.0,0.0,0.0,0.0,0.0,0.0,0.0,0.0,0.0,0.0,0.0,0.0,0.0,0.0,0.0,0.0,0.0,0.0,0.0,0.0,0.0,0.0,0.0,0.0,0.0,0.0,0.0,0.0,0.0,0.0,0.0,0.0,0.0,0.0,0.0,0.0,0.0,0.0,0.0,0.0,0.0,0.0,0.0,0.0,0.0,0.0,0.0,0.0,0.0,0.0,0.0,0.0,0.0,0.0,0.0,0.0,0.0,0.0,0.0
2017-05-29 00:29:00+02:00,0.0,0.0,0.0,0.0,0.0,0.0,0.0,0.0,0.0,0.0,0.0,0.0,0.0,0.0,0.0,0.0,0.0,0.0,0.0,0.0,0.0,0.0,0.0,0.0,0.0,0.0,0.0,0.0,0.0,0.0,0.0,0.0,0.0,0.0,0.0,0.0,0.0,0.0,0.0,0.0,0.0,0.0,0.0,0.0,0.0,0.0,0.0,0.0,0.0,0.0,0.0,0.0,0.0,0.0,0.0,0.0,0.0,0.0,0.0,0.0,0.0,0.0,0.0,0.0,0.0,0.0,0.0,0.0,0.0,0.0,0.0,0.0,0.0,0.0,0.0,0.0,0.0,0.0,0.0,0.0,0.0,0.0,0.0,0.0,0.0,0.0,0.0,0.0,0.0,0.0,0.0,0.0,0.0,0.0,0.0,0.0,0.0,0.0,0.0,0.0,0.0,0.0,0.0,0.0,0.0,0.0,0.0,0.0,0.0,0.0,0.0,0.0,0.0,0.0,0.0,0.0,0.0,0.0
2017-05-29 00:30:00+02:00,0.0,0.0,0.0,0.0,0.0,0.0,0.0,0.0,0.0,0.0,0.0,0.0,0.0,0.0,0.0,0.0,0.0,0.0,0.0,0.0,0.0,0.0,0.0,0.0,0.0,0.0,0.0,0.0,0.0,0.0,0.0,0.0,0.0,0.0,0.0,0.0,0.0,0.0,0.0,0.0,0.0,0.0,0.0,0.0,0.0,0.0,0.0,0.0,0.0,0.0,0.0,0.0,0.0,0.0,0.0,0.0,0.0,0.0,0.0,0.0,0.0,0.0,0.0,0.0,0.0,0.0,0.0,0.0,0.0,0.0,0.0,0.0,0.0,0.0,0.0,0.0,0.0,0.0,0.0,0.0,0.0,0.0,0.0,0.0,0.0,0.0,0.0,0.0,0.0,0.0,0.0,0.0,0.0,0.0,0.0,0.0,0.0,0.0,0.0,0.0,0.0,0.0,0.0,0.0,0.0,0.0,0.0,0.0,0.0,0.0,0.0,0.0,0.0,0.0,0.0,0.0,0.0,0.0
2017-05-29 00:31:00+02:00,0.0,0.0,0.0,0.0,0.0,0.0,0.0,0.0,0.0,0.0,0.0,0.0,0.0,0.0,0.0,0.0,0.0,0.0,0.0,0.0,0.0,0.0,0.0,0.0,0.0,0.0,0.0,0.0,0.0,0.0,0.0,0.0,0.0,0.0,0.0,0.0,0.0,0.0,0.0,0.0,0.0,0.0,0.0,0.0,0.0,0.0,0.0,0.0,0.0,0.0,0.0,0.0,0.0,0.0,0.0,0.0,0.0,0.0,0.0,0.0,0.0,0.0,0.0,0.0,0.0,0.0,0.0,0.0,0.0,0.0,0.0,0.0,0.0,0.0,0.0,0.0,0.0,0.0,0.0,0.0,0.0,0.0,0.0,0.0,0.0,0.0,0.0,0.0,0.0,0.0,0.0,0.0,0.0,0.0,0.0,0.0,0.0,0.0,0.0,0.0,0.0,0.0,0.0,0.0,0.0,0.0,0.0,0.0,0.0,0.0,0.0,0.0,0.0,0.0,0.0,0.0,0.0,0.0
2017-05-29 00:32:00+02:00,0.0,0.0,0.0,0.0,0.0,0.0,0.0,0.0,0.0,0.0,0.0,0.0,0.0,0.0,0.0,0.0,0.0,0.0,0.0,0.0,0.0,0.0,0.0,0.0,0.0,0.0,0.0,0.0,0.0,0.0,0.0,0.0,0.0,0.0,0.0,0.0,0.0,0.0,0.0,0.0,0.0,0.0,0.0,0.0,0.0,0.0,0.0,0.0,0.0,0.0,0.0,0.0,0.0,0.0,0.0,0.0,0.0,0.0,0.0,0.0,0.0,0.0,0.0,0.0,0.0,0.0,0.0,0.0,0.0,0.0,0.0,0.0,0.0,0.0,0.0,0.0,0.0,0.0,0.0,0.0,0.0,0.0,0.0,0.0,0.0,0.0,0.0,0.0,0.0,0.0,0.0,0.0,0.0,0.0,0.0,0.0,0.0,0.0,0.0,0.0,0.0,0.0,0.0,0.0,0.0,0.0,0.0,0.0,0.0,0.0,0.0,0.0,0.0,0.0,0.0,0.0,0.0,0.0
2017-05-29 00:33:00+02:00,0.0,0.0,0.0,0.0,0.0,0.0,0.0,0.0,0.0,0.0,0.0,0.0,0.0,0.0,0.0,0.0,0.0,0.0,0.0,0.0,0.0,0.0,0.0,0.0,0.0,0.0,0.0,0.0,0.0,0.0,0.0,0.0,0.0,0.0,0.0,0.0,0.0,0.0,0.0,0.0,0.0,0.0,0.0,0.0,0.0,0.0,0.0,0.0,0.0,0.0,0.0,0.0,0.0,0.0,0.0,0.0,0.0,0.0,0.0,0.0,0.0,0.0,0.0,0.0,0.0,0.0,0.0,0.0,0.0,0.0,0.0,0.0,0.0,0.0,0.0,0.0,0.0,0.0,0.0,0.0,0.0,0.0,0.0,0.0,0.0,0.0,0.0,0.0,0.0,0.0,0.0,0.0,0.0,0.0,0.0,0.0,0.0,0.0,0.0,0.0,0.0,0.0,0.0,0.0,0.0,0.0,0.0,0.0,0.0,0.0,0.0,0.0,0.0,0.0,0.0,0.0,0.0,0.0
2017-05-29 00:34:00+02:00,0.0,0.0,0.0,0.0,0.0,0.0,0.0,0.0,0.0,0.0,0.0,0.0,0.0,0.0,0.0,0.0,0.0,0.0,0.0,0.0,0.0,0.0,0.0,0.0,0.0,0.0,0.0,0.0,0.0,0.0,0.0,0.0,0.0,0.0,0.0,0.0,0.0,0.0,0.0,0.0,0.0,0.0,0.0,0.0,0.0,0.0,0.0,0.0,0.0,0.0,0.0,0.0,0.0,0.0,0.0,0.0,0.0,0.0,0.0,0.0,0.0,0.0,0.0,0.0,0.0,0.0,0.0,0.0,0.0,0.0,0.0,0.0,0.0,0.0,0.0,0.0,0.0,0.0,0.0,0.0,0.0,0.0,0.0,0.0,0.0,0.0,0.0,0.0,0.0,0.0,0.0,0.0,0.0,0.0,0.0,0.0,0.0,0.0,0.0,0.0,0.0,0.0,0.0,0.0,0.0,0.0,0.0,0.0,0.0,0.0,0.0,0.0,0.0,0.0,0.0,0.0,0.0,0.0
2017-05-29 00:35:00+02:00,0.0,0.0,0.0,0.0,0.0,0.0,0.0,0.0,0.0,0.0,0.0,0.0,0.0,0.0,0.0,0.0,0.0,0.0,0.0,0.0,0.0,0.0,0.0,0.0,0.0,0.0,0.0,0.0,0.0,0.0,0.0,0.0,0.0,0.0,0.0,0.0,0.0,0.0,0.0,0.0,0.0,0.0,0.0,0.0,0.0,0.0,0.0,0.0,0.0,0.0,0.0,0.0,0.0,0.0,0.0,0.0,0.0,0.0,0.0,0.0,0.0,0.0,0.0,0.0,0.0,0.0,0.0,0.0,0.0,0.0,0.0,0.0,0.0,0.0,0.0,0.0,0.0,0.0,0.0,0.0,0.0,0.0,0.0,0.0,0.0,0.0,0.0,0.0,0.0,0.0,0.0,0.0,0.0,0.0,0.0,0.0,0.0,0.0,0.0,0.0,0.0,0.0,0.0,0.0,0.0,0.0,0.0,0.0,0.0,0.0,0.0,0.0,0.0,0.0,0.0,0.0,0.0,0.0
2017-05-29 00:36:00+02:00,0.0,0.0,0.0,0.0,0.0,0.0,0.0,0.0,0.0,0.0,0.0,0.0,0.0,0.0,0.0,0.0,0.0,0.0,0.0,0.0,0.0,0.0,0.0,0.0,0.0,0.0,0.0,0.0,0.0,0.0,0.0,0.0,0.0,0.0,0.0,0.0,0.0,0.0,0.0,0.0,0.0,0.0,0.0,0.0,0.0,0.0,0.0,0.0,0.0,0.0,0.0,0.0,0.0,0.0,0.0,0.0,0.0,0.0,0.0,0.0,0.0,0.0,0.0,0.0,0.0,0.0,0.0,0.0,0.0,0.0,0.0,0.0,0.0,0.0,0.0,0.0,0.0,0.0,0.0,0.0,0.0,0.0,0.0,0.0,0.0,0.0,0.0,0.0,0.0,0.0,0.0,0.0,0.0,0.0,0.0,0.0,0.0,0.0,0.0,0.0,0.0,0.0,0.0,0.0,0.0,0.0,0.0,0.0,0.0,0.0,0.0,0.0,0.0,0.0,0.0,0.0,0.0,0.0
2017-05-29 00:37:00+02:00,0.0,0.0,0.0,0.0,0.0,0.0,0.0,0.0,0.0,0.0,0.0,0.0,0.0,0.0,0.0,0.0,0.0,0.0,0.0,0.0,0.0,0.0,0.0,0.0,0.0,0.0,0.0,0.0,0.0,0.0,0.0,0.0,0.0,0.0,0.0,0.0,0.0,0.0,0.0,0.0,0.0,0.0,0.0,0.0,0.0,0.0,0.0,0.0,0.0,0.0,0.0,0.0,0.0,0.0,0.0,0.0,0.0,0.0,0.0,0.0,0.0,0.0,0.0,0.0,0.0,0.0,0.0,0.0,0.0,0.0,0.0,0.0,0.0,0.0,0.0,0.0,0.0,0.0,0.0,0.0,0.0,0.0,0.0,0.0,0.0,0.0,0.0,0.0,0.0,0.0,0.0,0.0,0.0,0.0,0.0,0.0,0.0,0.0,0.0,0.0,0.0,0.0,0.0,0.0,0.0,0.0,0.0,0.0,0.0,0.0,0.0,0.0,0.0,0.0,0.0,0.0,0.0,0.0
2017-05-29 00:38:00+02:00,0.0,0.0,0.0,0.0,0.0,0.0,0.0,0.0,0.0,0.0,0.0,0.0,0.0,0.0,0.0,0.0,0.0,0.0,0.0,0.0,0.0,0.0,0.0,0.0,0.0,0.0,0.0,0.0,0.0,0.0,0.0,0.0,0.0,0.0,0.0,0.0,0.0,0.0,0.0,0.0,0.0,0.0,0.0,0.0,0.0,0.0,0.0,0.0,0.0,0.0,0.0,0.0,0.0,0.0,0.0,0.0,0.0,0.0,0.0,0.0,0.0,0.0,0.0,0.0,0.0,0.0,0.0,0.0,0.0,0.0,0.0,0.0,0.0,0.0,0.0,0.0,0.0,0.0,0.0,0.0,0.0,0.0,0.0,0.0,0.0,0.0,0.0,0.0,0.0,0.0,0.0,0.0,0.0,0.0,0.0,0.0,0.0,0.0,0.0,0.0,0.0,0.0,0.0,0.0,0.0,0.0,0.0,0.0,0.0,0.0,0.0,0.0,0.0,0.0,0.0,0.0,0.0,0.0
2017-05-29 00:39:00+02:00,0.0,0.0,0.0,0.0,0.0,0.0,0.0,0.0,0.0,0.0,0.0,0.0,0.0,0.0,0.0,0.0,0.0,0.0,0.0,0.0,0.0,0.0,0.0,0.0,0.0,0.0,0.0,0.0,0.0,0.0,0.0,0.0,0.0,0.0,0.0,0.0,0.0,0.0,0.0,0.0,0.0,0.0,0.0,0.0,0.0,0.0,0.0,0.0,0.0,0.0,0.0,0.0,0.0,0.0,0.0,0.0,0.0,0.0,0.0,0.0,0.0,0.0,0.0,0.0,0.0,0.0,0.0,0.0,0.0,0.0,0.0,0.0,0.0,0.0,0.0,0.0,0.0,0.0,0.0,0.0,0.0,0.0,0.0,0.0,0.0,0.0,0.0,0.0,0.0,0.0,0.0,0.0,0.0,0.0,0.0,0.0,0.0,0.0,0.0,0.0,0.0,0.0,0.0,0.0,0.0,0.0,0.0,0.0,0.0,0.0,0.0,0.0,0.0,0.0,0.0,0.0,0.0,0.0
2017-05-29 00:40:00+02:00,0.0,0.0,0.0,0.0,0.0,0.0,0.0,0.0,0.0,0.0,0.0,0.0,0.0,0.0,0.0,0.0,0.0,0.0,0.0,0.0,0.0,0.0,0.0,0.0,0.0,0.0,0.0,0.0,0.0,0.0,0.0,0.0,0.0,0.0,0.0,0.0,0.0,0.0,0.0,0.0,0.0,0.0,0.0,0.0,0.0,0.0,0.0,0.0,0.0,0.0,0.0,0.0,0.0,0.0,0.0,0.0,0.0,0.0,0.0,0.0,0.0,0.0,0.0,0.0,0.0,0.0,0.0,0.0,0.0,0.0,0.0,0.0,0.0,0.0,0.0,0.0,0.0,0.0,0.0,0.0,0.0,0.0,0.0,0.0,0.0,0.0,0.0,0.0,0.0,0.0,0.0,0.0,0.0,0.0,0.0,0.0,0.0,0.0,0.0,0.0,0.0,0.0,0.0,0.0,0.0,0.0,0.0,0.0,0.0,0.0,0.0,0.0,0.0,0.0,0.0,0.0,0.0,0.0
2017-05-29 00:41:00+02:00,0.0,0.0,0.0,0.0,0.0,0.0,0.0,0.0,0.0,0.0,0.0,0.0,0.0,0.0,0.0,0.0,0.0,0.0,0.0,0.0,0.0,0.0,0.0,0.0,0.0,0.0,0.0,0.0,0.0,0.0,0.0,0.0,0.0,0.0,0.0,0.0,0.0,0.0,0.0,0.0,0.0,0.0,0.0,0.0,0.0,0.0,0.0,0.0,0.0,0.0,0.0,0.0,0.0,0.0,0.0,0.0,0.0,0.0,0.0,0.0,0.0,0.0,0.0,0.0,0.0,0.0,0.0,0.0,0.0,0.0,0.0,0.0,0.0,0.0,0.0,0.0,0.0,0.0,0.0,0.0,0.0,0.0,0.0,0.0,0.0,0.0,0.0,0.0,0.0,0.0,0.0,0.0,0.0,0.0,0.0,0.0,0.0,0.0,0.0,0.0,0.0,0.0,0.0,0.0,0.0,0.0,0.0,0.0,0.0,0.0,0.0,0.0,0.0,0.0,0.0,0.0,0.0,0.0
2017-05-29 00:42:00+02:00,0.0,0.0,0.0,0.0,0.0,0.0,0.0,0.0,0.0,0.0,0.0,0.0,0.0,0.0,0.0,0.0,0.0,0.0,0.0,0.0,0.0,0.0,0.0,0.0,0.0,0.0,0.0,0.0,0.0,0.0,0.0,0.0,0.0,0.0,0.0,0.0,0.0,0.0,0.0,0.0,0.0,0.0,0.0,0.0,0.0,0.0,0.0,0.0,0.0,0.0,0.0,0.0,0.0,0.0,0.0,0.0,0.0,0.0,0.0,0.0,0.0,0.0,0.0,0.0,0.0,0.0,0.0,0.0,0.0,0.0,0.0,0.0,0.0,0.0,0.0,0.0,0.0,0.0,0.0,0.0,0.0,0.0,0.0,0.0,0.0,0.0,0.0,0.0,0.0,0.0,0.0,0.0,0.0,0.0,0.0,0.0,0.0,0.0,0.0,0.0,0.0,0.0,0.0,0.0,0.0,0.0,0.0,0.0,0.0,0.0,0.0,0.0,0.0,0.0,0.0,0.0,0.0,0.0
2017-05-29 00:43:00+02:00,0.0,0.0,0.0,0.0,0.0,0.0,0.0,0.0,0.0,0.0,0.0,0.0,0.0,0.0,0.0,0.0,0.0,0.0,0.0,0.0,0.0,0.0,0.0,0.0,0.0,0.0,0.0,0.0,0.0,0.0,0.0,0.0,0.0,0.0,0.0,0.0,0.0,0.0,0.0,0.0,0.0,0.0,0.0,0.0,0.0,0.0,0.0,0.0,0.0,0.0,0.0,0.0,0.0,0.0,0.0,0.0,0.0,0.0,0.0,0.0,0.0,0.0,0.0,0.0,0.0,0.0,0.0,0.0,0.0,0.0,0.0,0.0,0.0,0.0,0.0,0.0,0.0,0.0,0.0,0.0,0.0,0.0,0.0,0.0,0.0,0.0,0.0,0.0,0.0,0.0,0.0,0.0,0.0,0.0,0.0,0.0,0.0,0.0,0.0,0.0,0.0,0.0,0.0,0.0,0.0,0.0,0.0,0.0,0.0,0.0,0.0,0.0,0.0,0.0,0.0,0.0,0.0,0.0
2017-05-29 00:44:00+02:00,0.0,0.0,0.0,0.0,0.0,0.0,0.0,0.0,0.0,0.0,0.0,0.0,0.0,0.0,0.0,0.0,0.0,0.0,0.0,0.0,0.0,0.0,0.0,0.0,0.0,0.0,0.0,0.0,0.0,0.0,0.0,0.0,0.0,0.0,0.0,0.0,0.0,0.0,0.0,0.0,0.0,0.0,0.0,0.0,0.0,0.0,0.0,0.0,0.0,0.0,0.0,0.0,0.0,0.0,0.0,0.0,0.0,0.0,0.0,0.0,0.0,0.0,0.0,0.0,0.0,0.0,0.0,0.0,0.0,0.0,0.0,0.0,0.0,0.0,0.0,0.0,0.0,0.0,0.0,0.0,0.0,0.0,0.0,0.0,0.0,0.0,0.0,0.0,0.0,0.0,0.0,0.0,0.0,0.0,0.0,0.0,0.0,0.0,0.0,0.0,0.0,0.0,0.0,0.0,0.0,0.0,0.0,0.0,0.0,0.0,0.0,0.0,0.0,0.0,0.0,0.0,0.0,0.0
2017-05-29 00:45:00+02:00,0.0,0.0,0.0,0.0,0.0,0.0,0.0,0.0,0.0,0.0,0.0,0.0,0.0,0.0,0.0,0.0,0.0,0.0,0.0,0.0,0.0,0.0,0.0,0.0,0.0,0.0,0.0,0.0,0.0,0.0,0.0,0.0,0.0,0.0,0.0,0.0,0.0,0.0,0.0,0.0,0.0,0.0,0.0,0.0,0.0,0.0,0.0,0.0,0.0,0.0,0.0,0.0,0.0,0.0,0.0,0.0,0.0,0.0,0.0,0.0,0.0,0.0,0.0,0.0,0.0,0.0,0.0,0.0,0.0,0.0,0.0,0.0,0.0,0.0,0.0,0.0,0.0,0.0,0.0,0.0,0.0,0.0,0.0,0.0,0.0,0.0,0.0,0.0,0.0,0.0,0.0,0.0,0.0,0.0,0.0,0.0,0.0,0.0,0.0,0.0,0.0,0.0,0.0,0.0,0.0,0.0,0.0,0.0,0.0,0.0,0.0,0.0,0.0,0.0,0.0,0.0,0.0,0.0
2017-05-29 00:46:00+02:00,0.0,0.0,0.0,0.0,0.0,0.0,0.0,0.0,0.0,0.0,0.0,0.0,0.0,0.0,0.0,0.0,0.0,0.0,0.0,0.0,0.0,0.0,0.0,0.0,0.0,0.0,0.0,0.0,0.0,0.0,0.0,0.0,0.0,0.0,0.0,0.0,0.0,0.0,0.0,0.0,0.0,0.0,0.0,0.0,0.0,0.0,0.0,0.0,0.0,0.0,0.0,0.0,0.0,0.0,0.0,0.0,0.0,0.0,0.0,0.0,0.0,0.0,0.0,0.0,0.0,0.0,0.0,0.0,0.0,0.0,0.0,0.0,0.0,0.0,0.0,0.0,0.0,0.0,0.0,0.0,0.0,0.0,0.0,0.0,0.0,0.0,0.0,0.0,0.0,0.0,0.0,0.0,0.0,0.0,0.0,0.0,0.0,0.0,0.0,0.0,0.0,0.0,0.0,0.0,0.0,0.0,0.0,0.0,0.0,0.0,0.0,0.0,0.0,0.0,0.0,0.0,0.0,0.0
2017-05-29 00:47:00+02:00,0.0,0.0,0.0,0.0,0.0,0.0,0.0,0.0,0.0,0.0,0.0,0.0,0.0,0.0,0.0,0.0,0.0,0.0,0.0,0.0,0.0,0.0,0.0,0.0,0.0,0.0,0.0,0.0,0.0,0.0,0.0,0.0,0.0,0.0,0.0,0.0,0.0,0.0,0.0,0.0,0.0,0.0,0.0,0.0,0.0,0.0,0.0,0.0,0.0,0.0,0.0,0.0,0.0,0.0,0.0,0.0,0.0,0.0,0.0,0.0,0.0,0.0,0.0,0.0,0.0,0.0,0.0,0.0,0.0,0.0,0.0,0.0,0.0,0.0,0.0,0.0,0.0,0.0,0.0,0.0,0.0,0.0,0.0,0.0,0.0,0.0,0.0,0.0,0.0,0.0,0.0,0.0,0.0,0.0,0.0,0.0,0.0,0.0,0.0,0.0,0.0,0.0,0.0,0.0,0.0,0.0,0.0,0.0,0.0,0.0,0.0,0.0,0.0,0.0,0.0,0.0,0.0,0.0
2017-05-29 00:48:00+02:00,0.0,0.0,0.0,0.0,0.0,0.0,0.0,0.0,0.0,0.0,0.0,0.0,0.0,0.0,0.0,0.0,0.0,0.0,0.0,0.0,0.0,0.0,0.0,0.0,0.0,0.0,0.0,0.0,0.0,0.0,0.0,0.0,0.0,0.0,0.0,0.0,0.0,0.0,0.0,0.0,0.0,0.0,0.0,0.0,0.0,0.0,0.0,0.0,0.0,0.0,0.0,0.0,0.0,0.0,0.0,0.0,0.0,0.0,0.0,0.0,0.0,0.0,0.0,0.0,0.0,0.0,0.0,0.0,0.0,0.0,0.0,0.0,0.0,0.0,0.0,0.0,0.0,0.0,0.0,0.0,0.0,0.0,0.0,0.0,0.0,0.0,0.0,0.0,0.0,0.0,0.0,0.0,0.0,0.0,0.0,0.0,0.0,0.0,0.0,0.0,0.0,0.0,0.0,0.0,0.0,0.0,0.0,0.0,0.0,0.0,0.0,0.0,0.0,0.0,0.0,0.0,0.0,0.0
2017-05-29 00:49:00+02:00,0.0,0.0,0.0,0.0,0.0,0.0,0.0,0.0,0.0,0.0,0.0,0.0,0.0,0.0,0.0,0.0,0.0,0.0,0.0,0.0,0.0,0.0,0.0,0.0,0.0,0.0,0.0,0.0,0.0,0.0,0.0,0.0,0.0,0.0,0.0,0.0,0.0,0.0,0.0,0.0,0.0,0.0,0.0,0.0,0.0,0.0,0.0,0.0,0.0,0.0,0.0,0.0,0.0,0.0,0.0,0.0,0.0,0.0,0.0,0.0,0.0,0.0,0.0,0.0,0.0,0.0,0.0,0.0,0.0,0.0,0.0,0.0,0.0,0.0,0.0,0.0,0.0,0.0,0.0,0.0,0.0,0.0,0.0,0.0,0.0,0.0,0.0,0.0,0.0,0.0,0.0,0.0,0.0,0.0,0.0,0.0,0.0,0.0,0.0,0.0,0.0,0.0,0.0,0.0,0.0,0.0,0.0,0.0,0.0,0.0,0.0,0.0,0.0,0.0,0.0,0.0,0.0,0.0
2017-05-29 00:50:00+02:00,0.0,0.0,0.0,0.0,0.0,0.0,0.0,0.0,0.0,0.0,0.0,0.0,0.0,0.0,0.0,0.0,0.0,0.0,0.0,0.0,0.0,0.0,0.0,0.0,0.0,0.0,0.0,0.0,0.0,0.0,0.0,0.0,0.0,0.0,0.0,0.0,0.0,0.0,0.0,0.0,0.0,0.0,0.0,0.0,0.0,0.0,0.0,0.0,0.0,0.0,0.0,0.0,0.0,0.0,0.0,0.0,0.0,0.0,0.0,0.0,0.0,0.0,0.0,0.0,0.0,0.0,0.0,0.0,0.0,0.0,0.0,0.0,0.0,0.0,0.0,0.0,0.0,0.0,0.0,0.0,0.0,0.0,0.0,0.0,0.0,0.0,0.0,0.0,0.0,0.0,0.0,0.0,0.0,0.0,0.0,0.0,0.0,0.0,0.0,0.0,0.0,0.0,0.0,0.0,0.0,0.0,0.0,0.0,0.0,0.0,0.0,0.0,0.0,0.0,0.0,0.0,0.0,0.0
2017-05-29 00:51:00+02:00,0.0,0.0,0.0,0.0,0.0,0.0,0.0,0.0,0.0,0.0,0.0,0.0,0.0,0.0,0.0,0.0,0.0,0.0,0.0,0.0,0.0,0.0,0.0,0.0,0.0,0.0,0.0,0.0,0.0,0.0,0.0,0.0,0.0,0.0,0.0,0.0,0.0,0.0,0.0,0.0,0.0,0.0,0.0,0.0,0.0,0.0,0.0,0.0,0.0,0.0,0.0,0.0,0.0,0.0,0.0,0.0,0.0,0.0,0.0,0.0,0.0,0.0,0.0,0.0,0.0,0.0,0.0,0.0,0.0,0.0,0.0,0.0,0.0,0.0,0.0,0.0,0.0,0.0,0.0,0.0,0.0,0.0,0.0,0.0,0.0,0.0,0.0,0.0,0.0,0.0,0.0,0.0,0.0,0.0,0.0,0.0,0.0,0.0,0.0,0.0,0.0,0.0,0.0,0.0,0.0,0.0,0.0,0.0,0.0,0.0,0.0,0.0,0.0,0.0,0.0,0.0,0.0,0.0
2017-05-29 00:52:00+02:00,0.0,0.0,0.0,0.0,0.0,0.0,0.0,0.0,0.0,0.0,0.0,0.0,0.0,0.0,0.0,0.0,0.0,0.0,0.0,0.0,0.0,0.0,0.0,0.0,0.0,0.0,0.0,0.0,0.0,0.0,0.0,0.0,0.0,0.0,0.0,0.0,0.0,0.0,0.0,0.0,0.0,0.0,0.0,0.0,0.0,0.0,0.0,0.0,0.0,0.0,0.0,0.0,0.0,0.0,0.0,0.0,0.0,0.0,0.0,0.0,0.0,0.0,0.0,0.0,0.0,0.0,0.0,0.0,0.0,0.0,0.0,0.0,0.0,0.0,0.0,0.0,0.0,0.0,0.0,0.0,0.0,0.0,0.0,0.0,0.0,0.0,0.0,0.0,0.0,0.0,0.0,0.0,0.0,0.0,0.0,0.0,0.0,0.0,0.0,0.0,0.0,0.0,0.0,0.0,0.0,0.0,0.0,0.0,0.0,0.0,0.0,0.0,0.0,0.0,0.0,0.0,0.0,0.0
2017-05-29 00:53:00+02:00,0.0,0.0,0.0,0.0,0.0,0.0,0.0,0.0,0.0,0.0,0.0,0.0,0.0,0.0,0.0,0.0,0.0,0.0,0.0,0.0,0.0,0.0,0.0,0.0,0.0,0.0,0.0,0.0,0.0,0.0,0.0,0.0,0.0,0.0,0.0,0.0,0.0,0.0,0.0,0.0,0.0,0.0,0.0,0.0,0.0,0.0,0.0,0.0,0.0,0.0,0.0,0.0,0.0,0.0,0.0,0.0,0.0,0.0,0.0,0.0,0.0,0.0,0.0,0.0,0.0,0.0,0.0,0.0,0.0,0.0,0.0,0.0,0.0,0.0,0.0,0.0,0.0,0.0,0.0,0.0,0.0,0.0,0.0,0.0,0.0,0.0,0.0,0.0,0.0,0.0,0.0,0.0,0.0,0.0,0.0,0.0,0.0,0.0,0.0,0.0,0.0,0.0,0.0,0.0,0.0,0.0,0.0,0.0,0.0,0.0,0.0,0.0,0.0,0.0,0.0,0.0,0.0,0.0
2017-05-29 00:54:00+02:00,0.0,0.0,0.0,0.0,0.0,0.0,0.0,0.0,0.0,0.0,0.0,0.0,0.0,0.0,0.0,0.0,0.0,0.0,0.0,0.0,0.0,0.0,0.0,0.0,0.0,0.0,0.0,0.0,0.0,0.0,0.0,0.0,0.0,0.0,0.0,0.0,0.0,0.0,0.0,0.0,0.0,0.0,0.0,0.0,0.0,0.0,0.0,0.0,0.0,0.0,0.0,0.0,0.0,0.0,0.0,0.0,0.0,0.0,0.0,0.0,0.0,0.0,0.0,0.0,0.0,0.0,0.0,0.0,0.0,0.0,0.0,0.0,0.0,0.0,0.0,0.0,0.0,0.0,0.0,0.0,0.0,0.0,0.0,0.0,0.0,0.0,0.0,0.0,0.0,0.0,0.0,0.0,0.0,0.0,0.0,0.0,0.0,0.0,0.0,0.0,0.0,0.0,0.0,0.0,0.0,0.0,0.0,0.0,0.0,0.0,0.0,0.0,0.0,0.0,0.0,0.0,0.0,0.0
2017-05-29 00:55:00+02:00,0.0,0.0,0.0,0.0,0.0,0.0,0.0,0.0,0.0,0.0,0.0,0.0,0.0,0.0,0.0,0.0,0.0,0.0,0.0,0.0,0.0,0.0,0.0,0.0,0.0,0.0,0.0,0.0,0.0,0.0,0.0,0.0,0.0,0.0,0.0,0.0,0.0,0.0,0.0,0.0,0.0,0.0,0.0,0.0,0.0,0.0,0.0,0.0,0.0,0.0,0.0,0.0,0.0,0.0,0.0,0.0,0.0,0.0,0.0,0.0,0.0,0.0,0.0,0.0,0.0,0.0,0.0,0.0,0.0,0.0,0.0,0.0,0.0,0.0,0.0,0.0,0.0,0.0,0.0,0.0,0.0,0.0,0.0,0.0,0.0,0.0,0.0,0.0,0.0,0.0,0.0,0.0,0.0,0.0,0.0,0.0,0.0,0.0,0.0,0.0,0.0,0.0,0.0,0.0,0.0,0.0,0.0,0.0,0.0,0.0,0.0,0.0,0.0,0.0,0.0,0.0,0.0,0.0
2017-05-29 00:56:00+02:00,0.0,0.0,0.0,0.0,0.0,0.0,0.0,0.0,0.0,0.0,0.0,0.0,0.0,0.0,0.0,0.0,0.0,0.0,0.0,0.0,0.0,0.0,0.0,0.0,0.0,0.0,0.0,0.0,0.0,0.0,0.0,0.0,0.0,0.0,0.0,0.0,0.0,0.0,0.0,0.0,0.0,0.0,0.0,0.0,0.0,0.0,0.0,0.0,0.0,0.0,0.0,0.0,0.0,0.0,0.0,0.0,0.0,0.0,0.0,0.0,0.0,0.0,0.0,0.0,0.0,0.0,0.0,0.0,0.0,0.0,0.0,0.0,0.0,0.0,0.0,0.0,0.0,0.0,0.0,0.0,0.0,0.0,0.0,0.0,0.0,0.0,0.0,0.0,0.0,0.0,0.0,0.0,0.0,0.0,0.0,0.0,0.0,0.0,0.0,0.0,0.0,0.0,0.0,0.0,0.0,0.0,0.0,0.0,0.0,0.0,0.0,0.0,0.0,0.0,0.0,0.0,0.0,0.0
2017-05-29 00:57:00+02:00,0.0,0.0,0.0,0.0,0.0,0.0,0.0,0.0,0.0,0.0,0.0,0.0,0.0,0.0,0.0,0.0,0.0,0.0,0.0,0.0,0.0,0.0,0.0,0.0,0.0,0.0,0.0,0.0,0.0,0.0,0.0,0.0,0.0,0.0,0.0,0.0,0.0,0.0,0.0,0.0,0.0,0.0,0.0,0.0,0.0,0.0,0.0,0.0,0.0,0.0,0.0,0.0,0.0,0.0,0.0,0.0,0.0,0.0,0.0,0.0,0.0,0.0,0.0,0.0,0.0,0.0,0.0,0.0,0.0,0.0,0.0,0.0,0.0,0.0,0.0,0.0,0.0,0.0,0.0,0.0,0.0,0.0,0.0,0.0,0.0,0.0,0.0,0.0,0.0,0.0,0.0,0.0,0.0,0.0,0.0,0.0,0.0,0.0,0.0,0.0,0.0,0.0,0.0,0.0,0.0,0.0,0.0,0.0,0.0,0.0,0.0,0.0,0.0,0.0,0.0,0.0,0.0,0.0
2017-05-29 00:58:00+02:00,0.0,0.0,0.0,0.0,0.0,0.0,0.0,0.0,0.0,0.0,0.0,0.0,0.0,0.0,0.0,0.0,0.0,0.0,0.0,0.0,0.0,0.0,0.0,0.0,0.0,0.0,0.0,0.0,0.0,0.0,0.0,0.0,0.0,0.0,0.0,0.0,0.0,0.0,0.0,0.0,0.0,0.0,0.0,0.0,0.0,0.0,0.0,0.0,0.0,0.0,0.0,0.0,0.0,0.0,0.0,0.0,0.0,0.0,0.0,0.0,0.0,0.0,0.0,0.0,0.0,0.0,0.0,0.0,0.0,0.0,0.0,0.0,0.0,0.0,0.0,0.0,0.0,0.0,0.0,0.0,0.0,0.0,0.0,0.0,0.0,0.0,0.0,0.0,0.0,0.0,0.0,0.0,0.0,0.0,0.0,0.0,0.0,0.0,0.0,0.0,0.0,0.0,0.0,0.0,0.0,0.0,0.0,0.0,0.0,0.0,0.0,0.0,0.0,0.0,0.0,0.0,0.0,0.0
2017-05-29 00:59:00+02:00,0.0,0.0,0.0,0.0,0.0,0.0,0.0,0.0,0.0,0.0,0.0,0.0,0.0,0.0,0.0,0.0,0.0,0.0,0.0,0.0,0.0,0.0,0.0,0.0,0.0,0.0,0.0,0.0,0.0,0.0,0.0,0.0,0.0,0.0,0.0,0.0,0.0,0.0,0.0,0.0,0.0,0.0,0.0,0.0,0.0,0.0,0.0,0.0,0.0,0.0,0.0,0.0,0.0,0.0,0.0,0.0,0.0,0.0,0.0,0.0,0.0,0.0,0.0,0.0,0.0,0.0,0.0,0.0,0.0,0.0,0.0,0.0,0.0,0.0,0.0,0.0,0.0,0.0,0.0,0.0,0.0,0.0,0.0,0.0,0.0,0.0,0.0,0.0,0.0,0.0,0.0,0.0,0.0,0.0,0.0,0.0,0.0,0.0,0.0,0.0,0.0,0.0,0.0,0.0,0.0,0.0,0.0,0.0,0.0,0.0,0.0,0.0,0.0,0.0,0.0,0.0,0.0,0.0
2017-05-29 01:00:00+02:00,0.0,0.0,0.0,0.0,0.0,0.0,0.0,0.0,0.0,0.0,0.0,0.0,0.0,0.0,0.0,0.0,0.0,0.0,0.0,0.0,0.0,0.0,0.0,0.0,0.0,0.0,0.0,0.0,0.0,0.0,0.0,0.0,0.0,0.0,0.0,0.0,0.0,0.0,0.0,0.0,0.0,0.0,0.0,0.0,0.0,0.0,0.0,0.0,0.0,0.0,0.0,0.0,0.0,0.0,0.0,0.0,0.0,0.0,0.0,0.0,0.0,0.0,0.0,0.0,0.0,0.0,0.0,0.0,0.0,0.0,0.0,0.0,0.0,0.0,0.0,0.0,0.0,0.0,0.0,0.0,0.0,0.0,0.0,0.0,0.0,0.0,0.0,0.0,0.0,0.0,0.0,0.0,0.0,0.0,0.0,0.0,0.0,0.0,0.0,0.0,0.0,0.0,0.0,0.0,0.0,0.0,0.0,0.0,0.0,0.0,0.0,0.0,0.0,0.0,0.0,0.0,0.0,0.0
2017-05-29 01:01:00+02:00,0.0,0.0,0.0,0.0,0.0,0.0,0.0,0.0,0.0,0.0,0.0,0.0,0.0,0.0,0.0,0.0,0.0,0.0,0.0,0.0,0.0,0.0,0.0,0.0,0.0,0.0,0.0,0.0,0.0,0.0,0.0,0.0,0.0,0.0,0.0,0.0,0.0,0.0,0.0,0.0,0.0,0.0,0.0,0.0,0.0,0.0,0.0,0.0,0.0,0.0,0.0,0.0,0.0,0.0,0.0,0.0,0.0,0.0,0.0,0.0,0.0,0.0,0.0,0.0,0.0,0.0,0.0,0.0,0.0,0.0,0.0,0.0,0.0,0.0,0.0,0.0,0.0,0.0,0.0,0.0,0.0,0.0,0.0,0.0,0.0,0.0,0.0,0.0,0.0,0.0,0.0,0.0,0.0,0.0,0.0,0.0,0.0,0.0,0.0,0.0,0.0,0.0,0.0,0.0,0.0,0.0,0.0,0.0,0.0,0.0,0.0,0.0,0.0,0.0,0.0,0.0,0.0,0.0
2017-05-29 01:02:00+02:00,0.0,0.0,0.0,0.0,0.0,0.0,0.0,0.0,0.0,0.0,0.0,0.0,0.0,0.0,0.0,0.0,0.0,0.0,0.0,0.0,0.0,0.0,0.0,0.0,0.0,0.0,0.0,0.0,0.0,0.0,0.0,0.0,0.0,0.0,0.0,0.0,0.0,0.0,0.0,0.0,0.0,0.0,0.0,0.0,0.0,0.0,0.0,0.0,0.0,0.0,0.0,0.0,0.0,0.0,0.0,0.0,0.0,0.0,0.0,0.0,0.0,0.0,0.0,0.0,0.0,0.0,0.0,0.0,0.0,0.0,0.0,0.0,0.0,0.0,0.0,0.0,0.0,0.0,0.0,0.0,0.0,0.0,0.0,0.0,0.0,0.0,0.0,0.0,0.0,0.0,0.0,0.0,0.0,0.0,0.0,0.0,0.0,0.0,0.0,0.0,0.0,0.0,0.0,0.0,0.0,0.0,0.0,0.0,0.0,0.0,0.0,0.0,0.0,0.0,0.0,0.0,0.0,0.0
2017-05-29 01:03:00+02:00,0.0,0.0,0.0,0.0,0.0,0.0,0.0,0.0,0.0,0.0,0.0,0.0,0.0,0.0,0.0,0.0,0.0,0.0,0.0,0.0,0.0,0.0,0.0,0.0,0.0,0.0,0.0,0.0,0.0,0.0,0.0,0.0,0.0,0.0,0.0,0.0,0.0,0.0,0.0,0.0,0.0,0.0,0.0,0.0,0.0,0.0,0.0,0.0,0.0,0.0,0.0,0.0,0.0,0.0,0.0,0.0,0.0,0.0,0.0,0.0,0.0,0.0,0.0,0.0,0.0,0.0,0.0,0.0,0.0,0.0,0.0,0.0,0.0,0.0,0.0,0.0,0.0,0.0,0.0,0.0,0.0,0.0,0.0,0.0,0.0,0.0,0.0,0.0,0.0,0.0,0.0,0.0,0.0,0.0,0.0,0.0,0.0,0.0,0.0,0.0,0.0,0.0,0.0,0.0,0.0,0.0,0.0,0.0,0.0,0.0,0.0,0.0,0.0,0.0,0.0,0.0,0.0,0.0
2017-05-29 01:04:00+02:00,0.0,0.0,0.0,0.0,0.0,0.0,0.0,0.0,0.0,0.0,0.0,0.0,0.0,0.0,0.0,0.0,0.0,0.0,0.0,0.0,0.0,0.0,0.0,0.0,0.0,0.0,0.0,0.0,0.0,0.0,0.0,0.0,0.0,0.0,0.0,0.0,0.0,0.0,0.0,0.0,0.0,0.0,0.0,0.0,0.0,0.0,0.0,0.0,0.0,0.0,0.0,0.0,0.0,0.0,0.0,0.0,0.0,0.0,0.0,0.0,0.0,0.0,0.0,0.0,0.0,0.0,0.0,0.0,0.0,0.0,0.0,0.0,0.0,0.0,0.0,0.0,0.0,0.0,0.0,0.0,0.0,0.0,0.0,0.0,0.0,0.0,0.0,0.0,0.0,0.0,0.0,0.0,0.0,0.0,0.0,0.0,0.0,0.0,0.0,0.0,0.0,0.0,0.0,0.0,0.0,0.0,0.0,0.0,0.0,0.0,0.0,0.0,0.0,0.0,0.0,0.0,0.0,0.0
2017-05-29 01:05:00+02:00,0.0,0.0,0.0,0.0,0.0,0.0,0.0,0.0,0.0,0.0,0.0,0.0,0.0,0.0,0.0,0.0,0.0,0.0,0.0,0.0,0.0,0.0,0.0,0.0,0.0,0.0,0.0,0.0,0.0,0.0,0.0,0.0,0.0,0.0,0.0,0.0,0.0,0.0,0.0,0.0,0.0,0.0,0.0,0.0,0.0,0.0,0.0,0.0,0.0,0.0,0.0,0.0,0.0,0.0,0.0,0.0,0.0,0.0,0.0,0.0,0.0,0.0,0.0,0.0,0.0,0.0,0.0,0.0,0.0,0.0,0.0,0.0,0.0,0.0,0.0,0.0,0.0,0.0,0.0,0.0,0.0,0.0,0.0,0.0,0.0,0.0,0.0,0.0,0.0,0.0,0.0,0.0,0.0,0.0,0.0,0.0,0.0,0.0,0.0,0.0,0.0,0.0,0.0,0.0,0.0,0.0,0.0,0.0,0.0,0.0,0.0,0.0,0.0,0.0,0.0,0.0,0.0,0.0
2017-05-29 01:06:00+02:00,0.0,0.0,0.0,0.0,0.0,0.0,0.0,0.0,0.0,0.0,0.0,0.0,0.0,0.0,0.0,0.0,0.0,0.0,0.0,0.0,0.0,0.0,0.0,0.0,0.0,0.0,0.0,0.0,0.0,0.0,0.0,0.0,0.0,0.0,0.0,0.0,0.0,0.0,0.0,0.0,0.0,0.0,0.0,0.0,0.0,0.0,0.0,0.0,0.0,0.0,0.0,0.0,0.0,0.0,0.0,0.0,0.0,0.0,0.0,0.0,0.0,0.0,0.0,0.0,0.0,0.0,0.0,0.0,0.0,0.0,0.0,0.0,0.0,0.0,0.0,0.0,0.0,0.0,0.0,0.0,0.0,0.0,0.0,0.0,0.0,0.0,0.0,0.0,0.0,0.0,0.0,0.0,0.0,0.0,0.0,0.0,0.0,0.0,0.0,0.0,0.0,0.0,0.0,0.0,0.0,0.0,0.0,0.0,0.0,0.0,0.0,0.0,0.0,0.0,0.0,0.0,0.0,0.0
2017-05-29 01:07:00+02:00,0.0,0.0,0.0,0.0,0.0,0.0,0.0,0.0,0.0,0.0,0.0,0.0,0.0,0.0,0.0,0.0,0.0,0.0,0.0,0.0,0.0,0.0,0.0,0.0,0.0,0.0,0.0,0.0,0.0,0.0,0.0,0.0,0.0,0.0,0.0,0.0,0.0,0.0,0.0,0.0,0.0,0.0,0.0,0.0,0.0,0.0,0.0,0.0,0.0,0.0,0.0,0.0,0.0,0.0,0.0,0.0,0.0,0.0,0.0,0.0,0.0,0.0,0.0,0.0,0.0,0.0,0.0,0.0,0.0,0.0,0.0,0.0,0.0,0.0,0.0,0.0,0.0,0.0,0.0,0.0,0.0,0.0,0.0,0.0,0.0,0.0,0.0,0.0,0.0,0.0,0.0,0.0,0.0,0.0,0.0,0.0,0.0,0.0,0.0,0.0,0.0,0.0,0.0,0.0,0.0,0.0,0.0,0.0,0.0,0.0,0.0,0.0,0.0,0.0,0.0,0.0,0.0,0.0
2017-05-29 01:08:00+02:00,0.0,0.0,0.0,0.0,0.0,0.0,0.0,0.0,0.0,0.0,0.0,0.0,0.0,0.0,0.0,0.0,0.0,0.0,0.0,0.0,0.0,0.0,0.0,0.0,0.0,0.0,0.0,0.0,0.0,0.0,0.0,0.0,0.0,0.0,0.0,0.0,0.0,0.0,0.0,0.0,0.0,0.0,0.0,0.0,0.0,0.0,0.0,0.0,0.0,0.0,0.0,0.0,0.0,0.0,0.0,0.0,0.0,0.0,0.0,0.0,0.0,0.0,0.0,0.0,0.0,0.0,0.0,0.0,0.0,0.0,0.0,0.0,0.0,0.0,0.0,0.0,0.0,0.0,0.0,0.0,0.0,0.0,0.0,0.0,0.0,0.0,0.0,0.0,0.0,0.0,0.0,0.0,0.0,0.0,0.0,0.0,0.0,0.0,0.0,0.0,0.0,0.0,0.0,0.0,0.0,0.0,0.0,0.0,0.0,0.0,0.0,0.0,0.0,0.0,0.0,0.0,0.0,0.0
2017-05-29 01:09:00+02:00,0.0,0.0,0.0,0.0,0.0,0.0,0.0,0.0,0.0,0.0,0.0,0.0,0.0,0.0,0.0,0.0,0.0,0.0,0.0,0.0,0.0,0.0,0.0,0.0,0.0,0.0,0.0,0.0,0.0,0.0,0.0,0.0,0.0,0.0,0.0,0.0,0.0,0.0,0.0,0.0,0.0,0.0,0.0,0.0,0.0,0.0,0.0,0.0,0.0,0.0,0.0,0.0,0.0,0.0,0.0,0.0,0.0,0.0,0.0,0.0,0.0,0.0,0.0,0.0,0.0,0.0,0.0,0.0,0.0,0.0,0.0,0.0,0.0,0.0,0.0,0.0,0.0,0.0,0.0,0.0,0.0,0.0,0.0,0.0,0.0,0.0,0.0,0.0,0.0,0.0,0.0,0.0,0.0,0.0,0.0,0.0,0.0,0.0,0.0,0.0,0.0,0.0,0.0,0.0,0.0,0.0,0.0,0.0,0.0,0.0,0.0,0.0,0.0,0.0,0.0,0.0,0.0,0.0
2017-05-29 01:10:00+02:00,0.0,0.0,0.0,0.0,0.0,0.0,0.0,0.0,0.0,0.0,0.0,0.0,0.0,0.0,0.0,0.0,0.0,0.0,0.0,0.0,0.0,0.0,0.0,0.0,0.0,0.0,0.0,0.0,0.0,0.0,0.0,0.0,0.0,0.0,0.0,0.0,0.0,0.0,0.0,0.0,0.0,0.0,0.0,0.0,0.0,0.0,0.0,0.0,0.0,0.0,0.0,0.0,0.0,0.0,0.0,0.0,0.0,0.0,0.0,0.0,0.0,0.0,0.0,0.0,0.0,0.0,0.0,0.0,0.0,0.0,0.0,0.0,0.0,0.0,0.0,0.0,0.0,0.0,0.0,0.0,0.0,0.0,0.0,0.0,0.0,0.0,0.0,0.0,0.0,0.0,0.0,0.0,0.0,0.0,0.0,0.0,0.0,0.0,0.0,0.0,0.0,0.0,0.0,0.0,0.0,0.0,0.0,0.0,0.0,0.0,0.0,0.0,0.0,0.0,0.0,0.0,0.0,0.0
2017-05-29 01:11:00+02:00,0.0,0.0,0.0,0.0,0.0,0.0,0.0,0.0,0.0,0.0,0.0,0.0,0.0,0.0,0.0,0.0,0.0,0.0,0.0,0.0,0.0,0.0,0.0,0.0,0.0,0.0,0.0,0.0,0.0,0.0,0.0,0.0,0.0,0.0,0.0,0.0,0.0,0.0,0.0,0.0,0.0,0.0,0.0,0.0,0.0,0.0,0.0,0.0,0.0,0.0,0.0,0.0,0.0,0.0,0.0,0.0,0.0,0.0,0.0,0.0,0.0,0.0,0.0,0.0,0.0,0.0,0.0,0.0,0.0,0.0,0.0,0.0,0.0,0.0,0.0,0.0,0.0,0.0,0.0,0.0,0.0,0.0,0.0,0.0,0.0,0.0,0.0,0.0,0.0,0.0,0.0,0.0,0.0,0.0,0.0,0.0,0.0,0.0,0.0,0.0,0.0,0.0,0.0,0.0,0.0,0.0,0.0,0.0,0.0,0.0,0.0,0.0,0.0,0.0,0.0,0.0,0.0,0.0
2017-05-29 01:12:00+02:00,0.0,0.0,0.0,0.0,0.0,0.0,0.0,0.0,0.0,0.0,0.0,0.0,0.0,0.0,0.0,0.0,0.0,0.0,0.0,0.0,0.0,0.0,0.0,0.0,0.0,0.0,0.0,0.0,0.0,0.0,0.0,0.0,0.0,0.0,0.0,0.0,0.0,0.0,0.0,0.0,0.0,0.0,0.0,0.0,0.0,0.0,0.0,0.0,0.0,0.0,0.0,0.0,0.0,0.0,0.0,0.0,0.0,0.0,0.0,0.0,0.0,0.0,0.0,0.0,0.0,0.0,0.0,0.0,0.0,0.0,0.0,0.0,0.0,0.0,0.0,0.0,0.0,0.0,0.0,0.0,0.0,0.0,0.0,0.0,0.0,0.0,0.0,0.0,0.0,0.0,0.0,0.0,0.0,0.0,0.0,0.0,0.0,0.0,0.0,0.0,0.0,0.0,0.0,0.0,0.0,0.0,0.0,0.0,0.0,0.0,0.0,0.0,0.0,0.0,0.0,0.0,0.0,0.0
2017-05-29 01:13:00+02:00,0.0,0.0,0.0,0.0,0.0,0.0,0.0,0.0,0.0,0.0,0.0,0.0,0.0,0.0,0.0,0.0,0.0,0.0,0.0,0.0,0.0,0.0,0.0,0.0,0.0,0.0,0.0,0.0,0.0,0.0,0.0,0.0,0.0,0.0,0.0,0.0,0.0,0.0,0.0,0.0,0.0,0.0,0.0,0.0,0.0,0.0,0.0,0.0,0.0,0.0,0.0,0.0,0.0,0.0,0.0,0.0,0.0,0.0,0.0,0.0,0.0,0.0,0.0,0.0,0.0,0.0,0.0,0.0,0.0,0.0,0.0,0.0,0.0,0.0,0.0,0.0,0.0,0.0,0.0,0.0,0.0,0.0,0.0,0.0,0.0,0.0,0.0,0.0,0.0,0.0,0.0,0.0,0.0,0.0,0.0,0.0,0.0,0.0,0.0,0.0,0.0,0.0,0.0,0.0,0.0,0.0,0.0,0.0,0.0,0.0,0.0,0.0,0.0,0.0,0.0,0.0,0.0,0.0
2017-05-29 01:14:00+02:00,0.0,0.0,0.0,0.0,0.0,0.0,0.0,0.0,0.0,0.0,0.0,0.0,0.0,0.0,0.0,0.0,0.0,0.0,0.0,0.0,0.0,0.0,0.0,0.0,0.0,0.0,0.0,0.0,0.0,0.0,0.0,0.0,0.0,0.0,0.0,0.0,0.0,0.0,0.0,0.0,0.0,0.0,0.0,0.0,0.0,0.0,0.0,0.0,0.0,0.0,0.0,0.0,0.0,0.0,0.0,0.0,0.0,0.0,0.0,0.0,0.0,0.0,0.0,0.0,0.0,0.0,0.0,0.0,0.0,0.0,0.0,0.0,0.0,0.0,0.0,0.0,0.0,0.0,0.0,0.0,0.0,0.0,0.0,0.0,0.0,0.0,0.0,0.0,0.0,0.0,0.0,0.0,0.0,0.0,0.0,0.0,0.0,0.0,0.0,0.0,0.0,0.0,0.0,0.0,0.0,0.0,0.0,0.0,0.0,0.0,0.0,0.0,0.0,0.0,0.0,0.0,0.0,0.0
2017-05-29 01:15:00+02:00,0.0,0.0,0.0,0.0,0.0,0.0,0.0,0.0,0.0,0.0,0.0,0.0,0.0,0.0,0.0,0.0,0.0,0.0,0.0,0.0,0.0,0.0,0.0,0.0,0.0,0.0,0.0,0.0,0.0,0.0,0.0,0.0,0.0,0.0,0.0,0.0,0.0,0.0,0.0,0.0,0.0,0.0,0.0,0.0,0.0,0.0,0.0,0.0,0.0,0.0,0.0,0.0,0.0,0.0,0.0,0.0,0.0,0.0,0.0,0.0,0.0,0.0,0.0,0.0,0.0,0.0,0.0,0.0,0.0,0.0,0.0,0.0,0.0,0.0,0.0,0.0,0.0,0.0,0.0,0.0,0.0,0.0,0.0,0.0,0.0,0.0,0.0,0.0,0.0,0.0,0.0,0.0,0.0,0.0,0.0,0.0,0.0,0.0,0.0,0.0,0.0,0.0,0.0,0.0,0.0,0.0,0.0,0.0,0.0,0.0,0.0,0.0,0.0,0.0,0.0,0.0,0.0,0.0
2017-05-29 01:16:00+02:00,0.0,0.0,0.0,0.0,0.0,0.0,0.0,0.0,0.0,0.0,0.0,0.0,0.0,0.0,0.0,0.0,0.0,0.0,0.0,0.0,0.0,0.0,0.0,0.0,0.0,0.0,0.0,0.0,0.0,0.0,0.0,0.0,0.0,0.0,0.0,0.0,0.0,0.0,0.0,0.0,0.0,0.0,0.0,0.0,0.0,0.0,0.0,0.0,0.0,0.0,0.0,0.0,0.0,0.0,0.0,0.0,0.0,0.0,0.0,0.0,0.0,0.0,0.0,0.0,0.0,0.0,0.0,0.0,0.0,0.0,0.0,0.0,0.0,0.0,0.0,0.0,0.0,0.0,0.0,0.0,0.0,0.0,0.0,0.0,0.0,0.0,0.0,0.0,0.0,0.0,0.0,0.0,0.0,0.0,0.0,0.0,0.0,0.0,0.0,0.0,0.0,0.0,0.0,0.0,0.0,0.0,0.0,0.0,0.0,0.0,0.0,0.0,0.0,0.0,0.0,0.0,0.0,0.0
2017-05-29 01:17:00+02:00,0.0,0.0,0.0,0.0,0.0,0.0,0.0,0.0,0.0,0.0,0.0,0.0,0.0,0.0,0.0,0.0,0.0,0.0,0.0,0.0,0.0,0.0,0.0,0.0,0.0,0.0,0.0,0.0,0.0,0.0,0.0,0.0,0.0,0.0,0.0,0.0,0.0,0.0,0.0,0.0,0.0,0.0,0.0,0.0,0.0,0.0,0.0,0.0,0.0,0.0,0.0,0.0,0.0,0.0,0.0,0.0,0.0,0.0,0.0,0.0,0.0,0.0,0.0,0.0,0.0,0.0,0.0,0.0,0.0,0.0,0.0,0.0,0.0,0.0,0.0,0.0,0.0,0.0,0.0,0.0,0.0,0.0,0.0,0.0,0.0,0.0,0.0,0.0,0.0,0.0,0.0,0.0,0.0,0.0,0.0,0.0,0.0,0.0,0.0,0.0,0.0,0.0,0.0,0.0,0.0,0.0,0.0,0.0,0.0,0.0,0.0,0.0,0.0,0.0,0.0,0.0,0.0,0.0
2017-05-29 01:18:00+02:00,0.0,0.0,0.0,0.0,0.0,0.0,0.0,0.0,0.0,0.0,0.0,0.0,0.0,0.0,0.0,0.0,0.0,0.0,0.0,0.0,0.0,0.0,0.0,0.0,0.0,0.0,0.0,0.0,0.0,0.0,0.0,0.0,0.0,0.0,0.0,0.0,0.0,0.0,0.0,0.0,0.0,0.0,0.0,0.0,0.0,0.0,0.0,0.0,0.0,0.0,0.0,0.0,0.0,0.0,0.0,0.0,0.0,0.0,0.0,0.0,0.0,0.0,0.0,0.0,0.0,0.0,0.0,0.0,0.0,0.0,0.0,0.0,0.0,0.0,0.0,0.0,0.0,0.0,0.0,0.0,0.0,0.0,0.0,0.0,0.0,0.0,0.0,0.0,0.0,0.0,0.0,0.0,0.0,0.0,0.0,0.0,0.0,0.0,0.0,0.0,0.0,0.0,0.0,0.0,0.0,0.0,0.0,0.0,0.0,0.0,0.0,0.0,0.0,0.0,0.0,0.0,0.0,0.0
2017-05-29 01:19:00+02:00,0.0,0.0,0.0,0.0,0.0,0.0,0.0,0.0,0.0,0.0,0.0,0.0,0.0,0.0,0.0,0.0,0.0,0.0,0.0,0.0,0.0,0.0,0.0,0.0,0.0,0.0,0.0,0.0,0.0,0.0,0.0,0.0,0.0,0.0,0.0,0.0,0.0,0.0,0.0,0.0,0.0,0.0,0.0,0.0,0.0,0.0,0.0,0.0,0.0,0.0,0.0,0.0,0.0,0.0,0.0,0.0,0.0,0.0,0.0,0.0,0.0,0.0,0.0,0.0,0.0,0.0,0.0,0.0,0.0,0.0,0.0,0.0,0.0,0.0,0.0,0.0,0.0,0.0,0.0,0.0,0.0,0.0,0.0,0.0,0.0,0.0,0.0,0.0,0.0,0.0,0.0,0.0,0.0,0.0,0.0,0.0,0.0,0.0,0.0,0.0,0.0,0.0,0.0,0.0,0.0,0.0,0.0,0.0,0.0,0.0,0.0,0.0,0.0,0.0,0.0,0.0,0.0,0.0
2017-05-29 01:20:00+02:00,0.0,0.0,0.0,0.0,0.0,0.0,0.0,0.0,0.0,0.0,0.0,0.0,0.0,0.0,0.0,0.0,0.0,0.0,0.0,0.0,0.0,0.0,0.0,0.0,0.0,0.0,0.0,0.0,0.0,0.0,0.0,0.0,0.0,0.0,0.0,0.0,0.0,0.0,0.0,0.0,0.0,0.0,0.0,0.0,0.0,0.0,0.0,0.0,0.0,0.0,0.0,0.0,0.0,0.0,0.0,0.0,0.0,0.0,0.0,0.0,0.0,0.0,0.0,0.0,0.0,0.0,0.0,0.0,0.0,0.0,0.0,0.0,0.0,0.0,0.0,0.0,0.0,0.0,0.0,0.0,0.0,0.0,0.0,0.0,0.0,0.0,0.0,0.0,0.0,0.0,0.0,0.0,0.0,0.0,0.0,0.0,0.0,0.0,0.0,0.0,0.0,0.0,0.0,0.0,0.0,0.0,0.0,0.0,0.0,0.0,0.0,0.0,0.0,0.0,0.0,0.0,0.0,0.0
2017-05-29 01:21:00+02:00,0.0,0.0,0.0,0.0,0.0,0.0,0.0,0.0,0.0,0.0,0.0,0.0,0.0,0.0,0.0,0.0,0.0,0.0,0.0,0.0,0.0,0.0,0.0,0.0,0.0,0.0,0.0,0.0,0.0,0.0,0.0,0.0,0.0,0.0,0.0,0.0,0.0,0.0,0.0,0.0,0.0,0.0,0.0,0.0,0.0,0.0,0.0,0.0,0.0,0.0,0.0,0.0,0.0,0.0,0.0,0.0,0.0,0.0,0.0,0.0,0.0,0.0,0.0,0.0,0.0,0.0,0.0,0.0,0.0,0.0,0.0,0.0,0.0,0.0,0.0,0.0,0.0,0.0,0.0,0.0,0.0,0.0,0.0,0.0,0.0,0.0,0.0,0.0,0.0,0.0,0.0,0.0,0.0,0.0,0.0,0.0,0.0,0.0,0.0,0.0,0.0,0.0,0.0,0.0,0.0,0.0,0.0,0.0,0.0,0.0,0.0,0.0,0.0,0.0,0.0,0.0,0.0,0.0
2017-05-29 01:22:00+02:00,0.0,0.0,0.0,0.0,0.0,0.0,0.0,0.0,0.0,0.0,0.0,0.0,0.0,0.0,0.0,0.0,0.0,0.0,0.0,0.0,0.0,0.0,0.0,0.0,0.0,0.0,0.0,0.0,0.0,0.0,0.0,0.0,0.0,0.0,0.0,0.0,0.0,0.0,0.0,0.0,0.0,0.0,0.0,0.0,0.0,0.0,0.0,0.0,0.0,0.0,0.0,0.0,0.0,0.0,0.0,0.0,0.0,0.0,0.0,0.0,0.0,0.0,0.0,0.0,0.0,0.0,0.0,0.0,0.0,0.0,0.0,0.0,0.0,0.0,0.0,0.0,0.0,0.0,0.0,0.0,0.0,0.0,0.0,0.0,0.0,0.0,0.0,0.0,0.0,0.0,0.0,0.0,0.0,0.0,0.0,0.0,0.0,0.0,0.0,0.0,0.0,0.0,0.0,0.0,0.0,0.0,0.0,0.0,0.0,0.0,0.0,0.0,0.0,0.0,0.0,0.0,0.0,0.0
2017-05-29 01:23:00+02:00,0.0,0.0,0.0,0.0,0.0,0.0,0.0,0.0,0.0,0.0,0.0,0.0,0.0,0.0,0.0,0.0,0.0,0.0,0.0,0.0,0.0,0.0,0.0,0.0,0.0,0.0,0.0,0.0,0.0,0.0,0.0,0.0,0.0,0.0,0.0,0.0,0.0,0.0,0.0,0.0,0.0,0.0,0.0,0.0,0.0,0.0,0.0,0.0,0.0,0.0,0.0,0.0,0.0,0.0,0.0,0.0,0.0,0.0,0.0,0.0,0.0,0.0,0.0,0.0,0.0,0.0,0.0,0.0,0.0,0.0,0.0,0.0,0.0,0.0,0.0,0.0,0.0,0.0,0.0,0.0,0.0,0.0,0.0,0.0,0.0,0.0,0.0,0.0,0.0,0.0,0.0,0.0,0.0,0.0,0.0,0.0,0.0,0.0,0.0,0.0,0.0,0.0,0.0,0.0,0.0,0.0,0.0,0.0,0.0,0.0,0.0,0.0,0.0,0.0,0.0,0.0,0.0,0.0
2017-05-29 01:24:00+02:00,0.0,0.0,0.0,0.0,0.0,0.0,0.0,0.0,0.0,0.0,0.0,0.0,0.0,0.0,0.0,0.0,0.0,0.0,0.0,0.0,0.0,0.0,0.0,0.0,0.0,0.0,0.0,0.0,0.0,0.0,0.0,0.0,0.0,0.0,0.0,0.0,0.0,0.0,0.0,0.0,0.0,0.0,0.0,0.0,0.0,0.0,0.0,0.0,0.0,0.0,0.0,0.0,0.0,0.0,0.0,0.0,0.0,0.0,0.0,0.0,0.0,0.0,0.0,0.0,0.0,0.0,0.0,0.0,0.0,0.0,0.0,0.0,0.0,0.0,0.0,0.0,0.0,0.0,0.0,0.0,0.0,0.0,0.0,0.0,0.0,0.0,0.0,0.0,0.0,0.0,0.0,0.0,0.0,0.0,0.0,0.0,0.0,0.0,0.0,0.0,0.0,0.0,0.0,0.0,0.0,0.0,0.0,0.0,0.0,0.0,0.0,0.0,0.0,0.0,0.0,0.0,0.0,0.0
2017-05-29 01:25:00+02:00,0.0,0.0,0.0,0.0,0.0,0.0,0.0,0.0,0.0,0.0,0.0,0.0,0.0,0.0,0.0,0.0,0.0,0.0,0.0,0.0,0.0,0.0,0.0,0.0,0.0,0.0,0.0,0.0,0.0,0.0,0.0,0.0,0.0,0.0,0.0,0.0,0.0,0.0,0.0,0.0,0.0,0.0,0.0,0.0,0.0,0.0,0.0,0.0,0.0,0.0,0.0,0.0,0.0,0.0,0.0,0.0,0.0,0.0,0.0,0.0,0.0,0.0,0.0,0.0,0.0,0.0,0.0,0.0,0.0,0.0,0.0,0.0,0.0,0.0,0.0,0.0,0.0,0.0,0.0,0.0,0.0,0.0,0.0,0.0,0.0,0.0,0.0,0.0,0.0,0.0,0.0,0.0,0.0,0.0,0.0,0.0,0.0,0.0,0.0,0.0,0.0,0.0,0.0,0.0,0.0,0.0,0.0,0.0,0.0,0.0,0.0,0.0,0.0,0.0,0.0,0.0,0.0,0.0
2017-05-29 01:26:00+02:00,0.0,0.0,0.0,0.0,0.0,0.0,0.0,0.0,0.0,0.0,0.0,0.0,0.0,0.0,0.0,0.0,0.0,0.0,0.0,0.0,0.0,0.0,0.0,0.0,0.0,0.0,0.0,0.0,0.0,0.0,0.0,0.0,0.0,0.0,0.0,0.0,0.0,0.0,0.0,0.0,0.0,0.0,0.0,0.0,0.0,0.0,0.0,0.0,0.0,0.0,0.0,0.0,0.0,0.0,0.0,0.0,0.0,0.0,0.0,0.0,0.0,0.0,0.0,0.0,0.0,0.0,0.0,0.0,0.0,0.0,0.0,0.0,0.0,0.0,0.0,0.0,0.0,0.0,0.0,0.0,0.0,0.0,0.0,0.0,0.0,0.0,0.0,0.0,0.0,0.0,0.0,0.0,0.0,0.0,0.0,0.0,0.0,0.0,0.0,0.0,0.0,0.0,0.0,0.0,0.0,0.0,0.0,0.0,0.0,0.0,0.0,0.0,0.0,0.0,0.0,0.0,0.0,0.0
2017-05-29 01:27:00+02:00,0.0,0.0,0.0,0.0,0.0,0.0,0.0,0.0,0.0,0.0,0.0,0.0,0.0,0.0,0.0,0.0,0.0,0.0,0.0,0.0,0.0,0.0,0.0,0.0,0.0,0.0,0.0,0.0,0.0,0.0,0.0,0.0,0.0,0.0,0.0,0.0,0.0,0.0,0.0,0.0,0.0,0.0,0.0,0.0,0.0,0.0,0.0,0.0,0.0,0.0,0.0,0.0,0.0,0.0,0.0,0.0,0.0,0.0,0.0,0.0,0.0,0.0,0.0,0.0,0.0,0.0,0.0,0.0,0.0,0.0,0.0,0.0,0.0,0.0,0.0,0.0,0.0,0.0,0.0,0.0,0.0,0.0,0.0,0.0,0.0,0.0,0.0,0.0,0.0,0.0,0.0,0.0,0.0,0.0,0.0,0.0,0.0,0.0,0.0,0.0,0.0,0.0,0.0,0.0,0.0,0.0,0.0,0.0,0.0,0.0,0.0,0.0,0.0,0.0,0.0,0.0,0.0,0.0
2017-05-29 01:28:00+02:00,0.0,0.0,0.0,0.0,0.0,0.0,0.0,0.0,0.0,0.0,0.0,0.0,0.0,0.0,0.0,0.0,0.0,0.0,0.0,0.0,0.0,0.0,0.0,0.0,0.0,0.0,0.0,0.0,0.0,0.0,0.0,0.0,0.0,0.0,0.0,0.0,0.0,0.0,0.0,0.0,0.0,0.0,0.0,0.0,0.0,0.0,0.0,0.0,0.0,0.0,0.0,0.0,0.0,0.0,0.0,0.0,0.0,0.0,0.0,0.0,0.0,0.0,0.0,0.0,0.0,0.0,0.0,0.0,0.0,0.0,0.0,0.0,0.0,0.0,0.0,0.0,0.0,0.0,0.0,0.0,0.0,0.0,0.0,0.0,0.0,0.0,0.0,0.0,0.0,0.0,0.0,0.0,0.0,0.0,0.0,0.0,0.0,0.0,0.0,0.0,0.0,0.0,0.0,0.0,0.0,0.0,0.0,0.0,0.0,0.0,0.0,0.0,0.0,0.0,0.0,0.0,0.0,0.0
2017-05-29 01:29:00+02:00,0.0,0.0,0.0,0.0,0.0,0.0,0.0,0.0,0.0,0.0,0.0,0.0,0.0,0.0,0.0,0.0,0.0,0.0,0.0,0.0,0.0,0.0,0.0,0.0,0.0,0.0,0.0,0.0,0.0,0.0,0.0,0.0,0.0,0.0,0.0,0.0,0.0,0.0,0.0,0.0,0.0,0.0,0.0,0.0,0.0,0.0,0.0,0.0,0.0,0.0,0.0,0.0,0.0,0.0,0.0,0.0,0.0,0.0,0.0,0.0,0.0,0.0,0.0,0.0,0.0,0.0,0.0,0.0,0.0,0.0,0.0,0.0,0.0,0.0,0.0,0.0,0.0,0.0,0.0,0.0,0.0,0.0,0.0,0.0,0.0,0.0,0.0,0.0,0.0,0.0,0.0,0.0,0.0,0.0,0.0,0.0,0.0,0.0,0.0,0.0,0.0,0.0,0.0,0.0,0.0,0.0,0.0,0.0,0.0,0.0,0.0,0.0,0.0,0.0,0.0,0.0,0.0,0.0
2017-05-29 01:30:00+02:00,0.0,0.0,0.0,0.0,0.0,0.0,0.0,0.0,0.0,0.0,0.0,0.0,0.0,0.0,0.0,0.0,0.0,0.0,0.0,0.0,0.0,0.0,0.0,0.0,0.0,0.0,0.0,0.0,0.0,0.0,0.0,0.0,0.0,0.0,0.0,0.0,0.0,0.0,0.0,0.0,0.0,0.0,0.0,0.0,0.0,0.0,0.0,0.0,0.0,0.0,0.0,0.0,0.0,0.0,0.0,0.0,0.0,0.0,0.0,0.0,0.0,0.0,0.0,0.0,0.0,0.0,0.0,0.0,0.0,0.0,0.0,0.0,0.0,0.0,0.0,0.0,0.0,0.0,0.0,0.0,0.0,0.0,0.0,0.0,0.0,0.0,0.0,0.0,0.0,0.0,0.0,0.0,0.0,0.0,0.0,0.0,0.0,0.0,0.0,0.0,0.0,0.0,0.0,0.0,0.0,0.0,0.0,0.0,0.0,0.0,0.0,0.0,0.0,0.0,0.0,0.0,0.0,0.0
2017-05-29 01:31:00+02:00,0.0,0.0,0.0,0.0,0.0,0.0,0.0,0.0,0.0,0.0,0.0,0.0,0.0,0.0,0.0,0.0,0.0,0.0,0.0,0.0,0.0,0.0,0.0,0.0,0.0,0.0,0.0,0.0,0.0,0.0,0.0,0.0,0.0,0.0,0.0,0.0,0.0,0.0,0.0,0.0,0.0,0.0,0.0,0.0,0.0,0.0,0.0,0.0,0.0,0.0,0.0,0.0,0.0,0.0,0.0,0.0,0.0,0.0,0.0,0.0,0.0,0.0,0.0,0.0,0.0,0.0,0.0,0.0,0.0,0.0,0.0,0.0,0.0,0.0,0.0,0.0,0.0,0.0,0.0,0.0,0.0,0.0,0.0,0.0,0.0,0.0,0.0,0.0,0.0,0.0,0.0,0.0,0.0,0.0,0.0,0.0,0.0,0.0,0.0,0.0,0.0,0.0,0.0,0.0,0.0,0.0,0.0,0.0,0.0,0.0,0.0,0.0,0.0,0.0,0.0,0.0,0.0,0.0
2017-05-29 01:32:00+02:00,0.0,0.0,0.0,0.0,0.0,0.0,0.0,0.0,0.0,0.0,0.0,0.0,0.0,0.0,0.0,0.0,0.0,0.0,0.0,0.0,0.0,0.0,0.0,0.0,0.0,0.0,0.0,0.0,0.0,0.0,0.0,0.0,0.0,0.0,0.0,0.0,0.0,0.0,0.0,0.0,0.0,0.0,0.0,0.0,0.0,0.0,0.0,0.0,0.0,0.0,0.0,0.0,0.0,0.0,0.0,0.0,0.0,0.0,0.0,0.0,0.0,0.0,0.0,0.0,0.0,0.0,0.0,0.0,0.0,0.0,0.0,0.0,0.0,0.0,0.0,0.0,0.0,0.0,0.0,0.0,0.0,0.0,0.0,0.0,0.0,0.0,0.0,0.0,0.0,0.0,0.0,0.0,0.0,0.0,0.0,0.0,0.0,0.0,0.0,0.0,0.0,0.0,0.0,0.0,0.0,0.0,0.0,0.0,0.0,0.0,0.0,0.0,0.0,0.0,0.0,0.0,0.0,0.0
2017-05-29 01:33:00+02:00,0.0,0.0,0.0,0.0,0.0,0.0,0.0,0.0,0.0,0.0,0.0,0.0,0.0,0.0,0.0,0.0,0.0,0.0,0.0,0.0,0.0,0.0,0.0,0.0,0.0,0.0,0.0,0.0,0.0,0.0,0.0,0.0,0.0,0.0,0.0,0.0,0.0,0.0,0.0,0.0,0.0,0.0,0.0,0.0,0.0,0.0,0.0,0.0,0.0,0.0,0.0,0.0,0.0,0.0,0.0,0.0,0.0,0.0,0.0,0.0,0.0,0.0,0.0,0.0,0.0,0.0,0.0,0.0,0.0,0.0,0.0,0.0,0.0,0.0,0.0,0.0,0.0,0.0,0.0,0.0,0.0,0.0,0.0,0.0,0.0,0.0,0.0,0.0,0.0,0.0,0.0,0.0,0.0,0.0,0.0,0.0,0.0,0.0,0.0,0.0,0.0,0.0,0.0,0.0,0.0,0.0,0.0,0.0,0.0,0.0,0.0,0.0,0.0,0.0,0.0,0.0,0.0,0.0
2017-05-29 01:34:00+02:00,0.0,0.0,0.0,0.0,0.0,0.0,0.0,0.0,0.0,0.0,0.0,0.0,0.0,0.0,0.0,0.0,0.0,0.0,0.0,0.0,0.0,0.0,0.0,0.0,0.0,0.0,0.0,0.0,0.0,0.0,0.0,0.0,0.0,0.0,0.0,0.0,0.0,0.0,0.0,0.0,0.0,0.0,0.0,0.0,0.0,0.0,0.0,0.0,0.0,0.0,0.0,0.0,0.0,0.0,0.0,0.0,0.0,0.0,0.0,0.0,0.0,0.0,0.0,0.0,0.0,0.0,0.0,0.0,0.0,0.0,0.0,0.0,0.0,0.0,0.0,0.0,0.0,0.0,0.0,0.0,0.0,0.0,0.0,0.0,0.0,0.0,0.0,0.0,0.0,0.0,0.0,0.0,0.0,0.0,0.0,0.0,0.0,0.0,0.0,0.0,0.0,0.0,0.0,0.0,0.0,0.0,0.0,0.0,0.0,0.0,0.0,0.0,0.0,0.0,0.0,0.0,0.0,0.0
2017-05-29 01:35:00+02:00,0.0,0.0,0.0,0.0,0.0,0.0,0.0,0.0,0.0,0.0,0.0,0.0,0.0,0.0,0.0,0.0,0.0,0.0,0.0,0.0,0.0,0.0,0.0,0.0,0.0,0.0,0.0,0.0,0.0,0.0,0.0,0.0,0.0,0.0,0.0,0.0,0.0,0.0,0.0,0.0,0.0,0.0,0.0,0.0,0.0,0.0,0.0,0.0,0.0,0.0,0.0,0.0,0.0,0.0,0.0,0.0,0.0,0.0,0.0,0.0,0.0,0.0,0.0,0.0,0.0,0.0,0.0,0.0,0.0,0.0,0.0,0.0,0.0,0.0,0.0,0.0,0.0,0.0,0.0,0.0,0.0,0.0,0.0,0.0,0.0,0.0,0.0,0.0,0.0,0.0,0.0,0.0,0.0,0.0,0.0,0.0,0.0,0.0,0.0,0.0,0.0,0.0,0.0,0.0,0.0,0.0,0.0,0.0,0.0,0.0,0.0,0.0,0.0,0.0,0.0,0.0,0.0,0.0
2017-05-29 01:36:00+02:00,0.0,0.0,0.0,0.0,0.0,0.0,0.0,0.0,0.0,0.0,0.0,0.0,0.0,0.0,0.0,0.0,0.0,0.0,0.0,0.0,0.0,0.0,0.0,0.0,0.0,0.0,0.0,0.0,0.0,0.0,0.0,0.0,0.0,0.0,0.0,0.0,0.0,0.0,0.0,0.0,0.0,0.0,0.0,0.0,0.0,0.0,0.0,0.0,0.0,0.0,0.0,0.0,0.0,0.0,0.0,0.0,0.0,0.0,0.0,0.0,0.0,0.0,0.0,0.0,0.0,0.0,0.0,0.0,0.0,0.0,0.0,0.0,0.0,0.0,0.0,0.0,0.0,0.0,0.0,0.0,0.0,0.0,0.0,0.0,0.0,0.0,0.0,0.0,0.0,0.0,0.0,0.0,0.0,0.0,0.0,0.0,0.0,0.0,0.0,0.0,0.0,0.0,0.0,0.0,0.0,0.0,0.0,0.0,0.0,0.0,0.0,0.0,0.0,0.0,0.0,0.0,0.0,0.0
2017-05-29 01:37:00+02:00,0.0,0.0,0.0,0.0,0.0,0.0,0.0,0.0,0.0,0.0,0.0,0.0,0.0,0.0,0.0,0.0,0.0,0.0,0.0,0.0,0.0,0.0,0.0,0.0,0.0,0.0,0.0,0.0,0.0,0.0,0.0,0.0,0.0,0.0,0.0,0.0,0.0,0.0,0.0,0.0,0.0,0.0,0.0,0.0,0.0,0.0,0.0,0.0,0.0,0.0,0.0,0.0,0.0,0.0,0.0,0.0,0.0,0.0,0.0,0.0,0.0,0.0,0.0,0.0,0.0,0.0,0.0,0.0,0.0,0.0,0.0,0.0,0.0,0.0,0.0,0.0,0.0,0.0,0.0,0.0,0.0,0.0,0.0,0.0,0.0,0.0,0.0,0.0,0.0,0.0,0.0,0.0,0.0,0.0,0.0,0.0,0.0,0.0,0.0,0.0,0.0,0.0,0.0,0.0,0.0,0.0,0.0,0.0,0.0,0.0,0.0,0.0,0.0,0.0,0.0,0.0,0.0,0.0
2017-05-29 01:38:00+02:00,0.0,0.0,0.0,0.0,0.0,0.0,0.0,0.0,0.0,0.0,0.0,0.0,0.0,0.0,0.0,0.0,0.0,0.0,0.0,0.0,0.0,0.0,0.0,0.0,0.0,0.0,0.0,0.0,0.0,0.0,0.0,0.0,0.0,0.0,0.0,0.0,0.0,0.0,0.0,0.0,0.0,0.0,0.0,0.0,0.0,0.0,0.0,0.0,0.0,0.0,0.0,0.0,0.0,0.0,0.0,0.0,0.0,0.0,0.0,0.0,0.0,0.0,0.0,0.0,0.0,0.0,0.0,0.0,0.0,0.0,0.0,0.0,0.0,0.0,0.0,0.0,0.0,0.0,0.0,0.0,0.0,0.0,0.0,0.0,0.0,0.0,0.0,0.0,0.0,0.0,0.0,0.0,0.0,0.0,0.0,0.0,0.0,0.0,0.0,0.0,0.0,0.0,0.0,0.0,0.0,0.0,0.0,0.0,0.0,0.0,0.0,0.0,0.0,0.0,0.0,0.0,0.0,0.0
2017-05-29 01:39:00+02:00,0.0,0.0,0.0,0.0,0.0,0.0,0.0,0.0,0.0,0.0,0.0,0.0,0.0,0.0,0.0,0.0,0.0,0.0,0.0,0.0,0.0,0.0,0.0,0.0,0.0,0.0,0.0,0.0,0.0,0.0,0.0,0.0,0.0,0.0,0.0,0.0,0.0,0.0,0.0,0.0,0.0,0.0,0.0,0.0,0.0,0.0,0.0,0.0,0.0,0.0,0.0,0.0,0.0,0.0,0.0,0.0,0.0,0.0,0.0,0.0,0.0,0.0,0.0,0.0,0.0,0.0,0.0,0.0,0.0,0.0,0.0,0.0,0.0,0.0,0.0,0.0,0.0,0.0,0.0,0.0,0.0,0.0,0.0,0.0,0.0,0.0,0.0,0.0,0.0,0.0,0.0,0.0,0.0,0.0,0.0,0.0,0.0,0.0,0.0,0.0,0.0,0.0,0.0,0.0,0.0,0.0,0.0,0.0,0.0,0.0,0.0,0.0,0.0,0.0,0.0,0.0,0.0,0.0
2017-05-29 01:40:00+02:00,0.0,0.0,0.0,0.0,0.0,0.0,0.0,0.0,0.0,0.0,0.0,0.0,0.0,0.0,0.0,0.0,0.0,0.0,0.0,0.0,0.0,0.0,0.0,0.0,0.0,0.0,0.0,0.0,0.0,0.0,0.0,0.0,0.0,0.0,0.0,0.0,0.0,0.0,0.0,0.0,0.0,0.0,0.0,0.0,0.0,0.0,0.0,0.0,0.0,0.0,0.0,0.0,0.0,0.0,0.0,0.0,0.0,0.0,0.0,0.0,0.0,0.0,0.0,0.0,0.0,0.0,0.0,0.0,0.0,0.0,0.0,0.0,0.0,0.0,0.0,0.0,0.0,0.0,0.0,0.0,0.0,0.0,0.0,0.0,0.0,0.0,0.0,0.0,0.0,0.0,0.0,0.0,0.0,0.0,0.0,0.0,0.0,0.0,0.0,0.0,0.0,0.0,0.0,0.0,0.0,0.0,0.0,0.0,0.0,0.0,0.0,0.0,0.0,0.0,0.0,0.0,0.0,0.0
2017-05-29 01:41:00+02:00,0.0,0.0,0.0,0.0,0.0,0.0,0.0,0.0,0.0,0.0,0.0,0.0,0.0,0.0,0.0,0.0,0.0,0.0,0.0,0.0,0.0,0.0,0.0,0.0,0.0,0.0,0.0,0.0,0.0,0.0,0.0,0.0,0.0,0.0,0.0,0.0,0.0,0.0,0.0,0.0,0.0,0.0,0.0,0.0,0.0,0.0,0.0,0.0,0.0,0.0,0.0,0.0,0.0,0.0,0.0,0.0,0.0,0.0,0.0,0.0,0.0,0.0,0.0,0.0,0.0,0.0,0.0,0.0,0.0,0.0,0.0,0.0,0.0,0.0,0.0,0.0,0.0,0.0,0.0,0.0,0.0,0.0,0.0,0.0,0.0,0.0,0.0,0.0,0.0,0.0,0.0,0.0,0.0,0.0,0.0,0.0,0.0,0.0,0.0,0.0,0.0,0.0,0.0,0.0,0.0,0.0,0.0,0.0,0.0,0.0,0.0,0.0,0.0,0.0,0.0,0.0,0.0,0.0
2017-05-29 01:42:00+02:00,0.0,0.0,0.0,0.0,0.0,0.0,0.0,0.0,0.0,0.0,0.0,0.0,0.0,0.0,0.0,0.0,0.0,0.0,0.0,0.0,0.0,0.0,0.0,0.0,0.0,0.0,0.0,0.0,0.0,0.0,0.0,0.0,0.0,0.0,0.0,0.0,0.0,0.0,0.0,0.0,0.0,0.0,0.0,0.0,0.0,0.0,0.0,0.0,0.0,0.0,0.0,0.0,0.0,0.0,0.0,0.0,0.0,0.0,0.0,0.0,0.0,0.0,0.0,0.0,0.0,0.0,0.0,0.0,0.0,0.0,0.0,0.0,0.0,0.0,0.0,0.0,0.0,0.0,0.0,0.0,0.0,0.0,0.0,0.0,0.0,0.0,0.0,0.0,0.0,0.0,0.0,0.0,0.0,0.0,0.0,0.0,0.0,0.0,0.0,0.0,0.0,0.0,0.0,0.0,0.0,0.0,0.0,0.0,0.0,0.0,0.0,0.0,0.0,0.0,0.0,0.0,0.0,0.0
2017-05-29 01:43:00+02:00,0.0,0.0,0.0,0.0,0.0,0.0,0.0,0.0,0.0,0.0,0.0,0.0,0.0,0.0,0.0,0.0,0.0,0.0,0.0,0.0,0.0,0.0,0.0,0.0,0.0,0.0,0.0,0.0,0.0,0.0,0.0,0.0,0.0,0.0,0.0,0.0,0.0,0.0,0.0,0.0,0.0,0.0,0.0,0.0,0.0,0.0,0.0,0.0,0.0,0.0,0.0,0.0,0.0,0.0,0.0,0.0,0.0,0.0,0.0,0.0,0.0,0.0,0.0,0.0,0.0,0.0,0.0,0.0,0.0,0.0,0.0,0.0,0.0,0.0,0.0,0.0,0.0,0.0,0.0,0.0,0.0,0.0,0.0,0.0,0.0,0.0,0.0,0.0,0.0,0.0,0.0,0.0,0.0,0.0,0.0,0.0,0.0,0.0,0.0,0.0,0.0,0.0,0.0,0.0,0.0,0.0,0.0,0.0,0.0,0.0,0.0,0.0,0.0,0.0,0.0,0.0,0.0,0.0
2017-05-29 01:44:00+02:00,0.0,0.0,0.0,0.0,0.0,0.0,0.0,0.0,0.0,0.0,0.0,0.0,0.0,0.0,0.0,0.0,0.0,0.0,0.0,0.0,0.0,0.0,0.0,0.0,0.0,0.0,0.0,0.0,0.0,0.0,0.0,0.0,0.0,0.0,0.0,0.0,0.0,0.0,0.0,0.0,0.0,0.0,0.0,0.0,0.0,0.0,0.0,0.0,0.0,0.0,0.0,0.0,0.0,0.0,0.0,0.0,0.0,0.0,0.0,0.0,0.0,0.0,0.0,0.0,0.0,0.0,0.0,0.0,0.0,0.0,0.0,0.0,0.0,0.0,0.0,0.0,0.0,0.0,0.0,0.0,0.0,0.0,0.0,0.0,0.0,0.0,0.0,0.0,0.0,0.0,0.0,0.0,0.0,0.0,0.0,0.0,0.0,0.0,0.0,0.0,0.0,0.0,0.0,0.0,0.0,0.0,0.0,0.0,0.0,0.0,0.0,0.0,0.0,0.0,0.0,0.0,0.0,0.0
2017-05-29 01:45:00+02:00,0.0,0.0,0.0,0.0,0.0,0.0,0.0,0.0,0.0,0.0,0.0,0.0,0.0,0.0,0.0,0.0,0.0,0.0,0.0,0.0,0.0,0.0,0.0,0.0,0.0,0.0,0.0,0.0,0.0,0.0,0.0,0.0,0.0,0.0,0.0,0.0,0.0,0.0,0.0,0.0,0.0,0.0,0.0,0.0,0.0,0.0,0.0,0.0,0.0,0.0,0.0,0.0,0.0,0.0,0.0,0.0,0.0,0.0,0.0,0.0,0.0,0.0,0.0,0.0,0.0,0.0,0.0,0.0,0.0,0.0,0.0,0.0,0.0,0.0,0.0,0.0,0.0,0.0,0.0,0.0,0.0,0.0,0.0,0.0,0.0,0.0,0.0,0.0,0.0,0.0,0.0,0.0,0.0,0.0,0.0,0.0,0.0,0.0,0.0,0.0,0.0,0.0,0.0,0.0,0.0,0.0,0.0,0.0,0.0,0.0,0.0,0.0,0.0,0.0,0.0,0.0,0.0,0.0
2017-05-29 01:46:00+02:00,0.0,0.0,0.0,0.0,0.0,0.0,0.0,0.0,0.0,0.0,0.0,0.0,0.0,0.0,0.0,0.0,0.0,0.0,0.0,0.0,0.0,0.0,0.0,0.0,0.0,0.0,0.0,0.0,0.0,0.0,0.0,0.0,0.0,0.0,0.0,0.0,0.0,0.0,0.0,0.0,0.0,0.0,0.0,0.0,0.0,0.0,0.0,0.0,0.0,0.0,0.0,0.0,0.0,0.0,0.0,0.0,0.0,0.0,0.0,0.0,0.0,0.0,0.0,0.0,0.0,0.0,0.0,0.0,0.0,0.0,0.0,0.0,0.0,0.0,0.0,0.0,0.0,0.0,0.0,0.0,0.0,0.0,0.0,0.0,0.0,0.0,0.0,0.0,0.0,0.0,0.0,0.0,0.0,0.0,0.0,0.0,0.0,0.0,0.0,0.0,0.0,0.0,0.0,0.0,0.0,0.0,0.0,0.0,0.0,0.0,0.0,0.0,0.0,0.0,0.0,0.0,0.0,0.0
2017-05-29 01:47:00+02:00,0.0,0.0,0.0,0.0,0.0,0.0,0.0,0.0,0.0,0.0,0.0,0.0,0.0,0.0,0.0,0.0,0.0,0.0,0.0,0.0,0.0,0.0,0.0,0.0,0.0,0.0,0.0,0.0,0.0,0.0,0.0,0.0,0.0,0.0,0.0,0.0,0.0,0.0,0.0,0.0,0.0,0.0,0.0,0.0,0.0,0.0,0.0,0.0,0.0,0.0,0.0,0.0,0.0,0.0,0.0,0.0,0.0,0.0,0.0,0.0,0.0,0.0,0.0,0.0,0.0,0.0,0.0,0.0,0.0,0.0,0.0,0.0,0.0,0.0,0.0,0.0,0.0,0.0,0.0,0.0,0.0,0.0,0.0,0.0,0.0,0.0,0.0,0.0,0.0,0.0,0.0,0.0,0.0,0.0,0.0,0.0,0.0,0.0,0.0,0.0,0.0,0.0,0.0,0.0,0.0,0.0,0.0,0.0,0.0,0.0,0.0,0.0,0.0,0.0,0.0,0.0,0.0,0.0
2017-05-29 01:48:00+02:00,0.0,0.0,0.0,0.0,0.0,0.0,0.0,0.0,0.0,0.0,0.0,0.0,0.0,0.0,0.0,0.0,0.0,0.0,0.0,0.0,0.0,0.0,0.0,0.0,0.0,0.0,0.0,0.0,0.0,0.0,0.0,0.0,0.0,0.0,0.0,0.0,0.0,0.0,0.0,0.0,0.0,0.0,0.0,0.0,0.0,0.0,0.0,0.0,0.0,0.0,0.0,0.0,0.0,0.0,0.0,0.0,0.0,0.0,0.0,0.0,0.0,0.0,0.0,0.0,0.0,0.0,0.0,0.0,0.0,0.0,0.0,0.0,0.0,0.0,0.0,0.0,0.0,0.0,0.0,0.0,0.0,0.0,0.0,0.0,0.0,0.0,0.0,0.0,0.0,0.0,0.0,0.0,0.0,0.0,0.0,0.0,0.0,0.0,0.0,0.0,0.0,0.0,0.0,0.0,0.0,0.0,0.0,0.0,0.0,0.0,0.0,0.0,0.0,0.0,0.0,0.0,0.0,0.0
2017-05-29 01:49:00+02:00,0.0,0.0,0.0,0.0,0.0,0.0,0.0,0.0,0.0,0.0,0.0,0.0,0.0,0.0,0.0,0.0,0.0,0.0,0.0,0.0,0.0,0.0,0.0,0.0,0.0,0.0,0.0,0.0,0.0,0.0,0.0,0.0,0.0,0.0,0.0,0.0,0.0,0.0,0.0,0.0,0.0,0.0,0.0,0.0,0.0,0.0,0.0,0.0,0.0,0.0,0.0,0.0,0.0,0.0,0.0,0.0,0.0,0.0,0.0,0.0,0.0,0.0,0.0,0.0,0.0,0.0,0.0,0.0,0.0,0.0,0.0,0.0,0.0,0.0,0.0,0.0,0.0,0.0,0.0,0.0,0.0,0.0,0.0,0.0,0.0,0.0,0.0,0.0,0.0,0.0,0.0,0.0,0.0,0.0,0.0,0.0,0.0,0.0,0.0,0.0,0.0,0.0,0.0,0.0,0.0,0.0,0.0,0.0,0.0,0.0,0.0,0.0,0.0,0.0,0.0,0.0,0.0,0.0
2017-05-29 01:50:00+02:00,0.0,0.0,0.0,0.0,0.0,0.0,0.0,0.0,0.0,0.0,0.0,0.0,0.0,0.0,0.0,0.0,0.0,0.0,0.0,0.0,0.0,0.0,0.0,0.0,0.0,0.0,0.0,0.0,0.0,0.0,0.0,0.0,0.0,0.0,0.0,0.0,0.0,0.0,0.0,0.0,0.0,0.0,0.0,0.0,0.0,0.0,0.0,0.0,0.0,0.0,0.0,0.0,0.0,0.0,0.0,0.0,0.0,0.0,0.0,0.0,0.0,0.0,0.0,0.0,0.0,0.0,0.0,0.0,0.0,0.0,0.0,0.0,0.0,0.0,0.0,0.0,0.0,0.0,0.0,0.0,0.0,0.0,0.0,0.0,0.0,0.0,0.0,0.0,0.0,0.0,0.0,0.0,0.0,0.0,0.0,0.0,0.0,0.0,0.0,0.0,0.0,0.0,0.0,0.0,0.0,0.0,0.0,0.0,0.0,0.0,0.0,0.0,0.0,0.0,0.0,0.0,0.0,0.0
2017-05-29 01:51:00+02:00,0.0,0.0,0.0,0.0,0.0,0.0,0.0,0.0,0.0,0.0,0.0,0.0,0.0,0.0,0.0,0.0,0.0,0.0,0.0,0.0,0.0,0.0,0.0,0.0,0.0,0.0,0.0,0.0,0.0,0.0,0.0,0.0,0.0,0.0,0.0,0.0,0.0,0.0,0.0,0.0,0.0,0.0,0.0,0.0,0.0,0.0,0.0,0.0,0.0,0.0,0.0,0.0,0.0,0.0,0.0,0.0,0.0,0.0,0.0,0.0,0.0,0.0,0.0,0.0,0.0,0.0,0.0,0.0,0.0,0.0,0.0,0.0,0.0,0.0,0.0,0.0,0.0,0.0,0.0,0.0,0.0,0.0,0.0,0.0,0.0,0.0,0.0,0.0,0.0,0.0,0.0,0.0,0.0,0.0,0.0,0.0,0.0,0.0,0.0,0.0,0.0,0.0,0.0,0.0,0.0,0.0,0.0,0.0,0.0,0.0,0.0,0.0,0.0,0.0,0.0,0.0,0.0,0.0
2017-05-29 01:52:00+02:00,0.0,0.0,0.0,0.0,0.0,0.0,0.0,0.0,0.0,0.0,0.0,0.0,0.0,0.0,0.0,0.0,0.0,0.0,0.0,0.0,0.0,0.0,0.0,0.0,0.0,0.0,0.0,0.0,0.0,0.0,0.0,0.0,0.0,0.0,0.0,0.0,0.0,0.0,0.0,0.0,0.0,0.0,0.0,0.0,0.0,0.0,0.0,0.0,0.0,0.0,0.0,0.0,0.0,0.0,0.0,0.0,0.0,0.0,0.0,0.0,0.0,0.0,0.0,0.0,0.0,0.0,0.0,0.0,0.0,0.0,0.0,0.0,0.0,0.0,0.0,0.0,0.0,0.0,0.0,0.0,0.0,0.0,0.0,0.0,0.0,0.0,0.0,0.0,0.0,0.0,0.0,0.0,0.0,0.0,0.0,0.0,0.0,0.0,0.0,0.0,0.0,0.0,0.0,0.0,0.0,0.0,0.0,0.0,0.0,0.0,0.0,0.0,0.0,0.0,0.0,0.0,0.0,0.0
2017-05-29 01:53:00+02:00,0.0,0.0,0.0,0.0,0.0,0.0,0.0,0.0,0.0,0.0,0.0,0.0,0.0,0.0,0.0,0.0,0.0,0.0,0.0,0.0,0.0,0.0,0.0,0.0,0.0,0.0,0.0,0.0,0.0,0.0,0.0,0.0,0.0,0.0,0.0,0.0,0.0,0.0,0.0,0.0,0.0,0.0,0.0,0.0,0.0,0.0,0.0,0.0,0.0,0.0,0.0,0.0,0.0,0.0,0.0,0.0,0.0,0.0,0.0,0.0,0.0,0.0,0.0,0.0,0.0,0.0,0.0,0.0,0.0,0.0,0.0,0.0,0.0,0.0,0.0,0.0,0.0,0.0,0.0,0.0,0.0,0.0,0.0,0.0,0.0,0.0,0.0,0.0,0.0,0.0,0.0,0.0,0.0,0.0,0.0,0.0,0.0,0.0,0.0,0.0,0.0,0.0,0.0,0.0,0.0,0.0,0.0,0.0,0.0,0.0,0.0,0.0,0.0,0.0,0.0,0.0,0.0,0.0
2017-05-29 01:54:00+02:00,0.0,0.0,0.0,0.0,0.0,0.0,0.0,0.0,0.0,0.0,0.0,0.0,0.0,0.0,0.0,0.0,0.0,0.0,0.0,0.0,0.0,0.0,0.0,0.0,0.0,0.0,0.0,0.0,0.0,0.0,0.0,0.0,0.0,0.0,0.0,0.0,0.0,0.0,0.0,0.0,0.0,0.0,0.0,0.0,0.0,0.0,0.0,0.0,0.0,0.0,0.0,0.0,0.0,0.0,0.0,0.0,0.0,0.0,0.0,0.0,0.0,0.0,0.0,0.0,0.0,0.0,0.0,0.0,0.0,0.0,0.0,0.0,0.0,0.0,0.0,0.0,0.0,0.0,0.0,0.0,0.0,0.0,0.0,0.0,0.0,0.0,0.0,0.0,0.0,0.0,0.0,0.0,0.0,0.0,0.0,0.0,0.0,0.0,0.0,0.0,0.0,0.0,0.0,0.0,0.0,0.0,0.0,0.0,0.0,0.0,0.0,0.0,0.0,0.0,0.0,0.0,0.0,0.0
2017-05-29 01:55:00+02:00,0.0,0.0,0.0,0.0,0.0,0.0,0.0,0.0,0.0,0.0,0.0,0.0,0.0,0.0,0.0,0.0,0.0,0.0,0.0,0.0,0.0,0.0,0.0,0.0,0.0,0.0,0.0,0.0,0.0,0.0,0.0,0.0,0.0,0.0,0.0,0.0,0.0,0.0,0.0,0.0,0.0,0.0,0.0,0.0,0.0,0.0,0.0,0.0,0.0,0.0,0.0,0.0,0.0,0.0,0.0,0.0,0.0,0.0,0.0,0.0,0.0,0.0,0.0,0.0,0.0,0.0,0.0,0.0,0.0,0.0,0.0,0.0,0.0,0.0,0.0,0.0,0.0,0.0,0.0,0.0,0.0,0.0,0.0,0.0,0.0,0.0,0.0,0.0,0.0,0.0,0.0,0.0,0.0,0.0,0.0,0.0,0.0,0.0,0.0,0.0,0.0,0.0,0.0,0.0,0.0,0.0,0.0,0.0,0.0,0.0,0.0,0.0,0.0,0.0,0.0,0.0,0.0,0.0
2017-05-29 01:56:00+02:00,0.0,0.0,0.0,0.0,0.0,0.0,0.0,0.0,0.0,0.0,0.0,0.0,0.0,0.0,0.0,0.0,0.0,0.0,0.0,0.0,0.0,0.0,0.0,0.0,0.0,0.0,0.0,0.0,0.0,0.0,0.0,0.0,0.0,0.0,0.0,0.0,0.0,0.0,0.0,0.0,0.0,0.0,0.0,0.0,0.0,0.0,0.0,0.0,0.0,0.0,0.0,0.0,0.0,0.0,0.0,0.0,0.0,0.0,0.0,0.0,0.0,0.0,0.0,0.0,0.0,0.0,0.0,0.0,0.0,0.0,0.0,0.0,0.0,0.0,0.0,0.0,0.0,0.0,0.0,0.0,0.0,0.0,0.0,0.0,0.0,0.0,0.0,0.0,0.0,0.0,0.0,0.0,0.0,0.0,0.0,0.0,0.0,0.0,0.0,0.0,0.0,0.0,0.0,0.0,0.0,0.0,0.0,0.0,0.0,0.0,0.0,0.0,0.0,0.0,0.0,0.0,0.0,0.0
2017-05-29 01:57:00+02:00,0.0,0.0,0.0,0.0,0.0,0.0,0.0,0.0,0.0,0.0,0.0,0.0,0.0,0.0,0.0,0.0,0.0,0.0,0.0,0.0,0.0,0.0,0.0,0.0,0.0,0.0,0.0,0.0,0.0,0.0,0.0,0.0,0.0,0.0,0.0,0.0,0.0,0.0,0.0,0.0,0.0,0.0,0.0,0.0,0.0,0.0,0.0,0.0,0.0,0.0,0.0,0.0,0.0,0.0,0.0,0.0,0.0,0.0,0.0,0.0,0.0,0.0,0.0,0.0,0.0,0.0,0.0,0.0,0.0,0.0,0.0,0.0,0.0,0.0,0.0,0.0,0.0,0.0,0.0,0.0,0.0,0.0,0.0,0.0,0.0,0.0,0.0,0.0,0.0,0.0,0.0,0.0,0.0,0.0,0.0,0.0,0.0,0.0,0.0,0.0,0.0,0.0,0.0,0.0,0.0,0.0,0.0,0.0,0.0,0.0,0.0,0.0,0.0,0.0,0.0,0.0,0.0,0.0
2017-05-29 01:58:00+02:00,0.0,0.0,0.0,0.0,0.0,0.0,0.0,0.0,0.0,0.0,0.0,0.0,0.0,0.0,0.0,0.0,0.0,0.0,0.0,0.0,0.0,0.0,0.0,0.0,0.0,0.0,0.0,0.0,0.0,0.0,0.0,0.0,0.0,0.0,0.0,0.0,0.0,0.0,0.0,0.0,0.0,0.0,0.0,0.0,0.0,0.0,0.0,0.0,0.0,0.0,0.0,0.0,0.0,0.0,0.0,0.0,0.0,0.0,0.0,0.0,0.0,0.0,0.0,0.0,0.0,0.0,0.0,0.0,0.0,0.0,0.0,0.0,0.0,0.0,0.0,0.0,0.0,0.0,0.0,0.0,0.0,0.0,0.0,0.0,0.0,0.0,0.0,0.0,0.0,0.0,0.0,0.0,0.0,0.0,0.0,0.0,0.0,0.0,0.0,0.0,0.0,0.0,0.0,0.0,0.0,0.0,0.0,0.0,0.0,0.0,0.0,0.0,0.0,0.0,0.0,0.0,0.0,0.0
2017-05-29 01:59:00+02:00,0.0,0.0,0.0,0.0,0.0,0.0,0.0,0.0,0.0,0.0,0.0,0.0,0.0,0.0,0.0,0.0,0.0,0.0,0.0,0.0,0.0,0.0,0.0,0.0,0.0,0.0,0.0,0.0,0.0,0.0,0.0,0.0,0.0,0.0,0.0,0.0,0.0,0.0,0.0,0.0,0.0,0.0,0.0,0.0,0.0,0.0,0.0,0.0,0.0,0.0,0.0,0.0,0.0,0.0,0.0,0.0,0.0,0.0,0.0,0.0,0.0,0.0,0.0,0.0,0.0,0.0,0.0,0.0,0.0,0.0,0.0,0.0,0.0,0.0,0.0,0.0,0.0,0.0,0.0,0.0,0.0,0.0,0.0,0.0,0.0,0.0,0.0,0.0,0.0,0.0,0.0,0.0,0.0,0.0,0.0,0.0,0.0,0.0,0.0,0.0,0.0,0.0,0.0,0.0,0.0,0.0,0.0,0.0,0.0,0.0,0.0,0.0,0.0,0.0,0.0,0.0,0.0,0.0
2017-05-29 02:00:00+02:00,0.0,0.0,0.0,0.0,0.0,0.0,0.0,0.0,0.0,0.0,0.0,0.0,0.0,0.0,0.0,0.0,0.0,0.0,0.0,0.0,0.0,0.0,0.0,0.0,0.0,0.0,0.0,0.0,0.0,0.0,0.0,0.0,0.0,0.0,0.0,0.0,0.0,0.0,0.0,0.0,0.0,0.0,0.0,0.0,0.0,0.0,0.0,0.0,0.0,0.0,0.0,0.0,0.0,0.0,0.0,0.0,0.0,0.0,0.0,0.0,0.0,0.0,0.0,0.0,0.0,0.0,0.0,0.0,0.0,0.0,0.0,0.0,0.0,0.0,0.0,0.0,0.0,0.0,0.0,0.0,0.0,0.0,0.0,0.0,0.0,0.0,0.0,0.0,0.0,0.0,0.0,0.0,0.0,0.0,0.0,0.0,0.0,0.0,0.0,0.0,0.0,0.0,0.0,0.0,0.0,0.0,0.0,0.0,0.0,0.0,0.0,0.0,0.0,0.0,0.0,0.0,0.0,0.0
2017-05-29 02:01:00+02:00,0.0,0.0,0.0,0.0,0.0,0.0,0.0,0.0,0.0,0.0,0.0,0.0,0.0,0.0,0.0,0.0,0.0,0.0,0.0,0.0,0.0,0.0,0.0,0.0,0.0,0.0,0.0,0.0,0.0,0.0,0.0,0.0,0.0,0.0,0.0,0.0,0.0,0.0,0.0,0.0,0.0,0.0,0.0,0.0,0.0,0.0,0.0,0.0,0.0,0.0,0.0,0.0,0.0,0.0,0.0,0.0,0.0,0.0,0.0,0.0,0.0,0.0,0.0,0.0,0.0,0.0,0.0,0.0,0.0,0.0,0.0,0.0,0.0,0.0,0.0,0.0,0.0,0.0,0.0,0.0,0.0,0.0,0.0,0.0,0.0,0.0,0.0,0.0,0.0,0.0,0.0,0.0,0.0,0.0,0.0,0.0,0.0,0.0,0.0,0.0,0.0,0.0,0.0,0.0,0.0,0.0,0.0,0.0,0.0,0.0,0.0,0.0,0.0,0.0,0.0,0.0,0.0,0.0
2017-05-29 02:02:00+02:00,0.0,0.0,0.0,0.0,0.0,0.0,0.0,0.0,0.0,0.0,0.0,0.0,0.0,0.0,0.0,0.0,0.0,0.0,0.0,0.0,0.0,0.0,0.0,0.0,0.0,0.0,0.0,0.0,0.0,0.0,0.0,0.0,0.0,0.0,0.0,0.0,0.0,0.0,0.0,0.0,0.0,0.0,0.0,0.0,0.0,0.0,0.0,0.0,0.0,0.0,0.0,0.0,0.0,0.0,0.0,0.0,0.0,0.0,0.0,0.0,0.0,0.0,0.0,0.0,0.0,0.0,0.0,0.0,0.0,0.0,0.0,0.0,0.0,0.0,0.0,0.0,0.0,0.0,0.0,0.0,0.0,0.0,0.0,0.0,0.0,0.0,0.0,0.0,0.0,0.0,0.0,0.0,0.0,0.0,0.0,0.0,0.0,0.0,0.0,0.0,0.0,0.0,0.0,0.0,0.0,0.0,0.0,0.0,0.0,0.0,0.0,0.0,0.0,0.0,0.0,0.0,0.0,0.0
2017-05-29 02:03:00+02:00,0.0,0.0,0.0,0.0,0.0,0.0,0.0,0.0,0.0,0.0,0.0,0.0,0.0,0.0,0.0,0.0,0.0,0.0,0.0,0.0,0.0,0.0,0.0,0.0,0.0,0.0,0.0,0.0,0.0,0.0,0.0,0.0,0.0,0.0,0.0,0.0,0.0,0.0,0.0,0.0,0.0,0.0,0.0,0.0,0.0,0.0,0.0,0.0,0.0,0.0,0.0,0.0,0.0,0.0,0.0,0.0,0.0,0.0,0.0,0.0,0.0,0.0,0.0,0.0,0.0,0.0,0.0,0.0,0.0,0.0,0.0,0.0,0.0,0.0,0.0,0.0,0.0,0.0,0.0,0.0,0.0,0.0,0.0,0.0,0.0,0.0,0.0,0.0,0.0,0.0,0.0,0.0,0.0,0.0,0.0,0.0,0.0,0.0,0.0,0.0,0.0,0.0,0.0,0.0,0.0,0.0,0.0,0.0,0.0,0.0,0.0,0.0,0.0,0.0,0.0,0.0,0.0,0.0
2017-05-29 02:04:00+02:00,0.0,0.0,0.0,0.0,0.0,0.0,0.0,0.0,0.0,0.0,0.0,0.0,0.0,0.0,0.0,0.0,0.0,0.0,0.0,0.0,0.0,0.0,0.0,0.0,0.0,0.0,0.0,0.0,0.0,0.0,0.0,0.0,0.0,0.0,0.0,0.0,0.0,0.0,0.0,0.0,0.0,0.0,0.0,0.0,0.0,0.0,0.0,0.0,0.0,0.0,0.0,0.0,0.0,0.0,0.0,0.0,0.0,0.0,0.0,0.0,0.0,0.0,0.0,0.0,0.0,0.0,0.0,0.0,0.0,0.0,0.0,0.0,0.0,0.0,0.0,0.0,0.0,0.0,0.0,0.0,0.0,0.0,0.0,0.0,0.0,0.0,0.0,0.0,0.0,0.0,0.0,0.0,0.0,0.0,0.0,0.0,0.0,0.0,0.0,0.0,0.0,0.0,0.0,0.0,0.0,0.0,0.0,0.0,0.0,0.0,0.0,0.0,0.0,0.0,0.0,0.0,0.0,0.0
2017-05-29 02:05:00+02:00,0.0,0.0,0.0,0.0,0.0,0.0,0.0,0.0,0.0,0.0,0.0,0.0,0.0,0.0,0.0,0.0,0.0,0.0,0.0,0.0,0.0,0.0,0.0,0.0,0.0,0.0,0.0,0.0,0.0,0.0,0.0,0.0,0.0,0.0,0.0,0.0,0.0,0.0,0.0,0.0,0.0,0.0,0.0,0.0,0.0,0.0,0.0,0.0,0.0,0.0,0.0,0.0,0.0,0.0,0.0,0.0,0.0,0.0,0.0,0.0,0.0,0.0,0.0,0.0,0.0,0.0,0.0,0.0,0.0,0.0,0.0,0.0,0.0,0.0,0.0,0.0,0.0,0.0,0.0,0.0,0.0,0.0,0.0,0.0,0.0,0.0,0.0,0.0,0.0,0.0,0.0,0.0,0.0,0.0,0.0,0.0,0.0,0.0,0.0,0.0,0.0,0.0,0.0,0.0,0.0,0.0,0.0,0.0,0.0,0.0,0.0,0.0,0.0,0.0,0.0,0.0,0.0,0.0
2017-05-29 02:06:00+02:00,0.0,0.0,0.0,0.0,0.0,0.0,0.0,0.0,0.0,0.0,0.0,0.0,0.0,0.0,0.0,0.0,0.0,0.0,0.0,0.0,0.0,0.0,0.0,0.0,0.0,0.0,0.0,0.0,0.0,0.0,0.0,0.0,0.0,0.0,0.0,0.0,0.0,0.0,0.0,0.0,0.0,0.0,0.0,0.0,0.0,0.0,0.0,0.0,0.0,0.0,0.0,0.0,0.0,0.0,0.0,0.0,0.0,0.0,0.0,0.0,0.0,0.0,0.0,0.0,0.0,0.0,0.0,0.0,0.0,0.0,0.0,0.0,0.0,0.0,0.0,0.0,0.0,0.0,0.0,0.0,0.0,0.0,0.0,0.0,0.0,0.0,0.0,0.0,0.0,0.0,0.0,0.0,0.0,0.0,0.0,0.0,0.0,0.0,0.0,0.0,0.0,0.0,0.0,0.0,0.0,0.0,0.0,0.0,0.0,0.0,0.0,0.0,0.0,0.0,0.0,0.0,0.0,0.0
2017-05-29 02:07:00+02:00,0.0,0.0,0.0,0.0,0.0,0.0,0.0,0.0,0.0,0.0,0.0,0.0,0.0,0.0,0.0,0.0,0.0,0.0,0.0,0.0,0.0,0.0,0.0,0.0,0.0,0.0,0.0,0.0,0.0,0.0,0.0,0.0,0.0,0.0,0.0,0.0,0.0,0.0,0.0,0.0,0.0,0.0,0.0,0.0,0.0,0.0,0.0,0.0,0.0,0.0,0.0,0.0,0.0,0.0,0.0,0.0,0.0,0.0,0.0,0.0,0.0,0.0,0.0,0.0,0.0,0.0,0.0,0.0,0.0,0.0,0.0,0.0,0.0,0.0,0.0,0.0,0.0,0.0,0.0,0.0,0.0,0.0,0.0,0.0,0.0,0.0,0.0,0.0,0.0,0.0,0.0,0.0,0.0,0.0,0.0,0.0,0.0,0.0,0.0,0.0,0.0,0.0,0.0,0.0,0.0,0.0,0.0,0.0,0.0,0.0,0.0,0.0,0.0,0.0,0.0,0.0,0.0,0.0
2017-05-29 02:08:00+02:00,0.0,0.0,0.0,0.0,0.0,0.0,0.0,0.0,0.0,0.0,0.0,0.0,0.0,0.0,0.0,0.0,0.0,0.0,0.0,0.0,0.0,0.0,0.0,0.0,0.0,0.0,0.0,0.0,0.0,0.0,0.0,0.0,0.0,0.0,0.0,0.0,0.0,0.0,0.0,0.0,0.0,0.0,0.0,0.0,0.0,0.0,0.0,0.0,0.0,0.0,0.0,0.0,0.0,0.0,0.0,0.0,0.0,0.0,0.0,0.0,0.0,0.0,0.0,0.0,0.0,0.0,0.0,0.0,0.0,0.0,0.0,0.0,0.0,0.0,0.0,0.0,0.0,0.0,0.0,0.0,0.0,0.0,0.0,0.0,0.0,0.0,0.0,0.0,0.0,0.0,0.0,0.0,0.0,0.0,0.0,0.0,0.0,0.0,0.0,0.0,0.0,0.0,0.0,0.0,0.0,0.0,0.0,0.0,0.0,0.0,0.0,0.0,0.0,0.0,0.0,0.0,0.0,0.0
2017-05-29 02:09:00+02:00,0.0,0.0,0.0,0.0,0.0,0.0,0.0,0.0,0.0,0.0,0.0,0.0,0.0,0.0,0.0,0.0,0.0,0.0,0.0,0.0,0.0,0.0,0.0,0.0,0.0,0.0,0.0,0.0,0.0,0.0,0.0,0.0,0.0,0.0,0.0,0.0,0.0,0.0,0.0,0.0,0.0,0.0,0.0,0.0,0.0,0.0,0.0,0.0,0.0,0.0,0.0,0.0,0.0,0.0,0.0,0.0,0.0,0.0,0.0,0.0,0.0,0.0,0.0,0.0,0.0,0.0,0.0,0.0,0.0,0.0,0.0,0.0,0.0,0.0,0.0,0.0,0.0,0.0,0.0,0.0,0.0,0.0,0.0,0.0,0.0,0.0,0.0,0.0,0.0,0.0,0.0,0.0,0.0,0.0,0.0,0.0,0.0,0.0,0.0,0.0,0.0,0.0,0.0,0.0,0.0,0.0,0.0,0.0,0.0,0.0,0.0,0.0,0.0,0.0,0.0,0.0,0.0,0.0
2017-05-29 02:10:00+02:00,0.0,0.0,0.0,0.0,0.0,0.0,0.0,0.0,0.0,0.0,0.0,0.0,0.0,0.0,0.0,0.0,0.0,0.0,0.0,0.0,0.0,0.0,0.0,0.0,0.0,0.0,0.0,0.0,0.0,0.0,0.0,0.0,0.0,0.0,0.0,0.0,0.0,0.0,0.0,0.0,0.0,0.0,0.0,0.0,0.0,0.0,0.0,0.0,0.0,0.0,0.0,0.0,0.0,0.0,0.0,0.0,0.0,0.0,0.0,0.0,0.0,0.0,0.0,0.0,0.0,0.0,0.0,0.0,0.0,0.0,0.0,0.0,0.0,0.0,0.0,0.0,0.0,0.0,0.0,0.0,0.0,0.0,0.0,0.0,0.0,0.0,0.0,0.0,0.0,0.0,0.0,0.0,0.0,0.0,0.0,0.0,0.0,0.0,0.0,0.0,0.0,0.0,0.0,0.0,0.0,0.0,0.0,0.0,0.0,0.0,0.0,0.0,0.0,0.0,0.0,0.0,0.0,0.0
2017-05-29 02:11:00+02:00,0.0,0.0,0.0,0.0,0.0,0.0,0.0,0.0,0.0,0.0,0.0,0.0,0.0,0.0,0.0,0.0,0.0,0.0,0.0,0.0,0.0,0.0,0.0,0.0,0.0,0.0,0.0,0.0,0.0,0.0,0.0,0.0,0.0,0.0,0.0,0.0,0.0,0.0,0.0,0.0,0.0,0.0,0.0,0.0,0.0,0.0,0.0,0.0,0.0,0.0,0.0,0.0,0.0,0.0,0.0,0.0,0.0,0.0,0.0,0.0,0.0,0.0,0.0,0.0,0.0,0.0,0.0,0.0,0.0,0.0,0.0,0.0,0.0,0.0,0.0,0.0,0.0,0.0,0.0,0.0,0.0,0.0,0.0,0.0,0.0,0.0,0.0,0.0,0.0,0.0,0.0,0.0,0.0,0.0,0.0,0.0,0.0,0.0,0.0,0.0,0.0,0.0,0.0,0.0,0.0,0.0,0.0,0.0,0.0,0.0,0.0,0.0,0.0,0.0,0.0,0.0,0.0,0.0
2017-05-29 02:12:00+02:00,0.0,0.0,0.0,0.0,0.0,0.0,0.0,0.0,0.0,0.0,0.0,0.0,0.0,0.0,0.0,0.0,0.0,0.0,0.0,0.0,0.0,0.0,0.0,0.0,0.0,0.0,0.0,0.0,0.0,0.0,0.0,0.0,0.0,0.0,0.0,0.0,0.0,0.0,0.0,0.0,0.0,0.0,0.0,0.0,0.0,0.0,0.0,0.0,0.0,0.0,0.0,0.0,0.0,0.0,0.0,0.0,0.0,0.0,0.0,0.0,0.0,0.0,0.0,0.0,0.0,0.0,0.0,0.0,0.0,0.0,0.0,0.0,0.0,0.0,0.0,0.0,0.0,0.0,0.0,0.0,0.0,0.0,0.0,0.0,0.0,0.0,0.0,0.0,0.0,0.0,0.0,0.0,0.0,0.0,0.0,0.0,0.0,0.0,0.0,0.0,0.0,0.0,0.0,0.0,0.0,0.0,0.0,0.0,0.0,0.0,0.0,0.0,0.0,0.0,0.0,0.0,0.0,0.0
2017-05-29 02:13:00+02:00,0.0,0.0,0.0,0.0,0.0,0.0,0.0,0.0,0.0,0.0,0.0,0.0,0.0,0.0,0.0,0.0,0.0,0.0,0.0,0.0,0.0,0.0,0.0,0.0,0.0,0.0,0.0,0.0,0.0,0.0,0.0,0.0,0.0,0.0,0.0,0.0,0.0,0.0,0.0,0.0,0.0,0.0,0.0,0.0,0.0,0.0,0.0,0.0,0.0,0.0,0.0,0.0,0.0,0.0,0.0,0.0,0.0,0.0,0.0,0.0,0.0,0.0,0.0,0.0,0.0,0.0,0.0,0.0,0.0,0.0,0.0,0.0,0.0,0.0,0.0,0.0,0.0,0.0,0.0,0.0,0.0,0.0,0.0,0.0,0.0,0.0,0.0,0.0,0.0,0.0,0.0,0.0,0.0,0.0,0.0,0.0,0.0,0.0,0.0,0.0,0.0,0.0,0.0,0.0,0.0,0.0,0.0,0.0,0.0,0.0,0.0,0.0,0.0,0.0,0.0,0.0,0.0,0.0
2017-05-29 02:14:00+02:00,0.0,0.0,0.0,0.0,0.0,0.0,0.0,0.0,0.0,0.0,0.0,0.0,0.0,0.0,0.0,0.0,0.0,0.0,0.0,0.0,0.0,0.0,0.0,0.0,0.0,0.0,0.0,0.0,0.0,0.0,0.0,0.0,0.0,0.0,0.0,0.0,0.0,0.0,0.0,0.0,0.0,0.0,0.0,0.0,0.0,0.0,0.0,0.0,0.0,0.0,0.0,0.0,0.0,0.0,0.0,0.0,0.0,0.0,0.0,0.0,0.0,0.0,0.0,0.0,0.0,0.0,0.0,0.0,0.0,0.0,0.0,0.0,0.0,0.0,0.0,0.0,0.0,0.0,0.0,0.0,0.0,0.0,0.0,0.0,0.0,0.0,0.0,0.0,0.0,0.0,0.0,0.0,0.0,0.0,0.0,0.0,0.0,0.0,0.0,0.0,0.0,0.0,0.0,0.0,0.0,0.0,0.0,0.0,0.0,0.0,0.0,0.0,0.0,0.0,0.0,0.0,0.0,0.0
2017-05-29 02:15:00+02:00,0.0,0.0,0.0,0.0,0.0,0.0,0.0,0.0,0.0,0.0,0.0,0.0,0.0,0.0,0.0,0.0,0.0,0.0,0.0,0.0,0.0,0.0,0.0,0.0,0.0,0.0,0.0,0.0,0.0,0.0,0.0,0.0,0.0,0.0,0.0,0.0,0.0,0.0,0.0,0.0,0.0,0.0,0.0,0.0,0.0,0.0,0.0,0.0,0.0,0.0,0.0,0.0,0.0,0.0,0.0,0.0,0.0,0.0,0.0,0.0,0.0,0.0,0.0,0.0,0.0,0.0,0.0,0.0,0.0,0.0,0.0,0.0,0.0,0.0,0.0,0.0,0.0,0.0,0.0,0.0,0.0,0.0,0.0,0.0,0.0,0.0,0.0,0.0,0.0,0.0,0.0,0.0,0.0,0.0,0.0,0.0,0.0,0.0,0.0,0.0,0.0,0.0,0.0,0.0,0.0,0.0,0.0,0.0,0.0,0.0,0.0,0.0,0.0,0.0,0.0,0.0,0.0,0.0
2017-05-29 02:16:00+02:00,0.0,0.0,0.0,0.0,0.0,0.0,0.0,0.0,0.0,0.0,0.0,0.0,0.0,0.0,0.0,0.0,0.0,0.0,0.0,0.0,0.0,0.0,0.0,0.0,0.0,0.0,0.0,0.0,0.0,0.0,0.0,0.0,0.0,0.0,0.0,0.0,0.0,0.0,0.0,0.0,0.0,0.0,0.0,0.0,0.0,0.0,0.0,0.0,0.0,0.0,0.0,0.0,0.0,0.0,0.0,0.0,0.0,0.0,0.0,0.0,0.0,0.0,0.0,0.0,0.0,0.0,0.0,0.0,0.0,0.0,0.0,0.0,0.0,0.0,0.0,0.0,0.0,0.0,0.0,0.0,0.0,0.0,0.0,0.0,0.0,0.0,0.0,0.0,0.0,0.0,0.0,0.0,0.0,0.0,0.0,0.0,0.0,0.0,0.0,0.0,0.0,0.0,0.0,0.0,0.0,0.0,0.0,0.0,0.0,0.0,0.0,0.0,0.0,0.0,0.0,0.0,0.0,0.0
2017-05-29 02:17:00+02:00,0.0,0.0,0.0,0.0,0.0,0.0,0.0,0.0,0.0,0.0,0.0,0.0,0.0,0.0,0.0,0.0,0.0,0.0,0.0,0.0,0.0,0.0,0.0,0.0,0.0,0.0,0.0,0.0,0.0,0.0,0.0,0.0,0.0,0.0,0.0,0.0,0.0,0.0,0.0,0.0,0.0,0.0,0.0,0.0,0.0,0.0,0.0,0.0,0.0,0.0,0.0,0.0,0.0,0.0,0.0,0.0,0.0,0.0,0.0,0.0,0.0,0.0,0.0,0.0,0.0,0.0,0.0,0.0,0.0,0.0,0.0,0.0,0.0,0.0,0.0,0.0,0.0,0.0,0.0,0.0,0.0,0.0,0.0,0.0,0.0,0.0,0.0,0.0,0.0,0.0,0.0,0.0,0.0,0.0,0.0,0.0,0.0,0.0,0.0,0.0,0.0,0.0,0.0,0.0,0.0,0.0,0.0,0.0,0.0,0.0,0.0,0.0,0.0,0.0,0.0,0.0,0.0,0.0
2017-05-29 02:18:00+02:00,0.0,0.0,0.0,0.0,0.0,0.0,0.0,0.0,0.0,0.0,0.0,0.0,0.0,0.0,0.0,0.0,0.0,0.0,0.0,0.0,0.0,0.0,0.0,0.0,0.0,0.0,0.0,0.0,0.0,0.0,0.0,0.0,0.0,0.0,0.0,0.0,0.0,0.0,0.0,0.0,0.0,0.0,0.0,0.0,0.0,0.0,0.0,0.0,0.0,0.0,0.0,0.0,0.0,0.0,0.0,0.0,0.0,0.0,0.0,0.0,0.0,0.0,0.0,0.0,0.0,0.0,0.0,0.0,0.0,0.0,0.0,0.0,0.0,0.0,0.0,0.0,0.0,0.0,0.0,0.0,0.0,0.0,0.0,0.0,0.0,0.0,0.0,0.0,0.0,0.0,0.0,0.0,0.0,0.0,0.0,0.0,0.0,0.0,0.0,0.0,0.0,0.0,0.0,0.0,0.0,0.0,0.0,0.0,0.0,0.0,0.0,0.0,0.0,0.0,0.0,0.0,0.0,0.0
2017-05-29 02:19:00+02:00,0.0,0.0,0.0,0.0,0.0,0.0,0.0,0.0,0.0,0.0,0.0,0.0,0.0,0.0,0.0,0.0,0.0,0.0,0.0,0.0,0.0,0.0,0.0,0.0,0.0,0.0,0.0,0.0,0.0,0.0,0.0,0.0,0.0,0.0,0.0,0.0,0.0,0.0,0.0,0.0,0.0,0.0,0.0,0.0,0.0,0.0,0.0,0.0,0.0,0.0,0.0,0.0,0.0,0.0,0.0,0.0,0.0,0.0,0.0,0.0,0.0,0.0,0.0,0.0,0.0,0.0,0.0,0.0,0.0,0.0,0.0,0.0,0.0,0.0,0.0,0.0,0.0,0.0,0.0,0.0,0.0,0.0,0.0,0.0,0.0,0.0,0.0,0.0,0.0,0.0,0.0,0.0,0.0,0.0,0.0,0.0,0.0,0.0,0.0,0.0,0.0,0.0,0.0,0.0,0.0,0.0,0.0,0.0,0.0,0.0,0.0,0.0,0.0,0.0,0.0,0.0,0.0,0.0
2017-05-29 02:20:00+02:00,0.0,0.0,0.0,0.0,0.0,0.0,0.0,0.0,0.0,0.0,0.0,0.0,0.0,0.0,0.0,0.0,0.0,0.0,0.0,0.0,0.0,0.0,0.0,0.0,0.0,0.0,0.0,0.0,0.0,0.0,0.0,0.0,0.0,0.0,0.0,0.0,0.0,0.0,0.0,0.0,0.0,0.0,0.0,0.0,0.0,0.0,0.0,0.0,0.0,0.0,0.0,0.0,0.0,0.0,0.0,0.0,0.0,0.0,0.0,0.0,0.0,0.0,0.0,0.0,0.0,0.0,0.0,0.0,0.0,0.0,0.0,0.0,0.0,0.0,0.0,0.0,0.0,0.0,0.0,0.0,0.0,0.0,0.0,0.0,0.0,0.0,0.0,0.0,0.0,0.0,0.0,0.0,0.0,0.0,0.0,0.0,0.0,0.0,0.0,0.0,0.0,0.0,0.0,0.0,0.0,0.0,0.0,0.0,0.0,0.0,0.0,0.0,0.0,0.0,0.0,0.0,0.0,0.0
2017-05-29 02:21:00+02:00,0.0,0.0,0.0,0.0,0.0,0.0,0.0,0.0,0.0,0.0,0.0,0.0,0.0,0.0,0.0,0.0,0.0,0.0,0.0,0.0,0.0,0.0,0.0,0.0,0.0,0.0,0.0,0.0,0.0,0.0,0.0,0.0,0.0,0.0,0.0,0.0,0.0,0.0,0.0,0.0,0.0,0.0,0.0,0.0,0.0,0.0,0.0,0.0,0.0,0.0,0.0,0.0,0.0,0.0,0.0,0.0,0.0,0.0,0.0,0.0,0.0,0.0,0.0,0.0,0.0,0.0,0.0,0.0,0.0,0.0,0.0,0.0,0.0,0.0,0.0,0.0,0.0,0.0,0.0,0.0,0.0,0.0,0.0,0.0,0.0,0.0,0.0,0.0,0.0,0.0,0.0,0.0,0.0,0.0,0.0,0.0,0.0,0.0,0.0,0.0,0.0,0.0,0.0,0.0,0.0,0.0,0.0,0.0,0.0,0.0,0.0,0.0,0.0,0.0,0.0,0.0,0.0,0.0
2017-05-29 02:22:00+02:00,0.0,0.0,0.0,0.0,0.0,0.0,0.0,0.0,0.0,0.0,0.0,0.0,0.0,0.0,0.0,0.0,0.0,0.0,0.0,0.0,0.0,0.0,0.0,0.0,0.0,0.0,0.0,0.0,0.0,0.0,0.0,0.0,0.0,0.0,0.0,0.0,0.0,0.0,0.0,0.0,0.0,0.0,0.0,0.0,0.0,0.0,0.0,0.0,0.0,0.0,0.0,0.0,0.0,0.0,0.0,0.0,0.0,0.0,0.0,0.0,0.0,0.0,0.0,0.0,0.0,0.0,0.0,0.0,0.0,0.0,0.0,0.0,0.0,0.0,0.0,0.0,0.0,0.0,0.0,0.0,0.0,0.0,0.0,0.0,0.0,0.0,0.0,0.0,0.0,0.0,0.0,0.0,0.0,0.0,0.0,0.0,0.0,0.0,0.0,0.0,0.0,0.0,0.0,0.0,0.0,0.0,0.0,0.0,0.0,0.0,0.0,0.0,0.0,0.0,0.0,0.0,0.0,0.0
2017-05-29 02:23:00+02:00,0.0,0.0,0.0,0.0,0.0,0.0,0.0,0.0,0.0,0.0,0.0,0.0,0.0,0.0,0.0,0.0,0.0,0.0,0.0,0.0,0.0,0.0,0.0,0.0,0.0,0.0,0.0,0.0,0.0,0.0,0.0,0.0,0.0,0.0,0.0,0.0,0.0,0.0,0.0,0.0,0.0,0.0,0.0,0.0,0.0,0.0,0.0,0.0,0.0,0.0,0.0,0.0,0.0,0.0,0.0,0.0,0.0,0.0,0.0,0.0,0.0,0.0,0.0,0.0,0.0,0.0,0.0,0.0,0.0,0.0,0.0,0.0,0.0,0.0,0.0,0.0,0.0,0.0,0.0,0.0,0.0,0.0,0.0,0.0,0.0,0.0,0.0,0.0,0.0,0.0,0.0,0.0,0.0,0.0,0.0,0.0,0.0,0.0,0.0,0.0,0.0,0.0,0.0,0.0,0.0,0.0,0.0,0.0,0.0,0.0,0.0,0.0,0.0,0.0,0.0,0.0,0.0,0.0
2017-05-29 02:24:00+02:00,0.0,0.0,0.0,0.0,0.0,0.0,0.0,0.0,0.0,0.0,0.0,0.0,0.0,0.0,0.0,0.0,0.0,0.0,0.0,0.0,0.0,0.0,0.0,0.0,0.0,0.0,0.0,0.0,0.0,0.0,0.0,0.0,0.0,0.0,0.0,0.0,0.0,0.0,0.0,0.0,0.0,0.0,0.0,0.0,0.0,0.0,0.0,0.0,0.0,0.0,0.0,0.0,0.0,0.0,0.0,0.0,0.0,0.0,0.0,0.0,0.0,0.0,0.0,0.0,0.0,0.0,0.0,0.0,0.0,0.0,0.0,0.0,0.0,0.0,0.0,0.0,0.0,0.0,0.0,0.0,0.0,0.0,0.0,0.0,0.0,0.0,0.0,0.0,0.0,0.0,0.0,0.0,0.0,0.0,0.0,0.0,0.0,0.0,0.0,0.0,0.0,0.0,0.0,0.0,0.0,0.0,0.0,0.0,0.0,0.0,0.0,0.0,0.0,0.0,0.0,0.0,0.0,0.0
2017-05-29 02:25:00+02:00,0.0,0.0,0.0,0.0,0.0,0.0,0.0,0.0,0.0,0.0,0.0,0.0,0.0,0.0,0.0,0.0,0.0,0.0,0.0,0.0,0.0,0.0,0.0,0.0,0.0,0.0,0.0,0.0,0.0,0.0,0.0,0.0,0.0,0.0,0.0,0.0,0.0,0.0,0.0,0.0,0.0,0.0,0.0,0.0,0.0,0.0,0.0,0.0,0.0,0.0,0.0,0.0,0.0,0.0,0.0,0.0,0.0,0.0,0.0,0.0,0.0,0.0,0.0,0.0,0.0,0.0,0.0,0.0,0.0,0.0,0.0,0.0,0.0,0.0,0.0,0.0,0.0,0.0,0.0,0.0,0.0,0.0,0.0,0.0,0.0,0.0,0.0,0.0,0.0,0.0,0.0,0.0,0.0,0.0,0.0,0.0,0.0,0.0,0.0,0.0,0.0,0.0,0.0,0.0,0.0,0.0,0.0,0.0,0.0,0.0,0.0,0.0,0.0,0.0,0.0,0.0,0.0,0.0
2017-05-29 02:26:00+02:00,0.0,0.0,0.0,0.0,0.0,0.0,0.0,0.0,0.0,0.0,0.0,0.0,0.0,0.0,0.0,0.0,0.0,0.0,0.0,0.0,0.0,0.0,0.0,0.0,0.0,0.0,0.0,0.0,0.0,0.0,0.0,0.0,0.0,0.0,0.0,0.0,0.0,0.0,0.0,0.0,0.0,0.0,0.0,0.0,0.0,0.0,0.0,0.0,0.0,0.0,0.0,0.0,0.0,0.0,0.0,0.0,0.0,0.0,0.0,0.0,0.0,0.0,0.0,0.0,0.0,0.0,0.0,0.0,0.0,0.0,0.0,0.0,0.0,0.0,0.0,0.0,0.0,0.0,0.0,0.0,0.0,0.0,0.0,0.0,0.0,0.0,0.0,0.0,0.0,0.0,0.0,0.0,0.0,0.0,0.0,0.0,0.0,0.0,0.0,0.0,0.0,0.0,0.0,0.0,0.0,0.0,0.0,0.0,0.0,0.0,0.0,0.0,0.0,0.0,0.0,0.0,0.0,0.0
2017-05-29 02:27:00+02:00,0.0,0.0,0.0,0.0,0.0,0.0,0.0,0.0,0.0,0.0,0.0,0.0,0.0,0.0,0.0,0.0,0.0,0.0,0.0,0.0,0.0,0.0,0.0,0.0,0.0,0.0,0.0,0.0,0.0,0.0,0.0,0.0,0.0,0.0,0.0,0.0,0.0,0.0,0.0,0.0,0.0,0.0,0.0,0.0,0.0,0.0,0.0,0.0,0.0,0.0,0.0,0.0,0.0,0.0,0.0,0.0,0.0,0.0,0.0,0.0,0.0,0.0,0.0,0.0,0.0,0.0,0.0,0.0,0.0,0.0,0.0,0.0,0.0,0.0,0.0,0.0,0.0,0.0,0.0,0.0,0.0,0.0,0.0,0.0,0.0,0.0,0.0,0.0,0.0,0.0,0.0,0.0,0.0,0.0,0.0,0.0,0.0,0.0,0.0,0.0,0.0,0.0,0.0,0.0,0.0,0.0,0.0,0.0,0.0,0.0,0.0,0.0,0.0,0.0,0.0,0.0,0.0,0.0
2017-05-29 02:28:00+02:00,0.0,0.0,0.0,0.0,0.0,0.0,0.0,0.0,0.0,0.0,0.0,0.0,0.0,0.0,0.0,0.0,0.0,0.0,0.0,0.0,0.0,0.0,0.0,0.0,0.0,0.0,0.0,0.0,0.0,0.0,0.0,0.0,0.0,0.0,0.0,0.0,0.0,0.0,0.0,0.0,0.0,0.0,0.0,0.0,0.0,0.0,0.0,0.0,0.0,0.0,0.0,0.0,0.0,0.0,0.0,0.0,0.0,0.0,0.0,0.0,0.0,0.0,0.0,0.0,0.0,0.0,0.0,0.0,0.0,0.0,0.0,0.0,0.0,0.0,0.0,0.0,0.0,0.0,0.0,0.0,0.0,0.0,0.0,0.0,0.0,0.0,0.0,0.0,0.0,0.0,0.0,0.0,0.0,0.0,0.0,0.0,0.0,0.0,0.0,0.0,0.0,0.0,0.0,0.0,0.0,0.0,0.0,0.0,0.0,0.0,0.0,0.0,0.0,0.0,0.0,0.0,0.0,0.0
2017-05-29 02:29:00+02:00,0.0,0.0,0.0,0.0,0.0,0.0,0.0,0.0,0.0,0.0,0.0,0.0,0.0,0.0,0.0,0.0,0.0,0.0,0.0,0.0,0.0,0.0,0.0,0.0,0.0,0.0,0.0,0.0,0.0,0.0,0.0,0.0,0.0,0.0,0.0,0.0,0.0,0.0,0.0,0.0,0.0,0.0,0.0,0.0,0.0,0.0,0.0,0.0,0.0,0.0,0.0,0.0,0.0,0.0,0.0,0.0,0.0,0.0,0.0,0.0,0.0,0.0,0.0,0.0,0.0,0.0,0.0,0.0,0.0,0.0,0.0,0.0,0.0,0.0,0.0,0.0,0.0,0.0,0.0,0.0,0.0,0.0,0.0,0.0,0.0,0.0,0.0,0.0,0.0,0.0,0.0,0.0,0.0,0.0,0.0,0.0,0.0,0.0,0.0,0.0,0.0,0.0,0.0,0.0,0.0,0.0,0.0,0.0,0.0,0.0,0.0,0.0,0.0,0.0,0.0,0.0,0.0,0.0
2017-05-29 02:30:00+02:00,0.0,0.0,0.0,0.0,0.0,0.0,0.0,0.0,0.0,0.0,0.0,0.0,0.0,0.0,0.0,0.0,0.0,0.0,0.0,0.0,0.0,0.0,0.0,0.0,0.0,0.0,0.0,0.0,0.0,0.0,0.0,0.0,0.0,0.0,0.0,0.0,0.0,0.0,0.0,0.0,0.0,0.0,0.0,0.0,0.0,0.0,0.0,0.0,0.0,0.0,0.0,0.0,0.0,0.0,0.0,0.0,0.0,0.0,0.0,0.0,0.0,0.0,0.0,0.0,0.0,0.0,0.0,0.0,0.0,0.0,0.0,0.0,0.0,0.0,0.0,0.0,0.0,0.0,0.0,0.0,0.0,0.0,0.0,0.0,0.0,0.0,0.0,0.0,0.0,0.0,0.0,0.0,0.0,0.0,0.0,0.0,0.0,0.0,0.0,0.0,0.0,0.0,0.0,0.0,0.0,0.0,0.0,0.0,0.0,0.0,0.0,0.0,0.0,0.0,0.0,0.0,0.0,0.0
2017-05-29 02:31:00+02:00,0.0,0.0,0.0,0.0,0.0,0.0,0.0,0.0,0.0,0.0,0.0,0.0,0.0,0.0,0.0,0.0,0.0,0.0,0.0,0.0,0.0,0.0,0.0,0.0,0.0,0.0,0.0,0.0,0.0,0.0,0.0,0.0,0.0,0.0,0.0,0.0,0.0,0.0,0.0,0.0,0.0,0.0,0.0,0.0,0.0,0.0,0.0,0.0,0.0,0.0,0.0,0.0,0.0,0.0,0.0,0.0,0.0,0.0,0.0,0.0,0.0,0.0,0.0,0.0,0.0,0.0,0.0,0.0,0.0,0.0,0.0,0.0,0.0,0.0,0.0,0.0,0.0,0.0,0.0,0.0,0.0,0.0,0.0,0.0,0.0,0.0,0.0,0.0,0.0,0.0,0.0,0.0,0.0,0.0,0.0,0.0,0.0,0.0,0.0,0.0,0.0,0.0,0.0,0.0,0.0,0.0,0.0,0.0,0.0,0.0,0.0,0.0,0.0,0.0,0.0,0.0,0.0,0.0
2017-05-29 02:32:00+02:00,0.0,0.0,0.0,0.0,0.0,0.0,0.0,0.0,0.0,0.0,0.0,0.0,0.0,0.0,0.0,0.0,0.0,0.0,0.0,0.0,0.0,0.0,0.0,0.0,0.0,0.0,0.0,0.0,0.0,0.0,0.0,0.0,0.0,0.0,0.0,0.0,0.0,0.0,0.0,0.0,0.0,0.0,0.0,0.0,0.0,0.0,0.0,0.0,0.0,0.0,0.0,0.0,0.0,0.0,0.0,0.0,0.0,0.0,0.0,0.0,0.0,0.0,0.0,0.0,0.0,0.0,0.0,0.0,0.0,0.0,0.0,0.0,0.0,0.0,0.0,0.0,0.0,0.0,0.0,0.0,0.0,0.0,0.0,0.0,0.0,0.0,0.0,0.0,0.0,0.0,0.0,0.0,0.0,0.0,0.0,0.0,0.0,0.0,0.0,0.0,0.0,0.0,0.0,0.0,0.0,0.0,0.0,0.0,0.0,0.0,0.0,0.0,0.0,0.0,0.0,0.0,0.0,0.0
2017-05-29 02:33:00+02:00,0.0,0.0,0.0,0.0,0.0,0.0,0.0,0.0,0.0,0.0,0.0,0.0,0.0,0.0,0.0,0.0,0.0,0.0,0.0,0.0,0.0,0.0,0.0,0.0,0.0,0.0,0.0,0.0,0.0,0.0,0.0,0.0,0.0,0.0,0.0,0.0,0.0,0.0,0.0,0.0,0.0,0.0,0.0,0.0,0.0,0.0,0.0,0.0,0.0,0.0,0.0,0.0,0.0,0.0,0.0,0.0,0.0,0.0,0.0,0.0,0.0,0.0,0.0,0.0,0.0,0.0,0.0,0.0,0.0,0.0,0.0,0.0,0.0,0.0,0.0,0.0,0.0,0.0,0.0,0.0,0.0,0.0,0.0,0.0,0.0,0.0,0.0,0.0,0.0,0.0,0.0,0.0,0.0,0.0,0.0,0.0,0.0,0.0,0.0,0.0,0.0,0.0,0.0,0.0,0.0,0.0,0.0,0.0,0.0,0.0,0.0,0.0,0.0,0.0,0.0,0.0,0.0,0.0
2017-05-29 02:34:00+02:00,0.0,0.0,0.0,0.0,0.0,0.0,0.0,0.0,0.0,0.0,0.0,0.0,0.0,0.0,0.0,0.0,0.0,0.0,0.0,0.0,0.0,0.0,0.0,0.0,0.0,0.0,0.0,0.0,0.0,0.0,0.0,0.0,0.0,0.0,0.0,0.0,0.0,0.0,0.0,0.0,0.0,0.0,0.0,0.0,0.0,0.0,0.0,0.0,0.0,0.0,0.0,0.0,0.0,0.0,0.0,0.0,0.0,0.0,0.0,0.0,0.0,0.0,0.0,0.0,0.0,0.0,0.0,0.0,0.0,0.0,0.0,0.0,0.0,0.0,0.0,0.0,0.0,0.0,0.0,0.0,0.0,0.0,0.0,0.0,0.0,0.0,0.0,0.0,0.0,0.0,0.0,0.0,0.0,0.0,0.0,0.0,0.0,0.0,0.0,0.0,0.0,0.0,0.0,0.0,0.0,0.0,0.0,0.0,0.0,0.0,0.0,0.0,0.0,0.0,0.0,0.0,0.0,0.0
2017-05-29 02:35:00+02:00,0.0,0.0,0.0,0.0,0.0,0.0,0.0,0.0,0.0,0.0,0.0,0.0,0.0,0.0,0.0,0.0,0.0,0.0,0.0,0.0,0.0,0.0,0.0,0.0,0.0,0.0,0.0,0.0,0.0,0.0,0.0,0.0,0.0,0.0,0.0,0.0,0.0,0.0,0.0,0.0,0.0,0.0,0.0,0.0,0.0,0.0,0.0,0.0,0.0,0.0,0.0,0.0,0.0,0.0,0.0,0.0,0.0,0.0,0.0,0.0,0.0,0.0,0.0,0.0,0.0,0.0,0.0,0.0,0.0,0.0,0.0,0.0,0.0,0.0,0.0,0.0,0.0,0.0,0.0,0.0,0.0,0.0,0.0,0.0,0.0,0.0,0.0,0.0,0.0,0.0,0.0,0.0,0.0,0.0,0.0,0.0,0.0,0.0,0.0,0.0,0.0,0.0,0.0,0.0,0.0,0.0,0.0,0.0,0.0,0.0,0.0,0.0,0.0,0.0,0.0,0.0,0.0,0.0
2017-05-29 02:36:00+02:00,0.0,0.0,0.0,0.0,0.0,0.0,0.0,0.0,0.0,0.0,0.0,0.0,0.0,0.0,0.0,0.0,0.0,0.0,0.0,0.0,0.0,0.0,0.0,0.0,0.0,0.0,0.0,0.0,0.0,0.0,0.0,0.0,0.0,0.0,0.0,0.0,0.0,0.0,0.0,0.0,0.0,0.0,0.0,0.0,0.0,0.0,0.0,0.0,0.0,0.0,0.0,0.0,0.0,0.0,0.0,0.0,0.0,0.0,0.0,0.0,0.0,0.0,0.0,0.0,0.0,0.0,0.0,0.0,0.0,0.0,0.0,0.0,0.0,0.0,0.0,0.0,0.0,0.0,0.0,0.0,0.0,0.0,0.0,0.0,0.0,0.0,0.0,0.0,0.0,0.0,0.0,0.0,0.0,0.0,0.0,0.0,0.0,0.0,0.0,0.0,0.0,0.0,0.0,0.0,0.0,0.0,0.0,0.0,0.0,0.0,0.0,0.0,0.0,0.0,0.0,0.0,0.0,0.0
2017-05-29 02:37:00+02:00,0.0,0.0,0.0,0.0,0.0,0.0,0.0,0.0,0.0,0.0,0.0,0.0,0.0,0.0,0.0,0.0,0.0,0.0,0.0,0.0,0.0,0.0,0.0,0.0,0.0,0.0,0.0,0.0,0.0,0.0,0.0,0.0,0.0,0.0,0.0,0.0,0.0,0.0,0.0,0.0,0.0,0.0,0.0,0.0,0.0,0.0,0.0,0.0,0.0,0.0,0.0,0.0,0.0,0.0,0.0,0.0,0.0,0.0,0.0,0.0,0.0,0.0,0.0,0.0,0.0,0.0,0.0,0.0,0.0,0.0,0.0,0.0,0.0,0.0,0.0,0.0,0.0,0.0,0.0,0.0,0.0,0.0,0.0,0.0,0.0,0.0,0.0,0.0,0.0,0.0,0.0,0.0,0.0,0.0,0.0,0.0,0.0,0.0,0.0,0.0,0.0,0.0,0.0,0.0,0.0,0.0,0.0,0.0,0.0,0.0,0.0,0.0,0.0,0.0,0.0,0.0,0.0,0.0
2017-05-29 02:38:00+02:00,0.0,0.0,0.0,0.0,0.0,0.0,0.0,0.0,0.0,0.0,0.0,0.0,0.0,0.0,0.0,0.0,0.0,0.0,0.0,0.0,0.0,0.0,0.0,0.0,0.0,0.0,0.0,0.0,0.0,0.0,0.0,0.0,0.0,0.0,0.0,0.0,0.0,0.0,0.0,0.0,0.0,0.0,0.0,0.0,0.0,0.0,0.0,0.0,0.0,0.0,0.0,0.0,0.0,0.0,0.0,0.0,0.0,0.0,0.0,0.0,0.0,0.0,0.0,0.0,0.0,0.0,0.0,0.0,0.0,0.0,0.0,0.0,0.0,0.0,0.0,0.0,0.0,0.0,0.0,0.0,0.0,0.0,0.0,0.0,0.0,0.0,0.0,0.0,0.0,0.0,0.0,0.0,0.0,0.0,0.0,0.0,0.0,0.0,0.0,0.0,0.0,0.0,0.0,0.0,0.0,0.0,0.0,0.0,0.0,0.0,0.0,0.0,0.0,0.0,0.0,0.0,0.0,0.0
2017-05-29 02:39:00+02:00,0.0,0.0,0.0,0.0,0.0,0.0,0.0,0.0,0.0,0.0,0.0,0.0,0.0,0.0,0.0,0.0,0.0,0.0,0.0,0.0,0.0,0.0,0.0,0.0,0.0,0.0,0.0,0.0,0.0,0.0,0.0,0.0,0.0,0.0,0.0,0.0,0.0,0.0,0.0,0.0,0.0,0.0,0.0,0.0,0.0,0.0,0.0,0.0,0.0,0.0,0.0,0.0,0.0,0.0,0.0,0.0,0.0,0.0,0.0,0.0,0.0,0.0,0.0,0.0,0.0,0.0,0.0,0.0,0.0,0.0,0.0,0.0,0.0,0.0,0.0,0.0,0.0,0.0,0.0,0.0,0.0,0.0,0.0,0.0,0.0,0.0,0.0,0.0,0.0,0.0,0.0,0.0,0.0,0.0,0.0,0.0,0.0,0.0,0.0,0.0,0.0,0.0,0.0,0.0,0.0,0.0,0.0,0.0,0.0,0.0,0.0,0.0,0.0,0.0,0.0,0.0,0.0,0.0
2017-05-29 02:40:00+02:00,0.0,0.0,0.0,0.0,0.0,0.0,0.0,0.0,0.0,0.0,0.0,0.0,0.0,0.0,0.0,0.0,0.0,0.0,0.0,0.0,0.0,0.0,0.0,0.0,0.0,0.0,0.0,0.0,0.0,0.0,0.0,0.0,0.0,0.0,0.0,0.0,0.0,0.0,0.0,0.0,0.0,0.0,0.0,0.0,0.0,0.0,0.0,0.0,0.0,0.0,0.0,0.0,0.0,0.0,0.0,0.0,0.0,0.0,0.0,0.0,0.0,0.0,0.0,0.0,0.0,0.0,0.0,0.0,0.0,0.0,0.0,0.0,0.0,0.0,0.0,0.0,0.0,0.0,0.0,0.0,0.0,0.0,0.0,0.0,0.0,0.0,0.0,0.0,0.0,0.0,0.0,0.0,0.0,0.0,0.0,0.0,0.0,0.0,0.0,0.0,0.0,0.0,0.0,0.0,0.0,0.0,0.0,0.0,0.0,0.0,0.0,0.0,0.0,0.0,0.0,0.0,0.0,0.0
2017-05-29 02:41:00+02:00,0.0,0.0,0.0,0.0,0.0,0.0,0.0,0.0,0.0,0.0,0.0,0.0,0.0,0.0,0.0,0.0,0.0,0.0,0.0,0.0,0.0,0.0,0.0,0.0,0.0,0.0,0.0,0.0,0.0,0.0,0.0,0.0,0.0,0.0,0.0,0.0,0.0,0.0,0.0,0.0,0.0,0.0,0.0,0.0,0.0,0.0,0.0,0.0,0.0,0.0,0.0,0.0,0.0,0.0,0.0,0.0,0.0,0.0,0.0,0.0,0.0,0.0,0.0,0.0,0.0,0.0,0.0,0.0,0.0,0.0,0.0,0.0,0.0,0.0,0.0,0.0,0.0,0.0,0.0,0.0,0.0,0.0,0.0,0.0,0.0,0.0,0.0,0.0,0.0,0.0,0.0,0.0,0.0,0.0,0.0,0.0,0.0,0.0,0.0,0.0,0.0,0.0,0.0,0.0,0.0,0.0,0.0,0.0,0.0,0.0,0.0,0.0,0.0,0.0,0.0,0.0,0.0,0.0
2017-05-29 02:42:00+02:00,0.0,0.0,0.0,0.0,0.0,0.0,0.0,0.0,0.0,0.0,0.0,0.0,0.0,0.0,0.0,0.0,0.0,0.0,0.0,0.0,0.0,0.0,0.0,0.0,0.0,0.0,0.0,0.0,0.0,0.0,0.0,0.0,0.0,0.0,0.0,0.0,0.0,0.0,0.0,0.0,0.0,0.0,0.0,0.0,0.0,0.0,0.0,0.0,0.0,0.0,0.0,0.0,0.0,0.0,0.0,0.0,0.0,0.0,0.0,0.0,0.0,0.0,0.0,0.0,0.0,0.0,0.0,0.0,0.0,0.0,0.0,0.0,0.0,0.0,0.0,0.0,0.0,0.0,0.0,0.0,0.0,0.0,0.0,0.0,0.0,0.0,0.0,0.0,0.0,0.0,0.0,0.0,0.0,0.0,0.0,0.0,0.0,0.0,0.0,0.0,0.0,0.0,0.0,0.0,0.0,0.0,0.0,0.0,0.0,0.0,0.0,0.0,0.0,0.0,0.0,0.0,0.0,0.0
2017-05-29 02:43:00+02:00,0.0,0.0,0.0,0.0,0.0,0.0,0.0,0.0,0.0,0.0,0.0,0.0,0.0,0.0,0.0,0.0,0.0,0.0,0.0,0.0,0.0,0.0,0.0,0.0,0.0,0.0,0.0,0.0,0.0,0.0,0.0,0.0,0.0,0.0,0.0,0.0,0.0,0.0,0.0,0.0,0.0,0.0,0.0,0.0,0.0,0.0,0.0,0.0,0.0,0.0,0.0,0.0,0.0,0.0,0.0,0.0,0.0,0.0,0.0,0.0,0.0,0.0,0.0,0.0,0.0,0.0,0.0,0.0,0.0,0.0,0.0,0.0,0.0,0.0,0.0,0.0,0.0,0.0,0.0,0.0,0.0,0.0,0.0,0.0,0.0,0.0,0.0,0.0,0.0,0.0,0.0,0.0,0.0,0.0,0.0,0.0,0.0,0.0,0.0,0.0,0.0,0.0,0.0,0.0,0.0,0.0,0.0,0.0,0.0,0.0,0.0,0.0,0.0,0.0,0.0,0.0,0.0,0.0
2017-05-29 02:44:00+02:00,0.0,0.0,0.0,0.0,0.0,0.0,0.0,0.0,0.0,0.0,0.0,0.0,0.0,0.0,0.0,0.0,0.0,0.0,0.0,0.0,0.0,0.0,0.0,0.0,0.0,0.0,0.0,0.0,0.0,0.0,0.0,0.0,0.0,0.0,0.0,0.0,0.0,0.0,0.0,0.0,0.0,0.0,0.0,0.0,0.0,0.0,0.0,0.0,0.0,0.0,0.0,0.0,0.0,0.0,0.0,0.0,0.0,0.0,0.0,0.0,0.0,0.0,0.0,0.0,0.0,0.0,0.0,0.0,0.0,0.0,0.0,0.0,0.0,0.0,0.0,0.0,0.0,0.0,0.0,0.0,0.0,0.0,0.0,0.0,0.0,0.0,0.0,0.0,0.0,0.0,0.0,0.0,0.0,0.0,0.0,0.0,0.0,0.0,0.0,0.0,0.0,0.0,0.0,0.0,0.0,0.0,0.0,0.0,0.0,0.0,0.0,0.0,0.0,0.0,0.0,0.0,0.0,0.0
2017-05-29 02:45:00+02:00,0.0,0.0,0.0,0.0,0.0,0.0,0.0,0.0,0.0,0.0,0.0,0.0,0.0,0.0,0.0,0.0,0.0,0.0,0.0,0.0,0.0,0.0,0.0,0.0,0.0,0.0,0.0,0.0,0.0,0.0,0.0,0.0,0.0,0.0,0.0,0.0,0.0,0.0,0.0,0.0,0.0,0.0,0.0,0.0,0.0,0.0,0.0,0.0,0.0,0.0,0.0,0.0,0.0,0.0,0.0,0.0,0.0,0.0,0.0,0.0,0.0,0.0,0.0,0.0,0.0,0.0,0.0,0.0,0.0,0.0,0.0,0.0,0.0,0.0,0.0,0.0,0.0,0.0,0.0,0.0,0.0,0.0,0.0,0.0,0.0,0.0,0.0,0.0,0.0,0.0,0.0,0.0,0.0,0.0,0.0,0.0,0.0,0.0,0.0,0.0,0.0,0.0,0.0,0.0,0.0,0.0,0.0,0.0,0.0,0.0,0.0,0.0,0.0,0.0,0.0,0.0,0.0,0.0
2017-05-29 02:46:00+02:00,0.0,0.0,0.0,0.0,0.0,0.0,0.0,0.0,0.0,0.0,0.0,0.0,0.0,0.0,0.0,0.0,0.0,0.0,0.0,0.0,0.0,0.0,0.0,0.0,0.0,0.0,0.0,0.0,0.0,0.0,0.0,0.0,0.0,0.0,0.0,0.0,0.0,0.0,0.0,0.0,0.0,0.0,0.0,0.0,0.0,0.0,0.0,0.0,0.0,0.0,0.0,0.0,0.0,0.0,0.0,0.0,0.0,0.0,0.0,0.0,0.0,0.0,0.0,0.0,0.0,0.0,0.0,0.0,0.0,0.0,0.0,0.0,0.0,0.0,0.0,0.0,0.0,0.0,0.0,0.0,0.0,0.0,0.0,0.0,0.0,0.0,0.0,0.0,0.0,0.0,0.0,0.0,0.0,0.0,0.0,0.0,0.0,0.0,0.0,0.0,0.0,0.0,0.0,0.0,0.0,0.0,0.0,0.0,0.0,0.0,0.0,0.0,0.0,0.0,0.0,0.0,0.0,0.0
2017-05-29 02:47:00+02:00,0.0,0.0,0.0,0.0,0.0,0.0,0.0,0.0,0.0,0.0,0.0,0.0,0.0,0.0,0.0,0.0,0.0,0.0,0.0,0.0,0.0,0.0,0.0,0.0,0.0,0.0,0.0,0.0,0.0,0.0,0.0,0.0,0.0,0.0,0.0,0.0,0.0,0.0,0.0,0.0,0.0,0.0,0.0,0.0,0.0,0.0,0.0,0.0,0.0,0.0,0.0,0.0,0.0,0.0,0.0,0.0,0.0,0.0,0.0,0.0,0.0,0.0,0.0,0.0,0.0,0.0,0.0,0.0,0.0,0.0,0.0,0.0,0.0,0.0,0.0,0.0,0.0,0.0,0.0,0.0,0.0,0.0,0.0,0.0,0.0,0.0,0.0,0.0,0.0,0.0,0.0,0.0,0.0,0.0,0.0,0.0,0.0,0.0,0.0,0.0,0.0,0.0,0.0,0.0,0.0,0.0,0.0,0.0,0.0,0.0,0.0,0.0,0.0,0.0,0.0,0.0,0.0,0.0
2017-05-29 02:48:00+02:00,0.0,0.0,0.0,0.0,0.0,0.0,0.0,0.0,0.0,0.0,0.0,0.0,0.0,0.0,0.0,0.0,0.0,0.0,0.0,0.0,0.0,0.0,0.0,0.0,0.0,0.0,0.0,0.0,0.0,0.0,0.0,0.0,0.0,0.0,0.0,0.0,0.0,0.0,0.0,0.0,0.0,0.0,0.0,0.0,0.0,0.0,0.0,0.0,0.0,0.0,0.0,0.0,0.0,0.0,0.0,0.0,0.0,0.0,0.0,0.0,0.0,0.0,0.0,0.0,0.0,0.0,0.0,0.0,0.0,0.0,0.0,0.0,0.0,0.0,0.0,0.0,0.0,0.0,0.0,0.0,0.0,0.0,0.0,0.0,0.0,0.0,0.0,0.0,0.0,0.0,0.0,0.0,0.0,0.0,0.0,0.0,0.0,0.0,0.0,0.0,0.0,0.0,0.0,0.0,0.0,0.0,0.0,0.0,0.0,0.0,0.0,0.0,0.0,0.0,0.0,0.0,0.0,0.0
2017-05-29 02:49:00+02:00,0.0,0.0,0.0,0.0,0.0,0.0,0.0,0.0,0.0,0.0,0.0,0.0,0.0,0.0,0.0,0.0,0.0,0.0,0.0,0.0,0.0,0.0,0.0,0.0,0.0,0.0,0.0,0.0,0.0,0.0,0.0,0.0,0.0,0.0,0.0,0.0,0.0,0.0,0.0,0.0,0.0,0.0,0.0,0.0,0.0,0.0,0.0,0.0,0.0,0.0,0.0,0.0,0.0,0.0,0.0,0.0,0.0,0.0,0.0,0.0,0.0,0.0,0.0,0.0,0.0,0.0,0.0,0.0,0.0,0.0,0.0,0.0,0.0,0.0,0.0,0.0,0.0,0.0,0.0,0.0,0.0,0.0,0.0,0.0,0.0,0.0,0.0,0.0,0.0,0.0,0.0,0.0,0.0,0.0,0.0,0.0,0.0,0.0,0.0,0.0,0.0,0.0,0.0,0.0,0.0,0.0,0.0,0.0,0.0,0.0,0.0,0.0,0.0,0.0,0.0,0.0,0.0,0.0
2017-05-29 02:50:00+02:00,0.0,0.0,0.0,0.0,0.0,0.0,0.0,0.0,0.0,0.0,0.0,0.0,0.0,0.0,0.0,0.0,0.0,0.0,0.0,0.0,0.0,0.0,0.0,0.0,0.0,0.0,0.0,0.0,0.0,0.0,0.0,0.0,0.0,0.0,0.0,0.0,0.0,0.0,0.0,0.0,0.0,0.0,0.0,0.0,0.0,0.0,0.0,0.0,0.0,0.0,0.0,0.0,0.0,0.0,0.0,0.0,0.0,0.0,0.0,0.0,0.0,0.0,0.0,0.0,0.0,0.0,0.0,0.0,0.0,0.0,0.0,0.0,0.0,0.0,0.0,0.0,0.0,0.0,0.0,0.0,0.0,0.0,0.0,0.0,0.0,0.0,0.0,0.0,0.0,0.0,0.0,0.0,0.0,0.0,0.0,0.0,0.0,0.0,0.0,0.0,0.0,0.0,0.0,0.0,0.0,0.0,0.0,0.0,0.0,0.0,0.0,0.0,0.0,0.0,0.0,0.0,0.0,0.0
2017-05-29 02:51:00+02:00,0.0,0.0,0.0,0.0,0.0,0.0,0.0,0.0,0.0,0.0,0.0,0.0,0.0,0.0,0.0,0.0,0.0,0.0,0.0,0.0,0.0,0.0,0.0,0.0,0.0,0.0,0.0,0.0,0.0,0.0,0.0,0.0,0.0,0.0,0.0,0.0,0.0,0.0,0.0,0.0,0.0,0.0,0.0,0.0,0.0,0.0,0.0,0.0,0.0,0.0,0.0,0.0,0.0,0.0,0.0,0.0,0.0,0.0,0.0,0.0,0.0,0.0,0.0,0.0,0.0,0.0,0.0,0.0,0.0,0.0,0.0,0.0,0.0,0.0,0.0,0.0,0.0,0.0,0.0,0.0,0.0,0.0,0.0,0.0,0.0,0.0,0.0,0.0,0.0,0.0,0.0,0.0,0.0,0.0,0.0,0.0,0.0,0.0,0.0,0.0,0.0,0.0,0.0,0.0,0.0,0.0,0.0,0.0,0.0,0.0,0.0,0.0,0.0,0.0,0.0,0.0,0.0,0.0
2017-05-29 02:52:00+02:00,0.0,0.0,0.0,0.0,0.0,0.0,0.0,0.0,0.0,0.0,0.0,0.0,0.0,0.0,0.0,0.0,0.0,0.0,0.0,0.0,0.0,0.0,0.0,0.0,0.0,0.0,0.0,0.0,0.0,0.0,0.0,0.0,0.0,0.0,0.0,0.0,0.0,0.0,0.0,0.0,0.0,0.0,0.0,0.0,0.0,0.0,0.0,0.0,0.0,0.0,0.0,0.0,0.0,0.0,0.0,0.0,0.0,0.0,0.0,0.0,0.0,0.0,0.0,0.0,0.0,0.0,0.0,0.0,0.0,0.0,0.0,0.0,0.0,0.0,0.0,0.0,0.0,0.0,0.0,0.0,0.0,0.0,0.0,0.0,0.0,0.0,0.0,0.0,0.0,0.0,0.0,0.0,0.0,0.0,0.0,0.0,0.0,0.0,0.0,0.0,0.0,0.0,0.0,0.0,0.0,0.0,0.0,0.0,0.0,0.0,0.0,0.0,0.0,0.0,0.0,0.0,0.0,0.0
2017-05-29 02:53:00+02:00,0.0,0.0,0.0,0.0,0.0,0.0,0.0,0.0,0.0,0.0,0.0,0.0,0.0,0.0,0.0,0.0,0.0,0.0,0.0,0.0,0.0,0.0,0.0,0.0,0.0,0.0,0.0,0.0,0.0,0.0,0.0,0.0,0.0,0.0,0.0,0.0,0.0,0.0,0.0,0.0,0.0,0.0,0.0,0.0,0.0,0.0,0.0,0.0,0.0,0.0,0.0,0.0,0.0,0.0,0.0,0.0,0.0,0.0,0.0,0.0,0.0,0.0,0.0,0.0,0.0,0.0,0.0,0.0,0.0,0.0,0.0,0.0,0.0,0.0,0.0,0.0,0.0,0.0,0.0,0.0,0.0,0.0,0.0,0.0,0.0,0.0,0.0,0.0,0.0,0.0,0.0,0.0,0.0,0.0,0.0,0.0,0.0,0.0,0.0,0.0,0.0,0.0,0.0,0.0,0.0,0.0,0.0,0.0,0.0,0.0,0.0,0.0,0.0,0.0,0.0,0.0,0.0,0.0
2017-05-29 02:54:00+02:00,0.0,0.0,0.0,0.0,0.0,0.0,0.0,0.0,0.0,0.0,0.0,0.0,0.0,0.0,0.0,0.0,0.0,0.0,0.0,0.0,0.0,0.0,0.0,0.0,0.0,0.0,0.0,0.0,0.0,0.0,0.0,0.0,0.0,0.0,0.0,0.0,0.0,0.0,0.0,0.0,0.0,0.0,0.0,0.0,0.0,0.0,0.0,0.0,0.0,0.0,0.0,0.0,0.0,0.0,0.0,0.0,0.0,0.0,0.0,0.0,0.0,0.0,0.0,0.0,0.0,0.0,0.0,0.0,0.0,0.0,0.0,0.0,0.0,0.0,0.0,0.0,0.0,0.0,0.0,0.0,0.0,0.0,0.0,0.0,0.0,0.0,0.0,0.0,0.0,0.0,0.0,0.0,0.0,0.0,0.0,0.0,0.0,0.0,0.0,0.0,0.0,0.0,0.0,0.0,0.0,0.0,0.0,0.0,0.0,0.0,0.0,0.0,0.0,0.0,0.0,0.0,0.0,0.0
2017-05-29 02:55:00+02:00,0.0,0.0,0.0,0.0,0.0,0.0,0.0,0.0,0.0,0.0,0.0,0.0,0.0,0.0,0.0,0.0,0.0,0.0,0.0,0.0,0.0,0.0,0.0,0.0,0.0,0.0,0.0,0.0,0.0,0.0,0.0,0.0,0.0,0.0,0.0,0.0,0.0,0.0,0.0,0.0,0.0,0.0,0.0,0.0,0.0,0.0,0.0,0.0,0.0,0.0,0.0,0.0,0.0,0.0,0.0,0.0,0.0,0.0,0.0,0.0,0.0,0.0,0.0,0.0,0.0,0.0,0.0,0.0,0.0,0.0,0.0,0.0,0.0,0.0,0.0,0.0,0.0,0.0,0.0,0.0,0.0,0.0,0.0,0.0,0.0,0.0,0.0,0.0,0.0,0.0,0.0,0.0,0.0,0.0,0.0,0.0,0.0,0.0,0.0,0.0,0.0,0.0,0.0,0.0,0.0,0.0,0.0,0.0,0.0,0.0,0.0,0.0,0.0,0.0,0.0,0.0,0.0,0.0
2017-05-29 02:56:00+02:00,0.0,0.0,0.0,0.0,0.0,0.0,0.0,0.0,0.0,0.0,0.0,0.0,0.0,0.0,0.0,0.0,0.0,0.0,0.0,0.0,0.0,0.0,0.0,0.0,0.0,0.0,0.0,0.0,0.0,0.0,0.0,0.0,0.0,0.0,0.0,0.0,0.0,0.0,0.0,0.0,0.0,0.0,0.0,0.0,0.0,0.0,0.0,0.0,0.0,0.0,0.0,0.0,0.0,0.0,0.0,0.0,0.0,0.0,0.0,0.0,0.0,0.0,0.0,0.0,0.0,0.0,0.0,0.0,0.0,0.0,0.0,0.0,0.0,0.0,0.0,0.0,0.0,0.0,0.0,0.0,0.0,0.0,0.0,0.0,0.0,0.0,0.0,0.0,0.0,0.0,0.0,0.0,0.0,0.0,0.0,0.0,0.0,0.0,0.0,0.0,0.0,0.0,0.0,0.0,0.0,0.0,0.0,0.0,0.0,0.0,0.0,0.0,0.0,0.0,0.0,0.0,0.0,0.0
2017-05-29 02:57:00+02:00,0.0,0.0,0.0,0.0,0.0,0.0,0.0,0.0,0.0,0.0,0.0,0.0,0.0,0.0,0.0,0.0,0.0,0.0,0.0,0.0,0.0,0.0,0.0,0.0,0.0,0.0,0.0,0.0,0.0,0.0,0.0,0.0,0.0,0.0,0.0,0.0,0.0,0.0,0.0,0.0,0.0,0.0,0.0,0.0,0.0,0.0,0.0,0.0,0.0,0.0,0.0,0.0,0.0,0.0,0.0,0.0,0.0,0.0,0.0,0.0,0.0,0.0,0.0,0.0,0.0,0.0,0.0,0.0,0.0,0.0,0.0,0.0,0.0,0.0,0.0,0.0,0.0,0.0,0.0,0.0,0.0,0.0,0.0,0.0,0.0,0.0,0.0,0.0,0.0,0.0,0.0,0.0,0.0,0.0,0.0,0.0,0.0,0.0,0.0,0.0,0.0,0.0,0.0,0.0,0.0,0.0,0.0,0.0,0.0,0.0,0.0,0.0,0.0,0.0,0.0,0.0,0.0,0.0
2017-05-29 02:58:00+02:00,0.0,0.0,0.0,0.0,0.0,0.0,0.0,0.0,0.0,0.0,0.0,0.0,0.0,0.0,0.0,0.0,0.0,0.0,0.0,0.0,0.0,0.0,0.0,0.0,0.0,0.0,0.0,0.0,0.0,0.0,0.0,0.0,0.0,0.0,0.0,0.0,0.0,0.0,0.0,0.0,0.0,0.0,0.0,0.0,0.0,0.0,0.0,0.0,0.0,0.0,0.0,0.0,0.0,0.0,0.0,0.0,0.0,0.0,0.0,0.0,0.0,0.0,0.0,0.0,0.0,0.0,0.0,0.0,0.0,0.0,0.0,0.0,0.0,0.0,0.0,0.0,0.0,0.0,0.0,0.0,0.0,0.0,0.0,0.0,0.0,0.0,0.0,0.0,0.0,0.0,0.0,0.0,0.0,0.0,0.0,0.0,0.0,0.0,0.0,0.0,0.0,0.0,0.0,0.0,0.0,0.0,0.0,0.0,0.0,0.0,0.0,0.0,0.0,0.0,0.0,0.0,0.0,0.0
2017-05-29 02:59:00+02:00,0.0,0.0,0.0,0.0,0.0,0.0,0.0,0.0,0.0,0.0,0.0,0.0,0.0,0.0,0.0,0.0,0.0,0.0,0.0,0.0,0.0,0.0,0.0,0.0,0.0,0.0,0.0,0.0,0.0,0.0,0.0,0.0,0.0,0.0,0.0,0.0,0.0,0.0,0.0,0.0,0.0,0.0,0.0,0.0,0.0,0.0,0.0,0.0,0.0,0.0,0.0,0.0,0.0,0.0,0.0,0.0,0.0,0.0,0.0,0.0,0.0,0.0,0.0,0.0,0.0,0.0,0.0,0.0,0.0,0.0,0.0,0.0,0.0,0.0,0.0,0.0,0.0,0.0,0.0,0.0,0.0,0.0,0.0,0.0,0.0,0.0,0.0,0.0,0.0,0.0,0.0,0.0,0.0,0.0,0.0,0.0,0.0,0.0,0.0,0.0,0.0,0.0,0.0,0.0,0.0,0.0,0.0,0.0,0.0,0.0,0.0,0.0,0.0,0.0,0.0,0.0,0.0,0.0
2017-05-29 03:00:00+02:00,0.0,0.0,0.0,0.0,0.0,0.0,0.0,0.0,0.0,0.0,0.0,0.0,0.0,0.0,0.0,0.0,0.0,0.0,0.0,0.0,0.0,0.0,0.0,0.0,0.0,0.0,0.0,0.0,0.0,0.0,0.0,0.0,0.0,0.0,0.0,0.0,0.0,0.0,0.0,0.0,0.0,0.0,0.0,0.0,0.0,0.0,0.0,0.0,0.0,0.0,0.0,0.0,0.0,0.0,0.0,0.0,0.0,0.0,0.0,0.0,0.0,0.0,0.0,0.0,0.0,0.0,0.0,0.0,0.0,0.0,0.0,0.0,0.0,0.0,0.0,0.0,0.0,0.0,0.0,0.0,0.0,0.0,0.0,0.0,0.0,0.0,0.0,0.0,0.0,0.0,0.0,0.0,0.0,0.0,0.0,0.0,0.0,0.0,0.0,0.0,0.0,0.0,0.0,0.0,0.0,0.0,0.0,0.0,0.0,0.0,0.0,0.0,0.0,0.0,0.0,0.0,0.0,0.0
2017-05-29 03:01:00+02:00,0.0,0.0,0.0,0.0,0.0,0.0,0.0,0.0,0.0,0.0,0.0,0.0,0.0,0.0,0.0,0.0,0.0,0.0,0.0,0.0,0.0,0.0,0.0,0.0,0.0,0.0,0.0,0.0,0.0,0.0,0.0,0.0,0.0,0.0,0.0,0.0,0.0,0.0,0.0,0.0,0.0,0.0,0.0,0.0,0.0,0.0,0.0,0.0,0.0,0.0,0.0,0.0,0.0,0.0,0.0,0.0,0.0,0.0,0.0,0.0,0.0,0.0,0.0,0.0,0.0,0.0,0.0,0.0,0.0,0.0,0.0,0.0,0.0,0.0,0.0,0.0,0.0,0.0,0.0,0.0,0.0,0.0,0.0,0.0,0.0,0.0,0.0,0.0,0.0,0.0,0.0,0.0,0.0,0.0,0.0,0.0,0.0,0.0,0.0,0.0,0.0,0.0,0.0,0.0,0.0,0.0,0.0,0.0,0.0,0.0,0.0,0.0,0.0,0.0,0.0,0.0,0.0,0.0
2017-05-29 03:02:00+02:00,0.0,0.0,0.0,0.0,0.0,0.0,0.0,0.0,0.0,0.0,0.0,0.0,0.0,0.0,0.0,0.0,0.0,0.0,0.0,0.0,0.0,0.0,0.0,0.0,0.0,0.0,0.0,0.0,0.0,0.0,0.0,0.0,0.0,0.0,0.0,0.0,0.0,0.0,0.0,0.0,0.0,0.0,0.0,0.0,0.0,0.0,0.0,0.0,0.0,0.0,0.0,0.0,0.0,0.0,0.0,0.0,0.0,0.0,0.0,0.0,0.0,0.0,0.0,0.0,0.0,0.0,0.0,0.0,0.0,0.0,0.0,0.0,0.0,0.0,0.0,0.0,0.0,0.0,0.0,0.0,0.0,0.0,0.0,0.0,0.0,0.0,0.0,0.0,0.0,0.0,0.0,0.0,0.0,0.0,0.0,0.0,0.0,0.0,0.0,0.0,0.0,0.0,0.0,0.0,0.0,0.0,0.0,0.0,0.0,0.0,0.0,0.0,0.0,0.0,0.0,0.0,0.0,0.0
2017-05-29 03:03:00+02:00,0.0,0.0,0.0,0.0,0.0,0.0,0.0,0.0,0.0,0.0,0.0,0.0,0.0,0.0,0.0,0.0,0.0,0.0,0.0,0.0,0.0,0.0,0.0,0.0,0.0,0.0,0.0,0.0,0.0,0.0,0.0,0.0,0.0,0.0,0.0,0.0,0.0,0.0,0.0,0.0,0.0,0.0,0.0,0.0,0.0,0.0,0.0,0.0,0.0,0.0,0.0,0.0,0.0,0.0,0.0,0.0,0.0,0.0,0.0,0.0,0.0,0.0,0.0,0.0,0.0,0.0,0.0,0.0,0.0,0.0,0.0,0.0,0.0,0.0,0.0,0.0,0.0,0.0,0.0,0.0,0.0,0.0,0.0,0.0,0.0,0.0,0.0,0.0,0.0,0.0,0.0,0.0,0.0,0.0,0.0,0.0,0.0,0.0,0.0,0.0,0.0,0.0,0.0,0.0,0.0,0.0,0.0,0.0,0.0,0.0,0.0,0.0,0.0,0.0,0.0,0.0,0.0,0.0
2017-05-29 03:04:00+02:00,0.0,0.0,0.0,0.0,0.0,0.0,0.0,0.0,0.0,0.0,0.0,0.0,0.0,0.0,0.0,0.0,0.0,0.0,0.0,0.0,0.0,0.0,0.0,0.0,0.0,0.0,0.0,0.0,0.0,0.0,0.0,0.0,0.0,0.0,0.0,0.0,0.0,0.0,0.0,0.0,0.0,0.0,0.0,0.0,0.0,0.0,0.0,0.0,0.0,0.0,0.0,0.0,0.0,0.0,0.0,0.0,0.0,0.0,0.0,0.0,0.0,0.0,0.0,0.0,0.0,0.0,0.0,0.0,0.0,0.0,0.0,0.0,0.0,0.0,0.0,0.0,0.0,0.0,0.0,0.0,0.0,0.0,0.0,0.0,0.0,0.0,0.0,0.0,0.0,0.0,0.0,0.0,0.0,0.0,0.0,0.0,0.0,0.0,0.0,0.0,0.0,0.0,0.0,0.0,0.0,0.0,0.0,0.0,0.0,0.0,0.0,0.0,0.0,0.0,0.0,0.0,0.0,0.0
2017-05-29 03:05:00+02:00,0.0,0.0,0.0,0.0,0.0,0.0,0.0,0.0,0.0,0.0,0.0,0.0,0.0,0.0,0.0,0.0,0.0,0.0,0.0,0.0,0.0,0.0,0.0,0.0,0.0,0.0,0.0,0.0,0.0,0.0,0.0,0.0,0.0,0.0,0.0,0.0,0.0,0.0,0.0,0.0,0.0,0.0,0.0,0.0,0.0,0.0,0.0,0.0,0.0,0.0,0.0,0.0,0.0,0.0,0.0,0.0,0.0,0.0,0.0,0.0,0.0,0.0,0.0,0.0,0.0,0.0,0.0,0.0,0.0,0.0,0.0,0.0,0.0,0.0,0.0,0.0,0.0,0.0,0.0,0.0,0.0,0.0,0.0,0.0,0.0,0.0,0.0,0.0,0.0,0.0,0.0,0.0,0.0,0.0,0.0,0.0,0.0,0.0,0.0,0.0,0.0,0.0,0.0,0.0,0.0,0.0,0.0,0.0,0.0,0.0,0.0,0.0,0.0,0.0,0.0,0.0,0.0,0.0
2017-05-29 03:06:00+02:00,0.0,0.0,0.0,0.0,0.0,0.0,0.0,0.0,0.0,0.0,0.0,0.0,0.0,0.0,0.0,0.0,0.0,0.0,0.0,0.0,0.0,0.0,0.0,0.0,0.0,0.0,0.0,0.0,0.0,0.0,0.0,0.0,0.0,0.0,0.0,0.0,0.0,0.0,0.0,0.0,0.0,0.0,0.0,0.0,0.0,0.0,0.0,0.0,0.0,0.0,0.0,0.0,0.0,0.0,0.0,0.0,0.0,0.0,0.0,0.0,0.0,0.0,0.0,0.0,0.0,0.0,0.0,0.0,0.0,0.0,0.0,0.0,0.0,0.0,0.0,0.0,0.0,0.0,0.0,0.0,0.0,0.0,0.0,0.0,0.0,0.0,0.0,0.0,0.0,0.0,0.0,0.0,0.0,0.0,0.0,0.0,0.0,0.0,0.0,0.0,0.0,0.0,0.0,0.0,0.0,0.0,0.0,0.0,0.0,0.0,0.0,0.0,0.0,0.0,0.0,0.0,0.0,0.0
2017-05-29 03:07:00+02:00,0.0,0.0,0.0,0.0,0.0,0.0,0.0,0.0,0.0,0.0,0.0,0.0,0.0,0.0,0.0,0.0,0.0,0.0,0.0,0.0,0.0,0.0,0.0,0.0,0.0,0.0,0.0,0.0,0.0,0.0,0.0,0.0,0.0,0.0,0.0,0.0,0.0,0.0,0.0,0.0,0.0,0.0,0.0,0.0,0.0,0.0,0.0,0.0,0.0,0.0,0.0,0.0,0.0,0.0,0.0,0.0,0.0,0.0,0.0,0.0,0.0,0.0,0.0,0.0,0.0,0.0,0.0,0.0,0.0,0.0,0.0,0.0,0.0,0.0,0.0,0.0,0.0,0.0,0.0,0.0,0.0,0.0,0.0,0.0,0.0,0.0,0.0,0.0,0.0,0.0,0.0,0.0,0.0,0.0,0.0,0.0,0.0,0.0,0.0,0.0,0.0,0.0,0.0,0.0,0.0,0.0,0.0,0.0,0.0,0.0,0.0,0.0,0.0,0.0,0.0,0.0,0.0,0.0
2017-05-29 03:08:00+02:00,0.0,0.0,0.0,0.0,0.0,0.0,0.0,0.0,0.0,0.0,0.0,0.0,0.0,0.0,0.0,0.0,0.0,0.0,0.0,0.0,0.0,0.0,0.0,0.0,0.0,0.0,0.0,0.0,0.0,0.0,0.0,0.0,0.0,0.0,0.0,0.0,0.0,0.0,0.0,0.0,0.0,0.0,0.0,0.0,0.0,0.0,0.0,0.0,0.0,0.0,0.0,0.0,0.0,0.0,0.0,0.0,0.0,0.0,0.0,0.0,0.0,0.0,0.0,0.0,0.0,0.0,0.0,0.0,0.0,0.0,0.0,0.0,0.0,0.0,0.0,0.0,0.0,0.0,0.0,0.0,0.0,0.0,0.0,0.0,0.0,0.0,0.0,0.0,0.0,0.0,0.0,0.0,0.0,0.0,0.0,0.0,0.0,0.0,0.0,0.0,0.0,0.0,0.0,0.0,0.0,0.0,0.0,0.0,0.0,0.0,0.0,0.0,0.0,0.0,0.0,0.0,0.0,0.0
2017-05-29 03:09:00+02:00,0.0,0.0,0.0,0.0,0.0,0.0,0.0,0.0,0.0,0.0,0.0,0.0,0.0,0.0,0.0,0.0,0.0,0.0,0.0,0.0,0.0,0.0,0.0,0.0,0.0,0.0,0.0,0.0,0.0,0.0,0.0,0.0,0.0,0.0,0.0,0.0,0.0,0.0,0.0,0.0,0.0,0.0,0.0,0.0,0.0,0.0,0.0,0.0,0.0,0.0,0.0,0.0,0.0,0.0,0.0,0.0,0.0,0.0,0.0,0.0,0.0,0.0,0.0,0.0,0.0,0.0,0.0,0.0,0.0,0.0,0.0,0.0,0.0,0.0,0.0,0.0,0.0,0.0,0.0,0.0,0.0,0.0,0.0,0.0,0.0,0.0,0.0,0.0,0.0,0.0,0.0,0.0,0.0,0.0,0.0,0.0,0.0,0.0,0.0,0.0,0.0,0.0,0.0,0.0,0.0,0.0,0.0,0.0,0.0,0.0,0.0,0.0,0.0,0.0,0.0,0.0,0.0,0.0
2017-05-29 03:10:00+02:00,0.0,0.0,0.0,0.0,0.0,0.0,0.0,0.0,0.0,0.0,0.0,0.0,0.0,0.0,0.0,0.0,0.0,0.0,0.0,0.0,0.0,0.0,0.0,0.0,0.0,0.0,0.0,0.0,0.0,0.0,0.0,0.0,0.0,0.0,0.0,0.0,0.0,0.0,0.0,0.0,0.0,0.0,0.0,0.0,0.0,0.0,0.0,0.0,0.0,0.0,0.0,0.0,0.0,0.0,0.0,0.0,0.0,0.0,0.0,0.0,0.0,0.0,0.0,0.0,0.0,0.0,0.0,0.0,0.0,0.0,0.0,0.0,0.0,0.0,0.0,0.0,0.0,0.0,0.0,0.0,0.0,0.0,0.0,0.0,0.0,0.0,0.0,0.0,0.0,0.0,0.0,0.0,0.0,0.0,0.0,0.0,0.0,0.0,0.0,0.0,0.0,0.0,0.0,0.0,0.0,0.0,0.0,0.0,0.0,0.0,0.0,0.0,0.0,0.0,0.0,0.0,0.0,0.0
2017-05-29 03:11:00+02:00,0.0,0.0,0.0,0.0,0.0,0.0,0.0,0.0,0.0,0.0,0.0,0.0,0.0,0.0,0.0,0.0,0.0,0.0,0.0,0.0,0.0,0.0,0.0,0.0,0.0,0.0,0.0,0.0,0.0,0.0,0.0,0.0,0.0,0.0,0.0,0.0,0.0,0.0,0.0,0.0,0.0,0.0,0.0,0.0,0.0,0.0,0.0,0.0,0.0,0.0,0.0,0.0,0.0,0.0,0.0,0.0,0.0,0.0,0.0,0.0,0.0,0.0,0.0,0.0,0.0,0.0,0.0,0.0,0.0,0.0,0.0,0.0,0.0,0.0,0.0,0.0,0.0,0.0,0.0,0.0,0.0,0.0,0.0,0.0,0.0,0.0,0.0,0.0,0.0,0.0,0.0,0.0,0.0,0.0,0.0,0.0,0.0,0.0,0.0,0.0,0.0,0.0,0.0,0.0,0.0,0.0,0.0,0.0,0.0,0.0,0.0,0.0,0.0,0.0,0.0,0.0,0.0,0.0
2017-05-29 03:12:00+02:00,0.0,0.0,0.0,0.0,0.0,0.0,0.0,0.0,0.0,0.0,0.0,0.0,0.0,0.0,0.0,0.0,0.0,0.0,0.0,0.0,0.0,0.0,0.0,0.0,0.0,0.0,0.0,0.0,0.0,0.0,0.0,0.0,0.0,0.0,0.0,0.0,0.0,0.0,0.0,0.0,0.0,0.0,0.0,0.0,0.0,0.0,0.0,0.0,0.0,0.0,0.0,0.0,0.0,0.0,0.0,0.0,0.0,0.0,0.0,0.0,0.0,0.0,0.0,0.0,0.0,0.0,0.0,0.0,0.0,0.0,0.0,0.0,0.0,0.0,0.0,0.0,0.0,0.0,0.0,0.0,0.0,0.0,0.0,0.0,0.0,0.0,0.0,0.0,0.0,0.0,0.0,0.0,0.0,0.0,0.0,0.0,0.0,0.0,0.0,0.0,0.0,0.0,0.0,0.0,0.0,0.0,0.0,0.0,0.0,0.0,0.0,0.0,0.0,0.0,0.0,0.0,0.0,0.0
2017-05-29 03:13:00+02:00,0.0,0.0,0.0,0.0,0.0,0.0,0.0,0.0,0.0,0.0,0.0,0.0,0.0,0.0,0.0,0.0,0.0,0.0,0.0,0.0,0.0,0.0,0.0,0.0,0.0,0.0,0.0,0.0,0.0,0.0,0.0,0.0,0.0,0.0,0.0,0.0,0.0,0.0,0.0,0.0,0.0,0.0,0.0,0.0,0.0,0.0,0.0,0.0,0.0,0.0,0.0,0.0,0.0,0.0,0.0,0.0,0.0,0.0,0.0,0.0,0.0,0.0,0.0,0.0,0.0,0.0,0.0,0.0,0.0,0.0,0.0,0.0,0.0,0.0,0.0,0.0,0.0,0.0,0.0,0.0,0.0,0.0,0.0,0.0,0.0,0.0,0.0,0.0,0.0,0.0,0.0,0.0,0.0,0.0,0.0,0.0,0.0,0.0,0.0,0.0,0.0,0.0,0.0,0.0,0.0,0.0,0.0,0.0,0.0,0.0,0.0,0.0,0.0,0.0,0.0,0.0,0.0,0.0
2017-05-29 03:14:00+02:00,0.0,0.0,0.0,0.0,0.0,0.0,0.0,0.0,0.0,0.0,0.0,0.0,0.0,0.0,0.0,0.0,0.0,0.0,0.0,0.0,0.0,0.0,0.0,0.0,0.0,0.0,0.0,0.0,0.0,0.0,0.0,0.0,0.0,0.0,0.0,0.0,0.0,0.0,0.0,0.0,0.0,0.0,0.0,0.0,0.0,0.0,0.0,0.0,0.0,0.0,0.0,0.0,0.0,0.0,0.0,0.0,0.0,0.0,0.0,0.0,0.0,0.0,0.0,0.0,0.0,0.0,0.0,0.0,0.0,0.0,0.0,0.0,0.0,0.0,0.0,0.0,0.0,0.0,0.0,0.0,0.0,0.0,0.0,0.0,0.0,0.0,0.0,0.0,0.0,0.0,0.0,0.0,0.0,0.0,0.0,0.0,0.0,0.0,0.0,0.0,0.0,0.0,0.0,0.0,0.0,0.0,0.0,0.0,0.0,0.0,0.0,0.0,0.0,0.0,0.0,0.0,0.0,0.0
2017-05-29 03:15:00+02:00,0.0,0.0,0.0,0.0,0.0,0.0,0.0,0.0,0.0,0.0,0.0,0.0,0.0,0.0,0.0,0.0,0.0,0.0,0.0,0.0,0.0,0.0,0.0,0.0,0.0,0.0,0.0,0.0,0.0,0.0,0.0,0.0,0.0,0.0,0.0,0.0,0.0,0.0,0.0,0.0,0.0,0.0,0.0,0.0,0.0,0.0,0.0,0.0,0.0,0.0,0.0,0.0,0.0,0.0,0.0,0.0,0.0,0.0,0.0,0.0,0.0,0.0,0.0,0.0,0.0,0.0,0.0,0.0,0.0,0.0,0.0,0.0,0.0,0.0,0.0,0.0,0.0,0.0,0.0,0.0,0.0,0.0,0.0,0.0,0.0,0.0,0.0,0.0,0.0,0.0,0.0,0.0,0.0,0.0,0.0,0.0,0.0,0.0,0.0,0.0,0.0,0.0,0.0,0.0,0.0,0.0,0.0,0.0,0.0,0.0,0.0,0.0,0.0,0.0,0.0,0.0,0.0,0.0
2017-05-29 03:16:00+02:00,0.0,0.0,0.0,0.0,0.0,0.0,0.0,0.0,0.0,0.0,0.0,0.0,0.0,0.0,0.0,0.0,0.0,0.0,0.0,0.0,0.0,0.0,0.0,0.0,0.0,0.0,0.0,0.0,0.0,0.0,0.0,0.0,0.0,0.0,0.0,0.0,0.0,0.0,0.0,0.0,0.0,0.0,0.0,0.0,0.0,0.0,0.0,0.0,0.0,0.0,0.0,0.0,0.0,0.0,0.0,0.0,0.0,0.0,0.0,0.0,0.0,0.0,0.0,0.0,0.0,0.0,0.0,0.0,0.0,0.0,0.0,0.0,0.0,0.0,0.0,0.0,0.0,0.0,0.0,0.0,0.0,0.0,0.0,0.0,0.0,0.0,0.0,0.0,0.0,0.0,0.0,0.0,0.0,0.0,0.0,0.0,0.0,0.0,0.0,0.0,0.0,0.0,0.0,0.0,0.0,0.0,0.0,0.0,0.0,0.0,0.0,0.0,0.0,0.0,0.0,0.0,0.0,0.0
2017-05-29 03:17:00+02:00,0.0,0.0,0.0,0.0,0.0,0.0,0.0,0.0,0.0,0.0,0.0,0.0,0.0,0.0,0.0,0.0,0.0,0.0,0.0,0.0,0.0,0.0,0.0,0.0,0.0,0.0,0.0,0.0,0.0,0.0,0.0,0.0,0.0,0.0,0.0,0.0,0.0,0.0,0.0,0.0,0.0,0.0,0.0,0.0,0.0,0.0,0.0,0.0,0.0,0.0,0.0,0.0,0.0,0.0,0.0,0.0,0.0,0.0,0.0,0.0,0.0,0.0,0.0,0.0,0.0,0.0,0.0,0.0,0.0,0.0,0.0,0.0,0.0,0.0,0.0,0.0,0.0,0.0,0.0,0.0,0.0,0.0,0.0,0.0,0.0,0.0,0.0,0.0,0.0,0.0,0.0,0.0,0.0,0.0,0.0,0.0,0.0,0.0,0.0,0.0,0.0,0.0,0.0,0.0,0.0,0.0,0.0,0.0,0.0,0.0,0.0,0.0,0.0,0.0,0.0,0.0,0.0,0.0
2017-05-29 03:18:00+02:00,0.0,0.0,0.0,0.0,0.0,0.0,0.0,0.0,0.0,0.0,0.0,0.0,0.0,0.0,0.0,0.0,0.0,0.0,0.0,0.0,0.0,0.0,0.0,0.0,0.0,0.0,0.0,0.0,0.0,0.0,0.0,0.0,0.0,0.0,0.0,0.0,0.0,0.0,0.0,0.0,0.0,0.0,0.0,0.0,0.0,0.0,0.0,0.0,0.0,0.0,0.0,0.0,0.0,0.0,0.0,0.0,0.0,0.0,0.0,0.0,0.0,0.0,0.0,0.0,0.0,0.0,0.0,0.0,0.0,0.0,0.0,0.0,0.0,0.0,0.0,0.0,0.0,0.0,0.0,0.0,0.0,0.0,0.0,0.0,0.0,0.0,0.0,0.0,0.0,0.0,0.0,0.0,0.0,0.0,0.0,0.0,0.0,0.0,0.0,0.0,0.0,0.0,0.0,0.0,0.0,0.0,0.0,0.0,0.0,0.0,0.0,0.0,0.0,0.0,0.0,0.0,0.0,0.0
2017-05-29 03:19:00+02:00,0.0,0.0,0.0,0.0,0.0,0.0,0.0,0.0,0.0,0.0,0.0,0.0,0.0,0.0,0.0,0.0,0.0,0.0,0.0,0.0,0.0,0.0,0.0,0.0,0.0,0.0,0.0,0.0,0.0,0.0,0.0,0.0,0.0,0.0,0.0,0.0,0.0,0.0,0.0,0.0,0.0,0.0,0.0,0.0,0.0,0.0,0.0,0.0,0.0,0.0,0.0,0.0,0.0,0.0,0.0,0.0,0.0,0.0,0.0,0.0,0.0,0.0,0.0,0.0,0.0,0.0,0.0,0.0,0.0,0.0,0.0,0.0,0.0,0.0,0.0,0.0,0.0,0.0,0.0,0.0,0.0,0.0,0.0,0.0,0.0,0.0,0.0,0.0,0.0,0.0,0.0,0.0,0.0,0.0,0.0,0.0,0.0,0.0,0.0,0.0,0.0,0.0,0.0,0.0,0.0,0.0,0.0,0.0,0.0,0.0,0.0,0.0,0.0,0.0,0.0,0.0,0.0,0.0
2017-05-29 03:20:00+02:00,0.0,0.0,0.0,0.0,0.0,0.0,0.0,0.0,0.0,0.0,0.0,0.0,0.0,0.0,0.0,0.0,0.0,0.0,0.0,0.0,0.0,0.0,0.0,0.0,0.0,0.0,0.0,0.0,0.0,0.0,0.0,0.0,0.0,0.0,0.0,0.0,0.0,0.0,0.0,0.0,0.0,0.0,0.0,0.0,0.0,0.0,0.0,0.0,0.0,0.0,0.0,0.0,0.0,0.0,0.0,0.0,0.0,0.0,0.0,0.0,0.0,0.0,0.0,0.0,0.0,0.0,0.0,0.0,0.0,0.0,0.0,0.0,0.0,0.0,0.0,0.0,0.0,0.0,0.0,0.0,0.0,0.0,0.0,0.0,0.0,0.0,0.0,0.0,0.0,0.0,0.0,0.0,0.0,0.0,0.0,0.0,0.0,0.0,0.0,0.0,0.0,0.0,0.0,0.0,0.0,0.0,0.0,0.0,0.0,0.0,0.0,0.0,0.0,0.0,0.0,0.0,0.0,0.0
2017-05-29 03:21:00+02:00,0.0,0.0,0.0,0.0,0.0,0.0,0.0,0.0,0.0,0.0,0.0,0.0,0.0,0.0,0.0,0.0,0.0,0.0,0.0,0.0,0.0,0.0,0.0,0.0,0.0,0.0,0.0,0.0,0.0,0.0,0.0,0.0,0.0,0.0,0.0,0.0,0.0,0.0,0.0,0.0,0.0,0.0,0.0,0.0,0.0,0.0,0.0,0.0,0.0,0.0,0.0,0.0,0.0,0.0,0.0,0.0,0.0,0.0,0.0,0.0,0.0,0.0,0.0,0.0,0.0,0.0,0.0,0.0,0.0,0.0,0.0,0.0,0.0,0.0,0.0,0.0,0.0,0.0,0.0,0.0,0.0,0.0,0.0,0.0,0.0,0.0,0.0,0.0,0.0,0.0,0.0,0.0,0.0,0.0,0.0,0.0,0.0,0.0,0.0,0.0,0.0,0.0,0.0,0.0,0.0,0.0,0.0,0.0,0.0,0.0,0.0,0.0,0.0,0.0,0.0,0.0,0.0,0.0
2017-05-29 03:22:00+02:00,0.0,0.0,0.0,0.0,0.0,0.0,0.0,0.0,0.0,0.0,0.0,0.0,0.0,0.0,0.0,0.0,0.0,0.0,0.0,0.0,0.0,0.0,0.0,0.0,0.0,0.0,0.0,0.0,0.0,0.0,0.0,0.0,0.0,0.0,0.0,0.0,0.0,0.0,0.0,0.0,0.0,0.0,0.0,0.0,0.0,0.0,0.0,0.0,0.0,0.0,0.0,0.0,0.0,0.0,0.0,0.0,0.0,0.0,0.0,0.0,0.0,0.0,0.0,0.0,0.0,0.0,0.0,0.0,0.0,0.0,0.0,0.0,0.0,0.0,0.0,0.0,0.0,0.0,0.0,0.0,0.0,0.0,0.0,0.0,0.0,0.0,0.0,0.0,0.0,0.0,0.0,0.0,0.0,0.0,0.0,0.0,0.0,0.0,0.0,0.0,0.0,0.0,0.0,0.0,0.0,0.0,0.0,0.0,0.0,0.0,0.0,0.0,0.0,0.0,0.0,0.0,0.0,0.0
2017-05-29 03:23:00+02:00,0.0,0.0,0.0,0.0,0.0,0.0,0.0,0.0,0.0,0.0,0.0,0.0,0.0,0.0,0.0,0.0,0.0,0.0,0.0,0.0,0.0,0.0,0.0,0.0,0.0,0.0,0.0,0.0,0.0,0.0,0.0,0.0,0.0,0.0,0.0,0.0,0.0,0.0,0.0,0.0,0.0,0.0,0.0,0.0,0.0,0.0,0.0,0.0,0.0,0.0,0.0,0.0,0.0,0.0,0.0,0.0,0.0,0.0,0.0,0.0,0.0,0.0,0.0,0.0,0.0,0.0,0.0,0.0,0.0,0.0,0.0,0.0,0.0,0.0,0.0,0.0,0.0,0.0,0.0,0.0,0.0,0.0,0.0,0.0,0.0,0.0,0.0,0.0,0.0,0.0,0.0,0.0,0.0,0.0,0.0,0.0,0.0,0.0,0.0,0.0,0.0,0.0,0.0,0.0,0.0,0.0,0.0,0.0,0.0,0.0,0.0,0.0,0.0,0.0,0.0,0.0,0.0,0.0
2017-05-29 03:24:00+02:00,0.0,0.0,0.0,0.0,0.0,0.0,0.0,0.0,0.0,0.0,0.0,0.0,0.0,0.0,0.0,0.0,0.0,0.0,0.0,0.0,0.0,0.0,0.0,0.0,0.0,0.0,0.0,0.0,0.0,0.0,0.0,0.0,0.0,0.0,0.0,0.0,0.0,0.0,0.0,0.0,0.0,0.0,0.0,0.0,0.0,0.0,0.0,0.0,0.0,0.0,0.0,0.0,0.0,0.0,0.0,0.0,0.0,0.0,0.0,0.0,0.0,0.0,0.0,0.0,0.0,0.0,0.0,0.0,0.0,0.0,0.0,0.0,0.0,0.0,0.0,0.0,0.0,0.0,0.0,0.0,0.0,0.0,0.0,0.0,0.0,0.0,0.0,0.0,0.0,0.0,0.0,0.0,0.0,0.0,0.0,0.0,0.0,0.0,0.0,0.0,0.0,0.0,0.0,0.0,0.0,0.0,0.0,0.0,0.0,0.0,0.0,0.0,0.0,0.0,0.0,0.0,0.0,0.0
2017-05-29 03:25:00+02:00,0.0,0.0,0.0,0.0,0.0,0.0,0.0,0.0,0.0,0.0,0.0,0.0,0.0,0.0,0.0,0.0,0.0,0.0,0.0,0.0,0.0,0.0,0.0,0.0,0.0,0.0,0.0,0.0,0.0,0.0,0.0,0.0,0.0,0.0,0.0,0.0,0.0,0.0,0.0,0.0,0.0,0.0,0.0,0.0,0.0,0.0,0.0,0.0,0.0,0.0,0.0,0.0,0.0,0.0,0.0,0.0,0.0,0.0,0.0,0.0,0.0,0.0,0.0,0.0,0.0,0.0,0.0,0.0,0.0,0.0,0.0,0.0,0.0,0.0,0.0,0.0,0.0,0.0,0.0,0.0,0.0,0.0,0.0,0.0,0.0,0.0,0.0,0.0,0.0,0.0,0.0,0.0,0.0,0.0,0.0,0.0,0.0,0.0,0.0,0.0,0.0,0.0,0.0,0.0,0.0,0.0,0.0,0.0,0.0,0.0,0.0,0.0,0.0,0.0,0.0,0.0,0.0,0.0
2017-05-29 03:26:00+02:00,0.0,0.0,0.0,0.0,0.0,0.0,0.0,0.0,0.0,0.0,0.0,0.0,0.0,0.0,0.0,0.0,0.0,0.0,0.0,0.0,0.0,0.0,0.0,0.0,0.0,0.0,0.0,0.0,0.0,0.0,0.0,0.0,0.0,0.0,0.0,0.0,0.0,0.0,0.0,0.0,0.0,0.0,0.0,0.0,0.0,0.0,0.0,0.0,0.0,0.0,0.0,0.0,0.0,0.0,0.0,0.0,0.0,0.0,0.0,0.0,0.0,0.0,0.0,0.0,0.0,0.0,0.0,0.0,0.0,0.0,0.0,0.0,0.0,0.0,0.0,0.0,0.0,0.0,0.0,0.0,0.0,0.0,0.0,0.0,0.0,0.0,0.0,0.0,0.0,0.0,0.0,0.0,0.0,0.0,0.0,0.0,0.0,0.0,0.0,0.0,0.0,0.0,0.0,0.0,0.0,0.0,0.0,0.0,0.0,0.0,0.0,0.0,0.0,0.0,0.0,0.0,0.0,0.0
2017-05-29 03:27:00+02:00,0.0,0.0,0.0,0.0,0.0,0.0,0.0,0.0,0.0,0.0,0.0,0.0,0.0,0.0,0.0,0.0,0.0,0.0,0.0,0.0,0.0,0.0,0.0,0.0,0.0,0.0,0.0,0.0,0.0,0.0,0.0,0.0,0.0,0.0,0.0,0.0,0.0,0.0,0.0,0.0,0.0,0.0,0.0,0.0,0.0,0.0,0.0,0.0,0.0,0.0,0.0,0.0,0.0,0.0,0.0,0.0,0.0,0.0,0.0,0.0,0.0,0.0,0.0,0.0,0.0,0.0,0.0,0.0,0.0,0.0,0.0,0.0,0.0,0.0,0.0,0.0,0.0,0.0,0.0,0.0,0.0,0.0,0.0,0.0,0.0,0.0,0.0,0.0,0.0,0.0,0.0,0.0,0.0,0.0,0.0,0.0,0.0,0.0,0.0,0.0,0.0,0.0,0.0,0.0,0.0,0.0,0.0,0.0,0.0,0.0,0.0,0.0,0.0,0.0,0.0,0.0,0.0,0.0
2017-05-29 03:28:00+02:00,0.0,0.0,0.0,0.0,0.0,0.0,0.0,0.0,0.0,0.0,0.0,0.0,0.0,0.0,0.0,0.0,0.0,0.0,0.0,0.0,0.0,0.0,0.0,0.0,0.0,0.0,0.0,0.0,0.0,0.0,0.0,0.0,0.0,0.0,0.0,0.0,0.0,0.0,0.0,0.0,0.0,0.0,0.0,0.0,0.0,0.0,0.0,0.0,0.0,0.0,0.0,0.0,0.0,0.0,0.0,0.0,0.0,0.0,0.0,0.0,0.0,0.0,0.0,0.0,0.0,0.0,0.0,0.0,0.0,0.0,0.0,0.0,0.0,0.0,0.0,0.0,0.0,0.0,0.0,0.0,0.0,0.0,0.0,0.0,0.0,0.0,0.0,0.0,0.0,0.0,0.0,0.0,0.0,0.0,0.0,0.0,0.0,0.0,0.0,0.0,0.0,0.0,0.0,0.0,0.0,0.0,0.0,0.0,0.0,0.0,0.0,0.0,0.0,0.0,0.0,0.0,0.0,0.0
2017-05-29 03:29:00+02:00,0.0,0.0,0.0,0.0,0.0,0.0,0.0,0.0,0.0,0.0,0.0,0.0,0.0,0.0,0.0,0.0,0.0,0.0,0.0,0.0,0.0,0.0,0.0,0.0,0.0,0.0,0.0,0.0,0.0,0.0,0.0,0.0,0.0,0.0,0.0,0.0,0.0,0.0,0.0,0.0,0.0,0.0,0.0,0.0,0.0,0.0,0.0,0.0,0.0,0.0,0.0,0.0,0.0,0.0,0.0,0.0,0.0,0.0,0.0,0.0,0.0,0.0,0.0,0.0,0.0,0.0,0.0,0.0,0.0,0.0,0.0,0.0,0.0,0.0,0.0,0.0,0.0,0.0,0.0,0.0,0.0,0.0,0.0,0.0,0.0,0.0,0.0,0.0,0.0,0.0,0.0,0.0,0.0,0.0,0.0,0.0,0.0,0.0,0.0,0.0,0.0,0.0,0.0,0.0,0.0,0.0,0.0,0.0,0.0,0.0,0.0,0.0,0.0,0.0,0.0,0.0,0.0,0.0
2017-05-29 03:30:00+02:00,0.0,0.0,0.0,0.0,0.0,0.0,0.0,0.0,0.0,0.0,0.0,0.0,0.0,0.0,0.0,0.0,0.0,0.0,0.0,0.0,0.0,0.0,0.0,0.0,0.0,0.0,0.0,0.0,0.0,0.0,0.0,0.0,0.0,0.0,0.0,0.0,0.0,0.0,0.0,0.0,0.0,0.0,0.0,0.0,0.0,0.0,0.0,0.0,0.0,0.0,0.0,0.0,0.0,0.0,0.0,0.0,0.0,0.0,0.0,0.0,0.0,0.0,0.0,0.0,0.0,0.0,0.0,0.0,0.0,0.0,0.0,0.0,0.0,0.0,0.0,0.0,0.0,0.0,0.0,0.0,0.0,0.0,0.0,0.0,0.0,0.0,0.0,0.0,0.0,0.0,0.0,0.0,0.0,0.0,0.0,0.0,0.0,0.0,0.0,0.0,0.0,0.0,0.0,0.0,0.0,0.0,0.0,0.0,0.0,0.0,0.0,0.0,0.0,0.0,0.0,0.0,0.0,0.0
2017-05-29 03:31:00+02:00,0.0,0.0,0.0,0.0,0.0,0.0,0.0,0.0,0.0,0.0,0.0,0.0,0.0,0.0,0.0,0.0,0.0,0.0,0.0,0.0,0.0,0.0,0.0,0.0,0.0,0.0,0.0,0.0,0.0,0.0,0.0,0.0,0.0,0.0,0.0,0.0,0.0,0.0,0.0,0.0,0.0,0.0,0.0,0.0,0.0,0.0,0.0,0.0,0.0,0.0,0.0,0.0,0.0,0.0,0.0,0.0,0.0,0.0,0.0,0.0,0.0,0.0,0.0,0.0,0.0,0.0,0.0,0.0,0.0,0.0,0.0,0.0,0.0,0.0,0.0,0.0,0.0,0.0,0.0,0.0,0.0,0.0,0.0,0.0,0.0,0.0,0.0,0.0,0.0,0.0,0.0,0.0,0.0,0.0,0.0,0.0,0.0,0.0,0.0,0.0,0.0,0.0,0.0,0.0,0.0,0.0,0.0,0.0,0.0,0.0,0.0,0.0,0.0,0.0,0.0,0.0,0.0,0.0
2017-05-29 03:32:00+02:00,0.0,0.0,0.0,0.0,0.0,0.0,0.0,0.0,0.0,0.0,0.0,0.0,0.0,0.0,0.0,0.0,0.0,0.0,0.0,0.0,0.0,0.0,0.0,0.0,0.0,0.0,0.0,0.0,0.0,0.0,0.0,0.0,0.0,0.0,0.0,0.0,0.0,0.0,0.0,0.0,0.0,0.0,0.0,0.0,0.0,0.0,0.0,0.0,0.0,0.0,0.0,0.0,0.0,0.0,0.0,0.0,0.0,0.0,0.0,0.0,0.0,0.0,0.0,0.0,0.0,0.0,0.0,0.0,0.0,0.0,0.0,0.0,0.0,0.0,0.0,0.0,0.0,0.0,0.0,0.0,0.0,0.0,0.0,0.0,0.0,0.0,0.0,0.0,0.0,0.0,0.0,0.0,0.0,0.0,0.0,0.0,0.0,0.0,0.0,0.0,0.0,0.0,0.0,0.0,0.0,0.0,0.0,0.0,0.0,0.0,0.0,0.0,0.0,0.0,0.0,0.0,0.0,0.0
2017-05-29 03:33:00+02:00,0.0,0.0,0.0,0.0,0.0,0.0,0.0,0.0,0.0,0.0,0.0,0.0,0.0,0.0,0.0,0.0,0.0,0.0,0.0,0.0,0.0,0.0,0.0,0.0,0.0,0.0,0.0,0.0,0.0,0.0,0.0,0.0,0.0,0.0,0.0,0.0,0.0,0.0,0.0,0.0,0.0,0.0,0.0,0.0,0.0,0.0,0.0,0.0,0.0,0.0,0.0,0.0,0.0,0.0,0.0,0.0,0.0,0.0,0.0,0.0,0.0,0.0,0.0,0.0,0.0,0.0,0.0,0.0,0.0,0.0,0.0,0.0,0.0,0.0,0.0,0.0,0.0,0.0,0.0,0.0,0.0,0.0,0.0,0.0,0.0,0.0,0.0,0.0,0.0,0.0,0.0,0.0,0.0,0.0,0.0,0.0,0.0,0.0,0.0,0.0,0.0,0.0,0.0,0.0,0.0,0.0,0.0,0.0,0.0,0.0,0.0,0.0,0.0,0.0,0.0,0.0,0.0,0.0
2017-05-29 03:34:00+02:00,0.0,0.0,0.0,0.0,0.0,0.0,0.0,0.0,0.0,0.0,0.0,0.0,0.0,0.0,0.0,0.0,0.0,0.0,0.0,0.0,0.0,0.0,0.0,0.0,0.0,0.0,0.0,0.0,0.0,0.0,0.0,0.0,0.0,0.0,0.0,0.0,0.0,0.0,0.0,0.0,0.0,0.0,0.0,0.0,0.0,0.0,0.0,0.0,0.0,0.0,0.0,0.0,0.0,0.0,0.0,0.0,0.0,0.0,0.0,0.0,0.0,0.0,0.0,0.0,0.0,0.0,0.0,0.0,0.0,0.0,0.0,0.0,0.0,0.0,0.0,0.0,0.0,0.0,0.0,0.0,0.0,0.0,0.0,0.0,0.0,0.0,0.0,0.0,0.0,0.0,0.0,0.0,0.0,0.0,0.0,0.0,0.0,0.0,0.0,0.0,0.0,0.0,0.0,0.0,0.0,0.0,0.0,0.0,0.0,0.0,0.0,0.0,0.0,0.0,0.0,0.0,0.0,0.0
2017-05-29 03:35:00+02:00,0.0,0.0,0.0,0.0,0.0,0.0,0.0,0.0,0.0,0.0,0.0,0.0,0.0,0.0,0.0,0.0,0.0,0.0,0.0,0.0,0.0,0.0,0.0,0.0,0.0,0.0,0.0,0.0,0.0,0.0,0.0,0.0,0.0,0.0,0.0,0.0,0.0,0.0,0.0,0.0,0.0,0.0,0.0,0.0,0.0,0.0,0.0,0.0,0.0,0.0,0.0,0.0,0.0,0.0,0.0,0.0,0.0,0.0,0.0,0.0,0.0,0.0,0.0,0.0,0.0,0.0,0.0,0.0,0.0,0.0,0.0,0.0,0.0,0.0,0.0,0.0,0.0,0.0,0.0,0.0,0.0,0.0,0.0,0.0,0.0,0.0,0.0,0.0,0.0,0.0,0.0,0.0,0.0,0.0,0.0,0.0,0.0,0.0,0.0,0.0,0.0,0.0,0.0,0.0,0.0,0.0,0.0,0.0,0.0,0.0,0.0,0.0,0.0,0.0,0.0,0.0,0.0,0.0
2017-05-29 03:36:00+02:00,0.0,0.0,0.0,0.0,0.0,0.0,0.0,0.0,0.0,0.0,0.0,0.0,0.0,0.0,0.0,0.0,0.0,0.0,0.0,0.0,0.0,0.0,0.0,0.0,0.0,0.0,0.0,0.0,0.0,0.0,0.0,0.0,0.0,0.0,0.0,0.0,0.0,0.0,0.0,0.0,0.0,0.0,0.0,0.0,0.0,0.0,0.0,0.0,0.0,0.0,0.0,0.0,0.0,0.0,0.0,0.0,0.0,0.0,0.0,0.0,0.0,0.0,0.0,0.0,0.0,0.0,0.0,0.0,0.0,0.0,0.0,0.0,0.0,0.0,0.0,0.0,0.0,0.0,0.0,0.0,0.0,0.0,0.0,0.0,0.0,0.0,0.0,0.0,0.0,0.0,0.0,0.0,0.0,0.0,0.0,0.0,0.0,0.0,0.0,0.0,0.0,0.0,0.0,0.0,0.0,0.0,0.0,0.0,0.0,0.0,0.0,0.0,0.0,0.0,0.0,0.0,0.0,0.0
2017-05-29 03:37:00+02:00,0.0,0.0,0.0,0.0,0.0,0.0,0.0,0.0,0.0,0.0,0.0,0.0,0.0,0.0,0.0,0.0,0.0,0.0,0.0,0.0,0.0,0.0,0.0,0.0,0.0,0.0,0.0,0.0,0.0,0.0,0.0,0.0,0.0,0.0,0.0,0.0,0.0,0.0,0.0,0.0,0.0,0.0,0.0,0.0,0.0,0.0,0.0,0.0,0.0,0.0,0.0,0.0,0.0,0.0,0.0,0.0,0.0,0.0,0.0,0.0,0.0,0.0,0.0,0.0,0.0,0.0,0.0,0.0,0.0,0.0,0.0,0.0,0.0,0.0,0.0,0.0,0.0,0.0,0.0,0.0,0.0,0.0,0.0,0.0,0.0,0.0,0.0,0.0,0.0,0.0,0.0,0.0,0.0,0.0,0.0,0.0,0.0,0.0,0.0,0.0,0.0,0.0,0.0,0.0,0.0,0.0,0.0,0.0,0.0,0.0,0.0,0.0,0.0,0.0,0.0,0.0,0.0,0.0
2017-05-29 03:38:00+02:00,0.0,0.0,0.0,0.0,0.0,0.0,0.0,0.0,0.0,0.0,0.0,0.0,0.0,0.0,0.0,0.0,0.0,0.0,0.0,0.0,0.0,0.0,0.0,0.0,0.0,0.0,0.0,0.0,0.0,0.0,0.0,0.0,0.0,0.0,0.0,0.0,0.0,0.0,0.0,0.0,0.0,0.0,0.0,0.0,0.0,0.0,0.0,0.0,0.0,0.0,0.0,0.0,0.0,0.0,0.0,0.0,0.0,0.0,0.0,0.0,0.0,0.0,0.0,0.0,0.0,0.0,0.0,0.0,0.0,0.0,0.0,0.0,0.0,0.0,0.0,0.0,0.0,0.0,0.0,0.0,0.0,0.0,0.0,0.0,0.0,0.0,0.0,0.0,0.0,0.0,0.0,0.0,0.0,0.0,0.0,0.0,0.0,0.0,0.0,0.0,0.0,0.0,0.0,0.0,0.0,0.0,0.0,0.0,0.0,0.0,0.0,0.0,0.0,0.0,0.0,0.0,0.0,0.0
2017-05-29 03:39:00+02:00,0.0,0.0,0.0,0.0,0.0,0.0,0.0,0.0,0.0,0.0,0.0,0.0,0.0,0.0,0.0,0.0,0.0,0.0,0.0,0.0,0.0,0.0,0.0,0.0,0.0,0.0,0.0,0.0,0.0,0.0,0.0,0.0,0.0,0.0,0.0,0.0,0.0,0.0,0.0,0.0,0.0,0.0,0.0,0.0,0.0,0.0,0.0,0.0,0.0,0.0,0.0,0.0,0.0,0.0,0.0,0.0,0.0,0.0,0.0,0.0,0.0,0.0,0.0,0.0,0.0,0.0,0.0,0.0,0.0,0.0,0.0,0.0,0.0,0.0,0.0,0.0,0.0,0.0,0.0,0.0,0.0,0.0,0.0,0.0,0.0,0.0,0.0,0.0,0.0,0.0,0.0,0.0,0.0,0.0,0.0,0.0,0.0,0.0,0.0,0.0,0.0,0.0,0.0,0.0,0.0,0.0,0.0,0.0,0.0,0.0,0.0,0.0,0.0,0.0,0.0,0.0,0.0,0.0
2017-05-29 03:40:00+02:00,0.0,0.0,0.0,0.0,0.0,0.0,0.0,0.0,0.0,0.0,0.0,0.0,0.0,0.0,0.0,0.0,0.0,0.0,0.0,0.0,0.0,0.0,0.0,0.0,0.0,0.0,0.0,0.0,0.0,0.0,0.0,0.0,0.0,0.0,0.0,0.0,0.0,0.0,0.0,0.0,0.0,0.0,0.0,0.0,0.0,0.0,0.0,0.0,0.0,0.0,0.0,0.0,0.0,0.0,0.0,0.0,0.0,0.0,0.0,0.0,0.0,0.0,0.0,0.0,0.0,0.0,0.0,0.0,0.0,0.0,0.0,0.0,0.0,0.0,0.0,0.0,0.0,0.0,0.0,0.0,0.0,0.0,0.0,0.0,0.0,0.0,0.0,0.0,0.0,0.0,0.0,0.0,0.0,0.0,0.0,0.0,0.0,0.0,0.0,0.0,0.0,0.0,0.0,0.0,0.0,0.0,0.0,0.0,0.0,0.0,0.0,0.0,0.0,0.0,0.0,0.0,0.0,0.0
2017-05-29 03:41:00+02:00,0.0,0.0,0.0,0.0,0.0,0.0,0.0,0.0,0.0,0.0,0.0,0.0,0.0,0.0,0.0,0.0,0.0,0.0,0.0,0.0,0.0,0.0,0.0,0.0,0.0,0.0,0.0,0.0,0.0,0.0,0.0,0.0,0.0,0.0,0.0,0.0,0.0,0.0,0.0,0.0,0.0,0.0,0.0,0.0,0.0,0.0,0.0,0.0,0.0,0.0,0.0,0.0,0.0,0.0,0.0,0.0,0.0,0.0,0.0,0.0,0.0,0.0,0.0,0.0,0.0,0.0,0.0,0.0,0.0,0.0,0.0,0.0,0.0,0.0,0.0,0.0,0.0,0.0,0.0,0.0,0.0,0.0,0.0,0.0,0.0,0.0,0.0,0.0,0.0,0.0,0.0,0.0,0.0,0.0,0.0,0.0,0.0,0.0,0.0,0.0,0.0,0.0,0.0,0.0,0.0,0.0,0.0,0.0,0.0,0.0,0.0,0.0,0.0,0.0,0.0,0.0,0.0,0.0
2017-05-29 03:42:00+02:00,0.0,0.0,0.0,0.0,0.0,0.0,0.0,0.0,0.0,0.0,0.0,0.0,0.0,0.0,0.0,0.0,0.0,0.0,0.0,0.0,0.0,0.0,0.0,0.0,0.0,0.0,0.0,0.0,0.0,0.0,0.0,0.0,0.0,0.0,0.0,0.0,0.0,0.0,0.0,0.0,0.0,0.0,0.0,0.0,0.0,0.0,0.0,0.0,0.0,0.0,0.0,0.0,0.0,0.0,0.0,0.0,0.0,0.0,0.0,0.0,0.0,0.0,0.0,0.0,0.0,0.0,0.0,0.0,0.0,0.0,0.0,0.0,0.0,0.0,0.0,0.0,0.0,0.0,0.0,0.0,0.0,0.0,0.0,0.0,0.0,0.0,0.0,0.0,0.0,0.0,0.0,0.0,0.0,0.0,0.0,0.0,0.0,0.0,0.0,0.0,0.0,0.0,0.0,0.0,0.0,0.0,0.0,0.0,0.0,0.0,0.0,0.0,0.0,0.0,0.0,0.0,0.0,0.0
2017-05-29 03:43:00+02:00,0.0,0.0,0.0,0.0,0.0,0.0,0.0,0.0,0.0,0.0,0.0,0.0,0.0,0.0,0.0,0.0,0.0,0.0,0.0,0.0,0.0,0.0,0.0,0.0,0.0,0.0,0.0,0.0,0.0,0.0,0.0,0.0,0.0,0.0,0.0,0.0,0.0,0.0,0.0,0.0,0.0,0.0,0.0,0.0,0.0,0.0,0.0,0.0,0.0,0.0,0.0,0.0,0.0,0.0,0.0,0.0,0.0,0.0,0.0,0.0,0.0,0.0,0.0,0.0,0.0,0.0,0.0,0.0,0.0,0.0,0.0,0.0,0.0,0.0,0.0,0.0,0.0,0.0,0.0,0.0,0.0,0.0,0.0,0.0,0.0,0.0,0.0,0.0,0.0,0.0,0.0,0.0,0.0,0.0,0.0,0.0,0.0,0.0,0.0,0.0,0.0,0.0,0.0,0.0,0.0,0.0,0.0,0.0,0.0,0.0,0.0,0.0,0.0,0.0,0.0,0.0,0.0,0.0
2017-05-29 03:44:00+02:00,0.0,0.0,0.0,0.0,0.0,0.0,0.0,0.0,0.0,0.0,0.0,0.0,0.0,0.0,0.0,0.0,0.0,0.0,0.0,0.0,0.0,0.0,0.0,0.0,0.0,0.0,0.0,0.0,0.0,0.0,0.0,0.0,0.0,0.0,0.0,0.0,0.0,0.0,0.0,0.0,0.0,0.0,0.0,0.0,0.0,0.0,0.0,0.0,0.0,0.0,0.0,0.0,0.0,0.0,0.0,0.0,0.0,0.0,0.0,0.0,0.0,0.0,0.0,0.0,0.0,0.0,0.0,0.0,0.0,0.0,0.0,0.0,0.0,0.0,0.0,0.0,0.0,0.0,0.0,0.0,0.0,0.0,0.0,0.0,0.0,0.0,0.0,0.0,0.0,0.0,0.0,0.0,0.0,0.0,0.0,0.0,0.0,0.0,0.0,0.0,0.0,0.0,0.0,0.0,0.0,0.0,0.0,0.0,0.0,0.0,0.0,0.0,0.0,0.0,0.0,0.0,0.0,0.0
2017-05-29 03:45:00+02:00,0.0,0.0,0.0,0.0,0.0,0.0,0.0,0.0,0.0,0.0,0.0,0.0,0.0,0.0,0.0,0.0,0.0,0.0,0.0,0.0,0.0,0.0,0.0,0.0,0.0,0.0,0.0,0.0,0.0,0.0,0.0,0.0,0.0,0.0,0.0,0.0,0.0,0.0,0.0,0.0,0.0,0.0,0.0,0.0,0.0,0.0,0.0,0.0,0.0,0.0,0.0,0.0,0.0,0.0,0.0,0.0,0.0,0.0,0.0,0.0,0.0,0.0,0.0,0.0,0.0,0.0,0.0,0.0,0.0,0.0,0.0,0.0,0.0,0.0,0.0,0.0,0.0,0.0,0.0,0.0,0.0,0.0,0.0,0.0,0.0,0.0,0.0,0.0,0.0,0.0,0.0,0.0,0.0,0.0,0.0,0.0,0.0,0.0,0.0,0.0,0.0,0.0,0.0,0.0,0.0,0.0,0.0,0.0,0.0,0.0,0.0,0.0,0.0,0.0,0.0,0.0,0.0,0.0
2017-05-29 03:46:00+02:00,0.0,0.0,0.0,0.0,0.0,0.0,0.0,0.0,0.0,0.0,0.0,0.0,0.0,0.0,0.0,0.0,0.0,0.0,0.0,0.0,0.0,0.0,0.0,0.0,0.0,0.0,0.0,0.0,0.0,0.0,0.0,0.0,0.0,0.0,0.0,0.0,0.0,0.0,0.0,0.0,0.0,0.0,0.0,0.0,0.0,0.0,0.0,0.0,0.0,0.0,0.0,0.0,0.0,0.0,0.0,0.0,0.0,0.0,0.0,0.0,0.0,0.0,0.0,0.0,0.0,0.0,0.0,0.0,0.0,0.0,0.0,0.0,0.0,0.0,0.0,0.0,0.0,0.0,0.0,0.0,0.0,0.0,0.0,0.0,0.0,0.0,0.0,0.0,0.0,0.0,0.0,0.0,0.0,0.0,0.0,0.0,0.0,0.0,0.0,0.0,0.0,0.0,0.0,0.0,0.0,0.0,0.0,0.0,0.0,0.0,0.0,0.0,0.0,0.0,0.0,0.0,0.0,0.0
2017-05-29 03:47:00+02:00,0.0,0.0,0.0,0.0,0.0,0.0,0.0,0.0,0.0,0.0,0.0,0.0,0.0,0.0,0.0,0.0,0.0,0.0,0.0,0.0,0.0,0.0,0.0,0.0,0.0,0.0,0.0,0.0,0.0,0.0,0.0,0.0,0.0,0.0,0.0,0.0,0.0,0.0,0.0,0.0,0.0,0.0,0.0,0.0,0.0,0.0,0.0,0.0,0.0,0.0,0.0,0.0,0.0,0.0,0.0,0.0,0.0,0.0,0.0,0.0,0.0,0.0,0.0,0.0,0.0,0.0,0.0,0.0,0.0,0.0,0.0,0.0,0.0,0.0,0.0,0.0,0.0,0.0,0.0,0.0,0.0,0.0,0.0,0.0,0.0,0.0,0.0,0.0,0.0,0.0,0.0,0.0,0.0,0.0,0.0,0.0,0.0,0.0,0.0,0.0,0.0,0.0,0.0,0.0,0.0,0.0,0.0,0.0,0.0,0.0,0.0,0.0,0.0,0.0,0.0,0.0,0.0,0.0
2017-05-29 03:48:00+02:00,0.0,0.0,0.0,0.0,0.0,0.0,0.0,0.0,0.0,0.0,0.0,0.0,0.0,0.0,0.0,0.0,0.0,0.0,0.0,0.0,0.0,0.0,0.0,0.0,0.0,0.0,0.0,0.0,0.0,0.0,0.0,0.0,0.0,0.0,0.0,0.0,0.0,0.0,0.0,0.0,0.0,0.0,0.0,0.0,0.0,0.0,0.0,0.0,0.0,0.0,0.0,0.0,0.0,0.0,0.0,0.0,0.0,0.0,0.0,0.0,0.0,0.0,0.0,0.0,0.0,0.0,0.0,0.0,0.0,0.0,0.0,0.0,0.0,0.0,0.0,0.0,0.0,0.0,0.0,0.0,0.0,0.0,0.0,0.0,0.0,0.0,0.0,0.0,0.0,0.0,0.0,0.0,0.0,0.0,0.0,0.0,0.0,0.0,0.0,0.0,0.0,0.0,0.0,0.0,0.0,0.0,0.0,0.0,0.0,0.0,0.0,0.0,0.0,0.0,0.0,0.0,0.0,0.0
2017-05-29 03:49:00+02:00,0.0,0.0,0.0,0.0,0.0,0.0,0.0,0.0,0.0,0.0,0.0,0.0,0.0,0.0,0.0,0.0,0.0,0.0,0.0,0.0,0.0,0.0,0.0,0.0,0.0,0.0,0.0,0.0,0.0,0.0,0.0,0.0,0.0,0.0,0.0,0.0,0.0,0.0,0.0,0.0,0.0,0.0,0.0,0.0,0.0,0.0,0.0,0.0,0.0,0.0,0.0,0.0,0.0,0.0,0.0,0.0,0.0,0.0,0.0,0.0,0.0,0.0,0.0,0.0,0.0,0.0,0.0,0.0,0.0,0.0,0.0,0.0,0.0,0.0,0.0,0.0,0.0,0.0,0.0,0.0,0.0,0.0,0.0,0.0,0.0,0.0,0.0,0.0,0.0,0.0,0.0,0.0,0.0,0.0,0.0,0.0,0.0,0.0,0.0,0.0,0.0,0.0,0.0,0.0,0.0,0.0,0.0,0.0,0.0,0.0,0.0,0.0,0.0,0.0,0.0,0.0,0.0,0.0
2017-05-29 03:50:00+02:00,0.0,0.0,0.0,0.0,0.0,0.0,0.0,0.0,0.0,0.0,0.0,0.0,0.0,0.0,0.0,0.0,0.0,0.0,0.0,0.0,0.0,0.0,0.0,0.0,0.0,0.0,0.0,0.0,0.0,0.0,0.0,0.0,0.0,0.0,0.0,0.0,0.0,0.0,0.0,0.0,0.0,0.0,0.0,0.0,0.0,0.0,0.0,0.0,0.0,0.0,0.0,0.0,0.0,0.0,0.0,0.0,0.0,0.0,0.0,0.0,0.0,0.0,0.0,0.0,0.0,0.0,0.0,0.0,0.0,0.0,0.0,0.0,0.0,0.0,0.0,0.0,0.0,0.0,0.0,0.0,0.0,0.0,0.0,0.0,0.0,0.0,0.0,0.0,0.0,0.0,0.0,0.0,0.0,0.0,0.0,0.0,0.0,0.0,0.0,0.0,0.0,0.0,0.0,0.0,0.0,0.0,0.0,0.0,0.0,0.0,0.0,0.0,0.0,0.0,0.0,0.0,0.0,0.0
2017-05-29 03:51:00+02:00,0.0,0.0,0.0,0.0,0.0,0.0,0.0,0.0,0.0,0.0,0.0,0.0,0.0,0.0,0.0,0.0,0.0,0.0,0.0,0.0,0.0,0.0,0.0,0.0,0.0,0.0,0.0,0.0,0.0,0.0,0.0,0.0,0.0,0.0,0.0,0.0,0.0,0.0,0.0,0.0,0.0,0.0,0.0,0.0,0.0,0.0,0.0,0.0,0.0,0.0,0.0,0.0,0.0,0.0,0.0,0.0,0.0,0.0,0.0,0.0,0.0,0.0,0.0,0.0,0.0,0.0,0.0,0.0,0.0,0.0,0.0,0.0,0.0,0.0,0.0,0.0,0.0,0.0,0.0,0.0,0.0,0.0,0.0,0.0,0.0,0.0,0.0,0.0,0.0,0.0,0.0,0.0,0.0,0.0,0.0,0.0,0.0,0.0,0.0,0.0,0.0,0.0,0.0,0.0,0.0,0.0,0.0,0.0,0.0,0.0,0.0,0.0,0.0,0.0,0.0,0.0,0.0,0.0
2017-05-29 03:52:00+02:00,0.0,0.0,0.0,0.0,0.0,0.0,0.0,0.0,0.0,0.0,0.0,0.0,0.0,0.0,0.0,0.0,0.0,0.0,0.0,0.0,0.0,0.0,0.0,0.0,0.0,0.0,0.0,0.0,0.0,0.0,0.0,0.0,0.0,0.0,0.0,0.0,0.0,0.0,0.0,0.0,0.0,0.0,0.0,0.0,0.0,0.0,0.0,0.0,0.0,0.0,0.0,0.0,0.0,0.0,0.0,0.0,0.0,0.0,0.0,0.0,0.0,0.0,0.0,0.0,0.0,0.0,0.0,0.0,0.0,0.0,0.0,0.0,0.0,0.0,0.0,0.0,0.0,0.0,0.0,0.0,0.0,0.0,0.0,0.0,0.0,0.0,0.0,0.0,0.0,0.0,0.0,0.0,0.0,0.0,0.0,0.0,0.0,0.0,0.0,0.0,0.0,0.0,0.0,0.0,0.0,0.0,0.0,0.0,0.0,0.0,0.0,0.0,0.0,0.0,0.0,0.0,0.0,0.0
2017-05-29 03:53:00+02:00,0.0,0.0,0.0,0.0,0.0,0.0,0.0,0.0,0.0,0.0,0.0,0.0,0.0,0.0,0.0,0.0,0.0,0.0,0.0,0.0,0.0,0.0,0.0,0.0,0.0,0.0,0.0,0.0,0.0,0.0,0.0,0.0,0.0,0.0,0.0,0.0,0.0,0.0,0.0,0.0,0.0,0.0,0.0,0.0,0.0,0.0,0.0,0.0,0.0,0.0,0.0,0.0,0.0,0.0,0.0,0.0,0.0,0.0,0.0,0.0,0.0,0.0,0.0,0.0,0.0,0.0,0.0,0.0,0.0,0.0,0.0,0.0,0.0,0.0,0.0,0.0,0.0,0.0,0.0,0.0,0.0,0.0,0.0,0.0,0.0,0.0,0.0,0.0,0.0,0.0,0.0,0.0,0.0,0.0,0.0,0.0,0.0,0.0,0.0,0.0,0.0,0.0,0.0,0.0,0.0,0.0,0.0,0.0,0.0,0.0,0.0,0.0,0.0,0.0,0.0,0.0,0.0,0.0
2017-05-29 03:54:00+02:00,0.0,0.0,0.0,0.0,0.0,0.0,0.0,0.0,0.0,0.0,0.0,0.0,0.0,0.0,0.0,0.0,0.0,0.0,0.0,0.0,0.0,0.0,0.0,0.0,0.0,0.0,0.0,0.0,0.0,0.0,0.0,0.0,0.0,0.0,0.0,0.0,0.0,0.0,0.0,0.0,0.0,0.0,0.0,0.0,0.0,0.0,0.0,0.0,0.0,0.0,0.0,0.0,0.0,0.0,0.0,0.0,0.0,0.0,0.0,0.0,0.0,0.0,0.0,0.0,0.0,0.0,0.0,0.0,0.0,0.0,0.0,0.0,0.0,0.0,0.0,0.0,0.0,0.0,0.0,0.0,0.0,0.0,0.0,0.0,0.0,0.0,0.0,0.0,0.0,0.0,0.0,0.0,0.0,0.0,0.0,0.0,0.0,0.0,0.0,0.0,0.0,0.0,0.0,0.0,0.0,0.0,0.0,0.0,0.0,0.0,0.0,0.0,0.0,0.0,0.0,0.0,0.0,0.0
2017-05-29 03:55:00+02:00,0.0,0.0,0.0,0.0,0.0,0.0,0.0,0.0,0.0,0.0,0.0,0.0,0.0,0.0,0.0,0.0,0.0,0.0,0.0,0.0,0.0,0.0,0.0,0.0,0.0,0.0,0.0,0.0,0.0,0.0,0.0,0.0,0.0,0.0,0.0,0.0,0.0,0.0,0.0,0.0,0.0,0.0,0.0,0.0,0.0,0.0,0.0,0.0,0.0,0.0,0.0,0.0,0.0,0.0,0.0,0.0,0.0,0.0,0.0,0.0,0.0,0.0,0.0,0.0,0.0,0.0,0.0,0.0,0.0,0.0,0.0,0.0,0.0,0.0,0.0,0.0,0.0,0.0,0.0,0.0,0.0,0.0,0.0,0.0,0.0,0.0,0.0,0.0,0.0,0.0,0.0,0.0,0.0,0.0,0.0,0.0,0.0,0.0,0.0,0.0,0.0,0.0,0.0,0.0,0.0,0.0,0.0,0.0,0.0,0.0,0.0,0.0,0.0,0.0,0.0,0.0,0.0,0.0
2017-05-29 03:56:00+02:00,0.0,0.0,0.0,0.0,0.0,0.0,0.0,0.0,0.0,0.0,0.0,0.0,0.0,0.0,0.0,0.0,0.0,0.0,0.0,0.0,0.0,0.0,0.0,0.0,0.0,0.0,0.0,0.0,0.0,0.0,0.0,0.0,0.0,0.0,0.0,0.0,0.0,0.0,0.0,0.0,0.0,0.0,0.0,0.0,0.0,0.0,0.0,0.0,0.0,0.0,0.0,0.0,0.0,0.0,0.0,0.0,0.0,0.0,0.0,0.0,0.0,0.0,0.0,0.0,0.0,0.0,0.0,0.0,0.0,0.0,0.0,0.0,0.0,0.0,0.0,0.0,0.0,0.0,0.0,0.0,0.0,0.0,0.0,0.0,0.0,0.0,0.0,0.0,0.0,0.0,0.0,0.0,0.0,0.0,0.0,0.0,0.0,0.0,0.0,0.0,0.0,0.0,0.0,0.0,0.0,0.0,0.0,0.0,0.0,0.0,0.0,0.0,0.0,0.0,0.0,0.0,0.0,0.0
2017-05-29 03:57:00+02:00,0.0,0.0,0.0,0.0,0.0,0.0,0.0,0.0,0.0,0.0,0.0,0.0,0.0,0.0,0.0,0.0,0.0,0.0,0.0,0.0,0.0,0.0,0.0,0.0,0.0,0.0,0.0,0.0,0.0,0.0,0.0,0.0,0.0,0.0,0.0,0.0,0.0,0.0,0.0,0.0,0.0,0.0,0.0,0.0,0.0,0.0,0.0,0.0,0.0,0.0,0.0,0.0,0.0,0.0,0.0,0.0,0.0,0.0,0.0,0.0,0.0,0.0,0.0,0.0,0.0,0.0,0.0,0.0,0.0,0.0,0.0,0.0,0.0,0.0,0.0,0.0,0.0,0.0,0.0,0.0,0.0,0.0,0.0,0.0,0.0,0.0,0.0,0.0,0.0,0.0,0.0,0.0,0.0,0.0,0.0,0.0,0.0,0.0,0.0,0.0,0.0,0.0,0.0,0.0,0.0,0.0,0.0,0.0,0.0,0.0,0.0,0.0,0.0,0.0,0.0,0.0,0.0,0.0
2017-05-29 03:58:00+02:00,0.0,0.0,0.0,0.0,0.0,0.0,0.0,0.0,0.0,0.0,0.0,0.0,0.0,0.0,0.0,0.0,0.0,0.0,0.0,0.0,0.0,0.0,0.0,0.0,0.0,0.0,0.0,0.0,0.0,0.0,0.0,0.0,0.0,0.0,0.0,0.0,0.0,0.0,0.0,0.0,0.0,0.0,0.0,0.0,0.0,0.0,0.0,0.0,0.0,0.0,0.0,0.0,0.0,0.0,0.0,0.0,0.0,0.0,0.0,0.0,0.0,0.0,0.0,0.0,0.0,0.0,0.0,0.0,0.0,0.0,0.0,0.0,0.0,0.0,0.0,0.0,0.0,0.0,0.0,0.0,0.0,0.0,0.0,0.0,0.0,0.0,0.0,0.0,0.0,0.0,0.0,0.0,0.0,0.0,0.0,0.0,0.0,0.0,0.0,0.0,0.0,0.0,0.0,0.0,0.0,0.0,0.0,0.0,0.0,0.0,0.0,0.0,0.0,0.0,0.0,0.0,0.0,0.0
2017-05-29 03:59:00+02:00,0.0,0.0,0.0,0.0,0.0,0.0,0.0,0.0,0.0,0.0,0.0,0.0,0.0,0.0,0.0,0.0,0.0,0.0,0.0,0.0,0.0,0.0,0.0,0.0,0.0,0.0,0.0,0.0,0.0,0.0,0.0,0.0,0.0,0.0,0.0,0.0,0.0,0.0,0.0,0.0,0.0,0.0,0.0,0.0,0.0,0.0,0.0,0.0,0.0,0.0,0.0,0.0,0.0,0.0,0.0,0.0,0.0,0.0,0.0,0.0,0.0,0.0,0.0,0.0,0.0,0.0,0.0,0.0,0.0,0.0,0.0,0.0,0.0,0.0,0.0,0.0,0.0,0.0,0.0,0.0,0.0,0.0,0.0,0.0,0.0,0.0,0.0,0.0,0.0,0.0,0.0,0.0,0.0,0.0,0.0,0.0,0.0,0.0,0.0,0.0,0.0,0.0,0.0,0.0,0.0,0.0,0.0,0.0,0.0,0.0,0.0,0.0,0.0,0.0,0.0,0.0,0.0,0.0
2017-05-29 04:00:00+02:00,0.0,0.0,0.0,0.0,0.0,0.0,0.0,0.0,0.0,0.0,0.0,0.0,0.0,0.0,0.0,0.0,0.0,0.0,0.0,0.0,0.0,0.0,0.0,0.0,0.0,0.0,0.0,0.0,0.0,0.0,0.0,0.0,0.0,0.0,0.0,0.0,0.0,0.0,0.0,0.0,0.0,0.0,0.0,0.0,0.0,0.0,0.0,0.0,0.0,0.0,0.0,0.0,0.0,0.0,0.0,0.0,0.0,0.0,0.0,0.0,0.0,0.0,0.0,0.0,0.0,0.0,0.0,0.0,0.0,0.0,0.0,0.0,0.0,0.0,0.0,0.0,0.0,0.0,0.0,0.0,0.0,0.0,0.0,0.0,0.0,0.0,0.0,0.0,0.0,0.0,0.0,0.0,0.0,0.0,0.0,0.0,0.0,0.0,0.0,0.0,0.0,0.0,0.0,0.0,0.0,0.0,0.0,0.0,0.0,0.0,0.0,0.0,0.0,0.0,0.0,0.0,0.0,0.0
2017-05-29 04:01:00+02:00,0.0,0.0,0.0,0.0,0.0,0.0,0.0,0.0,0.0,0.0,0.0,0.0,0.0,0.0,0.0,0.0,0.0,0.0,0.0,0.0,0.0,0.0,0.0,0.0,0.0,0.0,0.0,0.0,0.0,0.0,0.0,0.0,0.0,0.0,0.0,0.0,0.0,0.0,0.0,0.0,0.0,0.0,0.0,0.0,0.0,0.0,0.0,0.0,0.0,0.0,0.0,0.0,0.0,0.0,0.0,0.0,0.0,0.0,0.0,0.0,0.0,0.0,0.0,0.0,0.0,0.0,0.0,0.0,0.0,0.0,0.0,0.0,0.0,0.0,0.0,0.0,0.0,0.0,0.0,0.0,0.0,0.0,0.0,0.0,0.0,0.0,0.0,0.0,0.0,0.0,0.0,0.0,0.0,0.0,0.0,0.0,0.0,0.0,0.0,0.0,0.0,0.0,0.0,0.0,0.0,0.0,0.0,0.0,0.0,0.0,0.0,0.0,0.0,0.0,0.0,0.0,0.0,0.0
2017-05-29 04:02:00+02:00,0.0,0.0,0.0,0.0,0.0,0.0,0.0,0.0,0.0,0.0,0.0,0.0,0.0,0.0,0.0,0.0,0.0,0.0,0.0,0.0,0.0,0.0,0.0,0.0,0.0,0.0,0.0,0.0,0.0,0.0,0.0,0.0,0.0,0.0,0.0,0.0,0.0,0.0,0.0,0.0,0.0,0.0,0.0,0.0,0.0,0.0,0.0,0.0,0.0,0.0,0.0,0.0,0.0,0.0,0.0,0.0,0.0,0.0,0.0,0.0,0.0,0.0,0.0,0.0,0.0,0.0,0.0,0.0,0.0,0.0,0.0,0.0,0.0,0.0,0.0,0.0,0.0,0.0,0.0,0.0,0.0,0.0,0.0,0.0,0.0,0.0,0.0,0.0,0.0,0.0,0.0,0.0,0.0,0.0,0.0,0.0,0.0,0.0,0.0,0.0,0.0,0.0,0.0,0.0,0.0,0.0,0.0,0.0,0.0,0.0,0.0,0.0,0.0,0.0,0.0,0.0,0.0,0.0
2017-05-29 04:03:00+02:00,0.0,0.0,0.0,0.0,0.0,0.0,0.0,0.0,0.0,0.0,0.0,0.0,0.0,0.0,0.0,0.0,0.0,0.0,0.0,0.0,0.0,0.0,0.0,0.0,0.0,0.0,0.0,0.0,0.0,0.0,0.0,0.0,0.0,0.0,0.0,0.0,0.0,0.0,0.0,0.0,0.0,0.0,0.0,0.0,0.0,0.0,0.0,0.0,0.0,0.0,0.0,0.0,0.0,0.0,0.0,0.0,0.0,0.0,0.0,0.0,0.0,0.0,0.0,0.0,0.0,0.0,0.0,0.0,0.0,0.0,0.0,0.0,0.0,0.0,0.0,0.0,0.0,0.0,0.0,0.0,0.0,0.0,0.0,0.0,0.0,0.0,0.0,0.0,0.0,0.0,0.0,0.0,0.0,0.0,0.0,0.0,0.0,0.0,0.0,0.0,0.0,0.0,0.0,0.0,0.0,0.0,0.0,0.0,0.0,0.0,0.0,0.0,0.0,0.0,0.0,0.0,0.0,0.0
2017-05-29 04:04:00+02:00,0.0,0.0,0.0,0.0,0.0,0.0,0.0,0.0,0.0,0.0,0.0,0.0,0.0,0.0,0.0,0.0,0.0,0.0,0.0,0.0,0.0,0.0,0.0,0.0,0.0,0.0,0.0,0.0,0.0,0.0,0.0,0.0,0.0,0.0,0.0,0.0,0.0,0.0,0.0,0.0,0.0,0.0,0.0,0.0,0.0,0.0,0.0,0.0,0.0,0.0,0.0,0.0,0.0,0.0,0.0,0.0,0.0,0.0,0.0,0.0,0.0,0.0,0.0,0.0,0.0,0.0,0.0,0.0,0.0,0.0,0.0,0.0,0.0,0.0,0.0,0.0,0.0,0.0,0.0,0.0,0.0,0.0,0.0,0.0,0.0,0.0,0.0,0.0,0.0,0.0,0.0,0.0,0.0,0.0,0.0,0.0,0.0,0.0,0.0,0.0,0.0,0.0,0.0,0.0,0.0,0.0,0.0,0.0,0.0,0.0,0.0,0.0,0.0,0.0,0.0,0.0,0.0,0.0
2017-05-29 04:05:00+02:00,0.0,0.0,0.0,0.0,0.0,0.0,0.0,0.0,0.0,0.0,0.0,0.0,0.0,0.0,0.0,0.0,0.0,0.0,0.0,0.0,0.0,0.0,0.0,0.0,0.0,0.0,0.0,0.0,0.0,0.0,0.0,0.0,0.0,0.0,0.0,0.0,0.0,0.0,0.0,0.0,0.0,0.0,0.0,0.0,0.0,0.0,0.0,0.0,0.0,0.0,0.0,0.0,0.0,0.0,0.0,0.0,0.0,0.0,0.0,0.0,0.0,0.0,0.0,0.0,0.0,0.0,0.0,0.0,0.0,0.0,0.0,0.0,0.0,0.0,0.0,0.0,0.0,0.0,0.0,0.0,0.0,0.0,0.0,0.0,0.0,0.0,0.0,0.0,0.0,0.0,0.0,0.0,0.0,0.0,0.0,0.0,0.0,0.0,0.0,0.0,0.0,0.0,0.0,0.0,0.0,0.0,0.0,0.0,0.0,0.0,0.0,0.0,0.0,0.0,0.0,0.0,0.0,0.0
2017-05-29 04:06:00+02:00,0.0,0.0,0.0,0.0,0.0,0.0,0.0,0.0,0.0,0.0,0.0,0.0,0.0,0.0,0.0,0.0,0.0,0.0,0.0,0.0,0.0,0.0,0.0,0.0,0.0,0.0,0.0,0.0,0.0,0.0,0.0,0.0,0.0,0.0,0.0,0.0,0.0,0.0,0.0,0.0,0.0,0.0,0.0,0.0,0.0,0.0,0.0,0.0,0.0,0.0,0.0,0.0,0.0,0.0,0.0,0.0,0.0,0.0,0.0,0.0,0.0,0.0,0.0,0.0,0.0,0.0,0.0,0.0,0.0,0.0,0.0,0.0,0.0,0.0,0.0,0.0,0.0,0.0,0.0,0.0,0.0,0.0,0.0,0.0,0.0,0.0,0.0,0.0,0.0,0.0,0.0,0.0,0.0,0.0,0.0,0.0,0.0,0.0,0.0,0.0,0.0,0.0,0.0,0.0,0.0,0.0,0.0,0.0,0.0,0.0,0.0,0.0,0.0,0.0,0.0,0.0,0.0,0.0
2017-05-29 04:07:00+02:00,0.0,0.0,0.0,0.0,0.0,0.0,0.0,0.0,0.0,0.0,0.0,0.0,0.0,0.0,0.0,0.0,0.0,0.0,0.0,0.0,0.0,0.0,0.0,0.0,0.0,0.0,0.0,0.0,0.0,0.0,0.0,0.0,0.0,0.0,0.0,0.0,0.0,0.0,0.0,0.0,0.0,0.0,0.0,0.0,0.0,0.0,0.0,0.0,0.0,0.0,0.0,0.0,0.0,0.0,0.0,0.0,0.0,0.0,0.0,0.0,0.0,0.0,0.0,0.0,0.0,0.0,0.0,0.0,0.0,0.0,0.0,0.0,0.0,0.0,0.0,0.0,0.0,0.0,0.0,0.0,0.0,0.0,0.0,0.0,0.0,0.0,0.0,0.0,0.0,0.0,0.0,0.0,0.0,0.0,0.0,0.0,0.0,0.0,0.0,0.0,0.0,0.0,0.0,0.0,0.0,0.0,0.0,0.0,0.0,0.0,0.0,0.0,0.0,0.0,0.0,0.0,0.0,0.0
2017-05-29 04:08:00+02:00,0.0,0.0,0.0,0.0,0.0,0.0,0.0,0.0,0.0,0.0,0.0,0.0,0.0,0.0,0.0,0.0,0.0,0.0,0.0,0.0,0.0,0.0,0.0,0.0,0.0,0.0,0.0,0.0,0.0,0.0,0.0,0.0,0.0,0.0,0.0,0.0,0.0,0.0,0.0,0.0,0.0,0.0,0.0,0.0,0.0,0.0,0.0,0.0,0.0,0.0,0.0,0.0,0.0,0.0,0.0,0.0,0.0,0.0,0.0,0.0,0.0,0.0,0.0,0.0,0.0,0.0,0.0,0.0,0.0,0.0,0.0,0.0,0.0,0.0,0.0,0.0,0.0,0.0,0.0,0.0,0.0,0.0,0.0,0.0,0.0,0.0,0.0,0.0,0.0,0.0,0.0,0.0,0.0,0.0,0.0,0.0,0.0,0.0,0.0,0.0,0.0,0.0,0.0,0.0,0.0,0.0,0.0,0.0,0.0,0.0,0.0,0.0,0.0,0.0,0.0,0.0,0.0,0.0
2017-05-29 04:09:00+02:00,0.0,0.0,0.0,0.0,0.0,0.0,0.0,0.0,0.0,0.0,0.0,0.0,0.0,0.0,0.0,0.0,0.0,0.0,0.0,0.0,0.0,0.0,0.0,0.0,0.0,0.0,0.0,0.0,0.0,0.0,0.0,0.0,0.0,0.0,0.0,0.0,0.0,0.0,0.0,0.0,0.0,0.0,0.0,0.0,0.0,0.0,0.0,0.0,0.0,0.0,0.0,0.0,0.0,0.0,0.0,0.0,0.0,0.0,0.0,0.0,0.0,0.0,0.0,0.0,0.0,0.0,0.0,0.0,0.0,0.0,0.0,0.0,0.0,0.0,0.0,0.0,0.0,0.0,0.0,0.0,0.0,0.0,0.0,0.0,0.0,0.0,0.0,0.0,0.0,0.0,0.0,0.0,0.0,0.0,0.0,0.0,0.0,0.0,0.0,0.0,0.0,0.0,0.0,0.0,0.0,0.0,0.0,0.0,0.0,0.0,0.0,0.0,0.0,0.0,0.0,0.0,0.0,0.0
2017-05-29 04:10:00+02:00,0.0,0.0,0.0,0.0,0.0,0.0,0.0,0.0,0.0,0.0,0.0,0.0,0.0,0.0,0.0,0.0,0.0,0.0,0.0,0.0,0.0,0.0,0.0,0.0,0.0,0.0,0.0,0.0,0.0,0.0,0.0,0.0,0.0,0.0,0.0,0.0,0.0,0.0,0.0,0.0,0.0,0.0,0.0,0.0,0.0,0.0,0.0,0.0,0.0,0.0,0.0,0.0,0.0,0.0,0.0,0.0,0.0,0.0,0.0,0.0,0.0,0.0,0.0,0.0,0.0,0.0,0.0,0.0,0.0,0.0,0.0,0.0,0.0,0.0,0.0,0.0,0.0,0.0,0.0,0.0,0.0,0.0,0.0,0.0,0.0,0.0,0.0,0.0,0.0,0.0,0.0,0.0,0.0,0.0,0.0,0.0,0.0,0.0,0.0,0.0,0.0,0.0,0.0,0.0,0.0,0.0,0.0,0.0,0.0,0.0,0.0,0.0,0.0,0.0,0.0,0.0,0.0,0.0
2017-05-29 04:11:00+02:00,0.0,0.0,0.0,0.0,0.0,0.0,0.0,0.0,0.0,0.0,0.0,0.0,0.0,0.0,0.0,0.0,0.0,0.0,0.0,0.0,0.0,0.0,0.0,0.0,0.0,0.0,0.0,0.0,0.0,0.0,0.0,0.0,0.0,0.0,0.0,0.0,0.0,0.0,0.0,0.0,0.0,0.0,0.0,0.0,0.0,0.0,0.0,0.0,0.0,0.0,0.0,0.0,0.0,0.0,0.0,0.0,0.0,0.0,0.0,0.0,0.0,0.0,0.0,0.0,0.0,0.0,0.0,0.0,0.0,0.0,0.0,0.0,0.0,0.0,0.0,0.0,0.0,0.0,0.0,0.0,0.0,0.0,0.0,0.0,0.0,0.0,0.0,0.0,0.0,0.0,0.0,0.0,0.0,0.0,0.0,0.0,0.0,0.0,0.0,0.0,0.0,0.0,0.0,0.0,0.0,0.0,0.0,0.0,0.0,0.0,0.0,0.0,0.0,0.0,0.0,0.0,0.0,0.0
2017-05-29 04:12:00+02:00,0.0,0.0,0.0,0.0,0.0,0.0,0.0,0.0,0.0,0.0,0.0,0.0,0.0,0.0,0.0,0.0,0.0,0.0,0.0,0.0,0.0,0.0,0.0,0.0,0.0,0.0,0.0,0.0,0.0,0.0,0.0,0.0,0.0,0.0,0.0,0.0,0.0,0.0,0.0,0.0,0.0,0.0,0.0,0.0,0.0,0.0,0.0,0.0,0.0,0.0,0.0,0.0,0.0,0.0,0.0,0.0,0.0,0.0,0.0,0.0,0.0,0.0,0.0,0.0,0.0,0.0,0.0,0.0,0.0,0.0,0.0,0.0,0.0,0.0,0.0,0.0,0.0,0.0,0.0,0.0,0.0,0.0,0.0,0.0,0.0,0.0,0.0,0.0,0.0,0.0,0.0,0.0,0.0,0.0,0.0,0.0,0.0,0.0,0.0,0.0,0.0,0.0,0.0,0.0,0.0,0.0,0.0,0.0,0.0,0.0,0.0,0.0,0.0,0.0,0.0,0.0,0.0,0.0
2017-05-29 04:13:00+02:00,0.0,0.0,0.0,0.0,0.0,0.0,0.0,0.0,0.0,0.0,0.0,0.0,0.0,0.0,0.0,0.0,0.0,0.0,0.0,0.0,0.0,0.0,0.0,0.0,0.0,0.0,0.0,0.0,0.0,0.0,0.0,0.0,0.0,0.0,0.0,0.0,0.0,0.0,0.0,0.0,0.0,0.0,0.0,0.0,0.0,0.0,0.0,0.0,0.0,0.0,0.0,0.0,0.0,0.0,0.0,0.0,0.0,0.0,0.0,0.0,0.0,0.0,0.0,0.0,0.0,0.0,0.0,0.0,0.0,0.0,0.0,0.0,0.0,0.0,0.0,0.0,0.0,0.0,0.0,0.0,0.0,0.0,0.0,0.0,0.0,0.0,0.0,0.0,0.0,0.0,0.0,0.0,0.0,0.0,0.0,0.0,0.0,0.0,0.0,0.0,0.0,0.0,0.0,0.0,0.0,0.0,0.0,0.0,0.0,0.0,0.0,0.0,0.0,0.0,0.0,0.0,0.0,0.0
2017-05-29 04:14:00+02:00,0.0,0.0,0.0,0.0,0.0,0.0,0.0,0.0,0.0,0.0,0.0,0.0,0.0,0.0,0.0,0.0,0.0,0.0,0.0,0.0,0.0,0.0,0.0,0.0,0.0,0.0,0.0,0.0,0.0,0.0,0.0,0.0,0.0,0.0,0.0,0.0,0.0,0.0,0.0,0.0,0.0,0.0,0.0,0.0,0.0,0.0,0.0,0.0,0.0,0.0,0.0,0.0,0.0,0.0,0.0,0.0,0.0,0.0,0.0,0.0,0.0,0.0,0.0,0.0,0.0,0.0,0.0,0.0,0.0,0.0,0.0,0.0,0.0,0.0,0.0,0.0,0.0,0.0,0.0,0.0,0.0,0.0,0.0,0.0,0.0,0.0,0.0,0.0,0.0,0.0,0.0,0.0,0.0,0.0,0.0,0.0,0.0,0.0,0.0,0.0,0.0,0.0,0.0,0.0,0.0,0.0,0.0,0.0,0.0,0.0,0.0,0.0,0.0,0.0,0.0,0.0,0.0,0.0
2017-05-29 04:15:00+02:00,0.0,0.0,0.0,0.0,0.0,0.0,0.0,0.0,0.0,0.0,0.0,0.0,0.0,0.0,0.0,0.0,0.0,0.0,0.0,0.0,0.0,0.0,0.0,0.0,0.0,0.0,0.0,0.0,0.0,0.0,0.0,0.0,0.0,0.0,0.0,0.0,0.0,0.0,0.0,0.0,0.0,0.0,0.0,0.0,0.0,0.0,0.0,0.0,0.0,0.0,0.0,0.0,0.0,0.0,0.0,0.0,0.0,0.0,0.0,0.0,0.0,0.0,0.0,0.0,0.0,0.0,0.0,0.0,0.0,0.0,0.0,0.0,0.0,0.0,0.0,0.0,0.0,0.0,0.0,0.0,0.0,0.0,0.0,0.0,0.0,0.0,0.0,0.0,0.0,0.0,0.0,0.0,0.0,0.0,0.0,0.0,0.0,0.0,0.0,0.0,0.0,0.0,0.0,0.0,0.0,0.0,0.0,0.0,0.0,0.0,0.0,0.0,0.0,0.0,0.0,0.0,0.0,0.0
2017-05-29 04:16:00+02:00,0.0,0.0,0.0,0.0,0.0,0.0,0.0,0.0,0.0,0.0,0.0,0.0,0.0,0.0,0.0,0.0,0.0,0.0,0.0,0.0,0.0,0.0,0.0,0.0,0.0,0.0,0.0,0.0,0.0,0.0,0.0,0.0,0.0,0.0,0.0,0.0,0.0,0.0,0.0,0.0,0.0,0.0,0.0,0.0,0.0,0.0,0.0,0.0,0.0,0.0,0.0,0.0,0.0,0.0,0.0,0.0,0.0,0.0,0.0,0.0,0.0,0.0,0.0,0.0,0.0,0.0,0.0,0.0,0.0,0.0,0.0,0.0,0.0,0.0,0.0,0.0,0.0,0.0,0.0,0.0,0.0,0.0,0.0,0.0,0.0,0.0,0.0,0.0,0.0,0.0,0.0,0.0,0.0,0.0,0.0,0.0,0.0,0.0,0.0,0.0,0.0,0.0,0.0,0.0,0.0,0.0,0.0,0.0,0.0,0.0,0.0,0.0,0.0,0.0,0.0,0.0,0.0,0.0
2017-05-29 04:17:00+02:00,0.0,0.0,0.0,0.0,0.0,0.0,0.0,0.0,0.0,0.0,0.0,0.0,0.0,0.0,0.0,0.0,0.0,0.0,0.0,0.0,0.0,0.0,0.0,0.0,0.0,0.0,0.0,0.0,0.0,0.0,0.0,0.0,0.0,0.0,0.0,0.0,0.0,0.0,0.0,0.0,0.0,0.0,0.0,0.0,0.0,0.0,0.0,0.0,0.0,0.0,0.0,0.0,0.0,0.0,0.0,0.0,0.0,0.0,0.0,0.0,0.0,0.0,0.0,0.0,0.0,0.0,0.0,0.0,0.0,0.0,0.0,0.0,0.0,0.0,0.0,0.0,0.0,0.0,0.0,0.0,0.0,0.0,0.0,0.0,0.0,0.0,0.0,0.0,0.0,0.0,0.0,0.0,0.0,0.0,0.0,0.0,0.0,0.0,0.0,0.0,0.0,0.0,0.0,0.0,0.0,0.0,0.0,0.0,0.0,0.0,0.0,0.0,0.0,0.0,0.0,0.0,0.0,0.0
2017-05-29 04:18:00+02:00,0.0,0.0,0.0,0.0,0.0,0.0,0.0,0.0,0.0,0.0,0.0,0.0,0.0,0.0,0.0,0.0,0.0,0.0,0.0,0.0,0.0,0.0,0.0,0.0,0.0,0.0,0.0,0.0,0.0,0.0,0.0,0.0,0.0,0.0,0.0,0.0,0.0,0.0,0.0,0.0,0.0,0.0,0.0,0.0,0.0,0.0,0.0,0.0,0.0,0.0,0.0,0.0,0.0,0.0,0.0,0.0,0.0,0.0,0.0,0.0,0.0,0.0,0.0,0.0,0.0,0.0,0.0,0.0,0.0,0.0,0.0,0.0,0.0,0.0,0.0,0.0,0.0,0.0,0.0,0.0,0.0,0.0,0.0,0.0,0.0,0.0,0.0,0.0,0.0,0.0,0.0,0.0,0.0,0.0,0.0,0.0,0.0,0.0,0.0,0.0,0.0,0.0,0.0,0.0,0.0,0.0,0.0,0.0,0.0,0.0,0.0,0.0,0.0,0.0,0.0,0.0,0.0,0.0
2017-05-29 04:19:00+02:00,0.0,0.0,0.0,0.0,0.0,0.0,0.0,0.0,0.0,0.0,0.0,0.0,0.0,0.0,0.0,0.0,0.0,0.0,0.0,0.0,0.0,0.0,0.0,0.0,0.0,0.0,0.0,0.0,0.0,0.0,0.0,0.0,0.0,0.0,0.0,0.0,0.0,0.0,0.0,0.0,0.0,0.0,0.0,0.0,0.0,0.0,0.0,0.0,0.0,0.0,0.0,0.0,0.0,0.0,0.0,0.0,0.0,0.0,0.0,0.0,0.0,0.0,0.0,0.0,0.0,0.0,0.0,0.0,0.0,0.0,0.0,0.0,0.0,0.0,0.0,0.0,0.0,0.0,0.0,0.0,0.0,0.0,0.0,0.0,0.0,0.0,0.0,0.0,0.0,0.0,0.0,0.0,0.0,0.0,0.0,0.0,0.0,0.0,0.0,0.0,0.0,0.0,0.0,0.0,0.0,0.0,0.0,0.0,0.0,0.0,0.0,0.0,0.0,0.0,0.0,0.0,0.0,0.0
2017-05-29 04:20:00+02:00,0.0,0.0,0.0,0.0,0.0,0.0,0.0,0.0,0.0,0.0,0.0,0.0,0.0,0.0,0.0,0.0,0.0,0.0,0.0,0.0,0.0,0.0,0.0,0.0,0.0,0.0,0.0,0.0,0.0,0.0,0.0,0.0,0.0,0.0,0.0,0.0,0.0,0.0,0.0,0.0,0.0,0.0,0.0,0.0,0.0,0.0,0.0,0.0,0.0,0.0,0.0,0.0,0.0,0.0,0.0,0.0,0.0,0.0,0.0,0.0,0.0,0.0,0.0,0.0,0.0,0.0,0.0,0.0,0.0,0.0,0.0,0.0,0.0,0.0,0.0,0.0,0.0,0.0,0.0,0.0,0.0,0.0,0.0,0.0,0.0,0.0,0.0,0.0,0.0,0.0,0.0,0.0,0.0,0.0,0.0,0.0,0.0,0.0,0.0,0.0,0.0,0.0,0.0,0.0,0.0,0.0,0.0,0.0,0.0,0.0,0.0,0.0,0.0,0.0,0.0,0.0,0.0,0.0
2017-05-29 04:21:00+02:00,0.0,0.0,0.0,0.0,0.0,0.0,0.0,0.0,0.0,0.0,0.0,0.0,0.0,0.0,0.0,0.0,0.0,0.0,0.0,0.0,0.0,0.0,0.0,0.0,0.0,0.0,0.0,0.0,0.0,0.0,0.0,0.0,0.0,0.0,0.0,0.0,0.0,0.0,0.0,0.0,0.0,0.0,0.0,0.0,0.0,0.0,0.0,0.0,0.0,0.0,0.0,0.0,0.0,0.0,0.0,0.0,0.0,0.0,0.0,0.0,0.0,0.0,0.0,0.0,0.0,0.0,0.0,0.0,0.0,0.0,0.0,0.0,0.0,0.0,0.0,0.0,0.0,0.0,0.0,0.0,0.0,0.0,0.0,0.0,0.0,0.0,0.0,0.0,0.0,0.0,0.0,0.0,0.0,0.0,0.0,0.0,0.0,0.0,0.0,0.0,0.0,0.0,0.0,0.0,0.0,0.0,0.0,0.0,0.0,0.0,0.0,0.0,0.0,0.0,0.0,0.0,0.0,0.0
2017-05-29 04:22:00+02:00,0.0,0.0,0.0,0.0,0.0,0.0,0.0,0.0,0.0,0.0,0.0,0.0,0.0,0.0,0.0,0.0,0.0,0.0,0.0,0.0,0.0,0.0,0.0,0.0,0.0,0.0,0.0,0.0,0.0,0.0,0.0,0.0,0.0,0.0,0.0,0.0,0.0,0.0,0.0,0.0,0.0,0.0,0.0,0.0,0.0,0.0,0.0,0.0,0.0,0.0,0.0,0.0,0.0,0.0,0.0,0.0,0.0,0.0,0.0,0.0,0.0,0.0,0.0,0.0,0.0,0.0,0.0,0.0,0.0,0.0,0.0,0.0,0.0,0.0,0.0,0.0,0.0,0.0,0.0,0.0,0.0,0.0,0.0,0.0,0.0,0.0,0.0,0.0,0.0,0.0,0.0,0.0,0.0,0.0,0.0,0.0,0.0,0.0,0.0,0.0,0.0,0.0,0.0,0.0,0.0,0.0,0.0,0.0,0.0,0.0,0.0,0.0,0.0,0.0,0.0,0.0,0.0,0.0
2017-05-29 04:23:00+02:00,0.0,0.0,0.0,0.0,0.0,0.0,0.0,0.0,0.0,0.0,0.0,0.0,0.0,0.0,0.0,0.0,0.0,0.0,0.0,0.0,0.0,0.0,0.0,0.0,0.0,0.0,0.0,0.0,0.0,0.0,0.0,0.0,0.0,0.0,0.0,0.0,0.0,0.0,0.0,0.0,0.0,0.0,0.0,0.0,0.0,0.0,0.0,0.0,0.0,0.0,0.0,0.0,0.0,0.0,0.0,0.0,0.0,0.0,0.0,0.0,0.0,0.0,0.0,0.0,0.0,0.0,0.0,0.0,0.0,0.0,0.0,0.0,0.0,0.0,0.0,0.0,0.0,0.0,0.0,0.0,0.0,0.0,0.0,0.0,0.0,0.0,0.0,0.0,0.0,0.0,0.0,0.0,0.0,0.0,0.0,0.0,0.0,0.0,0.0,0.0,0.0,0.0,0.0,0.0,0.0,0.0,0.0,0.0,0.0,0.0,0.0,0.0,0.0,0.0,0.0,0.0,0.0,0.0
2017-05-29 04:24:00+02:00,0.0,0.0,0.0,0.0,0.0,0.0,0.0,0.0,0.0,0.0,0.0,0.0,0.0,0.0,0.0,0.0,0.0,0.0,0.0,0.0,0.0,0.0,0.0,0.0,0.0,0.0,0.0,0.0,0.0,0.0,0.0,0.0,0.0,0.0,0.0,0.0,0.0,0.0,0.0,0.0,0.0,0.0,0.0,0.0,0.0,0.0,0.0,0.0,0.0,0.0,0.0,0.0,0.0,0.0,0.0,0.0,0.0,0.0,0.0,0.0,0.0,0.0,0.0,0.0,0.0,0.0,0.0,0.0,0.0,0.0,0.0,0.0,0.0,0.0,0.0,0.0,0.0,0.0,0.0,0.0,0.0,0.0,0.0,0.0,0.0,0.0,0.0,0.0,0.0,0.0,0.0,0.0,0.0,0.0,0.0,0.0,0.0,0.0,0.0,0.0,0.0,0.0,0.0,0.0,0.0,0.0,0.0,0.0,0.0,0.0,0.0,0.0,0.0,0.0,0.0,0.0,0.0,0.0
2017-05-29 04:25:00+02:00,0.0,0.0,0.0,0.0,0.0,0.0,0.0,0.0,0.0,0.0,0.0,0.0,0.0,0.0,0.0,0.0,0.0,0.0,0.0,0.0,0.0,0.0,0.0,0.0,0.0,0.0,0.0,0.0,0.0,0.0,0.0,0.0,0.0,0.0,0.0,0.0,0.0,0.0,0.0,0.0,0.0,0.0,0.0,0.0,0.0,0.0,0.0,0.0,0.0,0.0,0.0,0.0,0.0,0.0,0.0,0.0,0.0,0.0,0.0,0.0,0.0,0.0,0.0,0.0,0.0,0.0,0.0,0.0,0.0,0.0,0.0,0.0,0.0,0.0,0.0,0.0,0.0,0.0,0.0,0.0,0.0,0.0,0.0,0.0,0.0,0.0,0.0,0.0,0.0,0.0,0.0,0.0,0.0,0.0,0.0,0.0,0.0,0.0,0.0,0.0,0.0,0.0,0.0,0.0,0.0,0.0,0.0,0.0,0.0,0.0,0.0,0.0,0.0,0.0,0.0,0.0,0.0,0.0
2017-05-29 04:26:00+02:00,0.0,0.0,0.0,0.0,0.0,0.0,0.0,0.0,0.0,0.0,0.0,0.0,0.0,0.0,0.0,0.0,0.0,0.0,0.0,0.0,0.0,0.0,0.0,0.0,0.0,0.0,0.0,0.0,0.0,0.0,0.0,0.0,0.0,0.0,0.0,0.0,0.0,0.0,0.0,0.0,0.0,0.0,0.0,0.0,0.0,0.0,0.0,0.0,0.0,0.0,0.0,0.0,0.0,0.0,0.0,0.0,0.0,0.0,0.0,0.0,0.0,0.0,0.0,0.0,0.0,0.0,0.0,0.0,0.0,0.0,0.0,0.0,0.0,0.0,0.0,0.0,0.0,0.0,0.0,0.0,0.0,0.0,0.0,0.0,0.0,0.0,0.0,0.0,0.0,0.0,0.0,0.0,0.0,0.0,0.0,0.0,0.0,0.0,0.0,0.0,0.0,0.0,0.0,0.0,0.0,0.0,0.0,0.0,0.0,0.0,0.0,0.0,0.0,0.0,0.0,0.0,0.0,0.0
2017-05-29 04:27:00+02:00,0.0,0.0,0.0,0.0,0.0,0.0,0.0,0.0,0.0,0.0,0.0,0.0,0.0,0.0,0.0,0.0,0.0,0.0,0.0,0.0,0.0,0.0,0.0,0.0,0.0,0.0,0.0,0.0,0.0,0.0,0.0,0.0,0.0,0.0,0.0,0.0,0.0,0.0,0.0,0.0,0.0,0.0,0.0,0.0,0.0,0.0,0.0,0.0,0.0,0.0,0.0,0.0,0.0,0.0,0.0,0.0,0.0,0.0,0.0,0.0,0.0,0.0,0.0,0.0,0.0,0.0,0.0,0.0,0.0,0.0,0.0,0.0,0.0,0.0,0.0,0.0,0.0,0.0,0.0,0.0,0.0,0.0,0.0,0.0,0.0,0.0,0.0,0.0,0.0,0.0,0.0,0.0,0.0,0.0,0.0,0.0,0.0,0.0,0.0,0.0,0.0,0.0,0.0,0.0,0.0,0.0,0.0,0.0,0.0,0.0,0.0,0.0,0.0,0.0,0.0,0.0,0.0,0.0
2017-05-29 04:28:00+02:00,0.0,0.0,0.0,0.0,0.0,0.0,0.0,0.0,0.0,0.0,0.0,0.0,0.0,0.0,0.0,0.0,0.0,0.0,0.0,0.0,0.0,0.0,0.0,0.0,0.0,0.0,0.0,0.0,0.0,0.0,0.0,0.0,0.0,0.0,0.0,0.0,0.0,0.0,0.0,0.0,0.0,0.0,0.0,0.0,0.0,0.0,0.0,0.0,0.0,0.0,0.0,0.0,0.0,0.0,0.0,0.0,0.0,0.0,0.0,0.0,0.0,0.0,0.0,0.0,0.0,0.0,0.0,0.0,0.0,0.0,0.0,0.0,0.0,0.0,0.0,0.0,0.0,0.0,0.0,0.0,0.0,0.0,0.0,0.0,0.0,0.0,0.0,0.0,0.0,0.0,0.0,0.0,0.0,0.0,0.0,0.0,0.0,0.0,0.0,0.0,0.0,0.0,0.0,0.0,0.0,0.0,0.0,0.0,0.0,0.0,0.0,0.0,0.0,0.0,0.0,0.0,0.0,0.0
2017-05-29 04:29:00+02:00,0.0,0.0,0.0,0.0,0.0,0.0,0.0,0.0,0.0,0.0,0.0,0.0,0.0,0.0,0.0,0.0,0.0,0.0,0.0,0.0,0.0,0.0,0.0,0.0,0.0,0.0,0.0,0.0,0.0,0.0,0.0,0.0,0.0,0.0,0.0,0.0,0.0,0.0,0.0,0.0,0.0,0.0,0.0,0.0,0.0,0.0,0.0,0.0,0.0,0.0,0.0,0.0,0.0,0.0,0.0,0.0,0.0,0.0,0.0,0.0,0.0,0.0,0.0,0.0,0.0,0.0,0.0,0.0,0.0,0.0,0.0,0.0,0.0,0.0,0.0,0.0,0.0,0.0,0.0,0.0,0.0,0.0,0.0,0.0,0.0,0.0,0.0,0.0,0.0,0.0,0.0,0.0,0.0,0.0,0.0,0.0,0.0,0.0,0.0,0.0,0.0,0.0,0.0,0.0,0.0,0.0,0.0,0.0,0.0,0.0,0.0,0.0,0.0,0.0,0.0,0.0,0.0,0.0
2017-05-29 04:30:00+02:00,0.0,0.0,0.0,0.0,0.0,0.0,0.0,0.0,0.0,0.0,0.0,0.0,0.0,0.0,0.0,0.0,0.0,0.0,0.0,0.0,0.0,0.0,0.0,0.0,0.0,0.0,0.0,0.0,0.0,0.0,0.0,0.0,0.0,0.0,0.0,0.0,0.0,0.0,0.0,0.0,0.0,0.0,0.0,0.0,0.0,0.0,0.0,0.0,0.0,0.0,0.0,0.0,0.0,0.0,0.0,0.0,0.0,0.0,0.0,0.0,0.0,0.0,0.0,0.0,0.0,0.0,0.0,0.0,0.0,0.0,0.0,0.0,0.0,0.0,0.0,0.0,0.0,0.0,0.0,0.0,0.0,0.0,0.0,0.0,0.0,0.0,0.0,0.0,0.0,0.0,0.0,0.0,0.0,0.0,0.0,0.0,0.0,0.0,0.0,0.0,0.0,0.0,0.0,0.0,0.0,0.0,0.0,0.0,0.0,0.0,0.0,0.0,0.0,0.0,0.0,0.0,0.0,0.0
2017-05-29 04:31:00+02:00,0.0,0.0,0.0,0.0,0.0,0.0,0.0,0.0,0.0,0.0,0.0,0.0,0.0,0.0,0.0,0.0,0.0,0.0,0.0,0.0,0.0,0.0,0.0,0.0,0.0,0.0,0.0,0.0,0.0,0.0,0.0,0.0,0.0,0.0,0.0,0.0,0.0,0.0,0.0,0.0,0.0,0.0,0.0,0.0,0.0,0.0,0.0,0.0,0.0,0.0,0.0,0.0,0.0,0.0,0.0,0.0,0.0,0.0,0.0,0.0,0.0,0.0,0.0,0.0,0.0,0.0,0.0,0.0,0.0,0.0,0.0,0.0,0.0,0.0,0.0,0.0,0.0,0.0,0.0,0.0,0.0,0.0,0.0,0.0,0.0,0.0,0.0,0.0,0.0,0.0,0.0,0.0,0.0,0.0,0.0,0.0,0.0,0.0,0.0,0.0,0.0,0.0,0.0,0.0,0.0,0.0,0.0,0.0,0.0,0.0,0.0,0.0,0.0,0.0,0.0,0.0,0.0,0.0
2017-05-29 04:32:00+02:00,0.0,0.0,0.0,0.0,0.0,0.0,0.0,0.0,0.0,0.0,0.0,0.0,0.0,0.0,0.0,0.0,0.0,0.0,0.0,0.0,0.0,0.0,0.0,0.0,0.0,0.0,0.0,0.0,0.0,0.0,0.0,0.0,0.0,0.0,0.0,0.0,0.0,0.0,0.0,0.0,0.0,0.0,0.0,0.0,0.0,0.0,0.0,0.0,0.0,0.0,0.0,0.0,0.0,0.0,0.0,0.0,0.0,0.0,0.0,0.0,0.0,0.0,0.0,0.0,0.0,0.0,0.0,0.0,0.0,0.0,0.0,0.0,0.0,0.0,0.0,0.0,0.0,0.0,0.0,0.0,0.0,0.0,0.0,0.0,0.0,0.0,0.0,0.0,0.0,0.0,0.0,0.0,0.0,0.0,0.0,0.0,0.0,0.0,0.0,0.0,0.0,0.0,0.0,0.0,0.0,0.0,0.0,0.0,0.0,0.0,0.0,0.0,0.0,0.0,0.0,0.0,0.0,0.0
2017-05-29 04:33:00+02:00,0.0,0.0,0.0,0.0,0.0,0.0,0.0,0.0,0.0,0.0,0.0,0.0,0.0,0.0,0.0,0.0,0.0,0.0,0.0,0.0,0.0,0.0,0.0,0.0,0.0,0.0,0.0,0.0,0.0,0.0,0.0,0.0,0.0,0.0,0.0,0.0,0.0,0.0,0.0,0.0,0.0,0.0,0.0,0.0,0.0,0.0,0.0,0.0,0.0,0.0,0.0,0.0,0.0,0.0,0.0,0.0,0.0,0.0,0.0,0.0,0.0,0.0,0.0,0.0,0.0,0.0,0.0,0.0,0.0,0.0,0.0,0.0,0.0,0.0,0.0,0.0,0.0,0.0,0.0,0.0,0.0,0.0,0.0,0.0,0.0,0.0,0.0,0.0,0.0,0.0,0.0,0.0,0.0,0.0,0.0,0.0,0.0,0.0,0.0,0.0,0.0,0.0,0.0,0.0,0.0,0.0,0.0,0.0,0.0,0.0,0.0,0.0,0.0,0.0,0.0,0.0,0.0,0.0
2017-05-29 04:34:00+02:00,0.0,0.0,0.0,0.0,0.0,0.0,0.0,0.0,0.0,0.0,0.0,0.0,0.0,0.0,0.0,0.0,0.0,0.0,0.0,0.0,0.0,0.0,0.0,0.0,0.0,0.0,0.0,0.0,0.0,0.0,0.0,0.0,0.0,0.0,0.0,0.0,0.0,0.0,0.0,0.0,0.0,0.0,0.0,0.0,0.0,0.0,0.0,0.0,0.0,0.0,0.0,0.0,0.0,0.0,0.0,0.0,0.0,0.0,0.0,0.0,0.0,0.0,0.0,0.0,0.0,0.0,0.0,0.0,0.0,0.0,0.0,0.0,0.0,0.0,0.0,0.0,0.0,0.0,0.0,0.0,0.0,0.0,0.0,0.0,0.0,0.0,0.0,0.0,0.0,0.0,0.0,0.0,0.0,0.0,0.0,0.0,0.0,0.0,0.0,0.0,0.0,0.0,0.0,0.0,0.0,0.0,0.0,0.0,0.0,0.0,0.0,0.0,0.0,0.0,0.0,0.0,0.0,0.0
2017-05-29 04:35:00+02:00,0.0,0.0,0.0,0.0,0.0,0.0,0.0,0.0,0.0,0.0,0.0,0.0,0.0,0.0,0.0,0.0,0.0,0.0,0.0,0.0,0.0,0.0,0.0,0.0,0.0,0.0,0.0,0.0,0.0,0.0,0.0,0.0,0.0,0.0,0.0,0.0,0.0,0.0,0.0,0.0,0.0,0.0,0.0,0.0,0.0,0.0,0.0,0.0,0.0,0.0,0.0,0.0,0.0,0.0,0.0,0.0,0.0,0.0,0.0,0.0,0.0,0.0,0.0,0.0,0.0,0.0,0.0,0.0,0.0,0.0,0.0,0.0,0.0,0.0,0.0,0.0,0.0,0.0,0.0,0.0,0.0,0.0,0.0,0.0,0.0,0.0,0.0,0.0,0.0,0.0,0.0,0.0,0.0,0.0,0.0,0.0,0.0,0.0,0.0,0.0,0.0,0.0,0.0,0.0,0.0,0.0,0.0,0.0,0.0,0.0,0.0,0.0,0.0,0.0,0.0,0.0,0.0,0.0
2017-05-29 04:36:00+02:00,0.0,0.0,0.0,0.0,0.0,0.0,0.0,0.0,0.0,0.0,0.0,0.0,0.0,0.0,0.0,0.0,0.0,0.0,0.0,0.0,0.0,0.0,0.0,0.0,0.0,0.0,0.0,0.0,0.0,0.0,0.0,0.0,0.0,0.0,0.0,0.0,0.0,0.0,0.0,0.0,0.0,0.0,0.0,0.0,0.0,0.0,0.0,0.0,0.0,0.0,0.0,0.0,0.0,0.0,0.0,0.0,0.0,0.0,0.0,0.0,0.0,0.0,0.0,0.0,0.0,0.0,0.0,0.0,0.0,0.0,0.0,0.0,0.0,0.0,0.0,0.0,0.0,0.0,0.0,0.0,0.0,0.0,0.0,0.0,0.0,0.0,0.0,0.0,0.0,0.0,0.0,0.0,0.0,0.0,0.0,0.0,0.0,0.0,0.0,0.0,0.0,0.0,0.0,0.0,0.0,0.0,0.0,0.0,0.0,0.0,0.0,0.0,0.0,0.0,0.0,0.0,0.0,0.0
2017-05-29 04:37:00+02:00,0.0,0.0,0.0,0.0,0.0,0.0,0.0,0.0,0.0,0.0,0.0,0.0,0.0,0.0,0.0,0.0,0.0,0.0,0.0,0.0,0.0,0.0,0.0,0.0,0.0,0.0,0.0,0.0,0.0,0.0,0.0,0.0,0.0,0.0,0.0,0.0,0.0,0.0,0.0,0.0,0.0,0.0,0.0,0.0,0.0,0.0,0.0,0.0,0.0,0.0,0.0,0.0,0.0,0.0,0.0,0.0,0.0,0.0,0.0,0.0,0.0,0.0,0.0,0.0,0.0,0.0,0.0,0.0,0.0,0.0,0.0,0.0,0.0,0.0,0.0,0.0,0.0,0.0,0.0,0.0,0.0,0.0,0.0,0.0,0.0,0.0,0.0,0.0,0.0,0.0,0.0,0.0,0.0,0.0,0.0,0.0,0.0,0.0,0.0,0.0,0.0,0.0,0.0,0.0,0.0,0.0,0.0,0.0,0.0,0.0,0.0,0.0,0.0,0.0,0.0,0.0,0.0,0.0
2017-05-29 04:38:00+02:00,0.0,0.0,0.0,0.0,0.0,0.0,0.0,0.0,0.0,0.0,0.0,0.0,0.0,0.0,0.0,0.0,0.0,0.0,0.0,0.0,0.0,0.0,0.0,0.0,0.0,0.0,0.0,0.0,0.0,0.0,0.0,0.0,0.0,0.0,0.0,0.0,0.0,0.0,0.0,0.0,0.0,0.0,0.0,0.0,0.0,0.0,0.0,0.0,0.0,0.0,0.0,0.0,0.0,0.0,0.0,0.0,0.0,0.0,0.0,0.0,0.0,0.0,0.0,0.0,0.0,0.0,0.0,0.0,0.0,0.0,0.0,0.0,0.0,0.0,0.0,0.0,0.0,0.0,0.0,0.0,0.0,0.0,0.0,0.0,0.0,0.0,0.0,0.0,0.0,0.0,0.0,0.0,0.0,0.0,0.0,0.0,0.0,0.0,0.0,0.0,0.0,0.0,0.0,0.0,0.0,0.0,0.0,0.0,0.0,0.0,0.0,0.0,0.0,0.0,0.0,0.0,0.0,0.0
2017-05-29 04:39:00+02:00,0.0,0.0,0.0,0.0,0.0,0.0,0.0,0.0,0.0,0.0,0.0,0.0,0.0,0.0,0.0,0.0,0.0,0.0,0.0,0.0,0.0,0.0,0.0,0.0,0.0,0.0,0.0,0.0,0.0,0.0,0.0,0.0,0.0,0.0,0.0,0.0,0.0,0.0,0.0,0.0,0.0,0.0,0.0,0.0,0.0,0.0,0.0,0.0,0.0,0.0,0.0,0.0,0.0,0.0,0.0,0.0,0.0,0.0,0.0,0.0,0.0,0.0,0.0,0.0,0.0,0.0,0.0,0.0,0.0,0.0,0.0,0.0,0.0,0.0,0.0,0.0,0.0,0.0,0.0,0.0,0.0,0.0,0.0,0.0,0.0,0.0,0.0,0.0,0.0,0.0,0.0,0.0,0.0,0.0,0.0,0.0,0.0,0.0,0.0,0.0,0.0,0.0,0.0,0.0,0.0,0.0,0.0,0.0,0.0,0.0,0.0,0.0,0.0,0.0,0.0,0.0,0.0,0.0
2017-05-29 04:40:00+02:00,0.0,0.0,0.0,0.0,0.0,0.0,0.0,0.0,0.0,0.0,0.0,0.0,0.0,0.0,0.0,0.0,0.0,0.0,0.0,0.0,0.0,0.0,0.0,0.0,0.0,0.0,0.0,0.0,0.0,0.0,0.0,0.0,0.0,0.0,0.0,0.0,0.0,0.0,0.0,0.0,0.0,0.0,0.0,0.0,0.0,0.0,0.0,0.0,0.0,0.0,0.0,0.0,0.0,0.0,0.0,0.0,0.0,0.0,0.0,0.0,0.0,0.0,0.0,0.0,0.0,0.0,0.0,0.0,0.0,0.0,0.0,0.0,0.0,0.0,0.0,0.0,0.0,0.0,0.0,0.0,0.0,0.0,0.0,0.0,0.0,0.0,0.0,0.0,0.0,0.0,0.0,0.0,0.0,0.0,0.0,0.0,0.0,0.0,0.0,0.0,0.0,0.0,0.0,0.0,0.0,0.0,0.0,0.0,0.0,0.0,0.0,0.0,0.0,0.0,0.0,0.0,0.0,0.0
2017-05-29 04:41:00+02:00,0.0,0.0,0.0,0.0,0.0,0.0,0.0,0.0,0.0,0.0,0.0,0.0,0.0,0.0,0.0,0.0,0.0,0.0,0.0,0.0,0.0,0.0,0.0,0.0,0.0,0.0,0.0,0.0,0.0,0.0,0.0,0.0,0.0,0.0,0.0,0.0,0.0,0.0,0.0,0.0,0.0,0.0,0.0,0.0,0.0,0.0,0.0,0.0,0.0,0.0,0.0,0.0,0.0,0.0,0.0,0.0,0.0,0.0,0.0,0.0,0.0,0.0,0.0,0.0,0.0,0.0,0.0,0.0,0.0,0.0,0.0,0.0,0.0,0.0,0.0,0.0,0.0,0.0,0.0,0.0,0.0,0.0,0.0,0.0,0.0,0.0,0.0,0.0,0.0,0.0,0.0,0.0,0.0,0.0,0.0,0.0,0.0,0.0,0.0,0.0,0.0,0.0,0.0,0.0,0.0,0.0,0.0,0.0,0.0,0.0,0.0,0.0,0.0,0.0,0.0,0.0,0.0,0.0
2017-05-29 04:42:00+02:00,0.0,0.0,0.0,0.0,0.0,0.0,0.0,0.0,0.0,0.0,0.0,0.0,0.0,0.0,0.0,0.0,0.0,0.0,0.0,0.0,0.0,0.0,0.0,0.0,0.0,0.0,0.0,0.0,0.0,0.0,0.0,0.0,0.0,0.0,0.0,0.0,0.0,0.0,0.0,0.0,0.0,0.0,0.0,0.0,0.0,0.0,0.0,0.0,0.0,0.0,0.0,0.0,0.0,0.0,0.0,0.0,0.0,0.0,0.0,0.0,0.0,0.0,0.0,0.0,0.0,0.0,0.0,0.0,0.0,0.0,0.0,0.0,0.0,0.0,0.0,0.0,0.0,0.0,0.0,0.0,0.0,0.0,0.0,0.0,0.0,0.0,0.0,0.0,0.0,0.0,0.0,0.0,0.0,0.0,0.0,0.0,0.0,0.0,0.0,0.0,0.0,0.0,0.0,0.0,0.0,0.0,0.0,0.0,0.0,0.0,0.0,0.0,0.0,0.0,0.0,0.0,0.0,0.0
2017-05-29 04:43:00+02:00,0.0,0.0,0.0,0.0,0.0,0.0,0.0,0.0,0.0,0.0,0.0,0.0,0.0,0.0,0.0,0.0,0.0,0.0,0.0,0.0,0.0,0.0,0.0,0.0,0.0,0.0,0.0,0.0,0.0,0.0,0.0,0.0,0.0,0.0,0.0,0.0,0.0,0.0,0.0,0.0,0.0,0.0,0.0,0.0,0.0,0.0,0.0,0.0,0.0,0.0,0.0,0.0,0.0,0.0,0.0,0.0,0.0,0.0,0.0,0.0,0.0,0.0,0.0,0.0,0.0,0.0,0.0,0.0,0.0,0.0,0.0,0.0,0.0,0.0,0.0,0.0,0.0,0.0,0.0,0.0,0.0,0.0,0.0,0.0,0.0,0.0,0.0,0.0,0.0,0.0,0.0,0.0,0.0,0.0,0.0,0.0,0.0,0.0,0.0,0.0,0.0,0.0,0.0,0.0,0.0,0.0,0.0,0.0,0.0,0.0,0.0,0.0,0.0,0.0,0.0,0.0,0.0,0.0
2017-05-29 04:44:00+02:00,0.0,0.0,0.0,0.0,0.0,0.0,0.0,0.0,0.0,0.0,0.0,0.0,0.0,0.0,0.0,0.0,0.0,0.0,0.0,0.0,0.0,0.0,0.0,0.0,0.0,0.0,0.0,0.0,0.0,0.0,0.0,0.0,0.0,0.0,0.0,0.0,0.0,0.0,0.0,0.0,0.0,0.0,0.0,0.0,0.0,0.0,0.0,0.0,0.0,0.0,0.0,0.0,0.0,0.0,0.0,0.0,0.0,0.0,0.0,0.0,0.0,0.0,0.0,0.0,0.0,0.0,0.0,0.0,0.0,0.0,0.0,0.0,0.0,0.0,0.0,0.0,0.0,0.0,0.0,0.0,0.0,0.0,0.0,0.0,0.0,0.0,0.0,0.0,0.0,0.0,0.0,0.0,0.0,0.0,0.0,0.0,0.0,0.0,0.0,0.0,0.0,0.0,0.0,0.0,0.0,0.0,0.0,0.0,0.0,0.0,0.0,0.0,0.0,0.0,0.0,0.0,0.0,0.0
2017-05-29 04:45:00+02:00,0.0,0.0,0.0,0.0,0.0,0.0,0.0,0.0,0.0,0.0,0.0,0.0,0.0,0.0,0.0,0.0,0.0,0.0,0.0,0.0,0.0,0.0,0.0,0.0,0.0,0.0,0.0,0.0,0.0,0.0,0.0,0.0,0.0,0.0,0.0,0.0,0.0,0.0,0.0,0.0,0.0,0.0,0.0,0.0,0.0,0.0,0.0,0.0,0.0,0.0,0.0,0.0,0.0,0.0,0.0,0.0,0.0,0.0,0.0,0.0,0.0,0.0,0.0,0.0,0.0,0.0,0.0,0.0,0.0,0.0,0.0,0.0,0.0,0.0,0.0,0.0,0.0,0.0,0.0,0.0,0.0,0.0,0.0,0.0,0.0,0.0,0.0,0.0,0.0,0.0,0.0,0.0,0.0,0.0,0.0,0.0,0.0,0.0,0.0,0.0,0.0,0.0,0.0,0.0,0.0,0.0,0.0,0.0,0.0,0.0,0.0,0.0,0.0,0.0,0.0,0.0,0.0,0.0
2017-05-29 04:46:00+02:00,0.0,0.0,0.0,0.0,0.0,0.0,0.0,0.0,0.0,0.0,0.0,0.0,0.0,0.0,0.0,0.0,0.0,0.0,0.0,0.0,0.0,0.0,0.0,0.0,0.0,0.0,0.0,0.0,0.0,0.0,0.0,0.0,0.0,0.0,0.0,0.0,0.0,0.0,0.0,0.0,0.0,0.0,0.0,0.0,0.0,0.0,0.0,0.0,0.0,0.0,0.0,0.0,0.0,0.0,0.0,0.0,0.0,0.0,0.0,0.0,0.0,0.0,0.0,0.0,0.0,0.0,0.0,0.0,0.0,0.0,0.0,0.0,0.0,0.0,0.0,0.0,0.0,0.0,0.0,0.0,0.0,0.0,0.0,0.0,0.0,0.0,0.0,0.0,0.0,0.0,0.0,0.0,0.0,0.0,0.0,0.0,0.0,0.0,0.0,0.0,0.0,0.0,0.0,0.0,0.0,0.0,0.0,0.0,0.0,0.0,0.0,0.0,0.0,0.0,0.0,0.0,0.0,0.0
2017-05-29 04:47:00+02:00,0.0,0.0,0.0,0.0,0.0,0.0,0.0,0.0,0.0,0.0,0.0,0.0,0.0,0.0,0.0,0.0,0.0,0.0,0.0,0.0,0.0,0.0,0.0,0.0,0.0,0.0,0.0,0.0,0.0,0.0,0.0,0.0,0.0,0.0,0.0,0.0,0.0,0.0,0.0,0.0,0.0,0.0,0.0,0.0,0.0,0.0,0.0,0.0,0.0,0.0,0.0,0.0,0.0,0.0,0.0,0.0,0.0,0.0,0.0,0.0,0.0,0.0,0.0,0.0,0.0,0.0,0.0,0.0,0.0,0.0,0.0,0.0,0.0,0.0,0.0,0.0,0.0,0.0,0.0,0.0,0.0,0.0,0.0,0.0,0.0,0.0,0.0,0.0,0.0,0.0,0.0,0.0,0.0,0.0,0.0,0.0,0.0,0.0,0.0,0.0,0.0,0.0,0.0,0.0,0.0,0.0,0.0,0.0,0.0,0.0,0.0,0.0,0.0,0.0,0.0,0.0,0.0,0.0
2017-05-29 04:48:00+02:00,0.0,0.0,0.0,0.0,0.0,0.0,0.0,0.0,0.0,0.0,0.0,0.0,0.0,0.0,0.0,0.0,0.0,0.0,0.0,0.0,0.0,0.0,0.0,0.0,0.0,0.0,0.0,0.0,0.0,0.0,0.0,0.0,0.0,0.0,0.0,0.0,0.0,0.0,0.0,0.0,0.0,0.0,0.0,0.0,0.0,0.0,0.0,0.0,0.0,0.0,0.0,0.0,0.0,0.0,0.0,0.0,0.0,0.0,0.0,0.0,0.0,0.0,0.0,0.0,0.0,0.0,0.0,0.0,0.0,0.0,0.0,0.0,0.0,0.0,0.0,0.0,0.0,0.0,0.0,0.0,0.0,0.0,0.0,0.0,0.0,0.0,0.0,0.0,0.0,0.0,0.0,0.0,0.0,0.0,0.0,0.0,0.0,0.0,0.0,0.0,0.0,0.0,0.0,0.0,0.0,0.0,0.0,0.0,0.0,0.0,0.0,0.0,0.0,0.0,0.0,0.0,0.0,0.0
2017-05-29 04:49:00+02:00,0.0,0.0,0.0,0.0,0.0,0.0,0.0,0.0,0.0,0.0,0.0,0.0,0.0,0.0,0.0,0.0,0.0,0.0,0.0,0.0,0.0,0.0,0.0,0.0,0.0,0.0,0.0,0.0,0.0,0.0,0.0,0.0,0.0,0.0,0.0,0.0,0.0,0.0,0.0,0.0,0.0,0.0,0.0,0.0,0.0,0.0,0.0,0.0,0.0,0.0,0.0,0.0,0.0,0.0,0.0,0.0,0.0,0.0,0.0,0.0,0.0,0.0,0.0,0.0,0.0,0.0,0.0,0.0,0.0,0.0,0.0,0.0,0.0,0.0,0.0,0.0,0.0,0.0,0.0,0.0,0.0,0.0,0.0,0.0,0.0,0.0,0.0,0.0,0.0,0.0,0.0,0.0,0.0,0.0,0.0,0.0,0.0,0.0,0.0,0.0,0.0,0.0,0.0,0.0,0.0,0.0,0.0,0.0,0.0,0.0,0.0,0.0,0.0,0.0,0.0,0.0,0.0,0.0
2017-05-29 04:50:00+02:00,0.0,0.0,0.0,0.0,0.0,0.0,0.0,0.0,0.0,0.0,0.0,0.0,0.0,0.0,0.0,0.0,0.0,0.0,0.0,0.0,0.0,0.0,0.0,0.0,0.0,0.0,0.0,0.0,0.0,0.0,0.0,0.0,0.0,0.0,0.0,0.0,0.0,0.0,0.0,0.0,0.0,0.0,0.0,0.0,0.0,0.0,0.0,0.0,0.0,0.0,0.0,0.0,0.0,0.0,0.0,0.0,0.0,0.0,0.0,0.0,0.0,0.0,0.0,0.0,0.0,0.0,0.0,0.0,0.0,0.0,0.0,0.0,0.0,0.0,0.0,0.0,0.0,0.0,0.0,0.0,0.0,0.0,0.0,0.0,0.0,0.0,0.0,0.0,0.0,0.0,0.0,0.0,0.0,0.0,0.0,0.0,0.0,0.0,0.0,0.0,0.0,0.0,0.0,0.0,0.0,0.0,0.0,0.0,0.0,0.0,0.0,0.0,0.0,0.0,0.0,0.0,0.0,0.0
2017-05-29 04:51:00+02:00,0.0,0.0,0.0,0.0,0.0,0.0,0.0,0.0,0.0,0.0,0.0,0.0,0.0,0.0,0.0,0.0,0.0,0.0,0.0,0.0,0.0,0.0,0.0,0.0,0.0,0.0,0.0,0.0,0.0,0.0,0.0,0.0,0.0,0.0,0.0,0.0,0.0,0.0,0.0,0.0,0.0,0.0,0.0,0.0,0.0,0.0,0.0,0.0,0.0,0.0,0.0,0.0,0.0,0.0,0.0,0.0,0.0,0.0,0.0,0.0,0.0,0.0,0.0,0.0,0.0,0.0,0.0,0.0,0.0,0.0,0.0,0.0,0.0,0.0,0.0,0.0,0.0,0.0,0.0,0.0,0.0,0.0,0.0,0.0,0.0,0.0,0.0,0.0,0.0,0.0,0.0,0.0,0.0,0.0,0.0,0.0,0.0,0.0,0.0,0.0,0.0,0.0,0.0,0.0,0.0,0.0,0.0,0.0,0.0,0.0,0.0,0.0,0.0,0.0,0.0,0.0,0.0,0.0
2017-05-29 04:52:00+02:00,0.0,0.0,0.0,0.0,0.0,0.0,0.0,0.0,0.0,0.0,0.0,0.0,0.0,0.0,0.0,0.0,0.0,0.0,0.0,0.0,0.0,0.0,0.0,0.0,0.0,0.0,0.0,0.0,0.0,0.0,0.0,0.0,0.0,0.0,0.0,0.0,0.0,0.0,0.0,0.0,0.0,0.0,0.0,0.0,0.0,0.0,0.0,0.0,0.0,0.0,0.0,0.0,0.0,0.0,0.0,0.0,0.0,0.0,0.0,0.0,0.0,0.0,0.0,0.0,0.0,0.0,0.0,0.0,0.0,0.0,0.0,0.0,0.0,0.0,0.0,0.0,0.0,0.0,0.0,0.0,0.0,0.0,0.0,0.0,0.0,0.0,0.0,0.0,0.0,0.0,0.0,0.0,0.0,0.0,0.0,0.0,0.0,0.0,0.0,0.0,0.0,0.0,0.0,0.0,0.0,0.0,0.0,0.0,0.0,0.0,0.0,0.0,0.0,0.0,0.0,0.0,0.0,0.0
2017-05-29 04:53:00+02:00,0.0,0.0,0.0,0.0,0.0,0.0,0.0,0.0,0.0,0.0,0.0,0.0,0.0,0.0,0.0,0.0,0.0,0.0,0.0,0.0,0.0,0.0,0.0,0.0,0.0,0.0,0.0,0.0,0.0,0.0,0.0,0.0,0.0,0.0,0.0,0.0,0.0,0.0,0.0,0.0,0.0,0.0,0.0,0.0,0.0,0.0,0.0,0.0,0.0,0.0,0.0,0.0,0.0,0.0,0.0,0.0,0.0,0.0,0.0,0.0,0.0,0.0,0.0,0.0,0.0,0.0,0.0,0.0,0.0,0.0,0.0,0.0,0.0,0.0,0.0,0.0,0.0,0.0,0.0,0.0,0.0,0.0,0.0,0.0,0.0,0.0,0.0,0.0,0.0,0.0,0.0,0.0,0.0,0.0,0.0,0.0,0.0,0.0,0.0,0.0,0.0,0.0,0.0,0.0,0.0,0.0,0.0,0.0,0.0,0.0,0.0,0.0,0.0,0.0,0.0,0.0,0.0,0.0
2017-05-29 04:54:00+02:00,0.0,0.0,0.0,0.0,0.0,0.0,0.0,0.0,0.0,0.0,0.0,0.0,0.0,0.0,0.0,0.0,0.0,0.0,0.0,0.0,0.0,0.0,0.0,0.0,0.0,0.0,0.0,0.0,0.0,0.0,0.0,0.0,0.0,0.0,0.0,0.0,0.0,0.0,0.0,0.0,0.0,0.0,0.0,0.0,0.0,0.0,0.0,0.0,0.0,0.0,0.0,0.0,0.0,0.0,0.0,0.0,0.0,0.0,0.0,0.0,0.0,0.0,0.0,0.0,0.0,0.0,0.0,0.0,0.0,0.0,0.0,0.0,0.0,0.0,0.0,0.0,0.0,0.0,0.0,0.0,0.0,0.0,0.0,0.0,0.0,0.0,0.0,0.0,0.0,0.0,0.0,0.0,0.0,0.0,0.0,0.0,0.0,0.0,0.0,0.0,0.0,0.0,0.0,0.0,0.0,0.0,0.0,0.0,0.0,0.0,0.0,0.0,0.0,0.0,0.0,0.0,0.0,0.0
2017-05-29 04:55:00+02:00,0.0,0.0,0.0,0.0,0.0,0.0,0.0,0.0,0.0,0.0,0.0,0.0,0.0,0.0,0.0,0.0,0.0,0.0,0.0,0.0,0.0,0.0,0.0,0.0,0.0,0.0,0.0,0.0,0.0,0.0,0.0,0.0,0.0,0.0,0.0,0.0,0.0,0.0,0.0,0.0,0.0,0.0,0.0,0.0,0.0,0.0,0.0,0.0,0.0,0.0,0.0,0.0,0.0,0.0,0.0,0.0,0.0,0.0,0.0,0.0,0.0,0.0,0.0,0.0,0.0,0.0,0.0,0.0,0.0,0.0,0.0,0.0,0.0,0.0,0.0,0.0,0.0,0.0,0.0,0.0,0.0,0.0,0.0,0.0,0.0,0.0,0.0,0.0,0.0,0.0,0.0,0.0,0.0,0.0,0.0,0.0,0.0,0.0,0.0,0.0,0.0,0.0,0.0,0.0,0.0,0.0,0.0,0.0,0.0,0.0,0.0,0.0,0.0,0.0,0.0,0.0,0.0,0.0
2017-05-29 04:56:00+02:00,0.0,0.0,0.0,0.0,0.0,0.0,0.0,0.0,0.0,0.0,0.0,0.0,0.0,0.0,0.0,0.0,0.0,0.0,0.0,0.0,0.0,0.0,0.0,0.0,0.0,0.0,0.0,0.0,0.0,0.0,0.0,0.0,0.0,0.0,0.0,0.0,0.0,0.0,0.0,0.0,0.0,0.0,0.0,0.0,0.0,0.0,0.0,0.0,0.0,0.0,0.0,0.0,0.0,0.0,0.0,0.0,0.0,0.0,0.0,0.0,0.0,0.0,0.0,0.0,0.0,0.0,0.0,0.0,0.0,0.0,0.0,0.0,0.0,0.0,0.0,0.0,0.0,0.0,0.0,0.0,0.0,0.0,0.0,0.0,0.0,0.0,0.0,0.0,0.0,0.0,0.0,0.0,0.0,0.0,0.0,0.0,0.0,0.0,0.0,0.0,0.0,0.0,0.0,0.0,0.0,0.0,0.0,0.0,0.0,0.0,0.0,0.0,0.0,0.0,0.0,0.0,0.0,0.0
2017-05-29 04:57:00+02:00,0.0,0.0,0.0,0.0,0.0,0.0,0.0,0.0,0.0,0.0,0.0,0.0,0.0,0.0,0.0,0.0,0.0,0.0,0.0,0.0,0.0,0.0,0.0,0.0,0.0,0.0,0.0,0.0,0.0,0.0,0.0,0.0,0.0,0.0,0.0,0.0,0.0,0.0,0.0,0.0,0.0,0.0,0.0,0.0,0.0,0.0,0.0,0.0,0.0,0.0,0.0,0.0,0.0,0.0,0.0,0.0,0.0,0.0,0.0,0.0,0.0,0.0,0.0,0.0,0.0,0.0,0.0,0.0,0.0,0.0,0.0,0.0,0.0,0.0,0.0,0.0,0.0,0.0,0.0,0.0,0.0,0.0,0.0,0.0,0.0,0.0,0.0,0.0,0.0,0.0,0.0,0.0,0.0,0.0,0.0,0.0,0.0,0.0,0.0,0.0,0.0,0.0,0.0,0.0,0.0,0.0,0.0,0.0,0.0,0.0,0.0,0.0,0.0,0.0,0.0,0.0,0.0,0.0
2017-05-29 04:58:00+02:00,0.0,0.0,0.0,0.0,0.0,0.0,0.0,0.0,0.0,0.0,0.0,0.0,0.0,0.0,0.0,0.0,0.0,0.0,0.0,0.0,0.0,0.0,0.0,0.0,0.0,0.0,0.0,0.0,0.0,0.0,0.0,0.0,0.0,0.0,0.0,0.0,0.0,0.0,0.0,0.0,0.0,0.0,0.0,0.0,0.0,0.0,0.0,0.0,0.0,0.0,0.0,0.0,0.0,0.0,0.0,0.0,0.0,0.0,0.0,0.0,0.0,0.0,0.0,0.0,0.0,0.0,0.0,0.0,0.0,0.0,0.0,0.0,0.0,0.0,0.0,0.0,0.0,0.0,0.0,0.0,0.0,0.0,0.0,0.0,0.0,0.0,0.0,0.0,0.0,0.0,0.0,0.0,0.0,0.0,0.0,0.0,0.0,0.0,0.0,0.0,0.0,0.0,0.0,0.0,0.0,0.0,0.0,0.0,0.0,0.0,0.0,0.0,0.0,0.0,0.0,0.0,0.0,0.0
2017-05-29 04:59:00+02:00,0.0,0.0,0.0,0.0,0.0,0.0,0.0,0.0,0.0,0.0,0.0,0.0,0.0,0.0,0.0,0.0,0.0,0.0,0.0,0.0,0.0,0.0,0.0,0.0,0.0,0.0,0.0,0.0,0.0,0.0,0.0,0.0,0.0,0.0,0.0,0.0,0.0,0.0,0.0,0.0,0.0,0.0,0.0,0.0,0.0,0.0,0.0,0.0,0.0,0.0,0.0,0.0,0.0,0.0,0.0,0.0,0.0,0.0,0.0,0.0,0.0,0.0,0.0,0.0,0.0,0.0,0.0,0.0,0.0,0.0,0.0,0.0,0.0,0.0,0.0,0.0,0.0,0.0,0.0,0.0,0.0,0.0,0.0,0.0,0.0,0.0,0.0,0.0,0.0,0.0,0.0,0.0,0.0,0.0,0.0,0.0,0.0,0.0,0.0,0.0,0.0,0.0,0.0,0.0,0.0,0.0,0.0,0.0,0.0,0.0,0.0,0.0,0.0,0.0,0.0,0.0,0.0,0.0
2017-05-29 05:00:00+02:00,0.0,0.0,0.0,0.0,0.0,0.0,0.0,0.0,0.0,0.0,0.0,0.0,0.0,0.0,0.0,0.0,0.0,0.0,0.0,0.0,0.0,0.0,0.0,0.0,0.0,0.0,0.0,0.0,0.0,0.0,0.0,0.0,0.0,0.0,0.0,0.0,0.0,0.0,0.0,0.0,0.0,0.0,0.0,0.0,0.0,0.0,0.0,0.0,0.0,0.0,0.0,0.0,0.0,0.0,0.0,0.0,0.0,0.0,0.0,0.0,0.0,0.0,0.0,0.0,0.0,0.0,0.0,0.0,0.0,0.0,0.0,0.0,0.0,0.0,0.0,0.0,0.0,0.0,0.0,0.0,0.0,0.0,0.0,0.0,0.0,0.0,0.0,0.0,0.0,0.0,0.0,0.0,0.0,0.0,0.0,0.0,0.0,0.0,0.0,0.0,0.0,0.0,0.0,0.0,0.0,0.0,0.0,0.0,0.0,0.0,0.0,0.0,0.0,0.0,0.0,0.0,0.0,0.0
2017-05-29 05:01:00+02:00,0.0,0.0,0.0,0.0,0.0,0.0,0.0,0.0,0.0,0.0,0.0,0.0,0.0,0.0,0.0,0.0,0.0,0.0,0.0,0.0,0.0,0.0,0.0,0.0,0.0,0.0,0.0,0.0,0.0,0.0,0.0,0.0,0.0,0.0,0.0,0.0,0.0,0.0,0.0,0.0,0.0,0.0,0.0,0.0,0.0,0.0,0.0,0.0,0.0,0.0,0.0,0.0,0.0,0.0,0.0,0.0,0.0,0.0,0.0,0.0,0.0,0.0,0.0,0.0,0.0,0.0,0.0,0.0,0.0,0.0,0.0,0.0,0.0,0.0,0.0,0.0,0.0,0.0,0.0,0.0,0.0,0.0,0.0,0.0,0.0,0.0,0.0,0.0,0.0,0.0,0.0,0.0,0.0,0.0,0.0,0.0,0.0,0.0,0.0,0.0,0.0,0.0,0.0,0.0,0.0,0.0,0.0,0.0,0.0,0.0,0.0,0.0,0.0,0.0,0.0,0.0,0.0,0.0
2017-05-29 05:02:00+02:00,0.0,0.0,0.0,0.0,0.0,0.0,0.0,0.0,0.0,0.0,0.0,0.0,0.0,0.0,0.0,0.0,0.0,0.0,0.0,0.0,0.0,0.0,0.0,0.0,0.0,0.0,0.0,0.0,0.0,0.0,0.0,0.0,0.0,0.0,0.0,0.0,0.0,0.0,0.0,0.0,0.0,0.0,0.0,0.0,0.0,0.0,0.0,0.0,0.0,0.0,0.0,0.0,0.0,0.0,0.0,0.0,0.0,0.0,0.0,0.0,0.0,0.0,0.0,0.0,0.0,0.0,0.0,0.0,0.0,0.0,0.0,0.0,0.0,0.0,0.0,0.0,0.0,0.0,0.0,0.0,0.0,0.0,0.0,0.0,0.0,0.0,0.0,0.0,0.0,0.0,0.0,0.0,0.0,0.0,0.0,0.0,0.0,0.0,0.0,0.0,0.0,0.0,0.0,0.0,0.0,0.0,0.0,0.0,0.0,0.0,0.0,0.0,0.0,0.0,0.0,0.0,0.0,0.0
2017-05-29 05:03:00+02:00,0.0,0.0,0.0,0.0,0.0,0.0,0.0,0.0,0.0,0.0,0.0,0.0,0.0,0.0,0.0,0.0,0.0,0.0,0.0,0.0,0.0,0.0,0.0,0.0,0.0,0.0,0.0,0.0,0.0,0.0,0.0,0.0,0.0,0.0,0.0,0.0,0.0,0.0,0.0,0.0,0.0,0.0,0.0,0.0,0.0,0.0,0.0,0.0,0.0,0.0,0.0,0.0,0.0,0.0,0.0,0.0,0.0,0.0,0.0,0.0,0.0,0.0,0.0,0.0,0.0,0.0,0.0,0.0,0.0,0.0,0.0,0.0,0.0,0.0,0.0,0.0,0.0,0.0,0.0,0.0,0.0,0.0,0.0,0.0,0.0,0.0,0.0,0.0,0.0,0.0,0.0,0.0,0.0,0.0,0.0,0.0,0.0,0.0,0.0,0.0,0.0,0.0,0.0,0.0,0.0,0.0,0.0,0.0,0.0,0.0,0.0,0.0,0.0,0.0,0.0,0.0,0.0,0.0
2017-05-29 05:04:00+02:00,0.0,0.0,0.0,0.0,0.0,0.0,0.0,0.0,0.0,0.0,0.0,0.0,0.0,0.0,0.0,0.0,0.0,0.0,0.0,0.0,0.0,0.0,0.0,0.0,0.0,0.0,0.0,0.0,0.0,0.0,0.0,0.0,0.0,0.0,0.0,0.0,0.0,0.0,0.0,0.0,0.0,0.0,0.0,0.0,0.0,0.0,0.0,0.0,0.0,0.0,0.0,0.0,0.0,0.0,0.0,0.0,0.0,0.0,0.0,0.0,0.0,0.0,0.0,0.0,0.0,0.0,0.0,0.0,0.0,0.0,0.0,0.0,0.0,0.0,0.0,0.0,0.0,0.0,0.0,0.0,0.0,0.0,0.0,0.0,0.0,0.0,0.0,0.0,0.0,0.0,0.0,0.0,0.0,0.0,0.0,0.0,0.0,0.0,0.0,0.0,0.0,0.0,0.0,0.0,0.0,0.0,0.0,0.0,0.0,0.0,0.0,0.0,0.0,0.0,0.0,0.0,0.0,0.0
2017-05-29 05:05:00+02:00,0.0,0.0,0.0,0.0,0.0,0.0,0.0,0.0,0.0,0.0,0.0,0.0,0.0,0.0,0.0,0.0,0.0,0.0,0.0,0.0,0.0,0.0,0.0,0.0,0.0,0.0,0.0,0.0,0.0,0.0,0.0,0.0,0.0,0.0,0.0,0.0,0.0,0.0,0.0,0.0,0.0,0.0,0.0,0.0,0.0,0.0,0.0,0.0,0.0,0.0,0.0,0.0,0.0,0.0,0.0,0.0,0.0,0.0,0.0,0.0,0.0,0.0,0.0,0.0,0.0,0.0,0.0,0.0,0.0,0.0,0.0,0.0,0.0,0.0,0.0,0.0,0.0,0.0,0.0,0.0,0.0,0.0,0.0,0.0,0.0,0.0,0.0,0.0,0.0,0.0,0.0,0.0,0.0,0.0,0.0,0.0,0.0,0.0,0.0,0.0,0.0,0.0,0.0,0.0,0.0,0.0,0.0,0.0,0.0,0.0,0.0,0.0,0.0,0.0,0.0,0.0,0.0,0.0
2017-05-29 05:06:00+02:00,0.0,0.0,0.0,0.0,0.0,0.0,0.0,0.0,0.0,0.0,0.0,0.0,0.0,0.0,0.0,0.0,0.0,0.0,0.0,0.0,0.0,0.0,0.0,0.0,0.0,0.0,0.0,0.0,0.0,0.0,0.0,0.0,0.0,0.0,0.0,0.0,0.0,0.0,0.0,0.0,0.0,0.0,0.0,0.0,0.0,0.0,0.0,0.0,0.0,0.0,0.0,0.0,0.0,0.0,0.0,0.0,0.0,0.0,0.0,0.0,0.0,0.0,0.0,0.0,0.0,0.0,0.0,0.0,0.0,0.0,0.0,0.0,0.0,0.0,0.0,0.0,0.0,0.0,0.0,0.0,0.0,0.0,0.0,0.0,0.0,0.0,0.0,0.0,0.0,0.0,0.0,0.0,0.0,0.0,0.0,0.0,0.0,0.0,0.0,0.0,0.0,0.0,0.0,0.0,0.0,0.0,0.0,0.0,0.0,0.0,0.0,0.0,0.0,0.0,0.0,0.0,0.0,0.0
2017-05-29 05:07:00+02:00,0.0,0.0,0.0,0.0,0.0,0.0,0.0,0.0,0.0,0.0,0.0,0.0,0.0,0.0,0.0,0.0,0.0,0.0,0.0,0.0,0.0,0.0,0.0,0.0,0.0,0.0,0.0,0.0,0.0,0.0,0.0,0.0,0.0,0.0,0.0,0.0,0.0,0.0,0.0,0.0,0.0,0.0,0.0,0.0,0.0,0.0,0.0,0.0,0.0,0.0,0.0,0.0,0.0,0.0,0.0,0.0,0.0,0.0,0.0,0.0,0.0,0.0,0.0,0.0,0.0,0.0,0.0,0.0,0.0,0.0,0.0,0.0,0.0,0.0,0.0,0.0,0.0,0.0,0.0,0.0,0.0,0.0,0.0,0.0,0.0,0.0,0.0,0.0,0.0,0.0,0.0,0.0,0.0,0.0,0.0,0.0,0.0,0.0,0.0,0.0,0.0,0.0,0.0,0.0,0.0,0.0,0.0,0.0,0.0,0.0,0.0,0.0,0.0,0.0,0.0,0.0,0.0,0.0
2017-05-29 05:08:00+02:00,0.0,0.0,0.0,0.0,0.0,0.0,0.0,0.0,0.0,0.0,0.0,0.0,0.0,0.0,0.0,0.0,0.0,0.0,0.0,0.0,0.0,0.0,0.0,0.0,0.0,0.0,0.0,0.0,0.0,0.0,0.0,0.0,0.0,0.0,0.0,0.0,0.0,0.0,0.0,0.0,0.0,0.0,0.0,0.0,0.0,0.0,0.0,0.0,0.0,0.0,0.0,0.0,0.0,0.0,0.0,0.0,0.0,0.0,0.0,0.0,0.0,0.0,0.0,0.0,0.0,0.0,0.0,0.0,0.0,0.0,0.0,0.0,0.0,0.0,0.0,0.0,0.0,0.0,0.0,0.0,0.0,0.0,0.0,0.0,0.0,0.0,0.0,0.0,0.0,0.0,0.0,0.0,0.0,0.0,0.0,0.0,0.0,0.0,0.0,0.0,0.0,0.0,0.0,0.0,0.0,0.0,0.0,0.0,0.0,0.0,0.0,0.0,0.0,0.0,0.0,0.0,0.0,0.0
2017-05-29 05:09:00+02:00,0.0,0.0,0.0,0.0,0.0,0.0,0.0,0.0,0.0,0.0,0.0,0.0,0.0,0.0,0.0,0.0,0.0,0.0,0.0,0.0,0.0,0.0,0.0,0.0,0.0,0.0,0.0,0.0,0.0,0.0,0.0,0.0,0.0,0.0,0.0,0.0,0.0,0.0,0.0,0.0,0.0,0.0,0.0,0.0,0.0,0.0,0.0,0.0,0.0,0.0,0.0,0.0,0.0,0.0,0.0,0.0,0.0,0.0,0.0,0.0,0.0,0.0,0.0,0.0,0.0,0.0,0.0,0.0,0.0,0.0,0.0,0.0,0.0,0.0,0.0,0.0,0.0,0.0,0.0,0.0,0.0,0.0,0.0,0.0,0.0,0.0,0.0,0.0,0.0,0.0,0.0,0.0,0.0,0.0,0.0,0.0,0.0,0.0,0.0,0.0,0.0,0.0,0.0,0.0,0.0,0.0,0.0,0.0,0.0,0.0,0.0,0.0,0.0,0.0,0.0,0.0,0.0,0.0
2017-05-29 05:10:00+02:00,0.0,0.0,0.0,0.0,0.0,0.0,0.0,0.0,0.0,0.0,0.0,0.0,0.0,0.0,0.0,0.0,0.0,0.0,0.0,0.0,0.0,0.0,0.0,0.0,0.0,0.0,0.0,0.0,0.0,0.0,0.0,0.0,0.0,0.0,0.0,0.0,0.0,0.0,0.0,0.0,0.0,0.0,0.0,0.0,0.0,0.0,0.0,0.0,0.0,0.0,0.0,0.0,0.0,0.0,0.0,0.0,0.0,0.0,0.0,0.0,0.0,0.0,0.0,0.0,0.0,0.0,0.0,0.0,0.0,0.0,0.0,0.0,0.0,0.0,0.0,0.0,0.0,0.0,0.0,0.0,0.0,0.0,0.0,0.0,0.0,0.0,0.0,0.0,0.0,0.0,0.0,0.0,0.0,0.0,0.0,0.0,0.0,0.0,0.0,0.0,0.0,0.0,0.0,0.0,0.0,0.0,0.0,0.0,0.0,0.0,0.0,0.0,0.0,0.0,0.0,0.0,0.0,0.0
2017-05-29 05:11:00+02:00,0.0,0.0,0.0,0.0,0.0,0.0,0.0,0.0,0.0,0.0,0.0,0.0,0.0,0.0,0.0,0.0,0.0,0.0,0.0,0.0,0.0,0.0,0.0,0.0,0.0,0.0,0.0,0.0,0.0,0.0,0.0,0.0,0.0,0.0,0.0,0.0,0.0,0.0,0.0,0.0,0.0,0.0,0.0,0.0,0.0,0.0,0.0,0.0,0.0,0.0,0.0,0.0,0.0,0.0,0.0,0.0,0.0,0.0,0.0,0.0,0.0,0.0,0.0,0.0,0.0,0.0,0.0,0.0,0.0,0.0,0.0,0.0,0.0,0.0,0.0,0.0,0.0,0.0,0.0,0.0,0.0,0.0,0.0,0.0,0.0,0.0,0.0,0.0,0.0,0.0,0.0,0.0,0.0,0.0,0.0,0.0,0.0,0.0,0.0,0.0,0.0,0.0,0.0,0.0,0.0,0.0,0.0,0.0,0.0,0.0,0.0,0.0,0.0,0.0,0.0,0.0,0.0,0.0
2017-05-29 05:12:00+02:00,0.0,0.0,0.0,0.0,0.0,0.0,0.0,0.0,0.0,0.0,0.0,0.0,0.0,0.0,0.0,0.0,0.0,0.0,0.0,0.0,0.0,0.0,0.0,0.0,0.0,0.0,0.0,0.0,0.0,0.0,0.0,0.0,0.0,0.0,0.0,0.0,0.0,0.0,0.0,0.0,0.0,0.0,0.0,0.0,0.0,0.0,0.0,0.0,0.0,0.0,0.0,0.0,0.0,0.0,0.0,0.0,0.0,0.0,0.0,0.0,0.0,0.0,0.0,0.0,0.0,0.0,0.0,0.0,0.0,0.0,0.0,0.0,0.0,0.0,0.0,0.0,0.0,0.0,0.0,0.0,0.0,0.0,0.0,0.0,0.0,0.0,0.0,0.0,0.0,0.0,0.0,0.0,0.0,0.0,0.0,0.0,0.0,0.0,0.0,0.0,0.0,0.0,0.0,0.0,0.0,0.0,0.0,0.0,0.0,0.0,0.0,0.0,0.0,0.0,0.0,0.0,0.0,0.0
2017-05-29 05:13:00+02:00,0.0,0.0,0.0,0.0,0.0,0.0,0.0,0.0,0.0,0.0,0.0,0.0,0.0,0.0,0.0,0.0,0.0,0.0,0.0,0.0,0.0,0.0,0.0,0.0,0.0,0.0,0.0,0.0,0.0,0.0,0.0,0.0,0.0,0.0,0.0,0.0,0.0,0.0,0.0,0.0,0.0,0.0,0.0,0.0,0.0,0.0,0.0,0.0,0.0,0.0,0.0,0.0,0.0,0.0,0.0,0.0,0.0,0.0,0.0,0.0,0.0,0.0,0.0,0.0,0.0,0.0,0.0,0.0,0.0,0.0,0.0,0.0,0.0,0.0,0.0,0.0,0.0,0.0,0.0,0.0,0.0,0.0,0.0,0.0,0.0,0.0,0.0,0.0,0.0,0.0,0.0,0.0,0.0,0.0,0.0,0.0,0.0,0.0,0.0,0.0,0.0,0.0,0.0,0.0,0.0,0.0,0.0,0.0,0.0,0.0,0.0,0.0,0.0,0.0,0.0,0.0,0.0,0.0
2017-05-29 05:14:00+02:00,0.0,0.0,0.0,0.0,0.0,0.0,0.0,0.0,0.0,0.0,0.0,0.0,0.0,0.0,0.0,0.0,0.0,0.0,0.0,0.0,0.0,0.0,0.0,0.0,0.0,0.0,0.0,0.0,0.0,0.0,0.0,0.0,0.0,0.0,0.0,0.0,0.0,0.0,0.0,0.0,0.0,0.0,0.0,0.0,0.0,0.0,0.0,0.0,0.0,0.0,0.0,0.0,0.0,0.0,0.0,0.0,0.0,0.0,0.0,0.0,0.0,0.0,0.0,0.0,0.0,0.0,0.0,0.0,0.0,0.0,0.0,0.0,0.0,0.0,0.0,0.0,0.0,0.0,0.0,0.0,0.0,0.0,0.0,0.0,0.0,0.0,0.0,0.0,0.0,0.0,0.0,0.0,0.0,0.0,0.0,0.0,0.0,0.0,0.0,0.0,0.0,0.0,0.0,0.0,0.0,0.0,0.0,0.0,0.0,0.0,0.0,0.0,0.0,0.0,0.0,0.0,0.0,0.0
2017-05-29 05:15:00+02:00,0.0,0.0,0.0,0.0,0.0,0.0,0.0,0.0,0.0,0.0,0.0,0.0,0.0,0.0,0.0,0.0,0.0,0.0,0.0,0.0,0.0,0.0,0.0,0.0,0.0,0.0,0.0,0.0,0.0,0.0,0.0,0.0,0.0,0.0,0.0,0.0,0.0,0.0,0.0,0.0,0.0,0.0,0.0,0.0,0.0,0.0,0.0,0.0,0.0,0.0,0.0,0.0,0.0,0.0,0.0,0.0,0.0,0.0,0.0,0.0,0.0,0.0,0.0,0.0,0.0,0.0,0.0,0.0,0.0,0.0,0.0,0.0,0.0,0.0,0.0,0.0,0.0,0.0,0.0,0.0,0.0,0.0,0.0,0.0,0.0,0.0,0.0,0.0,0.0,0.0,0.0,0.0,0.0,0.0,0.0,0.0,0.0,0.0,0.0,0.0,0.0,0.0,0.0,0.0,0.0,0.0,0.0,0.0,0.0,0.0,0.0,0.0,0.0,0.0,0.0,0.0,0.0,0.0
2017-05-29 05:16:00+02:00,0.0,0.0,0.0,0.0,0.0,0.0,0.0,0.0,0.0,0.0,0.0,0.0,0.0,0.0,0.0,0.0,0.0,0.0,0.0,0.0,0.0,0.0,0.0,0.0,0.0,0.0,0.0,0.0,0.0,0.0,0.0,0.0,0.0,0.0,0.0,0.0,0.0,0.0,0.0,0.0,0.0,0.0,0.0,0.0,0.0,0.0,0.0,0.0,0.0,0.0,0.0,0.0,0.0,0.0,0.0,0.0,0.0,0.0,0.0,0.0,0.0,0.0,0.0,0.0,0.0,0.0,0.0,0.0,0.0,0.0,0.0,0.0,0.0,0.0,0.0,0.0,0.0,0.0,0.0,0.0,0.0,0.0,0.0,0.0,0.0,0.0,0.0,0.0,0.0,0.0,0.0,0.0,0.0,0.0,0.0,0.0,0.0,0.0,0.0,0.0,0.0,0.0,0.0,0.0,0.0,0.0,0.0,0.0,0.0,0.0,0.0,0.0,0.0,0.0,0.0,0.0,0.0,0.0
2017-05-29 05:17:00+02:00,0.0,0.0,0.0,0.0,0.0,0.0,0.0,0.0,0.0,0.0,0.0,0.0,0.0,0.0,0.0,0.0,0.0,0.0,0.0,0.0,0.0,0.0,0.0,0.0,0.0,0.0,0.0,0.0,0.0,0.0,0.0,0.0,0.0,0.0,0.0,0.0,0.0,0.0,0.0,0.0,0.0,0.0,0.0,0.0,0.0,0.0,0.0,0.0,0.0,0.0,0.0,0.0,0.0,0.0,0.0,0.0,0.0,0.0,0.0,0.0,0.0,0.0,0.0,0.0,0.0,0.0,0.0,0.0,0.0,0.0,0.0,0.0,0.0,0.0,0.0,0.0,0.0,0.0,0.0,0.0,0.0,0.0,0.0,0.0,0.0,0.0,0.0,0.0,0.0,0.0,0.0,0.0,0.0,0.0,0.0,0.0,0.0,0.0,0.0,0.0,0.0,0.0,0.0,0.0,0.0,0.0,0.0,0.0,0.0,0.0,0.0,0.0,0.0,0.0,0.0,0.0,0.0,0.0
2017-05-29 05:18:00+02:00,0.0,0.0,0.0,0.0,0.0,0.0,0.0,0.0,0.0,0.0,0.0,0.0,0.0,0.0,0.0,0.0,0.0,0.0,0.0,0.0,0.0,0.0,0.0,0.0,0.0,0.0,0.0,0.0,0.0,0.0,0.0,0.0,0.0,0.0,0.0,0.0,0.0,0.0,0.0,0.0,0.0,0.0,0.0,0.0,0.0,0.0,0.0,0.0,0.0,0.0,0.0,0.0,0.0,0.0,0.0,0.0,0.0,0.0,0.0,0.0,0.0,0.0,0.0,0.0,0.0,0.0,0.0,0.0,0.0,0.0,0.0,0.0,0.0,0.0,0.0,0.0,0.0,0.0,0.0,0.0,0.0,0.0,0.0,0.0,0.0,0.0,0.0,0.0,0.0,0.0,0.0,0.0,0.0,0.0,0.0,0.0,0.0,0.0,0.0,0.0,0.0,0.0,0.0,0.0,0.0,0.0,0.0,0.0,0.0,0.0,0.0,0.0,0.0,0.0,0.0,0.0,0.0,0.0
2017-05-29 05:19:00+02:00,0.0,0.0,0.0,0.0,0.0,0.0,0.0,0.0,0.0,0.0,0.0,0.0,0.0,0.0,0.0,0.0,0.0,0.0,0.0,0.0,0.0,0.0,0.0,0.0,0.0,0.0,0.0,0.0,0.0,0.0,0.0,0.0,0.0,0.0,0.0,0.0,0.0,0.0,0.0,0.0,0.0,0.0,0.0,0.0,0.0,0.0,0.0,0.0,0.0,0.0,0.0,0.0,0.0,0.0,0.0,0.0,0.0,0.0,0.0,0.0,0.0,0.0,0.0,0.0,0.0,0.0,0.0,0.0,0.0,0.0,0.0,0.0,0.0,0.0,0.0,0.0,0.0,0.0,0.0,0.0,0.0,0.0,0.0,0.0,0.0,0.0,0.0,0.0,0.0,0.0,0.0,0.0,0.0,0.0,0.0,0.0,0.0,0.0,0.0,0.0,0.0,0.0,0.0,0.0,0.0,0.0,0.0,0.0,0.0,0.0,0.0,0.0,0.0,0.0,0.0,0.0,0.0,0.0
2017-05-29 05:20:00+02:00,0.0,0.0,0.0,0.0,0.0,0.0,0.0,0.0,0.0,0.0,0.0,0.0,0.0,0.0,0.0,0.0,0.0,0.0,0.0,0.0,0.0,0.0,0.0,0.0,0.0,0.0,0.0,0.0,0.0,0.0,0.0,0.0,0.0,0.0,0.0,0.0,0.0,0.0,0.0,0.0,0.0,0.0,0.0,0.0,0.0,0.0,0.0,0.0,0.0,0.0,0.0,0.0,0.0,0.0,0.0,0.0,0.0,0.0,0.0,0.0,0.0,0.0,0.0,0.0,0.0,0.0,0.0,0.0,0.0,0.0,0.0,0.0,0.0,0.0,0.0,0.0,0.0,0.0,0.0,0.0,0.0,0.0,0.0,0.0,0.0,0.0,0.0,0.0,0.0,0.0,0.0,0.0,0.0,0.0,0.0,0.0,0.0,0.0,0.0,0.0,0.0,0.0,0.0,0.0,0.0,0.0,0.0,0.0,0.0,0.0,0.0,0.0,0.0,0.0,0.0,0.0,0.0,0.0
2017-05-29 05:21:00+02:00,0.0,0.0,0.0,0.0,0.0,0.0,0.0,0.0,0.0,0.0,0.0,0.0,0.0,0.0,0.0,0.0,0.0,0.0,0.0,0.0,0.0,0.0,0.0,0.0,0.0,0.0,0.0,0.0,0.0,0.0,0.0,0.0,0.0,0.0,0.0,0.0,0.0,0.0,0.0,0.0,0.0,0.0,0.0,0.0,0.0,0.0,0.0,0.0,0.0,0.0,0.0,0.0,0.0,0.0,0.0,0.0,0.0,0.0,0.0,0.0,0.0,0.0,0.0,0.0,0.0,0.0,0.0,0.0,0.0,0.0,0.0,0.0,0.0,0.0,0.0,0.0,0.0,0.0,0.0,0.0,0.0,0.0,0.0,0.0,0.0,0.0,0.0,0.0,0.0,0.0,0.0,0.0,0.0,0.0,0.0,0.0,0.0,0.0,0.0,0.0,0.0,0.0,0.0,0.0,0.0,0.0,0.0,0.0,0.0,0.0,0.0,0.0,0.0,0.0,0.0,0.0,0.0,0.0
2017-05-29 05:22:00+02:00,0.0,0.0,0.0,0.0,0.0,0.0,0.0,0.0,0.0,0.0,0.0,0.0,0.0,0.0,0.0,0.0,0.0,0.0,0.0,0.0,0.0,0.0,0.0,0.0,0.0,0.0,0.0,0.0,0.0,0.0,0.0,0.0,0.0,0.0,0.0,0.0,0.0,0.0,0.0,0.0,0.0,0.0,0.0,0.0,0.0,0.0,0.0,0.0,0.0,0.0,0.0,0.0,0.0,0.0,0.0,0.0,0.0,0.0,0.0,0.0,0.0,0.0,0.0,0.0,0.0,0.0,0.0,0.0,0.0,0.0,0.0,0.0,0.0,0.0,0.0,0.0,0.0,0.0,0.0,0.0,0.0,0.0,0.0,0.0,0.0,0.0,0.0,0.0,0.0,0.0,0.0,0.0,0.0,0.0,0.0,0.0,0.0,0.0,0.0,0.0,0.0,0.0,0.0,0.0,0.0,0.0,0.0,0.0,0.0,0.0,0.0,0.0,0.0,0.0,0.0,0.0,0.0,0.0
2017-05-29 05:23:00+02:00,0.0,0.0,0.0,0.0,0.0,0.0,0.0,0.0,0.0,0.0,0.0,0.0,0.0,0.0,0.0,0.0,0.0,0.0,0.0,0.0,0.0,0.0,0.0,0.0,0.0,0.0,0.0,0.0,0.0,0.0,0.0,0.0,0.0,0.0,0.0,0.0,0.0,0.0,0.0,0.0,0.0,0.0,0.0,0.0,0.0,0.0,0.0,0.0,0.0,0.0,0.0,0.0,0.0,0.0,0.0,0.0,0.0,0.0,0.0,0.0,0.0,0.0,0.0,0.0,0.0,0.0,0.0,0.0,0.0,0.0,0.0,0.0,0.0,0.0,0.0,0.0,0.0,0.0,0.0,0.0,0.0,0.0,0.0,0.0,0.0,0.0,0.0,0.0,0.0,0.0,0.0,0.0,0.0,0.0,0.0,0.0,0.0,0.0,0.0,0.0,0.0,0.0,0.0,0.0,0.0,0.0,0.0,0.0,0.0,0.0,0.0,0.0,0.0,0.0,0.0,0.0,0.0,0.0
2017-05-29 05:24:00+02:00,0.0,0.0,0.0,0.0,0.0,0.0,0.0,0.0,0.0,0.0,0.0,0.0,0.0,0.0,0.0,0.0,0.0,0.0,0.0,0.0,0.0,0.0,0.0,0.0,0.0,0.0,0.0,0.0,0.0,0.0,0.0,0.0,0.0,0.0,0.0,0.0,0.0,0.0,0.0,0.0,0.0,0.0,0.0,0.0,0.0,0.0,0.0,0.0,0.0,0.0,0.0,0.0,0.0,0.0,0.0,0.0,0.0,0.0,0.0,0.0,0.0,0.0,0.0,0.0,0.0,0.0,0.0,0.0,0.0,0.0,0.0,0.0,0.0,0.0,0.0,0.0,0.0,0.0,0.0,0.0,0.0,0.0,0.0,0.0,0.0,0.0,0.0,0.0,0.0,0.0,0.0,0.0,0.0,0.0,0.0,0.0,0.0,0.0,0.0,0.0,0.0,0.0,0.0,0.0,0.0,0.0,0.0,0.0,0.0,0.0,0.0,0.0,0.0,0.0,0.0,0.0,0.0,0.0
2017-05-29 05:25:00+02:00,0.0,0.0,0.0,0.0,0.0,0.0,0.0,0.0,0.0,0.0,0.0,0.0,0.0,0.0,0.0,0.0,0.0,0.0,0.0,0.0,0.0,0.0,0.0,0.0,0.0,0.0,0.0,0.0,0.0,0.0,0.0,0.0,0.0,0.0,0.0,0.0,0.0,0.0,0.0,0.0,0.0,0.0,0.0,0.0,0.0,0.0,0.0,0.0,0.0,0.0,0.0,0.0,0.0,0.0,0.0,0.0,0.0,0.0,0.0,0.0,0.0,0.0,0.0,0.0,0.0,0.0,0.0,0.0,0.0,0.0,0.0,0.0,0.0,0.0,0.0,0.0,0.0,0.0,0.0,0.0,0.0,0.0,0.0,0.0,0.0,0.0,0.0,0.0,0.0,0.0,0.0,0.0,0.0,0.0,0.0,0.0,0.0,0.0,0.0,0.0,0.0,0.0,0.0,0.0,0.0,0.0,0.0,0.0,0.0,0.0,0.0,0.0,0.0,0.0,0.0,0.0,0.0,0.0
2017-05-29 05:26:00+02:00,0.0,0.0,0.0,0.0,0.0,0.0,0.0,0.0,0.0,0.0,0.0,0.0,0.0,0.0,0.0,0.0,0.0,0.0,0.0,0.0,0.0,0.0,0.0,0.0,0.0,0.0,0.0,0.0,0.0,0.0,0.0,0.0,0.0,0.0,0.0,0.0,0.0,0.0,0.0,0.0,0.0,0.0,0.0,0.0,0.0,0.0,0.0,0.0,0.0,0.0,0.0,0.0,0.0,0.0,0.0,0.0,0.0,0.0,0.0,0.0,0.0,0.0,0.0,0.0,0.0,0.0,0.0,0.0,0.0,0.0,0.0,0.0,0.0,0.0,0.0,0.0,0.0,0.0,0.0,0.0,0.0,0.0,0.0,0.0,0.0,0.0,0.0,0.0,0.0,0.0,0.0,0.0,0.0,0.0,0.0,0.0,0.0,0.0,0.0,0.0,0.0,0.0,0.0,0.0,0.0,0.0,0.0,0.0,0.0,0.0,0.0,0.0,0.0,0.0,0.0,0.0,0.0,0.0
2017-05-29 05:27:00+02:00,0.0,0.0,0.0,0.0,0.0,0.0,0.0,0.0,0.0,0.0,0.0,0.0,0.0,0.0,0.0,0.0,0.0,0.0,0.0,0.0,0.0,0.0,0.0,0.0,0.0,0.0,0.0,0.0,0.0,0.0,0.0,0.0,0.0,0.0,0.0,0.0,0.0,0.0,0.0,0.0,0.0,0.0,0.0,0.0,0.0,0.0,0.0,0.0,0.0,0.0,0.0,0.0,0.0,0.0,0.0,0.0,0.0,0.0,0.0,0.0,0.0,0.0,0.0,0.0,0.0,0.0,0.0,0.0,0.0,0.0,0.0,0.0,0.0,0.0,0.0,0.0,0.0,0.0,0.0,0.0,0.0,0.0,0.0,0.0,0.0,0.0,0.0,0.0,0.0,0.0,0.0,0.0,0.0,0.0,0.0,0.0,0.0,0.0,0.0,0.0,0.0,0.0,0.0,0.0,0.0,0.0,0.0,0.0,0.0,0.0,0.0,0.0,0.0,0.0,0.0,0.0,0.0,0.0
2017-05-29 05:28:00+02:00,0.0,0.0,0.0,0.0,0.0,0.0,0.0,0.0,0.0,0.0,0.0,0.0,0.0,0.0,0.0,0.0,0.0,0.0,0.0,0.0,0.0,0.0,0.0,0.0,0.0,0.0,0.0,0.0,0.0,0.0,0.0,0.0,0.0,0.0,0.0,0.0,0.0,0.0,0.0,0.0,0.0,0.0,0.0,0.0,0.0,0.0,0.0,0.0,0.0,0.0,0.0,0.0,0.0,0.0,0.0,0.0,0.0,0.0,0.0,0.0,0.0,0.0,0.0,0.0,0.0,0.0,0.0,0.0,0.0,0.0,0.0,0.0,0.0,0.0,0.0,0.0,0.0,0.0,0.0,0.0,0.0,0.0,0.0,0.0,0.0,0.0,0.0,0.0,0.0,0.0,0.0,0.0,0.0,0.0,0.0,0.0,0.0,0.0,0.0,0.0,0.0,0.0,0.0,0.0,0.0,0.0,0.0,0.0,0.0,0.0,0.0,0.0,0.0,0.0,0.0,0.0,0.0,0.0
2017-05-29 05:29:00+02:00,0.0,0.0,0.0,0.0,0.0,0.0,0.0,0.0,0.0,0.0,0.0,0.0,0.0,0.0,0.0,0.0,0.0,0.0,0.0,0.0,0.0,0.0,0.0,0.0,0.0,0.0,0.0,0.0,0.0,0.0,0.0,0.0,0.0,0.0,0.0,0.0,0.0,0.0,0.0,0.0,0.0,0.0,0.0,0.0,0.0,0.0,0.0,0.0,0.0,0.0,0.0,0.0,0.0,0.0,0.0,0.0,0.0,0.0,0.0,0.0,0.0,0.0,0.0,0.0,0.0,0.0,0.0,0.0,0.0,0.0,0.0,0.0,0.0,0.0,0.0,0.0,0.0,0.0,0.0,0.0,0.0,0.0,0.0,0.0,0.0,0.0,0.0,0.0,0.0,0.0,0.0,0.0,0.0,0.0,0.0,0.0,0.0,0.0,0.0,0.0,0.0,0.0,0.0,0.0,0.0,0.0,0.0,0.0,0.0,0.0,0.0,0.0,0.0,0.0,0.0,0.0,0.0,0.0
2017-05-29 05:30:00+02:00,0.0,0.0,0.0,0.0,0.0,0.0,0.0,0.0,0.0,0.0,0.0,0.0,0.0,0.0,0.0,0.0,0.0,0.0,0.0,0.0,0.0,0.0,0.0,0.0,0.0,0.0,0.0,0.0,0.0,0.0,0.0,0.0,0.0,0.0,0.0,0.0,0.0,0.0,0.0,0.0,0.0,0.0,0.0,0.0,0.0,0.0,0.0,0.0,0.0,0.0,0.0,0.0,0.0,0.0,0.0,0.0,0.0,0.0,0.0,0.0,0.0,0.0,0.0,0.0,0.0,0.0,0.0,0.0,0.0,0.0,0.0,0.0,0.0,0.0,0.0,0.0,0.0,0.0,0.0,0.0,0.0,0.0,0.0,0.0,0.0,0.0,0.0,0.0,0.0,0.0,0.0,0.0,0.0,0.0,0.0,0.0,0.0,0.0,0.0,0.0,0.0,0.0,0.0,0.0,0.0,0.0,0.0,0.0,0.0,0.0,0.0,0.0,0.0,0.0,0.0,0.0,0.0,0.0
2017-05-29 05:31:00+02:00,0.0,0.0,0.0,0.0,0.0,0.0,0.0,0.0,0.0,0.0,0.0,0.0,0.0,0.0,0.0,0.0,0.0,0.0,0.0,0.0,0.0,0.0,0.0,0.0,0.0,0.0,0.0,0.0,0.0,0.0,0.0,0.0,0.0,0.0,0.0,0.0,0.0,0.0,0.0,0.0,0.0,0.0,0.0,0.0,0.0,0.0,0.0,0.0,0.0,0.0,0.0,0.0,0.0,0.0,0.0,0.0,0.0,0.0,0.0,0.0,0.0,0.0,0.0,0.0,0.0,0.0,0.0,0.0,0.0,0.0,0.0,0.0,0.0,0.0,0.0,0.0,0.0,0.0,0.0,0.0,0.0,0.0,0.0,0.0,0.0,0.0,0.0,0.0,0.0,0.0,0.0,0.0,0.0,0.0,0.0,0.0,0.0,0.0,0.0,0.0,0.0,0.0,0.0,0.0,0.0,0.0,0.0,0.0,0.0,0.0,0.0,0.0,0.0,0.0,0.0,0.0,0.0,0.0
2017-05-29 05:32:00+02:00,0.0,0.0,0.0,0.0,0.0,0.0,0.0,0.0,0.0,0.0,0.0,0.0,0.0,0.0,0.0,0.0,0.0,0.0,0.0,0.0,0.0,0.0,0.0,0.0,0.0,0.0,0.0,0.0,0.0,0.0,0.0,0.0,0.0,0.0,0.0,0.0,0.0,0.0,0.0,0.0,0.0,0.0,0.0,0.0,0.0,0.0,0.0,0.0,0.0,0.0,0.0,0.0,0.0,0.0,0.0,0.0,0.0,0.0,0.0,0.0,0.0,0.0,0.0,0.0,0.0,0.0,0.0,0.0,0.0,0.0,0.0,0.0,0.0,0.0,0.0,0.0,0.0,0.0,0.0,0.0,0.0,0.0,0.0,0.0,0.0,0.0,0.0,0.0,0.0,0.0,0.0,0.0,0.0,0.0,0.0,0.0,0.0,0.0,0.0,0.0,0.0,0.0,0.0,0.0,0.0,0.0,0.0,0.0,0.0,0.0,0.0,0.0,0.0,0.0,0.0,0.0,0.0,0.0
2017-05-29 05:33:00+02:00,0.0,0.0,0.0,0.0,0.0,0.0,0.0,0.0,0.0,0.0,0.0,0.0,0.0,0.0,0.0,0.0,0.0,0.0,0.0,0.0,0.0,0.0,0.0,0.0,0.0,0.0,0.0,0.0,0.0,0.0,0.0,0.0,0.0,0.0,0.0,0.0,0.0,0.0,0.0,0.0,0.0,0.0,0.0,0.0,0.0,0.0,0.0,0.0,0.0,0.0,0.0,0.0,0.0,0.0,0.0,0.0,0.0,0.0,0.0,0.0,0.0,0.0,0.0,0.0,0.0,0.0,0.0,0.0,0.0,0.0,0.0,0.0,0.0,0.0,0.0,0.0,0.0,0.0,0.0,0.0,0.0,0.0,0.0,0.0,0.0,0.0,0.0,0.0,0.0,0.0,0.0,0.0,0.0,0.0,0.0,0.0,0.0,0.0,0.0,0.0,0.0,0.0,0.0,0.0,0.0,0.0,0.0,0.0,0.0,0.0,0.0,0.0,0.0,0.0,0.0,0.0,0.0,0.0
2017-05-29 05:34:00+02:00,0.0,0.0,0.0,0.0,0.0,0.0,0.0,0.0,0.0,0.0,0.0,0.0,0.0,0.0,0.0,0.0,0.0,0.0,0.0,0.0,0.0,0.0,0.0,0.0,0.0,0.0,0.0,0.0,0.0,0.0,0.0,0.0,0.0,0.0,0.0,0.0,0.0,0.0,0.0,0.0,0.0,0.0,0.0,0.0,0.0,0.0,0.0,0.0,0.0,0.0,0.0,0.0,0.0,0.0,0.0,0.0,0.0,0.0,0.0,0.0,0.0,0.0,0.0,0.0,0.0,0.0,0.0,0.0,0.0,0.0,0.0,0.0,0.0,0.0,0.0,0.0,0.0,0.0,0.0,0.0,0.0,0.0,0.0,0.0,0.0,0.0,0.0,0.0,0.0,0.0,0.0,0.0,0.0,0.0,0.0,0.0,0.0,0.0,0.0,0.0,0.0,0.0,0.0,0.0,0.0,0.0,0.0,0.0,0.0,0.0,0.0,0.0,0.0,0.0,0.0,0.0,0.0,0.0
2017-05-29 05:35:00+02:00,0.0,0.0,0.0,0.0,0.0,0.0,0.0,0.0,0.0,0.0,0.0,0.0,0.0,0.0,0.0,0.0,0.0,0.0,0.0,0.0,0.0,0.0,0.0,0.0,0.0,0.0,0.0,0.0,0.0,0.0,0.0,0.0,0.0,0.0,0.0,0.0,0.0,0.0,0.0,0.0,0.0,0.0,0.0,0.0,0.0,0.0,0.0,0.0,0.0,0.0,0.0,0.0,0.0,0.0,0.0,0.0,0.0,0.0,0.0,0.0,0.0,0.0,0.0,0.0,0.0,0.0,0.0,0.0,0.0,0.0,0.0,0.0,0.0,0.0,0.0,0.0,0.0,0.0,0.0,0.0,0.0,0.0,0.0,0.0,0.0,0.0,0.0,0.0,0.0,0.0,0.0,0.0,0.0,0.0,0.0,0.0,0.0,0.0,0.0,0.0,0.0,0.0,0.0,0.0,0.0,0.0,0.0,0.0,0.0,0.0,0.0,0.0,0.0,0.0,0.0,0.0,0.0,0.0
2017-05-29 05:36:00+02:00,0.0,0.0,0.0,0.0,0.0,0.0,0.0,0.0,0.0,0.0,0.0,0.0,0.0,0.0,0.0,0.0,0.0,0.0,0.0,0.0,0.0,0.0,0.0,0.0,0.0,0.0,0.0,0.0,0.0,0.0,0.0,0.0,0.0,0.0,0.0,0.0,0.0,0.0,0.0,0.0,0.0,0.0,0.0,0.0,0.0,0.0,0.0,0.0,0.0,0.0,0.0,0.0,0.0,0.0,0.0,0.0,0.0,0.0,0.0,0.0,0.0,0.0,0.0,0.0,0.0,0.0,0.0,0.0,0.0,0.0,0.0,0.0,0.0,0.0,0.0,0.0,0.0,0.0,0.0,0.0,0.0,0.0,0.0,0.0,0.0,0.0,0.0,0.0,0.0,0.0,0.0,0.0,0.0,0.0,0.0,0.0,0.0,0.0,0.0,0.0,0.0,0.0,0.0,0.0,0.0,0.0,0.0,0.0,0.0,0.0,0.0,0.0,0.0,0.0,0.0,0.0,0.0,0.0
2017-05-29 05:37:00+02:00,0.0,0.0,0.0,0.0,0.0,0.0,0.0,0.0,0.0,0.0,0.0,0.0,0.0,0.0,0.0,0.0,0.0,0.0,0.0,0.0,0.0,0.0,0.0,0.0,0.0,0.0,0.0,0.0,0.0,0.0,0.0,0.0,0.0,0.0,0.0,0.0,0.0,0.0,0.0,0.0,0.0,0.0,0.0,0.0,0.0,0.0,0.0,0.0,0.0,0.0,0.0,0.0,0.0,0.0,0.0,0.0,0.0,0.0,0.0,0.0,0.0,0.0,0.0,0.0,0.0,0.0,0.0,0.0,0.0,0.0,0.0,0.0,0.0,0.0,0.0,0.0,0.0,0.0,0.0,0.0,0.0,0.0,0.0,0.0,0.0,0.0,0.0,0.0,0.0,0.0,0.0,0.0,0.0,0.0,0.0,0.0,0.0,0.0,0.0,0.0,0.0,0.0,0.0,0.0,0.0,0.0,0.0,0.0,0.0,0.0,0.0,0.0,0.0,0.0,0.0,0.0,0.0,0.0
2017-05-29 05:38:00+02:00,0.0,0.0,0.0,0.0,0.0,0.0,0.0,0.0,0.0,0.0,0.0,0.0,0.0,0.0,0.0,0.0,0.0,0.0,0.0,0.0,0.0,0.0,0.0,0.0,0.0,0.0,0.0,0.0,0.0,0.0,0.0,0.0,0.0,0.0,0.0,0.0,0.0,0.0,0.0,0.0,0.0,0.0,0.0,0.0,0.0,0.0,0.0,0.0,0.0,0.0,0.0,0.0,0.0,0.0,0.0,0.0,0.0,0.0,0.0,0.0,0.0,0.0,0.0,0.0,0.0,0.0,0.0,0.0,0.0,0.0,0.0,0.0,0.0,0.0,0.0,0.0,0.0,0.0,0.0,0.0,0.0,0.0,0.0,0.0,0.0,0.0,0.0,0.0,0.0,0.0,0.0,0.0,0.0,0.0,0.0,0.0,0.0,0.0,0.0,0.0,0.0,0.0,0.0,0.0,0.0,0.0,0.0,0.0,0.0,0.0,0.0,0.0,0.0,0.0,0.0,0.0,0.0,0.0
2017-05-29 05:39:00+02:00,0.0,0.0,0.0,0.0,0.0,0.0,0.0,0.0,0.0,0.0,0.0,0.0,0.0,0.0,0.0,0.0,0.0,0.0,0.0,0.0,0.0,0.0,0.0,0.0,0.0,0.0,0.0,0.0,0.0,0.0,0.0,0.0,0.0,0.0,0.0,0.0,0.0,0.0,0.0,0.0,0.0,0.0,0.0,0.0,0.0,0.0,0.0,0.0,0.0,0.0,0.0,0.0,0.0,0.0,0.0,0.0,0.0,0.0,0.0,0.0,0.0,0.0,0.0,0.0,0.0,0.0,0.0,0.0,0.0,0.0,0.0,0.0,0.0,0.0,0.0,0.0,0.0,0.0,0.0,0.0,0.0,0.0,0.0,0.0,0.0,0.0,0.0,0.0,0.0,0.0,0.0,0.0,0.0,0.0,0.0,0.0,0.0,0.0,0.0,0.0,0.0,0.0,0.0,0.0,0.0,0.0,0.0,0.0,0.0,0.0,0.0,0.0,0.0,0.0,0.0,0.0,0.0,0.0
2017-05-29 05:40:00+02:00,0.0,0.0,0.0,0.0,0.0,0.0,0.0,0.0,0.0,0.0,0.0,0.0,0.0,0.0,0.0,0.0,0.0,0.0,0.0,0.0,0.0,0.0,0.0,0.0,0.0,0.0,0.0,0.0,0.0,0.0,0.0,0.0,0.0,0.0,0.0,0.0,0.0,0.0,0.0,0.0,0.0,0.0,0.0,0.0,0.0,0.0,0.0,0.0,0.0,0.0,0.0,0.0,0.0,0.0,0.0,0.0,0.0,0.0,0.0,0.0,0.0,0.0,0.0,0.0,0.0,0.0,0.0,0.0,0.0,0.0,0.0,0.0,0.0,0.0,0.0,0.0,0.0,0.0,0.0,0.0,0.0,0.0,0.0,0.0,0.0,0.0,0.0,0.0,0.0,0.0,0.0,0.0,0.0,0.0,0.0,0.0,0.0,0.0,0.0,0.0,0.0,0.0,0.0,0.0,0.0,0.0,0.0,0.0,0.0,0.0,0.0,0.0,0.0,0.0,0.0,0.0,0.0,0.0
2017-05-29 05:41:00+02:00,0.0,0.0,0.0,0.0,0.0,0.0,0.0,0.0,0.0,0.0,0.0,0.0,0.0,0.0,0.0,0.0,0.0,0.0,0.0,0.0,0.0,0.0,0.0,0.0,0.0,0.0,0.0,0.0,0.0,0.0,0.0,0.0,0.0,0.0,0.0,0.0,0.0,0.0,0.0,0.0,0.0,0.0,0.0,0.0,0.0,0.0,0.0,0.0,0.0,0.0,0.0,0.0,0.0,0.0,0.0,0.0,0.0,0.0,0.0,0.0,0.0,0.0,0.0,0.0,0.0,0.0,0.0,0.0,0.0,0.0,0.0,0.0,0.0,0.0,0.0,0.0,0.0,0.0,0.0,0.0,0.0,0.0,0.0,0.0,0.0,0.0,0.0,0.0,0.0,0.0,0.0,0.0,0.0,0.0,0.0,0.0,0.0,0.0,0.0,0.0,0.0,0.0,0.0,0.0,0.0,0.0,0.0,0.0,0.0,0.0,0.0,0.0,0.0,0.0,0.0,0.0,0.0,0.0
2017-05-29 05:42:00+02:00,0.0,0.0,0.0,0.0,0.0,0.0,0.0,0.0,0.0,0.0,0.0,0.0,0.0,0.0,0.0,0.0,0.0,0.0,0.0,0.0,0.0,0.0,0.0,0.0,0.0,0.0,0.0,0.0,0.0,0.0,0.0,0.0,0.0,0.0,0.0,0.0,0.0,0.0,0.0,0.0,0.0,0.0,0.0,0.0,0.0,0.0,0.0,0.0,0.0,0.0,0.0,0.0,0.0,0.0,0.0,0.0,0.0,0.0,0.0,0.0,0.0,0.0,0.0,0.0,0.0,0.0,0.0,0.0,0.0,0.0,0.0,0.0,0.0,0.0,0.0,0.0,0.0,0.0,0.0,0.0,0.0,0.0,0.0,0.0,0.0,0.0,0.0,0.0,0.0,0.0,0.0,0.0,0.0,0.0,0.0,0.0,0.0,0.0,0.0,0.0,0.0,0.0,0.0,0.0,0.0,0.0,0.0,0.0,0.0,0.0,0.0,0.0,0.0,0.0,0.0,0.0,0.0,0.0
2017-05-29 05:43:00+02:00,0.0,0.0,0.0,0.0,0.0,0.0,0.0,0.0,0.0,0.0,0.0,0.0,0.0,0.0,0.0,0.0,0.0,0.0,0.0,0.0,0.0,0.0,0.0,0.0,0.0,0.0,0.0,0.0,0.0,0.0,0.0,0.0,0.0,0.0,0.0,0.0,0.0,0.0,0.0,0.0,0.0,0.0,0.0,0.0,0.0,0.0,0.0,0.0,0.0,0.0,0.0,0.0,0.0,0.0,0.0,0.0,0.0,0.0,0.0,0.0,0.0,0.0,0.0,0.0,0.0,0.0,0.0,0.0,0.0,0.0,0.0,0.0,0.0,0.0,0.0,0.0,0.0,0.0,0.0,0.0,0.0,0.0,0.0,0.0,0.0,0.0,0.0,0.0,0.0,0.0,0.0,0.0,0.0,0.0,0.0,0.0,0.0,0.0,0.0,0.0,0.0,0.0,0.0,0.0,0.0,0.0,0.0,0.0,0.0,0.0,0.0,0.0,0.0,0.0,0.0,0.0,0.0,0.0
2017-05-29 05:44:00+02:00,0.0,0.0,0.0,0.0,0.0,0.0,0.0,0.0,0.0,0.0,0.0,0.0,0.0,0.0,0.0,0.0,0.0,0.0,0.0,0.0,0.0,0.0,0.0,0.0,0.0,0.0,0.0,0.0,0.0,0.0,0.0,0.0,0.0,0.0,0.0,0.0,0.0,0.0,0.0,0.0,0.0,0.0,0.0,0.0,0.0,0.0,0.0,0.0,0.0,0.0,0.0,0.0,0.0,0.0,0.0,0.0,0.0,0.0,0.0,0.0,0.0,0.0,0.0,0.0,0.0,0.0,0.0,0.0,0.0,0.0,0.0,0.0,0.0,0.0,0.0,0.0,0.0,0.0,0.0,0.0,0.0,0.0,0.0,0.0,0.0,0.0,0.0,0.0,0.0,0.0,0.0,0.0,0.0,0.0,0.0,0.0,0.0,0.0,0.0,0.0,0.0,0.0,0.0,0.0,0.0,0.0,0.0,0.0,0.0,0.0,0.0,0.0,0.0,0.0,0.0,0.0,0.0,0.0
2017-05-29 05:45:00+02:00,0.0,0.0,0.0,0.0,0.0,0.0,0.0,0.0,0.0,0.0,0.0,0.0,0.0,0.0,0.0,0.0,0.0,0.0,0.0,0.0,0.0,0.0,0.0,0.0,0.0,0.0,0.0,0.0,0.0,0.0,0.0,0.0,0.0,0.0,0.0,0.0,0.0,0.0,0.0,0.0,0.0,0.0,0.0,0.0,0.0,0.0,0.0,0.0,0.0,0.0,0.0,0.0,0.0,0.0,0.0,0.0,0.0,0.0,0.0,0.0,0.0,0.0,0.0,0.0,0.0,0.0,0.0,0.0,0.0,0.0,0.0,0.0,0.0,0.0,0.0,0.0,0.0,0.0,0.0,0.0,0.0,0.0,0.0,0.0,0.0,0.0,0.0,0.0,0.0,0.0,0.0,0.0,0.0,0.0,0.0,0.0,0.0,0.0,0.0,0.0,0.0,0.0,0.0,0.0,0.0,0.0,0.0,0.0,0.0,0.0,0.0,0.0,0.0,0.0,0.0,0.0,0.0,0.0
2017-05-29 05:46:00+02:00,0.0,0.0,0.0,0.0,0.0,0.0,0.0,0.0,0.0,0.0,0.0,0.0,0.0,0.0,0.0,0.0,0.0,0.0,0.0,0.0,0.0,0.0,0.0,0.0,0.0,0.0,0.0,0.0,0.0,0.0,0.0,0.0,0.0,0.0,0.0,0.0,0.0,0.0,0.0,0.0,0.0,0.0,0.0,0.0,0.0,0.0,0.0,0.0,0.0,0.0,0.0,0.0,0.0,0.0,0.0,0.0,0.0,0.0,0.0,0.0,0.0,0.0,0.0,0.0,0.0,0.0,0.0,0.0,0.0,0.0,0.0,0.0,0.0,0.0,0.0,0.0,0.0,0.0,0.0,0.0,0.0,0.0,0.0,0.0,0.0,0.0,0.0,0.0,0.0,0.0,0.0,0.0,0.0,0.0,0.0,0.0,0.0,0.0,0.0,0.0,0.0,0.0,0.0,0.0,0.0,0.0,0.0,0.0,0.0,0.0,0.0,0.0,0.0,0.0,0.0,0.0,0.0,0.0
2017-05-29 05:47:00+02:00,0.0,0.0,0.0,0.0,0.0,0.0,0.0,0.0,0.0,0.0,0.0,0.0,0.0,0.0,0.0,0.0,0.0,0.0,0.0,0.0,0.0,0.0,0.0,0.0,0.0,0.0,0.0,0.0,0.0,0.0,0.0,0.0,0.0,0.0,0.0,0.0,0.0,0.0,0.0,0.0,0.0,0.0,0.0,0.0,0.0,0.0,0.0,0.0,0.0,0.0,0.0,0.0,0.0,0.0,0.0,0.0,0.0,0.0,0.0,0.0,0.0,0.0,0.0,0.0,0.0,0.0,0.0,0.0,0.0,0.0,0.0,0.0,0.0,0.0,0.0,0.0,0.0,0.0,0.0,0.0,0.0,0.0,0.0,0.0,0.0,0.0,0.0,0.0,0.0,0.0,0.0,0.0,0.0,0.0,0.0,0.0,0.0,0.0,0.0,0.0,0.0,0.0,0.0,0.0,0.0,0.0,0.0,0.0,0.0,0.0,0.0,0.0,0.0,0.0,0.0,0.0,0.0,0.0
2017-05-29 05:48:00+02:00,0.0,0.0,0.0,0.0,0.0,0.0,0.0,0.0,0.0,0.0,0.0,0.0,0.0,0.0,0.0,0.0,0.0,0.0,0.0,0.0,0.0,0.0,0.0,0.0,0.0,0.0,0.0,0.0,0.0,0.0,0.0,0.0,0.0,0.0,0.0,0.0,0.0,0.0,0.0,0.0,0.0,0.0,0.0,0.0,0.0,0.0,0.0,0.0,0.0,0.0,0.0,0.0,0.0,0.0,0.0,0.0,0.0,0.0,0.0,0.0,0.0,0.0,0.0,0.0,0.0,0.0,0.0,0.0,0.0,0.0,0.0,0.0,0.0,0.0,0.0,0.0,0.0,0.0,0.0,0.0,0.0,0.0,0.0,0.0,0.0,0.0,0.0,0.0,0.0,0.0,0.0,0.0,0.0,0.0,0.0,0.0,0.0,0.0,0.0,0.0,0.0,0.0,0.0,0.0,0.0,0.0,0.0,0.0,0.0,0.0,0.0,0.0,0.0,0.0,0.0,0.0,0.0,0.0
2017-05-29 05:49:00+02:00,0.0,0.0,0.0,0.0,0.0,0.0,0.0,0.0,0.0,0.0,0.0,0.0,0.0,0.0,0.0,0.0,0.0,0.0,0.0,0.0,0.0,0.0,0.0,0.0,0.0,0.0,0.0,0.0,0.0,0.0,0.0,0.0,0.0,0.0,0.0,0.0,0.0,0.0,0.0,0.0,0.0,0.0,0.0,0.0,0.0,0.0,0.0,0.0,0.0,0.0,0.0,0.0,0.0,0.0,0.0,0.0,0.0,0.0,0.0,0.0,0.0,0.0,0.0,0.0,0.0,0.0,0.0,0.0,0.0,0.0,0.0,0.0,0.0,0.0,0.0,0.0,0.0,0.0,0.0,0.0,0.0,0.0,0.0,0.0,0.0,0.0,0.0,0.0,0.0,0.0,0.0,0.0,0.0,0.0,0.0,0.0,0.0,0.0,0.0,0.0,0.0,0.0,0.0,0.0,0.0,0.0,0.0,0.0,0.0,0.0,0.0,0.0,0.0,0.0,0.0,0.0,0.0,0.0
2017-05-29 05:50:00+02:00,0.0,0.0,0.0,0.0,0.0,0.0,0.0,0.0,0.0,0.0,0.0,0.0,0.0,0.0,0.0,0.0,0.0,0.0,0.0,0.0,0.0,0.0,0.0,0.0,0.0,0.0,0.0,0.0,0.0,0.0,0.0,0.0,0.0,0.0,0.0,0.0,0.0,0.0,0.0,0.0,0.0,0.0,0.0,0.0,0.0,0.0,0.0,0.0,0.0,0.0,0.0,0.0,0.0,0.0,0.0,0.0,0.0,0.0,0.0,0.0,0.0,0.0,0.0,0.0,0.0,0.0,0.0,0.0,0.0,0.0,0.0,0.0,0.0,0.0,0.0,0.0,0.0,0.0,0.0,0.0,0.0,0.0,0.0,0.0,0.0,0.0,0.0,0.0,0.0,0.0,0.0,0.0,0.0,0.0,0.0,0.0,0.0,0.0,0.0,0.0,0.0,0.0,0.0,0.0,0.0,0.0,0.0,0.0,0.0,0.0,0.0,0.0,0.0,0.0,0.0,0.0,0.0,0.0
2017-05-29 05:51:00+02:00,0.0,0.0,0.0,0.0,0.0,0.0,0.0,0.0,0.0,0.0,0.0,0.0,0.0,0.0,0.0,0.0,0.0,0.0,0.0,0.0,0.0,0.0,0.0,0.0,0.0,0.0,0.0,0.0,0.0,0.0,0.0,0.0,0.0,0.0,0.0,0.0,0.0,0.0,0.0,0.0,0.0,0.0,0.0,0.0,0.0,0.0,0.0,0.0,0.0,0.0,0.0,0.0,0.0,0.0,0.0,0.0,0.0,0.0,0.0,0.0,0.0,0.0,0.0,0.0,0.0,0.0,0.0,0.0,0.0,0.0,0.0,0.0,0.0,0.0,0.0,0.0,0.0,0.0,0.0,0.0,0.0,0.0,0.0,0.0,0.0,0.0,0.0,0.0,0.0,0.0,0.0,0.0,0.0,0.0,0.0,0.0,0.0,0.0,0.0,0.0,0.0,0.0,0.0,0.0,0.0,0.0,0.0,0.0,0.0,0.0,0.0,0.0,0.0,0.0,0.0,0.0,0.0,0.0
2017-05-29 05:52:00+02:00,0.0,0.0,0.0,0.0,0.0,0.0,0.0,0.0,0.0,0.0,0.0,0.0,0.0,0.0,0.0,0.0,0.0,0.0,0.0,0.0,0.0,0.0,0.0,0.0,0.0,0.0,0.0,0.0,0.0,0.0,0.0,0.0,0.0,0.0,0.0,0.0,0.0,0.0,0.0,0.0,0.0,0.0,0.0,0.0,0.0,0.0,0.0,0.0,0.0,0.0,0.0,0.0,0.0,0.0,0.0,0.0,0.0,0.0,0.0,0.0,0.0,0.0,0.0,0.0,0.0,0.0,0.0,0.0,0.0,0.0,0.0,0.0,0.0,0.0,0.0,0.0,0.0,0.0,0.0,0.0,0.0,0.0,0.0,0.0,0.0,0.0,0.0,0.0,0.0,0.0,0.0,0.0,0.0,0.0,0.0,0.0,0.0,0.0,0.0,0.0,0.0,0.0,0.0,0.0,0.0,0.0,0.0,0.0,0.0,0.0,0.0,0.0,0.0,0.0,0.0,0.0,0.0,0.0
2017-05-29 05:53:00+02:00,0.0,0.0,0.0,0.0,0.0,0.0,0.0,0.0,0.0,0.0,0.0,0.0,0.0,0.0,0.0,0.0,0.0,0.0,0.0,0.0,0.0,0.0,0.0,0.0,0.0,0.0,0.0,0.0,0.0,0.0,0.0,0.0,0.0,0.0,0.0,0.0,0.0,0.0,0.0,0.0,0.0,0.0,0.0,0.0,0.0,0.0,0.0,0.0,0.0,0.0,0.0,0.0,0.0,0.0,0.0,0.0,0.0,0.0,0.0,0.0,0.0,0.0,0.0,0.0,0.0,0.0,0.0,0.0,0.0,0.0,0.0,0.0,0.0,0.0,0.0,0.0,0.0,0.0,0.0,0.0,0.0,0.0,0.0,0.0,0.0,0.0,0.0,0.0,0.0,0.0,0.0,0.0,0.0,0.0,0.0,0.0,0.0,0.0,0.0,0.0,0.0,0.0,0.0,0.0,0.0,0.0,0.0,0.0,0.0,0.0,0.0,0.0,0.0,0.0,0.0,0.0,0.0,0.0
2017-05-29 05:54:00+02:00,0.0,0.0,0.0,0.0,0.0,0.0,0.0,0.0,0.0,0.0,0.0,0.0,0.0,0.0,0.0,0.0,0.0,0.0,0.0,0.0,0.0,0.0,0.0,0.0,0.0,0.0,0.0,0.0,0.0,0.0,0.0,0.0,0.0,0.0,0.0,0.0,0.0,0.0,0.0,0.0,0.0,0.0,0.0,0.0,0.0,0.0,0.0,0.0,0.0,0.0,0.0,0.0,0.0,0.0,0.0,0.0,0.0,0.0,0.0,0.0,0.0,0.0,0.0,0.0,0.0,0.0,0.0,0.0,0.0,0.0,0.0,0.0,0.0,0.0,0.0,0.0,0.0,0.0,0.0,0.0,0.0,0.0,0.0,0.0,0.0,0.0,0.0,0.0,0.0,0.0,0.0,0.0,0.0,0.0,0.0,0.0,0.0,0.0,0.0,0.0,0.0,0.0,0.0,0.0,0.0,0.0,0.0,0.0,0.0,0.0,0.0,0.0,0.0,0.0,0.0,0.0,0.0,0.0
2017-05-29 05:55:00+02:00,0.0,0.0,0.0,0.0,0.0,0.0,0.0,0.0,0.0,0.0,0.0,0.0,0.0,0.0,0.0,0.0,0.0,0.0,0.0,0.0,0.0,0.0,0.0,0.0,0.0,0.0,0.0,0.0,0.0,0.0,0.0,0.0,0.0,0.0,0.0,0.0,0.0,0.0,0.0,0.0,0.0,0.0,0.0,0.0,0.0,0.0,0.0,0.0,0.0,0.0,0.0,0.0,0.0,0.0,0.0,0.0,0.0,0.0,0.0,0.0,0.0,0.0,0.0,0.0,0.0,0.0,0.0,0.0,0.0,0.0,0.0,0.0,0.0,0.0,0.0,0.0,0.0,0.0,0.0,0.0,0.0,0.0,0.0,0.0,0.0,0.0,0.0,0.0,0.0,0.0,0.0,0.0,0.0,0.0,0.0,0.0,0.0,0.0,0.0,0.0,0.0,0.0,0.0,0.0,0.0,0.0,0.0,0.0,0.0,0.0,0.0,0.0,0.0,0.0,0.0,0.0,0.0,0.0
2017-05-29 05:56:00+02:00,0.0,0.0,0.0,0.0,0.0,0.0,0.0,0.0,0.0,0.0,0.0,0.0,0.0,0.0,0.0,0.0,0.0,0.0,0.0,0.0,0.0,0.0,0.0,0.0,0.0,0.0,0.0,0.0,0.0,0.0,0.0,0.0,0.0,0.0,0.0,0.0,0.0,0.0,0.0,0.0,0.0,0.0,0.0,0.0,0.0,0.0,0.0,0.0,0.0,0.0,0.0,0.0,0.0,0.0,0.0,0.0,0.0,0.0,0.0,0.0,0.0,0.0,0.0,0.0,0.0,0.0,0.0,0.0,0.0,0.0,0.0,0.0,0.0,0.0,0.0,0.0,0.0,0.0,0.0,0.0,0.0,0.0,0.0,0.0,0.0,0.0,0.0,0.0,0.0,0.0,0.0,0.0,0.0,0.0,0.0,0.0,0.0,0.0,0.0,0.0,0.0,0.0,0.0,0.0,0.0,0.0,0.0,0.0,0.0,0.0,0.0,0.0,0.0,0.0,0.0,0.0,0.0,0.0
2017-05-29 05:57:00+02:00,0.0,0.0,0.0,0.0,0.0,0.0,0.0,0.0,0.0,0.0,0.0,0.0,0.0,0.0,0.0,0.0,0.0,0.0,0.0,0.0,0.0,0.0,0.0,0.0,0.0,0.0,0.0,0.0,0.0,0.0,0.0,0.0,0.0,0.0,0.0,0.0,0.0,0.0,0.0,0.0,0.0,0.0,0.0,0.0,0.0,0.0,0.0,0.0,0.0,0.0,0.0,0.0,0.0,0.0,0.0,0.0,0.0,0.0,0.0,0.0,0.0,0.0,0.0,0.0,0.0,0.0,0.0,0.0,0.0,0.0,0.0,0.0,0.0,0.0,0.0,0.0,0.0,0.0,0.0,0.0,0.0,0.0,0.0,0.0,0.0,0.0,0.0,0.0,0.0,0.0,0.0,0.0,0.0,0.0,0.0,0.0,0.0,0.0,0.0,0.0,0.0,0.0,0.0,0.0,0.0,0.0,0.0,0.0,0.0,0.0,0.0,0.0,0.0,0.0,0.0,0.0,0.0,0.0
2017-05-29 05:58:00+02:00,0.0,0.0,0.0,0.0,0.0,0.0,0.0,0.0,0.0,0.0,0.0,0.0,0.0,0.0,0.0,0.0,0.0,0.0,0.0,0.0,0.0,0.0,0.0,0.0,0.0,0.0,0.0,0.0,0.0,0.0,0.0,0.0,0.0,0.0,0.0,0.0,0.0,0.0,0.0,0.0,0.0,0.0,0.0,0.0,0.0,0.0,0.0,0.0,0.0,0.0,0.0,0.0,0.0,0.0,0.0,0.0,0.0,0.0,0.0,0.0,0.0,0.0,0.0,0.0,0.0,0.0,0.0,0.0,0.0,0.0,0.0,0.0,0.0,0.0,0.0,0.0,0.0,0.0,0.0,0.0,0.0,0.0,0.0,0.0,0.0,0.0,0.0,0.0,0.0,0.0,0.0,0.0,0.0,0.0,0.0,0.0,0.0,0.0,0.0,0.0,0.0,0.0,0.0,0.0,0.0,0.0,0.0,0.0,0.0,0.0,0.0,0.0,0.0,0.0,0.0,0.0,0.0,0.0
2017-05-29 05:59:00+02:00,0.0,0.0,0.0,0.0,0.0,0.0,0.0,0.0,0.0,0.0,0.0,0.0,0.0,0.0,0.0,0.0,0.0,0.0,0.0,0.0,0.0,0.0,0.0,0.0,0.0,0.0,0.0,0.0,0.0,0.0,0.0,0.0,0.0,0.0,0.0,0.0,0.0,0.0,0.0,0.0,0.0,0.0,0.0,0.0,0.0,0.0,0.0,0.0,0.0,0.0,0.0,0.0,0.0,0.0,0.0,0.0,0.0,0.0,0.0,0.0,0.0,0.0,0.0,0.0,0.0,0.0,0.0,0.0,0.0,0.0,0.0,0.0,0.0,0.0,0.0,0.0,0.0,0.0,0.0,0.0,0.0,0.0,0.0,0.0,0.0,0.0,0.0,0.0,0.0,0.0,0.0,0.0,0.0,0.0,0.0,0.0,0.0,0.0,0.0,0.0,0.0,0.0,0.0,0.0,0.0,0.0,0.0,0.0,0.0,0.0,0.0,0.0,0.0,0.0,0.0,0.0,0.0,0.0
2017-05-29 06:00:00+02:00,0.0,0.0,0.0,0.0,0.0,0.0,0.0,0.0,0.0,0.0,0.0,0.0,0.0,0.0,0.0,0.0,0.0,0.0,0.0,0.0,0.0,0.0,0.0,0.0,0.0,0.0,0.0,0.0,0.0,0.0,0.0,0.0,0.0,0.0,0.0,0.0,0.0,0.0,0.0,0.0,0.0,0.0,0.0,0.0,0.0,0.0,0.0,0.0,0.0,0.0,0.0,0.0,0.0,0.0,0.0,0.0,0.0,0.0,0.0,0.0,0.0,0.0,0.0,0.0,0.0,0.0,0.0,0.0,0.0,0.0,0.0,0.0,0.0,0.0,0.0,0.0,0.0,0.0,0.0,0.0,0.0,0.0,0.0,0.0,0.0,0.0,0.0,0.0,0.0,0.0,0.0,0.0,0.0,0.0,0.0,0.0,0.0,0.0,0.0,0.0,0.0,0.0,0.0,0.0,0.0,0.0,0.0,0.0,0.0,0.0,0.0,0.0,0.0,0.0,0.0,0.0,0.0,0.0
2017-05-29 06:01:00+02:00,0.0,0.0,0.0,0.0,0.0,0.0,0.0,0.0,0.0,0.0,0.0,0.0,0.0,0.0,0.0,0.0,0.0,0.0,0.0,0.0,0.0,0.0,0.0,0.0,0.0,0.0,0.0,0.0,0.0,0.0,0.0,0.0,0.0,0.0,0.0,0.0,0.0,0.0,0.0,0.0,0.0,0.0,0.0,0.0,0.0,0.0,0.0,0.0,0.0,0.0,0.0,0.0,0.0,0.0,0.0,0.0,0.0,0.0,0.0,0.0,0.0,0.0,0.0,0.0,0.0,0.0,0.0,0.0,0.0,0.0,0.0,0.0,0.0,0.0,0.0,0.0,0.0,0.0,0.0,0.0,0.0,0.0,0.0,0.0,0.0,0.0,0.0,0.0,0.0,0.0,0.0,0.0,0.0,0.0,0.0,0.0,0.0,0.0,0.0,0.0,0.0,0.0,0.0,0.0,0.0,0.0,0.0,0.0,0.0,0.0,0.0,0.0,0.0,0.0,0.0,0.0,0.0,0.0
2017-05-29 06:02:00+02:00,0.0,0.0,0.0,0.0,0.0,0.0,0.0,0.0,0.0,0.0,0.0,0.0,0.0,0.0,0.0,0.0,0.0,0.0,0.0,0.0,0.0,0.0,0.0,0.0,0.0,0.0,0.0,0.0,0.0,0.0,0.0,0.0,0.0,0.0,0.0,0.0,0.0,0.0,0.0,0.0,0.0,0.0,0.0,0.0,0.0,0.0,0.0,0.0,0.0,0.0,0.0,0.0,0.0,0.0,0.0,0.0,0.0,0.0,0.0,0.0,0.0,0.0,0.0,0.0,0.0,0.0,0.0,0.0,0.0,0.0,0.0,0.0,0.0,0.0,0.0,0.0,0.0,0.0,0.0,0.0,0.0,0.0,0.0,0.0,0.0,0.0,0.0,0.0,0.0,0.0,0.0,0.0,0.0,0.0,0.0,0.0,0.0,0.0,0.0,0.0,0.0,0.0,0.0,0.0,0.0,0.0,0.0,0.0,0.0,0.0,0.0,0.0,0.0,0.0,0.0,0.0,0.0,0.0
2017-05-29 06:03:00+02:00,0.0,0.0,0.0,0.0,0.0,0.0,0.0,0.0,0.0,0.0,0.0,0.0,0.0,0.0,0.0,0.0,0.0,0.0,0.0,0.0,0.0,0.0,0.0,0.0,0.0,0.0,0.0,0.0,0.0,0.0,0.0,0.0,0.0,0.0,0.0,0.0,0.0,0.0,0.0,0.0,0.0,0.0,0.0,0.0,0.0,0.0,0.0,0.0,0.0,0.0,0.0,0.0,0.0,0.0,0.0,0.0,0.0,0.0,0.0,0.0,0.0,0.0,0.0,0.0,0.0,0.0,0.0,0.0,0.0,0.0,0.0,0.0,0.0,0.0,0.0,0.0,0.0,0.0,0.0,0.0,0.0,0.0,0.0,0.0,0.0,0.0,0.0,0.0,0.0,0.0,0.0,0.0,0.0,0.0,0.0,0.0,0.0,0.0,0.0,0.0,0.0,0.0,0.0,0.0,0.0,0.0,0.0,0.0,0.0,0.0,0.0,0.0,0.0,0.0,0.0,0.0,0.0,0.0
2017-05-29 06:04:00+02:00,0.0,0.0,0.0,0.0,0.0,0.0,0.0,0.0,0.0,0.0,0.0,0.0,0.0,0.0,0.0,0.0,0.0,0.0,0.0,0.0,0.0,0.0,0.0,0.0,0.0,0.0,0.0,0.0,0.0,0.0,0.0,0.0,0.0,0.0,0.0,0.0,0.0,0.0,0.0,0.0,0.0,0.0,0.0,0.0,0.0,0.0,0.0,0.0,0.0,0.0,0.0,0.0,0.0,0.0,0.0,0.0,0.0,0.0,0.0,0.0,0.0,0.0,0.0,0.0,0.0,0.0,0.0,0.0,0.0,0.0,0.0,0.0,0.0,0.0,0.0,0.0,0.0,0.0,0.0,0.0,0.0,0.0,0.0,0.0,0.0,0.0,0.0,0.0,0.0,0.0,0.0,0.0,0.0,0.0,0.0,0.0,0.0,0.0,0.0,0.0,0.0,0.0,0.0,0.0,0.0,0.0,0.0,0.0,0.0,0.0,0.0,0.0,0.0,0.0,0.0,0.0,0.0,0.0
2017-05-29 06:05:00+02:00,0.0,0.0,0.0,0.0,0.0,0.0,0.0,0.0,0.0,0.0,0.0,0.0,0.0,0.0,0.0,0.0,0.0,0.0,0.0,0.0,0.0,0.0,0.0,0.0,0.0,0.0,0.0,0.0,0.0,0.0,0.0,0.0,0.0,0.0,0.0,0.0,0.0,0.0,0.0,0.0,0.0,0.0,0.0,0.0,0.0,0.0,0.0,0.0,0.0,0.0,0.0,0.0,0.0,0.0,0.0,0.0,0.0,0.0,0.0,0.0,0.0,0.0,0.0,0.0,0.0,0.0,0.0,0.0,0.0,0.0,0.0,0.0,0.0,0.0,0.0,0.0,0.0,0.0,0.0,0.0,0.0,0.0,0.0,0.0,0.0,0.0,0.0,0.0,0.0,0.0,0.0,0.0,0.0,0.0,0.0,0.0,0.0,0.0,0.0,0.0,0.0,0.0,0.0,0.0,0.0,0.0,0.0,0.0,0.0,0.0,0.0,0.0,0.0,0.0,0.0,0.0,0.0,0.0
2017-05-29 06:06:00+02:00,0.0,0.0,0.0,0.0,0.0,0.0,0.0,0.0,0.0,0.0,0.0,0.0,0.0,0.0,0.0,0.0,0.0,0.0,0.0,0.0,0.0,0.0,0.0,0.0,0.0,0.0,0.0,0.0,0.0,0.0,0.0,0.0,0.0,0.0,0.0,0.0,0.0,0.0,0.0,0.0,0.0,0.0,0.0,0.0,0.0,0.0,0.0,0.0,0.0,0.0,0.0,0.0,0.0,0.0,0.0,0.0,0.0,0.0,0.0,0.0,0.0,0.0,0.0,0.0,0.0,0.0,0.0,0.0,0.0,0.0,0.0,0.0,0.0,0.0,0.0,0.0,0.0,0.0,0.0,0.0,0.0,0.0,0.0,0.0,0.0,0.0,0.0,0.0,0.0,0.0,0.0,0.0,0.0,0.0,0.0,0.0,0.0,0.0,0.0,0.0,0.0,0.0,0.0,0.0,0.0,0.0,0.0,0.0,0.0,0.0,0.0,0.0,0.0,0.0,0.0,0.0,0.0,0.0
2017-05-29 06:07:00+02:00,0.0,0.0,0.0,0.0,0.0,0.0,0.0,0.0,0.0,0.0,0.0,0.0,0.0,0.0,0.0,0.0,0.0,0.0,0.0,0.0,0.0,0.0,0.0,0.0,0.0,0.0,0.0,0.0,0.0,0.0,0.0,0.0,0.0,0.0,0.0,0.0,0.0,0.0,0.0,0.0,0.0,0.0,0.0,0.0,0.0,0.0,0.0,0.0,0.0,0.0,0.0,0.0,0.0,0.0,0.0,0.0,0.0,0.0,0.0,0.0,0.0,0.0,0.0,0.0,0.0,0.0,0.0,0.0,0.0,0.0,0.0,0.0,0.0,0.0,0.0,0.0,0.0,0.0,0.0,0.0,0.0,0.0,0.0,0.0,0.0,0.0,0.0,0.0,0.0,0.0,0.0,0.0,0.0,0.0,0.0,0.0,0.0,0.0,0.0,0.0,0.0,0.0,0.0,0.0,0.0,0.0,0.0,0.0,0.0,0.0,0.0,0.0,0.0,0.0,0.0,0.0,0.0,0.0
2017-05-29 06:08:00+02:00,0.0,0.0,0.0,0.0,0.0,0.0,0.0,0.0,0.0,0.0,0.0,0.0,0.0,0.0,0.0,0.0,0.0,0.0,0.0,0.0,0.0,0.0,0.0,0.0,0.0,0.0,0.0,0.0,0.0,0.0,0.0,0.0,0.0,0.0,0.0,0.0,0.0,0.0,0.0,0.0,0.0,0.0,0.0,0.0,0.0,0.0,0.0,0.0,0.0,0.0,0.0,0.0,0.0,0.0,0.0,0.0,0.0,0.0,0.0,0.0,0.0,0.0,0.0,0.0,0.0,0.0,0.0,0.0,0.0,0.0,0.0,0.0,0.0,0.0,0.0,0.0,0.0,0.0,0.0,0.0,0.0,0.0,0.0,0.0,0.0,0.0,0.0,0.0,0.0,0.0,0.0,0.0,0.0,0.0,0.0,0.0,0.0,0.0,0.0,0.0,0.0,0.0,0.0,0.0,0.0,0.0,0.0,0.0,0.0,0.0,0.0,0.0,0.0,0.0,0.0,0.0,0.0,0.0
2017-05-29 06:09:00+02:00,0.0,0.0,0.0,0.0,0.0,0.0,0.0,0.0,0.0,0.0,0.0,0.0,0.0,0.0,0.0,0.0,0.0,0.0,0.0,0.0,0.0,0.0,0.0,0.0,0.0,0.0,0.0,0.0,0.0,0.0,0.0,0.0,0.0,0.0,0.0,0.0,0.0,0.0,0.0,0.0,0.0,0.0,0.0,0.0,0.0,0.0,0.0,0.0,0.0,0.0,0.0,0.0,0.0,0.0,0.0,0.0,0.0,0.0,0.0,0.0,0.0,0.0,0.0,0.0,0.0,0.0,0.0,0.0,0.0,0.0,0.0,0.0,0.0,0.0,0.0,0.0,0.0,0.0,0.0,0.0,0.0,0.0,0.0,0.0,0.0,0.0,0.0,0.0,0.0,0.0,0.0,0.0,0.0,0.0,0.0,0.0,0.0,0.0,0.0,0.0,0.0,0.0,0.0,0.0,0.0,0.0,0.0,0.0,0.0,0.0,0.0,0.0,0.0,0.0,0.0,0.0,0.0,0.0
2017-05-29 06:10:00+02:00,0.0,0.0,0.0,0.0,0.0,0.0,0.0,0.0,0.0,0.0,0.0,0.0,0.0,0.0,0.0,0.0,0.0,0.0,0.0,0.0,0.0,0.0,0.0,0.0,0.0,0.0,0.0,0.0,0.0,0.0,0.0,0.0,0.0,0.0,0.0,0.0,0.0,0.0,0.0,0.0,0.0,0.0,0.0,0.0,0.0,0.0,0.0,0.0,0.0,0.0,0.0,0.0,0.0,0.0,0.0,0.0,0.0,0.0,0.0,0.0,0.0,0.0,0.0,0.0,0.0,0.0,0.0,0.0,0.0,0.0,0.0,0.0,0.0,0.0,0.0,0.0,0.0,0.0,0.0,0.0,0.0,0.0,0.0,0.0,0.0,0.0,0.0,0.0,0.0,0.0,0.0,0.0,0.0,0.0,0.0,0.0,0.0,0.0,0.0,0.0,0.0,0.0,0.0,0.0,0.0,0.0,0.0,0.0,0.0,0.0,0.0,0.0,0.0,0.0,0.0,0.0,0.0,0.0
2017-05-29 06:11:00+02:00,0.0,0.0,0.0,0.0,0.0,0.0,0.0,0.0,0.0,0.0,0.0,0.0,0.0,0.0,0.0,0.0,0.0,0.0,0.0,0.0,0.0,0.0,0.0,0.0,0.0,0.0,0.0,0.0,0.0,0.0,0.0,0.0,0.0,0.0,0.0,0.0,0.0,0.0,0.0,0.0,0.0,0.0,0.0,0.0,0.0,0.0,0.0,0.0,0.0,0.0,0.0,0.0,0.0,0.0,0.0,0.0,0.0,0.0,0.0,0.0,0.0,0.0,0.0,0.0,0.0,0.0,0.0,0.0,0.0,0.0,0.0,0.0,0.0,0.0,0.0,0.0,0.0,0.0,0.0,0.0,0.0,0.0,0.0,0.0,0.0,0.0,0.0,0.0,0.0,0.0,0.0,0.0,0.0,0.0,0.0,0.0,0.0,0.0,0.0,0.0,0.0,0.0,0.0,0.0,0.0,0.0,0.0,0.0,0.0,0.0,0.0,0.0,0.0,0.0,0.0,0.0,0.0,0.0
2017-05-29 06:12:00+02:00,0.0,0.0,0.0,0.0,0.0,0.0,0.0,0.0,0.0,0.0,0.0,0.0,0.0,0.0,0.0,0.0,0.0,0.0,0.0,0.0,0.0,0.0,0.0,0.0,0.0,0.0,0.0,0.0,0.0,0.0,0.0,0.0,0.0,0.0,0.0,0.0,0.0,0.0,0.0,0.0,0.0,0.0,0.0,0.0,0.0,0.0,0.0,0.0,0.0,0.0,0.0,0.0,0.0,0.0,0.0,0.0,0.0,0.0,0.0,0.0,0.0,0.0,0.0,0.0,0.0,0.0,0.0,0.0,0.0,0.0,0.0,0.0,0.0,0.0,0.0,0.0,0.0,0.0,0.0,0.0,0.0,0.0,0.0,0.0,0.0,0.0,0.0,0.0,0.0,0.0,0.0,0.0,0.0,0.0,0.0,0.0,0.0,0.0,0.0,0.0,0.0,0.0,0.0,0.0,0.0,0.0,0.0,0.0,0.0,0.0,0.0,0.0,0.0,0.0,0.0,0.0,0.0,0.0
2017-05-29 06:13:00+02:00,0.0,0.0,0.0,0.0,0.0,0.0,0.0,0.0,0.0,0.0,0.0,0.0,0.0,0.0,0.0,0.0,0.0,0.0,0.0,0.0,0.0,0.0,0.0,0.0,0.0,0.0,0.0,0.0,0.0,0.0,0.0,0.0,0.0,0.0,0.0,0.0,0.0,0.0,0.0,0.0,0.0,0.0,0.0,0.0,0.0,0.0,0.0,0.0,0.0,0.0,0.0,0.0,0.0,0.0,0.0,0.0,0.0,0.0,0.0,0.0,0.0,0.0,0.0,0.0,0.0,0.0,0.0,0.0,0.0,0.0,0.0,0.0,0.0,0.0,0.0,0.0,0.0,0.0,0.0,0.0,0.0,0.0,0.0,0.0,0.0,0.0,0.0,0.0,0.0,0.0,0.0,0.0,0.0,0.0,0.0,0.0,0.0,0.0,0.0,0.0,0.0,0.0,0.0,0.0,0.0,0.0,0.0,0.0,0.0,0.0,0.0,0.0,0.0,0.0,0.0,0.0,0.0,0.0
2017-05-29 06:14:00+02:00,0.0,0.0,0.0,0.0,0.0,0.0,0.0,0.0,0.0,0.0,0.0,0.0,0.0,0.0,0.0,0.0,0.0,0.0,0.0,0.0,0.0,0.0,0.0,0.0,0.0,0.0,0.0,0.0,0.0,0.0,0.0,0.0,0.0,0.0,0.0,0.0,0.0,0.0,0.0,0.0,0.0,0.0,0.0,0.0,0.0,0.0,0.0,0.0,0.0,0.0,0.0,0.0,0.0,0.0,0.0,0.0,0.0,0.0,0.0,0.0,0.0,0.0,0.0,0.0,0.0,0.0,0.0,0.0,0.0,0.0,0.0,0.0,0.0,0.0,0.0,0.0,0.0,0.0,0.0,0.0,0.0,0.0,0.0,0.0,0.0,0.0,0.0,0.0,0.0,0.0,0.0,0.0,0.0,0.0,0.0,0.0,0.0,0.0,0.0,0.0,0.0,0.0,0.0,0.0,0.0,0.0,0.0,0.0,0.0,0.0,0.0,0.0,0.0,0.0,0.0,0.0,0.0,0.0
2017-05-29 06:15:00+02:00,0.0,0.0,0.0,0.0,0.0,0.0,0.0,0.0,0.0,0.0,0.0,0.0,0.0,0.0,0.0,0.0,0.0,0.0,0.0,0.0,0.0,0.0,0.0,0.0,0.0,0.0,0.0,0.0,0.0,0.0,0.0,0.0,0.0,0.0,0.0,0.0,0.0,0.0,0.0,0.0,0.0,0.0,0.0,0.0,0.0,0.0,0.0,0.0,0.0,0.0,0.0,0.0,0.0,0.0,0.0,0.0,0.0,0.0,0.0,0.0,0.0,0.0,0.0,0.0,0.0,0.0,0.0,0.0,0.0,0.0,0.0,0.0,0.0,0.0,0.0,0.0,0.0,0.0,0.0,0.0,0.0,0.0,0.0,0.0,0.0,0.0,0.0,0.0,0.0,0.0,0.0,0.0,0.0,0.0,0.0,0.0,0.0,0.0,0.0,0.0,0.0,0.0,0.0,0.0,0.0,0.0,0.0,0.0,0.0,0.0,0.0,0.0,0.0,0.0,0.0,0.0,0.0,0.0
2017-05-29 06:16:00+02:00,0.0,0.0,0.0,0.0,0.0,0.0,0.0,0.0,0.0,0.0,0.0,0.0,0.0,0.0,0.0,0.0,0.0,0.0,0.0,0.0,0.0,0.0,0.0,0.0,0.0,0.0,0.0,0.0,0.0,0.0,0.0,0.0,0.0,0.0,0.0,0.0,0.0,0.0,0.0,0.0,0.0,0.0,0.0,0.0,0.0,0.0,0.0,0.0,0.0,0.0,0.0,0.0,0.0,0.0,0.0,0.0,0.0,0.0,0.0,0.0,0.0,0.0,0.0,0.0,0.0,0.0,0.0,0.0,0.0,0.0,0.0,0.0,0.0,0.0,0.0,0.0,0.0,0.0,0.0,0.0,0.0,0.0,0.0,0.0,0.0,0.0,0.0,0.0,0.0,0.0,0.0,0.0,0.0,0.0,0.0,0.0,0.0,0.0,0.0,0.0,0.0,0.0,0.0,0.0,0.0,0.0,0.0,0.0,0.0,0.0,0.0,0.0,0.0,0.0,0.0,0.0,0.0,0.0
2017-05-29 06:17:00+02:00,0.0,0.0,0.0,0.0,0.0,0.0,0.0,0.0,0.0,0.0,0.0,0.0,0.0,0.0,0.0,0.0,0.0,0.0,0.0,0.0,0.0,0.0,0.0,0.0,0.0,0.0,0.0,0.0,0.0,0.0,0.0,0.0,0.0,0.0,0.0,0.0,0.0,0.0,0.0,0.0,0.0,0.0,0.0,0.0,0.0,0.0,0.0,0.0,0.0,0.0,0.0,0.0,0.0,0.0,0.0,0.0,0.0,0.0,0.0,0.0,0.0,0.0,0.0,0.0,0.0,0.0,0.0,0.0,0.0,0.0,0.0,0.0,0.0,0.0,0.0,0.0,0.0,0.0,0.0,0.0,0.0,0.0,0.0,0.0,0.0,0.0,0.0,0.0,0.0,0.0,0.0,0.0,0.0,0.0,0.0,0.0,0.0,0.0,0.0,0.0,0.0,0.0,0.0,0.0,0.0,0.0,0.0,0.0,0.0,0.0,0.0,0.0,0.0,0.0,0.0,0.0,0.0,0.0
2017-05-29 06:18:00+02:00,0.0,0.0,0.0,0.0,0.0,0.0,0.0,0.0,0.0,0.0,0.0,0.0,0.0,0.0,0.0,0.0,0.0,0.0,0.0,0.0,0.0,0.0,0.0,0.0,0.0,0.0,0.0,0.0,0.0,0.0,0.0,0.0,0.0,0.0,0.0,0.0,0.0,0.0,0.0,0.0,0.0,0.0,0.0,0.0,0.0,0.0,0.0,0.0,0.0,0.0,0.0,0.0,0.0,0.0,0.0,0.0,0.0,0.0,0.0,0.0,0.0,0.0,0.0,0.0,0.0,0.0,0.0,0.0,0.0,0.0,0.0,0.0,0.0,0.0,0.0,0.0,0.0,0.0,0.0,0.0,0.0,0.0,0.0,0.0,0.0,0.0,0.0,0.0,0.0,0.0,0.0,0.0,0.0,0.0,0.0,0.0,0.0,0.0,0.0,0.0,0.0,0.0,0.0,0.0,0.0,0.0,0.0,0.0,0.0,0.0,0.0,0.0,0.0,0.0,0.0,0.0,0.0,0.0
2017-05-29 06:19:00+02:00,0.0,0.0,0.0,0.0,0.0,0.0,0.0,0.0,0.0,0.0,0.0,0.0,0.0,0.0,0.0,0.0,0.0,0.0,0.0,0.0,0.0,0.0,0.0,0.0,0.0,0.0,0.0,0.0,0.0,0.0,0.0,0.0,0.0,0.0,0.0,0.0,0.0,0.0,0.0,0.0,0.0,0.0,0.0,0.0,0.0,0.0,0.0,0.0,0.0,0.0,0.0,0.0,0.0,0.0,0.0,0.0,0.0,0.0,0.0,0.0,0.0,0.0,0.0,0.0,0.0,0.0,0.0,0.0,0.0,0.0,0.0,0.0,0.0,0.0,0.0,0.0,0.0,0.0,0.0,0.0,0.0,0.0,0.0,0.0,0.0,0.0,0.0,0.0,0.0,0.0,0.0,0.0,0.0,0.0,0.0,0.0,0.0,0.0,0.0,0.0,0.0,0.0,0.0,0.0,0.0,0.0,0.0,0.0,0.0,0.0,0.0,0.0,0.0,0.0,0.0,0.0,0.0,0.0
2017-05-29 06:20:00+02:00,0.0,0.0,0.0,0.0,0.0,0.0,0.0,0.0,0.0,0.0,0.0,0.0,0.0,0.0,0.0,0.0,0.0,0.0,0.0,0.0,0.0,0.0,0.0,0.0,0.0,0.0,0.0,0.0,0.0,0.0,0.0,0.0,0.0,0.0,0.0,0.0,0.0,0.0,0.0,0.0,0.0,0.0,0.0,0.0,0.0,0.0,0.0,0.0,0.0,0.0,0.0,0.0,0.0,0.0,0.0,0.0,0.0,0.0,0.0,0.0,0.0,0.0,0.0,0.0,0.0,0.0,0.0,0.0,0.0,0.0,0.0,0.0,0.0,0.0,0.0,0.0,0.0,0.0,0.0,0.0,0.0,0.0,0.0,0.0,0.0,0.0,0.0,0.0,0.0,0.0,0.0,0.0,0.0,0.0,0.0,0.0,0.0,0.0,0.0,0.0,0.0,0.0,0.0,0.0,0.0,0.0,0.0,0.0,0.0,0.0,0.0,0.0,0.0,0.0,0.0,0.0,0.0,0.0
2017-05-29 06:21:00+02:00,0.0,0.0,0.0,0.0,0.0,0.0,0.0,0.0,0.0,0.0,0.0,0.0,0.0,0.0,0.0,0.0,0.0,0.0,0.0,0.0,0.0,0.0,0.0,0.0,0.0,-4e-06,0.0,0.0,0.0,0.0,0.0,0.0,0.0,0.0,0.0,0.0,0.0,0.0,0.0,0.0,0.0,0.0,0.0,0.0,0.0,0.0,0.0,0.0,0.0,0.0,0.0,0.0,0.0,0.0,0.0,0.0,0.0,0.0,0.0,0.0,0.0,0.0,0.0,0.0,0.0,0.0,0.0,0.0,0.0,0.0,0.0,0.0,0.0,0.0,0.0,0.0,0.0,0.0,0.0,0.0,0.0,0.0,0.0,0.0,0.0,0.0,0.0,0.0,0.0,0.0,0.0,0.0,0.0,0.0,0.0,0.0,-7e-06,-7e-06,0.0,0.0,0.0,0.0,0.0,0.0,0.0,0.0,0.0,0.0,0.0,-7e-06,0.0,0.0,0.0,0.0,0.0,0.0,0.0,0.0
2017-05-29 06:22:00+02:00,0.0,0.0,0.0,0.0,0.0,0.0,0.0,0.0,0.0,0.0,0.0,0.0,0.0,0.0,0.0,0.0,0.0,0.0,0.0,0.0,0.0,0.0,0.0,0.0,0.0,-1.8e-05,0.0,0.0,0.0,0.0,0.0,0.0,0.0,0.0,0.0,0.0,0.0,0.0,0.0,0.0,0.0,0.0,0.0,0.0,0.0,0.0,0.0,0.0,0.0,0.0,0.0,0.0,0.0,0.0,0.0,0.0,0.0,0.0,0.0,0.0,0.0,0.0,0.0,0.0,0.0,-2e-06,0.0,0.0,0.0,0.0,0.0,0.0,0.0,0.0,0.0,0.0,0.0,0.0,0.0,0.0,0.0,0.0,0.0,0.0,0.0,0.0,0.0,0.0,0.0,0.0,0.0,-1e-06,0.0,0.0,0.0,0.0,-2.3e-05,-2.4e-05,0.0,0.0,0.0,0.0,0.0,0.0,0.0,0.0,0.0,0.0,0.0,-2.4e-05,0.0,0.0,0.0,0.0,0.0,0.0,0.0,0.0
2017-05-29 06:23:00+02:00,0.0,0.0,0.0,0.0,0.0,0.0,0.0,0.0,0.0,0.0,0.0,0.0,-1e-06,0.0,0.0,-1e-06,0.0,0.0,0.0,0.0,0.0,0.0,0.0,0.0,0.0,-3.6e-05,0.0,0.0,0.0,0.0,0.0,0.0,0.0,0.0,0.0,0.0,0.0,0.0,0.0,0.0,0.0,0.0,0.0,0.0,0.0,0.0,0.0,0.0,0.0,0.0,0.0,0.0,-0.0,-1e-06,0.0,0.0,0.0,0.0,0.0,0.0,0.0,0.0,0.0,0.0,0.0,-1e-05,0.0,0.0,0.0,0.0,0.0,0.0,0.0,0.0,0.0,0.0,0.0,0.0,0.0,0.0,-0.0,0.0,0.0,0.0,0.0,0.0,0.0,0.0,0.0,0.0,0.0,-3e-06,-0.0,0.0,0.0,0.0,-4.3e-05,-4.4e-05,0.0,0.0,0.0,0.0,0.0,0.0,0.0,-5e-06,-0.0,0.0,0.0,-4.4e-05,0.0,0.0,0.0,0.0,0.0,0.0,0.0,0.0
2017-05-29 06:24:00+02:00,0.0,0.0,0.0,0.0,0.0,0.0,0.0,0.0,0.0,0.0,0.0,0.0,-2e-06,-0.0,0.0,-8e-06,0.0,0.0,0.0,0.0,0.0,0.0,0.0,0.0,0.0,-5.8e-05,0.0,0.0,0.0,0.0,0.0,0.0,0.0,0.0,0.0,0.0,0.0,0.0,0.0,0.0,0.0,0.0,0.0,0.0,0.0,0.0,0.0,0.0,0.0,0.0,0.0,0.0,-1e-06,-2e-06,0.0,0.0,0.0,0.0,0.0,0.0,0.0,0.0,0.0,0.0,0.0,-2.3e-05,0.0,0.0,0.0,0.0,0.0,0.0,0.0,0.0,0.0,0.0,0.0,0.0,0.0,0.0,-1e-06,0.0,0.0,0.0,0.0,0.0,-3e-06,0.0,0.0,0.0,0.0,-6e-06,-1e-06,0.0,0.0,0.0,-6.7e-05,-6.8e-05,0.0,0.0,0.0,0.0,0.0,0.0,0.0,-1.7e-05,-2e-06,0.0,0.0,-6.8e-05,0.0,0.0,0.0,0.0,0.0,0.0,0.0,-1e-06
2017-05-29 06:25:00+02:00,0.0,0.0,0.0,0.0,0.0,0.0,0.0,0.0,0.0,0.0,0.0,0.0,-7e-06,-3e-06,0.0,-3.6e-05,0.0,0.0,0.0,0.0,0.0,0.0,0.0,0.0,0.0,-0.0001,0.0,0.0,0.0,0.0,0.0,0.0,0.0,0.0,-1e-06,0.0,0.0,0.0,0.0,-1e-05,0.0,0.0,0.0,0.0,0.0,0.0,0.0,0.0,0.0,0.0,0.0,0.0,-5e-06,-7e-06,0.0,0.0,0.0,0.0,0.0,0.0,0.0,-2e-06,0.0,0.0,0.0,-5.7e-05,0.0,0.0,0.0,0.0,0.0,0.0,0.0,0.0,-3e-06,0.0,0.0,0.0,0.0,0.0,-5e-06,0.0,0.0,-2e-06,0.0,0.0,-1.6e-05,0.0,0.0,0.0,0.0,-1.1e-05,-5e-06,0.0,-1e-06,0.0,-0.00011,-0.000112,0.0,0.0,0.0,-1.2e-05,0.0,0.0,0.0,-4.7e-05,-6e-06,0.0,-5e-06,-0.000112,0.0,0.0,0.0,0.0,0.0,0.0,0.0,-4e-06
2017-05-29 06:26:00+02:00,0.0,0.0,0.0,-1.2e-05,0.0,0.0,0.0,0.0,-3e-06,0.0,0.0,0.0,-1.2e-05,-8e-06,0.0,-7.7e-05,0.0,0.0,0.0,-1.3e-05,0.0,-1.1e-05,0.0,0.0,-1e-05,-0.000154,0.0,0.0,0.0,0.0,0.0,-1e-06,0.0,-0.0,-5e-06,0.0,0.0,0.0,0.0,-3.4e-05,0.0,0.0,0.0,0.0,0.0,0.0,0.0,0.0,0.0,0.0,0.0,0.0,-1.1e-05,-1.2e-05,0.0,0.0,0.0,0.0,0.0,0.0,0.0,-1.8e-05,-3e-06,0.0,0.0,-0.000103,0.0,0.0,0.0,0.0,0.0,0.0,0.0,-1e-06,-7e-06,0.0,0.0,0.0,0.0,0.0,-1.1e-05,0.0,0.0,-1.6e-05,0.0,0.0,-3.4e-05,0.0,0.0,0.0,0.0,-1.8e-05,-1.1e-05,0.0,-3e-06,0.0,-0.000166,-0.000168,0.0,-6e-06,0.0,-3.9e-05,0.0,0.0,0.0,-8.9e-05,-1.2e-05,0.0,-2.6e-05,-0.000169,0.0,0.0,0.0,0.0,0.0,0.0,0.0,-1e-05
2017-05-29 06:27:00+02:00,0.0,0.0,0.0,-2.8e-05,0.0,0.0,0.0,0.0,-9e-06,0.0,0.0,0.0,-1.9e-05,-1.4e-05,0.0,-0.000119,0.0,0.0,0.0,-3e-05,0.0,-2.6e-05,0.0,0.0,-2.5e-05,-0.000207,0.0,0.0,0.0,0.0,0.0,-3e-06,0.0,-2e-06,-9e-06,0.0,0.0,0.0,0.0,-6.5e-05,0.0,0.0,0.0,0.0,0.0,0.0,0.0,0.0,0.0,0.0,0.0,-1e-06,-1.7e-05,-1.9e-05,0.0,0.0,0.0,0.0,0.0,0.0,-1e-06,-4.2e-05,-1.2e-05,0.0,0.0,-0.00015,0.0,-1e-06,0.0,0.0,0.0,0.0,0.0,-3e-06,-1.2e-05,0.0,0.0,0.0,0.0,0.0,-1.7e-05,0.0,0.0,-3.7e-05,0.0,0.0,-5.5e-05,0.0,0.0,0.0,0.0,-2.5e-05,-1.7e-05,0.0,-7e-06,0.0,-0.000221,-0.000224,0.0,-2e-05,0.0,-6.8e-05,0.0,0.0,0.0,-0.000135,-1.8e-05,0.0,-5.2e-05,-0.000224,0.0,0.0,0.0,0.0,0.0,0.0,0.0,-1.6e-05
2017-05-29 06:28:00+02:00,0.0,0.0,0.0,-4.7e-05,0.0,0.0,0.0,0.0,-1.6e-05,0.0,0.0,0.0,-2.6e-05,-2e-05,0.0,-0.000162,0.0,0.0,0.0,-5.1e-05,0.0,-4.5e-05,0.0,0.0,-4.4e-05,-0.000259,0.0,0.0,0.0,0.0,0.0,-7e-06,0.0,-4e-06,-1.4e-05,0.0,0.0,0.0,0.0,-9.9e-05,0.0,0.0,0.0,0.0,0.0,0.0,0.0,-2e-06,0.0,0.0,0.0,-2e-06,-2.3e-05,-2.6e-05,0.0,0.0,0.0,0.0,0.0,0.0,-2e-06,-7e-05,-2.7e-05,0.0,0.0,-0.000197,0.0,-6e-06,0.0,0.0,0.0,0.0,0.0,-5e-06,-1.8e-05,0.0,0.0,0.0,0.0,0.0,-2.4e-05,0.0,0.0,-6.1e-05,0.0,0.0,-7.6e-05,0.0,0.0,0.0,0.0,-3.2e-05,-2.3e-05,0.0,-1.1e-05,0.0,-0.000274,-0.000277,0.0,-4.1e-05,0.0,-0.0001,0.0,0.0,0.0,-0.000183,-2.5e-05,0.0,-8e-05,-0.000278,0.0,0.0,0.0,0.0,0.0,0.0,-7e-06,-2.2e-05
2017-05-29 06:29:00+02:00,0.0,0.0,0.0,-6.5e-05,0.0,0.0,0.0,0.0,-2.3e-05,0.0,0.0,0.0,-3.2e-05,-2.5e-05,0.0,-0.000199,0.0,0.0,0.0,-7.1e-05,0.0,-6.3e-05,0.0,0.0,-6.2e-05,-0.000305,0.0,0.0,0.0,0.0,0.0,-1e-05,0.0,-7e-06,-1.8e-05,0.0,0.0,0.0,0.0,-0.00013,0.0,0.0,0.0,0.0,0.0,0.0,0.0,-5e-06,0.0,0.0,0.0,-4e-06,-2.9e-05,-3.2e-05,0.0,0.0,0.0,0.0,0.0,0.0,-4e-06,-9.5e-05,-4e-05,0.0,0.0,-0.000237,0.0,-1e-05,0.0,0.0,0.0,0.0,0.0,-8e-06,-2.3e-05,0.0,0.0,0.0,0.0,0.0,-2.9e-05,0.0,0.0,-8.3e-05,0.0,0.0,-9.6e-05,0.0,0.0,0.0,0.0,-3.9e-05,-2.9e-05,0.0,-1.4e-05,0.0,-0.000321,-0.000324,0.0,-6.2e-05,0.0,-0.000128,0.0,0.0,0.0,-0.000225,-3.1e-05,0.0,-0.000106,-0.000325,0.0,0.0,0.0,0.0,0.0,0.0,-1.4e-05,-2.8e-05
2017-05-29 06:30:00+02:00,0.0,0.0,0.0,-8.1e-05,0.0,0.0,0.0,0.0,-2.9e-05,0.0,0.0,0.0,-3.8e-05,-3e-05,0.0,-0.000233,0.0,0.0,0.0,-9.1e-05,0.0,-8.2e-05,0.0,0.0,-8e-05,-0.000346,0.0,0.0,0.0,0.0,0.0,-1.3e-05,0.0,-9e-06,-2.2e-05,0.0,0.0,0.0,0.0,-0.000158,0.0,0.0,0.0,0.0,0.0,0.0,0.0,-9e-06,0.0,0.0,0.0,-6e-06,-3.4e-05,-3.8e-05,0.0,0.0,0.0,0.0,0.0,0.0,-6e-06,-0.000119,-5.3e-05,0.0,0.0,-0.000274,0.0,-1.5e-05,0.0,0.0,0.0,0.0,0.0,-1e-05,-2.8e-05,0.0,0.0,0.0,0.0,0.0,-3.4e-05,0.0,0.0,-0.000103,0.0,0.0,-0.000113,0.0,0.0,0.0,0.0,-4.5e-05,-3.5e-05,0.0,-1.8e-05,0.0,-0.000362,-0.000366,0.0,-8.1e-05,0.0,-0.000153,0.0,0.0,0.0,-0.000263,-3.6e-05,-0.0,-0.00013,-0.000367,0.0,0.0,0.0,0.0,0.0,0.0,-2.2e-05,-3.3e-05
2017-05-29 06:31:00+02:00,0.0,0.0,0.0,-0.000103,0.0,0.0,0.0,0.0,-3.7e-05,0.0,0.0,0.0,-4.4e-05,-3.6e-05,0.0,-0.000271,0.0,0.0,0.0,-0.000116,0.0,-0.000105,0.0,0.0,-0.000101,-0.00039,0.0,0.0,0.0,0.0,0.0,-1.7e-05,0.0,-1.3e-05,-2.7e-05,0.0,0.0,0.0,0.0,-0.000192,0.0,0.0,0.0,0.0,0.0,0.0,-3e-06,-1.5e-05,0.0,0.0,0.0,-9e-06,-4e-05,-4.4e-05,0.0,0.0,0.0,0.0,0.0,0.0,-9e-06,-0.000148,-7.2e-05,0.0,0.0,-0.000315,0.0,-2.2e-05,0.0,0.0,0.0,0.0,0.0,-1.4e-05,-3.3e-05,0.0,0.0,0.0,0.0,0.0,-4e-05,0.0,0.0,-0.000128,0.0,0.0,-0.000133,0.0,0.0,0.0,0.0,-5.1e-05,-4.1e-05,0.0,-2.2e-05,0.0,-0.000408,-0.000412,0.0,-0.000107,0.0,-0.000183,0.0,0.0,0.0,-0.000305,-4.3e-05,-9e-06,-0.000159,-0.000413,0.0,0.0,0.0,0.0,0.0,0.0,-3.8e-05,-3.9e-05
2017-05-29 06:32:00+02:00,0.0,0.0,0.0,-0.000125,0.0,0.0,0.0,0.0,-4.5e-05,0.0,0.0,0.0,-5e-05,-4.1e-05,0.0,-0.000309,0.0,0.0,0.0,-0.000143,0.0,-0.00013,0.0,0.0,-0.000122,-0.000435,0.0,0.0,0.0,0.0,0.0,-2.1e-05,0.0,-1.6e-05,-3.2e-05,0.0,0.0,0.0,0.0,-0.000223,0.0,0.0,0.0,0.0,0.0,0.0,-8e-06,-2.2e-05,0.0,0.0,0.0,-1.2e-05,-4.5e-05,-5e-05,0.0,0.0,0.0,0.0,0.0,0.0,-1.2e-05,-0.000175,-9.3e-05,0.0,0.0,-0.000356,0.0,-3e-05,0.0,0.0,0.0,0.0,0.0,-1.7e-05,-3.8e-05,0.0,0.0,0.0,0.0,0.0,-4.6e-05,0.0,0.0,-0.000152,0.0,0.0,-0.000151,0.0,0.0,0.0,0.0,-5.8e-05,-4.7e-05,0.0,-2.6e-05,0.0,-0.000453,-0.000458,0.0,-0.000132,0.0,-0.000214,0.0,0.0,0.0,-0.000344,-4.8e-05,-1.9e-05,-0.000189,-0.000459,0.0,0.0,0.0,0.0,0.0,0.0,-5.7e-05,-4.5e-05
2017-05-29 06:33:00+02:00,0.0,0.0,0.0,-0.00015,0.0,0.0,0.0,0.0,-5.5e-05,0.0,0.0,0.0,-5.6e-05,-4.7e-05,0.0,-0.000349,0.0,0.0,0.0,-0.000174,0.0,-0.000158,0.0,0.0,-0.000147,-0.000481,0.0,0.0,0.0,0.0,0.0,-2.5e-05,0.0,-2e-05,-3.7e-05,0.0,0.0,0.0,0.0,-0.00026,0.0,0.0,0.0,0.0,0.0,0.0,-1.5e-05,-3.1e-05,0.0,0.0,0.0,-1.6e-05,-5.1e-05,-5.6e-05,0.0,0.0,0.0,0.0,0.0,0.0,-1.6e-05,-0.000207,-0.000117,0.0,0.0,-0.000398,0.0,-4e-05,0.0,0.0,0.0,0.0,0.0,-2.2e-05,-4.4e-05,0.0,0.0,0.0,0.0,0.0,-5.3e-05,0.0,0.0,-0.00018,0.0,0.0,-0.000172,0.0,0.0,0.0,0.0,-6.4e-05,-5.3e-05,0.0,-3.1e-05,0.0,-0.0005,-0.000506,0.0,-0.000163,0.0,-0.000247,0.0,0.0,0.0,-0.000388,-5.5e-05,-3.8e-05,-0.000222,-0.000507,0.0,0.0,0.0,0.0,0.0,0.0,-7.9e-05,-5.1e-05
2017-05-29 06:34:00+02:00,0.0,0.0,0.0,-0.000176,0.0,0.0,0.0,0.0,-6.5e-05,0.0,0.0,0.0,-6.3e-05,-5.4e-05,0.0,-0.00039,0.0,0.0,0.0,-0.000208,0.0,-0.00019,0.0,0.0,-0.000171,-0.000527,0.0,0.0,0.0,0.0,0.0,-3e-05,0.0,-2.5e-05,-4.3e-05,0.0,0.0,0.0,0.0,-0.000297,0.0,0.0,0.0,0.0,0.0,0.0,-2.5e-05,-4.2e-05,-1e-06,0.0,0.0,-2e-05,-5.8e-05,-6.3e-05,0.0,0.0,0.0,0.0,0.0,0.0,-2e-05,-0.000239,-0.000143,0.0,0.0,-0.000441,0.0,-5.1e-05,0.0,0.0,0.0,0.0,0.0,-2.6e-05,-5e-05,0.0,0.0,0.0,0.0,0.0,-5.9e-05,0.0,-1e-06,-0.000208,0.0,0.0,-0.000193,0.0,0.0,0.0,0.0,-7.1e-05,-5.9e-05,0.0,-3.6e-05,0.0,-0.000545,-0.000553,0.0,-0.000194,0.0,-0.000281,0.0,0.0,0.0,-0.00043,-6.1e-05,-5.9e-05,-0.000257,-0.000554,0.0,0.0,0.0,0.0,0.0,0.0,-0.000104,-5.8e-05
2017-05-29 06:35:00+02:00,0.0,0.0,0.0,-0.000195,0.0,0.0,0.0,0.0,-7.3e-05,0.0,0.0,0.0,-6.8e-05,-5.8e-05,0.0,-0.000419,0.0,0.0,0.0,-0.000232,0.0,-0.000212,0.0,0.0,-0.00019,-0.00056,0.0,0.0,0.0,0.0,0.0,-3.4e-05,0.0,-2.8e-05,-4.7e-05,0.0,0.0,0.0,0.0,-0.000326,0.0,0.0,0.0,0.0,0.0,0.0,-3.1e-05,-5e-05,-1e-06,0.0,0.0,-2.3e-05,-6.2e-05,-6.8e-05,0.0,0.0,0.0,0.0,0.0,0.0,-2.4e-05,-0.000264,-0.00016,0.0,0.0,-0.000471,0.0,-5.9e-05,0.0,0.0,0.0,0.0,0.0,-3e-05,-5.5e-05,0.0,0.0,0.0,0.0,0.0,-6.4e-05,0.0,-1e-06,-0.00023,0.0,0.0,-0.000209,0.0,0.0,0.0,0.0,-7.6e-05,-6.4e-05,0.0,-4e-05,0.0,-0.000578,-0.000588,0.0,-0.000218,0.0,-0.000305,0.0,0.0,0.0,-0.000464,-6.6e-05,-7.4e-05,-0.000282,-0.000589,0.0,0.0,0.0,0.0,0.0,0.0,-0.000121,-6.3e-05
2017-05-29 06:36:00+02:00,0.0,0.0,0.0,-0.000212,0.0,0.0,0.0,0.0,-8.1e-05,0.0,0.0,0.0,-7.3e-05,-6.3e-05,0.0,-0.000446,0.0,0.0,0.0,-0.000257,0.0,-0.000234,0.0,0.0,-0.00021,-0.00059,0.0,0.0,0.0,0.0,0.0,-3.8e-05,0.0,-3.1e-05,-5.1e-05,0.0,0.0,0.0,0.0,-0.000356,0.0,0.0,0.0,0.0,0.0,0.0,-3.8e-05,-5.8e-05,-2e-06,0.0,0.0,-2.6e-05,-6.6e-05,-7.3e-05,0.0,0.0,0.0,0.0,0.0,0.0,-2.7e-05,-0.000289,-0.000178,0.0,0.0,-0.0005,0.0,-6.8e-05,0.0,0.0,0.0,0.0,0.0,-3.3e-05,-5.9e-05,0.0,0.0,0.0,0.0,0.0,-6.9e-05,0.0,-1e-06,-0.000252,0.0,0.0,-0.000226,0.0,0.0,0.0,0.0,-8.1e-05,-6.9e-05,0.0,-4.3e-05,0.0,-0.000609,-0.000621,0.0,-0.000243,0.0,-0.000328,0.0,0.0,0.0,-0.000497,-7.2e-05,-9.1e-05,-0.000305,-0.000622,0.0,0.0,0.0,0.0,0.0,0.0,-0.000138,-6.9e-05
2017-05-29 06:37:00+02:00,0.0,0.0,0.0,-0.000228,0.0,0.0,0.0,0.0,-8.9e-05,0.0,0.0,0.0,-7.8e-05,-6.8e-05,-0.0,-0.000468,0.0,0.0,0.0,-0.000281,0.0,-0.000256,0.0,0.0,-0.000228,-0.000615,0.0,0.0,0.0,0.0,0.0,-4.1e-05,0.0,-3.5e-05,-5.5e-05,0.0,0.0,0.0,0.0,-0.000382,0.0,0.0,0.0,0.0,0.0,0.0,-4.4e-05,-6.6e-05,-4e-06,0.0,0.0,-2.9e-05,-7e-05,-7.8e-05,0.0,0.0,0.0,0.0,0.0,0.0,-3.1e-05,-0.000312,-0.000193,0.0,0.0,-0.000523,0.0,-7.7e-05,0.0,0.0,0.0,0.0,0.0,-3.7e-05,-6.4e-05,0.0,0.0,0.0,0.0,0.0,-7.3e-05,0.0,-3e-06,-0.000273,0.0,0.0,-0.000241,0.0,0.0,0.0,0.0,-8.5e-05,-7.4e-05,0.0,-4.6e-05,0.0,-0.000633,-0.000647,0.0,-0.000266,0.0,-0.000348,0.0,0.0,0.0,-0.000527,-7.6e-05,-0.000107,-0.000326,-0.000649,0.0,0.0,0.0,0.0,0.0,0.0,-0.000153,-7.4e-05
2017-05-29 06:38:00+02:00,0.0,0.0,0.0,-0.000239,0.0,0.0,0.0,0.0,-9.4e-05,0.0,0.0,0.0,-8.2e-05,-7.1e-05,-0.0,-0.000486,0.0,0.0,0.0,-0.000299,0.0,-0.000273,0.0,0.0,-0.000241,-0.000635,0.0,0.0,0.0,0.0,0.0,-4.3e-05,0.0,-3.7e-05,-5.8e-05,0.0,0.0,0.0,0.0,-0.000402,0.0,0.0,0.0,0.0,0.0,0.0,-4.7e-05,-7.2e-05,-4e-06,0.0,0.0,-3.2e-05,-7.3e-05,-8.1e-05,0.0,0.0,0.0,0.0,0.0,0.0,-3.3e-05,-0.000329,-0.000203,0.0,0.0,-0.000542,0.0,-8.3e-05,0.0,0.0,0.0,0.0,0.0,-3.9e-05,-6.6e-05,0.0,0.0,0.0,0.0,0.0,-7.6e-05,0.0,-2e-06,-0.000287,0.0,0.0,-0.000253,0.0,0.0,0.0,0.0,-8.8e-05,-7.7e-05,0.0,-4.8e-05,0.0,-0.000652,-0.000669,0.0,-0.000282,0.0,-0.000362,0.0,0.0,0.0,-0.000549,-7.9e-05,-0.000117,-0.000341,-0.000671,0.0,0.0,0.0,0.0,0.0,0.0,-0.000162,-7.8e-05
2017-05-29 06:39:00+02:00,0.0,0.0,0.0,-0.000264,0.0,0.0,0.0,-0.0,-0.000105,0.0,0.0,0.0,-8.7e-05,-7.6e-05,-2e-06,-0.000521,0.0,0.0,0.0,-0.000332,0.0,-0.000303,-0.0,0.0,-0.000266,-0.000675,0.0,0.0,-2e-06,0.0,0.0,-4.8e-05,0.0,-4.1e-05,-6.3e-05,0.0,0.0,0.0,0.0,-0.000437,0.0,0.0,0.0,0.0,0.0,-4e-06,-5.8e-05,-8.3e-05,-8e-06,0.0,0.0,-3.6e-05,-7.7e-05,-8.7e-05,0.0,0.0,0.0,0.0,0.0,0.0,-3.8e-05,-0.00036,-0.000228,0.0,0.0,-0.000579,0.0,-9.5e-05,0.0,0.0,0.0,0.0,0.0,-4.3e-05,-7.1e-05,0.0,0.0,0.0,0.0,0.0,-8.2e-05,0.0,-1.5e-05,-0.000315,0.0,0.0,-0.000274,0.0,0.0,0.0,0.0,-9.3e-05,-8.2e-05,0.0,-5.3e-05,0.0,-0.000691,-0.000709,0.0,-0.000314,0.0,-0.000394,-2e-06,0.0,0.0,-0.000588,-8.5e-05,-0.000141,-0.000374,-0.000713,0.0,0.0,0.0,0.0,0.0,-1e-06,-0.000187,-8.4e-05
2017-05-29 06:40:00+02:00,0.0,0.0,0.0,-0.000296,0.0,0.0,0.0,-6e-06,-0.000119,0.0,0.0,0.0,-9.4e-05,-8.2e-05,-5e-06,-0.000565,0.0,0.0,0.0,-0.000359,0.0,-0.000328,-1.2e-05,0.0,-0.000297,-0.000722,-3e-06,0.0,-8e-06,0.0,0.0,-5.4e-05,0.0,-4.6e-05,-6.9e-05,0.0,0.0,-6e-06,0.0,-0.000482,-1e-06,0.0,0.0,0.0,0.0,-1.9e-05,-7.4e-05,-9.3e-05,-1.6e-05,0.0,0.0,-3.9e-05,-8.4e-05,-9.4e-05,0.0,0.0,0.0,0.0,0.0,0.0,-4.1e-05,-0.0004,-0.000261,0.0,0.0,-0.000624,0.0,-0.000105,0.0,0.0,-0.0,0.0,0.0,-4.7e-05,-7.8e-05,0.0,0.0,0.0,0.0,0.0,-8.9e-05,0.0,-3.5e-05,-0.00035,0.0,0.0,-0.0003,0.0,0.0,0.0,0.0,-0.0001,-8.9e-05,0.0,-5.8e-05,-6e-06,-0.000738,-0.000758,0.0,-0.000354,0.0,-0.000433,-4e-06,0.0,-1e-06,-0.000637,-9.2e-05,-0.000174,-0.000414,-0.000762,-2e-06,-2e-06,0.0,0.0,0.0,-4e-06,-0.000221,-9.2e-05
2017-05-29 06:41:00+02:00,0.0,0.0,0.0,-0.000324,0.0,0.0,0.0,-1.1e-05,-0.000131,0.0,0.0,0.0,-0.000101,-8.9e-05,-8e-06,-0.000603,0.0,0.0,0.0,-0.000395,0.0,-0.000362,-2.3e-05,0.0,-0.000327,-0.000764,-6e-06,0.0,-1.2e-05,0.0,0.0,-5.9e-05,0.0,-5.2e-05,-7.5e-05,0.0,0.0,-1.2e-05,0.0,-0.000524,-2e-06,0.0,-4e-06,0.0,0.0,-3.3e-05,-8.8e-05,-0.000107,-2.3e-05,0.0,0.0,-4.4e-05,-9e-05,-0.000101,0.0,0.0,0.0,0.0,0.0,0.0,-4.7e-05,-0.000437,-0.000289,0.0,0.0,-0.000663,0.0,-0.000119,0.0,0.0,-2e-06,0.0,0.0,-5.2e-05,-8.4e-05,0.0,0.0,0.0,0.0,0.0,-9.6e-05,0.0,-5.3e-05,-0.000384,0.0,0.0,-0.000324,0.0,0.0,0.0,0.0,-0.000106,-9.6e-05,0.0,-6.3e-05,-1.4e-05,-0.000779,-0.000801,0.0,-0.000391,0.0,-0.000467,-1e-05,0.0,-3e-06,-0.000684,-9.9e-05,-0.000205,-0.000449,-0.000806,-3e-06,-5e-06,0.0,0.0,0.0,-1.5e-05,-0.00025,-0.0001
2017-05-29 06:42:00+02:00,0.0,0.0,0.0,-0.000348,0.0,0.0,0.0,-1.6e-05,-0.000143,0.0,0.0,0.0,-0.000107,-9.5e-05,-1.1e-05,-0.000637,0.0,0.0,0.0,-0.000427,0.0,-0.000392,-3.4e-05,0.0,-0.000353,-0.000801,-9e-06,0.0,-1.6e-05,0.0,0.0,-6.4e-05,0.0,-5.6e-05,-8e-05,0.0,0.0,-1.9e-05,0.0,-0.000561,-3e-06,0.0,-8e-06,0.0,0.0,-4.3e-05,-0.0001,-0.000119,-2.9e-05,0.0,0.0,-4.8e-05,-9.4e-05,-0.000107,0.0,0.0,0.0,0.0,0.0,0.0,-5.2e-05,-0.00047,-0.000313,0.0,0.0,-0.000698,0.0,-0.000132,0.0,0.0,-3e-06,0.0,0.0,-5.7e-05,-9e-05,0.0,0.0,0.0,0.0,0.0,-0.000102,0.0,-6.7e-05,-0.000413,0.0,0.0,-0.000347,0.0,0.0,0.0,0.0,-0.000111,-0.000102,0.0,-6.8e-05,-2e-05,-0.000815,-0.000839,0.0,-0.000423,0.0,-0.000496,-1.5e-05,0.0,-4e-06,-0.000725,-0.000105,-0.000231,-0.000479,-0.000845,-5e-06,-7e-06,0.0,0.0,0.0,-2.6e-05,-0.000274,-0.000107
2017-05-29 06:43:00+02:00,0.0,0.0,0.0,-0.000375,0.0,0.0,0.0,-2.4e-05,-0.000156,0.0,0.0,0.0,-0.000113,-0.000101,-1.4e-05,-0.000674,0.0,0.0,0.0,-0.000466,0.0,-0.000428,-5e-05,0.0,-0.000381,-0.000842,-1.6e-05,0.0,-2.2e-05,0.0,0.0,-6.9e-05,0.0,-6.1e-05,-8.6e-05,0.0,0.0,-3.3e-05,0.0,-0.0006,-6e-06,0.0,-2e-05,0.0,0.0,-5.9e-05,-0.000113,-0.000134,-3.7e-05,0.0,0.0,-5.3e-05,-0.0001,-0.000113,0.0,0.0,0.0,0.0,0.0,0.0,-5.8e-05,-0.000506,-0.000341,0.0,0.0,-0.000737,0.0,-0.000148,0.0,0.0,-6e-06,0.0,0.0,-6.2e-05,-9.6e-05,0.0,0.0,0.0,-0.0,0.0,-0.000109,0.0,-8.6e-05,-0.000444,0.0,0.0,-0.000371,0.0,0.0,0.0,0.0,-0.000117,-0.000108,0.0,-7.2e-05,-3.2e-05,-0.000856,-0.000881,0.0,-0.000458,0.0,-0.000529,-2.3e-05,0.0,-7e-06,-0.000769,-0.000111,-0.000259,-0.000513,-0.000887,-7e-06,-1e-05,0.0,0.0,0.0,-4.3e-05,-0.000302,-0.000114
2017-05-29 06:44:00+02:00,0.0,0.0,0.0,-0.000409,0.0,0.0,-1e-06,-3.4e-05,-0.000171,0.0,0.0,0.0,-0.00012,-0.000107,-1.7e-05,-0.000719,0.0,0.0,0.0,-0.000511,0.0,-0.00047,-7.2e-05,0.0,-0.000415,-0.000892,-2.7e-05,0.0,-2.9e-05,0.0,0.0,-7.4e-05,0.0,-6.6e-05,-9.2e-05,0.0,0.0,-5.3e-05,0.0,-0.000647,-9e-06,0.0,-3.8e-05,0.0,0.0,-8.1e-05,-0.00013,-0.000152,-4.6e-05,0.0,0.0,-5.9e-05,-0.000106,-0.00012,0.0,0.0,0.0,0.0,0.0,0.0,-6.5e-05,-0.000549,-0.000374,0.0,0.0,-0.000784,0.0,-0.000166,0.0,0.0,-1e-05,0.0,0.0,-6.8e-05,-0.000102,0.0,0.0,0.0,-9e-06,0.0,-0.000117,0.0,-0.000109,-0.000483,0.0,0.0,-0.0004,0.0,0.0,0.0,0.0,-0.000123,-0.000115,0.0,-7.8e-05,-5.1e-05,-0.000904,-0.000931,0.0,-0.000501,0.0,-0.00057,-3.4e-05,0.0,-1.2e-05,-0.000821,-0.000117,-0.000295,-0.000555,-0.000939,-1.1e-05,-1.6e-05,0.0,0.0,0.0,-6.7e-05,-0.000336,-0.000123
2017-05-29 06:45:00+02:00,0.0,0.0,0.0,-0.000443,0.0,0.0,-5e-06,-4.5e-05,-0.000186,0.0,0.0,0.0,-0.000127,-0.000114,-2.1e-05,-0.000766,0.0,0.0,0.0,-0.000556,0.0,-0.000513,-9.6e-05,0.0,-0.000448,-0.000943,-3.9e-05,0.0,-3.8e-05,0.0,0.0,-8e-05,0.0,-7.2e-05,-9.8e-05,0.0,0.0,-7.7e-05,0.0,-0.000692,-1.3e-05,0.0,-5.9e-05,0.0,0.0,-0.000105,-0.000148,-0.00017,-5.5e-05,0.0,0.0,-6.5e-05,-0.000112,-0.000127,0.0,0.0,0.0,0.0,0.0,0.0,-7.2e-05,-0.000589,-0.000409,0.0,0.0,-0.000832,0.0,-0.000185,0.0,0.0,-1.4e-05,0.0,0.0,-7.4e-05,-0.000108,0.0,0.0,0.0,-2.3e-05,0.0,-0.000125,0.0,-0.000135,-0.000519,0.0,0.0,-0.000427,0.0,0.0,0.0,0.0,-0.00013,-0.000122,0.0,-8.3e-05,-7e-05,-0.000954,-0.000983,0.0,-0.000541,0.0,-0.000611,-4.6e-05,0.0,-1.8e-05,-0.000871,-0.000124,-0.000328,-0.000597,-0.000991,-1.5e-05,-2.3e-05,-1e-06,0.0,0.0,-9.4e-05,-0.000372,-0.000132
2017-05-29 06:46:00+02:00,0.0,0.0,0.0,-0.000477,0.0,0.0,-1.2e-05,-5.8e-05,-0.000202,0.0,0.0,0.0,-0.000134,-0.000121,-2.5e-05,-0.000811,0.0,0.0,0.0,-0.0006,0.0,-0.000555,-0.000122,0.0,-0.000482,-0.000993,-5.3e-05,0.0,-4.7e-05,0.0,0.0,-8.6e-05,0.0,-7.8e-05,-0.000105,0.0,0.0,-0.000103,0.0,-0.000737,-1.7e-05,0.0,-8.2e-05,0.0,0.0,-0.00013,-0.000166,-0.000189,-6.5e-05,0.0,0.0,-7.1e-05,-0.000119,-0.000134,0.0,0.0,0.0,0.0,0.0,0.0,-8e-05,-0.000631,-0.000444,0.0,0.0,-0.000879,0.0,-0.000204,0.0,0.0,-1.8e-05,0.0,0.0,-8e-05,-0.000115,0.0,0.0,0.0,-4.1e-05,0.0,-0.000135,0.0,-0.00016,-0.000556,0.0,0.0,-0.000455,0.0,0.0,0.0,0.0,-0.000137,-0.000129,0.0,-9e-05,-9.2e-05,-0.001003,-0.001033,0.0,-0.000582,0.0,-0.000652,-5.9e-05,0.0,-2.4e-05,-0.000921,-0.000132,-0.000363,-0.000638,-0.001043,-2e-05,-3.1e-05,-2e-06,0.0,0.0,-0.000121,-0.000407,-0.000141
2017-05-29 06:47:00+02:00,0.0,0.0,0.0,-0.00051,0.0,0.0,-1.9e-05,-7e-05,-0.000218,0.0,0.0,0.0,-0.000142,-0.000128,-2.9e-05,-0.000854,0.0,0.0,0.0,-0.000644,0.0,-0.000596,-0.000147,0.0,-0.000516,-0.00104,-6.6e-05,0.0,-5.5e-05,0.0,0.0,-9.2e-05,0.0,-8.4e-05,-0.000111,0.0,0.0,-0.000127,0.0,-0.000782,-2.2e-05,0.0,-0.000104,0.0,0.0,-0.000153,-0.000184,-0.000207,-7.6e-05,0.0,0.0,-7.7e-05,-0.000126,-0.000142,0.0,0.0,0.0,0.0,0.0,0.0,-8.8e-05,-0.000672,-0.000476,0.0,0.0,-0.000924,0.0,-0.000223,0.0,0.0,-2.3e-05,0.0,0.0,-8.7e-05,-0.000123,0.0,0.0,0.0,-5.9e-05,0.0,-0.000144,0.0,-0.000185,-0.000593,0.0,0.0,-0.000483,0.0,0.0,0.0,0.0,-0.000144,-0.000137,0.0,-9.5e-05,-0.000115,-0.001048,-0.001081,0.0,-0.000623,0.0,-0.000691,-7.1e-05,0.0,-3e-05,-0.00097,-0.000139,-0.000397,-0.000678,-0.001091,-2.5e-05,-3.8e-05,-5e-06,0.0,0.0,-0.000148,-0.00044,-0.000151
2017-05-29 06:48:00+02:00,0.0,0.0,0.0,-0.000538,0.0,0.0,-2.5e-05,-8e-05,-0.000233,0.0,0.0,0.0,-0.000149,-0.000135,-3.3e-05,-0.000893,0.0,0.0,0.0,-0.00068,0.0,-0.000631,-0.000168,0.0,-0.000546,-0.001083,-7.7e-05,0.0,-6.2e-05,0.0,0.0,-9.8e-05,0.0,-8.9e-05,-0.000117,0.0,0.0,-0.000148,0.0,-0.000822,-2.6e-05,0.0,-0.000121,0.0,0.0,-0.000174,-0.000199,-0.000223,-8.5e-05,0.0,0.0,-8.2e-05,-0.000132,-0.000149,0.0,0.0,0.0,0.0,0.0,0.0,-9.5e-05,-0.000708,-0.000505,0.0,0.0,-0.000964,0.0,-0.000239,0.0,0.0,-2.7e-05,0.0,0.0,-9.2e-05,-0.000129,0.0,0.0,0.0,-7.4e-05,0.0,-0.000152,0.0,-0.000205,-0.000626,0.0,0.0,-0.000509,0.0,0.0,0.0,0.0,-0.000151,-0.000143,0.0,-0.000101,-0.000133,-0.00109,-0.001124,0.0,-0.000659,0.0,-0.000725,-8.1e-05,0.0,-3.5e-05,-0.001015,-0.000146,-0.000427,-0.000712,-0.001135,-2.9e-05,-4.4e-05,-6e-06,0.0,0.0,-0.000169,-0.000469,-0.000161
2017-05-29 06:49:00+02:00,0.0,0.0,0.0,-0.000568,0.0,0.0,-3.5e-05,-9.4e-05,-0.000248,0.0,0.0,0.0,-0.000156,-0.000141,-3.6e-05,-0.000932,0.0,0.0,0.0,-0.000725,0.0,-0.000674,-0.000195,0.0,-0.000577,-0.001127,-9.2e-05,0.0,-7e-05,0.0,0.0,-0.000104,0.0,-9.4e-05,-0.000124,0.0,0.0,-0.000175,0.0,-0.00086,-3.1e-05,0.0,-0.000143,0.0,0.0,-0.000194,-0.000214,-0.000242,-9.3e-05,0.0,0.0,-8.9e-05,-0.000138,-0.000156,0.0,0.0,0.0,0.0,0.0,-5e-06,-0.000103,-0.000744,-0.000534,0.0,0.0,-0.001005,-3e-06,-0.000259,0.0,-1e-06,-3.2e-05,0.0,0.0,-9.9e-05,-0.000135,0.0,0.0,0.0,-9.6e-05,0.0,-0.000161,0.0,-0.000226,-0.000659,0.0,0.0,-0.000534,0.0,0.0,0.0,0.0,-0.000158,-0.00015,0.0,-0.000106,-0.000151,-0.001133,-0.001168,0.0,-0.000695,0.0,-0.000761,-9.3e-05,0.0,-4.2e-05,-0.001059,-0.000153,-0.000455,-0.000747,-0.001181,-3.4e-05,-5.1e-05,-9e-06,0.0,0.0,-0.000194,-0.000498,-0.00017
2017-05-29 06:50:00+02:00,0.0,0.0,0.0,-0.000598,0.0,0.0,-4.4e-05,-0.000105,-0.000263,0.0,0.0,0.0,-0.000163,-0.000148,-4e-05,-0.000973,0.0,0.0,0.0,-0.000771,0.0,-0.000717,-0.000218,0.0,-0.000608,-0.001172,-0.000105,0.0,-7.8e-05,0.0,0.0,-0.00011,0.0,-0.0001,-0.00013,0.0,0.0,-0.000198,0.0,-0.000901,-3.5e-05,0.0,-0.000166,0.0,0.0,-0.000214,-0.000229,-0.000262,-0.000103,0.0,0.0,-9.5e-05,-0.000145,-0.000163,0.0,0.0,0.0,0.0,0.0,-1.1e-05,-0.000112,-0.000781,-0.000564,0.0,0.0,-0.001047,-6e-06,-0.000279,0.0,-1e-06,-3.7e-05,0.0,0.0,-0.000106,-0.000142,0.0,0.0,0.0,-0.000115,0.0,-0.00017,0.0,-0.000247,-0.000693,0.0,0.0,-0.000561,0.0,0.0,0.0,0.0,-0.000165,-0.000158,0.0,-0.000112,-0.000171,-0.001176,-0.001213,0.0,-0.000731,0.0,-0.000797,-0.000106,0.0,-4.8e-05,-0.001105,-0.000161,-0.000485,-0.000783,-0.001227,-3.9e-05,-5.8e-05,-1.3e-05,0.0,0.0,-0.000221,-0.000528,-0.000181
2017-05-29 06:51:00+02:00,0.0,0.0,0.0,-0.000635,0.0,0.0,-6.1e-05,-0.000124,-0.000281,0.0,0.0,0.0,-0.000172,-0.000156,-4.4e-05,-0.001021,0.0,0.0,0.0,-0.000819,0.0,-0.000764,-0.000254,0.0,-0.000643,-0.001224,-0.000125,0.0,-8.9e-05,0.0,0.0,-0.000116,0.0,-0.000106,-0.000137,0.0,0.0,-0.000235,0.0,-0.000946,-4.2e-05,0.0,-0.000192,0.0,0.0,-0.000243,-0.00025,-0.000284,-0.000114,0.0,0.0,-0.000102,-0.000152,-0.000171,0.0,0.0,0.0,0.0,0.0,-3.1e-05,-0.000122,-0.000823,-0.000601,0.0,0.0,-0.001097,-1.6e-05,-0.000302,0.0,-6e-06,-4.2e-05,0.0,0.0,-0.000113,-0.000149,0.0,0.0,0.0,-0.000148,0.0,-0.000181,0.0,-0.000276,-0.000731,0.0,0.0,-0.000591,0.0,0.0,0.0,0.0,-0.000173,-0.000165,0.0,-0.000118,-0.000196,-0.001227,-0.001266,0.0,-0.000772,0.0,-0.00084,-0.000121,0.0,-5.8e-05,-0.001156,-0.000169,-0.000519,-0.000826,-0.001281,-4.6e-05,-6.8e-05,-1.9e-05,0.0,0.0,-0.000252,-0.000565,-0.000192
2017-05-29 06:52:00+02:00,0.0,0.0,0.0,-0.000667,0.0,0.0,-7.5e-05,-0.00014,-0.000296,0.0,0.0,0.0,-0.000178,-0.000162,-4.8e-05,-0.001062,0.0,0.0,0.0,-0.000856,0.0,-0.0008,-0.000285,0.0,-0.000673,-0.001269,-0.000144,0.0,-9.8e-05,0.0,0.0,-0.000122,0.0,-0.000111,-0.000143,0.0,0.0,-0.000268,0.0,-0.000985,-4.9e-05,0.0,-0.00021,0.0,0.0,-0.000267,-0.000267,-0.0003,-0.000124,0.0,0.0,-0.000108,-0.000158,-0.000178,0.0,0.0,0.0,0.0,0.0,-4.9e-05,-0.000129,-0.000859,-0.000632,0.0,0.0,-0.001139,-2.6e-05,-0.000319,0.0,-1e-05,-4.7e-05,0.0,0.0,-0.000118,-0.000155,0.0,0.0,0.0,-0.000177,0.0,-0.000191,0.0,-0.0003,-0.000764,0.0,0.0,-0.000617,0.0,0.0,0.0,0.0,-0.00018,-0.000172,0.0,-0.000124,-0.000217,-0.00127,-0.001311,0.0,-0.000807,0.0,-0.000877,-0.000131,0.0,-6.7e-05,-0.0012,-0.000176,-0.000548,-0.000864,-0.001327,-5.2e-05,-7.6e-05,-2.2e-05,0.0,0.0,-0.000273,-0.000597,-0.000202
2017-05-29 06:53:00+02:00,0.0,0.0,0.0,-0.000692,0.0,0.0,-8.6e-05,-0.000153,-0.000309,0.0,0.0,0.0,-0.000183,-0.000167,-5.1e-05,-0.001095,0.0,0.0,0.0,-0.000888,0.0,-0.00083,-0.00031,0.0,-0.000698,-0.001306,-0.000158,0.0,-0.000106,0.0,0.0,-0.000126,0.0,-0.000115,-0.000147,0.0,0.0,-0.000293,0.0,-0.001016,-5.4e-05,0.0,-0.000225,0.0,0.0,-0.000285,-0.000281,-0.000315,-0.000131,0.0,0.0,-0.000112,-0.000163,-0.000183,0.0,0.0,0.0,0.0,0.0,-6.2e-05,-0.000136,-0.000888,-0.000658,0.0,0.0,-0.001174,-3.3e-05,-0.000334,0.0,-1.3e-05,-5e-05,0.0,0.0,-0.000123,-0.00016,0.0,0.0,0.0,-0.000199,0.0,-0.000199,0.0,-0.000318,-0.000791,0.0,0.0,-0.000639,0.0,0.0,0.0,0.0,-0.000186,-0.000177,0.0,-0.000128,-0.000232,-0.001305,-0.001347,0.0,-0.000835,0.0,-0.000907,-0.00014,0.0,-7.4e-05,-0.001236,-0.000181,-0.00057,-0.000893,-0.001364,-5.8e-05,-8.3e-05,-2.4e-05,0.0,0.0,-0.00029,-0.000622,-0.00021
2017-05-29 06:54:00+02:00,0.0,0.0,0.0,-0.000722,0.0,0.0,-9.9e-05,-0.000167,-0.000324,0.0,0.0,0.0,-0.000189,-0.000172,-5.4e-05,-0.001134,0.0,0.0,0.0,-0.000917,0.0,-0.000858,-0.000338,0.0,-0.000727,-0.001349,-0.000175,0.0,-0.000115,0.0,0.0,-0.000131,0.0,-0.000119,-0.000152,0.0,0.0,-0.000322,0.0,-0.001052,-6e-05,0.0,-0.000239,0.0,0.0,-0.000308,-0.000297,-0.000329,-0.00014,0.0,0.0,-0.000116,-0.000169,-0.000189,0.0,0.0,0.0,0.0,0.0,-7.9e-05,-0.000142,-0.000921,-0.000687,0.0,0.0,-0.001215,-4.2e-05,-0.000348,0.0,-1.7e-05,-5.4e-05,0.0,0.0,-0.000127,-0.000166,0.0,0.0,0.0,-0.000224,0.0,-0.000209,0.0,-0.00034,-0.000821,0.0,0.0,-0.000665,0.0,0.0,0.0,0.0,-0.000192,-0.000183,0.0,-0.000133,-0.00025,-0.001347,-0.00139,0.0,-0.000868,0.0,-0.000943,-0.000149,0.0,-8.3e-05,-0.001277,-0.000188,-0.000596,-0.000928,-0.001408,-6.4e-05,-9.1e-05,-2.7e-05,0.0,0.0,-0.000307,-0.000652,-0.00022
2017-05-29 06:55:00+02:00,0.0,0.0,0.0,-0.000749,0.0,0.0,-0.000111,-0.000181,-0.000337,0.0,0.0,0.0,-0.000194,-0.000177,-5.6e-05,-0.00117,0.0,0.0,0.0,-0.000955,0.0,-0.000894,-0.000362,0.0,-0.00075,-0.001389,-0.000189,0.0,-0.000122,0.0,0.0,-0.000135,0.0,-0.000123,-0.000156,0.0,0.0,-0.000347,0.0,-0.00108,-6.5e-05,0.0,-0.000258,0.0,0.0,-0.000326,-0.000312,-0.000347,-0.000148,0.0,0.0,-0.000122,-0.000174,-0.000194,0.0,0.0,0.0,0.0,0.0,-9.4e-05,-0.000151,-0.000947,-0.000714,0.0,0.0,-0.001252,-5.1e-05,-0.000367,0.0,-2e-05,-5.8e-05,0.0,0.0,-0.000132,-0.00017,0.0,0.0,0.0,-0.000246,0.0,-0.000218,0.0,-0.000359,-0.000846,0.0,0.0,-0.000685,0.0,0.0,0.0,0.0,-0.000199,-0.000187,0.0,-0.000138,-0.000263,-0.001384,-0.001429,0.0,-0.000894,0.0,-0.000975,-0.00016,0.0,-9e-05,-0.00131,-0.000193,-0.000616,-0.000959,-0.001449,-6.9e-05,-9.8e-05,-3.1e-05,0.0,0.0,-0.000329,-0.000678,-0.000229
2017-05-29 06:56:00+02:00,0.0,0.0,0.0,-0.000781,0.0,0.0,-0.000124,-0.000195,-0.000354,0.0,0.0,0.0,-0.000201,-0.000183,-6e-05,-0.00121,0.0,0.0,0.0,-0.001001,0.0,-0.000939,-0.000389,0.0,-0.000781,-0.001433,-0.000205,0.0,-0.000133,0.0,0.0,-0.000141,0.0,-0.000128,-0.000162,0.0,-0.0,-0.000374,0.0,-0.001117,-7.1e-05,0.0,-0.000283,0.0,0.0,-0.00035,-0.00033,-0.000369,-0.000158,0.0,0.0,-0.000129,-0.00018,-0.0002,0.0,0.0,0.0,0.0,0.0,-0.000112,-0.000161,-0.000982,-0.000745,0.0,0.0,-0.001294,-6.1e-05,-0.00039,0.0,-2.5e-05,-6.4e-05,0.0,0.0,-0.000139,-0.000176,0.0,0.0,0.0,-0.00027,0.0,-0.000229,0.0,-0.000383,-0.000878,0.0,0.0,-0.000712,0.0,0.0,0.0,0.0,-0.000206,-0.000194,0.0,-0.000143,-0.000285,-0.001426,-0.001473,0.0,-0.000928,0.0,-0.001012,-0.000175,0.0,-9.9e-05,-0.001353,-0.000201,-0.000645,-0.000996,-0.001494,-7.6e-05,-0.000107,-3.7e-05,0.0,-3e-06,-0.000357,-0.000709,-0.00024
2017-05-29 06:57:00+02:00,0.0,0.0,0.0,-0.000809,0.0,0.0,-0.000131,-0.000204,-0.00037,0.0,0.0,0.0,-0.000208,-0.00019,-6.4e-05,-0.001246,0.0,0.0,0.0,-0.00102,0.0,-0.000958,-0.000405,0.0,-0.00081,-0.001472,-0.000215,0.0,-0.000142,0.0,0.0,-0.000148,0.0,-0.000134,-0.000168,0.0,-4e-06,-0.00039,0.0,-0.001153,-7.6e-05,0.0,-0.000296,0.0,0.0,-0.000372,-0.000346,-0.00038,-0.000168,0.0,0.0,-0.000133,-0.000187,-0.000207,0.0,0.0,0.0,0.0,0.0,-0.000122,-0.000167,-0.001016,-0.000773,0.0,0.0,-0.001331,-6.6e-05,-0.000401,0.0,-2.8e-05,-6.8e-05,0.0,0.0,-0.000143,-0.000183,0.0,0.0,0.0,-0.000284,0.0,-0.00024,0.0,-0.000405,-0.00091,0.0,0.0,-0.000736,0.0,0.0,0.0,0.0,-0.000214,-0.000201,0.0,-0.000149,-0.000306,-0.001463,-0.001511,0.0,-0.00096,0.0,-0.001044,-0.000183,0.0,-0.000104,-0.001392,-0.000209,-0.000672,-0.001028,-0.001533,-8e-05,-0.000116,-4.1e-05,0.0,-3e-06,-0.000372,-0.000737,-0.000251
2017-05-29 06:58:00+02:00,0.0,0.0,0.0,-0.000829,0.0,0.0,-0.000132,-0.000208,-0.000383,0.0,0.0,0.0,-0.000213,-0.000195,-6.6e-05,-0.001272,0.0,0.0,0.0,-0.001033,0.0,-0.00097,-0.00041,0.0,-0.000833,-0.0015,-0.000218,0.0,-0.000148,0.0,0.0,-0.000153,0.0,-0.000137,-0.000173,0.0,-3e-06,-0.000394,0.0,-0.001181,-7.8e-05,0.0,-0.000304,0.0,0.0,-0.000385,-0.000357,-0.000388,-0.000176,0.0,0.0,-0.000136,-0.000191,-0.000213,0.0,0.0,0.0,0.0,0.0,-0.000121,-0.000172,-0.001041,-0.000793,0.0,0.0,-0.001358,-6.6e-05,-0.000409,0.0,-2.8e-05,-7.1e-05,0.0,0.0,-0.000145,-0.000187,0.0,0.0,0.0,-0.000285,0.0,-0.000248,0.0,-0.000418,-0.000934,0.0,0.0,-0.000757,0.0,0.0,0.0,0.0,-0.00022,-0.000206,0.0,-0.000152,-0.000319,-0.00149,-0.001538,0.0,-0.000984,0.0,-0.001067,-0.000188,0.0,-0.000107,-0.001423,-0.000215,-0.000691,-0.00105,-0.001562,-8.2e-05,-0.000121,-4.3e-05,0.0,-2e-06,-0.00038,-0.000756,-0.000261
2017-05-29 06:59:00+02:00,0.0,0.0,0.0,-0.000858,0.0,0.0,-0.00015,-0.000225,-0.0004,0.0,0.0,0.0,-0.000218,-0.000199,-6.9e-05,-0.001309,0.0,0.0,0.0,-0.001096,0.0,-0.001031,-0.000442,0.0,-0.000864,-0.001541,-0.000238,0.0,-0.000158,0.0,0.0,-0.000158,0.0,-0.000141,-0.000177,0.0,-1.2e-05,-0.000426,0.0,-0.001219,-8.5e-05,0.0,-0.000339,0.0,0.0,-0.000409,-0.000374,-0.000418,-0.000187,0.0,0.0,-0.000145,-0.000195,-0.000217,0.0,0.0,0.0,0.0,0.0,-0.000146,-0.000185,-0.001078,-0.000822,0.0,-4e-06,-0.001396,-8e-05,-0.00044,0.0,-3.5e-05,-7.9e-05,0.0,0.0,-0.000153,-0.000192,0.0,0.0,0.0,-0.000316,0.0,-0.000258,0.0,-0.000441,-0.000967,0.0,0.0,-0.000785,0.0,0.0,0.0,0.0,-0.000226,-0.000211,0.0,-0.000156,-0.000342,-0.001529,-0.001578,0.0,-0.00102,0.0,-0.001101,-0.000208,0.0,-0.000117,-0.001466,-0.000221,-0.00072,-0.001083,-0.001603,-8.9e-05,-0.000131,-5.2e-05,0.0,-1.6e-05,-0.00042,-0.000785,-0.000272
2017-05-29 07:00:00+02:00,0.0,0.0,-7e-06,-0.000885,0.0,0.0,-0.000164,-0.00024,-0.000409,0.0,0.0,0.0,-0.000219,-0.000201,-7e-05,-0.001343,0.0,0.0,0.0,-0.001156,0.0,-0.001089,-0.000469,0.0,-0.000876,-0.001579,-0.000255,0.0,-0.000168,0.0,0.0,-0.000161,0.0,-0.000143,-0.000179,0.0,-9e-06,-0.000454,0.0,-0.001226,-9.2e-05,0.0,-0.000375,0.0,0.0,-0.000429,-0.00039,-0.000447,-0.000191,0.0,0.0,-0.000156,-0.000201,-0.000219,0.0,0.0,0.0,0.0,0.0,-0.000167,-0.0002,-0.001086,-0.000849,0.0,-1.5e-05,-0.001432,-9.3e-05,-0.00047,0.0,-4.1e-05,-8.8e-05,0.0,0.0,-0.000162,-0.000193,0.0,0.0,0.0,-0.000341,0.0,-0.000269,0.0,-0.000462,-0.000976,0.0,0.0,-0.000792,0.0,0.0,0.0,0.0,-0.000234,-0.000212,0.0,-0.000161,-0.000346,-0.001564,-0.001615,0.0,-0.00103,0.0,-0.001133,-0.000229,0.0,-0.000126,-0.001473,-0.000224,-0.000727,-0.001114,-0.001641,-9.6e-05,-0.000139,-6.2e-05,0.0,-2.7e-05,-0.00046,-0.000811,-0.000277
2017-05-29 07:01:00+02:00,0.0,0.0,-8e-06,-0.000903,0.0,0.0,-0.000173,-0.00025,-0.000423,0.0,0.0,0.0,-0.000224,-0.000205,-7.3e-05,-0.001367,0.0,0.0,0.0,-0.001199,0.0,-0.001131,-0.000486,0.0,-0.0009,-0.001605,-0.000266,0.0,-0.000174,0.0,0.0,-0.000166,0.0,-0.000146,-0.000183,0.0,-1.3e-05,-0.000471,0.0,-0.001256,-9.6e-05,0.0,-0.0004,0.0,0.0,-0.000441,-0.0004,-0.000469,-0.000199,0.0,0.0,-0.000163,-0.000204,-0.000224,0.0,0.0,0.0,0.0,0.0,-0.000179,-0.000211,-0.001113,-0.000866,0.0,-1.9e-05,-0.001456,-0.0001,-0.000493,0.0,-4.4e-05,-9.5e-05,0.0,0.0,-0.000168,-0.000197,0.0,0.0,0.0,-0.000357,0.0,-0.000277,0.0,-0.000474,-0.001002,0.0,0.0,-0.000815,0.0,0.0,0.0,0.0,-0.000239,-0.000217,0.0,-0.000164,-0.000361,-0.001588,-0.00164,0.0,-0.001056,0.0,-0.001153,-0.000244,0.0,-0.000132,-0.001508,-0.000231,-0.000747,-0.001134,-0.001668,-0.000101,-0.000144,-6.9e-05,0.0,-3.1e-05,-0.000488,-0.000828,-0.000287
2017-05-29 07:02:00+02:00,0.0,0.0,-6e-06,-0.000918,0.0,0.0,-0.000178,-0.000258,-0.000432,0.0,0.0,0.0,-0.000225,-0.000206,-7.3e-05,-0.001386,0.0,0.0,0.0,-0.001234,0.0,-0.001165,-0.000497,0.0,-0.000913,-0.001627,-0.000273,0.0,-0.000178,0.0,0.0,-0.000168,0.0,-0.000147,-0.000184,0.0,-1e-05,-0.000481,0.0,-0.001271,-9.9e-05,0.0,-0.000418,0.0,0.0,-0.000448,-0.000408,-0.000487,-0.000203,0.0,0.0,-0.000169,-0.000205,-0.000225,0.0,0.0,0.0,0.0,0.0,-0.000185,-0.00022,-0.001127,-0.000879,0.0,-2e-05,-0.001477,-0.000103,-0.000512,0.0,-4.6e-05,-0.0001,0.0,0.0,-0.000172,-0.000198,0.0,0.0,0.0,-0.000366,0.0,-0.000283,0.0,-0.000482,-0.001015,0.0,0.0,-0.000828,0.0,0.0,0.0,0.0,-0.000243,-0.000218,0.0,-0.000165,-0.000365,-0.001608,-0.001661,0.0,-0.001068,0.0,-0.00117,-0.000256,0.0,-0.000137,-0.001524,-0.000234,-0.000756,-0.001149,-0.00169,-0.000104,-0.000148,-7.4e-05,0.0,-3e-05,-0.000509,-0.00084,-0.000293
2017-05-29 07:03:00+02:00,0.0,0.0,-7e-06,-0.000932,0.0,0.0,-0.000185,-0.000266,-0.000442,0.0,0.0,0.0,-0.000226,-0.000207,-7.4e-05,-0.001406,0.0,0.0,0.0,-0.001268,0.0,-0.001198,-0.000511,0.0,-0.000928,-0.001649,-0.000282,0.0,-0.000183,0.0,0.0,-0.000171,0.0,-0.000148,-0.000185,0.0,-8e-06,-0.000494,0.0,-0.001287,-0.000103,0.0,-0.000437,0.0,0.0,-0.000457,-0.000417,-0.000505,-0.000208,0.0,0.0,-0.000174,-0.000207,-0.000226,0.0,0.0,0.0,0.0,0.0,-0.000193,-0.000228,-0.001142,-0.000893,0.0,-2.3e-05,-0.001497,-0.000109,-0.000531,0.0,-4.9e-05,-0.000105,0.0,0.0,-0.000176,-0.0002,0.0,0.0,0.0,-0.000377,0.0,-0.00029,0.0,-0.000491,-0.00103,0.0,0.0,-0.000842,0.0,0.0,0.0,0.0,-0.000247,-0.000219,0.0,-0.000167,-0.000371,-0.001628,-0.001683,0.0,-0.001083,0.0,-0.001188,-0.000268,0.0,-0.000142,-0.001542,-0.000237,-0.000766,-0.001165,-0.001712,-0.000108,-0.000152,-8e-05,0.0,-3.3e-05,-0.000529,-0.000853,-0.0003
2017-05-29 07:04:00+02:00,0.0,0.0,-9e-06,-0.000947,0.0,0.0,-0.000193,-0.000276,-0.000453,0.0,0.0,0.0,-0.000229,-0.00021,-7.5e-05,-0.001425,0.0,0.0,0.0,-0.001301,0.0,-0.00123,-0.000527,0.0,-0.000944,-0.001671,-0.000292,0.0,-0.000187,0.0,0.0,-0.000175,0.0,-0.00015,-0.000187,0.0,-7e-06,-0.000509,0.0,-0.001303,-0.000107,0.0,-0.000455,0.0,0.0,-0.000464,-0.000425,-0.000523,-0.000214,0.0,0.0,-0.00018,-0.000209,-0.000228,0.0,0.0,0.0,0.0,0.0,-0.000203,-0.000238,-0.001158,-0.000907,0.0,-2.7e-05,-0.001517,-0.000115,-0.000549,0.0,-5.2e-05,-0.00011,0.0,0.0,-0.00018,-0.000202,0.0,0.0,0.0,-0.00039,0.0,-0.000298,0.0,-0.000499,-0.001045,0.0,0.0,-0.000857,0.0,0.0,0.0,0.0,-0.000252,-0.000221,0.0,-0.000169,-0.000378,-0.001648,-0.001703,0.0,-0.001098,0.0,-0.001204,-0.00028,0.0,-0.000148,-0.001561,-0.000242,-0.000776,-0.00118,-0.001734,-0.000113,-0.000156,-8.5e-05,0.0,-3.7e-05,-0.000549,-0.000865,-0.000307
2017-05-29 07:05:00+02:00,0.0,0.0,-9e-06,-0.000963,0.0,0.0,-0.000202,-0.000287,-0.000468,0.0,0.0,0.0,-0.000234,-0.000215,-7.7e-05,-0.001446,0.0,0.0,0.0,-0.001329,0.0,-0.001258,-0.000544,0.0,-0.000968,-0.001695,-0.000303,0.0,-0.000193,0.0,0.0,-0.000181,0.0,-0.000154,-0.000192,0.0,-1.3e-05,-0.000525,0.0,-0.00133,-0.000113,0.0,-0.000469,0.0,0.0,-0.000474,-0.000434,-0.000539,-0.000222,0.0,0.0,-0.000187,-0.000213,-0.000233,0.0,0.0,0.0,0.0,0.0,-0.000214,-0.000247,-0.001184,-0.000922,0.0,-2.8e-05,-0.00154,-0.000122,-0.000566,0.0,-5.6e-05,-0.000115,0.0,0.0,-0.000185,-0.000207,0.0,0.0,0.0,-0.000405,0.0,-0.000307,0.0,-0.000509,-0.00107,0.0,0.0,-0.000878,0.0,0.0,0.0,0.0,-0.000258,-0.000226,0.0,-0.000172,-0.000392,-0.00167,-0.001726,0.0,-0.001123,0.0,-0.001223,-0.000289,0.0,-0.000155,-0.001592,-0.00025,-0.000796,-0.001198,-0.001758,-0.000118,-0.000161,-8.9e-05,0.0,-4.3e-05,-0.000565,-0.00088,-0.000318
2017-05-29 07:06:00+02:00,0.0,0.0,-1.2e-05,-0.000987,0.0,0.0,-0.000214,-0.0003,-0.000484,0.0,0.0,0.0,-0.00024,-0.00022,-8.1e-05,-0.001475,0.0,0.0,0.0,-0.001359,0.0,-0.001287,-0.000566,0.0,-0.000995,-0.001726,-0.000317,0.0,-0.000202,0.0,0.0,-0.000188,0.0,-0.000159,-0.000197,0.0,-2.3e-05,-0.000547,0.0,-0.001361,-0.000119,0.0,-0.000485,0.0,0.0,-0.000491,-0.000448,-0.000555,-0.000233,0.0,0.0,-0.000194,-0.000218,-0.00024,0.0,0.0,0.0,0.0,0.0,-0.000231,-0.000257,-0.001213,-0.000945,0.0,-3.2e-05,-0.00157,-0.000132,-0.000583,0.0,-6.2e-05,-0.000121,0.0,0.0,-0.00019,-0.000213,0.0,0.0,0.0,-0.000425,0.0,-0.000318,0.0,-0.000527,-0.001098,0.0,0.0,-0.000902,0.0,0.0,0.0,0.0,-0.000267,-0.000232,0.0,-0.000176,-0.00041,-0.001699,-0.001757,0.0,-0.001151,0.0,-0.00125,-0.0003,0.0,-0.000163,-0.001627,-0.000259,-0.000819,-0.001223,-0.00179,-0.000125,-0.000169,-9.5e-05,0.0,-5.5e-05,-0.000583,-0.000902,-0.000331
2017-05-29 07:07:00+02:00,0.0,0.0,-2.5e-05,-0.001013,-4e-06,0.0,-0.000227,-0.000314,-0.000501,0.0,0.0,0.0,-0.000246,-0.000226,-8.4e-05,-0.001507,0.0,0.0,0.0,-0.001398,0.0,-0.001326,-0.00059,0.0,-0.001023,-0.001761,-0.000332,0.0,-0.000212,0.0,0.0,-0.000196,0.0,-0.000164,-0.000202,0.0,-3.5e-05,-0.00057,0.0,-0.001393,-0.000127,0.0,-0.000511,0.0,0.0,-0.000511,-0.000464,-0.000577,-0.000243,0.0,0.0,-0.000203,-0.000224,-0.000246,0.0,0.0,0.0,0.0,0.0,-0.00025,-0.00027,-0.001244,-0.000971,0.0,-4.5e-05,-0.001603,-0.000143,-0.000606,0.0,-6.8e-05,-0.000129,0.0,0.0,-0.000196,-0.000218,0.0,0.0,0.0,-0.000446,0.0,-0.000331,0.0,-0.000547,-0.001127,0.0,0.0,-0.000927,0.0,0.0,0.0,0.0,-0.000276,-0.000239,0.0,-0.000181,-0.000428,-0.001732,-0.00179,0.0,-0.00118,0.0,-0.001279,-0.000316,0.0,-0.000173,-0.001664,-0.000268,-0.000843,-0.001252,-0.001825,-0.000132,-0.000178,-0.000103,0.0,-7e-05,-0.000611,-0.000927,-0.000344
2017-05-29 07:08:00+02:00,0.0,0.0,-4e-05,-0.001043,-1e-05,0.0,-0.000241,-0.000329,-0.00052,0.0,0.0,0.0,-0.000254,-0.000234,-8.8e-05,-0.001543,0.0,0.0,0.0,-0.00144,0.0,-0.001367,-0.000616,0.0,-0.001055,-0.001801,-0.000349,0.0,-0.000223,0.0,0.0,-0.000205,0.0,-0.00017,-0.000209,0.0,-4.9e-05,-0.000595,0.0,-0.00143,-0.000135,0.0,-0.000537,0.0,0.0,-0.000534,-0.000481,-0.0006,-0.000256,0.0,0.0,-0.000213,-0.000231,-0.000254,0.0,0.0,0.0,0.0,0.0,-0.00027,-0.000283,-0.001279,-0.001,0.0,-5.9e-05,-0.00164,-0.000156,-0.000629,0.0,-7.5e-05,-0.000138,0.0,0.0,-0.000204,-0.000226,0.0,0.0,0.0,-0.00047,0.0,-0.000345,0.0,-0.00057,-0.00116,0.0,0.0,-0.000955,0.0,0.0,0.0,0.0,-0.000287,-0.000246,0.0,-0.000187,-0.00045,-0.001769,-0.001829,0.0,-0.001214,0.0,-0.001313,-0.000333,0.0,-0.000183,-0.001706,-0.000279,-0.00087,-0.001284,-0.001865,-0.000141,-0.000189,-0.000112,0.0,-8.7e-05,-0.00064,-0.000956,-0.000359
2017-05-29 07:09:00+02:00,0.0,0.0,-5.5e-05,-0.001074,-2e-05,0.0,-0.000258,-0.000347,-0.000542,0.0,0.0,0.0,-0.000264,-0.000243,-9.3e-05,-0.001581,0.0,0.0,0.0,-0.001484,0.0,-0.001411,-0.000645,0.0,-0.00109,-0.001842,-0.000367,0.0,-0.000235,0.0,0.0,-0.000215,0.0,-0.000177,-0.000217,0.0,-6.4e-05,-0.000624,0.0,-0.001473,-0.000144,0.0,-0.000566,0.0,-3e-06,-0.000558,-0.000499,-0.000624,-0.000269,0.0,0.0,-0.000224,-0.000238,-0.000263,0.0,0.0,-3e-06,0.0,0.0,-0.000294,-0.000298,-0.001318,-0.00103,0.0,-7.3e-05,-0.00168,-0.00017,-0.000654,0.0,-8.3e-05,-0.000147,0.0,0.0,-0.000212,-0.000234,0.0,0.0,0.0,-0.000497,0.0,-0.000359,0.0,-0.000594,-0.001198,0.0,0.0,-0.000986,0.0,0.0,0.0,-0.0,-0.000299,-0.000256,0.0,-0.000194,-0.000475,-0.001808,-0.001869,0.0,-0.001252,0.0,-0.001348,-0.00035,0.0,-0.000195,-0.001755,-0.000293,-0.000902,-0.001318,-0.001907,-0.00015,-0.0002,-0.000121,0.0,-0.000106,-0.000671,-0.000985,-0.000377
2017-05-29 07:10:00+02:00,0.0,0.0,-7.8e-05,-0.001112,-3.7e-05,0.0,-0.00028,-0.00037,-0.000568,-0.0,0.0,0.0,-0.000275,-0.000253,-9.9e-05,-0.001627,0.0,0.0,0.0,-0.001541,0.0,-0.001467,-0.000684,0.0,-0.001135,-0.001892,-0.000392,0.0,-0.00025,0.0,0.0,-0.000227,0.0,-0.000185,-0.000227,0.0,-8.7e-05,-0.000663,0.0,-0.001526,-0.000156,0.0,-0.000602,0.0,-1.5e-05,-0.000587,-0.000522,-0.000655,-0.000287,0.0,0.0,-0.000237,-0.000247,-0.000274,0.0,0.0,-1.5e-05,0.0,0.0,-0.000326,-0.000316,-0.001369,-0.001068,0.0,-9.5e-05,-0.001727,-0.00019,-0.000686,0.0,-9.5e-05,-0.000159,0.0,0.0,-0.000222,-0.000244,0.0,-0.0,0.0,-0.000534,0.0,-0.000376,0.0,-0.000624,-0.001246,0.0,0.0,-0.001025,0.0,0.0,0.0,-3e-06,-0.000312,-0.000267,0.0,-0.000201,-0.000508,-0.001855,-0.001918,0.0,-0.0013,0.0,-0.00139,-0.000373,0.0,-0.00021,-0.001816,-0.000308,-0.000942,-0.001359,-0.001957,-0.000162,-0.000214,-0.000134,0.0,-0.000134,-0.00071,-0.001022,-0.000397
2017-05-29 07:11:00+02:00,0.0,0.0,-0.000103,-0.00115,-5.7e-05,0.0,-0.000303,-0.000395,-0.000595,-2e-06,0.0,0.0,-0.000286,-0.000263,-0.000105,-0.001673,0.0,0.0,0.0,-0.001601,0.0,-0.001526,-0.000727,0.0,-0.001182,-0.001942,-0.000419,0.0,-0.000265,0.0,0.0,-0.000239,0.0,-0.000193,-0.000236,0.0,-0.000111,-0.000705,0.0,-0.001582,-0.000168,0.0,-0.000641,0.0,-3e-05,-0.000618,-0.000545,-0.000688,-0.000306,0.0,0.0,-0.000251,-0.000255,-0.000285,0.0,0.0,-3.1e-05,0.0,0.0,-0.000361,-0.000334,-0.001422,-0.001106,0.0,-0.000118,-0.001775,-0.000211,-0.000719,0.0,-0.000107,-0.000171,0.0,0.0,-0.000232,-0.000254,0.0,-4e-06,0.0,-0.000573,0.0,-0.000393,0.0,-0.000654,-0.001295,0.0,0.0,-0.001066,0.0,0.0,0.0,-7e-06,-0.000325,-0.000278,0.0,-0.000209,-0.000542,-0.001902,-0.001966,0.0,-0.001351,0.0,-0.001433,-0.000397,0.0,-0.000227,-0.001881,-0.000324,-0.000985,-0.001401,-0.002008,-0.000175,-0.000228,-0.000147,0.0,-0.000164,-0.000753,-0.00106,-0.000418
2017-05-29 07:12:00+02:00,0.0,0.0,-0.000118,-0.001188,-5.9e-05,0.0,-0.000312,-0.000406,-0.00062,-3e-06,0.0,0.0,-0.000296,-0.000272,-0.00011,-0.001721,0.0,0.0,0.0,-0.001632,0.0,-0.001556,-0.000744,0.0,-0.001224,-0.001993,-0.000431,0.0,-0.000279,0.0,0.0,-0.00025,0.0,-0.0002,-0.000244,0.0,-0.000131,-0.000721,0.0,-0.001633,-0.000175,0.0,-0.000665,0.0,-3e-05,-0.000647,-0.000568,-0.000708,-0.000323,0.0,0.0,-0.000259,-0.000263,-0.000294,0.0,0.0,-3.9e-05,0.0,0.0,-0.000372,-0.000346,-0.001469,-0.001143,0.0,-0.000132,-0.001824,-0.000218,-0.000739,0.0,-0.000111,-0.000179,0.0,0.0,-0.000236,-0.000262,0.0,-1e-05,0.0,-0.000586,0.0,-0.00041,0.0,-0.000684,-0.00134,0.0,0.0,-0.001105,0.0,0.0,0.0,-7e-06,-0.000338,-0.000287,0.0,-0.000215,-0.000572,-0.00195,-0.002017,0.0,-0.001397,0.0,-0.001477,-0.000413,0.0,-0.000234,-0.001939,-0.000338,-0.001022,-0.001443,-0.00206,-0.000181,-0.000242,-0.000156,0.0,-0.000172,-0.000778,-0.001097,-0.000437
2017-05-29 07:13:00+02:00,0.0,0.0,-0.000129,-0.001214,-5.9e-05,0.0,-0.000319,-0.000415,-0.000638,-3e-06,0.0,0.0,-0.000302,-0.000277,-0.000113,-0.001752,0.0,0.0,0.0,-0.001662,0.0,-0.001586,-0.000757,0.0,-0.001252,-0.002028,-0.000439,0.0,-0.000289,0.0,0.0,-0.000258,0.0,-0.000204,-0.000248,0.0,-0.000141,-0.000732,0.0,-0.001665,-0.00018,0.0,-0.000686,0.0,-2.7e-05,-0.000665,-0.000583,-0.000727,-0.000333,0.0,0.0,-0.000267,-0.000268,-0.000299,0.0,0.0,-4.4e-05,0.0,0.0,-0.00038,-0.000358,-0.001499,-0.001168,0.0,-0.000143,-0.001856,-0.000223,-0.000759,0.0,-0.000114,-0.000187,0.0,0.0,-0.00024,-0.000267,0.0,-9e-06,0.0,-0.000595,0.0,-0.000423,0.0,-0.000702,-0.001369,0.0,0.0,-0.001131,0.0,0.0,0.0,-5e-06,-0.000348,-0.000293,0.0,-0.000219,-0.000589,-0.001982,-0.00205,0.0,-0.001426,0.0,-0.001505,-0.000427,0.0,-0.000241,-0.001977,-0.000348,-0.001045,-0.00147,-0.002095,-0.000187,-0.00025,-0.000163,0.0,-0.000175,-0.000801,-0.00112,-0.000451
2017-05-29 07:14:00+02:00,0.0,0.0,-0.000138,-0.001225,-6.5e-05,0.0,-0.000327,-0.000425,-0.000649,-3e-06,0.0,0.0,-0.000305,-0.000279,-0.000114,-0.001765,0.0,0.0,0.0,-0.001688,0.0,-0.001612,-0.000771,0.0,-0.001265,-0.002043,-0.00045,0.0,-0.000294,0.0,0.0,-0.000263,0.0,-0.000206,-0.00025,0.0,-0.000144,-0.000746,0.0,-0.001678,-0.000185,0.0,-0.000701,0.0,-3e-05,-0.000672,-0.000591,-0.000743,-0.000339,0.0,0.0,-0.000275,-0.000271,-0.000302,0.0,0.0,-4.7e-05,0.0,0.0,-0.000391,-0.000368,-0.001512,-0.001178,0.0,-0.00015,-0.00187,-0.000231,-0.000775,0.0,-0.000119,-0.000193,0.0,0.0,-0.000244,-0.000269,0.0,-7e-06,0.0,-0.000608,0.0,-0.000431,0.0,-0.000709,-0.001382,0.0,0.0,-0.001145,0.0,0.0,0.0,-6e-06,-0.000354,-0.000296,0.0,-0.00022,-0.000595,-0.001995,-0.002063,0.0,-0.001437,0.0,-0.001518,-0.000437,0.0,-0.000248,-0.001993,-0.000355,-0.001054,-0.001481,-0.00211,-0.000192,-0.000255,-0.000169,0.0,-0.000184,-0.000817,-0.00113,-0.000461
2017-05-29 07:15:00+02:00,0.0,0.0,-0.000127,-0.001203,-6e-05,0.0,-0.000323,-0.000421,-0.00064,-2e-06,0.0,0.0,-0.000303,-0.000276,-0.000112,-0.001734,0.0,0.0,0.0,-0.001665,0.0,-0.001591,-0.000762,0.0,-0.001244,-0.002009,-0.000445,0.0,-0.000288,0.0,0.0,-0.000262,0.0,-0.000203,-0.000248,0.0,-0.00013,-0.000736,0.0,-0.001647,-0.000186,0.0,-0.000687,0.0,-2.4e-05,-0.000653,-0.000578,-0.000735,-0.000332,0.0,0.0,-0.000275,-0.000269,-0.000299,0.0,0.0,-3.8e-05,0.0,0.0,-0.000384,-0.000368,-0.001485,-0.001155,0.0,-0.000142,-0.001838,-0.000227,-0.000768,0.0,-0.000118,-0.000192,0.0,0.0,-0.000243,-0.000267,0.0,-6e-06,0.0,-0.0006,0.0,-0.00043,0.0,-0.000691,-0.001358,0.0,0.0,-0.001128,0.0,0.0,0.0,-5e-06,-0.000353,-0.000294,0.0,-0.000218,-0.000577,-0.00196,-0.002028,0.0,-0.001409,0.0,-0.00149,-0.000431,0.0,-0.000247,-0.00196,-0.000354,-0.00103,-0.001453,-0.002074,-0.000193,-0.000249,-0.000166,0.0,-0.000179,-0.000802,-0.001106,-0.000459
2017-05-29 07:16:00+02:00,0.0,0.0,-0.000102,-0.001139,-4.8e-05,0.0,-0.000295,-0.000395,-0.000613,-2e-06,0.0,0.0,-0.000291,-0.000264,-0.000103,-0.001653,0.0,0.0,0.0,-0.00159,0.0,-0.00152,-0.000712,0.0,-0.001185,-0.001921,-0.000414,0.0,-0.000265,0.0,0.0,-0.000251,0.0,-0.000193,-0.000236,0.0,-0.000104,-0.000684,0.0,-0.00157,-0.000174,0.0,-0.000635,0.0,-1.9e-05,-0.000597,-0.000541,-0.000702,-0.000309,0.0,0.0,-0.000265,-0.000257,-0.000287,0.0,0.0,-3e-05,0.0,0.0,-0.000338,-0.000354,-0.001413,-0.00109,0.0,-0.000113,-0.001755,-0.0002,-0.000734,0.0,-0.000103,-0.000179,0.0,0.0,-0.000232,-0.000255,0.0,-5e-06,0.0,-0.00055,0.0,-0.000414,0.0,-0.000636,-0.001293,0.0,0.0,-0.001082,0.0,0.0,0.0,-4e-06,-0.000341,-0.000282,0.0,-0.000207,-0.000522,-0.001874,-0.001939,0.0,-0.001337,0.0,-0.001416,-0.000402,0.0,-0.000231,-0.001877,-0.000342,-0.000966,-0.001377,-0.001984,-0.000181,-0.000226,-0.00015,0.0,-0.000143,-0.000745,-0.001039,-0.000444
2017-05-29 07:17:00+02:00,0.0,0.0,-8.2e-05,-0.001083,-3.8e-05,0.0,-0.000271,-0.000372,-0.000584,-1e-06,0.0,0.0,-0.000281,-0.000254,-9.5e-05,-0.001579,0.0,0.0,0.0,-0.001524,0.0,-0.001456,-0.000669,0.0,-0.001126,-0.00184,-0.000388,0.0,-0.000246,0.0,0.0,-0.000241,0.0,-0.000183,-0.000226,0.0,-8.3e-05,-0.00064,0.0,-0.001491,-0.000165,0.0,-0.000595,0.0,-1.5e-05,-0.00055,-0.000509,-0.000673,-0.000286,0.0,0.0,-0.000257,-0.000248,-0.000276,0.0,0.0,-2.4e-05,0.0,0.0,-0.000302,-0.000343,-0.00134,-0.001033,0.0,-9.1e-05,-0.001677,-0.000179,-0.000704,0.0,-9.2e-05,-0.00017,0.0,0.0,-0.000224,-0.000244,0.0,-4e-06,0.0,-0.000509,0.0,-0.0004,0.0,-0.000591,-0.001228,0.0,0.0,-0.001033,0.0,0.0,0.0,-3e-06,-0.000331,-0.000272,0.0,-0.000198,-0.000471,-0.001794,-0.001856,0.0,-0.001264,0.0,-0.001349,-0.00038,0.0,-0.000218,-0.001791,-0.000331,-0.000902,-0.001309,-0.0019,-0.000172,-0.000208,-0.000138,0.0,-0.000115,-0.0007,-0.00098,-0.000428
2017-05-29 07:18:00+02:00,0.0,0.0,-6.5e-05,-0.001017,-3.1e-05,0.0,-0.000241,-0.000342,-0.000553,-1e-06,0.0,0.0,-0.000268,-0.000241,-8.6e-05,-0.001494,0.0,0.0,0.0,-0.00144,0.0,-0.001377,-0.000614,0.0,-0.001061,-0.001747,-0.000354,0.0,-0.000223,0.0,0.0,-0.000229,0.0,-0.000172,-0.000214,0.0,-6.7e-05,-0.000583,0.0,-0.001407,-0.000152,0.0,-0.000542,0.0,-1.2e-05,-0.000495,-0.000471,-0.000636,-0.000261,0.0,0.0,-0.000246,-0.000237,-0.000262,0.0,0.0,-1.9e-05,0.0,0.0,-0.000254,-0.000327,-0.001262,-0.000967,0.0,-7.2e-05,-0.00159,-0.000151,-0.000666,0.0,-7.7e-05,-0.000157,0.0,0.0,-0.000212,-0.000232,0.0,-3e-06,0.0,-0.000456,0.0,-0.000383,0.0,-0.000537,-0.001157,0.0,0.0,-0.000981,0.0,0.0,0.0,-2e-06,-0.000318,-0.00026,0.0,-0.000187,-0.000416,-0.001702,-0.001762,0.0,-0.001186,0.0,-0.001272,-0.00035,0.0,-0.0002,-0.0017,-0.000318,-0.000835,-0.001231,-0.001805,-0.000159,-0.000186,-0.000122,0.0,-9.2e-05,-0.000641,-0.000913,-0.00041
2017-05-29 07:19:00+02:00,0.0,0.0,-5.2e-05,-0.000976,-2.4e-05,0.0,-0.00022,-0.000324,-0.000536,-1e-06,0.0,0.0,-0.000259,-0.000231,-8e-05,-0.001441,0.0,0.0,0.0,-0.001385,0.0,-0.001324,-0.000578,0.0,-0.001024,-0.001689,-0.000333,0.0,-0.000208,0.0,0.0,-0.000222,0.0,-0.000164,-0.000205,0.0,-5.3e-05,-0.000546,0.0,-0.001359,-0.000143,0.0,-0.000505,0.0,-1e-05,-0.000458,-0.000448,-0.000613,-0.000247,0.0,0.0,-0.000237,-0.000227,-0.000252,0.0,0.0,-1.6e-05,0.0,0.0,-0.000221,-0.000316,-0.001217,-0.000924,0.0,-5.8e-05,-0.001535,-0.000131,-0.000643,0.0,-6.6e-05,-0.000148,0.0,0.0,-0.000202,-0.000222,0.0,-2e-06,0.0,-0.00042,0.0,-0.000372,0.0,-0.000502,-0.001116,0.0,0.0,-0.000954,0.0,0.0,0.0,-2e-06,-0.000309,-0.00025,0.0,-0.000178,-0.000382,-0.001645,-0.001703,0.0,-0.001141,0.0,-0.001223,-0.00033,0.0,-0.000189,-0.001648,-0.00031,-0.000795,-0.001182,-0.001746,-0.00015,-0.000172,-0.000111,0.0,-7.3e-05,-0.0006,-0.000869,-0.000401
2017-05-29 07:20:00+02:00,0.0,0.0,-4.7e-05,-0.00099,-2e-05,0.0,-0.000233,-0.000336,-0.000549,-1e-06,0.0,0.0,-0.000258,-0.000228,-8e-05,-0.001456,0.0,0.0,0.0,-0.001391,0.0,-0.001331,-0.000596,0.0,-0.00104,-0.001704,-0.000347,0.0,-0.000216,0.0,0.0,-0.000225,0.0,-0.000162,-0.000202,0.0,-5.1e-05,-0.000563,0.0,-0.001377,-0.000149,0.0,-0.000513,0.0,-8e-06,-0.000472,-0.00046,-0.000621,-0.000256,0.0,0.0,-0.000237,-0.000226,-0.000249,0.0,0.0,-1.2e-05,0.0,0.0,-0.000237,-0.00032,-0.001235,-0.000938,0.0,-5.7e-05,-0.00155,-0.000142,-0.000651,0.0,-7.3e-05,-0.000151,0.0,0.0,-0.000198,-0.00022,0.0,-2e-06,0.0,-0.000437,0.0,-0.000378,0.0,-0.000515,-0.001134,0.0,0.0,-0.000973,0.0,0.0,0.0,-2e-06,-0.000311,-0.00025,0.0,-0.000176,-0.000397,-0.001657,-0.001717,0.0,-0.001158,0.0,-0.001238,-0.000337,0.0,-0.000197,-0.001669,-0.000313,-0.000811,-0.001196,-0.00176,-0.000156,-0.000179,-0.000115,0.0,-8.1e-05,-0.000609,-0.000884,-0.000408
2017-05-29 07:21:00+02:00,0.0,0.0,-5.9e-05,-0.001006,-3.3e-05,0.0,-0.000251,-0.000352,-0.000559,-1e-06,0.0,0.0,-0.000261,-0.000229,-8.3e-05,-0.00147,0.0,0.0,0.0,-0.001397,0.0,-0.001338,-0.000622,0.0,-0.001054,-0.001716,-0.000365,0.0,-0.000228,0.0,0.0,-0.00023,0.0,-0.000164,-0.000204,0.0,-6.5e-05,-0.000589,0.0,-0.001391,-0.000158,0.0,-0.00053,0.0,-1.5e-05,-0.000495,-0.000474,-0.000629,-0.000267,0.0,0.0,-0.000241,-0.000229,-0.00025,0.0,0.0,-1.3e-05,0.0,0.0,-0.000266,-0.000325,-0.00125,-0.000957,0.0,-6.9e-05,-0.001563,-0.00016,-0.000658,0.0,-8.4e-05,-0.000157,0.0,0.0,-0.000199,-0.000221,0.0,-1e-06,0.0,-0.000464,0.0,-0.000386,0.0,-0.000537,-0.001148,0.0,0.0,-0.000984,0.0,0.0,0.0,-3e-06,-0.000317,-0.000252,0.0,-0.000178,-0.000419,-0.001666,-0.001726,0.0,-0.001174,0.0,-0.001254,-0.000348,0.0,-0.000208,-0.00168,-0.000319,-0.000828,-0.001212,-0.001771,-0.000165,-0.000191,-0.000123,0.0,-0.000104,-0.000626,-0.000903,-0.000416
2017-05-29 07:22:00+02:00,0.0,0.0,-4.7e-05,-0.000943,-2.6e-05,0.0,-0.000224,-0.000325,-0.000528,-0.0,0.0,0.0,-0.000251,-0.000219,-7.6e-05,-0.001386,0.0,0.0,0.0,-0.001308,0.0,-0.001253,-0.000573,0.0,-0.000992,-0.001624,-0.000334,0.0,-0.000206,0.0,0.0,-0.00022,0.0,-0.000155,-0.000194,0.0,-5.2e-05,-0.000539,0.0,-0.001311,-0.000146,0.0,-0.000477,0.0,-1.2e-05,-0.000445,-0.000438,-0.000587,-0.000245,0.0,0.0,-0.000229,-0.000219,-0.000239,0.0,0.0,-1e-05,0.0,0.0,-0.000226,-0.000307,-0.001176,-0.000893,0.0,-5.6e-05,-0.001476,-0.000136,-0.000615,0.0,-7e-05,-0.000144,0.0,0.0,-0.000188,-0.000211,0.0,-1e-06,0.0,-0.000418,0.0,-0.000369,0.0,-0.000488,-0.001081,0.0,0.0,-0.000931,0.0,0.0,0.0,-3e-06,-0.000305,-0.000243,0.0,-0.000169,-0.000373,-0.001576,-0.001634,0.0,-0.0011,0.0,-0.001179,-0.000316,0.0,-0.000192,-0.001591,-0.000307,-0.000768,-0.001137,-0.001677,-0.000153,-0.000171,-0.000107,0.0,-8.3e-05,-0.000567,-0.00084,-0.000399
2017-05-29 07:23:00+02:00,0.0,0.0,-3.8e-05,-0.000847,-2.1e-05,0.0,-0.000179,-0.000281,-0.000483,-0.0,0.0,0.0,-0.000236,-0.000205,-6.5e-05,-0.001262,0.0,0.0,0.0,-0.001185,0.0,-0.001135,-0.000494,0.0,-0.000905,-0.001488,-0.000284,0.0,-0.000171,0.0,0.0,-0.000203,0.0,-0.000142,-0.00018,0.0,-4.1e-05,-0.000459,0.0,-0.001199,-0.000126,0.0,-0.000397,0.0,-1e-05,-0.000365,-0.000382,-0.000528,-0.00021,0.0,0.0,-0.000209,-0.000203,-0.000224,0.0,0.0,-8e-06,0.0,0.0,-0.000181,-0.000279,-0.001072,-0.000796,0.0,-4.4e-05,-0.001347,-0.000109,-0.000554,0.0,-5.6e-05,-0.000122,0.0,0.0,-0.000172,-0.000196,0.0,-1e-06,0.0,-0.000343,0.0,-0.00034,0.0,-0.000409,-0.000986,0.0,0.0,-0.000858,0.0,0.0,0.0,-2e-06,-0.000283,-0.000228,0.0,-0.000153,-0.000302,-0.001445,-0.001498,0.0,-0.000997,0.0,-0.001066,-0.00027,0.0,-0.000164,-0.001469,-0.000288,-0.000681,-0.001024,-0.001538,-0.000132,-0.000137,-8.5e-05,0.0,-6.7e-05,-0.00048,-0.000741,-0.000372
2017-05-29 07:24:00+02:00,0.0,0.0,-3e-05,-0.000755,-1.7e-05,0.0,-0.000143,-0.000242,-0.000449,-0.0,0.0,0.0,-0.000222,-0.000191,-5.5e-05,-0.001146,0.0,0.0,0.0,-0.001094,0.0,-0.001047,-0.000424,0.0,-0.000837,-0.001366,-0.00024,0.0,-0.000137,0.0,0.0,-0.000188,0.0,-0.00013,-0.000167,0.0,-3.3e-05,-0.000387,0.0,-0.001114,-0.000107,0.0,-0.000329,0.0,-8e-06,-0.000292,-0.000326,-0.000484,-0.00018,0.0,0.0,-0.000193,-0.000185,-0.00021,0.0,0.0,-7e-06,0.0,0.0,-0.000144,-0.000258,-0.000992,-0.000702,0.0,-3.6e-05,-0.001228,-8.7e-05,-0.00051,0.0,-4.5e-05,-0.000103,0.0,0.0,-0.000158,-0.000183,0.0,-1e-06,0.0,-0.000274,0.0,-0.000311,0.0,-0.000328,-0.000913,0.0,0.0,-0.000807,0.0,0.0,0.0,-2e-06,-0.000261,-0.000214,0.0,-0.000137,-0.000241,-0.001327,-0.001376,0.0,-0.000916,0.0,-0.00096,-0.00023,0.0,-0.000139,-0.00138,-0.000273,-0.000607,-0.000917,-0.001414,-0.000113,-0.000109,-6.8e-05,0.0,-5.3e-05,-0.000405,-0.000645,-0.000352
2017-05-29 07:25:00+02:00,0.0,0.0,-3.4e-05,-0.00079,-1.8e-05,0.0,-0.000171,-0.000269,-0.000477,-0.0,0.0,0.0,-0.000231,-0.000197,-6.1e-05,-0.001184,0.0,0.0,0.0,-0.001148,0.0,-0.0011,-0.000469,0.0,-0.000882,-0.001405,-0.000271,0.0,-0.000154,0.0,0.0,-0.000201,0.0,-0.000136,-0.000173,0.0,-3.9e-05,-0.000432,0.0,-0.001167,-0.000122,0.0,-0.000371,0.0,-6e-06,-0.000326,-0.000351,-0.000515,-0.000203,0.0,0.0,-0.000205,-0.000191,-0.000216,0.0,0.0,-5e-06,0.0,0.0,-0.000177,-0.000276,-0.001043,-0.000738,0.0,-4.3e-05,-0.001265,-0.000108,-0.000542,0.0,-5.7e-05,-0.000117,0.0,0.0,-0.000164,-0.000189,0.0,-1e-06,0.0,-0.000319,0.0,-0.000326,0.0,-0.000362,-0.000961,0.0,0.0,-0.000847,0.0,0.0,0.0,-1e-06,-0.000272,-0.000224,0.0,-0.000141,-0.000283,-0.001363,-0.001414,0.0,-0.000967,0.0,-0.000997,-0.000257,0.0,-0.000158,-0.001437,-0.000288,-0.000653,-0.000954,-0.001453,-0.000128,-0.000125,-8.3e-05,0.0,-6.8e-05,-0.000451,-0.000682,-0.000372
2017-05-29 07:26:00+02:00,0.0,0.0,-5.2e-05,-0.00084,-3.3e-05,0.0,-0.000205,-0.000303,-0.00051,-0.0,0.0,0.0,-0.000243,-0.000204,-6.8e-05,-0.001242,0.0,0.0,0.0,-0.001215,0.0,-0.001166,-0.000524,0.0,-0.000937,-0.001466,-0.000308,0.0,-0.000178,0.0,0.0,-0.000216,0.0,-0.000143,-0.00018,0.0,-5.7e-05,-0.000488,0.0,-0.001231,-0.00014,0.0,-0.000423,0.0,-1.5e-05,-0.000373,-0.000385,-0.000554,-0.000229,0.0,0.0,-0.000221,-0.000201,-0.000224,0.0,0.0,-9e-06,0.0,0.0,-0.000221,-0.000298,-0.001104,-0.00079,0.0,-6.1e-05,-0.001324,-0.000136,-0.000581,0.0,-7.4e-05,-0.000134,0.0,0.0,-0.000172,-0.000196,0.0,-0.0,0.0,-0.000373,0.0,-0.000346,0.0,-0.00041,-0.001019,0.0,0.0,-0.000894,0.0,0.0,0.0,-4e-06,-0.000287,-0.000235,0.0,-0.000148,-0.000332,-0.001419,-0.001473,0.0,-0.001028,0.0,-0.001053,-0.00029,0.0,-0.000181,-0.001506,-0.000305,-0.000707,-0.00101,-0.001514,-0.000146,-0.000147,-0.000101,0.0,-9.7e-05,-0.000506,-0.000735,-0.000395
2017-05-29 07:27:00+02:00,0.0,0.0,-7.3e-05,-0.000888,-4.7e-05,0.0,-0.000235,-0.000334,-0.000541,-0.0,0.0,0.0,-0.000254,-0.000211,-7.4e-05,-0.001297,0.0,0.0,0.0,-0.001291,0.0,-0.00124,-0.000573,0.0,-0.000987,-0.001524,-0.000342,0.0,-0.0002,0.0,0.0,-0.00023,0.0,-0.00015,-0.000187,0.0,-7.5e-05,-0.000537,0.0,-0.00129,-0.000156,0.0,-0.000476,0.0,-2.6e-05,-0.000415,-0.000417,-0.000598,-0.000253,0.0,0.0,-0.000239,-0.00021,-0.000231,0.0,0.0,-2e-05,0.0,0.0,-0.00026,-0.000322,-0.001161,-0.000838,0.0,-8.3e-05,-0.00138,-0.000161,-0.000626,0.0,-8.9e-05,-0.000152,0.0,0.0,-0.000181,-0.000203,0.0,-0.0,0.0,-0.000421,0.0,-0.000366,0.0,-0.000453,-0.001072,0.0,0.0,-0.000938,0.0,0.0,0.0,-7e-06,-0.000302,-0.000246,0.0,-0.000154,-0.000377,-0.001473,-0.001529,0.0,-0.001084,0.0,-0.001105,-0.000324,0.0,-0.000202,-0.00157,-0.000321,-0.000757,-0.001061,-0.001573,-0.000163,-0.000168,-0.00012,0.0,-0.000123,-0.000563,-0.000784,-0.000417
2017-05-29 07:28:00+02:00,0.0,0.0,-9.4e-05,-0.000925,-6.5e-05,0.0,-0.000263,-0.000361,-0.000566,-0.0,0.0,0.0,-0.000264,-0.000218,-8e-05,-0.001339,0.0,0.0,0.0,-0.001349,0.0,-0.001298,-0.000618,0.0,-0.001027,-0.001568,-0.000372,0.0,-0.000218,0.0,0.0,-0.000243,0.0,-0.000156,-0.000194,0.0,-9.3e-05,-0.000582,0.0,-0.001336,-0.000171,0.0,-0.000521,0.0,-4e-05,-0.000452,-0.000443,-0.000632,-0.000274,0.0,0.0,-0.000255,-0.000219,-0.000238,0.0,0.0,-3.2e-05,0.0,0.0,-0.000297,-0.000343,-0.001205,-0.000877,0.0,-0.000104,-0.001423,-0.000185,-0.000661,0.0,-0.000103,-0.000168,0.0,0.0,-0.00019,-0.00021,0.0,-1e-06,0.0,-0.000465,0.0,-0.000383,0.0,-0.000489,-0.001114,0.0,-0.0,-0.000971,0.0,0.0,0.0,-1.1e-05,-0.000316,-0.000256,0.0,-0.00016,-0.000415,-0.001514,-0.001571,0.0,-0.001128,0.0,-0.001146,-0.000352,0.0,-0.000222,-0.001618,-0.000336,-0.000797,-0.001101,-0.001617,-0.000178,-0.000185,-0.000137,0.0,-0.000151,-0.000611,-0.000823,-0.000436
2017-05-29 07:29:00+02:00,0.0,0.0,-8.6e-05,-0.000947,-5.6e-05,0.0,-0.000274,-0.000376,-0.000585,-0.0,0.0,0.0,-0.000266,-0.000216,-7.9e-05,-0.001369,0.0,0.0,0.0,-0.001388,0.0,-0.001336,-0.000637,0.0,-0.001052,-0.001603,-0.000387,0.0,-0.000226,0.0,0.0,-0.000248,0.0,-0.000155,-0.000192,0.0,-8.2e-05,-0.000599,0.0,-0.001366,-0.000178,0.0,-0.000538,0.0,-3.2e-05,-0.000463,-0.000458,-0.000657,-0.000283,0.0,0.0,-0.000263,-0.00022,-0.000235,0.0,0.0,-2.6e-05,0.0,0.0,-0.000303,-0.000356,-0.001233,-0.000898,0.0,-9.9e-05,-0.001455,-0.00019,-0.000687,0.0,-0.000106,-0.000174,0.0,0.0,-0.000189,-0.000208,0.0,-1e-06,0.0,-0.00048,0.0,-0.000394,0.0,-0.000502,-0.00114,0.0,-0.0,-0.001002,0.0,0.0,0.0,-9e-06,-0.000323,-0.000257,0.0,-0.000158,-0.000425,-0.001545,-0.001604,0.0,-0.001154,0.0,-0.001173,-0.000367,0.0,-0.000231,-0.001655,-0.000343,-0.000815,-0.001126,-0.001653,-0.000185,-0.000191,-0.000142,0.0,-0.000146,-0.000631,-0.000843,-0.000449
2017-05-29 07:30:00+02:00,0.0,0.0,-0.000157,-0.001067,-0.000118,0.0,-0.000346,-0.000447,-0.000653,-2e-05,0.0,0.0,-0.000282,-0.000225,-8.8e-05,-0.001516,-3.5e-05,0.0,-1e-06,-0.001541,0.0,-0.001485,-0.00075,0.0,-0.001162,-0.00176,-0.000466,0.0,-0.000279,-8e-06,0.0,-0.000273,0.0,-0.000164,-0.0002,0.0,-0.000146,-0.000711,0.0,-0.001498,-0.000212,0.0,-0.000645,0.0,-8.9e-05,-0.000567,-0.000539,-0.000745,-0.000335,0.0,0.0,-0.000292,-0.000238,-0.000244,0.0,0.0,-8.5e-05,0.0,0.0,-0.000399,-0.0004,-0.001359,-0.001018,0.0,-0.000164,-0.001605,-0.000255,-0.000778,0.0,-0.000143,-0.000208,-6e-06,0.0,-0.0002,-0.000216,0.0,-4.9e-05,0.0,-0.000588,0.0,-0.000438,0.0,-0.000604,-0.001256,-3.2e-05,-4.8e-05,-0.001103,0.0,0.0,0.0,-2.8e-05,-0.000353,-0.000273,0.0,-0.000168,-0.000518,-0.001692,-0.001757,0.0,-0.001278,0.0,-0.001308,-0.000437,0.0,-0.000277,-0.001798,-0.000371,-0.000922,-0.00126,-0.001811,-0.00022,-0.000242,-0.000182,0.0,-0.000229,-0.000746,-0.000965,-0.000491
2017-05-29 07:31:00+02:00,0.0,0.0,-0.000203,-0.001158,-0.000158,0.0,-0.0004,-0.000504,-0.000707,-3e-05,0.0,0.0,-0.000293,-0.000229,-9.3e-05,-0.00163,-5e-05,0.0,-0.0,-0.001664,0.0,-0.001606,-0.000836,0.0,-0.001246,-0.001885,-0.000527,0.0,-0.000318,-1e-05,0.0,-0.000292,0.0,-0.000169,-0.000204,0.0,-0.000183,-0.000796,0.0,-0.0016,-0.000239,0.0,-0.000725,0.0,-0.000126,-0.00064,-0.0006,-0.000819,-0.000373,0.0,0.0,-0.000316,-0.00025,-0.000248,0.0,0.0,-0.000121,0.0,0.0,-0.000468,-0.000437,-0.001456,-0.001109,0.0,-0.000208,-0.001724,-0.000302,-0.000853,0.0,-0.000171,-0.000234,-7e-06,0.0,-0.000207,-0.00022,0.0,-7.3e-05,0.0,-0.000669,0.0,-0.000474,0.0,-0.000678,-0.001346,-4.6e-05,-7.3e-05,-0.001186,0.0,0.0,0.0,-4e-05,-0.000377,-0.000284,0.0,-0.000173,-0.000582,-0.001809,-0.001879,0.0,-0.001373,0.0,-0.001413,-0.000492,0.0,-0.000313,-0.00191,-0.000393,-0.001,-0.001362,-0.001938,-0.000247,-0.000278,-0.000211,0.0,-0.000285,-0.000833,-0.001056,-0.000526
2017-05-29 07:32:00+02:00,0.0,0.0,-0.000239,-0.001243,-0.000196,0.0,-0.00045,-0.000556,-0.000758,-4.1e-05,0.0,0.0,-0.000305,-0.000234,-9.7e-05,-0.001738,-6e-05,0.0,-0.0,-0.001772,0.0,-0.001711,-0.000915,0.0,-0.001324,-0.002003,-0.000584,0.0,-0.000354,-1e-05,0.0,-0.000311,0.0,-0.000174,-0.000208,0.0,-0.000216,-0.000874,0.0,-0.001693,-0.000264,0.0,-0.000791,0.0,-0.00016,-0.000708,-0.000657,-0.000883,-0.000408,0.0,0.0,-0.000338,-0.000263,-0.000253,0.0,0.0,-0.000147,0.0,0.0,-0.000531,-0.000469,-0.001544,-0.001195,0.0,-0.000242,-0.001836,-0.000346,-0.000919,0.0,-0.000196,-0.000257,-9e-06,0.0,-0.000213,-0.000224,0.0,-9.7e-05,0.0,-0.000742,0.0,-0.000509,0.0,-0.000746,-0.001428,-6.1e-05,-9e-05,-0.001262,0.0,0.0,0.0,-5.2e-05,-0.000402,-0.000296,0.0,-0.000179,-0.00064,-0.001919,-0.001994,0.0,-0.001459,0.0,-0.001512,-0.000538,0.0,-0.000348,-0.002015,-0.000415,-0.001071,-0.001458,-0.002058,-0.000272,-0.000312,-0.000235,0.0,-0.000336,-0.000905,-0.001141,-0.000559
2017-05-29 07:33:00+02:00,0.0,0.0,-0.000254,-0.001279,-0.00021,0.0,-0.000473,-0.000581,-0.00078,-4.1e-05,0.0,0.0,-0.000309,-0.000234,-9.8e-05,-0.001784,-5.6e-05,0.0,-0.0,-0.001825,0.0,-0.001763,-0.000951,0.0,-0.001355,-0.002053,-0.000611,0.0,-0.000369,-8e-06,0.0,-0.000319,0.0,-0.000174,-0.000208,0.0,-0.000223,-0.000909,0.0,-0.001728,-0.000277,0.0,-0.000822,0.0,-0.000171,-0.000734,-0.000681,-0.000916,-0.000421,0.0,0.0,-0.00035,-0.000269,-0.000253,0.0,0.0,-0.000156,0.0,0.0,-0.000558,-0.000488,-0.001578,-0.00123,0.0,-0.000256,-0.001883,-0.000365,-0.000953,0.0,-0.000207,-0.000268,-7e-06,0.0,-0.000216,-0.000223,0.0,-9.7e-05,0.0,-0.000775,0.0,-0.000526,0.0,-0.000773,-0.001459,-5.9e-05,-9.2e-05,-0.001294,0.0,0.0,0.0,-5.6e-05,-0.000414,-0.0003,0.0,-0.00018,-0.00066,-0.001964,-0.002042,0.0,-0.001492,0.0,-0.001553,-0.000562,0.0,-0.000364,-0.002054,-0.000425,-0.001097,-0.001497,-0.002109,-0.000285,-0.000326,-0.000248,0.0,-0.000357,-0.000939,-0.001175,-0.000575
2017-05-29 07:34:00+02:00,0.0,0.0,-0.000211,-0.001237,-0.000175,0.0,-0.00045,-0.000562,-0.000758,-3.3e-05,0.0,0.0,-0.000301,-0.000226,-9.1e-05,-0.001736,-4.5e-05,0.0,-0.0,-0.001783,0.0,-0.001723,-0.000917,0.0,-0.001311,-0.002005,-0.000589,0.0,-0.000348,-6e-06,0.0,-0.00031,0.0,-0.000167,-0.000199,0.0,-0.000179,-0.000873,0.0,-0.001673,-0.000268,0.0,-0.000784,0.0,-0.000137,-0.000689,-0.000652,-0.000897,-0.000399,0.0,0.0,-0.000344,-0.000262,-0.000245,0.0,0.0,-0.000125,0.0,0.0,-0.00052,-0.000479,-0.001526,-0.001186,0.0,-0.000219,-0.001835,-0.000341,-0.000933,0.0,-0.000193,-0.000258,-6e-06,0.0,-0.000209,-0.000214,0.0,-7.8e-05,0.0,-0.000739,0.0,-0.000516,0.0,-0.000729,-0.001412,-4.7e-05,-7.4e-05,-0.001261,0.0,0.0,0.0,-4.5e-05,-0.000407,-0.000293,0.0,-0.000172,-0.000612,-0.001916,-0.001993,0.0,-0.001439,0.0,-0.001507,-0.00054,0.0,-0.000352,-0.001998,-0.000416,-0.001047,-0.001449,-0.002059,-0.000276,-0.000305,-0.000232,0.0,-0.000317,-0.000898,-0.001128,-0.000562
2017-05-29 07:35:00+02:00,0.0,0.0,-0.000171,-0.001189,-0.000142,0.0,-0.000425,-0.00054,-0.000732,-2.6e-05,0.0,0.0,-0.000295,-0.000219,-8.5e-05,-0.001678,-3.6e-05,0.0,-0.0,-0.001728,0.0,-0.00167,-0.000879,0.0,-0.001262,-0.001944,-0.000563,0.0,-0.000326,-5e-06,0.0,-0.000301,0.0,-0.00016,-0.000191,0.0,-0.000143,-0.000834,0.0,-0.001611,-0.000258,0.0,-0.000741,0.0,-0.000109,-0.000642,-0.00062,-0.000869,-0.000376,0.0,0.0,-0.000336,-0.000256,-0.000237,0.0,0.0,-0.0001,0.0,0.0,-0.000481,-0.000467,-0.001467,-0.001136,0.0,-0.000183,-0.001776,-0.000315,-0.000905,0.0,-0.000179,-0.000246,-5e-06,0.0,-0.000204,-0.000206,0.0,-6.2e-05,0.0,-0.0007,0.0,-0.000503,0.0,-0.000684,-0.001359,-3.8e-05,-5.9e-05,-0.001221,0.0,0.0,0.0,-3.6e-05,-0.000398,-0.000286,0.0,-0.000166,-0.000565,-0.001857,-0.001932,0.0,-0.001381,0.0,-0.001452,-0.000514,0.0,-0.000338,-0.001932,-0.000407,-0.000995,-0.001394,-0.001997,-0.000267,-0.000283,-0.000217,0.0,-0.000278,-0.000852,-0.001077,-0.000548
2017-05-29 07:36:00+02:00,0.0,0.0,-0.000137,-0.001134,-0.000114,0.0,-0.000389,-0.000506,-0.000705,-2.1e-05,0.0,0.0,-0.000289,-0.000214,-8.1e-05,-0.001611,-2.9e-05,0.0,-0.0,-0.001639,0.0,-0.001584,-0.000824,0.0,-0.001213,-0.001872,-0.000526,0.0,-0.000303,-4e-06,0.0,-0.000293,0.0,-0.000155,-0.000185,0.0,-0.000114,-0.000777,0.0,-0.001548,-0.000243,0.0,-0.000678,0.0,-8.7e-05,-0.000592,-0.000585,-0.000823,-0.000354,0.0,0.0,-0.000323,-0.00025,-0.000232,0.0,0.0,-8e-05,0.0,0.0,-0.000429,-0.000446,-0.001408,-0.00108,0.0,-0.000146,-0.001707,-0.000281,-0.000858,0.0,-0.00016,-0.000228,-4e-06,0.0,-0.000195,-0.0002,0.0,-5e-05,0.0,-0.000645,0.0,-0.000488,0.0,-0.000637,-0.001305,-3e-05,-4.7e-05,-0.001179,0.0,0.0,0.0,-2.8e-05,-0.000389,-0.000281,0.0,-0.00016,-0.000521,-0.001788,-0.001861,0.0,-0.001322,0.0,-0.00139,-0.000475,0.0,-0.000317,-0.001865,-0.000398,-0.000943,-0.001332,-0.001924,-0.000251,-0.00026,-0.000193,0.0,-0.000229,-0.000784,-0.00102,-0.000534
2017-05-29 07:37:00+02:00,0.0,0.0,-0.00011,-0.00108,-9.1e-05,0.0,-0.00035,-0.00047,-0.00068,-1.7e-05,0.0,0.0,-0.000284,-0.000208,-7.5e-05,-0.001545,-2.3e-05,0.0,-0.0,-0.001547,0.0,-0.001495,-0.000763,0.0,-0.001165,-0.001803,-0.000484,0.0,-0.000278,-3e-06,0.0,-0.000284,0.0,-0.00015,-0.000179,0.0,-9.1e-05,-0.000716,0.0,-0.001488,-0.000226,0.0,-0.000612,0.0,-7e-05,-0.00054,-0.000549,-0.000776,-0.000331,0.0,0.0,-0.000307,-0.000244,-0.000226,0.0,0.0,-6.4e-05,0.0,0.0,-0.000371,-0.000424,-0.001351,-0.001025,0.0,-0.000117,-0.001641,-0.000243,-0.00081,0.0,-0.000137,-0.000208,-3e-06,0.0,-0.000186,-0.000194,0.0,-4e-05,0.0,-0.000583,0.0,-0.000473,0.0,-0.000587,-0.001253,-2.4e-05,-3.8e-05,-0.001141,0.0,0.0,0.0,-2.3e-05,-0.000379,-0.000275,0.0,-0.000153,-0.000474,-0.001722,-0.001792,0.0,-0.001264,0.0,-0.001328,-0.000434,0.0,-0.000294,-0.001802,-0.00039,-0.000892,-0.001269,-0.001854,-0.000234,-0.000236,-0.000168,0.0,-0.000183,-0.000713,-0.000962,-0.000521
2017-05-29 07:38:00+02:00,0.0,0.0,-9e-05,-0.001093,-8.6e-05,0.0,-0.000359,-0.000483,-0.000694,-1.3e-05,0.0,0.0,-0.000291,-0.00021,-7.5e-05,-0.001562,-1.8e-05,0.0,-0.0,-0.001562,0.0,-0.001511,-0.00078,0.0,-0.001182,-0.001823,-0.000497,0.0,-0.000282,-3e-06,0.0,-0.000291,0.0,-0.000151,-0.000179,0.0,-8.3e-05,-0.00073,0.0,-0.001506,-0.000234,0.0,-0.000613,0.0,-6e-05,-0.000544,-0.000556,-0.000789,-0.000338,0.0,0.0,-0.000315,-0.000249,-0.000229,0.0,0.0,-5.1e-05,0.0,0.0,-0.000379,-0.000434,-0.001368,-0.001036,0.0,-0.000102,-0.001659,-0.00025,-0.000823,0.0,-0.000142,-0.000212,-2e-06,0.0,-0.000187,-0.000194,0.0,-3.2e-05,0.0,-0.000595,0.0,-0.000484,0.0,-0.000592,-0.001271,-1.9e-05,-3e-05,-0.001162,0.0,0.0,0.0,-1.9e-05,-0.000389,-0.000282,0.0,-0.000153,-0.000479,-0.001739,-0.00181,0.0,-0.00128,0.0,-0.001343,-0.000439,0.0,-0.000303,-0.001827,-0.000401,-0.000902,-0.001282,-0.001874,-0.000242,-0.000239,-0.000168,0.0,-0.000186,-0.000715,-0.000971,-0.000534
2017-05-29 07:39:00+02:00,0.0,0.0,-0.000161,-0.001212,-0.000156,0.0,-0.000438,-0.000563,-0.000774,-3.2e-05,0.0,0.0,-0.000319,-0.000227,-8.6e-05,-0.001706,-4.5e-05,0.0,-0.0,-0.001721,0.0,-0.001667,-0.0009,0.0,-0.001306,-0.001979,-0.000584,0.0,-0.000338,-9e-06,0.0,-0.000327,0.0,-0.000166,-0.000192,0.0,-0.000153,-0.000848,0.0,-0.001653,-0.000277,0.0,-0.000723,0.0,-0.000124,-0.000645,-0.000638,-0.000885,-0.000398,0.0,0.0,-0.000355,-0.000274,-0.000246,0.0,0.0,-0.000102,0.0,0.0,-0.000483,-0.000489,-0.001509,-0.001155,0.0,-0.00017,-0.001807,-0.000322,-0.000921,0.0,-0.000187,-0.000252,-7e-06,0.0,-0.000205,-0.000207,0.0,-7.1e-05,0.0,-0.000709,0.0,-0.000537,0.0,-0.000692,-0.001402,-5.5e-05,-6.7e-05,-0.001278,0.0,0.0,0.0,-4.3e-05,-0.000429,-0.000309,0.0,-0.000165,-0.00058,-0.001885,-0.001962,0.0,-0.001417,0.0,-0.001477,-0.000514,0.0,-0.000359,-0.00199,-0.000443,-0.001019,-0.001413,-0.002031,-0.000286,-0.000292,-0.000214,0.0,-0.000278,-0.000832,-0.001091,-0.000592
2017-05-29 07:40:00+02:00,0.0,0.0,-0.000249,-0.001356,-0.000232,0.0,-0.000523,-0.00065,-0.000868,-5.9e-05,0.0,0.0,-0.000352,-0.000247,-9.8e-05,-0.00188,-9e-05,0.0,-1.6e-05,-0.001906,0.0,-0.001849,-0.001031,0.0,-0.001452,-0.002166,-0.000678,0.0,-0.000405,-2.4e-05,0.0,-0.000369,0.0,-0.000184,-0.000207,0.0,-0.000236,-0.000975,0.0,-0.001825,-0.000323,0.0,-0.000851,0.0,-0.000195,-0.000767,-0.000736,-0.000998,-0.000469,0.0,0.0,-0.000401,-0.000304,-0.000267,0.0,0.0,-0.000171,0.0,0.0,-0.000592,-0.000553,-0.001673,-0.001299,0.0,-0.000252,-0.001986,-0.000399,-0.001037,0.0,-0.000235,-0.0003,-1.8e-05,0.0,-0.000225,-0.000222,0.0,-0.00013,0.0,-0.000831,0.0,-0.000601,0.0,-0.000813,-0.001557,-0.0001,-0.000125,-0.001414,0.0,0.0,0.0,-6.9e-05,-0.000477,-0.000342,0.0,-0.000178,-0.000698,-0.002059,-0.002144,0.0,-0.001577,0.0,-0.001639,-0.000603,0.0,-0.000418,-0.00218,-0.000493,-0.001155,-0.001571,-0.00222,-0.000333,-0.000357,-0.000267,0.0,-0.000376,-0.00097,-0.001234,-0.00066
2017-05-29 07:41:00+02:00,0.0,0.0,-0.000303,-0.00146,-0.000283,0.0,-0.000587,-0.000718,-0.00094,-7.3e-05,0.0,0.0,-0.000379,-0.000264,-0.000106,-0.002009,-0.00011,0.0,-1.3e-05,-0.002046,0.0,-0.001987,-0.001131,0.0,-0.001561,-0.002306,-0.00075,0.0,-0.000452,-2.9e-05,0.0,-0.000402,0.0,-0.000197,-0.000218,0.0,-0.000285,-0.001072,0.0,-0.001953,-0.000361,0.0,-0.000941,0.0,-0.000242,-0.000849,-0.000805,-0.001084,-0.000519,0.0,0.0,-0.000438,-0.000329,-0.000285,0.0,0.0,-0.000209,0.0,0.0,-0.000673,-0.000603,-0.001794,-0.001402,0.0,-0.000304,-0.002119,-0.000456,-0.001124,0.0,-0.000271,-0.000335,-2.1e-05,0.0,-0.000242,-0.000234,0.0,-0.000159,0.0,-0.000923,0.0,-0.00065,0.0,-0.000895,-0.001671,-0.000126,-0.000153,-0.001518,0.0,0.0,0.0,-8.7e-05,-0.000516,-0.000369,0.0,-0.000189,-0.000776,-0.00219,-0.00228,0.0,-0.001694,0.0,-0.001757,-0.000667,0.0,-0.000465,-0.002325,-0.000533,-0.001252,-0.001685,-0.002362,-0.000371,-0.000401,-0.000305,0.0,-0.000444,-0.001068,-0.001336,-0.000714
2017-05-29 07:42:00+02:00,0.0,0.0,-0.000336,-0.00153,-0.000312,0.0,-0.00063,-0.000765,-0.000992,-7.7e-05,0.0,0.0,-0.0004,-0.000275,-0.00011,-0.002097,-0.000116,0.0,-1e-05,-0.00215,0.0,-0.00209,-0.001199,0.0,-0.001638,-0.002404,-0.0008,0.0,-0.000482,-2.8e-05,0.0,-0.000427,0.0,-0.000206,-0.000225,0.0,-0.000311,-0.001136,0.0,-0.002043,-0.000387,0.0,-0.001005,0.0,-0.000267,-0.000898,-0.000851,-0.001149,-0.000552,0.0,0.0,-0.000467,-0.000346,-0.000296,0.0,0.0,-0.000231,0.0,0.0,-0.000724,-0.000643,-0.001879,-0.00147,0.0,-0.000337,-0.002212,-0.000493,-0.001192,0.0,-0.000295,-0.000361,-2e-05,0.0,-0.000254,-0.000241,0.0,-0.000167,0.0,-0.000982,0.0,-0.000687,0.0,-0.000946,-0.001752,-0.000133,-0.000165,-0.001596,0.0,0.0,0.0,-9.7e-05,-0.000545,-0.000389,0.0,-0.000195,-0.000825,-0.002281,-0.002375,0.0,-0.001774,0.0,-0.001837,-0.000715,0.0,-0.000498,-0.002429,-0.000564,-0.001316,-0.001761,-0.002461,-0.000397,-0.000428,-0.000332,0.0,-0.000485,-0.001137,-0.001402,-0.000755
2017-05-29 07:43:00+02:00,0.0,0.0,-0.000353,-0.001578,-0.000328,0.0,-0.000659,-0.000799,-0.001027,-7.6e-05,0.0,0.0,-0.000417,-0.000285,-0.000113,-0.002159,-0.00011,0.0,-8e-06,-0.002223,0.0,-0.002162,-0.001247,0.0,-0.001688,-0.002474,-0.000835,0.0,-0.000501,-2.3e-05,0.0,-0.000445,0.0,-0.000214,-0.00023,0.0,-0.000318,-0.001181,0.0,-0.0021,-0.000407,0.0,-0.001046,0.0,-0.00028,-0.000929,-0.000881,-0.001196,-0.000572,0.0,0.0,-0.00049,-0.000361,-0.000307,0.0,0.0,-0.000238,0.0,0.0,-0.000757,-0.000673,-0.001933,-0.001517,0.0,-0.000354,-0.002276,-0.000517,-0.00124,0.0,-0.000311,-0.00038,-1.7e-05,0.0,-0.000264,-0.000247,0.0,-0.000164,0.0,-0.001023,0.0,-0.000715,0.0,-0.000978,-0.001803,-0.000131,-0.000164,-0.001647,0.0,0.0,0.0,-0.000102,-0.000568,-0.000406,0.0,-0.0002,-0.00085,-0.002345,-0.002442,0.0,-0.001824,0.0,-0.001893,-0.000746,0.0,-0.000523,-0.002498,-0.000589,-0.001353,-0.001813,-0.002531,-0.000418,-0.000446,-0.000349,0.0,-0.000509,-0.001182,-0.001446,-0.000786
2017-05-29 07:44:00+02:00,0.0,0.0,-0.000354,-0.001611,-0.000335,0.0,-0.000678,-0.000823,-0.00105,-7.2e-05,0.0,0.0,-0.00043,-0.000291,-0.000114,-0.002202,-9.4e-05,0.0,-6e-06,-0.00227,0.0,-0.002209,-0.001279,0.0,-0.001718,-0.002522,-0.000859,0.0,-0.000513,-1.8e-05,0.0,-0.000458,0.0,-0.000219,-0.000232,0.0,-0.000313,-0.001211,0.0,-0.002134,-0.000422,0.0,-0.001068,0.0,-0.000284,-0.000946,-0.000901,-0.001227,-0.000581,0.0,0.0,-0.000507,-0.000373,-0.000314,0.0,0.0,-0.000231,0.0,0.0,-0.000776,-0.000695,-0.001964,-0.001547,0.0,-0.000357,-0.002321,-0.000533,-0.001273,0.0,-0.000322,-0.000392,-1.4e-05,0.0,-0.000272,-0.000249,0.0,-0.000154,0.0,-0.001048,0.0,-0.000738,0.0,-0.000997,-0.001834,-0.000123,-0.00015,-0.001682,0.0,0.0,0.0,-0.000104,-0.000587,-0.000418,0.0,-0.000202,-0.000856,-0.00239,-0.002488,0.0,-0.001852,0.0,-0.00193,-0.000765,0.0,-0.000541,-0.002542,-0.000607,-0.00137,-0.001848,-0.00258,-0.000433,-0.000456,-0.000359,0.0,-0.000522,-0.001205,-0.001473,-0.000808
2017-05-29 07:45:00+02:00,0.0,0.0,-0.00035,-0.001636,-0.000337,0.0,-0.000691,-0.000841,-0.001069,-6.6e-05,0.0,0.0,-0.000442,-0.000298,-0.000114,-0.002234,-7.6e-05,0.0,-5e-06,-0.002305,0.0,-0.002244,-0.001302,0.0,-0.001741,-0.00256,-0.000877,0.0,-0.000522,-1.4e-05,0.0,-0.000469,0.0,-0.000223,-0.000235,0.0,-0.000303,-0.001231,0.0,-0.002159,-0.000434,0.0,-0.001081,0.0,-0.000284,-0.000956,-0.000915,-0.001252,-0.000587,0.0,0.0,-0.000522,-0.000385,-0.000322,0.0,0.0,-0.000221,0.0,0.0,-0.000788,-0.000714,-0.001987,-0.00157,0.0,-0.000355,-0.002356,-0.000542,-0.001298,0.0,-0.000329,-0.000401,-1.1e-05,0.0,-0.000279,-0.000252,0.0,-0.000142,0.0,-0.001066,0.0,-0.000757,0.0,-0.001009,-0.001857,-0.000113,-0.000133,-0.001711,0.0,0.0,0.0,-0.000104,-0.000605,-0.00043,0.0,-0.000205,-0.000857,-0.002424,-0.002524,0.0,-0.001871,0.0,-0.001959,-0.000778,0.0,-0.000555,-0.002577,-0.000624,-0.001379,-0.001874,-0.002618,-0.000445,-0.000464,-0.000365,0.0,-0.000527,-0.00122,-0.001493,-0.000828
2017-05-29 07:46:00+02:00,0.0,0.0,-0.000351,-0.001662,-0.00034,0.0,-0.000705,-0.00086,-0.001092,-6.3e-05,0.0,0.0,-0.000457,-0.000306,-0.000115,-0.002269,-6.4e-05,0.0,-4e-06,-0.002344,0.0,-0.002284,-0.001325,0.0,-0.00177,-0.0026,-0.000895,0.0,-0.000532,-1.2e-05,0.0,-0.000483,0.0,-0.000228,-0.000238,0.0,-0.000301,-0.001252,0.0,-0.002191,-0.000446,0.0,-0.001098,0.0,-0.000285,-0.000969,-0.000932,-0.00128,-0.000598,0.0,0.0,-0.000539,-0.000397,-0.00033,0.0,0.0,-0.000216,0.0,0.0,-0.0008,-0.000735,-0.002017,-0.001594,0.0,-0.000357,-0.002392,-0.000552,-0.001328,0.0,-0.000337,-0.000411,-9e-06,0.0,-0.000287,-0.000255,0.0,-0.000134,0.0,-0.001083,0.0,-0.000777,0.0,-0.001024,-0.001887,-0.000106,-0.000123,-0.001745,0.0,0.0,0.0,-0.000106,-0.000623,-0.000444,0.0,-0.000207,-0.000865,-0.00246,-0.002562,0.0,-0.001898,0.0,-0.001989,-0.000794,0.0,-0.000569,-0.00262,-0.000643,-0.001397,-0.001901,-0.002658,-0.000458,-0.000472,-0.000373,0.0,-0.000534,-0.001239,-0.001515,-0.000851
2017-05-29 07:47:00+02:00,0.0,0.0,-0.000356,-0.00169,-0.000348,0.0,-0.000722,-0.000881,-0.001121,-6.2e-05,0.0,0.0,-0.000473,-0.000315,-0.000118,-0.002303,-5.8e-05,0.0,-3e-06,-0.002389,0.0,-0.002329,-0.001353,0.0,-0.00181,-0.002639,-0.000917,0.0,-0.000544,-9e-06,0.0,-0.0005,0.0,-0.000236,-0.000242,0.0,-0.000308,-0.001277,0.0,-0.002234,-0.000461,0.0,-0.00112,0.0,-0.000292,-0.000983,-0.00095,-0.001311,-0.000615,0.0,0.0,-0.000558,-0.000409,-0.000341,0.0,0.0,-0.000216,0.0,0.0,-0.000817,-0.000758,-0.002058,-0.00162,0.0,-0.000364,-0.002429,-0.000566,-0.00136,0.0,-0.000347,-0.000424,-7e-06,0.0,-0.000295,-0.00026,0.0,-0.00013,0.0,-0.001105,0.0,-0.000798,0.0,-0.00104,-0.001927,-0.000105,-0.00012,-0.001787,0.0,0.0,0.0,-0.000109,-0.000641,-0.00046,0.0,-0.00021,-0.000885,-0.002495,-0.002599,0.0,-0.001936,0.0,-0.00202,-0.000813,0.0,-0.000586,-0.002672,-0.000666,-0.001425,-0.001929,-0.002698,-0.000473,-0.000483,-0.000384,0.0,-0.000546,-0.001263,-0.001538,-0.000878
2017-05-29 07:48:00+02:00,0.0,0.0,-0.000362,-0.00172,-0.000359,0.0,-0.000741,-0.000904,-0.001152,-6.3e-05,0.0,0.0,-0.000491,-0.000326,-0.000121,-0.002341,-5.4e-05,0.0,-3e-06,-0.002432,0.0,-0.002372,-0.001384,0.0,-0.001852,-0.002682,-0.00094,0.0,-0.000557,-7e-06,0.0,-0.000518,0.0,-0.000244,-0.000247,0.0,-0.000318,-0.001305,0.0,-0.00228,-0.000476,0.0,-0.001142,0.0,-0.000301,-0.001002,-0.000969,-0.001341,-0.000633,0.0,0.0,-0.000576,-0.000422,-0.000352,0.0,0.0,-0.000218,0.0,0.0,-0.000837,-0.000781,-0.002102,-0.001648,0.0,-0.000371,-0.002468,-0.000582,-0.001391,0.0,-0.000359,-0.000437,-6e-06,0.0,-0.000305,-0.000265,0.0,-0.000131,0.0,-0.00113,0.0,-0.000821,0.0,-0.00106,-0.001969,-0.000107,-0.000117,-0.00183,0.0,0.0,0.0,-0.000113,-0.000661,-0.000478,0.0,-0.000214,-0.000907,-0.002534,-0.002639,0.0,-0.001977,0.0,-0.002054,-0.000832,0.0,-0.000604,-0.002728,-0.00069,-0.001456,-0.00196,-0.002741,-0.000488,-0.000495,-0.000394,0.0,-0.000561,-0.001287,-0.001565,-0.000907
2017-05-29 07:49:00+02:00,0.0,0.0,-0.000376,-0.001759,-0.000376,0.0,-0.000765,-0.000933,-0.001189,-6.8e-05,0.0,0.0,-0.000512,-0.000339,-0.000125,-0.002389,-5.9e-05,0.0,-2e-06,-0.002484,0.0,-0.002425,-0.001421,0.0,-0.001903,-0.002735,-0.000968,0.0,-0.000576,-6e-06,0.0,-0.00054,0.0,-0.000254,-0.000254,0.0,-0.000335,-0.001339,0.0,-0.002335,-0.000495,0.0,-0.001172,0.0,-0.000316,-0.001029,-0.000996,-0.001377,-0.000657,0.0,0.0,-0.000598,-0.000438,-0.000366,0.0,0.0,-0.000227,0.0,0.0,-0.000864,-0.000807,-0.002155,-0.001686,0.0,-0.000385,-0.002518,-0.000603,-0.001429,0.0,-0.000373,-0.000453,-6e-06,0.0,-0.000316,-0.000273,0.0,-0.00014,0.0,-0.001162,0.0,-0.000847,0.0,-0.001088,-0.002021,-0.000116,-0.000124,-0.001881,0.0,0.0,0.0,-0.00012,-0.000684,-0.000498,0.0,-0.000219,-0.000938,-0.002583,-0.00269,0.0,-0.002028,0.0,-0.002098,-0.000856,0.0,-0.000626,-0.002795,-0.000717,-0.001495,-0.002001,-0.002794,-0.000507,-0.000512,-0.000409,0.0,-0.000583,-0.001318,-0.001601,-0.00094
2017-05-29 07:50:00+02:00,0.0,0.0,-0.000387,-0.001778,-0.000386,0.0,-0.000784,-0.000955,-0.00122,-6.5e-05,0.0,0.0,-0.00053,-0.00035,-0.000127,-0.002414,-6e-05,0.0,-2e-06,-0.002531,0.0,-0.002472,-0.001451,0.0,-0.001944,-0.002765,-0.000991,0.0,-0.000583,-5e-06,0.0,-0.000558,0.0,-0.000262,-0.000259,0.0,-0.000343,-0.001365,0.0,-0.002378,-0.000511,0.0,-0.001197,0.0,-0.000325,-0.001035,-0.001007,-0.00141,-0.000674,0.0,0.0,-0.000619,-0.00045,-0.000378,0.0,0.0,-0.000233,0.0,0.0,-0.000882,-0.000832,-0.002196,-0.001703,0.0,-0.000396,-0.002545,-0.000618,-0.001463,0.0,-0.000385,-0.000467,-5e-06,0.0,-0.000326,-0.000278,0.0,-0.000133,0.0,-0.001185,0.0,-0.000866,0.0,-0.001097,-0.002061,-0.000119,-0.000127,-0.001923,0.0,0.0,0.0,-0.000125,-0.000702,-0.000516,0.0,-0.000221,-0.000957,-0.002609,-0.002718,0.0,-0.002066,0.0,-0.002119,-0.000878,0.0,-0.000644,-0.002847,-0.000741,-0.001524,-0.00202,-0.002824,-0.000523,-0.000518,-0.000422,0.0,-0.000596,-0.001346,-0.001615,-0.000969
2017-05-29 07:51:00+02:00,0.0,0.0,-0.000396,-0.001791,-0.000394,0.0,-0.0008,-0.000976,-0.001248,-6.2e-05,0.0,0.0,-0.000549,-0.000362,-0.000131,-0.002431,-6.1e-05,0.0,-1e-06,-0.002573,0.0,-0.002515,-0.001477,0.0,-0.001981,-0.002786,-0.001011,0.0,-0.000588,-4e-06,0.0,-0.000576,0.0,-0.000271,-0.000265,0.0,-0.00035,-0.001389,0.0,-0.002418,-0.000526,0.0,-0.00122,0.0,-0.000332,-0.001038,-0.001015,-0.00144,-0.00069,0.0,0.0,-0.000639,-0.000462,-0.000391,0.0,0.0,-0.000239,0.0,0.0,-0.000898,-0.000856,-0.002233,-0.001714,0.0,-0.000406,-0.002564,-0.000631,-0.001495,0.0,-0.000395,-0.000481,-4e-06,0.0,-0.000338,-0.000285,0.0,-0.000125,0.0,-0.001206,0.0,-0.000882,0.0,-0.001101,-0.002098,-0.000121,-0.00013,-0.001961,0.0,0.0,0.0,-0.000129,-0.000717,-0.000534,0.0,-0.000224,-0.000974,-0.002628,-0.002737,0.0,-0.0021,0.0,-0.002134,-0.000897,0.0,-0.00066,-0.002896,-0.000765,-0.001549,-0.002032,-0.002844,-0.000539,-0.000522,-0.000433,0.0,-0.000608,-0.00137,-0.001624,-0.000997
2017-05-29 07:52:00+02:00,0.0,0.0,-0.000403,-0.0018,-0.000403,0.0,-0.000815,-0.000995,-0.001271,-5.9e-05,0.0,0.0,-0.000567,-0.000374,-0.000134,-0.002444,-6.2e-05,0.0,-1e-06,-0.002609,0.0,-0.002551,-0.001501,0.0,-0.002012,-0.002801,-0.00103,0.0,-0.000592,-3e-06,0.0,-0.000593,0.0,-0.00028,-0.000271,0.0,-0.000355,-0.00141,0.0,-0.002449,-0.00054,0.0,-0.001239,0.0,-0.000339,-0.001041,-0.001021,-0.001466,-0.000703,0.0,0.0,-0.000658,-0.000473,-0.000404,0.0,0.0,-0.000243,0.0,0.0,-0.000913,-0.000878,-0.002264,-0.001722,0.0,-0.000414,-0.002577,-0.000643,-0.001522,0.0,-0.000405,-0.000494,-3e-06,0.0,-0.000349,-0.000292,0.0,-0.00012,0.0,-0.001225,0.0,-0.000896,0.0,-0.001105,-0.002129,-0.000124,-0.000132,-0.001994,0.0,0.0,0.0,-0.000133,-0.000732,-0.000552,0.0,-0.000228,-0.000988,-0.00264,-0.00275,0.0,-0.002128,0.0,-0.002145,-0.000913,0.0,-0.000676,-0.002936,-0.000788,-0.001569,-0.00204,-0.002859,-0.000553,-0.000525,-0.000443,0.0,-0.000619,-0.00139,-0.001629,-0.001022
2017-05-29 07:53:00+02:00,0.0,0.0,-0.000402,-0.0018,-0.000403,0.0,-0.00082,-0.001004,-0.001285,-5.5e-05,0.0,0.0,-0.00058,-0.000382,-0.000135,-0.002443,-5.7e-05,0.0,-1e-06,-0.002625,0.0,-0.002569,-0.00151,0.0,-0.002027,-0.002802,-0.001038,0.0,-0.000593,-2e-06,0.0,-0.000604,0.0,-0.000286,-0.000275,0.0,-0.000352,-0.001416,0.0,-0.002464,-0.000548,0.0,-0.001246,0.0,-0.000338,-0.001036,-0.001021,-0.001481,-0.000709,0.0,0.0,-0.000671,-0.00048,-0.000413,0.0,0.0,-0.00024,0.0,0.0,-0.000915,-0.000893,-0.002277,-0.00172,0.0,-0.000414,-0.002577,-0.000646,-0.001537,0.0,-0.000409,-0.000501,-3e-06,0.0,-0.000356,-0.000295,0.0,-0.000111,0.0,-0.001229,0.0,-0.000904,0.0,-0.001101,-0.002143,-0.00012,-0.000127,-0.002012,0.0,0.0,0.0,-0.000133,-0.000742,-0.000564,0.0,-0.000229,-0.00099,-0.002639,-0.00275,0.0,-0.002139,0.0,-0.002144,-0.000922,0.0,-0.000684,-0.002956,-0.000804,-0.001575,-0.002037,-0.002859,-0.000561,-0.000525,-0.000449,0.0,-0.000619,-0.001397,-0.001626,-0.001039
2017-05-29 07:54:00+02:00,0.0,0.0,-0.000391,-0.001788,-0.000393,0.0,-0.000815,-0.001001,-0.001284,-4.7e-05,0.0,0.0,-0.000589,-0.000388,-0.000135,-0.00243,-4.5e-05,0.0,-1e-06,-0.002619,0.0,-0.002564,-0.001503,0.0,-0.00202,-0.002788,-0.001034,0.0,-0.000587,-2e-06,0.0,-0.000609,0.0,-0.000289,-0.000277,0.0,-0.000337,-0.001408,0.0,-0.002452,-0.000551,0.0,-0.001238,0.0,-0.000328,-0.00102,-0.001012,-0.001482,-0.000704,0.0,0.0,-0.000679,-0.000486,-0.00042,0.0,0.0,-0.000229,0.0,0.0,-0.000905,-0.0009,-0.002266,-0.001707,0.0,-0.000405,-0.002564,-0.00064,-0.001538,0.0,-0.000407,-0.000503,-2e-06,0.0,-0.000363,-0.000298,0.0,-9.4e-05,0.0,-0.00122,0.0,-0.000908,0.0,-0.001087,-0.002134,-0.000108,-0.000114,-0.002009,0.0,0.0,0.0,-0.00013,-0.000748,-0.000573,0.0,-0.00023,-0.000975,-0.002625,-0.002735,0.0,-0.002126,0.0,-0.00213,-0.000919,0.0,-0.000685,-0.002947,-0.000812,-0.001561,-0.002022,-0.002845,-0.000564,-0.000519,-0.000447,0.0,-0.000608,-0.001389,-0.001611,-0.001046
2017-05-29 07:55:00+02:00,0.0,0.0,-0.000381,-0.001772,-0.000384,0.0,-0.000805,-0.000992,-0.001275,-4.3e-05,0.0,0.0,-0.000597,-0.000395,-0.000136,-0.002408,-3.6e-05,0.0,-1e-06,-0.002598,0.0,-0.002545,-0.001489,0.0,-0.002004,-0.002764,-0.001023,0.0,-0.00058,-2e-06,0.0,-0.000611,0.0,-0.000294,-0.000281,0.0,-0.000324,-0.001392,0.0,-0.002429,-0.00055,0.0,-0.001225,0.0,-0.000319,-0.001006,-0.001,-0.001472,-0.000696,0.0,0.0,-0.000683,-0.000492,-0.000427,0.0,0.0,-0.000218,0.0,0.0,-0.000892,-0.000901,-0.002245,-0.00169,0.0,-0.000395,-0.002542,-0.000631,-0.001528,0.0,-0.000403,-0.000502,-2e-06,0.0,-0.000369,-0.000302,0.0,-8.5e-05,0.0,-0.001205,0.0,-0.000909,0.0,-0.001073,-0.002116,-9.8e-05,-0.000103,-0.001993,0.0,0.0,0.0,-0.000127,-0.000753,-0.00058,0.0,-0.000233,-0.000958,-0.002601,-0.002711,0.0,-0.002104,0.0,-0.002111,-0.00091,0.0,-0.000682,-0.002924,-0.000817,-0.001542,-0.002001,-0.00282,-0.000563,-0.000513,-0.000444,0.0,-0.000596,-0.001374,-0.001594,-0.001047
2017-05-29 07:56:00+02:00,0.0,0.0,-0.000344,-0.001741,-0.000357,0.0,-0.000784,-0.000975,-0.001264,-3.4e-05,0.0,0.0,-0.0006,-0.000397,-0.000134,-0.002374,-2.9e-05,0.0,-0.0,-0.002561,0.0,-0.002509,-0.001459,0.0,-0.00198,-0.002729,-0.001003,0.0,-0.000564,-1e-06,0.0,-0.00061,0.0,-0.000294,-0.00028,0.0,-0.000294,-0.001361,0.0,-0.002397,-0.000543,0.0,-0.00119,0.0,-0.000291,-0.000972,-0.000978,-0.001454,-0.000682,0.0,0.0,-0.000682,-0.000493,-0.00043,0.0,0.0,-0.000183,0.0,0.0,-0.00086,-0.000896,-0.002214,-0.001658,0.0,-0.000362,-0.002507,-0.00061,-0.00151,0.0,-0.00039,-0.000493,-1e-06,0.0,-0.00037,-0.000302,0.0,-6.8e-05,0.0,-0.001173,0.0,-0.000905,0.0,-0.001042,-0.002089,-7.9e-05,-8.2e-05,-0.001977,0.0,0.0,0.0,-0.000116,-0.000753,-0.000583,0.0,-0.000231,-0.000926,-0.002566,-0.002675,0.0,-0.002071,0.0,-0.002077,-0.00089,0.0,-0.000671,-0.002894,-0.00082,-0.00151,-0.001966,-0.002784,-0.000556,-0.000496,-0.000429,0.0,-0.000564,-0.001337,-0.001559,-0.001046
2017-05-29 07:57:00+02:00,0.0,0.0,-0.000375,-0.001796,-0.00039,0.0,-0.000822,-0.001017,-0.001314,-4.5e-05,0.0,0.0,-0.000628,-0.000415,-0.00014,-0.002438,-4.6e-05,0.0,-0.0,-0.002633,0.0,-0.002582,-0.001514,0.0,-0.002048,-0.002799,-0.001046,0.0,-0.000592,-3e-06,0.0,-0.00064,0.0,-0.000308,-0.00029,0.0,-0.000327,-0.001412,0.0,-0.00247,-0.000571,0.0,-0.001237,0.0,-0.000323,-0.001013,-0.001017,-0.001506,-0.000716,0.0,0.0,-0.000713,-0.000515,-0.000449,0.0,0.0,-0.000209,0.0,0.0,-0.000904,-0.000934,-0.002285,-0.00171,0.0,-0.000392,-0.002574,-0.000644,-0.001564,0.0,-0.000415,-0.000518,-2e-06,0.0,-0.000386,-0.000312,0.0,-8.7e-05,0.0,-0.001222,0.0,-0.000941,0.0,-0.001083,-0.002158,-0.000104,-0.000105,-0.002044,0.0,0.0,0.0,-0.000131,-0.000784,-0.000611,0.0,-0.000239,-0.000973,-0.002631,-0.002742,0.0,-0.002139,0.0,-0.002137,-0.000928,0.0,-0.000704,-0.002978,-0.000856,-0.001565,-0.002023,-0.002854,-0.000584,-0.000522,-0.000454,0.0,-0.000603,-0.001387,-0.00161,-0.00109
2017-05-29 07:58:00+02:00,0.0,0.0,-0.000437,-0.001884,-0.000448,0.0,-0.000883,-0.00108,-0.001383,-7.1e-05,0.0,0.0,-0.000664,-0.000438,-0.00015,-0.002541,-9.2e-05,0.0,-7e-06,-0.002748,0.0,-0.002696,-0.0016,0.0,-0.002145,-0.002909,-0.001112,0.0,-0.000639,-2.1e-05,0.0,-0.000679,0.0,-0.000328,-0.000303,0.0,-0.000382,-0.001494,0.0,-0.002576,-0.000612,0.0,-0.00132,0.0,-0.00038,-0.001086,-0.00108,-0.001585,-0.000767,0.0,0.0,-0.000756,-0.000546,-0.000473,0.0,0.0,-0.000264,0.0,0.0,-0.000977,-0.000988,-0.002387,-0.001797,0.0,-0.000451,-0.002679,-0.0007,-0.001645,0.0,-0.000455,-0.000558,-1.3e-05,0.0,-0.000409,-0.000326,0.0,-0.000134,0.0,-0.001301,0.0,-0.000992,0.0,-0.001157,-0.002256,-0.000153,-0.000159,-0.002136,0.0,0.0,0.0,-0.000157,-0.000828,-0.000646,0.0,-0.000251,-0.001047,-0.002731,-0.002846,0.0,-0.002238,0.0,-0.002233,-0.000991,0.0,-0.000752,-0.003097,-0.000904,-0.001649,-0.002115,-0.002964,-0.000625,-0.000567,-0.000496,0.0,-0.00067,-0.001474,-0.001695,-0.001147
2017-05-29 07:59:00+02:00,0.0,0.0,-0.000461,-0.001921,-0.000471,0.0,-0.000912,-0.001113,-0.001422,-7.9e-05,0.0,0.0,-0.000688,-0.000453,-0.000155,-0.002586,-0.000106,0.0,-5e-06,-0.002808,0.0,-0.002757,-0.001642,0.0,-0.002197,-0.002958,-0.001145,0.0,-0.000659,-2.3e-05,0.0,-0.000703,0.0,-0.00034,-0.000311,0.0,-0.000403,-0.001532,0.0,-0.002628,-0.000634,0.0,-0.001359,0.0,-0.000402,-0.001115,-0.001107,-0.00163,-0.000793,0.0,0.0,-0.000784,-0.000564,-0.00049,0.0,0.0,-0.000285,0.0,0.0,-0.001009,-0.001021,-0.002438,-0.001834,0.0,-0.000475,-0.002726,-0.000726,-0.00169,0.0,-0.000474,-0.00058,-1.4e-05,0.0,-0.000424,-0.000335,0.0,-0.000148,0.0,-0.001337,0.0,-0.00102,0.0,-0.001187,-0.002306,-0.000171,-0.000177,-0.002188,0.0,0.0,0.0,-0.000168,-0.000853,-0.000669,0.0,-0.000257,-0.001078,-0.002775,-0.002893,0.0,-0.002287,0.0,-0.002275,-0.001023,0.0,-0.000778,-0.00316,-0.000934,-0.001688,-0.002153,-0.003013,-0.000648,-0.000587,-0.000516,0.0,-0.000698,-0.001515,-0.00173,-0.001183
2017-05-29 08:00:00+02:00,0.0,0.0,-0.000455,-0.001909,-0.000469,0.0,-0.000913,-0.001116,-0.001429,-7.2e-05,0.0,0.0,-0.000698,-0.00046,-0.000156,-0.002572,-9.6e-05,0.0,-4e-06,-0.002808,0.0,-0.002758,-0.001642,0.0,-0.002202,-0.002944,-0.001148,0.0,-0.000655,-1.9e-05,0.0,-0.000711,0.0,-0.000345,-0.000314,0.0,-0.000397,-0.00153,0.0,-0.002628,-0.000639,0.0,-0.001357,0.0,-0.000399,-0.001102,-0.0011,-0.001635,-0.000794,0.0,0.0,-0.000793,-0.000569,-0.000497,0.0,0.0,-0.000278,0.0,0.0,-0.001006,-0.00103,-0.002438,-0.001821,0.0,-0.00047,-0.002712,-0.000725,-0.001696,0.0,-0.000475,-0.000583,-1.1e-05,0.0,-0.00043,-0.000338,0.0,-0.000135,0.0,-0.001335,0.0,-0.001023,0.0,-0.001175,-0.002308,-0.000165,-0.000168,-0.002194,0.0,0.0,0.0,-0.000168,-0.000858,-0.000679,0.0,-0.000258,-0.001074,-0.002761,-0.002878,0.0,-0.002286,0.0,-0.002261,-0.001024,0.0,-0.000782,-0.003163,-0.000945,-0.001684,-0.002138,-0.002999,-0.000653,-0.000581,-0.000517,0.0,-0.000694,-0.001513,-0.001716,-0.001194
2017-05-29 08:01:00+02:00,0.0,0.0,-0.000377,-0.001843,-0.00043,0.0,-0.00088,-0.001086,-0.001403,-5.8e-05,0.0,0.0,-0.000694,-0.000457,-0.000151,-0.002494,-7.6e-05,0.0,-3e-06,-0.002614,0.0,-0.002568,-0.001595,0.0,-0.002156,-0.002862,-0.001114,0.0,-0.000621,-1.5e-05,0.0,-0.000702,0.0,-0.00034,-0.00031,0.0,-0.000355,-0.001482,0.0,-0.002571,-0.000624,0.0,-0.001251,0.0,-0.000361,-0.00104,-0.001054,-0.001532,-0.000768,0.0,0.0,-0.000746,-0.000558,-0.000494,0.0,0.0,-0.000222,0.0,0.0,-0.000959,-0.000967,-0.002384,-0.001753,0.0,-0.000397,-0.002632,-0.000693,-0.001587,0.0,-0.000455,-0.000542,-9e-06,0.0,-0.000405,-0.000334,0.0,-0.000108,0.0,-0.001288,0.0,-0.001,0.0,-0.001114,-0.002257,-0.000132,-0.000134,-0.002158,0.0,0.0,0.0,-0.000151,-0.000842,-0.000674,0.0,-0.000251,-0.001025,-0.002683,-0.002797,0.0,-0.002231,0.0,-0.002187,-0.000951,0.0,-0.000762,-0.003105,-0.000937,-0.001633,-0.002064,-0.002916,-0.000638,-0.000548,-0.000472,0.0,-0.00065,-0.001399,-0.001647,-0.00118
2017-05-29 08:02:00+02:00,0.0,0.0,-0.000332,-0.001806,-0.000413,0.0,-0.000866,-0.001074,-0.001392,-4.6e-05,0.0,0.0,-0.000696,-0.000458,-0.000149,-0.002449,-6.1e-05,0.0,-3e-06,-0.002481,0.0,-0.002436,-0.001572,0.0,-0.002133,-0.002815,-0.0011,0.0,-0.000605,-1.2e-05,0.0,-0.0007,0.0,-0.00034,-0.000308,0.0,-0.000335,-0.001459,0.0,-0.00254,-0.000619,0.0,-0.001186,0.0,-0.000344,-0.001007,-0.001031,-0.001464,-0.000756,0.0,0.0,-0.000717,-0.000555,-0.000496,0.0,0.0,-0.000179,0.0,0.0,-0.000937,-0.000927,-0.002355,-0.001716,0.0,-0.000354,-0.002586,-0.000679,-0.001514,0.0,-0.000447,-0.000518,-7e-06,0.0,-0.000389,-0.000332,0.0,-8.6e-05,0.0,-0.001264,0.0,-0.00099,0.0,-0.001082,-0.002231,-0.000114,-0.000107,-0.002141,0.0,0.0,0.0,-0.000144,-0.000837,-0.000676,0.0,-0.000247,-0.001,-0.002637,-0.002749,0.0,-0.002202,0.0,-0.002145,-0.000905,0.0,-0.000755,-0.003074,-0.000938,-0.001606,-0.002022,-0.002867,-0.000634,-0.000532,-0.000445,0.0,-0.000629,-0.001328,-0.00161,-0.001177
2017-05-29 08:03:00+02:00,0.0,0.0,-0.000279,-0.001792,-0.000407,0.0,-0.000863,-0.001073,-0.001395,-3.9e-05,0.0,0.0,-0.000705,-0.000464,-0.00015,-0.002429,-4.9e-05,0.0,-2e-06,-0.002364,0.0,-0.002321,-0.001566,0.0,-0.002131,-0.002793,-0.001098,0.0,-0.000601,-1e-05,0.0,-0.000706,0.0,-0.000344,-0.000311,0.0,-0.00033,-0.001451,0.0,-0.002533,-0.000622,0.0,-0.00112,0.0,-0.000338,-0.000996,-0.001024,-0.001404,-0.000756,0.0,0.0,-0.000692,-0.000558,-0.000503,0.0,0.0,-0.000143,0.0,0.0,-0.000929,-0.000892,-0.002349,-0.001702,0.0,-0.000305,-0.002565,-0.000675,-0.00145,0.0,-0.000446,-0.000493,-6e-06,0.0,-0.000375,-0.000335,0.0,-7.3e-05,0.0,-0.001256,0.0,-0.00099,0.0,-0.001071,-0.002227,-0.000107,-8.6e-05,-0.002143,0.0,0.0,0.0,-0.000143,-0.00084,-0.000685,0.0,-0.000248,-0.000994,-0.002616,-0.002727,0.0,-0.002195,0.0,-0.002128,-0.00086,0.0,-0.000756,-0.00307,-0.000948,-0.001599,-0.002004,-0.002845,-0.000636,-0.000528,-0.000417,0.0,-0.000622,-0.001257,-0.001595,-0.001186
2017-05-29 08:04:00+02:00,0.0,0.0,-0.000274,-0.001784,-0.000403,0.0,-0.000852,-0.00106,-0.001385,-4.1e-05,0.0,0.0,-0.000713,-0.000472,-0.000154,-0.002413,-3.9e-05,0.0,-2e-06,-0.00229,0.0,-0.002249,-0.001547,0.0,-0.002116,-0.002772,-0.001083,0.0,-0.000601,-8e-06,0.0,-0.000709,0.0,-0.000351,-0.000318,0.0,-0.000333,-0.001432,0.0,-0.00251,-0.000619,0.0,-0.001095,0.0,-0.000335,-0.000994,-0.001019,-0.001365,-0.000753,0.0,0.0,-0.00068,-0.000566,-0.000512,0.0,0.0,-0.000136,0.0,0.0,-0.000917,-0.000873,-0.002329,-0.001695,0.0,-0.0003,-0.002547,-0.000666,-0.001409,0.0,-0.000442,-0.000486,-4e-06,0.0,-0.000373,-0.000343,0.0,-7.6e-05,0.0,-0.001241,0.0,-0.000991,0.0,-0.001069,-0.00221,-0.000105,-6.9e-05,-0.002122,0.0,0.0,0.0,-0.000142,-0.000844,-0.000692,0.0,-0.000254,-0.00099,-0.002595,-0.002704,0.0,-0.002176,0.0,-0.002115,-0.000841,0.0,-0.00075,-0.003043,-0.000951,-0.001586,-0.001992,-0.002822,-0.000633,-0.000529,-0.00041,0.0,-0.000614,-0.001228,-0.001588,-0.001184
2017-05-29 08:05:00+02:00,0.0,0.0,-0.000219,-0.001721,-0.000341,0.0,-0.000796,-0.001007,-0.001346,-3.3e-05,0.0,0.0,-0.000704,-0.000467,-0.000147,-0.002339,-3.1e-05,0.0,-1e-06,-0.002159,0.0,-0.002121,-0.001466,0.0,-0.002052,-0.002694,-0.001025,0.0,-0.000566,-6e-06,0.0,-0.000693,0.0,-0.000344,-0.000312,0.0,-0.000281,-0.001352,0.0,-0.002434,-0.000589,0.0,-0.001012,0.0,-0.000274,-0.000932,-0.000973,-0.001292,-0.000717,0.0,0.0,-0.000649,-0.000556,-0.000507,0.0,0.0,-0.000109,0.0,0.0,-0.000842,-0.00083,-0.002256,-0.00163,0.0,-0.00024,-0.002472,-0.000612,-0.001333,0.0,-0.000406,-0.000453,-4e-06,0.0,-0.000358,-0.000338,0.0,-6.1e-05,0.0,-0.001162,0.0,-0.000969,0.0,-0.001009,-0.002142,-8.4e-05,-5.5e-05,-0.002069,0.0,0.0,0.0,-0.000115,-0.000829,-0.000683,0.0,-0.000249,-0.000928,-0.002522,-0.002627,0.0,-0.002102,0.0,-0.002045,-0.000783,0.0,-0.000712,-0.002964,-0.000937,-0.00152,-0.001922,-0.002743,-0.000603,-0.000495,-0.000372,0.0,-0.000543,-0.001139,-0.001521,-0.001162
2017-05-29 08:06:00+02:00,0.0,0.0,-0.000267,-0.001791,-0.000384,0.0,-0.000834,-0.001045,-0.001393,-5.4e-05,0.0,0.0,-0.000736,-0.00049,-0.000159,-0.002415,-4.7e-05,0.0,-1e-06,-0.0022,0.0,-0.002162,-0.001518,0.0,-0.002119,-0.002772,-0.001065,0.0,-0.000606,-7e-06,0.0,-0.000725,0.0,-0.000364,-0.000329,0.0,-0.00033,-0.001402,0.0,-0.002503,-0.000618,0.0,-0.001063,0.0,-0.000316,-0.000994,-0.001024,-0.001328,-0.000756,0.0,0.0,-0.000674,-0.000586,-0.000532,0.0,0.0,-0.000145,0.0,0.0,-0.00089,-0.000858,-0.002324,-0.001699,0.0,-0.000287,-0.00255,-0.000649,-0.001367,0.0,-0.000434,-0.00048,-1.1e-05,0.0,-0.000374,-0.000355,0.0,-9.9e-05,0.0,-0.001211,0.0,-0.001011,0.0,-0.001071,-0.002208,-0.000116,-8.1e-05,-0.002127,0.0,0.0,0.0,-0.000135,-0.000867,-0.000715,0.0,-0.000264,-0.000986,-0.002595,-0.002701,0.0,-0.002168,0.0,-0.002119,-0.00082,0.0,-0.000744,-0.003039,-0.000974,-0.001579,-0.001993,-0.002821,-0.000632,-0.000534,-0.000402,0.0,-0.000589,-0.001191,-0.001589,-0.001204
2017-05-29 08:07:00+02:00,0.0,0.0,-0.000295,-0.001834,-0.000408,0.0,-0.000858,-0.001071,-0.00143,-6.3e-05,0.0,0.0,-0.000764,-0.000511,-0.000168,-0.002464,-4.7e-05,0.0,-1e-06,-0.002227,0.0,-0.00219,-0.001552,0.0,-0.00217,-0.002823,-0.001092,0.0,-0.00063,-6e-06,0.0,-0.000751,0.0,-0.00038,-0.000342,0.0,-0.000359,-0.001433,0.0,-0.002554,-0.000638,0.0,-0.001096,0.0,-0.000339,-0.001028,-0.001054,-0.001354,-0.000784,0.0,0.0,-0.000694,-0.000609,-0.000554,0.0,0.0,-0.000163,0.0,0.0,-0.000918,-0.00088,-0.002375,-0.001741,0.0,-0.000315,-0.0026,-0.000671,-0.001393,0.0,-0.000451,-0.000499,-1e-05,0.0,-0.000387,-0.000369,0.0,-0.000112,0.0,-0.001241,0.0,-0.001042,0.0,-0.001106,-0.002258,-0.000129,-8.9e-05,-0.002174,0.0,0.0,0.0,-0.000147,-0.000896,-0.000742,0.0,-0.000276,-0.001022,-0.002643,-0.002749,0.0,-0.002216,0.0,-0.002165,-0.000845,0.0,-0.000767,-0.003098,-0.001007,-0.001619,-0.002036,-0.002871,-0.000652,-0.000556,-0.000422,0.0,-0.000615,-0.001224,-0.001629,-0.00124
2017-05-29 08:08:00+02:00,0.0,0.0,-0.000325,-0.001866,-0.000435,0.0,-0.000884,-0.001099,-0.00147,-6.7e-05,0.0,0.0,-0.000799,-0.000539,-0.00018,-0.0025,-5.4e-05,0.0,-1e-06,-0.002267,0.0,-0.002231,-0.001593,0.0,-0.00223,-0.002862,-0.001121,0.0,-0.000646,-4e-06,0.0,-0.000782,0.0,-0.000402,-0.000363,0.0,-0.000392,-0.00147,0.0,-0.002616,-0.000661,0.0,-0.001135,0.0,-0.000366,-0.001052,-0.001074,-0.001385,-0.000814,0.0,0.0,-0.000719,-0.000631,-0.000584,0.0,0.0,-0.000185,0.0,0.0,-0.000951,-0.000907,-0.002435,-0.001771,0.0,-0.000345,-0.002637,-0.000695,-0.001423,0.0,-0.000471,-0.000521,-8e-06,0.0,-0.000407,-0.000391,0.0,-0.00012,0.0,-0.001277,0.0,-0.001067,0.0,-0.00113,-0.002318,-0.000148,-0.000102,-0.002225,0.0,0.0,0.0,-0.000161,-0.000921,-0.000776,0.0,-0.000289,-0.001066,-0.00268,-0.002785,0.0,-0.002273,0.0,-0.002199,-0.000873,0.0,-0.000791,-0.00317,-0.001046,-0.001668,-0.002067,-0.00291,-0.000675,-0.000571,-0.000443,0.0,-0.000646,-0.001264,-0.001658,-0.001281
2017-05-29 08:09:00+02:00,0.0,0.0,-0.000339,-0.001903,-0.00045,0.0,-0.000909,-0.00113,-0.001521,-6.3e-05,0.0,0.0,-0.00084,-0.000569,-0.000191,-0.002547,-4.5e-05,0.0,-1e-06,-0.002315,0.0,-0.00228,-0.001633,0.0,-0.002302,-0.002917,-0.001151,0.0,-0.00066,-4e-06,0.0,-0.000818,0.0,-0.000425,-0.000383,0.0,-0.000413,-0.001506,0.0,-0.002693,-0.000686,0.0,-0.001167,0.0,-0.000379,-0.001069,-0.001095,-0.001422,-0.000846,0.0,0.0,-0.000748,-0.000656,-0.000616,0.0,0.0,-0.000191,0.0,0.0,-0.000975,-0.000939,-0.002508,-0.001804,0.0,-0.000361,-0.002687,-0.000715,-0.001461,0.0,-0.000488,-0.000542,-6e-06,0.0,-0.000427,-0.000413,0.0,-0.000112,0.0,-0.001309,0.0,-0.001099,0.0,-0.00115,-0.002391,-0.00015,-9.9e-05,-0.002296,0.0,0.0,0.0,-0.000168,-0.000954,-0.000816,0.0,-0.000302,-0.001104,-0.002734,-0.002838,0.0,-0.00234,0.0,-0.002241,-0.0009,0.0,-0.000818,-0.003264,-0.001094,-0.00172,-0.002105,-0.002965,-0.0007,-0.000583,-0.000461,0.0,-0.000664,-0.001298,-0.001687,-0.001335
2017-05-29 08:10:00+02:00,0.0,0.0,-0.000436,-0.002064,-0.000543,0.0,-0.00101,-0.001241,-0.00165,-0.000103,0.0,0.0,-0.000919,-0.000626,-0.000216,-0.002737,-0.000109,0.0,-2e-05,-0.002507,0.0,-0.002472,-0.001784,0.0,-0.002486,-0.003123,-0.001265,0.0,-0.000741,-3.2e-05,0.0,-0.000899,0.0,-0.000471,-0.000422,0.0,-0.000504,-0.001648,0.0,-0.002893,-0.000761,0.0,-0.001305,0.0,-0.000468,-0.001192,-0.001204,-0.001556,-0.000939,0.0,0.0,-0.000828,-0.000721,-0.000677,0.0,0.0,-0.000273,0.0,0.0,-0.001095,-0.001036,-0.0027,-0.001962,0.0,-0.000457,-0.002883,-0.000806,-0.001596,0.0,-0.000556,-0.000613,-2.7e-05,0.0,-0.000476,-0.000454,0.0,-0.00018,0.0,-0.001442,0.0,-0.001198,0.0,-0.001277,-0.002578,-0.000224,-0.000175,-0.002468,0.0,0.0,0.0,-0.000213,-0.001042,-0.000893,0.0,-0.000335,-0.001231,-0.002931,-0.003038,0.0,-0.002523,0.0,-0.002418,-0.001005,0.0,-0.000905,-0.003491,-0.001193,-0.001872,-0.002274,-0.003173,-0.000777,-0.000661,-0.000533,0.0,-0.00077,-0.001443,-0.001839,-0.00145
2017-05-29 08:11:00+02:00,0.0,0.0,-0.000543,-0.002245,-0.000648,-1.1e-05,-0.001124,-0.001366,-0.001799,-0.00015,0.0,0.0,-0.001012,-0.000692,-0.000245,-0.002949,-0.000182,0.0,-5.3e-05,-0.002729,0.0,-0.002693,-0.001956,0.0,-0.0027,-0.003354,-0.001394,0.0,-0.000832,-6.6e-05,0.0,-0.000991,0.0,-0.000524,-0.000467,0.0,-0.000606,-0.00181,0.0,-0.003127,-0.000847,0.0,-0.00146,0.0,-0.000569,-0.00133,-0.001327,-0.001708,-0.001045,0.0,0.0,-0.00092,-0.000794,-0.000747,0.0,0.0,-0.000363,0.0,0.0,-0.001231,-0.001146,-0.002925,-0.002138,0.0,-0.000562,-0.003102,-0.000911,-0.001751,0.0,-0.000633,-0.000693,-5.1e-05,0.0,-0.000532,-0.000502,0.0,-0.000259,0.0,-0.001594,0.0,-0.001308,0.0,-0.001418,-0.002796,-0.000308,-0.00026,-0.002671,0.0,0.0,0.0,-0.000263,-0.001139,-0.000984,0.0,-0.000371,-0.001377,-0.003151,-0.00326,0.0,-0.002735,-0.0,-0.002616,-0.001123,0.0,-0.001004,-0.003761,-0.001308,-0.002047,-0.002463,-0.003404,-0.000863,-0.000747,-0.000614,0.0,-0.00089,-0.001606,-0.002009,-0.001585
2017-05-29 08:12:00+02:00,0.0,0.0,-0.000599,-0.002349,-0.00071,-9e-06,-0.001189,-0.001436,-0.001872,-0.000175,0.0,0.0,-0.001071,-0.000738,-0.000266,-0.003071,-0.000217,0.0,-5.9e-05,-0.002849,0.0,-0.002814,-0.002059,0.0,-0.002813,-0.003485,-0.001466,0.0,-0.000881,-8.1e-05,0.0,-0.001043,0.0,-0.00056,-0.000502,0.0,-0.000657,-0.001905,0.0,-0.00325,-0.000899,0.0,-0.001544,0.0,-0.000629,-0.001408,-0.001392,-0.001785,-0.001097,0.0,0.0,-0.000974,-0.000843,-0.000797,0.0,0.0,-0.00041,0.0,0.0,-0.001313,-0.001207,-0.003043,-0.002238,0.0,-0.000618,-0.003227,-0.00097,-0.00183,0.0,-0.000678,-0.000737,-6.4e-05,0.0,-0.000572,-0.000539,0.0,-0.000303,0.0,-0.001685,0.0,-0.001373,0.0,-0.001498,-0.002912,-0.000358,-0.000302,-0.002769,0.0,0.0,0.0,-0.000293,-0.001199,-0.001042,0.0,-0.000401,-0.001451,-0.003276,-0.003385,0.0,-0.002845,-0.0,-0.002729,-0.001183,0.0,-0.001061,-0.003905,-0.001375,-0.002137,-0.00257,-0.003535,-0.000915,-0.000793,-0.000656,0.0,-0.000961,-0.001694,-0.002106,-0.001658
2017-05-29 08:13:00+02:00,0.0,0.0,-0.000528,-0.002314,-0.000649,-7e-06,-0.001152,-0.001412,-0.001868,-0.00014,0.0,0.0,-0.001085,-0.000748,-0.000261,-0.003039,-0.000174,0.0,-4.7e-05,-0.002813,0.0,-0.002779,-0.002017,0.0,-0.002797,-0.003459,-0.001436,0.0,-0.00085,-6.5e-05,0.0,-0.001045,0.0,-0.000562,-0.000505,0.0,-0.000591,-0.001861,0.0,-0.003232,-0.000886,0.0,-0.001491,0.0,-0.000566,-0.001349,-0.001359,-0.001767,-0.001072,0.0,0.0,-0.000972,-0.000846,-0.000808,0.0,0.0,-0.000337,0.0,0.0,-0.001255,-0.001201,-0.003021,-0.002197,0.0,-0.000553,-0.003198,-0.000929,-0.001813,0.0,-0.000651,-0.000719,-5.1e-05,0.0,-0.000572,-0.000544,0.0,-0.000242,0.0,-0.001634,0.0,-0.001371,0.0,-0.001444,-0.002894,-0.000287,-0.000242,-0.002774,0.0,0.0,0.0,-0.000263,-0.001203,-0.001055,0.0,-0.0004,-0.001395,-0.003257,-0.003362,0.0,-0.002816,-0.0,-0.002694,-0.001152,0.0,-0.001044,-0.003902,-0.00139,-0.002098,-0.002532,-0.00351,-0.000903,-0.00076,-0.000627,0.0,-0.000897,-0.00164,-0.002059,-0.001671
2017-05-29 08:14:00+02:00,0.0,0.0,-0.00059,-0.002436,-0.000719,-5e-06,-0.001234,-0.001503,-0.001968,-0.000168,0.0,0.0,-0.001152,-0.000794,-0.000279,-0.003184,-0.000206,0.0,-4.4e-05,-0.002959,0.0,-0.002925,-0.002137,0.0,-0.002935,-0.003616,-0.001529,0.0,-0.000911,-7.6e-05,0.0,-0.001109,0.0,-0.000599,-0.000536,0.0,-0.000649,-0.001973,0.0,-0.003381,-0.000949,0.0,-0.001588,0.0,-0.000633,-0.001438,-0.001442,-0.001871,-0.00114,0.0,0.0,-0.001037,-0.0009,-0.000859,0.0,0.0,-0.000388,0.0,0.0,-0.001347,-0.001279,-0.003164,-0.002314,0.0,-0.000615,-0.003347,-0.001002,-0.001919,0.0,-0.000706,-0.000772,-6.3e-05,0.0,-0.000612,-0.000577,0.0,-0.000288,0.0,-0.001739,0.0,-0.001452,0.0,-0.001536,-0.003034,-0.000341,-0.000283,-0.002911,0.0,0.0,0.0,-0.000298,-0.001275,-0.001119,0.0,-0.000426,-0.001481,-0.003408,-0.003513,0.0,-0.002949,-0.0,-0.002827,-0.001229,0.0,-0.001116,-0.004078,-0.001471,-0.002206,-0.002658,-0.003668,-0.000967,-0.000818,-0.000679,0.0,-0.000977,-0.001743,-0.002171,-0.001765
2017-05-29 08:15:00+02:00,0.0,0.0,-0.000595,-0.002474,-0.000729,-4e-06,-0.001254,-0.001528,-0.001997,-0.000168,0.0,0.0,-0.001184,-0.00082,-0.000288,-0.003231,-0.000194,0.0,-3.5e-05,-0.003005,0.0,-0.002972,-0.002171,0.0,-0.002977,-0.003669,-0.001553,0.0,-0.000926,-6.4e-05,0.0,-0.001134,0.0,-0.000617,-0.000555,0.0,-0.00065,-0.002003,0.0,-0.003424,-0.00097,0.0,-0.001611,0.0,-0.000642,-0.001458,-0.001464,-0.001903,-0.001155,0.0,0.0,-0.001064,-0.000927,-0.000887,0.0,0.0,-0.000389,0.0,0.0,-0.001367,-0.001308,-0.003204,-0.002349,0.0,-0.000622,-0.003397,-0.001017,-0.001952,0.0,-0.000719,-0.000788,-5.7e-05,0.0,-0.000634,-0.000597,0.0,-0.000287,0.0,-0.001765,0.0,-0.001484,0.0,-0.001558,-0.003075,-0.000344,-0.000275,-0.002953,0.0,0.0,0.0,-0.000303,-0.001307,-0.001151,0.0,-0.000442,-0.001494,-0.003461,-0.003564,0.0,-0.002984,-0.0,-0.00287,-0.001248,0.0,-0.001138,-0.004135,-0.001507,-0.00223,-0.002697,-0.003721,-0.000989,-0.000831,-0.000691,0.0,-0.000991,-0.001768,-0.002202,-0.001801
2017-05-29 08:16:00+02:00,0.0,0.0,-0.00053,-0.002375,-0.000664,-3e-06,-0.001183,-0.001455,-0.001919,-0.000134,0.0,0.0,-0.001164,-0.000813,-0.000283,-0.003113,-0.000155,0.0,-2.8e-05,-0.002892,0.0,-0.00286,-0.002075,0.0,-0.002873,-0.003542,-0.001475,0.0,-0.000871,-5.1e-05,0.0,-0.001099,0.0,-0.000608,-0.000555,0.0,-0.000585,-0.00191,0.0,-0.003304,-0.000928,0.0,-0.001528,0.0,-0.000578,-0.001373,-0.001387,-0.001821,-0.001095,0.0,0.0,-0.001031,-0.000906,-0.000881,0.0,0.0,-0.000329,0.0,0.0,-0.001285,-0.00126,-0.003089,-0.00225,0.0,-0.00056,-0.003275,-0.000952,-0.001869,0.0,-0.000675,-0.00075,-4.6e-05,0.0,-0.000625,-0.000599,0.0,-0.00023,0.0,-0.001675,0.0,-0.001433,0.0,-0.001474,-0.002967,-0.000285,-0.00022,-0.002843,0.0,0.0,0.0,-0.000272,-0.001271,-0.00113,0.0,-0.000439,-0.001409,-0.003343,-0.003441,0.0,-0.002871,-0.0,-0.00276,-0.001183,0.0,-0.001085,-0.004003,-0.001469,-0.002134,-0.00259,-0.003592,-0.000946,-0.000778,-0.000648,0.0,-0.000916,-0.001679,-0.002103,-0.001747
2017-05-29 08:17:00+02:00,0.0,0.0,-0.000424,-0.002172,-0.000531,-3e-06,-0.001036,-0.001311,-0.001785,-0.000108,0.0,0.0,-0.001105,-0.000772,-0.000253,-0.002886,-0.000124,0.0,-2.3e-05,-0.002653,0.0,-0.002623,-0.001868,0.0,-0.00267,-0.003304,-0.00132,0.0,-0.000753,-4.1e-05,0.0,-0.001025,0.0,-0.000568,-0.000525,0.0,-0.000468,-0.001711,0.0,-0.003077,-0.000835,0.0,-0.001332,0.0,-0.000462,-0.001181,-0.001237,-0.001665,-0.000975,0.0,0.0,-0.00095,-0.000848,-0.000838,0.0,0.0,-0.000263,0.0,0.0,-0.001094,-0.001159,-0.002868,-0.002044,0.0,-0.000448,-0.003044,-0.000811,-0.001712,0.0,-0.000573,-0.000659,-3.7e-05,0.0,-0.00058,-0.000568,0.0,-0.000184,0.0,-0.001477,0.0,-0.001335,0.0,-0.001283,-0.002757,-0.000228,-0.000176,-0.002667,0.0,0.0,0.0,-0.000218,-0.001192,-0.001072,0.0,-0.000409,-0.001219,-0.003124,-0.003213,0.0,-0.002654,-0.0,-0.002541,-0.001043,0.0,-0.000974,-0.00376,-0.00139,-0.001938,-0.002376,-0.003353,-0.000853,-0.000662,-0.000545,0.0,-0.000733,-0.001476,-0.001896,-0.001646
2017-05-29 08:18:00+02:00,0.0,0.0,-0.00046,-0.002263,-0.000573,-2e-06,-0.001093,-0.001374,-0.001866,-0.000119,0.0,0.0,-0.001156,-0.000808,-0.000268,-0.00299,-0.000126,0.0,-1.8e-05,-0.002757,0.0,-0.002728,-0.001946,0.0,-0.002776,-0.003417,-0.001385,0.0,-0.000803,-3.4e-05,0.0,-0.001077,0.0,-0.000597,-0.000547,0.0,-0.000508,-0.001784,0.0,-0.003185,-0.000881,0.0,-0.001404,0.0,-0.0005,-0.001249,-0.001303,-0.001746,-0.001032,0.0,0.0,-0.001002,-0.000891,-0.000877,0.0,0.0,-0.000287,0.0,0.0,-0.001155,-0.00122,-0.002973,-0.002131,0.0,-0.000487,-0.003152,-0.000862,-0.001794,0.0,-0.000612,-0.000702,-3.6e-05,0.0,-0.000611,-0.000592,0.0,-0.000201,0.0,-0.001545,0.0,-0.001399,0.0,-0.001353,-0.002861,-0.000247,-0.000187,-0.002772,0.0,0.0,0.0,-0.000238,-0.00125,-0.001122,0.0,-0.000428,-0.001288,-0.003235,-0.003322,0.0,-0.002754,-0.0,-0.002639,-0.001104,0.0,-0.001026,-0.003882,-0.001454,-0.002021,-0.002467,-0.003466,-0.000899,-0.000709,-0.000587,0.0,-0.000787,-0.001551,-0.001979,-0.00172
2017-05-29 08:19:00+02:00,0.0,0.0,-0.000551,-0.002426,-0.000672,-2e-06,-0.001202,-0.001489,-0.002,-0.000164,0.0,0.0,-0.001235,-0.000863,-0.000294,-0.003175,-0.000181,0.0,-3.4e-05,-0.002946,0.0,-0.002918,-0.002094,0.0,-0.002958,-0.003613,-0.001504,0.0,-0.000895,-6.1e-05,0.0,-0.001161,0.0,-0.000644,-0.000583,0.0,-0.000606,-0.001924,0.0,-0.003378,-0.00096,0.0,-0.00154,0.0,-0.000593,-0.001382,-0.001424,-0.001885,-0.001133,0.0,0.0,-0.001086,-0.000958,-0.000935,0.0,0.0,-0.000363,0.0,0.0,-0.001281,-0.001321,-0.00316,-0.00229,0.0,-0.000578,-0.003341,-0.000964,-0.001936,0.0,-0.000689,-0.000777,-5.9e-05,0.0,-0.000661,-0.000629,0.0,-0.000275,0.0,-0.00168,0.0,-0.001502,0.0,-0.001489,-0.003045,-0.000322,-0.000254,-0.002949,0.0,0.0,0.0,-0.000287,-0.001339,-0.0012,0.0,-0.000459,-0.001423,-0.003425,-0.003512,0.0,-0.002933,-0.0,-0.002813,-0.001213,0.0,-0.001117,-0.004098,-0.001554,-0.002175,-0.002634,-0.003662,-0.000979,-0.000798,-0.000663,0.0,-0.000902,-0.001693,-0.002134,-0.001838
2017-05-29 08:20:00+02:00,0.0,0.0,-0.000545,-0.002423,-0.000665,-1e-06,-0.001194,-0.00148,-0.002006,-0.000157,0.0,0.0,-0.001249,-0.000876,-0.000301,-0.003168,-0.000162,0.0,-2.7e-05,-0.00295,0.0,-0.002923,-0.002082,0.0,-0.002966,-0.003604,-0.001493,0.0,-0.000896,-4.8e-05,0.0,-0.001171,0.0,-0.000655,-0.000594,0.0,-0.000609,-0.00191,0.0,-0.003381,-0.000957,0.0,-0.001543,0.0,-0.000584,-0.001382,-0.001422,-0.001889,-0.001139,0.0,0.0,-0.001095,-0.000966,-0.000949,0.0,0.0,-0.000354,0.0,0.0,-0.001273,-0.001329,-0.003165,-0.002287,0.0,-0.000574,-0.003333,-0.000958,-0.001939,0.0,-0.000686,-0.000781,-5e-05,0.0,-0.000671,-0.000641,0.0,-0.000263,0.0,-0.001668,0.0,-0.001505,0.0,-0.001489,-0.003051,-0.000307,-0.000239,-0.002951,0.0,0.0,0.0,-0.000283,-0.001345,-0.001213,0.0,-0.000466,-0.001431,-0.003417,-0.003501,0.0,-0.002937,-0.0,-0.002808,-0.001215,0.0,-0.001112,-0.004101,-0.001565,-0.00218,-0.002627,-0.003651,-0.000977,-0.000798,-0.000665,0.0,-0.000895,-0.001695,-0.002131,-0.001847
2017-05-29 08:21:00+02:00,0.0,0.0,-0.000436,-0.00226,-0.000532,-1e-06,-0.001071,-0.001359,-0.001898,-0.000126,0.0,0.0,-0.001199,-0.000841,-0.000277,-0.002982,-0.00013,0.0,-2.2e-05,-0.002753,0.0,-0.002728,-0.001908,0.0,-0.002803,-0.003408,-0.001363,0.0,-0.000803,-3.9e-05,0.0,-0.00111,0.0,-0.000621,-0.000567,0.0,-0.000487,-0.001742,0.0,-0.003199,-0.000876,0.0,-0.001381,0.0,-0.000467,-0.001233,-0.001303,-0.001759,-0.001045,0.0,0.0,-0.001026,-0.000916,-0.000912,0.0,0.0,-0.000283,0.0,0.0,-0.001118,-0.001243,-0.002987,-0.002123,0.0,-0.000459,-0.003143,-0.000841,-0.001809,0.0,-0.000601,-0.000705,-4e-05,0.0,-0.000632,-0.000614,0.0,-0.000211,0.0,-0.001504,0.0,-0.001423,0.0,-0.00134,-0.002882,-0.000246,-0.000191,-0.00281,0.0,0.0,0.0,-0.000226,-0.001278,-0.001163,0.0,-0.00044,-0.001286,-0.003236,-0.003313,0.0,-0.002764,-0.0,-0.002631,-0.001099,0.0,-0.001017,-0.003904,-0.001499,-0.002026,-0.002455,-0.003454,-0.000897,-0.000707,-0.000579,0.0,-0.000748,-0.001528,-0.001967,-0.001764
2017-05-29 08:22:00+02:00,0.0,0.0,-0.000401,-0.002198,-0.000498,-1e-06,-0.001028,-0.001309,-0.001849,-0.000101,0.0,0.0,-0.001185,-0.000837,-0.000276,-0.002899,-0.000104,0.0,-1.7e-05,-0.00268,0.0,-0.002656,-0.001844,0.0,-0.002739,-0.003315,-0.001312,0.0,-0.000774,-3.1e-05,0.0,-0.00109,0.0,-0.000617,-0.000569,0.0,-0.000462,-0.001682,0.0,-0.003121,-0.000847,0.0,-0.001339,0.0,-0.000431,-0.001191,-0.00126,-0.001708,-0.001015,0.0,0.0,-0.001005,-0.000902,-0.000908,0.0,0.0,-0.000244,0.0,0.0,-0.001071,-0.001213,-0.002915,-0.002062,0.0,-0.000428,-0.003057,-0.000804,-0.001757,0.0,-0.000576,-0.000685,-3.2e-05,0.0,-0.000627,-0.000616,0.0,-0.000169,0.0,-0.001448,0.0,-0.001387,0.0,-0.001297,-0.002815,-0.000201,-0.000153,-0.002736,0.0,0.0,0.0,-0.000208,-0.001251,-0.00115,0.0,-0.000439,-0.001248,-0.00315,-0.003223,0.0,-0.002696,-0.0,-0.002558,-0.001064,0.0,-0.000982,-0.003813,-0.001473,-0.001974,-0.002384,-0.00336,-0.000868,-0.000681,-0.00056,0.0,-0.00071,-0.001481,-0.001908,-0.001727
2017-05-29 08:23:00+02:00,0.0,0.0,-0.000321,-0.002048,-0.000412,-1e-06,-0.000933,-0.001207,-0.001739,-8.1e-05,0.0,0.0,-0.001136,-0.000808,-0.000262,-0.002717,-8.3e-05,0.0,-1.4e-05,-0.002499,0.0,-0.002476,-0.001706,0.0,-0.002585,-0.003115,-0.001206,0.0,-0.0007,-2.5e-05,0.0,-0.001032,0.0,-0.000592,-0.000553,0.0,-0.000384,-0.001552,0.0,-0.002947,-0.000784,0.0,-0.001217,0.0,-0.000345,-0.001076,-0.001155,-0.001585,-0.000937,0.0,0.0,-0.000942,-0.000855,-0.000878,0.0,0.0,-0.000196,0.0,0.0,-0.000961,-0.001132,-0.002749,-0.001915,0.0,-0.000343,-0.002868,-0.000719,-0.00163,0.0,-0.000515,-0.000625,-2.6e-05,0.0,-0.000595,-0.0006,0.0,-0.000135,0.0,-0.001324,0.0,-0.001302,0.0,-0.001179,-0.002657,-0.000161,-0.000122,-0.002579,0.0,0.0,0.0,-0.000166,-0.001181,-0.001102,0.0,-0.000421,-0.001141,-0.002963,-0.00303,0.0,-0.002537,-0.0,-0.002389,-0.000969,0.0,-0.000905,-0.003613,-0.001404,-0.001844,-0.002223,-0.003158,-0.000803,-0.00061,-0.000498,0.0,-0.000614,-0.001352,-0.001764,-0.001638
2017-05-29 08:24:00+02:00,0.0,0.0,-0.000257,-0.00197,-0.000335,-1e-06,-0.000871,-0.00115,-0.001704,-6.4e-05,0.0,0.0,-0.001128,-0.000801,-0.000252,-0.00263,-6.7e-05,0.0,-1.1e-05,-0.002399,0.0,-0.002377,-0.001619,0.0,-0.002523,-0.003026,-0.001144,0.0,-0.000653,-2e-05,0.0,-0.001015,0.0,-0.000582,-0.000546,0.0,-0.000318,-0.001468,0.0,-0.002876,-0.000748,0.0,-0.001133,0.0,-0.000276,-0.000997,-0.001098,-0.001525,-0.000898,0.0,0.0,-0.000912,-0.000838,-0.000872,0.0,0.0,-0.000156,0.0,0.0,-0.000878,-0.001095,-0.002679,-0.001835,0.0,-0.000274,-0.00278,-0.000658,-0.00157,0.0,-0.000471,-0.000588,-2.1e-05,0.0,-0.000578,-0.000593,0.0,-0.000108,0.0,-0.001239,0.0,-0.001272,0.0,-0.001101,-0.002592,-0.000129,-9.8e-05,-0.002536,0.0,0.0,0.0,-0.000133,-0.001159,-0.001093,0.0,-0.00041,-0.001071,-0.002884,-0.002947,0.0,-0.002466,-0.0,-0.002305,-0.000912,0.0,-0.000862,-0.003541,-0.001391,-0.001778,-0.002141,-0.003068,-0.000767,-0.000564,-0.000454,0.0,-0.000533,-0.001264,-0.001683,-0.001619
2017-05-29 08:25:00+02:00,0.0,0.0,-0.000477,-0.002286,-0.000561,-7.8e-05,-0.001088,-0.001373,-0.001952,-0.000171,-7e-06,0.0,-0.001282,-0.000915,-0.000313,-0.00298,-0.000218,0.0,-0.000113,-0.00276,0.0,-0.002739,-0.001916,0.0,-0.002874,-0.003395,-0.001376,0.0,-0.000837,-0.000101,0.0,-0.001176,0.0,-0.00068,-0.000626,0.0,-0.000547,-0.001753,0.0,-0.003246,-0.000906,0.0,-0.001418,0.0,-0.000493,-0.001269,-0.00133,-0.001784,-0.001099,0.0,-2.6e-05,-0.001074,-0.000968,-0.000991,0.0,0.0,-0.000344,0.0,0.0,-0.001139,-0.001285,-0.00304,-0.002145,0.0,-0.000496,-0.003138,-0.000863,-0.001833,0.0,-0.000628,-0.000743,-8.5e-05,0.0,-0.000681,-0.000677,0.0,-0.000281,0.0,-0.001514,0.0,-0.001463,0.0,-0.001376,-0.002947,-0.000305,-0.000271,-0.002858,0.0,-2.5e-05,0.0,-0.000247,-0.001326,-0.001245,0.0,-0.00048,-0.00135,-0.003244,-0.003307,0.0,-0.002813,-3.8e-05,-0.00264,-0.001131,0.0,-0.001042,-0.003952,-0.00158,-0.002086,-0.002463,-0.003437,-0.000926,-0.000743,-0.000616,0.0,-0.000777,-0.00156,-0.001987,-0.001838
2017-05-29 08:26:00+02:00,0.0,0.0,-0.000585,-0.002461,-0.00068,-7.2e-05,-0.001211,-0.001504,-0.002103,-0.000212,-5e-06,0.0,-0.001384,-0.000991,-0.000351,-0.003178,-0.000275,0.0,-0.000129,-0.002976,0.0,-0.002956,-0.002091,0.0,-0.003086,-0.003606,-0.001511,0.0,-0.000933,-0.000126,0.0,-0.001277,0.0,-0.000743,-0.00068,0.0,-0.000664,-0.00192,0.0,-0.00347,-0.001,0.0,-0.001577,0.0,-0.000606,-0.001409,-0.001453,-0.001938,-0.001212,0.0,-2.1e-05,-0.001174,-0.001047,-0.001072,0.0,0.0,-0.00043,0.0,0.0,-0.001284,-0.001402,-0.003258,-0.002314,0.0,-0.000609,-0.003341,-0.000977,-0.00199,0.0,-0.000715,-0.000831,-0.000104,0.0,-0.000747,-0.000734,0.0,-0.000347,0.0,-0.001672,0.0,-0.001575,0.0,-0.001519,-0.003162,-0.000386,-0.000341,-0.003057,0.0,-2e-05,0.0,-0.000307,-0.001427,-0.001345,0.0,-0.000523,-0.001503,-0.003453,-0.003514,0.0,-0.003019,-3.2e-05,-0.002827,-0.001254,0.0,-0.001149,-0.004207,-0.001703,-0.002264,-0.002641,-0.003648,-0.001021,-0.000834,-0.000704,0.0,-0.000909,-0.001725,-0.002152,-0.001978
2017-05-29 08:27:00+02:00,0.0,0.0,-0.00061,-0.002541,-0.000706,-5.8e-05,-0.001251,-0.001552,-0.002173,-0.000215,-4e-06,0.0,-0.00144,-0.001033,-0.000366,-0.003271,-0.000261,0.0,-0.000103,-0.003071,0.0,-0.003052,-0.002151,0.0,-0.00318,-0.003708,-0.001559,0.0,-0.000972,-0.00011,0.0,-0.001326,0.0,-0.000775,-0.000709,0.0,-0.00069,-0.001977,0.0,-0.003567,-0.001037,0.0,-0.001637,0.0,-0.000627,-0.001462,-0.001507,-0.002009,-0.001255,0.0,-1.7e-05,-0.001224,-0.001091,-0.001117,0.0,0.0,-0.000438,0.0,0.0,-0.001324,-0.001459,-0.00335,-0.002389,0.0,-0.000638,-0.003437,-0.00101,-0.002063,0.0,-0.000742,-0.000868,-9.7e-05,0.0,-0.000782,-0.000765,0.0,-0.000351,0.0,-0.001721,0.0,-0.001634,0.0,-0.001576,-0.003256,-0.000382,-0.000335,-0.003153,0.0,-1.6e-05,0.0,-0.000318,-0.001483,-0.0014,0.0,-0.000547,-0.001551,-0.003557,-0.003617,0.0,-0.003104,-2.5e-05,-0.002913,-0.001305,0.0,-0.001189,-0.004326,-0.001768,-0.002333,-0.002722,-0.00375,-0.001058,-0.000871,-0.000738,0.0,-0.000941,-0.001788,-0.002222,-0.00205
2017-05-29 08:28:00+02:00,0.0,0.0,-0.000619,-0.002572,-0.000715,-4.6e-05,-0.001274,-0.001584,-0.00223,-0.000203,-3e-06,0.0,-0.00149,-0.00107,-0.000378,-0.003305,-0.000238,0.0,-8.2e-05,-0.003142,0.0,-0.003124,-0.002188,0.0,-0.003254,-0.003751,-0.00159,0.0,-0.000986,-9e-05,0.0,-0.001367,0.0,-0.000801,-0.000734,0.0,-0.000702,-0.002013,0.0,-0.003643,-0.001063,0.0,-0.001677,0.0,-0.000632,-0.001477,-0.001527,-0.002064,-0.001286,0.0,-1.3e-05,-0.001265,-0.001114,-0.001157,0.0,0.0,-0.000435,0.0,0.0,-0.001343,-0.001505,-0.003422,-0.002417,0.0,-0.000652,-0.003474,-0.001028,-0.002119,0.0,-0.000757,-0.000895,-8.1e-05,0.0,-0.000811,-0.000792,0.0,-0.00033,0.0,-0.001749,0.0,-0.001663,0.0,-0.001592,-0.00333,-0.000366,-0.000318,-0.003234,0.0,-1.3e-05,0.0,-0.000321,-0.001514,-0.001448,0.0,-0.00056,-0.001582,-0.003606,-0.003662,0.0,-0.003168,-2e-05,-0.002945,-0.00134,0.0,-0.001217,-0.004422,-0.001825,-0.002383,-0.002752,-0.003793,-0.001084,-0.000883,-0.00076,0.0,-0.000953,-0.00183,-0.002246,-0.002112
2017-05-29 08:29:00+02:00,0.0,0.0,-0.000635,-0.002621,-0.000735,-3.7e-05,-0.001307,-0.001624,-0.002289,-0.0002,-3e-06,0.0,-0.001542,-0.00111,-0.000393,-0.003359,-0.000227,0.0,-6.6e-05,-0.003216,0.0,-0.003199,-0.002238,0.0,-0.003334,-0.003813,-0.00163,0.0,-0.001009,-7.8e-05,0.0,-0.00141,0.0,-0.000831,-0.000761,0.0,-0.000722,-0.002061,0.0,-0.003724,-0.001095,0.0,-0.001722,0.0,-0.000648,-0.001505,-0.001559,-0.002121,-0.001322,0.0,-1.1e-05,-0.001308,-0.001146,-0.0012,0.0,0.0,-0.00044,0.0,0.0,-0.001375,-0.001553,-0.003499,-0.002461,0.0,-0.000672,-0.003531,-0.001055,-0.002177,0.0,-0.00078,-0.000925,-7.3e-05,0.0,-0.000842,-0.000822,0.0,-0.000325,0.0,-0.00179,0.0,-0.001703,0.0,-0.001623,-0.003409,-0.000364,-0.000312,-0.003316,0.0,-1e-05,0.0,-0.00033,-0.001553,-0.001498,0.0,-0.000578,-0.00162,-0.003674,-0.003728,0.0,-0.003239,-1.6e-05,-0.002995,-0.001379,0.0,-0.001251,-0.004523,-0.001885,-0.00244,-0.0028,-0.003856,-0.001117,-0.000904,-0.000785,0.0,-0.000978,-0.001877,-0.002286,-0.002176
2017-05-29 08:30:00+02:00,0.0,0.0,-0.000641,-0.002682,-0.000749,-3e-05,-0.001333,-0.001659,-0.002342,-0.000201,-2e-06,0.0,-0.001592,-0.001149,-0.000408,-0.003432,-0.00021,0.0,-5.3e-05,-0.003275,0.0,-0.003258,-0.002283,0.0,-0.003405,-0.003894,-0.001664,0.0,-0.001036,-6.3e-05,0.0,-0.001451,0.0,-0.000859,-0.000789,0.0,-0.000738,-0.002102,0.0,-0.003796,-0.001124,0.0,-0.001753,0.0,-0.000658,-0.00154,-0.001596,-0.002164,-0.001353,0.0,-9e-06,-0.001344,-0.001185,-0.001242,0.0,0.0,-0.000436,0.0,0.0,-0.0014,-0.001592,-0.003568,-0.002517,0.0,-0.000682,-0.003608,-0.001075,-0.002222,0.0,-0.000798,-0.000947,-6.9e-05,0.0,-0.00087,-0.000852,0.0,-0.000325,0.0,-0.001823,0.0,-0.001753,0.0,-0.001662,-0.00348,-0.000359,-0.000299,-0.003388,0.0,-8e-06,0.0,-0.000336,-0.001602,-0.001547,0.0,-0.000601,-0.001651,-0.003761,-0.003811,0.0,-0.0033,-1.3e-05,-0.003061,-0.001406,0.0,-0.001281,-0.004613,-0.00194,-0.002491,-0.002862,-0.003937,-0.001146,-0.000928,-0.000803,0.0,-0.000994,-0.001909,-0.002336,-0.002235
2017-05-29 08:31:00+02:00,0.0,0.0,-0.000639,-0.002709,-0.000755,-2.4e-05,-0.00135,-0.001685,-0.002384,-0.000188,-2e-06,0.0,-0.001639,-0.001187,-0.000422,-0.003466,-0.000189,0.0,-4.2e-05,-0.003324,0.0,-0.003309,-0.002318,0.0,-0.003467,-0.003931,-0.001688,0.0,-0.001042,-5e-05,0.0,-0.001487,0.0,-0.000887,-0.000819,0.0,-0.000744,-0.002135,0.0,-0.003857,-0.001147,0.0,-0.001775,0.0,-0.000661,-0.001545,-0.001607,-0.002199,-0.001375,0.0,-7e-06,-0.001376,-0.001212,-0.001285,0.0,0.0,-0.000427,0.0,0.0,-0.001416,-0.001626,-0.003625,-0.002539,0.0,-0.000684,-0.003643,-0.001088,-0.002259,0.0,-0.00081,-0.000965,-5.5e-05,0.0,-0.000898,-0.000884,0.0,-0.000305,0.0,-0.001848,0.0,-0.001781,0.0,-0.001671,-0.003541,-0.000348,-0.00028,-0.003446,0.0,-7e-06,0.0,-0.000338,-0.001632,-0.001593,0.0,-0.000618,-0.001673,-0.003805,-0.003852,0.0,-0.003351,-1e-05,-0.00309,-0.001426,0.0,-0.001305,-0.004691,-0.001991,-0.002531,-0.002889,-0.003975,-0.001169,-0.000933,-0.000814,0.0,-0.001003,-0.001933,-0.002353,-0.002287
2017-05-29 08:32:00+02:00,0.0,0.0,-0.000631,-0.002707,-0.000755,-1.9e-05,-0.001362,-0.001705,-0.00242,-0.000162,-1e-06,0.0,-0.001683,-0.001224,-0.000435,-0.003466,-0.000164,0.0,-3.4e-05,-0.003363,0.0,-0.003349,-0.002345,0.0,-0.003519,-0.003932,-0.001706,0.0,-0.001031,-4e-05,0.0,-0.001519,0.0,-0.000914,-0.000847,0.0,-0.000744,-0.002161,0.0,-0.003907,-0.001166,0.0,-0.001789,0.0,-0.000659,-0.001524,-0.001596,-0.002225,-0.001391,0.0,-5e-06,-0.001404,-0.001227,-0.001325,0.0,0.0,-0.000413,0.0,0.0,-0.001426,-0.001654,-0.003672,-0.002532,0.0,-0.000679,-0.003644,-0.001096,-0.002286,0.0,-0.000818,-0.000977,-4.4e-05,0.0,-0.000924,-0.000915,0.0,-0.000262,0.0,-0.001867,0.0,-0.001791,0.0,-0.001653,-0.003591,-0.000334,-0.000258,-0.003493,0.0,-5e-06,0.0,-0.000337,-0.001646,-0.001635,0.0,-0.00063,-0.001686,-0.003813,-0.003857,0.0,-0.003394,-8e-06,-0.003087,-0.001438,0.0,-0.001324,-0.004755,-0.002035,-0.002562,-0.002886,-0.003975,-0.001189,-0.000919,-0.00082,0.0,-0.001007,-0.001948,-0.002342,-0.002331
2017-05-29 08:33:00+02:00,0.0,0.0,-0.000623,-0.002732,-0.000757,-1.5e-05,-0.001374,-0.001724,-0.002458,-0.000155,-1e-06,0.0,-0.001728,-0.001262,-0.000449,-0.003495,-0.000143,0.0,-2.7e-05,-0.0034,0.0,-0.003385,-0.00237,0.0,-0.003574,-0.003962,-0.001723,0.0,-0.001038,-3.2e-05,0.0,-0.001552,0.0,-0.000941,-0.000876,0.0,-0.000749,-0.002185,0.0,-0.003963,-0.001185,0.0,-0.001801,0.0,-0.000658,-0.001532,-0.001607,-0.00225,-0.001411,0.0,-4e-06,-0.001431,-0.001252,-0.001366,0.0,0.0,-0.0004,0.0,0.0,-0.001436,-0.00168,-0.003723,-0.002554,0.0,-0.000674,-0.003674,-0.001103,-0.002312,0.0,-0.000826,-0.000989,-3.5e-05,0.0,-0.000948,-0.000947,0.0,-0.00025,0.0,-0.001884,0.0,-0.001816,0.0,-0.001664,-0.003646,-0.000322,-0.000238,-0.003544,0.0,-4e-06,0.0,-0.000337,-0.001673,-0.001678,0.0,-0.000648,-0.001705,-0.00385,-0.003891,0.0,-0.00344,-7e-06,-0.003113,-0.00145,0.0,-0.001342,-0.004826,-0.002083,-0.002599,-0.002911,-0.004005,-0.001207,-0.000926,-0.000826,0.0,-0.001011,-0.001961,-0.002359,-0.002379
2017-05-29 08:34:00+02:00,0.0,0.0,-0.000614,-0.002754,-0.000757,-1.2e-05,-0.001383,-0.00174,-0.00249,-0.000148,-1e-06,0.0,-0.001768,-0.001294,-0.00046,-0.003519,-0.000121,0.0,-2.2e-05,-0.003426,0.0,-0.003412,-0.00239,0.0,-0.003619,-0.003988,-0.001738,0.0,-0.001045,-2.6e-05,0.0,-0.001581,0.0,-0.000964,-0.000901,0.0,-0.00075,-0.002205,0.0,-0.004007,-0.001201,0.0,-0.001809,0.0,-0.000656,-0.001538,-0.001617,-0.002269,-0.001426,0.0,-3e-06,-0.001453,-0.001274,-0.001402,0.0,0.0,-0.000386,0.0,0.0,-0.001443,-0.001702,-0.003764,-0.002572,0.0,-0.000667,-0.003699,-0.001109,-0.002333,0.0,-0.000833,-0.000998,-2.8e-05,0.0,-0.000969,-0.000975,0.0,-0.000239,0.0,-0.001898,0.0,-0.001839,0.0,-0.001672,-0.003691,-0.000311,-0.000218,-0.003589,0.0,-3e-06,0.0,-0.000337,-0.001698,-0.001717,0.0,-0.000664,-0.001717,-0.003883,-0.00392,0.0,-0.003476,-5e-06,-0.003135,-0.001458,0.0,-0.001358,-0.004883,-0.002125,-0.002627,-0.002932,-0.00403,-0.001224,-0.000931,-0.000829,0.0,-0.001012,-0.001969,-0.002373,-0.002421
2017-05-29 08:35:00+02:00,0.0,0.0,-0.000603,-0.002763,-0.000753,-1e-05,-0.00139,-0.001754,-0.002518,-0.000138,-1e-06,0.0,-0.001804,-0.001324,-0.00047,-0.003528,-0.0001,0.0,-1.7e-05,-0.003446,0.0,-0.003432,-0.002405,0.0,-0.003655,-0.003997,-0.00175,0.0,-0.001046,-2.1e-05,0.0,-0.001606,0.0,-0.000984,-0.000923,0.0,-0.000748,-0.002219,0.0,-0.004043,-0.001215,0.0,-0.001812,0.0,-0.000651,-0.001534,-0.00162,-0.002286,-0.001439,0.0,-3e-06,-0.001472,-0.001291,-0.001434,0.0,0.0,-0.000371,0.0,0.0,-0.001445,-0.001722,-0.003797,-0.002577,0.0,-0.000658,-0.003708,-0.001113,-0.002351,0.0,-0.000838,-0.001006,-2.2e-05,0.0,-0.000987,-0.000998,0.0,-0.000222,0.0,-0.001906,0.0,-0.001855,0.0,-0.00167,-0.003727,-0.000299,-0.000198,-0.003631,0.0,-3e-06,0.0,-0.000335,-0.001716,-0.001752,0.0,-0.000675,-0.001724,-0.0039,-0.003934,0.0,-0.003503,-4e-06,-0.003143,-0.001464,0.0,-0.001371,-0.004932,-0.002163,-0.002648,-0.00294,-0.004039,-0.001238,-0.00093,-0.000832,0.0,-0.00101,-0.001972,-0.002376,-0.002459
2017-05-29 08:36:00+02:00,0.0,0.0,-0.000598,-0.002773,-0.000756,-8e-06,-0.001403,-0.001773,-0.002548,-0.000131,-1e-06,0.0,-0.00184,-0.001351,-0.000478,-0.00354,-8.7e-05,0.0,-1.4e-05,-0.00347,0.0,-0.003457,-0.002425,0.0,-0.003691,-0.00401,-0.001768,0.0,-0.001049,-1.6e-05,0.0,-0.001632,0.0,-0.001003,-0.000942,0.0,-0.000748,-0.00224,0.0,-0.004077,-0.001233,0.0,-0.001821,0.0,-0.000652,-0.001533,-0.001626,-0.002308,-0.001453,0.0,-2e-06,-0.001494,-0.001308,-0.001465,0.0,0.0,-0.000363,0.0,0.0,-0.001454,-0.001744,-0.003829,-0.002584,0.0,-0.000656,-0.003721,-0.001122,-0.002374,0.0,-0.000847,-0.001017,-1.8e-05,0.0,-0.001006,-0.00102,0.0,-0.00021,0.0,-0.001921,0.0,-0.001873,0.0,-0.001671,-0.003763,-0.000293,-0.000186,-0.003673,0.0,-2e-06,0.0,-0.000337,-0.001735,-0.001786,0.0,-0.000685,-0.001733,-0.003921,-0.003952,0.0,-0.00353,-3e-06,-0.003152,-0.001476,0.0,-0.001389,-0.004979,-0.002201,-0.002671,-0.002949,-0.004052,-0.001255,-0.000933,-0.000838,0.0,-0.001015,-0.001982,-0.00238,-0.002498
2017-05-29 08:37:00+02:00,0.0,0.0,-0.00058,-0.002795,-0.000758,-6e-06,-0.001414,-0.00179,-0.002572,-0.000124,-0.0,0.0,-0.00187,-0.001376,-0.000486,-0.003567,-6.9e-05,0.0,-1.1e-05,-0.00348,0.0,-0.003466,-0.002443,0.0,-0.003719,-0.004043,-0.001784,0.0,-0.001057,-1.3e-05,0.0,-0.001653,0.0,-0.001019,-0.000959,0.0,-0.000745,-0.002257,0.0,-0.004103,-0.001249,0.0,-0.001815,0.0,-0.000652,-0.001538,-0.001638,-0.00232,-0.001464,0.0,-2e-06,-0.001509,-0.001331,-0.001491,0.0,0.0,-0.000344,0.0,0.0,-0.00146,-0.001759,-0.003852,-0.002602,0.0,-0.00064,-0.00375,-0.001129,-0.002387,0.0,-0.000855,-0.00102,-1.4e-05,0.0,-0.001019,-0.001039,0.0,-0.000197,0.0,-0.001933,0.0,-0.001899,0.0,-0.001679,-0.00379,-0.000287,-0.000163,-0.003708,0.0,-2e-06,0.0,-0.000338,-0.001763,-0.001816,0.0,-0.000698,-0.001736,-0.003963,-0.003991,0.0,-0.00355,-3e-06,-0.003176,-0.001477,0.0,-0.001405,-0.005014,-0.002234,-0.002687,-0.002971,-0.004087,-0.001271,-0.000939,-0.000836,0.0,-0.001017,-0.001976,-0.002394,-0.002531
2017-05-29 08:38:00+02:00,0.0,0.0,-0.000574,-0.002818,-0.000764,-5e-06,-0.00143,-0.001811,-0.00259,-0.000122,-0.0,0.0,-0.001895,-0.001395,-0.000491,-0.003594,-5.7e-05,0.0,-9e-06,-0.003494,0.0,-0.00348,-0.002464,0.0,-0.003736,-0.004072,-0.001803,0.0,-0.001068,-1.1e-05,0.0,-0.00167,0.0,-0.001032,-0.000973,0.0,-0.000739,-0.002279,0.0,-0.004117,-0.001267,0.0,-0.00182,0.0,-0.000656,-0.001547,-0.001653,-0.002336,-0.00147,0.0,-1e-06,-0.001526,-0.001353,-0.001513,0.0,0.0,-0.000336,0.0,0.0,-0.001471,-0.001776,-0.003864,-0.002621,0.0,-0.000636,-0.003778,-0.001141,-0.002404,0.0,-0.000865,-0.001028,-1.2e-05,0.0,-0.001034,-0.001054,0.0,-0.000194,0.0,-0.00195,0.0,-0.001926,0.0,-0.00169,-0.003805,-0.000286,-0.000152,-0.003733,0.0,-1e-06,0.0,-0.000341,-0.00179,-0.001839,0.0,-0.000711,-0.001734,-0.004001,-0.004025,0.0,-0.00356,-2e-06,-0.003199,-0.001485,0.0,-0.001424,-0.005034,-0.00226,-0.002694,-0.002994,-0.004117,-0.00129,-0.000948,-0.00084,0.0,-0.001024,-0.001981,-0.002409,-0.002556
2017-05-29 08:39:00+02:00,0.0,0.0,-0.000568,-0.002823,-0.000764,-4e-06,-0.001439,-0.001823,-0.002604,-0.000119,-0.0,0.0,-0.001914,-0.00141,-0.000495,-0.003598,-4.6e-05,0.0,-7e-06,-0.003496,0.0,-0.003483,-0.002474,0.0,-0.003747,-0.004078,-0.001815,0.0,-0.001072,-8e-06,0.0,-0.001684,0.0,-0.001043,-0.000983,0.0,-0.000734,-0.002289,0.0,-0.004122,-0.001279,0.0,-0.001819,0.0,-0.000656,-0.001545,-0.001659,-0.002346,-0.001476,0.0,-1e-06,-0.001538,-0.001366,-0.001529,0.0,0.0,-0.000329,0.0,0.0,-0.001474,-0.001788,-0.003869,-0.002624,0.0,-0.000631,-0.003781,-0.001147,-0.002414,0.0,-0.000871,-0.001033,-9e-06,0.0,-0.001044,-0.001065,0.0,-0.000189,0.0,-0.001957,0.0,-0.001939,0.0,-0.00169,-0.003813,-0.000281,-0.000142,-0.003751,0.0,-1e-06,0.0,-0.000342,-0.001805,-0.001857,0.0,-0.000718,-0.001731,-0.004016,-0.004037,0.0,-0.003563,-2e-06,-0.003202,-0.00149,0.0,-0.001436,-0.005042,-0.00228,-0.002698,-0.002998,-0.004124,-0.001302,-0.000951,-0.000843,0.0,-0.001025,-0.001979,-0.00241,-0.002575
2017-05-29 08:40:00+02:00,0.0,0.0,-0.000557,-0.002809,-0.000751,-3e-06,-0.001432,-0.001817,-0.002613,-0.00011,-0.0,0.0,-0.001929,-0.001422,-0.000498,-0.003578,-3.6e-05,0.0,-6e-06,-0.003492,0.0,-0.003479,-0.002458,0.0,-0.003751,-0.004059,-0.001809,0.0,-0.001065,-7e-06,0.0,-0.001695,0.0,-0.001051,-0.000991,0.0,-0.000727,-0.002277,0.0,-0.004121,-0.001279,0.0,-0.001812,0.0,-0.000642,-0.001529,-0.001651,-0.002351,-0.001479,0.0,-1e-06,-0.001547,-0.00137,-0.001543,0.0,0.0,-0.000317,0.0,0.0,-0.00146,-0.001797,-0.003867,-0.002609,0.0,-0.000621,-0.00376,-0.001139,-0.002419,0.0,-0.000867,-0.001035,-7e-06,0.0,-0.001052,-0.001074,0.0,-0.000174,0.0,-0.001944,0.0,-0.00194,0.0,-0.001675,-0.003815,-0.000265,-0.000128,-0.003762,0.0,-1e-06,0.0,-0.000336,-0.001808,-0.001872,0.0,-0.00072,-0.001725,-0.004005,-0.004023,0.0,-0.003561,-1e-06,-0.003184,-0.00149,0.0,-0.001433,-0.005042,-0.002296,-0.002698,-0.002982,-0.004105,-0.0013,-0.000944,-0.000842,0.0,-0.00101,-0.001971,-0.002393,-0.00259
2017-05-29 08:41:00+02:00,0.0,0.0,-0.000543,-0.002784,-0.000733,-3e-06,-0.001419,-0.001803,-0.002603,-9.9e-05,-0.0,0.0,-0.001929,-0.001424,-0.000497,-0.003548,-2.9e-05,0.0,-5e-06,-0.003483,0.0,-0.00347,-0.002433,0.0,-0.003729,-0.004028,-0.001795,0.0,-0.001053,-5e-06,0.0,-0.001692,0.0,-0.001052,-0.000992,0.0,-0.000706,-0.002257,0.0,-0.004088,-0.001273,0.0,-0.0018,0.0,-0.000623,-0.001506,-0.001635,-0.00235,-0.001467,0.0,-1e-06,-0.001553,-0.001369,-0.001545,0.0,0.0,-0.000304,0.0,0.0,-0.00144,-0.001801,-0.003835,-0.002582,0.0,-0.000609,-0.003729,-0.001125,-0.002419,0.0,-0.000858,-0.001034,-6e-06,0.0,-0.001059,-0.001076,0.0,-0.000156,0.0,-0.001924,0.0,-0.001934,0.0,-0.001653,-0.003788,-0.000246,-0.000113,-0.003742,0.0,-1e-06,0.0,-0.000327,-0.001805,-0.001873,0.0,-0.00072,-0.0017,-0.003982,-0.003998,0.0,-0.003534,-1e-06,-0.003155,-0.001485,0.0,-0.001425,-0.005004,-0.002292,-0.002675,-0.002954,-0.004075,-0.001293,-0.000932,-0.000838,0.0,-0.00099,-0.001959,-0.002366,-0.002583
2017-05-29 08:42:00+02:00,0.0,0.0,-0.000528,-0.002763,-0.000713,-2e-06,-0.001404,-0.001787,-0.002581,-8.8e-05,-0.0,0.0,-0.001917,-0.001417,-0.000492,-0.003523,-2.3e-05,0.0,-4e-06,-0.003471,0.0,-0.003458,-0.002406,0.0,-0.00369,-0.004003,-0.001779,0.0,-0.001043,-4e-06,0.0,-0.001682,0.0,-0.001048,-0.000988,0.0,-0.000675,-0.002236,0.0,-0.004032,-0.001266,0.0,-0.001787,0.0,-0.000603,-0.001486,-0.001622,-0.002348,-0.001445,0.0,-1e-06,-0.001558,-0.001371,-0.001537,0.0,0.0,-0.000288,0.0,0.0,-0.001418,-0.001804,-0.003783,-0.002561,0.0,-0.000595,-0.003704,-0.001111,-0.002417,0.0,-0.000848,-0.001032,-5e-06,0.0,-0.001066,-0.001072,0.0,-0.000138,0.0,-0.001901,0.0,-0.001931,0.0,-0.001633,-0.003739,-0.000225,-9.6e-05,-0.003698,0.0,-1e-06,0.0,-0.000317,-0.001806,-0.001861,0.0,-0.000722,-0.001663,-0.003966,-0.003979,0.0,-0.003489,-1e-06,-0.003131,-0.001479,0.0,-0.001416,-0.004934,-0.002275,-0.002636,-0.002932,-0.004051,-0.001285,-0.000921,-0.000832,0.0,-0.000969,-0.001945,-0.002344,-0.002561
2017-05-29 08:43:00+02:00,0.0,0.0,-0.000544,-0.002784,-0.000726,-2e-06,-0.001416,-0.001798,-0.002582,-9.9e-05,-0.0,0.0,-0.00192,-0.001424,-0.000497,-0.003542,-3.2e-05,0.0,-3e-06,-0.003492,0.0,-0.00348,-0.002418,0.0,-0.003688,-0.004023,-0.001791,0.0,-0.001057,-3e-06,0.0,-0.001689,0.0,-0.001056,-0.000996,0.0,-0.000677,-0.00225,0.0,-0.004015,-0.001278,0.0,-0.001805,0.0,-0.000616,-0.001503,-0.001638,-0.002367,-0.001446,0.0,-0.0,-0.001578,-0.001389,-0.001544,0.0,0.0,-0.000303,0.0,0.0,-0.00143,-0.001824,-0.003769,-0.00258,0.0,-0.000611,-0.003724,-0.001122,-0.002437,0.0,-0.000858,-0.001046,-4e-06,0.0,-0.001083,-0.001079,0.0,-0.000155,0.0,-0.001914,0.0,-0.001951,0.0,-0.001651,-0.003729,-0.000237,-0.00011,-0.003684,0.0,-0.0,0.0,-0.000325,-0.001827,-0.001866,0.0,-0.000735,-0.001661,-0.003994,-0.004005,0.0,-0.003482,-1e-06,-0.00315,-0.001495,0.0,-0.001428,-0.004906,-0.002276,-0.002633,-0.002952,-0.004073,-0.001297,-0.000936,-0.000846,0.0,-0.000981,-0.001962,-0.002362,-0.002559
2017-05-29 08:44:00+02:00,0.0,0.0,-0.000524,-0.002786,-0.000722,-1e-06,-0.001415,-0.0018,-0.002575,-9.4e-05,-0.0,0.0,-0.00192,-0.001428,-0.000498,-0.003544,-2.5e-05,0.0,-2e-06,-0.003472,0.0,-0.003459,-0.002416,0.0,-0.003671,-0.004028,-0.001792,0.0,-0.001058,-3e-06,0.0,-0.001689,0.0,-0.001059,-0.001,0.0,-0.000665,-0.002249,0.0,-0.003988,-0.001283,0.0,-0.001786,0.0,-0.000613,-0.001499,-0.001639,-0.002357,-0.001438,0.0,-0.0,-0.001578,-0.001402,-0.001547,0.0,0.0,-0.000285,0.0,0.0,-0.001425,-0.001822,-0.003743,-0.00258,0.0,-0.000592,-0.003727,-0.00112,-0.002428,0.0,-0.000858,-0.00104,-3e-06,0.0,-0.001087,-0.001083,0.0,-0.000147,0.0,-0.001912,0.0,-0.001962,0.0,-0.001648,-0.003706,-0.000232,-9.2e-05,-0.003663,0.0,-0.0,0.0,-0.000324,-0.001841,-0.001866,0.0,-0.000743,-0.001644,-0.004008,-0.004015,0.0,-0.00346,-1e-06,-0.003151,-0.001483,0.0,-0.001431,-0.004868,-0.002273,-0.002616,-0.002953,-0.004079,-0.001302,-0.000936,-0.000836,0.0,-0.000977,-0.001942,-0.00236,-0.002552
2017-05-29 08:45:00+02:00,0.0,0.0,-0.000524,-0.002822,-0.000745,-1e-06,-0.001439,-0.001827,-0.002576,-0.000102,-0.0,0.0,-0.00192,-0.001432,-0.000503,-0.003587,-2e-05,0.0,-2e-06,-0.003482,0.0,-0.003469,-0.002447,0.0,-0.003667,-0.004076,-0.001818,0.0,-0.001078,-2e-06,0.0,-0.001695,0.0,-0.001067,-0.001006,0.0,-0.000665,-0.002281,0.0,-0.003967,-0.001306,0.0,-0.00179,0.0,-0.000635,-0.001524,-0.001665,-0.002369,-0.001438,0.0,-0.0,-0.001593,-0.001431,-0.00155,0.0,0.0,-0.000287,0.0,0.0,-0.00145,-0.001836,-0.003726,-0.002613,0.0,-0.000594,-0.003772,-0.001141,-0.00244,0.0,-0.000877,-0.001048,-2e-06,0.0,-0.001101,-0.001089,0.0,-0.00016,0.0,-0.00194,0.0,-0.001996,0.0,-0.001674,-0.003692,-0.000252,-9.3e-05,-0.003643,0.0,-0.0,0.0,-0.000338,-0.001876,-0.001868,0.0,-0.000761,-0.001639,-0.004064,-0.004069,0.0,-0.003451,-0.0,-0.003188,-0.00149,0.0,-0.001455,-0.004831,-0.002271,-0.002611,-0.002991,-0.004129,-0.001326,-0.000955,-0.000841,0.0,-0.001,-0.001946,-0.00239,-0.002547
2017-05-29 08:46:00+02:00,0.0,0.0,-0.000534,-0.002844,-0.000761,-1e-06,-0.001452,-0.001841,-0.002567,-0.000113,-0.0,0.0,-0.001912,-0.001431,-0.000505,-0.003609,-2.6e-05,0.0,-1e-06,-0.003491,0.0,-0.003478,-0.002464,0.0,-0.003651,-0.0041,-0.001831,0.0,-0.001093,-2e-06,0.0,-0.001694,0.0,-0.00107,-0.001008,0.0,-0.000662,-0.002298,0.0,-0.003933,-0.001319,0.0,-0.001799,0.0,-0.000651,-0.001541,-0.00168,-0.002379,-0.001432,0.0,-0.0,-0.001606,-0.00145,-0.001547,0.0,0.0,-0.000297,0.0,0.0,-0.001464,-0.001848,-0.003696,-0.002633,0.0,-0.000604,-0.003796,-0.001153,-0.00245,0.0,-0.000889,-0.001056,-4e-06,0.0,-0.001114,-0.001091,0.0,-0.000176,0.0,-0.001956,0.0,-0.002016,0.0,-0.001693,-0.003665,-0.000268,-0.000104,-0.003609,0.0,-0.0,0.0,-0.000348,-0.001897,-0.001862,0.0,-0.000775,-0.001629,-0.004094,-0.004097,0.0,-0.003431,-0.0,-0.003209,-0.001498,0.0,-0.001468,-0.004779,-0.002259,-0.002597,-0.003012,-0.004153,-0.001339,-0.000969,-0.000849,0.0,-0.001015,-0.001954,-0.002408,-0.00253
2017-05-29 08:47:00+02:00,0.0,0.0,-0.000493,-0.002736,-0.000714,-1e-06,-0.001393,-0.001774,-0.00251,-9e-05,-0.0,0.0,-0.001894,-0.00142,-0.0005,-0.00348,-2.1e-05,0.0,-1e-06,-0.003378,0.0,-0.003365,-0.002379,0.0,-0.003578,-0.003955,-0.001763,0.0,-0.001039,-1e-06,0.0,-0.001663,0.0,-0.001056,-0.001002,0.0,-0.00064,-0.002217,0.0,-0.003863,-0.001273,0.0,-0.001725,0.0,-0.000606,-0.001467,-0.001606,-0.002296,-0.001398,0.0,-0.0,-0.001556,-0.001404,-0.001537,0.0,0.0,-0.000261,0.0,0.0,-0.001401,-0.001788,-0.003628,-0.00253,0.0,-0.000561,-0.003661,-0.001101,-0.002365,0.0,-0.000849,-0.001014,-3e-06,0.0,-0.001086,-0.001086,0.0,-0.000141,0.0,-0.001882,0.0,-0.001944,0.0,-0.001615,-0.003599,-0.000232,-8.3e-05,-0.003547,0.0,-0.0,0.0,-0.000323,-0.001833,-0.001842,0.0,-0.000754,-0.00159,-0.003949,-0.003952,0.0,-0.003361,-0.0,-0.003091,-0.001437,0.0,-0.001415,-0.00471,-0.00223,-0.002543,-0.002899,-0.004006,-0.001293,-0.000919,-0.000809,0.0,-0.000962,-0.001876,-0.00231,-0.002492
2017-05-29 08:48:00+02:00,0.0,0.0,-0.000394,-0.002499,-0.000584,-1e-06,-0.001246,-0.001612,-0.002334,-7.2e-05,-0.0,0.0,-0.00179,-0.001343,-0.00046,-0.003202,-1.7e-05,0.0,-1e-06,-0.003109,0.0,-0.003096,-0.002168,0.0,-0.003336,-0.003648,-0.001597,0.0,-0.000916,-1e-06,0.0,-0.001549,0.0,-0.000989,-0.000949,0.0,-0.000527,-0.002014,0.0,-0.003616,-0.001156,0.0,-0.001545,0.0,-0.000485,-0.001293,-0.001443,-0.002102,-0.001275,0.0,-0.0,-0.001431,-0.001295,-0.001458,0.0,0.0,-0.000209,0.0,0.0,-0.001235,-0.001641,-0.003389,-0.002303,0.0,-0.000449,-0.003373,-0.000969,-0.002167,0.0,-0.000746,-0.000909,-3e-06,0.0,-0.001005,-0.001031,0.0,-0.000113,0.0,-0.001695,0.0,-0.001787,0.0,-0.001434,-0.003363,-0.000186,-6.6e-05,-0.003325,0.0,-0.0,0.0,-0.000258,-0.00169,-0.001739,0.0,-0.000697,-0.001435,-0.003642,-0.003646,0.0,-0.003128,-0.0,-0.002833,-0.001291,0.0,-0.001283,-0.004436,-0.0021,-0.002348,-0.002653,-0.003696,-0.001175,-0.000803,-0.000709,0.0,-0.000818,-0.001687,-0.002093,-0.00234
2017-05-29 08:49:00+02:00,0.0,0.0,-0.000315,-0.002296,-0.000467,-0.0,-0.001112,-0.001474,-0.002194,-5.8e-05,-0.0,0.0,-0.001712,-0.001282,-0.00042,-0.002972,-1.3e-05,0.0,-1e-06,-0.002872,0.0,-0.002859,-0.001979,0.0,-0.003132,-0.0034,-0.001452,0.0,-0.000803,-1e-06,0.0,-0.001457,0.0,-0.00093,-0.000902,0.0,-0.000421,-0.001832,0.0,-0.003409,-0.001055,0.0,-0.00137,0.0,-0.000388,-0.001126,-0.0013,-0.001938,-0.001164,0.0,-0.0,-0.001326,-0.001209,-0.001396,0.0,0.0,-0.000167,0.0,0.0,-0.001075,-0.001518,-0.003185,-0.002104,0.0,-0.000359,-0.003136,-0.000843,-0.002001,0.0,-0.000647,-0.000813,-2e-06,0.0,-0.000933,-0.000983,0.0,-9e-05,0.0,-0.001521,0.0,-0.001664,0.0,-0.001264,-0.003163,-0.000149,-5.3e-05,-0.003159,0.0,-0.0,0.0,-0.000207,-0.00158,-0.001661,0.0,-0.000646,-0.001281,-0.003399,-0.003402,0.0,-0.002927,-0.0,-0.002616,-0.001157,0.0,-0.001169,-0.004215,-0.002004,-0.002173,-0.002444,-0.003446,-0.001073,-0.000692,-0.000609,0.0,-0.00067,-0.001506,-0.001901,-0.002228
2017-05-29 08:50:00+02:00,0.0,0.0,-0.000447,-0.002474,-0.000609,-0.0,-0.001248,-0.001614,-0.002364,-0.000125,-0.0,0.0,-0.001842,-0.001382,-0.000477,-0.00316,-0.000101,0.0,-2.2e-05,-0.003071,0.0,-0.003057,-0.002154,0.0,-0.003358,-0.003594,-0.001597,0.0,-0.000919,-4.1e-05,0.0,-0.00158,0.0,-0.001015,-0.000975,0.0,-0.000582,-0.002006,0.0,-0.003644,-0.001163,0.0,-0.001538,0.0,-0.000525,-0.001284,-0.001439,-0.002095,-0.001306,0.0,-0.0,-0.001436,-0.001301,-0.001502,0.0,0.0,-0.000283,0.0,0.0,-0.001233,-0.001644,-0.003413,-0.002278,0.0,-0.000496,-0.003327,-0.000974,-0.002159,0.0,-0.000753,-0.000917,-4e-05,0.0,-0.001012,-0.00106,0.0,-0.000194,0.0,-0.001688,0.0,-0.001786,0.0,-0.001424,-0.003393,-0.000257,-0.000152,-0.00338,0.0,-0.0,0.0,-0.000286,-0.001692,-0.001787,0.0,-0.000702,-0.001463,-0.003605,-0.003602,0.0,-0.003144,-0.0,-0.002798,-0.001293,0.0,-0.001289,-0.004479,-0.002154,-0.00238,-0.002624,-0.003641,-0.001182,-0.000806,-0.000717,0.0,-0.000821,-0.001676,-0.00207,-0.002394
2017-05-29 08:51:00+02:00,0.0,0.0,-0.000578,-0.002667,-0.00075,-4e-06,-0.001389,-0.001762,-0.002545,-0.000192,-0.0,0.0,-0.001982,-0.001492,-0.000535,-0.003369,-0.00019,0.0,-5.3e-05,-0.003298,0.0,-0.003283,-0.002342,0.0,-0.003601,-0.003814,-0.001749,0.0,-0.001038,-8.3e-05,0.0,-0.001711,0.0,-0.001105,-0.001055,0.0,-0.000736,-0.002192,0.0,-0.003899,-0.001278,0.0,-0.001715,0.0,-0.000659,-0.001445,-0.001584,-0.002268,-0.00145,0.0,-0.0,-0.00156,-0.001403,-0.001618,0.0,0.0,-0.000398,0.0,0.0,-0.001393,-0.001783,-0.003658,-0.002465,0.0,-0.000632,-0.003541,-0.001106,-0.002335,0.0,-0.00086,-0.001026,-7.9e-05,0.0,-0.001101,-0.001145,0.0,-0.000297,0.0,-0.001863,0.0,-0.00192,0.0,-0.001589,-0.003641,-0.000364,-0.000251,-0.003618,0.0,-0.0,0.0,-0.000364,-0.001815,-0.001925,0.0,-0.000764,-0.001646,-0.003836,-0.003829,0.0,-0.003377,-1e-06,-0.002998,-0.001437,0.0,-0.001415,-0.004767,-0.002315,-0.002594,-0.002822,-0.003863,-0.001297,-0.000922,-0.000827,0.0,-0.000971,-0.001857,-0.002251,-0.002573
2017-05-29 08:52:00+02:00,0.0,0.0,-0.000624,-0.002772,-0.000806,-3e-06,-0.001456,-0.001838,-0.002646,-0.00021,-0.0,0.0,-0.00207,-0.00156,-0.000567,-0.00349,-0.000202,0.0,-4.2e-05,-0.003416,0.0,-0.003401,-0.002434,0.0,-0.003733,-0.003947,-0.001824,0.0,-0.001097,-8e-05,0.0,-0.001786,0.0,-0.001158,-0.001105,0.0,-0.000801,-0.002284,0.0,-0.004039,-0.001337,0.0,-0.001796,0.0,-0.00071,-0.001523,-0.001659,-0.00236,-0.001523,0.0,-0.0,-0.001629,-0.001466,-0.001691,0.0,0.0,-0.000431,0.0,0.0,-0.001465,-0.001859,-0.00379,-0.002565,0.0,-0.000683,-0.003667,-0.001165,-0.002429,0.0,-0.000909,-0.00108,-8.3e-05,0.0,-0.001152,-0.001198,0.0,-0.000325,0.0,-0.001945,0.0,-0.002002,0.0,-0.00167,-0.003776,-0.000394,-0.000272,-0.003757,0.0,-0.0,0.0,-0.000394,-0.001893,-0.00201,0.0,-0.000801,-0.001731,-0.00398,-0.003969,0.0,-0.0035,-0.0,-0.003109,-0.001506,0.0,-0.001479,-0.004933,-0.002415,-0.002706,-0.002931,-0.003999,-0.001357,-0.000978,-0.000877,0.0,-0.001034,-0.001941,-0.002346,-0.00268
2017-05-29 08:53:00+02:00,0.0,0.0,-0.000631,-0.002811,-0.000816,-3e-06,-0.001481,-0.001872,-0.002703,-0.000201,-0.0,0.0,-0.002128,-0.001606,-0.000584,-0.003538,-0.000183,0.0,-3.4e-05,-0.003483,0.0,-0.003467,-0.002474,0.0,-0.003805,-0.004005,-0.001857,0.0,-0.001115,-6.4e-05,0.0,-0.001831,0.0,-0.00119,-0.001138,0.0,-0.000818,-0.002324,0.0,-0.004115,-0.001365,0.0,-0.001833,0.0,-0.000717,-0.001543,-0.001684,-0.002412,-0.001557,0.0,-0.0,-0.001672,-0.001499,-0.001741,0.0,0.0,-0.000428,0.0,0.0,-0.001488,-0.001906,-0.00386,-0.0026,0.0,-0.000694,-0.003719,-0.001185,-0.002483,0.0,-0.000927,-0.001108,-6.8e-05,0.0,-0.001186,-0.001234,0.0,-0.000311,0.0,-0.001977,0.0,-0.002041,0.0,-0.001693,-0.003849,-0.000384,-0.000259,-0.003837,0.0,-0.0,0.0,-0.000398,-0.001934,-0.002066,0.0,-0.000821,-0.001765,-0.004049,-0.004034,0.0,-0.003565,-0.0,-0.003151,-0.00154,0.0,-0.001509,-0.005029,-0.002478,-0.00276,-0.002972,-0.004059,-0.001386,-0.000994,-0.000899,0.0,-0.00105,-0.00198,-0.002377,-0.002747
2017-05-29 08:54:00+02:00,0.0,0.0,-0.000618,-0.002836,-0.000806,-2e-06,-0.001487,-0.001887,-0.002734,-0.000184,-0.0,0.0,-0.002168,-0.001637,-0.000593,-0.003572,-0.000147,0.0,-2.7e-05,-0.003521,0.0,-0.003503,-0.00249,0.0,-0.003843,-0.004047,-0.001869,0.0,-0.001122,-5.1e-05,0.0,-0.001857,0.0,-0.001211,-0.001161,0.0,-0.000809,-0.00234,0.0,-0.004154,-0.001379,0.0,-0.001845,0.0,-0.000703,-0.001549,-0.001696,-0.002441,-0.001569,0.0,-0.0,-0.0017,-0.001525,-0.001777,0.0,0.0,-0.000407,0.0,0.0,-0.001489,-0.001934,-0.003894,-0.00262,0.0,-0.000684,-0.003755,-0.001187,-0.002513,0.0,-0.00093,-0.00112,-5.4e-05,0.0,-0.00121,-0.00126,0.0,-0.000284,0.0,-0.001986,0.0,-0.002069,0.0,-0.001701,-0.003886,-0.000356,-0.000229,-0.003881,0.0,-0.0,0.0,-0.00039,-0.001965,-0.002104,0.0,-0.000837,-0.00177,-0.004101,-0.004084,0.0,-0.003595,-0.0,-0.003178,-0.001553,0.0,-0.001522,-0.005082,-0.002519,-0.002783,-0.002999,-0.004104,-0.0014,-0.000999,-0.000905,0.0,-0.001044,-0.001993,-0.002393,-0.002787
2017-05-29 08:55:00+02:00,0.0,0.0,-0.0006,-0.00285,-0.000791,-2e-06,-0.001486,-0.001895,-0.002767,-0.000164,-0.0,0.0,-0.002211,-0.001673,-0.000604,-0.003592,-0.000117,0.0,-2.2e-05,-0.003553,0.0,-0.003534,-0.002498,0.0,-0.003886,-0.004073,-0.001874,0.0,-0.001122,-4.1e-05,0.0,-0.001886,0.0,-0.001235,-0.001188,0.0,-0.000803,-0.002348,0.0,-0.004201,-0.001388,0.0,-0.001851,0.0,-0.000685,-0.001545,-0.001701,-0.002465,-0.001583,0.0,-0.0,-0.001724,-0.001545,-0.001816,0.0,0.0,-0.000382,0.0,0.0,-0.001483,-0.001959,-0.003935,-0.00263,0.0,-0.00067,-0.003777,-0.001182,-0.002538,0.0,-0.000928,-0.001128,-4.3e-05,0.0,-0.001233,-0.00129,0.0,-0.000253,0.0,-0.001987,0.0,-0.00209,0.0,-0.0017,-0.003929,-0.000325,-0.000196,-0.00393,0.0,-0.0,0.0,-0.00038,-0.001989,-0.002145,0.0,-0.000851,-0.001778,-0.004136,-0.004117,0.0,-0.003631,-0.0,-0.003194,-0.001561,0.0,-0.00153,-0.005144,-0.002565,-0.00281,-0.003016,-0.004132,-0.00141,-0.000997,-0.000907,0.0,-0.001032,-0.002,-0.0024,-0.002833
2017-05-29 08:56:00+02:00,0.0,0.0,-0.000585,-0.00285,-0.00078,-1e-06,-0.001489,-0.001905,-0.002797,-0.000144,-0.0,0.0,-0.002254,-0.001707,-0.000614,-0.003595,-9.4e-05,0.0,-1.7e-05,-0.003582,0.0,-0.003562,-0.002509,0.0,-0.003924,-0.004078,-0.001882,0.0,-0.001116,-3.3e-05,0.0,-0.001913,0.0,-0.001257,-0.001214,0.0,-0.000799,-0.00236,0.0,-0.004245,-0.001399,0.0,-0.001856,0.0,-0.000671,-0.001533,-0.001696,-0.002487,-0.001596,0.0,-0.0,-0.001747,-0.001557,-0.001855,0.0,0.0,-0.000361,0.0,0.0,-0.00148,-0.001983,-0.003974,-0.002628,0.0,-0.000657,-0.00378,-0.001181,-0.002561,0.0,-0.000928,-0.001136,-3.5e-05,0.0,-0.001254,-0.001319,0.0,-0.000221,0.0,-0.001992,0.0,-0.0021,0.0,-0.00169,-0.00397,-0.000301,-0.00017,-0.003979,0.0,-0.0,0.0,-0.000372,-0.002002,-0.002186,0.0,-0.00086,-0.001787,-0.004151,-0.004129,0.0,-0.003664,-0.0,-0.003195,-0.001569,0.0,-0.00154,-0.005203,-0.002609,-0.002836,-0.003018,-0.00414,-0.001421,-0.00099,-0.000909,0.0,-0.001025,-0.002007,-0.002395,-0.002877
2017-05-29 08:57:00+02:00,0.0,0.0,-0.000577,-0.002865,-0.000779,-1e-06,-0.001498,-0.001923,-0.002829,-0.000132,-0.0,0.0,-0.002297,-0.001743,-0.000627,-0.003614,-7.5e-05,0.0,-1.4e-05,-0.00361,0.0,-0.003589,-0.00253,0.0,-0.003966,-0.004103,-0.001897,0.0,-0.001119,-2.6e-05,0.0,-0.001942,0.0,-0.001281,-0.001241,0.0,-0.000803,-0.002381,0.0,-0.004292,-0.001415,0.0,-0.001865,0.0,-0.000668,-0.001535,-0.001702,-0.002507,-0.001613,0.0,-0.0,-0.00177,-0.001577,-0.001894,0.0,0.0,-0.000348,0.0,0.0,-0.001488,-0.002005,-0.004015,-0.00264,0.0,-0.000651,-0.003801,-0.001187,-0.002583,0.0,-0.000935,-0.001146,-2.8e-05,0.0,-0.001275,-0.001349,0.0,-0.000203,0.0,-0.002007,0.0,-0.002119,0.0,-0.001693,-0.004014,-0.00029,-0.000151,-0.004026,0.0,-0.0,0.0,-0.000371,-0.002024,-0.002227,0.0,-0.000874,-0.001801,-0.004184,-0.00416,0.0,-0.0037,-0.0,-0.003211,-0.001579,0.0,-0.001556,-0.005265,-0.002654,-0.002867,-0.003035,-0.004166,-0.001438,-0.000992,-0.000913,0.0,-0.001027,-0.002017,-0.002405,-0.002921
2017-05-29 08:58:00+02:00,0.0,0.0,-0.000574,-0.002889,-0.000783,-1e-06,-0.001512,-0.001944,-0.002861,-0.000125,-0.0,0.0,-0.002339,-0.001778,-0.00064,-0.003643,-6e-05,0.0,-1.1e-05,-0.003644,0.0,-0.003622,-0.002556,0.0,-0.004008,-0.004136,-0.001915,0.0,-0.001127,-2.1e-05,0.0,-0.001971,0.0,-0.001306,-0.001268,0.0,-0.000807,-0.002406,0.0,-0.004336,-0.001434,0.0,-0.001879,0.0,-0.00067,-0.001544,-0.001714,-0.002532,-0.001629,0.0,-0.0,-0.001795,-0.001601,-0.001933,0.0,0.0,-0.00034,0.0,0.0,-0.001501,-0.00203,-0.004054,-0.00266,0.0,-0.00065,-0.003832,-0.001197,-0.002608,0.0,-0.000945,-0.001158,-2.2e-05,0.0,-0.001299,-0.00138,0.0,-0.000192,0.0,-0.002026,0.0,-0.002144,0.0,-0.001704,-0.004055,-0.000283,-0.000139,-0.00407,0.0,-0.0,0.0,-0.000372,-0.002051,-0.002267,0.0,-0.000892,-0.001815,-0.004226,-0.004199,0.0,-0.003736,-0.0,-0.003237,-0.001592,0.0,-0.001574,-0.005322,-0.002696,-0.002897,-0.003061,-0.004201,-0.001457,-0.000998,-0.000921,0.0,-0.001034,-0.002032,-0.002422,-0.002963
2017-05-29 08:59:00+02:00,0.0,0.0,-0.000569,-0.002918,-0.000783,-1e-06,-0.001522,-0.001962,-0.002893,-0.000118,-0.0,0.0,-0.002384,-0.001816,-0.000654,-0.00368,-4.8e-05,0.0,-9e-06,-0.003683,0.0,-0.003659,-0.00258,0.0,-0.004054,-0.004179,-0.001931,0.0,-0.001136,-1.7e-05,0.0,-0.002001,0.0,-0.001332,-0.001299,0.0,-0.000809,-0.002431,0.0,-0.004385,-0.001451,0.0,-0.001893,0.0,-0.000668,-0.001554,-0.001728,-0.002558,-0.001645,0.0,-0.0,-0.001822,-0.001629,-0.001975,0.0,0.0,-0.000331,0.0,0.0,-0.00151,-0.002058,-0.004097,-0.002685,0.0,-0.000647,-0.003871,-0.001204,-0.002635,0.0,-0.000952,-0.001171,-1.8e-05,0.0,-0.001325,-0.001413,0.0,-0.000181,0.0,-0.002043,0.0,-0.002173,0.0,-0.001717,-0.004101,-0.000273,-0.000125,-0.004115,0.0,-0.0,0.0,-0.000372,-0.002083,-0.00231,0.0,-0.000912,-0.00183,-0.004277,-0.004248,0.0,-0.003776,-0.0,-0.003268,-0.001605,0.0,-0.001591,-0.005385,-0.002742,-0.002929,-0.003093,-0.004246,-0.001475,-0.001005,-0.000928,0.0,-0.001038,-0.002048,-0.002444,-0.003007
2017-05-29 09:00:00+02:00,0.0,0.0,-0.000572,-0.002933,-0.000787,-1e-06,-0.001535,-0.001982,-0.002931,-0.000107,-0.0,0.0,-0.002432,-0.001857,-0.00067,-0.003702,-3.8e-05,0.0,-7e-06,-0.003729,0.0,-0.003704,-0.002606,0.0,-0.004108,-0.004208,-0.001948,0.0,-0.001138,-1.3e-05,0.0,-0.002035,0.0,-0.001361,-0.001332,0.0,-0.000819,-0.002457,0.0,-0.004443,-0.001469,0.0,-0.001915,0.0,-0.00067,-0.001555,-0.001732,-0.002588,-0.001667,0.0,-0.0,-0.001853,-0.00165,-0.00202,0.0,0.0,-0.00033,0.0,0.0,-0.001524,-0.002089,-0.004149,-0.002697,0.0,-0.000652,-0.003896,-0.001213,-0.002667,0.0,-0.000961,-0.001188,-1.4e-05,0.0,-0.001354,-0.001449,0.0,-0.000164,0.0,-0.002063,0.0,-0.002193,0.0,-0.001719,-0.004155,-0.000268,-0.000119,-0.004167,0.0,-0.0,0.0,-0.000374,-0.002107,-0.002357,0.0,-0.000928,-0.001852,-0.004314,-0.004283,0.0,-0.003824,-0.0,-0.003286,-0.001623,0.0,-0.001609,-0.005457,-0.002791,-0.002969,-0.003111,-0.004277,-0.001494,-0.001006,-0.00094,0.0,-0.001045,-0.002071,-0.002453,-0.003056
2017-05-29 09:01:00+02:00,0.0,0.0,-0.000584,-0.002939,-0.000785,-0.0,-0.00154,-0.001993,-0.002954,-9.4e-05,-0.0,0.0,-0.002469,-0.001889,-0.000681,-0.003714,-3.5e-05,0.0,-6e-06,-0.003825,0.0,-0.003799,-0.002622,0.0,-0.004139,-0.004226,-0.001958,0.0,-0.001134,-1.1e-05,0.0,-0.002059,0.0,-0.001383,-0.001358,0.0,-0.000818,-0.002473,0.0,-0.004479,-0.001482,0.0,-0.001954,0.0,-0.000667,-0.001548,-0.001729,-0.002648,-0.001677,0.0,-0.0,-0.001905,-0.001666,-0.002056,0.0,0.0,-0.000338,0.0,0.0,-0.001529,-0.002145,-0.004181,-0.0027,0.0,-0.000667,-0.00391,-0.001216,-0.00273,0.0,-0.000966,-0.001216,-1.1e-05,0.0,-0.001402,-0.001478,0.0,-0.000143,0.0,-0.002075,0.0,-0.002206,0.0,-0.001714,-0.004189,-0.000259,-0.000122,-0.0042,0.0,-0.0,0.0,-0.000372,-0.002124,-0.002392,0.0,-0.000941,-0.001861,-0.004339,-0.004307,0.0,-0.003852,-0.0,-0.003294,-0.001656,0.0,-0.00162,-0.005505,-0.002828,-0.002992,-0.003119,-0.004297,-0.001507,-0.001001,-0.000961,0.0,-0.001046,-0.002114,-0.002453,-0.003091
2017-05-29 09:02:00+02:00,0.0,0.0,-0.00059,-0.002951,-0.000778,-0.0,-0.001541,-0.001998,-0.002965,-8.3e-05,-0.0,0.0,-0.002494,-0.001912,-0.000689,-0.003733,-2.8e-05,0.0,-5e-06,-0.0039,0.0,-0.003873,-0.002628,0.0,-0.004156,-0.004248,-0.001961,0.0,-0.001134,-9e-06,0.0,-0.002074,0.0,-0.001399,-0.001377,0.0,-0.000809,-0.002482,0.0,-0.004495,-0.00149,0.0,-0.001982,0.0,-0.000658,-0.001546,-0.001732,-0.002694,-0.001679,0.0,-0.0,-0.001948,-0.001685,-0.002081,0.0,0.0,-0.00034,0.0,0.0,-0.001527,-0.00219,-0.004193,-0.002709,0.0,-0.000674,-0.00393,-0.001214,-0.00278,0.0,-0.000966,-0.001237,-9e-06,0.0,-0.001441,-0.001499,0.0,-0.000127,0.0,-0.002078,0.0,-0.002224,0.0,-0.001714,-0.004203,-0.000245,-0.00012,-0.004214,0.0,-0.0,0.0,-0.000367,-0.002145,-0.002416,0.0,-0.000955,-0.001858,-0.004369,-0.004335,0.0,-0.003865,-0.0,-0.003308,-0.001681,0.0,-0.001627,-0.005526,-0.00285,-0.003,-0.003134,-0.004321,-0.001515,-0.001,-0.000975,0.0,-0.001041,-0.002144,-0.00246,-0.003111
2017-05-29 09:03:00+02:00,0.0,0.0,-0.000613,-0.002981,-0.000784,-0.0,-0.001552,-0.002013,-0.002988,-8.8e-05,-0.0,0.0,-0.002523,-0.001938,-0.0007,-0.003768,-3.9e-05,0.0,-4e-06,-0.003981,0.0,-0.003953,-0.002646,0.0,-0.004184,-0.004288,-0.001975,0.0,-0.001149,-7e-06,0.0,-0.002096,0.0,-0.001419,-0.001399,0.0,-0.000814,-0.002501,0.0,-0.004522,-0.001505,0.0,-0.002024,0.0,-0.000663,-0.001565,-0.00175,-0.002749,-0.001691,0.0,-0.0,-0.001996,-0.001711,-0.00211,0.0,0.0,-0.000359,0.0,0.0,-0.001538,-0.002241,-0.004217,-0.002736,0.0,-0.000699,-0.003967,-0.001222,-0.002838,0.0,-0.000974,-0.001266,-7e-06,0.0,-0.001483,-0.001523,0.0,-0.000134,0.0,-0.002094,0.0,-0.002252,0.0,-0.001734,-0.004229,-0.000246,-0.000135,-0.004239,0.0,-0.0,0.0,-0.000371,-0.002175,-0.002445,0.0,-0.000974,-0.001868,-0.004416,-0.00438,0.0,-0.00389,-0.0,-0.003339,-0.001717,0.0,-0.001642,-0.005557,-0.002879,-0.003022,-0.003167,-0.004362,-0.00153,-0.001013,-0.001,0.0,-0.001048,-0.002188,-0.002485,-0.003138
2017-05-29 09:04:00+02:00,0.0,0.0,-0.000616,-0.002991,-0.000774,-0.0,-0.001549,-0.002014,-0.002992,-8.2e-05,-0.0,0.0,-0.002538,-0.001953,-0.000703,-0.003782,-3.3e-05,0.0,-3e-06,-0.004031,0.0,-0.004001,-0.002645,0.0,-0.004185,-0.004305,-0.001975,0.0,-0.001151,-5e-06,0.0,-0.002104,0.0,-0.001428,-0.001411,0.0,-0.000799,-0.002503,0.0,-0.004521,-0.001509,0.0,-0.002043,0.0,-0.000652,-0.001565,-0.001755,-0.002782,-0.001688,0.0,-0.0,-0.002028,-0.001728,-0.002125,0.0,0.0,-0.00036,0.0,0.0,-0.001531,-0.002274,-0.004214,-0.002743,0.0,-0.000704,-0.003982,-0.001217,-0.002873,0.0,-0.000972,-0.001282,-6e-06,0.0,-0.001512,-0.001537,0.0,-0.000125,0.0,-0.002092,0.0,-0.002268,0.0,-0.001735,-0.004227,-0.000231,-0.000133,-0.004242,0.0,-0.0,0.0,-0.000365,-0.002193,-0.002459,0.0,-0.000986,-0.001857,-0.004442,-0.004403,0.0,-0.003888,-0.0,-0.00335,-0.001735,0.0,-0.001645,-0.005557,-0.002892,-0.003019,-0.003179,-0.004381,-0.001534,-0.001015,-0.001011,0.0,-0.001039,-0.002209,-0.00249,-0.003149
2017-05-29 09:05:00+02:00,0.0,0.0,-0.000611,-0.002993,-0.000762,-0.0,-0.001546,-0.002016,-0.00299,-7.3e-05,-0.0,0.0,-0.002549,-0.001964,-0.000704,-0.003788,-2.7e-05,0.0,-2e-06,-0.004062,0.0,-0.00403,-0.002644,0.0,-0.004178,-0.004313,-0.001975,0.0,-0.00115,-4e-06,0.0,-0.002108,0.0,-0.001434,-0.001421,0.0,-0.000779,-0.002505,0.0,-0.004512,-0.001514,0.0,-0.002049,0.0,-0.00064,-0.001559,-0.001754,-0.002803,-0.001679,0.0,-0.0,-0.002051,-0.001741,-0.002138,0.0,0.0,-0.000352,0.0,0.0,-0.001524,-0.002297,-0.004203,-0.002744,0.0,-0.0007,-0.003989,-0.001212,-0.002896,0.0,-0.000969,-0.001291,-5e-06,0.0,-0.001534,-0.001548,0.0,-0.000111,0.0,-0.00209,0.0,-0.002279,0.0,-0.001731,-0.004218,-0.000216,-0.000122,-0.004238,0.0,-0.0,0.0,-0.000358,-0.002207,-0.00247,0.0,-0.000996,-0.00184,-0.004457,-0.004417,0.0,-0.003879,-0.0,-0.003353,-0.001743,0.0,-0.001648,-0.005548,-0.002901,-0.003008,-0.003184,-0.004391,-0.001538,-0.001012,-0.001015,0.0,-0.001029,-0.002217,-0.002489,-0.003154
2017-05-29 09:06:00+02:00,0.0,0.0,-0.000603,-0.002997,-0.000754,-0.0,-0.001545,-0.002019,-0.002991,-6.6e-05,-0.0,0.0,-0.002564,-0.001979,-0.000708,-0.003793,-2.1e-05,0.0,-2e-06,-0.004083,0.0,-0.00405,-0.002648,0.0,-0.004179,-0.00432,-0.001977,0.0,-0.001148,-4e-06,0.0,-0.002115,0.0,-0.001444,-0.001434,0.0,-0.000763,-0.002511,0.0,-0.004512,-0.00152,0.0,-0.002052,0.0,-0.000631,-0.001555,-0.001752,-0.002815,-0.001673,0.0,-0.0,-0.002068,-0.001753,-0.002155,0.0,0.0,-0.000343,0.0,0.0,-0.00152,-0.002314,-0.0042,-0.002745,0.0,-0.000693,-0.003995,-0.001208,-0.00291,0.0,-0.000968,-0.001297,-4e-06,0.0,-0.001553,-0.001563,0.0,-9.9e-05,0.0,-0.002091,0.0,-0.002289,0.0,-0.001727,-0.004217,-0.000203,-0.000111,-0.004238,0.0,-0.0,0.0,-0.000354,-0.00222,-0.002485,0.0,-0.001007,-0.001827,-0.004471,-0.004429,0.0,-0.003877,-0.0,-0.003356,-0.001747,0.0,-0.001653,-0.00555,-0.002913,-0.003004,-0.003189,-0.004399,-0.001544,-0.001009,-0.001016,0.0,-0.001023,-0.00222,-0.002489,-0.003164
2017-05-29 09:07:00+02:00,0.0,0.0,-0.000604,-0.003011,-0.000757,-0.0,-0.001553,-0.002032,-0.003009,-6.4e-05,-0.0,0.0,-0.002592,-0.002005,-0.000717,-0.00381,-1.7e-05,0.0,-1e-06,-0.004113,0.0,-0.004078,-0.002663,0.0,-0.004201,-0.004338,-0.001989,0.0,-0.001153,-3e-06,0.0,-0.002134,0.0,-0.001462,-0.001455,0.0,-0.000763,-0.002528,0.0,-0.004536,-0.001533,0.0,-0.002064,0.0,-0.000632,-0.00156,-0.001759,-0.002834,-0.001681,0.0,-0.0,-0.002091,-0.001772,-0.002183,0.0,0.0,-0.000342,0.0,0.0,-0.001528,-0.002336,-0.00422,-0.002757,0.0,-0.000695,-0.004013,-0.001214,-0.002931,0.0,-0.000974,-0.001308,-3e-06,0.0,-0.001576,-0.001587,0.0,-9.6e-05,0.0,-0.002104,0.0,-0.002306,0.0,-0.001734,-0.004238,-0.000201,-0.000108,-0.004259,0.0,-0.0,0.0,-0.000355,-0.002238,-0.002512,0.0,-0.001021,-0.001833,-0.004496,-0.004453,0.0,-0.003897,-0.0,-0.003371,-0.001758,0.0,-0.001665,-0.005579,-0.00294,-0.003021,-0.003206,-0.004419,-0.001558,-0.001014,-0.001024,0.0,-0.001027,-0.002233,-0.0025,-0.003189
2017-05-29 09:08:00+02:00,0.0,0.0,-0.000609,-0.003034,-0.000763,-0.0,-0.001564,-0.002047,-0.003036,-6.6e-05,-0.0,0.0,-0.002629,-0.002038,-0.000731,-0.003837,-1.4e-05,0.0,-1e-06,-0.004148,0.0,-0.004111,-0.002683,0.0,-0.004239,-0.004367,-0.002002,0.0,-0.001163,-2e-06,0.0,-0.002161,0.0,-0.001487,-0.001484,0.0,-0.000773,-0.00255,0.0,-0.004578,-0.001548,0.0,-0.002079,0.0,-0.000638,-0.001573,-0.001772,-0.002857,-0.001698,0.0,-0.0,-0.002116,-0.001794,-0.002219,0.0,0.0,-0.000345,0.0,0.0,-0.001539,-0.002361,-0.004257,-0.002778,0.0,-0.000701,-0.00404,-0.001222,-0.002954,0.0,-0.000983,-0.001321,-2e-06,0.0,-0.001601,-0.001617,0.0,-0.0001,0.0,-0.002121,0.0,-0.002327,0.0,-0.001748,-0.004277,-0.000203,-0.000108,-0.004294,0.0,-0.0,0.0,-0.000359,-0.002262,-0.002548,0.0,-0.00104,-0.00185,-0.004531,-0.004486,0.0,-0.003932,-0.0,-0.003396,-0.001771,0.0,-0.00168,-0.005627,-0.002977,-0.003051,-0.003232,-0.004448,-0.001573,-0.001023,-0.001032,0.0,-0.001036,-0.00225,-0.002519,-0.003225
2017-05-29 09:09:00+02:00,0.0,0.0,-0.000608,-0.003054,-0.000766,-0.0,-0.001571,-0.002058,-0.00306,-6.5e-05,-0.0,0.0,-0.002663,-0.002069,-0.000743,-0.003861,-1.1e-05,0.0,-1e-06,-0.004175,0.0,-0.004137,-0.002697,0.0,-0.00427,-0.004394,-0.002012,0.0,-0.001171,-2e-06,0.0,-0.002184,0.0,-0.001508,-0.001509,0.0,-0.000778,-0.002566,0.0,-0.004613,-0.00156,0.0,-0.002087,0.0,-0.000639,-0.001582,-0.001782,-0.002874,-0.001711,0.0,-0.0,-0.002137,-0.001815,-0.002252,0.0,0.0,-0.000343,0.0,0.0,-0.001546,-0.002381,-0.004288,-0.002796,0.0,-0.000701,-0.004066,-0.001227,-0.002973,0.0,-0.000989,-0.001329,-2e-06,0.0,-0.001623,-0.001644,0.0,-9.8e-05,0.0,-0.002133,0.0,-0.002348,0.0,-0.001758,-0.004309,-0.000201,-0.000104,-0.004325,0.0,-0.0,0.0,-0.000361,-0.002285,-0.002581,0.0,-0.001056,-0.001862,-0.004566,-0.004519,0.0,-0.00396,-0.0,-0.003417,-0.001779,0.0,-0.001692,-0.005668,-0.003011,-0.003076,-0.003254,-0.004477,-0.001586,-0.001029,-0.001037,0.0,-0.00104,-0.002259,-0.002535,-0.003257
2017-05-29 09:10:00+02:00,0.0,0.0,-0.00061,-0.003077,-0.000769,-0.0,-0.001579,-0.00207,-0.003078,-6.7e-05,-0.0,0.0,-0.002693,-0.002095,-0.000754,-0.003888,-9e-06,0.0,-1e-06,-0.004204,0.0,-0.004164,-0.002711,0.0,-0.004294,-0.004425,-0.002022,0.0,-0.001181,-1e-06,0.0,-0.002204,0.0,-0.001526,-0.001531,0.0,-0.000781,-0.002582,0.0,-0.00464,-0.001573,0.0,-0.002098,0.0,-0.000642,-0.001594,-0.001795,-0.002894,-0.001721,0.0,-0.0,-0.00216,-0.001838,-0.002281,0.0,0.0,-0.000344,0.0,0.0,-0.001554,-0.002403,-0.004311,-0.002816,0.0,-0.000704,-0.004094,-0.001233,-0.002994,0.0,-0.000995,-0.00134,-2e-06,0.0,-0.001645,-0.001669,0.0,-0.000101,0.0,-0.002145,0.0,-0.002371,0.0,-0.00177,-0.004334,-0.000201,-0.000103,-0.00435,0.0,-0.0,0.0,-0.000363,-0.00231,-0.00261,0.0,-0.001073,-0.00187,-0.004604,-0.004556,0.0,-0.003981,-0.0,-0.003441,-0.00179,0.0,-0.001703,-0.005701,-0.00304,-0.003094,-0.00328,-0.00451,-0.001598,-0.001038,-0.001044,0.0,-0.001044,-0.002272,-0.002553,-0.003285
2017-05-29 09:11:00+02:00,0.0,0.0,-0.000608,-0.003096,-0.000769,-0.0,-0.001583,-0.002079,-0.003093,-6.6e-05,-0.0,0.0,-0.002719,-0.002119,-0.000763,-0.003913,-7e-06,0.0,-1e-06,-0.00423,0.0,-0.004188,-0.002722,0.0,-0.004312,-0.004455,-0.00203,0.0,-0.001188,-1e-06,0.0,-0.002221,0.0,-0.001543,-0.001551,0.0,-0.00078,-0.002595,0.0,-0.004659,-0.001583,0.0,-0.002107,0.0,-0.000641,-0.001602,-0.001805,-0.002911,-0.001728,0.0,-0.0,-0.00218,-0.001859,-0.002308,0.0,0.0,-0.00034,0.0,0.0,-0.001559,-0.002423,-0.004327,-0.002832,0.0,-0.000703,-0.00412,-0.001236,-0.003012,0.0,-0.000999,-0.001349,-1e-06,0.0,-0.001667,-0.001691,0.0,-9.9e-05,0.0,-0.002154,0.0,-0.002392,0.0,-0.00178,-0.004351,-0.000197,-9.8e-05,-0.004367,0.0,-0.0,0.0,-0.000363,-0.002334,-0.002635,0.0,-0.00109,-0.001874,-0.004643,-0.004592,0.0,-0.003997,-0.0,-0.003461,-0.001798,0.0,-0.001713,-0.005727,-0.003065,-0.003108,-0.003302,-0.004543,-0.001609,-0.001044,-0.001049,0.0,-0.001046,-0.002281,-0.002568,-0.003307
2017-05-29 09:12:00+02:00,0.0,0.0,-0.000601,-0.003113,-0.000766,-0.0,-0.001585,-0.002085,-0.003106,-6.3e-05,-0.0,0.0,-0.002746,-0.002144,-0.000771,-0.003937,-6e-06,0.0,-0.0,-0.004254,0.0,-0.004211,-0.00273,0.0,-0.00433,-0.004486,-0.002034,0.0,-0.001193,-1e-06,0.0,-0.002237,0.0,-0.001559,-0.001571,0.0,-0.000775,-0.002605,0.0,-0.004678,-0.001591,0.0,-0.00211,0.0,-0.000637,-0.001608,-0.001812,-0.002925,-0.001732,0.0,-0.0,-0.0022,-0.00188,-0.002335,0.0,0.0,-0.000331,0.0,0.0,-0.001561,-0.002441,-0.004342,-0.002847,0.0,-0.000696,-0.004147,-0.001236,-0.003027,0.0,-0.001001,-0.001355,-1e-06,0.0,-0.001687,-0.001714,0.0,-9.5e-05,0.0,-0.00216,0.0,-0.002413,0.0,-0.001787,-0.004368,-0.000189,-8.6e-05,-0.004384,0.0,-0.0,0.0,-0.000361,-0.002358,-0.00266,0.0,-0.001106,-0.001876,-0.004682,-0.00463,0.0,-0.004012,-0.0,-0.003481,-0.001802,0.0,-0.00172,-0.005753,-0.00309,-0.00312,-0.003322,-0.004576,-0.001617,-0.001049,-0.00105,0.0,-0.001044,-0.002286,-0.002581,-0.003329
2017-05-29 09:13:00+02:00,0.0,0.0,-0.000605,-0.003141,-0.000772,-0.0,-0.001595,-0.002099,-0.003138,-6.7e-05,-0.0,0.0,-0.002787,-0.00218,-0.000787,-0.003972,-4e-06,0.0,-0.0,-0.004293,0.0,-0.004248,-0.002749,0.0,-0.004373,-0.004525,-0.002047,0.0,-0.001205,-1e-06,0.0,-0.002266,0.0,-0.001586,-0.001601,0.0,-0.000788,-0.002625,0.0,-0.004726,-0.001606,0.0,-0.002127,0.0,-0.000643,-0.001624,-0.001828,-0.00295,-0.001752,0.0,-0.0,-0.002227,-0.001907,-0.002374,0.0,0.0,-0.000333,0.0,0.0,-0.001573,-0.002468,-0.004384,-0.002872,0.0,-0.000702,-0.004184,-0.001244,-0.003054,0.0,-0.00101,-0.001369,-1e-06,0.0,-0.001714,-0.001747,0.0,-0.0001,0.0,-0.002177,0.0,-0.002439,0.0,-0.001804,-0.004411,-0.000191,-8.6e-05,-0.004424,0.0,-0.0,0.0,-0.000365,-0.002387,-0.0027,0.0,-0.001126,-0.001898,-0.004729,-0.004675,0.0,-0.004053,-0.0,-0.003511,-0.001817,0.0,-0.001734,-0.00581,-0.003132,-0.003156,-0.003354,-0.004618,-0.001632,-0.00106,-0.00106,0.0,-0.001053,-0.002305,-0.002604,-0.00337
2017-05-29 09:14:00+02:00,0.0,0.0,-0.000604,-0.003161,-0.000771,-0.0,-0.001599,-0.002107,-0.003163,-6.4e-05,-0.0,0.0,-0.002824,-0.002213,-0.0008,-0.003998,-4e-06,0.0,-0.0,-0.004323,0.0,-0.004276,-0.00276,0.0,-0.004408,-0.004557,-0.002053,0.0,-0.001211,-1e-06,0.0,-0.002291,0.0,-0.001609,-0.001629,0.0,-0.000794,-0.002638,0.0,-0.004765,-0.001615,0.0,-0.002138,0.0,-0.00064,-0.001632,-0.001836,-0.002968,-0.001766,0.0,-0.0,-0.002249,-0.001929,-0.00241,0.0,0.0,-0.00033,0.0,0.0,-0.001577,-0.002489,-0.004419,-0.00289,0.0,-0.000702,-0.004212,-0.001246,-0.003072,0.0,-0.001013,-0.001379,-1e-06,0.0,-0.001737,-0.001777,0.0,-9.7e-05,0.0,-0.002186,0.0,-0.00246,0.0,-0.001813,-0.004447,-0.000186,-8.1e-05,-0.004456,0.0,-0.0,0.0,-0.000364,-0.002412,-0.002736,0.0,-0.001143,-0.001912,-0.004768,-0.004713,0.0,-0.004085,-0.0,-0.003533,-0.001826,0.0,-0.001743,-0.005857,-0.003167,-0.003183,-0.003378,-0.004652,-0.001642,-0.001065,-0.001065,0.0,-0.001054,-0.002317,-0.00262,-0.003404
2017-05-29 09:15:00+02:00,0.0,0.0,-0.000602,-0.003175,-0.00077,-0.0,-0.001604,-0.002116,-0.003186,-6.1e-05,-0.0,0.0,-0.00286,-0.002245,-0.000813,-0.004018,-3e-06,0.0,-0.0,-0.004351,0.0,-0.004301,-0.002773,0.0,-0.004442,-0.00458,-0.00206,0.0,-0.001215,-0.0,0.0,-0.002315,0.0,-0.001631,-0.001656,0.0,-0.000799,-0.002653,0.0,-0.004803,-0.001626,0.0,-0.002146,0.0,-0.000639,-0.001636,-0.001841,-0.002983,-0.001778,0.0,-0.0,-0.002269,-0.001947,-0.002446,0.0,0.0,-0.000326,0.0,0.0,-0.001583,-0.002508,-0.004452,-0.002902,0.0,-0.0007,-0.004233,-0.001249,-0.003089,0.0,-0.001017,-0.001387,-0.0,0.0,-0.001759,-0.001807,0.0,-9.1e-05,0.0,-0.002196,0.0,-0.002476,0.0,-0.001818,-0.004481,-0.000181,-7.4e-05,-0.004487,0.0,-0.0,0.0,-0.000363,-0.002431,-0.00277,0.0,-0.001159,-0.001925,-0.004796,-0.00474,0.0,-0.004116,-0.0,-0.003549,-0.001833,0.0,-0.001752,-0.005904,-0.003202,-0.003209,-0.003395,-0.004676,-0.001653,-0.001067,-0.00107,0.0,-0.001055,-0.002327,-0.00263,-0.003437
2017-05-29 09:16:00+02:00,0.0,0.0,-0.000634,-0.003194,-0.000775,-0.0,-0.001612,-0.002129,-0.003209,-6e-05,-0.0,0.0,-0.002895,-0.002277,-0.000827,-0.004042,-1.5e-05,0.0,-0.0,-0.004488,0.0,-0.004436,-0.002791,0.0,-0.004476,-0.004609,-0.002072,0.0,-0.001221,-0.0,0.0,-0.002339,0.0,-0.001654,-0.001684,0.0,-0.000807,-0.002673,0.0,-0.004841,-0.001639,0.0,-0.002207,0.0,-0.000642,-0.001644,-0.001849,-0.003066,-0.001792,0.0,-0.0,-0.002342,-0.001968,-0.002481,0.0,0.0,-0.000354,0.0,0.0,-0.001593,-0.002586,-0.004486,-0.002918,0.0,-0.000734,-0.004259,-0.001255,-0.003177,0.0,-0.001024,-0.001428,-0.0,0.0,-0.001826,-0.001837,0.0,-9e-05,0.0,-0.002212,0.0,-0.002496,0.0,-0.001828,-0.004516,-0.000181,-9.8e-05,-0.004517,0.0,-0.0,0.0,-0.000366,-0.002453,-0.002804,0.0,-0.001176,-0.00194,-0.004832,-0.004775,0.0,-0.004148,-0.0,-0.00357,-0.001882,0.0,-0.001765,-0.00595,-0.003236,-0.003236,-0.003417,-0.004707,-0.001666,-0.001072,-0.001104,0.0,-0.001061,-0.002392,-0.002645,-0.003469
2017-05-29 09:17:00+02:00,0.0,0.0,-0.000644,-0.003204,-0.000769,-0.0,-0.001613,-0.002135,-0.003208,-5.3e-05,-0.0,0.0,-0.002901,-0.002287,-0.000829,-0.004059,-1.2e-05,0.0,-0.0,-0.004584,0.0,-0.004529,-0.0028,0.0,-0.004474,-0.004631,-0.002076,0.0,-0.001221,-0.0,0.0,-0.002344,0.0,-0.001662,-0.001695,0.0,-0.000789,-0.002683,0.0,-0.004835,-0.001647,0.0,-0.00224,0.0,-0.000636,-0.001643,-0.00185,-0.003121,-0.001784,0.0,-0.0,-0.002394,-0.001985,-0.00249,0.0,0.0,-0.000361,0.0,0.0,-0.001594,-0.002641,-0.004478,-0.002926,0.0,-0.000746,-0.004278,-0.001254,-0.003237,0.0,-0.001025,-0.001453,-0.0,0.0,-0.001876,-0.001849,0.0,-7.9e-05,0.0,-0.002217,0.0,-0.002511,0.0,-0.001828,-0.004509,-0.000171,-0.000101,-0.004504,0.0,-0.0,0.0,-0.000362,-0.002472,-0.002811,0.0,-0.00119,-0.001927,-0.004861,-0.004803,0.0,-0.004145,-0.0,-0.003583,-0.001911,0.0,-0.001772,-0.005938,-0.003239,-0.003229,-0.003431,-0.004732,-0.001675,-0.001071,-0.001121,0.0,-0.001058,-0.002429,-0.002651,-0.003469
2017-05-29 09:18:00+02:00,0.0,0.0,-0.000636,-0.003209,-0.000762,-0.0,-0.001613,-0.00214,-0.003212,-4.3e-05,-0.0,0.0,-0.002916,-0.002303,-0.000833,-0.00407,-1e-05,0.0,-0.0,-0.00465,0.0,-0.004593,-0.002808,0.0,-0.00448,-0.004646,-0.002079,0.0,-0.001217,-0.0,0.0,-0.002352,0.0,-0.001673,-0.00171,0.0,-0.000773,-0.002692,0.0,-0.00484,-0.001655,0.0,-0.002253,0.0,-0.000627,-0.001638,-0.001848,-0.003156,-0.00178,0.0,-0.0,-0.002432,-0.001998,-0.002508,0.0,0.0,-0.00035,0.0,0.0,-0.001593,-0.002679,-0.00448,-0.002928,0.0,-0.000739,-0.004291,-0.001253,-0.003277,0.0,-0.001025,-0.001465,-0.0,0.0,-0.001914,-0.001866,0.0,-6.4e-05,0.0,-0.002222,0.0,-0.002522,0.0,-0.001824,-0.004512,-0.000159,-8.7e-05,-0.004504,0.0,-0.0,0.0,-0.000357,-0.002487,-0.002826,0.0,-0.001201,-0.001917,-0.004882,-0.004823,0.0,-0.004149,-0.0,-0.00359,-0.001924,0.0,-0.001778,-0.005944,-0.003252,-0.003229,-0.003439,-0.004749,-0.001682,-0.001067,-0.001126,0.0,-0.001053,-0.002445,-0.002652,-0.003478
2017-05-29 09:19:00+02:00,0.0,0.0,-0.000621,-0.003222,-0.000755,-0.0,-0.001614,-0.002146,-0.003221,-3.6e-05,-0.0,0.0,-0.002936,-0.002323,-0.000839,-0.004091,-8e-06,0.0,-0.0,-0.004702,0.0,-0.004643,-0.002817,0.0,-0.004492,-0.004673,-0.002083,0.0,-0.001219,-0.0,0.0,-0.002365,0.0,-0.001686,-0.001727,0.0,-0.000759,-0.002702,0.0,-0.004852,-0.001662,0.0,-0.002258,0.0,-0.000619,-0.001639,-0.001851,-0.003182,-0.001778,0.0,-0.0,-0.002462,-0.002017,-0.00253,0.0,0.0,-0.000332,0.0,0.0,-0.001594,-0.002709,-0.004488,-0.002939,0.0,-0.000725,-0.004314,-0.001251,-0.003306,0.0,-0.001025,-0.001471,-0.0,0.0,-0.001945,-0.001885,0.0,-5.2e-05,0.0,-0.002227,0.0,-0.002539,0.0,-0.001826,-0.004521,-0.000147,-7e-05,-0.004511,0.0,-0.0,0.0,-0.000353,-0.002508,-0.002845,0.0,-0.001216,-0.001911,-0.004915,-0.004855,0.0,-0.00416,-0.0,-0.003605,-0.00193,0.0,-0.001785,-0.005961,-0.00327,-0.003233,-0.003456,-0.004778,-0.00169,-0.001067,-0.001125,0.0,-0.001049,-0.002453,-0.002661,-0.003493
2017-05-29 09:20:00+02:00,0.0,0.0,-0.000624,-0.003244,-0.000757,-0.0,-0.001621,-0.002158,-0.003245,-3.4e-05,-0.0,0.0,-0.002969,-0.002353,-0.000851,-0.00412,-6e-06,0.0,-0.0,-0.004765,0.0,-0.004703,-0.002834,0.0,-0.004525,-0.004708,-0.002093,0.0,-0.001226,-0.0,0.0,-0.002389,0.0,-0.001709,-0.001753,0.0,-0.000762,-0.002721,0.0,-0.004888,-0.001675,0.0,-0.00228,0.0,-0.00062,-0.001649,-0.001861,-0.003217,-0.001789,0.0,-0.0,-0.002498,-0.00204,-0.002563,0.0,0.0,-0.000333,0.0,0.0,-0.001603,-0.002746,-0.00452,-0.002958,0.0,-0.000729,-0.004345,-0.001257,-0.003345,0.0,-0.001031,-0.001488,-0.0,0.0,-0.001982,-0.001914,0.0,-5e-05,0.0,-0.002241,0.0,-0.002561,0.0,-0.001836,-0.004553,-0.000144,-6.7e-05,-0.004538,0.0,-0.0,0.0,-0.000353,-0.002533,-0.002878,0.0,-0.001234,-0.001922,-0.004958,-0.004896,0.0,-0.004191,-0.0,-0.00363,-0.001948,0.0,-0.001796,-0.006003,-0.003302,-0.003258,-0.003481,-0.004816,-0.001703,-0.001073,-0.001136,0.0,-0.001053,-0.002476,-0.002678,-0.003523
2017-05-29 09:21:00+02:00,0.0,0.0,-0.000636,-0.003263,-0.00076,-0.0,-0.001629,-0.002171,-0.003274,-3.2e-05,-0.0,0.0,-0.003007,-0.002389,-0.000867,-0.004145,-5e-06,0.0,-0.0,-0.004838,0.0,-0.004774,-0.002853,0.0,-0.004569,-0.004737,-0.002104,0.0,-0.001231,-0.0,0.0,-0.002418,0.0,-0.001735,-0.001784,0.0,-0.000772,-0.002741,0.0,-0.004935,-0.001688,0.0,-0.002311,0.0,-0.000622,-0.001656,-0.001868,-0.003259,-0.001807,0.0,-0.0,-0.002541,-0.002061,-0.002601,0.0,0.0,-0.000343,0.0,0.0,-0.001613,-0.002789,-0.004562,-0.002975,0.0,-0.000743,-0.004372,-0.001263,-0.00339,0.0,-0.001038,-0.00151,-0.0,0.0,-0.002024,-0.001947,0.0,-4.6e-05,0.0,-0.002257,0.0,-0.00258,0.0,-0.001845,-0.004595,-0.000142,-7.4e-05,-0.004571,0.0,-0.0,0.0,-0.000355,-0.002555,-0.002915,0.0,-0.001252,-0.001942,-0.004992,-0.004929,0.0,-0.004233,-0.0,-0.003651,-0.001972,0.0,-0.001809,-0.006056,-0.003339,-0.003292,-0.003504,-0.004846,-0.001717,-0.001077,-0.001152,0.0,-0.001059,-0.00251,-0.002693,-0.003558
2017-05-29 09:22:00+02:00,0.0,0.0,-0.000649,-0.003301,-0.00076,-0.0,-0.001633,-0.00218,-0.003309,-3.6e-05,-0.0,0.0,-0.003052,-0.002429,-0.000884,-0.004194,-4e-06,0.0,-0.0,-0.004887,0.0,-0.00482,-0.002866,0.0,-0.004618,-0.004795,-0.002111,0.0,-0.001246,-0.0,0.0,-0.00245,0.0,-0.001765,-0.001819,0.0,-0.000788,-0.002755,0.0,-0.004993,-0.001699,0.0,-0.002335,0.0,-0.000621,-0.001678,-0.001888,-0.003287,-0.001829,0.0,-0.0,-0.002569,-0.002093,-0.002645,0.0,0.0,-0.000355,0.0,0.0,-0.001619,-0.002818,-0.004613,-0.003009,0.0,-0.000758,-0.004424,-0.001265,-0.003418,0.0,-0.001042,-0.001528,-0.0,0.0,-0.002054,-0.001985,0.0,-5.2e-05,0.0,-0.002267,0.0,-0.002614,0.0,-0.001868,-0.004647,-0.000138,-8.2e-05,-0.004616,0.0,-0.0,0.0,-0.000355,-0.002592,-0.002958,0.0,-0.001276,-0.001968,-0.005058,-0.004994,0.0,-0.004281,-0.0,-0.003694,-0.001991,0.0,-0.001818,-0.006122,-0.003385,-0.003333,-0.003547,-0.004907,-0.001727,-0.001091,-0.001167,0.0,-0.001061,-0.002536,-0.002725,-0.003603
2017-05-29 09:23:00+02:00,0.0,0.0,-0.000651,-0.00333,-0.000756,-0.0,-0.001636,-0.002186,-0.003336,-3.4e-05,-0.0,0.0,-0.003092,-0.002465,-0.000898,-0.004235,-3e-06,0.0,-0.0,-0.004915,0.0,-0.004846,-0.002876,0.0,-0.004657,-0.004843,-0.002116,0.0,-0.001256,-0.0,0.0,-0.002478,0.0,-0.00179,-0.00185,0.0,-0.000793,-0.002766,0.0,-0.005041,-0.001707,0.0,-0.002346,0.0,-0.000616,-0.00169,-0.001902,-0.003301,-0.001843,0.0,-0.0,-0.002587,-0.002122,-0.002684,0.0,0.0,-0.000355,0.0,0.0,-0.001621,-0.002836,-0.004654,-0.003035,0.0,-0.00076,-0.004468,-0.001265,-0.003433,0.0,-0.001044,-0.001538,-0.0,0.0,-0.002076,-0.002018,0.0,-5e-05,0.0,-0.002275,0.0,-0.002643,0.0,-0.001882,-0.004689,-0.00013,-7.9e-05,-0.004655,0.0,-0.0,0.0,-0.000352,-0.002625,-0.002998,0.0,-0.001298,-0.001983,-0.005114,-0.005049,0.0,-0.004318,-0.0,-0.003727,-0.002,0.0,-0.001825,-0.006179,-0.003425,-0.003364,-0.003582,-0.004959,-0.001736,-0.001099,-0.001174,0.0,-0.001059,-0.002549,-0.002748,-0.003641
2017-05-29 09:24:00+02:00,0.0,0.0,-0.000627,-0.003321,-0.000733,-0.0,-0.001626,-0.002181,-0.003341,-2.7e-05,-0.0,0.0,-0.003114,-0.002486,-0.0009,-0.004233,-3e-06,0.0,-0.0,-0.004905,0.0,-0.004834,-0.00287,0.0,-0.004664,-0.004844,-0.002108,0.0,-0.001243,-0.0,0.0,-0.002487,0.0,-0.001801,-0.001867,0.0,-0.000768,-0.002761,0.0,-0.005054,-0.001706,0.0,-0.002329,0.0,-0.000592,-0.001671,-0.001889,-0.00329,-0.001836,0.0,-0.0,-0.002586,-0.002129,-0.002707,0.0,0.0,-0.000328,0.0,0.0,-0.001605,-0.002832,-0.004661,-0.003024,0.0,-0.000737,-0.004467,-0.001252,-0.003422,0.0,-0.001033,-0.00153,-0.0,0.0,-0.002082,-0.002038,0.0,-4e-05,0.0,-0.002266,0.0,-0.002647,0.0,-0.001864,-0.004696,-0.000104,-6.4e-05,-0.004665,0.0,-0.0,0.0,-0.000338,-0.002632,-0.003019,0.0,-0.001304,-0.001967,-0.005119,-0.005053,0.0,-0.004323,-0.0,-0.003721,-0.001987,0.0,-0.001822,-0.0062,-0.003445,-0.003362,-0.003576,-0.00496,-0.001735,-0.001085,-0.001162,0.0,-0.001039,-0.002533,-0.002736,-0.003658
2017-05-29 09:25:00+02:00,0.0,0.0,-0.000621,-0.003323,-0.000727,-0.0,-0.001629,-0.002189,-0.003359,-2.2e-05,-0.0,0.0,-0.003143,-0.002513,-0.000908,-0.004242,-2e-06,0.0,-0.0,-0.004935,0.0,-0.004862,-0.00288,0.0,-0.004687,-0.004856,-0.002114,0.0,-0.001238,-0.0,0.0,-0.002506,0.0,-0.001819,-0.00189,0.0,-0.00076,-0.002773,0.0,-0.005081,-0.001715,0.0,-0.002336,0.0,-0.000585,-0.001663,-0.001885,-0.003309,-0.001841,0.0,-0.0,-0.002609,-0.002142,-0.002737,0.0,0.0,-0.000319,0.0,0.0,-0.001606,-0.002854,-0.004684,-0.003024,0.0,-0.000731,-0.004478,-0.001251,-0.003442,0.0,-0.001035,-0.001538,-0.0,0.0,-0.002105,-0.002063,0.0,-3.2e-05,0.0,-0.002273,0.0,-0.002657,0.0,-0.001857,-0.00472,-9.3e-05,-5.1e-05,-0.004687,0.0,-0.0,0.0,-0.000334,-0.002645,-0.003047,0.0,-0.001314,-0.001968,-0.005136,-0.00507,0.0,-0.004346,-0.0,-0.003725,-0.001994,0.0,-0.00183,-0.006234,-0.003473,-0.003377,-0.003582,-0.004974,-0.001744,-0.001079,-0.001165,0.0,-0.001036,-0.002542,-0.002734,-0.003685
2017-05-29 09:26:00+02:00,0.0,0.0,-0.000627,-0.003339,-0.000733,-0.0,-0.00164,-0.002204,-0.00338,-1.7e-05,-0.0,0.0,-0.003171,-0.002539,-0.000918,-0.004266,-2e-06,0.0,-0.0,-0.004979,0.0,-0.004903,-0.0029,0.0,-0.004715,-0.004884,-0.002128,0.0,-0.001243,-0.0,0.0,-0.002527,0.0,-0.001839,-0.001913,0.0,-0.000761,-0.002796,0.0,-0.00511,-0.00173,0.0,-0.002355,0.0,-0.00059,-0.001671,-0.001892,-0.003337,-0.00185,0.0,-0.0,-0.002639,-0.002162,-0.002765,0.0,0.0,-0.000323,0.0,0.0,-0.001619,-0.002884,-0.004708,-0.003038,0.0,-0.000739,-0.004504,-0.00126,-0.003471,0.0,-0.001044,-0.001553,-0.0,0.0,-0.002135,-0.002089,0.0,-2.6e-05,0.0,-0.002293,0.0,-0.002676,0.0,-0.001865,-0.004745,-9.4e-05,-5.1e-05,-0.004708,0.0,-0.0,0.0,-0.000337,-0.002667,-0.003075,0.0,-0.00133,-0.001975,-0.005169,-0.005102,0.0,-0.004372,-0.0,-0.003743,-0.002011,0.0,-0.001845,-0.006266,-0.0035,-0.003398,-0.003602,-0.005003,-0.00176,-0.001084,-0.001176,0.0,-0.001045,-0.002564,-0.002747,-0.00371
2017-05-29 09:27:00+02:00,0.0,0.0,-0.000635,-0.003355,-0.000737,-0.0,-0.001647,-0.002214,-0.003412,-1.4e-05,-0.0,0.0,-0.003217,-0.002579,-0.000934,-0.004289,-1e-06,0.0,-0.0,-0.005022,0.0,-0.004944,-0.002914,0.0,-0.00476,-0.00491,-0.002137,0.0,-0.001249,-0.0,0.0,-0.002557,0.0,-0.001867,-0.001945,0.0,-0.000772,-0.002812,0.0,-0.005162,-0.001742,0.0,-0.002376,0.0,-0.000593,-0.001678,-0.001899,-0.003363,-0.001868,0.0,-0.0,-0.002668,-0.002182,-0.002809,0.0,0.0,-0.00033,0.0,0.0,-0.001628,-0.002913,-0.004754,-0.003052,0.0,-0.000747,-0.004528,-0.001265,-0.003499,0.0,-0.00105,-0.001569,-0.0,0.0,-0.002164,-0.002125,0.0,-2e-05,0.0,-0.002306,0.0,-0.002694,0.0,-0.001872,-0.00479,-9.4e-05,-5.3e-05,-0.004753,0.0,-0.0,0.0,-0.000339,-0.002687,-0.003118,0.0,-0.001346,-0.001995,-0.005201,-0.005133,0.0,-0.004416,-0.0,-0.003762,-0.002027,0.0,-0.001856,-0.006333,-0.003545,-0.003434,-0.003622,-0.005031,-0.00177,-0.001088,-0.001187,0.0,-0.001051,-0.002587,-0.002761,-0.003754
2017-05-29 09:28:00+02:00,0.0,0.0,-0.000633,-0.003367,-0.000742,-0.0,-0.001657,-0.002226,-0.003427,-1.1e-05,-0.0,0.0,-0.003241,-0.002602,-0.000943,-0.004307,-1e-06,0.0,-0.0,-0.005042,0.0,-0.004961,-0.002931,0.0,-0.00478,-0.004932,-0.002149,0.0,-0.001252,-0.0,0.0,-0.002574,0.0,-0.001884,-0.001965,0.0,-0.00077,-0.002832,0.0,-0.005183,-0.001755,0.0,-0.002383,0.0,-0.000598,-0.001682,-0.001903,-0.003374,-0.001874,0.0,-0.0,-0.002684,-0.002198,-0.002834,0.0,0.0,-0.000327,0.0,0.0,-0.001638,-0.002927,-0.004771,-0.003062,0.0,-0.000747,-0.004548,-0.001272,-0.00351,0.0,-0.001057,-0.001577,-0.0,0.0,-0.002183,-0.002147,0.0,-1.6e-05,0.0,-0.002322,0.0,-0.002709,0.0,-0.001877,-0.004808,-9.5e-05,-4.7e-05,-0.004768,0.0,-0.0,0.0,-0.000342,-0.002705,-0.003141,0.0,-0.001359,-0.002,-0.005228,-0.005159,0.0,-0.004436,-0.0,-0.003776,-0.002033,0.0,-0.001869,-0.006359,-0.003568,-0.003449,-0.003637,-0.005054,-0.001784,-0.001091,-0.001191,0.0,-0.001058,-0.002595,-0.00277,-0.003774
2017-05-29 09:29:00+02:00,0.0,0.0,-0.000618,-0.003363,-0.000733,-0.0,-0.001654,-0.002227,-0.003432,-9e-06,-0.0,0.0,-0.003258,-0.002619,-0.000947,-0.004309,-1e-06,0.0,-0.0,-0.005042,0.0,-0.004959,-0.002933,0.0,-0.004787,-0.004935,-0.002149,0.0,-0.001246,-0.0,0.0,-0.002584,0.0,-0.001895,-0.00198,0.0,-0.000759,-0.002836,0.0,-0.005192,-0.001759,0.0,-0.002373,0.0,-0.000588,-0.001672,-0.001897,-0.003371,-0.001872,0.0,-0.0,-0.002688,-0.002207,-0.002853,0.0,0.0,-0.00031,0.0,0.0,-0.001633,-0.00293,-0.004776,-0.003058,0.0,-0.000731,-0.00455,-0.001267,-0.003507,0.0,-0.001054,-0.001574,-0.0,0.0,-0.002192,-0.002163,0.0,-1.3e-05,0.0,-0.002322,0.0,-0.002714,0.0,-0.001868,-0.004813,-8.3e-05,-3.8e-05,-0.004774,0.0,-0.0,0.0,-0.000337,-0.002713,-0.003158,0.0,-0.001367,-0.001994,-0.005236,-0.005167,0.0,-0.004443,-0.0,-0.003774,-0.002027,0.0,-0.001872,-0.006372,-0.003583,-0.003452,-0.003637,-0.00506,-0.001788,-0.001083,-0.001185,0.0,-0.001051,-0.002587,-0.002765,-0.003787
2017-05-29 09:30:00+02:00,0.0,0.0,-0.000617,-0.00337,-0.000735,-0.0,-0.00166,-0.002237,-0.003454,-7e-06,-0.0,0.0,-0.003289,-0.002646,-0.000959,-0.00432,-1e-06,0.0,-0.0,-0.005069,0.0,-0.004983,-0.002944,0.0,-0.004814,-0.004949,-0.002157,0.0,-0.001246,-0.0,0.0,-0.002606,0.0,-0.001915,-0.002004,0.0,-0.000766,-0.00285,0.0,-0.005223,-0.00177,0.0,-0.002381,0.0,-0.000589,-0.001673,-0.001899,-0.003385,-0.001885,0.0,-0.0,-0.002706,-0.00222,-0.002883,0.0,0.0,-0.000308,0.0,0.0,-0.001639,-0.002948,-0.004803,-0.003063,0.0,-0.000731,-0.004563,-0.00127,-0.003523,0.0,-0.001058,-0.001582,-0.0,0.0,-0.002213,-0.002189,0.0,-1e-05,0.0,-0.002333,0.0,-0.002726,0.0,-0.001869,-0.00484,-8.1e-05,-3.1e-05,-0.004798,0.0,-0.0,0.0,-0.000338,-0.002727,-0.003187,0.0,-0.001378,-0.002008,-0.005255,-0.005185,0.0,-0.004471,-0.0,-0.003782,-0.002034,0.0,-0.001881,-0.006408,-0.003612,-0.003476,-0.003647,-0.005076,-0.001798,-0.001084,-0.001189,0.0,-0.001054,-0.002596,-0.00277,-0.003814
2017-05-29 09:31:00+02:00,0.0,0.0,-0.000626,-0.003386,-0.000742,-0.0,-0.001671,-0.002251,-0.003484,-6e-06,-0.0,0.0,-0.003327,-0.002681,-0.000976,-0.004342,-1e-06,0.0,-0.0,-0.00511,0.0,-0.005022,-0.002964,0.0,-0.004855,-0.004975,-0.00217,0.0,-0.001253,-0.0,0.0,-0.002635,0.0,-0.001942,-0.002033,0.0,-0.000783,-0.002872,0.0,-0.005268,-0.001785,0.0,-0.0024,0.0,-0.000596,-0.001682,-0.001907,-0.00341,-0.001906,0.0,-0.0,-0.002734,-0.002239,-0.002921,0.0,0.0,-0.000316,0.0,0.0,-0.001652,-0.002975,-0.004843,-0.003078,0.0,-0.000741,-0.004586,-0.001279,-0.00355,0.0,-0.001068,-0.001597,-0.0,0.0,-0.002241,-0.002221,0.0,-8e-06,0.0,-0.002351,0.0,-0.002744,0.0,-0.001878,-0.00488,-8.5e-05,-3.5e-05,-0.004834,0.0,-0.0,0.0,-0.000342,-0.002748,-0.003224,0.0,-0.001394,-0.002033,-0.005286,-0.005215,0.0,-0.004512,-0.0,-0.0038,-0.00205,0.0,-0.001896,-0.006461,-0.00365,-0.003513,-0.003668,-0.005103,-0.001813,-0.00109,-0.001201,0.0,-0.001064,-0.002617,-0.002784,-0.003851
2017-05-29 09:32:00+02:00,0.0,0.0,-0.000605,-0.003386,-0.000733,-0.0,-0.001668,-0.002253,-0.003492,-5e-06,-0.0,0.0,-0.003352,-0.002703,-0.00098,-0.004348,-0.0,0.0,-0.0,-0.005086,0.0,-0.004996,-0.002966,0.0,-0.004865,-0.004983,-0.00217,0.0,-0.001248,-0.0,0.0,-0.002645,0.0,-0.001954,-0.002051,0.0,-0.000769,-0.002876,0.0,-0.005285,-0.001788,0.0,-0.002381,0.0,-0.000585,-0.001673,-0.001902,-0.003394,-0.001904,0.0,-0.0,-0.002727,-0.002249,-0.002946,0.0,0.0,-0.000294,0.0,0.0,-0.001648,-0.002965,-0.004855,-0.003076,0.0,-0.00072,-0.004593,-0.001275,-0.003532,0.0,-0.001065,-0.001588,-0.0,0.0,-0.00224,-0.002242,0.0,-7e-06,0.0,-0.002352,0.0,-0.002751,0.0,-0.001871,-0.004892,-7.2e-05,-2.8e-05,-0.004849,0.0,-0.0,0.0,-0.000336,-0.002758,-0.003248,0.0,-0.001403,-0.002025,-0.005299,-0.005228,0.0,-0.004522,-0.0,-0.003802,-0.002035,0.0,-0.001899,-0.006489,-0.003673,-0.003517,-0.003671,-0.005113,-0.001817,-0.001083,-0.001189,0.0,-0.001056,-0.002599,-0.002782,-0.003872
2017-05-29 09:33:00+02:00,0.0,0.0,-0.000608,-0.003409,-0.000738,-0.0,-0.001678,-0.002266,-0.003522,-4e-06,-0.0,0.0,-0.003394,-0.00274,-0.000997,-0.004377,-0.0,0.0,-0.0,-0.005111,0.0,-0.005019,-0.002985,0.0,-0.004906,-0.005016,-0.002182,0.0,-0.001257,-0.0,0.0,-0.002674,0.0,-0.001981,-0.002082,0.0,-0.000785,-0.002897,0.0,-0.005333,-0.001802,0.0,-0.002392,0.0,-0.000589,-0.001687,-0.001914,-0.003407,-0.001923,0.0,-0.0,-0.002745,-0.002272,-0.002987,0.0,0.0,-0.000295,0.0,0.0,-0.00166,-0.002982,-0.004897,-0.003097,0.0,-0.000724,-0.004624,-0.001282,-0.003546,0.0,-0.001073,-0.001597,-0.0,0.0,-0.002261,-0.002276,0.0,-5e-06,0.0,-0.002369,0.0,-0.002773,0.0,-0.001884,-0.004934,-7.3e-05,-2.3e-05,-0.004887,0.0,-0.0,0.0,-0.000339,-0.002782,-0.003287,0.0,-0.001421,-0.002049,-0.005337,-0.005265,0.0,-0.004563,-0.0,-0.003828,-0.002043,0.0,-0.001912,-0.006547,-0.003714,-0.003553,-0.003698,-0.005147,-0.001831,-0.001092,-0.001195,0.0,-0.001064,-0.002611,-0.002802,-0.003911
2017-05-29 09:34:00+02:00,0.0,0.0,-0.000634,-0.00345,-0.000756,-0.0,-0.001698,-0.00229,-0.003574,-9e-06,-0.0,0.0,-0.00345,-0.002792,-0.001025,-0.004427,-0.0,0.0,-0.0,-0.005187,0.0,-0.005092,-0.003019,0.0,-0.004981,-0.005069,-0.002205,0.0,-0.001278,-0.0,0.0,-0.002722,0.0,-0.002022,-0.002127,0.0,-0.000824,-0.002933,0.0,-0.005414,-0.001825,0.0,-0.002434,0.0,-0.000607,-0.001716,-0.001938,-0.003453,-0.001962,0.0,-0.0,-0.002791,-0.002304,-0.003043,0.0,0.0,-0.00032,0.0,0.0,-0.001686,-0.003029,-0.004972,-0.003136,0.0,-0.000751,-0.004675,-0.001299,-0.003594,0.0,-0.001089,-0.001626,-0.0,0.0,-0.002305,-0.002325,0.0,-1.3e-05,0.0,-0.002401,0.0,-0.002806,0.0,-0.001915,-0.005009,-8.8e-05,-4.1e-05,-0.00495,0.0,-0.0,0.0,-0.00035,-0.002817,-0.003345,0.0,-0.001448,-0.002099,-0.005397,-0.005324,0.0,-0.004637,-0.0,-0.003872,-0.002076,0.0,-0.001935,-0.006641,-0.003774,-0.003619,-0.003744,-0.005203,-0.001855,-0.001111,-0.00122,0.0,-0.001085,-0.002656,-0.002839,-0.00397
2017-05-29 09:35:00+02:00,0.0,0.0,-0.000659,-0.003505,-0.000775,-0.0,-0.001719,-0.002316,-0.003628,-1.8e-05,-0.0,0.0,-0.0035,-0.002847,-0.001053,-0.004492,-0.0,0.0,-0.0,-0.005267,0.0,-0.00517,-0.003057,0.0,-0.005059,-0.005139,-0.002229,0.0,-0.001305,-0.0,0.0,-0.00277,0.0,-0.002065,-0.002174,0.0,-0.000861,-0.002973,0.0,-0.0055,-0.00185,0.0,-0.002478,0.0,-0.000624,-0.001754,-0.00197,-0.003501,-0.002,0.0,-0.0,-0.00284,-0.002345,-0.003094,0.0,0.0,-0.000344,0.0,0.0,-0.001713,-0.003078,-0.00505,-0.003187,0.0,-0.000778,-0.004742,-0.001317,-0.003645,0.0,-0.001107,-0.001656,-0.0,0.0,-0.002352,-0.002375,0.0,-2.6e-05,0.0,-0.002435,0.0,-0.002849,0.0,-0.001954,-0.005087,-0.000101,-5.7e-05,-0.005014,0.0,-0.0,0.0,-0.000361,-0.002861,-0.003405,0.0,-0.00148,-0.002148,-0.005473,-0.005399,0.0,-0.004713,-0.0,-0.003932,-0.002109,0.0,-0.00196,-0.006723,-0.003837,-0.003687,-0.003805,-0.005275,-0.00188,-0.001137,-0.001245,0.0,-0.001107,-0.002703,-0.002889,-0.004032
2017-05-29 09:36:00+02:00,0.0,0.0,-0.000668,-0.003559,-0.000775,-0.0,-0.001725,-0.002327,-0.003676,-2.2e-05,-0.0,0.0,-0.003544,-0.002901,-0.001079,-0.004556,-0.0,0.0,-0.0,-0.005328,0.0,-0.005229,-0.003075,0.0,-0.005131,-0.005209,-0.002238,0.0,-0.001327,-0.0,0.0,-0.002815,0.0,-0.002105,-0.00222,0.0,-0.000888,-0.002992,0.0,-0.005582,-0.001862,0.0,-0.002504,0.0,-0.000623,-0.001787,-0.001999,-0.003535,-0.002033,0.0,-0.0,-0.002876,-0.002386,-0.003139,0.0,0.0,-0.00035,0.0,0.0,-0.001721,-0.003114,-0.005124,-0.003237,0.0,-0.000788,-0.004809,-0.001321,-0.003681,0.0,-0.001111,-0.001675,-0.0,0.0,-0.002389,-0.002424,0.0,-3.2e-05,0.0,-0.002449,0.0,-0.002891,0.0,-0.001988,-0.005161,-9.7e-05,-5.8e-05,-0.005075,0.0,-0.0,0.0,-0.00036,-0.002905,-0.003462,0.0,-0.001513,-0.00219,-0.00555,-0.005475,0.0,-0.004784,-0.0,-0.003991,-0.002129,0.0,-0.001971,-0.006793,-0.003889,-0.003748,-0.003866,-0.005348,-0.001892,-0.001157,-0.001258,0.0,-0.00111,-0.002733,-0.002935,-0.004091
2017-05-29 09:37:00+02:00,0.0,0.0,-0.000661,-0.003601,-0.000763,-0.0,-0.001721,-0.002328,-0.003705,-1.9e-05,-0.0,0.0,-0.003581,-0.002939,-0.001094,-0.004611,-0.0,0.0,-0.0,-0.005367,0.0,-0.005265,-0.003079,0.0,-0.005174,-0.005273,-0.002237,0.0,-0.001342,-0.0,0.0,-0.002844,0.0,-0.002132,-0.002253,0.0,-0.000894,-0.002997,0.0,-0.005635,-0.001865,0.0,-0.002512,0.0,-0.00061,-0.001807,-0.002019,-0.003554,-0.002049,0.0,-0.0,-0.002901,-0.002421,-0.003177,0.0,0.0,-0.000341,0.0,0.0,-0.001716,-0.003138,-0.005169,-0.003275,0.0,-0.000782,-0.004867,-0.001315,-0.003702,0.0,-0.001107,-0.001683,-0.0,0.0,-0.002415,-0.00246,0.0,-2.7e-05,0.0,-0.00245,0.0,-0.002929,0.0,-0.002011,-0.005206,-8e-05,-4.6e-05,-0.005112,0.0,-0.0,0.0,-0.000352,-0.002946,-0.003502,0.0,-0.00154,-0.002208,-0.005621,-0.005545,0.0,-0.004826,-0.0,-0.004039,-0.002135,0.0,-0.001973,-0.006849,-0.003932,-0.003781,-0.003914,-0.005415,-0.001896,-0.00117,-0.001261,0.0,-0.001101,-0.002744,-0.00297,-0.004131
2017-05-29 09:38:00+02:00,0.0,0.0,-0.000646,-0.003614,-0.000736,-0.0,-0.001704,-0.002317,-0.003717,-1.5e-05,-0.0,0.0,-0.003614,-0.002964,-0.001101,-0.004635,-0.0,0.0,-0.0,-0.00539,0.0,-0.005286,-0.003066,0.0,-0.005191,-0.005303,-0.002224,0.0,-0.001339,-0.0,0.0,-0.002859,0.0,-0.002148,-0.002275,0.0,-0.000882,-0.002984,0.0,-0.005661,-0.001858,0.0,-0.002509,0.0,-0.000582,-0.001804,-0.002019,-0.003562,-0.002051,0.0,-0.0,-0.002917,-0.00244,-0.003211,0.0,0.0,-0.000322,0.0,0.0,-0.001694,-0.003153,-0.00519,-0.003285,0.0,-0.000767,-0.004893,-0.001297,-0.003712,0.0,-0.001093,-0.001683,-0.0,0.0,-0.002435,-0.002485,0.0,-2.2e-05,0.0,-0.002434,0.0,-0.002946,0.0,-0.002009,-0.005226,-6.4e-05,-3.7e-05,-0.00513,0.0,-0.0,0.0,-0.000335,-0.002967,-0.003529,0.0,-0.001555,-0.002207,-0.005657,-0.005581,0.0,-0.004844,-0.0,-0.004057,-0.002134,0.0,-0.001964,-0.006892,-0.003959,-0.003793,-0.003933,-0.005448,-0.00189,-0.001166,-0.001256,0.0,-0.001076,-0.002743,-0.002977,-0.004154
2017-05-29 09:39:00+02:00,0.0,0.0,-0.000633,-0.003633,-0.00072,-0.0,-0.001697,-0.002314,-0.003731,-1.2e-05,-0.0,0.0,-0.003645,-0.00299,-0.001109,-0.004665,-0.0,0.0,-0.0,-0.005411,0.0,-0.005304,-0.003064,0.0,-0.005211,-0.005339,-0.002219,0.0,-0.001341,-0.0,0.0,-0.002875,0.0,-0.002165,-0.002298,0.0,-0.000876,-0.002983,0.0,-0.005688,-0.001858,0.0,-0.002508,0.0,-0.000566,-0.001807,-0.002025,-0.00357,-0.002055,0.0,-0.0,-0.002932,-0.002462,-0.003243,0.0,0.0,-0.000307,0.0,0.0,-0.001684,-0.003166,-0.005212,-0.003301,0.0,-0.000755,-0.004925,-0.001287,-0.003721,0.0,-0.001086,-0.001685,-0.0,0.0,-0.002453,-0.002511,0.0,-1.8e-05,0.0,-0.002429,0.0,-0.002967,0.0,-0.002013,-0.005247,-5.1e-05,-3e-05,-0.005148,0.0,-0.0,0.0,-0.000325,-0.002991,-0.003556,0.0,-0.001573,-0.00221,-0.005698,-0.005622,0.0,-0.004864,-0.0,-0.004081,-0.002133,0.0,-0.001963,-0.006934,-0.003986,-0.003808,-0.003958,-0.005486,-0.00189,-0.001167,-0.001253,0.0,-0.001063,-0.002744,-0.002991,-0.004177
2017-05-29 09:40:00+02:00,0.0,0.0,-0.000629,-0.003659,-0.000723,-0.0,-0.001704,-0.002326,-0.003741,-1e-05,-0.0,0.0,-0.003674,-0.003013,-0.001116,-0.004701,-0.0,0.0,-0.0,-0.005441,0.0,-0.005331,-0.003082,0.0,-0.005226,-0.005381,-0.002229,0.0,-0.001348,-0.0,0.0,-0.002888,0.0,-0.00218,-0.002318,0.0,-0.000868,-0.003002,0.0,-0.005707,-0.001871,0.0,-0.002516,0.0,-0.000567,-0.001817,-0.002035,-0.003584,-0.002058,0.0,-0.0,-0.002952,-0.002488,-0.003271,0.0,0.0,-0.000302,0.0,0.0,-0.001693,-0.003185,-0.005226,-0.003323,0.0,-0.000751,-0.004963,-0.001291,-0.003737,0.0,-0.001092,-0.001692,-0.0,0.0,-0.002476,-0.002532,0.0,-1.4e-05,0.0,-0.002444,0.0,-0.002993,0.0,-0.002025,-0.005262,-4.4e-05,-2.4e-05,-0.00516,0.0,-0.0,0.0,-0.000326,-0.00302,-0.003578,0.0,-0.001593,-0.00221,-0.005746,-0.005669,0.0,-0.00488,-0.0,-0.004112,-0.002139,0.0,-0.001975,-0.006967,-0.004008,-0.003818,-0.003989,-0.005531,-0.001904,-0.001172,-0.001256,0.0,-0.001067,-0.002753,-0.003012,-0.004196
2017-05-29 09:41:00+02:00,0.0,0.0,-0.000623,-0.003684,-0.000726,-0.0,-0.001713,-0.00234,-0.003748,-8e-06,-0.0,0.0,-0.003698,-0.003031,-0.001122,-0.004736,-0.0,0.0,-0.0,-0.005459,0.0,-0.005348,-0.003103,0.0,-0.005236,-0.005423,-0.002241,0.0,-0.001355,-0.0,0.0,-0.002899,0.0,-0.002192,-0.002334,0.0,-0.000857,-0.003025,0.0,-0.005719,-0.001886,0.0,-0.002519,0.0,-0.000569,-0.001827,-0.002045,-0.003592,-0.002056,0.0,-0.0,-0.002966,-0.002513,-0.003295,0.0,0.0,-0.000293,0.0,0.0,-0.001704,-0.003197,-0.005235,-0.003346,0.0,-0.000746,-0.005001,-0.001298,-0.003745,0.0,-0.001098,-0.001696,-0.0,0.0,-0.002494,-0.002551,0.0,-1.1e-05,0.0,-0.002462,0.0,-0.003017,0.0,-0.002036,-0.00527,-3.9e-05,-1.9e-05,-0.005166,0.0,-0.0,0.0,-0.000328,-0.003048,-0.003597,0.0,-0.001613,-0.002207,-0.005794,-0.005716,0.0,-0.00489,-0.0,-0.004141,-0.002141,0.0,-0.001989,-0.006991,-0.004025,-0.003823,-0.00402,-0.005576,-0.001918,-0.001178,-0.001256,0.0,-0.001074,-0.002758,-0.003032,-0.004209
2017-05-29 09:42:00+02:00,0.0,0.0,-0.00062,-0.003706,-0.000733,-0.0,-0.001725,-0.002356,-0.003762,-6e-06,-0.0,0.0,-0.003725,-0.003055,-0.00113,-0.004767,-0.0,0.0,-0.0,-0.005477,0.0,-0.005364,-0.003125,0.0,-0.005256,-0.005459,-0.002256,0.0,-0.001362,-0.0,0.0,-0.002915,0.0,-0.002208,-0.002355,0.0,-0.000854,-0.00305,0.0,-0.005742,-0.001902,0.0,-0.002523,0.0,-0.000575,-0.001836,-0.002055,-0.0036,-0.002061,0.0,-0.0,-0.00298,-0.002536,-0.003324,0.0,0.0,-0.000288,0.0,0.0,-0.001719,-0.00321,-0.005253,-0.003365,0.0,-0.000743,-0.005034,-0.001307,-0.003754,0.0,-0.001108,-0.001702,-0.0,0.0,-0.002511,-0.002574,0.0,-9e-06,0.0,-0.002483,0.0,-0.00304,0.0,-0.002045,-0.005287,-3.8e-05,-1.5e-05,-0.005182,0.0,-0.0,0.0,-0.000332,-0.003073,-0.003621,0.0,-0.001632,-0.002211,-0.005836,-0.005758,0.0,-0.004911,-0.0,-0.004167,-0.002144,0.0,-0.002005,-0.007025,-0.00405,-0.003837,-0.004047,-0.005615,-0.001935,-0.001183,-0.001259,0.0,-0.001084,-0.002765,-0.00305,-0.004231
2017-05-29 09:43:00+02:00,0.0,0.0,-0.000612,-0.003721,-0.000736,-0.0,-0.001733,-0.002368,-0.003778,-5e-06,-0.0,0.0,-0.00375,-0.003081,-0.001139,-0.00479,-0.0,0.0,-0.0,-0.005484,0.0,-0.005368,-0.003142,0.0,-0.005277,-0.005488,-0.002267,0.0,-0.001364,-0.0,0.0,-0.002933,0.0,-0.002225,-0.002377,0.0,-0.00085,-0.003069,0.0,-0.005768,-0.001916,0.0,-0.002522,0.0,-0.000577,-0.001839,-0.002059,-0.003602,-0.002067,0.0,-0.0,-0.002988,-0.002556,-0.003351,0.0,0.0,-0.000278,0.0,0.0,-0.001728,-0.003216,-0.005274,-0.003377,0.0,-0.000735,-0.005059,-0.001313,-0.003756,0.0,-0.001115,-0.001703,-0.0,0.0,-0.002523,-0.002598,0.0,-7e-06,0.0,-0.002498,0.0,-0.003058,0.0,-0.002049,-0.005308,-3.4e-05,-1.2e-05,-0.005202,0.0,-0.0,0.0,-0.000333,-0.003095,-0.003649,0.0,-0.001647,-0.002215,-0.005869,-0.005791,0.0,-0.004932,-0.0,-0.004185,-0.002143,0.0,-0.002018,-0.007056,-0.004077,-0.003852,-0.004067,-0.005645,-0.001948,-0.001184,-0.001257,0.0,-0.001089,-0.002765,-0.003061,-0.004255
2017-05-29 09:44:00+02:00,0.0,0.0,-0.000608,-0.003724,-0.000736,-0.0,-0.001739,-0.002378,-0.003793,-4e-06,-0.0,0.0,-0.003775,-0.003105,-0.001146,-0.004802,-0.0,0.0,-0.0,-0.005512,0.0,-0.005393,-0.003155,0.0,-0.005294,-0.005504,-0.002276,0.0,-0.001359,-0.0,0.0,-0.002949,0.0,-0.002241,-0.002397,0.0,-0.000844,-0.003085,0.0,-0.005792,-0.001927,0.0,-0.002528,0.0,-0.000576,-0.001831,-0.002056,-0.003617,-0.002071,0.0,-0.0,-0.003007,-0.002569,-0.003378,0.0,0.0,-0.000273,0.0,0.0,-0.001735,-0.003234,-0.005292,-0.003378,0.0,-0.000732,-0.005073,-0.001317,-0.003772,0.0,-0.001119,-0.001711,-0.0,0.0,-0.002544,-0.002621,0.0,-6e-06,0.0,-0.002509,0.0,-0.00307,0.0,-0.002042,-0.005325,-2.7e-05,-1e-05,-0.005221,0.0,-0.0,0.0,-0.000332,-0.003109,-0.003674,0.0,-0.001657,-0.002217,-0.00589,-0.005812,0.0,-0.00495,-0.0,-0.004193,-0.00215,0.0,-0.002029,-0.007087,-0.004103,-0.003865,-0.004075,-0.005664,-0.001959,-0.001178,-0.001261,0.0,-0.001092,-0.002774,-0.003061,-0.004279
2017-05-29 09:45:00+02:00,0.0,0.0,-0.000606,-0.003738,-0.000731,-0.0,-0.00174,-0.002381,-0.00381,-3e-06,-0.0,0.0,-0.003797,-0.003131,-0.001155,-0.004824,-0.0,0.0,-0.0,-0.005539,0.0,-0.005418,-0.003159,0.0,-0.005315,-0.005531,-0.002277,0.0,-0.001362,-0.0,0.0,-0.002967,0.0,-0.002259,-0.002419,0.0,-0.000841,-0.003091,0.0,-0.005819,-0.001932,0.0,-0.002537,0.0,-0.00057,-0.001834,-0.002062,-0.003632,-0.002078,0.0,-0.0,-0.003027,-0.002588,-0.003401,0.0,0.0,-0.000269,0.0,0.0,-0.001736,-0.003253,-0.005314,-0.00339,0.0,-0.000731,-0.005097,-0.001316,-0.003788,0.0,-0.00112,-0.001719,-0.0,0.0,-0.002566,-0.002646,0.0,-5e-06,0.0,-0.002513,0.0,-0.003088,0.0,-0.002046,-0.005346,-2.2e-05,-8e-06,-0.005242,0.0,-0.0,0.0,-0.000329,-0.00313,-0.003702,0.0,-0.001672,-0.002222,-0.005923,-0.005843,0.0,-0.004973,-0.0,-0.00421,-0.002158,0.0,-0.002032,-0.007112,-0.004131,-0.003882,-0.004094,-0.005693,-0.001964,-0.00118,-0.001266,0.0,-0.001089,-0.002784,-0.003072,-0.004304
2017-05-29 09:46:00+02:00,0.0,0.0,-0.000591,-0.003754,-0.000723,-0.0,-0.001736,-0.00238,-0.003818,-3e-06,-0.0,0.0,-0.003817,-0.003151,-0.001161,-0.004849,-0.0,0.0,-0.0,-0.005562,0.0,-0.005436,-0.003158,0.0,-0.005327,-0.00556,-0.002274,0.0,-0.001365,-0.0,0.0,-0.002979,0.0,-0.002272,-0.002437,0.0,-0.000832,-0.003091,0.0,-0.005837,-0.001933,0.0,-0.002532,0.0,-0.000561,-0.001839,-0.002067,-0.00364,-0.002079,0.0,-0.0,-0.00304,-0.002607,-0.003424,0.0,0.0,-0.000251,0.0,0.0,-0.001733,-0.003266,-0.005327,-0.003404,0.0,-0.000716,-0.005123,-0.001312,-0.003797,0.0,-0.001118,-0.001719,-0.0,0.0,-0.002583,-0.002666,0.0,-4e-06,0.0,-0.002512,0.0,-0.003106,0.0,-0.002051,-0.005358,-1.7e-05,-6e-06,-0.005253,0.0,-0.0,0.0,-0.000324,-0.003151,-0.003723,0.0,-0.001688,-0.00222,-0.005956,-0.005877,0.0,-0.004986,-0.0,-0.00423,-0.002155,0.0,-0.002033,-0.007135,-0.004151,-0.00389,-0.004115,-0.005724,-0.001966,-0.001182,-0.00126,0.0,-0.001083,-0.002782,-0.003085,-0.004321
2017-05-29 09:47:00+02:00,0.0,0.0,-0.000594,-0.003765,-0.000721,-0.0,-0.001736,-0.002382,-0.003832,-2e-06,-0.0,0.0,-0.003835,-0.003179,-0.001171,-0.004866,-0.0,0.0,-0.0,-0.005603,0.0,-0.005475,-0.003163,0.0,-0.005347,-0.005581,-0.002275,0.0,-0.001367,-0.0,0.0,-0.002996,0.0,-0.00229,-0.002461,0.0,-0.000835,-0.003098,0.0,-0.005868,-0.001938,0.0,-0.002547,0.0,-0.000559,-0.001842,-0.002069,-0.00366,-0.002087,0.0,-0.0,-0.003065,-0.002622,-0.003444,0.0,0.0,-0.000253,0.0,0.0,-0.001736,-0.003289,-0.005354,-0.003413,0.0,-0.00072,-0.005142,-0.001313,-0.003818,0.0,-0.001119,-0.00173,-0.0,0.0,-0.00261,-0.002693,0.0,-3e-06,0.0,-0.002517,0.0,-0.003119,0.0,-0.002055,-0.005384,-1.4e-05,-5e-06,-0.005274,0.0,-0.0,0.0,-0.000323,-0.003167,-0.003752,0.0,-0.001702,-0.00223,-0.005981,-0.005901,0.0,-0.005009,-0.0,-0.004244,-0.002166,0.0,-0.002036,-0.007154,-0.004173,-0.003909,-0.00413,-0.005747,-0.00197,-0.001183,-0.001267,0.0,-0.001083,-0.002799,-0.003094,-0.004348
2017-05-29 09:48:00+02:00,0.0,0.0,-0.00058,-0.003754,-0.000708,-0.0,-0.001728,-0.002375,-0.003829,-2e-06,-0.0,0.0,-0.00385,-0.003186,-0.001173,-0.004862,-0.0,0.0,-0.0,-0.005617,0.0,-0.005485,-0.003156,0.0,-0.005344,-0.00558,-0.002267,0.0,-0.001357,-0.0,0.0,-0.002998,0.0,-0.002296,-0.002471,0.0,-0.000822,-0.003092,0.0,-0.005865,-0.001935,0.0,-0.00254,0.0,-0.000546,-0.001828,-0.002058,-0.00366,-0.002081,0.0,-0.0,-0.003073,-0.002625,-0.003458,0.0,0.0,-0.000236,0.0,0.0,-0.001727,-0.003296,-0.005349,-0.003403,0.0,-0.000706,-0.005139,-0.001304,-0.00382,0.0,-0.001113,-0.001727,-0.0,0.0,-0.002624,-0.002703,0.0,-2e-06,0.0,-0.00251,0.0,-0.003118,0.0,-0.002041,-0.005378,-1.1e-05,-4e-06,-0.005262,0.0,-0.0,0.0,-0.000315,-0.00317,-0.003755,0.0,-0.001706,-0.002221,-0.005981,-0.005902,0.0,-0.005008,-0.0,-0.004237,-0.00216,0.0,-0.002032,-0.007159,-0.004176,-0.003905,-0.004124,-0.005747,-0.001967,-0.001172,-0.001261,0.0,-0.001072,-0.002793,-0.003083,-0.004346
2017-05-29 09:49:00+02:00,0.0,0.0,-0.000548,-0.003734,-0.000663,-0.0,-0.001695,-0.002346,-0.003811,-1e-06,-0.0,0.0,-0.003853,-0.003185,-0.001166,-0.004848,-0.0,0.0,-0.0,-0.005607,0.0,-0.005473,-0.003118,0.0,-0.005318,-0.005569,-0.002236,0.0,-0.001337,-0.0,0.0,-0.002989,0.0,-0.002291,-0.002471,0.0,-0.000787,-0.003054,0.0,-0.005842,-0.001913,0.0,-0.002515,0.0,-0.0005,-0.001801,-0.002037,-0.003646,-0.00206,0.0,-0.0,-0.00307,-0.002623,-0.003462,0.0,0.0,-0.0002,0.0,0.0,-0.001686,-0.00329,-0.005324,-0.003381,0.0,-0.000674,-0.005126,-0.001271,-0.003807,0.0,-0.001085,-0.001714,-0.0,0.0,-0.002627,-0.002704,0.0,-2e-06,0.0,-0.00247,0.0,-0.003111,0.0,-0.002014,-0.005352,-9e-06,-3e-06,-0.005237,0.0,-0.0,0.0,-0.000285,-0.003167,-0.00375,0.0,-0.001705,-0.002191,-0.005972,-0.005893,0.0,-0.004985,-0.0,-0.004219,-0.002142,0.0,-0.002007,-0.007143,-0.004169,-0.003878,-0.004106,-0.005737,-0.001945,-0.001152,-0.001242,0.0,-0.001028,-0.00277,-0.003061,-0.004333
2017-05-29 09:50:00+02:00,0.0,0.0,-0.000521,-0.003699,-0.000631,-0.0,-0.001676,-0.002331,-0.003796,-1e-06,-0.0,0.0,-0.003857,-0.003184,-0.001159,-0.00482,-0.0,0.0,-0.0,-0.005606,0.0,-0.00547,-0.003099,0.0,-0.005296,-0.005544,-0.002219,0.0,-0.001312,-0.0,0.0,-0.002981,0.0,-0.002288,-0.002473,0.0,-0.000754,-0.003035,0.0,-0.005823,-0.001902,0.0,-0.002496,0.0,-0.000468,-0.001766,-0.002009,-0.003638,-0.002039,0.0,-0.0,-0.003071,-0.002614,-0.003467,0.0,0.0,-0.000171,0.0,0.0,-0.00166,-0.003289,-0.005302,-0.003347,0.0,-0.000647,-0.005099,-0.001249,-0.0038,0.0,-0.001067,-0.001704,-0.0,0.0,-0.002633,-0.002707,0.0,-2e-06,0.0,-0.002449,0.0,-0.003095,0.0,-0.00198,-0.005329,-7e-06,-3e-06,-0.005215,0.0,-0.0,0.0,-0.000265,-0.003156,-0.003746,0.0,-0.001698,-0.002162,-0.005948,-0.00587,0.0,-0.004964,-0.0,-0.004187,-0.002128,0.0,-0.001994,-0.00713,-0.004163,-0.003853,-0.004075,-0.005714,-0.001934,-0.001127,-0.001228,0.0,-0.000998,-0.002753,-0.003027,-0.004323
2017-05-29 09:51:00+02:00,0.0,0.0,-0.000512,-0.003684,-0.000624,-0.0,-0.001674,-0.002333,-0.00381,-1e-06,-0.0,0.0,-0.00388,-0.003206,-0.00117,-0.004811,-0.0,0.0,-0.0,-0.005625,0.0,-0.005486,-0.003104,0.0,-0.005317,-0.005539,-0.00222,0.0,-0.001302,-0.0,0.0,-0.002998,0.0,-0.002305,-0.002494,0.0,-0.000762,-0.003042,0.0,-0.005847,-0.001907,0.0,-0.002496,0.0,-0.00046,-0.001753,-0.001997,-0.003644,-0.002049,0.0,-0.0,-0.003083,-0.002615,-0.003493,0.0,0.0,-0.00016,0.0,0.0,-0.001658,-0.0033,-0.005323,-0.003332,0.0,-0.000639,-0.005092,-0.001246,-0.003807,0.0,-0.001066,-0.001706,-0.0,0.0,-0.00265,-0.002729,0.0,-1e-06,0.0,-0.002451,0.0,-0.003092,0.0,-0.001966,-0.005348,-6e-06,-2e-06,-0.005226,0.0,-0.0,0.0,-0.00026,-0.003157,-0.003767,0.0,-0.0017,-0.002175,-0.005944,-0.005867,0.0,-0.004987,-0.0,-0.004175,-0.002128,0.0,-0.001998,-0.00716,-0.004183,-0.003873,-0.004063,-0.00571,-0.001939,-0.001117,-0.001227,0.0,-0.000993,-0.002755,-0.003014,-0.004341
2017-05-29 09:52:00+02:00,0.0,0.0,-0.000525,-0.003692,-0.000638,-0.0,-0.001688,-0.00235,-0.003832,-1e-06,-0.0,0.0,-0.003901,-0.003233,-0.001186,-0.004827,-0.0,0.0,-0.0,-0.005665,0.0,-0.005523,-0.003129,0.0,-0.005349,-0.00556,-0.002236,0.0,-0.001307,-0.0,0.0,-0.003021,0.0,-0.002328,-0.002519,0.0,-0.000779,-0.003069,0.0,-0.005883,-0.001924,0.0,-0.002518,0.0,-0.000472,-0.001761,-0.002,-0.003664,-0.002066,0.0,-0.0,-0.003107,-0.002629,-0.003517,0.0,0.0,-0.000172,0.0,0.0,-0.001677,-0.003324,-0.005355,-0.00334,0.0,-0.000653,-0.00511,-0.001258,-0.003829,0.0,-0.001078,-0.001722,-0.0,0.0,-0.002676,-0.002756,0.0,-1e-06,0.0,-0.002475,0.0,-0.003103,0.0,-0.001973,-0.00538,-5e-06,-2e-06,-0.005245,0.0,-0.0,0.0,-0.000269,-0.003172,-0.003794,0.0,-0.001712,-0.002197,-0.005968,-0.005891,0.0,-0.005021,-0.0,-0.004187,-0.002144,0.0,-0.002015,-0.00719,-0.00421,-0.003904,-0.004075,-0.005733,-0.001956,-0.001121,-0.001239,0.0,-0.001009,-0.002779,-0.003023,-0.004365
2017-05-29 09:53:00+02:00,0.0,0.0,-0.000525,-0.003729,-0.000648,-0.0,-0.0017,-0.002365,-0.003859,-1e-06,-0.0,0.0,-0.003926,-0.003268,-0.001204,-0.004873,-0.0,0.0,-0.0,-0.005668,0.0,-0.005524,-0.003153,0.0,-0.005389,-0.005611,-0.00225,0.0,-0.001324,-0.0,0.0,-0.003049,0.0,-0.002355,-0.002551,0.0,-0.000797,-0.003095,0.0,-0.00593,-0.001941,0.0,-0.002521,0.0,-0.000482,-0.001787,-0.00202,-0.003659,-0.002085,0.0,-0.0,-0.003109,-0.002659,-0.003545,0.0,0.0,-0.000171,0.0,0.0,-0.001693,-0.003323,-0.005397,-0.003376,0.0,-0.000653,-0.005158,-0.001268,-0.003823,0.0,-0.001088,-0.001724,-0.0,0.0,-0.002685,-0.00279,0.0,-1e-06,0.0,-0.002497,0.0,-0.003134,0.0,-0.002,-0.005421,-4e-06,-1e-06,-0.005274,0.0,-0.0,0.0,-0.000275,-0.003204,-0.003829,0.0,-0.001737,-0.002223,-0.006024,-0.005946,0.0,-0.005063,-0.0,-0.004228,-0.002143,0.0,-0.002031,-0.007226,-0.004243,-0.00394,-0.004118,-0.005786,-0.001973,-0.001138,-0.001241,0.0,-0.001022,-0.002783,-0.003057,-0.004398
2017-05-29 09:54:00+02:00,0.0,0.0,-0.000536,-0.003765,-0.000656,-0.0,-0.00171,-0.00238,-0.003888,-0.0,-0.0,0.0,-0.00395,-0.003306,-0.001223,-0.004919,-0.0,0.0,-0.0,-0.005718,0.0,-0.005571,-0.003177,0.0,-0.005434,-0.005663,-0.002263,0.0,-0.001339,-0.0,0.0,-0.003079,0.0,-0.002384,-0.002584,0.0,-0.000814,-0.003121,0.0,-0.005983,-0.001956,0.0,-0.002545,0.0,-0.000489,-0.001809,-0.002038,-0.003684,-0.002105,0.0,-0.0,-0.003139,-0.002688,-0.003572,0.0,0.0,-0.00018,0.0,0.0,-0.001707,-0.003352,-0.005445,-0.00341,0.0,-0.000665,-0.005205,-0.001275,-0.003849,0.0,-0.001096,-0.001741,-0.0,0.0,-0.002716,-0.002827,0.0,-1e-06,0.0,-0.002518,0.0,-0.003163,0.0,-0.002024,-0.005467,-3e-06,-1e-06,-0.005308,0.0,-0.0,0.0,-0.000279,-0.003237,-0.003868,0.0,-0.001763,-0.00225,-0.00608,-0.006002,0.0,-0.00511,-0.0,-0.004268,-0.00216,0.0,-0.002046,-0.007259,-0.004272,-0.00398,-0.00416,-0.005841,-0.001988,-0.001152,-0.001254,0.0,-0.001032,-0.00281,-0.00309,-0.004436
2017-05-29 09:55:00+02:00,0.0,0.0,-0.000536,-0.00379,-0.000656,-0.0,-0.001713,-0.002387,-0.003887,-0.0,-0.0,0.0,-0.003973,-0.003321,-0.001225,-0.004953,-0.0,0.0,-0.0,-0.005753,0.0,-0.005604,-0.003194,0.0,-0.005441,-0.005703,-0.002269,0.0,-0.001343,-0.0,0.0,-0.003084,0.0,-0.002393,-0.002599,0.0,-0.000797,-0.003138,0.0,-0.005993,-0.001966,0.0,-0.002558,0.0,-0.000489,-0.001818,-0.002045,-0.003696,-0.002097,0.0,-0.0,-0.003158,-0.002711,-0.003598,0.0,0.0,-0.000177,0.0,0.0,-0.001714,-0.003369,-0.005452,-0.003431,0.0,-0.000665,-0.005242,-0.001277,-0.003862,0.0,-0.001099,-0.001749,-0.0,0.0,-0.002739,-0.002844,0.0,-0.0,0.0,-0.002531,0.0,-0.003183,0.0,-0.002034,-0.005473,-2e-06,-1e-06,-0.005306,0.0,-0.0,0.0,-0.000279,-0.00326,-0.003882,0.0,-0.001782,-0.00224,-0.006122,-0.006044,0.0,-0.005117,-0.0,-0.004297,-0.002166,0.0,-0.002054,-0.007293,-0.004286,-0.003979,-0.004188,-0.005882,-0.001998,-0.001155,-0.001258,0.0,-0.001035,-0.002825,-0.00311,-0.004444
2017-05-29 09:56:00+02:00,0.0,0.0,-0.000544,-0.00382,-0.000662,-0.0,-0.001721,-0.002398,-0.003895,-0.0,-0.0,0.0,-0.003996,-0.003348,-0.001231,-0.004994,-0.0,0.0,-0.0,-0.005805,0.0,-0.005654,-0.003217,0.0,-0.005461,-0.00575,-0.002279,0.0,-0.00135,-0.0,0.0,-0.003096,0.0,-0.002408,-0.002623,0.0,-0.000788,-0.00316,0.0,-0.006023,-0.001978,0.0,-0.002582,0.0,-0.000493,-0.001832,-0.002055,-0.003719,-0.002095,0.0,-0.0,-0.003186,-0.002736,-0.003624,0.0,0.0,-0.000182,0.0,0.0,-0.001727,-0.003397,-0.005477,-0.003459,0.0,-0.000674,-0.005285,-0.001283,-0.003887,0.0,-0.001106,-0.001765,-0.0,0.0,-0.002771,-0.002871,0.0,-0.0,0.0,-0.002549,0.0,-0.003206,0.0,-0.002049,-0.005497,-2e-06,-1e-06,-0.005319,0.0,-0.0,0.0,-0.000281,-0.003287,-0.003908,0.0,-0.001805,-0.00224,-0.00617,-0.006094,0.0,-0.005138,-0.0,-0.004332,-0.002181,0.0,-0.002066,-0.007329,-0.004313,-0.003989,-0.004223,-0.005932,-0.002011,-0.00116,-0.001269,0.0,-0.001044,-0.002852,-0.003135,-0.004464
2017-05-29 09:57:00+02:00,0.0,0.0,-0.00054,-0.003833,-0.000664,-0.0,-0.001727,-0.002409,-0.003899,-0.0,-0.0,0.0,-0.00402,-0.003369,-0.001234,-0.005018,-0.0,0.0,-0.0,-0.005855,0.0,-0.005701,-0.003238,0.0,-0.005474,-0.005782,-0.002288,0.0,-0.001348,-0.0,0.0,-0.003105,0.0,-0.00242,-0.002642,0.0,-0.000774,-0.003181,0.0,-0.006042,-0.001991,0.0,-0.002597,0.0,-0.000494,-0.001832,-0.002054,-0.003741,-0.002089,0.0,-0.0,-0.003215,-0.002753,-0.003652,0.0,0.0,-0.000175,0.0,0.0,-0.001738,-0.003424,-0.005491,-0.003471,0.0,-0.00067,-0.005312,-0.001287,-0.003911,0.0,-0.001111,-0.001775,-0.0,0.0,-0.002802,-0.002893,0.0,-0.0,0.0,-0.002566,0.0,-0.003221,0.0,-0.00205,-0.00551,-1e-06,-1e-06,-0.005325,0.0,-0.0,0.0,-0.000282,-0.003306,-0.003929,0.0,-0.00182,-0.002233,-0.006203,-0.006127,0.0,-0.005151,-0.0,-0.004351,-0.00219,0.0,-0.002077,-0.007366,-0.004334,-0.003993,-0.004241,-0.005965,-0.002024,-0.001157,-0.001273,0.0,-0.00105,-0.00287,-0.003145,-0.004479
2017-05-29 09:58:00+02:00,0.0,0.0,-0.000545,-0.003862,-0.000675,-0.0,-0.001741,-0.002427,-0.00391,-0.0,-0.0,0.0,-0.004043,-0.003391,-0.00124,-0.005058,-0.0,0.0,-0.0,-0.005913,0.0,-0.005757,-0.003268,0.0,-0.005495,-0.005828,-0.002304,0.0,-0.001357,-0.0,0.0,-0.003119,0.0,-0.002435,-0.002663,0.0,-0.000767,-0.003212,0.0,-0.006067,-0.002009,0.0,-0.002621,0.0,-0.000504,-0.001846,-0.002065,-0.00377,-0.00209,0.0,-0.0,-0.003248,-0.002779,-0.003677,0.0,0.0,-0.000179,0.0,0.0,-0.001758,-0.003457,-0.005512,-0.003497,0.0,-0.000677,-0.005354,-0.001299,-0.003941,0.0,-0.001123,-0.001791,-0.0,0.0,-0.002837,-0.002916,0.0,-0.0,0.0,-0.002593,0.0,-0.003245,0.0,-0.002065,-0.005529,-1e-06,-0.0,-0.005335,0.0,-0.0,0.0,-0.000288,-0.003333,-0.003951,0.0,-0.001841,-0.002235,-0.006252,-0.006176,0.0,-0.005172,-0.0,-0.004384,-0.002207,0.0,-0.002095,-0.0074,-0.004357,-0.004004,-0.004274,-0.006014,-0.002042,-0.001164,-0.001284,0.0,-0.001064,-0.002897,-0.003169,-0.004497
2017-05-29 09:59:00+02:00,0.0,0.0,-0.000537,-0.003893,-0.000686,-0.0,-0.001754,-0.002446,-0.003947,-0.0,-0.0,0.0,-0.004066,-0.003437,-0.001263,-0.0051,-0.0,0.0,-0.0,-0.00593,0.0,-0.005772,-0.003297,0.0,-0.005552,-0.005877,-0.002321,0.0,-0.001368,-0.0,0.0,-0.003156,0.0,-0.002469,-0.002702,0.0,-0.000788,-0.003242,0.0,-0.006133,-0.002028,0.0,-0.002623,0.0,-0.000513,-0.001864,-0.002079,-0.003773,-0.002116,0.0,-0.0,-0.003258,-0.002806,-0.003702,0.0,0.0,-0.000168,0.0,0.0,-0.001777,-0.003465,-0.005572,-0.003526,0.0,-0.000668,-0.005399,-0.00131,-0.003944,0.0,-0.001134,-0.001793,-0.0,0.0,-0.002852,-0.002959,0.0,-0.0,0.0,-0.002618,0.0,-0.003272,0.0,-0.002084,-0.005588,-1e-06,-0.0,-0.005381,0.0,-0.0,0.0,-0.000293,-0.003363,-0.003993,0.0,-0.001864,-0.002269,-0.006304,-0.006229,0.0,-0.005231,-0.0,-0.00442,-0.002206,0.0,-0.002113,-0.007431,-0.004384,-0.004054,-0.00431,-0.006065,-0.002061,-0.001175,-0.001282,0.0,-0.001078,-0.002901,-0.003197,-0.004545
2017-05-29 10:00:00+02:00,0.0,0.0,-0.000527,-0.003913,-0.000687,-0.0,-0.001762,-0.002458,-0.003985,-0.0,-0.0,0.0,-0.004091,-0.003483,-0.001284,-0.005132,-0.0,0.0,-0.0,-0.005956,0.0,-0.005795,-0.003318,0.0,-0.005608,-0.005915,-0.002332,0.0,-0.001372,-0.0,0.0,-0.003192,0.0,-0.002503,-0.002742,0.0,-0.000804,-0.003263,0.0,-0.006199,-0.002041,0.0,-0.002626,0.0,-0.000514,-0.00187,-0.002085,-0.003782,-0.002141,0.0,-0.0,-0.003274,-0.002828,-0.003729,0.0,0.0,-0.000155,0.0,0.0,-0.001787,-0.003479,-0.005631,-0.003544,0.0,-0.000659,-0.005433,-0.001314,-0.003954,0.0,-0.00114,-0.001797,-0.0,0.0,-0.002871,-0.003002,0.0,-0.0,0.0,-0.002635,0.0,-0.003293,0.0,-0.002092,-0.005645,-1e-06,-0.0,-0.005428,0.0,-0.0,0.0,-0.000294,-0.003388,-0.004032,0.0,-0.001882,-0.0023,-0.006346,-0.006271,0.0,-0.005287,-0.0,-0.004446,-0.002208,0.0,-0.002126,-0.007465,-0.004411,-0.004102,-0.004336,-0.006105,-0.002075,-0.001177,-0.001282,0.0,-0.001083,-0.002907,-0.003213,-0.004594
2017-05-29 10:01:00+02:00,0.0,0.0,-0.000512,-0.003918,-0.00068,-0.0,-0.001763,-0.002464,-0.004,-0.0,-0.0,0.0,-0.004114,-0.003515,-0.001295,-0.005147,-0.0,0.0,-0.0,-0.005978,0.0,-0.005815,-0.003329,0.0,-0.005632,-0.005936,-0.002336,0.0,-0.001365,-0.0,0.0,-0.003211,0.0,-0.002522,-0.002769,0.0,-0.000799,-0.003276,0.0,-0.006237,-0.002048,0.0,-0.002625,0.0,-0.000505,-0.001862,-0.00208,-0.003789,-0.002149,0.0,-0.0,-0.003288,-0.002841,-0.003753,0.0,0.0,-0.000137,0.0,0.0,-0.001788,-0.003491,-0.005663,-0.003546,0.0,-0.000645,-0.005451,-0.001313,-0.003961,0.0,-0.001139,-0.001798,-0.0,0.0,-0.002888,-0.003033,0.0,-0.0,0.0,-0.002643,0.0,-0.003303,0.0,-0.002084,-0.005676,-1e-06,-0.0,-0.005454,0.0,-0.0,0.0,-0.000288,-0.003402,-0.004067,0.0,-0.001892,-0.002308,-0.006369,-0.006294,0.0,-0.005315,-0.0,-0.004455,-0.002207,0.0,-0.002133,-0.007495,-0.004436,-0.004124,-0.004345,-0.006128,-0.002083,-0.00117,-0.001277,0.0,-0.001078,-0.002909,-0.003214,-0.004625
2017-05-29 10:02:00+02:00,0.0,0.0,-0.000473,-0.003899,-0.00066,-0.0,-0.001753,-0.00246,-0.003975,-0.0,-0.0,0.0,-0.004128,-0.003508,-0.001285,-0.005139,-0.0,0.0,-0.0,-0.005967,0.0,-0.005803,-0.003328,0.0,-0.005601,-0.005933,-0.00233,0.0,-0.001343,-0.0,0.0,-0.003196,0.0,-0.002514,-0.002764,0.0,-0.000757,-0.003273,0.0,-0.006207,-0.002047,0.0,-0.002596,0.0,-0.000484,-0.001832,-0.002058,-0.003772,-0.002125,0.0,-0.0,-0.003282,-0.002841,-0.003767,0.0,0.0,-0.000109,0.0,0.0,-0.001775,-0.003482,-0.005633,-0.003525,0.0,-0.000606,-0.005444,-0.001301,-0.003945,0.0,-0.00113,-0.00178,-0.0,0.0,-0.002889,-0.003029,0.0,-0.0,0.0,-0.002636,0.0,-0.003298,0.0,-0.002056,-0.005645,-0.0,-0.0,-0.005423,0.0,-0.0,0.0,-0.000274,-0.003402,-0.004059,0.0,-0.001891,-0.002274,-0.006366,-0.006292,0.0,-0.005288,-0.0,-0.004441,-0.002184,0.0,-0.00213,-0.007502,-0.004434,-0.004093,-0.004329,-0.006126,-0.002082,-0.001147,-0.001255,0.0,-0.001061,-0.002881,-0.003192,-0.004606
2017-05-29 10:03:00+02:00,0.0,0.0,-0.000474,-0.003905,-0.000664,-0.0,-0.00176,-0.00247,-0.004002,-0.0,-0.0,0.0,-0.004147,-0.00355,-0.001303,-0.005152,-0.0,0.0,-0.0,-0.005991,0.0,-0.005824,-0.003344,0.0,-0.005639,-0.005951,-0.002338,0.0,-0.001342,-0.0,0.0,-0.003225,0.0,-0.002541,-0.002798,0.0,-0.000772,-0.00329,0.0,-0.006262,-0.002058,0.0,-0.002604,0.0,-0.000487,-0.00183,-0.002056,-0.003782,-0.002146,0.0,-0.0,-0.003297,-0.002853,-0.003787,0.0,0.0,-0.000106,0.0,0.0,-0.001785,-0.003497,-0.005681,-0.00353,0.0,-0.000607,-0.005459,-0.001306,-0.003956,0.0,-0.001136,-0.001787,-0.0,0.0,-0.002907,-0.003068,0.0,-0.0,0.0,-0.00265,0.0,-0.003308,0.0,-0.002054,-0.005691,-0.0,-0.0,-0.005464,0.0,-0.0,0.0,-0.000276,-0.003415,-0.004092,0.0,-0.001901,-0.002299,-0.006385,-0.006312,0.0,-0.005331,-0.0,-0.00445,-0.00219,0.0,-0.002141,-0.007526,-0.004456,-0.004132,-0.004339,-0.006145,-0.002094,-0.001145,-0.001259,0.0,-0.001067,-0.002891,-0.003195,-0.004653
2017-05-29 10:04:00+02:00,0.0,0.0,-0.000482,-0.003931,-0.00067,-0.0,-0.001767,-0.002479,-0.004039,-0.0,-0.0,0.0,-0.004169,-0.003598,-0.001326,-0.005187,-0.0,0.0,-0.0,-0.006026,0.0,-0.005857,-0.003358,0.0,-0.005692,-0.00599,-0.002345,0.0,-0.001353,-0.0,0.0,-0.003262,0.0,-0.002576,-0.002839,0.0,-0.000795,-0.003304,0.0,-0.006331,-0.002068,0.0,-0.002622,0.0,-0.000493,-0.001847,-0.00207,-0.0038,-0.002174,0.0,-0.0,-0.00332,-0.002877,-0.003812,0.0,0.0,-0.000111,0.0,0.0,-0.001796,-0.003519,-0.005743,-0.003554,0.0,-0.000616,-0.005495,-0.001313,-0.003975,0.0,-0.001143,-0.001801,-0.0,0.0,-0.002931,-0.003113,0.0,-0.0,0.0,-0.002663,0.0,-0.003332,0.0,-0.002071,-0.005752,-0.0,-0.0,-0.005503,0.0,-0.0,0.0,-0.00028,-0.003441,-0.004125,0.0,-0.001921,-0.002335,-0.006428,-0.006355,0.0,-0.005389,-0.0,-0.00448,-0.002203,0.0,-0.00215,-0.007555,-0.004482,-0.004183,-0.00437,-0.006186,-0.002104,-0.001155,-0.001269,0.0,-0.001076,-0.002911,-0.003219,-0.004699
2017-05-29 10:05:00+02:00,0.0,0.0,-0.000468,-0.003959,-0.000672,-0.0,-0.001774,-0.002491,-0.004067,-0.0,-0.0,0.0,-0.00419,-0.003637,-0.001342,-0.005223,-0.0,0.0,-0.0,-0.006045,0.0,-0.005873,-0.003377,0.0,-0.005735,-0.00603,-0.002355,0.0,-0.001363,-0.0,0.0,-0.00329,0.0,-0.002604,-0.002872,0.0,-0.000803,-0.003325,0.0,-0.006386,-0.00208,0.0,-0.00262,0.0,-0.000494,-0.001863,-0.002082,-0.003803,-0.00219,0.0,-0.0,-0.003331,-0.002901,-0.003834,0.0,0.0,-9.1e-05,0.0,0.0,-0.001806,-0.003528,-0.00579,-0.00358,0.0,-0.000603,-0.005533,-0.001318,-0.003979,0.0,-0.001149,-0.0018,-0.0,0.0,-0.002947,-0.00315,0.0,-0.0,0.0,-0.00268,0.0,-0.003355,0.0,-0.002087,-0.005798,-0.0,-0.0,-0.005532,0.0,-0.0,0.0,-0.000281,-0.003466,-0.004154,0.0,-0.001942,-0.002355,-0.006471,-0.006398,0.0,-0.005434,-0.0,-0.004512,-0.0022,0.0,-0.002162,-0.007582,-0.004504,-0.004219,-0.004403,-0.006229,-0.002117,-0.001164,-0.001264,0.0,-0.001081,-0.002911,-0.003244,-0.004736
2017-05-29 10:06:00+02:00,0.0,0.0,-0.000414,-0.00397,-0.000645,-0.0,-0.00176,-0.002481,-0.004095,-0.0,-0.0,0.0,-0.004214,-0.003674,-0.001353,-0.005243,-0.0,0.0,-0.0,-0.006032,0.0,-0.005859,-0.003367,0.0,-0.005776,-0.006055,-0.002343,0.0,-0.001358,-0.0,0.0,-0.003317,0.0,-0.002628,-0.002905,0.0,-0.000793,-0.003315,0.0,-0.006436,-0.002074,0.0,-0.002581,0.0,-0.000465,-0.001857,-0.002081,-0.003783,-0.002199,0.0,-0.0,-0.003324,-0.002917,-0.00386,0.0,0.0,-7.3e-05,0.0,0.0,-0.001787,-0.003517,-0.005833,-0.003588,0.0,-0.000549,-0.005555,-0.001301,-0.003962,0.0,-0.001135,-0.001776,-0.0,0.0,-0.002946,-0.003185,0.0,-0.0,0.0,-0.002666,0.0,-0.003368,0.0,-0.002084,-0.005839,-0.0,-0.0,-0.005562,0.0,-0.0,0.0,-0.000263,-0.003482,-0.004185,0.0,-0.001956,-0.002363,-0.006497,-0.006425,0.0,-0.005474,-0.0,-0.004527,-0.002171,0.0,-0.002154,-0.007616,-0.004529,-0.004245,-0.004419,-0.006255,-0.002111,-0.001158,-0.001234,0.0,-0.001056,-0.002874,-0.003251,-0.004773
2017-05-29 10:07:00+02:00,0.0,0.0,-0.000413,-0.004023,-0.000648,-0.0,-0.00177,-0.002496,-0.004151,-0.0,-0.0,0.0,-0.004239,-0.003736,-0.001381,-0.00531,-0.0,0.0,-0.0,-0.006104,0.0,-0.005928,-0.003391,0.0,-0.005858,-0.006128,-0.002357,0.0,-0.00138,-0.0,0.0,-0.003369,0.0,-0.002674,-0.002959,0.0,-0.000818,-0.00334,0.0,-0.006533,-0.00209,0.0,-0.002605,0.0,-0.000467,-0.00189,-0.002109,-0.003822,-0.002234,0.0,-0.0,-0.003366,-0.002958,-0.003888,0.0,0.0,-5.9e-05,0.0,0.0,-0.0018,-0.00356,-0.00592,-0.003639,0.0,-0.000549,-0.005624,-0.001308,-0.004004,0.0,-0.001142,-0.001794,-0.0,0.0,-0.002989,-0.003243,0.0,-0.0,0.0,-0.002686,0.0,-0.003412,0.0,-0.002118,-0.005924,-0.0,-0.0,-0.005592,0.0,-0.0,0.0,-0.000263,-0.003527,-0.004217,0.0,-0.00199,-0.002406,-0.006575,-0.006503,0.0,-0.005556,-0.0,-0.004588,-0.00219,0.0,-0.002169,-0.007652,-0.004556,-0.004313,-0.004481,-0.006331,-0.002127,-0.001178,-0.001244,0.0,-0.001063,-0.002903,-0.003299,-0.004809
2017-05-29 10:08:00+02:00,0.0,0.0,-0.000378,-0.004042,-0.000634,-0.0,-0.001768,-0.0025,-0.004186,-0.0,-0.0,0.0,-0.004263,-0.00378,-0.001396,-0.005341,-0.0,0.0,-0.0,-0.00613,0.0,-0.005951,-0.003398,0.0,-0.005906,-0.006164,-0.002359,0.0,-0.001382,-0.0,0.0,-0.003402,0.0,-0.002704,-0.002997,0.0,-0.000817,-0.003348,0.0,-0.006596,-0.002096,0.0,-0.002589,0.0,-0.000452,-0.001892,-0.002114,-0.003831,-0.00225,0.0,-0.0,-0.003383,-0.002981,-0.003912,0.0,0.0,-4.7e-05,0.0,0.0,-0.001796,-0.003576,-0.005973,-0.003655,0.0,-0.000516,-0.005657,-0.001303,-0.004015,0.0,-0.001139,-0.001786,-0.0,0.0,-0.003008,-0.003284,0.0,-0.0,0.0,-0.002689,0.0,-0.003433,0.0,-0.002122,-0.005975,-0.0,-0.0,-0.005617,0.0,-0.0,0.0,-0.000254,-0.003552,-0.004245,0.0,-0.002007,-0.002422,-0.006616,-0.006544,0.0,-0.005605,-0.0,-0.004613,-0.00218,0.0,-0.002174,-0.007682,-0.00458,-0.00435,-0.004506,-0.00637,-0.002133,-0.001178,-0.001229,0.0,-0.001053,-0.002889,-0.003313,-0.004841
2017-05-29 10:09:00+02:00,0.0,0.0,-0.000308,-0.004031,-0.000607,-0.0,-0.001756,-0.002494,-0.004192,-0.0,-0.0,0.0,-0.004284,-0.003794,-0.001394,-0.00534,-0.0,0.0,-0.0,-0.006102,0.0,-0.005921,-0.003391,0.0,-0.005912,-0.006169,-0.002351,0.0,-0.001367,-0.0,0.0,-0.00341,0.0,-0.002713,-0.003011,0.0,-0.000787,-0.003342,0.0,-0.006607,-0.002093,0.0,-0.002528,0.0,-0.000424,-0.001871,-0.0021,-0.003802,-0.002241,0.0,-0.0,-0.003367,-0.002985,-0.003935,0.0,0.0,-3.7e-05,0.0,0.0,-0.001778,-0.003557,-0.005979,-0.003643,0.0,-0.000446,-0.005658,-0.001288,-0.003989,0.0,-0.001127,-0.001749,-0.0,0.0,-0.003,-0.003299,0.0,-0.0,0.0,-0.002678,0.0,-0.003435,0.0,-0.002102,-0.005979,-0.0,-0.0,-0.005635,0.0,-0.0,0.0,-0.000236,-0.003557,-0.00427,0.0,-0.00201,-0.002405,-0.006622,-0.006551,0.0,-0.005611,-0.0,-0.004607,-0.002136,0.0,-0.00217,-0.007708,-0.004602,-0.004346,-0.0045,-0.006376,-0.00213,-0.001162,-0.001186,0.0,-0.001029,-0.002829,-0.0033,-0.004862
2017-05-29 10:10:00+02:00,0.0,0.0,-0.000247,-0.004017,-0.000587,-0.0,-0.001747,-0.002489,-0.004194,-0.0,-0.0,0.0,-0.004302,-0.003807,-0.001393,-0.005335,-0.0,0.0,-0.0,-0.006049,0.0,-0.005867,-0.003386,0.0,-0.005914,-0.006167,-0.002345,0.0,-0.001352,-0.0,0.0,-0.003415,0.0,-0.002719,-0.003023,0.0,-0.00076,-0.003337,0.0,-0.006615,-0.002092,0.0,-0.002466,0.0,-0.000402,-0.00185,-0.002085,-0.003759,-0.002232,0.0,-0.0,-0.003337,-0.002988,-0.003954,0.0,0.0,-3e-05,0.0,0.0,-0.001764,-0.003524,-0.005982,-0.003628,0.0,-0.000383,-0.005655,-0.001277,-0.003945,0.0,-0.001118,-0.00171,-0.0,0.0,-0.002979,-0.003313,0.0,-0.0,0.0,-0.00267,0.0,-0.003434,0.0,-0.002081,-0.00598,-0.0,-0.0,-0.005648,0.0,-0.0,0.0,-0.000222,-0.00356,-0.00429,0.0,-0.002011,-0.002389,-0.006622,-0.006551,0.0,-0.005615,-0.0,-0.004597,-0.002089,0.0,-0.002167,-0.007727,-0.004619,-0.00434,-0.00449,-0.006376,-0.002128,-0.001146,-0.001144,0.0,-0.001011,-0.002767,-0.003285,-0.004878
2017-05-29 10:11:00+02:00,0.0,0.0,-0.000197,-0.003999,-0.000573,-0.0,-0.001741,-0.002487,-0.004204,-0.0,-0.0,0.0,-0.004317,-0.003831,-0.001396,-0.005325,-0.0,0.0,-0.0,-0.005989,0.0,-0.005807,-0.003386,0.0,-0.005928,-0.00616,-0.002341,0.0,-0.001335,-0.0,0.0,-0.003428,0.0,-0.002732,-0.003043,0.0,-0.000746,-0.003337,0.0,-0.00664,-0.002093,0.0,-0.002403,0.0,-0.000387,-0.001827,-0.002068,-0.00371,-0.002231,0.0,-0.0,-0.003303,-0.002986,-0.003971,0.0,0.0,-2.4e-05,0.0,0.0,-0.001757,-0.003485,-0.006,-0.00361,0.0,-0.00032,-0.005646,-0.001269,-0.003897,0.0,-0.001112,-0.00167,-0.0,0.0,-0.002955,-0.003336,0.0,-0.0,0.0,-0.002666,0.0,-0.003428,0.0,-0.002059,-0.005997,-0.0,-0.0,-0.005658,0.0,-0.0,0.0,-0.000213,-0.003558,-0.004307,0.0,-0.00201,-0.002384,-0.006615,-0.006545,0.0,-0.00563,-0.0,-0.004583,-0.002042,0.0,-0.002167,-0.007743,-0.004633,-0.004347,-0.004476,-0.00637,-0.002129,-0.001129,-0.001103,0.0,-0.000999,-0.002703,-0.003266,-0.004897
2017-05-29 10:12:00+02:00,0.0,0.0,-0.000158,-0.003985,-0.000556,-0.0,-0.001733,-0.002483,-0.00421,-0.0,-0.0,0.0,-0.004335,-0.00385,-0.001399,-0.005318,-0.0,0.0,-0.0,-0.005943,0.0,-0.005761,-0.003383,0.0,-0.005938,-0.006157,-0.002335,0.0,-0.00132,-0.0,0.0,-0.003437,0.0,-0.002743,-0.003061,0.0,-0.000729,-0.003335,0.0,-0.006658,-0.002091,0.0,-0.002351,0.0,-0.00037,-0.001806,-0.002052,-0.00367,-0.002227,0.0,-0.0,-0.003277,-0.002986,-0.003991,0.0,0.0,-1.9e-05,0.0,0.0,-0.001747,-0.003455,-0.006014,-0.003594,0.0,-0.000266,-0.00564,-0.00126,-0.003857,0.0,-0.001105,-0.001637,-0.0,0.0,-0.002937,-0.003356,0.0,-0.0,0.0,-0.002661,0.0,-0.003424,0.0,-0.002039,-0.006009,-0.0,-0.0,-0.005669,0.0,-0.0,0.0,-0.000201,-0.003557,-0.004327,0.0,-0.002011,-0.002377,-0.006612,-0.006543,0.0,-0.005642,-0.0,-0.004573,-0.002002,0.0,-0.002164,-0.007766,-0.00465,-0.00435,-0.004465,-0.006368,-0.002128,-0.001113,-0.001067,0.0,-0.000985,-0.002651,-0.00325,-0.004918
2017-05-29 10:13:00+02:00,0.0,0.0,-0.000126,-0.00398,-0.000518,-0.0,-0.001704,-0.002454,-0.004216,-0.0,-0.0,0.0,-0.004352,-0.003868,-0.001401,-0.005323,-0.0,0.0,-0.0,-0.005922,0.0,-0.005739,-0.003348,0.0,-0.00595,-0.006167,-0.002305,0.0,-0.001309,-0.0,0.0,-0.003447,0.0,-0.002754,-0.003078,0.0,-0.000713,-0.003297,0.0,-0.006677,-0.002068,0.0,-0.002315,0.0,-0.000331,-0.001793,-0.002042,-0.003647,-0.002224,0.0,-0.0,-0.003263,-0.002993,-0.00401,0.0,0.0,-1.5e-05,0.0,0.0,-0.001711,-0.003439,-0.006028,-0.003589,0.0,-0.00022,-0.005647,-0.001232,-0.003834,0.0,-0.00108,-0.001615,-0.0,0.0,-0.002931,-0.003376,0.0,-0.0,0.0,-0.002624,0.0,-0.003427,0.0,-0.002026,-0.006022,-0.0,-0.0,-0.005678,0.0,-0.0,0.0,-0.000176,-0.003564,-0.004346,0.0,-0.002016,-0.002371,-0.006623,-0.006554,0.0,-0.005655,-0.0,-0.004573,-0.001975,0.0,-0.002138,-0.007788,-0.004666,-0.004355,-0.004464,-0.00638,-0.002105,-0.001101,-0.00104,0.0,-0.000947,-0.002616,-0.003244,-0.004936
2017-05-29 10:14:00+02:00,0.0,0.0,-0.000117,-0.003982,-0.000483,-0.0,-0.001678,-0.002429,-0.004246,-0.0,-0.0,0.0,-0.004368,-0.003915,-0.001417,-0.005334,-0.0,0.0,-0.0,-0.00596,0.0,-0.005774,-0.003318,0.0,-0.005995,-0.006183,-0.002277,0.0,-0.001304,-0.0,0.0,-0.003477,0.0,-0.002783,-0.003118,0.0,-0.000718,-0.003263,0.0,-0.006744,-0.002047,0.0,-0.002329,0.0,-0.000295,-0.001786,-0.002037,-0.003665,-0.00224,0.0,-0.0,-0.003286,-0.003002,-0.004028,0.0,0.0,-1.2e-05,0.0,0.0,-0.001679,-0.00346,-0.006085,-0.00359,0.0,-0.00022,-0.00566,-0.001207,-0.003852,0.0,-0.001058,-0.001625,-0.0,0.0,-0.002956,-0.003421,0.0,-0.0,0.0,-0.002592,0.0,-0.003434,0.0,-0.00202,-0.006077,-0.0,-0.0,-0.005686,0.0,-0.0,0.0,-0.000153,-0.003574,-0.004363,0.0,-0.002024,-0.002391,-0.006638,-0.00657,0.0,-0.005703,-0.0,-0.004579,-0.001984,0.0,-0.002115,-0.007808,-0.004681,-0.004392,-0.004469,-0.006396,-0.002086,-0.001095,-0.001046,0.0,-0.000912,-0.002633,-0.003244,-0.004952
2017-05-29 10:15:00+02:00,0.0,0.0,-0.000114,-0.003982,-0.000468,-0.0,-0.00167,-0.002424,-0.004267,-0.0,-0.0,0.0,-0.004386,-0.003957,-0.00143,-0.005342,-0.0,0.0,-0.0,-0.006002,0.0,-0.005815,-0.003315,0.0,-0.00603,-0.006195,-0.002271,0.0,-0.001297,-0.0,0.0,-0.0035,0.0,-0.002807,-0.003151,0.0,-0.000718,-0.00326,0.0,-0.006798,-0.002046,0.0,-0.002348,0.0,-0.00028,-0.001778,-0.00203,-0.003685,-0.002251,0.0,-0.0,-0.00331,-0.00301,-0.004048,0.0,0.0,-1e-05,0.0,0.0,-0.00167,-0.003484,-0.00613,-0.003589,0.0,-0.000225,-0.00567,-0.001198,-0.003873,0.0,-0.001051,-0.001638,-0.0,0.0,-0.002982,-0.00346,0.0,-0.0,0.0,-0.002586,0.0,-0.003439,0.0,-0.002013,-0.00612,-0.0,-0.0,-0.005694,0.0,-0.0,0.0,-0.000143,-0.003583,-0.004382,0.0,-0.002032,-0.002404,-0.006651,-0.006584,0.0,-0.00574,-0.0,-0.004583,-0.001998,0.0,-0.002112,-0.007832,-0.004697,-0.00442,-0.004473,-0.006411,-0.002084,-0.001088,-0.001055,0.0,-0.0009,-0.002656,-0.003243,-0.004969
2017-05-29 10:16:00+02:00,0.0,0.0,-0.000117,-0.004013,-0.000471,-0.0,-0.001676,-0.002434,-0.004306,-0.0,-0.0,0.0,-0.004404,-0.003996,-0.001452,-0.005383,-0.0,0.0,-0.0,-0.006055,0.0,-0.005865,-0.003333,0.0,-0.00609,-0.006242,-0.00228,0.0,-0.001307,-0.0,0.0,-0.003538,0.0,-0.002842,-0.003196,0.0,-0.000737,-0.00328,0.0,-0.006874,-0.002058,0.0,-0.002373,0.0,-0.000282,-0.001795,-0.002043,-0.003711,-0.002275,0.0,-0.0,-0.00334,-0.003036,-0.004069,0.0,0.0,-8e-06,0.0,0.0,-0.001681,-0.003514,-0.006198,-0.003617,0.0,-0.000234,-0.005712,-0.001202,-0.0039,0.0,-0.001057,-0.001655,-0.0,0.0,-0.003014,-0.003509,0.0,-0.0,0.0,-0.002602,0.0,-0.003464,0.0,-0.002031,-0.006186,-0.0,-0.0,-0.005702,0.0,-0.0,0.0,-0.000144,-0.00361,-0.004401,0.0,-0.002054,-0.002437,-0.006699,-0.006632,0.0,-0.005802,-0.0,-0.004618,-0.002014,0.0,-0.002123,-0.007858,-0.004714,-0.004471,-0.004508,-0.006458,-0.002095,-0.001097,-0.001066,0.0,-0.000906,-0.002683,-0.00327,-0.004986
2017-05-29 10:17:00+02:00,0.0,0.0,-0.000124,-0.004024,-0.000468,-0.0,-0.001678,-0.002439,-0.004341,-0.0,-0.0,0.0,-0.004424,-0.004032,-0.001471,-0.005403,-0.0,0.0,-0.0,-0.006106,0.0,-0.005914,-0.003347,0.0,-0.006145,-0.006268,-0.002284,0.0,-0.001307,-0.0,0.0,-0.003573,0.0,-0.002875,-0.003237,0.0,-0.000749,-0.003294,0.0,-0.006944,-0.002066,0.0,-0.002398,0.0,-0.000278,-0.001797,-0.002043,-0.003734,-0.002295,0.0,-0.0,-0.003368,-0.00305,-0.00409,0.0,0.0,-6e-06,0.0,0.0,-0.001686,-0.003541,-0.006259,-0.003627,0.0,-0.000247,-0.005736,-0.001203,-0.003925,0.0,-0.001059,-0.001671,-0.0,0.0,-0.003045,-0.003555,0.0,-0.0,0.0,-0.002612,0.0,-0.003475,0.0,-0.002034,-0.006246,-0.0,-0.0,-0.00571,0.0,-0.0,0.0,-0.000142,-0.003626,-0.004421,0.0,-0.002066,-0.002463,-0.006725,-0.006659,0.0,-0.005858,-0.0,-0.004634,-0.00203,0.0,-0.00213,-0.007886,-0.004731,-0.004515,-0.004523,-0.006487,-0.002103,-0.001095,-0.001079,0.0,-0.000906,-0.002711,-0.003279,-0.005003
2017-05-29 10:18:00+02:00,0.0,0.0,-0.000213,-0.004084,-0.000515,-0.0,-0.001716,-0.00248,-0.00439,-0.0,-0.0,0.0,-0.004445,-0.004068,-0.001504,-0.005476,-0.0,0.0,-0.0,-0.006239,0.0,-0.006043,-0.003413,0.0,-0.006225,-0.006347,-0.002324,0.0,-0.001338,-0.0,0.0,-0.00362,0.0,-0.00292,-0.003287,0.0,-0.000794,-0.003361,0.0,-0.007031,-0.002106,0.0,-0.002505,0.0,-0.000323,-0.001846,-0.002076,-0.003813,-0.002332,0.0,-0.0,-0.003444,-0.003092,-0.004114,0.0,0.0,-3.3e-05,0.0,0.0,-0.001742,-0.003618,-0.006341,-0.003686,0.0,-0.00034,-0.00581,-0.001239,-0.004005,0.0,-0.001093,-0.001739,-0.0,0.0,-0.003117,-0.003608,0.0,-0.0,0.0,-0.002675,0.0,-0.003517,0.0,-0.002084,-0.006325,-0.0,-0.0,-0.005719,0.0,-0.0,0.0,-0.00017,-0.003671,-0.004443,0.0,-0.002103,-0.002518,-0.006805,-0.00674,0.0,-0.005939,-0.0,-0.0047,-0.002104,0.0,-0.002171,-0.007921,-0.004751,-0.004585,-0.004589,-0.006567,-0.002143,-0.001126,-0.001146,0.0,-0.000957,-0.002822,-0.003337,-0.005021
2017-05-29 10:19:00+02:00,0.0,0.0,-0.000256,-0.004152,-0.000544,-0.0,-0.001742,-0.002511,-0.004424,-0.0,-0.0,0.0,-0.004464,-0.004098,-0.001526,-0.005558,-0.0,0.0,-0.0,-0.00633,0.0,-0.006132,-0.003461,0.0,-0.006281,-0.006437,-0.002353,0.0,-0.00137,-0.0,0.0,-0.003655,0.0,-0.002953,-0.003327,0.0,-0.000815,-0.003411,0.0,-0.007097,-0.002136,0.0,-0.002568,0.0,-0.000352,-0.001895,-0.002113,-0.003865,-0.002356,0.0,-0.0,-0.003497,-0.003141,-0.004135,0.0,0.0,-2.7e-05,0.0,0.0,-0.001781,-0.003672,-0.006401,-0.00375,0.0,-0.000388,-0.005896,-0.001264,-0.004058,0.0,-0.001117,-0.001781,-0.0,0.0,-0.003169,-0.003651,0.0,-0.0,0.0,-0.00272,0.0,-0.003568,0.0,-0.002134,-0.006383,-0.0,-0.0,-0.005727,0.0,-0.0,0.0,-0.000189,-0.003724,-0.004462,0.0,-0.002143,-0.002551,-0.006898,-0.006833,0.0,-0.005996,-0.0,-0.004774,-0.002147,0.0,-0.0022,-0.007949,-0.004768,-0.004632,-0.004663,-0.006659,-0.002173,-0.001156,-0.001184,0.0,-0.000991,-0.002889,-0.003399,-0.005038
2017-05-29 10:20:00+02:00,0.0,0.0,-0.000243,-0.004164,-0.000539,-0.0,-0.001743,-0.002515,-0.004432,-0.0,-0.0,0.0,-0.004482,-0.004125,-0.001529,-0.005577,-0.0,0.0,-0.0,-0.006357,0.0,-0.006158,-0.003472,0.0,-0.006298,-0.00646,-0.002356,0.0,-0.001367,-0.0,0.0,-0.003666,0.0,-0.002966,-0.003347,0.0,-0.000799,-0.003422,0.0,-0.007123,-0.002142,0.0,-0.002571,0.0,-0.000346,-0.001893,-0.002112,-0.003874,-0.002353,0.0,-0.0,-0.003512,-0.003154,-0.004155,0.0,0.0,-2.1e-05,0.0,0.0,-0.001783,-0.003685,-0.006422,-0.00376,0.0,-0.000377,-0.005916,-0.001263,-0.004068,0.0,-0.001118,-0.001783,-0.0,0.0,-0.003188,-0.003675,0.0,-0.0,0.0,-0.002727,0.0,-0.003579,0.0,-0.002133,-0.006403,-0.0,-0.0,-0.005733,0.0,-0.0,0.0,-0.000185,-0.003737,-0.00448,0.0,-0.002156,-0.002547,-0.00692,-0.006856,0.0,-0.006013,-0.0,-0.004791,-0.002148,0.0,-0.002206,-0.007973,-0.004783,-0.00464,-0.004679,-0.006683,-0.002179,-0.001152,-0.001182,0.0,-0.000988,-0.002894,-0.003407,-0.005052
2017-05-29 10:21:00+02:00,0.0,0.0,-0.000239,-0.004189,-0.000532,-0.0,-0.001741,-0.002517,-0.00444,-0.0,-0.0,0.0,-0.0045,-0.004152,-0.001534,-0.005609,-0.0,0.0,-0.0,-0.006372,0.0,-0.006171,-0.003483,0.0,-0.006316,-0.006494,-0.002357,0.0,-0.001371,-0.0,0.0,-0.003678,0.0,-0.002979,-0.003368,0.0,-0.000784,-0.003431,0.0,-0.00715,-0.002147,0.0,-0.002578,0.0,-0.000337,-0.001901,-0.002118,-0.003874,-0.002351,0.0,-0.0,-0.003518,-0.003174,-0.004176,0.0,0.0,-1.7e-05,0.0,0.0,-0.001784,-0.00369,-0.006445,-0.003782,0.0,-0.000376,-0.005949,-0.00126,-0.004067,0.0,-0.001116,-0.001787,-0.0,0.0,-0.003199,-0.003699,0.0,-0.0,0.0,-0.002733,0.0,-0.003597,0.0,-0.002143,-0.006424,-0.0,-0.0,-0.005739,0.0,-0.0,0.0,-0.000179,-0.003757,-0.004499,0.0,-0.002175,-0.002544,-0.006954,-0.006891,0.0,-0.006032,-0.0,-0.00482,-0.00215,0.0,-0.00221,-0.008002,-0.0048,-0.004649,-0.004708,-0.006718,-0.002185,-0.001154,-0.001184,0.0,-0.000984,-0.002903,-0.003427,-0.005067
2017-05-29 10:22:00+02:00,0.0,0.0,-0.000229,-0.004208,-0.000533,-0.0,-0.001746,-0.002526,-0.004457,-0.0,-0.0,0.0,-0.004518,-0.004176,-0.001544,-0.005634,-0.0,0.0,-0.0,-0.006395,0.0,-0.006193,-0.003501,0.0,-0.006347,-0.006521,-0.002365,0.0,-0.001371,-0.0,0.0,-0.003698,0.0,-0.003,-0.003396,0.0,-0.00078,-0.003448,0.0,-0.007191,-0.002158,0.0,-0.002582,0.0,-0.000337,-0.001903,-0.002121,-0.00388,-0.002358,0.0,-0.0,-0.003531,-0.00319,-0.004196,0.0,0.0,-1.4e-05,0.0,0.0,-0.001792,-0.003701,-0.00648,-0.003798,0.0,-0.000368,-0.005974,-0.001263,-0.004074,0.0,-0.00112,-0.00179,-0.0,0.0,-0.003216,-0.00373,0.0,-0.0,0.0,-0.002747,0.0,-0.003611,0.0,-0.002147,-0.006458,-0.0,-0.0,-0.005745,0.0,-0.0,0.0,-0.000178,-0.003772,-0.004517,0.0,-0.00219,-0.002552,-0.00698,-0.006918,0.0,-0.006064,-0.0,-0.004842,-0.002151,0.0,-0.00222,-0.008027,-0.004815,-0.00467,-0.004729,-0.006746,-0.002195,-0.001154,-0.001183,0.0,-0.000987,-0.002909,-0.00344,-0.005081
2017-05-29 10:23:00+02:00,0.0,0.0,-0.000236,-0.004233,-0.000539,-0.0,-0.001756,-0.00254,-0.004478,-0.0,-0.0,0.0,-0.004535,-0.004199,-0.001557,-0.005668,-0.0,0.0,-0.0,-0.006447,0.0,-0.006243,-0.003524,0.0,-0.006382,-0.006559,-0.002377,0.0,-0.001377,-0.0,0.0,-0.003721,0.0,-0.003023,-0.003425,0.0,-0.000784,-0.003472,0.0,-0.007235,-0.002172,0.0,-0.002607,0.0,-0.000342,-0.001914,-0.00213,-0.003906,-0.002369,0.0,-0.0,-0.003561,-0.003213,-0.004214,0.0,0.0,-1.1e-05,0.0,0.0,-0.001805,-0.003732,-0.006519,-0.003822,0.0,-0.000377,-0.00601,-0.00127,-0.004102,0.0,-0.001128,-0.001807,-0.0,0.0,-0.003247,-0.003762,0.0,-0.0,0.0,-0.002766,0.0,-0.003632,0.0,-0.002159,-0.006494,-0.0,-0.0,-0.005751,0.0,-0.0,0.0,-0.000181,-0.003795,-0.004534,0.0,-0.00221,-0.002568,-0.007018,-0.006957,0.0,-0.006101,-0.0,-0.004872,-0.002168,0.0,-0.002233,-0.00805,-0.004831,-0.004697,-0.004759,-0.006785,-0.00221,-0.001159,-0.001194,0.0,-0.000996,-0.002937,-0.003462,-0.005095
2017-05-29 10:24:00+02:00,0.0,0.0,-0.000249,-0.004269,-0.000547,-0.0,-0.001766,-0.002553,-0.004497,-0.0,-0.0,0.0,-0.00455,-0.004219,-0.001569,-0.005715,-0.0,0.0,-0.0,-0.006496,0.0,-0.00629,-0.003547,0.0,-0.006411,-0.006612,-0.002389,0.0,-0.00139,-0.0,0.0,-0.003742,0.0,-0.003043,-0.003451,0.0,-0.000789,-0.003495,0.0,-0.007274,-0.002187,0.0,-0.002635,0.0,-0.000349,-0.001933,-0.002145,-0.003931,-0.002379,0.0,-0.0,-0.003591,-0.003243,-0.004231,0.0,0.0,-9e-06,0.0,0.0,-0.00182,-0.003761,-0.006553,-0.003854,0.0,-0.000391,-0.00606,-0.001278,-0.004129,0.0,-0.001137,-0.001825,-0.0,0.0,-0.003278,-0.003792,0.0,-0.0,0.0,-0.002786,0.0,-0.003662,0.0,-0.002179,-0.006526,-0.0,-0.0,-0.005755,0.0,-0.0,0.0,-0.000186,-0.003828,-0.004549,0.0,-0.002234,-0.002581,-0.007072,-0.007012,0.0,-0.006132,-0.0,-0.004913,-0.002187,0.0,-0.002247,-0.008069,-0.004844,-0.004721,-0.0048,-0.006839,-0.002224,-0.00117,-0.001209,0.0,-0.001007,-0.002968,-0.003493,-0.005107
2017-05-29 10:25:00+02:00,0.0,0.0,-0.00026,-0.004299,-0.000545,-0.0,-0.001768,-0.002558,-0.004509,-0.0,-0.0,0.0,-0.004566,-0.004239,-0.001577,-0.005757,-0.0,0.0,-0.0,-0.006548,0.0,-0.00634,-0.003558,0.0,-0.006431,-0.006659,-0.002393,0.0,-0.001399,-0.0,0.0,-0.003757,0.0,-0.003059,-0.003473,0.0,-0.000786,-0.003507,0.0,-0.007302,-0.002194,0.0,-0.002663,0.0,-0.000346,-0.001949,-0.002158,-0.003959,-0.002383,0.0,-0.0,-0.003623,-0.003269,-0.004249,0.0,0.0,-7e-06,0.0,0.0,-0.001824,-0.003792,-0.006577,-0.003882,0.0,-0.000404,-0.006104,-0.001279,-0.004158,0.0,-0.001138,-0.001845,-0.0,0.0,-0.00331,-0.003816,0.0,-0.0,0.0,-0.002795,0.0,-0.003688,0.0,-0.002196,-0.006548,-0.0,-0.0,-0.00576,0.0,-0.0,0.0,-0.000184,-0.003858,-0.004565,0.0,-0.002256,-0.002587,-0.007121,-0.00706,0.0,-0.006155,-0.0,-0.004949,-0.002207,0.0,-0.002254,-0.00809,-0.004858,-0.004736,-0.004836,-0.006888,-0.002232,-0.001178,-0.001224,0.0,-0.001007,-0.002999,-0.003519,-0.00512
2017-05-29 10:26:00+02:00,0.0,0.0,-0.000264,-0.004334,-0.000544,-0.0,-0.001771,-0.002564,-0.004522,-0.0,-0.0,0.0,-0.004584,-0.00426,-0.001584,-0.005804,-0.0,0.0,-0.0,-0.006572,0.0,-0.006363,-0.003571,0.0,-0.006452,-0.006711,-0.002398,0.0,-0.001412,-0.0,0.0,-0.003772,0.0,-0.003075,-0.003495,0.0,-0.00078,-0.00352,0.0,-0.007333,-0.002202,0.0,-0.002678,0.0,-0.000344,-0.001968,-0.002173,-0.00397,-0.002386,0.0,-0.0,-0.003638,-0.003299,-0.004268,0.0,0.0,-6e-06,0.0,0.0,-0.001829,-0.003806,-0.006602,-0.003915,0.0,-0.000409,-0.006153,-0.00128,-0.004169,0.0,-0.001141,-0.001855,-0.0,0.0,-0.003328,-0.003841,0.0,-0.0,0.0,-0.002805,0.0,-0.003717,0.0,-0.002216,-0.006572,-0.0,-0.0,-0.005767,0.0,-0.0,0.0,-0.000183,-0.00389,-0.004583,0.0,-0.002281,-0.00259,-0.007174,-0.007114,0.0,-0.006178,-0.0,-0.004989,-0.002216,0.0,-0.002261,-0.008114,-0.004874,-0.00475,-0.004877,-0.006941,-0.00224,-0.001189,-0.001231,0.0,-0.001009,-0.003016,-0.003549,-0.005135
2017-05-29 10:27:00+02:00,0.0,0.0,-0.000244,-0.004353,-0.000488,-0.0,-0.00173,-0.002528,-0.004524,-0.0,-0.0,0.0,-0.0046,-0.00428,-0.001583,-0.005834,-0.0,0.0,-0.0,-0.00655,0.0,-0.006341,-0.003524,0.0,-0.006457,-0.006747,-0.002359,0.0,-0.001413,-0.0,0.0,-0.003778,0.0,-0.003082,-0.003508,0.0,-0.000756,-0.003469,0.0,-0.007343,-0.002172,0.0,-0.002663,0.0,-0.000289,-0.001971,-0.002177,-0.003952,-0.002379,0.0,-0.0,-0.003628,-0.003319,-0.004286,0.0,0.0,-4e-06,0.0,0.0,-0.001762,-0.003793,-0.006609,-0.003932,0.0,-0.00039,-0.006185,-0.001231,-0.00415,0.0,-0.001099,-0.001846,-0.0,0.0,-0.003322,-0.003856,0.0,-0.0,0.0,-0.002751,0.0,-0.003736,0.0,-0.002221,-0.006577,-0.0,-0.0,-0.005773,0.0,-0.0,0.0,-0.000147,-0.003912,-0.004599,0.0,-0.002297,-0.002578,-0.00721,-0.007151,0.0,-0.006184,-0.0,-0.005014,-0.002203,0.0,-0.002228,-0.008135,-0.004889,-0.004747,-0.004901,-0.006978,-0.002209,-0.001189,-0.00122,0.0,-0.000951,-0.003002,-0.003564,-0.005147
2017-05-29 10:28:00+02:00,0.0,0.0,-0.00021,-0.004364,-0.000451,-0.0,-0.001705,-0.002509,-0.00452,-0.0,-0.0,0.0,-0.004617,-0.0043,-0.00158,-0.005854,-0.0,0.0,-0.0,-0.006494,0.0,-0.006287,-0.003501,0.0,-0.006455,-0.006772,-0.002338,0.0,-0.001409,-0.0,0.0,-0.003779,0.0,-0.003086,-0.003516,0.0,-0.000732,-0.003442,0.0,-0.007342,-0.002156,0.0,-0.002628,0.0,-0.000252,-0.001967,-0.002176,-0.003913,-0.002368,0.0,-0.0,-0.003597,-0.003333,-0.004305,0.0,0.0,-4e-06,0.0,0.0,-0.001718,-0.003758,-0.006607,-0.00394,0.0,-0.000356,-0.006207,-0.001199,-0.004107,0.0,-0.001071,-0.001823,-0.0,0.0,-0.003298,-0.003865,0.0,-0.0,0.0,-0.002721,0.0,-0.003748,0.0,-0.002218,-0.006572,-0.0,-0.0,-0.005779,0.0,-0.0,0.0,-0.000123,-0.003928,-0.004617,0.0,-0.002309,-0.002562,-0.007235,-0.007176,0.0,-0.006183,-0.0,-0.005029,-0.002175,0.0,-0.002211,-0.008158,-0.004905,-0.004738,-0.004915,-0.007004,-0.002194,-0.001184,-0.001196,0.0,-0.000913,-0.002967,-0.00357,-0.005162
2017-05-29 10:29:00+02:00,0.0,0.0,-0.000193,-0.004378,-0.000427,-0.0,-0.001691,-0.002501,-0.004529,-0.0,-0.0,0.0,-0.004634,-0.004319,-0.001585,-0.005878,-0.0,0.0,-0.0,-0.006495,0.0,-0.006288,-0.003493,0.0,-0.006471,-0.006801,-0.002327,0.0,-0.001409,-0.0,0.0,-0.003791,0.0,-0.003098,-0.003533,0.0,-0.000724,-0.003432,0.0,-0.007361,-0.00215,0.0,-0.002619,0.0,-0.000228,-0.001969,-0.002178,-0.003908,-0.002368,0.0,-0.0,-0.003599,-0.00335,-0.004323,0.0,0.0,-3e-06,0.0,0.0,-0.001692,-0.003758,-0.006623,-0.003953,0.0,-0.00034,-0.006233,-0.001178,-0.004102,0.0,-0.001054,-0.001818,-0.0,0.0,-0.003304,-0.003883,0.0,-0.0,0.0,-0.002706,0.0,-0.003763,0.0,-0.002221,-0.006587,-0.0,-0.0,-0.005784,0.0,-0.0,0.0,-0.000108,-0.003946,-0.004633,0.0,-0.002323,-0.002562,-0.007264,-0.007207,0.0,-0.0062,-0.0,-0.005048,-0.002166,0.0,-0.002203,-0.00818,-0.004919,-0.004747,-0.004933,-0.007035,-0.002189,-0.001183,-0.001188,0.0,-0.00089,-0.002959,-0.003581,-0.005175
2017-05-29 10:30:00+02:00,0.0,0.0,-0.000155,-0.004257,-0.000342,-0.0,-0.001621,-0.002437,-0.004484,-0.0,-0.0,0.0,-0.00465,-0.004311,-0.001552,-0.005765,-0.0,0.0,-0.0,-0.006396,0.0,-0.006191,-0.003409,0.0,-0.006413,-0.006694,-0.00226,0.0,-0.001326,-0.0,0.0,-0.003756,0.0,-0.00307,-0.003512,0.0,-0.000631,-0.00334,0.0,-0.007304,-0.002093,0.0,-0.002493,0.0,-0.000182,-0.001849,-0.002089,-0.00383,-0.002315,0.0,-0.0,-0.00354,-0.003288,-0.004342,0.0,0.0,-2e-06,0.0,0.0,-0.001586,-0.003694,-0.006565,-0.003834,0.0,-0.000272,-0.006123,-0.001102,-0.004026,0.0,-0.000985,-0.001736,-0.0,0.0,-0.003256,-0.003865,0.0,-0.0,0.0,-0.002611,0.0,-0.00369,0.0,-0.002104,-0.006527,-0.0,-0.0,-0.005788,0.0,-0.0,0.0,-8.6e-05,-0.003881,-0.00465,0.0,-0.002269,-0.002484,-0.00715,-0.007095,0.0,-0.00614,-0.0,-0.004932,-0.002074,0.0,-0.002143,-0.008205,-0.004934,-0.004675,-0.00481,-0.006927,-0.002134,-0.0011,-0.001105,0.0,-0.000785,-0.00283,-0.003461,-0.005187
2017-05-29 10:31:00+02:00,0.0,0.0,-0.000124,-0.00422,-0.000299,-0.0,-0.001595,-0.002416,-0.004482,-0.0,-0.0,0.0,-0.004665,-0.004334,-0.001551,-0.005738,-0.0,0.0,-0.0,-0.00636,0.0,-0.006157,-0.003385,0.0,-0.006418,-0.006673,-0.002236,0.0,-0.001296,-0.0,0.0,-0.003759,0.0,-0.003076,-0.003525,0.0,-0.000607,-0.003311,0.0,-0.007314,-0.002076,0.0,-0.002439,0.0,-0.000146,-0.001807,-0.002056,-0.003797,-0.002307,0.0,-0.0,-0.00352,-0.003275,-0.004359,0.0,0.0,-2e-06,0.0,0.0,-0.001545,-0.003671,-0.006573,-0.003797,0.0,-0.000218,-0.006098,-0.001071,-0.003994,0.0,-0.000958,-0.0017,-0.0,0.0,-0.003242,-0.003879,0.0,-0.0,0.0,-0.002579,0.0,-0.003671,0.0,-0.002063,-0.006534,-0.0,-0.0,-0.005791,0.0,-0.0,0.0,-6.9e-05,-0.003867,-0.004665,0.0,-0.002256,-0.002472,-0.007125,-0.007071,0.0,-0.006145,-0.0,-0.004899,-0.002033,0.0,-0.002123,-0.008227,-0.004947,-0.004672,-0.004774,-0.006906,-0.002117,-0.001069,-0.001069,0.0,-0.000745,-0.002775,-0.003423,-0.005198
2017-05-29 10:32:00+02:00,0.0,0.0,-9.9e-05,-0.004205,-0.000278,-0.0,-0.001585,-0.00241,-0.004475,-0.0,-0.0,0.0,-0.004681,-0.004354,-0.001549,-0.005732,-0.0,0.0,-0.0,-0.006308,0.0,-0.006107,-0.003384,0.0,-0.006416,-0.006672,-0.002228,0.0,-0.001279,-0.0,0.0,-0.003759,0.0,-0.003079,-0.003535,0.0,-0.000586,-0.003307,0.0,-0.007319,-0.002072,0.0,-0.002393,0.0,-0.000117,-0.001786,-0.002039,-0.003757,-0.002296,0.0,-0.0,-0.00349,-0.003273,-0.004377,0.0,0.0,-1e-06,0.0,0.0,-0.001528,-0.003637,-0.006575,-0.003781,0.0,-0.000174,-0.006094,-0.001057,-0.003952,0.0,-0.000947,-0.001669,-0.0,0.0,-0.00322,-0.00389,0.0,-0.0,0.0,-0.002571,0.0,-0.003665,0.0,-0.002042,-0.006535,-0.0,-0.0,-0.005793,0.0,-0.0,0.0,-5.5e-05,-0.003865,-0.00468,0.0,-0.002255,-0.002459,-0.007122,-0.007069,0.0,-0.006145,-0.0,-0.004889,-0.001995,0.0,-0.002119,-0.00825,-0.00496,-0.004665,-0.004761,-0.006906,-0.002115,-0.001053,-0.00104,0.0,-0.000729,-0.002726,-0.003407,-0.005209
2017-05-29 10:33:00+02:00,0.0,0.0,-8e-05,-0.00423,-0.000322,-0.0,-0.001625,-0.002454,-0.00449,-0.0,-0.0,0.0,-0.004699,-0.004379,-0.001563,-0.005768,-0.0,0.0,-0.0,-0.00632,0.0,-0.006119,-0.003455,0.0,-0.006447,-0.006713,-0.002271,0.0,-0.001288,-0.0,0.0,-0.003777,0.0,-0.0031,-0.00356,0.0,-0.000598,-0.003379,0.0,-0.007355,-0.002115,0.0,-0.002398,0.0,-0.000151,-0.001802,-0.002048,-0.003756,-0.002307,0.0,-0.0,-0.003496,-0.003294,-0.004397,0.0,0.0,-1e-06,0.0,0.0,-0.001593,-0.003642,-0.00661,-0.003805,0.0,-0.00017,-0.006132,-0.001098,-0.003951,0.0,-0.000985,-0.00167,-0.0,0.0,-0.00323,-0.003917,0.0,-0.0,0.0,-0.002638,0.0,-0.003684,0.0,-0.002059,-0.006567,-0.0,-0.0,-0.005798,0.0,-0.0,0.0,-7.3e-05,-0.003887,-0.004699,0.0,-0.002274,-0.002478,-0.007162,-0.00711,0.0,-0.006177,-0.0,-0.004919,-0.001994,0.0,-0.002162,-0.00828,-0.004976,-0.004691,-0.004789,-0.006948,-0.002158,-0.001061,-0.001043,0.0,-0.000782,-0.002732,-0.00343,-0.005223
2017-05-29 10:34:00+02:00,0.0,0.0,-6.4e-05,-0.004245,-0.000359,-0.0,-0.00166,-0.002493,-0.004511,-0.0,-0.0,0.0,-0.004718,-0.004404,-0.001579,-0.005793,-0.0,0.0,-0.0,-0.00631,0.0,-0.006112,-0.003519,0.0,-0.006489,-0.006745,-0.002308,0.0,-0.001289,-0.0,0.0,-0.003802,0.0,-0.003125,-0.003592,0.0,-0.00061,-0.003442,0.0,-0.007406,-0.002153,0.0,-0.002389,0.0,-0.000179,-0.001807,-0.002049,-0.003745,-0.002321,0.0,-0.0,-0.003493,-0.00331,-0.004418,0.0,0.0,-1e-06,0.0,0.0,-0.00165,-0.003636,-0.006657,-0.003819,0.0,-0.00015,-0.00616,-0.001134,-0.003939,0.0,-0.001019,-0.001663,-0.0,0.0,-0.00323,-0.003951,0.0,-0.0,0.0,-0.002698,0.0,-0.003697,0.0,-0.002065,-0.006612,-0.0,-0.0,-0.005804,0.0,-0.0,0.0,-8.7e-05,-0.003904,-0.004718,0.0,-0.002287,-0.002501,-0.007193,-0.007142,0.0,-0.00622,-0.0,-0.004939,-0.001983,0.0,-0.0022,-0.008311,-0.004993,-0.004725,-0.004807,-0.006981,-0.002197,-0.001061,-0.001035,0.0,-0.000826,-0.002722,-0.003442,-0.005237
2017-05-29 10:35:00+02:00,0.0,0.0,-7.7e-05,-0.004326,-0.000418,-0.0,-0.001707,-0.002543,-0.004564,-0.0,-0.0,0.0,-0.004732,-0.004424,-0.001619,-0.005889,-0.0,0.0,-0.0,-0.006384,0.0,-0.006185,-0.003599,0.0,-0.006577,-0.006848,-0.002356,0.0,-0.001329,-0.0,0.0,-0.003855,0.0,-0.003176,-0.003649,0.0,-0.000668,-0.003523,0.0,-0.007507,-0.002201,0.0,-0.002433,0.0,-0.000231,-0.00187,-0.002094,-0.003782,-0.002366,0.0,-0.0,-0.003536,-0.003365,-0.004435,0.0,0.0,-1e-06,0.0,0.0,-0.001727,-0.003678,-0.006753,-0.003898,0.0,-0.000176,-0.006259,-0.001184,-0.003979,0.0,-0.001066,-0.00169,-0.0,0.0,-0.003273,-0.004,0.0,-0.0,0.0,-0.002775,0.0,-0.003754,0.0,-0.00213,-0.006706,-0.0,-0.0,-0.005805,0.0,-0.0,0.0,-0.000118,-0.003963,-0.004732,0.0,-0.002334,-0.00257,-0.007296,-0.007246,0.0,-0.00631,-0.0,-0.005028,-0.002011,0.0,-0.002248,-0.008335,-0.005005,-0.004808,-0.004895,-0.007085,-0.002245,-0.0011,-0.001061,0.0,-0.000892,-0.002768,-0.003519,-0.005247
2017-05-29 10:36:00+02:00,0.0,0.0,-6.2e-05,-0.004354,-0.000441,-0.0,-0.001726,-0.002564,-0.004564,-0.0,-0.0,0.0,-0.004746,-0.004443,-0.001626,-0.005922,-0.0,0.0,-0.0,-0.006416,0.0,-0.006216,-0.003638,0.0,-0.006589,-0.006881,-0.002376,0.0,-0.001337,-0.0,0.0,-0.003861,0.0,-0.003186,-0.003668,0.0,-0.000669,-0.00356,0.0,-0.007532,-0.002222,0.0,-0.002438,0.0,-0.000249,-0.001886,-0.002103,-0.003789,-0.002368,0.0,-0.0,-0.00355,-0.003384,-0.004452,0.0,0.0,-1e-06,0.0,0.0,-0.001762,-0.003691,-0.006775,-0.003924,0.0,-0.000167,-0.006292,-0.001205,-0.003987,0.0,-0.001086,-0.001691,-0.0,0.0,-0.003291,-0.004024,0.0,-0.0,0.0,-0.002811,0.0,-0.00377,0.0,-0.002147,-0.006728,-0.0,-0.0,-0.005805,0.0,-0.0,0.0,-0.000127,-0.003981,-0.004746,0.0,-0.002353,-0.002577,-0.007326,-0.007278,0.0,-0.006323,-0.0,-0.005058,-0.00201,0.0,-0.002269,-0.008358,-0.005016,-0.004819,-0.004924,-0.007119,-0.002267,-0.001108,-0.00106,0.0,-0.00092,-0.002774,-0.003543,-0.005256
2017-05-29 10:37:00+02:00,0.0,0.0,-5e-05,-0.004335,-0.00043,-0.0,-0.001723,-0.002563,-0.004548,-0.0,-0.0,0.0,-0.004762,-0.004463,-0.00162,-0.005908,-0.0,0.0,-0.0,-0.006384,0.0,-0.006185,-0.003645,0.0,-0.006577,-0.006868,-0.002373,0.0,-0.001314,-0.0,0.0,-0.003852,0.0,-0.003182,-0.003675,0.0,-0.000639,-0.003564,0.0,-0.007532,-0.002224,0.0,-0.002388,0.0,-0.000233,-0.001855,-0.00208,-0.003755,-0.002351,0.0,-0.0,-0.003527,-0.003377,-0.004471,0.0,0.0,-0.0,0.0,0.0,-0.001763,-0.003664,-0.006773,-0.003904,0.0,-0.000133,-0.006279,-0.001202,-0.003953,0.0,-0.001084,-0.001658,-0.0,0.0,-0.003277,-0.004035,0.0,-0.0,0.0,-0.002813,0.0,-0.003758,0.0,-0.002118,-0.006724,-0.0,-0.0,-0.005809,0.0,-0.0,0.0,-0.000115,-0.003971,-0.004762,0.0,-0.002349,-0.002555,-0.007309,-0.007262,0.0,-0.006309,-0.0,-0.005043,-0.001971,0.0,-0.002269,-0.008386,-0.00503,-0.004802,-0.004905,-0.007106,-0.002269,-0.001084,-0.001023,0.0,-0.000913,-0.002724,-0.00352,-0.005268
2017-05-29 10:38:00+02:00,0.0,0.0,-6.6e-05,-0.004387,-0.000468,-0.0,-0.001754,-0.002598,-0.00458,-0.0,-0.0,0.0,-0.004786,-0.00449,-0.001645,-0.00597,-0.0,0.0,-0.0,-0.006483,0.0,-0.006282,-0.003704,0.0,-0.006635,-0.006933,-0.002406,0.0,-0.001337,-0.0,0.0,-0.003886,0.0,-0.003216,-0.003717,0.0,-0.000667,-0.003624,0.0,-0.007604,-0.002258,0.0,-0.002453,0.0,-0.000267,-0.001893,-0.002105,-0.003806,-0.002376,0.0,-0.0,-0.003581,-0.003413,-0.004496,0.0,0.0,-0.0,0.0,0.0,-0.001815,-0.003719,-0.006839,-0.003954,0.0,-0.000164,-0.006343,-0.001234,-0.004006,0.0,-0.001115,-0.0017,-0.0,0.0,-0.003332,-0.004082,0.0,-0.0,0.0,-0.002869,0.0,-0.003792,0.0,-0.002157,-0.006788,-0.0,-0.0,-0.005819,0.0,-0.0,0.0,-0.000135,-0.004008,-0.004786,0.0,-0.002382,-0.002595,-0.007373,-0.007327,0.0,-0.006367,-0.0,-0.0051,-0.002015,0.0,-0.002304,-0.008425,-0.005051,-0.004854,-0.004962,-0.007171,-0.002304,-0.001106,-0.001058,0.0,-0.000957,-0.002795,-0.003569,-0.005287
2017-05-29 10:39:00+02:00,0.0,0.0,-0.000137,-0.004469,-0.000525,-0.0,-0.001801,-0.002648,-0.004642,-0.0,-0.0,0.0,-0.00481,-0.004517,-0.001688,-0.006065,-0.0,0.0,-0.0,-0.006676,0.0,-0.006471,-0.003787,0.0,-0.006739,-0.007033,-0.002456,0.0,-0.001377,-0.0,0.0,-0.003947,0.0,-0.003274,-0.003782,0.0,-0.000726,-0.003708,0.0,-0.007722,-0.002308,0.0,-0.00259,0.0,-0.000321,-0.001957,-0.002148,-0.003918,-0.002425,0.0,-0.0,-0.003691,-0.003467,-0.004522,0.0,0.0,-0.0,0.0,0.0,-0.001889,-0.003831,-0.006949,-0.004033,0.0,-0.000247,-0.00644,-0.00128,-0.00412,0.0,-0.00116,-0.001788,-0.0,0.0,-0.003437,-0.004132,0.0,-0.0,0.0,-0.002948,0.0,-0.003847,0.0,-0.002222,-0.006896,-0.0,-0.0,-0.00583,0.0,-0.0,0.0,-0.000168,-0.004065,-0.00481,0.0,-0.002429,-0.002669,-0.007475,-0.00743,0.0,-0.006471,-0.0,-0.005188,-0.002109,0.0,-0.002353,-0.008466,-0.005073,-0.004947,-0.00505,-0.007274,-0.002354,-0.001144,-0.001134,0.0,-0.001021,-0.002941,-0.003646,-0.005306
2017-05-29 10:40:00+02:00,0.0,0.0,-0.00016,-0.004512,-0.000526,-0.0,-0.001807,-0.002659,-0.00468,-0.0,-0.0,0.0,-0.004835,-0.004546,-0.001709,-0.006124,-0.0,0.0,-0.0,-0.006815,0.0,-0.006607,-0.003813,0.0,-0.006807,-0.007103,-0.002465,0.0,-0.001387,-0.0,0.0,-0.003985,0.0,-0.003311,-0.003828,0.0,-0.000735,-0.003731,0.0,-0.007799,-0.002321,0.0,-0.002673,0.0,-0.000317,-0.001976,-0.002162,-0.003993,-0.002445,0.0,-0.0,-0.003769,-0.003501,-0.00455,0.0,0.0,-0.0,0.0,0.0,-0.001903,-0.00391,-0.00702,-0.004072,0.0,-0.000281,-0.006503,-0.001286,-0.004198,0.0,-0.001166,-0.001841,-0.0,0.0,-0.003513,-0.004178,0.0,-0.0,0.0,-0.002967,0.0,-0.00388,0.0,-0.002243,-0.006965,-0.0,-0.0,-0.005842,0.0,-0.0,0.0,-0.000165,-0.004103,-0.004835,0.0,-0.002458,-0.002697,-0.007545,-0.0075,0.0,-0.006539,-0.0,-0.005239,-0.002166,0.0,-0.002365,-0.008511,-0.005096,-0.004996,-0.005098,-0.007346,-0.002366,-0.001153,-0.001174,0.0,-0.001027,-0.003032,-0.003682,-0.005327
2017-05-29 10:41:00+02:00,0.0,0.0,-0.000168,-0.004572,-0.000521,-0.0,-0.001812,-0.002668,-0.004736,-0.0,-0.0,0.0,-0.004863,-0.004577,-0.001742,-0.006201,-0.0,0.0,-0.0,-0.006934,0.0,-0.006723,-0.003837,0.0,-0.006907,-0.007191,-0.002472,0.0,-0.001402,-0.0,0.0,-0.004042,0.0,-0.003364,-0.003896,0.0,-0.000758,-0.003754,0.0,-0.007923,-0.002332,0.0,-0.002736,0.0,-0.00031,-0.002003,-0.002183,-0.004052,-0.00248,0.0,-0.0,-0.003834,-0.003545,-0.00458,0.0,0.0,-0.0,0.0,0.0,-0.001912,-0.003974,-0.007132,-0.004126,0.0,-0.000298,-0.006584,-0.001288,-0.00426,0.0,-0.001169,-0.00188,-0.0,0.0,-0.003577,-0.004224,0.0,-0.0,0.0,-0.002984,0.0,-0.003922,0.0,-0.002274,-0.007075,-0.0,-0.0,-0.005856,0.0,-0.0,0.0,-0.000159,-0.00415,-0.004863,0.0,-0.002494,-0.002746,-0.007633,-0.007589,0.0,-0.006638,-0.0,-0.005308,-0.002208,0.0,-0.002375,-0.008561,-0.005121,-0.005075,-0.005164,-0.007436,-0.002378,-0.001165,-0.001202,0.0,-0.001027,-0.003101,-0.00373,-0.00535
2017-05-29 10:42:00+02:00,0.0,0.0,-0.000142,-0.004622,-0.000487,-0.0,-0.001795,-0.002657,-0.004783,-0.0,-0.0,0.0,-0.004892,-0.004609,-0.001763,-0.00627,-0.0,0.0,-0.0,-0.006994,0.0,-0.006783,-0.003833,0.0,-0.006993,-0.007272,-0.002459,0.0,-0.001406,-0.0,0.0,-0.004089,0.0,-0.00341,-0.003959,0.0,-0.000756,-0.003744,0.0,-0.008035,-0.002325,0.0,-0.00275,0.0,-0.000272,-0.002012,-0.002195,-0.004073,-0.0025,0.0,-0.0,-0.003863,-0.003584,-0.004611,0.0,0.0,-0.0,0.0,0.0,-0.001888,-0.004002,-0.00723,-0.00417,0.0,-0.000279,-0.006657,-0.001268,-0.004284,0.0,-0.001151,-0.001888,-0.0,0.0,-0.003611,-0.004269,0.0,-0.0,0.0,-0.002968,0.0,-0.00396,0.0,-0.002288,-0.007172,-0.0,-0.0,-0.005872,0.0,-0.0,0.0,-0.000134,-0.004192,-0.004892,0.0,-0.002527,-0.002773,-0.007713,-0.007671,0.0,-0.006722,-0.0,-0.005367,-0.002215,0.0,-0.002366,-0.008613,-0.005148,-0.005134,-0.00522,-0.007518,-0.002371,-0.001166,-0.001202,0.0,-0.000996,-0.00312,-0.003767,-0.005374
2017-05-29 10:43:00+02:00,0.0,0.0,-0.000113,-0.004641,-0.000428,-0.0,-0.001763,-0.002634,-0.00482,-0.0,-0.0,0.0,-0.004924,-0.004643,-0.001775,-0.006307,-0.0,0.0,-0.0,-0.006991,0.0,-0.006779,-0.003809,0.0,-0.007061,-0.007322,-0.002432,0.0,-0.00139,-0.0,0.0,-0.004127,0.0,-0.003446,-0.004012,0.0,-0.000731,-0.003714,0.0,-0.00813,-0.002305,0.0,-0.002699,0.0,-0.000218,-0.001991,-0.002186,-0.004052,-0.002509,0.0,-0.0,-0.003854,-0.003605,-0.004645,0.0,0.0,-0.0,0.0,0.0,-0.001843,-0.00399,-0.007311,-0.004182,0.0,-0.000223,-0.006699,-0.001234,-0.004265,0.0,-0.001119,-0.001854,-0.0,0.0,-0.003611,-0.004314,0.0,-0.0,0.0,-0.002931,0.0,-0.003978,0.0,-0.002272,-0.007251,-0.0,-0.0,-0.005891,0.0,-0.0,0.0,-0.000107,-0.004217,-0.004924,0.0,-0.002543,-0.00278,-0.007762,-0.007721,0.0,-0.006789,-0.0,-0.005395,-0.002176,0.0,-0.002344,-0.008671,-0.005178,-0.005175,-0.005244,-0.00757,-0.002352,-0.001147,-0.001163,0.0,-0.00094,-0.003069,-0.003772,-0.005402
2017-05-29 10:44:00+02:00,0.0,0.0,-9.1e-05,-0.004706,-0.000407,-0.0,-0.001762,-0.002643,-0.004889,-0.0,-0.0,0.0,-0.00496,-0.004682,-0.001811,-0.006397,-0.0,0.0,-0.0,-0.007002,0.0,-0.006792,-0.003835,0.0,-0.007181,-0.007426,-0.002438,0.0,-0.0014,-0.0,0.0,-0.004196,0.0,-0.00351,-0.004092,0.0,-0.000746,-0.003735,0.0,-0.008275,-0.002316,0.0,-0.002677,0.0,-0.000192,-0.002011,-0.002206,-0.004044,-0.002547,0.0,-0.0,-0.003857,-0.003655,-0.004684,0.0,0.0,-0.0,0.0,0.0,-0.001841,-0.003991,-0.007441,-0.00424,0.0,-0.00018,-0.006794,-0.001228,-0.004258,0.0,-0.001115,-0.001838,-0.0,0.0,-0.00362,-0.004361,0.0,-0.0,0.0,-0.002942,0.0,-0.004028,0.0,-0.002297,-0.007379,-0.0,-0.0,-0.005915,0.0,-0.0,0.0,-8.8e-05,-0.004273,-0.00496,0.0,-0.002584,-0.002831,-0.007869,-0.007828,0.0,-0.006908,-0.0,-0.005472,-0.002157,0.0,-0.002353,-0.008735,-0.005212,-0.005266,-0.005317,-0.007677,-0.002363,-0.001154,-0.001143,0.0,-0.000926,-0.003048,-0.003823,-0.005434
2017-05-29 10:45:00+02:00,0.0,0.0,-7.3e-05,-0.004749,-0.000382,-0.0,-0.00176,-0.002651,-0.004928,-0.0,-0.0,0.0,-0.004995,-0.004719,-0.001829,-0.006461,-0.0,0.0,-0.0,-0.007003,0.0,-0.006794,-0.003857,0.0,-0.007254,-0.007502,-0.002443,0.0,-0.001399,-0.0,0.0,-0.004236,0.0,-0.003549,-0.004149,0.0,-0.000731,-0.003753,0.0,-0.008375,-0.002325,0.0,-0.00265,0.0,-0.000162,-0.002012,-0.002213,-0.004033,-0.002563,0.0,-0.0,-0.003856,-0.003692,-0.00472,0.0,0.0,-0.0,0.0,0.0,-0.001835,-0.003987,-0.007529,-0.004276,0.0,-0.000144,-0.006863,-0.001221,-0.004247,0.0,-0.001108,-0.00182,-0.0,0.0,-0.003624,-0.004405,0.0,-0.0,0.0,-0.002951,0.0,-0.004063,0.0,-0.002303,-0.007465,-0.0,-0.0,-0.005937,0.0,-0.0,0.0,-7e-05,-0.004313,-0.004995,0.0,-0.002613,-0.002849,-0.007946,-0.007906,0.0,-0.006978,-0.0,-0.005525,-0.002135,0.0,-0.00236,-0.008796,-0.005245,-0.005316,-0.005367,-0.007755,-0.002373,-0.00115,-0.00112,0.0,-0.000907,-0.003023,-0.003852,-0.005464
2017-05-29 10:46:00+02:00,0.0,0.0,-5.8e-05,-0.004738,-0.000355,-0.0,-0.001741,-0.002633,-0.004911,-0.0,-0.0,0.0,-0.004875,-0.00462,-0.001822,-0.006449,-0.0,0.0,-0.0,-0.006983,0.0,-0.006778,-0.003839,0.0,-0.007242,-0.007489,-0.002424,0.0,-0.001383,-0.0,0.0,-0.004225,0.0,-0.003543,-0.004152,0.0,-0.000705,-0.00373,0.0,-0.008373,-0.00231,0.0,-0.002621,0.0,-0.000133,-0.001992,-0.002196,-0.00401,-0.002548,0.0,-0.0,-0.00384,-0.003684,-0.00462,0.0,0.0,-0.0,0.0,0.0,-0.001809,-0.00397,-0.007527,-0.004263,0.0,-0.000115,-0.006851,-0.001201,-0.004225,0.0,-0.001091,-0.001798,-0.0,0.0,-0.003615,-0.004347,0.0,-0.0,0.0,-0.002927,0.0,-0.004051,0.0,-0.002284,-0.007463,-0.0,-0.0,-0.005743,0.0,-0.0,0.0,-5.6e-05,-0.004303,-0.004875,0.0,-0.002609,-0.00283,-0.007924,-0.007887,0.0,-0.006963,-0.0,-0.005514,-0.00211,0.0,-0.002344,-0.008601,-0.005109,-0.005298,-0.005351,-0.007741,-0.002359,-0.001134,-0.001098,0.0,-0.00088,-0.002992,-0.003836,-0.005313
2017-05-29 10:47:00+02:00,0.0,0.0,-4.6e-05,-0.004503,-0.000284,-0.0,-0.001617,-0.002481,-0.004684,-0.0,-0.0,0.0,-0.00426,-0.004034,-0.001714,-0.006154,-0.0,0.0,-0.0,-0.006616,0.0,-0.006426,-0.003624,0.0,-0.006919,-0.007161,-0.002279,0.0,-0.001277,-0.0,0.0,-0.004027,0.0,-0.003374,-0.003795,0.0,-0.000579,-0.003505,0.0,-0.007621,-0.002173,0.0,-0.002412,0.0,-0.000106,-0.001835,-0.002062,-0.003785,-0.0024,0.0,-0.0,-0.003628,-0.003511,-0.004034,0.0,0.0,-0.0,0.0,0.0,-0.001649,-0.003751,-0.007194,-0.004041,0.0,-9.2e-05,-0.006543,-0.001094,-0.003992,0.0,-0.000991,-0.001659,-0.0,0.0,-0.003421,-0.003795,0.0,-0.0,0.0,-0.00273,0.0,-0.003861,0.0,-0.002121,-0.007137,-0.0,-0.0,-0.005055,0.0,-0.0,0.0,-4.5e-05,-0.004107,-0.00426,0.0,-0.002479,-0.002641,-0.007563,-0.00753,0.0,-0.006639,-0.0,-0.005251,-0.001954,0.0,-0.002205,-0.007558,-0.004469,-0.00502,-0.005083,-0.007399,-0.00222,-0.001035,-0.000982,0.0,-0.000751,-0.002766,-0.003622,-0.004654
2017-05-29 10:48:00+02:00,0.0,0.0,-3.7e-05,-0.004125,-0.000227,-0.0,-0.001422,-0.002253,-0.004363,-0.0,-0.0,0.0,-0.004213,-0.003906,-0.001544,-0.005704,-0.0,0.0,-0.0,-0.006082,0.0,-0.005908,-0.003292,0.0,-0.006448,-0.006671,-0.002058,0.0,-0.00109,-0.0,0.0,-0.003746,0.0,-0.003133,-0.003574,0.0,-0.000463,-0.003166,0.0,-0.007179,-0.001967,0.0,-0.002073,0.0,-8.5e-05,-0.001555,-0.001841,-0.003458,-0.002171,0.0,-0.0,-0.003324,-0.003256,-0.003986,0.0,0.0,-0.0,0.0,0.0,-0.001387,-0.003436,-0.006713,-0.00368,0.0,-7.4e-05,-0.006078,-0.00092,-0.003655,0.0,-0.000826,-0.001438,-0.0,0.0,-0.003143,-0.003642,0.0,-0.0,0.0,-0.002423,0.0,-0.00358,0.0,-0.001834,-0.006661,-0.0,-0.0,-0.004938,0.0,-0.0,0.0,-3.6e-05,-0.003821,-0.004179,0.0,-0.002278,-0.002333,-0.007043,-0.007014,0.0,-0.00617,-0.0,-0.004841,-0.001708,0.0,-0.001993,-0.007458,-0.004402,-0.00461,-0.00467,-0.006895,-0.002012,-0.000858,-0.000788,0.0,-0.0006,-0.002406,-0.003272,-0.004543
2017-05-29 10:49:00+02:00,0.0,0.0,-3.9e-05,-0.004203,-0.000283,-0.0,-0.001474,-0.002299,-0.004404,-0.0,-0.0,0.0,-0.004346,-0.00405,-0.001593,-0.005777,-0.0,0.0,-0.0,-0.006135,0.0,-0.00596,-0.003363,0.0,-0.006511,-0.006738,-0.002106,0.0,-0.001152,-0.0,0.0,-0.003789,0.0,-0.003176,-0.00364,0.0,-0.000551,-0.003242,0.0,-0.007302,-0.002013,0.0,-0.002146,0.0,-0.000128,-0.001651,-0.001898,-0.003492,-0.002228,0.0,-0.0,-0.003359,-0.0033,-0.004113,0.0,0.0,-0.0,0.0,0.0,-0.001475,-0.003471,-0.006778,-0.003763,0.0,-9.8e-05,-0.006149,-0.000977,-0.003688,0.0,-0.000882,-0.001483,-0.0,0.0,-0.003176,-0.003771,0.0,-0.0,0.0,-0.002504,0.0,-0.003625,0.0,-0.001927,-0.006724,-0.0,-0.0,-0.005095,0.0,-0.0,0.0,-5.9e-05,-0.003864,-0.004319,0.0,-0.002322,-0.002429,-0.007108,-0.00708,0.0,-0.006242,-0.0,-0.004918,-0.001754,0.0,-0.00204,-0.007679,-0.004543,-0.004693,-0.00475,-0.006962,-0.002058,-0.000921,-0.000839,0.0,-0.000678,-0.002478,-0.003359,-0.004697
2017-05-29 10:50:00+02:00,0.0,0.0,-0.000157,-0.004456,-0.000427,-0.0,-0.001615,-0.002452,-0.004592,-0.0,-0.0,0.0,-0.0045,-0.00421,-0.001715,-0.006067,-0.0,0.0,-0.0,-0.006468,0.0,-0.006283,-0.003592,0.0,-0.00679,-0.007048,-0.002257,0.0,-0.001292,-0.0,0.0,-0.003964,0.0,-0.003334,-0.003825,0.0,-0.000729,-0.003482,0.0,-0.007654,-0.002159,0.0,-0.002381,0.0,-0.000258,-0.001866,-0.002052,-0.003692,-0.00238,0.0,-0.0,-0.003551,-0.00347,-0.004261,0.0,0.0,-2.9e-05,0.0,0.0,-0.001679,-0.003668,-0.007066,-0.004009,0.0,-0.000235,-0.006446,-0.00111,-0.003892,0.0,-0.00101,-0.001635,-0.0,0.0,-0.003358,-0.003931,0.0,-0.0,0.0,-0.002729,0.0,-0.003806,0.0,-0.002142,-0.007005,-0.0,-0.0,-0.005269,0.0,-0.0,0.0,-0.000138,-0.004048,-0.004478,0.0,-0.002464,-0.00265,-0.007432,-0.007403,0.0,-0.006531,-0.0,-0.005188,-0.001917,0.0,-0.002189,-0.007935,-0.004705,-0.004957,-0.005025,-0.007278,-0.002204,-0.001058,-0.000982,0.0,-0.000854,-0.002725,-0.003604,-0.004868
2017-05-29 10:51:00+02:00,0.0,0.0,-0.000236,-0.004685,-0.000518,-0.0,-0.001721,-0.002575,-0.004762,-0.0,-0.0,0.0,-0.004616,-0.004333,-0.001816,-0.006339,-0.0,0.0,-0.0,-0.006765,0.0,-0.006571,-0.003779,0.0,-0.007046,-0.007343,-0.002377,0.0,-0.001406,-0.0,0.0,-0.004121,0.0,-0.003474,-0.003969,0.0,-0.000854,-0.003673,0.0,-0.007923,-0.002275,0.0,-0.002574,0.0,-0.000336,-0.002041,-0.002182,-0.003866,-0.002506,0.0,-0.0,-0.003722,-0.003628,-0.004374,0.0,0.0,-3.3e-05,0.0,0.0,-0.001829,-0.003843,-0.007331,-0.004229,0.0,-0.000331,-0.006727,-0.001206,-0.004072,0.0,-0.001102,-0.00176,-0.0,0.0,-0.003519,-0.004054,0.0,-0.0,0.0,-0.002902,0.0,-0.003975,0.0,-0.00232,-0.007264,-0.0,-0.0,-0.005399,0.0,-0.0,0.0,-0.000183,-0.004222,-0.004599,0.0,-0.002593,-0.002827,-0.00774,-0.00771,0.0,-0.006792,-0.0,-0.005437,-0.002051,0.0,-0.002307,-0.008129,-0.004826,-0.005185,-0.005276,-0.007581,-0.00232,-0.001167,-0.001093,0.0,-0.000974,-0.002929,-0.003818,-0.004998
2017-05-29 10:52:00+02:00,0.0,0.0,-0.000207,-0.004759,-0.000479,-0.0,-0.001724,-0.00259,-0.004807,-0.0,-0.0,0.0,-0.004709,-0.004431,-0.001834,-0.00644,-0.0,0.0,-0.0,-0.006889,0.0,-0.006691,-0.003804,0.0,-0.007117,-0.00746,-0.002388,0.0,-0.001429,-0.0,0.0,-0.004165,0.0,-0.003513,-0.004035,0.0,-0.000831,-0.003697,0.0,-0.008046,-0.002291,0.0,-0.00263,0.0,-0.000286,-0.002077,-0.002215,-0.003932,-0.002524,0.0,-0.0,-0.003791,-0.003689,-0.004464,0.0,0.0,-2.6e-05,0.0,0.0,-0.001825,-0.003913,-0.007402,-0.004297,0.0,-0.000317,-0.006834,-0.001202,-0.004141,0.0,-0.001098,-0.001797,-0.0,0.0,-0.003588,-0.004154,0.0,-0.0,0.0,-0.002915,0.0,-0.004038,0.0,-0.002359,-0.007333,-0.0,-0.0,-0.0055,0.0,-0.0,0.0,-0.000149,-0.004291,-0.004695,0.0,-0.00264,-0.002845,-0.007861,-0.007831,0.0,-0.006861,-0.0,-0.005524,-0.002091,0.0,-0.002321,-0.008283,-0.004923,-0.005232,-0.00536,-0.007701,-0.002336,-0.001187,-0.00112,0.0,-0.000951,-0.002991,-0.00388,-0.0051
2017-05-29 10:53:00+02:00,0.0,0.0,-0.000189,-0.00479,-0.000438,-0.0,-0.001715,-0.002586,-0.004829,-0.0,-0.0,0.0,-0.004767,-0.004494,-0.001842,-0.006486,-0.0,0.0,-0.0,-0.006977,0.0,-0.006777,-0.003801,0.0,-0.007149,-0.007515,-0.002383,0.0,-0.001436,-0.0,0.0,-0.004187,0.0,-0.003534,-0.004076,0.0,-0.000809,-0.003691,0.0,-0.008119,-0.002289,0.0,-0.002678,0.0,-0.000238,-0.002088,-0.002227,-0.003981,-0.002531,0.0,-0.0,-0.003843,-0.003718,-0.00452,0.0,0.0,-2.1e-05,0.0,0.0,-0.001805,-0.003964,-0.007437,-0.004325,0.0,-0.000311,-0.006884,-0.001187,-0.004192,0.0,-0.001085,-0.001829,-0.0,0.0,-0.003638,-0.004218,0.0,-0.0,0.0,-0.002904,0.0,-0.004068,0.0,-0.002372,-0.007366,-0.0,-0.0,-0.005563,0.0,-0.0,0.0,-0.000119,-0.004324,-0.004756,0.0,-0.002662,-0.00285,-0.007917,-0.007887,0.0,-0.006894,-0.0,-0.005563,-0.002125,0.0,-0.002318,-0.008376,-0.004984,-0.005251,-0.005396,-0.007758,-0.002334,-0.001192,-0.001144,0.0,-0.000921,-0.003043,-0.003906,-0.005165
2017-05-29 10:54:00+02:00,0.0,0.0,-0.000173,-0.004787,-0.00039,-0.0,-0.001695,-0.002571,-0.004824,-0.0,-0.0,0.0,-0.004832,-0.004563,-0.001835,-0.006495,-0.0,0.0,-0.0,-0.007046,0.0,-0.006844,-0.003783,0.0,-0.007145,-0.00753,-0.002367,0.0,-0.001425,-0.0,0.0,-0.004187,0.0,-0.003535,-0.004095,0.0,-0.000768,-0.003671,0.0,-0.008147,-0.002277,0.0,-0.002721,0.0,-0.000191,-0.002072,-0.002218,-0.004019,-0.002518,0.0,-0.0,-0.003884,-0.003726,-0.004584,0.0,0.0,-1.7e-05,0.0,0.0,-0.001772,-0.004005,-0.007434,-0.00432,0.0,-0.000304,-0.006895,-0.001164,-0.00423,0.0,-0.001063,-0.001859,-0.0,0.0,-0.003679,-0.004287,0.0,-0.0,0.0,-0.002879,0.0,-0.004073,0.0,-0.002359,-0.007361,-0.0,-0.0,-0.00563,0.0,-0.0,0.0,-9.5e-05,-0.004334,-0.004823,0.0,-0.002666,-0.002828,-0.007931,-0.007902,0.0,-0.00689,-0.0,-0.005565,-0.002155,0.0,-0.002304,-0.008481,-0.005051,-0.005238,-0.005397,-0.007773,-0.002322,-0.00118,-0.001165,0.0,-0.00088,-0.003092,-0.003899,-0.005234
2017-05-29 10:55:00+02:00,0.0,0.0,-0.000191,-0.004839,-0.000381,-0.0,-0.001707,-0.002592,-0.004876,-0.0,-0.0,0.0,-0.004894,-0.004629,-0.001863,-0.006567,-0.0,0.0,-0.0,-0.007169,0.0,-0.006963,-0.003818,0.0,-0.007226,-0.007612,-0.002385,0.0,-0.001442,-0.0,0.0,-0.004239,0.0,-0.003583,-0.004164,0.0,-0.000778,-0.003705,0.0,-0.008273,-0.002298,0.0,-0.002801,0.0,-0.000175,-0.002099,-0.00224,-0.004088,-0.002548,0.0,-0.0,-0.003954,-0.003771,-0.004645,0.0,0.0,-1.3e-05,0.0,0.0,-0.001785,-0.004077,-0.007527,-0.004369,0.0,-0.000329,-0.006971,-0.001171,-0.004301,0.0,-0.00107,-0.001911,-0.0,0.0,-0.003749,-0.004354,0.0,-0.0,0.0,-0.002905,0.0,-0.004118,0.0,-0.002388,-0.007451,-0.0,-0.0,-0.005692,0.0,-0.0,0.0,-8.1e-05,-0.004383,-0.004887,0.0,-0.002701,-0.002868,-0.008017,-0.007989,0.0,-0.006974,-0.0,-0.005627,-0.002211,0.0,-0.002324,-0.008582,-0.005115,-0.005305,-0.005457,-0.007859,-0.002343,-0.001195,-0.001207,0.0,-0.000882,-0.003179,-0.003944,-0.0053
2017-05-29 10:56:00+02:00,0.0,0.0,-0.000195,-0.00489,-0.000363,-0.0,-0.001714,-0.002607,-0.004921,-0.0,-0.0,0.0,-0.00495,-0.004688,-0.001885,-0.006639,-0.0,0.0,-0.0,-0.007276,0.0,-0.007067,-0.003847,0.0,-0.007299,-0.007697,-0.002398,0.0,-0.001455,-0.0,0.0,-0.004284,0.0,-0.003625,-0.004226,0.0,-0.000776,-0.003732,0.0,-0.008384,-0.002314,0.0,-0.002863,0.0,-0.000151,-0.00212,-0.002259,-0.004145,-0.002571,0.0,-0.0,-0.004014,-0.003814,-0.004701,0.0,0.0,-1.1e-05,0.0,0.0,-0.001789,-0.004137,-0.007609,-0.004415,0.0,-0.000341,-0.007048,-0.001171,-0.004359,0.0,-0.001071,-0.001951,-0.0,0.0,-0.003809,-0.004414,0.0,-0.0,0.0,-0.002923,0.0,-0.004162,0.0,-0.002412,-0.007531,-0.0,-0.0,-0.005746,0.0,-0.0,0.0,-6.5e-05,-0.004432,-0.004945,0.0,-0.002735,-0.002896,-0.008104,-0.008077,0.0,-0.007047,-0.0,-0.005688,-0.002253,0.0,-0.00234,-0.008675,-0.005172,-0.00536,-0.005516,-0.007946,-0.00236,-0.001205,-0.001237,0.0,-0.000873,-0.003247,-0.003986,-0.005359
2017-05-29 10:57:00+02:00,0.0,0.0,-0.000169,-0.004918,-0.000327,-0.0,-0.001706,-0.002608,-0.004954,-0.0,-0.0,0.0,-0.004998,-0.004739,-0.001898,-0.006687,-0.0,0.0,-0.0,-0.007324,0.0,-0.007113,-0.003853,0.0,-0.007355,-0.007757,-0.002396,0.0,-0.001453,-0.0,0.0,-0.004319,0.0,-0.003658,-0.004279,0.0,-0.000756,-0.003735,0.0,-0.008475,-0.002316,0.0,-0.002881,0.0,-0.000121,-0.002119,-0.002264,-0.004163,-0.002583,0.0,-0.0,-0.004036,-0.003844,-0.00475,0.0,0.0,-9e-06,0.0,0.0,-0.001772,-0.004159,-0.007677,-0.004438,0.0,-0.000321,-0.007101,-0.001158,-0.004378,0.0,-0.001059,-0.001964,-0.0,0.0,-0.003837,-0.004466,0.0,-0.0,0.0,-0.002918,0.0,-0.00419,0.0,-0.002414,-0.007596,-0.0,-0.0,-0.00579,0.0,-0.0,0.0,-5.2e-05,-0.004466,-0.004994,0.0,-0.002756,-0.002906,-0.008165,-0.008138,0.0,-0.007104,-0.0,-0.005726,-0.002265,0.0,-0.00234,-0.008754,-0.005221,-0.005397,-0.005551,-0.008008,-0.002362,-0.001201,-0.001241,0.0,-0.000845,-0.00327,-0.004005,-0.005408
2017-05-29 10:58:00+02:00,0.0,0.0,-0.00014,-0.00493,-0.000272,-0.0,-0.001679,-0.002588,-0.004979,-0.0,-0.0,0.0,-0.005038,-0.00478,-0.001906,-0.006715,-0.0,0.0,-0.0,-0.007351,0.0,-0.007139,-0.003829,0.0,-0.007397,-0.007794,-0.002374,0.0,-0.001443,-0.0,0.0,-0.004345,0.0,-0.003682,-0.00432,0.0,-0.000733,-0.003706,0.0,-0.008546,-0.0023,0.0,-0.002887,0.0,-9.7e-05,-0.002106,-0.002259,-0.004171,-0.002589,0.0,-0.0,-0.004048,-0.003862,-0.004789,0.0,0.0,-7e-06,0.0,0.0,-0.00173,-0.004171,-0.007728,-0.004446,0.0,-0.000296,-0.007132,-0.001128,-0.004386,0.0,-0.001031,-0.001969,-0.0,0.0,-0.003854,-0.004508,0.0,-0.0,0.0,-0.002882,0.0,-0.004206,0.0,-0.002404,-0.007645,-0.0,-0.0,-0.005825,0.0,-0.0,0.0,-4.2e-05,-0.004487,-0.005034,0.0,-0.002768,-0.002909,-0.008202,-0.008176,0.0,-0.007146,-0.0,-0.005745,-0.002268,0.0,-0.002322,-0.008817,-0.00526,-0.005422,-0.005566,-0.008046,-0.002346,-0.00119,-0.001239,0.0,-0.000794,-0.003279,-0.004008,-0.005448
2017-05-29 10:59:00+02:00,0.0,0.0,-0.000112,-0.004926,-0.000218,-0.0,-0.001644,-0.002559,-0.004982,-0.0,-0.0,0.0,-0.005067,-0.004812,-0.001903,-0.006722,-0.0,0.0,-0.0,-0.007369,0.0,-0.007155,-0.003788,0.0,-0.007405,-0.007807,-0.002342,0.0,-0.001429,-0.0,0.0,-0.004351,0.0,-0.003689,-0.004338,0.0,-0.0007,-0.003661,0.0,-0.008571,-0.002273,0.0,-0.002882,0.0,-7.7e-05,-0.002085,-0.002248,-0.004174,-0.00258,0.0,-0.0,-0.004057,-0.003869,-0.004819,0.0,0.0,-5e-06,0.0,0.0,-0.001675,-0.004178,-0.007739,-0.00444,0.0,-0.000264,-0.007142,-0.001091,-0.00439,0.0,-0.000996,-0.001966,-0.0,0.0,-0.003866,-0.004541,0.0,-0.0,0.0,-0.002832,0.0,-0.00421,0.0,-0.002385,-0.007656,-0.0,-0.0,-0.005848,0.0,-0.0,0.0,-3.3e-05,-0.004495,-0.005064,0.0,-0.002772,-0.002892,-0.008214,-0.008189,0.0,-0.007153,-0.0,-0.005746,-0.002265,0.0,-0.002293,-0.008862,-0.005288,-0.005418,-0.005565,-0.008061,-0.00232,-0.001174,-0.00123,0.0,-0.000733,-0.003276,-0.003999,-0.005476
2017-05-29 11:00:00+02:00,0.0,0.0,-8.9e-05,-0.004923,-0.000184,-0.0,-0.001627,-0.002546,-0.00497,-0.0,-0.0,0.0,-0.005093,-0.00484,-0.001893,-0.006727,-0.0,0.0,-0.0,-0.007362,0.0,-0.007148,-0.003774,0.0,-0.007391,-0.007817,-0.002328,0.0,-0.001419,-0.0,0.0,-0.004345,0.0,-0.003685,-0.004342,0.0,-0.000662,-0.003643,0.0,-0.008566,-0.002263,0.0,-0.002869,0.0,-6.2e-05,-0.002071,-0.002239,-0.004163,-0.002562,0.0,-0.0,-0.004053,-0.003874,-0.004845,0.0,0.0,-4e-06,0.0,0.0,-0.00165,-0.004173,-0.007726,-0.004436,0.0,-0.000234,-0.007149,-0.001074,-0.00438,0.0,-0.000979,-0.001958,-0.0,0.0,-0.003866,-0.00457,0.0,-0.0,0.0,-0.00281,0.0,-0.004213,0.0,-0.002373,-0.007642,-0.0,-0.0,-0.005867,0.0,-0.0,0.0,-2.7e-05,-0.004501,-0.00509,0.0,-0.002776,-0.002865,-0.008222,-0.008198,0.0,-0.007139,-0.0,-0.005747,-0.002254,0.0,-0.002282,-0.008902,-0.005314,-0.005397,-0.005564,-0.008071,-0.00231,-0.001163,-0.001218,0.0,-0.000704,-0.003265,-0.003993,-0.005501
2017-05-29 11:01:00+02:00,0.0,0.0,-7.2e-05,-0.004931,-0.000176,-0.0,-0.001627,-0.002549,-0.004969,-0.0,-0.0,0.0,-0.005112,-0.004861,-0.001892,-0.006741,-0.0,0.0,-0.0,-0.007373,0.0,-0.007158,-0.003783,0.0,-0.007394,-0.007835,-0.00233,0.0,-0.001417,-0.0,0.0,-0.004347,0.0,-0.003689,-0.004352,0.0,-0.000642,-0.00365,0.0,-0.008575,-0.002267,0.0,-0.002866,0.0,-4.9e-05,-0.002069,-0.002238,-0.004161,-0.002555,0.0,-0.0,-0.004056,-0.003884,-0.004866,0.0,0.0,-4e-06,0.0,0.0,-0.001652,-0.004175,-0.007729,-0.004442,0.0,-0.000217,-0.007164,-0.001074,-0.004378,0.0,-0.00098,-0.001957,-0.0,0.0,-0.003874,-0.004593,0.0,-0.0,0.0,-0.002814,0.0,-0.00422,0.0,-0.002372,-0.007643,-0.0,-0.0,-0.005879,0.0,-0.0,0.0,-2.1e-05,-0.004512,-0.005111,0.0,-0.002785,-0.002855,-0.008238,-0.008215,0.0,-0.007141,-0.0,-0.005758,-0.002251,0.0,-0.002285,-0.008931,-0.005332,-0.005391,-0.005574,-0.008089,-0.002315,-0.00116,-0.001212,0.0,-0.000701,-0.003263,-0.003998,-0.005519
2017-05-29 11:02:00+02:00,0.0,0.0,-5.9e-05,-0.004942,-0.000176,-0.0,-0.001632,-0.002555,-0.004998,-0.0,-0.0,0.0,-0.005134,-0.004885,-0.00191,-0.006759,-0.0,0.0,-0.0,-0.007403,0.0,-0.007187,-0.003798,0.0,-0.007444,-0.007857,-0.002336,0.0,-0.001417,-0.0,0.0,-0.004378,0.0,-0.00372,-0.004393,0.0,-0.000653,-0.003665,0.0,-0.008642,-0.002276,0.0,-0.002875,0.0,-4e-05,-0.002071,-0.002238,-0.004171,-0.002573,0.0,-0.0,-0.004071,-0.003896,-0.004888,0.0,0.0,-3e-06,0.0,0.0,-0.001663,-0.004189,-0.007786,-0.004453,0.0,-0.00021,-0.007184,-0.001079,-0.004388,0.0,-0.000986,-0.001963,-0.0,0.0,-0.003893,-0.004618,0.0,-0.0,0.0,-0.002827,0.0,-0.00423,0.0,-0.002376,-0.007698,-0.0,-0.0,-0.005892,0.0,-0.0,0.0,-1.7e-05,-0.004524,-0.005132,0.0,-0.002795,-0.00288,-0.008258,-0.008236,0.0,-0.007192,-0.0,-0.005774,-0.002256,0.0,-0.002294,-0.008964,-0.005353,-0.005431,-0.005587,-0.008112,-0.002324,-0.001159,-0.001213,0.0,-0.000706,-0.003275,-0.004007,-0.005538
2017-05-29 11:03:00+02:00,0.0,0.0,-4.7e-05,-0.004956,-0.000169,-0.0,-0.001632,-0.002557,-0.005028,-0.0,-0.0,0.0,-0.005148,-0.004901,-0.001929,-0.006779,-0.0,0.0,-0.0,-0.007416,0.0,-0.007199,-0.003806,0.0,-0.007496,-0.007883,-0.002337,0.0,-0.001418,-0.0,0.0,-0.00441,0.0,-0.00375,-0.004433,0.0,-0.000666,-0.003672,0.0,-0.00871,-0.00228,0.0,-0.002864,0.0,-3.2e-05,-0.002075,-0.00224,-0.004169,-0.002591,0.0,-0.0,-0.004076,-0.00391,-0.004904,0.0,0.0,-2e-06,0.0,0.0,-0.001665,-0.004192,-0.007844,-0.004465,0.0,-0.000182,-0.007206,-0.001079,-0.004387,0.0,-0.000986,-0.001955,-0.0,0.0,-0.003901,-0.004636,0.0,-0.0,0.0,-0.002831,0.0,-0.004242,0.0,-0.00238,-0.007755,-0.0,-0.0,-0.005898,0.0,-0.0,0.0,-1.4e-05,-0.004539,-0.005147,0.0,-0.002807,-0.002906,-0.008281,-0.008259,0.0,-0.007245,-0.0,-0.005791,-0.002247,0.0,-0.002297,-0.008985,-0.005366,-0.005471,-0.005602,-0.008137,-0.002328,-0.00116,-0.0012,0.0,-0.000703,-0.003265,-0.004017,-0.00555
2017-05-29 11:04:00+02:00,0.0,0.0,-3.8e-05,-0.004946,-0.000135,-0.0,-0.001598,-0.002523,-0.005027,-0.0,-0.0,0.0,-0.005156,-0.004911,-0.001928,-0.006772,-0.0,0.0,-0.0,-0.007392,0.0,-0.007176,-0.003758,0.0,-0.007497,-0.007876,-0.002303,0.0,-0.001408,-0.0,0.0,-0.004413,0.0,-0.003754,-0.004443,0.0,-0.00065,-0.003621,0.0,-0.008718,-0.00225,0.0,-0.002825,0.0,-2.5e-05,-0.002061,-0.00223,-0.004147,-0.002585,0.0,-0.0,-0.004062,-0.003907,-0.004913,0.0,0.0,-2e-06,0.0,0.0,-0.001613,-0.004176,-0.007848,-0.004455,0.0,-0.000146,-0.007199,-0.001043,-0.004366,0.0,-0.000953,-0.001932,-0.0,0.0,-0.003892,-0.004647,0.0,-0.0,0.0,-0.00278,0.0,-0.004237,0.0,-0.002368,-0.007758,-0.0,-0.0,-0.005896,0.0,-0.0,0.0,-1.1e-05,-0.004536,-0.005155,0.0,-0.002806,-0.002897,-0.008271,-0.00825,0.0,-0.007246,-0.0,-0.005782,-0.00222,0.0,-0.002265,-0.008994,-0.005372,-0.005466,-0.005591,-0.00813,-0.002298,-0.00115,-0.001172,0.0,-0.000651,-0.003227,-0.004006,-0.005555
2017-05-29 11:05:00+02:00,0.0,0.0,-3e-05,-0.004941,-0.000108,-0.0,-0.001576,-0.0025,-0.005016,-0.0,-0.0,0.0,-0.005165,-0.004922,-0.001922,-0.006769,-0.0,0.0,-0.0,-0.007397,0.0,-0.00718,-0.003727,0.0,-0.007482,-0.007875,-0.00228,0.0,-0.001404,-0.0,0.0,-0.004407,0.0,-0.003751,-0.004442,0.0,-0.000633,-0.003587,0.0,-0.008704,-0.002231,0.0,-0.00281,0.0,-2e-05,-0.002055,-0.002225,-0.004143,-0.002574,0.0,-0.0,-0.004066,-0.003909,-0.004923,0.0,0.0,-1e-06,0.0,0.0,-0.001583,-0.004178,-0.007833,-0.00445,0.0,-0.000118,-0.007197,-0.001023,-0.004364,0.0,-0.000934,-0.001923,-0.0,0.0,-0.003898,-0.004659,0.0,-0.0,0.0,-0.002748,0.0,-0.004236,0.0,-0.002362,-0.007741,-0.0,-0.0,-0.005897,0.0,-0.0,0.0,-9e-06,-0.004537,-0.005164,0.0,-0.002808,-0.002881,-0.008266,-0.008247,0.0,-0.007233,-0.0,-0.005779,-0.00221,0.0,-0.002245,-0.009002,-0.00538,-0.005449,-0.005587,-0.008128,-0.002279,-0.001145,-0.001159,0.0,-0.00062,-0.003212,-0.004002,-0.005562
2017-05-29 11:06:00+02:00,0.0,0.0,-2.4e-05,-0.004945,-8.7e-05,-0.0,-0.00155,-0.002474,-0.004995,-0.0,-0.0,0.0,-0.005172,-0.00493,-0.00191,-0.006775,-0.0,0.0,-0.0,-0.007372,0.0,-0.007156,-0.003689,0.0,-0.007451,-0.007882,-0.002254,0.0,-0.001403,-0.0,0.0,-0.004392,0.0,-0.003738,-0.00443,0.0,-0.000605,-0.003547,0.0,-0.008669,-0.002208,0.0,-0.002778,0.0,-1.6e-05,-0.002054,-0.002224,-0.004125,-0.002554,0.0,-0.0,-0.004055,-0.003916,-0.004931,0.0,0.0,-1e-06,0.0,0.0,-0.001546,-0.004165,-0.007798,-0.004453,0.0,-9.5e-05,-0.007203,-0.000999,-0.004346,0.0,-0.000911,-0.001903,-0.0,0.0,-0.003889,-0.004668,0.0,-0.0,0.0,-0.002709,0.0,-0.004241,0.0,-0.002361,-0.007706,-0.0,-0.0,-0.005894,0.0,-0.0,0.0,-7e-06,-0.004544,-0.005171,0.0,-0.002814,-0.002853,-0.00827,-0.008252,0.0,-0.007201,-0.0,-0.005784,-0.002188,0.0,-0.00222,-0.009006,-0.005386,-0.005416,-0.005591,-0.008134,-0.002256,-0.001144,-0.001136,0.0,-0.000582,-0.00318,-0.004004,-0.005566
2017-05-29 11:07:00+02:00,0.0,0.0,-1.9e-05,-0.004947,-6.9e-05,-0.0,-0.00154,-0.002464,-0.004971,-0.0,-0.0,0.0,-0.005184,-0.004943,-0.001894,-0.006781,-0.0,0.0,-0.0,-0.007388,0.0,-0.007171,-0.003676,0.0,-0.007414,-0.007889,-0.002243,0.0,-0.0014,-0.0,0.0,-0.004373,0.0,-0.003723,-0.004415,0.0,-0.000572,-0.003532,0.0,-0.008626,-0.0022,0.0,-0.002781,0.0,-1.3e-05,-0.002051,-0.002222,-0.00413,-0.00253,0.0,-0.0,-0.004066,-0.003923,-0.004944,0.0,0.0,-1e-06,0.0,0.0,-0.001532,-0.004174,-0.007757,-0.004455,0.0,-8.9e-05,-0.007209,-0.000989,-0.004352,0.0,-0.000903,-0.001906,-0.0,0.0,-0.003902,-0.004682,0.0,-0.0,0.0,-0.002695,0.0,-0.004245,0.0,-0.002359,-0.007664,-0.0,-0.0,-0.005898,0.0,-0.0,0.0,-6e-06,-0.004551,-0.005183,0.0,-0.002821,-0.002818,-0.008275,-0.008257,0.0,-0.007165,-0.0,-0.005789,-0.00219,0.0,-0.002211,-0.009018,-0.005396,-0.005378,-0.005594,-0.008141,-0.002248,-0.001141,-0.001137,0.0,-0.000566,-0.003185,-0.004005,-0.005575
2017-05-29 11:08:00+02:00,0.0,0.0,-1.6e-05,-0.004963,-7.4e-05,-0.0,-0.001551,-0.002475,-0.004977,-0.0,-0.0,0.0,-0.005191,-0.004951,-0.001901,-0.0068,-0.0,0.0,-0.0,-0.007433,0.0,-0.007215,-0.003696,0.0,-0.007424,-0.00791,-0.002254,0.0,-0.001408,-0.0,0.0,-0.004383,0.0,-0.003733,-0.004428,0.0,-0.000576,-0.003551,0.0,-0.008639,-0.002213,0.0,-0.002811,0.0,-1e-05,-0.002063,-0.00223,-0.004154,-0.002534,0.0,-0.0,-0.004094,-0.003937,-0.004952,0.0,0.0,-1e-06,0.0,0.0,-0.00155,-0.004202,-0.007769,-0.004471,0.0,-0.000107,-0.007229,-0.001,-0.004377,0.0,-0.000914,-0.001926,-0.0,0.0,-0.003931,-0.004691,0.0,-0.0,0.0,-0.002714,0.0,-0.004258,0.0,-0.002371,-0.007674,-0.0,-0.0,-0.005894,0.0,-0.0,0.0,-4e-06,-0.004566,-0.00519,0.0,-0.002834,-0.002825,-0.008295,-0.008278,0.0,-0.007177,-0.0,-0.005807,-0.002209,0.0,-0.002223,-0.009023,-0.005402,-0.005386,-0.005612,-0.008163,-0.002261,-0.001148,-0.001154,0.0,-0.000581,-0.003217,-0.00402,-0.00558
2017-05-29 11:09:00+02:00,0.0,0.0,-1.3e-05,-0.004943,-6.6e-05,-0.0,-0.001549,-0.002471,-0.004982,-0.0,-0.0,0.0,-0.005187,-0.004952,-0.001907,-0.006778,-0.0,0.0,-0.0,-0.007439,0.0,-0.007222,-0.003692,0.0,-0.007432,-0.007887,-0.00225,0.0,-0.001396,-0.0,0.0,-0.004391,0.0,-0.003743,-0.004444,0.0,-0.000579,-0.003547,0.0,-0.008657,-0.002211,0.0,-0.002817,0.0,-8e-06,-0.002047,-0.002216,-0.004155,-0.002538,0.0,-0.0,-0.004099,-0.003927,-0.004952,0.0,0.0,-1e-06,0.0,0.0,-0.001549,-0.004206,-0.007784,-0.004452,0.0,-0.000107,-0.007206,-0.000998,-0.004378,0.0,-0.000913,-0.00193,-0.0,0.0,-0.003939,-0.004694,0.0,-0.0,0.0,-0.002712,0.0,-0.004245,0.0,-0.002355,-0.007688,-0.0,-0.0,-0.005851,0.0,-0.0,0.0,-4e-06,-0.004554,-0.005187,0.0,-0.002827,-0.002831,-0.008267,-0.008251,0.0,-0.007187,-0.0,-0.005786,-0.002212,0.0,-0.002221,-0.008985,-0.005391,-0.005394,-0.00559,-0.008138,-0.002259,-0.001137,-0.001155,0.0,-0.000579,-0.003223,-0.004002,-0.00556
2017-05-29 11:10:00+02:00,0.0,0.0,-1e-05,-0.004921,-5.3e-05,-0.0,-0.001534,-0.002455,-0.004974,-0.0,-0.0,0.0,-0.005189,-0.004955,-0.001908,-0.006751,-0.0,0.0,-0.0,-0.007442,0.0,-0.007226,-0.003672,0.0,-0.007427,-0.007859,-0.002233,0.0,-0.001382,-0.0,0.0,-0.004389,0.0,-0.003745,-0.004451,0.0,-0.000574,-0.003525,0.0,-0.00866,-0.002197,0.0,-0.00282,0.0,-7e-06,-0.002027,-0.0022,-0.004153,-0.002534,0.0,-0.0,-0.004103,-0.003913,-0.004956,0.0,0.0,-0.0,0.0,0.0,-0.001532,-0.004208,-0.007786,-0.004431,0.0,-0.000106,-0.007179,-0.000986,-0.004376,0.0,-0.000902,-0.001932,-0.0,0.0,-0.003944,-0.004699,0.0,-0.0,0.0,-0.002691,0.0,-0.004227,0.0,-0.002335,-0.00769,-0.0,-0.0,-0.005846,0.0,-0.0,0.0,-3e-06,-0.004537,-0.005189,0.0,-0.002818,-0.002827,-0.008234,-0.008219,0.0,-0.007184,-0.0,-0.005762,-0.002211,0.0,-0.002206,-0.008989,-0.005392,-0.00539,-0.005564,-0.008109,-0.002245,-0.001124,-0.001154,0.0,-0.000563,-0.003226,-0.00398,-0.005561
2017-05-29 11:11:00+02:00,0.0,0.0,-8e-06,-0.004927,-4.2e-05,-0.0,-0.001527,-0.002446,-0.004986,-0.0,-0.0,0.0,-0.005197,-0.004964,-0.001922,-0.006757,-0.0,0.0,-0.0,-0.007455,0.0,-0.00724,-0.003664,0.0,-0.007454,-0.007864,-0.002224,0.0,-0.001384,-0.0,0.0,-0.004406,0.0,-0.003764,-0.004476,0.0,-0.000589,-0.003514,0.0,-0.008698,-0.002191,0.0,-0.002837,0.0,-5e-06,-0.002032,-0.0022,-0.004157,-0.002545,0.0,-0.0,-0.004112,-0.003918,-0.004965,0.0,0.0,-0.0,0.0,0.0,-0.001525,-0.004215,-0.007822,-0.004437,0.0,-0.000117,-0.007185,-0.00098,-0.004379,0.0,-0.000897,-0.001941,-0.0,0.0,-0.003954,-0.00471,0.0,-0.0,0.0,-0.002682,0.0,-0.004229,0.0,-0.00234,-0.007725,-0.0,-0.0,-0.005851,0.0,-0.0,0.0,-2e-06,-0.00454,-0.005197,0.0,-0.002825,-0.002848,-0.008236,-0.008222,0.0,-0.007213,-0.0,-0.005769,-0.002219,0.0,-0.002199,-0.009005,-0.005399,-0.005415,-0.005569,-0.008114,-0.002239,-0.001125,-0.001164,0.0,-0.000556,-0.003243,-0.003986,-0.005567
2017-05-29 11:12:00+02:00,0.0,0.0,-6e-06,-0.004944,-4.2e-05,-0.0,-0.00153,-0.00245,-0.004995,-0.0,-0.0,0.0,-0.00521,-0.004979,-0.00193,-0.006777,-0.0,0.0,-0.0,-0.007453,0.0,-0.007239,-0.003676,0.0,-0.007474,-0.007884,-0.002228,0.0,-0.001388,-0.0,0.0,-0.004419,0.0,-0.003778,-0.004495,0.0,-0.000592,-0.003525,0.0,-0.008724,-0.002197,0.0,-0.002842,0.0,-4e-06,-0.002041,-0.002205,-0.004151,-0.00255,0.0,-0.0,-0.004109,-0.00393,-0.00498,0.0,0.0,-0.0,0.0,0.0,-0.001534,-0.004211,-0.007846,-0.004453,0.0,-0.000116,-0.007204,-0.000984,-0.004371,0.0,-0.000902,-0.001944,-0.0,0.0,-0.003956,-0.004726,0.0,-0.0,0.0,-0.002692,0.0,-0.004239,0.0,-0.002351,-0.007748,-0.0,-0.0,-0.00586,0.0,-0.0,0.0,-2e-06,-0.004551,-0.00521,0.0,-0.002837,-0.002857,-0.008253,-0.00824,0.0,-0.007234,-0.0,-0.005788,-0.002219,0.0,-0.002204,-0.009028,-0.005412,-0.00543,-0.005587,-0.008134,-0.002246,-0.00113,-0.001167,0.0,-0.000562,-0.003249,-0.004001,-0.005579
2017-05-29 11:13:00+02:00,0.0,0.0,-1.9e-05,-0.004972,-4.6e-05,-0.0,-0.001538,-0.00246,-0.005006,-0.0,-0.0,0.0,-0.005224,-0.004994,-0.001939,-0.00681,-0.0,0.0,-0.0,-0.007508,0.0,-0.007293,-0.003696,0.0,-0.007496,-0.00792,-0.002238,0.0,-0.001399,-0.0,0.0,-0.004433,0.0,-0.003794,-0.004513,0.0,-0.000596,-0.003544,0.0,-0.008745,-0.002209,0.0,-0.002882,0.0,-3e-06,-0.00206,-0.002217,-0.004179,-0.002557,0.0,-0.0,-0.004141,-0.003952,-0.004994,0.0,0.0,-0.0,0.0,0.0,-0.001548,-0.004243,-0.007868,-0.004479,0.0,-0.000143,-0.007238,-0.000992,-0.0044,0.0,-0.000909,-0.001969,-0.0,0.0,-0.003989,-0.004742,0.0,-0.0,0.0,-0.002708,0.0,-0.004258,0.0,-0.00237,-0.007768,-0.0,-0.0,-0.005869,0.0,-0.0,0.0,-1e-06,-0.004572,-0.005224,0.0,-0.002857,-0.002868,-0.008287,-0.008275,0.0,-0.007256,-0.0,-0.005819,-0.002244,0.0,-0.002215,-0.00905,-0.005425,-0.005445,-0.005616,-0.00817,-0.002257,-0.00114,-0.001189,0.0,-0.000572,-0.003291,-0.004026,-0.00559
2017-05-29 11:14:00+02:00,0.0,0.0,-3.4e-05,-0.005001,-4.5e-05,-0.0,-0.001541,-0.002465,-0.005023,-0.0,-0.0,0.0,-0.005235,-0.005007,-0.001953,-0.006847,-0.0,0.0,-0.0,-0.007582,0.0,-0.007367,-0.003708,0.0,-0.007528,-0.007963,-0.002242,0.0,-0.001409,-0.0,0.0,-0.004454,0.0,-0.003814,-0.004538,0.0,-0.000605,-0.003554,0.0,-0.008781,-0.002215,0.0,-0.002926,0.0,-3e-06,-0.002078,-0.002229,-0.004218,-0.002568,0.0,-0.0,-0.004187,-0.003975,-0.005007,0.0,0.0,-0.0,0.0,0.0,-0.001553,-0.004287,-0.007902,-0.004507,0.0,-0.000169,-0.007277,-0.000994,-0.004441,0.0,-0.000912,-0.001997,-0.0,0.0,-0.004033,-0.004756,0.0,-0.0,0.0,-0.002716,0.0,-0.00428,0.0,-0.002389,-0.007801,-0.0,-0.0,-0.005875,0.0,-0.0,0.0,-1e-06,-0.004597,-0.005235,0.0,-0.002877,-0.002885,-0.008328,-0.008316,0.0,-0.007289,-0.0,-0.005852,-0.002272,0.0,-0.002221,-0.009068,-0.005435,-0.00547,-0.005648,-0.008213,-0.002264,-0.00115,-0.001213,0.0,-0.000575,-0.003338,-0.004051,-0.0056
2017-05-29 11:15:00+02:00,0.0,0.0,-2.7e-05,-0.005013,-3.6e-05,-0.0,-0.001534,-0.002459,-0.005048,-0.0,-0.0,0.0,-0.00525,-0.005023,-0.001969,-0.006867,-0.0,0.0,-0.0,-0.007618,0.0,-0.007402,-0.003702,0.0,-0.00757,-0.007989,-0.002236,0.0,-0.001409,-0.0,0.0,-0.004482,0.0,-0.003842,-0.004573,0.0,-0.000614,-0.003547,0.0,-0.008838,-0.002211,0.0,-0.002935,0.0,-2e-06,-0.002078,-0.00223,-0.004233,-0.002584,0.0,-0.0,-0.004209,-0.00399,-0.005023,0.0,0.0,-0.0,0.0,0.0,-0.001542,-0.004307,-0.007952,-0.004517,0.0,-0.000167,-0.007299,-0.000986,-0.004457,0.0,-0.000905,-0.002004,-0.0,0.0,-0.004056,-0.004773,0.0,-0.0,0.0,-0.002707,0.0,-0.004293,0.0,-0.00239,-0.00785,-0.0,-0.0,-0.005884,0.0,-0.0,0.0,-1e-06,-0.004613,-0.00525,0.0,-0.002889,-0.002907,-0.008352,-0.008342,0.0,-0.007333,-0.0,-0.005868,-0.002278,0.0,-0.002216,-0.009089,-0.005449,-0.005505,-0.005662,-0.008239,-0.00226,-0.001148,-0.001216,0.0,-0.00056,-0.003349,-0.004059,-0.005612
2017-05-29 11:16:00+02:00,0.0,0.0,-2.2e-05,-0.005008,-2.9e-05,-0.0,-0.001524,-0.002451,-0.005044,-0.0,-0.0,0.0,-0.005262,-0.005036,-0.00197,-0.00687,-0.0,0.0,-0.0,-0.007633,0.0,-0.007417,-0.003693,0.0,-0.007567,-0.007997,-0.002227,0.0,-0.001398,-0.0,0.0,-0.004485,0.0,-0.003848,-0.004589,0.0,-0.000599,-0.003536,0.0,-0.008857,-0.002206,0.0,-0.002925,0.0,-2e-06,-0.002061,-0.00222,-0.004235,-0.002581,0.0,-0.0,-0.004219,-0.003994,-0.005036,0.0,0.0,-0.0,0.0,0.0,-0.001526,-0.004315,-0.007967,-0.00451,0.0,-0.00015,-0.007305,-0.000975,-0.004461,0.0,-0.000894,-0.001997,-0.0,0.0,-0.004068,-0.004787,0.0,-0.0,0.0,-0.002694,0.0,-0.004295,0.0,-0.002375,-0.007863,-0.0,-0.0,-0.005889,0.0,-0.0,0.0,-1e-06,-0.004619,-0.005262,0.0,-0.002891,-0.002901,-0.008359,-0.008349,0.0,-0.007336,-0.0,-0.005867,-0.002271,0.0,-0.002209,-0.009105,-0.00546,-0.005506,-0.005658,-0.008248,-0.002254,-0.001136,-0.001208,0.0,-0.000542,-0.003339,-0.00405,-0.005622
2017-05-29 11:17:00+02:00,0.0,0.0,-1.7e-05,-0.005,-2.3e-05,-0.0,-0.001515,-0.002444,-0.005026,-0.0,-0.0,0.0,-0.00527,-0.005044,-0.001967,-0.006868,-0.0,0.0,-0.0,-0.007491,0.0,-0.007278,-0.003686,0.0,-0.007547,-0.007998,-0.002219,0.0,-0.001387,-0.0,0.0,-0.004477,0.0,-0.003846,-0.004595,0.0,-0.000582,-0.003526,0.0,-0.008857,-0.002201,0.0,-0.002849,0.0,-1e-06,-0.002045,-0.002209,-0.004146,-0.002572,0.0,-0.0,-0.004135,-0.003995,-0.005045,0.0,0.0,-0.0,0.0,0.0,-0.001514,-0.004227,-0.007965,-0.004501,0.0,-0.00012,-0.007303,-0.000966,-0.004365,0.0,-0.000887,-0.001948,-0.0,0.0,-0.003994,-0.004797,0.0,-0.0,0.0,-0.002684,0.0,-0.004293,0.0,-0.00236,-0.007861,-0.0,-0.0,-0.005888,0.0,-0.0,0.0,-1e-06,-0.00462,-0.00527,0.0,-0.002891,-0.002888,-0.008357,-0.008348,0.0,-0.007323,-0.0,-0.005862,-0.002214,0.0,-0.002203,-0.009113,-0.005465,-0.005495,-0.005651,-0.008249,-0.002249,-0.001125,-0.001165,0.0,-0.000529,-0.003258,-0.004039,-0.005626
2017-05-29 11:18:00+02:00,0.0,0.0,-1.4e-05,-0.004995,-1.8e-05,-0.0,-0.001504,-0.002432,-0.005025,-0.0,-0.0,0.0,-0.005279,-0.005055,-0.00197,-0.006867,-0.0,0.0,-0.0,-0.007537,0.0,-0.007324,-0.003673,0.0,-0.00755,-0.008,-0.002207,0.0,-0.001379,-0.0,0.0,-0.004482,0.0,-0.003853,-0.00461,0.0,-0.000576,-0.003511,0.0,-0.008872,-0.002192,0.0,-0.002868,0.0,-1e-06,-0.002035,-0.002202,-0.004167,-0.002571,0.0,-0.0,-0.004163,-0.003997,-0.005055,0.0,0.0,-0.0,0.0,0.0,-0.001497,-0.004253,-0.007979,-0.004495,0.0,-0.00012,-0.007304,-0.000954,-0.004389,0.0,-0.000876,-0.00196,-0.0,0.0,-0.004022,-0.004809,0.0,-0.0,0.0,-0.002668,0.0,-0.004292,0.0,-0.00235,-0.007874,-0.0,-0.0,-0.00589,0.0,-0.0,0.0,-0.0,-0.004623,-0.005279,0.0,-0.002893,-0.002888,-0.008356,-0.008348,0.0,-0.007329,-0.0,-0.00586,-0.002227,0.0,-0.002193,-0.009125,-0.005474,-0.005499,-0.005646,-0.008251,-0.00224,-0.001117,-0.001174,0.0,-0.000511,-0.00328,-0.004032,-0.005633
2017-05-29 11:19:00+02:00,0.0,0.0,-1.1e-05,-0.005009,-1.5e-05,-0.0,-0.001506,-0.002435,-0.005023,-0.0,-0.0,0.0,-0.005289,-0.005067,-0.001975,-0.006887,-0.0,0.0,-0.0,-0.007495,0.0,-0.007283,-0.003682,0.0,-0.007555,-0.008023,-0.00221,0.0,-0.001381,-0.0,0.0,-0.004487,0.0,-0.003861,-0.004623,0.0,-0.000574,-0.003519,0.0,-0.008887,-0.002197,0.0,-0.002848,0.0,-1e-06,-0.00204,-0.002205,-0.004135,-0.002572,0.0,-0.0,-0.004135,-0.00401,-0.005067,0.0,0.0,-0.0,0.0,0.0,-0.001501,-0.004224,-0.007992,-0.004508,0.0,-0.0001,-0.007325,-0.000956,-0.004355,0.0,-0.000878,-0.001946,-0.0,0.0,-0.004002,-0.004822,0.0,-0.0,0.0,-0.002674,0.0,-0.004303,0.0,-0.002356,-0.007887,-0.0,-0.0,-0.005892,0.0,-0.0,0.0,-0.0,-0.004636,-0.005289,0.0,-0.002905,-0.002891,-0.008376,-0.008369,0.0,-0.007337,-0.0,-0.005876,-0.002209,0.0,-0.002197,-0.009139,-0.005482,-0.005505,-0.005661,-0.008273,-0.002245,-0.001119,-0.001162,0.0,-0.000515,-0.003257,-0.004043,-0.005639
2017-05-29 11:20:00+02:00,0.0,0.0,-9e-06,-0.005028,-1.2e-05,-0.0,-0.00151,-0.002442,-0.005026,-0.0,-0.0,0.0,-0.005309,-0.005088,-0.001984,-0.006914,-0.0,0.0,-0.0,-0.007534,0.0,-0.007322,-0.003699,0.0,-0.007573,-0.008057,-0.002216,0.0,-0.001381,-0.0,0.0,-0.004499,0.0,-0.003877,-0.00465,0.0,-0.000571,-0.003534,0.0,-0.008927,-0.002206,0.0,-0.002865,0.0,-1e-06,-0.002043,-0.002207,-0.004149,-0.002578,0.0,-0.0,-0.004154,-0.004027,-0.005088,0.0,0.0,-0.0,0.0,0.0,-0.001508,-0.004243,-0.008028,-0.004524,0.0,-9.8e-05,-0.007355,-0.000958,-0.004371,0.0,-0.000881,-0.001956,-0.0,0.0,-0.004026,-0.004844,0.0,-0.0,0.0,-0.002686,0.0,-0.004317,0.0,-0.002361,-0.007922,-0.0,-0.0,-0.005904,0.0,-0.0,0.0,-0.0,-0.004654,-0.005309,0.0,-0.002919,-0.0029,-0.008408,-0.008402,0.0,-0.00736,-0.0,-0.005899,-0.002218,0.0,-0.002205,-0.009173,-0.0055,-0.005524,-0.005681,-0.008308,-0.002254,-0.001119,-0.001169,0.0,-0.000517,-0.003277,-0.004056,-0.005656
2017-05-29 11:21:00+02:00,0.0,0.0,-1.3e-05,-0.005071,-1.2e-05,-0.0,-0.001523,-0.002461,-0.005027,-0.0,-0.0,0.0,-0.005334,-0.005115,-0.001997,-0.006974,-0.0,0.0,-0.0,-0.007637,0.0,-0.007424,-0.003736,0.0,-0.007592,-0.008127,-0.002234,0.0,-0.001389,-0.0,0.0,-0.004513,0.0,-0.003897,-0.004685,0.0,-0.000571,-0.003569,0.0,-0.008985,-0.002225,0.0,-0.002921,0.0,-1e-06,-0.00206,-0.00222,-0.004198,-0.002586,0.0,-0.0,-0.004211,-0.004061,-0.005115,0.0,0.0,-0.0,0.0,0.0,-0.001525,-0.004298,-0.00808,-0.004563,0.0,-0.000122,-0.007419,-0.000967,-0.004423,0.0,-0.00089,-0.00199,-0.0,0.0,-0.004084,-0.004873,0.0,-0.0,0.0,-0.002714,0.0,-0.004349,0.0,-0.002379,-0.007973,-0.0,-0.0,-0.00592,0.0,-0.0,0.0,-0.0,-0.004691,-0.005334,0.0,-0.002947,-0.002915,-0.008477,-0.008472,0.0,-0.007391,-0.0,-0.00595,-0.002253,0.0,-0.002224,-0.009218,-0.005523,-0.005552,-0.005728,-0.008379,-0.002274,-0.001126,-0.001196,0.0,-0.000529,-0.003337,-0.00409,-0.005677
2017-05-29 11:22:00+02:00,0.0,0.0,-1.1e-05,-0.005135,-9e-06,-0.0,-0.001526,-0.002472,-0.00506,-0.0,-0.0,0.0,-0.00537,-0.005153,-0.002022,-0.007061,-0.0,0.0,-0.0,-0.00765,0.0,-0.007437,-0.003766,0.0,-0.007668,-0.008229,-0.002243,0.0,-0.001402,-0.0,0.0,-0.004555,0.0,-0.00394,-0.004746,0.0,-0.000579,-0.003594,0.0,-0.009094,-0.002238,0.0,-0.002926,0.0,-0.0,-0.002084,-0.002239,-0.00419,-0.002609,0.0,-0.0,-0.00421,-0.004109,-0.005153,0.0,0.0,-0.0,0.0,0.0,-0.001523,-0.004293,-0.008179,-0.00462,0.0,-0.000107,-0.007512,-0.000963,-0.004412,0.0,-0.000887,-0.00199,-0.0,0.0,-0.004089,-0.004914,0.0,-0.0,0.0,-0.00273,0.0,-0.004395,0.0,-0.002408,-0.008071,-0.0,-0.0,-0.005946,0.0,-0.0,0.0,-0.0,-0.004743,-0.00537,0.0,-0.002986,-0.00295,-0.008579,-0.008574,0.0,-0.00747,-0.0,-0.006025,-0.00225,0.0,-0.002235,-0.009288,-0.005558,-0.005615,-0.005798,-0.008483,-0.002287,-0.001136,-0.001193,0.0,-0.000522,-0.003343,-0.00414,-0.005709
2017-05-29 11:23:00+02:00,0.0,0.0,-8e-06,-0.005249,-7e-06,-0.0,-0.001542,-0.002502,-0.00515,-0.0,-0.0,0.0,-0.005425,-0.005212,-0.002079,-0.007212,-0.0,0.0,-0.0,-0.007721,0.0,-0.007509,-0.003834,0.0,-0.00785,-0.008404,-0.002269,0.0,-0.00143,-0.0,0.0,-0.004648,0.0,-0.004032,-0.004842,0.0,-0.000619,-0.003655,0.0,-0.009264,-0.002268,0.0,-0.002955,0.0,-0.0,-0.002138,-0.002278,-0.004203,-0.002667,0.0,-0.0,-0.004234,-0.004187,-0.005212,0.0,0.0,-0.0,0.0,0.0,-0.001539,-0.004313,-0.008378,-0.004724,0.0,-9.7e-05,-0.007672,-0.000968,-0.004425,0.0,-0.000893,-0.002002,-0.0,0.0,-0.004123,-0.004976,0.0,-0.0,0.0,-0.002774,0.0,-0.004471,0.0,-0.002468,-0.008269,-0.0,-0.0,-0.005987,0.0,-0.0,0.0,-0.0,-0.004829,-0.005425,0.0,-0.003051,-0.003039,-0.008754,-0.008751,0.0,-0.007648,-0.0,-0.006156,-0.00226,0.0,-0.002264,-0.009404,-0.00561,-0.005756,-0.00592,-0.008661,-0.002318,-0.001161,-0.001198,0.0,-0.000527,-0.003376,-0.004233,-0.005758
2017-05-29 11:24:00+02:00,0.0,0.0,-4.6e-05,-0.005419,-2.6e-05,-0.0,-0.001589,-0.002569,-0.005287,-0.0,-0.0,0.0,-0.005497,-0.005287,-0.002162,-0.007437,-0.0,0.0,-0.0,-0.007998,0.0,-0.007781,-0.003963,0.0,-0.008111,-0.008663,-0.002331,0.0,-0.001477,-0.0,0.0,-0.004786,0.0,-0.004163,-0.004947,0.0,-0.000682,-0.003776,0.0,-0.009456,-0.002333,0.0,-0.003098,0.0,-0.0,-0.002223,-0.002341,-0.00433,-0.002753,0.0,-0.0,-0.004372,-0.004307,-0.005287,0.0,0.0,-0.0,0.0,0.0,-0.001599,-0.004449,-0.008661,-0.00488,0.0,-0.000158,-0.00791,-0.000999,-0.004557,0.0,-0.000924,-0.002085,-0.0,0.0,-0.004266,-0.005054,0.0,-0.0,0.0,-0.002872,0.0,-0.004589,0.0,-0.002562,-0.00855,-0.0,-0.0,-0.006044,0.0,-0.0,0.0,-0.0,-0.00496,-0.005497,0.0,-0.003148,-0.003169,-0.009019,-0.009017,0.0,-0.007904,-0.0,-0.006351,-0.002346,0.0,-0.002327,-0.009552,-0.005678,-0.005959,-0.006105,-0.008927,-0.002384,-0.001202,-0.001262,0.0,-0.000569,-0.00353,-0.004375,-0.005823
2017-05-29 11:25:00+02:00,0.0,0.0,-5.5e-05,-0.005535,-2.4e-05,-0.0,-0.00161,-0.002603,-0.005373,-0.0,-0.0,0.0,-0.005502,-0.005296,-0.002207,-0.007584,-0.0,0.0,-0.0,-0.008196,0.0,-0.007981,-0.004037,0.0,-0.008291,-0.008833,-0.002361,0.0,-0.001502,-0.0,0.0,-0.00487,0.0,-0.004243,-0.004983,0.0,-0.000703,-0.00384,0.0,-0.009518,-0.002365,0.0,-0.00319,0.0,-0.0,-0.002273,-0.002378,-0.004417,-0.002798,0.0,-0.0,-0.004469,-0.004381,-0.005296,0.0,0.0,-0.0,0.0,0.0,-0.001624,-0.004545,-0.008839,-0.004983,0.0,-0.000187,-0.008066,-0.00101,-0.00465,0.0,-0.000936,-0.002134,-0.0,0.0,-0.004367,-0.005068,0.0,-0.0,0.0,-0.002923,0.0,-0.004661,0.0,-0.00262,-0.008731,-0.0,-0.0,-0.005996,0.0,-0.0,0.0,-0.0,-0.005041,-0.005502,0.0,-0.00321,-0.003239,-0.009185,-0.009183,0.0,-0.008065,-0.0,-0.00648,-0.002398,0.0,-0.002358,-0.009582,-0.005678,-0.006077,-0.006224,-0.009095,-0.002418,-0.001224,-0.001297,0.0,-0.000582,-0.003629,-0.004465,-0.005807
2017-05-29 11:26:00+02:00,0.0,0.0,-4.4e-05,-0.00531,-1.9e-05,-0.0,-0.001495,-0.00246,-0.005075,-0.0,-0.0,0.0,-0.00471,-0.00456,-0.002086,-0.007295,-0.0,0.0,-0.0,-0.007883,0.0,-0.007687,-0.00384,0.0,-0.008,-0.008407,-0.002224,0.0,-0.001392,-0.0,0.0,-0.004661,0.0,-0.004063,-0.004397,0.0,-0.000563,-0.00363,0.0,-0.008439,-0.002231,0.0,-0.003014,0.0,-0.0,-0.00211,-0.002242,-0.004218,-0.002642,0.0,-0.0,-0.004275,-0.004198,-0.00456,0.0,0.0,-0.0,0.0,0.0,-0.001471,-0.004345,-0.008371,-0.004767,0.0,-0.000149,-0.007766,-0.000912,-0.004444,0.0,-0.000841,-0.00201,-0.0,0.0,-0.004189,-0.004397,0.0,-0.0,0.0,-0.002738,0.0,-0.004462,0.0,-0.002455,-0.008289,-0.0,-0.0,-0.005115,0.0,-0.0,0.0,-0.0,-0.004834,-0.00471,0.0,-0.003071,-0.00304,-0.008479,-0.008474,0.0,-0.007747,-0.0,-0.006225,-0.002262,0.0,-0.002223,-0.008407,-0.004841,-0.005798,-0.005959,-0.008439,-0.002283,-0.001122,-0.001195,0.0,-0.000466,-0.003436,-0.004252,-0.004947
2017-05-29 11:27:00+02:00,0.0,0.0,-3.5e-05,-0.004827,-1.5e-05,-0.0,-0.001292,-0.002197,-0.004627,-0.0,-0.0,0.0,-0.004321,-0.004198,-0.001855,-0.006684,-0.0,0.0,-0.0,-0.00727,0.0,-0.007097,-0.003451,0.0,-0.00736,-0.007747,-0.001975,0.0,-0.001187,-0.0,0.0,-0.004253,0.0,-0.003706,-0.004064,0.0,-0.000451,-0.003237,0.0,-0.007843,-0.001987,0.0,-0.002676,0.0,-0.0,-0.001792,-0.001982,-0.003852,-0.002351,0.0,-0.0,-0.003917,-0.00383,-0.004198,0.0,0.0,-0.0,0.0,0.0,-0.001207,-0.003979,-0.007717,-0.004309,0.0,-0.000119,-0.007127,-0.000747,-0.004067,0.0,-0.000682,-0.001784,-0.0,0.0,-0.00385,-0.004064,0.0,-0.0,0.0,-0.002399,0.0,-0.004067,0.0,-0.002123,-0.007651,-0.0,-0.0,-0.004661,0.0,-0.0,0.0,-0.0,-0.00442,-0.004321,0.0,-0.002788,-0.002661,-0.007833,-0.007831,0.0,-0.007093,-0.0,-0.005681,-0.002016,0.0,-0.001977,-0.007825,-0.00443,-0.005252,-0.005417,-0.007801,-0.002035,-0.000933,-0.001016,0.0,-0.000373,-0.003069,-0.003814,-0.004518
2017-05-29 11:28:00+02:00,0.0,0.0,-2.8e-05,-0.004394,-1.2e-05,-0.0,-0.001124,-0.001957,-0.004167,-0.0,-0.0,0.0,-0.00393,-0.003836,-0.001661,-0.00611,-0.0,0.0,-0.0,-0.006647,0.0,-0.006498,-0.003101,0.0,-0.006755,-0.00711,-0.001752,0.0,-0.001029,-0.0,0.0,-0.003862,0.0,-0.003369,-0.003735,0.0,-0.00036,-0.00289,0.0,-0.007253,-0.001766,0.0,-0.002383,0.0,-0.0,-0.001556,-0.001762,-0.003485,-0.002099,0.0,-0.0,-0.003554,-0.003481,-0.003836,0.0,0.0,-0.0,0.0,0.0,-0.001008,-0.003607,-0.007084,-0.003908,0.0,-9.6e-05,-0.006522,-0.000622,-0.003683,0.0,-0.000564,-0.001582,-0.0,0.0,-0.003505,-0.003735,0.0,-0.0,0.0,-0.002114,0.0,-0.003689,0.0,-0.001868,-0.007033,-0.0,-0.0,-0.004194,0.0,-0.0,0.0,-0.0,-0.004014,-0.00393,0.0,-0.002531,-0.002359,-0.0072,-0.0072,0.0,-0.006478,-0.0,-0.005182,-0.001793,0.0,-0.001755,-0.007244,-0.004014,-0.00476,-0.004924,-0.007177,-0.001812,-0.000795,-0.000872,0.0,-0.000298,-0.002744,-0.003439,-0.004083
2017-05-29 11:29:00+02:00,0.0,0.0,-2.2e-05,-0.004029,-1e-05,-0.0,-0.000979,-0.00175,-0.003814,-0.0,-0.0,0.0,-0.003827,-0.003665,-0.001498,-0.005622,-0.0,0.0,-0.0,-0.006045,0.0,-0.005915,-0.002796,0.0,-0.006231,-0.006565,-0.001559,0.0,-0.000901,-0.0,0.0,-0.003528,0.0,-0.003082,-0.003481,0.0,-0.000288,-0.002588,0.0,-0.006766,-0.001576,0.0,-0.0021,0.0,-0.0,-0.001364,-0.00158,-0.003134,-0.001888,0.0,-0.0,-0.003207,-0.003185,-0.003732,0.0,0.0,-0.0,0.0,0.0,-0.000839,-0.003252,-0.006537,-0.003571,0.0,-7.6e-05,-0.006007,-0.000516,-0.003317,0.0,-0.000463,-0.001391,-0.0,0.0,-0.003174,-0.00354,0.0,-0.0,0.0,-0.001867,0.0,-0.00337,0.0,-0.00166,-0.006498,-0.0,-0.0,-0.004039,0.0,-0.0,0.0,-0.0,-0.003675,-0.003799,0.0,-0.002314,-0.002109,-0.006658,-0.00666,0.0,-0.005951,-0.0,-0.00476,-0.001582,0.0,-0.001564,-0.007047,-0.003893,-0.004343,-0.004509,-0.006641,-0.001619,-0.000683,-0.000736,0.0,-0.000238,-0.002431,-0.003126,-0.003929
2017-05-29 11:30:00+02:00,0.0,0.0,-4.6e-05,-0.003941,-4.4e-05,-0.0,-0.00097,-0.00169,-0.00365,-0.0,-0.0,0.0,-0.00384,-0.003641,-0.001474,-0.005439,-0.0,0.0,-0.0,-0.005777,0.0,-0.005662,-0.00274,0.0,-0.006029,-0.006339,-0.001511,0.0,-0.00091,-0.0,0.0,-0.003376,0.0,-0.002963,-0.003389,0.0,-0.000363,-0.002536,0.0,-0.006592,-0.001527,0.0,-0.002075,0.0,-6e-06,-0.001409,-0.001546,-0.00297,-0.001835,0.0,-0.0,-0.003043,-0.003058,-0.003747,0.0,0.0,-0.0,0.0,0.0,-0.000891,-0.003082,-0.006314,-0.003504,0.0,-0.000112,-0.005803,-0.000537,-0.003141,0.0,-0.000488,-0.00135,-0.0,0.0,-0.003021,-0.003495,0.0,-0.0,0.0,-0.001858,0.0,-0.003226,0.0,-0.001692,-0.006286,-0.0,-0.0,-0.004032,0.0,-0.0,0.0,-0.0,-0.003516,-0.003808,0.0,-0.002245,-0.002116,-0.006435,-0.006438,0.0,-0.005744,-0.0,-0.004627,-0.001527,0.0,-0.001516,-0.007084,-0.003908,-0.004221,-0.004381,-0.006423,-0.001568,-0.000706,-0.000738,0.0,-0.000294,-0.002383,-0.003078,-0.003921
2017-05-29 11:31:00+02:00,0.0,0.0,-4.7e-05,-0.00381,-4e-05,-0.0,-0.000939,-0.001614,-0.00347,-0.0,-0.0,0.0,-0.003816,-0.003573,-0.001424,-0.005225,-0.0,0.0,-0.0,-0.005535,0.0,-0.005433,-0.002647,0.0,-0.005777,-0.006086,-0.001446,0.0,-0.000891,-0.0,0.0,-0.003209,0.0,-0.002827,-0.00327,0.0,-0.000379,-0.002446,0.0,-0.006365,-0.001462,0.0,-0.00203,0.0,-5e-06,-0.001399,-0.001491,-0.002826,-0.001759,0.0,-0.0,-0.002899,-0.002922,-0.003722,0.0,0.0,-0.0,0.0,0.0,-0.000894,-0.002934,-0.006052,-0.003393,0.0,-0.000121,-0.00557,-0.000533,-0.002988,0.0,-0.000487,-0.001304,-0.0,0.0,-0.002885,-0.003412,0.0,-0.0,0.0,-0.001807,0.0,-0.003076,0.0,-0.001669,-0.006031,-0.0,-0.0,-0.003973,0.0,-0.0,0.0,-0.0,-0.003352,-0.003763,0.0,-0.002159,-0.002064,-0.006183,-0.006188,0.0,-0.005496,-0.0,-0.004458,-0.00147,0.0,-0.001451,-0.007035,-0.003871,-0.004052,-0.004217,-0.006176,-0.001501,-0.000699,-0.000727,0.0,-0.000304,-0.002319,-0.002983,-0.003863
2017-05-29 11:32:00+02:00,0.0,0.0,-0.000129,-0.003896,-0.000104,-0.0,-0.000988,-0.001649,-0.003503,-0.0,-0.0,0.0,-0.003991,-0.003702,-0.001479,-0.005288,-0.0,0.0,-0.0,-0.00561,0.0,-0.005512,-0.00272,0.0,-0.005849,-0.006145,-0.001484,0.0,-0.000955,-0.0,0.0,-0.003238,0.0,-0.002861,-0.003334,0.0,-0.000493,-0.002519,0.0,-0.00648,-0.001499,0.0,-0.002147,0.0,-4.2e-05,-0.001515,-0.001544,-0.002863,-0.001811,0.0,-0.0,-0.002936,-0.00295,-0.003892,0.0,0.0,-1.1e-05,0.0,0.0,-0.000994,-0.002971,-0.006118,-0.003484,0.0,-0.000214,-0.00563,-0.000589,-0.003024,0.0,-0.000543,-0.001364,-0.0,0.0,-0.002924,-0.003516,0.0,-0.0,0.0,-0.001893,0.0,-0.003102,0.0,-0.001783,-0.006099,-0.0,-0.0,-0.004141,0.0,-0.0,0.0,-1.6e-05,-0.003374,-0.003928,0.0,-0.002199,-0.00218,-0.006252,-0.006257,0.0,-0.005562,-0.0,-0.004533,-0.001528,0.0,-0.001489,-0.007335,-0.00405,-0.004136,-0.004293,-0.006246,-0.001537,-0.000766,-0.000796,0.0,-0.000391,-0.002431,-0.003078,-0.004024
2017-05-29 11:33:00+02:00,0.0,0.0,-0.00052,-0.004499,-0.000472,-0.0,-0.001275,-0.001961,-0.003884,-0.000135,-0.0,0.0,-0.004213,-0.003955,-0.001781,-0.005957,-0.000184,0.0,-2.8e-05,-0.006338,0.0,-0.006234,-0.003252,0.0,-0.006496,-0.00676,-0.00179,0.0,-0.00125,-6.9e-05,0.0,-0.003629,0.0,-0.003228,-0.003632,0.0,-0.000945,-0.003046,0.0,-0.007033,-0.001801,0.0,-0.002693,0.0,-0.000378,-0.002018,-0.001864,-0.00326,-0.00215,0.0,-0.0,-0.003333,-0.00332,-0.004107,0.0,0.0,-0.000327,0.0,0.0,-0.001459,-0.003372,-0.006732,-0.00407,0.0,-0.000619,-0.006314,-0.000861,-0.00343,0.0,-0.000811,-0.001684,-7.3e-05,0.0,-0.003311,-0.003777,0.0,-0.000232,0.0,-0.002395,0.0,-0.003484,0.0,-0.002293,-0.006702,-0.00019,-0.000227,-0.0044,0.0,-0.0,0.0,-0.000206,-0.003742,-0.004162,0.0,-0.002525,-0.002727,-0.006857,-0.006861,0.0,-0.006253,-0.0,-0.005167,-0.00186,0.0,-0.001792,-0.007712,-0.004283,-0.004768,-0.004918,-0.006846,-0.001841,-0.001054,-0.001092,0.0,-0.000805,-0.002994,-0.003649,-0.00428
2017-05-29 11:34:00+02:00,0.0,0.0,-0.000698,-0.004844,-0.000661,-0.0,-0.001431,-0.00213,-0.004068,-0.00018,-0.0,0.0,-0.004277,-0.004048,-0.001956,-0.006338,-0.000205,0.0,-2.3e-05,-0.006698,0.0,-0.006596,-0.00355,0.0,-0.006826,-0.007056,-0.001956,0.0,-0.00141,-5.5e-05,0.0,-0.003829,0.0,-0.003446,-0.003764,0.0,-0.001195,-0.003337,0.0,-0.007277,-0.001965,0.0,-0.002966,0.0,-0.000543,-0.002296,-0.002039,-0.003449,-0.002345,0.0,-0.0,-0.003523,-0.003526,-0.00417,0.0,0.0,-0.000446,0.0,0.0,-0.001716,-0.003564,-0.007029,-0.004402,0.0,-0.000808,-0.006698,-0.001009,-0.003623,0.0,-0.000957,-0.001839,-7.3e-05,0.0,-0.003501,-0.003881,0.0,-0.000311,0.0,-0.002673,0.0,-0.003696,0.0,-0.002579,-0.006995,-0.000242,-0.000281,-0.004486,0.0,-0.0,0.0,-0.000296,-0.00392,-0.004237,0.0,-0.002708,-0.003045,-0.00714,-0.007142,0.0,-0.006653,-0.0,-0.005529,-0.002021,0.0,-0.001957,-0.007817,-0.004353,-0.005139,-0.005269,-0.007127,-0.002006,-0.00121,-0.001236,0.0,-0.001026,-0.003273,-0.003969,-0.004367
2017-05-29 11:35:00+02:00,0.0,0.0,-0.000558,-0.004583,-0.000529,-0.0,-0.001313,-0.001994,-0.003894,-0.000144,-0.0,0.0,-0.004137,-0.004014,-0.001833,-0.006035,-0.000164,0.0,-1.8e-05,-0.006334,0.0,-0.006239,-0.003327,0.0,-0.006539,-0.006775,-0.001823,0.0,-0.00129,-4.4e-05,0.0,-0.003653,0.0,-0.003281,-0.00366,0.0,-0.001012,-0.003114,0.0,-0.007073,-0.001835,0.0,-0.002727,0.0,-0.000434,-0.002095,-0.001901,-0.003245,-0.002201,0.0,-0.0,-0.003323,-0.003356,-0.004031,0.0,0.0,-0.000357,0.0,0.0,-0.001536,-0.00336,-0.006763,-0.004152,0.0,-0.000646,-0.006387,-0.000903,-0.003413,0.0,-0.000852,-0.001694,-5.9e-05,0.0,-0.003308,-0.003824,0.0,-0.000248,0.0,-0.002468,0.0,-0.003517,0.0,-0.002373,-0.006735,-0.000193,-0.000225,-0.004409,0.0,-0.0,0.0,-0.000237,-0.003749,-0.004137,0.0,-0.002565,-0.002827,-0.006869,-0.006873,0.0,-0.006341,-0.0,-0.005248,-0.001868,0.0,-0.001826,-0.007503,-0.004228,-0.004865,-0.004991,-0.00686,-0.001875,-0.001095,-0.00111,0.0,-0.000851,-0.003022,-0.003726,-0.0043
2017-05-29 11:36:00+02:00,0.0,0.0,-0.000447,-0.00414,-0.000423,-0.0,-0.00114,-0.001779,-0.003574,-0.000115,-0.0,0.0,-0.003541,-0.00345,-0.001639,-0.005495,-0.000131,0.0,-1.5e-05,-0.005788,0.0,-0.005701,-0.002969,0.0,-0.006003,-0.006213,-0.001618,0.0,-0.001114,-3.5e-05,0.0,-0.003342,0.0,-0.002995,-0.003349,0.0,-0.000809,-0.002765,0.0,-0.006423,-0.001632,0.0,-0.002403,0.0,-0.000347,-0.001802,-0.001686,-0.002951,-0.001973,0.0,-0.0,-0.003029,-0.003056,-0.00345,0.0,0.0,-0.000285,0.0,0.0,-0.001284,-0.003062,-0.006227,-0.003734,0.0,-0.000517,-0.005825,-0.000754,-0.00311,0.0,-0.000708,-0.001498,-4.7e-05,0.0,-0.00302,-0.003349,0.0,-0.000199,0.0,-0.002159,0.0,-0.003202,0.0,-0.002065,-0.006207,-0.000155,-0.00018,-0.003779,0.0,-0.0,0.0,-0.00019,-0.003428,-0.003541,0.0,-0.002321,-0.002498,-0.006307,-0.006312,0.0,-0.005796,-0.0,-0.00476,-0.001659,0.0,-0.001623,-0.006415,-0.003621,-0.004408,-0.004515,-0.006302,-0.00167,-0.000931,-0.000949,0.0,-0.000681,-0.002678,-0.003332,-0.003684
2017-05-29 11:37:00+02:00,0.0,0.0,-0.000357,-0.003607,-0.000338,-0.0,-0.000923,-0.001516,-0.003183,-9.2e-05,-0.0,0.0,-0.003324,-0.003181,-0.0014,-0.004857,-0.000105,0.0,-1.2e-05,-0.00512,0.0,-0.005043,-0.002528,0.0,-0.005338,-0.00554,-0.001367,0.0,-0.000898,-2.8e-05,0.0,-0.002968,0.0,-0.002651,-0.003019,0.0,-0.000647,-0.002335,0.0,-0.005789,-0.001383,0.0,-0.001992,0.0,-0.000278,-0.001442,-0.001427,-0.002596,-0.001695,0.0,-0.0,-0.002673,-0.002705,-0.003234,0.0,0.0,-0.000228,0.0,0.0,-0.001027,-0.002701,-0.00556,-0.00323,0.0,-0.000414,-0.005163,-0.000603,-0.002742,0.0,-0.000567,-0.001253,-3.8e-05,0.0,-0.002671,-0.003065,0.0,-0.000159,0.0,-0.001774,0.0,-0.002835,0.0,-0.001686,-0.005544,-0.000124,-0.000144,-0.003516,0.0,-0.0,0.0,-0.000152,-0.003052,-0.003302,0.0,-0.002031,-0.002087,-0.005631,-0.005637,0.0,-0.005133,-0.0,-0.004179,-0.001398,0.0,-0.001373,-0.006004,-0.003388,-0.003851,-0.003949,-0.005629,-0.001418,-0.000745,-0.000759,0.0,-0.000545,-0.002245,-0.002856,-0.003423
2017-05-29 11:38:00+02:00,0.0,0.0,-0.000286,-0.003589,-0.000271,-0.0,-0.000896,-0.0015,-0.003229,-7.4e-05,-0.0,0.0,-0.003576,-0.003351,-0.0014,-0.004859,-8.4e-05,0.0,-9e-06,-0.005122,0.0,-0.005038,-0.00248,0.0,-0.005352,-0.005572,-0.001348,0.0,-0.000887,-2.3e-05,0.0,-0.003,0.0,-0.002672,-0.003087,0.0,-0.000576,-0.00229,0.0,-0.005898,-0.001366,0.0,-0.001953,0.0,-0.000222,-0.001413,-0.001425,-0.002609,-0.0017,0.0,-0.0,-0.002691,-0.002725,-0.003472,0.0,0.0,-0.000183,0.0,0.0,-0.000949,-0.002719,-0.005594,-0.003212,0.0,-0.000331,-0.005168,-0.00056,-0.002758,0.0,-0.000524,-0.001242,-3e-05,0.0,-0.002687,-0.003194,0.0,-0.000127,0.0,-0.001723,0.0,-0.002858,0.0,-0.001657,-0.00557,-9.9e-05,-0.000115,-0.003742,0.0,-0.0,0.0,-0.000121,-0.003086,-0.003526,0.0,-0.002037,-0.002068,-0.005682,-0.005688,0.0,-0.005148,-0.0,-0.004171,-0.001388,0.0,-0.001355,-0.006394,-0.003633,-0.003852,-0.003946,-0.005675,-0.001402,-0.000728,-0.000734,0.0,-0.000436,-0.002211,-0.00284,-0.003642
2017-05-29 11:39:00+02:00,0.0,0.0,-0.001138,-0.004824,-0.001096,-0.000353,-0.001609,-0.0023,-0.003809,-0.000501,-0.000107,0.0,-0.004016,-0.0038,-0.002169,-0.005891,-0.000704,0.0,-0.000449,-0.006115,0.0,-0.006018,-0.003739,0.0,-0.006221,-0.006462,-0.002126,0.0,-0.001617,-0.000351,-1.1e-05,-0.003583,0.0,-0.003257,-0.003548,0.0,-0.001655,-0.003565,0.0,-0.006736,-0.002137,0.0,-0.003179,0.0,-0.001003,-0.002584,-0.002236,-0.003318,-0.002586,0.0,-0.000168,-0.003336,-0.003334,-0.003897,-8e-06,0.0,-0.000951,0.0,0.0,-0.002017,-0.00338,-0.006463,-0.00454,0.0,-0.001202,-0.006138,-0.001215,-0.003437,0.0,-0.001166,-0.002018,-0.000377,-0.000104,-0.003269,-0.003634,0.0,-0.000838,0.0,-0.002917,0.0,-0.003491,0.0,-0.002841,-0.006409,-0.000714,-0.000774,-0.004224,-1.1e-05,-0.000154,0.0,-0.000599,-0.003652,-0.003975,0.0,-0.002708,-0.003397,-0.006577,-0.006581,0.0,-0.006136,-0.000214,-0.005325,-0.002199,0.0,-0.00213,-0.007119,-0.00409,-0.005113,-0.005183,-0.006558,-0.002177,-0.00143,-0.00143,0.0,-0.001388,-0.003498,-0.004208,-0.004118
2017-05-29 11:40:00+02:00,0.0,0.0,-0.001319,-0.005545,-0.001252,-0.000283,-0.001868,-0.002635,-0.004283,-0.000528,-8.6e-05,0.0,-0.004377,-0.004169,-0.002539,-0.006727,-0.000673,0.0,-0.000359,-0.00692,0.0,-0.006812,-0.004252,0.0,-0.006922,-0.007184,-0.002441,0.0,-0.001901,-0.000297,-9e-06,-0.00406,0.0,-0.003734,-0.003926,0.0,-0.002018,-0.004076,0.0,-0.007416,-0.002454,0.0,-0.003686,0.0,-0.001121,-0.003027,-0.00259,-0.003894,-0.003026,0.0,-0.000134,-0.003862,-0.003832,-0.004246,-6e-06,0.0,-0.001044,0.0,0.0,-0.002353,-0.003918,-0.007168,-0.005198,0.0,-0.001406,-0.006925,-0.001423,-0.00399,0.0,-0.001369,-0.002353,-0.000347,-8.3e-05,-0.003744,-0.003995,0.0,-0.000881,0.0,-0.003359,0.0,-0.004007,0.0,-0.003303,-0.007087,-0.000695,-0.000784,-0.00462,-9e-06,-0.000123,0.0,-0.000668,-0.004115,-0.004345,0.0,-0.003149,-0.00399,-0.007304,-0.007308,0.0,-0.006936,-0.000171,-0.006171,-0.002557,0.0,-0.002446,-0.007709,-0.004465,-0.006021,-0.006003,-0.007274,-0.002498,-0.00169,-0.00169,0.0,-0.001627,-0.00405,-0.004822,-0.004509
2017-05-29 11:41:00+02:00,0.0,0.0,-0.001172,-0.005774,-0.001108,-0.000226,-0.001902,-0.002725,-0.004639,-0.000423,-6.9e-05,0.0,-0.004643,-0.004441,-0.00264,-0.007177,-0.000538,0.0,-0.000287,-0.007516,0.0,-0.0074,-0.004375,0.0,-0.007438,-0.007714,-0.002518,0.0,-0.001924,-0.000238,-7e-06,-0.004419,0.0,-0.004059,-0.004206,0.0,-0.001968,-0.004189,0.0,-0.007913,-0.002535,0.0,-0.003784,0.0,-0.000949,-0.003045,-0.002662,-0.004187,-0.003157,0.0,-0.000107,-0.004193,-0.004114,-0.004503,-5e-06,0.0,-0.000835,0.0,0.0,-0.00234,-0.004251,-0.007685,-0.005377,0.0,-0.001283,-0.007442,-0.001419,-0.00432,0.0,-0.001361,-0.002434,-0.000278,-6.7e-05,-0.004083,-0.004261,0.0,-0.000705,0.0,-0.003423,0.0,-0.004306,0.0,-0.003341,-0.007584,-0.000556,-0.000627,-0.004914,-7e-06,-9.8e-05,0.0,-0.000557,-0.004463,-0.004618,0.0,-0.00331,-0.004108,-0.007838,-0.00784,0.0,-0.007529,-0.000137,-0.006488,-0.002653,0.0,-0.002525,-0.008135,-0.004743,-0.006363,-0.006293,-0.007799,-0.002582,-0.001695,-0.001713,0.0,-0.001538,-0.004176,-0.004963,-0.004799
2017-05-29 11:42:00+02:00,0.0,0.0,-0.000938,-0.005757,-0.000887,-0.000181,-0.001827,-0.002691,-0.004867,-0.000338,-5.5e-05,0.0,-0.004854,-0.004656,-0.002602,-0.007315,-0.000431,0.0,-0.00023,-0.007768,0.0,-0.007633,-0.004301,0.0,-0.007742,-0.008012,-0.002473,0.0,-0.001832,-0.00019,-6e-06,-0.004598,0.0,-0.004184,-0.004426,0.0,-0.001732,-0.004105,0.0,-0.0083,-0.002495,0.0,-0.003671,0.0,-0.000759,-0.002882,-0.002604,-0.004281,-0.003125,0.0,-8.6e-05,-0.004321,-0.004213,-0.004706,-4e-06,0.0,-0.000668,0.0,0.0,-0.002171,-0.004377,-0.008058,-0.005323,0.0,-0.001026,-0.00763,-0.001318,-0.004443,0.0,-0.001259,-0.002381,-0.000222,-5.3e-05,-0.004223,-0.00447,0.0,-0.000564,0.0,-0.003305,0.0,-0.004414,0.0,-0.003193,-0.007951,-0.000445,-0.000502,-0.005145,-6e-06,-7.9e-05,0.0,-0.000445,-0.004628,-0.004833,0.0,-0.003327,-0.003988,-0.008172,-0.008177,0.0,-0.007766,-0.00011,-0.00653,-0.002607,0.0,-0.002483,-0.008464,-0.004963,-0.006397,-0.006314,-0.008133,-0.002545,-0.00159,-0.001619,0.0,-0.001311,-0.004079,-0.00488,-0.005029
2017-05-29 11:43:00+02:00,0.0,0.0,-0.00075,-0.005678,-0.000709,-0.000145,-0.001749,-0.002643,-0.004966,-0.000271,-4.4e-05,0.0,-0.005018,-0.004824,-0.002521,-0.007352,-0.000345,0.0,-0.000184,-0.00791,0.0,-0.007762,-0.004211,0.0,-0.00786,-0.008172,-0.002418,0.0,-0.001722,-0.000152,-5e-06,-0.004667,0.0,-0.004218,-0.004599,0.0,-0.001468,-0.004005,0.0,-0.008601,-0.002445,0.0,-0.003539,0.0,-0.000607,-0.002692,-0.002518,-0.004322,-0.003041,0.0,-6.9e-05,-0.00439,-0.00425,-0.004864,-3e-06,0.0,-0.000535,0.0,0.0,-0.002008,-0.004443,-0.008237,-0.005215,0.0,-0.000821,-0.007705,-0.001221,-0.004505,0.0,-0.00116,-0.002313,-0.000178,-4.3e-05,-0.004303,-0.004635,0.0,-0.000451,0.0,-0.00318,0.0,-0.004455,0.0,-0.003016,-0.008128,-0.000356,-0.000401,-0.005325,-5e-06,-6.3e-05,0.0,-0.000356,-0.004715,-0.005001,0.0,-0.003303,-0.003804,-0.008359,-0.008366,0.0,-0.007833,-8.8e-05,-0.006494,-0.002543,0.0,-0.00243,-0.00872,-0.005133,-0.006318,-0.00626,-0.008321,-0.002496,-0.001471,-0.001519,0.0,-0.001103,-0.003959,-0.004749,-0.005207
2017-05-29 11:44:00+02:00,0.0,0.0,-0.0006,-0.005607,-0.000567,-0.000116,-0.001662,-0.002579,-0.005028,-0.000216,-3.5e-05,0.0,-0.005141,-0.004951,-0.00244,-0.007368,-0.000276,0.0,-0.000147,-0.007994,0.0,-0.007836,-0.004097,0.0,-0.007922,-0.008283,-0.002348,0.0,-0.001634,-0.000122,-4e-06,-0.004701,0.0,-0.004223,-0.004718,0.0,-0.001237,-0.003883,0.0,-0.008812,-0.002379,0.0,-0.00342,0.0,-0.000486,-0.002541,-0.002448,-0.004339,-0.002953,0.0,-5.5e-05,-0.004429,-0.004273,-0.004983,-2e-06,0.0,-0.000428,0.0,0.0,-0.001835,-0.004481,-0.008325,-0.005123,0.0,-0.000657,-0.007751,-0.001117,-0.004539,0.0,-0.001056,-0.002249,-0.000142,-3.4e-05,-0.004352,-0.004759,0.0,-0.000361,0.0,-0.003039,0.0,-0.00448,0.0,-0.002874,-0.008215,-0.000285,-0.000321,-0.005459,-4e-06,-5e-05,0.0,-0.000285,-0.004775,-0.005128,0.0,-0.003281,-0.003629,-0.008489,-0.008498,0.0,-0.007847,-7e-05,-0.006456,-0.002482,0.0,-0.002362,-0.008908,-0.005262,-0.006215,-0.006208,-0.008453,-0.002431,-0.001377,-0.001432,0.0,-0.000903,-0.003847,-0.00464,-0.005341
2017-05-29 11:45:00+02:00,0.0,0.0,-0.00048,-0.005518,-0.000454,-9.3e-05,-0.001595,-0.002527,-0.005045,-0.000173,-2.8e-05,0.0,-0.00523,-0.005043,-0.002366,-0.007339,-0.00022,0.0,-0.000118,-0.008041,0.0,-0.007877,-0.004004,0.0,-0.007924,-0.008324,-0.002292,0.0,-0.001552,-9.7e-05,-3e-06,-0.004704,0.0,-0.004208,-0.004795,0.0,-0.001048,-0.003784,0.0,-0.008943,-0.002327,0.0,-0.003325,0.0,-0.000389,-0.0024,-0.002377,-0.004345,-0.002872,0.0,-4.4e-05,-0.004452,-0.004268,-0.005069,-2e-06,0.0,-0.000342,0.0,0.0,-0.001704,-0.004501,-0.008362,-0.005019,0.0,-0.000526,-0.007743,-0.001039,-0.004556,0.0,-0.000978,-0.002199,-0.000114,-2.7e-05,-0.004382,-0.004849,0.0,-0.000289,0.0,-0.002929,0.0,-0.004476,0.0,-0.00274,-0.008253,-0.000228,-0.000257,-0.005555,-3e-06,-4e-05,0.0,-0.000228,-0.004798,-0.005219,0.0,-0.003245,-0.003474,-0.008543,-0.008555,0.0,-0.007817,-5.6e-05,-0.006389,-0.002433,0.0,-0.002308,-0.009038,-0.005354,-0.006107,-0.00613,-0.008509,-0.002379,-0.00129,-0.001366,0.0,-0.000752,-0.003756,-0.004524,-0.005438
2017-05-29 11:46:00+02:00,0.0,0.0,-0.000384,-0.005382,-0.000363,-7.4e-05,-0.001531,-0.002474,-0.004992,-0.000138,-2.2e-05,0.0,-0.005307,-0.005124,-0.002268,-0.007248,-0.000176,0.0,-9.4e-05,-0.008021,0.0,-0.007853,-0.003913,0.0,-0.007827,-0.008287,-0.002236,0.0,-0.001447,-7.8e-05,-2e-06,-0.004649,0.0,-0.004147,-0.004813,0.0,-0.000839,-0.003688,0.0,-0.008967,-0.002274,0.0,-0.003201,0.0,-0.000311,-0.002226,-0.002278,-0.004313,-0.002761,0.0,-3.5e-05,-0.004435,-0.004225,-0.005144,-2e-06,0.0,-0.000274,0.0,0.0,-0.001586,-0.004483,-0.008314,-0.004871,0.0,-0.00042,-0.007668,-0.000968,-0.004534,0.0,-0.000907,-0.002127,-9.1e-05,-2.2e-05,-0.004374,-0.004928,0.0,-0.000231,0.0,-0.002824,0.0,-0.00443,0.0,-0.002569,-0.008206,-0.000182,-0.000206,-0.005637,-2e-06,-3.2e-05,0.0,-0.000182,-0.004774,-0.005299,0.0,-0.00318,-0.003281,-0.008516,-0.008528,0.0,-0.007703,-4.5e-05,-0.006268,-0.002362,0.0,-0.002254,-0.009155,-0.005434,-0.005942,-0.006,-0.008484,-0.002326,-0.001183,-0.001284,0.0,-0.000614,-0.003634,-0.004366,-0.005521
2017-05-29 11:47:00+02:00,0.0,0.0,-0.000307,-0.0053,-0.000291,-5.9e-05,-0.001505,-0.002458,-0.00495,-0.000111,-1.8e-05,0.0,-0.005364,-0.005183,-0.002199,-0.007203,-0.000141,0.0,-7.5e-05,-0.008012,0.0,-0.007841,-0.003883,0.0,-0.007752,-0.008287,-0.002217,0.0,-0.001378,-6.2e-05,-2e-06,-0.004609,0.0,-0.004105,-0.004832,0.0,-0.000689,-0.003654,0.0,-0.008991,-0.002258,0.0,-0.003109,0.0,-0.000249,-0.00211,-0.002215,-0.004292,-0.002683,0.0,-2.8e-05,-0.004427,-0.004207,-0.005199,-1e-06,0.0,-0.000219,0.0,0.0,-0.001534,-0.004472,-0.008283,-0.004778,0.0,-0.000336,-0.007637,-0.000936,-0.00452,0.0,-0.000875,-0.002074,-7.3e-05,-1.7e-05,-0.004372,-0.004987,0.0,-0.000185,0.0,-0.002782,0.0,-0.004411,0.0,-0.002457,-0.008177,-0.000146,-0.000164,-0.005695,-2e-06,-2.6e-05,0.0,-0.000146,-0.004772,-0.005357,0.0,-0.003144,-0.003146,-0.008523,-0.008537,0.0,-0.007619,-3.6e-05,-0.006199,-0.002307,0.0,-0.002237,-0.009237,-0.005493,-0.005824,-0.005923,-0.008493,-0.002311,-0.001112,-0.001226,0.0,-0.000544,-0.003542,-0.004265,-0.005581
2017-05-29 11:48:00+02:00,0.0,0.0,-0.000246,-0.005274,-0.000232,-4.7e-05,-0.001506,-0.002466,-0.004958,-8.9e-05,-1.4e-05,0.0,-0.005416,-0.005237,-0.002172,-0.007209,-0.000113,0.0,-6e-05,-0.008009,0.0,-0.007835,-0.003894,0.0,-0.007757,-0.008328,-0.002223,0.0,-0.001347,-5e-05,-2e-06,-0.004614,0.0,-0.004103,-0.004876,0.0,-0.000616,-0.003662,0.0,-0.009062,-0.002266,0.0,-0.003044,0.0,-0.000199,-0.002058,-0.002189,-0.004275,-0.00265,0.0,-2.3e-05,-0.004422,-0.004216,-0.00525,-1e-06,0.0,-0.000175,0.0,0.0,-0.001527,-0.004465,-0.00831,-0.004745,0.0,-0.000269,-0.007653,-0.000933,-0.00451,0.0,-0.000871,-0.002037,-5.8e-05,-1.4e-05,-0.004373,-0.005041,0.0,-0.000148,0.0,-0.002784,0.0,-0.00442,0.0,-0.002407,-0.008203,-0.000117,-0.000132,-0.005747,-1e-06,-2.1e-05,0.0,-0.000117,-0.004795,-0.00541,0.0,-0.003138,-0.003086,-0.008569,-0.008584,0.0,-0.007611,-2.9e-05,-0.006185,-0.002268,0.0,-0.002244,-0.009313,-0.005545,-0.005782,-0.005903,-0.008541,-0.002319,-0.00108,-0.001186,0.0,-0.000523,-0.003476,-0.004225,-0.005635
2017-05-29 11:49:00+02:00,0.0,0.0,-0.000197,-0.005315,-0.000186,-3.8e-05,-0.001508,-0.002478,-0.004998,-7.1e-05,-1.2e-05,0.0,-0.005461,-0.005285,-0.002158,-0.007279,-9e-05,0.0,-4.8e-05,-0.008082,0.0,-0.007906,-0.003909,0.0,-0.007808,-0.008428,-0.002232,0.0,-0.001357,-4e-05,-1e-06,-0.004641,0.0,-0.004119,-0.004916,0.0,-0.000566,-0.003674,0.0,-0.009123,-0.002277,0.0,-0.003046,0.0,-0.000159,-0.002072,-0.002205,-0.004308,-0.002634,0.0,-1.8e-05,-0.004463,-0.004263,-0.005295,-1e-06,0.0,-0.00014,0.0,0.0,-0.001525,-0.004505,-0.008341,-0.004779,0.0,-0.000215,-0.007732,-0.000932,-0.004548,0.0,-0.000869,-0.002041,-4.7e-05,-1.1e-05,-0.004418,-0.005088,0.0,-0.000118,0.0,-0.00279,0.0,-0.004467,0.0,-0.002424,-0.008234,-9.3e-05,-0.000105,-0.005791,-1e-06,-1.7e-05,0.0,-9.3e-05,-0.004854,-0.005457,0.0,-0.003168,-0.003052,-0.008674,-0.00869,0.0,-0.007638,-2.3e-05,-0.006237,-0.002273,0.0,-0.002254,-0.00938,-0.005591,-0.005764,-0.005951,-0.008648,-0.00233,-0.001087,-0.001183,0.0,-0.000506,-0.00348,-0.004254,-0.005682
2017-05-29 11:50:00+02:00,0.0,0.0,-0.000157,-0.005377,-0.000151,-3e-05,-0.001531,-0.002507,-0.00508,-5.7e-05,-9e-06,0.0,-0.005497,-0.005323,-0.002185,-0.007364,-7.2e-05,0.0,-3.9e-05,-0.008176,0.0,-0.007997,-0.003955,0.0,-0.007929,-0.008537,-0.002259,0.0,-0.001384,-3.2e-05,-1e-06,-0.004711,0.0,-0.004177,-0.004989,0.0,-0.000585,-0.003719,0.0,-0.009238,-0.002305,0.0,-0.003079,0.0,-0.000127,-0.002114,-0.002236,-0.004356,-0.002663,0.0,-1.4e-05,-0.004516,-0.004318,-0.005331,-1e-06,0.0,-0.000112,0.0,0.0,-0.001556,-0.004557,-0.008456,-0.004836,0.0,-0.00019,-0.007825,-0.000951,-0.004599,0.0,-0.000888,-0.002064,-3.7e-05,-9e-06,-0.004474,-0.005126,0.0,-9.5e-05,0.0,-0.002829,0.0,-0.004523,0.0,-0.002468,-0.008347,-7.5e-05,-8.4e-05,-0.005824,-1e-06,-1.3e-05,0.0,-7.5e-05,-0.004919,-0.005494,0.0,-0.00321,-0.00309,-0.008786,-0.008804,0.0,-0.00774,-1.8e-05,-0.006308,-0.002297,0.0,-0.002282,-0.009432,-0.005627,-0.005826,-0.006019,-0.008762,-0.00236,-0.001112,-0.001199,0.0,-0.000527,-0.003517,-0.004308,-0.005718
2017-05-29 11:51:00+02:00,0.0,0.0,-0.000126,-0.005382,-0.000121,-2.4e-05,-0.001529,-0.00251,-0.005115,-4.5e-05,-7e-06,0.0,-0.005526,-0.005353,-0.002186,-0.007385,-5.8e-05,0.0,-3.1e-05,-0.008209,0.0,-0.008029,-0.003958,0.0,-0.007978,-0.008576,-0.002261,0.0,-0.00138,-2.6e-05,-1e-06,-0.00474,0.0,-0.0042,-0.005038,0.0,-0.000562,-0.00372,0.0,-0.009319,-0.002308,0.0,-0.00307,0.0,-0.000102,-0.002105,-0.002234,-0.004369,-0.002662,0.0,-1.2e-05,-0.004535,-0.004335,-0.00536,-1e-06,0.0,-9e-05,0.0,0.0,-0.001546,-0.004575,-0.008507,-0.004837,0.0,-0.000152,-0.007851,-0.000945,-0.004615,0.0,-0.000882,-0.00206,-3e-05,-7e-06,-0.004497,-0.005158,0.0,-7.6e-05,0.0,-0.002827,0.0,-0.004539,0.0,-0.002461,-0.008398,-6e-05,-6.7e-05,-0.00585,-1e-06,-1.1e-05,0.0,-6e-05,-0.004942,-0.005523,0.0,-0.003219,-0.003081,-0.008827,-0.008845,0.0,-0.007777,-1.5e-05,-0.00632,-0.002293,0.0,-0.002284,-0.009472,-0.005656,-0.005834,-0.006027,-0.008804,-0.002363,-0.001106,-0.00119,0.0,-0.000512,-0.003509,-0.004306,-0.005746
2017-05-29 11:52:00+02:00,0.0,0.0,-0.000101,-0.005371,-9.7e-05,-1.9e-05,-0.001516,-0.002501,-0.005132,-3.6e-05,-6e-06,0.0,-0.005551,-0.005381,-0.002175,-0.007387,-4.6e-05,0.0,-2.5e-05,-0.008234,0.0,-0.008053,-0.003943,0.0,-0.007999,-0.008591,-0.00225,0.0,-0.001367,-2e-05,-1e-06,-0.004752,0.0,-0.004207,-0.005064,0.0,-0.000523,-0.003702,0.0,-0.009358,-0.002299,0.0,-0.00306,0.0,-8.2e-05,-0.002083,-0.002223,-0.004378,-0.002647,0.0,-9e-06,-0.00455,-0.004341,-0.005386,-0.0,0.0,-7.2e-05,0.0,0.0,-0.001521,-0.004589,-0.008523,-0.004824,0.0,-0.000122,-0.007857,-0.00093,-0.004626,0.0,-0.000868,-0.002055,-2.4e-05,-6e-06,-0.004515,-0.005185,0.0,-6.1e-05,0.0,-0.002806,0.0,-0.004543,0.0,-0.002441,-0.008414,-4.8e-05,-5.4e-05,-0.005871,-1e-06,-8e-06,0.0,-4.8e-05,-0.004952,-0.005549,0.0,-0.003219,-0.003052,-0.008843,-0.008862,0.0,-0.007785,-1.2e-05,-0.006314,-0.002288,0.0,-0.002275,-0.009506,-0.005681,-0.005817,-0.006017,-0.008822,-0.002354,-0.001092,-0.001181,0.0,-0.000482,-0.0035,-0.00429,-0.00577
2017-05-29 11:53:00+02:00,0.0,0.0,-8.1e-05,-0.005359,-7.7e-05,-1.6e-05,-0.001503,-0.002491,-0.005134,-2.9e-05,-5e-06,0.0,-0.005574,-0.005405,-0.002159,-0.007385,-3.7e-05,0.0,-2e-05,-0.008259,0.0,-0.008078,-0.003928,0.0,-0.008003,-0.008602,-0.002239,0.0,-0.001353,-1.6e-05,-1e-06,-0.004752,0.0,-0.004205,-0.005081,0.0,-0.000479,-0.003685,0.0,-0.009378,-0.00229,0.0,-0.003053,0.0,-6.5e-05,-0.00206,-0.00221,-0.004387,-0.002626,0.0,-7e-06,-0.004564,-0.004343,-0.005409,-0.0,0.0,-5.7e-05,0.0,0.0,-0.001496,-0.004601,-0.008526,-0.004809,0.0,-9.7e-05,-0.007859,-0.000915,-0.004637,0.0,-0.000853,-0.002052,-1.9e-05,-5e-06,-0.004533,-0.00521,0.0,-4.8e-05,0.0,-0.002786,0.0,-0.004543,0.0,-0.00242,-0.008417,-3.8e-05,-4.3e-05,-0.005888,-0.0,-7e-06,0.0,-3.8e-05,-0.004958,-0.005572,0.0,-0.003217,-0.003016,-0.008853,-0.008873,0.0,-0.007778,-9e-06,-0.006305,-0.002285,0.0,-0.002265,-0.009538,-0.005702,-0.005791,-0.006006,-0.008834,-0.002345,-0.001077,-0.001173,0.0,-0.000451,-0.003495,-0.004272,-0.005791
2017-05-29 11:54:00+02:00,0.0,0.0,-6.4e-05,-0.005367,-6.2e-05,-1.2e-05,-0.001506,-0.002497,-0.00516,-2.3e-05,-4e-06,0.0,-0.005594,-0.005427,-0.002161,-0.007404,-3e-05,0.0,-1.6e-05,-0.0083,0.0,-0.00812,-0.00394,0.0,-0.008045,-0.00863,-0.002244,0.0,-0.00135,-1.3e-05,-0.0,-0.004775,0.0,-0.004226,-0.005121,0.0,-0.000464,-0.003695,0.0,-0.009443,-0.002297,0.0,-0.003066,0.0,-5.2e-05,-0.002056,-0.002209,-0.004406,-0.002626,0.0,-6e-06,-0.004588,-0.004357,-0.005431,-0.0,0.0,-4.6e-05,0.0,0.0,-0.001501,-0.004623,-0.008573,-0.004815,0.0,-7.8e-05,-0.007881,-0.000917,-0.004657,0.0,-0.000855,-0.00206,-1.5e-05,-4e-06,-0.004559,-0.005234,0.0,-3.9e-05,0.0,-0.002793,0.0,-0.004554,0.0,-0.002418,-0.008464,-3.1e-05,-3.4e-05,-0.005903,-0.0,-5e-06,0.0,-3.1e-05,-0.004974,-0.005593,0.0,-0.003226,-0.003012,-0.008881,-0.008902,0.0,-0.007811,-8e-06,-0.006318,-0.002293,0.0,-0.002271,-0.009569,-0.005721,-0.005803,-0.006015,-0.008865,-0.002352,-0.001073,-0.001177,0.0,-0.000447,-0.003509,-0.004275,-0.005809
2017-05-29 11:55:00+02:00,0.0,0.0,-5.2e-05,-0.005362,-5e-05,-1e-05,-0.001494,-0.002487,-0.005143,-1.9e-05,-3e-06,0.0,-0.005613,-0.005448,-0.002137,-0.007409,-2.4e-05,0.0,-1.3e-05,-0.008303,0.0,-0.008123,-0.003928,0.0,-0.008021,-0.008644,-0.002234,0.0,-0.001338,-1e-05,-0.0,-0.004759,0.0,-0.004209,-0.005116,0.0,-0.00041,-0.003681,0.0,-0.009426,-0.002288,0.0,-0.003053,0.0,-4.2e-05,-0.002037,-0.002199,-0.004403,-0.002595,0.0,-5e-06,-0.004589,-0.004362,-0.005451,-0.0,0.0,-3.7e-05,0.0,0.0,-0.001484,-0.004623,-0.008544,-0.004807,0.0,-6.2e-05,-0.007889,-0.000906,-0.004655,0.0,-0.000843,-0.002053,-1.2e-05,-3e-06,-0.004564,-0.005256,0.0,-3.1e-05,0.0,-0.002776,0.0,-0.004556,0.0,-0.002401,-0.008436,-2.4e-05,-2.8e-05,-0.005916,-0.0,-4e-06,0.0,-2.4e-05,-0.004981,-0.005612,0.0,-0.003227,-0.002962,-0.008893,-0.008915,0.0,-0.007779,-6e-06,-0.006316,-0.002285,0.0,-0.002262,-0.009597,-0.005739,-0.005757,-0.00601,-0.008879,-0.002343,-0.001061,-0.001165,0.0,-0.000423,-0.003497,-0.004264,-0.005826
2017-05-29 11:56:00+02:00,0.0,0.0,-4.1e-05,-0.005353,-4e-05,-8e-06,-0.001474,-0.002469,-0.005131,-1.5e-05,-2e-06,0.0,-0.005628,-0.005465,-0.002119,-0.007407,-1.9e-05,0.0,-1e-05,-0.008306,0.0,-0.008127,-0.003902,0.0,-0.008007,-0.00865,-0.002215,0.0,-0.001326,-8e-06,-0.0,-0.004747,0.0,-0.004199,-0.005115,0.0,-0.000367,-0.003651,0.0,-0.009415,-0.002271,0.0,-0.003053,0.0,-3.3e-05,-0.002019,-0.002188,-0.004402,-0.002572,0.0,-4e-06,-0.004591,-0.004363,-0.005467,-0.0,0.0,-2.9e-05,0.0,0.0,-0.001453,-0.004624,-0.008524,-0.004796,0.0,-5e-05,-0.00789,-0.000886,-0.004653,0.0,-0.000824,-0.002052,-1e-05,-2e-06,-0.004568,-0.005274,0.0,-2.5e-05,0.0,-0.002745,0.0,-0.004555,0.0,-0.002384,-0.008418,-2e-05,-2.2e-05,-0.005925,-0.0,-3e-06,0.0,-2e-05,-0.004984,-0.005627,0.0,-0.003225,-0.002925,-0.008897,-0.00892,0.0,-0.007757,-5e-06,-0.006311,-0.002284,0.0,-0.002244,-0.009619,-0.005752,-0.005723,-0.006001,-0.008886,-0.002326,-0.001048,-0.001163,0.0,-0.000388,-0.003498,-0.004251,-0.005838
2017-05-29 11:57:00+02:00,0.0,0.0,-3.3e-05,-0.005342,-3.2e-05,-6e-06,-0.001461,-0.002458,-0.005121,-1.2e-05,-2e-06,0.0,-0.005639,-0.005478,-0.002105,-0.007402,-1.5e-05,0.0,-8e-06,-0.008287,0.0,-0.008109,-0.003888,0.0,-0.007997,-0.008651,-0.002203,0.0,-0.001315,-7e-06,-0.0,-0.004739,0.0,-0.004191,-0.005115,0.0,-0.000332,-0.003634,0.0,-0.009406,-0.002261,0.0,-0.003041,0.0,-2.7e-05,-0.002,-0.002176,-0.004386,-0.002553,0.0,-3e-06,-0.004577,-0.004361,-0.00548,-0.0,0.0,-2.4e-05,0.0,0.0,-0.001436,-0.004609,-0.008509,-0.004784,0.0,-4e-05,-0.007886,-0.000875,-0.004637,0.0,-0.000813,-0.002044,-8e-06,-2e-06,-0.00456,-0.005288,0.0,-2e-05,0.0,-0.002726,0.0,-0.00455,0.0,-0.002368,-0.008404,-1.6e-05,-1.8e-05,-0.00593,-0.0,-3e-06,0.0,-1.6e-05,-0.004983,-0.005639,0.0,-0.003222,-0.002895,-0.008896,-0.008919,0.0,-0.00774,-4e-06,-0.006302,-0.002274,0.0,-0.002233,-0.009635,-0.005762,-0.005696,-0.005989,-0.008887,-0.002316,-0.001035,-0.001154,0.0,-0.000364,-0.003485,-0.004236,-0.005846
2017-05-29 11:58:00+02:00,0.0,0.0,-2.6e-05,-0.005334,-2.5e-05,-5e-06,-0.001456,-0.002454,-0.005116,-1e-05,-2e-06,0.0,-0.005649,-0.00549,-0.002097,-0.007397,-1.2e-05,0.0,-6e-06,-0.008325,0.0,-0.008148,-0.003886,0.0,-0.007995,-0.008651,-0.002199,0.0,-0.001305,-5e-06,-0.0,-0.004735,0.0,-0.004189,-0.005119,0.0,-0.000307,-0.00363,0.0,-0.009404,-0.002258,0.0,-0.003056,0.0,-2.1e-05,-0.001985,-0.002166,-0.004401,-0.00254,0.0,-2e-06,-0.004598,-0.004359,-0.005491,-0.0,0.0,-1.9e-05,0.0,0.0,-0.001428,-0.004629,-0.008504,-0.004774,0.0,-3.2e-05,-0.007883,-0.00087,-0.004654,0.0,-0.000807,-0.002053,-6e-06,-2e-06,-0.004584,-0.005302,0.0,-1.6e-05,0.0,-0.002721,0.0,-0.004546,0.0,-0.002354,-0.0084,-1.3e-05,-1.4e-05,-0.005933,-0.0,-2e-06,0.0,-1.3e-05,-0.004982,-0.005649,0.0,-0.003221,-0.002874,-0.008893,-0.008918,0.0,-0.007731,-3e-06,-0.006295,-0.002283,0.0,-0.002229,-0.00965,-0.00577,-0.005679,-0.005979,-0.008887,-0.002313,-0.001025,-0.001159,0.0,-0.000352,-0.003501,-0.004224,-0.005853
2017-05-29 11:59:00+02:00,0.0,0.0,-2.1e-05,-0.005315,-2e-05,-4e-06,-0.00145,-0.002448,-0.005131,-8e-06,-1e-06,0.0,-0.005654,-0.005497,-0.002102,-0.007379,-1e-05,0.0,-5e-06,-0.008331,0.0,-0.008155,-0.003879,0.0,-0.008024,-0.008636,-0.002192,0.0,-0.00129,-4e-06,-0.0,-0.004749,0.0,-0.004202,-0.005137,0.0,-0.000304,-0.003621,0.0,-0.009429,-0.002253,0.0,-0.003044,0.0,-1.7e-05,-0.001962,-0.002151,-0.004397,-0.002542,0.0,-2e-06,-0.004601,-0.00435,-0.005498,-0.0,0.0,-1.5e-05,0.0,0.0,-0.001418,-0.004629,-0.008525,-0.004754,0.0,-2.6e-05,-0.007866,-0.000863,-0.004653,0.0,-0.0008,-0.002045,-5e-06,-1e-06,-0.004591,-0.00531,0.0,-1.3e-05,0.0,-0.002712,0.0,-0.004534,0.0,-0.002332,-0.008422,-1e-05,-1.1e-05,-0.005925,-0.0,-2e-06,0.0,-1e-05,-0.004972,-0.005654,0.0,-0.003212,-0.002878,-0.008875,-0.008901,0.0,-0.007751,-2e-06,-0.006276,-0.002273,0.0,-0.002223,-0.009655,-0.005774,-0.005688,-0.005957,-0.008872,-0.002308,-0.00101,-0.001153,0.0,-0.000339,-0.003488,-0.004203,-0.005855
2017-05-29 12:00:00+02:00,0.0,0.0,-1.7e-05,-0.005305,-1.6e-05,-3e-06,-0.001447,-0.002445,-0.005139,-6e-06,-1e-06,0.0,-0.00566,-0.005505,-0.002103,-0.007369,-8e-06,0.0,-4e-06,-0.008334,0.0,-0.00816,-0.003878,0.0,-0.008041,-0.008628,-0.002189,0.0,-0.00128,-3e-06,-0.0,-0.004755,0.0,-0.004209,-0.005146,0.0,-0.000299,-0.003618,0.0,-0.009435,-0.002251,0.0,-0.003035,0.0,-1.4e-05,-0.001948,-0.002141,-0.004394,-0.002539,0.0,-2e-06,-0.004602,-0.004346,-0.005506,-0.0,0.0,-1.2e-05,0.0,0.0,-0.001416,-0.004629,-0.008531,-0.004742,0.0,-2e-05,-0.007857,-0.000861,-0.00465,0.0,-0.000799,-0.002037,-4e-06,-1e-06,-0.004596,-0.005319,0.0,-1e-05,0.0,-0.002711,0.0,-0.004526,0.0,-0.002318,-0.008429,-8e-06,-9e-06,-0.005925,-0.0,-1e-06,0.0,-8e-06,-0.004967,-0.005659,0.0,-0.003209,-0.002875,-0.008864,-0.00889,0.0,-0.00776,-2e-06,-0.006265,-0.002264,0.0,-0.002221,-0.009662,-0.005778,-0.005686,-0.005944,-0.008863,-0.002306,-0.001001,-0.001147,0.0,-0.000336,-0.003477,-0.00419,-0.005857
2017-05-29 12:01:00+02:00,0.0,0.0,-1.4e-05,-0.00533,-1.3e-05,-3e-06,-0.001456,-0.002454,-0.005145,-5e-06,-1e-06,0.0,-0.005671,-0.005518,-0.002103,-0.007399,-6e-06,0.0,-3e-06,-0.008301,0.0,-0.008129,-0.003896,0.0,-0.008054,-0.008661,-0.002197,0.0,-0.00129,-3e-06,-0.0,-0.00476,0.0,-0.004214,-0.005151,0.0,-0.000295,-0.003634,0.0,-0.009433,-0.002261,0.0,-0.003021,0.0,-1.1e-05,-0.001965,-0.002152,-0.004373,-0.002536,0.0,-1e-06,-0.004583,-0.004365,-0.005518,-0.0,0.0,-1e-05,0.0,0.0,-0.001431,-0.004609,-0.00853,-0.004767,0.0,-1.6e-05,-0.007888,-0.000869,-0.004629,0.0,-0.000808,-0.002027,-3e-06,-1e-06,-0.004581,-0.005333,0.0,-8e-06,0.0,-0.002728,0.0,-0.004543,0.0,-0.002337,-0.008429,-6e-06,-7e-06,-0.00593,-0.0,-1e-06,0.0,-6e-06,-0.004986,-0.00567,0.0,-0.003227,-0.002871,-0.008895,-0.008922,0.0,-0.007765,-2e-06,-0.006293,-0.002252,0.0,-0.002231,-0.009677,-0.005787,-0.005683,-0.005969,-0.008896,-0.002316,-0.001011,-0.001142,0.0,-0.000349,-0.003461,-0.004212,-0.005865
2017-05-29 12:02:00+02:00,0.0,0.0,-1.1e-05,-0.00537,-1e-05,-2e-06,-0.001469,-0.002469,-0.005176,-4e-06,-1e-06,0.0,-0.005685,-0.005533,-0.002122,-0.007446,-5e-06,0.0,-3e-06,-0.008313,0.0,-0.008142,-0.003924,0.0,-0.008108,-0.008713,-0.002211,0.0,-0.001309,-2e-06,-0.0,-0.00479,0.0,-0.004242,-0.005183,0.0,-0.000315,-0.003661,0.0,-0.009483,-0.002276,0.0,-0.00304,0.0,-9e-06,-0.001997,-0.002171,-0.004374,-0.002553,0.0,-1e-06,-0.004588,-0.004394,-0.005534,-0.0,0.0,-8e-06,0.0,0.0,-0.001451,-0.004614,-0.008577,-0.004806,0.0,-1.3e-05,-0.007937,-0.00088,-0.004631,0.0,-0.000819,-0.002038,-3e-06,-1e-06,-0.004591,-0.005351,0.0,-7e-06,0.0,-0.002752,0.0,-0.00457,0.0,-0.00237,-0.008476,-5e-06,-6e-06,-0.005938,-0.0,-1e-06,0.0,-5e-06,-0.005015,-0.005685,0.0,-0.003253,-0.002899,-0.008945,-0.008973,0.0,-0.007813,-1e-06,-0.006336,-0.002262,0.0,-0.002246,-0.0097,-0.005799,-0.005719,-0.00601,-0.008948,-0.002332,-0.001029,-0.001153,0.0,-0.000366,-0.00348,-0.00425,-0.005876
2017-05-29 12:03:00+02:00,0.0,0.0,-9e-06,-0.005403,-8e-06,-2e-06,-0.001488,-0.002491,-0.005171,-3e-06,-1e-06,0.0,-0.005699,-0.005549,-0.002118,-0.007487,-4e-06,0.0,-2e-06,-0.008381,0.0,-0.008211,-0.003964,0.0,-0.008108,-0.008759,-0.002232,0.0,-0.001324,-2e-06,-0.0,-0.004785,0.0,-0.00424,-0.005182,0.0,-0.0003,-0.003697,0.0,-0.009471,-0.002298,0.0,-0.003089,0.0,-7e-06,-0.002022,-0.002186,-0.004409,-0.002545,0.0,-1e-06,-0.004626,-0.004418,-0.005549,-0.0,0.0,-6e-06,0.0,0.0,-0.00148,-0.004651,-0.008568,-0.004838,0.0,-2.3e-05,-0.007979,-0.000897,-0.004667,0.0,-0.000836,-0.002067,-2e-06,-0.0,-0.004632,-0.005368,0.0,-5e-06,0.0,-0.002786,0.0,-0.004592,0.0,-0.002397,-0.008468,-4e-06,-5e-06,-0.005946,-0.0,-1e-06,0.0,-4e-06,-0.005041,-0.005699,0.0,-0.003274,-0.002887,-0.008989,-0.009018,0.0,-0.007806,-1e-06,-0.006371,-0.002291,0.0,-0.002267,-0.009722,-0.005811,-0.005708,-0.006043,-0.008995,-0.002354,-0.001042,-0.001177,0.0,-0.00039,-0.003531,-0.00428,-0.005886
2017-05-29 12:04:00+02:00,0.0,0.0,-7e-06,-0.005421,-7e-06,-1e-06,-0.001494,-0.002499,-0.005163,-2e-06,-0.0,0.0,-0.005708,-0.005561,-0.00211,-0.00751,-3e-06,0.0,-2e-06,-0.008438,0.0,-0.008269,-0.003981,0.0,-0.0081,-0.008787,-0.002239,0.0,-0.001327,-1e-06,-0.0,-0.004778,0.0,-0.004236,-0.005183,0.0,-0.000274,-0.003712,0.0,-0.009464,-0.002307,0.0,-0.003115,0.0,-6e-06,-0.002029,-0.002191,-0.004438,-0.002532,0.0,-1e-06,-0.00466,-0.004433,-0.005561,-0.0,0.0,-5e-06,0.0,0.0,-0.00149,-0.004683,-0.008557,-0.004854,0.0,-1.9e-05,-0.008005,-0.000902,-0.004696,0.0,-0.000841,-0.002083,-2e-06,-0.0,-0.004668,-0.005381,0.0,-4e-06,0.0,-0.002799,0.0,-0.004605,0.0,-0.002405,-0.008458,-3e-06,-4e-06,-0.005949,-0.0,-1e-06,0.0,-3e-06,-0.005057,-0.005708,0.0,-0.003288,-0.002867,-0.009015,-0.009045,0.0,-0.007793,-1e-06,-0.006392,-0.002308,0.0,-0.002275,-0.009736,-0.005819,-0.00569,-0.006061,-0.009023,-0.002363,-0.001045,-0.001187,0.0,-0.000396,-0.00356,-0.004294,-0.005892
2017-05-29 12:05:00+02:00,0.0,0.0,-6e-06,-0.005403,-5e-06,-1e-06,-0.001488,-0.002493,-0.005153,-2e-06,-0.0,0.0,-0.005713,-0.005567,-0.002101,-0.007491,-3e-06,0.0,-1e-06,-0.00846,0.0,-0.008292,-0.003975,0.0,-0.008088,-0.00877,-0.002232,0.0,-0.001314,-1e-06,-0.0,-0.004769,0.0,-0.00423,-0.005183,0.0,-0.00025,-0.003703,0.0,-0.009455,-0.002302,0.0,-0.003123,0.0,-4e-06,-0.002008,-0.002177,-0.004448,-0.002519,0.0,-1e-06,-0.004674,-0.004424,-0.005567,-0.0,0.0,-4e-06,0.0,0.0,-0.001483,-0.004696,-0.008545,-0.004835,0.0,-1.5e-05,-0.007986,-0.000897,-0.004707,0.0,-0.000836,-0.002088,-1e-06,-0.0,-0.004685,-0.005389,0.0,-3e-06,0.0,-0.002791,0.0,-0.004592,0.0,-0.002385,-0.008447,-3e-06,-3e-06,-0.005941,-0.0,-0.0,0.0,-3e-06,-0.005046,-0.005713,0.0,-0.00328,-0.002847,-0.008995,-0.009026,0.0,-0.007777,-1e-06,-0.006371,-0.002313,0.0,-0.002269,-0.00974,-0.005822,-0.005671,-0.00604,-0.009006,-0.002359,-0.001031,-0.001189,0.0,-0.000385,-0.00357,-0.004274,-0.005893
2017-05-29 12:06:00+02:00,0.0,0.0,-4e-06,-0.005364,-4e-06,-1e-06,-0.001487,-0.002492,-0.005132,-2e-06,-0.0,0.0,-0.005716,-0.005572,-0.002088,-0.007444,-2e-06,0.0,-1e-06,-0.008468,0.0,-0.008303,-0.003977,0.0,-0.00806,-0.008721,-0.00223,0.0,-0.001292,-1e-06,-0.0,-0.00475,0.0,-0.004215,-0.005173,0.0,-0.000224,-0.003702,0.0,-0.009428,-0.002301,0.0,-0.003127,0.0,-4e-06,-0.001972,-0.002152,-0.004451,-0.002501,0.0,-0.0,-0.00468,-0.004397,-0.005572,-0.0,0.0,-3e-06,0.0,0.0,-0.001487,-0.0047,-0.008516,-0.004797,0.0,-1.2e-05,-0.007938,-0.000899,-0.004709,0.0,-0.000838,-0.00209,-1e-06,-0.0,-0.004693,-0.005396,0.0,-3e-06,0.0,-0.002792,0.0,-0.004562,0.0,-0.002351,-0.00842,-2e-06,-2e-06,-0.005928,-0.0,-0.0,0.0,-2e-06,-0.005016,-0.005716,0.0,-0.003259,-0.00282,-0.008943,-0.008974,0.0,-0.007746,-1e-06,-0.006327,-0.002314,0.0,-0.002268,-0.009743,-0.005823,-0.005641,-0.005995,-0.008956,-0.002358,-0.001009,-0.001189,0.0,-0.000388,-0.003573,-0.004235,-0.00589
2017-05-29 12:07:00+02:00,0.0,0.0,-4e-06,-0.005366,-3e-06,-1e-06,-0.001494,-0.002497,-0.005125,-1e-06,-0.0,0.0,-0.00572,-0.005578,-0.002088,-0.007441,-2e-06,0.0,-1e-06,-0.008502,0.0,-0.008338,-0.003991,0.0,-0.008057,-0.008716,-0.002235,0.0,-0.001292,-1e-06,-0.0,-0.004745,0.0,-0.004214,-0.005176,0.0,-0.00022,-0.003714,0.0,-0.009424,-0.002308,0.0,-0.003151,0.0,-3e-06,-0.001974,-0.00215,-0.004466,-0.002497,0.0,-0.0,-0.0047,-0.004396,-0.005578,-0.0,0.0,-3e-06,0.0,0.0,-0.001501,-0.004718,-0.008513,-0.004798,0.0,-1.6e-05,-0.007934,-0.000906,-0.004725,0.0,-0.000846,-0.002103,-1e-06,-0.0,-0.004715,-0.005403,0.0,-2e-06,0.0,-0.002805,0.0,-0.004557,0.0,-0.002353,-0.008418,-2e-06,-2e-06,-0.005928,-0.0,-0.0,0.0,-2e-06,-0.005011,-0.005719,0.0,-0.003262,-0.002816,-0.008935,-0.008966,0.0,-0.00774,-0.0,-0.006327,-0.002327,0.0,-0.002274,-0.009748,-0.005825,-0.005635,-0.005994,-0.008949,-0.002365,-0.001009,-0.001201,0.0,-0.000401,-0.003598,-0.004236,-0.00589
2017-05-29 12:08:00+02:00,0.0,0.0,-3e-06,-0.005388,-3e-06,-1e-06,-0.001501,-0.002504,-0.005132,-1e-06,-0.0,0.0,-0.005722,-0.005582,-0.002097,-0.007465,-1e-06,0.0,-1e-06,-0.008528,0.0,-0.008366,-0.004007,0.0,-0.008078,-0.008741,-0.002241,0.0,-0.001298,-1e-06,-0.0,-0.004754,0.0,-0.004226,-0.005193,0.0,-0.000228,-0.003727,0.0,-0.009447,-0.002315,0.0,-0.003168,0.0,-2e-06,-0.001986,-0.002157,-0.004477,-0.002503,0.0,-0.0,-0.004714,-0.004409,-0.005582,-0.0,0.0,-2e-06,0.0,0.0,-0.001519,-0.004731,-0.008536,-0.004818,0.0,-1.7e-05,-0.007958,-0.000917,-0.004735,0.0,-0.000856,-0.002112,-1e-06,-0.0,-0.004732,-0.005409,0.0,-2e-06,0.0,-0.00282,0.0,-0.004569,0.0,-0.002366,-0.008443,-1e-06,-2e-06,-0.005919,-0.0,-0.0,0.0,-1e-06,-0.005025,-0.005722,0.0,-0.003276,-0.002828,-0.008957,-0.008989,0.0,-0.007756,-0.0,-0.00635,-0.002335,0.0,-0.002281,-0.009753,-0.005825,-0.005649,-0.006014,-0.008974,-0.002372,-0.001015,-0.001209,0.0,-0.000416,-0.003615,-0.004253,-0.005886
2017-05-29 12:09:00+02:00,0.0,0.0,-2e-06,-0.005397,-2e-06,-0.0,-0.00149,-0.002489,-0.005133,-1e-06,-0.0,0.0,-0.005723,-0.005585,-0.002101,-0.007476,-1e-06,0.0,-1e-06,-0.008538,0.0,-0.008378,-0.003987,0.0,-0.008087,-0.008755,-0.002226,0.0,-0.001297,-0.0,-0.0,-0.004757,0.0,-0.004231,-0.005203,0.0,-0.000231,-0.003704,0.0,-0.009456,-0.0023,0.0,-0.003176,0.0,-2e-06,-0.001986,-0.002157,-0.004479,-0.002505,0.0,-0.0,-0.00472,-0.004416,-0.005585,-0.0,0.0,-2e-06,0.0,0.0,-0.001505,-0.004735,-0.008547,-0.004825,0.0,-1.4e-05,-0.00797,-0.000907,-0.004737,0.0,-0.000847,-0.002115,-1e-06,-0.0,-0.00474,-0.005414,0.0,-1e-06,0.0,-0.002801,0.0,-0.004573,0.0,-0.002367,-0.008456,-1e-06,-1e-06,-0.005911,-0.0,-0.0,0.0,-1e-06,-0.005032,-0.005723,0.0,-0.003284,-0.002833,-0.008968,-0.009,0.0,-0.007762,-0.0,-0.006361,-0.002338,0.0,-0.002266,-0.009754,-0.005823,-0.005654,-0.006022,-0.008987,-0.002359,-0.001014,-0.001212,0.0,-0.000406,-0.003623,-0.004258,-0.005881
2017-05-29 12:10:00+02:00,0.0,0.0,-2e-06,-0.005392,-2e-06,-0.0,-0.001474,-0.002469,-0.005119,-1e-06,-0.0,0.0,-0.005718,-0.005586,-0.002094,-0.007471,-1e-06,0.0,-0.0,-0.008541,0.0,-0.008383,-0.003959,0.0,-0.00807,-0.00875,-0.002205,0.0,-0.001291,-0.0,-0.0,-0.004745,0.0,-0.004223,-0.005195,0.0,-0.000219,-0.003671,0.0,-0.009432,-0.002281,0.0,-0.003177,0.0,-1e-06,-0.001976,-0.00215,-0.004478,-0.002493,0.0,-0.0,-0.004722,-0.004415,-0.005586,-0.0,0.0,-1e-06,0.0,0.0,-0.001485,-0.004736,-0.008528,-0.004819,0.0,-1.1e-05,-0.007965,-0.000895,-0.004737,0.0,-0.000835,-0.002116,-0.0,-0.0,-0.004745,-0.005417,0.0,-1e-06,0.0,-0.002775,0.0,-0.004569,0.0,-0.002358,-0.008438,-1e-06,-1e-06,-0.005894,-0.0,-0.0,0.0,-1e-06,-0.005029,-0.005718,0.0,-0.003283,-0.002818,-0.008959,-0.008993,0.0,-0.007741,-0.0,-0.006356,-0.002337,0.0,-0.002246,-0.009731,-0.00581,-0.005634,-0.006015,-0.00898,-0.00234,-0.001007,-0.001212,0.0,-0.00039,-0.003624,-0.00425,-0.005868
2017-05-29 12:11:00+02:00,0.0,0.0,-1e-06,-0.005379,-1e-06,-0.0,-0.001468,-0.00246,-0.005098,-1e-06,-0.0,0.0,-0.005719,-0.005588,-0.002081,-0.007456,-1e-06,0.0,-0.0,-0.008528,0.0,-0.008371,-0.003948,0.0,-0.008041,-0.008734,-0.002196,0.0,-0.001282,-0.0,-0.0,-0.004726,0.0,-0.004208,-0.005181,0.0,-0.000201,-0.003657,0.0,-0.009396,-0.002272,0.0,-0.00317,0.0,-1e-06,-0.001962,-0.00214,-0.004468,-0.002476,0.0,-0.0,-0.004716,-0.004407,-0.005588,-0.0,0.0,-1e-06,0.0,0.0,-0.001482,-0.004728,-0.008496,-0.004806,0.0,-9e-06,-0.00795,-0.000892,-0.004727,0.0,-0.000833,-0.002111,-0.0,-0.0,-0.004742,-0.00542,0.0,-1e-06,0.0,-0.002765,0.0,-0.004559,0.0,-0.002345,-0.008407,-1e-06,-1e-06,-0.005892,-0.0,-0.0,0.0,-1e-06,-0.00502,-0.005719,0.0,-0.003279,-0.002793,-0.00894,-0.008974,0.0,-0.007709,-0.0,-0.006342,-0.002331,0.0,-0.002238,-0.009731,-0.005811,-0.005603,-0.005999,-0.008963,-0.002333,-0.000998,-0.001207,0.0,-0.000387,-0.003616,-0.004236,-0.005868
2017-05-29 12:12:00+02:00,0.0,0.0,-1e-06,-0.005348,-1e-06,-0.0,-0.00144,-0.002428,-0.005088,-0.0,-0.0,0.0,-0.005714,-0.005588,-0.002078,-0.007419,-1e-06,0.0,-0.0,-0.008492,0.0,-0.008338,-0.003898,0.0,-0.008029,-0.008697,-0.002163,0.0,-0.001265,-0.0,-0.0,-0.004718,0.0,-0.004203,-0.005176,0.0,-0.000197,-0.003604,0.0,-0.009378,-0.00224,0.0,-0.003155,0.0,-1e-06,-0.001935,-0.002121,-0.004447,-0.002469,0.0,-0.0,-0.004697,-0.004387,-0.005588,-0.0,0.0,-1e-06,0.0,0.0,-0.001442,-0.004708,-0.008482,-0.004775,0.0,-7e-06,-0.007913,-0.000868,-0.004704,0.0,-0.000809,-0.0021,-0.0,-0.0,-0.004726,-0.005422,0.0,-1e-06,0.0,-0.002719,0.0,-0.004536,0.0,-0.002318,-0.008395,-1e-06,-1e-06,-0.005878,-0.0,-0.0,0.0,-1e-06,-0.004998,-0.005714,0.0,-0.003263,-0.002785,-0.0089,-0.008934,0.0,-0.007694,-0.0,-0.006307,-0.002319,0.0,-0.002205,-0.009715,-0.005803,-0.00559,-0.005964,-0.008925,-0.002302,-0.000982,-0.001199,0.0,-0.000355,-0.003599,-0.004205,-0.005857
2017-05-29 12:13:00+02:00,0.0,0.0,-1e-06,-0.00533,-1e-06,-0.0,-0.001418,-0.0024,-0.005082,-0.0,-0.0,0.0,-0.005703,-0.00558,-0.002082,-0.007395,-0.0,0.0,-0.0,-0.008486,0.0,-0.008334,-0.003858,0.0,-0.008028,-0.008672,-0.002135,0.0,-0.001258,-0.0,-0.0,-0.004715,0.0,-0.004203,-0.005175,0.0,-0.000208,-0.00356,0.0,-0.009367,-0.002213,0.0,-0.003161,0.0,-1e-06,-0.001925,-0.00211,-0.004441,-0.002469,0.0,-0.0,-0.004693,-0.004374,-0.00558,-0.0,0.0,-1e-06,0.0,0.0,-0.001409,-0.004703,-0.008477,-0.004759,0.0,-9e-06,-0.007889,-0.000847,-0.004698,0.0,-0.00079,-0.002102,-0.0,-0.0,-0.004725,-0.005423,0.0,-1e-06,0.0,-0.002681,0.0,-0.004519,0.0,-0.002308,-0.008391,-0.0,-0.0,-0.005859,-0.0,-0.0,0.0,-0.0,-0.004982,-0.005703,0.0,-0.003254,-0.002791,-0.008871,-0.008906,0.0,-0.00769,-0.0,-0.006285,-0.002319,0.0,-0.002178,-0.009703,-0.005789,-0.005588,-0.005941,-0.008899,-0.002276,-0.000976,-0.001203,0.0,-0.00033,-0.003604,-0.004189,-0.005842
2017-05-29 12:14:00+02:00,0.0,0.0,-1e-06,-0.005354,-1e-06,-0.0,-0.001407,-0.002387,-0.005097,-0.0,-0.0,0.0,-0.00571,-0.005587,-0.002098,-0.007418,-0.0,0.0,-0.0,-0.00849,0.0,-0.008339,-0.003842,0.0,-0.00806,-0.008696,-0.002122,0.0,-0.001269,-0.0,-0.0,-0.004731,0.0,-0.004222,-0.005197,0.0,-0.000235,-0.003541,0.0,-0.009399,-0.002201,0.0,-0.00317,0.0,-1e-06,-0.001944,-0.00212,-0.004439,-0.002484,0.0,-0.0,-0.004694,-0.004388,-0.005587,-0.0,0.0,-1e-06,0.0,0.0,-0.001394,-0.004703,-0.008511,-0.004781,0.0,-1.2e-05,-0.007913,-0.000837,-0.004696,0.0,-0.000781,-0.002106,-0.0,-0.0,-0.004729,-0.00543,0.0,-0.0,0.0,-0.002665,0.0,-0.004531,0.0,-0.002328,-0.008426,-0.0,-0.0,-0.005865,-0.0,-0.0,0.0,-0.0,-0.004995,-0.00571,0.0,-0.003269,-0.002818,-0.008892,-0.008928,0.0,-0.007719,-0.0,-0.006309,-0.002321,0.0,-0.002165,-0.009715,-0.005796,-0.005616,-0.005963,-0.008922,-0.002264,-0.000987,-0.001208,0.0,-0.000321,-0.003612,-0.00421,-0.005848
2017-05-29 12:15:00+02:00,0.0,0.0,-1e-06,-0.005398,-1e-06,-0.0,-0.001414,-0.002394,-0.005137,-0.0,-0.0,0.0,-0.005722,-0.0056,-0.00213,-0.007467,-0.0,0.0,-0.0,-0.008514,0.0,-0.008365,-0.003859,0.0,-0.008132,-0.008748,-0.002129,0.0,-0.001287,-0.0,-0.0,-0.004771,0.0,-0.004263,-0.005248,0.0,-0.000274,-0.003556,0.0,-0.009483,-0.002209,0.0,-0.003187,0.0,-0.0,-0.001975,-0.002139,-0.004448,-0.002516,0.0,-0.0,-0.004706,-0.004416,-0.0056,-0.0,0.0,-0.0,0.0,0.0,-0.001406,-0.004715,-0.008591,-0.004822,0.0,-1.7e-05,-0.007963,-0.000843,-0.004705,0.0,-0.000787,-0.002114,-0.0,-0.0,-0.004745,-0.005444,0.0,-0.0,0.0,-0.002679,0.0,-0.004557,0.0,-0.00236,-0.008507,-0.0,-0.0,-0.005875,-0.0,-0.0,0.0,-0.0,-0.005024,-0.005722,0.0,-0.003296,-0.002868,-0.008941,-0.008978,0.0,-0.007789,-0.0,-0.006355,-0.002329,0.0,-0.002174,-0.009737,-0.005807,-0.005677,-0.006007,-0.008974,-0.002273,-0.001004,-0.001215,0.0,-0.000331,-0.003629,-0.004249,-0.005859
2017-05-29 12:16:00+02:00,0.0,0.0,-0.0,-0.005438,-0.0,-0.0,-0.001413,-0.002395,-0.00517,-0.0,-0.0,0.0,-0.005734,-0.005612,-0.002154,-0.007515,-0.0,0.0,-0.0,-0.008513,0.0,-0.008366,-0.003865,0.0,-0.008194,-0.008798,-0.002129,0.0,-0.001301,-0.0,-0.0,-0.004805,0.0,-0.004298,-0.005292,0.0,-0.000296,-0.00356,0.0,-0.009553,-0.002211,0.0,-0.003186,0.0,-0.0,-0.001999,-0.002155,-0.004444,-0.002539,0.0,-0.0,-0.004705,-0.004444,-0.005612,-0.0,0.0,-0.0,0.0,0.0,-0.001405,-0.004713,-0.008658,-0.00486,0.0,-1.4e-05,-0.008011,-0.000842,-0.0047,0.0,-0.000786,-0.002113,-0.0,-0.0,-0.004747,-0.005457,0.0,-0.0,0.0,-0.002681,0.0,-0.004583,0.0,-0.002386,-0.008574,-0.0,-0.0,-0.005883,-0.0,-0.0,0.0,-0.0,-0.005051,-0.005734,0.0,-0.003322,-0.002902,-0.008989,-0.009026,0.0,-0.007846,-0.0,-0.0064,-0.002327,0.0,-0.002175,-0.009758,-0.005818,-0.005724,-0.006048,-0.009023,-0.002274,-0.001017,-0.001212,0.0,-0.000327,-0.003629,-0.004283,-0.005869
2017-05-29 12:17:00+02:00,0.0,0.0,-0.0,-0.00543,-0.0,-0.0,-0.001393,-0.002372,-0.005187,-0.0,-0.0,0.0,-0.005744,-0.005624,-0.002163,-0.007505,-0.0,0.0,-0.0,-0.008489,0.0,-0.008345,-0.003832,0.0,-0.008229,-0.008786,-0.002109,0.0,-0.001292,-0.0,-0.0,-0.004822,0.0,-0.004316,-0.005318,0.0,-0.000294,-0.00353,0.0,-0.009592,-0.002192,0.0,-0.003165,0.0,-0.0,-0.001985,-0.002146,-0.004427,-0.002547,0.0,-0.0,-0.004691,-0.004439,-0.005624,-0.0,0.0,-0.0,0.0,0.0,-0.001373,-0.004697,-0.008695,-0.004851,0.0,-1.1e-05,-0.008002,-0.000822,-0.004683,0.0,-0.000767,-0.002099,-0.0,-0.0,-0.004736,-0.00547,0.0,-0.0,0.0,-0.00265,0.0,-0.004575,0.0,-0.002374,-0.008612,-0.0,-0.0,-0.005891,-0.0,-0.0,0.0,-0.0,-0.005043,-0.005744,0.0,-0.003319,-0.002912,-0.008973,-0.009011,0.0,-0.007877,-0.0,-0.006391,-0.002311,0.0,-0.002156,-0.009777,-0.005828,-0.005745,-0.006037,-0.00901,-0.002253,-0.001008,-0.001196,0.0,-0.000295,-0.003607,-0.004272,-0.005878
2017-05-29 12:18:00+02:00,0.0,0.0,-0.0,-0.005442,-0.0,-0.0,-0.001391,-0.002369,-0.005221,-0.0,-0.0,0.0,-0.005752,-0.005634,-0.002188,-0.007517,-0.0,0.0,-0.0,-0.008505,0.0,-0.008362,-0.003833,0.0,-0.00829,-0.008797,-0.00211,0.0,-0.001296,-0.0,-0.0,-0.004856,0.0,-0.00435,-0.005359,0.0,-0.000317,-0.003533,0.0,-0.009649,-0.002194,0.0,-0.003171,0.0,-0.0,-0.001994,-0.00215,-0.004432,-0.002571,0.0,-0.0,-0.004699,-0.004446,-0.005634,-0.0,0.0,-0.0,0.0,0.0,-0.001367,-0.004704,-0.008758,-0.004862,0.0,-9e-06,-0.008013,-0.000817,-0.004687,0.0,-0.000763,-0.002101,-0.0,-0.0,-0.004747,-0.005481,0.0,-0.0,0.0,-0.00265,0.0,-0.004579,0.0,-0.002383,-0.008676,-0.0,-0.0,-0.005895,-0.0,-0.0,0.0,-0.0,-0.005049,-0.005752,0.0,-0.003327,-0.002949,-0.008981,-0.009019,0.0,-0.007933,-0.0,-0.006403,-0.002313,0.0,-0.002157,-0.009791,-0.005835,-0.005793,-0.006046,-0.00902,-0.002252,-0.001012,-0.001196,0.0,-0.000287,-0.003613,-0.004282,-0.005884
2017-05-29 12:19:00+02:00,0.0,0.0,-0.0,-0.005445,-0.0,-0.0,-0.001389,-0.002365,-0.005259,-0.0,-0.0,0.0,-0.005754,-0.005636,-0.002216,-0.007517,-0.0,0.0,-0.0,-0.008515,0.0,-0.008373,-0.00383,0.0,-0.008358,-0.008794,-0.002108,0.0,-0.001298,-0.0,-0.0,-0.004894,0.0,-0.004387,-0.005387,0.0,-0.000349,-0.003533,0.0,-0.009685,-0.002194,0.0,-0.003174,0.0,-0.0,-0.001998,-0.00215,-0.004433,-0.002599,0.0,-0.0,-0.004704,-0.004446,-0.005636,-0.0,0.0,-0.0,0.0,0.0,-0.001362,-0.004708,-0.008824,-0.004865,0.0,-7e-06,-0.008013,-0.000814,-0.004689,0.0,-0.000759,-0.002102,-0.0,-0.0,-0.004756,-0.005485,0.0,-0.0,0.0,-0.002648,0.0,-0.004577,0.0,-0.002388,-0.008743,-0.0,-0.0,-0.005881,-0.0,-0.0,0.0,-0.0,-0.005047,-0.005754,0.0,-0.003331,-0.002991,-0.008975,-0.009013,0.0,-0.007996,-0.0,-0.006405,-0.002313,0.0,-0.002157,-0.009792,-0.005835,-0.005845,-0.006046,-0.009016,-0.00225,-0.001014,-0.001196,0.0,-0.000282,-0.003617,-0.004285,-0.00588
2017-05-29 12:20:00+02:00,0.0,0.0,-0.0,-0.005417,-0.0,-0.0,-0.001372,-0.002345,-0.00527,-0.0,-0.0,0.0,-0.005756,-0.00564,-0.002227,-0.007483,-0.0,0.0,-0.0,-0.008448,0.0,-0.00831,-0.003801,0.0,-0.008383,-0.008756,-0.00209,0.0,-0.001284,-0.0,-0.0,-0.004907,0.0,-0.004402,-0.005409,0.0,-0.000356,-0.003506,0.0,-0.009713,-0.002177,0.0,-0.003141,0.0,-0.0,-0.001976,-0.002133,-0.004397,-0.002607,0.0,-0.0,-0.004669,-0.004427,-0.00564,-0.0,0.0,-0.0,0.0,0.0,-0.001336,-0.004672,-0.00885,-0.004838,0.0,-6e-06,-0.007977,-0.000797,-0.004651,0.0,-0.000743,-0.00208,-0.0,-0.0,-0.004722,-0.005489,0.0,-0.0,0.0,-0.00262,0.0,-0.004555,0.0,-0.002366,-0.00877,-0.0,-0.0,-0.005878,-0.0,-0.0,0.0,-0.0,-0.005024,-0.005756,0.0,-0.003316,-0.003005,-0.008933,-0.008972,0.0,-0.008018,-0.0,-0.006374,-0.00229,0.0,-0.00214,-0.009794,-0.005835,-0.005862,-0.006014,-0.008976,-0.002231,-0.001001,-0.001177,0.0,-0.000258,-0.003581,-0.004258,-0.00588
2017-05-29 12:21:00+02:00,0.0,0.0,-0.0,-0.005428,-0.0,-0.0,-0.00137,-0.002342,-0.005291,-0.0,-0.0,0.0,-0.005764,-0.00565,-0.002245,-0.007493,-0.0,0.0,-0.0,-0.008433,0.0,-0.008298,-0.003801,0.0,-0.008425,-0.008765,-0.002089,0.0,-0.001289,-0.0,-0.0,-0.00493,0.0,-0.004426,-0.005437,0.0,-0.000379,-0.003506,0.0,-0.009749,-0.002177,0.0,-0.003138,0.0,-0.0,-0.001985,-0.002136,-0.004388,-0.002624,0.0,-0.0,-0.004662,-0.004433,-0.00565,-0.0,0.0,-0.0,0.0,0.0,-0.001332,-0.004664,-0.00889,-0.004848,0.0,-5e-06,-0.007987,-0.000794,-0.004641,0.0,-0.000741,-0.002077,-0.0,-0.0,-0.004718,-0.005501,0.0,-0.0,0.0,-0.00262,0.0,-0.004559,0.0,-0.002375,-0.008811,-0.0,-0.0,-0.005884,-0.0,-0.0,0.0,-0.0,-0.005028,-0.005764,0.0,-0.003324,-0.003033,-0.008939,-0.008979,0.0,-0.008056,-0.0,-0.006384,-0.002285,0.0,-0.002139,-0.009808,-0.005843,-0.005895,-0.006022,-0.008984,-0.00223,-0.001005,-0.001174,0.0,-0.000255,-0.003578,-0.004267,-0.005887
2017-05-29 12:22:00+02:00,0.0,0.0,-0.0,-0.005448,-0.0,-0.0,-0.001374,-0.002347,-0.005292,-0.0,-0.0,0.0,-0.005775,-0.005662,-0.002246,-0.007515,-0.0,0.0,-0.0,-0.008417,0.0,-0.008286,-0.003813,0.0,-0.008433,-0.008788,-0.002094,0.0,-0.001296,-0.0,-0.0,-0.004932,0.0,-0.004429,-0.005441,0.0,-0.000374,-0.003517,0.0,-0.009751,-0.002183,0.0,-0.003129,0.0,-0.0,-0.001998,-0.002144,-0.004378,-0.002622,0.0,-0.0,-0.004655,-0.004446,-0.005662,-0.0,0.0,-0.0,0.0,0.0,-0.001338,-0.004656,-0.008887,-0.004867,0.0,-4e-06,-0.008009,-0.000797,-0.00463,0.0,-0.000744,-0.002071,-0.0,-0.0,-0.004712,-0.005514,0.0,-0.0,0.0,-0.002629,0.0,-0.00457,0.0,-0.002389,-0.00881,-0.0,-0.0,-0.005891,-0.0,-0.0,0.0,-0.0,-0.005041,-0.005775,0.0,-0.003338,-0.003031,-0.00896,-0.009,0.0,-0.00806,-0.0,-0.006406,-0.002278,0.0,-0.002146,-0.009825,-0.005851,-0.005893,-0.006042,-0.009007,-0.002236,-0.001012,-0.001167,0.0,-0.000259,-0.003568,-0.004284,-0.005895
2017-05-29 12:23:00+02:00,0.0,0.0,-0.0,-0.005481,-0.0,-0.0,-0.001386,-0.002361,-0.00531,-0.0,-0.0,0.0,-0.005787,-0.005676,-0.002258,-0.007553,-0.0,0.0,-0.0,-0.008418,0.0,-0.008288,-0.003841,0.0,-0.008469,-0.008829,-0.002109,0.0,-0.001308,-0.0,-0.0,-0.00495,0.0,-0.004448,-0.005464,0.0,-0.000379,-0.003544,0.0,-0.009789,-0.002199,0.0,-0.003124,0.0,-0.0,-0.002019,-0.002157,-0.004375,-0.002631,0.0,-0.0,-0.004656,-0.004469,-0.005676,-0.0,0.0,-0.0,0.0,0.0,-0.001357,-0.004655,-0.008919,-0.004898,0.0,-3e-06,-0.008049,-0.000808,-0.004627,0.0,-0.000756,-0.002066,-0.0,-0.0,-0.004715,-0.00553,0.0,-0.0,0.0,-0.002653,0.0,-0.004591,0.0,-0.002411,-0.008842,-0.0,-0.0,-0.0059,-0.0,-0.0,0.0,-0.0,-0.005063,-0.005787,0.0,-0.003359,-0.003045,-0.008997,-0.009039,0.0,-0.008091,-0.0,-0.006441,-0.002273,0.0,-0.002161,-0.009846,-0.005862,-0.005914,-0.006075,-0.009047,-0.002251,-0.001023,-0.001162,0.0,-0.000276,-0.003563,-0.004313,-0.005905
2017-05-29 12:24:00+02:00,0.0,0.0,-0.0,-0.005499,-0.0,-0.0,-0.001397,-0.002374,-0.005321,-0.0,-0.0,0.0,-0.005798,-0.005688,-0.00226,-0.007577,-0.0,0.0,-0.0,-0.008419,0.0,-0.008291,-0.003866,0.0,-0.008496,-0.008855,-0.002121,0.0,-0.001309,-0.0,-0.0,-0.004963,0.0,-0.004461,-0.005485,0.0,-0.000369,-0.003568,0.0,-0.009821,-0.002214,0.0,-0.003104,0.0,-0.0,-0.002021,-0.00216,-0.004369,-0.002631,0.0,-0.0,-0.004654,-0.004483,-0.005688,-0.0,0.0,-0.0,0.0,0.0,-0.001374,-0.004652,-0.008943,-0.004913,0.0,-2e-06,-0.008073,-0.000817,-0.004622,0.0,-0.000765,-0.002053,-0.0,-0.0,-0.004718,-0.005544,0.0,-0.0,0.0,-0.002674,0.0,-0.004603,0.0,-0.002416,-0.008867,-0.0,-0.0,-0.005906,-0.0,-0.0,0.0,-0.0,-0.005077,-0.005798,0.0,-0.003372,-0.003043,-0.009021,-0.009063,0.0,-0.008111,-0.0,-0.006462,-0.002259,0.0,-0.002175,-0.009864,-0.005871,-0.005923,-0.006093,-0.009073,-0.002265,-0.001023,-0.001148,0.0,-0.000289,-0.003543,-0.004324,-0.005914
2017-05-29 12:25:00+02:00,0.0,0.0,-0.0,-0.0055,-0.0,-0.0,-0.001392,-0.002365,-0.00534,-0.0,-0.0,0.0,-0.005809,-0.005701,-0.00227,-0.007579,-0.0,0.0,-0.0,-0.008395,0.0,-0.008269,-0.003855,0.0,-0.008533,-0.008855,-0.002116,0.0,-0.001304,-0.0,-0.0,-0.004982,0.0,-0.004481,-0.005511,0.0,-0.000369,-0.00356,0.0,-0.009853,-0.002209,0.0,-0.003066,0.0,-0.0,-0.002014,-0.002156,-0.00435,-0.002639,0.0,-0.0,-0.004639,-0.004485,-0.005701,-0.0,0.0,-0.0,0.0,0.0,-0.001367,-0.004635,-0.00898,-0.004913,0.0,-2e-06,-0.008075,-0.000812,-0.004603,0.0,-0.00076,-0.002029,-0.0,-0.0,-0.004707,-0.005558,0.0,-0.0,0.0,-0.002667,0.0,-0.004602,0.0,-0.00241,-0.008905,-0.0,-0.0,-0.005913,-0.0,-0.0,0.0,-0.0,-0.005076,-0.005809,0.0,-0.003375,-0.003054,-0.009017,-0.00906,0.0,-0.008144,-0.0,-0.006464,-0.002234,0.0,-0.002171,-0.009882,-0.005881,-0.005944,-0.006093,-0.009071,-0.002258,-0.001018,-0.001124,0.0,-0.00028,-0.003504,-0.004322,-0.005923
2017-05-29 12:26:00+02:00,0.0,0.0,-0.0,-0.005547,-0.0,-0.0,-0.001417,-0.002393,-0.005398,-0.0,-0.0,0.0,-0.005824,-0.005718,-0.002313,-0.007634,-0.0,0.0,-0.0,-0.008448,0.0,-0.008323,-0.003906,0.0,-0.008636,-0.008916,-0.002143,0.0,-0.001322,-0.0,-0.0,-0.005041,0.0,-0.004539,-0.005539,0.0,-0.000414,-0.003609,0.0,-0.009889,-0.002238,0.0,-0.003103,0.0,-0.0,-0.002046,-0.002177,-0.004376,-0.002682,0.0,-0.0,-0.004669,-0.004518,-0.005718,-0.0,0.0,-0.0,0.0,0.0,-0.001407,-0.004665,-0.009091,-0.004957,0.0,-1e-06,-0.008132,-0.000835,-0.00463,0.0,-0.000784,-0.002051,-0.0,-0.0,-0.00474,-0.005577,0.0,-0.0,0.0,-0.002712,0.0,-0.004634,0.0,-0.002443,-0.009015,-0.0,-0.0,-0.005924,-0.0,-0.0,0.0,-0.0,-0.00511,-0.005824,0.0,-0.003405,-0.003119,-0.009076,-0.00912,0.0,-0.008243,-0.0,-0.006515,-0.002256,0.0,-0.0022,-0.009908,-0.005895,-0.006029,-0.006141,-0.009133,-0.002287,-0.001035,-0.001141,0.0,-0.000315,-0.003543,-0.004363,-0.005935
2017-05-29 12:27:00+02:00,0.0,0.0,-0.0,-0.005574,-0.0,-0.0,-0.001431,-0.002412,-0.005439,-0.0,-0.0,0.0,-0.005839,-0.005735,-0.002339,-0.007672,-0.0,0.0,-0.0,-0.008511,0.0,-0.008385,-0.003941,0.0,-0.008709,-0.008961,-0.002161,0.0,-0.001325,-0.0,-0.0,-0.005082,0.0,-0.004581,-0.005565,0.0,-0.00043,-0.003641,0.0,-0.009922,-0.002257,0.0,-0.003125,0.0,-0.0,-0.002052,-0.002184,-0.004402,-0.002707,0.0,-0.0,-0.004699,-0.004541,-0.005735,-0.0,0.0,-0.0,0.0,0.0,-0.001432,-0.004694,-0.009171,-0.00498,0.0,-1e-06,-0.008173,-0.00085,-0.004658,0.0,-0.000797,-0.002065,-0.0,-0.0,-0.004776,-0.005595,0.0,-0.0,0.0,-0.00274,0.0,-0.004655,0.0,-0.002452,-0.009096,-0.0,-0.0,-0.005934,-0.0,-0.0,0.0,-0.0,-0.005135,-0.005839,0.0,-0.003424,-0.003154,-0.009118,-0.009164,0.0,-0.008312,-0.0,-0.006547,-0.00227,0.0,-0.002218,-0.009932,-0.005908,-0.006083,-0.006169,-0.009178,-0.002307,-0.001036,-0.001149,0.0,-0.000329,-0.003568,-0.004382,-0.005948
2017-05-29 12:28:00+02:00,0.0,0.0,-0.0,-0.005576,-0.0,-0.0,-0.001424,-0.002405,-0.005457,-0.0,-0.0,0.0,-0.005847,-0.005744,-0.002348,-0.00768,-0.0,0.0,-0.0,-0.00855,0.0,-0.008424,-0.003931,0.0,-0.008743,-0.008974,-0.002152,0.0,-0.001316,-0.0,-0.0,-0.005101,0.0,-0.0046,-0.005581,0.0,-0.000425,-0.003628,0.0,-0.009938,-0.00225,0.0,-0.00313,0.0,-0.0,-0.002036,-0.002177,-0.004416,-0.002714,0.0,-0.0,-0.004716,-0.004547,-0.005744,-0.0,0.0,-0.0,0.0,0.0,-0.001423,-0.004712,-0.009209,-0.004979,0.0,-1e-06,-0.008183,-0.000844,-0.004673,0.0,-0.000791,-0.002068,-0.0,-0.0,-0.0048,-0.005606,0.0,-0.0,0.0,-0.002728,0.0,-0.004659,0.0,-0.002439,-0.009135,-0.0,-0.0,-0.005937,-0.0,-0.0,0.0,-0.0,-0.005142,-0.005847,0.0,-0.003429,-0.003162,-0.009129,-0.009175,0.0,-0.008343,-0.0,-0.006551,-0.002273,0.0,-0.002211,-0.009943,-0.005914,-0.006103,-0.006171,-0.009191,-0.0023,-0.001026,-0.001148,0.0,-0.000314,-0.003574,-0.004377,-0.005953
2017-05-29 12:29:00+02:00,0.0,0.0,-0.0,-0.005541,-0.0,-0.0,-0.0014,-0.002377,-0.005415,-0.0,-0.0,0.0,-0.005792,-0.005697,-0.002318,-0.007641,-0.0,0.0,-0.0,-0.008536,0.0,-0.00841,-0.003887,0.0,-0.008678,-0.008933,-0.002124,0.0,-0.001295,-0.0,-0.0,-0.005063,0.0,-0.004566,-0.005564,0.0,-0.00038,-0.00358,0.0,-0.009839,-0.002223,0.0,-0.003115,0.0,-0.0,-0.002002,-0.002155,-0.004404,-0.002678,0.0,-0.0,-0.004707,-0.004527,-0.005697,-0.0,0.0,-0.0,0.0,0.0,-0.001392,-0.004702,-0.009139,-0.004943,0.0,-1e-06,-0.008143,-0.000825,-0.004662,0.0,-0.000772,-0.002059,-0.0,-0.0,-0.004796,-0.005567,0.0,-0.0,0.0,-0.002688,0.0,-0.004637,0.0,-0.002405,-0.009067,-0.0,-0.0,-0.005858,-0.0,-0.0,0.0,-0.0,-0.00512,-0.005792,0.0,-0.003412,-0.003108,-0.009085,-0.009132,0.0,-0.008274,-0.0,-0.006514,-0.002263,0.0,-0.002183,-0.00982,-0.005852,-0.006039,-0.006132,-0.009149,-0.002273,-0.001005,-0.001139,0.0,-0.000284,-0.003559,-0.004341,-0.005887
2017-05-29 12:30:00+02:00,0.0,0.0,-0.0,-0.005507,-0.0,-0.0,-0.001369,-0.002341,-0.005365,-0.0,-0.0,0.0,-0.005811,-0.005716,-0.002281,-0.007604,-0.0,0.0,-0.0,-0.008497,0.0,-0.008372,-0.003832,0.0,-0.008605,-0.008895,-0.002088,0.0,-0.001273,-0.0,-0.0,-0.005017,0.0,-0.004524,-0.005535,0.0,-0.000326,-0.003523,0.0,-0.009796,-0.002188,0.0,-0.003081,0.0,-0.0,-0.001967,-0.002133,-0.004377,-0.002636,0.0,-0.0,-0.004682,-0.004505,-0.005716,-0.0,0.0,-0.0,0.0,0.0,-0.001346,-0.004676,-0.009059,-0.004909,0.0,-1e-06,-0.008106,-0.000797,-0.004634,0.0,-0.000744,-0.002037,-0.0,-0.0,-0.004775,-0.005587,0.0,-0.0,0.0,-0.002635,0.0,-0.004613,0.0,-0.00237,-0.008988,-0.0,-0.0,-0.005876,-0.0,-0.0,0.0,-0.0,-0.005096,-0.005811,0.0,-0.003394,-0.003044,-0.009044,-0.009092,0.0,-0.008198,-0.0,-0.006479,-0.00224,0.0,-0.002148,-0.009855,-0.00587,-0.005965,-0.006095,-0.009111,-0.002239,-0.000983,-0.001118,0.0,-0.000238,-0.003524,-0.004305,-0.005905
2017-05-29 12:31:00+02:00,0.0,0.0,-0.0,-0.005582,-0.0,-0.0,-0.001393,-0.00237,-0.005322,-0.0,-0.0,0.0,-0.005825,-0.005731,-0.002254,-0.007686,-0.0,0.0,-0.0,-0.008511,0.0,-0.008387,-0.003882,0.0,-0.008545,-0.008983,-0.002116,0.0,-0.001309,-0.0,-0.0,-0.004977,0.0,-0.004487,-0.005497,0.0,-0.000291,-0.003572,0.0,-0.009736,-0.002217,0.0,-0.003105,0.0,-0.0,-0.002029,-0.002171,-0.004384,-0.002602,0.0,-0.0,-0.004688,-0.004554,-0.005731,-0.0,0.0,-0.0,0.0,0.0,-0.001386,-0.004683,-0.008965,-0.004981,0.0,-0.0,-0.00819,-0.00082,-0.004639,0.0,-0.000768,-0.002051,-0.0,-0.0,-0.004785,-0.005602,0.0,-0.0,0.0,-0.00268,0.0,-0.004661,0.0,-0.002433,-0.008897,-0.0,-0.0,-0.005888,-0.0,-0.0,0.0,-0.0,-0.005147,-0.005825,0.0,-0.00344,-0.002998,-0.009129,-0.009178,0.0,-0.008131,-0.0,-0.006557,-0.002252,0.0,-0.002178,-0.009882,-0.005884,-0.005901,-0.006171,-0.009198,-0.002268,-0.001019,-0.001131,0.0,-0.000272,-0.003548,-0.004376,-0.005918
2017-05-29 12:32:00+02:00,0.0,0.0,-0.0,-0.005627,-0.0,-0.0,-0.001401,-0.002382,-0.005257,-0.0,-0.0,0.0,-0.005838,-0.005746,-0.00221,-0.007734,-0.0,0.0,-0.0,-0.008502,0.0,-0.00838,-0.003906,0.0,-0.008449,-0.009031,-0.002128,0.0,-0.00133,-0.0,-0.0,-0.004914,0.0,-0.004428,-0.005436,0.0,-0.000233,-0.003595,0.0,-0.009632,-0.00223,0.0,-0.003105,0.0,-0.0,-0.002065,-0.002193,-0.004377,-0.00255,0.0,-0.0,-0.004682,-0.004582,-0.005746,-0.0,0.0,-0.0,0.0,0.0,-0.001395,-0.004677,-0.008838,-0.005025,0.0,-0.0,-0.008238,-0.000825,-0.004632,0.0,-0.000773,-0.00205,-0.0,-0.0,-0.004783,-0.005617,0.0,-0.0,0.0,-0.002696,0.0,-0.004687,0.0,-0.002471,-0.008772,-0.0,-0.0,-0.005899,-0.0,-0.0,0.0,-0.0,-0.005174,-0.005838,0.0,-0.003468,-0.002922,-0.009174,-0.009224,0.0,-0.008026,-0.0,-0.006604,-0.00225,0.0,-0.002191,-0.009908,-0.005897,-0.005805,-0.006216,-0.009246,-0.002281,-0.00104,-0.00113,0.0,-0.000277,-0.003548,-0.004418,-0.005931
2017-05-29 12:33:00+02:00,0.0,0.0,-0.0,-0.005665,-0.0,-0.0,-0.001417,-0.002401,-0.005215,-0.0,-0.0,0.0,-0.005851,-0.00576,-0.002182,-0.007773,-0.0,0.0,-0.0,-0.008533,0.0,-0.008414,-0.003943,0.0,-0.008389,-0.009069,-0.002148,0.0,-0.001347,-0.0,-0.0,-0.004873,0.0,-0.004391,-0.005399,0.0,-0.000193,-0.00363,0.0,-0.009569,-0.002251,0.0,-0.003134,0.0,-0.0,-0.002095,-0.00221,-0.004393,-0.002516,0.0,-0.0,-0.0047,-0.004604,-0.00576,-0.0,0.0,-0.0,0.0,0.0,-0.001416,-0.004694,-0.008757,-0.005062,0.0,-0.0,-0.008277,-0.000837,-0.004647,0.0,-0.000785,-0.002066,-0.0,-0.0,-0.004803,-0.005632,0.0,-0.0,0.0,-0.002726,0.0,-0.004708,0.0,-0.002502,-0.008693,-0.0,-0.0,-0.005909,-0.0,-0.0,0.0,-0.0,-0.005195,-0.005851,0.0,-0.003491,-0.002875,-0.009211,-0.009261,0.0,-0.007959,-0.0,-0.006643,-0.002266,0.0,-0.002212,-0.009934,-0.005909,-0.005744,-0.006252,-0.009284,-0.002301,-0.001056,-0.001145,0.0,-0.000296,-0.003577,-0.004452,-0.005942
2017-05-29 12:34:00+02:00,0.0,0.0,-0.0,-0.005676,-0.0,-0.0,-0.001418,-0.002402,-0.005139,-0.0,-0.0,0.0,-0.005809,-0.005723,-0.002143,-0.007776,-0.0,0.0,-0.0,-0.008535,0.0,-0.008418,-0.003948,0.0,-0.008275,-0.009069,-0.00215,0.0,-0.001355,-0.0,-0.0,-0.004805,0.0,-0.004331,-0.005341,0.0,-0.000155,-0.003636,0.0,-0.009465,-0.002254,0.0,-0.003151,0.0,-0.0,-0.002109,-0.002216,-0.004394,-0.002469,0.0,-0.0,-0.004704,-0.004607,-0.005723,-0.0,0.0,-0.0,0.0,0.0,-0.001417,-0.004697,-0.00864,-0.005073,0.0,-0.0,-0.008279,-0.000837,-0.004648,0.0,-0.000786,-0.002075,-0.0,-0.0,-0.004808,-0.005603,0.0,-0.0,0.0,-0.00273,0.0,-0.004709,0.0,-0.002516,-0.00858,-0.0,-0.0,-0.005849,-0.0,-0.0,0.0,-0.0,-0.005195,-0.005809,0.0,-0.003498,-0.00281,-0.009207,-0.009258,0.0,-0.007846,-0.0,-0.00665,-0.002274,0.0,-0.002215,-0.009862,-0.005862,-0.005653,-0.006259,-0.009283,-0.002303,-0.001064,-0.001155,0.0,-0.000298,-0.003592,-0.004463,-0.005893
2017-05-29 12:35:00+02:00,0.0,0.0,-0.0,-0.005646,-0.0,-0.0,-0.001398,-0.002381,-0.00506,-0.0,-0.0,0.0,-0.005832,-0.005747,-0.002096,-0.007741,-0.0,0.0,-0.0,-0.008507,0.0,-0.008392,-0.003918,0.0,-0.008158,-0.009029,-0.002128,0.0,-0.001337,-0.0,-0.0,-0.004733,0.0,-0.004267,-0.00528,0.0,-0.000124,-0.003603,0.0,-0.009358,-0.002234,0.0,-0.003139,0.0,-0.0,-0.002082,-0.002196,-0.004376,-0.002415,0.0,-0.0,-0.004687,-0.004585,-0.005747,-0.0,0.0,-0.0,0.0,0.0,-0.001388,-0.004679,-0.008523,-0.005043,0.0,-0.0,-0.008242,-0.000819,-0.004629,0.0,-0.000768,-0.002066,-0.0,-0.0,-0.004793,-0.005609,0.0,-0.0,0.0,-0.002699,0.0,-0.004684,0.0,-0.00249,-0.008465,-0.0,-0.0,-0.005871,-0.0,-0.0,0.0,-0.0,-0.005169,-0.005832,0.0,-0.003482,-0.00273,-0.009165,-0.009216,0.0,-0.007731,-0.0,-0.006617,-0.002263,0.0,-0.002195,-0.009906,-0.005885,-0.005555,-0.006225,-0.009242,-0.002283,-0.001047,-0.001148,0.0,-0.000269,-0.003579,-0.004433,-0.005916
2017-05-29 12:36:00+02:00,0.0,0.0,-0.0,-0.005711,-0.0,-0.0,-0.001428,-0.002414,-0.005057,-0.0,-0.0,0.0,-0.005849,-0.005764,-0.002101,-0.007811,-0.0,0.0,-0.0,-0.00854,0.0,-0.008427,-0.003976,0.0,-0.008162,-0.009103,-0.002159,0.0,-0.001367,-0.0,-0.0,-0.004733,0.0,-0.004271,-0.00529,0.0,-0.000122,-0.003658,0.0,-0.009374,-0.002266,0.0,-0.003174,0.0,-0.0,-0.002134,-0.002228,-0.004394,-0.002417,0.0,-0.0,-0.004707,-0.004626,-0.005764,-0.0,0.0,-0.0,0.0,0.0,-0.001439,-0.004699,-0.008528,-0.005106,0.0,-0.0,-0.008314,-0.000848,-0.004647,0.0,-0.000798,-0.002086,-0.0,-0.0,-0.004814,-0.00563,0.0,-0.0,0.0,-0.002752,0.0,-0.004725,0.0,-0.002543,-0.008471,-0.0,-0.0,-0.005886,-0.0,-0.0,0.0,-0.0,-0.005211,-0.005849,0.0,-0.003521,-0.002737,-0.009237,-0.009289,0.0,-0.007734,-0.0,-0.006685,-0.002282,0.0,-0.002228,-0.009936,-0.005901,-0.00556,-0.006291,-0.009317,-0.002316,-0.001076,-0.001167,0.0,-0.000314,-0.003615,-0.004493,-0.005932
2017-05-29 12:37:00+02:00,0.0,0.0,-0.0,-0.005735,-0.0,-0.0,-0.00144,-0.002427,-0.00504,-0.0,-0.0,0.0,-0.005865,-0.005782,-0.002093,-0.007838,-0.0,0.0,-0.0,-0.008543,0.0,-0.008431,-0.004002,0.0,-0.008144,-0.009132,-0.002172,0.0,-0.001374,-0.0,-0.0,-0.00472,0.0,-0.004261,-0.005285,0.0,-9.7e-05,-0.003682,0.0,-0.009362,-0.00228,0.0,-0.003178,0.0,-0.0,-0.002147,-0.002236,-0.004393,-0.002404,0.0,-0.0,-0.004709,-0.004642,-0.005782,-0.0,0.0,-0.0,0.0,0.0,-0.00146,-0.0047,-0.008506,-0.005128,0.0,-0.0,-0.008342,-0.00086,-0.004646,0.0,-0.00081,-0.002087,-0.0,-0.0,-0.004818,-0.005651,0.0,-0.0,0.0,-0.002774,0.0,-0.004739,0.0,-0.002558,-0.008451,-0.0,-0.0,-0.0059,-0.0,-0.0,0.0,-0.0,-0.005226,-0.005865,0.0,-0.003537,-0.002719,-0.009263,-0.009315,0.0,-0.007715,-0.0,-0.00671,-0.002283,0.0,-0.002242,-0.009966,-0.005917,-0.005541,-0.006313,-0.009345,-0.002331,-0.001083,-0.001167,0.0,-0.000329,-0.003619,-0.004513,-0.005947
2017-05-29 12:38:00+02:00,0.0,0.0,-0.0,-0.005737,-0.0,-0.0,-0.001452,-0.002441,-0.005007,-0.0,-0.0,0.0,-0.005875,-0.005793,-0.00208,-0.007841,-0.0,0.0,-0.0,-0.00855,0.0,-0.008439,-0.004029,0.0,-0.0081,-0.009135,-0.002185,0.0,-0.001372,-0.0,-0.0,-0.004695,0.0,-0.004242,-0.005273,0.0,-7.8e-05,-0.003706,0.0,-0.009336,-0.002295,0.0,-0.003186,0.0,-0.0,-0.002144,-0.002234,-0.004396,-0.002387,0.0,-0.0,-0.004714,-0.004644,-0.005793,-0.0,0.0,-0.0,0.0,0.0,-0.001482,-0.004705,-0.008475,-0.005129,0.0,-0.0,-0.008345,-0.000873,-0.004648,0.0,-0.000823,-0.002092,-0.0,-0.0,-0.004825,-0.005666,0.0,-0.0,0.0,-0.002797,0.0,-0.004739,0.0,-0.002555,-0.008421,-0.0,-0.0,-0.005907,-0.0,-0.0,0.0,-0.0,-0.005228,-0.005875,0.0,-0.00354,-0.002695,-0.009264,-0.009317,0.0,-0.007675,-0.0,-0.006712,-0.002287,0.0,-0.002257,-0.009982,-0.005926,-0.00551,-0.006313,-0.009348,-0.002345,-0.001081,-0.001171,0.0,-0.000347,-0.003627,-0.004512,-0.005956
2017-05-29 12:39:00+02:00,0.0,0.0,-0.0,-0.005721,-0.0,-0.0,-0.001459,-0.002448,-0.004973,-0.0,-0.0,0.0,-0.005879,-0.005797,-0.002065,-0.007822,-0.0,0.0,-0.0,-0.008528,0.0,-0.008419,-0.004043,0.0,-0.008052,-0.009116,-0.002192,0.0,-0.001363,-0.0,-0.0,-0.004669,0.0,-0.004221,-0.005254,0.0,-6.2e-05,-0.003719,0.0,-0.009296,-0.002303,0.0,-0.003177,0.0,-0.0,-0.002131,-0.002224,-0.004384,-0.002368,0.0,-0.0,-0.004704,-0.004635,-0.005797,-0.0,0.0,-0.0,0.0,0.0,-0.001499,-0.004694,-0.008432,-0.005113,0.0,-0.0,-0.008326,-0.000882,-0.004635,0.0,-0.000832,-0.002086,-0.0,-0.0,-0.004816,-0.005673,0.0,-0.0,0.0,-0.00281,0.0,-0.004728,0.0,-0.002542,-0.008379,-0.0,-0.0,-0.005907,-0.0,-0.0,0.0,-0.0,-0.005217,-0.005879,0.0,-0.003533,-0.002669,-0.009242,-0.009296,0.0,-0.007631,-0.0,-0.006695,-0.002279,0.0,-0.002265,-0.009986,-0.005928,-0.005475,-0.006295,-0.009328,-0.002354,-0.001073,-0.001165,0.0,-0.000361,-0.003617,-0.004496,-0.005959
2017-05-29 12:40:00+02:00,0.0,0.0,-0.0,-0.005684,-0.0,-0.0,-0.001451,-0.002438,-0.004956,-0.0,-0.0,0.0,-0.005863,-0.005787,-0.002054,-0.007777,-0.0,0.0,-0.0,-0.008467,0.0,-0.00836,-0.004028,0.0,-0.008029,-0.009066,-0.002181,0.0,-0.001345,-0.0,-0.0,-0.004653,0.0,-0.004207,-0.005239,0.0,-5e-05,-0.003702,0.0,-0.009261,-0.002293,0.0,-0.003143,0.0,-0.0,-0.002102,-0.002203,-0.004351,-0.002353,0.0,-0.0,-0.004672,-0.00461,-0.005787,-0.0,0.0,-0.0,0.0,0.0,-0.001488,-0.004662,-0.008395,-0.005077,0.0,-0.0,-0.008279,-0.000875,-0.004601,0.0,-0.000826,-0.002065,-0.0,-0.0,-0.004785,-0.005674,0.0,-0.0,0.0,-0.002796,0.0,-0.004702,0.0,-0.002512,-0.008345,-0.0,-0.0,-0.005872,-0.0,-0.0,0.0,-0.0,-0.005189,-0.005863,0.0,-0.003513,-0.002647,-0.009188,-0.009243,0.0,-0.007601,-0.0,-0.006653,-0.002257,0.0,-0.002256,-0.00994,-0.005907,-0.005446,-0.006253,-0.009276,-0.002344,-0.001056,-0.001147,0.0,-0.000352,-0.003581,-0.004461,-0.005936
2017-05-29 12:41:00+02:00,0.0,0.0,-0.0,-0.005634,-0.0,-0.0,-0.00143,-0.002413,-0.004935,-0.0,-0.0,0.0,-0.00582,-0.005746,-0.002038,-0.007716,-0.0,0.0,-0.0,-0.008412,0.0,-0.008307,-0.003989,0.0,-0.008,-0.008999,-0.002157,0.0,-0.001324,-0.0,-0.0,-0.004632,0.0,-0.004186,-0.005214,0.0,-4e-05,-0.003661,0.0,-0.009209,-0.00227,0.0,-0.003107,0.0,-0.0,-0.002068,-0.002177,-0.00432,-0.002333,0.0,-0.0,-0.004641,-0.004575,-0.005746,-0.0,0.0,-0.0,0.0,0.0,-0.00146,-0.004631,-0.008345,-0.005029,0.0,-0.0,-0.008216,-0.000858,-0.004569,0.0,-0.000809,-0.002042,-0.0,-0.0,-0.004757,-0.005638,0.0,-0.0,0.0,-0.002759,0.0,-0.004665,0.0,-0.002477,-0.008296,-0.0,-0.0,-0.005824,-0.0,-0.0,0.0,-0.0,-0.00515,-0.00582,0.0,-0.003486,-0.002619,-0.009118,-0.009172,0.0,-0.007562,-0.0,-0.006597,-0.002233,0.0,-0.002232,-0.009865,-0.005864,-0.005407,-0.006198,-0.009207,-0.002321,-0.001036,-0.001127,0.0,-0.000327,-0.003542,-0.004415,-0.005892
2017-05-29 12:42:00+02:00,0.0,0.0,-0.0,-0.005584,-0.0,-0.0,-0.001415,-0.00239,-0.004909,-0.0,-0.0,0.0,-0.005754,-0.005682,-0.002026,-0.007646,-0.0,0.0,-0.0,-0.00837,0.0,-0.008266,-0.003951,0.0,-0.007961,-0.008918,-0.002136,0.0,-0.001309,-0.0,-0.0,-0.004607,0.0,-0.004164,-0.005183,0.0,-3.2e-05,-0.003626,0.0,-0.009146,-0.002249,0.0,-0.003088,0.0,-0.0,-0.002045,-0.002155,-0.004296,-0.002316,0.0,-0.0,-0.004618,-0.004536,-0.005682,-0.0,0.0,-0.0,0.0,0.0,-0.001444,-0.004608,-0.008286,-0.004984,0.0,-0.0,-0.008142,-0.000848,-0.004544,0.0,-0.0008,-0.00203,-0.0,-0.0,-0.004736,-0.005575,0.0,-0.0,0.0,-0.002731,0.0,-0.004625,0.0,-0.002451,-0.00824,-0.0,-0.0,-0.005754,-0.0,-0.0,0.0,-0.0,-0.005106,-0.005754,0.0,-0.003457,-0.0026,-0.009034,-0.009088,0.0,-0.007517,-0.0,-0.006538,-0.002219,0.0,-0.002212,-0.009743,-0.005797,-0.00537,-0.00614,-0.009124,-0.002299,-0.001023,-0.00112,0.0,-0.000319,-0.003521,-0.004373,-0.005826
2017-05-29 12:43:00+02:00,0.0,0.0,-0.0,-0.005522,-0.0,-0.0,-0.001391,-0.002356,-0.004849,-0.0,-0.0,0.0,-0.005751,-0.005681,-0.001998,-0.007563,-0.0,0.0,-0.0,-0.008326,0.0,-0.008223,-0.003896,0.0,-0.007869,-0.008822,-0.002105,0.0,-0.001289,-0.0,-0.0,-0.004553,0.0,-0.004117,-0.00513,0.0,-2.6e-05,-0.003574,0.0,-0.009044,-0.002219,0.0,-0.003067,0.0,-0.0,-0.002013,-0.002127,-0.004271,-0.002283,0.0,-0.0,-0.004595,-0.004489,-0.005681,-0.0,0.0,-0.0,0.0,0.0,-0.001416,-0.004584,-0.008191,-0.004926,0.0,-0.0,-0.008054,-0.000832,-0.004518,0.0,-0.000784,-0.002017,-0.0,-0.0,-0.004714,-0.00556,0.0,-0.0,0.0,-0.002688,0.0,-0.004576,0.0,-0.002416,-0.008147,-0.0,-0.0,-0.005746,-0.0,-0.0,0.0,-0.0,-0.005053,-0.005751,0.0,-0.003421,-0.002557,-0.008935,-0.008988,0.0,-0.007426,-0.0,-0.006465,-0.002203,0.0,-0.002181,-0.009736,-0.005793,-0.0053,-0.006069,-0.009025,-0.002267,-0.001006,-0.001112,0.0,-0.0003,-0.003496,-0.00432,-0.005822
2017-05-29 12:44:00+02:00,0.0,0.0,-0.0,-0.005483,-0.0,-0.0,-0.001375,-0.002331,-0.004831,-0.0,-0.0,0.0,-0.005758,-0.005687,-0.001999,-0.00751,-0.0,0.0,-0.0,-0.008314,0.0,-0.008211,-0.003857,0.0,-0.007846,-0.00876,-0.002082,0.0,-0.001276,-0.0,-0.0,-0.00454,0.0,-0.004108,-0.005122,0.0,-2.9e-05,-0.003536,0.0,-0.009023,-0.002196,0.0,-0.003068,0.0,-0.0,-0.001993,-0.002109,-0.004262,-0.00228,0.0,-0.0,-0.004589,-0.004458,-0.005687,-0.0,0.0,-0.0,0.0,0.0,-0.0014,-0.004577,-0.00817,-0.00489,0.0,-0.0,-0.007997,-0.000822,-0.00451,0.0,-0.000775,-0.002017,-0.0,-0.0,-0.004709,-0.005571,0.0,-0.0,0.0,-0.00266,0.0,-0.004544,0.0,-0.002395,-0.008128,-0.0,-0.0,-0.005751,-0.0,-0.0,0.0,-0.0,-0.005017,-0.005758,0.0,-0.003399,-0.002559,-0.008869,-0.008923,0.0,-0.007404,-0.0,-0.006419,-0.002201,0.0,-0.002158,-0.009748,-0.005799,-0.005288,-0.006024,-0.008961,-0.002244,-0.000995,-0.001115,0.0,-0.000292,-0.003496,-0.004287,-0.005828
2017-05-29 12:45:00+02:00,0.0,0.0,-0.0,-0.005481,-0.0,-0.0,-0.001378,-0.002329,-0.004834,-0.0,-0.0,0.0,-0.005765,-0.005696,-0.002012,-0.007501,-0.0,0.0,-0.0,-0.008306,0.0,-0.008204,-0.003856,0.0,-0.007856,-0.008749,-0.00208,0.0,-0.00128,-0.0,-0.0,-0.004546,0.0,-0.004117,-0.005134,0.0,-4.8e-05,-0.003534,0.0,-0.009036,-0.002196,0.0,-0.00307,0.0,-0.0,-0.002,-0.002109,-0.004256,-0.002291,0.0,-0.0,-0.004583,-0.004454,-0.005696,-0.0,0.0,-0.0,0.0,0.0,-0.001411,-0.004572,-0.008183,-0.00489,0.0,-0.0,-0.007988,-0.000828,-0.004502,0.0,-0.000781,-0.002017,-0.0,-0.0,-0.004707,-0.005582,0.0,-0.0,0.0,-0.002663,0.0,-0.004539,0.0,-0.002401,-0.008142,-0.0,-0.0,-0.005757,-0.0,-0.0,0.0,-0.0,-0.005012,-0.005765,0.0,-0.0034,-0.002581,-0.008855,-0.008909,0.0,-0.007415,-0.0,-0.006414,-0.0022,0.0,-0.002157,-0.009761,-0.005806,-0.005303,-0.006018,-0.008948,-0.002243,-0.000999,-0.001119,0.0,-0.000307,-0.003495,-0.004288,-0.005835
2017-05-29 12:46:00+02:00,0.0,0.0,-0.0,-0.005345,-0.0,-0.0,-0.001363,-0.002311,-0.00476,-0.0,-0.0,0.0,-0.005769,-0.005701,-0.001978,-0.007358,-0.0,0.0,-0.0,-0.008283,0.0,-0.008182,-0.00383,0.0,-0.007745,-0.008606,-0.002063,0.0,-0.001214,-0.0,-0.0,-0.004486,0.0,-0.004068,-0.005093,0.0,-3.8e-05,-0.003507,0.0,-0.008957,-0.00218,0.0,-0.003041,0.0,-0.0,-0.001893,-0.002036,-0.004237,-0.002252,0.0,-0.0,-0.004567,-0.004371,-0.005701,-0.0,0.0,-0.0,0.0,0.0,-0.00139,-0.004556,-0.008104,-0.004758,0.0,-0.0,-0.007845,-0.000815,-0.004484,0.0,-0.000769,-0.001999,-0.0,-0.0,-0.004695,-0.005571,0.0,-0.0,0.0,-0.002638,0.0,-0.004453,0.0,-0.00229,-0.008066,-0.0,-0.0,-0.005759,-0.0,-0.0,0.0,-0.0,-0.004927,-0.005769,0.0,-0.003322,-0.002525,-0.00871,-0.008764,0.0,-0.00732,-0.0,-0.006273,-0.002181,0.0,-0.002141,-0.009769,-0.00581,-0.005232,-0.005877,-0.008804,-0.002227,-0.000937,-0.001103,0.0,-0.000288,-0.003464,-0.00416,-0.005839
2017-05-29 12:47:00+02:00,0.0,0.0,-0.0,-0.00525,-0.0,-0.0,-0.001365,-0.002316,-0.004706,-0.0,-0.0,0.0,-0.005758,-0.005694,-0.001967,-0.007262,-0.0,0.0,-0.0,-0.008277,0.0,-0.008178,-0.00384,0.0,-0.007671,-0.008515,-0.002065,0.0,-0.001168,-0.0,-0.0,-0.00445,0.0,-0.004042,-0.005083,0.0,-3e-05,-0.003512,0.0,-0.008933,-0.002183,0.0,-0.003035,0.0,-0.0,-0.001817,-0.001984,-0.004229,-0.002237,0.0,-0.0,-0.004561,-0.004315,-0.005694,-0.0,0.0,-0.0,0.0,0.0,-0.001395,-0.00455,-0.008077,-0.004665,0.0,-0.0,-0.00775,-0.000818,-0.004477,0.0,-0.000772,-0.001994,-0.0,-0.0,-0.004694,-0.005576,0.0,-0.0,0.0,-0.002643,0.0,-0.004396,0.0,-0.002211,-0.008041,-0.0,-0.0,-0.005734,-0.0,-0.0,0.0,-0.0,-0.004872,-0.005758,0.0,-0.003268,-0.002505,-0.008618,-0.008673,0.0,-0.007266,-0.0,-0.006176,-0.002175,0.0,-0.002144,-0.009752,-0.005796,-0.005201,-0.005778,-0.008713,-0.002232,-0.000893,-0.001099,0.0,-0.000295,-0.003457,-0.004069,-0.005825
2017-05-29 12:48:00+02:00,0.0,0.0,-0.0,-0.005185,-0.0,-0.0,-0.001371,-0.002323,-0.004659,-0.0,-0.0,0.0,-0.005762,-0.005698,-0.001958,-0.007195,-0.0,0.0,-0.0,-0.008303,0.0,-0.008205,-0.003856,0.0,-0.007606,-0.008453,-0.00207,0.0,-0.001137,-0.0,-0.0,-0.004416,0.0,-0.00402,-0.005071,0.0,-2.4e-05,-0.003522,0.0,-0.008907,-0.002189,0.0,-0.003054,0.0,-0.0,-0.001767,-0.001948,-0.00424,-0.002225,0.0,-0.0,-0.004576,-0.004276,-0.005698,-0.0,0.0,-0.0,0.0,0.0,-0.001406,-0.004565,-0.00805,-0.004603,0.0,-0.0,-0.007685,-0.000823,-0.004489,0.0,-0.000778,-0.002005,-0.0,-0.0,-0.00471,-0.005584,0.0,-0.0,0.0,-0.002654,0.0,-0.004356,0.0,-0.00216,-0.008015,-0.0,-0.0,-0.005736,-0.0,-0.0,0.0,-0.0,-0.004834,-0.005762,0.0,-0.003231,-0.002493,-0.008555,-0.00861,0.0,-0.007217,-0.0,-0.00611,-0.002184,0.0,-0.00215,-0.009758,-0.0058,-0.005175,-0.00571,-0.008651,-0.002241,-0.000864,-0.00111,0.0,-0.000308,-0.003474,-0.004008,-0.005829
2017-05-29 12:49:00+02:00,0.0,0.0,-0.0,-0.005165,-0.0,-0.0,-0.001382,-0.002339,-0.004652,-0.0,-0.0,0.0,-0.005777,-0.005714,-0.00197,-0.007181,-0.0,0.0,-0.0,-0.008337,0.0,-0.00824,-0.003885,0.0,-0.007606,-0.008446,-0.002082,0.0,-0.001125,-0.0,-0.0,-0.004417,0.0,-0.004027,-0.005091,0.0,-2.8e-05,-0.003546,0.0,-0.008935,-0.002203,0.0,-0.003082,0.0,-0.0,-0.001749,-0.001935,-0.004255,-0.002234,0.0,-0.0,-0.004593,-0.004268,-0.005714,-0.0,0.0,-0.0,0.0,0.0,-0.001424,-0.004583,-0.008074,-0.004583,0.0,-0.0,-0.007673,-0.000834,-0.004504,0.0,-0.000789,-0.002021,-0.0,-0.0,-0.004731,-0.005603,0.0,-0.0,0.0,-0.002676,0.0,-0.004347,0.0,-0.002141,-0.008041,-0.0,-0.0,-0.005749,-0.0,-0.0,0.0,-0.0,-0.004827,-0.005777,0.0,-0.003222,-0.00251,-0.008547,-0.008602,0.0,-0.007224,-0.0,-0.006093,-0.002199,0.0,-0.002163,-0.009784,-0.005814,-0.005191,-0.005689,-0.008644,-0.002256,-0.000853,-0.001126,0.0,-0.000326,-0.003503,-0.003988,-0.005843
2017-05-29 12:50:00+02:00,0.0,0.0,-0.0,-0.005177,-0.0,-0.0,-0.001416,-0.002378,-0.004677,-0.0,-0.0,0.0,-0.00579,-0.005727,-0.002,-0.007198,-0.0,0.0,-0.0,-0.008415,0.0,-0.008318,-0.003954,0.0,-0.007656,-0.008468,-0.002119,0.0,-0.00113,-0.0,-0.0,-0.004448,0.0,-0.004061,-0.005138,0.0,-5.7e-05,-0.00361,0.0,-0.00901,-0.002242,0.0,-0.003138,0.0,-0.0,-0.001759,-0.001939,-0.004295,-0.002263,0.0,-0.0,-0.004636,-0.004279,-0.005727,-0.0,0.0,-0.0,0.0,0.0,-0.001477,-0.004626,-0.008144,-0.004595,0.0,-1.8e-05,-0.007691,-0.000864,-0.004545,0.0,-0.00082,-0.002055,-0.0,-0.0,-0.004777,-0.00562,0.0,-0.0,0.0,-0.002736,0.0,-0.004357,0.0,-0.00215,-0.008113,-0.0,-0.0,-0.00576,-0.0,-0.0,0.0,-0.0,-0.004838,-0.00579,0.0,-0.003231,-0.002559,-0.008567,-0.008623,0.0,-0.007278,-0.0,-0.006107,-0.002232,0.0,-0.002201,-0.009806,-0.005827,-0.005246,-0.005701,-0.008667,-0.002297,-0.000859,-0.001155,0.0,-0.000376,-0.00356,-0.003999,-0.005856
2017-05-29 12:51:00+02:00,0.0,0.0,-0.0,-0.005151,-0.0,-0.0,-0.001429,-0.002392,-0.004686,-0.0,-0.0,0.0,-0.005796,-0.005734,-0.002018,-0.00717,-0.0,0.0,-0.0,-0.008476,0.0,-0.00838,-0.003981,0.0,-0.00768,-0.008439,-0.002131,0.0,-0.001117,-0.0,-0.0,-0.004462,0.0,-0.00408,-0.005166,0.0,-6.9e-05,-0.003631,0.0,-0.009052,-0.002255,0.0,-0.003182,0.0,-0.0,-0.001738,-0.001924,-0.004327,-0.002279,0.0,-0.0,-0.004673,-0.004262,-0.005734,-0.0,0.0,-0.0,0.0,0.0,-0.001501,-0.004662,-0.008183,-0.004569,0.0,-3.2e-05,-0.007663,-0.000878,-0.004578,0.0,-0.000835,-0.002082,-0.0,-0.0,-0.004815,-0.005631,0.0,-0.0,0.0,-0.002759,0.0,-0.00434,0.0,-0.002129,-0.008153,-0.0,-0.0,-0.005763,-0.0,-0.0,0.0,-0.0,-0.004821,-0.005796,0.0,-0.003218,-0.002585,-0.008537,-0.008593,0.0,-0.007304,-0.0,-0.006079,-0.002258,0.0,-0.002213,-0.009816,-0.005833,-0.005274,-0.005672,-0.008639,-0.002312,-0.000846,-0.001179,0.0,-0.000401,-0.003605,-0.003974,-0.005862
2017-05-29 12:52:00+02:00,0.0,0.0,-0.0,-0.005126,-0.0,-0.0,-0.001407,-0.002368,-0.004663,-0.0,-0.0,0.0,-0.005801,-0.00574,-0.002007,-0.007152,-0.0,0.0,-0.0,-0.008461,0.0,-0.008367,-0.003942,0.0,-0.007649,-0.008429,-0.002103,0.0,-0.001099,-0.0,-0.0,-0.004444,0.0,-0.004066,-0.005159,0.0,-5.6e-05,-0.003586,0.0,-0.009032,-0.002229,0.0,-0.003172,0.0,-0.0,-0.001709,-0.001906,-0.004316,-0.002265,0.0,-0.0,-0.004664,-0.004253,-0.00574,-0.0,0.0,-0.0,0.0,0.0,-0.001472,-0.004653,-0.008162,-0.004543,0.0,-2.6e-05,-0.007648,-0.00086,-0.004567,0.0,-0.000817,-0.002075,-0.0,-0.0,-0.004809,-0.005639,0.0,-0.0,0.0,-0.002722,0.0,-0.00433,0.0,-0.0021,-0.008133,-0.0,-0.0,-0.005764,-0.0,-0.0,0.0,-0.0,-0.004814,-0.005801,0.0,-0.003206,-0.002564,-0.008525,-0.008582,0.0,-0.007274,-0.0,-0.006057,-0.002251,0.0,-0.002186,-0.009822,-0.005837,-0.00525,-0.005646,-0.008628,-0.002288,-0.000829,-0.001173,0.0,-0.000375,-0.003594,-0.003946,-0.005866
2017-05-29 12:53:00+02:00,0.0,0.0,-0.0,-0.005129,-0.0,-0.0,-0.001403,-0.002362,-0.004653,-0.0,-0.0,0.0,-0.005808,-0.005748,-0.002006,-0.007161,-0.0,0.0,-0.0,-0.008455,0.0,-0.008362,-0.003936,0.0,-0.007642,-0.008445,-0.002096,0.0,-0.001096,-0.0,-0.0,-0.004439,0.0,-0.004064,-0.005163,0.0,-4.4e-05,-0.003576,0.0,-0.009035,-0.002223,0.0,-0.00317,0.0,-0.0,-0.001705,-0.001903,-0.004309,-0.002262,0.0,-0.0,-0.004659,-0.004258,-0.005748,-0.0,0.0,-0.0,0.0,0.0,-0.00147,-0.004649,-0.008163,-0.004545,0.0,-2.1e-05,-0.00766,-0.000858,-0.00456,0.0,-0.000815,-0.002073,-0.0,-0.0,-0.004807,-0.005649,0.0,-0.0,0.0,-0.002715,0.0,-0.004335,0.0,-0.002096,-0.008135,-0.0,-0.0,-0.005767,-0.0,-0.0,0.0,-0.0,-0.004822,-0.005808,0.0,-0.00321,-0.002561,-0.008538,-0.008596,0.0,-0.007267,-0.0,-0.006063,-0.002247,0.0,-0.002179,-0.009835,-0.005843,-0.005246,-0.005649,-0.008644,-0.002284,-0.000826,-0.001171,0.0,-0.000373,-0.003591,-0.003946,-0.005872
2017-05-29 12:54:00+02:00,0.0,0.0,-0.0,-0.005141,-0.0,-0.0,-0.001402,-0.002364,-0.004649,-0.0,-0.0,0.0,-0.005816,-0.005757,-0.002007,-0.007181,-0.0,0.0,-0.0,-0.008489,0.0,-0.008397,-0.003942,0.0,-0.007645,-0.008471,-0.002096,0.0,-0.001097,-0.0,-0.0,-0.004439,0.0,-0.004066,-0.005172,0.0,-3.6e-05,-0.003578,0.0,-0.009045,-0.002224,0.0,-0.003184,0.0,-0.0,-0.001707,-0.001905,-0.004324,-0.002261,0.0,-0.0,-0.004678,-0.00427,-0.005757,-0.0,0.0,-0.0,0.0,0.0,-0.001469,-0.004668,-0.008172,-0.004555,0.0,-1.7e-05,-0.007682,-0.000857,-0.004576,0.0,-0.000814,-0.002082,-0.0,-0.0,-0.004828,-0.005661,0.0,-0.0,0.0,-0.002716,0.0,-0.004347,0.0,-0.002099,-0.008146,-0.0,-0.0,-0.005772,-0.0,-0.0,0.0,-0.0,-0.004836,-0.005816,0.0,-0.003219,-0.00256,-0.008563,-0.008621,0.0,-0.007269,-0.0,-0.006078,-0.002255,0.0,-0.002179,-0.009849,-0.005851,-0.005247,-0.005661,-0.008671,-0.002286,-0.000826,-0.001176,0.0,-0.000371,-0.003606,-0.003953,-0.00588
2017-05-29 12:55:00+02:00,0.0,0.0,-0.0,-0.005138,-0.0,-0.0,-0.00138,-0.002344,-0.004641,-0.0,-0.0,0.0,-0.005825,-0.005767,-0.002001,-0.007183,-0.0,0.0,-0.0,-0.00841,0.0,-0.008319,-0.003912,0.0,-0.007639,-0.00848,-0.002074,0.0,-0.00109,-0.0,-0.0,-0.004434,0.0,-0.004064,-0.005176,0.0,-2.8e-05,-0.003544,0.0,-0.009046,-0.002204,0.0,-0.003142,0.0,-0.0,-0.001696,-0.001898,-0.004282,-0.002252,0.0,-0.0,-0.004635,-0.004272,-0.005767,-0.0,0.0,-0.0,0.0,0.0,-0.001434,-0.004625,-0.008171,-0.00455,0.0,-1.3e-05,-0.007686,-0.000836,-0.004531,0.0,-0.000793,-0.002056,-0.0,-0.0,-0.004784,-0.005673,0.0,-0.0,0.0,-0.00268,0.0,-0.004348,0.0,-0.00209,-0.008147,-0.0,-0.0,-0.005776,-0.0,-0.0,0.0,-0.0,-0.004839,-0.005825,0.0,-0.003219,-0.002544,-0.008569,-0.008628,0.0,-0.007262,-0.0,-0.006076,-0.002227,0.0,-0.002158,-0.009864,-0.005859,-0.005237,-0.005657,-0.008679,-0.002267,-0.000819,-0.001152,0.0,-0.000335,-0.003562,-0.003946,-0.005889
2017-05-29 12:56:00+02:00,0.0,0.0,-0.0,-0.005158,-0.0,-0.0,-0.001364,-0.002331,-0.004648,-0.0,-0.0,0.0,-0.005835,-0.005779,-0.002007,-0.007209,-0.0,0.0,-0.0,-0.008331,0.0,-0.008242,-0.003891,0.0,-0.007656,-0.008511,-0.00206,0.0,-0.001097,-0.0,-0.0,-0.004443,0.0,-0.004075,-0.005194,0.0,-2.3e-05,-0.003521,0.0,-0.00907,-0.002191,0.0,-0.003099,0.0,-0.0,-0.001708,-0.001906,-0.00424,-0.002257,0.0,-0.0,-0.004591,-0.004287,-0.005779,-0.0,0.0,-0.0,0.0,0.0,-0.001403,-0.004582,-0.008193,-0.004568,0.0,-1.1e-05,-0.007714,-0.000817,-0.004486,0.0,-0.000774,-0.002029,-0.0,-0.0,-0.00474,-0.005687,0.0,-0.0,0.0,-0.002653,0.0,-0.004364,0.0,-0.002103,-0.00817,-0.0,-0.0,-0.005782,-0.0,-0.0,0.0,-0.0,-0.004857,-0.005835,0.0,-0.003233,-0.00255,-0.008597,-0.008657,0.0,-0.007277,-0.0,-0.006098,-0.002199,0.0,-0.002144,-0.00988,-0.005869,-0.005248,-0.005676,-0.00871,-0.002254,-0.000825,-0.001128,0.0,-0.000307,-0.003517,-0.003963,-0.005899
2017-05-29 12:57:00+02:00,0.0,0.0,-0.0,-0.005179,-0.0,-0.0,-0.001377,-0.002349,-0.004654,-0.0,-0.0,0.0,-0.005846,-0.005791,-0.002014,-0.007235,-0.0,0.0,-0.0,-0.008356,0.0,-0.008267,-0.003925,0.0,-0.007672,-0.008542,-0.002077,0.0,-0.001106,-0.0,-0.0,-0.004451,0.0,-0.004084,-0.005204,0.0,-2e-05,-0.003551,0.0,-0.009081,-0.00221,0.0,-0.003117,0.0,-0.0,-0.001725,-0.001915,-0.004252,-0.002261,0.0,-0.0,-0.004607,-0.004304,-0.005791,-0.0,0.0,-0.0,0.0,0.0,-0.001418,-0.004597,-0.008207,-0.004588,0.0,-9e-06,-0.007742,-0.000826,-0.004499,0.0,-0.000784,-0.00204,-0.0,-0.0,-0.004757,-0.005701,0.0,-0.0,0.0,-0.002679,0.0,-0.00438,0.0,-0.00212,-0.008184,-0.0,-0.0,-0.005789,-0.0,-0.0,0.0,-0.0,-0.004875,-0.005846,0.0,-0.003247,-0.002557,-0.008626,-0.008687,0.0,-0.00729,-0.0,-0.00612,-0.002209,0.0,-0.002161,-0.009898,-0.005879,-0.005257,-0.005696,-0.008741,-0.002274,-0.000835,-0.001136,0.0,-0.000323,-0.003536,-0.003982,-0.00591
2017-05-29 12:58:00+02:00,0.0,0.0,-0.0,-0.005205,-0.0,-0.0,-0.001361,-0.002338,-0.004679,-0.0,-0.0,0.0,-0.005861,-0.005807,-0.002031,-0.007268,-0.0,0.0,-0.0,-0.008359,0.0,-0.008271,-0.003909,0.0,-0.007719,-0.008582,-0.002063,0.0,-0.001116,-0.0,-0.0,-0.004477,0.0,-0.004109,-0.005234,0.0,-3.1e-05,-0.00353,0.0,-0.009126,-0.002199,0.0,-0.003113,0.0,-0.0,-0.001742,-0.001926,-0.00425,-0.002278,0.0,-0.0,-0.004608,-0.004324,-0.005807,-0.0,0.0,-0.0,0.0,0.0,-0.001387,-0.004599,-0.008251,-0.004613,0.0,-7e-06,-0.007778,-0.000807,-0.004497,0.0,-0.000766,-0.002038,-0.0,-0.0,-0.00476,-0.005719,0.0,-0.0,0.0,-0.002655,0.0,-0.0044,0.0,-0.002138,-0.008229,-0.0,-0.0,-0.005799,-0.0,-0.0,0.0,-0.0,-0.004897,-0.005861,0.0,-0.003264,-0.002582,-0.008663,-0.008725,0.0,-0.007333,-0.0,-0.006149,-0.002205,0.0,-0.002148,-0.009922,-0.005893,-0.005291,-0.005721,-0.008781,-0.002263,-0.000844,-0.001132,0.0,-0.000293,-0.003531,-0.004005,-0.005925
2017-05-29 12:59:00+02:00,0.0,0.0,-0.0,-0.00525,-0.0,-0.0,-0.001379,-0.002364,-0.004705,-0.0,-0.0,0.0,-0.00587,-0.005817,-0.002055,-0.007322,-0.0,0.0,-0.0,-0.008411,0.0,-0.008324,-0.003956,0.0,-0.00777,-0.008642,-0.002087,0.0,-0.001134,-0.0,-0.0,-0.004506,0.0,-0.004139,-0.005267,0.0,-5e-05,-0.003574,0.0,-0.009179,-0.002226,0.0,-0.003124,0.0,-0.0,-0.001773,-0.001946,-0.00427,-0.0023,0.0,-0.0,-0.004635,-0.004355,-0.005817,-0.0,0.0,-0.0,0.0,0.0,-0.001409,-0.004625,-0.008304,-0.004655,0.0,-5e-06,-0.007834,-0.000819,-0.00452,0.0,-0.000779,-0.002044,-0.0,-0.0,-0.00479,-0.005731,0.0,-0.0,0.0,-0.00269,0.0,-0.004432,0.0,-0.002171,-0.008283,-0.0,-0.0,-0.005803,-0.0,-0.0,0.0,-0.0,-0.004931,-0.00587,0.0,-0.003292,-0.002618,-0.00872,-0.008784,0.0,-0.007382,-0.0,-0.006198,-0.002211,0.0,-0.002174,-0.009939,-0.005902,-0.005333,-0.005767,-0.008842,-0.00229,-0.000861,-0.001134,0.0,-0.000313,-0.003543,-0.004044,-0.005934
2017-05-29 13:00:00+02:00,0.0,0.0,-0.0,-0.005284,-0.0,-0.0,-0.001386,-0.002378,-0.004717,-0.0,-0.0,0.0,-0.005877,-0.005826,-0.002066,-0.007364,-0.0,0.0,-0.0,-0.008424,0.0,-0.008338,-0.003982,0.0,-0.007795,-0.008689,-0.0021,0.0,-0.001144,-0.0,-0.0,-0.00452,0.0,-0.004154,-0.005289,0.0,-5.4e-05,-0.003597,0.0,-0.00921,-0.00224,0.0,-0.003109,0.0,-0.0,-0.001791,-0.001958,-0.00427,-0.002309,0.0,-0.0,-0.004639,-0.00438,-0.005826,-0.0,0.0,-0.0,0.0,0.0,-0.001414,-0.00463,-0.008334,-0.004686,0.0,-4e-06,-0.007878,-0.000822,-0.004522,0.0,-0.000781,-0.002035,-0.0,-0.0,-0.004798,-0.005742,0.0,-0.0,0.0,-0.002706,0.0,-0.004458,0.0,-0.002191,-0.008314,-0.0,-0.0,-0.005806,-0.0,-0.0,0.0,-0.0,-0.004958,-0.005877,0.0,-0.003315,-0.002633,-0.008764,-0.008828,0.0,-0.007405,-0.0,-0.006236,-0.002202,0.0,-0.002187,-0.009951,-0.005909,-0.005353,-0.005801,-0.008888,-0.002305,-0.000871,-0.001122,0.0,-0.000315,-0.003528,-0.004072,-0.005941
2017-05-29 13:01:00+02:00,0.0,0.0,-0.0,-0.005457,-0.0,-0.0,-0.001402,-0.002399,-0.004812,-0.0,-0.0,0.0,-0.005887,-0.005836,-0.002129,-0.007545,-0.0,0.0,-0.0,-0.008478,0.0,-0.008393,-0.00402,0.0,-0.007954,-0.008873,-0.002119,0.0,-0.001223,-0.0,-0.0,-0.004608,0.0,-0.004236,-0.005372,0.0,-0.000132,-0.003632,0.0,-0.009347,-0.002262,0.0,-0.003141,0.0,-0.0,-0.001924,-0.002044,-0.004295,-0.002373,0.0,-0.0,-0.004669,-0.004488,-0.005836,-0.0,0.0,-0.0,0.0,0.0,-0.001437,-0.00466,-0.008469,-0.004852,0.0,-3e-06,-0.00806,-0.000834,-0.004549,0.0,-0.000794,-0.002055,-0.0,-0.0,-0.004831,-0.005754,0.0,-0.0,0.0,-0.002736,0.0,-0.004566,0.0,-0.002329,-0.008449,-0.0,-0.0,-0.00581,-0.0,-0.0,0.0,-0.0,-0.005067,-0.005887,0.0,-0.003418,-0.002734,-0.008943,-0.00901,0.0,-0.007548,-0.0,-0.006414,-0.00222,0.0,-0.002208,-0.009966,-0.005917,-0.00547,-0.005976,-0.009073,-0.002327,-0.000946,-0.001138,0.0,-0.000335,-0.003561,-0.00423,-0.00595
2017-05-29 13:02:00+02:00,0.0,0.0,-0.0,-0.005579,-0.0,-0.0,-0.001416,-0.002415,-0.0049,-0.0,-0.0,0.0,-0.005877,-0.005832,-0.002181,-0.007669,-0.0,0.0,-0.0,-0.008515,0.0,-0.008431,-0.00405,0.0,-0.008099,-0.008998,-0.002135,0.0,-0.00128,-0.0,-0.0,-0.004686,0.0,-0.004306,-0.00544,0.0,-0.000196,-0.00366,0.0,-0.009458,-0.00228,0.0,-0.003165,0.0,-0.0,-0.002019,-0.002105,-0.004312,-0.002425,0.0,-0.0,-0.00469,-0.004562,-0.005832,-0.0,0.0,-0.0,0.0,0.0,-0.001461,-0.004681,-0.008579,-0.004969,0.0,-3e-06,-0.008185,-0.000848,-0.004567,0.0,-0.000808,-0.00207,-0.0,-0.0,-0.004854,-0.005755,0.0,-0.0,0.0,-0.002762,0.0,-0.004641,0.0,-0.002428,-0.008559,-0.0,-0.0,-0.005776,-0.0,-0.0,0.0,-0.0,-0.005141,-0.005877,0.0,-0.003492,-0.002816,-0.009064,-0.009132,0.0,-0.007671,-0.0,-0.006538,-0.002234,0.0,-0.002224,-0.00994,-0.005905,-0.005566,-0.006098,-0.009197,-0.002345,-0.001001,-0.001151,0.0,-0.000356,-0.003586,-0.004342,-0.00594
2017-05-29 13:03:00+02:00,0.0,0.0,-0.0,-0.005594,-0.0,-0.0,-0.001399,-0.002397,-0.00492,-0.0,-0.0,0.0,-0.005878,-0.005834,-0.002179,-0.007679,-0.0,0.0,-0.0,-0.008493,0.0,-0.00841,-0.004023,0.0,-0.008132,-0.009006,-0.002117,0.0,-0.001281,-0.0,-0.0,-0.004699,0.0,-0.004315,-0.005445,0.0,-0.00018,-0.003631,0.0,-0.009459,-0.002263,0.0,-0.003133,0.0,-0.0,-0.00202,-0.002107,-0.004295,-0.002421,0.0,-0.0,-0.004676,-0.004569,-0.005834,-0.0,0.0,-0.0,0.0,0.0,-0.001438,-0.004667,-0.008582,-0.00498,0.0,-2e-06,-0.008194,-0.000833,-0.00455,0.0,-0.000793,-0.002051,-0.0,-0.0,-0.004843,-0.005758,0.0,-0.0,0.0,-0.002734,0.0,-0.004648,0.0,-0.002431,-0.008564,-0.0,-0.0,-0.005776,-0.0,-0.0,0.0,-0.0,-0.005147,-0.005878,0.0,-0.003502,-0.002808,-0.009069,-0.009137,0.0,-0.007687,-0.0,-0.006551,-0.002215,0.0,-0.002207,-0.009941,-0.005906,-0.005564,-0.00611,-0.009204,-0.002329,-0.001,-0.00113,0.0,-0.000329,-0.003554,-0.00435,-0.005941
2017-05-29 13:04:00+02:00,0.0,0.0,-0.0,-0.005605,-0.0,-0.0,-0.00138,-0.002377,-0.004958,-0.0,-0.0,0.0,-0.005883,-0.00584,-0.00219,-0.007688,-0.0,0.0,-0.0,-0.008473,0.0,-0.008391,-0.003991,0.0,-0.008197,-0.009015,-0.002095,0.0,-0.00128,-0.0,-0.0,-0.00473,0.0,-0.00434,-0.005468,0.0,-0.00018,-0.003596,0.0,-0.009493,-0.002243,0.0,-0.003106,0.0,-0.0,-0.002018,-0.002107,-0.00428,-0.002431,0.0,-0.0,-0.004663,-0.004575,-0.00584,-0.0,0.0,-0.0,0.0,0.0,-0.001414,-0.004655,-0.008616,-0.004989,0.0,-2e-06,-0.008203,-0.000819,-0.004535,0.0,-0.000778,-0.002035,-0.0,-0.0,-0.004832,-0.005765,0.0,-0.0,0.0,-0.002702,0.0,-0.004653,0.0,-0.002432,-0.008599,-0.0,-0.0,-0.005779,-0.0,-0.0,0.0,-0.0,-0.005153,-0.005883,0.0,-0.00351,-0.00282,-0.009074,-0.009143,0.0,-0.007732,-0.0,-0.006561,-0.002197,0.0,-0.002185,-0.009951,-0.005911,-0.005588,-0.006119,-0.009211,-0.002309,-0.000998,-0.001111,0.0,-0.000303,-0.003527,-0.004356,-0.005947
2017-05-29 13:05:00+02:00,0.0,0.0,-0.0,-0.005602,-0.0,-0.0,-0.001374,-0.002373,-0.004991,-0.0,-0.0,0.0,-0.00589,-0.005848,-0.002198,-0.007683,-0.0,0.0,-0.0,-0.008462,0.0,-0.00838,-0.003988,0.0,-0.008256,-0.009009,-0.002091,0.0,-0.001271,-0.0,-0.0,-0.004756,0.0,-0.004362,-0.005493,0.0,-0.000172,-0.003591,0.0,-0.009531,-0.00224,0.0,-0.003083,0.0,-0.0,-0.002005,-0.0021,-0.004268,-0.002437,0.0,-0.0,-0.004654,-0.00457,-0.005848,-0.0,0.0,-0.0,0.0,0.0,-0.001404,-0.004646,-0.008651,-0.004983,0.0,-1e-06,-0.008197,-0.000813,-0.004523,0.0,-0.000772,-0.002021,-0.0,-0.0,-0.004825,-0.005774,0.0,-0.0,0.0,-0.002694,0.0,-0.004649,0.0,-0.002421,-0.008636,-0.0,-0.0,-0.005784,-0.0,-0.0,0.0,-0.0,-0.005148,-0.00589,0.0,-0.003508,-0.002826,-0.009066,-0.009136,0.0,-0.007773,-0.0,-0.006555,-0.002183,0.0,-0.002182,-0.009965,-0.005918,-0.005608,-0.006113,-0.009205,-0.002306,-0.000989,-0.001094,0.0,-0.000288,-0.003505,-0.004348,-0.005953
2017-05-29 13:06:00+02:00,0.0,0.0,-0.0,-0.005618,-0.0,-0.0,-0.001378,-0.002378,-0.005011,-0.0,-0.0,0.0,-0.00589,-0.005848,-0.002201,-0.007697,-0.0,0.0,-0.0,-0.008459,0.0,-0.008378,-0.004001,0.0,-0.008295,-0.009024,-0.002095,0.0,-0.001275,-0.0,-0.0,-0.004773,0.0,-0.004375,-0.005505,0.0,-0.000167,-0.003602,0.0,-0.009549,-0.002247,0.0,-0.00308,0.0,-0.0,-0.002011,-0.002104,-0.004264,-0.002439,0.0,-0.0,-0.004653,-0.004578,-0.005848,-0.0,0.0,-0.0,0.0,0.0,-0.001413,-0.004644,-0.00867,-0.004997,0.0,-1e-06,-0.008211,-0.000817,-0.004519,0.0,-0.000776,-0.002018,-0.0,-0.0,-0.004825,-0.005776,0.0,-0.0,0.0,-0.002704,0.0,-0.004656,0.0,-0.002429,-0.008656,-0.0,-0.0,-0.005769,-0.0,-0.0,0.0,-0.0,-0.005156,-0.00589,0.0,-0.003518,-0.002829,-0.009078,-0.009149,0.0,-0.007798,-0.0,-0.00657,-0.00218,0.0,-0.002187,-0.009967,-0.005918,-0.005619,-0.006126,-0.009219,-0.002313,-0.000991,-0.001091,0.0,-0.000292,-0.003502,-0.00436,-0.005948
2017-05-29 13:07:00+02:00,0.0,0.0,-0.0,-0.005625,-0.0,-0.0,-0.001376,-0.002377,-0.005025,-0.0,-0.0,0.0,-0.005897,-0.005855,-0.002203,-0.007701,-0.0,0.0,-0.0,-0.008454,0.0,-0.008375,-0.004002,0.0,-0.008324,-0.009027,-0.002094,0.0,-0.001274,-0.0,-0.0,-0.004784,0.0,-0.004383,-0.005514,0.0,-0.000158,-0.003602,0.0,-0.00956,-0.002246,0.0,-0.00307,0.0,-0.0,-0.002011,-0.002103,-0.004257,-0.002439,0.0,-0.0,-0.004649,-0.00458,-0.005855,-0.0,0.0,-0.0,0.0,0.0,-0.001411,-0.004639,-0.008681,-0.005002,0.0,-1e-06,-0.008214,-0.000815,-0.004512,0.0,-0.000774,-0.002012,-0.0,-0.0,-0.004822,-0.005784,0.0,-0.0,0.0,-0.002702,0.0,-0.004656,0.0,-0.00243,-0.008669,-0.0,-0.0,-0.005774,-0.0,-0.0,0.0,-0.0,-0.005157,-0.005897,0.0,-0.003522,-0.002827,-0.009079,-0.00915,0.0,-0.007814,-0.0,-0.006575,-0.002172,0.0,-0.002186,-0.00998,-0.005925,-0.005623,-0.00613,-0.009221,-0.002312,-0.00099,-0.001083,0.0,-0.000287,-0.003492,-0.004363,-0.005954
2017-05-29 13:08:00+02:00,0.0,0.0,-0.0,-0.005617,-0.0,-0.0,-0.001352,-0.002356,-0.005005,-0.0,-0.0,0.0,-0.005908,-0.005868,-0.00218,-0.007697,-0.0,0.0,-0.0,-0.008379,0.0,-0.008302,-0.003969,0.0,-0.008296,-0.009026,-0.002071,0.0,-0.001259,-0.0,-0.0,-0.004765,0.0,-0.004365,-0.005502,0.0,-0.000127,-0.003567,0.0,-0.009536,-0.002225,0.0,-0.002994,0.0,-0.0,-0.001987,-0.002091,-0.004211,-0.002414,0.0,-0.0,-0.004605,-0.004577,-0.005868,-0.0,0.0,-0.0,0.0,0.0,-0.00137,-0.004594,-0.008656,-0.004992,0.0,-1e-06,-0.008212,-0.00079,-0.004466,0.0,-0.000749,-0.001965,-0.0,-0.0,-0.004779,-0.005798,0.0,-0.0,0.0,-0.002664,0.0,-0.004652,0.0,-0.002409,-0.008645,-0.0,-0.0,-0.005784,-0.0,-0.0,0.0,-0.0,-0.005155,-0.005908,0.0,-0.003519,-0.002783,-0.009076,-0.009147,0.0,-0.007783,-0.0,-0.006569,-0.002126,0.0,-0.002164,-0.010002,-0.005937,-0.005586,-0.006122,-0.00922,-0.002291,-0.000974,-0.001039,0.0,-0.000242,-0.003414,-0.004349,-0.005965
2017-05-29 13:09:00+02:00,0.0,0.0,-0.0,-0.00562,-0.0,-0.0,-0.001342,-0.002349,-0.004995,-0.0,-0.0,0.0,-0.005914,-0.005874,-0.002167,-0.007702,-0.0,0.0,-0.0,-0.008309,0.0,-0.008233,-0.00396,0.0,-0.008283,-0.009035,-0.002063,0.0,-0.001252,-0.0,-0.0,-0.004756,0.0,-0.004357,-0.005501,0.0,-0.000101,-0.003555,0.0,-0.009527,-0.002218,0.0,-0.002915,0.0,-0.0,-0.001974,-0.002086,-0.004167,-0.002399,0.0,-0.0,-0.004565,-0.004581,-0.005874,-0.0,0.0,-0.0,0.0,0.0,-0.001352,-0.004551,-0.008646,-0.004991,0.0,-1e-06,-0.008219,-0.00078,-0.004423,0.0,-0.000738,-0.001916,-0.0,-0.0,-0.004741,-0.005805,0.0,-0.0,0.0,-0.00265,0.0,-0.004655,0.0,-0.002398,-0.008637,-0.0,-0.0,-0.005786,-0.0,-0.0,0.0,-0.0,-0.005161,-0.005914,0.0,-0.003522,-0.002756,-0.009083,-0.009155,0.0,-0.007766,-0.0,-0.006572,-0.002077,0.0,-0.002157,-0.010009,-0.005942,-0.005566,-0.006123,-0.009229,-0.002284,-0.000966,-0.000995,0.0,-0.000221,-0.003332,-0.004345,-0.005969
2017-05-29 13:10:00+02:00,0.0,0.0,-0.0,-0.005611,-0.0,-0.0,-0.001332,-0.002339,-0.005005,-0.0,-0.0,0.0,-0.005918,-0.005879,-0.002167,-0.007693,-0.0,0.0,-0.0,-0.008224,0.0,-0.00815,-0.003945,0.0,-0.008303,-0.009026,-0.002053,0.0,-0.001243,-0.0,-0.0,-0.004766,0.0,-0.004365,-0.00551,0.0,-8.6e-05,-0.003539,0.0,-0.009534,-0.002209,0.0,-0.002843,0.0,-0.0,-0.001958,-0.002077,-0.004119,-0.002398,0.0,-0.0,-0.004518,-0.004578,-0.005879,-0.0,0.0,-0.0,0.0,0.0,-0.001336,-0.004503,-0.008653,-0.00498,0.0,-0.0,-0.008209,-0.00077,-0.004374,0.0,-0.000728,-0.001871,-0.0,-0.0,-0.004694,-0.005812,0.0,-0.0,0.0,-0.002632,0.0,-0.00465,0.0,-0.002384,-0.008645,-0.0,-0.0,-0.005787,-0.0,-0.0,0.0,-0.0,-0.005157,-0.005918,0.0,-0.003519,-0.002752,-0.009071,-0.009143,0.0,-0.007776,-0.0,-0.006563,-0.002031,0.0,-0.002148,-0.010013,-0.005946,-0.005566,-0.006112,-0.009219,-0.002275,-0.000956,-0.000958,0.0,-0.000203,-0.003255,-0.004333,-0.005972
2017-05-29 13:11:00+02:00,0.0,0.0,-0.0,-0.005609,-0.0,-0.0,-0.00132,-0.002327,-0.005022,-0.0,-0.0,0.0,-0.005923,-0.005884,-0.002173,-0.007691,-0.0,0.0,-0.0,-0.008179,0.0,-0.008106,-0.003927,0.0,-0.008334,-0.009024,-0.002041,0.0,-0.001238,-0.0,-0.0,-0.004782,0.0,-0.004379,-0.005527,0.0,-8e-05,-0.003519,0.0,-0.009557,-0.002197,0.0,-0.002811,0.0,-0.0,-0.001951,-0.002073,-0.004094,-0.002403,0.0,-0.0,-0.004495,-0.004577,-0.005884,-0.0,0.0,-0.0,0.0,0.0,-0.001319,-0.004478,-0.008675,-0.004978,0.0,-0.0,-0.008207,-0.00076,-0.004348,0.0,-0.000718,-0.00185,-0.0,-0.0,-0.00467,-0.005819,0.0,-0.0,0.0,-0.002613,0.0,-0.004648,0.0,-0.002377,-0.008669,-0.0,-0.0,-0.005788,-0.0,-0.0,0.0,-0.0,-0.005158,-0.005923,0.0,-0.00352,-0.002757,-0.009067,-0.00914,0.0,-0.007799,-0.0,-0.006561,-0.00201,0.0,-0.002136,-0.010018,-0.005951,-0.005578,-0.006109,-0.009217,-0.002264,-0.000951,-0.000942,0.0,-0.000186,-0.003221,-0.004328,-0.005974
2017-05-29 13:12:00+02:00,0.0,0.0,-0.0,-0.005633,-0.0,-0.0,-0.001325,-0.002331,-0.00504,-0.0,-0.0,0.0,-0.005921,-0.005885,-0.002186,-0.007712,-0.0,0.0,-0.0,-0.008188,0.0,-0.008117,-0.003936,0.0,-0.008367,-0.009045,-0.002045,0.0,-0.00125,-0.0,-0.0,-0.0048,0.0,-0.004396,-0.005542,0.0,-9.4e-05,-0.003527,0.0,-0.009574,-0.002203,0.0,-0.002825,0.0,-0.0,-0.001972,-0.002084,-0.004099,-0.002414,0.0,-0.0,-0.004505,-0.004592,-0.005885,-0.0,0.0,-0.0,0.0,0.0,-0.001332,-0.004485,-0.008694,-0.005001,0.0,-0.0,-0.008229,-0.000767,-0.004353,0.0,-0.000725,-0.001857,-0.0,-0.0,-0.004678,-0.00582,0.0,-0.0,0.0,-0.002622,0.0,-0.00466,0.0,-0.002399,-0.008689,-0.0,-0.0,-0.005765,-0.0,-0.0,0.0,-0.0,-0.005171,-0.005921,0.0,-0.003535,-0.002777,-0.009084,-0.009157,0.0,-0.007824,-0.0,-0.006584,-0.002016,0.0,-0.002141,-0.010001,-0.00595,-0.005597,-0.00613,-0.009236,-0.002269,-0.000963,-0.000953,0.0,-0.000199,-0.003232,-0.00435,-0.005961
2017-05-29 13:13:00+02:00,0.0,0.0,-0.0,-0.005626,-0.0,-0.0,-0.001315,-0.002318,-0.005027,-0.0,-0.0,0.0,-0.005922,-0.005886,-0.002177,-0.0077,-0.0,0.0,-0.0,-0.008171,0.0,-0.008102,-0.003916,0.0,-0.008348,-0.009031,-0.002033,0.0,-0.001247,-0.0,-0.0,-0.004788,0.0,-0.004383,-0.005525,0.0,-7.8e-05,-0.003507,0.0,-0.009536,-0.002191,0.0,-0.002816,0.0,-0.0,-0.001966,-0.002078,-0.004089,-0.002402,0.0,-0.0,-0.004499,-0.004586,-0.005886,-0.0,0.0,-0.0,0.0,0.0,-0.001319,-0.004476,-0.008659,-0.004993,0.0,-0.0,-0.008216,-0.000759,-0.004344,0.0,-0.000718,-0.001851,-0.0,-0.0,-0.004672,-0.005823,0.0,-0.0,0.0,-0.002604,0.0,-0.004653,0.0,-0.002393,-0.008655,-0.0,-0.0,-0.005762,-0.0,-0.0,0.0,-0.0,-0.005166,-0.005922,0.0,-0.003533,-0.002759,-0.009066,-0.00914,0.0,-0.007798,-0.0,-0.006574,-0.002009,0.0,-0.00213,-0.009996,-0.005951,-0.005572,-0.006119,-0.00922,-0.002257,-0.00096,-0.000951,0.0,-0.000187,-0.003221,-0.004343,-0.005961
2017-05-29 13:14:00+02:00,0.0,0.0,-0.0,-0.005621,-0.0,-0.0,-0.001311,-0.002312,-0.005016,-0.0,-0.0,0.0,-0.005898,-0.005864,-0.002171,-0.00769,-0.0,0.0,-0.0,-0.008132,0.0,-0.008065,-0.003907,0.0,-0.008331,-0.009017,-0.002027,0.0,-0.001247,-0.0,-0.0,-0.004779,0.0,-0.004374,-0.005513,0.0,-7.2e-05,-0.003497,0.0,-0.009506,-0.002186,0.0,-0.002795,0.0,-0.0,-0.001967,-0.002076,-0.004069,-0.002394,0.0,-0.0,-0.004482,-0.004583,-0.005864,-0.0,0.0,-0.0,0.0,0.0,-0.001317,-0.004457,-0.008633,-0.004989,0.0,-0.0,-0.008204,-0.000757,-0.004323,0.0,-0.000717,-0.001838,-0.0,-0.0,-0.004654,-0.005808,0.0,-0.0,0.0,-0.002597,0.0,-0.004647,0.0,-0.002393,-0.00863,-0.0,-0.0,-0.005729,-0.0,-0.0,0.0,-0.0,-0.005161,-0.005898,0.0,-0.003532,-0.002749,-0.009049,-0.009124,0.0,-0.007777,-0.0,-0.006566,-0.001994,0.0,-0.002125,-0.009938,-0.005928,-0.005553,-0.006111,-0.009205,-0.002251,-0.000961,-0.000942,0.0,-0.000188,-0.003198,-0.004339,-0.005932
2017-05-29 13:15:00+02:00,0.0,0.0,-0.0,-0.005606,-0.0,-0.0,-0.001304,-0.002302,-0.005012,-0.0,-0.0,0.0,-0.005871,-0.005838,-0.002175,-0.007667,-0.0,0.0,-0.0,-0.008092,0.0,-0.008026,-0.003891,0.0,-0.008327,-0.008989,-0.002017,0.0,-0.001245,-0.0,-0.0,-0.004778,0.0,-0.004374,-0.00551,0.0,-8.2e-05,-0.003481,0.0,-0.00949,-0.002177,0.0,-0.002776,0.0,-0.0,-0.001964,-0.00207,-0.004048,-0.002395,0.0,-0.0,-0.004463,-0.004572,-0.005838,-0.0,0.0,-0.0,0.0,0.0,-0.001311,-0.004435,-0.008622,-0.004976,0.0,-0.0,-0.008179,-0.000753,-0.004301,0.0,-0.000713,-0.001825,-0.0,-0.0,-0.004634,-0.005783,0.0,-0.0,0.0,-0.002585,0.0,-0.004634,0.0,-0.002389,-0.00862,-0.0,-0.0,-0.005696,-0.0,-0.0,0.0,-0.0,-0.005149,-0.005871,0.0,-0.003525,-0.002754,-0.009018,-0.009093,0.0,-0.00777,-0.0,-0.006547,-0.001981,0.0,-0.002116,-0.009889,-0.005901,-0.005549,-0.006093,-0.009176,-0.002242,-0.00096,-0.000935,0.0,-0.000186,-0.003176,-0.004327,-0.005901
2017-05-29 13:16:00+02:00,0.0,0.0,-0.0,-0.005546,-0.0,-0.0,-0.001243,-0.002236,-0.004792,-0.0,-0.0,0.0,-0.005871,-0.005837,-0.002074,-0.007597,-0.0,0.0,-0.0,-0.008122,0.0,-0.008057,-0.00378,0.0,-0.00798,-0.008914,-0.001952,0.0,-0.001219,-0.0,-0.0,-0.004596,0.0,-0.004219,-0.005373,0.0,-6.6e-05,-0.003372,0.0,-0.009249,-0.002111,0.0,-0.002821,0.0,-0.0,-0.00192,-0.002039,-0.004066,-0.002288,0.0,-0.0,-0.004484,-0.004532,-0.005839,-0.0,0.0,-0.0,0.0,0.0,-0.001192,-0.004454,-0.008386,-0.004918,0.0,-0.0,-0.008108,-0.000685,-0.004318,0.0,-0.000647,-0.001852,-0.0,-0.0,-0.004655,-0.00572,0.0,-0.0,0.0,-0.002478,0.0,-0.004592,0.0,-0.002343,-0.008387,-0.0,-0.0,-0.005694,-0.0,-0.0,0.0,-0.0,-0.005108,-0.005871,0.0,-0.003491,-0.002594,-0.008942,-0.009016,0.0,-0.007483,-0.0,-0.006482,-0.002006,0.0,-0.002051,-0.009891,-0.005902,-0.005342,-0.006028,-0.0091,-0.002176,-0.000935,-0.00096,0.0,-0.000149,-0.003221,-0.004272,-0.005901
2017-05-29 13:17:00+02:00,0.0,0.0,-0.0,-0.005513,-0.0,-0.0,-0.001208,-0.002197,-0.004623,-0.0,-0.0,0.0,-0.005877,-0.005843,-0.00201,-0.007557,-0.0,0.0,-0.0,-0.008209,0.0,-0.008145,-0.003716,0.0,-0.007717,-0.00887,-0.001915,0.0,-0.001205,-0.0,-0.0,-0.004463,0.0,-0.00411,-0.005282,0.0,-5.3e-05,-0.003309,0.0,-0.009087,-0.002073,0.0,-0.002909,0.0,-0.0,-0.001899,-0.002021,-0.004115,-0.002219,0.0,-0.0,-0.004538,-0.00451,-0.005845,-0.0,0.0,-0.0,0.0,0.0,-0.001121,-0.004505,-0.008227,-0.004886,0.0,-0.0,-0.008066,-0.000643,-0.004367,0.0,-0.000609,-0.001905,-0.0,-0.0,-0.004708,-0.005689,0.0,-0.0,0.0,-0.002419,0.0,-0.004567,0.0,-0.00232,-0.00823,-0.0,-0.0,-0.005698,-0.0,-0.0,0.0,-0.0,-0.005084,-0.005877,0.0,-0.003472,-0.002494,-0.008894,-0.008969,0.0,-0.007276,-0.0,-0.006445,-0.002058,0.0,-0.002014,-0.009901,-0.005908,-0.005203,-0.00599,-0.009054,-0.002137,-0.000924,-0.001009,0.0,-0.000119,-0.003311,-0.004242,-0.005906
2017-05-29 13:18:00+02:00,0.0,0.0,-0.0,-0.005556,-0.0,-0.0,-0.001215,-0.0022,-0.004574,-0.0,-0.0,0.0,-0.005878,-0.005845,-0.002018,-0.007596,-0.0,0.0,-0.0,-0.008336,0.0,-0.008274,-0.003723,0.0,-0.007651,-0.008907,-0.00192,0.0,-0.001232,-0.0,-0.0,-0.004439,0.0,-0.004098,-0.005284,0.0,-5e-05,-0.003318,0.0,-0.009082,-0.002079,0.0,-0.003024,0.0,-0.0,-0.001946,-0.002045,-0.004186,-0.002224,0.0,-0.0,-0.004615,-0.004535,-0.005847,-0.0,0.0,-0.0,0.0,0.0,-0.001121,-0.004579,-0.008224,-0.00493,0.0,-3.7e-05,-0.008104,-0.000643,-0.004439,0.0,-0.000612,-0.001975,-0.0,-0.0,-0.004786,-0.005712,0.0,-0.0,0.0,-0.002431,0.0,-0.00459,0.0,-0.002365,-0.008227,-0.0,-0.0,-0.005694,-0.0,-0.0,0.0,-0.0,-0.005109,-0.005878,0.0,-0.003499,-0.002511,-0.008927,-0.009003,0.0,-0.007241,-0.0,-0.006486,-0.002125,0.0,-0.002019,-0.009903,-0.00591,-0.005203,-0.006031,-0.009089,-0.002141,-0.000952,-0.001073,0.0,-0.000127,-0.003429,-0.004285,-0.005906
2017-05-29 13:19:00+02:00,0.0,0.0,-1.3e-05,-0.005632,-0.0,-0.0,-0.001234,-0.002217,-0.004614,-0.0,-0.0,0.0,-0.005871,-0.00584,-0.002072,-0.007666,-0.0,0.0,-0.0,-0.008434,0.0,-0.008373,-0.003754,0.0,-0.007723,-0.008972,-0.001938,0.0,-0.001281,-0.0,-0.0,-0.004488,0.0,-0.004148,-0.005337,0.0,-0.000115,-0.00335,0.0,-0.009164,-0.002098,0.0,-0.003123,0.0,-0.0,-0.002028,-0.00209,-0.004242,-0.002276,0.0,-0.0,-0.004676,-0.004579,-0.00584,-0.0,0.0,-0.0,0.0,0.0,-0.001147,-0.004638,-0.008308,-0.005007,0.0,-8.5e-05,-0.008173,-0.000657,-0.004495,0.0,-0.000629,-0.002033,-0.0,-0.0,-0.004848,-0.005727,0.0,-0.0,0.0,-0.002465,0.0,-0.004631,0.0,-0.002447,-0.008312,-0.0,-0.0,-0.005672,-0.0,-0.0,0.0,-0.0,-0.005151,-0.005871,0.0,-0.003545,-0.002601,-0.008987,-0.009064,0.0,-0.00732,-0.0,-0.00656,-0.002182,0.0,-0.002039,-0.009876,-0.005903,-0.005286,-0.006103,-0.009153,-0.00216,-0.001001,-0.001131,0.0,-0.000159,-0.003527,-0.004363,-0.00589
2017-05-29 13:20:00+02:00,0.0,0.0,-1.1e-05,-0.005634,-0.0,-0.0,-0.001225,-0.002205,-0.004591,-0.0,-0.0,0.0,-0.005863,-0.005833,-0.002068,-0.00766,-0.0,0.0,-0.0,-0.008433,0.0,-0.008373,-0.003736,0.0,-0.00769,-0.00896,-0.001927,0.0,-0.001286,-0.0,-0.0,-0.004473,0.0,-0.004135,-0.005322,0.0,-9.9e-05,-0.003333,0.0,-0.009131,-0.002088,0.0,-0.003135,0.0,-0.0,-0.002038,-0.002092,-0.004242,-0.002269,0.0,-0.0,-0.004678,-0.004577,-0.005833,-0.0,0.0,-0.0,0.0,0.0,-0.001123,-0.004638,-0.008279,-0.00501,0.0,-6.8e-05,-0.008164,-0.000644,-0.004494,0.0,-0.000617,-0.00204,-0.0,-0.0,-0.00485,-0.005739,0.0,-0.0,0.0,-0.00245,0.0,-0.004628,0.0,-0.002457,-0.008285,-0.0,-0.0,-0.005659,-0.0,-0.0,0.0,-0.0,-0.005148,-0.005863,0.0,-0.003548,-0.002595,-0.008972,-0.009049,0.0,-0.007292,-0.0,-0.006558,-0.002187,0.0,-0.002029,-0.00986,-0.005896,-0.005267,-0.006102,-0.009139,-0.002149,-0.001007,-0.00114,0.0,-0.000142,-0.003538,-0.004367,-0.00588
2017-05-29 13:21:00+02:00,0.0,0.0,-9e-06,-0.005665,-0.0,-0.0,-0.00124,-0.002219,-0.004584,-0.0,-0.0,0.0,-0.005865,-0.005836,-0.002074,-0.007685,-0.0,0.0,-0.0,-0.008438,0.0,-0.00838,-0.003762,0.0,-0.007685,-0.008982,-0.001942,0.0,-0.001308,-0.0,-0.0,-0.004473,0.0,-0.004137,-0.005323,0.0,-0.000102,-0.00336,0.0,-0.009124,-0.002105,0.0,-0.003169,0.0,-0.0,-0.002075,-0.00211,-0.004249,-0.002273,0.0,-0.0,-0.004687,-0.004593,-0.005836,-0.0,0.0,-0.0,0.0,0.0,-0.001146,-0.004644,-0.008277,-0.005042,0.0,-8.1e-05,-0.008188,-0.000656,-0.004498,0.0,-0.000632,-0.002059,-0.0,-0.0,-0.004857,-0.005751,0.0,-0.0,0.0,-0.002478,0.0,-0.004642,0.0,-0.002494,-0.008284,-0.0,-0.0,-0.00566,-0.0,-0.0,0.0,-0.0,-0.005163,-0.005865,0.0,-0.003567,-0.002605,-0.00899,-0.009068,0.0,-0.007289,-0.0,-0.006587,-0.002204,0.0,-0.002046,-0.009864,-0.005898,-0.00527,-0.00613,-0.009159,-0.002165,-0.001029,-0.001163,0.0,-0.000167,-0.00357,-0.004399,-0.005882
2017-05-29 13:22:00+02:00,0.0,0.0,-7e-06,-0.005701,-0.0,-0.0,-0.001253,-0.00223,-0.004585,-0.0,-0.0,0.0,-0.005838,-0.00581,-0.002086,-0.007713,-0.0,0.0,-0.0,-0.00845,0.0,-0.008393,-0.003782,0.0,-0.00769,-0.009005,-0.001953,0.0,-0.001334,-0.0,-0.0,-0.00448,0.0,-0.004144,-0.00533,0.0,-0.000117,-0.003381,0.0,-0.009128,-0.002118,0.0,-0.00321,0.0,-0.0,-0.002119,-0.002132,-0.00426,-0.002283,0.0,-0.0,-0.0047,-0.004613,-0.00581,-0.0,0.0,-0.0,0.0,0.0,-0.001167,-0.004655,-0.008283,-0.00508,0.0,-0.0001,-0.008215,-0.000668,-0.004508,0.0,-0.000646,-0.002083,-0.0,-0.0,-0.004869,-0.005753,0.0,-0.0,0.0,-0.0025,0.0,-0.004659,0.0,-0.002538,-0.008292,-0.0,-0.0,-0.005619,-0.0,-0.0,0.0,-0.0,-0.005182,-0.005838,0.0,-0.00359,-0.002624,-0.009011,-0.009089,0.0,-0.007295,-0.0,-0.00662,-0.002226,0.0,-0.002059,-0.009802,-0.005872,-0.005281,-0.006162,-0.009182,-0.002177,-0.001055,-0.001188,0.0,-0.00019,-0.00361,-0.004438,-0.00585
2017-05-29 13:23:00+02:00,0.0,0.0,-6e-06,-0.005684,-0.0,-0.0,-0.001241,-0.002215,-0.004562,-0.0,-0.0,0.0,-0.005841,-0.005813,-0.002076,-0.007687,-0.0,0.0,-0.0,-0.008431,0.0,-0.008375,-0.003758,0.0,-0.007655,-0.008974,-0.001939,0.0,-0.00133,-0.0,-0.0,-0.004462,0.0,-0.004128,-0.005312,0.0,-0.0001,-0.003358,0.0,-0.009089,-0.002104,0.0,-0.003203,0.0,-0.0,-0.002114,-0.002124,-0.004249,-0.002271,0.0,-0.0,-0.004692,-0.0046,-0.005813,-0.0,0.0,-0.0,0.0,0.0,-0.001147,-0.004644,-0.008248,-0.005064,0.0,-8e-05,-0.008187,-0.000656,-0.004496,0.0,-0.000635,-0.002079,-0.0,-0.0,-0.004861,-0.005758,0.0,-0.0,0.0,-0.002479,0.0,-0.004644,0.0,-0.002532,-0.008259,-0.0,-0.0,-0.005621,-0.0,-0.0,0.0,-0.0,-0.005168,-0.005841,0.0,-0.003582,-0.002609,-0.008977,-0.009055,0.0,-0.007262,-0.0,-0.006598,-0.00222,0.0,-0.002046,-0.009807,-0.005875,-0.005255,-0.006142,-0.009149,-0.002163,-0.001053,-0.001184,0.0,-0.000173,-0.003602,-0.004424,-0.005852
2017-05-29 13:24:00+02:00,0.0,0.0,-4e-06,-0.005635,-0.0,-0.0,-0.00124,-0.002214,-0.004538,-0.0,-0.0,0.0,-0.005853,-0.005824,-0.002064,-0.007631,-0.0,0.0,-0.0,-0.008435,0.0,-0.008381,-0.00376,0.0,-0.007622,-0.008916,-0.001938,0.0,-0.00131,-0.0,-0.0,-0.004443,0.0,-0.00411,-0.005287,0.0,-8e-05,-0.003358,0.0,-0.009041,-0.002104,0.0,-0.003198,0.0,-0.0,-0.00208,-0.0021,-0.004247,-0.002257,0.0,-0.0,-0.004694,-0.004568,-0.005824,-0.0,0.0,-0.0,0.0,0.0,-0.001145,-0.004645,-0.008206,-0.005018,0.0,-6.4e-05,-0.008129,-0.000654,-0.004494,0.0,-0.000634,-0.002075,-0.0,-0.0,-0.004865,-0.005771,0.0,-0.0,0.0,-0.00248,0.0,-0.00461,0.0,-0.002497,-0.008218,-0.0,-0.0,-0.00563,-0.0,-0.0,0.0,-0.0,-0.005135,-0.005853,0.0,-0.003552,-0.00259,-0.008917,-0.008996,0.0,-0.007228,-0.0,-0.006544,-0.002216,0.0,-0.002046,-0.009826,-0.005887,-0.005225,-0.006087,-0.00909,-0.002163,-0.001034,-0.001181,0.0,-0.000171,-0.003596,-0.00438,-0.005862
2017-05-29 13:25:00+02:00,0.0,0.0,-4e-06,-0.005591,-0.0,-0.0,-0.001257,-0.002232,-0.004514,-0.0,-0.0,0.0,-0.005864,-0.005835,-0.00205,-0.007579,-0.0,0.0,-0.0,-0.008471,0.0,-0.008418,-0.003792,0.0,-0.007585,-0.008863,-0.001954,0.0,-0.001292,-0.0,-0.0,-0.004422,0.0,-0.004088,-0.005263,0.0,-6.4e-05,-0.003388,0.0,-0.008994,-0.002122,0.0,-0.00322,0.0,-0.0,-0.002051,-0.002078,-0.004262,-0.00224,0.0,-0.0,-0.004714,-0.004539,-0.005835,-0.0,0.0,-0.0,0.0,0.0,-0.001171,-0.004662,-0.008164,-0.004977,0.0,-7.3e-05,-0.008076,-0.000669,-0.00451,0.0,-0.00065,-0.002088,-0.0,-0.0,-0.004888,-0.005779,0.0,-0.0,0.0,-0.00251,0.0,-0.004578,0.0,-0.002466,-0.008176,-0.0,-0.0,-0.005638,-0.0,-0.0,0.0,-0.0,-0.005105,-0.005864,0.0,-0.003526,-0.002567,-0.008863,-0.008942,0.0,-0.007188,-0.0,-0.006494,-0.002227,0.0,-0.002064,-0.009845,-0.005898,-0.005191,-0.006038,-0.009037,-0.002182,-0.001017,-0.001194,0.0,-0.000196,-0.003618,-0.004341,-0.005873
2017-05-29 13:26:00+02:00,0.0,0.0,-3e-06,-0.00561,-0.0,-0.0,-0.001279,-0.002256,-0.004516,-0.0,-0.0,0.0,-0.005873,-0.005844,-0.002057,-0.007595,-0.0,0.0,-0.0,-0.008517,0.0,-0.008465,-0.003835,0.0,-0.007592,-0.00888,-0.001978,0.0,-0.001304,-0.0,-0.0,-0.004427,0.0,-0.004094,-0.005271,0.0,-6.9e-05,-0.003429,0.0,-0.008999,-0.002148,0.0,-0.003255,0.0,-0.0,-0.002071,-0.002088,-0.004284,-0.002245,0.0,-0.0,-0.004741,-0.004551,-0.005844,-0.0,0.0,-0.0,0.0,0.0,-0.001206,-0.004687,-0.008171,-0.004996,0.0,-9.3e-05,-0.008091,-0.000689,-0.004533,0.0,-0.000671,-0.002109,-0.0,-0.0,-0.004919,-0.005791,0.0,-0.0,0.0,-0.002551,0.0,-0.004589,0.0,-0.002487,-0.008185,-0.0,-0.0,-0.005642,-0.0,-0.0,0.0,-0.0,-0.005118,-0.005873,0.0,-0.003539,-0.002578,-0.008876,-0.008955,0.0,-0.007193,-0.0,-0.006512,-0.002247,0.0,-0.00209,-0.009856,-0.005906,-0.005196,-0.006054,-0.009053,-0.002207,-0.001028,-0.001214,0.0,-0.000231,-0.003652,-0.00436,-0.00588
2017-05-29 13:27:00+02:00,0.0,0.0,-2e-06,-0.005646,-0.0,-0.0,-0.001285,-0.00226,-0.004486,-0.0,-0.0,0.0,-0.005876,-0.005847,-0.002039,-0.007632,-0.0,0.0,-0.0,-0.008547,0.0,-0.008497,-0.003844,0.0,-0.007543,-0.008916,-0.001982,0.0,-0.001322,-0.0,-0.0,-0.004401,0.0,-0.004068,-0.005244,0.0,-5.5e-05,-0.003437,0.0,-0.008943,-0.002155,0.0,-0.003279,0.0,-0.0,-0.002101,-0.002105,-0.004299,-0.002225,0.0,-0.0,-0.004761,-0.004576,-0.005847,-0.0,0.0,-0.0,0.0,0.0,-0.001215,-0.004705,-0.008119,-0.005031,0.0,-0.000103,-0.008128,-0.000693,-0.004549,0.0,-0.000677,-0.002123,-0.0,-0.0,-0.004941,-0.005786,0.0,-0.0,0.0,-0.002561,0.0,-0.004612,0.0,-0.002518,-0.008134,-0.0,-0.0,-0.005634,-0.0,-0.0,0.0,-0.0,-0.005143,-0.005876,0.0,-0.003564,-0.002548,-0.008907,-0.008988,0.0,-0.007143,-0.0,-0.006548,-0.002261,0.0,-0.002096,-0.009856,-0.005909,-0.005153,-0.006088,-0.009088,-0.002213,-0.001046,-0.001227,0.0,-0.000239,-0.003676,-0.004393,-0.005881
2017-05-29 13:28:00+02:00,0.0,0.0,-2e-06,-0.005643,-0.0,-0.0,-0.001277,-0.002249,-0.004432,-0.0,-0.0,0.0,-0.005874,-0.005846,-0.002002,-0.007626,-0.0,0.0,-0.0,-0.008556,0.0,-0.008508,-0.003827,0.0,-0.007456,-0.008907,-0.001973,0.0,-0.001322,-0.0,-0.0,-0.004349,0.0,-0.004018,-0.005186,0.0,-4.4e-05,-0.003423,0.0,-0.008837,-0.002147,0.0,-0.003289,0.0,-0.0,-0.002102,-0.002103,-0.004303,-0.002184,0.0,-0.0,-0.00477,-0.004575,-0.005846,-0.0,0.0,-0.0,0.0,0.0,-0.001204,-0.004712,-0.008018,-0.005028,0.0,-0.000104,-0.008122,-0.000687,-0.004553,0.0,-0.000671,-0.002129,-0.0,-0.0,-0.00495,-0.005746,0.0,-0.0,0.0,-0.002549,0.0,-0.004609,0.0,-0.002519,-0.008035,-0.0,-0.0,-0.005613,-0.0,-0.0,0.0,-0.0,-0.005141,-0.005874,0.0,-0.003564,-0.002488,-0.008896,-0.008977,0.0,-0.007054,-0.0,-0.006544,-0.002266,0.0,-0.002089,-0.009832,-0.005903,-0.005075,-0.006082,-0.009078,-0.002204,-0.001047,-0.001232,0.0,-0.00023,-0.003686,-0.004391,-0.00587
2017-05-29 13:29:00+02:00,0.0,0.0,-1e-06,-0.005644,-0.0,-0.0,-0.001271,-0.00224,-0.004396,-0.0,-0.0,0.0,-0.005877,-0.005849,-0.001979,-0.007624,-0.0,0.0,-0.0,-0.008553,0.0,-0.008507,-0.003814,0.0,-0.007398,-0.008904,-0.001965,0.0,-0.001322,-0.0,-0.0,-0.004315,0.0,-0.003986,-0.005149,0.0,-3.5e-05,-0.003411,0.0,-0.008766,-0.00214,0.0,-0.003285,0.0,-0.0,-0.002102,-0.002101,-0.004298,-0.002159,0.0,-0.0,-0.004769,-0.004577,-0.005849,-0.0,0.0,-0.0,0.0,0.0,-0.001195,-0.00471,-0.007952,-0.005028,0.0,-9.9e-05,-0.00812,-0.000681,-0.004549,0.0,-0.000666,-0.002127,-0.0,-0.0,-0.004952,-0.005721,0.0,-0.0,0.0,-0.002539,0.0,-0.004608,0.0,-0.002519,-0.007969,-0.0,-0.0,-0.005615,-0.0,-0.0,0.0,-0.0,-0.005141,-0.005877,0.0,-0.003567,-0.002451,-0.008889,-0.008971,0.0,-0.006995,-0.0,-0.006544,-0.002262,0.0,-0.002082,-0.009836,-0.005905,-0.005023,-0.006081,-0.009073,-0.002196,-0.001047,-0.00123,0.0,-0.000223,-0.003681,-0.00439,-0.005872
2017-05-29 13:30:00+02:00,0.0,0.0,-1e-06,-0.005651,-0.0,-0.0,-0.001273,-0.00224,-0.004378,-0.0,-0.0,0.0,-0.005878,-0.00585,-0.001969,-0.007629,-0.0,0.0,-0.0,-0.008553,0.0,-0.008508,-0.003816,0.0,-0.00737,-0.008906,-0.001966,0.0,-0.001325,-0.0,-0.0,-0.004298,0.0,-0.003971,-0.00513,0.0,-2.8e-05,-0.003414,0.0,-0.008727,-0.002142,0.0,-0.003283,0.0,-0.0,-0.002107,-0.002102,-0.004295,-0.002147,0.0,-0.0,-0.00477,-0.004582,-0.00585,-0.0,0.0,-0.0,0.0,0.0,-0.0012,-0.004709,-0.007915,-0.005034,0.0,-9.9e-05,-0.008124,-0.000684,-0.004546,0.0,-0.00067,-0.002125,-0.0,-0.0,-0.004955,-0.005712,0.0,-0.0,0.0,-0.002543,0.0,-0.004611,0.0,-0.002525,-0.007934,-0.0,-0.0,-0.005607,-0.0,-0.0,0.0,-0.0,-0.005144,-0.005878,0.0,-0.003572,-0.002436,-0.008888,-0.008971,0.0,-0.006964,-0.0,-0.00655,-0.002259,0.0,-0.002084,-0.009836,-0.005905,-0.004997,-0.006085,-0.009075,-0.002197,-0.00105,-0.001231,0.0,-0.000229,-0.003678,-0.004395,-0.005872
2017-05-29 13:31:00+02:00,0.0,0.0,-1e-06,-0.005648,-0.0,-0.0,-0.00127,-0.002235,-0.004461,-0.0,-0.0,0.0,-0.005879,-0.005851,-0.002006,-0.007623,-0.0,0.0,-0.0,-0.008502,0.0,-0.008458,-0.003809,0.0,-0.007503,-0.008899,-0.001962,0.0,-0.001324,-0.0,-0.0,-0.004365,0.0,-0.004025,-0.00517,0.0,-5.7e-05,-0.003408,0.0,-0.008787,-0.00214,0.0,-0.003233,0.0,-0.0,-0.002105,-0.002099,-0.004263,-0.002182,0.0,-0.0,-0.004741,-0.004582,-0.005851,-0.0,0.0,-0.0,0.0,0.0,-0.001196,-0.00468,-0.007979,-0.005031,0.0,-8e-05,-0.008118,-0.000681,-0.004515,0.0,-0.000668,-0.002095,-0.0,-0.0,-0.004928,-0.005733,0.0,-0.0,0.0,-0.002539,0.0,-0.004609,0.0,-0.002522,-0.007998,-0.0,-0.0,-0.005603,-0.0,-0.0,0.0,-0.0,-0.005142,-0.005879,0.0,-0.003573,-0.002491,-0.008878,-0.008961,0.0,-0.007061,-0.0,-0.006547,-0.002229,0.0,-0.002082,-0.009832,-0.005905,-0.00506,-0.00608,-0.009067,-0.002194,-0.001049,-0.001202,0.0,-0.000226,-0.003627,-0.004391,-0.005872
2017-05-29 13:32:00+02:00,0.0,0.0,-1e-06,-0.00567,-0.0,-0.0,-0.001281,-0.002249,-0.004502,-0.0,-0.0,0.0,-0.005881,-0.005853,-0.002015,-0.007644,-0.0,0.0,-0.0,-0.00849,0.0,-0.008449,-0.003835,0.0,-0.007565,-0.00892,-0.001974,0.0,-0.001336,-0.0,-0.0,-0.004391,0.0,-0.004042,-0.005176,0.0,-5.7e-05,-0.003429,0.0,-0.008787,-0.002154,0.0,-0.003223,0.0,-0.0,-0.002127,-0.00211,-0.004256,-0.002189,0.0,-0.0,-0.004737,-0.004597,-0.005853,-0.0,0.0,-0.0,0.0,0.0,-0.001215,-0.004675,-0.007983,-0.005052,0.0,-6.4e-05,-0.008139,-0.000691,-0.004508,0.0,-0.000679,-0.00209,-0.0,-0.0,-0.004926,-0.005749,0.0,-0.0,0.0,-0.00256,0.0,-0.004622,0.0,-0.002544,-0.008004,-0.0,-0.0,-0.005596,-0.0,-0.0,0.0,-0.0,-0.005157,-0.005881,0.0,-0.003588,-0.002504,-0.008895,-0.008979,0.0,-0.007091,-0.0,-0.006568,-0.002223,0.0,-0.002096,-0.009827,-0.005905,-0.005069,-0.006099,-0.009086,-0.002209,-0.001062,-0.001195,0.0,-0.000244,-0.003618,-0.004412,-0.005872
2017-05-29 13:33:00+02:00,0.0,0.0,-1e-06,-0.005663,-0.0,-0.0,-0.001283,-0.002254,-0.004546,-0.0,-0.0,0.0,-0.005871,-0.005844,-0.002031,-0.007635,-0.0,0.0,-0.0,-0.008398,0.0,-0.008357,-0.003845,0.0,-0.007635,-0.008911,-0.001976,0.0,-0.001334,-0.0,-0.0,-0.004425,0.0,-0.004068,-0.005194,0.0,-6.3e-05,-0.003435,0.0,-0.008808,-0.002158,0.0,-0.003141,0.0,-0.0,-0.002122,-0.002105,-0.004203,-0.002204,0.0,-0.0,-0.004684,-0.004595,-0.005844,-0.0,0.0,-0.0,0.0,0.0,-0.001219,-0.004622,-0.008008,-0.005046,0.0,-5.1e-05,-0.00813,-0.000693,-0.004454,0.0,-0.000682,-0.002041,-0.0,-0.0,-0.004875,-0.00576,0.0,-0.0,0.0,-0.002565,0.0,-0.004618,0.0,-0.00254,-0.00803,-0.0,-0.0,-0.005573,-0.0,-0.0,0.0,-0.0,-0.005153,-0.005871,0.0,-0.003587,-0.002526,-0.008883,-0.008968,0.0,-0.007137,-0.0,-0.00656,-0.002173,0.0,-0.0021,-0.009794,-0.005886,-0.005094,-0.006091,-0.009076,-0.002214,-0.00106,-0.001149,0.0,-0.000248,-0.003534,-0.004405,-0.005854
2017-05-29 13:34:00+02:00,0.0,0.0,-0.0,-0.005676,-0.0,-0.0,-0.001284,-0.002258,-0.004602,-0.0,-0.0,0.0,-0.005887,-0.005859,-0.002057,-0.007649,-0.0,0.0,-0.0,-0.00834,0.0,-0.008302,-0.003855,0.0,-0.00773,-0.008926,-0.001978,0.0,-0.001337,-0.0,-0.0,-0.004473,0.0,-0.004112,-0.005236,0.0,-7.7e-05,-0.00344,0.0,-0.008874,-0.002162,0.0,-0.003077,0.0,-0.0,-0.002128,-0.002108,-0.004167,-0.002229,0.0,-0.0,-0.004649,-0.004605,-0.005859,-0.0,0.0,-0.0,0.0,0.0,-0.001219,-0.004587,-0.008072,-0.005057,0.0,-4.1e-05,-0.008144,-0.000693,-0.004419,0.0,-0.000682,-0.002002,-0.0,-0.0,-0.004843,-0.005785,0.0,-0.0,0.0,-0.002569,0.0,-0.004626,0.0,-0.002547,-0.008095,-0.0,-0.0,-0.005587,-0.0,-0.0,0.0,-0.0,-0.005161,-0.005887,0.0,-0.003596,-0.002563,-0.008895,-0.00898,0.0,-0.007211,-0.0,-0.006574,-0.002135,0.0,-0.002103,-0.009821,-0.005901,-0.005145,-0.006102,-0.009091,-0.002219,-0.001062,-0.001112,0.0,-0.000247,-0.003469,-0.004414,-0.005869
2017-05-29 13:35:00+02:00,0.0,0.0,-0.0,-0.005722,-0.0,-0.0,-0.001288,-0.002265,-0.004699,-0.0,-0.0,0.0,-0.005896,-0.005867,-0.002118,-0.007702,-0.0,0.0,-0.0,-0.008307,0.0,-0.00827,-0.003869,0.0,-0.007893,-0.008985,-0.001982,0.0,-0.001352,-0.0,-0.0,-0.004564,0.0,-0.004198,-0.005334,0.0,-0.000135,-0.003448,0.0,-0.009033,-0.002167,0.0,-0.003026,0.0,-0.0,-0.002154,-0.002125,-0.004144,-0.00229,0.0,-0.0,-0.004629,-0.004639,-0.005867,-0.0,0.0,-0.0,0.0,0.0,-0.001227,-0.004567,-0.008223,-0.005098,0.0,-3.3e-05,-0.008199,-0.000697,-0.004396,0.0,-0.000687,-0.001971,-0.0,-0.0,-0.004825,-0.005802,0.0,-0.0,0.0,-0.002577,0.0,-0.004658,0.0,-0.002575,-0.008247,-0.0,-0.0,-0.005593,-0.0,-0.0,0.0,-0.0,-0.005196,-0.005896,0.0,-0.003626,-0.002654,-0.00895,-0.009036,0.0,-0.007357,-0.0,-0.006624,-0.002105,0.0,-0.002109,-0.009835,-0.005908,-0.005261,-0.006147,-0.009149,-0.002227,-0.001076,-0.00108,0.0,-0.000253,-0.003417,-0.004451,-0.005877
2017-05-29 13:36:00+02:00,0.0,0.0,-0.0,-0.005713,-0.0,-0.0,-0.001267,-0.002244,-0.004739,-0.0,-0.0,0.0,-0.005902,-0.005873,-0.002135,-0.007696,-0.0,0.0,-0.0,-0.008224,0.0,-0.008187,-0.003835,0.0,-0.007962,-0.008982,-0.001959,0.0,-0.001341,-0.0,-0.0,-0.004601,0.0,-0.004232,-0.005378,0.0,-0.000133,-0.00341,0.0,-0.0091,-0.002145,0.0,-0.002937,0.0,-0.0,-0.002134,-0.002114,-0.004094,-0.002306,0.0,-0.0,-0.00458,-0.004639,-0.005873,-0.0,0.0,-0.0,0.0,0.0,-0.001191,-0.004518,-0.008284,-0.005087,0.0,-2.6e-05,-0.008195,-0.000676,-0.004346,0.0,-0.000665,-0.001918,-0.0,-0.0,-0.004779,-0.005814,0.0,-0.0,0.0,-0.00254,0.0,-0.004656,0.0,-0.002557,-0.00831,-0.0,-0.0,-0.005595,-0.0,-0.0,0.0,-0.0,-0.005194,-0.005902,0.0,-0.003623,-0.002673,-0.008945,-0.009031,0.0,-0.007413,-0.0,-0.006617,-0.002053,0.0,-0.002086,-0.009844,-0.005913,-0.005298,-0.006137,-0.009146,-0.002206,-0.001064,-0.001027,0.0,-0.000217,-0.003328,-0.004437,-0.005882
2017-05-29 13:37:00+02:00,0.0,0.0,-0.0,-0.005709,-0.0,-0.0,-0.00125,-0.002227,-0.004772,-0.0,-0.0,0.0,-0.005908,-0.00588,-0.002149,-0.007695,-0.0,0.0,-0.0,-0.00816,0.0,-0.008124,-0.003809,0.0,-0.008018,-0.008984,-0.00194,0.0,-0.001333,-0.0,-0.0,-0.00463,0.0,-0.00426,-0.005413,0.0,-0.000134,-0.00338,0.0,-0.009153,-0.002128,0.0,-0.002862,0.0,-0.0,-0.002121,-0.002107,-0.004054,-0.002319,0.0,-0.0,-0.004541,-0.004641,-0.00588,-0.0,0.0,-0.0,0.0,0.0,-0.001162,-0.00448,-0.008332,-0.005081,0.0,-2.1e-05,-0.008195,-0.000659,-0.004307,0.0,-0.000648,-0.001874,-0.0,-0.0,-0.004743,-0.005825,0.0,-0.0,0.0,-0.002512,0.0,-0.004656,0.0,-0.002545,-0.00836,-0.0,-0.0,-0.005597,-0.0,-0.0,0.0,-0.0,-0.005195,-0.005908,0.0,-0.003623,-0.002691,-0.008943,-0.00903,0.0,-0.007457,-0.0,-0.006615,-0.002008,0.0,-0.002069,-0.009851,-0.005917,-0.005328,-0.006132,-0.009147,-0.00219,-0.001056,-0.000983,0.0,-0.000189,-0.003253,-0.004429,-0.005886
2017-05-29 13:38:00+02:00,0.0,0.0,-0.0,-0.005706,-0.0,-0.0,-0.001214,-0.002191,-0.004793,-0.0,-0.0,0.0,-0.005918,-0.005889,-0.002155,-0.007696,-0.0,0.0,-0.0,-0.008148,0.0,-0.008114,-0.003748,0.0,-0.008054,-0.008987,-0.001903,0.0,-0.001324,-0.0,-0.0,-0.004648,0.0,-0.004278,-0.005437,0.0,-0.000122,-0.003316,0.0,-0.009185,-0.00209,0.0,-0.002836,0.0,-0.0,-0.002107,-0.0021,-0.004044,-0.002324,0.0,-0.0,-0.004535,-0.004644,-0.005889,-0.0,0.0,-0.0,0.0,0.0,-0.001099,-0.004474,-0.008362,-0.005076,0.0,-1.7e-05,-0.008196,-0.000623,-0.004297,0.0,-0.000612,-0.001859,-0.0,-0.0,-0.004739,-0.005839,0.0,-0.0,0.0,-0.00245,0.0,-0.004657,0.0,-0.002532,-0.00839,-0.0,-0.0,-0.0056,-0.0,-0.0,0.0,-0.0,-0.005198,-0.005918,0.0,-0.003624,-0.002692,-0.008944,-0.009031,0.0,-0.007483,-0.0,-0.006614,-0.001994,0.0,-0.002031,-0.009863,-0.005925,-0.005341,-0.006128,-0.00915,-0.002154,-0.001046,-0.000963,0.0,-0.000152,-0.003229,-0.004421,-0.005894
2017-05-29 13:39:00+02:00,0.0,0.0,-0.0,-0.00572,-0.0,-0.0,-0.001205,-0.002184,-0.004803,-0.0,-0.0,0.0,-0.005927,-0.005898,-0.002154,-0.007714,-0.0,0.0,-0.0,-0.008182,0.0,-0.008149,-0.003738,0.0,-0.008072,-0.009008,-0.001894,0.0,-0.001325,-0.0,-0.0,-0.004656,0.0,-0.004285,-0.005446,0.0,-0.000106,-0.003302,0.0,-0.009193,-0.002083,0.0,-0.002856,0.0,-0.0,-0.002107,-0.002102,-0.00406,-0.002321,0.0,-0.0,-0.004555,-0.004658,-0.005898,-0.0,0.0,-0.0,0.0,0.0,-0.001082,-0.004494,-0.008369,-0.005087,0.0,-1.3e-05,-0.008215,-0.000613,-0.004314,0.0,-0.000601,-0.001873,-0.0,-0.0,-0.004762,-0.005852,0.0,-0.0,0.0,-0.002435,0.0,-0.004668,0.0,-0.002534,-0.008399,-0.0,-0.0,-0.005604,-0.0,-0.0,0.0,-0.0,-0.005211,-0.005927,0.0,-0.003635,-0.002686,-0.008961,-0.00905,0.0,-0.007492,-0.0,-0.00663,-0.002006,0.0,-0.002024,-0.009875,-0.005932,-0.00534,-0.00614,-0.00917,-0.002147,-0.001046,-0.00097,0.0,-0.00013,-0.003252,-0.004429,-0.005902
2017-05-29 13:40:00+02:00,0.0,0.0,-0.0,-0.005724,-0.0,-0.0,-0.001206,-0.002187,-0.004797,-0.0,-0.0,0.0,-0.00593,-0.005901,-0.002143,-0.007719,-0.0,0.0,-0.0,-0.008149,0.0,-0.008118,-0.003746,0.0,-0.008064,-0.009016,-0.001897,0.0,-0.001323,-0.0,-0.0,-0.004649,0.0,-0.004279,-0.005441,0.0,-8.5e-05,-0.003308,0.0,-0.009175,-0.002088,0.0,-0.002845,0.0,-0.0,-0.002104,-0.0021,-0.004045,-0.002309,0.0,-0.0,-0.00454,-0.004665,-0.005901,-0.0,0.0,-0.0,0.0,0.0,-0.001085,-0.004479,-0.008352,-0.005089,0.0,-1.1e-05,-0.008222,-0.000614,-0.004297,0.0,-0.000603,-0.001866,-0.0,-0.0,-0.004748,-0.005857,0.0,-0.0,0.0,-0.00244,0.0,-0.004673,0.0,-0.002532,-0.008384,-0.0,-0.0,-0.005584,-0.0,-0.0,0.0,-0.0,-0.005217,-0.00593,0.0,-0.00364,-0.002664,-0.008966,-0.009055,0.0,-0.007478,-0.0,-0.006635,-0.001999,0.0,-0.002029,-0.009865,-0.005932,-0.00532,-0.006143,-0.009178,-0.002152,-0.001044,-0.000961,0.0,-0.000126,-0.00324,-0.004429,-0.005902
2017-05-29 13:41:00+02:00,0.0,0.0,-0.0,-0.005702,-0.0,-0.0,-0.001204,-0.002187,-0.004735,-0.0,-0.0,0.0,-0.005928,-0.005898,-0.00209,-0.007696,-0.0,0.0,-0.0,-0.0081,0.0,-0.008072,-0.003747,0.0,-0.007961,-0.008993,-0.001896,0.0,-0.00131,-0.0,-0.0,-0.004587,0.0,-0.004217,-0.005366,0.0,-6.8e-05,-0.003309,0.0,-0.009043,-0.00209,0.0,-0.002821,0.0,-0.0,-0.002082,-0.002086,-0.004022,-0.002254,0.0,-0.0,-0.004518,-0.004654,-0.005898,-0.0,0.0,-0.0,0.0,0.0,-0.001081,-0.004457,-0.008229,-0.005067,0.0,-9e-06,-0.008198,-0.000612,-0.004272,0.0,-0.000601,-0.001852,-0.0,-0.0,-0.004724,-0.005826,0.0,-0.0,0.0,-0.002438,0.0,-0.004661,0.0,-0.00251,-0.008261,-0.0,-0.0,-0.005565,-0.0,-0.0,0.0,-0.0,-0.005204,-0.005928,0.0,-0.003629,-0.002577,-0.00894,-0.00903,0.0,-0.007371,-0.0,-0.006613,-0.001984,0.0,-0.00203,-0.009841,-0.005919,-0.005219,-0.006119,-0.009154,-0.002153,-0.001031,-0.000946,0.0,-0.000118,-0.003216,-0.004407,-0.00589
2017-05-29 13:42:00+02:00,0.0,0.0,-0.0,-0.00569,-0.0,-0.0,-0.001206,-0.002187,-0.004713,-0.0,-0.0,0.0,-0.00591,-0.00588,-0.002076,-0.007678,-0.0,0.0,-0.0,-0.008078,0.0,-0.008053,-0.003751,0.0,-0.007927,-0.008974,-0.001898,0.0,-0.001305,-0.0,-0.0,-0.004566,0.0,-0.004199,-0.005343,0.0,-5.4e-05,-0.003313,0.0,-0.008996,-0.002093,0.0,-0.002823,0.0,-0.0,-0.002074,-0.002078,-0.004013,-0.002238,0.0,-0.0,-0.00451,-0.004646,-0.00588,-0.0,0.0,-0.0,0.0,0.0,-0.001086,-0.004449,-0.008188,-0.005055,0.0,-7e-06,-0.00818,-0.000614,-0.004262,0.0,-0.000604,-0.001854,-0.0,-0.0,-0.004717,-0.00583,0.0,-0.0,0.0,-0.002442,0.0,-0.004651,0.0,-0.002502,-0.008222,-0.0,-0.0,-0.005538,-0.0,-0.0,0.0,-0.0,-0.005194,-0.00591,0.0,-0.003623,-0.002553,-0.008919,-0.009009,0.0,-0.007335,-0.0,-0.006598,-0.001983,0.0,-0.002033,-0.009806,-0.005898,-0.005186,-0.006103,-0.009134,-0.002156,-0.001027,-0.000948,0.0,-0.000122,-0.003218,-0.004395,-0.00587
2017-05-29 13:43:00+02:00,0.0,0.0,-0.0,-0.005676,-0.0,-0.0,-0.00121,-0.002189,-0.004711,-0.0,-0.0,0.0,-0.005903,-0.005872,-0.00208,-0.007658,-0.0,0.0,-0.0,-0.008054,0.0,-0.008031,-0.003756,0.0,-0.007926,-0.008951,-0.0019,0.0,-0.001303,-0.0,-0.0,-0.004566,0.0,-0.004201,-0.005343,0.0,-5.1e-05,-0.003319,0.0,-0.008987,-0.002098,0.0,-0.002826,0.0,-0.0,-0.002072,-0.002072,-0.004003,-0.00224,0.0,-0.0,-0.004502,-0.004638,-0.005872,-0.0,0.0,-0.0,0.0,0.0,-0.001096,-0.004441,-0.008186,-0.005042,0.0,-5e-06,-0.008159,-0.000619,-0.004251,0.0,-0.00061,-0.001856,-0.0,-0.0,-0.004708,-0.005833,0.0,-0.0,0.0,-0.00245,0.0,-0.004641,0.0,-0.002499,-0.008221,-0.0,-0.0,-0.005522,-0.0,-0.0,0.0,-0.0,-0.005182,-0.005903,0.0,-0.003617,-0.002559,-0.008895,-0.008984,0.0,-0.007331,-0.0,-0.006581,-0.001983,0.0,-0.002038,-0.009781,-0.005888,-0.005187,-0.006086,-0.00911,-0.002159,-0.001026,-0.000951,0.0,-0.000132,-0.00322,-0.004384,-0.005859
2017-05-29 13:44:00+02:00,0.0,0.0,-0.0,-0.005655,-0.0,-0.0,-0.001216,-0.002193,-0.004695,-0.0,-0.0,0.0,-0.005905,-0.005874,-0.002075,-0.007628,-0.0,0.0,-0.0,-0.007967,0.0,-0.007949,-0.003764,0.0,-0.007902,-0.008913,-0.001905,0.0,-0.001299,-0.0,-0.0,-0.004551,0.0,-0.004189,-0.00533,0.0,-4.1e-05,-0.003329,0.0,-0.008956,-0.002105,0.0,-0.002806,0.0,-0.0,-0.002066,-0.002063,-0.003966,-0.002232,0.0,-0.0,-0.004462,-0.004623,-0.005874,-0.0,0.0,-0.0,0.0,0.0,-0.00111,-0.004401,-0.008162,-0.005023,0.0,-4e-06,-0.008126,-0.000626,-0.004209,0.0,-0.000619,-0.001842,-0.0,-0.0,-0.004664,-0.005837,0.0,-0.0,0.0,-0.002461,0.0,-0.004624,0.0,-0.002491,-0.008197,-0.0,-0.0,-0.005522,-0.0,-0.0,0.0,-0.0,-0.005162,-0.005905,0.0,-0.003606,-0.002551,-0.008854,-0.008944,0.0,-0.007305,-0.0,-0.006556,-0.001967,0.0,-0.002045,-0.009783,-0.005889,-0.005167,-0.006061,-0.00907,-0.002165,-0.001023,-0.000944,0.0,-0.000148,-0.003196,-0.004367,-0.005861
2017-05-29 13:45:00+02:00,0.0,0.0,-0.0,-0.005611,-0.0,-0.0,-0.001213,-0.002186,-0.004673,-0.0,-0.0,0.0,-0.005905,-0.005874,-0.002063,-0.007571,-0.0,0.0,-0.0,-0.007945,0.0,-0.00793,-0.003756,0.0,-0.007869,-0.008843,-0.001901,0.0,-0.001283,-0.0,-0.0,-0.004532,0.0,-0.004172,-0.005307,0.0,-3.3e-05,-0.003323,0.0,-0.008911,-0.002102,0.0,-0.002814,0.0,-0.0,-0.002039,-0.002041,-0.003958,-0.002218,0.0,-0.0,-0.004456,-0.004592,-0.005874,-0.0,0.0,-0.0,0.0,0.0,-0.001109,-0.004395,-0.008121,-0.004981,0.0,-3e-06,-0.008065,-0.000625,-0.0042,0.0,-0.000619,-0.001848,-0.0,-0.0,-0.004657,-0.005838,0.0,-0.0,0.0,-0.002457,0.0,-0.004591,0.0,-0.002462,-0.008158,-0.0,-0.0,-0.005507,-0.0,-0.0,0.0,-0.0,-0.005124,-0.005905,0.0,-0.00358,-0.002531,-0.008782,-0.008871,0.0,-0.007269,-0.0,-0.006506,-0.001971,0.0,-0.002042,-0.009771,-0.005885,-0.005137,-0.006014,-0.008998,-0.002161,-0.001008,-0.00095,0.0,-0.000148,-0.003203,-0.004329,-0.005857
2017-05-29 13:46:00+02:00,0.0,0.0,-0.0,-0.005453,-0.0,-0.0,-0.001022,-0.00196,-0.004593,-0.0,-0.0,0.0,-0.005874,-0.005845,-0.001991,-0.007386,-0.0,0.0,-0.0,-0.007918,0.0,-0.007903,-0.003364,0.0,-0.007733,-0.008631,-0.001685,0.0,-0.001209,-0.0,-0.0,-0.004447,0.0,-0.004087,-0.005205,0.0,-2.6e-05,-0.002948,0.0,-0.008731,-0.001872,0.0,-0.002789,0.0,-0.0,-0.001915,-0.001962,-0.003941,-0.002143,0.0,-0.0,-0.004441,-0.004484,-0.005845,-0.0,0.0,-0.0,0.0,0.0,-0.000887,-0.004381,-0.007948,-0.004829,0.0,-3e-06,-0.007871,-0.0005,-0.004183,0.0,-0.000495,-0.001833,-0.0,-0.0,-0.004645,-0.005753,0.0,-0.0,0.0,-0.002113,0.0,-0.004482,0.0,-0.002334,-0.007986,-0.0,-0.0,-0.005468,-0.0,-0.0,0.0,-0.0,-0.005004,-0.005874,0.0,-0.003486,-0.002414,-0.008568,-0.008655,0.0,-0.007124,-0.0,-0.006337,-0.001955,0.0,-0.001812,-0.009705,-0.005853,-0.004999,-0.00585,-0.00878,-0.001931,-0.000936,-0.000934,0.0,-0.000118,-0.003178,-0.004183,-0.005825
2017-05-29 13:47:00+02:00,0.0,0.0,-0.0,-0.005483,-0.0,-0.0,-0.000958,-0.001884,-0.004614,-0.0,-0.0,0.0,-0.005875,-0.005847,-0.002017,-0.007408,-0.0,0.0,-0.0,-0.007933,0.0,-0.007921,-0.003235,0.0,-0.007769,-0.008648,-0.001606,0.0,-0.001235,-0.0,-0.0,-0.004468,0.0,-0.004108,-0.005213,0.0,-5.3e-05,-0.002811,0.0,-0.008733,-0.001787,0.0,-0.002841,0.0,-0.0,-0.00196,-0.001982,-0.003956,-0.002166,0.0,-0.0,-0.004458,-0.004501,-0.005847,-0.0,0.0,-0.0,0.0,0.0,-0.000798,-0.004398,-0.007956,-0.004861,0.0,-2e-06,-0.007891,-0.00045,-0.004196,0.0,-0.000441,-0.001865,-0.0,-0.0,-0.004661,-0.005767,0.0,-0.0,0.0,-0.001996,0.0,-0.004497,0.0,-0.002378,-0.007995,-0.0,-0.0,-0.005466,-0.0,-0.0,0.0,-0.0,-0.005018,-0.005875,0.0,-0.003506,-0.002458,-0.008582,-0.008669,0.0,-0.007152,-0.0,-0.006363,-0.001983,0.0,-0.001728,-0.009705,-0.005854,-0.005029,-0.005876,-0.008796,-0.001854,-0.000964,-0.000969,0.0,-9.5e-05,-0.003228,-0.004217,-0.005826
2017-05-29 13:48:00+02:00,0.0,0.0,-0.0,-0.005558,-0.0,-0.0,-0.000909,-0.001823,-0.004642,-0.0,-0.0,0.0,-0.00588,-0.005852,-0.002048,-0.007482,-0.0,0.0,-0.0,-0.007954,0.0,-0.007945,-0.003131,0.0,-0.007816,-0.008725,-0.001545,0.0,-0.001282,-0.0,-0.0,-0.004496,0.0,-0.004137,-0.005231,0.0,-9e-05,-0.002705,0.0,-0.008753,-0.001722,0.0,-0.002898,0.0,-0.0,-0.002038,-0.002023,-0.003975,-0.002194,0.0,-0.0,-0.004479,-0.004551,-0.005852,-0.0,0.0,-0.0,0.0,0.0,-0.000732,-0.004419,-0.007981,-0.004936,0.0,-2e-06,-0.007966,-0.000412,-0.004212,0.0,-0.0004,-0.001899,-0.0,-0.0,-0.004681,-0.005783,0.0,-0.0,0.0,-0.001906,0.0,-0.004545,0.0,-0.002456,-0.008021,-0.0,-0.0,-0.005468,-0.0,-0.0,0.0,-0.0,-0.005067,-0.00588,0.0,-0.003554,-0.00251,-0.008654,-0.008743,0.0,-0.007192,-0.0,-0.006437,-0.002013,0.0,-0.001663,-0.009709,-0.005858,-0.005069,-0.005947,-0.008872,-0.001793,-0.00101,-0.001005,0.0,-7.6e-05,-0.003282,-0.004292,-0.00583
2017-05-29 13:49:00+02:00,0.0,0.0,-0.0,-0.005632,-0.0,-0.0,-0.000867,-0.00177,-0.004686,-0.0,-0.0,0.0,-0.005892,-0.005865,-0.002088,-0.007558,-0.0,0.0,-0.0,-0.008037,0.0,-0.00803,-0.003042,0.0,-0.007892,-0.008805,-0.001493,0.0,-0.001324,-0.0,-0.0,-0.00454,0.0,-0.004181,-0.005269,0.0,-0.000135,-0.002614,0.0,-0.008806,-0.001667,0.0,-0.002973,0.0,-0.0,-0.002109,-0.002062,-0.00402,-0.002232,0.0,-0.0,-0.004531,-0.004601,-0.005865,-0.0,0.0,-0.0,0.0,0.0,-0.000673,-0.00447,-0.008037,-0.005009,0.0,-1.2e-05,-0.008043,-0.000378,-0.004258,0.0,-0.000364,-0.001945,-0.0,-0.0,-0.004736,-0.005803,0.0,-0.0,0.0,-0.001828,0.0,-0.004593,0.0,-0.002529,-0.008079,-0.0,-0.0,-0.005476,-0.0,-0.0,0.0,-0.0,-0.005117,-0.005892,0.0,-0.003602,-0.002573,-0.008729,-0.008819,0.0,-0.007258,-0.0,-0.006512,-0.002056,0.0,-0.001608,-0.009726,-0.00587,-0.005128,-0.006018,-0.008952,-0.001741,-0.001052,-0.001049,0.0,-6.1e-05,-0.003357,-0.004363,-0.005842
2017-05-29 13:50:00+02:00,0.0,0.0,-0.0,-0.00566,-0.0,-0.0,-0.000815,-0.00171,-0.00474,-0.0,-0.0,0.0,-0.005901,-0.005875,-0.00213,-0.00759,-0.0,0.0,-0.0,-0.008082,0.0,-0.008075,-0.00294,0.0,-0.007983,-0.008841,-0.001433,0.0,-0.001336,-0.0,-0.0,-0.004595,0.0,-0.004235,-0.00533,0.0,-0.000171,-0.00251,0.0,-0.008896,-0.001604,0.0,-0.002992,0.0,-0.0,-0.00213,-0.002074,-0.004039,-0.002271,0.0,-0.0,-0.004557,-0.004624,-0.005875,-0.0,0.0,-0.0,0.0,0.0,-0.000594,-0.004496,-0.008124,-0.005035,0.0,-1e-05,-0.008077,-0.000333,-0.004279,0.0,-0.000316,-0.001957,-0.0,-0.0,-0.004766,-0.00582,0.0,-0.0,0.0,-0.001735,0.0,-0.004615,0.0,-0.00255,-0.008167,-0.0,-0.0,-0.005481,-0.0,-0.0,0.0,-0.0,-0.005141,-0.005901,0.0,-0.003622,-0.002635,-0.008761,-0.008852,0.0,-0.00734,-0.0,-0.006542,-0.002068,0.0,-0.001545,-0.009736,-0.005879,-0.005199,-0.006043,-0.008988,-0.001681,-0.001064,-0.001058,0.0,-4.8e-05,-0.003377,-0.004387,-0.00585
2017-05-29 13:51:00+02:00,0.0,0.0,-0.0,-0.005631,-0.0,-0.0,-0.000744,-0.001633,-0.004755,-0.0,-0.0,0.0,-0.005911,-0.005886,-0.002135,-0.007565,-0.0,0.0,-0.0,-0.008059,0.0,-0.008053,-0.002808,0.0,-0.00801,-0.00882,-0.001356,0.0,-0.001316,-0.0,-0.0,-0.00461,0.0,-0.00425,-0.005354,0.0,-0.000152,-0.002377,0.0,-0.008927,-0.001523,0.0,-0.002935,0.0,-0.0,-0.002096,-0.002054,-0.004017,-0.002275,0.0,-0.0,-0.004541,-0.004612,-0.005886,-0.0,0.0,-0.0,0.0,0.0,-0.00048,-0.00448,-0.008152,-0.005005,0.0,-8e-06,-0.008053,-0.000268,-0.004261,0.0,-0.000253,-0.001925,-0.0,-0.0,-0.004755,-0.005836,0.0,-0.0,0.0,-0.00161,0.0,-0.004602,0.0,-0.002517,-0.008197,-0.0,-0.0,-0.005486,-0.0,-0.0,0.0,-0.0,-0.00513,-0.005911,0.0,-0.003608,-0.002636,-0.008736,-0.008829,0.0,-0.007359,-0.0,-0.006515,-0.002036,0.0,-0.001464,-0.009749,-0.005888,-0.005209,-0.006013,-0.008966,-0.001603,-0.001044,-0.001021,0.0,-3.9e-05,-0.003322,-0.004355,-0.005859
2017-05-29 13:52:00+02:00,0.0,0.0,-0.0,-0.005604,-0.0,-0.0,-0.000689,-0.001573,-0.004765,-0.0,-0.0,0.0,-0.005919,-0.005895,-0.002137,-0.007541,-0.0,0.0,-0.0,-0.008026,0.0,-0.008021,-0.002706,0.0,-0.00803,-0.008798,-0.001297,0.0,-0.001297,-0.0,-0.0,-0.00462,0.0,-0.00426,-0.005373,0.0,-0.000133,-0.002273,0.0,-0.008951,-0.00146,0.0,-0.002876,0.0,-0.0,-0.002064,-0.002035,-0.003992,-0.002276,0.0,-0.0,-0.004519,-0.0046,-0.005895,-0.0,0.0,-0.0,0.0,0.0,-0.00039,-0.004458,-0.008172,-0.004976,0.0,-6e-06,-0.00803,-0.000217,-0.004237,0.0,-0.000202,-0.00189,-0.0,-0.0,-0.004738,-0.00585,0.0,-0.0,0.0,-0.001512,0.0,-0.004589,0.0,-0.002486,-0.008218,-0.0,-0.0,-0.005489,-0.0,-0.0,0.0,-0.0,-0.005118,-0.005919,0.0,-0.003594,-0.002634,-0.008712,-0.008805,0.0,-0.007371,-0.0,-0.006489,-0.002002,0.0,-0.001402,-0.00976,-0.005895,-0.005213,-0.005984,-0.008944,-0.001542,-0.001025,-0.000983,0.0,-3.1e-05,-0.003264,-0.004325,-0.005867
2017-05-29 13:53:00+02:00,0.0,0.0,-0.0,-0.005628,-0.0,-0.0,-0.000671,-0.001552,-0.004784,-0.0,-0.0,0.0,-0.005925,-0.005902,-0.002155,-0.007566,-0.0,0.0,-0.0,-0.00808,0.0,-0.008076,-0.002672,0.0,-0.008067,-0.008826,-0.001275,0.0,-0.001309,-0.0,-0.0,-0.00464,0.0,-0.004281,-0.005397,0.0,-0.00015,-0.002236,0.0,-0.008982,-0.001438,0.0,-0.002907,0.0,-0.0,-0.002085,-0.002046,-0.004016,-0.002291,0.0,-0.0,-0.00455,-0.004617,-0.005902,-0.0,0.0,-0.0,0.0,0.0,-0.000364,-0.004489,-0.008203,-0.004999,0.0,-5e-06,-0.008056,-0.000202,-0.004263,0.0,-0.000184,-0.001909,-0.0,-0.0,-0.004773,-0.00586,0.0,-0.0,0.0,-0.001479,0.0,-0.004605,0.0,-0.002507,-0.008251,-0.0,-0.0,-0.005489,-0.0,-0.0,0.0,-0.0,-0.005136,-0.005925,0.0,-0.00361,-0.002661,-0.008735,-0.008829,0.0,-0.007401,-0.0,-0.006513,-0.00202,0.0,-0.001379,-0.009766,-0.0059,-0.005239,-0.006005,-0.008971,-0.001521,-0.001037,-0.000999,0.0,-2.5e-05,-0.003295,-0.004347,-0.005872
2017-05-29 13:54:00+02:00,0.0,0.0,-0.0,-0.00569,-0.0,-0.0,-0.000681,-0.001561,-0.004829,-0.0,-0.0,0.0,-0.005925,-0.005903,-0.002202,-0.007626,-0.0,0.0,-0.0,-0.008175,0.0,-0.008172,-0.002689,0.0,-0.008147,-0.008887,-0.001282,0.0,-0.001346,-0.0,-0.0,-0.004687,0.0,-0.00433,-0.005448,0.0,-0.000216,-0.002251,0.0,-0.00906,-0.001448,0.0,-0.002996,0.0,-0.0,-0.002147,-0.002078,-0.004067,-0.002335,0.0,-0.0,-0.004608,-0.004655,-0.005903,-0.0,0.0,-0.0,0.0,0.0,-0.000388,-0.004546,-0.008282,-0.005061,0.0,-2.3e-05,-0.008116,-0.000216,-0.004314,0.0,-0.000197,-0.001963,-0.0,-0.0,-0.004833,-0.005865,0.0,-0.0,0.0,-0.001498,0.0,-0.004642,0.0,-0.00257,-0.008332,-0.0,-0.0,-0.005463,-0.0,-0.0,0.0,-0.0,-0.005174,-0.005925,0.0,-0.003649,-0.002735,-0.008791,-0.008886,0.0,-0.007476,-0.0,-0.006574,-0.002069,0.0,-0.001388,-0.009755,-0.005898,-0.005311,-0.006063,-0.009031,-0.001532,-0.001073,-0.001051,0.0,-2e-05,-0.003383,-0.004407,-0.005869
2017-05-29 13:55:00+02:00,0.0,0.0,-0.0,-0.005717,-0.0,-0.0,-0.000683,-0.001559,-0.004833,-0.0,-0.0,0.0,-0.005928,-0.005908,-0.002211,-0.00765,-0.0,0.0,-0.0,-0.008153,0.0,-0.008153,-0.002689,0.0,-0.00816,-0.00891,-0.00128,0.0,-0.001361,-0.0,-0.0,-0.004694,0.0,-0.004338,-0.005454,0.0,-0.000231,-0.002249,0.0,-0.009063,-0.001448,0.0,-0.003011,0.0,-0.0,-0.002175,-0.002091,-0.004056,-0.002342,0.0,-0.0,-0.004598,-0.004672,-0.005908,-0.0,0.0,-0.0,0.0,0.0,-0.000396,-0.004536,-0.008287,-0.005088,0.0,-1.8e-05,-0.00814,-0.00022,-0.004301,0.0,-0.0002,-0.001971,-0.0,-0.0,-0.004824,-0.005871,0.0,-0.0,0.0,-0.0015,0.0,-0.004658,0.0,-0.002598,-0.008338,-0.0,-0.0,-0.005464,-0.0,-0.0,0.0,-0.0,-0.005189,-0.005928,0.0,-0.003666,-0.002751,-0.008811,-0.008906,0.0,-0.007484,-0.0,-0.0066,-0.002075,0.0,-0.001387,-0.00976,-0.005901,-0.00532,-0.006087,-0.009053,-0.001532,-0.001089,-0.001063,0.0,-1.6e-05,-0.003396,-0.004434,-0.005871
2017-05-29 13:56:00+02:00,0.0,0.0,-0.0,-0.005769,-0.0,-0.0,-0.000692,-0.001568,-0.004861,-0.0,-0.0,0.0,-0.005935,-0.005917,-0.002238,-0.007701,-0.0,0.0,-0.0,-0.008153,0.0,-0.008156,-0.002707,0.0,-0.008211,-0.008961,-0.001288,0.0,-0.001387,-0.0,-0.0,-0.004723,0.0,-0.004368,-0.005488,0.0,-0.000264,-0.002264,0.0,-0.009113,-0.001458,0.0,-0.003041,0.0,-0.0,-0.002219,-0.002116,-0.00406,-0.002366,0.0,-0.0,-0.004603,-0.004704,-0.005917,-0.0,0.0,-0.0,0.0,0.0,-0.000416,-0.004541,-0.008337,-0.005139,0.0,-1.5e-05,-0.008191,-0.000231,-0.004303,0.0,-0.000211,-0.001988,-0.0,-0.0,-0.004829,-0.005882,0.0,-0.0,0.0,-0.001517,0.0,-0.004689,0.0,-0.002644,-0.00839,-0.0,-0.0,-0.005468,-0.0,-0.0,0.0,-0.0,-0.005221,-0.005935,0.0,-0.003699,-0.002791,-0.008858,-0.008953,0.0,-0.00753,-0.0,-0.006652,-0.002089,0.0,-0.001397,-0.009771,-0.005908,-0.005361,-0.006136,-0.009102,-0.001543,-0.001115,-0.001083,0.0,-1.3e-05,-0.003424,-0.004482,-0.005878
2017-05-29 13:57:00+02:00,0.0,0.0,-0.0,-0.005807,-0.0,-0.0,-0.000708,-0.001585,-0.004916,-0.0,-0.0,0.0,-0.005942,-0.005926,-0.002287,-0.007734,-0.0,0.0,-0.0,-0.008222,0.0,-0.008228,-0.002739,0.0,-0.008311,-0.00899,-0.001303,0.0,-0.001407,-0.0,-0.0,-0.004782,0.0,-0.004428,-0.005557,0.0,-0.000323,-0.002292,0.0,-0.009219,-0.001475,0.0,-0.003109,0.0,-0.0,-0.002253,-0.002133,-0.004097,-0.002412,0.0,-0.0,-0.004647,-0.004725,-0.005926,-0.0,0.0,-0.0,0.0,0.0,-0.000446,-0.004584,-0.008443,-0.005177,0.0,-3.8e-05,-0.008222,-0.000247,-0.00434,0.0,-0.000228,-0.002029,-0.0,-0.0,-0.004875,-0.005893,0.0,-0.0,0.0,-0.001546,0.0,-0.004709,0.0,-0.002679,-0.008498,-0.0,-0.0,-0.005472,-0.0,-0.0,0.0,-0.0,-0.00524,-0.005942,0.0,-0.003724,-0.002866,-0.008883,-0.00898,0.0,-0.007623,-0.0,-0.006688,-0.002126,0.0,-0.001414,-0.009782,-0.005916,-0.005445,-0.00617,-0.00913,-0.001561,-0.001134,-0.001122,0.0,-1e-05,-0.003491,-0.004518,-0.005885
2017-05-29 13:58:00+02:00,0.0,0.0,-0.0,-0.005821,-0.0,-0.0,-0.000732,-0.001615,-0.004969,-0.0,-0.0,0.0,-0.005944,-0.005929,-0.002335,-0.007744,-0.0,0.0,-0.0,-0.008245,0.0,-0.008251,-0.002793,0.0,-0.008406,-0.008998,-0.001328,0.0,-0.001415,-0.0,-0.0,-0.004839,0.0,-0.004486,-0.005624,0.0,-0.000382,-0.002337,0.0,-0.009319,-0.001504,0.0,-0.003144,0.0,-0.0,-0.002268,-0.002139,-0.004107,-0.002458,0.0,-0.0,-0.004661,-0.004733,-0.005929,-0.0,0.0,-0.0,0.0,0.0,-0.000487,-0.004598,-0.008548,-0.005191,0.0,-4.7e-05,-0.008231,-0.00027,-0.004349,0.0,-0.000252,-0.00205,-0.0,-0.0,-0.004892,-0.005897,0.0,-0.0,0.0,-0.00159,0.0,-0.004717,0.0,-0.002695,-0.008605,-0.0,-0.0,-0.005455,-0.0,-0.0,0.0,-0.0,-0.005247,-0.005944,0.0,-0.003734,-0.002939,-0.008889,-0.008985,0.0,-0.007712,-0.0,-0.0067,-0.002144,0.0,-0.001442,-0.009778,-0.005917,-0.005527,-0.00618,-0.009138,-0.001593,-0.001143,-0.001145,0.0,-8e-06,-0.003525,-0.004531,-0.005886
2017-05-29 13:59:00+02:00,0.0,0.0,-0.0,-0.005778,-0.0,-0.0,-0.000734,-0.00162,-0.004975,-0.0,-0.0,0.0,-0.005902,-0.005898,-0.002346,-0.007693,-0.0,0.0,-0.0,-0.008217,0.0,-0.008224,-0.002801,0.0,-0.008418,-0.008942,-0.001328,0.0,-0.001398,-0.0,-0.0,-0.004849,0.0,-0.004499,-0.005641,0.0,-0.000394,-0.002338,0.0,-0.009337,-0.001506,0.0,-0.003141,0.0,-0.0,-0.002239,-0.002118,-0.004091,-0.002466,0.0,-0.0,-0.004647,-0.004706,-0.005898,-0.0,0.0,-0.0,0.0,0.0,-0.000493,-0.004584,-0.008569,-0.00515,0.0,-3.8e-05,-0.008179,-0.000273,-0.004332,0.0,-0.000255,-0.002048,-0.0,-0.0,-0.004881,-0.005871,0.0,-0.0,0.0,-0.001593,0.0,-0.004689,0.0,-0.002664,-0.008626,-0.0,-0.0,-0.0054,-0.0,-0.0,0.0,-0.0,-0.005218,-0.005902,0.0,-0.003711,-0.002953,-0.008831,-0.008927,0.0,-0.007723,-0.0,-0.006654,-0.00214,0.0,-0.001443,-0.00968,-0.005876,-0.005539,-0.006135,-0.009079,-0.001598,-0.001127,-0.001147,0.0,-7e-06,-0.003519,-0.004493,-0.005843
2017-05-29 14:00:00+02:00,0.0,0.0,-0.0,-0.005709,-0.0,-0.0,-0.000728,-0.001614,-0.004962,-0.0,-0.0,0.0,-0.005895,-0.005892,-0.002343,-0.00761,-0.0,0.0,-0.0,-0.008172,0.0,-0.00818,-0.002792,0.0,-0.008398,-0.00885,-0.00132,0.0,-0.00137,-0.0,-0.0,-0.00484,0.0,-0.004493,-0.005638,0.0,-0.000393,-0.002325,0.0,-0.00932,-0.001499,0.0,-0.003126,0.0,-0.0,-0.002193,-0.002085,-0.004066,-0.00246,0.0,-0.0,-0.004623,-0.004659,-0.005892,-0.0,0.0,-0.0,0.0,0.0,-0.000488,-0.00456,-0.008555,-0.005084,0.0,-3e-05,-0.008093,-0.00027,-0.004305,0.0,-0.000251,-0.002039,-0.0,-0.0,-0.004859,-0.005866,0.0,-0.0,0.0,-0.001584,0.0,-0.004642,0.0,-0.002615,-0.008613,-0.0,-0.0,-0.005386,-0.0,-0.0,0.0,-0.0,-0.005168,-0.005895,0.0,-0.00367,-0.002946,-0.008739,-0.008833,0.0,-0.007702,-0.0,-0.006578,-0.002128,0.0,-0.001436,-0.009663,-0.005868,-0.005526,-0.006061,-0.008986,-0.001593,-0.001101,-0.001142,0.0,-5e-06,-0.003501,-0.004431,-0.005835
2017-05-29 14:01:00+02:00,0.0,0.0,-0.0,-0.005569,-0.0,-0.0,-0.000693,-0.001576,-0.004946,-0.0,-0.0,0.0,-0.005902,-0.0059,-0.002338,-0.007437,-0.0,0.0,-0.0,-0.008166,0.0,-0.008175,-0.002728,0.0,-0.008376,-0.008672,-0.001281,0.0,-0.001313,-0.0,-0.0,-0.004828,0.0,-0.004483,-0.005628,0.0,-0.000389,-0.002257,0.0,-0.009295,-0.001458,0.0,-0.003129,0.0,-0.0,-0.002097,-0.002019,-0.00406,-0.002452,0.0,-0.0,-0.004621,-0.004555,-0.0059,-0.0,0.0,-0.0,0.0,0.0,-0.000432,-0.004557,-0.008534,-0.004953,0.0,-2.4e-05,-0.007918,-0.000239,-0.004299,0.0,-0.000218,-0.002041,-0.0,-0.0,-0.004859,-0.005874,0.0,-0.0,0.0,-0.001521,0.0,-0.004538,0.0,-0.002515,-0.008593,-0.0,-0.0,-0.005392,-0.0,-0.0,0.0,-0.0,-0.005063,-0.005902,0.0,-0.003585,-0.002937,-0.008563,-0.008656,0.0,-0.007679,-0.0,-0.006424,-0.002127,0.0,-0.001395,-0.009676,-0.005875,-0.005509,-0.005915,-0.008806,-0.001554,-0.001046,-0.001144,0.0,-4e-06,-0.003503,-0.004308,-0.005842
2017-05-29 14:02:00+02:00,0.0,0.0,-0.0,-0.005518,-0.0,-0.0,-0.000681,-0.001563,-0.004962,-0.0,-0.0,0.0,-0.005906,-0.005905,-0.00236,-0.007364,-0.0,0.0,-0.0,-0.008203,0.0,-0.008213,-0.002705,0.0,-0.008408,-0.008599,-0.001264,0.0,-0.001295,-0.0,-0.0,-0.004848,0.0,-0.004506,-0.005653,0.0,-0.000423,-0.002229,0.0,-0.009328,-0.001441,0.0,-0.003165,0.0,-0.0,-0.002069,-0.001996,-0.004077,-0.002472,0.0,-0.0,-0.004644,-0.004512,-0.005905,-0.0,0.0,-0.0,0.0,0.0,-0.000416,-0.004579,-0.008569,-0.004905,0.0,-4.7e-05,-0.007844,-0.00023,-0.004316,0.0,-0.000208,-0.002063,-0.0,-0.0,-0.004885,-0.005879,0.0,-0.0,0.0,-0.001498,0.0,-0.004495,0.0,-0.002484,-0.00863,-0.0,-0.0,-0.005393,-0.0,-0.0,0.0,-0.0,-0.00502,-0.005906,0.0,-0.003554,-0.002971,-0.008489,-0.008581,0.0,-0.007709,-0.0,-0.006364,-0.002146,0.0,-0.001378,-0.009683,-0.005879,-0.005539,-0.005857,-0.008732,-0.00154,-0.00103,-0.001164,0.0,-3e-06,-0.003537,-0.004265,-0.005846
2017-05-29 14:03:00+02:00,0.0,0.0,-0.0,-0.005489,-0.0,-0.0,-0.00068,-0.001563,-0.004992,-0.0,-0.0,0.0,-0.005913,-0.005913,-0.002392,-0.007318,-0.0,0.0,-0.0,-0.008243,0.0,-0.008255,-0.002707,0.0,-0.008465,-0.008554,-0.001262,0.0,-0.001288,-0.0,-0.0,-0.004884,0.0,-0.004544,-0.005699,0.0,-0.000464,-0.002226,0.0,-0.009394,-0.00144,0.0,-0.003199,0.0,-0.0,-0.002056,-0.001984,-0.004097,-0.002501,0.0,-0.0,-0.00467,-0.004486,-0.005913,-0.0,0.0,-0.0,0.0,0.0,-0.000416,-0.004605,-0.008637,-0.00488,0.0,-6.6e-05,-0.007798,-0.00023,-0.004336,0.0,-0.000207,-0.002084,-0.0,-0.0,-0.004914,-0.005887,0.0,-0.0,0.0,-0.001497,0.0,-0.004469,0.0,-0.002471,-0.0087,-0.0,-0.0,-0.005397,-0.0,-0.0,0.0,-0.0,-0.004996,-0.005913,0.0,-0.003538,-0.003019,-0.008443,-0.008535,0.0,-0.007762,-0.0,-0.006328,-0.002164,0.0,-0.001377,-0.009694,-0.005887,-0.00559,-0.005824,-0.008687,-0.001541,-0.001024,-0.001183,0.0,-3e-06,-0.003571,-0.004242,-0.005853
2017-05-29 14:04:00+02:00,0.0,0.0,-0.0,-0.005467,-0.0,-0.0,-0.000685,-0.001571,-0.005011,-0.0,-0.0,0.0,-0.005917,-0.005918,-0.002415,-0.007282,-0.0,0.0,-0.0,-0.008296,0.0,-0.008309,-0.002722,0.0,-0.008501,-0.008518,-0.001267,0.0,-0.001282,-0.0,-0.0,-0.004907,0.0,-0.00457,-0.005733,0.0,-0.00049,-0.002237,0.0,-0.009442,-0.001447,0.0,-0.003235,0.0,-0.0,-0.002047,-0.001973,-0.004123,-0.00252,0.0,-0.0,-0.004703,-0.004465,-0.005918,-0.0,0.0,-0.0,0.0,0.0,-0.000425,-0.004637,-0.008686,-0.00486,0.0,-8.7e-05,-0.007762,-0.000235,-0.004363,0.0,-0.000213,-0.002106,-0.0,-0.0,-0.00495,-0.005892,0.0,-0.0,0.0,-0.001507,0.0,-0.004448,0.0,-0.002461,-0.008751,-0.0,-0.0,-0.005395,-0.0,-0.0,0.0,-0.0,-0.004976,-0.005917,0.0,-0.003525,-0.00305,-0.008406,-0.008498,0.0,-0.007797,-0.0,-0.0063,-0.002184,0.0,-0.001384,-0.009699,-0.005891,-0.005624,-0.005797,-0.00865,-0.00155,-0.001019,-0.001202,0.0,-2e-06,-0.003607,-0.004224,-0.005856
2017-05-29 14:05:00+02:00,0.0,0.0,-0.0,-0.00541,-0.0,-0.0,-0.000663,-0.001548,-0.005012,-0.0,-0.0,0.0,-0.005909,-0.005917,-0.002423,-0.00721,-0.0,0.0,-0.0,-0.008286,0.0,-0.008301,-0.002684,0.0,-0.008509,-0.008445,-0.001243,0.0,-0.001259,-0.0,-0.0,-0.004914,0.0,-0.004579,-0.005749,0.0,-0.0005,-0.002196,0.0,-0.009458,-0.001423,0.0,-0.003222,0.0,-0.0,-0.00201,-0.001946,-0.004115,-0.002525,0.0,-0.0,-0.004699,-0.004424,-0.005917,-0.0,0.0,-0.0,0.0,0.0,-0.000391,-0.004633,-0.008704,-0.004807,0.0,-7e-05,-0.007689,-0.000215,-0.004354,0.0,-0.000192,-0.002099,-0.0,-0.0,-0.004948,-0.005892,0.0,-0.0,0.0,-0.001469,0.0,-0.004406,0.0,-0.002421,-0.00877,-0.0,-0.0,-0.005364,-0.0,-0.0,0.0,-0.0,-0.004934,-0.005909,0.0,-0.003491,-0.003061,-0.008333,-0.008424,0.0,-0.007804,-0.0,-0.006236,-0.002175,0.0,-0.001359,-0.009673,-0.005883,-0.005634,-0.005736,-0.008577,-0.001527,-0.000998,-0.001194,0.0,-2e-06,-0.003594,-0.004174,-0.005845
2017-05-29 14:06:00+02:00,0.0,0.0,-0.0,-0.005362,-0.0,-0.0,-0.000649,-0.001529,-0.005013,-0.0,-0.0,0.0,-0.005903,-0.005912,-0.002434,-0.007149,-0.0,0.0,-0.0,-0.008306,0.0,-0.008323,-0.002654,0.0,-0.008515,-0.008382,-0.001224,0.0,-0.001242,-0.0,-0.0,-0.004919,0.0,-0.004588,-0.005761,0.0,-0.000518,-0.002163,0.0,-0.009466,-0.001403,0.0,-0.003231,0.0,-0.0,-0.001982,-0.001925,-0.004124,-0.002533,0.0,-0.0,-0.004715,-0.004389,-0.005912,-0.0,0.0,-0.0,0.0,0.0,-0.000372,-0.004647,-0.008715,-0.004764,0.0,-7.2e-05,-0.007627,-0.000204,-0.004364,0.0,-0.000181,-0.002105,-0.0,-0.0,-0.004966,-0.005888,0.0,-0.0,0.0,-0.001443,0.0,-0.004371,0.0,-0.002392,-0.008783,-0.0,-0.0,-0.005348,-0.0,-0.0,0.0,-0.0,-0.004899,-0.005903,0.0,-0.003464,-0.003076,-0.00827,-0.00836,0.0,-0.007809,-0.0,-0.006181,-0.00218,0.0,-0.00134,-0.009651,-0.005877,-0.005644,-0.005684,-0.008513,-0.001509,-0.000982,-0.001198,0.0,-1e-06,-0.003603,-0.004134,-0.005837
2017-05-29 14:07:00+02:00,0.0,0.0,-0.0,-0.005318,-0.0,-0.0,-0.000638,-0.001513,-0.004999,-0.0,-0.0,0.0,-0.005868,-0.005878,-0.002435,-0.007091,-0.0,0.0,-0.0,-0.008297,0.0,-0.008315,-0.002627,0.0,-0.008493,-0.008322,-0.001207,0.0,-0.001228,-0.0,-0.0,-0.004911,0.0,-0.004583,-0.005756,0.0,-0.000527,-0.002135,0.0,-0.009446,-0.001386,0.0,-0.003225,0.0,-0.0,-0.001959,-0.001905,-0.004119,-0.00253,0.0,-0.0,-0.004715,-0.004358,-0.005878,-0.0,0.0,-0.0,0.0,0.0,-0.000359,-0.004647,-0.008699,-0.004724,0.0,-6.5e-05,-0.007568,-0.000197,-0.004359,0.0,-0.000173,-0.002102,-0.0,-0.0,-0.004967,-0.005855,0.0,-0.0,0.0,-0.001422,0.0,-0.00434,0.0,-0.002366,-0.008768,-0.0,-0.0,-0.005304,-0.0,-0.0,0.0,-0.0,-0.004867,-0.005868,0.0,-0.003439,-0.003076,-0.00821,-0.0083,0.0,-0.007789,-0.0,-0.006131,-0.002175,0.0,-0.001323,-0.009572,-0.005842,-0.005633,-0.005635,-0.008452,-0.001493,-0.00097,-0.001195,0.0,-1e-06,-0.003595,-0.004098,-0.005801
2017-05-29 14:08:00+02:00,0.0,0.0,-0.0,-0.005324,-0.0,-0.0,-0.00064,-0.001512,-0.004974,-0.0,-0.0,0.0,-0.005871,-0.005882,-0.002427,-0.007084,-0.0,0.0,-0.0,-0.008249,0.0,-0.008268,-0.002627,0.0,-0.008456,-0.008311,-0.001206,0.0,-0.001238,-0.0,-0.0,-0.004891,0.0,-0.004566,-0.005733,0.0,-0.000528,-0.002135,0.0,-0.009397,-0.001387,0.0,-0.003197,0.0,-0.0,-0.001977,-0.00191,-0.004093,-0.002519,0.0,-0.0,-0.00469,-0.004356,-0.005882,-0.0,0.0,-0.0,0.0,0.0,-0.000367,-0.004622,-0.008657,-0.004732,0.0,-5.2e-05,-0.007559,-0.000201,-0.004331,0.0,-0.000178,-0.002085,-0.0,-0.0,-0.004943,-0.005858,0.0,-0.0,0.0,-0.001425,0.0,-0.004337,0.0,-0.002383,-0.008728,-0.0,-0.0,-0.005305,-0.0,-0.0,0.0,-0.0,-0.004865,-0.005871,0.0,-0.003444,-0.003064,-0.008197,-0.008287,0.0,-0.007751,-0.0,-0.006131,-0.002156,0.0,-0.001324,-0.009578,-0.005845,-0.005606,-0.005636,-0.00844,-0.001494,-0.000981,-0.001181,0.0,-1e-06,-0.003565,-0.004108,-0.005804
2017-05-29 14:09:00+02:00,0.0,0.0,-0.0,-0.00533,-0.0,-0.0,-0.000643,-0.001513,-0.004963,-0.0,-0.0,0.0,-0.005871,-0.005882,-0.002429,-0.007078,-0.0,0.0,-0.0,-0.008203,0.0,-0.008223,-0.002629,0.0,-0.00844,-0.008302,-0.001207,0.0,-0.001248,-0.0,-0.0,-0.004884,0.0,-0.004561,-0.005724,0.0,-0.000539,-0.002138,0.0,-0.009371,-0.00139,0.0,-0.003171,0.0,-0.0,-0.001993,-0.001915,-0.004067,-0.002517,0.0,-0.0,-0.004667,-0.004356,-0.005882,-0.0,0.0,-0.0,0.0,0.0,-0.000376,-0.004598,-0.008637,-0.00474,0.0,-4.2e-05,-0.007552,-0.000206,-0.004304,0.0,-0.000183,-0.00207,-0.0,-0.0,-0.004921,-0.005859,0.0,-0.0,0.0,-0.00143,0.0,-0.004336,0.0,-0.002399,-0.008709,-0.0,-0.0,-0.005294,-0.0,-0.0,0.0,-0.0,-0.004863,-0.005871,0.0,-0.003449,-0.003066,-0.008187,-0.008276,0.0,-0.007734,-0.0,-0.006131,-0.002139,0.0,-0.001326,-0.009576,-0.005845,-0.005596,-0.005636,-0.00843,-0.001497,-0.000991,-0.001168,0.0,-1e-06,-0.003537,-0.004116,-0.005804
2017-05-29 14:10:00+02:00,0.0,0.0,-0.0,-0.005301,-0.0,-0.0,-0.000632,-0.001498,-0.004944,-0.0,-0.0,0.0,-0.005831,-0.005846,-0.002425,-0.007035,-0.0,0.0,-0.0,-0.008128,0.0,-0.008149,-0.002604,0.0,-0.008413,-0.008253,-0.001194,0.0,-0.001242,-0.0,-0.0,-0.00487,0.0,-0.00455,-0.005707,0.0,-0.000544,-0.002116,0.0,-0.009332,-0.001377,0.0,-0.003124,0.0,-0.0,-0.001984,-0.001903,-0.004025,-0.00251,0.0,-0.0,-0.004626,-0.004333,-0.005846,-0.0,0.0,-0.0,0.0,0.0,-0.000362,-0.004556,-0.008605,-0.004715,0.0,-3.3e-05,-0.007507,-0.000198,-0.004261,0.0,-0.000175,-0.002041,-0.0,-0.0,-0.00488,-0.005825,0.0,-0.0,0.0,-0.001411,0.0,-0.004312,0.0,-0.002388,-0.008678,-0.0,-0.0,-0.005246,-0.0,-0.0,0.0,-0.0,-0.004838,-0.005831,0.0,-0.003433,-0.00306,-0.008138,-0.008226,0.0,-0.007707,-0.0,-0.006095,-0.002108,0.0,-0.001313,-0.009499,-0.005804,-0.005578,-0.005602,-0.00838,-0.001483,-0.000986,-0.001144,0.0,-1e-06,-0.003487,-0.004094,-0.005762
2017-05-29 14:11:00+02:00,0.0,0.0,-0.0,-0.005264,-0.0,-0.0,-0.000608,-0.001466,-0.004924,-0.0,-0.0,0.0,-0.005833,-0.005848,-0.00242,-0.006985,-0.0,0.0,-0.0,-0.008029,0.0,-0.00805,-0.00255,0.0,-0.008382,-0.008197,-0.001163,0.0,-0.00123,-0.0,-0.0,-0.004854,0.0,-0.004537,-0.005689,0.0,-0.000548,-0.002063,0.0,-0.009293,-0.001345,0.0,-0.003065,0.0,-0.0,-0.001966,-0.001887,-0.003971,-0.002502,0.0,-0.0,-0.004571,-0.004305,-0.005848,-0.0,0.0,-0.0,0.0,0.0,-0.000327,-0.004501,-0.008571,-0.004681,0.0,-2.7e-05,-0.007454,-0.000179,-0.004204,0.0,-0.000155,-0.002005,-0.0,-0.0,-0.004824,-0.005827,0.0,-0.0,0.0,-0.001365,0.0,-0.004283,0.0,-0.002368,-0.008646,-0.0,-0.0,-0.005246,-0.0,-0.0,0.0,-0.0,-0.004808,-0.005833,0.0,-0.003411,-0.003052,-0.008082,-0.008169,0.0,-0.007677,-0.0,-0.006051,-0.002071,0.0,-0.001281,-0.009501,-0.005806,-0.005557,-0.005561,-0.008322,-0.001451,-0.000977,-0.001114,0.0,-0.0,-0.003426,-0.004064,-0.005763
2017-05-29 14:12:00+02:00,0.0,0.0,-0.0,-0.005246,-0.0,-0.0,-0.000602,-0.001455,-0.004905,-0.0,-0.0,0.0,-0.005817,-0.005833,-0.002418,-0.006956,-0.0,0.0,-0.0,-0.007963,0.0,-0.007984,-0.002534,0.0,-0.008357,-0.008162,-0.001153,0.0,-0.001227,-0.0,-0.0,-0.004841,0.0,-0.004526,-0.005674,0.0,-0.000557,-0.002047,0.0,-0.009259,-0.001334,0.0,-0.003039,0.0,-0.0,-0.001962,-0.001879,-0.003936,-0.002495,0.0,-0.0,-0.004535,-0.004289,-0.005833,-0.0,0.0,-0.0,0.0,0.0,-0.000323,-0.004465,-0.008541,-0.004666,0.0,-2.1e-05,-0.007423,-0.000176,-0.004166,0.0,-0.000152,-0.001989,-0.0,-0.0,-0.004788,-0.005815,0.0,-0.0,0.0,-0.001354,0.0,-0.004267,0.0,-0.002362,-0.008617,-0.0,-0.0,-0.005218,-0.0,-0.0,0.0,-0.0,-0.00479,-0.005817,0.0,-0.003402,-0.003048,-0.008048,-0.008134,0.0,-0.007652,-0.0,-0.006028,-0.002052,0.0,-0.001271,-0.009473,-0.005789,-0.005541,-0.00554,-0.008286,-0.001441,-0.000975,-0.001102,0.0,-0.0,-0.003397,-0.00405,-0.005743
2017-05-29 14:13:00+02:00,0.0,0.0,-0.0,-0.005263,-0.0,-0.0,-0.000619,-0.001472,-0.004891,-0.0,-0.0,0.0,-0.005821,-0.005837,-0.002418,-0.006963,-0.0,0.0,-0.0,-0.007938,0.0,-0.00796,-0.002566,0.0,-0.008338,-0.008164,-0.00117,0.0,-0.001241,-0.0,-0.0,-0.004832,0.0,-0.004519,-0.005662,0.0,-0.00057,-0.002079,0.0,-0.00923,-0.001355,0.0,-0.003042,0.0,-0.0,-0.001988,-0.001889,-0.003923,-0.002492,0.0,-0.0,-0.004524,-0.004296,-0.005837,-0.0,0.0,-0.0,0.0,0.0,-0.000355,-0.004453,-0.008517,-0.004684,0.0,-2.1e-05,-0.007428,-0.000194,-0.004151,0.0,-0.000172,-0.00199,-0.0,-0.0,-0.004777,-0.005819,0.0,-0.0,0.0,-0.001385,0.0,-0.004272,0.0,-0.002387,-0.008594,-0.0,-0.0,-0.00522,-0.0,-0.0,0.0,-0.0,-0.004795,-0.005821,0.0,-0.003414,-0.00305,-0.008048,-0.008134,0.0,-0.007633,-0.0,-0.006041,-0.002051,0.0,-0.001291,-0.009478,-0.005793,-0.005531,-0.005553,-0.008287,-0.001461,-0.00099,-0.001107,0.0,-0.0,-0.003397,-0.004069,-0.005747
2017-05-29 14:14:00+02:00,0.0,0.0,-0.0,-0.005288,-0.0,-0.0,-0.00063,-0.001483,-0.004891,-0.0,-0.0,0.0,-0.00583,-0.005846,-0.002427,-0.006985,-0.0,0.0,-0.0,-0.007947,0.0,-0.007971,-0.002588,0.0,-0.008344,-0.008186,-0.001181,0.0,-0.001255,-0.0,-0.0,-0.004836,0.0,-0.004525,-0.005665,0.0,-0.000587,-0.002101,0.0,-0.009227,-0.001369,0.0,-0.003052,0.0,-0.0,-0.002012,-0.0019,-0.003925,-0.002497,0.0,-0.0,-0.004531,-0.004312,-0.005846,-0.0,0.0,-0.0,0.0,0.0,-0.000376,-0.004459,-0.008517,-0.004709,0.0,-2.2e-05,-0.00745,-0.000205,-0.004153,0.0,-0.000184,-0.001997,-0.0,-0.0,-0.004786,-0.005828,0.0,-0.0,0.0,-0.001407,0.0,-0.004287,0.0,-0.002412,-0.008595,-0.0,-0.0,-0.005224,-0.0,-0.0,0.0,-0.0,-0.00481,-0.00583,0.0,-0.003431,-0.003063,-0.008068,-0.008154,0.0,-0.007636,-0.0,-0.006065,-0.002054,0.0,-0.001304,-0.00949,-0.005801,-0.005537,-0.005576,-0.008308,-0.001475,-0.001004,-0.001114,0.0,-0.0,-0.003407,-0.004093,-0.005755
2017-05-29 14:15:00+02:00,0.0,0.0,-0.0,-0.005315,-0.0,-0.0,-0.000652,-0.001508,-0.004898,-0.0,-0.0,0.0,-0.005835,-0.005852,-0.002442,-0.007009,-0.0,0.0,-0.0,-0.007959,0.0,-0.007984,-0.002635,0.0,-0.008362,-0.00821,-0.001206,0.0,-0.001269,-0.0,-0.0,-0.004849,0.0,-0.004539,-0.005679,0.0,-0.000608,-0.002147,0.0,-0.009239,-0.001398,0.0,-0.003068,0.0,-0.0,-0.002037,-0.001911,-0.003928,-0.002508,0.0,-0.0,-0.00454,-0.004329,-0.005852,-0.0,0.0,-0.0,0.0,0.0,-0.000412,-0.004467,-0.008531,-0.004734,0.0,-2.9e-05,-0.007473,-0.000225,-0.004156,0.0,-0.000206,-0.002006,-0.0,-0.0,-0.004798,-0.005834,0.0,-0.0,0.0,-0.001448,0.0,-0.004303,0.0,-0.002437,-0.008611,-0.0,-0.0,-0.005225,-0.0,-0.0,0.0,-0.0,-0.004828,-0.005835,0.0,-0.00345,-0.003083,-0.008091,-0.008176,0.0,-0.007651,-0.0,-0.00609,-0.002061,0.0,-0.001333,-0.009495,-0.005807,-0.005553,-0.005599,-0.008331,-0.001503,-0.001018,-0.001123,0.0,-0.0,-0.003421,-0.004117,-0.005759
2017-05-29 14:16:00+02:00,0.0,0.0,-0.0,-0.005263,-0.0,-0.0,-0.000661,-0.001517,-0.004815,-0.0,-0.0,0.0,-0.005839,-0.005856,-0.002382,-0.006954,-0.0,0.0,-0.0,-0.007539,0.0,-0.007569,-0.002653,0.0,-0.008224,-0.008154,-0.001215,0.0,-0.001241,-0.0,-0.0,-0.004768,0.0,-0.00446,-0.005578,0.0,-0.00054,-0.002165,0.0,-0.009065,-0.00141,0.0,-0.002828,0.0,-0.0,-0.001989,-0.001882,-0.003718,-0.002446,0.0,-0.0,-0.004309,-0.004298,-0.005856,-0.0,0.0,-0.0,0.0,0.0,-0.000427,-0.004237,-0.008371,-0.004683,0.0,-2.3e-05,-0.007418,-0.000233,-0.003937,0.0,-0.000215,-0.001856,-0.0,-0.0,-0.004552,-0.005814,0.0,-0.0,0.0,-0.001465,0.0,-0.004271,0.0,-0.002389,-0.008451,-0.0,-0.0,-0.005215,-0.0,-0.0,0.0,-0.0,-0.004797,-0.005839,0.0,-0.003421,-0.002991,-0.008035,-0.00812,0.0,-0.007517,-0.0,-0.006037,-0.00191,0.0,-0.001344,-0.009496,-0.00581,-0.005436,-0.005547,-0.008275,-0.001515,-0.000991,-0.001003,0.0,-0.0,-0.003168,-0.004066,-0.005762
2017-05-29 14:17:00+02:00,0.0,0.0,-0.0,-0.005268,-0.0,-0.0,-0.000673,-0.001527,-0.004785,-0.0,-0.0,0.0,-0.00584,-0.005857,-0.00237,-0.006952,-0.0,0.0,-0.0,-0.007279,0.0,-0.007314,-0.002671,0.0,-0.008178,-0.008148,-0.001224,0.0,-0.001247,-0.0,-0.0,-0.004741,0.0,-0.004434,-0.005533,0.0,-0.000542,-0.002182,0.0,-0.00898,-0.001418,0.0,-0.002691,0.0,-0.0,-0.002,-0.001885,-0.00359,-0.00243,0.0,-0.0,-0.004171,-0.0043,-0.005857,-0.0,0.0,-0.0,0.0,0.0,-0.000453,-0.004099,-0.0083,-0.004688,0.0,-1.9e-05,-0.007414,-0.000247,-0.003804,0.0,-0.000231,-0.00177,-0.0,-0.0,-0.004403,-0.005822,0.0,-0.0,0.0,-0.001485,0.0,-0.004272,0.0,-0.0024,-0.00838,-0.0,-0.0,-0.005198,-0.0,-0.0,0.0,-0.0,-0.004797,-0.00584,0.0,-0.003427,-0.002975,-0.008028,-0.008112,0.0,-0.007467,-0.0,-0.006038,-0.001821,0.0,-0.001354,-0.009478,-0.005811,-0.005397,-0.005547,-0.008268,-0.001526,-0.000999,-0.000934,0.0,-0.0,-0.003021,-0.004072,-0.005762
2017-05-29 14:18:00+02:00,0.0,0.0,-0.0,-0.005278,-0.0,-0.0,-0.000691,-0.001542,-0.004754,-0.0,-0.0,0.0,-0.005811,-0.00583,-0.00236,-0.006952,-0.0,0.0,-0.0,-0.007121,0.0,-0.007161,-0.002701,0.0,-0.008128,-0.008142,-0.001239,0.0,-0.001259,-0.0,-0.0,-0.004713,0.0,-0.004408,-0.005488,0.0,-0.000551,-0.00221,0.0,-0.008897,-0.001435,0.0,-0.002617,0.0,-0.0,-0.002021,-0.001891,-0.003514,-0.002417,0.0,-0.0,-0.004092,-0.004304,-0.00583,-0.0,0.0,-0.0,0.0,0.0,-0.000491,-0.00402,-0.008229,-0.0047,0.0,-1.5e-05,-0.007413,-0.000268,-0.003726,0.0,-0.000254,-0.001723,-0.0,-0.0,-0.004316,-0.00582,0.0,-0.0,0.0,-0.001518,0.0,-0.004274,0.0,-0.00242,-0.00831,-0.0,-0.0,-0.005157,-0.0,-0.0,0.0,-0.0,-0.004799,-0.005811,0.0,-0.003435,-0.002963,-0.008022,-0.008105,0.0,-0.007415,-0.0,-0.006044,-0.001771,0.0,-0.001372,-0.009413,-0.005781,-0.005361,-0.005553,-0.008261,-0.001545,-0.001012,-0.000899,0.0,-0.0,-0.002939,-0.004085,-0.005727
2017-05-29 14:19:00+02:00,0.0,0.0,-0.0,-0.005267,-0.0,-0.0,-0.000702,-0.001548,-0.004708,-0.0,-0.0,0.0,-0.005812,-0.005832,-0.002339,-0.006931,-0.0,0.0,-0.0,-0.007039,0.0,-0.007083,-0.002715,0.0,-0.008054,-0.008115,-0.001246,0.0,-0.00126,-0.0,-0.0,-0.004669,0.0,-0.004368,-0.005435,0.0,-0.000543,-0.002224,0.0,-0.008799,-0.001442,0.0,-0.002589,0.0,-0.0,-0.002024,-0.001887,-0.003479,-0.002392,0.0,-0.0,-0.004057,-0.004295,-0.005832,-0.0,0.0,-0.0,0.0,0.0,-0.000516,-0.003984,-0.008142,-0.004691,0.0,-1.2e-05,-0.00739,-0.000282,-0.003689,0.0,-0.00027,-0.001704,-0.0,-0.0,-0.004275,-0.00581,0.0,-0.0,0.0,-0.001537,0.0,-0.004263,0.0,-0.002421,-0.008224,-0.0,-0.0,-0.005154,-0.0,-0.0,0.0,-0.0,-0.004786,-0.005812,0.0,-0.003431,-0.002933,-0.007993,-0.008076,0.0,-0.007341,-0.0,-0.006029,-0.001749,0.0,-0.00138,-0.009414,-0.005782,-0.005306,-0.005539,-0.008233,-0.001554,-0.001015,-0.000891,0.0,-0.0,-0.002905,-0.004078,-0.005727
2017-05-29 14:20:00+02:00,0.0,0.0,-0.0,-0.005274,-0.0,-0.0,-0.000724,-0.001566,-0.004682,-0.0,-0.0,0.0,-0.005755,-0.005775,-0.002339,-0.006926,-0.0,0.0,-0.0,-0.006972,0.0,-0.00702,-0.002749,0.0,-0.008013,-0.0081,-0.001264,0.0,-0.001272,-0.0,-0.0,-0.004648,0.0,-0.00435,-0.005409,0.0,-0.000563,-0.002258,0.0,-0.008745,-0.001463,0.0,-0.002574,0.0,-0.0,-0.002045,-0.001893,-0.003451,-0.002387,0.0,-0.0,-0.00403,-0.004295,-0.005775,-0.0,0.0,-0.0,0.0,0.0,-0.000562,-0.003957,-0.008096,-0.0047,0.0,-1e-05,-0.007381,-0.000307,-0.003658,0.0,-0.000298,-0.001693,-0.0,-0.0,-0.004243,-0.005767,0.0,-0.0,0.0,-0.001576,0.0,-0.004262,0.0,-0.002441,-0.008178,-0.0,-0.0,-0.005084,-0.0,-0.0,0.0,-0.0,-0.004783,-0.005755,0.0,-0.003438,-0.002934,-0.007978,-0.00806,0.0,-0.0073,-0.0,-0.00603,-0.001734,0.0,-0.001401,-0.009297,-0.005722,-0.005285,-0.005542,-0.008216,-0.001576,-0.001029,-0.00089,0.0,-0.0,-0.002884,-0.004089,-0.005666
2017-05-29 14:21:00+02:00,0.0,0.0,-0.0,-0.005249,-0.0,-0.0,-0.000723,-0.00156,-0.00463,-0.0,-0.0,0.0,-0.005756,-0.005776,-0.002313,-0.006886,-0.0,0.0,-0.0,-0.006875,0.0,-0.006927,-0.002738,0.0,-0.007927,-0.008049,-0.001259,0.0,-0.001267,-0.0,-0.0,-0.004599,0.0,-0.004305,-0.005351,0.0,-0.00055,-0.00225,0.0,-0.00864,-0.001458,0.0,-0.002534,0.0,-0.0,-0.002038,-0.001883,-0.003406,-0.002357,0.0,-0.0,-0.003984,-0.004275,-0.005776,-0.0,0.0,-0.0,0.0,0.0,-0.000568,-0.00391,-0.008001,-0.004677,0.0,-8e-06,-0.007337,-0.00031,-0.003611,0.0,-0.000302,-0.001668,-0.0,-0.0,-0.004192,-0.005746,0.0,-0.0,0.0,-0.001574,0.0,-0.00424,0.0,-0.002432,-0.008083,-0.0,-0.0,-0.005081,-0.0,-0.0,0.0,-0.0,-0.004758,-0.005756,0.0,-0.003424,-0.002897,-0.007927,-0.008008,0.0,-0.007216,-0.0,-0.005998,-0.001706,0.0,-0.001397,-0.009297,-0.005724,-0.005222,-0.005512,-0.008164,-0.001571,-0.001026,-0.000877,0.0,-0.0,-0.00284,-0.004069,-0.005667
2017-05-29 14:22:00+02:00,0.0,0.0,-0.0,-0.005245,-0.0,-0.0,-0.000733,-0.001565,-0.004595,-0.0,-0.0,0.0,-0.005759,-0.00578,-0.002304,-0.006872,-0.0,0.0,-0.0,-0.006824,0.0,-0.006879,-0.00275,0.0,-0.007872,-0.00803,-0.001265,0.0,-0.001272,-0.0,-0.0,-0.004569,0.0,-0.004279,-0.005318,0.0,-0.000555,-0.002262,0.0,-0.008574,-0.001465,0.0,-0.002524,0.0,-0.0,-0.002047,-0.001882,-0.003384,-0.002344,0.0,-0.0,-0.003964,-0.00427,-0.00578,-0.0,0.0,-0.0,0.0,0.0,-0.00059,-0.003889,-0.007943,-0.004675,0.0,-6e-06,-0.00732,-0.000322,-0.003588,0.0,-0.000316,-0.001661,-0.0,-0.0,-0.004169,-0.005742,0.0,-0.0,0.0,-0.00159,0.0,-0.004234,0.0,-0.00244,-0.008026,-0.0,-0.0,-0.005081,-0.0,-0.0,0.0,-0.0,-0.004751,-0.005759,0.0,-0.003424,-0.002883,-0.007907,-0.007987,0.0,-0.007163,-0.0,-0.00599,-0.001696,0.0,-0.001404,-0.009299,-0.005727,-0.005187,-0.005503,-0.008144,-0.001579,-0.001032,-0.000875,0.0,-0.0,-0.002825,-0.004069,-0.005669
2017-05-29 14:23:00+02:00,0.0,0.0,-0.0,-0.005219,-0.0,-0.0,-0.000737,-0.001564,-0.004551,-0.0,-0.0,0.0,-0.005752,-0.005774,-0.002288,-0.006837,-0.0,0.0,-0.0,-0.00679,0.0,-0.006848,-0.002751,0.0,-0.007803,-0.00799,-0.001265,0.0,-0.001265,-0.0,-0.0,-0.004533,0.0,-0.004247,-0.005279,0.0,-0.00055,-0.002264,0.0,-0.0085,-0.001466,0.0,-0.002529,0.0,-0.0,-0.002037,-0.001871,-0.003371,-0.002324,0.0,-0.0,-0.003953,-0.004252,-0.005774,-0.0,0.0,-0.0,0.0,0.0,-0.000602,-0.003877,-0.007876,-0.004652,0.0,-5e-06,-0.007283,-0.000328,-0.003573,0.0,-0.000324,-0.001664,-0.0,-0.0,-0.004155,-0.005727,0.0,-0.0,0.0,-0.001596,0.0,-0.004215,0.0,-0.002428,-0.00796,-0.0,-0.0,-0.005056,-0.0,-0.0,0.0,-0.0,-0.004731,-0.005752,0.0,-0.00341,-0.002859,-0.007867,-0.007947,0.0,-0.007101,-0.0,-0.00596,-0.001694,0.0,-0.001406,-0.009271,-0.005718,-0.005143,-0.005474,-0.008104,-0.001581,-0.001028,-0.000884,0.0,-0.0,-0.002826,-0.004047,-0.005657
2017-05-29 14:24:00+02:00,0.0,0.0,-0.0,-0.005203,-0.0,-0.0,-0.000744,-0.001567,-0.004511,-0.0,-0.0,0.0,-0.005722,-0.005744,-0.002276,-0.006809,-0.0,0.0,-0.0,-0.006772,0.0,-0.006832,-0.002758,0.0,-0.007739,-0.007957,-0.001269,0.0,-0.001265,-0.0,-0.0,-0.004499,0.0,-0.004218,-0.005243,0.0,-0.000553,-0.002272,0.0,-0.008429,-0.001472,0.0,-0.00255,0.0,-0.0,-0.002038,-0.001865,-0.003366,-0.002308,0.0,-0.0,-0.003951,-0.00424,-0.005744,-0.0,0.0,-0.0,0.0,0.0,-0.000623,-0.003875,-0.007811,-0.004638,0.0,-1.6e-05,-0.007254,-0.000339,-0.003566,0.0,-0.000336,-0.001676,-0.0,-0.0,-0.004151,-0.005709,0.0,-0.0,0.0,-0.001609,0.0,-0.0042,0.0,-0.002427,-0.007896,-0.0,-0.0,-0.005018,-0.0,-0.0,0.0,-0.0,-0.004716,-0.005722,0.0,-0.003403,-0.002843,-0.007834,-0.007912,0.0,-0.007043,-0.0,-0.005938,-0.001702,0.0,-0.001411,-0.009209,-0.005687,-0.005104,-0.005453,-0.008069,-0.001586,-0.00103,-0.000904,0.0,-0.0,-0.002844,-0.004036,-0.005625
2017-05-29 14:25:00+02:00,0.0,0.0,-0.0,-0.005159,-0.0,-0.0,-0.00073,-0.001546,-0.004455,-0.0,-0.0,0.0,-0.005695,-0.005717,-0.002244,-0.006754,-0.0,0.0,-0.0,-0.006684,0.0,-0.006745,-0.002723,0.0,-0.007647,-0.007894,-0.00125,0.0,-0.001249,-0.0,-0.0,-0.004448,0.0,-0.00417,-0.005187,0.0,-0.000527,-0.00224,0.0,-0.008329,-0.001451,0.0,-0.002518,0.0,-0.0,-0.002012,-0.001845,-0.003323,-0.002274,0.0,-0.0,-0.003906,-0.004209,-0.005717,-0.0,0.0,-0.0,0.0,0.0,-0.000604,-0.003829,-0.007716,-0.004597,0.0,-1.3e-05,-0.007195,-0.000329,-0.00352,0.0,-0.000326,-0.001655,-0.0,-0.0,-0.004103,-0.005668,0.0,-0.0,0.0,-0.001582,0.0,-0.004168,0.0,-0.002399,-0.007801,-0.0,-0.0,-0.004984,-0.0,-0.0,0.0,-0.0,-0.004682,-0.005695,0.0,-0.003378,-0.002795,-0.007772,-0.00785,0.0,-0.006956,-0.0,-0.005889,-0.001679,0.0,-0.001391,-0.009161,-0.005659,-0.005037,-0.005407,-0.008005,-0.001566,-0.001016,-0.000894,0.0,-0.0,-0.002807,-0.003999,-0.005595
2017-05-29 14:26:00+02:00,0.0,0.0,-0.0,-0.005117,-0.0,-0.0,-0.000719,-0.001528,-0.004425,-0.0,-0.0,0.0,-0.005698,-0.00572,-0.002234,-0.006701,-0.0,0.0,-0.0,-0.006607,0.0,-0.006669,-0.002693,0.0,-0.007601,-0.007836,-0.001233,0.0,-0.001234,-0.0,-0.0,-0.004424,0.0,-0.004149,-0.005161,0.0,-0.000526,-0.002212,0.0,-0.008279,-0.001434,0.0,-0.002488,0.0,-0.0,-0.001988,-0.001825,-0.003284,-0.002261,0.0,-0.0,-0.003865,-0.004179,-0.00572,-0.0,0.0,-0.0,0.0,0.0,-0.000591,-0.003788,-0.00767,-0.004557,0.0,-1e-05,-0.00714,-0.000322,-0.003478,0.0,-0.000318,-0.001636,-0.0,-0.0,-0.00406,-0.005655,0.0,-0.0,0.0,-0.00156,0.0,-0.004137,0.0,-0.002372,-0.007756,-0.0,-0.0,-0.004985,-0.0,-0.0,0.0,-0.0,-0.00465,-0.005698,0.0,-0.003354,-0.002781,-0.007715,-0.007791,0.0,-0.006914,-0.0,-0.005842,-0.001657,0.0,-0.001374,-0.009165,-0.005662,-0.005007,-0.005362,-0.007945,-0.001548,-0.001002,-0.000882,0.0,-0.0,-0.002773,-0.003961,-0.005598
2017-05-29 14:27:00+02:00,0.0,0.0,-0.0,-0.0051,-0.0,-0.0,-0.00073,-0.001536,-0.004416,-0.0,-0.0,0.0,-0.0057,-0.005722,-0.002242,-0.006677,-0.0,0.0,-0.0,-0.006573,0.0,-0.006637,-0.002711,0.0,-0.007593,-0.007809,-0.001242,0.0,-0.001231,-0.0,-0.0,-0.004422,0.0,-0.00415,-0.005159,0.0,-0.000546,-0.002231,0.0,-0.008265,-0.001447,0.0,-0.002492,0.0,-0.0,-0.001985,-0.001817,-0.003268,-0.002264,0.0,-0.0,-0.003851,-0.004168,-0.005722,-0.0,0.0,-0.0,0.0,0.0,-0.000616,-0.003772,-0.00766,-0.004541,0.0,-8e-06,-0.007115,-0.000335,-0.00346,0.0,-0.000334,-0.001638,-0.0,-0.0,-0.004044,-0.005664,0.0,-0.0,0.0,-0.001581,0.0,-0.004124,0.0,-0.002367,-0.007747,-0.0,-0.0,-0.004979,-0.0,-0.0,0.0,-0.0,-0.004637,-0.0057,0.0,-0.003346,-0.002791,-0.007688,-0.007764,0.0,-0.006907,-0.0,-0.005822,-0.001656,0.0,-0.001386,-0.009166,-0.005664,-0.005008,-0.005343,-0.007918,-0.00156,-0.001001,-0.000892,0.0,-0.0,-0.002775,-0.003948,-0.005599
2017-05-29 14:28:00+02:00,0.0,0.0,-0.0,-0.005106,-0.0,-0.0,-0.000732,-0.001534,-0.004411,-0.0,-0.0,0.0,-0.005704,-0.005726,-0.00225,-0.006676,-0.0,0.0,-0.0,-0.006539,0.0,-0.006604,-0.002709,0.0,-0.007589,-0.007804,-0.001241,0.0,-0.001237,-0.0,-0.0,-0.004423,0.0,-0.004153,-0.005162,0.0,-0.000565,-0.00223,0.0,-0.008258,-0.001447,0.0,-0.002486,0.0,-0.0,-0.001996,-0.001819,-0.003251,-0.002268,0.0,-0.0,-0.003835,-0.004171,-0.005726,-0.0,0.0,-0.0,0.0,0.0,-0.000625,-0.003756,-0.007655,-0.004548,0.0,-7e-06,-0.007112,-0.000339,-0.003441,0.0,-0.000339,-0.001634,-0.0,-0.0,-0.004028,-0.005675,0.0,-0.0,0.0,-0.001584,0.0,-0.004126,0.0,-0.002378,-0.007743,-0.0,-0.0,-0.004974,-0.0,-0.0,0.0,-0.0,-0.004638,-0.005704,0.0,-0.003352,-0.002803,-0.007683,-0.007758,0.0,-0.006903,-0.0,-0.005825,-0.001649,0.0,-0.001386,-0.009167,-0.005666,-0.005011,-0.005345,-0.007912,-0.00156,-0.001008,-0.000893,0.0,-0.0,-0.002766,-0.003955,-0.0056
2017-05-29 14:29:00+02:00,0.0,0.0,-0.0,-0.005107,-0.0,-0.0,-0.000743,-0.001542,-0.004402,-0.0,-0.0,0.0,-0.00566,-0.005684,-0.002256,-0.006669,-0.0,0.0,-0.0,-0.006493,0.0,-0.006559,-0.002727,0.0,-0.00758,-0.007792,-0.00125,0.0,-0.001242,-0.0,-0.0,-0.00442,0.0,-0.004153,-0.00516,0.0,-0.000582,-0.00225,0.0,-0.008245,-0.001461,0.0,-0.002471,0.0,-0.0,-0.002005,-0.00182,-0.003227,-0.002269,0.0,-0.0,-0.003812,-0.00417,-0.005684,-0.0,0.0,-0.0,0.0,0.0,-0.000649,-0.003732,-0.007644,-0.004551,0.0,-5e-06,-0.007103,-0.000352,-0.003415,0.0,-0.000354,-0.001624,-0.0,-0.0,-0.004004,-0.005678,0.0,-0.0,0.0,-0.001604,0.0,-0.004122,0.0,-0.002386,-0.007734,-0.0,-0.0,-0.004916,-0.0,-0.0,0.0,-0.0,-0.004634,-0.00566,0.0,-0.003355,-0.002812,-0.007672,-0.007746,0.0,-0.006895,-0.0,-0.005822,-0.001637,0.0,-0.001398,-0.009079,-0.00562,-0.00501,-0.005344,-0.0079,-0.001571,-0.001013,-0.000889,0.0,-1e-06,-0.002748,-0.003958,-0.00555
2017-05-29 14:30:00+02:00,0.0,0.0,-0.0,-0.005077,-0.0,-0.0,-0.000739,-0.001534,-0.004375,-0.0,-0.0,0.0,-0.005662,-0.005686,-0.002246,-0.006629,-0.0,0.0,-0.0,-0.006415,0.0,-0.006481,-0.002715,0.0,-0.007541,-0.007745,-0.001244,0.0,-0.001232,-0.0,-0.0,-0.004399,0.0,-0.004134,-0.005138,0.0,-0.00058,-0.002241,0.0,-0.008202,-0.001457,0.0,-0.002424,0.0,-0.0,-0.001989,-0.001806,-0.003185,-0.002256,0.0,-0.0,-0.003768,-0.004147,-0.005686,-0.0,0.0,-0.0,0.0,0.0,-0.000648,-0.003688,-0.007605,-0.004523,0.0,-4e-06,-0.00706,-0.000351,-0.003371,0.0,-0.000354,-0.001594,-0.0,-0.0,-0.003959,-0.005661,0.0,-0.0,0.0,-0.001598,0.0,-0.004098,0.0,-0.002369,-0.007695,-0.0,-0.0,-0.004916,-0.0,-0.0,0.0,-0.0,-0.004608,-0.005662,0.0,-0.003338,-0.002798,-0.007627,-0.007699,0.0,-0.006859,-0.0,-0.005787,-0.001607,0.0,-0.001392,-0.009082,-0.005622,-0.004985,-0.005311,-0.007851,-0.001564,-0.001004,-0.000863,0.0,-1e-06,-0.002699,-0.003933,-0.005551
2017-05-29 14:31:00+02:00,0.0,0.0,-0.0,-0.00508,-0.0,-0.0,-0.000764,-0.001555,-0.004368,-0.0,-0.0,0.0,-0.005666,-0.005689,-0.002246,-0.006617,-0.0,0.0,-0.0,-0.00637,0.0,-0.006436,-0.002756,0.0,-0.007534,-0.007722,-0.001266,0.0,-0.001244,-0.0,-0.0,-0.004394,0.0,-0.00413,-0.005131,0.0,-0.000585,-0.002284,0.0,-0.008185,-0.001485,0.0,-0.002382,0.0,-0.0,-0.002012,-0.001811,-0.003156,-0.002253,0.0,-0.0,-0.003741,-0.004142,-0.005689,-0.0,0.0,-0.0,0.0,0.0,-0.000702,-0.00366,-0.00759,-0.004529,0.0,-3e-06,-0.007045,-0.00038,-0.003342,0.0,-0.000385,-0.00157,-0.0,-0.0,-0.003932,-0.005659,0.0,-0.0,0.0,-0.001644,0.0,-0.004091,0.0,-0.00239,-0.007681,-0.0,-0.0,-0.004917,-0.0,-0.0,0.0,-0.0,-0.004597,-0.005666,0.0,-0.00334,-0.002797,-0.007603,-0.007674,0.0,-0.006848,-0.0,-0.005784,-0.001583,0.0,-0.001419,-0.009087,-0.005625,-0.004978,-0.00531,-0.007825,-0.00159,-0.001017,-0.00082,0.0,-3.1e-05,-0.002658,-0.003942,-0.005553
2017-05-29 14:32:00+02:00,0.0,0.0,-0.0,-0.005101,-0.0,-0.0,-0.000784,-0.001567,-0.004383,-0.0,-0.0,0.0,-0.005675,-0.005699,-0.002262,-0.006626,-0.0,0.0,-0.0,-0.006362,0.0,-0.006429,-0.002782,0.0,-0.007567,-0.007718,-0.001284,0.0,-0.001263,-0.0,-0.0,-0.004412,0.0,-0.004147,-0.005147,0.0,-0.000608,-0.002318,0.0,-0.008203,-0.001507,0.0,-0.002372,0.0,-0.0,-0.002048,-0.001824,-0.003149,-0.002265,0.0,-0.0,-0.003737,-0.004149,-0.005699,-0.0,0.0,-0.0,0.0,0.0,-0.000748,-0.003655,-0.00761,-0.004553,0.0,-3e-06,-0.007049,-0.000405,-0.003334,0.0,-0.000413,-0.001564,-0.0,-0.0,-0.00393,-0.005676,0.0,-0.0,0.0,-0.00168,0.0,-0.004096,0.0,-0.002425,-0.007703,-0.0,-0.0,-0.004922,-0.0,-0.0,0.0,-0.0,-0.004599,-0.005675,0.0,-0.003354,-0.00282,-0.007598,-0.007668,0.0,-0.006873,-0.0,-0.005799,-0.001578,0.0,-0.001439,-0.009102,-0.005634,-0.004999,-0.005326,-0.007819,-0.001607,-0.001037,-0.000798,0.0,-6e-05,-0.00265,-0.003967,-0.005562
2017-05-29 14:33:00+02:00,0.0,0.0,-0.0,-0.005162,-0.0,-0.0,-0.000813,-0.001597,-0.004387,-0.0,-0.0,0.0,-0.005685,-0.005709,-0.002269,-0.006685,-0.0,0.0,-0.0,-0.006377,0.0,-0.006445,-0.002837,0.0,-0.00758,-0.007778,-0.001313,0.0,-0.001297,-0.0,-0.0,-0.004417,0.0,-0.004154,-0.005153,0.0,-0.000618,-0.002373,0.0,-0.008206,-0.001542,0.0,-0.002379,0.0,-0.0,-0.002106,-0.001853,-0.003153,-0.002268,0.0,-0.0,-0.003747,-0.004188,-0.005709,-0.0,0.0,-0.0,0.0,0.0,-0.000806,-0.003664,-0.007615,-0.004612,0.0,-2e-06,-0.007109,-0.000436,-0.003339,0.0,-0.000447,-0.001569,-0.0,-0.0,-0.003942,-0.005685,0.0,-0.0,0.0,-0.001735,0.0,-0.004132,0.0,-0.002484,-0.00771,-0.0,-0.0,-0.004926,-0.0,-0.0,0.0,-0.0,-0.004637,-0.005685,0.0,-0.003393,-0.002829,-0.007657,-0.007726,0.0,-0.006879,-0.0,-0.005859,-0.001581,0.0,-0.001473,-0.009116,-0.005643,-0.005005,-0.005383,-0.007879,-0.00164,-0.00107,-0.000788,0.0,-0.0001,-0.002658,-0.004025,-0.00557
2017-05-29 14:34:00+02:00,0.0,0.0,-0.0,-0.0052,-0.0,-0.0,-0.000834,-0.001619,-0.004422,-0.0,-0.0,0.0,-0.005691,-0.005715,-0.002297,-0.006722,-0.0,0.0,-0.0,-0.006378,0.0,-0.006447,-0.002881,0.0,-0.007646,-0.007817,-0.001334,0.0,-0.001318,-0.0,-0.0,-0.004457,0.0,-0.004192,-0.005192,0.0,-0.000648,-0.002414,0.0,-0.008259,-0.00157,0.0,-0.002375,0.0,-0.0,-0.002144,-0.001872,-0.003151,-0.002291,0.0,-0.0,-0.003749,-0.004215,-0.005715,-0.0,0.0,-0.0,0.0,0.0,-0.000848,-0.003665,-0.007668,-0.00465,0.0,-2e-06,-0.007147,-0.000459,-0.003337,0.0,-0.000472,-0.001567,-0.0,-0.0,-0.003946,-0.005697,0.0,-0.0,0.0,-0.001775,0.0,-0.004156,0.0,-0.002523,-0.007764,-0.0,-0.0,-0.004919,-0.0,-0.0,0.0,-0.0,-0.004664,-0.005691,0.0,-0.003419,-0.002867,-0.007694,-0.007763,0.0,-0.006935,-0.0,-0.005896,-0.001579,0.0,-0.001499,-0.00912,-0.005648,-0.005049,-0.005418,-0.007917,-0.001667,-0.001091,-0.000775,0.0,-0.000129,-0.002655,-0.004062,-0.005574
2017-05-29 14:35:00+02:00,0.0,0.0,-0.0,-0.005192,-0.0,-0.0,-0.000834,-0.001617,-0.004414,-0.0,-0.0,0.0,-0.005695,-0.00572,-0.002289,-0.00671,-0.0,0.0,-0.0,-0.006342,0.0,-0.006412,-0.00288,0.0,-0.007636,-0.007805,-0.001333,0.0,-0.001316,-0.0,-0.0,-0.004453,0.0,-0.004186,-0.005184,0.0,-0.000634,-0.002413,0.0,-0.008234,-0.00157,0.0,-0.002344,0.0,-0.0,-0.002141,-0.001866,-0.00313,-0.00228,0.0,-0.0,-0.003731,-0.004212,-0.00572,-0.0,0.0,-0.0,0.0,0.0,-0.00085,-0.003646,-0.007646,-0.004642,0.0,-1e-06,-0.007134,-0.00046,-0.003315,0.0,-0.000473,-0.001549,-0.0,-0.0,-0.003929,-0.005697,0.0,-0.0,0.0,-0.001775,0.0,-0.004151,0.0,-0.00252,-0.007743,-0.0,-0.0,-0.004905,-0.0,-0.0,0.0,-0.0,-0.00466,-0.005695,0.0,-0.003417,-0.00285,-0.007681,-0.007749,0.0,-0.00692,-0.0,-0.005886,-0.001561,0.0,-0.001499,-0.009114,-0.005651,-0.00503,-0.005407,-0.007903,-0.001667,-0.001088,-0.000749,0.0,-0.000121,-0.002624,-0.004055,-0.005576
2017-05-29 14:36:00+02:00,0.0,0.0,-0.0,-0.005182,-0.0,-0.0,-0.000832,-0.001613,-0.004406,-0.0,-0.0,0.0,-0.005698,-0.005723,-0.002283,-0.006694,-0.0,0.0,-0.0,-0.006311,0.0,-0.006382,-0.002875,0.0,-0.007626,-0.007786,-0.001329,0.0,-0.001314,-0.0,-0.0,-0.004449,0.0,-0.004183,-0.005177,0.0,-0.000625,-0.002408,0.0,-0.008211,-0.001569,0.0,-0.002323,0.0,-0.0,-0.002137,-0.001861,-0.003112,-0.002272,0.0,-0.0,-0.003716,-0.004207,-0.005723,-0.0,0.0,-0.0,0.0,0.0,-0.000851,-0.00363,-0.007626,-0.004633,0.0,-1e-06,-0.007117,-0.00046,-0.003297,0.0,-0.000473,-0.001537,-0.0,-0.0,-0.003915,-0.005697,0.0,-0.0,0.0,-0.001771,0.0,-0.004144,0.0,-0.002516,-0.007725,-0.0,-0.0,-0.004892,-0.0,-0.0,0.0,-0.0,-0.004654,-0.005698,0.0,-0.003414,-0.002837,-0.007662,-0.00773,0.0,-0.006906,-0.0,-0.005872,-0.001548,0.0,-0.001497,-0.009096,-0.005653,-0.005015,-0.005394,-0.007884,-0.001665,-0.001086,-0.000732,0.0,-0.000115,-0.002603,-0.004046,-0.005576
2017-05-29 14:37:00+02:00,0.0,0.0,-0.0,-0.005183,-0.0,-0.0,-0.000835,-0.001615,-0.004406,-0.0,-0.0,0.0,-0.005701,-0.005726,-0.002287,-0.006689,-0.0,0.0,-0.0,-0.006289,0.0,-0.006361,-0.00288,0.0,-0.00763,-0.007778,-0.001331,0.0,-0.001317,-0.0,-0.0,-0.004455,0.0,-0.004188,-0.005181,0.0,-0.000628,-0.002414,0.0,-0.008205,-0.001574,0.0,-0.002311,0.0,-0.0,-0.002144,-0.001861,-0.0031,-0.002272,0.0,-0.0,-0.003707,-0.004209,-0.005726,-0.0,0.0,-0.0,0.0,0.0,-0.000859,-0.00362,-0.007624,-0.004634,0.0,-1e-06,-0.007111,-0.000464,-0.003284,0.0,-0.000479,-0.001531,-0.0,-0.0,-0.003906,-0.005706,0.0,-0.0,0.0,-0.001778,0.0,-0.004143,0.0,-0.002522,-0.007725,-0.0,-0.0,-0.004883,-0.0,-0.0,0.0,-0.0,-0.004654,-0.005701,0.0,-0.003418,-0.002839,-0.007654,-0.007721,0.0,-0.006906,-0.0,-0.00587,-0.001541,0.0,-0.001501,-0.009089,-0.005655,-0.005014,-0.005391,-0.007875,-0.001669,-0.00109,-0.000721,0.0,-0.000119,-0.002591,-0.004048,-0.005576
2017-05-29 14:38:00+02:00,0.0,0.0,-0.0,-0.005162,-0.0,-0.0,-0.00083,-0.001609,-0.00442,-0.0,-0.0,0.0,-0.005705,-0.005731,-0.002302,-0.006659,-0.0,0.0,-0.0,-0.006263,0.0,-0.006336,-0.002871,0.0,-0.007659,-0.007743,-0.001326,0.0,-0.00131,-0.0,-0.0,-0.004474,0.0,-0.004209,-0.005208,0.0,-0.000642,-0.002405,0.0,-0.008235,-0.00157,0.0,-0.002295,0.0,-0.0,-0.002131,-0.00185,-0.003085,-0.002283,0.0,-0.0,-0.003696,-0.004195,-0.005731,-0.0,0.0,-0.0,0.0,0.0,-0.000853,-0.003608,-0.007657,-0.004614,0.0,-1e-06,-0.007079,-0.00046,-0.003269,0.0,-0.000475,-0.001521,-0.0,-0.0,-0.003895,-0.005718,0.0,-0.0,0.0,-0.001769,0.0,-0.004128,0.0,-0.00251,-0.00776,-0.0,-0.0,-0.004883,-0.0,-0.0,0.0,-0.0,-0.004637,-0.005705,0.0,-0.003407,-0.002856,-0.007618,-0.007684,0.0,-0.006929,-0.0,-0.005845,-0.00153,0.0,-0.001496,-0.009091,-0.005659,-0.005034,-0.005366,-0.007838,-0.001664,-0.001083,-0.000708,0.0,-0.00011,-0.002574,-0.004029,-0.005579
2017-05-29 14:39:00+02:00,0.0,0.0,-0.0,-0.00516,-0.0,-0.0,-0.000835,-0.001613,-0.004433,-0.0,-0.0,0.0,-0.005711,-0.005738,-0.002319,-0.00665,-0.0,0.0,-0.0,-0.00626,0.0,-0.006335,-0.002881,0.0,-0.007688,-0.007727,-0.001329,0.0,-0.001311,-0.0,-0.0,-0.004493,0.0,-0.004229,-0.005236,0.0,-0.000661,-0.002414,0.0,-0.008267,-0.001577,0.0,-0.002302,0.0,-0.0,-0.002135,-0.001849,-0.003084,-0.002296,0.0,-0.0,-0.003699,-0.004193,-0.005738,-0.0,0.0,-0.0,0.0,0.0,-0.000865,-0.00361,-0.007691,-0.004613,0.0,-1e-06,-0.007067,-0.000466,-0.003267,0.0,-0.000482,-0.001526,-0.0,-0.0,-0.003899,-0.005729,0.0,-0.0,0.0,-0.001779,0.0,-0.004124,0.0,-0.002513,-0.007796,-0.0,-0.0,-0.004883,-0.0,-0.0,0.0,-0.0,-0.004632,-0.005711,0.0,-0.003408,-0.002877,-0.007601,-0.007666,0.0,-0.00695,-0.0,-0.005839,-0.001533,0.0,-0.001502,-0.009095,-0.005663,-0.005057,-0.005359,-0.007821,-0.00167,-0.001085,-0.00071,0.0,-0.000118,-0.00258,-0.004028,-0.005581
2017-05-29 14:40:00+02:00,0.0,0.0,-0.0,-0.005183,-0.0,-0.0,-0.000844,-0.001622,-0.004464,-0.0,-0.0,0.0,-0.005716,-0.005743,-0.002351,-0.00667,-0.0,0.0,-0.0,-0.006236,0.0,-0.006312,-0.002899,0.0,-0.007748,-0.007748,-0.001337,0.0,-0.001324,-0.0,-0.0,-0.00453,0.0,-0.004267,-0.00528,0.0,-0.000697,-0.00243,0.0,-0.008325,-0.001588,0.0,-0.00229,0.0,-0.0,-0.002157,-0.001859,-0.00307,-0.002322,0.0,-0.0,-0.003687,-0.00421,-0.005743,-0.0,0.0,-0.0,0.0,0.0,-0.000885,-0.003597,-0.007752,-0.004636,0.0,-0.0,-0.007088,-0.000477,-0.003251,0.0,-0.000494,-0.001519,-0.0,-0.0,-0.003888,-0.005739,0.0,-0.0,0.0,-0.001796,0.0,-0.004138,0.0,-0.002536,-0.00786,-0.0,-0.0,-0.00488,-0.0,-0.0,0.0,-0.0,-0.004648,-0.005716,0.0,-0.003426,-0.00292,-0.00762,-0.007685,0.0,-0.007004,-0.0,-0.005861,-0.001525,0.0,-0.001513,-0.009099,-0.005667,-0.005105,-0.005379,-0.007841,-0.001682,-0.001098,-0.000701,0.0,-0.000135,-0.002568,-0.00405,-0.005584
2017-05-29 14:41:00+02:00,0.0,0.0,-0.0,-0.005223,-0.0,-0.0,-0.000849,-0.001628,-0.004498,-0.0,-0.0,0.0,-0.005728,-0.005756,-0.00238,-0.00671,-0.0,0.0,-0.0,-0.006275,0.0,-0.006354,-0.002913,0.0,-0.007813,-0.007791,-0.001343,0.0,-0.00134,-0.0,-0.0,-0.004569,0.0,-0.004307,-0.005323,0.0,-0.000727,-0.002442,0.0,-0.008385,-0.001596,0.0,-0.002309,0.0,-0.0,-0.002186,-0.001874,-0.003088,-0.002347,0.0,-0.0,-0.003713,-0.004237,-0.005756,-0.0,0.0,-0.0,0.0,0.0,-0.000896,-0.003622,-0.007814,-0.004673,0.0,-0.0,-0.007129,-0.000482,-0.003271,0.0,-0.000501,-0.001531,-0.0,-0.0,-0.003916,-0.005754,0.0,-0.0,0.0,-0.001808,0.0,-0.004163,0.0,-0.002567,-0.007924,-0.0,-0.0,-0.004886,-0.0,-0.0,0.0,-0.0,-0.004677,-0.005728,0.0,-0.003452,-0.002959,-0.007661,-0.007725,0.0,-0.007061,-0.0,-0.0059,-0.001535,0.0,-0.00152,-0.009114,-0.005678,-0.005152,-0.005414,-0.007882,-0.00169,-0.001113,-0.000708,0.0,-0.000144,-0.002588,-0.004084,-0.005593
2017-05-29 14:42:00+02:00,0.0,0.0,-0.0,-0.005262,-0.0,-0.0,-0.000852,-0.001631,-0.00452,-0.0,-0.0,0.0,-0.005735,-0.005763,-0.002399,-0.006749,-0.0,0.0,-0.0,-0.006312,0.0,-0.006392,-0.002922,0.0,-0.00786,-0.007832,-0.001345,0.0,-0.001356,-0.0,-0.0,-0.004597,0.0,-0.004334,-0.005354,0.0,-0.000745,-0.002449,0.0,-0.008426,-0.001602,0.0,-0.002337,0.0,-0.0,-0.002214,-0.001889,-0.003106,-0.002362,0.0,-0.0,-0.003739,-0.004265,-0.005763,-0.0,0.0,-0.0,0.0,0.0,-0.000904,-0.003646,-0.007855,-0.004711,0.0,-0.0,-0.007169,-0.000486,-0.00329,0.0,-0.000506,-0.001548,-0.0,-0.0,-0.003943,-0.005765,0.0,-0.0,0.0,-0.001815,0.0,-0.004188,0.0,-0.002597,-0.007968,-0.0,-0.0,-0.004886,-0.0,-0.0,0.0,-0.0,-0.004704,-0.005735,0.0,-0.003479,-0.002984,-0.007701,-0.007765,0.0,-0.007101,-0.0,-0.005939,-0.00155,0.0,-0.001524,-0.009121,-0.005684,-0.005183,-0.00545,-0.007923,-0.001695,-0.001129,-0.00072,0.0,-0.000148,-0.002615,-0.004118,-0.005597
2017-05-29 14:43:00+02:00,0.0,0.0,-0.0,-0.005257,-0.0,-0.0,-0.00083,-0.001606,-0.004502,-0.0,-0.0,0.0,-0.005736,-0.005765,-0.002382,-0.006745,-0.0,0.0,-0.0,-0.006234,0.0,-0.006314,-0.002881,0.0,-0.007837,-0.007829,-0.001322,0.0,-0.001349,-0.0,-0.0,-0.004582,0.0,-0.00432,-0.005341,0.0,-0.000718,-0.002409,0.0,-0.008399,-0.001576,0.0,-0.002289,0.0,-0.0,-0.002204,-0.001882,-0.003066,-0.002343,0.0,-0.0,-0.003696,-0.004264,-0.005765,-0.0,0.0,-0.0,0.0,0.0,-0.000868,-0.003602,-0.007828,-0.004705,0.0,-0.0,-0.007164,-0.000466,-0.003247,0.0,-0.000484,-0.001518,-0.0,-0.0,-0.003896,-0.005769,0.0,-0.0,0.0,-0.001774,0.0,-0.004185,0.0,-0.002587,-0.007942,-0.0,-0.0,-0.004862,-0.0,-0.0,0.0,-0.0,-0.004702,-0.005736,0.0,-0.003477,-0.002954,-0.007699,-0.007761,0.0,-0.007075,-0.0,-0.005934,-0.00152,0.0,-0.001499,-0.009119,-0.005683,-0.005155,-0.005444,-0.007919,-0.00167,-0.001122,-0.000694,0.0,-0.000119,-0.002565,-0.004111,-0.005589
2017-05-29 14:44:00+02:00,0.0,0.0,-0.0,-0.005259,-0.0,-0.0,-0.000817,-0.001592,-0.00449,-0.0,-0.0,0.0,-0.00574,-0.005769,-0.00237,-0.006745,-0.0,0.0,-0.0,-0.00618,0.0,-0.006259,-0.002857,0.0,-0.007825,-0.007829,-0.001307,0.0,-0.001347,-0.0,-0.0,-0.004573,0.0,-0.004312,-0.005335,0.0,-0.000701,-0.002386,0.0,-0.008386,-0.001561,0.0,-0.00226,0.0,-0.0,-0.002202,-0.001879,-0.003038,-0.00233,0.0,-0.0,-0.003667,-0.004265,-0.005769,-0.0,0.0,-0.0,0.0,0.0,-0.000848,-0.003572,-0.007814,-0.004706,0.0,-0.0,-0.007164,-0.000455,-0.003218,0.0,-0.000472,-0.001499,-0.0,-0.0,-0.003864,-0.005775,0.0,-0.0,0.0,-0.001752,0.0,-0.004183,0.0,-0.002586,-0.007929,-0.0,-0.0,-0.004863,-0.0,-0.0,0.0,-0.0,-0.004702,-0.00574,0.0,-0.003479,-0.002934,-0.0077,-0.007761,0.0,-0.00706,-0.0,-0.005935,-0.001501,0.0,-0.001484,-0.009124,-0.005686,-0.005138,-0.005444,-0.007919,-0.001655,-0.001119,-0.000677,0.0,-9.7e-05,-0.002535,-0.00411,-0.005591
2017-05-29 14:45:00+02:00,0.0,0.0,-0.0,-0.005214,-0.0,-0.0,-0.000795,-0.001568,-0.00446,-0.0,-0.0,0.0,-0.005742,-0.005772,-0.002338,-0.006701,-0.0,0.0,-0.0,-0.006095,0.0,-0.006173,-0.002819,0.0,-0.007782,-0.007786,-0.001285,0.0,-0.001318,-0.0,-0.0,-0.004544,0.0,-0.004283,-0.00531,0.0,-0.000648,-0.002349,0.0,-0.008345,-0.001537,0.0,-0.002166,0.0,-0.0,-0.002153,-0.001852,-0.002986,-0.002298,0.0,-0.0,-0.003613,-0.004237,-0.005772,-0.0,0.0,-0.0,0.0,0.0,-0.000808,-0.003519,-0.00777,-0.004661,0.0,-0.0,-0.007121,-0.000433,-0.003166,0.0,-0.000447,-0.001442,-0.0,-0.0,-0.003811,-0.005775,0.0,-0.0,0.0,-0.001715,0.0,-0.004155,0.0,-0.002538,-0.007886,-0.0,-0.0,-0.004862,-0.0,-0.0,0.0,-0.0,-0.004675,-0.005742,0.0,-0.003451,-0.002881,-0.00766,-0.00772,0.0,-0.007015,-0.0,-0.00589,-0.001448,0.0,-0.00146,-0.009129,-0.005687,-0.005092,-0.005401,-0.007876,-0.001631,-0.00109,-0.00062,0.0,-7.8e-05,-0.002443,-0.004064,-0.005592
2017-05-29 14:46:00+02:00,0.0,0.0,-0.0,-0.005198,-0.0,-0.0,-0.000821,-0.001597,-0.004503,-0.0,-0.0,0.0,-0.005752,-0.005783,-0.002372,-0.006695,-0.0,0.0,-0.0,-0.006298,0.0,-0.006373,-0.002875,0.0,-0.00787,-0.007785,-0.001312,0.0,-0.001296,-0.0,-0.0,-0.004593,0.0,-0.004333,-0.005374,0.0,-0.000678,-0.002402,0.0,-0.008448,-0.001569,0.0,-0.002261,0.0,-0.0,-0.002119,-0.001835,-0.003074,-0.002328,0.0,-0.0,-0.003721,-0.004232,-0.005783,-0.0,0.0,-0.0,0.0,0.0,-0.00087,-0.003624,-0.007872,-0.004641,0.0,-0.0,-0.007117,-0.000465,-0.00326,0.0,-0.000481,-0.001502,-0.0,-0.0,-0.003931,-0.005788,0.0,-0.0,0.0,-0.001766,0.0,-0.004148,0.0,-0.002505,-0.007991,-0.0,-0.0,-0.004869,-0.0,-0.0,0.0,-0.0,-0.00467,-0.005752,0.0,-0.003441,-0.002928,-0.007662,-0.00772,0.0,-0.007097,-0.0,-0.005878,-0.001506,0.0,-0.001491,-0.009151,-0.005696,-0.00516,-0.005386,-0.007875,-0.001663,-0.001068,-0.000659,0.0,-0.000113,-0.002546,-0.004041,-0.0056
2017-05-29 14:47:00+02:00,0.0,0.0,-0.0,-0.005193,-0.0,-0.0,-0.000829,-0.001607,-0.004532,-0.0,-0.0,0.0,-0.005761,-0.005792,-0.00239,-0.006704,-0.0,0.0,-0.0,-0.006442,0.0,-0.006515,-0.0029,0.0,-0.007937,-0.007801,-0.001321,0.0,-0.001277,-0.0,-0.0,-0.004625,0.0,-0.004367,-0.005422,0.0,-0.000684,-0.002425,0.0,-0.008533,-0.00158,0.0,-0.002331,0.0,-0.0,-0.002089,-0.001821,-0.003134,-0.002344,0.0,-0.0,-0.003795,-0.004232,-0.005792,-0.0,0.0,-0.0,0.0,0.0,-0.000894,-0.003696,-0.007954,-0.004632,0.0,-0.0,-0.007129,-0.000477,-0.003324,0.0,-0.000492,-0.001544,-0.0,-0.0,-0.004012,-0.0058,0.0,-0.0,0.0,-0.001784,0.0,-0.004147,0.0,-0.002478,-0.008075,-0.0,-0.0,-0.004878,-0.0,-0.0,0.0,-0.0,-0.004672,-0.005761,0.0,-0.003435,-0.002953,-0.007682,-0.00774,0.0,-0.007159,-0.0,-0.005879,-0.001548,0.0,-0.001501,-0.009178,-0.005704,-0.00521,-0.005385,-0.007893,-0.001674,-0.001048,-0.000686,0.0,-0.000113,-0.002622,-0.004027,-0.005608
2017-05-29 14:48:00+02:00,0.0,0.0,-0.0,-0.005221,-0.0,-0.0,-0.000842,-0.001625,-0.004574,-0.0,-0.0,0.0,-0.005785,-0.005817,-0.002415,-0.006751,-0.0,0.0,-0.0,-0.006618,0.0,-0.006689,-0.00294,0.0,-0.008032,-0.00786,-0.001338,0.0,-0.001271,-0.0,-0.0,-0.00467,0.0,-0.004411,-0.005481,0.0,-0.000694,-0.00246,0.0,-0.008645,-0.001599,0.0,-0.002427,0.0,-0.0,-0.002082,-0.001822,-0.00321,-0.002368,0.0,-0.0,-0.003884,-0.004253,-0.005817,-0.0,0.0,-0.0,0.0,0.0,-0.000925,-0.003783,-0.00806,-0.004653,0.0,-0.0,-0.007181,-0.000493,-0.003404,0.0,-0.000507,-0.001601,-0.0,-0.0,-0.004108,-0.005826,0.0,-0.0,0.0,-0.001813,0.0,-0.004166,0.0,-0.002474,-0.008183,-0.0,-0.0,-0.004902,-0.0,-0.0,0.0,-0.0,-0.004696,-0.005785,0.0,-0.003448,-0.00299,-0.007745,-0.007802,0.0,-0.007246,-0.0,-0.005915,-0.001603,0.0,-0.001519,-0.009237,-0.005727,-0.005277,-0.005417,-0.007954,-0.001693,-0.001039,-0.000726,0.0,-0.000121,-0.002724,-0.004041,-0.00563
2017-05-29 14:49:00+02:00,0.0,0.0,-2.1e-05,-0.005297,-0.0,-0.0,-0.000877,-0.001666,-0.004631,-0.0,-0.0,0.0,-0.005763,-0.005798,-0.002461,-0.006847,-0.0,0.0,-0.0,-0.006821,0.0,-0.006889,-0.003021,0.0,-0.008154,-0.007967,-0.001376,0.0,-0.001293,-0.0,-0.0,-0.00473,0.0,-0.004471,-0.005548,0.0,-0.000744,-0.002539,0.0,-0.008766,-0.001641,0.0,-0.002567,0.0,-0.0,-0.002126,-0.001848,-0.003301,-0.00241,0.0,-0.0,-0.00399,-0.004301,-0.005798,-0.0,0.0,-0.0,0.0,0.0,-0.000997,-0.003886,-0.008192,-0.004724,0.0,-5.7e-05,-0.007281,-0.00053,-0.003499,0.0,-0.000546,-0.001682,-0.0,-0.0,-0.004221,-0.005814,0.0,-0.0,0.0,-0.001885,0.0,-0.004212,0.0,-0.002522,-0.008316,-0.0,-0.0,-0.004899,-0.0,-0.0,0.0,-0.0,-0.004747,-0.005763,0.0,-0.00349,-0.003064,-0.007858,-0.007914,0.0,-0.007364,-0.0,-0.006,-0.00168,0.0,-0.001561,-0.009254,-0.005701,-0.005379,-0.0055,-0.008064,-0.001737,-0.00106,-0.000795,0.0,-0.000174,-0.002868,-0.004106,-0.005603
2017-05-29 14:50:00+02:00,0.0,0.0,-1.6e-05,-0.004964,-0.0,-0.0,-0.00083,-0.00157,-0.00364,-0.0,-0.0,0.0,-0.003965,-0.003994,-0.002302,-0.006437,-0.0,0.0,-0.0,-0.006504,0.0,-0.006557,-0.002858,0.0,-0.006598,-0.006559,-0.001299,0.0,-0.0012,-0.0,-0.0,-0.003915,0.0,-0.003994,-0.004008,0.0,-0.00069,-0.002413,0.0,-0.006538,-0.001547,0.0,-0.002461,0.0,-0.0,-0.001981,-0.001724,-0.003127,-0.002253,0.0,-0.0,-0.003778,-0.003965,-0.003994,-0.0,0.0,-0.0,0.0,0.0,-0.000956,-0.003679,-0.006575,-0.004426,0.0,-6.3e-05,-0.006559,-0.000505,-0.003315,0.0,-0.00052,-0.001604,-0.0,-0.0,-0.003994,-0.004008,0.0,-0.0,0.0,-0.001794,0.0,-0.003844,0.0,-0.002352,-0.006594,-0.0,-0.0,-0.003385,-0.0,-0.0,0.0,-0.0,-0.003915,-0.003965,0.0,-0.003263,-0.002875,-0.006481,-0.006493,0.0,-0.006538,-0.0,-0.005633,-0.001601,0.0,-0.001471,-0.006559,-0.003915,-0.005072,-0.005174,-0.006538,-0.001636,-0.000981,-0.000767,0.0,-0.000172,-0.00275,-0.00385,-0.003844
2017-05-29 14:51:00+02:00,0.0,0.0,-1.3e-05,-0.004078,-0.0,-0.0,-0.000664,-0.001256,-0.002848,-0.0,-0.0,0.0,-0.003036,-0.003055,-0.001854,-0.005325,-0.0,0.0,-0.0,-0.00532,0.0,-0.005328,-0.002286,0.0,-0.005328,-0.005325,-0.001039,0.0,-0.00096,-0.0,-0.0,-0.003006,0.0,-0.003055,-0.003063,0.0,-0.000552,-0.00193,0.0,-0.00532,-0.001238,0.0,-0.001969,0.0,-0.0,-0.001585,-0.001379,-0.002598,-0.001826,0.0,-0.0,-0.003006,-0.003036,-0.003055,-0.0,0.0,-0.0,0.0,0.0,-0.000765,-0.002964,-0.005328,-0.003606,0.0,-5e-05,-0.005325,-0.000404,-0.002763,0.0,-0.000416,-0.001283,-0.0,-0.0,-0.003055,-0.003063,0.0,-0.0,0.0,-0.001435,0.0,-0.002964,0.0,-0.001881,-0.005328,-0.0,-0.0,-0.002709,-0.0,-0.0,0.0,-0.0,-0.003006,-0.003036,0.0,-0.002687,-0.0023,-0.005304,-0.005307,0.0,-0.00532,-0.0,-0.00467,-0.001281,0.0,-0.001177,-0.005325,-0.003006,-0.004204,-0.004276,-0.00532,-0.001309,-0.000785,-0.000614,0.0,-0.000138,-0.0022,-0.003102,-0.002964
2017-05-29 14:52:00+02:00,0.0,0.0,-1.1e-05,-0.003262,-0.0,-0.0,-0.000531,-0.001005,-0.002362,-0.0,-0.0,0.0,-0.002623,-0.002607,-0.001483,-0.00433,-0.0,0.0,-0.0,-0.004344,0.0,-0.004348,-0.001829,0.0,-0.004416,-0.004412,-0.000831,0.0,-0.000768,-0.0,-0.0,-0.002477,0.0,-0.002497,-0.002567,0.0,-0.000442,-0.001544,0.0,-0.00446,-0.00099,0.0,-0.001575,0.0,-0.0,-0.001268,-0.001103,-0.002091,-0.00146,0.0,-0.0,-0.002437,-0.002471,-0.002636,-0.0,0.0,-0.0,0.0,0.0,-0.000612,-0.002401,-0.00442,-0.002885,0.0,-4e-05,-0.004362,-0.000324,-0.002235,0.0,-0.000333,-0.001026,-0.0,-0.0,-0.002488,-0.002599,0.0,-0.0,0.0,-0.001148,0.0,-0.002413,0.0,-0.001505,-0.004422,-0.0,-0.0,-0.002326,-0.0,-0.0,0.0,-0.0,-0.002478,-0.002612,0.0,-0.00215,-0.00184,-0.004406,-0.00441,0.0,-0.00437,-0.0,-0.003745,-0.001025,0.0,-0.000941,-0.004597,-0.002591,-0.003363,-0.003421,-0.004421,-0.001047,-0.000628,-0.000491,0.0,-0.00011,-0.00176,-0.002482,-0.002543
2017-05-29 14:53:00+02:00,0.0,0.0,-8e-06,-0.003083,-0.0,-0.0,-0.000474,-0.000919,-0.002308,-0.0,-0.0,0.0,-0.002703,-0.002646,-0.001408,-0.004095,-0.0,0.0,-0.0,-0.004116,0.0,-0.004115,-0.00168,0.0,-0.00431,-0.004275,-0.000756,0.0,-0.000714,-0.0,-0.0,-0.002402,0.0,-0.002395,-0.002545,0.0,-0.000432,-0.001414,0.0,-0.004421,-0.000896,0.0,-0.001481,0.0,-0.0,-0.001189,-0.001039,-0.001959,-0.001388,0.0,-0.0,-0.002287,-0.00234,-0.002713,-0.0,0.0,-0.0,0.0,0.0,-0.000538,-0.00225,-0.004321,-0.002728,0.0,-3.2e-05,-0.004164,-0.000283,-0.002093,0.0,-0.000288,-0.000957,-0.0,-0.0,-0.00235,-0.002619,0.0,-0.0,0.0,-0.001039,0.0,-0.002288,0.0,-0.001414,-0.004329,-0.0,-0.0,-0.002375,-0.0,-0.0,0.0,-0.0,-0.002388,-0.002677,0.0,-0.002012,-0.001773,-0.004281,-0.004287,0.0,-0.004214,-0.0,-0.003541,-0.000961,0.0,-0.000852,-0.004726,-0.002662,-0.003225,-0.003245,-0.004299,-0.000953,-0.000581,-0.000445,0.0,-8.8e-05,-0.001661,-0.002352,-0.002597
2017-05-29 14:54:00+02:00,0.0,0.0,-0.000199,-0.003243,-0.000162,-0.0,-0.000557,-0.000985,-0.002437,-7.1e-05,-0.0,0.0,-0.002879,-0.002838,-0.001509,-0.004227,-7.1e-05,0.0,-0.0,-0.004236,0.0,-0.00423,-0.001826,0.0,-0.004565,-0.004495,-0.000828,0.0,-0.000815,-2e-05,-0.0,-0.002517,0.0,-0.002488,-0.00271,0.0,-0.000695,-0.001574,0.0,-0.004743,-0.000963,0.0,-0.001668,0.0,-0.000141,-0.001401,-0.001131,-0.002001,-0.001486,0.0,-0.0,-0.002322,-0.002403,-0.002892,-0.0,0.0,-0.000138,0.0,0.0,-0.000725,-0.002283,-0.004588,-0.002901,0.0,-0.000236,-0.00433,-0.000375,-0.002129,0.0,-0.000383,-0.001042,-4.1e-05,-0.0,-0.002397,-0.002818,0.0,-0.000131,0.0,-0.001208,0.0,-0.002353,0.0,-0.00162,-0.004599,-6.4e-05,-9.4e-05,-0.002553,-0.0,-0.0,0.0,-7.3e-05,-0.002485,-0.002859,0.0,-0.002064,-0.002013,-0.004513,-0.004519,0.0,-0.004427,-0.0,-0.003688,-0.001046,0.0,-0.00092,-0.005071,-0.002841,-0.003434,-0.003413,-0.004532,-0.001018,-0.000686,-0.000544,0.0,-0.000279,-0.001848,-0.002541,-0.00278
2017-05-29 14:55:00+02:00,0.0,0.0,-0.000159,-0.003028,-0.00013,-0.0,-0.000498,-0.000891,-0.002294,-5.7e-05,-0.0,0.0,-0.002774,-0.002706,-0.001387,-0.003947,-5.7e-05,0.0,-0.0,-0.003941,0.0,-0.003932,-0.001661,0.0,-0.004321,-0.004255,-0.000749,0.0,-0.000751,-1.6e-05,-0.0,-0.002348,0.0,-0.002304,-0.002552,0.0,-0.000647,-0.001431,0.0,-0.004528,-0.000863,0.0,-0.001539,0.0,-0.000112,-0.001305,-0.001053,-0.001841,-0.001375,0.0,-0.0,-0.002125,-0.002221,-0.002783,-0.0,0.0,-0.000111,0.0,0.0,-0.000643,-0.002091,-0.004347,-0.002711,0.0,-0.000188,-0.004066,-0.000332,-0.001958,0.0,-0.000335,-0.00095,-3.3e-05,-0.0,-0.0022,-0.002674,0.0,-0.000105,0.0,-0.00109,0.0,-0.002179,0.0,-0.001509,-0.004359,-5.1e-05,-7.5e-05,-0.002475,-0.0,-0.0,0.0,-5.8e-05,-0.002319,-0.002745,0.0,-0.001894,-0.001886,-0.004282,-0.004288,0.0,-0.004165,-0.0,-0.003445,-0.000961,0.0,-0.000825,-0.004951,-0.002735,-0.003218,-0.003196,-0.004299,-0.000913,-0.000631,-0.000488,0.0,-0.000223,-0.00171,-0.002378,-0.002669
2017-05-29 14:56:00+02:00,0.0,0.0,-0.000128,-0.002631,-0.000104,-0.0,-0.000398,-0.000713,-0.002036,-4.5e-05,-0.0,0.0,-0.002519,-0.002436,-0.001162,-0.003485,-4.5e-05,0.0,-0.0,-0.003462,0.0,-0.003451,-0.001329,0.0,-0.003844,-0.003816,-0.000599,0.0,-0.000601,-1.3e-05,-0.0,-0.002068,0.0,-0.002014,-0.00227,0.0,-0.000518,-0.001145,0.0,-0.004057,-0.00069,0.0,-0.001231,0.0,-9e-05,-0.001044,-0.000884,-0.001594,-0.001161,0.0,-0.0,-0.001844,-0.00195,-0.002524,-0.0,0.0,-8.9e-05,0.0,0.0,-0.000515,-0.001813,-0.003864,-0.002337,0.0,-0.000151,-0.003612,-0.000265,-0.001701,0.0,-0.000268,-0.000767,-2.6e-05,-0.0,-0.001916,-0.002397,0.0,-8.4e-05,0.0,-0.000872,0.0,-0.001917,0.0,-0.001216,-0.003876,-4.1e-05,-6e-05,-0.002251,-0.0,-0.0,0.0,-4.7e-05,-0.00206,-0.002486,0.0,-0.001638,-0.001548,-0.003849,-0.003856,0.0,-0.003677,-0.0,-0.003018,-0.000785,0.0,-0.00066,-0.004525,-0.002481,-0.002786,-0.002794,-0.003865,-0.000731,-0.000505,-0.00039,0.0,-0.000178,-0.001389,-0.002031,-0.002415
2017-05-29 14:57:00+02:00,0.0,0.0,-0.000146,-0.002704,-9.1e-05,-0.0,-0.000412,-0.000731,-0.002089,-3.6e-05,-0.0,0.0,-0.002644,-0.002538,-0.001194,-0.003552,-3.6e-05,0.0,-0.0,-0.003541,0.0,-0.003526,-0.001371,0.0,-0.003948,-0.003937,-0.000615,0.0,-0.000638,-1e-05,-0.0,-0.002114,0.0,-0.002048,-0.002342,0.0,-0.00058,-0.001184,0.0,-0.004187,-0.000702,0.0,-0.001305,0.0,-7.2e-05,-0.001122,-0.000921,-0.001618,-0.001191,0.0,-0.0,-0.00187,-0.001987,-0.002649,-0.0,0.0,-7.1e-05,0.0,0.0,-0.000545,-0.001838,-0.003967,-0.002414,0.0,-0.000181,-0.0037,-0.000279,-0.001724,0.0,-0.000281,-0.000801,-2.1e-05,-0.0,-0.001952,-0.002488,0.0,-6.7e-05,0.0,-0.000906,0.0,-0.001954,0.0,-0.001297,-0.003981,-3.3e-05,-4.8e-05,-0.002352,-0.0,-0.0,0.0,-3.7e-05,-0.002117,-0.002602,0.0,-0.001665,-0.001628,-0.003977,-0.003984,0.0,-0.003755,-0.0,-0.003089,-0.00082,0.0,-0.000673,-0.004748,-0.002601,-0.002855,-0.002873,-0.003994,-0.000745,-0.00054,-0.000413,0.0,-0.000194,-0.001466,-0.002113,-0.002524
2017-05-29 14:58:00+02:00,0.0,0.0,-0.000455,-0.00314,-0.000362,-8e-05,-0.000581,-0.000917,-0.002379,-0.000167,-1e-06,0.0,-0.00286,-0.002779,-0.001438,-0.004013,-0.000233,0.0,-0.000117,-0.004031,0.0,-0.004012,-0.001743,0.0,-0.004509,-0.004458,-0.000795,0.0,-0.000838,-9.7e-05,-0.0,-0.002403,0.0,-0.002325,-0.002624,0.0,-0.000971,-0.001549,0.0,-0.00471,-0.00089,0.0,-0.00171,0.0,-0.000322,-0.001511,-0.001127,-0.001845,-0.001426,0.0,-2.5e-05,-0.002112,-0.002233,-0.002868,-0.0,0.0,-0.000335,0.0,0.0,-0.000871,-0.002076,-0.004535,-0.002844,0.0,-0.000502,-0.004184,-0.000442,-0.001953,0.0,-0.00045,-0.001013,-0.000125,-1.7e-05,-0.002208,-0.002741,0.0,-0.000313,0.0,-0.001254,0.0,-0.002197,0.0,-0.001694,-0.004547,-0.000205,-0.000267,-0.002567,-0.0,-1.9e-05,0.0,-0.000168,-0.002385,-0.002827,0.0,-0.001893,-0.00208,-0.004506,-0.004514,0.0,-0.004288,-4.6e-05,-0.003537,-0.001028,0.0,-0.000858,-0.005159,-0.00282,-0.003347,-0.003321,-0.004525,-0.000936,-0.000735,-0.000604,0.0,-0.000495,-0.001878,-0.002537,-0.00275
2017-05-29 14:59:00+02:00,0.0,0.0,-0.000434,-0.003077,-0.000327,-6.4e-05,-0.000566,-0.000894,-0.002332,-0.00014,-1e-06,0.0,-0.002863,-0.002759,-0.0014,-0.003925,-0.000186,0.0,-9.4e-05,-0.00396,0.0,-0.003938,-0.001708,0.0,-0.004442,-0.004388,-0.000775,0.0,-0.000822,-7.8e-05,-0.0,-0.002343,0.0,-0.00226,-0.002578,0.0,-0.000968,-0.001519,0.0,-0.004677,-0.000861,0.0,-0.00169,0.0,-0.000277,-0.001494,-0.001106,-0.001799,-0.001395,0.0,-2e-05,-0.002048,-0.002164,-0.002868,-0.0,0.0,-0.000292,0.0,0.0,-0.000848,-0.002015,-0.004475,-0.002791,0.0,-0.000486,-0.004103,-0.000429,-0.001904,0.0,-0.000434,-0.000989,-0.0001,-1.4e-05,-0.002144,-0.002711,0.0,-0.000262,0.0,-0.001226,0.0,-0.002134,0.0,-0.001672,-0.004487,-0.000164,-0.000214,-0.002581,-0.0,-1.5e-05,0.0,-0.000141,-0.002323,-0.002822,0.0,-0.001829,-0.00206,-0.00444,-0.004447,0.0,-0.004215,-3.7e-05,-0.003463,-0.001009,0.0,-0.000831,-0.005215,-0.002821,-0.003293,-0.003258,-0.004457,-0.000906,-0.00072,-0.000589,0.0,-0.000473,-0.001856,-0.002495,-0.002745
2017-05-29 15:00:00+02:00,0.0,0.0,-0.000347,-0.002706,-0.000262,-5.1e-05,-0.000452,-0.000732,-0.002074,-0.000112,-1e-06,0.0,-0.002592,-0.002482,-0.001187,-0.003503,-0.000149,0.0,-7.5e-05,-0.003529,0.0,-0.003507,-0.001399,0.0,-0.00396,-0.003958,-0.000622,0.0,-0.000672,-6.2e-05,-0.0,-0.002073,0.0,-0.001988,-0.002298,0.0,-0.000774,-0.001219,0.0,-0.004194,-0.000693,0.0,-0.001386,0.0,-0.000221,-0.001215,-0.000945,-0.001583,-0.001191,0.0,-1.6e-05,-0.001806,-0.001922,-0.002594,-0.0,0.0,-0.000234,0.0,0.0,-0.000679,-0.001776,-0.003987,-0.002438,0.0,-0.000389,-0.003678,-0.000344,-0.001681,0.0,-0.000347,-0.000818,-8e-05,-1.1e-05,-0.001896,-0.002432,0.0,-0.000209,0.0,-0.000981,0.0,-0.001897,0.0,-0.001384,-0.004,-0.000131,-0.000171,-0.002341,-0.0,-1.2e-05,0.0,-0.000113,-0.002079,-0.002549,0.0,-0.001604,-0.00172,-0.004012,-0.004019,0.0,-0.003739,-2.9e-05,-0.003069,-0.000844,0.0,-0.000667,-0.004745,-0.002551,-0.002872,-0.00288,-0.004028,-0.000737,-0.000576,-0.000471,0.0,-0.000379,-0.001543,-0.002161,-0.002479
2017-05-29 15:01:00+02:00,0.0,0.0,-0.000278,-0.002593,-0.000209,-4.1e-05,-0.000377,-0.000659,-0.001923,-8.9e-05,-1e-06,0.0,-0.002421,-0.002319,-0.001053,-0.003381,-0.000119,0.0,-6e-05,-0.003292,0.0,-0.003269,-0.00126,0.0,-0.003667,-0.003845,-0.000553,0.0,-0.000623,-5e-05,-0.0,-0.001917,0.0,-0.001829,-0.002136,0.0,-0.000619,-0.001086,0.0,-0.003888,-0.000618,0.0,-0.001197,0.0,-0.000177,-0.001123,-0.000893,-0.001462,-0.001061,0.0,-1.3e-05,-0.001677,-0.001861,-0.002423,-0.0,0.0,-0.000187,0.0,0.0,-0.000543,-0.001648,-0.00368,-0.002329,0.0,-0.000311,-0.003559,-0.000275,-0.001557,0.0,-0.000278,-0.000714,-6.4e-05,-9e-06,-0.00177,-0.002269,0.0,-0.000167,0.0,-0.000837,0.0,-0.001836,0.0,-0.001291,-0.003692,-0.000105,-0.000137,-0.002182,-0.0,-1e-05,0.0,-9e-05,-0.002022,-0.002383,0.0,-0.00154,-0.001496,-0.0039,-0.003907,0.0,-0.003444,-2.3e-05,-0.002951,-0.000743,0.0,-0.000594,-0.004419,-0.002384,-0.002602,-0.002766,-0.003916,-0.00066,-0.000527,-0.000377,0.0,-0.000303,-0.001352,-0.002057,-0.002316
2017-05-29 15:02:00+02:00,0.0,0.0,-0.000507,-0.003291,-0.000449,-3.3e-05,-0.000584,-0.000924,-0.002352,-0.000233,-1e-06,0.0,-0.003003,-0.00288,-0.001394,-0.004166,-0.000216,0.0,-6.7e-05,-0.003983,0.0,-0.003967,-0.001758,0.0,-0.00443,-0.004707,-0.000796,0.0,-0.000911,-8.5e-05,-0.0,-0.002375,0.0,-0.002277,-0.002652,0.0,-0.000969,-0.001553,0.0,-0.004671,-0.000903,0.0,-0.001646,0.0,-0.000392,-0.001635,-0.001195,-0.001804,-0.001371,0.0,-1e-05,-0.002092,-0.002364,-0.003007,-0.0,0.0,-0.000359,0.0,0.0,-0.000897,-0.00205,-0.004432,-0.002992,0.0,-0.000558,-0.004374,-0.000457,-0.001911,0.0,-0.000477,-0.000986,-0.000174,-7e-06,-0.002212,-0.002817,0.0,-0.000415,0.0,-0.001256,0.0,-0.00232,0.0,-0.001829,-0.004457,-0.000226,-0.000262,-0.002639,-0.0,-8e-06,0.0,-0.00021,-0.002552,-0.002957,0.0,-0.001989,-0.001996,-0.004749,-0.004759,0.0,-0.004147,-5.4e-05,-0.003686,-0.000996,0.0,-0.000869,-0.005313,-0.002951,-0.003202,-0.003465,-0.004782,-0.000948,-0.000802,-0.000576,0.0,-0.000584,-0.001815,-0.002681,-0.00286
2017-05-29 15:03:00+02:00,0.0,0.0,-0.001257,-0.004524,-0.001174,-0.000399,-0.00109,-0.001535,-0.00291,-0.000619,-0.000165,0.0,-0.003524,-0.003435,-0.002214,-0.005199,-0.000761,0.0,-0.00049,-0.005043,0.0,-0.005051,-0.002913,0.0,-0.005439,-0.005633,-0.001363,0.0,-0.001519,-0.00037,-4.9e-05,-0.003007,0.0,-0.002953,-0.003258,0.0,-0.001896,-0.002644,0.0,-0.005593,-0.001562,0.0,-0.002775,0.0,-0.001083,-0.002716,-0.001827,-0.002437,-0.002124,0.0,-0.000189,-0.002781,-0.003013,-0.003537,-4.9e-05,0.0,-0.00101,-2.3e-05,0.0,-0.001787,-0.002726,-0.005422,-0.004279,0.0,-0.001338,-0.005366,-0.000915,-0.002522,0.0,-0.000982,-0.001659,-0.000526,-0.000175,-0.002901,-0.00339,0.0,-0.001081,0.0,-0.002264,0.0,-0.002942,0.0,-0.002964,-0.005457,-0.000788,-0.000854,-0.003067,-4.4e-05,-0.000197,0.0,-0.000601,-0.003149,-0.003488,0.0,-0.002728,-0.003225,-0.005633,-0.005646,0.0,-0.005174,-0.000299,-0.004826,-0.001625,0.0,-0.001507,-0.006118,-0.003468,-0.0044,-0.004618,-0.005682,-0.001612,-0.001383,-0.001128,-6.4e-05,-0.001362,-0.00297,-0.003983,-0.003374
2017-05-29 15:04:00+02:00,0.0,0.0,-0.001358,-0.005169,-0.001271,-0.000319,-0.001244,-0.001761,-0.003321,-0.000645,-0.000132,0.0,-0.00391,-0.003849,-0.002547,-0.005957,-0.000719,0.0,-0.000392,-0.005821,0.0,-0.005848,-0.003334,0.0,-0.006176,-0.006303,-0.001564,0.0,-0.001717,-0.000323,-3.9e-05,-0.003481,0.0,-0.003463,-0.003711,0.0,-0.002125,-0.003028,0.0,-0.006261,-0.001805,0.0,-0.003158,0.0,-0.001153,-0.003056,-0.002059,-0.002838,-0.002428,0.0,-0.000151,-0.003288,-0.003501,-0.00393,-3.9e-05,0.0,-0.001048,-1.8e-05,0.0,-0.002019,-0.003216,-0.006145,-0.004851,0.0,-0.001459,-0.00609,-0.001035,-0.00295,0.0,-0.001114,-0.001901,-0.000514,-0.00014,-0.003421,-0.003817,0.0,-0.001122,0.0,-0.002585,0.0,-0.003407,0.0,-0.003339,-0.006187,-0.000761,-0.000839,-0.003373,-3.5e-05,-0.000158,0.0,-0.000638,-0.003594,-0.003881,0.0,-0.003167,-0.003669,-0.006273,-0.006285,0.0,-0.005926,-0.000239,-0.00556,-0.001852,0.0,-0.001738,-0.006692,-0.00385,-0.005086,-0.00529,-0.006332,-0.001859,-0.001563,-0.001284,-5.1e-05,-0.001507,-0.003376,-0.004483,-0.003753
2017-05-29 15:05:00+02:00,0.0,0.0,-0.001147,-0.005425,-0.001058,-0.000255,-0.001229,-0.001805,-0.003683,-0.000516,-0.000106,0.0,-0.004329,-0.004289,-0.002642,-0.006397,-0.000575,0.0,-0.000313,-0.006278,0.0,-0.006313,-0.003408,0.0,-0.006804,-0.006915,-0.00159,0.0,-0.001725,-0.000259,-3.1e-05,-0.003849,0.0,-0.003789,-0.004185,0.0,-0.002002,-0.003067,0.0,-0.006937,-0.00185,0.0,-0.00319,0.0,-0.000923,-0.003045,-0.002107,-0.00303,-0.002517,0.0,-0.000121,-0.003556,-0.003813,-0.004354,-3.1e-05,0.0,-0.000838,-1.5e-05,0.0,-0.001928,-0.003472,-0.00678,-0.005043,0.0,-0.001264,-0.006597,-0.00099,-0.003165,0.0,-0.001063,-0.001941,-0.000411,-0.000112,-0.003728,-0.004269,0.0,-0.000898,0.0,-0.002569,0.0,-0.003709,0.0,-0.003358,-0.006846,-0.000608,-0.000671,-0.003702,-2.8e-05,-0.000126,0.0,-0.000511,-0.003977,-0.004305,0.0,-0.00337,-0.003727,-0.006873,-0.006892,0.0,-0.006428,-0.000191,-0.00589,-0.001894,0.0,-0.001777,-0.007299,-0.004263,-0.005343,-0.005561,-0.006957,-0.001907,-0.001553,-0.001252,-4.1e-05,-0.001342,-0.003429,-0.004611,-0.004162
2017-05-29 15:06:00+02:00,0.0,0.0,-0.001048,-0.00575,-0.00097,-0.000204,-0.001272,-0.001907,-0.004003,-0.000423,-8.5e-05,0.0,-0.004634,-0.004613,-0.002787,-0.00688,-0.00046,0.0,-0.000251,-0.006758,0.0,-0.006804,-0.003591,0.0,-0.007365,-0.007406,-0.001671,0.0,-0.001782,-0.000207,-2.5e-05,-0.004232,0.0,-0.004148,-0.004535,0.0,-0.001965,-0.003213,0.0,-0.007406,-0.001961,0.0,-0.003313,0.0,-0.000812,-0.003121,-0.002196,-0.003249,-0.002648,0.0,-9.7e-05,-0.003854,-0.004158,-0.004665,-2.5e-05,0.0,-0.000687,-1.2e-05,0.0,-0.00195,-0.003757,-0.007314,-0.00531,0.0,-0.00118,-0.007136,-0.001004,-0.003403,0.0,-0.00108,-0.002036,-0.000329,-8.9e-05,-0.004061,-0.004602,0.0,-0.000734,0.0,-0.002664,0.0,-0.004039,0.0,-0.003465,-0.007392,-0.000487,-0.000537,-0.003928,-2.3e-05,-0.000101,0.0,-0.000443,-0.004335,-0.004615,0.0,-0.003619,-0.003858,-0.007324,-0.007343,0.0,-0.006964,-0.000153,-0.006277,-0.001983,0.0,-0.001881,-0.007713,-0.004564,-0.00566,-0.005893,-0.007422,-0.002022,-0.001594,-0.001279,-3.3e-05,-0.001294,-0.003568,-0.004819,-0.004457
2017-05-29 15:07:00+02:00,0.0,0.0,-0.000839,-0.005506,-0.000776,-0.000163,-0.001153,-0.00179,-0.003944,-0.000339,-6.8e-05,0.0,-0.004641,-0.004635,-0.002634,-0.006691,-0.000368,0.0,-0.000201,-0.006575,0.0,-0.006613,-0.003368,0.0,-0.007232,-0.007301,-0.001557,0.0,-0.001641,-0.000165,-2e-05,-0.004161,0.0,-0.00406,-0.004552,0.0,-0.001685,-0.002997,0.0,-0.007379,-0.001838,0.0,-0.003067,0.0,-0.00065,-0.002863,-0.002062,-0.003135,-0.0025,0.0,-7.7e-05,-0.003752,-0.004072,-0.004676,-2e-05,0.0,-0.000549,-9e-06,0.0,-0.001713,-0.003651,-0.007204,-0.005056,0.0,-0.000944,-0.006969,-0.000881,-0.003293,0.0,-0.000945,-0.0019,-0.000263,-7.1e-05,-0.00397,-0.004632,0.0,-0.000588,0.0,-0.00244,0.0,-0.00395,0.0,-0.003204,-0.007284,-0.000389,-0.00043,-0.003811,-1.8e-05,-8.1e-05,0.0,-0.000354,-0.004282,-0.004626,0.0,-0.003501,-0.003583,-0.007237,-0.007256,0.0,-0.006791,-0.000122,-0.006054,-0.001853,0.0,-0.001759,-0.007482,-0.004568,-0.005423,-0.005668,-0.007335,-0.001899,-0.001453,-0.001141,-2.6e-05,-0.001047,-0.003324,-0.00456,-0.00446
2017-05-29 15:08:00+02:00,0.0,0.0,-0.000671,-0.004809,-0.000621,-0.000131,-0.000923,-0.00146,-0.003544,-0.000271,-5.4e-05,0.0,-0.004367,-0.004308,-0.002181,-0.006,-0.000294,0.0,-0.00016,-0.005851,0.0,-0.005881,-0.002744,0.0,-0.006484,-0.00665,-0.001245,0.0,-0.001313,-0.000132,-1.6e-05,-0.003722,0.0,-0.003606,-0.004143,0.0,-0.001348,-0.002398,0.0,-0.006685,-0.001478,0.0,-0.002453,0.0,-0.00052,-0.002291,-0.001722,-0.002751,-0.002086,0.0,-6.2e-05,-0.003326,-0.003669,-0.004396,-1.6e-05,0.0,-0.00044,-8e-06,0.0,-0.00137,-0.003233,-0.006464,-0.004365,0.0,-0.000755,-0.006285,-0.000705,-0.002906,0.0,-0.000756,-0.00152,-0.00021,-5.7e-05,-0.003538,-0.004277,0.0,-0.00047,0.0,-0.001952,0.0,-0.003558,0.0,-0.002563,-0.006541,-0.000312,-0.000344,-0.003556,-1.4e-05,-6.5e-05,0.0,-0.000284,-0.0039,-0.004335,0.0,-0.003088,-0.002866,-0.006602,-0.006622,0.0,-0.006034,-9.8e-05,-0.005356,-0.001497,0.0,-0.001409,-0.007013,-0.004287,-0.00467,-0.004984,-0.006695,-0.001538,-0.001162,-0.000912,-2.1e-05,-0.000837,-0.002662,-0.003881,-0.004163
2017-05-29 15:09:00+02:00,0.0,0.0,-0.000537,-0.004871,-0.000496,-0.000105,-0.000906,-0.001474,-0.003643,-0.000217,-4.3e-05,0.0,-0.00461,-0.004568,-0.002201,-0.006106,-0.000236,0.0,-0.000128,-0.005911,0.0,-0.005946,-0.002766,0.0,-0.006643,-0.006823,-0.001253,0.0,-0.001315,-0.000106,-1.3e-05,-0.003824,0.0,-0.003696,-0.004311,0.0,-0.001242,-0.002408,0.0,-0.006887,-0.001498,0.0,-0.00242,0.0,-0.000416,-0.002279,-0.001732,-0.002776,-0.002098,0.0,-5e-05,-0.003381,-0.003768,-0.004646,-1.3e-05,0.0,-0.000352,-6e-06,0.0,-0.001305,-0.003282,-0.00662,-0.004409,0.0,-0.000604,-0.006411,-0.000671,-0.002937,0.0,-0.000719,-0.001515,-0.000168,-4.6e-05,-0.003605,-0.004508,0.0,-0.000376,0.0,-0.00193,0.0,-0.003649,0.0,-0.00257,-0.006708,-0.000249,-0.000275,-0.00375,-1.2e-05,-5.2e-05,0.0,-0.000227,-0.004025,-0.004584,0.0,-0.003155,-0.002856,-0.006773,-0.006794,0.0,-0.006135,-7.8e-05,-0.005434,-0.001491,0.0,-0.001426,-0.007372,-0.004527,-0.004702,-0.005042,-0.006875,-0.001559,-0.001154,-0.000863,-1.7e-05,-0.00073,-0.002641,-0.003907,-0.0044
2017-05-29 15:10:00+02:00,0.0,0.0,-0.000463,-0.004937,-0.000466,-8.4e-05,-0.000929,-0.001518,-0.003706,-0.000173,-3.5e-05,0.0,-0.004682,-0.004661,-0.002231,-0.006197,-0.000188,0.0,-0.000103,-0.005988,0.0,-0.006023,-0.002846,0.0,-0.006741,-0.006957,-0.001291,0.0,-0.001343,-8.5e-05,-1e-05,-0.003894,0.0,-0.00376,-0.004432,0.0,-0.001206,-0.002485,0.0,-0.007028,-0.001553,0.0,-0.002449,0.0,-0.000364,-0.002319,-0.001756,-0.00281,-0.002113,0.0,-4e-05,-0.003441,-0.003851,-0.004723,-1e-05,0.0,-0.000281,-5e-06,0.0,-0.001331,-0.003337,-0.006722,-0.004467,0.0,-0.000545,-0.006514,-0.000684,-0.002973,0.0,-0.000736,-0.001544,-0.000135,-3.7e-05,-0.003677,-0.004619,0.0,-0.000301,0.0,-0.001985,0.0,-0.003723,0.0,-0.00262,-0.006814,-0.000199,-0.00022,-0.0038,-9e-06,-4.1e-05,0.0,-0.000193,-0.004122,-0.004662,0.0,-0.003222,-0.002874,-0.006911,-0.006933,0.0,-0.006204,-6.3e-05,-0.005508,-0.001512,0.0,-0.001477,-0.007467,-0.004597,-0.004734,-0.005111,-0.007017,-0.001614,-0.001175,-0.000864,-1.3e-05,-0.000729,-0.002678,-0.003959,-0.004471
2017-05-29 15:11:00+02:00,0.0,0.0,-0.00037,-0.004686,-0.000372,-6.7e-05,-0.000811,-0.001402,-0.003545,-0.000139,-2.8e-05,0.0,-0.004641,-0.004565,-0.002043,-0.005952,-0.000151,0.0,-8.2e-05,-0.005707,0.0,-0.00574,-0.002627,0.0,-0.006439,-0.006736,-0.00118,0.0,-0.001212,-6.8e-05,-8e-06,-0.003718,0.0,-0.003576,-0.004273,0.0,-0.000965,-0.002272,0.0,-0.006744,-0.001428,0.0,-0.002178,0.0,-0.000291,-0.00208,-0.001631,-0.00266,-0.001939,0.0,-3.2e-05,-0.003281,-0.003716,-0.004678,-8e-06,0.0,-0.000225,-4e-06,0.0,-0.001093,-0.003178,-0.006415,-0.004216,0.0,-0.000436,-0.006274,-0.000561,-0.002823,0.0,-0.000598,-0.001389,-0.000108,-2.9e-05,-0.003517,-0.004501,0.0,-0.000241,0.0,-0.001761,0.0,-0.00359,0.0,-0.002383,-0.006508,-0.00016,-0.000176,-0.003733,-7e-06,-3.3e-05,0.0,-0.000154,-0.003999,-0.004602,0.0,-0.00308,-0.002572,-0.006695,-0.006716,0.0,-0.005888,-5e-05,-0.005258,-0.001369,0.0,-0.001355,-0.007373,-0.004545,-0.004416,-0.004862,-0.0068,-0.001489,-0.001041,-0.000698,-1.1e-05,-0.000583,-0.002412,-0.00371,-0.004396
2017-05-29 15:12:00+02:00,0.0,0.0,-0.000362,-0.004928,-0.000392,-5.4e-05,-0.000886,-0.00151,-0.003731,-0.000111,-2.2e-05,0.0,-0.004874,-0.004825,-0.002167,-0.006231,-0.000121,0.0,-6.6e-05,-0.005977,0.0,-0.006021,-0.002827,0.0,-0.006765,-0.007064,-0.001275,0.0,-0.001303,-5.4e-05,-7e-06,-0.003915,0.0,-0.003766,-0.004519,0.0,-0.00102,-0.002448,0.0,-0.007082,-0.00155,0.0,-0.00234,0.0,-0.000284,-0.002229,-0.001727,-0.002799,-0.002047,0.0,-2.5e-05,-0.003461,-0.003915,-0.004916,-7e-06,0.0,-0.00018,-3e-06,0.0,-0.00121,-0.003351,-0.00673,-0.004437,0.0,-0.000447,-0.006569,-0.000623,-0.002968,0.0,-0.000669,-0.001497,-8.6e-05,-2.3e-05,-0.003711,-0.004781,0.0,-0.000193,0.0,-0.001911,0.0,-0.003779,0.0,-0.002552,-0.006838,-0.000128,-0.000141,-0.003922,-6e-06,-2.6e-05,0.0,-0.000146,-0.004216,-0.004842,0.0,-0.003251,-0.002727,-0.007012,-0.007035,0.0,-0.006156,-4e-05,-0.005513,-0.001466,0.0,-0.00147,-0.007719,-0.004776,-0.004617,-0.005091,-0.007129,-0.001612,-0.001124,-0.000766,-9e-06,-0.000643,-0.002581,-0.003907,-0.004628
2017-05-29 15:13:00+02:00,0.0,0.0,-0.000449,-0.005255,-0.000484,-4.3e-05,-0.000997,-0.001659,-0.003997,-0.000125,-1.8e-05,0.0,-0.005044,-0.005018,-0.002366,-0.006603,-9.6e-05,0.0,-5.3e-05,-0.006378,0.0,-0.006435,-0.003104,0.0,-0.007237,-0.007434,-0.001408,0.0,-0.001432,-4.3e-05,-5e-06,-0.004203,0.0,-0.004048,-0.00478,0.0,-0.001163,-0.002699,0.0,-0.007429,-0.001719,0.0,-0.002605,0.0,-0.000353,-0.002443,-0.00186,-0.003006,-0.002219,0.0,-2e-05,-0.003725,-0.004177,-0.00509,-5e-06,0.0,-0.000197,-2e-06,0.0,-0.001393,-0.003604,-0.007185,-0.004741,0.0,-0.000553,-0.006958,-0.000718,-0.003182,0.0,-0.000779,-0.001669,-6.9e-05,-1.9e-05,-0.003993,-0.004989,0.0,-0.000213,0.0,-0.002133,0.0,-0.004027,0.0,-0.002787,-0.007301,-0.000102,-0.000113,-0.004052,-5e-06,-2.1e-05,0.0,-0.000184,-0.004495,-0.005018,0.0,-0.003481,-0.002984,-0.007342,-0.007364,0.0,-0.006563,-3.2e-05,-0.005857,-0.001618,0.0,-0.001631,-0.007958,-0.004944,-0.004943,-0.005406,-0.007467,-0.001782,-0.001242,-0.000896,-7e-06,-0.00077,-0.002852,-0.004182,-0.004796
2017-05-29 15:14:00+02:00,0.0,0.0,-0.000359,-0.005263,-0.000387,-3.4e-05,-0.00098,-0.00166,-0.004027,-0.0001,-1.4e-05,0.0,-0.005163,-0.005156,-0.00235,-0.006638,-7.7e-05,0.0,-4.2e-05,-0.006421,0.0,-0.006483,-0.003105,0.0,-0.007284,-0.007509,-0.001405,0.0,-0.001409,-3.5e-05,-4e-06,-0.004236,0.0,-0.004075,-0.00487,0.0,-0.001048,-0.002691,0.0,-0.007528,-0.001723,0.0,-0.002588,0.0,-0.000283,-0.002395,-0.001846,-0.003026,-0.002201,0.0,-1.6e-05,-0.003765,-0.004219,-0.005214,-4e-06,0.0,-0.000158,-2e-06,0.0,-0.001343,-0.003641,-0.007238,-0.004736,0.0,-0.000443,-0.007002,-0.000692,-0.003205,0.0,-0.00075,-0.001667,-5.5e-05,-1.5e-05,-0.004041,-0.005138,0.0,-0.00017,0.0,-0.002107,0.0,-0.004064,0.0,-0.002749,-0.007363,-8.2e-05,-9e-05,-0.00414,-4e-06,-1.7e-05,0.0,-0.000147,-0.004549,-0.005143,0.0,-0.003505,-0.002928,-0.007421,-0.007443,0.0,-0.006578,-2.6e-05,-0.005875,-0.001615,0.0,-0.001633,-0.008118,-0.005062,-0.004921,-0.005411,-0.007551,-0.001787,-0.001214,-0.000874,-5e-06,-0.000682,-0.00284,-0.004165,-0.004914
2017-05-29 15:15:00+02:00,0.0,0.0,-0.000287,-0.005174,-0.00031,-2.7e-05,-0.000933,-0.001622,-0.00395,-8e-05,-1.1e-05,0.0,-0.005253,-0.005189,-0.002244,-0.006563,-6.2e-05,0.0,-3.4e-05,-0.006377,0.0,-0.00644,-0.003034,0.0,-0.00714,-0.007461,-0.001366,0.0,-0.001347,-2.8e-05,-3e-06,-0.004152,0.0,-0.003984,-0.004825,0.0,-0.000846,-0.002618,0.0,-0.007431,-0.001683,0.0,-0.002506,0.0,-0.000226,-0.00228,-0.001792,-0.002999,-0.002103,0.0,-1.3e-05,-0.003747,-0.004187,-0.005308,-3e-06,0.0,-0.000126,-2e-06,0.0,-0.001241,-0.003621,-0.007104,-0.004641,0.0,-0.000354,-0.006933,-0.000639,-0.00318,0.0,-0.00069,-0.001623,-4.4e-05,-1.2e-05,-0.004027,-0.005136,0.0,-0.000136,0.0,-0.002021,0.0,-0.00403,0.0,-0.002638,-0.007233,-6.5e-05,-7.2e-05,-0.004182,-3e-06,-1.4e-05,0.0,-0.000118,-0.004524,-0.005225,0.0,-0.003461,-0.00275,-0.007378,-0.0074,0.0,-0.006418,-2.1e-05,-0.005792,-0.001575,0.0,-0.001592,-0.00824,-0.00515,-0.004751,-0.005324,-0.007509,-0.001747,-0.001148,-0.000819,-4e-06,-0.000553,-0.002763,-0.004064,-0.004971
2017-05-29 15:16:00+02:00,0.0,0.0,-0.00023,-0.00516,-0.000248,-2.2e-05,-0.000924,-0.001626,-0.003851,-6.4e-05,-9e-06,0.0,-0.005324,-0.00521,-0.002124,-0.006559,-4.9e-05,0.0,-2.7e-05,-0.006391,0.0,-0.006457,-0.003042,0.0,-0.006959,-0.007479,-0.001369,0.0,-0.001329,-2.2e-05,-3e-06,-0.004048,0.0,-0.003877,-0.00477,0.0,-0.000677,-0.002624,0.0,-0.007323,-0.001693,0.0,-0.002493,0.0,-0.000181,-0.002244,-0.001777,-0.003003,-0.001994,0.0,-1e-05,-0.003764,-0.004198,-0.005383,-3e-06,0.0,-0.000101,-1e-06,0.0,-0.001204,-0.003635,-0.006958,-0.004622,0.0,-0.000283,-0.006934,-0.00062,-0.003186,0.0,-0.000669,-0.00162,-3.5e-05,-1e-05,-0.00405,-0.005126,0.0,-0.000109,0.0,-0.00201,0.0,-0.004037,0.0,-0.002607,-0.007091,-5.2e-05,-5.8e-05,-0.004212,-2e-06,-1.1e-05,0.0,-9.4e-05,-0.004541,-0.005293,0.0,-0.003464,-0.002557,-0.0074,-0.007422,0.0,-0.006234,-1.6e-05,-0.005781,-0.00157,0.0,-0.001601,-0.008332,-0.005219,-0.004557,-0.005307,-0.007533,-0.001755,-0.001128,-0.000806,-3e-06,-0.00049,-0.002752,-0.004039,-0.005014
2017-05-29 15:17:00+02:00,0.0,0.0,-0.000184,-0.005132,-0.000198,-1.8e-05,-0.000923,-0.001634,-0.003745,-5.1e-05,-7e-06,0.0,-0.005376,-0.005206,-0.002022,-0.006534,-4e-05,0.0,-2.2e-05,-0.00642,0.0,-0.006488,-0.003057,0.0,-0.006769,-0.007466,-0.001375,0.0,-0.001311,-1.8e-05,-2e-06,-0.003942,0.0,-0.003773,-0.00471,0.0,-0.000542,-0.002638,0.0,-0.007206,-0.001707,0.0,-0.002501,0.0,-0.000145,-0.002209,-0.001759,-0.003016,-0.001899,0.0,-8e-06,-0.00379,-0.004195,-0.005437,-2e-06,0.0,-8.1e-05,-1e-06,0.0,-0.001188,-0.003658,-0.006812,-0.004592,0.0,-0.000238,-0.00691,-0.000611,-0.003199,0.0,-0.00066,-0.001629,-2.8e-05,-8e-06,-0.004082,-0.005097,0.0,-8.7e-05,0.0,-0.002012,0.0,-0.004031,0.0,-0.002574,-0.006947,-4.2e-05,-4.6e-05,-0.004215,-2e-06,-9e-06,0.0,-7.5e-05,-0.00454,-0.005324,0.0,-0.003458,-0.002393,-0.00739,-0.007412,0.0,-0.006052,-1.3e-05,-0.005754,-0.001575,0.0,-0.001613,-0.008393,-0.005261,-0.004382,-0.005278,-0.007524,-0.001767,-0.001109,-0.000808,-3e-06,-0.000454,-0.002762,-0.004006,-0.005026
2017-05-29 15:18:00+02:00,0.0,0.0,-0.000147,-0.005103,-0.000159,-1.4e-05,-0.000919,-0.001636,-0.003667,-4.1e-05,-6e-06,0.0,-0.005419,-0.005207,-0.001946,-0.0065,-3.2e-05,0.0,-1.7e-05,-0.006418,0.0,-0.006488,-0.003062,0.0,-0.006628,-0.007438,-0.001377,0.0,-0.001296,-1.4e-05,-2e-06,-0.003865,0.0,-0.003696,-0.004667,0.0,-0.000433,-0.002642,0.0,-0.007113,-0.001715,0.0,-0.002492,0.0,-0.000116,-0.00218,-0.001742,-0.003014,-0.001828,0.0,-7e-06,-0.003799,-0.004188,-0.005483,-2e-06,0.0,-6.5e-05,-1e-06,0.0,-0.001171,-0.003665,-0.006698,-0.004561,0.0,-0.000191,-0.006876,-0.000602,-0.003198,0.0,-0.000652,-0.001628,-2.3e-05,-6e-06,-0.004096,-0.00508,0.0,-7e-05,0.0,-0.002008,0.0,-0.004021,0.0,-0.002546,-0.006836,-3.3e-05,-3.7e-05,-0.004216,-2e-06,-7e-06,0.0,-6e-05,-0.004533,-0.005352,0.0,-0.00345,-0.002269,-0.007364,-0.007385,0.0,-0.00591,-1.1e-05,-0.005722,-0.001571,0.0,-0.00162,-0.008436,-0.005297,-0.004247,-0.005243,-0.007498,-0.001773,-0.001093,-0.000802,-2e-06,-0.000424,-0.002753,-0.003974,-0.005039
2017-05-29 15:19:00+02:00,0.0,0.0,-0.000118,-0.0051,-0.000127,-1.1e-05,-0.000925,-0.001648,-0.003632,-3.3e-05,-5e-06,0.0,-0.00546,-0.005242,-0.001913,-0.006492,-2.5e-05,0.0,-1.4e-05,-0.006414,0.0,-0.006488,-0.003085,0.0,-0.006565,-0.007435,-0.001387,0.0,-0.001295,-1.1e-05,-1e-06,-0.003835,0.0,-0.003669,-0.004666,0.0,-0.000372,-0.002662,0.0,-0.007081,-0.001734,0.0,-0.002499,0.0,-9.3e-05,-0.002175,-0.001737,-0.003014,-0.001794,0.0,-5e-06,-0.003809,-0.004198,-0.005527,-1e-06,0.0,-5.2e-05,-1e-06,0.0,-0.001175,-0.003672,-0.006653,-0.004556,0.0,-0.000173,-0.006868,-0.000604,-0.003197,0.0,-0.000656,-0.001635,-1.8e-05,-5e-06,-0.004111,-0.005099,0.0,-5.6e-05,0.0,-0.002022,0.0,-0.004026,0.0,-0.002542,-0.006795,-2.7e-05,-3e-05,-0.004239,-1e-06,-6e-06,0.0,-4.8e-05,-0.004542,-0.005407,0.0,-0.003459,-0.002208,-0.00736,-0.007381,0.0,-0.005843,-8e-06,-0.005715,-0.001574,0.0,-0.001637,-0.008475,-0.005339,-0.004181,-0.005233,-0.007496,-0.001791,-0.001092,-0.000807,-2e-06,-0.000418,-0.002758,-0.003967,-0.005079
2017-05-29 15:20:00+02:00,0.0,0.0,-0.000124,-0.005137,-0.000102,-9e-06,-0.000935,-0.001662,-0.003662,-2.6e-05,-4e-06,0.0,-0.00549,-0.005324,-0.001933,-0.006529,-2e-05,0.0,-1.1e-05,-0.006499,0.0,-0.006577,-0.003113,0.0,-0.006619,-0.00748,-0.0014,0.0,-0.001312,-9e-06,-1e-06,-0.003871,0.0,-0.003705,-0.004719,0.0,-0.000375,-0.002688,0.0,-0.007136,-0.001755,0.0,-0.002559,0.0,-7.4e-05,-0.002204,-0.001751,-0.003055,-0.001807,0.0,-4e-06,-0.003869,-0.004234,-0.005559,-1e-06,0.0,-4.1e-05,-1e-06,0.0,-0.001188,-0.003729,-0.006697,-0.004591,0.0,-0.0002,-0.006906,-0.00061,-0.00324,0.0,-0.000665,-0.001675,-1.4e-05,-4e-06,-0.004179,-0.00517,0.0,-4.5e-05,0.0,-0.002043,0.0,-0.004057,0.0,-0.002575,-0.006845,-2.1e-05,-2.4e-05,-0.004266,-1e-06,-4e-06,0.0,-3.9e-05,-0.00458,-0.005447,0.0,-0.003494,-0.002225,-0.007404,-0.007425,0.0,-0.00588,-7e-06,-0.005752,-0.001607,0.0,-0.001656,-0.008499,-0.005368,-0.004202,-0.005265,-0.007541,-0.001811,-0.001109,-0.00084,-1e-06,-0.000423,-0.002818,-0.003998,-0.005128
2017-05-29 15:21:00+02:00,0.0,0.0,-9.9e-05,-0.005128,-8.2e-05,-7e-06,-0.000924,-0.001652,-0.003676,-2.1e-05,-3e-06,0.0,-0.005514,-0.005372,-0.001933,-0.006518,-1.6e-05,0.0,-9e-06,-0.006522,0.0,-0.006603,-0.003097,0.0,-0.006644,-0.007476,-0.00139,0.0,-0.001306,-7e-06,-1e-06,-0.003889,0.0,-0.003722,-0.004746,0.0,-0.00035,-0.002672,0.0,-0.007155,-0.001748,0.0,-0.002565,0.0,-5.9e-05,-0.002191,-0.001743,-0.003063,-0.001803,0.0,-3e-06,-0.003889,-0.004238,-0.005585,-1e-06,0.0,-3.3e-05,-0.0,0.0,-0.001163,-0.003747,-0.006709,-0.00458,0.0,-0.000182,-0.006897,-0.000597,-0.00325,0.0,-0.00065,-0.001681,-1.2e-05,-3e-06,-0.004206,-0.00521,0.0,-3.6e-05,0.0,-0.002024,0.0,-0.004057,0.0,-0.002563,-0.00686,-1.7e-05,-1.9e-05,-0.004287,-1e-06,-4e-06,0.0,-3.1e-05,-0.004584,-0.00548,0.0,-0.003496,-0.002214,-0.007402,-0.007421,0.0,-0.005892,-5e-06,-0.005741,-0.00161,0.0,-0.001648,-0.00852,-0.005392,-0.004197,-0.005252,-0.007538,-0.001803,-0.001101,-0.000841,-1e-06,-0.000391,-0.002824,-0.003985,-0.005167
2017-05-29 15:22:00+02:00,0.0,0.0,-7.9e-05,-0.005114,-6.5e-05,-6e-06,-0.000916,-0.001646,-0.003666,-1.7e-05,-2e-06,0.0,-0.00553,-0.005388,-0.001918,-0.006499,-1.3e-05,0.0,-7e-06,-0.006523,0.0,-0.006606,-0.003087,0.0,-0.006628,-0.007458,-0.001384,0.0,-0.001299,-6e-06,-1e-06,-0.003881,0.0,-0.003715,-0.004747,0.0,-0.000313,-0.002663,0.0,-0.007135,-0.001745,0.0,-0.002557,0.0,-4.7e-05,-0.002179,-0.001735,-0.00306,-0.001785,0.0,-3e-06,-0.003895,-0.004235,-0.005604,-1e-06,0.0,-2.6e-05,-0.0,0.0,-0.001145,-0.003751,-0.006684,-0.004566,0.0,-0.000155,-0.006877,-0.000587,-0.003248,0.0,-0.00064,-0.001679,-9e-06,-3e-06,-0.004217,-0.00522,0.0,-2.9e-05,0.0,-0.002011,0.0,-0.004051,0.0,-0.002552,-0.006838,-1.4e-05,-1.5e-05,-0.004298,-1e-06,-3e-06,0.0,-2.5e-05,-0.00458,-0.005503,0.0,-0.003494,-0.002182,-0.007385,-0.007404,0.0,-0.005867,-4e-06,-0.005725,-0.001605,0.0,-0.001644,-0.008529,-0.005408,-0.004166,-0.005235,-0.00752,-0.001799,-0.001095,-0.000835,-1e-06,-0.000369,-0.002816,-0.00397,-0.005191
2017-05-29 15:23:00+02:00,0.0,0.0,-6.3e-05,-0.005082,-5.2e-05,-5e-06,-0.000908,-0.001638,-0.003644,-1.3e-05,-2e-06,0.0,-0.005541,-0.005391,-0.001898,-0.006457,-1e-05,0.0,-6e-06,-0.006501,0.0,-0.006584,-0.003075,0.0,-0.00659,-0.00741,-0.001376,0.0,-0.001287,-5e-06,-1e-06,-0.003861,0.0,-0.003697,-0.004737,0.0,-0.000277,-0.002651,0.0,-0.007102,-0.00174,0.0,-0.002538,0.0,-3.8e-05,-0.002157,-0.001719,-0.003046,-0.001764,0.0,-2e-06,-0.003886,-0.004216,-0.005617,-1e-06,0.0,-2.1e-05,-0.0,0.0,-0.00113,-0.00374,-0.006646,-0.004535,0.0,-0.000127,-0.006833,-0.000578,-0.003233,0.0,-0.000632,-0.001669,-7e-06,-2e-06,-0.004212,-0.005218,0.0,-2.3e-05,0.0,-0.001999,0.0,-0.00403,0.0,-0.00253,-0.006802,-1.1e-05,-1.2e-05,-0.004298,-1e-06,-2e-06,0.0,-2e-05,-0.004557,-0.005519,0.0,-0.00348,-0.002145,-0.007341,-0.007359,0.0,-0.005823,-3e-06,-0.005688,-0.001594,0.0,-0.001639,-0.008529,-0.005418,-0.004126,-0.0052,-0.007473,-0.001793,-0.001083,-0.000825,-1e-06,-0.000352,-0.002796,-0.003941,-0.005201
2017-05-29 15:24:00+02:00,0.0,0.0,-6.7e-05,-0.005064,-4.3e-05,-4e-06,-0.000915,-0.001643,-0.003608,-1.1e-05,-2e-06,0.0,-0.005541,-0.005368,-0.001876,-0.006427,-8e-06,0.0,-5e-06,-0.006508,0.0,-0.006593,-0.003087,0.0,-0.006528,-0.007374,-0.001381,0.0,-0.001285,-4e-06,-0.0,-0.003827,0.0,-0.003667,-0.004708,0.0,-0.000253,-0.002665,0.0,-0.007042,-0.00175,0.0,-0.002559,0.0,-3e-05,-0.002154,-0.001712,-0.003049,-0.00174,0.0,-2e-06,-0.003897,-0.004204,-0.005619,-0.0,0.0,-1.7e-05,-0.0,0.0,-0.001145,-0.003749,-0.006584,-0.00452,0.0,-0.000149,-0.0068,-0.000585,-0.003236,0.0,-0.000641,-0.001683,-6e-06,-2e-06,-0.004227,-0.005192,0.0,-1.8e-05,0.0,-0.002013,0.0,-0.004015,0.0,-0.002526,-0.006742,-9e-06,-1e-05,-0.004273,-0.0,-2e-06,0.0,-1.6e-05,-0.004541,-0.005515,0.0,-0.003475,-0.00211,-0.007307,-0.007324,0.0,-0.005763,-3e-06,-0.005664,-0.001603,0.0,-0.001648,-0.00846,-0.005415,-0.004078,-0.005178,-0.007437,-0.001802,-0.001082,-0.00084,-1e-06,-0.000368,-0.002816,-0.003928,-0.005181
2017-05-29 15:25:00+02:00,0.0,0.0,-5.3e-05,-0.005013,-3.4e-05,-3e-06,-0.000898,-0.001623,-0.003555,-9e-06,-1e-06,0.0,-0.005546,-0.005326,-0.001839,-0.006369,-7e-06,0.0,-4e-06,-0.006466,0.0,-0.006551,-0.003052,0.0,-0.006437,-0.007313,-0.001362,0.0,-0.001264,-3e-06,-0.0,-0.003778,0.0,-0.003622,-0.004661,0.0,-0.000211,-0.002632,0.0,-0.006954,-0.00173,0.0,-0.002538,0.0,-2.4e-05,-0.002117,-0.001687,-0.003027,-0.001703,0.0,-1e-06,-0.003878,-0.004174,-0.005619,-0.0,0.0,-1.4e-05,-0.0,0.0,-0.001118,-0.003729,-0.006498,-0.004471,0.0,-0.000134,-0.00674,-0.000571,-0.003213,0.0,-0.000626,-0.001671,-5e-06,-1e-06,-0.004208,-0.005148,0.0,-1.5e-05,0.0,-0.001982,0.0,-0.003983,0.0,-0.002486,-0.006656,-7e-06,-8e-06,-0.004234,-0.0,-1e-06,0.0,-1.3e-05,-0.004509,-0.00549,0.0,-0.003448,-0.002054,-0.007248,-0.007264,0.0,-0.005679,-2e-06,-0.00561,-0.00159,0.0,-0.001629,-0.00845,-0.005401,-0.004007,-0.005126,-0.007376,-0.001783,-0.001061,-0.00083,-0.0,-0.000343,-0.002793,-0.003881,-0.005143
2017-05-29 15:26:00+02:00,0.0,0.0,-4.8e-05,-0.005008,-2.8e-05,-2e-06,-0.000893,-0.001616,-0.00355,-7e-06,-1e-06,0.0,-0.00555,-0.005346,-0.001851,-0.006358,-5e-06,0.0,-3e-06,-0.006451,0.0,-0.006537,-0.003041,0.0,-0.006434,-0.007301,-0.001355,0.0,-0.001264,-2e-06,-0.0,-0.003783,0.0,-0.003631,-0.004674,0.0,-0.000226,-0.002622,0.0,-0.006955,-0.001726,0.0,-0.002543,0.0,-1.9e-05,-0.002117,-0.001683,-0.003019,-0.001708,0.0,-1e-06,-0.003875,-0.004175,-0.005627,-0.0,0.0,-1.1e-05,-0.0,0.0,-0.001113,-0.003725,-0.006499,-0.004465,0.0,-0.000143,-0.006728,-0.000568,-0.003204,0.0,-0.000624,-0.001674,-4e-06,-1e-06,-0.004208,-0.005166,0.0,-1.2e-05,0.0,-0.001973,0.0,-0.00398,0.0,-0.002486,-0.006659,-6e-06,-6e-06,-0.00424,-0.0,-1e-06,0.0,-1e-05,-0.004508,-0.005506,0.0,-0.003451,-0.002065,-0.007238,-0.007253,0.0,-0.005678,-2e-06,-0.005601,-0.001589,0.0,-0.001623,-0.008452,-0.005407,-0.004012,-0.005117,-0.007364,-0.001778,-0.001062,-0.000836,-0.0,-0.000341,-0.002796,-0.003876,-0.005162
2017-05-29 15:27:00+02:00,0.0,0.0,-3.9e-05,-0.005008,-2.2e-05,-2e-06,-0.000892,-0.001612,-0.003563,-6e-06,-1e-06,0.0,-0.005552,-0.005369,-0.001868,-0.00635,-4e-06,0.0,-2e-06,-0.006423,0.0,-0.006509,-0.003037,0.0,-0.006461,-0.007293,-0.001352,0.0,-0.001268,-2e-06,-0.0,-0.003802,0.0,-0.003652,-0.004693,0.0,-0.000248,-0.00262,0.0,-0.006963,-0.001726,0.0,-0.002533,0.0,-1.6e-05,-0.002125,-0.001682,-0.003004,-0.001718,0.0,-1e-06,-0.003865,-0.004179,-0.005632,-0.0,0.0,-9e-06,-0.0,0.0,-0.001116,-0.003713,-0.006509,-0.004466,0.0,-0.000139,-0.00672,-0.000568,-0.003188,0.0,-0.000626,-0.001669,-3e-06,-1e-06,-0.0042,-0.005188,0.0,-9e-06,0.0,-0.001972,0.0,-0.00398,0.0,-0.002494,-0.006671,-4e-06,-5e-06,-0.00424,-0.0,-1e-06,0.0,-8e-06,-0.00451,-0.005516,0.0,-0.003458,-0.002084,-0.007231,-0.007244,0.0,-0.005697,-1e-06,-0.005596,-0.001582,0.0,-0.001623,-0.008428,-0.005411,-0.004026,-0.005113,-0.007355,-0.001777,-0.001067,-0.000833,-0.0,-0.000345,-0.002784,-0.003877,-0.005179
2017-05-29 15:28:00+02:00,0.0,0.0,-3.1e-05,-0.004984,-1.8e-05,-2e-06,-0.000897,-0.001617,-0.003558,-4e-06,-1e-06,0.0,-0.005556,-0.005372,-0.001868,-0.006317,-3e-06,0.0,-2e-06,-0.006415,0.0,-0.006504,-0.003049,0.0,-0.006454,-0.007256,-0.001356,0.0,-0.001262,-2e-06,-0.0,-0.0038,0.0,-0.003652,-0.004693,0.0,-0.000249,-0.002631,0.0,-0.006944,-0.001735,0.0,-0.00253,0.0,-1.2e-05,-0.002114,-0.001672,-0.002999,-0.001713,0.0,-1e-06,-0.003867,-0.004166,-0.005639,-0.0,0.0,-7e-06,-0.0,0.0,-0.001127,-0.003713,-0.006491,-0.004444,0.0,-0.000138,-0.006685,-0.000573,-0.003183,0.0,-0.000634,-0.001669,-2e-06,-1e-06,-0.004206,-0.00519,0.0,-7e-06,0.0,-0.001985,0.0,-0.003964,0.0,-0.002482,-0.006655,-4e-06,-4e-06,-0.004232,-0.0,-1e-06,0.0,-6e-06,-0.004495,-0.005527,0.0,-0.003449,-0.002079,-0.007196,-0.007209,0.0,-0.005683,-1e-06,-0.005567,-0.001579,0.0,-0.001631,-0.008428,-0.005415,-0.004015,-0.005086,-0.007318,-0.001786,-0.001061,-0.000833,-0.0,-0.000359,-0.00278,-0.003857,-0.00518
2017-05-29 15:29:00+02:00,0.0,0.0,-2.5e-05,-0.004966,-1.4e-05,-1e-06,-0.000902,-0.001621,-0.003545,-4e-06,-0.0,0.0,-0.005559,-0.005367,-0.001862,-0.006289,-3e-06,0.0,-1e-06,-0.006405,0.0,-0.006494,-0.003059,0.0,-0.006433,-0.007222,-0.001359,0.0,-0.001257,-1e-06,-0.0,-0.00379,0.0,-0.003644,-0.004685,0.0,-0.000243,-0.00264,0.0,-0.006914,-0.001743,0.0,-0.002525,0.0,-1e-05,-0.002106,-0.001663,-0.002991,-0.001704,0.0,-1e-06,-0.003867,-0.004156,-0.005644,-0.0,0.0,-6e-06,-0.0,0.0,-0.001137,-0.003712,-0.006462,-0.004428,0.0,-0.000136,-0.006655,-0.000578,-0.003176,0.0,-0.00064,-0.001667,-2e-06,-1e-06,-0.00421,-0.005185,0.0,-6e-06,0.0,-0.001995,0.0,-0.003952,0.0,-0.002474,-0.006629,-3e-06,-3e-06,-0.004217,-0.0,-1e-06,0.0,-5e-06,-0.004482,-0.005536,0.0,-0.003444,-0.002066,-0.007163,-0.007175,0.0,-0.005655,-1e-06,-0.005545,-0.001574,0.0,-0.001638,-0.008406,-0.005418,-0.003994,-0.005064,-0.007283,-0.001794,-0.001057,-0.000831,-0.0,-0.00037,-0.002774,-0.003842,-0.005173
2017-05-29 15:30:00+02:00,0.0,0.0,-2.1e-05,-0.004964,-1.1e-05,-1e-06,-0.000903,-0.001621,-0.003548,-3e-06,-0.0,0.0,-0.00556,-0.005376,-0.001869,-0.00628,-2e-06,0.0,-1e-06,-0.006403,0.0,-0.006494,-0.003062,0.0,-0.006441,-0.007209,-0.001358,0.0,-0.001259,-1e-06,-0.0,-0.003797,0.0,-0.003653,-0.004693,0.0,-0.000251,-0.002643,0.0,-0.006905,-0.001747,0.0,-0.002527,0.0,-8e-06,-0.002109,-0.001661,-0.002988,-0.001705,0.0,-0.0,-0.003872,-0.004159,-0.005648,-0.0,0.0,-4e-06,-0.0,0.0,-0.001143,-0.003715,-0.006456,-0.004426,0.0,-0.000141,-0.006644,-0.00058,-0.003173,0.0,-0.000644,-0.00167,-2e-06,-0.0,-0.00422,-0.005194,0.0,-5e-06,0.0,-0.001999,0.0,-0.00395,0.0,-0.002478,-0.006625,-2e-06,-3e-06,-0.0042,-0.0,-0.0,0.0,-4e-06,-0.004481,-0.005542,0.0,-0.00345,-0.00207,-0.007151,-0.007162,0.0,-0.005655,-1e-06,-0.005538,-0.001574,0.0,-0.00164,-0.00838,-0.005419,-0.003993,-0.005058,-0.007269,-0.001798,-0.00106,-0.000834,-0.0,-0.000378,-0.002774,-0.00384,-0.005178
2017-05-29 15:31:00+02:00,0.0,0.0,-1.7e-05,-0.004869,-9e-06,-1e-06,-0.00087,-0.001581,-0.003527,-2e-06,-0.0,0.0,-0.005546,-0.005425,-0.001874,-0.006183,-2e-06,0.0,-1e-06,-0.006358,0.0,-0.00645,-0.002989,0.0,-0.006413,-0.007112,-0.001321,0.0,-0.00121,-1e-06,-0.0,-0.003791,0.0,-0.003657,-0.004724,0.0,-0.000251,-0.002574,0.0,-0.006932,-0.001705,0.0,-0.002491,0.0,-6e-06,-0.002024,-0.001613,-0.002962,-0.001705,0.0,-0.0,-0.003849,-0.004103,-0.005647,-0.0,0.0,-4e-06,-0.0,0.0,-0.001088,-0.003691,-0.006475,-0.004332,0.0,-0.000113,-0.006547,-0.000551,-0.003147,0.0,-0.000612,-0.001648,-1e-06,-0.0,-0.0042,-0.005238,0.0,-4e-06,0.0,-0.001932,0.0,-0.003894,0.0,-0.002389,-0.006647,-2e-06,-2e-06,-0.004172,-0.0,-0.0,0.0,-3e-06,-0.004426,-0.005542,0.0,-0.003395,-0.00207,-0.007058,-0.007068,0.0,-0.005644,-1e-06,-0.005443,-0.001552,0.0,-0.001599,-0.008341,-0.005402,-0.003995,-0.004965,-0.007173,-0.001755,-0.001012,-0.000815,-0.0,-0.000329,-0.002737,-0.003748,-0.005185
2017-05-29 15:32:00+02:00,0.0,0.0,-1.4e-05,-0.004766,-7e-06,-1e-06,-0.000841,-0.001545,-0.003472,-2e-06,-0.0,0.0,-0.005547,-0.005434,-0.001852,-0.006079,-1e-06,0.0,-1e-06,-0.0063,0.0,-0.006392,-0.002923,0.0,-0.006324,-0.007007,-0.001287,0.0,-0.001157,-1e-06,-0.0,-0.003751,0.0,-0.003628,-0.004717,0.0,-0.000223,-0.002512,0.0,-0.006904,-0.001667,0.0,-0.002443,0.0,-5e-06,-0.001931,-0.001562,-0.002929,-0.001682,0.0,-0.0,-0.003818,-0.004042,-0.005648,-0.0,0.0,-3e-06,-0.0,0.0,-0.001038,-0.003659,-0.006441,-0.00423,0.0,-9e-05,-0.006441,-0.000525,-0.003114,0.0,-0.000582,-0.00162,-1e-06,-0.0,-0.004171,-0.005242,0.0,-3e-06,0.0,-0.001872,0.0,-0.003834,0.0,-0.002292,-0.006615,-1e-06,-2e-06,-0.004159,-0.0,-0.0,0.0,-3e-06,-0.004365,-0.005544,0.0,-0.003334,-0.002034,-0.006957,-0.006965,0.0,-0.00558,-0.0,-0.005339,-0.001525,0.0,-0.001562,-0.008325,-0.005402,-0.003954,-0.004864,-0.007068,-0.001716,-0.000961,-0.00079,-0.0,-0.000285,-0.002688,-0.003649,-0.005191
2017-05-29 15:33:00+02:00,0.0,0.0,-1.1e-05,-0.004702,-6e-06,-0.0,-0.000823,-0.001522,-0.003441,-1e-06,-0.0,0.0,-0.005543,-0.005456,-0.001854,-0.006012,-1e-06,0.0,-1e-06,-0.00628,0.0,-0.006373,-0.002881,0.0,-0.006277,-0.006939,-0.001266,0.0,-0.001125,-1e-06,-0.0,-0.003735,0.0,-0.003622,-0.004729,0.0,-0.000225,-0.002473,0.0,-0.006902,-0.001644,0.0,-0.002435,0.0,-4e-06,-0.001875,-0.001529,-0.002917,-0.001679,0.0,-0.0,-0.003812,-0.004006,-0.005647,-0.0,0.0,-2e-06,-0.0,0.0,-0.001012,-0.003652,-0.006436,-0.004167,0.0,-8.4e-05,-0.006374,-0.000511,-0.003102,0.0,-0.000567,-0.001616,-1e-06,-0.0,-0.004168,-0.005261,0.0,-2e-06,0.0,-0.001836,0.0,-0.003796,0.0,-0.002233,-0.006612,-1e-06,-1e-06,-0.004138,-0.0,-0.0,0.0,-2e-06,-0.004329,-0.005543,0.0,-0.003299,-0.00203,-0.006892,-0.006899,0.0,-0.005552,-0.0,-0.005273,-0.001518,0.0,-0.001539,-0.008296,-0.005394,-0.003944,-0.0048,-0.007,-0.001693,-0.00093,-0.000788,-0.0,-0.000263,-0.002679,-0.003587,-0.005193
2017-05-29 15:34:00+02:00,0.0,0.0,-9e-06,-0.004643,-5e-06,-0.0,-0.000805,-0.001497,-0.003407,-1e-06,-0.0,0.0,-0.005511,-0.005463,-0.001849,-0.005947,-1e-06,0.0,-0.0,-0.006267,0.0,-0.00636,-0.002837,0.0,-0.006225,-0.006873,-0.001243,0.0,-0.001097,-0.0,-0.0,-0.003713,0.0,-0.003608,-0.004729,0.0,-0.000222,-0.002433,0.0,-0.006883,-0.001619,0.0,-0.002431,0.0,-3e-06,-0.001827,-0.0015,-0.002908,-0.00167,0.0,-0.0,-0.003809,-0.003971,-0.005617,-0.0,0.0,-2e-06,-0.0,0.0,-0.000984,-0.003647,-0.006415,-0.004109,0.0,-8.4e-05,-0.006308,-0.000496,-0.003092,0.0,-0.000551,-0.001615,-1e-06,-0.0,-0.004169,-0.005267,0.0,-2e-06,0.0,-0.001799,0.0,-0.00376,0.0,-0.002182,-0.006593,-1e-06,-1e-06,-0.004099,-0.0,-0.0,0.0,-2e-06,-0.004292,-0.005511,0.0,-0.003266,-0.002019,-0.006828,-0.006834,0.0,-0.005515,-0.0,-0.005211,-0.001514,0.0,-0.001515,-0.008235,-0.005361,-0.003924,-0.004741,-0.006933,-0.001668,-0.000904,-0.000788,-0.0,-0.000241,-0.002673,-0.003531,-0.005168
2017-05-29 15:35:00+02:00,0.0,0.0,-7e-06,-0.00457,-4e-06,-0.0,-0.000776,-0.00146,-0.003354,-1e-06,-0.0,0.0,-0.005466,-0.005438,-0.001822,-0.005869,-1e-06,0.0,-0.0,-0.006184,0.0,-0.006276,-0.002769,0.0,-0.006136,-0.006791,-0.001208,0.0,-0.001065,-0.0,-0.0,-0.003668,0.0,-0.00357,-0.004699,0.0,-0.000196,-0.002369,0.0,-0.006822,-0.001579,0.0,-0.002382,0.0,-3e-06,-0.001772,-0.001465,-0.002865,-0.001642,0.0,-0.0,-0.003764,-0.003927,-0.005574,-0.0,0.0,-1e-06,-0.0,0.0,-0.000938,-0.003602,-0.006352,-0.004039,0.0,-6.7e-05,-0.006229,-0.000472,-0.003048,0.0,-0.000524,-0.001585,-1e-06,-0.0,-0.004123,-0.005241,0.0,-2e-06,0.0,-0.001741,0.0,-0.003715,0.0,-0.002123,-0.006531,-1e-06,-1e-06,-0.004048,-0.0,-0.0,0.0,-1e-06,-0.004247,-0.005466,0.0,-0.003225,-0.001978,-0.00675,-0.006755,0.0,-0.005443,-0.0,-0.005136,-0.001485,0.0,-0.001476,-0.008153,-0.005313,-0.003872,-0.004669,-0.006852,-0.001628,-0.000874,-0.000765,-0.0,-0.000203,-0.002623,-0.003465,-0.005119
2017-05-29 15:36:00+02:00,0.0,0.0,-6e-06,-0.004495,-3e-06,-0.0,-0.000748,-0.001421,-0.003316,-1e-06,-0.0,0.0,-0.005434,-0.005421,-0.001815,-0.005786,-1e-06,0.0,-0.0,-0.006134,0.0,-0.006225,-0.0027,0.0,-0.006075,-0.006703,-0.001173,0.0,-0.001035,-0.0,-0.0,-0.003638,0.0,-0.003548,-0.004681,0.0,-0.000198,-0.002305,0.0,-0.00678,-0.001538,0.0,-0.00235,0.0,-2e-06,-0.00172,-0.001432,-0.002836,-0.001631,0.0,-0.0,-0.003735,-0.003878,-0.005544,-0.0,0.0,-1e-06,-0.0,0.0,-0.000892,-0.003572,-0.006311,-0.003968,0.0,-5.4e-05,-0.006144,-0.000448,-0.003017,0.0,-0.000496,-0.001566,-0.0,-0.0,-0.004097,-0.005224,0.0,-1e-06,0.0,-0.001684,0.0,-0.003665,0.0,-0.002067,-0.00649,-1e-06,-1e-06,-0.004013,-0.0,-0.0,0.0,-1e-06,-0.004195,-0.005434,0.0,-0.003181,-0.001967,-0.006665,-0.006669,0.0,-0.005396,-0.0,-0.005058,-0.001465,0.0,-0.001436,-0.008104,-0.005279,-0.003845,-0.004596,-0.006764,-0.001587,-0.000845,-0.000751,-0.0,-0.000165,-0.002589,-0.003399,-0.005084
2017-05-29 15:37:00+02:00,0.0,0.0,-4e-06,-0.004459,-2e-06,-0.0,-0.000736,-0.001402,-0.003295,-1e-06,-0.0,0.0,-0.005436,-0.005419,-0.001823,-0.005741,-0.0,0.0,-0.0,-0.006118,0.0,-0.006209,-0.002666,0.0,-0.006044,-0.006653,-0.001156,0.0,-0.001023,-0.0,-0.0,-0.003627,0.0,-0.003544,-0.004679,0.0,-0.00022,-0.002276,0.0,-0.006762,-0.00152,0.0,-0.002353,0.0,-2e-06,-0.001702,-0.001416,-0.002825,-0.001632,0.0,-0.0,-0.003729,-0.003854,-0.005547,-0.0,0.0,-1e-06,-0.0,0.0,-0.000879,-0.003565,-0.006294,-0.003935,0.0,-6.6e-05,-0.006097,-0.000441,-0.003006,0.0,-0.000489,-0.001567,-0.0,-0.0,-0.004095,-0.005223,0.0,-1e-06,0.0,-0.00166,0.0,-0.003639,0.0,-0.002046,-0.006474,-0.0,-1e-06,-0.004011,-0.0,-0.0,0.0,-1e-06,-0.004169,-0.005436,0.0,-0.003162,-0.001977,-0.006619,-0.006622,0.0,-0.005375,-0.0,-0.005017,-0.001463,0.0,-0.001418,-0.008105,-0.005282,-0.003842,-0.004558,-0.006714,-0.001568,-0.000836,-0.000756,-0.0,-0.00016,-0.002589,-0.003368,-0.005086
2017-05-29 15:38:00+02:00,0.0,0.0,-1.2e-05,-0.004433,-2e-06,-0.0,-0.000728,-0.001388,-0.003281,-0.0,-0.0,0.0,-0.005437,-0.005424,-0.001834,-0.005708,-0.0,0.0,-0.0,-0.006119,0.0,-0.006211,-0.002642,0.0,-0.006026,-0.006616,-0.001142,0.0,-0.001017,-0.0,-0.0,-0.003622,0.0,-0.003545,-0.004684,0.0,-0.000244,-0.002255,0.0,-0.006753,-0.001507,0.0,-0.00237,0.0,-1e-06,-0.001692,-0.001404,-0.002824,-0.001637,0.0,-0.0,-0.003734,-0.003838,-0.005548,-0.0,0.0,-1e-06,-0.0,0.0,-0.000871,-0.003569,-0.006287,-0.003911,0.0,-9.1e-05,-0.006062,-0.000436,-0.003004,0.0,-0.000485,-0.001578,-0.0,-0.0,-0.004104,-0.005229,0.0,-1e-06,0.0,-0.001644,0.0,-0.003621,0.0,-0.002033,-0.006468,-0.0,-0.0,-0.003992,-0.0,-0.0,0.0,-1e-06,-0.00415,-0.005437,0.0,-0.00315,-0.001992,-0.006585,-0.006586,0.0,-0.005364,-0.0,-0.004988,-0.001469,0.0,-0.001405,-0.008087,-0.00528,-0.003845,-0.004531,-0.006676,-0.001555,-0.00083,-0.000769,-0.0,-0.000159,-0.002604,-0.003348,-0.005081
2017-05-29 15:39:00+02:00,0.0,0.0,-1e-05,-0.004394,-2e-06,-0.0,-0.000713,-0.001366,-0.003255,-0.0,-0.0,0.0,-0.005404,-0.00541,-0.001831,-0.00566,-0.0,0.0,-0.0,-0.006059,0.0,-0.006151,-0.002604,0.0,-0.005985,-0.006563,-0.001123,0.0,-0.001004,-0.0,-0.0,-0.003602,0.0,-0.003531,-0.004672,0.0,-0.00025,-0.002221,0.0,-0.00672,-0.001485,0.0,-0.002354,0.0,-1e-06,-0.001671,-0.001387,-0.002794,-0.001629,0.0,-0.0,-0.003703,-0.003812,-0.00552,-0.0,0.0,-1e-06,-0.0,0.0,-0.000851,-0.003537,-0.006255,-0.003875,0.0,-9.4e-05,-0.006012,-0.000425,-0.002972,0.0,-0.000473,-0.001568,-0.0,-0.0,-0.004072,-0.005216,0.0,-1e-06,0.0,-0.001615,0.0,-0.003593,0.0,-0.00201,-0.006437,-0.0,-0.0,-0.003951,-0.0,-0.0,0.0,-1e-06,-0.004121,-0.005404,0.0,-0.003129,-0.001985,-0.006535,-0.006536,0.0,-0.005331,-0.0,-0.004945,-0.001456,0.0,-0.001384,-0.008022,-0.005245,-0.003827,-0.004492,-0.006623,-0.001533,-0.000819,-0.000766,-0.0,-0.000144,-0.002586,-0.003315,-0.005044
2017-05-29 15:40:00+02:00,0.0,0.0,-8e-06,-0.004361,-1e-06,-0.0,-0.000696,-0.001342,-0.003224,-0.0,-0.0,0.0,-0.005394,-0.005388,-0.001821,-0.005617,-0.0,0.0,-0.0,-0.005995,0.0,-0.006085,-0.002561,0.0,-0.005935,-0.006514,-0.0011,0.0,-0.000995,-0.0,-0.0,-0.003575,0.0,-0.00351,-0.004653,0.0,-0.000252,-0.002182,0.0,-0.00668,-0.00146,0.0,-0.002337,0.0,-1e-06,-0.001657,-0.001374,-0.002763,-0.001616,0.0,-0.0,-0.003669,-0.003788,-0.005511,-0.0,0.0,-0.0,-0.0,0.0,-0.000827,-0.003503,-0.006215,-0.003845,0.0,-9.7e-05,-0.005967,-0.000412,-0.002939,0.0,-0.000459,-0.001556,-0.0,-0.0,-0.004036,-0.005196,0.0,-1e-06,0.0,-0.001581,0.0,-0.003567,0.0,-0.001994,-0.006398,-0.0,-0.0,-0.003934,-0.0,-0.0,0.0,-0.0,-0.004094,-0.005394,0.0,-0.003112,-0.001971,-0.006489,-0.006489,0.0,-0.005288,-0.0,-0.004907,-0.001443,0.0,-0.001359,-0.008003,-0.005232,-0.0038,-0.004458,-0.006574,-0.001507,-0.000812,-0.000761,-0.0,-0.000128,-0.002565,-0.003289,-0.00503
2017-05-29 15:41:00+02:00,0.0,0.0,-1.9e-05,-0.004337,-1e-06,-0.0,-0.000686,-0.001326,-0.003206,-0.0,-0.0,0.0,-0.005394,-0.005378,-0.001825,-0.005585,-0.0,0.0,-0.0,-0.005992,0.0,-0.006082,-0.002534,0.0,-0.00591,-0.006478,-0.001086,0.0,-0.000989,-0.0,-0.0,-0.003563,0.0,-0.003502,-0.004646,0.0,-0.000268,-0.002159,0.0,-0.006661,-0.001444,0.0,-0.002348,0.0,-1e-06,-0.001649,-0.001363,-0.002758,-0.001614,0.0,-0.0,-0.003668,-0.00377,-0.005511,-0.0,0.0,-0.0,-0.0,0.0,-0.000815,-0.003501,-0.006197,-0.003823,0.0,-0.000119,-0.005933,-0.000405,-0.002933,0.0,-0.000451,-0.001563,-0.0,-0.0,-0.004039,-0.005189,0.0,-0.0,0.0,-0.001562,0.0,-0.003547,0.0,-0.001983,-0.00638,-0.0,-0.0,-0.003931,-0.0,-0.0,0.0,-0.0,-0.004073,-0.005394,0.0,-0.003099,-0.001976,-0.006455,-0.006454,0.0,-0.005268,-0.0,-0.004879,-0.001445,0.0,-0.001344,-0.008005,-0.005232,-0.003793,-0.004433,-0.006537,-0.001491,-0.000808,-0.000771,-0.0,-0.00012,-0.002574,-0.00327,-0.005028
2017-05-29 15:42:00+02:00,0.0,0.0,-1.8e-05,-0.004314,-1e-06,-0.0,-0.00067,-0.001304,-0.003188,-0.0,-0.0,0.0,-0.005374,-0.005367,-0.001825,-0.005556,-0.0,0.0,-0.0,-0.005963,0.0,-0.006052,-0.002496,0.0,-0.005884,-0.006444,-0.001066,0.0,-0.000983,-0.0,-0.0,-0.00355,0.0,-0.003492,-0.004638,0.0,-0.000278,-0.002125,0.0,-0.006639,-0.001422,0.0,-0.002342,0.0,-1e-06,-0.001641,-0.001353,-0.002741,-0.00161,0.0,-0.0,-0.003652,-0.003754,-0.005494,-0.0,0.0,-0.0,-0.0,0.0,-0.000793,-0.003484,-0.006176,-0.003803,0.0,-0.000127,-0.005902,-0.000394,-0.002915,0.0,-0.000438,-0.001558,-0.0,-0.0,-0.004024,-0.005179,0.0,-0.0,0.0,-0.001531,0.0,-0.003529,0.0,-0.001974,-0.006359,-0.0,-0.0,-0.003903,-0.0,-0.0,0.0,-0.0,-0.004054,-0.005374,0.0,-0.003087,-0.001977,-0.006425,-0.006423,0.0,-0.005247,-0.0,-0.004853,-0.001439,0.0,-0.001322,-0.007975,-0.00521,-0.003783,-0.004411,-0.006504,-0.001468,-0.000803,-0.000771,-0.0,-0.000104,-0.002567,-0.003253,-0.005005
2017-05-29 15:43:00+02:00,0.0,0.0,-2.5e-05,-0.004294,-1e-06,-0.0,-0.000666,-0.001296,-0.003171,-0.0,-0.0,0.0,-0.005375,-0.005355,-0.001826,-0.005528,-0.0,0.0,-0.0,-0.005958,0.0,-0.006047,-0.002484,0.0,-0.005859,-0.006411,-0.001059,0.0,-0.000979,-0.0,-0.0,-0.003537,0.0,-0.003484,-0.00463,0.0,-0.00029,-0.002116,0.0,-0.006617,-0.001416,0.0,-0.002347,0.0,-0.0,-0.001635,-0.001344,-0.002735,-0.001607,0.0,-0.0,-0.003651,-0.003739,-0.005496,-0.0,0.0,-0.0,-0.0,0.0,-0.000791,-0.003482,-0.006155,-0.003785,0.0,-0.00014,-0.005872,-0.000392,-0.002908,0.0,-0.000437,-0.001561,-0.0,-0.0,-0.004026,-0.005169,0.0,-0.0,0.0,-0.001525,0.0,-0.003512,0.0,-0.001965,-0.006339,-0.0,-0.0,-0.003894,-0.0,-0.0,0.0,-0.0,-0.004035,-0.005375,0.0,-0.003077,-0.001979,-0.006396,-0.006393,0.0,-0.005227,-0.0,-0.004829,-0.001438,0.0,-0.001316,-0.007973,-0.00521,-0.003775,-0.00439,-0.006471,-0.001462,-0.0008,-0.000776,-0.0,-0.000106,-0.00257,-0.003238,-0.005005
2017-05-29 15:44:00+02:00,0.0,0.0,-8.3e-05,-0.004354,-0.0,-0.0,-0.000684,-0.001313,-0.003218,-0.0,-0.0,0.0,-0.005378,-0.005387,-0.001875,-0.005579,-0.0,0.0,-0.0,-0.005988,0.0,-0.006077,-0.002521,0.0,-0.00595,-0.006459,-0.001075,0.0,-0.001015,-0.0,-0.0,-0.003588,0.0,-0.003535,-0.004675,0.0,-0.000358,-0.002153,0.0,-0.006671,-0.001439,0.0,-0.002399,0.0,-0.0,-0.001701,-0.001372,-0.00275,-0.001642,0.0,-0.0,-0.003674,-0.003776,-0.0055,-0.0,0.0,-0.0,-0.0,0.0,-0.000834,-0.003502,-0.006213,-0.003846,0.0,-0.000205,-0.005921,-0.000412,-0.002922,0.0,-0.000463,-0.001592,-0.0,-0.0,-0.004052,-0.005212,0.0,-0.0,0.0,-0.001563,0.0,-0.003544,0.0,-0.002034,-0.006398,-0.0,-0.0,-0.003894,-0.0,-0.0,0.0,-0.0,-0.004069,-0.005378,0.0,-0.003121,-0.002044,-0.006445,-0.006441,0.0,-0.005298,-0.0,-0.004885,-0.001462,0.0,-0.001337,-0.007976,-0.005213,-0.003838,-0.004446,-0.006518,-0.001485,-0.000837,-0.000809,-0.0,-0.000151,-0.002619,-0.003299,-0.005007
2017-05-29 15:45:00+02:00,0.0,0.0,-0.000106,-0.0044,-0.0,-0.0,-0.000695,-0.001324,-0.003257,-0.0,-0.0,0.0,-0.005382,-0.005414,-0.001906,-0.005618,-0.0,0.0,-0.0,-0.005977,0.0,-0.006065,-0.002546,0.0,-0.006024,-0.006495,-0.001085,0.0,-0.001043,-0.0,-0.0,-0.003628,0.0,-0.003573,-0.004708,0.0,-0.000401,-0.002177,0.0,-0.006708,-0.001454,0.0,-0.002415,0.0,-0.0,-0.001752,-0.001393,-0.002744,-0.001664,0.0,-0.0,-0.003671,-0.003806,-0.005504,-0.0,0.0,-0.0,-0.0,0.0,-0.000862,-0.003498,-0.006252,-0.003893,0.0,-0.000232,-0.00596,-0.000425,-0.002914,0.0,-0.00048,-0.001601,-0.0,-0.0,-0.00405,-0.005244,0.0,-0.0,0.0,-0.001589,0.0,-0.003569,0.0,-0.002086,-0.00644,-0.0,-0.0,-0.003889,-0.0,-0.0,0.0,-0.0,-0.004095,-0.005382,0.0,-0.003156,-0.002086,-0.006483,-0.006478,0.0,-0.005352,-0.0,-0.004927,-0.001466,0.0,-0.001351,-0.007979,-0.005215,-0.00388,-0.004488,-0.006554,-0.0015,-0.000864,-0.00082,-0.0,-0.000181,-0.002632,-0.003345,-0.005009
2017-05-29 15:46:00+02:00,0.0,0.0,-0.000128,-0.00447,-4e-05,-0.0,-0.000739,-0.00137,-0.003246,-0.0,-0.0,0.0,-0.005374,-0.005426,-0.001908,-0.005681,-0.0,0.0,-0.0,-0.005969,0.0,-0.006058,-0.00264,0.0,-0.006004,-0.006553,-0.001128,0.0,-0.001085,-0.0,-0.0,-0.003608,0.0,-0.003562,-0.004712,0.0,-0.000412,-0.002269,0.0,-0.006706,-0.001513,0.0,-0.00243,0.0,-2e-06,-0.001827,-0.001425,-0.002739,-0.001661,0.0,-0.0,-0.00367,-0.003851,-0.005502,-0.0,0.0,-0.0,-0.0,0.0,-0.000943,-0.003496,-0.006246,-0.003963,0.0,-0.000258,-0.00602,-0.000464,-0.002908,0.0,-0.000529,-0.00161,-0.0,-0.0,-0.00405,-0.005253,0.0,-0.0,0.0,-0.001683,0.0,-0.003608,0.0,-0.002163,-0.006434,-0.0,-0.0,-0.00386,-0.0,-0.0,0.0,-0.0,-0.004136,-0.005374,0.0,-0.003207,-0.002088,-0.006544,-0.006537,0.0,-0.005325,-0.0,-0.004993,-0.001471,0.0,-0.001406,-0.007952,-0.005202,-0.003874,-0.004554,-0.006612,-0.001558,-0.000906,-0.000832,-0.0,-0.000259,-0.002646,-0.003416,-0.00499
2017-05-29 15:47:00+02:00,0.0,0.0,-0.000148,-0.004487,-5.5e-05,-0.0,-0.00076,-0.001389,-0.003227,-0.0,-0.0,0.0,-0.005258,-0.005387,-0.001905,-0.005686,-0.0,0.0,-0.0,-0.005964,0.0,-0.006051,-0.002682,0.0,-0.005969,-0.006551,-0.001146,0.0,-0.001104,-0.0,-0.0,-0.00358,0.0,-0.003542,-0.004697,0.0,-0.000422,-0.002313,0.0,-0.006676,-0.001539,0.0,-0.002439,0.0,-1e-06,-0.001865,-0.001436,-0.002731,-0.001653,0.0,-0.0,-0.003667,-0.003857,-0.005387,-0.0,0.0,-0.0,-0.0,0.0,-0.000987,-0.003491,-0.006214,-0.003984,0.0,-0.00028,-0.006023,-0.000484,-0.0029,0.0,-0.000555,-0.001614,-0.0,-0.0,-0.00405,-0.005238,0.0,-0.0,0.0,-0.001731,0.0,-0.00361,0.0,-0.0022,-0.006402,-0.0,-0.0,-0.003757,-0.0,-0.0,0.0,-0.0,-0.004136,-0.005258,0.0,-0.003222,-0.002085,-0.006544,-0.006537,0.0,-0.005287,-0.0,-0.005004,-0.001471,0.0,-0.001431,-0.007776,-0.005085,-0.003858,-0.004569,-0.006609,-0.001584,-0.000926,-0.000841,-0.0,-0.000304,-0.002653,-0.00344,-0.004874
2017-05-29 15:48:00+02:00,0.0,0.0,-0.000127,-0.004458,-4.4e-05,-0.0,-0.00076,-0.001384,-0.003177,-0.0,-0.0,0.0,-0.005275,-0.00534,-0.001866,-0.005644,-0.0,0.0,-0.0,-0.005886,0.0,-0.005972,-0.002676,0.0,-0.005879,-0.006501,-0.001142,0.0,-0.001099,-0.0,-0.0,-0.00352,0.0,-0.003487,-0.004646,0.0,-0.000384,-0.002311,0.0,-0.00659,-0.001538,0.0,-0.002398,0.0,-1e-06,-0.001858,-0.001425,-0.00269,-0.001617,0.0,-0.0,-0.003622,-0.003833,-0.005405,-0.0,0.0,-0.0,-0.0,0.0,-0.000987,-0.003447,-0.006129,-0.003958,0.0,-0.00026,-0.005977,-0.000483,-0.002858,0.0,-0.000555,-0.001588,-0.0,-0.0,-0.004004,-0.005187,0.0,-0.0,0.0,-0.001734,0.0,-0.003584,0.0,-0.002192,-0.006315,-0.0,-0.0,-0.003758,-0.0,-0.0,0.0,-0.0,-0.004108,-0.005275,0.0,-0.003206,-0.00203,-0.006496,-0.006488,0.0,-0.005196,-0.0,-0.004968,-0.001446,0.0,-0.001429,-0.007797,-0.005102,-0.003788,-0.004538,-0.006558,-0.001581,-0.000923,-0.000822,-0.0,-0.000307,-0.00261,-0.003419,-0.004873
2017-05-29 15:49:00+02:00,0.0,0.0,-0.000159,-0.004495,-6.9e-05,-0.0,-0.000779,-0.001402,-0.003185,-0.0,-0.0,0.0,-0.00529,-0.005367,-0.001886,-0.005673,-0.0,0.0,-0.0,-0.005903,0.0,-0.005989,-0.002715,0.0,-0.005896,-0.006526,-0.001158,0.0,-0.001123,-0.0,-0.0,-0.003527,0.0,-0.003501,-0.004666,0.0,-0.000414,-0.002348,0.0,-0.006609,-0.001561,0.0,-0.002425,0.0,-1e-06,-0.001902,-0.001442,-0.002694,-0.001629,0.0,-0.0,-0.003634,-0.003857,-0.00542,-0.0,0.0,-0.0,-0.0,0.0,-0.00103,-0.003458,-0.006147,-0.003996,0.0,-0.000294,-0.006005,-0.000503,-0.002862,0.0,-0.000581,-0.001604,-0.0,-0.0,-0.004021,-0.005209,0.0,-0.0,0.0,-0.001777,0.0,-0.003603,0.0,-0.002237,-0.006335,-0.0,-0.0,-0.003767,-0.0,-0.0,0.0,-0.0,-0.004128,-0.00529,0.0,-0.003235,-0.002056,-0.006524,-0.006515,0.0,-0.005206,-0.0,-0.005001,-0.001457,0.0,-0.001451,-0.007813,-0.005116,-0.003809,-0.004571,-0.006583,-0.001605,-0.000947,-0.000839,-0.0,-0.000352,-0.002635,-0.003458,-0.004889
2017-05-29 15:50:00+02:00,0.0,0.0,-0.000164,-0.004524,-9.6e-05,-0.0,-0.0008,-0.001423,-0.003161,-0.0,-0.0,0.0,-0.005301,-0.00536,-0.001879,-0.005696,-0.0,0.0,-0.0,-0.005852,0.0,-0.005936,-0.00276,0.0,-0.005858,-0.006547,-0.001178,0.0,-0.001142,-0.0,-0.0,-0.003503,0.0,-0.003483,-0.004655,0.0,-0.000412,-0.002394,0.0,-0.006583,-0.00159,0.0,-0.002413,0.0,-5e-06,-0.001937,-0.001454,-0.002668,-0.001618,0.0,-0.0,-0.003605,-0.003876,-0.005432,-0.0,0.0,-0.0,-0.0,0.0,-0.001073,-0.003428,-0.00612,-0.004026,0.0,-0.0003,-0.006027,-0.000523,-0.002833,0.0,-0.000607,-0.001596,-0.0,-0.0,-0.003991,-0.005199,0.0,-0.0,0.0,-0.001824,0.0,-0.003618,0.0,-0.002272,-0.006309,-0.0,-0.0,-0.003771,-0.0,-0.0,0.0,-0.0,-0.004144,-0.005301,0.0,-0.003258,-0.002044,-0.006547,-0.006536,0.0,-0.00517,-0.0,-0.005027,-0.001447,0.0,-0.001477,-0.007825,-0.005125,-0.003789,-0.004598,-0.006603,-0.001634,-0.000966,-0.000837,-0.0,-0.000395,-0.002621,-0.003488,-0.0049
2017-05-29 15:51:00+02:00,0.0,0.0,-0.000168,-0.004541,-0.000115,-0.0,-0.000814,-0.001436,-0.003148,-0.0,-0.0,0.0,-0.005306,-0.005362,-0.001881,-0.005707,-0.0,0.0,-0.0,-0.005822,0.0,-0.005905,-0.002791,0.0,-0.005839,-0.006555,-0.00119,0.0,-0.001154,-0.0,-0.0,-0.00349,0.0,-0.003476,-0.004654,0.0,-0.00042,-0.002425,0.0,-0.006573,-0.001609,0.0,-0.002405,0.0,-5e-06,-0.001961,-0.001461,-0.00265,-0.001616,0.0,-0.0,-0.003586,-0.003886,-0.005438,-0.0,0.0,-0.0,-0.0,0.0,-0.001103,-0.003409,-0.00611,-0.004044,0.0,-0.000305,-0.006037,-0.000537,-0.002813,0.0,-0.000625,-0.001591,-0.0,-0.0,-0.003974,-0.005199,0.0,-0.0,0.0,-0.001856,0.0,-0.003624,0.0,-0.002296,-0.006299,-0.0,-0.0,-0.003765,-0.0,-0.0,0.0,-0.0,-0.004151,-0.005306,0.0,-0.003274,-0.002047,-0.006558,-0.006546,0.0,-0.005153,-0.0,-0.005041,-0.001439,0.0,-0.001495,-0.00783,-0.005129,-0.003785,-0.004614,-0.006611,-0.001652,-0.000979,-0.000835,-0.0,-0.000426,-0.002612,-0.003507,-0.004905
2017-05-29 15:52:00+02:00,0.0,0.0,-0.000169,-0.004538,-0.000115,-0.0,-0.000817,-0.001437,-0.003133,-0.0,-0.0,0.0,-0.00531,-0.005359,-0.001881,-0.005699,-0.0,0.0,-0.0,-0.005809,0.0,-0.005891,-0.002797,0.0,-0.005818,-0.006543,-0.001191,0.0,-0.001156,-0.0,-0.0,-0.003477,0.0,-0.003469,-0.00465,0.0,-0.000423,-0.002433,0.0,-0.006559,-0.001613,0.0,-0.0024,0.0,-4e-06,-0.001967,-0.001459,-0.002639,-0.001612,0.0,-0.0,-0.003579,-0.003883,-0.005444,-0.0,0.0,-0.0,-0.0,0.0,-0.001111,-0.0034,-0.006095,-0.004043,0.0,-0.000306,-0.006027,-0.00054,-0.002802,0.0,-0.00063,-0.001587,-0.0,-0.0,-0.003969,-0.005195,0.0,-0.0,0.0,-0.001866,0.0,-0.003619,0.0,-0.002301,-0.006285,-0.0,-0.0,-0.003757,-0.0,-0.0,0.0,-0.0,-0.004145,-0.00531,0.0,-0.003275,-0.002044,-0.006549,-0.006536,0.0,-0.005135,-0.0,-0.005035,-0.001434,0.0,-0.001498,-0.007833,-0.005132,-0.003778,-0.00461,-0.006599,-0.001656,-0.000982,-0.000833,-0.0,-0.000437,-0.002606,-0.003507,-0.004909
2017-05-29 15:53:00+02:00,0.0,0.0,-0.000166,-0.004526,-0.000106,-0.0,-0.000812,-0.001429,-0.003116,-0.0,-0.0,0.0,-0.005301,-0.005351,-0.001876,-0.00568,-0.0,0.0,-0.0,-0.005794,0.0,-0.005876,-0.002786,0.0,-0.005793,-0.006521,-0.001184,0.0,-0.001153,-0.0,-0.0,-0.003461,0.0,-0.003457,-0.004641,0.0,-0.00042,-0.002425,0.0,-0.006538,-0.001607,0.0,-0.002391,0.0,-3e-06,-0.001965,-0.001453,-0.002627,-0.001604,0.0,-0.0,-0.00357,-0.003873,-0.005442,-0.0,0.0,-0.0,-0.0,0.0,-0.001105,-0.003391,-0.006074,-0.004032,0.0,-0.000303,-0.006008,-0.000536,-0.00279,0.0,-0.000626,-0.001581,-0.0,-0.0,-0.003963,-0.005187,0.0,-0.0,0.0,-0.00186,0.0,-0.003606,0.0,-0.002298,-0.006264,-0.0,-0.0,-0.003724,-0.0,-0.0,0.0,-0.0,-0.004133,-0.005301,0.0,-0.00327,-0.002036,-0.00653,-0.006517,0.0,-0.005111,-0.0,-0.00502,-0.001427,0.0,-0.001492,-0.007801,-0.005116,-0.003765,-0.004599,-0.006578,-0.00165,-0.00098,-0.000829,-0.0,-0.000435,-0.002597,-0.003499,-0.004893
2017-05-29 15:54:00+02:00,0.0,0.0,-0.000148,-0.004495,-8.5e-05,-0.0,-0.0008,-0.001412,-0.003101,-0.0,-0.0,0.0,-0.005286,-0.005342,-0.001872,-0.005642,-0.0,0.0,-0.0,-0.005756,0.0,-0.005836,-0.002756,0.0,-0.005771,-0.006479,-0.001169,0.0,-0.001142,-0.0,-0.0,-0.003448,0.0,-0.003448,-0.004633,0.0,-0.000419,-0.002399,0.0,-0.006518,-0.001589,0.0,-0.002363,0.0,-3e-06,-0.001948,-0.001438,-0.002603,-0.001597,0.0,-0.0,-0.003546,-0.00385,-0.005429,-0.0,0.0,-0.0,-0.0,0.0,-0.001086,-0.003366,-0.006054,-0.004003,0.0,-0.000285,-0.005968,-0.000525,-0.002765,0.0,-0.000614,-0.001563,-0.0,-0.0,-0.00394,-0.005178,0.0,-0.0,0.0,-0.001838,0.0,-0.003582,0.0,-0.002279,-0.006243,-0.0,-0.0,-0.003702,-0.0,-0.0,0.0,-0.0,-0.004107,-0.005286,0.0,-0.003252,-0.002029,-0.006491,-0.006478,0.0,-0.005092,-0.0,-0.004985,-0.001409,0.0,-0.001475,-0.007775,-0.005101,-0.003754,-0.004568,-0.006536,-0.001632,-0.00097,-0.000815,-0.0,-0.00042,-0.002569,-0.003474,-0.004875
2017-05-29 15:55:00+02:00,0.0,0.0,-0.000132,-0.004478,-7.6e-05,-0.0,-0.000791,-0.001397,-0.003104,-0.0,-0.0,0.0,-0.005271,-0.005354,-0.001891,-0.005617,-0.0,0.0,-0.0,-0.005672,0.0,-0.005749,-0.002733,0.0,-0.005784,-0.006449,-0.001156,0.0,-0.00114,-0.0,-0.0,-0.003457,0.0,-0.003464,-0.004648,0.0,-0.000444,-0.002379,0.0,-0.006527,-0.001575,0.0,-0.002323,0.0,-2e-06,-0.001945,-0.001431,-0.002558,-0.001607,0.0,-0.0,-0.003493,-0.003837,-0.005415,-0.0,0.0,-0.0,-0.0,0.0,-0.001074,-0.003314,-0.006064,-0.003989,0.0,-0.000268,-0.005941,-0.000518,-0.002718,0.0,-0.000607,-0.001538,-0.0,-0.0,-0.003886,-0.005191,0.0,-0.0,0.0,-0.001822,0.0,-0.003566,0.0,-0.002275,-0.006255,-0.0,-0.0,-0.003669,-0.0,-0.0,0.0,-0.0,-0.004091,-0.005271,0.0,-0.003245,-0.002052,-0.006465,-0.00645,0.0,-0.005105,-0.0,-0.004964,-0.001384,0.0,-0.001462,-0.007727,-0.005082,-0.003774,-0.004551,-0.006507,-0.001618,-0.000968,-0.000797,-0.0,-0.000414,-0.002526,-0.003462,-0.004854
2017-05-29 15:56:00+02:00,0.0,0.0,-0.000123,-0.004462,-6.6e-05,-0.0,-0.00078,-0.001381,-0.0031,-0.0,-0.0,0.0,-0.005244,-0.005354,-0.001905,-0.005593,-0.0,0.0,-0.0,-0.005598,0.0,-0.005673,-0.002706,0.0,-0.005783,-0.006419,-0.001141,0.0,-0.001139,-0.0,-0.0,-0.003459,0.0,-0.003471,-0.004652,0.0,-0.000468,-0.002356,0.0,-0.006521,-0.001559,0.0,-0.002291,0.0,-2e-06,-0.001946,-0.001424,-0.002519,-0.001613,0.0,-0.0,-0.003449,-0.003825,-0.00539,-0.0,0.0,-0.0,-0.0,0.0,-0.001061,-0.00327,-0.006061,-0.003976,0.0,-0.000258,-0.005914,-0.00051,-0.002676,0.0,-0.000599,-0.001517,-0.0,-0.0,-0.003841,-0.005193,0.0,-0.0,0.0,-0.001803,0.0,-0.003552,0.0,-0.002275,-0.006251,-0.0,-0.0,-0.003634,-0.0,-0.0,0.0,-0.0,-0.004075,-0.005244,0.0,-0.003239,-0.002069,-0.006439,-0.006423,0.0,-0.005106,-0.0,-0.004944,-0.001363,0.0,-0.001446,-0.007675,-0.005053,-0.003784,-0.004535,-0.006478,-0.001602,-0.000969,-0.000784,-0.0,-0.000406,-0.002492,-0.003453,-0.004824
2017-05-29 15:57:00+02:00,0.0,0.0,-0.000109,-0.004426,-5.3e-05,-0.0,-0.000765,-0.00136,-0.003067,-0.0,-0.0,0.0,-0.005216,-0.005308,-0.00189,-0.005546,-0.0,0.0,-0.0,-0.005522,0.0,-0.005595,-0.002668,0.0,-0.005727,-0.006367,-0.001122,0.0,-0.001128,-0.0,-0.0,-0.003427,0.0,-0.003443,-0.00461,0.0,-0.000461,-0.002323,0.0,-0.00645,-0.001538,0.0,-0.002253,0.0,-1e-06,-0.00193,-0.001408,-0.002479,-0.001595,0.0,-0.0,-0.003403,-0.003798,-0.005364,-0.0,0.0,-0.0,-0.0,0.0,-0.001039,-0.003224,-0.005995,-0.003943,0.0,-0.000242,-0.005865,-0.000499,-0.002633,0.0,-0.000586,-0.001493,-0.0,-0.0,-0.003794,-0.005148,0.0,-0.0,0.0,-0.001775,0.0,-0.003523,0.0,-0.002256,-0.006184,-0.0,-0.0,-0.003598,-0.0,-0.0,0.0,-0.0,-0.004045,-0.005216,0.0,-0.003219,-0.002047,-0.006389,-0.006373,0.0,-0.005055,-0.0,-0.004903,-0.001339,0.0,-0.001425,-0.007623,-0.005023,-0.003747,-0.004498,-0.006426,-0.00158,-0.00096,-0.000767,-0.0,-0.00039,-0.002452,-0.003424,-0.004792
2017-05-29 15:58:00+02:00,0.0,0.0,-0.000118,-0.004391,-5.1e-05,-0.0,-0.000757,-0.001347,-0.003033,-0.0,-0.0,0.0,-0.005216,-0.005261,-0.001874,-0.005502,-0.0,0.0,-0.0,-0.005491,0.0,-0.005564,-0.002647,0.0,-0.005669,-0.006316,-0.00111,0.0,-0.001119,-0.0,-0.0,-0.003394,0.0,-0.003413,-0.004569,0.0,-0.000454,-0.002306,0.0,-0.006378,-0.001527,0.0,-0.002245,0.0,-1e-06,-0.001916,-0.001394,-0.002461,-0.001577,0.0,-0.0,-0.003388,-0.003773,-0.005365,-0.0,0.0,-0.0,-0.0,0.0,-0.001032,-0.003209,-0.005929,-0.003912,0.0,-0.00025,-0.005818,-0.000494,-0.002615,0.0,-0.000582,-0.001488,-0.0,-0.0,-0.00378,-0.005104,0.0,-0.0,0.0,-0.001762,0.0,-0.003497,0.0,-0.002239,-0.006117,-0.0,-0.0,-0.00358,-0.0,-0.0,0.0,-0.0,-0.004017,-0.005216,0.0,-0.003201,-0.002024,-0.006342,-0.006325,0.0,-0.005002,-0.0,-0.004864,-0.001331,0.0,-0.001414,-0.007605,-0.005023,-0.003709,-0.004464,-0.006375,-0.001569,-0.000952,-0.000766,-0.0,-0.000389,-0.002442,-0.003397,-0.004779
2017-05-29 15:59:00+02:00,0.0,0.0,-0.000116,-0.004344,-4.7e-05,-0.0,-0.00075,-0.001334,-0.003005,-0.0,-0.0,0.0,-0.005217,-0.005226,-0.001861,-0.005447,-0.0,0.0,-0.0,-0.005448,0.0,-0.005519,-0.002627,0.0,-0.005622,-0.006256,-0.001099,0.0,-0.001104,-0.0,-0.0,-0.003368,0.0,-0.003391,-0.004538,0.0,-0.000447,-0.002289,0.0,-0.006319,-0.001516,0.0,-0.002227,0.0,-1e-06,-0.00189,-0.001374,-0.002438,-0.001561,0.0,-0.0,-0.003365,-0.003742,-0.005367,-0.0,0.0,-0.0,-0.0,0.0,-0.001023,-0.003185,-0.005875,-0.003869,0.0,-0.000248,-0.005761,-0.000488,-0.00259,0.0,-0.000577,-0.001477,-0.0,-0.0,-0.003758,-0.005071,0.0,-0.0,0.0,-0.001748,0.0,-0.003464,0.0,-0.00221,-0.006062,-0.0,-0.0,-0.003566,-0.0,-0.0,0.0,-0.0,-0.003983,-0.005217,0.0,-0.003175,-0.002005,-0.006284,-0.006267,0.0,-0.004959,-0.0,-0.004813,-0.001318,0.0,-0.001403,-0.007593,-0.005024,-0.003677,-0.004416,-0.006315,-0.001558,-0.000939,-0.000759,-0.0,-0.000386,-0.002422,-0.003358,-0.004768
2017-05-29 16:00:00+02:00,0.0,0.0,-9.3e-05,-0.00425,-3.8e-05,-0.0,-0.000732,-0.001312,-0.002979,-0.0,-0.0,0.0,-0.005218,-0.005197,-0.001845,-0.005348,-0.0,0.0,-0.0,-0.005365,0.0,-0.005435,-0.002588,0.0,-0.00558,-0.006153,-0.001078,0.0,-0.001067,-0.0,-0.0,-0.003344,0.0,-0.003369,-0.004513,0.0,-0.00043,-0.002252,0.0,-0.006269,-0.001493,0.0,-0.002176,0.0,-1e-06,-0.001827,-0.001335,-0.002394,-0.001544,0.0,-0.0,-0.003315,-0.00368,-0.005369,-0.0,0.0,-0.0,-0.0,0.0,-0.000994,-0.003136,-0.005827,-0.003781,0.0,-0.000214,-0.00566,-0.000473,-0.002544,0.0,-0.00056,-0.001445,-0.0,-0.0,-0.003707,-0.005044,0.0,-0.0,0.0,-0.001715,0.0,-0.003404,0.0,-0.002143,-0.006015,-0.0,-0.0,-0.003553,-0.0,-0.0,0.0,-0.0,-0.00392,-0.005218,0.0,-0.003115,-0.001979,-0.006185,-0.006167,0.0,-0.004918,-0.0,-0.004717,-0.001289,0.0,-0.001381,-0.007581,-0.005023,-0.003644,-0.004325,-0.006213,-0.001535,-0.000904,-0.000734,-0.0,-0.000361,-0.00237,-0.003277,-0.004758
2017-05-29 16:01:00+02:00,0.0,0.0,-7.4e-05,-0.004174,-5.7e-05,-0.0,-0.000741,-0.00132,-0.002951,-0.0,-0.0,0.0,-0.005218,-0.005174,-0.001834,-0.005268,-0.0,0.0,-0.0,-0.005295,0.0,-0.005363,-0.002607,0.0,-0.005535,-0.006069,-0.001085,0.0,-0.001038,-0.0,-0.0,-0.00332,0.0,-0.00335,-0.004494,0.0,-0.000419,-0.002272,0.0,-0.00623,-0.001505,0.0,-0.002135,0.0,-1e-06,-0.001777,-0.001303,-0.002356,-0.00153,0.0,-0.0,-0.003272,-0.00363,-0.00537,-0.0,0.0,-0.0,-0.0,0.0,-0.001015,-0.003094,-0.005789,-0.00371,0.0,-0.00019,-0.005579,-0.000482,-0.002504,0.0,-0.000573,-0.00142,-0.0,-0.0,-0.003664,-0.005023,0.0,-0.0,0.0,-0.001738,0.0,-0.003355,0.0,-0.002089,-0.005977,-0.0,-0.0,-0.003539,-0.0,-0.0,0.0,-0.0,-0.00387,-0.005218,0.0,-0.003068,-0.001961,-0.006104,-0.006086,0.0,-0.00488,-0.0,-0.00464,-0.001264,0.0,-0.001392,-0.007572,-0.005016,-0.003618,-0.004252,-0.00613,-0.001547,-0.000877,-0.000715,-0.0,-0.000384,-0.002327,-0.003212,-0.004749
2017-05-29 16:02:00+02:00,0.0,0.0,-5.9e-05,-0.0041,-7.5e-05,-0.0,-0.000747,-0.001324,-0.0029,-0.0,-0.0,0.0,-0.005198,-0.005126,-0.001802,-0.005186,-0.0,0.0,-0.0,-0.005239,0.0,-0.005306,-0.002621,0.0,-0.005448,-0.00598,-0.001089,0.0,-0.001009,-0.0,-0.0,-0.00327,0.0,-0.003304,-0.00445,0.0,-0.00039,-0.002288,0.0,-0.006159,-0.001515,0.0,-0.002106,0.0,-0.0,-0.001728,-0.001272,-0.002326,-0.001501,0.0,-0.0,-0.003239,-0.003578,-0.005356,-0.0,0.0,-0.0,-0.0,0.0,-0.001032,-0.003061,-0.005718,-0.00364,0.0,-0.000175,-0.005494,-0.000489,-0.002473,0.0,-0.000583,-0.001401,-0.0,-0.0,-0.00363,-0.004977,0.0,-0.0,0.0,-0.001756,0.0,-0.003304,0.0,-0.002035,-0.005905,-0.0,-0.0,-0.003512,-0.0,-0.0,0.0,-0.0,-0.003815,-0.005198,0.0,-0.00302,-0.001917,-0.006019,-0.006,0.0,-0.004804,-0.0,-0.004562,-0.001246,0.0,-0.0014,-0.007546,-0.004996,-0.003562,-0.004179,-0.006042,-0.001557,-0.00085,-0.000701,-0.0,-0.000403,-0.002296,-0.003148,-0.004714
2017-05-29 16:03:00+02:00,0.0,0.0,-6.2e-05,-0.004051,-0.000101,-0.0,-0.000757,-0.001333,-0.002871,-0.0,-0.0,0.0,-0.005192,-0.005098,-0.001789,-0.00513,-0.0,0.0,-0.0,-0.005219,0.0,-0.005284,-0.002644,0.0,-0.0054,-0.005917,-0.001097,0.0,-0.000994,-0.0,-0.0,-0.003241,0.0,-0.003279,-0.004426,0.0,-0.000382,-0.002312,0.0,-0.006118,-0.001529,0.0,-0.002101,0.0,-8e-06,-0.001703,-0.001253,-0.002313,-0.001486,0.0,-0.0,-0.003228,-0.003542,-0.005352,-0.0,0.0,-0.0,-0.0,0.0,-0.001057,-0.003049,-0.005677,-0.003597,0.0,-0.00018,-0.005436,-0.000499,-0.002459,0.0,-0.000598,-0.001397,-0.0,-0.0,-0.00362,-0.004951,0.0,-0.0,0.0,-0.001782,0.0,-0.003268,0.0,-0.002007,-0.005863,-0.0,-0.0,-0.003495,-0.0,-0.0,0.0,-0.0,-0.003776,-0.005192,0.0,-0.00299,-0.001899,-0.005959,-0.00594,0.0,-0.004761,-0.0,-0.004511,-0.00124,0.0,-0.001413,-0.007544,-0.004989,-0.003534,-0.004132,-0.00598,-0.001571,-0.000836,-0.0007,-0.0,-0.00043,-0.002291,-0.00311,-0.004694
2017-05-29 16:04:00+02:00,0.0,0.0,-7.4e-05,-0.00399,-0.000124,-0.0,-0.000757,-0.001326,-0.002826,-0.0,-0.0,0.0,-0.004904,-0.005025,-0.001768,-0.005055,-0.0,0.0,-0.0,-0.005172,0.0,-0.005233,-0.002636,0.0,-0.005323,-0.005828,-0.001091,0.0,-0.00098,-0.0,-0.0,-0.003193,0.0,-0.003234,-0.004369,0.0,-0.000383,-0.002311,0.0,-0.006037,-0.001524,0.0,-0.002088,0.0,-1.7e-05,-0.001685,-0.001232,-0.002286,-0.001464,0.0,-0.0,-0.003196,-0.003489,-0.005062,-0.0,0.0,-0.0,-0.0,0.0,-0.001069,-0.003018,-0.005599,-0.003544,0.0,-0.000192,-0.005356,-0.000503,-0.002429,0.0,-0.000604,-0.001387,-0.0,-0.0,-0.003587,-0.004884,0.0,-0.0,0.0,-0.001788,0.0,-0.003216,0.0,-0.001984,-0.005779,-0.0,-0.0,-0.003297,-0.0,-0.0,0.0,-1e-06,-0.003716,-0.004904,0.0,-0.002949,-0.001876,-0.005874,-0.005856,0.0,-0.004696,-0.0,-0.004444,-0.001228,0.0,-0.001409,-0.007161,-0.004706,-0.00349,-0.004075,-0.005892,-0.001565,-0.000826,-0.000698,-0.0,-0.000451,-0.002276,-0.003068,-0.004472
2017-05-29 16:05:00+02:00,0.0,0.0,-5.9e-05,-0.003896,-0.000102,-0.0,-0.000732,-0.001286,-0.002728,-0.0,-0.0,0.0,-0.004837,-0.004868,-0.001692,-0.00494,-0.0,0.0,-0.0,-0.005047,0.0,-0.005103,-0.002564,0.0,-0.005144,-0.005695,-0.001058,0.0,-0.000952,-0.0,-0.0,-0.003082,0.0,-0.003123,-0.004232,0.0,-0.00033,-0.002249,0.0,-0.005848,-0.001481,0.0,-0.002017,0.0,-1.4e-05,-0.00164,-0.001198,-0.002221,-0.0014,0.0,-0.0,-0.003113,-0.003407,-0.004989,-0.0,0.0,-0.0,-0.0,0.0,-0.001031,-0.002938,-0.005417,-0.00346,0.0,-0.000161,-0.005234,-0.000483,-0.002362,0.0,-0.000581,-0.00134,-0.0,-0.0,-0.003498,-0.004732,0.0,-0.0,0.0,-0.001737,0.0,-0.003138,0.0,-0.001931,-0.005589,-0.0,-0.0,-0.003216,-0.0,-0.0,0.0,-1e-06,-0.003627,-0.004801,0.0,-0.002882,-0.001785,-0.005744,-0.005726,0.0,-0.004537,-0.0,-0.004342,-0.001186,0.0,-0.001367,-0.007058,-0.004624,-0.003363,-0.003985,-0.00576,-0.001521,-0.0008,-0.000665,-0.0,-0.000426,-0.002204,-0.002996,-0.004358
2017-05-29 16:06:00+02:00,0.0,0.0,-0.000103,-0.003951,-0.000155,-0.0,-0.00075,-0.001303,-0.002727,-0.0,-0.0,0.0,-0.004901,-0.004854,-0.001706,-0.004985,-0.0,0.0,-0.0,-0.005066,0.0,-0.005122,-0.002601,0.0,-0.00515,-0.005734,-0.001073,0.0,-0.000982,-0.0,-0.0,-0.003083,0.0,-0.003127,-0.004229,0.0,-0.000365,-0.002287,0.0,-0.005841,-0.001503,0.0,-0.002052,0.0,-5.2e-05,-0.001697,-0.001221,-0.002228,-0.001407,0.0,-0.0,-0.003125,-0.003438,-0.005051,-0.0,0.0,-0.0,-0.0,0.0,-0.001076,-0.002948,-0.005413,-0.003515,0.0,-0.000209,-0.005277,-0.000503,-0.002367,0.0,-0.000607,-0.00136,-0.0,-0.0,-0.003513,-0.004722,0.0,-0.0,0.0,-0.001779,0.0,-0.003163,0.0,-0.001989,-0.005586,-0.0,-0.0,-0.003228,-0.0,-0.0,0.0,-1.9e-05,-0.003653,-0.004833,0.0,-0.002921,-0.001808,-0.005785,-0.005766,0.0,-0.004541,-0.0,-0.004391,-0.0012,0.0,-0.001388,-0.007143,-0.004671,-0.003375,-0.004036,-0.005799,-0.001543,-0.000831,-0.000686,-0.0,-0.000475,-0.002236,-0.00305,-0.004371
2017-05-29 16:07:00+02:00,0.0,0.0,-0.000228,-0.004125,-0.000286,-0.0,-0.000812,-0.001372,-0.002833,-3.6e-05,-0.0,0.0,-0.004958,-0.004954,-0.001827,-0.005161,-0.0,0.0,-0.0,-0.005233,0.0,-0.00529,-0.002746,0.0,-0.00536,-0.005915,-0.001136,0.0,-0.001062,-0.0,-0.0,-0.00321,0.0,-0.003261,-0.004378,0.0,-0.000512,-0.002428,0.0,-0.006051,-0.001589,0.0,-0.002194,0.0,-0.000169,-0.001844,-0.00129,-0.002304,-0.001498,0.0,-0.0,-0.003228,-0.003555,-0.005111,-0.0,0.0,-6.9e-05,-0.0,0.0,-0.001208,-0.003046,-0.005618,-0.003683,0.0,-0.000342,-0.005454,-0.000563,-0.002445,0.0,-0.000684,-0.001446,-0.0,-0.0,-0.003627,-0.004872,0.0,-6e-05,0.0,-0.001916,0.0,-0.00327,0.0,-0.002143,-0.005797,-7e-06,-7e-06,-0.003282,-0.0,-0.0,0.0,-8.5e-05,-0.003767,-0.004904,0.0,-0.003042,-0.001972,-0.005968,-0.005948,0.0,-0.004736,-0.0,-0.004565,-0.001269,0.0,-0.001469,-0.007234,-0.004733,-0.003556,-0.004205,-0.00598,-0.001629,-0.000909,-0.000764,-0.0,-0.000602,-0.002378,-0.003211,-0.004444
2017-05-29 16:08:00+02:00,0.0,0.0,-0.000238,-0.00411,-0.000258,-0.0,-0.000795,-0.001355,-0.002871,-2.9e-05,-0.0,0.0,-0.005004,-0.005031,-0.001861,-0.005139,-0.0,0.0,-0.0,-0.005294,0.0,-0.005351,-0.002718,0.0,-0.005441,-0.005893,-0.00112,0.0,-0.001052,-0.0,-0.0,-0.003254,0.0,-0.003309,-0.004439,0.0,-0.000542,-0.0024,0.0,-0.006141,-0.001569,0.0,-0.002223,0.0,-0.000136,-0.00183,-0.001281,-0.002326,-0.001524,0.0,-0.0,-0.003261,-0.003536,-0.00516,-0.0,0.0,-5.5e-05,-0.0,0.0,-0.001182,-0.003076,-0.005701,-0.003668,0.0,-0.000356,-0.005432,-0.00055,-0.002468,0.0,-0.000667,-0.001462,-0.0,-0.0,-0.003665,-0.004939,0.0,-4.8e-05,0.0,-0.001885,0.0,-0.00325,0.0,-0.002128,-0.005881,-6e-06,-6e-06,-0.003326,-0.0,-0.0,0.0,-6.8e-05,-0.003747,-0.004961,0.0,-0.003029,-0.002016,-0.005951,-0.00593,0.0,-0.00481,-0.0,-0.004548,-0.001283,0.0,-0.00145,-0.007312,-0.004783,-0.003618,-0.004192,-0.00596,-0.00161,-0.0009,-0.000776,-0.0,-0.000576,-0.002408,-0.003197,-0.004503
2017-05-29 16:09:00+02:00,0.0,0.0,-0.000243,-0.004099,-0.000219,-0.0,-0.000774,-0.001334,-0.002893,-2.3e-05,-0.0,0.0,-0.005042,-0.005081,-0.001878,-0.005126,-0.0,0.0,-0.0,-0.005358,0.0,-0.005413,-0.002679,0.0,-0.005494,-0.005884,-0.0011,0.0,-0.001042,-0.0,-0.0,-0.00328,0.0,-0.003335,-0.004477,0.0,-0.000552,-0.002364,0.0,-0.006206,-0.001542,0.0,-0.002248,0.0,-0.000108,-0.001816,-0.001273,-0.002348,-0.001536,0.0,-0.0,-0.003292,-0.003519,-0.005199,-0.0,0.0,-4.4e-05,-0.0,0.0,-0.001145,-0.003105,-0.005759,-0.003657,0.0,-0.000364,-0.00542,-0.000532,-0.002492,0.0,-0.000644,-0.001476,-0.0,-0.0,-0.003701,-0.004982,0.0,-3.8e-05,0.0,-0.001846,0.0,-0.003234,0.0,-0.002113,-0.005939,-4e-06,-5e-06,-0.003364,-0.0,-0.0,0.0,-5.4e-05,-0.003731,-0.005007,0.0,-0.003017,-0.002039,-0.005946,-0.005925,0.0,-0.00486,-0.0,-0.004536,-0.001295,0.0,-0.001425,-0.007384,-0.004823,-0.003658,-0.004185,-0.005953,-0.001583,-0.00089,-0.000784,-0.0,-0.00054,-0.002436,-0.003187,-0.004551
2017-05-29 16:10:00+02:00,0.0,0.0,-0.000241,-0.004119,-0.000196,-0.0,-0.000763,-0.001324,-0.002918,-1.8e-05,-0.0,0.0,-0.005077,-0.005131,-0.001897,-0.005149,-0.0,0.0,-0.0,-0.005394,0.0,-0.005447,-0.002664,0.0,-0.005551,-0.005914,-0.001091,0.0,-0.001044,-0.0,-0.0,-0.003307,0.0,-0.003365,-0.004516,0.0,-0.000565,-0.00235,0.0,-0.006275,-0.001529,0.0,-0.002261,0.0,-8.7e-05,-0.001824,-0.001277,-0.002357,-0.001551,0.0,-0.0,-0.003304,-0.003526,-0.005236,-0.0,0.0,-3.5e-05,-0.0,0.0,-0.001127,-0.003116,-0.005821,-0.003675,0.0,-0.000365,-0.005445,-0.000522,-0.002501,0.0,-0.000631,-0.001481,-0.0,-0.0,-0.003717,-0.005026,0.0,-3.1e-05,0.0,-0.001828,0.0,-0.00324,0.0,-0.002122,-0.006001,-4e-06,-4e-06,-0.003399,-0.0,-0.0,0.0,-4.4e-05,-0.00374,-0.005049,0.0,-0.003027,-0.002066,-0.00598,-0.00596,0.0,-0.004914,-0.0,-0.004558,-0.0013,0.0,-0.001412,-0.007455,-0.004861,-0.003703,-0.004208,-0.005986,-0.00157,-0.000891,-0.000786,-0.0,-0.00052,-0.002451,-0.003203,-0.004594
2017-05-29 16:11:00+02:00,0.0,0.0,-0.000236,-0.004133,-0.000184,-0.0,-0.000756,-0.001317,-0.002916,-1.5e-05,-0.0,0.0,-0.005085,-0.00513,-0.001895,-0.005167,-0.0,0.0,-0.0,-0.005395,0.0,-0.005445,-0.002655,0.0,-0.005558,-0.005938,-0.001085,0.0,-0.001046,-0.0,-0.0,-0.003304,0.0,-0.003362,-0.004513,0.0,-0.000561,-0.002344,0.0,-0.006289,-0.00152,0.0,-0.002259,0.0,-6.9e-05,-0.001832,-0.001279,-0.00235,-0.001549,0.0,-0.0,-0.003293,-0.003528,-0.005246,-0.0,0.0,-2.8e-05,-0.0,0.0,-0.001118,-0.003106,-0.00583,-0.003689,0.0,-0.000361,-0.005466,-0.000517,-0.002494,0.0,-0.000624,-0.001476,-0.0,-0.0,-0.003706,-0.005022,0.0,-2.4e-05,0.0,-0.001819,0.0,-0.003241,0.0,-0.002131,-0.006007,-3e-06,-3e-06,-0.003415,-0.0,-0.0,0.0,-3.5e-05,-0.003743,-0.005063,0.0,-0.003031,-0.002068,-0.006009,-0.005988,0.0,-0.004927,-0.0,-0.004575,-0.001296,0.0,-0.001403,-0.007491,-0.004871,-0.003712,-0.004228,-0.006013,-0.001561,-0.000892,-0.000783,-0.0,-0.000509,-0.002451,-0.003218,-0.00461
2017-05-29 16:12:00+02:00,0.0,0.0,-0.000198,-0.004048,-0.000147,-0.0,-0.000718,-0.00127,-0.002848,-1.2e-05,-0.0,0.0,-0.004869,-0.005016,-0.001834,-0.005076,-0.0,0.0,-0.0,-0.005312,0.0,-0.005355,-0.002566,0.0,-0.00544,-0.005843,-0.001044,0.0,-0.001011,-0.0,-0.0,-0.003223,0.0,-0.003279,-0.004409,0.0,-0.000508,-0.002264,0.0,-0.006174,-0.001461,0.0,-0.002201,0.0,-5.6e-05,-0.001778,-0.001247,-0.002301,-0.0015,0.0,-0.0,-0.003222,-0.003449,-0.005028,-0.0,0.0,-2.3e-05,-0.0,0.0,-0.001051,-0.003039,-0.005715,-0.003611,0.0,-0.000322,-0.005373,-0.000484,-0.002443,0.0,-0.000582,-0.001435,-0.0,-0.0,-0.00363,-0.004908,0.0,-2e-05,0.0,-0.001741,0.0,-0.003168,0.0,-0.002071,-0.005882,-2e-06,-2e-06,-0.003335,-0.0,-0.0,0.0,-2.8e-05,-0.003663,-0.004869,0.0,-0.002963,-0.001999,-0.005917,-0.005899,0.0,-0.00483,-0.0,-0.004489,-0.001262,0.0,-0.001349,-0.007365,-0.004673,-0.003629,-0.004153,-0.005921,-0.001501,-0.00086,-0.000753,-0.0,-0.000449,-0.002395,-0.00315,-0.004446
2017-05-29 16:13:00+02:00,0.0,0.0,-0.000159,-0.003858,-0.000118,-0.0,-0.000654,-0.001186,-0.002726,-9e-06,-0.0,0.0,-0.004624,-0.004777,-0.001729,-0.004865,-0.0,0.0,-0.0,-0.005122,0.0,-0.005157,-0.002402,0.0,-0.005219,-0.005617,-0.000972,0.0,-0.000941,-0.0,-0.0,-0.003081,0.0,-0.003133,-0.004232,0.0,-0.000421,-0.002115,0.0,-0.005959,-0.001359,0.0,-0.002078,0.0,-4.4e-05,-0.001658,-0.001177,-0.002203,-0.001418,0.0,-0.0,-0.003084,-0.003288,-0.004777,-0.0,0.0,-1.8e-05,-0.0,0.0,-0.000934,-0.002908,-0.005502,-0.003438,0.0,-0.000258,-0.005155,-0.000429,-0.002341,0.0,-0.000512,-0.001352,-0.0,-0.0,-0.003479,-0.004716,0.0,-1.6e-05,0.0,-0.001603,0.0,-0.00302,0.0,-0.001939,-0.005655,-2e-06,-2e-06,-0.003186,-0.0,-0.0,0.0,-2.2e-05,-0.003499,-0.004624,0.0,-0.002819,-0.001877,-0.005693,-0.005677,0.0,-0.004644,-0.0,-0.004293,-0.001194,0.0,-0.001254,-0.007072,-0.004436,-0.003472,-0.003975,-0.005697,-0.001398,-0.000794,-0.000692,-0.0,-0.00036,-0.002271,-0.002995,-0.004221
2017-05-29 16:14:00+02:00,0.0,0.0,-0.000127,-0.003641,-9.4e-05,-0.0,-0.000589,-0.001098,-0.002587,-7e-06,-0.0,0.0,-0.004399,-0.004545,-0.001617,-0.004618,-0.0,0.0,-0.0,-0.004878,0.0,-0.004904,-0.002228,0.0,-0.004965,-0.005348,-0.000896,0.0,-0.000865,-0.0,-0.0,-0.002917,0.0,-0.002966,-0.004027,0.0,-0.000341,-0.001957,0.0,-0.005711,-0.001252,0.0,-0.001931,0.0,-3.6e-05,-0.001528,-0.001101,-0.002082,-0.001329,0.0,-0.0,-0.002911,-0.0031,-0.004545,-0.0,0.0,-1.4e-05,-0.0,0.0,-0.000817,-0.002745,-0.005259,-0.00324,0.0,-0.000206,-0.004898,-0.000375,-0.002214,0.0,-0.000443,-0.001255,-0.0,-0.0,-0.003287,-0.004493,0.0,-1.3e-05,0.0,-0.00146,0.0,-0.002848,0.0,-0.001796,-0.005397,-1e-06,-2e-06,-0.003075,-0.0,-0.0,0.0,-1.8e-05,-0.003306,-0.004399,0.0,-0.002652,-0.00175,-0.005425,-0.005412,0.0,-0.00443,-0.0,-0.004066,-0.001113,0.0,-0.001154,-0.006842,-0.004224,-0.003298,-0.003767,-0.005429,-0.001289,-0.000724,-0.000622,-0.0,-0.000288,-0.002122,-0.002819,-0.004023
2017-05-29 16:15:00+02:00,0.0,0.0,-0.000102,-0.003477,-7.5e-05,-0.0,-0.000539,-0.001029,-0.002469,-6e-06,-0.0,0.0,-0.004306,-0.004361,-0.001523,-0.004429,-0.0,0.0,-0.0,-0.004696,0.0,-0.004715,-0.002094,0.0,-0.004749,-0.00514,-0.000838,0.0,-0.00081,-0.0,-0.0,-0.002777,0.0,-0.002822,-0.003849,0.0,-0.00028,-0.001836,0.0,-0.0055,-0.001168,0.0,-0.001827,0.0,-2.8e-05,-0.001437,-0.001045,-0.001991,-0.001256,0.0,-0.0,-0.002777,-0.002952,-0.004444,-0.0,0.0,-1.2e-05,-0.0,0.0,-0.000731,-0.00262,-0.005053,-0.003092,0.0,-0.000165,-0.004701,-0.000334,-0.002119,0.0,-0.000392,-0.001183,-0.0,-0.0,-0.003139,-0.0043,0.0,-1e-05,0.0,-0.001352,0.0,-0.002713,0.0,-0.001693,-0.005179,-1e-06,-1e-06,-0.00298,-0.0,-0.0,0.0,-1.4e-05,-0.003154,-0.004272,0.0,-0.002523,-0.001646,-0.005219,-0.005208,0.0,-0.004248,-0.0,-0.003894,-0.001054,0.0,-0.001076,-0.006696,-0.004118,-0.003152,-0.003611,-0.005223,-0.001204,-0.000674,-0.000573,-0.0,-0.00023,-0.002016,-0.002689,-0.003891
2017-05-29 16:16:00+02:00,0.0,0.0,-0.000183,-0.003349,-9e-05,-0.0,-0.00053,-0.000991,-0.002353,-5e-06,-0.0,0.0,-0.00345,-0.003553,-0.001462,-0.004262,-0.0,0.0,-0.0,-0.004574,0.0,-0.004583,-0.002024,0.0,-0.004544,-0.004939,-0.000814,0.0,-0.000794,-0.0,-0.0,-0.002634,0.0,-0.002677,-0.003634,0.0,-0.000328,-0.001787,0.0,-0.005287,-0.001117,0.0,-0.001845,0.0,-3.2e-05,-0.001426,-0.001019,-0.001934,-0.001212,0.0,-0.0,-0.002665,-0.002798,-0.003553,-0.0,0.0,-5.8e-05,-0.0,0.0,-0.000739,-0.002518,-0.004853,-0.002989,0.0,-0.000252,-0.004522,-0.000337,-0.002054,0.0,-0.000391,-0.001173,-0.0,-0.0,-0.003007,-0.003634,0.0,-8e-06,0.0,-0.001327,0.0,-0.002576,0.0,-0.001665,-0.004959,-1e-06,-5e-06,-0.00259,-0.0,-0.0,0.0,-1.3e-05,-0.002988,-0.00345,0.0,-0.002398,-0.001623,-0.005018,-0.00501,0.0,-0.004094,-0.0,-0.003752,-0.00105,0.0,-0.001032,-0.005719,-0.003328,-0.003055,-0.003492,-0.005022,-0.001151,-0.000666,-0.000608,-0.0,-0.000258,-0.002028,-0.002614,-0.003193
2017-05-29 16:17:00+02:00,0.0,0.0,-0.000147,-0.002841,-7.2e-05,-0.0,-0.000424,-0.000802,-0.002006,-4e-06,-0.0,0.0,-0.002858,-0.002928,-0.001179,-0.003671,-0.0,0.0,-0.0,-0.003998,0.0,-0.004,-0.001637,0.0,-0.003877,-0.004284,-0.000651,0.0,-0.000635,-0.0,-0.0,-0.00223,0.0,-0.00226,-0.002984,0.0,-0.000262,-0.001429,0.0,-0.004582,-0.000896,0.0,-0.001528,0.0,-2.5e-05,-0.00114,-0.00084,-0.001676,-0.000986,0.0,-0.0,-0.0023,-0.002389,-0.002928,-0.0,0.0,-4.7e-05,-0.0,0.0,-0.000592,-0.002175,-0.004181,-0.00252,0.0,-0.000201,-0.003906,-0.00027,-0.001784,0.0,-0.000313,-0.000975,-0.0,-0.0,-0.002596,-0.002984,0.0,-6e-06,0.0,-0.001061,0.0,-0.002204,0.0,-0.001332,-0.004269,-1e-06,-4e-06,-0.002294,-0.0,-0.0,0.0,-1e-05,-0.002566,-0.002858,0.0,-0.002028,-0.001299,-0.004358,-0.004352,0.0,-0.003489,-0.0,-0.003209,-0.000881,0.0,-0.000826,-0.00498,-0.002777,-0.002557,-0.00298,-0.004363,-0.000926,-0.000533,-0.000486,-0.0,-0.000207,-0.001696,-0.002185,-0.002686
2017-05-29 16:18:00+02:00,0.0,0.0,-0.000117,-0.002325,-5.8e-05,-0.0,-0.000339,-0.000642,-0.001649,-3e-06,-0.0,0.0,-0.002469,-0.002492,-0.000943,-0.00307,-0.0,0.0,-0.0,-0.00339,0.0,-0.003388,-0.001309,0.0,-0.003189,-0.003621,-0.000521,0.0,-0.000508,-0.0,-0.0,-0.001822,0.0,-0.00184,-0.002493,0.0,-0.00021,-0.001143,0.0,-0.003847,-0.000717,0.0,-0.001223,0.0,-2e-05,-0.000912,-0.000672,-0.001405,-0.000789,0.0,-0.0,-0.001928,-0.001988,-0.002527,-0.0,0.0,-3.7e-05,-0.0,0.0,-0.000473,-0.001824,-0.003483,-0.00204,0.0,-0.000161,-0.003281,-0.000216,-0.001501,0.0,-0.00025,-0.00078,-0.0,-0.0,-0.002181,-0.002524,0.0,-5e-06,0.0,-0.000849,0.0,-0.001836,0.0,-0.001066,-0.003555,-1e-06,-3e-06,-0.001968,-0.0,-0.0,0.0,-8e-06,-0.002151,-0.002454,0.0,-0.001664,-0.001039,-0.003689,-0.003685,0.0,-0.002854,-0.0,-0.002657,-0.000705,0.0,-0.000661,-0.004302,-0.002392,-0.002045,-0.002457,-0.003694,-0.000741,-0.000426,-0.000389,-0.0,-0.000165,-0.001357,-0.001748,-0.0023
2017-05-29 16:19:00+02:00,0.0,0.0,-9.4e-05,-0.001998,-4.6e-05,-0.0,-0.000271,-0.000517,-0.001407,-2e-06,-0.0,0.0,-0.002212,-0.002198,-0.000755,-0.002679,-0.0,0.0,-0.0,-0.002988,0.0,-0.002982,-0.001053,0.0,-0.002724,-0.003184,-0.000417,0.0,-0.000407,-0.0,-0.0,-0.001542,0.0,-0.001552,-0.002153,0.0,-0.000168,-0.000915,0.0,-0.003352,-0.000573,0.0,-0.001011,0.0,-1.6e-05,-0.00073,-0.000559,-0.001228,-0.000631,0.0,-0.0,-0.001675,-0.001717,-0.002263,-0.0,0.0,-3e-05,-0.0,0.0,-0.000379,-0.001586,-0.003014,-0.001741,0.0,-0.000129,-0.002872,-0.000173,-0.001314,0.0,-0.0002,-0.000648,-0.0,-0.0,-0.001896,-0.002211,0.0,-4e-06,0.0,-0.000679,0.0,-0.00159,0.0,-0.000853,-0.003074,-0.0,-3e-06,-0.001753,-0.0,-0.0,0.0,-7e-06,-0.001869,-0.002186,0.0,-0.001422,-0.000831,-0.003247,-0.003246,0.0,-0.002433,-0.0,-0.002303,-0.000593,0.0,-0.000529,-0.00386,-0.002137,-0.001702,-0.002125,-0.003253,-0.000593,-0.000341,-0.000311,-0.0,-0.000132,-0.001136,-0.001477,-0.002042
2017-05-29 16:20:00+02:00,0.0,0.0,-8.2e-05,-0.001913,-3.7e-05,-0.0,-0.000252,-0.000493,-0.001316,-2e-06,-0.0,0.0,-0.002142,-0.002095,-0.000697,-0.002556,-0.0,0.0,-0.0,-0.002855,0.0,-0.002845,-0.001006,0.0,-0.002557,-0.003032,-0.000399,0.0,-0.000391,-0.0,-0.0,-0.00143,0.0,-0.001438,-0.002009,0.0,-0.000134,-0.000875,0.0,-0.00317,-0.000538,0.0,-0.000996,0.0,-1.3e-05,-0.000709,-0.000544,-0.001172,-0.000592,0.0,-0.0,-0.001575,-0.001609,-0.002189,-0.0,0.0,-2.4e-05,-0.0,0.0,-0.000339,-0.001495,-0.002847,-0.001674,0.0,-0.000121,-0.002738,-0.000155,-0.001252,0.0,-0.000176,-0.000627,-0.0,-0.0,-0.001778,-0.002094,0.0,-3e-06,0.0,-0.000638,0.0,-0.001495,0.0,-0.000829,-0.002898,-0.0,-2e-06,-0.001686,-0.0,-0.0,0.0,-5e-06,-0.001752,-0.002103,0.0,-0.001336,-0.000774,-0.003094,-0.003093,0.0,-0.002297,-0.0,-0.002203,-0.000579,0.0,-0.000498,-0.003739,-0.002063,-0.001615,-0.002039,-0.0031,-0.000558,-0.000326,-0.000312,-0.0,-0.000106,-0.001117,-0.00143,-0.001959
2017-05-29 16:21:00+02:00,0.0,0.0,-0.000133,-0.001881,-4.8e-05,-0.0,-0.000264,-0.000497,-0.001266,-3e-06,-0.0,0.0,-0.002086,-0.002016,-0.000681,-0.002488,-0.0,0.0,-0.0,-0.002779,0.0,-0.002766,-0.001016,0.0,-0.00247,-0.002936,-0.000409,0.0,-0.000403,-0.0,-0.0,-0.001361,0.0,-0.001367,-0.001902,0.0,-0.000162,-0.000892,0.0,-0.003062,-0.000535,0.0,-0.00103,0.0,-1.6e-05,-0.000742,-0.000554,-0.001146,-0.00059,0.0,-0.0,-0.001506,-0.001531,-0.002128,-0.0,0.0,-5.5e-05,-0.0,0.0,-0.000366,-0.001435,-0.002755,-0.001659,0.0,-0.000174,-0.00266,-0.000168,-0.001221,0.0,-0.000186,-0.000631,-0.0,-0.0,-0.001691,-0.002004,0.0,-5e-06,0.0,-0.000658,0.0,-0.00143,0.0,-0.000858,-0.002797,-0.0,-1.1e-05,-0.001651,-0.0,-0.0,0.0,-5e-06,-0.001666,-0.00204,0.0,-0.001278,-0.000792,-0.002995,-0.002996,0.0,-0.002237,-0.0,-0.002156,-0.000591,0.0,-0.000498,-0.003668,-0.002008,-0.001599,-0.002006,-0.003002,-0.000553,-0.00034,-0.000338,-0.0,-0.00013,-0.001147,-0.001433,-0.001901
2017-05-29 16:22:00+02:00,0.0,0.0,-0.000106,-0.001664,-3.8e-05,-0.0,-0.000211,-0.000425,-0.001107,-2e-06,-0.0,0.0,-0.00187,-0.001788,-0.000563,-0.00222,-0.0,0.0,-0.0,-0.002494,0.0,-0.00248,-0.000867,0.0,-0.002162,-0.00263,-0.000346,0.0,-0.000338,-0.0,-0.0,-0.001177,0.0,-0.001177,-0.001662,0.0,-0.000129,-0.000754,0.0,-0.002716,-0.00045,0.0,-0.000896,0.0,-1.3e-05,-0.000619,-0.000485,-0.001026,-0.000495,0.0,-0.0,-0.001331,-0.001346,-0.001904,-0.0,0.0,-4.4e-05,-0.0,0.0,-0.000293,-0.001271,-0.002434,-0.001464,0.0,-0.000139,-0.002377,-0.000135,-0.001094,0.0,-0.000149,-0.000547,-0.0,-0.0,-0.00149,-0.001768,0.0,-4e-06,0.0,-0.000531,0.0,-0.001263,0.0,-0.000728,-0.002469,-0.0,-8e-06,-0.001493,-0.0,-0.0,0.0,-4e-06,-0.001471,-0.001822,0.0,-0.001116,-0.000633,-0.002685,-0.002687,0.0,-0.001956,-0.0,-0.001917,-0.000519,0.0,-0.000419,-0.003316,-0.001799,-0.001379,-0.001782,-0.002692,-0.000468,-0.000278,-0.000283,-0.0,-0.000104,-0.001005,-0.001259,-0.0017
2017-05-29 16:23:00+02:00,0.0,0.0,-8.5e-05,-0.001507,-3.1e-05,-0.0,-0.000169,-0.000373,-0.000948,-2e-06,-0.0,0.0,-0.001691,-0.001596,-0.00045,-0.002041,-0.0,0.0,-0.0,-0.00225,0.0,-0.002235,-0.00076,0.0,-0.001853,-0.002427,-0.000299,0.0,-0.000279,-0.0,-0.0,-0.001,0.0,-0.000997,-0.001455,0.0,-0.000104,-0.000652,0.0,-0.002388,-0.000389,0.0,-0.000752,0.0,-1e-05,-0.000507,-0.000427,-0.000917,-0.000396,0.0,-0.0,-0.001188,-0.001227,-0.001721,-0.0,0.0,-3.5e-05,-0.0,0.0,-0.000234,-0.001135,-0.002122,-0.001318,0.0,-0.000111,-0.002189,-0.000108,-0.00098,0.0,-0.000119,-0.000462,-0.0,-0.0,-0.001333,-0.001569,0.0,-3e-06,0.0,-0.000435,0.0,-0.001154,0.0,-0.000613,-0.002152,-0.0,-7e-06,-0.001338,-0.0,-0.0,0.0,-3e-06,-0.001346,-0.001639,0.0,-0.001007,-0.000507,-0.002479,-0.002482,0.0,-0.001667,-0.0,-0.00175,-0.000443,0.0,-0.000362,-0.002993,-0.001622,-0.001136,-0.001624,-0.002486,-0.000406,-0.000223,-0.000226,-0.0,-8.3e-05,-0.000855,-0.001125,-0.001524
2017-05-29 16:24:00+02:00,0.0,0.0,-0.000328,-0.001929,-0.00026,-6.6e-05,-0.00032,-0.000548,-0.001145,-0.000108,-6e-06,0.0,-0.002034,-0.001918,-0.000665,-0.002497,-0.00016,0.0,-9.4e-05,-0.002664,0.0,-0.002647,-0.001134,0.0,-0.00225,-0.002898,-0.000461,0.0,-0.000458,-7e-05,-0.0,-0.001228,0.0,-0.001242,-0.001742,0.0,-0.00033,-0.00102,0.0,-0.002817,-0.000594,0.0,-0.001099,0.0,-0.000225,-0.000861,-0.000597,-0.0011,-0.000567,0.0,-2.3e-05,-0.001425,-0.001507,-0.002077,-0.0,0.0,-0.000244,-0.0,0.0,-0.000537,-0.00136,-0.002537,-0.001729,0.0,-0.000365,-0.002651,-0.000242,-0.001165,0.0,-0.000277,-0.000657,-9.1e-05,-0.0,-0.001595,-0.001887,0.0,-0.000203,0.0,-0.000785,0.0,-0.001409,0.0,-0.000978,-0.002568,-0.000149,-0.000183,-0.001547,-0.0,-1.8e-05,0.0,-0.000119,-0.00162,-0.001969,0.0,-0.001286,-0.000817,-0.002954,-0.002956,0.0,-0.002059,-4e-05,-0.002187,-0.00061,0.0,-0.000556,-0.003514,-0.001942,-0.001508,-0.002054,-0.002961,-0.000612,-0.000395,-0.000398,-0.0,-0.000342,-0.001208,-0.001525,-0.001813
2017-05-29 16:25:00+02:00,0.0,0.0,-0.000779,-0.002725,-0.000692,-0.000294,-0.000573,-0.000857,-0.001611,-0.000324,-0.000102,0.0,-0.002564,-0.002504,-0.001152,-0.003369,-0.000499,0.0,-0.000355,-0.003492,0.0,-0.003478,-0.001789,0.0,-0.003179,-0.003791,-0.000738,0.0,-0.000779,-0.000239,-2.4e-05,-0.001782,0.0,-0.001831,-0.002389,0.0,-0.000835,-0.001653,0.0,-0.003723,-0.000969,0.0,-0.00173,0.0,-0.000636,-0.001481,-0.000898,-0.001469,-0.00094,0.0,-0.000137,-0.00193,-0.002081,-0.002631,-2.8e-05,0.0,-0.000645,-2.3e-05,0.0,-0.001061,-0.001835,-0.003482,-0.002491,0.0,-0.000835,-0.003543,-0.000472,-0.001542,0.0,-0.000562,-0.001031,-0.0003,-7.9e-05,-0.002157,-0.002504,0.0,-0.000596,0.0,-0.001379,0.0,-0.001928,0.0,-0.001624,-0.003528,-0.000481,-0.000544,-0.001886,-2e-05,-0.000118,0.0,-0.00035,-0.002192,-0.002512,0.0,-0.001845,-0.001474,-0.003837,-0.003835,0.0,-0.002941,-0.000179,-0.003012,-0.000918,0.0,-0.000906,-0.004284,-0.002451,-0.002307,-0.002855,-0.003838,-0.000989,-0.000705,-0.000714,-4.6e-05,-0.000803,-0.001849,-0.002251,-0.002304
2017-05-29 16:26:00+02:00,0.0,0.0,-0.001028,-0.003202,-0.000925,-0.000382,-0.000724,-0.001038,-0.001905,-0.000434,-0.000124,0.0,-0.002804,-0.002783,-0.00146,-0.003907,-0.00067,0.0,-0.000468,-0.004012,0.0,-0.003994,-0.002181,0.0,-0.003777,-0.00426,-0.000903,0.0,-0.000964,-0.000316,-1.9e-05,-0.00214,0.0,-0.002209,-0.002712,0.0,-0.001155,-0.002037,0.0,-0.004205,-0.001183,0.0,-0.002106,0.0,-0.000855,-0.001849,-0.001078,-0.00169,-0.001182,0.0,-0.000173,-0.002224,-0.002412,-0.002884,-2.2e-05,0.0,-0.000862,-1.8e-05,0.0,-0.001366,-0.002113,-0.004014,-0.002949,0.0,-0.001094,-0.004062,-0.000605,-0.00177,0.0,-0.000721,-0.001244,-0.000399,-9.5e-05,-0.002485,-0.002804,0.0,-0.000804,0.0,-0.001736,0.0,-0.002229,0.0,-0.002006,-0.004054,-0.000642,-0.000731,-0.002048,-1.6e-05,-0.000149,0.0,-0.000469,-0.002476,-0.002763,0.0,-0.002166,-0.001911,-0.004296,-0.004294,0.0,-0.003548,-0.000232,-0.003517,-0.001099,0.0,-0.001108,-0.004654,-0.002684,-0.00285,-0.003348,-0.004297,-0.001205,-0.000881,-0.000894,-3.6e-05,-0.001065,-0.002237,-0.002692,-0.002533
2017-05-29 16:27:00+02:00,0.0,0.0,-0.000823,-0.003093,-0.00074,-0.000305,-0.000654,-0.000973,-0.001851,-0.000347,-9.9e-05,0.0,-0.002924,-0.002854,-0.001365,-0.003821,-0.000536,0.0,-0.000374,-0.003901,0.0,-0.003883,-0.002047,0.0,-0.003673,-0.004212,-0.000839,0.0,-0.000887,-0.000253,-1.5e-05,-0.002081,0.0,-0.002148,-0.002713,0.0,-0.000933,-0.0019,0.0,-0.004171,-0.001108,0.0,-0.001951,0.0,-0.000684,-0.001695,-0.001015,-0.001628,-0.001106,0.0,-0.000139,-0.002165,-0.002373,-0.003009,-1.8e-05,0.0,-0.000689,-1.5e-05,0.0,-0.00119,-0.002054,-0.00394,-0.002832,0.0,-0.000882,-0.003987,-0.000526,-0.001709,0.0,-0.000624,-0.001161,-0.000319,-7.6e-05,-0.00243,-0.002856,0.0,-0.000643,0.0,-0.001588,0.0,-0.002188,0.0,-0.001858,-0.003982,-0.000514,-0.000585,-0.002075,-1.3e-05,-0.000119,0.0,-0.000376,-0.002452,-0.002861,0.0,-0.002112,-0.00174,-0.004257,-0.004256,0.0,-0.003435,-0.000185,-0.003418,-0.001026,0.0,-0.001035,-0.004788,-0.002784,-0.002721,-0.003244,-0.004258,-0.001131,-0.0008,-0.000804,-2.9e-05,-0.000864,-0.002086,-0.002568,-0.002601
2017-05-29 16:28:00+02:00,0.0,0.0,-0.000841,-0.003253,-0.000743,-0.000244,-0.000686,-0.001022,-0.001962,-0.000334,-7.9e-05,0.0,-0.003179,-0.003132,-0.001463,-0.004015,-0.000482,0.0,-0.0003,-0.004089,0.0,-0.00407,-0.002157,0.0,-0.003898,-0.004447,-0.00088,0.0,-0.000934,-0.000212,-1.2e-05,-0.002216,0.0,-0.002294,-0.00293,0.0,-0.000976,-0.002003,0.0,-0.004462,-0.001171,0.0,-0.002051,0.0,-0.000674,-0.001787,-0.001063,-0.001702,-0.001177,0.0,-0.000111,-0.002282,-0.002509,-0.003279,-1.4e-05,0.0,-0.000676,-1.2e-05,0.0,-0.001245,-0.002161,-0.004191,-0.00298,0.0,-0.000909,-0.004194,-0.000547,-0.001786,0.0,-0.000654,-0.001223,-0.000285,-6.1e-05,-0.002567,-0.003121,0.0,-0.000619,0.0,-0.001675,0.0,-0.002307,0.0,-0.001959,-0.004238,-0.000451,-0.000544,-0.002233,-1e-05,-9.5e-05,0.0,-0.000368,-0.002596,-0.003128,0.0,-0.002238,-0.001852,-0.004501,-0.004499,0.0,-0.003642,-0.000148,-0.003593,-0.001075,0.0,-0.001092,-0.005154,-0.00303,-0.002895,-0.00341,-0.004501,-0.001195,-0.000843,-0.000847,-2.3e-05,-0.000892,-0.002192,-0.002703,-0.002843
2017-05-29 16:29:00+02:00,0.0,0.0,-0.00078,-0.003259,-0.000671,-0.000195,-0.000673,-0.001014,-0.001971,-0.000284,-6.3e-05,0.0,-0.003315,-0.003228,-0.001458,-0.004037,-0.000385,0.0,-0.00024,-0.004125,0.0,-0.004105,-0.002146,0.0,-0.003921,-0.004493,-0.000871,0.0,-0.000921,-0.000169,-1e-05,-0.00223,0.0,-0.002309,-0.002985,0.0,-0.000917,-0.00199,0.0,-0.004531,-0.001164,0.0,-0.002038,0.0,-0.000593,-0.001764,-0.001055,-0.001708,-0.001171,0.0,-8.9e-05,-0.002303,-0.002528,-0.00342,-1.1e-05,0.0,-0.000593,-9e-06,0.0,-0.001207,-0.002179,-0.004232,-0.002981,0.0,-0.000853,-0.004224,-0.000529,-0.001794,0.0,-0.000632,-0.001218,-0.000228,-4.9e-05,-0.002595,-0.003208,0.0,-0.000527,0.0,-0.001655,0.0,-0.00232,0.0,-0.00194,-0.004279,-0.000361,-0.000442,-0.002289,-8e-06,-7.6e-05,0.0,-0.000321,-0.002622,-0.003245,0.0,-0.002251,-0.001829,-0.004552,-0.004552,0.0,-0.003662,-0.000119,-0.003606,-0.001068,0.0,-0.001084,-0.005347,-0.003147,-0.002901,-0.003421,-0.004554,-0.001188,-0.000828,-0.000833,-1.9e-05,-0.000837,-0.002183,-0.0027,-0.002932
2017-05-29 16:30:00+02:00,0.0,0.0,-0.000649,-0.003114,-0.000537,-0.000156,-0.000617,-0.000951,-0.001823,-0.000227,-5.1e-05,0.0,-0.003121,-0.003024,-0.001293,-0.00389,-0.000308,0.0,-0.000192,-0.003987,0.0,-0.003965,-0.002016,0.0,-0.003628,-0.004354,-0.000814,0.0,-0.000853,-0.000136,-8e-06,-0.002055,0.0,-0.002122,-0.002777,0.0,-0.000733,-0.001863,0.0,-0.00422,-0.001089,0.0,-0.001912,0.0,-0.000474,-0.001634,-0.000994,-0.00164,-0.001043,0.0,-7.1e-05,-0.002217,-0.002431,-0.003222,-9e-06,0.0,-0.000475,-8e-06,0.0,-0.00108,-0.002097,-0.003922,-0.002841,0.0,-0.000723,-0.004078,-0.000472,-0.001726,0.0,-0.000562,-0.001143,-0.000182,-3.9e-05,-0.002503,-0.003,0.0,-0.000421,0.0,-0.00153,0.0,-0.002231,0.0,-0.001808,-0.003964,-0.000288,-0.000354,-0.002144,-6e-06,-6.1e-05,0.0,-0.000256,-0.00253,-0.003049,0.0,-0.002153,-0.001591,-0.004415,-0.004415,0.0,-0.003378,-9.5e-05,-0.00346,-0.001006,0.0,-0.001013,-0.005039,-0.002961,-0.002635,-0.00328,-0.004418,-0.001112,-0.000761,-0.000766,-1.5e-05,-0.000707,-0.002057,-0.002564,-0.002748
2017-05-29 16:31:00+02:00,0.0,0.0,-0.000519,-0.002863,-0.000429,-0.000125,-0.000563,-0.000887,-0.001668,-0.000182,-4.1e-05,0.0,-0.00289,-0.002791,-0.001135,-0.003609,-0.000247,0.0,-0.000153,-0.00378,0.0,-0.003756,-0.00188,0.0,-0.003324,-0.004065,-0.000756,0.0,-0.000751,-0.000108,-6e-06,-0.001871,0.0,-0.001927,-0.002549,0.0,-0.000587,-0.001733,0.0,-0.003891,-0.001009,0.0,-0.001755,0.0,-0.000379,-0.001436,-0.000899,-0.001546,-0.000922,0.0,-5.7e-05,-0.002088,-0.002246,-0.002986,-7e-06,0.0,-0.00038,-6e-06,0.0,-0.000959,-0.001975,-0.003601,-0.002601,0.0,-0.000583,-0.003789,-0.00042,-0.001629,0.0,-0.000496,-0.001049,-0.000146,-3.1e-05,-0.002359,-0.002765,0.0,-0.000337,0.0,-0.001406,0.0,-0.002062,0.0,-0.001603,-0.003638,-0.000231,-0.000283,-0.001987,-5e-06,-4.9e-05,0.0,-0.000205,-0.002347,-0.002821,0.0,-0.001977,-0.001374,-0.004127,-0.004129,0.0,-0.003086,-7.6e-05,-0.003198,-0.000929,0.0,-0.000939,-0.004687,-0.002743,-0.002373,-0.003026,-0.004131,-0.001032,-0.000661,-0.000686,-1.2e-05,-0.000589,-0.001898,-0.002336,-0.00254
2017-05-29 16:32:00+02:00,0.0,0.0,-0.000469,-0.002705,-0.000385,-0.0001,-0.000543,-0.000855,-0.001612,-0.000146,-3.2e-05,0.0,-0.002823,-0.002709,-0.001089,-0.003422,-0.000197,0.0,-0.000123,-0.00365,0.0,-0.003625,-0.001813,0.0,-0.003216,-0.003868,-0.000731,0.0,-0.000697,-8.7e-05,-5e-06,-0.001798,0.0,-0.001851,-0.002459,0.0,-0.000538,-0.001672,0.0,-0.003794,-0.000967,0.0,-0.001681,0.0,-0.000328,-0.001335,-0.000846,-0.00149,-0.000891,0.0,-4.5e-05,-0.001999,-0.002112,-0.002915,-6e-06,0.0,-0.000316,-5e-06,0.0,-0.000916,-0.001893,-0.003501,-0.002455,0.0,-0.000534,-0.003593,-0.000401,-0.001571,0.0,-0.00047,-0.001,-0.000117,-2.5e-05,-0.002256,-0.002679,0.0,-0.00027,0.0,-0.001354,0.0,-0.001942,0.0,-0.001495,-0.003533,-0.000185,-0.000227,-0.001955,-4e-06,-3.9e-05,0.0,-0.000174,-0.002213,-0.002749,0.0,-0.001855,-0.001331,-0.003929,-0.003932,0.0,-0.002994,-6.1e-05,-0.003028,-0.000891,0.0,-0.000901,-0.004617,-0.002678,-0.002304,-0.002866,-0.003935,-0.000989,-0.000611,-0.000651,-1e-05,-0.000551,-0.001822,-0.002203,-0.002476
2017-05-29 16:33:00+02:00,0.0,0.0,-0.000387,-0.002522,-0.000308,-8e-05,-0.000506,-0.000807,-0.00153,-0.000116,-2.6e-05,0.0,-0.002727,-0.0026,-0.001016,-0.003212,-0.000158,0.0,-9.8e-05,-0.00349,0.0,-0.003463,-0.001712,0.0,-0.003058,-0.003648,-0.00069,0.0,-0.000629,-6.9e-05,-4e-06,-0.0017,0.0,-0.001749,-0.002345,0.0,-0.000446,-0.001577,0.0,-0.003644,-0.000908,0.0,-0.001576,0.0,-0.000262,-0.001204,-0.000781,-0.001419,-0.000836,0.0,-3.6e-05,-0.001898,-0.001971,-0.002813,-5e-06,0.0,-0.000253,-4e-06,0.0,-0.000836,-0.001798,-0.003349,-0.002283,0.0,-0.000453,-0.003377,-0.000366,-0.001497,0.0,-0.000426,-0.000935,-9.3e-05,-2e-05,-0.002141,-0.002565,0.0,-0.000216,0.0,-0.001267,0.0,-0.001815,0.0,-0.001358,-0.003378,-0.000148,-0.000181,-0.001893,-3e-06,-3.1e-05,0.0,-0.000139,-0.002072,-0.002648,0.0,-0.001723,-0.001238,-0.003709,-0.003713,0.0,-0.002849,-4.9e-05,-0.002835,-0.000839,0.0,-0.000846,-0.004482,-0.002584,-0.002184,-0.002681,-0.003716,-0.000929,-0.000545,-0.000599,-8e-06,-0.000478,-0.001714,-0.002042,-0.002384
2017-05-29 16:34:00+02:00,0.0,0.0,-0.0004,-0.002433,-0.000324,-6.4e-05,-0.000508,-0.000797,-0.001496,-9.8e-05,-2.1e-05,0.0,-0.002644,-0.002511,-0.000992,-0.003095,-0.000131,0.0,-7.9e-05,-0.003396,0.0,-0.003369,-0.001686,0.0,-0.002993,-0.003517,-0.000687,0.0,-0.000611,-5.6e-05,-3e-06,-0.001646,0.0,-0.001687,-0.002258,0.0,-0.000464,-0.001557,0.0,-0.003577,-0.000885,0.0,-0.001551,0.0,-0.000271,-0.001174,-0.000763,-0.001385,-0.00083,0.0,-2.9e-05,-0.001823,-0.00187,-0.002722,-4e-06,0.0,-0.000255,-3e-06,0.0,-0.000842,-0.001732,-0.003285,-0.002207,0.0,-0.000465,-0.003252,-0.000372,-0.001461,0.0,-0.000426,-0.00091,-7.5e-05,-1.6e-05,-0.002048,-0.002473,0.0,-0.000182,0.0,-0.001259,0.0,-0.00173,0.0,-0.00132,-0.003309,-0.000124,-0.000166,-0.001876,-3e-06,-2.5e-05,0.0,-0.000141,-0.001971,-0.002565,0.0,-0.001634,-0.001246,-0.003577,-0.003582,0.0,-0.0028,-3.9e-05,-0.002734,-0.000826,0.0,-0.000829,-0.004415,-0.00251,-0.002159,-0.002589,-0.003585,-0.000905,-0.00053,-0.00059,-6e-06,-0.000495,-0.001686,-0.001977,-0.00232
2017-05-29 16:35:00+02:00,0.0,0.0,-0.00032,-0.002121,-0.000259,-5.1e-05,-0.000434,-0.000697,-0.001312,-7.8e-05,-1.7e-05,0.0,-0.002096,-0.002106,-0.000831,-0.002724,-0.000105,0.0,-6.3e-05,-0.00302,0.0,-0.002994,-0.001469,0.0,-0.002624,-0.003112,-0.000601,0.0,-0.000508,-4.4e-05,-3e-06,-0.001425,0.0,-0.001453,-0.001962,0.0,-0.000371,-0.001351,0.0,-0.003167,-0.000764,0.0,-0.001333,0.0,-0.000217,-0.000973,-0.000658,-0.001232,-0.000706,0.0,-2.3e-05,-0.001597,-0.001623,-0.002106,-3e-06,0.0,-0.000204,-2e-06,0.0,-0.000692,-0.001523,-0.002898,-0.001915,0.0,-0.000372,-0.002866,-0.000306,-0.001302,0.0,-0.000347,-0.00078,-6e-05,-1.3e-05,-0.001788,-0.002114,0.0,-0.000145,0.0,-0.001077,0.0,-0.001511,0.0,-0.001107,-0.002919,-9.9e-05,-0.000133,-0.001693,-2e-06,-2e-05,0.0,-0.000113,-0.00172,-0.002096,0.0,-0.001405,-0.001034,-0.003167,-0.003172,0.0,-0.00245,-3.1e-05,-0.002396,-0.000718,0.0,-0.000716,-0.003947,-0.002085,-0.001868,-0.002264,-0.003175,-0.000782,-0.000435,-0.000493,-5e-06,-0.000396,-0.001457,-0.001707,-0.002051
2017-05-29 16:36:00+02:00,0.0,0.0,-0.000256,-0.001702,-0.000207,-4.1e-05,-0.000347,-0.000558,-0.001052,-6.3e-05,-1.3e-05,0.0,-0.001749,-0.001739,-0.000665,-0.002238,-8.4e-05,0.0,-5e-05,-0.00252,0.0,-0.002497,-0.001175,0.0,-0.002103,-0.002587,-0.000481,0.0,-0.000407,-3.6e-05,-2e-06,-0.00114,0.0,-0.001162,-0.001601,0.0,-0.000297,-0.001081,0.0,-0.002597,-0.000611,0.0,-0.001066,0.0,-0.000174,-0.000778,-0.000526,-0.001018,-0.000565,0.0,-1.9e-05,-0.00132,-0.001329,-0.001757,-2e-06,0.0,-0.000163,-2e-06,0.0,-0.000553,-0.001259,-0.002355,-0.001532,0.0,-0.000297,-0.002364,-0.000245,-0.00108,0.0,-0.000278,-0.000624,-4.8e-05,-1e-05,-0.001479,-0.001738,0.0,-0.000116,0.0,-0.000861,0.0,-0.001239,0.0,-0.000885,-0.002374,-7.9e-05,-0.000106,-0.001415,-2e-06,-1.6e-05,0.0,-9.1e-05,-0.001419,-0.001742,0.0,-0.001132,-0.000827,-0.002638,-0.002642,0.0,-0.00196,-2.5e-05,-0.001946,-0.000574,0.0,-0.000573,-0.003299,-0.001737,-0.001494,-0.00183,-0.002645,-0.000626,-0.000348,-0.000394,-4e-06,-0.000317,-0.001165,-0.001366,-0.001701
2017-05-29 16:37:00+02:00,0.0,0.0,-0.000205,-0.001419,-0.000166,-3.3e-05,-0.000278,-0.000459,-0.000875,-5e-05,-1.1e-05,0.0,-0.001504,-0.001478,-0.000532,-0.001904,-6.7e-05,0.0,-4e-05,-0.002174,0.0,-0.002152,-0.000964,0.0,-0.001748,-0.002224,-0.00039,0.0,-0.000325,-2.8e-05,-2e-06,-0.000938,0.0,-0.000952,-0.001343,0.0,-0.000237,-0.000877,0.0,-0.002203,-0.000496,0.0,-0.000853,0.0,-0.000139,-0.000623,-0.000421,-0.000873,-0.000452,0.0,-1.5e-05,-0.001124,-0.001121,-0.00151,-2e-06,0.0,-0.00013,-2e-06,0.0,-0.000443,-0.001074,-0.001983,-0.001264,0.0,-0.000238,-0.002018,-0.000196,-0.00093,0.0,-0.000222,-0.000499,-3.8e-05,-8e-06,-0.001258,-0.001469,0.0,-9.3e-05,0.0,-0.000689,0.0,-0.00105,0.0,-0.000708,-0.001999,-6.3e-05,-8.5e-05,-0.001226,-1e-06,-1.3e-05,0.0,-7.2e-05,-0.001207,-0.001492,0.0,-0.000941,-0.000662,-0.002271,-0.002275,0.0,-0.001617,-2e-05,-0.001641,-0.000465,0.0,-0.000465,-0.002848,-0.001491,-0.001195,-0.001535,-0.002278,-0.00051,-0.000278,-0.000316,-3e-06,-0.000253,-0.000936,-0.001111,-0.001455
2017-05-29 16:38:00+02:00,0.0,0.0,-0.000164,-0.001286,-0.000133,-2.6e-05,-0.000246,-0.00042,-0.000788,-4e-05,-8e-06,0.0,-0.001371,-0.001329,-0.000447,-0.001737,-5.4e-05,0.0,-3.2e-05,-0.00199,0.0,-0.00197,-0.000876,0.0,-0.001573,-0.002039,-0.000357,0.0,-0.000276,-2.3e-05,-1e-06,-0.000831,0.0,-0.000838,-0.001195,0.0,-0.00019,-0.000792,0.0,-0.002001,-0.000445,0.0,-0.000752,0.0,-0.000111,-0.000525,-0.000377,-0.000802,-0.000388,0.0,-1.2e-05,-0.001013,-0.001005,-0.001375,-2e-06,0.0,-0.000104,-1e-06,0.0,-0.000368,-0.000972,-0.001795,-0.00114,0.0,-0.00019,-0.001843,-0.000164,-0.000854,0.0,-0.000183,-0.000439,-3.1e-05,-7e-06,-0.001129,-0.001314,0.0,-7.4e-05,0.0,-0.000611,0.0,-0.000949,0.0,-0.000608,-0.00181,-5.1e-05,-6.8e-05,-0.001134,-1e-06,-1e-05,0.0,-5.8e-05,-0.00109,-0.001353,0.0,-0.000836,-0.000543,-0.002084,-0.002088,0.0,-0.001451,-1.6e-05,-0.001493,-0.000417,0.0,-0.000419,-0.002609,-0.001356,-0.001055,-0.001395,-0.00209,-0.000458,-0.00023,-0.000266,-3e-06,-0.000203,-0.000833,-0.000996,-0.001317
2017-05-29 16:39:00+02:00,0.0,0.0,-0.000142,-0.001252,-0.000111,-2.1e-05,-0.000249,-0.000419,-0.000763,-3.2e-05,-7e-06,0.0,-0.001314,-0.001258,-0.000417,-0.001681,-4.3e-05,0.0,-2.6e-05,-0.001923,0.0,-0.001903,-0.000867,0.0,-0.001522,-0.001972,-0.000361,0.0,-0.000268,-1.8e-05,-1e-06,-0.000789,0.0,-0.000789,-0.001122,0.0,-0.000152,-0.000786,0.0,-0.001933,-0.000434,0.0,-0.00074,0.0,-8.9e-05,-0.00051,-0.000376,-0.000783,-0.000375,0.0,-1e-05,-0.000963,-0.000951,-0.001317,-1e-06,0.0,-8.3e-05,-1e-06,0.0,-0.000364,-0.000929,-0.001735,-0.001112,0.0,-0.000171,-0.001782,-0.000165,-0.000833,0.0,-0.000179,-0.000426,-2.4e-05,-5e-06,-0.001064,-0.001237,0.0,-5.9e-05,0.0,-0.000607,0.0,-0.000906,0.0,-0.000592,-0.001749,-4.1e-05,-5.4e-05,-0.00111,-1e-06,-8e-06,0.0,-4.6e-05,-0.001035,-0.001291,0.0,-0.000788,-0.000521,-0.002015,-0.002019,0.0,-0.001406,-1.3e-05,-0.001449,-0.000413,0.0,-0.000412,-0.002518,-0.001298,-0.001024,-0.001356,-0.002021,-0.000447,-0.000223,-0.000258,-2e-06,-0.00019,-0.000819,-0.000973,-0.001257
2017-05-29 16:40:00+02:00,0.0,0.0,-0.000134,-0.001245,-0.000109,-1.7e-05,-0.00026,-0.000427,-0.000748,-2.6e-05,-5e-06,0.0,-0.00127,-0.001203,-0.000398,-0.001659,-3.4e-05,0.0,-2.1e-05,-0.001878,0.0,-0.001859,-0.000876,0.0,-0.001491,-0.001941,-0.000373,0.0,-0.000272,-1.5e-05,-1e-06,-0.00076,0.0,-0.000755,-0.001066,0.0,-0.000131,-0.000797,0.0,-0.001885,-0.000434,0.0,-0.000741,0.0,-8e-05,-0.000517,-0.000385,-0.000773,-0.000369,0.0,-8e-06,-0.000927,-0.000919,-0.001271,-1e-06,0.0,-6.7e-05,-1e-06,0.0,-0.000377,-0.000899,-0.001695,-0.00111,0.0,-0.000165,-0.001755,-0.000175,-0.00082,0.0,-0.000184,-0.00042,-2e-05,-4e-06,-0.001016,-0.001177,0.0,-4.8e-05,0.0,-0.00062,0.0,-0.000884,0.0,-0.000598,-0.001709,-3.2e-05,-4.3e-05,-0.001094,-1e-06,-7e-06,0.0,-4e-05,-0.001003,-0.001242,0.0,-0.00076,-0.000514,-0.001983,-0.001987,0.0,-0.001379,-1e-05,-0.001435,-0.000416,0.0,-0.000415,-0.002448,-0.001252,-0.001008,-0.001346,-0.001989,-0.000446,-0.000226,-0.000258,-2e-06,-0.000195,-0.000818,-0.000974,-0.00121
2017-05-29 16:41:00+02:00,0.0,0.0,-0.000123,-0.001238,-0.000105,-1.3e-05,-0.000268,-0.000433,-0.000734,-2.1e-05,-4e-06,0.0,-0.001232,-0.001156,-0.00038,-0.001639,-2.8e-05,0.0,-1.6e-05,-0.001836,0.0,-0.001818,-0.000884,0.0,-0.001461,-0.001915,-0.000381,0.0,-0.000273,-1.2e-05,-1e-06,-0.000735,0.0,-0.000725,-0.001019,0.0,-0.000107,-0.000806,0.0,-0.00184,-0.000434,0.0,-0.000735,0.0,-7.2e-05,-0.000519,-0.000391,-0.000761,-0.000362,0.0,-6e-06,-0.000896,-0.000892,-0.001232,-1e-06,0.0,-5.3e-05,-1e-06,0.0,-0.000386,-0.000872,-0.001657,-0.001106,0.0,-0.000155,-0.001732,-0.000182,-0.000807,0.0,-0.000187,-0.000413,-1.6e-05,-3e-06,-0.000976,-0.001127,0.0,-3.8e-05,0.0,-0.000629,0.0,-0.000865,0.0,-0.0006,-0.001669,-2.6e-05,-3.5e-05,-0.001076,-1e-06,-5e-06,0.0,-3.4e-05,-0.000977,-0.0012,0.0,-0.000737,-0.000501,-0.001956,-0.00196,0.0,-0.001352,-8e-06,-0.001422,-0.000415,0.0,-0.000417,-0.002386,-0.001213,-0.000989,-0.001335,-0.001962,-0.000446,-0.000228,-0.000255,-1e-06,-0.000198,-0.000812,-0.000973,-0.001169
2017-05-29 16:42:00+02:00,0.0,0.0,-0.000128,-0.001251,-0.000119,-1.1e-05,-0.000282,-0.000446,-0.000732,-1.6e-05,-3e-06,0.0,-0.001212,-0.00113,-0.000375,-0.001642,-2.2e-05,0.0,-1.3e-05,-0.001817,0.0,-0.001799,-0.000905,0.0,-0.001458,-0.001914,-0.000396,0.0,-0.000283,-9e-06,-1e-06,-0.000725,0.0,-0.000711,-0.000992,0.0,-0.000107,-0.000828,0.0,-0.001826,-0.000441,0.0,-0.000746,0.0,-8.1e-05,-0.000539,-0.000404,-0.000759,-0.000365,0.0,-5e-06,-0.000878,-0.000881,-0.001212,-1e-06,0.0,-4.8e-05,-1e-06,0.0,-0.000408,-0.000858,-0.001647,-0.001121,0.0,-0.000162,-0.001734,-0.000195,-0.000803,0.0,-0.000197,-0.000414,-1.3e-05,-3e-06,-0.000951,-0.001098,0.0,-3e-05,0.0,-0.000653,0.0,-0.000859,0.0,-0.00062,-0.001659,-2.1e-05,-2.8e-05,-0.001073,-0.0,-4e-06,0.0,-3.7e-05,-0.000965,-0.001178,0.0,-0.000728,-0.00051,-0.001954,-0.001958,0.0,-0.001351,-7e-06,-0.001431,-0.000421,0.0,-0.000426,-0.002358,-0.001192,-0.000994,-0.001346,-0.00196,-0.000453,-0.000237,-0.00026,-1e-06,-0.000216,-0.000822,-0.00099,-0.001147
2017-05-29 16:43:00+02:00,0.0,0.0,-0.000123,-0.001244,-0.000117,-9e-06,-0.000286,-0.000448,-0.000722,-1.3e-05,-3e-06,0.0,-0.001186,-0.001098,-0.000364,-0.001626,-1.8e-05,0.0,-1.1e-05,-0.001788,0.0,-0.00177,-0.000905,0.0,-0.001438,-0.001893,-0.0004,0.0,-0.000284,-7e-06,-0.0,-0.000708,0.0,-0.000691,-0.000961,0.0,-9.5e-05,-0.00083,0.0,-0.001795,-0.000439,0.0,-0.000743,0.0,-7.6e-05,-0.000541,-0.000408,-0.000751,-0.000361,0.0,-4e-06,-0.000857,-0.000863,-0.001185,-0.0,0.0,-3.9e-05,-0.0,0.0,-0.000412,-0.000839,-0.001621,-0.001117,0.0,-0.000158,-0.001715,-0.000198,-0.000794,0.0,-0.000199,-0.00041,-1e-05,-2e-06,-0.000924,-0.001064,0.0,-2.4e-05,0.0,-0.000656,0.0,-0.000845,0.0,-0.000622,-0.001633,-1.7e-05,-2.2e-05,-0.00106,-0.0,-3e-06,0.0,-3.4e-05,-0.000947,-0.001149,0.0,-0.000712,-0.000504,-0.001933,-0.001937,0.0,-0.001333,-5e-06,-0.00142,-0.000421,0.0,-0.000425,-0.002315,-0.001165,-0.000983,-0.001337,-0.001939,-0.000451,-0.000239,-0.000258,-1e-06,-0.000218,-0.000818,-0.000988,-0.001119
2017-05-29 16:44:00+02:00,0.0,0.0,-0.000113,-0.001237,-0.000111,-7e-06,-0.000287,-0.000448,-0.000711,-1.1e-05,-2e-06,0.0,-0.001171,-0.001079,-0.000355,-0.001614,-1.4e-05,0.0,-8e-06,-0.001767,0.0,-0.001749,-0.000906,0.0,-0.001417,-0.001878,-0.000401,0.0,-0.000282,-6e-06,-0.0,-0.000695,0.0,-0.000678,-0.000942,0.0,-7.7e-05,-0.000831,0.0,-0.001769,-0.000438,0.0,-0.000737,0.0,-6.7e-05,-0.000538,-0.000407,-0.000742,-0.000354,0.0,-3e-06,-0.000843,-0.000852,-0.001171,-0.0,0.0,-3.1e-05,-0.0,0.0,-0.000413,-0.000826,-0.001598,-0.001111,0.0,-0.000149,-0.001702,-0.000199,-0.000783,0.0,-0.000198,-0.000405,-8e-06,-2e-06,-0.000909,-0.001044,0.0,-1.9e-05,0.0,-0.000658,0.0,-0.000836,0.0,-0.000618,-0.001608,-1.3e-05,-1.8e-05,-0.001044,-0.0,-3e-06,0.0,-2.9e-05,-0.000935,-0.001132,0.0,-0.000704,-0.000492,-0.001917,-0.001921,0.0,-0.001314,-4e-06,-0.001411,-0.000417,0.0,-0.000425,-0.00228,-0.001147,-0.000968,-0.00133,-0.001923,-0.00045,-0.000237,-0.000255,-1e-06,-0.000215,-0.000813,-0.000984,-0.001099
2017-05-29 16:45:00+02:00,0.0,0.0,-0.000146,-0.001279,-0.000145,-6e-06,-0.000309,-0.00047,-0.000737,-1.2e-05,-2e-06,0.0,-0.001202,-0.001106,-0.000378,-0.001656,-1.1e-05,0.0,-7e-06,-0.00181,0.0,-0.001792,-0.000951,0.0,-0.00147,-0.001919,-0.000423,0.0,-0.000301,-5e-06,-0.0,-0.000719,0.0,-0.000702,-0.000966,0.0,-0.000113,-0.000877,0.0,-0.001825,-0.000459,0.0,-0.000781,0.0,-9.9e-05,-0.000578,-0.000428,-0.000763,-0.000378,0.0,-2e-06,-0.000862,-0.00087,-0.001203,-0.0,0.0,-5.5e-05,-0.0,0.0,-0.000454,-0.000845,-0.001653,-0.001154,0.0,-0.000183,-0.001743,-0.000219,-0.000805,0.0,-0.000219,-0.000426,-6e-06,-1e-06,-0.000926,-0.001069,0.0,-2.3e-05,0.0,-0.000702,0.0,-0.000854,0.0,-0.000659,-0.001663,-1.6e-05,-2.3e-05,-0.001073,-0.0,-2e-06,0.0,-4.4e-05,-0.000953,-0.00116,0.0,-0.000723,-0.00054,-0.001958,-0.001963,0.0,-0.001368,-3e-06,-0.001453,-0.000439,0.0,-0.000446,-0.002339,-0.001176,-0.001022,-0.001372,-0.001965,-0.000471,-0.000256,-0.000275,-1e-06,-0.000253,-0.000857,-0.001027,-0.001124
2017-05-29 16:46:00+02:00,0.0,0.0,-0.000122,-0.001326,-0.000154,-4e-06,-0.000317,-0.000478,-0.000758,-1.2e-05,-1e-06,0.0,-0.001223,-0.001123,-0.000394,-0.00171,-9e-06,0.0,-5e-06,-0.001769,0.0,-0.001751,-0.000967,0.0,-0.001511,-0.001976,-0.000431,0.0,-0.000319,-4e-06,-0.0,-0.000737,0.0,-0.000719,-0.000981,0.0,-0.000135,-0.000892,0.0,-0.001865,-0.000466,0.0,-0.000743,0.0,-0.000106,-0.000614,-0.000449,-0.000744,-0.000396,0.0,-2e-06,-0.000838,-0.000894,-0.001225,-0.0,0.0,-4.4e-05,-0.0,0.0,-0.000469,-0.000822,-0.001693,-0.001199,0.0,-0.000159,-0.0018,-0.000227,-0.000785,0.0,-0.000225,-0.000405,-5e-06,-1e-06,-0.000901,-0.001085,0.0,-2.3e-05,0.0,-0.000718,0.0,-0.000879,0.0,-0.000696,-0.001702,-1.3e-05,-1.8e-05,-0.001095,-0.0,-2e-06,0.0,-4.7e-05,-0.000978,-0.00118,0.0,-0.000743,-0.000574,-0.002015,-0.00202,0.0,-0.00141,-3e-06,-0.001502,-0.00042,0.0,-0.000453,-0.00238,-0.001196,-0.00106,-0.001421,-0.002022,-0.000478,-0.000273,-0.000259,-0.0,-0.000265,-0.000817,-0.001071,-0.001142
2017-05-29 16:47:00+02:00,0.0,0.0,-0.000109,-0.001377,-0.000161,-4e-06,-0.000322,-0.000484,-0.000786,-1.5e-05,-1e-06,0.0,-0.001257,-0.001152,-0.000415,-0.001769,-7e-06,0.0,-4e-06,-0.001746,0.0,-0.001728,-0.000978,0.0,-0.001568,-0.002039,-0.000437,0.0,-0.000338,-3e-06,-0.0,-0.000763,0.0,-0.000744,-0.001007,0.0,-0.000166,-0.000902,0.0,-0.001923,-0.00047,0.0,-0.000719,0.0,-0.000111,-0.000653,-0.000472,-0.000732,-0.000419,0.0,-2e-06,-0.000823,-0.000921,-0.001259,-0.0,0.0,-3.5e-05,-0.0,0.0,-0.00048,-0.000809,-0.001749,-0.001249,0.0,-0.000145,-0.001861,-0.000232,-0.000773,0.0,-0.00023,-0.000391,-4e-06,-1e-06,-0.000885,-0.001112,0.0,-2.8e-05,0.0,-0.000728,0.0,-0.000907,0.0,-0.000737,-0.001758,-1e-05,-1.4e-05,-0.001128,-0.0,-1e-06,0.0,-4.9e-05,-0.001007,-0.001211,0.0,-0.000767,-0.000617,-0.002079,-0.002083,0.0,-0.001465,-2e-06,-0.001557,-0.000408,0.0,-0.000458,-0.002446,-0.001227,-0.001111,-0.001474,-0.002086,-0.000482,-0.000292,-0.00025,-0.0,-0.000273,-0.000792,-0.001118,-0.001172
2017-05-29 16:48:00+02:00,0.0,0.0,-9.7e-05,-0.001424,-0.000161,-3e-06,-0.000324,-0.000486,-0.000806,-1.4e-05,-1e-06,0.0,-0.001284,-0.001178,-0.000431,-0.001826,-6e-06,0.0,-3e-06,-0.001739,0.0,-0.00172,-0.000984,0.0,-0.001611,-0.002103,-0.000438,0.0,-0.000354,-2e-06,-0.0,-0.000784,0.0,-0.000765,-0.001031,0.0,-0.000181,-0.000906,0.0,-0.001967,-0.000472,0.0,-0.000705,0.0,-0.00011,-0.000684,-0.00049,-0.000726,-0.000434,0.0,-1e-06,-0.000818,-0.000951,-0.001288,-0.0,0.0,-2.8e-05,-0.0,0.0,-0.000484,-0.000804,-0.001791,-0.001293,0.0,-0.000134,-0.001922,-0.000234,-0.000768,0.0,-0.000232,-0.000383,-3e-06,-1e-06,-0.000881,-0.001138,0.0,-2.8e-05,0.0,-0.000733,0.0,-0.000936,0.0,-0.00077,-0.0018,-8e-06,-1.2e-05,-0.001148,-0.0,-1e-06,0.0,-4.8e-05,-0.001039,-0.001238,0.0,-0.000794,-0.000644,-0.002142,-0.002148,0.0,-0.001507,-2e-06,-0.001609,-0.0004,0.0,-0.000459,-0.002493,-0.001253,-0.001147,-0.001524,-0.00215,-0.000485,-0.000306,-0.000244,-0.0,-0.000275,-0.000777,-0.001161,-0.001195
2017-05-29 16:49:00+02:00,0.0,0.0,-0.00012,-0.001502,-0.000197,-2e-06,-0.000345,-0.000511,-0.000848,-2.8e-05,-1e-06,0.0,-0.001343,-0.001236,-0.000468,-0.001917,-5e-06,0.0,-3e-06,-0.001795,0.0,-0.001775,-0.001039,0.0,-0.001697,-0.002202,-0.000461,0.0,-0.000382,-2e-06,-0.0,-0.00083,0.0,-0.000812,-0.001085,0.0,-0.000224,-0.00096,0.0,-0.002058,-0.0005,0.0,-0.000735,0.0,-0.000144,-0.000744,-0.000519,-0.000748,-0.000465,0.0,-1e-06,-0.000847,-0.001002,-0.001351,-0.0,0.0,-3.9e-05,-0.0,0.0,-0.000529,-0.000831,-0.001878,-0.001368,0.0,-0.000157,-0.002017,-0.000254,-0.00079,0.0,-0.000254,-0.000399,-5e-06,-1e-06,-0.000914,-0.001196,0.0,-5.4e-05,0.0,-0.000784,0.0,-0.000983,0.0,-0.000831,-0.001886,-2e-05,-9e-06,-0.001188,-0.0,-1e-06,0.0,-6.5e-05,-0.001091,-0.001296,0.0,-0.000843,-0.000704,-0.002241,-0.002247,0.0,-0.001592,-1e-06,-0.001692,-0.000414,0.0,-0.000486,-0.002593,-0.001309,-0.00122,-0.001605,-0.00225,-0.000513,-0.000333,-0.000258,-0.0,-0.000315,-0.000809,-0.001233,-0.001245
2017-05-29 16:50:00+02:00,0.0,0.0,-0.000148,-0.001562,-0.00023,-2e-06,-0.000366,-0.000535,-0.000888,-3.8e-05,-1e-06,0.0,-0.0014,-0.00129,-0.000504,-0.001987,-4e-06,0.0,-2e-06,-0.001873,0.0,-0.001852,-0.001092,0.0,-0.00178,-0.002279,-0.000484,0.0,-0.000405,-2e-06,-0.0,-0.000874,0.0,-0.000857,-0.001136,0.0,-0.000268,-0.001012,0.0,-0.002146,-0.000526,0.0,-0.000777,0.0,-0.000176,-0.00079,-0.000543,-0.00078,-0.000496,0.0,-1e-06,-0.000887,-0.001041,-0.00141,-0.0,0.0,-5.8e-05,-0.0,0.0,-0.000571,-0.000868,-0.001963,-0.001426,0.0,-0.000187,-0.00209,-0.000273,-0.000823,0.0,-0.000275,-0.000421,-6e-06,-0.0,-0.000957,-0.00125,0.0,-7.6e-05,0.0,-0.000832,0.0,-0.001019,0.0,-0.000879,-0.00197,-3.3e-05,-1.1e-05,-0.001229,-0.0,-1e-06,0.0,-8.1e-05,-0.001131,-0.001352,0.0,-0.000879,-0.000763,-0.002319,-0.002325,0.0,-0.001675,-1e-06,-0.001756,-0.000435,0.0,-0.000511,-0.002692,-0.001362,-0.001292,-0.001668,-0.002328,-0.00054,-0.000355,-0.000277,-0.0,-0.000352,-0.000853,-0.001289,-0.001294
2017-05-29 16:51:00+02:00,0.0,0.0,-0.000138,-0.001578,-0.000227,-1e-06,-0.000366,-0.000535,-0.000891,-3.6e-05,-0.0,0.0,-0.001404,-0.001294,-0.000505,-0.002008,-3e-06,0.0,-2e-06,-0.00188,0.0,-0.001859,-0.001093,0.0,-0.001788,-0.002302,-0.000485,0.0,-0.000409,-1e-06,-0.0,-0.000877,0.0,-0.00086,-0.001139,0.0,-0.000266,-0.001014,0.0,-0.002154,-0.000526,0.0,-0.000769,0.0,-0.000171,-0.0008,-0.000549,-0.000782,-0.000498,0.0,-1e-06,-0.000889,-0.00105,-0.001415,-0.0,0.0,-4.6e-05,-0.0,0.0,-0.00057,-0.000871,-0.00197,-0.001441,0.0,-0.000177,-0.002112,-0.000273,-0.000826,0.0,-0.000274,-0.000417,-5e-06,-0.0,-0.000959,-0.001253,0.0,-7.1e-05,0.0,-0.000832,0.0,-0.001029,0.0,-0.000889,-0.001977,-2.7e-05,-9e-06,-0.001234,-0.0,-1e-06,0.0,-7.9e-05,-0.001141,-0.001356,0.0,-0.000887,-0.000766,-0.002341,-0.002347,0.0,-0.001683,-1e-06,-0.001774,-0.000432,0.0,-0.000512,-0.002702,-0.001366,-0.001298,-0.001685,-0.002351,-0.00054,-0.000359,-0.000272,-0.0,-0.00035,-0.000846,-0.001303,-0.001297
2017-05-29 16:52:00+02:00,0.0,0.0,-0.000111,-0.001531,-0.000181,-1e-06,-0.000343,-0.000511,-0.000861,-2.9e-05,-0.0,0.0,-0.001368,-0.001258,-0.000476,-0.001959,-2e-06,0.0,-1e-06,-0.001819,0.0,-0.001798,-0.001043,0.0,-0.001727,-0.00225,-0.000462,0.0,-0.000387,-1e-06,-0.0,-0.000845,0.0,-0.000827,-0.001103,0.0,-0.000216,-0.000965,0.0,-0.002091,-0.000501,0.0,-0.00071,0.0,-0.000137,-0.000755,-0.000528,-0.000753,-0.000471,0.0,-1e-06,-0.000857,-0.001023,-0.001378,-0.0,0.0,-3.7e-05,-0.0,0.0,-0.000523,-0.00084,-0.001908,-0.001394,0.0,-0.000142,-0.002063,-0.00025,-0.000798,0.0,-0.00025,-0.000386,-4e-06,-0.0,-0.000926,-0.001216,0.0,-5.7e-05,0.0,-0.000784,0.0,-0.001003,0.0,-0.000845,-0.001915,-2.1e-05,-7e-06,-0.001203,-0.0,-0.0,0.0,-6.3e-05,-0.001114,-0.00132,0.0,-0.00086,-0.000714,-0.002289,-0.002295,0.0,-0.001623,-1e-06,-0.001726,-0.000403,0.0,-0.000487,-0.002634,-0.001331,-0.001242,-0.001638,-0.002299,-0.000515,-0.000337,-0.000244,-0.0,-0.000303,-0.000786,-0.001257,-0.001262
2017-05-29 16:53:00+02:00,0.0,0.0,-8.9e-05,-0.001486,-0.000145,-1e-06,-0.000325,-0.000492,-0.000836,-2.3e-05,-0.0,0.0,-0.001338,-0.001228,-0.000453,-0.00191,-2e-06,0.0,-1e-06,-0.001762,0.0,-0.001742,-0.001003,0.0,-0.001677,-0.002199,-0.000443,0.0,-0.000368,-1e-06,-0.0,-0.000819,0.0,-0.000801,-0.001074,0.0,-0.000178,-0.000926,0.0,-0.002038,-0.000481,0.0,-0.000661,0.0,-0.00011,-0.000716,-0.000507,-0.000725,-0.00045,0.0,-0.0,-0.000828,-0.000997,-0.001348,-0.0,0.0,-2.9e-05,-0.0,0.0,-0.000486,-0.000811,-0.001857,-0.00135,0.0,-0.000113,-0.002013,-0.000232,-0.000771,0.0,-0.000232,-0.00036,-3e-06,-0.0,-0.000896,-0.001186,0.0,-4.6e-05,0.0,-0.000746,0.0,-0.000977,0.0,-0.000804,-0.001864,-1.7e-05,-6e-06,-0.001175,-0.0,-0.0,0.0,-5e-05,-0.001087,-0.00129,0.0,-0.000835,-0.000673,-0.002238,-0.002244,0.0,-0.001574,-1e-06,-0.001679,-0.000378,0.0,-0.000467,-0.002575,-0.001301,-0.001196,-0.001591,-0.002248,-0.000494,-0.000318,-0.000221,-0.0,-0.000267,-0.000736,-0.001213,-0.001232
2017-05-29 16:54:00+02:00,0.0,0.0,-7.1e-05,-0.001466,-0.000137,-1e-06,-0.000321,-0.000486,-0.000812,-1.8e-05,-0.0,0.0,-0.001296,-0.001189,-0.000431,-0.001886,-2e-06,0.0,-1e-06,-0.001728,0.0,-0.001708,-0.000989,0.0,-0.001628,-0.002174,-0.000438,0.0,-0.000361,-1e-06,-0.0,-0.000792,0.0,-0.000773,-0.001038,0.0,-0.000151,-0.000913,0.0,-0.00198,-0.000473,0.0,-0.000636,0.0,-9.7e-05,-0.000701,-0.000501,-0.000711,-0.000432,0.0,-0.0,-0.000809,-0.000981,-0.001305,-0.0,0.0,-2.4e-05,-0.0,0.0,-0.000475,-0.000793,-0.001803,-0.001331,0.0,-9.1e-05,-0.001989,-0.000228,-0.000756,0.0,-0.000226,-0.000347,-2e-06,-0.0,-0.000874,-0.001148,0.0,-3.6e-05,0.0,-0.000734,0.0,-0.000964,0.0,-0.000789,-0.001809,-1.4e-05,-5e-06,-0.001145,-0.0,-0.0,0.0,-4.3e-05,-0.001072,-0.00125,0.0,-0.000819,-0.000639,-0.002212,-0.002218,0.0,-0.001526,-0.0,-0.001657,-0.000366,0.0,-0.00046,-0.002502,-0.001261,-0.001154,-0.00157,-0.002221,-0.000486,-0.000311,-0.00021,-0.0,-0.000258,-0.00071,-0.001195,-0.001196
2017-05-29 16:55:00+02:00,0.0,0.0,-5.7e-05,-0.001437,-0.000118,-1e-06,-0.00031,-0.000474,-0.000787,-1.5e-05,-0.0,0.0,-0.001256,-0.001149,-0.000408,-0.001853,-1e-06,0.0,-1e-06,-0.001669,0.0,-0.001649,-0.000962,0.0,-0.001575,-0.002138,-0.000427,0.0,-0.00035,-1e-06,-0.0,-0.000763,0.0,-0.000742,-0.001001,0.0,-0.000121,-0.000886,0.0,-0.001921,-0.000459,0.0,-0.000597,0.0,-7.8e-05,-0.000679,-0.000491,-0.000686,-0.000412,0.0,-0.0,-0.000778,-0.00096,-0.001264,-0.0,0.0,-1.9e-05,-0.0,0.0,-0.000453,-0.000763,-0.001747,-0.001304,0.0,-7.3e-05,-0.001955,-0.000218,-0.00073,0.0,-0.000216,-0.000326,-2e-06,-0.0,-0.000839,-0.001108,0.0,-2.9e-05,0.0,-0.000709,0.0,-0.000946,0.0,-0.000767,-0.001754,-1.1e-05,-4e-06,-0.001119,-0.0,-0.0,0.0,-3.5e-05,-0.00105,-0.001211,0.0,-0.000798,-0.000603,-0.002175,-0.002181,0.0,-0.001474,-0.0,-0.001627,-0.000347,0.0,-0.000447,-0.002435,-0.001224,-0.001108,-0.00154,-0.002184,-0.000472,-0.000301,-0.000193,-0.0,-0.000238,-0.000669,-0.001169,-0.001161
2017-05-29 16:56:00+02:00,0.0,0.0,-4.5e-05,-0.001411,-0.00011,-0.0,-0.000305,-0.000467,-0.000769,-1.2e-05,-0.0,0.0,-0.001226,-0.001119,-0.000391,-0.001821,-1e-06,0.0,-1e-06,-0.001611,0.0,-0.001592,-0.000945,0.0,-0.001537,-0.002101,-0.000421,0.0,-0.000343,-0.0,-0.0,-0.000741,0.0,-0.000719,-0.000972,0.0,-0.000105,-0.00087,0.0,-0.001878,-0.00045,0.0,-0.000564,0.0,-6.8e-05,-0.000663,-0.000483,-0.000663,-0.000399,0.0,-0.0,-0.000747,-0.000939,-0.001232,-0.0,0.0,-1.5e-05,-0.0,0.0,-0.000442,-0.000734,-0.001707,-0.001279,0.0,-5.8e-05,-0.001921,-0.000214,-0.000706,0.0,-0.00021,-0.000308,-2e-06,-0.0,-0.000805,-0.001077,0.0,-2.3e-05,0.0,-0.000695,0.0,-0.000927,0.0,-0.00075,-0.001714,-9e-06,-3e-06,-0.001101,-0.0,-0.0,0.0,-2.9e-05,-0.001029,-0.001181,0.0,-0.000778,-0.000579,-0.002139,-0.002144,0.0,-0.001436,-0.0,-0.001597,-0.00033,0.0,-0.000439,-0.002386,-0.001195,-0.001077,-0.001512,-0.002147,-0.000463,-0.000294,-0.000179,-0.0,-0.000229,-0.000634,-0.001146,-0.001136
2017-05-29 16:57:00+02:00,0.0,0.0,-3.6e-05,-0.001367,-9.7e-05,-0.0,-0.000296,-0.000455,-0.00075,-9e-06,-0.0,0.0,-0.0012,-0.001092,-0.000376,-0.001767,-1e-06,0.0,-0.0,-0.00154,0.0,-0.001522,-0.000919,0.0,-0.001499,-0.002043,-0.000411,0.0,-0.000328,-0.0,-0.0,-0.00072,0.0,-0.000696,-0.000945,0.0,-9e-05,-0.000845,0.0,-0.001837,-0.000437,0.0,-0.00052,0.0,-5.4e-05,-0.000633,-0.000468,-0.000633,-0.000387,0.0,-0.0,-0.000711,-0.000908,-0.001204,-0.0,0.0,-1.2e-05,-0.0,0.0,-0.000424,-0.000699,-0.001668,-0.001237,0.0,-4.6e-05,-0.001866,-0.000206,-0.000675,0.0,-0.000201,-0.000285,-1e-06,-0.0,-0.000766,-0.001049,0.0,-1.9e-05,0.0,-0.000672,0.0,-0.000899,0.0,-0.000719,-0.001676,-7e-06,-2e-06,-0.001086,-0.0,-0.0,0.0,-2.3e-05,-0.000998,-0.001156,0.0,-0.000749,-0.000557,-0.00208,-0.002085,0.0,-0.001398,-0.0,-0.001548,-0.000308,0.0,-0.000427,-0.002344,-0.001171,-0.001046,-0.001465,-0.002088,-0.000449,-0.00028,-0.000159,-0.0,-0.000214,-0.000588,-0.001107,-0.001113
2017-05-29 16:58:00+02:00,0.0,0.0,-2.9e-05,-0.001319,-7.7e-05,-0.0,-0.000281,-0.000437,-0.00072,-8e-06,-0.0,0.0,-0.001162,-0.001054,-0.000352,-0.001711,-1e-06,0.0,-0.0,-0.001463,0.0,-0.001445,-0.00088,0.0,-0.001438,-0.001981,-0.000394,0.0,-0.000311,-0.0,-0.0,-0.000688,0.0,-0.000665,-0.000909,0.0,-7.2e-05,-0.000808,0.0,-0.001773,-0.000418,0.0,-0.00047,0.0,-4.3e-05,-0.0006,-0.000449,-0.000599,-0.000365,0.0,-0.0,-0.000672,-0.000877,-0.001165,-0.0,0.0,-1e-05,-0.0,0.0,-0.000395,-0.000662,-0.001606,-0.001192,0.0,-3.7e-05,-0.001808,-0.000192,-0.000639,0.0,-0.000187,-0.000259,-1e-06,-0.0,-0.000724,-0.001011,0.0,-1.5e-05,0.0,-0.000639,0.0,-0.00087,0.0,-0.000683,-0.001615,-6e-06,-2e-06,-0.001055,-0.0,-0.0,0.0,-1.9e-05,-0.000965,-0.001118,0.0,-0.000721,-0.000518,-0.002017,-0.002022,0.0,-0.001339,-0.0,-0.001497,-0.000282,0.0,-0.000408,-0.002273,-0.001134,-0.000996,-0.001414,-0.002025,-0.000429,-0.000265,-0.000138,-0.0,-0.000189,-0.000536,-0.001063,-0.001078
2017-05-29 16:59:00+02:00,0.0,0.0,-2.3e-05,-0.001272,-6.2e-05,-0.0,-0.000266,-0.000418,-0.00069,-6e-06,-0.0,0.0,-0.001124,-0.001016,-0.00033,-0.001656,-0.0,0.0,-0.0,-0.001394,0.0,-0.001377,-0.000842,0.0,-0.001377,-0.001919,-0.000376,0.0,-0.000296,-0.0,-0.0,-0.000658,0.0,-0.000635,-0.000873,0.0,-5.8e-05,-0.000772,0.0,-0.001707,-0.000399,0.0,-0.000429,0.0,-3.5e-05,-0.000568,-0.000431,-0.000569,-0.000344,0.0,-0.0,-0.000639,-0.000848,-0.001126,-0.0,0.0,-8e-06,-0.0,0.0,-0.000368,-0.000629,-0.001544,-0.001148,0.0,-3e-05,-0.00175,-0.000179,-0.000608,0.0,-0.000174,-0.000237,-1e-06,-0.0,-0.000689,-0.000974,0.0,-1.2e-05,0.0,-0.000606,0.0,-0.000841,0.0,-0.00065,-0.001552,-4e-06,-2e-06,-0.00102,-0.0,-0.0,0.0,-1.5e-05,-0.000934,-0.00108,0.0,-0.000695,-0.00048,-0.001955,-0.00196,0.0,-0.001281,-0.0,-0.001447,-0.000261,0.0,-0.00039,-0.0022,-0.001096,-0.000947,-0.001366,-0.001962,-0.00041,-0.00025,-0.00012,-0.0,-0.000166,-0.000493,-0.001022,-0.001041
2017-05-29 17:00:00+02:00,0.0,0.0,-1.9e-05,-0.001211,-5e-05,-0.0,-0.000249,-0.000398,-0.000656,-5e-06,-0.0,0.0,-0.00108,-0.000974,-0.000304,-0.001584,-0.0,0.0,-0.0,-0.001327,0.0,-0.00131,-0.0008,0.0,-0.001309,-0.001842,-0.000357,0.0,-0.000274,-0.0,-0.0,-0.000623,0.0,-0.0006,-0.000834,0.0,-4.6e-05,-0.000732,0.0,-0.001632,-0.000378,0.0,-0.000386,0.0,-2.8e-05,-0.000525,-0.000406,-0.000539,-0.000319,0.0,-0.0,-0.000605,-0.00081,-0.001082,-0.0,0.0,-6e-06,-0.0,0.0,-0.000337,-0.000596,-0.001473,-0.00109,0.0,-2.4e-05,-0.001677,-0.000165,-0.000577,0.0,-0.000159,-0.000215,-1e-06,-0.0,-0.000654,-0.000932,0.0,-1e-05,0.0,-0.00057,0.0,-0.000805,0.0,-0.000605,-0.001481,-4e-06,-1e-06,-0.000981,-0.0,-0.0,0.0,-1.2e-05,-0.000895,-0.001037,0.0,-0.000662,-0.000436,-0.001877,-0.001881,0.0,-0.001215,-0.0,-0.00138,-0.000238,0.0,-0.00037,-0.002116,-0.001053,-0.00089,-0.001302,-0.001884,-0.00039,-0.000229,-0.000101,-0.0,-0.00014,-0.000448,-0.000968,-0.001
2017-05-29 17:01:00+02:00,0.0,0.0,-1.5e-05,-0.001187,-4e-05,-0.0,-0.000235,-0.000381,-0.000607,-4e-06,-0.0,0.0,-0.001006,-0.000902,-0.000269,-0.001558,-0.0,0.0,-0.0,-0.001293,0.0,-0.001277,-0.000766,0.0,-0.00121,-0.001812,-0.000341,0.0,-0.000266,-0.0,-0.0,-0.000574,0.0,-0.000552,-0.00077,0.0,-3.7e-05,-0.000699,0.0,-0.00151,-0.000361,0.0,-0.000365,0.0,-2.2e-05,-0.000509,-0.000397,-0.000525,-0.000284,0.0,-0.0,-0.00059,-0.000796,-0.001007,-0.0,0.0,-5e-06,-0.0,0.0,-0.000313,-0.000581,-0.001361,-0.001068,0.0,-1.9e-05,-0.00165,-0.000153,-0.000563,0.0,-0.000146,-0.000204,-1e-06,-0.0,-0.000637,-0.000861,0.0,-8e-06,0.0,-0.00054,0.0,-0.000791,0.0,-0.000588,-0.001368,-3e-06,-1e-06,-0.000912,-0.0,-0.0,0.0,-9e-06,-0.00088,-0.000963,0.0,-0.000648,-0.000372,-0.001846,-0.00185,0.0,-0.00112,-0.0,-0.001355,-0.000228,0.0,-0.000353,-0.00197,-0.00098,-0.000808,-0.001277,-0.001853,-0.000372,-0.000222,-9.2e-05,-0.0,-0.000119,-0.000426,-0.000947,-0.000928
2017-05-29 17:02:00+02:00,0.0,0.0,-1.2e-05,-0.001182,-3.2e-05,-0.0,-0.000228,-0.000372,-0.000571,-3e-06,-0.0,0.0,-0.000952,-0.000851,-0.000244,-0.001552,-0.0,0.0,-0.0,-0.001281,0.0,-0.001265,-0.000748,0.0,-0.001139,-0.001804,-0.000332,0.0,-0.000265,-0.0,-0.0,-0.000539,0.0,-0.000518,-0.000726,0.0,-2.9e-05,-0.000681,0.0,-0.001422,-0.000352,0.0,-0.000357,0.0,-1.8e-05,-0.000507,-0.000395,-0.00052,-0.000259,0.0,-0.0,-0.000585,-0.000793,-0.000954,-0.0,0.0,-4e-06,-0.0,0.0,-0.000301,-0.000576,-0.001281,-0.001063,0.0,-1.5e-05,-0.001645,-0.000147,-0.000558,0.0,-0.000141,-0.000199,-0.0,-0.0,-0.000631,-0.00081,0.0,-6e-06,0.0,-0.000525,0.0,-0.000788,0.0,-0.000586,-0.001288,-2e-06,-1e-06,-0.000861,-0.0,-0.0,0.0,-8e-06,-0.000877,-0.000911,0.0,-0.000646,-0.000329,-0.001838,-0.001842,0.0,-0.001051,-0.0,-0.00135,-0.000223,0.0,-0.000344,-0.001866,-0.000927,-0.000751,-0.001272,-0.001845,-0.000363,-0.000221,-8.9e-05,-0.0,-0.00011,-0.000418,-0.000943,-0.000876
2017-05-29 17:03:00+02:00,0.0,0.0,-1e-05,-0.001219,-4.4e-05,-0.0,-0.000237,-0.000381,-0.000568,-2e-06,-0.0,0.0,-0.000953,-0.000851,-0.000247,-0.001597,-0.0,0.0,-0.0,-0.001328,0.0,-0.001312,-0.000772,0.0,-0.001136,-0.001852,-0.000341,0.0,-0.000277,-0.0,-0.0,-0.00054,0.0,-0.000521,-0.000728,0.0,-2.4e-05,-0.000705,0.0,-0.001413,-0.000365,0.0,-0.000385,0.0,-2.2e-05,-0.000536,-0.000406,-0.000537,-0.000258,0.0,-0.0,-0.000611,-0.000821,-0.000956,-0.0,0.0,-3e-06,-0.0,0.0,-0.000322,-0.0006,-0.001274,-0.001099,0.0,-1.2e-05,-0.001692,-0.000155,-0.000576,0.0,-0.000151,-0.000214,-0.0,-0.0,-0.000661,-0.00081,0.0,-5e-06,0.0,-0.000548,0.0,-0.000812,0.0,-0.000614,-0.001281,-2e-06,-1e-06,-0.000848,-0.0,-0.0,0.0,-8e-06,-0.000904,-0.000911,0.0,-0.000673,-0.00033,-0.001885,-0.00189,0.0,-0.001049,-0.0,-0.00139,-0.000236,0.0,-0.000355,-0.001857,-0.000925,-0.000751,-0.001312,-0.001894,-0.000376,-0.000233,-0.000101,-0.0,-0.000129,-0.000448,-0.000977,-0.000871
2017-05-29 17:04:00+02:00,0.0,0.0,-8.7e-05,-0.001408,-0.000143,-0.0,-0.00029,-0.000444,-0.000655,-4e-05,-0.0,0.0,-0.001096,-0.00099,-0.00034,-0.001816,-1.7e-05,0.0,-0.0,-0.001545,0.0,-0.001526,-0.00092,0.0,-0.001325,-0.002089,-0.000398,0.0,-0.000345,-0.0,-0.0,-0.000645,0.0,-0.000635,-0.000863,0.0,-0.000116,-0.000849,0.0,-0.00162,-0.000441,0.0,-0.00053,0.0,-0.000113,-0.000682,-0.000472,-0.00062,-0.000329,0.0,-0.0,-0.000726,-0.000953,-0.001107,-0.0,0.0,-5.5e-05,-0.0,0.0,-0.000445,-0.000708,-0.001473,-0.001281,0.0,-9.8e-05,-0.001919,-0.000206,-0.000662,0.0,-0.00021,-0.000291,-2.6e-05,-0.0,-0.000793,-0.000951,0.0,-8.2e-05,0.0,-0.000684,0.0,-0.000927,0.0,-0.000765,-0.001476,-5.2e-05,-2.9e-05,-0.00093,-0.0,-0.0,0.0,-5.4e-05,-0.001035,-0.001049,0.0,-0.000803,-0.000471,-0.002121,-0.002128,0.0,-0.001238,-0.0,-0.001593,-0.000303,0.0,-0.000426,-0.002091,-0.001057,-0.00092,-0.00151,-0.002133,-0.000453,-0.000299,-0.000166,-0.0,-0.00024,-0.000598,-0.001153,-0.000989
2017-05-29 17:05:00+02:00,0.0,0.0,-0.000272,-0.001732,-0.000335,-6.4e-05,-0.000392,-0.000557,-0.000828,-0.000131,-2.6e-05,0.0,-0.00134,-0.001229,-0.000512,-0.002181,-0.000144,0.0,-8.4e-05,-0.001897,0.0,-0.001876,-0.001173,0.0,-0.001689,-0.002476,-0.000504,0.0,-0.00047,-5.5e-05,-0.0,-0.000839,0.0,-0.000839,-0.001095,0.0,-0.000338,-0.001098,0.0,-0.002011,-0.000569,0.0,-0.000789,0.0,-0.000297,-0.000946,-0.000597,-0.000767,-0.000473,0.0,-2.3e-05,-0.000908,-0.001157,-0.00136,-0.0,0.0,-0.000214,-0.0,0.0,-0.000667,-0.000881,-0.00185,-0.001595,0.0,-0.000289,-0.002293,-0.000303,-0.000812,0.0,-0.000318,-0.000426,-0.000108,-6e-06,-0.000993,-0.001192,0.0,-0.000264,0.0,-0.000922,0.0,-0.001114,0.0,-0.001034,-0.001851,-0.000199,-0.000168,-0.001109,-0.0,-3.4e-05,0.0,-0.000147,-0.00124,-0.001288,0.0,-0.001002,-0.000754,-0.002508,-0.002517,0.0,-0.001601,-5.1e-05,-0.001937,-0.000425,0.0,-0.000548,-0.002529,-0.001289,-0.001249,-0.001847,-0.002524,-0.000582,-0.00042,-0.000284,-0.0,-0.000447,-0.000866,-0.001458,-0.001206
2017-05-29 17:06:00+02:00,0.0,0.0,-0.000314,-0.001879,-0.00039,-5.1e-05,-0.000426,-0.0006,-0.000902,-0.000152,-2.1e-05,0.0,-0.001459,-0.001343,-0.00058,-0.002357,-0.000142,0.0,-6.7e-05,-0.002056,0.0,-0.002032,-0.001271,0.0,-0.001848,-0.002668,-0.000543,0.0,-0.000519,-4.8e-05,-0.0,-0.000924,0.0,-0.000929,-0.001203,0.0,-0.0004,-0.001193,0.0,-0.002188,-0.000618,0.0,-0.000885,0.0,-0.000346,-0.00105,-0.000647,-0.000828,-0.000527,0.0,-1.9e-05,-0.000989,-0.001258,-0.001484,-0.0,0.0,-0.000237,-0.0,0.0,-0.000742,-0.000958,-0.002017,-0.001735,0.0,-0.000337,-0.002475,-0.000335,-0.000876,0.0,-0.000354,-0.000477,-0.000119,-5e-06,-0.001085,-0.001306,0.0,-0.000307,0.0,-0.001009,0.0,-0.001205,0.0,-0.001142,-0.002017,-0.000218,-0.000175,-0.001188,-0.0,-2.7e-05,0.0,-0.000171,-0.001342,-0.001403,0.0,-0.001097,-0.000859,-0.002699,-0.00271,0.0,-0.001757,-4.1e-05,-0.002098,-0.000471,0.0,-0.000595,-0.002735,-0.001399,-0.001384,-0.002003,-0.002719,-0.000632,-0.000467,-0.000325,-0.0,-0.000512,-0.000967,-0.001591,-0.001307
2017-05-29 17:07:00+02:00,0.0,0.0,-0.000353,-0.002109,-0.000448,-4.1e-05,-0.000465,-0.000657,-0.000994,-0.00017,-1.7e-05,0.0,-0.001667,-0.001544,-0.000674,-0.002643,-0.000126,0.0,-5.4e-05,-0.002319,0.0,-0.002292,-0.001423,0.0,-0.002058,-0.002989,-0.000589,0.0,-0.000581,-3.8e-05,-0.0,-0.001049,0.0,-0.001068,-0.00139,0.0,-0.000442,-0.001338,0.0,-0.002437,-0.0007,0.0,-0.001013,0.0,-0.000394,-0.001189,-0.000705,-0.000915,-0.000585,0.0,-1.5e-05,-0.001138,-0.001448,-0.001707,-0.0,0.0,-0.000253,-0.0,0.0,-0.00084,-0.001093,-0.002247,-0.001949,0.0,-0.000383,-0.002775,-0.000367,-0.000967,0.0,-0.000401,-0.000551,-0.000126,-4e-06,-0.001265,-0.001509,0.0,-0.000343,0.0,-0.001135,0.0,-0.001365,0.0,-0.001291,-0.002245,-0.000229,-0.000169,-0.001278,-0.0,-2.2e-05,0.0,-0.000197,-0.001532,-0.001603,0.0,-0.00128,-0.000966,-0.00302,-0.003034,0.0,-0.001959,-3.2e-05,-0.002355,-0.000526,0.0,-0.000667,-0.003046,-0.001587,-0.001545,-0.00225,-0.003045,-0.000715,-0.000524,-0.000376,-0.0,-0.000586,-0.001105,-0.00179,-0.001469
2017-05-29 17:08:00+02:00,0.0,0.0,-0.000737,-0.002844,-0.000828,-0.000235,-0.000651,-0.000891,-0.001407,-0.000351,-0.000103,0.0,-0.002205,-0.002146,-0.001128,-0.003489,-0.000424,0.0,-0.000282,-0.003147,0.0,-0.003113,-0.001989,0.0,-0.002956,-0.003852,-0.000793,0.0,-0.000836,-0.000175,-3.5e-05,-0.001565,0.0,-0.001628,-0.002056,0.0,-0.000923,-0.001888,0.0,-0.003411,-0.001003,0.0,-0.001566,0.0,-0.00076,-0.00174,-0.000939,-0.001226,-0.000902,0.0,-0.000102,-0.001603,-0.001981,-0.002276,-4.1e-05,0.0,-0.000599,-2.5e-05,0.0,-0.001299,-0.001523,-0.003181,-0.002651,0.0,-0.000779,-0.003648,-0.00054,-0.001289,0.0,-0.000628,-0.000858,-0.000311,-8e-05,-0.001801,-0.002151,0.0,-0.000702,0.0,-0.001648,0.0,-0.00183,0.0,-0.00186,-0.003177,-0.00054,-0.000485,-0.001597,-2.8e-05,-0.000111,0.0,-0.000392,-0.002052,-0.002153,0.0,-0.001805,-0.001594,-0.003868,-0.003883,0.0,-0.002836,-0.000161,-0.003141,-0.000768,0.0,-0.000944,-0.003897,-0.002096,-0.002315,-0.003015,-0.003898,-0.001021,-0.000767,-0.000625,-4.7e-05,-0.000998,-0.00168,-0.002461,-0.001953
2017-05-29 17:09:00+02:00,0.0,0.0,-0.000961,-0.003348,-0.001043,-0.000299,-0.000777,-0.001051,-0.001726,-0.000446,-0.000117,0.0,-0.002538,-0.002522,-0.001435,-0.004088,-0.000576,0.0,-0.000375,-0.003753,0.0,-0.003713,-0.002362,0.0,-0.003643,-0.004433,-0.000936,0.0,-0.000999,-0.000238,-2.8e-05,-0.00194,0.0,-0.002026,-0.002478,0.0,-0.001243,-0.002249,0.0,-0.004082,-0.001194,0.0,-0.001936,0.0,-0.000963,-0.002092,-0.001106,-0.001458,-0.001136,0.0,-0.000121,-0.00192,-0.002331,-0.002626,-3.3e-05,0.0,-0.000791,-2e-05,0.0,-0.001581,-0.00182,-0.003893,-0.003129,0.0,-0.001011,-0.004269,-0.000652,-0.00153,0.0,-0.000763,-0.001057,-0.000399,-8.9e-05,-0.002162,-0.002554,0.0,-0.000895,0.0,-0.001977,0.0,-0.002143,0.0,-0.002227,-0.003879,-0.000696,-0.000651,-0.001829,-2.2e-05,-0.000136,0.0,-0.000497,-0.002382,-0.002497,0.0,-0.002139,-0.002045,-0.004436,-0.004453,0.0,-0.003511,-0.000209,-0.00369,-0.000938,0.0,-0.001121,-0.004469,-0.002417,-0.002894,-0.003547,-0.004471,-0.001213,-0.000922,-0.000782,-3.8e-05,-0.00124,-0.002069,-0.002915,-0.002265
2017-05-29 17:10:00+02:00,0.0,0.0,-0.000845,-0.003357,-0.000932,-0.000239,-0.000752,-0.001036,-0.001761,-0.000377,-9.4e-05,0.0,-0.00269,-0.002635,-0.00142,-0.004139,-0.000461,0.0,-0.0003,-0.003814,0.0,-0.003771,-0.002327,0.0,-0.003718,-0.004536,-0.000921,0.0,-0.000971,-0.000191,-2.3e-05,-0.001971,0.0,-0.002053,-0.002541,0.0,-0.001153,-0.002207,0.0,-0.004208,-0.00117,0.0,-0.001891,0.0,-0.000846,-0.00203,-0.001095,-0.001473,-0.001133,0.0,-9.7e-05,-0.001939,-0.002352,-0.002781,-2.7e-05,0.0,-0.000658,-1.6e-05,0.0,-0.0015,-0.001838,-0.003983,-0.003126,0.0,-0.000901,-0.004331,-0.00062,-0.00155,0.0,-0.000721,-0.001033,-0.000319,-7.1e-05,-0.002185,-0.002651,0.0,-0.000758,0.0,-0.00192,0.0,-0.002165,0.0,-0.002173,-0.003969,-0.000557,-0.000521,-0.001933,-1.8e-05,-0.000109,0.0,-0.000433,-0.002419,-0.002632,0.0,-0.002142,-0.002014,-0.004546,-0.004566,0.0,-0.003579,-0.000167,-0.003718,-0.000924,0.0,-0.001099,-0.00475,-0.002555,-0.00292,-0.003567,-0.004586,-0.001191,-0.000889,-0.000747,-3e-05,-0.00114,-0.002031,-0.002899,-0.002381
2017-05-29 17:11:00+02:00,0.0,0.0,-0.000676,-0.003238,-0.000771,-0.000191,-0.000697,-0.000982,-0.001707,-0.000302,-7.5e-05,0.0,-0.002681,-0.002597,-0.001321,-0.004038,-0.000369,0.0,-0.00024,-0.003722,0.0,-0.003679,-0.002202,0.0,-0.003601,-0.004466,-0.00087,0.0,-0.000901,-0.000153,-1.8e-05,-0.001898,0.0,-0.00197,-0.002469,0.0,-0.000972,-0.002079,0.0,-0.004115,-0.001101,0.0,-0.001755,0.0,-0.000681,-0.001879,-0.001041,-0.00143,-0.001064,0.0,-7.7e-05,-0.001878,-0.002285,-0.00277,-2.1e-05,0.0,-0.000527,-1.3e-05,0.0,-0.001353,-0.001782,-0.00387,-0.003002,0.0,-0.000736,-0.004234,-0.000561,-0.001508,0.0,-0.000647,-0.000961,-0.000255,-5.7e-05,-0.002119,-0.002599,0.0,-0.000606,0.0,-0.001783,0.0,-0.002106,0.0,-0.002027,-0.003857,-0.000446,-0.000417,-0.00193,-1.4e-05,-8.7e-05,0.0,-0.000346,-0.002365,-0.002612,0.0,-0.002062,-0.001856,-0.004482,-0.004504,0.0,-0.003459,-0.000134,-0.003608,-0.000868,0.0,-0.001034,-0.004754,-0.002543,-0.002784,-0.003452,-0.004524,-0.001122,-0.000818,-0.000674,-2.4e-05,-0.000983,-0.001897,-0.002769,-0.002362
2017-05-29 17:12:00+02:00,0.0,0.0,-0.000541,-0.003171,-0.000645,-0.000153,-0.000655,-0.000945,-0.001666,-0.000241,-6e-05,0.0,-0.002697,-0.00259,-0.001247,-0.003992,-0.000295,0.0,-0.000192,-0.003667,0.0,-0.003623,-0.002123,0.0,-0.003518,-0.004451,-0.000833,0.0,-0.00085,-0.000122,-1.4e-05,-0.001851,0.0,-0.001918,-0.002433,0.0,-0.000819,-0.001996,0.0,-0.004054,-0.001058,0.0,-0.001649,0.0,-0.000551,-0.001772,-0.001001,-0.001397,-0.001008,0.0,-6.2e-05,-0.001843,-0.00226,-0.002787,-1.7e-05,0.0,-0.000421,-1e-05,0.0,-0.001246,-0.001748,-0.003791,-0.002927,0.0,-0.000599,-0.004194,-0.000516,-0.001477,0.0,-0.000594,-0.000906,-0.000204,-4.5e-05,-0.002086,-0.002582,0.0,-0.000485,0.0,-0.00169,0.0,-0.002081,0.0,-0.001924,-0.003779,-0.000356,-0.000333,-0.001923,-1.1e-05,-7e-05,0.0,-0.000277,-0.00235,-0.002619,0.0,-0.002025,-0.001728,-0.004471,-0.004494,0.0,-0.003371,-0.000107,-0.00355,-0.000823,0.0,-0.000992,-0.004778,-0.002552,-0.002679,-0.00339,-0.004516,-0.001079,-0.000765,-0.000616,-1.9e-05,-0.000864,-0.001795,-0.002687,-0.002359
2017-05-29 17:13:00+02:00,0.0,0.0,-0.000598,-0.003431,-0.00071,-0.000122,-0.0007,-0.001013,-0.001811,-0.000257,-4.8e-05,0.0,-0.003018,-0.00289,-0.001387,-0.004314,-0.000263,0.0,-0.000154,-0.003965,0.0,-0.003918,-0.002299,0.0,-0.003844,-0.004825,-0.000888,0.0,-0.00092,-9.8e-05,-1.2e-05,-0.00204,0.0,-0.002123,-0.002698,0.0,-0.00091,-0.002162,0.0,-0.004424,-0.001152,0.0,-0.001798,0.0,-0.000608,-0.001926,-0.001067,-0.001495,-0.001099,0.0,-5e-05,-0.002013,-0.002472,-0.003126,-1.4e-05,0.0,-0.000442,-8e-06,0.0,-0.001357,-0.001901,-0.004128,-0.003169,0.0,-0.000663,-0.004531,-0.000553,-0.001581,0.0,-0.000647,-0.000992,-0.0002,-3.6e-05,-0.002289,-0.002879,0.0,-0.000517,0.0,-0.001834,0.0,-0.002262,0.0,-0.00209,-0.004115,-0.000356,-0.00032,-0.002079,-9e-06,-5.6e-05,0.0,-0.000306,-0.002567,-0.002925,0.0,-0.002227,-0.001898,-0.004851,-0.004876,0.0,-0.00368,-8.6e-05,-0.003839,-0.000886,0.0,-0.001076,-0.005273,-0.002844,-0.002927,-0.003667,-0.004901,-0.001175,-0.000828,-0.000675,-1.5e-05,-0.000946,-0.001956,-0.002911,-0.002613
2017-05-29 17:14:00+02:00,0.0,0.0,-0.000839,-0.004022,-0.00095,-0.000114,-0.000826,-0.001187,-0.002164,-0.000358,-3.8e-05,0.0,-0.00346,-0.003406,-0.00176,-0.005008,-0.000394,0.0,-0.00019,-0.004647,0.0,-0.004595,-0.002732,0.0,-0.00462,-0.005563,-0.001032,0.0,-0.001104,-0.000146,-9e-06,-0.002498,0.0,-0.00262,-0.003295,0.0,-0.001239,-0.002578,0.0,-0.005242,-0.001392,0.0,-0.002206,0.0,-0.000833,-0.002321,-0.001233,-0.00174,-0.001347,0.0,-4e-05,-0.002413,-0.002938,-0.003595,-1.1e-05,0.0,-0.000636,-6e-06,0.0,-0.001673,-0.002268,-0.004919,-0.003722,0.0,-0.000918,-0.005252,-0.000665,-0.001835,0.0,-0.000806,-0.00123,-0.000289,-2.9e-05,-0.002757,-0.003439,0.0,-0.000715,0.0,-0.002209,0.0,-0.002663,0.0,-0.002507,-0.004914,-0.00051,-0.000473,-0.00231,-7e-06,-4.5e-05,0.0,-0.000428,-0.003036,-0.003385,0.0,-0.002673,-0.00237,-0.005577,-0.005599,0.0,-0.004416,-0.000103,-0.004475,-0.001063,0.0,-0.001291,-0.005921,-0.003264,-0.003549,-0.00428,-0.005624,-0.001418,-0.001001,-0.000854,-1.2e-05,-0.001212,-0.002382,-0.003429,-0.003015
2017-05-29 17:15:00+02:00,0.0,0.0,-0.001049,-0.004645,-0.001149,-9.1e-05,-0.000945,-0.001363,-0.002554,-0.000437,-3.1e-05,0.0,-0.003876,-0.003885,-0.002165,-0.005755,-0.000484,0.0,-0.000184,-0.005397,0.0,-0.005341,-0.003167,0.0,-0.005479,-0.006222,-0.001174,0.0,-0.001287,-0.000174,-7e-06,-0.00302,0.0,-0.003182,-0.003839,0.0,-0.001557,-0.00299,0.0,-0.005967,-0.001637,0.0,-0.00262,0.0,-0.001016,-0.002703,-0.0014,-0.002009,-0.001617,0.0,-3.2e-05,-0.002861,-0.003448,-0.004036,-9e-06,0.0,-0.000795,-5e-06,0.0,-0.001962,-0.002678,-0.005705,-0.004298,0.0,-0.001145,-0.005974,-0.000767,-0.002118,0.0,-0.000955,-0.001478,-0.000349,-2.3e-05,-0.00328,-0.003954,0.0,-0.000866,0.0,-0.002571,0.0,-0.003104,0.0,-0.002918,-0.005704,-0.000616,-0.000587,-0.002515,-6e-06,-3.6e-05,0.0,-0.000527,-0.003476,-0.003816,0.0,-0.003152,-0.002864,-0.006232,-0.006248,0.0,-0.005236,-9.3e-05,-0.00515,-0.001245,0.0,-0.00151,-0.006509,-0.003658,-0.004231,-0.004927,-0.006272,-0.001666,-0.00117,-0.001032,-1e-05,-0.001442,-0.002819,-0.00396,-0.003391
2017-05-29 17:16:00+02:00,0.0,0.0,-0.001039,-0.004912,-0.001069,-7.3e-05,-0.000944,-0.001388,-0.002787,-0.000407,-2.5e-05,0.0,-0.004095,-0.00415,-0.002366,-0.006118,-0.000388,0.0,-0.000148,-0.00576,0.0,-0.005699,-0.003244,0.0,-0.005999,-0.006623,-0.00119,0.0,-0.001333,-0.000139,-6e-06,-0.003312,0.0,-0.003495,-0.004153,0.0,-0.001663,-0.003052,0.0,-0.00642,-0.001674,0.0,-0.002753,0.0,-0.000927,-0.002809,-0.001457,-0.002126,-0.001755,0.0,-2.5e-05,-0.003057,-0.003678,-0.00427,-7e-06,0.0,-0.000749,-4e-06,0.0,-0.001928,-0.002856,-0.006205,-0.004536,0.0,-0.001144,-0.006371,-0.000748,-0.002243,0.0,-0.000935,-0.001555,-0.000294,-1.9e-05,-0.003514,-0.004245,0.0,-0.000808,0.0,-0.002597,0.0,-0.003301,0.0,-0.003041,-0.006196,-0.000493,-0.000508,-0.002635,-5e-06,-2.9e-05,0.0,-0.000477,-0.003721,-0.004047,0.0,-0.003355,-0.003111,-0.006619,-0.006637,0.0,-0.005732,-7.4e-05,-0.005461,-0.001305,0.0,-0.00154,-0.006852,-0.003866,-0.004624,-0.005219,-0.006664,-0.001705,-0.001207,-0.001072,-8e-06,-0.001382,-0.00297,-0.004171,-0.003592
2017-05-29 17:17:00+02:00,0.0,0.0,-0.000831,-0.004674,-0.000855,-5.8e-05,-0.000831,-0.001267,-0.002689,-0.000326,-2e-05,0.0,-0.00411,-0.00413,-0.002207,-0.005894,-0.00031,0.0,-0.000118,-0.00553,0.0,-0.005469,-0.002961,0.0,-0.005794,-0.006459,-0.001079,0.0,-0.001214,-0.000111,-5e-06,-0.003178,0.0,-0.003346,-0.004052,0.0,-0.001412,-0.002767,0.0,-0.00631,-0.001515,0.0,-0.002508,0.0,-0.000742,-0.002556,-0.001363,-0.002024,-0.001648,0.0,-2e-05,-0.002909,-0.003522,-0.004288,-6e-06,0.0,-0.000599,-3e-06,0.0,-0.001624,-0.002718,-0.006037,-0.004297,0.0,-0.000915,-0.006159,-0.000631,-0.002142,0.0,-0.000782,-0.001419,-0.000235,-1.5e-05,-0.003349,-0.004197,0.0,-0.000646,0.0,-0.002306,0.0,-0.003164,0.0,-0.00279,-0.006026,-0.000394,-0.000406,-0.002662,-4e-06,-2.3e-05,0.0,-0.000382,-0.003589,-0.004066,0.0,-0.003186,-0.002879,-0.006465,-0.006487,0.0,-0.005532,-5.9e-05,-0.005231,-0.001202,0.0,-0.001393,-0.006929,-0.003886,-0.004412,-0.004987,-0.006517,-0.001546,-0.001087,-0.000944,-6e-06,-0.001105,-0.002727,-0.00393,-0.003598
2017-05-29 17:18:00+02:00,0.0,0.0,-0.000665,-0.004154,-0.000684,-4.7e-05,-0.000665,-0.001073,-0.002397,-0.000261,-1.6e-05,0.0,-0.003536,-0.003672,-0.001867,-0.005321,-0.000248,0.0,-9.4e-05,-0.004948,0.0,-0.004891,-0.002504,0.0,-0.005159,-0.005894,-0.000906,0.0,-0.001016,-8.9e-05,-4e-06,-0.002808,0.0,-0.002944,-0.003625,0.0,-0.00113,-0.002317,0.0,-0.005696,-0.00127,0.0,-0.002076,0.0,-0.000593,-0.00213,-0.001186,-0.001796,-0.001408,0.0,-1.6e-05,-0.002575,-0.003157,-0.003672,-4e-06,0.0,-0.000479,-3e-06,0.0,-0.001299,-0.002408,-0.005408,-0.003796,0.0,-0.000732,-0.00558,-0.000504,-0.00191,0.0,-0.000625,-0.001181,-0.000188,-1.2e-05,-0.002969,-0.003787,0.0,-0.000517,0.0,-0.001874,0.0,-0.002843,0.0,-0.002355,-0.005397,-0.000315,-0.000325,-0.002463,-3e-06,-1.8e-05,0.0,-0.000305,-0.003241,-0.003536,0.0,-0.002822,-0.002393,-0.005906,-0.005929,0.0,-0.004912,-4.7e-05,-0.004688,-0.001013,0.0,-0.001166,-0.006371,-0.003387,-0.003851,-0.004454,-0.00596,-0.0013,-0.000895,-0.000755,-5e-06,-0.000884,-0.002283,-0.003443,-0.003229
2017-05-29 17:19:00+02:00,0.0,0.0,-0.000532,-0.003556,-0.000548,-3.7e-05,-0.000532,-0.000875,-0.002049,-0.000209,-1.3e-05,0.0,-0.002825,-0.002893,-0.001506,-0.004624,-0.000199,0.0,-7.6e-05,-0.00425,0.0,-0.004198,-0.002037,0.0,-0.004399,-0.005168,-0.000729,0.0,-0.000813,-7.1e-05,-3e-06,-0.002375,0.0,-0.002477,-0.002954,0.0,-0.000904,-0.001864,0.0,-0.00491,-0.001026,0.0,-0.001661,0.0,-0.000475,-0.001704,-0.000993,-0.001532,-0.001146,0.0,-1.3e-05,-0.002188,-0.002721,-0.002893,-4e-06,0.0,-0.000383,-2e-06,0.0,-0.00104,-0.002049,-0.004633,-0.003227,0.0,-0.000586,-0.004864,-0.000404,-0.001638,0.0,-0.0005,-0.000945,-0.000151,-1e-05,-0.002525,-0.002954,0.0,-0.000414,0.0,-0.001499,0.0,-0.002461,0.0,-0.001904,-0.004625,-0.000252,-0.00026,-0.002178,-2e-06,-1.5e-05,0.0,-0.000244,-0.002751,-0.002825,0.0,-0.002403,-0.001914,-0.005187,-0.005208,0.0,-0.004171,-3.8e-05,-0.004045,-0.000811,0.0,-0.00094,-0.005349,-0.002751,-0.00321,-0.00383,-0.005235,-0.001053,-0.000716,-0.000604,-4e-06,-0.000707,-0.001826,-0.002902,-0.002675
2017-05-29 17:20:00+02:00,0.0,0.0,-0.000426,-0.002942,-0.000438,-3e-05,-0.000425,-0.0007,-0.001672,-0.000167,-1e-05,0.0,-0.002383,-0.002411,-0.001205,-0.003899,-0.000159,0.0,-6e-05,-0.003539,0.0,-0.003494,-0.00163,0.0,-0.003584,-0.0044,-0.000583,0.0,-0.000651,-5.7e-05,-2e-06,-0.001923,0.0,-0.001998,-0.00243,0.0,-0.000723,-0.001492,0.0,-0.004054,-0.00082,0.0,-0.001329,0.0,-0.00038,-0.001363,-0.000794,-0.001262,-0.000917,0.0,-1e-05,-0.001806,-0.002282,-0.00244,-3e-06,0.0,-0.000307,-2e-06,0.0,-0.000832,-0.001692,-0.0038,-0.002646,0.0,-0.000469,-0.004117,-0.000323,-0.001358,0.0,-0.0004,-0.000756,-0.00012,-8e-06,-0.002088,-0.002449,0.0,-0.000331,0.0,-0.0012,0.0,-0.002071,0.0,-0.001523,-0.003794,-0.000202,-0.000208,-0.001837,-2e-06,-1.2e-05,0.0,-0.000195,-0.002328,-0.002372,0.0,-0.001986,-0.001532,-0.004422,-0.004441,0.0,-0.003377,-3e-05,-0.00338,-0.000649,0.0,-0.000752,-0.004515,-0.002317,-0.002568,-0.003186,-0.004464,-0.000842,-0.000573,-0.000483,-3e-06,-0.000566,-0.001461,-0.002352,-0.002241
2017-05-29 17:21:00+02:00,0.0,0.0,-0.00034,-0.002476,-0.00035,-2.4e-05,-0.00034,-0.00056,-0.001373,-0.000133,-8e-06,0.0,-0.002029,-0.002027,-0.000964,-0.003337,-0.000127,0.0,-4.8e-05,-0.003,0.0,-0.00296,-0.001304,0.0,-0.002939,-0.003796,-0.000466,0.0,-0.00052,-4.6e-05,-2e-06,-0.001565,0.0,-0.00162,-0.002015,0.0,-0.000578,-0.001193,0.0,-0.003375,-0.000656,0.0,-0.001063,0.0,-0.000304,-0.00109,-0.000647,-0.001061,-0.000733,0.0,-8e-06,-0.001516,-0.001941,-0.002077,-2e-06,0.0,-0.000245,-1e-06,0.0,-0.000665,-0.001421,-0.003142,-0.002208,0.0,-0.000375,-0.003534,-0.000258,-0.001147,0.0,-0.00032,-0.000605,-9.6e-05,-6e-06,-0.001754,-0.002048,0.0,-0.000265,0.0,-0.00096,0.0,-0.001768,0.0,-0.001218,-0.003139,-0.000161,-0.000166,-0.001563,-2e-06,-9e-06,0.0,-0.000156,-0.001995,-0.00201,0.0,-0.001667,-0.001225,-0.00382,-0.003837,0.0,-0.002749,-2.4e-05,-0.00287,-0.000519,0.0,-0.000601,-0.003845,-0.001969,-0.002055,-0.002695,-0.003858,-0.000674,-0.000458,-0.000387,-3e-06,-0.000453,-0.001169,-0.001942,-0.001894
2017-05-29 17:22:00+02:00,0.0,0.0,-0.000272,-0.002217,-0.00028,-1.9e-05,-0.000276,-0.000489,-0.001194,-0.000107,-6e-06,0.0,-0.001818,-0.001792,-0.000789,-0.003006,-0.000102,0.0,-3.9e-05,-0.002678,0.0,-0.002642,-0.00113,0.0,-0.002549,-0.003435,-0.000403,0.0,-0.000446,-3.7e-05,-2e-06,-0.001345,0.0,-0.001387,-0.001756,0.0,-0.000463,-0.001023,0.0,-0.002963,-0.000562,0.0,-0.000878,0.0,-0.000243,-0.000928,-0.000578,-0.000949,-0.000608,0.0,-7e-06,-0.00134,-0.001731,-0.00186,-2e-06,0.0,-0.000196,-1e-06,0.0,-0.000532,-0.001259,-0.002744,-0.001972,0.0,-0.0003,-0.003188,-0.000207,-0.001028,0.0,-0.000256,-0.000503,-7.7e-05,-5e-06,-0.001548,-0.001801,0.0,-0.000212,0.0,-0.000793,0.0,-0.001585,0.0,-0.001051,-0.002742,-0.000129,-0.000133,-0.001401,-1e-06,-7e-06,0.0,-0.000125,-0.001793,-0.001791,0.0,-0.001476,-0.00098,-0.00346,-0.003477,0.0,-0.002375,-1.9e-05,-0.002579,-0.00044,0.0,-0.000516,-0.003443,-0.001759,-0.00175,-0.002418,-0.003496,-0.000579,-0.000385,-0.000309,-2e-06,-0.000362,-0.00098,-0.001727,-0.001682
2017-05-29 17:23:00+02:00,0.0,0.0,-0.000218,-0.002125,-0.000224,-1.5e-05,-0.000258,-0.000467,-0.001114,-8.5e-05,-5e-06,0.0,-0.00173,-0.001687,-0.000715,-0.002872,-8.1e-05,0.0,-3.1e-05,-0.002523,0.0,-0.00249,-0.001072,0.0,-0.002375,-0.003287,-0.000386,0.0,-0.000431,-2.9e-05,-1e-06,-0.001242,0.0,-0.001277,-0.001632,0.0,-0.00037,-0.000967,0.0,-0.002771,-0.000528,0.0,-0.000813,0.0,-0.000194,-0.000896,-0.000566,-0.000899,-0.00056,0.0,-5e-06,-0.001251,-0.001637,-0.001772,-1e-06,0.0,-0.000157,-1e-06,0.0,-0.000458,-0.001179,-0.002561,-0.001895,0.0,-0.00024,-0.003045,-0.000179,-0.000972,0.0,-0.000218,-0.000464,-6.2e-05,-4e-06,-0.001442,-0.001688,0.0,-0.000169,0.0,-0.000739,0.0,-0.001503,0.0,-0.001017,-0.002557,-0.000103,-0.000106,-0.001326,-1e-06,-6e-06,0.0,-0.0001,-0.001704,-0.001696,0.0,-0.001397,-0.000887,-0.00331,-0.003327,0.0,-0.002214,-1.6e-05,-0.002468,-0.000414,0.0,-0.000485,-0.003266,-0.001668,-0.001628,-0.002316,-0.003347,-0.000544,-0.00037,-0.000275,-2e-06,-0.00029,-0.000913,-0.001665,-0.001584
2017-05-29 17:24:00+02:00,0.0,0.0,-0.000208,-0.002167,-0.000211,-1.2e-05,-0.000277,-0.000486,-0.001114,-8.5e-05,-4e-06,0.0,-0.001758,-0.001701,-0.000727,-0.002894,-6.5e-05,0.0,-2.5e-05,-0.002519,0.0,-0.002486,-0.001115,0.0,-0.002379,-0.003306,-0.000407,0.0,-0.000462,-2.3e-05,-1e-06,-0.001237,0.0,-0.001273,-0.001628,0.0,-0.000372,-0.00101,0.0,-0.002772,-0.000544,0.0,-0.000852,0.0,-0.000173,-0.000967,-0.000596,-0.000904,-0.000576,0.0,-4e-06,-0.001243,-0.001636,-0.001804,-1e-06,0.0,-0.000126,-1e-06,0.0,-0.000478,-0.001173,-0.002563,-0.001946,0.0,-0.000235,-0.003064,-0.000189,-0.000974,0.0,-0.000224,-0.000479,-4.9e-05,-3e-06,-0.001429,-0.001698,0.0,-0.00017,0.0,-0.000779,0.0,-0.001503,0.0,-0.001087,-0.002556,-8.3e-05,-8.5e-05,-0.001328,-1e-06,-5e-06,0.0,-8.7e-05,-0.001706,-0.001716,0.0,-0.001409,-0.000925,-0.003326,-0.003345,0.0,-0.00223,-1.2e-05,-0.002502,-0.000432,0.0,-0.000503,-0.003296,-0.001687,-0.00166,-0.002355,-0.003367,-0.000561,-0.0004,-0.000288,-1e-06,-0.000294,-0.000954,-0.001726,-0.00159
2017-05-29 17:25:00+02:00,0.0,0.0,-0.000253,-0.002285,-0.000247,-1e-05,-0.000312,-0.000526,-0.001156,-0.000107,-3e-06,0.0,-0.001861,-0.001794,-0.000789,-0.003009,-5.6e-05,0.0,-2e-05,-0.002625,0.0,-0.002592,-0.001217,0.0,-0.002481,-0.003425,-0.000446,0.0,-0.000514,-1.9e-05,-1e-06,-0.001289,0.0,-0.001334,-0.001705,0.0,-0.000432,-0.00111,0.0,-0.002888,-0.000592,0.0,-0.000956,0.0,-0.000201,-0.00109,-0.000645,-0.000945,-0.000622,0.0,-3e-06,-0.001295,-0.001696,-0.001917,-1e-06,0.0,-0.000151,-1e-06,0.0,-0.00055,-0.001221,-0.002674,-0.002069,0.0,-0.000285,-0.003179,-0.000217,-0.001013,0.0,-0.000255,-0.00053,-6.1e-05,-2e-06,-0.001488,-0.001789,0.0,-0.000216,0.0,-0.000874,0.0,-0.001554,0.0,-0.001211,-0.002663,-7.5e-05,-8.8e-05,-0.001369,-1e-06,-4e-06,0.0,-9.9e-05,-0.001766,-0.001811,0.0,-0.001481,-0.001031,-0.00344,-0.003462,0.0,-0.002342,-1e-05,-0.002621,-0.000476,0.0,-0.000548,-0.003452,-0.001775,-0.001775,-0.002475,-0.003488,-0.000609,-0.000451,-0.00033,-1e-06,-0.000349,-0.001063,-0.001854,-0.001659
2017-05-29 17:26:00+02:00,0.0,0.0,-0.000344,-0.002481,-0.000327,-8e-06,-0.000364,-0.000587,-0.001242,-0.000148,-3e-06,0.0,-0.002046,-0.00197,-0.000906,-0.003221,-9.3e-05,0.0,-1.6e-05,-0.002828,0.0,-0.002792,-0.001375,0.0,-0.002688,-0.003649,-0.000501,0.0,-0.000589,-2.6e-05,-1e-06,-0.001401,0.0,-0.001462,-0.001864,0.0,-0.00055,-0.001265,0.0,-0.003126,-0.000669,0.0,-0.001115,0.0,-0.000274,-0.001267,-0.000711,-0.001015,-0.000702,0.0,-3e-06,-0.0014,-0.001819,-0.002116,-1e-06,0.0,-0.000222,-0.0,0.0,-0.00067,-0.001317,-0.0029,-0.002265,0.0,-0.000381,-0.003394,-0.000261,-0.001083,0.0,-0.000309,-0.00061,-9.7e-05,-2e-06,-0.001611,-0.001967,0.0,-0.000304,0.0,-0.001019,0.0,-0.001656,0.0,-0.00139,-0.002883,-0.000113,-0.000138,-0.001453,-1e-06,-3e-06,0.0,-0.000135,-0.001885,-0.001987,0.0,-0.001613,-0.001207,-0.003657,-0.003683,0.0,-0.002557,-1e-05,-0.002827,-0.000541,0.0,-0.000619,-0.003744,-0.001938,-0.001978,-0.002679,-0.003715,-0.000687,-0.000523,-0.000395,-1e-06,-0.000448,-0.001229,-0.002051,-0.001796
2017-05-29 17:27:00+02:00,0.0,0.0,-0.000425,-0.002624,-0.000392,-6e-06,-0.000408,-0.000635,-0.001321,-0.000186,-2e-06,0.0,-0.002169,-0.002085,-0.000993,-0.00337,-0.000136,0.0,-1.6e-05,-0.002969,0.0,-0.002933,-0.001485,0.0,-0.002862,-0.003807,-0.000548,0.0,-0.00065,-3.9e-05,-1e-06,-0.001488,0.0,-0.001554,-0.001968,0.0,-0.000662,-0.001374,0.0,-0.003314,-0.000721,0.0,-0.00124,0.0,-0.000333,-0.001404,-0.000773,-0.001075,-0.000774,0.0,-2e-06,-0.001466,-0.00189,-0.002246,-1e-06,0.0,-0.000288,-0.0,0.0,-0.00076,-0.00138,-0.003081,-0.00241,0.0,-0.000465,-0.003545,-0.000299,-0.001143,0.0,-0.00035,-0.000671,-0.00013,-2e-06,-0.001681,-0.002082,0.0,-0.000383,0.0,-0.001124,0.0,-0.001723,0.0,-0.001528,-0.00306,-0.000148,-0.000189,-0.001539,-0.0,-2e-06,0.0,-0.000164,-0.001959,-0.002105,0.0,-0.00169,-0.001361,-0.003811,-0.003839,0.0,-0.002739,-1.8e-05,-0.002974,-0.000598,0.0,-0.000669,-0.003968,-0.002052,-0.002149,-0.002825,-0.003874,-0.000738,-0.000582,-0.000448,-1e-06,-0.000526,-0.001359,-0.002197,-0.001897
2017-05-29 17:28:00+02:00,0.0,0.0,-0.00034,-0.00248,-0.000313,-5e-06,-0.00037,-0.00059,-0.001245,-0.000149,-2e-06,0.0,-0.00205,-0.00196,-0.000906,-0.003198,-0.000109,0.0,-1.3e-05,-0.002799,0.0,-0.002765,-0.00137,0.0,-0.002689,-0.003623,-0.000508,0.0,-0.000605,-3.1e-05,-0.0,-0.001388,0.0,-0.001444,-0.001838,0.0,-0.00055,-0.001262,0.0,-0.003121,-0.000661,0.0,-0.001132,0.0,-0.000267,-0.001301,-0.000733,-0.001016,-0.000717,0.0,-2e-06,-0.001372,-0.00178,-0.00212,-0.0,0.0,-0.00023,-0.0,0.0,-0.000656,-0.001294,-0.002897,-0.002274,0.0,-0.000372,-0.003367,-0.00026,-0.001082,0.0,-0.0003,-0.000613,-0.000104,-1e-06,-0.00157,-0.001952,0.0,-0.000307,0.0,-0.001018,0.0,-0.001629,0.0,-0.001423,-0.002878,-0.000118,-0.000152,-0.001469,-0.0,-2e-06,0.0,-0.000131,-0.001854,-0.001985,0.0,-0.001583,-0.00124,-0.003628,-0.003655,0.0,-0.00257,-1.4e-05,-0.002816,-0.000554,0.0,-0.000614,-0.003763,-0.00194,-0.002004,-0.002673,-0.003688,-0.000678,-0.000539,-0.000399,-1e-06,-0.000423,-0.001247,-0.002069,-0.001792
2017-05-29 17:29:00+02:00,0.0,0.0,-0.000272,-0.002249,-0.000251,-4e-06,-0.000309,-0.000518,-0.001118,-0.000119,-1e-06,0.0,-0.001853,-0.00176,-0.000773,-0.002924,-8.7e-05,0.0,-1e-05,-0.002537,0.0,-0.002506,-0.001195,0.0,-0.002407,-0.003328,-0.000443,0.0,-0.00053,-2.5e-05,-0.0,-0.001233,0.0,-0.001276,-0.001639,0.0,-0.00044,-0.001093,0.0,-0.002806,-0.000573,0.0,-0.000964,0.0,-0.000213,-0.001132,-0.000661,-0.000922,-0.000621,0.0,-1e-06,-0.001234,-0.001617,-0.001914,-0.0,0.0,-0.000184,-0.0,0.0,-0.000524,-0.001167,-0.002597,-0.002054,0.0,-0.000297,-0.003084,-0.000208,-0.000984,0.0,-0.00024,-0.000525,-8.3e-05,-1e-06,-0.00141,-0.001747,0.0,-0.000245,0.0,-0.000858,0.0,-0.001487,0.0,-0.00125,-0.002581,-9.5e-05,-0.000121,-0.001342,-0.0,-2e-06,0.0,-0.000105,-0.001693,-0.001791,0.0,-0.001425,-0.001042,-0.003336,-0.003361,0.0,-0.002292,-1.1e-05,-0.002565,-0.000481,0.0,-0.000533,-0.003415,-0.001754,-0.001763,-0.002429,-0.003391,-0.000589,-0.000466,-0.000325,-0.0,-0.000338,-0.001072,-0.00186,-0.001619
2017-05-29 17:30:00+02:00,0.0,0.0,-0.000218,-0.002015,-0.0002,-3e-06,-0.000251,-0.000449,-0.000989,-9.5e-05,-1e-06,0.0,-0.001647,-0.001554,-0.000645,-0.002641,-7e-05,0.0,-8e-06,-0.002274,0.0,-0.002246,-0.001028,0.0,-0.002119,-0.00302,-0.000381,0.0,-0.000457,-2e-05,-0.0,-0.001077,0.0,-0.001108,-0.001437,0.0,-0.000352,-0.000932,0.0,-0.002482,-0.000489,0.0,-0.000806,0.0,-0.000171,-0.000968,-0.000589,-0.000828,-0.000526,0.0,-1e-06,-0.001098,-0.00145,-0.001698,-0.0,0.0,-0.000147,-0.0,0.0,-0.00042,-0.00104,-0.00229,-0.001832,0.0,-0.000238,-0.002791,-0.000166,-0.000887,0.0,-0.000192,-0.000441,-6.7e-05,-1e-06,-0.001252,-0.001537,0.0,-0.000196,0.0,-0.000709,0.0,-0.001341,0.0,-0.00108,-0.002278,-7.6e-05,-9.7e-05,-0.001209,-0.0,-1e-06,0.0,-8.4e-05,-0.001528,-0.001589,0.0,-0.001265,-0.000851,-0.003031,-0.003053,0.0,-0.002009,-9e-06,-0.002307,-0.000411,0.0,-0.000455,-0.00305,-0.001561,-0.001522,-0.00218,-0.003079,-0.000504,-0.000396,-0.00026,-0.0,-0.000271,-0.000906,-0.00165,-0.00144
2017-05-29 17:31:00+02:00,0.0,0.0,-0.000174,-0.001768,-0.00016,-3e-06,-0.000201,-0.000378,-0.000847,-7.6e-05,-1e-06,0.0,-0.001431,-0.00134,-0.000516,-0.002342,-5.6e-05,0.0,-7e-06,-0.002018,0.0,-0.001992,-0.000862,0.0,-0.001807,-0.002692,-0.000317,0.0,-0.000379,-1.6e-05,-0.0,-0.000911,0.0,-0.000933,-0.001229,0.0,-0.000282,-0.000772,0.0,-0.002137,-0.000407,0.0,-0.000651,0.0,-0.000136,-0.000798,-0.00051,-0.000735,-0.000422,0.0,-1e-06,-0.000966,-0.001278,-0.001473,-0.0,0.0,-0.000118,-0.0,0.0,-0.000336,-0.000918,-0.001963,-0.001599,0.0,-0.00019,-0.00248,-0.000133,-0.00079,0.0,-0.000153,-0.00036,-5.3e-05,-1e-06,-0.001099,-0.00132,0.0,-0.000157,0.0,-0.000568,0.0,-0.001188,0.0,-0.000903,-0.001954,-6.1e-05,-7.8e-05,-0.001062,-0.0,-1e-06,0.0,-6.7e-05,-0.001355,-0.001377,0.0,-0.001102,-0.000681,-0.002706,-0.002725,0.0,-0.001702,-7e-06,-0.002035,-0.000342,0.0,-0.000378,-0.002661,-0.001357,-0.001263,-0.001919,-0.002747,-0.00042,-0.000322,-0.000208,-0.0,-0.000217,-0.000744,-0.001429,-0.001251
2017-05-29 17:32:00+02:00,0.0,0.0,-0.000139,-0.001568,-0.000128,-2e-06,-0.000161,-0.000319,-0.000743,-6.1e-05,-1e-06,0.0,-0.00127,-0.001179,-0.000423,-0.002097,-4.5e-05,0.0,-5e-06,-0.001799,0.0,-0.001775,-0.000724,0.0,-0.00158,-0.002422,-0.000264,0.0,-0.00032,-1.3e-05,-0.0,-0.00079,0.0,-0.000804,-0.001073,0.0,-0.000225,-0.00064,0.0,-0.001882,-0.000338,0.0,-0.000529,0.0,-0.000109,-0.000669,-0.000448,-0.000656,-0.000351,0.0,-1e-06,-0.000854,-0.001137,-0.001304,-0.0,0.0,-9.4e-05,-0.0,0.0,-0.000269,-0.000814,-0.001722,-0.001411,0.0,-0.000152,-0.002224,-0.000106,-0.000707,0.0,-0.000123,-0.000296,-4.3e-05,-1e-06,-0.000971,-0.001157,0.0,-0.000126,0.0,-0.000454,0.0,-0.001063,0.0,-0.000767,-0.001715,-4.8e-05,-6.2e-05,-0.000954,-0.0,-1e-06,0.0,-5.4e-05,-0.001213,-0.001219,0.0,-0.00097,-0.000545,-0.002437,-0.002454,0.0,-0.00148,-6e-06,-0.001814,-0.000286,0.0,-0.000314,-0.002371,-0.001205,-0.001079,-0.001706,-0.002473,-0.000351,-0.000267,-0.000167,-0.0,-0.000173,-0.000615,-0.001254,-0.001111
2017-05-29 17:33:00+02:00,0.0,0.0,-0.000111,-0.001407,-0.000103,-2e-06,-0.000129,-0.000272,-0.000666,-4.9e-05,-1e-06,0.0,-0.001148,-0.001058,-0.000355,-0.001896,-3.6e-05,0.0,-4e-06,-0.001616,0.0,-0.001595,-0.000614,0.0,-0.001409,-0.002201,-0.000222,0.0,-0.000275,-1e-05,-0.0,-0.000699,0.0,-0.000707,-0.000954,0.0,-0.00018,-0.000535,0.0,-0.00169,-0.000284,0.0,-0.000434,0.0,-8.7e-05,-0.00057,-0.000399,-0.000589,-0.0003,0.0,-1e-06,-0.000762,-0.001023,-0.001176,-0.0,0.0,-7.5e-05,-0.0,0.0,-0.000215,-0.000727,-0.001541,-0.001261,0.0,-0.000122,-0.002016,-8.5e-05,-0.000637,0.0,-9.8e-05,-0.000245,-3.4e-05,-0.0,-0.000864,-0.001033,0.0,-0.0001,0.0,-0.000363,0.0,-0.00096,0.0,-0.000662,-0.001536,-3.9e-05,-5e-05,-0.000875,-0.0,-1e-06,0.0,-4.3e-05,-0.001097,-0.001099,0.0,-0.000863,-0.000442,-0.002217,-0.002232,0.0,-0.001314,-5e-06,-0.001634,-0.000242,0.0,-0.000263,-0.002153,-0.00109,-0.000944,-0.001533,-0.002248,-0.000296,-0.000225,-0.000133,-0.0,-0.000139,-0.000513,-0.001114,-0.001005
2017-05-29 17:34:00+02:00,0.0,0.0,-8.9e-05,-0.001289,-8.2e-05,-1e-06,-0.000103,-0.000239,-0.000608,-3.9e-05,-0.0,0.0,-0.001054,-0.000965,-0.000306,-0.001747,-2.9e-05,0.0,-3e-06,-0.001474,0.0,-0.001454,-0.000535,0.0,-0.00128,-0.002034,-0.000192,0.0,-0.000244,-8e-06,-0.0,-0.00063,0.0,-0.000635,-0.000864,0.0,-0.000144,-0.000461,0.0,-0.001545,-0.000245,0.0,-0.000364,0.0,-7e-05,-0.000502,-0.000365,-0.000538,-0.000264,0.0,-0.0,-0.00069,-0.000937,-0.001079,-0.0,0.0,-6e-05,-0.0,0.0,-0.000172,-0.00066,-0.001405,-0.001151,0.0,-9.7e-05,-0.001859,-6.8e-05,-0.000583,0.0,-7.9e-05,-0.000208,-2.7e-05,-0.0,-0.000781,-0.000939,0.0,-8e-05,0.0,-0.000297,0.0,-0.000884,0.0,-0.000589,-0.001402,-3.1e-05,-4e-05,-0.000813,-0.0,-1e-06,0.0,-3.4e-05,-0.00101,-0.001008,0.0,-0.000784,-0.00037,-0.002051,-0.002064,0.0,-0.001191,-4e-06,-0.001501,-0.000209,0.0,-0.000227,-0.001987,-0.001003,-0.000846,-0.001406,-0.00208,-0.000256,-0.000197,-0.000107,-0.0,-0.000111,-0.000438,-0.001013,-0.000924
2017-05-29 17:35:00+02:00,0.0,0.0,-7.1e-05,-0.001209,-6.6e-05,-1e-06,-8.7e-05,-0.000219,-0.000569,-3.1e-05,-0.0,0.0,-0.000989,-0.0009,-0.000276,-0.001643,-2.3e-05,0.0,-3e-06,-0.001378,0.0,-0.001359,-0.000485,0.0,-0.001194,-0.001918,-0.000175,0.0,-0.000226,-7e-06,-0.0,-0.000584,0.0,-0.000586,-0.000802,0.0,-0.000115,-0.000415,0.0,-0.001446,-0.000221,0.0,-0.000325,0.0,-5.6e-05,-0.000461,-0.000344,-0.000504,-0.000244,0.0,-0.0,-0.000641,-0.000876,-0.00101,-0.0,0.0,-4.8e-05,-0.0,0.0,-0.000137,-0.000615,-0.001314,-0.001079,0.0,-7.8e-05,-0.00175,-5.4e-05,-0.000547,0.0,-6.3e-05,-0.000187,-2.2e-05,-0.0,-0.000724,-0.000873,0.0,-6.4e-05,0.0,-0.000257,0.0,-0.00083,0.0,-0.000545,-0.001311,-2.5e-05,-3.2e-05,-0.000773,-0.0,-0.0,0.0,-2.7e-05,-0.000948,-0.000945,0.0,-0.000729,-0.000329,-0.001934,-0.001946,0.0,-0.001109,-3e-06,-0.00141,-0.000191,0.0,-0.000205,-0.001872,-0.000942,-0.000784,-0.00132,-0.00196,-0.000232,-0.000181,-8.7e-05,-0.0,-8.9e-05,-0.000395,-0.000947,-0.000868
2017-05-29 17:36:00+02:00,0.0,0.0,-5.7e-05,-0.001153,-5.3e-05,-1e-06,-8e-05,-0.000208,-0.000546,-2.5e-05,-0.0,0.0,-0.000946,-0.000857,-0.000259,-0.001569,-1.8e-05,0.0,-2e-06,-0.001311,0.0,-0.001292,-0.000458,0.0,-0.001141,-0.001833,-0.000167,0.0,-0.000216,-5e-06,-0.0,-0.000555,0.0,-0.000555,-0.000761,0.0,-9.2e-05,-0.00039,0.0,-0.001384,-0.000207,0.0,-0.000302,0.0,-4.5e-05,-0.000438,-0.000331,-0.000482,-0.000234,0.0,-0.0,-0.000607,-0.000831,-0.000964,-0.0,0.0,-3.9e-05,-0.0,0.0,-0.00011,-0.000583,-0.001257,-0.001029,0.0,-6.2e-05,-0.001671,-4.4e-05,-0.000524,0.0,-5e-05,-0.000174,-1.8e-05,-0.0,-0.000683,-0.00083,0.0,-5.1e-05,0.0,-0.000237,0.0,-0.000791,0.0,-0.000518,-0.001255,-2e-05,-2.5e-05,-0.000749,-0.0,-0.0,0.0,-2.2e-05,-0.000903,-0.000903,0.0,-0.000689,-0.000311,-0.001849,-0.001861,0.0,-0.001059,-2e-06,-0.001345,-0.000181,0.0,-0.000193,-0.001798,-0.000902,-0.00075,-0.001258,-0.001874,-0.000218,-0.000172,-7.5e-05,-0.0,-7.1e-05,-0.000369,-0.000902,-0.000832
2017-05-29 17:37:00+02:00,0.0,0.0,-4.6e-05,-0.001137,-4.2e-05,-1e-06,-8e-05,-0.000207,-0.000539,-2e-05,-0.0,0.0,-0.000926,-0.000838,-0.000258,-0.00154,-1.5e-05,0.0,-2e-06,-0.00128,0.0,-0.001262,-0.000452,0.0,-0.001124,-0.001797,-0.000168,0.0,-0.000219,-4e-06,-0.0,-0.000544,0.0,-0.000543,-0.000742,0.0,-7.4e-05,-0.000386,0.0,-0.001362,-0.000204,0.0,-0.000302,0.0,-3.6e-05,-0.000442,-0.000333,-0.000474,-0.000237,0.0,-0.0,-0.000591,-0.000812,-0.000943,-0.0,0.0,-3.1e-05,-0.0,0.0,-9.1e-05,-0.000569,-0.001238,-0.001016,0.0,-5e-05,-0.00164,-3.6e-05,-0.000515,0.0,-4e-05,-0.000172,-1.4e-05,-0.0,-0.000663,-0.00081,0.0,-4.1e-05,0.0,-0.000237,0.0,-0.000775,0.0,-0.00052,-0.001236,-1.6e-05,-2e-05,-0.000742,-0.0,-0.0,0.0,-1.8e-05,-0.000882,-0.000884,0.0,-0.000673,-0.000316,-0.001813,-0.001824,0.0,-0.001045,-2e-06,-0.001323,-0.000181,0.0,-0.000191,-0.001768,-0.000884,-0.000746,-0.001239,-0.001837,-0.000215,-0.000176,-7.3e-05,-0.0,-5.7e-05,-0.000367,-0.000894,-0.000818
2017-05-29 17:38:00+02:00,0.0,0.0,-3.7e-05,-0.001158,-3.4e-05,-1e-06,-9.1e-05,-0.000218,-0.00055,-1.6e-05,-0.0,0.0,-0.000935,-0.000847,-0.000272,-0.001555,-1.2e-05,0.0,-1e-06,-0.001277,0.0,-0.001259,-0.000473,0.0,-0.001147,-0.00181,-0.000179,0.0,-0.000233,-3e-06,-0.0,-0.000555,0.0,-0.000554,-0.000751,0.0,-7.2e-05,-0.000407,0.0,-0.001384,-0.000214,0.0,-0.000318,0.0,-2.9e-05,-0.000472,-0.000346,-0.000475,-0.000252,0.0,-0.0,-0.000588,-0.000817,-0.000952,-0.0,0.0,-2.5e-05,-0.0,0.0,-9.6e-05,-0.000567,-0.001262,-0.001038,0.0,-4e-05,-0.001654,-3.9e-05,-0.000515,0.0,-4.2e-05,-0.000179,-1.1e-05,-0.0,-0.000658,-0.000818,0.0,-3.3e-05,0.0,-0.000259,0.0,-0.000781,0.0,-0.000549,-0.00126,-1.3e-05,-1.6e-05,-0.000754,-0.0,-0.0,0.0,-1.4e-05,-0.000887,-0.000893,0.0,-0.00068,-0.000347,-0.001825,-0.001836,0.0,-0.00107,-2e-06,-0.001341,-0.000189,0.0,-0.000201,-0.001791,-0.000894,-0.000774,-0.001258,-0.001849,-0.000224,-0.000191,-7.9e-05,-0.0,-4.5e-05,-0.000382,-0.000918,-0.000827
2017-05-29 17:39:00+02:00,0.0,0.0,-2.9e-05,-0.001213,-2.7e-05,-0.0,-0.00011,-0.000238,-0.000579,-1.9e-05,-0.0,0.0,-0.000973,-0.000884,-0.000304,-0.001614,-9e-06,0.0,-1e-06,-0.001297,0.0,-0.00128,-0.000517,0.0,-0.00121,-0.00187,-0.000199,0.0,-0.000258,-3e-06,-0.0,-0.000586,0.0,-0.000587,-0.000787,0.0,-9.7e-05,-0.00045,0.0,-0.001452,-0.000235,0.0,-0.00035,0.0,-2.3e-05,-0.000526,-0.00037,-0.000485,-0.00028,0.0,-0.0,-0.000597,-0.000845,-0.000991,-0.0,0.0,-2e-05,-0.0,0.0,-0.000123,-0.000575,-0.001329,-0.001094,0.0,-3.6e-05,-0.001713,-5.2e-05,-0.000523,0.0,-5.4e-05,-0.000194,-9e-06,-0.0,-0.000667,-0.000856,0.0,-3.8e-05,0.0,-0.000302,0.0,-0.000807,0.0,-0.000603,-0.001325,-1e-05,-1.3e-05,-0.000785,-0.0,-0.0,0.0,-1.1e-05,-0.000915,-0.000931,0.0,-0.000709,-0.000406,-0.001883,-0.001895,0.0,-0.001135,-1e-06,-0.001398,-0.000203,0.0,-0.000221,-0.001866,-0.00093,-0.000837,-0.001314,-0.001909,-0.000245,-0.000216,-9.3e-05,-0.0,-5.3e-05,-0.000414,-0.000974,-0.000861
2017-05-29 17:40:00+02:00,0.0,0.0,-4.8e-05,-0.001297,-3.8e-05,-0.0,-0.000134,-0.000265,-0.00062,-2.9e-05,-0.0,0.0,-0.001034,-0.000944,-0.000348,-0.001707,-7e-06,0.0,-1e-06,-0.001383,0.0,-0.001365,-0.00058,0.0,-0.001303,-0.001968,-0.000224,0.0,-0.00029,-2e-06,-0.0,-0.000633,0.0,-0.000637,-0.000844,0.0,-0.000139,-0.000511,0.0,-0.001553,-0.000264,0.0,-0.000417,0.0,-2.6e-05,-0.000598,-0.000401,-0.000517,-0.000316,0.0,-0.0,-0.000637,-0.000894,-0.001055,-0.0,0.0,-1.9e-05,-0.0,0.0,-0.000166,-0.000614,-0.001426,-0.001177,0.0,-6e-05,-0.001808,-7.1e-05,-0.000556,0.0,-7.3e-05,-0.000227,-1e-05,-0.0,-0.000714,-0.000917,0.0,-6e-05,0.0,-0.000361,0.0,-0.000851,0.0,-0.000676,-0.001421,-8e-06,-1e-05,-0.000826,-0.0,-0.0,0.0,-1.1e-05,-0.000962,-0.00099,0.0,-0.000759,-0.000481,-0.001977,-0.001991,0.0,-0.00123,-1e-06,-0.001487,-0.000233,0.0,-0.00025,-0.00198,-0.000986,-0.000923,-0.0014,-0.002007,-0.000275,-0.000247,-0.000121,-0.0,-7.9e-05,-0.000482,-0.001055,-0.000913
2017-05-29 17:41:00+02:00,0.0,0.0,-9.2e-05,-0.001425,-7e-05,-0.0,-0.000165,-0.0003,-0.00068,-4.8e-05,-0.0,0.0,-0.001139,-0.001049,-0.000418,-0.001856,-6e-06,0.0,-1e-06,-0.001527,0.0,-0.001508,-0.000673,0.0,-0.001448,-0.002129,-0.000257,0.0,-0.000332,-2e-06,-0.0,-0.000709,0.0,-0.000722,-0.000946,0.0,-0.000206,-0.000601,0.0,-0.001717,-0.000308,0.0,-0.000516,0.0,-5e-05,-0.0007,-0.000441,-0.000564,-0.000365,0.0,-0.0,-0.000708,-0.000976,-0.001168,-0.0,0.0,-4.3e-05,-0.0,0.0,-0.000232,-0.000678,-0.001583,-0.001301,0.0,-0.000109,-0.001961,-9.6e-05,-0.000605,0.0,-0.000102,-0.000275,-2.2e-05,-0.0,-0.000797,-0.001024,0.0,-0.000101,0.0,-0.000446,0.0,-0.00092,0.0,-0.00078,-0.001574,-6e-06,-1.6e-05,-0.000885,-0.0,-0.0,0.0,-2.2e-05,-0.001043,-0.001092,0.0,-0.000844,-0.00059,-0.002131,-0.002148,0.0,-0.001378,-1e-06,-0.001626,-0.000273,0.0,-0.00029,-0.00217,-0.001082,-0.001053,-0.001535,-0.002169,-0.000319,-0.000288,-0.00016,-0.0,-0.000127,-0.000585,-0.001176,-0.000998
2017-05-29 17:42:00+02:00,0.0,0.0,-0.000175,-0.001596,-0.000136,-0.0,-0.000209,-0.000351,-0.000766,-8.3e-05,-0.0,0.0,-0.001276,-0.001184,-0.000512,-0.002054,-4.3e-05,0.0,-1e-06,-0.00172,0.0,-0.001699,-0.000799,0.0,-0.001648,-0.002341,-0.000305,0.0,-0.00039,-1.2e-05,-0.0,-0.000812,0.0,-0.000834,-0.001076,0.0,-0.000312,-0.000722,0.0,-0.001938,-0.000367,0.0,-0.000653,0.0,-0.000109,-0.000837,-0.000498,-0.000634,-0.000436,0.0,-0.0,-0.000801,-0.001083,-0.001312,-0.0,0.0,-0.000108,-0.0,0.0,-0.00033,-0.000766,-0.001795,-0.001468,0.0,-0.000195,-0.002165,-0.000135,-0.000676,0.0,-0.000146,-0.000343,-5.1e-05,-0.0,-0.000905,-0.001162,0.0,-0.000175,0.0,-0.000561,0.0,-0.001014,0.0,-0.00092,-0.001781,-3.5e-05,-6.4e-05,-0.000973,-0.0,-0.0,0.0,-5e-05,-0.001148,-0.001226,0.0,-0.000952,-0.000742,-0.002337,-0.002357,0.0,-0.00158,-5e-06,-0.001811,-0.000332,0.0,-0.000346,-0.002423,-0.001209,-0.00123,-0.001715,-0.002384,-0.000379,-0.000344,-0.000216,-0.0,-0.000207,-0.000728,-0.001339,-0.001113
2017-05-29 17:43:00+02:00,0.0,0.0,-0.000204,-0.001718,-0.000153,-0.0,-0.00023,-0.000377,-0.000818,-9.4e-05,-0.0,0.0,-0.001386,-0.001294,-0.000575,-0.002205,-3.5e-05,0.0,-0.0,-0.001862,0.0,-0.00184,-0.000876,0.0,-0.001785,-0.002508,-0.000328,0.0,-0.000422,-9e-06,-0.0,-0.000885,0.0,-0.000918,-0.001181,0.0,-0.000358,-0.000795,0.0,-0.002097,-0.000403,0.0,-0.000735,0.0,-0.00012,-0.000922,-0.000527,-0.000674,-0.000474,0.0,-0.0,-0.00087,-0.00117,-0.001431,-0.0,0.0,-0.000121,-0.0,0.0,-0.000377,-0.000827,-0.001945,-0.001585,0.0,-0.000228,-0.002322,-0.000151,-0.000718,0.0,-0.000165,-0.000383,-5.6e-05,-0.0,-0.00099,-0.001275,0.0,-0.000199,0.0,-0.000627,0.0,-0.001083,0.0,-0.001008,-0.001926,-2.8e-05,-6.3e-05,-0.001022,-0.0,-0.0,0.0,-5.5e-05,-0.001232,-0.001331,0.0,-0.001039,-0.00083,-0.002495,-0.002519,0.0,-0.00172,-4e-06,-0.001948,-0.000362,0.0,-0.000377,-0.002614,-0.001307,-0.001346,-0.001845,-0.002552,-0.000415,-0.000375,-0.000246,-0.0,-0.000237,-0.000815,-0.00145,-0.001197
2017-05-29 17:44:00+02:00,0.0,0.0,-0.000309,-0.002005,-0.000235,-0.0,-0.000271,-0.000434,-0.000944,-0.000135,-0.0,0.0,-0.001675,-0.001586,-0.000751,-0.00256,-8.5e-05,0.0,-1e-06,-0.002196,0.0,-0.00217,-0.001066,0.0,-0.002127,-0.002899,-0.000374,0.0,-0.000495,-2.3e-05,-0.0,-0.001077,0.0,-0.001144,-0.001467,0.0,-0.000504,-0.000974,0.0,-0.002497,-0.000493,0.0,-0.000929,0.0,-0.000194,-0.001125,-0.000585,-0.000758,-0.000567,0.0,-0.0,-0.001043,-0.00139,-0.001746,-0.0,0.0,-0.000202,-0.0,0.0,-0.000507,-0.000978,-0.002323,-0.001862,0.0,-0.000336,-0.002691,-0.000187,-0.000805,0.0,-0.000219,-0.000482,-9.5e-05,-0.0,-0.001209,-0.001579,0.0,-0.00029,0.0,-0.00079,0.0,-0.001254,0.0,-0.001218,-0.002292,-6.5e-05,-0.000126,-0.001125,-0.0,-0.0,0.0,-9.1e-05,-0.001443,-0.001612,0.0,-0.001264,-0.001059,-0.002868,-0.0029,0.0,-0.002069,-9e-06,-0.002271,-0.000426,0.0,-0.000455,-0.003085,-0.001562,-0.001637,-0.002153,-0.002948,-0.000507,-0.000443,-0.000317,-0.0,-0.000341,-0.001023,-0.001716,-0.001413
2017-05-29 17:45:00+02:00,0.0,0.0,-0.000658,-0.002687,-0.000536,-0.00017,-0.000385,-0.000586,-0.001269,-0.000278,-6.4e-05,0.0,-0.002238,-0.002231,-0.001225,-0.003373,-0.000348,0.0,-0.000205,-0.00298,0.0,-0.002948,-0.001557,0.0,-0.002987,-0.003782,-0.000497,0.0,-0.000685,-0.00013,-0.0,-0.001575,0.0,-0.001722,-0.002171,0.0,-0.000957,-0.001443,0.0,-0.003475,-0.000736,0.0,-0.00144,0.0,-0.000481,-0.001643,-0.000731,-0.000968,-0.000819,0.0,-6.8e-05,-0.001468,-0.001905,-0.002359,-0.0,0.0,-0.00051,-0.0,0.0,-0.000893,-0.001351,-0.003254,-0.002521,0.0,-0.000687,-0.003531,-0.000292,-0.001023,0.0,-0.000385,-0.000747,-0.000256,-7.2e-05,-0.001735,-0.00228,0.0,-0.000606,0.0,-0.001231,0.0,-0.001664,0.0,-0.001747,-0.003199,-0.000302,-0.000415,-0.001338,-0.0,-6.2e-05,0.0,-0.000237,-0.001936,-0.002188,0.0,-0.001794,-0.001679,-0.003721,-0.003766,0.0,-0.00294,-0.000113,-0.003021,-0.000594,0.0,-0.000664,-0.003973,-0.002074,-0.002384,-0.002874,-0.003839,-0.000753,-0.000626,-0.000517,-1.1e-05,-0.000682,-0.00156,-0.002354,-0.001875
2017-05-29 17:46:00+02:00,0.0,0.0,-0.000984,-0.003402,-0.000856,-0.00029,-0.00051,-0.000755,-0.00161,-0.000407,-0.000107,0.0,-0.002732,-0.002795,-0.00176,-0.004238,-0.000571,0.0,-0.000361,-0.003844,0.0,-0.003807,-0.002105,0.0,-0.003893,-0.004589,-0.000634,0.0,-0.000876,-0.000218,-0.0,-0.002124,0.0,-0.002388,-0.002805,0.0,-0.001444,-0.001966,0.0,-0.004339,-0.00101,0.0,-0.001979,0.0,-0.000785,-0.002158,-0.000881,-0.001201,-0.001105,0.0,-0.00011,-0.001937,-0.002456,-0.002897,-0.0,0.0,-0.000788,-0.0,0.0,-0.001325,-0.001763,-0.00416,-0.003208,0.0,-0.001018,-0.004388,-0.000408,-0.001265,0.0,-0.000572,-0.00103,-0.000399,-0.000139,-0.002314,-0.002892,0.0,-0.00089,0.0,-0.001719,0.0,-0.002103,0.0,-0.002279,-0.004077,-0.000543,-0.000666,-0.001516,-0.0,-0.000108,0.0,-0.000392,-0.002413,-0.002692,0.0,-0.00235,-0.002368,-0.004482,-0.004536,0.0,-0.003912,-0.000196,-0.003814,-0.000772,0.0,-0.000899,-0.004742,-0.002523,-0.003239,-0.003632,-0.004631,-0.00103,-0.000807,-0.000722,-9e-06,-0.001049,-0.002132,-0.003011,-0.002277
2017-05-29 17:47:00+02:00,0.0,0.0,-0.001071,-0.003822,-0.000947,-0.000232,-0.000563,-0.000838,-0.001871,-0.000433,-8.5e-05,0.0,-0.003112,-0.003229,-0.002082,-0.004781,-0.000577,0.0,-0.000307,-0.004367,0.0,-0.004324,-0.002384,0.0,-0.004586,-0.005222,-0.000699,0.0,-0.000964,-0.00021,-0.0,-0.002515,0.0,-0.002832,-0.003294,0.0,-0.001677,-0.002225,0.0,-0.005018,-0.001145,0.0,-0.002241,0.0,-0.000862,-0.002404,-0.000955,-0.001331,-0.001276,0.0,-8.8e-05,-0.002213,-0.002799,-0.003311,-0.0,0.0,-0.000838,-0.0,0.0,-0.001504,-0.002004,-0.004872,-0.003602,0.0,-0.001114,-0.004966,-0.000453,-0.001402,0.0,-0.000647,-0.001169,-0.000415,-0.000111,-0.002661,-0.003364,0.0,-0.000949,0.0,-0.001947,0.0,-0.002374,0.0,-0.002543,-0.004767,-0.000569,-0.000689,-0.001657,-0.0,-8.7e-05,0.0,-0.00043,-0.00276,-0.00308,0.0,-0.002684,-0.002768,-0.005077,-0.005139,0.0,-0.004597,-0.000173,-0.004295,-0.000858,0.0,-0.001013,-0.005344,-0.002868,-0.003789,-0.004087,-0.005251,-0.001167,-0.000887,-0.000808,-7e-06,-0.001175,-0.002418,-0.003378,-0.002587
2017-05-29 17:48:00+02:00,0.0,0.0,-0.000976,-0.003966,-0.000864,-0.000185,-0.000558,-0.000846,-0.001989,-0.000379,-6.8e-05,0.0,-0.003401,-0.003561,-0.002194,-0.005008,-0.000462,0.0,-0.000245,-0.004588,0.0,-0.004542,-0.002437,0.0,-0.004916,-0.005524,-0.000701,0.0,-0.000963,-0.000168,-0.0,-0.002696,0.0,-0.003036,-0.003642,0.0,-0.001677,-0.002265,0.0,-0.005513,-0.001166,0.0,-0.002275,0.0,-0.000768,-0.002416,-0.000961,-0.001371,-0.001331,0.0,-7.1e-05,-0.002323,-0.002944,-0.003627,-0.0,0.0,-0.00072,-0.0,0.0,-0.001481,-0.002097,-0.005288,-0.003725,0.0,-0.001029,-0.005219,-0.000442,-0.001448,0.0,-0.000633,-0.001189,-0.000334,-8.9e-05,-0.002808,-0.003726,0.0,-0.00083,0.0,-0.001961,0.0,-0.002484,0.0,-0.002569,-0.005173,-0.000455,-0.000551,-0.001766,-0.0,-6.9e-05,0.0,-0.000379,-0.002917,-0.003375,0.0,-0.00281,-0.002882,-0.005374,-0.005443,0.0,-0.004916,-0.000139,-0.00448,-0.000868,0.0,-0.001028,-0.005813,-0.00313,-0.004013,-0.004251,-0.005568,-0.00119,-0.00088,-0.000799,-6e-06,-0.001111,-0.002467,-0.003478,-0.002822
2017-05-29 17:49:00+02:00,0.0,0.0,-0.000839,-0.003986,-0.000733,-0.000148,-0.000532,-0.000828,-0.002034,-0.000303,-5.5e-05,0.0,-0.003618,-0.003813,-0.00221,-0.005086,-0.00037,0.0,-0.000196,-0.004691,0.0,-0.004644,-0.002405,0.0,-0.00506,-0.005657,-0.000681,0.0,-0.000929,-0.000134,-0.0,-0.002771,0.0,-0.003119,-0.003827,0.0,-0.001589,-0.002223,0.0,-0.005772,-0.001144,0.0,-0.002236,0.0,-0.00063,-0.002341,-0.000938,-0.001378,-0.001332,0.0,-5.6e-05,-0.002368,-0.002996,-0.003865,-0.0,0.0,-0.000576,-0.0,0.0,-0.001393,-0.002132,-0.00549,-0.00373,0.0,-0.000901,-0.005316,-0.000413,-0.001458,0.0,-0.000591,-0.001171,-0.000267,-7.1e-05,-0.002876,-0.003977,0.0,-0.000664,0.0,-0.0019,0.0,-0.002518,0.0,-0.002506,-0.00537,-0.000364,-0.000441,-0.001846,-0.0,-5.5e-05,0.0,-0.000307,-0.002981,-0.003597,0.0,-0.002844,-0.002872,-0.005506,-0.00558,0.0,-0.005049,-0.000111,-0.004528,-0.000852,0.0,-0.001006,-0.006172,-0.003326,-0.00408,-0.004287,-0.005713,-0.00117,-0.000842,-0.000764,-5e-06,-0.000992,-0.002438,-0.003466,-0.002997
2017-05-29 17:50:00+02:00,0.0,0.0,-0.000699,-0.003949,-0.000601,-0.000119,-0.000501,-0.000799,-0.002035,-0.000243,-4.4e-05,0.0,-0.003787,-0.003972,-0.00218,-0.00509,-0.000296,0.0,-0.000157,-0.004721,0.0,-0.004673,-0.002344,0.0,-0.005096,-0.005702,-0.000653,0.0,-0.000883,-0.000107,-0.0,-0.002787,0.0,-0.003136,-0.003917,0.0,-0.001467,-0.002156,0.0,-0.005892,-0.00111,0.0,-0.002166,0.0,-0.000504,-0.002234,-0.000903,-0.001363,-0.001305,0.0,-4.5e-05,-0.002375,-0.003002,-0.004052,-0.0,0.0,-0.000461,-0.0,0.0,-0.001291,-0.002134,-0.005567,-0.003682,0.0,-0.000768,-0.005334,-0.00038,-0.001446,0.0,-0.000544,-0.001136,-0.000214,-5.7e-05,-0.002899,-0.004117,0.0,-0.000531,0.0,-0.001819,0.0,-0.002514,0.0,-0.002409,-0.005445,-0.000291,-0.000353,-0.001901,-0.0,-4.4e-05,0.0,-0.000246,-0.002997,-0.003771,0.0,-0.002835,-0.002802,-0.005549,-0.005627,0.0,-0.005076,-8.9e-05,-0.00451,-0.000824,0.0,-0.000972,-0.006452,-0.003478,-0.004062,-0.004259,-0.005766,-0.001136,-0.000793,-0.000718,-4e-06,-0.000867,-0.002375,-0.003404,-0.003127
2017-05-29 17:51:00+02:00,0.0,0.0,-0.000574,-0.003909,-0.000482,-9.5e-05,-0.00047,-0.000768,-0.00202,-0.000194,-3.5e-05,0.0,-0.003924,-0.004085,-0.002145,-0.005079,-0.000236,0.0,-0.000126,-0.004723,0.0,-0.004675,-0.002279,0.0,-0.005099,-0.005722,-0.000623,0.0,-0.000842,-8.6e-05,-0.0,-0.002786,0.0,-0.003137,-0.003976,0.0,-0.001354,-0.002084,0.0,-0.005959,-0.001073,0.0,-0.002094,0.0,-0.000403,-0.002142,-0.00087,-0.00134,-0.001274,0.0,-3.6e-05,-0.00237,-0.003001,-0.004205,-0.0,0.0,-0.000369,-0.0,0.0,-0.001194,-0.002124,-0.005602,-0.003634,0.0,-0.00065,-0.005333,-0.000348,-0.001424,0.0,-0.0005,-0.0011,-0.000171,-4.6e-05,-0.002906,-0.004216,0.0,-0.000425,0.0,-0.001737,0.0,-0.002504,0.0,-0.002324,-0.005478,-0.000233,-0.000282,-0.001927,-0.0,-3.5e-05,0.0,-0.000196,-0.003003,-0.003911,0.0,-0.002824,-0.002726,-0.005567,-0.005648,0.0,-0.005072,-7.1e-05,-0.004484,-0.000794,0.0,-0.000937,-0.006672,-0.003598,-0.004025,-0.004225,-0.005792,-0.0011,-0.00075,-0.000675,-3e-06,-0.000754,-0.002308,-0.003346,-0.003216
2017-05-29 17:52:00+02:00,0.0,0.0,-0.000488,-0.003888,-0.000398,-7.6e-05,-0.000447,-0.000744,-0.002004,-0.000155,-2.8e-05,0.0,-0.004023,-0.004166,-0.002116,-0.005078,-0.000189,0.0,-0.0001,-0.004727,0.0,-0.004679,-0.002233,0.0,-0.005094,-0.005741,-0.000601,0.0,-0.000812,-6.9e-05,-0.0,-0.002779,0.0,-0.003134,-0.004015,0.0,-0.001269,-0.002034,0.0,-0.006005,-0.001045,0.0,-0.002047,0.0,-0.000322,-0.002081,-0.000845,-0.001321,-0.001246,0.0,-2.9e-05,-0.002366,-0.003003,-0.004317,-0.0,0.0,-0.000295,-0.0,0.0,-0.001126,-0.002115,-0.005623,-0.003607,0.0,-0.000568,-0.005339,-0.000324,-0.001406,0.0,-0.000467,-0.001074,-0.000137,-3.6e-05,-0.002912,-0.004286,0.0,-0.00034,0.0,-0.001679,0.0,-0.002495,0.0,-0.002269,-0.005497,-0.000186,-0.000226,-0.001941,-0.0,-2.8e-05,0.0,-0.000157,-0.003007,-0.004013,0.0,-0.002821,-0.002668,-0.005581,-0.005666,0.0,-0.005064,-5.7e-05,-0.004474,-0.000771,0.0,-0.00091,-0.006837,-0.003684,-0.003993,-0.004209,-0.005816,-0.001073,-0.00072,-0.000645,-2e-06,-0.000673,-0.002264,-0.003311,-0.003277
2017-05-29 17:53:00+02:00,0.0,0.0,-0.00041,-0.003867,-0.00032,-6.1e-05,-0.000424,-0.000719,-0.001977,-0.000124,-2.2e-05,0.0,-0.0041,-0.004207,-0.00208,-0.005073,-0.000151,0.0,-8e-05,-0.00471,0.0,-0.004662,-0.002179,0.0,-0.005063,-0.005754,-0.000577,0.0,-0.000787,-5.5e-05,-0.0,-0.002758,0.0,-0.003114,-0.004026,0.0,-0.001188,-0.001977,0.0,-0.006008,-0.001015,0.0,-0.001996,0.0,-0.000258,-0.002031,-0.000822,-0.001297,-0.001215,0.0,-2.3e-05,-0.00235,-0.003001,-0.004405,-0.0,0.0,-0.000236,-0.0,0.0,-0.001058,-0.002097,-0.00561,-0.003583,0.0,-0.000493,-0.005341,-0.000302,-0.001382,0.0,-0.000435,-0.001046,-0.00011,-2.9e-05,-0.002904,-0.004319,0.0,-0.000272,0.0,-0.001618,0.0,-0.002485,0.0,-0.002223,-0.005484,-0.000149,-0.000181,-0.001938,-0.0,-2.3e-05,0.0,-0.000126,-0.003007,-0.004071,0.0,-0.002817,-0.002603,-0.005589,-0.005677,0.0,-0.005031,-4.5e-05,-0.004462,-0.000747,0.0,-0.000881,-0.006966,-0.003746,-0.003944,-0.004193,-0.005832,-0.001042,-0.000694,-0.000614,-2e-06,-0.000597,-0.002215,-0.00328,-0.003303
2017-05-29 17:54:00+02:00,0.0,0.0,-0.00036,-0.003862,-0.000272,-4.9e-05,-0.000407,-0.0007,-0.001953,-9.9e-05,-1.8e-05,0.0,-0.004159,-0.004242,-0.002058,-0.00508,-0.000121,0.0,-6.4e-05,-0.004701,0.0,-0.004654,-0.002148,0.0,-0.005043,-0.005774,-0.000559,0.0,-0.00077,-4.4e-05,-0.0,-0.002743,0.0,-0.003102,-0.004039,0.0,-0.001132,-0.001942,0.0,-0.006016,-0.000995,0.0,-0.001965,0.0,-0.000206,-0.002004,-0.000805,-0.001276,-0.00119,0.0,-1.8e-05,-0.00234,-0.003006,-0.004474,-0.0,0.0,-0.000189,-0.0,0.0,-0.001016,-0.002083,-0.005606,-0.003575,0.0,-0.000446,-0.005352,-0.000286,-0.001361,0.0,-0.000415,-0.001028,-8.8e-05,-2.3e-05,-0.002901,-0.004349,0.0,-0.000218,0.0,-0.001581,0.0,-0.002479,0.0,-0.002199,-0.005477,-0.000119,-0.000144,-0.001929,-0.0,-1.8e-05,0.0,-0.000101,-0.003011,-0.004118,0.0,-0.002823,-0.00256,-0.005603,-0.005695,0.0,-0.00501,-3.6e-05,-0.004464,-0.000729,0.0,-0.000861,-0.007066,-0.003794,-0.00391,-0.00419,-0.005854,-0.001023,-0.000677,-0.000594,-1e-06,-0.00055,-0.002185,-0.003268,-0.003323
2017-05-29 17:55:00+02:00,0.0,0.0,-0.000318,-0.003845,-0.00023,-3.9e-05,-0.000391,-0.000681,-0.001925,-7.9e-05,-1.4e-05,0.0,-0.004199,-0.004263,-0.002035,-0.00507,-9.7e-05,0.0,-5.1e-05,-0.004685,0.0,-0.004639,-0.002116,0.0,-0.005012,-0.005772,-0.000542,0.0,-0.000752,-3.5e-05,-0.0,-0.002723,0.0,-0.003086,-0.004043,0.0,-0.001085,-0.001908,0.0,-0.006011,-0.000974,0.0,-0.001935,0.0,-0.000165,-0.001976,-0.000787,-0.001253,-0.001165,0.0,-1.5e-05,-0.002326,-0.003,-0.004523,-0.0,0.0,-0.000151,-0.0,0.0,-0.000979,-0.002066,-0.005591,-0.003558,0.0,-0.000406,-0.005344,-0.000272,-0.001338,0.0,-0.000396,-0.00101,-7e-05,-1.9e-05,-0.002894,-0.004366,0.0,-0.000174,0.0,-0.001545,0.0,-0.002464,0.0,-0.002173,-0.005461,-9.5e-05,-0.000116,-0.001911,-0.0,-1.5e-05,0.0,-8e-05,-0.003003,-0.004146,0.0,-0.002819,-0.002519,-0.005594,-0.00569,0.0,-0.00498,-2.9e-05,-0.004451,-0.000711,0.0,-0.000841,-0.007135,-0.003823,-0.003874,-0.004174,-0.005854,-0.001003,-0.000659,-0.000575,-1e-06,-0.000509,-0.002156,-0.003248,-0.003328
2017-05-29 17:56:00+02:00,0.0,0.0,-0.000271,-0.003804,-0.000186,-3.1e-05,-0.000373,-0.000658,-0.001887,-6.4e-05,-1.1e-05,0.0,-0.004221,-0.004255,-0.002002,-0.005029,-7.7e-05,0.0,-4.1e-05,-0.004642,0.0,-0.004597,-0.002071,0.0,-0.004956,-0.005734,-0.000522,0.0,-0.000729,-2.8e-05,-0.0,-0.002688,0.0,-0.003053,-0.004023,0.0,-0.001033,-0.001861,0.0,-0.005973,-0.000948,0.0,-0.001892,0.0,-0.000132,-0.001932,-0.000764,-0.001223,-0.001135,0.0,-1.2e-05,-0.002297,-0.002973,-0.004547,-0.0,0.0,-0.000121,-0.0,0.0,-0.000934,-0.002036,-0.005548,-0.003517,0.0,-0.000359,-0.005304,-0.000256,-0.001308,0.0,-0.000375,-0.000984,-5.6e-05,-1.5e-05,-0.002869,-0.004355,0.0,-0.000139,0.0,-0.0015,0.0,-0.002434,0.0,-0.00213,-0.005417,-7.6e-05,-9.2e-05,-0.001877,-0.0,-1.2e-05,0.0,-6.4e-05,-0.002976,-0.004145,0.0,-0.002796,-0.002467,-0.00555,-0.005649,0.0,-0.004926,-2.3e-05,-0.004411,-0.000688,0.0,-0.000816,-0.007167,-0.003822,-0.003819,-0.004132,-0.005817,-0.000976,-0.000637,-0.000552,-1e-06,-0.000463,-0.002112,-0.003206,-0.003311
2017-05-29 17:57:00+02:00,0.0,0.0,-0.000227,-0.003755,-0.000149,-2.5e-05,-0.000357,-0.000636,-0.001846,-5.1e-05,-9e-06,0.0,-0.004215,-0.004227,-0.001964,-0.004975,-6.2e-05,0.0,-3.3e-05,-0.004585,0.0,-0.004541,-0.002027,0.0,-0.004887,-0.00568,-0.000503,0.0,-0.000705,-2.3e-05,-0.0,-0.002645,0.0,-0.003011,-0.003987,0.0,-0.000982,-0.001817,0.0,-0.005915,-0.000923,0.0,-0.001845,0.0,-0.000106,-0.001887,-0.000741,-0.001192,-0.001104,0.0,-9e-06,-0.002261,-0.002938,-0.004543,-0.0,0.0,-9.7e-05,-0.0,0.0,-0.000894,-0.002,-0.005488,-0.003469,0.0,-0.000317,-0.005249,-0.000242,-0.001275,0.0,-0.000355,-0.000956,-4.5e-05,-1.2e-05,-0.002832,-0.004325,0.0,-0.000111,0.0,-0.001458,0.0,-0.002397,0.0,-0.002085,-0.005358,-6.1e-05,-7.4e-05,-0.001845,-0.0,-9e-06,0.0,-5.2e-05,-0.002938,-0.004122,0.0,-0.002764,-0.002411,-0.00549,-0.005592,0.0,-0.004859,-1.9e-05,-0.00436,-0.000665,0.0,-0.000792,-0.00716,-0.003801,-0.003756,-0.004081,-0.005762,-0.000951,-0.000614,-0.000528,-1e-06,-0.000424,-0.002064,-0.003157,-0.003278
2017-05-29 17:58:00+02:00,0.0,0.0,-0.000188,-0.003706,-0.000119,-2e-05,-0.000343,-0.000616,-0.0018,-4.1e-05,-7e-06,0.0,-0.004183,-0.004178,-0.001921,-0.004919,-5e-05,0.0,-2.6e-05,-0.004522,0.0,-0.004479,-0.001984,0.0,-0.004804,-0.005622,-0.000486,0.0,-0.000684,-1.8e-05,-0.0,-0.002593,0.0,-0.002958,-0.003935,0.0,-0.000931,-0.001774,0.0,-0.005837,-0.000897,0.0,-0.001798,0.0,-8.4e-05,-0.001845,-0.00072,-0.001161,-0.00107,0.0,-8e-06,-0.002221,-0.0029,-0.00451,-0.0,0.0,-7.7e-05,-0.0,0.0,-0.000857,-0.001961,-0.00541,-0.003421,0.0,-0.000278,-0.005193,-0.000229,-0.001243,0.0,-0.000337,-0.000929,-3.6e-05,-1e-05,-0.002791,-0.004275,0.0,-8.9e-05,0.0,-0.001417,0.0,-0.002358,0.0,-0.002044,-0.005281,-4.9e-05,-5.9e-05,-0.001807,-0.0,-7e-06,0.0,-4.1e-05,-0.002898,-0.004076,0.0,-0.00273,-0.00235,-0.005427,-0.005531,0.0,-0.004779,-1.5e-05,-0.004308,-0.000643,0.0,-0.000768,-0.007113,-0.003758,-0.003683,-0.004029,-0.005704,-0.000925,-0.000594,-0.000506,-1e-06,-0.000389,-0.002015,-0.00311,-0.00323
2017-05-29 17:59:00+02:00,0.0,0.0,-0.000151,-0.003654,-9.5e-05,-1.6e-05,-0.000328,-0.000595,-0.00175,-3.3e-05,-6e-06,0.0,-0.004124,-0.004106,-0.00187,-0.004857,-4e-05,0.0,-2.1e-05,-0.004449,0.0,-0.004408,-0.001937,0.0,-0.004707,-0.005556,-0.000469,0.0,-0.000663,-1.4e-05,-0.0,-0.002532,0.0,-0.002895,-0.003865,0.0,-0.000879,-0.001727,0.0,-0.005735,-0.00087,0.0,-0.00175,0.0,-6.8e-05,-0.001805,-0.0007,-0.001128,-0.001034,0.0,-6e-06,-0.002175,-0.002856,-0.004449,-0.0,0.0,-6.2e-05,-0.0,0.0,-0.00082,-0.001918,-0.005312,-0.003371,0.0,-0.000242,-0.005129,-0.000217,-0.001209,0.0,-0.00032,-0.0009,-2.9e-05,-8e-06,-0.002742,-0.004203,0.0,-7.1e-05,0.0,-0.001375,0.0,-0.002316,0.0,-0.002003,-0.005185,-3.9e-05,-4.7e-05,-0.001763,-0.0,-6e-06,0.0,-3.3e-05,-0.002853,-0.004007,0.0,-0.002692,-0.002282,-0.005356,-0.005462,0.0,-0.004683,-1.2e-05,-0.004252,-0.000621,0.0,-0.000743,-0.007024,-0.003693,-0.003599,-0.003972,-0.005637,-0.000898,-0.000575,-0.000483,-0.0,-0.000355,-0.001964,-0.003062,-0.003165
2017-05-29 18:00:00+02:00,0.0,0.0,-0.000121,-0.003598,-7.6e-05,-1.3e-05,-0.000315,-0.000575,-0.001695,-2.6e-05,-5e-06,0.0,-0.004039,-0.004014,-0.001814,-0.004788,-3.2e-05,0.0,-1.7e-05,-0.004361,0.0,-0.004321,-0.00189,0.0,-0.004596,-0.00548,-0.000452,0.0,-0.000643,-1.2e-05,-0.0,-0.002464,0.0,-0.002821,-0.003777,0.0,-0.000826,-0.001681,0.0,-0.00561,-0.000843,0.0,-0.001694,0.0,-5.4e-05,-0.001766,-0.000681,-0.001093,-0.000996,0.0,-5e-06,-0.002122,-0.002808,-0.00436,-0.0,0.0,-4.9e-05,-0.0,0.0,-0.000787,-0.001868,-0.005195,-0.003318,0.0,-0.000204,-0.005057,-0.000206,-0.001173,0.0,-0.000304,-0.000868,-2.3e-05,-6e-06,-0.002683,-0.00411,0.0,-5.7e-05,0.0,-0.001334,0.0,-0.00227,0.0,-0.001963,-0.00507,-3.1e-05,-3.8e-05,-0.001713,-0.0,-5e-06,0.0,-2.6e-05,-0.002802,-0.003916,0.0,-0.002649,-0.002208,-0.005275,-0.005384,0.0,-0.004573,-1e-05,-0.00419,-0.000597,0.0,-0.000719,-0.006896,-0.003608,-0.003504,-0.003911,-0.00556,-0.000871,-0.000556,-0.000459,-0.0,-0.000326,-0.001905,-0.003011,-0.003083
2017-05-29 18:01:00+02:00,0.0,0.0,-9.7e-05,-0.003492,-6.1e-05,-1e-05,-0.000286,-0.000537,-0.001637,-2.1e-05,-4e-06,0.0,-0.003916,-0.003889,-0.001745,-0.004666,-2.5e-05,0.0,-1.3e-05,-0.004289,0.0,-0.004251,-0.001779,0.0,-0.004474,-0.005352,-0.00042,0.0,-0.000607,-9e-06,-0.0,-0.00239,0.0,-0.002738,-0.003667,0.0,-0.000759,-0.001572,0.0,-0.00545,-0.000787,0.0,-0.001657,0.0,-4.3e-05,-0.001678,-0.00065,-0.001064,-0.000953,0.0,-4e-06,-0.002077,-0.002729,-0.00423,-0.0,0.0,-4e-05,-0.0,0.0,-0.000691,-0.001826,-0.005047,-0.003215,0.0,-0.000174,-0.004933,-0.00018,-0.001141,0.0,-0.000264,-0.000845,-1.8e-05,-5e-06,-0.002633,-0.003988,0.0,-4.6e-05,0.0,-0.00123,0.0,-0.002201,0.0,-0.001874,-0.004926,-2.5e-05,-3e-05,-0.001646,-0.0,-4e-06,0.0,-2.1e-05,-0.002724,-0.003788,0.0,-0.002572,-0.002117,-0.005144,-0.005254,0.0,-0.004449,-8e-06,-0.004076,-0.000579,0.0,-0.000669,-0.0067,-0.003488,-0.00339,-0.0038,-0.00543,-0.000814,-0.000522,-0.000441,-0.0,-0.000261,-0.001866,-0.002909,-0.002974
2017-05-29 18:02:00+02:00,0.0,0.0,-9.2e-05,-0.003421,-4.9e-05,-8e-06,-0.000266,-0.000509,-0.001597,-1.7e-05,-3e-06,0.0,-0.00383,-0.003803,-0.001707,-0.004581,-2e-05,0.0,-1.1e-05,-0.004241,0.0,-0.004205,-0.001703,0.0,-0.0044,-0.00526,-0.000397,0.0,-0.000583,-7e-06,-0.0,-0.002341,0.0,-0.002684,-0.003593,0.0,-0.000732,-0.001499,0.0,-0.00535,-0.000747,0.0,-0.001645,0.0,-3.5e-05,-0.001625,-0.000628,-0.001043,-0.000926,0.0,-3e-06,-0.002045,-0.00267,-0.00414,-0.0,0.0,-3.2e-05,-0.0,0.0,-0.000632,-0.001794,-0.004956,-0.003146,0.0,-0.000172,-0.004845,-0.000163,-0.001119,0.0,-0.000238,-0.000833,-1.5e-05,-4e-06,-0.002597,-0.003907,0.0,-3.6e-05,0.0,-0.001161,0.0,-0.002148,0.0,-0.001819,-0.004836,-2e-05,-2.4e-05,-0.001601,-0.0,-3e-06,0.0,-1.7e-05,-0.002664,-0.003699,0.0,-0.002516,-0.002071,-0.005048,-0.00516,0.0,-0.004376,-6e-06,-0.003997,-0.000569,0.0,-0.000634,-0.006574,-0.003405,-0.003323,-0.003722,-0.005337,-0.000774,-0.0005,-0.000434,-0.0,-0.000209,-0.001852,-0.002842,-0.002896
2017-05-29 18:03:00+02:00,0.0,0.0,-9.7e-05,-0.003361,-3.9e-05,-7e-06,-0.00025,-0.000485,-0.001564,-1.3e-05,-2e-06,0.0,-0.003762,-0.003735,-0.001678,-0.004508,-1.6e-05,0.0,-9e-06,-0.004194,0.0,-0.00416,-0.001637,0.0,-0.004341,-0.005181,-0.000378,0.0,-0.000564,-6e-06,-0.0,-0.0023,0.0,-0.002641,-0.003535,0.0,-0.000716,-0.001434,0.0,-0.005271,-0.000712,0.0,-0.001638,0.0,-2.8e-05,-0.001583,-0.000611,-0.001023,-0.000904,0.0,-2e-06,-0.002013,-0.002618,-0.004068,-0.0,0.0,-2.5e-05,-0.0,0.0,-0.000582,-0.001764,-0.004886,-0.003089,0.0,-0.000177,-0.004769,-0.00015,-0.001097,0.0,-0.000217,-0.000824,-1.2e-05,-3e-06,-0.002562,-0.003842,0.0,-2.9e-05,0.0,-0.001102,0.0,-0.002101,0.0,-0.001776,-0.004768,-1.6e-05,-1.9e-05,-0.001565,-0.0,-2e-06,0.0,-1.4e-05,-0.002611,-0.003627,0.0,-0.002468,-0.00204,-0.004965,-0.005079,0.0,-0.004319,-5e-06,-0.003931,-0.000561,0.0,-0.000603,-0.006478,-0.003337,-0.003273,-0.003657,-0.005256,-0.000739,-0.000482,-0.000429,-0.0,-0.000167,-0.001843,-0.002788,-0.002833
2017-05-29 18:04:00+02:00,0.0,0.0,-0.000106,-0.003316,-3.1e-05,-5e-06,-0.000238,-0.000468,-0.001535,-1.1e-05,-2e-06,0.0,-0.003699,-0.003673,-0.001655,-0.004449,-1.3e-05,0.0,-7e-06,-0.004149,0.0,-0.004116,-0.001589,0.0,-0.004292,-0.005115,-0.000364,0.0,-0.00055,-5e-06,-0.0,-0.002264,0.0,-0.002603,-0.003482,0.0,-0.000709,-0.001387,0.0,-0.005205,-0.000685,0.0,-0.001632,0.0,-2.2e-05,-0.001555,-0.000598,-0.001005,-0.000887,0.0,-2e-06,-0.001982,-0.002573,-0.004003,-0.0,0.0,-2e-05,-0.0,0.0,-0.000549,-0.001735,-0.004827,-0.003045,0.0,-0.000186,-0.004707,-0.00014,-0.001078,0.0,-0.000203,-0.000815,-9e-06,-3e-06,-0.002527,-0.003783,0.0,-2.3e-05,0.0,-0.001061,0.0,-0.00206,0.0,-0.001746,-0.00471,-1.3e-05,-1.6e-05,-0.001535,-0.0,-2e-06,0.0,-1.1e-05,-0.002564,-0.003563,0.0,-0.002429,-0.002018,-0.004895,-0.005011,0.0,-0.004271,-4e-06,-0.003879,-0.000554,0.0,-0.00058,-0.006395,-0.003276,-0.003233,-0.003606,-0.005189,-0.000712,-0.00047,-0.000425,-0.0,-0.000134,-0.001835,-0.002747,-0.002777
2017-05-29 18:05:00+02:00,0.0,0.0,-0.000108,-0.003272,-2.5e-05,-4e-06,-0.000229,-0.000453,-0.001506,-9e-06,-2e-06,0.0,-0.003636,-0.003612,-0.001632,-0.004391,-1e-05,0.0,-6e-06,-0.004094,0.0,-0.004063,-0.00155,0.0,-0.004242,-0.00505,-0.000352,0.0,-0.000537,-4e-06,-0.0,-0.002227,0.0,-0.002565,-0.003429,0.0,-0.000703,-0.001351,0.0,-0.005139,-0.000664,0.0,-0.001618,0.0,-1.8e-05,-0.001532,-0.000587,-0.000985,-0.000869,0.0,-2e-06,-0.001946,-0.002529,-0.003938,-0.0,0.0,-1.6e-05,-0.0,0.0,-0.000526,-0.001702,-0.004768,-0.003005,0.0,-0.000188,-0.004647,-0.000133,-0.001056,0.0,-0.000192,-0.000802,-8e-06,-2e-06,-0.002485,-0.003725,0.0,-1.9e-05,0.0,-0.001029,0.0,-0.002021,0.0,-0.001721,-0.004653,-1e-05,-1.2e-05,-0.001507,-0.0,-2e-06,0.0,-9e-06,-0.002518,-0.0035,0.0,-0.00239,-0.001996,-0.004825,-0.004944,0.0,-0.004222,-3e-06,-0.003829,-0.000544,0.0,-0.000561,-0.006312,-0.003215,-0.003192,-0.003557,-0.005123,-0.00069,-0.000458,-0.000419,-0.0,-0.00011,-0.001817,-0.002709,-0.002721
2017-05-29 18:06:00+02:00,0.0,0.0,-0.000111,-0.003225,-2e-05,-3e-06,-0.000218,-0.000435,-0.001475,-7e-06,-1e-06,0.0,-0.003576,-0.003554,-0.00161,-0.00433,-8e-06,0.0,-4e-06,-0.004052,0.0,-0.004022,-0.001505,0.0,-0.004192,-0.004982,-0.000339,0.0,-0.000523,-3e-06,-0.0,-0.002191,0.0,-0.002528,-0.003379,0.0,-0.000695,-0.001307,0.0,-0.005073,-0.000639,0.0,-0.001607,0.0,-1.4e-05,-0.001505,-0.000573,-0.000967,-0.000852,0.0,-1e-06,-0.001917,-0.002485,-0.003877,-0.0,0.0,-1.3e-05,-0.0,0.0,-0.000496,-0.001674,-0.004709,-0.002961,0.0,-0.000191,-0.004583,-0.000125,-0.001036,0.0,-0.000179,-0.000792,-6e-06,-2e-06,-0.002454,-0.00367,0.0,-1.5e-05,0.0,-0.00099,0.0,-0.00198,0.0,-0.001692,-0.004596,-8e-06,-1e-05,-0.001476,-0.0,-1e-06,0.0,-7e-06,-0.002472,-0.003439,0.0,-0.002352,-0.001973,-0.004753,-0.004874,0.0,-0.004173,-2e-06,-0.003775,-0.000535,0.0,-0.000539,-0.006229,-0.003157,-0.003151,-0.003505,-0.005054,-0.000665,-0.000446,-0.000413,-0.0,-8.8e-05,-0.001804,-0.002668,-0.002667
2017-05-29 18:07:00+02:00,0.0,0.0,-0.000137,-0.003208,-1.6e-05,-3e-06,-0.000214,-0.000426,-0.001453,-5e-06,-1e-06,0.0,-0.003539,-0.003521,-0.001607,-0.004303,-7e-06,0.0,-4e-06,-0.004041,0.0,-0.004013,-0.001488,0.0,-0.00417,-0.00495,-0.000331,0.0,-0.000517,-2e-06,-0.0,-0.002171,0.0,-0.002511,-0.003354,0.0,-0.000708,-0.001291,0.0,-0.005039,-0.000627,0.0,-0.001621,0.0,-1.1e-05,-0.001504,-0.000565,-0.000955,-0.000842,0.0,-1e-06,-0.001904,-0.002461,-0.00384,-0.0,0.0,-1e-05,-0.0,0.0,-0.000492,-0.00166,-0.004682,-0.002947,0.0,-0.000215,-0.004553,-0.000122,-0.001023,0.0,-0.000176,-0.000792,-5e-06,-1e-06,-0.002443,-0.003641,0.0,-1.2e-05,0.0,-0.000979,0.0,-0.001955,0.0,-0.00169,-0.004569,-7e-06,-8e-06,-0.00145,-0.0,-1e-06,0.0,-6e-06,-0.002444,-0.003402,0.0,-0.002336,-0.001976,-0.004714,-0.004838,0.0,-0.004153,-2e-06,-0.003753,-0.000532,0.0,-0.000528,-0.006183,-0.003118,-0.003138,-0.003483,-0.005019,-0.000653,-0.000441,-0.000416,-0.0,-8.3e-05,-0.001816,-0.002656,-0.002629
2017-05-29 18:08:00+02:00,0.0,0.0,-0.000151,-0.003195,-1.3e-05,-2e-06,-0.00021,-0.000417,-0.001433,-4e-06,-1e-06,0.0,-0.003509,-0.003495,-0.001608,-0.00428,-5e-06,0.0,-3e-06,-0.004008,0.0,-0.003981,-0.001477,0.0,-0.004154,-0.004922,-0.000325,0.0,-0.000512,-2e-06,-0.0,-0.002154,0.0,-0.0025,-0.003336,0.0,-0.000724,-0.00128,0.0,-0.005014,-0.000618,0.0,-0.001619,0.0,-9e-06,-0.001507,-0.000558,-0.000936,-0.000833,0.0,-1e-06,-0.001879,-0.002441,-0.003812,-0.0,0.0,-8e-06,-0.0,0.0,-0.000491,-0.001635,-0.004662,-0.002937,0.0,-0.000228,-0.004529,-0.000121,-0.001002,0.0,-0.000174,-0.000785,-4e-06,-1e-06,-0.002419,-0.003619,0.0,-1e-05,0.0,-0.000973,0.0,-0.001932,0.0,-0.00169,-0.00455,-5e-06,-6e-06,-0.001425,-0.0,-1e-06,0.0,-4e-06,-0.00242,-0.003371,0.0,-0.002324,-0.001984,-0.004679,-0.004806,0.0,-0.004139,-2e-06,-0.003736,-0.000524,0.0,-0.000519,-0.006147,-0.003086,-0.00313,-0.003466,-0.00499,-0.000643,-0.000438,-0.000414,-0.0,-8.3e-05,-0.001812,-0.002648,-0.002596
2017-05-29 18:09:00+02:00,0.0,0.0,-0.000143,-0.003161,-1e-05,-2e-06,-0.000202,-0.000403,-0.001399,-3e-06,-1e-06,0.0,-0.003454,-0.003444,-0.001587,-0.004233,-4e-06,0.0,-2e-06,-0.003942,0.0,-0.003917,-0.001446,0.0,-0.0041,-0.004868,-0.000314,0.0,-0.000501,-2e-06,-0.0,-0.002118,0.0,-0.002465,-0.003292,0.0,-0.000715,-0.001251,0.0,-0.00495,-0.000601,0.0,-0.001592,0.0,-7e-06,-0.001491,-0.000545,-0.000909,-0.000813,0.0,-1e-06,-0.001839,-0.002408,-0.003757,-0.0,0.0,-7e-06,-0.0,0.0,-0.000474,-0.001597,-0.004604,-0.002905,0.0,-0.00022,-0.004479,-0.000115,-0.000973,0.0,-0.000166,-0.000767,-3e-06,-1e-06,-0.002376,-0.00357,0.0,-8e-06,0.0,-0.000949,0.0,-0.001898,0.0,-0.001673,-0.004494,-4e-06,-5e-06,-0.001389,-0.0,-1e-06,0.0,-4e-06,-0.002382,-0.003317,0.0,-0.002298,-0.00196,-0.004619,-0.004749,0.0,-0.004087,-1e-06,-0.003696,-0.000509,0.0,-0.000503,-0.006068,-0.003031,-0.003088,-0.003426,-0.004935,-0.000625,-0.000428,-0.000402,-0.0,-6.9e-05,-0.001782,-0.00262,-0.002545
2017-05-29 18:10:00+02:00,0.0,0.0,-0.000129,-0.003101,-8e-06,-1e-06,-0.000193,-0.000387,-0.001356,-3e-06,-1e-06,0.0,-0.003374,-0.003368,-0.001551,-0.004156,-3e-06,0.0,-2e-06,-0.00387,0.0,-0.003847,-0.001404,0.0,-0.004016,-0.004782,-0.000301,0.0,-0.000484,-1e-06,-0.0,-0.002065,0.0,-0.00241,-0.003223,0.0,-0.000691,-0.001212,0.0,-0.004849,-0.000579,0.0,-0.001556,0.0,-6e-06,-0.001457,-0.000528,-0.000881,-0.000787,0.0,-1e-06,-0.001796,-0.002356,-0.003675,-0.0,0.0,-5e-06,-0.0,0.0,-0.000449,-0.001557,-0.004512,-0.00285,0.0,-0.000206,-0.004398,-0.000108,-0.000944,0.0,-0.000155,-0.000745,-2e-06,-1e-06,-0.002329,-0.003495,0.0,-6e-06,0.0,-0.000915,0.0,-0.001851,0.0,-0.001637,-0.004403,-3e-06,-4e-06,-0.001346,-0.0,-1e-06,0.0,-3e-06,-0.002328,-0.003239,0.0,-0.002253,-0.001915,-0.004529,-0.00466,0.0,-0.004003,-1e-06,-0.003628,-0.000493,0.0,-0.000484,-0.005946,-0.002956,-0.00302,-0.00336,-0.004846,-0.000603,-0.000414,-0.000388,-0.0,-5.5e-05,-0.001743,-0.002568,-0.002476
2017-05-29 18:11:00+02:00,0.0,0.0,-0.000103,-0.003009,-7e-06,-1e-06,-0.00018,-0.000366,-0.001301,-2e-06,-0.0,0.0,-0.003273,-0.00327,-0.001498,-0.004042,-3e-06,0.0,-1e-06,-0.003757,0.0,-0.003736,-0.001346,0.0,-0.0039,-0.004656,-0.000285,0.0,-0.00046,-1e-06,-0.0,-0.001996,0.0,-0.002337,-0.003132,0.0,-0.000648,-0.001157,0.0,-0.004713,-0.00055,0.0,-0.001498,0.0,-5e-06,-0.001399,-0.000504,-0.000843,-0.000752,0.0,-0.0,-0.001735,-0.002285,-0.00357,-0.0,0.0,-4e-06,-0.0,0.0,-0.00041,-0.0015,-0.004385,-0.002763,0.0,-0.000177,-0.00428,-9.8e-05,-0.000904,0.0,-0.00014,-0.000713,-2e-06,-1e-06,-0.002257,-0.003398,0.0,-5e-06,0.0,-0.000868,0.0,-0.001788,0.0,-0.001575,-0.00428,-3e-06,-3e-06,-0.001292,-0.0,-0.0,0.0,-2e-06,-0.002256,-0.003141,0.0,-0.002186,-0.001845,-0.004402,-0.004533,0.0,-0.003888,-1e-06,-0.003524,-0.000469,0.0,-0.000458,-0.005785,-0.002861,-0.002924,-0.003259,-0.004718,-0.000573,-0.000391,-0.000367,-0.0,-4.4e-05,-0.00168,-0.002486,-0.00239
2017-05-29 18:12:00+02:00,0.0,0.0,-9.1e-05,-0.002927,-5e-06,-1e-06,-0.000168,-0.000346,-0.001246,-2e-06,-0.0,0.0,-0.003173,-0.003175,-0.001453,-0.003937,-2e-06,0.0,-1e-06,-0.003657,0.0,-0.003637,-0.001296,0.0,-0.003788,-0.004538,-0.000269,0.0,-0.000439,-1e-06,-0.0,-0.00193,0.0,-0.002268,-0.003046,0.0,-0.000617,-0.001111,0.0,-0.004579,-0.000525,0.0,-0.001454,0.0,-4e-06,-0.001354,-0.000481,-0.000806,-0.000718,0.0,-0.0,-0.00168,-0.00222,-0.003466,-0.0,0.0,-3e-06,-0.0,0.0,-0.000382,-0.001448,-0.004262,-0.002687,0.0,-0.000164,-0.00417,-8.9e-05,-0.000864,0.0,-0.000128,-0.000687,-2e-06,-0.0,-0.002196,-0.003304,0.0,-4e-06,0.0,-0.000829,0.0,-0.001728,0.0,-0.001527,-0.004158,-2e-06,-3e-06,-0.001233,-0.0,-0.0,0.0,-2e-06,-0.002188,-0.003043,0.0,-0.002128,-0.001785,-0.004281,-0.004413,0.0,-0.003776,-1e-06,-0.003431,-0.000447,0.0,-0.000436,-0.005621,-0.002766,-0.002834,-0.00317,-0.004598,-0.000547,-0.000373,-0.00035,-0.0,-3.5e-05,-0.001631,-0.002417,-0.002304
2017-05-29 18:13:00+02:00,0.0,0.0,-8e-05,-0.002813,-4e-06,-1e-06,-0.000156,-0.000324,-0.001181,-1e-06,-0.0,0.0,-0.00303,-0.003037,-0.00139,-0.003788,-2e-06,0.0,-1e-06,-0.003524,0.0,-0.003507,-0.00123,0.0,-0.003633,-0.004368,-0.000252,0.0,-0.000414,-1e-06,-0.0,-0.001841,0.0,-0.002171,-0.002919,0.0,-0.000584,-0.001052,0.0,-0.004394,-0.000493,0.0,-0.001395,0.0,-3e-06,-0.001295,-0.000456,-0.000765,-0.00068,0.0,-0.0,-0.001608,-0.002126,-0.003316,-0.0,0.0,-3e-06,-0.0,0.0,-0.000349,-0.001383,-0.004091,-0.002582,0.0,-0.000152,-0.004012,-8.1e-05,-0.000821,0.0,-0.000115,-0.000654,-1e-06,-0.0,-0.002111,-0.003165,0.0,-3e-06,0.0,-0.00078,0.0,-0.001648,0.0,-0.001462,-0.003991,-2e-06,-2e-06,-0.001169,-0.0,-0.0,0.0,-1e-06,-0.002092,-0.002906,0.0,-0.002043,-0.00171,-0.00411,-0.004241,0.0,-0.003623,-1e-06,-0.0033,-0.000424,0.0,-0.000409,-0.005393,-0.002637,-0.002715,-0.003045,-0.004424,-0.000515,-0.000352,-0.000331,-0.0,-2.8e-05,-0.001566,-0.002321,-0.002191
2017-05-29 18:14:00+02:00,0.0,0.0,-6.4e-05,-0.002613,-3e-06,-1e-06,-0.000127,-0.000283,-0.00108,-1e-06,-0.0,0.0,-0.00283,-0.002837,-0.001265,-0.003544,-1e-06,0.0,-1e-06,-0.003272,0.0,-0.003256,-0.001087,0.0,-0.003374,-0.0041,-0.000217,0.0,-0.000366,-1e-06,-0.0,-0.001701,0.0,-0.002013,-0.002726,0.0,-0.000469,-0.000918,0.0,-0.004095,-0.00043,0.0,-0.001241,0.0,-2e-06,-0.001155,-0.00041,-0.000693,-0.000611,0.0,-0.0,-0.001483,-0.001986,-0.003102,-0.0,0.0,-2e-06,-0.0,0.0,-0.000279,-0.001271,-0.003808,-0.00239,0.0,-0.000121,-0.003759,-6.5e-05,-0.000746,0.0,-9.2e-05,-0.000581,-1e-06,-0.0,-0.001958,-0.00296,0.0,-3e-06,0.0,-0.000656,0.0,-0.001531,0.0,-0.001316,-0.003714,-1e-06,-2e-06,-0.001069,-0.0,-0.0,0.0,-1e-06,-0.001953,-0.002711,0.0,-0.001905,-0.001536,-0.003851,-0.003978,0.0,-0.003361,-0.0,-0.003078,-0.000375,0.0,-0.000355,-0.005044,-0.002455,-0.002497,-0.002833,-0.004154,-0.000451,-0.000307,-0.000281,-0.0,-2.3e-05,-0.001403,-0.002138,-0.002031
2017-05-29 18:15:00+02:00,0.0,0.0,-5.1e-05,-0.002511,-3e-06,-0.0,-0.000113,-0.000258,-0.001015,-1e-06,-0.0,0.0,-0.002719,-0.002731,-0.001216,-0.003413,-1e-06,0.0,-1e-06,-0.003078,0.0,-0.003063,-0.001015,0.0,-0.00324,-0.003951,-0.000197,0.0,-0.000342,-0.0,-0.0,-0.001626,0.0,-0.001936,-0.00263,0.0,-0.000438,-0.000852,0.0,-0.003939,-0.000397,0.0,-0.001129,0.0,-2e-06,-0.0011,-0.000381,-0.000634,-0.000573,0.0,-0.0,-0.001385,-0.001909,-0.002989,-0.0,0.0,-2e-06,-0.0,0.0,-0.00023,-0.001183,-0.003663,-0.002296,0.0,-9.7e-05,-0.003621,-5.3e-05,-0.000683,0.0,-7.4e-05,-0.000527,-1e-06,-0.0,-0.001843,-0.002856,0.0,-2e-06,0.0,-0.0006,0.0,-0.001459,0.0,-0.001256,-0.003572,-1e-06,-1e-06,-0.000998,-0.0,-0.0,0.0,-1e-06,-0.001872,-0.002604,0.0,-0.001837,-0.001468,-0.003699,-0.003826,0.0,-0.003229,-0.0,-0.002962,-0.000337,0.0,-0.000326,-0.004855,-0.00235,-0.002393,-0.002722,-0.004001,-0.000417,-0.000286,-0.000244,-0.0,-1.8e-05,-0.001284,-0.002052,-0.001934
2017-05-29 18:16:00+02:00,0.0,0.0,-4.1e-05,-0.002431,-2e-06,-0.0,-0.000101,-0.000236,-0.000975,-1e-06,-0.0,0.0,-0.002643,-0.002665,-0.001204,-0.003302,-1e-06,0.0,-0.0,-0.002694,0.0,-0.002679,-0.000956,0.0,-0.003187,-0.003821,-0.00018,0.0,-0.000324,-0.0,-0.0,-0.001592,0.0,-0.001905,-0.002576,0.0,-0.00045,-0.000799,0.0,-0.003848,-0.000369,0.0,-0.000903,0.0,-2e-06,-0.001069,-0.000358,-0.000539,-0.000551,0.0,-0.0,-0.001195,-0.001842,-0.002913,-0.0,0.0,-1e-06,-0.0,0.0,-0.000197,-0.001017,-0.003586,-0.002224,0.0,-7.8e-05,-0.003503,-4.5e-05,-0.000583,0.0,-6.2e-05,-0.000425,-1e-06,-0.0,-0.001608,-0.002794,0.0,-2e-06,0.0,-0.000558,0.0,-0.001397,0.0,-0.00122,-0.003495,-1e-06,-1e-06,-0.000944,-0.0,-0.0,0.0,-1e-06,-0.0018,-0.002531,0.0,-0.001782,-0.001456,-0.003566,-0.003693,0.0,-0.003178,-0.0,-0.002867,-0.000274,0.0,-0.000301,-0.004732,-0.002276,-0.002349,-0.002633,-0.003868,-0.000388,-0.000272,-0.000195,-0.0,-1.4e-05,-0.00104,-0.001988,-0.001865
2017-05-29 18:17:00+02:00,0.0,0.0,-3.3e-05,-0.002309,-2e-06,-0.0,-8.9e-05,-0.000213,-0.000919,-1e-06,-0.0,0.0,-0.00252,-0.002549,-0.00116,-0.00314,-1e-06,0.0,-0.0,-0.002413,0.0,-0.002399,-0.000881,0.0,-0.003068,-0.003635,-0.000161,0.0,-0.0003,-0.0,-0.0,-0.001524,0.0,-0.001832,-0.002472,0.0,-0.000436,-0.000731,0.0,-0.003687,-0.000336,0.0,-0.00075,0.0,-1e-06,-0.00101,-0.000331,-0.000469,-0.000519,0.0,-0.0,-0.001055,-0.001746,-0.002784,-0.0,0.0,-1e-06,-0.0,0.0,-0.000158,-0.000895,-0.00344,-0.002112,0.0,-6.2e-05,-0.003331,-3.6e-05,-0.000509,0.0,-4.9e-05,-0.000355,-1e-06,-0.0,-0.001436,-0.002679,0.0,-1e-06,0.0,-0.000502,0.0,-0.001314,0.0,-0.001154,-0.003351,-1e-06,-1e-06,-0.00088,-0.0,-0.0,0.0,-1e-06,-0.001701,-0.002414,0.0,-0.001695,-0.001403,-0.003382,-0.003507,0.0,-0.00306,-0.0,-0.002726,-0.000229,0.0,-0.000273,-0.004527,-0.002163,-0.002255,-0.002499,-0.003679,-0.000354,-0.000251,-0.000156,-0.0,-1.2e-05,-0.000873,-0.001886,-0.001765
2017-05-29 18:18:00+02:00,0.0,0.0,-2.6e-05,-0.002125,-1e-06,-0.0,-7.1e-05,-0.00018,-0.000841,-0.0,-0.0,0.0,-0.002351,-0.002382,-0.001067,-0.002911,-1e-06,0.0,-0.0,-0.002097,0.0,-0.002083,-0.000752,0.0,-0.002868,-0.003381,-0.000134,0.0,-0.000262,-0.0,-0.0,-0.001418,0.0,-0.001709,-0.002313,0.0,-0.000364,-0.000613,0.0,-0.003443,-0.000282,0.0,-0.0006,0.0,-1e-06,-0.000892,-0.000293,-0.000394,-0.000468,0.0,-0.0,-0.000902,-0.001615,-0.002605,-0.0,0.0,-1e-06,-0.0,0.0,-0.000126,-0.000762,-0.003211,-0.001937,0.0,-5e-05,-0.003093,-2.9e-05,-0.00043,0.0,-4e-05,-0.000284,-0.0,-0.0,-0.001243,-0.002508,0.0,-1e-06,0.0,-0.000402,0.0,-0.001207,0.0,-0.001029,-0.003127,-1e-06,-1e-06,-0.000799,-0.0,-0.0,0.0,-0.0,-0.001571,-0.002251,0.0,-0.001566,-0.001278,-0.003136,-0.003257,0.0,-0.002858,-0.0,-0.002519,-0.000183,0.0,-0.000228,-0.004235,-0.002011,-0.002086,-0.002304,-0.003421,-0.000299,-0.000216,-0.000125,-0.0,-9e-06,-0.000698,-0.001723,-0.001633
2017-05-29 18:19:00+02:00,0.0,0.0,-2.1e-05,-0.001957,-1e-06,-0.0,-5.7e-05,-0.000152,-0.000768,-0.0,-0.0,0.0,-0.002179,-0.002212,-0.000983,-0.002694,-0.0,0.0,-0.0,-0.001828,0.0,-0.001815,-0.000645,0.0,-0.002671,-0.003134,-0.000112,0.0,-0.000231,-0.0,-0.0,-0.001311,0.0,-0.001587,-0.002152,0.0,-0.000315,-0.000517,0.0,-0.003201,-0.000238,0.0,-0.00048,0.0,-1e-06,-0.000799,-0.000262,-0.000333,-0.000423,0.0,-0.0,-0.000773,-0.001488,-0.00242,-0.0,0.0,-1e-06,-0.0,0.0,-0.000101,-0.000651,-0.002987,-0.00178,0.0,-4e-05,-0.002864,-2.3e-05,-0.000364,0.0,-3.2e-05,-0.000227,-0.0,-0.0,-0.001079,-0.002333,0.0,-1e-06,0.0,-0.000322,0.0,-0.001105,0.0,-0.000928,-0.002907,-0.0,-1e-06,-0.000726,-0.0,-0.0,0.0,-0.0,-0.001445,-0.002085,0.0,-0.001444,-0.001172,-0.002899,-0.003014,0.0,-0.002661,-0.0,-0.002326,-0.000146,0.0,-0.000191,-0.003941,-0.001857,-0.00193,-0.002123,-0.003171,-0.000254,-0.000189,-0.0001,-0.0,-7e-06,-0.000559,-0.001578,-0.001502
2017-05-29 18:20:00+02:00,0.0,0.0,-1.7e-05,-0.001674,-1e-06,-0.0,-4.5e-05,-0.000122,-0.000667,-0.0,-0.0,0.0,-0.001907,-0.001933,-0.000824,-0.002339,-0.0,0.0,-0.0,-0.001467,0.0,-0.001453,-0.000516,0.0,-0.002333,-0.002737,-8.9e-05,0.0,-0.000185,-0.0,-0.0,-0.001138,0.0,-0.001376,-0.001878,0.0,-0.000252,-0.000414,0.0,-0.002801,-0.00019,0.0,-0.000384,0.0,-1e-06,-0.000639,-0.000217,-0.000266,-0.000356,0.0,-0.0,-0.000618,-0.001287,-0.00212,-0.0,0.0,-1e-06,-0.0,0.0,-8.1e-05,-0.000521,-0.002608,-0.001512,0.0,-3.2e-05,-0.002493,-1.8e-05,-0.000291,0.0,-2.5e-05,-0.000182,-0.0,-0.0,-0.000863,-0.00204,0.0,-1e-06,0.0,-0.000257,0.0,-0.000954,0.0,-0.000743,-0.002538,-0.0,-0.0,-0.000636,-0.0,-0.0,0.0,-0.0,-0.001254,-0.001823,0.0,-0.001238,-0.000964,-0.002529,-0.002632,0.0,-0.002319,-0.0,-0.002006,-0.000117,0.0,-0.000153,-0.003466,-0.001623,-0.001656,-0.001823,-0.002771,-0.000203,-0.000152,-8e-05,-0.0,-6e-06,-0.000447,-0.001328,-0.00131
2017-05-29 18:21:00+02:00,0.0,0.0,-1.3e-05,-0.001339,-1e-06,-0.0,-3.6e-05,-9.7e-05,-0.000541,-0.0,-0.0,0.0,-0.001575,-0.001588,-0.000659,-0.001892,-0.0,0.0,-0.0,-0.001173,0.0,-0.001162,-0.000413,0.0,-0.001892,-0.002246,-7.1e-05,0.0,-0.000148,-0.0,-0.0,-0.000919,0.0,-0.001104,-0.001532,0.0,-0.000202,-0.000331,0.0,-0.002287,-0.000152,0.0,-0.000307,0.0,-0.0,-0.000511,-0.000174,-0.000213,-0.000285,0.0,-0.0,-0.000495,-0.001042,-0.001751,-0.0,0.0,-0.0,-0.0,0.0,-6.5e-05,-0.000417,-0.002117,-0.00121,0.0,-2.5e-05,-0.002029,-1.5e-05,-0.000233,0.0,-2e-05,-0.000145,-0.0,-0.0,-0.000691,-0.001673,0.0,-1e-06,0.0,-0.000206,0.0,-0.000772,0.0,-0.000594,-0.002061,-0.0,-0.0,-0.000523,-0.0,-0.0,0.0,-0.0,-0.001024,-0.001501,0.0,-0.00099,-0.000772,-0.002078,-0.002163,0.0,-0.001868,-0.0,-0.001605,-9.4e-05,0.0,-0.000122,-0.002867,-0.001338,-0.001325,-0.001459,-0.002278,-0.000162,-0.000121,-6.4e-05,-0.0,-5e-06,-0.000358,-0.001062,-0.001076
2017-05-29 18:22:00+02:00,0.0,0.0,-1.1e-05,-0.001071,-1e-06,-0.0,-2.9e-05,-7.8e-05,-0.000439,-0.0,-0.0,0.0,-0.001318,-0.001318,-0.000528,-0.00155,-0.0,0.0,-0.0,-0.000939,0.0,-0.00093,-0.00033,0.0,-0.001543,-0.001873,-5.7e-05,0.0,-0.000118,-0.0,-0.0,-0.000745,0.0,-0.000886,-0.00126,0.0,-0.000161,-0.000265,0.0,-0.001882,-0.000122,0.0,-0.000246,0.0,-0.0,-0.000409,-0.000139,-0.00017,-0.000228,0.0,-0.0,-0.000396,-0.000853,-0.001466,-0.0,0.0,-0.0,-0.0,0.0,-5.2e-05,-0.000333,-0.001727,-0.000968,0.0,-2e-05,-0.001675,-1.2e-05,-0.000187,0.0,-1.6e-05,-0.000116,-0.0,-0.0,-0.000552,-0.001386,0.0,-0.0,0.0,-0.000165,0.0,-0.000632,0.0,-0.000475,-0.001682,-0.0,-0.0,-0.000431,-0.0,-0.0,0.0,-0.0,-0.000848,-0.00125,0.0,-0.000792,-0.000617,-0.001735,-0.001807,0.0,-0.001509,-0.0,-0.001286,-7.5e-05,0.0,-9.8e-05,-0.0024,-0.001115,-0.00106,-0.001167,-0.001905,-0.00013,-9.7e-05,-5.1e-05,-0.0,-4e-06,-0.000286,-0.00085,-0.000892
2017-05-29 18:23:00+02:00,0.0,0.0,-9e-06,-0.001042,-0.0,-0.0,-2.3e-05,-6.3e-05,-0.000415,-0.0,-0.0,0.0,-0.001262,-0.001269,-0.000514,-0.001503,-0.0,0.0,-0.0,-0.000807,0.0,-0.000797,-0.00027,0.0,-0.001506,-0.001809,-4.6e-05,0.0,-0.000109,-0.0,-0.0,-0.000719,0.0,-0.000864,-0.001222,0.0,-0.000146,-0.000212,0.0,-0.001826,-9.8e-05,0.0,-0.000197,0.0,-0.0,-0.000388,-0.00013,-0.000139,-0.000215,0.0,-0.0,-0.000329,-0.00082,-0.001409,-0.0,0.0,-0.0,-0.0,0.0,-4.1e-05,-0.000276,-0.001683,-0.000941,0.0,-1.6e-05,-0.001621,-9e-06,-0.000154,0.0,-1.3e-05,-9.3e-05,-0.0,-0.0,-0.00047,-0.00134,0.0,-0.0,0.0,-0.000132,0.0,-0.000601,0.0,-0.000455,-0.001638,-0.0,-0.0,-0.000404,-0.0,-0.0,0.0,-0.0,-0.000809,-0.001198,0.0,-0.00077,-0.000601,-0.001666,-0.001739,0.0,-0.001477,-0.0,-0.001253,-6e-05,0.0,-7.8e-05,-0.002316,-0.001064,-0.001034,-0.001134,-0.001837,-0.000105,-8.8e-05,-4.1e-05,-0.0,-3e-06,-0.000229,-0.000824,-0.000846
2017-05-29 18:24:00+02:00,0.0,0.0,-7e-06,-0.000944,-0.0,-0.0,-1.9e-05,-5.1e-05,-0.000374,-0.0,-0.0,0.0,-0.001168,-0.001177,-0.000448,-0.001387,-0.0,0.0,-0.0,-0.000645,0.0,-0.000638,-0.000216,0.0,-0.001395,-0.001678,-3.7e-05,0.0,-8.7e-05,-0.0,-0.0,-0.00066,0.0,-0.000797,-0.001135,0.0,-0.000117,-0.000169,0.0,-0.001692,-7.8e-05,0.0,-0.000157,0.0,-0.0,-0.00031,-0.000109,-0.000111,-0.000185,0.0,-0.0,-0.000263,-0.000754,-0.001309,-0.0,0.0,-0.0,-0.0,0.0,-3.3e-05,-0.000221,-0.001557,-0.000843,0.0,-1.3e-05,-0.001499,-7e-06,-0.000123,0.0,-1e-05,-7.4e-05,-0.0,-0.0,-0.000376,-0.001246,0.0,-0.0,0.0,-0.000105,0.0,-0.000547,0.0,-0.000364,-0.001516,-0.0,-0.0,-0.000362,-0.0,-0.0,0.0,-0.0,-0.000744,-0.001108,0.0,-0.000703,-0.000505,-0.00154,-0.001611,0.0,-0.001365,-0.0,-0.00115,-4.8e-05,0.0,-6.3e-05,-0.002153,-0.00098,-0.000934,-0.001034,-0.001705,-8.4e-05,-7.1e-05,-3.3e-05,-0.0,-2e-06,-0.000183,-0.000727,-0.000774
2017-05-29 18:25:00+02:00,0.0,0.0,-6e-06,-0.000996,-0.0,-0.0,-1.5e-05,-4.5e-05,-0.000368,-0.0,-0.0,0.0,-0.001184,-0.001206,-0.000485,-0.00144,-0.0,0.0,-0.0,-0.000608,0.0,-0.0006,-0.000201,0.0,-0.001451,-0.001728,-3.1e-05,0.0,-8.9e-05,-0.0,-0.0,-0.000679,0.0,-0.000835,-0.001175,0.0,-0.000135,-0.00015,0.0,-0.001743,-6.9e-05,0.0,-0.000126,0.0,-0.0,-0.000345,-0.000109,-9.5e-05,-0.000186,0.0,-0.0,-0.000236,-0.000778,-0.001334,-0.0,0.0,-0.0,-0.0,0.0,-2.6e-05,-0.000196,-0.001615,-0.000893,0.0,-1e-05,-0.001551,-6e-06,-0.000107,0.0,-8e-06,-6e-05,-0.0,-0.0,-0.000351,-0.001284,0.0,-0.0,0.0,-8.4e-05,0.0,-0.000553,0.0,-0.000404,-0.00157,-0.0,-0.0,-0.000347,-0.0,-0.0,0.0,-0.0,-0.000757,-0.001126,0.0,-0.000743,-0.000553,-0.001574,-0.00165,0.0,-0.001426,-0.0,-0.001206,-3.8e-05,0.0,-5.5e-05,-0.002195,-0.000987,-0.000983,-0.001084,-0.001752,-7.5e-05,-7.2e-05,-2.6e-05,-0.0,-2e-06,-0.000146,-0.000775,-0.000773
2017-05-29 18:26:00+02:00,0.0,0.0,-4e-06,-0.001088,-0.0,-0.0,-1.3e-05,-4.4e-05,-0.000367,-0.0,-0.0,0.0,-0.001221,-0.001258,-0.000538,-0.001544,-0.0,0.0,-0.0,-0.000626,0.0,-0.000618,-0.00022,0.0,-0.001538,-0.001833,-3e-05,0.0,-9.7e-05,-0.0,-0.0,-0.000714,0.0,-0.000894,-0.001242,0.0,-0.00017,-0.000163,0.0,-0.001828,-7.2e-05,0.0,-0.000101,0.0,-0.0,-0.000411,-0.000111,-8.8e-05,-0.00019,0.0,-0.0,-0.000235,-0.000831,-0.001384,-0.0,0.0,-0.0,-0.0,0.0,-2.1e-05,-0.000192,-0.001704,-0.000983,0.0,-8e-06,-0.001655,-5e-06,-9.9e-05,0.0,-7e-06,-4.8e-05,-0.0,-0.0,-0.00036,-0.001349,0.0,-0.0,0.0,-8.6e-05,0.0,-0.000577,0.0,-0.000476,-0.001656,-0.0,-0.0,-0.000334,-0.0,-0.0,0.0,-0.0,-0.000795,-0.001164,0.0,-0.000815,-0.000622,-0.001658,-0.001743,0.0,-0.001517,-0.0,-0.001308,-3.1e-05,0.0,-5.6e-05,-0.00227,-0.001011,-0.001056,-0.001177,-0.001855,-7.9e-05,-7.9e-05,-2.1e-05,-0.0,-2e-06,-0.000117,-0.000861,-0.000784
2017-05-29 18:27:00+02:00,0.0,0.0,-4e-06,-0.001211,-0.0,-0.0,-1.5e-05,-4.7e-05,-0.000376,-3e-06,-0.0,0.0,-0.001289,-0.001344,-0.000617,-0.001682,-0.0,0.0,-0.0,-0.000694,0.0,-0.000686,-0.000271,0.0,-0.001669,-0.001976,-3.4e-05,0.0,-0.000109,-0.0,-0.0,-0.000768,0.0,-0.000979,-0.001342,0.0,-0.000236,-0.000205,0.0,-0.001964,-8.6e-05,0.0,-0.000113,0.0,-0.0,-0.000505,-0.000118,-8.8e-05,-0.000202,0.0,-0.0,-0.000255,-0.000901,-0.00147,-0.0,0.0,-0.0,-0.0,0.0,-3.1e-05,-0.000205,-0.001843,-0.001104,0.0,-7e-06,-0.001795,-5e-06,-9.9e-05,0.0,-8e-06,-5.1e-05,-0.0,-0.0,-0.0004,-0.001449,0.0,-1.1e-05,0.0,-0.000121,0.0,-0.000614,0.0,-0.000576,-0.00179,-0.0,-0.0,-0.000332,-0.0,-0.0,0.0,-0.0,-0.000849,-0.001233,0.0,-0.000907,-0.000728,-0.001775,-0.00187,0.0,-0.001653,-0.0,-0.001442,-3.1e-05,0.0,-6.5e-05,-0.002408,-0.001062,-0.001168,-0.001301,-0.001995,-9.4e-05,-9.2e-05,-1.7e-05,-0.0,-1e-06,-0.000135,-0.000977,-0.000817
2017-05-29 18:28:00+02:00,0.0,0.0,-3e-06,-0.00125,-0.0,-0.0,-1.2e-05,-4.4e-05,-0.000373,-3e-06,-0.0,0.0,-0.001302,-0.001367,-0.000642,-0.001725,-0.0,0.0,-0.0,-0.000695,0.0,-0.000688,-0.000258,0.0,-0.001713,-0.002019,-3e-05,0.0,-0.000111,-0.0,-0.0,-0.000782,0.0,-0.001006,-0.001373,0.0,-0.000251,-0.00019,0.0,-0.002008,-7.9e-05,0.0,-9e-05,0.0,-0.0,-0.000532,-0.000118,-8.2e-05,-0.000203,0.0,-0.0,-0.000249,-0.000919,-0.00149,-0.0,0.0,-0.0,-0.0,0.0,-2.4e-05,-0.000199,-0.00189,-0.001143,0.0,-5e-06,-0.001838,-4e-06,-9.3e-05,0.0,-6e-06,-4.1e-05,-0.0,-0.0,-0.000399,-0.001479,0.0,-9e-06,0.0,-0.000101,0.0,-0.000619,0.0,-0.000605,-0.001835,-0.0,-0.0,-0.000326,-0.0,-0.0,0.0,-0.0,-0.00086,-0.001247,0.0,-0.000935,-0.000762,-0.001807,-0.001906,0.0,-0.001699,-0.0,-0.001486,-2.5e-05,0.0,-5.9e-05,-0.002447,-0.001068,-0.001204,-0.00134,-0.002038,-8.7e-05,-9.3e-05,-1.3e-05,-0.0,-1e-06,-0.000108,-0.001013,-0.000818
2017-05-29 18:29:00+02:00,0.0,0.0,-2e-06,-0.001224,-0.0,-0.0,-1e-05,-3.5e-05,-0.000356,-2e-06,-0.0,0.0,-0.001269,-0.001338,-0.000619,-0.001696,-0.0,0.0,-0.0,-0.000635,0.0,-0.000627,-0.000207,0.0,-0.001682,-0.001988,-2.4e-05,0.0,-0.000103,-0.0,-0.0,-0.000761,0.0,-0.000985,-0.001347,0.0,-0.000213,-0.000152,0.0,-0.001968,-6.3e-05,0.0,-7.2e-05,0.0,-0.0,-0.000498,-0.000111,-6.9e-05,-0.000191,0.0,-0.0,-0.000218,-0.0009,-0.001457,-0.0,0.0,-0.0,-0.0,0.0,-2e-05,-0.000173,-0.001854,-0.001115,0.0,-4e-06,-0.001809,-3e-06,-8e-05,0.0,-5e-06,-3.3e-05,-0.0,-0.0,-0.00036,-0.00145,0.0,-7e-06,0.0,-8.1e-05,0.0,-0.000601,0.0,-0.000575,-0.0018,-0.0,-0.0,-0.00031,-0.0,-0.0,0.0,-0.0,-0.000839,-0.001216,0.0,-0.000917,-0.000728,-0.001773,-0.001873,0.0,-0.001667,-0.0,-0.00146,-2e-05,0.0,-4.7e-05,-0.002397,-0.001038,-0.001172,-0.001312,-0.002006,-7e-05,-8.5e-05,-1.1e-05,-0.0,-1e-06,-8.6e-05,-0.000984,-0.00079
2017-05-29 18:30:00+02:00,0.0,0.0,-2e-06,-0.001227,-0.0,-0.0,-8e-06,-3e-05,-0.000345,-2e-06,-0.0,0.0,-0.001258,-0.001332,-0.00062,-0.001699,-0.0,0.0,-0.0,-0.000615,0.0,-0.000607,-0.000178,0.0,-0.001684,-0.001989,-1.9e-05,0.0,-9.9e-05,-0.0,-0.0,-0.000756,0.0,-0.000984,-0.001347,0.0,-0.000206,-0.000121,0.0,-0.001966,-5.1e-05,0.0,-5.8e-05,0.0,-0.0,-0.000496,-0.000108,-6.2e-05,-0.000185,0.0,-0.0,-0.000205,-0.000896,-0.001449,-0.0,0.0,-0.0,-0.0,0.0,-1.6e-05,-0.000161,-0.001855,-0.001118,0.0,-3e-06,-0.001811,-3e-06,-7.3e-05,0.0,-4e-06,-2.6e-05,-0.0,-0.0,-0.000347,-0.001448,0.0,-6e-06,0.0,-6.4e-05,0.0,-0.000593,0.0,-0.000574,-0.001801,-0.0,-0.0,-0.0003,-0.0,-0.0,0.0,-0.0,-0.000832,-0.001206,0.0,-0.000919,-0.000728,-0.001768,-0.001871,0.0,-0.001669,-0.0,-0.001464,-1.6e-05,0.0,-3.8e-05,-0.002389,-0.001025,-0.001171,-0.001314,-0.002005,-5.9e-05,-8.2e-05,-9e-06,-0.0,-1e-06,-6.9e-05,-0.000986,-0.000776
2017-05-29 18:31:00+02:00,0.0,0.0,-1e-06,-0.001217,-0.0,-0.0,-6e-06,-2.4e-05,-0.000332,-1e-06,-0.0,0.0,-0.00123,-0.001306,-0.000605,-0.001684,-0.0,0.0,-0.0,-0.000617,0.0,-0.000609,-0.000143,0.0,-0.00166,-0.001971,-1.5e-05,0.0,-9.5e-05,-0.0,-0.0,-0.000738,0.0,-0.000967,-0.001325,0.0,-0.000188,-9.7e-05,0.0,-0.001936,-4.1e-05,0.0,-4.6e-05,0.0,-0.0,-0.000486,-0.000105,-5.9e-05,-0.000177,0.0,-0.0,-0.000203,-0.000884,-0.001421,-0.0,0.0,-0.0,-0.0,0.0,-1.3e-05,-0.000158,-0.001828,-0.001107,0.0,-3e-06,-0.001794,-2e-06,-7e-05,0.0,-3e-06,-2.1e-05,-0.0,-0.0,-0.000347,-0.001423,0.0,-5e-06,0.0,-5.2e-05,0.0,-0.00058,0.0,-0.000565,-0.001775,-0.0,-0.0,-0.000289,-0.0,-0.0,0.0,-0.0,-0.000817,-0.00118,0.0,-0.00091,-0.000709,-0.001747,-0.001851,0.0,-0.001644,-0.0,-0.001452,-1.3e-05,0.0,-3e-05,-0.002349,-0.000999,-0.001149,-0.001302,-0.001986,-4.7e-05,-7.8e-05,-7e-06,-0.0,-1e-06,-5.5e-05,-0.000975,-0.000753
2017-05-29 18:32:00+02:00,0.0,0.0,-1e-06,-0.00119,-0.0,-0.0,-5e-06,-1.9e-05,-0.000322,-1e-06,-0.0,0.0,-0.001223,-0.001299,-0.000599,-0.001651,-0.0,0.0,-0.0,-0.000598,0.0,-0.000591,-0.000114,0.0,-0.001649,-0.001933,-1.2e-05,0.0,-9e-05,-0.0,-0.0,-0.000727,0.0,-0.000958,-0.001317,0.0,-0.000179,-7.8e-05,0.0,-0.001928,-3.3e-05,0.0,-3.7e-05,0.0,-0.0,-0.000465,-0.000101,-5.4e-05,-0.000172,0.0,-0.0,-0.000193,-0.000861,-0.001415,-0.0,0.0,-0.0,-0.0,0.0,-1e-05,-0.000149,-0.001821,-0.001082,0.0,-2e-06,-0.001759,-2e-06,-6.5e-05,0.0,-3e-06,-1.7e-05,-0.0,-0.0,-0.000334,-0.001417,0.0,-4e-06,0.0,-4.1e-05,0.0,-0.000561,0.0,-0.000545,-0.001768,-0.0,-0.0,-0.000284,-0.0,-0.0,0.0,-0.0,-0.000794,-0.001172,0.0,-0.000889,-0.000702,-0.001709,-0.001812,0.0,-0.001633,-0.0,-0.001423,-1e-05,0.0,-2.4e-05,-0.002348,-0.000989,-0.00114,-0.001273,-0.001947,-3.8e-05,-7.3e-05,-6e-06,-0.0,-0.0,-4.4e-05,-0.00095,-0.000741
2017-05-29 18:33:00+02:00,0.0,0.0,-1e-06,-0.001148,-0.0,-0.0,-4e-06,-1.5e-05,-0.000308,-1e-06,-0.0,0.0,-0.001197,-0.001272,-0.000576,-0.0016,-0.0,0.0,-0.0,-0.000562,0.0,-0.000554,-9.1e-05,0.0,-0.001611,-0.001878,-1e-05,0.0,-8.2e-05,-0.0,-0.0,-0.000704,0.0,-0.000932,-0.001289,0.0,-0.000152,-6.2e-05,0.0,-0.001889,-2.6e-05,0.0,-3e-05,0.0,-0.0,-0.00043,-9.5e-05,-4.8e-05,-0.000162,0.0,-0.0,-0.000175,-0.00083,-0.001388,-0.0,0.0,-0.0,-0.0,0.0,-8e-06,-0.000135,-0.001783,-0.00104,0.0,-2e-06,-0.001707,-1e-06,-5.8e-05,0.0,-2e-06,-1.3e-05,-0.0,-0.0,-0.000311,-0.001389,0.0,-3e-06,0.0,-3.3e-05,0.0,-0.000537,0.0,-0.000509,-0.001732,-0.0,-0.0,-0.000275,-0.0,-0.0,0.0,-0.0,-0.000765,-0.001146,0.0,-0.000857,-0.00067,-0.001657,-0.001758,0.0,-0.001594,-0.0,-0.001376,-8e-06,0.0,-1.9e-05,-0.002311,-0.000964,-0.001106,-0.001228,-0.001892,-3e-05,-6.5e-05,-4e-06,-0.0,-0.0,-3.5e-05,-0.00091,-0.000719
2017-05-29 18:34:00+02:00,0.0,0.0,-1e-06,-0.001109,-0.0,-0.0,-3e-06,-1.2e-05,-0.000294,-1e-06,-0.0,0.0,-0.001167,-0.001241,-0.000552,-0.001553,-0.0,0.0,-0.0,-0.000529,0.0,-0.000521,-7.3e-05,0.0,-0.001571,-0.001826,-8e-06,0.0,-7.5e-05,-0.0,-0.0,-0.000679,0.0,-0.000904,-0.001257,0.0,-0.000127,-5e-05,0.0,-0.001845,-2.1e-05,0.0,-2.4e-05,0.0,-0.0,-0.000399,-9e-05,-4.2e-05,-0.000153,0.0,-0.0,-0.00016,-0.000801,-0.001356,-0.0,0.0,-0.0,-0.0,0.0,-6e-06,-0.000123,-0.001741,-0.001002,0.0,-1e-06,-0.001658,-1e-06,-5.2e-05,0.0,-2e-06,-1.1e-05,-0.0,-0.0,-0.00029,-0.001356,0.0,-2e-06,0.0,-2.6e-05,0.0,-0.000515,0.0,-0.000479,-0.001692,-0.0,-0.0,-0.000267,-0.0,-0.0,0.0,-0.0,-0.000737,-0.001116,0.0,-0.000827,-0.000638,-0.001607,-0.001708,0.0,-0.001552,-0.0,-0.001333,-7e-06,0.0,-1.5e-05,-0.002266,-0.000936,-0.00107,-0.001187,-0.00184,-2.4e-05,-5.9e-05,-4e-06,-0.0,-0.0,-2.8e-05,-0.000873,-0.000695
2017-05-29 18:35:00+02:00,0.0,0.0,-1e-06,-0.001049,-0.0,-0.0,-3e-06,-1e-05,-0.000278,-1e-06,-0.0,0.0,-0.001123,-0.001193,-0.000517,-0.00148,-0.0,0.0,-0.0,-0.000482,0.0,-0.000474,-5.8e-05,0.0,-0.00151,-0.001746,-6e-06,0.0,-6.6e-05,-0.0,-0.0,-0.000647,0.0,-0.000864,-0.001208,0.0,-0.000102,-4e-05,0.0,-0.001778,-1.7e-05,0.0,-1.9e-05,0.0,-0.0,-0.000352,-8.3e-05,-3.5e-05,-0.000143,0.0,-0.0,-0.00014,-0.000759,-0.001306,-0.0,0.0,-0.0,-0.0,0.0,-5e-06,-0.000107,-0.001676,-0.000943,0.0,-1e-06,-0.001582,-1e-06,-4.5e-05,0.0,-1e-06,-9e-06,-0.0,-0.0,-0.000261,-0.001305,0.0,-2e-06,0.0,-2.1e-05,0.0,-0.000485,0.0,-0.000431,-0.001629,-0.0,-0.0,-0.000257,-0.0,-0.0,0.0,-0.0,-0.000698,-0.001072,0.0,-0.000781,-0.000593,-0.001534,-0.001632,0.0,-0.00149,-0.0,-0.001267,-5e-06,0.0,-1.2e-05,-0.002193,-0.000898,-0.001019,-0.001125,-0.001759,-1.9e-05,-5.1e-05,-3e-06,-0.0,-0.0,-2.3e-05,-0.000817,-0.000664
2017-05-29 18:36:00+02:00,0.0,0.0,-0.0,-0.000977,-0.0,-0.0,-2e-06,-8e-06,-0.000259,-0.0,-0.0,0.0,-0.001065,-0.001131,-0.000474,-0.001393,-0.0,0.0,-0.0,-0.000422,0.0,-0.000413,-4.7e-05,0.0,-0.001432,-0.001651,-5e-06,0.0,-5.6e-05,-0.0,-0.0,-0.000607,0.0,-0.000813,-0.001144,0.0,-8.1e-05,-3.2e-05,0.0,-0.001689,-1.3e-05,0.0,-1.5e-05,0.0,-0.0,-0.000298,-7.5e-05,-2.8e-05,-0.00013,0.0,-0.0,-0.000115,-0.00071,-0.001241,-0.0,0.0,-0.0,-0.0,0.0,-4e-06,-8.7e-05,-0.00159,-0.000873,0.0,-1e-06,-0.001492,-1e-06,-3.7e-05,0.0,-1e-06,-7e-06,-0.0,-0.0,-0.000225,-0.001238,0.0,-2e-06,0.0,-1.7e-05,0.0,-0.000452,0.0,-0.000375,-0.001546,-0.0,-0.0,-0.000243,-0.0,-0.0,0.0,-0.0,-0.000653,-0.001015,0.0,-0.000727,-0.000535,-0.001448,-0.001542,0.0,-0.001409,-0.0,-0.001186,-4e-06,0.0,-1e-05,-0.002092,-0.000849,-0.000953,-0.00105,-0.001664,-1.5e-05,-4.1e-05,-2e-06,-0.0,-0.0,-1.8e-05,-0.000749,-0.000625
2017-05-29 18:37:00+02:00,0.0,0.0,-0.0,-0.000896,-0.0,-0.0,-2e-06,-6e-06,-0.000239,-0.0,-0.0,0.0,-0.001,-0.001061,-0.000426,-0.001295,-0.0,0.0,-0.0,-0.000352,0.0,-0.000342,-3.7e-05,0.0,-0.001342,-0.001543,-4e-06,0.0,-4.5e-05,-0.0,-0.0,-0.000564,0.0,-0.000755,-0.001072,0.0,-6.5e-05,-2.5e-05,0.0,-0.001587,-1.1e-05,0.0,-1.2e-05,0.0,-0.0,-0.000238,-6.6e-05,-2.3e-05,-0.000116,0.0,-0.0,-9.2e-05,-0.000657,-0.001167,-0.0,0.0,-0.0,-0.0,0.0,-3e-06,-7e-05,-0.001491,-0.000794,0.0,-1e-06,-0.00139,-1e-06,-2.9e-05,0.0,-1e-06,-5e-06,-0.0,-0.0,-0.000183,-0.001163,0.0,-1e-06,0.0,-1.4e-05,0.0,-0.000415,0.0,-0.000313,-0.001451,-0.0,-0.0,-0.000228,-0.0,-0.0,0.0,-0.0,-0.000605,-0.000952,0.0,-0.000667,-0.000469,-0.001352,-0.00144,0.0,-0.001317,-0.0,-0.001096,-3e-06,0.0,-8e-06,-0.001976,-0.000794,-0.000877,-0.000966,-0.001556,-1.2e-05,-3.3e-05,-2e-06,-0.0,-0.0,-1.4e-05,-0.000674,-0.000582
2017-05-29 18:38:00+02:00,0.0,0.0,-0.0,-0.000823,-0.0,-0.0,-1e-06,-5e-06,-0.00022,-0.0,-0.0,0.0,-0.000942,-0.000999,-0.00038,-0.001209,-0.0,0.0,-0.0,-0.000282,0.0,-0.000274,-3e-05,0.0,-0.001261,-0.00145,-3e-06,0.0,-3.6e-05,-0.0,-0.0,-0.000524,0.0,-0.000704,-0.001008,0.0,-5.2e-05,-2e-05,0.0,-0.001495,-9e-06,0.0,-1e-05,0.0,-0.0,-0.000191,-5.8e-05,-1.8e-05,-0.000103,0.0,-0.0,-7.4e-05,-0.00061,-0.001102,-0.0,0.0,-0.0,-0.0,0.0,-3e-06,-5.6e-05,-0.001402,-0.000723,0.0,-1e-06,-0.001301,-0.0,-2.4e-05,0.0,-1e-06,-4e-06,-0.0,-0.0,-0.000146,-0.001096,0.0,-1e-06,0.0,-1.1e-05,0.0,-0.000383,0.0,-0.000255,-0.001365,-0.0,-0.0,-0.000213,-0.0,-0.0,0.0,-0.0,-0.000562,-0.000895,0.0,-0.000615,-0.000407,-0.001268,-0.001352,0.0,-0.001234,-0.0,-0.001016,-3e-06,0.0,-6e-06,-0.001872,-0.000745,-0.000808,-0.000891,-0.001463,-1e-05,-2.6e-05,-1e-06,-0.0,-0.0,-1.2e-05,-0.000606,-0.000544
2017-05-29 18:39:00+02:00,0.0,0.0,-0.0,-0.000792,-0.0,-0.0,-1e-06,-4e-06,-0.000208,-0.0,-0.0,0.0,-0.000914,-0.000971,-0.000361,-0.001173,-0.0,0.0,-0.0,-0.00024,0.0,-0.000231,-2.4e-05,0.0,-0.001225,-0.001411,-3e-06,0.0,-3.1e-05,-0.0,-0.0,-0.000503,0.0,-0.00068,-0.00098,0.0,-4.2e-05,-1.6e-05,0.0,-0.001456,-7e-06,0.0,-8e-06,0.0,-0.0,-0.000165,-5.3e-05,-1.4e-05,-9.5e-05,0.0,-0.0,-5.9e-05,-0.000587,-0.001072,-0.0,0.0,-0.0,-0.0,0.0,-2e-06,-4.5e-05,-0.001364,-0.000693,0.0,-0.0,-0.001264,-0.0,-1.9e-05,0.0,-1e-06,-4e-06,-0.0,-0.0,-0.00012,-0.001066,0.0,-1e-06,0.0,-9e-06,0.0,-0.000366,0.0,-0.00023,-0.001328,-0.0,-0.0,-0.000204,-0.0,-0.0,0.0,-0.0,-0.000541,-0.000868,0.0,-0.000592,-0.000381,-0.00123,-0.001314,0.0,-0.001197,-0.0,-0.000982,-2e-06,0.0,-5e-06,-0.001828,-0.00072,-0.000777,-0.000859,-0.001423,-8e-06,-2.1e-05,-1e-06,-0.0,-0.0,-9e-06,-0.000577,-0.000522
2017-05-29 18:40:00+02:00,0.0,0.0,-0.0,-0.000792,-0.0,-0.0,-1e-06,-3e-06,-0.000202,-0.0,-0.0,0.0,-0.000902,-0.000961,-0.000358,-0.00117,-0.0,0.0,-0.0,-0.00023,0.0,-0.00022,-1.9e-05,0.0,-0.00122,-0.001407,-2e-06,0.0,-3e-05,-0.0,-0.0,-0.000495,0.0,-0.000673,-0.000972,0.0,-3.3e-05,-1.3e-05,0.0,-0.001448,-6e-06,0.0,-6e-06,0.0,-0.0,-0.000165,-5.3e-05,-1.2e-05,-9.3e-05,0.0,-0.0,-5e-05,-0.000582,-0.001061,-0.0,0.0,-0.0,-0.0,0.0,-2e-06,-3.8e-05,-0.001358,-0.000694,0.0,-0.0,-0.001261,-0.0,-1.6e-05,0.0,-0.0,-3e-06,-0.0,-0.0,-0.000112,-0.001057,0.0,-1e-06,0.0,-7e-06,0.0,-0.000359,0.0,-0.000232,-0.001323,-0.0,-0.0,-0.000202,-0.0,-0.0,0.0,-0.0,-0.000533,-0.000856,0.0,-0.000589,-0.000379,-0.001224,-0.001308,0.0,-0.00119,-0.0,-0.000981,-2e-06,0.0,-4e-06,-0.001817,-0.000708,-0.000772,-0.000857,-0.001419,-6e-06,-2e-05,-1e-06,-0.0,-0.0,-7e-06,-0.000577,-0.000511
2017-05-29 18:41:00+02:00,0.0,0.0,-0.0,-0.00079,-0.0,-0.0,-1e-06,-3e-06,-0.000198,-0.0,-0.0,0.0,-0.000895,-0.000955,-0.000357,-0.001165,-0.0,0.0,-0.0,-0.000222,0.0,-0.000212,-1.5e-05,0.0,-0.001218,-0.001401,-2e-06,0.0,-2.9e-05,-0.0,-0.0,-0.000489,0.0,-0.000669,-0.000968,0.0,-2.7e-05,-1e-05,0.0,-0.001446,-4e-06,0.0,-5e-06,0.0,-0.0,-0.000162,-5.2e-05,-9e-06,-9.1e-05,0.0,-0.0,-4.4e-05,-0.000575,-0.001055,-0.0,0.0,-0.0,-0.0,0.0,-1e-06,-3.2e-05,-0.001358,-0.000691,0.0,-0.0,-0.001255,-0.0,-1.3e-05,0.0,-0.0,-2e-06,-0.0,-0.0,-0.000107,-0.001053,0.0,-1e-06,0.0,-6e-06,0.0,-0.000352,0.0,-0.00023,-0.001323,-0.0,-0.0,-0.000201,-0.0,-0.0,0.0,-0.0,-0.000525,-0.00085,0.0,-0.000585,-0.00038,-0.001216,-0.0013,0.0,-0.001188,-0.0,-0.000978,-1e-06,0.0,-3e-06,-0.001816,-0.0007,-0.000771,-0.000853,-0.001412,-5e-06,-1.9e-05,-1e-06,-0.0,-0.0,-6e-06,-0.000575,-0.000503
2017-05-29 18:42:00+02:00,0.0,0.0,-0.0,-0.000803,-0.0,-0.0,-1e-06,-2e-06,-0.000195,-0.0,-0.0,0.0,-0.000894,-0.000957,-0.000361,-0.00118,-0.0,0.0,-0.0,-0.000223,0.0,-0.000212,-1.2e-05,0.0,-0.001226,-0.001417,-1e-06,0.0,-3e-05,-0.0,-0.0,-0.000486,0.0,-0.00067,-0.000972,0.0,-2.1e-05,-8e-06,0.0,-0.001455,-4e-06,0.0,-4e-06,0.0,-0.0,-0.000171,-5.3e-05,-7e-06,-9e-05,0.0,-0.0,-4.1e-05,-0.000578,-0.001056,-0.0,0.0,-0.0,-0.0,0.0,-1e-06,-3e-05,-0.001367,-0.000704,0.0,-0.0,-0.001271,-0.0,-1.2e-05,0.0,-0.0,-2e-06,-0.0,-0.0,-0.000105,-0.001056,0.0,-0.0,0.0,-4e-06,0.0,-0.000351,0.0,-0.000241,-0.001332,-0.0,-0.0,-0.000201,-0.0,-0.0,0.0,-0.0,-0.000525,-0.000849,0.0,-0.000592,-0.000388,-0.001226,-0.001313,0.0,-0.001194,-0.0,-0.000992,-1e-06,0.0,-3e-06,-0.001827,-0.000697,-0.000776,-0.000865,-0.001427,-4e-06,-1.9e-05,-1e-06,-0.0,-0.0,-5e-06,-0.000587,-0.000498
2017-05-29 18:43:00+02:00,0.0,0.0,-0.0,-0.000819,-0.0,-0.0,-0.0,-2e-06,-0.000192,-0.0,-0.0,0.0,-0.000895,-0.00096,-0.000368,-0.001198,-0.0,0.0,-0.0,-0.000237,0.0,-0.000227,-1e-05,0.0,-0.001238,-0.001435,-1e-06,0.0,-3.1e-05,-0.0,-0.0,-0.000485,0.0,-0.000674,-0.000978,0.0,-1.9e-05,-7e-06,0.0,-0.001467,-3e-06,0.0,-3e-06,0.0,-0.0,-0.000185,-5.4e-05,-7e-06,-8.9e-05,0.0,-0.0,-4.3e-05,-0.000582,-0.001059,-0.0,0.0,-0.0,-0.0,0.0,-1e-06,-3.1e-05,-0.00138,-0.000719,0.0,-0.0,-0.001289,-0.0,-1.3e-05,0.0,-0.0,-1e-06,-0.0,-0.0,-0.000112,-0.001062,0.0,-0.0,0.0,-4e-06,0.0,-0.00035,0.0,-0.000256,-0.001346,-0.0,-0.0,-0.000201,-0.0,-0.0,0.0,-0.0,-0.000526,-0.000849,0.0,-0.0006,-0.0004,-0.001238,-0.001327,0.0,-0.001206,-0.0,-0.001009,-1e-06,0.0,-2e-06,-0.001842,-0.000694,-0.000786,-0.000879,-0.001445,-3e-06,-2e-05,-0.0,-0.0,-0.0,-4e-06,-0.000601,-0.000494
2017-05-29 18:44:00+02:00,0.0,0.0,-0.0,-0.000828,-0.0,-0.0,-0.0,-1e-06,-0.000188,-0.0,-0.0,0.0,-0.00089,-0.000958,-0.000371,-0.001206,-0.0,0.0,-0.0,-0.000229,0.0,-0.000219,-8e-06,0.0,-0.001242,-0.001444,-1e-06,0.0,-3.1e-05,-0.0,-0.0,-0.000482,0.0,-0.000673,-0.000977,0.0,-1.7e-05,-5e-06,0.0,-0.001471,-2e-06,0.0,-3e-06,0.0,-0.0,-0.000194,-5.5e-05,-6e-06,-8.8e-05,0.0,-0.0,-3.8e-05,-0.000581,-0.001056,-0.0,0.0,-0.0,-0.0,0.0,-1e-06,-2.7e-05,-0.001385,-0.000728,0.0,-0.0,-0.001297,-0.0,-1.1e-05,0.0,-0.0,-1e-06,-0.0,-0.0,-0.000107,-0.001062,0.0,-0.0,0.0,-3e-06,0.0,-0.000347,0.0,-0.000266,-0.001351,-0.0,-0.0,-0.0002,-0.0,-0.0,0.0,-0.0,-0.000524,-0.000845,0.0,-0.000604,-0.000409,-0.001243,-0.001333,0.0,-0.001209,-0.0,-0.001018,-1e-06,0.0,-2e-06,-0.001845,-0.000688,-0.000791,-0.000886,-0.001452,-3e-06,-2.1e-05,-0.0,-0.0,-0.0,-3e-06,-0.00061,-0.000488
2017-05-29 18:45:00+02:00,0.0,0.0,-0.0,-0.000821,-0.0,-0.0,-0.0,-1e-06,-0.000184,-0.0,-0.0,0.0,-0.000873,-0.000942,-0.000365,-0.001197,-0.0,0.0,-0.0,-0.000208,0.0,-0.000197,-6e-06,0.0,-0.001228,-0.001433,-1e-06,0.0,-3e-05,-0.0,-0.0,-0.000471,0.0,-0.000661,-0.000963,0.0,-1.3e-05,-4e-06,0.0,-0.001453,-2e-06,0.0,-2e-06,0.0,-0.0,-0.000191,-5.5e-05,-5e-06,-8.6e-05,0.0,-0.0,-3.1e-05,-0.000572,-0.001038,-0.0,0.0,-0.0,-0.0,0.0,-1e-06,-2.2e-05,-0.00137,-0.000722,0.0,-0.0,-0.001287,-0.0,-9e-06,0.0,-0.0,-1e-06,-0.0,-0.0,-9.4e-05,-0.001046,0.0,-0.0,0.0,-2e-06,0.0,-0.00034,0.0,-0.000263,-0.001337,-0.0,-0.0,-0.000198,-0.0,-0.0,0.0,-0.0,-0.000515,-0.000829,0.0,-0.000597,-0.000403,-0.001231,-0.001321,0.0,-0.001194,-0.0,-0.00101,-1e-06,0.0,-1e-06,-0.001824,-0.000673,-0.00078,-0.000878,-0.001441,-2e-06,-2e-05,-0.0,-0.0,-0.0,-2e-06,-0.000605,-0.000476
2017-05-29 18:46:00+02:00,0.0,0.0,-0.0,-0.000812,-0.0,-0.0,-0.0,-1e-06,-0.000178,-0.0,-0.0,0.0,-0.000851,-0.00092,-0.000355,-0.001183,-0.0,0.0,-0.0,-0.000298,0.0,-0.00029,-5e-06,0.0,-0.001207,-0.001417,-1e-06,0.0,-2.9e-05,-0.0,-0.0,-0.000458,0.0,-0.000646,-0.000942,0.0,-1.1e-05,-3e-06,0.0,-0.001427,-1e-06,0.0,-2e-06,0.0,-0.0,-0.000187,-5.4e-05,-1.4e-05,-8.3e-05,0.0,-0.0,-6.3e-05,-0.000562,-0.001015,-0.0,0.0,-0.0,-0.0,0.0,-0.0,-4.5e-05,-0.001346,-0.000713,0.0,-0.0,-0.001273,-0.0,-1.9e-05,0.0,-0.0,-1e-06,-0.0,-0.0,-0.000144,-0.001024,0.0,-0.0,0.0,-2e-06,0.0,-0.000331,0.0,-0.000259,-0.001314,-0.0,-0.0,-0.000195,-0.0,-0.0,0.0,-0.0,-0.000504,-0.000808,0.0,-0.000587,-0.000392,-0.001214,-0.001304,0.0,-0.001172,-0.0,-0.000998,-0.0,0.0,-1e-06,-0.001792,-0.000655,-0.000763,-0.000867,-0.001424,-2e-06,-1.9e-05,-0.0,-0.0,-0.0,-2e-06,-0.000596,-0.000461
2017-05-29 18:47:00+02:00,0.0,0.0,-0.0,-0.000796,-0.0,-0.0,-0.0,-1e-06,-0.000172,-0.0,-0.0,0.0,-0.000828,-0.000896,-0.000341,-0.001163,-0.0,0.0,-0.0,-0.000362,0.0,-0.000356,-4e-06,0.0,-0.001179,-0.001396,-0.0,0.0,-2.8e-05,-0.0,-0.0,-0.000442,0.0,-0.000626,-0.000918,0.0,-9e-06,-3e-06,0.0,-0.001395,-1e-06,0.0,-1e-06,0.0,-0.0,-0.000176,-5.3e-05,-2e-05,-7.9e-05,0.0,-0.0,-8.5e-05,-0.000548,-0.000989,-0.0,0.0,-0.0,-0.0,0.0,-0.0,-6.1e-05,-0.001316,-0.000698,0.0,-0.0,-0.001253,-0.0,-2.7e-05,0.0,-0.0,-1e-06,-0.0,-0.0,-0.00018,-0.000998,0.0,-0.0,0.0,-1e-06,0.0,-0.000322,0.0,-0.000248,-0.001285,-0.0,-0.0,-0.000191,-0.0,-0.0,0.0,-0.0,-0.000491,-0.000786,0.0,-0.000574,-0.000374,-0.001194,-0.001283,0.0,-0.001143,-0.0,-0.00098,-0.0,0.0,-1e-06,-0.001754,-0.000635,-0.000741,-0.00085,-0.001403,-1e-06,-1.7e-05,-0.0,-0.0,-0.0,-2e-06,-0.000582,-0.000446
2017-05-29 18:48:00+02:00,0.0,0.0,-0.0,-0.000788,-0.0,-0.0,-0.0,-1e-06,-0.000168,-0.0,-0.0,0.0,-0.00081,-0.000879,-0.000331,-0.001153,-0.0,0.0,-0.0,-0.000415,0.0,-0.000411,-3e-06,0.0,-0.001162,-0.001385,-0.0,0.0,-2.6e-05,-0.0,-0.0,-0.000431,0.0,-0.000613,-0.000902,0.0,-7e-06,-2e-06,0.0,-0.001376,-1e-06,0.0,-1e-06,0.0,-0.0,-0.00017,-5.2e-05,-2.6e-05,-7.7e-05,0.0,-0.0,-0.000103,-0.00054,-0.00097,-0.0,0.0,-0.0,-0.0,0.0,-0.0,-7.4e-05,-0.001297,-0.00069,0.0,-0.0,-0.001242,-0.0,-3.3e-05,0.0,-0.0,-0.0,-0.0,-0.0,-0.000209,-0.00098,0.0,-0.0,0.0,-1e-06,0.0,-0.000315,0.0,-0.000241,-0.001268,-0.0,-0.0,-0.00019,-0.0,-0.0,0.0,-0.0,-0.000483,-0.000769,0.0,-0.000566,-0.000362,-0.001183,-0.001272,0.0,-0.001125,-0.0,-0.000971,-0.0,0.0,-1e-06,-0.00173,-0.00062,-0.000726,-0.000841,-0.001392,-1e-06,-1.6e-05,-0.0,-0.0,-0.0,-1e-06,-0.000574,-0.000434
2017-05-29 18:49:00+02:00,0.0,0.0,-0.0,-0.000793,-0.0,-0.0,-0.0,-0.0,-0.000169,-0.0,-0.0,0.0,-0.00081,-0.000881,-0.000338,-0.001157,-0.0,0.0,-0.0,-0.000472,0.0,-0.000471,-3e-06,0.0,-0.001176,-0.001389,-0.0,0.0,-2.7e-05,-0.0,-0.0,-0.000432,0.0,-0.000617,-0.000906,0.0,-7e-06,-2e-06,0.0,-0.001389,-1e-06,0.0,-1e-06,0.0,-0.0,-0.000176,-5.3e-05,-3.3e-05,-7.8e-05,0.0,-0.0,-0.000123,-0.000537,-0.000971,-0.0,0.0,-0.0,-0.0,0.0,-0.0,-8.8e-05,-0.001312,-0.000695,0.0,-0.0,-0.001246,-0.0,-4e-05,0.0,-0.0,-0.0,-0.0,-0.0,-0.00024,-0.000984,0.0,-0.0,0.0,-1e-06,0.0,-0.000312,0.0,-0.000247,-0.001283,-0.0,-0.0,-0.000194,-0.0,-0.0,0.0,-0.0,-0.000479,-0.000769,0.0,-0.000565,-0.000376,-0.001184,-0.001274,0.0,-0.001138,-0.0,-0.000976,-1e-06,0.0,-1e-06,-0.001744,-0.000619,-0.000738,-0.000844,-0.001395,-1e-06,-1.7e-05,-0.0,-0.0,-0.0,-1e-06,-0.000579,-0.000433
2017-05-29 18:50:00+02:00,0.0,0.0,-0.0,-0.000784,-0.0,-0.0,-0.0,-0.0,-0.000167,-0.0,-0.0,0.0,-0.000798,-0.00087,-0.000333,-0.001146,-0.0,0.0,-0.0,-0.000494,0.0,-0.000493,-2e-06,0.0,-0.001168,-0.001377,-0.0,0.0,-2.6e-05,-0.0,-0.0,-0.000424,0.0,-0.000608,-0.000895,0.0,-6e-06,-1e-06,0.0,-0.001378,-1e-06,0.0,-1e-06,0.0,-0.0,-0.000169,-5.3e-05,-3.5e-05,-7.7e-05,0.0,-0.0,-0.00013,-0.000528,-0.000959,-0.0,0.0,-0.0,-0.0,0.0,-0.0,-9.3e-05,-0.001303,-0.000686,0.0,-0.0,-0.001234,-0.0,-4.3e-05,0.0,-0.0,-0.0,-0.0,-0.0,-0.000251,-0.000973,0.0,-0.0,0.0,-1e-06,0.0,-0.000306,0.0,-0.000241,-0.001274,-0.0,-0.0,-0.000194,-0.0,-0.0,0.0,-0.0,-0.00047,-0.000758,0.0,-0.000556,-0.000371,-0.001172,-0.001262,0.0,-0.001128,-0.0,-0.000965,-0.0,0.0,-0.0,-0.001732,-0.000608,-0.000731,-0.000833,-0.001382,-1e-06,-1.6e-05,-0.0,-0.0,-0.0,-1e-06,-0.00057,-0.000424
2017-05-29 18:51:00+02:00,0.0,0.0,-0.0,-0.000778,-0.0,-0.0,-0.0,-0.0,-0.000163,-0.0,-0.0,0.0,-0.000785,-0.000856,-0.000325,-0.001139,-0.0,0.0,-0.0,-0.000508,0.0,-0.000508,-2e-06,0.0,-0.001156,-0.001369,-0.0,0.0,-2.5e-05,-0.0,-0.0,-0.000415,0.0,-0.000598,-0.000883,0.0,-5e-06,-1e-06,0.0,-0.001363,-0.0,0.0,-1e-06,0.0,-0.0,-0.000164,-5.2e-05,-3.6e-05,-7.4e-05,0.0,-0.0,-0.000134,-0.000521,-0.000944,-0.0,0.0,-0.0,-0.0,0.0,-0.0,-9.6e-05,-0.001288,-0.00068,0.0,-0.0,-0.001227,-0.0,-4.5e-05,0.0,-0.0,-0.0,-0.0,-0.0,-0.000258,-0.000959,0.0,-0.0,0.0,-1e-06,0.0,-0.000299,0.0,-0.000236,-0.001261,-0.0,-0.0,-0.000192,-0.0,-0.0,0.0,-0.0,-0.000463,-0.000745,0.0,-0.000551,-0.00036,-0.001163,-0.001253,0.0,-0.001114,-0.0,-0.000959,-0.0,0.0,-0.0,-0.001715,-0.000596,-0.000718,-0.000827,-0.001374,-1e-06,-1.5e-05,-0.0,-0.0,-0.0,-1e-06,-0.000565,-0.000414
2017-05-29 18:52:00+02:00,0.0,0.0,-0.0,-0.000777,-0.0,-0.0,-0.0,-0.0,-0.000159,-0.0,-0.0,0.0,-0.000775,-0.000847,-0.000321,-0.001136,-0.0,0.0,-0.0,-0.000531,0.0,-0.000532,-1e-06,0.0,-0.001151,-0.001366,-0.0,0.0,-2.5e-05,-0.0,-0.0,-0.000408,0.0,-0.000591,-0.000875,0.0,-4e-06,-1e-06,0.0,-0.001356,-0.0,0.0,-0.0,0.0,-0.0,-0.000163,-5.2e-05,-3.8e-05,-7.3e-05,0.0,-0.0,-0.00014,-0.000515,-0.000935,-0.0,0.0,-0.0,-0.0,0.0,-0.0,-0.0001,-0.001282,-0.000679,0.0,-0.0,-0.001224,-0.0,-4.7e-05,0.0,-0.0,-0.0,-0.0,-0.0,-0.000269,-0.000951,0.0,-0.0,0.0,-0.0,0.0,-0.000294,0.0,-0.000235,-0.001255,-0.0,-0.0,-0.00019,-0.0,-0.0,0.0,-0.0,-0.000456,-0.000735,0.0,-0.000547,-0.000357,-0.001157,-0.001248,0.0,-0.001108,-0.0,-0.000957,-0.0,0.0,-0.0,-0.001706,-0.000586,-0.000713,-0.000824,-0.00137,-0.0,-1.4e-05,-0.0,-0.0,-0.0,-1e-06,-0.000563,-0.000405
2017-05-29 18:53:00+02:00,0.0,0.0,-0.0,-0.000766,-0.0,-0.0,-0.0,-0.0,-0.000156,-0.0,-0.0,0.0,-0.00076,-0.000833,-0.000314,-0.001121,-0.0,0.0,-0.0,-0.000539,0.0,-0.000541,-1e-06,0.0,-0.001139,-0.001349,-0.0,0.0,-2.3e-05,-0.0,-0.0,-0.000399,0.0,-0.000581,-0.000863,0.0,-3e-06,-1e-06,0.0,-0.00134,-0.0,0.0,-0.0,0.0,-0.0,-0.000155,-5.1e-05,-3.9e-05,-7.1e-05,0.0,-0.0,-0.000142,-0.000505,-0.00092,-0.0,0.0,-0.0,-0.0,0.0,-0.0,-0.000101,-0.001268,-0.000668,0.0,-0.0,-0.001209,-0.0,-4.8e-05,0.0,-0.0,-0.0,-0.0,-0.0,-0.000273,-0.000937,0.0,-0.0,0.0,-0.0,0.0,-0.000286,0.0,-0.000227,-0.001242,-0.0,-0.0,-0.000187,-0.0,-0.0,0.0,-0.0,-0.000446,-0.000721,0.0,-0.000538,-0.000349,-0.001141,-0.001231,0.0,-0.001095,-0.0,-0.000944,-0.0,0.0,-0.0,-0.001688,-0.000573,-0.000702,-0.000812,-0.001353,-0.0,-1.3e-05,-0.0,-0.0,-0.0,-0.0,-0.000553,-0.000395
2017-05-29 18:54:00+02:00,0.0,0.0,-0.0,-0.000739,-0.0,-0.0,-0.0,-0.0,-0.000151,-0.0,-0.0,0.0,-0.000735,-0.000806,-0.000296,-0.00109,-0.0,0.0,-0.0,-0.000525,0.0,-0.000526,-1e-06,0.0,-0.001107,-0.001316,-0.0,0.0,-2e-05,-0.0,-0.0,-0.000383,0.0,-0.00056,-0.000835,0.0,-2e-06,-1e-06,0.0,-0.001303,-0.0,0.0,-0.0,0.0,-0.0,-0.000133,-4.8e-05,-3.7e-05,-6.7e-05,0.0,-0.0,-0.000136,-0.000487,-0.000891,-0.0,0.0,-0.0,-0.0,0.0,-0.0,-9.7e-05,-0.001232,-0.000642,0.0,-0.0,-0.001177,-0.0,-4.7e-05,0.0,-0.0,-0.0,-0.0,-0.0,-0.000264,-0.000908,0.0,-0.0,0.0,-0.0,0.0,-0.000275,0.0,-0.000204,-0.001207,-0.0,-0.0,-0.000184,-0.0,-0.0,0.0,-0.0,-0.00043,-0.000697,0.0,-0.000518,-0.000324,-0.001111,-0.0012,0.0,-0.001062,-0.0,-0.000915,-0.0,0.0,-0.0,-0.001644,-0.000553,-0.000675,-0.000785,-0.00132,-0.0,-1.1e-05,-0.0,-0.0,-0.0,-0.0,-0.000527,-0.00038
2017-05-29 18:55:00+02:00,0.0,0.0,-0.0,-0.000709,-0.0,-0.0,-0.0,-0.0,-0.000147,-0.0,-0.0,0.0,-0.000709,-0.000777,-0.000278,-0.001053,-0.0,0.0,-0.0,-0.000507,0.0,-0.000508,-1e-06,0.0,-0.001073,-0.001274,-0.0,0.0,-1.7e-05,-0.0,-0.0,-0.000367,0.0,-0.000537,-0.000805,0.0,-2e-06,-0.0,0.0,-0.001262,-0.0,0.0,-0.0,0.0,-0.0,-0.000111,-4.5e-05,-3.6e-05,-6.4e-05,0.0,-0.0,-0.00013,-0.000467,-0.00086,-0.0,0.0,-0.0,-0.0,0.0,-0.0,-9.2e-05,-0.001193,-0.000612,0.0,-0.0,-0.001138,-0.0,-4.5e-05,0.0,-0.0,-0.0,-0.0,-0.0,-0.000253,-0.000876,0.0,-0.0,0.0,-0.0,0.0,-0.000263,0.0,-0.000181,-0.00117,-0.0,-0.0,-0.000181,-0.0,-0.0,0.0,-0.0,-0.000413,-0.000671,0.0,-0.000494,-0.000299,-0.001074,-0.00116,0.0,-0.001026,-0.0,-0.000881,-0.0,0.0,-0.0,-0.001596,-0.000532,-0.000646,-0.000753,-0.001277,-0.0,-8e-06,-0.0,-0.0,-0.0,-0.0,-0.000499,-0.000365
2017-05-29 18:56:00+02:00,0.0,0.0,-0.0,-0.000656,-0.0,-0.0,-0.0,-0.0,-0.00014,-0.0,-0.0,0.0,-0.000673,-0.000738,-0.000251,-0.000989,-0.0,0.0,-0.0,-0.000473,0.0,-0.000474,-1e-06,0.0,-0.001022,-0.001201,-0.0,0.0,-1.4e-05,-0.0,-0.0,-0.000346,0.0,-0.000506,-0.000764,0.0,-2e-06,-0.0,0.0,-0.001203,-0.0,0.0,-0.0,0.0,-0.0,-8.9e-05,-4e-05,-3.2e-05,-5.8e-05,0.0,-0.0,-0.000119,-0.000436,-0.000818,-0.0,0.0,-0.0,-0.0,0.0,-0.0,-8.4e-05,-0.001136,-0.000561,0.0,-0.0,-0.001071,-0.0,-4.2e-05,0.0,-0.0,-0.0,-0.0,-0.0,-0.000234,-0.000832,0.0,-0.0,0.0,-0.0,0.0,-0.000245,0.0,-0.000145,-0.001114,-0.0,-0.0,-0.000175,-0.0,-0.0,0.0,-0.0,-0.000386,-0.000637,0.0,-0.000458,-0.000261,-0.001011,-0.001093,0.0,-0.000974,-0.0,-0.000822,-0.0,0.0,-0.0,-0.001528,-0.000505,-0.000604,-0.0007,-0.001204,-0.0,-7e-06,-0.0,-0.0,-0.0,-0.0,-0.000451,-0.000346
2017-05-29 18:57:00+02:00,0.0,0.0,-0.0,-0.000621,-0.0,-0.0,-0.0,-0.0,-0.000134,-0.0,-0.0,0.0,-0.000639,-0.000701,-0.000227,-0.000946,-0.0,0.0,-0.0,-0.000434,0.0,-0.000435,-0.0,0.0,-0.000974,-0.001154,-0.0,0.0,-1.1e-05,-0.0,-0.0,-0.000326,0.0,-0.000477,-0.000725,0.0,-1e-06,-0.0,0.0,-0.001147,-0.0,0.0,-0.0,0.0,-0.0,-7.1e-05,-3.7e-05,-2.8e-05,-5.4e-05,0.0,-0.0,-0.000106,-0.000414,-0.000778,-0.0,0.0,-0.0,-0.0,0.0,-0.0,-7.5e-05,-0.001082,-0.000527,0.0,-0.0,-0.001027,-0.0,-3.8e-05,0.0,-0.0,-0.0,-0.0,-0.0,-0.000213,-0.000791,0.0,-0.0,0.0,-0.0,0.0,-0.000232,0.0,-0.000118,-0.001062,-0.0,-0.0,-0.000169,-0.0,-0.0,0.0,-0.0,-0.000367,-0.000604,0.0,-0.000432,-0.000227,-0.000971,-0.00105,0.0,-0.000924,-0.0,-0.000783,-0.0,0.0,-0.0,-0.001462,-0.000478,-0.000565,-0.000664,-0.001157,-0.0,-5e-06,-0.0,-0.0,-0.0,-0.0,-0.000419,-0.000327
2017-05-29 18:58:00+02:00,0.0,0.0,-0.0,-0.000593,-0.0,-0.0,-0.0,-0.0,-0.000128,-0.0,-0.0,0.0,-0.000608,-0.000666,-0.000206,-0.000911,-0.0,0.0,-0.0,-0.000399,0.0,-0.000399,-0.0,0.0,-0.00093,-0.001115,-0.0,0.0,-9e-06,-0.0,-0.0,-0.000308,0.0,-0.000451,-0.000689,0.0,-1e-06,-0.0,0.0,-0.001096,-0.0,0.0,-0.0,0.0,-0.0,-5.7e-05,-3.4e-05,-2.5e-05,-4.9e-05,0.0,-0.0,-9.5e-05,-0.000395,-0.000741,-0.0,0.0,-0.0,-0.0,0.0,-0.0,-6.7e-05,-0.001032,-0.0005,0.0,-0.0,-0.00099,-0.0,-3.4e-05,0.0,-0.0,-0.0,-0.0,-0.0,-0.000193,-0.000753,0.0,-0.0,0.0,-0.0,0.0,-0.000221,0.0,-9.8e-05,-0.001013,-0.0,-0.0,-0.000164,-0.0,-0.0,0.0,-0.0,-0.000351,-0.000574,0.0,-0.000411,-0.000196,-0.000936,-0.001013,0.0,-0.000879,-0.0,-0.000751,-0.0,0.0,-0.0,-0.001401,-0.000454,-0.000529,-0.000635,-0.001118,-0.0,-4e-06,-0.0,-0.0,-0.0,-0.0,-0.000394,-0.00031
2017-05-29 18:59:00+02:00,0.0,0.0,-0.0,-0.000561,-0.0,-0.0,-0.0,-0.0,-0.000123,-0.0,-0.0,0.0,-0.000579,-0.000634,-0.000185,-0.000871,-0.0,0.0,-0.0,-0.000362,0.0,-0.00036,-0.0,0.0,-0.000888,-0.00107,-0.0,0.0,-7e-06,-0.0,-0.0,-0.00029,0.0,-0.000425,-0.000656,0.0,-1e-06,-0.0,0.0,-0.001047,-0.0,0.0,-0.0,0.0,-0.0,-4.6e-05,-3.1e-05,-2.1e-05,-4.5e-05,0.0,-0.0,-8.3e-05,-0.000375,-0.000707,-0.0,0.0,-0.0,-0.0,0.0,-0.0,-5.8e-05,-0.000985,-0.00047,0.0,-0.0,-0.000948,-0.0,-3e-05,0.0,-0.0,-0.0,-0.0,-0.0,-0.000173,-0.000717,0.0,-0.0,0.0,-0.0,0.0,-0.00021,0.0,-7.8e-05,-0.000968,-0.0,-0.0,-0.000159,-0.0,-0.0,0.0,-0.0,-0.000333,-0.000546,0.0,-0.000388,-0.000167,-0.000898,-0.000972,0.0,-0.000836,-0.0,-0.000715,-0.0,0.0,-0.0,-0.001345,-0.000431,-0.000495,-0.000602,-0.001073,-0.0,-3e-06,-0.0,-0.0,-0.0,-0.0,-0.000365,-0.000294
2017-05-29 19:00:00+02:00,0.0,0.0,-0.0,-0.000532,-0.0,-0.0,-0.0,-0.0,-0.000119,-0.0,-0.0,0.0,-0.000556,-0.00061,-0.000169,-0.000836,-0.0,0.0,-0.0,-0.000332,0.0,-0.00033,-0.0,0.0,-0.000857,-0.001031,-0.0,0.0,-6e-06,-0.0,-0.0,-0.000276,0.0,-0.000406,-0.00063,0.0,-1e-06,-0.0,0.0,-0.001011,-0.0,0.0,-0.0,0.0,-0.0,-3.6e-05,-2.9e-05,-1.8e-05,-4.2e-05,0.0,-0.0,-7.3e-05,-0.000357,-0.00068,-0.0,0.0,-0.0,-0.0,0.0,-0.0,-5.2e-05,-0.00095,-0.000442,0.0,-0.0,-0.000912,-0.0,-2.7e-05,0.0,-0.0,-0.0,-0.0,-0.0,-0.000157,-0.00069,0.0,-0.0,0.0,-0.0,0.0,-0.000199,0.0,-6.2e-05,-0.000934,-0.0,-0.0,-0.000155,-0.0,-0.0,0.0,-0.0,-0.000317,-0.000524,0.0,-0.000368,-0.000144,-0.000863,-0.000935,0.0,-0.000804,-0.0,-0.000683,-0.0,0.0,-0.0,-0.001303,-0.000413,-0.000469,-0.000573,-0.001033,-0.0,-3e-06,-0.0,-0.0,-0.0,-0.0,-0.000339,-0.000281
2017-05-29 19:01:00+02:00,0.0,0.0,-0.0,-0.000479,-0.0,-0.0,-0.0,-0.0,-0.000122,-0.0,-0.0,0.0,-0.000564,-0.000621,-0.000179,-0.000774,-0.0,0.0,-0.0,-0.00032,0.0,-0.000317,-0.0,0.0,-0.000874,-0.000964,-0.0,0.0,-5e-06,-0.0,-0.0,-0.000279,0.0,-0.000412,-0.000641,0.0,-1e-06,-0.0,0.0,-0.001036,-0.0,0.0,-0.0,0.0,-0.0,-2.9e-05,-2.3e-05,-1.7e-05,-4.5e-05,0.0,-0.0,-6.9e-05,-0.000329,-0.000692,-0.0,0.0,-0.0,-0.0,0.0,-0.0,-4.8e-05,-0.000974,-0.000392,0.0,-0.0,-0.000848,-0.0,-2.6e-05,0.0,-0.0,-0.0,-0.0,-0.0,-0.000149,-0.000703,0.0,-0.0,0.0,-0.0,0.0,-0.000183,0.0,-5e-05,-0.000958,-0.0,-0.0,-0.000162,-0.0,-0.0,0.0,-0.0,-0.000294,-0.000533,0.0,-0.000331,-0.000164,-0.000807,-0.000875,0.0,-0.000821,-0.0,-0.000624,-0.0,0.0,-0.0,-0.001337,-0.000419,-0.000486,-0.000519,-0.000968,-0.0,-2e-06,-0.0,-0.0,-0.0,-0.0,-0.000293,-0.000286
2017-05-29 19:02:00+02:00,0.0,0.0,-0.0,-0.000406,-0.0,-0.0,-0.0,-0.0,-0.000119,-0.0,-0.0,0.0,-0.000537,-0.00059,-0.000163,-0.000687,-0.0,0.0,-0.0,-0.000277,0.0,-0.000274,-0.0,0.0,-0.000828,-0.000869,-0.0,0.0,-4e-06,-0.0,-0.0,-0.000262,0.0,-0.000387,-0.000607,0.0,-0.0,-0.0,0.0,-0.000988,-0.0,0.0,-0.0,0.0,-0.0,-2.3e-05,-1.9e-05,-1.3e-05,-4.2e-05,0.0,-0.0,-5.6e-05,-0.00029,-0.000658,-0.0,0.0,-0.0,-0.0,0.0,-0.0,-3.9e-05,-0.000927,-0.000323,0.0,-0.0,-0.000757,-0.0,-2.1e-05,0.0,-0.0,-0.0,-0.0,-0.0,-0.000127,-0.000667,0.0,-0.0,0.0,-0.0,0.0,-0.000162,0.0,-4e-05,-0.000913,-0.0,-0.0,-0.000161,-0.0,-0.0,0.0,-0.0,-0.000263,-0.000507,0.0,-0.000283,-0.000143,-0.000728,-0.000789,0.0,-0.000777,-0.0,-0.000542,-0.0,0.0,-0.0,-0.001282,-0.0004,-0.000456,-0.000446,-0.000873,-0.0,-2e-06,-0.0,-0.0,-0.0,-0.0,-0.000235,-0.000274
2017-05-29 19:03:00+02:00,0.0,0.0,-0.0,-0.000325,-0.0,-0.0,-0.0,-0.0,-0.000102,-0.0,-0.0,0.0,-0.00047,-0.000512,-0.00013,-0.000549,-0.0,0.0,-0.0,-0.000222,0.0,-0.000219,-0.0,0.0,-0.000701,-0.000696,-0.0,0.0,-3e-06,-0.0,-0.0,-0.00022,0.0,-0.000321,-0.000521,0.0,-0.0,-0.0,0.0,-0.000851,-0.0,0.0,-0.0,0.0,-0.0,-1.9e-05,-1.5e-05,-1.1e-05,-3.4e-05,0.0,-0.0,-4.5e-05,-0.000232,-0.000576,-0.0,0.0,-0.0,-0.0,0.0,-0.0,-3.2e-05,-0.000791,-0.000259,0.0,-0.0,-0.000606,-0.0,-1.7e-05,0.0,-0.0,-0.0,-0.0,-0.0,-0.000102,-0.000578,0.0,-0.0,0.0,-0.0,0.0,-0.00013,0.0,-3.2e-05,-0.000779,-0.0,-0.0,-0.000144,-0.0,-0.0,0.0,-0.0,-0.00021,-0.000443,0.0,-0.000226,-0.000114,-0.000586,-0.000635,0.0,-0.000651,-0.0,-0.000434,-0.0,0.0,-0.0,-0.001126,-0.00035,-0.000365,-0.000357,-0.000703,-0.0,-1e-06,-0.0,-0.0,-0.0,-0.0,-0.000188,-0.00024
2017-05-29 19:04:00+02:00,0.0,0.0,-0.0,-0.00026,-0.0,-0.0,-0.0,-0.0,-8.4e-05,-0.0,-0.0,0.0,-0.000403,-0.000434,-0.000104,-0.000439,-0.0,0.0,-0.0,-0.000177,0.0,-0.000175,-0.0,0.0,-0.000573,-0.000557,-0.0,0.0,-2e-06,-0.0,-0.0,-0.000178,0.0,-0.000257,-0.000434,0.0,-0.0,-0.0,0.0,-0.000711,-0.0,0.0,-0.0,0.0,-0.0,-1.5e-05,-1.2e-05,-9e-06,-2.7e-05,0.0,-0.0,-3.6e-05,-0.000186,-0.000493,-0.0,0.0,-0.0,-0.0,0.0,-0.0,-2.5e-05,-0.000652,-0.000207,0.0,-0.0,-0.000485,-0.0,-1.3e-05,0.0,-0.0,-0.0,-0.0,-0.0,-8.1e-05,-0.000487,0.0,-0.0,0.0,-0.0,0.0,-0.000104,0.0,-2.6e-05,-0.000643,-0.0,-0.0,-0.000125,-0.0,-0.0,0.0,-0.0,-0.000168,-0.000378,0.0,-0.000181,-9.1e-05,-0.000469,-0.000508,0.0,-0.000525,-0.0,-0.000347,-0.0,0.0,-0.0,-0.000967,-0.000299,-0.000292,-0.000285,-0.000563,-0.0,-1e-06,-0.0,-0.0,-0.0,-0.0,-0.00015,-0.000205
2017-05-29 19:05:00+02:00,0.0,0.0,-0.0,-0.000208,-0.0,-0.0,-0.0,-0.0,-6.7e-05,-0.0,-0.0,0.0,-0.00034,-0.000361,-8.3e-05,-0.000352,-0.0,0.0,-0.0,-0.000142,0.0,-0.00014,-0.0,0.0,-0.000458,-0.000446,-0.0,0.0,-2e-06,-0.0,-0.0,-0.000143,0.0,-0.000206,-0.000354,0.0,-0.0,-0.0,0.0,-0.000581,-0.0,0.0,-0.0,0.0,-0.0,-1.2e-05,-1e-05,-7e-06,-2.2e-05,0.0,-0.0,-2.9e-05,-0.000149,-0.000415,-0.0,0.0,-0.0,-0.0,0.0,-0.0,-2e-05,-0.000523,-0.000166,0.0,-0.0,-0.000388,-0.0,-1.1e-05,0.0,-0.0,-0.0,-0.0,-0.0,-6.5e-05,-0.000403,0.0,-0.0,0.0,-0.0,0.0,-8.3e-05,0.0,-2e-05,-0.000517,-0.0,-0.0,-0.000106,-0.0,-0.0,0.0,-0.0,-0.000135,-0.000317,0.0,-0.000145,-7.3e-05,-0.000375,-0.000407,0.0,-0.00042,-0.0,-0.000278,-0.0,0.0,-0.0,-0.000818,-0.000252,-0.000233,-0.000228,-0.00045,-0.0,-1e-06,-0.0,-0.0,-0.0,-0.0,-0.00012,-0.000172
2017-05-29 19:06:00+02:00,0.0,0.0,-0.0,-0.000166,-0.0,-0.0,-0.0,-0.0,-5.4e-05,-0.0,-0.0,0.0,-0.000281,-0.000295,-6.7e-05,-0.000281,-0.0,0.0,-0.0,-0.000114,0.0,-0.000112,-0.0,0.0,-0.000367,-0.000356,-0.0,0.0,-1e-06,-0.0,-0.0,-0.000114,0.0,-0.000165,-0.000283,0.0,-0.0,-0.0,0.0,-0.000465,-0.0,0.0,-0.0,0.0,-0.0,-1e-05,-8e-06,-5e-06,-1.7e-05,0.0,-0.0,-2.3e-05,-0.000119,-0.000343,-0.0,0.0,-0.0,-0.0,0.0,-0.0,-1.6e-05,-0.000418,-0.000132,0.0,-0.0,-0.00031,-0.0,-9e-06,0.0,-0.0,-0.0,-0.0,-0.0,-5.2e-05,-0.000327,0.0,-0.0,0.0,-0.0,0.0,-6.7e-05,0.0,-1.6e-05,-0.000413,-0.0,-0.0,-8.8e-05,-0.0,-0.0,0.0,-0.0,-0.000108,-0.000261,0.0,-0.000116,-5.8e-05,-0.0003,-0.000325,0.0,-0.000336,-0.0,-0.000222,-0.0,0.0,-0.0,-0.000677,-0.000208,-0.000187,-0.000183,-0.00036,-0.0,-1e-06,-0.0,-0.0,-0.0,-0.0,-9.6e-05,-0.000141
2017-05-29 19:07:00+02:00,0.0,0.0,-0.0,-0.000133,-0.0,-0.0,-0.0,-0.0,-4.3e-05,-0.0,-0.0,0.0,-0.000225,-0.000236,-5.3e-05,-0.000225,-0.0,0.0,-0.0,-9.1e-05,0.0,-9e-05,-0.0,0.0,-0.000293,-0.000285,-0.0,0.0,-1e-06,-0.0,-0.0,-9.1e-05,0.0,-0.000132,-0.000227,0.0,-0.0,-0.0,0.0,-0.000372,-0.0,0.0,-0.0,0.0,-0.0,-8e-06,-6e-06,-4e-06,-1.4e-05,0.0,-0.0,-1.8e-05,-9.5e-05,-0.000274,-0.0,0.0,-0.0,-0.0,0.0,-0.0,-1.3e-05,-0.000335,-0.000106,0.0,-0.0,-0.000248,-0.0,-7e-06,0.0,-0.0,-0.0,-0.0,-0.0,-4.2e-05,-0.000262,0.0,-0.0,0.0,-0.0,0.0,-5.3e-05,0.0,-1.3e-05,-0.000331,-0.0,-0.0,-7e-05,-0.0,-0.0,0.0,-0.0,-8.6e-05,-0.000208,0.0,-9.3e-05,-4.7e-05,-0.00024,-0.00026,0.0,-0.000269,-0.0,-0.000178,-0.0,0.0,-0.0,-0.000541,-0.000167,-0.000149,-0.000146,-0.000288,-0.0,-1e-06,-0.0,-0.0,-0.0,-0.0,-7.7e-05,-0.000113
2017-05-29 19:08:00+02:00,0.0,0.0,-0.0,-0.000106,-0.0,-0.0,-0.0,-0.0,-3.4e-05,-0.0,-0.0,0.0,-0.00018,-0.000189,-4.3e-05,-0.00018,-0.0,0.0,-0.0,-7.3e-05,0.0,-7.2e-05,-0.0,0.0,-0.000235,-0.000228,-0.0,0.0,-1e-06,-0.0,-0.0,-7.3e-05,0.0,-0.000105,-0.000181,0.0,-0.0,-0.0,0.0,-0.000298,-0.0,0.0,-0.0,0.0,-0.0,-6e-06,-5e-06,-3e-06,-1.1e-05,0.0,-0.0,-1.5e-05,-7.6e-05,-0.000219,-0.0,0.0,-0.0,-0.0,0.0,-0.0,-1e-05,-0.000268,-8.5e-05,0.0,-0.0,-0.000199,-0.0,-5e-06,0.0,-0.0,-0.0,-0.0,-0.0,-3.3e-05,-0.000209,0.0,-0.0,0.0,-0.0,0.0,-4.3e-05,0.0,-1e-05,-0.000264,-0.0,-0.0,-5.6e-05,-0.0,-0.0,0.0,-0.0,-6.9e-05,-0.000167,0.0,-7.4e-05,-3.7e-05,-0.000192,-0.000208,0.0,-0.000215,-0.0,-0.000142,-0.0,0.0,-0.0,-0.000433,-0.000133,-0.000119,-0.000117,-0.00023,-0.0,-0.0,-0.0,-0.0,-0.0,-0.0,-6.2e-05,-9.1e-05
2017-05-29 19:09:00+02:00,0.0,0.0,-0.0,-8.5e-05,-0.0,-0.0,-0.0,-0.0,-2.7e-05,-0.0,-0.0,0.0,-0.000144,-0.000151,-3.4e-05,-0.000144,-0.0,0.0,-0.0,-5.8e-05,0.0,-5.7e-05,-0.0,0.0,-0.000188,-0.000183,-0.0,0.0,-1e-06,-0.0,-0.0,-5.8e-05,0.0,-8.4e-05,-0.000145,0.0,-0.0,-0.0,0.0,-0.000238,-0.0,0.0,-0.0,0.0,-0.0,-5e-06,-4e-06,-3e-06,-9e-06,0.0,-0.0,-1.2e-05,-6.1e-05,-0.000176,-0.0,0.0,-0.0,-0.0,0.0,-0.0,-8e-06,-0.000214,-6.8e-05,0.0,-0.0,-0.000159,-0.0,-4e-06,0.0,-0.0,-0.0,-0.0,-0.0,-2.7e-05,-0.000168,0.0,-0.0,0.0,-0.0,0.0,-3.4e-05,0.0,-8e-06,-0.000212,-0.0,-0.0,-4.5e-05,-0.0,-0.0,0.0,-0.0,-5.5e-05,-0.000133,0.0,-5.9e-05,-3e-05,-0.000154,-0.000167,0.0,-0.000172,-0.0,-0.000114,-0.0,0.0,-0.0,-0.000346,-0.000107,-9.6e-05,-9.3e-05,-0.000184,-0.0,-0.0,-0.0,-0.0,-0.0,-0.0,-4.9e-05,-7.2e-05
2017-05-29 19:10:00+02:00,0.0,0.0,-0.0,-6.8e-05,-0.0,-0.0,-0.0,-0.0,-2.2e-05,-0.0,-0.0,0.0,-0.000115,-0.000121,-2.7e-05,-0.000115,-0.0,0.0,-0.0,-4.7e-05,0.0,-4.6e-05,-0.0,0.0,-0.00015,-0.000146,-0.0,0.0,-1e-06,-0.0,-0.0,-4.7e-05,0.0,-6.7e-05,-0.000116,0.0,-0.0,-0.0,0.0,-0.00019,-0.0,0.0,-0.0,0.0,-0.0,-4e-06,-3e-06,-2e-06,-7e-06,0.0,-0.0,-9e-06,-4.9e-05,-0.00014,-0.0,0.0,-0.0,-0.0,0.0,-0.0,-7e-06,-0.000171,-5.4e-05,0.0,-0.0,-0.000127,-0.0,-3e-06,0.0,-0.0,-0.0,-0.0,-0.0,-2.1e-05,-0.000134,0.0,-0.0,0.0,-0.0,0.0,-2.7e-05,0.0,-7e-06,-0.000169,-0.0,-0.0,-3.6e-05,-0.0,-0.0,0.0,-0.0,-4.4e-05,-0.000107,0.0,-4.7e-05,-2.4e-05,-0.000123,-0.000133,0.0,-0.000138,-0.0,-9.1e-05,-0.0,0.0,-0.0,-0.000277,-8.5e-05,-7.6e-05,-7.5e-05,-0.000147,-0.0,-0.0,-0.0,-0.0,-0.0,-0.0,-3.9e-05,-5.8e-05
2017-05-29 19:11:00+02:00,0.0,0.0,-0.0,-5.4e-05,-0.0,-0.0,-0.0,-0.0,-1.8e-05,-0.0,-0.0,0.0,-9.2e-05,-9.7e-05,-2.2e-05,-9.2e-05,-0.0,0.0,-0.0,-3.7e-05,0.0,-3.7e-05,-0.0,0.0,-0.00012,-0.000117,-0.0,0.0,-0.0,-0.0,-0.0,-3.7e-05,0.0,-5.4e-05,-9.3e-05,0.0,-0.0,-0.0,0.0,-0.000152,-0.0,0.0,-0.0,0.0,-0.0,-3e-06,-3e-06,-2e-06,-6e-06,0.0,-0.0,-8e-06,-3.9e-05,-0.000112,-0.0,0.0,-0.0,-0.0,0.0,-0.0,-5e-06,-0.000137,-4.3e-05,0.0,-0.0,-0.000102,-0.0,-3e-06,0.0,-0.0,-0.0,-0.0,-0.0,-1.7e-05,-0.000107,0.0,-0.0,0.0,-0.0,0.0,-2.2e-05,0.0,-5e-06,-0.000135,-0.0,-0.0,-2.9e-05,-0.0,-0.0,0.0,-0.0,-3.5e-05,-8.5e-05,0.0,-3.8e-05,-1.9e-05,-9.8e-05,-0.000107,0.0,-0.00011,-0.0,-7.3e-05,-0.0,0.0,-0.0,-0.000222,-6.8e-05,-6.1e-05,-6e-05,-0.000118,-0.0,-0.0,-0.0,-0.0,-0.0,-0.0,-3.1e-05,-4.6e-05
2017-05-29 19:12:00+02:00,0.0,0.0,-0.0,-4.4e-05,-0.0,-0.0,-0.0,-0.0,-1.4e-05,-0.0,-0.0,0.0,-7.4e-05,-7.7e-05,-1.7e-05,-7.4e-05,-0.0,0.0,-0.0,-3e-05,0.0,-2.9e-05,-0.0,0.0,-9.6e-05,-9.3e-05,-0.0,0.0,-0.0,-0.0,-0.0,-3e-05,0.0,-4.3e-05,-7.4e-05,0.0,-0.0,-0.0,0.0,-0.000122,-0.0,0.0,-0.0,0.0,-0.0,-3e-06,-2e-06,-1e-06,-5e-06,0.0,-0.0,-6e-06,-3.1e-05,-9e-05,-0.0,0.0,-0.0,-0.0,0.0,-0.0,-4e-06,-0.00011,-3.5e-05,0.0,-0.0,-8.1e-05,-0.0,-2e-06,0.0,-0.0,-0.0,-0.0,-0.0,-1.4e-05,-8.6e-05,0.0,-0.0,0.0,-0.0,0.0,-1.7e-05,0.0,-4e-06,-0.000108,-0.0,-0.0,-2.3e-05,-0.0,-0.0,0.0,-0.0,-2.8e-05,-6.8e-05,0.0,-3e-05,-1.5e-05,-7.9e-05,-8.5e-05,0.0,-8.8e-05,-0.0,-5.8e-05,-0.0,0.0,-0.0,-0.000177,-5.5e-05,-4.9e-05,-4.8e-05,-9.4e-05,-0.0,-0.0,-0.0,-0.0,-0.0,-0.0,-2.5e-05,-3.7e-05
2017-05-29 19:13:00+02:00,0.0,0.0,-0.0,-3.5e-05,-0.0,-0.0,-0.0,-0.0,-1.1e-05,-0.0,-0.0,0.0,-5.9e-05,-6.2e-05,-1.4e-05,-5.9e-05,-0.0,0.0,-0.0,-2.4e-05,0.0,-2.4e-05,-0.0,0.0,-7.7e-05,-7.5e-05,-0.0,0.0,-0.0,-0.0,-0.0,-2.4e-05,0.0,-3.5e-05,-5.9e-05,0.0,-0.0,-0.0,0.0,-9.7e-05,-0.0,0.0,-0.0,0.0,-0.0,-2e-06,-2e-06,-1e-06,-4e-06,0.0,-0.0,-5e-06,-2.5e-05,-7.2e-05,-0.0,0.0,-0.0,-0.0,0.0,-0.0,-3e-06,-8.8e-05,-2.8e-05,0.0,-0.0,-6.5e-05,-0.0,-2e-06,0.0,-0.0,-0.0,-0.0,-0.0,-1.1e-05,-6.9e-05,0.0,-0.0,0.0,-0.0,0.0,-1.4e-05,0.0,-3e-06,-8.7e-05,-0.0,-0.0,-1.8e-05,-0.0,-0.0,0.0,-0.0,-2.3e-05,-5.5e-05,0.0,-2.4e-05,-1.2e-05,-6.3e-05,-6.8e-05,0.0,-7e-05,-0.0,-4.7e-05,-0.0,0.0,-0.0,-0.000142,-4.4e-05,-3.9e-05,-3.8e-05,-7.6e-05,-0.0,-0.0,-0.0,-0.0,-0.0,-0.0,-2e-05,-3e-05
2017-05-29 19:14:00+02:00,0.0,0.0,-0.0,-2.8e-05,-0.0,-0.0,-0.0,-0.0,-9e-06,-0.0,-0.0,0.0,-4.7e-05,-4.9e-05,-1.1e-05,-4.7e-05,-0.0,0.0,-0.0,-1.9e-05,0.0,-1.9e-05,-0.0,0.0,-6.2e-05,-6e-05,-0.0,0.0,-0.0,-0.0,-0.0,-1.9e-05,0.0,-2.8e-05,-4.8e-05,0.0,-0.0,-0.0,0.0,-7.8e-05,-0.0,0.0,-0.0,0.0,-0.0,-2e-06,-1e-06,-1e-06,-3e-06,0.0,-0.0,-4e-06,-2e-05,-5.8e-05,-0.0,0.0,-0.0,-0.0,0.0,-0.0,-3e-06,-7e-05,-2.2e-05,0.0,-0.0,-5.2e-05,-0.0,-1e-06,0.0,-0.0,-0.0,-0.0,-0.0,-9e-06,-5.5e-05,0.0,-0.0,0.0,-0.0,0.0,-1.1e-05,0.0,-3e-06,-6.9e-05,-0.0,-0.0,-1.5e-05,-0.0,-0.0,0.0,-0.0,-1.8e-05,-4.4e-05,0.0,-1.9e-05,-1e-05,-5e-05,-5.5e-05,0.0,-5.6e-05,-0.0,-3.7e-05,-0.0,0.0,-0.0,-0.000114,-3.5e-05,-3.1e-05,-3.1e-05,-6e-05,-0.0,-0.0,-0.0,-0.0,-0.0,-0.0,-1.6e-05,-2.4e-05
2017-05-29 19:15:00+02:00,0.0,0.0,-0.0,-2.2e-05,-0.0,-0.0,-0.0,-0.0,-7e-06,-0.0,-0.0,0.0,-3.8e-05,-4e-05,-9e-06,-3.8e-05,-0.0,0.0,-0.0,-1.5e-05,0.0,-1.5e-05,-0.0,0.0,-4.9e-05,-4.8e-05,-0.0,0.0,-0.0,-0.0,-0.0,-1.5e-05,0.0,-2.2e-05,-3.8e-05,0.0,-0.0,-0.0,0.0,-6.2e-05,-0.0,0.0,-0.0,0.0,-0.0,-1e-06,-1e-06,-1e-06,-2e-06,0.0,-0.0,-3e-06,-1.6e-05,-4.6e-05,-0.0,0.0,-0.0,-0.0,0.0,-0.0,-2e-06,-5.6e-05,-1.8e-05,0.0,-0.0,-4.2e-05,-0.0,-1e-06,0.0,-0.0,-0.0,-0.0,-0.0,-7e-06,-4.4e-05,0.0,-0.0,0.0,-0.0,0.0,-9e-06,0.0,-2e-06,-5.5e-05,-0.0,-0.0,-1.2e-05,-0.0,-0.0,0.0,-0.0,-1.4e-05,-3.5e-05,0.0,-1.6e-05,-8e-06,-4e-05,-4.4e-05,0.0,-4.5e-05,-0.0,-3e-05,-0.0,0.0,-0.0,-9.1e-05,-2.8e-05,-2.5e-05,-2.5e-05,-4.8e-05,-0.0,-0.0,-0.0,-0.0,-0.0,-0.0,-1.3e-05,-1.9e-05
2017-05-29 19:16:00+02:00,0.0,0.0,-0.0,-1.8e-05,-0.0,-0.0,-0.0,-0.0,-6e-06,-0.0,-0.0,0.0,-3e-05,-3.2e-05,-7e-06,-3e-05,-0.0,0.0,-0.0,-1.2e-05,0.0,-1.2e-05,-0.0,0.0,-3.9e-05,-3.8e-05,-0.0,0.0,-0.0,-0.0,-0.0,-1.2e-05,0.0,-1.8e-05,-3e-05,0.0,-0.0,-0.0,0.0,-5e-05,-0.0,0.0,-0.0,0.0,-0.0,-1e-06,-1e-06,-1e-06,-2e-06,0.0,-0.0,-2e-06,-1.3e-05,-3.7e-05,-0.0,0.0,-0.0,-0.0,0.0,-0.0,-2e-06,-4.5e-05,-1.4e-05,0.0,-0.0,-3.3e-05,-0.0,-1e-06,0.0,-0.0,-0.0,-0.0,-0.0,-6e-06,-3.5e-05,0.0,-0.0,0.0,-0.0,0.0,-7e-06,0.0,-2e-06,-4.4e-05,-0.0,-0.0,-9e-06,-0.0,-0.0,0.0,-0.0,-1.2e-05,-2.8e-05,0.0,-1.2e-05,-6e-06,-3.2e-05,-3.5e-05,0.0,-3.6e-05,-0.0,-2.4e-05,-0.0,0.0,-0.0,-7.3e-05,-2.2e-05,-2e-05,-2e-05,-3.9e-05,-0.0,-0.0,-0.0,-0.0,-0.0,-0.0,-1e-05,-1.5e-05
2017-05-29 19:17:00+02:00,0.0,0.0,-0.0,-1.4e-05,-0.0,-0.0,-0.0,-0.0,-5e-06,-0.0,-0.0,0.0,-2.4e-05,-2.5e-05,-6e-06,-2.4e-05,-0.0,0.0,-0.0,-1e-05,0.0,-1e-05,-0.0,0.0,-3.1e-05,-3.1e-05,-0.0,0.0,-0.0,-0.0,-0.0,-1e-05,0.0,-1.4e-05,-2.4e-05,0.0,-0.0,-0.0,0.0,-4e-05,-0.0,0.0,-0.0,0.0,-0.0,-1e-06,-1e-06,-0.0,-1e-06,0.0,-0.0,-2e-06,-1e-05,-2.9e-05,-0.0,0.0,-0.0,-0.0,0.0,-0.0,-1e-06,-3.6e-05,-1.1e-05,0.0,-0.0,-2.7e-05,-0.0,-1e-06,0.0,-0.0,-0.0,-0.0,-0.0,-4e-06,-2.8e-05,0.0,-0.0,0.0,-0.0,0.0,-6e-06,0.0,-1e-06,-3.5e-05,-0.0,-0.0,-8e-06,-0.0,-0.0,0.0,-0.0,-9e-06,-2.2e-05,0.0,-1e-05,-5e-06,-2.6e-05,-2.8e-05,0.0,-2.9e-05,-0.0,-1.9e-05,-0.0,0.0,-0.0,-5.8e-05,-1.8e-05,-1.6e-05,-1.6e-05,-3.1e-05,-0.0,-0.0,-0.0,-0.0,-0.0,-0.0,-8e-06,-1.2e-05
2017-05-29 19:18:00+02:00,0.0,0.0,-0.0,-1.1e-05,-0.0,-0.0,-0.0,-0.0,-4e-06,-0.0,-0.0,0.0,-1.9e-05,-2e-05,-5e-06,-1.9e-05,-0.0,0.0,-0.0,-8e-06,0.0,-8e-06,-0.0,0.0,-2.5e-05,-2.4e-05,-0.0,0.0,-0.0,-0.0,-0.0,-8e-06,0.0,-1.1e-05,-1.9e-05,0.0,-0.0,-0.0,0.0,-3.2e-05,-0.0,0.0,-0.0,0.0,-0.0,-1e-06,-1e-06,-0.0,-1e-06,0.0,-0.0,-2e-06,-8e-06,-2.4e-05,-0.0,0.0,-0.0,-0.0,0.0,-0.0,-1e-06,-2.9e-05,-9e-06,0.0,-0.0,-2.1e-05,-0.0,-1e-06,0.0,-0.0,-0.0,-0.0,-0.0,-4e-06,-2.2e-05,0.0,-0.0,0.0,-0.0,0.0,-5e-06,0.0,-1e-06,-2.8e-05,-0.0,-0.0,-6e-06,-0.0,-0.0,0.0,-0.0,-7e-06,-1.8e-05,0.0,-8e-06,-4e-06,-2.1e-05,-2.2e-05,0.0,-2.3e-05,-0.0,-1.5e-05,-0.0,0.0,-0.0,-4.6e-05,-1.4e-05,-1.3e-05,-1.3e-05,-2.5e-05,-0.0,-0.0,-0.0,-0.0,-0.0,-0.0,-7e-06,-1e-05
2017-05-29 19:19:00+02:00,0.0,0.0,-0.0,-9e-06,-0.0,-0.0,-0.0,-0.0,-3e-06,-0.0,-0.0,0.0,-1.5e-05,-1.6e-05,-4e-06,-1.5e-05,-0.0,0.0,-0.0,-6e-06,0.0,-6e-06,-0.0,0.0,-2e-05,-2e-05,-0.0,0.0,-0.0,-0.0,-0.0,-6e-06,0.0,-9e-06,-1.6e-05,0.0,-0.0,-0.0,0.0,-2.6e-05,-0.0,0.0,-0.0,0.0,-0.0,-1e-06,-0.0,-0.0,-1e-06,0.0,-0.0,-1e-06,-7e-06,-1.9e-05,-0.0,0.0,-0.0,-0.0,0.0,-0.0,-1e-06,-2.3e-05,-7e-06,0.0,-0.0,-1.7e-05,-0.0,-0.0,0.0,-0.0,-0.0,-0.0,-0.0,-3e-06,-1.8e-05,0.0,-0.0,0.0,-0.0,0.0,-4e-06,0.0,-1e-06,-2.3e-05,-0.0,-0.0,-5e-06,-0.0,-0.0,0.0,-0.0,-6e-06,-1.4e-05,0.0,-6e-06,-3e-06,-1.6e-05,-1.8e-05,0.0,-1.8e-05,-0.0,-1.2e-05,-0.0,0.0,-0.0,-3.7e-05,-1.1e-05,-1e-05,-1e-05,-2e-05,-0.0,-0.0,-0.0,-0.0,-0.0,-0.0,-5e-06,-8e-06
2017-05-29 19:20:00+02:00,0.0,0.0,-0.0,-7e-06,-0.0,-0.0,-0.0,-0.0,-2e-06,-0.0,-0.0,0.0,-1.2e-05,-1.3e-05,-3e-06,-1.2e-05,-0.0,0.0,-0.0,-5e-06,0.0,-5e-06,-0.0,0.0,-1.6e-05,-1.6e-05,-0.0,0.0,-0.0,-0.0,-0.0,-5e-06,0.0,-7e-06,-1.2e-05,0.0,-0.0,-0.0,0.0,-2e-05,-0.0,0.0,-0.0,0.0,-0.0,-0.0,-0.0,-0.0,-1e-06,0.0,-0.0,-1e-06,-5e-06,-1.5e-05,-0.0,0.0,-0.0,-0.0,0.0,-0.0,-1e-06,-1.8e-05,-6e-06,0.0,-0.0,-1.4e-05,-0.0,-0.0,0.0,-0.0,-0.0,-0.0,-0.0,-2e-06,-1.4e-05,0.0,-0.0,0.0,-0.0,0.0,-3e-06,0.0,-1e-06,-1.8e-05,-0.0,-0.0,-4e-06,-0.0,-0.0,0.0,-0.0,-5e-06,-1.1e-05,0.0,-5e-06,-3e-06,-1.3e-05,-1.4e-05,0.0,-1.5e-05,-0.0,-1e-05,-0.0,0.0,-0.0,-3e-05,-9e-06,-8e-06,-8e-06,-1.6e-05,-0.0,-0.0,-0.0,-0.0,-0.0,-0.0,-4e-06,-6e-06
2017-05-29 19:21:00+02:00,0.0,0.0,-0.0,-6e-06,-0.0,-0.0,-0.0,-0.0,-2e-06,-0.0,-0.0,0.0,-1e-05,-1e-05,-2e-06,-1e-05,-0.0,0.0,-0.0,-4e-06,0.0,-4e-06,-0.0,0.0,-1.3e-05,-1.3e-05,-0.0,0.0,-0.0,-0.0,-0.0,-4e-06,0.0,-6e-06,-1e-05,0.0,-0.0,-0.0,0.0,-1.6e-05,-0.0,0.0,-0.0,0.0,-0.0,-0.0,-0.0,-0.0,-1e-06,0.0,-0.0,-1e-06,-4e-06,-1.2e-05,-0.0,0.0,-0.0,-0.0,0.0,-0.0,-1e-06,-1.5e-05,-5e-06,0.0,-0.0,-1.1e-05,-0.0,-0.0,0.0,-0.0,-0.0,-0.0,-0.0,-2e-06,-1.2e-05,0.0,-0.0,0.0,-0.0,0.0,-2e-06,0.0,-1e-06,-1.5e-05,-0.0,-0.0,-3e-06,-0.0,-0.0,0.0,-0.0,-4e-06,-9e-06,0.0,-4e-06,-2e-06,-1.1e-05,-1.1e-05,0.0,-1.2e-05,-0.0,-8e-06,-0.0,0.0,-0.0,-2.4e-05,-7e-06,-7e-06,-6e-06,-1.3e-05,-0.0,-0.0,-0.0,-0.0,-0.0,-0.0,-3e-06,-5e-06
2017-05-29 19:22:00+02:00,0.0,0.0,-0.0,-5e-06,-0.0,-0.0,-0.0,-0.0,-2e-06,-0.0,-0.0,0.0,-8e-06,-8e-06,-2e-06,-8e-06,-0.0,0.0,-0.0,-3e-06,0.0,-3e-06,-0.0,0.0,-1e-05,-1e-05,-0.0,0.0,-0.0,-0.0,-0.0,-3e-06,0.0,-5e-06,-8e-06,0.0,-0.0,-0.0,0.0,-1.3e-05,-0.0,0.0,-0.0,0.0,-0.0,-0.0,-0.0,-0.0,-0.0,0.0,-0.0,-1e-06,-3e-06,-1e-05,-0.0,0.0,-0.0,-0.0,0.0,-0.0,-0.0,-1.2e-05,-4e-06,0.0,-0.0,-9e-06,-0.0,-0.0,0.0,-0.0,-0.0,-0.0,-0.0,-1e-06,-9e-06,0.0,-0.0,0.0,-0.0,0.0,-2e-06,0.0,-0.0,-1.2e-05,-0.0,-0.0,-2e-06,-0.0,-0.0,0.0,-0.0,-3e-06,-7e-06,0.0,-3e-06,-2e-06,-8e-06,-9e-06,0.0,-9e-06,-0.0,-6e-06,-0.0,0.0,-0.0,-1.9e-05,-6e-06,-5e-06,-5e-06,-1e-05,-0.0,-0.0,-0.0,-0.0,-0.0,-0.0,-3e-06,-4e-06
2017-05-29 19:23:00+02:00,0.0,0.0,-0.0,-4e-06,-0.0,-0.0,-0.0,-0.0,-1e-06,-0.0,-0.0,0.0,-6e-06,-7e-06,-2e-06,-6e-06,-0.0,0.0,-0.0,-3e-06,0.0,-3e-06,-0.0,0.0,-8e-06,-8e-06,-0.0,0.0,-0.0,-0.0,-0.0,-3e-06,0.0,-4e-06,-6e-06,0.0,-0.0,-0.0,0.0,-1e-05,-0.0,0.0,-0.0,0.0,-0.0,-0.0,-0.0,-0.0,-0.0,0.0,-0.0,-1e-06,-3e-06,-8e-06,-0.0,0.0,-0.0,-0.0,0.0,-0.0,-0.0,-9e-06,-3e-06,0.0,-0.0,-7e-06,-0.0,-0.0,0.0,-0.0,-0.0,-0.0,-0.0,-1e-06,-7e-06,0.0,-0.0,0.0,-0.0,0.0,-1e-06,0.0,-0.0,-9e-06,-0.0,-0.0,-2e-06,-0.0,-0.0,0.0,-0.0,-2e-06,-6e-06,0.0,-3e-06,-1e-06,-7e-06,-7e-06,0.0,-8e-06,-0.0,-5e-06,-0.0,0.0,-0.0,-1.5e-05,-5e-06,-4e-06,-4e-06,-8e-06,-0.0,-0.0,-0.0,-0.0,-0.0,-0.0,-2e-06,-3e-06
2017-05-29 19:24:00+02:00,0.0,0.0,-0.0,-3e-06,-0.0,-0.0,-0.0,-0.0,-1e-06,-0.0,-0.0,0.0,-5e-06,-5e-06,-1e-06,-5e-06,-0.0,0.0,-0.0,-2e-06,0.0,-2e-06,-0.0,0.0,-7e-06,-6e-06,-0.0,0.0,-0.0,-0.0,-0.0,-2e-06,0.0,-3e-06,-5e-06,0.0,-0.0,-0.0,0.0,-8e-06,-0.0,0.0,-0.0,0.0,-0.0,-0.0,-0.0,-0.0,-0.0,0.0,-0.0,-0.0,-2e-06,-6e-06,-0.0,0.0,-0.0,-0.0,0.0,-0.0,-0.0,-8e-06,-2e-06,0.0,-0.0,-6e-06,-0.0,-0.0,0.0,-0.0,-0.0,-0.0,-0.0,-1e-06,-6e-06,0.0,-0.0,0.0,-0.0,0.0,-1e-06,0.0,-0.0,-7e-06,-0.0,-0.0,-2e-06,-0.0,-0.0,0.0,-0.0,-2e-06,-5e-06,0.0,-2e-06,-1e-06,-5e-06,-6e-06,0.0,-6e-06,-0.0,-4e-06,-0.0,0.0,-0.0,-1.2e-05,-4e-06,-3e-06,-3e-06,-6e-06,-0.0,-0.0,-0.0,-0.0,-0.0,-0.0,-2e-06,-3e-06
2017-05-29 19:25:00+02:00,0.0,0.0,-0.0,-2e-06,-0.0,-0.0,-0.0,-0.0,-1e-06,-0.0,-0.0,0.0,-4e-06,-4e-06,-1e-06,-4e-06,-0.0,0.0,-0.0,-2e-06,0.0,-2e-06,-0.0,0.0,-5e-06,-5e-06,-0.0,0.0,-0.0,-0.0,-0.0,-2e-06,0.0,-2e-06,-4e-06,0.0,-0.0,-0.0,0.0,-7e-06,-0.0,0.0,-0.0,0.0,-0.0,-0.0,-0.0,-0.0,-0.0,0.0,-0.0,-0.0,-2e-06,-5e-06,-0.0,0.0,-0.0,-0.0,0.0,-0.0,-0.0,-6e-06,-2e-06,0.0,-0.0,-4e-06,-0.0,-0.0,0.0,-0.0,-0.0,-0.0,-0.0,-1e-06,-5e-06,0.0,-0.0,0.0,-0.0,0.0,-1e-06,0.0,-0.0,-6e-06,-0.0,-0.0,-1e-06,-0.0,-0.0,0.0,-0.0,-2e-06,-4e-06,0.0,-2e-06,-1e-06,-4e-06,-5e-06,0.0,-5e-06,-0.0,-3e-06,-0.0,0.0,-0.0,-1e-05,-3e-06,-3e-06,-3e-06,-5e-06,-0.0,-0.0,-0.0,-0.0,-0.0,-0.0,-1e-06,-2e-06
2017-05-29 19:26:00+02:00,0.0,0.0,-0.0,-2e-06,-0.0,-0.0,-0.0,-0.0,-1e-06,-0.0,-0.0,0.0,-3e-06,-3e-06,-1e-06,-3e-06,-0.0,0.0,-0.0,-1e-06,0.0,-1e-06,-0.0,0.0,-4e-06,-4e-06,-0.0,0.0,-0.0,-0.0,-0.0,-1e-06,0.0,-2e-06,-3e-06,0.0,-0.0,-0.0,0.0,-5e-06,-0.0,0.0,-0.0,0.0,-0.0,-0.0,-0.0,-0.0,-0.0,0.0,-0.0,-0.0,-1e-06,-4e-06,-0.0,0.0,-0.0,-0.0,0.0,-0.0,-0.0,-5e-06,-2e-06,0.0,-0.0,-4e-06,-0.0,-0.0,0.0,-0.0,-0.0,-0.0,-0.0,-1e-06,-4e-06,0.0,-0.0,0.0,-0.0,0.0,-1e-06,0.0,-0.0,-5e-06,-0.0,-0.0,-1e-06,-0.0,-0.0,0.0,-0.0,-1e-06,-3e-06,0.0,-1e-06,-1e-06,-3e-06,-4e-06,0.0,-4e-06,-0.0,-3e-06,-0.0,0.0,-0.0,-8e-06,-2e-06,-2e-06,-2e-06,-4e-06,-0.0,-0.0,-0.0,-0.0,-0.0,-0.0,-1e-06,-2e-06
2017-05-29 19:27:00+02:00,0.0,0.0,-0.0,-2e-06,-0.0,-0.0,-0.0,-0.0,-0.0,-0.0,-0.0,0.0,-3e-06,-3e-06,-1e-06,-3e-06,-0.0,0.0,-0.0,-1e-06,0.0,-1e-06,-0.0,0.0,-3e-06,-3e-06,-0.0,0.0,-0.0,-0.0,-0.0,-1e-06,0.0,-2e-06,-3e-06,0.0,-0.0,-0.0,0.0,-4e-06,-0.0,0.0,-0.0,0.0,-0.0,-0.0,-0.0,-0.0,-0.0,0.0,-0.0,-0.0,-1e-06,-3e-06,-0.0,0.0,-0.0,-0.0,0.0,-0.0,-0.0,-4e-06,-1e-06,0.0,-0.0,-3e-06,-0.0,-0.0,0.0,-0.0,-0.0,-0.0,-0.0,-0.0,-3e-06,0.0,-0.0,0.0,-0.0,0.0,-1e-06,0.0,-0.0,-4e-06,-0.0,-0.0,-1e-06,-0.0,-0.0,0.0,-0.0,-1e-06,-2e-06,0.0,-1e-06,-1e-06,-3e-06,-3e-06,0.0,-3e-06,-0.0,-2e-06,-0.0,0.0,-0.0,-6e-06,-2e-06,-2e-06,-2e-06,-3e-06,-0.0,-0.0,-0.0,-0.0,-0.0,-0.0,-1e-06,-1e-06
2017-05-29 19:28:00+02:00,0.0,0.0,-0.0,-1e-06,-0.0,-0.0,-0.0,-0.0,-0.0,-0.0,-0.0,0.0,-2e-06,-2e-06,-0.0,-2e-06,-0.0,0.0,-0.0,-1e-06,0.0,-1e-06,-0.0,0.0,-3e-06,-3e-06,-0.0,0.0,-0.0,-0.0,-0.0,-1e-06,0.0,-1e-06,-2e-06,0.0,-0.0,-0.0,0.0,-3e-06,-0.0,0.0,-0.0,0.0,-0.0,-0.0,-0.0,-0.0,-0.0,0.0,-0.0,-0.0,-1e-06,-3e-06,-0.0,0.0,-0.0,-0.0,0.0,-0.0,-0.0,-3e-06,-1e-06,0.0,-0.0,-2e-06,-0.0,-0.0,0.0,-0.0,-0.0,-0.0,-0.0,-0.0,-2e-06,0.0,-0.0,0.0,-0.0,0.0,-0.0,0.0,-0.0,-3e-06,-0.0,-0.0,-1e-06,-0.0,-0.0,0.0,-0.0,-1e-06,-2e-06,0.0,-1e-06,-0.0,-2e-06,-2e-06,0.0,-2e-06,-0.0,-2e-06,-0.0,0.0,-0.0,-5e-06,-2e-06,-1e-06,-1e-06,-3e-06,-0.0,-0.0,-0.0,-0.0,-0.0,-0.0,-1e-06,-1e-06
2017-05-29 19:29:00+02:00,0.0,0.0,-0.0,-1e-06,-0.0,-0.0,-0.0,-0.0,-0.0,-0.0,-0.0,0.0,-2e-06,-2e-06,-0.0,-2e-06,-0.0,0.0,-0.0,-1e-06,0.0,-1e-06,-0.0,0.0,-2e-06,-2e-06,-0.0,0.0,-0.0,-0.0,-0.0,-1e-06,0.0,-1e-06,-2e-06,0.0,-0.0,-0.0,0.0,-3e-06,-0.0,0.0,-0.0,0.0,-0.0,-0.0,-0.0,-0.0,-0.0,0.0,-0.0,-0.0,-1e-06,-2e-06,-0.0,0.0,-0.0,-0.0,0.0,-0.0,-0.0,-2e-06,-1e-06,0.0,-0.0,-2e-06,-0.0,-0.0,0.0,-0.0,-0.0,-0.0,-0.0,-0.0,-2e-06,0.0,-0.0,0.0,-0.0,0.0,-0.0,0.0,-0.0,-2e-06,-0.0,-0.0,-1e-06,-0.0,-0.0,0.0,-0.0,-1e-06,-2e-06,0.0,-1e-06,-0.0,-2e-06,-2e-06,0.0,-2e-06,-0.0,-1e-06,-0.0,0.0,-0.0,-4e-06,-1e-06,-1e-06,-1e-06,-2e-06,-0.0,-0.0,-0.0,-0.0,-0.0,-0.0,-1e-06,-1e-06
2017-05-29 19:30:00+02:00,0.0,0.0,-0.0,-1e-06,-0.0,-0.0,-0.0,-0.0,-0.0,-0.0,-0.0,0.0,-1e-06,-1e-06,-0.0,-1e-06,-0.0,0.0,-0.0,-1e-06,0.0,-1e-06,-0.0,0.0,-2e-06,-2e-06,-0.0,0.0,-0.0,-0.0,-0.0,-1e-06,0.0,-1e-06,-1e-06,0.0,-0.0,-0.0,0.0,-2e-06,-0.0,0.0,-0.0,0.0,-0.0,-0.0,-0.0,-0.0,-0.0,0.0,-0.0,-0.0,-1e-06,-2e-06,-0.0,0.0,-0.0,-0.0,0.0,-0.0,-0.0,-2e-06,-1e-06,0.0,-0.0,-1e-06,-0.0,-0.0,0.0,-0.0,-0.0,-0.0,-0.0,-0.0,-2e-06,0.0,-0.0,0.0,-0.0,0.0,-0.0,0.0,-0.0,-2e-06,-0.0,-0.0,-0.0,-0.0,-0.0,0.0,-0.0,-1e-06,-1e-06,0.0,-1e-06,-0.0,-1e-06,-2e-06,0.0,-2e-06,-0.0,-1e-06,-0.0,0.0,-0.0,-3e-06,-1e-06,-1e-06,-1e-06,-2e-06,-0.0,-0.0,-0.0,-0.0,-0.0,-0.0,-0.0,-1e-06
2017-05-29 19:31:00+02:00,0.0,0.0,-0.0,-1e-06,-0.0,-0.0,-0.0,-0.0,-0.0,-0.0,-0.0,0.0,-1e-06,-1e-06,-0.0,-1e-06,-0.0,0.0,-0.0,-0.0,0.0,-0.0,-0.0,0.0,-1e-06,-1e-06,-0.0,0.0,-0.0,-0.0,-0.0,-0.0,0.0,-1e-06,-1e-06,0.0,-0.0,-0.0,0.0,-2e-06,-0.0,0.0,-0.0,0.0,-0.0,-0.0,-0.0,-0.0,-0.0,0.0,-0.0,-0.0,-0.0,-1e-06,-0.0,0.0,-0.0,-0.0,0.0,-0.0,-0.0,-2e-06,-1e-06,0.0,-0.0,-1e-06,-0.0,-0.0,0.0,-0.0,-0.0,-0.0,-0.0,-0.0,-1e-06,0.0,-0.0,0.0,-0.0,0.0,-0.0,0.0,-0.0,-2e-06,-0.0,-0.0,-0.0,-0.0,-0.0,0.0,-0.0,-0.0,-1e-06,0.0,-0.0,-0.0,-1e-06,-1e-06,0.0,-1e-06,-0.0,-1e-06,-0.0,0.0,-0.0,-3e-06,-1e-06,-1e-06,-1e-06,-1e-06,-0.0,-0.0,-0.0,-0.0,-0.0,-0.0,-0.0,-1e-06
2017-05-29 19:32:00+02:00,0.0,0.0,-0.0,-1e-06,-0.0,-0.0,-0.0,-0.0,-0.0,-0.0,-0.0,0.0,-1e-06,-1e-06,-0.0,-1e-06,-0.0,0.0,-0.0,-0.0,0.0,-0.0,-0.0,0.0,-1e-06,-1e-06,-0.0,0.0,-0.0,-0.0,-0.0,-0.0,0.0,-0.0,-1e-06,0.0,-0.0,-0.0,0.0,-1e-06,-0.0,0.0,-0.0,0.0,-0.0,-0.0,-0.0,-0.0,-0.0,0.0,-0.0,-0.0,-0.0,-1e-06,-0.0,0.0,-0.0,-0.0,0.0,-0.0,-0.0,-1e-06,-0.0,0.0,-0.0,-1e-06,-0.0,-0.0,0.0,-0.0,-0.0,-0.0,-0.0,-0.0,-1e-06,0.0,-0.0,0.0,-0.0,0.0,-0.0,0.0,-0.0,-1e-06,-0.0,-0.0,-0.0,-0.0,-0.0,0.0,-0.0,-0.0,-1e-06,0.0,-0.0,-0.0,-1e-06,-1e-06,0.0,-1e-06,-0.0,-1e-06,-0.0,0.0,-0.0,-2e-06,-1e-06,-1e-06,-1e-06,-1e-06,-0.0,-0.0,-0.0,-0.0,-0.0,-0.0,-0.0,-0.0
2017-05-29 19:33:00+02:00,0.0,0.0,-0.0,-0.0,-0.0,-0.0,-0.0,-0.0,-0.0,-0.0,-0.0,0.0,-1e-06,-1e-06,-0.0,-1e-06,-0.0,0.0,-0.0,-0.0,0.0,-0.0,-0.0,0.0,-1e-06,-1e-06,-0.0,0.0,-0.0,-0.0,-0.0,-0.0,0.0,-0.0,-1e-06,0.0,-0.0,-0.0,0.0,-1e-06,-0.0,0.0,-0.0,0.0,-0.0,-0.0,-0.0,-0.0,-0.0,0.0,-0.0,-0.0,-0.0,-1e-06,-0.0,0.0,-0.0,-0.0,0.0,-0.0,-0.0,-1e-06,-0.0,0.0,-0.0,-1e-06,-0.0,-0.0,0.0,-0.0,-0.0,-0.0,-0.0,-0.0,-1e-06,0.0,-0.0,0.0,-0.0,0.0,-0.0,0.0,-0.0,-1e-06,-0.0,-0.0,-0.0,-0.0,-0.0,0.0,-0.0,-0.0,-1e-06,0.0,-0.0,-0.0,-1e-06,-1e-06,0.0,-1e-06,-0.0,-1e-06,-0.0,0.0,-0.0,-2e-06,-1e-06,-0.0,-0.0,-1e-06,-0.0,-0.0,-0.0,-0.0,-0.0,-0.0,-0.0,-0.0
2017-05-29 19:34:00+02:00,0.0,0.0,-0.0,-0.0,-0.0,-0.0,-0.0,-0.0,-0.0,-0.0,-0.0,0.0,-1e-06,-1e-06,-0.0,-1e-06,-0.0,0.0,-0.0,-0.0,0.0,-0.0,-0.0,0.0,-1e-06,-1e-06,-0.0,0.0,-0.0,-0.0,-0.0,-0.0,0.0,-0.0,-1e-06,0.0,-0.0,-0.0,0.0,-1e-06,-0.0,0.0,-0.0,0.0,-0.0,-0.0,-0.0,-0.0,-0.0,0.0,-0.0,-0.0,-0.0,-1e-06,-0.0,0.0,-0.0,-0.0,0.0,-0.0,-0.0,-1e-06,-0.0,0.0,-0.0,-1e-06,-0.0,-0.0,0.0,-0.0,-0.0,-0.0,-0.0,-0.0,-1e-06,0.0,-0.0,0.0,-0.0,0.0,-0.0,0.0,-0.0,-1e-06,-0.0,-0.0,-0.0,-0.0,-0.0,0.0,-0.0,-0.0,-1e-06,0.0,-0.0,-0.0,-1e-06,-1e-06,0.0,-1e-06,-0.0,-0.0,-0.0,0.0,-0.0,-1e-06,-0.0,-0.0,-0.0,-1e-06,-0.0,-0.0,-0.0,-0.0,-0.0,-0.0,-0.0,-0.0
2017-05-29 19:35:00+02:00,0.0,0.0,-0.0,-0.0,-0.0,-0.0,-0.0,-0.0,-0.0,-0.0,-0.0,0.0,-0.0,-0.0,-0.0,-0.0,-0.0,0.0,-0.0,-0.0,0.0,-0.0,-0.0,0.0,-1e-06,-1e-06,-0.0,0.0,-0.0,-0.0,-0.0,-0.0,0.0,-0.0,-0.0,0.0,-0.0,-0.0,0.0,-1e-06,-0.0,0.0,-0.0,0.0,-0.0,-0.0,-0.0,-0.0,-0.0,0.0,-0.0,-0.0,-0.0,-1e-06,-0.0,0.0,-0.0,-0.0,0.0,-0.0,-0.0,-1e-06,-0.0,0.0,-0.0,-0.0,-0.0,-0.0,0.0,-0.0,-0.0,-0.0,-0.0,-0.0,-1e-06,0.0,-0.0,0.0,-0.0,0.0,-0.0,0.0,-0.0,-1e-06,-0.0,-0.0,-0.0,-0.0,-0.0,0.0,-0.0,-0.0,-0.0,0.0,-0.0,-0.0,-0.0,-1e-06,0.0,-1e-06,-0.0,-0.0,-0.0,0.0,-0.0,-1e-06,-0.0,-0.0,-0.0,-1e-06,-0.0,-0.0,-0.0,-0.0,-0.0,-0.0,-0.0,-0.0
2017-05-29 19:36:00+02:00,0.0,0.0,-0.0,-0.0,-0.0,-0.0,-0.0,-0.0,-0.0,-0.0,-0.0,0.0,-0.0,-0.0,-0.0,-0.0,-0.0,0.0,-0.0,-0.0,0.0,-0.0,-0.0,0.0,-0.0,-0.0,-0.0,0.0,-0.0,-0.0,-0.0,-0.0,0.0,-0.0,-0.0,0.0,-0.0,-0.0,0.0,-1e-06,-0.0,0.0,-0.0,0.0,-0.0,-0.0,-0.0,-0.0,-0.0,0.0,-0.0,-0.0,-0.0,-0.0,-0.0,0.0,-0.0,-0.0,0.0,-0.0,-0.0,-1e-06,-0.0,0.0,-0.0,-0.0,-0.0,-0.0,0.0,-0.0,-0.0,-0.0,-0.0,-0.0,-0.0,0.0,-0.0,0.0,-0.0,0.0,-0.0,0.0,-0.0,-1e-06,-0.0,-0.0,-0.0,-0.0,-0.0,0.0,-0.0,-0.0,-0.0,0.0,-0.0,-0.0,-0.0,-0.0,0.0,-0.0,-0.0,-0.0,-0.0,0.0,-0.0,-1e-06,-0.0,-0.0,-0.0,-0.0,-0.0,-0.0,-0.0,-0.0,-0.0,-0.0,-0.0,-0.0
2017-05-29 19:37:00+02:00,0.0,0.0,-0.0,-0.0,-0.0,-0.0,-0.0,-0.0,-0.0,-0.0,-0.0,0.0,-0.0,-0.0,-0.0,-0.0,-0.0,0.0,-0.0,-0.0,0.0,-0.0,-0.0,0.0,-0.0,-0.0,-0.0,0.0,-0.0,-0.0,-0.0,-0.0,0.0,-0.0,-0.0,0.0,-0.0,-0.0,0.0,-0.0,-0.0,0.0,-0.0,0.0,-0.0,-0.0,-0.0,-0.0,-0.0,0.0,-0.0,-0.0,-0.0,-0.0,-0.0,0.0,-0.0,-0.0,0.0,-0.0,-0.0,-0.0,-0.0,0.0,-0.0,-0.0,-0.0,-0.0,0.0,-0.0,-0.0,-0.0,-0.0,-0.0,-0.0,0.0,-0.0,0.0,-0.0,0.0,-0.0,0.0,-0.0,-0.0,-0.0,-0.0,-0.0,-0.0,-0.0,0.0,-0.0,-0.0,-0.0,0.0,-0.0,-0.0,-0.0,-0.0,0.0,-0.0,-0.0,-0.0,-0.0,0.0,-0.0,-1e-06,-0.0,-0.0,-0.0,-0.0,-0.0,-0.0,-0.0,-0.0,-0.0,-0.0,-0.0,-0.0
2017-05-29 19:38:00+02:00,0.0,0.0,-0.0,-0.0,-0.0,-0.0,-0.0,-0.0,-0.0,-0.0,-0.0,0.0,-0.0,-0.0,-0.0,-0.0,-0.0,0.0,-0.0,-0.0,0.0,-0.0,-0.0,0.0,-0.0,-0.0,-0.0,0.0,-0.0,-0.0,-0.0,-0.0,0.0,-0.0,-0.0,0.0,-0.0,-0.0,0.0,-0.0,-0.0,0.0,-0.0,0.0,-0.0,-0.0,-0.0,-0.0,-0.0,0.0,-0.0,-0.0,-0.0,-0.0,-0.0,0.0,-0.0,-0.0,0.0,-0.0,-0.0,-0.0,-0.0,0.0,-0.0,-0.0,-0.0,-0.0,0.0,-0.0,-0.0,-0.0,-0.0,-0.0,-0.0,0.0,-0.0,0.0,-0.0,0.0,-0.0,0.0,-0.0,-0.0,-0.0,-0.0,-0.0,-0.0,-0.0,0.0,-0.0,-0.0,-0.0,0.0,-0.0,-0.0,-0.0,-0.0,0.0,-0.0,-0.0,-0.0,-0.0,0.0,-0.0,-1e-06,-0.0,-0.0,-0.0,-0.0,-0.0,-0.0,-0.0,-0.0,-0.0,-0.0,-0.0,-0.0
2017-05-29 19:39:00+02:00,0.0,0.0,-0.0,-0.0,-0.0,-0.0,-0.0,-0.0,-0.0,-0.0,-0.0,0.0,-0.0,-0.0,-0.0,-0.0,-0.0,0.0,-0.0,-0.0,0.0,-0.0,-0.0,0.0,-0.0,-0.0,-0.0,0.0,-0.0,-0.0,-0.0,-0.0,0.0,-0.0,-0.0,0.0,-0.0,-0.0,0.0,-0.0,-0.0,0.0,-0.0,0.0,-0.0,-0.0,-0.0,-0.0,-0.0,0.0,-0.0,-0.0,-0.0,-0.0,-0.0,0.0,-0.0,-0.0,0.0,-0.0,-0.0,-0.0,-0.0,0.0,-0.0,-0.0,-0.0,-0.0,0.0,-0.0,-0.0,-0.0,-0.0,-0.0,-0.0,0.0,-0.0,0.0,-0.0,0.0,-0.0,0.0,-0.0,-0.0,-0.0,-0.0,-0.0,-0.0,-0.0,0.0,-0.0,-0.0,-0.0,0.0,-0.0,-0.0,-0.0,-0.0,0.0,-0.0,-0.0,-0.0,-0.0,0.0,-0.0,-0.0,-0.0,-0.0,-0.0,-0.0,-0.0,-0.0,-0.0,-0.0,-0.0,-0.0,-0.0,-0.0
2017-05-29 19:40:00+02:00,0.0,0.0,-0.0,-0.0,-0.0,-0.0,-0.0,-0.0,-0.0,-0.0,-0.0,0.0,-0.0,-0.0,-0.0,-0.0,-0.0,0.0,-0.0,-0.0,0.0,-0.0,-0.0,0.0,-0.0,-0.0,-0.0,0.0,-0.0,-0.0,-0.0,-0.0,0.0,-0.0,-0.0,0.0,-0.0,-0.0,0.0,-0.0,-0.0,0.0,-0.0,0.0,-0.0,-0.0,-0.0,-0.0,-0.0,0.0,-0.0,-0.0,-0.0,-0.0,-0.0,0.0,-0.0,-0.0,0.0,-0.0,-0.0,-0.0,-0.0,0.0,-0.0,-0.0,-0.0,-0.0,0.0,-0.0,-0.0,-0.0,-0.0,-0.0,-0.0,0.0,-0.0,0.0,-0.0,0.0,-0.0,0.0,-0.0,-0.0,-0.0,-0.0,-0.0,-0.0,-0.0,0.0,-0.0,-0.0,-0.0,0.0,-0.0,-0.0,-0.0,-0.0,0.0,-0.0,-0.0,-0.0,-0.0,0.0,-0.0,-0.0,-0.0,-0.0,-0.0,-0.0,-0.0,-0.0,-0.0,-0.0,-0.0,-0.0,-0.0,-0.0
2017-05-29 19:41:00+02:00,0.0,0.0,-0.0,-0.0,-0.0,-0.0,-0.0,-0.0,-0.0,-0.0,-0.0,0.0,-0.0,-0.0,-0.0,-0.0,-0.0,0.0,-0.0,-0.0,0.0,-0.0,-0.0,0.0,-0.0,-0.0,-0.0,0.0,-0.0,-0.0,-0.0,-0.0,0.0,-0.0,-0.0,0.0,-0.0,-0.0,0.0,-0.0,-0.0,0.0,-0.0,0.0,-0.0,-0.0,-0.0,-0.0,-0.0,0.0,-0.0,-0.0,-0.0,-0.0,-0.0,0.0,-0.0,-0.0,0.0,-0.0,-0.0,-0.0,-0.0,0.0,-0.0,-0.0,-0.0,-0.0,0.0,-0.0,-0.0,-0.0,-0.0,-0.0,-0.0,0.0,-0.0,0.0,-0.0,0.0,-0.0,0.0,-0.0,-0.0,-0.0,-0.0,-0.0,-0.0,-0.0,0.0,-0.0,-0.0,-0.0,0.0,-0.0,-0.0,-0.0,-0.0,0.0,-0.0,-0.0,-0.0,-0.0,0.0,-0.0,-0.0,-0.0,-0.0,-0.0,-0.0,-0.0,-0.0,-0.0,-0.0,-0.0,-0.0,-0.0,-0.0
2017-05-29 19:42:00+02:00,0.0,0.0,-0.0,-0.0,-0.0,-0.0,-0.0,-0.0,-0.0,-0.0,-0.0,0.0,-0.0,-0.0,-0.0,-0.0,-0.0,0.0,-0.0,-0.0,0.0,-0.0,-0.0,0.0,-0.0,-0.0,-0.0,0.0,-0.0,-0.0,-0.0,-0.0,0.0,-0.0,-0.0,0.0,-0.0,-0.0,0.0,-0.0,-0.0,0.0,-0.0,0.0,-0.0,-0.0,-0.0,-0.0,-0.0,0.0,-0.0,-0.0,-0.0,-0.0,-0.0,0.0,-0.0,-0.0,0.0,-0.0,-0.0,-0.0,-0.0,0.0,-0.0,-0.0,-0.0,-0.0,0.0,-0.0,-0.0,-0.0,-0.0,-0.0,-0.0,0.0,-0.0,0.0,-0.0,0.0,-0.0,0.0,-0.0,-0.0,-0.0,-0.0,-0.0,-0.0,-0.0,0.0,-0.0,-0.0,-0.0,0.0,-0.0,-0.0,-0.0,-0.0,0.0,-0.0,-0.0,-0.0,-0.0,0.0,-0.0,-0.0,-0.0,-0.0,-0.0,-0.0,-0.0,-0.0,-0.0,-0.0,-0.0,-0.0,-0.0,-0.0
2017-05-29 19:43:00+02:00,0.0,0.0,-0.0,-0.0,-0.0,-0.0,-0.0,-0.0,-0.0,-0.0,-0.0,0.0,-0.0,-0.0,-0.0,-0.0,-0.0,0.0,-0.0,-0.0,0.0,-0.0,-0.0,0.0,-0.0,-0.0,-0.0,0.0,-0.0,-0.0,-0.0,-0.0,0.0,-0.0,-0.0,0.0,-0.0,-0.0,0.0,-0.0,-0.0,0.0,-0.0,0.0,-0.0,-0.0,-0.0,-0.0,-0.0,0.0,-0.0,-0.0,-0.0,-0.0,-0.0,0.0,-0.0,-0.0,0.0,-0.0,-0.0,-0.0,-0.0,0.0,-0.0,-0.0,-0.0,-0.0,0.0,-0.0,-0.0,-0.0,-0.0,-0.0,-0.0,0.0,-0.0,0.0,-0.0,0.0,-0.0,0.0,-0.0,-0.0,-0.0,-0.0,-0.0,-0.0,-0.0,0.0,-0.0,-0.0,-0.0,0.0,-0.0,-0.0,-0.0,-0.0,0.0,-0.0,-0.0,-0.0,-0.0,0.0,-0.0,-0.0,-0.0,-0.0,-0.0,-0.0,-0.0,-0.0,-0.0,-0.0,-0.0,-0.0,-0.0,-0.0
2017-05-29 19:44:00+02:00,0.0,0.0,-0.0,-0.0,-0.0,-0.0,-0.0,-0.0,-0.0,-0.0,-0.0,0.0,-0.0,-0.0,-0.0,-0.0,-0.0,0.0,-0.0,-0.0,0.0,-0.0,-0.0,0.0,-0.0,-0.0,-0.0,0.0,-0.0,-0.0,-0.0,-0.0,0.0,-0.0,-0.0,0.0,-0.0,-0.0,0.0,-0.0,-0.0,0.0,-0.0,0.0,-0.0,-0.0,-0.0,-0.0,-0.0,0.0,-0.0,-0.0,-0.0,-0.0,-0.0,0.0,-0.0,-0.0,0.0,-0.0,-0.0,-0.0,-0.0,0.0,-0.0,-0.0,-0.0,-0.0,0.0,-0.0,-0.0,-0.0,-0.0,-0.0,-0.0,0.0,-0.0,0.0,-0.0,0.0,-0.0,0.0,-0.0,-0.0,-0.0,-0.0,-0.0,-0.0,-0.0,0.0,-0.0,-0.0,-0.0,0.0,-0.0,-0.0,-0.0,-0.0,0.0,-0.0,-0.0,-0.0,-0.0,0.0,-0.0,-0.0,-0.0,-0.0,-0.0,-0.0,-0.0,-0.0,-0.0,-0.0,-0.0,-0.0,-0.0,-0.0
2017-05-29 19:45:00+02:00,0.0,0.0,-0.0,-0.0,-0.0,-0.0,-0.0,-0.0,-0.0,-0.0,-0.0,0.0,-0.0,-0.0,-0.0,-0.0,-0.0,0.0,-0.0,-0.0,0.0,-0.0,-0.0,0.0,-0.0,-0.0,-0.0,0.0,-0.0,-0.0,-0.0,-0.0,0.0,-0.0,-0.0,0.0,-0.0,-0.0,0.0,-0.0,-0.0,0.0,-0.0,0.0,-0.0,-0.0,-0.0,-0.0,-0.0,0.0,-0.0,-0.0,-0.0,-0.0,-0.0,0.0,-0.0,-0.0,0.0,-0.0,-0.0,-0.0,-0.0,0.0,-0.0,-0.0,-0.0,-0.0,0.0,-0.0,-0.0,-0.0,-0.0,-0.0,-0.0,0.0,-0.0,0.0,-0.0,0.0,-0.0,0.0,-0.0,-0.0,-0.0,-0.0,-0.0,-0.0,-0.0,0.0,-0.0,-0.0,-0.0,0.0,-0.0,-0.0,-0.0,-0.0,0.0,-0.0,-0.0,-0.0,-0.0,0.0,-0.0,-0.0,-0.0,-0.0,-0.0,-0.0,-0.0,-0.0,-0.0,-0.0,-0.0,-0.0,-0.0,-0.0
2017-05-29 19:46:00+02:00,0.0,0.0,-0.0,-0.0,-0.0,-0.0,-0.0,-0.0,-0.0,-0.0,-0.0,0.0,-0.0,-0.0,-0.0,-0.0,-0.0,0.0,-0.0,-0.0,0.0,-0.0,-0.0,0.0,-0.0,-0.0,-0.0,0.0,-0.0,-0.0,-0.0,-0.0,0.0,-0.0,-0.0,0.0,-0.0,-0.0,0.0,-0.0,-0.0,0.0,-0.0,0.0,-0.0,-0.0,-0.0,-0.0,-0.0,0.0,-0.0,-0.0,-0.0,-0.0,-0.0,0.0,-0.0,-0.0,0.0,-0.0,-0.0,-0.0,-0.0,0.0,-0.0,-0.0,-0.0,-0.0,0.0,-0.0,-0.0,-0.0,-0.0,-0.0,-0.0,0.0,-0.0,0.0,-0.0,0.0,-0.0,0.0,-0.0,-0.0,-0.0,-0.0,-0.0,-0.0,-0.0,0.0,-0.0,-0.0,-0.0,0.0,-0.0,-0.0,-0.0,-0.0,0.0,-0.0,-0.0,-0.0,-0.0,0.0,-0.0,-0.0,-0.0,-0.0,-0.0,-0.0,-0.0,-0.0,-0.0,-0.0,-0.0,-0.0,-0.0,-0.0
2017-05-29 19:47:00+02:00,0.0,0.0,-0.0,-0.0,-0.0,-0.0,-0.0,-0.0,-0.0,-0.0,-0.0,0.0,-0.0,-0.0,-0.0,-0.0,-0.0,0.0,-0.0,-0.0,0.0,-0.0,-0.0,0.0,-0.0,-0.0,-0.0,0.0,-0.0,-0.0,-0.0,-0.0,0.0,-0.0,-0.0,0.0,-0.0,-0.0,0.0,-0.0,-0.0,0.0,-0.0,0.0,-0.0,-0.0,-0.0,-0.0,-0.0,0.0,-0.0,-0.0,-0.0,-0.0,-0.0,0.0,-0.0,-0.0,0.0,-0.0,-0.0,-0.0,-0.0,0.0,-0.0,-0.0,-0.0,-0.0,0.0,-0.0,-0.0,-0.0,-0.0,-0.0,-0.0,0.0,-0.0,0.0,-0.0,0.0,-0.0,0.0,-0.0,-0.0,-0.0,-0.0,-0.0,-0.0,-0.0,0.0,-0.0,-0.0,-0.0,0.0,-0.0,-0.0,-0.0,-0.0,0.0,-0.0,-0.0,-0.0,-0.0,0.0,-0.0,-0.0,-0.0,-0.0,-0.0,-0.0,-0.0,-0.0,-0.0,-0.0,-0.0,-0.0,-0.0,-0.0
2017-05-29 19:48:00+02:00,0.0,0.0,-0.0,-0.0,-0.0,-0.0,-0.0,-0.0,-0.0,-0.0,-0.0,0.0,-0.0,-0.0,-0.0,-0.0,-0.0,0.0,-0.0,-0.0,0.0,-0.0,-0.0,0.0,-0.0,-0.0,-0.0,0.0,-0.0,-0.0,-0.0,-0.0,0.0,-0.0,-0.0,0.0,-0.0,-0.0,0.0,-0.0,-0.0,0.0,-0.0,0.0,-0.0,-0.0,-0.0,-0.0,-0.0,0.0,-0.0,-0.0,-0.0,-0.0,-0.0,0.0,-0.0,-0.0,0.0,-0.0,-0.0,-0.0,-0.0,0.0,-0.0,-0.0,-0.0,-0.0,0.0,-0.0,-0.0,-0.0,-0.0,-0.0,-0.0,0.0,-0.0,0.0,-0.0,0.0,-0.0,0.0,-0.0,-0.0,-0.0,-0.0,-0.0,-0.0,-0.0,0.0,-0.0,-0.0,-0.0,0.0,-0.0,-0.0,-0.0,-0.0,0.0,-0.0,-0.0,-0.0,-0.0,0.0,-0.0,-0.0,-0.0,-0.0,-0.0,-0.0,-0.0,-0.0,-0.0,-0.0,-0.0,-0.0,-0.0,-0.0
2017-05-29 19:49:00+02:00,0.0,0.0,-0.0,-0.0,-0.0,-0.0,-0.0,-0.0,-0.0,-0.0,-0.0,0.0,-0.0,-0.0,-0.0,-0.0,-0.0,0.0,-0.0,-0.0,0.0,-0.0,-0.0,0.0,-0.0,-0.0,-0.0,0.0,-0.0,-0.0,-0.0,-0.0,0.0,-0.0,-0.0,0.0,-0.0,-0.0,0.0,-0.0,-0.0,0.0,-0.0,0.0,-0.0,-0.0,-0.0,-0.0,-0.0,0.0,-0.0,-0.0,-0.0,-0.0,-0.0,0.0,-0.0,-0.0,0.0,-0.0,-0.0,-0.0,-0.0,0.0,-0.0,-0.0,-0.0,-0.0,0.0,-0.0,-0.0,-0.0,-0.0,-0.0,-0.0,0.0,-0.0,0.0,-0.0,0.0,-0.0,0.0,-0.0,-0.0,-0.0,-0.0,-0.0,-0.0,-0.0,0.0,-0.0,-0.0,-0.0,0.0,-0.0,-0.0,-0.0,-0.0,0.0,-0.0,-0.0,-0.0,-0.0,0.0,-0.0,-0.0,-0.0,-0.0,-0.0,-0.0,-0.0,-0.0,-0.0,-0.0,-0.0,-0.0,-0.0,-0.0
2017-05-29 19:50:00+02:00,0.0,0.0,-0.0,-0.0,-0.0,-0.0,-0.0,-0.0,-0.0,-0.0,-0.0,0.0,-0.0,-0.0,-0.0,-0.0,-0.0,0.0,-0.0,-0.0,0.0,-0.0,-0.0,0.0,-0.0,-0.0,-0.0,0.0,-0.0,-0.0,-0.0,-0.0,0.0,-0.0,-0.0,0.0,-0.0,-0.0,0.0,-0.0,-0.0,0.0,-0.0,0.0,-0.0,-0.0,-0.0,-0.0,-0.0,0.0,-0.0,-0.0,-0.0,-0.0,-0.0,0.0,-0.0,-0.0,0.0,-0.0,-0.0,-0.0,-0.0,0.0,-0.0,-0.0,-0.0,-0.0,0.0,-0.0,-0.0,-0.0,-0.0,-0.0,-0.0,0.0,-0.0,0.0,-0.0,0.0,-0.0,0.0,-0.0,-0.0,-0.0,-0.0,-0.0,-0.0,-0.0,0.0,-0.0,-0.0,-0.0,0.0,-0.0,-0.0,-0.0,-0.0,0.0,-0.0,-0.0,-0.0,-0.0,0.0,-0.0,-0.0,-0.0,-0.0,-0.0,-0.0,-0.0,-0.0,-0.0,-0.0,-0.0,-0.0,-0.0,-0.0
2017-05-29 19:51:00+02:00,0.0,0.0,-0.0,-0.0,-0.0,-0.0,-0.0,-0.0,-0.0,-0.0,-0.0,0.0,-0.0,-0.0,-0.0,-0.0,-0.0,0.0,-0.0,-0.0,0.0,-0.0,-0.0,0.0,-0.0,-0.0,-0.0,0.0,-0.0,-0.0,-0.0,-0.0,0.0,-0.0,-0.0,0.0,-0.0,-0.0,0.0,-0.0,-0.0,0.0,-0.0,0.0,-0.0,-0.0,-0.0,-0.0,-0.0,0.0,-0.0,-0.0,-0.0,-0.0,-0.0,0.0,-0.0,-0.0,0.0,-0.0,-0.0,-0.0,-0.0,0.0,-0.0,-0.0,-0.0,-0.0,0.0,-0.0,-0.0,-0.0,-0.0,-0.0,-0.0,0.0,-0.0,0.0,-0.0,0.0,-0.0,0.0,-0.0,-0.0,-0.0,-0.0,-0.0,-0.0,-0.0,0.0,-0.0,-0.0,-0.0,0.0,-0.0,-0.0,-0.0,-0.0,0.0,-0.0,-0.0,-0.0,-0.0,0.0,-0.0,-0.0,-0.0,-0.0,-0.0,-0.0,-0.0,-0.0,-0.0,-0.0,-0.0,-0.0,-0.0,-0.0
2017-05-29 19:52:00+02:00,0.0,0.0,-0.0,-0.0,-0.0,-0.0,-0.0,-0.0,-0.0,-0.0,-0.0,0.0,-0.0,-0.0,-0.0,-0.0,-0.0,0.0,-0.0,-0.0,0.0,-0.0,-0.0,0.0,-0.0,-0.0,-0.0,0.0,-0.0,-0.0,-0.0,-0.0,0.0,-0.0,-0.0,0.0,-0.0,-0.0,0.0,-0.0,-0.0,0.0,-0.0,0.0,-0.0,-0.0,-0.0,-0.0,-0.0,0.0,-0.0,-0.0,-0.0,-0.0,-0.0,0.0,-0.0,-0.0,0.0,-0.0,-0.0,-0.0,-0.0,0.0,-0.0,-0.0,-0.0,-0.0,0.0,-0.0,-0.0,-0.0,-0.0,-0.0,-0.0,0.0,-0.0,0.0,-0.0,0.0,-0.0,0.0,-0.0,-0.0,-0.0,-0.0,-0.0,-0.0,-0.0,0.0,-0.0,-0.0,-0.0,0.0,-0.0,-0.0,-0.0,-0.0,0.0,-0.0,-0.0,-0.0,-0.0,0.0,-0.0,-0.0,-0.0,-0.0,-0.0,-0.0,-0.0,-0.0,-0.0,-0.0,-0.0,-0.0,-0.0,-0.0
2017-05-29 19:53:00+02:00,0.0,0.0,-0.0,-0.0,-0.0,-0.0,-0.0,-0.0,-0.0,-0.0,-0.0,0.0,-0.0,-0.0,-0.0,-0.0,-0.0,0.0,-0.0,-0.0,0.0,-0.0,-0.0,0.0,-0.0,-0.0,-0.0,0.0,-0.0,-0.0,-0.0,-0.0,0.0,-0.0,-0.0,0.0,-0.0,-0.0,0.0,-0.0,-0.0,0.0,-0.0,0.0,-0.0,-0.0,-0.0,-0.0,-0.0,0.0,-0.0,-0.0,-0.0,-0.0,-0.0,0.0,-0.0,-0.0,0.0,-0.0,-0.0,-0.0,-0.0,0.0,-0.0,-0.0,-0.0,-0.0,0.0,-0.0,-0.0,-0.0,-0.0,-0.0,-0.0,0.0,-0.0,0.0,-0.0,0.0,-0.0,0.0,-0.0,-0.0,-0.0,-0.0,-0.0,-0.0,-0.0,0.0,-0.0,-0.0,-0.0,0.0,-0.0,-0.0,-0.0,-0.0,0.0,-0.0,-0.0,-0.0,-0.0,0.0,-0.0,-0.0,-0.0,-0.0,-0.0,-0.0,-0.0,-0.0,-0.0,-0.0,-0.0,-0.0,-0.0,-0.0
2017-05-29 19:54:00+02:00,0.0,0.0,-0.0,-0.0,-0.0,-0.0,-0.0,-0.0,-0.0,-0.0,-0.0,0.0,-0.0,-0.0,-0.0,-0.0,-0.0,0.0,-0.0,-0.0,0.0,-0.0,-0.0,0.0,-0.0,-0.0,-0.0,0.0,-0.0,-0.0,-0.0,-0.0,0.0,-0.0,-0.0,0.0,-0.0,-0.0,0.0,-0.0,-0.0,0.0,-0.0,0.0,-0.0,-0.0,-0.0,-0.0,-0.0,0.0,-0.0,-0.0,-0.0,-0.0,-0.0,0.0,-0.0,-0.0,0.0,-0.0,-0.0,-0.0,-0.0,0.0,-0.0,-0.0,-0.0,-0.0,0.0,-0.0,-0.0,-0.0,-0.0,-0.0,-0.0,0.0,-0.0,0.0,-0.0,0.0,-0.0,0.0,-0.0,-0.0,-0.0,-0.0,-0.0,-0.0,-0.0,0.0,-0.0,-0.0,-0.0,0.0,-0.0,-0.0,-0.0,-0.0,0.0,-0.0,-0.0,-0.0,-0.0,0.0,-0.0,-0.0,-0.0,-0.0,-0.0,-0.0,-0.0,-0.0,-0.0,-0.0,-0.0,-0.0,-0.0,-0.0
2017-05-29 19:55:00+02:00,0.0,0.0,-0.0,-0.0,-0.0,-0.0,-0.0,-0.0,-0.0,-0.0,-0.0,0.0,-0.0,-0.0,-0.0,-0.0,-0.0,0.0,-0.0,-0.0,0.0,-0.0,-0.0,0.0,-0.0,-0.0,-0.0,0.0,-0.0,-0.0,-0.0,-0.0,0.0,-0.0,-0.0,0.0,-0.0,-0.0,0.0,-0.0,-0.0,0.0,-0.0,0.0,-0.0,-0.0,-0.0,-0.0,-0.0,0.0,-0.0,-0.0,-0.0,-0.0,-0.0,0.0,-0.0,-0.0,0.0,-0.0,-0.0,-0.0,-0.0,0.0,-0.0,-0.0,-0.0,-0.0,0.0,-0.0,-0.0,-0.0,-0.0,-0.0,-0.0,0.0,-0.0,0.0,-0.0,0.0,-0.0,0.0,-0.0,-0.0,-0.0,-0.0,-0.0,-0.0,-0.0,0.0,-0.0,-0.0,-0.0,0.0,-0.0,-0.0,-0.0,-0.0,0.0,-0.0,-0.0,-0.0,-0.0,0.0,-0.0,-0.0,-0.0,-0.0,-0.0,-0.0,-0.0,-0.0,-0.0,-0.0,-0.0,-0.0,-0.0,-0.0
2017-05-29 19:56:00+02:00,0.0,0.0,-0.0,-0.0,-0.0,-0.0,-0.0,-0.0,-0.0,-0.0,-0.0,0.0,-0.0,-0.0,-0.0,-0.0,-0.0,0.0,-0.0,-0.0,0.0,-0.0,-0.0,0.0,-0.0,-0.0,-0.0,0.0,-0.0,-0.0,-0.0,-0.0,0.0,-0.0,-0.0,0.0,-0.0,-0.0,0.0,-0.0,-0.0,0.0,-0.0,0.0,-0.0,-0.0,-0.0,-0.0,-0.0,0.0,-0.0,-0.0,-0.0,-0.0,-0.0,0.0,-0.0,-0.0,0.0,-0.0,-0.0,-0.0,-0.0,0.0,-0.0,-0.0,-0.0,-0.0,0.0,-0.0,-0.0,-0.0,-0.0,-0.0,-0.0,0.0,-0.0,0.0,-0.0,0.0,-0.0,0.0,-0.0,-0.0,-0.0,-0.0,-0.0,-0.0,-0.0,0.0,-0.0,-0.0,-0.0,0.0,-0.0,-0.0,-0.0,-0.0,0.0,-0.0,-0.0,-0.0,-0.0,0.0,-0.0,-0.0,-0.0,-0.0,-0.0,-0.0,-0.0,-0.0,-0.0,-0.0,-0.0,-0.0,-0.0,-0.0
2017-05-29 19:57:00+02:00,0.0,0.0,-0.0,-0.0,-0.0,-0.0,-0.0,-0.0,-0.0,-0.0,-0.0,0.0,-0.0,-0.0,-0.0,-0.0,-0.0,0.0,-0.0,-0.0,0.0,-0.0,-0.0,0.0,-0.0,-0.0,-0.0,0.0,-0.0,-0.0,-0.0,-0.0,0.0,-0.0,-0.0,0.0,-0.0,-0.0,0.0,-0.0,-0.0,0.0,-0.0,0.0,-0.0,-0.0,-0.0,-0.0,-0.0,0.0,-0.0,-0.0,-0.0,-0.0,-0.0,0.0,-0.0,-0.0,0.0,-0.0,-0.0,-0.0,-0.0,0.0,-0.0,-0.0,-0.0,-0.0,0.0,-0.0,-0.0,-0.0,-0.0,-0.0,-0.0,0.0,-0.0,0.0,-0.0,0.0,-0.0,0.0,-0.0,-0.0,-0.0,-0.0,-0.0,-0.0,-0.0,0.0,-0.0,-0.0,-0.0,0.0,-0.0,-0.0,-0.0,-0.0,0.0,-0.0,-0.0,-0.0,-0.0,0.0,-0.0,-0.0,-0.0,-0.0,-0.0,-0.0,-0.0,-0.0,-0.0,-0.0,-0.0,-0.0,-0.0,-0.0
2017-05-29 19:58:00+02:00,0.0,0.0,-0.0,-0.0,-0.0,-0.0,-0.0,-0.0,-0.0,-0.0,-0.0,0.0,-0.0,-0.0,-0.0,-0.0,-0.0,0.0,-0.0,-0.0,0.0,-0.0,-0.0,0.0,-0.0,-0.0,-0.0,0.0,-0.0,-0.0,-0.0,-0.0,0.0,-0.0,-0.0,0.0,-0.0,-0.0,0.0,-0.0,-0.0,0.0,-0.0,0.0,-0.0,-0.0,-0.0,-0.0,-0.0,0.0,-0.0,-0.0,-0.0,-0.0,-0.0,0.0,-0.0,-0.0,0.0,-0.0,-0.0,-0.0,-0.0,0.0,-0.0,-0.0,-0.0,-0.0,0.0,-0.0,-0.0,-0.0,-0.0,-0.0,-0.0,0.0,-0.0,0.0,-0.0,0.0,-0.0,0.0,-0.0,-0.0,-0.0,-0.0,-0.0,-0.0,-0.0,0.0,-0.0,-0.0,-0.0,0.0,-0.0,-0.0,-0.0,-0.0,0.0,-0.0,-0.0,-0.0,-0.0,0.0,-0.0,-0.0,-0.0,-0.0,-0.0,-0.0,-0.0,-0.0,-0.0,-0.0,-0.0,-0.0,-0.0,-0.0
2017-05-29 19:59:00+02:00,0.0,0.0,-0.0,-0.0,-0.0,-0.0,-0.0,-0.0,-0.0,-0.0,-0.0,0.0,-0.0,-0.0,-0.0,-0.0,-0.0,0.0,-0.0,-0.0,0.0,-0.0,-0.0,0.0,-0.0,-0.0,-0.0,0.0,-0.0,-0.0,-0.0,-0.0,0.0,-0.0,-0.0,0.0,-0.0,-0.0,0.0,-0.0,-0.0,0.0,-0.0,0.0,-0.0,-0.0,-0.0,-0.0,-0.0,0.0,-0.0,-0.0,-0.0,-0.0,-0.0,0.0,-0.0,-0.0,0.0,-0.0,-0.0,-0.0,-0.0,0.0,-0.0,-0.0,-0.0,-0.0,0.0,-0.0,-0.0,-0.0,-0.0,-0.0,-0.0,0.0,-0.0,0.0,-0.0,0.0,-0.0,0.0,-0.0,-0.0,-0.0,-0.0,-0.0,-0.0,-0.0,0.0,-0.0,-0.0,-0.0,0.0,-0.0,-0.0,-0.0,-0.0,0.0,-0.0,-0.0,-0.0,-0.0,0.0,-0.0,-0.0,-0.0,-0.0,-0.0,-0.0,-0.0,-0.0,-0.0,-0.0,-0.0,-0.0,-0.0,-0.0
2017-05-29 20:00:00+02:00,0.0,0.0,-0.0,-0.0,-0.0,-0.0,-0.0,-0.0,-0.0,-0.0,-0.0,0.0,-0.0,-0.0,-0.0,-0.0,-0.0,0.0,-0.0,-0.0,0.0,-0.0,-0.0,0.0,-0.0,-0.0,-0.0,0.0,-0.0,-0.0,-0.0,-0.0,0.0,-0.0,-0.0,0.0,-0.0,-0.0,0.0,-0.0,-0.0,0.0,-0.0,0.0,-0.0,-0.0,-0.0,-0.0,-0.0,0.0,-0.0,-0.0,-0.0,-0.0,-0.0,0.0,-0.0,-0.0,0.0,-0.0,-0.0,-0.0,-0.0,0.0,-0.0,-0.0,-0.0,-0.0,0.0,-0.0,-0.0,-0.0,-0.0,-0.0,-0.0,0.0,-0.0,0.0,-0.0,0.0,-0.0,0.0,-0.0,-0.0,-0.0,-0.0,-0.0,-0.0,-0.0,0.0,-0.0,-0.0,-0.0,0.0,-0.0,-0.0,-0.0,-0.0,0.0,-0.0,-0.0,-0.0,-0.0,0.0,-0.0,-0.0,-0.0,-0.0,-0.0,-0.0,-0.0,-0.0,-0.0,-0.0,-0.0,-0.0,-0.0,-0.0
2017-05-29 20:01:00+02:00,0.0,0.0,-0.0,-0.0,-0.0,-0.0,-0.0,-0.0,-0.0,-0.0,-0.0,0.0,-0.0,-0.0,-0.0,-0.0,-0.0,0.0,-0.0,-0.0,0.0,-0.0,-0.0,0.0,-0.0,-0.0,-0.0,0.0,-0.0,-0.0,-0.0,-0.0,0.0,-0.0,-0.0,0.0,-0.0,-0.0,0.0,-0.0,-0.0,0.0,-0.0,0.0,-0.0,-0.0,-0.0,-0.0,-0.0,0.0,-0.0,-0.0,-0.0,-0.0,-0.0,0.0,-0.0,-0.0,0.0,-0.0,-0.0,-0.0,-0.0,0.0,-0.0,-0.0,-0.0,-0.0,0.0,-0.0,-0.0,-0.0,-0.0,-0.0,-0.0,0.0,-0.0,0.0,-0.0,0.0,-0.0,0.0,-0.0,-0.0,-0.0,-0.0,-0.0,-0.0,-0.0,0.0,-0.0,-0.0,-0.0,0.0,-0.0,-0.0,-0.0,-0.0,0.0,-0.0,-0.0,-0.0,-0.0,0.0,-0.0,-0.0,-0.0,-0.0,-0.0,-0.0,-0.0,-0.0,-0.0,-0.0,-0.0,-0.0,-0.0,-0.0
2017-05-29 20:02:00+02:00,0.0,0.0,-0.0,-0.0,-0.0,-0.0,-0.0,-0.0,-0.0,-0.0,-0.0,0.0,-0.0,-0.0,-0.0,-0.0,-0.0,0.0,-0.0,-0.0,0.0,-0.0,-0.0,0.0,-0.0,-0.0,-0.0,0.0,-0.0,-0.0,-0.0,-0.0,0.0,-0.0,-0.0,0.0,-0.0,-0.0,0.0,-0.0,-0.0,0.0,-0.0,0.0,-0.0,-0.0,-0.0,-0.0,-0.0,0.0,-0.0,-0.0,-0.0,-0.0,-0.0,0.0,-0.0,-0.0,0.0,-0.0,-0.0,-0.0,-0.0,0.0,-0.0,-0.0,-0.0,-0.0,0.0,-0.0,-0.0,-0.0,-0.0,-0.0,-0.0,0.0,-0.0,0.0,-0.0,0.0,-0.0,0.0,-0.0,-0.0,-0.0,-0.0,-0.0,-0.0,-0.0,0.0,-0.0,-0.0,-0.0,0.0,-0.0,-0.0,-0.0,-0.0,0.0,-0.0,-0.0,-0.0,-0.0,0.0,-0.0,-0.0,-0.0,-0.0,-0.0,-0.0,-0.0,-0.0,-0.0,-0.0,-0.0,-0.0,-0.0,-0.0
2017-05-29 20:03:00+02:00,0.0,0.0,-0.0,-0.0,-0.0,-0.0,-0.0,-0.0,-0.0,-0.0,-0.0,0.0,-0.0,-0.0,-0.0,-0.0,-0.0,0.0,-0.0,-0.0,0.0,-0.0,-0.0,0.0,-0.0,-0.0,-0.0,0.0,-0.0,-0.0,-0.0,-0.0,0.0,-0.0,-0.0,0.0,-0.0,-0.0,0.0,-0.0,-0.0,0.0,-0.0,0.0,-0.0,-0.0,-0.0,-0.0,-0.0,0.0,-0.0,-0.0,-0.0,-0.0,-0.0,0.0,-0.0,-0.0,0.0,-0.0,-0.0,-0.0,-0.0,0.0,-0.0,-0.0,-0.0,-0.0,0.0,-0.0,-0.0,-0.0,-0.0,-0.0,-0.0,0.0,-0.0,0.0,-0.0,0.0,-0.0,0.0,-0.0,-0.0,-0.0,-0.0,-0.0,-0.0,-0.0,0.0,-0.0,-0.0,-0.0,0.0,-0.0,-0.0,-0.0,-0.0,0.0,-0.0,-0.0,-0.0,-0.0,0.0,-0.0,-0.0,-0.0,-0.0,-0.0,-0.0,-0.0,-0.0,-0.0,-0.0,-0.0,-0.0,-0.0,-0.0
2017-05-29 20:04:00+02:00,0.0,0.0,-0.0,-0.0,-0.0,-0.0,-0.0,-0.0,-0.0,-0.0,-0.0,0.0,-0.0,-0.0,-0.0,-0.0,-0.0,0.0,-0.0,-0.0,0.0,-0.0,-0.0,0.0,-0.0,-0.0,-0.0,0.0,-0.0,-0.0,-0.0,-0.0,0.0,-0.0,-0.0,0.0,-0.0,-0.0,0.0,-0.0,-0.0,0.0,-0.0,0.0,-0.0,-0.0,-0.0,-0.0,-0.0,0.0,-0.0,-0.0,-0.0,-0.0,-0.0,0.0,-0.0,-0.0,0.0,-0.0,-0.0,-0.0,-0.0,0.0,-0.0,-0.0,-0.0,-0.0,0.0,-0.0,-0.0,-0.0,-0.0,-0.0,-0.0,0.0,-0.0,0.0,-0.0,0.0,-0.0,0.0,-0.0,-0.0,-0.0,-0.0,-0.0,-0.0,-0.0,0.0,-0.0,-0.0,-0.0,0.0,-0.0,-0.0,-0.0,-0.0,0.0,-0.0,-0.0,-0.0,-0.0,0.0,-0.0,-0.0,-0.0,-0.0,-0.0,-0.0,-0.0,-0.0,-0.0,-0.0,-0.0,-0.0,-0.0,-0.0
2017-05-29 20:05:00+02:00,0.0,0.0,-0.0,-0.0,-0.0,-0.0,-0.0,-0.0,-0.0,-0.0,-0.0,0.0,-0.0,-0.0,-0.0,-0.0,-0.0,0.0,-0.0,-0.0,0.0,-0.0,-0.0,0.0,-0.0,-0.0,-0.0,0.0,-0.0,-0.0,-0.0,-0.0,0.0,-0.0,-0.0,0.0,-0.0,-0.0,0.0,-0.0,-0.0,0.0,-0.0,0.0,-0.0,-0.0,-0.0,-0.0,-0.0,0.0,-0.0,-0.0,-0.0,-0.0,-0.0,0.0,-0.0,-0.0,0.0,-0.0,-0.0,-0.0,-0.0,0.0,-0.0,-0.0,-0.0,-0.0,0.0,-0.0,-0.0,-0.0,-0.0,-0.0,-0.0,0.0,-0.0,0.0,-0.0,0.0,-0.0,0.0,-0.0,-0.0,-0.0,-0.0,-0.0,-0.0,-0.0,0.0,-0.0,-0.0,-0.0,0.0,-0.0,-0.0,-0.0,-0.0,0.0,-0.0,-0.0,-0.0,-0.0,0.0,-0.0,-0.0,-0.0,-0.0,-0.0,-0.0,-0.0,-0.0,-0.0,-0.0,-0.0,-0.0,-0.0,-0.0
2017-05-29 20:06:00+02:00,0.0,0.0,-0.0,-0.0,-0.0,-0.0,-0.0,-0.0,-0.0,-0.0,-0.0,0.0,-0.0,-0.0,-0.0,-0.0,-0.0,0.0,-0.0,-0.0,0.0,-0.0,-0.0,0.0,-0.0,-0.0,-0.0,0.0,-0.0,-0.0,-0.0,-0.0,0.0,-0.0,-0.0,0.0,-0.0,-0.0,0.0,-0.0,-0.0,0.0,-0.0,0.0,-0.0,-0.0,-0.0,-0.0,-0.0,0.0,-0.0,-0.0,-0.0,-0.0,-0.0,0.0,-0.0,-0.0,0.0,-0.0,-0.0,-0.0,-0.0,0.0,-0.0,-0.0,-0.0,-0.0,0.0,-0.0,-0.0,-0.0,-0.0,-0.0,-0.0,0.0,-0.0,0.0,-0.0,0.0,-0.0,0.0,-0.0,-0.0,-0.0,-0.0,-0.0,-0.0,-0.0,0.0,-0.0,-0.0,-0.0,0.0,-0.0,-0.0,-0.0,-0.0,0.0,-0.0,-0.0,-0.0,-0.0,0.0,-0.0,-0.0,-0.0,-0.0,-0.0,-0.0,-0.0,-0.0,-0.0,-0.0,-0.0,-0.0,-0.0,-0.0
2017-05-29 20:07:00+02:00,0.0,0.0,-0.0,-0.0,-0.0,-0.0,-0.0,-0.0,-0.0,-0.0,-0.0,0.0,-0.0,-0.0,-0.0,-0.0,-0.0,0.0,-0.0,-0.0,0.0,-0.0,-0.0,0.0,-0.0,-0.0,-0.0,0.0,-0.0,-0.0,-0.0,-0.0,0.0,-0.0,-0.0,0.0,-0.0,-0.0,0.0,-0.0,-0.0,0.0,-0.0,0.0,-0.0,-0.0,-0.0,-0.0,-0.0,0.0,-0.0,-0.0,-0.0,-0.0,-0.0,0.0,-0.0,-0.0,0.0,-0.0,-0.0,-0.0,-0.0,0.0,-0.0,-0.0,-0.0,-0.0,0.0,-0.0,-0.0,-0.0,-0.0,-0.0,-0.0,0.0,-0.0,0.0,-0.0,0.0,-0.0,0.0,-0.0,-0.0,-0.0,-0.0,-0.0,-0.0,-0.0,0.0,-0.0,-0.0,-0.0,0.0,-0.0,-0.0,-0.0,-0.0,0.0,-0.0,-0.0,-0.0,-0.0,0.0,-0.0,-0.0,-0.0,-0.0,-0.0,-0.0,-0.0,-0.0,-0.0,-0.0,-0.0,-0.0,-0.0,-0.0
2017-05-29 20:08:00+02:00,0.0,0.0,-0.0,-0.0,-0.0,-0.0,-0.0,-0.0,-0.0,-0.0,-0.0,0.0,-0.0,-0.0,-0.0,-0.0,-0.0,0.0,-0.0,-0.0,0.0,-0.0,-0.0,0.0,-0.0,-0.0,-0.0,0.0,-0.0,-0.0,-0.0,-0.0,0.0,-0.0,-0.0,0.0,-0.0,-0.0,0.0,-0.0,-0.0,0.0,-0.0,0.0,-0.0,-0.0,-0.0,-0.0,-0.0,0.0,-0.0,-0.0,-0.0,-0.0,-0.0,0.0,-0.0,-0.0,0.0,-0.0,-0.0,-0.0,-0.0,0.0,-0.0,-0.0,-0.0,-0.0,0.0,-0.0,-0.0,-0.0,-0.0,-0.0,-0.0,0.0,-0.0,0.0,-0.0,0.0,-0.0,0.0,-0.0,-0.0,-0.0,-0.0,-0.0,-0.0,-0.0,0.0,-0.0,-0.0,-0.0,0.0,-0.0,-0.0,-0.0,-0.0,0.0,-0.0,-0.0,-0.0,-0.0,0.0,-0.0,-0.0,-0.0,-0.0,-0.0,-0.0,-0.0,-0.0,-0.0,-0.0,-0.0,-0.0,-0.0,-0.0
2017-05-29 20:09:00+02:00,0.0,0.0,-0.0,-0.0,-0.0,-0.0,-0.0,-0.0,-0.0,-0.0,-0.0,0.0,-0.0,-0.0,-0.0,-0.0,-0.0,0.0,-0.0,-0.0,0.0,-0.0,-0.0,0.0,-0.0,-0.0,-0.0,0.0,-0.0,-0.0,-0.0,-0.0,0.0,-0.0,-0.0,0.0,-0.0,-0.0,0.0,-0.0,-0.0,0.0,-0.0,0.0,-0.0,-0.0,-0.0,-0.0,-0.0,0.0,-0.0,-0.0,-0.0,-0.0,-0.0,0.0,-0.0,-0.0,0.0,-0.0,-0.0,-0.0,-0.0,0.0,-0.0,-0.0,-0.0,-0.0,0.0,-0.0,-0.0,-0.0,-0.0,-0.0,-0.0,0.0,-0.0,0.0,-0.0,0.0,-0.0,0.0,-0.0,-0.0,-0.0,-0.0,-0.0,-0.0,-0.0,0.0,-0.0,-0.0,-0.0,0.0,-0.0,-0.0,-0.0,-0.0,0.0,-0.0,-0.0,-0.0,-0.0,0.0,-0.0,-0.0,-0.0,-0.0,-0.0,-0.0,-0.0,-0.0,-0.0,-0.0,-0.0,-0.0,-0.0,-0.0
2017-05-29 20:10:00+02:00,0.0,0.0,-0.0,-0.0,-0.0,-0.0,-0.0,-0.0,-0.0,-0.0,-0.0,0.0,-0.0,-0.0,-0.0,-0.0,-0.0,0.0,-0.0,-0.0,0.0,-0.0,-0.0,0.0,-0.0,-0.0,-0.0,0.0,-0.0,-0.0,-0.0,-0.0,0.0,-0.0,-0.0,0.0,-0.0,-0.0,0.0,-0.0,-0.0,0.0,-0.0,0.0,-0.0,-0.0,-0.0,-0.0,-0.0,0.0,-0.0,-0.0,-0.0,-0.0,-0.0,0.0,-0.0,-0.0,0.0,-0.0,-0.0,-0.0,-0.0,0.0,-0.0,-0.0,-0.0,-0.0,0.0,-0.0,-0.0,-0.0,-0.0,-0.0,-0.0,0.0,-0.0,0.0,-0.0,0.0,-0.0,0.0,-0.0,-0.0,-0.0,-0.0,-0.0,-0.0,-0.0,0.0,-0.0,-0.0,-0.0,0.0,-0.0,-0.0,-0.0,-0.0,0.0,-0.0,-0.0,-0.0,-0.0,0.0,-0.0,-0.0,-0.0,-0.0,-0.0,-0.0,-0.0,-0.0,-0.0,-0.0,-0.0,-0.0,-0.0,-0.0
2017-05-29 20:11:00+02:00,0.0,0.0,-0.0,-0.0,-0.0,-0.0,-0.0,-0.0,-0.0,-0.0,-0.0,0.0,-0.0,-0.0,-0.0,-0.0,-0.0,0.0,-0.0,-0.0,0.0,-0.0,-0.0,0.0,-0.0,-0.0,-0.0,0.0,-0.0,-0.0,-0.0,-0.0,0.0,-0.0,-0.0,0.0,-0.0,-0.0,0.0,-0.0,-0.0,0.0,-0.0,0.0,-0.0,-0.0,-0.0,-0.0,-0.0,0.0,-0.0,-0.0,-0.0,-0.0,-0.0,0.0,-0.0,-0.0,0.0,-0.0,-0.0,-0.0,-0.0,0.0,-0.0,-0.0,-0.0,-0.0,0.0,-0.0,-0.0,-0.0,-0.0,-0.0,-0.0,0.0,-0.0,0.0,-0.0,0.0,-0.0,0.0,-0.0,-0.0,-0.0,-0.0,-0.0,-0.0,-0.0,0.0,-0.0,-0.0,-0.0,0.0,-0.0,-0.0,-0.0,-0.0,0.0,-0.0,-0.0,-0.0,-0.0,0.0,-0.0,-0.0,-0.0,-0.0,-0.0,-0.0,-0.0,-0.0,-0.0,-0.0,-0.0,-0.0,-0.0,-0.0
2017-05-29 20:12:00+02:00,0.0,0.0,-0.0,-0.0,-0.0,-0.0,-0.0,-0.0,-0.0,-0.0,-0.0,0.0,-0.0,-0.0,-0.0,-0.0,-0.0,0.0,-0.0,-0.0,0.0,-0.0,-0.0,0.0,-0.0,-0.0,-0.0,0.0,-0.0,-0.0,-0.0,-0.0,0.0,-0.0,-0.0,0.0,-0.0,-0.0,0.0,-0.0,-0.0,0.0,-0.0,0.0,-0.0,-0.0,-0.0,-0.0,-0.0,0.0,-0.0,-0.0,-0.0,-0.0,-0.0,0.0,-0.0,-0.0,0.0,-0.0,-0.0,-0.0,-0.0,0.0,-0.0,-0.0,-0.0,-0.0,0.0,-0.0,-0.0,-0.0,-0.0,-0.0,-0.0,0.0,-0.0,0.0,-0.0,0.0,-0.0,0.0,-0.0,-0.0,-0.0,-0.0,-0.0,-0.0,-0.0,0.0,-0.0,-0.0,-0.0,0.0,-0.0,-0.0,-0.0,-0.0,0.0,-0.0,-0.0,-0.0,-0.0,0.0,-0.0,-0.0,-0.0,-0.0,-0.0,-0.0,-0.0,-0.0,-0.0,-0.0,-0.0,-0.0,-0.0,-0.0
2017-05-29 20:13:00+02:00,0.0,0.0,-0.0,-0.0,-0.0,-0.0,-0.0,-0.0,-0.0,-0.0,-0.0,0.0,-0.0,-0.0,-0.0,-0.0,-0.0,0.0,-0.0,-0.0,0.0,-0.0,-0.0,0.0,-0.0,-0.0,-0.0,0.0,-0.0,-0.0,-0.0,-0.0,0.0,-0.0,-0.0,0.0,-0.0,-0.0,0.0,-0.0,-0.0,0.0,-0.0,0.0,-0.0,-0.0,-0.0,-0.0,-0.0,0.0,-0.0,-0.0,-0.0,-0.0,-0.0,0.0,-0.0,-0.0,0.0,-0.0,-0.0,-0.0,-0.0,0.0,-0.0,-0.0,-0.0,-0.0,0.0,-0.0,-0.0,-0.0,-0.0,-0.0,-0.0,0.0,-0.0,0.0,-0.0,0.0,-0.0,0.0,-0.0,-0.0,-0.0,-0.0,-0.0,-0.0,-0.0,0.0,-0.0,-0.0,-0.0,0.0,-0.0,-0.0,-0.0,-0.0,0.0,-0.0,-0.0,-0.0,-0.0,0.0,-0.0,-0.0,-0.0,-0.0,-0.0,-0.0,-0.0,-0.0,-0.0,-0.0,-0.0,-0.0,-0.0,-0.0
2017-05-29 20:14:00+02:00,0.0,0.0,-0.0,-0.0,-0.0,-0.0,-0.0,-0.0,-0.0,-0.0,-0.0,0.0,-0.0,-0.0,-0.0,-0.0,-0.0,0.0,-0.0,-0.0,0.0,-0.0,-0.0,0.0,-0.0,-0.0,-0.0,0.0,-0.0,-0.0,-0.0,-0.0,0.0,-0.0,-0.0,0.0,-0.0,-0.0,0.0,-0.0,-0.0,0.0,-0.0,0.0,-0.0,-0.0,-0.0,-0.0,-0.0,0.0,-0.0,-0.0,-0.0,-0.0,-0.0,0.0,-0.0,-0.0,0.0,-0.0,-0.0,-0.0,-0.0,0.0,-0.0,-0.0,-0.0,-0.0,0.0,-0.0,-0.0,-0.0,-0.0,-0.0,-0.0,0.0,-0.0,0.0,-0.0,0.0,-0.0,0.0,-0.0,-0.0,-0.0,-0.0,-0.0,-0.0,-0.0,0.0,-0.0,-0.0,-0.0,0.0,-0.0,-0.0,-0.0,-0.0,0.0,-0.0,-0.0,-0.0,-0.0,0.0,-0.0,-0.0,-0.0,-0.0,-0.0,-0.0,-0.0,-0.0,-0.0,-0.0,-0.0,-0.0,-0.0,-0.0
2017-05-29 20:15:00+02:00,0.0,0.0,-0.0,-0.0,-0.0,-0.0,-0.0,-0.0,-0.0,-0.0,-0.0,0.0,-0.0,-0.0,-0.0,-0.0,-0.0,0.0,-0.0,-0.0,0.0,-0.0,-0.0,0.0,-0.0,-0.0,-0.0,0.0,-0.0,-0.0,-0.0,-0.0,0.0,-0.0,-0.0,0.0,-0.0,-0.0,0.0,-0.0,-0.0,0.0,-0.0,0.0,-0.0,-0.0,-0.0,-0.0,-0.0,0.0,-0.0,-0.0,-0.0,-0.0,-0.0,0.0,-0.0,-0.0,0.0,-0.0,-0.0,-0.0,-0.0,0.0,-0.0,-0.0,-0.0,-0.0,0.0,-0.0,-0.0,-0.0,-0.0,-0.0,-0.0,0.0,-0.0,0.0,-0.0,0.0,-0.0,0.0,-0.0,-0.0,-0.0,-0.0,-0.0,-0.0,-0.0,0.0,-0.0,-0.0,-0.0,0.0,-0.0,-0.0,-0.0,-0.0,0.0,-0.0,-0.0,-0.0,-0.0,0.0,-0.0,-0.0,-0.0,-0.0,-0.0,-0.0,-0.0,-0.0,-0.0,-0.0,-0.0,-0.0,-0.0,-0.0
2017-05-29 20:16:00+02:00,0.0,0.0,-0.0,-0.0,-0.0,-0.0,-0.0,-0.0,-0.0,-0.0,-0.0,0.0,-0.0,-0.0,-0.0,-0.0,-0.0,0.0,-0.0,-0.0,0.0,-0.0,-0.0,0.0,-0.0,-0.0,-0.0,0.0,-0.0,-0.0,-0.0,-0.0,0.0,-0.0,-0.0,0.0,-0.0,-0.0,0.0,-0.0,-0.0,0.0,-0.0,0.0,-0.0,-0.0,-0.0,-0.0,-0.0,0.0,-0.0,-0.0,-0.0,-0.0,-0.0,0.0,-0.0,-0.0,0.0,-0.0,-0.0,-0.0,-0.0,0.0,-0.0,-0.0,-0.0,-0.0,0.0,-0.0,-0.0,-0.0,-0.0,-0.0,-0.0,0.0,-0.0,0.0,-0.0,0.0,-0.0,0.0,-0.0,-0.0,-0.0,-0.0,-0.0,-0.0,-0.0,0.0,-0.0,-0.0,-0.0,0.0,-0.0,-0.0,-0.0,-0.0,0.0,-0.0,-0.0,-0.0,-0.0,0.0,-0.0,-0.0,-0.0,-0.0,-0.0,-0.0,-0.0,-0.0,-0.0,-0.0,-0.0,-0.0,-0.0,-0.0
2017-05-29 20:17:00+02:00,0.0,0.0,-0.0,-0.0,-0.0,-0.0,-0.0,-0.0,-0.0,-0.0,-0.0,0.0,-0.0,-0.0,-0.0,-0.0,-0.0,0.0,-0.0,-0.0,0.0,-0.0,-0.0,0.0,-0.0,-0.0,-0.0,0.0,-0.0,-0.0,-0.0,-0.0,0.0,-0.0,-0.0,0.0,-0.0,-0.0,0.0,-0.0,-0.0,0.0,-0.0,0.0,-0.0,-0.0,-0.0,-0.0,-0.0,0.0,-0.0,-0.0,-0.0,-0.0,-0.0,0.0,-0.0,-0.0,0.0,-0.0,-0.0,-0.0,-0.0,0.0,-0.0,-0.0,-0.0,-0.0,0.0,-0.0,-0.0,-0.0,-0.0,-0.0,-0.0,0.0,-0.0,0.0,-0.0,0.0,-0.0,0.0,-0.0,-0.0,-0.0,-0.0,-0.0,-0.0,-0.0,0.0,-0.0,-0.0,-0.0,0.0,-0.0,-0.0,-0.0,-0.0,0.0,-0.0,-0.0,-0.0,-0.0,0.0,-0.0,-0.0,-0.0,-0.0,-0.0,-0.0,-0.0,-0.0,-0.0,-0.0,-0.0,-0.0,-0.0,-0.0
2017-05-29 20:18:00+02:00,0.0,0.0,-0.0,-0.0,-0.0,-0.0,-0.0,-0.0,-0.0,-0.0,-0.0,0.0,-0.0,-0.0,-0.0,-0.0,-0.0,0.0,-0.0,-0.0,0.0,-0.0,-0.0,0.0,-0.0,-0.0,-0.0,0.0,-0.0,-0.0,-0.0,-0.0,0.0,-0.0,-0.0,0.0,-0.0,-0.0,0.0,-0.0,-0.0,0.0,-0.0,0.0,-0.0,-0.0,-0.0,-0.0,-0.0,0.0,-0.0,-0.0,-0.0,-0.0,-0.0,0.0,-0.0,-0.0,0.0,-0.0,-0.0,-0.0,-0.0,0.0,-0.0,-0.0,-0.0,-0.0,0.0,-0.0,-0.0,-0.0,-0.0,-0.0,-0.0,0.0,-0.0,0.0,-0.0,0.0,-0.0,0.0,-0.0,-0.0,-0.0,-0.0,-0.0,-0.0,-0.0,0.0,-0.0,-0.0,-0.0,0.0,-0.0,-0.0,-0.0,-0.0,0.0,-0.0,-0.0,-0.0,-0.0,0.0,-0.0,-0.0,-0.0,-0.0,-0.0,-0.0,-0.0,-0.0,-0.0,-0.0,-0.0,-0.0,-0.0,-0.0
2017-05-29 20:19:00+02:00,0.0,0.0,-0.0,-0.0,-0.0,-0.0,-0.0,-0.0,-0.0,-0.0,-0.0,0.0,-0.0,-0.0,-0.0,-0.0,-0.0,0.0,-0.0,-0.0,0.0,-0.0,-0.0,0.0,-0.0,-0.0,-0.0,0.0,-0.0,-0.0,-0.0,-0.0,0.0,-0.0,-0.0,0.0,-0.0,-0.0,0.0,-0.0,-0.0,0.0,-0.0,0.0,-0.0,-0.0,-0.0,-0.0,-0.0,0.0,-0.0,-0.0,-0.0,-0.0,-0.0,0.0,-0.0,-0.0,0.0,-0.0,-0.0,-0.0,-0.0,0.0,-0.0,-0.0,-0.0,-0.0,0.0,-0.0,-0.0,-0.0,-0.0,-0.0,-0.0,0.0,-0.0,0.0,-0.0,0.0,-0.0,0.0,-0.0,-0.0,-0.0,-0.0,-0.0,-0.0,-0.0,0.0,-0.0,-0.0,-0.0,0.0,-0.0,-0.0,-0.0,-0.0,0.0,-0.0,-0.0,-0.0,-0.0,0.0,-0.0,-0.0,-0.0,-0.0,-0.0,-0.0,-0.0,-0.0,-0.0,-0.0,-0.0,-0.0,-0.0,-0.0
2017-05-29 20:20:00+02:00,0.0,0.0,-0.0,-0.0,-0.0,-0.0,-0.0,-0.0,-0.0,-0.0,-0.0,0.0,-0.0,-0.0,-0.0,-0.0,-0.0,0.0,-0.0,-0.0,0.0,-0.0,-0.0,0.0,-0.0,-0.0,-0.0,0.0,-0.0,-0.0,-0.0,-0.0,0.0,-0.0,-0.0,0.0,-0.0,-0.0,0.0,-0.0,-0.0,0.0,-0.0,0.0,-0.0,-0.0,-0.0,-0.0,-0.0,0.0,-0.0,-0.0,-0.0,-0.0,-0.0,0.0,-0.0,-0.0,0.0,-0.0,-0.0,-0.0,-0.0,0.0,-0.0,-0.0,-0.0,-0.0,0.0,-0.0,-0.0,-0.0,-0.0,-0.0,-0.0,0.0,-0.0,0.0,-0.0,0.0,-0.0,0.0,-0.0,-0.0,-0.0,-0.0,-0.0,-0.0,-0.0,0.0,-0.0,-0.0,-0.0,0.0,-0.0,-0.0,-0.0,-0.0,0.0,-0.0,-0.0,-0.0,-0.0,0.0,-0.0,-0.0,-0.0,-0.0,-0.0,-0.0,-0.0,-0.0,-0.0,-0.0,-0.0,-0.0,-0.0,-0.0
2017-05-29 20:21:00+02:00,0.0,0.0,-0.0,-0.0,-0.0,-0.0,-0.0,-0.0,-0.0,-0.0,-0.0,0.0,-0.0,-0.0,-0.0,-0.0,-0.0,0.0,-0.0,-0.0,0.0,-0.0,-0.0,0.0,-0.0,-0.0,-0.0,0.0,-0.0,-0.0,-0.0,-0.0,0.0,-0.0,-0.0,0.0,-0.0,-0.0,0.0,-0.0,-0.0,0.0,-0.0,0.0,-0.0,-0.0,-0.0,-0.0,-0.0,0.0,-0.0,-0.0,-0.0,-0.0,-0.0,0.0,-0.0,-0.0,0.0,-0.0,-0.0,-0.0,-0.0,0.0,-0.0,-0.0,-0.0,-0.0,0.0,-0.0,-0.0,-0.0,-0.0,-0.0,-0.0,0.0,-0.0,0.0,-0.0,0.0,-0.0,0.0,-0.0,-0.0,-0.0,-0.0,-0.0,-0.0,-0.0,0.0,-0.0,-0.0,-0.0,0.0,-0.0,-0.0,-0.0,-0.0,0.0,-0.0,-0.0,-0.0,-0.0,0.0,-0.0,-0.0,-0.0,-0.0,-0.0,-0.0,-0.0,-0.0,-0.0,-0.0,-0.0,-0.0,-0.0,-0.0
2017-05-29 20:22:00+02:00,0.0,0.0,-0.0,-0.0,-0.0,-0.0,-0.0,-0.0,-0.0,-0.0,-0.0,0.0,-0.0,-0.0,-0.0,-0.0,-0.0,0.0,-0.0,-0.0,0.0,-0.0,-0.0,0.0,-0.0,-0.0,-0.0,0.0,-0.0,-0.0,-0.0,-0.0,0.0,-0.0,-0.0,0.0,-0.0,-0.0,0.0,-0.0,-0.0,0.0,-0.0,0.0,-0.0,-0.0,-0.0,-0.0,-0.0,0.0,-0.0,-0.0,-0.0,-0.0,-0.0,0.0,-0.0,-0.0,0.0,-0.0,-0.0,-0.0,-0.0,0.0,-0.0,-0.0,-0.0,-0.0,0.0,-0.0,-0.0,-0.0,-0.0,-0.0,-0.0,0.0,-0.0,0.0,-0.0,0.0,-0.0,0.0,-0.0,-0.0,-0.0,-0.0,-0.0,-0.0,-0.0,0.0,-0.0,-0.0,-0.0,0.0,-0.0,-0.0,-0.0,-0.0,0.0,-0.0,-0.0,-0.0,-0.0,0.0,-0.0,-0.0,-0.0,-0.0,-0.0,-0.0,-0.0,-0.0,-0.0,-0.0,-0.0,-0.0,-0.0,-0.0
2017-05-29 20:23:00+02:00,0.0,0.0,-0.0,-0.0,-0.0,-0.0,-0.0,-0.0,-0.0,-0.0,-0.0,0.0,-0.0,-0.0,-0.0,-0.0,-0.0,0.0,-0.0,-0.0,0.0,-0.0,-0.0,0.0,-0.0,-0.0,-0.0,0.0,-0.0,-0.0,-0.0,-0.0,0.0,-0.0,-0.0,0.0,-0.0,-0.0,0.0,-0.0,-0.0,0.0,-0.0,0.0,-0.0,-0.0,-0.0,-0.0,-0.0,0.0,-0.0,-0.0,-0.0,-0.0,-0.0,0.0,-0.0,-0.0,0.0,-0.0,-0.0,-0.0,-0.0,0.0,-0.0,-0.0,-0.0,-0.0,0.0,-0.0,-0.0,-0.0,-0.0,-0.0,-0.0,0.0,-0.0,0.0,-0.0,0.0,-0.0,0.0,-0.0,-0.0,-0.0,-0.0,-0.0,-0.0,-0.0,0.0,-0.0,-0.0,-0.0,0.0,-0.0,-0.0,-0.0,-0.0,0.0,-0.0,-0.0,-0.0,-0.0,0.0,-0.0,-0.0,-0.0,-0.0,-0.0,-0.0,-0.0,-0.0,-0.0,-0.0,-0.0,-0.0,-0.0,-0.0
2017-05-29 20:24:00+02:00,0.0,0.0,-0.0,-0.0,-0.0,-0.0,-0.0,-0.0,-0.0,-0.0,-0.0,0.0,-0.0,-0.0,-0.0,-0.0,-0.0,0.0,-0.0,-0.0,0.0,-0.0,-0.0,0.0,-0.0,-0.0,-0.0,0.0,-0.0,-0.0,-0.0,-0.0,0.0,-0.0,-0.0,0.0,-0.0,-0.0,0.0,-0.0,-0.0,0.0,-0.0,0.0,-0.0,-0.0,-0.0,-0.0,-0.0,0.0,-0.0,-0.0,-0.0,-0.0,-0.0,0.0,-0.0,-0.0,0.0,-0.0,-0.0,-0.0,-0.0,0.0,-0.0,-0.0,-0.0,-0.0,0.0,-0.0,-0.0,-0.0,-0.0,-0.0,-0.0,0.0,-0.0,0.0,-0.0,0.0,-0.0,0.0,-0.0,-0.0,-0.0,-0.0,-0.0,-0.0,-0.0,0.0,-0.0,-0.0,-0.0,0.0,-0.0,-0.0,-0.0,-0.0,0.0,-0.0,-0.0,-0.0,-0.0,0.0,-0.0,-0.0,-0.0,-0.0,-0.0,-0.0,-0.0,-0.0,-0.0,-0.0,-0.0,-0.0,-0.0,-0.0
2017-05-29 20:25:00+02:00,0.0,0.0,-0.0,-0.0,-0.0,-0.0,-0.0,-0.0,-0.0,-0.0,-0.0,0.0,-0.0,-0.0,-0.0,-0.0,-0.0,0.0,-0.0,-0.0,0.0,-0.0,-0.0,0.0,-0.0,-0.0,-0.0,0.0,-0.0,-0.0,-0.0,-0.0,0.0,-0.0,-0.0,0.0,-0.0,-0.0,0.0,-0.0,-0.0,0.0,-0.0,0.0,-0.0,-0.0,-0.0,-0.0,-0.0,0.0,-0.0,-0.0,-0.0,-0.0,-0.0,0.0,-0.0,-0.0,0.0,-0.0,-0.0,-0.0,-0.0,0.0,-0.0,-0.0,-0.0,-0.0,0.0,-0.0,-0.0,-0.0,-0.0,-0.0,-0.0,0.0,-0.0,0.0,-0.0,0.0,-0.0,0.0,-0.0,-0.0,-0.0,-0.0,-0.0,-0.0,-0.0,0.0,-0.0,-0.0,-0.0,0.0,-0.0,-0.0,-0.0,-0.0,0.0,-0.0,-0.0,-0.0,-0.0,0.0,-0.0,-0.0,-0.0,-0.0,-0.0,-0.0,-0.0,-0.0,-0.0,-0.0,-0.0,-0.0,-0.0,-0.0
2017-05-29 20:26:00+02:00,0.0,0.0,-0.0,-0.0,-0.0,-0.0,-0.0,-0.0,-0.0,-0.0,-0.0,0.0,-0.0,-0.0,-0.0,-0.0,-0.0,0.0,-0.0,-0.0,0.0,-0.0,-0.0,0.0,-0.0,-0.0,-0.0,0.0,-0.0,-0.0,-0.0,-0.0,0.0,-0.0,-0.0,0.0,-0.0,-0.0,0.0,-0.0,-0.0,0.0,-0.0,0.0,-0.0,-0.0,-0.0,-0.0,-0.0,0.0,-0.0,-0.0,-0.0,-0.0,-0.0,0.0,-0.0,-0.0,0.0,-0.0,-0.0,-0.0,-0.0,0.0,-0.0,-0.0,-0.0,-0.0,0.0,-0.0,-0.0,-0.0,-0.0,-0.0,-0.0,0.0,-0.0,0.0,-0.0,0.0,-0.0,0.0,-0.0,-0.0,-0.0,-0.0,-0.0,-0.0,-0.0,0.0,-0.0,-0.0,-0.0,0.0,-0.0,-0.0,-0.0,-0.0,0.0,-0.0,-0.0,-0.0,-0.0,0.0,-0.0,-0.0,-0.0,-0.0,-0.0,-0.0,-0.0,-0.0,-0.0,-0.0,-0.0,-0.0,-0.0,-0.0
2017-05-29 20:27:00+02:00,0.0,0.0,-0.0,-0.0,-0.0,-0.0,-0.0,-0.0,-0.0,-0.0,-0.0,0.0,-0.0,-0.0,-0.0,-0.0,-0.0,0.0,-0.0,-0.0,0.0,-0.0,-0.0,0.0,-0.0,-0.0,-0.0,0.0,-0.0,-0.0,-0.0,-0.0,0.0,-0.0,-0.0,0.0,-0.0,-0.0,0.0,-0.0,-0.0,0.0,-0.0,0.0,-0.0,-0.0,-0.0,-0.0,-0.0,0.0,-0.0,-0.0,-0.0,-0.0,-0.0,0.0,-0.0,-0.0,0.0,-0.0,-0.0,-0.0,-0.0,0.0,-0.0,-0.0,-0.0,-0.0,0.0,-0.0,-0.0,-0.0,-0.0,-0.0,-0.0,0.0,-0.0,0.0,-0.0,0.0,-0.0,0.0,-0.0,-0.0,-0.0,-0.0,-0.0,-0.0,-0.0,0.0,-0.0,-0.0,-0.0,0.0,-0.0,-0.0,-0.0,-0.0,0.0,-0.0,-0.0,-0.0,-0.0,0.0,-0.0,-0.0,-0.0,-0.0,-0.0,-0.0,-0.0,-0.0,-0.0,-0.0,-0.0,-0.0,-0.0,-0.0
2017-05-29 20:28:00+02:00,0.0,0.0,-0.0,-0.0,-0.0,-0.0,-0.0,-0.0,-0.0,-0.0,-0.0,0.0,-0.0,-0.0,-0.0,-0.0,-0.0,0.0,-0.0,-0.0,0.0,-0.0,-0.0,0.0,-0.0,-0.0,-0.0,0.0,-0.0,-0.0,-0.0,-0.0,0.0,-0.0,-0.0,0.0,-0.0,-0.0,0.0,-0.0,-0.0,0.0,-0.0,0.0,-0.0,-0.0,-0.0,-0.0,-0.0,0.0,-0.0,-0.0,-0.0,-0.0,-0.0,0.0,-0.0,-0.0,0.0,-0.0,-0.0,-0.0,-0.0,0.0,-0.0,-0.0,-0.0,-0.0,0.0,-0.0,-0.0,-0.0,-0.0,-0.0,-0.0,0.0,-0.0,0.0,-0.0,0.0,-0.0,0.0,-0.0,-0.0,-0.0,-0.0,-0.0,-0.0,-0.0,0.0,-0.0,-0.0,-0.0,0.0,-0.0,-0.0,-0.0,-0.0,0.0,-0.0,-0.0,-0.0,-0.0,0.0,-0.0,-0.0,-0.0,-0.0,-0.0,-0.0,-0.0,-0.0,-0.0,-0.0,-0.0,-0.0,-0.0,-0.0
2017-05-29 20:29:00+02:00,0.0,0.0,-0.0,-0.0,-0.0,-0.0,-0.0,-0.0,-0.0,-0.0,-0.0,0.0,-0.0,-0.0,-0.0,-0.0,-0.0,0.0,-0.0,-0.0,0.0,-0.0,-0.0,0.0,-0.0,-0.0,-0.0,0.0,-0.0,-0.0,-0.0,-0.0,0.0,-0.0,-0.0,0.0,-0.0,-0.0,0.0,-0.0,-0.0,0.0,-0.0,0.0,-0.0,-0.0,-0.0,-0.0,-0.0,0.0,-0.0,-0.0,-0.0,-0.0,-0.0,0.0,-0.0,-0.0,0.0,-0.0,-0.0,-0.0,-0.0,0.0,-0.0,-0.0,-0.0,-0.0,0.0,-0.0,-0.0,-0.0,-0.0,-0.0,-0.0,0.0,-0.0,0.0,-0.0,0.0,-0.0,0.0,-0.0,-0.0,-0.0,-0.0,-0.0,-0.0,-0.0,0.0,-0.0,-0.0,-0.0,0.0,-0.0,-0.0,-0.0,-0.0,0.0,-0.0,-0.0,-0.0,-0.0,0.0,-0.0,-0.0,-0.0,-0.0,-0.0,-0.0,-0.0,-0.0,-0.0,-0.0,-0.0,-0.0,-0.0,-0.0
2017-05-29 20:30:00+02:00,0.0,0.0,-0.0,-0.0,-0.0,-0.0,-0.0,-0.0,-0.0,-0.0,-0.0,0.0,-0.0,-0.0,-0.0,-0.0,-0.0,0.0,-0.0,-0.0,0.0,-0.0,-0.0,0.0,-0.0,-0.0,-0.0,0.0,-0.0,-0.0,-0.0,-0.0,0.0,-0.0,-0.0,0.0,-0.0,-0.0,0.0,-0.0,-0.0,0.0,-0.0,0.0,-0.0,-0.0,-0.0,-0.0,-0.0,0.0,-0.0,-0.0,-0.0,-0.0,-0.0,0.0,-0.0,-0.0,0.0,-0.0,-0.0,-0.0,-0.0,0.0,-0.0,-0.0,-0.0,-0.0,0.0,-0.0,-0.0,-0.0,-0.0,-0.0,-0.0,0.0,-0.0,0.0,-0.0,0.0,-0.0,0.0,-0.0,-0.0,-0.0,-0.0,-0.0,-0.0,-0.0,0.0,-0.0,-0.0,-0.0,0.0,-0.0,-0.0,-0.0,-0.0,0.0,-0.0,-0.0,-0.0,-0.0,0.0,-0.0,-0.0,-0.0,-0.0,-0.0,-0.0,-0.0,-0.0,-0.0,-0.0,-0.0,-0.0,-0.0,-0.0
2017-05-29 20:31:00+02:00,0.0,0.0,-0.0,-0.0,-0.0,-0.0,-0.0,-0.0,-0.0,-0.0,-0.0,0.0,-0.0,-0.0,-0.0,-0.0,-0.0,0.0,-0.0,-0.0,0.0,-0.0,-0.0,0.0,-0.0,-0.0,-0.0,0.0,-0.0,-0.0,-0.0,-0.0,0.0,-0.0,-0.0,0.0,-0.0,-0.0,0.0,-0.0,-0.0,0.0,-0.0,0.0,-0.0,-0.0,-0.0,-0.0,-0.0,0.0,-0.0,-0.0,-0.0,-0.0,-0.0,0.0,-0.0,-0.0,0.0,-0.0,-0.0,-0.0,-0.0,0.0,-0.0,-0.0,-0.0,-0.0,0.0,-0.0,-0.0,-0.0,-0.0,-0.0,-0.0,0.0,-0.0,0.0,-0.0,0.0,-0.0,0.0,-0.0,-0.0,-0.0,-0.0,-0.0,-0.0,-0.0,0.0,-0.0,-0.0,-0.0,0.0,-0.0,-0.0,-0.0,-0.0,0.0,-0.0,-0.0,-0.0,-0.0,0.0,-0.0,-0.0,-0.0,-0.0,-0.0,-0.0,-0.0,-0.0,-0.0,-0.0,-0.0,-0.0,-0.0,-0.0
2017-05-29 20:32:00+02:00,0.0,0.0,-0.0,-0.0,-0.0,-0.0,-0.0,-0.0,-0.0,-0.0,-0.0,0.0,-0.0,-0.0,-0.0,-0.0,-0.0,0.0,-0.0,-0.0,0.0,-0.0,-0.0,0.0,-0.0,-0.0,-0.0,0.0,-0.0,-0.0,-0.0,-0.0,0.0,-0.0,-0.0,0.0,-0.0,-0.0,0.0,-0.0,-0.0,0.0,-0.0,0.0,-0.0,-0.0,-0.0,-0.0,-0.0,0.0,-0.0,-0.0,-0.0,-0.0,-0.0,0.0,-0.0,-0.0,0.0,-0.0,-0.0,-0.0,-0.0,0.0,-0.0,-0.0,-0.0,-0.0,0.0,-0.0,-0.0,-0.0,-0.0,-0.0,-0.0,0.0,-0.0,0.0,-0.0,0.0,-0.0,0.0,-0.0,-0.0,-0.0,-0.0,-0.0,-0.0,-0.0,0.0,-0.0,-0.0,-0.0,0.0,-0.0,-0.0,-0.0,-0.0,0.0,-0.0,-0.0,-0.0,-0.0,0.0,-0.0,-0.0,-0.0,-0.0,-0.0,-0.0,-0.0,-0.0,-0.0,-0.0,-0.0,-0.0,-0.0,-0.0
2017-05-29 20:33:00+02:00,0.0,0.0,-0.0,-0.0,-0.0,-0.0,-0.0,-0.0,-0.0,-0.0,-0.0,0.0,-0.0,-0.0,-0.0,-0.0,-0.0,0.0,-0.0,-0.0,0.0,-0.0,-0.0,0.0,-0.0,-0.0,-0.0,0.0,-0.0,-0.0,-0.0,-0.0,0.0,-0.0,-0.0,0.0,-0.0,-0.0,0.0,-0.0,-0.0,0.0,-0.0,0.0,-0.0,-0.0,-0.0,-0.0,-0.0,0.0,-0.0,-0.0,-0.0,-0.0,-0.0,0.0,-0.0,-0.0,0.0,-0.0,-0.0,-0.0,-0.0,0.0,-0.0,-0.0,-0.0,-0.0,0.0,-0.0,-0.0,-0.0,-0.0,-0.0,-0.0,0.0,-0.0,0.0,-0.0,0.0,-0.0,0.0,-0.0,-0.0,-0.0,-0.0,-0.0,-0.0,-0.0,0.0,-0.0,-0.0,-0.0,0.0,-0.0,-0.0,-0.0,-0.0,0.0,-0.0,-0.0,-0.0,-0.0,0.0,-0.0,-0.0,-0.0,-0.0,-0.0,-0.0,-0.0,-0.0,-0.0,-0.0,-0.0,-0.0,-0.0,-0.0
2017-05-29 20:34:00+02:00,0.0,0.0,-0.0,-0.0,-0.0,-0.0,-0.0,-0.0,-0.0,-0.0,-0.0,0.0,-0.0,-0.0,-0.0,-0.0,-0.0,0.0,-0.0,-0.0,0.0,-0.0,-0.0,0.0,-0.0,-0.0,-0.0,0.0,-0.0,-0.0,-0.0,-0.0,0.0,-0.0,-0.0,0.0,-0.0,-0.0,0.0,-0.0,-0.0,0.0,-0.0,0.0,-0.0,-0.0,-0.0,-0.0,-0.0,0.0,-0.0,-0.0,-0.0,-0.0,-0.0,0.0,-0.0,-0.0,0.0,-0.0,-0.0,-0.0,-0.0,0.0,-0.0,-0.0,-0.0,-0.0,0.0,-0.0,-0.0,-0.0,-0.0,-0.0,-0.0,0.0,-0.0,0.0,-0.0,0.0,-0.0,0.0,-0.0,-0.0,-0.0,-0.0,-0.0,-0.0,-0.0,0.0,-0.0,-0.0,-0.0,0.0,-0.0,-0.0,-0.0,-0.0,0.0,-0.0,-0.0,-0.0,-0.0,0.0,-0.0,-0.0,-0.0,-0.0,-0.0,-0.0,-0.0,-0.0,-0.0,-0.0,-0.0,-0.0,-0.0,-0.0
2017-05-29 20:35:00+02:00,0.0,0.0,-0.0,-0.0,-0.0,-0.0,-0.0,-0.0,-0.0,-0.0,-0.0,0.0,-0.0,-0.0,-0.0,-0.0,-0.0,0.0,-0.0,-0.0,0.0,-0.0,-0.0,0.0,-0.0,-0.0,-0.0,0.0,-0.0,-0.0,-0.0,-0.0,0.0,-0.0,-0.0,0.0,-0.0,-0.0,0.0,-0.0,-0.0,0.0,-0.0,0.0,-0.0,-0.0,-0.0,-0.0,-0.0,0.0,-0.0,-0.0,-0.0,-0.0,-0.0,0.0,-0.0,-0.0,0.0,-0.0,-0.0,-0.0,-0.0,0.0,-0.0,-0.0,-0.0,-0.0,0.0,-0.0,-0.0,-0.0,-0.0,-0.0,-0.0,0.0,-0.0,0.0,-0.0,0.0,-0.0,0.0,-0.0,-0.0,-0.0,-0.0,-0.0,-0.0,-0.0,0.0,-0.0,-0.0,-0.0,0.0,-0.0,-0.0,-0.0,-0.0,0.0,-0.0,-0.0,-0.0,-0.0,0.0,-0.0,-0.0,-0.0,-0.0,-0.0,-0.0,-0.0,-0.0,-0.0,-0.0,-0.0,-0.0,-0.0,-0.0
2017-05-29 20:36:00+02:00,0.0,0.0,-0.0,-0.0,-0.0,-0.0,-0.0,-0.0,-0.0,-0.0,-0.0,0.0,-0.0,-0.0,-0.0,-0.0,-0.0,0.0,-0.0,-0.0,0.0,-0.0,-0.0,0.0,-0.0,-0.0,-0.0,0.0,-0.0,-0.0,-0.0,-0.0,0.0,-0.0,-0.0,0.0,-0.0,-0.0,0.0,-0.0,-0.0,0.0,-0.0,0.0,-0.0,-0.0,-0.0,-0.0,-0.0,0.0,-0.0,-0.0,-0.0,-0.0,-0.0,0.0,-0.0,-0.0,0.0,-0.0,-0.0,-0.0,-0.0,0.0,-0.0,-0.0,-0.0,-0.0,0.0,-0.0,-0.0,-0.0,-0.0,-0.0,-0.0,0.0,-0.0,0.0,-0.0,0.0,-0.0,0.0,-0.0,-0.0,-0.0,-0.0,-0.0,-0.0,-0.0,0.0,-0.0,-0.0,-0.0,0.0,-0.0,-0.0,-0.0,-0.0,0.0,-0.0,-0.0,-0.0,-0.0,0.0,-0.0,-0.0,-0.0,-0.0,-0.0,-0.0,-0.0,-0.0,-0.0,-0.0,-0.0,-0.0,-0.0,-0.0
2017-05-29 20:37:00+02:00,0.0,0.0,-0.0,-0.0,-0.0,-0.0,-0.0,-0.0,-0.0,-0.0,-0.0,0.0,-0.0,-0.0,-0.0,-0.0,-0.0,0.0,-0.0,-0.0,0.0,-0.0,-0.0,0.0,-0.0,-0.0,-0.0,0.0,-0.0,-0.0,-0.0,-0.0,0.0,-0.0,-0.0,0.0,-0.0,-0.0,0.0,-0.0,-0.0,0.0,-0.0,0.0,-0.0,-0.0,-0.0,-0.0,-0.0,0.0,-0.0,-0.0,-0.0,-0.0,-0.0,0.0,-0.0,-0.0,0.0,-0.0,-0.0,-0.0,-0.0,0.0,-0.0,-0.0,-0.0,-0.0,0.0,-0.0,-0.0,-0.0,-0.0,-0.0,-0.0,0.0,-0.0,0.0,-0.0,0.0,-0.0,0.0,-0.0,-0.0,-0.0,-0.0,-0.0,-0.0,-0.0,0.0,-0.0,-0.0,-0.0,0.0,-0.0,-0.0,-0.0,-0.0,0.0,-0.0,-0.0,-0.0,-0.0,0.0,-0.0,-0.0,-0.0,-0.0,-0.0,-0.0,-0.0,-0.0,-0.0,-0.0,-0.0,-0.0,-0.0,-0.0
2017-05-29 20:38:00+02:00,0.0,0.0,-0.0,-0.0,-0.0,-0.0,-0.0,-0.0,-0.0,-0.0,-0.0,0.0,-0.0,-0.0,-0.0,-0.0,-0.0,0.0,-0.0,-0.0,0.0,-0.0,-0.0,0.0,-0.0,-0.0,-0.0,0.0,-0.0,-0.0,-0.0,-0.0,0.0,-0.0,-0.0,0.0,-0.0,-0.0,0.0,-0.0,-0.0,0.0,-0.0,0.0,-0.0,-0.0,-0.0,-0.0,-0.0,0.0,-0.0,-0.0,-0.0,-0.0,-0.0,0.0,-0.0,-0.0,0.0,-0.0,-0.0,-0.0,-0.0,0.0,-0.0,-0.0,-0.0,-0.0,0.0,-0.0,-0.0,-0.0,-0.0,-0.0,-0.0,0.0,-0.0,0.0,-0.0,0.0,-0.0,0.0,-0.0,-0.0,-0.0,-0.0,-0.0,-0.0,-0.0,0.0,-0.0,-0.0,-0.0,0.0,-0.0,-0.0,-0.0,-0.0,0.0,-0.0,-0.0,-0.0,-0.0,0.0,-0.0,-0.0,-0.0,-0.0,-0.0,-0.0,-0.0,-0.0,-0.0,-0.0,-0.0,-0.0,-0.0,-0.0
2017-05-29 20:39:00+02:00,0.0,0.0,-0.0,-0.0,-0.0,-0.0,-0.0,-0.0,-0.0,-0.0,-0.0,0.0,-0.0,-0.0,-0.0,-0.0,-0.0,0.0,-0.0,-0.0,0.0,-0.0,-0.0,0.0,-0.0,-0.0,-0.0,0.0,-0.0,-0.0,-0.0,-0.0,0.0,-0.0,-0.0,0.0,-0.0,-0.0,0.0,-0.0,-0.0,0.0,-0.0,0.0,-0.0,-0.0,-0.0,-0.0,-0.0,0.0,-0.0,-0.0,-0.0,-0.0,-0.0,0.0,-0.0,-0.0,0.0,-0.0,-0.0,-0.0,-0.0,0.0,-0.0,-0.0,-0.0,-0.0,0.0,-0.0,-0.0,-0.0,-0.0,-0.0,-0.0,0.0,-0.0,0.0,-0.0,0.0,-0.0,0.0,-0.0,-0.0,-0.0,-0.0,-0.0,-0.0,-0.0,0.0,-0.0,-0.0,-0.0,0.0,-0.0,-0.0,-0.0,-0.0,0.0,-0.0,-0.0,-0.0,-0.0,0.0,-0.0,-0.0,-0.0,-0.0,-0.0,-0.0,-0.0,-0.0,-0.0,-0.0,-0.0,-0.0,-0.0,-0.0
2017-05-29 20:40:00+02:00,0.0,0.0,-0.0,-0.0,-0.0,-0.0,-0.0,-0.0,-0.0,-0.0,-0.0,0.0,-0.0,-0.0,-0.0,-0.0,-0.0,0.0,-0.0,-0.0,0.0,-0.0,-0.0,0.0,-0.0,-0.0,-0.0,0.0,-0.0,-0.0,-0.0,-0.0,0.0,-0.0,-0.0,0.0,-0.0,-0.0,0.0,-0.0,-0.0,0.0,-0.0,0.0,-0.0,-0.0,-0.0,-0.0,-0.0,0.0,-0.0,-0.0,-0.0,-0.0,-0.0,0.0,-0.0,-0.0,0.0,-0.0,-0.0,-0.0,-0.0,0.0,-0.0,-0.0,-0.0,-0.0,0.0,-0.0,-0.0,-0.0,-0.0,-0.0,-0.0,0.0,-0.0,0.0,-0.0,0.0,-0.0,0.0,-0.0,-0.0,-0.0,-0.0,-0.0,-0.0,-0.0,0.0,-0.0,-0.0,-0.0,0.0,-0.0,-0.0,-0.0,-0.0,0.0,-0.0,-0.0,-0.0,-0.0,0.0,-0.0,-0.0,-0.0,-0.0,-0.0,-0.0,-0.0,-0.0,-0.0,-0.0,-0.0,-0.0,-0.0,-0.0
2017-05-29 20:41:00+02:00,0.0,0.0,-0.0,-0.0,-0.0,-0.0,-0.0,-0.0,-0.0,-0.0,-0.0,0.0,-0.0,-0.0,-0.0,-0.0,-0.0,0.0,-0.0,-0.0,0.0,-0.0,-0.0,0.0,-0.0,-0.0,-0.0,0.0,-0.0,-0.0,-0.0,-0.0,0.0,-0.0,-0.0,0.0,-0.0,-0.0,0.0,-0.0,-0.0,0.0,-0.0,0.0,-0.0,-0.0,-0.0,-0.0,-0.0,0.0,-0.0,-0.0,-0.0,-0.0,-0.0,0.0,-0.0,-0.0,0.0,-0.0,-0.0,-0.0,-0.0,0.0,-0.0,-0.0,-0.0,-0.0,0.0,-0.0,-0.0,-0.0,-0.0,-0.0,-0.0,0.0,-0.0,0.0,-0.0,0.0,-0.0,0.0,-0.0,-0.0,-0.0,-0.0,-0.0,-0.0,-0.0,0.0,-0.0,-0.0,-0.0,0.0,-0.0,-0.0,-0.0,-0.0,0.0,-0.0,-0.0,-0.0,-0.0,0.0,-0.0,-0.0,-0.0,-0.0,-0.0,-0.0,-0.0,-0.0,-0.0,-0.0,-0.0,-0.0,-0.0,-0.0
2017-05-29 20:42:00+02:00,0.0,0.0,-0.0,-0.0,-0.0,-0.0,-0.0,-0.0,-0.0,-0.0,-0.0,0.0,-0.0,-0.0,-0.0,-0.0,-0.0,0.0,-0.0,-0.0,0.0,-0.0,-0.0,0.0,-0.0,-0.0,-0.0,0.0,-0.0,-0.0,-0.0,-0.0,0.0,-0.0,-0.0,0.0,-0.0,-0.0,0.0,-0.0,-0.0,0.0,-0.0,0.0,-0.0,-0.0,-0.0,-0.0,-0.0,0.0,-0.0,-0.0,-0.0,-0.0,-0.0,0.0,-0.0,-0.0,0.0,-0.0,-0.0,-0.0,-0.0,0.0,-0.0,-0.0,-0.0,-0.0,0.0,-0.0,-0.0,-0.0,-0.0,-0.0,-0.0,0.0,-0.0,0.0,-0.0,0.0,-0.0,0.0,-0.0,-0.0,-0.0,-0.0,-0.0,-0.0,-0.0,0.0,-0.0,-0.0,-0.0,0.0,-0.0,-0.0,-0.0,-0.0,0.0,-0.0,-0.0,-0.0,-0.0,0.0,-0.0,-0.0,-0.0,-0.0,-0.0,-0.0,-0.0,-0.0,-0.0,-0.0,-0.0,-0.0,-0.0,-0.0
2017-05-29 20:43:00+02:00,0.0,0.0,-0.0,-0.0,-0.0,-0.0,-0.0,-0.0,-0.0,-0.0,-0.0,0.0,-0.0,-0.0,-0.0,-0.0,-0.0,0.0,-0.0,-0.0,0.0,-0.0,-0.0,0.0,-0.0,-0.0,-0.0,0.0,-0.0,-0.0,-0.0,-0.0,0.0,-0.0,-0.0,0.0,-0.0,-0.0,0.0,-0.0,-0.0,0.0,-0.0,0.0,-0.0,-0.0,-0.0,-0.0,-0.0,0.0,-0.0,-0.0,-0.0,-0.0,-0.0,0.0,-0.0,-0.0,0.0,-0.0,-0.0,-0.0,-0.0,0.0,-0.0,-0.0,-0.0,-0.0,0.0,-0.0,-0.0,-0.0,-0.0,-0.0,-0.0,0.0,-0.0,0.0,-0.0,0.0,-0.0,0.0,-0.0,-0.0,-0.0,-0.0,-0.0,-0.0,-0.0,0.0,-0.0,-0.0,-0.0,0.0,-0.0,-0.0,-0.0,-0.0,0.0,-0.0,-0.0,-0.0,-0.0,0.0,-0.0,-0.0,-0.0,-0.0,-0.0,-0.0,-0.0,-0.0,-0.0,-0.0,-0.0,-0.0,-0.0,-0.0
2017-05-29 20:44:00+02:00,0.0,0.0,0.0,0.0,0.0,0.0,0.0,0.0,0.0,0.0,0.0,0.0,0.0,0.0,0.0,0.0,0.0,0.0,0.0,0.0,0.0,0.0,0.0,0.0,0.0,0.0,0.0,0.0,0.0,0.0,0.0,0.0,0.0,0.0,0.0,0.0,0.0,0.0,0.0,0.0,0.0,0.0,0.0,0.0,0.0,0.0,0.0,0.0,0.0,0.0,0.0,0.0,0.0,0.0,0.0,0.0,0.0,0.0,0.0,0.0,0.0,0.0,0.0,0.0,0.0,0.0,0.0,0.0,0.0,0.0,0.0,0.0,0.0,0.0,0.0,0.0,0.0,0.0,0.0,0.0,0.0,0.0,0.0,0.0,0.0,0.0,0.0,0.0,0.0,0.0,0.0,0.0,0.0,0.0,0.0,0.0,0.0,0.0,0.0,0.0,0.0,0.0,0.0,0.0,0.0,0.0,0.0,0.0,0.0,0.0,0.0,0.0,0.0,0.0,0.0,0.0,0.0,0.0
2017-05-29 20:45:00+02:00,0.0,0.0,0.0,0.0,0.0,0.0,0.0,0.0,0.0,0.0,0.0,0.0,0.0,0.0,0.0,0.0,0.0,0.0,0.0,0.0,0.0,0.0,0.0,0.0,0.0,0.0,0.0,0.0,0.0,0.0,0.0,0.0,0.0,0.0,0.0,0.0,0.0,0.0,0.0,0.0,0.0,0.0,0.0,0.0,0.0,0.0,0.0,0.0,0.0,0.0,0.0,0.0,0.0,0.0,0.0,0.0,0.0,0.0,0.0,0.0,0.0,0.0,0.0,0.0,0.0,0.0,0.0,0.0,0.0,0.0,0.0,0.0,0.0,0.0,0.0,0.0,0.0,0.0,0.0,0.0,0.0,0.0,0.0,0.0,0.0,0.0,0.0,0.0,0.0,0.0,0.0,0.0,0.0,0.0,0.0,0.0,0.0,0.0,0.0,0.0,0.0,0.0,0.0,0.0,0.0,0.0,0.0,0.0,0.0,0.0,0.0,0.0,0.0,0.0,0.0,0.0,0.0,0.0
2017-05-29 20:46:00+02:00,0.0,0.0,0.0,0.0,0.0,0.0,0.0,0.0,0.0,0.0,0.0,0.0,0.0,0.0,0.0,0.0,0.0,0.0,0.0,0.0,0.0,0.0,0.0,0.0,0.0,0.0,0.0,0.0,0.0,0.0,0.0,0.0,0.0,0.0,0.0,0.0,0.0,0.0,0.0,0.0,0.0,0.0,0.0,0.0,0.0,0.0,0.0,0.0,0.0,0.0,0.0,0.0,0.0,0.0,0.0,0.0,0.0,0.0,0.0,0.0,0.0,0.0,0.0,0.0,0.0,0.0,0.0,0.0,0.0,0.0,0.0,0.0,0.0,0.0,0.0,0.0,0.0,0.0,0.0,0.0,0.0,0.0,0.0,0.0,0.0,0.0,0.0,0.0,0.0,0.0,0.0,0.0,0.0,0.0,0.0,0.0,0.0,0.0,0.0,0.0,0.0,0.0,0.0,0.0,0.0,0.0,0.0,0.0,0.0,0.0,0.0,0.0,0.0,0.0,0.0,0.0,0.0,0.0
2017-05-29 20:47:00+02:00,0.0,0.0,0.0,0.0,0.0,0.0,0.0,0.0,0.0,0.0,0.0,0.0,0.0,0.0,0.0,0.0,0.0,0.0,0.0,0.0,0.0,0.0,0.0,0.0,0.0,0.0,0.0,0.0,0.0,0.0,0.0,0.0,0.0,0.0,0.0,0.0,0.0,0.0,0.0,0.0,0.0,0.0,0.0,0.0,0.0,0.0,0.0,0.0,0.0,0.0,0.0,0.0,0.0,0.0,0.0,0.0,0.0,0.0,0.0,0.0,0.0,0.0,0.0,0.0,0.0,0.0,0.0,0.0,0.0,0.0,0.0,0.0,0.0,0.0,0.0,0.0,0.0,0.0,0.0,0.0,0.0,0.0,0.0,0.0,0.0,0.0,0.0,0.0,0.0,0.0,0.0,0.0,0.0,0.0,0.0,0.0,0.0,0.0,0.0,0.0,0.0,0.0,0.0,0.0,0.0,0.0,0.0,0.0,0.0,0.0,0.0,0.0,0.0,0.0,0.0,0.0,0.0,0.0
2017-05-29 20:48:00+02:00,0.0,0.0,0.0,0.0,0.0,0.0,0.0,0.0,0.0,0.0,0.0,0.0,0.0,0.0,0.0,0.0,0.0,0.0,0.0,0.0,0.0,0.0,0.0,0.0,0.0,0.0,0.0,0.0,0.0,0.0,0.0,0.0,0.0,0.0,0.0,0.0,0.0,0.0,0.0,0.0,0.0,0.0,0.0,0.0,0.0,0.0,0.0,0.0,0.0,0.0,0.0,0.0,0.0,0.0,0.0,0.0,0.0,0.0,0.0,0.0,0.0,0.0,0.0,0.0,0.0,0.0,0.0,0.0,0.0,0.0,0.0,0.0,0.0,0.0,0.0,0.0,0.0,0.0,0.0,0.0,0.0,0.0,0.0,0.0,0.0,0.0,0.0,0.0,0.0,0.0,0.0,0.0,0.0,0.0,0.0,0.0,0.0,0.0,0.0,0.0,0.0,0.0,0.0,0.0,0.0,0.0,0.0,0.0,0.0,0.0,0.0,0.0,0.0,0.0,0.0,0.0,0.0,0.0
2017-05-29 20:49:00+02:00,0.0,0.0,0.0,0.0,0.0,0.0,0.0,0.0,0.0,0.0,0.0,0.0,0.0,0.0,0.0,0.0,0.0,0.0,0.0,0.0,0.0,0.0,0.0,0.0,0.0,0.0,0.0,0.0,0.0,0.0,0.0,0.0,0.0,0.0,0.0,0.0,0.0,0.0,0.0,0.0,0.0,0.0,0.0,0.0,0.0,0.0,0.0,0.0,0.0,0.0,0.0,0.0,0.0,0.0,0.0,0.0,0.0,0.0,0.0,0.0,0.0,0.0,0.0,0.0,0.0,0.0,0.0,0.0,0.0,0.0,0.0,0.0,0.0,0.0,0.0,0.0,0.0,0.0,0.0,0.0,0.0,0.0,0.0,0.0,0.0,0.0,0.0,0.0,0.0,0.0,0.0,0.0,0.0,0.0,0.0,0.0,0.0,0.0,0.0,0.0,0.0,0.0,0.0,0.0,0.0,0.0,0.0,0.0,0.0,0.0,0.0,0.0,0.0,0.0,0.0,0.0,0.0,0.0
2017-05-29 20:50:00+02:00,0.0,0.0,0.0,0.0,0.0,0.0,0.0,0.0,0.0,0.0,0.0,0.0,0.0,0.0,0.0,0.0,0.0,0.0,0.0,0.0,0.0,0.0,0.0,0.0,0.0,0.0,0.0,0.0,0.0,0.0,0.0,0.0,0.0,0.0,0.0,0.0,0.0,0.0,0.0,0.0,0.0,0.0,0.0,0.0,0.0,0.0,0.0,0.0,0.0,0.0,0.0,0.0,0.0,0.0,0.0,0.0,0.0,0.0,0.0,0.0,0.0,0.0,0.0,0.0,0.0,0.0,0.0,0.0,0.0,0.0,0.0,0.0,0.0,0.0,0.0,0.0,0.0,0.0,0.0,0.0,0.0,0.0,0.0,0.0,0.0,0.0,0.0,0.0,0.0,0.0,0.0,0.0,0.0,0.0,0.0,0.0,0.0,0.0,0.0,0.0,0.0,0.0,0.0,0.0,0.0,0.0,0.0,0.0,0.0,0.0,0.0,0.0,0.0,0.0,0.0,0.0,0.0,0.0
2017-05-29 20:51:00+02:00,0.0,0.0,0.0,0.0,0.0,0.0,0.0,0.0,0.0,0.0,0.0,0.0,0.0,0.0,0.0,0.0,0.0,0.0,0.0,0.0,0.0,0.0,0.0,0.0,0.0,0.0,0.0,0.0,0.0,0.0,0.0,0.0,0.0,0.0,0.0,0.0,0.0,0.0,0.0,0.0,0.0,0.0,0.0,0.0,0.0,0.0,0.0,0.0,0.0,0.0,0.0,0.0,0.0,0.0,0.0,0.0,0.0,0.0,0.0,0.0,0.0,0.0,0.0,0.0,0.0,0.0,0.0,0.0,0.0,0.0,0.0,0.0,0.0,0.0,0.0,0.0,0.0,0.0,0.0,0.0,0.0,0.0,0.0,0.0,0.0,0.0,0.0,0.0,0.0,0.0,0.0,0.0,0.0,0.0,0.0,0.0,0.0,0.0,0.0,0.0,0.0,0.0,0.0,0.0,0.0,0.0,0.0,0.0,0.0,0.0,0.0,0.0,0.0,0.0,0.0,0.0,0.0,0.0
2017-05-29 20:52:00+02:00,0.0,0.0,0.0,0.0,0.0,0.0,0.0,0.0,0.0,0.0,0.0,0.0,0.0,0.0,0.0,0.0,0.0,0.0,0.0,0.0,0.0,0.0,0.0,0.0,0.0,0.0,0.0,0.0,0.0,0.0,0.0,0.0,0.0,0.0,0.0,0.0,0.0,0.0,0.0,0.0,0.0,0.0,0.0,0.0,0.0,0.0,0.0,0.0,0.0,0.0,0.0,0.0,0.0,0.0,0.0,0.0,0.0,0.0,0.0,0.0,0.0,0.0,0.0,0.0,0.0,0.0,0.0,0.0,0.0,0.0,0.0,0.0,0.0,0.0,0.0,0.0,0.0,0.0,0.0,0.0,0.0,0.0,0.0,0.0,0.0,0.0,0.0,0.0,0.0,0.0,0.0,0.0,0.0,0.0,0.0,0.0,0.0,0.0,0.0,0.0,0.0,0.0,0.0,0.0,0.0,0.0,0.0,0.0,0.0,0.0,0.0,0.0,0.0,0.0,0.0,0.0,0.0,0.0
2017-05-29 20:53:00+02:00,0.0,0.0,0.0,0.0,0.0,0.0,0.0,0.0,0.0,0.0,0.0,0.0,0.0,0.0,0.0,0.0,0.0,0.0,0.0,0.0,0.0,0.0,0.0,0.0,0.0,0.0,0.0,0.0,0.0,0.0,0.0,0.0,0.0,0.0,0.0,0.0,0.0,0.0,0.0,0.0,0.0,0.0,0.0,0.0,0.0,0.0,0.0,0.0,0.0,0.0,0.0,0.0,0.0,0.0,0.0,0.0,0.0,0.0,0.0,0.0,0.0,0.0,0.0,0.0,0.0,0.0,0.0,0.0,0.0,0.0,0.0,0.0,0.0,0.0,0.0,0.0,0.0,0.0,0.0,0.0,0.0,0.0,0.0,0.0,0.0,0.0,0.0,0.0,0.0,0.0,0.0,0.0,0.0,0.0,0.0,0.0,0.0,0.0,0.0,0.0,0.0,0.0,0.0,0.0,0.0,0.0,0.0,0.0,0.0,0.0,0.0,0.0,0.0,0.0,0.0,0.0,0.0,0.0
2017-05-29 20:54:00+02:00,0.0,0.0,0.0,0.0,0.0,0.0,0.0,0.0,0.0,0.0,0.0,0.0,0.0,0.0,0.0,0.0,0.0,0.0,0.0,0.0,0.0,0.0,0.0,0.0,0.0,0.0,0.0,0.0,0.0,0.0,0.0,0.0,0.0,0.0,0.0,0.0,0.0,0.0,0.0,0.0,0.0,0.0,0.0,0.0,0.0,0.0,0.0,0.0,0.0,0.0,0.0,0.0,0.0,0.0,0.0,0.0,0.0,0.0,0.0,0.0,0.0,0.0,0.0,0.0,0.0,0.0,0.0,0.0,0.0,0.0,0.0,0.0,0.0,0.0,0.0,0.0,0.0,0.0,0.0,0.0,0.0,0.0,0.0,0.0,0.0,0.0,0.0,0.0,0.0,0.0,0.0,0.0,0.0,0.0,0.0,0.0,0.0,0.0,0.0,0.0,0.0,0.0,0.0,0.0,0.0,0.0,0.0,0.0,0.0,0.0,0.0,0.0,0.0,0.0,0.0,0.0,0.0,0.0
2017-05-29 20:55:00+02:00,0.0,0.0,0.0,0.0,0.0,0.0,0.0,0.0,0.0,0.0,0.0,0.0,0.0,0.0,0.0,0.0,0.0,0.0,0.0,0.0,0.0,0.0,0.0,0.0,0.0,0.0,0.0,0.0,0.0,0.0,0.0,0.0,0.0,0.0,0.0,0.0,0.0,0.0,0.0,0.0,0.0,0.0,0.0,0.0,0.0,0.0,0.0,0.0,0.0,0.0,0.0,0.0,0.0,0.0,0.0,0.0,0.0,0.0,0.0,0.0,0.0,0.0,0.0,0.0,0.0,0.0,0.0,0.0,0.0,0.0,0.0,0.0,0.0,0.0,0.0,0.0,0.0,0.0,0.0,0.0,0.0,0.0,0.0,0.0,0.0,0.0,0.0,0.0,0.0,0.0,0.0,0.0,0.0,0.0,0.0,0.0,0.0,0.0,0.0,0.0,0.0,0.0,0.0,0.0,0.0,0.0,0.0,0.0,0.0,0.0,0.0,0.0,0.0,0.0,0.0,0.0,0.0,0.0
2017-05-29 20:56:00+02:00,0.0,0.0,0.0,0.0,0.0,0.0,0.0,0.0,0.0,0.0,0.0,0.0,0.0,0.0,0.0,0.0,0.0,0.0,0.0,0.0,0.0,0.0,0.0,0.0,0.0,0.0,0.0,0.0,0.0,0.0,0.0,0.0,0.0,0.0,0.0,0.0,0.0,0.0,0.0,0.0,0.0,0.0,0.0,0.0,0.0,0.0,0.0,0.0,0.0,0.0,0.0,0.0,0.0,0.0,0.0,0.0,0.0,0.0,0.0,0.0,0.0,0.0,0.0,0.0,0.0,0.0,0.0,0.0,0.0,0.0,0.0,0.0,0.0,0.0,0.0,0.0,0.0,0.0,0.0,0.0,0.0,0.0,0.0,0.0,0.0,0.0,0.0,0.0,0.0,0.0,0.0,0.0,0.0,0.0,0.0,0.0,0.0,0.0,0.0,0.0,0.0,0.0,0.0,0.0,0.0,0.0,0.0,0.0,0.0,0.0,0.0,0.0,0.0,0.0,0.0,0.0,0.0,0.0
2017-05-29 20:57:00+02:00,0.0,0.0,0.0,0.0,0.0,0.0,0.0,0.0,0.0,0.0,0.0,0.0,0.0,0.0,0.0,0.0,0.0,0.0,0.0,0.0,0.0,0.0,0.0,0.0,0.0,0.0,0.0,0.0,0.0,0.0,0.0,0.0,0.0,0.0,0.0,0.0,0.0,0.0,0.0,0.0,0.0,0.0,0.0,0.0,0.0,0.0,0.0,0.0,0.0,0.0,0.0,0.0,0.0,0.0,0.0,0.0,0.0,0.0,0.0,0.0,0.0,0.0,0.0,0.0,0.0,0.0,0.0,0.0,0.0,0.0,0.0,0.0,0.0,0.0,0.0,0.0,0.0,0.0,0.0,0.0,0.0,0.0,0.0,0.0,0.0,0.0,0.0,0.0,0.0,0.0,0.0,0.0,0.0,0.0,0.0,0.0,0.0,0.0,0.0,0.0,0.0,0.0,0.0,0.0,0.0,0.0,0.0,0.0,0.0,0.0,0.0,0.0,0.0,0.0,0.0,0.0,0.0,0.0
2017-05-29 20:58:00+02:00,0.0,0.0,0.0,0.0,0.0,0.0,0.0,0.0,0.0,0.0,0.0,0.0,0.0,0.0,0.0,0.0,0.0,0.0,0.0,0.0,0.0,0.0,0.0,0.0,0.0,0.0,0.0,0.0,0.0,0.0,0.0,0.0,0.0,0.0,0.0,0.0,0.0,0.0,0.0,0.0,0.0,0.0,0.0,0.0,0.0,0.0,0.0,0.0,0.0,0.0,0.0,0.0,0.0,0.0,0.0,0.0,0.0,0.0,0.0,0.0,0.0,0.0,0.0,0.0,0.0,0.0,0.0,0.0,0.0,0.0,0.0,0.0,0.0,0.0,0.0,0.0,0.0,0.0,0.0,0.0,0.0,0.0,0.0,0.0,0.0,0.0,0.0,0.0,0.0,0.0,0.0,0.0,0.0,0.0,0.0,0.0,0.0,0.0,0.0,0.0,0.0,0.0,0.0,0.0,0.0,0.0,0.0,0.0,0.0,0.0,0.0,0.0,0.0,0.0,0.0,0.0,0.0,0.0
2017-05-29 20:59:00+02:00,0.0,0.0,0.0,0.0,0.0,0.0,0.0,0.0,0.0,0.0,0.0,0.0,0.0,0.0,0.0,0.0,0.0,0.0,0.0,0.0,0.0,0.0,0.0,0.0,0.0,0.0,0.0,0.0,0.0,0.0,0.0,0.0,0.0,0.0,0.0,0.0,0.0,0.0,0.0,0.0,0.0,0.0,0.0,0.0,0.0,0.0,0.0,0.0,0.0,0.0,0.0,0.0,0.0,0.0,0.0,0.0,0.0,0.0,0.0,0.0,0.0,0.0,0.0,0.0,0.0,0.0,0.0,0.0,0.0,0.0,0.0,0.0,0.0,0.0,0.0,0.0,0.0,0.0,0.0,0.0,0.0,0.0,0.0,0.0,0.0,0.0,0.0,0.0,0.0,0.0,0.0,0.0,0.0,0.0,0.0,0.0,0.0,0.0,0.0,0.0,0.0,0.0,0.0,0.0,0.0,0.0,0.0,0.0,0.0,0.0,0.0,0.0,0.0,0.0,0.0,0.0,0.0,0.0
2017-05-29 21:00:00+02:00,0.0,0.0,0.0,0.0,0.0,0.0,0.0,0.0,0.0,0.0,0.0,0.0,0.0,0.0,0.0,0.0,0.0,0.0,0.0,0.0,0.0,0.0,0.0,0.0,0.0,0.0,0.0,0.0,0.0,0.0,0.0,0.0,0.0,0.0,0.0,0.0,0.0,0.0,0.0,0.0,0.0,0.0,0.0,0.0,0.0,0.0,0.0,0.0,0.0,0.0,0.0,0.0,0.0,0.0,0.0,0.0,0.0,0.0,0.0,0.0,0.0,0.0,0.0,0.0,0.0,0.0,0.0,0.0,0.0,0.0,0.0,0.0,0.0,0.0,0.0,0.0,0.0,0.0,0.0,0.0,0.0,0.0,0.0,0.0,0.0,0.0,0.0,0.0,0.0,0.0,0.0,0.0,0.0,0.0,0.0,0.0,0.0,0.0,0.0,0.0,0.0,0.0,0.0,0.0,0.0,0.0,0.0,0.0,0.0,0.0,0.0,0.0,0.0,0.0,0.0,0.0,0.0,0.0
2017-05-29 21:01:00+02:00,0.0,0.0,0.0,0.0,0.0,0.0,0.0,0.0,0.0,0.0,0.0,0.0,0.0,0.0,0.0,0.0,0.0,0.0,0.0,0.0,0.0,0.0,0.0,0.0,0.0,0.0,0.0,0.0,0.0,0.0,0.0,0.0,0.0,0.0,0.0,0.0,0.0,0.0,0.0,0.0,0.0,0.0,0.0,0.0,0.0,0.0,0.0,0.0,0.0,0.0,0.0,0.0,0.0,0.0,0.0,0.0,0.0,0.0,0.0,0.0,0.0,0.0,0.0,0.0,0.0,0.0,0.0,0.0,0.0,0.0,0.0,0.0,0.0,0.0,0.0,0.0,0.0,0.0,0.0,0.0,0.0,0.0,0.0,0.0,0.0,0.0,0.0,0.0,0.0,0.0,0.0,0.0,0.0,0.0,0.0,0.0,0.0,0.0,0.0,0.0,0.0,0.0,0.0,0.0,0.0,0.0,0.0,0.0,0.0,0.0,0.0,0.0,0.0,0.0,0.0,0.0,0.0,0.0
2017-05-29 21:02:00+02:00,0.0,0.0,0.0,0.0,0.0,0.0,0.0,0.0,0.0,0.0,0.0,0.0,0.0,0.0,0.0,0.0,0.0,0.0,0.0,0.0,0.0,0.0,0.0,0.0,0.0,0.0,0.0,0.0,0.0,0.0,0.0,0.0,0.0,0.0,0.0,0.0,0.0,0.0,0.0,0.0,0.0,0.0,0.0,0.0,0.0,0.0,0.0,0.0,0.0,0.0,0.0,0.0,0.0,0.0,0.0,0.0,0.0,0.0,0.0,0.0,0.0,0.0,0.0,0.0,0.0,0.0,0.0,0.0,0.0,0.0,0.0,0.0,0.0,0.0,0.0,0.0,0.0,0.0,0.0,0.0,0.0,0.0,0.0,0.0,0.0,0.0,0.0,0.0,0.0,0.0,0.0,0.0,0.0,0.0,0.0,0.0,0.0,0.0,0.0,0.0,0.0,0.0,0.0,0.0,0.0,0.0,0.0,0.0,0.0,0.0,0.0,0.0,0.0,0.0,0.0,0.0,0.0,0.0
2017-05-29 21:03:00+02:00,0.0,0.0,0.0,0.0,0.0,0.0,0.0,0.0,0.0,0.0,0.0,0.0,0.0,0.0,0.0,0.0,0.0,0.0,0.0,0.0,0.0,0.0,0.0,0.0,0.0,0.0,0.0,0.0,0.0,0.0,0.0,0.0,0.0,0.0,0.0,0.0,0.0,0.0,0.0,0.0,0.0,0.0,0.0,0.0,0.0,0.0,0.0,0.0,0.0,0.0,0.0,0.0,0.0,0.0,0.0,0.0,0.0,0.0,0.0,0.0,0.0,0.0,0.0,0.0,0.0,0.0,0.0,0.0,0.0,0.0,0.0,0.0,0.0,0.0,0.0,0.0,0.0,0.0,0.0,0.0,0.0,0.0,0.0,0.0,0.0,0.0,0.0,0.0,0.0,0.0,0.0,0.0,0.0,0.0,0.0,0.0,0.0,0.0,0.0,0.0,0.0,0.0,0.0,0.0,0.0,0.0,0.0,0.0,0.0,0.0,0.0,0.0,0.0,0.0,0.0,0.0,0.0,0.0
2017-05-29 21:04:00+02:00,0.0,0.0,0.0,0.0,0.0,0.0,0.0,0.0,0.0,0.0,0.0,0.0,0.0,0.0,0.0,0.0,0.0,0.0,0.0,0.0,0.0,0.0,0.0,0.0,0.0,0.0,0.0,0.0,0.0,0.0,0.0,0.0,0.0,0.0,0.0,0.0,0.0,0.0,0.0,0.0,0.0,0.0,0.0,0.0,0.0,0.0,0.0,0.0,0.0,0.0,0.0,0.0,0.0,0.0,0.0,0.0,0.0,0.0,0.0,0.0,0.0,0.0,0.0,0.0,0.0,0.0,0.0,0.0,0.0,0.0,0.0,0.0,0.0,0.0,0.0,0.0,0.0,0.0,0.0,0.0,0.0,0.0,0.0,0.0,0.0,0.0,0.0,0.0,0.0,0.0,0.0,0.0,0.0,0.0,0.0,0.0,0.0,0.0,0.0,0.0,0.0,0.0,0.0,0.0,0.0,0.0,0.0,0.0,0.0,0.0,0.0,0.0,0.0,0.0,0.0,0.0,0.0,0.0
2017-05-29 21:05:00+02:00,0.0,0.0,0.0,0.0,0.0,0.0,0.0,0.0,0.0,0.0,0.0,0.0,0.0,0.0,0.0,0.0,0.0,0.0,0.0,0.0,0.0,0.0,0.0,0.0,0.0,0.0,0.0,0.0,0.0,0.0,0.0,0.0,0.0,0.0,0.0,0.0,0.0,0.0,0.0,0.0,0.0,0.0,0.0,0.0,0.0,0.0,0.0,0.0,0.0,0.0,0.0,0.0,0.0,0.0,0.0,0.0,0.0,0.0,0.0,0.0,0.0,0.0,0.0,0.0,0.0,0.0,0.0,0.0,0.0,0.0,0.0,0.0,0.0,0.0,0.0,0.0,0.0,0.0,0.0,0.0,0.0,0.0,0.0,0.0,0.0,0.0,0.0,0.0,0.0,0.0,0.0,0.0,0.0,0.0,0.0,0.0,0.0,0.0,0.0,0.0,0.0,0.0,0.0,0.0,0.0,0.0,0.0,0.0,0.0,0.0,0.0,0.0,0.0,0.0,0.0,0.0,0.0,0.0
2017-05-29 21:06:00+02:00,0.0,0.0,0.0,0.0,0.0,0.0,0.0,0.0,0.0,0.0,0.0,0.0,0.0,0.0,0.0,0.0,0.0,0.0,0.0,0.0,0.0,0.0,0.0,0.0,0.0,0.0,0.0,0.0,0.0,0.0,0.0,0.0,0.0,0.0,0.0,0.0,0.0,0.0,0.0,0.0,0.0,0.0,0.0,0.0,0.0,0.0,0.0,0.0,0.0,0.0,0.0,0.0,0.0,0.0,0.0,0.0,0.0,0.0,0.0,0.0,0.0,0.0,0.0,0.0,0.0,0.0,0.0,0.0,0.0,0.0,0.0,0.0,0.0,0.0,0.0,0.0,0.0,0.0,0.0,0.0,0.0,0.0,0.0,0.0,0.0,0.0,0.0,0.0,0.0,0.0,0.0,0.0,0.0,0.0,0.0,0.0,0.0,0.0,0.0,0.0,0.0,0.0,0.0,0.0,0.0,0.0,0.0,0.0,0.0,0.0,0.0,0.0,0.0,0.0,0.0,0.0,0.0,0.0
2017-05-29 21:07:00+02:00,0.0,0.0,0.0,0.0,0.0,0.0,0.0,0.0,0.0,0.0,0.0,0.0,0.0,0.0,0.0,0.0,0.0,0.0,0.0,0.0,0.0,0.0,0.0,0.0,0.0,0.0,0.0,0.0,0.0,0.0,0.0,0.0,0.0,0.0,0.0,0.0,0.0,0.0,0.0,0.0,0.0,0.0,0.0,0.0,0.0,0.0,0.0,0.0,0.0,0.0,0.0,0.0,0.0,0.0,0.0,0.0,0.0,0.0,0.0,0.0,0.0,0.0,0.0,0.0,0.0,0.0,0.0,0.0,0.0,0.0,0.0,0.0,0.0,0.0,0.0,0.0,0.0,0.0,0.0,0.0,0.0,0.0,0.0,0.0,0.0,0.0,0.0,0.0,0.0,0.0,0.0,0.0,0.0,0.0,0.0,0.0,0.0,0.0,0.0,0.0,0.0,0.0,0.0,0.0,0.0,0.0,0.0,0.0,0.0,0.0,0.0,0.0,0.0,0.0,0.0,0.0,0.0,0.0
2017-05-29 21:08:00+02:00,0.0,0.0,0.0,0.0,0.0,0.0,0.0,0.0,0.0,0.0,0.0,0.0,0.0,0.0,0.0,0.0,0.0,0.0,0.0,0.0,0.0,0.0,0.0,0.0,0.0,0.0,0.0,0.0,0.0,0.0,0.0,0.0,0.0,0.0,0.0,0.0,0.0,0.0,0.0,0.0,0.0,0.0,0.0,0.0,0.0,0.0,0.0,0.0,0.0,0.0,0.0,0.0,0.0,0.0,0.0,0.0,0.0,0.0,0.0,0.0,0.0,0.0,0.0,0.0,0.0,0.0,0.0,0.0,0.0,0.0,0.0,0.0,0.0,0.0,0.0,0.0,0.0,0.0,0.0,0.0,0.0,0.0,0.0,0.0,0.0,0.0,0.0,0.0,0.0,0.0,0.0,0.0,0.0,0.0,0.0,0.0,0.0,0.0,0.0,0.0,0.0,0.0,0.0,0.0,0.0,0.0,0.0,0.0,0.0,0.0,0.0,0.0,0.0,0.0,0.0,0.0,0.0,0.0
2017-05-29 21:09:00+02:00,0.0,0.0,0.0,0.0,0.0,0.0,0.0,0.0,0.0,0.0,0.0,0.0,0.0,0.0,0.0,0.0,0.0,0.0,0.0,0.0,0.0,0.0,0.0,0.0,0.0,0.0,0.0,0.0,0.0,0.0,0.0,0.0,0.0,0.0,0.0,0.0,0.0,0.0,0.0,0.0,0.0,0.0,0.0,0.0,0.0,0.0,0.0,0.0,0.0,0.0,0.0,0.0,0.0,0.0,0.0,0.0,0.0,0.0,0.0,0.0,0.0,0.0,0.0,0.0,0.0,0.0,0.0,0.0,0.0,0.0,0.0,0.0,0.0,0.0,0.0,0.0,0.0,0.0,0.0,0.0,0.0,0.0,0.0,0.0,0.0,0.0,0.0,0.0,0.0,0.0,0.0,0.0,0.0,0.0,0.0,0.0,0.0,0.0,0.0,0.0,0.0,0.0,0.0,0.0,0.0,0.0,0.0,0.0,0.0,0.0,0.0,0.0,0.0,0.0,0.0,0.0,0.0,0.0
2017-05-29 21:10:00+02:00,0.0,0.0,0.0,0.0,0.0,0.0,0.0,0.0,0.0,0.0,0.0,0.0,0.0,0.0,0.0,0.0,0.0,0.0,0.0,0.0,0.0,0.0,0.0,0.0,0.0,0.0,0.0,0.0,0.0,0.0,0.0,0.0,0.0,0.0,0.0,0.0,0.0,0.0,0.0,0.0,0.0,0.0,0.0,0.0,0.0,0.0,0.0,0.0,0.0,0.0,0.0,0.0,0.0,0.0,0.0,0.0,0.0,0.0,0.0,0.0,0.0,0.0,0.0,0.0,0.0,0.0,0.0,0.0,0.0,0.0,0.0,0.0,0.0,0.0,0.0,0.0,0.0,0.0,0.0,0.0,0.0,0.0,0.0,0.0,0.0,0.0,0.0,0.0,0.0,0.0,0.0,0.0,0.0,0.0,0.0,0.0,0.0,0.0,0.0,0.0,0.0,0.0,0.0,0.0,0.0,0.0,0.0,0.0,0.0,0.0,0.0,0.0,0.0,0.0,0.0,0.0,0.0,0.0
2017-05-29 21:11:00+02:00,0.0,0.0,0.0,0.0,0.0,0.0,0.0,0.0,0.0,0.0,0.0,0.0,0.0,0.0,0.0,0.0,0.0,0.0,0.0,0.0,0.0,0.0,0.0,0.0,0.0,0.0,0.0,0.0,0.0,0.0,0.0,0.0,0.0,0.0,0.0,0.0,0.0,0.0,0.0,0.0,0.0,0.0,0.0,0.0,0.0,0.0,0.0,0.0,0.0,0.0,0.0,0.0,0.0,0.0,0.0,0.0,0.0,0.0,0.0,0.0,0.0,0.0,0.0,0.0,0.0,0.0,0.0,0.0,0.0,0.0,0.0,0.0,0.0,0.0,0.0,0.0,0.0,0.0,0.0,0.0,0.0,0.0,0.0,0.0,0.0,0.0,0.0,0.0,0.0,0.0,0.0,0.0,0.0,0.0,0.0,0.0,0.0,0.0,0.0,0.0,0.0,0.0,0.0,0.0,0.0,0.0,0.0,0.0,0.0,0.0,0.0,0.0,0.0,0.0,0.0,0.0,0.0,0.0
2017-05-29 21:12:00+02:00,0.0,0.0,0.0,0.0,0.0,0.0,0.0,0.0,0.0,0.0,0.0,0.0,0.0,0.0,0.0,0.0,0.0,0.0,0.0,0.0,0.0,0.0,0.0,0.0,0.0,0.0,0.0,0.0,0.0,0.0,0.0,0.0,0.0,0.0,0.0,0.0,0.0,0.0,0.0,0.0,0.0,0.0,0.0,0.0,0.0,0.0,0.0,0.0,0.0,0.0,0.0,0.0,0.0,0.0,0.0,0.0,0.0,0.0,0.0,0.0,0.0,0.0,0.0,0.0,0.0,0.0,0.0,0.0,0.0,0.0,0.0,0.0,0.0,0.0,0.0,0.0,0.0,0.0,0.0,0.0,0.0,0.0,0.0,0.0,0.0,0.0,0.0,0.0,0.0,0.0,0.0,0.0,0.0,0.0,0.0,0.0,0.0,0.0,0.0,0.0,0.0,0.0,0.0,0.0,0.0,0.0,0.0,0.0,0.0,0.0,0.0,0.0,0.0,0.0,0.0,0.0,0.0,0.0
2017-05-29 21:13:00+02:00,0.0,0.0,0.0,0.0,0.0,0.0,0.0,0.0,0.0,0.0,0.0,0.0,0.0,0.0,0.0,0.0,0.0,0.0,0.0,0.0,0.0,0.0,0.0,0.0,0.0,0.0,0.0,0.0,0.0,0.0,0.0,0.0,0.0,0.0,0.0,0.0,0.0,0.0,0.0,0.0,0.0,0.0,0.0,0.0,0.0,0.0,0.0,0.0,0.0,0.0,0.0,0.0,0.0,0.0,0.0,0.0,0.0,0.0,0.0,0.0,0.0,0.0,0.0,0.0,0.0,0.0,0.0,0.0,0.0,0.0,0.0,0.0,0.0,0.0,0.0,0.0,0.0,0.0,0.0,0.0,0.0,0.0,0.0,0.0,0.0,0.0,0.0,0.0,0.0,0.0,0.0,0.0,0.0,0.0,0.0,0.0,0.0,0.0,0.0,0.0,0.0,0.0,0.0,0.0,0.0,0.0,0.0,0.0,0.0,0.0,0.0,0.0,0.0,0.0,0.0,0.0,0.0,0.0
2017-05-29 21:14:00+02:00,0.0,0.0,0.0,0.0,0.0,0.0,0.0,0.0,0.0,0.0,0.0,0.0,0.0,0.0,0.0,0.0,0.0,0.0,0.0,0.0,0.0,0.0,0.0,0.0,0.0,0.0,0.0,0.0,0.0,0.0,0.0,0.0,0.0,0.0,0.0,0.0,0.0,0.0,0.0,0.0,0.0,0.0,0.0,0.0,0.0,0.0,0.0,0.0,0.0,0.0,0.0,0.0,0.0,0.0,0.0,0.0,0.0,0.0,0.0,0.0,0.0,0.0,0.0,0.0,0.0,0.0,0.0,0.0,0.0,0.0,0.0,0.0,0.0,0.0,0.0,0.0,0.0,0.0,0.0,0.0,0.0,0.0,0.0,0.0,0.0,0.0,0.0,0.0,0.0,0.0,0.0,0.0,0.0,0.0,0.0,0.0,0.0,0.0,0.0,0.0,0.0,0.0,0.0,0.0,0.0,0.0,0.0,0.0,0.0,0.0,0.0,0.0,0.0,0.0,0.0,0.0,0.0,0.0
2017-05-29 21:15:00+02:00,0.0,0.0,0.0,0.0,0.0,0.0,0.0,0.0,0.0,0.0,0.0,0.0,0.0,0.0,0.0,0.0,0.0,0.0,0.0,0.0,0.0,0.0,0.0,0.0,0.0,0.0,0.0,0.0,0.0,0.0,0.0,0.0,0.0,0.0,0.0,0.0,0.0,0.0,0.0,0.0,0.0,0.0,0.0,0.0,0.0,0.0,0.0,0.0,0.0,0.0,0.0,0.0,0.0,0.0,0.0,0.0,0.0,0.0,0.0,0.0,0.0,0.0,0.0,0.0,0.0,0.0,0.0,0.0,0.0,0.0,0.0,0.0,0.0,0.0,0.0,0.0,0.0,0.0,0.0,0.0,0.0,0.0,0.0,0.0,0.0,0.0,0.0,0.0,0.0,0.0,0.0,0.0,0.0,0.0,0.0,0.0,0.0,0.0,0.0,0.0,0.0,0.0,0.0,0.0,0.0,0.0,0.0,0.0,0.0,0.0,0.0,0.0,0.0,0.0,0.0,0.0,0.0,0.0
2017-05-29 21:16:00+02:00,0.0,0.0,0.0,0.0,0.0,0.0,0.0,0.0,0.0,0.0,0.0,0.0,0.0,0.0,0.0,0.0,0.0,0.0,0.0,0.0,0.0,0.0,0.0,0.0,0.0,0.0,0.0,0.0,0.0,0.0,0.0,0.0,0.0,0.0,0.0,0.0,0.0,0.0,0.0,0.0,0.0,0.0,0.0,0.0,0.0,0.0,0.0,0.0,0.0,0.0,0.0,0.0,0.0,0.0,0.0,0.0,0.0,0.0,0.0,0.0,0.0,0.0,0.0,0.0,0.0,0.0,0.0,0.0,0.0,0.0,0.0,0.0,0.0,0.0,0.0,0.0,0.0,0.0,0.0,0.0,0.0,0.0,0.0,0.0,0.0,0.0,0.0,0.0,0.0,0.0,0.0,0.0,0.0,0.0,0.0,0.0,0.0,0.0,0.0,0.0,0.0,0.0,0.0,0.0,0.0,0.0,0.0,0.0,0.0,0.0,0.0,0.0,0.0,0.0,0.0,0.0,0.0,0.0
2017-05-29 21:17:00+02:00,0.0,0.0,0.0,0.0,0.0,0.0,0.0,0.0,0.0,0.0,0.0,0.0,0.0,0.0,0.0,0.0,0.0,0.0,0.0,0.0,0.0,0.0,0.0,0.0,0.0,0.0,0.0,0.0,0.0,0.0,0.0,0.0,0.0,0.0,0.0,0.0,0.0,0.0,0.0,0.0,0.0,0.0,0.0,0.0,0.0,0.0,0.0,0.0,0.0,0.0,0.0,0.0,0.0,0.0,0.0,0.0,0.0,0.0,0.0,0.0,0.0,0.0,0.0,0.0,0.0,0.0,0.0,0.0,0.0,0.0,0.0,0.0,0.0,0.0,0.0,0.0,0.0,0.0,0.0,0.0,0.0,0.0,0.0,0.0,0.0,0.0,0.0,0.0,0.0,0.0,0.0,0.0,0.0,0.0,0.0,0.0,0.0,0.0,0.0,0.0,0.0,0.0,0.0,0.0,0.0,0.0,0.0,0.0,0.0,0.0,0.0,0.0,0.0,0.0,0.0,0.0,0.0,0.0
2017-05-29 21:18:00+02:00,0.0,0.0,0.0,0.0,0.0,0.0,0.0,0.0,0.0,0.0,0.0,0.0,0.0,0.0,0.0,0.0,0.0,0.0,0.0,0.0,0.0,0.0,0.0,0.0,0.0,0.0,0.0,0.0,0.0,0.0,0.0,0.0,0.0,0.0,0.0,0.0,0.0,0.0,0.0,0.0,0.0,0.0,0.0,0.0,0.0,0.0,0.0,0.0,0.0,0.0,0.0,0.0,0.0,0.0,0.0,0.0,0.0,0.0,0.0,0.0,0.0,0.0,0.0,0.0,0.0,0.0,0.0,0.0,0.0,0.0,0.0,0.0,0.0,0.0,0.0,0.0,0.0,0.0,0.0,0.0,0.0,0.0,0.0,0.0,0.0,0.0,0.0,0.0,0.0,0.0,0.0,0.0,0.0,0.0,0.0,0.0,0.0,0.0,0.0,0.0,0.0,0.0,0.0,0.0,0.0,0.0,0.0,0.0,0.0,0.0,0.0,0.0,0.0,0.0,0.0,0.0,0.0,0.0
2017-05-29 21:19:00+02:00,0.0,0.0,0.0,0.0,0.0,0.0,0.0,0.0,0.0,0.0,0.0,0.0,0.0,0.0,0.0,0.0,0.0,0.0,0.0,0.0,0.0,0.0,0.0,0.0,0.0,0.0,0.0,0.0,0.0,0.0,0.0,0.0,0.0,0.0,0.0,0.0,0.0,0.0,0.0,0.0,0.0,0.0,0.0,0.0,0.0,0.0,0.0,0.0,0.0,0.0,0.0,0.0,0.0,0.0,0.0,0.0,0.0,0.0,0.0,0.0,0.0,0.0,0.0,0.0,0.0,0.0,0.0,0.0,0.0,0.0,0.0,0.0,0.0,0.0,0.0,0.0,0.0,0.0,0.0,0.0,0.0,0.0,0.0,0.0,0.0,0.0,0.0,0.0,0.0,0.0,0.0,0.0,0.0,0.0,0.0,0.0,0.0,0.0,0.0,0.0,0.0,0.0,0.0,0.0,0.0,0.0,0.0,0.0,0.0,0.0,0.0,0.0,0.0,0.0,0.0,0.0,0.0,0.0
2017-05-29 21:20:00+02:00,0.0,0.0,0.0,0.0,0.0,0.0,0.0,0.0,0.0,0.0,0.0,0.0,0.0,0.0,0.0,0.0,0.0,0.0,0.0,0.0,0.0,0.0,0.0,0.0,0.0,0.0,0.0,0.0,0.0,0.0,0.0,0.0,0.0,0.0,0.0,0.0,0.0,0.0,0.0,0.0,0.0,0.0,0.0,0.0,0.0,0.0,0.0,0.0,0.0,0.0,0.0,0.0,0.0,0.0,0.0,0.0,0.0,0.0,0.0,0.0,0.0,0.0,0.0,0.0,0.0,0.0,0.0,0.0,0.0,0.0,0.0,0.0,0.0,0.0,0.0,0.0,0.0,0.0,0.0,0.0,0.0,0.0,0.0,0.0,0.0,0.0,0.0,0.0,0.0,0.0,0.0,0.0,0.0,0.0,0.0,0.0,0.0,0.0,0.0,0.0,0.0,0.0,0.0,0.0,0.0,0.0,0.0,0.0,0.0,0.0,0.0,0.0,0.0,0.0,0.0,0.0,0.0,0.0
2017-05-29 21:21:00+02:00,0.0,0.0,0.0,0.0,0.0,0.0,0.0,0.0,0.0,0.0,0.0,0.0,0.0,0.0,0.0,0.0,0.0,0.0,0.0,0.0,0.0,0.0,0.0,0.0,0.0,0.0,0.0,0.0,0.0,0.0,0.0,0.0,0.0,0.0,0.0,0.0,0.0,0.0,0.0,0.0,0.0,0.0,0.0,0.0,0.0,0.0,0.0,0.0,0.0,0.0,0.0,0.0,0.0,0.0,0.0,0.0,0.0,0.0,0.0,0.0,0.0,0.0,0.0,0.0,0.0,0.0,0.0,0.0,0.0,0.0,0.0,0.0,0.0,0.0,0.0,0.0,0.0,0.0,0.0,0.0,0.0,0.0,0.0,0.0,0.0,0.0,0.0,0.0,0.0,0.0,0.0,0.0,0.0,0.0,0.0,0.0,0.0,0.0,0.0,0.0,0.0,0.0,0.0,0.0,0.0,0.0,0.0,0.0,0.0,0.0,0.0,0.0,0.0,0.0,0.0,0.0,0.0,0.0
2017-05-29 21:22:00+02:00,0.0,0.0,0.0,0.0,0.0,0.0,0.0,0.0,0.0,0.0,0.0,0.0,0.0,0.0,0.0,0.0,0.0,0.0,0.0,0.0,0.0,0.0,0.0,0.0,0.0,0.0,0.0,0.0,0.0,0.0,0.0,0.0,0.0,0.0,0.0,0.0,0.0,0.0,0.0,0.0,0.0,0.0,0.0,0.0,0.0,0.0,0.0,0.0,0.0,0.0,0.0,0.0,0.0,0.0,0.0,0.0,0.0,0.0,0.0,0.0,0.0,0.0,0.0,0.0,0.0,0.0,0.0,0.0,0.0,0.0,0.0,0.0,0.0,0.0,0.0,0.0,0.0,0.0,0.0,0.0,0.0,0.0,0.0,0.0,0.0,0.0,0.0,0.0,0.0,0.0,0.0,0.0,0.0,0.0,0.0,0.0,0.0,0.0,0.0,0.0,0.0,0.0,0.0,0.0,0.0,0.0,0.0,0.0,0.0,0.0,0.0,0.0,0.0,0.0,0.0,0.0,0.0,0.0
2017-05-29 21:23:00+02:00,0.0,0.0,0.0,0.0,0.0,0.0,0.0,0.0,0.0,0.0,0.0,0.0,0.0,0.0,0.0,0.0,0.0,0.0,0.0,0.0,0.0,0.0,0.0,0.0,0.0,0.0,0.0,0.0,0.0,0.0,0.0,0.0,0.0,0.0,0.0,0.0,0.0,0.0,0.0,0.0,0.0,0.0,0.0,0.0,0.0,0.0,0.0,0.0,0.0,0.0,0.0,0.0,0.0,0.0,0.0,0.0,0.0,0.0,0.0,0.0,0.0,0.0,0.0,0.0,0.0,0.0,0.0,0.0,0.0,0.0,0.0,0.0,0.0,0.0,0.0,0.0,0.0,0.0,0.0,0.0,0.0,0.0,0.0,0.0,0.0,0.0,0.0,0.0,0.0,0.0,0.0,0.0,0.0,0.0,0.0,0.0,0.0,0.0,0.0,0.0,0.0,0.0,0.0,0.0,0.0,0.0,0.0,0.0,0.0,0.0,0.0,0.0,0.0,0.0,0.0,0.0,0.0,0.0
2017-05-29 21:24:00+02:00,0.0,0.0,0.0,0.0,0.0,0.0,0.0,0.0,0.0,0.0,0.0,0.0,0.0,0.0,0.0,0.0,0.0,0.0,0.0,0.0,0.0,0.0,0.0,0.0,0.0,0.0,0.0,0.0,0.0,0.0,0.0,0.0,0.0,0.0,0.0,0.0,0.0,0.0,0.0,0.0,0.0,0.0,0.0,0.0,0.0,0.0,0.0,0.0,0.0,0.0,0.0,0.0,0.0,0.0,0.0,0.0,0.0,0.0,0.0,0.0,0.0,0.0,0.0,0.0,0.0,0.0,0.0,0.0,0.0,0.0,0.0,0.0,0.0,0.0,0.0,0.0,0.0,0.0,0.0,0.0,0.0,0.0,0.0,0.0,0.0,0.0,0.0,0.0,0.0,0.0,0.0,0.0,0.0,0.0,0.0,0.0,0.0,0.0,0.0,0.0,0.0,0.0,0.0,0.0,0.0,0.0,0.0,0.0,0.0,0.0,0.0,0.0,0.0,0.0,0.0,0.0,0.0,0.0
2017-05-29 21:25:00+02:00,0.0,0.0,0.0,0.0,0.0,0.0,0.0,0.0,0.0,0.0,0.0,0.0,0.0,0.0,0.0,0.0,0.0,0.0,0.0,0.0,0.0,0.0,0.0,0.0,0.0,0.0,0.0,0.0,0.0,0.0,0.0,0.0,0.0,0.0,0.0,0.0,0.0,0.0,0.0,0.0,0.0,0.0,0.0,0.0,0.0,0.0,0.0,0.0,0.0,0.0,0.0,0.0,0.0,0.0,0.0,0.0,0.0,0.0,0.0,0.0,0.0,0.0,0.0,0.0,0.0,0.0,0.0,0.0,0.0,0.0,0.0,0.0,0.0,0.0,0.0,0.0,0.0,0.0,0.0,0.0,0.0,0.0,0.0,0.0,0.0,0.0,0.0,0.0,0.0,0.0,0.0,0.0,0.0,0.0,0.0,0.0,0.0,0.0,0.0,0.0,0.0,0.0,0.0,0.0,0.0,0.0,0.0,0.0,0.0,0.0,0.0,0.0,0.0,0.0,0.0,0.0,0.0,0.0
2017-05-29 21:26:00+02:00,0.0,0.0,0.0,0.0,0.0,0.0,0.0,0.0,0.0,0.0,0.0,0.0,0.0,0.0,0.0,0.0,0.0,0.0,0.0,0.0,0.0,0.0,0.0,0.0,0.0,0.0,0.0,0.0,0.0,0.0,0.0,0.0,0.0,0.0,0.0,0.0,0.0,0.0,0.0,0.0,0.0,0.0,0.0,0.0,0.0,0.0,0.0,0.0,0.0,0.0,0.0,0.0,0.0,0.0,0.0,0.0,0.0,0.0,0.0,0.0,0.0,0.0,0.0,0.0,0.0,0.0,0.0,0.0,0.0,0.0,0.0,0.0,0.0,0.0,0.0,0.0,0.0,0.0,0.0,0.0,0.0,0.0,0.0,0.0,0.0,0.0,0.0,0.0,0.0,0.0,0.0,0.0,0.0,0.0,0.0,0.0,0.0,0.0,0.0,0.0,0.0,0.0,0.0,0.0,0.0,0.0,0.0,0.0,0.0,0.0,0.0,0.0,0.0,0.0,0.0,0.0,0.0,0.0
2017-05-29 21:27:00+02:00,0.0,0.0,0.0,0.0,0.0,0.0,0.0,0.0,0.0,0.0,0.0,0.0,0.0,0.0,0.0,0.0,0.0,0.0,0.0,0.0,0.0,0.0,0.0,0.0,0.0,0.0,0.0,0.0,0.0,0.0,0.0,0.0,0.0,0.0,0.0,0.0,0.0,0.0,0.0,0.0,0.0,0.0,0.0,0.0,0.0,0.0,0.0,0.0,0.0,0.0,0.0,0.0,0.0,0.0,0.0,0.0,0.0,0.0,0.0,0.0,0.0,0.0,0.0,0.0,0.0,0.0,0.0,0.0,0.0,0.0,0.0,0.0,0.0,0.0,0.0,0.0,0.0,0.0,0.0,0.0,0.0,0.0,0.0,0.0,0.0,0.0,0.0,0.0,0.0,0.0,0.0,0.0,0.0,0.0,0.0,0.0,0.0,0.0,0.0,0.0,0.0,0.0,0.0,0.0,0.0,0.0,0.0,0.0,0.0,0.0,0.0,0.0,0.0,0.0,0.0,0.0,0.0,0.0
2017-05-29 21:28:00+02:00,0.0,0.0,0.0,0.0,0.0,0.0,0.0,0.0,0.0,0.0,0.0,0.0,0.0,0.0,0.0,0.0,0.0,0.0,0.0,0.0,0.0,0.0,0.0,0.0,0.0,0.0,0.0,0.0,0.0,0.0,0.0,0.0,0.0,0.0,0.0,0.0,0.0,0.0,0.0,0.0,0.0,0.0,0.0,0.0,0.0,0.0,0.0,0.0,0.0,0.0,0.0,0.0,0.0,0.0,0.0,0.0,0.0,0.0,0.0,0.0,0.0,0.0,0.0,0.0,0.0,0.0,0.0,0.0,0.0,0.0,0.0,0.0,0.0,0.0,0.0,0.0,0.0,0.0,0.0,0.0,0.0,0.0,0.0,0.0,0.0,0.0,0.0,0.0,0.0,0.0,0.0,0.0,0.0,0.0,0.0,0.0,0.0,0.0,0.0,0.0,0.0,0.0,0.0,0.0,0.0,0.0,0.0,0.0,0.0,0.0,0.0,0.0,0.0,0.0,0.0,0.0,0.0,0.0
2017-05-29 21:29:00+02:00,0.0,0.0,0.0,0.0,0.0,0.0,0.0,0.0,0.0,0.0,0.0,0.0,0.0,0.0,0.0,0.0,0.0,0.0,0.0,0.0,0.0,0.0,0.0,0.0,0.0,0.0,0.0,0.0,0.0,0.0,0.0,0.0,0.0,0.0,0.0,0.0,0.0,0.0,0.0,0.0,0.0,0.0,0.0,0.0,0.0,0.0,0.0,0.0,0.0,0.0,0.0,0.0,0.0,0.0,0.0,0.0,0.0,0.0,0.0,0.0,0.0,0.0,0.0,0.0,0.0,0.0,0.0,0.0,0.0,0.0,0.0,0.0,0.0,0.0,0.0,0.0,0.0,0.0,0.0,0.0,0.0,0.0,0.0,0.0,0.0,0.0,0.0,0.0,0.0,0.0,0.0,0.0,0.0,0.0,0.0,0.0,0.0,0.0,0.0,0.0,0.0,0.0,0.0,0.0,0.0,0.0,0.0,0.0,0.0,0.0,0.0,0.0,0.0,0.0,0.0,0.0,0.0,0.0
2017-05-29 21:30:00+02:00,0.0,0.0,0.0,0.0,0.0,0.0,0.0,0.0,0.0,0.0,0.0,0.0,0.0,0.0,0.0,0.0,0.0,0.0,0.0,0.0,0.0,0.0,0.0,0.0,0.0,0.0,0.0,0.0,0.0,0.0,0.0,0.0,0.0,0.0,0.0,0.0,0.0,0.0,0.0,0.0,0.0,0.0,0.0,0.0,0.0,0.0,0.0,0.0,0.0,0.0,0.0,0.0,0.0,0.0,0.0,0.0,0.0,0.0,0.0,0.0,0.0,0.0,0.0,0.0,0.0,0.0,0.0,0.0,0.0,0.0,0.0,0.0,0.0,0.0,0.0,0.0,0.0,0.0,0.0,0.0,0.0,0.0,0.0,0.0,0.0,0.0,0.0,0.0,0.0,0.0,0.0,0.0,0.0,0.0,0.0,0.0,0.0,0.0,0.0,0.0,0.0,0.0,0.0,0.0,0.0,0.0,0.0,0.0,0.0,0.0,0.0,0.0,0.0,0.0,0.0,0.0,0.0,0.0
2017-05-29 21:31:00+02:00,0.0,0.0,0.0,0.0,0.0,0.0,0.0,0.0,0.0,0.0,0.0,0.0,0.0,0.0,0.0,0.0,0.0,0.0,0.0,0.0,0.0,0.0,0.0,0.0,0.0,0.0,0.0,0.0,0.0,0.0,0.0,0.0,0.0,0.0,0.0,0.0,0.0,0.0,0.0,0.0,0.0,0.0,0.0,0.0,0.0,0.0,0.0,0.0,0.0,0.0,0.0,0.0,0.0,0.0,0.0,0.0,0.0,0.0,0.0,0.0,0.0,0.0,0.0,0.0,0.0,0.0,0.0,0.0,0.0,0.0,0.0,0.0,0.0,0.0,0.0,0.0,0.0,0.0,0.0,0.0,0.0,0.0,0.0,0.0,0.0,0.0,0.0,0.0,0.0,0.0,0.0,0.0,0.0,0.0,0.0,0.0,0.0,0.0,0.0,0.0,0.0,0.0,0.0,0.0,0.0,0.0,0.0,0.0,0.0,0.0,0.0,0.0,0.0,0.0,0.0,0.0,0.0,0.0
2017-05-29 21:32:00+02:00,0.0,0.0,0.0,0.0,0.0,0.0,0.0,0.0,0.0,0.0,0.0,0.0,0.0,0.0,0.0,0.0,0.0,0.0,0.0,0.0,0.0,0.0,0.0,0.0,0.0,0.0,0.0,0.0,0.0,0.0,0.0,0.0,0.0,0.0,0.0,0.0,0.0,0.0,0.0,0.0,0.0,0.0,0.0,0.0,0.0,0.0,0.0,0.0,0.0,0.0,0.0,0.0,0.0,0.0,0.0,0.0,0.0,0.0,0.0,0.0,0.0,0.0,0.0,0.0,0.0,0.0,0.0,0.0,0.0,0.0,0.0,0.0,0.0,0.0,0.0,0.0,0.0,0.0,0.0,0.0,0.0,0.0,0.0,0.0,0.0,0.0,0.0,0.0,0.0,0.0,0.0,0.0,0.0,0.0,0.0,0.0,0.0,0.0,0.0,0.0,0.0,0.0,0.0,0.0,0.0,0.0,0.0,0.0,0.0,0.0,0.0,0.0,0.0,0.0,0.0,0.0,0.0,0.0
2017-05-29 21:33:00+02:00,0.0,0.0,0.0,0.0,0.0,0.0,0.0,0.0,0.0,0.0,0.0,0.0,0.0,0.0,0.0,0.0,0.0,0.0,0.0,0.0,0.0,0.0,0.0,0.0,0.0,0.0,0.0,0.0,0.0,0.0,0.0,0.0,0.0,0.0,0.0,0.0,0.0,0.0,0.0,0.0,0.0,0.0,0.0,0.0,0.0,0.0,0.0,0.0,0.0,0.0,0.0,0.0,0.0,0.0,0.0,0.0,0.0,0.0,0.0,0.0,0.0,0.0,0.0,0.0,0.0,0.0,0.0,0.0,0.0,0.0,0.0,0.0,0.0,0.0,0.0,0.0,0.0,0.0,0.0,0.0,0.0,0.0,0.0,0.0,0.0,0.0,0.0,0.0,0.0,0.0,0.0,0.0,0.0,0.0,0.0,0.0,0.0,0.0,0.0,0.0,0.0,0.0,0.0,0.0,0.0,0.0,0.0,0.0,0.0,0.0,0.0,0.0,0.0,0.0,0.0,0.0,0.0,0.0
2017-05-29 21:34:00+02:00,0.0,0.0,0.0,0.0,0.0,0.0,0.0,0.0,0.0,0.0,0.0,0.0,0.0,0.0,0.0,0.0,0.0,0.0,0.0,0.0,0.0,0.0,0.0,0.0,0.0,0.0,0.0,0.0,0.0,0.0,0.0,0.0,0.0,0.0,0.0,0.0,0.0,0.0,0.0,0.0,0.0,0.0,0.0,0.0,0.0,0.0,0.0,0.0,0.0,0.0,0.0,0.0,0.0,0.0,0.0,0.0,0.0,0.0,0.0,0.0,0.0,0.0,0.0,0.0,0.0,0.0,0.0,0.0,0.0,0.0,0.0,0.0,0.0,0.0,0.0,0.0,0.0,0.0,0.0,0.0,0.0,0.0,0.0,0.0,0.0,0.0,0.0,0.0,0.0,0.0,0.0,0.0,0.0,0.0,0.0,0.0,0.0,0.0,0.0,0.0,0.0,0.0,0.0,0.0,0.0,0.0,0.0,0.0,0.0,0.0,0.0,0.0,0.0,0.0,0.0,0.0,0.0,0.0
2017-05-29 21:35:00+02:00,0.0,0.0,0.0,0.0,0.0,0.0,0.0,0.0,0.0,0.0,0.0,0.0,0.0,0.0,0.0,0.0,0.0,0.0,0.0,0.0,0.0,0.0,0.0,0.0,0.0,0.0,0.0,0.0,0.0,0.0,0.0,0.0,0.0,0.0,0.0,0.0,0.0,0.0,0.0,0.0,0.0,0.0,0.0,0.0,0.0,0.0,0.0,0.0,0.0,0.0,0.0,0.0,0.0,0.0,0.0,0.0,0.0,0.0,0.0,0.0,0.0,0.0,0.0,0.0,0.0,0.0,0.0,0.0,0.0,0.0,0.0,0.0,0.0,0.0,0.0,0.0,0.0,0.0,0.0,0.0,0.0,0.0,0.0,0.0,0.0,0.0,0.0,0.0,0.0,0.0,0.0,0.0,0.0,0.0,0.0,0.0,0.0,0.0,0.0,0.0,0.0,0.0,0.0,0.0,0.0,0.0,0.0,0.0,0.0,0.0,0.0,0.0,0.0,0.0,0.0,0.0,0.0,0.0
2017-05-29 21:36:00+02:00,0.0,0.0,0.0,0.0,0.0,0.0,0.0,0.0,0.0,0.0,0.0,0.0,0.0,0.0,0.0,0.0,0.0,0.0,0.0,0.0,0.0,0.0,0.0,0.0,0.0,0.0,0.0,0.0,0.0,0.0,0.0,0.0,0.0,0.0,0.0,0.0,0.0,0.0,0.0,0.0,0.0,0.0,0.0,0.0,0.0,0.0,0.0,0.0,0.0,0.0,0.0,0.0,0.0,0.0,0.0,0.0,0.0,0.0,0.0,0.0,0.0,0.0,0.0,0.0,0.0,0.0,0.0,0.0,0.0,0.0,0.0,0.0,0.0,0.0,0.0,0.0,0.0,0.0,0.0,0.0,0.0,0.0,0.0,0.0,0.0,0.0,0.0,0.0,0.0,0.0,0.0,0.0,0.0,0.0,0.0,0.0,0.0,0.0,0.0,0.0,0.0,0.0,0.0,0.0,0.0,0.0,0.0,0.0,0.0,0.0,0.0,0.0,0.0,0.0,0.0,0.0,0.0,0.0
2017-05-29 21:37:00+02:00,0.0,0.0,0.0,0.0,0.0,0.0,0.0,0.0,0.0,0.0,0.0,0.0,0.0,0.0,0.0,0.0,0.0,0.0,0.0,0.0,0.0,0.0,0.0,0.0,0.0,0.0,0.0,0.0,0.0,0.0,0.0,0.0,0.0,0.0,0.0,0.0,0.0,0.0,0.0,0.0,0.0,0.0,0.0,0.0,0.0,0.0,0.0,0.0,0.0,0.0,0.0,0.0,0.0,0.0,0.0,0.0,0.0,0.0,0.0,0.0,0.0,0.0,0.0,0.0,0.0,0.0,0.0,0.0,0.0,0.0,0.0,0.0,0.0,0.0,0.0,0.0,0.0,0.0,0.0,0.0,0.0,0.0,0.0,0.0,0.0,0.0,0.0,0.0,0.0,0.0,0.0,0.0,0.0,0.0,0.0,0.0,0.0,0.0,0.0,0.0,0.0,0.0,0.0,0.0,0.0,0.0,0.0,0.0,0.0,0.0,0.0,0.0,0.0,0.0,0.0,0.0,0.0,0.0
2017-05-29 21:38:00+02:00,0.0,0.0,0.0,0.0,0.0,0.0,0.0,0.0,0.0,0.0,0.0,0.0,0.0,0.0,0.0,0.0,0.0,0.0,0.0,0.0,0.0,0.0,0.0,0.0,0.0,0.0,0.0,0.0,0.0,0.0,0.0,0.0,0.0,0.0,0.0,0.0,0.0,0.0,0.0,0.0,0.0,0.0,0.0,0.0,0.0,0.0,0.0,0.0,0.0,0.0,0.0,0.0,0.0,0.0,0.0,0.0,0.0,0.0,0.0,0.0,0.0,0.0,0.0,0.0,0.0,0.0,0.0,0.0,0.0,0.0,0.0,0.0,0.0,0.0,0.0,0.0,0.0,0.0,0.0,0.0,0.0,0.0,0.0,0.0,0.0,0.0,0.0,0.0,0.0,0.0,0.0,0.0,0.0,0.0,0.0,0.0,0.0,0.0,0.0,0.0,0.0,0.0,0.0,0.0,0.0,0.0,0.0,0.0,0.0,0.0,0.0,0.0,0.0,0.0,0.0,0.0,0.0,0.0
2017-05-29 21:39:00+02:00,0.0,0.0,0.0,0.0,0.0,0.0,0.0,0.0,0.0,0.0,0.0,0.0,0.0,0.0,0.0,0.0,0.0,0.0,0.0,0.0,0.0,0.0,0.0,0.0,0.0,0.0,0.0,0.0,0.0,0.0,0.0,0.0,0.0,0.0,0.0,0.0,0.0,0.0,0.0,0.0,0.0,0.0,0.0,0.0,0.0,0.0,0.0,0.0,0.0,0.0,0.0,0.0,0.0,0.0,0.0,0.0,0.0,0.0,0.0,0.0,0.0,0.0,0.0,0.0,0.0,0.0,0.0,0.0,0.0,0.0,0.0,0.0,0.0,0.0,0.0,0.0,0.0,0.0,0.0,0.0,0.0,0.0,0.0,0.0,0.0,0.0,0.0,0.0,0.0,0.0,0.0,0.0,0.0,0.0,0.0,0.0,0.0,0.0,0.0,0.0,0.0,0.0,0.0,0.0,0.0,0.0,0.0,0.0,0.0,0.0,0.0,0.0,0.0,0.0,0.0,0.0,0.0,0.0
2017-05-29 21:40:00+02:00,0.0,0.0,0.0,0.0,0.0,0.0,0.0,0.0,0.0,0.0,0.0,0.0,0.0,0.0,0.0,0.0,0.0,0.0,0.0,0.0,0.0,0.0,0.0,0.0,0.0,0.0,0.0,0.0,0.0,0.0,0.0,0.0,0.0,0.0,0.0,0.0,0.0,0.0,0.0,0.0,0.0,0.0,0.0,0.0,0.0,0.0,0.0,0.0,0.0,0.0,0.0,0.0,0.0,0.0,0.0,0.0,0.0,0.0,0.0,0.0,0.0,0.0,0.0,0.0,0.0,0.0,0.0,0.0,0.0,0.0,0.0,0.0,0.0,0.0,0.0,0.0,0.0,0.0,0.0,0.0,0.0,0.0,0.0,0.0,0.0,0.0,0.0,0.0,0.0,0.0,0.0,0.0,0.0,0.0,0.0,0.0,0.0,0.0,0.0,0.0,0.0,0.0,0.0,0.0,0.0,0.0,0.0,0.0,0.0,0.0,0.0,0.0,0.0,0.0,0.0,0.0,0.0,0.0
2017-05-29 21:41:00+02:00,0.0,0.0,0.0,0.0,0.0,0.0,0.0,0.0,0.0,0.0,0.0,0.0,0.0,0.0,0.0,0.0,0.0,0.0,0.0,0.0,0.0,0.0,0.0,0.0,0.0,0.0,0.0,0.0,0.0,0.0,0.0,0.0,0.0,0.0,0.0,0.0,0.0,0.0,0.0,0.0,0.0,0.0,0.0,0.0,0.0,0.0,0.0,0.0,0.0,0.0,0.0,0.0,0.0,0.0,0.0,0.0,0.0,0.0,0.0,0.0,0.0,0.0,0.0,0.0,0.0,0.0,0.0,0.0,0.0,0.0,0.0,0.0,0.0,0.0,0.0,0.0,0.0,0.0,0.0,0.0,0.0,0.0,0.0,0.0,0.0,0.0,0.0,0.0,0.0,0.0,0.0,0.0,0.0,0.0,0.0,0.0,0.0,0.0,0.0,0.0,0.0,0.0,0.0,0.0,0.0,0.0,0.0,0.0,0.0,0.0,0.0,0.0,0.0,0.0,0.0,0.0,0.0,0.0
2017-05-29 21:42:00+02:00,0.0,0.0,0.0,0.0,0.0,0.0,0.0,0.0,0.0,0.0,0.0,0.0,0.0,0.0,0.0,0.0,0.0,0.0,0.0,0.0,0.0,0.0,0.0,0.0,0.0,0.0,0.0,0.0,0.0,0.0,0.0,0.0,0.0,0.0,0.0,0.0,0.0,0.0,0.0,0.0,0.0,0.0,0.0,0.0,0.0,0.0,0.0,0.0,0.0,0.0,0.0,0.0,0.0,0.0,0.0,0.0,0.0,0.0,0.0,0.0,0.0,0.0,0.0,0.0,0.0,0.0,0.0,0.0,0.0,0.0,0.0,0.0,0.0,0.0,0.0,0.0,0.0,0.0,0.0,0.0,0.0,0.0,0.0,0.0,0.0,0.0,0.0,0.0,0.0,0.0,0.0,0.0,0.0,0.0,0.0,0.0,0.0,0.0,0.0,0.0,0.0,0.0,0.0,0.0,0.0,0.0,0.0,0.0,0.0,0.0,0.0,0.0,0.0,0.0,0.0,0.0,0.0,0.0
2017-05-29 21:43:00+02:00,0.0,0.0,0.0,0.0,0.0,0.0,0.0,0.0,0.0,0.0,0.0,0.0,0.0,0.0,0.0,0.0,0.0,0.0,0.0,0.0,0.0,0.0,0.0,0.0,0.0,0.0,0.0,0.0,0.0,0.0,0.0,0.0,0.0,0.0,0.0,0.0,0.0,0.0,0.0,0.0,0.0,0.0,0.0,0.0,0.0,0.0,0.0,0.0,0.0,0.0,0.0,0.0,0.0,0.0,0.0,0.0,0.0,0.0,0.0,0.0,0.0,0.0,0.0,0.0,0.0,0.0,0.0,0.0,0.0,0.0,0.0,0.0,0.0,0.0,0.0,0.0,0.0,0.0,0.0,0.0,0.0,0.0,0.0,0.0,0.0,0.0,0.0,0.0,0.0,0.0,0.0,0.0,0.0,0.0,0.0,0.0,0.0,0.0,0.0,0.0,0.0,0.0,0.0,0.0,0.0,0.0,0.0,0.0,0.0,0.0,0.0,0.0,0.0,0.0,0.0,0.0,0.0,0.0
2017-05-29 21:44:00+02:00,0.0,0.0,0.0,0.0,0.0,0.0,0.0,0.0,0.0,0.0,0.0,0.0,0.0,0.0,0.0,0.0,0.0,0.0,0.0,0.0,0.0,0.0,0.0,0.0,0.0,0.0,0.0,0.0,0.0,0.0,0.0,0.0,0.0,0.0,0.0,0.0,0.0,0.0,0.0,0.0,0.0,0.0,0.0,0.0,0.0,0.0,0.0,0.0,0.0,0.0,0.0,0.0,0.0,0.0,0.0,0.0,0.0,0.0,0.0,0.0,0.0,0.0,0.0,0.0,0.0,0.0,0.0,0.0,0.0,0.0,0.0,0.0,0.0,0.0,0.0,0.0,0.0,0.0,0.0,0.0,0.0,0.0,0.0,0.0,0.0,0.0,0.0,0.0,0.0,0.0,0.0,0.0,0.0,0.0,0.0,0.0,0.0,0.0,0.0,0.0,0.0,0.0,0.0,0.0,0.0,0.0,0.0,0.0,0.0,0.0,0.0,0.0,0.0,0.0,0.0,0.0,0.0,0.0
2017-05-29 21:45:00+02:00,0.0,0.0,0.0,0.0,0.0,0.0,0.0,0.0,0.0,0.0,0.0,0.0,0.0,0.0,0.0,0.0,0.0,0.0,0.0,0.0,0.0,0.0,0.0,0.0,0.0,0.0,0.0,0.0,0.0,0.0,0.0,0.0,0.0,0.0,0.0,0.0,0.0,0.0,0.0,0.0,0.0,0.0,0.0,0.0,0.0,0.0,0.0,0.0,0.0,0.0,0.0,0.0,0.0,0.0,0.0,0.0,0.0,0.0,0.0,0.0,0.0,0.0,0.0,0.0,0.0,0.0,0.0,0.0,0.0,0.0,0.0,0.0,0.0,0.0,0.0,0.0,0.0,0.0,0.0,0.0,0.0,0.0,0.0,0.0,0.0,0.0,0.0,0.0,0.0,0.0,0.0,0.0,0.0,0.0,0.0,0.0,0.0,0.0,0.0,0.0,0.0,0.0,0.0,0.0,0.0,0.0,0.0,0.0,0.0,0.0,0.0,0.0,0.0,0.0,0.0,0.0,0.0,0.0
2017-05-29 21:46:00+02:00,0.0,0.0,0.0,0.0,0.0,0.0,0.0,0.0,0.0,0.0,0.0,0.0,0.0,0.0,0.0,0.0,0.0,0.0,0.0,0.0,0.0,0.0,0.0,0.0,0.0,0.0,0.0,0.0,0.0,0.0,0.0,0.0,0.0,0.0,0.0,0.0,0.0,0.0,0.0,0.0,0.0,0.0,0.0,0.0,0.0,0.0,0.0,0.0,0.0,0.0,0.0,0.0,0.0,0.0,0.0,0.0,0.0,0.0,0.0,0.0,0.0,0.0,0.0,0.0,0.0,0.0,0.0,0.0,0.0,0.0,0.0,0.0,0.0,0.0,0.0,0.0,0.0,0.0,0.0,0.0,0.0,0.0,0.0,0.0,0.0,0.0,0.0,0.0,0.0,0.0,0.0,0.0,0.0,0.0,0.0,0.0,0.0,0.0,0.0,0.0,0.0,0.0,0.0,0.0,0.0,0.0,0.0,0.0,0.0,0.0,0.0,0.0,0.0,0.0,0.0,0.0,0.0,0.0
2017-05-29 21:47:00+02:00,0.0,0.0,0.0,0.0,0.0,0.0,0.0,0.0,0.0,0.0,0.0,0.0,0.0,0.0,0.0,0.0,0.0,0.0,0.0,0.0,0.0,0.0,0.0,0.0,0.0,0.0,0.0,0.0,0.0,0.0,0.0,0.0,0.0,0.0,0.0,0.0,0.0,0.0,0.0,0.0,0.0,0.0,0.0,0.0,0.0,0.0,0.0,0.0,0.0,0.0,0.0,0.0,0.0,0.0,0.0,0.0,0.0,0.0,0.0,0.0,0.0,0.0,0.0,0.0,0.0,0.0,0.0,0.0,0.0,0.0,0.0,0.0,0.0,0.0,0.0,0.0,0.0,0.0,0.0,0.0,0.0,0.0,0.0,0.0,0.0,0.0,0.0,0.0,0.0,0.0,0.0,0.0,0.0,0.0,0.0,0.0,0.0,0.0,0.0,0.0,0.0,0.0,0.0,0.0,0.0,0.0,0.0,0.0,0.0,0.0,0.0,0.0,0.0,0.0,0.0,0.0,0.0,0.0
2017-05-29 21:48:00+02:00,0.0,0.0,0.0,0.0,0.0,0.0,0.0,0.0,0.0,0.0,0.0,0.0,0.0,0.0,0.0,0.0,0.0,0.0,0.0,0.0,0.0,0.0,0.0,0.0,0.0,0.0,0.0,0.0,0.0,0.0,0.0,0.0,0.0,0.0,0.0,0.0,0.0,0.0,0.0,0.0,0.0,0.0,0.0,0.0,0.0,0.0,0.0,0.0,0.0,0.0,0.0,0.0,0.0,0.0,0.0,0.0,0.0,0.0,0.0,0.0,0.0,0.0,0.0,0.0,0.0,0.0,0.0,0.0,0.0,0.0,0.0,0.0,0.0,0.0,0.0,0.0,0.0,0.0,0.0,0.0,0.0,0.0,0.0,0.0,0.0,0.0,0.0,0.0,0.0,0.0,0.0,0.0,0.0,0.0,0.0,0.0,0.0,0.0,0.0,0.0,0.0,0.0,0.0,0.0,0.0,0.0,0.0,0.0,0.0,0.0,0.0,0.0,0.0,0.0,0.0,0.0,0.0,0.0
2017-05-29 21:49:00+02:00,0.0,0.0,0.0,0.0,0.0,0.0,0.0,0.0,0.0,0.0,0.0,0.0,0.0,0.0,0.0,0.0,0.0,0.0,0.0,0.0,0.0,0.0,0.0,0.0,0.0,0.0,0.0,0.0,0.0,0.0,0.0,0.0,0.0,0.0,0.0,0.0,0.0,0.0,0.0,0.0,0.0,0.0,0.0,0.0,0.0,0.0,0.0,0.0,0.0,0.0,0.0,0.0,0.0,0.0,0.0,0.0,0.0,0.0,0.0,0.0,0.0,0.0,0.0,0.0,0.0,0.0,0.0,0.0,0.0,0.0,0.0,0.0,0.0,0.0,0.0,0.0,0.0,0.0,0.0,0.0,0.0,0.0,0.0,0.0,0.0,0.0,0.0,0.0,0.0,0.0,0.0,0.0,0.0,0.0,0.0,0.0,0.0,0.0,0.0,0.0,0.0,0.0,0.0,0.0,0.0,0.0,0.0,0.0,0.0,0.0,0.0,0.0,0.0,0.0,0.0,0.0,0.0,0.0
2017-05-29 21:50:00+02:00,0.0,0.0,0.0,0.0,0.0,0.0,0.0,0.0,0.0,0.0,0.0,0.0,0.0,0.0,0.0,0.0,0.0,0.0,0.0,0.0,0.0,0.0,0.0,0.0,0.0,0.0,0.0,0.0,0.0,0.0,0.0,0.0,0.0,0.0,0.0,0.0,0.0,0.0,0.0,0.0,0.0,0.0,0.0,0.0,0.0,0.0,0.0,0.0,0.0,0.0,0.0,0.0,0.0,0.0,0.0,0.0,0.0,0.0,0.0,0.0,0.0,0.0,0.0,0.0,0.0,0.0,0.0,0.0,0.0,0.0,0.0,0.0,0.0,0.0,0.0,0.0,0.0,0.0,0.0,0.0,0.0,0.0,0.0,0.0,0.0,0.0,0.0,0.0,0.0,0.0,0.0,0.0,0.0,0.0,0.0,0.0,0.0,0.0,0.0,0.0,0.0,0.0,0.0,0.0,0.0,0.0,0.0,0.0,0.0,0.0,0.0,0.0,0.0,0.0,0.0,0.0,0.0,0.0
2017-05-29 21:51:00+02:00,0.0,0.0,0.0,0.0,0.0,0.0,0.0,0.0,0.0,0.0,0.0,0.0,0.0,0.0,0.0,0.0,0.0,0.0,0.0,0.0,0.0,0.0,0.0,0.0,0.0,0.0,0.0,0.0,0.0,0.0,0.0,0.0,0.0,0.0,0.0,0.0,0.0,0.0,0.0,0.0,0.0,0.0,0.0,0.0,0.0,0.0,0.0,0.0,0.0,0.0,0.0,0.0,0.0,0.0,0.0,0.0,0.0,0.0,0.0,0.0,0.0,0.0,0.0,0.0,0.0,0.0,0.0,0.0,0.0,0.0,0.0,0.0,0.0,0.0,0.0,0.0,0.0,0.0,0.0,0.0,0.0,0.0,0.0,0.0,0.0,0.0,0.0,0.0,0.0,0.0,0.0,0.0,0.0,0.0,0.0,0.0,0.0,0.0,0.0,0.0,0.0,0.0,0.0,0.0,0.0,0.0,0.0,0.0,0.0,0.0,0.0,0.0,0.0,0.0,0.0,0.0,0.0,0.0
2017-05-29 21:52:00+02:00,0.0,0.0,0.0,0.0,0.0,0.0,0.0,0.0,0.0,0.0,0.0,0.0,0.0,0.0,0.0,0.0,0.0,0.0,0.0,0.0,0.0,0.0,0.0,0.0,0.0,0.0,0.0,0.0,0.0,0.0,0.0,0.0,0.0,0.0,0.0,0.0,0.0,0.0,0.0,0.0,0.0,0.0,0.0,0.0,0.0,0.0,0.0,0.0,0.0,0.0,0.0,0.0,0.0,0.0,0.0,0.0,0.0,0.0,0.0,0.0,0.0,0.0,0.0,0.0,0.0,0.0,0.0,0.0,0.0,0.0,0.0,0.0,0.0,0.0,0.0,0.0,0.0,0.0,0.0,0.0,0.0,0.0,0.0,0.0,0.0,0.0,0.0,0.0,0.0,0.0,0.0,0.0,0.0,0.0,0.0,0.0,0.0,0.0,0.0,0.0,0.0,0.0,0.0,0.0,0.0,0.0,0.0,0.0,0.0,0.0,0.0,0.0,0.0,0.0,0.0,0.0,0.0,0.0
2017-05-29 21:53:00+02:00,0.0,0.0,0.0,0.0,0.0,0.0,0.0,0.0,0.0,0.0,0.0,0.0,0.0,0.0,0.0,0.0,0.0,0.0,0.0,0.0,0.0,0.0,0.0,0.0,0.0,0.0,0.0,0.0,0.0,0.0,0.0,0.0,0.0,0.0,0.0,0.0,0.0,0.0,0.0,0.0,0.0,0.0,0.0,0.0,0.0,0.0,0.0,0.0,0.0,0.0,0.0,0.0,0.0,0.0,0.0,0.0,0.0,0.0,0.0,0.0,0.0,0.0,0.0,0.0,0.0,0.0,0.0,0.0,0.0,0.0,0.0,0.0,0.0,0.0,0.0,0.0,0.0,0.0,0.0,0.0,0.0,0.0,0.0,0.0,0.0,0.0,0.0,0.0,0.0,0.0,0.0,0.0,0.0,0.0,0.0,0.0,0.0,0.0,0.0,0.0,0.0,0.0,0.0,0.0,0.0,0.0,0.0,0.0,0.0,0.0,0.0,0.0,0.0,0.0,0.0,0.0,0.0,0.0
2017-05-29 21:54:00+02:00,0.0,0.0,0.0,0.0,0.0,0.0,0.0,0.0,0.0,0.0,0.0,0.0,0.0,0.0,0.0,0.0,0.0,0.0,0.0,0.0,0.0,0.0,0.0,0.0,0.0,0.0,0.0,0.0,0.0,0.0,0.0,0.0,0.0,0.0,0.0,0.0,0.0,0.0,0.0,0.0,0.0,0.0,0.0,0.0,0.0,0.0,0.0,0.0,0.0,0.0,0.0,0.0,0.0,0.0,0.0,0.0,0.0,0.0,0.0,0.0,0.0,0.0,0.0,0.0,0.0,0.0,0.0,0.0,0.0,0.0,0.0,0.0,0.0,0.0,0.0,0.0,0.0,0.0,0.0,0.0,0.0,0.0,0.0,0.0,0.0,0.0,0.0,0.0,0.0,0.0,0.0,0.0,0.0,0.0,0.0,0.0,0.0,0.0,0.0,0.0,0.0,0.0,0.0,0.0,0.0,0.0,0.0,0.0,0.0,0.0,0.0,0.0,0.0,0.0,0.0,0.0,0.0,0.0
2017-05-29 21:55:00+02:00,0.0,0.0,0.0,0.0,0.0,0.0,0.0,0.0,0.0,0.0,0.0,0.0,0.0,0.0,0.0,0.0,0.0,0.0,0.0,0.0,0.0,0.0,0.0,0.0,0.0,0.0,0.0,0.0,0.0,0.0,0.0,0.0,0.0,0.0,0.0,0.0,0.0,0.0,0.0,0.0,0.0,0.0,0.0,0.0,0.0,0.0,0.0,0.0,0.0,0.0,0.0,0.0,0.0,0.0,0.0,0.0,0.0,0.0,0.0,0.0,0.0,0.0,0.0,0.0,0.0,0.0,0.0,0.0,0.0,0.0,0.0,0.0,0.0,0.0,0.0,0.0,0.0,0.0,0.0,0.0,0.0,0.0,0.0,0.0,0.0,0.0,0.0,0.0,0.0,0.0,0.0,0.0,0.0,0.0,0.0,0.0,0.0,0.0,0.0,0.0,0.0,0.0,0.0,0.0,0.0,0.0,0.0,0.0,0.0,0.0,0.0,0.0,0.0,0.0,0.0,0.0,0.0,0.0
2017-05-29 21:56:00+02:00,0.0,0.0,0.0,0.0,0.0,0.0,0.0,0.0,0.0,0.0,0.0,0.0,0.0,0.0,0.0,0.0,0.0,0.0,0.0,0.0,0.0,0.0,0.0,0.0,0.0,0.0,0.0,0.0,0.0,0.0,0.0,0.0,0.0,0.0,0.0,0.0,0.0,0.0,0.0,0.0,0.0,0.0,0.0,0.0,0.0,0.0,0.0,0.0,0.0,0.0,0.0,0.0,0.0,0.0,0.0,0.0,0.0,0.0,0.0,0.0,0.0,0.0,0.0,0.0,0.0,0.0,0.0,0.0,0.0,0.0,0.0,0.0,0.0,0.0,0.0,0.0,0.0,0.0,0.0,0.0,0.0,0.0,0.0,0.0,0.0,0.0,0.0,0.0,0.0,0.0,0.0,0.0,0.0,0.0,0.0,0.0,0.0,0.0,0.0,0.0,0.0,0.0,0.0,0.0,0.0,0.0,0.0,0.0,0.0,0.0,0.0,0.0,0.0,0.0,0.0,0.0,0.0,0.0
2017-05-29 21:57:00+02:00,0.0,0.0,0.0,0.0,0.0,0.0,0.0,0.0,0.0,0.0,0.0,0.0,0.0,0.0,0.0,0.0,0.0,0.0,0.0,0.0,0.0,0.0,0.0,0.0,0.0,0.0,0.0,0.0,0.0,0.0,0.0,0.0,0.0,0.0,0.0,0.0,0.0,0.0,0.0,0.0,0.0,0.0,0.0,0.0,0.0,0.0,0.0,0.0,0.0,0.0,0.0,0.0,0.0,0.0,0.0,0.0,0.0,0.0,0.0,0.0,0.0,0.0,0.0,0.0,0.0,0.0,0.0,0.0,0.0,0.0,0.0,0.0,0.0,0.0,0.0,0.0,0.0,0.0,0.0,0.0,0.0,0.0,0.0,0.0,0.0,0.0,0.0,0.0,0.0,0.0,0.0,0.0,0.0,0.0,0.0,0.0,0.0,0.0,0.0,0.0,0.0,0.0,0.0,0.0,0.0,0.0,0.0,0.0,0.0,0.0,0.0,0.0,0.0,0.0,0.0,0.0,0.0,0.0
2017-05-29 21:58:00+02:00,0.0,0.0,0.0,0.0,0.0,0.0,0.0,0.0,0.0,0.0,0.0,0.0,0.0,0.0,0.0,0.0,0.0,0.0,0.0,0.0,0.0,0.0,0.0,0.0,0.0,0.0,0.0,0.0,0.0,0.0,0.0,0.0,0.0,0.0,0.0,0.0,0.0,0.0,0.0,0.0,0.0,0.0,0.0,0.0,0.0,0.0,0.0,0.0,0.0,0.0,0.0,0.0,0.0,0.0,0.0,0.0,0.0,0.0,0.0,0.0,0.0,0.0,0.0,0.0,0.0,0.0,0.0,0.0,0.0,0.0,0.0,0.0,0.0,0.0,0.0,0.0,0.0,0.0,0.0,0.0,0.0,0.0,0.0,0.0,0.0,0.0,0.0,0.0,0.0,0.0,0.0,0.0,0.0,0.0,0.0,0.0,0.0,0.0,0.0,0.0,0.0,0.0,0.0,0.0,0.0,0.0,0.0,0.0,0.0,0.0,0.0,0.0,0.0,0.0,0.0,0.0,0.0,0.0
2017-05-29 21:59:00+02:00,0.0,0.0,0.0,0.0,0.0,0.0,0.0,0.0,0.0,0.0,0.0,0.0,0.0,0.0,0.0,0.0,0.0,0.0,0.0,0.0,0.0,0.0,0.0,0.0,0.0,0.0,0.0,0.0,0.0,0.0,0.0,0.0,0.0,0.0,0.0,0.0,0.0,0.0,0.0,0.0,0.0,0.0,0.0,0.0,0.0,0.0,0.0,0.0,0.0,0.0,0.0,0.0,0.0,0.0,0.0,0.0,0.0,0.0,0.0,0.0,0.0,0.0,0.0,0.0,0.0,0.0,0.0,0.0,0.0,0.0,0.0,0.0,0.0,0.0,0.0,0.0,0.0,0.0,0.0,0.0,0.0,0.0,0.0,0.0,0.0,0.0,0.0,0.0,0.0,0.0,0.0,0.0,0.0,0.0,0.0,0.0,0.0,0.0,0.0,0.0,0.0,0.0,0.0,0.0,0.0,0.0,0.0,0.0,0.0,0.0,0.0,0.0,0.0,0.0,0.0,0.0,0.0,0.0
2017-05-29 22:00:00+02:00,0.0,0.0,0.0,0.0,0.0,0.0,0.0,0.0,0.0,0.0,0.0,0.0,0.0,0.0,0.0,0.0,0.0,0.0,0.0,0.0,0.0,0.0,0.0,0.0,0.0,0.0,0.0,0.0,0.0,0.0,0.0,0.0,0.0,0.0,0.0,0.0,0.0,0.0,0.0,0.0,0.0,0.0,0.0,0.0,0.0,0.0,0.0,0.0,0.0,0.0,0.0,0.0,0.0,0.0,0.0,0.0,0.0,0.0,0.0,0.0,0.0,0.0,0.0,0.0,0.0,0.0,0.0,0.0,0.0,0.0,0.0,0.0,0.0,0.0,0.0,0.0,0.0,0.0,0.0,0.0,0.0,0.0,0.0,0.0,0.0,0.0,0.0,0.0,0.0,0.0,0.0,0.0,0.0,0.0,0.0,0.0,0.0,0.0,0.0,0.0,0.0,0.0,0.0,0.0,0.0,0.0,0.0,0.0,0.0,0.0,0.0,0.0,0.0,0.0,0.0,0.0,0.0,0.0
2017-05-29 22:01:00+02:00,0.0,0.0,0.0,0.0,0.0,0.0,0.0,0.0,0.0,0.0,0.0,0.0,0.0,0.0,0.0,0.0,0.0,0.0,0.0,0.0,0.0,0.0,0.0,0.0,0.0,0.0,0.0,0.0,0.0,0.0,0.0,0.0,0.0,0.0,0.0,0.0,0.0,0.0,0.0,0.0,0.0,0.0,0.0,0.0,0.0,0.0,0.0,0.0,0.0,0.0,0.0,0.0,0.0,0.0,0.0,0.0,0.0,0.0,0.0,0.0,0.0,0.0,0.0,0.0,0.0,0.0,0.0,0.0,0.0,0.0,0.0,0.0,0.0,0.0,0.0,0.0,0.0,0.0,0.0,0.0,0.0,0.0,0.0,0.0,0.0,0.0,0.0,0.0,0.0,0.0,0.0,0.0,0.0,0.0,0.0,0.0,0.0,0.0,0.0,0.0,0.0,0.0,0.0,0.0,0.0,0.0,0.0,0.0,0.0,0.0,0.0,0.0,0.0,0.0,0.0,0.0,0.0,0.0
2017-05-29 22:02:00+02:00,0.0,0.0,0.0,0.0,0.0,0.0,0.0,0.0,0.0,0.0,0.0,0.0,0.0,0.0,0.0,0.0,0.0,0.0,0.0,0.0,0.0,0.0,0.0,0.0,0.0,0.0,0.0,0.0,0.0,0.0,0.0,0.0,0.0,0.0,0.0,0.0,0.0,0.0,0.0,0.0,0.0,0.0,0.0,0.0,0.0,0.0,0.0,0.0,0.0,0.0,0.0,0.0,0.0,0.0,0.0,0.0,0.0,0.0,0.0,0.0,0.0,0.0,0.0,0.0,0.0,0.0,0.0,0.0,0.0,0.0,0.0,0.0,0.0,0.0,0.0,0.0,0.0,0.0,0.0,0.0,0.0,0.0,0.0,0.0,0.0,0.0,0.0,0.0,0.0,0.0,0.0,0.0,0.0,0.0,0.0,0.0,0.0,0.0,0.0,0.0,0.0,0.0,0.0,0.0,0.0,0.0,0.0,0.0,0.0,0.0,0.0,0.0,0.0,0.0,0.0,0.0,0.0,0.0
2017-05-29 22:03:00+02:00,0.0,0.0,0.0,0.0,0.0,0.0,0.0,0.0,0.0,0.0,0.0,0.0,0.0,0.0,0.0,0.0,0.0,0.0,0.0,0.0,0.0,0.0,0.0,0.0,0.0,0.0,0.0,0.0,0.0,0.0,0.0,0.0,0.0,0.0,0.0,0.0,0.0,0.0,0.0,0.0,0.0,0.0,0.0,0.0,0.0,0.0,0.0,0.0,0.0,0.0,0.0,0.0,0.0,0.0,0.0,0.0,0.0,0.0,0.0,0.0,0.0,0.0,0.0,0.0,0.0,0.0,0.0,0.0,0.0,0.0,0.0,0.0,0.0,0.0,0.0,0.0,0.0,0.0,0.0,0.0,0.0,0.0,0.0,0.0,0.0,0.0,0.0,0.0,0.0,0.0,0.0,0.0,0.0,0.0,0.0,0.0,0.0,0.0,0.0,0.0,0.0,0.0,0.0,0.0,0.0,0.0,0.0,0.0,0.0,0.0,0.0,0.0,0.0,0.0,0.0,0.0,0.0,0.0
2017-05-29 22:04:00+02:00,0.0,0.0,0.0,0.0,0.0,0.0,0.0,0.0,0.0,0.0,0.0,0.0,0.0,0.0,0.0,0.0,0.0,0.0,0.0,0.0,0.0,0.0,0.0,0.0,0.0,0.0,0.0,0.0,0.0,0.0,0.0,0.0,0.0,0.0,0.0,0.0,0.0,0.0,0.0,0.0,0.0,0.0,0.0,0.0,0.0,0.0,0.0,0.0,0.0,0.0,0.0,0.0,0.0,0.0,0.0,0.0,0.0,0.0,0.0,0.0,0.0,0.0,0.0,0.0,0.0,0.0,0.0,0.0,0.0,0.0,0.0,0.0,0.0,0.0,0.0,0.0,0.0,0.0,0.0,0.0,0.0,0.0,0.0,0.0,0.0,0.0,0.0,0.0,0.0,0.0,0.0,0.0,0.0,0.0,0.0,0.0,0.0,0.0,0.0,0.0,0.0,0.0,0.0,0.0,0.0,0.0,0.0,0.0,0.0,0.0,0.0,0.0,0.0,0.0,0.0,0.0,0.0,0.0
2017-05-29 22:05:00+02:00,0.0,0.0,0.0,0.0,0.0,0.0,0.0,0.0,0.0,0.0,0.0,0.0,0.0,0.0,0.0,0.0,0.0,0.0,0.0,0.0,0.0,0.0,0.0,0.0,0.0,0.0,0.0,0.0,0.0,0.0,0.0,0.0,0.0,0.0,0.0,0.0,0.0,0.0,0.0,0.0,0.0,0.0,0.0,0.0,0.0,0.0,0.0,0.0,0.0,0.0,0.0,0.0,0.0,0.0,0.0,0.0,0.0,0.0,0.0,0.0,0.0,0.0,0.0,0.0,0.0,0.0,0.0,0.0,0.0,0.0,0.0,0.0,0.0,0.0,0.0,0.0,0.0,0.0,0.0,0.0,0.0,0.0,0.0,0.0,0.0,0.0,0.0,0.0,0.0,0.0,0.0,0.0,0.0,0.0,0.0,0.0,0.0,0.0,0.0,0.0,0.0,0.0,0.0,0.0,0.0,0.0,0.0,0.0,0.0,0.0,0.0,0.0,0.0,0.0,0.0,0.0,0.0,0.0
2017-05-29 22:06:00+02:00,0.0,0.0,0.0,0.0,0.0,0.0,0.0,0.0,0.0,0.0,0.0,0.0,0.0,0.0,0.0,0.0,0.0,0.0,0.0,0.0,0.0,0.0,0.0,0.0,0.0,0.0,0.0,0.0,0.0,0.0,0.0,0.0,0.0,0.0,0.0,0.0,0.0,0.0,0.0,0.0,0.0,0.0,0.0,0.0,0.0,0.0,0.0,0.0,0.0,0.0,0.0,0.0,0.0,0.0,0.0,0.0,0.0,0.0,0.0,0.0,0.0,0.0,0.0,0.0,0.0,0.0,0.0,0.0,0.0,0.0,0.0,0.0,0.0,0.0,0.0,0.0,0.0,0.0,0.0,0.0,0.0,0.0,0.0,0.0,0.0,0.0,0.0,0.0,0.0,0.0,0.0,0.0,0.0,0.0,0.0,0.0,0.0,0.0,0.0,0.0,0.0,0.0,0.0,0.0,0.0,0.0,0.0,0.0,0.0,0.0,0.0,0.0,0.0,0.0,0.0,0.0,0.0,0.0
2017-05-29 22:07:00+02:00,0.0,0.0,0.0,0.0,0.0,0.0,0.0,0.0,0.0,0.0,0.0,0.0,0.0,0.0,0.0,0.0,0.0,0.0,0.0,0.0,0.0,0.0,0.0,0.0,0.0,0.0,0.0,0.0,0.0,0.0,0.0,0.0,0.0,0.0,0.0,0.0,0.0,0.0,0.0,0.0,0.0,0.0,0.0,0.0,0.0,0.0,0.0,0.0,0.0,0.0,0.0,0.0,0.0,0.0,0.0,0.0,0.0,0.0,0.0,0.0,0.0,0.0,0.0,0.0,0.0,0.0,0.0,0.0,0.0,0.0,0.0,0.0,0.0,0.0,0.0,0.0,0.0,0.0,0.0,0.0,0.0,0.0,0.0,0.0,0.0,0.0,0.0,0.0,0.0,0.0,0.0,0.0,0.0,0.0,0.0,0.0,0.0,0.0,0.0,0.0,0.0,0.0,0.0,0.0,0.0,0.0,0.0,0.0,0.0,0.0,0.0,0.0,0.0,0.0,0.0,0.0,0.0,0.0
2017-05-29 22:08:00+02:00,0.0,0.0,0.0,0.0,0.0,0.0,0.0,0.0,0.0,0.0,0.0,0.0,0.0,0.0,0.0,0.0,0.0,0.0,0.0,0.0,0.0,0.0,0.0,0.0,0.0,0.0,0.0,0.0,0.0,0.0,0.0,0.0,0.0,0.0,0.0,0.0,0.0,0.0,0.0,0.0,0.0,0.0,0.0,0.0,0.0,0.0,0.0,0.0,0.0,0.0,0.0,0.0,0.0,0.0,0.0,0.0,0.0,0.0,0.0,0.0,0.0,0.0,0.0,0.0,0.0,0.0,0.0,0.0,0.0,0.0,0.0,0.0,0.0,0.0,0.0,0.0,0.0,0.0,0.0,0.0,0.0,0.0,0.0,0.0,0.0,0.0,0.0,0.0,0.0,0.0,0.0,0.0,0.0,0.0,0.0,0.0,0.0,0.0,0.0,0.0,0.0,0.0,0.0,0.0,0.0,0.0,0.0,0.0,0.0,0.0,0.0,0.0,0.0,0.0,0.0,0.0,0.0,0.0
2017-05-29 22:09:00+02:00,0.0,0.0,0.0,0.0,0.0,0.0,0.0,0.0,0.0,0.0,0.0,0.0,0.0,0.0,0.0,0.0,0.0,0.0,0.0,0.0,0.0,0.0,0.0,0.0,0.0,0.0,0.0,0.0,0.0,0.0,0.0,0.0,0.0,0.0,0.0,0.0,0.0,0.0,0.0,0.0,0.0,0.0,0.0,0.0,0.0,0.0,0.0,0.0,0.0,0.0,0.0,0.0,0.0,0.0,0.0,0.0,0.0,0.0,0.0,0.0,0.0,0.0,0.0,0.0,0.0,0.0,0.0,0.0,0.0,0.0,0.0,0.0,0.0,0.0,0.0,0.0,0.0,0.0,0.0,0.0,0.0,0.0,0.0,0.0,0.0,0.0,0.0,0.0,0.0,0.0,0.0,0.0,0.0,0.0,0.0,0.0,0.0,0.0,0.0,0.0,0.0,0.0,0.0,0.0,0.0,0.0,0.0,0.0,0.0,0.0,0.0,0.0,0.0,0.0,0.0,0.0,0.0,0.0
2017-05-29 22:10:00+02:00,0.0,0.0,0.0,0.0,0.0,0.0,0.0,0.0,0.0,0.0,0.0,0.0,0.0,0.0,0.0,0.0,0.0,0.0,0.0,0.0,0.0,0.0,0.0,0.0,0.0,0.0,0.0,0.0,0.0,0.0,0.0,0.0,0.0,0.0,0.0,0.0,0.0,0.0,0.0,0.0,0.0,0.0,0.0,0.0,0.0,0.0,0.0,0.0,0.0,0.0,0.0,0.0,0.0,0.0,0.0,0.0,0.0,0.0,0.0,0.0,0.0,0.0,0.0,0.0,0.0,0.0,0.0,0.0,0.0,0.0,0.0,0.0,0.0,0.0,0.0,0.0,0.0,0.0,0.0,0.0,0.0,0.0,0.0,0.0,0.0,0.0,0.0,0.0,0.0,0.0,0.0,0.0,0.0,0.0,0.0,0.0,0.0,0.0,0.0,0.0,0.0,0.0,0.0,0.0,0.0,0.0,0.0,0.0,0.0,0.0,0.0,0.0,0.0,0.0,0.0,0.0,0.0,0.0
2017-05-29 22:11:00+02:00,0.0,0.0,0.0,0.0,0.0,0.0,0.0,0.0,0.0,0.0,0.0,0.0,0.0,0.0,0.0,0.0,0.0,0.0,0.0,0.0,0.0,0.0,0.0,0.0,0.0,0.0,0.0,0.0,0.0,0.0,0.0,0.0,0.0,0.0,0.0,0.0,0.0,0.0,0.0,0.0,0.0,0.0,0.0,0.0,0.0,0.0,0.0,0.0,0.0,0.0,0.0,0.0,0.0,0.0,0.0,0.0,0.0,0.0,0.0,0.0,0.0,0.0,0.0,0.0,0.0,0.0,0.0,0.0,0.0,0.0,0.0,0.0,0.0,0.0,0.0,0.0,0.0,0.0,0.0,0.0,0.0,0.0,0.0,0.0,0.0,0.0,0.0,0.0,0.0,0.0,0.0,0.0,0.0,0.0,0.0,0.0,0.0,0.0,0.0,0.0,0.0,0.0,0.0,0.0,0.0,0.0,0.0,0.0,0.0,0.0,0.0,0.0,0.0,0.0,0.0,0.0,0.0,0.0
2017-05-29 22:12:00+02:00,0.0,0.0,0.0,0.0,0.0,0.0,0.0,0.0,0.0,0.0,0.0,0.0,0.0,0.0,0.0,0.0,0.0,0.0,0.0,0.0,0.0,0.0,0.0,0.0,0.0,0.0,0.0,0.0,0.0,0.0,0.0,0.0,0.0,0.0,0.0,0.0,0.0,0.0,0.0,0.0,0.0,0.0,0.0,0.0,0.0,0.0,0.0,0.0,0.0,0.0,0.0,0.0,0.0,0.0,0.0,0.0,0.0,0.0,0.0,0.0,0.0,0.0,0.0,0.0,0.0,0.0,0.0,0.0,0.0,0.0,0.0,0.0,0.0,0.0,0.0,0.0,0.0,0.0,0.0,0.0,0.0,0.0,0.0,0.0,0.0,0.0,0.0,0.0,0.0,0.0,0.0,0.0,0.0,0.0,0.0,0.0,0.0,0.0,0.0,0.0,0.0,0.0,0.0,0.0,0.0,0.0,0.0,0.0,0.0,0.0,0.0,0.0,0.0,0.0,0.0,0.0,0.0,0.0
2017-05-29 22:13:00+02:00,0.0,0.0,0.0,0.0,0.0,0.0,0.0,0.0,0.0,0.0,0.0,0.0,0.0,0.0,0.0,0.0,0.0,0.0,0.0,0.0,0.0,0.0,0.0,0.0,0.0,0.0,0.0,0.0,0.0,0.0,0.0,0.0,0.0,0.0,0.0,0.0,0.0,0.0,0.0,0.0,0.0,0.0,0.0,0.0,0.0,0.0,0.0,0.0,0.0,0.0,0.0,0.0,0.0,0.0,0.0,0.0,0.0,0.0,0.0,0.0,0.0,0.0,0.0,0.0,0.0,0.0,0.0,0.0,0.0,0.0,0.0,0.0,0.0,0.0,0.0,0.0,0.0,0.0,0.0,0.0,0.0,0.0,0.0,0.0,0.0,0.0,0.0,0.0,0.0,0.0,0.0,0.0,0.0,0.0,0.0,0.0,0.0,0.0,0.0,0.0,0.0,0.0,0.0,0.0,0.0,0.0,0.0,0.0,0.0,0.0,0.0,0.0,0.0,0.0,0.0,0.0,0.0,0.0
2017-05-29 22:14:00+02:00,0.0,0.0,0.0,0.0,0.0,0.0,0.0,0.0,0.0,0.0,0.0,0.0,0.0,0.0,0.0,0.0,0.0,0.0,0.0,0.0,0.0,0.0,0.0,0.0,0.0,0.0,0.0,0.0,0.0,0.0,0.0,0.0,0.0,0.0,0.0,0.0,0.0,0.0,0.0,0.0,0.0,0.0,0.0,0.0,0.0,0.0,0.0,0.0,0.0,0.0,0.0,0.0,0.0,0.0,0.0,0.0,0.0,0.0,0.0,0.0,0.0,0.0,0.0,0.0,0.0,0.0,0.0,0.0,0.0,0.0,0.0,0.0,0.0,0.0,0.0,0.0,0.0,0.0,0.0,0.0,0.0,0.0,0.0,0.0,0.0,0.0,0.0,0.0,0.0,0.0,0.0,0.0,0.0,0.0,0.0,0.0,0.0,0.0,0.0,0.0,0.0,0.0,0.0,0.0,0.0,0.0,0.0,0.0,0.0,0.0,0.0,0.0,0.0,0.0,0.0,0.0,0.0,0.0
2017-05-29 22:15:00+02:00,0.0,0.0,0.0,0.0,0.0,0.0,0.0,0.0,0.0,0.0,0.0,0.0,0.0,0.0,0.0,0.0,0.0,0.0,0.0,0.0,0.0,0.0,0.0,0.0,0.0,0.0,0.0,0.0,0.0,0.0,0.0,0.0,0.0,0.0,0.0,0.0,0.0,0.0,0.0,0.0,0.0,0.0,0.0,0.0,0.0,0.0,0.0,0.0,0.0,0.0,0.0,0.0,0.0,0.0,0.0,0.0,0.0,0.0,0.0,0.0,0.0,0.0,0.0,0.0,0.0,0.0,0.0,0.0,0.0,0.0,0.0,0.0,0.0,0.0,0.0,0.0,0.0,0.0,0.0,0.0,0.0,0.0,0.0,0.0,0.0,0.0,0.0,0.0,0.0,0.0,0.0,0.0,0.0,0.0,0.0,0.0,0.0,0.0,0.0,0.0,0.0,0.0,0.0,0.0,0.0,0.0,0.0,0.0,0.0,0.0,0.0,0.0,0.0,0.0,0.0,0.0,0.0,0.0
2017-05-29 22:16:00+02:00,0.0,0.0,0.0,0.0,0.0,0.0,0.0,0.0,0.0,0.0,0.0,0.0,0.0,0.0,0.0,0.0,0.0,0.0,0.0,0.0,0.0,0.0,0.0,0.0,0.0,0.0,0.0,0.0,0.0,0.0,0.0,0.0,0.0,0.0,0.0,0.0,0.0,0.0,0.0,0.0,0.0,0.0,0.0,0.0,0.0,0.0,0.0,0.0,0.0,0.0,0.0,0.0,0.0,0.0,0.0,0.0,0.0,0.0,0.0,0.0,0.0,0.0,0.0,0.0,0.0,0.0,0.0,0.0,0.0,0.0,0.0,0.0,0.0,0.0,0.0,0.0,0.0,0.0,0.0,0.0,0.0,0.0,0.0,0.0,0.0,0.0,0.0,0.0,0.0,0.0,0.0,0.0,0.0,0.0,0.0,0.0,0.0,0.0,0.0,0.0,0.0,0.0,0.0,0.0,0.0,0.0,0.0,0.0,0.0,0.0,0.0,0.0,0.0,0.0,0.0,0.0,0.0,0.0
2017-05-29 22:17:00+02:00,0.0,0.0,0.0,0.0,0.0,0.0,0.0,0.0,0.0,0.0,0.0,0.0,0.0,0.0,0.0,0.0,0.0,0.0,0.0,0.0,0.0,0.0,0.0,0.0,0.0,0.0,0.0,0.0,0.0,0.0,0.0,0.0,0.0,0.0,0.0,0.0,0.0,0.0,0.0,0.0,0.0,0.0,0.0,0.0,0.0,0.0,0.0,0.0,0.0,0.0,0.0,0.0,0.0,0.0,0.0,0.0,0.0,0.0,0.0,0.0,0.0,0.0,0.0,0.0,0.0,0.0,0.0,0.0,0.0,0.0,0.0,0.0,0.0,0.0,0.0,0.0,0.0,0.0,0.0,0.0,0.0,0.0,0.0,0.0,0.0,0.0,0.0,0.0,0.0,0.0,0.0,0.0,0.0,0.0,0.0,0.0,0.0,0.0,0.0,0.0,0.0,0.0,0.0,0.0,0.0,0.0,0.0,0.0,0.0,0.0,0.0,0.0,0.0,0.0,0.0,0.0,0.0,0.0
2017-05-29 22:18:00+02:00,0.0,0.0,0.0,0.0,0.0,0.0,0.0,0.0,0.0,0.0,0.0,0.0,0.0,0.0,0.0,0.0,0.0,0.0,0.0,0.0,0.0,0.0,0.0,0.0,0.0,0.0,0.0,0.0,0.0,0.0,0.0,0.0,0.0,0.0,0.0,0.0,0.0,0.0,0.0,0.0,0.0,0.0,0.0,0.0,0.0,0.0,0.0,0.0,0.0,0.0,0.0,0.0,0.0,0.0,0.0,0.0,0.0,0.0,0.0,0.0,0.0,0.0,0.0,0.0,0.0,0.0,0.0,0.0,0.0,0.0,0.0,0.0,0.0,0.0,0.0,0.0,0.0,0.0,0.0,0.0,0.0,0.0,0.0,0.0,0.0,0.0,0.0,0.0,0.0,0.0,0.0,0.0,0.0,0.0,0.0,0.0,0.0,0.0,0.0,0.0,0.0,0.0,0.0,0.0,0.0,0.0,0.0,0.0,0.0,0.0,0.0,0.0,0.0,0.0,0.0,0.0,0.0,0.0
2017-05-29 22:19:00+02:00,0.0,0.0,0.0,0.0,0.0,0.0,0.0,0.0,0.0,0.0,0.0,0.0,0.0,0.0,0.0,0.0,0.0,0.0,0.0,0.0,0.0,0.0,0.0,0.0,0.0,0.0,0.0,0.0,0.0,0.0,0.0,0.0,0.0,0.0,0.0,0.0,0.0,0.0,0.0,0.0,0.0,0.0,0.0,0.0,0.0,0.0,0.0,0.0,0.0,0.0,0.0,0.0,0.0,0.0,0.0,0.0,0.0,0.0,0.0,0.0,0.0,0.0,0.0,0.0,0.0,0.0,0.0,0.0,0.0,0.0,0.0,0.0,0.0,0.0,0.0,0.0,0.0,0.0,0.0,0.0,0.0,0.0,0.0,0.0,0.0,0.0,0.0,0.0,0.0,0.0,0.0,0.0,0.0,0.0,0.0,0.0,0.0,0.0,0.0,0.0,0.0,0.0,0.0,0.0,0.0,0.0,0.0,0.0,0.0,0.0,0.0,0.0,0.0,0.0,0.0,0.0,0.0,0.0
2017-05-29 22:20:00+02:00,0.0,0.0,0.0,0.0,0.0,0.0,0.0,0.0,0.0,0.0,0.0,0.0,0.0,0.0,0.0,0.0,0.0,0.0,0.0,0.0,0.0,0.0,0.0,0.0,0.0,0.0,0.0,0.0,0.0,0.0,0.0,0.0,0.0,0.0,0.0,0.0,0.0,0.0,0.0,0.0,0.0,0.0,0.0,0.0,0.0,0.0,0.0,0.0,0.0,0.0,0.0,0.0,0.0,0.0,0.0,0.0,0.0,0.0,0.0,0.0,0.0,0.0,0.0,0.0,0.0,0.0,0.0,0.0,0.0,0.0,0.0,0.0,0.0,0.0,0.0,0.0,0.0,0.0,0.0,0.0,0.0,0.0,0.0,0.0,0.0,0.0,0.0,0.0,0.0,0.0,0.0,0.0,0.0,0.0,0.0,0.0,0.0,0.0,0.0,0.0,0.0,0.0,0.0,0.0,0.0,0.0,0.0,0.0,0.0,0.0,0.0,0.0,0.0,0.0,0.0,0.0,0.0,0.0
2017-05-29 22:21:00+02:00,0.0,0.0,0.0,0.0,0.0,0.0,0.0,0.0,0.0,0.0,0.0,0.0,0.0,0.0,0.0,0.0,0.0,0.0,0.0,0.0,0.0,0.0,0.0,0.0,0.0,0.0,0.0,0.0,0.0,0.0,0.0,0.0,0.0,0.0,0.0,0.0,0.0,0.0,0.0,0.0,0.0,0.0,0.0,0.0,0.0,0.0,0.0,0.0,0.0,0.0,0.0,0.0,0.0,0.0,0.0,0.0,0.0,0.0,0.0,0.0,0.0,0.0,0.0,0.0,0.0,0.0,0.0,0.0,0.0,0.0,0.0,0.0,0.0,0.0,0.0,0.0,0.0,0.0,0.0,0.0,0.0,0.0,0.0,0.0,0.0,0.0,0.0,0.0,0.0,0.0,0.0,0.0,0.0,0.0,0.0,0.0,0.0,0.0,0.0,0.0,0.0,0.0,0.0,0.0,0.0,0.0,0.0,0.0,0.0,0.0,0.0,0.0,0.0,0.0,0.0,0.0,0.0,0.0
2017-05-29 22:22:00+02:00,0.0,0.0,0.0,0.0,0.0,0.0,0.0,0.0,0.0,0.0,0.0,0.0,0.0,0.0,0.0,0.0,0.0,0.0,0.0,0.0,0.0,0.0,0.0,0.0,0.0,0.0,0.0,0.0,0.0,0.0,0.0,0.0,0.0,0.0,0.0,0.0,0.0,0.0,0.0,0.0,0.0,0.0,0.0,0.0,0.0,0.0,0.0,0.0,0.0,0.0,0.0,0.0,0.0,0.0,0.0,0.0,0.0,0.0,0.0,0.0,0.0,0.0,0.0,0.0,0.0,0.0,0.0,0.0,0.0,0.0,0.0,0.0,0.0,0.0,0.0,0.0,0.0,0.0,0.0,0.0,0.0,0.0,0.0,0.0,0.0,0.0,0.0,0.0,0.0,0.0,0.0,0.0,0.0,0.0,0.0,0.0,0.0,0.0,0.0,0.0,0.0,0.0,0.0,0.0,0.0,0.0,0.0,0.0,0.0,0.0,0.0,0.0,0.0,0.0,0.0,0.0,0.0,0.0
2017-05-29 22:23:00+02:00,0.0,0.0,0.0,0.0,0.0,0.0,0.0,0.0,0.0,0.0,0.0,0.0,0.0,0.0,0.0,0.0,0.0,0.0,0.0,0.0,0.0,0.0,0.0,0.0,0.0,0.0,0.0,0.0,0.0,0.0,0.0,0.0,0.0,0.0,0.0,0.0,0.0,0.0,0.0,0.0,0.0,0.0,0.0,0.0,0.0,0.0,0.0,0.0,0.0,0.0,0.0,0.0,0.0,0.0,0.0,0.0,0.0,0.0,0.0,0.0,0.0,0.0,0.0,0.0,0.0,0.0,0.0,0.0,0.0,0.0,0.0,0.0,0.0,0.0,0.0,0.0,0.0,0.0,0.0,0.0,0.0,0.0,0.0,0.0,0.0,0.0,0.0,0.0,0.0,0.0,0.0,0.0,0.0,0.0,0.0,0.0,0.0,0.0,0.0,0.0,0.0,0.0,0.0,0.0,0.0,0.0,0.0,0.0,0.0,0.0,0.0,0.0,0.0,0.0,0.0,0.0,0.0,0.0
2017-05-29 22:24:00+02:00,0.0,0.0,0.0,0.0,0.0,0.0,0.0,0.0,0.0,0.0,0.0,0.0,0.0,0.0,0.0,0.0,0.0,0.0,0.0,0.0,0.0,0.0,0.0,0.0,0.0,0.0,0.0,0.0,0.0,0.0,0.0,0.0,0.0,0.0,0.0,0.0,0.0,0.0,0.0,0.0,0.0,0.0,0.0,0.0,0.0,0.0,0.0,0.0,0.0,0.0,0.0,0.0,0.0,0.0,0.0,0.0,0.0,0.0,0.0,0.0,0.0,0.0,0.0,0.0,0.0,0.0,0.0,0.0,0.0,0.0,0.0,0.0,0.0,0.0,0.0,0.0,0.0,0.0,0.0,0.0,0.0,0.0,0.0,0.0,0.0,0.0,0.0,0.0,0.0,0.0,0.0,0.0,0.0,0.0,0.0,0.0,0.0,0.0,0.0,0.0,0.0,0.0,0.0,0.0,0.0,0.0,0.0,0.0,0.0,0.0,0.0,0.0,0.0,0.0,0.0,0.0,0.0,0.0
2017-05-29 22:25:00+02:00,0.0,0.0,0.0,0.0,0.0,0.0,0.0,0.0,0.0,0.0,0.0,0.0,0.0,0.0,0.0,0.0,0.0,0.0,0.0,0.0,0.0,0.0,0.0,0.0,0.0,0.0,0.0,0.0,0.0,0.0,0.0,0.0,0.0,0.0,0.0,0.0,0.0,0.0,0.0,0.0,0.0,0.0,0.0,0.0,0.0,0.0,0.0,0.0,0.0,0.0,0.0,0.0,0.0,0.0,0.0,0.0,0.0,0.0,0.0,0.0,0.0,0.0,0.0,0.0,0.0,0.0,0.0,0.0,0.0,0.0,0.0,0.0,0.0,0.0,0.0,0.0,0.0,0.0,0.0,0.0,0.0,0.0,0.0,0.0,0.0,0.0,0.0,0.0,0.0,0.0,0.0,0.0,0.0,0.0,0.0,0.0,0.0,0.0,0.0,0.0,0.0,0.0,0.0,0.0,0.0,0.0,0.0,0.0,0.0,0.0,0.0,0.0,0.0,0.0,0.0,0.0,0.0,0.0
2017-05-29 22:26:00+02:00,0.0,0.0,0.0,0.0,0.0,0.0,0.0,0.0,0.0,0.0,0.0,0.0,0.0,0.0,0.0,0.0,0.0,0.0,0.0,0.0,0.0,0.0,0.0,0.0,0.0,0.0,0.0,0.0,0.0,0.0,0.0,0.0,0.0,0.0,0.0,0.0,0.0,0.0,0.0,0.0,0.0,0.0,0.0,0.0,0.0,0.0,0.0,0.0,0.0,0.0,0.0,0.0,0.0,0.0,0.0,0.0,0.0,0.0,0.0,0.0,0.0,0.0,0.0,0.0,0.0,0.0,0.0,0.0,0.0,0.0,0.0,0.0,0.0,0.0,0.0,0.0,0.0,0.0,0.0,0.0,0.0,0.0,0.0,0.0,0.0,0.0,0.0,0.0,0.0,0.0,0.0,0.0,0.0,0.0,0.0,0.0,0.0,0.0,0.0,0.0,0.0,0.0,0.0,0.0,0.0,0.0,0.0,0.0,0.0,0.0,0.0,0.0,0.0,0.0,0.0,0.0,0.0,0.0
2017-05-29 22:27:00+02:00,0.0,0.0,0.0,0.0,0.0,0.0,0.0,0.0,0.0,0.0,0.0,0.0,0.0,0.0,0.0,0.0,0.0,0.0,0.0,0.0,0.0,0.0,0.0,0.0,0.0,0.0,0.0,0.0,0.0,0.0,0.0,0.0,0.0,0.0,0.0,0.0,0.0,0.0,0.0,0.0,0.0,0.0,0.0,0.0,0.0,0.0,0.0,0.0,0.0,0.0,0.0,0.0,0.0,0.0,0.0,0.0,0.0,0.0,0.0,0.0,0.0,0.0,0.0,0.0,0.0,0.0,0.0,0.0,0.0,0.0,0.0,0.0,0.0,0.0,0.0,0.0,0.0,0.0,0.0,0.0,0.0,0.0,0.0,0.0,0.0,0.0,0.0,0.0,0.0,0.0,0.0,0.0,0.0,0.0,0.0,0.0,0.0,0.0,0.0,0.0,0.0,0.0,0.0,0.0,0.0,0.0,0.0,0.0,0.0,0.0,0.0,0.0,0.0,0.0,0.0,0.0,0.0,0.0
2017-05-29 22:28:00+02:00,0.0,0.0,0.0,0.0,0.0,0.0,0.0,0.0,0.0,0.0,0.0,0.0,0.0,0.0,0.0,0.0,0.0,0.0,0.0,0.0,0.0,0.0,0.0,0.0,0.0,0.0,0.0,0.0,0.0,0.0,0.0,0.0,0.0,0.0,0.0,0.0,0.0,0.0,0.0,0.0,0.0,0.0,0.0,0.0,0.0,0.0,0.0,0.0,0.0,0.0,0.0,0.0,0.0,0.0,0.0,0.0,0.0,0.0,0.0,0.0,0.0,0.0,0.0,0.0,0.0,0.0,0.0,0.0,0.0,0.0,0.0,0.0,0.0,0.0,0.0,0.0,0.0,0.0,0.0,0.0,0.0,0.0,0.0,0.0,0.0,0.0,0.0,0.0,0.0,0.0,0.0,0.0,0.0,0.0,0.0,0.0,0.0,0.0,0.0,0.0,0.0,0.0,0.0,0.0,0.0,0.0,0.0,0.0,0.0,0.0,0.0,0.0,0.0,0.0,0.0,0.0,0.0,0.0
2017-05-29 22:29:00+02:00,0.0,0.0,0.0,0.0,0.0,0.0,0.0,0.0,0.0,0.0,0.0,0.0,0.0,0.0,0.0,0.0,0.0,0.0,0.0,0.0,0.0,0.0,0.0,0.0,0.0,0.0,0.0,0.0,0.0,0.0,0.0,0.0,0.0,0.0,0.0,0.0,0.0,0.0,0.0,0.0,0.0,0.0,0.0,0.0,0.0,0.0,0.0,0.0,0.0,0.0,0.0,0.0,0.0,0.0,0.0,0.0,0.0,0.0,0.0,0.0,0.0,0.0,0.0,0.0,0.0,0.0,0.0,0.0,0.0,0.0,0.0,0.0,0.0,0.0,0.0,0.0,0.0,0.0,0.0,0.0,0.0,0.0,0.0,0.0,0.0,0.0,0.0,0.0,0.0,0.0,0.0,0.0,0.0,0.0,0.0,0.0,0.0,0.0,0.0,0.0,0.0,0.0,0.0,0.0,0.0,0.0,0.0,0.0,0.0,0.0,0.0,0.0,0.0,0.0,0.0,0.0,0.0,0.0
2017-05-29 22:30:00+02:00,0.0,0.0,0.0,0.0,0.0,0.0,0.0,0.0,0.0,0.0,0.0,0.0,0.0,0.0,0.0,0.0,0.0,0.0,0.0,0.0,0.0,0.0,0.0,0.0,0.0,0.0,0.0,0.0,0.0,0.0,0.0,0.0,0.0,0.0,0.0,0.0,0.0,0.0,0.0,0.0,0.0,0.0,0.0,0.0,0.0,0.0,0.0,0.0,0.0,0.0,0.0,0.0,0.0,0.0,0.0,0.0,0.0,0.0,0.0,0.0,0.0,0.0,0.0,0.0,0.0,0.0,0.0,0.0,0.0,0.0,0.0,0.0,0.0,0.0,0.0,0.0,0.0,0.0,0.0,0.0,0.0,0.0,0.0,0.0,0.0,0.0,0.0,0.0,0.0,0.0,0.0,0.0,0.0,0.0,0.0,0.0,0.0,0.0,0.0,0.0,0.0,0.0,0.0,0.0,0.0,0.0,0.0,0.0,0.0,0.0,0.0,0.0,0.0,0.0,0.0,0.0,0.0,0.0
2017-05-29 22:31:00+02:00,0.0,0.0,0.0,0.0,0.0,0.0,0.0,0.0,0.0,0.0,0.0,0.0,0.0,0.0,0.0,0.0,0.0,0.0,0.0,0.0,0.0,0.0,0.0,0.0,0.0,0.0,0.0,0.0,0.0,0.0,0.0,0.0,0.0,0.0,0.0,0.0,0.0,0.0,0.0,0.0,0.0,0.0,0.0,0.0,0.0,0.0,0.0,0.0,0.0,0.0,0.0,0.0,0.0,0.0,0.0,0.0,0.0,0.0,0.0,0.0,0.0,0.0,0.0,0.0,0.0,0.0,0.0,0.0,0.0,0.0,0.0,0.0,0.0,0.0,0.0,0.0,0.0,0.0,0.0,0.0,0.0,0.0,0.0,0.0,0.0,0.0,0.0,0.0,0.0,0.0,0.0,0.0,0.0,0.0,0.0,0.0,0.0,0.0,0.0,0.0,0.0,0.0,0.0,0.0,0.0,0.0,0.0,0.0,0.0,0.0,0.0,0.0,0.0,0.0,0.0,0.0,0.0,0.0
2017-05-29 22:32:00+02:00,0.0,0.0,0.0,0.0,0.0,0.0,0.0,0.0,0.0,0.0,0.0,0.0,0.0,0.0,0.0,0.0,0.0,0.0,0.0,0.0,0.0,0.0,0.0,0.0,0.0,0.0,0.0,0.0,0.0,0.0,0.0,0.0,0.0,0.0,0.0,0.0,0.0,0.0,0.0,0.0,0.0,0.0,0.0,0.0,0.0,0.0,0.0,0.0,0.0,0.0,0.0,0.0,0.0,0.0,0.0,0.0,0.0,0.0,0.0,0.0,0.0,0.0,0.0,0.0,0.0,0.0,0.0,0.0,0.0,0.0,0.0,0.0,0.0,0.0,0.0,0.0,0.0,0.0,0.0,0.0,0.0,0.0,0.0,0.0,0.0,0.0,0.0,0.0,0.0,0.0,0.0,0.0,0.0,0.0,0.0,0.0,0.0,0.0,0.0,0.0,0.0,0.0,0.0,0.0,0.0,0.0,0.0,0.0,0.0,0.0,0.0,0.0,0.0,0.0,0.0,0.0,0.0,0.0
2017-05-29 22:33:00+02:00,0.0,0.0,0.0,0.0,0.0,0.0,0.0,0.0,0.0,0.0,0.0,0.0,0.0,0.0,0.0,0.0,0.0,0.0,0.0,0.0,0.0,0.0,0.0,0.0,0.0,0.0,0.0,0.0,0.0,0.0,0.0,0.0,0.0,0.0,0.0,0.0,0.0,0.0,0.0,0.0,0.0,0.0,0.0,0.0,0.0,0.0,0.0,0.0,0.0,0.0,0.0,0.0,0.0,0.0,0.0,0.0,0.0,0.0,0.0,0.0,0.0,0.0,0.0,0.0,0.0,0.0,0.0,0.0,0.0,0.0,0.0,0.0,0.0,0.0,0.0,0.0,0.0,0.0,0.0,0.0,0.0,0.0,0.0,0.0,0.0,0.0,0.0,0.0,0.0,0.0,0.0,0.0,0.0,0.0,0.0,0.0,0.0,0.0,0.0,0.0,0.0,0.0,0.0,0.0,0.0,0.0,0.0,0.0,0.0,0.0,0.0,0.0,0.0,0.0,0.0,0.0,0.0,0.0
2017-05-29 22:34:00+02:00,0.0,0.0,0.0,0.0,0.0,0.0,0.0,0.0,0.0,0.0,0.0,0.0,0.0,0.0,0.0,0.0,0.0,0.0,0.0,0.0,0.0,0.0,0.0,0.0,0.0,0.0,0.0,0.0,0.0,0.0,0.0,0.0,0.0,0.0,0.0,0.0,0.0,0.0,0.0,0.0,0.0,0.0,0.0,0.0,0.0,0.0,0.0,0.0,0.0,0.0,0.0,0.0,0.0,0.0,0.0,0.0,0.0,0.0,0.0,0.0,0.0,0.0,0.0,0.0,0.0,0.0,0.0,0.0,0.0,0.0,0.0,0.0,0.0,0.0,0.0,0.0,0.0,0.0,0.0,0.0,0.0,0.0,0.0,0.0,0.0,0.0,0.0,0.0,0.0,0.0,0.0,0.0,0.0,0.0,0.0,0.0,0.0,0.0,0.0,0.0,0.0,0.0,0.0,0.0,0.0,0.0,0.0,0.0,0.0,0.0,0.0,0.0,0.0,0.0,0.0,0.0,0.0,0.0
2017-05-29 22:35:00+02:00,0.0,0.0,0.0,0.0,0.0,0.0,0.0,0.0,0.0,0.0,0.0,0.0,0.0,0.0,0.0,0.0,0.0,0.0,0.0,0.0,0.0,0.0,0.0,0.0,0.0,0.0,0.0,0.0,0.0,0.0,0.0,0.0,0.0,0.0,0.0,0.0,0.0,0.0,0.0,0.0,0.0,0.0,0.0,0.0,0.0,0.0,0.0,0.0,0.0,0.0,0.0,0.0,0.0,0.0,0.0,0.0,0.0,0.0,0.0,0.0,0.0,0.0,0.0,0.0,0.0,0.0,0.0,0.0,0.0,0.0,0.0,0.0,0.0,0.0,0.0,0.0,0.0,0.0,0.0,0.0,0.0,0.0,0.0,0.0,0.0,0.0,0.0,0.0,0.0,0.0,0.0,0.0,0.0,0.0,0.0,0.0,0.0,0.0,0.0,0.0,0.0,0.0,0.0,0.0,0.0,0.0,0.0,0.0,0.0,0.0,0.0,0.0,0.0,0.0,0.0,0.0,0.0,0.0
2017-05-29 22:36:00+02:00,0.0,0.0,0.0,0.0,0.0,0.0,0.0,0.0,0.0,0.0,0.0,0.0,0.0,0.0,0.0,0.0,0.0,0.0,0.0,0.0,0.0,0.0,0.0,0.0,0.0,0.0,0.0,0.0,0.0,0.0,0.0,0.0,0.0,0.0,0.0,0.0,0.0,0.0,0.0,0.0,0.0,0.0,0.0,0.0,0.0,0.0,0.0,0.0,0.0,0.0,0.0,0.0,0.0,0.0,0.0,0.0,0.0,0.0,0.0,0.0,0.0,0.0,0.0,0.0,0.0,0.0,0.0,0.0,0.0,0.0,0.0,0.0,0.0,0.0,0.0,0.0,0.0,0.0,0.0,0.0,0.0,0.0,0.0,0.0,0.0,0.0,0.0,0.0,0.0,0.0,0.0,0.0,0.0,0.0,0.0,0.0,0.0,0.0,0.0,0.0,0.0,0.0,0.0,0.0,0.0,0.0,0.0,0.0,0.0,0.0,0.0,0.0,0.0,0.0,0.0,0.0,0.0,0.0
2017-05-29 22:37:00+02:00,0.0,0.0,0.0,0.0,0.0,0.0,0.0,0.0,0.0,0.0,0.0,0.0,0.0,0.0,0.0,0.0,0.0,0.0,0.0,0.0,0.0,0.0,0.0,0.0,0.0,0.0,0.0,0.0,0.0,0.0,0.0,0.0,0.0,0.0,0.0,0.0,0.0,0.0,0.0,0.0,0.0,0.0,0.0,0.0,0.0,0.0,0.0,0.0,0.0,0.0,0.0,0.0,0.0,0.0,0.0,0.0,0.0,0.0,0.0,0.0,0.0,0.0,0.0,0.0,0.0,0.0,0.0,0.0,0.0,0.0,0.0,0.0,0.0,0.0,0.0,0.0,0.0,0.0,0.0,0.0,0.0,0.0,0.0,0.0,0.0,0.0,0.0,0.0,0.0,0.0,0.0,0.0,0.0,0.0,0.0,0.0,0.0,0.0,0.0,0.0,0.0,0.0,0.0,0.0,0.0,0.0,0.0,0.0,0.0,0.0,0.0,0.0,0.0,0.0,0.0,0.0,0.0,0.0
2017-05-29 22:38:00+02:00,0.0,0.0,0.0,0.0,0.0,0.0,0.0,0.0,0.0,0.0,0.0,0.0,0.0,0.0,0.0,0.0,0.0,0.0,0.0,0.0,0.0,0.0,0.0,0.0,0.0,0.0,0.0,0.0,0.0,0.0,0.0,0.0,0.0,0.0,0.0,0.0,0.0,0.0,0.0,0.0,0.0,0.0,0.0,0.0,0.0,0.0,0.0,0.0,0.0,0.0,0.0,0.0,0.0,0.0,0.0,0.0,0.0,0.0,0.0,0.0,0.0,0.0,0.0,0.0,0.0,0.0,0.0,0.0,0.0,0.0,0.0,0.0,0.0,0.0,0.0,0.0,0.0,0.0,0.0,0.0,0.0,0.0,0.0,0.0,0.0,0.0,0.0,0.0,0.0,0.0,0.0,0.0,0.0,0.0,0.0,0.0,0.0,0.0,0.0,0.0,0.0,0.0,0.0,0.0,0.0,0.0,0.0,0.0,0.0,0.0,0.0,0.0,0.0,0.0,0.0,0.0,0.0,0.0
2017-05-29 22:39:00+02:00,0.0,0.0,0.0,0.0,0.0,0.0,0.0,0.0,0.0,0.0,0.0,0.0,0.0,0.0,0.0,0.0,0.0,0.0,0.0,0.0,0.0,0.0,0.0,0.0,0.0,0.0,0.0,0.0,0.0,0.0,0.0,0.0,0.0,0.0,0.0,0.0,0.0,0.0,0.0,0.0,0.0,0.0,0.0,0.0,0.0,0.0,0.0,0.0,0.0,0.0,0.0,0.0,0.0,0.0,0.0,0.0,0.0,0.0,0.0,0.0,0.0,0.0,0.0,0.0,0.0,0.0,0.0,0.0,0.0,0.0,0.0,0.0,0.0,0.0,0.0,0.0,0.0,0.0,0.0,0.0,0.0,0.0,0.0,0.0,0.0,0.0,0.0,0.0,0.0,0.0,0.0,0.0,0.0,0.0,0.0,0.0,0.0,0.0,0.0,0.0,0.0,0.0,0.0,0.0,0.0,0.0,0.0,0.0,0.0,0.0,0.0,0.0,0.0,0.0,0.0,0.0,0.0,0.0
2017-05-29 22:40:00+02:00,0.0,0.0,0.0,0.0,0.0,0.0,0.0,0.0,0.0,0.0,0.0,0.0,0.0,0.0,0.0,0.0,0.0,0.0,0.0,0.0,0.0,0.0,0.0,0.0,0.0,0.0,0.0,0.0,0.0,0.0,0.0,0.0,0.0,0.0,0.0,0.0,0.0,0.0,0.0,0.0,0.0,0.0,0.0,0.0,0.0,0.0,0.0,0.0,0.0,0.0,0.0,0.0,0.0,0.0,0.0,0.0,0.0,0.0,0.0,0.0,0.0,0.0,0.0,0.0,0.0,0.0,0.0,0.0,0.0,0.0,0.0,0.0,0.0,0.0,0.0,0.0,0.0,0.0,0.0,0.0,0.0,0.0,0.0,0.0,0.0,0.0,0.0,0.0,0.0,0.0,0.0,0.0,0.0,0.0,0.0,0.0,0.0,0.0,0.0,0.0,0.0,0.0,0.0,0.0,0.0,0.0,0.0,0.0,0.0,0.0,0.0,0.0,0.0,0.0,0.0,0.0,0.0,0.0
2017-05-29 22:41:00+02:00,0.0,0.0,0.0,0.0,0.0,0.0,0.0,0.0,0.0,0.0,0.0,0.0,0.0,0.0,0.0,0.0,0.0,0.0,0.0,0.0,0.0,0.0,0.0,0.0,0.0,0.0,0.0,0.0,0.0,0.0,0.0,0.0,0.0,0.0,0.0,0.0,0.0,0.0,0.0,0.0,0.0,0.0,0.0,0.0,0.0,0.0,0.0,0.0,0.0,0.0,0.0,0.0,0.0,0.0,0.0,0.0,0.0,0.0,0.0,0.0,0.0,0.0,0.0,0.0,0.0,0.0,0.0,0.0,0.0,0.0,0.0,0.0,0.0,0.0,0.0,0.0,0.0,0.0,0.0,0.0,0.0,0.0,0.0,0.0,0.0,0.0,0.0,0.0,0.0,0.0,0.0,0.0,0.0,0.0,0.0,0.0,0.0,0.0,0.0,0.0,0.0,0.0,0.0,0.0,0.0,0.0,0.0,0.0,0.0,0.0,0.0,0.0,0.0,0.0,0.0,0.0,0.0,0.0
2017-05-29 22:42:00+02:00,0.0,0.0,0.0,0.0,0.0,0.0,0.0,0.0,0.0,0.0,0.0,0.0,0.0,0.0,0.0,0.0,0.0,0.0,0.0,0.0,0.0,0.0,0.0,0.0,0.0,0.0,0.0,0.0,0.0,0.0,0.0,0.0,0.0,0.0,0.0,0.0,0.0,0.0,0.0,0.0,0.0,0.0,0.0,0.0,0.0,0.0,0.0,0.0,0.0,0.0,0.0,0.0,0.0,0.0,0.0,0.0,0.0,0.0,0.0,0.0,0.0,0.0,0.0,0.0,0.0,0.0,0.0,0.0,0.0,0.0,0.0,0.0,0.0,0.0,0.0,0.0,0.0,0.0,0.0,0.0,0.0,0.0,0.0,0.0,0.0,0.0,0.0,0.0,0.0,0.0,0.0,0.0,0.0,0.0,0.0,0.0,0.0,0.0,0.0,0.0,0.0,0.0,0.0,0.0,0.0,0.0,0.0,0.0,0.0,0.0,0.0,0.0,0.0,0.0,0.0,0.0,0.0,0.0
2017-05-29 22:43:00+02:00,0.0,0.0,0.0,0.0,0.0,0.0,0.0,0.0,0.0,0.0,0.0,0.0,0.0,0.0,0.0,0.0,0.0,0.0,0.0,0.0,0.0,0.0,0.0,0.0,0.0,0.0,0.0,0.0,0.0,0.0,0.0,0.0,0.0,0.0,0.0,0.0,0.0,0.0,0.0,0.0,0.0,0.0,0.0,0.0,0.0,0.0,0.0,0.0,0.0,0.0,0.0,0.0,0.0,0.0,0.0,0.0,0.0,0.0,0.0,0.0,0.0,0.0,0.0,0.0,0.0,0.0,0.0,0.0,0.0,0.0,0.0,0.0,0.0,0.0,0.0,0.0,0.0,0.0,0.0,0.0,0.0,0.0,0.0,0.0,0.0,0.0,0.0,0.0,0.0,0.0,0.0,0.0,0.0,0.0,0.0,0.0,0.0,0.0,0.0,0.0,0.0,0.0,0.0,0.0,0.0,0.0,0.0,0.0,0.0,0.0,0.0,0.0,0.0,0.0,0.0,0.0,0.0,0.0
2017-05-29 22:44:00+02:00,0.0,0.0,0.0,0.0,0.0,0.0,0.0,0.0,0.0,0.0,0.0,0.0,0.0,0.0,0.0,0.0,0.0,0.0,0.0,0.0,0.0,0.0,0.0,0.0,0.0,0.0,0.0,0.0,0.0,0.0,0.0,0.0,0.0,0.0,0.0,0.0,0.0,0.0,0.0,0.0,0.0,0.0,0.0,0.0,0.0,0.0,0.0,0.0,0.0,0.0,0.0,0.0,0.0,0.0,0.0,0.0,0.0,0.0,0.0,0.0,0.0,0.0,0.0,0.0,0.0,0.0,0.0,0.0,0.0,0.0,0.0,0.0,0.0,0.0,0.0,0.0,0.0,0.0,0.0,0.0,0.0,0.0,0.0,0.0,0.0,0.0,0.0,0.0,0.0,0.0,0.0,0.0,0.0,0.0,0.0,0.0,0.0,0.0,0.0,0.0,0.0,0.0,0.0,0.0,0.0,0.0,0.0,0.0,0.0,0.0,0.0,0.0,0.0,0.0,0.0,0.0,0.0,0.0
2017-05-29 22:45:00+02:00,0.0,0.0,0.0,0.0,0.0,0.0,0.0,0.0,0.0,0.0,0.0,0.0,0.0,0.0,0.0,0.0,0.0,0.0,0.0,0.0,0.0,0.0,0.0,0.0,0.0,0.0,0.0,0.0,0.0,0.0,0.0,0.0,0.0,0.0,0.0,0.0,0.0,0.0,0.0,0.0,0.0,0.0,0.0,0.0,0.0,0.0,0.0,0.0,0.0,0.0,0.0,0.0,0.0,0.0,0.0,0.0,0.0,0.0,0.0,0.0,0.0,0.0,0.0,0.0,0.0,0.0,0.0,0.0,0.0,0.0,0.0,0.0,0.0,0.0,0.0,0.0,0.0,0.0,0.0,0.0,0.0,0.0,0.0,0.0,0.0,0.0,0.0,0.0,0.0,0.0,0.0,0.0,0.0,0.0,0.0,0.0,0.0,0.0,0.0,0.0,0.0,0.0,0.0,0.0,0.0,0.0,0.0,0.0,0.0,0.0,0.0,0.0,0.0,0.0,0.0,0.0,0.0,0.0
2017-05-29 22:46:00+02:00,0.0,0.0,0.0,0.0,0.0,0.0,0.0,0.0,0.0,0.0,0.0,0.0,0.0,0.0,0.0,0.0,0.0,0.0,0.0,0.0,0.0,0.0,0.0,0.0,0.0,0.0,0.0,0.0,0.0,0.0,0.0,0.0,0.0,0.0,0.0,0.0,0.0,0.0,0.0,0.0,0.0,0.0,0.0,0.0,0.0,0.0,0.0,0.0,0.0,0.0,0.0,0.0,0.0,0.0,0.0,0.0,0.0,0.0,0.0,0.0,0.0,0.0,0.0,0.0,0.0,0.0,0.0,0.0,0.0,0.0,0.0,0.0,0.0,0.0,0.0,0.0,0.0,0.0,0.0,0.0,0.0,0.0,0.0,0.0,0.0,0.0,0.0,0.0,0.0,0.0,0.0,0.0,0.0,0.0,0.0,0.0,0.0,0.0,0.0,0.0,0.0,0.0,0.0,0.0,0.0,0.0,0.0,0.0,0.0,0.0,0.0,0.0,0.0,0.0,0.0,0.0,0.0,0.0
2017-05-29 22:47:00+02:00,0.0,0.0,0.0,0.0,0.0,0.0,0.0,0.0,0.0,0.0,0.0,0.0,0.0,0.0,0.0,0.0,0.0,0.0,0.0,0.0,0.0,0.0,0.0,0.0,0.0,0.0,0.0,0.0,0.0,0.0,0.0,0.0,0.0,0.0,0.0,0.0,0.0,0.0,0.0,0.0,0.0,0.0,0.0,0.0,0.0,0.0,0.0,0.0,0.0,0.0,0.0,0.0,0.0,0.0,0.0,0.0,0.0,0.0,0.0,0.0,0.0,0.0,0.0,0.0,0.0,0.0,0.0,0.0,0.0,0.0,0.0,0.0,0.0,0.0,0.0,0.0,0.0,0.0,0.0,0.0,0.0,0.0,0.0,0.0,0.0,0.0,0.0,0.0,0.0,0.0,0.0,0.0,0.0,0.0,0.0,0.0,0.0,0.0,0.0,0.0,0.0,0.0,0.0,0.0,0.0,0.0,0.0,0.0,0.0,0.0,0.0,0.0,0.0,0.0,0.0,0.0,0.0,0.0
2017-05-29 22:48:00+02:00,0.0,0.0,0.0,0.0,0.0,0.0,0.0,0.0,0.0,0.0,0.0,0.0,0.0,0.0,0.0,0.0,0.0,0.0,0.0,0.0,0.0,0.0,0.0,0.0,0.0,0.0,0.0,0.0,0.0,0.0,0.0,0.0,0.0,0.0,0.0,0.0,0.0,0.0,0.0,0.0,0.0,0.0,0.0,0.0,0.0,0.0,0.0,0.0,0.0,0.0,0.0,0.0,0.0,0.0,0.0,0.0,0.0,0.0,0.0,0.0,0.0,0.0,0.0,0.0,0.0,0.0,0.0,0.0,0.0,0.0,0.0,0.0,0.0,0.0,0.0,0.0,0.0,0.0,0.0,0.0,0.0,0.0,0.0,0.0,0.0,0.0,0.0,0.0,0.0,0.0,0.0,0.0,0.0,0.0,0.0,0.0,0.0,0.0,0.0,0.0,0.0,0.0,0.0,0.0,0.0,0.0,0.0,0.0,0.0,0.0,0.0,0.0,0.0,0.0,0.0,0.0,0.0,0.0
2017-05-29 22:49:00+02:00,0.0,0.0,0.0,0.0,0.0,0.0,0.0,0.0,0.0,0.0,0.0,0.0,0.0,0.0,0.0,0.0,0.0,0.0,0.0,0.0,0.0,0.0,0.0,0.0,0.0,0.0,0.0,0.0,0.0,0.0,0.0,0.0,0.0,0.0,0.0,0.0,0.0,0.0,0.0,0.0,0.0,0.0,0.0,0.0,0.0,0.0,0.0,0.0,0.0,0.0,0.0,0.0,0.0,0.0,0.0,0.0,0.0,0.0,0.0,0.0,0.0,0.0,0.0,0.0,0.0,0.0,0.0,0.0,0.0,0.0,0.0,0.0,0.0,0.0,0.0,0.0,0.0,0.0,0.0,0.0,0.0,0.0,0.0,0.0,0.0,0.0,0.0,0.0,0.0,0.0,0.0,0.0,0.0,0.0,0.0,0.0,0.0,0.0,0.0,0.0,0.0,0.0,0.0,0.0,0.0,0.0,0.0,0.0,0.0,0.0,0.0,0.0,0.0,0.0,0.0,0.0,0.0,0.0
2017-05-29 22:50:00+02:00,0.0,0.0,0.0,0.0,0.0,0.0,0.0,0.0,0.0,0.0,0.0,0.0,0.0,0.0,0.0,0.0,0.0,0.0,0.0,0.0,0.0,0.0,0.0,0.0,0.0,0.0,0.0,0.0,0.0,0.0,0.0,0.0,0.0,0.0,0.0,0.0,0.0,0.0,0.0,0.0,0.0,0.0,0.0,0.0,0.0,0.0,0.0,0.0,0.0,0.0,0.0,0.0,0.0,0.0,0.0,0.0,0.0,0.0,0.0,0.0,0.0,0.0,0.0,0.0,0.0,0.0,0.0,0.0,0.0,0.0,0.0,0.0,0.0,0.0,0.0,0.0,0.0,0.0,0.0,0.0,0.0,0.0,0.0,0.0,0.0,0.0,0.0,0.0,0.0,0.0,0.0,0.0,0.0,0.0,0.0,0.0,0.0,0.0,0.0,0.0,0.0,0.0,0.0,0.0,0.0,0.0,0.0,0.0,0.0,0.0,0.0,0.0,0.0,0.0,0.0,0.0,0.0,0.0
2017-05-29 22:51:00+02:00,0.0,0.0,0.0,0.0,0.0,0.0,0.0,0.0,0.0,0.0,0.0,0.0,0.0,0.0,0.0,0.0,0.0,0.0,0.0,0.0,0.0,0.0,0.0,0.0,0.0,0.0,0.0,0.0,0.0,0.0,0.0,0.0,0.0,0.0,0.0,0.0,0.0,0.0,0.0,0.0,0.0,0.0,0.0,0.0,0.0,0.0,0.0,0.0,0.0,0.0,0.0,0.0,0.0,0.0,0.0,0.0,0.0,0.0,0.0,0.0,0.0,0.0,0.0,0.0,0.0,0.0,0.0,0.0,0.0,0.0,0.0,0.0,0.0,0.0,0.0,0.0,0.0,0.0,0.0,0.0,0.0,0.0,0.0,0.0,0.0,0.0,0.0,0.0,0.0,0.0,0.0,0.0,0.0,0.0,0.0,0.0,0.0,0.0,0.0,0.0,0.0,0.0,0.0,0.0,0.0,0.0,0.0,0.0,0.0,0.0,0.0,0.0,0.0,0.0,0.0,0.0,0.0,0.0
2017-05-29 22:52:00+02:00,0.0,0.0,0.0,0.0,0.0,0.0,0.0,0.0,0.0,0.0,0.0,0.0,0.0,0.0,0.0,0.0,0.0,0.0,0.0,0.0,0.0,0.0,0.0,0.0,0.0,0.0,0.0,0.0,0.0,0.0,0.0,0.0,0.0,0.0,0.0,0.0,0.0,0.0,0.0,0.0,0.0,0.0,0.0,0.0,0.0,0.0,0.0,0.0,0.0,0.0,0.0,0.0,0.0,0.0,0.0,0.0,0.0,0.0,0.0,0.0,0.0,0.0,0.0,0.0,0.0,0.0,0.0,0.0,0.0,0.0,0.0,0.0,0.0,0.0,0.0,0.0,0.0,0.0,0.0,0.0,0.0,0.0,0.0,0.0,0.0,0.0,0.0,0.0,0.0,0.0,0.0,0.0,0.0,0.0,0.0,0.0,0.0,0.0,0.0,0.0,0.0,0.0,0.0,0.0,0.0,0.0,0.0,0.0,0.0,0.0,0.0,0.0,0.0,0.0,0.0,0.0,0.0,0.0
2017-05-29 22:53:00+02:00,0.0,0.0,0.0,0.0,0.0,0.0,0.0,0.0,0.0,0.0,0.0,0.0,0.0,0.0,0.0,0.0,0.0,0.0,0.0,0.0,0.0,0.0,0.0,0.0,0.0,0.0,0.0,0.0,0.0,0.0,0.0,0.0,0.0,0.0,0.0,0.0,0.0,0.0,0.0,0.0,0.0,0.0,0.0,0.0,0.0,0.0,0.0,0.0,0.0,0.0,0.0,0.0,0.0,0.0,0.0,0.0,0.0,0.0,0.0,0.0,0.0,0.0,0.0,0.0,0.0,0.0,0.0,0.0,0.0,0.0,0.0,0.0,0.0,0.0,0.0,0.0,0.0,0.0,0.0,0.0,0.0,0.0,0.0,0.0,0.0,0.0,0.0,0.0,0.0,0.0,0.0,0.0,0.0,0.0,0.0,0.0,0.0,0.0,0.0,0.0,0.0,0.0,0.0,0.0,0.0,0.0,0.0,0.0,0.0,0.0,0.0,0.0,0.0,0.0,0.0,0.0,0.0,0.0
2017-05-29 22:54:00+02:00,0.0,0.0,0.0,0.0,0.0,0.0,0.0,0.0,0.0,0.0,0.0,0.0,0.0,0.0,0.0,0.0,0.0,0.0,0.0,0.0,0.0,0.0,0.0,0.0,0.0,0.0,0.0,0.0,0.0,0.0,0.0,0.0,0.0,0.0,0.0,0.0,0.0,0.0,0.0,0.0,0.0,0.0,0.0,0.0,0.0,0.0,0.0,0.0,0.0,0.0,0.0,0.0,0.0,0.0,0.0,0.0,0.0,0.0,0.0,0.0,0.0,0.0,0.0,0.0,0.0,0.0,0.0,0.0,0.0,0.0,0.0,0.0,0.0,0.0,0.0,0.0,0.0,0.0,0.0,0.0,0.0,0.0,0.0,0.0,0.0,0.0,0.0,0.0,0.0,0.0,0.0,0.0,0.0,0.0,0.0,0.0,0.0,0.0,0.0,0.0,0.0,0.0,0.0,0.0,0.0,0.0,0.0,0.0,0.0,0.0,0.0,0.0,0.0,0.0,0.0,0.0,0.0,0.0
2017-05-29 22:55:00+02:00,0.0,0.0,0.0,0.0,0.0,0.0,0.0,0.0,0.0,0.0,0.0,0.0,0.0,0.0,0.0,0.0,0.0,0.0,0.0,0.0,0.0,0.0,0.0,0.0,0.0,0.0,0.0,0.0,0.0,0.0,0.0,0.0,0.0,0.0,0.0,0.0,0.0,0.0,0.0,0.0,0.0,0.0,0.0,0.0,0.0,0.0,0.0,0.0,0.0,0.0,0.0,0.0,0.0,0.0,0.0,0.0,0.0,0.0,0.0,0.0,0.0,0.0,0.0,0.0,0.0,0.0,0.0,0.0,0.0,0.0,0.0,0.0,0.0,0.0,0.0,0.0,0.0,0.0,0.0,0.0,0.0,0.0,0.0,0.0,0.0,0.0,0.0,0.0,0.0,0.0,0.0,0.0,0.0,0.0,0.0,0.0,0.0,0.0,0.0,0.0,0.0,0.0,0.0,0.0,0.0,0.0,0.0,0.0,0.0,0.0,0.0,0.0,0.0,0.0,0.0,0.0,0.0,0.0
2017-05-29 22:56:00+02:00,0.0,0.0,0.0,0.0,0.0,0.0,0.0,0.0,0.0,0.0,0.0,0.0,0.0,0.0,0.0,0.0,0.0,0.0,0.0,0.0,0.0,0.0,0.0,0.0,0.0,0.0,0.0,0.0,0.0,0.0,0.0,0.0,0.0,0.0,0.0,0.0,0.0,0.0,0.0,0.0,0.0,0.0,0.0,0.0,0.0,0.0,0.0,0.0,0.0,0.0,0.0,0.0,0.0,0.0,0.0,0.0,0.0,0.0,0.0,0.0,0.0,0.0,0.0,0.0,0.0,0.0,0.0,0.0,0.0,0.0,0.0,0.0,0.0,0.0,0.0,0.0,0.0,0.0,0.0,0.0,0.0,0.0,0.0,0.0,0.0,0.0,0.0,0.0,0.0,0.0,0.0,0.0,0.0,0.0,0.0,0.0,0.0,0.0,0.0,0.0,0.0,0.0,0.0,0.0,0.0,0.0,0.0,0.0,0.0,0.0,0.0,0.0,0.0,0.0,0.0,0.0,0.0,0.0
2017-05-29 22:57:00+02:00,0.0,0.0,0.0,0.0,0.0,0.0,0.0,0.0,0.0,0.0,0.0,0.0,0.0,0.0,0.0,0.0,0.0,0.0,0.0,0.0,0.0,0.0,0.0,0.0,0.0,0.0,0.0,0.0,0.0,0.0,0.0,0.0,0.0,0.0,0.0,0.0,0.0,0.0,0.0,0.0,0.0,0.0,0.0,0.0,0.0,0.0,0.0,0.0,0.0,0.0,0.0,0.0,0.0,0.0,0.0,0.0,0.0,0.0,0.0,0.0,0.0,0.0,0.0,0.0,0.0,0.0,0.0,0.0,0.0,0.0,0.0,0.0,0.0,0.0,0.0,0.0,0.0,0.0,0.0,0.0,0.0,0.0,0.0,0.0,0.0,0.0,0.0,0.0,0.0,0.0,0.0,0.0,0.0,0.0,0.0,0.0,0.0,0.0,0.0,0.0,0.0,0.0,0.0,0.0,0.0,0.0,0.0,0.0,0.0,0.0,0.0,0.0,0.0,0.0,0.0,0.0,0.0,0.0
2017-05-29 22:58:00+02:00,0.0,0.0,0.0,0.0,0.0,0.0,0.0,0.0,0.0,0.0,0.0,0.0,0.0,0.0,0.0,0.0,0.0,0.0,0.0,0.0,0.0,0.0,0.0,0.0,0.0,0.0,0.0,0.0,0.0,0.0,0.0,0.0,0.0,0.0,0.0,0.0,0.0,0.0,0.0,0.0,0.0,0.0,0.0,0.0,0.0,0.0,0.0,0.0,0.0,0.0,0.0,0.0,0.0,0.0,0.0,0.0,0.0,0.0,0.0,0.0,0.0,0.0,0.0,0.0,0.0,0.0,0.0,0.0,0.0,0.0,0.0,0.0,0.0,0.0,0.0,0.0,0.0,0.0,0.0,0.0,0.0,0.0,0.0,0.0,0.0,0.0,0.0,0.0,0.0,0.0,0.0,0.0,0.0,0.0,0.0,0.0,0.0,0.0,0.0,0.0,0.0,0.0,0.0,0.0,0.0,0.0,0.0,0.0,0.0,0.0,0.0,0.0,0.0,0.0,0.0,0.0,0.0,0.0
2017-05-29 22:59:00+02:00,0.0,0.0,0.0,0.0,0.0,0.0,0.0,0.0,0.0,0.0,0.0,0.0,0.0,0.0,0.0,0.0,0.0,0.0,0.0,0.0,0.0,0.0,0.0,0.0,0.0,0.0,0.0,0.0,0.0,0.0,0.0,0.0,0.0,0.0,0.0,0.0,0.0,0.0,0.0,0.0,0.0,0.0,0.0,0.0,0.0,0.0,0.0,0.0,0.0,0.0,0.0,0.0,0.0,0.0,0.0,0.0,0.0,0.0,0.0,0.0,0.0,0.0,0.0,0.0,0.0,0.0,0.0,0.0,0.0,0.0,0.0,0.0,0.0,0.0,0.0,0.0,0.0,0.0,0.0,0.0,0.0,0.0,0.0,0.0,0.0,0.0,0.0,0.0,0.0,0.0,0.0,0.0,0.0,0.0,0.0,0.0,0.0,0.0,0.0,0.0,0.0,0.0,0.0,0.0,0.0,0.0,0.0,0.0,0.0,0.0,0.0,0.0,0.0,0.0,0.0,0.0,0.0,0.0
2017-05-29 23:00:00+02:00,0.0,0.0,0.0,0.0,0.0,0.0,0.0,0.0,0.0,0.0,0.0,0.0,0.0,0.0,0.0,0.0,0.0,0.0,0.0,0.0,0.0,0.0,0.0,0.0,0.0,0.0,0.0,0.0,0.0,0.0,0.0,0.0,0.0,0.0,0.0,0.0,0.0,0.0,0.0,0.0,0.0,0.0,0.0,0.0,0.0,0.0,0.0,0.0,0.0,0.0,0.0,0.0,0.0,0.0,0.0,0.0,0.0,0.0,0.0,0.0,0.0,0.0,0.0,0.0,0.0,0.0,0.0,0.0,0.0,0.0,0.0,0.0,0.0,0.0,0.0,0.0,0.0,0.0,0.0,0.0,0.0,0.0,0.0,0.0,0.0,0.0,0.0,0.0,0.0,0.0,0.0,0.0,0.0,0.0,0.0,0.0,0.0,0.0,0.0,0.0,0.0,0.0,0.0,0.0,0.0,0.0,0.0,0.0,0.0,0.0,0.0,0.0,0.0,0.0,0.0,0.0,0.0,0.0
2017-05-29 23:01:00+02:00,0.0,0.0,0.0,0.0,0.0,0.0,0.0,0.0,0.0,0.0,0.0,0.0,0.0,0.0,0.0,0.0,0.0,0.0,0.0,0.0,0.0,0.0,0.0,0.0,0.0,0.0,0.0,0.0,0.0,0.0,0.0,0.0,0.0,0.0,0.0,0.0,0.0,0.0,0.0,0.0,0.0,0.0,0.0,0.0,0.0,0.0,0.0,0.0,0.0,0.0,0.0,0.0,0.0,0.0,0.0,0.0,0.0,0.0,0.0,0.0,0.0,0.0,0.0,0.0,0.0,0.0,0.0,0.0,0.0,0.0,0.0,0.0,0.0,0.0,0.0,0.0,0.0,0.0,0.0,0.0,0.0,0.0,0.0,0.0,0.0,0.0,0.0,0.0,0.0,0.0,0.0,0.0,0.0,0.0,0.0,0.0,0.0,0.0,0.0,0.0,0.0,0.0,0.0,0.0,0.0,0.0,0.0,0.0,0.0,0.0,0.0,0.0,0.0,0.0,0.0,0.0,0.0,0.0
2017-05-29 23:02:00+02:00,0.0,0.0,0.0,0.0,0.0,0.0,0.0,0.0,0.0,0.0,0.0,0.0,0.0,0.0,0.0,0.0,0.0,0.0,0.0,0.0,0.0,0.0,0.0,0.0,0.0,0.0,0.0,0.0,0.0,0.0,0.0,0.0,0.0,0.0,0.0,0.0,0.0,0.0,0.0,0.0,0.0,0.0,0.0,0.0,0.0,0.0,0.0,0.0,0.0,0.0,0.0,0.0,0.0,0.0,0.0,0.0,0.0,0.0,0.0,0.0,0.0,0.0,0.0,0.0,0.0,0.0,0.0,0.0,0.0,0.0,0.0,0.0,0.0,0.0,0.0,0.0,0.0,0.0,0.0,0.0,0.0,0.0,0.0,0.0,0.0,0.0,0.0,0.0,0.0,0.0,0.0,0.0,0.0,0.0,0.0,0.0,0.0,0.0,0.0,0.0,0.0,0.0,0.0,0.0,0.0,0.0,0.0,0.0,0.0,0.0,0.0,0.0,0.0,0.0,0.0,0.0,0.0,0.0
2017-05-29 23:03:00+02:00,0.0,0.0,0.0,0.0,0.0,0.0,0.0,0.0,0.0,0.0,0.0,0.0,0.0,0.0,0.0,0.0,0.0,0.0,0.0,0.0,0.0,0.0,0.0,0.0,0.0,0.0,0.0,0.0,0.0,0.0,0.0,0.0,0.0,0.0,0.0,0.0,0.0,0.0,0.0,0.0,0.0,0.0,0.0,0.0,0.0,0.0,0.0,0.0,0.0,0.0,0.0,0.0,0.0,0.0,0.0,0.0,0.0,0.0,0.0,0.0,0.0,0.0,0.0,0.0,0.0,0.0,0.0,0.0,0.0,0.0,0.0,0.0,0.0,0.0,0.0,0.0,0.0,0.0,0.0,0.0,0.0,0.0,0.0,0.0,0.0,0.0,0.0,0.0,0.0,0.0,0.0,0.0,0.0,0.0,0.0,0.0,0.0,0.0,0.0,0.0,0.0,0.0,0.0,0.0,0.0,0.0,0.0,0.0,0.0,0.0,0.0,0.0,0.0,0.0,0.0,0.0,0.0,0.0
2017-05-29 23:04:00+02:00,0.0,0.0,0.0,0.0,0.0,0.0,0.0,0.0,0.0,0.0,0.0,0.0,0.0,0.0,0.0,0.0,0.0,0.0,0.0,0.0,0.0,0.0,0.0,0.0,0.0,0.0,0.0,0.0,0.0,0.0,0.0,0.0,0.0,0.0,0.0,0.0,0.0,0.0,0.0,0.0,0.0,0.0,0.0,0.0,0.0,0.0,0.0,0.0,0.0,0.0,0.0,0.0,0.0,0.0,0.0,0.0,0.0,0.0,0.0,0.0,0.0,0.0,0.0,0.0,0.0,0.0,0.0,0.0,0.0,0.0,0.0,0.0,0.0,0.0,0.0,0.0,0.0,0.0,0.0,0.0,0.0,0.0,0.0,0.0,0.0,0.0,0.0,0.0,0.0,0.0,0.0,0.0,0.0,0.0,0.0,0.0,0.0,0.0,0.0,0.0,0.0,0.0,0.0,0.0,0.0,0.0,0.0,0.0,0.0,0.0,0.0,0.0,0.0,0.0,0.0,0.0,0.0,0.0
2017-05-29 23:05:00+02:00,0.0,0.0,0.0,0.0,0.0,0.0,0.0,0.0,0.0,0.0,0.0,0.0,0.0,0.0,0.0,0.0,0.0,0.0,0.0,0.0,0.0,0.0,0.0,0.0,0.0,0.0,0.0,0.0,0.0,0.0,0.0,0.0,0.0,0.0,0.0,0.0,0.0,0.0,0.0,0.0,0.0,0.0,0.0,0.0,0.0,0.0,0.0,0.0,0.0,0.0,0.0,0.0,0.0,0.0,0.0,0.0,0.0,0.0,0.0,0.0,0.0,0.0,0.0,0.0,0.0,0.0,0.0,0.0,0.0,0.0,0.0,0.0,0.0,0.0,0.0,0.0,0.0,0.0,0.0,0.0,0.0,0.0,0.0,0.0,0.0,0.0,0.0,0.0,0.0,0.0,0.0,0.0,0.0,0.0,0.0,0.0,0.0,0.0,0.0,0.0,0.0,0.0,0.0,0.0,0.0,0.0,0.0,0.0,0.0,0.0,0.0,0.0,0.0,0.0,0.0,0.0,0.0,0.0
2017-05-29 23:06:00+02:00,0.0,0.0,0.0,0.0,0.0,0.0,0.0,0.0,0.0,0.0,0.0,0.0,0.0,0.0,0.0,0.0,0.0,0.0,0.0,0.0,0.0,0.0,0.0,0.0,0.0,0.0,0.0,0.0,0.0,0.0,0.0,0.0,0.0,0.0,0.0,0.0,0.0,0.0,0.0,0.0,0.0,0.0,0.0,0.0,0.0,0.0,0.0,0.0,0.0,0.0,0.0,0.0,0.0,0.0,0.0,0.0,0.0,0.0,0.0,0.0,0.0,0.0,0.0,0.0,0.0,0.0,0.0,0.0,0.0,0.0,0.0,0.0,0.0,0.0,0.0,0.0,0.0,0.0,0.0,0.0,0.0,0.0,0.0,0.0,0.0,0.0,0.0,0.0,0.0,0.0,0.0,0.0,0.0,0.0,0.0,0.0,0.0,0.0,0.0,0.0,0.0,0.0,0.0,0.0,0.0,0.0,0.0,0.0,0.0,0.0,0.0,0.0,0.0,0.0,0.0,0.0,0.0,0.0
2017-05-29 23:07:00+02:00,0.0,0.0,0.0,0.0,0.0,0.0,0.0,0.0,0.0,0.0,0.0,0.0,0.0,0.0,0.0,0.0,0.0,0.0,0.0,0.0,0.0,0.0,0.0,0.0,0.0,0.0,0.0,0.0,0.0,0.0,0.0,0.0,0.0,0.0,0.0,0.0,0.0,0.0,0.0,0.0,0.0,0.0,0.0,0.0,0.0,0.0,0.0,0.0,0.0,0.0,0.0,0.0,0.0,0.0,0.0,0.0,0.0,0.0,0.0,0.0,0.0,0.0,0.0,0.0,0.0,0.0,0.0,0.0,0.0,0.0,0.0,0.0,0.0,0.0,0.0,0.0,0.0,0.0,0.0,0.0,0.0,0.0,0.0,0.0,0.0,0.0,0.0,0.0,0.0,0.0,0.0,0.0,0.0,0.0,0.0,0.0,0.0,0.0,0.0,0.0,0.0,0.0,0.0,0.0,0.0,0.0,0.0,0.0,0.0,0.0,0.0,0.0,0.0,0.0,0.0,0.0,0.0,0.0
2017-05-29 23:08:00+02:00,0.0,0.0,0.0,0.0,0.0,0.0,0.0,0.0,0.0,0.0,0.0,0.0,0.0,0.0,0.0,0.0,0.0,0.0,0.0,0.0,0.0,0.0,0.0,0.0,0.0,0.0,0.0,0.0,0.0,0.0,0.0,0.0,0.0,0.0,0.0,0.0,0.0,0.0,0.0,0.0,0.0,0.0,0.0,0.0,0.0,0.0,0.0,0.0,0.0,0.0,0.0,0.0,0.0,0.0,0.0,0.0,0.0,0.0,0.0,0.0,0.0,0.0,0.0,0.0,0.0,0.0,0.0,0.0,0.0,0.0,0.0,0.0,0.0,0.0,0.0,0.0,0.0,0.0,0.0,0.0,0.0,0.0,0.0,0.0,0.0,0.0,0.0,0.0,0.0,0.0,0.0,0.0,0.0,0.0,0.0,0.0,0.0,0.0,0.0,0.0,0.0,0.0,0.0,0.0,0.0,0.0,0.0,0.0,0.0,0.0,0.0,0.0,0.0,0.0,0.0,0.0,0.0,0.0
2017-05-29 23:09:00+02:00,0.0,0.0,0.0,0.0,0.0,0.0,0.0,0.0,0.0,0.0,0.0,0.0,0.0,0.0,0.0,0.0,0.0,0.0,0.0,0.0,0.0,0.0,0.0,0.0,0.0,0.0,0.0,0.0,0.0,0.0,0.0,0.0,0.0,0.0,0.0,0.0,0.0,0.0,0.0,0.0,0.0,0.0,0.0,0.0,0.0,0.0,0.0,0.0,0.0,0.0,0.0,0.0,0.0,0.0,0.0,0.0,0.0,0.0,0.0,0.0,0.0,0.0,0.0,0.0,0.0,0.0,0.0,0.0,0.0,0.0,0.0,0.0,0.0,0.0,0.0,0.0,0.0,0.0,0.0,0.0,0.0,0.0,0.0,0.0,0.0,0.0,0.0,0.0,0.0,0.0,0.0,0.0,0.0,0.0,0.0,0.0,0.0,0.0,0.0,0.0,0.0,0.0,0.0,0.0,0.0,0.0,0.0,0.0,0.0,0.0,0.0,0.0,0.0,0.0,0.0,0.0,0.0,0.0
2017-05-29 23:10:00+02:00,0.0,0.0,0.0,0.0,0.0,0.0,0.0,0.0,0.0,0.0,0.0,0.0,0.0,0.0,0.0,0.0,0.0,0.0,0.0,0.0,0.0,0.0,0.0,0.0,0.0,0.0,0.0,0.0,0.0,0.0,0.0,0.0,0.0,0.0,0.0,0.0,0.0,0.0,0.0,0.0,0.0,0.0,0.0,0.0,0.0,0.0,0.0,0.0,0.0,0.0,0.0,0.0,0.0,0.0,0.0,0.0,0.0,0.0,0.0,0.0,0.0,0.0,0.0,0.0,0.0,0.0,0.0,0.0,0.0,0.0,0.0,0.0,0.0,0.0,0.0,0.0,0.0,0.0,0.0,0.0,0.0,0.0,0.0,0.0,0.0,0.0,0.0,0.0,0.0,0.0,0.0,0.0,0.0,0.0,0.0,0.0,0.0,0.0,0.0,0.0,0.0,0.0,0.0,0.0,0.0,0.0,0.0,0.0,0.0,0.0,0.0,0.0,0.0,0.0,0.0,0.0,0.0,0.0
2017-05-29 23:11:00+02:00,0.0,0.0,0.0,0.0,0.0,0.0,0.0,0.0,0.0,0.0,0.0,0.0,0.0,0.0,0.0,0.0,0.0,0.0,0.0,0.0,0.0,0.0,0.0,0.0,0.0,0.0,0.0,0.0,0.0,0.0,0.0,0.0,0.0,0.0,0.0,0.0,0.0,0.0,0.0,0.0,0.0,0.0,0.0,0.0,0.0,0.0,0.0,0.0,0.0,0.0,0.0,0.0,0.0,0.0,0.0,0.0,0.0,0.0,0.0,0.0,0.0,0.0,0.0,0.0,0.0,0.0,0.0,0.0,0.0,0.0,0.0,0.0,0.0,0.0,0.0,0.0,0.0,0.0,0.0,0.0,0.0,0.0,0.0,0.0,0.0,0.0,0.0,0.0,0.0,0.0,0.0,0.0,0.0,0.0,0.0,0.0,0.0,0.0,0.0,0.0,0.0,0.0,0.0,0.0,0.0,0.0,0.0,0.0,0.0,0.0,0.0,0.0,0.0,0.0,0.0,0.0,0.0,0.0
2017-05-29 23:12:00+02:00,0.0,0.0,0.0,0.0,0.0,0.0,0.0,0.0,0.0,0.0,0.0,0.0,0.0,0.0,0.0,0.0,0.0,0.0,0.0,0.0,0.0,0.0,0.0,0.0,0.0,0.0,0.0,0.0,0.0,0.0,0.0,0.0,0.0,0.0,0.0,0.0,0.0,0.0,0.0,0.0,0.0,0.0,0.0,0.0,0.0,0.0,0.0,0.0,0.0,0.0,0.0,0.0,0.0,0.0,0.0,0.0,0.0,0.0,0.0,0.0,0.0,0.0,0.0,0.0,0.0,0.0,0.0,0.0,0.0,0.0,0.0,0.0,0.0,0.0,0.0,0.0,0.0,0.0,0.0,0.0,0.0,0.0,0.0,0.0,0.0,0.0,0.0,0.0,0.0,0.0,0.0,0.0,0.0,0.0,0.0,0.0,0.0,0.0,0.0,0.0,0.0,0.0,0.0,0.0,0.0,0.0,0.0,0.0,0.0,0.0,0.0,0.0,0.0,0.0,0.0,0.0,0.0,0.0
2017-05-29 23:13:00+02:00,0.0,0.0,0.0,0.0,0.0,0.0,0.0,0.0,0.0,0.0,0.0,0.0,0.0,0.0,0.0,0.0,0.0,0.0,0.0,0.0,0.0,0.0,0.0,0.0,0.0,0.0,0.0,0.0,0.0,0.0,0.0,0.0,0.0,0.0,0.0,0.0,0.0,0.0,0.0,0.0,0.0,0.0,0.0,0.0,0.0,0.0,0.0,0.0,0.0,0.0,0.0,0.0,0.0,0.0,0.0,0.0,0.0,0.0,0.0,0.0,0.0,0.0,0.0,0.0,0.0,0.0,0.0,0.0,0.0,0.0,0.0,0.0,0.0,0.0,0.0,0.0,0.0,0.0,0.0,0.0,0.0,0.0,0.0,0.0,0.0,0.0,0.0,0.0,0.0,0.0,0.0,0.0,0.0,0.0,0.0,0.0,0.0,0.0,0.0,0.0,0.0,0.0,0.0,0.0,0.0,0.0,0.0,0.0,0.0,0.0,0.0,0.0,0.0,0.0,0.0,0.0,0.0,0.0
2017-05-29 23:14:00+02:00,0.0,0.0,0.0,0.0,0.0,0.0,0.0,0.0,0.0,0.0,0.0,0.0,0.0,0.0,0.0,0.0,0.0,0.0,0.0,0.0,0.0,0.0,0.0,0.0,0.0,0.0,0.0,0.0,0.0,0.0,0.0,0.0,0.0,0.0,0.0,0.0,0.0,0.0,0.0,0.0,0.0,0.0,0.0,0.0,0.0,0.0,0.0,0.0,0.0,0.0,0.0,0.0,0.0,0.0,0.0,0.0,0.0,0.0,0.0,0.0,0.0,0.0,0.0,0.0,0.0,0.0,0.0,0.0,0.0,0.0,0.0,0.0,0.0,0.0,0.0,0.0,0.0,0.0,0.0,0.0,0.0,0.0,0.0,0.0,0.0,0.0,0.0,0.0,0.0,0.0,0.0,0.0,0.0,0.0,0.0,0.0,0.0,0.0,0.0,0.0,0.0,0.0,0.0,0.0,0.0,0.0,0.0,0.0,0.0,0.0,0.0,0.0,0.0,0.0,0.0,0.0,0.0,0.0
2017-05-29 23:15:00+02:00,0.0,0.0,0.0,0.0,0.0,0.0,0.0,0.0,0.0,0.0,0.0,0.0,0.0,0.0,0.0,0.0,0.0,0.0,0.0,0.0,0.0,0.0,0.0,0.0,0.0,0.0,0.0,0.0,0.0,0.0,0.0,0.0,0.0,0.0,0.0,0.0,0.0,0.0,0.0,0.0,0.0,0.0,0.0,0.0,0.0,0.0,0.0,0.0,0.0,0.0,0.0,0.0,0.0,0.0,0.0,0.0,0.0,0.0,0.0,0.0,0.0,0.0,0.0,0.0,0.0,0.0,0.0,0.0,0.0,0.0,0.0,0.0,0.0,0.0,0.0,0.0,0.0,0.0,0.0,0.0,0.0,0.0,0.0,0.0,0.0,0.0,0.0,0.0,0.0,0.0,0.0,0.0,0.0,0.0,0.0,0.0,0.0,0.0,0.0,0.0,0.0,0.0,0.0,0.0,0.0,0.0,0.0,0.0,0.0,0.0,0.0,0.0,0.0,0.0,0.0,0.0,0.0,0.0
2017-05-29 23:16:00+02:00,0.0,0.0,0.0,0.0,0.0,0.0,0.0,0.0,0.0,0.0,0.0,0.0,0.0,0.0,0.0,0.0,0.0,0.0,0.0,0.0,0.0,0.0,0.0,0.0,0.0,0.0,0.0,0.0,0.0,0.0,0.0,0.0,0.0,0.0,0.0,0.0,0.0,0.0,0.0,0.0,0.0,0.0,0.0,0.0,0.0,0.0,0.0,0.0,0.0,0.0,0.0,0.0,0.0,0.0,0.0,0.0,0.0,0.0,0.0,0.0,0.0,0.0,0.0,0.0,0.0,0.0,0.0,0.0,0.0,0.0,0.0,0.0,0.0,0.0,0.0,0.0,0.0,0.0,0.0,0.0,0.0,0.0,0.0,0.0,0.0,0.0,0.0,0.0,0.0,0.0,0.0,0.0,0.0,0.0,0.0,0.0,0.0,0.0,0.0,0.0,0.0,0.0,0.0,0.0,0.0,0.0,0.0,0.0,0.0,0.0,0.0,0.0,0.0,0.0,0.0,0.0,0.0,0.0
2017-05-29 23:17:00+02:00,0.0,0.0,0.0,0.0,0.0,0.0,0.0,0.0,0.0,0.0,0.0,0.0,0.0,0.0,0.0,0.0,0.0,0.0,0.0,0.0,0.0,0.0,0.0,0.0,0.0,0.0,0.0,0.0,0.0,0.0,0.0,0.0,0.0,0.0,0.0,0.0,0.0,0.0,0.0,0.0,0.0,0.0,0.0,0.0,0.0,0.0,0.0,0.0,0.0,0.0,0.0,0.0,0.0,0.0,0.0,0.0,0.0,0.0,0.0,0.0,0.0,0.0,0.0,0.0,0.0,0.0,0.0,0.0,0.0,0.0,0.0,0.0,0.0,0.0,0.0,0.0,0.0,0.0,0.0,0.0,0.0,0.0,0.0,0.0,0.0,0.0,0.0,0.0,0.0,0.0,0.0,0.0,0.0,0.0,0.0,0.0,0.0,0.0,0.0,0.0,0.0,0.0,0.0,0.0,0.0,0.0,0.0,0.0,0.0,0.0,0.0,0.0,0.0,0.0,0.0,0.0,0.0,0.0
2017-05-29 23:18:00+02:00,0.0,0.0,0.0,0.0,0.0,0.0,0.0,0.0,0.0,0.0,0.0,0.0,0.0,0.0,0.0,0.0,0.0,0.0,0.0,0.0,0.0,0.0,0.0,0.0,0.0,0.0,0.0,0.0,0.0,0.0,0.0,0.0,0.0,0.0,0.0,0.0,0.0,0.0,0.0,0.0,0.0,0.0,0.0,0.0,0.0,0.0,0.0,0.0,0.0,0.0,0.0,0.0,0.0,0.0,0.0,0.0,0.0,0.0,0.0,0.0,0.0,0.0,0.0,0.0,0.0,0.0,0.0,0.0,0.0,0.0,0.0,0.0,0.0,0.0,0.0,0.0,0.0,0.0,0.0,0.0,0.0,0.0,0.0,0.0,0.0,0.0,0.0,0.0,0.0,0.0,0.0,0.0,0.0,0.0,0.0,0.0,0.0,0.0,0.0,0.0,0.0,0.0,0.0,0.0,0.0,0.0,0.0,0.0,0.0,0.0,0.0,0.0,0.0,0.0,0.0,0.0,0.0,0.0
2017-05-29 23:19:00+02:00,0.0,0.0,0.0,0.0,0.0,0.0,0.0,0.0,0.0,0.0,0.0,0.0,0.0,0.0,0.0,0.0,0.0,0.0,0.0,0.0,0.0,0.0,0.0,0.0,0.0,0.0,0.0,0.0,0.0,0.0,0.0,0.0,0.0,0.0,0.0,0.0,0.0,0.0,0.0,0.0,0.0,0.0,0.0,0.0,0.0,0.0,0.0,0.0,0.0,0.0,0.0,0.0,0.0,0.0,0.0,0.0,0.0,0.0,0.0,0.0,0.0,0.0,0.0,0.0,0.0,0.0,0.0,0.0,0.0,0.0,0.0,0.0,0.0,0.0,0.0,0.0,0.0,0.0,0.0,0.0,0.0,0.0,0.0,0.0,0.0,0.0,0.0,0.0,0.0,0.0,0.0,0.0,0.0,0.0,0.0,0.0,0.0,0.0,0.0,0.0,0.0,0.0,0.0,0.0,0.0,0.0,0.0,0.0,0.0,0.0,0.0,0.0,0.0,0.0,0.0,0.0,0.0,0.0
2017-05-29 23:20:00+02:00,0.0,0.0,0.0,0.0,0.0,0.0,0.0,0.0,0.0,0.0,0.0,0.0,0.0,0.0,0.0,0.0,0.0,0.0,0.0,0.0,0.0,0.0,0.0,0.0,0.0,0.0,0.0,0.0,0.0,0.0,0.0,0.0,0.0,0.0,0.0,0.0,0.0,0.0,0.0,0.0,0.0,0.0,0.0,0.0,0.0,0.0,0.0,0.0,0.0,0.0,0.0,0.0,0.0,0.0,0.0,0.0,0.0,0.0,0.0,0.0,0.0,0.0,0.0,0.0,0.0,0.0,0.0,0.0,0.0,0.0,0.0,0.0,0.0,0.0,0.0,0.0,0.0,0.0,0.0,0.0,0.0,0.0,0.0,0.0,0.0,0.0,0.0,0.0,0.0,0.0,0.0,0.0,0.0,0.0,0.0,0.0,0.0,0.0,0.0,0.0,0.0,0.0,0.0,0.0,0.0,0.0,0.0,0.0,0.0,0.0,0.0,0.0,0.0,0.0,0.0,0.0,0.0,0.0
2017-05-29 23:21:00+02:00,0.0,0.0,0.0,0.0,0.0,0.0,0.0,0.0,0.0,0.0,0.0,0.0,0.0,0.0,0.0,0.0,0.0,0.0,0.0,0.0,0.0,0.0,0.0,0.0,0.0,0.0,0.0,0.0,0.0,0.0,0.0,0.0,0.0,0.0,0.0,0.0,0.0,0.0,0.0,0.0,0.0,0.0,0.0,0.0,0.0,0.0,0.0,0.0,0.0,0.0,0.0,0.0,0.0,0.0,0.0,0.0,0.0,0.0,0.0,0.0,0.0,0.0,0.0,0.0,0.0,0.0,0.0,0.0,0.0,0.0,0.0,0.0,0.0,0.0,0.0,0.0,0.0,0.0,0.0,0.0,0.0,0.0,0.0,0.0,0.0,0.0,0.0,0.0,0.0,0.0,0.0,0.0,0.0,0.0,0.0,0.0,0.0,0.0,0.0,0.0,0.0,0.0,0.0,0.0,0.0,0.0,0.0,0.0,0.0,0.0,0.0,0.0,0.0,0.0,0.0,0.0,0.0,0.0
2017-05-29 23:22:00+02:00,0.0,0.0,0.0,0.0,0.0,0.0,0.0,0.0,0.0,0.0,0.0,0.0,0.0,0.0,0.0,0.0,0.0,0.0,0.0,0.0,0.0,0.0,0.0,0.0,0.0,0.0,0.0,0.0,0.0,0.0,0.0,0.0,0.0,0.0,0.0,0.0,0.0,0.0,0.0,0.0,0.0,0.0,0.0,0.0,0.0,0.0,0.0,0.0,0.0,0.0,0.0,0.0,0.0,0.0,0.0,0.0,0.0,0.0,0.0,0.0,0.0,0.0,0.0,0.0,0.0,0.0,0.0,0.0,0.0,0.0,0.0,0.0,0.0,0.0,0.0,0.0,0.0,0.0,0.0,0.0,0.0,0.0,0.0,0.0,0.0,0.0,0.0,0.0,0.0,0.0,0.0,0.0,0.0,0.0,0.0,0.0,0.0,0.0,0.0,0.0,0.0,0.0,0.0,0.0,0.0,0.0,0.0,0.0,0.0,0.0,0.0,0.0,0.0,0.0,0.0,0.0,0.0,0.0
2017-05-29 23:23:00+02:00,0.0,0.0,0.0,0.0,0.0,0.0,0.0,0.0,0.0,0.0,0.0,0.0,0.0,0.0,0.0,0.0,0.0,0.0,0.0,0.0,0.0,0.0,0.0,0.0,0.0,0.0,0.0,0.0,0.0,0.0,0.0,0.0,0.0,0.0,0.0,0.0,0.0,0.0,0.0,0.0,0.0,0.0,0.0,0.0,0.0,0.0,0.0,0.0,0.0,0.0,0.0,0.0,0.0,0.0,0.0,0.0,0.0,0.0,0.0,0.0,0.0,0.0,0.0,0.0,0.0,0.0,0.0,0.0,0.0,0.0,0.0,0.0,0.0,0.0,0.0,0.0,0.0,0.0,0.0,0.0,0.0,0.0,0.0,0.0,0.0,0.0,0.0,0.0,0.0,0.0,0.0,0.0,0.0,0.0,0.0,0.0,0.0,0.0,0.0,0.0,0.0,0.0,0.0,0.0,0.0,0.0,0.0,0.0,0.0,0.0,0.0,0.0,0.0,0.0,0.0,0.0,0.0,0.0
2017-05-29 23:24:00+02:00,0.0,0.0,0.0,0.0,0.0,0.0,0.0,0.0,0.0,0.0,0.0,0.0,0.0,0.0,0.0,0.0,0.0,0.0,0.0,0.0,0.0,0.0,0.0,0.0,0.0,0.0,0.0,0.0,0.0,0.0,0.0,0.0,0.0,0.0,0.0,0.0,0.0,0.0,0.0,0.0,0.0,0.0,0.0,0.0,0.0,0.0,0.0,0.0,0.0,0.0,0.0,0.0,0.0,0.0,0.0,0.0,0.0,0.0,0.0,0.0,0.0,0.0,0.0,0.0,0.0,0.0,0.0,0.0,0.0,0.0,0.0,0.0,0.0,0.0,0.0,0.0,0.0,0.0,0.0,0.0,0.0,0.0,0.0,0.0,0.0,0.0,0.0,0.0,0.0,0.0,0.0,0.0,0.0,0.0,0.0,0.0,0.0,0.0,0.0,0.0,0.0,0.0,0.0,0.0,0.0,0.0,0.0,0.0,0.0,0.0,0.0,0.0,0.0,0.0,0.0,0.0,0.0,0.0
2017-05-29 23:25:00+02:00,0.0,0.0,0.0,0.0,0.0,0.0,0.0,0.0,0.0,0.0,0.0,0.0,0.0,0.0,0.0,0.0,0.0,0.0,0.0,0.0,0.0,0.0,0.0,0.0,0.0,0.0,0.0,0.0,0.0,0.0,0.0,0.0,0.0,0.0,0.0,0.0,0.0,0.0,0.0,0.0,0.0,0.0,0.0,0.0,0.0,0.0,0.0,0.0,0.0,0.0,0.0,0.0,0.0,0.0,0.0,0.0,0.0,0.0,0.0,0.0,0.0,0.0,0.0,0.0,0.0,0.0,0.0,0.0,0.0,0.0,0.0,0.0,0.0,0.0,0.0,0.0,0.0,0.0,0.0,0.0,0.0,0.0,0.0,0.0,0.0,0.0,0.0,0.0,0.0,0.0,0.0,0.0,0.0,0.0,0.0,0.0,0.0,0.0,0.0,0.0,0.0,0.0,0.0,0.0,0.0,0.0,0.0,0.0,0.0,0.0,0.0,0.0,0.0,0.0,0.0,0.0,0.0,0.0
2017-05-29 23:26:00+02:00,0.0,0.0,0.0,0.0,0.0,0.0,0.0,0.0,0.0,0.0,0.0,0.0,0.0,0.0,0.0,0.0,0.0,0.0,0.0,0.0,0.0,0.0,0.0,0.0,0.0,0.0,0.0,0.0,0.0,0.0,0.0,0.0,0.0,0.0,0.0,0.0,0.0,0.0,0.0,0.0,0.0,0.0,0.0,0.0,0.0,0.0,0.0,0.0,0.0,0.0,0.0,0.0,0.0,0.0,0.0,0.0,0.0,0.0,0.0,0.0,0.0,0.0,0.0,0.0,0.0,0.0,0.0,0.0,0.0,0.0,0.0,0.0,0.0,0.0,0.0,0.0,0.0,0.0,0.0,0.0,0.0,0.0,0.0,0.0,0.0,0.0,0.0,0.0,0.0,0.0,0.0,0.0,0.0,0.0,0.0,0.0,0.0,0.0,0.0,0.0,0.0,0.0,0.0,0.0,0.0,0.0,0.0,0.0,0.0,0.0,0.0,0.0,0.0,0.0,0.0,0.0,0.0,0.0
2017-05-29 23:27:00+02:00,0.0,0.0,0.0,0.0,0.0,0.0,0.0,0.0,0.0,0.0,0.0,0.0,0.0,0.0,0.0,0.0,0.0,0.0,0.0,0.0,0.0,0.0,0.0,0.0,0.0,0.0,0.0,0.0,0.0,0.0,0.0,0.0,0.0,0.0,0.0,0.0,0.0,0.0,0.0,0.0,0.0,0.0,0.0,0.0,0.0,0.0,0.0,0.0,0.0,0.0,0.0,0.0,0.0,0.0,0.0,0.0,0.0,0.0,0.0,0.0,0.0,0.0,0.0,0.0,0.0,0.0,0.0,0.0,0.0,0.0,0.0,0.0,0.0,0.0,0.0,0.0,0.0,0.0,0.0,0.0,0.0,0.0,0.0,0.0,0.0,0.0,0.0,0.0,0.0,0.0,0.0,0.0,0.0,0.0,0.0,0.0,0.0,0.0,0.0,0.0,0.0,0.0,0.0,0.0,0.0,0.0,0.0,0.0,0.0,0.0,0.0,0.0,0.0,0.0,0.0,0.0,0.0,0.0
2017-05-29 23:28:00+02:00,0.0,0.0,0.0,0.0,0.0,0.0,0.0,0.0,0.0,0.0,0.0,0.0,0.0,0.0,0.0,0.0,0.0,0.0,0.0,0.0,0.0,0.0,0.0,0.0,0.0,0.0,0.0,0.0,0.0,0.0,0.0,0.0,0.0,0.0,0.0,0.0,0.0,0.0,0.0,0.0,0.0,0.0,0.0,0.0,0.0,0.0,0.0,0.0,0.0,0.0,0.0,0.0,0.0,0.0,0.0,0.0,0.0,0.0,0.0,0.0,0.0,0.0,0.0,0.0,0.0,0.0,0.0,0.0,0.0,0.0,0.0,0.0,0.0,0.0,0.0,0.0,0.0,0.0,0.0,0.0,0.0,0.0,0.0,0.0,0.0,0.0,0.0,0.0,0.0,0.0,0.0,0.0,0.0,0.0,0.0,0.0,0.0,0.0,0.0,0.0,0.0,0.0,0.0,0.0,0.0,0.0,0.0,0.0,0.0,0.0,0.0,0.0,0.0,0.0,0.0,0.0,0.0,0.0
2017-05-29 23:29:00+02:00,0.0,0.0,0.0,0.0,0.0,0.0,0.0,0.0,0.0,0.0,0.0,0.0,0.0,0.0,0.0,0.0,0.0,0.0,0.0,0.0,0.0,0.0,0.0,0.0,0.0,0.0,0.0,0.0,0.0,0.0,0.0,0.0,0.0,0.0,0.0,0.0,0.0,0.0,0.0,0.0,0.0,0.0,0.0,0.0,0.0,0.0,0.0,0.0,0.0,0.0,0.0,0.0,0.0,0.0,0.0,0.0,0.0,0.0,0.0,0.0,0.0,0.0,0.0,0.0,0.0,0.0,0.0,0.0,0.0,0.0,0.0,0.0,0.0,0.0,0.0,0.0,0.0,0.0,0.0,0.0,0.0,0.0,0.0,0.0,0.0,0.0,0.0,0.0,0.0,0.0,0.0,0.0,0.0,0.0,0.0,0.0,0.0,0.0,0.0,0.0,0.0,0.0,0.0,0.0,0.0,0.0,0.0,0.0,0.0,0.0,0.0,0.0,0.0,0.0,0.0,0.0,0.0,0.0
2017-05-29 23:30:00+02:00,0.0,0.0,0.0,0.0,0.0,0.0,0.0,0.0,0.0,0.0,0.0,0.0,0.0,0.0,0.0,0.0,0.0,0.0,0.0,0.0,0.0,0.0,0.0,0.0,0.0,0.0,0.0,0.0,0.0,0.0,0.0,0.0,0.0,0.0,0.0,0.0,0.0,0.0,0.0,0.0,0.0,0.0,0.0,0.0,0.0,0.0,0.0,0.0,0.0,0.0,0.0,0.0,0.0,0.0,0.0,0.0,0.0,0.0,0.0,0.0,0.0,0.0,0.0,0.0,0.0,0.0,0.0,0.0,0.0,0.0,0.0,0.0,0.0,0.0,0.0,0.0,0.0,0.0,0.0,0.0,0.0,0.0,0.0,0.0,0.0,0.0,0.0,0.0,0.0,0.0,0.0,0.0,0.0,0.0,0.0,0.0,0.0,0.0,0.0,0.0,0.0,0.0,0.0,0.0,0.0,0.0,0.0,0.0,0.0,0.0,0.0,0.0,0.0,0.0,0.0,0.0,0.0,0.0
2017-05-29 23:31:00+02:00,0.0,0.0,0.0,0.0,0.0,0.0,0.0,0.0,0.0,0.0,0.0,0.0,0.0,0.0,0.0,0.0,0.0,0.0,0.0,0.0,0.0,0.0,0.0,0.0,0.0,0.0,0.0,0.0,0.0,0.0,0.0,0.0,0.0,0.0,0.0,0.0,0.0,0.0,0.0,0.0,0.0,0.0,0.0,0.0,0.0,0.0,0.0,0.0,0.0,0.0,0.0,0.0,0.0,0.0,0.0,0.0,0.0,0.0,0.0,0.0,0.0,0.0,0.0,0.0,0.0,0.0,0.0,0.0,0.0,0.0,0.0,0.0,0.0,0.0,0.0,0.0,0.0,0.0,0.0,0.0,0.0,0.0,0.0,0.0,0.0,0.0,0.0,0.0,0.0,0.0,0.0,0.0,0.0,0.0,0.0,0.0,0.0,0.0,0.0,0.0,0.0,0.0,0.0,0.0,0.0,0.0,0.0,0.0,0.0,0.0,0.0,0.0,0.0,0.0,0.0,0.0,0.0,0.0
2017-05-29 23:32:00+02:00,0.0,0.0,0.0,0.0,0.0,0.0,0.0,0.0,0.0,0.0,0.0,0.0,0.0,0.0,0.0,0.0,0.0,0.0,0.0,0.0,0.0,0.0,0.0,0.0,0.0,0.0,0.0,0.0,0.0,0.0,0.0,0.0,0.0,0.0,0.0,0.0,0.0,0.0,0.0,0.0,0.0,0.0,0.0,0.0,0.0,0.0,0.0,0.0,0.0,0.0,0.0,0.0,0.0,0.0,0.0,0.0,0.0,0.0,0.0,0.0,0.0,0.0,0.0,0.0,0.0,0.0,0.0,0.0,0.0,0.0,0.0,0.0,0.0,0.0,0.0,0.0,0.0,0.0,0.0,0.0,0.0,0.0,0.0,0.0,0.0,0.0,0.0,0.0,0.0,0.0,0.0,0.0,0.0,0.0,0.0,0.0,0.0,0.0,0.0,0.0,0.0,0.0,0.0,0.0,0.0,0.0,0.0,0.0,0.0,0.0,0.0,0.0,0.0,0.0,0.0,0.0,0.0,0.0
2017-05-29 23:33:00+02:00,0.0,0.0,0.0,0.0,0.0,0.0,0.0,0.0,0.0,0.0,0.0,0.0,0.0,0.0,0.0,0.0,0.0,0.0,0.0,0.0,0.0,0.0,0.0,0.0,0.0,0.0,0.0,0.0,0.0,0.0,0.0,0.0,0.0,0.0,0.0,0.0,0.0,0.0,0.0,0.0,0.0,0.0,0.0,0.0,0.0,0.0,0.0,0.0,0.0,0.0,0.0,0.0,0.0,0.0,0.0,0.0,0.0,0.0,0.0,0.0,0.0,0.0,0.0,0.0,0.0,0.0,0.0,0.0,0.0,0.0,0.0,0.0,0.0,0.0,0.0,0.0,0.0,0.0,0.0,0.0,0.0,0.0,0.0,0.0,0.0,0.0,0.0,0.0,0.0,0.0,0.0,0.0,0.0,0.0,0.0,0.0,0.0,0.0,0.0,0.0,0.0,0.0,0.0,0.0,0.0,0.0,0.0,0.0,0.0,0.0,0.0,0.0,0.0,0.0,0.0,0.0,0.0,0.0
2017-05-29 23:34:00+02:00,0.0,0.0,0.0,0.0,0.0,0.0,0.0,0.0,0.0,0.0,0.0,0.0,0.0,0.0,0.0,0.0,0.0,0.0,0.0,0.0,0.0,0.0,0.0,0.0,0.0,0.0,0.0,0.0,0.0,0.0,0.0,0.0,0.0,0.0,0.0,0.0,0.0,0.0,0.0,0.0,0.0,0.0,0.0,0.0,0.0,0.0,0.0,0.0,0.0,0.0,0.0,0.0,0.0,0.0,0.0,0.0,0.0,0.0,0.0,0.0,0.0,0.0,0.0,0.0,0.0,0.0,0.0,0.0,0.0,0.0,0.0,0.0,0.0,0.0,0.0,0.0,0.0,0.0,0.0,0.0,0.0,0.0,0.0,0.0,0.0,0.0,0.0,0.0,0.0,0.0,0.0,0.0,0.0,0.0,0.0,0.0,0.0,0.0,0.0,0.0,0.0,0.0,0.0,0.0,0.0,0.0,0.0,0.0,0.0,0.0,0.0,0.0,0.0,0.0,0.0,0.0,0.0,0.0
2017-05-29 23:35:00+02:00,0.0,0.0,0.0,0.0,0.0,0.0,0.0,0.0,0.0,0.0,0.0,0.0,0.0,0.0,0.0,0.0,0.0,0.0,0.0,0.0,0.0,0.0,0.0,0.0,0.0,0.0,0.0,0.0,0.0,0.0,0.0,0.0,0.0,0.0,0.0,0.0,0.0,0.0,0.0,0.0,0.0,0.0,0.0,0.0,0.0,0.0,0.0,0.0,0.0,0.0,0.0,0.0,0.0,0.0,0.0,0.0,0.0,0.0,0.0,0.0,0.0,0.0,0.0,0.0,0.0,0.0,0.0,0.0,0.0,0.0,0.0,0.0,0.0,0.0,0.0,0.0,0.0,0.0,0.0,0.0,0.0,0.0,0.0,0.0,0.0,0.0,0.0,0.0,0.0,0.0,0.0,0.0,0.0,0.0,0.0,0.0,0.0,0.0,0.0,0.0,0.0,0.0,0.0,0.0,0.0,0.0,0.0,0.0,0.0,0.0,0.0,0.0,0.0,0.0,0.0,0.0,0.0,0.0
2017-05-29 23:36:00+02:00,0.0,0.0,0.0,0.0,0.0,0.0,0.0,0.0,0.0,0.0,0.0,0.0,0.0,0.0,0.0,0.0,0.0,0.0,0.0,0.0,0.0,0.0,0.0,0.0,0.0,0.0,0.0,0.0,0.0,0.0,0.0,0.0,0.0,0.0,0.0,0.0,0.0,0.0,0.0,0.0,0.0,0.0,0.0,0.0,0.0,0.0,0.0,0.0,0.0,0.0,0.0,0.0,0.0,0.0,0.0,0.0,0.0,0.0,0.0,0.0,0.0,0.0,0.0,0.0,0.0,0.0,0.0,0.0,0.0,0.0,0.0,0.0,0.0,0.0,0.0,0.0,0.0,0.0,0.0,0.0,0.0,0.0,0.0,0.0,0.0,0.0,0.0,0.0,0.0,0.0,0.0,0.0,0.0,0.0,0.0,0.0,0.0,0.0,0.0,0.0,0.0,0.0,0.0,0.0,0.0,0.0,0.0,0.0,0.0,0.0,0.0,0.0,0.0,0.0,0.0,0.0,0.0,0.0
2017-05-29 23:37:00+02:00,0.0,0.0,0.0,0.0,0.0,0.0,0.0,0.0,0.0,0.0,0.0,0.0,0.0,0.0,0.0,0.0,0.0,0.0,0.0,0.0,0.0,0.0,0.0,0.0,0.0,0.0,0.0,0.0,0.0,0.0,0.0,0.0,0.0,0.0,0.0,0.0,0.0,0.0,0.0,0.0,0.0,0.0,0.0,0.0,0.0,0.0,0.0,0.0,0.0,0.0,0.0,0.0,0.0,0.0,0.0,0.0,0.0,0.0,0.0,0.0,0.0,0.0,0.0,0.0,0.0,0.0,0.0,0.0,0.0,0.0,0.0,0.0,0.0,0.0,0.0,0.0,0.0,0.0,0.0,0.0,0.0,0.0,0.0,0.0,0.0,0.0,0.0,0.0,0.0,0.0,0.0,0.0,0.0,0.0,0.0,0.0,0.0,0.0,0.0,0.0,0.0,0.0,0.0,0.0,0.0,0.0,0.0,0.0,0.0,0.0,0.0,0.0,0.0,0.0,0.0,0.0,0.0,0.0
2017-05-29 23:38:00+02:00,0.0,0.0,0.0,0.0,0.0,0.0,0.0,0.0,0.0,0.0,0.0,0.0,0.0,0.0,0.0,0.0,0.0,0.0,0.0,0.0,0.0,0.0,0.0,0.0,0.0,0.0,0.0,0.0,0.0,0.0,0.0,0.0,0.0,0.0,0.0,0.0,0.0,0.0,0.0,0.0,0.0,0.0,0.0,0.0,0.0,0.0,0.0,0.0,0.0,0.0,0.0,0.0,0.0,0.0,0.0,0.0,0.0,0.0,0.0,0.0,0.0,0.0,0.0,0.0,0.0,0.0,0.0,0.0,0.0,0.0,0.0,0.0,0.0,0.0,0.0,0.0,0.0,0.0,0.0,0.0,0.0,0.0,0.0,0.0,0.0,0.0,0.0,0.0,0.0,0.0,0.0,0.0,0.0,0.0,0.0,0.0,0.0,0.0,0.0,0.0,0.0,0.0,0.0,0.0,0.0,0.0,0.0,0.0,0.0,0.0,0.0,0.0,0.0,0.0,0.0,0.0,0.0,0.0
2017-05-29 23:39:00+02:00,0.0,0.0,0.0,0.0,0.0,0.0,0.0,0.0,0.0,0.0,0.0,0.0,0.0,0.0,0.0,0.0,0.0,0.0,0.0,0.0,0.0,0.0,0.0,0.0,0.0,0.0,0.0,0.0,0.0,0.0,0.0,0.0,0.0,0.0,0.0,0.0,0.0,0.0,0.0,0.0,0.0,0.0,0.0,0.0,0.0,0.0,0.0,0.0,0.0,0.0,0.0,0.0,0.0,0.0,0.0,0.0,0.0,0.0,0.0,0.0,0.0,0.0,0.0,0.0,0.0,0.0,0.0,0.0,0.0,0.0,0.0,0.0,0.0,0.0,0.0,0.0,0.0,0.0,0.0,0.0,0.0,0.0,0.0,0.0,0.0,0.0,0.0,0.0,0.0,0.0,0.0,0.0,0.0,0.0,0.0,0.0,0.0,0.0,0.0,0.0,0.0,0.0,0.0,0.0,0.0,0.0,0.0,0.0,0.0,0.0,0.0,0.0,0.0,0.0,0.0,0.0,0.0,0.0
2017-05-29 23:40:00+02:00,0.0,0.0,0.0,0.0,0.0,0.0,0.0,0.0,0.0,0.0,0.0,0.0,0.0,0.0,0.0,0.0,0.0,0.0,0.0,0.0,0.0,0.0,0.0,0.0,0.0,0.0,0.0,0.0,0.0,0.0,0.0,0.0,0.0,0.0,0.0,0.0,0.0,0.0,0.0,0.0,0.0,0.0,0.0,0.0,0.0,0.0,0.0,0.0,0.0,0.0,0.0,0.0,0.0,0.0,0.0,0.0,0.0,0.0,0.0,0.0,0.0,0.0,0.0,0.0,0.0,0.0,0.0,0.0,0.0,0.0,0.0,0.0,0.0,0.0,0.0,0.0,0.0,0.0,0.0,0.0,0.0,0.0,0.0,0.0,0.0,0.0,0.0,0.0,0.0,0.0,0.0,0.0,0.0,0.0,0.0,0.0,0.0,0.0,0.0,0.0,0.0,0.0,0.0,0.0,0.0,0.0,0.0,0.0,0.0,0.0,0.0,0.0,0.0,0.0,0.0,0.0,0.0,0.0
2017-05-29 23:41:00+02:00,0.0,0.0,0.0,0.0,0.0,0.0,0.0,0.0,0.0,0.0,0.0,0.0,0.0,0.0,0.0,0.0,0.0,0.0,0.0,0.0,0.0,0.0,0.0,0.0,0.0,0.0,0.0,0.0,0.0,0.0,0.0,0.0,0.0,0.0,0.0,0.0,0.0,0.0,0.0,0.0,0.0,0.0,0.0,0.0,0.0,0.0,0.0,0.0,0.0,0.0,0.0,0.0,0.0,0.0,0.0,0.0,0.0,0.0,0.0,0.0,0.0,0.0,0.0,0.0,0.0,0.0,0.0,0.0,0.0,0.0,0.0,0.0,0.0,0.0,0.0,0.0,0.0,0.0,0.0,0.0,0.0,0.0,0.0,0.0,0.0,0.0,0.0,0.0,0.0,0.0,0.0,0.0,0.0,0.0,0.0,0.0,0.0,0.0,0.0,0.0,0.0,0.0,0.0,0.0,0.0,0.0,0.0,0.0,0.0,0.0,0.0,0.0,0.0,0.0,0.0,0.0,0.0,0.0
2017-05-29 23:42:00+02:00,0.0,0.0,0.0,0.0,0.0,0.0,0.0,0.0,0.0,0.0,0.0,0.0,0.0,0.0,0.0,0.0,0.0,0.0,0.0,0.0,0.0,0.0,0.0,0.0,0.0,0.0,0.0,0.0,0.0,0.0,0.0,0.0,0.0,0.0,0.0,0.0,0.0,0.0,0.0,0.0,0.0,0.0,0.0,0.0,0.0,0.0,0.0,0.0,0.0,0.0,0.0,0.0,0.0,0.0,0.0,0.0,0.0,0.0,0.0,0.0,0.0,0.0,0.0,0.0,0.0,0.0,0.0,0.0,0.0,0.0,0.0,0.0,0.0,0.0,0.0,0.0,0.0,0.0,0.0,0.0,0.0,0.0,0.0,0.0,0.0,0.0,0.0,0.0,0.0,0.0,0.0,0.0,0.0,0.0,0.0,0.0,0.0,0.0,0.0,0.0,0.0,0.0,0.0,0.0,0.0,0.0,0.0,0.0,0.0,0.0,0.0,0.0,0.0,0.0,0.0,0.0,0.0,0.0
2017-05-29 23:43:00+02:00,0.0,0.0,0.0,0.0,0.0,0.0,0.0,0.0,0.0,0.0,0.0,0.0,0.0,0.0,0.0,0.0,0.0,0.0,0.0,0.0,0.0,0.0,0.0,0.0,0.0,0.0,0.0,0.0,0.0,0.0,0.0,0.0,0.0,0.0,0.0,0.0,0.0,0.0,0.0,0.0,0.0,0.0,0.0,0.0,0.0,0.0,0.0,0.0,0.0,0.0,0.0,0.0,0.0,0.0,0.0,0.0,0.0,0.0,0.0,0.0,0.0,0.0,0.0,0.0,0.0,0.0,0.0,0.0,0.0,0.0,0.0,0.0,0.0,0.0,0.0,0.0,0.0,0.0,0.0,0.0,0.0,0.0,0.0,0.0,0.0,0.0,0.0,0.0,0.0,0.0,0.0,0.0,0.0,0.0,0.0,0.0,0.0,0.0,0.0,0.0,0.0,0.0,0.0,0.0,0.0,0.0,0.0,0.0,0.0,0.0,0.0,0.0,0.0,0.0,0.0,0.0,0.0,0.0
2017-05-29 23:44:00+02:00,0.0,0.0,0.0,0.0,0.0,0.0,0.0,0.0,0.0,0.0,0.0,0.0,0.0,0.0,0.0,0.0,0.0,0.0,0.0,0.0,0.0,0.0,0.0,0.0,0.0,0.0,0.0,0.0,0.0,0.0,0.0,0.0,0.0,0.0,0.0,0.0,0.0,0.0,0.0,0.0,0.0,0.0,0.0,0.0,0.0,0.0,0.0,0.0,0.0,0.0,0.0,0.0,0.0,0.0,0.0,0.0,0.0,0.0,0.0,0.0,0.0,0.0,0.0,0.0,0.0,0.0,0.0,0.0,0.0,0.0,0.0,0.0,0.0,0.0,0.0,0.0,0.0,0.0,0.0,0.0,0.0,0.0,0.0,0.0,0.0,0.0,0.0,0.0,0.0,0.0,0.0,0.0,0.0,0.0,0.0,0.0,0.0,0.0,0.0,0.0,0.0,0.0,0.0,0.0,0.0,0.0,0.0,0.0,0.0,0.0,0.0,0.0,0.0,0.0,0.0,0.0,0.0,0.0
2017-05-29 23:45:00+02:00,0.0,0.0,0.0,0.0,0.0,0.0,0.0,0.0,0.0,0.0,0.0,0.0,0.0,0.0,0.0,0.0,0.0,0.0,0.0,0.0,0.0,0.0,0.0,0.0,0.0,0.0,0.0,0.0,0.0,0.0,0.0,0.0,0.0,0.0,0.0,0.0,0.0,0.0,0.0,0.0,0.0,0.0,0.0,0.0,0.0,0.0,0.0,0.0,0.0,0.0,0.0,0.0,0.0,0.0,0.0,0.0,0.0,0.0,0.0,0.0,0.0,0.0,0.0,0.0,0.0,0.0,0.0,0.0,0.0,0.0,0.0,0.0,0.0,0.0,0.0,0.0,0.0,0.0,0.0,0.0,0.0,0.0,0.0,0.0,0.0,0.0,0.0,0.0,0.0,0.0,0.0,0.0,0.0,0.0,0.0,0.0,0.0,0.0,0.0,0.0,0.0,0.0,0.0,0.0,0.0,0.0,0.0,0.0,0.0,0.0,0.0,0.0,0.0,0.0,0.0,0.0,0.0,0.0
2017-05-29 23:46:00+02:00,0.0,0.0,0.0,0.0,0.0,0.0,0.0,0.0,0.0,0.0,0.0,0.0,0.0,0.0,0.0,0.0,0.0,0.0,0.0,0.0,0.0,0.0,0.0,0.0,0.0,0.0,0.0,0.0,0.0,0.0,0.0,0.0,0.0,0.0,0.0,0.0,0.0,0.0,0.0,0.0,0.0,0.0,0.0,0.0,0.0,0.0,0.0,0.0,0.0,0.0,0.0,0.0,0.0,0.0,0.0,0.0,0.0,0.0,0.0,0.0,0.0,0.0,0.0,0.0,0.0,0.0,0.0,0.0,0.0,0.0,0.0,0.0,0.0,0.0,0.0,0.0,0.0,0.0,0.0,0.0,0.0,0.0,0.0,0.0,0.0,0.0,0.0,0.0,0.0,0.0,0.0,0.0,0.0,0.0,0.0,0.0,0.0,0.0,0.0,0.0,0.0,0.0,0.0,0.0,0.0,0.0,0.0,0.0,0.0,0.0,0.0,0.0,0.0,0.0,0.0,0.0,0.0,0.0
2017-05-29 23:47:00+02:00,0.0,0.0,0.0,0.0,0.0,0.0,0.0,0.0,0.0,0.0,0.0,0.0,0.0,0.0,0.0,0.0,0.0,0.0,0.0,0.0,0.0,0.0,0.0,0.0,0.0,0.0,0.0,0.0,0.0,0.0,0.0,0.0,0.0,0.0,0.0,0.0,0.0,0.0,0.0,0.0,0.0,0.0,0.0,0.0,0.0,0.0,0.0,0.0,0.0,0.0,0.0,0.0,0.0,0.0,0.0,0.0,0.0,0.0,0.0,0.0,0.0,0.0,0.0,0.0,0.0,0.0,0.0,0.0,0.0,0.0,0.0,0.0,0.0,0.0,0.0,0.0,0.0,0.0,0.0,0.0,0.0,0.0,0.0,0.0,0.0,0.0,0.0,0.0,0.0,0.0,0.0,0.0,0.0,0.0,0.0,0.0,0.0,0.0,0.0,0.0,0.0,0.0,0.0,0.0,0.0,0.0,0.0,0.0,0.0,0.0,0.0,0.0,0.0,0.0,0.0,0.0,0.0,0.0
2017-05-29 23:48:00+02:00,0.0,0.0,0.0,0.0,0.0,0.0,0.0,0.0,0.0,0.0,0.0,0.0,0.0,0.0,0.0,0.0,0.0,0.0,0.0,0.0,0.0,0.0,0.0,0.0,0.0,0.0,0.0,0.0,0.0,0.0,0.0,0.0,0.0,0.0,0.0,0.0,0.0,0.0,0.0,0.0,0.0,0.0,0.0,0.0,0.0,0.0,0.0,0.0,0.0,0.0,0.0,0.0,0.0,0.0,0.0,0.0,0.0,0.0,0.0,0.0,0.0,0.0,0.0,0.0,0.0,0.0,0.0,0.0,0.0,0.0,0.0,0.0,0.0,0.0,0.0,0.0,0.0,0.0,0.0,0.0,0.0,0.0,0.0,0.0,0.0,0.0,0.0,0.0,0.0,0.0,0.0,0.0,0.0,0.0,0.0,0.0,0.0,0.0,0.0,0.0,0.0,0.0,0.0,0.0,0.0,0.0,0.0,0.0,0.0,0.0,0.0,0.0,0.0,0.0,0.0,0.0,0.0,0.0
2017-05-29 23:49:00+02:00,0.0,0.0,0.0,0.0,0.0,0.0,0.0,0.0,0.0,0.0,0.0,0.0,0.0,0.0,0.0,0.0,0.0,0.0,0.0,0.0,0.0,0.0,0.0,0.0,0.0,0.0,0.0,0.0,0.0,0.0,0.0,0.0,0.0,0.0,0.0,0.0,0.0,0.0,0.0,0.0,0.0,0.0,0.0,0.0,0.0,0.0,0.0,0.0,0.0,0.0,0.0,0.0,0.0,0.0,0.0,0.0,0.0,0.0,0.0,0.0,0.0,0.0,0.0,0.0,0.0,0.0,0.0,0.0,0.0,0.0,0.0,0.0,0.0,0.0,0.0,0.0,0.0,0.0,0.0,0.0,0.0,0.0,0.0,0.0,0.0,0.0,0.0,0.0,0.0,0.0,0.0,0.0,0.0,0.0,0.0,0.0,0.0,0.0,0.0,0.0,0.0,0.0,0.0,0.0,0.0,0.0,0.0,0.0,0.0,0.0,0.0,0.0,0.0,0.0,0.0,0.0,0.0,0.0
2017-05-29 23:50:00+02:00,0.0,0.0,0.0,0.0,0.0,0.0,0.0,0.0,0.0,0.0,0.0,0.0,0.0,0.0,0.0,0.0,0.0,0.0,0.0,0.0,0.0,0.0,0.0,0.0,0.0,0.0,0.0,0.0,0.0,0.0,0.0,0.0,0.0,0.0,0.0,0.0,0.0,0.0,0.0,0.0,0.0,0.0,0.0,0.0,0.0,0.0,0.0,0.0,0.0,0.0,0.0,0.0,0.0,0.0,0.0,0.0,0.0,0.0,0.0,0.0,0.0,0.0,0.0,0.0,0.0,0.0,0.0,0.0,0.0,0.0,0.0,0.0,0.0,0.0,0.0,0.0,0.0,0.0,0.0,0.0,0.0,0.0,0.0,0.0,0.0,0.0,0.0,0.0,0.0,0.0,0.0,0.0,0.0,0.0,0.0,0.0,0.0,0.0,0.0,0.0,0.0,0.0,0.0,0.0,0.0,0.0,0.0,0.0,0.0,0.0,0.0,0.0,0.0,0.0,0.0,0.0,0.0,0.0
2017-05-29 23:51:00+02:00,0.0,0.0,0.0,0.0,0.0,0.0,0.0,0.0,0.0,0.0,0.0,0.0,0.0,0.0,0.0,0.0,0.0,0.0,0.0,0.0,0.0,0.0,0.0,0.0,0.0,0.0,0.0,0.0,0.0,0.0,0.0,0.0,0.0,0.0,0.0,0.0,0.0,0.0,0.0,0.0,0.0,0.0,0.0,0.0,0.0,0.0,0.0,0.0,0.0,0.0,0.0,0.0,0.0,0.0,0.0,0.0,0.0,0.0,0.0,0.0,0.0,0.0,0.0,0.0,0.0,0.0,0.0,0.0,0.0,0.0,0.0,0.0,0.0,0.0,0.0,0.0,0.0,0.0,0.0,0.0,0.0,0.0,0.0,0.0,0.0,0.0,0.0,0.0,0.0,0.0,0.0,0.0,0.0,0.0,0.0,0.0,0.0,0.0,0.0,0.0,0.0,0.0,0.0,0.0,0.0,0.0,0.0,0.0,0.0,0.0,0.0,0.0,0.0,0.0,0.0,0.0,0.0,0.0
2017-05-29 23:52:00+02:00,0.0,0.0,0.0,0.0,0.0,0.0,0.0,0.0,0.0,0.0,0.0,0.0,0.0,0.0,0.0,0.0,0.0,0.0,0.0,0.0,0.0,0.0,0.0,0.0,0.0,0.0,0.0,0.0,0.0,0.0,0.0,0.0,0.0,0.0,0.0,0.0,0.0,0.0,0.0,0.0,0.0,0.0,0.0,0.0,0.0,0.0,0.0,0.0,0.0,0.0,0.0,0.0,0.0,0.0,0.0,0.0,0.0,0.0,0.0,0.0,0.0,0.0,0.0,0.0,0.0,0.0,0.0,0.0,0.0,0.0,0.0,0.0,0.0,0.0,0.0,0.0,0.0,0.0,0.0,0.0,0.0,0.0,0.0,0.0,0.0,0.0,0.0,0.0,0.0,0.0,0.0,0.0,0.0,0.0,0.0,0.0,0.0,0.0,0.0,0.0,0.0,0.0,0.0,0.0,0.0,0.0,0.0,0.0,0.0,0.0,0.0,0.0,0.0,0.0,0.0,0.0,0.0,0.0
2017-05-29 23:53:00+02:00,0.0,0.0,0.0,0.0,0.0,0.0,0.0,0.0,0.0,0.0,0.0,0.0,0.0,0.0,0.0,0.0,0.0,0.0,0.0,0.0,0.0,0.0,0.0,0.0,0.0,0.0,0.0,0.0,0.0,0.0,0.0,0.0,0.0,0.0,0.0,0.0,0.0,0.0,0.0,0.0,0.0,0.0,0.0,0.0,0.0,0.0,0.0,0.0,0.0,0.0,0.0,0.0,0.0,0.0,0.0,0.0,0.0,0.0,0.0,0.0,0.0,0.0,0.0,0.0,0.0,0.0,0.0,0.0,0.0,0.0,0.0,0.0,0.0,0.0,0.0,0.0,0.0,0.0,0.0,0.0,0.0,0.0,0.0,0.0,0.0,0.0,0.0,0.0,0.0,0.0,0.0,0.0,0.0,0.0,0.0,0.0,0.0,0.0,0.0,0.0,0.0,0.0,0.0,0.0,0.0,0.0,0.0,0.0,0.0,0.0,0.0,0.0,0.0,0.0,0.0,0.0,0.0,0.0
2017-05-29 23:54:00+02:00,0.0,0.0,0.0,0.0,0.0,0.0,0.0,0.0,0.0,0.0,0.0,0.0,0.0,0.0,0.0,0.0,0.0,0.0,0.0,0.0,0.0,0.0,0.0,0.0,0.0,0.0,0.0,0.0,0.0,0.0,0.0,0.0,0.0,0.0,0.0,0.0,0.0,0.0,0.0,0.0,0.0,0.0,0.0,0.0,0.0,0.0,0.0,0.0,0.0,0.0,0.0,0.0,0.0,0.0,0.0,0.0,0.0,0.0,0.0,0.0,0.0,0.0,0.0,0.0,0.0,0.0,0.0,0.0,0.0,0.0,0.0,0.0,0.0,0.0,0.0,0.0,0.0,0.0,0.0,0.0,0.0,0.0,0.0,0.0,0.0,0.0,0.0,0.0,0.0,0.0,0.0,0.0,0.0,0.0,0.0,0.0,0.0,0.0,0.0,0.0,0.0,0.0,0.0,0.0,0.0,0.0,0.0,0.0,0.0,0.0,0.0,0.0,0.0,0.0,0.0,0.0,0.0,0.0
2017-05-29 23:55:00+02:00,0.0,0.0,0.0,0.0,0.0,0.0,0.0,0.0,0.0,0.0,0.0,0.0,0.0,0.0,0.0,0.0,0.0,0.0,0.0,0.0,0.0,0.0,0.0,0.0,0.0,0.0,0.0,0.0,0.0,0.0,0.0,0.0,0.0,0.0,0.0,0.0,0.0,0.0,0.0,0.0,0.0,0.0,0.0,0.0,0.0,0.0,0.0,0.0,0.0,0.0,0.0,0.0,0.0,0.0,0.0,0.0,0.0,0.0,0.0,0.0,0.0,0.0,0.0,0.0,0.0,0.0,0.0,0.0,0.0,0.0,0.0,0.0,0.0,0.0,0.0,0.0,0.0,0.0,0.0,0.0,0.0,0.0,0.0,0.0,0.0,0.0,0.0,0.0,0.0,0.0,0.0,0.0,0.0,0.0,0.0,0.0,0.0,0.0,0.0,0.0,0.0,0.0,0.0,0.0,0.0,0.0,0.0,0.0,0.0,0.0,0.0,0.0,0.0,0.0,0.0,0.0,0.0,0.0
2017-05-29 23:56:00+02:00,0.0,0.0,0.0,0.0,0.0,0.0,0.0,0.0,0.0,0.0,0.0,0.0,0.0,0.0,0.0,0.0,0.0,0.0,0.0,0.0,0.0,0.0,0.0,0.0,0.0,0.0,0.0,0.0,0.0,0.0,0.0,0.0,0.0,0.0,0.0,0.0,0.0,0.0,0.0,0.0,0.0,0.0,0.0,0.0,0.0,0.0,0.0,0.0,0.0,0.0,0.0,0.0,0.0,0.0,0.0,0.0,0.0,0.0,0.0,0.0,0.0,0.0,0.0,0.0,0.0,0.0,0.0,0.0,0.0,0.0,0.0,0.0,0.0,0.0,0.0,0.0,0.0,0.0,0.0,0.0,0.0,0.0,0.0,0.0,0.0,0.0,0.0,0.0,0.0,0.0,0.0,0.0,0.0,0.0,0.0,0.0,0.0,0.0,0.0,0.0,0.0,0.0,0.0,0.0,0.0,0.0,0.0,0.0,0.0,0.0,0.0,0.0,0.0,0.0,0.0,0.0,0.0,0.0
2017-05-29 23:57:00+02:00,0.0,0.0,0.0,0.0,0.0,0.0,0.0,0.0,0.0,0.0,0.0,0.0,0.0,0.0,0.0,0.0,0.0,0.0,0.0,0.0,0.0,0.0,0.0,0.0,0.0,0.0,0.0,0.0,0.0,0.0,0.0,0.0,0.0,0.0,0.0,0.0,0.0,0.0,0.0,0.0,0.0,0.0,0.0,0.0,0.0,0.0,0.0,0.0,0.0,0.0,0.0,0.0,0.0,0.0,0.0,0.0,0.0,0.0,0.0,0.0,0.0,0.0,0.0,0.0,0.0,0.0,0.0,0.0,0.0,0.0,0.0,0.0,0.0,0.0,0.0,0.0,0.0,0.0,0.0,0.0,0.0,0.0,0.0,0.0,0.0,0.0,0.0,0.0,0.0,0.0,0.0,0.0,0.0,0.0,0.0,0.0,0.0,0.0,0.0,0.0,0.0,0.0,0.0,0.0,0.0,0.0,0.0,0.0,0.0,0.0,0.0,0.0,0.0,0.0,0.0,0.0,0.0,0.0
2017-05-29 23:58:00+02:00,0.0,0.0,0.0,0.0,0.0,0.0,0.0,0.0,0.0,0.0,0.0,0.0,0.0,0.0,0.0,0.0,0.0,0.0,0.0,0.0,0.0,0.0,0.0,0.0,0.0,0.0,0.0,0.0,0.0,0.0,0.0,0.0,0.0,0.0,0.0,0.0,0.0,0.0,0.0,0.0,0.0,0.0,0.0,0.0,0.0,0.0,0.0,0.0,0.0,0.0,0.0,0.0,0.0,0.0,0.0,0.0,0.0,0.0,0.0,0.0,0.0,0.0,0.0,0.0,0.0,0.0,0.0,0.0,0.0,0.0,0.0,0.0,0.0,0.0,0.0,0.0,0.0,0.0,0.0,0.0,0.0,0.0,0.0,0.0,0.0,0.0,0.0,0.0,0.0,0.0,0.0,0.0,0.0,0.0,0.0,0.0,0.0,0.0,0.0,0.0,0.0,0.0,0.0,0.0,0.0,0.0,0.0,0.0,0.0,0.0,0.0,0.0,0.0,0.0,0.0,0.0,0.0,0.0
2017-05-29 23:59:00+02:00,0.0,0.0,0.0,0.0,0.0,0.0,0.0,0.0,0.0,0.0,0.0,0.0,0.0,0.0,0.0,0.0,0.0,0.0,0.0,0.0,0.0,0.0,0.0,0.0,0.0,0.0,0.0,0.0,0.0,0.0,0.0,0.0,0.0,0.0,0.0,0.0,0.0,0.0,0.0,0.0,0.0,0.0,0.0,0.0,0.0,0.0,0.0,0.0,0.0,0.0,0.0,0.0,0.0,0.0,0.0,0.0,0.0,0.0,0.0,0.0,0.0,0.0,0.0,0.0,0.0,0.0,0.0,0.0,0.0,0.0,0.0,0.0,0.0,0.0,0.0,0.0,0.0,0.0,0.0,0.0,0.0,0.0,0.0,0.0,0.0,0.0,0.0,0.0,0.0,0.0,0.0,0.0,0.0,0.0,0.0,0.0,0.0,0.0,0.0,0.0,0.0,0.0,0.0,0.0,0.0,0.0,0.0,0.0,0.0,0.0,0.0,0.0,0.0,0.0,0.0,0.0,0.0,0.0
2017-05-30 00:00:00+02:00,0.0,0.0,0.0,0.0,0.0,0.0,0.0,0.0,0.0,0.0,0.0,0.0,0.0,0.0,0.0,0.0,0.0,0.0,0.0,0.0,0.0,0.0,0.0,0.0,0.0,0.0,0.0,0.0,0.0,0.0,0.0,0.0,0.0,0.0,0.0,0.0,0.0,0.0,0.0,0.0,0.0,0.0,0.0,0.0,0.0,0.0,0.0,0.0,0.0,0.0,0.0,0.0,0.0,0.0,0.0,0.0,0.0,0.0,0.0,0.0,0.0,0.0,0.0,0.0,0.0,0.0,0.0,0.0,0.0,0.0,0.0,0.0,0.0,0.0,0.0,0.0,0.0,0.0,0.0,0.0,0.0,0.0,0.0,0.0,0.0,0.0,0.0,0.0,0.0,0.0,0.0,0.0,0.0,0.0,0.0,0.0,0.0,0.0,0.0,0.0,0.0,0.0,0.0,0.0,0.0,0.0,0.0,0.0,0.0,0.0,0.0,0.0,0.0,0.0,0.0,0.0,0.0,0.0
2017-05-30 00:01:00+02:00,0.0,0.0,0.0,0.0,0.0,0.0,0.0,0.0,0.0,0.0,0.0,0.0,0.0,0.0,0.0,0.0,0.0,0.0,0.0,0.0,0.0,0.0,0.0,0.0,0.0,0.0,0.0,0.0,0.0,0.0,0.0,0.0,0.0,0.0,0.0,0.0,0.0,0.0,0.0,0.0,0.0,0.0,0.0,0.0,0.0,0.0,0.0,0.0,0.0,0.0,0.0,0.0,0.0,0.0,0.0,0.0,0.0,0.0,0.0,0.0,0.0,0.0,0.0,0.0,0.0,0.0,0.0,0.0,0.0,0.0,0.0,0.0,0.0,0.0,0.0,0.0,0.0,0.0,0.0,0.0,0.0,0.0,0.0,0.0,0.0,0.0,0.0,0.0,0.0,0.0,0.0,0.0,0.0,0.0,0.0,0.0,0.0,0.0,0.0,0.0,0.0,0.0,0.0,0.0,0.0,0.0,0.0,0.0,0.0,0.0,0.0,0.0,0.0,0.0,0.0,0.0,0.0,0.0
2017-05-30 00:02:00+02:00,0.0,0.0,0.0,0.0,0.0,0.0,0.0,0.0,0.0,0.0,0.0,0.0,0.0,0.0,0.0,0.0,0.0,0.0,0.0,0.0,0.0,0.0,0.0,0.0,0.0,0.0,0.0,0.0,0.0,0.0,0.0,0.0,0.0,0.0,0.0,0.0,0.0,0.0,0.0,0.0,0.0,0.0,0.0,0.0,0.0,0.0,0.0,0.0,0.0,0.0,0.0,0.0,0.0,0.0,0.0,0.0,0.0,0.0,0.0,0.0,0.0,0.0,0.0,0.0,0.0,0.0,0.0,0.0,0.0,0.0,0.0,0.0,0.0,0.0,0.0,0.0,0.0,0.0,0.0,0.0,0.0,0.0,0.0,0.0,0.0,0.0,0.0,0.0,0.0,0.0,0.0,0.0,0.0,0.0,0.0,0.0,0.0,0.0,0.0,0.0,0.0,0.0,0.0,0.0,0.0,0.0,0.0,0.0,0.0,0.0,0.0,0.0,0.0,0.0,0.0,0.0,0.0,0.0
2017-05-30 00:03:00+02:00,0.0,0.0,0.0,0.0,0.0,0.0,0.0,0.0,0.0,0.0,0.0,0.0,0.0,0.0,0.0,0.0,0.0,0.0,0.0,0.0,0.0,0.0,0.0,0.0,0.0,0.0,0.0,0.0,0.0,0.0,0.0,0.0,0.0,0.0,0.0,0.0,0.0,0.0,0.0,0.0,0.0,0.0,0.0,0.0,0.0,0.0,0.0,0.0,0.0,0.0,0.0,0.0,0.0,0.0,0.0,0.0,0.0,0.0,0.0,0.0,0.0,0.0,0.0,0.0,0.0,0.0,0.0,0.0,0.0,0.0,0.0,0.0,0.0,0.0,0.0,0.0,0.0,0.0,0.0,0.0,0.0,0.0,0.0,0.0,0.0,0.0,0.0,0.0,0.0,0.0,0.0,0.0,0.0,0.0,0.0,0.0,0.0,0.0,0.0,0.0,0.0,0.0,0.0,0.0,0.0,0.0,0.0,0.0,0.0,0.0,0.0,0.0,0.0,0.0,0.0,0.0,0.0,0.0
2017-05-30 00:04:00+02:00,0.0,0.0,0.0,0.0,0.0,0.0,0.0,0.0,0.0,0.0,0.0,0.0,0.0,0.0,0.0,0.0,0.0,0.0,0.0,0.0,0.0,0.0,0.0,0.0,0.0,0.0,0.0,0.0,0.0,0.0,0.0,0.0,0.0,0.0,0.0,0.0,0.0,0.0,0.0,0.0,0.0,0.0,0.0,0.0,0.0,0.0,0.0,0.0,0.0,0.0,0.0,0.0,0.0,0.0,0.0,0.0,0.0,0.0,0.0,0.0,0.0,0.0,0.0,0.0,0.0,0.0,0.0,0.0,0.0,0.0,0.0,0.0,0.0,0.0,0.0,0.0,0.0,0.0,0.0,0.0,0.0,0.0,0.0,0.0,0.0,0.0,0.0,0.0,0.0,0.0,0.0,0.0,0.0,0.0,0.0,0.0,0.0,0.0,0.0,0.0,0.0,0.0,0.0,0.0,0.0,0.0,0.0,0.0,0.0,0.0,0.0,0.0,0.0,0.0,0.0,0.0,0.0,0.0
2017-05-30 00:05:00+02:00,0.0,0.0,0.0,0.0,0.0,0.0,0.0,0.0,0.0,0.0,0.0,0.0,0.0,0.0,0.0,0.0,0.0,0.0,0.0,0.0,0.0,0.0,0.0,0.0,0.0,0.0,0.0,0.0,0.0,0.0,0.0,0.0,0.0,0.0,0.0,0.0,0.0,0.0,0.0,0.0,0.0,0.0,0.0,0.0,0.0,0.0,0.0,0.0,0.0,0.0,0.0,0.0,0.0,0.0,0.0,0.0,0.0,0.0,0.0,0.0,0.0,0.0,0.0,0.0,0.0,0.0,0.0,0.0,0.0,0.0,0.0,0.0,0.0,0.0,0.0,0.0,0.0,0.0,0.0,0.0,0.0,0.0,0.0,0.0,0.0,0.0,0.0,0.0,0.0,0.0,0.0,0.0,0.0,0.0,0.0,0.0,0.0,0.0,0.0,0.0,0.0,0.0,0.0,0.0,0.0,0.0,0.0,0.0,0.0,0.0,0.0,0.0,0.0,0.0,0.0,0.0,0.0,0.0
2017-05-30 00:06:00+02:00,0.0,0.0,0.0,0.0,0.0,0.0,0.0,0.0,0.0,0.0,0.0,0.0,0.0,0.0,0.0,0.0,0.0,0.0,0.0,0.0,0.0,0.0,0.0,0.0,0.0,0.0,0.0,0.0,0.0,0.0,0.0,0.0,0.0,0.0,0.0,0.0,0.0,0.0,0.0,0.0,0.0,0.0,0.0,0.0,0.0,0.0,0.0,0.0,0.0,0.0,0.0,0.0,0.0,0.0,0.0,0.0,0.0,0.0,0.0,0.0,0.0,0.0,0.0,0.0,0.0,0.0,0.0,0.0,0.0,0.0,0.0,0.0,0.0,0.0,0.0,0.0,0.0,0.0,0.0,0.0,0.0,0.0,0.0,0.0,0.0,0.0,0.0,0.0,0.0,0.0,0.0,0.0,0.0,0.0,0.0,0.0,0.0,0.0,0.0,0.0,0.0,0.0,0.0,0.0,0.0,0.0,0.0,0.0,0.0,0.0,0.0,0.0,0.0,0.0,0.0,0.0,0.0,0.0
2017-05-30 00:07:00+02:00,0.0,0.0,0.0,0.0,0.0,0.0,0.0,0.0,0.0,0.0,0.0,0.0,0.0,0.0,0.0,0.0,0.0,0.0,0.0,0.0,0.0,0.0,0.0,0.0,0.0,0.0,0.0,0.0,0.0,0.0,0.0,0.0,0.0,0.0,0.0,0.0,0.0,0.0,0.0,0.0,0.0,0.0,0.0,0.0,0.0,0.0,0.0,0.0,0.0,0.0,0.0,0.0,0.0,0.0,0.0,0.0,0.0,0.0,0.0,0.0,0.0,0.0,0.0,0.0,0.0,0.0,0.0,0.0,0.0,0.0,0.0,0.0,0.0,0.0,0.0,0.0,0.0,0.0,0.0,0.0,0.0,0.0,0.0,0.0,0.0,0.0,0.0,0.0,0.0,0.0,0.0,0.0,0.0,0.0,0.0,0.0,0.0,0.0,0.0,0.0,0.0,0.0,0.0,0.0,0.0,0.0,0.0,0.0,0.0,0.0,0.0,0.0,0.0,0.0,0.0,0.0,0.0,0.0
2017-05-30 00:08:00+02:00,0.0,0.0,0.0,0.0,0.0,0.0,0.0,0.0,0.0,0.0,0.0,0.0,0.0,0.0,0.0,0.0,0.0,0.0,0.0,0.0,0.0,0.0,0.0,0.0,0.0,0.0,0.0,0.0,0.0,0.0,0.0,0.0,0.0,0.0,0.0,0.0,0.0,0.0,0.0,0.0,0.0,0.0,0.0,0.0,0.0,0.0,0.0,0.0,0.0,0.0,0.0,0.0,0.0,0.0,0.0,0.0,0.0,0.0,0.0,0.0,0.0,0.0,0.0,0.0,0.0,0.0,0.0,0.0,0.0,0.0,0.0,0.0,0.0,0.0,0.0,0.0,0.0,0.0,0.0,0.0,0.0,0.0,0.0,0.0,0.0,0.0,0.0,0.0,0.0,0.0,0.0,0.0,0.0,0.0,0.0,0.0,0.0,0.0,0.0,0.0,0.0,0.0,0.0,0.0,0.0,0.0,0.0,0.0,0.0,0.0,0.0,0.0,0.0,0.0,0.0,0.0,0.0,0.0
2017-05-30 00:09:00+02:00,0.0,0.0,0.0,0.0,0.0,0.0,0.0,0.0,0.0,0.0,0.0,0.0,0.0,0.0,0.0,0.0,0.0,0.0,0.0,0.0,0.0,0.0,0.0,0.0,0.0,0.0,0.0,0.0,0.0,0.0,0.0,0.0,0.0,0.0,0.0,0.0,0.0,0.0,0.0,0.0,0.0,0.0,0.0,0.0,0.0,0.0,0.0,0.0,0.0,0.0,0.0,0.0,0.0,0.0,0.0,0.0,0.0,0.0,0.0,0.0,0.0,0.0,0.0,0.0,0.0,0.0,0.0,0.0,0.0,0.0,0.0,0.0,0.0,0.0,0.0,0.0,0.0,0.0,0.0,0.0,0.0,0.0,0.0,0.0,0.0,0.0,0.0,0.0,0.0,0.0,0.0,0.0,0.0,0.0,0.0,0.0,0.0,0.0,0.0,0.0,0.0,0.0,0.0,0.0,0.0,0.0,0.0,0.0,0.0,0.0,0.0,0.0,0.0,0.0,0.0,0.0,0.0,0.0
2017-05-30 00:10:00+02:00,0.0,0.0,0.0,0.0,0.0,0.0,0.0,0.0,0.0,0.0,0.0,0.0,0.0,0.0,0.0,0.0,0.0,0.0,0.0,0.0,0.0,0.0,0.0,0.0,0.0,0.0,0.0,0.0,0.0,0.0,0.0,0.0,0.0,0.0,0.0,0.0,0.0,0.0,0.0,0.0,0.0,0.0,0.0,0.0,0.0,0.0,0.0,0.0,0.0,0.0,0.0,0.0,0.0,0.0,0.0,0.0,0.0,0.0,0.0,0.0,0.0,0.0,0.0,0.0,0.0,0.0,0.0,0.0,0.0,0.0,0.0,0.0,0.0,0.0,0.0,0.0,0.0,0.0,0.0,0.0,0.0,0.0,0.0,0.0,0.0,0.0,0.0,0.0,0.0,0.0,0.0,0.0,0.0,0.0,0.0,0.0,0.0,0.0,0.0,0.0,0.0,0.0,0.0,0.0,0.0,0.0,0.0,0.0,0.0,0.0,0.0,0.0,0.0,0.0,0.0,0.0,0.0,0.0
2017-05-30 00:11:00+02:00,0.0,0.0,0.0,0.0,0.0,0.0,0.0,0.0,0.0,0.0,0.0,0.0,0.0,0.0,0.0,0.0,0.0,0.0,0.0,0.0,0.0,0.0,0.0,0.0,0.0,0.0,0.0,0.0,0.0,0.0,0.0,0.0,0.0,0.0,0.0,0.0,0.0,0.0,0.0,0.0,0.0,0.0,0.0,0.0,0.0,0.0,0.0,0.0,0.0,0.0,0.0,0.0,0.0,0.0,0.0,0.0,0.0,0.0,0.0,0.0,0.0,0.0,0.0,0.0,0.0,0.0,0.0,0.0,0.0,0.0,0.0,0.0,0.0,0.0,0.0,0.0,0.0,0.0,0.0,0.0,0.0,0.0,0.0,0.0,0.0,0.0,0.0,0.0,0.0,0.0,0.0,0.0,0.0,0.0,0.0,0.0,0.0,0.0,0.0,0.0,0.0,0.0,0.0,0.0,0.0,0.0,0.0,0.0,0.0,0.0,0.0,0.0,0.0,0.0,0.0,0.0,0.0,0.0
2017-05-30 00:12:00+02:00,0.0,0.0,0.0,0.0,0.0,0.0,0.0,0.0,0.0,0.0,0.0,0.0,0.0,0.0,0.0,0.0,0.0,0.0,0.0,0.0,0.0,0.0,0.0,0.0,0.0,0.0,0.0,0.0,0.0,0.0,0.0,0.0,0.0,0.0,0.0,0.0,0.0,0.0,0.0,0.0,0.0,0.0,0.0,0.0,0.0,0.0,0.0,0.0,0.0,0.0,0.0,0.0,0.0,0.0,0.0,0.0,0.0,0.0,0.0,0.0,0.0,0.0,0.0,0.0,0.0,0.0,0.0,0.0,0.0,0.0,0.0,0.0,0.0,0.0,0.0,0.0,0.0,0.0,0.0,0.0,0.0,0.0,0.0,0.0,0.0,0.0,0.0,0.0,0.0,0.0,0.0,0.0,0.0,0.0,0.0,0.0,0.0,0.0,0.0,0.0,0.0,0.0,0.0,0.0,0.0,0.0,0.0,0.0,0.0,0.0,0.0,0.0,0.0,0.0,0.0,0.0,0.0,0.0
2017-05-30 00:13:00+02:00,0.0,0.0,0.0,0.0,0.0,0.0,0.0,0.0,0.0,0.0,0.0,0.0,0.0,0.0,0.0,0.0,0.0,0.0,0.0,0.0,0.0,0.0,0.0,0.0,0.0,0.0,0.0,0.0,0.0,0.0,0.0,0.0,0.0,0.0,0.0,0.0,0.0,0.0,0.0,0.0,0.0,0.0,0.0,0.0,0.0,0.0,0.0,0.0,0.0,0.0,0.0,0.0,0.0,0.0,0.0,0.0,0.0,0.0,0.0,0.0,0.0,0.0,0.0,0.0,0.0,0.0,0.0,0.0,0.0,0.0,0.0,0.0,0.0,0.0,0.0,0.0,0.0,0.0,0.0,0.0,0.0,0.0,0.0,0.0,0.0,0.0,0.0,0.0,0.0,0.0,0.0,0.0,0.0,0.0,0.0,0.0,0.0,0.0,0.0,0.0,0.0,0.0,0.0,0.0,0.0,0.0,0.0,0.0,0.0,0.0,0.0,0.0,0.0,0.0,0.0,0.0,0.0,0.0
2017-05-30 00:14:00+02:00,0.0,0.0,0.0,0.0,0.0,0.0,0.0,0.0,0.0,0.0,0.0,0.0,0.0,0.0,0.0,0.0,0.0,0.0,0.0,0.0,0.0,0.0,0.0,0.0,0.0,0.0,0.0,0.0,0.0,0.0,0.0,0.0,0.0,0.0,0.0,0.0,0.0,0.0,0.0,0.0,0.0,0.0,0.0,0.0,0.0,0.0,0.0,0.0,0.0,0.0,0.0,0.0,0.0,0.0,0.0,0.0,0.0,0.0,0.0,0.0,0.0,0.0,0.0,0.0,0.0,0.0,0.0,0.0,0.0,0.0,0.0,0.0,0.0,0.0,0.0,0.0,0.0,0.0,0.0,0.0,0.0,0.0,0.0,0.0,0.0,0.0,0.0,0.0,0.0,0.0,0.0,0.0,0.0,0.0,0.0,0.0,0.0,0.0,0.0,0.0,0.0,0.0,0.0,0.0,0.0,0.0,0.0,0.0,0.0,0.0,0.0,0.0,0.0,0.0,0.0,0.0,0.0,0.0
2017-05-30 00:15:00+02:00,0.0,0.0,0.0,0.0,0.0,0.0,0.0,0.0,0.0,0.0,0.0,0.0,0.0,0.0,0.0,0.0,0.0,0.0,0.0,0.0,0.0,0.0,0.0,0.0,0.0,0.0,0.0,0.0,0.0,0.0,0.0,0.0,0.0,0.0,0.0,0.0,0.0,0.0,0.0,0.0,0.0,0.0,0.0,0.0,0.0,0.0,0.0,0.0,0.0,0.0,0.0,0.0,0.0,0.0,0.0,0.0,0.0,0.0,0.0,0.0,0.0,0.0,0.0,0.0,0.0,0.0,0.0,0.0,0.0,0.0,0.0,0.0,0.0,0.0,0.0,0.0,0.0,0.0,0.0,0.0,0.0,0.0,0.0,0.0,0.0,0.0,0.0,0.0,0.0,0.0,0.0,0.0,0.0,0.0,0.0,0.0,0.0,0.0,0.0,0.0,0.0,0.0,0.0,0.0,0.0,0.0,0.0,0.0,0.0,0.0,0.0,0.0,0.0,0.0,0.0,0.0,0.0,0.0
2017-05-30 00:16:00+02:00,0.0,0.0,0.0,0.0,0.0,0.0,0.0,0.0,0.0,0.0,0.0,0.0,0.0,0.0,0.0,0.0,0.0,0.0,0.0,0.0,0.0,0.0,0.0,0.0,0.0,0.0,0.0,0.0,0.0,0.0,0.0,0.0,0.0,0.0,0.0,0.0,0.0,0.0,0.0,0.0,0.0,0.0,0.0,0.0,0.0,0.0,0.0,0.0,0.0,0.0,0.0,0.0,0.0,0.0,0.0,0.0,0.0,0.0,0.0,0.0,0.0,0.0,0.0,0.0,0.0,0.0,0.0,0.0,0.0,0.0,0.0,0.0,0.0,0.0,0.0,0.0,0.0,0.0,0.0,0.0,0.0,0.0,0.0,0.0,0.0,0.0,0.0,0.0,0.0,0.0,0.0,0.0,0.0,0.0,0.0,0.0,0.0,0.0,0.0,0.0,0.0,0.0,0.0,0.0,0.0,0.0,0.0,0.0,0.0,0.0,0.0,0.0,0.0,0.0,0.0,0.0,0.0,0.0
2017-05-30 00:17:00+02:00,0.0,0.0,0.0,0.0,0.0,0.0,0.0,0.0,0.0,0.0,0.0,0.0,0.0,0.0,0.0,0.0,0.0,0.0,0.0,0.0,0.0,0.0,0.0,0.0,0.0,0.0,0.0,0.0,0.0,0.0,0.0,0.0,0.0,0.0,0.0,0.0,0.0,0.0,0.0,0.0,0.0,0.0,0.0,0.0,0.0,0.0,0.0,0.0,0.0,0.0,0.0,0.0,0.0,0.0,0.0,0.0,0.0,0.0,0.0,0.0,0.0,0.0,0.0,0.0,0.0,0.0,0.0,0.0,0.0,0.0,0.0,0.0,0.0,0.0,0.0,0.0,0.0,0.0,0.0,0.0,0.0,0.0,0.0,0.0,0.0,0.0,0.0,0.0,0.0,0.0,0.0,0.0,0.0,0.0,0.0,0.0,0.0,0.0,0.0,0.0,0.0,0.0,0.0,0.0,0.0,0.0,0.0,0.0,0.0,0.0,0.0,0.0,0.0,0.0,0.0,0.0,0.0,0.0
2017-05-30 00:18:00+02:00,0.0,0.0,0.0,0.0,0.0,0.0,0.0,0.0,0.0,0.0,0.0,0.0,0.0,0.0,0.0,0.0,0.0,0.0,0.0,0.0,0.0,0.0,0.0,0.0,0.0,0.0,0.0,0.0,0.0,0.0,0.0,0.0,0.0,0.0,0.0,0.0,0.0,0.0,0.0,0.0,0.0,0.0,0.0,0.0,0.0,0.0,0.0,0.0,0.0,0.0,0.0,0.0,0.0,0.0,0.0,0.0,0.0,0.0,0.0,0.0,0.0,0.0,0.0,0.0,0.0,0.0,0.0,0.0,0.0,0.0,0.0,0.0,0.0,0.0,0.0,0.0,0.0,0.0,0.0,0.0,0.0,0.0,0.0,0.0,0.0,0.0,0.0,0.0,0.0,0.0,0.0,0.0,0.0,0.0,0.0,0.0,0.0,0.0,0.0,0.0,0.0,0.0,0.0,0.0,0.0,0.0,0.0,0.0,0.0,0.0,0.0,0.0,0.0,0.0,0.0,0.0,0.0,0.0
2017-05-30 00:19:00+02:00,0.0,0.0,0.0,0.0,0.0,0.0,0.0,0.0,0.0,0.0,0.0,0.0,0.0,0.0,0.0,0.0,0.0,0.0,0.0,0.0,0.0,0.0,0.0,0.0,0.0,0.0,0.0,0.0,0.0,0.0,0.0,0.0,0.0,0.0,0.0,0.0,0.0,0.0,0.0,0.0,0.0,0.0,0.0,0.0,0.0,0.0,0.0,0.0,0.0,0.0,0.0,0.0,0.0,0.0,0.0,0.0,0.0,0.0,0.0,0.0,0.0,0.0,0.0,0.0,0.0,0.0,0.0,0.0,0.0,0.0,0.0,0.0,0.0,0.0,0.0,0.0,0.0,0.0,0.0,0.0,0.0,0.0,0.0,0.0,0.0,0.0,0.0,0.0,0.0,0.0,0.0,0.0,0.0,0.0,0.0,0.0,0.0,0.0,0.0,0.0,0.0,0.0,0.0,0.0,0.0,0.0,0.0,0.0,0.0,0.0,0.0,0.0,0.0,0.0,0.0,0.0,0.0,0.0
2017-05-30 00:20:00+02:00,0.0,0.0,0.0,0.0,0.0,0.0,0.0,0.0,0.0,0.0,0.0,0.0,0.0,0.0,0.0,0.0,0.0,0.0,0.0,0.0,0.0,0.0,0.0,0.0,0.0,0.0,0.0,0.0,0.0,0.0,0.0,0.0,0.0,0.0,0.0,0.0,0.0,0.0,0.0,0.0,0.0,0.0,0.0,0.0,0.0,0.0,0.0,0.0,0.0,0.0,0.0,0.0,0.0,0.0,0.0,0.0,0.0,0.0,0.0,0.0,0.0,0.0,0.0,0.0,0.0,0.0,0.0,0.0,0.0,0.0,0.0,0.0,0.0,0.0,0.0,0.0,0.0,0.0,0.0,0.0,0.0,0.0,0.0,0.0,0.0,0.0,0.0,0.0,0.0,0.0,0.0,0.0,0.0,0.0,0.0,0.0,0.0,0.0,0.0,0.0,0.0,0.0,0.0,0.0,0.0,0.0,0.0,0.0,0.0,0.0,0.0,0.0,0.0,0.0,0.0,0.0,0.0,0.0
2017-05-30 00:21:00+02:00,0.0,0.0,0.0,0.0,0.0,0.0,0.0,0.0,0.0,0.0,0.0,0.0,0.0,0.0,0.0,0.0,0.0,0.0,0.0,0.0,0.0,0.0,0.0,0.0,0.0,0.0,0.0,0.0,0.0,0.0,0.0,0.0,0.0,0.0,0.0,0.0,0.0,0.0,0.0,0.0,0.0,0.0,0.0,0.0,0.0,0.0,0.0,0.0,0.0,0.0,0.0,0.0,0.0,0.0,0.0,0.0,0.0,0.0,0.0,0.0,0.0,0.0,0.0,0.0,0.0,0.0,0.0,0.0,0.0,0.0,0.0,0.0,0.0,0.0,0.0,0.0,0.0,0.0,0.0,0.0,0.0,0.0,0.0,0.0,0.0,0.0,0.0,0.0,0.0,0.0,0.0,0.0,0.0,0.0,0.0,0.0,0.0,0.0,0.0,0.0,0.0,0.0,0.0,0.0,0.0,0.0,0.0,0.0,0.0,0.0,0.0,0.0,0.0,0.0,0.0,0.0,0.0,0.0
2017-05-30 00:22:00+02:00,0.0,0.0,0.0,0.0,0.0,0.0,0.0,0.0,0.0,0.0,0.0,0.0,0.0,0.0,0.0,0.0,0.0,0.0,0.0,0.0,0.0,0.0,0.0,0.0,0.0,0.0,0.0,0.0,0.0,0.0,0.0,0.0,0.0,0.0,0.0,0.0,0.0,0.0,0.0,0.0,0.0,0.0,0.0,0.0,0.0,0.0,0.0,0.0,0.0,0.0,0.0,0.0,0.0,0.0,0.0,0.0,0.0,0.0,0.0,0.0,0.0,0.0,0.0,0.0,0.0,0.0,0.0,0.0,0.0,0.0,0.0,0.0,0.0,0.0,0.0,0.0,0.0,0.0,0.0,0.0,0.0,0.0,0.0,0.0,0.0,0.0,0.0,0.0,0.0,0.0,0.0,0.0,0.0,0.0,0.0,0.0,0.0,0.0,0.0,0.0,0.0,0.0,0.0,0.0,0.0,0.0,0.0,0.0,0.0,0.0,0.0,0.0,0.0,0.0,0.0,0.0,0.0,0.0
2017-05-30 00:23:00+02:00,0.0,0.0,0.0,0.0,0.0,0.0,0.0,0.0,0.0,0.0,0.0,0.0,0.0,0.0,0.0,0.0,0.0,0.0,0.0,0.0,0.0,0.0,0.0,0.0,0.0,0.0,0.0,0.0,0.0,0.0,0.0,0.0,0.0,0.0,0.0,0.0,0.0,0.0,0.0,0.0,0.0,0.0,0.0,0.0,0.0,0.0,0.0,0.0,0.0,0.0,0.0,0.0,0.0,0.0,0.0,0.0,0.0,0.0,0.0,0.0,0.0,0.0,0.0,0.0,0.0,0.0,0.0,0.0,0.0,0.0,0.0,0.0,0.0,0.0,0.0,0.0,0.0,0.0,0.0,0.0,0.0,0.0,0.0,0.0,0.0,0.0,0.0,0.0,0.0,0.0,0.0,0.0,0.0,0.0,0.0,0.0,0.0,0.0,0.0,0.0,0.0,0.0,0.0,0.0,0.0,0.0,0.0,0.0,0.0,0.0,0.0,0.0,0.0,0.0,0.0,0.0,0.0,0.0
2017-05-30 00:24:00+02:00,0.0,0.0,0.0,0.0,0.0,0.0,0.0,0.0,0.0,0.0,0.0,0.0,0.0,0.0,0.0,0.0,0.0,0.0,0.0,0.0,0.0,0.0,0.0,0.0,0.0,0.0,0.0,0.0,0.0,0.0,0.0,0.0,0.0,0.0,0.0,0.0,0.0,0.0,0.0,0.0,0.0,0.0,0.0,0.0,0.0,0.0,0.0,0.0,0.0,0.0,0.0,0.0,0.0,0.0,0.0,0.0,0.0,0.0,0.0,0.0,0.0,0.0,0.0,0.0,0.0,0.0,0.0,0.0,0.0,0.0,0.0,0.0,0.0,0.0,0.0,0.0,0.0,0.0,0.0,0.0,0.0,0.0,0.0,0.0,0.0,0.0,0.0,0.0,0.0,0.0,0.0,0.0,0.0,0.0,0.0,0.0,0.0,0.0,0.0,0.0,0.0,0.0,0.0,0.0,0.0,0.0,0.0,0.0,0.0,0.0,0.0,0.0,0.0,0.0,0.0,0.0,0.0,0.0
2017-05-30 00:25:00+02:00,0.0,0.0,0.0,0.0,0.0,0.0,0.0,0.0,0.0,0.0,0.0,0.0,0.0,0.0,0.0,0.0,0.0,0.0,0.0,0.0,0.0,0.0,0.0,0.0,0.0,0.0,0.0,0.0,0.0,0.0,0.0,0.0,0.0,0.0,0.0,0.0,0.0,0.0,0.0,0.0,0.0,0.0,0.0,0.0,0.0,0.0,0.0,0.0,0.0,0.0,0.0,0.0,0.0,0.0,0.0,0.0,0.0,0.0,0.0,0.0,0.0,0.0,0.0,0.0,0.0,0.0,0.0,0.0,0.0,0.0,0.0,0.0,0.0,0.0,0.0,0.0,0.0,0.0,0.0,0.0,0.0,0.0,0.0,0.0,0.0,0.0,0.0,0.0,0.0,0.0,0.0,0.0,0.0,0.0,0.0,0.0,0.0,0.0,0.0,0.0,0.0,0.0,0.0,0.0,0.0,0.0,0.0,0.0,0.0,0.0,0.0,0.0,0.0,0.0,0.0,0.0,0.0,0.0
2017-05-30 00:26:00+02:00,0.0,0.0,0.0,0.0,0.0,0.0,0.0,0.0,0.0,0.0,0.0,0.0,0.0,0.0,0.0,0.0,0.0,0.0,0.0,0.0,0.0,0.0,0.0,0.0,0.0,0.0,0.0,0.0,0.0,0.0,0.0,0.0,0.0,0.0,0.0,0.0,0.0,0.0,0.0,0.0,0.0,0.0,0.0,0.0,0.0,0.0,0.0,0.0,0.0,0.0,0.0,0.0,0.0,0.0,0.0,0.0,0.0,0.0,0.0,0.0,0.0,0.0,0.0,0.0,0.0,0.0,0.0,0.0,0.0,0.0,0.0,0.0,0.0,0.0,0.0,0.0,0.0,0.0,0.0,0.0,0.0,0.0,0.0,0.0,0.0,0.0,0.0,0.0,0.0,0.0,0.0,0.0,0.0,0.0,0.0,0.0,0.0,0.0,0.0,0.0,0.0,0.0,0.0,0.0,0.0,0.0,0.0,0.0,0.0,0.0,0.0,0.0,0.0,0.0,0.0,0.0,0.0,0.0
2017-05-30 00:27:00+02:00,0.0,0.0,0.0,0.0,0.0,0.0,0.0,0.0,0.0,0.0,0.0,0.0,0.0,0.0,0.0,0.0,0.0,0.0,0.0,0.0,0.0,0.0,0.0,0.0,0.0,0.0,0.0,0.0,0.0,0.0,0.0,0.0,0.0,0.0,0.0,0.0,0.0,0.0,0.0,0.0,0.0,0.0,0.0,0.0,0.0,0.0,0.0,0.0,0.0,0.0,0.0,0.0,0.0,0.0,0.0,0.0,0.0,0.0,0.0,0.0,0.0,0.0,0.0,0.0,0.0,0.0,0.0,0.0,0.0,0.0,0.0,0.0,0.0,0.0,0.0,0.0,0.0,0.0,0.0,0.0,0.0,0.0,0.0,0.0,0.0,0.0,0.0,0.0,0.0,0.0,0.0,0.0,0.0,0.0,0.0,0.0,0.0,0.0,0.0,0.0,0.0,0.0,0.0,0.0,0.0,0.0,0.0,0.0,0.0,0.0,0.0,0.0,0.0,0.0,0.0,0.0,0.0,0.0
2017-05-30 00:28:00+02:00,0.0,0.0,0.0,0.0,0.0,0.0,0.0,0.0,0.0,0.0,0.0,0.0,0.0,0.0,0.0,0.0,0.0,0.0,0.0,0.0,0.0,0.0,0.0,0.0,0.0,0.0,0.0,0.0,0.0,0.0,0.0,0.0,0.0,0.0,0.0,0.0,0.0,0.0,0.0,0.0,0.0,0.0,0.0,0.0,0.0,0.0,0.0,0.0,0.0,0.0,0.0,0.0,0.0,0.0,0.0,0.0,0.0,0.0,0.0,0.0,0.0,0.0,0.0,0.0,0.0,0.0,0.0,0.0,0.0,0.0,0.0,0.0,0.0,0.0,0.0,0.0,0.0,0.0,0.0,0.0,0.0,0.0,0.0,0.0,0.0,0.0,0.0,0.0,0.0,0.0,0.0,0.0,0.0,0.0,0.0,0.0,0.0,0.0,0.0,0.0,0.0,0.0,0.0,0.0,0.0,0.0,0.0,0.0,0.0,0.0,0.0,0.0,0.0,0.0,0.0,0.0,0.0,0.0
2017-05-30 00:29:00+02:00,0.0,0.0,0.0,0.0,0.0,0.0,0.0,0.0,0.0,0.0,0.0,0.0,0.0,0.0,0.0,0.0,0.0,0.0,0.0,0.0,0.0,0.0,0.0,0.0,0.0,0.0,0.0,0.0,0.0,0.0,0.0,0.0,0.0,0.0,0.0,0.0,0.0,0.0,0.0,0.0,0.0,0.0,0.0,0.0,0.0,0.0,0.0,0.0,0.0,0.0,0.0,0.0,0.0,0.0,0.0,0.0,0.0,0.0,0.0,0.0,0.0,0.0,0.0,0.0,0.0,0.0,0.0,0.0,0.0,0.0,0.0,0.0,0.0,0.0,0.0,0.0,0.0,0.0,0.0,0.0,0.0,0.0,0.0,0.0,0.0,0.0,0.0,0.0,0.0,0.0,0.0,0.0,0.0,0.0,0.0,0.0,0.0,0.0,0.0,0.0,0.0,0.0,0.0,0.0,0.0,0.0,0.0,0.0,0.0,0.0,0.0,0.0,0.0,0.0,0.0,0.0,0.0,0.0
2017-05-30 00:30:00+02:00,0.0,0.0,0.0,0.0,0.0,0.0,0.0,0.0,0.0,0.0,0.0,0.0,0.0,0.0,0.0,0.0,0.0,0.0,0.0,0.0,0.0,0.0,0.0,0.0,0.0,0.0,0.0,0.0,0.0,0.0,0.0,0.0,0.0,0.0,0.0,0.0,0.0,0.0,0.0,0.0,0.0,0.0,0.0,0.0,0.0,0.0,0.0,0.0,0.0,0.0,0.0,0.0,0.0,0.0,0.0,0.0,0.0,0.0,0.0,0.0,0.0,0.0,0.0,0.0,0.0,0.0,0.0,0.0,0.0,0.0,0.0,0.0,0.0,0.0,0.0,0.0,0.0,0.0,0.0,0.0,0.0,0.0,0.0,0.0,0.0,0.0,0.0,0.0,0.0,0.0,0.0,0.0,0.0,0.0,0.0,0.0,0.0,0.0,0.0,0.0,0.0,0.0,0.0,0.0,0.0,0.0,0.0,0.0,0.0,0.0,0.0,0.0,0.0,0.0,0.0,0.0,0.0,0.0
2017-05-30 00:31:00+02:00,0.0,0.0,0.0,0.0,0.0,0.0,0.0,0.0,0.0,0.0,0.0,0.0,0.0,0.0,0.0,0.0,0.0,0.0,0.0,0.0,0.0,0.0,0.0,0.0,0.0,0.0,0.0,0.0,0.0,0.0,0.0,0.0,0.0,0.0,0.0,0.0,0.0,0.0,0.0,0.0,0.0,0.0,0.0,0.0,0.0,0.0,0.0,0.0,0.0,0.0,0.0,0.0,0.0,0.0,0.0,0.0,0.0,0.0,0.0,0.0,0.0,0.0,0.0,0.0,0.0,0.0,0.0,0.0,0.0,0.0,0.0,0.0,0.0,0.0,0.0,0.0,0.0,0.0,0.0,0.0,0.0,0.0,0.0,0.0,0.0,0.0,0.0,0.0,0.0,0.0,0.0,0.0,0.0,0.0,0.0,0.0,0.0,0.0,0.0,0.0,0.0,0.0,0.0,0.0,0.0,0.0,0.0,0.0,0.0,0.0,0.0,0.0,0.0,0.0,0.0,0.0,0.0,0.0
2017-05-30 00:32:00+02:00,0.0,0.0,0.0,0.0,0.0,0.0,0.0,0.0,0.0,0.0,0.0,0.0,0.0,0.0,0.0,0.0,0.0,0.0,0.0,0.0,0.0,0.0,0.0,0.0,0.0,0.0,0.0,0.0,0.0,0.0,0.0,0.0,0.0,0.0,0.0,0.0,0.0,0.0,0.0,0.0,0.0,0.0,0.0,0.0,0.0,0.0,0.0,0.0,0.0,0.0,0.0,0.0,0.0,0.0,0.0,0.0,0.0,0.0,0.0,0.0,0.0,0.0,0.0,0.0,0.0,0.0,0.0,0.0,0.0,0.0,0.0,0.0,0.0,0.0,0.0,0.0,0.0,0.0,0.0,0.0,0.0,0.0,0.0,0.0,0.0,0.0,0.0,0.0,0.0,0.0,0.0,0.0,0.0,0.0,0.0,0.0,0.0,0.0,0.0,0.0,0.0,0.0,0.0,0.0,0.0,0.0,0.0,0.0,0.0,0.0,0.0,0.0,0.0,0.0,0.0,0.0,0.0,0.0
2017-05-30 00:33:00+02:00,0.0,0.0,0.0,0.0,0.0,0.0,0.0,0.0,0.0,0.0,0.0,0.0,0.0,0.0,0.0,0.0,0.0,0.0,0.0,0.0,0.0,0.0,0.0,0.0,0.0,0.0,0.0,0.0,0.0,0.0,0.0,0.0,0.0,0.0,0.0,0.0,0.0,0.0,0.0,0.0,0.0,0.0,0.0,0.0,0.0,0.0,0.0,0.0,0.0,0.0,0.0,0.0,0.0,0.0,0.0,0.0,0.0,0.0,0.0,0.0,0.0,0.0,0.0,0.0,0.0,0.0,0.0,0.0,0.0,0.0,0.0,0.0,0.0,0.0,0.0,0.0,0.0,0.0,0.0,0.0,0.0,0.0,0.0,0.0,0.0,0.0,0.0,0.0,0.0,0.0,0.0,0.0,0.0,0.0,0.0,0.0,0.0,0.0,0.0,0.0,0.0,0.0,0.0,0.0,0.0,0.0,0.0,0.0,0.0,0.0,0.0,0.0,0.0,0.0,0.0,0.0,0.0,0.0
2017-05-30 00:34:00+02:00,0.0,0.0,0.0,0.0,0.0,0.0,0.0,0.0,0.0,0.0,0.0,0.0,0.0,0.0,0.0,0.0,0.0,0.0,0.0,0.0,0.0,0.0,0.0,0.0,0.0,0.0,0.0,0.0,0.0,0.0,0.0,0.0,0.0,0.0,0.0,0.0,0.0,0.0,0.0,0.0,0.0,0.0,0.0,0.0,0.0,0.0,0.0,0.0,0.0,0.0,0.0,0.0,0.0,0.0,0.0,0.0,0.0,0.0,0.0,0.0,0.0,0.0,0.0,0.0,0.0,0.0,0.0,0.0,0.0,0.0,0.0,0.0,0.0,0.0,0.0,0.0,0.0,0.0,0.0,0.0,0.0,0.0,0.0,0.0,0.0,0.0,0.0,0.0,0.0,0.0,0.0,0.0,0.0,0.0,0.0,0.0,0.0,0.0,0.0,0.0,0.0,0.0,0.0,0.0,0.0,0.0,0.0,0.0,0.0,0.0,0.0,0.0,0.0,0.0,0.0,0.0,0.0,0.0
2017-05-30 00:35:00+02:00,0.0,0.0,0.0,0.0,0.0,0.0,0.0,0.0,0.0,0.0,0.0,0.0,0.0,0.0,0.0,0.0,0.0,0.0,0.0,0.0,0.0,0.0,0.0,0.0,0.0,0.0,0.0,0.0,0.0,0.0,0.0,0.0,0.0,0.0,0.0,0.0,0.0,0.0,0.0,0.0,0.0,0.0,0.0,0.0,0.0,0.0,0.0,0.0,0.0,0.0,0.0,0.0,0.0,0.0,0.0,0.0,0.0,0.0,0.0,0.0,0.0,0.0,0.0,0.0,0.0,0.0,0.0,0.0,0.0,0.0,0.0,0.0,0.0,0.0,0.0,0.0,0.0,0.0,0.0,0.0,0.0,0.0,0.0,0.0,0.0,0.0,0.0,0.0,0.0,0.0,0.0,0.0,0.0,0.0,0.0,0.0,0.0,0.0,0.0,0.0,0.0,0.0,0.0,0.0,0.0,0.0,0.0,0.0,0.0,0.0,0.0,0.0,0.0,0.0,0.0,0.0,0.0,0.0
2017-05-30 00:36:00+02:00,0.0,0.0,0.0,0.0,0.0,0.0,0.0,0.0,0.0,0.0,0.0,0.0,0.0,0.0,0.0,0.0,0.0,0.0,0.0,0.0,0.0,0.0,0.0,0.0,0.0,0.0,0.0,0.0,0.0,0.0,0.0,0.0,0.0,0.0,0.0,0.0,0.0,0.0,0.0,0.0,0.0,0.0,0.0,0.0,0.0,0.0,0.0,0.0,0.0,0.0,0.0,0.0,0.0,0.0,0.0,0.0,0.0,0.0,0.0,0.0,0.0,0.0,0.0,0.0,0.0,0.0,0.0,0.0,0.0,0.0,0.0,0.0,0.0,0.0,0.0,0.0,0.0,0.0,0.0,0.0,0.0,0.0,0.0,0.0,0.0,0.0,0.0,0.0,0.0,0.0,0.0,0.0,0.0,0.0,0.0,0.0,0.0,0.0,0.0,0.0,0.0,0.0,0.0,0.0,0.0,0.0,0.0,0.0,0.0,0.0,0.0,0.0,0.0,0.0,0.0,0.0,0.0,0.0
2017-05-30 00:37:00+02:00,0.0,0.0,0.0,0.0,0.0,0.0,0.0,0.0,0.0,0.0,0.0,0.0,0.0,0.0,0.0,0.0,0.0,0.0,0.0,0.0,0.0,0.0,0.0,0.0,0.0,0.0,0.0,0.0,0.0,0.0,0.0,0.0,0.0,0.0,0.0,0.0,0.0,0.0,0.0,0.0,0.0,0.0,0.0,0.0,0.0,0.0,0.0,0.0,0.0,0.0,0.0,0.0,0.0,0.0,0.0,0.0,0.0,0.0,0.0,0.0,0.0,0.0,0.0,0.0,0.0,0.0,0.0,0.0,0.0,0.0,0.0,0.0,0.0,0.0,0.0,0.0,0.0,0.0,0.0,0.0,0.0,0.0,0.0,0.0,0.0,0.0,0.0,0.0,0.0,0.0,0.0,0.0,0.0,0.0,0.0,0.0,0.0,0.0,0.0,0.0,0.0,0.0,0.0,0.0,0.0,0.0,0.0,0.0,0.0,0.0,0.0,0.0,0.0,0.0,0.0,0.0,0.0,0.0
2017-05-30 00:38:00+02:00,0.0,0.0,0.0,0.0,0.0,0.0,0.0,0.0,0.0,0.0,0.0,0.0,0.0,0.0,0.0,0.0,0.0,0.0,0.0,0.0,0.0,0.0,0.0,0.0,0.0,0.0,0.0,0.0,0.0,0.0,0.0,0.0,0.0,0.0,0.0,0.0,0.0,0.0,0.0,0.0,0.0,0.0,0.0,0.0,0.0,0.0,0.0,0.0,0.0,0.0,0.0,0.0,0.0,0.0,0.0,0.0,0.0,0.0,0.0,0.0,0.0,0.0,0.0,0.0,0.0,0.0,0.0,0.0,0.0,0.0,0.0,0.0,0.0,0.0,0.0,0.0,0.0,0.0,0.0,0.0,0.0,0.0,0.0,0.0,0.0,0.0,0.0,0.0,0.0,0.0,0.0,0.0,0.0,0.0,0.0,0.0,0.0,0.0,0.0,0.0,0.0,0.0,0.0,0.0,0.0,0.0,0.0,0.0,0.0,0.0,0.0,0.0,0.0,0.0,0.0,0.0,0.0,0.0
2017-05-30 00:39:00+02:00,0.0,0.0,0.0,0.0,0.0,0.0,0.0,0.0,0.0,0.0,0.0,0.0,0.0,0.0,0.0,0.0,0.0,0.0,0.0,0.0,0.0,0.0,0.0,0.0,0.0,0.0,0.0,0.0,0.0,0.0,0.0,0.0,0.0,0.0,0.0,0.0,0.0,0.0,0.0,0.0,0.0,0.0,0.0,0.0,0.0,0.0,0.0,0.0,0.0,0.0,0.0,0.0,0.0,0.0,0.0,0.0,0.0,0.0,0.0,0.0,0.0,0.0,0.0,0.0,0.0,0.0,0.0,0.0,0.0,0.0,0.0,0.0,0.0,0.0,0.0,0.0,0.0,0.0,0.0,0.0,0.0,0.0,0.0,0.0,0.0,0.0,0.0,0.0,0.0,0.0,0.0,0.0,0.0,0.0,0.0,0.0,0.0,0.0,0.0,0.0,0.0,0.0,0.0,0.0,0.0,0.0,0.0,0.0,0.0,0.0,0.0,0.0,0.0,0.0,0.0,0.0,0.0,0.0
2017-05-30 00:40:00+02:00,0.0,0.0,0.0,0.0,0.0,0.0,0.0,0.0,0.0,0.0,0.0,0.0,0.0,0.0,0.0,0.0,0.0,0.0,0.0,0.0,0.0,0.0,0.0,0.0,0.0,0.0,0.0,0.0,0.0,0.0,0.0,0.0,0.0,0.0,0.0,0.0,0.0,0.0,0.0,0.0,0.0,0.0,0.0,0.0,0.0,0.0,0.0,0.0,0.0,0.0,0.0,0.0,0.0,0.0,0.0,0.0,0.0,0.0,0.0,0.0,0.0,0.0,0.0,0.0,0.0,0.0,0.0,0.0,0.0,0.0,0.0,0.0,0.0,0.0,0.0,0.0,0.0,0.0,0.0,0.0,0.0,0.0,0.0,0.0,0.0,0.0,0.0,0.0,0.0,0.0,0.0,0.0,0.0,0.0,0.0,0.0,0.0,0.0,0.0,0.0,0.0,0.0,0.0,0.0,0.0,0.0,0.0,0.0,0.0,0.0,0.0,0.0,0.0,0.0,0.0,0.0,0.0,0.0
2017-05-30 00:41:00+02:00,0.0,0.0,0.0,0.0,0.0,0.0,0.0,0.0,0.0,0.0,0.0,0.0,0.0,0.0,0.0,0.0,0.0,0.0,0.0,0.0,0.0,0.0,0.0,0.0,0.0,0.0,0.0,0.0,0.0,0.0,0.0,0.0,0.0,0.0,0.0,0.0,0.0,0.0,0.0,0.0,0.0,0.0,0.0,0.0,0.0,0.0,0.0,0.0,0.0,0.0,0.0,0.0,0.0,0.0,0.0,0.0,0.0,0.0,0.0,0.0,0.0,0.0,0.0,0.0,0.0,0.0,0.0,0.0,0.0,0.0,0.0,0.0,0.0,0.0,0.0,0.0,0.0,0.0,0.0,0.0,0.0,0.0,0.0,0.0,0.0,0.0,0.0,0.0,0.0,0.0,0.0,0.0,0.0,0.0,0.0,0.0,0.0,0.0,0.0,0.0,0.0,0.0,0.0,0.0,0.0,0.0,0.0,0.0,0.0,0.0,0.0,0.0,0.0,0.0,0.0,0.0,0.0,0.0
2017-05-30 00:42:00+02:00,0.0,0.0,0.0,0.0,0.0,0.0,0.0,0.0,0.0,0.0,0.0,0.0,0.0,0.0,0.0,0.0,0.0,0.0,0.0,0.0,0.0,0.0,0.0,0.0,0.0,0.0,0.0,0.0,0.0,0.0,0.0,0.0,0.0,0.0,0.0,0.0,0.0,0.0,0.0,0.0,0.0,0.0,0.0,0.0,0.0,0.0,0.0,0.0,0.0,0.0,0.0,0.0,0.0,0.0,0.0,0.0,0.0,0.0,0.0,0.0,0.0,0.0,0.0,0.0,0.0,0.0,0.0,0.0,0.0,0.0,0.0,0.0,0.0,0.0,0.0,0.0,0.0,0.0,0.0,0.0,0.0,0.0,0.0,0.0,0.0,0.0,0.0,0.0,0.0,0.0,0.0,0.0,0.0,0.0,0.0,0.0,0.0,0.0,0.0,0.0,0.0,0.0,0.0,0.0,0.0,0.0,0.0,0.0,0.0,0.0,0.0,0.0,0.0,0.0,0.0,0.0,0.0,0.0
2017-05-30 00:43:00+02:00,0.0,0.0,0.0,0.0,0.0,0.0,0.0,0.0,0.0,0.0,0.0,0.0,0.0,0.0,0.0,0.0,0.0,0.0,0.0,0.0,0.0,0.0,0.0,0.0,0.0,0.0,0.0,0.0,0.0,0.0,0.0,0.0,0.0,0.0,0.0,0.0,0.0,0.0,0.0,0.0,0.0,0.0,0.0,0.0,0.0,0.0,0.0,0.0,0.0,0.0,0.0,0.0,0.0,0.0,0.0,0.0,0.0,0.0,0.0,0.0,0.0,0.0,0.0,0.0,0.0,0.0,0.0,0.0,0.0,0.0,0.0,0.0,0.0,0.0,0.0,0.0,0.0,0.0,0.0,0.0,0.0,0.0,0.0,0.0,0.0,0.0,0.0,0.0,0.0,0.0,0.0,0.0,0.0,0.0,0.0,0.0,0.0,0.0,0.0,0.0,0.0,0.0,0.0,0.0,0.0,0.0,0.0,0.0,0.0,0.0,0.0,0.0,0.0,0.0,0.0,0.0,0.0,0.0
2017-05-30 00:44:00+02:00,0.0,0.0,0.0,0.0,0.0,0.0,0.0,0.0,0.0,0.0,0.0,0.0,0.0,0.0,0.0,0.0,0.0,0.0,0.0,0.0,0.0,0.0,0.0,0.0,0.0,0.0,0.0,0.0,0.0,0.0,0.0,0.0,0.0,0.0,0.0,0.0,0.0,0.0,0.0,0.0,0.0,0.0,0.0,0.0,0.0,0.0,0.0,0.0,0.0,0.0,0.0,0.0,0.0,0.0,0.0,0.0,0.0,0.0,0.0,0.0,0.0,0.0,0.0,0.0,0.0,0.0,0.0,0.0,0.0,0.0,0.0,0.0,0.0,0.0,0.0,0.0,0.0,0.0,0.0,0.0,0.0,0.0,0.0,0.0,0.0,0.0,0.0,0.0,0.0,0.0,0.0,0.0,0.0,0.0,0.0,0.0,0.0,0.0,0.0,0.0,0.0,0.0,0.0,0.0,0.0,0.0,0.0,0.0,0.0,0.0,0.0,0.0,0.0,0.0,0.0,0.0,0.0,0.0
2017-05-30 00:45:00+02:00,0.0,0.0,0.0,0.0,0.0,0.0,0.0,0.0,0.0,0.0,0.0,0.0,0.0,0.0,0.0,0.0,0.0,0.0,0.0,0.0,0.0,0.0,0.0,0.0,0.0,0.0,0.0,0.0,0.0,0.0,0.0,0.0,0.0,0.0,0.0,0.0,0.0,0.0,0.0,0.0,0.0,0.0,0.0,0.0,0.0,0.0,0.0,0.0,0.0,0.0,0.0,0.0,0.0,0.0,0.0,0.0,0.0,0.0,0.0,0.0,0.0,0.0,0.0,0.0,0.0,0.0,0.0,0.0,0.0,0.0,0.0,0.0,0.0,0.0,0.0,0.0,0.0,0.0,0.0,0.0,0.0,0.0,0.0,0.0,0.0,0.0,0.0,0.0,0.0,0.0,0.0,0.0,0.0,0.0,0.0,0.0,0.0,0.0,0.0,0.0,0.0,0.0,0.0,0.0,0.0,0.0,0.0,0.0,0.0,0.0,0.0,0.0,0.0,0.0,0.0,0.0,0.0,0.0
2017-05-30 00:46:00+02:00,0.0,0.0,0.0,0.0,0.0,0.0,0.0,0.0,0.0,0.0,0.0,0.0,0.0,0.0,0.0,0.0,0.0,0.0,0.0,0.0,0.0,0.0,0.0,0.0,0.0,0.0,0.0,0.0,0.0,0.0,0.0,0.0,0.0,0.0,0.0,0.0,0.0,0.0,0.0,0.0,0.0,0.0,0.0,0.0,0.0,0.0,0.0,0.0,0.0,0.0,0.0,0.0,0.0,0.0,0.0,0.0,0.0,0.0,0.0,0.0,0.0,0.0,0.0,0.0,0.0,0.0,0.0,0.0,0.0,0.0,0.0,0.0,0.0,0.0,0.0,0.0,0.0,0.0,0.0,0.0,0.0,0.0,0.0,0.0,0.0,0.0,0.0,0.0,0.0,0.0,0.0,0.0,0.0,0.0,0.0,0.0,0.0,0.0,0.0,0.0,0.0,0.0,0.0,0.0,0.0,0.0,0.0,0.0,0.0,0.0,0.0,0.0,0.0,0.0,0.0,0.0,0.0,0.0
2017-05-30 00:47:00+02:00,0.0,0.0,0.0,0.0,0.0,0.0,0.0,0.0,0.0,0.0,0.0,0.0,0.0,0.0,0.0,0.0,0.0,0.0,0.0,0.0,0.0,0.0,0.0,0.0,0.0,0.0,0.0,0.0,0.0,0.0,0.0,0.0,0.0,0.0,0.0,0.0,0.0,0.0,0.0,0.0,0.0,0.0,0.0,0.0,0.0,0.0,0.0,0.0,0.0,0.0,0.0,0.0,0.0,0.0,0.0,0.0,0.0,0.0,0.0,0.0,0.0,0.0,0.0,0.0,0.0,0.0,0.0,0.0,0.0,0.0,0.0,0.0,0.0,0.0,0.0,0.0,0.0,0.0,0.0,0.0,0.0,0.0,0.0,0.0,0.0,0.0,0.0,0.0,0.0,0.0,0.0,0.0,0.0,0.0,0.0,0.0,0.0,0.0,0.0,0.0,0.0,0.0,0.0,0.0,0.0,0.0,0.0,0.0,0.0,0.0,0.0,0.0,0.0,0.0,0.0,0.0,0.0,0.0
2017-05-30 00:48:00+02:00,0.0,0.0,0.0,0.0,0.0,0.0,0.0,0.0,0.0,0.0,0.0,0.0,0.0,0.0,0.0,0.0,0.0,0.0,0.0,0.0,0.0,0.0,0.0,0.0,0.0,0.0,0.0,0.0,0.0,0.0,0.0,0.0,0.0,0.0,0.0,0.0,0.0,0.0,0.0,0.0,0.0,0.0,0.0,0.0,0.0,0.0,0.0,0.0,0.0,0.0,0.0,0.0,0.0,0.0,0.0,0.0,0.0,0.0,0.0,0.0,0.0,0.0,0.0,0.0,0.0,0.0,0.0,0.0,0.0,0.0,0.0,0.0,0.0,0.0,0.0,0.0,0.0,0.0,0.0,0.0,0.0,0.0,0.0,0.0,0.0,0.0,0.0,0.0,0.0,0.0,0.0,0.0,0.0,0.0,0.0,0.0,0.0,0.0,0.0,0.0,0.0,0.0,0.0,0.0,0.0,0.0,0.0,0.0,0.0,0.0,0.0,0.0,0.0,0.0,0.0,0.0,0.0,0.0
2017-05-30 00:49:00+02:00,0.0,0.0,0.0,0.0,0.0,0.0,0.0,0.0,0.0,0.0,0.0,0.0,0.0,0.0,0.0,0.0,0.0,0.0,0.0,0.0,0.0,0.0,0.0,0.0,0.0,0.0,0.0,0.0,0.0,0.0,0.0,0.0,0.0,0.0,0.0,0.0,0.0,0.0,0.0,0.0,0.0,0.0,0.0,0.0,0.0,0.0,0.0,0.0,0.0,0.0,0.0,0.0,0.0,0.0,0.0,0.0,0.0,0.0,0.0,0.0,0.0,0.0,0.0,0.0,0.0,0.0,0.0,0.0,0.0,0.0,0.0,0.0,0.0,0.0,0.0,0.0,0.0,0.0,0.0,0.0,0.0,0.0,0.0,0.0,0.0,0.0,0.0,0.0,0.0,0.0,0.0,0.0,0.0,0.0,0.0,0.0,0.0,0.0,0.0,0.0,0.0,0.0,0.0,0.0,0.0,0.0,0.0,0.0,0.0,0.0,0.0,0.0,0.0,0.0,0.0,0.0,0.0,0.0
2017-05-30 00:50:00+02:00,0.0,0.0,0.0,0.0,0.0,0.0,0.0,0.0,0.0,0.0,0.0,0.0,0.0,0.0,0.0,0.0,0.0,0.0,0.0,0.0,0.0,0.0,0.0,0.0,0.0,0.0,0.0,0.0,0.0,0.0,0.0,0.0,0.0,0.0,0.0,0.0,0.0,0.0,0.0,0.0,0.0,0.0,0.0,0.0,0.0,0.0,0.0,0.0,0.0,0.0,0.0,0.0,0.0,0.0,0.0,0.0,0.0,0.0,0.0,0.0,0.0,0.0,0.0,0.0,0.0,0.0,0.0,0.0,0.0,0.0,0.0,0.0,0.0,0.0,0.0,0.0,0.0,0.0,0.0,0.0,0.0,0.0,0.0,0.0,0.0,0.0,0.0,0.0,0.0,0.0,0.0,0.0,0.0,0.0,0.0,0.0,0.0,0.0,0.0,0.0,0.0,0.0,0.0,0.0,0.0,0.0,0.0,0.0,0.0,0.0,0.0,0.0,0.0,0.0,0.0,0.0,0.0,0.0
2017-05-30 00:51:00+02:00,0.0,0.0,0.0,0.0,0.0,0.0,0.0,0.0,0.0,0.0,0.0,0.0,0.0,0.0,0.0,0.0,0.0,0.0,0.0,0.0,0.0,0.0,0.0,0.0,0.0,0.0,0.0,0.0,0.0,0.0,0.0,0.0,0.0,0.0,0.0,0.0,0.0,0.0,0.0,0.0,0.0,0.0,0.0,0.0,0.0,0.0,0.0,0.0,0.0,0.0,0.0,0.0,0.0,0.0,0.0,0.0,0.0,0.0,0.0,0.0,0.0,0.0,0.0,0.0,0.0,0.0,0.0,0.0,0.0,0.0,0.0,0.0,0.0,0.0,0.0,0.0,0.0,0.0,0.0,0.0,0.0,0.0,0.0,0.0,0.0,0.0,0.0,0.0,0.0,0.0,0.0,0.0,0.0,0.0,0.0,0.0,0.0,0.0,0.0,0.0,0.0,0.0,0.0,0.0,0.0,0.0,0.0,0.0,0.0,0.0,0.0,0.0,0.0,0.0,0.0,0.0,0.0,0.0
2017-05-30 00:52:00+02:00,0.0,0.0,0.0,0.0,0.0,0.0,0.0,0.0,0.0,0.0,0.0,0.0,0.0,0.0,0.0,0.0,0.0,0.0,0.0,0.0,0.0,0.0,0.0,0.0,0.0,0.0,0.0,0.0,0.0,0.0,0.0,0.0,0.0,0.0,0.0,0.0,0.0,0.0,0.0,0.0,0.0,0.0,0.0,0.0,0.0,0.0,0.0,0.0,0.0,0.0,0.0,0.0,0.0,0.0,0.0,0.0,0.0,0.0,0.0,0.0,0.0,0.0,0.0,0.0,0.0,0.0,0.0,0.0,0.0,0.0,0.0,0.0,0.0,0.0,0.0,0.0,0.0,0.0,0.0,0.0,0.0,0.0,0.0,0.0,0.0,0.0,0.0,0.0,0.0,0.0,0.0,0.0,0.0,0.0,0.0,0.0,0.0,0.0,0.0,0.0,0.0,0.0,0.0,0.0,0.0,0.0,0.0,0.0,0.0,0.0,0.0,0.0,0.0,0.0,0.0,0.0,0.0,0.0
2017-05-30 00:53:00+02:00,0.0,0.0,0.0,0.0,0.0,0.0,0.0,0.0,0.0,0.0,0.0,0.0,0.0,0.0,0.0,0.0,0.0,0.0,0.0,0.0,0.0,0.0,0.0,0.0,0.0,0.0,0.0,0.0,0.0,0.0,0.0,0.0,0.0,0.0,0.0,0.0,0.0,0.0,0.0,0.0,0.0,0.0,0.0,0.0,0.0,0.0,0.0,0.0,0.0,0.0,0.0,0.0,0.0,0.0,0.0,0.0,0.0,0.0,0.0,0.0,0.0,0.0,0.0,0.0,0.0,0.0,0.0,0.0,0.0,0.0,0.0,0.0,0.0,0.0,0.0,0.0,0.0,0.0,0.0,0.0,0.0,0.0,0.0,0.0,0.0,0.0,0.0,0.0,0.0,0.0,0.0,0.0,0.0,0.0,0.0,0.0,0.0,0.0,0.0,0.0,0.0,0.0,0.0,0.0,0.0,0.0,0.0,0.0,0.0,0.0,0.0,0.0,0.0,0.0,0.0,0.0,0.0,0.0
2017-05-30 00:54:00+02:00,0.0,0.0,0.0,0.0,0.0,0.0,0.0,0.0,0.0,0.0,0.0,0.0,0.0,0.0,0.0,0.0,0.0,0.0,0.0,0.0,0.0,0.0,0.0,0.0,0.0,0.0,0.0,0.0,0.0,0.0,0.0,0.0,0.0,0.0,0.0,0.0,0.0,0.0,0.0,0.0,0.0,0.0,0.0,0.0,0.0,0.0,0.0,0.0,0.0,0.0,0.0,0.0,0.0,0.0,0.0,0.0,0.0,0.0,0.0,0.0,0.0,0.0,0.0,0.0,0.0,0.0,0.0,0.0,0.0,0.0,0.0,0.0,0.0,0.0,0.0,0.0,0.0,0.0,0.0,0.0,0.0,0.0,0.0,0.0,0.0,0.0,0.0,0.0,0.0,0.0,0.0,0.0,0.0,0.0,0.0,0.0,0.0,0.0,0.0,0.0,0.0,0.0,0.0,0.0,0.0,0.0,0.0,0.0,0.0,0.0,0.0,0.0,0.0,0.0,0.0,0.0,0.0,0.0
2017-05-30 00:55:00+02:00,0.0,0.0,0.0,0.0,0.0,0.0,0.0,0.0,0.0,0.0,0.0,0.0,0.0,0.0,0.0,0.0,0.0,0.0,0.0,0.0,0.0,0.0,0.0,0.0,0.0,0.0,0.0,0.0,0.0,0.0,0.0,0.0,0.0,0.0,0.0,0.0,0.0,0.0,0.0,0.0,0.0,0.0,0.0,0.0,0.0,0.0,0.0,0.0,0.0,0.0,0.0,0.0,0.0,0.0,0.0,0.0,0.0,0.0,0.0,0.0,0.0,0.0,0.0,0.0,0.0,0.0,0.0,0.0,0.0,0.0,0.0,0.0,0.0,0.0,0.0,0.0,0.0,0.0,0.0,0.0,0.0,0.0,0.0,0.0,0.0,0.0,0.0,0.0,0.0,0.0,0.0,0.0,0.0,0.0,0.0,0.0,0.0,0.0,0.0,0.0,0.0,0.0,0.0,0.0,0.0,0.0,0.0,0.0,0.0,0.0,0.0,0.0,0.0,0.0,0.0,0.0,0.0,0.0
2017-05-30 00:56:00+02:00,0.0,0.0,0.0,0.0,0.0,0.0,0.0,0.0,0.0,0.0,0.0,0.0,0.0,0.0,0.0,0.0,0.0,0.0,0.0,0.0,0.0,0.0,0.0,0.0,0.0,0.0,0.0,0.0,0.0,0.0,0.0,0.0,0.0,0.0,0.0,0.0,0.0,0.0,0.0,0.0,0.0,0.0,0.0,0.0,0.0,0.0,0.0,0.0,0.0,0.0,0.0,0.0,0.0,0.0,0.0,0.0,0.0,0.0,0.0,0.0,0.0,0.0,0.0,0.0,0.0,0.0,0.0,0.0,0.0,0.0,0.0,0.0,0.0,0.0,0.0,0.0,0.0,0.0,0.0,0.0,0.0,0.0,0.0,0.0,0.0,0.0,0.0,0.0,0.0,0.0,0.0,0.0,0.0,0.0,0.0,0.0,0.0,0.0,0.0,0.0,0.0,0.0,0.0,0.0,0.0,0.0,0.0,0.0,0.0,0.0,0.0,0.0,0.0,0.0,0.0,0.0,0.0,0.0
2017-05-30 00:57:00+02:00,0.0,0.0,0.0,0.0,0.0,0.0,0.0,0.0,0.0,0.0,0.0,0.0,0.0,0.0,0.0,0.0,0.0,0.0,0.0,0.0,0.0,0.0,0.0,0.0,0.0,0.0,0.0,0.0,0.0,0.0,0.0,0.0,0.0,0.0,0.0,0.0,0.0,0.0,0.0,0.0,0.0,0.0,0.0,0.0,0.0,0.0,0.0,0.0,0.0,0.0,0.0,0.0,0.0,0.0,0.0,0.0,0.0,0.0,0.0,0.0,0.0,0.0,0.0,0.0,0.0,0.0,0.0,0.0,0.0,0.0,0.0,0.0,0.0,0.0,0.0,0.0,0.0,0.0,0.0,0.0,0.0,0.0,0.0,0.0,0.0,0.0,0.0,0.0,0.0,0.0,0.0,0.0,0.0,0.0,0.0,0.0,0.0,0.0,0.0,0.0,0.0,0.0,0.0,0.0,0.0,0.0,0.0,0.0,0.0,0.0,0.0,0.0,0.0,0.0,0.0,0.0,0.0,0.0
2017-05-30 00:58:00+02:00,0.0,0.0,0.0,0.0,0.0,0.0,0.0,0.0,0.0,0.0,0.0,0.0,0.0,0.0,0.0,0.0,0.0,0.0,0.0,0.0,0.0,0.0,0.0,0.0,0.0,0.0,0.0,0.0,0.0,0.0,0.0,0.0,0.0,0.0,0.0,0.0,0.0,0.0,0.0,0.0,0.0,0.0,0.0,0.0,0.0,0.0,0.0,0.0,0.0,0.0,0.0,0.0,0.0,0.0,0.0,0.0,0.0,0.0,0.0,0.0,0.0,0.0,0.0,0.0,0.0,0.0,0.0,0.0,0.0,0.0,0.0,0.0,0.0,0.0,0.0,0.0,0.0,0.0,0.0,0.0,0.0,0.0,0.0,0.0,0.0,0.0,0.0,0.0,0.0,0.0,0.0,0.0,0.0,0.0,0.0,0.0,0.0,0.0,0.0,0.0,0.0,0.0,0.0,0.0,0.0,0.0,0.0,0.0,0.0,0.0,0.0,0.0,0.0,0.0,0.0,0.0,0.0,0.0
2017-05-30 00:59:00+02:00,0.0,0.0,0.0,0.0,0.0,0.0,0.0,0.0,0.0,0.0,0.0,0.0,0.0,0.0,0.0,0.0,0.0,0.0,0.0,0.0,0.0,0.0,0.0,0.0,0.0,0.0,0.0,0.0,0.0,0.0,0.0,0.0,0.0,0.0,0.0,0.0,0.0,0.0,0.0,0.0,0.0,0.0,0.0,0.0,0.0,0.0,0.0,0.0,0.0,0.0,0.0,0.0,0.0,0.0,0.0,0.0,0.0,0.0,0.0,0.0,0.0,0.0,0.0,0.0,0.0,0.0,0.0,0.0,0.0,0.0,0.0,0.0,0.0,0.0,0.0,0.0,0.0,0.0,0.0,0.0,0.0,0.0,0.0,0.0,0.0,0.0,0.0,0.0,0.0,0.0,0.0,0.0,0.0,0.0,0.0,0.0,0.0,0.0,0.0,0.0,0.0,0.0,0.0,0.0,0.0,0.0,0.0,0.0,0.0,0.0,0.0,0.0,0.0,0.0,0.0,0.0,0.0,0.0
2017-05-30 01:00:00+02:00,0.0,0.0,0.0,0.0,0.0,0.0,0.0,0.0,0.0,0.0,0.0,0.0,0.0,0.0,0.0,0.0,0.0,0.0,0.0,0.0,0.0,0.0,0.0,0.0,0.0,0.0,0.0,0.0,0.0,0.0,0.0,0.0,0.0,0.0,0.0,0.0,0.0,0.0,0.0,0.0,0.0,0.0,0.0,0.0,0.0,0.0,0.0,0.0,0.0,0.0,0.0,0.0,0.0,0.0,0.0,0.0,0.0,0.0,0.0,0.0,0.0,0.0,0.0,0.0,0.0,0.0,0.0,0.0,0.0,0.0,0.0,0.0,0.0,0.0,0.0,0.0,0.0,0.0,0.0,0.0,0.0,0.0,0.0,0.0,0.0,0.0,0.0,0.0,0.0,0.0,0.0,0.0,0.0,0.0,0.0,0.0,0.0,0.0,0.0,0.0,0.0,0.0,0.0,0.0,0.0,0.0,0.0,0.0,0.0,0.0,0.0,0.0,0.0,0.0,0.0,0.0,0.0,0.0
2017-05-30 01:01:00+02:00,0.0,0.0,0.0,0.0,0.0,0.0,0.0,0.0,0.0,0.0,0.0,0.0,0.0,0.0,0.0,0.0,0.0,0.0,0.0,0.0,0.0,0.0,0.0,0.0,0.0,0.0,0.0,0.0,0.0,0.0,0.0,0.0,0.0,0.0,0.0,0.0,0.0,0.0,0.0,0.0,0.0,0.0,0.0,0.0,0.0,0.0,0.0,0.0,0.0,0.0,0.0,0.0,0.0,0.0,0.0,0.0,0.0,0.0,0.0,0.0,0.0,0.0,0.0,0.0,0.0,0.0,0.0,0.0,0.0,0.0,0.0,0.0,0.0,0.0,0.0,0.0,0.0,0.0,0.0,0.0,0.0,0.0,0.0,0.0,0.0,0.0,0.0,0.0,0.0,0.0,0.0,0.0,0.0,0.0,0.0,0.0,0.0,0.0,0.0,0.0,0.0,0.0,0.0,0.0,0.0,0.0,0.0,0.0,0.0,0.0,0.0,0.0,0.0,0.0,0.0,0.0,0.0,0.0
2017-05-30 01:02:00+02:00,0.0,0.0,0.0,0.0,0.0,0.0,0.0,0.0,0.0,0.0,0.0,0.0,0.0,0.0,0.0,0.0,0.0,0.0,0.0,0.0,0.0,0.0,0.0,0.0,0.0,0.0,0.0,0.0,0.0,0.0,0.0,0.0,0.0,0.0,0.0,0.0,0.0,0.0,0.0,0.0,0.0,0.0,0.0,0.0,0.0,0.0,0.0,0.0,0.0,0.0,0.0,0.0,0.0,0.0,0.0,0.0,0.0,0.0,0.0,0.0,0.0,0.0,0.0,0.0,0.0,0.0,0.0,0.0,0.0,0.0,0.0,0.0,0.0,0.0,0.0,0.0,0.0,0.0,0.0,0.0,0.0,0.0,0.0,0.0,0.0,0.0,0.0,0.0,0.0,0.0,0.0,0.0,0.0,0.0,0.0,0.0,0.0,0.0,0.0,0.0,0.0,0.0,0.0,0.0,0.0,0.0,0.0,0.0,0.0,0.0,0.0,0.0,0.0,0.0,0.0,0.0,0.0,0.0
2017-05-30 01:03:00+02:00,0.0,0.0,0.0,0.0,0.0,0.0,0.0,0.0,0.0,0.0,0.0,0.0,0.0,0.0,0.0,0.0,0.0,0.0,0.0,0.0,0.0,0.0,0.0,0.0,0.0,0.0,0.0,0.0,0.0,0.0,0.0,0.0,0.0,0.0,0.0,0.0,0.0,0.0,0.0,0.0,0.0,0.0,0.0,0.0,0.0,0.0,0.0,0.0,0.0,0.0,0.0,0.0,0.0,0.0,0.0,0.0,0.0,0.0,0.0,0.0,0.0,0.0,0.0,0.0,0.0,0.0,0.0,0.0,0.0,0.0,0.0,0.0,0.0,0.0,0.0,0.0,0.0,0.0,0.0,0.0,0.0,0.0,0.0,0.0,0.0,0.0,0.0,0.0,0.0,0.0,0.0,0.0,0.0,0.0,0.0,0.0,0.0,0.0,0.0,0.0,0.0,0.0,0.0,0.0,0.0,0.0,0.0,0.0,0.0,0.0,0.0,0.0,0.0,0.0,0.0,0.0,0.0,0.0
2017-05-30 01:04:00+02:00,0.0,0.0,0.0,0.0,0.0,0.0,0.0,0.0,0.0,0.0,0.0,0.0,0.0,0.0,0.0,0.0,0.0,0.0,0.0,0.0,0.0,0.0,0.0,0.0,0.0,0.0,0.0,0.0,0.0,0.0,0.0,0.0,0.0,0.0,0.0,0.0,0.0,0.0,0.0,0.0,0.0,0.0,0.0,0.0,0.0,0.0,0.0,0.0,0.0,0.0,0.0,0.0,0.0,0.0,0.0,0.0,0.0,0.0,0.0,0.0,0.0,0.0,0.0,0.0,0.0,0.0,0.0,0.0,0.0,0.0,0.0,0.0,0.0,0.0,0.0,0.0,0.0,0.0,0.0,0.0,0.0,0.0,0.0,0.0,0.0,0.0,0.0,0.0,0.0,0.0,0.0,0.0,0.0,0.0,0.0,0.0,0.0,0.0,0.0,0.0,0.0,0.0,0.0,0.0,0.0,0.0,0.0,0.0,0.0,0.0,0.0,0.0,0.0,0.0,0.0,0.0,0.0,0.0
2017-05-30 01:05:00+02:00,0.0,0.0,0.0,0.0,0.0,0.0,0.0,0.0,0.0,0.0,0.0,0.0,0.0,0.0,0.0,0.0,0.0,0.0,0.0,0.0,0.0,0.0,0.0,0.0,0.0,0.0,0.0,0.0,0.0,0.0,0.0,0.0,0.0,0.0,0.0,0.0,0.0,0.0,0.0,0.0,0.0,0.0,0.0,0.0,0.0,0.0,0.0,0.0,0.0,0.0,0.0,0.0,0.0,0.0,0.0,0.0,0.0,0.0,0.0,0.0,0.0,0.0,0.0,0.0,0.0,0.0,0.0,0.0,0.0,0.0,0.0,0.0,0.0,0.0,0.0,0.0,0.0,0.0,0.0,0.0,0.0,0.0,0.0,0.0,0.0,0.0,0.0,0.0,0.0,0.0,0.0,0.0,0.0,0.0,0.0,0.0,0.0,0.0,0.0,0.0,0.0,0.0,0.0,0.0,0.0,0.0,0.0,0.0,0.0,0.0,0.0,0.0,0.0,0.0,0.0,0.0,0.0,0.0
2017-05-30 01:06:00+02:00,0.0,0.0,0.0,0.0,0.0,0.0,0.0,0.0,0.0,0.0,0.0,0.0,0.0,0.0,0.0,0.0,0.0,0.0,0.0,0.0,0.0,0.0,0.0,0.0,0.0,0.0,0.0,0.0,0.0,0.0,0.0,0.0,0.0,0.0,0.0,0.0,0.0,0.0,0.0,0.0,0.0,0.0,0.0,0.0,0.0,0.0,0.0,0.0,0.0,0.0,0.0,0.0,0.0,0.0,0.0,0.0,0.0,0.0,0.0,0.0,0.0,0.0,0.0,0.0,0.0,0.0,0.0,0.0,0.0,0.0,0.0,0.0,0.0,0.0,0.0,0.0,0.0,0.0,0.0,0.0,0.0,0.0,0.0,0.0,0.0,0.0,0.0,0.0,0.0,0.0,0.0,0.0,0.0,0.0,0.0,0.0,0.0,0.0,0.0,0.0,0.0,0.0,0.0,0.0,0.0,0.0,0.0,0.0,0.0,0.0,0.0,0.0,0.0,0.0,0.0,0.0,0.0,0.0
2017-05-30 01:07:00+02:00,0.0,0.0,0.0,0.0,0.0,0.0,0.0,0.0,0.0,0.0,0.0,0.0,0.0,0.0,0.0,0.0,0.0,0.0,0.0,0.0,0.0,0.0,0.0,0.0,0.0,0.0,0.0,0.0,0.0,0.0,0.0,0.0,0.0,0.0,0.0,0.0,0.0,0.0,0.0,0.0,0.0,0.0,0.0,0.0,0.0,0.0,0.0,0.0,0.0,0.0,0.0,0.0,0.0,0.0,0.0,0.0,0.0,0.0,0.0,0.0,0.0,0.0,0.0,0.0,0.0,0.0,0.0,0.0,0.0,0.0,0.0,0.0,0.0,0.0,0.0,0.0,0.0,0.0,0.0,0.0,0.0,0.0,0.0,0.0,0.0,0.0,0.0,0.0,0.0,0.0,0.0,0.0,0.0,0.0,0.0,0.0,0.0,0.0,0.0,0.0,0.0,0.0,0.0,0.0,0.0,0.0,0.0,0.0,0.0,0.0,0.0,0.0,0.0,0.0,0.0,0.0,0.0,0.0
2017-05-30 01:08:00+02:00,0.0,0.0,0.0,0.0,0.0,0.0,0.0,0.0,0.0,0.0,0.0,0.0,0.0,0.0,0.0,0.0,0.0,0.0,0.0,0.0,0.0,0.0,0.0,0.0,0.0,0.0,0.0,0.0,0.0,0.0,0.0,0.0,0.0,0.0,0.0,0.0,0.0,0.0,0.0,0.0,0.0,0.0,0.0,0.0,0.0,0.0,0.0,0.0,0.0,0.0,0.0,0.0,0.0,0.0,0.0,0.0,0.0,0.0,0.0,0.0,0.0,0.0,0.0,0.0,0.0,0.0,0.0,0.0,0.0,0.0,0.0,0.0,0.0,0.0,0.0,0.0,0.0,0.0,0.0,0.0,0.0,0.0,0.0,0.0,0.0,0.0,0.0,0.0,0.0,0.0,0.0,0.0,0.0,0.0,0.0,0.0,0.0,0.0,0.0,0.0,0.0,0.0,0.0,0.0,0.0,0.0,0.0,0.0,0.0,0.0,0.0,0.0,0.0,0.0,0.0,0.0,0.0,0.0
2017-05-30 01:09:00+02:00,0.0,0.0,0.0,0.0,0.0,0.0,0.0,0.0,0.0,0.0,0.0,0.0,0.0,0.0,0.0,0.0,0.0,0.0,0.0,0.0,0.0,0.0,0.0,0.0,0.0,0.0,0.0,0.0,0.0,0.0,0.0,0.0,0.0,0.0,0.0,0.0,0.0,0.0,0.0,0.0,0.0,0.0,0.0,0.0,0.0,0.0,0.0,0.0,0.0,0.0,0.0,0.0,0.0,0.0,0.0,0.0,0.0,0.0,0.0,0.0,0.0,0.0,0.0,0.0,0.0,0.0,0.0,0.0,0.0,0.0,0.0,0.0,0.0,0.0,0.0,0.0,0.0,0.0,0.0,0.0,0.0,0.0,0.0,0.0,0.0,0.0,0.0,0.0,0.0,0.0,0.0,0.0,0.0,0.0,0.0,0.0,0.0,0.0,0.0,0.0,0.0,0.0,0.0,0.0,0.0,0.0,0.0,0.0,0.0,0.0,0.0,0.0,0.0,0.0,0.0,0.0,0.0,0.0
2017-05-30 01:10:00+02:00,0.0,0.0,0.0,0.0,0.0,0.0,0.0,0.0,0.0,0.0,0.0,0.0,0.0,0.0,0.0,0.0,0.0,0.0,0.0,0.0,0.0,0.0,0.0,0.0,0.0,0.0,0.0,0.0,0.0,0.0,0.0,0.0,0.0,0.0,0.0,0.0,0.0,0.0,0.0,0.0,0.0,0.0,0.0,0.0,0.0,0.0,0.0,0.0,0.0,0.0,0.0,0.0,0.0,0.0,0.0,0.0,0.0,0.0,0.0,0.0,0.0,0.0,0.0,0.0,0.0,0.0,0.0,0.0,0.0,0.0,0.0,0.0,0.0,0.0,0.0,0.0,0.0,0.0,0.0,0.0,0.0,0.0,0.0,0.0,0.0,0.0,0.0,0.0,0.0,0.0,0.0,0.0,0.0,0.0,0.0,0.0,0.0,0.0,0.0,0.0,0.0,0.0,0.0,0.0,0.0,0.0,0.0,0.0,0.0,0.0,0.0,0.0,0.0,0.0,0.0,0.0,0.0,0.0
2017-05-30 01:11:00+02:00,0.0,0.0,0.0,0.0,0.0,0.0,0.0,0.0,0.0,0.0,0.0,0.0,0.0,0.0,0.0,0.0,0.0,0.0,0.0,0.0,0.0,0.0,0.0,0.0,0.0,0.0,0.0,0.0,0.0,0.0,0.0,0.0,0.0,0.0,0.0,0.0,0.0,0.0,0.0,0.0,0.0,0.0,0.0,0.0,0.0,0.0,0.0,0.0,0.0,0.0,0.0,0.0,0.0,0.0,0.0,0.0,0.0,0.0,0.0,0.0,0.0,0.0,0.0,0.0,0.0,0.0,0.0,0.0,0.0,0.0,0.0,0.0,0.0,0.0,0.0,0.0,0.0,0.0,0.0,0.0,0.0,0.0,0.0,0.0,0.0,0.0,0.0,0.0,0.0,0.0,0.0,0.0,0.0,0.0,0.0,0.0,0.0,0.0,0.0,0.0,0.0,0.0,0.0,0.0,0.0,0.0,0.0,0.0,0.0,0.0,0.0,0.0,0.0,0.0,0.0,0.0,0.0,0.0
2017-05-30 01:12:00+02:00,0.0,0.0,0.0,0.0,0.0,0.0,0.0,0.0,0.0,0.0,0.0,0.0,0.0,0.0,0.0,0.0,0.0,0.0,0.0,0.0,0.0,0.0,0.0,0.0,0.0,0.0,0.0,0.0,0.0,0.0,0.0,0.0,0.0,0.0,0.0,0.0,0.0,0.0,0.0,0.0,0.0,0.0,0.0,0.0,0.0,0.0,0.0,0.0,0.0,0.0,0.0,0.0,0.0,0.0,0.0,0.0,0.0,0.0,0.0,0.0,0.0,0.0,0.0,0.0,0.0,0.0,0.0,0.0,0.0,0.0,0.0,0.0,0.0,0.0,0.0,0.0,0.0,0.0,0.0,0.0,0.0,0.0,0.0,0.0,0.0,0.0,0.0,0.0,0.0,0.0,0.0,0.0,0.0,0.0,0.0,0.0,0.0,0.0,0.0,0.0,0.0,0.0,0.0,0.0,0.0,0.0,0.0,0.0,0.0,0.0,0.0,0.0,0.0,0.0,0.0,0.0,0.0,0.0
2017-05-30 01:13:00+02:00,0.0,0.0,0.0,0.0,0.0,0.0,0.0,0.0,0.0,0.0,0.0,0.0,0.0,0.0,0.0,0.0,0.0,0.0,0.0,0.0,0.0,0.0,0.0,0.0,0.0,0.0,0.0,0.0,0.0,0.0,0.0,0.0,0.0,0.0,0.0,0.0,0.0,0.0,0.0,0.0,0.0,0.0,0.0,0.0,0.0,0.0,0.0,0.0,0.0,0.0,0.0,0.0,0.0,0.0,0.0,0.0,0.0,0.0,0.0,0.0,0.0,0.0,0.0,0.0,0.0,0.0,0.0,0.0,0.0,0.0,0.0,0.0,0.0,0.0,0.0,0.0,0.0,0.0,0.0,0.0,0.0,0.0,0.0,0.0,0.0,0.0,0.0,0.0,0.0,0.0,0.0,0.0,0.0,0.0,0.0,0.0,0.0,0.0,0.0,0.0,0.0,0.0,0.0,0.0,0.0,0.0,0.0,0.0,0.0,0.0,0.0,0.0,0.0,0.0,0.0,0.0,0.0,0.0
2017-05-30 01:14:00+02:00,0.0,0.0,0.0,0.0,0.0,0.0,0.0,0.0,0.0,0.0,0.0,0.0,0.0,0.0,0.0,0.0,0.0,0.0,0.0,0.0,0.0,0.0,0.0,0.0,0.0,0.0,0.0,0.0,0.0,0.0,0.0,0.0,0.0,0.0,0.0,0.0,0.0,0.0,0.0,0.0,0.0,0.0,0.0,0.0,0.0,0.0,0.0,0.0,0.0,0.0,0.0,0.0,0.0,0.0,0.0,0.0,0.0,0.0,0.0,0.0,0.0,0.0,0.0,0.0,0.0,0.0,0.0,0.0,0.0,0.0,0.0,0.0,0.0,0.0,0.0,0.0,0.0,0.0,0.0,0.0,0.0,0.0,0.0,0.0,0.0,0.0,0.0,0.0,0.0,0.0,0.0,0.0,0.0,0.0,0.0,0.0,0.0,0.0,0.0,0.0,0.0,0.0,0.0,0.0,0.0,0.0,0.0,0.0,0.0,0.0,0.0,0.0,0.0,0.0,0.0,0.0,0.0,0.0
2017-05-30 01:15:00+02:00,0.0,0.0,0.0,0.0,0.0,0.0,0.0,0.0,0.0,0.0,0.0,0.0,0.0,0.0,0.0,0.0,0.0,0.0,0.0,0.0,0.0,0.0,0.0,0.0,0.0,0.0,0.0,0.0,0.0,0.0,0.0,0.0,0.0,0.0,0.0,0.0,0.0,0.0,0.0,0.0,0.0,0.0,0.0,0.0,0.0,0.0,0.0,0.0,0.0,0.0,0.0,0.0,0.0,0.0,0.0,0.0,0.0,0.0,0.0,0.0,0.0,0.0,0.0,0.0,0.0,0.0,0.0,0.0,0.0,0.0,0.0,0.0,0.0,0.0,0.0,0.0,0.0,0.0,0.0,0.0,0.0,0.0,0.0,0.0,0.0,0.0,0.0,0.0,0.0,0.0,0.0,0.0,0.0,0.0,0.0,0.0,0.0,0.0,0.0,0.0,0.0,0.0,0.0,0.0,0.0,0.0,0.0,0.0,0.0,0.0,0.0,0.0,0.0,0.0,0.0,0.0,0.0,0.0
2017-05-30 01:16:00+02:00,0.0,0.0,0.0,0.0,0.0,0.0,0.0,0.0,0.0,0.0,0.0,0.0,0.0,0.0,0.0,0.0,0.0,0.0,0.0,0.0,0.0,0.0,0.0,0.0,0.0,0.0,0.0,0.0,0.0,0.0,0.0,0.0,0.0,0.0,0.0,0.0,0.0,0.0,0.0,0.0,0.0,0.0,0.0,0.0,0.0,0.0,0.0,0.0,0.0,0.0,0.0,0.0,0.0,0.0,0.0,0.0,0.0,0.0,0.0,0.0,0.0,0.0,0.0,0.0,0.0,0.0,0.0,0.0,0.0,0.0,0.0,0.0,0.0,0.0,0.0,0.0,0.0,0.0,0.0,0.0,0.0,0.0,0.0,0.0,0.0,0.0,0.0,0.0,0.0,0.0,0.0,0.0,0.0,0.0,0.0,0.0,0.0,0.0,0.0,0.0,0.0,0.0,0.0,0.0,0.0,0.0,0.0,0.0,0.0,0.0,0.0,0.0,0.0,0.0,0.0,0.0,0.0,0.0
2017-05-30 01:17:00+02:00,0.0,0.0,0.0,0.0,0.0,0.0,0.0,0.0,0.0,0.0,0.0,0.0,0.0,0.0,0.0,0.0,0.0,0.0,0.0,0.0,0.0,0.0,0.0,0.0,0.0,0.0,0.0,0.0,0.0,0.0,0.0,0.0,0.0,0.0,0.0,0.0,0.0,0.0,0.0,0.0,0.0,0.0,0.0,0.0,0.0,0.0,0.0,0.0,0.0,0.0,0.0,0.0,0.0,0.0,0.0,0.0,0.0,0.0,0.0,0.0,0.0,0.0,0.0,0.0,0.0,0.0,0.0,0.0,0.0,0.0,0.0,0.0,0.0,0.0,0.0,0.0,0.0,0.0,0.0,0.0,0.0,0.0,0.0,0.0,0.0,0.0,0.0,0.0,0.0,0.0,0.0,0.0,0.0,0.0,0.0,0.0,0.0,0.0,0.0,0.0,0.0,0.0,0.0,0.0,0.0,0.0,0.0,0.0,0.0,0.0,0.0,0.0,0.0,0.0,0.0,0.0,0.0,0.0
2017-05-30 01:18:00+02:00,0.0,0.0,0.0,0.0,0.0,0.0,0.0,0.0,0.0,0.0,0.0,0.0,0.0,0.0,0.0,0.0,0.0,0.0,0.0,0.0,0.0,0.0,0.0,0.0,0.0,0.0,0.0,0.0,0.0,0.0,0.0,0.0,0.0,0.0,0.0,0.0,0.0,0.0,0.0,0.0,0.0,0.0,0.0,0.0,0.0,0.0,0.0,0.0,0.0,0.0,0.0,0.0,0.0,0.0,0.0,0.0,0.0,0.0,0.0,0.0,0.0,0.0,0.0,0.0,0.0,0.0,0.0,0.0,0.0,0.0,0.0,0.0,0.0,0.0,0.0,0.0,0.0,0.0,0.0,0.0,0.0,0.0,0.0,0.0,0.0,0.0,0.0,0.0,0.0,0.0,0.0,0.0,0.0,0.0,0.0,0.0,0.0,0.0,0.0,0.0,0.0,0.0,0.0,0.0,0.0,0.0,0.0,0.0,0.0,0.0,0.0,0.0,0.0,0.0,0.0,0.0,0.0,0.0
2017-05-30 01:19:00+02:00,0.0,0.0,0.0,0.0,0.0,0.0,0.0,0.0,0.0,0.0,0.0,0.0,0.0,0.0,0.0,0.0,0.0,0.0,0.0,0.0,0.0,0.0,0.0,0.0,0.0,0.0,0.0,0.0,0.0,0.0,0.0,0.0,0.0,0.0,0.0,0.0,0.0,0.0,0.0,0.0,0.0,0.0,0.0,0.0,0.0,0.0,0.0,0.0,0.0,0.0,0.0,0.0,0.0,0.0,0.0,0.0,0.0,0.0,0.0,0.0,0.0,0.0,0.0,0.0,0.0,0.0,0.0,0.0,0.0,0.0,0.0,0.0,0.0,0.0,0.0,0.0,0.0,0.0,0.0,0.0,0.0,0.0,0.0,0.0,0.0,0.0,0.0,0.0,0.0,0.0,0.0,0.0,0.0,0.0,0.0,0.0,0.0,0.0,0.0,0.0,0.0,0.0,0.0,0.0,0.0,0.0,0.0,0.0,0.0,0.0,0.0,0.0,0.0,0.0,0.0,0.0,0.0,0.0
2017-05-30 01:20:00+02:00,0.0,0.0,0.0,0.0,0.0,0.0,0.0,0.0,0.0,0.0,0.0,0.0,0.0,0.0,0.0,0.0,0.0,0.0,0.0,0.0,0.0,0.0,0.0,0.0,0.0,0.0,0.0,0.0,0.0,0.0,0.0,0.0,0.0,0.0,0.0,0.0,0.0,0.0,0.0,0.0,0.0,0.0,0.0,0.0,0.0,0.0,0.0,0.0,0.0,0.0,0.0,0.0,0.0,0.0,0.0,0.0,0.0,0.0,0.0,0.0,0.0,0.0,0.0,0.0,0.0,0.0,0.0,0.0,0.0,0.0,0.0,0.0,0.0,0.0,0.0,0.0,0.0,0.0,0.0,0.0,0.0,0.0,0.0,0.0,0.0,0.0,0.0,0.0,0.0,0.0,0.0,0.0,0.0,0.0,0.0,0.0,0.0,0.0,0.0,0.0,0.0,0.0,0.0,0.0,0.0,0.0,0.0,0.0,0.0,0.0,0.0,0.0,0.0,0.0,0.0,0.0,0.0,0.0
2017-05-30 01:21:00+02:00,0.0,0.0,0.0,0.0,0.0,0.0,0.0,0.0,0.0,0.0,0.0,0.0,0.0,0.0,0.0,0.0,0.0,0.0,0.0,0.0,0.0,0.0,0.0,0.0,0.0,0.0,0.0,0.0,0.0,0.0,0.0,0.0,0.0,0.0,0.0,0.0,0.0,0.0,0.0,0.0,0.0,0.0,0.0,0.0,0.0,0.0,0.0,0.0,0.0,0.0,0.0,0.0,0.0,0.0,0.0,0.0,0.0,0.0,0.0,0.0,0.0,0.0,0.0,0.0,0.0,0.0,0.0,0.0,0.0,0.0,0.0,0.0,0.0,0.0,0.0,0.0,0.0,0.0,0.0,0.0,0.0,0.0,0.0,0.0,0.0,0.0,0.0,0.0,0.0,0.0,0.0,0.0,0.0,0.0,0.0,0.0,0.0,0.0,0.0,0.0,0.0,0.0,0.0,0.0,0.0,0.0,0.0,0.0,0.0,0.0,0.0,0.0,0.0,0.0,0.0,0.0,0.0,0.0
2017-05-30 01:22:00+02:00,0.0,0.0,0.0,0.0,0.0,0.0,0.0,0.0,0.0,0.0,0.0,0.0,0.0,0.0,0.0,0.0,0.0,0.0,0.0,0.0,0.0,0.0,0.0,0.0,0.0,0.0,0.0,0.0,0.0,0.0,0.0,0.0,0.0,0.0,0.0,0.0,0.0,0.0,0.0,0.0,0.0,0.0,0.0,0.0,0.0,0.0,0.0,0.0,0.0,0.0,0.0,0.0,0.0,0.0,0.0,0.0,0.0,0.0,0.0,0.0,0.0,0.0,0.0,0.0,0.0,0.0,0.0,0.0,0.0,0.0,0.0,0.0,0.0,0.0,0.0,0.0,0.0,0.0,0.0,0.0,0.0,0.0,0.0,0.0,0.0,0.0,0.0,0.0,0.0,0.0,0.0,0.0,0.0,0.0,0.0,0.0,0.0,0.0,0.0,0.0,0.0,0.0,0.0,0.0,0.0,0.0,0.0,0.0,0.0,0.0,0.0,0.0,0.0,0.0,0.0,0.0,0.0,0.0
2017-05-30 01:23:00+02:00,0.0,0.0,0.0,0.0,0.0,0.0,0.0,0.0,0.0,0.0,0.0,0.0,0.0,0.0,0.0,0.0,0.0,0.0,0.0,0.0,0.0,0.0,0.0,0.0,0.0,0.0,0.0,0.0,0.0,0.0,0.0,0.0,0.0,0.0,0.0,0.0,0.0,0.0,0.0,0.0,0.0,0.0,0.0,0.0,0.0,0.0,0.0,0.0,0.0,0.0,0.0,0.0,0.0,0.0,0.0,0.0,0.0,0.0,0.0,0.0,0.0,0.0,0.0,0.0,0.0,0.0,0.0,0.0,0.0,0.0,0.0,0.0,0.0,0.0,0.0,0.0,0.0,0.0,0.0,0.0,0.0,0.0,0.0,0.0,0.0,0.0,0.0,0.0,0.0,0.0,0.0,0.0,0.0,0.0,0.0,0.0,0.0,0.0,0.0,0.0,0.0,0.0,0.0,0.0,0.0,0.0,0.0,0.0,0.0,0.0,0.0,0.0,0.0,0.0,0.0,0.0,0.0,0.0
2017-05-30 01:24:00+02:00,0.0,0.0,0.0,0.0,0.0,0.0,0.0,0.0,0.0,0.0,0.0,0.0,0.0,0.0,0.0,0.0,0.0,0.0,0.0,0.0,0.0,0.0,0.0,0.0,0.0,0.0,0.0,0.0,0.0,0.0,0.0,0.0,0.0,0.0,0.0,0.0,0.0,0.0,0.0,0.0,0.0,0.0,0.0,0.0,0.0,0.0,0.0,0.0,0.0,0.0,0.0,0.0,0.0,0.0,0.0,0.0,0.0,0.0,0.0,0.0,0.0,0.0,0.0,0.0,0.0,0.0,0.0,0.0,0.0,0.0,0.0,0.0,0.0,0.0,0.0,0.0,0.0,0.0,0.0,0.0,0.0,0.0,0.0,0.0,0.0,0.0,0.0,0.0,0.0,0.0,0.0,0.0,0.0,0.0,0.0,0.0,0.0,0.0,0.0,0.0,0.0,0.0,0.0,0.0,0.0,0.0,0.0,0.0,0.0,0.0,0.0,0.0,0.0,0.0,0.0,0.0,0.0,0.0
2017-05-30 01:25:00+02:00,0.0,0.0,0.0,0.0,0.0,0.0,0.0,0.0,0.0,0.0,0.0,0.0,0.0,0.0,0.0,0.0,0.0,0.0,0.0,0.0,0.0,0.0,0.0,0.0,0.0,0.0,0.0,0.0,0.0,0.0,0.0,0.0,0.0,0.0,0.0,0.0,0.0,0.0,0.0,0.0,0.0,0.0,0.0,0.0,0.0,0.0,0.0,0.0,0.0,0.0,0.0,0.0,0.0,0.0,0.0,0.0,0.0,0.0,0.0,0.0,0.0,0.0,0.0,0.0,0.0,0.0,0.0,0.0,0.0,0.0,0.0,0.0,0.0,0.0,0.0,0.0,0.0,0.0,0.0,0.0,0.0,0.0,0.0,0.0,0.0,0.0,0.0,0.0,0.0,0.0,0.0,0.0,0.0,0.0,0.0,0.0,0.0,0.0,0.0,0.0,0.0,0.0,0.0,0.0,0.0,0.0,0.0,0.0,0.0,0.0,0.0,0.0,0.0,0.0,0.0,0.0,0.0,0.0
2017-05-30 01:26:00+02:00,0.0,0.0,0.0,0.0,0.0,0.0,0.0,0.0,0.0,0.0,0.0,0.0,0.0,0.0,0.0,0.0,0.0,0.0,0.0,0.0,0.0,0.0,0.0,0.0,0.0,0.0,0.0,0.0,0.0,0.0,0.0,0.0,0.0,0.0,0.0,0.0,0.0,0.0,0.0,0.0,0.0,0.0,0.0,0.0,0.0,0.0,0.0,0.0,0.0,0.0,0.0,0.0,0.0,0.0,0.0,0.0,0.0,0.0,0.0,0.0,0.0,0.0,0.0,0.0,0.0,0.0,0.0,0.0,0.0,0.0,0.0,0.0,0.0,0.0,0.0,0.0,0.0,0.0,0.0,0.0,0.0,0.0,0.0,0.0,0.0,0.0,0.0,0.0,0.0,0.0,0.0,0.0,0.0,0.0,0.0,0.0,0.0,0.0,0.0,0.0,0.0,0.0,0.0,0.0,0.0,0.0,0.0,0.0,0.0,0.0,0.0,0.0,0.0,0.0,0.0,0.0,0.0,0.0
2017-05-30 01:27:00+02:00,0.0,0.0,0.0,0.0,0.0,0.0,0.0,0.0,0.0,0.0,0.0,0.0,0.0,0.0,0.0,0.0,0.0,0.0,0.0,0.0,0.0,0.0,0.0,0.0,0.0,0.0,0.0,0.0,0.0,0.0,0.0,0.0,0.0,0.0,0.0,0.0,0.0,0.0,0.0,0.0,0.0,0.0,0.0,0.0,0.0,0.0,0.0,0.0,0.0,0.0,0.0,0.0,0.0,0.0,0.0,0.0,0.0,0.0,0.0,0.0,0.0,0.0,0.0,0.0,0.0,0.0,0.0,0.0,0.0,0.0,0.0,0.0,0.0,0.0,0.0,0.0,0.0,0.0,0.0,0.0,0.0,0.0,0.0,0.0,0.0,0.0,0.0,0.0,0.0,0.0,0.0,0.0,0.0,0.0,0.0,0.0,0.0,0.0,0.0,0.0,0.0,0.0,0.0,0.0,0.0,0.0,0.0,0.0,0.0,0.0,0.0,0.0,0.0,0.0,0.0,0.0,0.0,0.0
2017-05-30 01:28:00+02:00,0.0,0.0,0.0,0.0,0.0,0.0,0.0,0.0,0.0,0.0,0.0,0.0,0.0,0.0,0.0,0.0,0.0,0.0,0.0,0.0,0.0,0.0,0.0,0.0,0.0,0.0,0.0,0.0,0.0,0.0,0.0,0.0,0.0,0.0,0.0,0.0,0.0,0.0,0.0,0.0,0.0,0.0,0.0,0.0,0.0,0.0,0.0,0.0,0.0,0.0,0.0,0.0,0.0,0.0,0.0,0.0,0.0,0.0,0.0,0.0,0.0,0.0,0.0,0.0,0.0,0.0,0.0,0.0,0.0,0.0,0.0,0.0,0.0,0.0,0.0,0.0,0.0,0.0,0.0,0.0,0.0,0.0,0.0,0.0,0.0,0.0,0.0,0.0,0.0,0.0,0.0,0.0,0.0,0.0,0.0,0.0,0.0,0.0,0.0,0.0,0.0,0.0,0.0,0.0,0.0,0.0,0.0,0.0,0.0,0.0,0.0,0.0,0.0,0.0,0.0,0.0,0.0,0.0
2017-05-30 01:29:00+02:00,0.0,0.0,0.0,0.0,0.0,0.0,0.0,0.0,0.0,0.0,0.0,0.0,0.0,0.0,0.0,0.0,0.0,0.0,0.0,0.0,0.0,0.0,0.0,0.0,0.0,0.0,0.0,0.0,0.0,0.0,0.0,0.0,0.0,0.0,0.0,0.0,0.0,0.0,0.0,0.0,0.0,0.0,0.0,0.0,0.0,0.0,0.0,0.0,0.0,0.0,0.0,0.0,0.0,0.0,0.0,0.0,0.0,0.0,0.0,0.0,0.0,0.0,0.0,0.0,0.0,0.0,0.0,0.0,0.0,0.0,0.0,0.0,0.0,0.0,0.0,0.0,0.0,0.0,0.0,0.0,0.0,0.0,0.0,0.0,0.0,0.0,0.0,0.0,0.0,0.0,0.0,0.0,0.0,0.0,0.0,0.0,0.0,0.0,0.0,0.0,0.0,0.0,0.0,0.0,0.0,0.0,0.0,0.0,0.0,0.0,0.0,0.0,0.0,0.0,0.0,0.0,0.0,0.0
2017-05-30 01:30:00+02:00,0.0,0.0,0.0,0.0,0.0,0.0,0.0,0.0,0.0,0.0,0.0,0.0,0.0,0.0,0.0,0.0,0.0,0.0,0.0,0.0,0.0,0.0,0.0,0.0,0.0,0.0,0.0,0.0,0.0,0.0,0.0,0.0,0.0,0.0,0.0,0.0,0.0,0.0,0.0,0.0,0.0,0.0,0.0,0.0,0.0,0.0,0.0,0.0,0.0,0.0,0.0,0.0,0.0,0.0,0.0,0.0,0.0,0.0,0.0,0.0,0.0,0.0,0.0,0.0,0.0,0.0,0.0,0.0,0.0,0.0,0.0,0.0,0.0,0.0,0.0,0.0,0.0,0.0,0.0,0.0,0.0,0.0,0.0,0.0,0.0,0.0,0.0,0.0,0.0,0.0,0.0,0.0,0.0,0.0,0.0,0.0,0.0,0.0,0.0,0.0,0.0,0.0,0.0,0.0,0.0,0.0,0.0,0.0,0.0,0.0,0.0,0.0,0.0,0.0,0.0,0.0,0.0,0.0
2017-05-30 01:31:00+02:00,0.0,0.0,0.0,0.0,0.0,0.0,0.0,0.0,0.0,0.0,0.0,0.0,0.0,0.0,0.0,0.0,0.0,0.0,0.0,0.0,0.0,0.0,0.0,0.0,0.0,0.0,0.0,0.0,0.0,0.0,0.0,0.0,0.0,0.0,0.0,0.0,0.0,0.0,0.0,0.0,0.0,0.0,0.0,0.0,0.0,0.0,0.0,0.0,0.0,0.0,0.0,0.0,0.0,0.0,0.0,0.0,0.0,0.0,0.0,0.0,0.0,0.0,0.0,0.0,0.0,0.0,0.0,0.0,0.0,0.0,0.0,0.0,0.0,0.0,0.0,0.0,0.0,0.0,0.0,0.0,0.0,0.0,0.0,0.0,0.0,0.0,0.0,0.0,0.0,0.0,0.0,0.0,0.0,0.0,0.0,0.0,0.0,0.0,0.0,0.0,0.0,0.0,0.0,0.0,0.0,0.0,0.0,0.0,0.0,0.0,0.0,0.0,0.0,0.0,0.0,0.0,0.0,0.0
2017-05-30 01:32:00+02:00,0.0,0.0,0.0,0.0,0.0,0.0,0.0,0.0,0.0,0.0,0.0,0.0,0.0,0.0,0.0,0.0,0.0,0.0,0.0,0.0,0.0,0.0,0.0,0.0,0.0,0.0,0.0,0.0,0.0,0.0,0.0,0.0,0.0,0.0,0.0,0.0,0.0,0.0,0.0,0.0,0.0,0.0,0.0,0.0,0.0,0.0,0.0,0.0,0.0,0.0,0.0,0.0,0.0,0.0,0.0,0.0,0.0,0.0,0.0,0.0,0.0,0.0,0.0,0.0,0.0,0.0,0.0,0.0,0.0,0.0,0.0,0.0,0.0,0.0,0.0,0.0,0.0,0.0,0.0,0.0,0.0,0.0,0.0,0.0,0.0,0.0,0.0,0.0,0.0,0.0,0.0,0.0,0.0,0.0,0.0,0.0,0.0,0.0,0.0,0.0,0.0,0.0,0.0,0.0,0.0,0.0,0.0,0.0,0.0,0.0,0.0,0.0,0.0,0.0,0.0,0.0,0.0,0.0
2017-05-30 01:33:00+02:00,0.0,0.0,0.0,0.0,0.0,0.0,0.0,0.0,0.0,0.0,0.0,0.0,0.0,0.0,0.0,0.0,0.0,0.0,0.0,0.0,0.0,0.0,0.0,0.0,0.0,0.0,0.0,0.0,0.0,0.0,0.0,0.0,0.0,0.0,0.0,0.0,0.0,0.0,0.0,0.0,0.0,0.0,0.0,0.0,0.0,0.0,0.0,0.0,0.0,0.0,0.0,0.0,0.0,0.0,0.0,0.0,0.0,0.0,0.0,0.0,0.0,0.0,0.0,0.0,0.0,0.0,0.0,0.0,0.0,0.0,0.0,0.0,0.0,0.0,0.0,0.0,0.0,0.0,0.0,0.0,0.0,0.0,0.0,0.0,0.0,0.0,0.0,0.0,0.0,0.0,0.0,0.0,0.0,0.0,0.0,0.0,0.0,0.0,0.0,0.0,0.0,0.0,0.0,0.0,0.0,0.0,0.0,0.0,0.0,0.0,0.0,0.0,0.0,0.0,0.0,0.0,0.0,0.0
2017-05-30 01:34:00+02:00,0.0,0.0,0.0,0.0,0.0,0.0,0.0,0.0,0.0,0.0,0.0,0.0,0.0,0.0,0.0,0.0,0.0,0.0,0.0,0.0,0.0,0.0,0.0,0.0,0.0,0.0,0.0,0.0,0.0,0.0,0.0,0.0,0.0,0.0,0.0,0.0,0.0,0.0,0.0,0.0,0.0,0.0,0.0,0.0,0.0,0.0,0.0,0.0,0.0,0.0,0.0,0.0,0.0,0.0,0.0,0.0,0.0,0.0,0.0,0.0,0.0,0.0,0.0,0.0,0.0,0.0,0.0,0.0,0.0,0.0,0.0,0.0,0.0,0.0,0.0,0.0,0.0,0.0,0.0,0.0,0.0,0.0,0.0,0.0,0.0,0.0,0.0,0.0,0.0,0.0,0.0,0.0,0.0,0.0,0.0,0.0,0.0,0.0,0.0,0.0,0.0,0.0,0.0,0.0,0.0,0.0,0.0,0.0,0.0,0.0,0.0,0.0,0.0,0.0,0.0,0.0,0.0,0.0
2017-05-30 01:35:00+02:00,0.0,0.0,0.0,0.0,0.0,0.0,0.0,0.0,0.0,0.0,0.0,0.0,0.0,0.0,0.0,0.0,0.0,0.0,0.0,0.0,0.0,0.0,0.0,0.0,0.0,0.0,0.0,0.0,0.0,0.0,0.0,0.0,0.0,0.0,0.0,0.0,0.0,0.0,0.0,0.0,0.0,0.0,0.0,0.0,0.0,0.0,0.0,0.0,0.0,0.0,0.0,0.0,0.0,0.0,0.0,0.0,0.0,0.0,0.0,0.0,0.0,0.0,0.0,0.0,0.0,0.0,0.0,0.0,0.0,0.0,0.0,0.0,0.0,0.0,0.0,0.0,0.0,0.0,0.0,0.0,0.0,0.0,0.0,0.0,0.0,0.0,0.0,0.0,0.0,0.0,0.0,0.0,0.0,0.0,0.0,0.0,0.0,0.0,0.0,0.0,0.0,0.0,0.0,0.0,0.0,0.0,0.0,0.0,0.0,0.0,0.0,0.0,0.0,0.0,0.0,0.0,0.0,0.0
2017-05-30 01:36:00+02:00,0.0,0.0,0.0,0.0,0.0,0.0,0.0,0.0,0.0,0.0,0.0,0.0,0.0,0.0,0.0,0.0,0.0,0.0,0.0,0.0,0.0,0.0,0.0,0.0,0.0,0.0,0.0,0.0,0.0,0.0,0.0,0.0,0.0,0.0,0.0,0.0,0.0,0.0,0.0,0.0,0.0,0.0,0.0,0.0,0.0,0.0,0.0,0.0,0.0,0.0,0.0,0.0,0.0,0.0,0.0,0.0,0.0,0.0,0.0,0.0,0.0,0.0,0.0,0.0,0.0,0.0,0.0,0.0,0.0,0.0,0.0,0.0,0.0,0.0,0.0,0.0,0.0,0.0,0.0,0.0,0.0,0.0,0.0,0.0,0.0,0.0,0.0,0.0,0.0,0.0,0.0,0.0,0.0,0.0,0.0,0.0,0.0,0.0,0.0,0.0,0.0,0.0,0.0,0.0,0.0,0.0,0.0,0.0,0.0,0.0,0.0,0.0,0.0,0.0,0.0,0.0,0.0,0.0
2017-05-30 01:37:00+02:00,0.0,0.0,0.0,0.0,0.0,0.0,0.0,0.0,0.0,0.0,0.0,0.0,0.0,0.0,0.0,0.0,0.0,0.0,0.0,0.0,0.0,0.0,0.0,0.0,0.0,0.0,0.0,0.0,0.0,0.0,0.0,0.0,0.0,0.0,0.0,0.0,0.0,0.0,0.0,0.0,0.0,0.0,0.0,0.0,0.0,0.0,0.0,0.0,0.0,0.0,0.0,0.0,0.0,0.0,0.0,0.0,0.0,0.0,0.0,0.0,0.0,0.0,0.0,0.0,0.0,0.0,0.0,0.0,0.0,0.0,0.0,0.0,0.0,0.0,0.0,0.0,0.0,0.0,0.0,0.0,0.0,0.0,0.0,0.0,0.0,0.0,0.0,0.0,0.0,0.0,0.0,0.0,0.0,0.0,0.0,0.0,0.0,0.0,0.0,0.0,0.0,0.0,0.0,0.0,0.0,0.0,0.0,0.0,0.0,0.0,0.0,0.0,0.0,0.0,0.0,0.0,0.0,0.0
2017-05-30 01:38:00+02:00,0.0,0.0,0.0,0.0,0.0,0.0,0.0,0.0,0.0,0.0,0.0,0.0,0.0,0.0,0.0,0.0,0.0,0.0,0.0,0.0,0.0,0.0,0.0,0.0,0.0,0.0,0.0,0.0,0.0,0.0,0.0,0.0,0.0,0.0,0.0,0.0,0.0,0.0,0.0,0.0,0.0,0.0,0.0,0.0,0.0,0.0,0.0,0.0,0.0,0.0,0.0,0.0,0.0,0.0,0.0,0.0,0.0,0.0,0.0,0.0,0.0,0.0,0.0,0.0,0.0,0.0,0.0,0.0,0.0,0.0,0.0,0.0,0.0,0.0,0.0,0.0,0.0,0.0,0.0,0.0,0.0,0.0,0.0,0.0,0.0,0.0,0.0,0.0,0.0,0.0,0.0,0.0,0.0,0.0,0.0,0.0,0.0,0.0,0.0,0.0,0.0,0.0,0.0,0.0,0.0,0.0,0.0,0.0,0.0,0.0,0.0,0.0,0.0,0.0,0.0,0.0,0.0,0.0
2017-05-30 01:39:00+02:00,0.0,0.0,0.0,0.0,0.0,0.0,0.0,0.0,0.0,0.0,0.0,0.0,0.0,0.0,0.0,0.0,0.0,0.0,0.0,0.0,0.0,0.0,0.0,0.0,0.0,0.0,0.0,0.0,0.0,0.0,0.0,0.0,0.0,0.0,0.0,0.0,0.0,0.0,0.0,0.0,0.0,0.0,0.0,0.0,0.0,0.0,0.0,0.0,0.0,0.0,0.0,0.0,0.0,0.0,0.0,0.0,0.0,0.0,0.0,0.0,0.0,0.0,0.0,0.0,0.0,0.0,0.0,0.0,0.0,0.0,0.0,0.0,0.0,0.0,0.0,0.0,0.0,0.0,0.0,0.0,0.0,0.0,0.0,0.0,0.0,0.0,0.0,0.0,0.0,0.0,0.0,0.0,0.0,0.0,0.0,0.0,0.0,0.0,0.0,0.0,0.0,0.0,0.0,0.0,0.0,0.0,0.0,0.0,0.0,0.0,0.0,0.0,0.0,0.0,0.0,0.0,0.0,0.0
2017-05-30 01:40:00+02:00,0.0,0.0,0.0,0.0,0.0,0.0,0.0,0.0,0.0,0.0,0.0,0.0,0.0,0.0,0.0,0.0,0.0,0.0,0.0,0.0,0.0,0.0,0.0,0.0,0.0,0.0,0.0,0.0,0.0,0.0,0.0,0.0,0.0,0.0,0.0,0.0,0.0,0.0,0.0,0.0,0.0,0.0,0.0,0.0,0.0,0.0,0.0,0.0,0.0,0.0,0.0,0.0,0.0,0.0,0.0,0.0,0.0,0.0,0.0,0.0,0.0,0.0,0.0,0.0,0.0,0.0,0.0,0.0,0.0,0.0,0.0,0.0,0.0,0.0,0.0,0.0,0.0,0.0,0.0,0.0,0.0,0.0,0.0,0.0,0.0,0.0,0.0,0.0,0.0,0.0,0.0,0.0,0.0,0.0,0.0,0.0,0.0,0.0,0.0,0.0,0.0,0.0,0.0,0.0,0.0,0.0,0.0,0.0,0.0,0.0,0.0,0.0,0.0,0.0,0.0,0.0,0.0,0.0
2017-05-30 01:41:00+02:00,0.0,0.0,0.0,0.0,0.0,0.0,0.0,0.0,0.0,0.0,0.0,0.0,0.0,0.0,0.0,0.0,0.0,0.0,0.0,0.0,0.0,0.0,0.0,0.0,0.0,0.0,0.0,0.0,0.0,0.0,0.0,0.0,0.0,0.0,0.0,0.0,0.0,0.0,0.0,0.0,0.0,0.0,0.0,0.0,0.0,0.0,0.0,0.0,0.0,0.0,0.0,0.0,0.0,0.0,0.0,0.0,0.0,0.0,0.0,0.0,0.0,0.0,0.0,0.0,0.0,0.0,0.0,0.0,0.0,0.0,0.0,0.0,0.0,0.0,0.0,0.0,0.0,0.0,0.0,0.0,0.0,0.0,0.0,0.0,0.0,0.0,0.0,0.0,0.0,0.0,0.0,0.0,0.0,0.0,0.0,0.0,0.0,0.0,0.0,0.0,0.0,0.0,0.0,0.0,0.0,0.0,0.0,0.0,0.0,0.0,0.0,0.0,0.0,0.0,0.0,0.0,0.0,0.0
2017-05-30 01:42:00+02:00,0.0,0.0,0.0,0.0,0.0,0.0,0.0,0.0,0.0,0.0,0.0,0.0,0.0,0.0,0.0,0.0,0.0,0.0,0.0,0.0,0.0,0.0,0.0,0.0,0.0,0.0,0.0,0.0,0.0,0.0,0.0,0.0,0.0,0.0,0.0,0.0,0.0,0.0,0.0,0.0,0.0,0.0,0.0,0.0,0.0,0.0,0.0,0.0,0.0,0.0,0.0,0.0,0.0,0.0,0.0,0.0,0.0,0.0,0.0,0.0,0.0,0.0,0.0,0.0,0.0,0.0,0.0,0.0,0.0,0.0,0.0,0.0,0.0,0.0,0.0,0.0,0.0,0.0,0.0,0.0,0.0,0.0,0.0,0.0,0.0,0.0,0.0,0.0,0.0,0.0,0.0,0.0,0.0,0.0,0.0,0.0,0.0,0.0,0.0,0.0,0.0,0.0,0.0,0.0,0.0,0.0,0.0,0.0,0.0,0.0,0.0,0.0,0.0,0.0,0.0,0.0,0.0,0.0
2017-05-30 01:43:00+02:00,0.0,0.0,0.0,0.0,0.0,0.0,0.0,0.0,0.0,0.0,0.0,0.0,0.0,0.0,0.0,0.0,0.0,0.0,0.0,0.0,0.0,0.0,0.0,0.0,0.0,0.0,0.0,0.0,0.0,0.0,0.0,0.0,0.0,0.0,0.0,0.0,0.0,0.0,0.0,0.0,0.0,0.0,0.0,0.0,0.0,0.0,0.0,0.0,0.0,0.0,0.0,0.0,0.0,0.0,0.0,0.0,0.0,0.0,0.0,0.0,0.0,0.0,0.0,0.0,0.0,0.0,0.0,0.0,0.0,0.0,0.0,0.0,0.0,0.0,0.0,0.0,0.0,0.0,0.0,0.0,0.0,0.0,0.0,0.0,0.0,0.0,0.0,0.0,0.0,0.0,0.0,0.0,0.0,0.0,0.0,0.0,0.0,0.0,0.0,0.0,0.0,0.0,0.0,0.0,0.0,0.0,0.0,0.0,0.0,0.0,0.0,0.0,0.0,0.0,0.0,0.0,0.0,0.0
2017-05-30 01:44:00+02:00,0.0,0.0,0.0,0.0,0.0,0.0,0.0,0.0,0.0,0.0,0.0,0.0,0.0,0.0,0.0,0.0,0.0,0.0,0.0,0.0,0.0,0.0,0.0,0.0,0.0,0.0,0.0,0.0,0.0,0.0,0.0,0.0,0.0,0.0,0.0,0.0,0.0,0.0,0.0,0.0,0.0,0.0,0.0,0.0,0.0,0.0,0.0,0.0,0.0,0.0,0.0,0.0,0.0,0.0,0.0,0.0,0.0,0.0,0.0,0.0,0.0,0.0,0.0,0.0,0.0,0.0,0.0,0.0,0.0,0.0,0.0,0.0,0.0,0.0,0.0,0.0,0.0,0.0,0.0,0.0,0.0,0.0,0.0,0.0,0.0,0.0,0.0,0.0,0.0,0.0,0.0,0.0,0.0,0.0,0.0,0.0,0.0,0.0,0.0,0.0,0.0,0.0,0.0,0.0,0.0,0.0,0.0,0.0,0.0,0.0,0.0,0.0,0.0,0.0,0.0,0.0,0.0,0.0
2017-05-30 01:45:00+02:00,0.0,0.0,0.0,0.0,0.0,0.0,0.0,0.0,0.0,0.0,0.0,0.0,0.0,0.0,0.0,0.0,0.0,0.0,0.0,0.0,0.0,0.0,0.0,0.0,0.0,0.0,0.0,0.0,0.0,0.0,0.0,0.0,0.0,0.0,0.0,0.0,0.0,0.0,0.0,0.0,0.0,0.0,0.0,0.0,0.0,0.0,0.0,0.0,0.0,0.0,0.0,0.0,0.0,0.0,0.0,0.0,0.0,0.0,0.0,0.0,0.0,0.0,0.0,0.0,0.0,0.0,0.0,0.0,0.0,0.0,0.0,0.0,0.0,0.0,0.0,0.0,0.0,0.0,0.0,0.0,0.0,0.0,0.0,0.0,0.0,0.0,0.0,0.0,0.0,0.0,0.0,0.0,0.0,0.0,0.0,0.0,0.0,0.0,0.0,0.0,0.0,0.0,0.0,0.0,0.0,0.0,0.0,0.0,0.0,0.0,0.0,0.0,0.0,0.0,0.0,0.0,0.0,0.0
2017-05-30 01:46:00+02:00,0.0,0.0,0.0,0.0,0.0,0.0,0.0,0.0,0.0,0.0,0.0,0.0,0.0,0.0,0.0,0.0,0.0,0.0,0.0,0.0,0.0,0.0,0.0,0.0,0.0,0.0,0.0,0.0,0.0,0.0,0.0,0.0,0.0,0.0,0.0,0.0,0.0,0.0,0.0,0.0,0.0,0.0,0.0,0.0,0.0,0.0,0.0,0.0,0.0,0.0,0.0,0.0,0.0,0.0,0.0,0.0,0.0,0.0,0.0,0.0,0.0,0.0,0.0,0.0,0.0,0.0,0.0,0.0,0.0,0.0,0.0,0.0,0.0,0.0,0.0,0.0,0.0,0.0,0.0,0.0,0.0,0.0,0.0,0.0,0.0,0.0,0.0,0.0,0.0,0.0,0.0,0.0,0.0,0.0,0.0,0.0,0.0,0.0,0.0,0.0,0.0,0.0,0.0,0.0,0.0,0.0,0.0,0.0,0.0,0.0,0.0,0.0,0.0,0.0,0.0,0.0,0.0,0.0
2017-05-30 01:47:00+02:00,0.0,0.0,0.0,0.0,0.0,0.0,0.0,0.0,0.0,0.0,0.0,0.0,0.0,0.0,0.0,0.0,0.0,0.0,0.0,0.0,0.0,0.0,0.0,0.0,0.0,0.0,0.0,0.0,0.0,0.0,0.0,0.0,0.0,0.0,0.0,0.0,0.0,0.0,0.0,0.0,0.0,0.0,0.0,0.0,0.0,0.0,0.0,0.0,0.0,0.0,0.0,0.0,0.0,0.0,0.0,0.0,0.0,0.0,0.0,0.0,0.0,0.0,0.0,0.0,0.0,0.0,0.0,0.0,0.0,0.0,0.0,0.0,0.0,0.0,0.0,0.0,0.0,0.0,0.0,0.0,0.0,0.0,0.0,0.0,0.0,0.0,0.0,0.0,0.0,0.0,0.0,0.0,0.0,0.0,0.0,0.0,0.0,0.0,0.0,0.0,0.0,0.0,0.0,0.0,0.0,0.0,0.0,0.0,0.0,0.0,0.0,0.0,0.0,0.0,0.0,0.0,0.0,0.0
2017-05-30 01:48:00+02:00,0.0,0.0,0.0,0.0,0.0,0.0,0.0,0.0,0.0,0.0,0.0,0.0,0.0,0.0,0.0,0.0,0.0,0.0,0.0,0.0,0.0,0.0,0.0,0.0,0.0,0.0,0.0,0.0,0.0,0.0,0.0,0.0,0.0,0.0,0.0,0.0,0.0,0.0,0.0,0.0,0.0,0.0,0.0,0.0,0.0,0.0,0.0,0.0,0.0,0.0,0.0,0.0,0.0,0.0,0.0,0.0,0.0,0.0,0.0,0.0,0.0,0.0,0.0,0.0,0.0,0.0,0.0,0.0,0.0,0.0,0.0,0.0,0.0,0.0,0.0,0.0,0.0,0.0,0.0,0.0,0.0,0.0,0.0,0.0,0.0,0.0,0.0,0.0,0.0,0.0,0.0,0.0,0.0,0.0,0.0,0.0,0.0,0.0,0.0,0.0,0.0,0.0,0.0,0.0,0.0,0.0,0.0,0.0,0.0,0.0,0.0,0.0,0.0,0.0,0.0,0.0,0.0,0.0
2017-05-30 01:49:00+02:00,0.0,0.0,0.0,0.0,0.0,0.0,0.0,0.0,0.0,0.0,0.0,0.0,0.0,0.0,0.0,0.0,0.0,0.0,0.0,0.0,0.0,0.0,0.0,0.0,0.0,0.0,0.0,0.0,0.0,0.0,0.0,0.0,0.0,0.0,0.0,0.0,0.0,0.0,0.0,0.0,0.0,0.0,0.0,0.0,0.0,0.0,0.0,0.0,0.0,0.0,0.0,0.0,0.0,0.0,0.0,0.0,0.0,0.0,0.0,0.0,0.0,0.0,0.0,0.0,0.0,0.0,0.0,0.0,0.0,0.0,0.0,0.0,0.0,0.0,0.0,0.0,0.0,0.0,0.0,0.0,0.0,0.0,0.0,0.0,0.0,0.0,0.0,0.0,0.0,0.0,0.0,0.0,0.0,0.0,0.0,0.0,0.0,0.0,0.0,0.0,0.0,0.0,0.0,0.0,0.0,0.0,0.0,0.0,0.0,0.0,0.0,0.0,0.0,0.0,0.0,0.0,0.0,0.0
2017-05-30 01:50:00+02:00,0.0,0.0,0.0,0.0,0.0,0.0,0.0,0.0,0.0,0.0,0.0,0.0,0.0,0.0,0.0,0.0,0.0,0.0,0.0,0.0,0.0,0.0,0.0,0.0,0.0,0.0,0.0,0.0,0.0,0.0,0.0,0.0,0.0,0.0,0.0,0.0,0.0,0.0,0.0,0.0,0.0,0.0,0.0,0.0,0.0,0.0,0.0,0.0,0.0,0.0,0.0,0.0,0.0,0.0,0.0,0.0,0.0,0.0,0.0,0.0,0.0,0.0,0.0,0.0,0.0,0.0,0.0,0.0,0.0,0.0,0.0,0.0,0.0,0.0,0.0,0.0,0.0,0.0,0.0,0.0,0.0,0.0,0.0,0.0,0.0,0.0,0.0,0.0,0.0,0.0,0.0,0.0,0.0,0.0,0.0,0.0,0.0,0.0,0.0,0.0,0.0,0.0,0.0,0.0,0.0,0.0,0.0,0.0,0.0,0.0,0.0,0.0,0.0,0.0,0.0,0.0,0.0,0.0
2017-05-30 01:51:00+02:00,0.0,0.0,0.0,0.0,0.0,0.0,0.0,0.0,0.0,0.0,0.0,0.0,0.0,0.0,0.0,0.0,0.0,0.0,0.0,0.0,0.0,0.0,0.0,0.0,0.0,0.0,0.0,0.0,0.0,0.0,0.0,0.0,0.0,0.0,0.0,0.0,0.0,0.0,0.0,0.0,0.0,0.0,0.0,0.0,0.0,0.0,0.0,0.0,0.0,0.0,0.0,0.0,0.0,0.0,0.0,0.0,0.0,0.0,0.0,0.0,0.0,0.0,0.0,0.0,0.0,0.0,0.0,0.0,0.0,0.0,0.0,0.0,0.0,0.0,0.0,0.0,0.0,0.0,0.0,0.0,0.0,0.0,0.0,0.0,0.0,0.0,0.0,0.0,0.0,0.0,0.0,0.0,0.0,0.0,0.0,0.0,0.0,0.0,0.0,0.0,0.0,0.0,0.0,0.0,0.0,0.0,0.0,0.0,0.0,0.0,0.0,0.0,0.0,0.0,0.0,0.0,0.0,0.0
2017-05-30 01:52:00+02:00,0.0,0.0,0.0,0.0,0.0,0.0,0.0,0.0,0.0,0.0,0.0,0.0,0.0,0.0,0.0,0.0,0.0,0.0,0.0,0.0,0.0,0.0,0.0,0.0,0.0,0.0,0.0,0.0,0.0,0.0,0.0,0.0,0.0,0.0,0.0,0.0,0.0,0.0,0.0,0.0,0.0,0.0,0.0,0.0,0.0,0.0,0.0,0.0,0.0,0.0,0.0,0.0,0.0,0.0,0.0,0.0,0.0,0.0,0.0,0.0,0.0,0.0,0.0,0.0,0.0,0.0,0.0,0.0,0.0,0.0,0.0,0.0,0.0,0.0,0.0,0.0,0.0,0.0,0.0,0.0,0.0,0.0,0.0,0.0,0.0,0.0,0.0,0.0,0.0,0.0,0.0,0.0,0.0,0.0,0.0,0.0,0.0,0.0,0.0,0.0,0.0,0.0,0.0,0.0,0.0,0.0,0.0,0.0,0.0,0.0,0.0,0.0,0.0,0.0,0.0,0.0,0.0,0.0
2017-05-30 01:53:00+02:00,0.0,0.0,0.0,0.0,0.0,0.0,0.0,0.0,0.0,0.0,0.0,0.0,0.0,0.0,0.0,0.0,0.0,0.0,0.0,0.0,0.0,0.0,0.0,0.0,0.0,0.0,0.0,0.0,0.0,0.0,0.0,0.0,0.0,0.0,0.0,0.0,0.0,0.0,0.0,0.0,0.0,0.0,0.0,0.0,0.0,0.0,0.0,0.0,0.0,0.0,0.0,0.0,0.0,0.0,0.0,0.0,0.0,0.0,0.0,0.0,0.0,0.0,0.0,0.0,0.0,0.0,0.0,0.0,0.0,0.0,0.0,0.0,0.0,0.0,0.0,0.0,0.0,0.0,0.0,0.0,0.0,0.0,0.0,0.0,0.0,0.0,0.0,0.0,0.0,0.0,0.0,0.0,0.0,0.0,0.0,0.0,0.0,0.0,0.0,0.0,0.0,0.0,0.0,0.0,0.0,0.0,0.0,0.0,0.0,0.0,0.0,0.0,0.0,0.0,0.0,0.0,0.0,0.0
2017-05-30 01:54:00+02:00,0.0,0.0,0.0,0.0,0.0,0.0,0.0,0.0,0.0,0.0,0.0,0.0,0.0,0.0,0.0,0.0,0.0,0.0,0.0,0.0,0.0,0.0,0.0,0.0,0.0,0.0,0.0,0.0,0.0,0.0,0.0,0.0,0.0,0.0,0.0,0.0,0.0,0.0,0.0,0.0,0.0,0.0,0.0,0.0,0.0,0.0,0.0,0.0,0.0,0.0,0.0,0.0,0.0,0.0,0.0,0.0,0.0,0.0,0.0,0.0,0.0,0.0,0.0,0.0,0.0,0.0,0.0,0.0,0.0,0.0,0.0,0.0,0.0,0.0,0.0,0.0,0.0,0.0,0.0,0.0,0.0,0.0,0.0,0.0,0.0,0.0,0.0,0.0,0.0,0.0,0.0,0.0,0.0,0.0,0.0,0.0,0.0,0.0,0.0,0.0,0.0,0.0,0.0,0.0,0.0,0.0,0.0,0.0,0.0,0.0,0.0,0.0,0.0,0.0,0.0,0.0,0.0,0.0
2017-05-30 01:55:00+02:00,0.0,0.0,0.0,0.0,0.0,0.0,0.0,0.0,0.0,0.0,0.0,0.0,0.0,0.0,0.0,0.0,0.0,0.0,0.0,0.0,0.0,0.0,0.0,0.0,0.0,0.0,0.0,0.0,0.0,0.0,0.0,0.0,0.0,0.0,0.0,0.0,0.0,0.0,0.0,0.0,0.0,0.0,0.0,0.0,0.0,0.0,0.0,0.0,0.0,0.0,0.0,0.0,0.0,0.0,0.0,0.0,0.0,0.0,0.0,0.0,0.0,0.0,0.0,0.0,0.0,0.0,0.0,0.0,0.0,0.0,0.0,0.0,0.0,0.0,0.0,0.0,0.0,0.0,0.0,0.0,0.0,0.0,0.0,0.0,0.0,0.0,0.0,0.0,0.0,0.0,0.0,0.0,0.0,0.0,0.0,0.0,0.0,0.0,0.0,0.0,0.0,0.0,0.0,0.0,0.0,0.0,0.0,0.0,0.0,0.0,0.0,0.0,0.0,0.0,0.0,0.0,0.0,0.0
2017-05-30 01:56:00+02:00,0.0,0.0,0.0,0.0,0.0,0.0,0.0,0.0,0.0,0.0,0.0,0.0,0.0,0.0,0.0,0.0,0.0,0.0,0.0,0.0,0.0,0.0,0.0,0.0,0.0,0.0,0.0,0.0,0.0,0.0,0.0,0.0,0.0,0.0,0.0,0.0,0.0,0.0,0.0,0.0,0.0,0.0,0.0,0.0,0.0,0.0,0.0,0.0,0.0,0.0,0.0,0.0,0.0,0.0,0.0,0.0,0.0,0.0,0.0,0.0,0.0,0.0,0.0,0.0,0.0,0.0,0.0,0.0,0.0,0.0,0.0,0.0,0.0,0.0,0.0,0.0,0.0,0.0,0.0,0.0,0.0,0.0,0.0,0.0,0.0,0.0,0.0,0.0,0.0,0.0,0.0,0.0,0.0,0.0,0.0,0.0,0.0,0.0,0.0,0.0,0.0,0.0,0.0,0.0,0.0,0.0,0.0,0.0,0.0,0.0,0.0,0.0,0.0,0.0,0.0,0.0,0.0,0.0
2017-05-30 01:57:00+02:00,0.0,0.0,0.0,0.0,0.0,0.0,0.0,0.0,0.0,0.0,0.0,0.0,0.0,0.0,0.0,0.0,0.0,0.0,0.0,0.0,0.0,0.0,0.0,0.0,0.0,0.0,0.0,0.0,0.0,0.0,0.0,0.0,0.0,0.0,0.0,0.0,0.0,0.0,0.0,0.0,0.0,0.0,0.0,0.0,0.0,0.0,0.0,0.0,0.0,0.0,0.0,0.0,0.0,0.0,0.0,0.0,0.0,0.0,0.0,0.0,0.0,0.0,0.0,0.0,0.0,0.0,0.0,0.0,0.0,0.0,0.0,0.0,0.0,0.0,0.0,0.0,0.0,0.0,0.0,0.0,0.0,0.0,0.0,0.0,0.0,0.0,0.0,0.0,0.0,0.0,0.0,0.0,0.0,0.0,0.0,0.0,0.0,0.0,0.0,0.0,0.0,0.0,0.0,0.0,0.0,0.0,0.0,0.0,0.0,0.0,0.0,0.0,0.0,0.0,0.0,0.0,0.0,0.0
2017-05-30 01:58:00+02:00,0.0,0.0,0.0,0.0,0.0,0.0,0.0,0.0,0.0,0.0,0.0,0.0,0.0,0.0,0.0,0.0,0.0,0.0,0.0,0.0,0.0,0.0,0.0,0.0,0.0,0.0,0.0,0.0,0.0,0.0,0.0,0.0,0.0,0.0,0.0,0.0,0.0,0.0,0.0,0.0,0.0,0.0,0.0,0.0,0.0,0.0,0.0,0.0,0.0,0.0,0.0,0.0,0.0,0.0,0.0,0.0,0.0,0.0,0.0,0.0,0.0,0.0,0.0,0.0,0.0,0.0,0.0,0.0,0.0,0.0,0.0,0.0,0.0,0.0,0.0,0.0,0.0,0.0,0.0,0.0,0.0,0.0,0.0,0.0,0.0,0.0,0.0,0.0,0.0,0.0,0.0,0.0,0.0,0.0,0.0,0.0,0.0,0.0,0.0,0.0,0.0,0.0,0.0,0.0,0.0,0.0,0.0,0.0,0.0,0.0,0.0,0.0,0.0,0.0,0.0,0.0,0.0,0.0
2017-05-30 01:59:00+02:00,0.0,0.0,0.0,0.0,0.0,0.0,0.0,0.0,0.0,0.0,0.0,0.0,0.0,0.0,0.0,0.0,0.0,0.0,0.0,0.0,0.0,0.0,0.0,0.0,0.0,0.0,0.0,0.0,0.0,0.0,0.0,0.0,0.0,0.0,0.0,0.0,0.0,0.0,0.0,0.0,0.0,0.0,0.0,0.0,0.0,0.0,0.0,0.0,0.0,0.0,0.0,0.0,0.0,0.0,0.0,0.0,0.0,0.0,0.0,0.0,0.0,0.0,0.0,0.0,0.0,0.0,0.0,0.0,0.0,0.0,0.0,0.0,0.0,0.0,0.0,0.0,0.0,0.0,0.0,0.0,0.0,0.0,0.0,0.0,0.0,0.0,0.0,0.0,0.0,0.0,0.0,0.0,0.0,0.0,0.0,0.0,0.0,0.0,0.0,0.0,0.0,0.0,0.0,0.0,0.0,0.0,0.0,0.0,0.0,0.0,0.0,0.0,0.0,0.0,0.0,0.0,0.0,0.0
2017-05-30 02:00:00+02:00,0.0,0.0,0.0,0.0,0.0,0.0,0.0,0.0,0.0,0.0,0.0,0.0,0.0,0.0,0.0,0.0,0.0,0.0,0.0,0.0,0.0,0.0,0.0,0.0,0.0,0.0,0.0,0.0,0.0,0.0,0.0,0.0,0.0,0.0,0.0,0.0,0.0,0.0,0.0,0.0,0.0,0.0,0.0,0.0,0.0,0.0,0.0,0.0,0.0,0.0,0.0,0.0,0.0,0.0,0.0,0.0,0.0,0.0,0.0,0.0,0.0,0.0,0.0,0.0,0.0,0.0,0.0,0.0,0.0,0.0,0.0,0.0,0.0,0.0,0.0,0.0,0.0,0.0,0.0,0.0,0.0,0.0,0.0,0.0,0.0,0.0,0.0,0.0,0.0,0.0,0.0,0.0,0.0,0.0,0.0,0.0,0.0,0.0,0.0,0.0,0.0,0.0,0.0,0.0,0.0,0.0,0.0,0.0,0.0,0.0,0.0,0.0,0.0,0.0,0.0,0.0,0.0,0.0
2017-05-30 02:01:00+02:00,0.0,0.0,0.0,0.0,0.0,0.0,0.0,0.0,0.0,0.0,0.0,0.0,0.0,0.0,0.0,0.0,0.0,0.0,0.0,0.0,0.0,0.0,0.0,0.0,0.0,0.0,0.0,0.0,0.0,0.0,0.0,0.0,0.0,0.0,0.0,0.0,0.0,0.0,0.0,0.0,0.0,0.0,0.0,0.0,0.0,0.0,0.0,0.0,0.0,0.0,0.0,0.0,0.0,0.0,0.0,0.0,0.0,0.0,0.0,0.0,0.0,0.0,0.0,0.0,0.0,0.0,0.0,0.0,0.0,0.0,0.0,0.0,0.0,0.0,0.0,0.0,0.0,0.0,0.0,0.0,0.0,0.0,0.0,0.0,0.0,0.0,0.0,0.0,0.0,0.0,0.0,0.0,0.0,0.0,0.0,0.0,0.0,0.0,0.0,0.0,0.0,0.0,0.0,0.0,0.0,0.0,0.0,0.0,0.0,0.0,0.0,0.0,0.0,0.0,0.0,0.0,0.0,0.0
2017-05-30 02:02:00+02:00,0.0,0.0,0.0,0.0,0.0,0.0,0.0,0.0,0.0,0.0,0.0,0.0,0.0,0.0,0.0,0.0,0.0,0.0,0.0,0.0,0.0,0.0,0.0,0.0,0.0,0.0,0.0,0.0,0.0,0.0,0.0,0.0,0.0,0.0,0.0,0.0,0.0,0.0,0.0,0.0,0.0,0.0,0.0,0.0,0.0,0.0,0.0,0.0,0.0,0.0,0.0,0.0,0.0,0.0,0.0,0.0,0.0,0.0,0.0,0.0,0.0,0.0,0.0,0.0,0.0,0.0,0.0,0.0,0.0,0.0,0.0,0.0,0.0,0.0,0.0,0.0,0.0,0.0,0.0,0.0,0.0,0.0,0.0,0.0,0.0,0.0,0.0,0.0,0.0,0.0,0.0,0.0,0.0,0.0,0.0,0.0,0.0,0.0,0.0,0.0,0.0,0.0,0.0,0.0,0.0,0.0,0.0,0.0,0.0,0.0,0.0,0.0,0.0,0.0,0.0,0.0,0.0,0.0
2017-05-30 02:03:00+02:00,0.0,0.0,0.0,0.0,0.0,0.0,0.0,0.0,0.0,0.0,0.0,0.0,0.0,0.0,0.0,0.0,0.0,0.0,0.0,0.0,0.0,0.0,0.0,0.0,0.0,0.0,0.0,0.0,0.0,0.0,0.0,0.0,0.0,0.0,0.0,0.0,0.0,0.0,0.0,0.0,0.0,0.0,0.0,0.0,0.0,0.0,0.0,0.0,0.0,0.0,0.0,0.0,0.0,0.0,0.0,0.0,0.0,0.0,0.0,0.0,0.0,0.0,0.0,0.0,0.0,0.0,0.0,0.0,0.0,0.0,0.0,0.0,0.0,0.0,0.0,0.0,0.0,0.0,0.0,0.0,0.0,0.0,0.0,0.0,0.0,0.0,0.0,0.0,0.0,0.0,0.0,0.0,0.0,0.0,0.0,0.0,0.0,0.0,0.0,0.0,0.0,0.0,0.0,0.0,0.0,0.0,0.0,0.0,0.0,0.0,0.0,0.0,0.0,0.0,0.0,0.0,0.0,0.0
2017-05-30 02:04:00+02:00,0.0,0.0,0.0,0.0,0.0,0.0,0.0,0.0,0.0,0.0,0.0,0.0,0.0,0.0,0.0,0.0,0.0,0.0,0.0,0.0,0.0,0.0,0.0,0.0,0.0,0.0,0.0,0.0,0.0,0.0,0.0,0.0,0.0,0.0,0.0,0.0,0.0,0.0,0.0,0.0,0.0,0.0,0.0,0.0,0.0,0.0,0.0,0.0,0.0,0.0,0.0,0.0,0.0,0.0,0.0,0.0,0.0,0.0,0.0,0.0,0.0,0.0,0.0,0.0,0.0,0.0,0.0,0.0,0.0,0.0,0.0,0.0,0.0,0.0,0.0,0.0,0.0,0.0,0.0,0.0,0.0,0.0,0.0,0.0,0.0,0.0,0.0,0.0,0.0,0.0,0.0,0.0,0.0,0.0,0.0,0.0,0.0,0.0,0.0,0.0,0.0,0.0,0.0,0.0,0.0,0.0,0.0,0.0,0.0,0.0,0.0,0.0,0.0,0.0,0.0,0.0,0.0,0.0
2017-05-30 02:05:00+02:00,0.0,0.0,0.0,0.0,0.0,0.0,0.0,0.0,0.0,0.0,0.0,0.0,0.0,0.0,0.0,0.0,0.0,0.0,0.0,0.0,0.0,0.0,0.0,0.0,0.0,0.0,0.0,0.0,0.0,0.0,0.0,0.0,0.0,0.0,0.0,0.0,0.0,0.0,0.0,0.0,0.0,0.0,0.0,0.0,0.0,0.0,0.0,0.0,0.0,0.0,0.0,0.0,0.0,0.0,0.0,0.0,0.0,0.0,0.0,0.0,0.0,0.0,0.0,0.0,0.0,0.0,0.0,0.0,0.0,0.0,0.0,0.0,0.0,0.0,0.0,0.0,0.0,0.0,0.0,0.0,0.0,0.0,0.0,0.0,0.0,0.0,0.0,0.0,0.0,0.0,0.0,0.0,0.0,0.0,0.0,0.0,0.0,0.0,0.0,0.0,0.0,0.0,0.0,0.0,0.0,0.0,0.0,0.0,0.0,0.0,0.0,0.0,0.0,0.0,0.0,0.0,0.0,0.0
2017-05-30 02:06:00+02:00,0.0,0.0,0.0,0.0,0.0,0.0,0.0,0.0,0.0,0.0,0.0,0.0,0.0,0.0,0.0,0.0,0.0,0.0,0.0,0.0,0.0,0.0,0.0,0.0,0.0,0.0,0.0,0.0,0.0,0.0,0.0,0.0,0.0,0.0,0.0,0.0,0.0,0.0,0.0,0.0,0.0,0.0,0.0,0.0,0.0,0.0,0.0,0.0,0.0,0.0,0.0,0.0,0.0,0.0,0.0,0.0,0.0,0.0,0.0,0.0,0.0,0.0,0.0,0.0,0.0,0.0,0.0,0.0,0.0,0.0,0.0,0.0,0.0,0.0,0.0,0.0,0.0,0.0,0.0,0.0,0.0,0.0,0.0,0.0,0.0,0.0,0.0,0.0,0.0,0.0,0.0,0.0,0.0,0.0,0.0,0.0,0.0,0.0,0.0,0.0,0.0,0.0,0.0,0.0,0.0,0.0,0.0,0.0,0.0,0.0,0.0,0.0,0.0,0.0,0.0,0.0,0.0,0.0
2017-05-30 02:07:00+02:00,0.0,0.0,0.0,0.0,0.0,0.0,0.0,0.0,0.0,0.0,0.0,0.0,0.0,0.0,0.0,0.0,0.0,0.0,0.0,0.0,0.0,0.0,0.0,0.0,0.0,0.0,0.0,0.0,0.0,0.0,0.0,0.0,0.0,0.0,0.0,0.0,0.0,0.0,0.0,0.0,0.0,0.0,0.0,0.0,0.0,0.0,0.0,0.0,0.0,0.0,0.0,0.0,0.0,0.0,0.0,0.0,0.0,0.0,0.0,0.0,0.0,0.0,0.0,0.0,0.0,0.0,0.0,0.0,0.0,0.0,0.0,0.0,0.0,0.0,0.0,0.0,0.0,0.0,0.0,0.0,0.0,0.0,0.0,0.0,0.0,0.0,0.0,0.0,0.0,0.0,0.0,0.0,0.0,0.0,0.0,0.0,0.0,0.0,0.0,0.0,0.0,0.0,0.0,0.0,0.0,0.0,0.0,0.0,0.0,0.0,0.0,0.0,0.0,0.0,0.0,0.0,0.0,0.0
2017-05-30 02:08:00+02:00,0.0,0.0,0.0,0.0,0.0,0.0,0.0,0.0,0.0,0.0,0.0,0.0,0.0,0.0,0.0,0.0,0.0,0.0,0.0,0.0,0.0,0.0,0.0,0.0,0.0,0.0,0.0,0.0,0.0,0.0,0.0,0.0,0.0,0.0,0.0,0.0,0.0,0.0,0.0,0.0,0.0,0.0,0.0,0.0,0.0,0.0,0.0,0.0,0.0,0.0,0.0,0.0,0.0,0.0,0.0,0.0,0.0,0.0,0.0,0.0,0.0,0.0,0.0,0.0,0.0,0.0,0.0,0.0,0.0,0.0,0.0,0.0,0.0,0.0,0.0,0.0,0.0,0.0,0.0,0.0,0.0,0.0,0.0,0.0,0.0,0.0,0.0,0.0,0.0,0.0,0.0,0.0,0.0,0.0,0.0,0.0,0.0,0.0,0.0,0.0,0.0,0.0,0.0,0.0,0.0,0.0,0.0,0.0,0.0,0.0,0.0,0.0,0.0,0.0,0.0,0.0,0.0,0.0
2017-05-30 02:09:00+02:00,0.0,0.0,0.0,0.0,0.0,0.0,0.0,0.0,0.0,0.0,0.0,0.0,0.0,0.0,0.0,0.0,0.0,0.0,0.0,0.0,0.0,0.0,0.0,0.0,0.0,0.0,0.0,0.0,0.0,0.0,0.0,0.0,0.0,0.0,0.0,0.0,0.0,0.0,0.0,0.0,0.0,0.0,0.0,0.0,0.0,0.0,0.0,0.0,0.0,0.0,0.0,0.0,0.0,0.0,0.0,0.0,0.0,0.0,0.0,0.0,0.0,0.0,0.0,0.0,0.0,0.0,0.0,0.0,0.0,0.0,0.0,0.0,0.0,0.0,0.0,0.0,0.0,0.0,0.0,0.0,0.0,0.0,0.0,0.0,0.0,0.0,0.0,0.0,0.0,0.0,0.0,0.0,0.0,0.0,0.0,0.0,0.0,0.0,0.0,0.0,0.0,0.0,0.0,0.0,0.0,0.0,0.0,0.0,0.0,0.0,0.0,0.0,0.0,0.0,0.0,0.0,0.0,0.0
2017-05-30 02:10:00+02:00,0.0,0.0,0.0,0.0,0.0,0.0,0.0,0.0,0.0,0.0,0.0,0.0,0.0,0.0,0.0,0.0,0.0,0.0,0.0,0.0,0.0,0.0,0.0,0.0,0.0,0.0,0.0,0.0,0.0,0.0,0.0,0.0,0.0,0.0,0.0,0.0,0.0,0.0,0.0,0.0,0.0,0.0,0.0,0.0,0.0,0.0,0.0,0.0,0.0,0.0,0.0,0.0,0.0,0.0,0.0,0.0,0.0,0.0,0.0,0.0,0.0,0.0,0.0,0.0,0.0,0.0,0.0,0.0,0.0,0.0,0.0,0.0,0.0,0.0,0.0,0.0,0.0,0.0,0.0,0.0,0.0,0.0,0.0,0.0,0.0,0.0,0.0,0.0,0.0,0.0,0.0,0.0,0.0,0.0,0.0,0.0,0.0,0.0,0.0,0.0,0.0,0.0,0.0,0.0,0.0,0.0,0.0,0.0,0.0,0.0,0.0,0.0,0.0,0.0,0.0,0.0,0.0,0.0
2017-05-30 02:11:00+02:00,0.0,0.0,0.0,0.0,0.0,0.0,0.0,0.0,0.0,0.0,0.0,0.0,0.0,0.0,0.0,0.0,0.0,0.0,0.0,0.0,0.0,0.0,0.0,0.0,0.0,0.0,0.0,0.0,0.0,0.0,0.0,0.0,0.0,0.0,0.0,0.0,0.0,0.0,0.0,0.0,0.0,0.0,0.0,0.0,0.0,0.0,0.0,0.0,0.0,0.0,0.0,0.0,0.0,0.0,0.0,0.0,0.0,0.0,0.0,0.0,0.0,0.0,0.0,0.0,0.0,0.0,0.0,0.0,0.0,0.0,0.0,0.0,0.0,0.0,0.0,0.0,0.0,0.0,0.0,0.0,0.0,0.0,0.0,0.0,0.0,0.0,0.0,0.0,0.0,0.0,0.0,0.0,0.0,0.0,0.0,0.0,0.0,0.0,0.0,0.0,0.0,0.0,0.0,0.0,0.0,0.0,0.0,0.0,0.0,0.0,0.0,0.0,0.0,0.0,0.0,0.0,0.0,0.0
2017-05-30 02:12:00+02:00,0.0,0.0,0.0,0.0,0.0,0.0,0.0,0.0,0.0,0.0,0.0,0.0,0.0,0.0,0.0,0.0,0.0,0.0,0.0,0.0,0.0,0.0,0.0,0.0,0.0,0.0,0.0,0.0,0.0,0.0,0.0,0.0,0.0,0.0,0.0,0.0,0.0,0.0,0.0,0.0,0.0,0.0,0.0,0.0,0.0,0.0,0.0,0.0,0.0,0.0,0.0,0.0,0.0,0.0,0.0,0.0,0.0,0.0,0.0,0.0,0.0,0.0,0.0,0.0,0.0,0.0,0.0,0.0,0.0,0.0,0.0,0.0,0.0,0.0,0.0,0.0,0.0,0.0,0.0,0.0,0.0,0.0,0.0,0.0,0.0,0.0,0.0,0.0,0.0,0.0,0.0,0.0,0.0,0.0,0.0,0.0,0.0,0.0,0.0,0.0,0.0,0.0,0.0,0.0,0.0,0.0,0.0,0.0,0.0,0.0,0.0,0.0,0.0,0.0,0.0,0.0,0.0,0.0
2017-05-30 02:13:00+02:00,0.0,0.0,0.0,0.0,0.0,0.0,0.0,0.0,0.0,0.0,0.0,0.0,0.0,0.0,0.0,0.0,0.0,0.0,0.0,0.0,0.0,0.0,0.0,0.0,0.0,0.0,0.0,0.0,0.0,0.0,0.0,0.0,0.0,0.0,0.0,0.0,0.0,0.0,0.0,0.0,0.0,0.0,0.0,0.0,0.0,0.0,0.0,0.0,0.0,0.0,0.0,0.0,0.0,0.0,0.0,0.0,0.0,0.0,0.0,0.0,0.0,0.0,0.0,0.0,0.0,0.0,0.0,0.0,0.0,0.0,0.0,0.0,0.0,0.0,0.0,0.0,0.0,0.0,0.0,0.0,0.0,0.0,0.0,0.0,0.0,0.0,0.0,0.0,0.0,0.0,0.0,0.0,0.0,0.0,0.0,0.0,0.0,0.0,0.0,0.0,0.0,0.0,0.0,0.0,0.0,0.0,0.0,0.0,0.0,0.0,0.0,0.0,0.0,0.0,0.0,0.0,0.0,0.0
2017-05-30 02:14:00+02:00,0.0,0.0,0.0,0.0,0.0,0.0,0.0,0.0,0.0,0.0,0.0,0.0,0.0,0.0,0.0,0.0,0.0,0.0,0.0,0.0,0.0,0.0,0.0,0.0,0.0,0.0,0.0,0.0,0.0,0.0,0.0,0.0,0.0,0.0,0.0,0.0,0.0,0.0,0.0,0.0,0.0,0.0,0.0,0.0,0.0,0.0,0.0,0.0,0.0,0.0,0.0,0.0,0.0,0.0,0.0,0.0,0.0,0.0,0.0,0.0,0.0,0.0,0.0,0.0,0.0,0.0,0.0,0.0,0.0,0.0,0.0,0.0,0.0,0.0,0.0,0.0,0.0,0.0,0.0,0.0,0.0,0.0,0.0,0.0,0.0,0.0,0.0,0.0,0.0,0.0,0.0,0.0,0.0,0.0,0.0,0.0,0.0,0.0,0.0,0.0,0.0,0.0,0.0,0.0,0.0,0.0,0.0,0.0,0.0,0.0,0.0,0.0,0.0,0.0,0.0,0.0,0.0,0.0
2017-05-30 02:15:00+02:00,0.0,0.0,0.0,0.0,0.0,0.0,0.0,0.0,0.0,0.0,0.0,0.0,0.0,0.0,0.0,0.0,0.0,0.0,0.0,0.0,0.0,0.0,0.0,0.0,0.0,0.0,0.0,0.0,0.0,0.0,0.0,0.0,0.0,0.0,0.0,0.0,0.0,0.0,0.0,0.0,0.0,0.0,0.0,0.0,0.0,0.0,0.0,0.0,0.0,0.0,0.0,0.0,0.0,0.0,0.0,0.0,0.0,0.0,0.0,0.0,0.0,0.0,0.0,0.0,0.0,0.0,0.0,0.0,0.0,0.0,0.0,0.0,0.0,0.0,0.0,0.0,0.0,0.0,0.0,0.0,0.0,0.0,0.0,0.0,0.0,0.0,0.0,0.0,0.0,0.0,0.0,0.0,0.0,0.0,0.0,0.0,0.0,0.0,0.0,0.0,0.0,0.0,0.0,0.0,0.0,0.0,0.0,0.0,0.0,0.0,0.0,0.0,0.0,0.0,0.0,0.0,0.0,0.0
2017-05-30 02:16:00+02:00,0.0,0.0,0.0,0.0,0.0,0.0,0.0,0.0,0.0,0.0,0.0,0.0,0.0,0.0,0.0,0.0,0.0,0.0,0.0,0.0,0.0,0.0,0.0,0.0,0.0,0.0,0.0,0.0,0.0,0.0,0.0,0.0,0.0,0.0,0.0,0.0,0.0,0.0,0.0,0.0,0.0,0.0,0.0,0.0,0.0,0.0,0.0,0.0,0.0,0.0,0.0,0.0,0.0,0.0,0.0,0.0,0.0,0.0,0.0,0.0,0.0,0.0,0.0,0.0,0.0,0.0,0.0,0.0,0.0,0.0,0.0,0.0,0.0,0.0,0.0,0.0,0.0,0.0,0.0,0.0,0.0,0.0,0.0,0.0,0.0,0.0,0.0,0.0,0.0,0.0,0.0,0.0,0.0,0.0,0.0,0.0,0.0,0.0,0.0,0.0,0.0,0.0,0.0,0.0,0.0,0.0,0.0,0.0,0.0,0.0,0.0,0.0,0.0,0.0,0.0,0.0,0.0,0.0
2017-05-30 02:17:00+02:00,0.0,0.0,0.0,0.0,0.0,0.0,0.0,0.0,0.0,0.0,0.0,0.0,0.0,0.0,0.0,0.0,0.0,0.0,0.0,0.0,0.0,0.0,0.0,0.0,0.0,0.0,0.0,0.0,0.0,0.0,0.0,0.0,0.0,0.0,0.0,0.0,0.0,0.0,0.0,0.0,0.0,0.0,0.0,0.0,0.0,0.0,0.0,0.0,0.0,0.0,0.0,0.0,0.0,0.0,0.0,0.0,0.0,0.0,0.0,0.0,0.0,0.0,0.0,0.0,0.0,0.0,0.0,0.0,0.0,0.0,0.0,0.0,0.0,0.0,0.0,0.0,0.0,0.0,0.0,0.0,0.0,0.0,0.0,0.0,0.0,0.0,0.0,0.0,0.0,0.0,0.0,0.0,0.0,0.0,0.0,0.0,0.0,0.0,0.0,0.0,0.0,0.0,0.0,0.0,0.0,0.0,0.0,0.0,0.0,0.0,0.0,0.0,0.0,0.0,0.0,0.0,0.0,0.0
2017-05-30 02:18:00+02:00,0.0,0.0,0.0,0.0,0.0,0.0,0.0,0.0,0.0,0.0,0.0,0.0,0.0,0.0,0.0,0.0,0.0,0.0,0.0,0.0,0.0,0.0,0.0,0.0,0.0,0.0,0.0,0.0,0.0,0.0,0.0,0.0,0.0,0.0,0.0,0.0,0.0,0.0,0.0,0.0,0.0,0.0,0.0,0.0,0.0,0.0,0.0,0.0,0.0,0.0,0.0,0.0,0.0,0.0,0.0,0.0,0.0,0.0,0.0,0.0,0.0,0.0,0.0,0.0,0.0,0.0,0.0,0.0,0.0,0.0,0.0,0.0,0.0,0.0,0.0,0.0,0.0,0.0,0.0,0.0,0.0,0.0,0.0,0.0,0.0,0.0,0.0,0.0,0.0,0.0,0.0,0.0,0.0,0.0,0.0,0.0,0.0,0.0,0.0,0.0,0.0,0.0,0.0,0.0,0.0,0.0,0.0,0.0,0.0,0.0,0.0,0.0,0.0,0.0,0.0,0.0,0.0,0.0
2017-05-30 02:19:00+02:00,0.0,0.0,0.0,0.0,0.0,0.0,0.0,0.0,0.0,0.0,0.0,0.0,0.0,0.0,0.0,0.0,0.0,0.0,0.0,0.0,0.0,0.0,0.0,0.0,0.0,0.0,0.0,0.0,0.0,0.0,0.0,0.0,0.0,0.0,0.0,0.0,0.0,0.0,0.0,0.0,0.0,0.0,0.0,0.0,0.0,0.0,0.0,0.0,0.0,0.0,0.0,0.0,0.0,0.0,0.0,0.0,0.0,0.0,0.0,0.0,0.0,0.0,0.0,0.0,0.0,0.0,0.0,0.0,0.0,0.0,0.0,0.0,0.0,0.0,0.0,0.0,0.0,0.0,0.0,0.0,0.0,0.0,0.0,0.0,0.0,0.0,0.0,0.0,0.0,0.0,0.0,0.0,0.0,0.0,0.0,0.0,0.0,0.0,0.0,0.0,0.0,0.0,0.0,0.0,0.0,0.0,0.0,0.0,0.0,0.0,0.0,0.0,0.0,0.0,0.0,0.0,0.0,0.0
2017-05-30 02:20:00+02:00,0.0,0.0,0.0,0.0,0.0,0.0,0.0,0.0,0.0,0.0,0.0,0.0,0.0,0.0,0.0,0.0,0.0,0.0,0.0,0.0,0.0,0.0,0.0,0.0,0.0,0.0,0.0,0.0,0.0,0.0,0.0,0.0,0.0,0.0,0.0,0.0,0.0,0.0,0.0,0.0,0.0,0.0,0.0,0.0,0.0,0.0,0.0,0.0,0.0,0.0,0.0,0.0,0.0,0.0,0.0,0.0,0.0,0.0,0.0,0.0,0.0,0.0,0.0,0.0,0.0,0.0,0.0,0.0,0.0,0.0,0.0,0.0,0.0,0.0,0.0,0.0,0.0,0.0,0.0,0.0,0.0,0.0,0.0,0.0,0.0,0.0,0.0,0.0,0.0,0.0,0.0,0.0,0.0,0.0,0.0,0.0,0.0,0.0,0.0,0.0,0.0,0.0,0.0,0.0,0.0,0.0,0.0,0.0,0.0,0.0,0.0,0.0,0.0,0.0,0.0,0.0,0.0,0.0
2017-05-30 02:21:00+02:00,0.0,0.0,0.0,0.0,0.0,0.0,0.0,0.0,0.0,0.0,0.0,0.0,0.0,0.0,0.0,0.0,0.0,0.0,0.0,0.0,0.0,0.0,0.0,0.0,0.0,0.0,0.0,0.0,0.0,0.0,0.0,0.0,0.0,0.0,0.0,0.0,0.0,0.0,0.0,0.0,0.0,0.0,0.0,0.0,0.0,0.0,0.0,0.0,0.0,0.0,0.0,0.0,0.0,0.0,0.0,0.0,0.0,0.0,0.0,0.0,0.0,0.0,0.0,0.0,0.0,0.0,0.0,0.0,0.0,0.0,0.0,0.0,0.0,0.0,0.0,0.0,0.0,0.0,0.0,0.0,0.0,0.0,0.0,0.0,0.0,0.0,0.0,0.0,0.0,0.0,0.0,0.0,0.0,0.0,0.0,0.0,0.0,0.0,0.0,0.0,0.0,0.0,0.0,0.0,0.0,0.0,0.0,0.0,0.0,0.0,0.0,0.0,0.0,0.0,0.0,0.0,0.0,0.0
2017-05-30 02:22:00+02:00,0.0,0.0,0.0,0.0,0.0,0.0,0.0,0.0,0.0,0.0,0.0,0.0,0.0,0.0,0.0,0.0,0.0,0.0,0.0,0.0,0.0,0.0,0.0,0.0,0.0,0.0,0.0,0.0,0.0,0.0,0.0,0.0,0.0,0.0,0.0,0.0,0.0,0.0,0.0,0.0,0.0,0.0,0.0,0.0,0.0,0.0,0.0,0.0,0.0,0.0,0.0,0.0,0.0,0.0,0.0,0.0,0.0,0.0,0.0,0.0,0.0,0.0,0.0,0.0,0.0,0.0,0.0,0.0,0.0,0.0,0.0,0.0,0.0,0.0,0.0,0.0,0.0,0.0,0.0,0.0,0.0,0.0,0.0,0.0,0.0,0.0,0.0,0.0,0.0,0.0,0.0,0.0,0.0,0.0,0.0,0.0,0.0,0.0,0.0,0.0,0.0,0.0,0.0,0.0,0.0,0.0,0.0,0.0,0.0,0.0,0.0,0.0,0.0,0.0,0.0,0.0,0.0,0.0
2017-05-30 02:23:00+02:00,0.0,0.0,0.0,0.0,0.0,0.0,0.0,0.0,0.0,0.0,0.0,0.0,0.0,0.0,0.0,0.0,0.0,0.0,0.0,0.0,0.0,0.0,0.0,0.0,0.0,0.0,0.0,0.0,0.0,0.0,0.0,0.0,0.0,0.0,0.0,0.0,0.0,0.0,0.0,0.0,0.0,0.0,0.0,0.0,0.0,0.0,0.0,0.0,0.0,0.0,0.0,0.0,0.0,0.0,0.0,0.0,0.0,0.0,0.0,0.0,0.0,0.0,0.0,0.0,0.0,0.0,0.0,0.0,0.0,0.0,0.0,0.0,0.0,0.0,0.0,0.0,0.0,0.0,0.0,0.0,0.0,0.0,0.0,0.0,0.0,0.0,0.0,0.0,0.0,0.0,0.0,0.0,0.0,0.0,0.0,0.0,0.0,0.0,0.0,0.0,0.0,0.0,0.0,0.0,0.0,0.0,0.0,0.0,0.0,0.0,0.0,0.0,0.0,0.0,0.0,0.0,0.0,0.0
2017-05-30 02:24:00+02:00,0.0,0.0,0.0,0.0,0.0,0.0,0.0,0.0,0.0,0.0,0.0,0.0,0.0,0.0,0.0,0.0,0.0,0.0,0.0,0.0,0.0,0.0,0.0,0.0,0.0,0.0,0.0,0.0,0.0,0.0,0.0,0.0,0.0,0.0,0.0,0.0,0.0,0.0,0.0,0.0,0.0,0.0,0.0,0.0,0.0,0.0,0.0,0.0,0.0,0.0,0.0,0.0,0.0,0.0,0.0,0.0,0.0,0.0,0.0,0.0,0.0,0.0,0.0,0.0,0.0,0.0,0.0,0.0,0.0,0.0,0.0,0.0,0.0,0.0,0.0,0.0,0.0,0.0,0.0,0.0,0.0,0.0,0.0,0.0,0.0,0.0,0.0,0.0,0.0,0.0,0.0,0.0,0.0,0.0,0.0,0.0,0.0,0.0,0.0,0.0,0.0,0.0,0.0,0.0,0.0,0.0,0.0,0.0,0.0,0.0,0.0,0.0,0.0,0.0,0.0,0.0,0.0,0.0
2017-05-30 02:25:00+02:00,0.0,0.0,0.0,0.0,0.0,0.0,0.0,0.0,0.0,0.0,0.0,0.0,0.0,0.0,0.0,0.0,0.0,0.0,0.0,0.0,0.0,0.0,0.0,0.0,0.0,0.0,0.0,0.0,0.0,0.0,0.0,0.0,0.0,0.0,0.0,0.0,0.0,0.0,0.0,0.0,0.0,0.0,0.0,0.0,0.0,0.0,0.0,0.0,0.0,0.0,0.0,0.0,0.0,0.0,0.0,0.0,0.0,0.0,0.0,0.0,0.0,0.0,0.0,0.0,0.0,0.0,0.0,0.0,0.0,0.0,0.0,0.0,0.0,0.0,0.0,0.0,0.0,0.0,0.0,0.0,0.0,0.0,0.0,0.0,0.0,0.0,0.0,0.0,0.0,0.0,0.0,0.0,0.0,0.0,0.0,0.0,0.0,0.0,0.0,0.0,0.0,0.0,0.0,0.0,0.0,0.0,0.0,0.0,0.0,0.0,0.0,0.0,0.0,0.0,0.0,0.0,0.0,0.0
2017-05-30 02:26:00+02:00,0.0,0.0,0.0,0.0,0.0,0.0,0.0,0.0,0.0,0.0,0.0,0.0,0.0,0.0,0.0,0.0,0.0,0.0,0.0,0.0,0.0,0.0,0.0,0.0,0.0,0.0,0.0,0.0,0.0,0.0,0.0,0.0,0.0,0.0,0.0,0.0,0.0,0.0,0.0,0.0,0.0,0.0,0.0,0.0,0.0,0.0,0.0,0.0,0.0,0.0,0.0,0.0,0.0,0.0,0.0,0.0,0.0,0.0,0.0,0.0,0.0,0.0,0.0,0.0,0.0,0.0,0.0,0.0,0.0,0.0,0.0,0.0,0.0,0.0,0.0,0.0,0.0,0.0,0.0,0.0,0.0,0.0,0.0,0.0,0.0,0.0,0.0,0.0,0.0,0.0,0.0,0.0,0.0,0.0,0.0,0.0,0.0,0.0,0.0,0.0,0.0,0.0,0.0,0.0,0.0,0.0,0.0,0.0,0.0,0.0,0.0,0.0,0.0,0.0,0.0,0.0,0.0,0.0
2017-05-30 02:27:00+02:00,0.0,0.0,0.0,0.0,0.0,0.0,0.0,0.0,0.0,0.0,0.0,0.0,0.0,0.0,0.0,0.0,0.0,0.0,0.0,0.0,0.0,0.0,0.0,0.0,0.0,0.0,0.0,0.0,0.0,0.0,0.0,0.0,0.0,0.0,0.0,0.0,0.0,0.0,0.0,0.0,0.0,0.0,0.0,0.0,0.0,0.0,0.0,0.0,0.0,0.0,0.0,0.0,0.0,0.0,0.0,0.0,0.0,0.0,0.0,0.0,0.0,0.0,0.0,0.0,0.0,0.0,0.0,0.0,0.0,0.0,0.0,0.0,0.0,0.0,0.0,0.0,0.0,0.0,0.0,0.0,0.0,0.0,0.0,0.0,0.0,0.0,0.0,0.0,0.0,0.0,0.0,0.0,0.0,0.0,0.0,0.0,0.0,0.0,0.0,0.0,0.0,0.0,0.0,0.0,0.0,0.0,0.0,0.0,0.0,0.0,0.0,0.0,0.0,0.0,0.0,0.0,0.0,0.0
2017-05-30 02:28:00+02:00,0.0,0.0,0.0,0.0,0.0,0.0,0.0,0.0,0.0,0.0,0.0,0.0,0.0,0.0,0.0,0.0,0.0,0.0,0.0,0.0,0.0,0.0,0.0,0.0,0.0,0.0,0.0,0.0,0.0,0.0,0.0,0.0,0.0,0.0,0.0,0.0,0.0,0.0,0.0,0.0,0.0,0.0,0.0,0.0,0.0,0.0,0.0,0.0,0.0,0.0,0.0,0.0,0.0,0.0,0.0,0.0,0.0,0.0,0.0,0.0,0.0,0.0,0.0,0.0,0.0,0.0,0.0,0.0,0.0,0.0,0.0,0.0,0.0,0.0,0.0,0.0,0.0,0.0,0.0,0.0,0.0,0.0,0.0,0.0,0.0,0.0,0.0,0.0,0.0,0.0,0.0,0.0,0.0,0.0,0.0,0.0,0.0,0.0,0.0,0.0,0.0,0.0,0.0,0.0,0.0,0.0,0.0,0.0,0.0,0.0,0.0,0.0,0.0,0.0,0.0,0.0,0.0,0.0
2017-05-30 02:29:00+02:00,0.0,0.0,0.0,0.0,0.0,0.0,0.0,0.0,0.0,0.0,0.0,0.0,0.0,0.0,0.0,0.0,0.0,0.0,0.0,0.0,0.0,0.0,0.0,0.0,0.0,0.0,0.0,0.0,0.0,0.0,0.0,0.0,0.0,0.0,0.0,0.0,0.0,0.0,0.0,0.0,0.0,0.0,0.0,0.0,0.0,0.0,0.0,0.0,0.0,0.0,0.0,0.0,0.0,0.0,0.0,0.0,0.0,0.0,0.0,0.0,0.0,0.0,0.0,0.0,0.0,0.0,0.0,0.0,0.0,0.0,0.0,0.0,0.0,0.0,0.0,0.0,0.0,0.0,0.0,0.0,0.0,0.0,0.0,0.0,0.0,0.0,0.0,0.0,0.0,0.0,0.0,0.0,0.0,0.0,0.0,0.0,0.0,0.0,0.0,0.0,0.0,0.0,0.0,0.0,0.0,0.0,0.0,0.0,0.0,0.0,0.0,0.0,0.0,0.0,0.0,0.0,0.0,0.0
2017-05-30 02:30:00+02:00,0.0,0.0,0.0,0.0,0.0,0.0,0.0,0.0,0.0,0.0,0.0,0.0,0.0,0.0,0.0,0.0,0.0,0.0,0.0,0.0,0.0,0.0,0.0,0.0,0.0,0.0,0.0,0.0,0.0,0.0,0.0,0.0,0.0,0.0,0.0,0.0,0.0,0.0,0.0,0.0,0.0,0.0,0.0,0.0,0.0,0.0,0.0,0.0,0.0,0.0,0.0,0.0,0.0,0.0,0.0,0.0,0.0,0.0,0.0,0.0,0.0,0.0,0.0,0.0,0.0,0.0,0.0,0.0,0.0,0.0,0.0,0.0,0.0,0.0,0.0,0.0,0.0,0.0,0.0,0.0,0.0,0.0,0.0,0.0,0.0,0.0,0.0,0.0,0.0,0.0,0.0,0.0,0.0,0.0,0.0,0.0,0.0,0.0,0.0,0.0,0.0,0.0,0.0,0.0,0.0,0.0,0.0,0.0,0.0,0.0,0.0,0.0,0.0,0.0,0.0,0.0,0.0,0.0
2017-05-30 02:31:00+02:00,0.0,0.0,0.0,0.0,0.0,0.0,0.0,0.0,0.0,0.0,0.0,0.0,0.0,0.0,0.0,0.0,0.0,0.0,0.0,0.0,0.0,0.0,0.0,0.0,0.0,0.0,0.0,0.0,0.0,0.0,0.0,0.0,0.0,0.0,0.0,0.0,0.0,0.0,0.0,0.0,0.0,0.0,0.0,0.0,0.0,0.0,0.0,0.0,0.0,0.0,0.0,0.0,0.0,0.0,0.0,0.0,0.0,0.0,0.0,0.0,0.0,0.0,0.0,0.0,0.0,0.0,0.0,0.0,0.0,0.0,0.0,0.0,0.0,0.0,0.0,0.0,0.0,0.0,0.0,0.0,0.0,0.0,0.0,0.0,0.0,0.0,0.0,0.0,0.0,0.0,0.0,0.0,0.0,0.0,0.0,0.0,0.0,0.0,0.0,0.0,0.0,0.0,0.0,0.0,0.0,0.0,0.0,0.0,0.0,0.0,0.0,0.0,0.0,0.0,0.0,0.0,0.0,0.0
2017-05-30 02:32:00+02:00,0.0,0.0,0.0,0.0,0.0,0.0,0.0,0.0,0.0,0.0,0.0,0.0,0.0,0.0,0.0,0.0,0.0,0.0,0.0,0.0,0.0,0.0,0.0,0.0,0.0,0.0,0.0,0.0,0.0,0.0,0.0,0.0,0.0,0.0,0.0,0.0,0.0,0.0,0.0,0.0,0.0,0.0,0.0,0.0,0.0,0.0,0.0,0.0,0.0,0.0,0.0,0.0,0.0,0.0,0.0,0.0,0.0,0.0,0.0,0.0,0.0,0.0,0.0,0.0,0.0,0.0,0.0,0.0,0.0,0.0,0.0,0.0,0.0,0.0,0.0,0.0,0.0,0.0,0.0,0.0,0.0,0.0,0.0,0.0,0.0,0.0,0.0,0.0,0.0,0.0,0.0,0.0,0.0,0.0,0.0,0.0,0.0,0.0,0.0,0.0,0.0,0.0,0.0,0.0,0.0,0.0,0.0,0.0,0.0,0.0,0.0,0.0,0.0,0.0,0.0,0.0,0.0,0.0
2017-05-30 02:33:00+02:00,0.0,0.0,0.0,0.0,0.0,0.0,0.0,0.0,0.0,0.0,0.0,0.0,0.0,0.0,0.0,0.0,0.0,0.0,0.0,0.0,0.0,0.0,0.0,0.0,0.0,0.0,0.0,0.0,0.0,0.0,0.0,0.0,0.0,0.0,0.0,0.0,0.0,0.0,0.0,0.0,0.0,0.0,0.0,0.0,0.0,0.0,0.0,0.0,0.0,0.0,0.0,0.0,0.0,0.0,0.0,0.0,0.0,0.0,0.0,0.0,0.0,0.0,0.0,0.0,0.0,0.0,0.0,0.0,0.0,0.0,0.0,0.0,0.0,0.0,0.0,0.0,0.0,0.0,0.0,0.0,0.0,0.0,0.0,0.0,0.0,0.0,0.0,0.0,0.0,0.0,0.0,0.0,0.0,0.0,0.0,0.0,0.0,0.0,0.0,0.0,0.0,0.0,0.0,0.0,0.0,0.0,0.0,0.0,0.0,0.0,0.0,0.0,0.0,0.0,0.0,0.0,0.0,0.0
2017-05-30 02:34:00+02:00,0.0,0.0,0.0,0.0,0.0,0.0,0.0,0.0,0.0,0.0,0.0,0.0,0.0,0.0,0.0,0.0,0.0,0.0,0.0,0.0,0.0,0.0,0.0,0.0,0.0,0.0,0.0,0.0,0.0,0.0,0.0,0.0,0.0,0.0,0.0,0.0,0.0,0.0,0.0,0.0,0.0,0.0,0.0,0.0,0.0,0.0,0.0,0.0,0.0,0.0,0.0,0.0,0.0,0.0,0.0,0.0,0.0,0.0,0.0,0.0,0.0,0.0,0.0,0.0,0.0,0.0,0.0,0.0,0.0,0.0,0.0,0.0,0.0,0.0,0.0,0.0,0.0,0.0,0.0,0.0,0.0,0.0,0.0,0.0,0.0,0.0,0.0,0.0,0.0,0.0,0.0,0.0,0.0,0.0,0.0,0.0,0.0,0.0,0.0,0.0,0.0,0.0,0.0,0.0,0.0,0.0,0.0,0.0,0.0,0.0,0.0,0.0,0.0,0.0,0.0,0.0,0.0,0.0
2017-05-30 02:35:00+02:00,0.0,0.0,0.0,0.0,0.0,0.0,0.0,0.0,0.0,0.0,0.0,0.0,0.0,0.0,0.0,0.0,0.0,0.0,0.0,0.0,0.0,0.0,0.0,0.0,0.0,0.0,0.0,0.0,0.0,0.0,0.0,0.0,0.0,0.0,0.0,0.0,0.0,0.0,0.0,0.0,0.0,0.0,0.0,0.0,0.0,0.0,0.0,0.0,0.0,0.0,0.0,0.0,0.0,0.0,0.0,0.0,0.0,0.0,0.0,0.0,0.0,0.0,0.0,0.0,0.0,0.0,0.0,0.0,0.0,0.0,0.0,0.0,0.0,0.0,0.0,0.0,0.0,0.0,0.0,0.0,0.0,0.0,0.0,0.0,0.0,0.0,0.0,0.0,0.0,0.0,0.0,0.0,0.0,0.0,0.0,0.0,0.0,0.0,0.0,0.0,0.0,0.0,0.0,0.0,0.0,0.0,0.0,0.0,0.0,0.0,0.0,0.0,0.0,0.0,0.0,0.0,0.0,0.0
2017-05-30 02:36:00+02:00,0.0,0.0,0.0,0.0,0.0,0.0,0.0,0.0,0.0,0.0,0.0,0.0,0.0,0.0,0.0,0.0,0.0,0.0,0.0,0.0,0.0,0.0,0.0,0.0,0.0,0.0,0.0,0.0,0.0,0.0,0.0,0.0,0.0,0.0,0.0,0.0,0.0,0.0,0.0,0.0,0.0,0.0,0.0,0.0,0.0,0.0,0.0,0.0,0.0,0.0,0.0,0.0,0.0,0.0,0.0,0.0,0.0,0.0,0.0,0.0,0.0,0.0,0.0,0.0,0.0,0.0,0.0,0.0,0.0,0.0,0.0,0.0,0.0,0.0,0.0,0.0,0.0,0.0,0.0,0.0,0.0,0.0,0.0,0.0,0.0,0.0,0.0,0.0,0.0,0.0,0.0,0.0,0.0,0.0,0.0,0.0,0.0,0.0,0.0,0.0,0.0,0.0,0.0,0.0,0.0,0.0,0.0,0.0,0.0,0.0,0.0,0.0,0.0,0.0,0.0,0.0,0.0,0.0
2017-05-30 02:37:00+02:00,0.0,0.0,0.0,0.0,0.0,0.0,0.0,0.0,0.0,0.0,0.0,0.0,0.0,0.0,0.0,0.0,0.0,0.0,0.0,0.0,0.0,0.0,0.0,0.0,0.0,0.0,0.0,0.0,0.0,0.0,0.0,0.0,0.0,0.0,0.0,0.0,0.0,0.0,0.0,0.0,0.0,0.0,0.0,0.0,0.0,0.0,0.0,0.0,0.0,0.0,0.0,0.0,0.0,0.0,0.0,0.0,0.0,0.0,0.0,0.0,0.0,0.0,0.0,0.0,0.0,0.0,0.0,0.0,0.0,0.0,0.0,0.0,0.0,0.0,0.0,0.0,0.0,0.0,0.0,0.0,0.0,0.0,0.0,0.0,0.0,0.0,0.0,0.0,0.0,0.0,0.0,0.0,0.0,0.0,0.0,0.0,0.0,0.0,0.0,0.0,0.0,0.0,0.0,0.0,0.0,0.0,0.0,0.0,0.0,0.0,0.0,0.0,0.0,0.0,0.0,0.0,0.0,0.0
2017-05-30 02:38:00+02:00,0.0,0.0,0.0,0.0,0.0,0.0,0.0,0.0,0.0,0.0,0.0,0.0,0.0,0.0,0.0,0.0,0.0,0.0,0.0,0.0,0.0,0.0,0.0,0.0,0.0,0.0,0.0,0.0,0.0,0.0,0.0,0.0,0.0,0.0,0.0,0.0,0.0,0.0,0.0,0.0,0.0,0.0,0.0,0.0,0.0,0.0,0.0,0.0,0.0,0.0,0.0,0.0,0.0,0.0,0.0,0.0,0.0,0.0,0.0,0.0,0.0,0.0,0.0,0.0,0.0,0.0,0.0,0.0,0.0,0.0,0.0,0.0,0.0,0.0,0.0,0.0,0.0,0.0,0.0,0.0,0.0,0.0,0.0,0.0,0.0,0.0,0.0,0.0,0.0,0.0,0.0,0.0,0.0,0.0,0.0,0.0,0.0,0.0,0.0,0.0,0.0,0.0,0.0,0.0,0.0,0.0,0.0,0.0,0.0,0.0,0.0,0.0,0.0,0.0,0.0,0.0,0.0,0.0
2017-05-30 02:39:00+02:00,0.0,0.0,0.0,0.0,0.0,0.0,0.0,0.0,0.0,0.0,0.0,0.0,0.0,0.0,0.0,0.0,0.0,0.0,0.0,0.0,0.0,0.0,0.0,0.0,0.0,0.0,0.0,0.0,0.0,0.0,0.0,0.0,0.0,0.0,0.0,0.0,0.0,0.0,0.0,0.0,0.0,0.0,0.0,0.0,0.0,0.0,0.0,0.0,0.0,0.0,0.0,0.0,0.0,0.0,0.0,0.0,0.0,0.0,0.0,0.0,0.0,0.0,0.0,0.0,0.0,0.0,0.0,0.0,0.0,0.0,0.0,0.0,0.0,0.0,0.0,0.0,0.0,0.0,0.0,0.0,0.0,0.0,0.0,0.0,0.0,0.0,0.0,0.0,0.0,0.0,0.0,0.0,0.0,0.0,0.0,0.0,0.0,0.0,0.0,0.0,0.0,0.0,0.0,0.0,0.0,0.0,0.0,0.0,0.0,0.0,0.0,0.0,0.0,0.0,0.0,0.0,0.0,0.0
2017-05-30 02:40:00+02:00,0.0,0.0,0.0,0.0,0.0,0.0,0.0,0.0,0.0,0.0,0.0,0.0,0.0,0.0,0.0,0.0,0.0,0.0,0.0,0.0,0.0,0.0,0.0,0.0,0.0,0.0,0.0,0.0,0.0,0.0,0.0,0.0,0.0,0.0,0.0,0.0,0.0,0.0,0.0,0.0,0.0,0.0,0.0,0.0,0.0,0.0,0.0,0.0,0.0,0.0,0.0,0.0,0.0,0.0,0.0,0.0,0.0,0.0,0.0,0.0,0.0,0.0,0.0,0.0,0.0,0.0,0.0,0.0,0.0,0.0,0.0,0.0,0.0,0.0,0.0,0.0,0.0,0.0,0.0,0.0,0.0,0.0,0.0,0.0,0.0,0.0,0.0,0.0,0.0,0.0,0.0,0.0,0.0,0.0,0.0,0.0,0.0,0.0,0.0,0.0,0.0,0.0,0.0,0.0,0.0,0.0,0.0,0.0,0.0,0.0,0.0,0.0,0.0,0.0,0.0,0.0,0.0,0.0
2017-05-30 02:41:00+02:00,0.0,0.0,0.0,0.0,0.0,0.0,0.0,0.0,0.0,0.0,0.0,0.0,0.0,0.0,0.0,0.0,0.0,0.0,0.0,0.0,0.0,0.0,0.0,0.0,0.0,0.0,0.0,0.0,0.0,0.0,0.0,0.0,0.0,0.0,0.0,0.0,0.0,0.0,0.0,0.0,0.0,0.0,0.0,0.0,0.0,0.0,0.0,0.0,0.0,0.0,0.0,0.0,0.0,0.0,0.0,0.0,0.0,0.0,0.0,0.0,0.0,0.0,0.0,0.0,0.0,0.0,0.0,0.0,0.0,0.0,0.0,0.0,0.0,0.0,0.0,0.0,0.0,0.0,0.0,0.0,0.0,0.0,0.0,0.0,0.0,0.0,0.0,0.0,0.0,0.0,0.0,0.0,0.0,0.0,0.0,0.0,0.0,0.0,0.0,0.0,0.0,0.0,0.0,0.0,0.0,0.0,0.0,0.0,0.0,0.0,0.0,0.0,0.0,0.0,0.0,0.0,0.0,0.0
2017-05-30 02:42:00+02:00,0.0,0.0,0.0,0.0,0.0,0.0,0.0,0.0,0.0,0.0,0.0,0.0,0.0,0.0,0.0,0.0,0.0,0.0,0.0,0.0,0.0,0.0,0.0,0.0,0.0,0.0,0.0,0.0,0.0,0.0,0.0,0.0,0.0,0.0,0.0,0.0,0.0,0.0,0.0,0.0,0.0,0.0,0.0,0.0,0.0,0.0,0.0,0.0,0.0,0.0,0.0,0.0,0.0,0.0,0.0,0.0,0.0,0.0,0.0,0.0,0.0,0.0,0.0,0.0,0.0,0.0,0.0,0.0,0.0,0.0,0.0,0.0,0.0,0.0,0.0,0.0,0.0,0.0,0.0,0.0,0.0,0.0,0.0,0.0,0.0,0.0,0.0,0.0,0.0,0.0,0.0,0.0,0.0,0.0,0.0,0.0,0.0,0.0,0.0,0.0,0.0,0.0,0.0,0.0,0.0,0.0,0.0,0.0,0.0,0.0,0.0,0.0,0.0,0.0,0.0,0.0,0.0,0.0
2017-05-30 02:43:00+02:00,0.0,0.0,0.0,0.0,0.0,0.0,0.0,0.0,0.0,0.0,0.0,0.0,0.0,0.0,0.0,0.0,0.0,0.0,0.0,0.0,0.0,0.0,0.0,0.0,0.0,0.0,0.0,0.0,0.0,0.0,0.0,0.0,0.0,0.0,0.0,0.0,0.0,0.0,0.0,0.0,0.0,0.0,0.0,0.0,0.0,0.0,0.0,0.0,0.0,0.0,0.0,0.0,0.0,0.0,0.0,0.0,0.0,0.0,0.0,0.0,0.0,0.0,0.0,0.0,0.0,0.0,0.0,0.0,0.0,0.0,0.0,0.0,0.0,0.0,0.0,0.0,0.0,0.0,0.0,0.0,0.0,0.0,0.0,0.0,0.0,0.0,0.0,0.0,0.0,0.0,0.0,0.0,0.0,0.0,0.0,0.0,0.0,0.0,0.0,0.0,0.0,0.0,0.0,0.0,0.0,0.0,0.0,0.0,0.0,0.0,0.0,0.0,0.0,0.0,0.0,0.0,0.0,0.0
2017-05-30 02:44:00+02:00,0.0,0.0,0.0,0.0,0.0,0.0,0.0,0.0,0.0,0.0,0.0,0.0,0.0,0.0,0.0,0.0,0.0,0.0,0.0,0.0,0.0,0.0,0.0,0.0,0.0,0.0,0.0,0.0,0.0,0.0,0.0,0.0,0.0,0.0,0.0,0.0,0.0,0.0,0.0,0.0,0.0,0.0,0.0,0.0,0.0,0.0,0.0,0.0,0.0,0.0,0.0,0.0,0.0,0.0,0.0,0.0,0.0,0.0,0.0,0.0,0.0,0.0,0.0,0.0,0.0,0.0,0.0,0.0,0.0,0.0,0.0,0.0,0.0,0.0,0.0,0.0,0.0,0.0,0.0,0.0,0.0,0.0,0.0,0.0,0.0,0.0,0.0,0.0,0.0,0.0,0.0,0.0,0.0,0.0,0.0,0.0,0.0,0.0,0.0,0.0,0.0,0.0,0.0,0.0,0.0,0.0,0.0,0.0,0.0,0.0,0.0,0.0,0.0,0.0,0.0,0.0,0.0,0.0
2017-05-30 02:45:00+02:00,0.0,0.0,0.0,0.0,0.0,0.0,0.0,0.0,0.0,0.0,0.0,0.0,0.0,0.0,0.0,0.0,0.0,0.0,0.0,0.0,0.0,0.0,0.0,0.0,0.0,0.0,0.0,0.0,0.0,0.0,0.0,0.0,0.0,0.0,0.0,0.0,0.0,0.0,0.0,0.0,0.0,0.0,0.0,0.0,0.0,0.0,0.0,0.0,0.0,0.0,0.0,0.0,0.0,0.0,0.0,0.0,0.0,0.0,0.0,0.0,0.0,0.0,0.0,0.0,0.0,0.0,0.0,0.0,0.0,0.0,0.0,0.0,0.0,0.0,0.0,0.0,0.0,0.0,0.0,0.0,0.0,0.0,0.0,0.0,0.0,0.0,0.0,0.0,0.0,0.0,0.0,0.0,0.0,0.0,0.0,0.0,0.0,0.0,0.0,0.0,0.0,0.0,0.0,0.0,0.0,0.0,0.0,0.0,0.0,0.0,0.0,0.0,0.0,0.0,0.0,0.0,0.0,0.0
2017-05-30 02:46:00+02:00,0.0,0.0,0.0,0.0,0.0,0.0,0.0,0.0,0.0,0.0,0.0,0.0,0.0,0.0,0.0,0.0,0.0,0.0,0.0,0.0,0.0,0.0,0.0,0.0,0.0,0.0,0.0,0.0,0.0,0.0,0.0,0.0,0.0,0.0,0.0,0.0,0.0,0.0,0.0,0.0,0.0,0.0,0.0,0.0,0.0,0.0,0.0,0.0,0.0,0.0,0.0,0.0,0.0,0.0,0.0,0.0,0.0,0.0,0.0,0.0,0.0,0.0,0.0,0.0,0.0,0.0,0.0,0.0,0.0,0.0,0.0,0.0,0.0,0.0,0.0,0.0,0.0,0.0,0.0,0.0,0.0,0.0,0.0,0.0,0.0,0.0,0.0,0.0,0.0,0.0,0.0,0.0,0.0,0.0,0.0,0.0,0.0,0.0,0.0,0.0,0.0,0.0,0.0,0.0,0.0,0.0,0.0,0.0,0.0,0.0,0.0,0.0,0.0,0.0,0.0,0.0,0.0,0.0
2017-05-30 02:47:00+02:00,0.0,0.0,0.0,0.0,0.0,0.0,0.0,0.0,0.0,0.0,0.0,0.0,0.0,0.0,0.0,0.0,0.0,0.0,0.0,0.0,0.0,0.0,0.0,0.0,0.0,0.0,0.0,0.0,0.0,0.0,0.0,0.0,0.0,0.0,0.0,0.0,0.0,0.0,0.0,0.0,0.0,0.0,0.0,0.0,0.0,0.0,0.0,0.0,0.0,0.0,0.0,0.0,0.0,0.0,0.0,0.0,0.0,0.0,0.0,0.0,0.0,0.0,0.0,0.0,0.0,0.0,0.0,0.0,0.0,0.0,0.0,0.0,0.0,0.0,0.0,0.0,0.0,0.0,0.0,0.0,0.0,0.0,0.0,0.0,0.0,0.0,0.0,0.0,0.0,0.0,0.0,0.0,0.0,0.0,0.0,0.0,0.0,0.0,0.0,0.0,0.0,0.0,0.0,0.0,0.0,0.0,0.0,0.0,0.0,0.0,0.0,0.0,0.0,0.0,0.0,0.0,0.0,0.0
2017-05-30 02:48:00+02:00,0.0,0.0,0.0,0.0,0.0,0.0,0.0,0.0,0.0,0.0,0.0,0.0,0.0,0.0,0.0,0.0,0.0,0.0,0.0,0.0,0.0,0.0,0.0,0.0,0.0,0.0,0.0,0.0,0.0,0.0,0.0,0.0,0.0,0.0,0.0,0.0,0.0,0.0,0.0,0.0,0.0,0.0,0.0,0.0,0.0,0.0,0.0,0.0,0.0,0.0,0.0,0.0,0.0,0.0,0.0,0.0,0.0,0.0,0.0,0.0,0.0,0.0,0.0,0.0,0.0,0.0,0.0,0.0,0.0,0.0,0.0,0.0,0.0,0.0,0.0,0.0,0.0,0.0,0.0,0.0,0.0,0.0,0.0,0.0,0.0,0.0,0.0,0.0,0.0,0.0,0.0,0.0,0.0,0.0,0.0,0.0,0.0,0.0,0.0,0.0,0.0,0.0,0.0,0.0,0.0,0.0,0.0,0.0,0.0,0.0,0.0,0.0,0.0,0.0,0.0,0.0,0.0,0.0
2017-05-30 02:49:00+02:00,0.0,0.0,0.0,0.0,0.0,0.0,0.0,0.0,0.0,0.0,0.0,0.0,0.0,0.0,0.0,0.0,0.0,0.0,0.0,0.0,0.0,0.0,0.0,0.0,0.0,0.0,0.0,0.0,0.0,0.0,0.0,0.0,0.0,0.0,0.0,0.0,0.0,0.0,0.0,0.0,0.0,0.0,0.0,0.0,0.0,0.0,0.0,0.0,0.0,0.0,0.0,0.0,0.0,0.0,0.0,0.0,0.0,0.0,0.0,0.0,0.0,0.0,0.0,0.0,0.0,0.0,0.0,0.0,0.0,0.0,0.0,0.0,0.0,0.0,0.0,0.0,0.0,0.0,0.0,0.0,0.0,0.0,0.0,0.0,0.0,0.0,0.0,0.0,0.0,0.0,0.0,0.0,0.0,0.0,0.0,0.0,0.0,0.0,0.0,0.0,0.0,0.0,0.0,0.0,0.0,0.0,0.0,0.0,0.0,0.0,0.0,0.0,0.0,0.0,0.0,0.0,0.0,0.0
2017-05-30 02:50:00+02:00,0.0,0.0,0.0,0.0,0.0,0.0,0.0,0.0,0.0,0.0,0.0,0.0,0.0,0.0,0.0,0.0,0.0,0.0,0.0,0.0,0.0,0.0,0.0,0.0,0.0,0.0,0.0,0.0,0.0,0.0,0.0,0.0,0.0,0.0,0.0,0.0,0.0,0.0,0.0,0.0,0.0,0.0,0.0,0.0,0.0,0.0,0.0,0.0,0.0,0.0,0.0,0.0,0.0,0.0,0.0,0.0,0.0,0.0,0.0,0.0,0.0,0.0,0.0,0.0,0.0,0.0,0.0,0.0,0.0,0.0,0.0,0.0,0.0,0.0,0.0,0.0,0.0,0.0,0.0,0.0,0.0,0.0,0.0,0.0,0.0,0.0,0.0,0.0,0.0,0.0,0.0,0.0,0.0,0.0,0.0,0.0,0.0,0.0,0.0,0.0,0.0,0.0,0.0,0.0,0.0,0.0,0.0,0.0,0.0,0.0,0.0,0.0,0.0,0.0,0.0,0.0,0.0,0.0
2017-05-30 02:51:00+02:00,0.0,0.0,0.0,0.0,0.0,0.0,0.0,0.0,0.0,0.0,0.0,0.0,0.0,0.0,0.0,0.0,0.0,0.0,0.0,0.0,0.0,0.0,0.0,0.0,0.0,0.0,0.0,0.0,0.0,0.0,0.0,0.0,0.0,0.0,0.0,0.0,0.0,0.0,0.0,0.0,0.0,0.0,0.0,0.0,0.0,0.0,0.0,0.0,0.0,0.0,0.0,0.0,0.0,0.0,0.0,0.0,0.0,0.0,0.0,0.0,0.0,0.0,0.0,0.0,0.0,0.0,0.0,0.0,0.0,0.0,0.0,0.0,0.0,0.0,0.0,0.0,0.0,0.0,0.0,0.0,0.0,0.0,0.0,0.0,0.0,0.0,0.0,0.0,0.0,0.0,0.0,0.0,0.0,0.0,0.0,0.0,0.0,0.0,0.0,0.0,0.0,0.0,0.0,0.0,0.0,0.0,0.0,0.0,0.0,0.0,0.0,0.0,0.0,0.0,0.0,0.0,0.0,0.0
2017-05-30 02:52:00+02:00,0.0,0.0,0.0,0.0,0.0,0.0,0.0,0.0,0.0,0.0,0.0,0.0,0.0,0.0,0.0,0.0,0.0,0.0,0.0,0.0,0.0,0.0,0.0,0.0,0.0,0.0,0.0,0.0,0.0,0.0,0.0,0.0,0.0,0.0,0.0,0.0,0.0,0.0,0.0,0.0,0.0,0.0,0.0,0.0,0.0,0.0,0.0,0.0,0.0,0.0,0.0,0.0,0.0,0.0,0.0,0.0,0.0,0.0,0.0,0.0,0.0,0.0,0.0,0.0,0.0,0.0,0.0,0.0,0.0,0.0,0.0,0.0,0.0,0.0,0.0,0.0,0.0,0.0,0.0,0.0,0.0,0.0,0.0,0.0,0.0,0.0,0.0,0.0,0.0,0.0,0.0,0.0,0.0,0.0,0.0,0.0,0.0,0.0,0.0,0.0,0.0,0.0,0.0,0.0,0.0,0.0,0.0,0.0,0.0,0.0,0.0,0.0,0.0,0.0,0.0,0.0,0.0,0.0
2017-05-30 02:53:00+02:00,0.0,0.0,0.0,0.0,0.0,0.0,0.0,0.0,0.0,0.0,0.0,0.0,0.0,0.0,0.0,0.0,0.0,0.0,0.0,0.0,0.0,0.0,0.0,0.0,0.0,0.0,0.0,0.0,0.0,0.0,0.0,0.0,0.0,0.0,0.0,0.0,0.0,0.0,0.0,0.0,0.0,0.0,0.0,0.0,0.0,0.0,0.0,0.0,0.0,0.0,0.0,0.0,0.0,0.0,0.0,0.0,0.0,0.0,0.0,0.0,0.0,0.0,0.0,0.0,0.0,0.0,0.0,0.0,0.0,0.0,0.0,0.0,0.0,0.0,0.0,0.0,0.0,0.0,0.0,0.0,0.0,0.0,0.0,0.0,0.0,0.0,0.0,0.0,0.0,0.0,0.0,0.0,0.0,0.0,0.0,0.0,0.0,0.0,0.0,0.0,0.0,0.0,0.0,0.0,0.0,0.0,0.0,0.0,0.0,0.0,0.0,0.0,0.0,0.0,0.0,0.0,0.0,0.0
2017-05-30 02:54:00+02:00,0.0,0.0,0.0,0.0,0.0,0.0,0.0,0.0,0.0,0.0,0.0,0.0,0.0,0.0,0.0,0.0,0.0,0.0,0.0,0.0,0.0,0.0,0.0,0.0,0.0,0.0,0.0,0.0,0.0,0.0,0.0,0.0,0.0,0.0,0.0,0.0,0.0,0.0,0.0,0.0,0.0,0.0,0.0,0.0,0.0,0.0,0.0,0.0,0.0,0.0,0.0,0.0,0.0,0.0,0.0,0.0,0.0,0.0,0.0,0.0,0.0,0.0,0.0,0.0,0.0,0.0,0.0,0.0,0.0,0.0,0.0,0.0,0.0,0.0,0.0,0.0,0.0,0.0,0.0,0.0,0.0,0.0,0.0,0.0,0.0,0.0,0.0,0.0,0.0,0.0,0.0,0.0,0.0,0.0,0.0,0.0,0.0,0.0,0.0,0.0,0.0,0.0,0.0,0.0,0.0,0.0,0.0,0.0,0.0,0.0,0.0,0.0,0.0,0.0,0.0,0.0,0.0,0.0
2017-05-30 02:55:00+02:00,0.0,0.0,0.0,0.0,0.0,0.0,0.0,0.0,0.0,0.0,0.0,0.0,0.0,0.0,0.0,0.0,0.0,0.0,0.0,0.0,0.0,0.0,0.0,0.0,0.0,0.0,0.0,0.0,0.0,0.0,0.0,0.0,0.0,0.0,0.0,0.0,0.0,0.0,0.0,0.0,0.0,0.0,0.0,0.0,0.0,0.0,0.0,0.0,0.0,0.0,0.0,0.0,0.0,0.0,0.0,0.0,0.0,0.0,0.0,0.0,0.0,0.0,0.0,0.0,0.0,0.0,0.0,0.0,0.0,0.0,0.0,0.0,0.0,0.0,0.0,0.0,0.0,0.0,0.0,0.0,0.0,0.0,0.0,0.0,0.0,0.0,0.0,0.0,0.0,0.0,0.0,0.0,0.0,0.0,0.0,0.0,0.0,0.0,0.0,0.0,0.0,0.0,0.0,0.0,0.0,0.0,0.0,0.0,0.0,0.0,0.0,0.0,0.0,0.0,0.0,0.0,0.0,0.0
2017-05-30 02:56:00+02:00,0.0,0.0,0.0,0.0,0.0,0.0,0.0,0.0,0.0,0.0,0.0,0.0,0.0,0.0,0.0,0.0,0.0,0.0,0.0,0.0,0.0,0.0,0.0,0.0,0.0,0.0,0.0,0.0,0.0,0.0,0.0,0.0,0.0,0.0,0.0,0.0,0.0,0.0,0.0,0.0,0.0,0.0,0.0,0.0,0.0,0.0,0.0,0.0,0.0,0.0,0.0,0.0,0.0,0.0,0.0,0.0,0.0,0.0,0.0,0.0,0.0,0.0,0.0,0.0,0.0,0.0,0.0,0.0,0.0,0.0,0.0,0.0,0.0,0.0,0.0,0.0,0.0,0.0,0.0,0.0,0.0,0.0,0.0,0.0,0.0,0.0,0.0,0.0,0.0,0.0,0.0,0.0,0.0,0.0,0.0,0.0,0.0,0.0,0.0,0.0,0.0,0.0,0.0,0.0,0.0,0.0,0.0,0.0,0.0,0.0,0.0,0.0,0.0,0.0,0.0,0.0,0.0,0.0
2017-05-30 02:57:00+02:00,0.0,0.0,0.0,0.0,0.0,0.0,0.0,0.0,0.0,0.0,0.0,0.0,0.0,0.0,0.0,0.0,0.0,0.0,0.0,0.0,0.0,0.0,0.0,0.0,0.0,0.0,0.0,0.0,0.0,0.0,0.0,0.0,0.0,0.0,0.0,0.0,0.0,0.0,0.0,0.0,0.0,0.0,0.0,0.0,0.0,0.0,0.0,0.0,0.0,0.0,0.0,0.0,0.0,0.0,0.0,0.0,0.0,0.0,0.0,0.0,0.0,0.0,0.0,0.0,0.0,0.0,0.0,0.0,0.0,0.0,0.0,0.0,0.0,0.0,0.0,0.0,0.0,0.0,0.0,0.0,0.0,0.0,0.0,0.0,0.0,0.0,0.0,0.0,0.0,0.0,0.0,0.0,0.0,0.0,0.0,0.0,0.0,0.0,0.0,0.0,0.0,0.0,0.0,0.0,0.0,0.0,0.0,0.0,0.0,0.0,0.0,0.0,0.0,0.0,0.0,0.0,0.0,0.0
2017-05-30 02:58:00+02:00,0.0,0.0,0.0,0.0,0.0,0.0,0.0,0.0,0.0,0.0,0.0,0.0,0.0,0.0,0.0,0.0,0.0,0.0,0.0,0.0,0.0,0.0,0.0,0.0,0.0,0.0,0.0,0.0,0.0,0.0,0.0,0.0,0.0,0.0,0.0,0.0,0.0,0.0,0.0,0.0,0.0,0.0,0.0,0.0,0.0,0.0,0.0,0.0,0.0,0.0,0.0,0.0,0.0,0.0,0.0,0.0,0.0,0.0,0.0,0.0,0.0,0.0,0.0,0.0,0.0,0.0,0.0,0.0,0.0,0.0,0.0,0.0,0.0,0.0,0.0,0.0,0.0,0.0,0.0,0.0,0.0,0.0,0.0,0.0,0.0,0.0,0.0,0.0,0.0,0.0,0.0,0.0,0.0,0.0,0.0,0.0,0.0,0.0,0.0,0.0,0.0,0.0,0.0,0.0,0.0,0.0,0.0,0.0,0.0,0.0,0.0,0.0,0.0,0.0,0.0,0.0,0.0,0.0
2017-05-30 02:59:00+02:00,0.0,0.0,0.0,0.0,0.0,0.0,0.0,0.0,0.0,0.0,0.0,0.0,0.0,0.0,0.0,0.0,0.0,0.0,0.0,0.0,0.0,0.0,0.0,0.0,0.0,0.0,0.0,0.0,0.0,0.0,0.0,0.0,0.0,0.0,0.0,0.0,0.0,0.0,0.0,0.0,0.0,0.0,0.0,0.0,0.0,0.0,0.0,0.0,0.0,0.0,0.0,0.0,0.0,0.0,0.0,0.0,0.0,0.0,0.0,0.0,0.0,0.0,0.0,0.0,0.0,0.0,0.0,0.0,0.0,0.0,0.0,0.0,0.0,0.0,0.0,0.0,0.0,0.0,0.0,0.0,0.0,0.0,0.0,0.0,0.0,0.0,0.0,0.0,0.0,0.0,0.0,0.0,0.0,0.0,0.0,0.0,0.0,0.0,0.0,0.0,0.0,0.0,0.0,0.0,0.0,0.0,0.0,0.0,0.0,0.0,0.0,0.0,0.0,0.0,0.0,0.0,0.0,0.0
2017-05-30 03:00:00+02:00,0.0,0.0,0.0,0.0,0.0,0.0,0.0,0.0,0.0,0.0,0.0,0.0,0.0,0.0,0.0,0.0,0.0,0.0,0.0,0.0,0.0,0.0,0.0,0.0,0.0,0.0,0.0,0.0,0.0,0.0,0.0,0.0,0.0,0.0,0.0,0.0,0.0,0.0,0.0,0.0,0.0,0.0,0.0,0.0,0.0,0.0,0.0,0.0,0.0,0.0,0.0,0.0,0.0,0.0,0.0,0.0,0.0,0.0,0.0,0.0,0.0,0.0,0.0,0.0,0.0,0.0,0.0,0.0,0.0,0.0,0.0,0.0,0.0,0.0,0.0,0.0,0.0,0.0,0.0,0.0,0.0,0.0,0.0,0.0,0.0,0.0,0.0,0.0,0.0,0.0,0.0,0.0,0.0,0.0,0.0,0.0,0.0,0.0,0.0,0.0,0.0,0.0,0.0,0.0,0.0,0.0,0.0,0.0,0.0,0.0,0.0,0.0,0.0,0.0,0.0,0.0,0.0,0.0
2017-05-30 03:01:00+02:00,0.0,0.0,0.0,0.0,0.0,0.0,0.0,0.0,0.0,0.0,0.0,0.0,0.0,0.0,0.0,0.0,0.0,0.0,0.0,0.0,0.0,0.0,0.0,0.0,0.0,0.0,0.0,0.0,0.0,0.0,0.0,0.0,0.0,0.0,0.0,0.0,0.0,0.0,0.0,0.0,0.0,0.0,0.0,0.0,0.0,0.0,0.0,0.0,0.0,0.0,0.0,0.0,0.0,0.0,0.0,0.0,0.0,0.0,0.0,0.0,0.0,0.0,0.0,0.0,0.0,0.0,0.0,0.0,0.0,0.0,0.0,0.0,0.0,0.0,0.0,0.0,0.0,0.0,0.0,0.0,0.0,0.0,0.0,0.0,0.0,0.0,0.0,0.0,0.0,0.0,0.0,0.0,0.0,0.0,0.0,0.0,0.0,0.0,0.0,0.0,0.0,0.0,0.0,0.0,0.0,0.0,0.0,0.0,0.0,0.0,0.0,0.0,0.0,0.0,0.0,0.0,0.0,0.0
2017-05-30 03:02:00+02:00,0.0,0.0,0.0,0.0,0.0,0.0,0.0,0.0,0.0,0.0,0.0,0.0,0.0,0.0,0.0,0.0,0.0,0.0,0.0,0.0,0.0,0.0,0.0,0.0,0.0,0.0,0.0,0.0,0.0,0.0,0.0,0.0,0.0,0.0,0.0,0.0,0.0,0.0,0.0,0.0,0.0,0.0,0.0,0.0,0.0,0.0,0.0,0.0,0.0,0.0,0.0,0.0,0.0,0.0,0.0,0.0,0.0,0.0,0.0,0.0,0.0,0.0,0.0,0.0,0.0,0.0,0.0,0.0,0.0,0.0,0.0,0.0,0.0,0.0,0.0,0.0,0.0,0.0,0.0,0.0,0.0,0.0,0.0,0.0,0.0,0.0,0.0,0.0,0.0,0.0,0.0,0.0,0.0,0.0,0.0,0.0,0.0,0.0,0.0,0.0,0.0,0.0,0.0,0.0,0.0,0.0,0.0,0.0,0.0,0.0,0.0,0.0,0.0,0.0,0.0,0.0,0.0,0.0
2017-05-30 03:03:00+02:00,0.0,0.0,0.0,0.0,0.0,0.0,0.0,0.0,0.0,0.0,0.0,0.0,0.0,0.0,0.0,0.0,0.0,0.0,0.0,0.0,0.0,0.0,0.0,0.0,0.0,0.0,0.0,0.0,0.0,0.0,0.0,0.0,0.0,0.0,0.0,0.0,0.0,0.0,0.0,0.0,0.0,0.0,0.0,0.0,0.0,0.0,0.0,0.0,0.0,0.0,0.0,0.0,0.0,0.0,0.0,0.0,0.0,0.0,0.0,0.0,0.0,0.0,0.0,0.0,0.0,0.0,0.0,0.0,0.0,0.0,0.0,0.0,0.0,0.0,0.0,0.0,0.0,0.0,0.0,0.0,0.0,0.0,0.0,0.0,0.0,0.0,0.0,0.0,0.0,0.0,0.0,0.0,0.0,0.0,0.0,0.0,0.0,0.0,0.0,0.0,0.0,0.0,0.0,0.0,0.0,0.0,0.0,0.0,0.0,0.0,0.0,0.0,0.0,0.0,0.0,0.0,0.0,0.0
2017-05-30 03:04:00+02:00,0.0,0.0,0.0,0.0,0.0,0.0,0.0,0.0,0.0,0.0,0.0,0.0,0.0,0.0,0.0,0.0,0.0,0.0,0.0,0.0,0.0,0.0,0.0,0.0,0.0,0.0,0.0,0.0,0.0,0.0,0.0,0.0,0.0,0.0,0.0,0.0,0.0,0.0,0.0,0.0,0.0,0.0,0.0,0.0,0.0,0.0,0.0,0.0,0.0,0.0,0.0,0.0,0.0,0.0,0.0,0.0,0.0,0.0,0.0,0.0,0.0,0.0,0.0,0.0,0.0,0.0,0.0,0.0,0.0,0.0,0.0,0.0,0.0,0.0,0.0,0.0,0.0,0.0,0.0,0.0,0.0,0.0,0.0,0.0,0.0,0.0,0.0,0.0,0.0,0.0,0.0,0.0,0.0,0.0,0.0,0.0,0.0,0.0,0.0,0.0,0.0,0.0,0.0,0.0,0.0,0.0,0.0,0.0,0.0,0.0,0.0,0.0,0.0,0.0,0.0,0.0,0.0,0.0
2017-05-30 03:05:00+02:00,0.0,0.0,0.0,0.0,0.0,0.0,0.0,0.0,0.0,0.0,0.0,0.0,0.0,0.0,0.0,0.0,0.0,0.0,0.0,0.0,0.0,0.0,0.0,0.0,0.0,0.0,0.0,0.0,0.0,0.0,0.0,0.0,0.0,0.0,0.0,0.0,0.0,0.0,0.0,0.0,0.0,0.0,0.0,0.0,0.0,0.0,0.0,0.0,0.0,0.0,0.0,0.0,0.0,0.0,0.0,0.0,0.0,0.0,0.0,0.0,0.0,0.0,0.0,0.0,0.0,0.0,0.0,0.0,0.0,0.0,0.0,0.0,0.0,0.0,0.0,0.0,0.0,0.0,0.0,0.0,0.0,0.0,0.0,0.0,0.0,0.0,0.0,0.0,0.0,0.0,0.0,0.0,0.0,0.0,0.0,0.0,0.0,0.0,0.0,0.0,0.0,0.0,0.0,0.0,0.0,0.0,0.0,0.0,0.0,0.0,0.0,0.0,0.0,0.0,0.0,0.0,0.0,0.0
2017-05-30 03:06:00+02:00,0.0,0.0,0.0,0.0,0.0,0.0,0.0,0.0,0.0,0.0,0.0,0.0,0.0,0.0,0.0,0.0,0.0,0.0,0.0,0.0,0.0,0.0,0.0,0.0,0.0,0.0,0.0,0.0,0.0,0.0,0.0,0.0,0.0,0.0,0.0,0.0,0.0,0.0,0.0,0.0,0.0,0.0,0.0,0.0,0.0,0.0,0.0,0.0,0.0,0.0,0.0,0.0,0.0,0.0,0.0,0.0,0.0,0.0,0.0,0.0,0.0,0.0,0.0,0.0,0.0,0.0,0.0,0.0,0.0,0.0,0.0,0.0,0.0,0.0,0.0,0.0,0.0,0.0,0.0,0.0,0.0,0.0,0.0,0.0,0.0,0.0,0.0,0.0,0.0,0.0,0.0,0.0,0.0,0.0,0.0,0.0,0.0,0.0,0.0,0.0,0.0,0.0,0.0,0.0,0.0,0.0,0.0,0.0,0.0,0.0,0.0,0.0,0.0,0.0,0.0,0.0,0.0,0.0
2017-05-30 03:07:00+02:00,0.0,0.0,0.0,0.0,0.0,0.0,0.0,0.0,0.0,0.0,0.0,0.0,0.0,0.0,0.0,0.0,0.0,0.0,0.0,0.0,0.0,0.0,0.0,0.0,0.0,0.0,0.0,0.0,0.0,0.0,0.0,0.0,0.0,0.0,0.0,0.0,0.0,0.0,0.0,0.0,0.0,0.0,0.0,0.0,0.0,0.0,0.0,0.0,0.0,0.0,0.0,0.0,0.0,0.0,0.0,0.0,0.0,0.0,0.0,0.0,0.0,0.0,0.0,0.0,0.0,0.0,0.0,0.0,0.0,0.0,0.0,0.0,0.0,0.0,0.0,0.0,0.0,0.0,0.0,0.0,0.0,0.0,0.0,0.0,0.0,0.0,0.0,0.0,0.0,0.0,0.0,0.0,0.0,0.0,0.0,0.0,0.0,0.0,0.0,0.0,0.0,0.0,0.0,0.0,0.0,0.0,0.0,0.0,0.0,0.0,0.0,0.0,0.0,0.0,0.0,0.0,0.0,0.0
2017-05-30 03:08:00+02:00,0.0,0.0,0.0,0.0,0.0,0.0,0.0,0.0,0.0,0.0,0.0,0.0,0.0,0.0,0.0,0.0,0.0,0.0,0.0,0.0,0.0,0.0,0.0,0.0,0.0,0.0,0.0,0.0,0.0,0.0,0.0,0.0,0.0,0.0,0.0,0.0,0.0,0.0,0.0,0.0,0.0,0.0,0.0,0.0,0.0,0.0,0.0,0.0,0.0,0.0,0.0,0.0,0.0,0.0,0.0,0.0,0.0,0.0,0.0,0.0,0.0,0.0,0.0,0.0,0.0,0.0,0.0,0.0,0.0,0.0,0.0,0.0,0.0,0.0,0.0,0.0,0.0,0.0,0.0,0.0,0.0,0.0,0.0,0.0,0.0,0.0,0.0,0.0,0.0,0.0,0.0,0.0,0.0,0.0,0.0,0.0,0.0,0.0,0.0,0.0,0.0,0.0,0.0,0.0,0.0,0.0,0.0,0.0,0.0,0.0,0.0,0.0,0.0,0.0,0.0,0.0,0.0,0.0
2017-05-30 03:09:00+02:00,0.0,0.0,0.0,0.0,0.0,0.0,0.0,0.0,0.0,0.0,0.0,0.0,0.0,0.0,0.0,0.0,0.0,0.0,0.0,0.0,0.0,0.0,0.0,0.0,0.0,0.0,0.0,0.0,0.0,0.0,0.0,0.0,0.0,0.0,0.0,0.0,0.0,0.0,0.0,0.0,0.0,0.0,0.0,0.0,0.0,0.0,0.0,0.0,0.0,0.0,0.0,0.0,0.0,0.0,0.0,0.0,0.0,0.0,0.0,0.0,0.0,0.0,0.0,0.0,0.0,0.0,0.0,0.0,0.0,0.0,0.0,0.0,0.0,0.0,0.0,0.0,0.0,0.0,0.0,0.0,0.0,0.0,0.0,0.0,0.0,0.0,0.0,0.0,0.0,0.0,0.0,0.0,0.0,0.0,0.0,0.0,0.0,0.0,0.0,0.0,0.0,0.0,0.0,0.0,0.0,0.0,0.0,0.0,0.0,0.0,0.0,0.0,0.0,0.0,0.0,0.0,0.0,0.0
2017-05-30 03:10:00+02:00,0.0,0.0,0.0,0.0,0.0,0.0,0.0,0.0,0.0,0.0,0.0,0.0,0.0,0.0,0.0,0.0,0.0,0.0,0.0,0.0,0.0,0.0,0.0,0.0,0.0,0.0,0.0,0.0,0.0,0.0,0.0,0.0,0.0,0.0,0.0,0.0,0.0,0.0,0.0,0.0,0.0,0.0,0.0,0.0,0.0,0.0,0.0,0.0,0.0,0.0,0.0,0.0,0.0,0.0,0.0,0.0,0.0,0.0,0.0,0.0,0.0,0.0,0.0,0.0,0.0,0.0,0.0,0.0,0.0,0.0,0.0,0.0,0.0,0.0,0.0,0.0,0.0,0.0,0.0,0.0,0.0,0.0,0.0,0.0,0.0,0.0,0.0,0.0,0.0,0.0,0.0,0.0,0.0,0.0,0.0,0.0,0.0,0.0,0.0,0.0,0.0,0.0,0.0,0.0,0.0,0.0,0.0,0.0,0.0,0.0,0.0,0.0,0.0,0.0,0.0,0.0,0.0,0.0
2017-05-30 03:11:00+02:00,0.0,0.0,0.0,0.0,0.0,0.0,0.0,0.0,0.0,0.0,0.0,0.0,0.0,0.0,0.0,0.0,0.0,0.0,0.0,0.0,0.0,0.0,0.0,0.0,0.0,0.0,0.0,0.0,0.0,0.0,0.0,0.0,0.0,0.0,0.0,0.0,0.0,0.0,0.0,0.0,0.0,0.0,0.0,0.0,0.0,0.0,0.0,0.0,0.0,0.0,0.0,0.0,0.0,0.0,0.0,0.0,0.0,0.0,0.0,0.0,0.0,0.0,0.0,0.0,0.0,0.0,0.0,0.0,0.0,0.0,0.0,0.0,0.0,0.0,0.0,0.0,0.0,0.0,0.0,0.0,0.0,0.0,0.0,0.0,0.0,0.0,0.0,0.0,0.0,0.0,0.0,0.0,0.0,0.0,0.0,0.0,0.0,0.0,0.0,0.0,0.0,0.0,0.0,0.0,0.0,0.0,0.0,0.0,0.0,0.0,0.0,0.0,0.0,0.0,0.0,0.0,0.0,0.0
2017-05-30 03:12:00+02:00,0.0,0.0,0.0,0.0,0.0,0.0,0.0,0.0,0.0,0.0,0.0,0.0,0.0,0.0,0.0,0.0,0.0,0.0,0.0,0.0,0.0,0.0,0.0,0.0,0.0,0.0,0.0,0.0,0.0,0.0,0.0,0.0,0.0,0.0,0.0,0.0,0.0,0.0,0.0,0.0,0.0,0.0,0.0,0.0,0.0,0.0,0.0,0.0,0.0,0.0,0.0,0.0,0.0,0.0,0.0,0.0,0.0,0.0,0.0,0.0,0.0,0.0,0.0,0.0,0.0,0.0,0.0,0.0,0.0,0.0,0.0,0.0,0.0,0.0,0.0,0.0,0.0,0.0,0.0,0.0,0.0,0.0,0.0,0.0,0.0,0.0,0.0,0.0,0.0,0.0,0.0,0.0,0.0,0.0,0.0,0.0,0.0,0.0,0.0,0.0,0.0,0.0,0.0,0.0,0.0,0.0,0.0,0.0,0.0,0.0,0.0,0.0,0.0,0.0,0.0,0.0,0.0,0.0
2017-05-30 03:13:00+02:00,0.0,0.0,0.0,0.0,0.0,0.0,0.0,0.0,0.0,0.0,0.0,0.0,0.0,0.0,0.0,0.0,0.0,0.0,0.0,0.0,0.0,0.0,0.0,0.0,0.0,0.0,0.0,0.0,0.0,0.0,0.0,0.0,0.0,0.0,0.0,0.0,0.0,0.0,0.0,0.0,0.0,0.0,0.0,0.0,0.0,0.0,0.0,0.0,0.0,0.0,0.0,0.0,0.0,0.0,0.0,0.0,0.0,0.0,0.0,0.0,0.0,0.0,0.0,0.0,0.0,0.0,0.0,0.0,0.0,0.0,0.0,0.0,0.0,0.0,0.0,0.0,0.0,0.0,0.0,0.0,0.0,0.0,0.0,0.0,0.0,0.0,0.0,0.0,0.0,0.0,0.0,0.0,0.0,0.0,0.0,0.0,0.0,0.0,0.0,0.0,0.0,0.0,0.0,0.0,0.0,0.0,0.0,0.0,0.0,0.0,0.0,0.0,0.0,0.0,0.0,0.0,0.0,0.0
2017-05-30 03:14:00+02:00,0.0,0.0,0.0,0.0,0.0,0.0,0.0,0.0,0.0,0.0,0.0,0.0,0.0,0.0,0.0,0.0,0.0,0.0,0.0,0.0,0.0,0.0,0.0,0.0,0.0,0.0,0.0,0.0,0.0,0.0,0.0,0.0,0.0,0.0,0.0,0.0,0.0,0.0,0.0,0.0,0.0,0.0,0.0,0.0,0.0,0.0,0.0,0.0,0.0,0.0,0.0,0.0,0.0,0.0,0.0,0.0,0.0,0.0,0.0,0.0,0.0,0.0,0.0,0.0,0.0,0.0,0.0,0.0,0.0,0.0,0.0,0.0,0.0,0.0,0.0,0.0,0.0,0.0,0.0,0.0,0.0,0.0,0.0,0.0,0.0,0.0,0.0,0.0,0.0,0.0,0.0,0.0,0.0,0.0,0.0,0.0,0.0,0.0,0.0,0.0,0.0,0.0,0.0,0.0,0.0,0.0,0.0,0.0,0.0,0.0,0.0,0.0,0.0,0.0,0.0,0.0,0.0,0.0
2017-05-30 03:15:00+02:00,0.0,0.0,0.0,0.0,0.0,0.0,0.0,0.0,0.0,0.0,0.0,0.0,0.0,0.0,0.0,0.0,0.0,0.0,0.0,0.0,0.0,0.0,0.0,0.0,0.0,0.0,0.0,0.0,0.0,0.0,0.0,0.0,0.0,0.0,0.0,0.0,0.0,0.0,0.0,0.0,0.0,0.0,0.0,0.0,0.0,0.0,0.0,0.0,0.0,0.0,0.0,0.0,0.0,0.0,0.0,0.0,0.0,0.0,0.0,0.0,0.0,0.0,0.0,0.0,0.0,0.0,0.0,0.0,0.0,0.0,0.0,0.0,0.0,0.0,0.0,0.0,0.0,0.0,0.0,0.0,0.0,0.0,0.0,0.0,0.0,0.0,0.0,0.0,0.0,0.0,0.0,0.0,0.0,0.0,0.0,0.0,0.0,0.0,0.0,0.0,0.0,0.0,0.0,0.0,0.0,0.0,0.0,0.0,0.0,0.0,0.0,0.0,0.0,0.0,0.0,0.0,0.0,0.0
2017-05-30 03:16:00+02:00,0.0,0.0,0.0,0.0,0.0,0.0,0.0,0.0,0.0,0.0,0.0,0.0,0.0,0.0,0.0,0.0,0.0,0.0,0.0,0.0,0.0,0.0,0.0,0.0,0.0,0.0,0.0,0.0,0.0,0.0,0.0,0.0,0.0,0.0,0.0,0.0,0.0,0.0,0.0,0.0,0.0,0.0,0.0,0.0,0.0,0.0,0.0,0.0,0.0,0.0,0.0,0.0,0.0,0.0,0.0,0.0,0.0,0.0,0.0,0.0,0.0,0.0,0.0,0.0,0.0,0.0,0.0,0.0,0.0,0.0,0.0,0.0,0.0,0.0,0.0,0.0,0.0,0.0,0.0,0.0,0.0,0.0,0.0,0.0,0.0,0.0,0.0,0.0,0.0,0.0,0.0,0.0,0.0,0.0,0.0,0.0,0.0,0.0,0.0,0.0,0.0,0.0,0.0,0.0,0.0,0.0,0.0,0.0,0.0,0.0,0.0,0.0,0.0,0.0,0.0,0.0,0.0,0.0
2017-05-30 03:17:00+02:00,0.0,0.0,0.0,0.0,0.0,0.0,0.0,0.0,0.0,0.0,0.0,0.0,0.0,0.0,0.0,0.0,0.0,0.0,0.0,0.0,0.0,0.0,0.0,0.0,0.0,0.0,0.0,0.0,0.0,0.0,0.0,0.0,0.0,0.0,0.0,0.0,0.0,0.0,0.0,0.0,0.0,0.0,0.0,0.0,0.0,0.0,0.0,0.0,0.0,0.0,0.0,0.0,0.0,0.0,0.0,0.0,0.0,0.0,0.0,0.0,0.0,0.0,0.0,0.0,0.0,0.0,0.0,0.0,0.0,0.0,0.0,0.0,0.0,0.0,0.0,0.0,0.0,0.0,0.0,0.0,0.0,0.0,0.0,0.0,0.0,0.0,0.0,0.0,0.0,0.0,0.0,0.0,0.0,0.0,0.0,0.0,0.0,0.0,0.0,0.0,0.0,0.0,0.0,0.0,0.0,0.0,0.0,0.0,0.0,0.0,0.0,0.0,0.0,0.0,0.0,0.0,0.0,0.0
2017-05-30 03:18:00+02:00,0.0,0.0,0.0,0.0,0.0,0.0,0.0,0.0,0.0,0.0,0.0,0.0,0.0,0.0,0.0,0.0,0.0,0.0,0.0,0.0,0.0,0.0,0.0,0.0,0.0,0.0,0.0,0.0,0.0,0.0,0.0,0.0,0.0,0.0,0.0,0.0,0.0,0.0,0.0,0.0,0.0,0.0,0.0,0.0,0.0,0.0,0.0,0.0,0.0,0.0,0.0,0.0,0.0,0.0,0.0,0.0,0.0,0.0,0.0,0.0,0.0,0.0,0.0,0.0,0.0,0.0,0.0,0.0,0.0,0.0,0.0,0.0,0.0,0.0,0.0,0.0,0.0,0.0,0.0,0.0,0.0,0.0,0.0,0.0,0.0,0.0,0.0,0.0,0.0,0.0,0.0,0.0,0.0,0.0,0.0,0.0,0.0,0.0,0.0,0.0,0.0,0.0,0.0,0.0,0.0,0.0,0.0,0.0,0.0,0.0,0.0,0.0,0.0,0.0,0.0,0.0,0.0,0.0
2017-05-30 03:19:00+02:00,0.0,0.0,0.0,0.0,0.0,0.0,0.0,0.0,0.0,0.0,0.0,0.0,0.0,0.0,0.0,0.0,0.0,0.0,0.0,0.0,0.0,0.0,0.0,0.0,0.0,0.0,0.0,0.0,0.0,0.0,0.0,0.0,0.0,0.0,0.0,0.0,0.0,0.0,0.0,0.0,0.0,0.0,0.0,0.0,0.0,0.0,0.0,0.0,0.0,0.0,0.0,0.0,0.0,0.0,0.0,0.0,0.0,0.0,0.0,0.0,0.0,0.0,0.0,0.0,0.0,0.0,0.0,0.0,0.0,0.0,0.0,0.0,0.0,0.0,0.0,0.0,0.0,0.0,0.0,0.0,0.0,0.0,0.0,0.0,0.0,0.0,0.0,0.0,0.0,0.0,0.0,0.0,0.0,0.0,0.0,0.0,0.0,0.0,0.0,0.0,0.0,0.0,0.0,0.0,0.0,0.0,0.0,0.0,0.0,0.0,0.0,0.0,0.0,0.0,0.0,0.0,0.0,0.0
2017-05-30 03:20:00+02:00,0.0,0.0,0.0,0.0,0.0,0.0,0.0,0.0,0.0,0.0,0.0,0.0,0.0,0.0,0.0,0.0,0.0,0.0,0.0,0.0,0.0,0.0,0.0,0.0,0.0,0.0,0.0,0.0,0.0,0.0,0.0,0.0,0.0,0.0,0.0,0.0,0.0,0.0,0.0,0.0,0.0,0.0,0.0,0.0,0.0,0.0,0.0,0.0,0.0,0.0,0.0,0.0,0.0,0.0,0.0,0.0,0.0,0.0,0.0,0.0,0.0,0.0,0.0,0.0,0.0,0.0,0.0,0.0,0.0,0.0,0.0,0.0,0.0,0.0,0.0,0.0,0.0,0.0,0.0,0.0,0.0,0.0,0.0,0.0,0.0,0.0,0.0,0.0,0.0,0.0,0.0,0.0,0.0,0.0,0.0,0.0,0.0,0.0,0.0,0.0,0.0,0.0,0.0,0.0,0.0,0.0,0.0,0.0,0.0,0.0,0.0,0.0,0.0,0.0,0.0,0.0,0.0,0.0
2017-05-30 03:21:00+02:00,0.0,0.0,0.0,0.0,0.0,0.0,0.0,0.0,0.0,0.0,0.0,0.0,0.0,0.0,0.0,0.0,0.0,0.0,0.0,0.0,0.0,0.0,0.0,0.0,0.0,0.0,0.0,0.0,0.0,0.0,0.0,0.0,0.0,0.0,0.0,0.0,0.0,0.0,0.0,0.0,0.0,0.0,0.0,0.0,0.0,0.0,0.0,0.0,0.0,0.0,0.0,0.0,0.0,0.0,0.0,0.0,0.0,0.0,0.0,0.0,0.0,0.0,0.0,0.0,0.0,0.0,0.0,0.0,0.0,0.0,0.0,0.0,0.0,0.0,0.0,0.0,0.0,0.0,0.0,0.0,0.0,0.0,0.0,0.0,0.0,0.0,0.0,0.0,0.0,0.0,0.0,0.0,0.0,0.0,0.0,0.0,0.0,0.0,0.0,0.0,0.0,0.0,0.0,0.0,0.0,0.0,0.0,0.0,0.0,0.0,0.0,0.0,0.0,0.0,0.0,0.0,0.0,0.0
2017-05-30 03:22:00+02:00,0.0,0.0,0.0,0.0,0.0,0.0,0.0,0.0,0.0,0.0,0.0,0.0,0.0,0.0,0.0,0.0,0.0,0.0,0.0,0.0,0.0,0.0,0.0,0.0,0.0,0.0,0.0,0.0,0.0,0.0,0.0,0.0,0.0,0.0,0.0,0.0,0.0,0.0,0.0,0.0,0.0,0.0,0.0,0.0,0.0,0.0,0.0,0.0,0.0,0.0,0.0,0.0,0.0,0.0,0.0,0.0,0.0,0.0,0.0,0.0,0.0,0.0,0.0,0.0,0.0,0.0,0.0,0.0,0.0,0.0,0.0,0.0,0.0,0.0,0.0,0.0,0.0,0.0,0.0,0.0,0.0,0.0,0.0,0.0,0.0,0.0,0.0,0.0,0.0,0.0,0.0,0.0,0.0,0.0,0.0,0.0,0.0,0.0,0.0,0.0,0.0,0.0,0.0,0.0,0.0,0.0,0.0,0.0,0.0,0.0,0.0,0.0,0.0,0.0,0.0,0.0,0.0,0.0
2017-05-30 03:23:00+02:00,0.0,0.0,0.0,0.0,0.0,0.0,0.0,0.0,0.0,0.0,0.0,0.0,0.0,0.0,0.0,0.0,0.0,0.0,0.0,0.0,0.0,0.0,0.0,0.0,0.0,0.0,0.0,0.0,0.0,0.0,0.0,0.0,0.0,0.0,0.0,0.0,0.0,0.0,0.0,0.0,0.0,0.0,0.0,0.0,0.0,0.0,0.0,0.0,0.0,0.0,0.0,0.0,0.0,0.0,0.0,0.0,0.0,0.0,0.0,0.0,0.0,0.0,0.0,0.0,0.0,0.0,0.0,0.0,0.0,0.0,0.0,0.0,0.0,0.0,0.0,0.0,0.0,0.0,0.0,0.0,0.0,0.0,0.0,0.0,0.0,0.0,0.0,0.0,0.0,0.0,0.0,0.0,0.0,0.0,0.0,0.0,0.0,0.0,0.0,0.0,0.0,0.0,0.0,0.0,0.0,0.0,0.0,0.0,0.0,0.0,0.0,0.0,0.0,0.0,0.0,0.0,0.0,0.0
2017-05-30 03:24:00+02:00,0.0,0.0,0.0,0.0,0.0,0.0,0.0,0.0,0.0,0.0,0.0,0.0,0.0,0.0,0.0,0.0,0.0,0.0,0.0,0.0,0.0,0.0,0.0,0.0,0.0,0.0,0.0,0.0,0.0,0.0,0.0,0.0,0.0,0.0,0.0,0.0,0.0,0.0,0.0,0.0,0.0,0.0,0.0,0.0,0.0,0.0,0.0,0.0,0.0,0.0,0.0,0.0,0.0,0.0,0.0,0.0,0.0,0.0,0.0,0.0,0.0,0.0,0.0,0.0,0.0,0.0,0.0,0.0,0.0,0.0,0.0,0.0,0.0,0.0,0.0,0.0,0.0,0.0,0.0,0.0,0.0,0.0,0.0,0.0,0.0,0.0,0.0,0.0,0.0,0.0,0.0,0.0,0.0,0.0,0.0,0.0,0.0,0.0,0.0,0.0,0.0,0.0,0.0,0.0,0.0,0.0,0.0,0.0,0.0,0.0,0.0,0.0,0.0,0.0,0.0,0.0,0.0,0.0
2017-05-30 03:25:00+02:00,0.0,0.0,0.0,0.0,0.0,0.0,0.0,0.0,0.0,0.0,0.0,0.0,0.0,0.0,0.0,0.0,0.0,0.0,0.0,0.0,0.0,0.0,0.0,0.0,0.0,0.0,0.0,0.0,0.0,0.0,0.0,0.0,0.0,0.0,0.0,0.0,0.0,0.0,0.0,0.0,0.0,0.0,0.0,0.0,0.0,0.0,0.0,0.0,0.0,0.0,0.0,0.0,0.0,0.0,0.0,0.0,0.0,0.0,0.0,0.0,0.0,0.0,0.0,0.0,0.0,0.0,0.0,0.0,0.0,0.0,0.0,0.0,0.0,0.0,0.0,0.0,0.0,0.0,0.0,0.0,0.0,0.0,0.0,0.0,0.0,0.0,0.0,0.0,0.0,0.0,0.0,0.0,0.0,0.0,0.0,0.0,0.0,0.0,0.0,0.0,0.0,0.0,0.0,0.0,0.0,0.0,0.0,0.0,0.0,0.0,0.0,0.0,0.0,0.0,0.0,0.0,0.0,0.0
2017-05-30 03:26:00+02:00,0.0,0.0,0.0,0.0,0.0,0.0,0.0,0.0,0.0,0.0,0.0,0.0,0.0,0.0,0.0,0.0,0.0,0.0,0.0,0.0,0.0,0.0,0.0,0.0,0.0,0.0,0.0,0.0,0.0,0.0,0.0,0.0,0.0,0.0,0.0,0.0,0.0,0.0,0.0,0.0,0.0,0.0,0.0,0.0,0.0,0.0,0.0,0.0,0.0,0.0,0.0,0.0,0.0,0.0,0.0,0.0,0.0,0.0,0.0,0.0,0.0,0.0,0.0,0.0,0.0,0.0,0.0,0.0,0.0,0.0,0.0,0.0,0.0,0.0,0.0,0.0,0.0,0.0,0.0,0.0,0.0,0.0,0.0,0.0,0.0,0.0,0.0,0.0,0.0,0.0,0.0,0.0,0.0,0.0,0.0,0.0,0.0,0.0,0.0,0.0,0.0,0.0,0.0,0.0,0.0,0.0,0.0,0.0,0.0,0.0,0.0,0.0,0.0,0.0,0.0,0.0,0.0,0.0
2017-05-30 03:27:00+02:00,0.0,0.0,0.0,0.0,0.0,0.0,0.0,0.0,0.0,0.0,0.0,0.0,0.0,0.0,0.0,0.0,0.0,0.0,0.0,0.0,0.0,0.0,0.0,0.0,0.0,0.0,0.0,0.0,0.0,0.0,0.0,0.0,0.0,0.0,0.0,0.0,0.0,0.0,0.0,0.0,0.0,0.0,0.0,0.0,0.0,0.0,0.0,0.0,0.0,0.0,0.0,0.0,0.0,0.0,0.0,0.0,0.0,0.0,0.0,0.0,0.0,0.0,0.0,0.0,0.0,0.0,0.0,0.0,0.0,0.0,0.0,0.0,0.0,0.0,0.0,0.0,0.0,0.0,0.0,0.0,0.0,0.0,0.0,0.0,0.0,0.0,0.0,0.0,0.0,0.0,0.0,0.0,0.0,0.0,0.0,0.0,0.0,0.0,0.0,0.0,0.0,0.0,0.0,0.0,0.0,0.0,0.0,0.0,0.0,0.0,0.0,0.0,0.0,0.0,0.0,0.0,0.0,0.0
2017-05-30 03:28:00+02:00,0.0,0.0,0.0,0.0,0.0,0.0,0.0,0.0,0.0,0.0,0.0,0.0,0.0,0.0,0.0,0.0,0.0,0.0,0.0,0.0,0.0,0.0,0.0,0.0,0.0,0.0,0.0,0.0,0.0,0.0,0.0,0.0,0.0,0.0,0.0,0.0,0.0,0.0,0.0,0.0,0.0,0.0,0.0,0.0,0.0,0.0,0.0,0.0,0.0,0.0,0.0,0.0,0.0,0.0,0.0,0.0,0.0,0.0,0.0,0.0,0.0,0.0,0.0,0.0,0.0,0.0,0.0,0.0,0.0,0.0,0.0,0.0,0.0,0.0,0.0,0.0,0.0,0.0,0.0,0.0,0.0,0.0,0.0,0.0,0.0,0.0,0.0,0.0,0.0,0.0,0.0,0.0,0.0,0.0,0.0,0.0,0.0,0.0,0.0,0.0,0.0,0.0,0.0,0.0,0.0,0.0,0.0,0.0,0.0,0.0,0.0,0.0,0.0,0.0,0.0,0.0,0.0,0.0
2017-05-30 03:29:00+02:00,0.0,0.0,0.0,0.0,0.0,0.0,0.0,0.0,0.0,0.0,0.0,0.0,0.0,0.0,0.0,0.0,0.0,0.0,0.0,0.0,0.0,0.0,0.0,0.0,0.0,0.0,0.0,0.0,0.0,0.0,0.0,0.0,0.0,0.0,0.0,0.0,0.0,0.0,0.0,0.0,0.0,0.0,0.0,0.0,0.0,0.0,0.0,0.0,0.0,0.0,0.0,0.0,0.0,0.0,0.0,0.0,0.0,0.0,0.0,0.0,0.0,0.0,0.0,0.0,0.0,0.0,0.0,0.0,0.0,0.0,0.0,0.0,0.0,0.0,0.0,0.0,0.0,0.0,0.0,0.0,0.0,0.0,0.0,0.0,0.0,0.0,0.0,0.0,0.0,0.0,0.0,0.0,0.0,0.0,0.0,0.0,0.0,0.0,0.0,0.0,0.0,0.0,0.0,0.0,0.0,0.0,0.0,0.0,0.0,0.0,0.0,0.0,0.0,0.0,0.0,0.0,0.0,0.0
2017-05-30 03:30:00+02:00,0.0,0.0,0.0,0.0,0.0,0.0,0.0,0.0,0.0,0.0,0.0,0.0,0.0,0.0,0.0,0.0,0.0,0.0,0.0,0.0,0.0,0.0,0.0,0.0,0.0,0.0,0.0,0.0,0.0,0.0,0.0,0.0,0.0,0.0,0.0,0.0,0.0,0.0,0.0,0.0,0.0,0.0,0.0,0.0,0.0,0.0,0.0,0.0,0.0,0.0,0.0,0.0,0.0,0.0,0.0,0.0,0.0,0.0,0.0,0.0,0.0,0.0,0.0,0.0,0.0,0.0,0.0,0.0,0.0,0.0,0.0,0.0,0.0,0.0,0.0,0.0,0.0,0.0,0.0,0.0,0.0,0.0,0.0,0.0,0.0,0.0,0.0,0.0,0.0,0.0,0.0,0.0,0.0,0.0,0.0,0.0,0.0,0.0,0.0,0.0,0.0,0.0,0.0,0.0,0.0,0.0,0.0,0.0,0.0,0.0,0.0,0.0,0.0,0.0,0.0,0.0,0.0,0.0
2017-05-30 03:31:00+02:00,0.0,0.0,0.0,0.0,0.0,0.0,0.0,0.0,0.0,0.0,0.0,0.0,0.0,0.0,0.0,0.0,0.0,0.0,0.0,0.0,0.0,0.0,0.0,0.0,0.0,0.0,0.0,0.0,0.0,0.0,0.0,0.0,0.0,0.0,0.0,0.0,0.0,0.0,0.0,0.0,0.0,0.0,0.0,0.0,0.0,0.0,0.0,0.0,0.0,0.0,0.0,0.0,0.0,0.0,0.0,0.0,0.0,0.0,0.0,0.0,0.0,0.0,0.0,0.0,0.0,0.0,0.0,0.0,0.0,0.0,0.0,0.0,0.0,0.0,0.0,0.0,0.0,0.0,0.0,0.0,0.0,0.0,0.0,0.0,0.0,0.0,0.0,0.0,0.0,0.0,0.0,0.0,0.0,0.0,0.0,0.0,0.0,0.0,0.0,0.0,0.0,0.0,0.0,0.0,0.0,0.0,0.0,0.0,0.0,0.0,0.0,0.0,0.0,0.0,0.0,0.0,0.0,0.0
2017-05-30 03:32:00+02:00,0.0,0.0,0.0,0.0,0.0,0.0,0.0,0.0,0.0,0.0,0.0,0.0,0.0,0.0,0.0,0.0,0.0,0.0,0.0,0.0,0.0,0.0,0.0,0.0,0.0,0.0,0.0,0.0,0.0,0.0,0.0,0.0,0.0,0.0,0.0,0.0,0.0,0.0,0.0,0.0,0.0,0.0,0.0,0.0,0.0,0.0,0.0,0.0,0.0,0.0,0.0,0.0,0.0,0.0,0.0,0.0,0.0,0.0,0.0,0.0,0.0,0.0,0.0,0.0,0.0,0.0,0.0,0.0,0.0,0.0,0.0,0.0,0.0,0.0,0.0,0.0,0.0,0.0,0.0,0.0,0.0,0.0,0.0,0.0,0.0,0.0,0.0,0.0,0.0,0.0,0.0,0.0,0.0,0.0,0.0,0.0,0.0,0.0,0.0,0.0,0.0,0.0,0.0,0.0,0.0,0.0,0.0,0.0,0.0,0.0,0.0,0.0,0.0,0.0,0.0,0.0,0.0,0.0
2017-05-30 03:33:00+02:00,0.0,0.0,0.0,0.0,0.0,0.0,0.0,0.0,0.0,0.0,0.0,0.0,0.0,0.0,0.0,0.0,0.0,0.0,0.0,0.0,0.0,0.0,0.0,0.0,0.0,0.0,0.0,0.0,0.0,0.0,0.0,0.0,0.0,0.0,0.0,0.0,0.0,0.0,0.0,0.0,0.0,0.0,0.0,0.0,0.0,0.0,0.0,0.0,0.0,0.0,0.0,0.0,0.0,0.0,0.0,0.0,0.0,0.0,0.0,0.0,0.0,0.0,0.0,0.0,0.0,0.0,0.0,0.0,0.0,0.0,0.0,0.0,0.0,0.0,0.0,0.0,0.0,0.0,0.0,0.0,0.0,0.0,0.0,0.0,0.0,0.0,0.0,0.0,0.0,0.0,0.0,0.0,0.0,0.0,0.0,0.0,0.0,0.0,0.0,0.0,0.0,0.0,0.0,0.0,0.0,0.0,0.0,0.0,0.0,0.0,0.0,0.0,0.0,0.0,0.0,0.0,0.0,0.0
2017-05-30 03:34:00+02:00,0.0,0.0,0.0,0.0,0.0,0.0,0.0,0.0,0.0,0.0,0.0,0.0,0.0,0.0,0.0,0.0,0.0,0.0,0.0,0.0,0.0,0.0,0.0,0.0,0.0,0.0,0.0,0.0,0.0,0.0,0.0,0.0,0.0,0.0,0.0,0.0,0.0,0.0,0.0,0.0,0.0,0.0,0.0,0.0,0.0,0.0,0.0,0.0,0.0,0.0,0.0,0.0,0.0,0.0,0.0,0.0,0.0,0.0,0.0,0.0,0.0,0.0,0.0,0.0,0.0,0.0,0.0,0.0,0.0,0.0,0.0,0.0,0.0,0.0,0.0,0.0,0.0,0.0,0.0,0.0,0.0,0.0,0.0,0.0,0.0,0.0,0.0,0.0,0.0,0.0,0.0,0.0,0.0,0.0,0.0,0.0,0.0,0.0,0.0,0.0,0.0,0.0,0.0,0.0,0.0,0.0,0.0,0.0,0.0,0.0,0.0,0.0,0.0,0.0,0.0,0.0,0.0,0.0
2017-05-30 03:35:00+02:00,0.0,0.0,0.0,0.0,0.0,0.0,0.0,0.0,0.0,0.0,0.0,0.0,0.0,0.0,0.0,0.0,0.0,0.0,0.0,0.0,0.0,0.0,0.0,0.0,0.0,0.0,0.0,0.0,0.0,0.0,0.0,0.0,0.0,0.0,0.0,0.0,0.0,0.0,0.0,0.0,0.0,0.0,0.0,0.0,0.0,0.0,0.0,0.0,0.0,0.0,0.0,0.0,0.0,0.0,0.0,0.0,0.0,0.0,0.0,0.0,0.0,0.0,0.0,0.0,0.0,0.0,0.0,0.0,0.0,0.0,0.0,0.0,0.0,0.0,0.0,0.0,0.0,0.0,0.0,0.0,0.0,0.0,0.0,0.0,0.0,0.0,0.0,0.0,0.0,0.0,0.0,0.0,0.0,0.0,0.0,0.0,0.0,0.0,0.0,0.0,0.0,0.0,0.0,0.0,0.0,0.0,0.0,0.0,0.0,0.0,0.0,0.0,0.0,0.0,0.0,0.0,0.0,0.0
2017-05-30 03:36:00+02:00,0.0,0.0,0.0,0.0,0.0,0.0,0.0,0.0,0.0,0.0,0.0,0.0,0.0,0.0,0.0,0.0,0.0,0.0,0.0,0.0,0.0,0.0,0.0,0.0,0.0,0.0,0.0,0.0,0.0,0.0,0.0,0.0,0.0,0.0,0.0,0.0,0.0,0.0,0.0,0.0,0.0,0.0,0.0,0.0,0.0,0.0,0.0,0.0,0.0,0.0,0.0,0.0,0.0,0.0,0.0,0.0,0.0,0.0,0.0,0.0,0.0,0.0,0.0,0.0,0.0,0.0,0.0,0.0,0.0,0.0,0.0,0.0,0.0,0.0,0.0,0.0,0.0,0.0,0.0,0.0,0.0,0.0,0.0,0.0,0.0,0.0,0.0,0.0,0.0,0.0,0.0,0.0,0.0,0.0,0.0,0.0,0.0,0.0,0.0,0.0,0.0,0.0,0.0,0.0,0.0,0.0,0.0,0.0,0.0,0.0,0.0,0.0,0.0,0.0,0.0,0.0,0.0,0.0
2017-05-30 03:37:00+02:00,0.0,0.0,0.0,0.0,0.0,0.0,0.0,0.0,0.0,0.0,0.0,0.0,0.0,0.0,0.0,0.0,0.0,0.0,0.0,0.0,0.0,0.0,0.0,0.0,0.0,0.0,0.0,0.0,0.0,0.0,0.0,0.0,0.0,0.0,0.0,0.0,0.0,0.0,0.0,0.0,0.0,0.0,0.0,0.0,0.0,0.0,0.0,0.0,0.0,0.0,0.0,0.0,0.0,0.0,0.0,0.0,0.0,0.0,0.0,0.0,0.0,0.0,0.0,0.0,0.0,0.0,0.0,0.0,0.0,0.0,0.0,0.0,0.0,0.0,0.0,0.0,0.0,0.0,0.0,0.0,0.0,0.0,0.0,0.0,0.0,0.0,0.0,0.0,0.0,0.0,0.0,0.0,0.0,0.0,0.0,0.0,0.0,0.0,0.0,0.0,0.0,0.0,0.0,0.0,0.0,0.0,0.0,0.0,0.0,0.0,0.0,0.0,0.0,0.0,0.0,0.0,0.0,0.0
2017-05-30 03:38:00+02:00,0.0,0.0,0.0,0.0,0.0,0.0,0.0,0.0,0.0,0.0,0.0,0.0,0.0,0.0,0.0,0.0,0.0,0.0,0.0,0.0,0.0,0.0,0.0,0.0,0.0,0.0,0.0,0.0,0.0,0.0,0.0,0.0,0.0,0.0,0.0,0.0,0.0,0.0,0.0,0.0,0.0,0.0,0.0,0.0,0.0,0.0,0.0,0.0,0.0,0.0,0.0,0.0,0.0,0.0,0.0,0.0,0.0,0.0,0.0,0.0,0.0,0.0,0.0,0.0,0.0,0.0,0.0,0.0,0.0,0.0,0.0,0.0,0.0,0.0,0.0,0.0,0.0,0.0,0.0,0.0,0.0,0.0,0.0,0.0,0.0,0.0,0.0,0.0,0.0,0.0,0.0,0.0,0.0,0.0,0.0,0.0,0.0,0.0,0.0,0.0,0.0,0.0,0.0,0.0,0.0,0.0,0.0,0.0,0.0,0.0,0.0,0.0,0.0,0.0,0.0,0.0,0.0,0.0
2017-05-30 03:39:00+02:00,0.0,0.0,0.0,0.0,0.0,0.0,0.0,0.0,0.0,0.0,0.0,0.0,0.0,0.0,0.0,0.0,0.0,0.0,0.0,0.0,0.0,0.0,0.0,0.0,0.0,0.0,0.0,0.0,0.0,0.0,0.0,0.0,0.0,0.0,0.0,0.0,0.0,0.0,0.0,0.0,0.0,0.0,0.0,0.0,0.0,0.0,0.0,0.0,0.0,0.0,0.0,0.0,0.0,0.0,0.0,0.0,0.0,0.0,0.0,0.0,0.0,0.0,0.0,0.0,0.0,0.0,0.0,0.0,0.0,0.0,0.0,0.0,0.0,0.0,0.0,0.0,0.0,0.0,0.0,0.0,0.0,0.0,0.0,0.0,0.0,0.0,0.0,0.0,0.0,0.0,0.0,0.0,0.0,0.0,0.0,0.0,0.0,0.0,0.0,0.0,0.0,0.0,0.0,0.0,0.0,0.0,0.0,0.0,0.0,0.0,0.0,0.0,0.0,0.0,0.0,0.0,0.0,0.0
2017-05-30 03:40:00+02:00,0.0,0.0,0.0,0.0,0.0,0.0,0.0,0.0,0.0,0.0,0.0,0.0,0.0,0.0,0.0,0.0,0.0,0.0,0.0,0.0,0.0,0.0,0.0,0.0,0.0,0.0,0.0,0.0,0.0,0.0,0.0,0.0,0.0,0.0,0.0,0.0,0.0,0.0,0.0,0.0,0.0,0.0,0.0,0.0,0.0,0.0,0.0,0.0,0.0,0.0,0.0,0.0,0.0,0.0,0.0,0.0,0.0,0.0,0.0,0.0,0.0,0.0,0.0,0.0,0.0,0.0,0.0,0.0,0.0,0.0,0.0,0.0,0.0,0.0,0.0,0.0,0.0,0.0,0.0,0.0,0.0,0.0,0.0,0.0,0.0,0.0,0.0,0.0,0.0,0.0,0.0,0.0,0.0,0.0,0.0,0.0,0.0,0.0,0.0,0.0,0.0,0.0,0.0,0.0,0.0,0.0,0.0,0.0,0.0,0.0,0.0,0.0,0.0,0.0,0.0,0.0,0.0,0.0
2017-05-30 03:41:00+02:00,0.0,0.0,0.0,0.0,0.0,0.0,0.0,0.0,0.0,0.0,0.0,0.0,0.0,0.0,0.0,0.0,0.0,0.0,0.0,0.0,0.0,0.0,0.0,0.0,0.0,0.0,0.0,0.0,0.0,0.0,0.0,0.0,0.0,0.0,0.0,0.0,0.0,0.0,0.0,0.0,0.0,0.0,0.0,0.0,0.0,0.0,0.0,0.0,0.0,0.0,0.0,0.0,0.0,0.0,0.0,0.0,0.0,0.0,0.0,0.0,0.0,0.0,0.0,0.0,0.0,0.0,0.0,0.0,0.0,0.0,0.0,0.0,0.0,0.0,0.0,0.0,0.0,0.0,0.0,0.0,0.0,0.0,0.0,0.0,0.0,0.0,0.0,0.0,0.0,0.0,0.0,0.0,0.0,0.0,0.0,0.0,0.0,0.0,0.0,0.0,0.0,0.0,0.0,0.0,0.0,0.0,0.0,0.0,0.0,0.0,0.0,0.0,0.0,0.0,0.0,0.0,0.0,0.0
2017-05-30 03:42:00+02:00,0.0,0.0,0.0,0.0,0.0,0.0,0.0,0.0,0.0,0.0,0.0,0.0,0.0,0.0,0.0,0.0,0.0,0.0,0.0,0.0,0.0,0.0,0.0,0.0,0.0,0.0,0.0,0.0,0.0,0.0,0.0,0.0,0.0,0.0,0.0,0.0,0.0,0.0,0.0,0.0,0.0,0.0,0.0,0.0,0.0,0.0,0.0,0.0,0.0,0.0,0.0,0.0,0.0,0.0,0.0,0.0,0.0,0.0,0.0,0.0,0.0,0.0,0.0,0.0,0.0,0.0,0.0,0.0,0.0,0.0,0.0,0.0,0.0,0.0,0.0,0.0,0.0,0.0,0.0,0.0,0.0,0.0,0.0,0.0,0.0,0.0,0.0,0.0,0.0,0.0,0.0,0.0,0.0,0.0,0.0,0.0,0.0,0.0,0.0,0.0,0.0,0.0,0.0,0.0,0.0,0.0,0.0,0.0,0.0,0.0,0.0,0.0,0.0,0.0,0.0,0.0,0.0,0.0
2017-05-30 03:43:00+02:00,0.0,0.0,0.0,0.0,0.0,0.0,0.0,0.0,0.0,0.0,0.0,0.0,0.0,0.0,0.0,0.0,0.0,0.0,0.0,0.0,0.0,0.0,0.0,0.0,0.0,0.0,0.0,0.0,0.0,0.0,0.0,0.0,0.0,0.0,0.0,0.0,0.0,0.0,0.0,0.0,0.0,0.0,0.0,0.0,0.0,0.0,0.0,0.0,0.0,0.0,0.0,0.0,0.0,0.0,0.0,0.0,0.0,0.0,0.0,0.0,0.0,0.0,0.0,0.0,0.0,0.0,0.0,0.0,0.0,0.0,0.0,0.0,0.0,0.0,0.0,0.0,0.0,0.0,0.0,0.0,0.0,0.0,0.0,0.0,0.0,0.0,0.0,0.0,0.0,0.0,0.0,0.0,0.0,0.0,0.0,0.0,0.0,0.0,0.0,0.0,0.0,0.0,0.0,0.0,0.0,0.0,0.0,0.0,0.0,0.0,0.0,0.0,0.0,0.0,0.0,0.0,0.0,0.0
2017-05-30 03:44:00+02:00,0.0,0.0,0.0,0.0,0.0,0.0,0.0,0.0,0.0,0.0,0.0,0.0,0.0,0.0,0.0,0.0,0.0,0.0,0.0,0.0,0.0,0.0,0.0,0.0,0.0,0.0,0.0,0.0,0.0,0.0,0.0,0.0,0.0,0.0,0.0,0.0,0.0,0.0,0.0,0.0,0.0,0.0,0.0,0.0,0.0,0.0,0.0,0.0,0.0,0.0,0.0,0.0,0.0,0.0,0.0,0.0,0.0,0.0,0.0,0.0,0.0,0.0,0.0,0.0,0.0,0.0,0.0,0.0,0.0,0.0,0.0,0.0,0.0,0.0,0.0,0.0,0.0,0.0,0.0,0.0,0.0,0.0,0.0,0.0,0.0,0.0,0.0,0.0,0.0,0.0,0.0,0.0,0.0,0.0,0.0,0.0,0.0,0.0,0.0,0.0,0.0,0.0,0.0,0.0,0.0,0.0,0.0,0.0,0.0,0.0,0.0,0.0,0.0,0.0,0.0,0.0,0.0,0.0
2017-05-30 03:45:00+02:00,0.0,0.0,0.0,0.0,0.0,0.0,0.0,0.0,0.0,0.0,0.0,0.0,0.0,0.0,0.0,0.0,0.0,0.0,0.0,0.0,0.0,0.0,0.0,0.0,0.0,0.0,0.0,0.0,0.0,0.0,0.0,0.0,0.0,0.0,0.0,0.0,0.0,0.0,0.0,0.0,0.0,0.0,0.0,0.0,0.0,0.0,0.0,0.0,0.0,0.0,0.0,0.0,0.0,0.0,0.0,0.0,0.0,0.0,0.0,0.0,0.0,0.0,0.0,0.0,0.0,0.0,0.0,0.0,0.0,0.0,0.0,0.0,0.0,0.0,0.0,0.0,0.0,0.0,0.0,0.0,0.0,0.0,0.0,0.0,0.0,0.0,0.0,0.0,0.0,0.0,0.0,0.0,0.0,0.0,0.0,0.0,0.0,0.0,0.0,0.0,0.0,0.0,0.0,0.0,0.0,0.0,0.0,0.0,0.0,0.0,0.0,0.0,0.0,0.0,0.0,0.0,0.0,0.0
2017-05-30 03:46:00+02:00,0.0,0.0,0.0,0.0,0.0,0.0,0.0,0.0,0.0,0.0,0.0,0.0,0.0,0.0,0.0,0.0,0.0,0.0,0.0,0.0,0.0,0.0,0.0,0.0,0.0,0.0,0.0,0.0,0.0,0.0,0.0,0.0,0.0,0.0,0.0,0.0,0.0,0.0,0.0,0.0,0.0,0.0,0.0,0.0,0.0,0.0,0.0,0.0,0.0,0.0,0.0,0.0,0.0,0.0,0.0,0.0,0.0,0.0,0.0,0.0,0.0,0.0,0.0,0.0,0.0,0.0,0.0,0.0,0.0,0.0,0.0,0.0,0.0,0.0,0.0,0.0,0.0,0.0,0.0,0.0,0.0,0.0,0.0,0.0,0.0,0.0,0.0,0.0,0.0,0.0,0.0,0.0,0.0,0.0,0.0,0.0,0.0,0.0,0.0,0.0,0.0,0.0,0.0,0.0,0.0,0.0,0.0,0.0,0.0,0.0,0.0,0.0,0.0,0.0,0.0,0.0,0.0,0.0
2017-05-30 03:47:00+02:00,0.0,0.0,0.0,0.0,0.0,0.0,0.0,0.0,0.0,0.0,0.0,0.0,0.0,0.0,0.0,0.0,0.0,0.0,0.0,0.0,0.0,0.0,0.0,0.0,0.0,0.0,0.0,0.0,0.0,0.0,0.0,0.0,0.0,0.0,0.0,0.0,0.0,0.0,0.0,0.0,0.0,0.0,0.0,0.0,0.0,0.0,0.0,0.0,0.0,0.0,0.0,0.0,0.0,0.0,0.0,0.0,0.0,0.0,0.0,0.0,0.0,0.0,0.0,0.0,0.0,0.0,0.0,0.0,0.0,0.0,0.0,0.0,0.0,0.0,0.0,0.0,0.0,0.0,0.0,0.0,0.0,0.0,0.0,0.0,0.0,0.0,0.0,0.0,0.0,0.0,0.0,0.0,0.0,0.0,0.0,0.0,0.0,0.0,0.0,0.0,0.0,0.0,0.0,0.0,0.0,0.0,0.0,0.0,0.0,0.0,0.0,0.0,0.0,0.0,0.0,0.0,0.0,0.0
2017-05-30 03:48:00+02:00,0.0,0.0,0.0,0.0,0.0,0.0,0.0,0.0,0.0,0.0,0.0,0.0,0.0,0.0,0.0,0.0,0.0,0.0,0.0,0.0,0.0,0.0,0.0,0.0,0.0,0.0,0.0,0.0,0.0,0.0,0.0,0.0,0.0,0.0,0.0,0.0,0.0,0.0,0.0,0.0,0.0,0.0,0.0,0.0,0.0,0.0,0.0,0.0,0.0,0.0,0.0,0.0,0.0,0.0,0.0,0.0,0.0,0.0,0.0,0.0,0.0,0.0,0.0,0.0,0.0,0.0,0.0,0.0,0.0,0.0,0.0,0.0,0.0,0.0,0.0,0.0,0.0,0.0,0.0,0.0,0.0,0.0,0.0,0.0,0.0,0.0,0.0,0.0,0.0,0.0,0.0,0.0,0.0,0.0,0.0,0.0,0.0,0.0,0.0,0.0,0.0,0.0,0.0,0.0,0.0,0.0,0.0,0.0,0.0,0.0,0.0,0.0,0.0,0.0,0.0,0.0,0.0,0.0
2017-05-30 03:49:00+02:00,0.0,0.0,0.0,0.0,0.0,0.0,0.0,0.0,0.0,0.0,0.0,0.0,0.0,0.0,0.0,0.0,0.0,0.0,0.0,0.0,0.0,0.0,0.0,0.0,0.0,0.0,0.0,0.0,0.0,0.0,0.0,0.0,0.0,0.0,0.0,0.0,0.0,0.0,0.0,0.0,0.0,0.0,0.0,0.0,0.0,0.0,0.0,0.0,0.0,0.0,0.0,0.0,0.0,0.0,0.0,0.0,0.0,0.0,0.0,0.0,0.0,0.0,0.0,0.0,0.0,0.0,0.0,0.0,0.0,0.0,0.0,0.0,0.0,0.0,0.0,0.0,0.0,0.0,0.0,0.0,0.0,0.0,0.0,0.0,0.0,0.0,0.0,0.0,0.0,0.0,0.0,0.0,0.0,0.0,0.0,0.0,0.0,0.0,0.0,0.0,0.0,0.0,0.0,0.0,0.0,0.0,0.0,0.0,0.0,0.0,0.0,0.0,0.0,0.0,0.0,0.0,0.0,0.0
2017-05-30 03:50:00+02:00,0.0,0.0,0.0,0.0,0.0,0.0,0.0,0.0,0.0,0.0,0.0,0.0,0.0,0.0,0.0,0.0,0.0,0.0,0.0,0.0,0.0,0.0,0.0,0.0,0.0,0.0,0.0,0.0,0.0,0.0,0.0,0.0,0.0,0.0,0.0,0.0,0.0,0.0,0.0,0.0,0.0,0.0,0.0,0.0,0.0,0.0,0.0,0.0,0.0,0.0,0.0,0.0,0.0,0.0,0.0,0.0,0.0,0.0,0.0,0.0,0.0,0.0,0.0,0.0,0.0,0.0,0.0,0.0,0.0,0.0,0.0,0.0,0.0,0.0,0.0,0.0,0.0,0.0,0.0,0.0,0.0,0.0,0.0,0.0,0.0,0.0,0.0,0.0,0.0,0.0,0.0,0.0,0.0,0.0,0.0,0.0,0.0,0.0,0.0,0.0,0.0,0.0,0.0,0.0,0.0,0.0,0.0,0.0,0.0,0.0,0.0,0.0,0.0,0.0,0.0,0.0,0.0,0.0
2017-05-30 03:51:00+02:00,0.0,0.0,0.0,0.0,0.0,0.0,0.0,0.0,0.0,0.0,0.0,0.0,0.0,0.0,0.0,0.0,0.0,0.0,0.0,0.0,0.0,0.0,0.0,0.0,0.0,0.0,0.0,0.0,0.0,0.0,0.0,0.0,0.0,0.0,0.0,0.0,0.0,0.0,0.0,0.0,0.0,0.0,0.0,0.0,0.0,0.0,0.0,0.0,0.0,0.0,0.0,0.0,0.0,0.0,0.0,0.0,0.0,0.0,0.0,0.0,0.0,0.0,0.0,0.0,0.0,0.0,0.0,0.0,0.0,0.0,0.0,0.0,0.0,0.0,0.0,0.0,0.0,0.0,0.0,0.0,0.0,0.0,0.0,0.0,0.0,0.0,0.0,0.0,0.0,0.0,0.0,0.0,0.0,0.0,0.0,0.0,0.0,0.0,0.0,0.0,0.0,0.0,0.0,0.0,0.0,0.0,0.0,0.0,0.0,0.0,0.0,0.0,0.0,0.0,0.0,0.0,0.0,0.0
2017-05-30 03:52:00+02:00,0.0,0.0,0.0,0.0,0.0,0.0,0.0,0.0,0.0,0.0,0.0,0.0,0.0,0.0,0.0,0.0,0.0,0.0,0.0,0.0,0.0,0.0,0.0,0.0,0.0,0.0,0.0,0.0,0.0,0.0,0.0,0.0,0.0,0.0,0.0,0.0,0.0,0.0,0.0,0.0,0.0,0.0,0.0,0.0,0.0,0.0,0.0,0.0,0.0,0.0,0.0,0.0,0.0,0.0,0.0,0.0,0.0,0.0,0.0,0.0,0.0,0.0,0.0,0.0,0.0,0.0,0.0,0.0,0.0,0.0,0.0,0.0,0.0,0.0,0.0,0.0,0.0,0.0,0.0,0.0,0.0,0.0,0.0,0.0,0.0,0.0,0.0,0.0,0.0,0.0,0.0,0.0,0.0,0.0,0.0,0.0,0.0,0.0,0.0,0.0,0.0,0.0,0.0,0.0,0.0,0.0,0.0,0.0,0.0,0.0,0.0,0.0,0.0,0.0,0.0,0.0,0.0,0.0
2017-05-30 03:53:00+02:00,0.0,0.0,0.0,0.0,0.0,0.0,0.0,0.0,0.0,0.0,0.0,0.0,0.0,0.0,0.0,0.0,0.0,0.0,0.0,0.0,0.0,0.0,0.0,0.0,0.0,0.0,0.0,0.0,0.0,0.0,0.0,0.0,0.0,0.0,0.0,0.0,0.0,0.0,0.0,0.0,0.0,0.0,0.0,0.0,0.0,0.0,0.0,0.0,0.0,0.0,0.0,0.0,0.0,0.0,0.0,0.0,0.0,0.0,0.0,0.0,0.0,0.0,0.0,0.0,0.0,0.0,0.0,0.0,0.0,0.0,0.0,0.0,0.0,0.0,0.0,0.0,0.0,0.0,0.0,0.0,0.0,0.0,0.0,0.0,0.0,0.0,0.0,0.0,0.0,0.0,0.0,0.0,0.0,0.0,0.0,0.0,0.0,0.0,0.0,0.0,0.0,0.0,0.0,0.0,0.0,0.0,0.0,0.0,0.0,0.0,0.0,0.0,0.0,0.0,0.0,0.0,0.0,0.0
2017-05-30 03:54:00+02:00,0.0,0.0,0.0,0.0,0.0,0.0,0.0,0.0,0.0,0.0,0.0,0.0,0.0,0.0,0.0,0.0,0.0,0.0,0.0,0.0,0.0,0.0,0.0,0.0,0.0,0.0,0.0,0.0,0.0,0.0,0.0,0.0,0.0,0.0,0.0,0.0,0.0,0.0,0.0,0.0,0.0,0.0,0.0,0.0,0.0,0.0,0.0,0.0,0.0,0.0,0.0,0.0,0.0,0.0,0.0,0.0,0.0,0.0,0.0,0.0,0.0,0.0,0.0,0.0,0.0,0.0,0.0,0.0,0.0,0.0,0.0,0.0,0.0,0.0,0.0,0.0,0.0,0.0,0.0,0.0,0.0,0.0,0.0,0.0,0.0,0.0,0.0,0.0,0.0,0.0,0.0,0.0,0.0,0.0,0.0,0.0,0.0,0.0,0.0,0.0,0.0,0.0,0.0,0.0,0.0,0.0,0.0,0.0,0.0,0.0,0.0,0.0,0.0,0.0,0.0,0.0,0.0,0.0
2017-05-30 03:55:00+02:00,0.0,0.0,0.0,0.0,0.0,0.0,0.0,0.0,0.0,0.0,0.0,0.0,0.0,0.0,0.0,0.0,0.0,0.0,0.0,0.0,0.0,0.0,0.0,0.0,0.0,0.0,0.0,0.0,0.0,0.0,0.0,0.0,0.0,0.0,0.0,0.0,0.0,0.0,0.0,0.0,0.0,0.0,0.0,0.0,0.0,0.0,0.0,0.0,0.0,0.0,0.0,0.0,0.0,0.0,0.0,0.0,0.0,0.0,0.0,0.0,0.0,0.0,0.0,0.0,0.0,0.0,0.0,0.0,0.0,0.0,0.0,0.0,0.0,0.0,0.0,0.0,0.0,0.0,0.0,0.0,0.0,0.0,0.0,0.0,0.0,0.0,0.0,0.0,0.0,0.0,0.0,0.0,0.0,0.0,0.0,0.0,0.0,0.0,0.0,0.0,0.0,0.0,0.0,0.0,0.0,0.0,0.0,0.0,0.0,0.0,0.0,0.0,0.0,0.0,0.0,0.0,0.0,0.0
2017-05-30 03:56:00+02:00,0.0,0.0,0.0,0.0,0.0,0.0,0.0,0.0,0.0,0.0,0.0,0.0,0.0,0.0,0.0,0.0,0.0,0.0,0.0,0.0,0.0,0.0,0.0,0.0,0.0,0.0,0.0,0.0,0.0,0.0,0.0,0.0,0.0,0.0,0.0,0.0,0.0,0.0,0.0,0.0,0.0,0.0,0.0,0.0,0.0,0.0,0.0,0.0,0.0,0.0,0.0,0.0,0.0,0.0,0.0,0.0,0.0,0.0,0.0,0.0,0.0,0.0,0.0,0.0,0.0,0.0,0.0,0.0,0.0,0.0,0.0,0.0,0.0,0.0,0.0,0.0,0.0,0.0,0.0,0.0,0.0,0.0,0.0,0.0,0.0,0.0,0.0,0.0,0.0,0.0,0.0,0.0,0.0,0.0,0.0,0.0,0.0,0.0,0.0,0.0,0.0,0.0,0.0,0.0,0.0,0.0,0.0,0.0,0.0,0.0,0.0,0.0,0.0,0.0,0.0,0.0,0.0,0.0
2017-05-30 03:57:00+02:00,0.0,0.0,0.0,0.0,0.0,0.0,0.0,0.0,0.0,0.0,0.0,0.0,0.0,0.0,0.0,0.0,0.0,0.0,0.0,0.0,0.0,0.0,0.0,0.0,0.0,0.0,0.0,0.0,0.0,0.0,0.0,0.0,0.0,0.0,0.0,0.0,0.0,0.0,0.0,0.0,0.0,0.0,0.0,0.0,0.0,0.0,0.0,0.0,0.0,0.0,0.0,0.0,0.0,0.0,0.0,0.0,0.0,0.0,0.0,0.0,0.0,0.0,0.0,0.0,0.0,0.0,0.0,0.0,0.0,0.0,0.0,0.0,0.0,0.0,0.0,0.0,0.0,0.0,0.0,0.0,0.0,0.0,0.0,0.0,0.0,0.0,0.0,0.0,0.0,0.0,0.0,0.0,0.0,0.0,0.0,0.0,0.0,0.0,0.0,0.0,0.0,0.0,0.0,0.0,0.0,0.0,0.0,0.0,0.0,0.0,0.0,0.0,0.0,0.0,0.0,0.0,0.0,0.0
2017-05-30 03:58:00+02:00,0.0,0.0,0.0,0.0,0.0,0.0,0.0,0.0,0.0,0.0,0.0,0.0,0.0,0.0,0.0,0.0,0.0,0.0,0.0,0.0,0.0,0.0,0.0,0.0,0.0,0.0,0.0,0.0,0.0,0.0,0.0,0.0,0.0,0.0,0.0,0.0,0.0,0.0,0.0,0.0,0.0,0.0,0.0,0.0,0.0,0.0,0.0,0.0,0.0,0.0,0.0,0.0,0.0,0.0,0.0,0.0,0.0,0.0,0.0,0.0,0.0,0.0,0.0,0.0,0.0,0.0,0.0,0.0,0.0,0.0,0.0,0.0,0.0,0.0,0.0,0.0,0.0,0.0,0.0,0.0,0.0,0.0,0.0,0.0,0.0,0.0,0.0,0.0,0.0,0.0,0.0,0.0,0.0,0.0,0.0,0.0,0.0,0.0,0.0,0.0,0.0,0.0,0.0,0.0,0.0,0.0,0.0,0.0,0.0,0.0,0.0,0.0,0.0,0.0,0.0,0.0,0.0,0.0
2017-05-30 03:59:00+02:00,0.0,0.0,0.0,0.0,0.0,0.0,0.0,0.0,0.0,0.0,0.0,0.0,0.0,0.0,0.0,0.0,0.0,0.0,0.0,0.0,0.0,0.0,0.0,0.0,0.0,0.0,0.0,0.0,0.0,0.0,0.0,0.0,0.0,0.0,0.0,0.0,0.0,0.0,0.0,0.0,0.0,0.0,0.0,0.0,0.0,0.0,0.0,0.0,0.0,0.0,0.0,0.0,0.0,0.0,0.0,0.0,0.0,0.0,0.0,0.0,0.0,0.0,0.0,0.0,0.0,0.0,0.0,0.0,0.0,0.0,0.0,0.0,0.0,0.0,0.0,0.0,0.0,0.0,0.0,0.0,0.0,0.0,0.0,0.0,0.0,0.0,0.0,0.0,0.0,0.0,0.0,0.0,0.0,0.0,0.0,0.0,0.0,0.0,0.0,0.0,0.0,0.0,0.0,0.0,0.0,0.0,0.0,0.0,0.0,0.0,0.0,0.0,0.0,0.0,0.0,0.0,0.0,0.0
2017-05-30 04:00:00+02:00,0.0,0.0,0.0,0.0,0.0,0.0,0.0,0.0,0.0,0.0,0.0,0.0,0.0,0.0,0.0,0.0,0.0,0.0,0.0,0.0,0.0,0.0,0.0,0.0,0.0,0.0,0.0,0.0,0.0,0.0,0.0,0.0,0.0,0.0,0.0,0.0,0.0,0.0,0.0,0.0,0.0,0.0,0.0,0.0,0.0,0.0,0.0,0.0,0.0,0.0,0.0,0.0,0.0,0.0,0.0,0.0,0.0,0.0,0.0,0.0,0.0,0.0,0.0,0.0,0.0,0.0,0.0,0.0,0.0,0.0,0.0,0.0,0.0,0.0,0.0,0.0,0.0,0.0,0.0,0.0,0.0,0.0,0.0,0.0,0.0,0.0,0.0,0.0,0.0,0.0,0.0,0.0,0.0,0.0,0.0,0.0,0.0,0.0,0.0,0.0,0.0,0.0,0.0,0.0,0.0,0.0,0.0,0.0,0.0,0.0,0.0,0.0,0.0,0.0,0.0,0.0,0.0,0.0
2017-05-30 04:01:00+02:00,0.0,0.0,0.0,0.0,0.0,0.0,0.0,0.0,0.0,0.0,0.0,0.0,0.0,0.0,0.0,0.0,0.0,0.0,0.0,0.0,0.0,0.0,0.0,0.0,0.0,0.0,0.0,0.0,0.0,0.0,0.0,0.0,0.0,0.0,0.0,0.0,0.0,0.0,0.0,0.0,0.0,0.0,0.0,0.0,0.0,0.0,0.0,0.0,0.0,0.0,0.0,0.0,0.0,0.0,0.0,0.0,0.0,0.0,0.0,0.0,0.0,0.0,0.0,0.0,0.0,0.0,0.0,0.0,0.0,0.0,0.0,0.0,0.0,0.0,0.0,0.0,0.0,0.0,0.0,0.0,0.0,0.0,0.0,0.0,0.0,0.0,0.0,0.0,0.0,0.0,0.0,0.0,0.0,0.0,0.0,0.0,0.0,0.0,0.0,0.0,0.0,0.0,0.0,0.0,0.0,0.0,0.0,0.0,0.0,0.0,0.0,0.0,0.0,0.0,0.0,0.0,0.0,0.0
2017-05-30 04:02:00+02:00,0.0,0.0,0.0,0.0,0.0,0.0,0.0,0.0,0.0,0.0,0.0,0.0,0.0,0.0,0.0,0.0,0.0,0.0,0.0,0.0,0.0,0.0,0.0,0.0,0.0,0.0,0.0,0.0,0.0,0.0,0.0,0.0,0.0,0.0,0.0,0.0,0.0,0.0,0.0,0.0,0.0,0.0,0.0,0.0,0.0,0.0,0.0,0.0,0.0,0.0,0.0,0.0,0.0,0.0,0.0,0.0,0.0,0.0,0.0,0.0,0.0,0.0,0.0,0.0,0.0,0.0,0.0,0.0,0.0,0.0,0.0,0.0,0.0,0.0,0.0,0.0,0.0,0.0,0.0,0.0,0.0,0.0,0.0,0.0,0.0,0.0,0.0,0.0,0.0,0.0,0.0,0.0,0.0,0.0,0.0,0.0,0.0,0.0,0.0,0.0,0.0,0.0,0.0,0.0,0.0,0.0,0.0,0.0,0.0,0.0,0.0,0.0,0.0,0.0,0.0,0.0,0.0,0.0
2017-05-30 04:03:00+02:00,0.0,0.0,0.0,0.0,0.0,0.0,0.0,0.0,0.0,0.0,0.0,0.0,0.0,0.0,0.0,0.0,0.0,0.0,0.0,0.0,0.0,0.0,0.0,0.0,0.0,0.0,0.0,0.0,0.0,0.0,0.0,0.0,0.0,0.0,0.0,0.0,0.0,0.0,0.0,0.0,0.0,0.0,0.0,0.0,0.0,0.0,0.0,0.0,0.0,0.0,0.0,0.0,0.0,0.0,0.0,0.0,0.0,0.0,0.0,0.0,0.0,0.0,0.0,0.0,0.0,0.0,0.0,0.0,0.0,0.0,0.0,0.0,0.0,0.0,0.0,0.0,0.0,0.0,0.0,0.0,0.0,0.0,0.0,0.0,0.0,0.0,0.0,0.0,0.0,0.0,0.0,0.0,0.0,0.0,0.0,0.0,0.0,0.0,0.0,0.0,0.0,0.0,0.0,0.0,0.0,0.0,0.0,0.0,0.0,0.0,0.0,0.0,0.0,0.0,0.0,0.0,0.0,0.0
2017-05-30 04:04:00+02:00,0.0,0.0,0.0,0.0,0.0,0.0,0.0,0.0,0.0,0.0,0.0,0.0,0.0,0.0,0.0,0.0,0.0,0.0,0.0,0.0,0.0,0.0,0.0,0.0,0.0,0.0,0.0,0.0,0.0,0.0,0.0,0.0,0.0,0.0,0.0,0.0,0.0,0.0,0.0,0.0,0.0,0.0,0.0,0.0,0.0,0.0,0.0,0.0,0.0,0.0,0.0,0.0,0.0,0.0,0.0,0.0,0.0,0.0,0.0,0.0,0.0,0.0,0.0,0.0,0.0,0.0,0.0,0.0,0.0,0.0,0.0,0.0,0.0,0.0,0.0,0.0,0.0,0.0,0.0,0.0,0.0,0.0,0.0,0.0,0.0,0.0,0.0,0.0,0.0,0.0,0.0,0.0,0.0,0.0,0.0,0.0,0.0,0.0,0.0,0.0,0.0,0.0,0.0,0.0,0.0,0.0,0.0,0.0,0.0,0.0,0.0,0.0,0.0,0.0,0.0,0.0,0.0,0.0
2017-05-30 04:05:00+02:00,0.0,0.0,0.0,0.0,0.0,0.0,0.0,0.0,0.0,0.0,0.0,0.0,0.0,0.0,0.0,0.0,0.0,0.0,0.0,0.0,0.0,0.0,0.0,0.0,0.0,0.0,0.0,0.0,0.0,0.0,0.0,0.0,0.0,0.0,0.0,0.0,0.0,0.0,0.0,0.0,0.0,0.0,0.0,0.0,0.0,0.0,0.0,0.0,0.0,0.0,0.0,0.0,0.0,0.0,0.0,0.0,0.0,0.0,0.0,0.0,0.0,0.0,0.0,0.0,0.0,0.0,0.0,0.0,0.0,0.0,0.0,0.0,0.0,0.0,0.0,0.0,0.0,0.0,0.0,0.0,0.0,0.0,0.0,0.0,0.0,0.0,0.0,0.0,0.0,0.0,0.0,0.0,0.0,0.0,0.0,0.0,0.0,0.0,0.0,0.0,0.0,0.0,0.0,0.0,0.0,0.0,0.0,0.0,0.0,0.0,0.0,0.0,0.0,0.0,0.0,0.0,0.0,0.0
2017-05-30 04:06:00+02:00,0.0,0.0,0.0,0.0,0.0,0.0,0.0,0.0,0.0,0.0,0.0,0.0,0.0,0.0,0.0,0.0,0.0,0.0,0.0,0.0,0.0,0.0,0.0,0.0,0.0,0.0,0.0,0.0,0.0,0.0,0.0,0.0,0.0,0.0,0.0,0.0,0.0,0.0,0.0,0.0,0.0,0.0,0.0,0.0,0.0,0.0,0.0,0.0,0.0,0.0,0.0,0.0,0.0,0.0,0.0,0.0,0.0,0.0,0.0,0.0,0.0,0.0,0.0,0.0,0.0,0.0,0.0,0.0,0.0,0.0,0.0,0.0,0.0,0.0,0.0,0.0,0.0,0.0,0.0,0.0,0.0,0.0,0.0,0.0,0.0,0.0,0.0,0.0,0.0,0.0,0.0,0.0,0.0,0.0,0.0,0.0,0.0,0.0,0.0,0.0,0.0,0.0,0.0,0.0,0.0,0.0,0.0,0.0,0.0,0.0,0.0,0.0,0.0,0.0,0.0,0.0,0.0,0.0
2017-05-30 04:07:00+02:00,0.0,0.0,0.0,0.0,0.0,0.0,0.0,0.0,0.0,0.0,0.0,0.0,0.0,0.0,0.0,0.0,0.0,0.0,0.0,0.0,0.0,0.0,0.0,0.0,0.0,0.0,0.0,0.0,0.0,0.0,0.0,0.0,0.0,0.0,0.0,0.0,0.0,0.0,0.0,0.0,0.0,0.0,0.0,0.0,0.0,0.0,0.0,0.0,0.0,0.0,0.0,0.0,0.0,0.0,0.0,0.0,0.0,0.0,0.0,0.0,0.0,0.0,0.0,0.0,0.0,0.0,0.0,0.0,0.0,0.0,0.0,0.0,0.0,0.0,0.0,0.0,0.0,0.0,0.0,0.0,0.0,0.0,0.0,0.0,0.0,0.0,0.0,0.0,0.0,0.0,0.0,0.0,0.0,0.0,0.0,0.0,0.0,0.0,0.0,0.0,0.0,0.0,0.0,0.0,0.0,0.0,0.0,0.0,0.0,0.0,0.0,0.0,0.0,0.0,0.0,0.0,0.0,0.0
2017-05-30 04:08:00+02:00,0.0,0.0,0.0,0.0,0.0,0.0,0.0,0.0,0.0,0.0,0.0,0.0,0.0,0.0,0.0,0.0,0.0,0.0,0.0,0.0,0.0,0.0,0.0,0.0,0.0,0.0,0.0,0.0,0.0,0.0,0.0,0.0,0.0,0.0,0.0,0.0,0.0,0.0,0.0,0.0,0.0,0.0,0.0,0.0,0.0,0.0,0.0,0.0,0.0,0.0,0.0,0.0,0.0,0.0,0.0,0.0,0.0,0.0,0.0,0.0,0.0,0.0,0.0,0.0,0.0,0.0,0.0,0.0,0.0,0.0,0.0,0.0,0.0,0.0,0.0,0.0,0.0,0.0,0.0,0.0,0.0,0.0,0.0,0.0,0.0,0.0,0.0,0.0,0.0,0.0,0.0,0.0,0.0,0.0,0.0,0.0,0.0,0.0,0.0,0.0,0.0,0.0,0.0,0.0,0.0,0.0,0.0,0.0,0.0,0.0,0.0,0.0,0.0,0.0,0.0,0.0,0.0,0.0
2017-05-30 04:09:00+02:00,0.0,0.0,0.0,0.0,0.0,0.0,0.0,0.0,0.0,0.0,0.0,0.0,0.0,0.0,0.0,0.0,0.0,0.0,0.0,0.0,0.0,0.0,0.0,0.0,0.0,0.0,0.0,0.0,0.0,0.0,0.0,0.0,0.0,0.0,0.0,0.0,0.0,0.0,0.0,0.0,0.0,0.0,0.0,0.0,0.0,0.0,0.0,0.0,0.0,0.0,0.0,0.0,0.0,0.0,0.0,0.0,0.0,0.0,0.0,0.0,0.0,0.0,0.0,0.0,0.0,0.0,0.0,0.0,0.0,0.0,0.0,0.0,0.0,0.0,0.0,0.0,0.0,0.0,0.0,0.0,0.0,0.0,0.0,0.0,0.0,0.0,0.0,0.0,0.0,0.0,0.0,0.0,0.0,0.0,0.0,0.0,0.0,0.0,0.0,0.0,0.0,0.0,0.0,0.0,0.0,0.0,0.0,0.0,0.0,0.0,0.0,0.0,0.0,0.0,0.0,0.0,0.0,0.0
2017-05-30 04:10:00+02:00,0.0,0.0,0.0,0.0,0.0,0.0,0.0,0.0,0.0,0.0,0.0,0.0,0.0,0.0,0.0,0.0,0.0,0.0,0.0,0.0,0.0,0.0,0.0,0.0,0.0,0.0,0.0,0.0,0.0,0.0,0.0,0.0,0.0,0.0,0.0,0.0,0.0,0.0,0.0,0.0,0.0,0.0,0.0,0.0,0.0,0.0,0.0,0.0,0.0,0.0,0.0,0.0,0.0,0.0,0.0,0.0,0.0,0.0,0.0,0.0,0.0,0.0,0.0,0.0,0.0,0.0,0.0,0.0,0.0,0.0,0.0,0.0,0.0,0.0,0.0,0.0,0.0,0.0,0.0,0.0,0.0,0.0,0.0,0.0,0.0,0.0,0.0,0.0,0.0,0.0,0.0,0.0,0.0,0.0,0.0,0.0,0.0,0.0,0.0,0.0,0.0,0.0,0.0,0.0,0.0,0.0,0.0,0.0,0.0,0.0,0.0,0.0,0.0,0.0,0.0,0.0,0.0,0.0
2017-05-30 04:11:00+02:00,0.0,0.0,0.0,0.0,0.0,0.0,0.0,0.0,0.0,0.0,0.0,0.0,0.0,0.0,0.0,0.0,0.0,0.0,0.0,0.0,0.0,0.0,0.0,0.0,0.0,0.0,0.0,0.0,0.0,0.0,0.0,0.0,0.0,0.0,0.0,0.0,0.0,0.0,0.0,0.0,0.0,0.0,0.0,0.0,0.0,0.0,0.0,0.0,0.0,0.0,0.0,0.0,0.0,0.0,0.0,0.0,0.0,0.0,0.0,0.0,0.0,0.0,0.0,0.0,0.0,0.0,0.0,0.0,0.0,0.0,0.0,0.0,0.0,0.0,0.0,0.0,0.0,0.0,0.0,0.0,0.0,0.0,0.0,0.0,0.0,0.0,0.0,0.0,0.0,0.0,0.0,0.0,0.0,0.0,0.0,0.0,0.0,0.0,0.0,0.0,0.0,0.0,0.0,0.0,0.0,0.0,0.0,0.0,0.0,0.0,0.0,0.0,0.0,0.0,0.0,0.0,0.0,0.0
2017-05-30 04:12:00+02:00,0.0,0.0,0.0,0.0,0.0,0.0,0.0,0.0,0.0,0.0,0.0,0.0,0.0,0.0,0.0,0.0,0.0,0.0,0.0,0.0,0.0,0.0,0.0,0.0,0.0,0.0,0.0,0.0,0.0,0.0,0.0,0.0,0.0,0.0,0.0,0.0,0.0,0.0,0.0,0.0,0.0,0.0,0.0,0.0,0.0,0.0,0.0,0.0,0.0,0.0,0.0,0.0,0.0,0.0,0.0,0.0,0.0,0.0,0.0,0.0,0.0,0.0,0.0,0.0,0.0,0.0,0.0,0.0,0.0,0.0,0.0,0.0,0.0,0.0,0.0,0.0,0.0,0.0,0.0,0.0,0.0,0.0,0.0,0.0,0.0,0.0,0.0,0.0,0.0,0.0,0.0,0.0,0.0,0.0,0.0,0.0,0.0,0.0,0.0,0.0,0.0,0.0,0.0,0.0,0.0,0.0,0.0,0.0,0.0,0.0,0.0,0.0,0.0,0.0,0.0,0.0,0.0,0.0
2017-05-30 04:13:00+02:00,0.0,0.0,0.0,0.0,0.0,0.0,0.0,0.0,0.0,0.0,0.0,0.0,0.0,0.0,0.0,0.0,0.0,0.0,0.0,0.0,0.0,0.0,0.0,0.0,0.0,0.0,0.0,0.0,0.0,0.0,0.0,0.0,0.0,0.0,0.0,0.0,0.0,0.0,0.0,0.0,0.0,0.0,0.0,0.0,0.0,0.0,0.0,0.0,0.0,0.0,0.0,0.0,0.0,0.0,0.0,0.0,0.0,0.0,0.0,0.0,0.0,0.0,0.0,0.0,0.0,0.0,0.0,0.0,0.0,0.0,0.0,0.0,0.0,0.0,0.0,0.0,0.0,0.0,0.0,0.0,0.0,0.0,0.0,0.0,0.0,0.0,0.0,0.0,0.0,0.0,0.0,0.0,0.0,0.0,0.0,0.0,0.0,0.0,0.0,0.0,0.0,0.0,0.0,0.0,0.0,0.0,0.0,0.0,0.0,0.0,0.0,0.0,0.0,0.0,0.0,0.0,0.0,0.0
2017-05-30 04:14:00+02:00,0.0,0.0,0.0,0.0,0.0,0.0,0.0,0.0,0.0,0.0,0.0,0.0,0.0,0.0,0.0,0.0,0.0,0.0,0.0,0.0,0.0,0.0,0.0,0.0,0.0,0.0,0.0,0.0,0.0,0.0,0.0,0.0,0.0,0.0,0.0,0.0,0.0,0.0,0.0,0.0,0.0,0.0,0.0,0.0,0.0,0.0,0.0,0.0,0.0,0.0,0.0,0.0,0.0,0.0,0.0,0.0,0.0,0.0,0.0,0.0,0.0,0.0,0.0,0.0,0.0,0.0,0.0,0.0,0.0,0.0,0.0,0.0,0.0,0.0,0.0,0.0,0.0,0.0,0.0,0.0,0.0,0.0,0.0,0.0,0.0,0.0,0.0,0.0,0.0,0.0,0.0,0.0,0.0,0.0,0.0,0.0,0.0,0.0,0.0,0.0,0.0,0.0,0.0,0.0,0.0,0.0,0.0,0.0,0.0,0.0,0.0,0.0,0.0,0.0,0.0,0.0,0.0,0.0
2017-05-30 04:15:00+02:00,0.0,0.0,0.0,0.0,0.0,0.0,0.0,0.0,0.0,0.0,0.0,0.0,0.0,0.0,0.0,0.0,0.0,0.0,0.0,0.0,0.0,0.0,0.0,0.0,0.0,0.0,0.0,0.0,0.0,0.0,0.0,0.0,0.0,0.0,0.0,0.0,0.0,0.0,0.0,0.0,0.0,0.0,0.0,0.0,0.0,0.0,0.0,0.0,0.0,0.0,0.0,0.0,0.0,0.0,0.0,0.0,0.0,0.0,0.0,0.0,0.0,0.0,0.0,0.0,0.0,0.0,0.0,0.0,0.0,0.0,0.0,0.0,0.0,0.0,0.0,0.0,0.0,0.0,0.0,0.0,0.0,0.0,0.0,0.0,0.0,0.0,0.0,0.0,0.0,0.0,0.0,0.0,0.0,0.0,0.0,0.0,0.0,0.0,0.0,0.0,0.0,0.0,0.0,0.0,0.0,0.0,0.0,0.0,0.0,0.0,0.0,0.0,0.0,0.0,0.0,0.0,0.0,0.0
2017-05-30 04:16:00+02:00,0.0,0.0,0.0,0.0,0.0,0.0,0.0,0.0,0.0,0.0,0.0,0.0,0.0,0.0,0.0,0.0,0.0,0.0,0.0,0.0,0.0,0.0,0.0,0.0,0.0,0.0,0.0,0.0,0.0,0.0,0.0,0.0,0.0,0.0,0.0,0.0,0.0,0.0,0.0,0.0,0.0,0.0,0.0,0.0,0.0,0.0,0.0,0.0,0.0,0.0,0.0,0.0,0.0,0.0,0.0,0.0,0.0,0.0,0.0,0.0,0.0,0.0,0.0,0.0,0.0,0.0,0.0,0.0,0.0,0.0,0.0,0.0,0.0,0.0,0.0,0.0,0.0,0.0,0.0,0.0,0.0,0.0,0.0,0.0,0.0,0.0,0.0,0.0,0.0,0.0,0.0,0.0,0.0,0.0,0.0,0.0,0.0,0.0,0.0,0.0,0.0,0.0,0.0,0.0,0.0,0.0,0.0,0.0,0.0,0.0,0.0,0.0,0.0,0.0,0.0,0.0,0.0,0.0
2017-05-30 04:17:00+02:00,0.0,0.0,0.0,0.0,0.0,0.0,0.0,0.0,0.0,0.0,0.0,0.0,0.0,0.0,0.0,0.0,0.0,0.0,0.0,0.0,0.0,0.0,0.0,0.0,0.0,0.0,0.0,0.0,0.0,0.0,0.0,0.0,0.0,0.0,0.0,0.0,0.0,0.0,0.0,0.0,0.0,0.0,0.0,0.0,0.0,0.0,0.0,0.0,0.0,0.0,0.0,0.0,0.0,0.0,0.0,0.0,0.0,0.0,0.0,0.0,0.0,0.0,0.0,0.0,0.0,0.0,0.0,0.0,0.0,0.0,0.0,0.0,0.0,0.0,0.0,0.0,0.0,0.0,0.0,0.0,0.0,0.0,0.0,0.0,0.0,0.0,0.0,0.0,0.0,0.0,0.0,0.0,0.0,0.0,0.0,0.0,0.0,0.0,0.0,0.0,0.0,0.0,0.0,0.0,0.0,0.0,0.0,0.0,0.0,0.0,0.0,0.0,0.0,0.0,0.0,0.0,0.0,0.0
2017-05-30 04:18:00+02:00,0.0,0.0,0.0,0.0,0.0,0.0,0.0,0.0,0.0,0.0,0.0,0.0,0.0,0.0,0.0,0.0,0.0,0.0,0.0,0.0,0.0,0.0,0.0,0.0,0.0,0.0,0.0,0.0,0.0,0.0,0.0,0.0,0.0,0.0,0.0,0.0,0.0,0.0,0.0,0.0,0.0,0.0,0.0,0.0,0.0,0.0,0.0,0.0,0.0,0.0,0.0,0.0,0.0,0.0,0.0,0.0,0.0,0.0,0.0,0.0,0.0,0.0,0.0,0.0,0.0,0.0,0.0,0.0,0.0,0.0,0.0,0.0,0.0,0.0,0.0,0.0,0.0,0.0,0.0,0.0,0.0,0.0,0.0,0.0,0.0,0.0,0.0,0.0,0.0,0.0,0.0,0.0,0.0,0.0,0.0,0.0,0.0,0.0,0.0,0.0,0.0,0.0,0.0,0.0,0.0,0.0,0.0,0.0,0.0,0.0,0.0,0.0,0.0,0.0,0.0,0.0,0.0,0.0
2017-05-30 04:19:00+02:00,0.0,0.0,0.0,0.0,0.0,0.0,0.0,0.0,0.0,0.0,0.0,0.0,0.0,0.0,0.0,0.0,0.0,0.0,0.0,0.0,0.0,0.0,0.0,0.0,0.0,0.0,0.0,0.0,0.0,0.0,0.0,0.0,0.0,0.0,0.0,0.0,0.0,0.0,0.0,0.0,0.0,0.0,0.0,0.0,0.0,0.0,0.0,0.0,0.0,0.0,0.0,0.0,0.0,0.0,0.0,0.0,0.0,0.0,0.0,0.0,0.0,0.0,0.0,0.0,0.0,0.0,0.0,0.0,0.0,0.0,0.0,0.0,0.0,0.0,0.0,0.0,0.0,0.0,0.0,0.0,0.0,0.0,0.0,0.0,0.0,0.0,0.0,0.0,0.0,0.0,0.0,0.0,0.0,0.0,0.0,0.0,0.0,0.0,0.0,0.0,0.0,0.0,0.0,0.0,0.0,0.0,0.0,0.0,0.0,0.0,0.0,0.0,0.0,0.0,0.0,0.0,0.0,0.0
2017-05-30 04:20:00+02:00,0.0,0.0,0.0,0.0,0.0,0.0,0.0,0.0,0.0,0.0,0.0,0.0,0.0,0.0,0.0,0.0,0.0,0.0,0.0,0.0,0.0,0.0,0.0,0.0,0.0,0.0,0.0,0.0,0.0,0.0,0.0,0.0,0.0,0.0,0.0,0.0,0.0,0.0,0.0,0.0,0.0,0.0,0.0,0.0,0.0,0.0,0.0,0.0,0.0,0.0,0.0,0.0,0.0,0.0,0.0,0.0,0.0,0.0,0.0,0.0,0.0,0.0,0.0,0.0,0.0,0.0,0.0,0.0,0.0,0.0,0.0,0.0,0.0,0.0,0.0,0.0,0.0,0.0,0.0,0.0,0.0,0.0,0.0,0.0,0.0,0.0,0.0,0.0,0.0,0.0,0.0,0.0,0.0,0.0,0.0,0.0,0.0,0.0,0.0,0.0,0.0,0.0,0.0,0.0,0.0,0.0,0.0,0.0,0.0,0.0,0.0,0.0,0.0,0.0,0.0,0.0,0.0,0.0
2017-05-30 04:21:00+02:00,0.0,0.0,0.0,0.0,0.0,0.0,0.0,0.0,0.0,0.0,0.0,0.0,0.0,0.0,0.0,0.0,0.0,0.0,0.0,0.0,0.0,0.0,0.0,0.0,0.0,0.0,0.0,0.0,0.0,0.0,0.0,0.0,0.0,0.0,0.0,0.0,0.0,0.0,0.0,0.0,0.0,0.0,0.0,0.0,0.0,0.0,0.0,0.0,0.0,0.0,0.0,0.0,0.0,0.0,0.0,0.0,0.0,0.0,0.0,0.0,0.0,0.0,0.0,0.0,0.0,0.0,0.0,0.0,0.0,0.0,0.0,0.0,0.0,0.0,0.0,0.0,0.0,0.0,0.0,0.0,0.0,0.0,0.0,0.0,0.0,0.0,0.0,0.0,0.0,0.0,0.0,0.0,0.0,0.0,0.0,0.0,0.0,0.0,0.0,0.0,0.0,0.0,0.0,0.0,0.0,0.0,0.0,0.0,0.0,0.0,0.0,0.0,0.0,0.0,0.0,0.0,0.0,0.0
2017-05-30 04:22:00+02:00,0.0,0.0,0.0,0.0,0.0,0.0,0.0,0.0,0.0,0.0,0.0,0.0,0.0,0.0,0.0,0.0,0.0,0.0,0.0,0.0,0.0,0.0,0.0,0.0,0.0,0.0,0.0,0.0,0.0,0.0,0.0,0.0,0.0,0.0,0.0,0.0,0.0,0.0,0.0,0.0,0.0,0.0,0.0,0.0,0.0,0.0,0.0,0.0,0.0,0.0,0.0,0.0,0.0,0.0,0.0,0.0,0.0,0.0,0.0,0.0,0.0,0.0,0.0,0.0,0.0,0.0,0.0,0.0,0.0,0.0,0.0,0.0,0.0,0.0,0.0,0.0,0.0,0.0,0.0,0.0,0.0,0.0,0.0,0.0,0.0,0.0,0.0,0.0,0.0,0.0,0.0,0.0,0.0,0.0,0.0,0.0,0.0,0.0,0.0,0.0,0.0,0.0,0.0,0.0,0.0,0.0,0.0,0.0,0.0,0.0,0.0,0.0,0.0,0.0,0.0,0.0,0.0,0.0
2017-05-30 04:23:00+02:00,0.0,0.0,0.0,0.0,0.0,0.0,0.0,0.0,0.0,0.0,0.0,0.0,0.0,0.0,0.0,0.0,0.0,0.0,0.0,0.0,0.0,0.0,0.0,0.0,0.0,0.0,0.0,0.0,0.0,0.0,0.0,0.0,0.0,0.0,0.0,0.0,0.0,0.0,0.0,0.0,0.0,0.0,0.0,0.0,0.0,0.0,0.0,0.0,0.0,0.0,0.0,0.0,0.0,0.0,0.0,0.0,0.0,0.0,0.0,0.0,0.0,0.0,0.0,0.0,0.0,0.0,0.0,0.0,0.0,0.0,0.0,0.0,0.0,0.0,0.0,0.0,0.0,0.0,0.0,0.0,0.0,0.0,0.0,0.0,0.0,0.0,0.0,0.0,0.0,0.0,0.0,0.0,0.0,0.0,0.0,0.0,0.0,0.0,0.0,0.0,0.0,0.0,0.0,0.0,0.0,0.0,0.0,0.0,0.0,0.0,0.0,0.0,0.0,0.0,0.0,0.0,0.0,0.0
2017-05-30 04:24:00+02:00,0.0,0.0,0.0,0.0,0.0,0.0,0.0,0.0,0.0,0.0,0.0,0.0,0.0,0.0,0.0,0.0,0.0,0.0,0.0,0.0,0.0,0.0,0.0,0.0,0.0,0.0,0.0,0.0,0.0,0.0,0.0,0.0,0.0,0.0,0.0,0.0,0.0,0.0,0.0,0.0,0.0,0.0,0.0,0.0,0.0,0.0,0.0,0.0,0.0,0.0,0.0,0.0,0.0,0.0,0.0,0.0,0.0,0.0,0.0,0.0,0.0,0.0,0.0,0.0,0.0,0.0,0.0,0.0,0.0,0.0,0.0,0.0,0.0,0.0,0.0,0.0,0.0,0.0,0.0,0.0,0.0,0.0,0.0,0.0,0.0,0.0,0.0,0.0,0.0,0.0,0.0,0.0,0.0,0.0,0.0,0.0,0.0,0.0,0.0,0.0,0.0,0.0,0.0,0.0,0.0,0.0,0.0,0.0,0.0,0.0,0.0,0.0,0.0,0.0,0.0,0.0,0.0,0.0
2017-05-30 04:25:00+02:00,0.0,0.0,0.0,0.0,0.0,0.0,0.0,0.0,0.0,0.0,0.0,0.0,0.0,0.0,0.0,0.0,0.0,0.0,0.0,0.0,0.0,0.0,0.0,0.0,0.0,0.0,0.0,0.0,0.0,0.0,0.0,0.0,0.0,0.0,0.0,0.0,0.0,0.0,0.0,0.0,0.0,0.0,0.0,0.0,0.0,0.0,0.0,0.0,0.0,0.0,0.0,0.0,0.0,0.0,0.0,0.0,0.0,0.0,0.0,0.0,0.0,0.0,0.0,0.0,0.0,0.0,0.0,0.0,0.0,0.0,0.0,0.0,0.0,0.0,0.0,0.0,0.0,0.0,0.0,0.0,0.0,0.0,0.0,0.0,0.0,0.0,0.0,0.0,0.0,0.0,0.0,0.0,0.0,0.0,0.0,0.0,0.0,0.0,0.0,0.0,0.0,0.0,0.0,0.0,0.0,0.0,0.0,0.0,0.0,0.0,0.0,0.0,0.0,0.0,0.0,0.0,0.0,0.0
2017-05-30 04:26:00+02:00,0.0,0.0,0.0,0.0,0.0,0.0,0.0,0.0,0.0,0.0,0.0,0.0,0.0,0.0,0.0,0.0,0.0,0.0,0.0,0.0,0.0,0.0,0.0,0.0,0.0,0.0,0.0,0.0,0.0,0.0,0.0,0.0,0.0,0.0,0.0,0.0,0.0,0.0,0.0,0.0,0.0,0.0,0.0,0.0,0.0,0.0,0.0,0.0,0.0,0.0,0.0,0.0,0.0,0.0,0.0,0.0,0.0,0.0,0.0,0.0,0.0,0.0,0.0,0.0,0.0,0.0,0.0,0.0,0.0,0.0,0.0,0.0,0.0,0.0,0.0,0.0,0.0,0.0,0.0,0.0,0.0,0.0,0.0,0.0,0.0,0.0,0.0,0.0,0.0,0.0,0.0,0.0,0.0,0.0,0.0,0.0,0.0,0.0,0.0,0.0,0.0,0.0,0.0,0.0,0.0,0.0,0.0,0.0,0.0,0.0,0.0,0.0,0.0,0.0,0.0,0.0,0.0,0.0
2017-05-30 04:27:00+02:00,0.0,0.0,0.0,0.0,0.0,0.0,0.0,0.0,0.0,0.0,0.0,0.0,0.0,0.0,0.0,0.0,0.0,0.0,0.0,0.0,0.0,0.0,0.0,0.0,0.0,0.0,0.0,0.0,0.0,0.0,0.0,0.0,0.0,0.0,0.0,0.0,0.0,0.0,0.0,0.0,0.0,0.0,0.0,0.0,0.0,0.0,0.0,0.0,0.0,0.0,0.0,0.0,0.0,0.0,0.0,0.0,0.0,0.0,0.0,0.0,0.0,0.0,0.0,0.0,0.0,0.0,0.0,0.0,0.0,0.0,0.0,0.0,0.0,0.0,0.0,0.0,0.0,0.0,0.0,0.0,0.0,0.0,0.0,0.0,0.0,0.0,0.0,0.0,0.0,0.0,0.0,0.0,0.0,0.0,0.0,0.0,0.0,0.0,0.0,0.0,0.0,0.0,0.0,0.0,0.0,0.0,0.0,0.0,0.0,0.0,0.0,0.0,0.0,0.0,0.0,0.0,0.0,0.0
2017-05-30 04:28:00+02:00,0.0,0.0,0.0,0.0,0.0,0.0,0.0,0.0,0.0,0.0,0.0,0.0,0.0,0.0,0.0,0.0,0.0,0.0,0.0,0.0,0.0,0.0,0.0,0.0,0.0,0.0,0.0,0.0,0.0,0.0,0.0,0.0,0.0,0.0,0.0,0.0,0.0,0.0,0.0,0.0,0.0,0.0,0.0,0.0,0.0,0.0,0.0,0.0,0.0,0.0,0.0,0.0,0.0,0.0,0.0,0.0,0.0,0.0,0.0,0.0,0.0,0.0,0.0,0.0,0.0,0.0,0.0,0.0,0.0,0.0,0.0,0.0,0.0,0.0,0.0,0.0,0.0,0.0,0.0,0.0,0.0,0.0,0.0,0.0,0.0,0.0,0.0,0.0,0.0,0.0,0.0,0.0,0.0,0.0,0.0,0.0,0.0,0.0,0.0,0.0,0.0,0.0,0.0,0.0,0.0,0.0,0.0,0.0,0.0,0.0,0.0,0.0,0.0,0.0,0.0,0.0,0.0,0.0
2017-05-30 04:29:00+02:00,0.0,0.0,0.0,0.0,0.0,0.0,0.0,0.0,0.0,0.0,0.0,0.0,0.0,0.0,0.0,0.0,0.0,0.0,0.0,0.0,0.0,0.0,0.0,0.0,0.0,0.0,0.0,0.0,0.0,0.0,0.0,0.0,0.0,0.0,0.0,0.0,0.0,0.0,0.0,0.0,0.0,0.0,0.0,0.0,0.0,0.0,0.0,0.0,0.0,0.0,0.0,0.0,0.0,0.0,0.0,0.0,0.0,0.0,0.0,0.0,0.0,0.0,0.0,0.0,0.0,0.0,0.0,0.0,0.0,0.0,0.0,0.0,0.0,0.0,0.0,0.0,0.0,0.0,0.0,0.0,0.0,0.0,0.0,0.0,0.0,0.0,0.0,0.0,0.0,0.0,0.0,0.0,0.0,0.0,0.0,0.0,0.0,0.0,0.0,0.0,0.0,0.0,0.0,0.0,0.0,0.0,0.0,0.0,0.0,0.0,0.0,0.0,0.0,0.0,0.0,0.0,0.0,0.0
2017-05-30 04:30:00+02:00,0.0,0.0,0.0,0.0,0.0,0.0,0.0,0.0,0.0,0.0,0.0,0.0,0.0,0.0,0.0,0.0,0.0,0.0,0.0,0.0,0.0,0.0,0.0,0.0,0.0,0.0,0.0,0.0,0.0,0.0,0.0,0.0,0.0,0.0,0.0,0.0,0.0,0.0,0.0,0.0,0.0,0.0,0.0,0.0,0.0,0.0,0.0,0.0,0.0,0.0,0.0,0.0,0.0,0.0,0.0,0.0,0.0,0.0,0.0,0.0,0.0,0.0,0.0,0.0,0.0,0.0,0.0,0.0,0.0,0.0,0.0,0.0,0.0,0.0,0.0,0.0,0.0,0.0,0.0,0.0,0.0,0.0,0.0,0.0,0.0,0.0,0.0,0.0,0.0,0.0,0.0,0.0,0.0,0.0,0.0,0.0,0.0,0.0,0.0,0.0,0.0,0.0,0.0,0.0,0.0,0.0,0.0,0.0,0.0,0.0,0.0,0.0,0.0,0.0,0.0,0.0,0.0,0.0
2017-05-30 04:31:00+02:00,0.0,0.0,0.0,0.0,0.0,0.0,0.0,0.0,0.0,0.0,0.0,0.0,0.0,0.0,0.0,0.0,0.0,0.0,0.0,0.0,0.0,0.0,0.0,0.0,0.0,0.0,0.0,0.0,0.0,0.0,0.0,0.0,0.0,0.0,0.0,0.0,0.0,0.0,0.0,0.0,0.0,0.0,0.0,0.0,0.0,0.0,0.0,0.0,0.0,0.0,0.0,0.0,0.0,0.0,0.0,0.0,0.0,0.0,0.0,0.0,0.0,0.0,0.0,0.0,0.0,0.0,0.0,0.0,0.0,0.0,0.0,0.0,0.0,0.0,0.0,0.0,0.0,0.0,0.0,0.0,0.0,0.0,0.0,0.0,0.0,0.0,0.0,0.0,0.0,0.0,0.0,0.0,0.0,0.0,0.0,0.0,0.0,0.0,0.0,0.0,0.0,0.0,0.0,0.0,0.0,0.0,0.0,0.0,0.0,0.0,0.0,0.0,0.0,0.0,0.0,0.0,0.0,0.0
2017-05-30 04:32:00+02:00,0.0,0.0,0.0,0.0,0.0,0.0,0.0,0.0,0.0,0.0,0.0,0.0,0.0,0.0,0.0,0.0,0.0,0.0,0.0,0.0,0.0,0.0,0.0,0.0,0.0,0.0,0.0,0.0,0.0,0.0,0.0,0.0,0.0,0.0,0.0,0.0,0.0,0.0,0.0,0.0,0.0,0.0,0.0,0.0,0.0,0.0,0.0,0.0,0.0,0.0,0.0,0.0,0.0,0.0,0.0,0.0,0.0,0.0,0.0,0.0,0.0,0.0,0.0,0.0,0.0,0.0,0.0,0.0,0.0,0.0,0.0,0.0,0.0,0.0,0.0,0.0,0.0,0.0,0.0,0.0,0.0,0.0,0.0,0.0,0.0,0.0,0.0,0.0,0.0,0.0,0.0,0.0,0.0,0.0,0.0,0.0,0.0,0.0,0.0,0.0,0.0,0.0,0.0,0.0,0.0,0.0,0.0,0.0,0.0,0.0,0.0,0.0,0.0,0.0,0.0,0.0,0.0,0.0
2017-05-30 04:33:00+02:00,0.0,0.0,0.0,0.0,0.0,0.0,0.0,0.0,0.0,0.0,0.0,0.0,0.0,0.0,0.0,0.0,0.0,0.0,0.0,0.0,0.0,0.0,0.0,0.0,0.0,0.0,0.0,0.0,0.0,0.0,0.0,0.0,0.0,0.0,0.0,0.0,0.0,0.0,0.0,0.0,0.0,0.0,0.0,0.0,0.0,0.0,0.0,0.0,0.0,0.0,0.0,0.0,0.0,0.0,0.0,0.0,0.0,0.0,0.0,0.0,0.0,0.0,0.0,0.0,0.0,0.0,0.0,0.0,0.0,0.0,0.0,0.0,0.0,0.0,0.0,0.0,0.0,0.0,0.0,0.0,0.0,0.0,0.0,0.0,0.0,0.0,0.0,0.0,0.0,0.0,0.0,0.0,0.0,0.0,0.0,0.0,0.0,0.0,0.0,0.0,0.0,0.0,0.0,0.0,0.0,0.0,0.0,0.0,0.0,0.0,0.0,0.0,0.0,0.0,0.0,0.0,0.0,0.0
2017-05-30 04:34:00+02:00,0.0,0.0,0.0,0.0,0.0,0.0,0.0,0.0,0.0,0.0,0.0,0.0,0.0,0.0,0.0,0.0,0.0,0.0,0.0,0.0,0.0,0.0,0.0,0.0,0.0,0.0,0.0,0.0,0.0,0.0,0.0,0.0,0.0,0.0,0.0,0.0,0.0,0.0,0.0,0.0,0.0,0.0,0.0,0.0,0.0,0.0,0.0,0.0,0.0,0.0,0.0,0.0,0.0,0.0,0.0,0.0,0.0,0.0,0.0,0.0,0.0,0.0,0.0,0.0,0.0,0.0,0.0,0.0,0.0,0.0,0.0,0.0,0.0,0.0,0.0,0.0,0.0,0.0,0.0,0.0,0.0,0.0,0.0,0.0,0.0,0.0,0.0,0.0,0.0,0.0,0.0,0.0,0.0,0.0,0.0,0.0,0.0,0.0,0.0,0.0,0.0,0.0,0.0,0.0,0.0,0.0,0.0,0.0,0.0,0.0,0.0,0.0,0.0,0.0,0.0,0.0,0.0,0.0
2017-05-30 04:35:00+02:00,0.0,0.0,0.0,0.0,0.0,0.0,0.0,0.0,0.0,0.0,0.0,0.0,0.0,0.0,0.0,0.0,0.0,0.0,0.0,0.0,0.0,0.0,0.0,0.0,0.0,0.0,0.0,0.0,0.0,0.0,0.0,0.0,0.0,0.0,0.0,0.0,0.0,0.0,0.0,0.0,0.0,0.0,0.0,0.0,0.0,0.0,0.0,0.0,0.0,0.0,0.0,0.0,0.0,0.0,0.0,0.0,0.0,0.0,0.0,0.0,0.0,0.0,0.0,0.0,0.0,0.0,0.0,0.0,0.0,0.0,0.0,0.0,0.0,0.0,0.0,0.0,0.0,0.0,0.0,0.0,0.0,0.0,0.0,0.0,0.0,0.0,0.0,0.0,0.0,0.0,0.0,0.0,0.0,0.0,0.0,0.0,0.0,0.0,0.0,0.0,0.0,0.0,0.0,0.0,0.0,0.0,0.0,0.0,0.0,0.0,0.0,0.0,0.0,0.0,0.0,0.0,0.0,0.0
2017-05-30 04:36:00+02:00,0.0,0.0,0.0,0.0,0.0,0.0,0.0,0.0,0.0,0.0,0.0,0.0,0.0,0.0,0.0,0.0,0.0,0.0,0.0,0.0,0.0,0.0,0.0,0.0,0.0,0.0,0.0,0.0,0.0,0.0,0.0,0.0,0.0,0.0,0.0,0.0,0.0,0.0,0.0,0.0,0.0,0.0,0.0,0.0,0.0,0.0,0.0,0.0,0.0,0.0,0.0,0.0,0.0,0.0,0.0,0.0,0.0,0.0,0.0,0.0,0.0,0.0,0.0,0.0,0.0,0.0,0.0,0.0,0.0,0.0,0.0,0.0,0.0,0.0,0.0,0.0,0.0,0.0,0.0,0.0,0.0,0.0,0.0,0.0,0.0,0.0,0.0,0.0,0.0,0.0,0.0,0.0,0.0,0.0,0.0,0.0,0.0,0.0,0.0,0.0,0.0,0.0,0.0,0.0,0.0,0.0,0.0,0.0,0.0,0.0,0.0,0.0,0.0,0.0,0.0,0.0,0.0,0.0
2017-05-30 04:37:00+02:00,0.0,0.0,0.0,0.0,0.0,0.0,0.0,0.0,0.0,0.0,0.0,0.0,0.0,0.0,0.0,0.0,0.0,0.0,0.0,0.0,0.0,0.0,0.0,0.0,0.0,0.0,0.0,0.0,0.0,0.0,0.0,0.0,0.0,0.0,0.0,0.0,0.0,0.0,0.0,0.0,0.0,0.0,0.0,0.0,0.0,0.0,0.0,0.0,0.0,0.0,0.0,0.0,0.0,0.0,0.0,0.0,0.0,0.0,0.0,0.0,0.0,0.0,0.0,0.0,0.0,0.0,0.0,0.0,0.0,0.0,0.0,0.0,0.0,0.0,0.0,0.0,0.0,0.0,0.0,0.0,0.0,0.0,0.0,0.0,0.0,0.0,0.0,0.0,0.0,0.0,0.0,0.0,0.0,0.0,0.0,0.0,0.0,0.0,0.0,0.0,0.0,0.0,0.0,0.0,0.0,0.0,0.0,0.0,0.0,0.0,0.0,0.0,0.0,0.0,0.0,0.0,0.0,0.0
2017-05-30 04:38:00+02:00,0.0,0.0,0.0,0.0,0.0,0.0,0.0,0.0,0.0,0.0,0.0,0.0,0.0,0.0,0.0,0.0,0.0,0.0,0.0,0.0,0.0,0.0,0.0,0.0,0.0,0.0,0.0,0.0,0.0,0.0,0.0,0.0,0.0,0.0,0.0,0.0,0.0,0.0,0.0,0.0,0.0,0.0,0.0,0.0,0.0,0.0,0.0,0.0,0.0,0.0,0.0,0.0,0.0,0.0,0.0,0.0,0.0,0.0,0.0,0.0,0.0,0.0,0.0,0.0,0.0,0.0,0.0,0.0,0.0,0.0,0.0,0.0,0.0,0.0,0.0,0.0,0.0,0.0,0.0,0.0,0.0,0.0,0.0,0.0,0.0,0.0,0.0,0.0,0.0,0.0,0.0,0.0,0.0,0.0,0.0,0.0,0.0,0.0,0.0,0.0,0.0,0.0,0.0,0.0,0.0,0.0,0.0,0.0,0.0,0.0,0.0,0.0,0.0,0.0,0.0,0.0,0.0,0.0
2017-05-30 04:39:00+02:00,0.0,0.0,0.0,0.0,0.0,0.0,0.0,0.0,0.0,0.0,0.0,0.0,0.0,0.0,0.0,0.0,0.0,0.0,0.0,0.0,0.0,0.0,0.0,0.0,0.0,0.0,0.0,0.0,0.0,0.0,0.0,0.0,0.0,0.0,0.0,0.0,0.0,0.0,0.0,0.0,0.0,0.0,0.0,0.0,0.0,0.0,0.0,0.0,0.0,0.0,0.0,0.0,0.0,0.0,0.0,0.0,0.0,0.0,0.0,0.0,0.0,0.0,0.0,0.0,0.0,0.0,0.0,0.0,0.0,0.0,0.0,0.0,0.0,0.0,0.0,0.0,0.0,0.0,0.0,0.0,0.0,0.0,0.0,0.0,0.0,0.0,0.0,0.0,0.0,0.0,0.0,0.0,0.0,0.0,0.0,0.0,0.0,0.0,0.0,0.0,0.0,0.0,0.0,0.0,0.0,0.0,0.0,0.0,0.0,0.0,0.0,0.0,0.0,0.0,0.0,0.0,0.0,0.0
2017-05-30 04:40:00+02:00,0.0,0.0,0.0,0.0,0.0,0.0,0.0,0.0,0.0,0.0,0.0,0.0,0.0,0.0,0.0,0.0,0.0,0.0,0.0,0.0,0.0,0.0,0.0,0.0,0.0,0.0,0.0,0.0,0.0,0.0,0.0,0.0,0.0,0.0,0.0,0.0,0.0,0.0,0.0,0.0,0.0,0.0,0.0,0.0,0.0,0.0,0.0,0.0,0.0,0.0,0.0,0.0,0.0,0.0,0.0,0.0,0.0,0.0,0.0,0.0,0.0,0.0,0.0,0.0,0.0,0.0,0.0,0.0,0.0,0.0,0.0,0.0,0.0,0.0,0.0,0.0,0.0,0.0,0.0,0.0,0.0,0.0,0.0,0.0,0.0,0.0,0.0,0.0,0.0,0.0,0.0,0.0,0.0,0.0,0.0,0.0,0.0,0.0,0.0,0.0,0.0,0.0,0.0,0.0,0.0,0.0,0.0,0.0,0.0,0.0,0.0,0.0,0.0,0.0,0.0,0.0,0.0,0.0
2017-05-30 04:41:00+02:00,0.0,0.0,0.0,0.0,0.0,0.0,0.0,0.0,0.0,0.0,0.0,0.0,0.0,0.0,0.0,0.0,0.0,0.0,0.0,0.0,0.0,0.0,0.0,0.0,0.0,0.0,0.0,0.0,0.0,0.0,0.0,0.0,0.0,0.0,0.0,0.0,0.0,0.0,0.0,0.0,0.0,0.0,0.0,0.0,0.0,0.0,0.0,0.0,0.0,0.0,0.0,0.0,0.0,0.0,0.0,0.0,0.0,0.0,0.0,0.0,0.0,0.0,0.0,0.0,0.0,0.0,0.0,0.0,0.0,0.0,0.0,0.0,0.0,0.0,0.0,0.0,0.0,0.0,0.0,0.0,0.0,0.0,0.0,0.0,0.0,0.0,0.0,0.0,0.0,0.0,0.0,0.0,0.0,0.0,0.0,0.0,0.0,0.0,0.0,0.0,0.0,0.0,0.0,0.0,0.0,0.0,0.0,0.0,0.0,0.0,0.0,0.0,0.0,0.0,0.0,0.0,0.0,0.0
2017-05-30 04:42:00+02:00,0.0,0.0,0.0,0.0,0.0,0.0,0.0,0.0,0.0,0.0,0.0,0.0,0.0,0.0,0.0,0.0,0.0,0.0,0.0,0.0,0.0,0.0,0.0,0.0,0.0,0.0,0.0,0.0,0.0,0.0,0.0,0.0,0.0,0.0,0.0,0.0,0.0,0.0,0.0,0.0,0.0,0.0,0.0,0.0,0.0,0.0,0.0,0.0,0.0,0.0,0.0,0.0,0.0,0.0,0.0,0.0,0.0,0.0,0.0,0.0,0.0,0.0,0.0,0.0,0.0,0.0,0.0,0.0,0.0,0.0,0.0,0.0,0.0,0.0,0.0,0.0,0.0,0.0,0.0,0.0,0.0,0.0,0.0,0.0,0.0,0.0,0.0,0.0,0.0,0.0,0.0,0.0,0.0,0.0,0.0,0.0,0.0,0.0,0.0,0.0,0.0,0.0,0.0,0.0,0.0,0.0,0.0,0.0,0.0,0.0,0.0,0.0,0.0,0.0,0.0,0.0,0.0,0.0
2017-05-30 04:43:00+02:00,0.0,0.0,0.0,0.0,0.0,0.0,0.0,0.0,0.0,0.0,0.0,0.0,0.0,0.0,0.0,0.0,0.0,0.0,0.0,0.0,0.0,0.0,0.0,0.0,0.0,0.0,0.0,0.0,0.0,0.0,0.0,0.0,0.0,0.0,0.0,0.0,0.0,0.0,0.0,0.0,0.0,0.0,0.0,0.0,0.0,0.0,0.0,0.0,0.0,0.0,0.0,0.0,0.0,0.0,0.0,0.0,0.0,0.0,0.0,0.0,0.0,0.0,0.0,0.0,0.0,0.0,0.0,0.0,0.0,0.0,0.0,0.0,0.0,0.0,0.0,0.0,0.0,0.0,0.0,0.0,0.0,0.0,0.0,0.0,0.0,0.0,0.0,0.0,0.0,0.0,0.0,0.0,0.0,0.0,0.0,0.0,0.0,0.0,0.0,0.0,0.0,0.0,0.0,0.0,0.0,0.0,0.0,0.0,0.0,0.0,0.0,0.0,0.0,0.0,0.0,0.0,0.0,0.0
2017-05-30 04:44:00+02:00,0.0,0.0,0.0,0.0,0.0,0.0,0.0,0.0,0.0,0.0,0.0,0.0,0.0,0.0,0.0,0.0,0.0,0.0,0.0,0.0,0.0,0.0,0.0,0.0,0.0,0.0,0.0,0.0,0.0,0.0,0.0,0.0,0.0,0.0,0.0,0.0,0.0,0.0,0.0,0.0,0.0,0.0,0.0,0.0,0.0,0.0,0.0,0.0,0.0,0.0,0.0,0.0,0.0,0.0,0.0,0.0,0.0,0.0,0.0,0.0,0.0,0.0,0.0,0.0,0.0,0.0,0.0,0.0,0.0,0.0,0.0,0.0,0.0,0.0,0.0,0.0,0.0,0.0,0.0,0.0,0.0,0.0,0.0,0.0,0.0,0.0,0.0,0.0,0.0,0.0,0.0,0.0,0.0,0.0,0.0,0.0,0.0,0.0,0.0,0.0,0.0,0.0,0.0,0.0,0.0,0.0,0.0,0.0,0.0,0.0,0.0,0.0,0.0,0.0,0.0,0.0,0.0,0.0
2017-05-30 04:45:00+02:00,0.0,0.0,0.0,0.0,0.0,0.0,0.0,0.0,0.0,0.0,0.0,0.0,0.0,0.0,0.0,0.0,0.0,0.0,0.0,0.0,0.0,0.0,0.0,0.0,0.0,0.0,0.0,0.0,0.0,0.0,0.0,0.0,0.0,0.0,0.0,0.0,0.0,0.0,0.0,0.0,0.0,0.0,0.0,0.0,0.0,0.0,0.0,0.0,0.0,0.0,0.0,0.0,0.0,0.0,0.0,0.0,0.0,0.0,0.0,0.0,0.0,0.0,0.0,0.0,0.0,0.0,0.0,0.0,0.0,0.0,0.0,0.0,0.0,0.0,0.0,0.0,0.0,0.0,0.0,0.0,0.0,0.0,0.0,0.0,0.0,0.0,0.0,0.0,0.0,0.0,0.0,0.0,0.0,0.0,0.0,0.0,0.0,0.0,0.0,0.0,0.0,0.0,0.0,0.0,0.0,0.0,0.0,0.0,0.0,0.0,0.0,0.0,0.0,0.0,0.0,0.0,0.0,0.0
2017-05-30 04:46:00+02:00,0.0,0.0,0.0,0.0,0.0,0.0,0.0,0.0,0.0,0.0,0.0,0.0,0.0,0.0,0.0,0.0,0.0,0.0,0.0,0.0,0.0,0.0,0.0,0.0,0.0,0.0,0.0,0.0,0.0,0.0,0.0,0.0,0.0,0.0,0.0,0.0,0.0,0.0,0.0,0.0,0.0,0.0,0.0,0.0,0.0,0.0,0.0,0.0,0.0,0.0,0.0,0.0,0.0,0.0,0.0,0.0,0.0,0.0,0.0,0.0,0.0,0.0,0.0,0.0,0.0,0.0,0.0,0.0,0.0,0.0,0.0,0.0,0.0,0.0,0.0,0.0,0.0,0.0,0.0,0.0,0.0,0.0,0.0,0.0,0.0,0.0,0.0,0.0,0.0,0.0,0.0,0.0,0.0,0.0,0.0,0.0,0.0,0.0,0.0,0.0,0.0,0.0,0.0,0.0,0.0,0.0,0.0,0.0,0.0,0.0,0.0,0.0,0.0,0.0,0.0,0.0,0.0,0.0
2017-05-30 04:47:00+02:00,0.0,0.0,0.0,0.0,0.0,0.0,0.0,0.0,0.0,0.0,0.0,0.0,0.0,0.0,0.0,0.0,0.0,0.0,0.0,0.0,0.0,0.0,0.0,0.0,0.0,0.0,0.0,0.0,0.0,0.0,0.0,0.0,0.0,0.0,0.0,0.0,0.0,0.0,0.0,0.0,0.0,0.0,0.0,0.0,0.0,0.0,0.0,0.0,0.0,0.0,0.0,0.0,0.0,0.0,0.0,0.0,0.0,0.0,0.0,0.0,0.0,0.0,0.0,0.0,0.0,0.0,0.0,0.0,0.0,0.0,0.0,0.0,0.0,0.0,0.0,0.0,0.0,0.0,0.0,0.0,0.0,0.0,0.0,0.0,0.0,0.0,0.0,0.0,0.0,0.0,0.0,0.0,0.0,0.0,0.0,0.0,0.0,0.0,0.0,0.0,0.0,0.0,0.0,0.0,0.0,0.0,0.0,0.0,0.0,0.0,0.0,0.0,0.0,0.0,0.0,0.0,0.0,0.0
2017-05-30 04:48:00+02:00,0.0,0.0,0.0,0.0,0.0,0.0,0.0,0.0,0.0,0.0,0.0,0.0,0.0,0.0,0.0,0.0,0.0,0.0,0.0,0.0,0.0,0.0,0.0,0.0,0.0,0.0,0.0,0.0,0.0,0.0,0.0,0.0,0.0,0.0,0.0,0.0,0.0,0.0,0.0,0.0,0.0,0.0,0.0,0.0,0.0,0.0,0.0,0.0,0.0,0.0,0.0,0.0,0.0,0.0,0.0,0.0,0.0,0.0,0.0,0.0,0.0,0.0,0.0,0.0,0.0,0.0,0.0,0.0,0.0,0.0,0.0,0.0,0.0,0.0,0.0,0.0,0.0,0.0,0.0,0.0,0.0,0.0,0.0,0.0,0.0,0.0,0.0,0.0,0.0,0.0,0.0,0.0,0.0,0.0,0.0,0.0,0.0,0.0,0.0,0.0,0.0,0.0,0.0,0.0,0.0,0.0,0.0,0.0,0.0,0.0,0.0,0.0,0.0,0.0,0.0,0.0,0.0,0.0
2017-05-30 04:49:00+02:00,0.0,0.0,0.0,0.0,0.0,0.0,0.0,0.0,0.0,0.0,0.0,0.0,0.0,0.0,0.0,0.0,0.0,0.0,0.0,0.0,0.0,0.0,0.0,0.0,0.0,0.0,0.0,0.0,0.0,0.0,0.0,0.0,0.0,0.0,0.0,0.0,0.0,0.0,0.0,0.0,0.0,0.0,0.0,0.0,0.0,0.0,0.0,0.0,0.0,0.0,0.0,0.0,0.0,0.0,0.0,0.0,0.0,0.0,0.0,0.0,0.0,0.0,0.0,0.0,0.0,0.0,0.0,0.0,0.0,0.0,0.0,0.0,0.0,0.0,0.0,0.0,0.0,0.0,0.0,0.0,0.0,0.0,0.0,0.0,0.0,0.0,0.0,0.0,0.0,0.0,0.0,0.0,0.0,0.0,0.0,0.0,0.0,0.0,0.0,0.0,0.0,0.0,0.0,0.0,0.0,0.0,0.0,0.0,0.0,0.0,0.0,0.0,0.0,0.0,0.0,0.0,0.0,0.0
2017-05-30 04:50:00+02:00,0.0,0.0,0.0,0.0,0.0,0.0,0.0,0.0,0.0,0.0,0.0,0.0,0.0,0.0,0.0,0.0,0.0,0.0,0.0,0.0,0.0,0.0,0.0,0.0,0.0,0.0,0.0,0.0,0.0,0.0,0.0,0.0,0.0,0.0,0.0,0.0,0.0,0.0,0.0,0.0,0.0,0.0,0.0,0.0,0.0,0.0,0.0,0.0,0.0,0.0,0.0,0.0,0.0,0.0,0.0,0.0,0.0,0.0,0.0,0.0,0.0,0.0,0.0,0.0,0.0,0.0,0.0,0.0,0.0,0.0,0.0,0.0,0.0,0.0,0.0,0.0,0.0,0.0,0.0,0.0,0.0,0.0,0.0,0.0,0.0,0.0,0.0,0.0,0.0,0.0,0.0,0.0,0.0,0.0,0.0,0.0,0.0,0.0,0.0,0.0,0.0,0.0,0.0,0.0,0.0,0.0,0.0,0.0,0.0,0.0,0.0,0.0,0.0,0.0,0.0,0.0,0.0,0.0
2017-05-30 04:51:00+02:00,0.0,0.0,0.0,0.0,0.0,0.0,0.0,0.0,0.0,0.0,0.0,0.0,0.0,0.0,0.0,0.0,0.0,0.0,0.0,0.0,0.0,0.0,0.0,0.0,0.0,0.0,0.0,0.0,0.0,0.0,0.0,0.0,0.0,0.0,0.0,0.0,0.0,0.0,0.0,0.0,0.0,0.0,0.0,0.0,0.0,0.0,0.0,0.0,0.0,0.0,0.0,0.0,0.0,0.0,0.0,0.0,0.0,0.0,0.0,0.0,0.0,0.0,0.0,0.0,0.0,0.0,0.0,0.0,0.0,0.0,0.0,0.0,0.0,0.0,0.0,0.0,0.0,0.0,0.0,0.0,0.0,0.0,0.0,0.0,0.0,0.0,0.0,0.0,0.0,0.0,0.0,0.0,0.0,0.0,0.0,0.0,0.0,0.0,0.0,0.0,0.0,0.0,0.0,0.0,0.0,0.0,0.0,0.0,0.0,0.0,0.0,0.0,0.0,0.0,0.0,0.0,0.0,0.0
2017-05-30 04:52:00+02:00,0.0,0.0,0.0,0.0,0.0,0.0,0.0,0.0,0.0,0.0,0.0,0.0,0.0,0.0,0.0,0.0,0.0,0.0,0.0,0.0,0.0,0.0,0.0,0.0,0.0,0.0,0.0,0.0,0.0,0.0,0.0,0.0,0.0,0.0,0.0,0.0,0.0,0.0,0.0,0.0,0.0,0.0,0.0,0.0,0.0,0.0,0.0,0.0,0.0,0.0,0.0,0.0,0.0,0.0,0.0,0.0,0.0,0.0,0.0,0.0,0.0,0.0,0.0,0.0,0.0,0.0,0.0,0.0,0.0,0.0,0.0,0.0,0.0,0.0,0.0,0.0,0.0,0.0,0.0,0.0,0.0,0.0,0.0,0.0,0.0,0.0,0.0,0.0,0.0,0.0,0.0,0.0,0.0,0.0,0.0,0.0,0.0,0.0,0.0,0.0,0.0,0.0,0.0,0.0,0.0,0.0,0.0,0.0,0.0,0.0,0.0,0.0,0.0,0.0,0.0,0.0,0.0,0.0
2017-05-30 04:53:00+02:00,0.0,0.0,0.0,0.0,0.0,0.0,0.0,0.0,0.0,0.0,0.0,0.0,0.0,0.0,0.0,0.0,0.0,0.0,0.0,0.0,0.0,0.0,0.0,0.0,0.0,0.0,0.0,0.0,0.0,0.0,0.0,0.0,0.0,0.0,0.0,0.0,0.0,0.0,0.0,0.0,0.0,0.0,0.0,0.0,0.0,0.0,0.0,0.0,0.0,0.0,0.0,0.0,0.0,0.0,0.0,0.0,0.0,0.0,0.0,0.0,0.0,0.0,0.0,0.0,0.0,0.0,0.0,0.0,0.0,0.0,0.0,0.0,0.0,0.0,0.0,0.0,0.0,0.0,0.0,0.0,0.0,0.0,0.0,0.0,0.0,0.0,0.0,0.0,0.0,0.0,0.0,0.0,0.0,0.0,0.0,0.0,0.0,0.0,0.0,0.0,0.0,0.0,0.0,0.0,0.0,0.0,0.0,0.0,0.0,0.0,0.0,0.0,0.0,0.0,0.0,0.0,0.0,0.0
2017-05-30 04:54:00+02:00,0.0,0.0,0.0,0.0,0.0,0.0,0.0,0.0,0.0,0.0,0.0,0.0,0.0,0.0,0.0,0.0,0.0,0.0,0.0,0.0,0.0,0.0,0.0,0.0,0.0,0.0,0.0,0.0,0.0,0.0,0.0,0.0,0.0,0.0,0.0,0.0,0.0,0.0,0.0,0.0,0.0,0.0,0.0,0.0,0.0,0.0,0.0,0.0,0.0,0.0,0.0,0.0,0.0,0.0,0.0,0.0,0.0,0.0,0.0,0.0,0.0,0.0,0.0,0.0,0.0,0.0,0.0,0.0,0.0,0.0,0.0,0.0,0.0,0.0,0.0,0.0,0.0,0.0,0.0,0.0,0.0,0.0,0.0,0.0,0.0,0.0,0.0,0.0,0.0,0.0,0.0,0.0,0.0,0.0,0.0,0.0,0.0,0.0,0.0,0.0,0.0,0.0,0.0,0.0,0.0,0.0,0.0,0.0,0.0,0.0,0.0,0.0,0.0,0.0,0.0,0.0,0.0,0.0
2017-05-30 04:55:00+02:00,0.0,0.0,0.0,0.0,0.0,0.0,0.0,0.0,0.0,0.0,0.0,0.0,0.0,0.0,0.0,0.0,0.0,0.0,0.0,0.0,0.0,0.0,0.0,0.0,0.0,0.0,0.0,0.0,0.0,0.0,0.0,0.0,0.0,0.0,0.0,0.0,0.0,0.0,0.0,0.0,0.0,0.0,0.0,0.0,0.0,0.0,0.0,0.0,0.0,0.0,0.0,0.0,0.0,0.0,0.0,0.0,0.0,0.0,0.0,0.0,0.0,0.0,0.0,0.0,0.0,0.0,0.0,0.0,0.0,0.0,0.0,0.0,0.0,0.0,0.0,0.0,0.0,0.0,0.0,0.0,0.0,0.0,0.0,0.0,0.0,0.0,0.0,0.0,0.0,0.0,0.0,0.0,0.0,0.0,0.0,0.0,0.0,0.0,0.0,0.0,0.0,0.0,0.0,0.0,0.0,0.0,0.0,0.0,0.0,0.0,0.0,0.0,0.0,0.0,0.0,0.0,0.0,0.0
2017-05-30 04:56:00+02:00,0.0,0.0,0.0,0.0,0.0,0.0,0.0,0.0,0.0,0.0,0.0,0.0,0.0,0.0,0.0,0.0,0.0,0.0,0.0,0.0,0.0,0.0,0.0,0.0,0.0,0.0,0.0,0.0,0.0,0.0,0.0,0.0,0.0,0.0,0.0,0.0,0.0,0.0,0.0,0.0,0.0,0.0,0.0,0.0,0.0,0.0,0.0,0.0,0.0,0.0,0.0,0.0,0.0,0.0,0.0,0.0,0.0,0.0,0.0,0.0,0.0,0.0,0.0,0.0,0.0,0.0,0.0,0.0,0.0,0.0,0.0,0.0,0.0,0.0,0.0,0.0,0.0,0.0,0.0,0.0,0.0,0.0,0.0,0.0,0.0,0.0,0.0,0.0,0.0,0.0,0.0,0.0,0.0,0.0,0.0,0.0,0.0,0.0,0.0,0.0,0.0,0.0,0.0,0.0,0.0,0.0,0.0,0.0,0.0,0.0,0.0,0.0,0.0,0.0,0.0,0.0,0.0,0.0
2017-05-30 04:57:00+02:00,0.0,0.0,0.0,0.0,0.0,0.0,0.0,0.0,0.0,0.0,0.0,0.0,0.0,0.0,0.0,0.0,0.0,0.0,0.0,0.0,0.0,0.0,0.0,0.0,0.0,0.0,0.0,0.0,0.0,0.0,0.0,0.0,0.0,0.0,0.0,0.0,0.0,0.0,0.0,0.0,0.0,0.0,0.0,0.0,0.0,0.0,0.0,0.0,0.0,0.0,0.0,0.0,0.0,0.0,0.0,0.0,0.0,0.0,0.0,0.0,0.0,0.0,0.0,0.0,0.0,0.0,0.0,0.0,0.0,0.0,0.0,0.0,0.0,0.0,0.0,0.0,0.0,0.0,0.0,0.0,0.0,0.0,0.0,0.0,0.0,0.0,0.0,0.0,0.0,0.0,0.0,0.0,0.0,0.0,0.0,0.0,0.0,0.0,0.0,0.0,0.0,0.0,0.0,0.0,0.0,0.0,0.0,0.0,0.0,0.0,0.0,0.0,0.0,0.0,0.0,0.0,0.0,0.0
2017-05-30 04:58:00+02:00,0.0,0.0,0.0,0.0,0.0,0.0,0.0,0.0,0.0,0.0,0.0,0.0,0.0,0.0,0.0,0.0,0.0,0.0,0.0,0.0,0.0,0.0,0.0,0.0,0.0,0.0,0.0,0.0,0.0,0.0,0.0,0.0,0.0,0.0,0.0,0.0,0.0,0.0,0.0,0.0,0.0,0.0,0.0,0.0,0.0,0.0,0.0,0.0,0.0,0.0,0.0,0.0,0.0,0.0,0.0,0.0,0.0,0.0,0.0,0.0,0.0,0.0,0.0,0.0,0.0,0.0,0.0,0.0,0.0,0.0,0.0,0.0,0.0,0.0,0.0,0.0,0.0,0.0,0.0,0.0,0.0,0.0,0.0,0.0,0.0,0.0,0.0,0.0,0.0,0.0,0.0,0.0,0.0,0.0,0.0,0.0,0.0,0.0,0.0,0.0,0.0,0.0,0.0,0.0,0.0,0.0,0.0,0.0,0.0,0.0,0.0,0.0,0.0,0.0,0.0,0.0,0.0,0.0
2017-05-30 04:59:00+02:00,0.0,0.0,0.0,0.0,0.0,0.0,0.0,0.0,0.0,0.0,0.0,0.0,0.0,0.0,0.0,0.0,0.0,0.0,0.0,0.0,0.0,0.0,0.0,0.0,0.0,0.0,0.0,0.0,0.0,0.0,0.0,0.0,0.0,0.0,0.0,0.0,0.0,0.0,0.0,0.0,0.0,0.0,0.0,0.0,0.0,0.0,0.0,0.0,0.0,0.0,0.0,0.0,0.0,0.0,0.0,0.0,0.0,0.0,0.0,0.0,0.0,0.0,0.0,0.0,0.0,0.0,0.0,0.0,0.0,0.0,0.0,0.0,0.0,0.0,0.0,0.0,0.0,0.0,0.0,0.0,0.0,0.0,0.0,0.0,0.0,0.0,0.0,0.0,0.0,0.0,0.0,0.0,0.0,0.0,0.0,0.0,0.0,0.0,0.0,0.0,0.0,0.0,0.0,0.0,0.0,0.0,0.0,0.0,0.0,0.0,0.0,0.0,0.0,0.0,0.0,0.0,0.0,0.0
2017-05-30 05:00:00+02:00,0.0,0.0,0.0,0.0,0.0,0.0,0.0,0.0,0.0,0.0,0.0,0.0,0.0,0.0,0.0,0.0,0.0,0.0,0.0,0.0,0.0,0.0,0.0,0.0,0.0,0.0,0.0,0.0,0.0,0.0,0.0,0.0,0.0,0.0,0.0,0.0,0.0,0.0,0.0,0.0,0.0,0.0,0.0,0.0,0.0,0.0,0.0,0.0,0.0,0.0,0.0,0.0,0.0,0.0,0.0,0.0,0.0,0.0,0.0,0.0,0.0,0.0,0.0,0.0,0.0,0.0,0.0,0.0,0.0,0.0,0.0,0.0,0.0,0.0,0.0,0.0,0.0,0.0,0.0,0.0,0.0,0.0,0.0,0.0,0.0,0.0,0.0,0.0,0.0,0.0,0.0,0.0,0.0,0.0,0.0,0.0,0.0,0.0,0.0,0.0,0.0,0.0,0.0,0.0,0.0,0.0,0.0,0.0,0.0,0.0,0.0,0.0,0.0,0.0,0.0,0.0,0.0,0.0
2017-05-30 05:01:00+02:00,0.0,0.0,0.0,0.0,0.0,0.0,0.0,0.0,0.0,0.0,0.0,0.0,0.0,0.0,0.0,0.0,0.0,0.0,0.0,0.0,0.0,0.0,0.0,0.0,0.0,0.0,0.0,0.0,0.0,0.0,0.0,0.0,0.0,0.0,0.0,0.0,0.0,0.0,0.0,0.0,0.0,0.0,0.0,0.0,0.0,0.0,0.0,0.0,0.0,0.0,0.0,0.0,0.0,0.0,0.0,0.0,0.0,0.0,0.0,0.0,0.0,0.0,0.0,0.0,0.0,0.0,0.0,0.0,0.0,0.0,0.0,0.0,0.0,0.0,0.0,0.0,0.0,0.0,0.0,0.0,0.0,0.0,0.0,0.0,0.0,0.0,0.0,0.0,0.0,0.0,0.0,0.0,0.0,0.0,0.0,0.0,0.0,0.0,0.0,0.0,0.0,0.0,0.0,0.0,0.0,0.0,0.0,0.0,0.0,0.0,0.0,0.0,0.0,0.0,0.0,0.0,0.0,0.0
2017-05-30 05:02:00+02:00,0.0,0.0,0.0,0.0,0.0,0.0,0.0,0.0,0.0,0.0,0.0,0.0,0.0,0.0,0.0,0.0,0.0,0.0,0.0,0.0,0.0,0.0,0.0,0.0,0.0,0.0,0.0,0.0,0.0,0.0,0.0,0.0,0.0,0.0,0.0,0.0,0.0,0.0,0.0,0.0,0.0,0.0,0.0,0.0,0.0,0.0,0.0,0.0,0.0,0.0,0.0,0.0,0.0,0.0,0.0,0.0,0.0,0.0,0.0,0.0,0.0,0.0,0.0,0.0,0.0,0.0,0.0,0.0,0.0,0.0,0.0,0.0,0.0,0.0,0.0,0.0,0.0,0.0,0.0,0.0,0.0,0.0,0.0,0.0,0.0,0.0,0.0,0.0,0.0,0.0,0.0,0.0,0.0,0.0,0.0,0.0,0.0,0.0,0.0,0.0,0.0,0.0,0.0,0.0,0.0,0.0,0.0,0.0,0.0,0.0,0.0,0.0,0.0,0.0,0.0,0.0,0.0,0.0
2017-05-30 05:03:00+02:00,0.0,0.0,0.0,0.0,0.0,0.0,0.0,0.0,0.0,0.0,0.0,0.0,0.0,0.0,0.0,0.0,0.0,0.0,0.0,0.0,0.0,0.0,0.0,0.0,0.0,0.0,0.0,0.0,0.0,0.0,0.0,0.0,0.0,0.0,0.0,0.0,0.0,0.0,0.0,0.0,0.0,0.0,0.0,0.0,0.0,0.0,0.0,0.0,0.0,0.0,0.0,0.0,0.0,0.0,0.0,0.0,0.0,0.0,0.0,0.0,0.0,0.0,0.0,0.0,0.0,0.0,0.0,0.0,0.0,0.0,0.0,0.0,0.0,0.0,0.0,0.0,0.0,0.0,0.0,0.0,0.0,0.0,0.0,0.0,0.0,0.0,0.0,0.0,0.0,0.0,0.0,0.0,0.0,0.0,0.0,0.0,0.0,0.0,0.0,0.0,0.0,0.0,0.0,0.0,0.0,0.0,0.0,0.0,0.0,0.0,0.0,0.0,0.0,0.0,0.0,0.0,0.0,0.0
2017-05-30 05:04:00+02:00,0.0,0.0,0.0,0.0,0.0,0.0,0.0,0.0,0.0,0.0,0.0,0.0,0.0,0.0,0.0,0.0,0.0,0.0,0.0,0.0,0.0,0.0,0.0,0.0,0.0,0.0,0.0,0.0,0.0,0.0,0.0,0.0,0.0,0.0,0.0,0.0,0.0,0.0,0.0,0.0,0.0,0.0,0.0,0.0,0.0,0.0,0.0,0.0,0.0,0.0,0.0,0.0,0.0,0.0,0.0,0.0,0.0,0.0,0.0,0.0,0.0,0.0,0.0,0.0,0.0,0.0,0.0,0.0,0.0,0.0,0.0,0.0,0.0,0.0,0.0,0.0,0.0,0.0,0.0,0.0,0.0,0.0,0.0,0.0,0.0,0.0,0.0,0.0,0.0,0.0,0.0,0.0,0.0,0.0,0.0,0.0,0.0,0.0,0.0,0.0,0.0,0.0,0.0,0.0,0.0,0.0,0.0,0.0,0.0,0.0,0.0,0.0,0.0,0.0,0.0,0.0,0.0,0.0
2017-05-30 05:05:00+02:00,0.0,0.0,0.0,0.0,0.0,0.0,0.0,0.0,0.0,0.0,0.0,0.0,0.0,0.0,0.0,0.0,0.0,0.0,0.0,0.0,0.0,0.0,0.0,0.0,0.0,0.0,0.0,0.0,0.0,0.0,0.0,0.0,0.0,0.0,0.0,0.0,0.0,0.0,0.0,0.0,0.0,0.0,0.0,0.0,0.0,0.0,0.0,0.0,0.0,0.0,0.0,0.0,0.0,0.0,0.0,0.0,0.0,0.0,0.0,0.0,0.0,0.0,0.0,0.0,0.0,0.0,0.0,0.0,0.0,0.0,0.0,0.0,0.0,0.0,0.0,0.0,0.0,0.0,0.0,0.0,0.0,0.0,0.0,0.0,0.0,0.0,0.0,0.0,0.0,0.0,0.0,0.0,0.0,0.0,0.0,0.0,0.0,0.0,0.0,0.0,0.0,0.0,0.0,0.0,0.0,0.0,0.0,0.0,0.0,0.0,0.0,0.0,0.0,0.0,0.0,0.0,0.0,0.0
2017-05-30 05:06:00+02:00,0.0,0.0,0.0,0.0,0.0,0.0,0.0,0.0,0.0,0.0,0.0,0.0,0.0,0.0,0.0,0.0,0.0,0.0,0.0,0.0,0.0,0.0,0.0,0.0,0.0,0.0,0.0,0.0,0.0,0.0,0.0,0.0,0.0,0.0,0.0,0.0,0.0,0.0,0.0,0.0,0.0,0.0,0.0,0.0,0.0,0.0,0.0,0.0,0.0,0.0,0.0,0.0,0.0,0.0,0.0,0.0,0.0,0.0,0.0,0.0,0.0,0.0,0.0,0.0,0.0,0.0,0.0,0.0,0.0,0.0,0.0,0.0,0.0,0.0,0.0,0.0,0.0,0.0,0.0,0.0,0.0,0.0,0.0,0.0,0.0,0.0,0.0,0.0,0.0,0.0,0.0,0.0,0.0,0.0,0.0,0.0,0.0,0.0,0.0,0.0,0.0,0.0,0.0,0.0,0.0,0.0,0.0,0.0,0.0,0.0,0.0,0.0,0.0,0.0,0.0,0.0,0.0,0.0
2017-05-30 05:07:00+02:00,0.0,0.0,0.0,0.0,0.0,0.0,0.0,0.0,0.0,0.0,0.0,0.0,0.0,0.0,0.0,0.0,0.0,0.0,0.0,0.0,0.0,0.0,0.0,0.0,0.0,0.0,0.0,0.0,0.0,0.0,0.0,0.0,0.0,0.0,0.0,0.0,0.0,0.0,0.0,0.0,0.0,0.0,0.0,0.0,0.0,0.0,0.0,0.0,0.0,0.0,0.0,0.0,0.0,0.0,0.0,0.0,0.0,0.0,0.0,0.0,0.0,0.0,0.0,0.0,0.0,0.0,0.0,0.0,0.0,0.0,0.0,0.0,0.0,0.0,0.0,0.0,0.0,0.0,0.0,0.0,0.0,0.0,0.0,0.0,0.0,0.0,0.0,0.0,0.0,0.0,0.0,0.0,0.0,0.0,0.0,0.0,0.0,0.0,0.0,0.0,0.0,0.0,0.0,0.0,0.0,0.0,0.0,0.0,0.0,0.0,0.0,0.0,0.0,0.0,0.0,0.0,0.0,0.0
2017-05-30 05:08:00+02:00,0.0,0.0,0.0,0.0,0.0,0.0,0.0,0.0,0.0,0.0,0.0,0.0,0.0,0.0,0.0,0.0,0.0,0.0,0.0,0.0,0.0,0.0,0.0,0.0,0.0,0.0,0.0,0.0,0.0,0.0,0.0,0.0,0.0,0.0,0.0,0.0,0.0,0.0,0.0,0.0,0.0,0.0,0.0,0.0,0.0,0.0,0.0,0.0,0.0,0.0,0.0,0.0,0.0,0.0,0.0,0.0,0.0,0.0,0.0,0.0,0.0,0.0,0.0,0.0,0.0,0.0,0.0,0.0,0.0,0.0,0.0,0.0,0.0,0.0,0.0,0.0,0.0,0.0,0.0,0.0,0.0,0.0,0.0,0.0,0.0,0.0,0.0,0.0,0.0,0.0,0.0,0.0,0.0,0.0,0.0,0.0,0.0,0.0,0.0,0.0,0.0,0.0,0.0,0.0,0.0,0.0,0.0,0.0,0.0,0.0,0.0,0.0,0.0,0.0,0.0,0.0,0.0,0.0
2017-05-30 05:09:00+02:00,0.0,0.0,0.0,0.0,0.0,0.0,0.0,0.0,0.0,0.0,0.0,0.0,0.0,0.0,0.0,0.0,0.0,0.0,0.0,0.0,0.0,0.0,0.0,0.0,0.0,0.0,0.0,0.0,0.0,0.0,0.0,0.0,0.0,0.0,0.0,0.0,0.0,0.0,0.0,0.0,0.0,0.0,0.0,0.0,0.0,0.0,0.0,0.0,0.0,0.0,0.0,0.0,0.0,0.0,0.0,0.0,0.0,0.0,0.0,0.0,0.0,0.0,0.0,0.0,0.0,0.0,0.0,0.0,0.0,0.0,0.0,0.0,0.0,0.0,0.0,0.0,0.0,0.0,0.0,0.0,0.0,0.0,0.0,0.0,0.0,0.0,0.0,0.0,0.0,0.0,0.0,0.0,0.0,0.0,0.0,0.0,0.0,0.0,0.0,0.0,0.0,0.0,0.0,0.0,0.0,0.0,0.0,0.0,0.0,0.0,0.0,0.0,0.0,0.0,0.0,0.0,0.0,0.0
2017-05-30 05:10:00+02:00,0.0,0.0,0.0,0.0,0.0,0.0,0.0,0.0,0.0,0.0,0.0,0.0,0.0,0.0,0.0,0.0,0.0,0.0,0.0,0.0,0.0,0.0,0.0,0.0,0.0,0.0,0.0,0.0,0.0,0.0,0.0,0.0,0.0,0.0,0.0,0.0,0.0,0.0,0.0,0.0,0.0,0.0,0.0,0.0,0.0,0.0,0.0,0.0,0.0,0.0,0.0,0.0,0.0,0.0,0.0,0.0,0.0,0.0,0.0,0.0,0.0,0.0,0.0,0.0,0.0,0.0,0.0,0.0,0.0,0.0,0.0,0.0,0.0,0.0,0.0,0.0,0.0,0.0,0.0,0.0,0.0,0.0,0.0,0.0,0.0,0.0,0.0,0.0,0.0,0.0,0.0,0.0,0.0,0.0,0.0,0.0,0.0,0.0,0.0,0.0,0.0,0.0,0.0,0.0,0.0,0.0,0.0,0.0,0.0,0.0,0.0,0.0,0.0,0.0,0.0,0.0,0.0,0.0
2017-05-30 05:11:00+02:00,0.0,0.0,0.0,0.0,0.0,0.0,0.0,0.0,0.0,0.0,0.0,0.0,0.0,0.0,0.0,0.0,0.0,0.0,0.0,0.0,0.0,0.0,0.0,0.0,0.0,0.0,0.0,0.0,0.0,0.0,0.0,0.0,0.0,0.0,0.0,0.0,0.0,0.0,0.0,0.0,0.0,0.0,0.0,0.0,0.0,0.0,0.0,0.0,0.0,0.0,0.0,0.0,0.0,0.0,0.0,0.0,0.0,0.0,0.0,0.0,0.0,0.0,0.0,0.0,0.0,0.0,0.0,0.0,0.0,0.0,0.0,0.0,0.0,0.0,0.0,0.0,0.0,0.0,0.0,0.0,0.0,0.0,0.0,0.0,0.0,0.0,0.0,0.0,0.0,0.0,0.0,0.0,0.0,0.0,0.0,0.0,0.0,0.0,0.0,0.0,0.0,0.0,0.0,0.0,0.0,0.0,0.0,0.0,0.0,0.0,0.0,0.0,0.0,0.0,0.0,0.0,0.0,0.0
2017-05-30 05:12:00+02:00,0.0,0.0,0.0,0.0,0.0,0.0,0.0,0.0,0.0,0.0,0.0,0.0,0.0,0.0,0.0,0.0,0.0,0.0,0.0,0.0,0.0,0.0,0.0,0.0,0.0,0.0,0.0,0.0,0.0,0.0,0.0,0.0,0.0,0.0,0.0,0.0,0.0,0.0,0.0,0.0,0.0,0.0,0.0,0.0,0.0,0.0,0.0,0.0,0.0,0.0,0.0,0.0,0.0,0.0,0.0,0.0,0.0,0.0,0.0,0.0,0.0,0.0,0.0,0.0,0.0,0.0,0.0,0.0,0.0,0.0,0.0,0.0,0.0,0.0,0.0,0.0,0.0,0.0,0.0,0.0,0.0,0.0,0.0,0.0,0.0,0.0,0.0,0.0,0.0,0.0,0.0,0.0,0.0,0.0,0.0,0.0,0.0,0.0,0.0,0.0,0.0,0.0,0.0,0.0,0.0,0.0,0.0,0.0,0.0,0.0,0.0,0.0,0.0,0.0,0.0,0.0,0.0,0.0
2017-05-30 05:13:00+02:00,0.0,0.0,0.0,0.0,0.0,0.0,0.0,0.0,0.0,0.0,0.0,0.0,0.0,0.0,0.0,0.0,0.0,0.0,0.0,0.0,0.0,0.0,0.0,0.0,0.0,0.0,0.0,0.0,0.0,0.0,0.0,0.0,0.0,0.0,0.0,0.0,0.0,0.0,0.0,0.0,0.0,0.0,0.0,0.0,0.0,0.0,0.0,0.0,0.0,0.0,0.0,0.0,0.0,0.0,0.0,0.0,0.0,0.0,0.0,0.0,0.0,0.0,0.0,0.0,0.0,0.0,0.0,0.0,0.0,0.0,0.0,0.0,0.0,0.0,0.0,0.0,0.0,0.0,0.0,0.0,0.0,0.0,0.0,0.0,0.0,0.0,0.0,0.0,0.0,0.0,0.0,0.0,0.0,0.0,0.0,0.0,0.0,0.0,0.0,0.0,0.0,0.0,0.0,0.0,0.0,0.0,0.0,0.0,0.0,0.0,0.0,0.0,0.0,0.0,0.0,0.0,0.0,0.0
2017-05-30 05:14:00+02:00,0.0,0.0,0.0,0.0,0.0,0.0,0.0,0.0,0.0,0.0,0.0,0.0,0.0,0.0,0.0,0.0,0.0,0.0,0.0,0.0,0.0,0.0,0.0,0.0,0.0,0.0,0.0,0.0,0.0,0.0,0.0,0.0,0.0,0.0,0.0,0.0,0.0,0.0,0.0,0.0,0.0,0.0,0.0,0.0,0.0,0.0,0.0,0.0,0.0,0.0,0.0,0.0,0.0,0.0,0.0,0.0,0.0,0.0,0.0,0.0,0.0,0.0,0.0,0.0,0.0,0.0,0.0,0.0,0.0,0.0,0.0,0.0,0.0,0.0,0.0,0.0,0.0,0.0,0.0,0.0,0.0,0.0,0.0,0.0,0.0,0.0,0.0,0.0,0.0,0.0,0.0,0.0,0.0,0.0,0.0,0.0,0.0,0.0,0.0,0.0,0.0,0.0,0.0,0.0,0.0,0.0,0.0,0.0,0.0,0.0,0.0,0.0,0.0,0.0,0.0,0.0,0.0,0.0
2017-05-30 05:15:00+02:00,0.0,0.0,0.0,0.0,0.0,0.0,0.0,0.0,0.0,0.0,0.0,0.0,0.0,0.0,0.0,0.0,0.0,0.0,0.0,0.0,0.0,0.0,0.0,0.0,0.0,0.0,0.0,0.0,0.0,0.0,0.0,0.0,0.0,0.0,0.0,0.0,0.0,0.0,0.0,0.0,0.0,0.0,0.0,0.0,0.0,0.0,0.0,0.0,0.0,0.0,0.0,0.0,0.0,0.0,0.0,0.0,0.0,0.0,0.0,0.0,0.0,0.0,0.0,0.0,0.0,0.0,0.0,0.0,0.0,0.0,0.0,0.0,0.0,0.0,0.0,0.0,0.0,0.0,0.0,0.0,0.0,0.0,0.0,0.0,0.0,0.0,0.0,0.0,0.0,0.0,0.0,0.0,0.0,0.0,0.0,0.0,0.0,0.0,0.0,0.0,0.0,0.0,0.0,0.0,0.0,0.0,0.0,0.0,0.0,0.0,0.0,0.0,0.0,0.0,0.0,0.0,0.0,0.0
2017-05-30 05:16:00+02:00,0.0,0.0,0.0,0.0,0.0,0.0,0.0,0.0,0.0,0.0,0.0,0.0,0.0,0.0,0.0,0.0,0.0,0.0,0.0,0.0,0.0,0.0,0.0,0.0,0.0,0.0,0.0,0.0,0.0,0.0,0.0,0.0,0.0,0.0,0.0,0.0,0.0,0.0,0.0,0.0,0.0,0.0,0.0,0.0,0.0,0.0,0.0,0.0,0.0,0.0,0.0,0.0,0.0,0.0,0.0,0.0,0.0,0.0,0.0,0.0,0.0,0.0,0.0,0.0,0.0,0.0,0.0,0.0,0.0,0.0,0.0,0.0,0.0,0.0,0.0,0.0,0.0,0.0,0.0,0.0,0.0,0.0,0.0,0.0,0.0,0.0,0.0,0.0,0.0,0.0,0.0,0.0,0.0,0.0,0.0,0.0,0.0,0.0,0.0,0.0,0.0,0.0,0.0,0.0,0.0,0.0,0.0,0.0,0.0,0.0,0.0,0.0,0.0,0.0,0.0,0.0,0.0,0.0
2017-05-30 05:17:00+02:00,0.0,0.0,0.0,0.0,0.0,0.0,0.0,0.0,0.0,0.0,0.0,0.0,0.0,0.0,0.0,0.0,0.0,0.0,0.0,0.0,0.0,0.0,0.0,0.0,0.0,0.0,0.0,0.0,0.0,0.0,0.0,0.0,0.0,0.0,0.0,0.0,0.0,0.0,0.0,0.0,0.0,0.0,0.0,0.0,0.0,0.0,0.0,0.0,0.0,0.0,0.0,0.0,0.0,0.0,0.0,0.0,0.0,0.0,0.0,0.0,0.0,0.0,0.0,0.0,0.0,0.0,0.0,0.0,0.0,0.0,0.0,0.0,0.0,0.0,0.0,0.0,0.0,0.0,0.0,0.0,0.0,0.0,0.0,0.0,0.0,0.0,0.0,0.0,0.0,0.0,0.0,0.0,0.0,0.0,0.0,0.0,0.0,0.0,0.0,0.0,0.0,0.0,0.0,0.0,0.0,0.0,0.0,0.0,0.0,0.0,0.0,0.0,0.0,0.0,0.0,0.0,0.0,0.0
2017-05-30 05:18:00+02:00,0.0,0.0,0.0,0.0,0.0,0.0,0.0,0.0,0.0,0.0,0.0,0.0,0.0,0.0,0.0,0.0,0.0,0.0,0.0,0.0,0.0,0.0,0.0,0.0,0.0,0.0,0.0,0.0,0.0,0.0,0.0,0.0,0.0,0.0,0.0,0.0,0.0,0.0,0.0,0.0,0.0,0.0,0.0,0.0,0.0,0.0,0.0,0.0,0.0,0.0,0.0,0.0,0.0,0.0,0.0,0.0,0.0,0.0,0.0,0.0,0.0,0.0,0.0,0.0,0.0,0.0,0.0,0.0,0.0,0.0,0.0,0.0,0.0,0.0,0.0,0.0,0.0,0.0,0.0,0.0,0.0,0.0,0.0,0.0,0.0,0.0,0.0,0.0,0.0,0.0,0.0,0.0,0.0,0.0,0.0,0.0,0.0,0.0,0.0,0.0,0.0,0.0,0.0,0.0,0.0,0.0,0.0,0.0,0.0,0.0,0.0,0.0,0.0,0.0,0.0,0.0,0.0,0.0
2017-05-30 05:19:00+02:00,0.0,0.0,0.0,0.0,0.0,0.0,0.0,0.0,0.0,0.0,0.0,0.0,0.0,0.0,0.0,0.0,0.0,0.0,0.0,0.0,0.0,0.0,0.0,0.0,0.0,0.0,0.0,0.0,0.0,0.0,0.0,0.0,0.0,0.0,0.0,0.0,0.0,0.0,0.0,0.0,0.0,0.0,0.0,0.0,0.0,0.0,0.0,0.0,0.0,0.0,0.0,0.0,0.0,0.0,0.0,0.0,0.0,0.0,0.0,0.0,0.0,0.0,0.0,0.0,0.0,0.0,0.0,0.0,0.0,0.0,0.0,0.0,0.0,0.0,0.0,0.0,0.0,0.0,0.0,0.0,0.0,0.0,0.0,0.0,0.0,0.0,0.0,0.0,0.0,0.0,0.0,0.0,0.0,0.0,0.0,0.0,0.0,0.0,0.0,0.0,0.0,0.0,0.0,0.0,0.0,0.0,0.0,0.0,0.0,0.0,0.0,0.0,0.0,0.0,0.0,0.0,0.0,0.0
2017-05-30 05:20:00+02:00,0.0,0.0,0.0,0.0,0.0,0.0,0.0,0.0,0.0,0.0,0.0,0.0,0.0,0.0,0.0,0.0,0.0,0.0,0.0,0.0,0.0,0.0,0.0,0.0,0.0,0.0,0.0,0.0,0.0,0.0,0.0,0.0,0.0,0.0,0.0,0.0,0.0,0.0,0.0,0.0,0.0,0.0,0.0,0.0,0.0,0.0,0.0,0.0,0.0,0.0,0.0,0.0,0.0,0.0,0.0,0.0,0.0,0.0,0.0,0.0,0.0,0.0,0.0,0.0,0.0,0.0,0.0,0.0,0.0,0.0,0.0,0.0,0.0,0.0,0.0,0.0,0.0,0.0,0.0,0.0,0.0,0.0,0.0,0.0,0.0,0.0,0.0,0.0,0.0,0.0,0.0,0.0,0.0,0.0,0.0,0.0,0.0,0.0,0.0,0.0,0.0,0.0,0.0,0.0,0.0,0.0,0.0,0.0,0.0,0.0,0.0,0.0,0.0,0.0,0.0,0.0,0.0,0.0
2017-05-30 05:21:00+02:00,0.0,0.0,0.0,0.0,0.0,0.0,0.0,0.0,0.0,0.0,0.0,0.0,0.0,0.0,0.0,0.0,0.0,0.0,0.0,0.0,0.0,0.0,0.0,0.0,0.0,0.0,0.0,0.0,0.0,0.0,0.0,0.0,0.0,0.0,0.0,0.0,0.0,0.0,0.0,0.0,0.0,0.0,0.0,0.0,0.0,0.0,0.0,0.0,0.0,0.0,0.0,0.0,0.0,0.0,0.0,0.0,0.0,0.0,0.0,0.0,0.0,0.0,0.0,0.0,0.0,0.0,0.0,0.0,0.0,0.0,0.0,0.0,0.0,0.0,0.0,0.0,0.0,0.0,0.0,0.0,0.0,0.0,0.0,0.0,0.0,0.0,0.0,0.0,0.0,0.0,0.0,0.0,0.0,0.0,0.0,0.0,0.0,0.0,0.0,0.0,0.0,0.0,0.0,0.0,0.0,0.0,0.0,0.0,0.0,0.0,0.0,0.0,0.0,0.0,0.0,0.0,0.0,0.0
2017-05-30 05:22:00+02:00,0.0,0.0,0.0,0.0,0.0,0.0,0.0,0.0,0.0,0.0,0.0,0.0,0.0,0.0,0.0,0.0,0.0,0.0,0.0,0.0,0.0,0.0,0.0,0.0,0.0,0.0,0.0,0.0,0.0,0.0,0.0,0.0,0.0,0.0,0.0,0.0,0.0,0.0,0.0,0.0,0.0,0.0,0.0,0.0,0.0,0.0,0.0,0.0,0.0,0.0,0.0,0.0,0.0,0.0,0.0,0.0,0.0,0.0,0.0,0.0,0.0,0.0,0.0,0.0,0.0,0.0,0.0,0.0,0.0,0.0,0.0,0.0,0.0,0.0,0.0,0.0,0.0,0.0,0.0,0.0,0.0,0.0,0.0,0.0,0.0,0.0,0.0,0.0,0.0,0.0,0.0,0.0,0.0,0.0,0.0,0.0,0.0,0.0,0.0,0.0,0.0,0.0,0.0,0.0,0.0,0.0,0.0,0.0,0.0,0.0,0.0,0.0,0.0,0.0,0.0,0.0,0.0,0.0
2017-05-30 05:23:00+02:00,0.0,0.0,0.0,0.0,0.0,0.0,0.0,0.0,0.0,0.0,0.0,0.0,0.0,0.0,0.0,0.0,0.0,0.0,0.0,0.0,0.0,0.0,0.0,0.0,0.0,0.0,0.0,0.0,0.0,0.0,0.0,0.0,0.0,0.0,0.0,0.0,0.0,0.0,0.0,0.0,0.0,0.0,0.0,0.0,0.0,0.0,0.0,0.0,0.0,0.0,0.0,0.0,0.0,0.0,0.0,0.0,0.0,0.0,0.0,0.0,0.0,0.0,0.0,0.0,0.0,0.0,0.0,0.0,0.0,0.0,0.0,0.0,0.0,0.0,0.0,0.0,0.0,0.0,0.0,0.0,0.0,0.0,0.0,0.0,0.0,0.0,0.0,0.0,0.0,0.0,0.0,0.0,0.0,0.0,0.0,0.0,0.0,0.0,0.0,0.0,0.0,0.0,0.0,0.0,0.0,0.0,0.0,0.0,0.0,0.0,0.0,0.0,0.0,0.0,0.0,0.0,0.0,0.0
2017-05-30 05:24:00+02:00,0.0,0.0,0.0,0.0,0.0,0.0,0.0,0.0,0.0,0.0,0.0,0.0,0.0,0.0,0.0,0.0,0.0,0.0,0.0,0.0,0.0,0.0,0.0,0.0,0.0,0.0,0.0,0.0,0.0,0.0,0.0,0.0,0.0,0.0,0.0,0.0,0.0,0.0,0.0,0.0,0.0,0.0,0.0,0.0,0.0,0.0,0.0,0.0,0.0,0.0,0.0,0.0,0.0,0.0,0.0,0.0,0.0,0.0,0.0,0.0,0.0,0.0,0.0,0.0,0.0,0.0,0.0,0.0,0.0,0.0,0.0,0.0,0.0,0.0,0.0,0.0,0.0,0.0,0.0,0.0,0.0,0.0,0.0,0.0,0.0,0.0,0.0,0.0,0.0,0.0,0.0,0.0,0.0,0.0,0.0,0.0,0.0,0.0,0.0,0.0,0.0,0.0,0.0,0.0,0.0,0.0,0.0,0.0,0.0,0.0,0.0,0.0,0.0,0.0,0.0,0.0,0.0,0.0
2017-05-30 05:25:00+02:00,0.0,0.0,0.0,0.0,0.0,0.0,0.0,0.0,0.0,0.0,0.0,0.0,0.0,0.0,0.0,0.0,0.0,0.0,0.0,0.0,0.0,0.0,0.0,0.0,0.0,0.0,0.0,0.0,0.0,0.0,0.0,0.0,0.0,0.0,0.0,0.0,0.0,0.0,0.0,0.0,0.0,0.0,0.0,0.0,0.0,0.0,0.0,0.0,0.0,0.0,0.0,0.0,0.0,0.0,0.0,0.0,0.0,0.0,0.0,0.0,0.0,0.0,0.0,0.0,0.0,0.0,0.0,0.0,0.0,0.0,0.0,0.0,0.0,0.0,0.0,0.0,0.0,0.0,0.0,0.0,0.0,0.0,0.0,0.0,0.0,0.0,0.0,0.0,0.0,0.0,0.0,0.0,0.0,0.0,0.0,0.0,0.0,0.0,0.0,0.0,0.0,0.0,0.0,0.0,0.0,0.0,0.0,0.0,0.0,0.0,0.0,0.0,0.0,0.0,0.0,0.0,0.0,0.0
2017-05-30 05:26:00+02:00,0.0,0.0,0.0,0.0,0.0,0.0,0.0,0.0,0.0,0.0,0.0,0.0,0.0,0.0,0.0,0.0,0.0,0.0,0.0,0.0,0.0,0.0,0.0,0.0,0.0,0.0,0.0,0.0,0.0,0.0,0.0,0.0,0.0,0.0,0.0,0.0,0.0,0.0,0.0,0.0,0.0,0.0,0.0,0.0,0.0,0.0,0.0,0.0,0.0,0.0,0.0,0.0,0.0,0.0,0.0,0.0,0.0,0.0,0.0,0.0,0.0,0.0,0.0,0.0,0.0,0.0,0.0,0.0,0.0,0.0,0.0,0.0,0.0,0.0,0.0,0.0,0.0,0.0,0.0,0.0,0.0,0.0,0.0,0.0,0.0,0.0,0.0,0.0,0.0,0.0,0.0,0.0,0.0,0.0,0.0,0.0,0.0,0.0,0.0,0.0,0.0,0.0,0.0,0.0,0.0,0.0,0.0,0.0,0.0,0.0,0.0,0.0,0.0,0.0,0.0,0.0,0.0,0.0
2017-05-30 05:27:00+02:00,0.0,0.0,0.0,0.0,0.0,0.0,0.0,0.0,0.0,0.0,0.0,0.0,0.0,0.0,0.0,0.0,0.0,0.0,0.0,0.0,0.0,0.0,0.0,0.0,0.0,0.0,0.0,0.0,0.0,0.0,0.0,0.0,0.0,0.0,0.0,0.0,0.0,0.0,0.0,0.0,0.0,0.0,0.0,0.0,0.0,0.0,0.0,0.0,0.0,0.0,0.0,0.0,0.0,0.0,0.0,0.0,0.0,0.0,0.0,0.0,0.0,0.0,0.0,0.0,0.0,0.0,0.0,0.0,0.0,0.0,0.0,0.0,0.0,0.0,0.0,0.0,0.0,0.0,0.0,0.0,0.0,0.0,0.0,0.0,0.0,0.0,0.0,0.0,0.0,0.0,0.0,0.0,0.0,0.0,0.0,0.0,0.0,0.0,0.0,0.0,0.0,0.0,0.0,0.0,0.0,0.0,0.0,0.0,0.0,0.0,0.0,0.0,0.0,0.0,0.0,0.0,0.0,0.0
2017-05-30 05:28:00+02:00,0.0,0.0,0.0,0.0,0.0,0.0,0.0,0.0,0.0,0.0,0.0,0.0,0.0,0.0,0.0,0.0,0.0,0.0,0.0,0.0,0.0,0.0,0.0,0.0,0.0,0.0,0.0,0.0,0.0,0.0,0.0,0.0,0.0,0.0,0.0,0.0,0.0,0.0,0.0,0.0,0.0,0.0,0.0,0.0,0.0,0.0,0.0,0.0,0.0,0.0,0.0,0.0,0.0,0.0,0.0,0.0,0.0,0.0,0.0,0.0,0.0,0.0,0.0,0.0,0.0,0.0,0.0,0.0,0.0,0.0,0.0,0.0,0.0,0.0,0.0,0.0,0.0,0.0,0.0,0.0,0.0,0.0,0.0,0.0,0.0,0.0,0.0,0.0,0.0,0.0,0.0,0.0,0.0,0.0,0.0,0.0,0.0,0.0,0.0,0.0,0.0,0.0,0.0,0.0,0.0,0.0,0.0,0.0,0.0,0.0,0.0,0.0,0.0,0.0,0.0,0.0,0.0,0.0
2017-05-30 05:29:00+02:00,0.0,0.0,0.0,0.0,0.0,0.0,0.0,0.0,0.0,0.0,0.0,0.0,0.0,0.0,0.0,0.0,0.0,0.0,0.0,0.0,0.0,0.0,0.0,0.0,0.0,0.0,0.0,0.0,0.0,0.0,0.0,0.0,0.0,0.0,0.0,0.0,0.0,0.0,0.0,0.0,0.0,0.0,0.0,0.0,0.0,0.0,0.0,0.0,0.0,0.0,0.0,0.0,0.0,0.0,0.0,0.0,0.0,0.0,0.0,0.0,0.0,0.0,0.0,0.0,0.0,0.0,0.0,0.0,0.0,0.0,0.0,0.0,0.0,0.0,0.0,0.0,0.0,0.0,0.0,0.0,0.0,0.0,0.0,0.0,0.0,0.0,0.0,0.0,0.0,0.0,0.0,0.0,0.0,0.0,0.0,0.0,0.0,0.0,0.0,0.0,0.0,0.0,0.0,0.0,0.0,0.0,0.0,0.0,0.0,0.0,0.0,0.0,0.0,0.0,0.0,0.0,0.0,0.0
2017-05-30 05:30:00+02:00,0.0,0.0,0.0,0.0,0.0,0.0,0.0,0.0,0.0,0.0,0.0,0.0,0.0,0.0,0.0,0.0,0.0,0.0,0.0,0.0,0.0,0.0,0.0,0.0,0.0,0.0,0.0,0.0,0.0,0.0,0.0,0.0,0.0,0.0,0.0,0.0,0.0,0.0,0.0,0.0,0.0,0.0,0.0,0.0,0.0,0.0,0.0,0.0,0.0,0.0,0.0,0.0,0.0,0.0,0.0,0.0,0.0,0.0,0.0,0.0,0.0,0.0,0.0,0.0,0.0,0.0,0.0,0.0,0.0,0.0,0.0,0.0,0.0,0.0,0.0,0.0,0.0,0.0,0.0,0.0,0.0,0.0,0.0,0.0,0.0,0.0,0.0,0.0,0.0,0.0,0.0,0.0,0.0,0.0,0.0,0.0,0.0,0.0,0.0,0.0,0.0,0.0,0.0,0.0,0.0,0.0,0.0,0.0,0.0,0.0,0.0,0.0,0.0,0.0,0.0,0.0,0.0,0.0
2017-05-30 05:31:00+02:00,0.0,0.0,0.0,0.0,0.0,0.0,0.0,0.0,0.0,0.0,0.0,0.0,0.0,0.0,0.0,0.0,0.0,0.0,0.0,0.0,0.0,0.0,0.0,0.0,0.0,0.0,0.0,0.0,0.0,0.0,0.0,0.0,0.0,0.0,0.0,0.0,0.0,0.0,0.0,0.0,0.0,0.0,0.0,0.0,0.0,0.0,0.0,0.0,0.0,0.0,0.0,0.0,0.0,0.0,0.0,0.0,0.0,0.0,0.0,0.0,0.0,0.0,0.0,0.0,0.0,0.0,0.0,0.0,0.0,0.0,0.0,0.0,0.0,0.0,0.0,0.0,0.0,0.0,0.0,0.0,0.0,0.0,0.0,0.0,0.0,0.0,0.0,0.0,0.0,0.0,0.0,0.0,0.0,0.0,0.0,0.0,0.0,0.0,0.0,0.0,0.0,0.0,0.0,0.0,0.0,0.0,0.0,0.0,0.0,0.0,0.0,0.0,0.0,0.0,0.0,0.0,0.0,0.0
2017-05-30 05:32:00+02:00,0.0,0.0,0.0,0.0,0.0,0.0,0.0,0.0,0.0,0.0,0.0,0.0,0.0,0.0,0.0,0.0,0.0,0.0,0.0,0.0,0.0,0.0,0.0,0.0,0.0,0.0,0.0,0.0,0.0,0.0,0.0,0.0,0.0,0.0,0.0,0.0,0.0,0.0,0.0,0.0,0.0,0.0,0.0,0.0,0.0,0.0,0.0,0.0,0.0,0.0,0.0,0.0,0.0,0.0,0.0,0.0,0.0,0.0,0.0,0.0,0.0,0.0,0.0,0.0,0.0,0.0,0.0,0.0,0.0,0.0,0.0,0.0,0.0,0.0,0.0,0.0,0.0,0.0,0.0,0.0,0.0,0.0,0.0,0.0,0.0,0.0,0.0,0.0,0.0,0.0,0.0,0.0,0.0,0.0,0.0,0.0,0.0,0.0,0.0,0.0,0.0,0.0,0.0,0.0,0.0,0.0,0.0,0.0,0.0,0.0,0.0,0.0,0.0,0.0,0.0,0.0,0.0,0.0
2017-05-30 05:33:00+02:00,0.0,0.0,0.0,0.0,0.0,0.0,0.0,0.0,0.0,0.0,0.0,0.0,0.0,0.0,0.0,0.0,0.0,0.0,0.0,0.0,0.0,0.0,0.0,0.0,0.0,0.0,0.0,0.0,0.0,0.0,0.0,0.0,0.0,0.0,0.0,0.0,0.0,0.0,0.0,0.0,0.0,0.0,0.0,0.0,0.0,0.0,0.0,0.0,0.0,0.0,0.0,0.0,0.0,0.0,0.0,0.0,0.0,0.0,0.0,0.0,0.0,0.0,0.0,0.0,0.0,0.0,0.0,0.0,0.0,0.0,0.0,0.0,0.0,0.0,0.0,0.0,0.0,0.0,0.0,0.0,0.0,0.0,0.0,0.0,0.0,0.0,0.0,0.0,0.0,0.0,0.0,0.0,0.0,0.0,0.0,0.0,0.0,0.0,0.0,0.0,0.0,0.0,0.0,0.0,0.0,0.0,0.0,0.0,0.0,0.0,0.0,0.0,0.0,0.0,0.0,0.0,0.0,0.0
2017-05-30 05:34:00+02:00,0.0,0.0,0.0,0.0,0.0,0.0,0.0,0.0,0.0,0.0,0.0,0.0,0.0,0.0,0.0,0.0,0.0,0.0,0.0,0.0,0.0,0.0,0.0,0.0,0.0,0.0,0.0,0.0,0.0,0.0,0.0,0.0,0.0,0.0,0.0,0.0,0.0,0.0,0.0,0.0,0.0,0.0,0.0,0.0,0.0,0.0,0.0,0.0,0.0,0.0,0.0,0.0,0.0,0.0,0.0,0.0,0.0,0.0,0.0,0.0,0.0,0.0,0.0,0.0,0.0,0.0,0.0,0.0,0.0,0.0,0.0,0.0,0.0,0.0,0.0,0.0,0.0,0.0,0.0,0.0,0.0,0.0,0.0,0.0,0.0,0.0,0.0,0.0,0.0,0.0,0.0,0.0,0.0,0.0,0.0,0.0,0.0,0.0,0.0,0.0,0.0,0.0,0.0,0.0,0.0,0.0,0.0,0.0,0.0,0.0,0.0,0.0,0.0,0.0,0.0,0.0,0.0,0.0
2017-05-30 05:35:00+02:00,0.0,0.0,0.0,0.0,0.0,0.0,0.0,0.0,0.0,0.0,0.0,0.0,0.0,0.0,0.0,0.0,0.0,0.0,0.0,0.0,0.0,0.0,0.0,0.0,0.0,0.0,0.0,0.0,0.0,0.0,0.0,0.0,0.0,0.0,0.0,0.0,0.0,0.0,0.0,0.0,0.0,0.0,0.0,0.0,0.0,0.0,0.0,0.0,0.0,0.0,0.0,0.0,0.0,0.0,0.0,0.0,0.0,0.0,0.0,0.0,0.0,0.0,0.0,0.0,0.0,0.0,0.0,0.0,0.0,0.0,0.0,0.0,0.0,0.0,0.0,0.0,0.0,0.0,0.0,0.0,0.0,0.0,0.0,0.0,0.0,0.0,0.0,0.0,0.0,0.0,0.0,0.0,0.0,0.0,0.0,0.0,0.0,0.0,0.0,0.0,0.0,0.0,0.0,0.0,0.0,0.0,0.0,0.0,0.0,0.0,0.0,0.0,0.0,0.0,0.0,0.0,0.0,0.0
2017-05-30 05:36:00+02:00,0.0,0.0,0.0,0.0,0.0,0.0,0.0,0.0,0.0,0.0,0.0,0.0,0.0,0.0,0.0,0.0,0.0,0.0,0.0,0.0,0.0,0.0,0.0,0.0,0.0,0.0,0.0,0.0,0.0,0.0,0.0,0.0,0.0,0.0,0.0,0.0,0.0,0.0,0.0,0.0,0.0,0.0,0.0,0.0,0.0,0.0,0.0,0.0,0.0,0.0,0.0,0.0,0.0,0.0,0.0,0.0,0.0,0.0,0.0,0.0,0.0,0.0,0.0,0.0,0.0,0.0,0.0,0.0,0.0,0.0,0.0,0.0,0.0,0.0,0.0,0.0,0.0,0.0,0.0,0.0,0.0,0.0,0.0,0.0,0.0,0.0,0.0,0.0,0.0,0.0,0.0,0.0,0.0,0.0,0.0,0.0,0.0,0.0,0.0,0.0,0.0,0.0,0.0,0.0,0.0,0.0,0.0,0.0,0.0,0.0,0.0,0.0,0.0,0.0,0.0,0.0,0.0,0.0
2017-05-30 05:37:00+02:00,0.0,0.0,0.0,0.0,0.0,0.0,0.0,0.0,0.0,0.0,0.0,0.0,0.0,0.0,0.0,0.0,0.0,0.0,0.0,0.0,0.0,0.0,0.0,0.0,0.0,0.0,0.0,0.0,0.0,0.0,0.0,0.0,0.0,0.0,0.0,0.0,0.0,0.0,0.0,0.0,0.0,0.0,0.0,0.0,0.0,0.0,0.0,0.0,0.0,0.0,0.0,0.0,0.0,0.0,0.0,0.0,0.0,0.0,0.0,0.0,0.0,0.0,0.0,0.0,0.0,0.0,0.0,0.0,0.0,0.0,0.0,0.0,0.0,0.0,0.0,0.0,0.0,0.0,0.0,0.0,0.0,0.0,0.0,0.0,0.0,0.0,0.0,0.0,0.0,0.0,0.0,0.0,0.0,0.0,0.0,0.0,0.0,0.0,0.0,0.0,0.0,0.0,0.0,0.0,0.0,0.0,0.0,0.0,0.0,0.0,0.0,0.0,0.0,0.0,0.0,0.0,0.0,0.0
2017-05-30 05:38:00+02:00,0.0,0.0,0.0,0.0,0.0,0.0,0.0,0.0,0.0,0.0,0.0,0.0,0.0,0.0,0.0,0.0,0.0,0.0,0.0,0.0,0.0,0.0,0.0,0.0,0.0,0.0,0.0,0.0,0.0,0.0,0.0,0.0,0.0,0.0,0.0,0.0,0.0,0.0,0.0,0.0,0.0,0.0,0.0,0.0,0.0,0.0,0.0,0.0,0.0,0.0,0.0,0.0,0.0,0.0,0.0,0.0,0.0,0.0,0.0,0.0,0.0,0.0,0.0,0.0,0.0,0.0,0.0,0.0,0.0,0.0,0.0,0.0,0.0,0.0,0.0,0.0,0.0,0.0,0.0,0.0,0.0,0.0,0.0,0.0,0.0,0.0,0.0,0.0,0.0,0.0,0.0,0.0,0.0,0.0,0.0,0.0,0.0,0.0,0.0,0.0,0.0,0.0,0.0,0.0,0.0,0.0,0.0,0.0,0.0,0.0,0.0,0.0,0.0,0.0,0.0,0.0,0.0,0.0
2017-05-30 05:39:00+02:00,0.0,0.0,0.0,0.0,0.0,0.0,0.0,0.0,0.0,0.0,0.0,0.0,0.0,0.0,0.0,0.0,0.0,0.0,0.0,0.0,0.0,0.0,0.0,0.0,0.0,0.0,0.0,0.0,0.0,0.0,0.0,0.0,0.0,0.0,0.0,0.0,0.0,0.0,0.0,0.0,0.0,0.0,0.0,0.0,0.0,0.0,0.0,0.0,0.0,0.0,0.0,0.0,0.0,0.0,0.0,0.0,0.0,0.0,0.0,0.0,0.0,0.0,0.0,0.0,0.0,0.0,0.0,0.0,0.0,0.0,0.0,0.0,0.0,0.0,0.0,0.0,0.0,0.0,0.0,0.0,0.0,0.0,0.0,0.0,0.0,0.0,0.0,0.0,0.0,0.0,0.0,0.0,0.0,0.0,0.0,0.0,0.0,0.0,0.0,0.0,0.0,0.0,0.0,0.0,0.0,0.0,0.0,0.0,0.0,0.0,0.0,0.0,0.0,0.0,0.0,0.0,0.0,0.0
2017-05-30 05:40:00+02:00,0.0,0.0,0.0,0.0,0.0,0.0,0.0,0.0,0.0,0.0,0.0,0.0,0.0,0.0,0.0,0.0,0.0,0.0,0.0,0.0,0.0,0.0,0.0,0.0,0.0,0.0,0.0,0.0,0.0,0.0,0.0,0.0,0.0,0.0,0.0,0.0,0.0,0.0,0.0,0.0,0.0,0.0,0.0,0.0,0.0,0.0,0.0,0.0,0.0,0.0,0.0,0.0,0.0,0.0,0.0,0.0,0.0,0.0,0.0,0.0,0.0,0.0,0.0,0.0,0.0,0.0,0.0,0.0,0.0,0.0,0.0,0.0,0.0,0.0,0.0,0.0,0.0,0.0,0.0,0.0,0.0,0.0,0.0,0.0,0.0,0.0,0.0,0.0,0.0,0.0,0.0,0.0,0.0,0.0,0.0,0.0,0.0,0.0,0.0,0.0,0.0,0.0,0.0,0.0,0.0,0.0,0.0,0.0,0.0,0.0,0.0,0.0,0.0,0.0,0.0,0.0,0.0,0.0
2017-05-30 05:41:00+02:00,0.0,0.0,0.0,0.0,0.0,0.0,0.0,0.0,0.0,0.0,0.0,0.0,0.0,0.0,0.0,0.0,0.0,0.0,0.0,0.0,0.0,0.0,0.0,0.0,0.0,0.0,0.0,0.0,0.0,0.0,0.0,0.0,0.0,0.0,0.0,0.0,0.0,0.0,0.0,0.0,0.0,0.0,0.0,0.0,0.0,0.0,0.0,0.0,0.0,0.0,0.0,0.0,0.0,0.0,0.0,0.0,0.0,0.0,0.0,0.0,0.0,0.0,0.0,0.0,0.0,0.0,0.0,0.0,0.0,0.0,0.0,0.0,0.0,0.0,0.0,0.0,0.0,0.0,0.0,0.0,0.0,0.0,0.0,0.0,0.0,0.0,0.0,0.0,0.0,0.0,0.0,0.0,0.0,0.0,0.0,0.0,0.0,0.0,0.0,0.0,0.0,0.0,0.0,0.0,0.0,0.0,0.0,0.0,0.0,0.0,0.0,0.0,0.0,0.0,0.0,0.0,0.0,0.0
2017-05-30 05:42:00+02:00,0.0,0.0,0.0,0.0,0.0,0.0,0.0,0.0,0.0,0.0,0.0,0.0,0.0,0.0,0.0,0.0,0.0,0.0,0.0,0.0,0.0,0.0,0.0,0.0,0.0,0.0,0.0,0.0,0.0,0.0,0.0,0.0,0.0,0.0,0.0,0.0,0.0,0.0,0.0,0.0,0.0,0.0,0.0,0.0,0.0,0.0,0.0,0.0,0.0,0.0,0.0,0.0,0.0,0.0,0.0,0.0,0.0,0.0,0.0,0.0,0.0,0.0,0.0,0.0,0.0,0.0,0.0,0.0,0.0,0.0,0.0,0.0,0.0,0.0,0.0,0.0,0.0,0.0,0.0,0.0,0.0,0.0,0.0,0.0,0.0,0.0,0.0,0.0,0.0,0.0,0.0,0.0,0.0,0.0,0.0,0.0,0.0,0.0,0.0,0.0,0.0,0.0,0.0,0.0,0.0,0.0,0.0,0.0,0.0,0.0,0.0,0.0,0.0,0.0,0.0,0.0,0.0,0.0
2017-05-30 05:43:00+02:00,0.0,0.0,0.0,0.0,0.0,0.0,0.0,0.0,0.0,0.0,0.0,0.0,0.0,0.0,0.0,0.0,0.0,0.0,0.0,0.0,0.0,0.0,0.0,0.0,0.0,0.0,0.0,0.0,0.0,0.0,0.0,0.0,0.0,0.0,0.0,0.0,0.0,0.0,0.0,0.0,0.0,0.0,0.0,0.0,0.0,0.0,0.0,0.0,0.0,0.0,0.0,0.0,0.0,0.0,0.0,0.0,0.0,0.0,0.0,0.0,0.0,0.0,0.0,0.0,0.0,0.0,0.0,0.0,0.0,0.0,0.0,0.0,0.0,0.0,0.0,0.0,0.0,0.0,0.0,0.0,0.0,0.0,0.0,0.0,0.0,0.0,0.0,0.0,0.0,0.0,0.0,0.0,0.0,0.0,0.0,0.0,0.0,0.0,0.0,0.0,0.0,0.0,0.0,0.0,0.0,0.0,0.0,0.0,0.0,0.0,0.0,0.0,0.0,0.0,0.0,0.0,0.0,0.0
2017-05-30 05:44:00+02:00,0.0,0.0,0.0,0.0,0.0,0.0,0.0,0.0,0.0,0.0,0.0,0.0,0.0,0.0,0.0,0.0,0.0,0.0,0.0,0.0,0.0,0.0,0.0,0.0,0.0,0.0,0.0,0.0,0.0,0.0,0.0,0.0,0.0,0.0,0.0,0.0,0.0,0.0,0.0,0.0,0.0,0.0,0.0,0.0,0.0,0.0,0.0,0.0,0.0,0.0,0.0,0.0,0.0,0.0,0.0,0.0,0.0,0.0,0.0,0.0,0.0,0.0,0.0,0.0,0.0,0.0,0.0,0.0,0.0,0.0,0.0,0.0,0.0,0.0,0.0,0.0,0.0,0.0,0.0,0.0,0.0,0.0,0.0,0.0,0.0,0.0,0.0,0.0,0.0,0.0,0.0,0.0,0.0,0.0,0.0,0.0,0.0,0.0,0.0,0.0,0.0,0.0,0.0,0.0,0.0,0.0,0.0,0.0,0.0,0.0,0.0,0.0,0.0,0.0,0.0,0.0,0.0,0.0
2017-05-30 05:45:00+02:00,0.0,0.0,0.0,0.0,0.0,0.0,0.0,0.0,0.0,0.0,0.0,0.0,0.0,0.0,0.0,0.0,0.0,0.0,0.0,0.0,0.0,0.0,0.0,0.0,0.0,0.0,0.0,0.0,0.0,0.0,0.0,0.0,0.0,0.0,0.0,0.0,0.0,0.0,0.0,0.0,0.0,0.0,0.0,0.0,0.0,0.0,0.0,0.0,0.0,0.0,0.0,0.0,0.0,0.0,0.0,0.0,0.0,0.0,0.0,0.0,0.0,0.0,0.0,0.0,0.0,0.0,0.0,0.0,0.0,0.0,0.0,0.0,0.0,0.0,0.0,0.0,0.0,0.0,0.0,0.0,0.0,0.0,0.0,0.0,0.0,0.0,0.0,0.0,0.0,0.0,0.0,0.0,0.0,0.0,0.0,0.0,0.0,0.0,0.0,0.0,0.0,0.0,0.0,0.0,0.0,0.0,0.0,0.0,0.0,0.0,0.0,0.0,0.0,0.0,0.0,0.0,0.0,0.0
2017-05-30 05:46:00+02:00,0.0,0.0,0.0,0.0,0.0,0.0,0.0,0.0,0.0,0.0,0.0,0.0,0.0,0.0,0.0,0.0,0.0,0.0,0.0,0.0,0.0,0.0,0.0,0.0,0.0,0.0,0.0,0.0,0.0,0.0,0.0,0.0,0.0,0.0,0.0,0.0,0.0,0.0,0.0,0.0,0.0,0.0,0.0,0.0,0.0,0.0,0.0,0.0,0.0,0.0,0.0,0.0,0.0,0.0,0.0,0.0,0.0,0.0,0.0,0.0,0.0,0.0,0.0,0.0,0.0,0.0,0.0,0.0,0.0,0.0,0.0,0.0,0.0,0.0,0.0,0.0,0.0,0.0,0.0,0.0,0.0,0.0,0.0,0.0,0.0,0.0,0.0,0.0,0.0,0.0,0.0,0.0,0.0,0.0,0.0,0.0,0.0,0.0,0.0,0.0,0.0,0.0,0.0,0.0,0.0,0.0,0.0,0.0,0.0,0.0,0.0,0.0,0.0,0.0,0.0,0.0,0.0,0.0
2017-05-30 05:47:00+02:00,0.0,0.0,0.0,0.0,0.0,0.0,0.0,0.0,0.0,0.0,0.0,0.0,0.0,0.0,0.0,0.0,0.0,0.0,0.0,0.0,0.0,0.0,0.0,0.0,0.0,0.0,0.0,0.0,0.0,0.0,0.0,0.0,0.0,0.0,0.0,0.0,0.0,0.0,0.0,0.0,0.0,0.0,0.0,0.0,0.0,0.0,0.0,0.0,0.0,0.0,0.0,0.0,0.0,0.0,0.0,0.0,0.0,0.0,0.0,0.0,0.0,0.0,0.0,0.0,0.0,0.0,0.0,0.0,0.0,0.0,0.0,0.0,0.0,0.0,0.0,0.0,0.0,0.0,0.0,0.0,0.0,0.0,0.0,0.0,0.0,0.0,0.0,0.0,0.0,0.0,0.0,0.0,0.0,0.0,0.0,0.0,0.0,0.0,0.0,0.0,0.0,0.0,0.0,0.0,0.0,0.0,0.0,0.0,0.0,0.0,0.0,0.0,0.0,0.0,0.0,0.0,0.0,0.0
2017-05-30 05:48:00+02:00,0.0,0.0,0.0,0.0,0.0,0.0,0.0,0.0,0.0,0.0,0.0,0.0,0.0,0.0,0.0,0.0,0.0,0.0,0.0,0.0,0.0,0.0,0.0,0.0,0.0,0.0,0.0,0.0,0.0,0.0,0.0,0.0,0.0,0.0,0.0,0.0,0.0,0.0,0.0,0.0,0.0,0.0,0.0,0.0,0.0,0.0,0.0,0.0,0.0,0.0,0.0,0.0,0.0,0.0,0.0,0.0,0.0,0.0,0.0,0.0,0.0,0.0,0.0,0.0,0.0,0.0,0.0,0.0,0.0,0.0,0.0,0.0,0.0,0.0,0.0,0.0,0.0,0.0,0.0,0.0,0.0,0.0,0.0,0.0,0.0,0.0,0.0,0.0,0.0,0.0,0.0,0.0,0.0,0.0,0.0,0.0,0.0,0.0,0.0,0.0,0.0,0.0,0.0,0.0,0.0,0.0,0.0,0.0,0.0,0.0,0.0,0.0,0.0,0.0,0.0,0.0,0.0,0.0
2017-05-30 05:49:00+02:00,0.0,0.0,0.0,0.0,0.0,0.0,0.0,0.0,0.0,0.0,0.0,0.0,0.0,0.0,0.0,0.0,0.0,0.0,0.0,0.0,0.0,0.0,0.0,0.0,0.0,0.0,0.0,0.0,0.0,0.0,0.0,0.0,0.0,0.0,0.0,0.0,0.0,0.0,0.0,0.0,0.0,0.0,0.0,0.0,0.0,0.0,0.0,0.0,0.0,0.0,0.0,0.0,0.0,0.0,0.0,0.0,0.0,0.0,0.0,0.0,0.0,0.0,0.0,0.0,0.0,0.0,0.0,0.0,0.0,0.0,0.0,0.0,0.0,0.0,0.0,0.0,0.0,0.0,0.0,0.0,0.0,0.0,0.0,0.0,0.0,0.0,0.0,0.0,0.0,0.0,0.0,0.0,0.0,0.0,0.0,0.0,0.0,0.0,0.0,0.0,0.0,0.0,0.0,0.0,0.0,0.0,0.0,0.0,0.0,0.0,0.0,0.0,0.0,0.0,0.0,0.0,0.0,0.0
2017-05-30 05:50:00+02:00,0.0,0.0,0.0,0.0,0.0,0.0,0.0,0.0,0.0,0.0,0.0,0.0,0.0,0.0,0.0,0.0,0.0,0.0,0.0,0.0,0.0,0.0,0.0,0.0,0.0,0.0,0.0,0.0,0.0,0.0,0.0,0.0,0.0,0.0,0.0,0.0,0.0,0.0,0.0,0.0,0.0,0.0,0.0,0.0,0.0,0.0,0.0,0.0,0.0,0.0,0.0,0.0,0.0,0.0,0.0,0.0,0.0,0.0,0.0,0.0,0.0,0.0,0.0,0.0,0.0,0.0,0.0,0.0,0.0,0.0,0.0,0.0,0.0,0.0,0.0,0.0,0.0,0.0,0.0,0.0,0.0,0.0,0.0,0.0,0.0,0.0,0.0,0.0,0.0,0.0,0.0,0.0,0.0,0.0,0.0,0.0,0.0,0.0,0.0,0.0,0.0,0.0,0.0,0.0,0.0,0.0,0.0,0.0,0.0,0.0,0.0,0.0,0.0,0.0,0.0,0.0,0.0,0.0
2017-05-30 05:51:00+02:00,0.0,0.0,0.0,0.0,0.0,0.0,0.0,0.0,0.0,0.0,0.0,0.0,0.0,0.0,0.0,0.0,0.0,0.0,0.0,0.0,0.0,0.0,0.0,0.0,0.0,0.0,0.0,0.0,0.0,0.0,0.0,0.0,0.0,0.0,0.0,0.0,0.0,0.0,0.0,0.0,0.0,0.0,0.0,0.0,0.0,0.0,0.0,0.0,0.0,0.0,0.0,0.0,0.0,0.0,0.0,0.0,0.0,0.0,0.0,0.0,0.0,0.0,0.0,0.0,0.0,0.0,0.0,0.0,0.0,0.0,0.0,0.0,0.0,0.0,0.0,0.0,0.0,0.0,0.0,0.0,0.0,0.0,0.0,0.0,0.0,0.0,0.0,0.0,0.0,0.0,0.0,0.0,0.0,0.0,0.0,0.0,0.0,0.0,0.0,0.0,0.0,0.0,0.0,0.0,0.0,0.0,0.0,0.0,0.0,0.0,0.0,0.0,0.0,0.0,0.0,0.0,0.0,0.0
2017-05-30 05:52:00+02:00,0.0,0.0,0.0,0.0,0.0,0.0,0.0,0.0,0.0,0.0,0.0,0.0,0.0,0.0,0.0,0.0,0.0,0.0,0.0,0.0,0.0,0.0,0.0,0.0,0.0,0.0,0.0,0.0,0.0,0.0,0.0,0.0,0.0,0.0,0.0,0.0,0.0,0.0,0.0,0.0,0.0,0.0,0.0,0.0,0.0,0.0,0.0,0.0,0.0,0.0,0.0,0.0,0.0,0.0,0.0,0.0,0.0,0.0,0.0,0.0,0.0,0.0,0.0,0.0,0.0,0.0,0.0,0.0,0.0,0.0,0.0,0.0,0.0,0.0,0.0,0.0,0.0,0.0,0.0,0.0,0.0,0.0,0.0,0.0,0.0,0.0,0.0,0.0,0.0,0.0,0.0,0.0,0.0,0.0,0.0,0.0,0.0,0.0,0.0,0.0,0.0,0.0,0.0,0.0,0.0,0.0,0.0,0.0,0.0,0.0,0.0,0.0,0.0,0.0,0.0,0.0,0.0,0.0
2017-05-30 05:53:00+02:00,0.0,0.0,0.0,0.0,0.0,0.0,0.0,0.0,0.0,0.0,0.0,0.0,0.0,0.0,0.0,0.0,0.0,0.0,0.0,0.0,0.0,0.0,0.0,0.0,0.0,0.0,0.0,0.0,0.0,0.0,0.0,0.0,0.0,0.0,0.0,0.0,0.0,0.0,0.0,0.0,0.0,0.0,0.0,0.0,0.0,0.0,0.0,0.0,0.0,0.0,0.0,0.0,0.0,0.0,0.0,0.0,0.0,0.0,0.0,0.0,0.0,0.0,0.0,0.0,0.0,0.0,0.0,0.0,0.0,0.0,0.0,0.0,0.0,0.0,0.0,0.0,0.0,0.0,0.0,0.0,0.0,0.0,0.0,0.0,0.0,0.0,0.0,0.0,0.0,0.0,0.0,0.0,0.0,0.0,0.0,0.0,0.0,0.0,0.0,0.0,0.0,0.0,0.0,0.0,0.0,0.0,0.0,0.0,0.0,0.0,0.0,0.0,0.0,0.0,0.0,0.0,0.0,0.0
2017-05-30 05:54:00+02:00,0.0,0.0,0.0,0.0,0.0,0.0,0.0,0.0,0.0,0.0,0.0,0.0,0.0,0.0,0.0,0.0,0.0,0.0,0.0,0.0,0.0,0.0,0.0,0.0,0.0,0.0,0.0,0.0,0.0,0.0,0.0,0.0,0.0,0.0,0.0,0.0,0.0,0.0,0.0,0.0,0.0,0.0,0.0,0.0,0.0,0.0,0.0,0.0,0.0,0.0,0.0,0.0,0.0,0.0,0.0,0.0,0.0,0.0,0.0,0.0,0.0,0.0,0.0,0.0,0.0,0.0,0.0,0.0,0.0,0.0,0.0,0.0,0.0,0.0,0.0,0.0,0.0,0.0,0.0,0.0,0.0,0.0,0.0,0.0,0.0,0.0,0.0,0.0,0.0,0.0,0.0,0.0,0.0,0.0,0.0,0.0,0.0,0.0,0.0,0.0,0.0,0.0,0.0,0.0,0.0,0.0,0.0,0.0,0.0,0.0,0.0,0.0,0.0,0.0,0.0,0.0,0.0,0.0
2017-05-30 05:55:00+02:00,0.0,0.0,0.0,0.0,0.0,0.0,0.0,0.0,0.0,0.0,0.0,0.0,0.0,0.0,0.0,0.0,0.0,0.0,0.0,0.0,0.0,0.0,0.0,0.0,0.0,0.0,0.0,0.0,0.0,0.0,0.0,0.0,0.0,0.0,0.0,0.0,0.0,0.0,0.0,0.0,0.0,0.0,0.0,0.0,0.0,0.0,0.0,0.0,0.0,0.0,0.0,0.0,0.0,0.0,0.0,0.0,0.0,0.0,0.0,0.0,0.0,0.0,0.0,0.0,0.0,0.0,0.0,0.0,0.0,0.0,0.0,0.0,0.0,0.0,0.0,0.0,0.0,0.0,0.0,0.0,0.0,0.0,0.0,0.0,0.0,0.0,0.0,0.0,0.0,0.0,0.0,0.0,0.0,0.0,0.0,0.0,0.0,0.0,0.0,0.0,0.0,0.0,0.0,0.0,0.0,0.0,0.0,0.0,0.0,0.0,0.0,0.0,0.0,0.0,0.0,0.0,0.0,0.0
2017-05-30 05:56:00+02:00,0.0,0.0,0.0,0.0,0.0,0.0,0.0,0.0,0.0,0.0,0.0,0.0,0.0,0.0,0.0,0.0,0.0,0.0,0.0,0.0,0.0,0.0,0.0,0.0,0.0,0.0,0.0,0.0,0.0,0.0,0.0,0.0,0.0,0.0,0.0,0.0,0.0,0.0,0.0,0.0,0.0,0.0,0.0,0.0,0.0,0.0,0.0,0.0,0.0,0.0,0.0,0.0,0.0,0.0,0.0,0.0,0.0,0.0,0.0,0.0,0.0,0.0,0.0,0.0,0.0,0.0,0.0,0.0,0.0,0.0,0.0,0.0,0.0,0.0,0.0,0.0,0.0,0.0,0.0,0.0,0.0,0.0,0.0,0.0,0.0,0.0,0.0,0.0,0.0,0.0,0.0,0.0,0.0,0.0,0.0,0.0,0.0,0.0,0.0,0.0,0.0,0.0,0.0,0.0,0.0,0.0,0.0,0.0,0.0,0.0,0.0,0.0,0.0,0.0,0.0,0.0,0.0,0.0
2017-05-30 05:57:00+02:00,0.0,0.0,0.0,0.0,0.0,0.0,0.0,0.0,0.0,0.0,0.0,0.0,0.0,0.0,0.0,0.0,0.0,0.0,0.0,0.0,0.0,0.0,0.0,0.0,0.0,0.0,0.0,0.0,0.0,0.0,0.0,0.0,0.0,0.0,0.0,0.0,0.0,0.0,0.0,0.0,0.0,0.0,0.0,0.0,0.0,0.0,0.0,0.0,0.0,0.0,0.0,0.0,0.0,0.0,0.0,0.0,0.0,0.0,0.0,0.0,0.0,0.0,0.0,0.0,0.0,0.0,0.0,0.0,0.0,0.0,0.0,0.0,0.0,0.0,0.0,0.0,0.0,0.0,0.0,0.0,0.0,0.0,0.0,0.0,0.0,0.0,0.0,0.0,0.0,0.0,0.0,0.0,0.0,0.0,0.0,0.0,0.0,0.0,0.0,0.0,0.0,0.0,0.0,0.0,0.0,0.0,0.0,0.0,0.0,0.0,0.0,0.0,0.0,0.0,0.0,0.0,0.0,0.0
2017-05-30 05:58:00+02:00,0.0,0.0,0.0,0.0,0.0,0.0,0.0,0.0,0.0,0.0,0.0,0.0,0.0,0.0,0.0,0.0,0.0,0.0,0.0,0.0,0.0,0.0,0.0,0.0,0.0,0.0,0.0,0.0,0.0,0.0,0.0,0.0,0.0,0.0,0.0,0.0,0.0,0.0,0.0,0.0,0.0,0.0,0.0,0.0,0.0,0.0,0.0,0.0,0.0,0.0,0.0,0.0,0.0,0.0,0.0,0.0,0.0,0.0,0.0,0.0,0.0,0.0,0.0,0.0,0.0,0.0,0.0,0.0,0.0,0.0,0.0,0.0,0.0,0.0,0.0,0.0,0.0,0.0,0.0,0.0,0.0,0.0,0.0,0.0,0.0,0.0,0.0,0.0,0.0,0.0,0.0,0.0,0.0,0.0,0.0,0.0,0.0,0.0,0.0,0.0,0.0,0.0,0.0,0.0,0.0,0.0,0.0,0.0,0.0,0.0,0.0,0.0,0.0,0.0,0.0,0.0,0.0,0.0
2017-05-30 05:59:00+02:00,0.0,0.0,0.0,0.0,0.0,0.0,0.0,0.0,0.0,0.0,0.0,0.0,0.0,0.0,0.0,0.0,0.0,0.0,0.0,0.0,0.0,0.0,0.0,0.0,0.0,0.0,0.0,0.0,0.0,0.0,0.0,0.0,0.0,0.0,0.0,0.0,0.0,0.0,0.0,0.0,0.0,0.0,0.0,0.0,0.0,0.0,0.0,0.0,0.0,0.0,0.0,0.0,0.0,0.0,0.0,0.0,0.0,0.0,0.0,0.0,0.0,0.0,0.0,0.0,0.0,0.0,0.0,0.0,0.0,0.0,0.0,0.0,0.0,0.0,0.0,0.0,0.0,0.0,0.0,0.0,0.0,0.0,0.0,0.0,0.0,0.0,0.0,0.0,0.0,0.0,0.0,0.0,0.0,0.0,0.0,0.0,0.0,0.0,0.0,0.0,0.0,0.0,0.0,0.0,0.0,0.0,0.0,0.0,0.0,0.0,0.0,0.0,0.0,0.0,0.0,0.0,0.0,0.0
2017-05-30 06:00:00+02:00,0.0,0.0,0.0,0.0,0.0,0.0,0.0,0.0,0.0,0.0,0.0,0.0,0.0,0.0,0.0,0.0,0.0,0.0,0.0,0.0,0.0,0.0,0.0,0.0,0.0,0.0,0.0,0.0,0.0,0.0,0.0,0.0,0.0,0.0,0.0,0.0,0.0,0.0,0.0,0.0,0.0,0.0,0.0,0.0,0.0,0.0,0.0,0.0,0.0,0.0,0.0,0.0,0.0,0.0,0.0,0.0,0.0,0.0,0.0,0.0,0.0,0.0,0.0,0.0,0.0,0.0,0.0,0.0,0.0,0.0,0.0,0.0,0.0,0.0,0.0,0.0,0.0,0.0,0.0,0.0,0.0,0.0,0.0,0.0,0.0,0.0,0.0,0.0,0.0,0.0,0.0,0.0,0.0,0.0,0.0,0.0,0.0,0.0,0.0,0.0,0.0,0.0,0.0,0.0,0.0,0.0,0.0,0.0,0.0,0.0,0.0,0.0,0.0,0.0,0.0,0.0,0.0,0.0
2017-05-30 06:01:00+02:00,0.0,0.0,0.0,0.0,0.0,0.0,0.0,0.0,0.0,0.0,0.0,0.0,0.0,0.0,0.0,0.0,0.0,0.0,0.0,0.0,0.0,0.0,0.0,0.0,0.0,0.0,0.0,0.0,0.0,0.0,0.0,0.0,0.0,0.0,0.0,0.0,0.0,0.0,0.0,0.0,0.0,0.0,0.0,0.0,0.0,0.0,0.0,0.0,0.0,0.0,0.0,0.0,0.0,0.0,0.0,0.0,0.0,0.0,0.0,0.0,0.0,0.0,0.0,0.0,0.0,0.0,0.0,0.0,0.0,0.0,0.0,0.0,0.0,0.0,0.0,0.0,0.0,0.0,0.0,0.0,0.0,0.0,0.0,0.0,0.0,0.0,0.0,0.0,0.0,0.0,0.0,0.0,0.0,0.0,0.0,0.0,0.0,0.0,0.0,0.0,0.0,0.0,0.0,0.0,0.0,0.0,0.0,0.0,0.0,0.0,0.0,0.0,0.0,0.0,0.0,0.0,0.0,0.0
2017-05-30 06:02:00+02:00,0.0,0.0,0.0,0.0,0.0,0.0,0.0,0.0,0.0,0.0,0.0,0.0,0.0,0.0,0.0,0.0,0.0,0.0,0.0,0.0,0.0,0.0,0.0,0.0,0.0,0.0,0.0,0.0,0.0,0.0,0.0,0.0,0.0,0.0,0.0,0.0,0.0,0.0,0.0,0.0,0.0,0.0,0.0,0.0,0.0,0.0,0.0,0.0,0.0,0.0,0.0,0.0,0.0,0.0,0.0,0.0,0.0,0.0,0.0,0.0,0.0,0.0,0.0,0.0,0.0,0.0,0.0,0.0,0.0,0.0,0.0,0.0,0.0,0.0,0.0,0.0,0.0,0.0,0.0,0.0,0.0,0.0,0.0,0.0,0.0,0.0,0.0,0.0,0.0,0.0,0.0,0.0,0.0,0.0,0.0,0.0,0.0,0.0,0.0,0.0,0.0,0.0,0.0,0.0,0.0,0.0,0.0,0.0,0.0,0.0,0.0,0.0,0.0,0.0,0.0,0.0,0.0,0.0
2017-05-30 06:03:00+02:00,0.0,0.0,0.0,0.0,0.0,0.0,0.0,0.0,0.0,0.0,0.0,0.0,0.0,0.0,0.0,0.0,0.0,0.0,0.0,0.0,0.0,0.0,0.0,0.0,0.0,0.0,0.0,0.0,0.0,0.0,0.0,0.0,0.0,0.0,0.0,0.0,0.0,0.0,0.0,0.0,0.0,0.0,0.0,0.0,0.0,0.0,0.0,0.0,0.0,0.0,0.0,0.0,0.0,0.0,0.0,0.0,0.0,0.0,0.0,0.0,0.0,0.0,0.0,0.0,0.0,0.0,0.0,0.0,0.0,0.0,0.0,0.0,0.0,0.0,0.0,0.0,0.0,0.0,0.0,0.0,0.0,0.0,0.0,0.0,0.0,0.0,0.0,0.0,0.0,0.0,0.0,0.0,0.0,0.0,0.0,0.0,0.0,0.0,0.0,0.0,0.0,0.0,0.0,0.0,0.0,0.0,0.0,0.0,0.0,0.0,0.0,0.0,0.0,0.0,0.0,0.0,0.0,0.0
2017-05-30 06:04:00+02:00,0.0,0.0,0.0,0.0,0.0,0.0,0.0,0.0,0.0,0.0,0.0,0.0,0.0,0.0,0.0,0.0,0.0,0.0,0.0,0.0,0.0,0.0,0.0,0.0,0.0,0.0,0.0,0.0,0.0,0.0,0.0,0.0,0.0,0.0,0.0,0.0,0.0,0.0,0.0,0.0,0.0,0.0,0.0,0.0,0.0,0.0,0.0,0.0,0.0,0.0,0.0,0.0,0.0,0.0,0.0,0.0,0.0,0.0,0.0,0.0,0.0,0.0,0.0,0.0,0.0,0.0,0.0,0.0,0.0,0.0,0.0,0.0,0.0,0.0,0.0,0.0,0.0,0.0,0.0,0.0,0.0,0.0,0.0,0.0,0.0,0.0,0.0,0.0,0.0,0.0,0.0,0.0,0.0,0.0,0.0,0.0,0.0,0.0,0.0,0.0,0.0,0.0,0.0,0.0,0.0,0.0,0.0,0.0,0.0,0.0,0.0,0.0,0.0,0.0,0.0,0.0,0.0,0.0
2017-05-30 06:05:00+02:00,0.0,0.0,0.0,0.0,0.0,0.0,0.0,0.0,0.0,0.0,0.0,0.0,0.0,0.0,0.0,0.0,0.0,0.0,0.0,0.0,0.0,0.0,0.0,0.0,0.0,0.0,0.0,0.0,0.0,0.0,0.0,0.0,0.0,0.0,0.0,0.0,0.0,0.0,0.0,0.0,0.0,0.0,0.0,0.0,0.0,0.0,0.0,0.0,0.0,0.0,0.0,0.0,0.0,0.0,0.0,0.0,0.0,0.0,0.0,0.0,0.0,0.0,0.0,0.0,0.0,0.0,0.0,0.0,0.0,0.0,0.0,0.0,0.0,0.0,0.0,0.0,0.0,0.0,0.0,0.0,0.0,0.0,0.0,0.0,0.0,0.0,0.0,0.0,0.0,0.0,0.0,0.0,0.0,0.0,0.0,0.0,0.0,0.0,0.0,0.0,0.0,0.0,0.0,0.0,0.0,0.0,0.0,0.0,0.0,0.0,0.0,0.0,0.0,0.0,0.0,0.0,0.0,0.0
2017-05-30 06:06:00+02:00,0.0,0.0,0.0,0.0,0.0,0.0,0.0,0.0,0.0,0.0,0.0,0.0,0.0,0.0,0.0,0.0,0.0,0.0,0.0,0.0,0.0,0.0,0.0,0.0,0.0,0.0,0.0,0.0,0.0,0.0,0.0,0.0,0.0,0.0,0.0,0.0,0.0,0.0,0.0,0.0,0.0,0.0,0.0,0.0,0.0,0.0,0.0,0.0,0.0,0.0,0.0,0.0,0.0,0.0,0.0,0.0,0.0,0.0,0.0,0.0,0.0,0.0,0.0,0.0,0.0,0.0,0.0,0.0,0.0,0.0,0.0,0.0,0.0,0.0,0.0,0.0,0.0,0.0,0.0,0.0,0.0,0.0,0.0,0.0,0.0,0.0,0.0,0.0,0.0,0.0,0.0,0.0,0.0,0.0,0.0,0.0,0.0,0.0,0.0,0.0,0.0,0.0,0.0,0.0,0.0,0.0,0.0,0.0,0.0,0.0,0.0,0.0,0.0,0.0,0.0,0.0,0.0,0.0
2017-05-30 06:07:00+02:00,0.0,0.0,0.0,0.0,0.0,0.0,0.0,0.0,0.0,0.0,0.0,0.0,0.0,0.0,0.0,0.0,0.0,0.0,0.0,0.0,0.0,0.0,0.0,0.0,0.0,0.0,0.0,0.0,0.0,0.0,0.0,0.0,0.0,0.0,0.0,0.0,0.0,0.0,0.0,0.0,0.0,0.0,0.0,0.0,0.0,0.0,0.0,0.0,0.0,0.0,0.0,0.0,0.0,0.0,0.0,0.0,0.0,0.0,0.0,0.0,0.0,0.0,0.0,0.0,0.0,0.0,0.0,0.0,0.0,0.0,0.0,0.0,0.0,0.0,0.0,0.0,0.0,0.0,0.0,0.0,0.0,0.0,0.0,0.0,0.0,0.0,0.0,0.0,0.0,0.0,0.0,0.0,0.0,0.0,0.0,0.0,0.0,0.0,0.0,0.0,0.0,0.0,0.0,0.0,0.0,0.0,0.0,0.0,0.0,0.0,0.0,0.0,0.0,0.0,0.0,0.0,0.0,0.0
2017-05-30 06:08:00+02:00,0.0,0.0,0.0,0.0,0.0,0.0,0.0,0.0,0.0,0.0,0.0,0.0,0.0,0.0,0.0,0.0,0.0,0.0,0.0,0.0,0.0,0.0,0.0,0.0,0.0,0.0,0.0,0.0,0.0,0.0,0.0,0.0,0.0,0.0,0.0,0.0,0.0,0.0,0.0,0.0,0.0,0.0,0.0,0.0,0.0,0.0,0.0,0.0,0.0,0.0,0.0,0.0,0.0,0.0,0.0,0.0,0.0,0.0,0.0,0.0,0.0,0.0,0.0,0.0,0.0,0.0,0.0,0.0,0.0,0.0,0.0,0.0,0.0,0.0,0.0,0.0,0.0,0.0,0.0,0.0,0.0,0.0,0.0,0.0,0.0,0.0,0.0,0.0,0.0,0.0,0.0,0.0,0.0,0.0,0.0,0.0,0.0,0.0,0.0,0.0,0.0,0.0,0.0,0.0,0.0,0.0,0.0,0.0,0.0,0.0,0.0,0.0,0.0,0.0,0.0,0.0,0.0,0.0
2017-05-30 06:09:00+02:00,0.0,0.0,0.0,0.0,0.0,0.0,0.0,0.0,0.0,0.0,0.0,0.0,0.0,0.0,0.0,0.0,0.0,0.0,0.0,0.0,0.0,0.0,0.0,0.0,0.0,0.0,0.0,0.0,0.0,0.0,0.0,0.0,0.0,0.0,0.0,0.0,0.0,0.0,0.0,0.0,0.0,0.0,0.0,0.0,0.0,0.0,0.0,0.0,0.0,0.0,0.0,0.0,0.0,0.0,0.0,0.0,0.0,0.0,0.0,0.0,0.0,0.0,0.0,0.0,0.0,0.0,0.0,0.0,0.0,0.0,0.0,0.0,0.0,0.0,0.0,0.0,0.0,0.0,0.0,0.0,0.0,0.0,0.0,0.0,0.0,0.0,0.0,0.0,0.0,0.0,0.0,0.0,0.0,0.0,0.0,0.0,0.0,0.0,0.0,0.0,0.0,0.0,0.0,0.0,0.0,0.0,0.0,0.0,0.0,0.0,0.0,0.0,0.0,0.0,0.0,0.0,0.0,0.0
2017-05-30 06:10:00+02:00,0.0,0.0,0.0,0.0,0.0,0.0,0.0,0.0,0.0,0.0,0.0,0.0,0.0,0.0,0.0,0.0,0.0,0.0,0.0,0.0,0.0,0.0,0.0,0.0,0.0,0.0,0.0,0.0,0.0,0.0,0.0,0.0,0.0,0.0,0.0,0.0,0.0,0.0,0.0,0.0,0.0,0.0,0.0,0.0,0.0,0.0,0.0,0.0,0.0,0.0,0.0,0.0,0.0,0.0,0.0,0.0,0.0,0.0,0.0,0.0,0.0,0.0,0.0,0.0,0.0,0.0,0.0,0.0,0.0,0.0,0.0,0.0,0.0,0.0,0.0,0.0,0.0,0.0,0.0,0.0,0.0,0.0,0.0,0.0,0.0,0.0,0.0,0.0,0.0,0.0,0.0,0.0,0.0,0.0,0.0,0.0,0.0,0.0,0.0,0.0,0.0,0.0,0.0,0.0,0.0,0.0,0.0,0.0,0.0,0.0,0.0,0.0,0.0,0.0,0.0,0.0,0.0,0.0
2017-05-30 06:11:00+02:00,0.0,0.0,0.0,0.0,0.0,0.0,0.0,0.0,0.0,0.0,0.0,0.0,0.0,0.0,0.0,0.0,0.0,0.0,0.0,0.0,0.0,0.0,0.0,0.0,0.0,0.0,0.0,0.0,0.0,0.0,0.0,0.0,0.0,0.0,0.0,0.0,0.0,0.0,0.0,0.0,0.0,0.0,0.0,0.0,0.0,0.0,0.0,0.0,0.0,0.0,0.0,0.0,0.0,0.0,0.0,0.0,0.0,0.0,0.0,0.0,0.0,0.0,0.0,0.0,0.0,0.0,0.0,0.0,0.0,0.0,0.0,0.0,0.0,0.0,0.0,0.0,0.0,0.0,0.0,0.0,0.0,0.0,0.0,0.0,0.0,0.0,0.0,0.0,0.0,0.0,0.0,0.0,0.0,0.0,0.0,0.0,0.0,0.0,0.0,0.0,0.0,0.0,0.0,0.0,0.0,0.0,0.0,0.0,0.0,0.0,0.0,0.0,0.0,0.0,0.0,0.0,0.0,0.0
2017-05-30 06:12:00+02:00,0.0,0.0,0.0,0.0,0.0,0.0,0.0,0.0,0.0,0.0,0.0,0.0,0.0,0.0,0.0,0.0,0.0,0.0,0.0,0.0,0.0,0.0,0.0,0.0,0.0,0.0,0.0,0.0,0.0,0.0,0.0,0.0,0.0,0.0,0.0,0.0,0.0,0.0,0.0,0.0,0.0,0.0,0.0,0.0,0.0,0.0,0.0,0.0,0.0,0.0,0.0,0.0,0.0,0.0,0.0,0.0,0.0,0.0,0.0,0.0,0.0,0.0,0.0,0.0,0.0,0.0,0.0,0.0,0.0,0.0,0.0,0.0,0.0,0.0,0.0,0.0,0.0,0.0,0.0,0.0,0.0,0.0,0.0,0.0,0.0,0.0,0.0,0.0,0.0,0.0,0.0,0.0,0.0,0.0,0.0,0.0,0.0,0.0,0.0,0.0,0.0,0.0,0.0,0.0,0.0,0.0,0.0,0.0,0.0,0.0,0.0,0.0,0.0,0.0,0.0,0.0,0.0,0.0
2017-05-30 06:13:00+02:00,0.0,0.0,0.0,0.0,0.0,0.0,0.0,0.0,0.0,0.0,0.0,0.0,0.0,0.0,0.0,0.0,0.0,0.0,0.0,0.0,0.0,0.0,0.0,0.0,0.0,0.0,0.0,0.0,0.0,0.0,0.0,0.0,0.0,0.0,0.0,0.0,0.0,0.0,0.0,0.0,0.0,0.0,0.0,0.0,0.0,0.0,0.0,0.0,0.0,0.0,0.0,0.0,0.0,0.0,0.0,0.0,0.0,0.0,0.0,0.0,0.0,0.0,0.0,0.0,0.0,0.0,0.0,0.0,0.0,0.0,0.0,0.0,0.0,0.0,0.0,0.0,0.0,0.0,0.0,0.0,0.0,0.0,0.0,0.0,0.0,0.0,0.0,0.0,0.0,0.0,0.0,0.0,0.0,0.0,0.0,0.0,0.0,0.0,0.0,0.0,0.0,0.0,0.0,0.0,0.0,0.0,0.0,0.0,0.0,0.0,0.0,0.0,0.0,0.0,0.0,0.0,0.0,0.0
2017-05-30 06:14:00+02:00,0.0,0.0,0.0,0.0,0.0,0.0,0.0,0.0,0.0,0.0,0.0,0.0,0.0,0.0,0.0,0.0,0.0,0.0,0.0,0.0,0.0,0.0,0.0,0.0,0.0,0.0,0.0,0.0,0.0,0.0,0.0,0.0,0.0,0.0,0.0,0.0,0.0,0.0,0.0,0.0,0.0,0.0,0.0,0.0,0.0,0.0,0.0,0.0,0.0,0.0,0.0,0.0,0.0,0.0,0.0,0.0,0.0,0.0,0.0,0.0,0.0,0.0,0.0,0.0,0.0,0.0,0.0,0.0,0.0,0.0,0.0,0.0,0.0,0.0,0.0,0.0,0.0,0.0,0.0,0.0,0.0,0.0,0.0,0.0,0.0,0.0,0.0,0.0,0.0,0.0,0.0,0.0,0.0,0.0,0.0,0.0,0.0,0.0,0.0,0.0,0.0,0.0,0.0,0.0,0.0,0.0,0.0,0.0,0.0,0.0,0.0,0.0,0.0,0.0,0.0,0.0,0.0,0.0
2017-05-30 06:15:00+02:00,0.0,0.0,0.0,0.0,0.0,0.0,0.0,0.0,0.0,0.0,0.0,0.0,0.0,0.0,0.0,0.0,0.0,0.0,0.0,0.0,0.0,0.0,0.0,0.0,0.0,0.0,0.0,0.0,0.0,0.0,0.0,0.0,0.0,0.0,0.0,0.0,0.0,0.0,0.0,0.0,0.0,0.0,0.0,0.0,0.0,0.0,0.0,0.0,0.0,0.0,0.0,0.0,0.0,0.0,0.0,0.0,0.0,0.0,0.0,0.0,0.0,0.0,0.0,0.0,0.0,0.0,0.0,0.0,0.0,0.0,0.0,0.0,0.0,0.0,0.0,0.0,0.0,0.0,0.0,0.0,0.0,0.0,0.0,0.0,0.0,0.0,0.0,0.0,0.0,0.0,0.0,0.0,0.0,0.0,0.0,0.0,0.0,0.0,0.0,0.0,0.0,0.0,0.0,0.0,0.0,0.0,0.0,0.0,0.0,0.0,0.0,0.0,0.0,0.0,0.0,0.0,0.0,0.0
2017-05-30 06:16:00+02:00,0.0,0.0,0.0,0.0,0.0,0.0,0.0,0.0,0.0,0.0,0.0,0.0,0.0,0.0,0.0,0.0,0.0,0.0,0.0,0.0,0.0,0.0,0.0,0.0,0.0,0.0,0.0,0.0,0.0,0.0,0.0,0.0,0.0,0.0,0.0,0.0,0.0,0.0,0.0,0.0,0.0,0.0,0.0,0.0,0.0,0.0,0.0,0.0,0.0,0.0,0.0,0.0,0.0,0.0,0.0,0.0,0.0,0.0,0.0,0.0,0.0,0.0,0.0,0.0,0.0,0.0,0.0,0.0,0.0,0.0,0.0,0.0,0.0,0.0,0.0,0.0,0.0,0.0,0.0,0.0,0.0,0.0,0.0,0.0,0.0,0.0,0.0,0.0,0.0,0.0,0.0,0.0,0.0,0.0,0.0,0.0,0.0,0.0,0.0,0.0,0.0,0.0,0.0,0.0,0.0,0.0,0.0,0.0,0.0,0.0,0.0,0.0,0.0,0.0,0.0,0.0,0.0,0.0
2017-05-30 06:17:00+02:00,0.0,0.0,0.0,0.0,0.0,0.0,0.0,0.0,0.0,0.0,0.0,0.0,0.0,0.0,0.0,0.0,0.0,0.0,0.0,0.0,0.0,0.0,0.0,0.0,0.0,0.0,0.0,0.0,0.0,0.0,0.0,0.0,0.0,0.0,0.0,0.0,0.0,0.0,0.0,0.0,0.0,0.0,0.0,0.0,0.0,0.0,0.0,0.0,0.0,0.0,0.0,0.0,0.0,0.0,0.0,0.0,0.0,0.0,0.0,0.0,0.0,0.0,0.0,0.0,0.0,0.0,0.0,0.0,0.0,0.0,0.0,0.0,0.0,0.0,0.0,0.0,0.0,0.0,0.0,0.0,0.0,0.0,0.0,0.0,0.0,0.0,0.0,0.0,0.0,0.0,0.0,0.0,0.0,0.0,0.0,0.0,0.0,0.0,0.0,0.0,0.0,0.0,0.0,0.0,0.0,0.0,0.0,0.0,0.0,0.0,0.0,0.0,0.0,0.0,0.0,0.0,0.0,0.0
2017-05-30 06:18:00+02:00,0.0,0.0,0.0,0.0,0.0,0.0,0.0,0.0,0.0,0.0,0.0,0.0,0.0,0.0,0.0,0.0,0.0,0.0,0.0,0.0,0.0,0.0,0.0,0.0,0.0,0.0,0.0,0.0,0.0,0.0,0.0,0.0,0.0,0.0,0.0,0.0,0.0,0.0,0.0,0.0,0.0,0.0,0.0,0.0,0.0,0.0,0.0,0.0,0.0,0.0,0.0,0.0,0.0,0.0,0.0,0.0,0.0,0.0,0.0,0.0,0.0,0.0,0.0,0.0,0.0,0.0,0.0,0.0,0.0,0.0,0.0,0.0,0.0,0.0,0.0,0.0,0.0,0.0,0.0,0.0,0.0,0.0,0.0,0.0,0.0,0.0,0.0,0.0,0.0,0.0,0.0,0.0,0.0,0.0,0.0,0.0,0.0,0.0,0.0,0.0,0.0,0.0,0.0,0.0,0.0,0.0,0.0,0.0,0.0,0.0,0.0,0.0,0.0,0.0,0.0,0.0,0.0,0.0
2017-05-30 06:19:00+02:00,0.0,0.0,0.0,0.0,0.0,0.0,0.0,0.0,0.0,0.0,0.0,0.0,0.0,0.0,0.0,0.0,0.0,0.0,0.0,0.0,0.0,0.0,0.0,0.0,0.0,0.0,0.0,0.0,0.0,0.0,0.0,0.0,0.0,0.0,0.0,0.0,0.0,0.0,0.0,0.0,0.0,0.0,0.0,0.0,0.0,0.0,0.0,0.0,0.0,0.0,0.0,0.0,0.0,0.0,0.0,0.0,0.0,0.0,0.0,0.0,0.0,0.0,0.0,0.0,0.0,0.0,0.0,0.0,0.0,0.0,0.0,0.0,0.0,0.0,0.0,0.0,0.0,0.0,0.0,0.0,0.0,0.0,0.0,0.0,0.0,0.0,0.0,0.0,0.0,0.0,0.0,0.0,0.0,0.0,0.0,0.0,0.0,0.0,0.0,0.0,0.0,0.0,0.0,0.0,0.0,0.0,0.0,0.0,0.0,0.0,0.0,0.0,0.0,0.0,0.0,0.0,0.0,0.0
2017-05-30 06:20:00+02:00,0.0,0.0,0.0,0.0,0.0,0.0,0.0,0.0,0.0,0.0,0.0,0.0,0.0,0.0,0.0,0.0,0.0,0.0,0.0,0.0,0.0,0.0,0.0,0.0,0.0,0.0,0.0,0.0,0.0,0.0,0.0,0.0,0.0,0.0,0.0,0.0,0.0,0.0,0.0,0.0,0.0,0.0,0.0,0.0,0.0,0.0,0.0,0.0,0.0,0.0,0.0,0.0,0.0,0.0,0.0,0.0,0.0,0.0,0.0,0.0,0.0,0.0,0.0,0.0,0.0,0.0,0.0,0.0,0.0,0.0,0.0,0.0,0.0,0.0,0.0,0.0,0.0,0.0,0.0,0.0,0.0,0.0,0.0,0.0,0.0,0.0,0.0,0.0,0.0,0.0,0.0,0.0,0.0,0.0,0.0,0.0,0.0,0.0,0.0,0.0,0.0,0.0,0.0,0.0,0.0,0.0,0.0,0.0,0.0,0.0,0.0,0.0,0.0,0.0,0.0,0.0,0.0,0.0
2017-05-30 06:21:00+02:00,0.0,0.0,0.0,0.0,0.0,0.0,0.0,0.0,0.0,0.0,0.0,0.0,0.0,0.0,0.0,0.0,0.0,0.0,0.0,0.0,0.0,0.0,0.0,0.0,0.0,0.0,0.0,0.0,0.0,0.0,0.0,0.0,0.0,0.0,0.0,0.0,0.0,0.0,0.0,0.0,0.0,0.0,0.0,0.0,0.0,0.0,0.0,0.0,0.0,0.0,0.0,0.0,0.0,0.0,0.0,0.0,0.0,0.0,0.0,0.0,0.0,0.0,0.0,0.0,0.0,0.0,0.0,0.0,0.0,0.0,0.0,0.0,0.0,0.0,0.0,0.0,0.0,0.0,0.0,0.0,0.0,0.0,0.0,0.0,0.0,0.0,0.0,0.0,0.0,0.0,0.0,0.0,0.0,0.0,0.0,0.0,0.0,0.0,0.0,0.0,0.0,0.0,0.0,0.0,0.0,0.0,0.0,0.0,0.0,0.0,0.0,0.0,0.0,0.0,0.0,0.0,0.0,0.0
2017-05-30 06:22:00+02:00,0.0,0.0,0.0,0.0,0.0,0.0,0.0,0.0,0.0,0.0,0.0,0.0,0.0,0.0,0.0,0.0,0.0,0.0,0.0,0.0,0.0,0.0,0.0,0.0,0.0,0.0,0.0,0.0,0.0,0.0,0.0,0.0,0.0,0.0,0.0,0.0,0.0,0.0,0.0,0.0,0.0,0.0,0.0,0.0,0.0,0.0,0.0,0.0,0.0,0.0,0.0,0.0,0.0,0.0,0.0,0.0,0.0,0.0,0.0,0.0,0.0,0.0,0.0,0.0,0.0,0.0,0.0,0.0,0.0,0.0,0.0,0.0,0.0,0.0,0.0,0.0,0.0,0.0,0.0,0.0,0.0,0.0,0.0,0.0,0.0,0.0,0.0,0.0,0.0,0.0,0.0,0.0,0.0,0.0,0.0,0.0,0.0,0.0,0.0,0.0,0.0,0.0,0.0,0.0,0.0,0.0,0.0,0.0,0.0,0.0,0.0,0.0,0.0,0.0,0.0,0.0,0.0,0.0
2017-05-30 06:23:00+02:00,0.0,0.0,0.0,0.0,0.0,0.0,0.0,0.0,0.0,0.0,0.0,0.0,0.0,0.0,0.0,0.0,0.0,0.0,0.0,0.0,0.0,0.0,0.0,0.0,0.0,0.0,0.0,0.0,0.0,0.0,0.0,0.0,0.0,0.0,0.0,0.0,0.0,0.0,0.0,0.0,0.0,0.0,0.0,0.0,0.0,0.0,0.0,0.0,0.0,0.0,0.0,0.0,0.0,0.0,0.0,0.0,0.0,0.0,0.0,0.0,0.0,0.0,0.0,0.0,0.0,0.0,0.0,0.0,0.0,0.0,0.0,0.0,0.0,0.0,0.0,0.0,0.0,0.0,0.0,0.0,0.0,0.0,0.0,0.0,0.0,0.0,0.0,0.0,0.0,0.0,0.0,0.0,0.0,0.0,0.0,0.0,0.0,0.0,0.0,0.0,0.0,0.0,0.0,0.0,0.0,0.0,0.0,0.0,0.0,0.0,0.0,0.0,0.0,0.0,0.0,0.0,0.0,0.0
2017-05-30 06:24:00+02:00,0.0,0.0,0.0,0.0,0.0,0.0,0.0,0.0,0.0,0.0,0.0,0.0,0.0,0.0,0.0,0.0,0.0,0.0,0.0,0.0,0.0,0.0,0.0,0.0,0.0,0.0,0.0,0.0,0.0,0.0,0.0,0.0,0.0,0.0,0.0,0.0,0.0,0.0,0.0,0.0,0.0,0.0,0.0,0.0,0.0,0.0,0.0,0.0,0.0,0.0,0.0,0.0,0.0,0.0,0.0,0.0,0.0,0.0,0.0,0.0,0.0,0.0,0.0,0.0,0.0,0.0,0.0,0.0,0.0,0.0,0.0,0.0,0.0,0.0,0.0,0.0,0.0,0.0,0.0,0.0,0.0,0.0,0.0,0.0,0.0,0.0,0.0,0.0,0.0,0.0,0.0,0.0,0.0,0.0,0.0,0.0,0.0,0.0,0.0,0.0,0.0,0.0,0.0,0.0,0.0,0.0,0.0,0.0,0.0,0.0,0.0,0.0,0.0,0.0,0.0,0.0,0.0,0.0
2017-05-30 06:25:00+02:00,0.0,0.0,0.0,0.0,0.0,0.0,0.0,0.0,0.0,0.0,0.0,0.0,0.0,0.0,0.0,0.0,0.0,0.0,0.0,0.0,0.0,0.0,0.0,0.0,0.0,0.0,0.0,0.0,0.0,0.0,0.0,0.0,0.0,0.0,0.0,0.0,0.0,0.0,0.0,0.0,0.0,0.0,0.0,0.0,0.0,0.0,0.0,0.0,0.0,0.0,0.0,0.0,0.0,0.0,0.0,0.0,0.0,0.0,0.0,0.0,0.0,0.0,0.0,0.0,0.0,0.0,0.0,0.0,0.0,0.0,0.0,0.0,0.0,0.0,0.0,0.0,0.0,0.0,0.0,0.0,0.0,0.0,0.0,0.0,0.0,0.0,0.0,0.0,0.0,0.0,0.0,0.0,0.0,0.0,0.0,0.0,0.0,0.0,0.0,0.0,0.0,0.0,0.0,0.0,0.0,0.0,0.0,0.0,0.0,0.0,0.0,0.0,0.0,0.0,0.0,0.0,0.0,0.0
2017-05-30 06:26:00+02:00,0.0,0.0,0.0,0.0,0.0,0.0,0.0,0.0,0.0,0.0,0.0,0.0,0.0,0.0,0.0,0.0,0.0,0.0,0.0,0.0,0.0,0.0,0.0,0.0,0.0,0.0,0.0,0.0,0.0,0.0,0.0,0.0,0.0,0.0,0.0,0.0,0.0,0.0,0.0,0.0,0.0,0.0,0.0,0.0,0.0,0.0,0.0,0.0,0.0,0.0,0.0,0.0,0.0,0.0,0.0,0.0,0.0,0.0,0.0,0.0,0.0,0.0,0.0,0.0,0.0,0.0,0.0,0.0,0.0,0.0,0.0,0.0,0.0,0.0,0.0,0.0,0.0,0.0,0.0,0.0,0.0,0.0,0.0,0.0,0.0,0.0,0.0,0.0,0.0,0.0,0.0,0.0,0.0,0.0,0.0,0.0,0.0,0.0,0.0,0.0,0.0,0.0,0.0,0.0,0.0,0.0,0.0,0.0,0.0,0.0,0.0,0.0,0.0,0.0,0.0,0.0,0.0,0.0
2017-05-30 06:27:00+02:00,0.0,0.0,0.0,0.0,0.0,0.0,0.0,0.0,0.0,0.0,0.0,0.0,0.0,0.0,0.0,0.0,0.0,0.0,0.0,0.0,0.0,0.0,0.0,0.0,0.0,0.0,0.0,0.0,0.0,0.0,0.0,0.0,0.0,0.0,0.0,0.0,0.0,0.0,0.0,0.0,0.0,0.0,0.0,0.0,0.0,0.0,0.0,0.0,0.0,0.0,0.0,0.0,0.0,0.0,0.0,0.0,0.0,0.0,0.0,0.0,0.0,0.0,0.0,0.0,0.0,0.0,0.0,0.0,0.0,0.0,0.0,0.0,0.0,0.0,0.0,0.0,0.0,0.0,0.0,0.0,0.0,0.0,0.0,0.0,0.0,0.0,0.0,0.0,0.0,0.0,0.0,0.0,0.0,0.0,0.0,0.0,0.0,0.0,0.0,0.0,0.0,0.0,0.0,0.0,0.0,0.0,0.0,0.0,0.0,0.0,0.0,0.0,0.0,0.0,0.0,0.0,0.0,0.0
2017-05-30 06:28:00+02:00,0.0,0.0,0.0,0.0,0.0,0.0,0.0,0.0,0.0,0.0,0.0,0.0,0.0,0.0,0.0,0.0,0.0,0.0,0.0,0.0,0.0,0.0,0.0,0.0,0.0,0.0,0.0,0.0,0.0,0.0,0.0,0.0,0.0,0.0,0.0,0.0,0.0,0.0,0.0,0.0,0.0,0.0,0.0,0.0,0.0,0.0,0.0,0.0,0.0,0.0,0.0,0.0,0.0,0.0,0.0,0.0,0.0,0.0,0.0,0.0,0.0,0.0,0.0,0.0,0.0,0.0,0.0,0.0,0.0,0.0,0.0,0.0,0.0,0.0,0.0,0.0,0.0,0.0,0.0,0.0,0.0,0.0,0.0,0.0,0.0,0.0,0.0,0.0,0.0,0.0,0.0,0.0,0.0,0.0,0.0,0.0,0.0,0.0,0.0,0.0,0.0,0.0,0.0,0.0,0.0,0.0,0.0,0.0,0.0,0.0,0.0,0.0,0.0,0.0,0.0,0.0,0.0,0.0
2017-05-30 06:29:00+02:00,0.0,0.0,0.0,0.0,0.0,0.0,0.0,0.0,0.0,0.0,0.0,0.0,0.0,0.0,0.0,0.0,0.0,0.0,0.0,0.0,0.0,0.0,0.0,0.0,0.0,0.0,0.0,0.0,0.0,0.0,0.0,0.0,0.0,0.0,0.0,0.0,0.0,0.0,0.0,0.0,0.0,0.0,0.0,0.0,0.0,0.0,0.0,0.0,0.0,0.0,0.0,0.0,0.0,0.0,0.0,0.0,0.0,0.0,0.0,0.0,0.0,0.0,0.0,0.0,0.0,0.0,0.0,0.0,0.0,0.0,0.0,0.0,0.0,0.0,0.0,0.0,0.0,0.0,0.0,0.0,0.0,0.0,0.0,0.0,0.0,0.0,0.0,0.0,0.0,0.0,0.0,0.0,0.0,0.0,0.0,0.0,0.0,0.0,0.0,0.0,0.0,0.0,0.0,0.0,0.0,0.0,0.0,0.0,0.0,0.0,0.0,0.0,0.0,0.0,0.0,0.0,0.0,0.0
2017-05-30 06:30:00+02:00,0.0,0.0,0.0,0.0,0.0,0.0,0.0,0.0,0.0,0.0,0.0,0.0,0.0,0.0,0.0,0.0,0.0,0.0,0.0,0.0,0.0,0.0,0.0,0.0,0.0,0.0,0.0,0.0,0.0,0.0,0.0,0.0,0.0,0.0,0.0,0.0,0.0,0.0,0.0,0.0,0.0,0.0,0.0,0.0,0.0,0.0,0.0,0.0,0.0,0.0,0.0,0.0,0.0,0.0,0.0,0.0,0.0,0.0,0.0,0.0,0.0,0.0,0.0,0.0,0.0,0.0,0.0,0.0,0.0,0.0,0.0,0.0,0.0,0.0,0.0,0.0,0.0,0.0,0.0,0.0,0.0,0.0,0.0,0.0,0.0,0.0,0.0,0.0,0.0,0.0,0.0,0.0,0.0,0.0,0.0,0.0,0.0,0.0,0.0,0.0,0.0,0.0,0.0,0.0,0.0,0.0,0.0,0.0,0.0,0.0,0.0,0.0,0.0,0.0,0.0,0.0,0.0,0.0
2017-05-30 06:31:00+02:00,0.0,0.0,0.0,0.0,0.0,0.0,0.0,0.0,0.0,0.0,0.0,0.0,0.0,0.0,0.0,0.0,0.0,0.0,0.0,0.0,0.0,0.0,0.0,0.0,0.0,-9e-06,0.0,0.0,0.0,0.0,0.0,0.0,0.0,0.0,0.0,0.0,0.0,0.0,0.0,0.0,0.0,0.0,0.0,0.0,0.0,0.0,0.0,0.0,0.0,0.0,0.0,0.0,0.0,0.0,0.0,0.0,0.0,0.0,0.0,0.0,0.0,0.0,0.0,0.0,0.0,0.0,0.0,0.0,0.0,0.0,0.0,0.0,0.0,0.0,0.0,0.0,0.0,0.0,0.0,0.0,0.0,0.0,0.0,0.0,0.0,0.0,0.0,0.0,0.0,0.0,0.0,-1e-06,0.0,0.0,0.0,0.0,-1.1e-05,-1.2e-05,0.0,0.0,0.0,0.0,0.0,0.0,0.0,0.0,0.0,0.0,0.0,-1.2e-05,0.0,0.0,0.0,0.0,0.0,0.0,0.0,0.0
2017-05-30 06:32:00+02:00,0.0,0.0,0.0,0.0,0.0,0.0,0.0,0.0,0.0,0.0,0.0,0.0,0.0,0.0,0.0,0.0,0.0,0.0,0.0,0.0,0.0,0.0,0.0,0.0,0.0,-7e-06,0.0,0.0,0.0,0.0,0.0,0.0,0.0,0.0,0.0,0.0,0.0,0.0,0.0,0.0,0.0,0.0,0.0,0.0,0.0,0.0,0.0,0.0,0.0,0.0,0.0,0.0,0.0,0.0,0.0,0.0,0.0,0.0,0.0,0.0,0.0,0.0,0.0,0.0,0.0,0.0,0.0,0.0,0.0,0.0,0.0,0.0,0.0,0.0,0.0,0.0,0.0,0.0,0.0,0.0,0.0,0.0,0.0,0.0,0.0,0.0,0.0,0.0,0.0,0.0,0.0,-0.0,0.0,0.0,0.0,0.0,-1.1e-05,-1.1e-05,0.0,0.0,0.0,0.0,0.0,0.0,0.0,0.0,0.0,0.0,0.0,-1.1e-05,0.0,0.0,0.0,0.0,0.0,0.0,0.0,0.0
2017-05-30 06:33:00+02:00,0.0,0.0,0.0,0.0,0.0,0.0,0.0,0.0,0.0,0.0,0.0,0.0,0.0,0.0,0.0,0.0,0.0,0.0,0.0,0.0,0.0,0.0,0.0,0.0,0.0,-6e-06,0.0,0.0,0.0,0.0,0.0,0.0,0.0,0.0,0.0,0.0,0.0,0.0,0.0,0.0,0.0,0.0,0.0,0.0,0.0,0.0,0.0,0.0,0.0,0.0,0.0,0.0,0.0,0.0,0.0,0.0,0.0,0.0,0.0,0.0,0.0,0.0,0.0,0.0,0.0,0.0,0.0,0.0,0.0,0.0,0.0,0.0,0.0,0.0,0.0,0.0,0.0,0.0,0.0,0.0,0.0,0.0,0.0,0.0,0.0,0.0,0.0,0.0,0.0,0.0,0.0,-0.0,0.0,0.0,0.0,0.0,-8e-06,-9e-06,0.0,0.0,0.0,0.0,0.0,0.0,0.0,0.0,0.0,0.0,0.0,-9e-06,0.0,0.0,0.0,0.0,0.0,0.0,0.0,0.0
2017-05-30 06:34:00+02:00,0.0,0.0,0.0,0.0,0.0,0.0,0.0,0.0,0.0,0.0,0.0,0.0,0.0,0.0,0.0,0.0,0.0,0.0,0.0,0.0,0.0,0.0,0.0,0.0,0.0,-4e-06,0.0,0.0,0.0,0.0,0.0,0.0,0.0,0.0,0.0,0.0,0.0,0.0,0.0,0.0,0.0,0.0,0.0,0.0,0.0,0.0,0.0,0.0,0.0,0.0,0.0,0.0,0.0,0.0,0.0,0.0,0.0,0.0,0.0,0.0,0.0,0.0,0.0,0.0,0.0,0.0,0.0,0.0,0.0,0.0,0.0,0.0,0.0,0.0,0.0,0.0,0.0,0.0,0.0,0.0,0.0,0.0,0.0,0.0,0.0,0.0,0.0,0.0,0.0,0.0,0.0,-0.0,0.0,0.0,0.0,0.0,-7e-06,-7e-06,0.0,0.0,0.0,0.0,0.0,0.0,0.0,0.0,0.0,0.0,0.0,-7e-06,0.0,0.0,0.0,0.0,0.0,0.0,0.0,0.0
2017-05-30 06:35:00+02:00,0.0,0.0,0.0,0.0,0.0,0.0,0.0,0.0,0.0,0.0,0.0,0.0,0.0,0.0,0.0,0.0,0.0,0.0,0.0,0.0,0.0,0.0,0.0,0.0,0.0,-4e-06,0.0,0.0,0.0,0.0,0.0,0.0,0.0,0.0,0.0,0.0,0.0,0.0,0.0,0.0,0.0,0.0,0.0,0.0,0.0,0.0,0.0,0.0,0.0,0.0,0.0,0.0,0.0,0.0,0.0,0.0,0.0,0.0,0.0,0.0,0.0,0.0,0.0,0.0,0.0,0.0,0.0,0.0,0.0,0.0,0.0,0.0,0.0,0.0,0.0,0.0,0.0,0.0,0.0,0.0,0.0,0.0,0.0,0.0,0.0,0.0,0.0,0.0,0.0,0.0,0.0,-0.0,0.0,0.0,0.0,0.0,-5e-06,-6e-06,0.0,0.0,0.0,0.0,0.0,0.0,0.0,0.0,0.0,0.0,0.0,-6e-06,0.0,0.0,0.0,0.0,0.0,0.0,0.0,0.0
2017-05-30 06:36:00+02:00,0.0,0.0,0.0,0.0,0.0,0.0,0.0,0.0,0.0,0.0,0.0,0.0,0.0,0.0,0.0,0.0,0.0,0.0,0.0,0.0,0.0,0.0,0.0,0.0,0.0,-3e-06,0.0,0.0,0.0,0.0,0.0,0.0,0.0,0.0,0.0,0.0,0.0,0.0,0.0,0.0,0.0,0.0,0.0,0.0,0.0,0.0,0.0,0.0,0.0,0.0,0.0,0.0,0.0,0.0,0.0,0.0,0.0,0.0,0.0,0.0,0.0,0.0,0.0,0.0,0.0,0.0,0.0,0.0,0.0,0.0,0.0,0.0,0.0,0.0,0.0,0.0,0.0,0.0,0.0,0.0,0.0,0.0,0.0,0.0,0.0,0.0,0.0,0.0,0.0,0.0,0.0,-0.0,0.0,0.0,0.0,0.0,-4e-06,-5e-06,0.0,0.0,0.0,0.0,0.0,0.0,0.0,0.0,0.0,0.0,0.0,-5e-06,0.0,0.0,0.0,0.0,0.0,0.0,0.0,0.0
2017-05-30 06:37:00+02:00,0.0,0.0,0.0,0.0,0.0,0.0,0.0,0.0,0.0,0.0,0.0,0.0,0.0,0.0,0.0,0.0,0.0,0.0,0.0,0.0,0.0,0.0,0.0,0.0,0.0,-2e-06,0.0,0.0,0.0,0.0,0.0,0.0,0.0,0.0,0.0,0.0,0.0,0.0,0.0,0.0,0.0,0.0,0.0,0.0,0.0,0.0,0.0,0.0,0.0,0.0,0.0,0.0,0.0,0.0,0.0,0.0,0.0,0.0,0.0,0.0,0.0,0.0,0.0,0.0,0.0,0.0,0.0,0.0,0.0,0.0,0.0,0.0,0.0,0.0,0.0,0.0,0.0,0.0,0.0,0.0,0.0,0.0,0.0,0.0,0.0,0.0,0.0,0.0,0.0,0.0,0.0,-0.0,0.0,0.0,0.0,0.0,-3e-06,-4e-06,0.0,0.0,0.0,0.0,0.0,0.0,0.0,0.0,0.0,0.0,0.0,-4e-06,0.0,0.0,0.0,0.0,0.0,0.0,0.0,0.0
2017-05-30 06:38:00+02:00,0.0,0.0,0.0,0.0,0.0,0.0,0.0,0.0,0.0,0.0,0.0,0.0,0.0,0.0,0.0,0.0,0.0,0.0,0.0,0.0,0.0,0.0,0.0,0.0,0.0,-2e-06,0.0,0.0,0.0,0.0,0.0,0.0,0.0,0.0,0.0,0.0,0.0,0.0,0.0,0.0,0.0,0.0,0.0,0.0,0.0,0.0,0.0,0.0,0.0,0.0,0.0,0.0,0.0,0.0,0.0,0.0,0.0,0.0,0.0,0.0,0.0,0.0,0.0,0.0,0.0,0.0,0.0,0.0,0.0,0.0,0.0,0.0,0.0,0.0,0.0,0.0,0.0,0.0,0.0,0.0,0.0,0.0,0.0,0.0,0.0,0.0,0.0,0.0,0.0,0.0,0.0,-0.0,0.0,0.0,0.0,0.0,-3e-06,-3e-06,0.0,0.0,0.0,0.0,0.0,0.0,0.0,0.0,0.0,0.0,0.0,-3e-06,0.0,0.0,0.0,0.0,0.0,0.0,0.0,0.0
2017-05-30 06:39:00+02:00,0.0,0.0,0.0,0.0,0.0,0.0,0.0,0.0,0.0,0.0,0.0,0.0,0.0,0.0,0.0,0.0,0.0,0.0,0.0,0.0,0.0,0.0,0.0,0.0,0.0,-1e-06,0.0,0.0,0.0,0.0,0.0,0.0,0.0,0.0,0.0,0.0,0.0,0.0,0.0,0.0,0.0,0.0,0.0,0.0,0.0,0.0,0.0,0.0,0.0,0.0,0.0,0.0,0.0,0.0,0.0,0.0,0.0,0.0,0.0,0.0,0.0,0.0,0.0,0.0,0.0,0.0,0.0,0.0,0.0,0.0,0.0,0.0,0.0,0.0,0.0,0.0,0.0,0.0,0.0,0.0,0.0,0.0,0.0,0.0,0.0,0.0,0.0,0.0,0.0,0.0,0.0,-0.0,0.0,0.0,0.0,0.0,-2e-06,-2e-06,0.0,0.0,0.0,0.0,0.0,0.0,0.0,0.0,0.0,0.0,0.0,-2e-06,0.0,0.0,0.0,0.0,0.0,0.0,0.0,0.0
2017-05-30 06:40:00+02:00,0.0,0.0,0.0,0.0,0.0,0.0,0.0,0.0,0.0,0.0,0.0,0.0,0.0,0.0,0.0,0.0,0.0,0.0,0.0,0.0,0.0,0.0,0.0,0.0,0.0,-1e-06,0.0,0.0,0.0,0.0,0.0,0.0,0.0,0.0,0.0,0.0,0.0,0.0,0.0,0.0,0.0,0.0,0.0,0.0,0.0,0.0,0.0,0.0,0.0,0.0,0.0,0.0,0.0,0.0,0.0,0.0,0.0,0.0,0.0,0.0,0.0,0.0,0.0,0.0,0.0,0.0,0.0,0.0,0.0,0.0,0.0,0.0,0.0,0.0,0.0,0.0,0.0,0.0,0.0,0.0,0.0,0.0,0.0,0.0,0.0,0.0,0.0,0.0,0.0,0.0,0.0,-0.0,0.0,0.0,0.0,0.0,-2e-06,-2e-06,0.0,0.0,0.0,0.0,0.0,0.0,0.0,0.0,0.0,0.0,0.0,-2e-06,0.0,0.0,0.0,0.0,0.0,0.0,0.0,0.0
2017-05-30 06:41:00+02:00,0.0,0.0,0.0,0.0,0.0,0.0,0.0,0.0,0.0,0.0,0.0,0.0,0.0,0.0,0.0,0.0,0.0,0.0,0.0,0.0,0.0,0.0,0.0,0.0,0.0,-1e-06,0.0,0.0,0.0,0.0,0.0,0.0,0.0,0.0,0.0,0.0,0.0,0.0,0.0,0.0,0.0,0.0,0.0,0.0,0.0,0.0,0.0,0.0,0.0,0.0,0.0,0.0,0.0,0.0,0.0,0.0,0.0,0.0,0.0,0.0,0.0,0.0,0.0,0.0,0.0,0.0,0.0,0.0,0.0,0.0,0.0,0.0,0.0,0.0,0.0,0.0,0.0,0.0,0.0,0.0,0.0,0.0,0.0,0.0,0.0,0.0,0.0,0.0,0.0,0.0,0.0,-0.0,0.0,0.0,0.0,0.0,-1e-06,-1e-06,0.0,0.0,0.0,0.0,0.0,0.0,0.0,0.0,0.0,0.0,0.0,-2e-06,0.0,0.0,0.0,0.0,0.0,0.0,0.0,0.0
2017-05-30 06:42:00+02:00,0.0,0.0,0.0,0.0,0.0,0.0,0.0,0.0,0.0,0.0,0.0,0.0,0.0,0.0,0.0,0.0,0.0,0.0,0.0,0.0,0.0,0.0,0.0,0.0,0.0,-1e-06,0.0,0.0,0.0,0.0,0.0,0.0,0.0,0.0,0.0,0.0,0.0,0.0,0.0,0.0,0.0,0.0,0.0,0.0,0.0,0.0,0.0,0.0,0.0,0.0,0.0,0.0,0.0,0.0,0.0,0.0,0.0,0.0,0.0,0.0,0.0,0.0,0.0,0.0,0.0,0.0,0.0,0.0,0.0,0.0,0.0,0.0,0.0,0.0,0.0,0.0,0.0,0.0,0.0,0.0,0.0,0.0,0.0,0.0,0.0,0.0,0.0,0.0,0.0,0.0,0.0,-0.0,0.0,0.0,0.0,0.0,-1e-06,-1e-06,0.0,0.0,0.0,0.0,0.0,0.0,0.0,0.0,0.0,0.0,0.0,-1e-06,0.0,0.0,0.0,0.0,0.0,0.0,0.0,0.0
2017-05-30 06:43:00+02:00,0.0,0.0,0.0,0.0,0.0,0.0,0.0,0.0,0.0,0.0,0.0,0.0,0.0,0.0,0.0,0.0,0.0,0.0,0.0,0.0,0.0,0.0,0.0,0.0,0.0,-1e-06,0.0,0.0,0.0,0.0,0.0,0.0,0.0,0.0,0.0,0.0,0.0,0.0,0.0,0.0,0.0,0.0,0.0,0.0,0.0,0.0,0.0,0.0,0.0,0.0,0.0,0.0,0.0,0.0,0.0,0.0,0.0,0.0,0.0,0.0,0.0,0.0,0.0,0.0,0.0,0.0,0.0,0.0,0.0,0.0,0.0,0.0,0.0,0.0,0.0,0.0,0.0,0.0,0.0,0.0,0.0,0.0,0.0,0.0,0.0,0.0,0.0,0.0,0.0,0.0,0.0,-0.0,0.0,0.0,0.0,0.0,-1e-06,-1e-06,0.0,0.0,0.0,0.0,0.0,0.0,0.0,0.0,0.0,0.0,0.0,-1e-06,0.0,0.0,0.0,0.0,0.0,0.0,0.0,0.0
2017-05-30 06:44:00+02:00,0.0,0.0,0.0,0.0,0.0,0.0,0.0,0.0,0.0,0.0,0.0,0.0,0.0,0.0,0.0,0.0,0.0,0.0,0.0,0.0,0.0,0.0,0.0,0.0,0.0,-0.0,0.0,0.0,0.0,0.0,0.0,0.0,0.0,0.0,0.0,0.0,0.0,0.0,0.0,0.0,0.0,0.0,0.0,0.0,0.0,0.0,0.0,0.0,0.0,0.0,0.0,0.0,0.0,0.0,0.0,0.0,0.0,0.0,0.0,0.0,0.0,0.0,0.0,0.0,0.0,0.0,0.0,0.0,0.0,0.0,0.0,0.0,0.0,0.0,0.0,0.0,0.0,0.0,0.0,0.0,0.0,0.0,0.0,0.0,0.0,0.0,0.0,0.0,0.0,0.0,0.0,-0.0,0.0,0.0,0.0,0.0,-1e-06,-1e-06,0.0,0.0,0.0,0.0,0.0,0.0,0.0,0.0,0.0,0.0,0.0,-1e-06,0.0,0.0,0.0,0.0,0.0,0.0,0.0,0.0
2017-05-30 06:45:00+02:00,0.0,0.0,0.0,0.0,0.0,0.0,0.0,0.0,0.0,0.0,0.0,0.0,0.0,0.0,0.0,0.0,0.0,0.0,0.0,0.0,0.0,0.0,0.0,0.0,0.0,-0.0,0.0,0.0,0.0,0.0,0.0,0.0,0.0,0.0,0.0,0.0,0.0,0.0,0.0,0.0,0.0,0.0,0.0,0.0,0.0,0.0,0.0,0.0,0.0,0.0,0.0,0.0,0.0,0.0,0.0,0.0,0.0,0.0,0.0,0.0,0.0,0.0,0.0,0.0,0.0,0.0,0.0,0.0,0.0,0.0,0.0,0.0,0.0,0.0,0.0,0.0,0.0,0.0,0.0,0.0,0.0,0.0,0.0,0.0,0.0,0.0,0.0,0.0,0.0,0.0,0.0,-0.0,0.0,0.0,0.0,0.0,-1e-06,-1e-06,0.0,0.0,0.0,0.0,0.0,0.0,0.0,0.0,0.0,0.0,0.0,-1e-06,0.0,0.0,0.0,0.0,0.0,0.0,0.0,0.0
2017-05-30 06:46:00+02:00,0.0,0.0,0.0,-1.2e-05,0.0,0.0,0.0,0.0,-2e-06,0.0,0.0,0.0,-3e-06,-2e-06,0.0,-4.9e-05,0.0,0.0,0.0,-1.1e-05,0.0,-9e-06,0.0,0.0,-4e-06,-7.5e-05,0.0,0.0,0.0,0.0,0.0,0.0,0.0,0.0,-1e-06,0.0,0.0,0.0,0.0,-1.5e-05,0.0,0.0,0.0,0.0,0.0,0.0,0.0,0.0,0.0,0.0,0.0,0.0,-5e-06,-3e-06,0.0,0.0,0.0,0.0,0.0,0.0,0.0,-7e-06,-3e-06,0.0,0.0,-5.8e-05,0.0,0.0,0.0,0.0,0.0,0.0,0.0,-1e-06,-2e-06,0.0,0.0,0.0,0.0,0.0,-6e-06,0.0,0.0,-6e-06,0.0,0.0,-1.7e-05,0.0,0.0,0.0,0.0,-6e-06,-3e-06,0.0,-2e-06,0.0,-7.7e-05,-8e-05,0.0,0.0,0.0,-2.9e-05,0.0,0.0,0.0,-3.8e-05,-3e-06,0.0,-2.3e-05,-8.1e-05,0.0,0.0,0.0,0.0,0.0,0.0,0.0,-4e-06
2017-05-30 06:47:00+02:00,0.0,0.0,0.0,-1.9e-05,0.0,0.0,0.0,0.0,-2e-06,0.0,0.0,0.0,-6e-06,-4e-06,0.0,-8.5e-05,0.0,0.0,0.0,-1.9e-05,0.0,-1.5e-05,0.0,0.0,-4e-06,-0.000132,0.0,0.0,0.0,0.0,0.0,0.0,0.0,0.0,-2e-06,0.0,0.0,0.0,0.0,-2.5e-05,0.0,0.0,0.0,0.0,0.0,0.0,0.0,0.0,0.0,0.0,0.0,0.0,-8e-06,-6e-06,0.0,0.0,0.0,0.0,0.0,0.0,0.0,-9e-06,-2e-06,0.0,0.0,-0.000102,0.0,0.0,0.0,0.0,0.0,0.0,0.0,-1e-06,-3e-06,0.0,0.0,0.0,0.0,0.0,-1e-05,0.0,0.0,-9e-06,0.0,0.0,-2.9e-05,0.0,0.0,0.0,0.0,-1.1e-05,-5e-06,0.0,-3e-06,0.0,-0.000136,-0.000141,0.0,0.0,0.0,-4.9e-05,0.0,0.0,0.0,-6.5e-05,-6e-06,0.0,-3.8e-05,-0.000143,0.0,0.0,0.0,0.0,0.0,0.0,0.0,-6e-06
2017-05-30 06:48:00+02:00,0.0,0.0,0.0,-3.3e-05,0.0,0.0,0.0,0.0,-6e-06,0.0,0.0,0.0,-9e-06,-6e-06,0.0,-0.000124,0.0,0.0,0.0,-3.7e-05,0.0,-3.1e-05,0.0,0.0,-1.3e-05,-0.000189,0.0,0.0,0.0,0.0,0.0,-1e-06,0.0,0.0,-4e-06,0.0,0.0,0.0,0.0,-4.2e-05,0.0,0.0,0.0,0.0,0.0,0.0,0.0,-1e-06,0.0,0.0,0.0,-1e-06,-1.1e-05,-9e-06,0.0,0.0,0.0,0.0,0.0,0.0,-1e-06,-2.1e-05,-1.2e-05,0.0,0.0,-0.000148,0.0,-3e-06,0.0,0.0,0.0,0.0,0.0,-2e-06,-5e-06,0.0,0.0,0.0,0.0,0.0,-1.5e-05,0.0,0.0,-1.9e-05,0.0,0.0,-4.4e-05,0.0,0.0,0.0,0.0,-1.5e-05,-8e-06,0.0,-5e-06,0.0,-0.000194,-0.000201,0.0,-4e-06,0.0,-7.5e-05,0.0,0.0,0.0,-9.7e-05,-8e-06,0.0,-6.1e-05,-0.000204,0.0,0.0,0.0,0.0,0.0,0.0,0.0,-1e-05
2017-05-30 06:49:00+02:00,0.0,0.0,0.0,-4.2e-05,0.0,0.0,0.0,0.0,-8e-06,0.0,0.0,0.0,-1.1e-05,-8e-06,0.0,-0.000152,0.0,0.0,0.0,-5e-05,0.0,-4.3e-05,0.0,0.0,-1.7e-05,-0.00023,0.0,0.0,0.0,0.0,0.0,-1e-06,0.0,0.0,-5e-06,0.0,0.0,0.0,0.0,-5.2e-05,0.0,0.0,0.0,0.0,0.0,0.0,0.0,-1e-06,0.0,0.0,0.0,-1e-06,-1.4e-05,-1.1e-05,0.0,0.0,0.0,0.0,0.0,0.0,-2e-06,-2.7e-05,-1.7e-05,0.0,0.0,-0.000181,0.0,-5e-06,0.0,0.0,0.0,0.0,0.0,-3e-06,-7e-06,0.0,0.0,0.0,0.0,0.0,-2e-05,0.0,0.0,-2.4e-05,0.0,0.0,-5.4e-05,0.0,0.0,0.0,0.0,-1.9e-05,-1e-05,0.0,-7e-06,0.0,-0.000235,-0.000244,0.0,-5e-06,0.0,-9.3e-05,0.0,0.0,0.0,-0.000118,-1e-05,0.0,-7.7e-05,-0.000248,0.0,0.0,0.0,0.0,0.0,0.0,0.0,-1.2e-05
2017-05-30 06:50:00+02:00,0.0,0.0,0.0,-3.4e-05,0.0,0.0,0.0,0.0,-6e-06,0.0,0.0,0.0,-1.1e-05,-8e-06,0.0,-0.000141,0.0,0.0,0.0,-4.2e-05,0.0,-3.5e-05,0.0,0.0,-1.4e-05,-0.000217,0.0,0.0,0.0,0.0,0.0,-1e-06,0.0,0.0,-4e-06,0.0,0.0,0.0,0.0,-4.2e-05,0.0,0.0,0.0,0.0,0.0,0.0,0.0,-1e-06,0.0,0.0,0.0,-1e-06,-1.5e-05,-1.1e-05,0.0,0.0,0.0,0.0,0.0,0.0,-1e-06,-2.1e-05,-1.4e-05,0.0,0.0,-0.000169,0.0,-4e-06,0.0,0.0,0.0,0.0,0.0,-3e-06,-6e-06,0.0,0.0,0.0,0.0,0.0,-2e-05,0.0,0.0,-1.9e-05,0.0,0.0,-4.8e-05,0.0,0.0,0.0,0.0,-2.1e-05,-1e-05,0.0,-6e-06,0.0,-0.000223,-0.000231,0.0,-4e-06,0.0,-8.3e-05,0.0,0.0,0.0,-0.000106,-1e-05,0.0,-6.7e-05,-0.000235,0.0,0.0,0.0,0.0,0.0,0.0,0.0,-1.2e-05
2017-05-30 06:51:00+02:00,0.0,0.0,0.0,-2.8e-05,0.0,0.0,0.0,0.0,-5e-06,0.0,0.0,0.0,-9e-06,-6e-06,0.0,-0.000113,0.0,0.0,0.0,-3.3e-05,0.0,-2.8e-05,0.0,0.0,-1.1e-05,-0.000174,0.0,0.0,0.0,0.0,0.0,-1e-06,0.0,0.0,-3e-06,0.0,0.0,0.0,0.0,-3.3e-05,0.0,0.0,0.0,0.0,0.0,0.0,0.0,-1e-06,0.0,0.0,0.0,-1e-06,-1.2e-05,-9e-06,0.0,0.0,0.0,0.0,0.0,0.0,-1e-06,-1.7e-05,-1.1e-05,0.0,0.0,-0.000136,0.0,-3e-06,0.0,0.0,0.0,0.0,0.0,-2e-06,-5e-06,0.0,0.0,0.0,0.0,0.0,-1.6e-05,0.0,0.0,-1.6e-05,0.0,0.0,-3.8e-05,0.0,0.0,0.0,0.0,-1.7e-05,-8e-06,0.0,-5e-06,0.0,-0.000178,-0.000185,0.0,-3e-06,0.0,-6.7e-05,0.0,0.0,0.0,-8.5e-05,-8e-06,0.0,-5.3e-05,-0.000188,0.0,0.0,0.0,0.0,0.0,0.0,0.0,-9e-06
2017-05-30 06:52:00+02:00,0.0,0.0,0.0,-2.2e-05,0.0,0.0,0.0,0.0,-4e-06,0.0,0.0,0.0,-7e-06,-5e-06,0.0,-9e-05,0.0,0.0,0.0,-2.7e-05,0.0,-2.2e-05,0.0,0.0,-9e-06,-0.000139,0.0,0.0,0.0,0.0,0.0,-0.0,0.0,0.0,-2e-06,0.0,0.0,0.0,0.0,-2.7e-05,0.0,0.0,0.0,0.0,0.0,0.0,0.0,-1e-06,0.0,0.0,0.0,-1e-06,-1e-05,-7e-06,0.0,0.0,0.0,0.0,0.0,0.0,-1e-06,-1.4e-05,-9e-06,0.0,0.0,-0.000108,0.0,-3e-06,0.0,0.0,0.0,0.0,0.0,-2e-06,-4e-06,0.0,0.0,0.0,0.0,0.0,-1.3e-05,0.0,0.0,-1.2e-05,0.0,0.0,-3.1e-05,0.0,0.0,0.0,0.0,-1.3e-05,-6e-06,0.0,-4e-06,0.0,-0.000143,-0.000148,0.0,-2e-06,0.0,-5.3e-05,0.0,0.0,0.0,-6.8e-05,-7e-06,0.0,-4.3e-05,-0.00015,0.0,0.0,0.0,0.0,0.0,0.0,0.0,-7e-06
2017-05-30 06:53:00+02:00,0.0,0.0,0.0,-1.8e-05,0.0,0.0,0.0,0.0,-3e-06,0.0,0.0,0.0,-6e-06,-4e-06,0.0,-7.2e-05,0.0,0.0,0.0,-2.1e-05,0.0,-1.8e-05,0.0,0.0,-7e-06,-0.000111,0.0,0.0,0.0,0.0,0.0,-0.0,0.0,0.0,-2e-06,0.0,0.0,0.0,0.0,-2.1e-05,0.0,0.0,0.0,0.0,0.0,0.0,0.0,-1e-06,0.0,0.0,0.0,-1e-06,-8e-06,-6e-06,0.0,0.0,0.0,0.0,0.0,0.0,-1e-06,-1.1e-05,-7e-06,0.0,0.0,-8.7e-05,0.0,-2e-06,0.0,0.0,0.0,0.0,0.0,-1e-06,-3e-06,0.0,0.0,0.0,0.0,0.0,-1e-05,0.0,0.0,-1e-05,0.0,0.0,-2.5e-05,0.0,0.0,0.0,0.0,-1.1e-05,-5e-06,0.0,-3e-06,0.0,-0.000114,-0.000118,0.0,-2e-06,0.0,-4.3e-05,0.0,0.0,0.0,-5.4e-05,-5e-06,0.0,-3.4e-05,-0.00012,0.0,0.0,0.0,0.0,0.0,0.0,0.0,-6e-06
2017-05-30 06:54:00+02:00,0.0,0.0,0.0,-1.4e-05,0.0,0.0,0.0,0.0,-3e-06,0.0,0.0,0.0,-5e-06,-3e-06,0.0,-5.8e-05,0.0,0.0,0.0,-1.7e-05,0.0,-1.4e-05,0.0,0.0,-6e-06,-8.9e-05,0.0,0.0,0.0,0.0,0.0,-0.0,0.0,0.0,-2e-06,0.0,0.0,0.0,0.0,-1.7e-05,0.0,0.0,0.0,0.0,0.0,0.0,0.0,-0.0,0.0,0.0,0.0,-0.0,-6e-06,-5e-06,0.0,0.0,0.0,0.0,0.0,0.0,-1e-06,-9e-06,-6e-06,0.0,0.0,-6.9e-05,0.0,-2e-06,0.0,0.0,0.0,0.0,0.0,-1e-06,-3e-06,0.0,0.0,0.0,0.0,0.0,-8e-06,0.0,0.0,-8e-06,0.0,0.0,-2e-05,0.0,0.0,0.0,0.0,-9e-06,-4e-06,0.0,-2e-06,0.0,-9.1e-05,-9.5e-05,0.0,-2e-06,0.0,-3.4e-05,0.0,0.0,0.0,-4.4e-05,-4e-06,0.0,-2.7e-05,-9.6e-05,0.0,0.0,0.0,0.0,0.0,0.0,0.0,-5e-06
2017-05-30 06:55:00+02:00,0.0,0.0,0.0,-1.1e-05,0.0,0.0,0.0,0.0,-2e-06,0.0,0.0,0.0,-4e-06,-2e-06,0.0,-4.6e-05,0.0,0.0,0.0,-1.4e-05,0.0,-1.1e-05,0.0,0.0,-4e-06,-7.1e-05,0.0,0.0,0.0,0.0,0.0,-0.0,0.0,0.0,-1e-06,0.0,0.0,0.0,0.0,-1.4e-05,0.0,0.0,0.0,0.0,0.0,0.0,0.0,-0.0,0.0,0.0,0.0,-0.0,-5e-06,-4e-06,0.0,0.0,0.0,0.0,0.0,0.0,-0.0,-7e-06,-4e-06,0.0,0.0,-5.6e-05,0.0,-1e-06,0.0,0.0,0.0,0.0,0.0,-1e-06,-2e-06,0.0,0.0,0.0,0.0,0.0,-7e-06,0.0,0.0,-6e-06,0.0,0.0,-1.6e-05,0.0,0.0,0.0,0.0,-7e-06,-3e-06,0.0,-2e-06,0.0,-7.3e-05,-7.6e-05,0.0,-1e-06,0.0,-2.7e-05,0.0,0.0,0.0,-3.5e-05,-3e-06,0.0,-2.2e-05,-7.7e-05,0.0,0.0,0.0,0.0,0.0,0.0,0.0,-4e-06
2017-05-30 06:56:00+02:00,0.0,0.0,0.0,-9e-06,0.0,0.0,0.0,0.0,-2e-06,0.0,0.0,0.0,-3e-06,-2e-06,0.0,-3.7e-05,0.0,0.0,0.0,-1.1e-05,0.0,-9e-06,0.0,0.0,-4e-06,-5.7e-05,0.0,0.0,0.0,0.0,0.0,-0.0,0.0,0.0,-1e-06,0.0,0.0,0.0,0.0,-1.1e-05,0.0,0.0,0.0,0.0,0.0,0.0,0.0,-0.0,0.0,0.0,0.0,-0.0,-4e-06,-3e-06,0.0,0.0,0.0,0.0,0.0,0.0,-0.0,-6e-06,-4e-06,0.0,0.0,-4.4e-05,0.0,-1e-06,0.0,0.0,0.0,0.0,0.0,-1e-06,-2e-06,0.0,0.0,0.0,0.0,0.0,-5e-06,0.0,0.0,-5e-06,0.0,0.0,-1.3e-05,0.0,0.0,0.0,0.0,-5e-06,-3e-06,0.0,-2e-06,0.0,-5.8e-05,-6.1e-05,0.0,-1e-06,0.0,-2.2e-05,0.0,0.0,0.0,-2.8e-05,-3e-06,0.0,-1.7e-05,-6.2e-05,0.0,0.0,0.0,0.0,0.0,0.0,0.0,-3e-06
2017-05-30 06:57:00+02:00,0.0,0.0,0.0,-7e-06,0.0,0.0,0.0,0.0,-1e-06,0.0,0.0,0.0,-2e-06,-2e-06,0.0,-3e-05,0.0,0.0,0.0,-9e-06,0.0,-7e-06,0.0,0.0,-3e-06,-4.6e-05,0.0,0.0,0.0,0.0,0.0,-0.0,0.0,0.0,-1e-06,0.0,0.0,0.0,0.0,-9e-06,0.0,0.0,0.0,0.0,0.0,0.0,0.0,-0.0,0.0,0.0,0.0,-0.0,-3e-06,-2e-06,0.0,0.0,0.0,0.0,0.0,0.0,-0.0,-4e-06,-3e-06,0.0,0.0,-3.6e-05,0.0,-1e-06,0.0,0.0,0.0,0.0,0.0,-1e-06,-1e-06,0.0,0.0,0.0,0.0,0.0,-4e-06,0.0,0.0,-4e-06,0.0,0.0,-1e-05,0.0,0.0,0.0,0.0,-4e-06,-2e-06,0.0,-1e-06,0.0,-4.7e-05,-4.9e-05,0.0,-1e-06,0.0,-1.7e-05,0.0,0.0,0.0,-2.2e-05,-2e-06,0.0,-1.4e-05,-4.9e-05,0.0,0.0,0.0,0.0,0.0,0.0,0.0,-2e-06
2017-05-30 06:58:00+02:00,0.0,0.0,0.0,-6e-06,0.0,0.0,0.0,0.0,-1e-06,0.0,0.0,0.0,-2e-06,-1e-06,0.0,-2.4e-05,0.0,0.0,0.0,-7e-06,0.0,-6e-06,0.0,0.0,-2e-06,-3.6e-05,0.0,0.0,0.0,0.0,0.0,-0.0,0.0,0.0,-1e-06,0.0,0.0,0.0,0.0,-7e-06,0.0,0.0,0.0,0.0,0.0,0.0,0.0,-0.0,0.0,0.0,0.0,-0.0,-3e-06,-2e-06,0.0,0.0,0.0,0.0,0.0,0.0,-0.0,-4e-06,-2e-06,0.0,0.0,-2.8e-05,0.0,-1e-06,0.0,0.0,0.0,0.0,0.0,-0.0,-1e-06,0.0,0.0,0.0,0.0,0.0,-3e-06,0.0,0.0,-3e-06,0.0,0.0,-8e-06,0.0,0.0,0.0,0.0,-4e-06,-2e-06,0.0,-1e-06,0.0,-3.7e-05,-3.9e-05,0.0,-1e-06,0.0,-1.4e-05,0.0,0.0,0.0,-1.8e-05,-2e-06,0.0,-1.1e-05,-3.9e-05,0.0,0.0,0.0,0.0,0.0,0.0,0.0,-2e-06
2017-05-30 06:59:00+02:00,0.0,0.0,0.0,-5e-06,0.0,0.0,0.0,0.0,-1e-06,0.0,0.0,0.0,-1e-06,-1e-06,0.0,-1.9e-05,0.0,0.0,0.0,-6e-06,0.0,-5e-06,0.0,0.0,-2e-06,-2.9e-05,0.0,0.0,0.0,0.0,0.0,-0.0,0.0,0.0,-0.0,0.0,0.0,0.0,0.0,-6e-06,0.0,0.0,0.0,0.0,0.0,0.0,0.0,-0.0,0.0,0.0,0.0,-0.0,-2e-06,-1e-06,0.0,0.0,0.0,0.0,0.0,0.0,-0.0,-3e-06,-2e-06,0.0,0.0,-2.3e-05,0.0,-1e-06,0.0,0.0,0.0,0.0,0.0,-0.0,-1e-06,0.0,0.0,0.0,0.0,0.0,-3e-06,0.0,0.0,-3e-06,0.0,0.0,-6e-06,0.0,0.0,0.0,0.0,-3e-06,-1e-06,0.0,-1e-06,0.0,-3e-05,-3.1e-05,0.0,-1e-06,0.0,-1.1e-05,0.0,0.0,0.0,-1.4e-05,-1e-06,0.0,-9e-06,-3.2e-05,0.0,0.0,0.0,0.0,0.0,0.0,0.0,-2e-06
2017-05-30 07:00:00+02:00,0.0,0.0,0.0,-4e-06,0.0,0.0,0.0,0.0,-1e-06,0.0,0.0,0.0,-1e-06,-1e-06,0.0,-1.5e-05,0.0,0.0,0.0,-4e-06,0.0,-4e-06,0.0,0.0,-1e-06,-2.3e-05,0.0,0.0,0.0,0.0,0.0,-0.0,0.0,0.0,-0.0,0.0,0.0,0.0,0.0,-4e-06,0.0,0.0,0.0,0.0,0.0,0.0,0.0,-0.0,0.0,0.0,0.0,-0.0,-2e-06,-1e-06,0.0,0.0,0.0,0.0,0.0,0.0,-0.0,-2e-06,-1e-06,0.0,0.0,-1.8e-05,0.0,-0.0,0.0,0.0,0.0,0.0,0.0,-0.0,-1e-06,0.0,0.0,0.0,0.0,0.0,-2e-06,0.0,0.0,-2e-06,0.0,0.0,-5e-06,0.0,0.0,0.0,0.0,-2e-06,-1e-06,0.0,-1e-06,0.0,-2.4e-05,-2.5e-05,0.0,-0.0,0.0,-9e-06,0.0,0.0,0.0,-1.1e-05,-1e-06,0.0,-7e-06,-2.5e-05,0.0,0.0,0.0,0.0,0.0,0.0,0.0,-1e-06
2017-05-30 07:01:00+02:00,0.0,0.0,0.0,-3e-06,0.0,0.0,0.0,0.0,-1e-06,0.0,0.0,0.0,-1e-06,-1e-06,0.0,-1.2e-05,0.0,0.0,0.0,-4e-06,0.0,-3e-06,0.0,0.0,-1e-06,-1.9e-05,0.0,0.0,0.0,0.0,0.0,-0.0,0.0,0.0,-0.0,0.0,0.0,0.0,0.0,-4e-06,0.0,0.0,0.0,0.0,0.0,0.0,0.0,-0.0,0.0,0.0,0.0,-0.0,-1e-06,-1e-06,0.0,0.0,0.0,0.0,0.0,0.0,-0.0,-2e-06,-1e-06,0.0,0.0,-1.5e-05,0.0,-0.0,0.0,0.0,0.0,0.0,0.0,-0.0,-1e-06,0.0,0.0,0.0,0.0,0.0,-2e-06,0.0,0.0,-2e-06,0.0,0.0,-4e-06,0.0,0.0,0.0,0.0,-2e-06,-1e-06,0.0,-1e-06,0.0,-1.9e-05,-2e-05,0.0,-0.0,0.0,-7e-06,0.0,0.0,0.0,-9e-06,-1e-06,0.0,-6e-06,-2e-05,0.0,0.0,0.0,0.0,0.0,0.0,0.0,-1e-06
2017-05-30 07:02:00+02:00,0.0,0.0,0.0,-2e-06,0.0,0.0,0.0,0.0,-0.0,0.0,0.0,0.0,-1e-06,-1e-06,0.0,-1e-05,0.0,0.0,0.0,-3e-06,0.0,-2e-06,0.0,0.0,-1e-06,-1.5e-05,0.0,0.0,0.0,0.0,0.0,-0.0,0.0,0.0,-0.0,0.0,0.0,0.0,0.0,-3e-06,0.0,0.0,0.0,0.0,0.0,0.0,0.0,-0.0,0.0,0.0,0.0,-0.0,-1e-06,-1e-06,0.0,0.0,0.0,0.0,0.0,0.0,-0.0,-1e-06,-1e-06,0.0,0.0,-1.2e-05,0.0,-0.0,0.0,0.0,0.0,0.0,0.0,-0.0,-0.0,0.0,0.0,0.0,0.0,0.0,-1e-06,0.0,0.0,-1e-06,0.0,0.0,-3e-06,0.0,0.0,0.0,0.0,-1e-06,-1e-06,0.0,-0.0,0.0,-1.5e-05,-1.6e-05,0.0,-0.0,0.0,-6e-06,0.0,0.0,0.0,-7e-06,-1e-06,0.0,-5e-06,-1.6e-05,0.0,0.0,0.0,0.0,0.0,0.0,0.0,-1e-06
2017-05-30 07:03:00+02:00,0.0,0.0,0.0,-2e-06,0.0,0.0,0.0,0.0,-0.0,0.0,0.0,0.0,-1e-06,-0.0,0.0,-8e-06,0.0,0.0,0.0,-2e-06,0.0,-2e-06,0.0,0.0,-1e-06,-1.2e-05,0.0,0.0,0.0,0.0,0.0,-0.0,0.0,0.0,-0.0,0.0,0.0,0.0,0.0,-2e-06,0.0,0.0,0.0,0.0,0.0,0.0,0.0,-0.0,0.0,0.0,0.0,-0.0,-1e-06,-1e-06,0.0,0.0,0.0,0.0,0.0,0.0,-0.0,-1e-06,-1e-06,0.0,0.0,-9e-06,0.0,-0.0,0.0,0.0,0.0,0.0,0.0,-0.0,-0.0,0.0,0.0,0.0,0.0,0.0,-1e-06,0.0,0.0,-1e-06,0.0,0.0,-3e-06,0.0,0.0,0.0,0.0,-1e-06,-1e-06,0.0,-0.0,0.0,-1.2e-05,-1.3e-05,0.0,-0.0,0.0,-5e-06,0.0,0.0,0.0,-6e-06,-1e-06,0.0,-4e-06,-1.3e-05,0.0,0.0,0.0,0.0,0.0,0.0,0.0,-1e-06
2017-05-30 07:04:00+02:00,0.0,0.0,0.0,-0.000149,0.0,0.0,-2.1e-05,-3.5e-05,-6.6e-05,0.0,0.0,0.0,-2.3e-05,-2.1e-05,-7e-06,-0.000233,0.0,0.0,0.0,-0.000191,0.0,-0.000179,-6.5e-05,0.0,-0.000135,-0.000277,-3.7e-05,0.0,-2.9e-05,0.0,0.0,-1.9e-05,0.0,-1.4e-05,-1.8e-05,0.0,0.0,-6.1e-05,0.0,-0.000192,-1.1e-05,0.0,-5.6e-05,0.0,0.0,-7.1e-05,-6.9e-05,-7.6e-05,-2.9e-05,0.0,0.0,-1.9e-05,-2.3e-05,-2.3e-05,0.0,0.0,0.0,0.0,0.0,-1.3e-05,-3e-05,-0.000169,-0.000143,0.0,0.0,-0.000249,-8e-06,-8.1e-05,0.0,-3e-06,-1.2e-05,0.0,0.0,-1.7e-05,-2e-05,0.0,0.0,0.0,-4.3e-05,0.0,-4.2e-05,0.0,-7.7e-05,-0.000151,0.0,0.0,-0.000133,0.0,0.0,0.0,0.0,-3.1e-05,-2.2e-05,0.0,-1.8e-05,-4.7e-05,-0.000272,-0.000282,0.0,-0.000159,0.0,-0.000194,-3.7e-05,0.0,-1.7e-05,-0.000234,-2.7e-05,-0.000109,-0.00019,-0.000288,-1.2e-05,-2.4e-05,-8e-06,0.0,0.0,-7e-05,-0.000136,-4e-05
2017-05-30 07:05:00+02:00,0.0,0.0,-2.4e-05,-0.000316,-1.2e-05,0.0,-6.7e-05,-9e-05,-0.00014,-3e-06,0.0,0.0,-4.6e-05,-4.2e-05,-1.6e-05,-0.000473,0.0,0.0,0.0,-0.000406,0.0,-0.000384,-0.000167,0.0,-0.000283,-0.000552,-9.8e-05,0.0,-7.1e-05,0.0,0.0,-4e-05,0.0,-3.1e-05,-3.8e-05,0.0,-2.6e-05,-0.000163,0.0,-0.000397,-3e-05,0.0,-0.00015,0.0,-6e-06,-0.000176,-0.000155,-0.000169,-7e-05,0.0,0.0,-4.2e-05,-4.6e-05,-4.6e-05,0.0,0.0,-9e-06,0.0,0.0,-7.2e-05,-6.5e-05,-0.000354,-0.000306,0.0,-2.5e-05,-0.000503,-4.2e-05,-0.000177,0.0,-1.8e-05,-3.2e-05,0.0,0.0,-3.7e-05,-4.1e-05,0.0,-1.1e-05,0.0,-0.000128,0.0,-8.6e-05,0.0,-0.000183,-0.000316,0.0,0.0,-0.00027,0.0,0.0,0.0,-1e-06,-6.2e-05,-4.4e-05,0.0,-3.8e-05,-0.000128,-0.00054,-0.000561,0.0,-0.000337,0.0,-0.000402,-9.4e-05,0.0,-4.6e-05,-0.000471,-5.4e-05,-0.000243,-0.000396,-0.000573,-3.1e-05,-6.1e-05,-2.8e-05,0.0,-3.1e-05,-0.00018,-0.000298,-8.1e-05
2017-05-30 07:06:00+02:00,0.0,0.0,-2.6e-05,-0.000422,-9e-06,0.0,-9.2e-05,-0.000124,-0.000188,-3e-06,0.0,0.0,-6.2e-05,-5.7e-05,-2.2e-05,-0.000632,0.0,0.0,0.0,-0.000556,0.0,-0.000525,-0.000229,0.0,-0.00038,-0.000738,-0.000134,0.0,-9.4e-05,0.0,0.0,-5.5e-05,0.0,-4.2e-05,-5.2e-05,0.0,-2.2e-05,-0.000223,0.0,-0.000531,-4.2e-05,0.0,-0.000206,0.0,-5e-06,-0.000232,-0.000207,-0.000232,-9.2e-05,0.0,0.0,-5.9e-05,-6.3e-05,-6.2e-05,0.0,0.0,-7e-06,0.0,0.0,-9.9e-05,-9.1e-05,-0.000473,-0.00041,0.0,-2.9e-05,-0.000672,-5.8e-05,-0.000243,0.0,-2.5e-05,-4.4e-05,0.0,0.0,-5.2e-05,-5.5e-05,0.0,-9e-06,0.0,-0.000176,0.0,-0.000118,0.0,-0.000242,-0.000423,0.0,0.0,-0.000361,0.0,0.0,0.0,-1e-06,-8.5e-05,-6e-05,0.0,-5.1e-05,-0.000167,-0.000721,-0.000749,0.0,-0.000451,0.0,-0.000537,-0.000129,0.0,-6.3e-05,-0.000629,-7.4e-05,-0.000322,-0.000529,-0.000766,-4.4e-05,-8.1e-05,-4e-05,0.0,-3.7e-05,-0.000247,-0.000397,-0.000111
2017-05-30 07:07:00+02:00,0.0,0.0,-2e-05,-0.000492,-7e-06,0.0,-0.000104,-0.000144,-0.000222,-2e-06,0.0,0.0,-7.5e-05,-6.9e-05,-2.5e-05,-0.00074,0.0,0.0,0.0,-0.000656,0.0,-0.000619,-0.000265,0.0,-0.000446,-0.000866,-0.000154,0.0,-0.000106,0.0,0.0,-6.6e-05,0.0,-5e-05,-6.2e-05,0.0,-1.8e-05,-0.000257,0.0,-0.000623,-4.9e-05,0.0,-0.000235,0.0,-4e-06,-0.00026,-0.000238,-0.000274,-0.000105,0.0,0.0,-7.2e-05,-7.5e-05,-7.5e-05,0.0,0.0,-6e-06,0.0,0.0,-0.000106,-0.000109,-0.000554,-0.000476,0.0,-2.3e-05,-0.000787,-6.3e-05,-0.000288,0.0,-2.7e-05,-5.1e-05,0.0,0.0,-6.3e-05,-6.6e-05,0.0,-7e-06,0.0,-0.000199,0.0,-0.00014,0.0,-0.000274,-0.000496,0.0,0.0,-0.000426,0.0,0.0,0.0,-1e-06,-0.000102,-7.3e-05,0.0,-6.1e-05,-0.000183,-0.000846,-0.000879,0.0,-0.000527,0.0,-0.000627,-0.000149,0.0,-7.3e-05,-0.00074,-9e-05,-0.000371,-0.000616,-0.000898,-5.2e-05,-9e-05,-4.4e-05,0.0,-3e-05,-0.000283,-0.000459,-0.000133
2017-05-30 07:08:00+02:00,0.0,0.0,-1.6e-05,-0.000537,-6e-06,0.0,-0.000107,-0.000155,-0.000246,-2e-06,0.0,0.0,-8.5e-05,-7.8e-05,-2.7e-05,-0.000812,0.0,0.0,0.0,-0.000723,0.0,-0.000684,-0.000283,0.0,-0.000493,-0.000954,-0.000164,0.0,-0.000111,0.0,0.0,-7.4e-05,0.0,-5.5e-05,-6.9e-05,0.0,-1.4e-05,-0.000273,0.0,-0.000687,-5.3e-05,0.0,-0.000247,0.0,-3e-06,-0.00027,-0.000255,-0.000302,-0.000112,0.0,0.0,-8.1e-05,-8.4e-05,-8.4e-05,0.0,0.0,-5e-06,0.0,0.0,-0.000101,-0.000122,-0.00061,-0.000517,0.0,-1.9e-05,-0.000865,-6e-05,-0.000318,0.0,-2.5e-05,-5.5e-05,0.0,0.0,-7e-05,-7.5e-05,0.0,-6e-06,0.0,-0.000207,0.0,-0.000157,0.0,-0.000288,-0.000547,0.0,0.0,-0.000472,0.0,0.0,0.0,-0.0,-0.000115,-8.2e-05,0.0,-6.8e-05,-0.000187,-0.000932,-0.000968,0.0,-0.000578,0.0,-0.000686,-0.000159,0.0,-7.9e-05,-0.000821,-0.000102,-0.000401,-0.000672,-0.00099,-5.6e-05,-9.3e-05,-4.4e-05,0.0,-2.4e-05,-0.0003,-0.000496,-0.00015
2017-05-30 07:09:00+02:00,0.0,0.0,-1.3e-05,-0.000572,-5e-06,0.0,-0.000109,-0.000164,-0.000266,-1e-06,0.0,0.0,-9.3e-05,-8.5e-05,-2.8e-05,-0.00087,0.0,0.0,0.0,-0.000778,0.0,-0.000736,-0.0003,0.0,-0.00053,-0.001024,-0.000173,0.0,-0.000115,0.0,0.0,-8.1e-05,0.0,-6e-05,-7.6e-05,0.0,-1.1e-05,-0.000287,0.0,-0.000738,-5.7e-05,0.0,-0.000257,0.0,-2e-06,-0.000276,-0.000269,-0.000325,-0.000117,0.0,0.0,-8.9e-05,-9.1e-05,-9.2e-05,0.0,0.0,-4e-06,0.0,0.0,-9.8e-05,-0.000133,-0.000655,-0.000549,0.0,-1.5e-05,-0.000928,-5.8e-05,-0.000342,0.0,-2.4e-05,-5.9e-05,0.0,0.0,-7.7e-05,-8.2e-05,0.0,-5e-06,0.0,-0.000214,0.0,-0.000171,0.0,-0.000298,-0.000588,0.0,0.0,-0.000511,0.0,0.0,0.0,-0.0,-0.000127,-9e-05,0.0,-7.3e-05,-0.000189,-0.001001,-0.001039,0.0,-0.000619,0.0,-0.000733,-0.000167,0.0,-8.4e-05,-0.000886,-0.000113,-0.000425,-0.000716,-0.001063,-6e-05,-9.5e-05,-4.5e-05,0.0,-1.9e-05,-0.000314,-0.000523,-0.000164
2017-05-30 07:10:00+02:00,0.0,0.0,-1e-05,-0.0006,-4e-06,0.0,-0.000113,-0.000173,-0.000283,-1e-06,0.0,0.0,-0.0001,-9.2e-05,-2.9e-05,-0.000915,0.0,0.0,0.0,-0.000824,0.0,-0.000779,-0.000315,0.0,-0.00056,-0.00108,-0.000182,0.0,-0.000118,0.0,0.0,-8.8e-05,0.0,-6.4e-05,-8.1e-05,0.0,-9e-06,-0.0003,0.0,-0.000778,-6.1e-05,0.0,-0.000265,0.0,-2e-06,-0.00028,-0.000279,-0.000345,-0.000121,0.0,0.0,-9.6e-05,-9.8e-05,-0.0001,0.0,0.0,-3e-06,0.0,0.0,-9.6e-05,-0.000144,-0.00069,-0.000574,0.0,-1.2e-05,-0.000977,-5.7e-05,-0.000363,0.0,-2.4e-05,-6.2e-05,0.0,0.0,-8.3e-05,-8.8e-05,0.0,-4e-06,0.0,-0.000222,0.0,-0.000184,0.0,-0.000305,-0.00062,0.0,0.0,-0.000541,0.0,0.0,0.0,-0.0,-0.000137,-9.7e-05,0.0,-7.8e-05,-0.000188,-0.001055,-0.001096,0.0,-0.00065,0.0,-0.00077,-0.000174,0.0,-8.9e-05,-0.000937,-0.000123,-0.000442,-0.000751,-0.001122,-6.4e-05,-9.6e-05,-4.5e-05,0.0,-1.5e-05,-0.000325,-0.000545,-0.000178
2017-05-30 07:11:00+02:00,0.0,0.0,-8e-06,-0.000625,-3e-06,0.0,-0.000116,-0.000182,-0.000297,-1e-06,0.0,0.0,-0.000107,-9.8e-05,-3e-05,-0.000956,0.0,0.0,0.0,-0.000865,0.0,-0.000819,-0.00033,0.0,-0.000586,-0.00113,-0.00019,0.0,-0.00012,0.0,0.0,-9.4e-05,0.0,-6.8e-05,-8.7e-05,0.0,-7e-06,-0.000312,0.0,-0.000813,-6.5e-05,0.0,-0.000274,0.0,-1e-06,-0.000283,-0.000288,-0.000364,-0.000124,0.0,0.0,-0.000104,-0.000105,-0.000106,0.0,0.0,-2e-06,0.0,0.0,-9.5e-05,-0.000154,-0.00072,-0.000596,0.0,-1e-05,-0.001021,-5.6e-05,-0.000383,0.0,-2.3e-05,-6.6e-05,0.0,0.0,-8.9e-05,-9.4e-05,0.0,-3e-06,0.0,-0.000229,0.0,-0.000196,0.0,-0.000311,-0.000649,0.0,0.0,-0.000568,0.0,0.0,0.0,-0.0,-0.000147,-0.000104,0.0,-8.3e-05,-0.000187,-0.001103,-0.001145,0.0,-0.000677,0.0,-0.000803,-0.000182,0.0,-9.4e-05,-0.000982,-0.000132,-0.000456,-0.000781,-0.001173,-6.9e-05,-9.7e-05,-4.6e-05,0.0,-1.2e-05,-0.000337,-0.000564,-0.00019
2017-05-30 07:12:00+02:00,0.0,0.0,-7e-06,-0.000659,-2e-06,0.0,-0.000129,-0.000198,-0.000317,-1e-06,0.0,0.0,-0.000115,-0.000104,-3.2e-05,-0.001005,0.0,0.0,0.0,-0.000919,0.0,-0.00087,-0.000358,0.0,-0.000622,-0.001188,-0.000207,0.0,-0.000129,0.0,0.0,-0.000102,0.0,-7.3e-05,-9.3e-05,0.0,-6e-06,-0.000339,0.0,-0.00086,-7.2e-05,0.0,-0.000295,0.0,-1e-06,-0.000301,-0.000305,-0.000389,-0.000134,0.0,0.0,-0.000113,-0.000111,-0.000114,0.0,0.0,-2e-06,0.0,0.0,-0.00011,-0.000167,-0.000763,-0.000629,0.0,-8e-06,-0.001074,-6.5e-05,-0.00041,0.0,-2.8e-05,-7.2e-05,0.0,0.0,-9.5e-05,-0.0001,0.0,-2e-06,0.0,-0.000251,0.0,-0.00021,0.0,-0.000329,-0.000688,0.0,0.0,-0.000603,0.0,0.0,0.0,-0.0,-0.000158,-0.000111,0.0,-8.8e-05,-0.000202,-0.001159,-0.001203,0.0,-0.000717,0.0,-0.000845,-0.000196,0.0,-0.000104,-0.001039,-0.000143,-0.000484,-0.000822,-0.001232,-7.6e-05,-0.000105,-5.2e-05,0.0,-1.2e-05,-0.000362,-0.000595,-0.000205
2017-05-30 07:13:00+02:00,0.0,0.0,-5e-06,-0.000684,-2e-06,0.0,-0.000137,-0.000211,-0.000332,-1e-06,0.0,0.0,-0.00012,-0.000108,-3.4e-05,-0.001042,0.0,0.0,0.0,-0.000956,0.0,-0.000907,-0.000378,0.0,-0.000647,-0.001231,-0.00022,0.0,-0.000134,0.0,0.0,-0.000107,0.0,-7.6e-05,-9.6e-05,0.0,-5e-06,-0.000358,0.0,-0.000894,-7.7e-05,0.0,-0.000308,0.0,-1e-06,-0.00031,-0.000317,-0.000408,-0.00014,0.0,0.0,-0.000119,-0.000116,-0.000118,0.0,0.0,-2e-06,0.0,0.0,-0.000118,-0.000177,-0.000793,-0.000652,0.0,-6e-06,-0.001113,-7e-05,-0.000429,0.0,-3.1e-05,-7.6e-05,0.0,0.0,-9.9e-05,-0.000104,0.0,-2e-06,0.0,-0.000266,0.0,-0.000221,0.0,-0.000341,-0.000716,0.0,0.0,-0.000629,0.0,0.0,0.0,-0.0,-0.000166,-0.000116,0.0,-9.1e-05,-0.000208,-0.0012,-0.001246,0.0,-0.000744,0.0,-0.000877,-0.000206,0.0,-0.000111,-0.00108,-0.000151,-0.000502,-0.000852,-0.001277,-8.2e-05,-0.000109,-5.5e-05,0.0,-9e-06,-0.000377,-0.000616,-0.000216
2017-05-30 07:14:00+02:00,0.0,0.0,-4e-06,-0.000697,-2e-06,0.0,-0.000143,-0.00022,-0.000345,-0.0,0.0,0.0,-0.000124,-0.000112,-3.4e-05,-0.001063,0.0,0.0,0.0,-0.000985,0.0,-0.000934,-0.000393,0.0,-0.000667,-0.001259,-0.000229,0.0,-0.000135,0.0,0.0,-0.000112,0.0,-7.8e-05,-9.9e-05,0.0,-4e-06,-0.000372,0.0,-0.00092,-8.2e-05,0.0,-0.000314,0.0,-1e-06,-0.00031,-0.000322,-0.000422,-0.000144,0.0,0.0,-0.000125,-0.000119,-0.000122,0.0,0.0,-1e-06,0.0,0.0,-0.000122,-0.000185,-0.000816,-0.000663,0.0,-5e-06,-0.001137,-7.3e-05,-0.000445,0.0,-3.2e-05,-7.9e-05,0.0,0.0,-0.000102,-0.000107,0.0,-2e-06,0.0,-0.000276,0.0,-0.000229,0.0,-0.000342,-0.000737,0.0,0.0,-0.000651,0.0,0.0,0.0,-0.0,-0.000172,-0.00012,0.0,-9.3e-05,-0.000209,-0.001226,-0.001273,0.0,-0.000765,0.0,-0.000893,-0.000211,0.0,-0.000117,-0.001113,-0.000157,-0.000514,-0.000866,-0.001306,-8.6e-05,-0.000109,-5.6e-05,0.0,-7e-06,-0.000386,-0.000625,-0.000226
2017-05-30 07:15:00+02:00,0.0,0.0,-3e-06,-0.000722,-1e-06,0.0,-0.000153,-0.000233,-0.00036,-0.0,0.0,0.0,-0.000129,-0.000115,-3.6e-05,-0.001099,0.0,0.0,0.0,-0.001017,0.0,-0.000966,-0.000415,0.0,-0.000693,-0.0013,-0.000243,0.0,-0.000142,0.0,0.0,-0.000118,0.0,-8.1e-05,-0.000102,0.0,-3e-06,-0.000392,0.0,-0.000952,-8.8e-05,0.0,-0.000327,0.0,-1e-06,-0.000323,-0.000335,-0.000439,-0.000151,0.0,0.0,-0.000131,-0.000123,-0.000126,0.0,0.0,-1e-06,0.0,0.0,-0.000133,-0.000194,-0.000845,-0.000687,0.0,-4e-06,-0.001175,-8e-05,-0.000463,0.0,-3.6e-05,-8.3e-05,0.0,0.0,-0.000105,-0.000111,0.0,-1e-06,0.0,-0.000293,0.0,-0.000241,0.0,-0.000356,-0.000765,0.0,0.0,-0.000677,0.0,0.0,0.0,-0.0,-0.000181,-0.000125,0.0,-9.6e-05,-0.000219,-0.001265,-0.001315,0.0,-0.000792,0.0,-0.000924,-0.000221,0.0,-0.000125,-0.001153,-0.000166,-0.000533,-0.000896,-0.001348,-9.2e-05,-0.000115,-5.9e-05,0.0,-8e-06,-0.0004,-0.000647,-0.000237
2017-05-30 07:16:00+02:00,0.0,0.0,-3e-06,-0.000753,-1e-06,0.0,-0.000167,-0.00025,-0.000378,-0.0,0.0,0.0,-0.000134,-0.00012,-3.8e-05,-0.00114,0.0,0.0,0.0,-0.001058,0.0,-0.001005,-0.000441,0.0,-0.000723,-0.001347,-0.00026,0.0,-0.000152,0.0,0.0,-0.000124,0.0,-8.4e-05,-0.000106,0.0,-2e-06,-0.000418,0.0,-0.00099,-9.5e-05,0.0,-0.000346,0.0,-0.0,-0.000342,-0.000352,-0.000461,-0.000161,0.0,0.0,-0.000138,-0.000128,-0.000131,0.0,0.0,-1e-06,0.0,0.0,-0.000151,-0.000205,-0.00088,-0.000716,0.0,-3e-06,-0.001218,-9.2e-05,-0.000485,0.0,-4.2e-05,-8.9e-05,0.0,0.0,-0.000109,-0.000115,0.0,-1e-06,0.0,-0.000316,0.0,-0.000253,0.0,-0.000376,-0.000797,0.0,0.0,-0.000707,0.0,0.0,0.0,-0.0,-0.00019,-0.00013,0.0,-0.0001,-0.000235,-0.001309,-0.00136,0.0,-0.000825,0.0,-0.00096,-0.000234,0.0,-0.000135,-0.001198,-0.000175,-0.000558,-0.000931,-0.001396,-0.0001,-0.000123,-6.5e-05,0.0,-1.6e-05,-0.000422,-0.000676,-0.000251
2017-05-30 07:17:00+02:00,0.0,0.0,-2e-06,-0.000785,-1e-06,0.0,-0.000183,-0.000267,-0.000398,-0.0,0.0,0.0,-0.00014,-0.000124,-4e-05,-0.001183,0.0,0.0,0.0,-0.001099,0.0,-0.001046,-0.00047,0.0,-0.000757,-0.001394,-0.000279,0.0,-0.000163,0.0,0.0,-0.000132,0.0,-8.8e-05,-0.000111,0.0,-2e-06,-0.000446,0.0,-0.001032,-0.000103,0.0,-0.000368,0.0,-0.0,-0.000363,-0.000371,-0.000483,-0.000173,0.0,0.0,-0.000146,-0.000134,-0.000136,0.0,0.0,-1e-06,0.0,0.0,-0.000171,-0.000217,-0.000919,-0.000747,0.0,-6e-06,-0.001262,-0.000105,-0.000509,0.0,-4.9e-05,-9.6e-05,0.0,0.0,-0.000114,-0.00012,0.0,-1e-06,0.0,-0.000341,0.0,-0.000267,0.0,-0.000397,-0.000833,0.0,0.0,-0.000739,0.0,0.0,0.0,-0.0,-0.0002,-0.000136,0.0,-0.000103,-0.000255,-0.001354,-0.001407,0.0,-0.000862,0.0,-0.000998,-0.000249,0.0,-0.000146,-0.001247,-0.000185,-0.000586,-0.000967,-0.001444,-0.000108,-0.000133,-7.2e-05,0.0,-2.9e-05,-0.000447,-0.000706,-0.000265
2017-05-30 07:18:00+02:00,0.0,0.0,-2e-06,-0.000813,-1e-06,0.0,-0.000196,-0.000283,-0.000418,-0.0,0.0,0.0,-0.000146,-0.000128,-4.2e-05,-0.001221,0.0,0.0,0.0,-0.001138,0.0,-0.001084,-0.000495,0.0,-0.000789,-0.001437,-0.000296,0.0,-0.000172,0.0,0.0,-0.000139,0.0,-9.1e-05,-0.000114,0.0,-2e-06,-0.000471,0.0,-0.001072,-0.00011,0.0,-0.000389,0.0,-0.0,-0.000382,-0.000388,-0.000505,-0.000184,0.0,0.0,-0.000154,-0.000138,-0.00014,0.0,0.0,-1e-06,0.0,0.0,-0.000189,-0.000229,-0.000956,-0.000775,0.0,-1e-05,-0.001302,-0.000116,-0.000531,0.0,-5.5e-05,-0.000103,0.0,0.0,-0.000117,-0.000124,0.0,-1e-06,0.0,-0.000363,0.0,-0.000279,0.0,-0.000417,-0.000868,0.0,0.0,-0.000771,0.0,0.0,0.0,-0.0,-0.000209,-0.000142,0.0,-0.000106,-0.000274,-0.001394,-0.001449,0.0,-0.000897,0.0,-0.001032,-0.000263,0.0,-0.000156,-0.001294,-0.000194,-0.000614,-0.001,-0.001487,-0.000115,-0.000142,-7.8e-05,0.0,-3.9e-05,-0.00047,-0.000733,-0.000279
2017-05-30 07:19:00+02:00,0.0,0.0,-5e-06,-0.000845,-3e-06,0.0,-0.000213,-0.000301,-0.00044,-0.0,0.0,0.0,-0.000152,-0.000133,-4.5e-05,-0.001262,0.0,0.0,0.0,-0.001179,0.0,-0.001124,-0.000524,0.0,-0.000825,-0.001483,-0.000316,0.0,-0.000184,0.0,0.0,-0.000148,0.0,-9.4e-05,-0.000118,0.0,-4e-06,-0.000498,0.0,-0.001116,-0.000119,0.0,-0.000411,0.0,-0.0,-0.000404,-0.000408,-0.000528,-0.000198,0.0,0.0,-0.000162,-0.000143,-0.000144,0.0,0.0,-0.0,0.0,0.0,-0.000209,-0.000241,-0.000997,-0.000806,0.0,-1.6e-05,-0.001345,-0.000129,-0.000555,0.0,-6.2e-05,-0.00011,0.0,0.0,-0.000121,-0.000128,0.0,-0.0,0.0,-0.000388,0.0,-0.000293,0.0,-0.00044,-0.000906,0.0,0.0,-0.000806,0.0,0.0,0.0,-0.0,-0.000219,-0.000148,0.0,-0.000109,-0.000298,-0.001437,-0.001494,0.0,-0.000937,0.0,-0.00107,-0.000279,0.0,-0.000167,-0.001346,-0.000205,-0.000645,-0.001036,-0.001534,-0.000124,-0.000152,-8.5e-05,0.0,-5.4e-05,-0.000495,-0.000763,-0.000295
2017-05-30 07:20:00+02:00,0.0,0.0,-1e-05,-0.000879,-7e-06,0.0,-0.000229,-0.00032,-0.000463,-0.0,0.0,0.0,-0.000159,-0.000137,-4.7e-05,-0.001305,0.0,0.0,0.0,-0.001216,0.0,-0.00116,-0.000553,0.0,-0.000861,-0.001531,-0.000335,0.0,-0.000196,0.0,0.0,-0.000156,0.0,-9.8e-05,-0.000122,0.0,-9e-06,-0.000526,0.0,-0.00116,-0.000127,0.0,-0.000432,0.0,-0.0,-0.000429,-0.000428,-0.00055,-0.000212,0.0,0.0,-0.00017,-0.000149,-0.000149,0.0,0.0,-0.0,0.0,0.0,-0.000231,-0.000252,-0.001038,-0.000839,0.0,-2.3e-05,-0.00139,-0.000143,-0.000577,0.0,-7e-05,-0.000117,0.0,0.0,-0.000124,-0.000132,0.0,-0.0,0.0,-0.000414,0.0,-0.000307,0.0,-0.000464,-0.000944,0.0,0.0,-0.000841,0.0,0.0,0.0,-0.0,-0.00023,-0.000154,0.0,-0.000113,-0.000321,-0.001482,-0.00154,0.0,-0.000976,0.0,-0.001108,-0.000293,0.0,-0.000178,-0.001397,-0.000216,-0.000676,-0.001073,-0.001583,-0.000133,-0.000164,-9.2e-05,0.0,-6.9e-05,-0.000518,-0.000795,-0.00031
2017-05-30 07:21:00+02:00,0.0,0.0,-1.9e-05,-0.000914,-1.4e-05,0.0,-0.000246,-0.000338,-0.000487,-0.0,0.0,0.0,-0.000166,-0.000142,-5e-05,-0.001351,0.0,0.0,0.0,-0.00126,0.0,-0.001203,-0.000582,0.0,-0.0009,-0.001581,-0.000355,0.0,-0.000209,0.0,0.0,-0.000165,0.0,-0.000102,-0.000126,0.0,-1.7e-05,-0.000555,0.0,-0.001207,-0.000136,0.0,-0.000458,0.0,-0.0,-0.000454,-0.00045,-0.000575,-0.000227,0.0,0.0,-0.000179,-0.000155,-0.000154,0.0,0.0,-0.0,0.0,0.0,-0.000253,-0.000266,-0.001082,-0.000874,0.0,-3.4e-05,-0.001437,-0.000158,-0.000603,0.0,-7.8e-05,-0.000125,0.0,0.0,-0.000128,-0.000137,0.0,-0.0,0.0,-0.00044,0.0,-0.000323,0.0,-0.00049,-0.000985,0.0,0.0,-0.000878,0.0,0.0,0.0,-0.0,-0.000241,-0.000161,0.0,-0.000117,-0.000346,-0.001529,-0.001589,0.0,-0.001019,0.0,-0.001149,-0.000311,0.0,-0.00019,-0.001452,-0.000228,-0.00071,-0.001113,-0.001634,-0.000142,-0.000176,-0.000101,0.0,-8.6e-05,-0.000547,-0.000829,-0.000328
2017-05-30 07:22:00+02:00,0.0,0.0,-2.9e-05,-0.000941,-1.9e-05,0.0,-0.000261,-0.000355,-0.000508,-0.0,0.0,0.0,-0.000173,-0.000146,-5.2e-05,-0.001386,0.0,0.0,0.0,-0.001302,0.0,-0.001244,-0.000607,0.0,-0.000934,-0.001619,-0.000373,0.0,-0.000219,0.0,0.0,-0.000174,0.0,-0.000105,-0.00013,0.0,-2.3e-05,-0.00058,0.0,-0.001246,-0.000145,0.0,-0.000483,0.0,-1e-06,-0.000472,-0.000466,-0.000599,-0.000239,0.0,0.0,-0.000189,-0.000161,-0.000159,0.0,0.0,-0.0,0.0,0.0,-0.000272,-0.000279,-0.001119,-0.0009,0.0,-4.4e-05,-0.001474,-0.000171,-0.000628,0.0,-8.5e-05,-0.000134,0.0,0.0,-0.000132,-0.000141,0.0,-0.0,0.0,-0.000463,0.0,-0.000337,0.0,-0.000508,-0.00102,0.0,0.0,-0.00091,0.0,0.0,0.0,-0.0,-0.000251,-0.000168,0.0,-0.00012,-0.000366,-0.001564,-0.001626,0.0,-0.001055,0.0,-0.001181,-0.000328,0.0,-0.000202,-0.001497,-0.000239,-0.000738,-0.001143,-0.001672,-0.00015,-0.000185,-0.00011,0.0,-0.0001,-0.000575,-0.000855,-0.000343
2017-05-30 07:23:00+02:00,0.0,0.0,-3.6e-05,-0.000968,-2.4e-05,0.0,-0.000275,-0.00037,-0.000527,-0.0,0.0,0.0,-0.00018,-0.00015,-5.5e-05,-0.00142,0.0,0.0,0.0,-0.001339,0.0,-0.00128,-0.000631,0.0,-0.000963,-0.001657,-0.00039,0.0,-0.000229,0.0,0.0,-0.000183,0.0,-0.000109,-0.000134,0.0,-2.6e-05,-0.000603,0.0,-0.00128,-0.000153,0.0,-0.000504,0.0,-2e-06,-0.000489,-0.000482,-0.000622,-0.00025,0.0,0.0,-0.000198,-0.000167,-0.000163,0.0,0.0,-0.0,0.0,0.0,-0.000289,-0.000293,-0.00115,-0.000925,0.0,-5.2e-05,-0.001509,-0.000182,-0.00065,0.0,-9.2e-05,-0.000142,0.0,0.0,-0.000136,-0.000145,0.0,-0.0,0.0,-0.000483,0.0,-0.00035,0.0,-0.000526,-0.00105,0.0,0.0,-0.000937,0.0,0.0,0.0,-0.0,-0.000262,-0.000175,0.0,-0.000123,-0.000382,-0.001599,-0.001663,0.0,-0.001085,0.0,-0.001211,-0.000343,0.0,-0.000212,-0.001536,-0.00025,-0.000761,-0.001172,-0.001711,-0.000159,-0.000193,-0.000118,0.0,-0.000112,-0.000598,-0.000878,-0.000358
2017-05-30 07:24:00+02:00,0.0,0.0,-4.7e-05,-0.000999,-3.4e-05,0.0,-0.000291,-0.000389,-0.000549,-0.0,0.0,0.0,-0.000188,-0.000155,-5.7e-05,-0.00146,0.0,0.0,0.0,-0.001381,0.0,-0.001322,-0.00066,0.0,-0.000997,-0.001702,-0.000409,0.0,-0.000241,0.0,0.0,-0.000193,0.0,-0.000112,-0.000139,0.0,-3.4e-05,-0.00063,0.0,-0.001318,-0.000162,0.0,-0.00053,0.0,-7e-06,-0.00051,-0.000501,-0.000647,-0.000263,0.0,0.0,-0.000209,-0.000174,-0.000168,0.0,0.0,-0.0,0.0,0.0,-0.00031,-0.000307,-0.001186,-0.000956,0.0,-6.4e-05,-0.001551,-0.000196,-0.000676,0.0,-0.0001,-0.000151,0.0,0.0,-0.000141,-0.000149,0.0,-0.0,0.0,-0.000509,0.0,-0.000366,0.0,-0.000548,-0.001084,0.0,0.0,-0.000968,0.0,0.0,0.0,-1e-06,-0.000275,-0.000182,0.0,-0.000127,-0.000403,-0.001641,-0.001706,0.0,-0.001121,0.0,-0.001247,-0.000361,0.0,-0.000225,-0.00158,-0.000262,-0.000788,-0.001206,-0.001756,-0.000169,-0.000204,-0.000127,0.0,-0.000129,-0.000625,-0.000908,-0.000374
2017-05-30 07:25:00+02:00,0.0,0.0,-6.2e-05,-0.001036,-4.8e-05,0.0,-0.000311,-0.00041,-0.000571,-0.0,0.0,0.0,-0.000196,-0.00016,-6e-05,-0.001506,0.0,0.0,0.0,-0.001426,0.0,-0.001367,-0.000692,0.0,-0.001031,-0.001753,-0.000432,0.0,-0.000256,0.0,0.0,-0.000203,0.0,-0.000116,-0.000143,0.0,-4.6e-05,-0.000662,0.0,-0.001356,-0.000173,0.0,-0.000558,0.0,-1.8e-05,-0.000538,-0.000524,-0.000674,-0.000277,0.0,0.0,-0.00022,-0.000182,-0.000173,0.0,0.0,-4e-06,0.0,0.0,-0.000336,-0.000323,-0.001223,-0.000992,0.0,-7.9e-05,-0.001599,-0.000213,-0.000704,0.0,-0.00011,-0.000161,0.0,0.0,-0.000145,-0.000154,0.0,-0.0,0.0,-0.000538,0.0,-0.000384,0.0,-0.000576,-0.001119,0.0,0.0,-0.001,0.0,0.0,0.0,-4e-06,-0.000288,-0.00019,0.0,-0.000131,-0.000425,-0.001687,-0.001755,0.0,-0.001157,0.0,-0.00129,-0.00038,0.0,-0.000239,-0.001624,-0.000275,-0.000817,-0.001247,-0.001807,-0.00018,-0.000218,-0.000137,0.0,-0.00015,-0.000656,-0.000943,-0.000391
2017-05-30 07:26:00+02:00,0.0,0.0,-7.1e-05,-0.001065,-5.5e-05,0.0,-0.000325,-0.000426,-0.000588,-0.0,0.0,0.0,-0.000202,-0.000162,-6.1e-05,-0.001542,0.0,0.0,0.0,-0.001461,0.0,-0.001401,-0.000716,0.0,-0.001056,-0.001793,-0.000449,0.0,-0.000267,0.0,0.0,-0.00021,0.0,-0.000118,-0.000145,0.0,-4.9e-05,-0.000684,0.0,-0.001384,-0.000182,0.0,-0.000578,0.0,-2.3e-05,-0.000558,-0.000543,-0.000696,-0.000286,0.0,0.0,-0.000229,-0.000189,-0.000176,0.0,0.0,-3e-06,0.0,0.0,-0.000352,-0.000336,-0.00125,-0.00102,0.0,-8.7e-05,-0.001637,-0.000225,-0.000726,0.0,-0.000117,-0.000169,0.0,0.0,-0.000149,-0.000156,0.0,-0.0,0.0,-0.000558,0.0,-0.000399,0.0,-0.000596,-0.001144,0.0,0.0,-0.001024,0.0,0.0,0.0,-5e-06,-0.0003,-0.000196,0.0,-0.000134,-0.000438,-0.001725,-0.001794,0.0,-0.001182,0.0,-0.001322,-0.000395,0.0,-0.00025,-0.001657,-0.000285,-0.000835,-0.001278,-0.001848,-0.000189,-0.000228,-0.000145,0.0,-0.000163,-0.000678,-0.00097,-0.000405
2017-05-30 07:27:00+02:00,0.0,0.0,-7.5e-05,-0.001089,-5.7e-05,0.0,-0.000335,-0.000439,-0.000605,-0.0,0.0,0.0,-0.000208,-0.000165,-6.2e-05,-0.001574,0.0,0.0,0.0,-0.001495,0.0,-0.001434,-0.000734,0.0,-0.001078,-0.001829,-0.000461,0.0,-0.000276,0.0,0.0,-0.000218,0.0,-0.00012,-0.000148,0.0,-5e-05,-0.0007,0.0,-0.001409,-0.000189,0.0,-0.000595,0.0,-2.3e-05,-0.000572,-0.000558,-0.000717,-0.000294,0.0,0.0,-0.000239,-0.000195,-0.000179,0.0,0.0,-3e-06,0.0,0.0,-0.000363,-0.00035,-0.001274,-0.001043,0.0,-9.3e-05,-0.00167,-0.000232,-0.000748,0.0,-0.000122,-0.000176,0.0,0.0,-0.000152,-0.000159,0.0,-0.0,0.0,-0.000572,0.0,-0.000413,0.0,-0.000612,-0.001167,0.0,0.0,-0.001048,0.0,0.0,0.0,-5e-06,-0.000311,-0.000202,0.0,-0.000137,-0.000447,-0.001758,-0.001828,0.0,-0.001204,0.0,-0.001351,-0.000408,0.0,-0.000259,-0.001688,-0.000295,-0.000851,-0.001304,-0.001884,-0.000196,-0.000237,-0.000151,0.0,-0.000169,-0.000696,-0.000992,-0.000418
2017-05-30 07:28:00+02:00,0.0,0.0,-9.4e-05,-0.001126,-7.1e-05,0.0,-0.000354,-0.000461,-0.000628,-0.0,0.0,0.0,-0.000216,-0.000168,-6.4e-05,-0.00162,0.0,0.0,0.0,-0.001547,0.0,-0.001486,-0.000765,0.0,-0.001112,-0.001879,-0.000484,0.0,-0.000291,0.0,0.0,-0.000228,0.0,-0.000123,-0.000151,0.0,-6.1e-05,-0.000731,0.0,-0.001449,-0.0002,0.0,-0.000627,0.0,-3.5e-05,-0.0006,-0.000582,-0.000749,-0.000309,0.0,0.0,-0.000252,-0.000203,-0.000183,0.0,0.0,-1.4e-05,0.0,0.0,-0.000387,-0.000368,-0.001311,-0.001079,0.0,-0.00011,-0.001718,-0.000249,-0.000781,0.0,-0.000132,-0.000188,0.0,0.0,-0.000156,-0.000162,0.0,-0.0,0.0,-0.0006,0.0,-0.000431,0.0,-0.000639,-0.001203,0.0,0.0,-0.001082,0.0,0.0,0.0,-8e-06,-0.000325,-0.00021,0.0,-0.00014,-0.000468,-0.001804,-0.001877,0.0,-0.001239,0.0,-0.001392,-0.000431,0.0,-0.000273,-0.001733,-0.000308,-0.000879,-0.001344,-0.001935,-0.000207,-0.000251,-0.000163,0.0,-0.000189,-0.000731,-0.001027,-0.000436
2017-05-30 07:29:00+02:00,0.0,0.0,-0.000111,-0.001162,-8.6e-05,0.0,-0.000375,-0.000484,-0.00065,-1e-06,0.0,0.0,-0.000224,-0.000172,-6.7e-05,-0.001665,0.0,0.0,0.0,-0.001598,0.0,-0.001536,-0.0008,0.0,-0.001145,-0.001929,-0.000509,0.0,-0.000307,0.0,0.0,-0.000238,0.0,-0.000126,-0.000154,0.0,-7.2e-05,-0.000763,0.0,-0.001487,-0.000213,0.0,-0.000657,0.0,-4.8e-05,-0.000626,-0.000605,-0.00078,-0.000322,0.0,0.0,-0.000265,-0.000211,-0.000187,0.0,0.0,-2.4e-05,0.0,0.0,-0.000413,-0.000387,-0.001347,-0.001115,0.0,-0.000126,-0.001765,-0.000267,-0.000814,0.0,-0.000143,-0.000199,0.0,0.0,-0.000161,-0.000166,0.0,-2e-06,0.0,-0.000631,0.0,-0.00045,0.0,-0.000666,-0.001237,0.0,0.0,-0.001115,0.0,0.0,0.0,-1.2e-05,-0.000339,-0.000218,0.0,-0.000144,-0.000489,-0.00185,-0.001925,0.0,-0.001274,0.0,-0.001434,-0.000453,0.0,-0.000289,-0.001778,-0.000321,-0.000906,-0.001384,-0.001985,-0.00022,-0.000265,-0.000175,0.0,-0.000211,-0.000764,-0.001062,-0.000454
2017-05-30 07:30:00+02:00,0.0,0.0,-0.000133,-0.001197,-0.000107,0.0,-0.000401,-0.000512,-0.000679,-3e-06,0.0,0.0,-0.000236,-0.00018,-7e-05,-0.001707,0.0,0.0,0.0,-0.001657,0.0,-0.001595,-0.000842,0.0,-0.001188,-0.001976,-0.000538,0.0,-0.000322,0.0,0.0,-0.000252,0.0,-0.000132,-0.00016,0.0,-8.9e-05,-0.000804,0.0,-0.001537,-0.000228,0.0,-0.000693,0.0,-6.7e-05,-0.000653,-0.000628,-0.000816,-0.000341,0.0,0.0,-0.000282,-0.000221,-0.000194,0.0,0.0,-4e-05,0.0,0.0,-0.000446,-0.000409,-0.001395,-0.001149,0.0,-0.000147,-0.001808,-0.00029,-0.00085,0.0,-0.000157,-0.000213,0.0,0.0,-0.000169,-0.000172,0.0,-8e-06,0.0,-0.000669,0.0,-0.000469,0.0,-0.000694,-0.001283,0.0,-2e-06,-0.001156,0.0,0.0,0.0,-1.9e-05,-0.000355,-0.00023,0.0,-0.000148,-0.000517,-0.001893,-0.00197,0.0,-0.001319,0.0,-0.001473,-0.000478,0.0,-0.000308,-0.001835,-0.000339,-0.000943,-0.001422,-0.002032,-0.000235,-0.000279,-0.000189,0.0,-0.000239,-0.000804,-0.001095,-0.000477
2017-05-30 07:31:00+02:00,0.0,0.0,-0.000155,-0.001236,-0.000129,0.0,-0.000427,-0.000539,-0.000709,-7e-06,0.0,0.0,-0.000251,-0.000189,-7.5e-05,-0.001754,0.0,0.0,0.0,-0.001714,0.0,-0.00165,-0.000884,0.0,-0.001235,-0.002025,-0.000568,0.0,-0.000339,0.0,0.0,-0.000268,0.0,-0.000139,-0.000168,0.0,-0.000109,-0.000845,0.0,-0.001591,-0.000244,0.0,-0.000728,0.0,-8.7e-05,-0.000683,-0.000653,-0.00085,-0.000361,0.0,0.0,-0.000299,-0.000233,-0.000204,0.0,0.0,-5.7e-05,0.0,0.0,-0.000479,-0.000431,-0.001446,-0.001187,0.0,-0.000168,-0.001856,-0.000313,-0.000885,0.0,-0.000171,-0.000228,0.0,0.0,-0.000177,-0.000181,0.0,-1.7e-05,0.0,-0.000707,0.0,-0.00049,0.0,-0.000724,-0.001331,-0.0,-7e-06,-0.001199,0.0,0.0,0.0,-2.6e-05,-0.000373,-0.000244,0.0,-0.000155,-0.000549,-0.001939,-0.002017,0.0,-0.001368,0.0,-0.001516,-0.000503,0.0,-0.000328,-0.001897,-0.000359,-0.000983,-0.001463,-0.002082,-0.000252,-0.000295,-0.000204,0.0,-0.000268,-0.000842,-0.001132,-0.000502
2017-05-30 07:32:00+02:00,0.0,0.0,-0.000175,-0.001277,-0.000149,0.0,-0.000451,-0.000566,-0.00074,-1.2e-05,0.0,0.0,-0.000268,-0.0002,-8.1e-05,-0.001803,0.0,0.0,0.0,-0.001766,0.0,-0.001703,-0.000925,0.0,-0.001285,-0.002079,-0.000596,0.0,-0.000356,0.0,0.0,-0.000285,0.0,-0.000148,-0.000178,0.0,-0.000131,-0.000884,0.0,-0.001647,-0.00026,0.0,-0.000762,0.0,-0.000106,-0.000713,-0.000678,-0.000882,-0.000382,0.0,0.0,-0.000316,-0.000247,-0.000216,0.0,0.0,-7.3e-05,0.0,0.0,-0.000511,-0.000453,-0.001499,-0.001227,0.0,-0.000187,-0.001907,-0.000334,-0.000918,0.0,-0.000185,-0.000242,0.0,0.0,-0.000187,-0.000191,0.0,-2.8e-05,0.0,-0.000743,0.0,-0.000513,0.0,-0.000755,-0.001383,-3e-06,-1.3e-05,-0.001243,0.0,0.0,0.0,-3.2e-05,-0.000393,-0.00026,0.0,-0.000163,-0.000582,-0.00199,-0.002069,0.0,-0.001419,0.0,-0.001562,-0.000526,0.0,-0.000347,-0.001962,-0.000381,-0.001024,-0.001506,-0.002136,-0.000268,-0.000311,-0.000218,0.0,-0.000295,-0.000877,-0.00117,-0.000529
2017-05-30 07:33:00+02:00,0.0,0.0,-0.000196,-0.00132,-0.00017,0.0,-0.000473,-0.00059,-0.000772,-1.8e-05,0.0,0.0,-0.000286,-0.000213,-8.7e-05,-0.001855,-1e-06,0.0,0.0,-0.001816,0.0,-0.001752,-0.000963,0.0,-0.001334,-0.002136,-0.000621,0.0,-0.000375,0.0,0.0,-0.000303,0.0,-0.000158,-0.000188,0.0,-0.000154,-0.000921,0.0,-0.001703,-0.000276,0.0,-0.000794,0.0,-0.000125,-0.000746,-0.000704,-0.000912,-0.000403,0.0,0.0,-0.000334,-0.000262,-0.00023,0.0,0.0,-9e-05,0.0,0.0,-0.000541,-0.000474,-0.001553,-0.001269,0.0,-0.000207,-0.001961,-0.000354,-0.000948,0.0,-0.000198,-0.000256,0.0,0.0,-0.000198,-0.000202,0.0,-4.3e-05,0.0,-0.000778,0.0,-0.000537,0.0,-0.000788,-0.001434,-8e-06,-2.2e-05,-0.001286,0.0,0.0,0.0,-3.9e-05,-0.000415,-0.000278,0.0,-0.000172,-0.000616,-0.002043,-0.002124,0.0,-0.00147,0.0,-0.001609,-0.000548,0.0,-0.000366,-0.002026,-0.000404,-0.001066,-0.001552,-0.002193,-0.000284,-0.000329,-0.000231,0.0,-0.000321,-0.000912,-0.001211,-0.000557
2017-05-30 07:34:00+02:00,0.0,0.0,-0.000207,-0.00135,-0.000181,0.0,-0.000488,-0.000607,-0.000796,-2.1e-05,0.0,0.0,-0.000303,-0.000225,-9.2e-05,-0.001892,-1e-06,0.0,0.0,-0.00185,0.0,-0.001787,-0.000988,0.0,-0.001371,-0.002176,-0.000638,0.0,-0.000387,0.0,0.0,-0.000319,0.0,-0.000167,-0.000198,0.0,-0.000167,-0.000944,0.0,-0.001745,-0.000288,0.0,-0.000815,0.0,-0.000135,-0.000766,-0.000721,-0.000933,-0.000418,0.0,0.0,-0.00035,-0.000277,-0.000243,0.0,0.0,-9.7e-05,0.0,0.0,-0.000559,-0.000492,-0.001592,-0.001297,0.0,-0.000217,-0.001999,-0.000366,-0.00097,0.0,-0.000207,-0.000267,0.0,0.0,-0.000208,-0.000212,0.0,-4.9e-05,0.0,-0.000799,0.0,-0.000558,0.0,-0.000809,-0.001473,-7e-06,-2.3e-05,-0.00132,0.0,0.0,0.0,-4.3e-05,-0.000434,-0.000295,0.0,-0.00018,-0.000639,-0.00208,-0.002163,0.0,-0.001507,0.0,-0.001643,-0.000563,0.0,-0.00038,-0.002077,-0.000425,-0.001096,-0.001583,-0.002234,-0.000296,-0.00034,-0.000241,0.0,-0.000335,-0.000934,-0.001238,-0.000581
2017-05-30 07:35:00+02:00,0.0,0.0,-0.000217,-0.001378,-0.000192,0.0,-0.000502,-0.000625,-0.000819,-2.3e-05,0.0,0.0,-0.00032,-0.000237,-9.7e-05,-0.001926,-1e-06,0.0,0.0,-0.001885,0.0,-0.001822,-0.001015,0.0,-0.001407,-0.002215,-0.000656,0.0,-0.000399,0.0,0.0,-0.000335,0.0,-0.000176,-0.000207,0.0,-0.00018,-0.000969,0.0,-0.001786,-0.0003,0.0,-0.000835,0.0,-0.000145,-0.000785,-0.000737,-0.000954,-0.000433,0.0,0.0,-0.000366,-0.000291,-0.000256,0.0,0.0,-0.000104,0.0,0.0,-0.000577,-0.000511,-0.001631,-0.001324,0.0,-0.000227,-0.002035,-0.000379,-0.000992,0.0,-0.000217,-0.000277,0.0,0.0,-0.000218,-0.000223,0.0,-5.4e-05,0.0,-0.000822,0.0,-0.000577,0.0,-0.000828,-0.00151,-8e-06,-2.4e-05,-0.001352,0.0,0.0,0.0,-4.7e-05,-0.000453,-0.000312,0.0,-0.000188,-0.00066,-0.002116,-0.0022,0.0,-0.001542,0.0,-0.001674,-0.000578,0.0,-0.000394,-0.002125,-0.000446,-0.001124,-0.001612,-0.002272,-0.000309,-0.000351,-0.00025,0.0,-0.00035,-0.000956,-0.001263,-0.000605
2017-05-30 07:36:00+02:00,0.0,0.0,-0.000231,-0.001408,-0.000208,0.0,-0.000523,-0.000648,-0.000849,-2.6e-05,0.0,0.0,-0.000339,-0.000249,-0.000102,-0.001964,-0.0,0.0,0.0,-0.001935,0.0,-0.001872,-0.00105,0.0,-0.001452,-0.002257,-0.00068,0.0,-0.000411,0.0,0.0,-0.000353,0.0,-0.000186,-0.000217,0.0,-0.000197,-0.001001,0.0,-0.001838,-0.000316,0.0,-0.000863,0.0,-0.000159,-0.000803,-0.000754,-0.000985,-0.000452,0.0,0.0,-0.000384,-0.000304,-0.000269,0.0,0.0,-0.000114,0.0,0.0,-0.000601,-0.000533,-0.00168,-0.001352,0.0,-0.000241,-0.002075,-0.000396,-0.001024,0.0,-0.000229,-0.000291,0.0,0.0,-0.000229,-0.000233,0.0,-5.9e-05,0.0,-0.000851,0.0,-0.000598,0.0,-0.000848,-0.001558,-1.3e-05,-3e-05,-0.001394,0.0,0.0,0.0,-5.2e-05,-0.000472,-0.000329,0.0,-0.000194,-0.000688,-0.002154,-0.00224,0.0,-0.001588,0.0,-0.001708,-0.000598,0.0,-0.000412,-0.002187,-0.00047,-0.001161,-0.001643,-0.002314,-0.000325,-0.000362,-0.000262,0.0,-0.000371,-0.000986,-0.001289,-0.000633
2017-05-30 07:37:00+02:00,0.0,0.0,-0.000262,-0.001471,-0.00024,0.0,-0.000558,-0.000686,-0.000893,-3.8e-05,0.0,0.0,-0.000362,-0.000265,-0.00011,-0.00204,-1.7e-05,0.0,0.0,-0.00201,0.0,-0.001947,-0.001108,0.0,-0.001521,-0.00234,-0.00072,0.0,-0.000439,0.0,0.0,-0.000377,0.0,-0.000198,-0.000229,0.0,-0.00023,-0.001057,0.0,-0.001917,-0.000339,0.0,-0.000912,0.0,-0.00019,-0.000852,-0.000793,-0.00103,-0.000483,0.0,0.0,-0.000409,-0.000325,-0.000286,0.0,0.0,-0.000141,0.0,0.0,-0.000648,-0.000564,-0.001755,-0.001414,0.0,-0.000271,-0.002154,-0.000428,-0.00107,0.0,-0.00025,-0.000312,-3e-06,0.0,-0.000243,-0.000246,0.0,-8.5e-05,0.0,-0.000904,0.0,-0.000632,0.0,-0.000897,-0.00163,-3.4e-05,-5.3e-05,-0.001457,0.0,0.0,0.0,-6.4e-05,-0.000501,-0.000352,0.0,-0.000205,-0.000737,-0.002232,-0.002321,0.0,-0.00166,0.0,-0.001779,-0.000632,0.0,-0.00044,-0.002278,-0.000501,-0.00122,-0.001711,-0.002398,-0.000348,-0.000388,-0.000283,0.0,-0.000411,-0.001039,-0.001349,-0.00067
2017-05-30 07:38:00+02:00,0.0,0.0,-0.000295,-0.001535,-0.000271,0.0,-0.000595,-0.000727,-0.000942,-4.7e-05,0.0,0.0,-0.000387,-0.000282,-0.000118,-0.002119,-3.4e-05,0.0,0.0,-0.002098,0.0,-0.002033,-0.001168,0.0,-0.001597,-0.002427,-0.000762,0.0,-0.000465,-2e-06,0.0,-0.000404,0.0,-0.000211,-0.000242,0.0,-0.000264,-0.001114,0.0,-0.002006,-0.000363,0.0,-0.000966,0.0,-0.000219,-0.000897,-0.000833,-0.001083,-0.000516,0.0,0.0,-0.000437,-0.000345,-0.000304,0.0,0.0,-0.000169,0.0,0.0,-0.000694,-0.000599,-0.001839,-0.001476,0.0,-0.000302,-0.002236,-0.00046,-0.001125,0.0,-0.000271,-0.000335,-5e-06,0.0,-0.000258,-0.00026,0.0,-0.000106,0.0,-0.000957,0.0,-0.000667,0.0,-0.000944,-0.00171,-5.4e-05,-7.8e-05,-0.001528,0.0,0.0,0.0,-7.5e-05,-0.00053,-0.000377,0.0,-0.000216,-0.000788,-0.002314,-0.002405,0.0,-0.00174,0.0,-0.00185,-0.00067,0.0,-0.000469,-0.002381,-0.000534,-0.001285,-0.00178,-0.002486,-0.000373,-0.000413,-0.000306,0.0,-0.00045,-0.001097,-0.001409,-0.000712
2017-05-30 07:39:00+02:00,0.0,0.0,-0.000335,-0.00161,-0.000309,0.0,-0.000639,-0.000775,-0.000998,-5.9e-05,0.0,0.0,-0.000416,-0.000302,-0.000128,-0.002211,-5.9e-05,0.0,0.0,-0.0022,0.0,-0.002134,-0.001241,0.0,-0.001684,-0.002528,-0.000812,0.0,-0.000496,-7e-06,0.0,-0.000434,0.0,-0.000227,-0.000258,0.0,-0.000303,-0.001183,0.0,-0.002106,-0.000392,0.0,-0.00103,0.0,-0.000255,-0.000951,-0.000879,-0.001145,-0.000554,0.0,0.0,-0.000469,-0.000369,-0.000325,0.0,0.0,-0.000203,0.0,0.0,-0.000751,-0.00064,-0.001935,-0.001548,0.0,-0.00034,-0.002331,-0.000499,-0.001188,0.0,-0.000297,-0.000362,-9e-06,0.0,-0.000277,-0.000276,0.0,-0.000132,0.0,-0.001022,0.0,-0.000707,0.0,-0.000999,-0.001801,-8.2e-05,-0.000109,-0.001608,0.0,0.0,0.0,-9e-05,-0.000565,-0.000405,0.0,-0.000228,-0.000847,-0.002409,-0.002503,0.0,-0.001831,0.0,-0.001934,-0.000715,0.0,-0.000504,-0.002498,-0.000573,-0.001359,-0.00186,-0.002588,-0.000402,-0.000442,-0.000333,0.0,-0.000498,-0.001165,-0.001478,-0.000759
2017-05-30 07:40:00+02:00,0.0,0.0,-0.000373,-0.001682,-0.000345,0.0,-0.000681,-0.000821,-0.001053,-7.1e-05,0.0,0.0,-0.000446,-0.000322,-0.000137,-0.0023,-8.2e-05,0.0,0.0,-0.0023,0.0,-0.002234,-0.00131,0.0,-0.00177,-0.002626,-0.00086,0.0,-0.000526,-1.3e-05,0.0,-0.000464,0.0,-0.000243,-0.000273,0.0,-0.00034,-0.001249,0.0,-0.002205,-0.00042,0.0,-0.001092,0.0,-0.000289,-0.001002,-0.000923,-0.001206,-0.000591,0.0,0.0,-0.000502,-0.000393,-0.000347,0.0,0.0,-0.000235,0.0,0.0,-0.000804,-0.000681,-0.002028,-0.001618,0.0,-0.000376,-0.002424,-0.000536,-0.001251,0.0,-0.000322,-0.000388,-1.3e-05,0.0,-0.000295,-0.000292,0.0,-0.000156,0.0,-0.001083,0.0,-0.000746,0.0,-0.001052,-0.001891,-0.000107,-0.000138,-0.001688,0.0,0.0,0.0,-0.000103,-0.000599,-0.000434,0.0,-0.000241,-0.000904,-0.002501,-0.002598,0.0,-0.00192,0.0,-0.002015,-0.000759,0.0,-0.000538,-0.002614,-0.000611,-0.001431,-0.001937,-0.002687,-0.000431,-0.00047,-0.000359,0.0,-0.000543,-0.001232,-0.001545,-0.000807
2017-05-30 07:41:00+02:00,0.0,0.0,-0.000397,-0.001736,-0.000369,0.0,-0.000711,-0.000856,-0.001098,-7.7e-05,0.0,0.0,-0.000474,-0.000341,-0.000145,-0.002369,-9.4e-05,0.0,0.0,-0.002378,0.0,-0.002311,-0.001363,0.0,-0.001839,-0.002702,-0.000896,0.0,-0.000548,-1.5e-05,0.0,-0.000491,0.0,-0.000258,-0.000287,0.0,-0.000363,-0.001299,0.0,-0.002284,-0.000443,0.0,-0.001137,0.0,-0.000312,-0.001037,-0.000954,-0.001253,-0.000619,0.0,0.0,-0.00053,-0.000415,-0.000367,0.0,0.0,-0.000255,0.0,0.0,-0.000842,-0.000715,-0.002102,-0.00167,0.0,-0.0004,-0.002495,-0.000563,-0.001299,0.0,-0.000341,-0.00041,-1.4e-05,0.0,-0.000312,-0.000307,0.0,-0.000168,0.0,-0.001128,0.0,-0.00078,0.0,-0.001089,-0.001962,-0.000122,-0.000154,-0.001751,0.0,0.0,0.0,-0.000113,-0.000629,-0.000461,0.0,-0.000252,-0.000944,-0.002572,-0.002672,0.0,-0.001989,0.0,-0.002077,-0.000792,0.0,-0.000565,-0.002707,-0.000646,-0.001486,-0.001996,-0.002764,-0.000455,-0.00049,-0.000379,0.0,-0.000574,-0.001281,-0.001595,-0.000848
2017-05-30 07:42:00+02:00,0.0,0.0,-0.000409,-0.00177,-0.00038,0.0,-0.000727,-0.000876,-0.001131,-7.8e-05,0.0,0.0,-0.000501,-0.000361,-0.000152,-0.002411,-9.6e-05,0.0,0.0,-0.002427,0.0,-0.002361,-0.001394,0.0,-0.001891,-0.00275,-0.000915,0.0,-0.00056,-1.3e-05,0.0,-0.000514,0.0,-0.000273,-0.000302,0.0,-0.000376,-0.001326,0.0,-0.00234,-0.000459,0.0,-0.001165,0.0,-0.000321,-0.001055,-0.000971,-0.001283,-0.000638,0.0,0.0,-0.000553,-0.000435,-0.000389,0.0,0.0,-0.000262,0.0,0.0,-0.000861,-0.000741,-0.002155,-0.001701,0.0,-0.000412,-0.00254,-0.000576,-0.00133,0.0,-0.000352,-0.000425,-1.3e-05,0.0,-0.000329,-0.000323,0.0,-0.000169,0.0,-0.001153,0.0,-0.000805,0.0,-0.001108,-0.002015,-0.000125,-0.000159,-0.001796,0.0,0.0,0.0,-0.000117,-0.000654,-0.000487,0.0,-0.000263,-0.00097,-0.002617,-0.002719,0.0,-0.002038,0.0,-0.002115,-0.000811,0.0,-0.000582,-0.002776,-0.000677,-0.001523,-0.00203,-0.002812,-0.000471,-0.0005,-0.000392,0.0,-0.000588,-0.00131,-0.001623,-0.000882
2017-05-30 07:43:00+02:00,0.0,0.0,-0.000404,-0.001785,-0.00038,0.0,-0.000732,-0.000885,-0.00115,-7.5e-05,0.0,0.0,-0.000523,-0.000378,-0.000158,-0.002429,-8.5e-05,0.0,0.0,-0.002445,0.0,-0.00238,-0.001407,0.0,-0.001921,-0.002771,-0.000923,0.0,-0.000564,-1.1e-05,0.0,-0.000532,0.0,-0.000286,-0.000314,0.0,-0.000377,-0.001337,0.0,-0.002372,-0.000469,0.0,-0.00117,0.0,-0.00032,-0.001057,-0.000976,-0.001294,-0.000648,0.0,0.0,-0.000569,-0.000451,-0.000408,0.0,0.0,-0.000256,0.0,0.0,-0.000866,-0.000756,-0.002185,-0.001713,0.0,-0.000409,-0.002559,-0.000579,-0.001342,0.0,-0.000356,-0.000432,-1e-05,0.0,-0.000342,-0.000337,0.0,-0.000162,0.0,-0.001161,0.0,-0.000822,0.0,-0.001113,-0.002045,-0.00012,-0.00015,-0.001822,0.0,0.0,0.0,-0.000118,-0.000673,-0.000509,0.0,-0.000271,-0.00098,-0.002636,-0.002738,0.0,-0.002064,0.0,-0.00213,-0.000816,0.0,-0.000592,-0.002817,-0.000702,-0.001541,-0.002043,-0.002832,-0.000481,-0.000503,-0.000395,0.0,-0.00059,-0.001316,-0.001632,-0.000907
2017-05-30 07:44:00+02:00,0.0,0.0,-0.000399,-0.0018,-0.000377,0.0,-0.000735,-0.000893,-0.001169,-7.3e-05,0.0,0.0,-0.000544,-0.000393,-0.000162,-0.002448,-7.4e-05,0.0,0.0,-0.002465,0.0,-0.0024,-0.001417,0.0,-0.001948,-0.002794,-0.000929,0.0,-0.000569,-9e-06,0.0,-0.000549,0.0,-0.000296,-0.000324,0.0,-0.000377,-0.001344,0.0,-0.0024,-0.000478,0.0,-0.001176,0.0,-0.000317,-0.001062,-0.000982,-0.001307,-0.000657,0.0,0.0,-0.000585,-0.000466,-0.000424,0.0,0.0,-0.000248,0.0,0.0,-0.000867,-0.000773,-0.002212,-0.001726,0.0,-0.000405,-0.002579,-0.00058,-0.001356,0.0,-0.000359,-0.00044,-8e-06,0.0,-0.000354,-0.000348,0.0,-0.000157,0.0,-0.001165,0.0,-0.00084,0.0,-0.001119,-0.002073,-0.000113,-0.000139,-0.001848,0.0,0.0,0.0,-0.000117,-0.000692,-0.000529,0.0,-0.000279,-0.000987,-0.002657,-0.00276,0.0,-0.002087,0.0,-0.002147,-0.000822,0.0,-0.0006,-0.002856,-0.000725,-0.001557,-0.002057,-0.002855,-0.00049,-0.000507,-0.000399,0.0,-0.000587,-0.001322,-0.001642,-0.000931
2017-05-30 07:45:00+02:00,0.0,0.0,-0.000411,-0.001832,-0.000391,0.0,-0.000752,-0.000912,-0.001196,-7.8e-05,0.0,0.0,-0.000565,-0.000409,-0.000168,-0.002486,-8e-05,0.0,0.0,-0.002505,0.0,-0.002441,-0.001446,0.0,-0.001988,-0.002835,-0.000948,0.0,-0.000583,-8e-06,0.0,-0.000568,0.0,-0.000308,-0.000334,0.0,-0.000391,-0.00137,0.0,-0.002443,-0.000494,0.0,-0.001199,0.0,-0.00033,-0.001083,-0.001001,-0.001333,-0.000674,0.0,0.0,-0.000605,-0.000483,-0.000441,0.0,0.0,-0.000257,0.0,0.0,-0.000887,-0.000795,-0.002253,-0.001757,0.0,-0.000417,-0.002619,-0.000594,-0.001383,0.0,-0.000371,-0.000453,-1e-05,0.0,-0.000368,-0.000358,0.0,-0.000167,0.0,-0.001189,0.0,-0.000863,0.0,-0.001142,-0.002114,-0.000122,-0.000147,-0.001884,0.0,0.0,0.0,-0.000123,-0.000714,-0.00055,0.0,-0.000287,-0.00101,-0.002696,-0.002799,0.0,-0.002125,0.0,-0.002182,-0.000839,0.0,-0.000617,-0.002907,-0.000751,-0.001587,-0.002089,-0.002897,-0.000506,-0.00052,-0.00041,0.0,-0.000604,-0.001346,-0.00167,-0.00096
2017-05-30 07:46:00+02:00,0.0,0.0,-0.000411,-0.001849,-0.000395,0.0,-0.000761,-0.000925,-0.001213,-7.9e-05,0.0,0.0,-0.000577,-0.000415,-0.000169,-0.002506,-7.6e-05,0.0,0.0,-0.002525,0.0,-0.002462,-0.00146,0.0,-0.002007,-0.002858,-0.00096,0.0,-0.000592,-6e-06,0.0,-0.000579,0.0,-0.000313,-0.000336,0.0,-0.000391,-0.001382,0.0,-0.002463,-0.000503,0.0,-0.001208,0.0,-0.000333,-0.001092,-0.001013,-0.001351,-0.000683,0.0,0.0,-0.000618,-0.000493,-0.000448,0.0,0.0,-0.000256,0.0,0.0,-0.000894,-0.00081,-0.002271,-0.001772,0.0,-0.000419,-0.00264,-0.000601,-0.001401,0.0,-0.000377,-0.000461,-1e-05,0.0,-0.000373,-0.00036,0.0,-0.000168,0.0,-0.001199,0.0,-0.000879,0.0,-0.001152,-0.002132,-0.000122,-0.000145,-0.001906,0.0,0.0,0.0,-0.000125,-0.000729,-0.000561,0.0,-0.000288,-0.001017,-0.002716,-0.00282,0.0,-0.002141,0.0,-0.002201,-0.000849,0.0,-0.000627,-0.002933,-0.000766,-0.001597,-0.002106,-0.00292,-0.000516,-0.000528,-0.000416,0.0,-0.000609,-0.001356,-0.001684,-0.000977
2017-05-30 07:47:00+02:00,0.0,0.0,-0.000392,-0.00184,-0.000384,0.0,-0.000757,-0.000925,-0.001213,-7.1e-05,0.0,0.0,-0.00058,-0.000415,-0.000165,-0.002497,-6.1e-05,0.0,0.0,-0.002517,0.0,-0.002455,-0.001454,0.0,-0.001999,-0.00285,-0.000959,0.0,-0.000588,-5e-06,0.0,-0.000582,0.0,-0.000312,-0.000332,0.0,-0.000375,-0.001374,0.0,-0.002451,-0.000505,0.0,-0.001194,0.0,-0.000322,-0.001079,-0.001008,-0.001351,-0.000679,0.0,0.0,-0.000621,-0.000496,-0.000448,0.0,0.0,-0.000237,0.0,0.0,-0.000883,-0.000814,-0.002261,-0.001762,0.0,-0.000401,-0.002631,-0.000596,-0.001402,0.0,-0.000374,-0.00046,-8e-06,0.0,-0.000373,-0.000356,0.0,-0.00015,0.0,-0.00119,0.0,-0.000883,0.0,-0.00114,-0.002123,-0.000109,-0.000123,-0.001907,0.0,0.0,0.0,-0.000121,-0.000734,-0.000564,0.0,-0.000285,-0.001001,-0.002705,-0.00281,0.0,-0.002129,0.0,-0.002191,-0.000844,0.0,-0.000628,-0.002924,-0.000771,-0.001583,-0.002094,-0.00291,-0.000518,-0.000523,-0.000411,0.0,-0.000597,-0.001341,-0.001672,-0.000983
2017-05-30 07:48:00+02:00,0.0,0.0,-0.000359,-0.001786,-0.00036,0.0,-0.000731,-0.000898,-0.001181,-5.9e-05,0.0,0.0,-0.000573,-0.000409,-0.00016,-0.002428,-4.9e-05,0.0,0.0,-0.002447,0.0,-0.002387,-0.001411,0.0,-0.001944,-0.002774,-0.000929,0.0,-0.000566,-4e-06,0.0,-0.000571,0.0,-0.000306,-0.000325,0.0,-0.000346,-0.00133,0.0,-0.002381,-0.000493,0.0,-0.001149,0.0,-0.000298,-0.001036,-0.000974,-0.001314,-0.000655,0.0,0.0,-0.00061,-0.000489,-0.000442,0.0,0.0,-0.000208,0.0,0.0,-0.000847,-0.000797,-0.002195,-0.001708,0.0,-0.000371,-0.002559,-0.000572,-0.001364,0.0,-0.00036,-0.000446,-6e-06,0.0,-0.000368,-0.00035,0.0,-0.000124,0.0,-0.001149,0.0,-0.000865,0.0,-0.001098,-0.002063,-8.9e-05,-9.9e-05,-0.001856,0.0,0.0,0.0,-0.000113,-0.000722,-0.000557,0.0,-0.000279,-0.000959,-0.002631,-0.002734,0.0,-0.002065,0.0,-0.002129,-0.000815,0.0,-0.000611,-0.002846,-0.000759,-0.00153,-0.002032,-0.002833,-0.000505,-0.000503,-0.000394,0.0,-0.000566,-0.001292,-0.001618,-0.000963
2017-05-30 07:49:00+02:00,0.0,0.0,-0.000287,-0.001681,-0.000288,0.0,-0.000665,-0.000837,-0.001118,-4.7e-05,0.0,0.0,-0.000544,-0.000385,-0.000143,-0.002304,-3.9e-05,0.0,0.0,-0.002325,0.0,-0.002268,-0.001308,0.0,-0.001831,-0.002644,-0.000861,0.0,-0.000516,-3e-06,0.0,-0.000538,0.0,-0.000285,-0.000301,0.0,-0.000276,-0.001227,0.0,-0.002245,-0.000458,0.0,-0.001052,0.0,-0.000238,-0.000937,-0.000906,-0.001249,-0.000599,0.0,0.0,-0.000581,-0.000465,-0.000416,0.0,0.0,-0.000166,0.0,0.0,-0.00075,-0.00076,-0.002066,-0.001601,0.0,-0.000297,-0.002434,-0.000508,-0.001299,0.0,-0.000319,-0.000412,-5e-06,0.0,-0.000347,-0.000325,0.0,-0.0001,0.0,-0.001047,0.0,-0.000827,0.0,-0.001001,-0.001942,-7.1e-05,-7.9e-05,-0.001768,0.0,0.0,0.0,-9e-05,-0.000691,-0.000529,0.0,-0.000259,-0.000852,-0.002507,-0.002606,0.0,-0.001936,0.0,-0.002012,-0.000756,0.0,-0.000568,-0.0027,-0.000723,-0.001414,-0.001916,-0.002702,-0.00047,-0.000453,-0.000353,0.0,-0.000473,-0.00119,-0.001509,-0.000918
2017-05-30 07:50:00+02:00,0.0,0.0,-0.000301,-0.00171,-0.000307,0.0,-0.000688,-0.000861,-0.001139,-5.4e-05,0.0,0.0,-0.000549,-0.000384,-0.000142,-0.002336,-3.5e-05,0.0,0.0,-0.002358,0.0,-0.002302,-0.001337,0.0,-0.001853,-0.002677,-0.000886,0.0,-0.000535,-3e-06,0.0,-0.000548,0.0,-0.000285,-0.000296,0.0,-0.000289,-0.001253,0.0,-0.002268,-0.000472,0.0,-0.001076,0.0,-0.000255,-0.000964,-0.000932,-0.001279,-0.000615,0.0,0.0,-0.000595,-0.000472,-0.000415,0.0,0.0,-0.000173,0.0,0.0,-0.000775,-0.000778,-0.002089,-0.00163,0.0,-0.000312,-0.002466,-0.000529,-0.00133,0.0,-0.000333,-0.000424,-5e-06,0.0,-0.000348,-0.000319,0.0,-0.000111,0.0,-0.001073,0.0,-0.000845,0.0,-0.001028,-0.001965,-7.8e-05,-8e-05,-0.001797,0.0,0.0,0.0,-9.7e-05,-0.000704,-0.000534,0.0,-0.000255,-0.000872,-0.002534,-0.002636,0.0,-0.001958,0.0,-0.002043,-0.000777,0.0,-0.000585,-0.002725,-0.000735,-0.001434,-0.001945,-0.002734,-0.000485,-0.000471,-0.000366,0.0,-0.000496,-0.001215,-0.001538,-0.000935
2017-05-30 07:51:00+02:00,0.0,0.0,-0.000273,-0.001689,-0.000287,0.0,-0.000673,-0.000847,-0.001129,-4.4e-05,0.0,0.0,-0.000543,-0.000376,-0.000136,-0.00231,-2.8e-05,0.0,0.0,-0.002325,0.0,-0.002271,-0.001309,0.0,-0.001826,-0.002649,-0.000872,0.0,-0.000528,-2e-06,0.0,-0.000543,0.0,-0.000279,-0.000286,0.0,-0.000266,-0.001226,0.0,-0.002234,-0.000465,0.0,-0.001048,0.0,-0.000234,-0.000946,-0.000923,-0.001266,-0.000604,0.0,0.0,-0.00059,-0.000468,-0.000407,0.0,0.0,-0.000141,0.0,0.0,-0.00075,-0.000773,-0.002057,-0.001609,0.0,-0.000287,-0.002439,-0.000514,-0.001317,0.0,-0.000324,-0.000417,-4e-06,0.0,-0.000341,-0.000309,0.0,-9.1e-05,0.0,-0.001047,0.0,-0.000842,0.0,-0.00101,-0.001935,-6.3e-05,-6.4e-05,-0.001781,0.0,0.0,0.0,-8.9e-05,-0.000701,-0.000528,0.0,-0.000247,-0.000848,-0.002505,-0.002606,0.0,-0.001926,0.0,-0.002019,-0.000763,0.0,-0.000577,-0.002688,-0.000729,-0.001405,-0.00192,-0.002705,-0.000477,-0.000465,-0.000356,0.0,-0.000474,-0.001186,-0.001517,-0.000928
2017-05-30 07:52:00+02:00,0.0,0.0,-0.000218,-0.001589,-0.000238,0.0,-0.000617,-0.000786,-0.001063,-3.5e-05,0.0,0.0,-0.00052,-0.00036,-0.000126,-0.002183,-2.2e-05,0.0,0.0,-0.002191,0.0,-0.00214,-0.001214,0.0,-0.001719,-0.002509,-0.000807,0.0,-0.000489,-2e-06,0.0,-0.000514,0.0,-0.000265,-0.000272,0.0,-0.000215,-0.001134,0.0,-0.002104,-0.000433,0.0,-0.000963,0.0,-0.000187,-0.000873,-0.000861,-0.00119,-0.000559,0.0,0.0,-0.000559,-0.000447,-0.00039,0.0,0.0,-0.000113,0.0,0.0,-0.000677,-0.000731,-0.001936,-0.001511,0.0,-0.000234,-0.002307,-0.000465,-0.00124,0.0,-0.000293,-0.000386,-3e-06,0.0,-0.000326,-0.000294,0.0,-7.3e-05,0.0,-0.000962,0.0,-0.0008,0.0,-0.000936,-0.001821,-5e-05,-5.1e-05,-0.001682,0.0,0.0,0.0,-7.1e-05,-0.00067,-0.000505,0.0,-0.000235,-0.000773,-0.002371,-0.002467,0.0,-0.001809,0.0,-0.001904,-0.000705,0.0,-0.000536,-0.002541,-0.000695,-0.001309,-0.001808,-0.002562,-0.000445,-0.000428,-0.000322,0.0,-0.000413,-0.001093,-0.001421,-0.000881
2017-05-30 07:53:00+02:00,0.0,0.0,-0.000175,-0.001342,-0.000191,0.0,-0.000493,-0.000636,-0.000907,-2.8e-05,0.0,0.0,-0.000458,-0.000318,-0.000101,-0.001878,-1.8e-05,0.0,0.0,-0.001861,0.0,-0.001817,-0.000982,0.0,-0.001467,-0.002179,-0.000647,0.0,-0.000391,-1e-06,0.0,-0.000439,0.0,-0.000227,-0.000238,0.0,-0.000172,-0.000909,0.0,-0.001804,-0.000348,0.0,-0.00077,0.0,-0.00015,-0.000698,-0.000702,-0.000998,-0.000447,0.0,0.0,-0.000475,-0.00039,-0.000346,0.0,0.0,-9e-05,0.0,0.0,-0.000542,-0.000618,-0.001651,-0.001265,0.0,-0.000187,-0.001992,-0.000372,-0.001044,0.0,-0.000234,-0.000309,-3e-06,0.0,-0.00028,-0.000259,0.0,-5.8e-05,0.0,-0.00077,0.0,-0.000691,0.0,-0.000749,-0.001555,-4e-05,-4.1e-05,-0.001454,0.0,0.0,0.0,-5.7e-05,-0.000585,-0.000444,0.0,-0.000203,-0.000618,-0.00206,-0.002144,0.0,-0.001532,0.0,-0.001623,-0.000564,0.0,-0.00043,-0.002207,-0.000608,-0.001076,-0.001534,-0.002227,-0.000358,-0.000342,-0.000257,0.0,-0.00033,-0.000875,-0.001176,-0.000766
2017-05-30 07:54:00+02:00,0.0,0.0,-0.00014,-0.001074,-0.000152,0.0,-0.000395,-0.000509,-0.00074,-2.3e-05,0.0,0.0,-0.00039,-0.000266,-8.1e-05,-0.001549,-1.4e-05,0.0,0.0,-0.001502,0.0,-0.001463,-0.000786,0.0,-0.001194,-0.001835,-0.000517,0.0,-0.000313,-1e-06,0.0,-0.000354,0.0,-0.000181,-0.000196,0.0,-0.000138,-0.000727,0.0,-0.001489,-0.000279,0.0,-0.000616,0.0,-0.00012,-0.000559,-0.000561,-0.000799,-0.000358,0.0,0.0,-0.00038,-0.000322,-0.000294,0.0,0.0,-7.2e-05,0.0,0.0,-0.000434,-0.000494,-0.001346,-0.001012,0.0,-0.000149,-0.001658,-0.000297,-0.000835,0.0,-0.000187,-0.000247,-2e-06,0.0,-0.000225,-0.000215,0.0,-4.7e-05,0.0,-0.000616,0.0,-0.000572,0.0,-0.000599,-0.001269,-3.2e-05,-3.3e-05,-0.001231,0.0,0.0,0.0,-4.6e-05,-0.000491,-0.000377,0.0,-0.000162,-0.000495,-0.001739,-0.001811,0.0,-0.001229,0.0,-0.001309,-0.000451,0.0,-0.000344,-0.001876,-0.000518,-0.000861,-0.001227,-0.001881,-0.000287,-0.000274,-0.000206,0.0,-0.000264,-0.0007,-0.000941,-0.000649
2017-05-30 07:55:00+02:00,0.0,0.0,-0.000165,-0.001231,-0.000207,0.0,-0.00048,-0.000605,-0.000852,-4.2e-05,0.0,0.0,-0.000432,-0.000291,-9.1e-05,-0.001737,-1.1e-05,0.0,0.0,-0.001675,0.0,-0.001635,-0.000919,0.0,-0.001357,-0.002034,-0.000619,0.0,-0.000383,-1e-06,0.0,-0.00041,0.0,-0.000204,-0.000209,0.0,-0.000192,-0.000855,0.0,-0.001673,-0.000334,0.0,-0.000706,0.0,-0.000169,-0.000672,-0.000669,-0.000911,-0.000434,0.0,0.0,-0.000432,-0.000362,-0.000319,0.0,0.0,-8e-05,0.0,0.0,-0.000528,-0.000564,-0.001524,-0.001167,0.0,-0.000177,-0.00185,-0.000369,-0.000952,0.0,-0.000234,-0.000288,-7e-06,0.0,-0.000247,-0.000228,0.0,-8.2e-05,0.0,-0.000732,0.0,-0.000651,0.0,-0.000717,-0.001437,-5.7e-05,-2.6e-05,-0.001386,0.0,0.0,0.0,-6.7e-05,-0.000553,-0.000418,0.0,-0.000175,-0.0006,-0.00192,-0.002001,0.0,-0.001403,0.0,-0.001487,-0.000525,0.0,-0.000413,-0.002077,-0.00058,-0.001002,-0.001399,-0.002081,-0.000343,-0.000338,-0.000242,0.0,-0.000338,-0.000801,-0.001092,-0.000732
2017-05-30 07:56:00+02:00,0.0,0.0,-0.00021,-0.001387,-0.000273,0.0,-0.000571,-0.000706,-0.000961,-6.5e-05,0.0,0.0,-0.000474,-0.000315,-0.000102,-0.001922,-1.8e-05,0.0,0.0,-0.001859,0.0,-0.001818,-0.00106,0.0,-0.001514,-0.00223,-0.000726,0.0,-0.000454,-1e-06,0.0,-0.000464,0.0,-0.000226,-0.000222,0.0,-0.000251,-0.000989,0.0,-0.001851,-0.000393,0.0,-0.000812,0.0,-0.000229,-0.000787,-0.000775,-0.001032,-0.00051,0.0,0.0,-0.000489,-0.000402,-0.000344,0.0,0.0,-0.00011,0.0,0.0,-0.000632,-0.00064,-0.001697,-0.00132,0.0,-0.000223,-0.002039,-0.000447,-0.001076,0.0,-0.000286,-0.000335,-1.6e-05,0.0,-0.000271,-0.000241,0.0,-0.000125,0.0,-0.000855,0.0,-0.00073,0.0,-0.000835,-0.0016,-9.6e-05,-4.4e-05,-0.001536,0.0,0.0,0.0,-9.3e-05,-0.000614,-0.00046,0.0,-0.000189,-0.000705,-0.0021,-0.002188,0.0,-0.001572,0.0,-0.001662,-0.000608,0.0,-0.000486,-0.002271,-0.000642,-0.001139,-0.001568,-0.002278,-0.000402,-0.000404,-0.000286,0.0,-0.000422,-0.000916,-0.001241,-0.000813
2017-05-30 07:57:00+02:00,0.0,0.0,-0.000216,-0.00148,-0.000299,0.0,-0.000622,-0.000768,-0.001033,-6.8e-05,0.0,0.0,-0.000505,-0.000332,-0.000107,-0.002035,-1.4e-05,0.0,0.0,-0.001974,0.0,-0.001932,-0.001145,0.0,-0.001615,-0.002351,-0.00079,0.0,-0.000492,-1e-06,0.0,-0.0005,0.0,-0.000241,-0.00023,0.0,-0.000271,-0.001068,0.0,-0.001963,-0.00043,0.0,-0.000865,0.0,-0.000251,-0.000846,-0.000837,-0.001108,-0.000554,0.0,0.0,-0.000526,-0.000429,-0.000362,0.0,0.0,-0.000104,0.0,0.0,-0.000685,-0.000689,-0.001805,-0.001409,0.0,-0.000232,-0.002155,-0.000488,-0.001156,0.0,-0.000314,-0.000362,-1.4e-05,0.0,-0.000288,-0.00025,0.0,-0.00013,0.0,-0.000925,0.0,-0.000782,0.0,-0.000898,-0.001703,-0.0001,-3.5e-05,-0.001636,0.0,0.0,0.0,-0.000102,-0.000655,-0.000489,0.0,-0.000197,-0.00076,-0.00221,-0.002304,0.0,-0.001678,0.0,-0.001767,-0.000654,0.0,-0.000531,-0.002398,-0.000685,-0.001219,-0.001669,-0.0024,-0.00044,-0.000438,-0.000307,0.0,-0.000459,-0.000977,-0.001327,-0.00087
2017-05-30 07:58:00+02:00,0.0,0.0,-0.000199,-0.001538,-0.000304,0.0,-0.000651,-0.000807,-0.001081,-6.2e-05,0.0,0.0,-0.000527,-0.000345,-0.00011,-0.002108,-1.1e-05,0.0,0.0,-0.002045,0.0,-0.002003,-0.001196,0.0,-0.001681,-0.002432,-0.00083,0.0,-0.000514,-0.0,0.0,-0.000526,0.0,-0.000251,-0.000236,0.0,-0.000269,-0.001115,0.0,-0.002035,-0.000454,0.0,-0.000887,0.0,-0.000253,-0.000876,-0.000874,-0.001157,-0.000579,0.0,0.0,-0.000552,-0.000449,-0.000375,0.0,0.0,-8.3e-05,0.0,0.0,-0.00071,-0.000722,-0.001874,-0.001465,0.0,-0.000219,-0.002231,-0.000509,-0.001206,0.0,-0.000328,-0.000375,-1.1e-05,0.0,-0.000299,-0.000256,0.0,-0.000118,0.0,-0.000963,0.0,-0.000818,0.0,-0.000932,-0.001769,-8.8e-05,-2.8e-05,-0.001703,0.0,0.0,0.0,-0.000104,-0.000685,-0.000511,0.0,-0.000202,-0.000785,-0.002283,-0.002381,0.0,-0.001744,0.0,-0.001835,-0.000677,0.0,-0.000559,-0.002481,-0.000717,-0.001266,-0.001733,-0.002481,-0.000464,-0.000456,-0.000313,0.0,-0.000472,-0.001004,-0.001378,-0.00091
2017-05-30 07:59:00+02:00,0.0,0.0,-0.000178,-0.001576,-0.000304,0.0,-0.000671,-0.000835,-0.001111,-5.3e-05,0.0,0.0,-0.000542,-0.000354,-0.000112,-0.002156,-9e-06,0.0,0.0,-0.002091,0.0,-0.002049,-0.001232,0.0,-0.001719,-0.002485,-0.000857,0.0,-0.000526,-0.0,0.0,-0.000543,0.0,-0.000258,-0.00024,0.0,-0.000257,-0.001146,0.0,-0.002073,-0.000472,0.0,-0.000896,0.0,-0.000251,-0.000891,-0.000897,-0.001188,-0.000591,0.0,0.0,-0.000571,-0.000464,-0.000385,0.0,0.0,-6.6e-05,0.0,0.0,-0.000726,-0.000745,-0.001911,-0.0015,0.0,-0.000202,-0.002281,-0.000522,-0.00124,0.0,-0.000337,-0.000383,-9e-06,0.0,-0.000308,-0.00026,0.0,-0.000101,0.0,-0.000989,0.0,-0.000845,0.0,-0.00095,-0.001805,-7.4e-05,-2.2e-05,-0.001741,0.0,0.0,0.0,-0.000103,-0.000708,-0.000526,0.0,-0.000207,-0.000791,-0.00233,-0.00243,0.0,-0.001779,0.0,-0.001879,-0.000689,0.0,-0.00058,-0.002525,-0.000738,-0.001288,-0.001774,-0.002533,-0.000482,-0.000466,-0.000314,0.0,-0.000477,-0.001016,-0.00141,-0.000935
2017-05-30 08:00:00+02:00,0.0,0.0,-0.000163,-0.001599,-0.000298,0.0,-0.000681,-0.000852,-0.001133,-4.3e-05,0.0,0.0,-0.000555,-0.000361,-0.000112,-0.002185,-7e-06,0.0,0.0,-0.002128,0.0,-0.002086,-0.001252,0.0,-0.001745,-0.002517,-0.000874,0.0,-0.000532,-0.0,0.0,-0.000556,0.0,-0.000264,-0.000242,0.0,-0.000242,-0.001163,0.0,-0.002098,-0.000483,0.0,-0.000905,0.0,-0.000242,-0.000896,-0.00091,-0.001216,-0.000598,0.0,0.0,-0.000588,-0.000476,-0.000392,0.0,0.0,-5.3e-05,0.0,0.0,-0.00073,-0.000766,-0.001935,-0.00152,0.0,-0.00019,-0.002311,-0.000527,-0.001269,0.0,-0.000341,-0.000391,-7e-06,0.0,-0.000317,-0.000262,0.0,-8.2e-05,0.0,-0.001001,0.0,-0.000864,0.0,-0.000958,-0.001829,-6e-05,-1.8e-05,-0.001769,0.0,0.0,0.0,-9.9e-05,-0.000725,-0.000539,0.0,-0.000209,-0.00079,-0.002359,-0.00246,0.0,-0.001803,0.0,-0.001906,-0.000701,0.0,-0.000593,-0.002555,-0.000755,-0.0013,-0.001797,-0.002566,-0.000494,-0.00047,-0.000317,0.0,-0.000473,-0.001027,-0.001427,-0.000955
2017-05-30 08:01:00+02:00,0.0,0.0,-0.000142,-0.001611,-0.000291,0.0,-0.000688,-0.000865,-0.001147,-3.5e-05,0.0,0.0,-0.000564,-0.000367,-0.000113,-0.0022,-6e-06,0.0,0.0,-0.002146,0.0,-0.002105,-0.001267,0.0,-0.001761,-0.002534,-0.000886,0.0,-0.000534,-0.0,0.0,-0.000566,0.0,-0.000268,-0.000244,0.0,-0.000227,-0.001175,0.0,-0.002109,-0.000493,0.0,-0.000902,0.0,-0.000234,-0.000895,-0.000917,-0.001231,-0.000601,0.0,0.0,-0.000599,-0.000485,-0.000399,0.0,0.0,-4.3e-05,0.0,0.0,-0.000732,-0.00078,-0.001947,-0.00153,0.0,-0.000172,-0.002327,-0.00053,-0.001285,0.0,-0.000344,-0.000393,-6e-06,0.0,-0.000323,-0.000264,0.0,-6.6e-05,0.0,-0.001009,0.0,-0.000877,0.0,-0.000959,-0.001841,-4.8e-05,-1.4e-05,-0.001785,0.0,0.0,0.0,-9.6e-05,-0.000738,-0.000548,0.0,-0.000211,-0.000785,-0.002372,-0.002475,0.0,-0.001814,0.0,-0.001919,-0.000703,0.0,-0.000604,-0.002569,-0.000767,-0.001303,-0.001809,-0.002582,-0.000504,-0.000471,-0.000314,0.0,-0.000469,-0.001026,-0.001434,-0.000968
2017-05-30 08:02:00+02:00,0.0,0.0,-0.000114,-0.001587,-0.000268,0.0,-0.000671,-0.000851,-0.001137,-2.8e-05,0.0,0.0,-0.000566,-0.000368,-0.000112,-0.00217,-5e-06,0.0,0.0,-0.002119,0.0,-0.002079,-0.001245,0.0,-0.001743,-0.0025,-0.00087,0.0,-0.000521,-0.0,0.0,-0.000565,0.0,-0.000269,-0.000245,0.0,-0.000203,-0.001152,0.0,-0.002083,-0.000487,0.0,-0.000873,0.0,-0.00021,-0.000869,-0.000899,-0.001216,-0.000589,0.0,0.0,-0.000597,-0.000485,-0.0004,0.0,0.0,-3.4e-05,0.0,0.0,-0.000707,-0.000775,-0.001923,-0.001505,0.0,-0.000142,-0.002295,-0.000513,-0.001271,0.0,-0.000333,-0.000384,-5e-06,0.0,-0.000324,-0.000265,0.0,-5.3e-05,0.0,-0.000985,0.0,-0.000871,0.0,-0.000935,-0.001819,-3.8e-05,-1.1e-05,-0.001767,0.0,0.0,0.0,-8.6e-05,-0.000736,-0.000549,0.0,-0.000211,-0.00076,-0.00234,-0.002441,0.0,-0.001791,0.0,-0.001892,-0.000686,0.0,-0.000595,-0.00254,-0.000766,-0.00128,-0.001782,-0.002548,-0.000498,-0.000458,-0.0003,0.0,-0.000443,-0.000997,-0.001409,-0.000964
2017-05-30 08:03:00+02:00,0.0,0.0,-9.1e-05,-0.001511,-0.000218,0.0,-0.000625,-0.000808,-0.001091,-2.2e-05,0.0,0.0,-0.000552,-0.00036,-0.000105,-0.002077,-4e-06,0.0,0.0,-0.002027,0.0,-0.00199,-0.00118,0.0,-0.00167,-0.0024,-0.000822,0.0,-0.000482,-0.0,0.0,-0.000545,0.0,-0.000261,-0.000239,0.0,-0.000162,-0.001088,0.0,-0.001995,-0.000463,0.0,-0.000801,0.0,-0.000168,-0.0008,-0.000845,-0.00116,-0.00055,0.0,0.0,-0.000576,-0.000471,-0.000392,0.0,0.0,-2.7e-05,0.0,0.0,-0.000646,-0.000744,-0.001839,-0.001428,0.0,-0.000114,-0.002199,-0.000468,-0.001214,0.0,-0.000304,-0.000356,-4e-06,0.0,-0.000315,-0.000259,0.0,-4.2e-05,0.0,-0.000921,0.0,-0.000839,0.0,-0.000867,-0.001741,-3.1e-05,-9e-06,-0.001698,0.0,0.0,0.0,-6.8e-05,-0.000712,-0.000536,0.0,-0.000205,-0.000695,-0.002245,-0.002342,0.0,-0.00171,0.0,-0.001806,-0.000636,0.0,-0.000564,-0.002442,-0.000744,-0.001209,-0.001697,-0.002446,-0.000474,-0.000419,-0.000266,0.0,-0.000385,-0.000921,-0.001331,-0.000932
2017-05-30 08:04:00+02:00,0.0,0.0,-7.3e-05,-0.001443,-0.000174,0.0,-0.000579,-0.000765,-0.001053,-1.8e-05,0.0,0.0,-0.000541,-0.000353,-9.9e-05,-0.001996,-3e-06,0.0,0.0,-0.001942,0.0,-0.001907,-0.001115,0.0,-0.001607,-0.002313,-0.000775,0.0,-0.000445,-0.0,0.0,-0.000528,0.0,-0.000254,-0.000233,0.0,-0.00013,-0.001024,0.0,-0.001922,-0.000439,0.0,-0.000731,0.0,-0.000135,-0.000735,-0.000797,-0.00111,-0.000515,0.0,0.0,-0.000556,-0.000458,-0.000385,0.0,0.0,-2.2e-05,0.0,0.0,-0.000583,-0.000716,-0.001769,-0.001359,0.0,-9.1e-05,-0.002116,-0.000423,-0.001163,0.0,-0.000274,-0.000329,-3e-06,0.0,-0.000306,-0.000253,0.0,-3.4e-05,0.0,-0.000857,0.0,-0.000812,0.0,-0.000804,-0.001675,-2.4e-05,-7e-06,-0.001646,0.0,0.0,0.0,-5.5e-05,-0.000693,-0.000525,0.0,-0.000198,-0.000634,-0.002164,-0.002257,0.0,-0.00164,0.0,-0.00173,-0.000589,0.0,-0.000534,-0.002364,-0.000727,-0.001146,-0.001622,-0.002358,-0.00045,-0.000383,-0.000232,0.0,-0.000325,-0.000847,-0.00126,-0.000907
2017-05-30 08:05:00+02:00,0.0,0.0,-6.6e-05,-0.001465,-0.000184,0.0,-0.000595,-0.000784,-0.001076,-1.4e-05,0.0,0.0,-0.000558,-0.000364,-0.000103,-0.002021,-2e-06,0.0,0.0,-0.001972,0.0,-0.001937,-0.001138,0.0,-0.001637,-0.002339,-0.000794,0.0,-0.000459,-0.0,0.0,-0.000544,0.0,-0.000263,-0.000238,0.0,-0.000137,-0.001043,0.0,-0.001952,-0.000453,0.0,-0.000751,0.0,-0.00014,-0.000753,-0.000814,-0.001134,-0.000532,0.0,0.0,-0.000572,-0.000471,-0.000397,0.0,0.0,-1.7e-05,0.0,0.0,-0.000599,-0.000735,-0.001799,-0.001381,0.0,-8.9e-05,-0.002141,-0.000437,-0.001188,0.0,-0.000285,-0.000341,-2e-06,0.0,-0.000316,-0.000259,0.0,-2.7e-05,0.0,-0.000875,0.0,-0.000831,0.0,-0.000822,-0.001705,-2e-05,-6e-06,-0.001678,0.0,0.0,0.0,-5.7e-05,-0.00071,-0.000541,0.0,-0.000202,-0.000654,-0.002187,-0.00228,0.0,-0.001668,0.0,-0.001754,-0.000606,0.0,-0.000549,-0.0024,-0.000748,-0.001169,-0.001645,-0.002383,-0.000464,-0.000395,-0.000243,0.0,-0.000339,-0.000868,-0.001281,-0.000931
2017-05-30 08:06:00+02:00,0.0,0.0,-0.000125,-0.001565,-0.000238,0.0,-0.000653,-0.000843,-0.001153,-3.6e-05,0.0,0.0,-0.000598,-0.00039,-0.000114,-0.002135,-2e-06,0.0,0.0,-0.002101,0.0,-0.002066,-0.001217,0.0,-0.001744,-0.00246,-0.000858,0.0,-0.000513,-0.0,0.0,-0.000588,0.0,-0.000284,-0.000254,0.0,-0.000194,-0.00112,0.0,-0.002071,-0.000493,0.0,-0.000847,0.0,-0.00019,-0.000835,-0.000887,-0.001226,-0.000591,0.0,0.0,-0.000622,-0.000505,-0.000425,0.0,0.0,-5.2e-05,0.0,0.0,-0.000669,-0.000798,-0.001914,-0.001479,0.0,-0.000148,-0.002259,-0.000491,-0.001281,0.0,-0.000324,-0.000387,-8e-06,0.0,-0.000342,-0.000275,0.0,-6.5e-05,0.0,-0.00095,0.0,-0.000889,0.0,-0.000905,-0.001816,-4.8e-05,-1.8e-05,-0.001783,0.0,0.0,0.0,-8.1e-05,-0.000759,-0.00058,0.0,-0.000216,-0.000738,-0.0023,-0.002395,0.0,-0.001778,0.0,-0.001863,-0.000679,0.0,-0.000596,-0.002533,-0.000801,-0.001262,-0.001748,-0.002505,-0.000504,-0.000447,-0.000292,0.0,-0.000402,-0.000969,-0.001377,-0.000997
2017-05-30 08:07:00+02:00,0.0,0.0,-0.000208,-0.001698,-0.000313,0.0,-0.000734,-0.000926,-0.001258,-7.1e-05,0.0,0.0,-0.000652,-0.000426,-0.00013,-0.002291,-3.1e-05,0.0,0.0,-0.002274,0.0,-0.002239,-0.001328,0.0,-0.001891,-0.002626,-0.000946,0.0,-0.000585,-6e-06,0.0,-0.000648,0.0,-0.000314,-0.000275,0.0,-0.000274,-0.001227,0.0,-0.002233,-0.000547,0.0,-0.000973,0.0,-0.00026,-0.000946,-0.000985,-0.001346,-0.00067,0.0,0.0,-0.000687,-0.000551,-0.000462,0.0,0.0,-0.000112,0.0,0.0,-0.000765,-0.000879,-0.002071,-0.001611,0.0,-0.000231,-0.002418,-0.000566,-0.001404,0.0,-0.000377,-0.000449,-2.2e-05,0.0,-0.000377,-0.000297,0.0,-0.000125,0.0,-0.001053,0.0,-0.000966,0.0,-0.001017,-0.001966,-9.8e-05,-6.2e-05,-0.001926,0.0,0.0,0.0,-0.000114,-0.000823,-0.000633,0.0,-0.000235,-0.00085,-0.002454,-0.002554,0.0,-0.001929,0.0,-0.002009,-0.000775,0.0,-0.00066,-0.002716,-0.000873,-0.00139,-0.001889,-0.002671,-0.000558,-0.000516,-0.000357,0.0,-0.00049,-0.001102,-0.001507,-0.001084
2017-05-30 08:08:00+02:00,0.0,0.0,-0.000263,-0.001788,-0.000358,0.0,-0.000786,-0.000981,-0.001332,-9e-05,0.0,0.0,-0.000695,-0.000455,-0.000142,-0.002396,-4.3e-05,0.0,0.0,-0.002398,0.0,-0.002363,-0.001402,0.0,-0.001997,-0.002739,-0.001005,0.0,-0.000631,-5e-06,0.0,-0.000692,0.0,-0.000338,-0.000294,0.0,-0.000324,-0.001297,0.0,-0.002349,-0.000584,0.0,-0.00106,0.0,-0.000302,-0.001017,-0.001048,-0.001432,-0.000724,0.0,0.0,-0.000736,-0.000586,-0.000493,0.0,0.0,-0.000148,0.0,0.0,-0.000826,-0.000939,-0.002182,-0.001699,0.0,-0.000285,-0.002526,-0.000614,-0.001491,0.0,-0.000411,-0.000492,-2.8e-05,0.0,-0.000405,-0.000317,0.0,-0.000158,0.0,-0.00112,0.0,-0.001021,0.0,-0.00109,-0.002074,-0.000123,-8.4e-05,-0.002028,0.0,0.0,0.0,-0.000134,-0.000871,-0.000676,0.0,-0.00025,-0.000925,-0.00256,-0.002661,0.0,-0.002035,0.0,-0.002108,-0.000842,0.0,-0.000704,-0.002849,-0.000928,-0.001478,-0.001982,-0.002784,-0.000595,-0.00056,-0.000402,0.0,-0.000544,-0.001194,-0.001593,-0.00115
2017-05-30 08:09:00+02:00,0.0,0.0,-0.000275,-0.001815,-0.000362,0.0,-0.000797,-0.000995,-0.001362,-8.7e-05,0.0,0.0,-0.000719,-0.000472,-0.000147,-0.002429,-3.5e-05,0.0,0.0,-0.002448,0.0,-0.002413,-0.001419,0.0,-0.002037,-0.002776,-0.001018,0.0,-0.000643,-4e-06,0.0,-0.000713,0.0,-0.00035,-0.000304,0.0,-0.000331,-0.001311,0.0,-0.00239,-0.000596,0.0,-0.001093,0.0,-0.000303,-0.001033,-0.001066,-0.001469,-0.000741,0.0,0.0,-0.000761,-0.000603,-0.000511,0.0,0.0,-0.000149,0.0,0.0,-0.000835,-0.000968,-0.002222,-0.001724,0.0,-0.000299,-0.002561,-0.000622,-0.001529,0.0,-0.000418,-0.000511,-2.2e-05,0.0,-0.000421,-0.000328,0.0,-0.000152,0.0,-0.001133,0.0,-0.001043,0.0,-0.001107,-0.002113,-0.000113,-7.2e-05,-0.00207,0.0,0.0,0.0,-0.000135,-0.000893,-0.000698,0.0,-0.000258,-0.000945,-0.002595,-0.002695,0.0,-0.002071,0.0,-0.002138,-0.000869,0.0,-0.000716,-0.002901,-0.000956,-0.001505,-0.002009,-0.00282,-0.000607,-0.000571,-0.000419,0.0,-0.000549,-0.001228,-0.001616,-0.001181
2017-05-30 08:10:00+02:00,0.0,0.0,-0.000259,-0.001817,-0.000346,0.0,-0.000792,-0.000994,-0.001378,-7.2e-05,0.0,0.0,-0.000736,-0.000483,-0.000149,-0.002435,-2.8e-05,0.0,0.0,-0.002464,0.0,-0.00243,-0.001414,0.0,-0.002054,-0.002786,-0.001017,0.0,-0.000641,-3e-06,0.0,-0.000725,0.0,-0.000358,-0.000311,0.0,-0.000317,-0.001305,0.0,-0.002407,-0.000599,0.0,-0.001094,0.0,-0.000285,-0.001023,-0.001065,-0.001484,-0.000745,0.0,0.0,-0.000775,-0.000613,-0.000524,0.0,0.0,-0.000124,0.0,0.0,-0.000823,-0.000983,-0.002237,-0.001724,0.0,-0.000286,-0.002568,-0.000614,-0.001544,0.0,-0.000414,-0.000515,-1.8e-05,0.0,-0.00043,-0.000335,0.0,-0.000125,0.0,-0.001124,0.0,-0.001055,0.0,-0.001099,-0.00213,-9.1e-05,-5.7e-05,-0.002095,0.0,0.0,0.0,-0.000126,-0.000906,-0.000715,0.0,-0.000262,-0.000941,-0.002605,-0.002704,0.0,-0.002083,0.0,-0.002142,-0.000873,0.0,-0.000718,-0.002928,-0.000976,-0.00151,-0.002011,-0.00283,-0.00061,-0.000567,-0.000419,0.0,-0.000534,-0.00123,-0.001613,-0.001202
2017-05-30 08:11:00+02:00,0.0,0.0,-0.000286,-0.001875,-0.00037,0.0,-0.000825,-0.001032,-0.001431,-8e-05,0.0,0.0,-0.000771,-0.000508,-0.000158,-0.002503,-2.3e-05,0.0,0.0,-0.002543,0.0,-0.00251,-0.001463,0.0,-0.002126,-0.00286,-0.001056,0.0,-0.000669,-2e-06,0.0,-0.000759,0.0,-0.000376,-0.000325,0.0,-0.000342,-0.001349,0.0,-0.002484,-0.000626,0.0,-0.001146,0.0,-0.000307,-0.001063,-0.001105,-0.001542,-0.00078,0.0,0.0,-0.000812,-0.00064,-0.00055,0.0,0.0,-0.000142,0.0,0.0,-0.000858,-0.001027,-0.002311,-0.001779,0.0,-0.000315,-0.002639,-0.000643,-0.001604,0.0,-0.000436,-0.000544,-1.7e-05,0.0,-0.000452,-0.000351,0.0,-0.000138,0.0,-0.001165,0.0,-0.001096,0.0,-0.001141,-0.002202,-0.0001,-6.1e-05,-0.002169,0.0,0.0,0.0,-0.000137,-0.000943,-0.000749,0.0,-0.000274,-0.000984,-0.002677,-0.002775,0.0,-0.002151,0.0,-0.002204,-0.000915,0.0,-0.000748,-0.00302,-0.00102,-0.001564,-0.002069,-0.002905,-0.000637,-0.000594,-0.000447,0.0,-0.000563,-0.001285,-0.001664,-0.001253
2017-05-30 08:12:00+02:00,0.0,0.0,-0.000319,-0.001939,-0.000401,0.0,-0.000867,-0.001079,-0.001493,-9.1e-05,0.0,0.0,-0.000811,-0.000534,-0.000167,-0.00258,-2.7e-05,0.0,0.0,-0.002634,0.0,-0.002602,-0.001523,0.0,-0.002209,-0.002945,-0.001104,0.0,-0.000702,-2e-06,0.0,-0.000797,0.0,-0.000397,-0.000341,0.0,-0.000374,-0.001405,0.0,-0.002575,-0.000659,0.0,-0.001204,0.0,-0.000335,-0.001108,-0.00115,-0.001608,-0.000821,0.0,0.0,-0.000853,-0.00067,-0.000579,0.0,0.0,-0.000165,0.0,0.0,-0.000902,-0.001076,-0.002398,-0.001841,0.0,-0.000348,-0.002719,-0.000679,-0.001672,0.0,-0.000463,-0.000577,-1.9e-05,0.0,-0.000476,-0.000369,0.0,-0.000156,0.0,-0.001217,0.0,-0.001141,0.0,-0.001188,-0.002287,-0.000118,-7.4e-05,-0.002256,0.0,0.0,0.0,-0.000152,-0.000984,-0.000788,0.0,-0.000286,-0.001036,-0.002758,-0.002855,0.0,-0.002232,0.0,-0.002276,-0.000963,0.0,-0.000786,-0.003127,-0.00107,-0.001629,-0.002136,-0.002989,-0.00067,-0.000624,-0.000478,0.0,-0.0006,-0.001346,-0.001723,-0.001311
2017-05-30 08:13:00+02:00,0.0,0.0,-0.000341,-0.001993,-0.000428,0.0,-0.000903,-0.001121,-0.001551,-9.9e-05,0.0,0.0,-0.000848,-0.000559,-0.000176,-0.002644,-2.6e-05,0.0,0.0,-0.002706,0.0,-0.002674,-0.001575,0.0,-0.002285,-0.003015,-0.001147,0.0,-0.000729,-2e-06,0.0,-0.000833,0.0,-0.000416,-0.000356,0.0,-0.000402,-0.001453,0.0,-0.002656,-0.000688,0.0,-0.001247,0.0,-0.000359,-0.001145,-0.001188,-0.001662,-0.000859,0.0,0.0,-0.000887,-0.000696,-0.000606,0.0,0.0,-0.000179,0.0,0.0,-0.00094,-0.001117,-0.002476,-0.001892,0.0,-0.00037,-0.002785,-0.00071,-0.001728,0.0,-0.000486,-0.000602,-2e-05,0.0,-0.000497,-0.000384,0.0,-0.000169,0.0,-0.001261,0.0,-0.001181,0.0,-0.001227,-0.002364,-0.000132,-7.9e-05,-0.002336,0.0,0.0,0.0,-0.000164,-0.00102,-0.000824,0.0,-0.000297,-0.001081,-0.002827,-0.002923,0.0,-0.002304,0.0,-0.002335,-0.001,0.0,-0.000819,-0.003224,-0.001116,-0.001687,-0.002191,-0.00306,-0.000699,-0.00065,-0.000502,0.0,-0.000631,-0.001392,-0.001771,-0.001366
2017-05-30 08:14:00+02:00,0.0,0.0,-0.000359,-0.002031,-0.000442,0.0,-0.000928,-0.001152,-0.001595,-0.000101,0.0,0.0,-0.00088,-0.000581,-0.000183,-0.00269,-2.4e-05,0.0,0.0,-0.002769,0.0,-0.002738,-0.001611,0.0,-0.002343,-0.003067,-0.001178,0.0,-0.000748,-1e-06,0.0,-0.000862,0.0,-0.000433,-0.000369,0.0,-0.000417,-0.001486,0.0,-0.002718,-0.00071,0.0,-0.001286,0.0,-0.000372,-0.001167,-0.001215,-0.001711,-0.000886,0.0,0.0,-0.000919,-0.000718,-0.00063,0.0,0.0,-0.00019,0.0,0.0,-0.000963,-0.001155,-0.002535,-0.001927,0.0,-0.00039,-0.002833,-0.000731,-0.001779,0.0,-0.000502,-0.000626,-1.8e-05,0.0,-0.000516,-0.000398,0.0,-0.000172,0.0,-0.00129,0.0,-0.001213,0.0,-0.001251,-0.002422,-0.000136,-8.2e-05,-0.0024,0.0,0.0,0.0,-0.000171,-0.001049,-0.000855,0.0,-0.000306,-0.001111,-0.002877,-0.002972,0.0,-0.002358,0.0,-0.002377,-0.001034,0.0,-0.000844,-0.0033,-0.001156,-0.001728,-0.002229,-0.003112,-0.000722,-0.000666,-0.000523,0.0,-0.000649,-0.001433,-0.001803,-0.001411
2017-05-30 08:15:00+02:00,0.0,0.0,-0.00037,-0.002064,-0.000447,0.0,-0.000944,-0.001174,-0.001633,-0.000101,0.0,0.0,-0.000909,-0.000601,-0.000189,-0.00273,-1.9e-05,0.0,0.0,-0.00282,0.0,-0.00279,-0.001636,0.0,-0.002391,-0.003112,-0.001199,0.0,-0.000763,-1e-06,0.0,-0.000888,0.0,-0.000447,-0.000381,0.0,-0.000425,-0.001508,0.0,-0.002768,-0.000727,0.0,-0.001315,0.0,-0.000376,-0.001184,-0.001237,-0.001752,-0.000908,0.0,0.0,-0.000948,-0.000739,-0.000651,0.0,0.0,-0.000195,0.0,0.0,-0.000976,-0.001188,-0.002583,-0.001957,0.0,-0.000402,-0.002876,-0.000743,-0.001821,0.0,-0.000512,-0.000645,-1.5e-05,0.0,-0.000534,-0.000411,0.0,-0.000171,0.0,-0.001308,0.0,-0.001242,0.0,-0.00127,-0.002471,-0.000133,-8e-05,-0.002455,0.0,0.0,0.0,-0.000174,-0.001077,-0.000883,0.0,-0.000315,-0.001133,-0.002923,-0.003016,0.0,-0.002401,0.0,-0.002413,-0.001061,0.0,-0.000862,-0.003364,-0.001191,-0.001761,-0.002261,-0.003157,-0.000739,-0.00068,-0.000539,0.0,-0.000657,-0.001464,-0.00183,-0.001451
2017-05-30 08:16:00+02:00,0.0,0.0,-0.000373,-0.002089,-0.000445,0.0,-0.000952,-0.001187,-0.001665,-9.8e-05,0.0,0.0,-0.000936,-0.00062,-0.000194,-0.002762,-1.5e-05,0.0,0.0,-0.00286,0.0,-0.002831,-0.001648,0.0,-0.00243,-0.003148,-0.001211,0.0,-0.000773,-1e-06,0.0,-0.00091,0.0,-0.000461,-0.000392,0.0,-0.000428,-0.001518,0.0,-0.002807,-0.000738,0.0,-0.001335,0.0,-0.000372,-0.001195,-0.001253,-0.001784,-0.000925,0.0,0.0,-0.000972,-0.000758,-0.000672,0.0,0.0,-0.000194,0.0,0.0,-0.00098,-0.001215,-0.00262,-0.001978,0.0,-0.000406,-0.002909,-0.000748,-0.001854,0.0,-0.000517,-0.00066,-1.2e-05,0.0,-0.00055,-0.000424,0.0,-0.000166,0.0,-0.001315,0.0,-0.001267,0.0,-0.001282,-0.002509,-0.000124,-7.3e-05,-0.002499,0.0,0.0,0.0,-0.000173,-0.001101,-0.000909,0.0,-0.000323,-0.001146,-0.00296,-0.00305,0.0,-0.002434,0.0,-0.00244,-0.001081,0.0,-0.000874,-0.003415,-0.001223,-0.001784,-0.002285,-0.003193,-0.00075,-0.000689,-0.00055,0.0,-0.000656,-0.001485,-0.001849,-0.001485
2017-05-30 08:17:00+02:00,0.0,0.0,-0.000374,-0.002108,-0.000442,0.0,-0.000958,-0.001197,-0.001693,-9.5e-05,0.0,0.0,-0.000961,-0.000638,-0.000199,-0.002786,-1.2e-05,0.0,0.0,-0.002893,0.0,-0.002865,-0.001658,0.0,-0.002464,-0.003177,-0.00122,0.0,-0.000782,-1e-06,0.0,-0.000931,0.0,-0.000474,-0.000403,0.0,-0.000429,-0.001526,0.0,-0.00284,-0.000748,0.0,-0.001351,0.0,-0.000368,-0.001201,-0.001266,-0.001813,-0.000938,0.0,0.0,-0.000995,-0.000775,-0.000692,0.0,0.0,-0.000192,0.0,0.0,-0.000981,-0.00124,-0.002651,-0.001995,0.0,-0.00041,-0.002935,-0.000751,-0.001884,0.0,-0.000521,-0.000673,-9e-06,0.0,-0.000566,-0.000436,0.0,-0.00016,0.0,-0.00132,0.0,-0.001289,0.0,-0.001291,-0.002541,-0.000114,-6.5e-05,-0.002538,0.0,0.0,0.0,-0.000171,-0.001124,-0.000934,0.0,-0.000331,-0.001156,-0.002991,-0.003078,0.0,-0.002461,0.0,-0.002461,-0.001098,0.0,-0.000884,-0.003458,-0.001252,-0.001803,-0.002303,-0.003221,-0.000761,-0.000696,-0.00056,0.0,-0.000653,-0.001503,-0.001863,-0.001517
2017-05-30 08:18:00+02:00,0.0,0.0,-0.000368,-0.002115,-0.000427,0.0,-0.000951,-0.001194,-0.001707,-8.7e-05,0.0,0.0,-0.00098,-0.000652,-0.000202,-0.002796,-1e-05,0.0,0.0,-0.002916,0.0,-0.002889,-0.001648,0.0,-0.002478,-0.00319,-0.001216,0.0,-0.000782,-1e-06,0.0,-0.000944,0.0,-0.000483,-0.000412,0.0,-0.000413,-0.001516,0.0,-0.002851,-0.000749,0.0,-0.001358,0.0,-0.000351,-0.001197,-0.001269,-0.001834,-0.00094,0.0,0.0,-0.001014,-0.000789,-0.000707,0.0,0.0,-0.000182,0.0,0.0,-0.000967,-0.001261,-0.00266,-0.001999,0.0,-0.000405,-0.002946,-0.000742,-0.001906,0.0,-0.000516,-0.000682,-8e-06,0.0,-0.00058,-0.000446,0.0,-0.000145,0.0,-0.001308,0.0,-0.001305,0.0,-0.001288,-0.002553,-9.4e-05,-5.2e-05,-0.002558,0.0,0.0,0.0,-0.000164,-0.00114,-0.000952,0.0,-0.000337,-0.001148,-0.003007,-0.003091,0.0,-0.002468,0.0,-0.002469,-0.001107,0.0,-0.000884,-0.003477,-0.001273,-0.001804,-0.002308,-0.003234,-0.000761,-0.000695,-0.000565,0.0,-0.000637,-0.001511,-0.001864,-0.001537
2017-05-30 08:19:00+02:00,0.0,0.0,-0.00036,-0.002116,-0.000407,0.0,-0.000938,-0.001182,-0.001715,-7.6e-05,0.0,0.0,-0.000999,-0.000666,-0.000204,-0.002798,-8e-06,0.0,0.0,-0.002936,0.0,-0.00291,-0.00163,0.0,-0.002486,-0.003194,-0.001204,0.0,-0.000779,-0.0,0.0,-0.000955,0.0,-0.000492,-0.000422,0.0,-0.000393,-0.0015,0.0,-0.002856,-0.000747,0.0,-0.001363,0.0,-0.000331,-0.001187,-0.001266,-0.001851,-0.000936,0.0,0.0,-0.001032,-0.000801,-0.000723,0.0,0.0,-0.000172,0.0,0.0,-0.000948,-0.001279,-0.002664,-0.001997,0.0,-0.000399,-0.002949,-0.000729,-0.001924,0.0,-0.000508,-0.00069,-6e-06,0.0,-0.000595,-0.000457,0.0,-0.000127,0.0,-0.001289,0.0,-0.001316,0.0,-0.00128,-0.00256,-7.5e-05,-4.2e-05,-0.002572,0.0,0.0,0.0,-0.000154,-0.001154,-0.000969,0.0,-0.000345,-0.001133,-0.003015,-0.003096,0.0,-0.002468,0.0,-0.002469,-0.001114,0.0,-0.000879,-0.003492,-0.001292,-0.001798,-0.002306,-0.003238,-0.000758,-0.000691,-0.000568,0.0,-0.000616,-0.001516,-0.001859,-0.001555
2017-05-30 08:20:00+02:00,0.0,0.0,-0.000372,-0.002143,-0.000416,0.0,-0.000953,-0.0012,-0.001747,-7.9e-05,0.0,0.0,-0.00103,-0.00069,-0.000212,-0.002829,-6e-06,0.0,0.0,-0.002976,0.0,-0.002952,-0.001649,0.0,-0.002528,-0.003228,-0.001221,0.0,-0.000792,-0.0,0.0,-0.00098,0.0,-0.000508,-0.000437,0.0,-0.000403,-0.001519,0.0,-0.002901,-0.000763,0.0,-0.001388,0.0,-0.000339,-0.001201,-0.001284,-0.001885,-0.000956,0.0,0.0,-0.001059,-0.000822,-0.000749,0.0,0.0,-0.00018,0.0,0.0,-0.000961,-0.001309,-0.002706,-0.002021,0.0,-0.000412,-0.002981,-0.000741,-0.001958,0.0,-0.000518,-0.000707,-5e-06,0.0,-0.000615,-0.000473,0.0,-0.000131,0.0,-0.001305,0.0,-0.001342,0.0,-0.001296,-0.002603,-7.7e-05,-4.5e-05,-0.002619,0.0,0.0,0.0,-0.000159,-0.00118,-0.000999,0.0,-0.000356,-0.001153,-0.003053,-0.003131,0.0,-0.002504,0.0,-0.002497,-0.001137,0.0,-0.000895,-0.003547,-0.001327,-0.001828,-0.002331,-0.003272,-0.000773,-0.000703,-0.000583,0.0,-0.000626,-0.001542,-0.001881,-0.001593
2017-05-30 08:21:00+02:00,0.0,0.0,-0.000396,-0.002187,-0.000454,0.0,-0.000997,-0.001252,-0.001799,-9.1e-05,0.0,0.0,-0.001071,-0.000721,-0.000225,-0.002877,-1.5e-05,0.0,0.0,-0.003034,0.0,-0.003011,-0.001717,0.0,-0.002598,-0.003281,-0.001273,0.0,-0.000816,-0.0,0.0,-0.001017,0.0,-0.000533,-0.000459,0.0,-0.000438,-0.00158,0.0,-0.002973,-0.0008,0.0,-0.001427,0.0,-0.000376,-0.001232,-0.001314,-0.00193,-0.000994,0.0,0.0,-0.001093,-0.000849,-0.000782,0.0,0.0,-0.000201,0.0,0.0,-0.001009,-0.001347,-0.002777,-0.002062,0.0,-0.000437,-0.003031,-0.00078,-0.002004,0.0,-0.000549,-0.000732,-8e-06,0.0,-0.00064,-0.000496,0.0,-0.000149,0.0,-0.001361,0.0,-0.001376,0.0,-0.001329,-0.002674,-0.000107,-6.3e-05,-0.002688,0.0,0.0,0.0,-0.000179,-0.001213,-0.00104,0.0,-0.00037,-0.0012,-0.003108,-0.003183,0.0,-0.002569,0.0,-0.002542,-0.00117,0.0,-0.000937,-0.003632,-0.001375,-0.001884,-0.002373,-0.003324,-0.000812,-0.000725,-0.000606,0.0,-0.000669,-0.001583,-0.001919,-0.001645
2017-05-30 08:22:00+02:00,0.0,0.0,-0.000426,-0.002231,-0.000494,0.0,-0.001043,-0.001306,-0.001847,-0.000103,0.0,0.0,-0.001111,-0.000751,-0.000238,-0.002926,-3e-05,0.0,0.0,-0.003096,0.0,-0.003073,-0.001786,0.0,-0.002663,-0.003334,-0.001325,0.0,-0.00084,-0.0,0.0,-0.001053,0.0,-0.000556,-0.00048,0.0,-0.00047,-0.001642,0.0,-0.003039,-0.000838,0.0,-0.00147,0.0,-0.000414,-0.001264,-0.001345,-0.001977,-0.001029,0.0,0.0,-0.001129,-0.000876,-0.000814,0.0,0.0,-0.000227,0.0,0.0,-0.001058,-0.001387,-0.002841,-0.002103,0.0,-0.000467,-0.003081,-0.00082,-0.002053,0.0,-0.000581,-0.00076,-1.3e-05,0.0,-0.000666,-0.000519,0.0,-0.000169,0.0,-0.001418,0.0,-0.001411,0.0,-0.001362,-0.00274,-0.00014,-8.7e-05,-0.002751,0.0,0.0,0.0,-0.0002,-0.001247,-0.001078,0.0,-0.000386,-0.001243,-0.003163,-0.003236,0.0,-0.002629,0.0,-0.002589,-0.001206,0.0,-0.000979,-0.00371,-0.00142,-0.001936,-0.002416,-0.003377,-0.000851,-0.000748,-0.000631,0.0,-0.000713,-0.001627,-0.001958,-0.001695
2017-05-30 08:23:00+02:00,0.0,0.0,-0.000485,-0.002286,-0.000534,0.0,-0.001083,-0.001351,-0.0019,-0.000123,0.0,0.0,-0.001154,-0.000785,-0.000253,-0.002985,-7.5e-05,0.0,0.0,-0.003185,0.0,-0.003164,-0.001843,0.0,-0.002737,-0.003396,-0.001368,0.0,-0.000872,-1.7e-05,0.0,-0.001092,0.0,-0.000583,-0.000504,0.0,-0.000511,-0.001694,0.0,-0.003114,-0.000871,0.0,-0.001542,0.0,-0.000452,-0.001308,-0.001385,-0.002044,-0.001069,0.0,0.0,-0.001177,-0.000908,-0.00085,0.0,0.0,-0.000282,0.0,0.0,-0.001104,-0.001441,-0.002914,-0.002156,0.0,-0.000526,-0.003142,-0.000857,-0.002121,0.0,-0.00061,-0.000802,-2.3e-05,0.0,-0.0007,-0.000545,0.0,-0.000201,0.0,-0.001467,0.0,-0.001451,0.0,-0.001408,-0.002814,-0.000173,-0.000141,-0.00282,0.0,0.0,0.0,-0.00022,-0.001285,-0.001121,0.0,-0.000404,-0.001295,-0.003228,-0.003299,0.0,-0.002697,0.0,-0.002645,-0.001262,0.0,-0.001015,-0.003796,-0.00147,-0.001996,-0.00247,-0.003439,-0.000885,-0.000779,-0.000674,0.0,-0.000755,-0.001701,-0.002008,-0.001749
2017-05-30 08:24:00+02:00,0.0,0.0,-0.000526,-0.002328,-0.000561,0.0,-0.001113,-0.001384,-0.001939,-0.000135,0.0,0.0,-0.001191,-0.000813,-0.000265,-0.00303,-0.000105,0.0,0.0,-0.003253,0.0,-0.003233,-0.001885,0.0,-0.00279,-0.003445,-0.001401,0.0,-0.000895,-2.7e-05,0.0,-0.001123,0.0,-0.000605,-0.000525,0.0,-0.000534,-0.001734,0.0,-0.003168,-0.000897,0.0,-0.001595,0.0,-0.000479,-0.001338,-0.001413,-0.002096,-0.001096,0.0,0.0,-0.001216,-0.000935,-0.000882,0.0,0.0,-0.000319,0.0,0.0,-0.001137,-0.001485,-0.002966,-0.002194,0.0,-0.000567,-0.003188,-0.000884,-0.002174,0.0,-0.000632,-0.000834,-2.9e-05,0.0,-0.000729,-0.000567,0.0,-0.00022,0.0,-0.001503,0.0,-0.001484,0.0,-0.001439,-0.002867,-0.000195,-0.000178,-0.002872,0.0,0.0,0.0,-0.000235,-0.001318,-0.001157,0.0,-0.000421,-0.001327,-0.00328,-0.003348,0.0,-0.002744,0.0,-0.002688,-0.001304,0.0,-0.001043,-0.003861,-0.001511,-0.002037,-0.002509,-0.003487,-0.000912,-0.0008,-0.000705,0.0,-0.000785,-0.001755,-0.002045,-0.001792
2017-05-30 08:25:00+02:00,0.0,0.0,-0.000554,-0.002359,-0.000587,0.0,-0.001143,-0.00142,-0.001975,-0.000142,0.0,0.0,-0.001225,-0.00084,-0.000275,-0.003064,-0.000124,0.0,0.0,-0.003303,0.0,-0.003285,-0.001931,0.0,-0.002838,-0.003481,-0.001436,0.0,-0.000912,-3.1e-05,0.0,-0.001151,0.0,-0.000625,-0.000544,0.0,-0.000555,-0.001776,0.0,-0.003214,-0.000925,0.0,-0.001633,0.0,-0.000503,-0.001358,-0.001434,-0.002136,-0.001121,0.0,0.0,-0.001249,-0.000959,-0.00091,0.0,0.0,-0.000344,0.0,0.0,-0.001169,-0.00152,-0.003012,-0.002222,0.0,-0.000595,-0.003223,-0.000911,-0.002215,0.0,-0.000654,-0.000859,-3.1e-05,0.0,-0.000754,-0.000587,0.0,-0.000231,0.0,-0.00154,0.0,-0.001511,0.0,-0.001461,-0.002915,-0.000215,-0.000201,-0.002919,0.0,0.0,0.0,-0.000249,-0.001345,-0.001189,0.0,-0.000434,-0.001355,-0.003321,-0.003385,0.0,-0.002785,0.0,-0.002719,-0.001336,0.0,-0.001073,-0.003917,-0.001548,-0.002073,-0.002539,-0.003523,-0.00094,-0.000816,-0.000729,0.0,-0.000813,-0.001794,-0.00207,-0.001831
2017-05-30 08:26:00+02:00,0.0,0.0,-0.000566,-0.002375,-0.000588,0.0,-0.001149,-0.001431,-0.001995,-0.000142,0.0,0.0,-0.001251,-0.00086,-0.000282,-0.003081,-0.000128,0.0,0.0,-0.003336,0.0,-0.003319,-0.001941,0.0,-0.002862,-0.003501,-0.001445,0.0,-0.000919,-2.8e-05,0.0,-0.00117,0.0,-0.00064,-0.000558,0.0,-0.000554,-0.001785,0.0,-0.003235,-0.000936,0.0,-0.001654,0.0,-0.000503,-0.001364,-0.001444,-0.002164,-0.00113,0.0,0.0,-0.001274,-0.000977,-0.000933,0.0,0.0,-0.000354,0.0,0.0,-0.001173,-0.001547,-0.003032,-0.002235,0.0,-0.000608,-0.003241,-0.000916,-0.002244,0.0,-0.000659,-0.000875,-2.8e-05,0.0,-0.000774,-0.000603,0.0,-0.000229,0.0,-0.001547,0.0,-0.001531,0.0,-0.001468,-0.002938,-0.000212,-0.000209,-0.002946,0.0,0.0,0.0,-0.00025,-0.001367,-0.001214,0.0,-0.000446,-0.00136,-0.003346,-0.003407,0.0,-0.002802,0.0,-0.002735,-0.001355,0.0,-0.001083,-0.003946,-0.001575,-0.002086,-0.002553,-0.003542,-0.000951,-0.000822,-0.000743,0.0,-0.000814,-0.001816,-0.002081,-0.001858
2017-05-30 08:27:00+02:00,0.0,0.0,-0.000581,-0.002397,-0.000582,0.0,-0.001147,-0.001432,-0.002018,-0.000144,0.0,0.0,-0.00128,-0.000884,-0.00029,-0.003106,-0.000135,0.0,0.0,-0.003373,0.0,-0.003357,-0.00194,0.0,-0.002892,-0.003528,-0.001443,0.0,-0.000929,-2.8e-05,0.0,-0.001191,0.0,-0.000657,-0.000576,0.0,-0.000558,-0.001782,0.0,-0.003262,-0.00094,0.0,-0.001679,0.0,-0.000497,-0.001374,-0.001457,-0.002193,-0.001142,0.0,0.0,-0.001302,-0.000998,-0.000958,0.0,0.0,-0.000367,0.0,0.0,-0.001168,-0.001575,-0.003058,-0.002255,0.0,-0.000624,-0.003267,-0.000913,-0.002275,0.0,-0.000659,-0.000894,-2.7e-05,0.0,-0.000798,-0.000623,0.0,-0.000232,0.0,-0.001543,0.0,-0.001554,0.0,-0.00148,-0.002967,-0.000203,-0.00022,-0.002976,0.0,0.0,0.0,-0.000247,-0.001391,-0.001242,0.0,-0.000459,-0.00137,-0.003379,-0.003437,0.0,-0.002825,0.0,-0.002757,-0.001376,0.0,-0.001085,-0.003982,-0.001605,-0.002105,-0.002573,-0.003569,-0.000956,-0.000831,-0.000758,0.0,-0.000807,-0.001841,-0.002097,-0.001888
2017-05-30 08:28:00+02:00,0.0,0.0,-0.000588,-0.002407,-0.000579,0.0,-0.001148,-0.001438,-0.002032,-0.000141,0.0,0.0,-0.001303,-0.000904,-0.000298,-0.003116,-0.000136,0.0,0.0,-0.003393,0.0,-0.003379,-0.001946,0.0,-0.002912,-0.00354,-0.001446,0.0,-0.000932,-2.5e-05,0.0,-0.001207,0.0,-0.000671,-0.000592,0.0,-0.000558,-0.001786,0.0,-0.003277,-0.000946,0.0,-0.001692,0.0,-0.000494,-0.001375,-0.001461,-0.002211,-0.001149,0.0,0.0,-0.001322,-0.001015,-0.000981,0.0,0.0,-0.000372,0.0,0.0,-0.001167,-0.001596,-0.003072,-0.002262,0.0,-0.000632,-0.003278,-0.000913,-0.002293,0.0,-0.000661,-0.000905,-2.4e-05,0.0,-0.000817,-0.00064,0.0,-0.000228,0.0,-0.001544,0.0,-0.001569,0.0,-0.001483,-0.002985,-0.000197,-0.000223,-0.002993,0.0,0.0,0.0,-0.000246,-0.001409,-0.001265,0.0,-0.000471,-0.001373,-0.003397,-0.003452,0.0,-0.002837,0.0,-0.002766,-0.001388,0.0,-0.001091,-0.004002,-0.001628,-0.002114,-0.002581,-0.003581,-0.000964,-0.000833,-0.000767,0.0,-0.000804,-0.001854,-0.002102,-0.001909
2017-05-30 08:29:00+02:00,0.0,0.0,-0.000587,-0.002409,-0.000573,0.0,-0.001146,-0.00144,-0.002042,-0.000137,0.0,0.0,-0.001323,-0.000922,-0.000304,-0.003117,-0.000131,0.0,0.0,-0.003399,0.0,-0.003386,-0.001946,0.0,-0.002924,-0.003542,-0.001445,0.0,-0.000931,-2e-05,0.0,-0.001221,0.0,-0.000683,-0.000605,0.0,-0.000554,-0.001784,0.0,-0.003283,-0.00095,0.0,-0.001695,0.0,-0.000487,-0.00137,-0.001459,-0.002219,-0.001152,0.0,0.0,-0.001337,-0.001028,-0.000999,0.0,0.0,-0.00037,0.0,0.0,-0.001161,-0.001609,-0.003078,-0.002261,0.0,-0.000632,-0.003279,-0.00091,-0.002302,0.0,-0.000661,-0.000912,-1.9e-05,0.0,-0.000832,-0.000654,0.0,-0.000221,0.0,-0.00154,0.0,-0.001579,0.0,-0.001479,-0.002994,-0.000188,-0.000219,-0.003004,0.0,0.0,0.0,-0.000243,-0.001422,-0.001284,0.0,-0.000481,-0.001371,-0.003406,-0.003458,0.0,-0.002841,0.0,-0.002766,-0.001392,0.0,-0.001093,-0.004012,-0.001647,-0.002118,-0.002581,-0.003582,-0.000969,-0.000832,-0.000771,0.0,-0.000797,-0.001856,-0.002099,-0.001926
2017-05-30 08:30:00+02:00,0.0,0.0,-0.000587,-0.002418,-0.000565,0.0,-0.001142,-0.001441,-0.00206,-0.000135,0.0,0.0,-0.001345,-0.00094,-0.00031,-0.003124,-0.000128,0.0,0.0,-0.003411,0.0,-0.003399,-0.001943,0.0,-0.002944,-0.003551,-0.001442,0.0,-0.000935,-1.6e-05,0.0,-0.001237,0.0,-0.000696,-0.000618,0.0,-0.000556,-0.001779,0.0,-0.003297,-0.000953,0.0,-0.001701,0.0,-0.000478,-0.00137,-0.001465,-0.002234,-0.001161,0.0,0.0,-0.001354,-0.001043,-0.001019,0.0,0.0,-0.00037,0.0,0.0,-0.001153,-0.001626,-0.003092,-0.002267,0.0,-0.000634,-0.003287,-0.000905,-0.002317,0.0,-0.000659,-0.000921,-1.6e-05,0.0,-0.000847,-0.000668,0.0,-0.000217,0.0,-0.001533,0.0,-0.001594,0.0,-0.001481,-0.003012,-0.000177,-0.000217,-0.003026,0.0,0.0,0.0,-0.000239,-0.001439,-0.001305,0.0,-0.00049,-0.001375,-0.003422,-0.003471,0.0,-0.002854,0.0,-0.002773,-0.001401,0.0,-0.001094,-0.004032,-0.001671,-0.002129,-0.002587,-0.003592,-0.000973,-0.000835,-0.000777,0.0,-0.000787,-0.001862,-0.002102,-0.001949
2017-05-30 08:31:00+02:00,0.0,0.0,-0.000587,-0.00243,-0.00056,0.0,-0.001142,-0.001445,-0.002082,-0.000136,0.0,0.0,-0.00137,-0.00096,-0.000318,-0.003136,-0.000125,0.0,0.0,-0.003423,0.0,-0.003412,-0.001944,0.0,-0.002971,-0.003564,-0.001442,0.0,-0.000942,-1.3e-05,0.0,-0.001257,0.0,-0.000712,-0.000633,0.0,-0.000563,-0.001778,0.0,-0.003319,-0.000957,0.0,-0.001707,0.0,-0.000472,-0.001375,-0.001473,-0.002248,-0.001174,0.0,0.0,-0.001371,-0.001059,-0.001041,0.0,0.0,-0.000369,0.0,0.0,-0.001149,-0.001643,-0.003113,-0.002277,0.0,-0.000634,-0.003299,-0.000904,-0.002332,0.0,-0.00066,-0.000929,-1.6e-05,0.0,-0.000863,-0.000685,0.0,-0.000218,0.0,-0.00153,0.0,-0.001611,0.0,-0.001487,-0.003036,-0.000169,-0.000214,-0.003052,0.0,0.0,0.0,-0.000238,-0.001458,-0.001329,0.0,-0.0005,-0.001386,-0.003442,-0.003488,0.0,-0.002873,0.0,-0.002784,-0.001409,0.0,-0.001097,-0.004059,-0.001697,-0.002147,-0.002597,-0.003605,-0.000979,-0.000841,-0.000782,0.0,-0.000782,-0.001867,-0.002109,-0.001975
2017-05-30 08:32:00+02:00,0.0,0.0,-0.000593,-0.002445,-0.000566,0.0,-0.001152,-0.001459,-0.002104,-0.000139,0.0,0.0,-0.001396,-0.000981,-0.000326,-0.00315,-0.000128,0.0,0.0,-0.003441,0.0,-0.003431,-0.001959,0.0,-0.002998,-0.00358,-0.001454,0.0,-0.00095,-1.2e-05,0.0,-0.001278,0.0,-0.000728,-0.000648,0.0,-0.000572,-0.001791,0.0,-0.003342,-0.00097,0.0,-0.001719,0.0,-0.000477,-0.001382,-0.001483,-0.002267,-0.001188,0.0,0.0,-0.001391,-0.001077,-0.001064,0.0,0.0,-0.000375,0.0,0.0,-0.001157,-0.001663,-0.003136,-0.002289,0.0,-0.000642,-0.003314,-0.000912,-0.002351,0.0,-0.000668,-0.000942,-1.6e-05,0.0,-0.000881,-0.000702,0.0,-0.000221,0.0,-0.001541,0.0,-0.001629,0.0,-0.001496,-0.003061,-0.000172,-0.000218,-0.003079,0.0,0.0,0.0,-0.000241,-0.001477,-0.001355,0.0,-0.000511,-0.001399,-0.003465,-0.003507,0.0,-0.002894,0.0,-0.002798,-0.001421,0.0,-0.00111,-0.004087,-0.001724,-0.002166,-0.002611,-0.00362,-0.000993,-0.000849,-0.000792,0.0,-0.000788,-0.001879,-0.00212,-0.002002
2017-05-30 08:33:00+02:00,0.0,0.0,-0.000607,-0.002462,-0.00058,0.0,-0.001167,-0.001476,-0.002116,-0.000145,0.0,0.0,-0.001413,-0.000998,-0.000334,-0.003166,-0.000138,0.0,0.0,-0.00346,0.0,-0.00345,-0.001981,0.0,-0.003013,-0.003596,-0.001471,0.0,-0.00096,-1.7e-05,0.0,-0.001292,0.0,-0.000741,-0.000663,0.0,-0.000578,-0.001813,0.0,-0.003347,-0.000986,0.0,-0.001736,0.0,-0.000492,-0.001394,-0.001494,-0.002283,-0.001195,0.0,0.0,-0.001411,-0.001095,-0.001082,0.0,0.0,-0.000387,0.0,0.0,-0.001174,-0.001682,-0.003143,-0.002304,0.0,-0.000656,-0.00333,-0.000926,-0.002368,0.0,-0.00068,-0.000955,-2e-05,0.0,-0.0009,-0.000717,0.0,-0.000231,0.0,-0.00156,0.0,-0.001646,0.0,-0.001509,-0.003072,-0.000184,-0.00023,-0.003084,0.0,0.0,0.0,-0.00025,-0.001497,-0.001371,0.0,-0.000525,-0.001405,-0.003487,-0.003527,0.0,-0.002902,0.0,-0.002813,-0.001435,0.0,-0.001126,-0.004089,-0.001739,-0.002175,-0.002626,-0.003636,-0.001009,-0.000858,-0.000803,0.0,-0.000802,-0.001895,-0.002133,-0.002015
2017-05-30 08:34:00+02:00,0.0,0.0,-0.000601,-0.002459,-0.000574,0.0,-0.001162,-0.001475,-0.002113,-0.00014,0.0,0.0,-0.001422,-0.001009,-0.000338,-0.00316,-0.000131,0.0,0.0,-0.003456,0.0,-0.003447,-0.001978,0.0,-0.003008,-0.00359,-0.001468,0.0,-0.000957,-1.4e-05,0.0,-0.001297,0.0,-0.00075,-0.000673,0.0,-0.000567,-0.00181,0.0,-0.003332,-0.000989,0.0,-0.001732,0.0,-0.000485,-0.001385,-0.001489,-0.002284,-0.001189,0.0,0.0,-0.001421,-0.001105,-0.001093,0.0,0.0,-0.000382,0.0,0.0,-0.001167,-0.00169,-0.003128,-0.002299,0.0,-0.000651,-0.003324,-0.000921,-0.002369,0.0,-0.000679,-0.000958,-1.6e-05,0.0,-0.000913,-0.000728,0.0,-0.000223,0.0,-0.001555,0.0,-0.001653,0.0,-0.001502,-0.003061,-0.000176,-0.000223,-0.003071,0.0,0.0,0.0,-0.000247,-0.001507,-0.00138,0.0,-0.000534,-0.001391,-0.003489,-0.003526,0.0,-0.00289,0.0,-0.002807,-0.001433,0.0,-0.001127,-0.004068,-0.001744,-0.002164,-0.002621,-0.003631,-0.001013,-0.000855,-0.000803,0.0,-0.000795,-0.001889,-0.002125,-0.002017
2017-05-30 08:35:00+02:00,0.0,0.0,-0.000605,-0.002481,-0.000577,0.0,-0.001168,-0.001485,-0.002133,-0.000144,0.0,0.0,-0.001451,-0.001035,-0.000349,-0.003182,-0.000131,0.0,0.0,-0.003475,0.0,-0.003467,-0.001991,0.0,-0.003039,-0.003616,-0.001476,0.0,-0.000967,-1.2e-05,0.0,-0.001319,0.0,-0.00077,-0.000694,0.0,-0.000577,-0.001822,0.0,-0.003358,-0.001,0.0,-0.001743,0.0,-0.000487,-0.001397,-0.0015,-0.002298,-0.001202,0.0,0.0,-0.001441,-0.001128,-0.001121,0.0,0.0,-0.000384,0.0,0.0,-0.001172,-0.001709,-0.003154,-0.002318,0.0,-0.000656,-0.003347,-0.000925,-0.002384,0.0,-0.000684,-0.000968,-1.8e-05,0.0,-0.000934,-0.000751,0.0,-0.000229,0.0,-0.001564,0.0,-0.001674,0.0,-0.001515,-0.003091,-0.000176,-0.000223,-0.003093,0.0,0.0,0.0,-0.000249,-0.001531,-0.001408,0.0,-0.00055,-0.001406,-0.003522,-0.003556,0.0,-0.002914,0.0,-0.002828,-0.001442,0.0,-0.001137,-0.004098,-0.001772,-0.002186,-0.002641,-0.003657,-0.001024,-0.000864,-0.00081,0.0,-0.000798,-0.0019,-0.002141,-0.002043
2017-05-30 08:36:00+02:00,0.0,0.0,-0.00061,-0.002518,-0.000586,0.0,-0.00118,-0.001501,-0.002171,-0.000153,0.0,0.0,-0.001492,-0.00107,-0.000365,-0.003222,-0.000132,0.0,0.0,-0.003506,0.0,-0.003499,-0.002014,0.0,-0.003094,-0.00366,-0.001491,0.0,-0.000984,-1.1e-05,0.0,-0.001353,0.0,-0.000797,-0.000723,0.0,-0.000599,-0.001844,0.0,-0.003411,-0.001016,0.0,-0.001758,0.0,-0.000496,-0.00142,-0.001521,-0.002319,-0.001228,0.0,0.0,-0.001467,-0.001157,-0.001158,0.0,0.0,-0.000389,0.0,0.0,-0.001186,-0.001733,-0.003205,-0.002351,0.0,-0.000663,-0.003389,-0.000935,-0.002406,0.0,-0.000694,-0.000982,-2.3e-05,0.0,-0.00096,-0.000781,0.0,-0.000243,0.0,-0.001582,0.0,-0.001705,0.0,-0.001541,-0.003144,-0.000182,-0.000225,-0.003137,0.0,0.0,0.0,-0.000254,-0.001563,-0.001448,0.0,-0.000572,-0.001436,-0.003573,-0.003604,0.0,-0.002962,0.0,-0.002866,-0.001454,0.0,-0.001153,-0.004158,-0.001814,-0.002229,-0.002678,-0.003701,-0.001041,-0.00088,-0.000819,0.0,-0.000808,-0.001915,-0.002171,-0.002085
2017-05-30 08:37:00+02:00,0.0,0.0,-0.000618,-0.002559,-0.000603,0.0,-0.0012,-0.001526,-0.002214,-0.000158,0.0,0.0,-0.001539,-0.001111,-0.000383,-0.003269,-0.000134,0.0,0.0,-0.003553,0.0,-0.003546,-0.00205,0.0,-0.003159,-0.003712,-0.001515,0.0,-0.001001,-1e-05,0.0,-0.001391,0.0,-0.000828,-0.000756,0.0,-0.00062,-0.001879,0.0,-0.003475,-0.001039,0.0,-0.001782,0.0,-0.000511,-0.001443,-0.001542,-0.002349,-0.001255,0.0,0.0,-0.001499,-0.001189,-0.001203,0.0,0.0,-0.000394,0.0,0.0,-0.001209,-0.001766,-0.003266,-0.002388,0.0,-0.000672,-0.003438,-0.000952,-0.002437,0.0,-0.00071,-0.000999,-2.6e-05,0.0,-0.000991,-0.000817,0.0,-0.00025,0.0,-0.001611,0.0,-0.001739,0.0,-0.001567,-0.003209,-0.000193,-0.000228,-0.003191,0.0,0.0,0.0,-0.000263,-0.001599,-0.001494,0.0,-0.000596,-0.001469,-0.003632,-0.003661,0.0,-0.003019,0.0,-0.002908,-0.001472,0.0,-0.001176,-0.004233,-0.001863,-0.002277,-0.00272,-0.003754,-0.001064,-0.000896,-0.00083,0.0,-0.000827,-0.001939,-0.002204,-0.002135
2017-05-30 08:38:00+02:00,0.0,0.0,-0.0006,-0.002592,-0.000621,0.0,-0.001228,-0.001562,-0.002265,-0.000143,0.0,0.0,-0.001597,-0.00116,-0.000403,-0.003312,-0.000112,0.0,0.0,-0.003594,0.0,-0.003586,-0.002101,0.0,-0.003236,-0.003762,-0.00155,0.0,-0.001006,-8e-06,0.0,-0.001434,0.0,-0.000864,-0.000795,0.0,-0.000635,-0.00193,0.0,-0.003555,-0.001072,0.0,-0.001787,0.0,-0.000527,-0.001449,-0.001553,-0.002373,-0.001284,0.0,0.0,-0.001529,-0.001222,-0.001256,0.0,0.0,-0.000375,0.0,0.0,-0.001239,-0.001795,-0.00334,-0.002415,0.0,-0.000657,-0.003484,-0.000974,-0.002462,0.0,-0.00073,-0.001008,-2.1e-05,0.0,-0.001022,-0.000859,0.0,-0.000227,0.0,-0.001652,0.0,-0.001771,0.0,-0.001576,-0.003286,-0.0002,-0.000206,-0.003258,0.0,0.0,0.0,-0.000272,-0.001636,-0.00155,0.0,-0.000619,-0.001501,-0.003692,-0.003717,0.0,-0.003086,0.0,-0.002944,-0.001478,0.0,-0.00121,-0.004329,-0.001923,-0.002332,-0.002753,-0.003807,-0.001097,-0.000898,-0.000829,0.0,-0.000848,-0.001947,-0.002225,-0.002196
2017-05-30 08:39:00+02:00,0.0,0.0,-0.000622,-0.002672,-0.000675,0.0,-0.001289,-0.001633,-0.002348,-0.000151,0.0,0.0,-0.001678,-0.001228,-0.000433,-0.003407,-0.000125,0.0,0.0,-0.0037,0.0,-0.003692,-0.0022,0.0,-0.003361,-0.003869,-0.001621,0.0,-0.001039,-1.1e-05,0.0,-0.001501,0.0,-0.000916,-0.000848,0.0,-0.000682,-0.002027,0.0,-0.003685,-0.00113,0.0,-0.001843,0.0,-0.000578,-0.001495,-0.001596,-0.00244,-0.00134,0.0,0.0,-0.001589,-0.001275,-0.001328,0.0,0.0,-0.000394,0.0,0.0,-0.00131,-0.001858,-0.003464,-0.002489,0.0,-0.000682,-0.003583,-0.001027,-0.002532,0.0,-0.000774,-0.001044,-2.5e-05,0.0,-0.001075,-0.000917,0.0,-0.000239,0.0,-0.001738,0.0,-0.001832,0.0,-0.001627,-0.003412,-0.000241,-0.000221,-0.003366,0.0,0.0,0.0,-0.000301,-0.001698,-0.001629,0.0,-0.000656,-0.001572,-0.003807,-0.00383,0.0,-0.003201,0.0,-0.00303,-0.001521,0.0,-0.001272,-0.004483,-0.00201,-0.002429,-0.002837,-0.003916,-0.001155,-0.000928,-0.000857,0.0,-0.000908,-0.002005,-0.002292,-0.002287
2017-05-30 08:40:00+02:00,0.0,0.0,-0.000648,-0.002766,-0.000728,0.0,-0.001353,-0.001708,-0.002439,-0.00016,0.0,0.0,-0.001767,-0.001301,-0.000465,-0.003519,-0.000139,0.0,0.0,-0.003823,0.0,-0.003814,-0.002305,0.0,-0.003497,-0.003994,-0.001696,0.0,-0.001078,-1.4e-05,0.0,-0.001574,0.0,-0.000972,-0.000906,0.0,-0.000728,-0.002128,0.0,-0.003829,-0.001191,0.0,-0.001906,0.0,-0.000627,-0.001549,-0.001649,-0.002518,-0.0014,0.0,0.0,-0.001657,-0.001336,-0.001407,0.0,0.0,-0.000415,0.0,0.0,-0.001383,-0.00193,-0.003599,-0.002574,0.0,-0.00071,-0.0037,-0.001082,-0.002614,0.0,-0.000821,-0.001085,-2.9e-05,0.0,-0.001133,-0.000979,0.0,-0.000253,0.0,-0.001827,0.0,-0.001903,0.0,-0.001686,-0.00355,-0.000279,-0.000237,-0.003489,0.0,0.0,0.0,-0.000329,-0.00177,-0.001715,0.0,-0.000696,-0.001645,-0.003941,-0.003961,0.0,-0.003326,0.0,-0.003131,-0.001571,0.0,-0.001337,-0.004653,-0.002107,-0.002534,-0.002934,-0.004043,-0.001216,-0.000963,-0.000888,0.0,-0.000968,-0.002072,-0.00237,-0.002388
2017-05-30 08:41:00+02:00,0.0,0.0,-0.000708,-0.002894,-0.0008,0.0,-0.001432,-0.001799,-0.002551,-0.000188,0.0,0.0,-0.00187,-0.001386,-0.000504,-0.003667,-0.000182,0.0,0.0,-0.003989,0.0,-0.00398,-0.002431,0.0,-0.003663,-0.004157,-0.001788,0.0,-0.001137,-3.6e-05,0.0,-0.001661,0.0,-0.001038,-0.000972,0.0,-0.000796,-0.002252,0.0,-0.004002,-0.001265,0.0,-0.002008,0.0,-0.000696,-0.001635,-0.001726,-0.002628,-0.001477,0.0,0.0,-0.001746,-0.001412,-0.001498,0.0,0.0,-0.000469,0.0,0.0,-0.001476,-0.002027,-0.003764,-0.002694,0.0,-0.000773,-0.003854,-0.001152,-0.002727,0.0,-0.000879,-0.001148,-4.7e-05,0.0,-0.001207,-0.00105,0.0,-0.000298,0.0,-0.001937,0.0,-0.001994,0.0,-0.001777,-0.003718,-0.000334,-0.000284,-0.003635,0.0,0.0,0.0,-0.000367,-0.00186,-0.001816,0.0,-0.000747,-0.001742,-0.004113,-0.00413,0.0,-0.003481,0.0,-0.003268,-0.001649,0.0,-0.001416,-0.004856,-0.002219,-0.002666,-0.003066,-0.004208,-0.00129,-0.00102,-0.000943,0.0,-0.001047,-0.002178,-0.002481,-0.002507
2017-05-30 08:42:00+02:00,0.0,0.0,-0.000756,-0.00299,-0.000845,0.0,-0.00148,-0.001855,-0.002625,-0.00021,0.0,0.0,-0.00195,-0.001456,-0.000536,-0.003778,-0.000216,0.0,0.0,-0.004116,0.0,-0.004108,-0.002517,0.0,-0.003783,-0.004279,-0.001844,0.0,-0.001179,-5.3e-05,0.0,-0.001725,0.0,-0.001091,-0.001029,0.0,-0.00084,-0.002335,0.0,-0.004128,-0.001314,0.0,-0.002087,0.0,-0.000738,-0.001698,-0.001778,-0.002705,-0.001527,0.0,0.0,-0.001815,-0.001472,-0.001573,0.0,0.0,-0.00051,0.0,0.0,-0.001536,-0.002098,-0.003883,-0.002784,0.0,-0.000823,-0.003969,-0.001194,-0.002806,0.0,-0.000915,-0.001195,-6e-05,0.0,-0.001269,-0.001112,0.0,-0.000334,0.0,-0.00201,0.0,-0.002061,0.0,-0.001845,-0.00384,-0.000367,-0.00032,-0.003731,0.0,0.0,0.0,-0.000391,-0.001928,-0.001894,0.0,-0.000792,-0.001809,-0.004241,-0.004256,0.0,-0.003591,0.0,-0.00337,-0.001704,0.0,-0.001467,-0.005005,-0.002302,-0.002759,-0.003164,-0.004332,-0.001339,-0.001059,-0.000984,0.0,-0.001097,-0.00226,-0.002564,-0.002592
2017-05-30 08:43:00+02:00,0.0,0.0,-0.000739,-0.00303,-0.000825,0.0,-0.001478,-0.001866,-0.002662,-0.000192,0.0,0.0,-0.002013,-0.001511,-0.000554,-0.003833,-0.000183,0.0,0.0,-0.004185,0.0,-0.004176,-0.00254,0.0,-0.003848,-0.004347,-0.00185,0.0,-0.001179,-4.2e-05,0.0,-0.001764,0.0,-0.001128,-0.001076,0.0,-0.000821,-0.002356,0.0,-0.004198,-0.001329,0.0,-0.002104,0.0,-0.000715,-0.0017,-0.001784,-0.002737,-0.001536,0.0,0.0,-0.001858,-0.001513,-0.001634,0.0,0.0,-0.000487,0.0,0.0,-0.001531,-0.002139,-0.003946,-0.002816,0.0,-0.000809,-0.004029,-0.001185,-0.002842,0.0,-0.000912,-0.001209,-4.8e-05,0.0,-0.001316,-0.001163,0.0,-0.000305,0.0,-0.00202,0.0,-0.002099,0.0,-0.001852,-0.003906,-0.000334,-0.00029,-0.003784,0.0,0.0,0.0,-0.000378,-0.001973,-0.001954,0.0,-0.000824,-0.001814,-0.004319,-0.004331,0.0,-0.003645,0.0,-0.003415,-0.001715,0.0,-0.00148,-0.005099,-0.002363,-0.002795,-0.003207,-0.004403,-0.001355,-0.001056,-0.000987,0.0,-0.001082,-0.00228,-0.002588,-0.002649
2017-05-30 08:44:00+02:00,0.0,0.0,-0.0008,-0.003144,-0.000878,0.0,-0.001523,-0.001917,-0.002737,-0.000218,0.0,0.0,-0.00211,-0.001601,-0.000601,-0.003966,-0.000228,0.0,-0.0,-0.004331,0.0,-0.004321,-0.002637,0.0,-0.003993,-0.004492,-0.001901,0.0,-0.001223,-6.3e-05,0.0,-0.001837,0.0,-0.001198,-0.001156,0.0,-0.000881,-0.00245,0.0,-0.004353,-0.001378,0.0,-0.002198,0.0,-0.000765,-0.001778,-0.001836,-0.002807,-0.001591,0.0,0.0,-0.001931,-0.001584,-0.001731,0.0,0.0,-0.00054,0.0,0.0,-0.001601,-0.002212,-0.004092,-0.002924,0.0,-0.000872,-0.004167,-0.001225,-0.002915,0.0,-0.000949,-0.00126,-6.5e-05,0.0,-0.001392,-0.00125,0.0,-0.00035,0.0,-0.002104,0.0,-0.002168,0.0,-0.001935,-0.004054,-0.000374,-0.000338,-0.003877,0.0,0.0,0.0,-0.000404,-0.002048,-0.002048,0.0,-0.000886,-0.001901,-0.004467,-0.004479,0.0,-0.003782,0.0,-0.003538,-0.00177,0.0,-0.001529,-0.005281,-0.002458,-0.00291,-0.003325,-0.00455,-0.001404,-0.001098,-0.001032,0.0,-0.001141,-0.002377,-0.002689,-0.00274
2017-05-30 08:45:00+02:00,0.0,0.0,-0.000711,-0.002945,-0.000781,0.0,-0.00138,-0.001751,-0.002531,-0.000175,0.0,0.0,-0.001972,-0.00155,-0.000584,-0.003727,-0.000182,0.0,-0.0,-0.004073,0.0,-0.004064,-0.002455,0.0,-0.003758,-0.004229,-0.001732,0.0,-0.001112,-5e-05,0.0,-0.001725,0.0,-0.001154,-0.001141,0.0,-0.000789,-0.002275,0.0,-0.004104,-0.00127,0.0,-0.002042,0.0,-0.000674,-0.00164,-0.001675,-0.002584,-0.001459,0.0,0.0,-0.001812,-0.001503,-0.001678,0.0,0.0,-0.000463,0.0,0.0,-0.001467,-0.002059,-0.003855,-0.002734,0.0,-0.00078,-0.003919,-0.001103,-0.002684,0.0,-0.000859,-0.001162,-5.2e-05,0.0,-0.001342,-0.001235,0.0,-0.000281,0.0,-0.001946,0.0,-0.002019,0.0,-0.00179,-0.00382,-0.000301,-0.00027,-0.003059,0.0,0.0,0.0,-0.000352,-0.001924,-0.001953,0.0,-0.000868,-0.001762,-0.0042,-0.004216,0.0,-0.003557,0.0,-0.003319,-0.001618,0.0,-0.001402,-0.004666,-0.002171,-0.002726,-0.003117,-0.004284,-0.001295,-0.000995,-0.000939,0.0,-0.00103,-0.002211,-0.002509,-0.002369
2017-05-30 08:46:00+02:00,0.0,0.0,-0.000569,-0.002392,-0.000625,0.0,-0.001104,-0.001401,-0.002133,-0.00014,0.0,0.0,-0.001722,-0.001346,-0.000467,-0.003124,-0.000146,0.0,-0.0,-0.003434,0.0,-0.003423,-0.001964,0.0,-0.003173,-0.003598,-0.001385,0.0,-0.000889,-4e-05,0.0,-0.00145,0.0,-0.000966,-0.000983,0.0,-0.000631,-0.00182,0.0,-0.003498,-0.001016,0.0,-0.001633,0.0,-0.000539,-0.001312,-0.00134,-0.002141,-0.001167,0.0,0.0,-0.001516,-0.001263,-0.001468,0.0,0.0,-0.000371,0.0,0.0,-0.001174,-0.00172,-0.003261,-0.002189,0.0,-0.000624,-0.003305,-0.000882,-0.002236,0.0,-0.000687,-0.000929,-4.1e-05,0.0,-0.001134,-0.001073,0.0,-0.000225,0.0,-0.001557,0.0,-0.001693,0.0,-0.001432,-0.003234,-0.000241,-0.000216,-0.002665,0.0,0.0,0.0,-0.000282,-0.001632,-0.001697,0.0,-0.000713,-0.001409,-0.003579,-0.003594,0.0,-0.00298,0.0,-0.00274,-0.001294,0.0,-0.001122,-0.004072,-0.001893,-0.002201,-0.002554,-0.003652,-0.001036,-0.000796,-0.000751,0.0,-0.000824,-0.001769,-0.002007,-0.002058
2017-05-30 08:47:00+02:00,0.0,0.0,-0.000657,-0.002659,-0.000712,0.0,-0.001218,-0.001542,-0.002346,-0.000181,0.0,0.0,-0.001916,-0.001502,-0.000544,-0.003425,-0.000192,0.0,-0.0,-0.00373,0.0,-0.003717,-0.002163,0.0,-0.003491,-0.003922,-0.001523,0.0,-0.001005,-5.8e-05,0.0,-0.001616,0.0,-0.001092,-0.001106,0.0,-0.000747,-0.002012,0.0,-0.003832,-0.00113,0.0,-0.001816,0.0,-0.000619,-0.00148,-0.001497,-0.002336,-0.001316,0.0,0.0,-0.001672,-0.001411,-0.001632,0.0,0.0,-0.000443,0.0,0.0,-0.001305,-0.00189,-0.00358,-0.002443,0.0,-0.000718,-0.003615,-0.000978,-0.002437,0.0,-0.000768,-0.001041,-6.2e-05,0.0,-0.001261,-0.001204,0.0,-0.000291,0.0,-0.001723,0.0,-0.001874,0.0,-0.001613,-0.003556,-0.000294,-0.000273,-0.003021,0.0,0.0,0.0,-0.000326,-0.001806,-0.00188,0.0,-0.000814,-0.001596,-0.003919,-0.003928,0.0,-0.003281,0.0,-0.003022,-0.001435,0.0,-0.001242,-0.004502,-0.002123,-0.002466,-0.002829,-0.003981,-0.001151,-0.000902,-0.000844,0.0,-0.000927,-0.001962,-0.002242,-0.002309
2017-05-30 08:48:00+02:00,0.0,0.0,-0.000966,-0.003146,-0.001017,-0.000168,-0.001482,-0.001825,-0.002678,-0.00034,-4.1e-05,0.0,-0.002076,-0.001678,-0.000705,-0.00396,-0.000448,0.0,-0.000206,-0.004251,0.0,-0.004247,-0.002608,0.0,-0.004047,-0.004411,-0.001811,0.0,-0.001241,-0.000199,-7e-06,-0.001887,0.0,-0.001313,-0.001302,0.0,-0.001073,-0.002439,0.0,-0.004333,-0.00136,0.0,-0.002236,0.0,-0.000915,-0.001864,-0.001785,-0.002674,-0.001591,0.0,-7.1e-05,-0.001942,-0.001652,-0.001783,-4e-06,0.0,-0.000726,0.0,0.0,-0.001668,-0.002179,-0.004137,-0.002918,0.0,-0.00103,-0.004161,-0.001223,-0.002781,0.0,-0.000974,-0.001268,-0.000182,-1.7e-05,-0.001486,-0.00138,0.0,-0.000561,0.0,-0.002123,0.0,-0.002156,0.0,-0.002009,-0.004106,-0.00056,-0.000544,-0.003313,-9e-06,-7e-05,0.0,-0.000484,-0.002057,-0.002048,0.0,-0.001,-0.00201,-0.004386,-0.004395,0.0,-0.003828,-8.6e-05,-0.003532,-0.001715,0.0,-0.001489,-0.004874,-0.002311,-0.002958,-0.003325,-0.004452,-0.001383,-0.001129,-0.00106,0.0,-0.001254,-0.002396,-0.002698,-0.002527
2017-05-30 08:49:00+02:00,0.0,0.0,-0.000834,-0.002976,-0.000884,-0.000135,-0.001345,-0.00168,-0.00251,-0.000272,-3.3e-05,0.0,-0.002027,-0.001651,-0.000683,-0.003761,-0.000359,0.0,-0.000165,-0.004046,0.0,-0.004041,-0.002441,0.0,-0.003855,-0.00421,-0.00166,0.0,-0.00113,-0.000159,-6e-06,-0.001793,0.0,-0.001274,-0.001292,0.0,-0.000948,-0.002276,0.0,-0.004146,-0.001261,0.0,-0.00208,0.0,-0.000784,-0.001718,-0.001641,-0.002489,-0.001473,0.0,-5.7e-05,-0.00184,-0.001582,-0.001761,-3e-06,0.0,-0.0006,0.0,0.0,-0.00152,-0.002051,-0.003944,-0.002755,0.0,-0.000899,-0.003956,-0.001098,-0.002591,0.0,-0.000877,-0.001173,-0.000146,-1.4e-05,-0.001442,-0.001377,0.0,-0.000449,0.0,-0.001967,0.0,-0.002031,0.0,-0.001861,-0.003916,-0.000448,-0.000435,-0.003166,-7e-06,-5.6e-05,0.0,-0.000411,-0.001958,-0.001993,0.0,-0.000981,-0.00187,-0.004185,-0.004198,0.0,-0.003642,-6.9e-05,-0.003348,-0.001577,0.0,-0.001374,-0.004736,-0.00224,-0.0028,-0.003148,-0.004254,-0.001284,-0.001022,-0.000962,0.0,-0.001115,-0.002236,-0.002537,-0.00243
2017-05-30 08:50:00+02:00,0.0,0.0,-0.000668,-0.002489,-0.000707,-0.000108,-0.001076,-0.001363,-0.002125,-0.000218,-2.7e-05,0.0,-0.001776,-0.001449,-0.000555,-0.003198,-0.000287,0.0,-0.000132,-0.003451,0.0,-0.003444,-0.001985,0.0,-0.003291,-0.003612,-0.001337,0.0,-0.000904,-0.000127,-5e-06,-0.001527,0.0,-0.001092,-0.001134,0.0,-0.000758,-0.001837,0.0,-0.003561,-0.00102,0.0,-0.001664,0.0,-0.000627,-0.001374,-0.001328,-0.002086,-0.001197,0.0,-4.5e-05,-0.001562,-0.001352,-0.001555,-2e-06,0.0,-0.00048,0.0,0.0,-0.001216,-0.001734,-0.00337,-0.002286,0.0,-0.000719,-0.003375,-0.000878,-0.002177,0.0,-0.000702,-0.000942,-0.000117,-1.1e-05,-0.001241,-0.001217,0.0,-0.000359,0.0,-0.001574,0.0,-0.001722,0.0,-0.001489,-0.003348,-0.000359,-0.000348,-0.002407,-6e-06,-4.5e-05,0.0,-0.000329,-0.001676,-0.001741,0.0,-0.000836,-0.001496,-0.003594,-0.003607,0.0,-0.003096,-5.5e-05,-0.002824,-0.001274,0.0,-0.001109,-0.004085,-0.00195,-0.002335,-0.002645,-0.003655,-0.00104,-0.000818,-0.000769,0.0,-0.000892,-0.001802,-0.002085,-0.002051
2017-05-30 08:51:00+02:00,0.0,0.0,-0.000534,-0.001991,-0.000566,-8.6e-05,-0.000861,-0.001091,-0.001747,-0.000174,-2.1e-05,0.0,-0.001516,-0.001227,-0.000444,-0.002597,-0.000229,0.0,-0.000105,-0.002819,0.0,-0.00281,-0.001588,0.0,-0.002705,-0.002989,-0.00107,0.0,-0.000723,-0.000102,-4e-06,-0.001248,0.0,-0.000884,-0.000947,0.0,-0.000607,-0.00147,0.0,-0.002963,-0.000816,0.0,-0.001331,0.0,-0.000502,-0.001099,-0.001062,-0.001671,-0.000958,0.0,-3.6e-05,-0.001263,-0.001099,-0.001329,-2e-06,0.0,-0.000384,0.0,0.0,-0.000973,-0.001401,-0.002777,-0.001829,0.0,-0.000575,-0.002762,-0.000703,-0.001756,0.0,-0.000561,-0.000754,-9.3e-05,-9e-06,-0.001012,-0.001027,0.0,-0.000287,0.0,-0.001259,0.0,-0.0014,0.0,-0.001191,-0.002761,-0.000287,-0.000278,-0.002058,-5e-06,-3.6e-05,0.0,-0.000263,-0.00138,-0.001481,0.0,-0.000669,-0.001197,-0.00298,-0.002991,0.0,-0.002521,-4.4e-05,-0.002259,-0.001019,0.0,-0.000887,-0.003486,-0.001662,-0.001868,-0.002116,-0.003032,-0.000832,-0.000654,-0.000615,0.0,-0.000713,-0.001441,-0.001668,-0.001742
2017-05-30 08:52:00+02:00,0.0,0.0,-0.000634,-0.002291,-0.000642,-6.9e-05,-0.000975,-0.001228,-0.002003,-0.000217,-1.7e-05,0.0,-0.001735,-0.001402,-0.000536,-0.002938,-0.000276,0.0,-0.000104,-0.003166,0.0,-0.003156,-0.001781,0.0,-0.003081,-0.003359,-0.001209,0.0,-0.000855,-0.000119,-3e-06,-0.00144,0.0,-0.001027,-0.001082,0.0,-0.000753,-0.001658,0.0,-0.003363,-0.000926,0.0,-0.001548,0.0,-0.000569,-0.001293,-0.001244,-0.001904,-0.001142,0.0,-2.9e-05,-0.001438,-0.001258,-0.001515,-2e-06,0.0,-0.000463,0.0,0.0,-0.001101,-0.001594,-0.003158,-0.002113,0.0,-0.000682,-0.003111,-0.000797,-0.001995,0.0,-0.000639,-0.000883,-0.000115,-7e-06,-0.001149,-0.001171,0.0,-0.000357,0.0,-0.001423,0.0,-0.0016,0.0,-0.0014,-0.003143,-0.000323,-0.000337,-0.002478,-4e-06,-2.9e-05,0.0,-0.0003,-0.001571,-0.001692,0.0,-0.000775,-0.001434,-0.003361,-0.003369,0.0,-0.002884,-3.5e-05,-0.002581,-0.001184,0.0,-0.001006,-0.003976,-0.001912,-0.002187,-0.002427,-0.003407,-0.000942,-0.000776,-0.000723,0.0,-0.000807,-0.001669,-0.001934,-0.002023
2017-05-30 08:53:00+02:00,0.0,0.0,-0.00087,-0.002669,-0.000863,-0.000199,-0.001165,-0.001429,-0.002252,-0.000335,-5.3e-05,0.0,-0.00186,-0.001543,-0.000666,-0.00335,-0.000465,0.0,-0.000257,-0.003594,0.0,-0.003585,-0.002106,0.0,-0.003501,-0.003773,-0.001416,0.0,-0.001036,-0.000221,-7e-06,-0.001642,0.0,-0.001198,-0.001242,0.0,-0.001002,-0.001972,0.0,-0.003771,-0.001093,0.0,-0.001876,0.0,-0.000783,-0.001595,-0.001464,-0.002159,-0.00135,0.0,-8.5e-05,-0.00164,-0.001442,-0.001634,-4e-06,0.0,-0.000677,0.0,0.0,-0.001368,-0.001811,-0.003585,-0.002482,0.0,-0.00092,-0.003529,-0.000972,-0.002252,0.0,-0.000787,-0.001057,-0.000204,-2.6e-05,-0.001326,-0.001314,0.0,-0.000561,0.0,-0.001719,0.0,-0.001813,0.0,-0.001712,-0.003568,-0.000512,-0.00054,-0.002726,-9e-06,-8.6e-05,0.0,-0.000413,-0.001776,-0.001826,0.0,-0.000923,-0.001758,-0.003754,-0.003763,0.0,-0.003299,-0.000103,-0.002979,-0.001397,0.0,-0.001183,-0.004266,-0.002053,-0.002564,-0.002812,-0.003807,-0.00111,-0.000949,-0.000887,0.0,-0.001046,-0.002007,-0.002289,-0.002193
2017-05-30 08:54:00+02:00,0.0,0.0,-0.000696,-0.002443,-0.00069,-0.000159,-0.001006,-0.001269,-0.002075,-0.000268,-4.2e-05,0.0,-0.001765,-0.001463,-0.000604,-0.003101,-0.000372,0.0,-0.000206,-0.003334,0.0,-0.003325,-0.001882,0.0,-0.003247,-0.003515,-0.00125,0.0,-0.000899,-0.000177,-6e-06,-0.00152,0.0,-0.001115,-0.001173,0.0,-0.000801,-0.001753,0.0,-0.003515,-0.000971,0.0,-0.001665,0.0,-0.000627,-0.001386,-0.001304,-0.001979,-0.001208,0.0,-6.8e-05,-0.001517,-0.00134,-0.001557,-3e-06,0.0,-0.000542,0.0,0.0,-0.001155,-0.00167,-0.003327,-0.00226,0.0,-0.000736,-0.003273,-0.000818,-0.002067,0.0,-0.00066,-0.00094,-0.000163,-2.1e-05,-0.001239,-0.001249,0.0,-0.000449,0.0,-0.001504,0.0,-0.001673,0.0,-0.001503,-0.003312,-0.000409,-0.000432,-0.002579,-7e-06,-6.8e-05,0.0,-0.00033,-0.00165,-0.001728,0.0,-0.000859,-0.00155,-0.003499,-0.00351,0.0,-0.003052,-8.2e-05,-0.002744,-0.001244,0.0,-0.001048,-0.004042,-0.001941,-0.002343,-0.002582,-0.003551,-0.000987,-0.000814,-0.000762,0.0,-0.000837,-0.001793,-0.00207,-0.002066
2017-05-30 08:55:00+02:00,0.0,0.0,-0.000557,-0.002147,-0.000552,-0.000128,-0.000836,-0.001086,-0.001844,-0.000214,-3.4e-05,0.0,-0.001614,-0.00134,-0.000528,-0.002758,-0.000298,0.0,-0.000164,-0.002987,0.0,-0.002978,-0.001621,0.0,-0.00291,-0.003146,-0.001063,0.0,-0.000747,-0.000141,-5e-06,-0.001359,0.0,-0.001005,-0.001074,0.0,-0.000641,-0.001502,0.0,-0.003162,-0.000831,0.0,-0.001424,0.0,-0.000501,-0.001151,-0.001112,-0.001747,-0.001042,0.0,-5.4e-05,-0.001354,-0.001197,-0.001433,-2e-06,0.0,-0.000433,0.0,0.0,-0.000935,-0.001485,-0.002982,-0.001975,0.0,-0.000589,-0.002917,-0.000661,-0.001827,0.0,-0.000532,-0.000805,-0.000131,-1.7e-05,-0.00112,-0.00115,0.0,-0.000359,0.0,-0.001266,0.0,-0.001483,0.0,-0.001263,-0.00297,-0.000327,-0.000345,-0.002333,-6e-06,-5.5e-05,0.0,-0.000264,-0.001473,-0.001577,0.0,-0.000768,-0.001317,-0.003133,-0.003144,0.0,-0.002728,-6.6e-05,-0.002426,-0.001067,0.0,-0.000895,-0.003684,-0.001766,-0.002067,-0.002277,-0.003182,-0.000846,-0.000668,-0.00063,0.0,-0.000669,-0.001544,-0.001796,-0.001871
2017-05-30 08:56:00+02:00,0.0,0.0,-0.000445,-0.001774,-0.000442,-0.000102,-0.000669,-0.000869,-0.001559,-0.000171,-2.7e-05,0.0,-0.001404,-0.001164,-0.000423,-0.002327,-0.000238,0.0,-0.000132,-0.002532,0.0,-0.002523,-0.001297,0.0,-0.002473,-0.002681,-0.000851,0.0,-0.000598,-0.000113,-4e-06,-0.001151,0.0,-0.000852,-0.000929,0.0,-0.000513,-0.001202,0.0,-0.002704,-0.000665,0.0,-0.001139,0.0,-0.000401,-0.000921,-0.000889,-0.001459,-0.000837,0.0,-4.3e-05,-0.001142,-0.001013,-0.001252,-2e-06,0.0,-0.000347,0.0,0.0,-0.000748,-0.001249,-0.002536,-0.001616,0.0,-0.000471,-0.002471,-0.000529,-0.001531,0.0,-0.000425,-0.000644,-0.000105,-1.4e-05,-0.000953,-0.001001,0.0,-0.000287,0.0,-0.001013,0.0,-0.00125,0.0,-0.00101,-0.002527,-0.000262,-0.000276,-0.002008,-5e-06,-4.4e-05,0.0,-0.000211,-0.001251,-0.001369,0.0,-0.000642,-0.001054,-0.002673,-0.002683,0.0,-0.002307,-5.3e-05,-0.002027,-0.000853,0.0,-0.000716,-0.003196,-0.00153,-0.001708,-0.001893,-0.002716,-0.000677,-0.000534,-0.000504,0.0,-0.000536,-0.001235,-0.001452,-0.001614
2017-05-30 08:57:00+02:00,0.0,0.0,-0.000356,-0.001463,-0.000353,-8.2e-05,-0.000535,-0.000695,-0.001311,-0.000137,-2.2e-05,0.0,-0.001216,-0.001008,-0.000338,-0.001959,-0.000191,0.0,-0.000105,-0.002129,0.0,-0.00212,-0.001038,0.0,-0.002092,-0.002277,-0.000681,0.0,-0.000478,-9.1e-05,-3e-06,-0.000971,0.0,-0.000721,-0.000802,0.0,-0.00041,-0.000961,0.0,-0.0023,-0.000532,0.0,-0.000912,0.0,-0.000321,-0.000737,-0.000712,-0.001208,-0.00067,0.0,-3.5e-05,-0.000955,-0.000856,-0.00109,-2e-06,0.0,-0.000277,0.0,0.0,-0.000598,-0.001042,-0.002147,-0.001319,0.0,-0.000377,-0.002087,-0.000423,-0.001271,0.0,-0.00034,-0.000515,-8.4e-05,-1.1e-05,-0.000806,-0.00087,0.0,-0.00023,0.0,-0.00081,0.0,-0.00105,0.0,-0.000808,-0.00214,-0.00021,-0.000221,-0.001712,-4e-06,-3.5e-05,0.0,-0.000169,-0.001061,-0.001183,0.0,-0.000538,-0.000843,-0.002273,-0.002283,0.0,-0.001943,-4.2e-05,-0.001689,-0.000683,0.0,-0.000573,-0.002754,-0.001318,-0.001407,-0.00157,-0.00231,-0.000541,-0.000427,-0.000403,0.0,-0.000428,-0.000988,-0.001171,-0.001383
2017-05-30 08:58:00+02:00,0.0,0.0,-0.000285,-0.00117,-0.000283,-6.5e-05,-0.000428,-0.000556,-0.001083,-0.00011,-1.7e-05,0.0,-0.001038,-0.000856,-0.000271,-0.001609,-0.000153,0.0,-8.4e-05,-0.001743,0.0,-0.001733,-0.00083,0.0,-0.001734,-0.001898,-0.000544,0.0,-0.000383,-7.2e-05,-2e-06,-0.000801,0.0,-0.000592,-0.000675,0.0,-0.000328,-0.000769,0.0,-0.001923,-0.000426,0.0,-0.000729,0.0,-0.000257,-0.000589,-0.000569,-0.000972,-0.000536,0.0,-2.8e-05,-0.000776,-0.000704,-0.000933,-1e-06,0.0,-0.000222,0.0,0.0,-0.000478,-0.000845,-0.001782,-0.001055,0.0,-0.000302,-0.001725,-0.000338,-0.001029,0.0,-0.000272,-0.000412,-6.7e-05,-9e-06,-0.000659,-0.000739,0.0,-0.000184,0.0,-0.000648,0.0,-0.000862,0.0,-0.000647,-0.001778,-0.000168,-0.000177,-0.001447,-3e-06,-2.8e-05,0.0,-0.000135,-0.000881,-0.001007,0.0,-0.00043,-0.000674,-0.001898,-0.001906,0.0,-0.001598,-3.4e-05,-0.001365,-0.000546,0.0,-0.000458,-0.002344,-0.00112,-0.001125,-0.001259,-0.00193,-0.000433,-0.000342,-0.000323,0.0,-0.000343,-0.000791,-0.000937,-0.001171
2017-05-30 08:59:00+02:00,0.0,0.0,-0.000228,-0.001101,-0.000226,-5.2e-05,-0.000343,-0.000479,-0.001057,-8.8e-05,-1.4e-05,0.0,-0.001028,-0.000841,-0.000248,-0.001542,-0.000122,0.0,-6.7e-05,-0.001659,0.0,-0.001649,-0.000713,0.0,-0.00168,-0.001835,-0.00046,0.0,-0.000312,-5.8e-05,-2e-06,-0.000779,0.0,-0.000573,-0.000656,0.0,-0.000263,-0.00065,0.0,-0.001874,-0.000362,0.0,-0.000615,0.0,-0.000205,-0.000475,-0.000509,-0.000921,-0.000495,0.0,-2.2e-05,-0.000738,-0.000678,-0.00092,-1e-06,0.0,-0.000177,0.0,0.0,-0.000383,-0.000804,-0.001729,-0.000981,0.0,-0.000241,-0.001659,-0.000271,-0.000979,0.0,-0.000218,-0.000354,-5.4e-05,-7e-06,-0.000628,-0.000721,0.0,-0.000147,0.0,-0.000519,0.0,-0.000832,0.0,-0.00054,-0.001726,-0.000134,-0.000141,-0.001453,-2e-06,-2.2e-05,0.0,-0.000108,-0.000854,-0.000994,0.0,-0.000408,-0.000587,-0.00184,-0.001847,0.0,-0.001545,-2.7e-05,-0.001299,-0.000476,0.0,-0.000388,-0.002315,-0.001111,-0.00107,-0.001193,-0.001869,-0.00037,-0.000273,-0.000258,0.0,-0.000274,-0.000681,-0.000857,-0.001163
2017-05-30 09:00:00+02:00,-1e-05,0.0,-0.000709,-0.001926,-0.000707,-0.000341,-0.000832,-0.001011,-0.001722,-0.000347,-0.000141,-3e-05,-0.001425,-0.001195,-0.000503,-0.002449,-0.000509,-4e-06,-0.000385,-0.002601,0.0,-0.002589,-0.001448,-7.2e-05,-0.00264,-0.002794,-0.001001,0.0,-0.000758,-0.000282,-9.5e-05,-0.001273,0.0,-0.000935,-0.000972,-1.5e-05,-0.00082,-0.001368,0.0,-0.002823,-0.00078,-7.1e-05,-0.001311,0.0,-0.000667,-0.001124,-0.001064,-0.001576,-0.001022,0.0,-0.000172,-0.00122,-0.001097,-0.001259,-5.5e-05,0.0,-0.00062,-0.00011,0.0,-0.000974,-0.00134,-0.002694,-0.001778,0.0,-0.000737,-0.002585,-0.000716,-0.001647,0.0,-0.000586,-0.000766,-0.000246,-0.000105,-0.000997,-0.001024,0.0,-0.000564,-3.7e-05,-0.001188,-6.8e-05,-0.001365,-7.6e-05,-0.001211,-0.002692,-0.000531,-0.000543,-0.002153,-0.000118,-0.000191,-2.6e-05,-0.000371,-0.001352,-0.001398,0.0,-0.00069,-0.001294,-0.002807,-0.002804,-6.8e-05,-0.002475,-0.000192,-0.002162,-0.001003,0.0,-0.000843,-0.003178,-0.001572,-0.001916,-0.002038,-0.002819,-0.000791,-0.0007,-0.000651,-0.000128,-0.000796,-0.0014,-0.001625,-0.001689
2017-05-30 09:01:00+02:00,-8e-06,0.0,-0.001078,-0.002628,-0.001082,-0.000519,-0.001244,-0.001471,-0.002261,-0.000531,-0.000204,-2.4e-05,-0.00174,-0.001478,-0.000715,-0.003238,-0.000783,-3e-06,-0.000592,-0.003396,0.0,-0.003389,-0.002085,-5.8e-05,-0.003427,-0.003552,-0.001466,0.0,-0.001117,-0.000435,-0.00013,-0.001697,0.0,-0.001251,-0.001224,-1.2e-05,-0.001242,-0.001989,0.0,-0.003574,-0.001142,-5.7e-05,-0.001897,0.0,-0.001023,-0.001646,-0.001521,-0.00216,-0.001458,0.0,-0.000259,-0.001653,-0.001463,-0.001528,-7.5e-05,0.0,-0.000948,-0.000111,0.0,-0.00146,-0.00182,-0.003473,-0.00245,0.0,-0.001119,-0.003385,-0.001082,-0.002243,0.0,-0.000888,-0.001114,-0.000377,-0.000148,-0.001319,-0.001266,0.0,-0.000859,-2.9e-05,-0.001755,-5.4e-05,-0.00183,-6.1e-05,-0.001756,-0.003469,-0.000821,-0.000833,-0.002706,-0.000161,-0.000281,-2e-05,-0.000572,-0.00176,-0.001719,0.0,-0.000935,-0.001867,-0.003571,-0.003561,-5.4e-05,-0.003285,-0.000291,-0.002905,-0.00145,0.0,-0.001235,-0.00386,-0.001936,-0.002633,-0.002761,-0.00357,-0.001156,-0.00104,-0.000973,-0.000147,-0.001211,-0.002008,-0.002267,-0.002105
2017-05-30 09:02:00+02:00,-6e-06,0.0,-0.001063,-0.002736,-0.001085,-0.000422,-0.001285,-0.001531,-0.002344,-0.000502,-0.000163,-1.9e-05,-0.00184,-0.001582,-0.000753,-0.003367,-0.000726,-2e-06,-0.000509,-0.003544,0.0,-0.003537,-0.002196,-4.6e-05,-0.003577,-0.003714,-0.001524,0.0,-0.001141,-0.000392,-0.000104,-0.00176,0.0,-0.001307,-0.001299,-1e-05,-0.001248,-0.002087,0.0,-0.003759,-0.001192,-4.5e-05,-0.001967,0.0,-0.001019,-0.0017,-0.001564,-0.002227,-0.001501,0.0,-0.000207,-0.001712,-0.001519,-0.001623,-6e-05,0.0,-0.000914,-8.9e-05,0.0,-0.001513,-0.001881,-0.003629,-0.002551,0.0,-0.00111,-0.003521,-0.001107,-0.002313,0.0,-0.000909,-0.001147,-0.000346,-0.000119,-0.001379,-0.001356,0.0,-0.000816,-2.3e-05,-0.001838,-4.3e-05,-0.00189,-4.9e-05,-0.001818,-0.003624,-0.000788,-0.000786,-0.002866,-0.000129,-0.000225,-1.6e-05,-0.000564,-0.001828,-0.001823,0.0,-0.000983,-0.001936,-0.00373,-0.003725,-4.3e-05,-0.003418,-0.000237,-0.003024,-0.00149,0.0,-0.001286,-0.00409,-0.002046,-0.002739,-0.002872,-0.00374,-0.001206,-0.001059,-0.000989,-0.000118,-0.001233,-0.002085,-0.002359,-0.002229
2017-05-30 09:03:00+02:00,-5e-06,0.0,-0.000851,-0.00238,-0.000868,-0.000338,-0.001035,-0.001295,-0.002113,-0.000402,-0.000131,-1.5e-05,-0.001728,-0.001465,-0.000634,-0.003002,-0.000581,-2e-06,-0.000407,-0.003182,0.0,-0.003172,-0.001858,-3.7e-05,-0.003224,-0.003358,-0.001276,0.0,-0.000913,-0.000313,-8.3e-05,-0.00158,0.0,-0.001167,-0.001185,-8e-06,-0.000999,-0.00175,0.0,-0.003424,-0.001002,-3.6e-05,-0.001609,0.0,-0.000815,-0.00136,-0.001305,-0.001974,-0.001271,0.0,-0.000166,-0.001527,-0.001356,-0.001523,-4.8e-05,0.0,-0.000731,-7.1e-05,0.0,-0.00121,-0.001676,-0.003276,-0.002196,0.0,-0.000888,-0.003155,-0.000885,-0.002059,0.0,-0.000728,-0.000946,-0.000277,-9.5e-05,-0.001237,-0.00125,0.0,-0.000653,-1.9e-05,-0.001499,-3.5e-05,-0.001686,-3.9e-05,-0.001461,-0.003273,-0.00063,-0.000629,-0.002672,-0.000103,-0.00018,-1.3e-05,-0.000451,-0.001648,-0.001703,0.0,-0.000862,-0.001582,-0.00338,-0.003376,-3.5e-05,-0.003058,-0.00019,-0.002664,-0.001241,0.0,-0.001079,-0.003833,-0.001915,-0.002388,-0.002516,-0.003391,-0.001017,-0.000847,-0.000791,-9.4e-05,-0.000987,-0.001727,-0.002005,-0.002075
2017-05-30 09:04:00+02:00,-4e-06,0.0,-0.000806,-0.002552,-0.000845,-0.00027,-0.001117,-0.001414,-0.002294,-0.000344,-0.000105,-1.2e-05,-0.001918,-0.001601,-0.000672,-0.003218,-0.000469,-1e-06,-0.000326,-0.003433,0.0,-0.003418,-0.002002,-3e-05,-0.003453,-0.003618,-0.00139,0.0,-0.000974,-0.000251,-6.6e-05,-0.001708,0.0,-0.001252,-0.001272,-6e-06,-0.000984,-0.001891,0.0,-0.003682,-0.001094,-2.9e-05,-0.001713,0.0,-0.000778,-0.001429,-0.001408,-0.002154,-0.001365,0.0,-0.000133,-0.001665,-0.00147,-0.001682,-3.8e-05,0.0,-0.000658,-5.7e-05,0.0,-0.001265,-0.00183,-0.0035,-0.00235,0.0,-0.000855,-0.003385,-0.000934,-0.002246,0.0,-0.000767,-0.001023,-0.000222,-7.6e-05,-0.001341,-0.001352,0.0,-0.000559,-1.5e-05,-0.001609,-2.8e-05,-0.001835,-3.1e-05,-0.001546,-0.003503,-0.000546,-0.00053,-0.002972,-8.2e-05,-0.000144,-1e-05,-0.000431,-0.001797,-0.001883,0.0,-0.000925,-0.001665,-0.003671,-0.003659,-2.8e-05,-0.003261,-0.000152,-0.002854,-0.001342,0.0,-0.001178,-0.004205,-0.002131,-0.002549,-0.002702,-0.003663,-0.00111,-0.000893,-0.000836,-7.5e-05,-0.000992,-0.001843,-0.002142,-0.002302
2017-05-30 09:05:00+02:00,-3e-06,0.0,-0.001047,-0.002981,-0.001094,-0.000366,-0.001383,-0.001704,-0.00261,-0.00046,-0.000121,-1e-05,-0.002072,-0.001753,-0.000806,-0.003695,-0.000646,-1e-06,-0.000446,-0.003918,0.0,-0.00391,-0.002417,-2.4e-05,-0.003934,-0.00407,-0.001684,0.0,-0.001197,-0.000345,-6.1e-05,-0.001953,0.0,-0.001439,-0.001428,-5e-06,-0.001238,-0.002294,0.0,-0.004118,-0.001324,-2.3e-05,-0.002095,0.0,-0.001015,-0.001764,-0.001685,-0.002505,-0.001616,0.0,-0.000172,-0.001929,-0.00169,-0.001817,-3.5e-05,0.0,-0.000871,-4.6e-05,0.0,-0.001589,-0.00212,-0.003976,-0.002764,0.0,-0.001104,-0.003875,-0.00117,-0.002603,0.0,-0.000963,-0.001243,-0.000304,-7.9e-05,-0.001545,-0.001492,0.0,-0.000747,-1.2e-05,-0.001983,-2.2e-05,-0.002107,-2.5e-05,-0.001895,-0.003975,-0.000741,-0.000719,-0.003238,-7.5e-05,-0.00018,-8e-06,-0.000563,-0.00204,-0.002044,0.0,-0.001082,-0.002014,-0.004113,-0.004099,-2.2e-05,-0.003729,-0.000202,-0.003306,-0.001621,0.0,-0.001426,-0.004539,-0.002307,-0.002967,-0.003142,-0.004102,-0.001342,-0.001104,-0.001042,-6e-05,-0.001268,-0.002237,-0.002541,-0.002506
2017-05-30 09:06:00+02:00,-3e-06,0.0,-0.000838,-0.002857,-0.000879,-0.000293,-0.001271,-0.001613,-0.002538,-0.000368,-9.7e-05,-8e-06,-0.002076,-0.001734,-0.000746,-0.003586,-0.000517,-1e-06,-0.000357,-0.003832,0.0,-0.00382,-0.002277,-1.9e-05,-0.003802,-0.003993,-0.001586,0.0,-0.001092,-0.000276,-4.9e-05,-0.00189,0.0,-0.001384,-0.00139,-4e-06,-0.001007,-0.002154,0.0,-0.004011,-0.00125,-1.9e-05,-0.001942,0.0,-0.000812,-0.001598,-0.001585,-0.002442,-0.001509,0.0,-0.000138,-0.001885,-0.001648,-0.001817,-2.8e-05,0.0,-0.000697,-3.6e-05,0.0,-0.001412,-0.002072,-0.00384,-0.002633,0.0,-0.000885,-0.003771,-0.001043,-0.002543,0.0,-0.000854,-0.001164,-0.000243,-6.3e-05,-0.001511,-0.001465,0.0,-0.000598,-1e-05,-0.001832,-1.8e-05,-0.002057,-2e-05,-0.001737,-0.003843,-0.000593,-0.000575,-0.003237,-6e-05,-0.000144,-7e-06,-0.000451,-0.002005,-0.00204,0.0,-0.00104,-0.001829,-0.004053,-0.004037,-1.8e-05,-0.003584,-0.000162,-0.003188,-0.001526,0.0,-0.001345,-0.004526,-0.002311,-0.00281,-0.003023,-0.004036,-0.001268,-0.000993,-0.000938,-4.8e-05,-0.001067,-0.00209,-0.002403,-0.002501
2017-05-30 09:07:00+02:00,-2e-06,0.0,-0.000875,-0.00302,-0.000927,-0.000234,-0.001372,-0.001734,-0.002693,-0.000364,-7.8e-05,-6e-06,-0.002236,-0.001848,-0.000785,-0.003777,-0.000492,-1e-06,-0.000285,-0.004066,0.0,-0.004049,-0.002425,-1.5e-05,-0.003996,-0.004221,-0.001707,0.0,-0.001173,-0.000248,-3.9e-05,-0.001997,0.0,-0.001455,-0.001463,-3e-06,-0.001052,-0.002301,0.0,-0.004233,-0.001344,-1.5e-05,-0.002074,0.0,-0.000848,-0.001699,-0.001698,-0.002614,-0.001605,0.0,-0.00011,-0.00201,-0.001746,-0.00195,-2.2e-05,0.0,-0.000708,-2.9e-05,0.0,-0.001506,-0.002212,-0.004032,-0.002785,0.0,-0.000932,-0.003971,-0.001123,-0.00272,0.0,-0.000919,-0.001253,-0.000224,-5e-05,-0.001605,-0.00155,0.0,-0.000587,-8e-06,-0.001959,-1.4e-05,-0.002187,-1.6e-05,-0.001847,-0.004038,-0.000585,-0.00056,-0.003496,-4.8e-05,-0.000115,-5e-06,-0.000472,-0.002132,-0.002193,0.0,-0.001096,-0.00193,-0.004302,-0.004281,-1.4e-05,-0.003761,-0.00013,-0.003363,-0.001643,0.0,-0.001447,-0.004847,-0.002493,-0.00296,-0.003195,-0.004274,-0.001362,-0.001065,-0.001012,-3.9e-05,-0.001131,-0.002229,-0.002545,-0.002694
2017-05-30 09:08:00+02:00,-2e-06,0.0,-0.000813,-0.003,-0.000881,-0.000187,-0.001371,-0.001745,-0.002692,-0.000305,-6.2e-05,-5e-06,-0.002267,-0.001861,-0.000773,-0.003763,-0.000393,-1e-06,-0.000228,-0.004087,0.0,-0.004067,-0.002431,-1.2e-05,-0.003978,-0.004223,-0.001715,0.0,-0.001153,-0.000199,-3.1e-05,-0.001991,0.0,-0.001446,-0.001461,-3e-06,-0.000986,-0.002304,0.0,-0.00423,-0.00135,-1.2e-05,-0.002059,0.0,-0.000795,-0.001663,-0.001684,-0.00263,-0.001587,0.0,-8.8e-05,-0.00202,-0.001742,-0.001974,-1.8e-05,0.0,-0.000629,-2.3e-05,0.0,-0.001486,-0.002225,-0.004013,-0.002763,0.0,-0.000877,-0.003958,-0.001111,-0.002737,0.0,-0.000908,-0.001248,-0.000179,-4e-05,-0.001613,-0.001555,0.0,-0.000492,-6e-06,-0.001954,-1.1e-05,-0.002185,-1.3e-05,-0.001814,-0.00402,-0.000505,-0.000468,-0.003545,-3.9e-05,-9.2e-05,-4e-06,-0.000442,-0.002135,-0.002219,0.0,-0.001089,-0.001889,-0.00431,-0.004289,-1.1e-05,-0.003736,-0.000104,-0.003345,-0.001641,0.0,-0.001453,-0.004904,-0.002527,-0.002931,-0.003177,-0.00428,-0.001369,-0.001041,-0.000999,-3.1e-05,-0.001095,-0.002217,-0.002521,-0.002727
2017-05-30 09:09:00+02:00,-1e-06,0.0,-0.000666,-0.002907,-0.000744,-0.00015,-0.001308,-0.001703,-0.002653,-0.000244,-5e-05,-4e-06,-0.002268,-0.001846,-0.000729,-0.003678,-0.000315,-0.0,-0.000183,-0.004036,0.0,-0.004012,-0.002349,-1e-05,-0.003884,-0.004156,-0.001665,0.0,-0.001082,-0.000159,-2.5e-05,-0.001954,0.0,-0.001409,-0.001431,-2e-06,-0.000827,-0.002223,0.0,-0.004147,-0.001313,-1e-05,-0.00196,0.0,-0.000651,-0.001542,-0.001617,-0.002609,-0.001516,0.0,-7.1e-05,-0.002006,-0.001716,-0.001969,-1.4e-05,0.0,-0.000503,-1.9e-05,0.0,-0.001375,-0.00221,-0.003912,-0.002665,0.0,-0.000735,-0.003877,-0.001035,-0.002719,0.0,-0.000844,-0.001204,-0.000143,-3.2e-05,-0.001597,-0.001532,0.0,-0.000393,-5e-06,-0.001862,-9e-06,-0.002158,-1e-05,-0.001698,-0.003923,-0.000404,-0.000374,-0.003548,-3.1e-05,-7.4e-05,-3e-06,-0.000358,-0.002117,-0.002216,0.0,-0.001058,-0.001757,-0.004265,-0.004238,-9e-06,-0.003633,-8.3e-05,-0.003255,-0.001589,0.0,-0.001413,-0.004868,-0.002531,-0.002821,-0.00309,-0.004221,-0.001333,-0.000965,-0.000936,-2.5e-05,-0.000967,-0.002122,-0.002419,-0.002727
2017-05-30 09:10:00+02:00,-1e-06,0.0,-0.000764,-0.003019,-0.000847,-0.000129,-0.001401,-0.001796,-0.002733,-0.000284,-4e-05,-3e-06,-0.002317,-0.001907,-0.000769,-0.003791,-0.000369,-0.0,-0.000187,-0.004176,0.0,-0.004152,-0.00248,-8e-06,-0.004001,-0.004276,-0.001762,0.0,-0.001155,-0.000181,-2e-05,-0.002014,0.0,-0.001457,-0.001477,-2e-06,-0.000923,-0.002352,0.0,-0.004274,-0.001387,-8e-06,-0.002084,0.0,-0.00075,-0.00165,-0.0017,-0.002704,-0.001591,0.0,-5.6e-05,-0.002075,-0.001768,-0.002014,-1.1e-05,0.0,-0.000584,-1.5e-05,0.0,-0.001493,-0.002287,-0.00403,-0.002777,0.0,-0.000837,-0.003989,-0.001123,-0.002814,0.0,-0.000917,-0.001275,-0.000162,-2.6e-05,-0.001654,-0.001583,0.0,-0.000455,-4e-06,-0.001987,-7e-06,-0.002222,-8e-06,-0.001808,-0.004041,-0.000473,-0.000437,-0.003654,-2.5e-05,-5.9e-05,-3e-06,-0.000415,-0.002177,-0.002275,0.0,-0.001099,-0.001866,-0.004384,-0.004359,-7e-06,-0.003747,-6.7e-05,-0.003367,-0.001678,0.0,-0.001494,-0.004978,-0.002591,-0.002933,-0.003201,-0.004343,-0.001408,-0.001036,-0.00101,-2e-05,-0.001075,-0.002247,-0.00253,-0.002808
2017-05-30 09:11:00+02:00,-1e-06,0.0,-0.000612,-0.002709,-0.000677,-0.000103,-0.001196,-0.001594,-0.002501,-0.000227,-3.2e-05,-3e-06,-0.002163,-0.001767,-0.000662,-0.003463,-0.000295,-0.0,-0.00015,-0.003851,0.0,-0.003826,-0.002195,-6e-06,-0.00365,-0.003944,-0.001552,0.0,-0.000964,-0.000145,-1.6e-05,-0.001836,0.0,-0.001321,-0.001356,-1e-06,-0.000738,-0.002068,0.0,-0.003919,-0.001225,-6e-06,-0.001799,0.0,-0.0006,-0.001367,-0.001481,-0.002481,-0.001381,0.0,-4.5e-05,-0.001911,-0.001621,-0.001879,-9e-06,0.0,-0.000467,-1.2e-05,0.0,-0.001223,-0.002105,-0.003674,-0.002472,0.0,-0.000669,-0.003657,-0.000921,-0.002589,0.0,-0.000747,-0.001111,-0.00013,-2.1e-05,-0.001527,-0.001461,0.0,-0.000364,-3e-06,-0.001711,-6e-06,-0.002038,-7e-06,-0.001522,-0.003686,-0.000378,-0.000349,-0.003399,-2e-05,-4.7e-05,-2e-06,-0.000332,-0.002009,-0.002119,0.0,-0.000992,-0.001562,-0.004053,-0.004029,-6e-06,-0.003399,-5.3e-05,-0.003049,-0.001473,0.0,-0.001317,-0.004632,-0.002417,-0.002605,-0.002888,-0.004012,-0.001246,-0.000846,-0.000836,-1.6e-05,-0.00086,-0.001959,-0.002231,-0.002611
2017-05-30 09:12:00+02:00,-1e-06,0.0,-0.000674,-0.002845,-0.000742,-8.3e-05,-0.001285,-0.001692,-0.002637,-0.000239,-2.5e-05,-2e-06,-0.002299,-0.00187,-0.000715,-0.003612,-0.000299,-0.0,-0.00012,-0.004019,0.0,-0.00399,-0.00232,-5e-06,-0.003834,-0.004108,-0.001648,0.0,-0.001044,-0.000135,-1.3e-05,-0.00194,0.0,-0.001399,-0.001433,-1e-06,-0.000824,-0.002193,0.0,-0.004121,-0.001303,-5e-06,-0.001923,0.0,-0.000656,-0.001475,-0.001579,-0.002603,-0.001486,0.0,-3.6e-05,-0.002005,-0.001701,-0.001997,-7e-06,0.0,-0.000506,-1e-05,0.0,-0.001326,-0.002208,-0.00386,-0.002603,0.0,-0.000739,-0.00381,-0.001002,-0.002713,0.0,-0.000816,-0.001191,-0.000124,-1.7e-05,-0.001602,-0.001546,0.0,-0.000381,-3e-06,-0.001827,-5e-06,-0.002136,-5e-06,-0.001634,-0.003875,-0.000395,-0.000364,-0.003596,-1.6e-05,-3.8e-05,-2e-06,-0.000366,-0.002104,-0.002248,0.0,-0.001046,-0.001694,-0.004231,-0.004203,-5e-06,-0.003575,-4.3e-05,-0.003191,-0.001572,0.0,-0.001401,-0.004893,-0.002566,-0.002767,-0.00303,-0.004181,-0.001325,-0.000922,-0.000913,-1.3e-05,-0.00094,-0.002086,-0.002357,-0.002766
2017-05-30 09:13:00+02:00,-1e-06,0.0,-0.000711,-0.002989,-0.000785,-6.6e-05,-0.001369,-0.001793,-0.002802,-0.000235,-2e-05,-2e-06,-0.002471,-0.002001,-0.000772,-0.003781,-0.000278,-0.0,-9.6e-05,-0.004213,0.0,-0.004179,-0.002445,-4e-06,-0.004052,-0.004298,-0.001747,0.0,-0.001116,-0.000109,-1e-05,-0.002068,0.0,-0.001493,-0.001529,-1e-06,-0.000893,-0.002319,0.0,-0.004363,-0.001385,-4e-06,-0.002037,0.0,-0.000689,-0.001567,-0.001675,-0.002745,-0.001598,0.0,-2.9e-05,-0.002119,-0.001796,-0.002144,-6e-06,0.0,-0.000521,-8e-06,0.0,-0.001413,-0.002332,-0.00408,-0.002736,0.0,-0.000784,-0.003986,-0.001074,-0.002859,0.0,-0.000877,-0.001271,-0.000105,-1.3e-05,-0.001693,-0.001651,0.0,-0.000374,-2e-06,-0.001937,-4e-06,-0.002254,-4e-06,-0.001733,-0.004099,-0.000389,-0.000353,-0.003838,-1.3e-05,-3e-05,-1e-06,-0.000387,-0.002221,-0.002411,0.0,-0.001106,-0.001821,-0.004445,-0.00441,-4e-06,-0.003781,-3.4e-05,-0.003344,-0.001672,0.0,-0.001488,-0.005206,-0.002753,-0.002948,-0.003184,-0.004378,-0.001409,-0.000989,-0.000982,-1e-05,-0.000999,-0.002206,-0.002482,-0.002961
2017-05-30 09:14:00+02:00,-0.0,0.0,-0.000861,-0.003275,-0.000941,-5.6e-05,-0.001553,-0.002,-0.003079,-0.000299,-1.6e-05,-1e-06,-0.002652,-0.00219,-0.000877,-0.004107,-0.000369,-0.0,-0.000122,-0.00459,0.0,-0.00455,-0.002716,-3e-06,-0.004435,-0.004655,-0.001953,0.0,-0.00127,-0.000154,-8e-06,-0.002283,0.0,-0.001656,-0.001689,-1e-06,-0.001074,-0.002591,0.0,-0.004777,-0.001553,-3e-06,-0.002285,0.0,-0.000835,-0.001778,-0.001866,-0.003009,-0.001799,0.0,-2.3e-05,-0.002329,-0.001969,-0.002305,-5e-06,0.0,-0.00065,-6e-06,0.0,-0.001625,-0.002561,-0.004465,-0.003007,0.0,-0.000944,-0.004322,-0.001238,-0.00313,0.0,-0.001018,-0.001433,-0.000141,-1.1e-05,-0.001863,-0.001824,0.0,-0.000473,-2e-06,-0.002183,-3e-06,-0.002464,-3e-06,-0.001952,-0.004488,-0.000493,-0.000452,-0.004135,-1e-05,-2.4e-05,-1e-06,-0.000475,-0.002426,-0.002604,0.0,-0.001222,-0.00207,-0.00483,-0.004788,-3e-06,-0.004147,-2.7e-05,-0.003646,-0.001871,0.0,-0.001668,-0.005546,-0.002961,-0.003274,-0.003485,-0.004743,-0.001578,-0.001135,-0.001131,-8e-06,-0.001176,-0.002464,-0.00274,-0.003205
2017-05-30 09:15:00+02:00,-0.0,0.0,-0.000899,-0.003431,-0.000984,-4.5e-05,-0.001638,-0.002108,-0.003251,-0.000294,-1.3e-05,-1e-06,-0.002807,-0.002339,-0.000935,-0.004298,-0.000355,-0.0,-9.8e-05,-0.004822,0.0,-0.004777,-0.002857,-3e-06,-0.004674,-0.004873,-0.002058,0.0,-0.001338,-0.000134,-7e-06,-0.002419,0.0,-0.001759,-0.001799,-1e-06,-0.001132,-0.002733,0.0,-0.005042,-0.001642,-2e-06,-0.002407,0.0,-0.000869,-0.001867,-0.001959,-0.003166,-0.001907,0.0,-1.8e-05,-0.00246,-0.002075,-0.002443,-4e-06,0.0,-0.000667,-5e-06,0.0,-0.001715,-0.002702,-0.004706,-0.00315,0.0,-0.000989,-0.004523,-0.001308,-0.003292,0.0,-0.001077,-0.001515,-0.000124,-8e-06,-0.001972,-0.001944,0.0,-0.000465,-1e-06,-0.002303,-2e-06,-0.002591,-3e-06,-0.002049,-0.004733,-0.00049,-0.000447,-0.004379,-8e-06,-1.9e-05,-1e-06,-0.000495,-0.002553,-0.002768,0.0,-0.001291,-0.002191,-0.00507,-0.005022,-2e-06,-0.00437,-2.2e-05,-0.003817,-0.001973,0.0,-0.001762,-0.005832,-0.003137,-0.003462,-0.003654,-0.004968,-0.001669,-0.001196,-0.001198,-6e-06,-0.001236,-0.002594,-0.002872,-0.003409
2017-05-30 09:16:00+02:00,-0.0,0.0,-0.000883,-0.003465,-0.000971,-3.6e-05,-0.001672,-0.002163,-0.003361,-0.000236,-1e-05,-1e-06,-0.002937,-0.002446,-0.000968,-0.004363,-0.000293,-0.0,-7.8e-05,-0.004973,0.0,-0.004923,-0.002929,-2e-06,-0.004827,-0.004961,-0.002108,0.0,-0.001324,-0.000107,-5e-06,-0.002507,0.0,-0.001828,-0.001876,-0.0,-0.001129,-0.002804,0.0,-0.005217,-0.001689,-2e-06,-0.002463,0.0,-0.000849,-0.001843,-0.001961,-0.003263,-0.001961,0.0,-1.5e-05,-0.002546,-0.002118,-0.00256,-3e-06,0.0,-0.000633,-4e-06,0.0,-0.001743,-0.002793,-0.00486,-0.003173,0.0,-0.000979,-0.004596,-0.001329,-0.003394,0.0,-0.001097,-0.001557,-9.9e-05,-7e-06,-0.002047,-0.002031,0.0,-0.000372,-1e-06,-0.002355,-2e-06,-0.00264,-2e-06,-0.002031,-0.00489,-0.00044,-0.000396,-0.004566,-6e-06,-1.5e-05,-1e-06,-0.000484,-0.002609,-0.002906,0.0,-0.001316,-0.002243,-0.005174,-0.005123,-2e-06,-0.00451,-1.7e-05,-0.003864,-0.002024,0.0,-0.001809,-0.006068,-0.003284,-0.00357,-0.003698,-0.005062,-0.001716,-0.001177,-0.001224,-5e-06,-0.001239,-0.002657,-0.002884,-0.003563
2017-05-30 09:17:00+02:00,-0.0,0.0,-0.000844,-0.003473,-0.000942,-2.9e-05,-0.001686,-0.002195,-0.003437,-0.000188,-8e-06,-1e-06,-0.003047,-0.002529,-0.000988,-0.004399,-0.000235,-0.0,-6.3e-05,-0.005074,0.0,-0.00502,-0.002971,-2e-06,-0.004932,-0.005017,-0.002136,0.0,-0.001298,-8.6e-05,-4e-06,-0.002569,0.0,-0.001877,-0.001935,-0.0,-0.001103,-0.002845,0.0,-0.005341,-0.001717,-2e-06,-0.002484,0.0,-0.000813,-0.001801,-0.001945,-0.003323,-0.00199,0.0,-1.2e-05,-0.002605,-0.002147,-0.002661,-2e-06,0.0,-0.000579,-3e-06,0.0,-0.001748,-0.002854,-0.004967,-0.003172,0.0,-0.000946,-0.004639,-0.001332,-0.00346,0.0,-0.0011,-0.001577,-7.9e-05,-5e-06,-0.002101,-0.002099,0.0,-0.000297,-1e-06,-0.002381,-2e-06,-0.002669,-2e-06,-0.001996,-0.004998,-0.000379,-0.000329,-0.004701,-5e-06,-1.2e-05,-1e-06,-0.000462,-0.002647,-0.003014,0.0,-0.001331,-0.002263,-0.005243,-0.005189,-2e-06,-0.004605,-1.4e-05,-0.003884,-0.002047,0.0,-0.001837,-0.006265,-0.003406,-0.003637,-0.003716,-0.005123,-0.001745,-0.001146,-0.001229,-4e-06,-0.001222,-0.002685,-0.002875,-0.003679
2017-05-30 09:18:00+02:00,-0.0,0.0,-0.000815,-0.003488,-0.000915,-2.3e-05,-0.001697,-0.002222,-0.0035,-0.000151,-7e-06,-1e-06,-0.003143,-0.002604,-0.001006,-0.004439,-0.000188,-0.0,-5e-05,-0.005164,0.0,-0.005106,-0.003008,-1e-06,-0.005023,-0.005074,-0.002159,0.0,-0.001279,-6.9e-05,-3e-06,-0.002624,0.0,-0.001922,-0.00199,-0.0,-0.001078,-0.002882,0.0,-0.00545,-0.001741,-1e-06,-0.002507,0.0,-0.000782,-0.001771,-0.001935,-0.003376,-0.002014,0.0,-9e-06,-0.002658,-0.002177,-0.00275,-2e-06,0.0,-0.000536,-3e-06,0.0,-0.001751,-0.002908,-0.00506,-0.003178,0.0,-0.000921,-0.004685,-0.001332,-0.003516,0.0,-0.001102,-0.001596,-6.3e-05,-4e-06,-0.002151,-0.002162,0.0,-0.000238,-1e-06,-0.002404,-1e-06,-0.002699,-1e-06,-0.001971,-0.005093,-0.000326,-0.000276,-0.004814,-4e-06,-1e-05,-0.0,-0.000443,-0.002684,-0.003109,0.0,-0.001349,-0.002279,-0.005311,-0.005256,-1e-06,-0.004687,-1.1e-05,-0.003909,-0.002069,0.0,-0.001861,-0.006433,-0.003511,-0.003695,-0.003739,-0.005185,-0.00177,-0.001122,-0.001236,-3e-06,-0.001207,-0.002714,-0.002874,-0.003778
2017-05-30 09:19:00+02:00,-0.0,0.0,-0.000799,-0.003519,-0.00089,-1.8e-05,-0.001705,-0.002246,-0.003559,-0.000121,-5e-06,-0.0,-0.003235,-0.002679,-0.001026,-0.004495,-0.00015,-0.0,-4e-05,-0.005266,0.0,-0.005204,-0.003045,-1e-06,-0.005113,-0.005149,-0.002178,0.0,-0.001269,-5.5e-05,-3e-06,-0.002676,0.0,-0.001967,-0.002048,-0.0,-0.001056,-0.002918,0.0,-0.005558,-0.001764,-1e-06,-0.00254,0.0,-0.000752,-0.001756,-0.001935,-0.003433,-0.002035,0.0,-8e-06,-0.002715,-0.002215,-0.002837,-2e-06,0.0,-0.000507,-2e-06,0.0,-0.001753,-0.002967,-0.005153,-0.0032,0.0,-0.000908,-0.004748,-0.001331,-0.003576,0.0,-0.001103,-0.001621,-5.1e-05,-3e-06,-0.002207,-0.002227,0.0,-0.00019,-1e-06,-0.002426,-1e-06,-0.002737,-1e-06,-0.001961,-0.005188,-0.000276,-0.000235,-0.004918,-3e-06,-8e-06,-0.0,-0.000424,-0.00273,-0.003201,0.0,-0.001375,-0.002295,-0.005397,-0.00534,-1e-06,-0.004769,-9e-06,-0.003951,-0.002096,0.0,-0.001883,-0.006593,-0.00361,-0.003752,-0.003779,-0.005265,-0.001794,-0.001107,-0.001248,-3e-06,-0.001192,-0.002753,-0.002888,-0.003872
2017-05-30 09:20:00+02:00,-0.0,0.0,-0.000809,-0.003597,-0.000895,-1.5e-05,-0.001736,-0.002293,-0.003643,-9.6e-05,-4e-06,-0.0,-0.003331,-0.002777,-0.001061,-0.004604,-0.000122,-0.0,-3.2e-05,-0.005413,0.0,-0.005348,-0.003119,-1e-06,-0.005247,-0.00528,-0.002222,0.0,-0.001284,-4.4e-05,-2e-06,-0.002752,0.0,-0.002033,-0.002126,-0.0,-0.001063,-0.002991,0.0,-0.005712,-0.001808,-1e-06,-0.002608,0.0,-0.00075,-0.001779,-0.001963,-0.003515,-0.002078,0.0,-6e-06,-0.002797,-0.002279,-0.002929,-1e-06,0.0,-0.000505,-2e-06,0.0,-0.001788,-0.00305,-0.00529,-0.003268,0.0,-0.000923,-0.004865,-0.001351,-0.003662,0.0,-0.001122,-0.001665,-4.1e-05,-3e-06,-0.002285,-0.002314,0.0,-0.000152,-0.0,-0.002483,-1e-06,-0.002805,-1e-06,-0.00199,-0.005327,-0.000254,-0.000221,-0.005045,-3e-06,-6e-06,-0.0,-0.000423,-0.002805,-0.003303,0.0,-0.001421,-0.002345,-0.005541,-0.005481,-1e-06,-0.004894,-7e-06,-0.004042,-0.002145,0.0,-0.001927,-0.006758,-0.00371,-0.003849,-0.003867,-0.005401,-0.001838,-0.001117,-0.001279,-2e-06,-0.001208,-0.002826,-0.002947,-0.003991
2017-05-30 09:21:00+02:00,-0.0,0.0,-0.000835,-0.003716,-0.000916,-1.2e-05,-0.001782,-0.002359,-0.003753,-8.1e-05,-3e-06,-0.0,-0.003429,-0.002898,-0.001109,-0.004759,-0.000108,-0.0,-2.6e-05,-0.005599,0.0,-0.005529,-0.003223,-1e-06,-0.005423,-0.005459,-0.002283,0.0,-0.001318,-3.5e-05,-2e-06,-0.00285,0.0,-0.002117,-0.002226,-0.0,-0.00109,-0.003092,0.0,-0.00591,-0.001867,-1e-06,-0.002697,0.0,-0.000766,-0.001832,-0.002015,-0.003617,-0.002139,0.0,-5e-06,-0.002897,-0.002367,-0.003026,-1e-06,0.0,-0.000517,-1e-06,0.0,-0.001844,-0.003152,-0.00547,-0.003375,0.0,-0.000953,-0.005029,-0.001385,-0.003769,0.0,-0.001155,-0.001722,-3.2e-05,-2e-06,-0.002382,-0.002423,0.0,-0.000127,-0.0,-0.002565,-1e-06,-0.002899,-1e-06,-0.002051,-0.005509,-0.000247,-0.00022,-0.005165,-2e-06,-5e-06,-0.0,-0.000431,-0.002906,-0.003407,0.0,-0.001486,-0.00242,-0.005735,-0.005673,-1e-06,-0.005059,-6e-06,-0.004177,-0.002209,0.0,-0.001986,-0.006928,-0.003811,-0.00398,-0.003998,-0.005587,-0.001899,-0.001147,-0.001321,-2e-06,-0.001242,-0.002923,-0.003042,-0.004109
2017-05-30 09:22:00+02:00,-0.0,0.0,-0.000855,-0.003846,-0.000937,-9e-06,-0.00183,-0.002429,-0.003871,-6.5e-05,-3e-06,-0.0,-0.00353,-0.003024,-0.001161,-0.004929,-8.8e-05,-0.0,-2.1e-05,-0.0058,0.0,-0.005725,-0.003336,-1e-06,-0.00562,-0.005658,-0.002347,0.0,-0.001353,-2.8e-05,-1e-06,-0.002957,0.0,-0.002212,-0.002337,-0.0,-0.001116,-0.003202,0.0,-0.006132,-0.00193,-1e-06,-0.002789,0.0,-0.00078,-0.001888,-0.002068,-0.003723,-0.002204,0.0,-4e-06,-0.003004,-0.002462,-0.003126,-1e-06,0.0,-0.000523,-1e-06,0.0,-0.001904,-0.003261,-0.005671,-0.003491,0.0,-0.000978,-0.00521,-0.001421,-0.003881,0.0,-0.001189,-0.001779,-2.6e-05,-2e-06,-0.002486,-0.002546,0.0,-0.000102,-0.0,-0.002654,-1e-06,-0.003,-1e-06,-0.002115,-0.005712,-0.000238,-0.000212,-0.005276,-2e-06,-4e-06,-0.0,-0.000438,-0.003015,-0.003512,0.0,-0.001558,-0.002501,-0.005948,-0.005883,-0.0,-0.005243,-5e-06,-0.004324,-0.002272,0.0,-0.00205,-0.007103,-0.003913,-0.004125,-0.004141,-0.005792,-0.001964,-0.001176,-0.001361,-1e-06,-0.001277,-0.003024,-0.003145,-0.004223
2017-05-30 09:23:00+02:00,-0.0,0.0,-0.00086,-0.003969,-0.00094,-8e-06,-0.001861,-0.002482,-0.00398,-5.2e-05,-2e-06,-0.0,-0.003625,-0.003142,-0.001212,-0.005095,-7.1e-05,-0.0,-1.6e-05,-0.005991,0.0,-0.005913,-0.003433,-0.0,-0.005813,-0.005853,-0.002393,0.0,-0.001378,-2.2e-05,-1e-06,-0.003058,0.0,-0.002304,-0.002451,-0.0,-0.001128,-0.003293,0.0,-0.006352,-0.00198,-0.0,-0.002868,0.0,-0.000776,-0.001934,-0.002111,-0.003814,-0.002259,0.0,-3e-06,-0.003101,-0.002554,-0.003223,-1e-06,0.0,-0.000512,-1e-06,0.0,-0.001946,-0.003357,-0.00587,-0.0036,0.0,-0.000988,-0.005387,-0.00144,-0.003977,0.0,-0.001209,-0.001826,-2.1e-05,-1e-06,-0.002587,-0.002672,0.0,-8.1e-05,-0.0,-0.002724,-0.0,-0.003094,-0.0,-0.00217,-0.005912,-0.00021,-0.000188,-0.005369,-1e-06,-3e-06,-0.0,-0.000434,-0.003119,-0.003611,0.0,-0.001629,-0.002572,-0.006154,-0.006088,-0.0,-0.005423,-4e-06,-0.004466,-0.002322,0.0,-0.002098,-0.007271,-0.004007,-0.004261,-0.004277,-0.005993,-0.002015,-0.001195,-0.00139,-1e-06,-0.001294,-0.003112,-0.003241,-0.004325
2017-05-30 09:24:00+02:00,-0.0,0.0,-0.000838,-0.004081,-0.000923,-6e-06,-0.00188,-0.002523,-0.004085,-4.1e-05,-2e-06,-0.0,-0.00373,-0.003266,-0.00126,-0.005254,-5.7e-05,-0.0,-1.3e-05,-0.006172,0.0,-0.006089,-0.003517,-0.0,-0.006006,-0.006044,-0.002427,0.0,-0.00139,-1.8e-05,-1e-06,-0.003159,0.0,-0.002398,-0.00257,-0.0,-0.001125,-0.00337,0.0,-0.006575,-0.002022,-0.0,-0.002927,0.0,-0.000753,-0.001961,-0.002139,-0.003892,-0.002305,0.0,-2e-06,-0.003191,-0.002643,-0.003331,-1e-06,0.0,-0.000474,-1e-06,0.0,-0.001971,-0.003446,-0.00607,-0.003697,0.0,-0.000972,-0.005558,-0.001446,-0.004059,0.0,-0.001218,-0.00186,-1.7e-05,-1e-06,-0.002684,-0.002803,0.0,-6.5e-05,-0.0,-0.00278,-0.0,-0.003182,-0.0,-0.002206,-0.006114,-0.000168,-0.000151,-0.005467,-1e-06,-3e-06,-0.0,-0.000418,-0.003219,-0.003719,0.0,-0.001698,-0.002633,-0.006356,-0.006289,-0.0,-0.005602,-3e-06,-0.004598,-0.002355,0.0,-0.002137,-0.007459,-0.00411,-0.004392,-0.004403,-0.00619,-0.002058,-0.0012,-0.001403,-1e-06,-0.001293,-0.00318,-0.003323,-0.004433
2017-05-30 09:25:00+02:00,-0.0,0.0,-0.000848,-0.004235,-0.000936,-5e-06,-0.00192,-0.002587,-0.004217,-3.3e-05,-1e-06,-0.0,-0.00383,-0.003384,-0.001327,-0.005461,-4.5e-05,-0.0,-1.1e-05,-0.006405,0.0,-0.006318,-0.003642,-0.0,-0.006253,-0.006285,-0.002484,0.0,-0.001421,-1.4e-05,-1e-06,-0.003285,0.0,-0.002515,-0.002714,-0.0,-0.001155,-0.003487,0.0,-0.006855,-0.002083,-0.0,-0.003025,0.0,-0.000758,-0.002021,-0.002189,-0.003995,-0.002376,0.0,-2e-06,-0.003305,-0.002753,-0.003436,-0.0,0.0,-0.000467,-1e-06,0.0,-0.00203,-0.003558,-0.006325,-0.003833,0.0,-0.000987,-0.005778,-0.001473,-0.004169,0.0,-0.001245,-0.001915,-1.3e-05,-1e-06,-0.002805,-0.002939,0.0,-5.2e-05,-0.0,-0.002873,-0.0,-0.003292,-0.0,-0.002277,-0.006371,-0.000145,-0.000126,-0.005549,-1e-06,-2e-06,-0.0,-0.000418,-0.003342,-0.003821,0.0,-0.001786,-0.002734,-0.006605,-0.006539,-0.0,-0.005834,-2e-06,-0.004775,-0.002412,0.0,-0.002197,-0.007641,-0.004205,-0.00457,-0.004571,-0.006438,-0.002122,-0.001225,-0.001437,-1e-06,-0.001322,-0.003288,-0.003443,-0.004529
2017-05-30 09:26:00+02:00,-0.0,0.0,-0.000831,-0.004372,-0.000917,-4e-06,-0.001939,-0.002633,-0.004337,-2.6e-05,-1e-06,-0.0,-0.00394,-0.003509,-0.001384,-0.005654,-3.6e-05,-0.0,-8e-06,-0.006625,0.0,-0.006534,-0.00374,-0.0,-0.006481,-0.006515,-0.002522,0.0,-0.001438,-1.1e-05,-1e-06,-0.003402,0.0,-0.002625,-0.002854,-0.0,-0.001155,-0.003577,0.0,-0.007118,-0.00213,-0.0,-0.003101,0.0,-0.000731,-0.002057,-0.002225,-0.004087,-0.002431,0.0,-2e-06,-0.003413,-0.002859,-0.003551,-0.0,0.0,-0.00043,-0.0,0.0,-0.002058,-0.003663,-0.006562,-0.003952,0.0,-0.000976,-0.005985,-0.001478,-0.004267,0.0,-0.001254,-0.001958,-1.1e-05,-1e-06,-0.002921,-0.003079,0.0,-4.2e-05,-0.0,-0.002938,-0.0,-0.003396,-0.0,-0.002325,-0.00661,-0.000116,-0.000101,-0.00564,-1e-06,-2e-06,-0.0,-0.000399,-0.00346,-0.003933,0.0,-0.001869,-0.002808,-0.006846,-0.006779,-0.0,-0.006047,-2e-06,-0.004937,-0.002455,0.0,-0.002241,-0.00784,-0.004311,-0.004725,-0.004724,-0.006675,-0.002171,-0.001234,-0.001457,-1e-06,-0.00132,-0.003376,-0.003544,-0.004636
2017-05-30 09:27:00+02:00,-0.0,0.0,-0.000826,-0.004532,-0.000916,-3e-06,-0.001978,-0.0027,-0.004481,-2.1e-05,-1e-06,-0.0,-0.004047,-0.003628,-0.001451,-0.005873,-2.9e-05,-0.0,-7e-06,-0.006878,0.0,-0.006781,-0.003867,-0.0,-0.006742,-0.006774,-0.002581,0.0,-0.001466,-9e-06,-0.0,-0.003538,0.0,-0.002749,-0.003009,-0.0,-0.001172,-0.003697,0.0,-0.007418,-0.002195,-0.0,-0.003199,0.0,-0.000722,-0.00211,-0.002276,-0.004202,-0.002503,0.0,-1e-06,-0.003538,-0.002978,-0.003661,-0.0,0.0,-0.000407,-0.0,0.0,-0.002109,-0.003787,-0.006834,-0.004092,0.0,-0.000978,-0.006219,-0.0015,-0.004389,0.0,-0.001277,-0.002015,-9e-06,-1e-06,-0.003053,-0.00321,0.0,-3.3e-05,-0.0,-0.003029,-0.0,-0.003517,-0.0,-0.00239,-0.006883,-9.3e-05,-8.1e-05,-0.005728,-1e-06,-1e-06,-0.0,-0.000391,-0.003595,-0.004041,0.0,-0.001961,-0.002904,-0.007119,-0.00705,-0.0,-0.006291,-2e-06,-0.005124,-0.002515,0.0,-0.002304,-0.008029,-0.004414,-0.00491,-0.0049,-0.006943,-0.002237,-0.001254,-0.001488,-0.0,-0.001338,-0.003486,-0.003666,-0.004738
2017-05-30 09:28:00+02:00,-0.0,0.0,-0.000788,-0.004643,-0.000884,-2e-06,-0.001996,-0.002747,-0.004598,-1.7e-05,-1e-06,-0.0,-0.004145,-0.003735,-0.001498,-0.00604,-2.3e-05,-0.0,-5e-06,-0.007076,0.0,-0.006974,-0.003955,-0.0,-0.006948,-0.006978,-0.00262,0.0,-0.001471,-7e-06,-0.0,-0.003648,0.0,-0.002849,-0.003136,-0.0,-0.00115,-0.003779,0.0,-0.00766,-0.00224,-0.0,-0.003255,0.0,-0.000682,-0.002123,-0.002302,-0.004291,-0.00255,0.0,-1e-06,-0.00364,-0.003073,-0.003762,-0.0,0.0,-0.000349,-0.0,0.0,-0.002126,-0.003887,-0.007048,-0.004186,0.0,-0.000945,-0.006401,-0.001503,-0.004485,0.0,-0.001282,-0.00205,-7e-06,-0.0,-0.003159,-0.003325,0.0,-2.7e-05,-0.0,-0.003083,-0.0,-0.003613,-0.0,-0.002414,-0.0071,-7.4e-05,-6.5e-05,-0.005814,-0.0,-1e-06,-0.0,-0.000366,-0.003705,-0.00414,0.0,-0.002031,-0.002955,-0.007338,-0.007267,-0.0,-0.006483,-1e-06,-0.00526,-0.002551,0.0,-0.002347,-0.008198,-0.00451,-0.005045,-0.005029,-0.007154,-0.002284,-0.001251,-0.001498,-0.0,-0.001324,-0.003554,-0.003743,-0.004835
2017-05-30 09:29:00+02:00,-0.0,0.0,-0.000712,-0.004586,-0.000812,-2e-06,-0.001929,-0.002677,-0.004515,-1.4e-05,-1e-06,-0.0,-0.003855,-0.003573,-0.001479,-0.005988,-1.9e-05,-0.0,-4e-06,-0.007011,0.0,-0.006915,-0.003897,-0.0,-0.00689,-0.006929,-0.002548,0.0,-0.001411,-6e-06,-0.0,-0.003596,0.0,-0.002826,-0.003136,-0.0,-0.001068,-0.003709,0.0,-0.007609,-0.002188,-0.0,-0.003187,0.0,-0.000608,-0.002054,-0.002231,-0.0042,-0.002482,0.0,-1e-06,-0.003583,-0.003037,-0.003573,-0.0,0.0,-0.000279,-0.0,0.0,-0.002059,-0.003819,-0.007001,-0.004127,0.0,-0.000869,-0.00635,-0.00144,-0.004393,0.0,-0.001229,-0.001995,-5e-06,-0.0,-0.003133,-0.003296,0.0,-2.1e-05,-0.0,-0.003016,-0.0,-0.003553,-0.0,-0.002347,-0.00705,-5.9e-05,-5.2e-05,-0.005177,-0.0,-1e-06,-0.0,-0.000321,-0.003655,-0.003855,0.0,-0.00202,-0.002887,-0.007261,-0.0072,-0.0,-0.006425,-1e-06,-0.005206,-0.002478,0.0,-0.002288,-0.00775,-0.004129,-0.004972,-0.004966,-0.007102,-0.002231,-0.001193,-0.001441,-0.0,-0.001253,-0.003486,-0.003681,-0.004388
2017-05-30 09:30:00+02:00,-0.0,0.0,-0.000569,-0.004113,-0.000649,-2e-06,-0.00165,-0.002356,-0.004091,-1.1e-05,-0.0,-0.0,-0.003396,-0.003191,-0.001308,-0.005448,-1.5e-05,-0.0,-3e-06,-0.006419,0.0,-0.006334,-0.00346,-0.0,-0.006304,-0.006344,-0.002231,0.0,-0.001172,-5e-06,-0.0,-0.003267,0.0,-0.002577,-0.002898,-0.0,-0.000854,-0.00327,0.0,-0.006911,-0.001924,-0.0,-0.002789,0.0,-0.000486,-0.001699,-0.00193,-0.003786,-0.00218,0.0,-1e-06,-0.003253,-0.002755,-0.003191,-0.0,0.0,-0.000223,-0.0,0.0,-0.001711,-0.00346,-0.00642,-0.003678,0.0,-0.000695,-0.005793,-0.001192,-0.003967,0.0,-0.001013,-0.001744,-4e-06,-0.0,-0.002868,-0.002991,0.0,-1.7e-05,-0.0,-0.002616,-0.0,-0.003209,-0.0,-0.001979,-0.006464,-4.7e-05,-4.1e-05,-0.004413,-0.0,-1e-06,-0.0,-0.000257,-0.003322,-0.003396,0.0,-0.001827,-0.002495,-0.006631,-0.006582,-0.0,-0.005862,-1e-06,-0.004706,-0.002172,0.0,-0.002008,-0.006913,-0.003599,-0.004469,-0.004468,-0.006504,-0.001964,-0.000967,-0.001213,-0.0,-0.001003,-0.003073,-0.003251,-0.003794
2017-05-30 09:31:00+02:00,-0.0,0.0,-0.000456,-0.003486,-0.000519,-1e-06,-0.00134,-0.001952,-0.002136,-9e-06,-0.0,-0.0,-0.002136,-0.002136,-0.001107,-0.004272,-1.2e-05,-0.0,-3e-06,-0.004272,0.0,-0.004272,-0.002899,-0.0,-0.004272,-0.004272,-0.001839,0.0,-0.000937,-4e-06,-0.0,-0.002136,0.0,-0.002136,-0.002136,-0.0,-0.000683,-0.002727,0.0,-0.004272,-0.001598,-0.0,-0.002318,0.0,-0.000389,-0.001359,-0.001583,-0.002136,-0.001814,0.0,-1e-06,-0.002136,-0.002136,-0.002136,-0.0,0.0,-0.000179,-0.0,0.0,-0.001369,-0.002136,-0.004272,-0.0031,0.0,-0.000556,-0.004272,-0.000954,-0.002136,0.0,-0.000811,-0.001447,-3e-06,-0.0,-0.002136,-0.002136,0.0,-1.4e-05,-0.0,-0.002152,-0.0,-0.002136,-0.0,-0.001592,-0.004272,-3.8e-05,-3.3e-05,-0.002136,-0.0,-1e-06,-0.0,-0.000205,-0.002136,-0.002136,0.0,-0.001571,-0.002061,-0.004272,-0.004272,-0.0,-0.004272,-1e-06,-0.004012,-0.001799,0.0,-0.001663,-0.004272,-0.002136,-0.003806,-0.003797,-0.004272,-0.001633,-0.000773,-0.000978,-0.0,-0.000802,-0.002568,-0.00272,-0.002136
2017-05-30 09:32:00+02:00,-0.0,0.0,-0.000364,-0.002789,-0.000416,-1e-06,-0.001072,-0.001561,-0.001709,-7e-06,-0.0,-0.0,-0.001753,-0.001734,-0.000886,-0.003417,-9e-06,-0.0,-2e-06,-0.003417,0.0,-0.003417,-0.00232,-0.0,-0.003417,-0.003417,-0.001472,0.0,-0.00075,-3e-06,-0.0,-0.001709,0.0,-0.001709,-0.001709,-0.0,-0.000547,-0.002182,0.0,-0.00342,-0.001278,-0.0,-0.001854,0.0,-0.000311,-0.001087,-0.001266,-0.001709,-0.001451,0.0,-0.0,-0.001709,-0.001709,-0.001752,-0.0,0.0,-0.000143,-0.0,0.0,-0.001095,-0.001709,-0.003417,-0.00248,0.0,-0.000445,-0.003417,-0.000763,-0.001709,0.0,-0.000649,-0.001158,-3e-06,-0.0,-0.001709,-0.001726,0.0,-1.1e-05,-0.0,-0.001721,-0.0,-0.001709,-0.0,-0.001274,-0.003417,-3e-05,-2.6e-05,-0.001742,-0.0,-0.0,-0.0,-0.000164,-0.001709,-0.001745,0.0,-0.001257,-0.001649,-0.003417,-0.003417,-0.0,-0.003417,-0.0,-0.00321,-0.001439,0.0,-0.00133,-0.003504,-0.001749,-0.003045,-0.003037,-0.003417,-0.001306,-0.000619,-0.000782,-0.0,-0.000642,-0.002055,-0.002176,-0.001741
2017-05-30 09:33:00+02:00,-0.0,0.0,-0.000292,-0.002231,-0.000332,-1e-06,-0.000857,-0.001249,-0.001393,-6e-06,-0.0,-0.0,-0.001497,-0.001456,-0.000709,-0.002734,-8e-06,-0.0,-2e-06,-0.00274,0.0,-0.002737,-0.001856,-0.0,-0.002779,-0.002749,-0.001177,0.0,-0.0006,-2e-06,-0.0,-0.001382,0.0,-0.00137,-0.001408,-0.0,-0.000437,-0.001745,0.0,-0.002826,-0.001023,-0.0,-0.001483,0.0,-0.000249,-0.00087,-0.001013,-0.001367,-0.001161,0.0,-0.0,-0.001367,-0.001367,-0.001492,-0.0,0.0,-0.000114,-0.0,0.0,-0.000876,-0.001367,-0.002792,-0.001984,0.0,-0.000356,-0.002734,-0.000611,-0.001367,0.0,-0.000519,-0.000926,-2e-06,-0.0,-0.001367,-0.001439,0.0,-9e-06,-0.0,-0.001377,-0.0,-0.001367,-0.0,-0.001019,-0.002794,-2.4e-05,-2.1e-05,-0.00149,-0.0,-0.0,-0.0,-0.000131,-0.001367,-0.001481,0.0,-0.001005,-0.001319,-0.002757,-0.002757,-0.0,-0.002754,-0.0,-0.002568,-0.001151,0.0,-0.001064,-0.002993,-0.001492,-0.002436,-0.00243,-0.002758,-0.001045,-0.000495,-0.000626,-0.0,-0.000513,-0.001644,-0.001741,-0.001478
2017-05-30 09:34:00+02:00,-0.0,0.0,-0.000312,-0.00227,-0.000331,-1e-06,-0.00085,-0.00123,-0.001603,-4e-06,-0.0,-0.0,-0.001723,-0.001613,-0.000752,-0.002822,-6e-06,-0.0,-1e-06,-0.002914,0.0,-0.002904,-0.001839,-0.0,-0.003004,-0.002935,-0.001161,0.0,-0.000621,-2e-06,-0.0,-0.001506,0.0,-0.001423,-0.001494,-0.0,-0.000515,-0.001728,0.0,-0.003124,-0.001009,-0.0,-0.001517,0.0,-0.000245,-0.000912,-0.001034,-0.001503,-0.001214,0.0,-0.0,-0.001452,-0.001411,-0.00168,-0.0,0.0,-0.000124,-0.0,0.0,-0.000884,-0.001472,-0.003036,-0.002024,0.0,-0.000379,-0.00286,-0.00061,-0.001523,0.0,-0.000519,-0.000939,-2e-06,-0.0,-0.001419,-0.00155,0.0,-7e-06,-0.0,-0.001371,-0.0,-0.001456,-0.0,-0.001063,-0.003042,-1.9e-05,-1.7e-05,-0.001863,-0.0,-0.0,-0.0,-0.000127,-0.001471,-0.001693,0.0,-0.001025,-0.001416,-0.002961,-0.002961,-0.0,-0.002938,-0.0,-0.002607,-0.001164,0.0,-0.00105,-0.003444,-0.001746,-0.002526,-0.002466,-0.002958,-0.001031,-0.000516,-0.000644,-0.0,-0.000517,-0.001675,-0.001782,-0.001749
2017-05-30 09:35:00+02:00,-0.0,0.0,-0.000698,-0.002739,-0.000703,-0.00021,-0.001095,-0.001472,-0.001973,-0.000189,-6.1e-05,-0.0,-0.001951,-0.001831,-0.000968,-0.003352,-0.000328,-0.0,-0.000245,-0.003494,0.0,-0.003487,-0.002263,-0.0,-0.003566,-0.003511,-0.001408,0.0,-0.000869,-0.000168,-3.7e-05,-0.001809,0.0,-0.001673,-0.001705,-0.0,-0.000937,-0.002143,0.0,-0.003662,-0.001229,-0.0,-0.001962,0.0,-0.000611,-0.001345,-0.0013,-0.001885,-0.001483,0.0,-9.8e-05,-0.001764,-0.00167,-0.001884,-2.9e-05,0.0,-0.000492,-0.0,0.0,-0.001287,-0.001808,-0.003593,-0.002488,0.0,-0.000769,-0.003427,-0.000854,-0.001923,0.0,-0.000742,-0.001173,-0.000145,-6.2e-05,-0.001676,-0.00175,0.0,-0.00033,-0.0,-0.001782,-0.0,-0.001767,-0.0,-0.001501,-0.003597,-0.000349,-0.000361,-0.002223,-4.1e-05,-8.3e-05,-0.0,-0.000325,-0.001781,-0.001926,0.0,-0.001239,-0.001885,-0.003531,-0.00353,-0.0,-0.003513,-9.9e-05,-0.003086,-0.001424,0.0,-0.001277,-0.003919,-0.002001,-0.003015,-0.002935,-0.003529,-0.001251,-0.000761,-0.00088,-1.2e-05,-0.000902,-0.002124,-0.002238,-0.002034
2017-05-30 09:36:00+02:00,-0.0,0.0,-0.000609,-0.002527,-0.000599,-0.000168,-0.000971,-0.001317,-0.001863,-0.000151,-4.9e-05,-0.0,-0.001921,-0.001787,-0.000907,-0.003124,-0.000263,-0.0,-0.000196,-0.003323,0.0,-0.003314,-0.002066,-0.0,-0.003382,-0.003324,-0.001256,0.0,-0.000775,-0.000134,-2.9e-05,-0.001704,0.0,-0.001569,-0.001642,-0.0,-0.000838,-0.00195,0.0,-0.003519,-0.001108,-0.0,-0.001808,0.0,-0.000511,-0.001218,-0.001165,-0.001759,-0.001346,0.0,-7.8e-05,-0.00166,-0.001555,-0.001859,-2.3e-05,0.0,-0.00041,-0.0,0.0,-0.001155,-0.001699,-0.003421,-0.002292,0.0,-0.000677,-0.003212,-0.000751,-0.001802,0.0,-0.000656,-0.001069,-0.000116,-4.9e-05,-0.001589,-0.001703,0.0,-0.000264,-0.0,-0.001615,-0.0,-0.001644,-0.0,-0.001366,-0.003427,-0.000279,-0.000288,-0.002161,-3.3e-05,-6.6e-05,-0.0,-0.000269,-0.001675,-0.001889,0.0,-0.00116,-0.001738,-0.003346,-0.003347,-0.0,-0.003306,-7.9e-05,-0.002852,-0.001286,0.0,-0.001147,-0.003862,-0.001963,-0.002792,-0.002707,-0.003349,-0.001128,-0.000675,-0.000794,-1e-05,-0.00079,-0.001959,-0.002057,-0.001983
2017-05-30 09:37:00+02:00,-0.0,0.0,-0.000487,-0.002036,-0.000479,-0.000135,-0.000777,-0.001053,-0.001608,-0.000121,-3.9e-05,-0.0,-0.001725,-0.001583,-0.000726,-0.002612,-0.00021,-0.0,-0.000157,-0.002841,0.0,-0.00283,-0.001653,-0.0,-0.002907,-0.002839,-0.001005,0.0,-0.00062,-0.000107,-2.4e-05,-0.001458,0.0,-0.001329,-0.001428,-0.0,-0.00067,-0.00156,0.0,-0.003072,-0.000886,-0.0,-0.001446,0.0,-0.000409,-0.000974,-0.000932,-0.00148,-0.001077,0.0,-6.3e-05,-0.001405,-0.001301,-0.001665,-1.8e-05,0.0,-0.000328,-0.0,0.0,-0.000924,-0.001438,-0.002956,-0.001833,0.0,-0.000542,-0.002708,-0.000601,-0.001527,0.0,-0.000525,-0.000855,-9.3e-05,-3.9e-05,-0.001351,-0.001498,0.0,-0.000211,-0.0,-0.001292,-0.0,-0.001378,-0.0,-0.001093,-0.002963,-0.000223,-0.000231,-0.001941,-2.6e-05,-5.3e-05,-0.0,-0.000215,-0.001423,-0.001688,0.0,-0.000944,-0.00139,-0.002865,-0.002867,-0.0,-0.002817,-6.3e-05,-0.002341,-0.001029,0.0,-0.000918,-0.003467,-0.001761,-0.002302,-0.002204,-0.002869,-0.000902,-0.00054,-0.000635,-8e-06,-0.000632,-0.001567,-0.001645,-0.001772
2017-05-30 09:38:00+02:00,-0.0,0.0,-0.000576,-0.002308,-0.00054,-0.000108,-0.000884,-0.001192,-0.001952,-0.00013,-3.1e-05,-0.0,-0.002076,-0.001858,-0.000842,-0.002952,-0.000227,-0.0,-0.000125,-0.00325,0.0,-0.003227,-0.001838,-0.0,-0.003352,-0.003256,-0.001139,0.0,-0.000733,-9.9e-05,-1.9e-05,-0.00171,0.0,-0.001505,-0.001627,-0.0,-0.000819,-0.001744,0.0,-0.003587,-0.001,-0.0,-0.001651,0.0,-0.000459,-0.001133,-0.001088,-0.001763,-0.001271,0.0,-5e-05,-0.001627,-0.001484,-0.001971,-1.5e-05,0.0,-0.000395,-0.0,0.0,-0.001038,-0.001682,-0.003413,-0.002087,0.0,-0.00064,-0.003076,-0.000686,-0.001826,0.0,-0.000598,-0.000989,-7.4e-05,-3.2e-05,-0.00153,-0.001722,0.0,-0.000224,-0.0,-0.001447,-0.0,-0.001613,-0.0,-0.001265,-0.003425,-0.000228,-0.000266,-0.002448,-2.1e-05,-4.3e-05,-0.0,-0.000245,-0.001663,-0.002024,0.0,-0.001065,-0.001629,-0.003319,-0.003314,-0.0,-0.003226,-5.1e-05,-0.002634,-0.001192,0.0,-0.001037,-0.004126,-0.002144,-0.002629,-0.002494,-0.003304,-0.001018,-0.000641,-0.000745,-6e-06,-0.000713,-0.001785,-0.001879,-0.002175
2017-05-30 09:39:00+02:00,-0.0,0.0,-0.001186,-0.003268,-0.00113,-0.000465,-0.001411,-0.001772,-0.002507,-0.000447,-0.000164,-1.4e-05,-0.002408,-0.002176,-0.001234,-0.003828,-0.000739,-0.0,-0.000533,-0.004072,0.0,-0.004046,-0.002686,-4.8e-05,-0.004151,-0.004072,-0.001719,0.0,-0.001228,-0.000386,-0.00011,-0.002172,0.0,-0.001894,-0.001933,-0.0,-0.001521,-0.002588,0.0,-0.004341,-0.001494,-4.6e-05,-0.00248,0.0,-0.001032,-0.001884,-0.00168,-0.002392,-0.001882,0.0,-0.000235,-0.002105,-0.001935,-0.002267,-8.1e-05,0.0,-0.000977,-6.7e-05,0.0,-0.001737,-0.002201,-0.004195,-0.00301,0.0,-0.001266,-0.003928,-0.00117,-0.002443,0.0,-0.001027,-0.00149,-0.000323,-0.000157,-0.001914,-0.002009,0.0,-0.000747,-0.0,-0.00223,-4.2e-05,-0.002146,-3.3e-05,-0.002038,-0.004205,-0.000729,-0.000792,-0.002969,-0.000125,-0.000215,-1e-06,-0.000577,-0.002134,-0.002367,0.0,-0.001484,-0.002483,-0.004154,-0.00414,-2e-05,-0.004053,-0.00024,-0.003571,-0.001784,0.0,-0.001557,-0.004768,-0.002518,-0.003591,-0.003474,-0.004115,-0.001515,-0.001117,-0.001217,-9.9e-05,-0.001345,-0.002642,-0.002767,-0.002595
2017-05-30 09:40:00+02:00,-0.0,0.0,-0.0012,-0.003417,-0.001144,-0.000372,-0.001468,-0.001852,-0.002738,-0.000427,-0.000131,-1.2e-05,-0.002567,-0.002334,-0.00128,-0.004064,-0.0007,-0.0,-0.00044,-0.004389,0.0,-0.004357,-0.002804,-3.9e-05,-0.004467,-0.004393,-0.001796,0.0,-0.001275,-0.00035,-8.8e-05,-0.002334,0.0,-0.002002,-0.002083,-0.0,-0.001546,-0.002696,0.0,-0.004728,-0.001559,-3.7e-05,-0.002579,0.0,-0.001038,-0.001954,-0.001754,-0.002582,-0.001959,0.0,-0.000188,-0.00226,-0.002055,-0.002407,-6.4e-05,0.0,-0.000971,-5.4e-05,0.0,-0.001796,-0.002371,-0.004526,-0.003146,0.0,-0.001285,-0.004195,-0.001211,-0.002649,0.0,-0.001061,-0.001551,-0.000287,-0.000126,-0.002047,-0.002154,0.0,-0.000712,-0.0,-0.002318,-3.4e-05,-0.002298,-2.6e-05,-0.002119,-0.00454,-0.0007,-0.000767,-0.003239,-0.0001,-0.000172,-1e-06,-0.000579,-0.002301,-0.002534,0.0,-0.001549,-0.002573,-0.00449,-0.004476,-1.6e-05,-0.004324,-0.000192,-0.003748,-0.001861,0.0,-0.001625,-0.005086,-0.002701,-0.003746,-0.003633,-0.00445,-0.001581,-0.001157,-0.00126,-7.9e-05,-0.001375,-0.00275,-0.002889,-0.002807
2017-05-30 09:41:00+02:00,-0.0,0.0,-0.00096,-0.003144,-0.000915,-0.000298,-0.001297,-0.001687,-0.002651,-0.000341,-0.000105,-9e-06,-0.002572,-0.002302,-0.001169,-0.003825,-0.00056,-0.0,-0.000352,-0.004197,0.0,-0.004163,-0.002552,-3.1e-05,-0.004296,-0.004197,-0.001626,0.0,-0.001104,-0.00028,-7e-05,-0.002239,0.0,-0.0019,-0.002014,-0.0,-0.001279,-0.002439,0.0,-0.004594,-0.001414,-2.9e-05,-0.002317,0.0,-0.000831,-0.001684,-0.001572,-0.002453,-0.001798,0.0,-0.000151,-0.002149,-0.001935,-0.002404,-5.2e-05,0.0,-0.000777,-4.3e-05,0.0,-0.001542,-0.002257,-0.004363,-0.002876,0.0,-0.001028,-0.003971,-0.00104,-0.002528,0.0,-0.000908,-0.0014,-0.00023,-0.000101,-0.001948,-0.002106,0.0,-0.00057,-0.0,-0.002064,-2.7e-05,-0.002172,-2.1e-05,-0.00185,-0.004378,-0.00056,-0.000614,-0.003252,-8e-05,-0.000138,-1e-06,-0.000463,-0.002194,-0.002526,0.0,-0.001431,-0.002316,-0.004297,-0.004285,-1.3e-05,-0.004129,-0.000153,-0.003482,-0.001689,0.0,-0.001472,-0.005091,-0.002706,-0.003492,-0.003358,-0.004261,-0.001436,-0.000985,-0.001102,-6.3e-05,-0.001116,-0.002487,-0.002619,-0.002801
2017-05-30 09:42:00+02:00,-0.0,0.0,-0.000768,-0.002954,-0.000732,-0.000238,-0.00118,-0.001577,-0.002608,-0.000273,-8.4e-05,-7e-06,-0.002602,-0.002298,-0.001093,-0.003663,-0.000448,-0.0,-0.000282,-0.004069,0.0,-0.004033,-0.00238,-2.5e-05,-0.004194,-0.004072,-0.001511,0.0,-0.000982,-0.000224,-5.6e-05,-0.002184,0.0,-0.001836,-0.001975,-0.0,-0.00109,-0.002264,0.0,-0.004525,-0.001316,-2.4e-05,-0.002132,0.0,-0.000664,-0.00149,-0.001445,-0.002371,-0.00169,0.0,-0.00012,-0.002076,-0.001856,-0.002424,-4.1e-05,0.0,-0.000622,-3.4e-05,0.0,-0.001366,-0.002183,-0.004269,-0.002686,0.0,-0.000836,-0.003823,-0.000922,-0.002452,0.0,-0.000801,-0.001295,-0.000184,-8e-05,-0.001882,-0.002086,0.0,-0.000456,-0.0,-0.001888,-2.2e-05,-0.002091,-1.7e-05,-0.001657,-0.004286,-0.000448,-0.000491,-0.003297,-6.4e-05,-0.00011,-0.0,-0.000371,-0.002128,-0.002546,0.0,-0.001348,-0.002139,-0.004178,-0.004166,-1e-05,-0.004007,-0.000123,-0.003298,-0.00157,0.0,-0.001369,-0.00514,-0.002738,-0.003322,-0.003166,-0.004142,-0.001338,-0.000862,-0.000991,-5.1e-05,-0.000935,-0.002302,-0.002428,-0.002827
2017-05-30 09:43:00+02:00,-0.0,0.0,-0.000746,-0.003036,-0.000714,-0.000191,-0.001222,-0.001643,-0.00279,-0.000218,-6.7e-05,-6e-06,-0.002829,-0.002467,-0.001127,-0.003806,-0.000358,-0.0,-0.000225,-0.004263,0.0,-0.004217,-0.002454,-2e-05,-0.004413,-0.004268,-0.001572,0.0,-0.001004,-0.000179,-4.5e-05,-0.002316,0.0,-0.001925,-0.002085,-0.0,-0.001096,-0.002339,0.0,-0.004794,-0.001368,-1.9e-05,-0.002179,0.0,-0.000632,-0.001508,-0.001491,-0.002504,-0.001759,0.0,-9.6e-05,-0.002184,-0.001942,-0.002624,-3.3e-05,0.0,-0.000569,-2.7e-05,0.0,-0.001393,-0.002302,-0.004496,-0.002758,0.0,-0.000823,-0.003986,-0.000948,-0.002595,0.0,-0.000823,-0.001337,-0.000147,-6.4e-05,-0.001971,-0.002219,0.0,-0.000365,-0.0,-0.001942,-1.7e-05,-0.002201,-1.3e-05,-0.001682,-0.004515,-0.000361,-0.000408,-0.003607,-5.1e-05,-8.8e-05,-0.0,-0.000351,-0.002248,-0.00276,0.0,-0.001389,-0.002195,-0.004401,-0.004384,-8e-06,-0.004203,-9.8e-05,-0.003401,-0.001624,0.0,-0.001424,-0.005545,-0.002983,-0.003446,-0.003265,-0.00435,-0.001392,-0.000876,-0.001016,-4e-05,-0.000937,-0.002358,-0.002489,-0.003077
2017-05-30 09:44:00+02:00,-0.0,0.0,-0.000989,-0.003516,-0.000965,-0.000197,-0.001503,-0.001971,-0.003292,-0.000314,-5.4e-05,-5e-06,-0.003103,-0.002742,-0.001323,-0.004389,-0.000509,-0.0,-0.000277,-0.004925,0.0,-0.004858,-0.002889,-1.6e-05,-0.005094,-0.004927,-0.001894,0.0,-0.001248,-0.00025,-3.6e-05,-0.002715,0.0,-0.002233,-0.002363,-0.0,-0.001402,-0.002786,0.0,-0.005435,-0.001645,-1.5e-05,-0.00257,0.0,-0.000864,-0.001848,-0.001798,-0.002953,-0.002086,0.0,-7.7e-05,-0.002559,-0.002268,-0.002867,-2.6e-05,0.0,-0.000783,-2.2e-05,0.0,-0.001729,-0.002705,-0.005176,-0.003211,0.0,-0.00108,-0.004597,-0.001197,-0.003061,0.0,-0.001043,-0.001599,-0.000198,-5.2e-05,-0.002289,-0.00247,0.0,-0.000517,-0.0,-0.002341,-1.4e-05,-0.002589,-1.1e-05,-0.002035,-0.005192,-0.000524,-0.000574,-0.004027,-4.1e-05,-7e-05,-0.0,-0.000493,-0.002637,-0.003047,0.0,-0.001611,-0.002596,-0.005123,-0.005092,-6e-06,-0.004852,-7.8e-05,-0.00392,-0.001937,0.0,-0.001716,-0.006023,-0.003293,-0.003997,-0.003785,-0.005031,-0.001672,-0.001106,-0.001249,-3.2e-05,-0.001224,-0.00277,-0.002922,-0.00343
2017-05-30 09:45:00+02:00,-0.0,0.0,-0.001138,-0.003886,-0.001113,-0.000157,-0.001708,-0.002225,-0.003698,-0.000348,-4.3e-05,-4e-06,-0.003315,-0.002955,-0.00147,-0.004855,-0.000568,-0.0,-0.00025,-0.005507,0.0,-0.005422,-0.003224,-1.3e-05,-0.005649,-0.005465,-0.002142,0.0,-0.001418,-0.000265,-2.9e-05,-0.003042,0.0,-0.002483,-0.002579,-0.0,-0.00159,-0.003126,0.0,-0.005933,-0.001859,-1.2e-05,-0.002873,0.0,-0.000994,-0.002079,-0.002023,-0.003342,-0.002333,0.0,-6.2e-05,-0.002889,-0.00253,-0.003055,-2.1e-05,0.0,-0.000901,-1.8e-05,0.0,-0.001961,-0.003059,-0.005705,-0.003555,0.0,-0.001242,-0.005091,-0.00137,-0.003467,0.0,-0.001195,-0.001806,-0.000198,-4.1e-05,-0.002569,-0.002665,0.0,-0.000569,-0.0,-0.002634,-1.1e-05,-0.002901,-9e-06,-0.002281,-0.005719,-0.00059,-0.000649,-0.004356,-3.3e-05,-5.6e-05,-0.0,-0.000572,-0.002955,-0.003271,0.0,-0.001785,-0.002884,-0.005713,-0.005671,-5e-06,-0.005379,-6.3e-05,-0.004328,-0.002186,0.0,-0.001939,-0.006391,-0.003534,-0.004426,-0.00419,-0.005588,-0.001888,-0.001262,-0.001423,-2.6e-05,-0.001405,-0.003094,-0.003245,-0.003705
2017-05-30 09:46:00+02:00,-0.0,0.0,-0.001072,-0.003889,-0.001054,-0.000126,-0.001737,-0.002293,-0.003879,-0.000279,-3.4e-05,-3e-06,-0.003479,-0.003122,-0.0015,-0.004904,-0.000454,-0.0,-0.0002,-0.005737,0.0,-0.005642,-0.003303,-1e-05,-0.005875,-0.005565,-0.002201,0.0,-0.001382,-0.000212,-2.3e-05,-0.003178,0.0,-0.002579,-0.002719,-0.0,-0.001545,-0.003202,0.0,-0.006257,-0.001913,-1e-05,-0.002911,0.0,-0.000923,-0.002012,-0.002008,-0.003489,-0.002393,0.0,-4.9e-05,-0.00302,-0.002567,-0.003202,-1.7e-05,0.0,-0.000804,-1.4e-05,0.0,-0.001962,-0.003199,-0.005947,-0.003547,0.0,-0.001185,-0.005158,-0.001376,-0.003628,0.0,-0.001198,-0.001844,-0.000158,-3.3e-05,-0.002681,-0.002818,0.0,-0.000455,-0.0,-0.002677,-9e-06,-0.00295,-7e-06,-0.002222,-0.005965,-0.000472,-0.000528,-0.004607,-2.6e-05,-4.5e-05,-0.0,-0.000529,-0.00302,-0.003444,0.0,-0.001794,-0.002918,-0.005837,-0.005791,-4e-06,-0.005583,-5e-05,-0.004349,-0.002238,0.0,-0.001995,-0.006675,-0.00372,-0.004556,-0.004208,-0.0057,-0.001943,-0.001217,-0.001432,-2.1e-05,-0.00137,-0.003146,-0.003225,-0.003917
2017-05-30 09:47:00+02:00,-0.0,0.0,-0.000941,-0.003737,-0.000943,-0.000101,-0.001672,-0.002237,-0.003812,-0.000223,-2.7e-05,-2e-06,-0.003491,-0.00315,-0.001439,-0.004754,-0.000364,-0.0,-0.00016,-0.00566,0.0,-0.005567,-0.003228,-8e-06,-0.005774,-0.005432,-0.002142,0.0,-0.00128,-0.00017,-1.8e-05,-0.003114,0.0,-0.002521,-0.002696,-0.0,-0.001386,-0.003118,0.0,-0.006209,-0.001863,-8e-06,-0.002795,0.0,-0.000805,-0.001861,-0.001899,-0.003426,-0.002298,0.0,-3.9e-05,-0.002971,-0.002487,-0.003214,-1.4e-05,0.0,-0.000655,-1.1e-05,0.0,-0.001866,-0.003146,-0.005859,-0.003396,0.0,-0.001055,-0.005014,-0.001306,-0.00357,0.0,-0.001136,-0.001773,-0.000127,-2.6e-05,-0.00264,-0.002827,0.0,-0.000364,-0.0,-0.002588,-7e-06,-0.002859,-5e-06,-0.002072,-0.005879,-0.000378,-0.000423,-0.004642,-2.1e-05,-3.6e-05,-0.0,-0.000457,-0.00294,-0.003463,0.0,-0.001727,-0.002774,-0.005695,-0.005653,-3e-06,-0.00547,-4e-05,-0.004198,-0.002157,0.0,-0.001942,-0.006707,-0.003737,-0.004415,-0.00405,-0.005568,-0.001894,-0.001116,-0.001355,-1.7e-05,-0.001266,-0.003032,-0.003073,-0.003945
2017-05-30 09:48:00+02:00,-0.0,0.0,-0.000753,-0.003369,-0.000754,-8.1e-05,-0.001441,-0.002024,-0.003608,-0.000178,-2.2e-05,-2e-06,-0.003449,-0.003058,-0.001281,-0.004388,-0.000291,-0.0,-0.000128,-0.005366,0.0,-0.00527,-0.002912,-6e-06,-0.005441,-0.005083,-0.00192,0.0,-0.001032,-0.000136,-1.5e-05,-0.002937,0.0,-0.002363,-0.002571,-0.0,-0.001109,-0.002794,0.0,-0.00591,-0.001677,-6e-06,-0.002461,0.0,-0.000644,-0.001489,-0.00164,-0.003228,-0.00206,0.0,-3.2e-05,-0.002814,-0.002304,-0.003171,-1.1e-05,0.0,-0.000524,-9e-06,0.0,-0.001528,-0.002979,-0.005527,-0.003028,0.0,-0.000844,-0.004653,-0.00107,-0.003376,0.0,-0.000923,-0.001577,-0.000101,-2.1e-05,-0.002506,-0.002726,0.0,-0.000291,-0.0,-0.002258,-6e-06,-0.002651,-4e-06,-0.0017,-0.005548,-0.000302,-0.000338,-0.00454,-1.7e-05,-2.9e-05,-0.0,-0.000366,-0.002752,-0.003398,0.0,-0.00157,-0.002403,-0.005347,-0.005307,-3e-06,-0.00513,-3.2e-05,-0.00383,-0.001933,0.0,-0.001745,-0.006587,-0.003681,-0.004051,-0.003679,-0.005222,-0.001708,-0.000892,-0.001139,-1.3e-05,-0.001012,-0.002698,-0.002704,-0.003859
2017-05-30 09:49:00+02:00,-0.0,0.0,-0.000927,-0.003732,-0.00094,-6.5e-05,-0.001661,-0.002279,-0.00395,-0.000211,-1.8e-05,-2e-06,-0.003621,-0.003239,-0.001436,-0.00481,-0.000361,-0.0,-0.000102,-0.005881,0.0,-0.005772,-0.003267,-5e-06,-0.005928,-0.005554,-0.00217,0.0,-0.001217,-0.000152,-1.2e-05,-0.003221,0.0,-0.002594,-0.002778,-0.0,-0.001324,-0.003157,0.0,-0.006359,-0.001898,-5e-06,-0.002785,0.0,-0.000812,-0.001755,-0.001864,-0.003565,-0.002295,0.0,-2.5e-05,-0.003106,-0.002539,-0.003329,-9e-06,0.0,-0.000667,-7e-06,0.0,-0.001808,-0.003287,-0.006021,-0.003374,0.0,-0.001033,-0.005094,-0.001268,-0.003722,0.0,-0.001101,-0.001788,-9.4e-05,-1.7e-05,-0.002761,-0.002902,0.0,-0.000344,-0.0,-0.002584,-5e-06,-0.002921,-3e-06,-0.001976,-0.006044,-0.000401,-0.000431,-0.004783,-1.3e-05,-2.3e-05,-0.0,-0.000466,-0.003026,-0.00358,0.0,-0.001745,-0.002708,-0.005856,-0.005808,-2e-06,-0.005602,-2.6e-05,-0.004217,-0.002178,0.0,-0.001974,-0.006887,-0.003871,-0.00446,-0.004069,-0.005708,-0.00193,-0.001062,-0.001327,-1.1e-05,-0.001237,-0.00304,-0.003036,-0.004072
2017-05-30 09:50:00+02:00,-0.0,0.0,-0.000905,-0.003857,-0.000925,-5.2e-05,-0.001723,-0.002372,-0.004125,-0.000169,-1.4e-05,-1e-06,-0.003787,-0.003412,-0.001494,-0.004985,-0.000289,-0.0,-8.2e-05,-0.006143,0.0,-0.006023,-0.003396,-4e-06,-0.006174,-0.00577,-0.002256,0.0,-0.001252,-0.000122,-9e-06,-0.003366,0.0,-0.002711,-0.002931,-0.0,-0.001328,-0.003287,0.0,-0.006683,-0.001979,-4e-06,-0.002887,0.0,-0.000783,-0.0018,-0.001924,-0.003726,-0.002381,0.0,-2e-05,-0.003254,-0.002642,-0.003484,-7e-06,0.0,-0.00061,-6e-06,0.0,-0.001871,-0.003442,-0.006274,-0.003485,0.0,-0.001021,-0.005284,-0.001312,-0.00389,0.0,-0.001141,-0.001861,-7.5e-05,-1.4e-05,-0.002895,-0.00307,0.0,-0.000275,-0.0,-0.002684,-4e-06,-0.003037,-3e-06,-0.00203,-0.0063,-0.000321,-0.000345,-0.005006,-1.1e-05,-1.8e-05,-0.0,-0.000447,-0.003154,-0.003754,0.0,-0.001814,-0.002797,-0.006098,-0.006046,-2e-06,-0.005834,-2.1e-05,-0.004363,-0.002264,0.0,-0.002057,-0.007175,-0.004052,-0.004635,-0.004214,-0.005934,-0.002013,-0.001085,-0.001374,-8e-06,-0.001252,-0.003156,-0.003135,-0.004273
2017-05-30 09:51:00+02:00,-0.0,0.0,-0.000907,-0.004021,-0.000928,-4.1e-05,-0.001791,-0.00247,-0.004305,-0.000135,-1.1e-05,-1e-06,-0.003926,-0.003557,-0.001562,-0.005201,-0.000231,-0.0,-6.5e-05,-0.006438,0.0,-0.006308,-0.00354,-3e-06,-0.00644,-0.006027,-0.002348,0.0,-0.001305,-9.7e-05,-8e-06,-0.003518,0.0,-0.002837,-0.00309,-0.0,-0.001355,-0.00343,0.0,-0.007017,-0.002066,-3e-06,-0.003012,0.0,-0.000772,-0.001877,-0.002003,-0.003898,-0.002477,0.0,-1.6e-05,-0.003415,-0.002765,-0.003615,-6e-06,0.0,-0.00058,-5e-06,0.0,-0.001946,-0.003609,-0.006547,-0.003634,0.0,-0.001033,-0.005515,-0.001362,-0.004071,0.0,-0.001187,-0.001944,-6e-05,-1.1e-05,-0.003044,-0.003214,0.0,-0.00022,-0.0,-0.002799,-3e-06,-0.003174,-2e-06,-0.002117,-0.006573,-0.000258,-0.000284,-0.005183,-9e-06,-1.5e-05,-0.0,-0.000438,-0.0033,-0.0039,0.0,-0.001902,-0.002908,-0.006377,-0.006321,-1e-06,-0.006086,-1.6e-05,-0.004549,-0.002361,0.0,-0.002146,-0.007418,-0.004202,-0.00483,-0.004397,-0.006201,-0.002101,-0.001127,-0.001433,-7e-06,-0.001284,-0.003294,-0.003271,-0.004437
2017-05-30 09:52:00+02:00,-0.0,0.0,-0.000849,-0.00412,-0.000878,-3.3e-05,-0.001812,-0.002517,-0.004408,-0.000108,-9e-06,-1e-06,-0.004041,-0.003679,-0.00159,-0.005347,-0.000185,-0.0,-5.2e-05,-0.006622,0.0,-0.006484,-0.00361,-3e-06,-0.006594,-0.006206,-0.002388,0.0,-0.001319,-7.8e-05,-6e-06,-0.003607,0.0,-0.002909,-0.003194,-0.0,-0.00131,-0.003498,0.0,-0.007227,-0.002107,-3e-06,-0.003055,0.0,-0.000711,-0.001896,-0.002039,-0.003997,-0.002511,0.0,-1.3e-05,-0.003514,-0.00285,-0.003725,-4e-06,0.0,-0.000493,-4e-06,0.0,-0.001957,-0.00371,-0.006707,-0.003718,0.0,-0.000983,-0.005673,-0.001366,-0.004177,0.0,-0.001191,-0.001977,-4.8e-05,-9e-06,-0.003139,-0.003335,0.0,-0.000176,-0.0,-0.002843,-2e-06,-0.003266,-2e-06,-0.002144,-0.006735,-0.000207,-0.000227,-0.005326,-7e-06,-1.2e-05,-0.0,-0.000399,-0.003403,-0.00402,0.0,-0.001959,-0.002934,-0.006574,-0.006515,-1e-06,-0.006228,-1.3e-05,-0.004668,-0.002399,0.0,-0.002187,-0.007619,-0.004325,-0.004923,-0.004512,-0.006389,-0.002144,-0.001131,-0.001442,-5e-06,-0.001257,-0.003349,-0.003343,-0.004571
2017-05-30 09:53:00+02:00,-0.0,0.0,-0.000785,-0.004189,-0.00079,-2.6e-05,-0.001798,-0.002526,-0.004483,-8.7e-05,-7e-06,-1e-06,-0.004156,-0.003799,-0.001605,-0.005461,-0.000148,-0.0,-4.2e-05,-0.006798,0.0,-0.006654,-0.003628,-2e-06,-0.00671,-0.006352,-0.00239,0.0,-0.001315,-6.2e-05,-5e-06,-0.003673,0.0,-0.002965,-0.00328,-0.0,-0.001239,-0.003512,0.0,-0.007392,-0.002116,-2e-06,-0.003089,0.0,-0.000614,-0.001888,-0.002053,-0.004088,-0.002523,0.0,-1e-05,-0.003608,-0.002918,-0.003836,-4e-06,0.0,-0.000402,-3e-06,0.0,-0.001918,-0.003806,-0.006829,-0.003774,0.0,-0.000926,-0.0058,-0.001336,-0.004275,0.0,-0.001165,-0.002003,-3.9e-05,-7e-06,-0.003231,-0.003453,0.0,-0.000141,-0.0,-0.002837,-2e-06,-0.003338,-1e-06,-0.002146,-0.006857,-0.000165,-0.000182,-0.00546,-6e-06,-9e-06,-0.0,-0.000339,-0.003486,-0.004139,0.0,-0.002004,-0.00293,-0.006735,-0.006675,-1e-06,-0.006333,-1.1e-05,-0.004757,-0.002429,0.0,-0.002193,-0.007818,-0.004446,-0.004982,-0.004597,-0.006543,-0.002154,-0.001118,-0.001444,-4e-06,-0.001189,-0.003394,-0.003386,-0.0047
2017-05-30 09:54:00+02:00,-0.0,0.0,-0.000757,-0.004301,-0.000753,-2.1e-05,-0.001816,-0.002567,-0.004578,-6.9e-05,-6e-06,-1e-06,-0.004256,-0.003905,-0.001638,-0.005619,-0.000118,-0.0,-3.3e-05,-0.007007,0.0,-0.006857,-0.0037,-2e-06,-0.006869,-0.006543,-0.002424,0.0,-0.001335,-5e-05,-4e-06,-0.00376,0.0,-0.003042,-0.003385,-0.0,-0.001209,-0.003579,0.0,-0.007597,-0.002154,-2e-06,-0.003159,0.0,-0.000567,-0.001921,-0.002093,-0.004194,-0.002558,0.0,-8e-06,-0.003717,-0.003007,-0.003934,-3e-06,0.0,-0.000351,-2e-06,0.0,-0.001933,-0.003916,-0.006996,-0.003873,0.0,-0.000905,-0.005971,-0.00134,-0.004388,0.0,-0.00117,-0.002048,-3.1e-05,-6e-06,-0.003339,-0.003561,0.0,-0.000113,-0.0,-0.002883,-1e-06,-0.003432,-1e-06,-0.002188,-0.007024,-0.000132,-0.000145,-0.005569,-4e-06,-8e-06,-0.0,-0.000309,-0.00359,-0.004242,0.0,-0.002069,-0.002967,-0.006939,-0.006878,-1e-06,-0.006481,-8e-06,-0.004889,-0.002478,0.0,-0.00223,-0.007997,-0.004549,-0.005083,-0.004724,-0.006741,-0.002194,-0.00113,-0.001466,-3e-06,-0.001171,-0.003475,-0.003472,-0.004808
2017-05-30 09:55:00+02:00,-0.0,0.0,-0.000687,-0.004249,-0.000644,-1.7e-05,-0.001735,-0.002482,-0.004503,-5.5e-05,-5e-06,-0.0,-0.00407,-0.003804,-0.001607,-0.005572,-9.5e-05,-0.0,-2.7e-05,-0.00697,0.0,-0.006827,-0.003603,-1e-06,-0.006802,-0.006501,-0.002337,0.0,-0.001284,-4e-05,-3e-06,-0.003704,0.0,-0.003004,-0.003368,-0.0,-0.001117,-0.003467,0.0,-0.007543,-0.002082,-1e-06,-0.003109,0.0,-0.000456,-0.001856,-0.002036,-0.004137,-0.002492,0.0,-7e-06,-0.003679,-0.002972,-0.003804,-2e-06,0.0,-0.00028,-2e-06,0.0,-0.001832,-0.003872,-0.006936,-0.003819,0.0,-0.000836,-0.005925,-0.001262,-0.004331,0.0,-0.001101,-0.002006,-2.5e-05,-4e-06,-0.003319,-0.003534,0.0,-9e-05,-0.0,-0.002778,-1e-06,-0.003384,-1e-06,-0.002125,-0.006964,-0.000106,-0.000116,-0.005232,-4e-06,-6e-06,-0.0,-0.000247,-0.003548,-0.00407,0.0,-0.002048,-0.002891,-0.006874,-0.006818,-1e-06,-0.006408,-7e-06,-0.00484,-0.002427,0.0,-0.002152,-0.007782,-0.004324,-0.004997,-0.004664,-0.006694,-0.002123,-0.001078,-0.001422,-3e-06,-0.001066,-0.003425,-0.003414,-0.00456
2017-05-30 09:56:00+02:00,-0.0,0.0,-0.000549,-0.003812,-0.000515,-1.4e-05,-0.001478,-0.002179,-0.003945,-4.4e-05,-4e-06,-0.0,-0.003309,-0.00313,-0.001426,-0.00506,-7.6e-05,-0.0,-2.1e-05,-0.006393,0.0,-0.006268,-0.003187,-1e-06,-0.006215,-0.00594,-0.002039,0.0,-0.001072,-3.2e-05,-2e-06,-0.00336,0.0,-0.00273,-0.00295,-0.0,-0.000894,-0.003041,0.0,-0.006483,-0.001822,-1e-06,-0.002748,0.0,-0.000365,-0.001545,-0.001767,-0.003745,-0.002202,0.0,-5e-06,-0.003347,-0.002688,-0.00313,-2e-06,0.0,-0.000224,-2e-06,0.0,-0.001507,-0.003518,-0.006352,-0.003406,0.0,-0.000669,-0.005395,-0.001036,-0.003927,0.0,-0.000899,-0.001769,-2e-05,-4e-06,-0.003038,-0.00295,0.0,-7.2e-05,-0.0,-0.002398,-1e-06,-0.003052,-1e-06,-0.001802,-0.006379,-8.5e-05,-9.3e-05,-0.004149,-3e-06,-5e-06,-0.0,-0.000198,-0.003218,-0.003309,0.0,-0.001845,-0.002524,-0.006263,-0.006219,-0.0,-0.005839,-5e-06,-0.004371,-0.002145,0.0,-0.00188,-0.006472,-0.003485,-0.004497,-0.004192,-0.006118,-0.001862,-0.000879,-0.001216,-2e-06,-0.000853,-0.003043,-0.003019,-0.003652
2017-05-30 09:57:00+02:00,-0.0,0.0,-0.000439,-0.003191,-0.000412,-1.1e-05,-0.001182,-0.00179,-0.003408,-3.5e-05,-3e-06,-0.0,-0.003025,-0.002811,-0.001158,-0.004342,-6.1e-05,-0.0,-1.7e-05,-0.005565,0.0,-0.005457,-0.00262,-1e-06,-0.005376,-0.00516,-0.001655,0.0,-0.000858,-2.6e-05,-2e-06,-0.002892,0.0,-0.002343,-0.002591,-0.0,-0.000715,-0.002472,0.0,-0.005698,-0.001485,-1e-06,-0.002215,0.0,-0.000292,-0.001236,-0.001414,-0.003223,-0.0018,0.0,-4e-06,-0.002895,-0.002303,-0.002857,-1e-06,0.0,-0.000179,-1e-06,0.0,-0.001206,-0.00304,-0.005523,-0.002815,0.0,-0.000535,-0.004653,-0.000829,-0.003389,0.0,-0.000719,-0.001438,-1.6e-05,-3e-06,-0.002639,-0.002629,0.0,-5.8e-05,-0.0,-0.001918,-1e-06,-0.002614,-1e-06,-0.001441,-0.005549,-6.8e-05,-7.4e-05,-0.003759,-2e-06,-4e-06,-0.0,-0.000158,-0.00278,-0.003004,0.0,-0.001555,-0.002019,-0.005439,-0.005404,-0.0,-0.005029,-4e-06,-0.003707,-0.00176,0.0,-0.001529,-0.005905,-0.003176,-0.003786,-0.003533,-0.005321,-0.001523,-0.000703,-0.000973,-2e-06,-0.000682,-0.002485,-0.002454,-0.003305
2017-05-30 09:58:00+02:00,-0.0,0.0,-0.000352,-0.002826,-0.00033,-9e-06,-0.001018,-0.001559,-0.00246,-2.8e-05,-2e-06,-0.0,-0.00222,-0.002156,-0.001015,-0.003853,-4.8e-05,-0.0,-1.4e-05,-0.004423,0.0,-0.004429,-0.002319,-1e-06,-0.004429,-0.004427,-0.001439,0.0,-0.000729,-2e-05,-2e-06,-0.002285,0.0,-0.002066,-0.002094,-0.0,-0.000572,-0.002177,0.0,-0.004423,-0.001298,-1e-06,-0.001962,0.0,-0.000233,-0.001057,-0.001223,-0.002505,-0.001554,0.0,-3e-06,-0.002285,-0.002034,-0.002156,-1e-06,0.0,-0.000144,-1e-06,0.0,-0.001033,-0.002347,-0.004429,-0.002489,0.0,-0.000428,-0.004132,-0.000702,-0.002505,0.0,-0.000609,-0.00126,-1.3e-05,-2e-06,-0.002156,-0.002094,0.0,-4.6e-05,-0.0,-0.00168,-1e-06,-0.002295,-0.0,-0.001246,-0.00443,-5.4e-05,-6e-05,-0.002541,-2e-06,-3e-06,-0.0,-0.000127,-0.002285,-0.00222,0.0,-0.001383,-0.001749,-0.004411,-0.004415,-0.0,-0.004423,-3e-06,-0.003287,-0.001535,0.0,-0.001334,-0.004427,-0.002285,-0.003321,-0.003124,-0.004423,-0.001332,-0.00059,-0.000841,-1e-06,-0.000552,-0.002202,-0.002164,-0.002347
2017-05-30 09:59:00+02:00,-0.0,0.0,-0.000281,-0.00226,-0.000264,-7e-06,-0.000815,-0.001247,-0.001968,-2.3e-05,-2e-06,-0.0,-0.001822,-0.001748,-0.000812,-0.003082,-3.9e-05,-0.0,-1.1e-05,-0.003539,0.0,-0.003543,-0.001855,-1e-06,-0.003543,-0.003542,-0.001151,0.0,-0.000583,-1.6e-05,-1e-06,-0.001828,0.0,-0.001653,-0.001675,-0.0,-0.000458,-0.001742,0.0,-0.003539,-0.001039,-1e-06,-0.001569,0.0,-0.000187,-0.000846,-0.000978,-0.002004,-0.001244,0.0,-3e-06,-0.001828,-0.001627,-0.001768,-1e-06,0.0,-0.000115,-1e-06,0.0,-0.000826,-0.001877,-0.003543,-0.001991,0.0,-0.000342,-0.003305,-0.000562,-0.002004,0.0,-0.000487,-0.001008,-1e-05,-2e-06,-0.001725,-0.00169,0.0,-3.7e-05,-0.0,-0.001344,-0.0,-0.001836,-0.0,-0.000997,-0.003544,-4.3e-05,-4.8e-05,-0.002071,-1e-06,-2e-06,-0.0,-0.000101,-0.001828,-0.001813,0.0,-0.001106,-0.001399,-0.003529,-0.003532,-0.0,-0.003539,-3e-06,-0.00263,-0.001228,0.0,-0.001067,-0.00363,-0.00187,-0.002657,-0.002499,-0.003539,-0.001065,-0.000472,-0.000673,-1e-06,-0.000442,-0.001761,-0.001731,-0.001912
2017-05-30 10:00:00+02:00,-0.0,0.0,-0.000225,-0.001808,-0.000211,-6e-06,-0.000652,-0.000998,-0.001659,-1.8e-05,-2e-06,-0.0,-0.001646,-0.001542,-0.000649,-0.002492,-3.1e-05,-0.0,-9e-06,-0.002994,0.0,-0.002991,-0.001484,-0.0,-0.002966,-0.002942,-0.000921,0.0,-0.000467,-1.3e-05,-1e-06,-0.001524,0.0,-0.001362,-0.001435,-0.0,-0.000366,-0.001393,0.0,-0.003041,-0.000831,-0.0,-0.001255,0.0,-0.000149,-0.000677,-0.000783,-0.001667,-0.000995,0.0,-2e-06,-0.001533,-0.001317,-0.00159,-1e-06,0.0,-9.2e-05,-1e-06,0.0,-0.000661,-0.001574,-0.002996,-0.001593,0.0,-0.000274,-0.002701,-0.000449,-0.001682,0.0,-0.00039,-0.000806,-8e-06,-1e-06,-0.001453,-0.001473,0.0,-3e-05,-0.0,-0.001076,-0.0,-0.001487,-0.0,-0.000797,-0.003,-3.5e-05,-3.8e-05,-0.00187,-1e-06,-2e-06,-0.0,-8.1e-05,-0.00151,-0.001623,0.0,-0.000885,-0.001119,-0.002945,-0.002948,-0.0,-0.002931,-2e-06,-0.002104,-0.000983,0.0,-0.000854,-0.003261,-0.001687,-0.002125,-0.001999,-0.002953,-0.000852,-0.000378,-0.000538,-1e-06,-0.000353,-0.001409,-0.001385,-0.001713
2017-05-30 10:01:00+02:00,-0.0,0.0,-0.000755,-0.002617,-0.000712,-0.000292,-0.001071,-0.001449,-0.002239,-0.000286,-0.000103,-5e-06,-0.002067,-0.001936,-0.000988,-0.003378,-0.000459,-0.0,-0.000339,-0.003831,0.0,-0.003817,-0.002167,-2.7e-05,-0.003798,-0.003782,-0.001372,0.0,-0.000891,-0.000247,-6.2e-05,-0.002016,0.0,-0.00178,-0.001801,-0.0,-0.000962,-0.002076,0.0,-0.003868,-0.001228,-2.6e-05,-0.001947,0.0,-0.000634,-0.001337,-0.001275,-0.002247,-0.001472,0.0,-0.000149,-0.002023,-0.001784,-0.001974,-4.7e-05,0.0,-0.000595,-3.1e-05,0.0,-0.001246,-0.002099,-0.00382,-0.002378,0.0,-0.000818,-0.003589,-0.000839,-0.002285,0.0,-0.000744,-0.00122,-0.000217,-9.4e-05,-0.001865,-0.001832,0.0,-0.000473,-0.0,-0.001721,-2.2e-05,-0.002009,-0.0,-0.001474,-0.003821,-0.000445,-0.000484,-0.002456,-6.9e-05,-0.000135,-0.0,-0.000363,-0.002005,-0.002049,0.0,-0.001266,-0.00182,-0.003814,-0.003809,-0.0,-0.00378,-0.000154,-0.002949,-0.001453,0.0,-0.001268,-0.004037,-0.002146,-0.002939,-0.002838,-0.003798,-0.001252,-0.000789,-0.000932,-5.4e-05,-0.000891,-0.002118,-0.002149,-0.00221
2017-05-30 10:02:00+02:00,-0.0,0.0,-0.000836,-0.002701,-0.000796,-0.000283,-0.001092,-0.001453,-0.00225,-0.000309,-8.2e-05,-4e-06,-0.002092,-0.001972,-0.001028,-0.00344,-0.000504,-0.0,-0.000347,-0.003881,0.0,-0.003866,-0.002241,-2.2e-05,-0.003844,-0.003853,-0.00138,0.0,-0.000927,-0.00026,-5e-05,-0.002019,0.0,-0.001784,-0.001851,-0.0,-0.001042,-0.002142,0.0,-0.003963,-0.001246,-2e-05,-0.002021,0.0,-0.000715,-0.001439,-0.001298,-0.002226,-0.001474,0.0,-0.000133,-0.002023,-0.0018,-0.002003,-3.8e-05,0.0,-0.000665,-2.5e-05,0.0,-0.001332,-0.002095,-0.003884,-0.002467,0.0,-0.000901,-0.003643,-0.000868,-0.002272,0.0,-0.000777,-0.001235,-0.000229,-7.5e-05,-0.001883,-0.001875,0.0,-0.000524,-0.0,-0.001799,-1.8e-05,-0.002007,-0.0,-0.001576,-0.003889,-0.0005,-0.000542,-0.002475,-5.5e-05,-0.000108,-0.0,-0.000399,-0.002023,-0.002077,0.0,-0.001311,-0.001897,-0.003889,-0.003886,-0.0,-0.003787,-0.000141,-0.003025,-0.001454,0.0,-0.001282,-0.004099,-0.00217,-0.002973,-0.002907,-0.003879,-0.001269,-0.000827,-0.000956,-4.3e-05,-0.000978,-0.002185,-0.002241,-0.002235
2017-05-30 10:03:00+02:00,-0.0,0.0,-0.000669,-0.002161,-0.000636,-0.000226,-0.000874,-0.001163,-0.0018,-0.000247,-6.6e-05,-3e-06,-0.00176,-0.00163,-0.000822,-0.002752,-0.000403,-0.0,-0.000277,-0.003126,0.0,-0.00311,-0.001792,-1.8e-05,-0.003075,-0.003082,-0.001104,0.0,-0.000742,-0.000208,-4e-05,-0.001615,0.0,-0.001428,-0.001495,-0.0,-0.000834,-0.001713,0.0,-0.003204,-0.000997,-1.6e-05,-0.001617,0.0,-0.000572,-0.001151,-0.001038,-0.001781,-0.001179,0.0,-0.000107,-0.001618,-0.00144,-0.001682,-3e-05,0.0,-0.000532,-2e-05,0.0,-0.001066,-0.001676,-0.003107,-0.001973,0.0,-0.00072,-0.002915,-0.000694,-0.001818,0.0,-0.000622,-0.000988,-0.000183,-6e-05,-0.001511,-0.001537,0.0,-0.000419,-0.0,-0.001439,-1.4e-05,-0.001605,-0.0,-0.001261,-0.003111,-0.0004,-0.000433,-0.002066,-4.4e-05,-8.6e-05,-0.0,-0.000319,-0.001618,-0.001736,0.0,-0.001049,-0.001518,-0.00312,-0.003119,-0.0,-0.003029,-0.000113,-0.00242,-0.001163,0.0,-0.001026,-0.003441,-0.00182,-0.002379,-0.002326,-0.003113,-0.001015,-0.000662,-0.000765,-3.5e-05,-0.000783,-0.001748,-0.001792,-0.001862
2017-05-30 10:04:00+02:00,-0.0,0.0,-0.000809,-0.002502,-0.000749,-0.000181,-0.001043,-0.001376,-0.002185,-0.00026,-5.3e-05,-2e-06,-0.002239,-0.002016,-0.000974,-0.003174,-0.000458,-0.0,-0.00026,-0.00368,0.0,-0.003643,-0.002088,-1.4e-05,-0.00359,-0.003573,-0.001309,0.0,-0.000881,-0.000224,-3.2e-05,-0.001919,0.0,-0.001662,-0.001781,-0.0,-0.001011,-0.002009,0.0,-0.003841,-0.001179,-1.3e-05,-0.001915,0.0,-0.00067,-0.001348,-0.001231,-0.002131,-0.001411,0.0,-8.5e-05,-0.001925,-0.001676,-0.002118,-2.4e-05,0.0,-0.000644,-1.6e-05,0.0,-0.001261,-0.002003,-0.003663,-0.00229,0.0,-0.000872,-0.003355,-0.000834,-0.002189,0.0,-0.000746,-0.001185,-0.000171,-4.8e-05,-0.001782,-0.001865,0.0,-0.000437,-0.0,-0.001695,-1.1e-05,-0.001875,-0.0,-0.001473,-0.003667,-0.000438,-0.000504,-0.002669,-3.5e-05,-6.9e-05,-0.0,-0.000379,-0.001905,-0.002194,0.0,-0.001218,-0.001804,-0.003658,-0.00365,-0.0,-0.003507,-9e-05,-0.002799,-0.001395,0.0,-0.001215,-0.004296,-0.002326,-0.002792,-0.0027,-0.003627,-0.0012,-0.000787,-0.000927,-2.8e-05,-0.000928,-0.002067,-0.002088,-0.002376
2017-05-30 10:05:00+02:00,-0.0,0.0,-0.001047,-0.002814,-0.000979,-0.000325,-0.001197,-0.001534,-0.002292,-0.000365,-8.4e-05,-2e-06,-0.002263,-0.002064,-0.001132,-0.003464,-0.000652,-0.0,-0.00042,-0.003868,0.0,-0.003839,-0.002385,-1.1e-05,-0.003796,-0.003782,-0.001468,0.0,-0.001027,-0.000325,-4.7e-05,-0.002026,0.0,-0.001781,-0.001856,-0.0,-0.001279,-0.002293,0.0,-0.003998,-0.001328,-1e-05,-0.002211,0.0,-0.000894,-0.001613,-0.001389,-0.002263,-0.00159,0.0,-0.000152,-0.002032,-0.001812,-0.002146,-3.7e-05,0.0,-0.000865,-1.3e-05,0.0,-0.001521,-0.002113,-0.003855,-0.002595,0.0,-0.001115,-0.003609,-0.000981,-0.002309,0.0,-0.000885,-0.001336,-0.000257,-8.9e-05,-0.001876,-0.001923,0.0,-0.000624,-0.0,-0.001971,-9e-06,-0.002011,-0.0,-0.001745,-0.003858,-0.000632,-0.00071,-0.002704,-5.2e-05,-0.000116,-0.0,-0.000497,-0.002015,-0.002226,0.0,-0.001367,-0.002123,-0.003851,-0.003844,-0.0,-0.00373,-0.00015,-0.00312,-0.001556,0.0,-0.001367,-0.004361,-0.002352,-0.00314,-0.003008,-0.003826,-0.001349,-0.00093,-0.001073,-2.2e-05,-0.001169,-0.002366,-0.002384,-0.002411
2017-05-30 10:06:00+02:00,-0.0,0.0,-0.000838,-0.002251,-0.000783,-0.00026,-0.000957,-0.001227,-0.001893,-0.000292,-6.7e-05,-2e-06,-0.001938,-0.001751,-0.000905,-0.002787,-0.000521,-0.0,-0.000336,-0.003196,0.0,-0.003169,-0.001908,-9e-06,-0.003137,-0.003096,-0.001175,0.0,-0.000821,-0.00026,-3.8e-05,-0.001666,0.0,-0.001455,-0.001552,-0.0,-0.001023,-0.001835,0.0,-0.003344,-0.001062,-8e-06,-0.001769,0.0,-0.000715,-0.00129,-0.001111,-0.001843,-0.001272,0.0,-0.000122,-0.001665,-0.001459,-0.001838,-3e-05,0.0,-0.000692,-1e-05,0.0,-0.001217,-0.001731,-0.003198,-0.002076,0.0,-0.000892,-0.002923,-0.000785,-0.00189,0.0,-0.000708,-0.001069,-0.000206,-7.1e-05,-0.001546,-0.001625,0.0,-0.000499,-0.0,-0.001577,-7e-06,-0.001619,-0.0,-0.001396,-0.003202,-0.000506,-0.000568,-0.0023,-4.2e-05,-9.2e-05,-0.0,-0.000398,-0.001642,-0.0019,0.0,-0.001094,-0.001698,-0.003158,-0.003153,-0.0,-0.00306,-0.00012,-0.002496,-0.001245,0.0,-0.001093,-0.003737,-0.00201,-0.002512,-0.002407,-0.003139,-0.001079,-0.000744,-0.000859,-1.8e-05,-0.000936,-0.001893,-0.001907,-0.002052
2017-05-30 10:07:00+02:00,-0.0,0.0,-0.00067,-0.001801,-0.000626,-0.000208,-0.000766,-0.000982,-0.001568,-0.000234,-5.4e-05,-1e-06,-0.001591,-0.001484,-0.000724,-0.002269,-0.000417,-0.0,-0.000269,-0.002647,0.0,-0.002624,-0.001526,-7e-06,-0.002608,-0.002554,-0.00094,0.0,-0.000657,-0.000208,-3e-05,-0.001378,0.0,-0.0012,-0.001304,-0.0,-0.000819,-0.001468,0.0,-0.002805,-0.00085,-7e-06,-0.001415,0.0,-0.000572,-0.001032,-0.000889,-0.001506,-0.001018,0.0,-9.7e-05,-0.00137,-0.001188,-0.001564,-2.4e-05,0.0,-0.000554,-8e-06,0.0,-0.000974,-0.001422,-0.002666,-0.001661,0.0,-0.000714,-0.002392,-0.000628,-0.001549,0.0,-0.000567,-0.000855,-0.000165,-5.7e-05,-0.001278,-0.001375,0.0,-0.000399,-0.0,-0.001261,-6e-06,-0.001317,-0.0,-0.001117,-0.002671,-0.000405,-0.000454,-0.001726,-3.3e-05,-7.4e-05,-0.0,-0.000318,-0.001348,-0.001591,0.0,-0.000875,-0.001359,-0.002608,-0.002605,-0.0,-0.002529,-9.6e-05,-0.002007,-0.000996,0.0,-0.000875,-0.003168,-0.001619,-0.002032,-0.001925,-0.002594,-0.000864,-0.000595,-0.000687,-1.4e-05,-0.000748,-0.001514,-0.001526,-0.001645
2017-05-30 10:08:00+02:00,-0.0,0.0,-0.000536,-0.001441,-0.000501,-0.000167,-0.000613,-0.000785,-0.001254,-0.000187,-4.3e-05,-1e-06,-0.001273,-0.001187,-0.000579,-0.001815,-0.000334,-0.0,-0.000215,-0.002118,0.0,-0.002099,-0.001221,-6e-06,-0.002086,-0.002043,-0.000752,0.0,-0.000526,-0.000166,-2.4e-05,-0.001102,0.0,-0.00096,-0.001043,-0.0,-0.000655,-0.001174,0.0,-0.002244,-0.00068,-5e-06,-0.001132,0.0,-0.000458,-0.000826,-0.000711,-0.001204,-0.000814,0.0,-7.8e-05,-0.001096,-0.00095,-0.001251,-1.9e-05,0.0,-0.000443,-7e-06,0.0,-0.000779,-0.001137,-0.002132,-0.001329,0.0,-0.000571,-0.001914,-0.000503,-0.001239,0.0,-0.000453,-0.000684,-0.000132,-4.6e-05,-0.001022,-0.0011,0.0,-0.000319,-0.0,-0.001009,-5e-06,-0.001054,-0.0,-0.000893,-0.002137,-0.000324,-0.000363,-0.001381,-2.7e-05,-5.9e-05,-0.0,-0.000254,-0.001078,-0.001273,0.0,-0.0007,-0.001087,-0.002087,-0.002084,-0.0,-0.002023,-7.7e-05,-0.001606,-0.000797,0.0,-0.0007,-0.002534,-0.001295,-0.001626,-0.00154,-0.002075,-0.000691,-0.000476,-0.000549,-1.1e-05,-0.000599,-0.001211,-0.00122,-0.001316
2017-05-30 10:09:00+02:00,-0.000118,0.0,-0.001321,-0.002472,-0.001286,-0.000716,-0.00132,-0.001534,-0.001882,-0.000621,-0.00031,-0.000143,-0.001733,-0.001616,-0.001079,-0.002783,-0.001021,-0.000178,-0.000809,-0.003034,0.0,-0.003003,-0.002296,-0.000269,-0.002992,-0.002965,-0.001526,0.0,-0.001171,-0.000571,-0.000259,-0.001644,0.0,-0.001433,-0.00145,-0.000191,-0.001607,-0.002298,-0.000133,-0.003135,-0.00135,-0.000268,-0.0022,0.0,-0.00122,-0.001782,-0.001472,-0.001869,-0.00153,0.0,-0.000391,-0.001639,-0.001475,-0.001667,-0.000197,0.0,-0.001203,-0.000311,0.0,-0.001713,-0.001716,-0.00303,-0.002382,0.0,-0.001376,-0.002862,-0.001154,-0.001897,0.0,-0.001043,-0.001353,-0.000492,-0.000307,-0.001484,-0.001495,0.0,-0.001017,-0.000224,-0.002057,-0.000267,-0.001649,-0.000274,-0.001873,-0.003029,-0.001004,-0.001055,-0.00203,-0.000291,-0.000373,-0.000144,-0.000718,-0.001625,-0.001733,0.0,-0.001175,-0.0022,-0.003036,-0.003025,-0.000267,-0.002958,-0.000393,-0.002608,-0.001543,0.0,-0.001405,-0.003358,-0.001798,-0.002659,-0.002581,-0.003,-0.001359,-0.001097,-0.001176,-0.000337,-0.001444,-0.0023,-0.002307,-0.001859
2017-05-30 10:10:00+02:00,-9.4e-05,0.0,-0.00132,-0.002702,-0.001285,-0.000588,-0.0014,-0.001664,-0.002272,-0.000576,-0.000248,-0.000114,-0.002052,-0.001913,-0.001197,-0.003131,-0.000953,-0.000143,-0.000699,-0.003518,0.0,-0.003476,-0.002476,-0.000215,-0.00355,-0.003399,-0.001641,0.0,-0.001219,-0.00052,-0.000207,-0.001956,0.0,-0.00168,-0.001734,-0.000153,-0.001681,-0.002459,-0.000106,-0.003758,-0.001454,-0.000214,-0.00234,0.0,-0.001207,-0.001843,-0.001561,-0.002155,-0.001719,0.0,-0.000313,-0.001897,-0.001667,-0.001953,-0.000158,0.0,-0.001174,-0.000249,0.0,-0.001784,-0.001988,-0.003609,-0.002574,0.0,-0.001383,-0.003241,-0.001207,-0.002204,0.0,-0.001088,-0.00145,-0.000436,-0.000245,-0.001717,-0.00177,0.0,-0.000942,-0.000179,-0.00218,-0.000214,-0.001869,-0.000219,-0.00195,-0.00361,-0.000949,-0.001002,-0.002482,-0.000232,-0.000299,-0.000116,-0.00071,-0.001866,-0.002052,0.0,-0.001293,-0.002393,-0.003496,-0.003483,-0.000214,-0.003475,-0.000315,-0.002891,-0.001668,0.0,-0.001512,-0.00393,-0.002147,-0.003043,-0.002844,-0.003451,-0.001466,-0.001133,-0.001237,-0.00027,-0.001469,-0.002462,-0.002463,-0.002235
2017-05-30 10:11:00+02:00,-7.5e-05,0.0,-0.001136,-0.00259,-0.001099,-0.00047,-0.001291,-0.001573,-0.002297,-0.000461,-0.000199,-9.1e-05,-0.002184,-0.001996,-0.001148,-0.003071,-0.000763,-0.000114,-0.000559,-0.003533,0.0,-0.00349,-0.002347,-0.000172,-0.003588,-0.00338,-0.00154,0.0,-0.001102,-0.000416,-0.000166,-0.001967,0.0,-0.001679,-0.00177,-0.000122,-0.0015,-0.002312,-8.5e-05,-0.003841,-0.001368,-0.000172,-0.002199,0.0,-0.001017,-0.001664,-0.001446,-0.002138,-0.001652,0.0,-0.00025,-0.001892,-0.001633,-0.002071,-0.000126,0.0,-0.000975,-0.000199,0.0,-0.001617,-0.001982,-0.003657,-0.002446,0.0,-0.001202,-0.003195,-0.001091,-0.002196,0.0,-0.000981,-0.001365,-0.000349,-0.000196,-0.00172,-0.001835,0.0,-0.000754,-0.000143,-0.002025,-0.000171,-0.001831,-0.000176,-0.001776,-0.00366,-0.000759,-0.000802,-0.002641,-0.000186,-0.000239,-9.2e-05,-0.000594,-0.001847,-0.002166,0.0,-0.001246,-0.002257,-0.003478,-0.003467,-0.000171,-0.003485,-0.000252,-0.002803,-0.001578,0.0,-0.001421,-0.00417,-0.002282,-0.002987,-0.002741,-0.003438,-0.001383,-0.001012,-0.001137,-0.000216,-0.001289,-0.002328,-0.002315,-0.002361
2017-05-30 10:12:00+02:00,-6e-05,0.0,-0.000909,-0.002254,-0.000879,-0.000376,-0.001059,-0.001345,-0.002098,-0.000369,-0.000159,-7.3e-05,-0.002081,-0.001876,-0.000985,-0.00275,-0.00061,-9.1e-05,-0.000447,-0.003242,0.0,-0.003201,-0.00201,-0.000138,-0.003283,-0.003074,-0.001304,0.0,-0.000881,-0.000333,-0.000133,-0.001789,0.0,-0.00152,-0.001637,-9.8e-05,-0.0012,-0.001962,-6.8e-05,-0.003551,-0.001163,-0.000137,-0.001858,0.0,-0.000814,-0.001331,-0.001203,-0.001932,-0.001423,0.0,-0.0002,-0.001723,-0.001461,-0.00197,-0.000101,0.0,-0.00078,-0.000159,0.0,-0.001294,-0.001803,-0.003355,-0.002103,0.0,-0.000962,-0.002879,-0.000873,-0.001995,0.0,-0.000785,-0.001159,-0.000279,-0.000157,-0.001574,-0.001717,0.0,-0.000603,-0.000115,-0.00168,-0.000137,-0.001637,-0.00014,-0.001425,-0.003359,-0.000608,-0.000641,-0.002504,-0.000149,-0.000191,-7.4e-05,-0.000476,-0.001671,-0.002052,0.0,-0.001092,-0.001894,-0.003166,-0.003158,-0.000137,-0.003166,-0.000201,-0.002475,-0.00135,0.0,-0.001205,-0.003969,-0.00217,-0.002644,-0.002402,-0.003134,-0.001178,-0.00081,-0.000925,-0.000173,-0.001031,-0.001985,-0.001962,-0.002232
2017-05-30 10:13:00+02:00,-4.8e-05,0.0,-0.000727,-0.002134,-0.000703,-0.000301,-0.000949,-0.001256,-0.002086,-0.000295,-0.000127,-5.8e-05,-0.002152,-0.001911,-0.000919,-0.002675,-0.000488,-7.3e-05,-0.000358,-0.003224,0.0,-0.003178,-0.001873,-0.00011,-0.003246,-0.003034,-0.001206,0.0,-0.00076,-0.000266,-0.000106,-0.00177,0.0,-0.001492,-0.001636,-7.8e-05,-0.000977,-0.001814,-5.4e-05,-0.003548,-0.00108,-0.00011,-0.001709,0.0,-0.000651,-0.001139,-0.00109,-0.001905,-0.001336,0.0,-0.00016,-0.001709,-0.001426,-0.002029,-8.1e-05,0.0,-0.000624,-0.000127,0.0,-0.001114,-0.001788,-0.003324,-0.001967,0.0,-0.000769,-0.002816,-0.000752,-0.001976,0.0,-0.000672,-0.001074,-0.000223,-0.000126,-0.001565,-0.001737,0.0,-0.000482,-9.2e-05,-0.00152,-0.000109,-0.001599,-0.000112,-0.001243,-0.00333,-0.000486,-0.000513,-0.002586,-0.000119,-0.000153,-5.9e-05,-0.00038,-0.001649,-0.00211,0.0,-0.001043,-0.001724,-0.003135,-0.003126,-0.00011,-0.003113,-0.000161,-0.002375,-0.001261,0.0,-0.001117,-0.004077,-0.002242,-0.00254,-0.002293,-0.003101,-0.001097,-0.00068,-0.000823,-0.000138,-0.000825,-0.001843,-0.001811,-0.002296
2017-05-30 10:14:00+02:00,-3.9e-05,0.0,-0.001061,-0.002798,-0.001038,-0.000391,-0.001318,-0.00169,-0.002739,-0.000425,-0.000102,-4.7e-05,-0.002635,-0.002381,-0.001226,-0.00348,-0.000715,-5.8e-05,-0.000489,-0.00417,0.0,-0.004092,-0.002481,-8.8e-05,-0.004177,-0.003929,-0.001626,0.0,-0.001077,-0.000383,-8.5e-05,-0.002325,0.0,-0.001955,-0.002098,-6.3e-05,-0.001401,-0.002436,-4.4e-05,-0.004511,-0.001461,-8.8e-05,-0.002266,0.0,-0.000963,-0.001598,-0.00148,-0.002502,-0.001781,0.0,-0.000194,-0.002245,-0.001884,-0.002476,-6.5e-05,0.0,-0.000925,-0.000102,0.0,-0.001585,-0.002351,-0.004274,-0.002592,0.0,-0.001121,-0.003655,-0.001078,-0.002594,0.0,-0.000972,-0.001444,-0.000309,-0.000117,-0.002048,-0.002178,0.0,-0.000691,-7.3e-05,-0.002078,-8.7e-05,-0.002114,-9e-05,-0.00172,-0.004275,-0.000716,-0.000753,-0.00322,-9.5e-05,-0.000144,-4.7e-05,-0.000574,-0.002175,-0.002601,0.0,-0.001384,-0.002292,-0.004099,-0.004079,-8.8e-05,-0.004027,-0.000184,-0.003101,-0.001684,0.0,-0.001511,-0.004916,-0.002763,-0.003333,-0.003023,-0.004024,-0.001482,-0.000977,-0.001147,-0.000111,-0.00122,-0.002436,-0.002406,-0.002858
2017-05-30 10:15:00+02:00,-3.1e-05,0.0,-0.001415,-0.003514,-0.001401,-0.000512,-0.001703,-0.00214,-0.003169,-0.000583,-0.000107,-3.7e-05,-0.002914,-0.002658,-0.00154,-0.004261,-0.000963,-4.7e-05,-0.000648,-0.004825,0.0,-0.00474,-0.003125,-7.1e-05,-0.004805,-0.00462,-0.002064,0.0,-0.001419,-0.000515,-6.8e-05,-0.002717,0.0,-0.002317,-0.002375,-5e-05,-0.001842,-0.003082,-3.5e-05,-0.005098,-0.001855,-7e-05,-0.002849,0.0,-0.001304,-0.002101,-0.001898,-0.003007,-0.002239,0.0,-0.000248,-0.002653,-0.002314,-0.002734,-5.2e-05,0.0,-0.001243,-8.1e-05,0.0,-0.002081,-0.002783,-0.004886,-0.003268,0.0,-0.001493,-0.004401,-0.001421,-0.00308,0.0,-0.001284,-0.00182,-0.000421,-0.000131,-0.002391,-0.00244,0.0,-0.000945,-5.9e-05,-0.002661,-7e-05,-0.002594,-7.2e-05,-0.002245,-0.004879,-0.000978,-0.001016,-0.003599,-7.6e-05,-0.000173,-3.8e-05,-0.000782,-0.002597,-0.002887,0.0,-0.001742,-0.002887,-0.004806,-0.004778,-7e-05,-0.004711,-0.00024,-0.00388,-0.002119,0.0,-0.001919,-0.005409,-0.003068,-0.004143,-0.003795,-0.004709,-0.001879,-0.001298,-0.001479,-8.8e-05,-0.001639,-0.003053,-0.003049,-0.003189
2017-05-30 10:16:00+02:00,-2.5e-05,0.0,-0.001272,-0.003627,-0.001267,-0.000409,-0.001702,-0.002188,-0.003406,-0.000466,-8.6e-05,-3e-05,-0.003209,-0.002945,-0.001564,-0.004489,-0.00077,-3.7e-05,-0.000519,-0.005147,0.0,-0.005045,-0.003178,-5.6e-05,-0.005119,-0.004944,-0.0021,0.0,-0.001404,-0.000412,-5.4e-05,-0.002903,0.0,-0.002454,-0.002578,-4e-05,-0.001727,-0.003129,-2.8e-05,-0.005521,-0.001892,-5.6e-05,-0.002857,0.0,-0.001154,-0.002064,-0.001924,-0.00318,-0.002286,0.0,-0.000198,-0.002826,-0.002452,-0.003005,-4.1e-05,0.0,-0.001058,-6.5e-05,0.0,-0.002033,-0.002964,-0.00522,-0.003354,0.0,-0.001362,-0.004665,-0.001391,-0.003275,0.0,-0.001254,-0.001842,-0.000337,-0.000105,-0.002555,-0.002692,0.0,-0.000756,-4.7e-05,-0.002668,-5.6e-05,-0.002753,-5.8e-05,-0.002224,-0.005212,-0.000782,-0.000813,-0.00399,-6.1e-05,-0.000138,-3e-05,-0.000688,-0.002785,-0.003188,0.0,-0.001812,-0.002885,-0.005169,-0.005138,-5.6e-05,-0.00499,-0.000192,-0.004037,-0.002153,0.0,-0.001955,-0.005914,-0.003387,-0.00428,-0.003943,-0.005055,-0.001919,-0.001268,-0.001461,-7.1e-05,-0.001538,-0.003081,-0.003109,-0.003535
2017-05-30 10:17:00+02:00,-2e-05,0.0,-0.001199,-0.003592,-0.001192,-0.000328,-0.001654,-0.00214,-0.003401,-0.000403,-6.9e-05,-2.4e-05,-0.002919,-0.00274,-0.00153,-0.004473,-0.000662,-3e-05,-0.000415,-0.005151,0.0,-0.005055,-0.003125,-4.5e-05,-0.005135,-0.004961,-0.00205,0.0,-0.001364,-0.000335,-4.3e-05,-0.00289,0.0,-0.002438,-0.002559,-3.2e-05,-0.00164,-0.003062,-2.2e-05,-0.005492,-0.001849,-4.5e-05,-0.002797,0.0,-0.001076,-0.002013,-0.001882,-0.003152,-0.002232,0.0,-0.000159,-0.00281,-0.002435,-0.00274,-3.3e-05,0.0,-0.00097,-5.2e-05,0.0,-0.00197,-0.002945,-0.005238,-0.003315,0.0,-0.001291,-0.004662,-0.001343,-0.003254,0.0,-0.001209,-0.001796,-0.000269,-8.4e-05,-0.002548,-0.002559,0.0,-0.000653,-3.8e-05,-0.002604,-4.5e-05,-0.002732,-4.6e-05,-0.002178,-0.005233,-0.000687,-0.000721,-0.003686,-4.9e-05,-0.00011,-2.4e-05,-0.000637,-0.002779,-0.002919,0.0,-0.001792,-0.002812,-0.005174,-0.005147,-4.5e-05,-0.004978,-0.000154,-0.004006,-0.002102,0.0,-0.00191,-0.00547,-0.00309,-0.004207,-0.003899,-0.005074,-0.001875,-0.001227,-0.001415,-5.7e-05,-0.001469,-0.003019,-0.003063,-0.00325
2017-05-30 10:18:00+02:00,-1.6e-05,0.0,-0.000959,-0.002874,-0.000954,-0.000262,-0.001323,-0.001712,-0.002887,-0.000322,-5.5e-05,-1.9e-05,-0.002619,-0.002413,-0.001224,-0.003716,-0.00053,-2.4e-05,-0.000332,-0.004408,0.0,-0.004322,-0.0025,-3.6e-05,-0.004355,-0.004202,-0.00164,0.0,-0.001091,-0.000268,-3.5e-05,-0.002439,0.0,-0.00204,-0.0022,-2.6e-05,-0.001312,-0.002449,-1.8e-05,-0.004723,-0.001479,-3.6e-05,-0.002238,0.0,-0.000861,-0.00161,-0.001506,-0.002655,-0.001786,0.0,-0.000127,-0.002386,-0.002024,-0.002456,-2.6e-05,0.0,-0.000776,-4.2e-05,0.0,-0.001576,-0.002499,-0.004457,-0.002652,0.0,-0.001033,-0.003903,-0.001074,-0.002757,0.0,-0.000967,-0.001437,-0.000216,-6.7e-05,-0.002175,-0.002235,0.0,-0.000522,-3e-05,-0.002083,-3.6e-05,-0.002273,-3.7e-05,-0.001742,-0.004456,-0.000549,-0.000577,-0.003273,-3.9e-05,-8.8e-05,-1.9e-05,-0.00051,-0.002342,-0.0026,0.0,-0.001444,-0.00225,-0.00439,-0.004369,-3.6e-05,-0.004186,-0.000123,-0.003262,-0.001682,0.0,-0.001528,-0.004895,-0.002763,-0.003414,-0.003147,-0.004308,-0.0015,-0.000982,-0.001132,-4.5e-05,-0.001175,-0.002415,-0.00245,-0.002884
2017-05-30 10:19:00+02:00,-1.3e-05,0.0,-0.00092,-0.003047,-0.000899,-0.00021,-0.001371,-0.001808,-0.003125,-0.000258,-4.4e-05,-1.5e-05,-0.003019,-0.002725,-0.001301,-0.003965,-0.000424,-1.9e-05,-0.000265,-0.004744,0.0,-0.004641,-0.002631,-2.9e-05,-0.004688,-0.004508,-0.001724,0.0,-0.001115,-0.000214,-2.8e-05,-0.002641,0.0,-0.002205,-0.002408,-2.1e-05,-0.001305,-0.002578,-1.4e-05,-0.005145,-0.001562,-2.9e-05,-0.002349,0.0,-0.000792,-0.001636,-0.001571,-0.002848,-0.001898,0.0,-0.000102,-0.002574,-0.002173,-0.002829,-2.1e-05,0.0,-0.000704,-3.3e-05,0.0,-0.001605,-0.002693,-0.004807,-0.002798,0.0,-0.001004,-0.004174,-0.001094,-0.002964,0.0,-0.000985,-0.001521,-0.000172,-5.4e-05,-0.002351,-0.002497,0.0,-0.000418,-2.4e-05,-0.00217,-2.9e-05,-0.002438,-2.9e-05,-0.001785,-0.004803,-0.00044,-0.000477,-0.003722,-3.1e-05,-7.1e-05,-1.6e-05,-0.000466,-0.002524,-0.002981,0.0,-0.001544,-0.002354,-0.004731,-0.004705,-2.9e-05,-0.004507,-9.8e-05,-0.003466,-0.001782,0.0,-0.001611,-0.00558,-0.00318,-0.003651,-0.003351,-0.004631,-0.001586,-0.000992,-0.001176,-3.6e-05,-0.001152,-0.002548,-0.002573,-0.003289
2017-05-30 10:20:00+02:00,-1e-05,0.0,-0.001316,-0.003844,-0.001284,-0.000322,-0.001782,-0.002296,-0.00364,-0.000436,-3.5e-05,-1.2e-05,-0.003371,-0.003076,-0.001672,-0.00489,-0.000719,-1.5e-05,-0.000435,-0.005533,0.0,-0.005414,-0.003331,-2.3e-05,-0.005444,-0.005324,-0.002197,0.0,-0.00149,-0.000366,-2.2e-05,-0.003125,0.0,-0.00266,-0.002759,-1.6e-05,-0.001808,-0.003295,-1.1e-05,-0.005854,-0.001997,-2.3e-05,-0.003004,0.0,-0.001155,-0.002189,-0.002031,-0.003444,-0.002416,0.0,-0.000142,-0.003071,-0.002695,-0.003159,-1.7e-05,0.0,-0.001075,-2.7e-05,0.0,-0.002138,-0.003216,-0.005547,-0.003551,0.0,-0.001417,-0.005057,-0.001456,-0.003537,0.0,-0.001319,-0.001951,-0.000293,-4.3e-05,-0.002776,-0.00283,0.0,-0.000708,-1.9e-05,-0.002808,-2.3e-05,-0.003012,-2.4e-05,-0.002357,-0.005529,-0.000722,-0.000787,-0.004161,-2.5e-05,-6.5e-05,-1.2e-05,-0.000691,-0.003031,-0.003341,0.0,-0.001959,-0.003032,-0.005581,-0.005543,-2.3e-05,-0.005343,-0.000133,-0.004328,-0.002269,0.0,-0.002059,-0.006182,-0.003556,-0.004578,-0.004222,-0.005442,-0.002025,-0.001343,-0.00155,-2.9e-05,-0.001598,-0.003247,-0.003293,-0.003692
2017-05-30 10:21:00+02:00,-8e-06,0.0,-0.00139,-0.004243,-0.001325,-0.000257,-0.001928,-0.002507,-0.004053,-0.000406,-2.8e-05,-1e-05,-0.003658,-0.003363,-0.001847,-0.005421,-0.000689,-1.2e-05,-0.000348,-0.006174,0.0,-0.006042,-0.003635,-1.9e-05,-0.006057,-0.005983,-0.002394,0.0,-0.001619,-0.000323,-1.8e-05,-0.003515,0.0,-0.002989,-0.003047,-1.3e-05,-0.001932,-0.003601,-9e-06,-0.006431,-0.002185,-1.8e-05,-0.003298,0.0,-0.001178,-0.002374,-0.002223,-0.003836,-0.002661,0.0,-0.000113,-0.00345,-0.003,-0.003429,-1.4e-05,0.0,-0.00111,-2.1e-05,0.0,-0.002297,-0.003609,-0.006149,-0.003911,0.0,-0.001505,-0.005637,-0.001561,-0.003956,0.0,-0.001416,-0.002151,-0.000235,-3.4e-05,-0.003123,-0.003103,0.0,-0.000657,-1.5e-05,-0.003052,-1.8e-05,-0.003349,-1.9e-05,-0.002564,-0.006121,-0.000677,-0.000781,-0.004513,-2e-05,-5.2e-05,-1e-05,-0.000703,-0.003405,-0.003634,0.0,-0.002176,-0.003317,-0.006269,-0.006223,-1.8e-05,-0.006002,-0.000107,-0.004781,-0.002498,0.0,-0.002249,-0.006673,-0.00386,-0.005065,-0.004671,-0.006102,-0.002215,-0.001452,-0.001693,-2.3e-05,-0.001684,-0.003575,-0.003621,-0.004019
2017-05-30 10:22:00+02:00,-6e-06,0.0,-0.001269,-0.004328,-0.001191,-0.000206,-0.001901,-0.002519,-0.004229,-0.000324,-2.2e-05,-8e-06,-0.0038,-0.003512,-0.001864,-0.005577,-0.000551,-1e-05,-0.000278,-0.006438,0.0,-0.006297,-0.003664,-1.5e-05,-0.006331,-0.006223,-0.002397,0.0,-0.001585,-0.000258,-1.4e-05,-0.003649,0.0,-0.00309,-0.003205,-1e-05,-0.001821,-0.003613,-7e-06,-0.006751,-0.002193,-1.5e-05,-0.003309,0.0,-0.001032,-0.002324,-0.002222,-0.003942,-0.002684,0.0,-9.1e-05,-0.003568,-0.003085,-0.003565,-1.1e-05,0.0,-0.000954,-1.7e-05,0.0,-0.002228,-0.003728,-0.006448,-0.003972,0.0,-0.001393,-0.005825,-0.001511,-0.00408,0.0,-0.001368,-0.00216,-0.000188,-2.7e-05,-0.003247,-0.00325,0.0,-0.000526,-1.2e-05,-0.003031,-1.5e-05,-0.003442,-1.5e-05,-0.002531,-0.006423,-0.000542,-0.000625,-0.004688,-1.6e-05,-4.1e-05,-8e-06,-0.00061,-0.003527,-0.003781,0.0,-0.002225,-0.003313,-0.006526,-0.006481,-1.5e-05,-0.00622,-8.5e-05,-0.004894,-0.002514,0.0,-0.002255,-0.006931,-0.004011,-0.005163,-0.00477,-0.006361,-0.002225,-0.001407,-0.001667,-1.9e-05,-0.001572,-0.003601,-0.003657,-0.004182
2017-05-30 10:23:00+02:00,-5e-06,0.0,-0.001015,-0.004068,-0.000953,-0.000165,-0.001705,-0.002327,-0.004053,-0.00026,-1.8e-05,-6e-06,-0.003818,-0.0035,-0.001715,-0.005313,-0.000441,-8e-06,-0.000223,-0.006206,0.0,-0.006071,-0.003395,-1.2e-05,-0.006087,-0.005988,-0.002201,0.0,-0.001398,-0.000206,-1.1e-05,-0.003482,0.0,-0.002937,-0.003117,-8e-06,-0.001493,-0.003324,-6e-06,-0.006569,-0.002019,-1.2e-05,-0.003041,0.0,-0.000825,-0.002044,-0.002028,-0.003752,-0.002473,0.0,-7.3e-05,-0.003413,-0.002934,-0.003584,-9e-06,0.0,-0.000763,-1.4e-05,0.0,-0.001941,-0.003564,-0.006213,-0.003709,0.0,-0.001114,-0.005573,-0.001314,-0.003896,0.0,-0.001184,-0.001987,-0.00015,-2.2e-05,-0.00312,-0.003215,0.0,-0.000421,-1e-05,-0.002745,-1.2e-05,-0.003272,-1.2e-05,-0.002257,-0.006194,-0.000433,-0.0005,-0.0047,-1.3e-05,-3.3e-05,-6e-06,-0.000488,-0.003376,-0.003802,0.0,-0.002096,-0.003002,-0.006277,-0.006238,-1.2e-05,-0.005934,-6.8e-05,-0.004631,-0.002323,0.0,-0.002073,-0.006976,-0.004029,-0.004835,-0.004493,-0.00613,-0.002051,-0.001219,-0.001488,-1.5e-05,-0.001283,-0.003327,-0.003385,-0.004191
2017-05-30 10:24:00+02:00,-4e-06,0.0,-0.000812,-0.003711,-0.000762,-0.000132,-0.001478,-0.002098,-0.003799,-0.000208,-1.4e-05,-5e-06,-0.003759,-0.003388,-0.001523,-0.004937,-0.000353,-6e-06,-0.000178,-0.005851,0.0,-0.005721,-0.003063,-9e-06,-0.005705,-0.005625,-0.00197,0.0,-0.001167,-0.000165,-9e-06,-0.00325,0.0,-0.002727,-0.002956,-7e-06,-0.001194,-0.002977,-5e-06,-0.006227,-0.001813,-9e-06,-0.002693,0.0,-0.00066,-0.001693,-0.001784,-0.003499,-0.002207,0.0,-5.8e-05,-0.0032,-0.002728,-0.003526,-7e-06,0.0,-0.000611,-1.1e-05,0.0,-0.001609,-0.003339,-0.005836,-0.003353,0.0,-0.000891,-0.005202,-0.001088,-0.003646,0.0,-0.000975,-0.00177,-0.00012,-1.8e-05,-0.002936,-0.003093,0.0,-0.000337,-8e-06,-0.002405,-9e-06,-0.003042,-1e-05,-0.00191,-0.00582,-0.000347,-0.0004,-0.004575,-1e-05,-2.6e-05,-5e-06,-0.000391,-0.003163,-0.003716,0.0,-0.001922,-0.002606,-0.005902,-0.005868,-9e-06,-0.005525,-5.5e-05,-0.004264,-0.002083,0.0,-0.001859,-0.006854,-0.003951,-0.004406,-0.004119,-0.005768,-0.001845,-0.000989,-0.001267,-1.2e-05,-0.001026,-0.002973,-0.003027,-0.00408
2017-05-30 10:25:00+02:00,-3e-06,0.0,-0.000786,-0.003809,-0.000752,-0.000105,-0.001528,-0.002168,-0.003915,-0.000166,-1.2e-05,-4e-06,-0.003917,-0.003564,-0.001555,-0.005069,-0.000282,-5e-06,-0.000142,-0.006024,0.0,-0.005883,-0.003158,-8e-06,-0.005859,-0.005794,-0.002035,0.0,-0.001198,-0.000132,-7e-06,-0.003342,0.0,-0.002799,-0.00307,-5e-06,-0.001176,-0.003074,-4e-06,-0.006452,-0.001875,-8e-06,-0.002753,0.0,-0.000633,-0.001736,-0.001832,-0.003591,-0.002252,0.0,-4.6e-05,-0.003293,-0.002808,-0.003675,-6e-06,0.0,-0.000543,-9e-06,0.0,-0.001667,-0.003435,-0.006002,-0.003441,0.0,-0.000878,-0.005348,-0.001128,-0.003747,0.0,-0.001012,-0.001815,-9.6e-05,-1.4e-05,-0.003027,-0.003248,0.0,-0.000269,-6e-06,-0.002486,-8e-06,-0.003132,-8e-06,-0.001959,-0.005985,-0.000277,-0.00032,-0.004781,-8e-06,-2.1e-05,-4e-06,-0.000371,-0.003264,-0.003882,0.0,-0.001979,-0.002648,-0.006091,-0.006055,-8e-06,-0.005662,-4.4e-05,-0.004375,-0.002134,0.0,-0.001922,-0.007118,-0.004122,-0.004495,-0.004231,-0.005949,-0.001908,-0.001015,-0.001297,-9e-06,-0.00105,-0.003042,-0.003107,-0.004272
2017-05-30 10:26:00+02:00,-3e-06,0.0,-0.000871,-0.004079,-0.000837,-8.4e-05,-0.001659,-0.002325,-0.004167,-0.000154,-9e-06,-3e-06,-0.004075,-0.003735,-0.001665,-0.005401,-0.000258,-4e-06,-0.000114,-0.006401,0.0,-0.006242,-0.003378,-6e-06,-0.006207,-0.006175,-0.002188,0.0,-0.001323,-0.000106,-6e-06,-0.003554,0.0,-0.002974,-0.003278,-4e-06,-0.001287,-0.003305,-3e-06,-0.006862,-0.002019,-6e-06,-0.002953,0.0,-0.000701,-0.001916,-0.001989,-0.003817,-0.002405,0.0,-3.7e-05,-0.003507,-0.003005,-0.003824,-4e-06,0.0,-0.000592,-7e-06,0.0,-0.001834,-0.003657,-0.006361,-0.003696,0.0,-0.000975,-0.005699,-0.001242,-0.003984,0.0,-0.001118,-0.001953,-7.7e-05,-1.1e-05,-0.003226,-0.00342,0.0,-0.000249,-5e-06,-0.002689,-6e-06,-0.00335,-6e-06,-0.002146,-0.006339,-0.000274,-0.000326,-0.004982,-7e-06,-1.7e-05,-3e-06,-0.000412,-0.003494,-0.004047,0.0,-0.002127,-0.002837,-0.006507,-0.006467,-6e-06,-0.005997,-3.5e-05,-0.004673,-0.002289,0.0,-0.002069,-0.007375,-0.004292,-0.004768,-0.004534,-0.006348,-0.002052,-0.00113,-0.001412,-8e-06,-0.001174,-0.003259,-0.003351,-0.00446
2017-05-30 10:27:00+02:00,-2e-06,0.0,-0.000893,-0.004251,-0.00085,-6.7e-05,-0.001731,-0.002419,-0.004369,-0.000123,-7e-06,-3e-06,-0.004198,-0.003868,-0.001743,-0.005624,-0.000206,-3e-06,-9.1e-05,-0.006686,0.0,-0.006513,-0.003506,-5e-06,-0.006484,-0.006437,-0.002279,0.0,-0.00139,-8.5e-05,-5e-06,-0.003724,0.0,-0.003113,-0.003441,-3e-06,-0.001337,-0.00344,-2e-06,-0.00718,-0.002105,-5e-06,-0.00308,0.0,-0.0007,-0.002011,-0.002082,-0.003985,-0.002515,0.0,-3e-05,-0.003668,-0.003139,-0.003939,-4e-06,0.0,-0.000581,-6e-06,0.0,-0.001916,-0.003824,-0.006653,-0.003855,0.0,-0.001008,-0.005936,-0.001298,-0.004161,0.0,-0.00117,-0.002044,-6.2e-05,-9e-06,-0.003376,-0.003555,0.0,-0.000199,-4e-06,-0.002801,-5e-06,-0.003499,-5e-06,-0.002247,-0.006627,-0.000219,-0.000282,-0.005137,-5e-06,-1.4e-05,-3e-06,-0.00041,-0.003652,-0.004176,0.0,-0.002225,-0.002963,-0.006795,-0.006752,-5e-06,-0.006261,-2.8e-05,-0.004867,-0.002392,0.0,-0.002157,-0.007571,-0.004425,-0.004975,-0.00473,-0.006624,-0.002138,-0.001189,-0.00148,-6e-06,-0.001218,-0.0034,-0.003499,-0.004607
2017-05-30 10:28:00+02:00,-2e-06,0.0,-0.000828,-0.004273,-0.000775,-5.4e-05,-0.001723,-0.002428,-0.004455,-9.9e-05,-6e-06,-2e-06,-0.004291,-0.00397,-0.001757,-0.005673,-0.000165,-3e-06,-7.3e-05,-0.006803,0.0,-0.006622,-0.003514,-4e-06,-0.006595,-0.00651,-0.002285,0.0,-0.001374,-6.8e-05,-4e-06,-0.003794,0.0,-0.003167,-0.003531,-3e-06,-0.001281,-0.003449,-2e-06,-0.007357,-0.002115,-4e-06,-0.003089,0.0,-0.000614,-0.001982,-0.00208,-0.004046,-0.002536,0.0,-2.4e-05,-0.003733,-0.003175,-0.004027,-3e-06,0.0,-0.000486,-4e-06,0.0,-0.00189,-0.003891,-0.006776,-0.003868,0.0,-0.000951,-0.005994,-0.001281,-0.004229,0.0,-0.001154,-0.002057,-4.9e-05,-7e-06,-0.003441,-0.003659,0.0,-0.000159,-3e-06,-0.002795,-4e-06,-0.003537,-4e-06,-0.002224,-0.006748,-0.000176,-0.000226,-0.005253,-4e-06,-1.1e-05,-2e-06,-0.000354,-0.003699,-0.004273,0.0,-0.002244,-0.002966,-0.006882,-0.006838,-4e-06,-0.006362,-2.2e-05,-0.004901,-0.002409,0.0,-0.002166,-0.007719,-0.004525,-0.005031,-0.004764,-0.006705,-0.002147,-0.001168,-0.001476,-5e-06,-0.001164,-0.003417,-0.003505,-0.004718
2017-05-30 10:29:00+02:00,-1e-06,0.0,-0.000696,-0.004199,-0.000646,-4.3e-05,-0.001666,-0.002386,-0.004419,-7.9e-05,-5e-06,-2e-06,-0.004361,-0.004048,-0.001696,-0.005618,-0.000132,-2e-06,-5.8e-05,-0.006796,0.0,-0.006611,-0.00345,-3e-06,-0.00653,-0.006473,-0.002239,0.0,-0.0013,-5.4e-05,-3e-06,-0.003758,0.0,-0.00313,-0.003527,-2e-06,-0.001104,-0.003381,-2e-06,-0.007338,-0.002077,-3e-06,-0.00301,0.0,-0.000491,-0.001867,-0.002014,-0.004029,-0.002453,0.0,-1.9e-05,-0.003727,-0.00315,-0.004094,-2e-06,0.0,-0.000388,-4e-06,0.0,-0.001795,-0.003883,-0.00672,-0.003787,0.0,-0.000826,-0.005946,-0.001216,-0.004216,0.0,-0.001093,-0.002012,-3.9e-05,-6e-06,-0.00344,-0.003707,0.0,-0.000127,-3e-06,-0.002715,-3e-06,-0.003509,-3e-06,-0.002115,-0.006692,-0.00014,-0.000181,-0.005338,-3e-06,-9e-06,-2e-06,-0.000283,-0.003679,-0.004347,0.0,-0.002215,-0.002826,-0.00685,-0.006807,-3e-06,-0.006285,-1.8e-05,-0.004836,-0.002361,0.0,-0.002125,-0.007829,-0.004601,-0.004918,-0.004695,-0.006674,-0.002109,-0.00109,-0.001417,-4e-06,-0.001049,-0.003343,-0.003417,-0.004801
2017-05-30 10:30:00+02:00,-1e-06,0.0,-0.000612,-0.004152,-0.000571,-3.5e-05,-0.00164,-0.002373,-0.004399,-6.3e-05,-4e-06,-1e-06,-0.004413,-0.004108,-0.001657,-0.005583,-0.000106,-2e-06,-4.7e-05,-0.006798,0.0,-0.00661,-0.003429,-2e-06,-0.006492,-0.00645,-0.002221,0.0,-0.001252,-4.3e-05,-2e-06,-0.003738,0.0,-0.003108,-0.00353,-2e-06,-0.000986,-0.003355,-1e-06,-0.007334,-0.002064,-2e-06,-0.002963,0.0,-0.000407,-0.001793,-0.001971,-0.00402,-0.002399,0.0,-1.5e-05,-0.003728,-0.003135,-0.004144,-2e-06,0.0,-0.000311,-3e-06,0.0,-0.001748,-0.003882,-0.006688,-0.003736,0.0,-0.000746,-0.005916,-0.001183,-0.004211,0.0,-0.001063,-0.001987,-3.1e-05,-5e-06,-0.003445,-0.003751,0.0,-0.000102,-2e-06,-0.00268,-2e-06,-0.003491,-3e-06,-0.002046,-0.00666,-0.000112,-0.000144,-0.0054,-3e-06,-7e-06,-1e-06,-0.000228,-0.003668,-0.004402,0.0,-0.002198,-0.002734,-0.00683,-0.006787,-2e-06,-0.006239,-1.4e-05,-0.004795,-0.002333,0.0,-0.00211,-0.00791,-0.004656,-0.004846,-0.004652,-0.006654,-0.002098,-0.001039,-0.001382,-3e-06,-0.000985,-0.003299,-0.003361,-0.004863
2017-05-30 10:31:00+02:00,-1e-06,0.0,-0.000551,-0.00411,-0.000515,-2.8e-05,-0.001618,-0.00236,-0.004374,-5e-05,-3e-06,-1e-06,-0.004448,-0.004148,-0.001624,-0.005547,-8.4e-05,-1e-06,-3.7e-05,-0.006789,0.0,-0.006599,-0.003408,-2e-06,-0.006448,-0.006421,-0.002204,0.0,-0.001215,-3.5e-05,-2e-06,-0.003714,0.0,-0.003085,-0.003526,-1e-06,-0.000896,-0.003329,-1e-06,-0.007314,-0.002051,-2e-06,-0.002926,0.0,-0.000344,-0.001736,-0.001936,-0.004007,-0.002352,0.0,-1.2e-05,-0.003722,-0.003119,-0.004177,-1e-06,0.0,-0.000249,-2e-06,0.0,-0.00171,-0.003875,-0.006648,-0.003692,0.0,-0.000688,-0.005882,-0.001158,-0.0042,0.0,-0.001039,-0.001966,-2.5e-05,-4e-06,-0.003443,-0.003777,0.0,-8.1e-05,-2e-06,-0.00265,-2e-06,-0.003472,-2e-06,-0.001991,-0.006619,-9e-05,-0.000116,-0.00544,-2e-06,-6e-06,-1e-06,-0.000186,-0.003653,-0.004439,0.0,-0.002182,-0.002659,-0.006801,-0.006759,-2e-06,-0.006189,-1.1e-05,-0.004756,-0.00231,0.0,-0.002096,-0.007961,-0.004693,-0.004779,-0.004611,-0.006627,-0.002086,-0.001001,-0.001355,-2e-06,-0.000938,-0.003263,-0.003314,-0.004904
2017-05-30 10:32:00+02:00,-1e-06,0.0,-0.000495,-0.004055,-0.000466,-2.2e-05,-0.001586,-0.002328,-0.004312,-4e-05,-2e-06,-1e-06,-0.004416,-0.004148,-0.001582,-0.005487,-6.8e-05,-1e-06,-3e-05,-0.006715,0.0,-0.006528,-0.003361,-2e-06,-0.006353,-0.006362,-0.00217,0.0,-0.001181,-2.8e-05,-2e-06,-0.003659,0.0,-0.003037,-0.003487,-1e-06,-0.000813,-0.003278,-1e-06,-0.007227,-0.002022,-2e-06,-0.002868,0.0,-0.000291,-0.001685,-0.001899,-0.003958,-0.002293,0.0,-1e-05,-0.003682,-0.003088,-0.004151,-1e-06,0.0,-0.000199,-2e-06,0.0,-0.001665,-0.003832,-0.006554,-0.003638,0.0,-0.000634,-0.005823,-0.001127,-0.004151,0.0,-0.001011,-0.00193,-2e-05,-3e-06,-0.003408,-0.00376,0.0,-6.5e-05,-1e-06,-0.002601,-2e-06,-0.003437,-2e-06,-0.00194,-0.006525,-7.2e-05,-9.2e-05,-0.005396,-2e-06,-4e-06,-1e-06,-0.000151,-0.00362,-0.004416,0.0,-0.002157,-0.002573,-0.006736,-0.006696,-2e-06,-0.006091,-9e-06,-0.004699,-0.002269,0.0,-0.002065,-0.007874,-0.004661,-0.004679,-0.004552,-0.006568,-0.002057,-0.000967,-0.00132,-2e-06,-0.000891,-0.003203,-0.00326,-0.00488
2017-05-30 10:33:00+02:00,-1e-06,0.0,-0.000415,-0.003957,-0.000395,-1.8e-05,-0.001536,-0.002277,-0.004219,-3.2e-05,-2e-06,-1e-06,-0.004443,-0.004111,-0.001522,-0.005381,-5.4e-05,-1e-06,-2.4e-05,-0.006608,0.0,-0.006422,-0.003287,-1e-06,-0.006212,-0.006254,-0.002118,0.0,-0.001122,-2.2e-05,-1e-06,-0.003579,0.0,-0.002967,-0.003425,-1e-06,-0.000698,-0.003201,-1e-06,-0.007088,-0.001976,-1e-06,-0.002781,0.0,-0.000232,-0.001596,-0.001834,-0.003886,-0.002207,0.0,-8e-06,-0.003622,-0.003031,-0.004177,-1e-06,0.0,-0.000159,-1e-06,0.0,-0.001596,-0.003768,-0.006412,-0.003542,0.0,-0.000555,-0.005716,-0.001079,-0.004078,0.0,-0.000967,-0.001875,-1.6e-05,-2e-06,-0.003356,-0.003713,0.0,-5.2e-05,-1e-06,-0.002527,-1e-06,-0.003373,-1e-06,-0.001851,-0.006383,-5.8e-05,-7.4e-05,-0.005393,-1e-06,-4e-06,-1e-06,-0.000121,-0.003559,-0.004434,0.0,-0.002111,-0.002451,-0.006623,-0.006585,-1e-06,-0.005949,-7e-06,-0.004598,-0.002207,0.0,-0.002018,-0.007919,-0.004689,-0.004539,-0.00445,-0.006459,-0.002012,-0.000909,-0.001267,-2e-06,-0.000821,-0.003114,-0.003165,-0.004875
2017-05-30 10:34:00+02:00,-0.0,0.0,-0.000449,-0.003999,-0.000428,-1.4e-05,-0.001571,-0.002316,-0.004228,-2.6e-05,-2e-06,-1e-06,-0.004495,-0.004174,-0.001533,-0.005437,-4.3e-05,-1e-06,-1.9e-05,-0.006699,0.0,-0.006509,-0.003347,-1e-06,-0.006227,-0.006319,-0.002157,0.0,-0.001138,-1.8e-05,-1e-06,-0.003595,0.0,-0.002985,-0.003457,-1e-06,-0.0007,-0.003264,-1e-06,-0.007141,-0.002015,-1e-06,-0.002837,0.0,-0.000257,-0.001621,-0.001855,-0.003938,-0.002216,0.0,-6e-06,-0.003676,-0.003067,-0.004227,-1e-06,0.0,-0.000154,-1e-06,0.0,-0.001645,-0.003822,-0.00645,-0.003581,0.0,-0.00059,-0.005775,-0.001111,-0.004132,0.0,-0.000998,-0.001913,-1.3e-05,-2e-06,-0.003409,-0.003764,0.0,-4.2e-05,-1e-06,-0.002584,-1e-06,-0.003409,-1e-06,-0.001876,-0.006419,-4.6e-05,-5.9e-05,-0.005451,-1e-06,-3e-06,-1e-06,-0.000134,-0.0036,-0.004487,0.0,-0.002139,-0.002463,-0.006693,-0.006654,-1e-06,-0.005973,-6e-06,-0.004647,-0.002246,0.0,-0.002057,-0.008003,-0.004741,-0.00456,-0.004499,-0.006527,-0.002051,-0.000924,-0.0013,-1e-06,-0.000862,-0.003174,-0.003202,-0.004935
2017-05-30 10:35:00+02:00,-0.0,0.0,-0.000497,-0.004099,-0.000476,-1.1e-05,-0.001621,-0.002372,-0.004282,-2.1e-05,-1e-06,-0.0,-0.004545,-0.004235,-0.001571,-0.005564,-3.5e-05,-1e-06,-1.5e-05,-0.006819,0.0,-0.006625,-0.003433,-1e-06,-0.006316,-0.006463,-0.002212,0.0,-0.00118,-1.4e-05,-1e-06,-0.003654,0.0,-0.003041,-0.003532,-1e-06,-0.00074,-0.003355,-0.0,-0.007279,-0.00207,-1e-06,-0.002915,0.0,-0.000298,-0.001685,-0.001906,-0.004004,-0.002261,0.0,-5e-06,-0.003742,-0.003142,-0.004277,-1e-06,0.0,-0.00017,-1e-06,0.0,-0.001717,-0.003889,-0.006569,-0.003675,0.0,-0.00064,-0.005909,-0.001157,-0.004198,0.0,-0.001042,-0.001964,-1e-05,-2e-06,-0.003475,-0.003849,0.0,-3.3e-05,-1e-06,-0.002667,-1e-06,-0.003488,-1e-06,-0.001943,-0.006535,-3.7e-05,-4.7e-05,-0.005504,-1e-06,-2e-06,-0.0,-0.000158,-0.003684,-0.004539,0.0,-0.002198,-0.002525,-0.006845,-0.006806,-1e-06,-0.006073,-5e-06,-0.004759,-0.0023,0.0,-0.002112,-0.008089,-0.004792,-0.004649,-0.004611,-0.006676,-0.002105,-0.000963,-0.001345,-1e-06,-0.000921,-0.003258,-0.003291,-0.004991
2017-05-30 10:36:00+02:00,-0.0,0.0,-0.000512,-0.004171,-0.000498,-9e-06,-0.001654,-0.002414,-0.004327,-1.7e-05,-1e-06,-0.0,-0.004599,-0.004297,-0.001599,-0.005662,-2.8e-05,-0.0,-1.2e-05,-0.006924,0.0,-0.006726,-0.003505,-1e-06,-0.006397,-0.006581,-0.002253,0.0,-0.001199,-1.1e-05,-1e-06,-0.003704,0.0,-0.00309,-0.0036,-0.0,-0.00075,-0.003428,-0.0,-0.007404,-0.002113,-1e-06,-0.002968,0.0,-0.000314,-0.001717,-0.001934,-0.004054,-0.002291,0.0,-4e-06,-0.003796,-0.003198,-0.004331,-0.0,0.0,-0.000156,-1e-06,0.0,-0.001764,-0.003942,-0.006675,-0.00374,0.0,-0.000659,-0.006014,-0.001185,-0.004249,0.0,-0.001069,-0.001997,-8e-06,-1e-06,-0.003533,-0.003932,0.0,-2.7e-05,-1e-06,-0.002729,-1e-06,-0.003545,-1e-06,-0.001978,-0.006639,-2.9e-05,-3.8e-05,-0.005556,-1e-06,-2e-06,-0.0,-0.000166,-0.003749,-0.004594,0.0,-0.002242,-0.002564,-0.006968,-0.006929,-1e-06,-0.00616,-4e-06,-0.004843,-0.002333,0.0,-0.002154,-0.008185,-0.004846,-0.004718,-0.004692,-0.006798,-0.002148,-0.000979,-0.00137,-1e-06,-0.000953,-0.003316,-0.00335,-0.005048
2017-05-30 10:37:00+02:00,-0.0,0.0,-0.000527,-0.00425,-0.000508,-7e-06,-0.001682,-0.002456,-0.004386,-1.3e-05,-1e-06,-0.0,-0.004668,-0.004374,-0.001632,-0.005772,-2.2e-05,-0.0,-1e-05,-0.007071,0.0,-0.006868,-0.00358,-1e-06,-0.006508,-0.006709,-0.002289,0.0,-0.001214,-9e-06,-1e-06,-0.003767,0.0,-0.003151,-0.003685,-0.0,-0.000756,-0.003498,-0.0,-0.007559,-0.002152,-1e-06,-0.003036,0.0,-0.000316,-0.001745,-0.00196,-0.004122,-0.002324,0.0,-3e-06,-0.00387,-0.003259,-0.004401,-0.0,0.0,-0.000143,-1e-06,0.0,-0.001803,-0.004015,-0.006811,-0.00381,0.0,-0.000677,-0.00613,-0.001205,-0.004319,0.0,-0.001089,-0.002038,-7e-06,-1e-06,-0.00361,-0.004025,0.0,-2.1e-05,-0.0,-0.002786,-1e-06,-0.003606,-1e-06,-0.002011,-0.006773,-2.4e-05,-3e-05,-0.005619,-1e-06,-1e-06,-0.0,-0.000165,-0.003816,-0.004664,0.0,-0.002291,-0.002609,-0.007102,-0.007064,-1e-06,-0.006274,-3e-06,-0.004936,-0.002376,0.0,-0.002192,-0.008311,-0.004913,-0.004806,-0.004782,-0.006931,-0.002188,-0.000991,-0.001398,-1e-06,-0.000974,-0.003392,-0.003412,-0.005118
2017-05-30 10:38:00+02:00,-0.0,0.0,-0.000559,-0.004416,-0.000539,-6e-06,-0.001734,-0.00253,-0.004498,-1.1e-05,-1e-06,-0.0,-0.004761,-0.004474,-0.001693,-0.005991,-1.8e-05,-0.0,-8e-06,-0.007306,0.0,-0.007097,-0.003713,-0.0,-0.006715,-0.006964,-0.002357,0.0,-0.001261,-7e-06,-0.0,-0.00388,0.0,-0.003258,-0.003822,-0.0,-0.000788,-0.003627,-0.0,-0.007821,-0.002223,-0.0,-0.00315,0.0,-0.000338,-0.001824,-0.002025,-0.00423,-0.00239,0.0,-3e-06,-0.003987,-0.003379,-0.004496,-0.0,0.0,-0.000146,-0.0,0.0,-0.001878,-0.004131,-0.007044,-0.003962,0.0,-0.000714,-0.006364,-0.001246,-0.004432,0.0,-0.001129,-0.002105,-5e-06,-1e-06,-0.003733,-0.004141,0.0,-1.7e-05,-0.0,-0.002893,-0.0,-0.003728,-0.0,-0.002099,-0.007005,-1.9e-05,-2.4e-05,-0.005701,-0.0,-1e-06,-0.0,-0.000176,-0.003951,-0.004757,0.0,-0.002386,-0.002702,-0.007367,-0.007329,-0.0,-0.00648,-2e-06,-0.005127,-0.002445,0.0,-0.002263,-0.008487,-0.005004,-0.004967,-0.004966,-0.007194,-0.002261,-0.001031,-0.001446,-1e-06,-0.001022,-0.003516,-0.00355,-0.005209
2017-05-30 10:39:00+02:00,-0.0,0.0,-0.000591,-0.004632,-0.000576,-5e-06,-0.001792,-0.002609,-0.004625,-8e-06,-1e-06,-0.0,-0.004828,-0.00455,-0.001764,-0.006272,-1.4e-05,-0.0,-6e-06,-0.007538,0.0,-0.007328,-0.003861,-0.0,-0.006956,-0.007287,-0.002431,0.0,-0.001327,-6e-06,-0.0,-0.004006,0.0,-0.003377,-0.003973,-0.0,-0.000831,-0.003767,-0.0,-0.00811,-0.002299,-0.0,-0.003265,0.0,-0.000367,-0.001937,-0.002114,-0.004334,-0.002466,0.0,-2e-06,-0.0041,-0.00353,-0.004567,-0.0,0.0,-0.000151,-0.0,0.0,-0.001961,-0.004243,-0.007309,-0.004159,0.0,-0.000751,-0.006661,-0.001291,-0.00454,0.0,-0.001173,-0.002169,-4e-06,-1e-06,-0.003852,-0.004231,0.0,-1.4e-05,-0.0,-0.00301,-0.0,-0.003882,-0.0,-0.002222,-0.007269,-1.5e-05,-1.9e-05,-0.005752,-0.0,-1e-06,-0.0,-0.00019,-0.00412,-0.004826,0.0,-0.002505,-0.002812,-0.007698,-0.00766,-0.0,-0.006715,-2e-06,-0.005372,-0.002512,0.0,-0.002338,-0.008626,-0.005068,-0.005151,-0.005201,-0.007524,-0.002338,-0.001091,-0.001492,-0.0,-0.001076,-0.003641,-0.00373,-0.005272
2017-05-30 10:40:00+02:00,-0.0,0.0,-0.000536,-0.004697,-0.000518,-4e-06,-0.001765,-0.002591,-0.004637,-7e-06,-0.0,-0.0,-0.00485,-0.00458,-0.001769,-0.006372,-1.1e-05,-0.0,-5e-06,-0.007576,0.0,-0.00737,-0.003862,-0.0,-0.007022,-0.007413,-0.00241,0.0,-0.001321,-5e-06,-0.0,-0.004027,0.0,-0.003403,-0.004023,-0.0,-0.000783,-0.003756,-0.0,-0.008203,-0.002285,-0.0,-0.003255,0.0,-0.000303,-0.001938,-0.002118,-0.004323,-0.002459,0.0,-2e-06,-0.004104,-0.003577,-0.004594,-0.0,0.0,-0.000121,-0.0,0.0,-0.001919,-0.004243,-0.007392,-0.004214,0.0,-0.0007,-0.006771,-0.001256,-0.004531,0.0,-0.001142,-0.002154,-3e-06,-0.0,-0.003868,-0.004276,0.0,-1.1e-05,-0.0,-0.002988,-0.0,-0.003925,-0.0,-0.002232,-0.007353,-1.2e-05,-1.6e-05,-0.005754,-0.0,-1e-06,-0.0,-0.000152,-0.004174,-0.004847,0.0,-0.002543,-0.002806,-0.007816,-0.007781,-0.0,-0.006772,-2e-06,-0.005453,-0.002492,0.0,-0.002322,-0.008688,-0.005084,-0.005178,-0.005269,-0.00765,-0.002325,-0.001082,-0.001468,-0.0,-0.001024,-0.003634,-0.003772,-0.005285
2017-05-30 10:41:00+02:00,-0.0,0.0,-0.000458,-0.004713,-0.00044,-3e-06,-0.001722,-0.002557,-0.004617,-5e-06,-0.0,-0.0,-0.004904,-0.004641,-0.001756,-0.006415,-9e-06,-0.0,-4e-06,-0.007562,0.0,-0.007358,-0.003829,-0.0,-0.007023,-0.007474,-0.002373,0.0,-0.001297,-4e-06,-0.0,-0.004019,0.0,-0.003403,-0.004039,-0.0,-0.000708,-0.003715,-0.0,-0.008222,-0.002256,-0.0,-0.003208,0.0,-0.000243,-0.001906,-0.0021,-0.004289,-0.00243,0.0,-1e-06,-0.004085,-0.003598,-0.004652,-0.0,0.0,-9.7e-05,-0.0,0.0,-0.001853,-0.004219,-0.007403,-0.004221,0.0,-0.000623,-0.006822,-0.001207,-0.004497,0.0,-0.001097,-0.00212,-3e-06,-0.0,-0.003861,-0.004332,0.0,-9e-06,-0.0,-0.002938,-0.0,-0.003941,-0.0,-0.002206,-0.007364,-1e-05,-1.2e-05,-0.005795,-0.0,-1e-06,-0.0,-0.000122,-0.004199,-0.004903,0.0,-0.002557,-0.002764,-0.007876,-0.007842,-0.0,-0.006771,-1e-06,-0.005481,-0.002453,0.0,-0.00229,-0.008796,-0.005136,-0.005158,-0.00529,-0.007713,-0.002297,-0.001054,-0.001426,-0.0,-0.00095,-0.003589,-0.00377,-0.005335
2017-05-30 10:42:00+02:00,-0.0,0.0,-0.000449,-0.004824,-0.00046,-2e-06,-0.001757,-0.002606,-0.004694,-4e-06,-0.0,-0.0,-0.004944,-0.004683,-0.001802,-0.00656,-7e-06,-0.0,-3e-06,-0.007643,0.0,-0.007436,-0.003909,-0.0,-0.00715,-0.00764,-0.002418,0.0,-0.001336,-3e-06,-0.0,-0.004095,0.0,-0.003474,-0.004125,-0.0,-0.000742,-0.003795,-0.0,-0.008382,-0.002303,-0.0,-0.003231,0.0,-0.000254,-0.001968,-0.002151,-0.004323,-0.002483,0.0,-1e-06,-0.004127,-0.003681,-0.004692,-0.0,0.0,-7.7e-05,-0.0,0.0,-0.001898,-0.00426,-0.007545,-0.004324,0.0,-0.000617,-0.006975,-0.001233,-0.004534,0.0,-0.001123,-0.002135,-2e-06,-0.0,-0.003907,-0.004384,0.0,-7e-06,-0.0,-0.003004,-0.0,-0.004028,-0.0,-0.002272,-0.007504,-8e-06,-1e-05,-0.005826,-0.0,-0.0,-0.0,-0.000125,-0.004294,-0.004942,0.0,-0.002623,-0.002835,-0.008048,-0.008014,-0.0,-0.006902,-1e-06,-0.005608,-0.002467,0.0,-0.002337,-0.008862,-0.005174,-0.005268,-0.005414,-0.007883,-0.002345,-0.00109,-0.001433,-0.0,-0.00098,-0.003616,-0.003866,-0.005373
2017-05-30 10:43:00+02:00,-0.0,0.0,-0.00036,-0.004825,-0.00042,-2e-06,-0.001745,-0.002603,-0.004718,-3e-06,-0.0,-0.0,-0.00497,-0.004712,-0.001807,-0.006579,-6e-06,-0.0,-3e-06,-0.007584,0.0,-0.007377,-0.003904,-0.0,-0.007181,-0.00767,-0.002413,0.0,-0.001321,-2e-06,-0.0,-0.004119,0.0,-0.003495,-0.004157,-0.0,-0.000712,-0.00379,-0.0,-0.008431,-0.002302,-0.0,-0.003147,0.0,-0.000207,-0.001944,-0.002142,-0.00428,-0.002486,0.0,-1e-06,-0.004095,-0.003697,-0.004719,-0.0,0.0,-6.2e-05,-0.0,0.0,-0.001872,-0.004225,-0.007583,-0.004321,0.0,-0.000527,-0.006999,-0.001215,-0.004492,0.0,-0.001106,-0.002085,-2e-06,-0.0,-0.003881,-0.004418,0.0,-6e-06,-0.0,-0.00299,-0.0,-0.004044,-0.0,-0.00225,-0.007538,-6e-06,-8e-06,-0.005847,-0.0,-0.0,-0.0,-0.0001,-0.004315,-0.004969,0.0,-0.002631,-0.00283,-0.008082,-0.008048,-0.0,-0.006935,-1e-06,-0.005618,-0.002412,0.0,-0.002334,-0.008899,-0.0052,-0.005286,-0.005423,-0.007915,-0.002344,-0.001072,-0.001379,-0.0,-0.000944,-0.003532,-0.003859,-0.0054
2017-05-30 10:44:00+02:00,-0.0,0.0,-0.000288,-0.004747,-0.000358,-2e-06,-0.001708,-0.002572,-0.004657,-3e-06,-0.0,-0.0,-0.004983,-0.004726,-0.001772,-0.006504,-5e-06,-0.0,-2e-06,-0.00751,0.0,-0.007303,-0.003855,-0.0,-0.007083,-0.007596,-0.00238,0.0,-0.001268,-2e-06,-0.0,-0.004074,0.0,-0.003459,-0.004131,-0.0,-0.000631,-0.003738,-0.0,-0.008366,-0.002274,-0.0,-0.003065,0.0,-0.000166,-0.001861,-0.002089,-0.004232,-0.00244,0.0,-1e-06,-0.004056,-0.003661,-0.004732,-0.0,0.0,-4.9e-05,-0.0,0.0,-0.001808,-0.004183,-0.007513,-0.004242,0.0,-0.000448,-0.006924,-0.001173,-0.004444,0.0,-0.001068,-0.002036,-1e-06,-0.0,-0.003848,-0.004431,0.0,-4e-06,-0.0,-0.002935,-0.0,-0.004002,-0.0,-0.002168,-0.007467,-5e-06,-6e-06,-0.005855,-0.0,-0.0,-0.0,-8e-05,-0.004277,-0.004982,0.0,-0.002597,-0.002754,-0.008006,-0.007973,-0.0,-0.006852,-1e-06,-0.005542,-0.002359,0.0,-0.002305,-0.008908,-0.005213,-0.00521,-0.005345,-0.007841,-0.002316,-0.00102,-0.00133,-0.0,-0.000882,-0.003448,-0.003779,-0.005413
2017-05-30 10:45:00+02:00,-0.0,0.0,-0.00023,-0.004581,-0.000287,-1e-06,-0.001626,-0.002484,-0.004553,-2e-06,-0.0,-0.0,-0.004984,-0.004729,-0.001722,-0.006321,-4e-06,-0.0,-2e-06,-0.007423,0.0,-0.007216,-0.003718,-0.0,-0.006921,-0.007406,-0.00229,0.0,-0.001174,-2e-06,-0.0,-0.003993,0.0,-0.003392,-0.004074,-0.0,-0.000536,-0.003596,-0.0,-0.00824,-0.002193,-0.0,-0.002988,0.0,-0.000133,-0.001714,-0.001988,-0.00418,-0.002373,0.0,-1e-06,-0.004012,-0.003563,-0.004733,-0.0,0.0,-4e-05,-0.0,0.0,-0.001697,-0.004137,-0.007388,-0.004081,0.0,-0.000383,-0.006739,-0.001102,-0.004392,0.0,-0.001,-0.001991,-1e-06,-0.0,-0.003809,-0.004405,0.0,-4e-06,-0.0,-0.002804,-0.0,-0.003896,-0.0,-0.002019,-0.007341,-4e-06,-5e-06,-0.005838,-0.0,-0.0,-0.0,-6.4e-05,-0.004173,-0.004984,0.0,-0.002515,-0.002652,-0.00781,-0.007778,-0.0,-0.00671,-1e-06,-0.005369,-0.002309,0.0,-0.00222,-0.008852,-0.005214,-0.005091,-0.005172,-0.00765,-0.002235,-0.000928,-0.001286,-0.0,-0.000777,-0.003369,-0.003619,-0.005414
2017-05-30 10:46:00+02:00,-0.0,0.0,-0.00019,-0.004429,-0.000229,-1e-06,-0.00155,-0.0024,-0.004468,-2e-06,-0.0,-0.0,-0.004955,-0.004704,-0.001684,-0.006137,-3e-06,-0.0,-1e-06,-0.007342,0.0,-0.007137,-0.003589,-0.0,-0.006785,-0.007212,-0.002211,0.0,-0.0011,-1e-06,-0.0,-0.003927,0.0,-0.003338,-0.004024,-0.0,-0.000475,-0.00347,-0.0,-0.008127,-0.002121,-0.0,-0.002931,0.0,-0.000106,-0.001599,-0.001902,-0.004136,-0.002323,0.0,-0.0,-0.003973,-0.003465,-0.004704,-0.0,0.0,-3.2e-05,-0.0,0.0,-0.001599,-0.004096,-0.007278,-0.003935,0.0,-0.000345,-0.00655,-0.001038,-0.004346,0.0,-0.00094,-0.001958,-1e-06,-0.0,-0.003773,-0.004376,0.0,-3e-06,-0.0,-0.002683,-0.0,-0.003788,-0.0,-0.001901,-0.00723,-3e-06,-4e-06,-0.005798,-0.0,-0.0,-0.0,-5.1e-05,-0.004067,-0.004955,0.0,-0.002439,-0.002578,-0.007607,-0.007577,-0.0,-0.006592,-0.0,-0.005204,-0.002271,0.0,-0.002146,-0.008774,-0.005183,-0.004995,-0.005008,-0.007453,-0.00216,-0.000857,-0.001257,-0.0,-0.000689,-0.003309,-0.003479,-0.005381
2017-05-30 10:47:00+02:00,-0.0,0.0,-0.000152,-0.004284,-0.000183,-1e-06,-0.001473,-0.00232,-0.004402,-1e-06,-0.0,-0.0,-0.00494,-0.004689,-0.001657,-0.005961,-2e-06,-0.0,-1e-06,-0.007251,0.0,-0.007046,-0.003462,-0.0,-0.006673,-0.00703,-0.002131,0.0,-0.001034,-1e-06,-0.0,-0.003876,0.0,-0.003296,-0.003984,-0.0,-0.000436,-0.00334,-0.0,-0.008035,-0.002047,-0.0,-0.002869,0.0,-8.5e-05,-0.001495,-0.001824,-0.004086,-0.002287,0.0,-0.0,-0.003929,-0.003372,-0.004689,-0.0,0.0,-2.5e-05,-0.0,0.0,-0.001499,-0.004051,-0.00719,-0.003799,0.0,-0.000306,-0.006371,-0.000974,-0.004296,0.0,-0.000879,-0.001922,-1e-06,-0.0,-0.003731,-0.004353,0.0,-2e-06,-0.0,-0.002559,-0.0,-0.003687,-0.0,-0.001793,-0.007141,-3e-06,-3e-06,-0.005782,-0.0,-0.0,-0.0,-4.1e-05,-0.003969,-0.00494,0.0,-0.002366,-0.002525,-0.007419,-0.00739,-0.0,-0.006496,-0.0,-0.005046,-0.002231,0.0,-0.00207,-0.008721,-0.005169,-0.004921,-0.004854,-0.007269,-0.002086,-0.000794,-0.001225,-0.0,-0.000601,-0.003244,-0.003349,-0.005368
2017-05-30 10:48:00+02:00,-0.0,0.0,-0.000127,-0.004163,-0.000147,-1e-06,-0.001411,-0.002252,-0.004325,-1e-06,-0.0,-0.0,-0.004913,-0.004661,-0.001624,-0.005806,-2e-06,-0.0,-1e-06,-0.007167,0.0,-0.006963,-0.003354,-0.0,-0.006543,-0.006867,-0.002065,0.0,-0.000987,-1e-06,-0.0,-0.003813,0.0,-0.003243,-0.003925,-0.0,-0.0004,-0.003234,-0.0,-0.007904,-0.001987,-0.0,-0.00282,0.0,-6.8e-05,-0.001422,-0.001764,-0.004043,-0.002244,0.0,-0.0,-0.00389,-0.003291,-0.004661,-0.0,0.0,-2e-05,-0.0,0.0,-0.001423,-0.004011,-0.00707,-0.003687,0.0,-0.000282,-0.006211,-0.000926,-0.004252,0.0,-0.000833,-0.001895,-1e-06,-0.0,-0.003695,-0.004302,0.0,-2e-06,-0.0,-0.002459,-0.0,-0.003598,-0.0,-0.001715,-0.007019,-2e-06,-3e-06,-0.005749,-0.0,-0.0,-0.0,-3.3e-05,-0.003882,-0.004913,0.0,-0.002306,-0.002464,-0.00725,-0.007223,-0.0,-0.006381,-0.0,-0.004911,-0.0022,0.0,-0.002008,-0.00865,-0.005142,-0.004829,-0.004724,-0.007104,-0.002024,-0.000751,-0.001203,-0.0,-0.000537,-0.003192,-0.003246,-0.005341
2017-05-30 10:49:00+02:00,-0.0,0.0,-0.000152,-0.004134,-0.000148,-0.0,-0.001409,-0.002246,-0.004366,-1e-06,-0.0,-0.0,-0.004916,-0.004664,-0.001644,-0.005747,-2e-06,-0.0,-1e-06,-0.007141,0.0,-0.006936,-0.003337,-0.0,-0.006581,-0.006793,-0.002061,0.0,-0.001001,-1e-06,-0.0,-0.003842,0.0,-0.003263,-0.003924,-0.0,-0.000456,-0.003222,-0.0,-0.007889,-0.001984,-0.0,-0.002823,0.0,-5.4e-05,-0.001441,-0.001767,-0.004037,-0.002269,0.0,-0.0,-0.003885,-0.003264,-0.004664,-0.0,0.0,-1.6e-05,-0.0,0.0,-0.00143,-0.004006,-0.007064,-0.003668,0.0,-0.000307,-0.006145,-0.000932,-0.004244,0.0,-0.00084,-0.001901,-0.0,-0.0,-0.003689,-0.004308,0.0,-1e-06,-0.0,-0.002451,-0.0,-0.003569,-0.0,-0.001729,-0.007009,-2e-06,-2e-06,-0.005751,-0.0,-0.0,-0.0,-2.6e-05,-0.003849,-0.004916,0.0,-0.002293,-0.002503,-0.007172,-0.007145,-0.0,-0.00641,-0.0,-0.004869,-0.002204,0.0,-0.002005,-0.008651,-0.005145,-0.004854,-0.004689,-0.007027,-0.002021,-0.000767,-0.001214,-0.0,-0.000553,-0.003194,-0.003236,-0.005344
2017-05-30 10:50:00+02:00,-0.0,0.0,-0.000203,-0.004194,-0.000173,-0.0,-0.001424,-0.002258,-0.004464,-1e-06,-0.0,-0.0,-0.004905,-0.004654,-0.001697,-0.005793,-1e-06,-0.0,-1e-06,-0.007174,0.0,-0.006966,-0.003351,-0.0,-0.006706,-0.006833,-0.002074,0.0,-0.001062,-0.0,-0.0,-0.003919,0.0,-0.003325,-0.003965,-0.0,-0.000562,-0.003239,-0.0,-0.007956,-0.001998,-0.0,-0.002862,0.0,-5.7e-05,-0.001532,-0.001824,-0.004065,-0.002336,0.0,-0.0,-0.003914,-0.003296,-0.004654,-0.0,0.0,-1.3e-05,-0.0,0.0,-0.00146,-0.004036,-0.007136,-0.003736,0.0,-0.000358,-0.006188,-0.000953,-0.004273,0.0,-0.000861,-0.001929,-0.0,-0.0,-0.003713,-0.004323,0.0,-1e-06,-0.0,-0.00247,-0.0,-0.003603,-0.0,-0.001817,-0.007078,-1e-06,-2e-06,-0.005724,-0.0,-0.0,-0.0,-2.2e-05,-0.003881,-0.004905,0.0,-0.002328,-0.002603,-0.007214,-0.007186,-0.0,-0.006522,-0.0,-0.004924,-0.002232,0.0,-0.002019,-0.00861,-0.005131,-0.004952,-0.00475,-0.007067,-0.002034,-0.000828,-0.001245,-0.0,-0.000591,-0.003233,-0.003312,-0.005327
2017-05-30 10:51:00+02:00,-0.0,0.0,-0.000209,-0.004191,-0.000141,-0.0,-0.001392,-0.002218,-0.004501,-1e-06,-0.0,-0.0,-0.004885,-0.004638,-0.001714,-0.005773,-1e-06,-0.0,-0.0,-0.007151,0.0,-0.006944,-0.003288,-0.0,-0.006745,-0.006807,-0.002037,0.0,-0.001081,-0.0,-0.0,-0.003944,0.0,-0.003342,-0.003966,-0.0,-0.000602,-0.003181,-0.0,-0.007947,-0.001965,-0.0,-0.002854,0.0,-4.6e-05,-0.00156,-0.001836,-0.004056,-0.002356,0.0,-0.0,-0.00391,-0.00329,-0.004638,-0.0,0.0,-1e-05,-0.0,0.0,-0.001426,-0.004031,-0.007134,-0.003739,0.0,-0.000365,-0.006165,-0.00093,-0.004265,0.0,-0.00084,-0.001926,-0.0,-0.0,-0.003708,-0.004333,0.0,-1e-06,-0.0,-0.002418,-0.0,-0.003596,-0.0,-0.001842,-0.007074,-1e-06,-1e-06,-0.005695,-0.0,-0.0,-0.0,-1.8e-05,-0.003873,-0.004885,0.0,-0.002329,-0.002633,-0.007185,-0.007158,-0.0,-0.006549,-0.0,-0.004914,-0.002228,0.0,-0.001985,-0.008573,-0.00511,-0.004973,-0.004744,-0.00704,-0.001999,-0.000848,-0.001244,-0.0,-0.000565,-0.003224,-0.003322,-0.005305
2017-05-30 10:52:00+02:00,-0.0,0.0,-0.000231,-0.00419,-0.000141,-0.0,-0.001387,-0.002208,-0.004517,-0.0,-0.0,-0.0,-0.004849,-0.004604,-0.001723,-0.005757,-1e-06,-0.0,-0.0,-0.007148,0.0,-0.006941,-0.003272,-0.0,-0.006757,-0.006784,-0.00203,0.0,-0.001098,-0.0,-0.0,-0.003952,0.0,-0.003347,-0.003958,-0.0,-0.000632,-0.003167,-0.0,-0.007919,-0.001959,-0.0,-0.002871,0.0,-3.7e-05,-0.001587,-0.001847,-0.00406,-0.002364,0.0,-0.0,-0.003915,-0.003285,-0.004604,-0.0,0.0,-8e-06,-0.0,0.0,-0.001429,-0.004036,-0.007115,-0.003744,0.0,-0.000387,-0.006147,-0.000933,-0.004268,0.0,-0.000843,-0.001939,-0.0,-0.0,-0.003712,-0.004331,0.0,-1e-06,-0.0,-0.002408,-0.0,-0.003589,-0.0,-0.001866,-0.007053,-1e-06,-1e-06,-0.005646,-0.0,-0.0,-0.0,-1.4e-05,-0.003865,-0.004849,0.0,-0.002331,-0.00265,-0.007158,-0.007132,-0.0,-0.006552,-0.0,-0.004907,-0.00224,0.0,-0.001978,-0.008509,-0.00507,-0.004975,-0.00474,-0.007015,-0.001992,-0.000867,-0.001255,-0.0,-0.000572,-0.003241,-0.003332,-0.005261
2017-05-30 10:53:00+02:00,-0.0,0.0,-0.000228,-0.004146,-0.000117,-0.0,-0.001364,-0.002178,-0.004487,-0.0,-0.0,-0.0,-0.00485,-0.004605,-0.00171,-0.005697,-1e-06,-0.0,-0.0,-0.007112,0.0,-0.006907,-0.003226,-0.0,-0.006705,-0.006716,-0.002002,0.0,-0.001087,-0.0,-0.0,-0.003925,0.0,-0.003323,-0.003925,-0.0,-0.000621,-0.003122,-0.0,-0.007841,-0.001934,-0.0,-0.00286,0.0,-2.9e-05,-0.00157,-0.001828,-0.004042,-0.002343,0.0,-0.0,-0.003901,-0.003255,-0.004605,-0.0,0.0,-7e-06,-0.0,0.0,-0.001404,-0.004021,-0.007046,-0.003705,0.0,-0.000384,-0.006083,-0.000917,-0.00425,0.0,-0.000828,-0.001934,-0.0,-0.0,-0.003699,-0.004302,0.0,-1e-06,-0.0,-0.00237,-0.0,-0.003555,-0.0,-0.001847,-0.006983,-1e-06,-1e-06,-0.005642,-0.0,-0.0,-0.0,-1.1e-05,-0.00383,-0.00485,0.0,-0.00231,-0.002624,-0.007085,-0.00706,-0.0,-0.006498,-0.0,-0.004856,-0.002232,0.0,-0.001952,-0.008509,-0.005071,-0.004928,-0.004691,-0.006946,-0.001966,-0.000858,-0.001249,-0.0,-0.000552,-0.00323,-0.003298,-0.005262
2017-05-30 10:54:00+02:00,-0.0,0.0,-0.000242,-0.00412,-0.000108,-0.0,-0.001351,-0.002159,-0.004473,-0.0,-0.0,-0.0,-0.004853,-0.004609,-0.001708,-0.005658,-0.0,-0.0,-0.0,-0.007116,0.0,-0.00691,-0.003199,-0.0,-0.00668,-0.006671,-0.001984,0.0,-0.001085,-0.0,-0.0,-0.003913,0.0,-0.003313,-0.003909,-0.0,-0.000629,-0.003096,-0.0,-0.007798,-0.001919,-0.0,-0.00287,0.0,-2.3e-05,-0.001567,-0.001819,-0.004045,-0.002337,0.0,-0.0,-0.003908,-0.003236,-0.004609,-0.0,0.0,-5e-06,-0.0,0.0,-0.001394,-0.004027,-0.00701,-0.003684,0.0,-0.000397,-0.006042,-0.00091,-0.004253,0.0,-0.000822,-0.001942,-0.0,-0.0,-0.003705,-0.00429,0.0,-0.0,-0.0,-0.002348,-0.0,-0.003533,-0.0,-0.001841,-0.006946,-1e-06,-1e-06,-0.005641,-0.0,-0.0,-0.0,-9e-06,-0.003807,-0.004853,0.0,-0.002299,-0.00262,-0.007035,-0.007012,-0.0,-0.006472,-0.0,-0.004825,-0.002239,0.0,-0.001937,-0.008512,-0.005073,-0.004909,-0.004661,-0.0069,-0.001951,-0.000857,-0.001256,-0.0,-0.000545,-0.003241,-0.003281,-0.005264
2017-05-30 10:55:00+02:00,-0.0,0.0,-0.000239,-0.0041,-8.6e-05,-0.0,-0.001321,-0.002124,-0.004478,-0.0,-0.0,-0.0,-0.004855,-0.004612,-0.001709,-0.005628,-0.0,-0.0,-0.0,-0.007095,0.0,-0.006891,-0.003147,-0.0,-0.006683,-0.006637,-0.00195,0.0,-0.001083,-0.0,-0.0,-0.003915,0.0,-0.003315,-0.003904,-0.0,-0.000632,-0.003043,-0.0,-0.007778,-0.001889,-0.0,-0.002863,0.0,-1.9e-05,-0.001564,-0.001812,-0.004032,-0.002335,0.0,-0.0,-0.0039,-0.003222,-0.004612,-0.0,0.0,-4e-06,-0.0,0.0,-0.00136,-0.004018,-0.006995,-0.003667,0.0,-0.000395,-0.00601,-0.000888,-0.004239,0.0,-0.000801,-0.001938,-0.0,-0.0,-0.003699,-0.004289,0.0,-0.0,-0.0,-0.002302,-0.0,-0.003516,-0.0,-0.001837,-0.006929,-0.0,-1e-06,-0.00563,-0.0,-0.0,-0.0,-7e-06,-0.00379,-0.004855,0.0,-0.002291,-0.002619,-0.006998,-0.006975,-0.0,-0.006469,-0.0,-0.004801,-0.002233,0.0,-0.001905,-0.008513,-0.005075,-0.004902,-0.004638,-0.006865,-0.001919,-0.000856,-0.001252,-0.0,-0.000517,-0.003234,-0.003268,-0.005264
2017-05-30 10:56:00+02:00,-0.0,0.0,-0.000257,-0.004085,-7.9e-05,-0.0,-0.001311,-0.002112,-0.0045,-0.0,-0.0,-0.0,-0.004862,-0.00462,-0.001724,-0.005608,-0.0,-0.0,-0.0,-0.007115,0.0,-0.00691,-0.003129,-0.0,-0.006713,-0.006615,-0.001935,0.0,-0.001078,-0.0,-0.0,-0.003935,0.0,-0.003332,-0.003919,-0.0,-0.000657,-0.00302,-0.0,-0.007794,-0.001875,-0.0,-0.002882,0.0,-1.5e-05,-0.001558,-0.001804,-0.004042,-0.002349,0.0,-0.0,-0.003913,-0.003213,-0.00462,-0.0,0.0,-3e-06,-0.0,0.0,-0.001353,-0.004031,-0.007014,-0.003654,0.0,-0.000413,-0.005988,-0.000882,-0.004249,0.0,-0.000796,-0.001951,-0.0,-0.0,-0.003714,-0.004306,0.0,-0.0,-0.0,-0.002285,-0.0,-0.003504,-0.0,-0.001831,-0.006946,-0.0,-0.0,-0.005634,-0.0,-0.0,-0.0,-6e-06,-0.003779,-0.004862,0.0,-0.002286,-0.002643,-0.006972,-0.00695,-0.0,-0.006496,-0.0,-0.004784,-0.002245,0.0,-0.001891,-0.008523,-0.005081,-0.004924,-0.004621,-0.006842,-0.001908,-0.000852,-0.001263,-0.0,-0.000513,-0.003254,-0.003256,-0.005269
2017-05-30 10:57:00+02:00,-0.0,0.0,-0.000287,-0.004078,-9e-05,-0.0,-0.001316,-0.002117,-0.00454,-0.0,-0.0,-0.0,-0.004873,-0.004631,-0.001751,-0.005595,-0.0,-0.0,-0.0,-0.007156,0.0,-0.00695,-0.003139,-0.0,-0.006773,-0.0066,-0.001935,0.0,-0.00108,-0.0,-0.0,-0.003972,0.0,-0.003366,-0.00395,-0.0,-0.000703,-0.003023,-0.0,-0.007843,-0.001878,-0.0,-0.002916,0.0,-1.2e-05,-0.001561,-0.001802,-0.004063,-0.00238,0.0,-0.0,-0.003937,-0.003207,-0.004631,-0.0,0.0,-3e-06,-0.0,0.0,-0.001368,-0.004055,-0.007064,-0.00365,0.0,-0.000443,-0.005973,-0.000891,-0.004271,0.0,-0.000805,-0.001973,-0.0,-0.0,-0.00374,-0.004329,0.0,-0.0,-0.0,-0.002293,-0.0,-0.003496,-0.0,-0.001833,-0.006994,-0.0,-0.0,-0.00564,-0.0,-0.0,-0.0,-5e-06,-0.003772,-0.004873,0.0,-0.002286,-0.002691,-0.006954,-0.006933,-0.0,-0.006553,-0.0,-0.004775,-0.002266,0.0,-0.001893,-0.008539,-0.00509,-0.004974,-0.004613,-0.006826,-0.001914,-0.000854,-0.001282,-0.0,-0.000528,-0.003289,-0.003254,-0.005278
2017-05-30 10:58:00+02:00,-0.0,0.0,-0.000307,-0.004058,-9.8e-05,-0.0,-0.001318,-0.00212,-0.004588,-0.0,-0.0,-0.0,-0.004882,-0.004642,-0.001784,-0.005565,-0.0,-0.0,-0.0,-0.007161,0.0,-0.006956,-0.003146,-0.0,-0.006846,-0.006562,-0.001933,0.0,-0.001072,-0.0,-0.0,-0.004016,0.0,-0.003407,-0.003992,-0.0,-0.000754,-0.003022,-0.0,-0.007916,-0.001878,-0.0,-0.002935,0.0,-1e-05,-0.00155,-0.001791,-0.004067,-0.002416,0.0,-0.0,-0.003944,-0.003192,-0.004642,-0.0,0.0,-2e-06,-0.0,0.0,-0.001378,-0.004061,-0.007133,-0.003633,0.0,-0.000463,-0.005939,-0.000897,-0.004273,0.0,-0.000812,-0.001985,-0.0,-0.0,-0.003747,-0.004349,0.0,-0.0,-0.0,-0.002298,-0.0,-0.003477,-0.0,-0.001822,-0.007061,-0.0,-0.0,-0.005643,-0.0,-0.0,-0.0,-4e-06,-0.003752,-0.004882,0.0,-0.002278,-0.002747,-0.006911,-0.006891,-0.0,-0.006625,-0.0,-0.004751,-0.002277,0.0,-0.001892,-0.008552,-0.005099,-0.005038,-0.00459,-0.006786,-0.001918,-0.000846,-0.001295,-0.0,-0.000539,-0.003309,-0.003238,-0.005285
2017-05-30 10:59:00+02:00,-0.0,0.0,-0.000324,-0.004005,-9.8e-05,-0.0,-0.001314,-0.002115,-0.004615,-0.0,-0.0,-0.0,-0.004886,-0.004647,-0.001809,-0.005498,-0.0,-0.0,-0.0,-0.00715,0.0,-0.006947,-0.003141,-0.0,-0.006889,-0.006481,-0.001925,0.0,-0.001045,-0.0,-0.0,-0.004046,0.0,-0.003437,-0.00403,-0.0,-0.000792,-0.003012,-0.0,-0.007978,-0.001872,-0.0,-0.002947,0.0,-8e-06,-0.001511,-0.001759,-0.004063,-0.002444,0.0,-0.0,-0.003943,-0.003156,-0.004647,-0.0,0.0,-2e-06,-0.0,0.0,-0.001379,-0.004059,-0.007191,-0.003582,0.0,-0.00048,-0.005867,-0.000897,-0.004267,0.0,-0.000812,-0.001993,-0.0,-0.0,-0.003747,-0.004363,0.0,-0.0,-0.0,-0.002293,-0.0,-0.003435,-0.0,-0.001782,-0.007117,-0.0,-0.0,-0.00563,-0.0,-0.0,-0.0,-3e-06,-0.003707,-0.004886,0.0,-0.002252,-0.002789,-0.006822,-0.006803,-0.0,-0.006673,-0.0,-0.004693,-0.002282,0.0,-0.001886,-0.008556,-0.005101,-0.005086,-0.004531,-0.0067,-0.001915,-0.000821,-0.001303,-0.0,-0.000541,-0.003321,-0.00319,-0.005286
2017-05-30 11:00:00+02:00,-0.0,0.0,-0.000348,-0.004014,-0.000145,-0.0,-0.001351,-0.002147,-0.004635,-0.0,-0.0,-0.0,-0.004888,-0.00465,-0.001833,-0.005507,-0.0,-0.0,-0.0,-0.007139,0.0,-0.006939,-0.003191,-0.0,-0.006921,-0.00648,-0.001956,0.0,-0.001053,-0.0,-0.0,-0.00407,0.0,-0.003462,-0.004059,-0.0,-0.000834,-0.003062,-0.0,-0.008024,-0.001903,-0.0,-0.002961,0.0,-3.2e-05,-0.001524,-0.001765,-0.004058,-0.00247,0.0,-0.0,-0.003943,-0.003164,-0.00465,-0.0,0.0,-1e-06,-0.0,0.0,-0.001433,-0.004057,-0.007236,-0.003593,0.0,-0.000503,-0.005873,-0.000931,-0.004262,0.0,-0.000846,-0.002001,-0.0,-0.0,-0.003747,-0.004373,0.0,-0.0,-0.0,-0.002349,-0.0,-0.003441,-0.0,-0.001794,-0.00716,-0.0,-0.0,-0.005614,-0.0,-0.0,-0.0,-1.1e-05,-0.00371,-0.004888,0.0,-0.002261,-0.002831,-0.006816,-0.006797,-0.0,-0.006711,-0.0,-0.004703,-0.002288,0.0,-0.001917,-0.008552,-0.005102,-0.005127,-0.004541,-0.006696,-0.001947,-0.000829,-0.001312,-0.0,-0.000594,-0.003334,-0.003201,-0.005281
2017-05-30 11:01:00+02:00,-0.0,0.0,-0.00036,-0.004104,-0.000213,-0.0,-0.001408,-0.0022,-0.004679,-0.0,-0.0,-0.0,-0.004897,-0.00466,-0.001867,-0.005617,-0.0,-0.0,-0.0,-0.007129,0.0,-0.00693,-0.003274,-0.0,-0.006992,-0.006587,-0.002009,0.0,-0.001099,-0.0,-0.0,-0.004113,0.0,-0.003503,-0.004103,-0.0,-0.000888,-0.003148,-0.0,-0.008099,-0.001955,-0.0,-0.002966,0.0,-8.1e-05,-0.001596,-0.001816,-0.004051,-0.002507,0.0,-0.0,-0.00394,-0.003228,-0.00466,-0.0,0.0,-1e-06,-0.0,0.0,-0.001514,-0.004053,-0.007307,-0.00368,0.0,-0.000514,-0.005983,-0.000982,-0.004253,0.0,-0.000896,-0.002003,-0.0,-0.0,-0.003746,-0.004389,0.0,-0.0,-0.0,-0.002439,-0.0,-0.003509,-0.0,-0.001868,-0.007229,-0.0,-0.0,-0.005619,-0.0,-0.0,-0.0,-3.6e-05,-0.003775,-0.004897,0.0,-0.002313,-0.002889,-0.006921,-0.006903,-0.0,-0.006781,-0.0,-0.004801,-0.002288,0.0,-0.001969,-0.008565,-0.005109,-0.005192,-0.004637,-0.006801,-0.001999,-0.000874,-0.001312,-0.0,-0.000669,-0.003338,-0.003286,-0.005287
2017-05-30 11:02:00+02:00,-0.0,0.0,-0.000376,-0.004202,-0.000265,-0.0,-0.001456,-0.002248,-0.004723,-0.0,-0.0,-0.0,-0.004906,-0.004671,-0.001896,-0.00574,-0.0,-0.0,-0.0,-0.007147,0.0,-0.00695,-0.003352,-0.0,-0.007064,-0.006713,-0.002055,0.0,-0.001145,-0.0,-0.0,-0.004155,0.0,-0.003542,-0.004145,-0.0,-0.000929,-0.003224,-0.0,-0.00817,-0.002,-0.0,-0.002984,0.0,-0.000117,-0.001669,-0.001868,-0.004058,-0.002539,0.0,-0.0,-0.003951,-0.0033,-0.004671,-0.0,0.0,-1e-06,-0.0,0.0,-0.001581,-0.004063,-0.007375,-0.003773,0.0,-0.000531,-0.00611,-0.001024,-0.00426,0.0,-0.000937,-0.002014,-0.0,-0.0,-0.00376,-0.004405,0.0,-0.0,-0.0,-0.002518,-0.0,-0.003584,-0.0,-0.001942,-0.007296,-0.0,-0.0,-0.005623,-0.0,-0.0,-0.0,-5.4e-05,-0.00385,-0.004906,0.0,-0.00237,-0.002939,-0.007048,-0.00703,-0.0,-0.00685,-0.0,-0.00491,-0.002297,0.0,-0.002015,-0.00858,-0.005116,-0.005251,-0.004743,-0.006929,-0.002046,-0.000918,-0.00132,-0.0,-0.000729,-0.003357,-0.003376,-0.005294
2017-05-30 11:03:00+02:00,-0.0,0.0,-0.000347,-0.004251,-0.000273,-0.0,-0.001473,-0.002267,-0.004716,-0.0,-0.0,-0.0,-0.00492,-0.004687,-0.001888,-0.00581,-0.0,-0.0,-0.0,-0.007128,0.0,-0.006933,-0.003385,-0.0,-0.007059,-0.006788,-0.002071,0.0,-0.001161,-0.0,-0.0,-0.00415,0.0,-0.003538,-0.004141,-0.0,-0.000904,-0.003254,-0.0,-0.008151,-0.002018,-0.0,-0.002961,0.0,-0.000112,-0.001694,-0.001888,-0.004039,-0.002523,0.0,-0.0,-0.003939,-0.003342,-0.004687,-0.0,0.0,-1e-06,-0.0,0.0,-0.0016,-0.004049,-0.007359,-0.003817,0.0,-0.000502,-0.006183,-0.001035,-0.004241,0.0,-0.000948,-0.001999,-0.0,-0.0,-0.003753,-0.004424,0.0,-0.0,-0.0,-0.002547,-0.0,-0.003626,-0.0,-0.001969,-0.007279,-0.0,-0.0,-0.005631,-0.0,-0.0,-0.0,-4.6e-05,-0.003894,-0.00492,0.0,-0.002401,-0.002918,-0.007122,-0.007104,-0.0,-0.00684,-0.0,-0.004968,-0.002279,0.0,-0.002033,-0.008603,-0.005129,-0.005232,-0.004798,-0.007003,-0.002066,-0.000932,-0.001304,-0.0,-0.000742,-0.003335,-0.003417,-0.005305
2017-05-30 11:04:00+02:00,-0.0,0.0,-0.000331,-0.004319,-0.000282,-0.0,-0.001493,-0.00229,-0.004725,-0.0,-0.0,-0.0,-0.004942,-0.00471,-0.00189,-0.005903,-0.0,-0.0,-0.0,-0.007144,0.0,-0.006949,-0.003426,-0.0,-0.007079,-0.006888,-0.002092,0.0,-0.001184,-0.0,-0.0,-0.004161,0.0,-0.00355,-0.004155,-0.0,-0.000891,-0.003292,-0.0,-0.008168,-0.002041,-0.0,-0.00296,0.0,-0.00011,-0.001732,-0.001918,-0.00404,-0.00252,0.0,-0.0,-0.003948,-0.003397,-0.00471,-0.0,0.0,-1e-06,-0.0,0.0,-0.001624,-0.004056,-0.007375,-0.00388,0.0,-0.000487,-0.006279,-0.001048,-0.004243,0.0,-0.000962,-0.001998,-0.0,-0.0,-0.003765,-0.004451,0.0,-0.0,-0.0,-0.002583,-0.0,-0.003682,-0.0,-0.00201,-0.007294,-0.0,-0.0,-0.005647,-0.0,-0.0,-0.0,-4.2e-05,-0.003952,-0.004942,0.0,-0.002443,-0.002914,-0.007223,-0.007207,-0.0,-0.006857,-0.0,-0.005047,-0.002276,0.0,-0.002055,-0.008639,-0.00515,-0.005237,-0.004874,-0.007106,-0.00209,-0.000953,-0.0013,-0.0,-0.000758,-0.003335,-0.003475,-0.005325
2017-05-30 11:05:00+02:00,-0.0,0.0,-0.000318,-0.004378,-0.00029,-0.0,-0.00151,-0.002313,-0.00474,-0.0,-0.0,-0.0,-0.00496,-0.004729,-0.001897,-0.005984,-0.0,-0.0,-0.0,-0.007173,0.0,-0.006979,-0.003466,-0.0,-0.00711,-0.006977,-0.002112,0.0,-0.001202,-0.0,-0.0,-0.004178,0.0,-0.003567,-0.004177,-0.0,-0.000882,-0.003328,-0.0,-0.008201,-0.002062,-0.0,-0.002966,0.0,-0.000109,-0.001761,-0.001942,-0.004048,-0.002522,0.0,-0.0,-0.003962,-0.003444,-0.004729,-0.0,0.0,-0.0,-0.0,0.0,-0.001645,-0.004069,-0.007405,-0.003934,0.0,-0.000476,-0.006364,-0.00106,-0.004252,0.0,-0.000974,-0.002001,-0.0,-0.0,-0.003783,-0.004473,0.0,-0.0,-0.0,-0.002616,-0.0,-0.00373,-0.0,-0.002042,-0.007323,-0.0,-0.0,-0.005657,-0.0,-0.0,-0.0,-3.8e-05,-0.004003,-0.00496,0.0,-0.00248,-0.002918,-0.007312,-0.007296,-0.0,-0.006886,-0.0,-0.005117,-0.002277,0.0,-0.002076,-0.008669,-0.005166,-0.005253,-0.004939,-0.007195,-0.002113,-0.000969,-0.001298,-0.0,-0.000771,-0.003343,-0.003524,-0.005339
2017-05-30 11:06:00+02:00,-0.0,0.0,-0.000272,-0.004372,-0.000238,-0.0,-0.001481,-0.00228,-0.004709,-0.0,-0.0,-0.0,-0.004975,-0.004747,-0.001876,-0.005993,-0.0,-0.0,-0.0,-0.007158,0.0,-0.006965,-0.003424,-0.0,-0.007077,-0.006988,-0.002081,0.0,-0.001182,-0.0,-0.0,-0.004157,0.0,-0.003551,-0.004169,-0.0,-0.000827,-0.003286,-0.0,-0.008175,-0.002036,-0.0,-0.002934,0.0,-8.7e-05,-0.001732,-0.001926,-0.004027,-0.002491,0.0,-0.0,-0.003949,-0.003449,-0.004747,-0.0,0.0,-0.0,-0.0,0.0,-0.001599,-0.004054,-0.00738,-0.003925,0.0,-0.00043,-0.006375,-0.001028,-0.004232,0.0,-0.000943,-0.001979,-0.0,-0.0,-0.003777,-0.004491,0.0,-0.0,-0.0,-0.002574,-0.0,-0.003732,-0.0,-0.002017,-0.007298,-0.0,-0.0,-0.005663,-0.0,-0.0,-0.0,-3e-05,-0.004008,-0.004975,0.0,-0.002481,-0.002872,-0.00732,-0.007304,-0.0,-0.006853,-0.0,-0.005117,-0.002253,0.0,-0.002048,-0.008698,-0.005179,-0.005213,-0.004936,-0.007206,-0.002085,-0.000947,-0.001274,-0.0,-0.000721,-0.003312,-0.003509,-0.005351
2017-05-30 11:07:00+02:00,-0.0,0.0,-0.000241,-0.004372,-0.000191,-0.0,-0.001444,-0.002236,-0.004689,-0.0,-0.0,-0.0,-0.004993,-0.004766,-0.001865,-0.006005,-0.0,-0.0,-0.0,-0.00716,0.0,-0.006969,-0.003367,-0.0,-0.007065,-0.007004,-0.00204,0.0,-0.001166,-0.0,-0.0,-0.004145,0.0,-0.003545,-0.004171,-0.0,-0.000789,-0.003229,-0.0,-0.008169,-0.002,-0.0,-0.002919,0.0,-7e-05,-0.00171,-0.001912,-0.004015,-0.00247,0.0,-0.0,-0.003945,-0.003455,-0.004766,-0.0,0.0,-0.0,-0.0,0.0,-0.001547,-0.004048,-0.007374,-0.003921,0.0,-0.000401,-0.006389,-0.000993,-0.004221,0.0,-0.00091,-0.001967,-0.0,-0.0,-0.003779,-0.004514,0.0,-0.0,-0.0,-0.002521,-0.0,-0.003734,-0.0,-0.001997,-0.007292,-0.0,-0.0,-0.00567,-0.0,-0.0,-0.0,-2.4e-05,-0.004013,-0.004993,0.0,-0.002484,-0.002844,-0.007332,-0.007318,-0.0,-0.006839,-0.0,-0.005123,-0.002239,0.0,-0.00201,-0.008732,-0.005194,-0.005192,-0.004937,-0.007221,-0.002047,-0.00093,-0.001259,-0.0,-0.000667,-0.003297,-0.0035,-0.005364
2017-05-30 11:08:00+02:00,-0.0,0.0,-0.000241,-0.004386,-0.000163,-0.0,-0.001426,-0.002211,-0.004682,-0.0,-0.0,-0.0,-0.005009,-0.004786,-0.001866,-0.006029,-0.0,-0.0,-0.0,-0.007204,0.0,-0.007015,-0.003342,-0.0,-0.007077,-0.00703,-0.002018,0.0,-0.001158,-0.0,-0.0,-0.004146,0.0,-0.00355,-0.004185,-0.0,-0.000772,-0.003203,-0.0,-0.008189,-0.001982,-0.0,-0.002938,0.0,-5.6e-05,-0.001703,-0.001906,-0.004027,-0.002462,0.0,-0.0,-0.003964,-0.003466,-0.004786,-0.0,0.0,-0.0,-0.0,0.0,-0.001525,-0.004065,-0.007393,-0.00393,0.0,-0.000402,-0.006414,-0.000975,-0.004233,0.0,-0.000893,-0.001976,-0.0,-0.0,-0.003803,-0.004538,0.0,-0.0,-0.0,-0.002498,-0.0,-0.003741,-0.0,-0.001993,-0.007312,-0.0,-0.0,-0.005675,-0.0,-0.0,-0.0,-1.9e-05,-0.004022,-0.005009,0.0,-0.002494,-0.002839,-0.007354,-0.00734,-0.0,-0.006848,-0.0,-0.005141,-0.002245,0.0,-0.001991,-0.008769,-0.005208,-0.005194,-0.00495,-0.007247,-0.002027,-0.000922,-0.001264,-0.0,-0.000641,-0.003318,-0.003506,-0.005375
2017-05-30 11:09:00+02:00,-0.0,0.0,-0.000275,-0.004417,-0.000137,-0.0,-0.001413,-0.002196,-0.004713,-0.0,-0.0,-0.0,-0.005036,-0.004816,-0.00189,-0.006076,-0.0,-0.0,-0.0,-0.007338,0.0,-0.007147,-0.003334,-0.0,-0.007153,-0.007084,-0.002005,0.0,-0.001157,-0.0,-0.0,-0.004182,0.0,-0.003589,-0.004239,-0.0,-0.000787,-0.003192,-0.0,-0.008286,-0.001972,-0.0,-0.003007,0.0,-4.5e-05,-0.001707,-0.001909,-0.004084,-0.002483,0.0,-0.0,-0.004029,-0.003489,-0.004816,-0.0,0.0,-0.0,-0.0,0.0,-0.001509,-0.004129,-0.007482,-0.003957,0.0,-0.000438,-0.006464,-0.000962,-0.004294,0.0,-0.000881,-0.002014,-0.0,-0.0,-0.003873,-0.004572,0.0,-0.0,-0.0,-0.002487,-0.0,-0.003761,-0.0,-0.002,-0.007401,-0.0,-0.0,-0.005689,-0.0,-0.0,-0.0,-1.6e-05,-0.004045,-0.005036,0.0,-0.002513,-0.002876,-0.007405,-0.007392,-0.0,-0.006921,-0.0,-0.00518,-0.002284,0.0,-0.001979,-0.008826,-0.005232,-0.005252,-0.004983,-0.0073,-0.002017,-0.000919,-0.001295,-0.0,-0.000619,-0.003391,-0.003527,-0.005396
2017-05-30 11:10:00+02:00,-0.0,0.0,-0.000298,-0.004135,-0.000142,-0.0,-0.001315,-0.002037,-0.003415,-0.0,-0.0,-0.0,-0.003104,-0.002994,-0.001772,-0.005646,-0.0,-0.0,-0.0,-0.005658,0.0,-0.00563,-0.003121,-0.0,-0.005593,-0.005646,-0.001861,0.0,-0.001077,-0.0,-0.0,-0.003206,0.0,-0.002994,-0.002878,-0.0,-0.000758,-0.002977,-0.0,-0.005658,-0.001831,-0.0,-0.002852,0.0,-3.9e-05,-0.001601,-0.001772,-0.003447,-0.002316,0.0,-0.0,-0.003206,-0.003104,-0.002994,-0.0,0.0,-1e-05,-0.0,0.0,-0.001418,-0.003294,-0.00563,-0.003703,0.0,-0.00045,-0.005646,-0.000898,-0.003447,0.0,-0.000823,-0.001891,-0.0,-0.0,-0.002994,-0.002878,0.0,-0.0,-0.0,-0.002325,-0.0,-0.003294,-0.0,-0.001878,-0.0056,-0.0,-0.0,-0.003464,-0.0,-0.0,-0.0,-1.2e-05,-0.003206,-0.003104,0.0,-0.00234,-0.002708,-0.005674,-0.00567,-0.0,-0.005658,-0.0,-0.004839,-0.002142,0.0,-0.001837,-0.005646,-0.003206,-0.004913,-0.004643,-0.005658,-0.001872,-0.000857,-0.001225,-0.0,-0.00059,-0.003206,-0.003296,-0.003294
2017-05-30 11:11:00+02:00,-0.0,0.0,-0.000238,-0.003308,-0.000113,-0.0,-0.001052,-0.00163,-0.002886,-0.0,-0.0,-0.0,-0.002813,-0.00265,-0.001418,-0.004545,-0.0,-0.0,-0.0,-0.004831,0.0,-0.004798,-0.002497,-0.0,-0.004714,-0.004653,-0.001489,0.0,-0.000862,-0.0,-0.0,-0.002684,0.0,-0.002476,-0.002472,-0.0,-0.000606,-0.002381,-0.0,-0.004861,-0.001465,-0.0,-0.002282,0.0,-3.1e-05,-0.001281,-0.001418,-0.002875,-0.001853,0.0,-0.0,-0.002704,-0.002502,-0.002709,-0.0,0.0,-8e-06,-0.0,0.0,-0.001135,-0.002776,-0.004759,-0.002963,0.0,-0.00036,-0.004587,-0.000718,-0.0029,0.0,-0.000658,-0.001513,-0.0,-0.0,-0.002546,-0.002522,0.0,-0.0,-0.0,-0.00186,-0.0,-0.002657,-0.0,-0.001502,-0.004737,-0.0,-0.0,-0.003096,-0.0,-0.0,-0.0,-1e-05,-0.002628,-0.002787,0.0,-0.001872,-0.002167,-0.004692,-0.00469,-0.0,-0.00471,-0.0,-0.003872,-0.001713,0.0,-0.00147,-0.005096,-0.002891,-0.00393,-0.003714,-0.00468,-0.001498,-0.000686,-0.00098,-0.0,-0.000472,-0.002565,-0.002637,-0.002942
2017-05-30 11:12:00+02:00,-0.0,0.0,-0.000861,-0.004212,-0.000771,-0.000204,-0.00155,-0.002181,-0.003491,-0.000256,-0.0,-0.0,-0.003337,-0.003168,-0.001903,-0.00557,-0.000442,-0.0,-0.000276,-0.005818,0.0,-0.005762,-0.0034,-0.0,-0.005662,-0.005662,-0.002025,0.0,-0.001312,-0.000221,-0.0,-0.003267,0.0,-0.003029,-0.002984,-0.0,-0.001356,-0.003287,-0.0,-0.005842,-0.001989,-0.0,-0.003083,0.0,-0.000659,-0.002022,-0.001912,-0.00349,-0.002418,0.0,-8.4e-05,-0.003283,-0.003088,-0.003215,-0.0,0.0,-0.000589,-0.0,0.0,-0.001907,-0.003368,-0.005731,-0.003841,0.0,-0.000987,-0.005609,-0.001184,-0.003509,0.0,-0.001113,-0.001996,-0.000185,-2.3e-05,-0.003085,-0.003024,0.0,-0.000432,-0.0,-0.002712,-0.0,-0.003272,-0.0,-0.002253,-0.005686,-0.00047,-0.00048,-0.00367,-0.0,-2.8e-05,-0.0,-0.000384,-0.003222,-0.003316,0.0,-0.002364,-0.003047,-0.005731,-0.005725,-0.0,-0.005721,-7.6e-05,-0.004833,-0.002221,0.0,-0.001999,-0.006016,-0.003433,-0.00498,-0.004672,-0.005697,-0.002027,-0.001122,-0.001412,-0.0,-0.001186,-0.003401,-0.003496,-0.003501
2017-05-30 11:13:00+02:00,-0.0,0.0,-0.001241,-0.005015,-0.001151,-0.000163,-0.001893,-0.002594,-0.004009,-0.000364,-0.0,-0.0,-0.003796,-0.003625,-0.002298,-0.006481,-0.000626,-0.0,-0.000297,-0.006693,0.0,-0.006619,-0.004098,-0.0,-0.006506,-0.006554,-0.002419,0.0,-0.00164,-0.000288,-0.0,-0.003772,0.0,-0.003513,-0.003438,-0.0,-0.00185,-0.003974,-0.0,-0.006712,-0.002379,-0.0,-0.003717,0.0,-0.001007,-0.002573,-0.002303,-0.004015,-0.002874,0.0,-6.7e-05,-0.003785,-0.003597,-0.003662,-0.0,0.0,-0.000911,-0.0,0.0,-0.002424,-0.003879,-0.006594,-0.004601,0.0,-0.001379,-0.006512,-0.001487,-0.004031,0.0,-0.001408,-0.002374,-0.00023,-1.8e-05,-0.003558,-0.00347,0.0,-0.000618,-0.0,-0.003328,-0.0,-0.003802,-0.0,-0.002828,-0.006532,-0.000663,-0.000705,-0.004163,-0.0,-2.2e-05,-0.0,-0.000584,-0.003736,-0.003779,0.0,-0.002804,-0.003734,-0.006647,-0.006638,-0.0,-0.006616,-6e-05,-0.005711,-0.002622,0.0,-0.002392,-0.006837,-0.003905,-0.005896,-0.005534,-0.006597,-0.002423,-0.001431,-0.001724,-0.0,-0.001623,-0.004075,-0.004218,-0.003985
2017-05-30 11:14:00+02:00,-0.0,0.0,-0.001212,-0.005091,-0.001115,-0.000131,-0.001877,-0.002588,-0.00411,-0.000291,-0.0,-0.0,-0.003876,-0.003715,-0.002309,-0.006589,-0.000501,-0.0,-0.000237,-0.006907,0.0,-0.00684,-0.004142,-0.0,-0.00674,-0.006793,-0.002409,0.0,-0.001626,-0.00023,-0.0,-0.003878,0.0,-0.00361,-0.003541,-0.0,-0.00182,-0.003991,-0.0,-0.006922,-0.002373,-0.0,-0.003751,0.0,-0.000955,-0.002574,-0.002295,-0.00407,-0.002867,0.0,-5.4e-05,-0.003888,-0.003643,-0.003746,-0.0,0.0,-0.000846,-0.0,0.0,-0.002408,-0.00398,-0.006821,-0.004662,0.0,-0.001355,-0.006695,-0.001465,-0.004124,0.0,-0.001386,-0.002369,-0.000184,-1.4e-05,-0.003662,-0.003567,0.0,-0.000495,-0.0,-0.003333,-0.0,-0.003848,-0.0,-0.002842,-0.006762,-0.00053,-0.000593,-0.004243,-0.0,-1.8e-05,-0.0,-0.000546,-0.003849,-0.003862,0.0,-0.002831,-0.003754,-0.006875,-0.006867,-0.0,-0.006845,-4.8e-05,-0.005795,-0.002615,0.0,-0.002383,-0.007019,-0.003984,-0.005949,-0.005594,-0.006829,-0.002419,-0.001415,-0.001711,-0.0,-0.001591,-0.004108,-0.004258,-0.004067
2017-05-30 11:15:00+02:00,-0.0,0.0,-0.000969,-0.004409,-0.000892,-0.000104,-0.001501,-0.002188,-0.003792,-0.000233,-0.0,-0.0,-0.003878,-0.003625,-0.001925,-0.005902,-0.0004,-0.0,-0.00019,-0.006438,0.0,-0.006363,-0.003504,-0.0,-0.006217,-0.006252,-0.002005,0.0,-0.001301,-0.000184,-0.0,-0.003543,0.0,-0.003256,-0.003343,-0.0,-0.001456,-0.003328,-0.0,-0.006537,-0.001986,-0.0,-0.003096,0.0,-0.000764,-0.002059,-0.001864,-0.003686,-0.002411,0.0,-4.3e-05,-0.003567,-0.003266,-0.003745,-0.0,0.0,-0.000677,-0.0,0.0,-0.001927,-0.003645,-0.00632,-0.003975,0.0,-0.001084,-0.006059,-0.001172,-0.003768,0.0,-0.001109,-0.001976,-0.000147,-1.2e-05,-0.003395,-0.003445,0.0,-0.000396,-0.0,-0.002671,-0.0,-0.00345,-0.0,-0.002274,-0.006272,-0.000424,-0.000474,-0.00417,-0.0,-1.4e-05,-0.0,-0.000437,-0.003514,-0.003824,0.0,-0.002471,-0.003012,-0.006356,-0.00635,-0.0,-0.00622,-3.9e-05,-0.005105,-0.002205,0.0,-0.001989,-0.007013,-0.003962,-0.005189,-0.004889,-0.006316,-0.002034,-0.001132,-0.001369,-0.0,-0.001273,-0.003445,-0.00356,-0.003998
2017-05-30 11:16:00+02:00,-0.0,0.0,-0.001062,-0.004542,-0.000967,-8.4e-05,-0.001533,-0.002199,-0.003641,-0.00023,-0.0,-0.0,-0.00346,-0.003395,-0.001986,-0.006008,-0.000412,-0.0,-0.000152,-0.006466,0.0,-0.006404,-0.003604,-0.0,-0.006284,-0.006317,-0.002021,0.0,-0.001346,-0.000169,-0.0,-0.003519,0.0,-0.003284,-0.003327,-0.0,-0.001559,-0.003412,-0.0,-0.006545,-0.002005,-0.0,-0.00323,0.0,-0.000828,-0.002179,-0.001907,-0.003659,-0.002441,0.0,-3.5e-05,-0.003519,-0.003293,-0.003395,-0.0,0.0,-0.000742,-0.0,0.0,-0.00202,-0.003571,-0.00637,-0.00411,0.0,-0.001182,-0.006162,-0.001204,-0.003659,0.0,-0.001142,-0.002012,-0.000118,-9e-06,-0.003395,-0.003327,0.0,-0.000395,-0.0,-0.002776,-0.0,-0.003466,-0.0,-0.002406,-0.006329,-0.000429,-0.000507,-0.003668,-0.0,-1.1e-05,-0.0,-0.000461,-0.003515,-0.00346,0.0,-0.002519,-0.003161,-0.0064,-0.006396,-0.0,-0.006291,-3.1e-05,-0.005221,-0.00223,0.0,-0.002006,-0.006575,-0.003519,-0.005286,-0.004992,-0.006368,-0.002053,-0.001175,-0.001415,-0.0,-0.001352,-0.003565,-0.003692,-0.003571
2017-05-30 11:17:00+02:00,-0.0,0.0,-0.00085,-0.003641,-0.000774,-6.7e-05,-0.001227,-0.00176,-0.002639,-0.000184,-0.0,-0.0,-0.002591,-0.002574,-0.001589,-0.004942,-0.000329,-0.0,-0.000122,-0.005095,0.0,-0.005095,-0.002883,-0.0,-0.005093,-0.005095,-0.001617,0.0,-0.001076,-0.000135,-0.0,-0.002607,0.0,-0.002574,-0.002556,-0.0,-0.001247,-0.002729,-0.0,-0.005095,-0.001604,-0.0,-0.002584,0.0,-0.000663,-0.001743,-0.001526,-0.002644,-0.001953,0.0,-2.8e-05,-0.002607,-0.002591,-0.002574,-0.0,0.0,-0.000594,-0.0,0.0,-0.001616,-0.002621,-0.005095,-0.003288,0.0,-0.000945,-0.005095,-0.000963,-0.002644,0.0,-0.000913,-0.001609,-9.4e-05,-7e-06,-0.002574,-0.002556,0.0,-0.000316,-0.0,-0.002221,-0.0,-0.002621,-0.0,-0.001925,-0.005093,-0.000343,-0.000406,-0.002647,-0.0,-9e-06,-0.0,-0.000369,-0.002607,-0.002591,0.0,-0.002032,-0.002529,-0.005093,-0.005093,-0.0,-0.005095,-2.5e-05,-0.004242,-0.001784,0.0,-0.001605,-0.005095,-0.002607,-0.004271,-0.004032,-0.005095,-0.001642,-0.00094,-0.001132,-0.0,-0.001081,-0.002852,-0.002953,-0.002621
2017-05-30 11:18:00+02:00,-0.0,0.0,-0.00068,-0.002913,-0.000619,-5.3e-05,-0.000981,-0.001408,-0.002114,-0.000147,-0.0,-0.0,-0.00217,-0.002126,-0.001271,-0.003953,-0.000264,-0.0,-9.7e-05,-0.004076,0.0,-0.004076,-0.002307,-0.0,-0.004078,-0.004076,-0.001293,0.0,-0.000861,-0.000108,-0.0,-0.002085,0.0,-0.002059,-0.002073,-0.0,-0.000998,-0.002184,-0.0,-0.004135,-0.001283,-0.0,-0.002067,0.0,-0.00053,-0.001394,-0.00122,-0.002115,-0.001562,0.0,-2.2e-05,-0.002085,-0.002073,-0.002154,-0.0,0.0,-0.000475,-0.0,0.0,-0.001293,-0.002096,-0.004096,-0.00263,0.0,-0.000756,-0.004076,-0.00077,-0.002115,0.0,-0.000731,-0.001287,-7.5e-05,-6e-06,-0.002059,-0.002098,0.0,-0.000253,-0.0,-0.001776,-0.0,-0.002096,-0.0,-0.00154,-0.004097,-0.000275,-0.000324,-0.002199,-0.0,-7e-06,-0.0,-0.000295,-0.002085,-0.002158,0.0,-0.001626,-0.002023,-0.004074,-0.004074,-0.0,-0.004076,-2e-05,-0.003393,-0.001427,0.0,-0.001284,-0.004262,-0.002177,-0.003417,-0.003225,-0.004076,-0.001314,-0.000752,-0.000905,-0.0,-0.000865,-0.002282,-0.002363,-0.002175
2017-05-30 11:19:00+02:00,-0.0,0.0,-0.000544,-0.00233,-0.000495,-4.3e-05,-0.000785,-0.001126,-0.00178,-0.000118,-0.0,-0.0,-0.00193,-0.001856,-0.001017,-0.003214,-0.000211,-0.0,-7.8e-05,-0.003334,0.0,-0.00333,-0.001845,-0.0,-0.003421,-0.003381,-0.001035,0.0,-0.000689,-8.6e-05,-0.0,-0.001743,0.0,-0.001704,-0.001769,-0.0,-0.000798,-0.001747,-0.0,-0.003528,-0.001026,-0.0,-0.001654,0.0,-0.000424,-0.001115,-0.000976,-0.001696,-0.00125,0.0,-1.8e-05,-0.001688,-0.001687,-0.001912,-0.0,0.0,-0.00038,-0.0,0.0,-0.001034,-0.001696,-0.003452,-0.002104,0.0,-0.000605,-0.003339,-0.000616,-0.001709,0.0,-0.000585,-0.00103,-6e-05,-5e-06,-0.001679,-0.001818,0.0,-0.000202,-0.0,-0.001421,-0.0,-0.001708,-0.0,-0.001232,-0.003455,-0.00022,-0.00026,-0.001942,-0.0,-6e-06,-0.0,-0.000236,-0.001723,-0.001906,0.0,-0.0013,-0.001619,-0.003389,-0.00339,-0.0,-0.003388,-1.6e-05,-0.002715,-0.001142,0.0,-0.001027,-0.003775,-0.001931,-0.002749,-0.00258,-0.003392,-0.001051,-0.000602,-0.000724,-0.0,-0.000692,-0.001825,-0.00189,-0.001917
2017-05-30 11:20:00+02:00,-0.0,0.0,-0.000475,-0.002232,-0.000402,-3.4e-05,-0.000706,-0.001025,-0.001748,-9.4e-05,-0.0,-0.0,-0.001979,-0.001877,-0.000978,-0.00306,-0.000169,-0.0,-6.2e-05,-0.003226,0.0,-0.003217,-0.001708,-0.0,-0.003346,-0.003272,-0.000937,0.0,-0.000634,-6.9e-05,-0.0,-0.001698,0.0,-0.001643,-0.001754,-0.0,-0.000748,-0.001605,-0.0,-0.003498,-0.000933,-0.0,-0.001566,0.0,-0.000339,-0.00104,-0.000911,-0.001614,-0.001183,0.0,-1.4e-05,-0.00162,-0.001602,-0.001959,-0.0,0.0,-0.000306,-0.0,0.0,-0.000927,-0.001626,-0.003385,-0.002012,0.0,-0.000536,-0.00319,-0.000546,-0.001638,0.0,-0.000517,-0.00096,-4.8e-05,-4e-06,-0.001619,-0.001826,0.0,-0.000162,-0.0,-0.0013,-0.0,-0.001625,-0.0,-0.001159,-0.003391,-0.000176,-0.000208,-0.00198,-0.0,-5e-06,-0.0,-0.000189,-0.001662,-0.001945,0.0,-0.001238,-0.001564,-0.003289,-0.003291,-0.0,-0.00328,-1.3e-05,-0.002594,-0.001062,0.0,-0.000932,-0.003863,-0.001977,-0.002639,-0.00246,-0.003293,-0.000958,-0.000549,-0.000668,-0.0,-0.000592,-0.001727,-0.001801,-0.001952
2017-05-30 11:21:00+02:00,-0.0,0.0,-0.00038,-0.002037,-0.000321,-2.7e-05,-0.000581,-0.000878,-0.001653,-7.5e-05,-0.0,-0.0,-0.001941,-0.00182,-0.000892,-0.002811,-0.000135,-0.0,-5e-05,-0.002997,0.0,-0.002986,-0.001475,-0.0,-0.003157,-0.003054,-0.000795,0.0,-0.000536,-5.5e-05,-0.0,-0.001595,0.0,-0.00153,-0.001674,-0.0,-0.000616,-0.001371,-0.0,-0.003338,-0.000795,-0.0,-0.001386,0.0,-0.000271,-0.000879,-0.000801,-0.001476,-0.001071,0.0,-1.1e-05,-0.001493,-0.00147,-0.00192,-0.0,0.0,-0.000245,-0.0,0.0,-0.000741,-0.001498,-0.003201,-0.001825,0.0,-0.000429,-0.002943,-0.000437,-0.001508,0.0,-0.000413,-0.000845,-3.9e-05,-3e-06,-0.0015,-0.001761,0.0,-0.000129,-0.0,-0.001087,-0.0,-0.001492,-0.0,-0.000998,-0.003208,-0.000141,-0.000166,-0.001931,-0.0,-4e-06,-0.0,-0.000151,-0.001546,-0.001899,0.0,-0.001128,-0.001416,-0.003077,-0.003079,-0.0,-0.003068,-1e-05,-0.002377,-0.000937,0.0,-0.000793,-0.003782,-0.001935,-0.002434,-0.002246,-0.003081,-0.000819,-0.000454,-0.000568,-0.0,-0.000474,-0.001536,-0.00162,-0.001902
2017-05-30 11:22:00+02:00,-0.0,0.0,-0.00032,-0.001986,-0.000257,-2.2e-05,-0.000534,-0.000819,-0.00165,-6e-05,-0.0,-0.0,-0.001992,-0.001851,-0.000877,-0.002726,-0.000108,-0.0,-4e-05,-0.002924,0.0,-0.002909,-0.001396,-0.0,-0.003138,-0.002999,-0.000739,0.0,-0.000505,-4.4e-05,-0.0,-0.001583,0.0,-0.001505,-0.001682,-0.0,-0.000594,-0.00129,-0.0,-0.003353,-0.000741,-0.0,-0.001322,0.0,-0.000217,-0.000838,-0.000765,-0.001423,-0.00104,0.0,-9e-06,-0.001448,-0.001424,-0.001968,-0.0,0.0,-0.000196,-0.0,0.0,-0.000673,-0.001453,-0.003192,-0.001777,0.0,-0.000372,-0.002862,-0.000392,-0.001461,0.0,-0.00037,-0.000797,-3.1e-05,-2e-06,-0.001461,-0.001784,0.0,-0.000104,-0.0,-0.001016,-0.0,-0.001448,-0.0,-0.000959,-0.0032,-0.000112,-0.000133,-0.001976,-0.0,-3e-06,-0.0,-0.000121,-0.001516,-0.001943,0.0,-0.001095,-0.001397,-0.003028,-0.003031,-0.0,-0.003027,-8e-06,-0.002313,-0.000882,0.0,-0.000738,-0.003871,-0.001983,-0.002388,-0.002182,-0.003033,-0.000765,-0.000424,-0.000526,-0.0,-0.000398,-0.001466,-0.001573,-0.001944
2017-05-30 11:23:00+02:00,-0.0,0.0,-0.000384,-0.002163,-0.000314,-1.8e-05,-0.000597,-0.000891,-0.001825,-5.9e-05,-0.0,-0.0,-0.002237,-0.00206,-0.000969,-0.002915,-0.000104,-0.0,-3.2e-05,-0.003134,0.0,-0.003116,-0.001534,-0.0,-0.003407,-0.003236,-0.000809,0.0,-0.00057,-3.5e-05,-0.0,-0.001736,0.0,-0.001632,-0.001849,-0.0,-0.00071,-0.001421,-0.0,-0.003675,-0.000811,-0.0,-0.001445,0.0,-0.000261,-0.000956,-0.000845,-0.001531,-0.001139,0.0,-7e-06,-0.00156,-0.001531,-0.002204,-0.0,0.0,-0.000236,-0.0,0.0,-0.000773,-0.001568,-0.003478,-0.001945,0.0,-0.00044,-0.003064,-0.000445,-0.00158,0.0,-0.000421,-0.000862,-2.5e-05,-2e-06,-0.001572,-0.001974,0.0,-0.000102,-0.0,-0.001139,-0.0,-0.001565,-0.0,-0.001086,-0.003487,-0.000105,-0.000144,-0.00223,-0.0,-2e-06,-0.0,-0.000141,-0.001651,-0.002178,0.0,-0.001186,-0.001565,-0.003274,-0.003277,-0.0,-0.003271,-6e-06,-0.002497,-0.000949,0.0,-0.000808,-0.004304,-0.002231,-0.002587,-0.00236,-0.003279,-0.000835,-0.000484,-0.000579,-0.0,-0.000472,-0.001591,-0.001731,-0.002186
2017-05-30 11:24:00+02:00,-0.0,0.0,-0.000726,-0.002678,-0.000634,-0.000176,-0.000814,-0.001127,-0.002171,-0.000201,-2.4e-05,-0.0,-0.002475,-0.002323,-0.001228,-0.003471,-0.000369,-0.0,-0.000225,-0.003743,0.0,-0.00372,-0.001984,-0.0,-0.004033,-0.003851,-0.001041,0.0,-0.000791,-0.000163,-0.0,-0.002081,0.0,-0.001949,-0.002144,-0.0,-0.001111,-0.001861,-0.0,-0.004251,-0.001042,-0.0,-0.001891,0.0,-0.000567,-0.001369,-0.001088,-0.001835,-0.001413,0.0,-7.4e-05,-0.001869,-0.001822,-0.002438,-0.0,0.0,-0.00055,-0.0,0.0,-0.001153,-0.001879,-0.004092,-0.002443,0.0,-0.00079,-0.003638,-0.000647,-0.001896,0.0,-0.00062,-0.001097,-0.00014,-4.8e-05,-0.001882,-0.002243,0.0,-0.000366,-0.0,-0.001558,-0.0,-0.001867,-0.0,-0.001513,-0.004098,-0.000355,-0.000426,-0.002499,-0.0,-4.3e-05,-0.0,-0.000301,-0.001972,-0.002427,0.0,-0.001449,-0.002051,-0.003897,-0.003902,-0.0,-0.003901,-7e-05,-0.003032,-0.001191,0.0,-0.001039,-0.004754,-0.002479,-0.003146,-0.002882,-0.003904,-0.001067,-0.000698,-0.000795,-0.0,-0.000815,-0.002046,-0.00221,-0.00245
2017-05-30 11:25:00+02:00,-0.0,0.0,-0.000718,-0.002706,-0.000611,-0.000141,-0.000797,-0.001105,-0.002182,-0.000178,-1.9e-05,-0.0,-0.002545,-0.002397,-0.001239,-0.003492,-0.000327,-0.0,-0.00018,-0.003777,0.0,-0.003753,-0.001985,-0.0,-0.004097,-0.003895,-0.001021,0.0,-0.000785,-0.000132,-0.0,-0.00209,0.0,-0.001959,-0.002192,-0.0,-0.001123,-0.001859,-0.0,-0.004356,-0.001026,-0.0,-0.001899,0.0,-0.000538,-0.001383,-0.001079,-0.001819,-0.001404,0.0,-6e-05,-0.001866,-0.001821,-0.002514,-0.0,0.0,-0.00053,-0.0,0.0,-0.001145,-0.001873,-0.004166,-0.002469,0.0,-0.000784,-0.003663,-0.000631,-0.001885,0.0,-0.000606,-0.001085,-0.000112,-3.8e-05,-0.00189,-0.002312,0.0,-0.000326,-0.0,-0.001556,-0.0,-0.00186,-0.0,-0.00153,-0.004174,-0.0003,-0.000392,-0.002566,-0.0,-3.4e-05,-0.0,-0.000281,-0.001977,-0.002507,0.0,-0.001457,-0.002079,-0.003946,-0.00395,-0.0,-0.003943,-5.6e-05,-0.003057,-0.001172,0.0,-0.001021,-0.004923,-0.00255,-0.003172,-0.002905,-0.003953,-0.00105,-0.000692,-0.000784,-0.0,-0.000799,-0.002053,-0.002233,-0.002522
2017-05-30 11:26:00+02:00,-0.0,0.0,-0.000574,-0.002405,-0.000489,-0.000113,-0.000652,-0.000943,-0.002,-0.000142,-1.5e-05,-0.0,-0.002401,-0.002244,-0.001095,-0.003154,-0.000262,-0.0,-0.000144,-0.003428,0.0,-0.003403,-0.001701,-0.0,-0.00377,-0.003555,-0.000863,0.0,-0.000643,-0.000106,-0.0,-0.001911,0.0,-0.001785,-0.002033,-0.0,-0.000899,-0.001579,-0.0,-0.004043,-0.000871,-0.0,-0.001611,0.0,-0.00043,-0.001127,-0.000924,-0.001625,-0.001239,0.0,-4.8e-05,-0.001678,-0.00164,-0.002373,-0.0,0.0,-0.000424,-0.0,0.0,-0.000916,-0.001682,-0.003842,-0.002177,0.0,-0.000627,-0.003321,-0.000505,-0.001691,0.0,-0.000484,-0.000923,-9e-05,-3.1e-05,-0.001709,-0.00216,0.0,-0.000261,-0.0,-0.00129,-0.0,-0.001675,-0.0,-0.001271,-0.003851,-0.00024,-0.000314,-0.002401,-0.0,-2.8e-05,-0.0,-0.000224,-0.001794,-0.002356,0.0,-0.001299,-0.001811,-0.003605,-0.00361,-0.0,-0.003608,-4.5e-05,-0.00274,-0.001003,0.0,-0.000865,-0.004655,-0.002399,-0.00286,-0.002593,-0.003613,-0.000894,-0.000554,-0.000636,-0.0,-0.000639,-0.001757,-0.001949,-0.002362
2017-05-30 11:27:00+02:00,-0.0,0.0,-0.000459,-0.002173,-0.000391,-9e-05,-0.000552,-0.00083,-0.001854,-0.000114,-1.2e-05,-0.0,-0.002286,-0.002122,-0.000984,-0.002886,-0.000209,-0.0,-0.000115,-0.003167,0.0,-0.003142,-0.001506,-0.0,-0.003506,-0.00328,-0.000753,0.0,-0.000538,-8.5e-05,-0.0,-0.001766,0.0,-0.001646,-0.001906,-0.0,-0.000722,-0.001386,-0.0,-0.003794,-0.000763,-0.0,-0.001408,0.0,-0.000344,-0.00094,-0.000807,-0.001481,-0.001112,0.0,-3.8e-05,-0.001539,-0.001498,-0.00226,-0.0,0.0,-0.000339,-0.0,0.0,-0.000744,-0.001541,-0.003583,-0.001953,0.0,-0.000502,-0.003049,-0.000409,-0.001547,0.0,-0.00039,-0.000807,-7.2e-05,-2.5e-05,-0.001574,-0.002038,0.0,-0.000209,-0.0,-0.00111,-0.0,-0.001529,-0.0,-0.001079,-0.003594,-0.000192,-0.000251,-0.00227,-0.0,-2.2e-05,-0.0,-0.00018,-0.001648,-0.002235,0.0,-0.001176,-0.001608,-0.003331,-0.003336,-0.0,-0.003338,-3.6e-05,-0.002493,-0.000881,0.0,-0.000757,-0.004438,-0.002279,-0.002614,-0.00235,-0.003339,-0.000785,-0.000453,-0.000532,-0.0,-0.000511,-0.001546,-0.001733,-0.002235
2017-05-30 11:28:00+02:00,-0.0,0.0,-0.000368,-0.002124,-0.000313,-7.2e-05,-0.000506,-0.000789,-0.001873,-9.1e-05,-1e-05,-0.0,-0.002352,-0.002164,-0.000963,-0.002843,-0.000167,-0.0,-9.2e-05,-0.003125,0.0,-0.003098,-0.001428,-0.0,-0.003502,-0.003254,-0.000711,0.0,-0.0005,-6.8e-05,-0.0,-0.001773,0.0,-0.001642,-0.001923,-0.0,-0.00065,-0.001305,-0.0,-0.00382,-0.000722,-0.0,-0.001339,0.0,-0.000275,-0.000866,-0.000776,-0.001463,-0.001094,0.0,-3.1e-05,-0.001522,-0.001483,-0.00232,-0.0,0.0,-0.000272,-0.0,0.0,-0.000651,-0.001526,-0.003589,-0.001901,0.0,-0.000402,-0.00301,-0.000358,-0.001533,0.0,-0.000339,-0.000772,-5.7e-05,-2e-05,-0.001557,-0.002069,0.0,-0.000167,-0.0,-0.001025,-0.0,-0.001518,-0.0,-0.00101,-0.0036,-0.000154,-0.000201,-0.002337,-0.0,-1.8e-05,-0.0,-0.000144,-0.001644,-0.002292,0.0,-0.001153,-0.001558,-0.003308,-0.003313,-0.0,-0.00332,-2.9e-05,-0.002447,-0.000846,0.0,-0.000715,-0.004534,-0.002345,-0.00258,-0.002302,-0.003316,-0.000745,-0.000411,-0.000492,-0.0,-0.000409,-0.001478,-0.001676,-0.002295
2017-05-30 11:29:00+02:00,-0.0,0.0,-0.000784,-0.002902,-0.000674,-0.000225,-0.000817,-0.001148,-0.00247,-0.00027,-2.9e-05,-0.0,-0.002802,-0.002631,-0.001363,-0.003731,-0.000459,-0.0,-0.000289,-0.004012,0.0,-0.003975,-0.002035,-0.0,-0.004488,-0.004221,-0.001057,0.0,-0.000846,-0.000212,-0.0,-0.002351,0.0,-0.002167,-0.002416,-0.0,-0.001215,-0.001899,-0.0,-0.00476,-0.001063,-0.0,-0.001956,0.0,-0.000613,-0.001457,-0.001173,-0.001955,-0.001555,0.0,-9.5e-05,-0.00201,-0.001978,-0.002756,-0.0,0.0,-0.000637,-0.0,0.0,-0.001141,-0.002021,-0.004569,-0.002647,0.0,-0.000833,-0.003927,-0.000642,-0.002039,0.0,-0.000615,-0.001134,-0.000198,-7e-05,-0.002027,-0.002532,0.0,-0.000483,-0.0,-0.001576,-0.0,-0.002038,-0.0,-0.001621,-0.004569,-0.000409,-0.000516,-0.002847,-0.0,-5.9e-05,-0.0,-0.000332,-0.002185,-0.002755,0.0,-0.001572,-0.002274,-0.004292,-0.004297,-0.0,-0.004316,-0.0001,-0.003276,-0.001228,0.0,-0.001058,-0.005328,-0.002815,-0.003455,-0.003114,-0.004298,-0.00109,-0.000742,-0.000814,-0.0,-0.000823,-0.002118,-0.002392,-0.00279
2017-05-30 11:30:00+02:00,-0.0,0.0,-0.001284,-0.003907,-0.001161,-0.000409,-0.001238,-0.00164,-0.002997,-0.000485,-6.1e-05,-0.0,-0.003213,-0.003056,-0.001872,-0.004787,-0.000805,-0.0,-0.000523,-0.005015,0.0,-0.004978,-0.002886,-0.0,-0.005376,-0.005179,-0.001533,0.0,-0.001268,-0.000382,-0.0,-0.00287,0.0,-0.002685,-0.002861,-0.0,-0.001888,-0.002733,-0.0,-0.005613,-0.001535,-0.0,-0.002755,0.0,-0.001071,-0.002186,-0.001664,-0.002589,-0.002134,0.0,-0.000172,-0.002597,-0.002554,-0.003155,-0.0,0.0,-0.001072,-0.0,0.0,-0.0018,-0.00262,-0.005453,-0.003606,0.0,-0.001353,-0.004943,-0.001017,-0.002656,0.0,-0.000981,-0.001598,-0.000368,-0.000127,-0.002573,-0.002954,0.0,-0.000864,-0.0,-0.002338,-0.0,-0.002634,-0.0,-0.002379,-0.005444,-0.000762,-0.00089,-0.003304,-0.0,-0.000117,-0.0,-0.000585,-0.002737,-0.003175,0.0,-0.002114,-0.003174,-0.005241,-0.005246,-0.0,-0.005258,-0.000192,-0.004357,-0.001717,0.0,-0.001531,-0.006064,-0.003241,-0.004572,-0.004168,-0.005243,-0.001564,-0.001142,-0.001212,-0.0,-0.001379,-0.002953,-0.003305,-0.003235
2017-05-30 11:31:00+02:00,-0.0,0.0,-0.001372,-0.004353,-0.001237,-0.000327,-0.001368,-0.001817,-0.003296,-0.000482,-4.9e-05,-0.0,-0.003434,-0.003294,-0.002081,-0.005361,-0.000778,-0.0,-0.000419,-0.005645,0.0,-0.005608,-0.003218,-0.0,-0.005927,-0.005776,-0.0017,0.0,-0.001403,-0.000347,-0.0,-0.003171,0.0,-0.002997,-0.003123,-0.0,-0.002082,-0.003047,-0.0,-0.006124,-0.001704,-0.0,-0.00305,0.0,-0.001126,-0.002433,-0.001843,-0.002876,-0.002364,0.0,-0.000137,-0.002905,-0.002857,-0.003373,-0.0,0.0,-0.00111,-0.0,0.0,-0.001995,-0.002929,-0.005994,-0.004016,0.0,-0.001457,-0.005563,-0.001119,-0.002965,0.0,-0.00108,-0.001761,-0.000337,-0.000102,-0.002891,-0.003197,0.0,-0.000862,-0.0,-0.002603,-0.0,-0.002946,-0.0,-0.002651,-0.005983,-0.00074,-0.000886,-0.003545,-0.0,-9.3e-05,-0.0,-0.000608,-0.003065,-0.003403,0.0,-0.002351,-0.003528,-0.005827,-0.005831,-0.0,-0.00584,-0.000153,-0.004851,-0.001891,0.0,-0.001699,-0.006484,-0.003468,-0.005097,-0.004637,-0.005828,-0.001735,-0.001262,-0.001331,-0.0,-0.0015,-0.00327,-0.00368,-0.003474
2017-05-30 11:32:00+02:00,-0.0,0.0,-0.001097,-0.004134,-0.00099,-0.000262,-0.001239,-0.001692,-0.00325,-0.000385,-3.9e-05,-0.0,-0.003486,-0.003368,-0.001963,-0.005169,-0.000623,-0.0,-0.000335,-0.005521,0.0,-0.005481,-0.003023,-0.0,-0.005902,-0.005654,-0.001574,0.0,-0.001252,-0.000278,-0.0,-0.003114,0.0,-0.002928,-0.003151,-0.0,-0.001814,-0.002847,-0.0,-0.006196,-0.001584,-0.0,-0.002823,0.0,-0.000901,-0.002178,-0.001694,-0.002753,-0.002222,0.0,-0.00011,-0.002805,-0.002741,-0.003432,-0.0,0.0,-0.000888,-0.0,0.0,-0.001766,-0.002823,-0.005991,-0.00379,0.0,-0.00118,-0.005389,-0.000985,-0.002851,0.0,-0.000946,-0.001625,-0.00027,-8.2e-05,-0.00281,-0.003275,0.0,-0.000689,-0.0,-0.002392,-0.0,-0.002822,-0.0,-0.002401,-0.005987,-0.000592,-0.000709,-0.003592,-0.0,-7.5e-05,-0.0,-0.000486,-0.002967,-0.003461,0.0,-0.002233,-0.003295,-0.005716,-0.005721,-0.0,-0.005756,-0.000123,-0.004636,-0.001751,0.0,-0.001576,-0.006625,-0.003519,-0.004898,-0.004416,-0.00572,-0.001614,-0.001111,-0.001189,-0.0,-0.001246,-0.003045,-0.003445,-0.003528
2017-05-30 11:33:00+02:00,-0.0,0.0,-0.000878,-0.003618,-0.000792,-0.000209,-0.00101,-0.001441,-0.002961,-0.000308,-3.1e-05,-0.0,-0.003246,-0.003166,-0.001706,-0.004619,-0.000498,-0.0,-0.000268,-0.005021,0.0,-0.004982,-0.002588,-0.0,-0.005423,-0.005122,-0.00133,0.0,-0.001004,-0.000222,-0.0,-0.002828,0.0,-0.00265,-0.002921,-0.0,-0.001451,-0.002419,-0.0,-0.005758,-0.001344,-0.0,-0.002383,0.0,-0.000721,-0.001742,-0.001422,-0.002453,-0.00193,0.0,-8.8e-05,-0.002519,-0.00244,-0.003234,-0.0,0.0,-0.000711,-0.0,0.0,-0.001413,-0.002531,-0.005519,-0.003287,0.0,-0.000944,-0.004839,-0.000788,-0.002551,0.0,-0.000757,-0.001376,-0.000216,-6.5e-05,-0.002541,-0.003067,0.0,-0.000552,-0.0,-0.001981,-0.0,-0.002507,-0.0,-0.001949,-0.00552,-0.000474,-0.000567,-0.003276,-0.0,-6e-05,-0.0,-0.000389,-0.002662,-0.003246,0.0,-0.001961,-0.002817,-0.005186,-0.005191,-0.0,-0.005247,-9.8e-05,-0.004098,-0.001492,0.0,-0.001335,-0.00634,-0.003255,-0.004361,-0.003885,-0.005191,-0.001372,-0.000889,-0.000958,-0.0,-0.000997,-0.002596,-0.002953,-0.003263
2017-05-30 11:34:00+02:00,-0.0,0.0,-0.000702,-0.00304,-0.000633,-0.000167,-0.000808,-0.001173,-0.00259,-0.000247,-2.5e-05,-0.0,-0.002923,-0.002851,-0.001422,-0.003976,-0.000399,-0.0,-0.000214,-0.004381,0.0,-0.004344,-0.002109,-0.0,-0.004776,-0.004468,-0.001071,0.0,-0.000803,-0.000178,-0.0,-0.00247,0.0,-0.002307,-0.0026,-0.0,-0.001161,-0.00195,-0.0,-0.005135,-0.001087,-0.0,-0.001911,0.0,-0.000576,-0.001394,-0.00114,-0.002102,-0.001613,0.0,-7e-05,-0.002175,-0.002094,-0.002921,-0.0,0.0,-0.000568,-0.0,0.0,-0.00113,-0.002183,-0.004885,-0.00273,0.0,-0.000755,-0.004186,-0.00063,-0.002196,0.0,-0.000606,-0.001113,-0.000173,-5.2e-05,-0.002206,-0.002754,0.0,-0.000441,-0.0,-0.001585,-0.0,-0.00215,-0.0,-0.001559,-0.00489,-0.000379,-0.000453,-0.00293,-0.0,-4.8e-05,-0.0,-0.000311,-0.002304,-0.002923,0.0,-0.001655,-0.002299,-0.004532,-0.004537,-0.0,-0.004595,-7.9e-05,-0.003485,-0.001216,0.0,-0.001077,-0.00579,-0.002926,-0.003738,-0.003286,-0.004538,-0.001112,-0.000711,-0.000766,-0.0,-0.000797,-0.002108,-0.002418,-0.002927
2017-05-30 11:35:00+02:00,-0.0,0.0,-0.000562,-0.002509,-0.000507,-0.000134,-0.000647,-0.000943,-0.002218,-0.000197,-2e-05,-0.0,-0.002608,-0.002514,-0.001155,-0.003372,-0.000319,-0.0,-0.000172,-0.003809,0.0,-0.003774,-0.001695,-0.0,-0.004111,-0.00384,-0.000857,0.0,-0.000642,-0.000142,-0.0,-0.002112,0.0,-0.001966,-0.002267,-0.0,-0.000929,-0.00156,-0.0,-0.004485,-0.000869,-0.0,-0.001529,0.0,-0.000461,-0.001115,-0.000912,-0.001796,-0.001317,0.0,-5.6e-05,-0.001871,-0.001772,-0.002605,-0.0,0.0,-0.000455,-0.0,0.0,-0.000904,-0.001876,-0.004235,-0.002224,0.0,-0.000604,-0.003568,-0.000504,-0.001884,0.0,-0.000484,-0.000892,-0.000138,-4.2e-05,-0.001909,-0.002421,0.0,-0.000353,-0.0,-0.001268,-0.0,-0.001819,-0.0,-0.001248,-0.004242,-0.000303,-0.000363,-0.002594,-0.0,-3.8e-05,-0.0,-0.000249,-0.001966,-0.002594,0.0,-0.001374,-0.001839,-0.003901,-0.003907,-0.0,-0.003935,-6.3e-05,-0.002916,-0.000984,0.0,-0.000862,-0.005166,-0.002603,-0.003132,-0.002733,-0.003908,-0.00089,-0.000569,-0.000613,-0.0,-0.000638,-0.001697,-0.001936,-0.002589
2017-05-30 11:36:00+02:00,-0.0,0.0,-0.000449,-0.002102,-0.000405,-0.000107,-0.000517,-0.000755,-0.001902,-0.000158,-1.6e-05,-0.0,-0.002328,-0.00222,-0.000936,-0.002896,-0.000255,-0.0,-0.000137,-0.003325,0.0,-0.003292,-0.001356,-0.0,-0.003542,-0.003339,-0.000686,0.0,-0.000514,-0.000114,-0.0,-0.001808,0.0,-0.001678,-0.001979,-0.0,-0.000743,-0.001248,-0.0,-0.003922,-0.000695,-0.0,-0.001223,0.0,-0.000369,-0.000892,-0.00073,-0.001542,-0.001074,0.0,-4.5e-05,-0.001617,-0.001519,-0.002324,-0.0,0.0,-0.000364,-0.0,0.0,-0.000723,-0.00162,-0.003677,-0.00184,0.0,-0.000483,-0.003079,-0.000403,-0.001624,0.0,-0.000388,-0.000719,-0.00011,-3.3e-05,-0.001659,-0.002131,0.0,-0.000282,-0.0,-0.001014,-0.0,-0.001557,-0.0,-0.000998,-0.003686,-0.000243,-0.00029,-0.002298,-0.0,-3.1e-05,-0.0,-0.000199,-0.001698,-0.002304,0.0,-0.001157,-0.001471,-0.003398,-0.003404,-0.0,-0.003373,-5e-05,-0.002475,-0.000802,0.0,-0.000689,-0.00461,-0.002317,-0.002627,-0.002306,-0.003405,-0.000712,-0.000455,-0.00049,-0.0,-0.00051,-0.001375,-0.001574,-0.002293
2017-05-30 11:37:00+02:00,-0.0,0.0,-0.00036,-0.001859,-0.000324,-8.6e-05,-0.000417,-0.000643,-0.001693,-0.000126,-1.3e-05,-0.0,-0.002141,-0.002022,-0.000804,-0.002598,-0.000204,-0.0,-0.00011,-0.003021,0.0,-0.00299,-0.001161,-0.0,-0.003175,-0.003022,-0.00058,0.0,-0.000411,-9.1e-05,-0.0,-0.001609,0.0,-0.001491,-0.00179,-0.0,-0.000594,-0.001062,-0.0,-0.003552,-0.000591,-0.0,-0.001058,0.0,-0.000295,-0.000714,-0.000619,-0.001381,-0.000924,0.0,-3.6e-05,-0.001456,-0.001357,-0.002136,-0.0,0.0,-0.000291,-0.0,0.0,-0.000579,-0.001457,-0.003313,-0.001616,0.0,-0.000387,-0.002771,-0.000323,-0.001458,0.0,-0.00031,-0.000623,-8.8e-05,-2.7e-05,-0.001501,-0.001939,0.0,-0.000226,-0.0,-0.000833,-0.0,-0.001389,-0.0,-0.000806,-0.003323,-0.000194,-0.000232,-0.002099,-0.0,-2.4e-05,-0.0,-0.000159,-0.001525,-0.002109,0.0,-0.001025,-0.00124,-0.003079,-0.003084,-0.0,-0.003013,-4e-05,-0.002204,-0.000697,0.0,-0.000584,-0.004241,-0.002127,-0.00231,-0.002047,-0.003085,-0.000605,-0.000364,-0.000397,-0.0,-0.000408,-0.0012,-0.001369,-0.002094
2017-05-30 11:38:00+02:00,-0.0,0.0,-0.000288,-0.001728,-0.000259,-6.9e-05,-0.000355,-0.000573,-0.001575,-0.000101,-1e-05,-0.0,-0.002041,-0.001912,-0.000739,-0.002425,-0.000163,-0.0,-8.8e-05,-0.002828,0.0,-0.002799,-0.001042,-0.0,-0.002973,-0.002836,-0.000514,0.0,-0.000355,-7.3e-05,-0.0,-0.001497,0.0,-0.001387,-0.001684,-0.0,-0.000476,-0.000949,-0.0,-0.003346,-0.000526,-0.0,-0.000973,0.0,-0.000236,-0.000614,-0.000562,-0.001279,-0.000845,0.0,-2.9e-05,-0.001355,-0.001262,-0.002035,-0.0,0.0,-0.000233,-0.0,0.0,-0.000463,-0.001354,-0.00311,-0.001498,0.0,-0.000309,-0.00259,-0.000258,-0.001353,0.0,-0.000248,-0.00057,-7.1e-05,-2.1e-05,-0.001401,-0.001831,0.0,-0.000181,-0.0,-0.000723,-0.0,-0.00129,-0.0,-0.000711,-0.00312,-0.000155,-0.000186,-0.001991,-0.0,-2e-05,-0.0,-0.000127,-0.001422,-0.002003,0.0,-0.000952,-0.001131,-0.002891,-0.002896,-0.0,-0.002813,-3.2e-05,-0.002052,-0.000638,0.0,-0.000519,-0.004038,-0.002024,-0.002139,-0.001903,-0.002898,-0.000538,-0.000304,-0.000345,-0.0,-0.000327,-0.001107,-0.001265,-0.001984
2017-05-30 11:39:00+02:00,-0.0,0.0,-0.000257,-0.001765,-0.00021,-5.5e-05,-0.000369,-0.000592,-0.001596,-8.1e-05,-8e-06,-0.0,-0.002095,-0.001944,-0.000757,-0.002451,-0.000131,-0.0,-7e-05,-0.002863,0.0,-0.002834,-0.001078,-0.0,-0.002997,-0.002867,-0.000534,0.0,-0.000368,-5.8e-05,-0.0,-0.001514,0.0,-0.001399,-0.001704,-0.0,-0.000468,-0.000987,-0.0,-0.00338,-0.000547,-0.0,-0.001023,0.0,-0.000189,-0.000637,-0.000585,-0.001303,-0.000862,0.0,-2.3e-05,-0.001378,-0.001279,-0.002081,-0.0,0.0,-0.000186,-0.0,0.0,-0.000475,-0.001378,-0.003137,-0.001539,0.0,-0.000288,-0.002616,-0.000263,-0.001378,0.0,-0.000251,-0.000597,-5.7e-05,-1.7e-05,-0.001422,-0.001857,0.0,-0.000145,-0.0,-0.000756,-0.0,-0.001309,-0.0,-0.000742,-0.003148,-0.000124,-0.000149,-0.002046,-0.0,-1.6e-05,-0.0,-0.000102,-0.001443,-0.002047,0.0,-0.00097,-0.001165,-0.002923,-0.002928,-0.0,-0.002833,-2.6e-05,-0.002082,-0.000665,0.0,-0.00054,-0.004106,-0.002077,-0.002156,-0.001936,-0.00293,-0.000557,-0.00031,-0.000361,-0.0,-0.0003,-0.001157,-0.001311,-0.002032
2017-05-30 11:40:00+02:00,-0.0,0.0,-0.00049,-0.002192,-0.000405,-9e-05,-0.000548,-0.000797,-0.001904,-0.000159,-7e-06,-0.0,-0.002428,-0.002276,-0.000972,-0.002918,-0.000266,-0.0,-0.000137,-0.003339,0.0,-0.003306,-0.001434,-0.0,-0.003509,-0.003369,-0.000734,0.0,-0.00056,-0.000118,-0.0,-0.001804,0.0,-0.001665,-0.001997,-0.0,-0.000759,-0.001338,-0.0,-0.003935,-0.000746,-0.0,-0.001397,0.0,-0.000367,-0.000972,-0.000807,-0.00157,-0.001103,0.0,-2.7e-05,-0.001642,-0.00154,-0.002404,-0.0,0.0,-0.00038,-0.0,0.0,-0.000753,-0.001646,-0.003665,-0.001956,0.0,-0.000531,-0.003095,-0.000419,-0.001651,0.0,-0.000404,-0.000811,-0.000109,-1.4e-05,-0.001678,-0.002168,0.0,-0.000284,-0.0,-0.00108,-0.0,-0.00158,-0.0,-0.001091,-0.003675,-0.000236,-0.000303,-0.002424,-0.0,-1.3e-05,-0.0,-0.000197,-0.001724,-0.00239,0.0,-0.001198,-0.001555,-0.00343,-0.003436,-0.0,-0.003332,-3.1e-05,-0.002526,-0.000887,0.0,-0.000739,-0.004686,-0.002426,-0.002602,-0.002373,-0.003438,-0.000756,-0.000491,-0.000549,-0.0,-0.000527,-0.00154,-0.001717,-0.002399
2017-05-30 11:41:00+02:00,-0.0,0.0,-0.000711,-0.002505,-0.000603,-0.000172,-0.000683,-0.000943,-0.00207,-0.000232,-7e-06,-0.0,-0.002502,-0.002377,-0.001123,-0.003243,-0.000418,-0.0,-0.000242,-0.00369,0.0,-0.003658,-0.001733,-0.0,-0.003858,-0.003709,-0.000878,0.0,-0.000695,-0.000185,-0.0,-0.001968,0.0,-0.001828,-0.00215,-0.0,-0.001001,-0.001632,-0.0,-0.004243,-0.000891,-0.0,-0.001711,0.0,-0.000551,-0.001244,-0.000953,-0.001734,-0.001251,0.0,-5.8e-05,-0.001809,-0.001698,-0.002479,-0.0,0.0,-0.000572,-0.0,0.0,-0.001004,-0.001813,-0.004016,-0.002266,0.0,-0.000761,-0.003424,-0.000543,-0.001817,0.0,-0.000527,-0.000966,-0.000167,-2.2e-05,-0.00185,-0.002287,0.0,-0.00043,-0.0,-0.001361,-0.0,-0.001737,-0.0,-0.001373,-0.004028,-0.000374,-0.000469,-0.002507,-0.0,-2.6e-05,-0.0,-0.000288,-0.001885,-0.002472,0.0,-0.001354,-0.001851,-0.003772,-0.003778,-0.0,-0.003669,-6e-05,-0.002843,-0.001043,0.0,-0.000884,-0.004844,-0.002503,-0.002916,-0.002687,-0.003781,-0.000901,-0.000621,-0.000694,-0.0,-0.000745,-0.001857,-0.002023,-0.002484
2017-05-30 11:42:00+02:00,-0.0,0.0,-0.000569,-0.002192,-0.000482,-0.000138,-0.000546,-0.00079,-0.001851,-0.000186,-6e-06,-0.0,-0.00231,-0.002172,-0.000958,-0.002895,-0.000335,-0.0,-0.000194,-0.003332,0.0,-0.003301,-0.001454,-0.0,-0.003461,-0.003345,-0.000728,0.0,-0.000556,-0.000148,-0.0,-0.001757,0.0,-0.001626,-0.001945,-0.0,-0.0008,-0.001356,-0.0,-0.003842,-0.000743,-0.0,-0.001448,0.0,-0.000441,-0.000995,-0.000799,-0.001547,-0.001072,0.0,-4.7e-05,-0.001623,-0.001514,-0.002288,-0.0,0.0,-0.000458,-0.0,0.0,-0.000803,-0.001624,-0.003613,-0.001964,0.0,-0.000609,-0.003069,-0.000435,-0.001626,0.0,-0.000422,-0.000822,-0.000134,-1.7e-05,-0.001665,-0.002084,0.0,-0.000344,-0.0,-0.001093,-0.0,-0.001547,-0.0,-0.001102,-0.003626,-0.0003,-0.000375,-0.002297,-0.0,-2.1e-05,-0.0,-0.00023,-0.001692,-0.002271,0.0,-0.00119,-0.001546,-0.003405,-0.003411,-0.0,-0.003278,-4.8e-05,-0.002513,-0.000893,0.0,-0.000734,-0.004473,-0.002305,-0.002557,-0.002364,-0.003414,-0.000752,-0.000497,-0.000559,-0.0,-0.000596,-0.001588,-0.001732,-0.002275
2017-05-30 11:43:00+02:00,-0.0,0.0,-0.000455,-0.002118,-0.000386,-0.00011,-0.000489,-0.000758,-0.001866,-0.000149,-5e-06,-0.0,-0.002404,-0.002224,-0.000911,-0.002853,-0.000268,-0.0,-0.000155,-0.003297,0.0,-0.003262,-0.001376,-0.0,-0.003427,-0.003329,-0.00069,0.0,-0.000483,-0.000118,-0.0,-0.001762,0.0,-0.001617,-0.001959,-0.0,-0.00064,-0.001272,-0.0,-0.003849,-0.000706,-0.0,-0.001328,0.0,-0.000353,-0.000849,-0.000751,-0.00154,-0.001033,0.0,-3.7e-05,-0.001619,-0.001509,-0.002371,-0.0,0.0,-0.000366,-0.0,0.0,-0.000659,-0.001622,-0.003592,-0.001881,0.0,-0.000487,-0.003035,-0.000357,-0.001626,0.0,-0.000342,-0.000768,-0.000107,-1.4e-05,-0.00166,-0.002118,0.0,-0.000275,-0.0,-0.000991,-0.0,-0.001548,-0.0,-0.000971,-0.003602,-0.00024,-0.0003,-0.002388,-0.0,-1.6e-05,-0.0,-0.000184,-0.001702,-0.00235,0.0,-0.001162,-0.00143,-0.003395,-0.003401,-0.0,-0.003239,-3.8e-05,-0.002453,-0.000843,0.0,-0.000697,-0.004582,-0.002398,-0.002482,-0.0023,-0.003403,-0.000717,-0.000412,-0.000481,-0.0,-0.000476,-0.001474,-0.001641,-0.002357
2017-05-30 11:44:00+02:00,-0.0,0.0,-0.001239,-0.003386,-0.001141,-0.000559,-0.001105,-0.001456,-0.002494,-0.000506,-0.000173,-2.4e-05,-0.002876,-0.00271,-0.001577,-0.004003,-0.000884,-0.0,-0.000656,-0.004362,0.0,-0.004326,-0.002543,-6.8e-05,-0.00444,-0.004383,-0.001367,0.0,-0.00108,-0.000448,-0.000121,-0.002381,0.0,-0.002224,-0.002474,-0.0,-0.001575,-0.002424,-0.0,-0.004803,-0.001378,-6.6e-05,-0.002449,0.0,-0.001076,-0.001851,-0.001422,-0.002236,-0.001791,0.0,-0.000269,-0.002267,-0.002161,-0.002828,-0.00011,0.0,-0.001082,-9.3e-05,0.0,-0.001615,-0.002284,-0.004589,-0.003108,0.0,-0.001289,-0.004149,-0.000919,-0.002305,0.0,-0.000893,-0.001438,-0.000415,-0.000203,-0.002259,-0.0026,0.0,-0.000891,-4e-06,-0.002068,-6.1e-05,-0.002224,-5.8e-05,-0.002003,-0.004585,-0.000848,-0.000947,-0.002914,-0.000123,-0.000214,-3e-06,-0.000601,-0.002334,-0.002833,0.0,-0.001836,-0.002606,-0.004443,-0.004448,-4.2e-05,-0.004315,-0.00027,-0.003678,-0.001543,0.0,-0.001372,-0.005386,-0.002891,-0.003713,-0.003566,-0.004447,-0.001394,-0.000982,-0.001083,-0.000125,-0.001314,-0.002635,-0.002829,-0.002872
2017-05-30 11:45:00+02:00,-0.0,0.0,-0.001603,-0.004328,-0.001474,-0.000555,-0.001498,-0.001952,-0.003212,-0.00061,-0.000139,-1.9e-05,-0.003466,-0.003306,-0.002076,-0.005222,-0.001064,-0.0,-0.000708,-0.00558,0.0,-0.005531,-0.003355,-5.4e-05,-0.005585,-0.005589,-0.001836,0.0,-0.001452,-0.000523,-9.7e-05,-0.003091,0.0,-0.002917,-0.003085,-0.0,-0.002106,-0.003221,-0.0,-0.005933,-0.001849,-5.3e-05,-0.00321,0.0,-0.001373,-0.00246,-0.001885,-0.002995,-0.002365,0.0,-0.000239,-0.003,-0.002864,-0.0034,-8.8e-05,0.0,-0.001372,-7.5e-05,0.0,-0.002171,-0.003029,-0.005742,-0.003999,0.0,-0.001675,-0.005401,-0.001247,-0.003064,0.0,-0.001213,-0.001912,-0.000472,-0.000162,-0.002945,-0.003187,0.0,-0.001068,-3e-06,-0.002771,-4.9e-05,-0.002956,-4.6e-05,-0.002647,-0.005712,-0.00102,-0.001161,-0.003551,-9.9e-05,-0.000171,-2e-06,-0.000775,-0.003053,-0.003431,0.0,-0.002385,-0.003432,-0.005654,-0.005658,-3.4e-05,-0.005543,-0.000238,-0.004749,-0.002044,0.0,-0.001842,-0.00639,-0.003499,-0.004877,-0.004603,-0.005648,-0.001872,-0.001323,-0.001466,-0.0001,-0.001736,-0.003449,-0.003673,-0.003499
2017-05-30 11:46:00+02:00,-0.0,0.0,-0.001873,-0.005271,-0.001721,-0.000444,-0.001862,-0.002434,-0.003779,-0.000661,-0.000111,-1.6e-05,-0.003929,-0.003774,-0.002555,-0.006238,-0.001132,-0.0,-0.000639,-0.006533,0.0,-0.006473,-0.004142,-4.3e-05,-0.006478,-0.006531,-0.002288,0.0,-0.001793,-0.000531,-7.8e-05,-0.003651,0.0,-0.003463,-0.003566,-0.0,-0.002543,-0.003985,-0.0,-0.006816,-0.002305,-4.2e-05,-0.003921,0.0,-0.001581,-0.003013,-0.002329,-0.003608,-0.002921,0.0,-0.000191,-0.003578,-0.003448,-0.003849,-7e-05,0.0,-0.001557,-6e-05,0.0,-0.002661,-0.003617,-0.006642,-0.004879,0.0,-0.001969,-0.006381,-0.001538,-0.003664,0.0,-0.001495,-0.002361,-0.00047,-0.00013,-0.003485,-0.003647,0.0,-0.001151,-3e-06,-0.003425,-3.9e-05,-0.003559,-3.7e-05,-0.003242,-0.006591,-0.001093,-0.001266,-0.004053,-7.9e-05,-0.000137,-2e-06,-0.000896,-0.003621,-0.003901,0.0,-0.002937,-0.004203,-0.0066,-0.006604,-2.7e-05,-0.006503,-0.00019,-0.005829,-0.002523,0.0,-0.002296,-0.007172,-0.003977,-0.005979,-0.005643,-0.006587,-0.002335,-0.001629,-0.00181,-8e-05,-0.002078,-0.004221,-0.004495,-0.003993
2017-05-30 11:47:00+02:00,-0.0,0.0,-0.00165,-0.005542,-0.001481,-0.000355,-0.001877,-0.002536,-0.004209,-0.000529,-8.9e-05,-1.2e-05,-0.004275,-0.004123,-0.002651,-0.006766,-0.000906,-0.0,-0.000511,-0.007235,0.0,-0.007167,-0.004284,-3.5e-05,-0.007131,-0.007224,-0.002367,0.0,-0.001801,-0.000425,-6.2e-05,-0.004076,0.0,-0.003832,-0.003924,-0.0,-0.002391,-0.004103,-0.0,-0.007461,-0.002391,-3.4e-05,-0.004014,0.0,-0.001313,-0.002998,-0.002412,-0.00395,-0.003051,0.0,-0.000153,-0.003968,-0.00377,-0.004183,-5.6e-05,0.0,-0.001264,-4.8e-05,0.0,-0.002586,-0.004006,-0.007301,-0.005103,0.0,-0.001769,-0.006989,-0.0015,-0.004051,0.0,-0.001452,-0.002444,-0.000376,-0.000104,-0.003891,-0.003988,0.0,-0.000921,-2e-06,-0.003467,-3.1e-05,-0.003899,-2.9e-05,-0.003261,-0.007233,-0.000875,-0.001012,-0.004431,-6.3e-05,-0.00011,-1e-06,-0.000736,-0.004044,-0.004253,0.0,-0.003119,-0.004287,-0.007297,-0.0073,-2.2e-05,-0.007209,-0.000152,-0.006197,-0.002626,0.0,-0.002378,-0.007738,-0.004336,-0.006334,-0.005977,-0.007279,-0.002426,-0.00161,-0.001816,-6.4e-05,-0.001895,-0.004352,-0.004674,-0.004365
2017-05-30 11:48:00+02:00,-0.0,0.0,-0.00132,-0.005491,-0.001185,-0.000284,-0.001753,-0.002473,-0.004453,-0.000423,-7.1e-05,-1e-05,-0.004533,-0.004382,-0.002587,-0.006893,-0.000724,-0.0,-0.000409,-0.00755,0.0,-0.007461,-0.004152,-2.8e-05,-0.007464,-0.007526,-0.002288,0.0,-0.00167,-0.00034,-5e-05,-0.004266,0.0,-0.00396,-0.00419,-0.0,-0.002042,-0.003951,-0.0,-0.007933,-0.002318,-2.7e-05,-0.003865,0.0,-0.001051,-0.002755,-0.002334,-0.004063,-0.002997,0.0,-0.000122,-0.004119,-0.003864,-0.004431,-4.5e-05,0.0,-0.001011,-3.8e-05,0.0,-0.002303,-0.004155,-0.007715,-0.00502,0.0,-0.001423,-0.007174,-0.001339,-0.004197,0.0,-0.001288,-0.002379,-0.000301,-8.3e-05,-0.004059,-0.004242,0.0,-0.000737,-2e-06,-0.003263,-2.5e-05,-0.004003,-2.4e-05,-0.003044,-0.007645,-0.0007,-0.00081,-0.004714,-5.1e-05,-8.8e-05,-1e-06,-0.000588,-0.004209,-0.004515,0.0,-0.003119,-0.004098,-0.007635,-0.007642,-1.7e-05,-0.007458,-0.000122,-0.006209,-0.002572,0.0,-0.002302,-0.008145,-0.004604,-0.006326,-0.005964,-0.007619,-0.002358,-0.001462,-0.001697,-5.1e-05,-0.001539,-0.004225,-0.004559,-0.004644
2017-05-30 11:49:00+02:00,-0.0,0.0,-0.001056,-0.005388,-0.000948,-0.000227,-0.001634,-0.002399,-0.004585,-0.000338,-5.7e-05,-8e-06,-0.004739,-0.00459,-0.002489,-0.006921,-0.00058,-0.0,-0.000327,-0.00772,0.0,-0.007615,-0.004008,-2.2e-05,-0.007627,-0.007685,-0.002203,0.0,-0.001538,-0.000272,-4e-05,-0.004357,0.0,-0.004005,-0.00439,-0.0,-0.001696,-0.003792,-0.0,-0.008293,-0.002238,-2.2e-05,-0.003697,0.0,-0.00084,-0.002513,-0.002238,-0.004109,-0.002902,0.0,-9.8e-05,-0.004196,-0.003898,-0.004629,-3.6e-05,0.0,-0.000809,-3.1e-05,0.0,-0.002049,-0.00423,-0.007931,-0.004895,0.0,-0.001138,-0.007245,-0.001193,-0.004268,0.0,-0.00114,-0.002298,-0.000241,-6.7e-05,-0.004149,-0.004444,0.0,-0.000589,-1e-06,-0.003065,-2e-05,-0.004043,-1.9e-05,-0.002822,-0.007859,-0.00056,-0.000648,-0.00494,-4e-05,-7e-05,-1e-06,-0.000471,-0.004296,-0.004725,0.0,-0.003085,-0.003865,-0.007821,-0.00783,-1.4e-05,-0.007549,-9.7e-05,-0.006152,-0.002498,0.0,-0.002219,-0.008469,-0.004819,-0.006221,-0.005888,-0.007807,-0.00228,-0.001316,-0.001576,-4.1e-05,-0.001231,-0.004074,-0.00441,-0.004866
2017-05-30 11:50:00+02:00,-0.0,0.0,-0.000845,-0.00531,-0.000758,-0.000182,-0.001534,-0.002334,-0.004693,-0.000271,-4.5e-05,-6e-06,-0.004902,-0.004754,-0.002412,-0.006943,-0.000464,-0.0,-0.000262,-0.007806,0.0,-0.00769,-0.003885,-1.8e-05,-0.007759,-0.007811,-0.002129,0.0,-0.001436,-0.000217,-3.2e-05,-0.004431,0.0,-0.004042,-0.004546,-0.0,-0.001422,-0.003656,-0.0,-0.008571,-0.002169,-1.7e-05,-0.003528,0.0,-0.000672,-0.002327,-0.002165,-0.004119,-0.002826,0.0,-7.8e-05,-0.004229,-0.003926,-0.004785,-2.9e-05,0.0,-0.000647,-2.5e-05,0.0,-0.001834,-0.004261,-0.008096,-0.004799,0.0,-0.00091,-0.007302,-0.00107,-0.004296,0.0,-0.001015,-0.002212,-0.000193,-5.3e-05,-0.004195,-0.004605,0.0,-0.000472,-1e-06,-0.002898,-1.6e-05,-0.004075,-1.5e-05,-0.002651,-0.008024,-0.000448,-0.000518,-0.005117,-3.2e-05,-5.6e-05,-1e-06,-0.000377,-0.004365,-0.00489,0.0,-0.003059,-0.003681,-0.007968,-0.007979,-1.1e-05,-0.007623,-7.8e-05,-0.006109,-0.002416,0.0,-0.002148,-0.008723,-0.004987,-0.006137,-0.00583,-0.007955,-0.002213,-0.001203,-0.001457,-3.3e-05,-0.000985,-0.003916,-0.004296,-0.005041
2017-05-30 11:51:00+02:00,-0.0,0.0,-0.000676,-0.005224,-0.000607,-0.000145,-0.001467,-0.002299,-0.004775,-0.000217,-3.6e-05,-5e-06,-0.005036,-0.004891,-0.002348,-0.006933,-0.000371,-0.0,-0.000209,-0.007835,0.0,-0.007711,-0.003813,-1.4e-05,-0.007861,-0.007881,-0.002085,0.0,-0.001342,-0.000174,-2.5e-05,-0.004487,0.0,-0.004069,-0.004668,-0.0,-0.001201,-0.003573,-0.0,-0.008787,-0.002129,-1.4e-05,-0.003355,0.0,-0.000538,-0.002158,-0.002093,-0.004102,-0.002763,0.0,-6.3e-05,-0.004232,-0.003933,-0.004915,-2.3e-05,0.0,-0.000518,-2e-05,0.0,-0.001688,-0.004262,-0.008223,-0.004699,0.0,-0.000728,-0.007317,-0.000986,-0.004294,0.0,-0.00093,-0.00212,-0.000154,-4.3e-05,-0.00421,-0.004738,0.0,-0.000377,-1e-06,-0.00279,-1.3e-05,-0.004084,-1.2e-05,-0.002495,-0.00815,-0.000358,-0.000415,-0.005262,-2.6e-05,-4.5e-05,-1e-06,-0.000301,-0.004402,-0.005027,0.0,-0.003026,-0.003531,-0.008053,-0.008067,-9e-06,-0.007677,-6.2e-05,-0.006049,-0.002327,0.0,-0.002106,-0.008934,-0.005127,-0.006066,-0.005759,-0.008042,-0.002176,-0.001101,-0.001339,-2.6e-05,-0.000796,-0.003751,-0.004182,-0.005185
2017-05-30 11:52:00+02:00,-0.0,0.0,-0.000541,-0.005163,-0.000485,-0.000116,-0.001437,-0.002293,-0.004848,-0.000173,-2.9e-05,-4e-06,-0.005139,-0.004996,-0.002309,-0.00693,-0.000297,-0.0,-0.000167,-0.007925,0.0,-0.007795,-0.003794,-1.1e-05,-0.007959,-0.007938,-0.002072,0.0,-0.001275,-0.000139,-2e-05,-0.004541,0.0,-0.0041,-0.004775,-0.0,-0.001047,-0.003545,-0.0,-0.008976,-0.002119,-1.1e-05,-0.003282,0.0,-0.00043,-0.002036,-0.002041,-0.004127,-0.002724,0.0,-5e-05,-0.004273,-0.00394,-0.005015,-1.8e-05,0.0,-0.000414,-1.6e-05,0.0,-0.001607,-0.004302,-0.008341,-0.004629,0.0,-0.000583,-0.007332,-0.000941,-0.004331,0.0,-0.000883,-0.002086,-0.000123,-3.4e-05,-0.00426,-0.004842,0.0,-0.000302,-1e-06,-0.00274,-1e-05,-0.004092,-1e-05,-0.002382,-0.008269,-0.000287,-0.000332,-0.005371,-2.1e-05,-3.6e-05,-0.0,-0.000241,-0.004433,-0.005132,0.0,-0.003004,-0.003431,-0.008121,-0.008136,-7e-06,-0.007738,-5e-05,-0.006007,-0.002295,0.0,-0.002095,-0.009095,-0.005233,-0.006027,-0.005708,-0.008112,-0.002167,-0.001028,-0.001283,-2.1e-05,-0.000683,-0.003686,-0.004101,-0.005295
2017-05-30 11:53:00+02:00,-0.0,0.0,-0.000433,-0.005141,-0.000388,-9.3e-05,-0.001403,-0.002277,-0.004892,-0.000139,-2.3e-05,-3e-06,-0.005215,-0.005073,-0.00227,-0.006956,-0.000237,-0.0,-0.000134,-0.007953,0.0,-0.007819,-0.003762,-9e-06,-0.008015,-0.008016,-0.002051,0.0,-0.001234,-0.000111,-1.6e-05,-0.00457,0.0,-0.004113,-0.004847,-0.0,-0.000919,-0.003505,-0.0,-0.009099,-0.0021,-9e-06,-0.003209,0.0,-0.000344,-0.001962,-0.002014,-0.004124,-0.002683,0.0,-4e-05,-0.004282,-0.003962,-0.005089,-1.5e-05,0.0,-0.000331,-1.3e-05,0.0,-0.001533,-0.004309,-0.00841,-0.004597,0.0,-0.000466,-0.007376,-0.000899,-0.004336,0.0,-0.00084,-0.002048,-9.9e-05,-2.7e-05,-0.004275,-0.004918,0.0,-0.000241,-1e-06,-0.002686,-8e-06,-0.004115,-8e-06,-0.002315,-0.008339,-0.000229,-0.000265,-0.005451,-1.7e-05,-2.9e-05,-0.0,-0.000193,-0.004475,-0.005209,0.0,-0.003001,-0.003341,-0.008207,-0.008223,-6e-06,-0.007763,-4e-05,-0.006002,-0.002258,0.0,-0.002075,-0.009213,-0.005311,-0.005977,-0.005694,-0.0082,-0.00215,-0.000982,-0.001232,-1.7e-05,-0.000583,-0.003617,-0.00406,-0.005374
2017-05-30 11:54:00+02:00,-0.0,0.0,-0.000346,-0.005117,-0.000311,-7.4e-05,-0.00135,-0.002234,-0.004905,-0.000111,-1.9e-05,-3e-06,-0.005272,-0.005132,-0.002227,-0.006969,-0.00019,-0.0,-0.000107,-0.007939,0.0,-0.007803,-0.003687,-7e-06,-0.008029,-0.008067,-0.002005,0.0,-0.0012,-8.9e-05,-1.3e-05,-0.004573,0.0,-0.004106,-0.004884,-0.0,-0.000802,-0.003425,-0.0,-0.009161,-0.002057,-7e-06,-0.00313,0.0,-0.000275,-0.001901,-0.001989,-0.004101,-0.002636,0.0,-3.2e-05,-0.004268,-0.003974,-0.005144,-1.2e-05,0.0,-0.000265,-1e-05,0.0,-0.001434,-0.004293,-0.008433,-0.004567,0.0,-0.000373,-0.007401,-0.000841,-0.004318,0.0,-0.000783,-0.002004,-7.9e-05,-2.2e-05,-0.004267,-0.004977,0.0,-0.000193,-0.0,-0.002597,-7e-06,-0.004128,-6e-06,-0.002259,-0.008363,-0.000183,-0.000212,-0.005509,-1.3e-05,-2.3e-05,-0.0,-0.000154,-0.004502,-0.005267,0.0,-0.002994,-0.003249,-0.008264,-0.008282,-5e-06,-0.007751,-3.2e-05,-0.00599,-0.002215,0.0,-0.00203,-0.009303,-0.005369,-0.005911,-0.005676,-0.00826,-0.002107,-0.000945,-0.001179,-1.3e-05,-0.000467,-0.003539,-0.004023,-0.005434
2017-05-30 11:55:00+02:00,-0.0,0.0,-0.000277,-0.005097,-0.000248,-6e-05,-0.001304,-0.002189,-0.004915,-8.9e-05,-1.5e-05,-2e-06,-0.005321,-0.005184,-0.002195,-0.006973,-0.000152,-0.0,-8.6e-05,-0.007954,0.0,-0.007815,-0.003612,-6e-06,-0.008044,-0.008096,-0.001963,0.0,-0.001175,-7.1e-05,-1e-05,-0.004577,0.0,-0.004102,-0.004916,-0.0,-0.000715,-0.003352,-0.0,-0.009214,-0.002017,-6e-06,-0.003089,0.0,-0.00022,-0.001855,-0.001969,-0.004096,-0.0026,0.0,-2.6e-05,-0.004271,-0.00398,-0.005194,-9e-06,0.0,-0.000212,-8e-06,0.0,-0.001351,-0.004294,-0.008455,-0.004543,0.0,-0.000298,-0.007413,-0.000792,-0.004316,0.0,-0.000734,-0.001982,-6.3e-05,-1.7e-05,-0.004274,-0.005029,0.0,-0.000155,-0.0,-0.002519,-5e-06,-0.004132,-5e-06,-0.002218,-0.008387,-0.000147,-0.00017,-0.005558,-1.1e-05,-1.8e-05,-0.0,-0.000123,-0.004516,-0.005317,0.0,-0.002988,-0.003179,-0.008294,-0.008313,-4e-06,-0.007745,-2.6e-05,-0.005977,-0.002193,0.0,-0.001989,-0.009383,-0.005419,-0.005861,-0.005658,-0.008292,-0.002064,-0.000917,-0.001149,-1.1e-05,-0.000374,-0.003501,-0.003994,-0.005485
2017-05-30 11:56:00+02:00,-0.0,0.0,-0.000221,-0.005137,-0.000199,-4.8e-05,-0.001301,-0.002195,-0.004956,-7.1e-05,-1.2e-05,-2e-06,-0.005358,-0.005223,-0.002199,-0.007036,-0.000122,-0.0,-6.9e-05,-0.00798,0.0,-0.00784,-0.003622,-5e-06,-0.00811,-0.008185,-0.001966,0.0,-0.001185,-5.7e-05,-8e-06,-0.004613,0.0,-0.004131,-0.004974,-0.0,-0.000695,-0.003358,-0.0,-0.009313,-0.002022,-5e-06,-0.00307,0.0,-0.000176,-0.00187,-0.001984,-0.0041,-0.002603,0.0,-2.1e-05,-0.004281,-0.004019,-0.005231,-8e-06,0.0,-0.00017,-6e-06,0.0,-0.001339,-0.004303,-0.008529,-0.004579,0.0,-0.000239,-0.007485,-0.000785,-0.004324,0.0,-0.000727,-0.001973,-5.1e-05,-1.4e-05,-0.004289,-0.005069,0.0,-0.000124,-0.0,-0.002517,-4e-06,-0.004172,-4e-06,-0.002236,-0.008462,-0.000117,-0.000136,-0.005593,-8e-06,-1.5e-05,-0.0,-9.9e-05,-0.004565,-0.005355,0.0,-0.003014,-0.003177,-0.008388,-0.008407,-3e-06,-0.007797,-2e-05,-0.006025,-0.002184,0.0,-0.001994,-0.009442,-0.005456,-0.005876,-0.005702,-0.008387,-0.00207,-0.000925,-0.001134,-9e-06,-0.00035,-0.003484,-0.004025,-0.005522
2017-05-30 11:57:00+02:00,-0.0,0.0,-0.000177,-0.005158,-0.000159,-3.8e-05,-0.001306,-0.002207,-0.004975,-5.7e-05,-1e-05,-1e-06,-0.005383,-0.005249,-0.002196,-0.007071,-9.7e-05,-0.0,-5.5e-05,-0.007988,0.0,-0.007847,-0.003642,-4e-06,-0.008139,-0.00824,-0.001975,0.0,-0.00119,-4.6e-05,-7e-06,-0.004628,0.0,-0.004142,-0.005006,-0.0,-0.000673,-0.003373,-0.0,-0.009364,-0.002032,-4e-06,-0.003052,0.0,-0.000141,-0.001877,-0.001993,-0.004097,-0.002598,0.0,-1.6e-05,-0.004283,-0.004043,-0.005255,-6e-06,0.0,-0.000136,-5e-06,0.0,-0.00134,-0.004304,-0.008563,-0.004597,0.0,-0.000191,-0.007526,-0.000787,-0.004323,0.0,-0.000728,-0.001963,-4e-05,-1.1e-05,-0.004295,-0.005096,0.0,-9.9e-05,-0.0,-0.002526,-3e-06,-0.004195,-3e-06,-0.002245,-0.008497,-9.4e-05,-0.000109,-0.005616,-7e-06,-1.2e-05,-0.0,-7.9e-05,-0.004595,-0.00538,0.0,-0.00303,-0.003163,-0.008444,-0.008464,-2e-06,-0.007814,-1.6e-05,-0.006051,-0.002174,0.0,-0.002003,-0.009478,-0.00548,-0.00587,-0.005724,-0.008445,-0.002082,-0.000928,-0.001121,-7e-06,-0.000343,-0.003466,-0.004041,-0.005547
2017-05-30 11:58:00+02:00,-0.0,0.0,-0.000142,-0.005132,-0.000127,-3e-05,-0.001307,-0.002214,-0.004967,-4.5e-05,-8e-06,-1e-06,-0.005408,-0.005276,-0.002173,-0.007054,-7.8e-05,-0.0,-4.4e-05,-0.008022,0.0,-0.007881,-0.003651,-3e-06,-0.008121,-0.008236,-0.00198,0.0,-0.001171,-3.6e-05,-5e-06,-0.004619,0.0,-0.004131,-0.005011,-0.0,-0.000622,-0.003379,-0.0,-0.009363,-0.002038,-3e-06,-0.003055,0.0,-0.000113,-0.001843,-0.001976,-0.004111,-0.002572,0.0,-1.3e-05,-0.004302,-0.004037,-0.005281,-5e-06,0.0,-0.000109,-4e-06,0.0,-0.001335,-0.004322,-0.008549,-0.004571,0.0,-0.00016,-0.007512,-0.000784,-0.00434,0.0,-0.000726,-0.001967,-3.2e-05,-9e-06,-0.004318,-0.005123,0.0,-7.9e-05,-0.0,-0.002528,-3e-06,-0.004188,-3e-06,-0.002213,-0.008483,-7.5e-05,-8.7e-05,-0.005639,-5e-06,-9e-06,-0.0,-6.3e-05,-0.004594,-0.005406,0.0,-0.003021,-0.003116,-0.008442,-0.008463,-2e-06,-0.007787,-1.3e-05,-0.006028,-0.002178,0.0,-0.002009,-0.009512,-0.005506,-0.005826,-0.005699,-0.008444,-0.002089,-0.000908,-0.00112,-6e-06,-0.00033,-0.00347,-0.004013,-0.005572
2017-05-30 11:59:00+02:00,-0.0,0.0,-0.000113,-0.004769,-0.000102,-2.4e-05,-0.001225,-0.00208,-0.003987,-3.6e-05,-6e-06,-1e-06,-0.003803,-0.003708,-0.002017,-0.006571,-6.2e-05,-0.0,-3.5e-05,-0.006652,0.0,-0.006626,-0.003428,-2e-06,-0.006554,-0.006641,-0.001859,0.0,-0.001069,-2.9e-05,-4e-06,-0.003879,0.0,-0.003708,-0.003598,-0.0,-0.000539,-0.003166,-0.0,-0.006652,-0.001913,-2e-06,-0.00283,0.0,-9e-05,-0.001677,-0.001824,-0.003849,-0.002391,0.0,-1.1e-05,-0.003879,-0.003765,-0.003708,-4e-06,0.0,-8.7e-05,-3e-06,0.0,-0.001244,-0.003932,-0.006626,-0.004239,0.0,-0.000128,-0.006641,-0.000732,-0.003996,0.0,-0.000677,-0.001826,-2.6e-05,-7e-06,-0.003708,-0.003598,0.0,-6.3e-05,-0.0,-0.002367,-2e-06,-0.003907,-2e-06,-0.002025,-0.006578,-6e-05,-7e-05,-0.003981,-4e-06,-8e-06,-0.0,-5.1e-05,-0.003879,-0.003803,0.0,-0.002808,-0.00288,-0.006655,-0.006657,-1e-06,-0.006652,-1e-05,-0.005606,-0.002025,0.0,-0.001887,-0.006641,-0.003879,-0.005421,-0.005292,-0.006652,-0.001962,-0.000822,-0.001031,-4e-06,-0.000296,-0.003218,-0.003711,-0.003932
2017-05-30 12:00:00+02:00,-0.0,0.0,-9.1e-05,-0.002333,-8.1e-05,-2e-05,-0.00098,-0.001166,-0.001166,-2.9e-05,-5e-06,-1e-06,-0.001166,-0.001166,-0.001166,-0.002333,-5e-05,-0.0,-2.8e-05,-0.002333,0.0,-0.002333,-0.002333,-2e-06,-0.002333,-0.002333,-0.001166,0.0,-0.000855,-2.3e-05,-3e-06,-0.001166,0.0,-0.001166,-0.001166,-0.0,-0.000431,-0.002333,-0.0,-0.002333,-0.001166,-2e-06,-0.002264,0.0,-7.2e-05,-0.001341,-0.001166,-0.001166,-0.001166,0.0,-8e-06,-0.001166,-0.001166,-0.001166,-3e-06,0.0,-7e-05,-3e-06,0.0,-0.000995,-0.001166,-0.002333,-0.002333,0.0,-0.000102,-0.002333,-0.000585,-0.001166,0.0,-0.000541,-0.001166,-2.1e-05,-6e-06,-0.001166,-0.001166,0.0,-5.1e-05,-0.0,-0.001894,-2e-06,-0.001166,-2e-06,-0.00162,-0.002333,-4.8e-05,-5.6e-05,-0.001166,-3e-06,-6e-06,-0.0,-4e-05,-0.001166,-0.001166,0.0,-0.001166,-0.002304,-0.002333,-0.002333,-1e-06,-0.002333,-8e-06,-0.002333,-0.001166,0.0,-0.001166,-0.002333,-0.001166,-0.002333,-0.002333,-0.002333,-0.001166,-0.000658,-0.000825,-4e-06,-0.000237,-0.002333,-0.002333,-0.001166
2017-05-30 12:01:00+02:00,-0.0,0.0,-7.3e-05,-0.001756,-6.5e-05,-1.6e-05,-0.000784,-0.000878,-0.000878,-2.3e-05,-4e-06,-1e-06,-0.000878,-0.000878,-0.000878,-0.001756,-4e-05,-0.0,-2.2e-05,-0.001756,0.0,-0.001756,-0.001756,-2e-06,-0.001756,-0.001756,-0.000878,0.0,-0.000684,-1.9e-05,-3e-06,-0.000878,0.0,-0.000878,-0.000878,-0.0,-0.000345,-0.001756,-0.0,-0.001756,-0.000878,-1e-06,-0.001756,0.0,-5.8e-05,-0.001073,-0.000878,-0.000878,-0.000878,0.0,-7e-06,-0.000878,-0.000878,-0.000878,-2e-06,0.0,-5.6e-05,-2e-06,0.0,-0.000796,-0.000878,-0.001756,-0.001756,0.0,-8.2e-05,-0.001756,-0.000468,-0.000878,0.0,-0.000433,-0.000878,-1.7e-05,-5e-06,-0.000878,-0.000878,0.0,-4.1e-05,-0.0,-0.001515,-1e-06,-0.000878,-1e-06,-0.001296,-0.001756,-3.8e-05,-4.5e-05,-0.000878,-3e-06,-5e-06,-0.0,-3.2e-05,-0.000878,-0.000878,0.0,-0.000878,-0.001756,-0.001756,-0.001756,-1e-06,-0.001756,-7e-06,-0.001756,-0.000878,0.0,-0.000878,-0.001756,-0.000878,-0.001756,-0.001756,-0.001756,-0.000878,-0.000526,-0.00066,-3e-06,-0.000189,-0.001756,-0.001756,-0.000878
2017-05-30 12:02:00+02:00,-0.0,0.0,-5.8e-05,-0.001405,-5.2e-05,-1.2e-05,-0.000627,-0.000702,-0.000702,-1.9e-05,-3e-06,-0.0,-0.000702,-0.000702,-0.000702,-0.001405,-3.2e-05,-0.0,-1.8e-05,-0.001405,0.0,-0.001405,-0.001405,-1e-06,-0.001405,-0.001405,-0.000702,0.0,-0.000547,-1.5e-05,-2e-06,-0.000702,0.0,-0.000702,-0.000702,-0.0,-0.000276,-0.001405,-0.0,-0.001405,-0.000702,-1e-06,-0.001405,0.0,-4.6e-05,-0.000859,-0.000702,-0.000702,-0.000702,0.0,-5e-06,-0.000702,-0.000702,-0.000702,-2e-06,0.0,-4.4e-05,-2e-06,0.0,-0.000637,-0.000702,-0.001405,-0.001405,0.0,-6.5e-05,-0.001405,-0.000375,-0.000702,0.0,-0.000346,-0.000702,-1.3e-05,-4e-06,-0.000702,-0.000702,0.0,-3.2e-05,-0.0,-0.001212,-1e-06,-0.000702,-1e-06,-0.001037,-0.001405,-3.1e-05,-3.6e-05,-0.000702,-2e-06,-4e-06,-0.0,-2.6e-05,-0.000702,-0.000702,0.0,-0.000702,-0.001405,-0.001405,-0.001405,-1e-06,-0.001405,-5e-06,-0.001405,-0.000702,0.0,-0.000702,-0.001405,-0.000702,-0.001405,-0.001405,-0.001405,-0.000702,-0.000421,-0.000528,-2e-06,-0.000151,-0.001405,-0.001405,-0.000702
2017-05-30 12:03:00+02:00,-0.0,0.0,-4.6e-05,-0.001124,-4.2e-05,-1e-05,-0.000502,-0.000562,-0.000562,-1.5e-05,-2e-06,-0.0,-0.000562,-0.000562,-0.000562,-0.001124,-2.5e-05,-0.0,-1.4e-05,-0.001124,0.0,-0.001124,-0.001124,-1e-06,-0.001124,-0.001124,-0.000562,0.0,-0.000438,-1.2e-05,-2e-06,-0.000562,0.0,-0.000562,-0.000562,-0.0,-0.000221,-0.001124,-0.0,-0.001124,-0.000562,-1e-06,-0.001124,0.0,-3.7e-05,-0.000687,-0.000562,-0.000562,-0.000562,0.0,-4e-06,-0.000562,-0.000562,-0.000562,-2e-06,0.0,-3.6e-05,-1e-06,0.0,-0.000509,-0.000562,-0.001124,-0.001124,0.0,-5.2e-05,-0.001124,-0.0003,-0.000562,0.0,-0.000277,-0.000562,-1.1e-05,-3e-06,-0.000562,-0.000562,0.0,-2.6e-05,-0.0,-0.000969,-1e-06,-0.000562,-1e-06,-0.00083,-0.001124,-2.5e-05,-2.8e-05,-0.000562,-2e-06,-3e-06,-0.0,-2.1e-05,-0.000562,-0.000562,0.0,-0.000562,-0.001124,-0.001124,-0.001124,-1e-06,-0.001124,-4e-06,-0.001124,-0.000562,0.0,-0.000562,-0.001124,-0.000562,-0.001124,-0.001124,-0.001124,-0.000562,-0.000337,-0.000422,-2e-06,-0.000121,-0.001124,-0.001124,-0.000562
2017-05-30 12:04:00+02:00,-0.0,0.0,-3.7e-05,-0.000899,-3.3e-05,-8e-06,-0.000401,-0.000449,-0.000449,-1.2e-05,-2e-06,-0.0,-0.000449,-0.000449,-0.000449,-0.000899,-2e-05,-0.0,-1.2e-05,-0.000899,0.0,-0.000899,-0.000899,-1e-06,-0.000899,-0.000899,-0.000449,0.0,-0.00035,-1e-05,-1e-06,-0.000449,0.0,-0.000449,-0.000449,-0.0,-0.000176,-0.000899,-0.0,-0.000899,-0.000449,-1e-06,-0.000899,0.0,-3e-05,-0.000549,-0.000449,-0.000449,-0.000449,0.0,-3e-06,-0.000449,-0.000449,-0.000449,-1e-06,0.0,-2.8e-05,-1e-06,0.0,-0.000407,-0.000449,-0.000899,-0.000899,0.0,-4.2e-05,-0.000899,-0.00024,-0.000449,0.0,-0.000222,-0.000449,-8e-06,-2e-06,-0.000449,-0.000449,0.0,-2.1e-05,-0.0,-0.000776,-1e-06,-0.000449,-1e-06,-0.000664,-0.000899,-2e-05,-2.3e-05,-0.000449,-1e-06,-2e-06,-0.0,-1.7e-05,-0.000449,-0.000449,0.0,-0.000449,-0.000899,-0.000899,-0.000899,-0.0,-0.000899,-3e-06,-0.000899,-0.000449,0.0,-0.000449,-0.000899,-0.000449,-0.000899,-0.000899,-0.000899,-0.000449,-0.000269,-0.000338,-1e-06,-9.7e-05,-0.000899,-0.000899,-0.000449
2017-05-30 12:05:00+02:00,-0.0,0.0,-3e-05,-0.000719,-2.7e-05,-6e-06,-0.000321,-0.00036,-0.00036,-1e-05,-2e-06,-0.0,-0.00036,-0.00036,-0.00036,-0.000719,-1.6e-05,-0.0,-9e-06,-0.000719,0.0,-0.000719,-0.000719,-1e-06,-0.000719,-0.000719,-0.00036,0.0,-0.00028,-8e-06,-1e-06,-0.00036,0.0,-0.00036,-0.00036,-0.0,-0.000141,-0.000719,-0.0,-0.000719,-0.00036,-1e-06,-0.000719,0.0,-2.4e-05,-0.00044,-0.00036,-0.00036,-0.00036,0.0,-3e-06,-0.00036,-0.00036,-0.00036,-1e-06,0.0,-2.3e-05,-1e-06,0.0,-0.000326,-0.00036,-0.000719,-0.000719,0.0,-3.3e-05,-0.000719,-0.000192,-0.00036,0.0,-0.000177,-0.00036,-7e-06,-2e-06,-0.00036,-0.00036,0.0,-1.7e-05,-0.0,-0.00062,-1e-06,-0.00036,-1e-06,-0.000531,-0.000719,-1.6e-05,-1.8e-05,-0.00036,-1e-06,-2e-06,-0.0,-1.3e-05,-0.00036,-0.00036,0.0,-0.00036,-0.000719,-0.000719,-0.000719,-0.0,-0.000719,-3e-06,-0.000719,-0.00036,0.0,-0.00036,-0.000719,-0.00036,-0.000719,-0.000719,-0.000719,-0.00036,-0.000216,-0.00027,-1e-06,-7.8e-05,-0.000719,-0.000719,-0.00036
2017-05-30 12:06:00+02:00,-0.0,0.0,-2.4e-05,-0.000575,-2.1e-05,-5e-06,-0.000257,-0.000288,-0.000288,-8e-06,-1e-06,-0.0,-0.000288,-0.000288,-0.000288,-0.000575,-1.3e-05,-0.0,-7e-06,-0.000575,0.0,-0.000575,-0.000575,-0.0,-0.000575,-0.000575,-0.000288,0.0,-0.000224,-6e-06,-1e-06,-0.000288,0.0,-0.000288,-0.000288,-0.0,-0.000113,-0.000575,-0.0,-0.000575,-0.000288,-0.0,-0.000575,0.0,-1.9e-05,-0.000352,-0.000288,-0.000288,-0.000288,0.0,-2e-06,-0.000288,-0.000288,-0.000288,-1e-06,0.0,-1.8e-05,-1e-06,0.0,-0.000261,-0.000288,-0.000575,-0.000575,0.0,-2.7e-05,-0.000575,-0.000153,-0.000288,0.0,-0.000142,-0.000288,-5e-06,-1e-06,-0.000288,-0.000288,0.0,-1.3e-05,-0.0,-0.000496,-0.0,-0.000288,-0.0,-0.000425,-0.000575,-1.3e-05,-1.5e-05,-0.000288,-1e-06,-2e-06,-0.0,-1.1e-05,-0.000288,-0.000288,0.0,-0.000288,-0.000575,-0.000575,-0.000575,-0.0,-0.000575,-2e-06,-0.000575,-0.000288,0.0,-0.000288,-0.000575,-0.000288,-0.000575,-0.000575,-0.000575,-0.000288,-0.000172,-0.000216,-1e-06,-6.2e-05,-0.000575,-0.000575,-0.000288
2017-05-30 12:07:00+02:00,-0.0,0.0,-1.9e-05,-0.00046,-1.7e-05,-4e-06,-0.000206,-0.00023,-0.00023,-6e-06,-1e-06,-0.0,-0.00023,-0.00023,-0.00023,-0.00046,-1e-05,-0.0,-6e-06,-0.00046,0.0,-0.00046,-0.00046,-0.0,-0.00046,-0.00046,-0.00023,0.0,-0.000179,-5e-06,-1e-06,-0.00023,0.0,-0.00023,-0.00023,-0.0,-9e-05,-0.00046,-0.0,-0.00046,-0.00023,-0.0,-0.00046,0.0,-1.5e-05,-0.000281,-0.00023,-0.00023,-0.00023,0.0,-2e-06,-0.00023,-0.00023,-0.00023,-1e-06,0.0,-1.5e-05,-1e-06,0.0,-0.000209,-0.00023,-0.00046,-0.00046,0.0,-2.1e-05,-0.00046,-0.000123,-0.00023,0.0,-0.000114,-0.00023,-4e-06,-1e-06,-0.00023,-0.00023,0.0,-1.1e-05,-0.0,-0.000397,-0.0,-0.00023,-0.0,-0.00034,-0.00046,-1e-05,-1.2e-05,-0.00023,-1e-06,-1e-06,-0.0,-8e-06,-0.00023,-0.00023,0.0,-0.00023,-0.00046,-0.00046,-0.00046,-0.0,-0.00046,-2e-06,-0.00046,-0.00023,0.0,-0.00023,-0.00046,-0.00023,-0.00046,-0.00046,-0.00046,-0.00023,-0.000138,-0.000173,-1e-06,-5e-05,-0.00046,-0.00046,-0.00023
2017-05-30 12:08:00+02:00,-0.0,0.0,-1.5e-05,-0.000368,-1.4e-05,-3e-06,-0.000164,-0.000184,-0.000184,-5e-06,-1e-06,-0.0,-0.000184,-0.000184,-0.000184,-0.000368,-8e-06,-0.0,-5e-06,-0.000368,0.0,-0.000368,-0.000368,-0.0,-0.000368,-0.000368,-0.000184,0.0,-0.000144,-4e-06,-1e-06,-0.000184,0.0,-0.000184,-0.000184,-0.0,-7.2e-05,-0.000368,-0.0,-0.000368,-0.000184,-0.0,-0.000368,0.0,-1.2e-05,-0.000225,-0.000184,-0.000184,-0.000184,0.0,-1e-06,-0.000184,-0.000184,-0.000184,-1e-06,0.0,-1.2e-05,-0.0,0.0,-0.000167,-0.000184,-0.000368,-0.000368,0.0,-1.7e-05,-0.000368,-9.8e-05,-0.000184,0.0,-9.1e-05,-0.000184,-3e-06,-1e-06,-0.000184,-0.000184,0.0,-8e-06,-0.0,-0.000318,-0.0,-0.000184,-0.0,-0.000272,-0.000368,-8e-06,-9e-06,-0.000184,-1e-06,-1e-06,-0.0,-7e-06,-0.000184,-0.000184,0.0,-0.000184,-0.000368,-0.000368,-0.000368,-0.0,-0.000368,-1e-06,-0.000368,-0.000184,0.0,-0.000184,-0.000368,-0.000184,-0.000368,-0.000368,-0.000368,-0.000184,-0.00011,-0.000138,-1e-06,-4e-05,-0.000368,-0.000368,-0.000184
2017-05-30 12:09:00+02:00,-0.0,0.0,-1.2e-05,-0.000295,-1.1e-05,-3e-06,-0.000132,-0.000147,-0.000147,-4e-06,-1e-06,-0.0,-0.000147,-0.000147,-0.000147,-0.000295,-7e-06,-0.0,-4e-06,-0.000295,0.0,-0.000295,-0.000295,-0.0,-0.000295,-0.000295,-0.000147,0.0,-0.000115,-3e-06,-0.0,-0.000147,0.0,-0.000147,-0.000147,-0.0,-5.8e-05,-0.000295,-0.0,-0.000295,-0.000147,-0.0,-0.000295,0.0,-1e-05,-0.00018,-0.000147,-0.000147,-0.000147,0.0,-1e-06,-0.000147,-0.000147,-0.000147,-0.0,0.0,-9e-06,-0.0,0.0,-0.000134,-0.000147,-0.000295,-0.000295,0.0,-1.4e-05,-0.000295,-7.9e-05,-0.000147,0.0,-7.3e-05,-0.000147,-3e-06,-1e-06,-0.000147,-0.000147,0.0,-7e-06,-0.0,-0.000254,-0.0,-0.000147,-0.0,-0.000217,-0.000295,-6e-06,-7e-06,-0.000147,-0.0,-1e-06,-0.0,-5e-06,-0.000147,-0.000147,0.0,-0.000147,-0.000295,-0.000295,-0.000295,-0.0,-0.000295,-1e-06,-0.000295,-0.000147,0.0,-0.000147,-0.000295,-0.000147,-0.000295,-0.000295,-0.000295,-0.000147,-8.8e-05,-0.000111,-0.0,-3.2e-05,-0.000295,-0.000295,-0.000147
2017-05-30 12:10:00+02:00,-0.0,0.0,-1e-05,-0.000236,-9e-06,-2e-06,-0.000105,-0.000118,-0.000118,-3e-06,-1e-06,-0.0,-0.000118,-0.000118,-0.000118,-0.000236,-5e-06,-0.0,-3e-06,-0.000236,0.0,-0.000236,-0.000236,-0.0,-0.000236,-0.000236,-0.000118,0.0,-9.2e-05,-3e-06,-0.0,-0.000118,0.0,-0.000118,-0.000118,-0.0,-4.6e-05,-0.000236,-0.0,-0.000236,-0.000118,-0.0,-0.000236,0.0,-8e-06,-0.000144,-0.000118,-0.000118,-0.000118,0.0,-1e-06,-0.000118,-0.000118,-0.000118,-0.0,0.0,-7e-06,-0.0,0.0,-0.000107,-0.000118,-0.000236,-0.000236,0.0,-1.1e-05,-0.000236,-6.3e-05,-0.000118,0.0,-5.8e-05,-0.000118,-2e-06,-1e-06,-0.000118,-0.000118,0.0,-5e-06,-0.0,-0.000203,-0.0,-0.000118,-0.0,-0.000174,-0.000236,-5e-06,-6e-06,-0.000118,-0.0,-1e-06,-0.0,-4e-06,-0.000118,-0.000118,0.0,-0.000118,-0.000236,-0.000236,-0.000236,-0.0,-0.000236,-1e-06,-0.000236,-0.000118,0.0,-0.000118,-0.000236,-0.000118,-0.000236,-0.000236,-0.000236,-0.000118,-7.1e-05,-8.9e-05,-0.0,-2.5e-05,-0.000236,-0.000236,-0.000118
2017-05-30 12:11:00+02:00,-0.0,0.0,-8e-06,-0.000189,-7e-06,-2e-06,-8.4e-05,-9.4e-05,-9.4e-05,-2e-06,-0.0,-0.0,-9.4e-05,-9.4e-05,-9.4e-05,-0.000189,-4e-06,-0.0,-2e-06,-0.000189,0.0,-0.000189,-0.000189,-0.0,-0.000189,-0.000189,-9.4e-05,0.0,-7.3e-05,-2e-06,-0.0,-9.4e-05,0.0,-9.4e-05,-9.4e-05,-0.0,-3.7e-05,-0.000189,-0.0,-0.000189,-9.4e-05,-0.0,-0.000189,0.0,-6e-06,-0.000115,-9.4e-05,-9.4e-05,-9.4e-05,0.0,-1e-06,-9.4e-05,-9.4e-05,-9.4e-05,-0.0,0.0,-6e-06,-0.0,0.0,-8.5e-05,-9.4e-05,-0.000189,-0.000189,0.0,-9e-06,-0.000189,-5e-05,-9.4e-05,0.0,-4.6e-05,-9.4e-05,-2e-06,-0.0,-9.4e-05,-9.4e-05,0.0,-4e-06,-0.0,-0.000163,-0.0,-9.4e-05,-0.0,-0.000139,-0.000189,-4e-06,-5e-06,-9.4e-05,-0.0,-1e-06,-0.0,-3e-06,-9.4e-05,-9.4e-05,0.0,-9.4e-05,-0.000189,-0.000189,-0.000189,-0.0,-0.000189,-1e-06,-0.000189,-9.4e-05,0.0,-9.4e-05,-0.000189,-9.4e-05,-0.000189,-0.000189,-0.000189,-9.4e-05,-5.7e-05,-7.1e-05,-0.0,-2e-05,-0.000189,-0.000189,-9.4e-05
2017-05-30 12:12:00+02:00,-0.0,0.0,-6e-06,-0.000151,-6e-06,-1e-06,-6.7e-05,-7.5e-05,-7.5e-05,-2e-06,-0.0,-0.0,-7.5e-05,-7.5e-05,-7.5e-05,-0.000151,-3e-06,-0.0,-2e-06,-0.000151,0.0,-0.000151,-0.000151,-0.0,-0.000151,-0.000151,-7.5e-05,0.0,-5.9e-05,-2e-06,-0.0,-7.5e-05,0.0,-7.5e-05,-7.5e-05,-0.0,-3e-05,-0.000151,-0.0,-0.000151,-7.5e-05,-0.0,-0.000151,0.0,-5e-06,-9.2e-05,-7.5e-05,-7.5e-05,-7.5e-05,0.0,-1e-06,-7.5e-05,-7.5e-05,-7.5e-05,-0.0,0.0,-5e-06,-0.0,0.0,-6.8e-05,-7.5e-05,-0.000151,-0.000151,0.0,-7e-06,-0.000151,-4e-05,-7.5e-05,0.0,-3.7e-05,-7.5e-05,-1e-06,-0.0,-7.5e-05,-7.5e-05,0.0,-3e-06,-0.0,-0.00013,-0.0,-7.5e-05,-0.0,-0.000111,-0.000151,-3e-06,-4e-06,-7.5e-05,-0.0,-0.0,-0.0,-3e-06,-7.5e-05,-7.5e-05,0.0,-7.5e-05,-0.000151,-0.000151,-0.000151,-0.0,-0.000151,-1e-06,-0.000151,-7.5e-05,0.0,-7.5e-05,-0.000151,-7.5e-05,-0.000151,-0.000151,-0.000151,-7.5e-05,-4.5e-05,-5.7e-05,-0.0,-1.6e-05,-0.000151,-0.000151,-7.5e-05
2017-05-30 12:13:00+02:00,-0.0,0.0,-5e-06,-0.000121,-4e-06,-1e-06,-5.4e-05,-6e-05,-0.000118,-2e-06,-0.0,-0.0,-0.000159,-0.000144,-6e-05,-0.000121,-3e-06,-0.0,-2e-06,-0.000133,0.0,-0.000131,-0.000121,-0.0,-0.000228,-0.000141,-6e-05,0.0,-4.7e-05,-1e-06,-0.0,-0.000112,0.0,-0.000104,-0.000126,-0.0,-2.4e-05,-0.000121,-0.0,-0.00025,-6e-05,-0.0,-0.000121,0.0,-4e-06,-7.4e-05,-6e-05,-6e-05,-6.4e-05,0.0,-0.0,-6e-05,-6e-05,-0.000157,-0.0,0.0,-4e-06,-0.0,0.0,-5.5e-05,-6e-05,-0.000232,-0.000121,0.0,-6e-06,-0.000123,-3.2e-05,-6e-05,0.0,-3e-05,-6e-05,-1e-06,-0.0,-6.4e-05,-0.000138,0.0,-3e-06,-0.0,-0.000104,-0.0,-6e-05,-0.0,-8.9e-05,-0.000233,-3e-06,-3e-06,-0.000151,-0.0,-0.0,-0.0,-2e-06,-6.7e-05,-0.000153,0.0,-6e-05,-0.000121,-0.000145,-0.000145,-0.0,-0.000213,-0.0,-0.000121,-6e-05,0.0,-6e-05,-0.000307,-0.000156,-0.000163,-0.000121,-0.000145,-6e-05,-3.6e-05,-4.5e-05,-0.0,-1.3e-05,-0.000121,-0.000121,-0.00015
2017-05-30 12:14:00+02:00,-0.0,0.0,-3e-05,-0.000519,-4e-06,-1e-06,-0.000137,-0.000203,-0.000622,-1e-06,-0.0,-0.0,-0.000798,-0.000722,-0.000339,-0.000669,-2e-06,-0.0,-1e-06,-0.000712,0.0,-0.000701,-0.000357,-0.0,-0.001059,-0.000783,-0.000187,0.0,-0.000148,-1e-06,-0.0,-0.000588,0.0,-0.00054,-0.000631,-0.0,-0.000276,-0.000335,-0.0,-0.001173,-0.000191,-0.0,-0.00033,0.0,-3e-06,-0.000236,-0.000215,-0.000352,-0.000379,0.0,-0.0,-0.000369,-0.000377,-0.000782,-0.0,0.0,-3e-06,-0.0,0.0,-0.00014,-0.00037,-0.001093,-0.000475,0.0,-4.3e-05,-0.000708,-8.2e-05,-0.000369,0.0,-7.7e-05,-0.000197,-1e-06,-0.0,-0.000379,-0.000682,0.0,-2e-06,-0.0,-0.000265,-0.0,-0.000387,-0.0,-0.000276,-0.00109,-2e-06,-2e-06,-0.000778,-0.0,-0.0,-0.0,-2e-06,-0.000427,-0.000773,0.0,-0.000298,-0.000555,-0.0008,-0.000803,-0.0,-0.001014,-0.0,-0.000587,-0.000211,0.0,-0.000189,-0.001414,-0.000794,-0.000808,-0.000559,-0.000803,-0.000196,-0.00012,-0.000127,-0.0,-4.6e-05,-0.00036,-0.00043,-0.000773
2017-05-30 12:15:00+02:00,-0.000284,-5.2e-05,-0.001214,-0.001602,-0.001149,-0.000877,-0.000789,-0.000845,-0.001181,-0.000619,-0.000444,-0.000314,-0.001303,-0.001231,-0.000912,-0.001727,-0.001029,-0.000478,-0.000923,-0.001761,-3.1e-05,-0.001752,-0.001475,-0.000574,-0.002032,-0.001818,-0.000829,-7.5e-05,-0.000802,-0.000563,-0.000382,-0.001143,-1.9e-05,-0.001085,-0.001145,-0.000495,-0.001412,-0.00146,-0.000433,-0.00213,-0.000831,-0.000574,-0.001454,-0.000127,-0.001118,-0.00138,-0.000851,-0.000964,-0.000987,-7.9e-05,-0.000476,-0.000968,-0.000966,-0.001279,-0.00036,-5e-05,-0.001122,-0.000616,-4.1e-05,-0.001304,-0.000974,-0.002065,-0.001569,-0.000133,-0.00122,-0.001758,-0.000745,-0.000978,-2.9e-05,-0.000743,-0.000836,-0.000571,-0.000483,-0.000957,-0.001186,-4.8e-05,-0.001081,-0.000525,-0.001403,-0.00057,-0.000987,-0.000555,-0.00141,-0.002059,-0.001012,-0.00106,-0.001302,-0.000385,-0.00047,-0.000303,-0.000635,-0.001014,-0.001282,0.0,-0.000879,-0.001635,-0.001832,-0.001834,-0.000544,-0.002003,-0.000499,-0.001661,-0.000851,-8.1e-05,-0.000833,-0.002323,-0.001308,-0.001838,-0.001639,-0.001834,-0.000835,-0.00078,-0.000784,-0.000642,-0.001229,-0.001479,-0.001536,-0.001296
2017-05-30 12:16:00+02:00,-0.000227,-4.2e-05,-0.001096,-0.001772,-0.000985,-0.000702,-0.000752,-0.000851,-0.001443,-0.000526,-0.000355,-0.000251,-0.001612,-0.001545,-0.001017,-0.002005,-0.00086,-0.000383,-0.000739,-0.002105,-2.5e-05,-0.002091,-0.001481,-0.000459,-0.002477,-0.002167,-0.000821,-6e-05,-0.000798,-0.000459,-0.000306,-0.001386,-1.5e-05,-0.001304,-0.00142,-0.000396,-0.001412,-0.001443,-0.000346,-0.002641,-0.000827,-0.000459,-0.001498,-0.000101,-0.000945,-0.001366,-0.000888,-0.001125,-0.001111,-6.3e-05,-0.000381,-0.001145,-0.001125,-0.001583,-0.000288,-4e-05,-0.000984,-0.000493,-3.2e-05,-0.0012,-0.001151,-0.00253,-0.001704,-0.000107,-0.001112,-0.002064,-0.000686,-0.001153,-2.3e-05,-0.000682,-0.000872,-0.000466,-0.000386,-0.00114,-0.001493,-3.9e-05,-0.000918,-0.00042,-0.001351,-0.000456,-0.001151,-0.000444,-0.001415,-0.002527,-0.00081,-0.000901,-0.001625,-0.000308,-0.000376,-0.000242,-0.000534,-0.001203,-0.001596,0.0,-0.000983,-0.001774,-0.002189,-0.002192,-0.000435,-0.002416,-0.000399,-0.001879,-0.000899,-6.5e-05,-0.000826,-0.002874,-0.001624,-0.002134,-0.001834,-0.002193,-0.000836,-0.000763,-0.000775,-0.000513,-0.001082,-0.001546,-0.001635,-0.001619
2017-05-30 12:17:00+02:00,-0.000182,-3.3e-05,-0.000876,-0.001518,-0.000788,-0.000562,-0.000601,-0.000692,-0.001293,-0.00042,-0.000284,-0.000201,-0.001352,-0.001343,-0.000878,-0.00176,-0.000688,-0.000306,-0.000591,-0.001878,-2e-05,-0.001865,-0.001205,-0.000367,-0.002244,-0.001928,-0.000661,-4.8e-05,-0.000642,-0.000367,-0.000245,-0.00124,-1.2e-05,-0.001164,-0.001286,-0.000317,-0.001148,-0.001164,-0.000277,-0.002407,-0.000668,-0.000367,-0.001241,-8.1e-05,-0.000756,-0.001097,-0.000734,-0.000984,-0.00096,-5.1e-05,-0.000305,-0.001008,-0.000982,-0.001343,-0.00023,-3.2e-05,-0.000787,-0.000394,-2.6e-05,-0.00096,-0.001012,-0.002295,-0.001446,-8.5e-05,-0.00089,-0.001822,-0.000548,-0.001013,-1.9e-05,-0.000545,-0.000724,-0.000373,-0.000309,-0.001009,-0.001333,-3.1e-05,-0.000734,-0.000336,-0.001081,-0.000365,-0.001005,-0.000355,-0.001147,-0.002293,-0.000648,-0.000721,-0.001363,-0.000246,-0.000301,-0.000194,-0.000427,-0.001059,-0.001352,0.0,-0.000843,-0.001516,-0.001951,-0.001953,-0.000348,-0.002176,-0.000319,-0.001629,-0.00075,-5.2e-05,-0.000666,-0.002598,-0.001358,-0.001887,-0.001581,-0.001954,-0.000678,-0.000611,-0.000624,-0.000411,-0.000865,-0.00129,-0.001373,-0.001363
2017-05-30 12:18:00+02:00,-0.000145,-2.7e-05,-0.000701,-0.001214,-0.00063,-0.000449,-0.000481,-0.000554,-0.001035,-0.000336,-0.000227,-0.000161,-0.001082,-0.001075,-0.000702,-0.001408,-0.00055,-0.000245,-0.000473,-0.001503,-1.6e-05,-0.001492,-0.000964,-0.000294,-0.001795,-0.001542,-0.000529,-3.8e-05,-0.000514,-0.000294,-0.000196,-0.000992,-1e-05,-0.000931,-0.001029,-0.000253,-0.000919,-0.000931,-0.000222,-0.001926,-0.000534,-0.000294,-0.000993,-6.5e-05,-0.000605,-0.000877,-0.000587,-0.000788,-0.000768,-4e-05,-0.000244,-0.000807,-0.000786,-0.001075,-0.000184,-2.6e-05,-0.00063,-0.000315,-2.1e-05,-0.000768,-0.00081,-0.001836,-0.001157,-6.8e-05,-0.000712,-0.001458,-0.000439,-0.00081,-1.5e-05,-0.000436,-0.000579,-0.000298,-0.000247,-0.000807,-0.001066,-2.5e-05,-0.000587,-0.000269,-0.000865,-0.000292,-0.000804,-0.000284,-0.000918,-0.001835,-0.000518,-0.000577,-0.001091,-0.000197,-0.000241,-0.000155,-0.000342,-0.000847,-0.001082,0.0,-0.000675,-0.001212,-0.00156,-0.001563,-0.000279,-0.001741,-0.000256,-0.001303,-0.0006,-4.1e-05,-0.000533,-0.002078,-0.001087,-0.00151,-0.001265,-0.001563,-0.000542,-0.000489,-0.000499,-0.000329,-0.000692,-0.001032,-0.001098,-0.001091
2017-05-30 12:19:00+02:00,-0.000116,-2.1e-05,-0.000561,-0.000972,-0.000504,-0.000359,-0.000385,-0.000443,-0.000828,-0.000269,-0.000182,-0.000128,-0.000865,-0.00086,-0.000562,-0.001127,-0.00044,-0.000196,-0.000378,-0.001202,-1.3e-05,-0.001194,-0.000771,-0.000235,-0.001436,-0.001234,-0.000423,-3.1e-05,-0.000411,-0.000235,-0.000157,-0.000794,-8e-06,-0.000745,-0.000823,-0.000203,-0.000735,-0.000745,-0.000177,-0.001541,-0.000427,-0.000235,-0.000794,-5.2e-05,-0.000484,-0.000702,-0.00047,-0.00063,-0.000614,-3.2e-05,-0.000195,-0.000645,-0.000629,-0.00086,-0.000147,-2e-05,-0.000504,-0.000252,-1.7e-05,-0.000614,-0.000648,-0.001469,-0.000925,-5.5e-05,-0.00057,-0.001166,-0.000351,-0.000648,-1.2e-05,-0.000349,-0.000463,-0.000239,-0.000198,-0.000646,-0.000853,-2e-05,-0.00047,-0.000215,-0.000692,-0.000234,-0.000643,-0.000227,-0.000734,-0.001468,-0.000415,-0.000461,-0.000873,-0.000157,-0.000193,-0.000124,-0.000273,-0.000678,-0.000865,0.0,-0.00054,-0.00097,-0.001248,-0.00125,-0.000223,-0.001393,-0.000204,-0.001042,-0.00048,-3.3e-05,-0.000426,-0.001663,-0.000869,-0.001208,-0.001012,-0.001251,-0.000434,-0.000391,-0.000399,-0.000263,-0.000554,-0.000826,-0.000878,-0.000873
2017-05-30 12:20:00+02:00,-9.3e-05,-1.7e-05,-0.000449,-0.000777,-0.000403,-0.000288,-0.000308,-0.000355,-0.000662,-0.000215,-0.000145,-0.000103,-0.000692,-0.000688,-0.000449,-0.000901,-0.000352,-0.000157,-0.000303,-0.000962,-1e-05,-0.000955,-0.000617,-0.000188,-0.001149,-0.000987,-0.000339,-2.4e-05,-0.000329,-0.000188,-0.000125,-0.000635,-6e-06,-0.000596,-0.000659,-0.000162,-0.000588,-0.000596,-0.000142,-0.001233,-0.000342,-0.000188,-0.000635,-4.1e-05,-0.000387,-0.000561,-0.000376,-0.000504,-0.000491,-2.6e-05,-0.000156,-0.000516,-0.000503,-0.000688,-0.000118,-1.6e-05,-0.000403,-0.000202,-1.3e-05,-0.000491,-0.000518,-0.001175,-0.00074,-4.4e-05,-0.000456,-0.000933,-0.000281,-0.000519,-1e-05,-0.000279,-0.000371,-0.000191,-0.000158,-0.000517,-0.000682,-1.6e-05,-0.000376,-0.000172,-0.000553,-0.000187,-0.000514,-0.000182,-0.000587,-0.001174,-0.000332,-0.000369,-0.000698,-0.000126,-0.000154,-9.9e-05,-0.000219,-0.000542,-0.000692,0.0,-0.000432,-0.000776,-0.000999,-0.001,-0.000178,-0.001114,-0.000164,-0.000834,-0.000384,-2.6e-05,-0.000341,-0.00133,-0.000695,-0.000966,-0.000809,-0.001001,-0.000347,-0.000313,-0.00032,-0.00021,-0.000443,-0.000661,-0.000703,-0.000698
2017-05-30 12:21:00+02:00,-7.4e-05,-1.4e-05,-0.000359,-0.000622,-0.000323,-0.00023,-0.000246,-0.000284,-0.00053,-0.000172,-0.000116,-8.2e-05,-0.000554,-0.00055,-0.00036,-0.000721,-0.000282,-0.000125,-0.000242,-0.000769,-8e-06,-0.000764,-0.000494,-0.00015,-0.000919,-0.00079,-0.000271,-2e-05,-0.000263,-0.00015,-0.0001,-0.000508,-5e-06,-0.000477,-0.000527,-0.00013,-0.00047,-0.000477,-0.000114,-0.000986,-0.000273,-0.00015,-0.000508,-3.3e-05,-0.00031,-0.000449,-0.000301,-0.000403,-0.000393,-2.1e-05,-0.000125,-0.000413,-0.000402,-0.00055,-9.4e-05,-1.3e-05,-0.000322,-0.000161,-1.1e-05,-0.000393,-0.000415,-0.00094,-0.000592,-3.5e-05,-0.000365,-0.000746,-0.000225,-0.000415,-8e-06,-0.000223,-0.000297,-0.000153,-0.000127,-0.000413,-0.000546,-1.3e-05,-0.000301,-0.000138,-0.000443,-0.000149,-0.000411,-0.000146,-0.00047,-0.000939,-0.000265,-0.000295,-0.000558,-0.000101,-0.000123,-7.9e-05,-0.000175,-0.000434,-0.000554,0.0,-0.000345,-0.000621,-0.000799,-0.0008,-0.000143,-0.000891,-0.000131,-0.000667,-0.000307,-2.1e-05,-0.000273,-0.001064,-0.000556,-0.000773,-0.000647,-0.0008,-0.000278,-0.00025,-0.000256,-0.000168,-0.000354,-0.000529,-0.000562,-0.000558
2017-05-30 12:22:00+02:00,-5.9e-05,-1.1e-05,-0.000287,-0.000497,-0.000258,-0.000184,-0.000197,-0.000227,-0.000424,-0.000138,-9.3e-05,-6.6e-05,-0.000443,-0.00044,-0.000288,-0.000577,-0.000225,-0.0001,-0.000194,-0.000616,-7e-06,-0.000611,-0.000395,-0.00012,-0.000735,-0.000632,-0.000217,-1.6e-05,-0.00021,-0.00012,-8e-05,-0.000406,-4e-06,-0.000381,-0.000422,-0.000104,-0.000376,-0.000381,-9.1e-05,-0.000789,-0.000219,-0.00012,-0.000407,-2.7e-05,-0.000248,-0.000359,-0.000241,-0.000323,-0.000314,-1.7e-05,-0.0001,-0.00033,-0.000322,-0.00044,-7.5e-05,-1e-05,-0.000258,-0.000129,-8e-06,-0.000314,-0.000332,-0.000752,-0.000474,-2.8e-05,-0.000292,-0.000597,-0.00018,-0.000332,-6e-06,-0.000179,-0.000237,-0.000122,-0.000101,-0.000331,-0.000437,-1e-05,-0.000241,-0.00011,-0.000354,-0.00012,-0.000329,-0.000116,-0.000376,-0.000751,-0.000212,-0.000236,-0.000447,-8.1e-05,-9.9e-05,-6.4e-05,-0.00014,-0.000347,-0.000443,0.0,-0.000276,-0.000497,-0.000639,-0.00064,-0.000114,-0.000713,-0.000105,-0.000534,-0.000246,-1.7e-05,-0.000218,-0.000851,-0.000445,-0.000618,-0.000518,-0.00064,-0.000222,-0.0002,-0.000205,-0.000135,-0.000284,-0.000423,-0.00045,-0.000447
2017-05-30 12:23:00+02:00,-4.8e-05,-9e-06,-0.00023,-0.000398,-0.000206,-0.000147,-0.000158,-0.000182,-0.000339,-0.00011,-7.4e-05,-5.3e-05,-0.000354,-0.000352,-0.00023,-0.000461,-0.00018,-8e-05,-0.000155,-0.000492,-5e-06,-0.000489,-0.000316,-9.6e-05,-0.000588,-0.000505,-0.000173,-1.3e-05,-0.000168,-9.6e-05,-6.4e-05,-0.000325,-3e-06,-0.000305,-0.000337,-8.3e-05,-0.000301,-0.000305,-7.3e-05,-0.000631,-0.000175,-9.6e-05,-0.000325,-2.1e-05,-0.000198,-0.000287,-0.000192,-0.000258,-0.000252,-1.3e-05,-8e-05,-0.000264,-0.000257,-0.000352,-6e-05,-8e-06,-0.000206,-0.000103,-7e-06,-0.000252,-0.000265,-0.000602,-0.000379,-2.2e-05,-0.000233,-0.000478,-0.000144,-0.000266,-5e-06,-0.000143,-0.00019,-9.8e-05,-8.1e-05,-0.000265,-0.000349,-8e-06,-0.000192,-8.8e-05,-0.000283,-9.6e-05,-0.000263,-9.3e-05,-0.000301,-0.000601,-0.00017,-0.000189,-0.000357,-6.5e-05,-7.9e-05,-5.1e-05,-0.000112,-0.000278,-0.000354,0.0,-0.000221,-0.000397,-0.000511,-0.000512,-9.1e-05,-0.00057,-8.4e-05,-0.000427,-0.000197,-1.4e-05,-0.000175,-0.000681,-0.000356,-0.000495,-0.000414,-0.000512,-0.000178,-0.00016,-0.000164,-0.000108,-0.000227,-0.000338,-0.00036,-0.000357
2017-05-30 12:24:00+02:00,-3.8e-05,-7e-06,-0.000184,-0.000318,-0.000165,-0.000118,-0.000126,-0.000145,-0.000271,-8.8e-05,-6e-05,-4.2e-05,-0.000284,-0.000282,-0.000184,-0.000369,-0.000144,-6.4e-05,-0.000124,-0.000394,-4e-06,-0.000391,-0.000253,-7.7e-05,-0.000471,-0.000404,-0.000139,-1e-05,-0.000135,-7.7e-05,-5.1e-05,-0.00026,-3e-06,-0.000244,-0.00027,-6.6e-05,-0.000241,-0.000244,-5.8e-05,-0.000505,-0.00014,-7.7e-05,-0.00026,-1.7e-05,-0.000158,-0.00023,-0.000154,-0.000206,-0.000201,-1.1e-05,-6.4e-05,-0.000211,-0.000206,-0.000282,-4.8e-05,-7e-06,-0.000165,-8.3e-05,-5e-06,-0.000201,-0.000212,-0.000481,-0.000303,-1.8e-05,-0.000187,-0.000382,-0.000115,-0.000212,-4e-06,-0.000114,-0.000152,-7.8e-05,-6.5e-05,-0.000212,-0.00028,-6e-06,-0.000154,-7.1e-05,-0.000227,-7.7e-05,-0.000211,-7.5e-05,-0.000241,-0.000481,-0.000136,-0.000151,-0.000286,-5.2e-05,-6.3e-05,-4.1e-05,-9e-05,-0.000222,-0.000284,0.0,-0.000177,-0.000318,-0.000409,-0.00041,-7.3e-05,-0.000456,-6.7e-05,-0.000342,-0.000157,-1.1e-05,-0.00014,-0.000545,-0.000285,-0.000396,-0.000332,-0.00041,-0.000142,-0.000128,-0.000131,-8.6e-05,-0.000181,-0.000271,-0.000288,-0.000286
2017-05-30 12:25:00+02:00,-3e-05,-6e-06,-0.000147,-0.000255,-0.000132,-9.4e-05,-0.000101,-0.000116,-0.000236,-7.1e-05,-4.8e-05,-3.4e-05,-0.000269,-0.000259,-0.000147,-0.000295,-0.000115,-5.1e-05,-9.9e-05,-0.000315,-3e-06,-0.000313,-0.000202,-6.2e-05,-0.000413,-0.00033,-0.000111,-8e-06,-0.000108,-6.2e-05,-4.1e-05,-0.000223,-2e-06,-0.000204,-0.000239,-5.3e-05,-0.000193,-0.000195,-4.6e-05,-0.00045,-0.000112,-6.2e-05,-0.000208,-1.4e-05,-0.000127,-0.000184,-0.000123,-0.000165,-0.000161,-8e-06,-5.1e-05,-0.000169,-0.000165,-0.000267,-3.9e-05,-5e-06,-0.000132,-6.6e-05,-4e-06,-0.000161,-0.00017,-0.000419,-0.000243,-1.4e-05,-0.000149,-0.000306,-9.2e-05,-0.00017,-3e-06,-9.1e-05,-0.000121,-6.3e-05,-5.2e-05,-0.000169,-0.000254,-5e-06,-0.000123,-5.6e-05,-0.000181,-6.1e-05,-0.000169,-6e-05,-0.000192,-0.00042,-0.000109,-0.000121,-0.000266,-4.1e-05,-5e-05,-3.3e-05,-7.2e-05,-0.000178,-0.000266,0.0,-0.000141,-0.000254,-0.000337,-0.000338,-5.8e-05,-0.000389,-5.4e-05,-0.000273,-0.000126,-9e-06,-0.000112,-0.000516,-0.000268,-0.000317,-0.000265,-0.000338,-0.000114,-0.000102,-0.000105,-6.9e-05,-0.000145,-0.000216,-0.00023,-0.000266
2017-05-30 12:26:00+02:00,-2.4e-05,-4e-06,-0.000118,-0.000204,-0.000106,-7.5e-05,-8.1e-05,-9.3e-05,-0.00023,-5.6e-05,-3.8e-05,-2.7e-05,-0.000282,-0.000264,-0.000118,-0.000248,-9.2e-05,-4.1e-05,-7.9e-05,-0.000294,-3e-06,-0.000291,-0.000162,-4.9e-05,-0.000408,-0.000303,-8.9e-05,-6e-06,-8.6e-05,-4.9e-05,-3.3e-05,-0.000214,-2e-06,-0.000192,-0.000236,-4.3e-05,-0.000154,-0.000156,-3.7e-05,-0.000449,-9e-05,-4.9e-05,-0.000167,-1.1e-05,-0.000101,-0.000147,-9.9e-05,-0.000141,-0.000129,-7e-06,-4.1e-05,-0.00015,-0.000138,-0.000279,-3.1e-05,-4e-06,-0.000106,-5.3e-05,-3e-06,-0.000129,-0.00015,-0.000411,-0.000194,-1.1e-05,-0.000119,-0.000267,-7.4e-05,-0.00015,-2e-06,-7.3e-05,-9.7e-05,-5e-05,-4.1e-05,-0.000154,-0.000256,-4e-06,-9.9e-05,-4.5e-05,-0.000145,-4.9e-05,-0.000142,-4.8e-05,-0.000154,-0.000412,-8.7e-05,-9.7e-05,-0.000274,-3.3e-05,-4e-05,-2.6e-05,-5.7e-05,-0.000159,-0.000275,0.0,-0.000113,-0.000203,-0.000312,-0.000313,-4.7e-05,-0.000375,-4.3e-05,-0.000219,-0.000101,-7e-06,-8.9e-05,-0.00054,-0.00028,-0.000274,-0.000212,-0.000314,-9.1e-05,-8.2e-05,-8.4e-05,-5.5e-05,-0.000116,-0.000173,-0.000184,-0.000273
2017-05-30 12:27:00+02:00,-1.9e-05,-4e-06,-9.4e-05,-0.000163,-8.5e-05,-6e-05,-6.5e-05,-7.4e-05,-0.000219,-4.5e-05,-3e-05,-2.2e-05,-0.000285,-0.000262,-9.4e-05,-0.000211,-7.4e-05,-3.3e-05,-6.3e-05,-0.000286,-2e-06,-0.000281,-0.000129,-3.9e-05,-0.000393,-0.000282,-7.1e-05,-5e-06,-6.9e-05,-3.9e-05,-2.6e-05,-0.000201,-1e-06,-0.000177,-0.000228,-3.4e-05,-0.000123,-0.000125,-3e-05,-0.000435,-7.2e-05,-3.9e-05,-0.000133,-9e-06,-8.1e-05,-0.000118,-7.9e-05,-0.000126,-0.000103,-5e-06,-3.3e-05,-0.000139,-0.000117,-0.000282,-2.5e-05,-3e-06,-8.4e-05,-4.2e-05,-3e-06,-0.000103,-0.000138,-0.000392,-0.000155,-9e-06,-9.6e-05,-0.000236,-5.9e-05,-0.000137,-2e-06,-5.9e-05,-7.8e-05,-4e-05,-3.3e-05,-0.000146,-0.000251,-3e-06,-7.9e-05,-3.6e-05,-0.000116,-3.9e-05,-0.000121,-3.8e-05,-0.000123,-0.000394,-7e-05,-7.7e-05,-0.000274,-2.6e-05,-3.2e-05,-2.1e-05,-4.6e-05,-0.000144,-0.000276,0.0,-9.1e-05,-0.000163,-0.000294,-0.000295,-3.7e-05,-0.000353,-3.4e-05,-0.000175,-8.1e-05,-6e-06,-7.2e-05,-0.000546,-0.000282,-0.000229,-0.00017,-0.000295,-7.3e-05,-6.6e-05,-6.7e-05,-4.4e-05,-9.3e-05,-0.000139,-0.000147,-0.000273
2017-05-30 12:28:00+02:00,-1.6e-05,-3e-06,-7.5e-05,-0.00013,-6.8e-05,-4.8e-05,-5.2e-05,-5.9e-05,-0.000212,-3.6e-05,-2.4e-05,-1.7e-05,-0.000289,-0.000261,-7.5e-05,-0.000193,-5.9e-05,-2.6e-05,-5.1e-05,-0.000296,-2e-06,-0.000291,-0.000104,-3.2e-05,-0.000382,-0.000279,-5.7e-05,-4e-06,-5.5e-05,-3.2e-05,-2.1e-05,-0.000192,-1e-06,-0.000165,-0.000221,-2.7e-05,-9.9e-05,-0.0001,-2.4e-05,-0.000425,-5.7e-05,-3.2e-05,-0.000107,-7e-06,-6.5e-05,-9.4e-05,-6.3e-05,-0.000123,-8.2e-05,-4e-06,-2.6e-05,-0.000139,-0.000107,-0.000285,-2e-05,-3e-06,-6.8e-05,-3.4e-05,-2e-06,-8.2e-05,-0.000138,-0.000379,-0.000124,-7e-06,-7.6e-05,-0.000225,-4.7e-05,-0.000136,-2e-06,-4.7e-05,-6.2e-05,-3.2e-05,-2.7e-05,-0.000149,-0.000249,-3e-06,-6.3e-05,-2.9e-05,-9.3e-05,-3.1e-05,-0.000111,-3.1e-05,-9.9e-05,-0.000381,-5.6e-05,-6.2e-05,-0.000275,-2.1e-05,-2.6e-05,-1.7e-05,-3.7e-05,-0.000139,-0.000278,0.0,-7.2e-05,-0.00013,-0.000292,-0.000293,-3e-05,-0.000336,-2.7e-05,-0.000142,-6.4e-05,-4e-06,-5.7e-05,-0.000553,-0.000284,-0.000195,-0.000136,-0.000294,-5.8e-05,-5.2e-05,-5.4e-05,-3.5e-05,-7.4e-05,-0.000111,-0.000118,-0.000273
2017-05-30 12:29:00+02:00,-1.2e-05,-2e-06,-6e-05,-0.000114,-5.4e-05,-3.9e-05,-4.1e-05,-4.8e-05,-0.000237,-2.9e-05,-2e-05,-1.4e-05,-0.000325,-0.000292,-7.1e-05,-0.000207,-4.7e-05,-2.1e-05,-4.1e-05,-0.000341,-1e-06,-0.000334,-8.3e-05,-2.5e-05,-0.00043,-0.000307,-4.5e-05,-3e-06,-4.4e-05,-2.5e-05,-1.7e-05,-0.000215,-1e-06,-0.000185,-0.000247,-2.2e-05,-7.9e-05,-8e-05,-1.9e-05,-0.000475,-4.6e-05,-2.5e-05,-8.5e-05,-6e-06,-5.2e-05,-7.5e-05,-5e-05,-0.000138,-8e-05,-3e-06,-2.1e-05,-0.000158,-0.000114,-0.000321,-1.6e-05,-2e-06,-5.4e-05,-2.7e-05,-2e-06,-6.6e-05,-0.000156,-0.000423,-9.9e-05,-6e-06,-6.1e-05,-0.000244,-3.8e-05,-0.000154,-1e-06,-3.7e-05,-5e-05,-2.6e-05,-2.1e-05,-0.000171,-0.000277,-2e-06,-5e-05,-2.3e-05,-7.4e-05,-2.5e-05,-0.000118,-2.4e-05,-7.9e-05,-0.000426,-4.5e-05,-5e-05,-0.000309,-1.7e-05,-2.1e-05,-1.3e-05,-2.9e-05,-0.000151,-0.000313,0.0,-6.7e-05,-0.000104,-0.000322,-0.000323,-2.4e-05,-0.000378,-2.2e-05,-0.000142,-5.2e-05,-4e-06,-4.6e-05,-0.00062,-0.000321,-0.000216,-0.000127,-0.000324,-4.7e-05,-4.2e-05,-4.3e-05,-2.8e-05,-5.9e-05,-8.9e-05,-9.4e-05,-0.000307
2017-05-30 12:30:00+02:00,-1e-05,-2e-06,-4.8e-05,-0.000145,-4.3e-05,-3.1e-05,-3.3e-05,-3.8e-05,-0.000291,-2.3e-05,-1.6e-05,-1.1e-05,-0.000396,-0.000355,-9.7e-05,-0.000263,-3.8e-05,-1.7e-05,-3.2e-05,-0.000442,-1e-06,-0.000435,-6.6e-05,-2e-05,-0.000533,-0.000373,-3.6e-05,-3e-06,-3.5e-05,-2e-05,-1.3e-05,-0.000267,-1e-06,-0.000234,-0.000302,-1.7e-05,-6.3e-05,-6.4e-05,-1.5e-05,-0.000582,-3.7e-05,-2e-05,-0.000112,-4e-06,-4.2e-05,-6e-05,-4.6e-05,-0.000186,-0.000109,-3e-06,-1.7e-05,-0.000208,-0.000144,-0.000391,-1.3e-05,-2e-06,-4.3e-05,-2.2e-05,-1e-06,-5.3e-05,-0.000207,-0.000524,-0.00012,-5e-06,-4.9e-05,-0.000304,-3e-05,-0.000204,-1e-06,-3e-05,-6.7e-05,-2.1e-05,-1.7e-05,-0.000223,-0.000337,-2e-06,-4e-05,-1.8e-05,-5.9e-05,-2e-05,-0.000147,-2e-05,-6.3e-05,-0.000528,-3.6e-05,-4e-05,-0.000375,-1.4e-05,-1.7e-05,-1.1e-05,-2.3e-05,-0.000185,-0.00038,0.0,-8.6e-05,-0.000138,-0.000389,-0.00039,-1.9e-05,-0.000474,-1.8e-05,-0.000186,-7.2e-05,-3e-06,-3.7e-05,-0.000749,-0.00039,-0.000292,-0.000165,-0.000391,-3.7e-05,-3.4e-05,-4.2e-05,-2.3e-05,-4.8e-05,-0.000124,-0.000102,-0.000374
2017-05-30 12:31:00+02:00,-8e-06,-1e-06,-3.9e-05,-0.000145,-3.5e-05,-2.5e-05,-2.6e-05,-3e-05,-0.000315,-1.8e-05,-1.2e-05,-9e-06,-0.000427,-0.000383,-0.000106,-0.000276,-3e-05,-1.3e-05,-2.6e-05,-0.000424,-1e-06,-0.000416,-5.3e-05,-1.6e-05,-0.000576,-0.000389,-2.9e-05,-2e-06,-2.8e-05,-1.6e-05,-1.1e-05,-0.000289,-1e-06,-0.000255,-0.000326,-1.4e-05,-5.1e-05,-5.1e-05,-1.2e-05,-0.000627,-2.9e-05,-1.6e-05,-9e-05,-4e-06,-3.3e-05,-4.8e-05,-3.7e-05,-0.000175,-0.00012,-2e-06,-1.3e-05,-0.000196,-0.00015,-0.000422,-1e-05,-1e-06,-3.5e-05,-1.7e-05,-1e-06,-4.2e-05,-0.000195,-0.000568,-0.000114,-4e-06,-3.9e-05,-0.000319,-2.4e-05,-0.000192,-1e-06,-2.4e-05,-5.4e-05,-1.6e-05,-1.4e-05,-0.000212,-0.000363,-1e-06,-3.2e-05,-1.5e-05,-4.8e-05,-1.6e-05,-0.000154,-1.6e-05,-5e-05,-0.000571,-2.8e-05,-3.2e-05,-0.000405,-1.1e-05,-1.3e-05,-9e-06,-1.9e-05,-0.000193,-0.00041,0.0,-8.7e-05,-0.000146,-0.000405,-0.000406,-1.5e-05,-0.000516,-1.4e-05,-0.000193,-6e-05,-2e-06,-2.9e-05,-0.000806,-0.000421,-0.000325,-0.000169,-0.000407,-3e-05,-2.7e-05,-3.4e-05,-1.8e-05,-3.8e-05,-0.000101,-8.9e-05,-0.000403
2017-05-30 12:32:00+02:00,-6e-06,-1e-06,-3.1e-05,-0.000116,-2.8e-05,-2e-05,-2.1e-05,-2.4e-05,-0.00028,-1.5e-05,-1e-05,-7e-06,-0.000393,-0.000349,-8.5e-05,-0.000221,-2.4e-05,-1.1e-05,-2.1e-05,-0.000339,-1e-06,-0.000333,-4.2e-05,-1.3e-05,-0.000515,-0.000313,-2.3e-05,-2e-06,-2.3e-05,-1.3e-05,-9e-06,-0.000256,-0.0,-0.000223,-0.000293,-1.1e-05,-4e-05,-4.1e-05,-1e-05,-0.000564,-2.3e-05,-1.3e-05,-7.2e-05,-3e-06,-2.7e-05,-3.9e-05,-3e-05,-0.00014,-9.6e-05,-2e-06,-1.1e-05,-0.000157,-0.00012,-0.000388,-8e-06,-1e-06,-2.8e-05,-1.4e-05,-1e-06,-3.4e-05,-0.000156,-0.000506,-9.1e-05,-3e-06,-3.1e-05,-0.000255,-1.9e-05,-0.000153,-1e-06,-1.9e-05,-4.3e-05,-1.3e-05,-1.1e-05,-0.00017,-0.00033,-1e-06,-2.6e-05,-1.2e-05,-3.8e-05,-1.3e-05,-0.000123,-1.3e-05,-4e-05,-0.00051,-2.3e-05,-2.5e-05,-0.00037,-9e-06,-1.1e-05,-7e-06,-1.5e-05,-0.000154,-0.000376,0.0,-7e-05,-0.000117,-0.000328,-0.00033,-1.2e-05,-0.000456,-1.1e-05,-0.000155,-4.8e-05,-2e-06,-2.3e-05,-0.000741,-0.000386,-0.00027,-0.000136,-0.00033,-2.4e-05,-2.1e-05,-2.7e-05,-1.4e-05,-3e-05,-8e-05,-7.1e-05,-0.000369
2017-05-30 12:33:00+02:00,-5e-06,-1e-06,-2.5e-05,-9.3e-05,-2.2e-05,-1.6e-05,-1.7e-05,-1.9e-05,-0.000224,-1.2e-05,-8e-06,-6e-06,-0.000321,-0.00028,-6.8e-05,-0.000176,-1.9e-05,-9e-06,-1.7e-05,-0.000271,-1e-06,-0.000267,-3.4e-05,-1e-05,-0.000412,-0.000251,-1.9e-05,-1e-06,-1.8e-05,-1e-05,-7e-06,-0.000205,-0.0,-0.000179,-0.000234,-9e-06,-3.2e-05,-3.3e-05,-8e-06,-0.000451,-1.9e-05,-1e-05,-5.7e-05,-2e-06,-2.1e-05,-3.1e-05,-2.4e-05,-0.000112,-7.7e-05,-1e-06,-9e-06,-0.000126,-9.6e-05,-0.000317,-6e-06,-1e-06,-2.2e-05,-1.1e-05,-1e-06,-2.7e-05,-0.000125,-0.000405,-7.3e-05,-2e-06,-2.5e-05,-0.000204,-1.5e-05,-0.000123,-1e-06,-1.5e-05,-3.4e-05,-1e-05,-9e-06,-0.000136,-0.000264,-1e-06,-2.1e-05,-9e-06,-3e-05,-1e-05,-9.9e-05,-1e-05,-3.2e-05,-0.000408,-1.8e-05,-2e-05,-0.0003,-7e-06,-8e-06,-5e-06,-1.2e-05,-0.000123,-0.000306,0.0,-5.6e-05,-9.4e-05,-0.000263,-0.000264,-1e-05,-0.000365,-9e-06,-0.000124,-3.8e-05,-1e-06,-1.9e-05,-0.000605,-0.000315,-0.000216,-0.000108,-0.000264,-1.9e-05,-1.7e-05,-2.1e-05,-1.2e-05,-2.4e-05,-6.4e-05,-5.7e-05,-0.000298
2017-05-30 12:34:00+02:00,-4e-06,-1e-06,-2e-05,-7.4e-05,-1.8e-05,-1.3e-05,-1.4e-05,-1.6e-05,-0.000179,-9e-06,-6e-06,-5e-06,-0.000257,-0.000224,-5.4e-05,-0.000141,-1.5e-05,-7e-06,-1.3e-05,-0.000217,-0.0,-0.000213,-2.7e-05,-8e-06,-0.000329,-0.0002,-1.5e-05,-1e-06,-1.4e-05,-8e-06,-6e-06,-0.000164,-0.0,-0.000143,-0.000187,-7e-06,-2.6e-05,-2.6e-05,-6e-06,-0.000361,-1.5e-05,-8e-06,-4.6e-05,-2e-06,-1.7e-05,-2.5e-05,-1.9e-05,-9e-05,-6.2e-05,-1e-06,-7e-06,-0.0001,-7.7e-05,-0.000253,-5e-06,-1e-06,-1.8e-05,-9e-06,-1e-06,-2.2e-05,-0.0001,-0.000324,-5.8e-05,-2e-06,-2e-05,-0.000163,-1.2e-05,-9.8e-05,-0.0,-1.2e-05,-2.7e-05,-8e-06,-7e-06,-0.000109,-0.000211,-1e-06,-1.7e-05,-8e-06,-2.4e-05,-8e-06,-7.9e-05,-8e-06,-2.6e-05,-0.000326,-1.5e-05,-1.6e-05,-0.00024,-6e-06,-7e-06,-4e-06,-1e-05,-9.9e-05,-0.000245,0.0,-4.5e-05,-7.5e-05,-0.00021,-0.000211,-8e-06,-0.000292,-7e-06,-9.9e-05,-3.1e-05,-1e-06,-1.5e-05,-0.000484,-0.000252,-0.000173,-8.7e-05,-0.000211,-1.5e-05,-1.4e-05,-1.7e-05,-9e-06,-1.9e-05,-5.1e-05,-4.5e-05,-0.000239
2017-05-30 12:35:00+02:00,-3e-06,-1e-06,-1.6e-05,-5.9e-05,-1.4e-05,-1e-05,-1.1e-05,-1.2e-05,-0.000144,-8e-06,-5e-06,-4e-06,-0.000206,-0.000179,-4.3e-05,-0.000113,-1.2e-05,-6e-06,-1.1e-05,-0.000174,-0.0,-0.000171,-2.2e-05,-7e-06,-0.000264,-0.00016,-1.2e-05,-1e-06,-1.2e-05,-7e-06,-4e-06,-0.000131,-0.0,-0.000114,-0.00015,-6e-06,-2.1e-05,-2.1e-05,-5e-06,-0.000289,-1.2e-05,-7e-06,-3.7e-05,-1e-06,-1.4e-05,-2e-05,-1.5e-05,-7.2e-05,-4.9e-05,-1e-06,-5e-06,-8e-05,-6.2e-05,-0.000203,-4e-06,-1e-06,-1.4e-05,-7e-06,-0.0,-1.7e-05,-8e-05,-0.000259,-4.7e-05,-2e-06,-1.6e-05,-0.000131,-1e-05,-7.8e-05,-0.0,-1e-05,-2.2e-05,-7e-06,-6e-06,-8.7e-05,-0.000169,-1e-06,-1.3e-05,-6e-06,-1.9e-05,-7e-06,-6.3e-05,-6e-06,-2.1e-05,-0.000261,-1.2e-05,-1.3e-05,-0.000192,-4e-06,-5e-06,-3e-06,-8e-06,-7.9e-05,-0.000196,0.0,-3.6e-05,-6e-05,-0.000168,-0.000169,-6e-06,-0.000233,-6e-06,-7.9e-05,-2.5e-05,-1e-06,-1.2e-05,-0.000388,-0.000202,-0.000138,-6.9e-05,-0.000169,-1.2e-05,-1.1e-05,-1.4e-05,-7e-06,-1.6e-05,-4.1e-05,-3.6e-05,-0.000191
2017-05-30 12:36:00+02:00,-3e-06,-0.0,-1.3e-05,-4.8e-05,-1.1e-05,-8e-06,-9e-06,-1e-05,-0.000115,-6e-06,-4e-06,-3e-06,-0.000165,-0.000143,-3.5e-05,-9e-05,-1e-05,-4e-06,-9e-06,-0.000139,-0.0,-0.000136,-1.7e-05,-5e-06,-0.000211,-0.000128,-1e-05,-1e-06,-9e-06,-5e-06,-4e-06,-0.000105,-0.0,-9.1e-05,-0.00012,-5e-06,-1.7e-05,-1.7e-05,-4e-06,-0.000231,-1e-05,-5e-06,-2.9e-05,-1e-06,-1.1e-05,-1.6e-05,-1.2e-05,-5.7e-05,-3.9e-05,-1e-06,-4e-06,-6.4e-05,-4.9e-05,-0.000162,-3e-06,-0.0,-1.1e-05,-6e-06,-0.0,-1.4e-05,-6.4e-05,-0.000207,-3.7e-05,-1e-06,-1.3e-05,-0.000104,-8e-06,-6.3e-05,-0.0,-8e-06,-1.8e-05,-5e-06,-4e-06,-7e-05,-0.000135,-0.0,-1.1e-05,-5e-06,-1.6e-05,-5e-06,-5e-05,-5e-06,-1.7e-05,-0.000209,-9e-06,-1e-05,-0.000153,-4e-06,-4e-06,-3e-06,-6e-06,-6.3e-05,-0.000156,0.0,-2.9e-05,-4.8e-05,-0.000134,-0.000135,-5e-06,-0.000187,-5e-06,-6.3e-05,-2e-05,-1e-06,-1e-05,-0.00031,-0.000161,-0.000111,-5.6e-05,-0.000135,-1e-05,-9e-06,-1.1e-05,-6e-06,-1.2e-05,-3.3e-05,-2.9e-05,-0.000153
2017-05-30 12:37:00+02:00,-2e-06,-0.0,-1e-05,-3.8e-05,-9e-06,-6e-06,-7e-06,-8e-06,-9.2e-05,-5e-06,-3e-06,-2e-06,-0.000132,-0.000115,-2.8e-05,-7.2e-05,-8e-06,-4e-06,-7e-06,-0.000111,-0.0,-0.000109,-1.4e-05,-4e-06,-0.000169,-0.000103,-8e-06,-1e-06,-7e-06,-4e-06,-3e-06,-8.4e-05,-0.0,-7.3e-05,-9.6e-05,-4e-06,-1.3e-05,-1.3e-05,-3e-06,-0.000185,-8e-06,-4e-06,-2.4e-05,-1e-06,-9e-06,-1.3e-05,-1e-05,-4.6e-05,-3.2e-05,-1e-06,-4e-06,-5.1e-05,-3.9e-05,-0.00013,-3e-06,-0.0,-9e-06,-5e-06,-0.0,-1.1e-05,-5.1e-05,-0.000166,-3e-05,-1e-06,-1e-05,-8.4e-05,-6e-06,-5e-05,-0.0,-6e-06,-1.4e-05,-4e-06,-4e-06,-5.6e-05,-0.000108,-0.0,-8e-06,-4e-06,-1.2e-05,-4e-06,-4e-05,-4e-06,-1.3e-05,-0.000167,-7e-06,-8e-06,-0.000123,-3e-06,-3e-06,-2e-06,-5e-06,-5.1e-05,-0.000125,0.0,-2.3e-05,-3.8e-05,-0.000108,-0.000108,-4e-06,-0.000149,-4e-06,-5.1e-05,-1.6e-05,-1e-06,-8e-06,-0.000248,-0.000129,-8.9e-05,-4.4e-05,-0.000108,-8e-06,-7e-06,-9e-06,-5e-06,-1e-05,-2.6e-05,-2.3e-05,-0.000122
2017-05-30 12:38:00+02:00,-2e-06,-0.0,-8e-06,-3e-05,-7e-06,-5e-06,-6e-06,-6e-06,-7.4e-05,-4e-06,-3e-06,-2e-06,-0.000105,-9.2e-05,-2.2e-05,-5.8e-05,-6e-06,-3e-06,-5e-06,-8.9e-05,-0.0,-8.7e-05,-1.1e-05,-3e-06,-0.000135,-8.2e-05,-6e-06,-0.0,-6e-06,-3e-06,-2e-06,-6.7e-05,-0.0,-5.9e-05,-7.7e-05,-3e-06,-1.1e-05,-1.1e-05,-3e-06,-0.000148,-6e-06,-3e-06,-1.9e-05,-1e-06,-7e-06,-1e-05,-8e-06,-3.7e-05,-2.5e-05,-0.0,-3e-06,-4.1e-05,-3.1e-05,-0.000104,-2e-06,-0.0,-7e-06,-4e-06,-0.0,-9e-06,-4.1e-05,-0.000133,-2.4e-05,-1e-06,-8e-06,-6.7e-05,-5e-06,-4e-05,-0.0,-5e-06,-1.1e-05,-3e-06,-3e-06,-4.5e-05,-8.6e-05,-0.0,-7e-06,-3e-06,-1e-05,-3e-06,-3.2e-05,-3e-06,-1.1e-05,-0.000134,-6e-06,-7e-06,-9.8e-05,-2e-06,-3e-06,-2e-06,-4e-06,-4e-05,-0.0001,0.0,-1.8e-05,-3.1e-05,-8.6e-05,-8.6e-05,-3e-06,-0.000119,-3e-06,-4.1e-05,-1.3e-05,-0.0,-6e-06,-0.000198,-0.000103,-7.1e-05,-3.6e-05,-8.7e-05,-6e-06,-6e-06,-7e-06,-4e-06,-8e-06,-2.1e-05,-1.9e-05,-9.8e-05
2017-05-30 12:39:00+02:00,-1e-06,-0.0,-6e-06,-2.4e-05,-6e-06,-4e-06,-4e-06,-5e-06,-5.9e-05,-3e-06,-2e-06,-1e-06,-8.4e-05,-7.3e-05,-1.8e-05,-4.6e-05,-5e-06,-2e-06,-4e-06,-7.1e-05,-0.0,-7e-05,-9e-06,-3e-06,-0.000108,-6.6e-05,-5e-06,-0.0,-5e-06,-3e-06,-2e-06,-5.4e-05,-0.0,-4.7e-05,-6.1e-05,-2e-06,-8e-06,-9e-06,-2e-06,-0.000118,-5e-06,-3e-06,-1.5e-05,-1e-06,-6e-06,-8e-06,-6e-06,-2.9e-05,-2e-05,-0.0,-2e-06,-3.3e-05,-2.5e-05,-8.3e-05,-2e-06,-0.0,-6e-06,-3e-06,-0.0,-7e-06,-3.3e-05,-0.000106,-1.9e-05,-1e-06,-7e-06,-5.3e-05,-4e-06,-3.2e-05,-0.0,-4e-06,-9e-06,-3e-06,-2e-06,-3.6e-05,-6.9e-05,-0.0,-5e-06,-2e-06,-8e-06,-3e-06,-2.6e-05,-3e-06,-8e-06,-0.000107,-5e-06,-5e-06,-7.9e-05,-2e-06,-2e-06,-1e-06,-3e-06,-3.2e-05,-8e-05,0.0,-1.5e-05,-2.5e-05,-6.9e-05,-6.9e-05,-3e-06,-9.6e-05,-2e-06,-3.2e-05,-1e-05,-0.0,-5e-06,-0.000159,-8.3e-05,-5.7e-05,-2.8e-05,-6.9e-05,-5e-06,-5e-06,-6e-06,-3e-06,-6e-06,-1.7e-05,-1.5e-05,-7.8e-05
2017-05-30 12:40:00+02:00,-1e-06,-0.0,-5e-06,-1.9e-05,-5e-06,-3e-06,-4e-06,-4e-06,-4.7e-05,-2e-06,-2e-06,-1e-06,-6.7e-05,-5.9e-05,-1.4e-05,-3.7e-05,-4e-06,-2e-06,-3e-06,-5.7e-05,-0.0,-5.6e-05,-7e-06,-2e-06,-8.6e-05,-5.3e-05,-4e-06,-0.0,-4e-06,-2e-06,-1e-06,-4.3e-05,-0.0,-3.7e-05,-4.9e-05,-2e-06,-7e-06,-7e-06,-2e-06,-9.5e-05,-4e-06,-2e-06,-1.2e-05,-0.0,-4e-06,-6e-06,-5e-06,-2.4e-05,-1.6e-05,-0.0,-2e-06,-2.6e-05,-2e-05,-6.6e-05,-1e-06,-0.0,-5e-06,-2e-06,-0.0,-6e-06,-2.6e-05,-8.5e-05,-1.5e-05,-1e-06,-5e-06,-4.3e-05,-3e-06,-2.6e-05,-0.0,-3e-06,-7e-06,-2e-06,-2e-06,-2.9e-05,-5.5e-05,-0.0,-4e-06,-2e-06,-6e-06,-2e-06,-2.1e-05,-2e-06,-7e-06,-8.6e-05,-4e-06,-4e-06,-6.3e-05,-1e-06,-2e-06,-1e-06,-3e-06,-2.6e-05,-6.4e-05,0.0,-1.2e-05,-2e-05,-5.5e-05,-5.5e-05,-2e-06,-7.6e-05,-2e-06,-2.6e-05,-8e-06,-0.0,-4e-06,-0.000127,-6.6e-05,-4.5e-05,-2.3e-05,-5.5e-05,-4e-06,-4e-06,-5e-06,-2e-06,-5e-06,-1.3e-05,-1.2e-05,-6.3e-05
2017-05-30 12:41:00+02:00,-1e-06,-0.0,-4e-06,-1.6e-05,-4e-06,-3e-06,-3e-06,-3e-06,-3.8e-05,-2e-06,-1e-06,-1e-06,-5.4e-05,-4.7e-05,-1.1e-05,-3e-05,-3e-06,-1e-06,-3e-06,-4.6e-05,-0.0,-4.5e-05,-6e-06,-2e-06,-6.9e-05,-4.2e-05,-3e-06,-0.0,-3e-06,-2e-06,-1e-06,-3.4e-05,-0.0,-3e-05,-3.9e-05,-1e-06,-5e-06,-5e-06,-1e-06,-7.6e-05,-3e-06,-2e-06,-1e-05,-0.0,-4e-06,-5e-06,-4e-06,-1.9e-05,-1.3e-05,-0.0,-1e-06,-2.1e-05,-1.6e-05,-5.3e-05,-1e-06,-0.0,-4e-06,-2e-06,-0.0,-5e-06,-2.1e-05,-6.8e-05,-1.2e-05,-0.0,-4e-06,-3.4e-05,-3e-06,-2.1e-05,-0.0,-3e-06,-6e-06,-2e-06,-1e-06,-2.3e-05,-4.4e-05,-0.0,-3e-06,-2e-06,-5e-06,-2e-06,-1.7e-05,-2e-06,-5e-06,-6.8e-05,-3e-06,-3e-06,-5e-05,-1e-06,-1e-06,-1e-06,-2e-06,-2.1e-05,-5.1e-05,0.0,-9e-06,-1.6e-05,-4.4e-05,-4.4e-05,-2e-06,-6.1e-05,-2e-06,-2.1e-05,-6e-06,-0.0,-3e-06,-0.000102,-5.3e-05,-3.6e-05,-1.8e-05,-4.4e-05,-3e-06,-3e-06,-4e-06,-2e-06,-4e-06,-1.1e-05,-1e-05,-5e-05
2017-05-30 12:42:00+02:00,-1e-06,-0.0,-3e-06,-1.2e-05,-3e-06,-2e-06,-2e-06,-3e-06,-3e-05,-2e-06,-1e-06,-1e-06,-4.3e-05,-3.8e-05,-9e-06,-2.4e-05,-3e-06,-1e-06,-2e-06,-3.6e-05,-0.0,-3.6e-05,-5e-06,-1e-06,-5.5e-05,-3.4e-05,-2e-06,-0.0,-2e-06,-1e-06,-1e-06,-2.8e-05,-0.0,-2.4e-05,-3.1e-05,-1e-06,-4e-06,-4e-06,-1e-06,-6.1e-05,-3e-06,-1e-06,-8e-06,-0.0,-3e-06,-4e-06,-3e-06,-1.5e-05,-1e-05,-0.0,-1e-06,-1.7e-05,-1.3e-05,-4.3e-05,-1e-06,-0.0,-3e-06,-1e-06,-0.0,-4e-06,-1.7e-05,-5.4e-05,-1e-05,-0.0,-3e-06,-2.7e-05,-2e-06,-1.6e-05,-0.0,-2e-06,-5e-06,-1e-06,-1e-06,-1.8e-05,-3.5e-05,-0.0,-3e-06,-1e-06,-4e-06,-1e-06,-1.3e-05,-1e-06,-4e-06,-5.5e-05,-2e-06,-3e-06,-4e-05,-1e-06,-1e-06,-1e-06,-2e-06,-1.7e-05,-4.1e-05,0.0,-8e-06,-1.3e-05,-3.5e-05,-3.5e-05,-1e-06,-4.9e-05,-1e-06,-1.7e-05,-5e-06,-0.0,-3e-06,-8.1e-05,-4.2e-05,-2.9e-05,-1.5e-05,-3.5e-05,-3e-06,-2e-06,-3e-06,-2e-06,-3e-06,-9e-06,-8e-06,-4e-05
2017-05-30 12:43:00+02:00,-1e-06,-0.0,-3e-06,-1e-05,-2e-06,-2e-06,-2e-06,-2e-06,-2.4e-05,-1e-06,-1e-06,-1e-06,-3.5e-05,-3e-05,-7e-06,-1.9e-05,-2e-06,-1e-06,-2e-06,-2.9e-05,-0.0,-2.9e-05,-4e-06,-1e-06,-4.4e-05,-2.7e-05,-2e-06,-0.0,-2e-06,-1e-06,-1e-06,-2.2e-05,-0.0,-1.9e-05,-2.5e-05,-1e-06,-3e-06,-4e-06,-1e-06,-4.8e-05,-2e-06,-1e-06,-6e-06,-0.0,-2e-06,-3e-06,-3e-06,-1.2e-05,-8e-06,-0.0,-1e-06,-1.3e-05,-1e-05,-3.4e-05,-1e-06,-0.0,-2e-06,-1e-06,-0.0,-3e-06,-1.3e-05,-4.3e-05,-8e-06,-0.0,-3e-06,-2.2e-05,-2e-06,-1.3e-05,-0.0,-2e-06,-4e-06,-1e-06,-1e-06,-1.5e-05,-2.8e-05,-0.0,-2e-06,-1e-06,-3e-06,-1e-06,-1.1e-05,-1e-06,-3e-06,-4.4e-05,-2e-06,-2e-06,-3.2e-05,-1e-06,-1e-06,-1e-06,-1e-06,-1.3e-05,-3.3e-05,0.0,-6e-06,-1e-05,-2.8e-05,-2.8e-05,-1e-06,-3.9e-05,-1e-06,-1.3e-05,-4e-06,-0.0,-2e-06,-6.5e-05,-3.4e-05,-2.3e-05,-1.2e-05,-2.8e-05,-2e-06,-2e-06,-2e-06,-1e-06,-3e-06,-7e-06,-6e-06,-3.2e-05
2017-05-30 12:44:00+02:00,-0.0,-0.0,-2e-06,-8e-06,-2e-06,-1e-06,-1e-06,-2e-06,-1.9e-05,-1e-06,-1e-06,-0.0,-2.8e-05,-2.4e-05,-6e-06,-1.5e-05,-2e-06,-1e-06,-1e-06,-2.3e-05,-0.0,-2.3e-05,-3e-06,-1e-06,-3.5e-05,-2.2e-05,-2e-06,-0.0,-2e-06,-1e-06,-1e-06,-1.8e-05,-0.0,-1.5e-05,-2e-05,-1e-06,-3e-06,-3e-06,-1e-06,-3.9e-05,-2e-06,-1e-06,-5e-06,-0.0,-2e-06,-3e-06,-2e-06,-1e-05,-7e-06,-0.0,-1e-06,-1.1e-05,-8e-06,-2.7e-05,-1e-06,-0.0,-2e-06,-1e-06,-0.0,-2e-06,-1.1e-05,-3.5e-05,-6e-06,-0.0,-2e-06,-1.8e-05,-1e-06,-1.1e-05,-0.0,-1e-06,-3e-06,-1e-06,-1e-06,-1.2e-05,-2.3e-05,-0.0,-2e-06,-1e-06,-3e-06,-1e-06,-8e-06,-1e-06,-3e-06,-3.5e-05,-2e-06,-2e-06,-2.6e-05,-1e-06,-1e-06,-0.0,-1e-06,-1.1e-05,-2.6e-05,0.0,-5e-06,-8e-06,-2.3e-05,-2.3e-05,-1e-06,-3.1e-05,-1e-06,-1.1e-05,-3e-06,-0.0,-2e-06,-5.2e-05,-2.7e-05,-1.9e-05,-9e-06,-2.3e-05,-2e-06,-1e-06,-2e-06,-1e-06,-2e-06,-6e-06,-5e-06,-2.6e-05
2017-05-30 12:45:00+02:00,-0.0,-0.0,-2e-06,-6e-06,-2e-06,-1e-06,-1e-06,-1e-06,-1.5e-05,-1e-06,-1e-06,-0.0,-2.2e-05,-1.9e-05,-5e-06,-1.2e-05,-1e-06,-1e-06,-1e-06,-1.9e-05,-0.0,-1.8e-05,-2e-06,-1e-06,-2.8e-05,-1.7e-05,-1e-06,-0.0,-1e-06,-1e-06,-0.0,-1.4e-05,-0.0,-1.2e-05,-1.6e-05,-1e-06,-2e-06,-2e-06,-1e-06,-3.1e-05,-1e-06,-1e-06,-4e-06,-0.0,-1e-06,-2e-06,-2e-06,-8e-06,-5e-06,-0.0,-1e-06,-9e-06,-7e-06,-2.2e-05,-0.0,-0.0,-2e-06,-1e-06,-0.0,-2e-06,-9e-06,-2.8e-05,-5e-06,-0.0,-2e-06,-1.4e-05,-1e-06,-8e-06,-0.0,-1e-06,-2e-06,-1e-06,-1e-06,-9e-06,-1.8e-05,-0.0,-1e-06,-1e-06,-2e-06,-1e-06,-7e-06,-1e-06,-2e-06,-2.8e-05,-1e-06,-1e-06,-2.1e-05,-0.0,-1e-06,-0.0,-1e-06,-8e-06,-2.1e-05,0.0,-4e-06,-6e-06,-1.8e-05,-1.8e-05,-1e-06,-2.5e-05,-1e-06,-9e-06,-3e-06,-0.0,-1e-06,-4.2e-05,-2.2e-05,-1.5e-05,-7e-06,-1.8e-05,-1e-06,-1e-06,-1e-06,-1e-06,-2e-06,-4e-06,-4e-06,-2e-05
2017-05-30 12:46:00+02:00,-0.0,-0.0,-1e-06,-5e-06,-1e-06,-1e-06,-1e-06,-1e-06,-1.2e-05,-1e-06,-0.0,-0.0,-1.8e-05,-1.5e-05,-4e-06,-1e-05,-1e-06,-0.0,-1e-06,-1.5e-05,-0.0,-1.5e-05,-2e-06,-1e-06,-2.3e-05,-1.4e-05,-1e-06,-0.0,-1e-06,-1e-06,-0.0,-1.1e-05,-0.0,-1e-05,-1.3e-05,-0.0,-2e-06,-2e-06,-0.0,-2.5e-05,-1e-06,-1e-06,-3e-06,-0.0,-1e-06,-2e-06,-1e-06,-6e-06,-4e-06,-0.0,-0.0,-7e-06,-5e-06,-1.7e-05,-0.0,-0.0,-1e-06,-1e-06,-0.0,-1e-06,-7e-06,-2.2e-05,-4e-06,-0.0,-1e-06,-1.1e-05,-1e-06,-7e-06,-0.0,-1e-06,-2e-06,-1e-06,-0.0,-7e-06,-1.4e-05,-0.0,-1e-06,-1e-06,-2e-06,-1e-06,-5e-06,-1e-06,-2e-06,-2.2e-05,-1e-06,-1e-06,-1.6e-05,-0.0,-0.0,-0.0,-1e-06,-7e-06,-1.7e-05,0.0,-3e-06,-5e-06,-1.4e-05,-1.4e-05,-1e-06,-2e-05,-0.0,-7e-06,-2e-06,-0.0,-1e-06,-3.3e-05,-1.7e-05,-1.2e-05,-6e-06,-1.5e-05,-1e-06,-1e-06,-1e-06,-1e-06,-1e-06,-4e-06,-3e-06,-1.6e-05
2017-05-30 12:47:00+02:00,-0.0,-0.0,-1e-06,-4e-06,-1e-06,-1e-06,-1e-06,-1e-06,-1e-05,-1e-06,-0.0,-0.0,-1.4e-05,-1.2e-05,-3e-06,-8e-06,-1e-06,-0.0,-1e-06,-1.2e-05,-0.0,-1.2e-05,-1e-06,-0.0,-1.8e-05,-1.1e-05,-1e-06,-0.0,-1e-06,-0.0,-0.0,-9e-06,-0.0,-8e-06,-1e-05,-0.0,-1e-06,-1e-06,-0.0,-2e-05,-1e-06,-0.0,-3e-06,-0.0,-1e-06,-1e-06,-1e-06,-5e-06,-3e-06,-0.0,-0.0,-6e-06,-4e-06,-1.4e-05,-0.0,-0.0,-1e-06,-0.0,-0.0,-1e-06,-5e-06,-1.8e-05,-3e-06,-0.0,-1e-06,-9e-06,-1e-06,-5e-06,-0.0,-1e-06,-2e-06,-0.0,-0.0,-6e-06,-1.2e-05,-0.0,-1e-06,-0.0,-1e-06,-0.0,-4e-06,-0.0,-1e-06,-1.8e-05,-1e-06,-1e-06,-1.3e-05,-0.0,-0.0,-0.0,-1e-06,-5e-06,-1.3e-05,0.0,-2e-06,-4e-06,-1.2e-05,-1.2e-05,-0.0,-1.6e-05,-0.0,-5e-06,-2e-06,-0.0,-1e-06,-2.7e-05,-1.4e-05,-1e-05,-5e-06,-1.2e-05,-1e-06,-1e-06,-1e-06,-1e-06,-1e-06,-3e-06,-2e-06,-1.3e-05
2017-05-30 12:48:00+02:00,-0.0,-0.0,-1e-06,-3e-06,-1e-06,-1e-06,-1e-06,-1e-06,-8e-06,-0.0,-0.0,-0.0,-1.1e-05,-1e-05,-2e-06,-6e-06,-1e-06,-0.0,-1e-06,-1e-05,-0.0,-9e-06,-1e-06,-0.0,-1.4e-05,-9e-06,-1e-06,-0.0,-1e-06,-0.0,-0.0,-7e-06,-0.0,-6e-06,-8e-06,-0.0,-1e-06,-1e-06,-0.0,-1.6e-05,-1e-06,-0.0,-2e-06,-0.0,-1e-06,-1e-06,-1e-06,-4e-06,-3e-06,-0.0,-0.0,-4e-06,-3e-06,-1.1e-05,-0.0,-0.0,-1e-06,-0.0,-0.0,-1e-06,-4e-06,-1.4e-05,-3e-06,-0.0,-1e-06,-7e-06,-1e-06,-4e-06,-0.0,-1e-06,-1e-06,-0.0,-0.0,-5e-06,-9e-06,-0.0,-1e-06,-0.0,-1e-06,-0.0,-3e-06,-0.0,-1e-06,-1.4e-05,-1e-06,-1e-06,-1.1e-05,-0.0,-0.0,-0.0,-0.0,-4e-06,-1.1e-05,0.0,-2e-06,-3e-06,-9e-06,-9e-06,-0.0,-1.3e-05,-0.0,-4e-06,-1e-06,-0.0,-1e-06,-2.1e-05,-1.1e-05,-8e-06,-4e-06,-9e-06,-1e-06,-1e-06,-1e-06,-0.0,-1e-06,-2e-06,-2e-06,-1e-05
2017-05-30 12:49:00+02:00,-0.0,-0.0,-1e-06,-3e-06,-1e-06,-0.0,-0.0,-1e-06,-6e-06,-0.0,-0.0,-0.0,-9e-06,-8e-06,-2e-06,-5e-06,-1e-06,-0.0,-0.0,-8e-06,-0.0,-8e-06,-1e-06,-0.0,-1.2e-05,-7e-06,-1e-06,-0.0,-1e-06,-0.0,-0.0,-6e-06,-0.0,-5e-06,-7e-06,-0.0,-1e-06,-1e-06,-0.0,-1.3e-05,-1e-06,-0.0,-2e-06,-0.0,-1e-06,-1e-06,-1e-06,-3e-06,-2e-06,-0.0,-0.0,-4e-06,-3e-06,-9e-06,-0.0,-0.0,-1e-06,-0.0,-0.0,-1e-06,-4e-06,-1.1e-05,-2e-06,-0.0,-1e-06,-6e-06,-0.0,-3e-06,-0.0,-0.0,-1e-06,-0.0,-0.0,-4e-06,-7e-06,-0.0,-1e-06,-0.0,-1e-06,-0.0,-3e-06,-0.0,-1e-06,-1.1e-05,-1e-06,-1e-06,-8e-06,-0.0,-0.0,-0.0,-0.0,-3e-06,-9e-06,0.0,-2e-06,-3e-06,-7e-06,-7e-06,-0.0,-1e-05,-0.0,-3e-06,-1e-06,-0.0,-1e-06,-1.7e-05,-9e-06,-6e-06,-3e-06,-7e-06,-1e-06,-0.0,-1e-06,-0.0,-1e-06,-2e-06,-2e-06,-8e-06
2017-05-30 12:50:00+02:00,-0.0,-0.0,-1e-06,-2e-06,-0.0,-0.0,-0.0,-0.0,-5e-06,-0.0,-0.0,-0.0,-7e-06,-6e-06,-2e-06,-4e-06,-0.0,-0.0,-0.0,-6e-06,-0.0,-6e-06,-1e-06,-0.0,-9e-06,-6e-06,-0.0,-0.0,-0.0,-0.0,-0.0,-5e-06,-0.0,-4e-06,-5e-06,-0.0,-1e-06,-1e-06,-0.0,-1e-05,-0.0,-0.0,-1e-06,-0.0,-0.0,-1e-06,-1e-06,-3e-06,-2e-06,-0.0,-0.0,-3e-06,-2e-06,-7e-06,-0.0,-0.0,-0.0,-0.0,-0.0,-1e-06,-3e-06,-9e-06,-2e-06,-0.0,-1e-06,-5e-06,-0.0,-3e-06,-0.0,-0.0,-1e-06,-0.0,-0.0,-3e-06,-6e-06,-0.0,-0.0,-0.0,-1e-06,-0.0,-2e-06,-0.0,-1e-06,-9e-06,-0.0,-0.0,-7e-06,-0.0,-0.0,-0.0,-0.0,-3e-06,-7e-06,0.0,-1e-06,-2e-06,-6e-06,-6e-06,-0.0,-8e-06,-0.0,-3e-06,-1e-06,-0.0,-0.0,-1.4e-05,-7e-06,-5e-06,-2e-06,-6e-06,-0.0,-0.0,-0.0,-0.0,-1e-06,-1e-06,-1e-06,-7e-06
2017-05-30 12:51:00+02:00,-0.0,-0.0,-0.0,-2e-06,-0.0,-0.0,-0.0,-0.0,-4e-06,-0.0,-0.0,-0.0,-6e-06,-5e-06,-1e-06,-3e-06,-0.0,-0.0,-0.0,-5e-06,-0.0,-5e-06,-1e-06,-0.0,-7e-06,-5e-06,-0.0,-0.0,-0.0,-0.0,-0.0,-4e-06,-0.0,-3e-06,-4e-06,-0.0,-1e-06,-1e-06,-0.0,-8e-06,-0.0,-0.0,-1e-06,-0.0,-0.0,-1e-06,-0.0,-2e-06,-1e-06,-0.0,-0.0,-2e-06,-2e-06,-6e-06,-0.0,-0.0,-0.0,-0.0,-0.0,-0.0,-2e-06,-7e-06,-1e-06,-0.0,-0.0,-4e-06,-0.0,-2e-06,-0.0,-0.0,-1e-06,-0.0,-0.0,-2e-06,-5e-06,-0.0,-0.0,-0.0,-1e-06,-0.0,-2e-06,-0.0,-1e-06,-7e-06,-0.0,-0.0,-5e-06,-0.0,-0.0,-0.0,-0.0,-2e-06,-6e-06,0.0,-1e-06,-2e-06,-5e-06,-5e-06,-0.0,-7e-06,-0.0,-2e-06,-1e-06,-0.0,-0.0,-1.1e-05,-6e-06,-4e-06,-2e-06,-5e-06,-0.0,-0.0,-0.0,-0.0,-0.0,-1e-06,-1e-06,-5e-06
2017-05-30 12:52:00+02:00,-0.0,-0.0,-0.0,-1e-06,-0.0,-0.0,-0.0,-0.0,-3e-06,-0.0,-0.0,-0.0,-5e-06,-4e-06,-1e-06,-3e-06,-0.0,-0.0,-0.0,-4e-06,-0.0,-4e-06,-0.0,-0.0,-6e-06,-4e-06,-0.0,-0.0,-0.0,-0.0,-0.0,-3e-06,-0.0,-3e-06,-3e-06,-0.0,-0.0,-0.0,-0.0,-7e-06,-0.0,-0.0,-1e-06,-0.0,-0.0,-0.0,-0.0,-2e-06,-1e-06,-0.0,-0.0,-2e-06,-1e-06,-5e-06,-0.0,-0.0,-0.0,-0.0,-0.0,-0.0,-2e-06,-6e-06,-1e-06,-0.0,-0.0,-3e-06,-0.0,-2e-06,-0.0,-0.0,-0.0,-0.0,-0.0,-2e-06,-4e-06,-0.0,-0.0,-0.0,-0.0,-0.0,-1e-06,-0.0,-0.0,-6e-06,-0.0,-0.0,-4e-06,-0.0,-0.0,-0.0,-0.0,-2e-06,-4e-06,0.0,-1e-06,-1e-06,-4e-06,-4e-06,-0.0,-5e-06,-0.0,-2e-06,-1e-06,-0.0,-0.0,-9e-06,-5e-06,-3e-06,-2e-06,-4e-06,-0.0,-0.0,-0.0,-0.0,-0.0,-1e-06,-1e-06,-4e-06
2017-05-30 12:53:00+02:00,-0.0,-0.0,-0.0,-1e-06,-0.0,-0.0,-0.0,-0.0,-3e-06,-0.0,-0.0,-0.0,-4e-06,-3e-06,-1e-06,-2e-06,-0.0,-0.0,-0.0,-3e-06,-0.0,-3e-06,-0.0,-0.0,-5e-06,-3e-06,-0.0,-0.0,-0.0,-0.0,-0.0,-2e-06,-0.0,-2e-06,-3e-06,-0.0,-0.0,-0.0,-0.0,-5e-06,-0.0,-0.0,-1e-06,-0.0,-0.0,-0.0,-0.0,-1e-06,-1e-06,-0.0,-0.0,-1e-06,-1e-06,-4e-06,-0.0,-0.0,-0.0,-0.0,-0.0,-0.0,-1e-06,-5e-06,-1e-06,-0.0,-0.0,-2e-06,-0.0,-1e-06,-0.0,-0.0,-0.0,-0.0,-0.0,-2e-06,-3e-06,-0.0,-0.0,-0.0,-0.0,-0.0,-1e-06,-0.0,-0.0,-5e-06,-0.0,-0.0,-3e-06,-0.0,-0.0,-0.0,-0.0,-1e-06,-4e-06,0.0,-1e-06,-1e-06,-3e-06,-3e-06,-0.0,-4e-06,-0.0,-1e-06,-0.0,-0.0,-0.0,-7e-06,-4e-06,-2e-06,-1e-06,-3e-06,-0.0,-0.0,-0.0,-0.0,-0.0,-1e-06,-1e-06,-3e-06
2017-05-30 12:54:00+02:00,-0.0,-0.0,-0.0,-1e-06,-0.0,-0.0,-0.0,-0.0,-2e-06,-0.0,-0.0,-0.0,-3e-06,-3e-06,-1e-06,-2e-06,-0.0,-0.0,-0.0,-3e-06,-0.0,-2e-06,-0.0,-0.0,-4e-06,-2e-06,-0.0,-0.0,-0.0,-0.0,-0.0,-2e-06,-0.0,-2e-06,-2e-06,-0.0,-0.0,-0.0,-0.0,-4e-06,-0.0,-0.0,-1e-06,-0.0,-0.0,-0.0,-0.0,-1e-06,-1e-06,-0.0,-0.0,-1e-06,-1e-06,-3e-06,-0.0,-0.0,-0.0,-0.0,-0.0,-0.0,-1e-06,-4e-06,-1e-06,-0.0,-0.0,-2e-06,-0.0,-1e-06,-0.0,-0.0,-0.0,-0.0,-0.0,-1e-06,-2e-06,-0.0,-0.0,-0.0,-0.0,-0.0,-1e-06,-0.0,-0.0,-4e-06,-0.0,-0.0,-3e-06,-0.0,-0.0,-0.0,-0.0,-1e-06,-3e-06,0.0,-1e-06,-1e-06,-2e-06,-2e-06,-0.0,-3e-06,-0.0,-1e-06,-0.0,-0.0,-0.0,-6e-06,-3e-06,-2e-06,-1e-06,-2e-06,-0.0,-0.0,-0.0,-0.0,-0.0,-1e-06,-1e-06,-3e-06
2017-05-30 12:55:00+02:00,-0.0,-0.0,-0.0,-1e-06,-0.0,-0.0,-0.0,-0.0,-2e-06,-0.0,-0.0,-0.0,-2e-06,-2e-06,-1e-06,-1e-06,-0.0,-0.0,-0.0,-2e-06,-0.0,-2e-06,-0.0,-0.0,-3e-06,-2e-06,-0.0,-0.0,-0.0,-0.0,-0.0,-2e-06,-0.0,-1e-06,-2e-06,-0.0,-0.0,-0.0,-0.0,-3e-06,-0.0,-0.0,-0.0,-0.0,-0.0,-0.0,-0.0,-1e-06,-1e-06,-0.0,-0.0,-1e-06,-1e-06,-2e-06,-0.0,-0.0,-0.0,-0.0,-0.0,-0.0,-1e-06,-3e-06,-1e-06,-0.0,-0.0,-2e-06,-0.0,-1e-06,-0.0,-0.0,-0.0,-0.0,-0.0,-1e-06,-2e-06,-0.0,-0.0,-0.0,-0.0,-0.0,-1e-06,-0.0,-0.0,-3e-06,-0.0,-0.0,-2e-06,-0.0,-0.0,-0.0,-0.0,-1e-06,-2e-06,0.0,-0.0,-1e-06,-2e-06,-2e-06,-0.0,-3e-06,-0.0,-1e-06,-0.0,-0.0,-0.0,-4e-06,-2e-06,-2e-06,-1e-06,-2e-06,-0.0,-0.0,-0.0,-0.0,-0.0,-0.0,-0.0,-2e-06
2017-05-30 12:56:00+02:00,-0.0,-0.0,-0.0,-1e-06,-0.0,-0.0,-0.0,-0.0,-1e-06,-0.0,-0.0,-0.0,-2e-06,-2e-06,-0.0,-1e-06,-0.0,-0.0,-0.0,-2e-06,-0.0,-2e-06,-0.0,-0.0,-2e-06,-1e-06,-0.0,-0.0,-0.0,-0.0,-0.0,-1e-06,-0.0,-1e-06,-1e-06,-0.0,-0.0,-0.0,-0.0,-3e-06,-0.0,-0.0,-0.0,-0.0,-0.0,-0.0,-0.0,-1e-06,-0.0,-0.0,-0.0,-1e-06,-1e-06,-2e-06,-0.0,-0.0,-0.0,-0.0,-0.0,-0.0,-1e-06,-2e-06,-0.0,-0.0,-0.0,-1e-06,-0.0,-1e-06,-0.0,-0.0,-0.0,-0.0,-0.0,-1e-06,-2e-06,-0.0,-0.0,-0.0,-0.0,-0.0,-1e-06,-0.0,-0.0,-2e-06,-0.0,-0.0,-2e-06,-0.0,-0.0,-0.0,-0.0,-1e-06,-2e-06,0.0,-0.0,-1e-06,-2e-06,-2e-06,-0.0,-2e-06,-0.0,-1e-06,-0.0,-0.0,-0.0,-4e-06,-2e-06,-1e-06,-1e-06,-2e-06,-0.0,-0.0,-0.0,-0.0,-0.0,-0.0,-0.0,-2e-06
2017-05-30 12:57:00+02:00,-0.0,-0.0,-0.0,-0.0,-0.0,-0.0,-0.0,-0.0,-1e-06,-0.0,-0.0,-0.0,-2e-06,-1e-06,-0.0,-1e-06,-0.0,-0.0,-0.0,-1e-06,-0.0,-1e-06,-0.0,-0.0,-2e-06,-1e-06,-0.0,-0.0,-0.0,-0.0,-0.0,-1e-06,-0.0,-1e-06,-1e-06,-0.0,-0.0,-0.0,-0.0,-2e-06,-0.0,-0.0,-0.0,-0.0,-0.0,-0.0,-0.0,-1e-06,-0.0,-0.0,-0.0,-1e-06,-0.0,-1e-06,-0.0,-0.0,-0.0,-0.0,-0.0,-0.0,-1e-06,-2e-06,-0.0,-0.0,-0.0,-1e-06,-0.0,-1e-06,-0.0,-0.0,-0.0,-0.0,-0.0,-1e-06,-1e-06,-0.0,-0.0,-0.0,-0.0,-0.0,-0.0,-0.0,-0.0,-2e-06,-0.0,-0.0,-1e-06,-0.0,-0.0,-0.0,-0.0,-1e-06,-1e-06,0.0,-0.0,-0.0,-1e-06,-1e-06,-0.0,-2e-06,-0.0,-1e-06,-0.0,-0.0,-0.0,-3e-06,-1e-06,-1e-06,-1e-06,-1e-06,-0.0,-0.0,-0.0,-0.0,-0.0,-0.0,-0.0,-1e-06
2017-05-30 12:58:00+02:00,-0.0,-0.0,-0.0,-0.0,-0.0,-0.0,-0.0,-0.0,-1e-06,-0.0,-0.0,-0.0,-1e-06,-1e-06,-0.0,-1e-06,-0.0,-0.0,-0.0,-1e-06,-0.0,-1e-06,-0.0,-0.0,-2e-06,-1e-06,-0.0,-0.0,-0.0,-0.0,-0.0,-1e-06,-0.0,-1e-06,-1e-06,-0.0,-0.0,-0.0,-0.0,-2e-06,-0.0,-0.0,-0.0,-0.0,-0.0,-0.0,-0.0,-0.0,-0.0,-0.0,-0.0,-0.0,-0.0,-1e-06,-0.0,-0.0,-0.0,-0.0,-0.0,-0.0,-0.0,-2e-06,-0.0,-0.0,-0.0,-1e-06,-0.0,-0.0,-0.0,-0.0,-0.0,-0.0,-0.0,-1e-06,-1e-06,-0.0,-0.0,-0.0,-0.0,-0.0,-0.0,-0.0,-0.0,-2e-06,-0.0,-0.0,-1e-06,-0.0,-0.0,-0.0,-0.0,-0.0,-1e-06,0.0,-0.0,-0.0,-1e-06,-1e-06,-0.0,-1e-06,-0.0,-0.0,-0.0,-0.0,-0.0,-2e-06,-1e-06,-1e-06,-0.0,-1e-06,-0.0,-0.0,-0.0,-0.0,-0.0,-0.0,-0.0,-1e-06
2017-05-30 12:59:00+02:00,-0.0,-0.0,-0.0,-0.0,-0.0,-0.0,-0.0,-0.0,-1e-06,-0.0,-0.0,-0.0,-1e-06,-1e-06,-0.0,-1e-06,-0.0,-0.0,-0.0,-1e-06,-0.0,-1e-06,-0.0,-0.0,-1e-06,-1e-06,-0.0,-0.0,-0.0,-0.0,-0.0,-1e-06,-0.0,-1e-06,-1e-06,-0.0,-0.0,-0.0,-0.0,-1e-06,-0.0,-0.0,-0.0,-0.0,-0.0,-0.0,-0.0,-0.0,-0.0,-0.0,-0.0,-0.0,-0.0,-1e-06,-0.0,-0.0,-0.0,-0.0,-0.0,-0.0,-0.0,-1e-06,-0.0,-0.0,-0.0,-1e-06,-0.0,-0.0,-0.0,-0.0,-0.0,-0.0,-0.0,-0.0,-1e-06,-0.0,-0.0,-0.0,-0.0,-0.0,-0.0,-0.0,-0.0,-1e-06,-0.0,-0.0,-1e-06,-0.0,-0.0,-0.0,-0.0,-0.0,-1e-06,0.0,-0.0,-0.0,-1e-06,-1e-06,-0.0,-1e-06,-0.0,-0.0,-0.0,-0.0,-0.0,-2e-06,-1e-06,-1e-06,-0.0,-1e-06,-0.0,-0.0,-0.0,-0.0,-0.0,-0.0,-0.0,-1e-06
2017-05-30 13:00:00+02:00,-0.0,-0.0,-0.0,-0.0,-0.0,-0.0,-0.0,-0.0,-0.0,-0.0,-0.0,-0.0,-0.0,-0.0,-0.0,-0.0,-0.0,-0.0,-0.0,-0.0,-0.0,-0.0,-0.0,-0.0,-0.0,-0.0,-0.0,-0.0,-0.0,-0.0,-0.0,-0.0,-0.0,-0.0,-0.0,-0.0,-0.0,-0.0,-0.0,-0.0,-0.0,-0.0,-0.0,-0.0,-0.0,-0.0,-0.0,-0.0,-0.0,-0.0,-0.0,-0.0,-0.0,-0.0,-0.0,-0.0,-0.0,-0.0,-0.0,-0.0,-0.0,-0.0,-0.0,-0.0,-0.0,-0.0,-0.0,-0.0,-0.0,-0.0,-0.0,-0.0,-0.0,-0.0,-0.0,-0.0,-0.0,-0.0,-0.0,-0.0,-0.0,-0.0,-0.0,-0.0,-0.0,-0.0,-0.0,-0.0,-0.0,-0.0,-0.0,-0.0,-0.0,0.0,-0.0,-0.0,-0.0,-0.0,-0.0,-0.0,-0.0,-0.0,-0.0,-0.0,-0.0,-0.0,-0.0,-0.0,-0.0,-0.0,-0.0,-0.0,-0.0,-0.0,-0.0,-0.0,-0.0,-0.0
2017-05-30 13:01:00+02:00,0.0,0.0,0.0,0.0,0.0,0.0,0.0,0.0,0.0,0.0,0.0,0.0,0.0,0.0,0.0,0.0,0.0,0.0,0.0,0.0,0.0,0.0,0.0,0.0,0.0,0.0,0.0,0.0,0.0,0.0,0.0,0.0,0.0,0.0,0.0,0.0,0.0,0.0,0.0,0.0,0.0,0.0,0.0,0.0,0.0,0.0,0.0,0.0,0.0,0.0,0.0,0.0,0.0,0.0,0.0,0.0,0.0,0.0,0.0,0.0,0.0,0.0,0.0,0.0,0.0,0.0,0.0,0.0,0.0,0.0,0.0,0.0,0.0,0.0,0.0,0.0,0.0,0.0,0.0,0.0,0.0,0.0,0.0,0.0,0.0,0.0,0.0,0.0,0.0,0.0,0.0,0.0,0.0,0.0,0.0,0.0,0.0,0.0,0.0,0.0,0.0,0.0,0.0,0.0,0.0,0.0,0.0,0.0,0.0,0.0,0.0,0.0,0.0,0.0,0.0,0.0,0.0,0.0
2017-05-30 13:02:00+02:00,0.0,0.0,0.0,0.0,0.0,0.0,0.0,0.0,0.0,0.0,0.0,0.0,0.0,0.0,0.0,0.0,0.0,0.0,0.0,0.0,0.0,0.0,0.0,0.0,0.0,0.0,0.0,0.0,0.0,0.0,0.0,0.0,0.0,0.0,0.0,0.0,0.0,0.0,0.0,0.0,0.0,0.0,0.0,0.0,0.0,0.0,0.0,0.0,0.0,0.0,0.0,0.0,0.0,0.0,0.0,0.0,0.0,0.0,0.0,0.0,0.0,0.0,0.0,0.0,0.0,0.0,0.0,0.0,0.0,0.0,0.0,0.0,0.0,0.0,0.0,0.0,0.0,0.0,0.0,0.0,0.0,0.0,0.0,0.0,0.0,0.0,0.0,0.0,0.0,0.0,0.0,0.0,0.0,0.0,0.0,0.0,0.0,0.0,0.0,0.0,0.0,0.0,0.0,0.0,0.0,0.0,0.0,0.0,0.0,0.0,0.0,0.0,0.0,0.0,0.0,0.0,0.0,0.0
2017-05-30 13:03:00+02:00,0.0,0.0,0.0,0.0,0.0,0.0,0.0,0.0,0.0,0.0,0.0,0.0,0.0,0.0,0.0,0.0,0.0,0.0,0.0,0.0,0.0,0.0,0.0,0.0,0.0,0.0,0.0,0.0,0.0,0.0,0.0,0.0,0.0,0.0,0.0,0.0,0.0,0.0,0.0,0.0,0.0,0.0,0.0,0.0,0.0,0.0,0.0,0.0,0.0,0.0,0.0,0.0,0.0,0.0,0.0,0.0,0.0,0.0,0.0,0.0,0.0,0.0,0.0,0.0,0.0,0.0,0.0,0.0,0.0,0.0,0.0,0.0,0.0,0.0,0.0,0.0,0.0,0.0,0.0,0.0,0.0,0.0,0.0,0.0,0.0,0.0,0.0,0.0,0.0,0.0,0.0,0.0,0.0,0.0,0.0,0.0,0.0,0.0,0.0,0.0,0.0,0.0,0.0,0.0,0.0,0.0,0.0,0.0,0.0,0.0,0.0,0.0,0.0,0.0,0.0,0.0,0.0,0.0
2017-05-30 13:04:00+02:00,0.0,0.0,0.0,0.0,0.0,0.0,0.0,0.0,0.0,0.0,0.0,0.0,0.0,0.0,0.0,0.0,0.0,0.0,0.0,0.0,0.0,0.0,0.0,0.0,0.0,0.0,0.0,0.0,0.0,0.0,0.0,0.0,0.0,0.0,0.0,0.0,0.0,0.0,0.0,0.0,0.0,0.0,0.0,0.0,0.0,0.0,0.0,0.0,0.0,0.0,0.0,0.0,0.0,0.0,0.0,0.0,0.0,0.0,0.0,0.0,0.0,0.0,0.0,0.0,0.0,0.0,0.0,0.0,0.0,0.0,0.0,0.0,0.0,0.0,0.0,0.0,0.0,0.0,0.0,0.0,0.0,0.0,0.0,0.0,0.0,0.0,0.0,0.0,0.0,0.0,0.0,0.0,0.0,0.0,0.0,0.0,0.0,0.0,0.0,0.0,0.0,0.0,0.0,0.0,0.0,0.0,0.0,0.0,0.0,0.0,0.0,0.0,0.0,0.0,0.0,0.0,0.0,0.0
2017-05-30 13:05:00+02:00,0.0,0.0,0.0,0.0,0.0,0.0,0.0,0.0,0.0,0.0,0.0,0.0,0.0,0.0,0.0,0.0,0.0,0.0,0.0,0.0,0.0,0.0,0.0,0.0,0.0,0.0,0.0,0.0,0.0,0.0,0.0,0.0,0.0,0.0,0.0,0.0,0.0,0.0,0.0,0.0,0.0,0.0,0.0,0.0,0.0,0.0,0.0,0.0,0.0,0.0,0.0,0.0,0.0,0.0,0.0,0.0,0.0,0.0,0.0,0.0,0.0,0.0,0.0,0.0,0.0,0.0,0.0,0.0,0.0,0.0,0.0,0.0,0.0,0.0,0.0,0.0,0.0,0.0,0.0,0.0,0.0,0.0,0.0,0.0,0.0,0.0,0.0,0.0,0.0,0.0,0.0,0.0,0.0,0.0,0.0,0.0,0.0,0.0,0.0,0.0,0.0,0.0,0.0,0.0,0.0,0.0,0.0,0.0,0.0,0.0,0.0,0.0,0.0,0.0,0.0,0.0,0.0,0.0
2017-05-30 13:06:00+02:00,0.0,0.0,0.0,0.0,0.0,0.0,0.0,0.0,0.0,0.0,0.0,0.0,0.0,0.0,0.0,0.0,0.0,0.0,0.0,0.0,0.0,0.0,0.0,0.0,0.0,0.0,0.0,0.0,0.0,0.0,0.0,0.0,0.0,0.0,0.0,0.0,0.0,0.0,0.0,0.0,0.0,0.0,0.0,0.0,0.0,0.0,0.0,0.0,0.0,0.0,0.0,0.0,0.0,0.0,0.0,0.0,0.0,0.0,0.0,0.0,0.0,0.0,0.0,0.0,0.0,0.0,0.0,0.0,0.0,0.0,0.0,0.0,0.0,0.0,0.0,0.0,0.0,0.0,0.0,0.0,0.0,0.0,0.0,0.0,0.0,0.0,0.0,0.0,0.0,0.0,0.0,0.0,0.0,0.0,0.0,0.0,0.0,0.0,0.0,0.0,0.0,0.0,0.0,0.0,0.0,0.0,0.0,0.0,0.0,0.0,0.0,0.0,0.0,0.0,0.0,0.0,0.0,0.0
2017-05-30 13:07:00+02:00,0.0,0.0,0.0,0.0,0.0,0.0,0.0,0.0,0.0,0.0,0.0,0.0,0.0,0.0,0.0,0.0,0.0,0.0,0.0,0.0,0.0,0.0,0.0,0.0,0.0,0.0,0.0,0.0,0.0,0.0,0.0,0.0,0.0,0.0,0.0,0.0,0.0,0.0,0.0,0.0,0.0,0.0,0.0,0.0,0.0,0.0,0.0,0.0,0.0,0.0,0.0,0.0,0.0,0.0,0.0,0.0,0.0,0.0,0.0,0.0,0.0,0.0,0.0,0.0,0.0,0.0,0.0,0.0,0.0,0.0,0.0,0.0,0.0,0.0,0.0,0.0,0.0,0.0,0.0,0.0,0.0,0.0,0.0,0.0,0.0,0.0,0.0,0.0,0.0,0.0,0.0,0.0,0.0,0.0,0.0,0.0,0.0,0.0,0.0,0.0,0.0,0.0,0.0,0.0,0.0,0.0,0.0,0.0,0.0,0.0,0.0,0.0,0.0,0.0,0.0,0.0,0.0,0.0
2017-05-30 13:08:00+02:00,0.0,0.0,0.0,0.0,0.0,0.0,0.0,0.0,0.0,0.0,0.0,0.0,0.0,0.0,0.0,0.0,0.0,0.0,0.0,0.0,0.0,0.0,0.0,0.0,0.0,0.0,0.0,0.0,0.0,0.0,0.0,0.0,0.0,0.0,0.0,0.0,0.0,0.0,0.0,0.0,0.0,0.0,0.0,0.0,0.0,0.0,0.0,0.0,0.0,0.0,0.0,0.0,0.0,0.0,0.0,0.0,0.0,0.0,0.0,0.0,0.0,0.0,0.0,0.0,0.0,0.0,0.0,0.0,0.0,0.0,0.0,0.0,0.0,0.0,0.0,0.0,0.0,0.0,0.0,0.0,0.0,0.0,0.0,0.0,0.0,0.0,0.0,0.0,0.0,0.0,0.0,0.0,0.0,0.0,0.0,0.0,0.0,0.0,0.0,0.0,0.0,0.0,0.0,0.0,0.0,0.0,0.0,0.0,0.0,0.0,0.0,0.0,0.0,0.0,0.0,0.0,0.0,0.0
2017-05-30 13:09:00+02:00,0.0,0.0,0.0,0.0,0.0,0.0,0.0,0.0,0.0,0.0,0.0,0.0,0.0,0.0,0.0,0.0,0.0,0.0,0.0,0.0,0.0,0.0,0.0,0.0,0.0,0.0,0.0,0.0,0.0,0.0,0.0,0.0,0.0,0.0,0.0,0.0,0.0,0.0,0.0,0.0,0.0,0.0,0.0,0.0,0.0,0.0,0.0,0.0,0.0,0.0,0.0,0.0,0.0,0.0,0.0,0.0,0.0,0.0,0.0,0.0,0.0,0.0,0.0,0.0,0.0,0.0,0.0,0.0,0.0,0.0,0.0,0.0,0.0,0.0,0.0,0.0,0.0,0.0,0.0,0.0,0.0,0.0,0.0,0.0,0.0,0.0,0.0,0.0,0.0,0.0,0.0,0.0,0.0,0.0,0.0,0.0,0.0,0.0,0.0,0.0,0.0,0.0,0.0,0.0,0.0,0.0,0.0,0.0,0.0,0.0,0.0,0.0,0.0,0.0,0.0,0.0,0.0,0.0
2017-05-30 13:10:00+02:00,0.0,0.0,0.0,0.0,0.0,0.0,0.0,0.0,0.0,0.0,0.0,0.0,0.0,0.0,0.0,0.0,0.0,0.0,0.0,0.0,0.0,0.0,0.0,0.0,0.0,0.0,0.0,0.0,0.0,0.0,0.0,0.0,0.0,0.0,0.0,0.0,0.0,0.0,0.0,0.0,0.0,0.0,0.0,0.0,0.0,0.0,0.0,0.0,0.0,0.0,0.0,0.0,0.0,0.0,0.0,0.0,0.0,0.0,0.0,0.0,0.0,0.0,0.0,0.0,0.0,0.0,0.0,0.0,0.0,0.0,0.0,0.0,0.0,0.0,0.0,0.0,0.0,0.0,0.0,0.0,0.0,0.0,0.0,0.0,0.0,0.0,0.0,0.0,0.0,0.0,0.0,0.0,0.0,0.0,0.0,0.0,0.0,0.0,0.0,0.0,0.0,0.0,0.0,0.0,0.0,0.0,0.0,0.0,0.0,0.0,0.0,0.0,0.0,0.0,0.0,0.0,0.0,0.0
2017-05-30 13:11:00+02:00,0.0,0.0,0.0,0.0,0.0,0.0,0.0,0.0,0.0,0.0,0.0,0.0,0.0,0.0,0.0,0.0,0.0,0.0,0.0,0.0,0.0,0.0,0.0,0.0,0.0,0.0,0.0,0.0,0.0,0.0,0.0,0.0,0.0,0.0,0.0,0.0,0.0,0.0,0.0,0.0,0.0,0.0,0.0,0.0,0.0,0.0,0.0,0.0,0.0,0.0,0.0,0.0,0.0,0.0,0.0,0.0,0.0,0.0,0.0,0.0,0.0,0.0,0.0,0.0,0.0,0.0,0.0,0.0,0.0,0.0,0.0,0.0,0.0,0.0,0.0,0.0,0.0,0.0,0.0,0.0,0.0,0.0,0.0,0.0,0.0,0.0,0.0,0.0,0.0,0.0,0.0,0.0,0.0,0.0,0.0,0.0,0.0,0.0,0.0,0.0,0.0,0.0,0.0,0.0,0.0,0.0,0.0,0.0,0.0,0.0,0.0,0.0,0.0,0.0,0.0,0.0,0.0,0.0
2017-05-30 13:12:00+02:00,0.0,0.0,0.0,0.0,0.0,0.0,0.0,0.0,0.0,0.0,0.0,0.0,0.0,0.0,0.0,0.0,0.0,0.0,0.0,0.0,0.0,0.0,0.0,0.0,0.0,0.0,0.0,0.0,0.0,0.0,0.0,0.0,0.0,0.0,0.0,0.0,0.0,0.0,0.0,0.0,0.0,0.0,0.0,0.0,0.0,0.0,0.0,0.0,0.0,0.0,0.0,0.0,0.0,0.0,0.0,0.0,0.0,0.0,0.0,0.0,0.0,0.0,0.0,0.0,0.0,0.0,0.0,0.0,0.0,0.0,0.0,0.0,0.0,0.0,0.0,0.0,0.0,0.0,0.0,0.0,0.0,0.0,0.0,0.0,0.0,0.0,0.0,0.0,0.0,0.0,0.0,0.0,0.0,0.0,0.0,0.0,0.0,0.0,0.0,0.0,0.0,0.0,0.0,0.0,0.0,0.0,0.0,0.0,0.0,0.0,0.0,0.0,0.0,0.0,0.0,0.0,0.0,0.0
2017-05-30 13:13:00+02:00,0.0,0.0,0.0,0.0,0.0,0.0,0.0,0.0,0.0,0.0,0.0,0.0,0.0,0.0,0.0,0.0,0.0,0.0,0.0,0.0,0.0,0.0,0.0,0.0,0.0,0.0,0.0,0.0,0.0,0.0,0.0,0.0,0.0,0.0,0.0,0.0,0.0,0.0,0.0,0.0,0.0,0.0,0.0,0.0,0.0,0.0,0.0,0.0,0.0,0.0,0.0,0.0,0.0,0.0,0.0,0.0,0.0,0.0,0.0,0.0,0.0,0.0,0.0,0.0,0.0,0.0,0.0,0.0,0.0,0.0,0.0,0.0,0.0,0.0,0.0,0.0,0.0,0.0,0.0,0.0,0.0,0.0,0.0,0.0,0.0,0.0,0.0,0.0,0.0,0.0,0.0,0.0,0.0,0.0,0.0,0.0,0.0,0.0,0.0,0.0,0.0,0.0,0.0,0.0,0.0,0.0,0.0,0.0,0.0,0.0,0.0,0.0,0.0,0.0,0.0,0.0,0.0,0.0
2017-05-30 13:14:00+02:00,0.0,0.0,0.0,0.0,0.0,0.0,0.0,0.0,0.0,0.0,0.0,0.0,0.0,0.0,0.0,0.0,0.0,0.0,0.0,0.0,0.0,0.0,0.0,0.0,0.0,0.0,0.0,0.0,0.0,0.0,0.0,0.0,0.0,0.0,0.0,0.0,0.0,0.0,0.0,0.0,0.0,0.0,0.0,0.0,0.0,0.0,0.0,0.0,0.0,0.0,0.0,0.0,0.0,0.0,0.0,0.0,0.0,0.0,0.0,0.0,0.0,0.0,0.0,0.0,0.0,0.0,0.0,0.0,0.0,0.0,0.0,0.0,0.0,0.0,0.0,0.0,0.0,0.0,0.0,0.0,0.0,0.0,0.0,0.0,0.0,0.0,0.0,0.0,0.0,0.0,0.0,0.0,0.0,0.0,0.0,0.0,0.0,0.0,0.0,0.0,0.0,0.0,0.0,0.0,0.0,0.0,0.0,0.0,0.0,0.0,0.0,0.0,0.0,0.0,0.0,0.0,0.0,0.0
2017-05-30 13:15:00+02:00,0.0,0.0,0.0,0.0,0.0,0.0,0.0,0.0,0.0,0.0,0.0,0.0,0.0,0.0,0.0,0.0,0.0,0.0,0.0,0.0,0.0,0.0,0.0,0.0,0.0,0.0,0.0,0.0,0.0,0.0,0.0,0.0,0.0,0.0,0.0,0.0,0.0,0.0,0.0,0.0,0.0,0.0,0.0,0.0,0.0,0.0,0.0,0.0,0.0,0.0,0.0,0.0,0.0,0.0,0.0,0.0,0.0,0.0,0.0,0.0,0.0,0.0,0.0,0.0,0.0,0.0,0.0,0.0,0.0,0.0,0.0,0.0,0.0,0.0,0.0,0.0,0.0,0.0,0.0,0.0,0.0,0.0,0.0,0.0,0.0,0.0,0.0,0.0,0.0,0.0,0.0,0.0,0.0,0.0,0.0,0.0,0.0,0.0,0.0,0.0,0.0,0.0,0.0,0.0,0.0,0.0,0.0,0.0,0.0,0.0,0.0,0.0,0.0,0.0,0.0,0.0,0.0,0.0
2017-05-30 13:16:00+02:00,0.0,0.0,0.0,0.0,0.0,0.0,0.0,0.0,0.0,0.0,0.0,0.0,0.0,0.0,0.0,0.0,0.0,0.0,0.0,0.0,0.0,0.0,0.0,0.0,0.0,0.0,0.0,0.0,0.0,0.0,0.0,0.0,0.0,0.0,0.0,0.0,0.0,0.0,0.0,0.0,0.0,0.0,0.0,0.0,0.0,0.0,0.0,0.0,0.0,0.0,0.0,0.0,0.0,0.0,0.0,0.0,0.0,0.0,0.0,0.0,0.0,0.0,0.0,0.0,0.0,0.0,0.0,0.0,0.0,0.0,0.0,0.0,0.0,0.0,0.0,0.0,0.0,0.0,0.0,0.0,0.0,0.0,0.0,0.0,0.0,0.0,0.0,0.0,0.0,0.0,0.0,0.0,0.0,0.0,0.0,0.0,0.0,0.0,0.0,0.0,0.0,0.0,0.0,0.0,0.0,0.0,0.0,0.0,0.0,0.0,0.0,0.0,0.0,0.0,0.0,0.0,0.0,0.0
2017-05-30 13:17:00+02:00,0.0,0.0,0.0,0.0,0.0,0.0,0.0,0.0,0.0,0.0,0.0,0.0,0.0,0.0,0.0,0.0,0.0,0.0,0.0,0.0,0.0,0.0,0.0,0.0,0.0,0.0,0.0,0.0,0.0,0.0,0.0,0.0,0.0,0.0,0.0,0.0,0.0,0.0,0.0,0.0,0.0,0.0,0.0,0.0,0.0,0.0,0.0,0.0,0.0,0.0,0.0,0.0,0.0,0.0,0.0,0.0,0.0,0.0,0.0,0.0,0.0,0.0,0.0,0.0,0.0,0.0,0.0,0.0,0.0,0.0,0.0,0.0,0.0,0.0,0.0,0.0,0.0,0.0,0.0,0.0,0.0,0.0,0.0,0.0,0.0,0.0,0.0,0.0,0.0,0.0,0.0,0.0,0.0,0.0,0.0,0.0,0.0,0.0,0.0,0.0,0.0,0.0,0.0,0.0,0.0,0.0,0.0,0.0,0.0,0.0,0.0,0.0,0.0,0.0,0.0,0.0,0.0,0.0
2017-05-30 13:18:00+02:00,0.0,0.0,0.0,0.0,0.0,0.0,0.0,0.0,0.0,0.0,0.0,0.0,0.0,0.0,0.0,0.0,0.0,0.0,0.0,0.0,0.0,0.0,0.0,0.0,0.0,0.0,0.0,0.0,0.0,0.0,0.0,0.0,0.0,0.0,0.0,0.0,0.0,0.0,0.0,0.0,0.0,0.0,0.0,0.0,0.0,0.0,0.0,0.0,0.0,0.0,0.0,0.0,0.0,0.0,0.0,0.0,0.0,0.0,0.0,0.0,0.0,0.0,0.0,0.0,0.0,0.0,0.0,0.0,0.0,0.0,0.0,0.0,0.0,0.0,0.0,0.0,0.0,0.0,0.0,0.0,0.0,0.0,0.0,0.0,0.0,0.0,0.0,0.0,0.0,0.0,0.0,0.0,0.0,0.0,0.0,0.0,0.0,0.0,0.0,0.0,0.0,0.0,0.0,0.0,0.0,0.0,0.0,0.0,0.0,0.0,0.0,0.0,0.0,0.0,0.0,0.0,0.0,0.0
2017-05-30 13:19:00+02:00,0.0,0.0,0.0,0.0,0.0,0.0,0.0,0.0,0.0,0.0,0.0,0.0,0.0,0.0,0.0,0.0,0.0,0.0,0.0,0.0,0.0,0.0,0.0,0.0,0.0,0.0,0.0,0.0,0.0,0.0,0.0,0.0,0.0,0.0,0.0,0.0,0.0,0.0,0.0,0.0,0.0,0.0,0.0,0.0,0.0,0.0,0.0,0.0,0.0,0.0,0.0,0.0,0.0,0.0,0.0,0.0,0.0,0.0,0.0,0.0,0.0,0.0,0.0,0.0,0.0,0.0,0.0,0.0,0.0,0.0,0.0,0.0,0.0,0.0,0.0,0.0,0.0,0.0,0.0,0.0,0.0,0.0,0.0,0.0,0.0,0.0,0.0,0.0,0.0,0.0,0.0,0.0,0.0,0.0,0.0,0.0,0.0,0.0,0.0,0.0,0.0,0.0,0.0,0.0,0.0,0.0,0.0,0.0,0.0,0.0,0.0,0.0,0.0,0.0,0.0,0.0,0.0,0.0
2017-05-30 13:20:00+02:00,0.0,0.0,0.0,0.0,0.0,0.0,0.0,0.0,0.0,0.0,0.0,0.0,0.0,0.0,0.0,0.0,0.0,0.0,0.0,0.0,0.0,0.0,0.0,0.0,0.0,0.0,0.0,0.0,0.0,0.0,0.0,0.0,0.0,0.0,0.0,0.0,0.0,0.0,0.0,0.0,0.0,0.0,0.0,0.0,0.0,0.0,0.0,0.0,0.0,0.0,0.0,0.0,0.0,0.0,0.0,0.0,0.0,0.0,0.0,0.0,0.0,0.0,0.0,0.0,0.0,0.0,0.0,0.0,0.0,0.0,0.0,0.0,0.0,0.0,0.0,0.0,0.0,0.0,0.0,0.0,0.0,0.0,0.0,0.0,0.0,0.0,0.0,0.0,0.0,0.0,0.0,0.0,0.0,0.0,0.0,0.0,0.0,0.0,0.0,0.0,0.0,0.0,0.0,0.0,0.0,0.0,0.0,0.0,0.0,0.0,0.0,0.0,0.0,0.0,0.0,0.0,0.0,0.0
2017-05-30 13:21:00+02:00,0.0,0.0,0.0,0.0,0.0,0.0,0.0,0.0,0.0,0.0,0.0,0.0,0.0,0.0,0.0,0.0,0.0,0.0,0.0,0.0,0.0,0.0,0.0,0.0,0.0,0.0,0.0,0.0,0.0,0.0,0.0,0.0,0.0,0.0,0.0,0.0,0.0,0.0,0.0,0.0,0.0,0.0,0.0,0.0,0.0,0.0,0.0,0.0,0.0,0.0,0.0,0.0,0.0,0.0,0.0,0.0,0.0,0.0,0.0,0.0,0.0,0.0,0.0,0.0,0.0,0.0,0.0,0.0,0.0,0.0,0.0,0.0,0.0,0.0,0.0,0.0,0.0,0.0,0.0,0.0,0.0,0.0,0.0,0.0,0.0,0.0,0.0,0.0,0.0,0.0,0.0,0.0,0.0,0.0,0.0,0.0,0.0,0.0,0.0,0.0,0.0,0.0,0.0,0.0,0.0,0.0,0.0,0.0,0.0,0.0,0.0,0.0,0.0,0.0,0.0,0.0,0.0,0.0
2017-05-30 13:22:00+02:00,0.0,0.0,0.0,0.0,0.0,0.0,0.0,0.0,0.0,0.0,0.0,0.0,0.0,0.0,0.0,0.0,0.0,0.0,0.0,0.0,0.0,0.0,0.0,0.0,0.0,0.0,0.0,0.0,0.0,0.0,0.0,0.0,0.0,0.0,0.0,0.0,0.0,0.0,0.0,0.0,0.0,0.0,0.0,0.0,0.0,0.0,0.0,0.0,0.0,0.0,0.0,0.0,0.0,0.0,0.0,0.0,0.0,0.0,0.0,0.0,0.0,0.0,0.0,0.0,0.0,0.0,0.0,0.0,0.0,0.0,0.0,0.0,0.0,0.0,0.0,0.0,0.0,0.0,0.0,0.0,0.0,0.0,0.0,0.0,0.0,0.0,0.0,0.0,0.0,0.0,0.0,0.0,0.0,0.0,0.0,0.0,0.0,0.0,0.0,0.0,0.0,0.0,0.0,0.0,0.0,0.0,0.0,0.0,0.0,0.0,0.0,0.0,0.0,0.0,0.0,0.0,0.0,0.0
2017-05-30 13:23:00+02:00,0.0,0.0,0.0,0.0,0.0,0.0,0.0,0.0,0.0,0.0,0.0,0.0,0.0,0.0,0.0,0.0,0.0,0.0,0.0,0.0,0.0,0.0,0.0,0.0,0.0,0.0,0.0,0.0,0.0,0.0,0.0,0.0,0.0,0.0,0.0,0.0,0.0,0.0,0.0,0.0,0.0,0.0,0.0,0.0,0.0,0.0,0.0,0.0,0.0,0.0,0.0,0.0,0.0,0.0,0.0,0.0,0.0,0.0,0.0,0.0,0.0,0.0,0.0,0.0,0.0,0.0,0.0,0.0,0.0,0.0,0.0,0.0,0.0,0.0,0.0,0.0,0.0,0.0,0.0,0.0,0.0,0.0,0.0,0.0,0.0,0.0,0.0,0.0,0.0,0.0,0.0,0.0,0.0,0.0,0.0,0.0,0.0,0.0,0.0,0.0,0.0,0.0,0.0,0.0,0.0,0.0,0.0,0.0,0.0,0.0,0.0,0.0,0.0,0.0,0.0,0.0,0.0,0.0
2017-05-30 13:24:00+02:00,0.0,0.0,0.0,0.0,0.0,0.0,0.0,0.0,0.0,0.0,0.0,0.0,0.0,0.0,0.0,0.0,0.0,0.0,0.0,0.0,0.0,0.0,0.0,0.0,0.0,0.0,0.0,0.0,0.0,0.0,0.0,0.0,0.0,0.0,0.0,0.0,0.0,0.0,0.0,0.0,0.0,0.0,0.0,0.0,0.0,0.0,0.0,0.0,0.0,0.0,0.0,0.0,0.0,0.0,0.0,0.0,0.0,0.0,0.0,0.0,0.0,0.0,0.0,0.0,0.0,0.0,0.0,0.0,0.0,0.0,0.0,0.0,0.0,0.0,0.0,0.0,0.0,0.0,0.0,0.0,0.0,0.0,0.0,0.0,0.0,0.0,0.0,0.0,0.0,0.0,0.0,0.0,0.0,0.0,0.0,0.0,0.0,0.0,0.0,0.0,0.0,0.0,0.0,0.0,0.0,0.0,0.0,0.0,0.0,0.0,0.0,0.0,0.0,0.0,0.0,0.0,0.0,0.0
2017-05-30 13:25:00+02:00,0.0,0.0,0.0,0.0,0.0,0.0,0.0,0.0,0.0,0.0,0.0,0.0,0.0,0.0,0.0,0.0,0.0,0.0,0.0,0.0,0.0,0.0,0.0,0.0,0.0,0.0,0.0,0.0,0.0,0.0,0.0,0.0,0.0,0.0,0.0,0.0,0.0,0.0,0.0,0.0,0.0,0.0,0.0,0.0,0.0,0.0,0.0,0.0,0.0,0.0,0.0,0.0,0.0,0.0,0.0,0.0,0.0,0.0,0.0,0.0,0.0,0.0,0.0,0.0,0.0,0.0,0.0,0.0,0.0,0.0,0.0,0.0,0.0,0.0,0.0,0.0,0.0,0.0,0.0,0.0,0.0,0.0,0.0,0.0,0.0,0.0,0.0,0.0,0.0,0.0,0.0,0.0,0.0,0.0,0.0,0.0,0.0,0.0,0.0,0.0,0.0,0.0,0.0,0.0,0.0,0.0,0.0,0.0,0.0,0.0,0.0,0.0,0.0,0.0,0.0,0.0,0.0,0.0
2017-05-30 13:26:00+02:00,0.0,0.0,0.0,0.0,0.0,0.0,0.0,0.0,0.0,0.0,0.0,0.0,0.0,0.0,0.0,0.0,0.0,0.0,0.0,0.0,0.0,0.0,0.0,0.0,0.0,0.0,0.0,0.0,0.0,0.0,0.0,0.0,0.0,0.0,0.0,0.0,0.0,0.0,0.0,0.0,0.0,0.0,0.0,0.0,0.0,0.0,0.0,0.0,0.0,0.0,0.0,0.0,0.0,0.0,0.0,0.0,0.0,0.0,0.0,0.0,0.0,0.0,0.0,0.0,0.0,0.0,0.0,0.0,0.0,0.0,0.0,0.0,0.0,0.0,0.0,0.0,0.0,0.0,0.0,0.0,0.0,0.0,0.0,0.0,0.0,0.0,0.0,0.0,0.0,0.0,0.0,0.0,0.0,0.0,0.0,0.0,0.0,0.0,0.0,0.0,0.0,0.0,0.0,0.0,0.0,0.0,0.0,0.0,0.0,0.0,0.0,0.0,0.0,0.0,0.0,0.0,0.0,0.0
2017-05-30 13:27:00+02:00,0.0,0.0,0.0,0.0,0.0,0.0,0.0,0.0,0.0,0.0,0.0,0.0,0.0,0.0,0.0,0.0,0.0,0.0,0.0,0.0,0.0,0.0,0.0,0.0,0.0,0.0,0.0,0.0,0.0,0.0,0.0,0.0,0.0,0.0,0.0,0.0,0.0,0.0,0.0,0.0,0.0,0.0,0.0,0.0,0.0,0.0,0.0,0.0,0.0,0.0,0.0,0.0,0.0,0.0,0.0,0.0,0.0,0.0,0.0,0.0,0.0,0.0,0.0,0.0,0.0,0.0,0.0,0.0,0.0,0.0,0.0,0.0,0.0,0.0,0.0,0.0,0.0,0.0,0.0,0.0,0.0,0.0,0.0,0.0,0.0,0.0,0.0,0.0,0.0,0.0,0.0,0.0,0.0,0.0,0.0,0.0,0.0,0.0,0.0,0.0,0.0,0.0,0.0,0.0,0.0,0.0,0.0,0.0,0.0,0.0,0.0,0.0,0.0,0.0,0.0,0.0,0.0,0.0
2017-05-30 13:28:00+02:00,0.0,0.0,0.0,0.0,0.0,0.0,0.0,0.0,0.0,0.0,0.0,0.0,0.0,0.0,0.0,0.0,0.0,0.0,0.0,0.0,0.0,0.0,0.0,0.0,0.0,0.0,0.0,0.0,0.0,0.0,0.0,0.0,0.0,0.0,0.0,0.0,0.0,0.0,0.0,0.0,0.0,0.0,0.0,0.0,0.0,0.0,0.0,0.0,0.0,0.0,0.0,0.0,0.0,0.0,0.0,0.0,0.0,0.0,0.0,0.0,0.0,0.0,0.0,0.0,0.0,0.0,0.0,0.0,0.0,0.0,0.0,0.0,0.0,0.0,0.0,0.0,0.0,0.0,0.0,0.0,0.0,0.0,0.0,0.0,0.0,0.0,0.0,0.0,0.0,0.0,0.0,0.0,0.0,0.0,0.0,0.0,0.0,0.0,0.0,0.0,0.0,0.0,0.0,0.0,0.0,0.0,0.0,0.0,0.0,0.0,0.0,0.0,0.0,0.0,0.0,0.0,0.0,0.0
2017-05-30 13:29:00+02:00,0.0,0.0,0.0,0.0,0.0,0.0,0.0,0.0,0.0,0.0,0.0,0.0,0.0,0.0,0.0,0.0,0.0,0.0,0.0,0.0,0.0,0.0,0.0,0.0,0.0,0.0,0.0,0.0,0.0,0.0,0.0,0.0,0.0,0.0,0.0,0.0,0.0,0.0,0.0,0.0,0.0,0.0,0.0,0.0,0.0,0.0,0.0,0.0,0.0,0.0,0.0,0.0,0.0,0.0,0.0,0.0,0.0,0.0,0.0,0.0,0.0,0.0,0.0,0.0,0.0,0.0,0.0,0.0,0.0,0.0,0.0,0.0,0.0,0.0,0.0,0.0,0.0,0.0,0.0,0.0,0.0,0.0,0.0,0.0,0.0,0.0,0.0,0.0,0.0,0.0,0.0,0.0,0.0,0.0,0.0,0.0,0.0,0.0,0.0,0.0,0.0,0.0,0.0,0.0,0.0,0.0,0.0,0.0,0.0,0.0,0.0,0.0,0.0,0.0,0.0,0.0,0.0,0.0
2017-05-30 13:30:00+02:00,0.0,0.0,0.0,0.0,0.0,0.0,0.0,0.0,0.0,0.0,0.0,0.0,0.0,0.0,0.0,0.0,0.0,0.0,0.0,0.0,0.0,0.0,0.0,0.0,0.0,0.0,0.0,0.0,0.0,0.0,0.0,0.0,0.0,0.0,0.0,0.0,0.0,0.0,0.0,0.0,0.0,0.0,0.0,0.0,0.0,0.0,0.0,0.0,0.0,0.0,0.0,0.0,0.0,0.0,0.0,0.0,0.0,0.0,0.0,0.0,0.0,0.0,0.0,0.0,0.0,0.0,0.0,0.0,0.0,0.0,0.0,0.0,0.0,0.0,0.0,0.0,0.0,0.0,0.0,0.0,0.0,0.0,0.0,0.0,0.0,0.0,0.0,0.0,0.0,0.0,0.0,0.0,0.0,0.0,0.0,0.0,0.0,0.0,0.0,0.0,0.0,0.0,0.0,0.0,0.0,0.0,0.0,0.0,0.0,0.0,0.0,0.0,0.0,0.0,0.0,0.0,0.0,0.0
2017-05-30 13:31:00+02:00,0.0,0.0,0.0,0.0,0.0,0.0,0.0,0.0,0.0,0.0,0.0,0.0,0.0,0.0,0.0,0.0,0.0,0.0,0.0,0.0,0.0,0.0,0.0,0.0,0.0,0.0,0.0,0.0,0.0,0.0,0.0,0.0,0.0,0.0,0.0,0.0,0.0,0.0,0.0,0.0,0.0,0.0,0.0,0.0,0.0,0.0,0.0,0.0,0.0,0.0,0.0,0.0,0.0,0.0,0.0,0.0,0.0,0.0,0.0,0.0,0.0,0.0,0.0,0.0,0.0,0.0,0.0,0.0,0.0,0.0,0.0,0.0,0.0,0.0,0.0,0.0,0.0,0.0,0.0,0.0,0.0,0.0,0.0,0.0,0.0,0.0,0.0,0.0,0.0,0.0,0.0,0.0,0.0,0.0,0.0,0.0,0.0,0.0,0.0,0.0,0.0,0.0,0.0,0.0,0.0,0.0,0.0,0.0,0.0,0.0,0.0,0.0,0.0,0.0,0.0,0.0,0.0,0.0
2017-05-30 13:32:00+02:00,0.0,0.0,0.0,0.0,0.0,0.0,0.0,0.0,0.0,0.0,0.0,0.0,0.0,0.0,0.0,0.0,0.0,0.0,0.0,0.0,0.0,0.0,0.0,0.0,0.0,0.0,0.0,0.0,0.0,0.0,0.0,0.0,0.0,0.0,0.0,0.0,0.0,0.0,0.0,0.0,0.0,0.0,0.0,0.0,0.0,0.0,0.0,0.0,0.0,0.0,0.0,0.0,0.0,0.0,0.0,0.0,0.0,0.0,0.0,0.0,0.0,0.0,0.0,0.0,0.0,0.0,0.0,0.0,0.0,0.0,0.0,0.0,0.0,0.0,0.0,0.0,0.0,0.0,0.0,0.0,0.0,0.0,0.0,0.0,0.0,0.0,0.0,0.0,0.0,0.0,0.0,0.0,0.0,0.0,0.0,0.0,0.0,0.0,0.0,0.0,0.0,0.0,0.0,0.0,0.0,0.0,0.0,0.0,0.0,0.0,0.0,0.0,0.0,0.0,0.0,0.0,0.0,0.0
2017-05-30 13:33:00+02:00,0.0,0.0,0.0,0.0,0.0,0.0,0.0,0.0,0.0,0.0,0.0,0.0,0.0,0.0,0.0,0.0,0.0,0.0,0.0,0.0,0.0,0.0,0.0,0.0,0.0,0.0,0.0,0.0,0.0,0.0,0.0,0.0,0.0,0.0,0.0,0.0,0.0,0.0,0.0,0.0,0.0,0.0,0.0,0.0,0.0,0.0,0.0,0.0,0.0,0.0,0.0,0.0,0.0,0.0,0.0,0.0,0.0,0.0,0.0,0.0,0.0,0.0,0.0,0.0,0.0,0.0,0.0,0.0,0.0,0.0,0.0,0.0,0.0,0.0,0.0,0.0,0.0,0.0,0.0,0.0,0.0,0.0,0.0,0.0,0.0,0.0,0.0,0.0,0.0,0.0,0.0,0.0,0.0,0.0,0.0,0.0,0.0,0.0,0.0,0.0,0.0,0.0,0.0,0.0,0.0,0.0,0.0,0.0,0.0,0.0,0.0,0.0,0.0,0.0,0.0,0.0,0.0,0.0
2017-05-30 13:34:00+02:00,0.0,0.0,0.0,0.0,0.0,0.0,0.0,0.0,0.0,0.0,0.0,0.0,0.0,0.0,0.0,0.0,0.0,0.0,0.0,0.0,0.0,0.0,0.0,0.0,0.0,0.0,0.0,0.0,0.0,0.0,0.0,0.0,0.0,0.0,0.0,0.0,0.0,0.0,0.0,0.0,0.0,0.0,0.0,0.0,0.0,0.0,0.0,0.0,0.0,0.0,0.0,0.0,0.0,0.0,0.0,0.0,0.0,0.0,0.0,0.0,0.0,0.0,0.0,0.0,0.0,0.0,0.0,0.0,0.0,0.0,0.0,0.0,0.0,0.0,0.0,0.0,0.0,0.0,0.0,0.0,0.0,0.0,0.0,0.0,0.0,0.0,0.0,0.0,0.0,0.0,0.0,0.0,0.0,0.0,0.0,0.0,0.0,0.0,0.0,0.0,0.0,0.0,0.0,0.0,0.0,0.0,0.0,0.0,0.0,0.0,0.0,0.0,0.0,0.0,0.0,0.0,0.0,0.0
2017-05-30 13:35:00+02:00,0.0,0.0,0.0,0.0,0.0,0.0,0.0,0.0,0.0,0.0,0.0,0.0,0.0,0.0,0.0,0.0,0.0,0.0,0.0,0.0,0.0,0.0,0.0,0.0,0.0,0.0,0.0,0.0,0.0,0.0,0.0,0.0,0.0,0.0,0.0,0.0,0.0,0.0,0.0,0.0,0.0,0.0,0.0,0.0,0.0,0.0,0.0,0.0,0.0,0.0,0.0,0.0,0.0,0.0,0.0,0.0,0.0,0.0,0.0,0.0,0.0,0.0,0.0,0.0,0.0,0.0,0.0,0.0,0.0,0.0,0.0,0.0,0.0,0.0,0.0,0.0,0.0,0.0,0.0,0.0,0.0,0.0,0.0,0.0,0.0,0.0,0.0,0.0,0.0,0.0,0.0,0.0,0.0,0.0,0.0,0.0,0.0,0.0,0.0,0.0,0.0,0.0,0.0,0.0,0.0,0.0,0.0,0.0,0.0,0.0,0.0,0.0,0.0,0.0,0.0,0.0,0.0,0.0
2017-05-30 13:36:00+02:00,0.0,0.0,0.0,0.0,0.0,0.0,0.0,0.0,0.0,0.0,0.0,0.0,0.0,0.0,0.0,0.0,0.0,0.0,0.0,0.0,0.0,0.0,0.0,0.0,0.0,0.0,0.0,0.0,0.0,0.0,0.0,0.0,0.0,0.0,0.0,0.0,0.0,0.0,0.0,0.0,0.0,0.0,0.0,0.0,0.0,0.0,0.0,0.0,0.0,0.0,0.0,0.0,0.0,0.0,0.0,0.0,0.0,0.0,0.0,0.0,0.0,0.0,0.0,0.0,0.0,0.0,0.0,0.0,0.0,0.0,0.0,0.0,0.0,0.0,0.0,0.0,0.0,0.0,0.0,0.0,0.0,0.0,0.0,0.0,0.0,0.0,0.0,0.0,0.0,0.0,0.0,0.0,0.0,0.0,0.0,0.0,0.0,0.0,0.0,0.0,0.0,0.0,0.0,0.0,0.0,0.0,0.0,0.0,0.0,0.0,0.0,0.0,0.0,0.0,0.0,0.0,0.0,0.0
2017-05-30 13:37:00+02:00,0.0,0.0,0.0,0.0,0.0,0.0,0.0,0.0,0.0,0.0,0.0,0.0,0.0,0.0,0.0,0.0,0.0,0.0,0.0,0.0,0.0,0.0,0.0,0.0,0.0,0.0,0.0,0.0,0.0,0.0,0.0,0.0,0.0,0.0,0.0,0.0,0.0,0.0,0.0,0.0,0.0,0.0,0.0,0.0,0.0,0.0,0.0,0.0,0.0,0.0,0.0,0.0,0.0,0.0,0.0,0.0,0.0,0.0,0.0,0.0,0.0,0.0,0.0,0.0,0.0,0.0,0.0,0.0,0.0,0.0,0.0,0.0,0.0,0.0,0.0,0.0,0.0,0.0,0.0,0.0,0.0,0.0,0.0,0.0,0.0,0.0,0.0,0.0,0.0,0.0,0.0,0.0,0.0,0.0,0.0,0.0,0.0,0.0,0.0,0.0,0.0,0.0,0.0,0.0,0.0,0.0,0.0,0.0,0.0,0.0,0.0,0.0,0.0,0.0,0.0,0.0,0.0,0.0
2017-05-30 13:38:00+02:00,0.0,0.0,0.0,0.0,0.0,0.0,0.0,0.0,0.0,0.0,0.0,0.0,0.0,0.0,0.0,0.0,0.0,0.0,0.0,0.0,0.0,0.0,0.0,0.0,0.0,0.0,0.0,0.0,0.0,0.0,0.0,0.0,0.0,0.0,0.0,0.0,0.0,0.0,0.0,0.0,0.0,0.0,0.0,0.0,0.0,0.0,0.0,0.0,0.0,0.0,0.0,0.0,0.0,0.0,0.0,0.0,0.0,0.0,0.0,0.0,0.0,0.0,0.0,0.0,0.0,0.0,0.0,0.0,0.0,0.0,0.0,0.0,0.0,0.0,0.0,0.0,0.0,0.0,0.0,0.0,0.0,0.0,0.0,0.0,0.0,0.0,0.0,0.0,0.0,0.0,0.0,0.0,0.0,0.0,0.0,0.0,0.0,0.0,0.0,0.0,0.0,0.0,0.0,0.0,0.0,0.0,0.0,0.0,0.0,0.0,0.0,0.0,0.0,0.0,0.0,0.0,0.0,0.0
2017-05-30 13:39:00+02:00,0.0,0.0,0.0,0.0,0.0,0.0,0.0,0.0,0.0,0.0,0.0,0.0,0.0,0.0,0.0,0.0,0.0,0.0,0.0,0.0,0.0,0.0,0.0,0.0,0.0,0.0,0.0,0.0,0.0,0.0,0.0,0.0,0.0,0.0,0.0,0.0,0.0,0.0,0.0,0.0,0.0,0.0,0.0,0.0,0.0,0.0,0.0,0.0,0.0,0.0,0.0,0.0,0.0,0.0,0.0,0.0,0.0,0.0,0.0,0.0,0.0,0.0,0.0,0.0,0.0,0.0,0.0,0.0,0.0,0.0,0.0,0.0,0.0,0.0,0.0,0.0,0.0,0.0,0.0,0.0,0.0,0.0,0.0,0.0,0.0,0.0,0.0,0.0,0.0,0.0,0.0,0.0,0.0,0.0,0.0,0.0,0.0,0.0,0.0,0.0,0.0,0.0,0.0,0.0,0.0,0.0,0.0,0.0,0.0,0.0,0.0,0.0,0.0,0.0,0.0,0.0,0.0,0.0
2017-05-30 13:40:00+02:00,0.0,0.0,0.0,0.0,0.0,0.0,0.0,0.0,0.0,0.0,0.0,0.0,0.0,0.0,0.0,0.0,0.0,0.0,0.0,0.0,0.0,0.0,0.0,0.0,0.0,0.0,0.0,0.0,0.0,0.0,0.0,0.0,0.0,0.0,0.0,0.0,0.0,0.0,0.0,0.0,0.0,0.0,0.0,0.0,0.0,0.0,0.0,0.0,0.0,0.0,0.0,0.0,0.0,0.0,0.0,0.0,0.0,0.0,0.0,0.0,0.0,0.0,0.0,0.0,0.0,0.0,0.0,0.0,0.0,0.0,0.0,0.0,0.0,0.0,0.0,0.0,0.0,0.0,0.0,0.0,0.0,0.0,0.0,0.0,0.0,0.0,0.0,0.0,0.0,0.0,0.0,0.0,0.0,0.0,0.0,0.0,0.0,0.0,0.0,0.0,0.0,0.0,0.0,0.0,0.0,0.0,0.0,0.0,0.0,0.0,0.0,0.0,0.0,0.0,0.0,0.0,0.0,0.0
2017-05-30 13:41:00+02:00,0.0,0.0,0.0,0.0,0.0,0.0,0.0,0.0,0.0,0.0,0.0,0.0,0.0,0.0,0.0,0.0,0.0,0.0,0.0,0.0,0.0,0.0,0.0,0.0,0.0,0.0,0.0,0.0,0.0,0.0,0.0,0.0,0.0,0.0,0.0,0.0,0.0,0.0,0.0,0.0,0.0,0.0,0.0,0.0,0.0,0.0,0.0,0.0,0.0,0.0,0.0,0.0,0.0,0.0,0.0,0.0,0.0,0.0,0.0,0.0,0.0,0.0,0.0,0.0,0.0,0.0,0.0,0.0,0.0,0.0,0.0,0.0,0.0,0.0,0.0,0.0,0.0,0.0,0.0,0.0,0.0,0.0,0.0,0.0,0.0,0.0,0.0,0.0,0.0,0.0,0.0,0.0,0.0,0.0,0.0,0.0,0.0,0.0,0.0,0.0,0.0,0.0,0.0,0.0,0.0,0.0,0.0,0.0,0.0,0.0,0.0,0.0,0.0,0.0,0.0,0.0,0.0,0.0
2017-05-30 13:42:00+02:00,0.0,0.0,0.0,0.0,0.0,0.0,0.0,0.0,0.0,0.0,0.0,0.0,0.0,0.0,0.0,0.0,0.0,0.0,0.0,0.0,0.0,0.0,0.0,0.0,0.0,0.0,0.0,0.0,0.0,0.0,0.0,0.0,0.0,0.0,0.0,0.0,0.0,0.0,0.0,0.0,0.0,0.0,0.0,0.0,0.0,0.0,0.0,0.0,0.0,0.0,0.0,0.0,0.0,0.0,0.0,0.0,0.0,0.0,0.0,0.0,0.0,0.0,0.0,0.0,0.0,0.0,0.0,0.0,0.0,0.0,0.0,0.0,0.0,0.0,0.0,0.0,0.0,0.0,0.0,0.0,0.0,0.0,0.0,0.0,0.0,0.0,0.0,0.0,0.0,0.0,0.0,0.0,0.0,0.0,0.0,0.0,0.0,0.0,0.0,0.0,0.0,0.0,0.0,0.0,0.0,0.0,0.0,0.0,0.0,0.0,0.0,0.0,0.0,0.0,0.0,0.0,0.0,0.0
2017-05-30 13:43:00+02:00,0.0,0.0,0.0,0.0,0.0,0.0,0.0,0.0,0.0,0.0,0.0,0.0,0.0,0.0,0.0,0.0,0.0,0.0,0.0,0.0,0.0,0.0,0.0,0.0,0.0,0.0,0.0,0.0,0.0,0.0,0.0,0.0,0.0,0.0,0.0,0.0,0.0,0.0,0.0,0.0,0.0,0.0,0.0,0.0,0.0,0.0,0.0,0.0,0.0,0.0,0.0,0.0,0.0,0.0,0.0,0.0,0.0,0.0,0.0,0.0,0.0,0.0,0.0,0.0,0.0,0.0,0.0,0.0,0.0,0.0,0.0,0.0,0.0,0.0,0.0,0.0,0.0,0.0,0.0,0.0,0.0,0.0,0.0,0.0,0.0,0.0,0.0,0.0,0.0,0.0,0.0,0.0,0.0,0.0,0.0,0.0,0.0,0.0,0.0,0.0,0.0,0.0,0.0,0.0,0.0,0.0,0.0,0.0,0.0,0.0,0.0,0.0,0.0,0.0,0.0,0.0,0.0,0.0
2017-05-30 13:44:00+02:00,0.0,0.0,0.0,0.0,0.0,0.0,0.0,0.0,0.0,0.0,0.0,0.0,0.0,0.0,0.0,0.0,0.0,0.0,0.0,0.0,0.0,0.0,0.0,0.0,0.0,0.0,0.0,0.0,0.0,0.0,0.0,0.0,0.0,0.0,0.0,0.0,0.0,0.0,0.0,0.0,0.0,0.0,0.0,0.0,0.0,0.0,0.0,0.0,0.0,0.0,0.0,0.0,0.0,0.0,0.0,0.0,0.0,0.0,0.0,0.0,0.0,0.0,0.0,0.0,0.0,0.0,0.0,0.0,0.0,0.0,0.0,0.0,0.0,0.0,0.0,0.0,0.0,0.0,0.0,0.0,0.0,0.0,0.0,0.0,0.0,0.0,0.0,0.0,0.0,0.0,0.0,0.0,0.0,0.0,0.0,0.0,0.0,0.0,0.0,0.0,0.0,0.0,0.0,0.0,0.0,0.0,0.0,0.0,0.0,0.0,0.0,0.0,0.0,0.0,0.0,0.0,0.0,0.0
2017-05-30 13:45:00+02:00,0.0,0.0,0.0,0.0,0.0,0.0,0.0,0.0,0.0,0.0,0.0,0.0,0.0,0.0,0.0,0.0,0.0,0.0,0.0,0.0,0.0,0.0,0.0,0.0,0.0,0.0,0.0,0.0,0.0,0.0,0.0,0.0,0.0,0.0,0.0,0.0,0.0,0.0,0.0,0.0,0.0,0.0,0.0,0.0,0.0,0.0,0.0,0.0,0.0,0.0,0.0,0.0,0.0,0.0,0.0,0.0,0.0,0.0,0.0,0.0,0.0,0.0,0.0,0.0,0.0,0.0,0.0,0.0,0.0,0.0,0.0,0.0,0.0,0.0,0.0,0.0,0.0,0.0,0.0,0.0,0.0,0.0,0.0,0.0,0.0,0.0,0.0,0.0,0.0,0.0,0.0,0.0,0.0,0.0,0.0,0.0,0.0,0.0,0.0,0.0,0.0,0.0,0.0,0.0,0.0,0.0,0.0,0.0,0.0,0.0,0.0,0.0,0.0,0.0,0.0,0.0,0.0,0.0
2017-05-30 13:46:00+02:00,0.0,0.0,0.0,0.0,0.0,0.0,0.0,0.0,0.0,0.0,0.0,0.0,0.0,0.0,0.0,0.0,0.0,0.0,0.0,0.0,0.0,0.0,0.0,0.0,0.0,0.0,0.0,0.0,0.0,0.0,0.0,0.0,0.0,0.0,0.0,0.0,0.0,0.0,0.0,0.0,0.0,0.0,0.0,0.0,0.0,0.0,0.0,0.0,0.0,0.0,0.0,0.0,0.0,0.0,0.0,0.0,0.0,0.0,0.0,0.0,0.0,0.0,0.0,0.0,0.0,0.0,0.0,0.0,0.0,0.0,0.0,0.0,0.0,0.0,0.0,0.0,0.0,0.0,0.0,0.0,0.0,0.0,0.0,0.0,0.0,0.0,0.0,0.0,0.0,0.0,0.0,0.0,0.0,0.0,0.0,0.0,0.0,0.0,0.0,0.0,0.0,0.0,0.0,0.0,0.0,0.0,0.0,0.0,0.0,0.0,0.0,0.0,0.0,0.0,0.0,0.0,0.0,0.0
2017-05-30 13:47:00+02:00,0.0,0.0,0.0,0.0,0.0,0.0,0.0,0.0,0.0,0.0,0.0,0.0,0.0,0.0,0.0,0.0,0.0,0.0,0.0,0.0,0.0,0.0,0.0,0.0,0.0,0.0,0.0,0.0,0.0,0.0,0.0,0.0,0.0,0.0,0.0,0.0,0.0,0.0,0.0,0.0,0.0,0.0,0.0,0.0,0.0,0.0,0.0,0.0,0.0,0.0,0.0,0.0,0.0,0.0,0.0,0.0,0.0,0.0,0.0,0.0,0.0,0.0,0.0,0.0,0.0,0.0,0.0,0.0,0.0,0.0,0.0,0.0,0.0,0.0,0.0,0.0,0.0,0.0,0.0,0.0,0.0,0.0,0.0,0.0,0.0,0.0,0.0,0.0,0.0,0.0,0.0,0.0,0.0,0.0,0.0,0.0,0.0,0.0,0.0,0.0,0.0,0.0,0.0,0.0,0.0,0.0,0.0,0.0,0.0,0.0,0.0,0.0,0.0,0.0,0.0,0.0,0.0,0.0
2017-05-30 13:48:00+02:00,0.0,0.0,0.0,0.0,0.0,0.0,0.0,0.0,0.0,0.0,0.0,0.0,0.0,0.0,0.0,0.0,0.0,0.0,0.0,0.0,0.0,0.0,0.0,0.0,0.0,0.0,0.0,0.0,0.0,0.0,0.0,0.0,0.0,0.0,0.0,0.0,0.0,0.0,0.0,0.0,0.0,0.0,0.0,0.0,0.0,0.0,0.0,0.0,0.0,0.0,0.0,0.0,0.0,0.0,0.0,0.0,0.0,0.0,0.0,0.0,0.0,0.0,0.0,0.0,0.0,0.0,0.0,0.0,0.0,0.0,0.0,0.0,0.0,0.0,0.0,0.0,0.0,0.0,0.0,0.0,0.0,0.0,0.0,0.0,0.0,0.0,0.0,0.0,0.0,0.0,0.0,0.0,0.0,0.0,0.0,0.0,0.0,0.0,0.0,0.0,0.0,0.0,0.0,0.0,0.0,0.0,0.0,0.0,0.0,0.0,0.0,0.0,0.0,0.0,0.0,0.0,0.0,0.0
2017-05-30 13:49:00+02:00,0.0,0.0,0.0,0.0,0.0,0.0,0.0,0.0,0.0,0.0,0.0,0.0,0.0,0.0,0.0,0.0,0.0,0.0,0.0,0.0,0.0,0.0,0.0,0.0,0.0,0.0,0.0,0.0,0.0,0.0,0.0,0.0,0.0,0.0,0.0,0.0,0.0,0.0,0.0,0.0,0.0,0.0,0.0,0.0,0.0,0.0,0.0,0.0,0.0,0.0,0.0,0.0,0.0,0.0,0.0,0.0,0.0,0.0,0.0,0.0,0.0,0.0,0.0,0.0,0.0,0.0,0.0,0.0,0.0,0.0,0.0,0.0,0.0,0.0,0.0,0.0,0.0,0.0,0.0,0.0,0.0,0.0,0.0,0.0,0.0,0.0,0.0,0.0,0.0,0.0,0.0,0.0,0.0,0.0,0.0,0.0,0.0,0.0,0.0,0.0,0.0,0.0,0.0,0.0,0.0,0.0,0.0,0.0,0.0,0.0,0.0,0.0,0.0,0.0,0.0,0.0,0.0,0.0
2017-05-30 13:50:00+02:00,0.0,0.0,0.0,0.0,0.0,0.0,0.0,0.0,0.0,0.0,0.0,0.0,0.0,0.0,0.0,0.0,0.0,0.0,0.0,0.0,0.0,0.0,0.0,0.0,0.0,0.0,0.0,0.0,0.0,0.0,0.0,0.0,0.0,0.0,0.0,0.0,0.0,0.0,0.0,0.0,0.0,0.0,0.0,0.0,0.0,0.0,0.0,0.0,0.0,0.0,0.0,0.0,0.0,0.0,0.0,0.0,0.0,0.0,0.0,0.0,0.0,0.0,0.0,0.0,0.0,0.0,0.0,0.0,0.0,0.0,0.0,0.0,0.0,0.0,0.0,0.0,0.0,0.0,0.0,0.0,0.0,0.0,0.0,0.0,0.0,0.0,0.0,0.0,0.0,0.0,0.0,0.0,0.0,0.0,0.0,0.0,0.0,0.0,0.0,0.0,0.0,0.0,0.0,0.0,0.0,0.0,0.0,0.0,0.0,0.0,0.0,0.0,0.0,0.0,0.0,0.0,0.0,0.0
2017-05-30 13:51:00+02:00,0.0,0.0,0.0,0.0,0.0,0.0,0.0,0.0,0.0,0.0,0.0,0.0,0.0,0.0,0.0,0.0,0.0,0.0,0.0,0.0,0.0,0.0,0.0,0.0,0.0,0.0,0.0,0.0,0.0,0.0,0.0,0.0,0.0,0.0,0.0,0.0,0.0,0.0,0.0,0.0,0.0,0.0,0.0,0.0,0.0,0.0,0.0,0.0,0.0,0.0,0.0,0.0,0.0,0.0,0.0,0.0,0.0,0.0,0.0,0.0,0.0,0.0,0.0,0.0,0.0,0.0,0.0,0.0,0.0,0.0,0.0,0.0,0.0,0.0,0.0,0.0,0.0,0.0,0.0,0.0,0.0,0.0,0.0,0.0,0.0,0.0,0.0,0.0,0.0,0.0,0.0,0.0,0.0,0.0,0.0,0.0,0.0,0.0,0.0,0.0,0.0,0.0,0.0,0.0,0.0,0.0,0.0,0.0,0.0,0.0,0.0,0.0,0.0,0.0,0.0,0.0,0.0,0.0
2017-05-30 13:52:00+02:00,0.0,0.0,0.0,0.0,0.0,0.0,0.0,0.0,0.0,0.0,0.0,0.0,0.0,0.0,0.0,0.0,0.0,0.0,0.0,0.0,0.0,0.0,0.0,0.0,0.0,0.0,0.0,0.0,0.0,0.0,0.0,0.0,0.0,0.0,0.0,0.0,0.0,0.0,0.0,0.0,0.0,0.0,0.0,0.0,0.0,0.0,0.0,0.0,0.0,0.0,0.0,0.0,0.0,0.0,0.0,0.0,0.0,0.0,0.0,0.0,0.0,0.0,0.0,0.0,0.0,0.0,0.0,0.0,0.0,0.0,0.0,0.0,0.0,0.0,0.0,0.0,0.0,0.0,0.0,0.0,0.0,0.0,0.0,0.0,0.0,0.0,0.0,0.0,0.0,0.0,0.0,0.0,0.0,0.0,0.0,0.0,0.0,0.0,0.0,0.0,0.0,0.0,0.0,0.0,0.0,0.0,0.0,0.0,0.0,0.0,0.0,0.0,0.0,0.0,0.0,0.0,0.0,0.0
2017-05-30 13:53:00+02:00,0.0,0.0,0.0,0.0,0.0,0.0,0.0,0.0,0.0,0.0,0.0,0.0,0.0,0.0,0.0,0.0,0.0,0.0,0.0,0.0,0.0,0.0,0.0,0.0,0.0,0.0,0.0,0.0,0.0,0.0,0.0,0.0,0.0,0.0,0.0,0.0,0.0,0.0,0.0,0.0,0.0,0.0,0.0,0.0,0.0,0.0,0.0,0.0,0.0,0.0,0.0,0.0,0.0,0.0,0.0,0.0,0.0,0.0,0.0,0.0,0.0,0.0,0.0,0.0,0.0,0.0,0.0,0.0,0.0,0.0,0.0,0.0,0.0,0.0,0.0,0.0,0.0,0.0,0.0,0.0,0.0,0.0,0.0,0.0,0.0,0.0,0.0,0.0,0.0,0.0,0.0,0.0,0.0,0.0,0.0,0.0,0.0,0.0,0.0,0.0,0.0,0.0,0.0,0.0,0.0,0.0,0.0,0.0,0.0,0.0,0.0,0.0,0.0,0.0,0.0,0.0,0.0,0.0
2017-05-30 13:54:00+02:00,0.0,0.0,0.0,0.0,0.0,0.0,0.0,0.0,0.0,0.0,0.0,0.0,0.0,0.0,0.0,0.0,0.0,0.0,0.0,0.0,0.0,0.0,0.0,0.0,0.0,0.0,0.0,0.0,0.0,0.0,0.0,0.0,0.0,0.0,0.0,0.0,0.0,0.0,0.0,0.0,0.0,0.0,0.0,0.0,0.0,0.0,0.0,0.0,0.0,0.0,0.0,0.0,0.0,0.0,0.0,0.0,0.0,0.0,0.0,0.0,0.0,0.0,0.0,0.0,0.0,0.0,0.0,0.0,0.0,0.0,0.0,0.0,0.0,0.0,0.0,0.0,0.0,0.0,0.0,0.0,0.0,0.0,0.0,0.0,0.0,0.0,0.0,0.0,0.0,0.0,0.0,0.0,0.0,0.0,0.0,0.0,0.0,0.0,0.0,0.0,0.0,0.0,0.0,0.0,0.0,0.0,0.0,0.0,0.0,0.0,0.0,0.0,0.0,0.0,0.0,0.0,0.0,0.0
2017-05-30 13:55:00+02:00,0.0,0.0,0.0,0.0,0.0,0.0,0.0,0.0,0.0,0.0,0.0,0.0,0.0,0.0,0.0,0.0,0.0,0.0,0.0,0.0,0.0,0.0,0.0,0.0,0.0,0.0,0.0,0.0,0.0,0.0,0.0,0.0,0.0,0.0,0.0,0.0,0.0,0.0,0.0,0.0,0.0,0.0,0.0,0.0,0.0,0.0,0.0,0.0,0.0,0.0,0.0,0.0,0.0,0.0,0.0,0.0,0.0,0.0,0.0,0.0,0.0,0.0,0.0,0.0,0.0,0.0,0.0,0.0,0.0,0.0,0.0,0.0,0.0,0.0,0.0,0.0,0.0,0.0,0.0,0.0,0.0,0.0,0.0,0.0,0.0,0.0,0.0,0.0,0.0,0.0,0.0,0.0,0.0,0.0,0.0,0.0,0.0,0.0,0.0,0.0,0.0,0.0,0.0,0.0,0.0,0.0,0.0,0.0,0.0,0.0,0.0,0.0,0.0,0.0,0.0,0.0,0.0,0.0
2017-05-30 13:56:00+02:00,0.0,0.0,0.0,0.0,0.0,0.0,0.0,0.0,0.0,0.0,0.0,0.0,0.0,0.0,0.0,0.0,0.0,0.0,0.0,0.0,0.0,0.0,0.0,0.0,0.0,0.0,0.0,0.0,0.0,0.0,0.0,0.0,0.0,0.0,0.0,0.0,0.0,0.0,0.0,0.0,0.0,0.0,0.0,0.0,0.0,0.0,0.0,0.0,0.0,0.0,0.0,0.0,0.0,0.0,0.0,0.0,0.0,0.0,0.0,0.0,0.0,0.0,0.0,0.0,0.0,0.0,0.0,0.0,0.0,0.0,0.0,0.0,0.0,0.0,0.0,0.0,0.0,0.0,0.0,0.0,0.0,0.0,0.0,0.0,0.0,0.0,0.0,0.0,0.0,0.0,0.0,0.0,0.0,0.0,0.0,0.0,0.0,0.0,0.0,0.0,0.0,0.0,0.0,0.0,0.0,0.0,0.0,0.0,0.0,0.0,0.0,0.0,0.0,0.0,0.0,0.0,0.0,0.0
2017-05-30 13:57:00+02:00,0.0,0.0,0.0,0.0,0.0,0.0,0.0,0.0,0.0,0.0,0.0,0.0,0.0,0.0,0.0,0.0,0.0,0.0,0.0,0.0,0.0,0.0,0.0,0.0,0.0,0.0,0.0,0.0,0.0,0.0,0.0,0.0,0.0,0.0,0.0,0.0,0.0,0.0,0.0,0.0,0.0,0.0,0.0,0.0,0.0,0.0,0.0,0.0,0.0,0.0,0.0,0.0,0.0,0.0,0.0,0.0,0.0,0.0,0.0,0.0,0.0,0.0,0.0,0.0,0.0,0.0,0.0,0.0,0.0,0.0,0.0,0.0,0.0,0.0,0.0,0.0,0.0,0.0,0.0,0.0,0.0,0.0,0.0,0.0,0.0,0.0,0.0,0.0,0.0,0.0,0.0,0.0,0.0,0.0,0.0,0.0,0.0,0.0,0.0,0.0,0.0,0.0,0.0,0.0,0.0,0.0,0.0,0.0,0.0,0.0,0.0,0.0,0.0,0.0,0.0,0.0,0.0,0.0
2017-05-30 13:58:00+02:00,0.0,0.0,0.0,0.0,0.0,0.0,0.0,0.0,0.0,0.0,0.0,0.0,0.0,0.0,0.0,0.0,0.0,0.0,0.0,0.0,0.0,0.0,0.0,0.0,0.0,0.0,0.0,0.0,0.0,0.0,0.0,0.0,0.0,0.0,0.0,0.0,0.0,0.0,0.0,0.0,0.0,0.0,0.0,0.0,0.0,0.0,0.0,0.0,0.0,0.0,0.0,0.0,0.0,0.0,0.0,0.0,0.0,0.0,0.0,0.0,0.0,0.0,0.0,0.0,0.0,0.0,0.0,0.0,0.0,0.0,0.0,0.0,0.0,0.0,0.0,0.0,0.0,0.0,0.0,0.0,0.0,0.0,0.0,0.0,0.0,0.0,0.0,0.0,0.0,0.0,0.0,0.0,0.0,0.0,0.0,0.0,0.0,0.0,0.0,0.0,0.0,0.0,0.0,0.0,0.0,0.0,0.0,0.0,0.0,0.0,0.0,0.0,0.0,0.0,0.0,0.0,0.0,0.0
2017-05-30 13:59:00+02:00,0.0,0.0,0.0,0.0,0.0,0.0,0.0,0.0,0.0,0.0,0.0,0.0,0.0,0.0,0.0,0.0,0.0,0.0,0.0,0.0,0.0,0.0,0.0,0.0,0.0,0.0,0.0,0.0,0.0,0.0,0.0,0.0,0.0,0.0,0.0,0.0,0.0,0.0,0.0,0.0,0.0,0.0,0.0,0.0,0.0,0.0,0.0,0.0,0.0,0.0,0.0,0.0,0.0,0.0,0.0,0.0,0.0,0.0,0.0,0.0,0.0,0.0,0.0,0.0,0.0,0.0,0.0,0.0,0.0,0.0,0.0,0.0,0.0,0.0,0.0,0.0,0.0,0.0,0.0,0.0,0.0,0.0,0.0,0.0,0.0,0.0,0.0,0.0,0.0,0.0,0.0,0.0,0.0,0.0,0.0,0.0,0.0,0.0,0.0,0.0,0.0,0.0,0.0,0.0,0.0,0.0,0.0,0.0,0.0,0.0,0.0,0.0,0.0,0.0,0.0,0.0,0.0,0.0
2017-05-30 14:00:00+02:00,0.0,0.0,0.0,0.0,0.0,0.0,0.0,0.0,0.0,0.0,0.0,0.0,0.0,0.0,0.0,0.0,0.0,0.0,0.0,0.0,0.0,0.0,0.0,0.0,0.0,0.0,0.0,0.0,0.0,0.0,0.0,0.0,0.0,0.0,0.0,0.0,0.0,0.0,0.0,0.0,0.0,0.0,0.0,0.0,0.0,0.0,0.0,0.0,0.0,0.0,0.0,0.0,0.0,0.0,0.0,0.0,0.0,0.0,0.0,0.0,0.0,0.0,0.0,0.0,0.0,0.0,0.0,0.0,0.0,0.0,0.0,0.0,0.0,0.0,0.0,0.0,0.0,0.0,0.0,0.0,0.0,0.0,0.0,0.0,0.0,0.0,0.0,0.0,0.0,0.0,0.0,0.0,0.0,0.0,0.0,0.0,0.0,0.0,0.0,0.0,0.0,0.0,0.0,0.0,0.0,0.0,0.0,0.0,0.0,0.0,0.0,0.0,0.0,0.0,0.0,0.0,0.0,0.0
2017-05-30 14:01:00+02:00,0.0,0.0,0.0,0.0,0.0,0.0,0.0,0.0,0.0,0.0,0.0,0.0,0.0,0.0,0.0,0.0,0.0,0.0,0.0,0.0,0.0,0.0,0.0,0.0,0.0,0.0,0.0,0.0,0.0,0.0,0.0,0.0,0.0,0.0,0.0,0.0,0.0,0.0,0.0,0.0,0.0,0.0,0.0,0.0,0.0,0.0,0.0,0.0,0.0,0.0,0.0,0.0,0.0,0.0,0.0,0.0,0.0,0.0,0.0,0.0,0.0,0.0,0.0,0.0,0.0,0.0,0.0,0.0,0.0,0.0,0.0,0.0,0.0,0.0,0.0,0.0,0.0,0.0,0.0,0.0,0.0,0.0,0.0,0.0,0.0,0.0,0.0,0.0,0.0,0.0,0.0,0.0,0.0,0.0,0.0,0.0,0.0,0.0,0.0,0.0,0.0,0.0,0.0,0.0,0.0,0.0,0.0,0.0,0.0,0.0,0.0,0.0,0.0,0.0,0.0,0.0,0.0,0.0
2017-05-30 14:02:00+02:00,0.0,0.0,0.0,0.0,0.0,0.0,0.0,0.0,0.0,0.0,0.0,0.0,0.0,0.0,0.0,0.0,0.0,0.0,0.0,0.0,0.0,0.0,0.0,0.0,0.0,0.0,0.0,0.0,0.0,0.0,0.0,0.0,0.0,0.0,0.0,0.0,0.0,0.0,0.0,0.0,0.0,0.0,0.0,0.0,0.0,0.0,0.0,0.0,0.0,0.0,0.0,0.0,0.0,0.0,0.0,0.0,0.0,0.0,0.0,0.0,0.0,0.0,0.0,0.0,0.0,0.0,0.0,0.0,0.0,0.0,0.0,0.0,0.0,0.0,0.0,0.0,0.0,0.0,0.0,0.0,0.0,0.0,0.0,0.0,0.0,0.0,0.0,0.0,0.0,0.0,0.0,0.0,0.0,0.0,0.0,0.0,0.0,0.0,0.0,0.0,0.0,0.0,0.0,0.0,0.0,0.0,0.0,0.0,0.0,0.0,0.0,0.0,0.0,0.0,0.0,0.0,0.0,0.0
2017-05-30 14:03:00+02:00,0.0,0.0,0.0,0.0,0.0,0.0,0.0,0.0,0.0,0.0,0.0,0.0,0.0,0.0,0.0,0.0,0.0,0.0,0.0,0.0,0.0,0.0,0.0,0.0,0.0,0.0,0.0,0.0,0.0,0.0,0.0,0.0,0.0,0.0,0.0,0.0,0.0,0.0,0.0,0.0,0.0,0.0,0.0,0.0,0.0,0.0,0.0,0.0,0.0,0.0,0.0,0.0,0.0,0.0,0.0,0.0,0.0,0.0,0.0,0.0,0.0,0.0,0.0,0.0,0.0,0.0,0.0,0.0,0.0,0.0,0.0,0.0,0.0,0.0,0.0,0.0,0.0,0.0,0.0,0.0,0.0,0.0,0.0,0.0,0.0,0.0,0.0,0.0,0.0,0.0,0.0,0.0,0.0,0.0,0.0,0.0,0.0,0.0,0.0,0.0,0.0,0.0,0.0,0.0,0.0,0.0,0.0,0.0,0.0,0.0,0.0,0.0,0.0,0.0,0.0,0.0,0.0,0.0
2017-05-30 14:04:00+02:00,0.0,0.0,0.0,0.0,0.0,0.0,0.0,0.0,0.0,0.0,0.0,0.0,0.0,0.0,0.0,0.0,0.0,0.0,0.0,0.0,0.0,0.0,0.0,0.0,0.0,0.0,0.0,0.0,0.0,0.0,0.0,0.0,0.0,0.0,0.0,0.0,0.0,0.0,0.0,0.0,0.0,0.0,0.0,0.0,0.0,0.0,0.0,0.0,0.0,0.0,0.0,0.0,0.0,0.0,0.0,0.0,0.0,0.0,0.0,0.0,0.0,0.0,0.0,0.0,0.0,0.0,0.0,0.0,0.0,0.0,0.0,0.0,0.0,0.0,0.0,0.0,0.0,0.0,0.0,0.0,0.0,0.0,0.0,0.0,0.0,0.0,0.0,0.0,0.0,0.0,0.0,0.0,0.0,0.0,0.0,0.0,0.0,0.0,0.0,0.0,0.0,0.0,0.0,0.0,0.0,0.0,0.0,0.0,0.0,0.0,0.0,0.0,0.0,0.0,0.0,0.0,0.0,0.0
2017-05-30 14:05:00+02:00,0.0,0.0,0.0,0.0,0.0,0.0,0.0,0.0,0.0,0.0,0.0,0.0,0.0,0.0,0.0,0.0,0.0,0.0,0.0,0.0,0.0,0.0,0.0,0.0,0.0,0.0,0.0,0.0,0.0,0.0,0.0,0.0,0.0,0.0,0.0,0.0,0.0,0.0,0.0,0.0,0.0,0.0,0.0,0.0,0.0,0.0,0.0,0.0,0.0,0.0,0.0,0.0,0.0,0.0,0.0,0.0,0.0,0.0,0.0,0.0,0.0,0.0,0.0,0.0,0.0,0.0,0.0,0.0,0.0,0.0,0.0,0.0,0.0,0.0,0.0,0.0,0.0,0.0,0.0,0.0,0.0,0.0,0.0,0.0,0.0,0.0,0.0,0.0,0.0,0.0,0.0,0.0,0.0,0.0,0.0,0.0,0.0,0.0,0.0,0.0,0.0,0.0,0.0,0.0,0.0,0.0,0.0,0.0,0.0,0.0,0.0,0.0,0.0,0.0,0.0,0.0,0.0,0.0
2017-05-30 14:06:00+02:00,0.0,0.0,0.0,0.0,0.0,0.0,0.0,0.0,0.0,0.0,0.0,0.0,0.0,0.0,0.0,0.0,0.0,0.0,0.0,0.0,0.0,0.0,0.0,0.0,0.0,0.0,0.0,0.0,0.0,0.0,0.0,0.0,0.0,0.0,0.0,0.0,0.0,0.0,0.0,0.0,0.0,0.0,0.0,0.0,0.0,0.0,0.0,0.0,0.0,0.0,0.0,0.0,0.0,0.0,0.0,0.0,0.0,0.0,0.0,0.0,0.0,0.0,0.0,0.0,0.0,0.0,0.0,0.0,0.0,0.0,0.0,0.0,0.0,0.0,0.0,0.0,0.0,0.0,0.0,0.0,0.0,0.0,0.0,0.0,0.0,0.0,0.0,0.0,0.0,0.0,0.0,0.0,0.0,0.0,0.0,0.0,0.0,0.0,0.0,0.0,0.0,0.0,0.0,0.0,0.0,0.0,0.0,0.0,0.0,0.0,0.0,0.0,0.0,0.0,0.0,0.0,0.0,0.0
2017-05-30 14:07:00+02:00,0.0,0.0,0.0,0.0,0.0,0.0,0.0,0.0,0.0,0.0,0.0,0.0,0.0,0.0,0.0,0.0,0.0,0.0,0.0,0.0,0.0,0.0,0.0,0.0,0.0,0.0,0.0,0.0,0.0,0.0,0.0,0.0,0.0,0.0,0.0,0.0,0.0,0.0,0.0,0.0,0.0,0.0,0.0,0.0,0.0,0.0,0.0,0.0,0.0,0.0,0.0,0.0,0.0,0.0,0.0,0.0,0.0,0.0,0.0,0.0,0.0,0.0,0.0,0.0,0.0,0.0,0.0,0.0,0.0,0.0,0.0,0.0,0.0,0.0,0.0,0.0,0.0,0.0,0.0,0.0,0.0,0.0,0.0,0.0,0.0,0.0,0.0,0.0,0.0,0.0,0.0,0.0,0.0,0.0,0.0,0.0,0.0,0.0,0.0,0.0,0.0,0.0,0.0,0.0,0.0,0.0,0.0,0.0,0.0,0.0,0.0,0.0,0.0,0.0,0.0,0.0,0.0,0.0
2017-05-30 14:08:00+02:00,0.0,0.0,0.0,0.0,0.0,0.0,0.0,0.0,0.0,0.0,0.0,0.0,0.0,0.0,0.0,0.0,0.0,0.0,0.0,0.0,0.0,0.0,0.0,0.0,0.0,0.0,0.0,0.0,0.0,0.0,0.0,0.0,0.0,0.0,0.0,0.0,0.0,0.0,0.0,0.0,0.0,0.0,0.0,0.0,0.0,0.0,0.0,0.0,0.0,0.0,0.0,0.0,0.0,0.0,0.0,0.0,0.0,0.0,0.0,0.0,0.0,0.0,0.0,0.0,0.0,0.0,0.0,0.0,0.0,0.0,0.0,0.0,0.0,0.0,0.0,0.0,0.0,0.0,0.0,0.0,0.0,0.0,0.0,0.0,0.0,0.0,0.0,0.0,0.0,0.0,0.0,0.0,0.0,0.0,0.0,0.0,0.0,0.0,0.0,0.0,0.0,0.0,0.0,0.0,0.0,0.0,0.0,0.0,0.0,0.0,0.0,0.0,0.0,0.0,0.0,0.0,0.0,0.0
2017-05-30 14:09:00+02:00,0.0,0.0,0.0,0.0,0.0,0.0,0.0,0.0,0.0,0.0,0.0,0.0,0.0,0.0,0.0,0.0,0.0,0.0,0.0,0.0,0.0,0.0,0.0,0.0,0.0,0.0,0.0,0.0,0.0,0.0,0.0,0.0,0.0,0.0,0.0,0.0,0.0,0.0,0.0,0.0,0.0,0.0,0.0,0.0,0.0,0.0,0.0,0.0,0.0,0.0,0.0,0.0,0.0,0.0,0.0,0.0,0.0,0.0,0.0,0.0,0.0,0.0,0.0,0.0,0.0,0.0,0.0,0.0,0.0,0.0,0.0,0.0,0.0,0.0,0.0,0.0,0.0,0.0,0.0,0.0,0.0,0.0,0.0,0.0,0.0,0.0,0.0,0.0,0.0,0.0,0.0,0.0,0.0,0.0,0.0,0.0,0.0,0.0,0.0,0.0,0.0,0.0,0.0,0.0,0.0,0.0,0.0,0.0,0.0,0.0,0.0,0.0,0.0,0.0,0.0,0.0,0.0,0.0
2017-05-30 14:10:00+02:00,0.0,0.0,0.0,0.0,0.0,0.0,0.0,0.0,0.0,0.0,0.0,0.0,0.0,0.0,0.0,0.0,0.0,0.0,0.0,0.0,0.0,0.0,0.0,0.0,0.0,0.0,0.0,0.0,0.0,0.0,0.0,0.0,0.0,0.0,0.0,0.0,0.0,0.0,0.0,0.0,0.0,0.0,0.0,0.0,0.0,0.0,0.0,0.0,0.0,0.0,0.0,0.0,0.0,0.0,0.0,0.0,0.0,0.0,0.0,0.0,0.0,0.0,0.0,0.0,0.0,0.0,0.0,0.0,0.0,0.0,0.0,0.0,0.0,0.0,0.0,0.0,0.0,0.0,0.0,0.0,0.0,0.0,0.0,0.0,0.0,0.0,0.0,0.0,0.0,0.0,0.0,0.0,0.0,0.0,0.0,0.0,0.0,0.0,0.0,0.0,0.0,0.0,0.0,0.0,0.0,0.0,0.0,0.0,0.0,0.0,0.0,0.0,0.0,0.0,0.0,0.0,0.0,0.0
2017-05-30 14:11:00+02:00,0.0,0.0,0.0,0.0,0.0,0.0,0.0,0.0,0.0,0.0,0.0,0.0,0.0,0.0,0.0,0.0,0.0,0.0,0.0,0.0,0.0,0.0,0.0,0.0,0.0,0.0,0.0,0.0,0.0,0.0,0.0,0.0,0.0,0.0,0.0,0.0,0.0,0.0,0.0,0.0,0.0,0.0,0.0,0.0,0.0,0.0,0.0,0.0,0.0,0.0,0.0,0.0,0.0,0.0,0.0,0.0,0.0,0.0,0.0,0.0,0.0,0.0,0.0,0.0,0.0,0.0,0.0,0.0,0.0,0.0,0.0,0.0,0.0,0.0,0.0,0.0,0.0,0.0,0.0,0.0,0.0,0.0,0.0,0.0,0.0,0.0,0.0,0.0,0.0,0.0,0.0,0.0,0.0,0.0,0.0,0.0,0.0,0.0,0.0,0.0,0.0,0.0,0.0,0.0,0.0,0.0,0.0,0.0,0.0,0.0,0.0,0.0,0.0,0.0,0.0,0.0,0.0,0.0
2017-05-30 14:12:00+02:00,0.0,0.0,0.0,0.0,0.0,0.0,0.0,0.0,0.0,0.0,0.0,0.0,0.0,0.0,0.0,0.0,0.0,0.0,0.0,0.0,0.0,0.0,0.0,0.0,0.0,0.0,0.0,0.0,0.0,0.0,0.0,0.0,0.0,0.0,0.0,0.0,0.0,0.0,0.0,0.0,0.0,0.0,0.0,0.0,0.0,0.0,0.0,0.0,0.0,0.0,0.0,0.0,0.0,0.0,0.0,0.0,0.0,0.0,0.0,0.0,0.0,0.0,0.0,0.0,0.0,0.0,0.0,0.0,0.0,0.0,0.0,0.0,0.0,0.0,0.0,0.0,0.0,0.0,0.0,0.0,0.0,0.0,0.0,0.0,0.0,0.0,0.0,0.0,0.0,0.0,0.0,0.0,0.0,0.0,0.0,0.0,0.0,0.0,0.0,0.0,0.0,0.0,0.0,0.0,0.0,0.0,0.0,0.0,0.0,0.0,0.0,0.0,0.0,0.0,0.0,0.0,0.0,0.0
2017-05-30 14:13:00+02:00,0.0,0.0,0.0,0.0,0.0,0.0,0.0,0.0,0.0,0.0,0.0,0.0,0.0,0.0,0.0,0.0,0.0,0.0,0.0,0.0,0.0,0.0,0.0,0.0,0.0,0.0,0.0,0.0,0.0,0.0,0.0,0.0,0.0,0.0,0.0,0.0,0.0,0.0,0.0,0.0,0.0,0.0,0.0,0.0,0.0,0.0,0.0,0.0,0.0,0.0,0.0,0.0,0.0,0.0,0.0,0.0,0.0,0.0,0.0,0.0,0.0,0.0,0.0,0.0,0.0,0.0,0.0,0.0,0.0,0.0,0.0,0.0,0.0,0.0,0.0,0.0,0.0,0.0,0.0,0.0,0.0,0.0,0.0,0.0,0.0,0.0,0.0,0.0,0.0,0.0,0.0,0.0,0.0,0.0,0.0,0.0,0.0,0.0,0.0,0.0,0.0,0.0,0.0,0.0,0.0,0.0,0.0,0.0,0.0,0.0,0.0,0.0,0.0,0.0,0.0,0.0,0.0,0.0
2017-05-30 14:14:00+02:00,0.0,0.0,0.0,0.0,0.0,0.0,0.0,0.0,0.0,0.0,0.0,0.0,0.0,0.0,0.0,0.0,0.0,0.0,0.0,0.0,0.0,0.0,0.0,0.0,0.0,0.0,0.0,0.0,0.0,0.0,0.0,0.0,0.0,0.0,0.0,0.0,0.0,0.0,0.0,0.0,0.0,0.0,0.0,0.0,0.0,0.0,0.0,0.0,0.0,0.0,0.0,0.0,0.0,0.0,0.0,0.0,0.0,0.0,0.0,0.0,0.0,0.0,0.0,0.0,0.0,0.0,0.0,0.0,0.0,0.0,0.0,0.0,0.0,0.0,0.0,0.0,0.0,0.0,0.0,0.0,0.0,0.0,0.0,0.0,0.0,0.0,0.0,0.0,0.0,0.0,0.0,0.0,0.0,0.0,0.0,0.0,0.0,0.0,0.0,0.0,0.0,0.0,0.0,0.0,0.0,0.0,0.0,0.0,0.0,0.0,0.0,0.0,0.0,0.0,0.0,0.0,0.0,0.0
2017-05-30 14:15:00+02:00,0.0,0.0,0.0,0.0,0.0,0.0,0.0,0.0,0.0,0.0,0.0,0.0,0.0,0.0,0.0,0.0,0.0,0.0,0.0,0.0,0.0,0.0,0.0,0.0,0.0,0.0,0.0,0.0,0.0,0.0,0.0,0.0,0.0,0.0,0.0,0.0,0.0,0.0,0.0,0.0,0.0,0.0,0.0,0.0,0.0,0.0,0.0,0.0,0.0,0.0,0.0,0.0,0.0,0.0,0.0,0.0,0.0,0.0,0.0,0.0,0.0,0.0,0.0,0.0,0.0,0.0,0.0,0.0,0.0,0.0,0.0,0.0,0.0,0.0,0.0,0.0,0.0,0.0,0.0,0.0,0.0,0.0,0.0,0.0,0.0,0.0,0.0,0.0,0.0,0.0,0.0,0.0,0.0,0.0,0.0,0.0,0.0,0.0,0.0,0.0,0.0,0.0,0.0,0.0,0.0,0.0,0.0,0.0,0.0,0.0,0.0,0.0,0.0,0.0,0.0,0.0,0.0,0.0
2017-05-30 14:16:00+02:00,0.0,0.0,0.0,0.0,0.0,0.0,0.0,0.0,0.0,0.0,0.0,0.0,0.0,0.0,0.0,0.0,0.0,0.0,0.0,0.0,0.0,0.0,0.0,0.0,0.0,0.0,0.0,0.0,0.0,0.0,0.0,0.0,0.0,0.0,0.0,0.0,0.0,0.0,0.0,0.0,0.0,0.0,0.0,0.0,0.0,0.0,0.0,0.0,0.0,0.0,0.0,0.0,0.0,0.0,0.0,0.0,0.0,0.0,0.0,0.0,0.0,0.0,0.0,0.0,0.0,0.0,0.0,0.0,0.0,0.0,0.0,0.0,0.0,0.0,0.0,0.0,0.0,0.0,0.0,0.0,0.0,0.0,0.0,0.0,0.0,0.0,0.0,0.0,0.0,0.0,0.0,0.0,0.0,0.0,0.0,0.0,0.0,0.0,0.0,0.0,0.0,0.0,0.0,0.0,0.0,0.0,0.0,0.0,0.0,0.0,0.0,0.0,0.0,0.0,0.0,0.0,0.0,0.0
2017-05-30 14:17:00+02:00,0.0,0.0,0.0,0.0,0.0,0.0,0.0,0.0,0.0,0.0,0.0,0.0,0.0,0.0,0.0,0.0,0.0,0.0,0.0,0.0,0.0,0.0,0.0,0.0,0.0,0.0,0.0,0.0,0.0,0.0,0.0,0.0,0.0,0.0,0.0,0.0,0.0,0.0,0.0,0.0,0.0,0.0,0.0,0.0,0.0,0.0,0.0,0.0,0.0,0.0,0.0,0.0,0.0,0.0,0.0,0.0,0.0,0.0,0.0,0.0,0.0,0.0,0.0,0.0,0.0,0.0,0.0,0.0,0.0,0.0,0.0,0.0,0.0,0.0,0.0,0.0,0.0,0.0,0.0,0.0,0.0,0.0,0.0,0.0,0.0,0.0,0.0,0.0,0.0,0.0,0.0,0.0,0.0,0.0,0.0,0.0,0.0,0.0,0.0,0.0,0.0,0.0,0.0,0.0,0.0,0.0,0.0,0.0,0.0,0.0,0.0,0.0,0.0,0.0,0.0,0.0,0.0,0.0
2017-05-30 14:18:00+02:00,0.0,0.0,0.0,0.0,0.0,0.0,0.0,0.0,0.0,0.0,0.0,0.0,0.0,0.0,0.0,0.0,0.0,0.0,0.0,0.0,0.0,0.0,0.0,0.0,0.0,0.0,0.0,0.0,0.0,0.0,0.0,0.0,0.0,0.0,0.0,0.0,0.0,0.0,0.0,0.0,0.0,0.0,0.0,0.0,0.0,0.0,0.0,0.0,0.0,0.0,0.0,0.0,0.0,0.0,0.0,0.0,0.0,0.0,0.0,0.0,0.0,0.0,0.0,0.0,0.0,0.0,0.0,0.0,0.0,0.0,0.0,0.0,0.0,0.0,0.0,0.0,0.0,0.0,0.0,0.0,0.0,0.0,0.0,0.0,0.0,0.0,0.0,0.0,0.0,0.0,0.0,0.0,0.0,0.0,0.0,0.0,0.0,0.0,0.0,0.0,0.0,0.0,0.0,0.0,0.0,0.0,0.0,0.0,0.0,0.0,0.0,0.0,0.0,0.0,0.0,0.0,0.0,0.0
2017-05-30 14:19:00+02:00,0.0,0.0,0.0,0.0,0.0,0.0,0.0,0.0,0.0,0.0,0.0,0.0,0.0,0.0,0.0,0.0,0.0,0.0,0.0,0.0,0.0,0.0,0.0,0.0,0.0,0.0,0.0,0.0,0.0,0.0,0.0,0.0,0.0,0.0,0.0,0.0,0.0,0.0,0.0,0.0,0.0,0.0,0.0,0.0,0.0,0.0,0.0,0.0,0.0,0.0,0.0,0.0,0.0,0.0,0.0,0.0,0.0,0.0,0.0,0.0,0.0,0.0,0.0,0.0,0.0,0.0,0.0,0.0,0.0,0.0,0.0,0.0,0.0,0.0,0.0,0.0,0.0,0.0,0.0,0.0,0.0,0.0,0.0,0.0,0.0,0.0,0.0,0.0,0.0,0.0,0.0,0.0,0.0,0.0,0.0,0.0,0.0,0.0,0.0,0.0,0.0,0.0,0.0,0.0,0.0,0.0,0.0,0.0,0.0,0.0,0.0,0.0,0.0,0.0,0.0,0.0,0.0,0.0
2017-05-30 14:20:00+02:00,0.0,0.0,0.0,0.0,0.0,0.0,0.0,0.0,0.0,0.0,0.0,0.0,0.0,0.0,0.0,0.0,0.0,0.0,0.0,0.0,0.0,0.0,0.0,0.0,0.0,0.0,0.0,0.0,0.0,0.0,0.0,0.0,0.0,0.0,0.0,0.0,0.0,0.0,0.0,0.0,0.0,0.0,0.0,0.0,0.0,0.0,0.0,0.0,0.0,0.0,0.0,0.0,0.0,0.0,0.0,0.0,0.0,0.0,0.0,0.0,0.0,0.0,0.0,0.0,0.0,0.0,0.0,0.0,0.0,0.0,0.0,0.0,0.0,0.0,0.0,0.0,0.0,0.0,0.0,0.0,0.0,0.0,0.0,0.0,0.0,0.0,0.0,0.0,0.0,0.0,0.0,0.0,0.0,0.0,0.0,0.0,0.0,0.0,0.0,0.0,0.0,0.0,0.0,0.0,0.0,0.0,0.0,0.0,0.0,0.0,0.0,0.0,0.0,0.0,0.0,0.0,0.0,0.0
2017-05-30 14:21:00+02:00,0.0,0.0,0.0,0.0,0.0,0.0,0.0,0.0,0.0,0.0,0.0,0.0,0.0,0.0,0.0,0.0,0.0,0.0,0.0,0.0,0.0,0.0,0.0,0.0,0.0,0.0,0.0,0.0,0.0,0.0,0.0,0.0,0.0,0.0,0.0,0.0,0.0,0.0,0.0,0.0,0.0,0.0,0.0,0.0,0.0,0.0,0.0,0.0,0.0,0.0,0.0,0.0,0.0,0.0,0.0,0.0,0.0,0.0,0.0,0.0,0.0,0.0,0.0,0.0,0.0,0.0,0.0,0.0,0.0,0.0,0.0,0.0,0.0,0.0,0.0,0.0,0.0,0.0,0.0,0.0,0.0,0.0,0.0,0.0,0.0,0.0,0.0,0.0,0.0,0.0,0.0,0.0,0.0,0.0,0.0,0.0,0.0,0.0,0.0,0.0,0.0,0.0,0.0,0.0,0.0,0.0,0.0,0.0,0.0,0.0,0.0,0.0,0.0,0.0,0.0,0.0,0.0,0.0
2017-05-30 14:22:00+02:00,0.0,0.0,0.0,0.0,0.0,0.0,0.0,0.0,0.0,0.0,0.0,0.0,0.0,0.0,0.0,0.0,0.0,0.0,0.0,0.0,0.0,0.0,0.0,0.0,0.0,0.0,0.0,0.0,0.0,0.0,0.0,0.0,0.0,0.0,0.0,0.0,0.0,0.0,0.0,0.0,0.0,0.0,0.0,0.0,0.0,0.0,0.0,0.0,0.0,0.0,0.0,0.0,0.0,0.0,0.0,0.0,0.0,0.0,0.0,0.0,0.0,0.0,0.0,0.0,0.0,0.0,0.0,0.0,0.0,0.0,0.0,0.0,0.0,0.0,0.0,0.0,0.0,0.0,0.0,0.0,0.0,0.0,0.0,0.0,0.0,0.0,0.0,0.0,0.0,0.0,0.0,0.0,0.0,0.0,0.0,0.0,0.0,0.0,0.0,0.0,0.0,0.0,0.0,0.0,0.0,0.0,0.0,0.0,0.0,0.0,0.0,0.0,0.0,0.0,0.0,0.0,0.0,0.0
2017-05-30 14:23:00+02:00,0.0,0.0,0.0,0.0,0.0,0.0,0.0,0.0,0.0,0.0,0.0,0.0,0.0,0.0,0.0,0.0,0.0,0.0,0.0,0.0,0.0,0.0,0.0,0.0,0.0,0.0,0.0,0.0,0.0,0.0,0.0,0.0,0.0,0.0,0.0,0.0,0.0,0.0,0.0,0.0,0.0,0.0,0.0,0.0,0.0,0.0,0.0,0.0,0.0,0.0,0.0,0.0,0.0,0.0,0.0,0.0,0.0,0.0,0.0,0.0,0.0,0.0,0.0,0.0,0.0,0.0,0.0,0.0,0.0,0.0,0.0,0.0,0.0,0.0,0.0,0.0,0.0,0.0,0.0,0.0,0.0,0.0,0.0,0.0,0.0,0.0,0.0,0.0,0.0,0.0,0.0,0.0,0.0,0.0,0.0,0.0,0.0,0.0,0.0,0.0,0.0,0.0,0.0,0.0,0.0,0.0,0.0,0.0,0.0,0.0,0.0,0.0,0.0,0.0,0.0,0.0,0.0,0.0
2017-05-30 14:24:00+02:00,0.0,0.0,0.0,0.0,0.0,0.0,0.0,0.0,0.0,0.0,0.0,0.0,0.0,0.0,0.0,0.0,0.0,0.0,0.0,0.0,0.0,0.0,0.0,0.0,0.0,0.0,0.0,0.0,0.0,0.0,0.0,0.0,0.0,0.0,0.0,0.0,0.0,0.0,0.0,0.0,0.0,0.0,0.0,0.0,0.0,0.0,0.0,0.0,0.0,0.0,0.0,0.0,0.0,0.0,0.0,0.0,0.0,0.0,0.0,0.0,0.0,0.0,0.0,0.0,0.0,0.0,0.0,0.0,0.0,0.0,0.0,0.0,0.0,0.0,0.0,0.0,0.0,0.0,0.0,0.0,0.0,0.0,0.0,0.0,0.0,0.0,0.0,0.0,0.0,0.0,0.0,0.0,0.0,0.0,0.0,0.0,0.0,0.0,0.0,0.0,0.0,0.0,0.0,0.0,0.0,0.0,0.0,0.0,0.0,0.0,0.0,0.0,0.0,0.0,0.0,0.0,0.0,0.0
2017-05-30 14:25:00+02:00,0.0,0.0,0.0,0.0,0.0,0.0,0.0,0.0,0.0,0.0,0.0,0.0,0.0,0.0,0.0,0.0,0.0,0.0,0.0,0.0,0.0,0.0,0.0,0.0,0.0,0.0,0.0,0.0,0.0,0.0,0.0,0.0,0.0,0.0,0.0,0.0,0.0,0.0,0.0,0.0,0.0,0.0,0.0,0.0,0.0,0.0,0.0,0.0,0.0,0.0,0.0,0.0,0.0,0.0,0.0,0.0,0.0,0.0,0.0,0.0,0.0,0.0,0.0,0.0,0.0,0.0,0.0,0.0,0.0,0.0,0.0,0.0,0.0,0.0,0.0,0.0,0.0,0.0,0.0,0.0,0.0,0.0,0.0,0.0,0.0,0.0,0.0,0.0,0.0,0.0,0.0,0.0,0.0,0.0,0.0,0.0,0.0,0.0,0.0,0.0,0.0,0.0,0.0,0.0,0.0,0.0,0.0,0.0,0.0,0.0,0.0,0.0,0.0,0.0,0.0,0.0,0.0,0.0
2017-05-30 14:26:00+02:00,0.0,0.0,0.0,0.0,0.0,0.0,0.0,0.0,0.0,0.0,0.0,0.0,0.0,0.0,0.0,0.0,0.0,0.0,0.0,0.0,0.0,0.0,0.0,0.0,0.0,0.0,0.0,0.0,0.0,0.0,0.0,0.0,0.0,0.0,0.0,0.0,0.0,0.0,0.0,0.0,0.0,0.0,0.0,0.0,0.0,0.0,0.0,0.0,0.0,0.0,0.0,0.0,0.0,0.0,0.0,0.0,0.0,0.0,0.0,0.0,0.0,0.0,0.0,0.0,0.0,0.0,0.0,0.0,0.0,0.0,0.0,0.0,0.0,0.0,0.0,0.0,0.0,0.0,0.0,0.0,0.0,0.0,0.0,0.0,0.0,0.0,0.0,0.0,0.0,0.0,0.0,0.0,0.0,0.0,0.0,0.0,0.0,0.0,0.0,0.0,0.0,0.0,0.0,0.0,0.0,0.0,0.0,0.0,0.0,0.0,0.0,0.0,0.0,0.0,0.0,0.0,0.0,0.0
2017-05-30 14:27:00+02:00,0.0,0.0,0.0,0.0,0.0,0.0,0.0,0.0,0.0,0.0,0.0,0.0,0.0,0.0,0.0,0.0,0.0,0.0,0.0,0.0,0.0,0.0,0.0,0.0,0.0,0.0,0.0,0.0,0.0,0.0,0.0,0.0,0.0,0.0,0.0,0.0,0.0,0.0,0.0,0.0,0.0,0.0,0.0,0.0,0.0,0.0,0.0,0.0,0.0,0.0,0.0,0.0,0.0,0.0,0.0,0.0,0.0,0.0,0.0,0.0,0.0,0.0,0.0,0.0,0.0,0.0,0.0,0.0,0.0,0.0,0.0,0.0,0.0,0.0,0.0,0.0,0.0,0.0,0.0,0.0,0.0,0.0,0.0,0.0,0.0,0.0,0.0,0.0,0.0,0.0,0.0,0.0,0.0,0.0,0.0,0.0,0.0,0.0,0.0,0.0,0.0,0.0,0.0,0.0,0.0,0.0,0.0,0.0,0.0,0.0,0.0,0.0,0.0,0.0,0.0,0.0,0.0,0.0
2017-05-30 14:28:00+02:00,0.0,0.0,0.0,0.0,0.0,0.0,0.0,0.0,0.0,0.0,0.0,0.0,0.0,0.0,0.0,0.0,0.0,0.0,0.0,0.0,0.0,0.0,0.0,0.0,0.0,0.0,0.0,0.0,0.0,0.0,0.0,0.0,0.0,0.0,0.0,0.0,0.0,0.0,0.0,0.0,0.0,0.0,0.0,0.0,0.0,0.0,0.0,0.0,0.0,0.0,0.0,0.0,0.0,0.0,0.0,0.0,0.0,0.0,0.0,0.0,0.0,0.0,0.0,0.0,0.0,0.0,0.0,0.0,0.0,0.0,0.0,0.0,0.0,0.0,0.0,0.0,0.0,0.0,0.0,0.0,0.0,0.0,0.0,0.0,0.0,0.0,0.0,0.0,0.0,0.0,0.0,0.0,0.0,0.0,0.0,0.0,0.0,0.0,0.0,0.0,0.0,0.0,0.0,0.0,0.0,0.0,0.0,0.0,0.0,0.0,0.0,0.0,0.0,0.0,0.0,0.0,0.0,0.0
2017-05-30 14:29:00+02:00,0.0,0.0,0.0,0.0,0.0,0.0,0.0,0.0,0.0,0.0,0.0,0.0,0.0,0.0,0.0,0.0,0.0,0.0,0.0,0.0,0.0,0.0,0.0,0.0,0.0,0.0,0.0,0.0,0.0,0.0,0.0,0.0,0.0,0.0,0.0,0.0,0.0,0.0,0.0,0.0,0.0,0.0,0.0,0.0,0.0,0.0,0.0,0.0,0.0,0.0,0.0,0.0,0.0,0.0,0.0,0.0,0.0,0.0,0.0,0.0,0.0,0.0,0.0,0.0,0.0,0.0,0.0,0.0,0.0,0.0,0.0,0.0,0.0,0.0,0.0,0.0,0.0,0.0,0.0,0.0,0.0,0.0,0.0,0.0,0.0,0.0,0.0,0.0,0.0,0.0,0.0,0.0,0.0,0.0,0.0,0.0,0.0,0.0,0.0,0.0,0.0,0.0,0.0,0.0,0.0,0.0,0.0,0.0,0.0,0.0,0.0,0.0,0.0,0.0,0.0,0.0,0.0,0.0
2017-05-30 14:30:00+02:00,0.0,0.0,0.0,0.0,0.0,0.0,0.0,0.0,0.0,0.0,0.0,0.0,0.0,0.0,0.0,0.0,0.0,0.0,0.0,0.0,0.0,0.0,0.0,0.0,0.0,0.0,0.0,0.0,0.0,0.0,0.0,0.0,0.0,0.0,0.0,0.0,0.0,0.0,0.0,0.0,0.0,0.0,0.0,0.0,0.0,0.0,0.0,0.0,0.0,0.0,0.0,0.0,0.0,0.0,0.0,0.0,0.0,0.0,0.0,0.0,0.0,0.0,0.0,0.0,0.0,0.0,0.0,0.0,0.0,0.0,0.0,0.0,0.0,0.0,0.0,0.0,0.0,0.0,0.0,0.0,0.0,0.0,0.0,0.0,0.0,0.0,0.0,0.0,0.0,0.0,0.0,0.0,0.0,0.0,0.0,0.0,0.0,0.0,0.0,0.0,0.0,0.0,0.0,0.0,0.0,0.0,0.0,0.0,0.0,0.0,0.0,0.0,0.0,0.0,0.0,0.0,0.0,0.0
2017-05-30 14:31:00+02:00,0.0,0.0,0.0,0.0,0.0,0.0,0.0,0.0,0.0,0.0,0.0,0.0,0.0,0.0,0.0,0.0,0.0,0.0,0.0,0.0,0.0,0.0,0.0,0.0,0.0,0.0,0.0,0.0,0.0,0.0,0.0,0.0,0.0,0.0,0.0,0.0,0.0,0.0,0.0,0.0,0.0,0.0,0.0,0.0,0.0,0.0,0.0,0.0,0.0,0.0,0.0,0.0,0.0,0.0,0.0,0.0,0.0,0.0,0.0,0.0,0.0,0.0,0.0,0.0,0.0,0.0,0.0,0.0,0.0,0.0,0.0,0.0,0.0,0.0,0.0,0.0,0.0,0.0,0.0,0.0,0.0,0.0,0.0,0.0,0.0,0.0,0.0,0.0,0.0,0.0,0.0,0.0,0.0,0.0,0.0,0.0,0.0,0.0,0.0,0.0,0.0,0.0,0.0,0.0,0.0,0.0,0.0,0.0,0.0,0.0,0.0,0.0,0.0,0.0,0.0,0.0,0.0,0.0
2017-05-30 14:32:00+02:00,0.0,0.0,0.0,0.0,0.0,0.0,0.0,0.0,0.0,0.0,0.0,0.0,0.0,0.0,0.0,0.0,0.0,0.0,0.0,0.0,0.0,0.0,0.0,0.0,0.0,0.0,0.0,0.0,0.0,0.0,0.0,0.0,0.0,0.0,0.0,0.0,0.0,0.0,0.0,0.0,0.0,0.0,0.0,0.0,0.0,0.0,0.0,0.0,0.0,0.0,0.0,0.0,0.0,0.0,0.0,0.0,0.0,0.0,0.0,0.0,0.0,0.0,0.0,0.0,0.0,0.0,0.0,0.0,0.0,0.0,0.0,0.0,0.0,0.0,0.0,0.0,0.0,0.0,0.0,0.0,0.0,0.0,0.0,0.0,0.0,0.0,0.0,0.0,0.0,0.0,0.0,0.0,0.0,0.0,0.0,0.0,0.0,0.0,0.0,0.0,0.0,0.0,0.0,0.0,0.0,0.0,0.0,0.0,0.0,0.0,0.0,0.0,0.0,0.0,0.0,0.0,0.0,0.0
2017-05-30 14:33:00+02:00,0.0,0.0,0.0,0.0,0.0,0.0,0.0,0.0,0.0,0.0,0.0,0.0,0.0,0.0,0.0,0.0,0.0,0.0,0.0,0.0,0.0,0.0,0.0,0.0,0.0,0.0,0.0,0.0,0.0,0.0,0.0,0.0,0.0,0.0,0.0,0.0,0.0,0.0,0.0,0.0,0.0,0.0,0.0,0.0,0.0,0.0,0.0,0.0,0.0,0.0,0.0,0.0,0.0,0.0,0.0,0.0,0.0,0.0,0.0,0.0,0.0,0.0,0.0,0.0,0.0,0.0,0.0,0.0,0.0,0.0,0.0,0.0,0.0,0.0,0.0,0.0,0.0,0.0,0.0,0.0,0.0,0.0,0.0,0.0,0.0,0.0,0.0,0.0,0.0,0.0,0.0,0.0,0.0,0.0,0.0,0.0,0.0,0.0,0.0,0.0,0.0,0.0,0.0,0.0,0.0,0.0,0.0,0.0,0.0,0.0,0.0,0.0,0.0,0.0,0.0,0.0,0.0,0.0
2017-05-30 14:34:00+02:00,0.0,0.0,0.0,0.0,0.0,0.0,0.0,0.0,0.0,0.0,0.0,0.0,0.0,0.0,0.0,0.0,0.0,0.0,0.0,0.0,0.0,0.0,0.0,0.0,0.0,0.0,0.0,0.0,0.0,0.0,0.0,0.0,0.0,0.0,0.0,0.0,0.0,0.0,0.0,0.0,0.0,0.0,0.0,0.0,0.0,0.0,0.0,0.0,0.0,0.0,0.0,0.0,0.0,0.0,0.0,0.0,0.0,0.0,0.0,0.0,0.0,0.0,0.0,0.0,0.0,0.0,0.0,0.0,0.0,0.0,0.0,0.0,0.0,0.0,0.0,0.0,0.0,0.0,0.0,0.0,0.0,0.0,0.0,0.0,0.0,0.0,0.0,0.0,0.0,0.0,0.0,0.0,0.0,0.0,0.0,0.0,0.0,0.0,0.0,0.0,0.0,0.0,0.0,0.0,0.0,0.0,0.0,0.0,0.0,0.0,0.0,0.0,0.0,0.0,0.0,0.0,0.0,0.0
2017-05-30 14:35:00+02:00,0.0,0.0,0.0,0.0,0.0,0.0,0.0,0.0,0.0,0.0,0.0,0.0,0.0,0.0,0.0,0.0,0.0,0.0,0.0,0.0,0.0,0.0,0.0,0.0,0.0,-1e-06,0.0,0.0,0.0,0.0,0.0,0.0,0.0,0.0,0.0,0.0,0.0,0.0,0.0,0.0,0.0,0.0,0.0,0.0,0.0,0.0,0.0,0.0,0.0,0.0,0.0,0.0,0.0,0.0,0.0,0.0,0.0,0.0,0.0,0.0,0.0,0.0,0.0,0.0,0.0,0.0,0.0,0.0,0.0,0.0,0.0,0.0,0.0,0.0,0.0,0.0,0.0,0.0,0.0,0.0,0.0,0.0,0.0,0.0,0.0,0.0,0.0,0.0,0.0,0.0,0.0,0.0,0.0,0.0,0.0,0.0,-5e-06,-5e-06,0.0,0.0,0.0,0.0,0.0,0.0,0.0,0.0,0.0,0.0,0.0,-5e-06,0.0,0.0,0.0,0.0,0.0,0.0,0.0,0.0
2017-05-30 14:36:00+02:00,0.0,0.0,0.0,0.0,0.0,0.0,0.0,0.0,0.0,0.0,0.0,0.0,0.0,0.0,0.0,0.0,0.0,0.0,0.0,-8e-06,0.0,-6e-06,0.0,0.0,0.0,-1.3e-05,0.0,0.0,0.0,0.0,0.0,0.0,0.0,0.0,0.0,0.0,0.0,0.0,0.0,0.0,0.0,0.0,0.0,0.0,0.0,0.0,0.0,0.0,0.0,0.0,0.0,0.0,0.0,0.0,0.0,0.0,0.0,0.0,0.0,0.0,0.0,0.0,0.0,0.0,0.0,0.0,0.0,0.0,0.0,0.0,0.0,0.0,0.0,-1e-06,0.0,0.0,0.0,0.0,0.0,0.0,0.0,0.0,0.0,0.0,0.0,0.0,0.0,0.0,0.0,0.0,0.0,-3e-06,0.0,0.0,0.0,0.0,-2e-05,-2e-05,0.0,0.0,0.0,0.0,0.0,0.0,0.0,0.0,0.0,0.0,0.0,-2.1e-05,0.0,0.0,0.0,0.0,0.0,0.0,0.0,0.0
2017-05-30 14:37:00+02:00,0.0,0.0,0.0,0.0,0.0,0.0,0.0,0.0,0.0,0.0,0.0,0.0,0.0,0.0,0.0,0.0,0.0,0.0,0.0,-2.4e-05,0.0,-2.1e-05,0.0,0.0,0.0,-1.8e-05,0.0,0.0,0.0,0.0,0.0,0.0,0.0,0.0,0.0,0.0,0.0,0.0,0.0,0.0,0.0,0.0,0.0,0.0,0.0,0.0,0.0,0.0,0.0,0.0,0.0,-2e-06,0.0,0.0,0.0,0.0,0.0,0.0,0.0,0.0,-1e-06,0.0,0.0,0.0,0.0,0.0,0.0,0.0,0.0,0.0,0.0,0.0,0.0,-8e-06,0.0,0.0,0.0,0.0,0.0,0.0,0.0,0.0,0.0,0.0,0.0,0.0,0.0,0.0,0.0,0.0,0.0,-2e-06,0.0,0.0,0.0,0.0,-2.7e-05,-2.8e-05,0.0,0.0,0.0,0.0,0.0,0.0,0.0,0.0,0.0,0.0,0.0,-2.8e-05,0.0,0.0,0.0,0.0,0.0,0.0,0.0,0.0
2017-05-30 14:38:00+02:00,0.0,0.0,0.0,0.0,0.0,0.0,0.0,0.0,0.0,0.0,0.0,0.0,0.0,0.0,0.0,0.0,0.0,0.0,0.0,-4.4e-05,0.0,-4e-05,0.0,0.0,0.0,-4.1e-05,0.0,0.0,0.0,0.0,0.0,0.0,0.0,0.0,0.0,0.0,0.0,0.0,0.0,0.0,0.0,0.0,0.0,0.0,0.0,0.0,0.0,0.0,0.0,0.0,0.0,-7e-06,0.0,0.0,0.0,0.0,0.0,0.0,0.0,0.0,-5e-06,0.0,0.0,0.0,0.0,-8e-06,0.0,-3e-06,0.0,0.0,0.0,0.0,0.0,-1.6e-05,0.0,0.0,0.0,0.0,0.0,0.0,0.0,0.0,0.0,0.0,0.0,0.0,0.0,0.0,0.0,0.0,0.0,-1.2e-05,0.0,0.0,0.0,0.0,-5.2e-05,-5.3e-05,0.0,0.0,0.0,0.0,0.0,0.0,0.0,0.0,0.0,0.0,0.0,-5.4e-05,0.0,0.0,0.0,0.0,0.0,0.0,0.0,0.0
2017-05-30 14:39:00+02:00,0.0,0.0,0.0,0.0,0.0,0.0,0.0,0.0,0.0,0.0,0.0,0.0,-1e-06,0.0,0.0,-3.1e-05,0.0,0.0,0.0,-0.0001,0.0,-9.5e-05,0.0,0.0,0.0,-9.4e-05,0.0,0.0,0.0,0.0,0.0,0.0,0.0,0.0,0.0,0.0,0.0,0.0,0.0,0.0,0.0,0.0,0.0,0.0,0.0,0.0,0.0,-1.8e-05,0.0,0.0,0.0,-3.1e-05,-1.7e-05,0.0,0.0,0.0,0.0,0.0,0.0,0.0,-2.9e-05,0.0,0.0,0.0,0.0,-4.9e-05,0.0,-2.6e-05,0.0,0.0,0.0,0.0,0.0,-4.5e-05,0.0,0.0,0.0,0.0,0.0,0.0,-1.7e-05,0.0,0.0,0.0,0.0,0.0,0.0,0.0,0.0,0.0,0.0,-3.7e-05,0.0,0.0,0.0,0.0,-0.000107,-0.000109,0.0,0.0,0.0,-9e-06,0.0,0.0,0.0,0.0,0.0,0.0,0.0,-0.000109,0.0,0.0,0.0,0.0,0.0,0.0,0.0,0.0
2017-05-30 14:40:00+02:00,0.0,0.0,0.0,-2e-06,0.0,0.0,0.0,0.0,0.0,0.0,0.0,0.0,-2.9e-05,-1.6e-05,0.0,-6.9e-05,0.0,0.0,0.0,-0.000155,0.0,-0.000149,0.0,0.0,0.0,-0.000152,0.0,0.0,0.0,0.0,0.0,0.0,0.0,0.0,-5e-06,0.0,0.0,0.0,0.0,-1e-05,0.0,0.0,0.0,0.0,0.0,0.0,0.0,-3.8e-05,0.0,0.0,0.0,-5.7e-05,-3.8e-05,-2.7e-05,0.0,0.0,0.0,0.0,0.0,0.0,-5.4e-05,0.0,0.0,0.0,0.0,-9.6e-05,0.0,-5e-05,0.0,0.0,0.0,0.0,0.0,-7.3e-05,-1.1e-05,0.0,0.0,0.0,0.0,0.0,-3.8e-05,0.0,0.0,-0.0,0.0,0.0,-2e-05,0.0,0.0,0.0,0.0,-6.6e-05,-2.3e-05,0.0,-6e-06,0.0,-0.000167,-0.000168,0.0,0.0,0.0,-2.8e-05,0.0,0.0,0.0,-5e-05,-2.6e-05,0.0,-1.3e-05,-0.000169,0.0,0.0,0.0,0.0,0.0,0.0,0.0,-2e-05
2017-05-30 14:41:00+02:00,0.0,0.0,0.0,-1.3e-05,0.0,0.0,0.0,0.0,-9e-06,0.0,0.0,0.0,-6.9e-05,-4.5e-05,0.0,-0.000109,0.0,0.0,0.0,-0.000221,0.0,-0.000213,0.0,0.0,-1.5e-05,-0.000209,0.0,0.0,0.0,0.0,0.0,-3e-06,0.0,-0.0,-2.4e-05,0.0,0.0,0.0,0.0,-4.5e-05,0.0,0.0,0.0,0.0,0.0,0.0,0.0,-6.3e-05,0.0,0.0,0.0,-8.8e-05,-6e-05,-6.7e-05,0.0,0.0,0.0,0.0,0.0,0.0,-8.5e-05,-2.5e-05,0.0,0.0,0.0,-0.000143,0.0,-7.8e-05,0.0,0.0,0.0,0.0,0.0,-0.000107,-3.5e-05,0.0,0.0,0.0,0.0,0.0,-6e-05,0.0,0.0,-2.6e-05,0.0,0.0,-5.2e-05,0.0,0.0,0.0,0.0,-9.5e-05,-5.9e-05,0.0,-1.5e-05,0.0,-0.000225,-0.000227,0.0,-5e-06,0.0,-5.3e-05,0.0,0.0,0.0,-0.000124,-6.3e-05,0.0,-3.1e-05,-0.000228,0.0,0.0,0.0,0.0,0.0,0.0,0.0,-5.3e-05
2017-05-30 14:42:00+02:00,0.0,0.0,0.0,-3e-05,0.0,0.0,0.0,0.0,-1.3e-05,0.0,0.0,0.0,-0.000108,-7.5e-05,0.0,-0.000147,0.0,0.0,0.0,-0.000289,0.0,-0.000281,0.0,0.0,-2.4e-05,-0.000254,0.0,0.0,0.0,0.0,0.0,-3e-06,0.0,-0.0,-4.4e-05,0.0,0.0,0.0,0.0,-8.3e-05,0.0,0.0,0.0,0.0,0.0,0.0,0.0,-9e-05,0.0,0.0,0.0,-0.000121,-8e-05,-0.000106,0.0,0.0,0.0,0.0,0.0,0.0,-0.000117,-5.3e-05,-6e-06,0.0,0.0,-0.000185,0.0,-0.000109,0.0,0.0,0.0,0.0,0.0,-0.000142,-6.1e-05,0.0,0.0,0.0,0.0,0.0,-8.1e-05,0.0,0.0,-5.5e-05,0.0,0.0,-8.4e-05,0.0,0.0,0.0,0.0,-0.000119,-9.5e-05,0.0,-2.8e-05,0.0,-0.000272,-0.000274,0.0,-4e-06,0.0,-8.1e-05,0.0,0.0,0.0,-0.000197,-0.000101,0.0,-5.5e-05,-0.000275,0.0,0.0,0.0,0.0,0.0,0.0,0.0,-8.6e-05
2017-05-30 14:43:00+02:00,0.0,0.0,0.0,-5.3e-05,0.0,0.0,0.0,-2e-06,-1.9e-05,0.0,0.0,0.0,-0.000144,-0.000103,0.0,-0.000187,0.0,0.0,0.0,-0.000355,0.0,-0.000347,-4e-06,0.0,-3.5e-05,-0.000301,0.0,0.0,0.0,0.0,0.0,-6e-06,0.0,-3e-06,-6.3e-05,0.0,0.0,0.0,0.0,-0.00012,0.0,0.0,0.0,0.0,0.0,0.0,0.0,-0.000118,0.0,0.0,0.0,-0.000153,-0.000102,-0.000142,0.0,0.0,0.0,0.0,0.0,0.0,-0.000149,-8.2e-05,-2e-05,0.0,0.0,-0.000228,0.0,-0.00014,0.0,0.0,0.0,0.0,0.0,-0.000177,-8.6e-05,0.0,0.0,0.0,0.0,0.0,-0.000102,0.0,0.0,-8.4e-05,0.0,0.0,-0.000114,0.0,0.0,0.0,0.0,-0.000143,-0.000128,0.0,-4.2e-05,0.0,-0.00032,-0.000322,0.0,-9e-06,0.0,-0.000113,0.0,0.0,0.0,-0.000263,-0.000135,0.0,-8.3e-05,-0.000323,-0.0,0.0,0.0,0.0,0.0,0.0,-0.0,-0.000117
2017-05-30 14:44:00+02:00,0.0,0.0,0.0,-8.4e-05,0.0,0.0,0.0,-7e-06,-2.8e-05,0.0,0.0,0.0,-0.000178,-0.00013,0.0,-0.000233,0.0,0.0,0.0,-0.000422,0.0,-0.000413,-1.3e-05,0.0,-5.3e-05,-0.000352,0.0,0.0,0.0,0.0,0.0,-1.3e-05,0.0,-9e-06,-8.4e-05,0.0,0.0,0.0,0.0,-0.00016,0.0,0.0,0.0,0.0,0.0,0.0,0.0,-0.000148,0.0,0.0,0.0,-0.000186,-0.000126,-0.000175,0.0,0.0,0.0,0.0,0.0,0.0,-0.000181,-0.000115,-4.3e-05,0.0,0.0,-0.000277,0.0,-0.000171,0.0,0.0,-3e-06,0.0,0.0,-0.000211,-0.00011,0.0,0.0,0.0,0.0,0.0,-0.000126,0.0,0.0,-0.000118,0.0,0.0,-0.000143,0.0,0.0,0.0,0.0,-0.000169,-0.000159,0.0,-6.1e-05,0.0,-0.000372,-0.000374,0.0,-2.2e-05,0.0,-0.000151,-7e-06,0.0,0.0,-0.000327,-0.000168,0.0,-0.000118,-0.000375,-4e-06,0.0,0.0,0.0,0.0,-9e-06,-1.2e-05,-0.000146
2017-05-30 14:45:00+02:00,0.0,0.0,0.0,-0.000122,0.0,0.0,0.0,-1.5e-05,-4.9e-05,0.0,0.0,0.0,-0.000221,-0.000167,0.0,-0.000282,0.0,0.0,0.0,-0.000506,0.0,-0.000496,-2.8e-05,0.0,-9.1e-05,-0.000404,-3e-06,0.0,0.0,0.0,0.0,-3.1e-05,0.0,-2.7e-05,-0.000115,0.0,0.0,-6e-06,0.0,-0.000219,-4e-06,0.0,-2.2e-05,0.0,0.0,0.0,-5e-06,-0.000186,0.0,0.0,0.0,-0.000227,-0.000152,-0.000218,0.0,0.0,0.0,0.0,0.0,0.0,-0.000222,-0.000168,-7.5e-05,0.0,0.0,-0.000328,0.0,-0.000211,0.0,0.0,-1.8e-05,0.0,0.0,-0.000254,-0.000145,0.0,0.0,0.0,0.0,0.0,-0.000152,0.0,0.0,-0.000171,0.0,0.0,-0.000181,0.0,0.0,0.0,0.0,-0.000196,-0.0002,0.0,-8.2e-05,0.0,-0.000425,-0.000427,0.0,-5.6e-05,0.0,-0.000195,-2.5e-05,0.0,-3e-06,-0.000409,-0.000209,-1.3e-05,-0.00016,-0.000428,-1e-05,0.0,0.0,0.0,0.0,-4e-05,-3.6e-05,-0.000185
2017-05-30 14:46:00+02:00,0.0,0.0,0.0,-0.00016,0.0,0.0,-1e-05,-3.9e-05,-8.7e-05,0.0,0.0,0.0,-0.00028,-0.00022,-5e-06,-0.000324,0.0,0.0,0.0,-0.000582,0.0,-0.000572,-7.4e-05,0.0,-0.000165,-0.000446,-2.4e-05,0.0,0.0,0.0,0.0,-6.7e-05,0.0,-6.2e-05,-0.000162,0.0,0.0,-4.8e-05,0.0,-0.000308,-2.7e-05,0.0,-4.5e-05,0.0,0.0,0.0,-1.3e-05,-0.000221,-8e-06,0.0,0.0,-0.000265,-0.000174,-0.000277,0.0,0.0,0.0,0.0,0.0,-1e-06,-0.000259,-0.000249,-0.000108,0.0,0.0,-0.000368,-1e-06,-0.000247,0.0,0.0,-3.3e-05,0.0,0.0,-0.000293,-0.000196,0.0,0.0,0.0,-2.7e-05,0.0,-0.000174,0.0,0.0,-0.000253,0.0,0.0,-0.000234,0.0,0.0,0.0,0.0,-0.000217,-0.000257,0.0,-0.000103,0.0,-0.000467,-0.000469,0.0,-0.000123,0.0,-0.000236,-4.3e-05,0.0,-2.5e-05,-0.000521,-0.000267,-5.8e-05,-0.0002,-0.00047,-3.4e-05,0.0,0.0,0.0,0.0,-7e-05,-6.3e-05,-0.00024
2017-05-30 14:47:00+02:00,0.0,0.0,0.0,-0.000191,0.0,0.0,-2e-05,-6.1e-05,-0.000117,0.0,0.0,0.0,-0.000326,-0.000262,-7e-06,-0.000361,0.0,0.0,0.0,-0.000651,0.0,-0.000641,-0.000118,0.0,-0.000223,-0.000483,-4.3e-05,0.0,0.0,0.0,0.0,-9.6e-05,0.0,-8.9e-05,-0.000198,0.0,0.0,-8.6e-05,0.0,-0.000377,-4.8e-05,0.0,-6.7e-05,0.0,0.0,0.0,-2e-05,-0.000252,-1.3e-05,0.0,0.0,-0.000299,-0.000193,-0.000323,0.0,0.0,0.0,0.0,0.0,-5e-06,-0.000293,-0.000313,-0.000135,0.0,0.0,-0.000404,-2e-06,-0.00028,0.0,-0.0,-4.6e-05,0.0,0.0,-0.000328,-0.000235,0.0,0.0,0.0,-5.2e-05,0.0,-0.000193,0.0,0.0,-0.000317,0.0,0.0,-0.000276,0.0,0.0,0.0,0.0,-0.000236,-0.000301,0.0,-0.00012,0.0,-0.000504,-0.000506,0.0,-0.000176,0.0,-0.00027,-5.9e-05,0.0,-4.6e-05,-0.000609,-0.000312,-9.1e-05,-0.000233,-0.000508,-5.6e-05,0.0,0.0,0.0,0.0,-9.9e-05,-8.5e-05,-0.000282
2017-05-30 14:48:00+02:00,0.0,0.0,0.0,-0.000231,0.0,0.0,-3e-05,-8.2e-05,-0.000136,0.0,0.0,0.0,-0.000358,-0.00029,-5e-06,-0.000408,0.0,0.0,0.0,-0.00071,0.0,-0.000699,-0.000158,0.0,-0.00026,-0.000531,-6.1e-05,0.0,0.0,0.0,0.0,-0.000113,0.0,-0.000105,-0.000223,0.0,0.0,-0.000122,0.0,-0.000425,-6.8e-05,0.0,-8.7e-05,0.0,0.0,0.0,-3.2e-05,-0.000279,-1.3e-05,0.0,0.0,-0.000328,-0.000218,-0.000355,0.0,0.0,0.0,0.0,0.0,-1.2e-05,-0.000322,-0.000356,-0.000172,0.0,0.0,-0.000451,-6e-06,-0.000308,0.0,-3e-06,-5.9e-05,0.0,0.0,-0.000358,-0.000262,0.0,0.0,0.0,-7.7e-05,0.0,-0.000217,0.0,-3e-06,-0.00036,0.0,0.0,-0.000305,0.0,0.0,0.0,0.0,-0.000261,-0.000331,0.0,-0.000142,0.0,-0.000553,-0.000556,0.0,-0.000209,0.0,-0.000314,-7.3e-05,0.0,-6.5e-05,-0.00067,-0.000343,-0.00011,-0.000275,-0.000557,-7.6e-05,0.0,0.0,0.0,0.0,-0.000124,-0.000117,-0.000312
2017-05-30 14:49:00+02:00,0.0,0.0,0.0,-0.000259,0.0,0.0,-3.7e-05,-9.7e-05,-0.000155,0.0,0.0,0.0,-0.000392,-0.00032,-6e-06,-0.000442,0.0,0.0,0.0,-0.000752,0.0,-0.000741,-0.000187,0.0,-0.000296,-0.000566,-7.4e-05,0.0,0.0,0.0,0.0,-0.000131,0.0,-0.000122,-0.000248,0.0,0.0,-0.000149,0.0,-0.000472,-8.3e-05,0.0,-9.8e-05,0.0,0.0,0.0,-3.9e-05,-0.000297,-1.5e-05,0.0,0.0,-0.000348,-0.000235,-0.000388,0.0,0.0,0.0,0.0,0.0,-1.6e-05,-0.000342,-0.000399,-0.000197,0.0,0.0,-0.000484,-8e-06,-0.000328,0.0,-4e-06,-6.6e-05,0.0,0.0,-0.00038,-0.000291,0.0,0.0,0.0,-9.5e-05,0.0,-0.000235,0.0,-3e-06,-0.000404,0.0,0.0,-0.000334,0.0,0.0,0.0,0.0,-0.000279,-0.000363,0.0,-0.000158,0.0,-0.000588,-0.00059,0.0,-0.000242,0.0,-0.000345,-8.1e-05,0.0,-7.9e-05,-0.000732,-0.000376,-0.00013,-0.000305,-0.000592,-9.1e-05,0.0,0.0,0.0,0.0,-0.000138,-0.000138,-0.000343
2017-05-30 14:50:00+02:00,0.0,0.0,0.0,-0.000279,0.0,0.0,-4.4e-05,-0.000111,-0.000175,0.0,0.0,0.0,-0.000422,-0.000347,-8e-06,-0.000466,0.0,0.0,0.0,-0.000785,0.0,-0.000773,-0.000214,0.0,-0.000335,-0.000593,-8.6e-05,0.0,0.0,0.0,0.0,-0.00015,0.0,-0.00014,-0.000271,0.0,0.0,-0.000173,0.0,-0.000514,-9.6e-05,0.0,-0.000104,0.0,0.0,0.0,-4.3e-05,-0.000312,-1.9e-05,0.0,0.0,-0.000365,-0.000249,-0.000419,0.0,0.0,0.0,0.0,0.0,-2e-05,-0.000358,-0.000438,-0.000215,0.0,0.0,-0.000508,-1e-05,-0.000343,0.0,-6e-06,-7e-05,0.0,0.0,-0.000398,-0.000316,0.0,0.0,0.0,-0.000112,0.0,-0.000248,0.0,-2e-06,-0.000443,0.0,0.0,-0.000361,0.0,0.0,0.0,0.0,-0.000293,-0.000392,0.0,-0.00017,0.0,-0.000616,-0.000618,0.0,-0.000276,0.0,-0.000367,-8.7e-05,0.0,-9.1e-05,-0.000789,-0.000405,-0.000152,-0.000327,-0.000619,-0.000105,0.0,0.0,0.0,0.0,-0.000148,-0.000152,-0.000371
2017-05-30 14:51:00+02:00,0.0,0.0,0.0,-0.000309,0.0,0.0,-4.9e-05,-0.000122,-0.000196,0.0,0.0,0.0,-0.000456,-0.000377,-1.4e-05,-0.000502,0.0,0.0,0.0,-0.000808,0.0,-0.000796,-0.000236,0.0,-0.000375,-0.000631,-9.6e-05,0.0,0.0,0.0,0.0,-0.000171,0.0,-0.00016,-0.000296,0.0,0.0,-0.000192,0.0,-0.000561,-0.000107,0.0,-0.000106,0.0,0.0,0.0,-5.2e-05,-0.000322,-2.6e-05,0.0,0.0,-0.000377,-0.000268,-0.000453,0.0,0.0,0.0,0.0,0.0,-2.4e-05,-0.00037,-0.000481,-0.000241,0.0,0.0,-0.000544,-1.2e-05,-0.000354,0.0,-7e-06,-7.3e-05,0.0,0.0,-0.00041,-0.000344,0.0,0.0,0.0,-0.000125,0.0,-0.000267,0.0,-6e-06,-0.000486,0.0,0.0,-0.00039,0.0,0.0,0.0,0.0,-0.000313,-0.000425,0.0,-0.000186,0.0,-0.000655,-0.000657,0.0,-0.000313,0.0,-0.0004,-9e-05,0.0,-0.000102,-0.000851,-0.000438,-0.000177,-0.000358,-0.000658,-0.000116,0.0,0.0,0.0,0.0,-0.000153,-0.000175,-0.000401
2017-05-30 14:52:00+02:00,0.0,0.0,0.0,-0.000357,0.0,0.0,-5.8e-05,-0.000136,-0.000222,0.0,0.0,0.0,-0.000492,-0.000409,-2.6e-05,-0.000558,0.0,0.0,0.0,-0.000844,0.0,-0.000832,-0.000264,0.0,-0.000424,-0.000693,-0.000109,0.0,-9e-06,0.0,0.0,-0.000196,0.0,-0.000184,-0.000325,0.0,0.0,-0.000218,0.0,-0.000615,-0.000121,0.0,-0.00012,0.0,0.0,-1.4e-05,-7e-05,-0.000338,-3.9e-05,0.0,0.0,-0.000395,-0.000298,-0.000488,0.0,0.0,0.0,0.0,0.0,-3.5e-05,-0.000388,-0.000531,-0.000286,0.0,0.0,-0.000602,-1.7e-05,-0.000371,0.0,-1.3e-05,-8.1e-05,0.0,0.0,-0.000429,-0.000376,0.0,0.0,0.0,-0.000145,0.0,-0.000297,0.0,-3e-05,-0.000536,0.0,0.0,-0.000422,0.0,0.0,0.0,0.0,-0.000345,-0.000459,0.0,-0.000213,-7e-06,-0.000717,-0.00072,0.0,-0.000361,0.0,-0.000452,-9.9e-05,0.0,-0.000115,-0.000917,-0.000473,-0.000213,-0.000408,-0.000721,-0.00013,-3e-06,0.0,0.0,0.0,-0.00017,-0.000216,-0.000434
2017-05-30 14:53:00+02:00,0.0,0.0,0.0,-0.000446,0.0,0.0,-7.7e-05,-0.000159,-0.000268,0.0,0.0,0.0,-0.000544,-0.00046,-5.4e-05,-0.000662,0.0,0.0,0.0,-0.000894,0.0,-0.000882,-0.000309,0.0,-0.000514,-0.000808,-0.000131,0.0,-3.8e-05,0.0,0.0,-0.000243,0.0,-0.000229,-0.000372,0.0,0.0,-0.000262,0.0,-0.000704,-0.000144,0.0,-0.000151,0.0,0.0,-6.7e-05,-0.000108,-0.000362,-6.8e-05,0.0,0.0,-0.000421,-0.000354,-0.000541,0.0,0.0,0.0,0.0,0.0,-6.6e-05,-0.000413,-0.000616,-0.000372,0.0,0.0,-0.000709,-3.3e-05,-0.000395,0.0,-2.9e-05,-9.8e-05,0.0,0.0,-0.000456,-0.000425,0.0,0.0,0.0,-0.000184,0.0,-0.000352,0.0,-9.3e-05,-0.000622,0.0,0.0,-0.00047,0.0,0.0,0.0,0.0,-0.000404,-0.00051,0.0,-0.000262,-4.6e-05,-0.000832,-0.000835,0.0,-0.000448,0.0,-0.000547,-0.000117,0.0,-0.000139,-0.001016,-0.000525,-0.000282,-0.000501,-0.000837,-0.000153,-2.7e-05,-2e-06,0.0,-1e-05,-0.000203,-0.000297,-0.000485
2017-05-30 14:54:00+02:00,0.0,0.0,0.0,-0.000517,0.0,0.0,-8.9e-05,-0.000175,-0.000306,0.0,0.0,0.0,-0.000589,-0.000502,-7.7e-05,-0.000744,0.0,0.0,0.0,-0.000939,0.0,-0.000926,-0.00034,0.0,-0.000588,-0.0009,-0.000146,0.0,-6e-05,0.0,0.0,-0.000281,0.0,-0.000265,-0.000412,0.0,0.0,-0.000292,0.0,-0.000779,-0.00016,0.0,-0.000176,0.0,0.0,-0.000107,-0.000137,-0.000382,-9.1e-05,0.0,0.0,-0.000443,-0.000397,-0.000585,0.0,0.0,0.0,0.0,0.0,-8.6e-05,-0.000435,-0.000688,-0.000438,0.0,0.0,-0.000795,-4.3e-05,-0.000417,0.0,-3.9e-05,-0.000112,0.0,0.0,-0.000479,-0.000466,0.0,0.0,0.0,-0.000211,0.0,-0.000395,0.0,-0.00014,-0.000694,0.0,0.0,-0.000511,0.0,0.0,0.0,0.0,-0.000451,-0.000553,0.0,-0.000301,-7.8e-05,-0.000926,-0.000928,0.0,-0.000521,0.0,-0.000623,-0.000131,0.0,-0.000154,-0.0011,-0.000568,-0.000338,-0.000574,-0.00093,-0.000169,-4.4e-05,-4e-06,0.0,-1.4e-05,-0.00023,-0.000359,-0.000527
2017-05-30 14:55:00+02:00,0.0,0.0,0.0,-0.000577,0.0,0.0,-0.000101,-0.00019,-0.000339,0.0,0.0,0.0,-0.000627,-0.000538,-9.6e-05,-0.000815,0.0,0.0,0.0,-0.000977,0.0,-0.000964,-0.00037,0.0,-0.000652,-0.000979,-0.000161,0.0,-7.8e-05,0.0,0.0,-0.000313,0.0,-0.000297,-0.000446,0.0,0.0,-0.000322,0.0,-0.000845,-0.000176,0.0,-0.000198,0.0,0.0,-0.00014,-0.000161,-0.0004,-0.000111,0.0,0.0,-0.000462,-0.000434,-0.000623,0.0,0.0,0.0,0.0,0.0,-0.000106,-0.000454,-0.000751,-0.000495,0.0,0.0,-0.000868,-5.3e-05,-0.000435,0.0,-4.8e-05,-0.000124,0.0,0.0,-0.000498,-0.000502,0.0,0.0,0.0,-0.000236,0.0,-0.000432,0.0,-0.000179,-0.000757,0.0,0.0,-0.000547,0.0,0.0,0.0,0.0,-0.000491,-0.000591,0.0,-0.000333,-0.000105,-0.001006,-0.001009,0.0,-0.000583,0.0,-0.000688,-0.000143,0.0,-0.000169,-0.001173,-0.000605,-0.000387,-0.000636,-0.00101,-0.000184,-5.9e-05,-6e-06,0.0,-1.9e-05,-0.000253,-0.000412,-0.000564
2017-05-30 14:56:00+02:00,0.0,0.0,0.0,-0.000609,0.0,0.0,-0.000101,-0.000193,-0.000362,0.0,0.0,0.0,-0.000657,-0.000566,-0.000108,-0.000856,0.0,0.0,0.0,-0.00101,0.0,-0.000997,-0.000375,0.0,-0.000697,-0.001028,-0.000162,0.0,-8.4e-05,0.0,0.0,-0.000337,0.0,-0.000319,-0.000472,0.0,0.0,-0.000325,0.0,-0.000892,-0.000178,0.0,-0.000211,0.0,0.0,-0.00015,-0.000172,-0.000414,-0.000124,0.0,0.0,-0.000478,-0.000456,-0.000653,0.0,0.0,0.0,0.0,0.0,-0.000102,-0.00047,-0.000796,-0.000524,0.0,0.0,-0.000912,-5.1e-05,-0.00045,0.0,-4.6e-05,-0.000132,0.0,0.0,-0.000516,-0.000529,0.0,0.0,0.0,-0.000237,0.0,-0.000454,0.0,-0.000194,-0.000802,0.0,0.0,-0.000573,0.0,0.0,0.0,0.0,-0.000516,-0.000619,0.0,-0.000352,-0.000118,-0.001055,-0.001057,0.0,-0.000626,0.0,-0.000724,-0.000151,0.0,-0.000171,-0.001228,-0.000635,-0.000419,-0.00067,-0.001059,-0.000186,-6.1e-05,-5e-06,0.0,-1.5e-05,-0.000268,-0.000438,-0.000592
2017-05-30 14:57:00+02:00,0.0,0.0,0.0,-0.000634,0.0,0.0,-0.000105,-0.0002,-0.000397,0.0,0.0,0.0,-0.000703,-0.00061,-0.000132,-0.00089,0.0,0.0,0.0,-0.001061,0.0,-0.001048,-0.000389,0.0,-0.000765,-0.001068,-0.000168,0.0,-8.8e-05,0.0,0.0,-0.000373,0.0,-0.000354,-0.000512,0.0,0.0,-0.000336,0.0,-0.000965,-0.000184,0.0,-0.000238,0.0,0.0,-0.000156,-0.000181,-0.000438,-0.000147,0.0,0.0,-0.000505,-0.000475,-0.0007,0.0,0.0,0.0,0.0,0.0,-0.000109,-0.000496,-0.000865,-0.000547,0.0,0.0,-0.000948,-5.4e-05,-0.000475,0.0,-4.9e-05,-0.000146,0.0,0.0,-0.000544,-0.000572,0.0,0.0,0.0,-0.000247,0.0,-0.000473,0.0,-0.000204,-0.000871,0.0,0.0,-0.000614,0.0,0.0,0.0,0.0,-0.000537,-0.000665,0.0,-0.000367,-0.000153,-0.001096,-0.001098,0.0,-0.000692,0.0,-0.000753,-0.000166,0.0,-0.000177,-0.001312,-0.00068,-0.000473,-0.000697,-0.0011,-0.000194,-6.3e-05,-1e-05,0.0,-1.2e-05,-0.000297,-0.000459,-0.000635
2017-05-30 14:58:00+02:00,0.0,0.0,0.0,-0.000682,-6e-06,0.0,-0.000125,-0.000223,-0.000444,0.0,0.0,0.0,-0.000761,-0.000665,-0.000166,-0.000946,0.0,0.0,0.0,-0.001133,0.0,-0.00112,-0.000435,0.0,-0.000856,-0.00113,-0.00019,0.0,-0.000104,0.0,0.0,-0.00042,0.0,-0.0004,-0.000563,0.0,-1.1e-05,-0.00038,0.0,-0.001061,-0.000207,0.0,-0.000283,0.0,0.0,-0.000185,-0.0002,-0.000471,-0.000181,0.0,0.0,-0.000541,-0.000505,-0.000758,0.0,0.0,0.0,0.0,0.0,-0.000142,-0.000532,-0.000957,-0.000592,0.0,0.0,-0.001006,-7.1e-05,-0.000509,0.0,-6.7e-05,-0.000171,0.0,0.0,-0.000582,-0.000625,0.0,0.0,0.0,-0.000287,0.0,-0.000502,0.0,-0.000237,-0.000963,0.0,0.0,-0.000667,0.0,0.0,0.0,0.0,-0.000569,-0.000721,0.0,-0.000393,-0.000209,-0.001158,-0.001161,0.0,-0.000781,0.0,-0.000803,-0.000191,0.0,-0.0002,-0.001421,-0.000737,-0.000548,-0.000746,-0.001163,-0.000218,-7.6e-05,-2.6e-05,0.0,-3.3e-05,-0.000344,-0.000501,-0.000691
2017-05-30 14:59:00+02:00,0.0,0.0,0.0,-0.000723,-1.8e-05,0.0,-0.000146,-0.00025,-0.000477,0.0,0.0,0.0,-0.000801,-0.000702,-0.000188,-0.000994,0.0,0.0,0.0,-0.001183,0.0,-0.00117,-0.000487,0.0,-0.000921,-0.001184,-0.000215,0.0,-0.000118,0.0,0.0,-0.000453,0.0,-0.000432,-0.000598,0.0,-1.3e-05,-0.00043,0.0,-0.001129,-0.000234,0.0,-0.00031,0.0,-4e-06,-0.000211,-0.000217,-0.000494,-0.000203,0.0,0.0,-0.000566,-0.00053,-0.000797,0.0,0.0,0.0,0.0,0.0,-0.000178,-0.000556,-0.001022,-0.000631,0.0,0.0,-0.001056,-8.9e-05,-0.000533,0.0,-8.5e-05,-0.000186,0.0,0.0,-0.000607,-0.000662,0.0,0.0,0.0,-0.000332,0.0,-0.000527,0.0,-0.000266,-0.001029,0.0,0.0,-0.000704,0.0,0.0,0.0,-1e-06,-0.000596,-0.00076,0.0,-0.000415,-0.000246,-0.001213,-0.001216,0.0,-0.000843,0.0,-0.000847,-0.000206,0.0,-0.000226,-0.001497,-0.000776,-0.000601,-0.000789,-0.001218,-0.000244,-8.8e-05,-3.5e-05,0.0,-5.8e-05,-0.000374,-0.000538,-0.000728
2017-05-30 15:00:00+02:00,0.0,0.0,0.0,-0.000744,-1.8e-05,0.0,-0.000158,-0.000266,-0.000488,0.0,0.0,0.0,-0.000812,-0.000713,-0.000194,-0.001021,0.0,0.0,0.0,-0.001195,0.0,-0.001181,-0.000519,0.0,-0.000944,-0.001216,-0.00023,0.0,-0.000123,0.0,0.0,-0.000463,0.0,-0.000442,-0.000609,0.0,-1.1e-05,-0.000461,0.0,-0.001153,-0.000249,0.0,-0.000311,0.0,-3e-06,-0.000221,-0.000225,-0.000498,-0.00021,0.0,0.0,-0.00057,-0.000543,-0.000809,0.0,0.0,0.0,0.0,0.0,-0.000197,-0.00056,-0.001045,-0.00065,0.0,0.0,-0.001084,-9.8e-05,-0.000537,0.0,-9.4e-05,-0.000186,0.0,0.0,-0.000611,-0.000673,0.0,0.0,0.0,-0.000357,0.0,-0.00054,0.0,-0.000278,-0.001051,0.0,0.0,-0.000716,0.0,0.0,0.0,-1e-06,-0.00061,-0.000771,0.0,-0.000426,-0.000254,-0.001245,-0.001248,0.0,-0.000865,0.0,-0.000871,-0.000207,0.0,-0.000241,-0.001524,-0.000787,-0.000617,-0.000811,-0.00125,-0.00026,-9.2e-05,-3.3e-05,0.0,-6.9e-05,-0.000376,-0.000555,-0.00074
2017-05-30 15:01:00+02:00,0.0,0.0,0.0,-0.000775,-1.5e-05,0.0,-0.000165,-0.000275,-0.000558,0.0,0.0,0.0,-0.000881,-0.000784,-0.000247,-0.001055,0.0,0.0,0.0,-0.001151,0.0,-0.001137,-0.000538,0.0,-0.001082,-0.001251,-0.000239,0.0,-0.000136,0.0,0.0,-0.000534,0.0,-0.000509,-0.000677,0.0,-6.5e-05,-0.000479,0.0,-0.001286,-0.000258,0.0,-0.000274,0.0,-3e-06,-0.000247,-0.000239,-0.000477,-0.000263,0.0,0.0,-0.000547,-0.000559,-0.000878,0.0,0.0,0.0,0.0,0.0,-0.000206,-0.000538,-0.001173,-0.000681,0.0,0.0,-0.001119,-0.000103,-0.000516,0.0,-9.9e-05,-0.000166,0.0,0.0,-0.000587,-0.000744,0.0,0.0,0.0,-0.000372,0.0,-0.000556,0.0,-0.000306,-0.00118,0.0,0.0,-0.000784,0.0,0.0,0.0,-1e-06,-0.000627,-0.00084,0.0,-0.000441,-0.000347,-0.001281,-0.001284,0.0,-0.001,0.0,-0.000903,-0.000188,0.0,-0.00025,-0.001659,-0.000856,-0.000731,-0.000844,-0.001286,-0.00027,-0.000104,-2.6e-05,0.0,-7.2e-05,-0.000338,-0.000585,-0.000809
2017-05-30 15:02:00+02:00,0.0,0.0,0.0,-0.000784,-1.2e-05,0.0,-0.000162,-0.000274,-0.000604,0.0,0.0,0.0,-0.000923,-0.000828,-0.000282,-0.001063,0.0,0.0,0.0,-0.001109,0.0,-0.001095,-0.000536,0.0,-0.001173,-0.001259,-0.000238,0.0,-0.00014,0.0,0.0,-0.000581,0.0,-0.000552,-0.00072,0.0,-9.6e-05,-0.000476,0.0,-0.00137,-0.000256,0.0,-0.000237,0.0,-2e-06,-0.000253,-0.000243,-0.000456,-0.000297,0.0,0.0,-0.000524,-0.000562,-0.00092,0.0,0.0,0.0,0.0,0.0,-0.000198,-0.000515,-0.001256,-0.00069,0.0,0.0,-0.001127,-9.9e-05,-0.000494,0.0,-9.4e-05,-0.000147,0.0,0.0,-0.000564,-0.00079,0.0,0.0,0.0,-0.000366,0.0,-0.000559,0.0,-0.000313,-0.001263,0.0,0.0,-0.000827,0.0,0.0,0.0,-0.0,-0.00063,-0.000883,0.0,-0.000445,-0.000407,-0.001289,-0.001292,0.0,-0.001087,0.0,-0.000912,-0.000169,0.0,-0.000249,-0.001743,-0.000898,-0.000805,-0.000852,-0.001293,-0.000268,-0.000107,-2.1e-05,0.0,-6e-05,-0.000301,-0.000594,-0.000852
2017-05-30 15:03:00+02:00,0.0,0.0,0.0,-0.00078,-9e-06,0.0,-0.000156,-0.000269,-0.000639,0.0,0.0,0.0,-0.000962,-0.000867,-0.00031,-0.001058,0.0,0.0,0.0,-0.001069,0.0,-0.001055,-0.000528,0.0,-0.001245,-0.001254,-0.000233,0.0,-0.000138,0.0,0.0,-0.000618,0.0,-0.000586,-0.000756,0.0,-0.000121,-0.000468,0.0,-0.001443,-0.000252,0.0,-0.000201,0.0,-2e-06,-0.00025,-0.000242,-0.000435,-0.000325,0.0,0.0,-0.000502,-0.000559,-0.000959,0.0,0.0,0.0,0.0,0.0,-0.000185,-0.000493,-0.001325,-0.000686,0.0,0.0,-0.001122,-9.2e-05,-0.000474,0.0,-8.8e-05,-0.000128,0.0,0.0,-0.000542,-0.000828,0.0,0.0,0.0,-0.000356,0.0,-0.000556,0.0,-0.00031,-0.001332,0.0,0.0,-0.000866,0.0,0.0,0.0,-0.0,-0.000626,-0.000922,0.0,-0.000442,-0.000455,-0.001284,-0.001287,0.0,-0.001158,0.0,-0.000908,-0.00015,0.0,-0.000244,-0.001821,-0.000937,-0.000865,-0.000848,-0.001289,-0.000263,-0.000105,-1.7e-05,0.0,-4.8e-05,-0.000265,-0.00059,-0.000891
2017-05-30 15:04:00+02:00,0.0,0.0,0.0,-0.000769,-8e-06,0.0,-0.000149,-0.000263,-0.000668,0.0,0.0,0.0,-0.000995,-0.0009,-0.000331,-0.001047,0.0,0.0,0.0,-0.001035,0.0,-0.001021,-0.000515,0.0,-0.001302,-0.001244,-0.000227,0.0,-0.000132,0.0,0.0,-0.000648,0.0,-0.000615,-0.000787,0.0,-0.000138,-0.000455,0.0,-0.0015,-0.000245,0.0,-0.000169,0.0,-1e-06,-0.000238,-0.000236,-0.000418,-0.000346,0.0,0.0,-0.000484,-0.000553,-0.000993,0.0,0.0,0.0,0.0,0.0,-0.00017,-0.000476,-0.00138,-0.000675,0.0,0.0,-0.001111,-8.5e-05,-0.000457,0.0,-8e-05,-0.000112,0.0,0.0,-0.000524,-0.000862,0.0,0.0,0.0,-0.000342,0.0,-0.00055,0.0,-0.000299,-0.001387,0.0,0.0,-0.000897,0.0,0.0,0.0,-0.0,-0.00062,-0.000955,0.0,-0.000436,-0.000492,-0.001273,-0.001276,0.0,-0.001214,0.0,-0.000897,-0.000134,0.0,-0.000237,-0.001885,-0.00097,-0.000912,-0.000837,-0.001278,-0.000256,-9.8e-05,-1.3e-05,0.0,-3.8e-05,-0.000233,-0.00058,-0.000924
2017-05-30 15:05:00+02:00,0.0,0.0,0.0,-0.000763,-6e-06,0.0,-0.000139,-0.000253,-0.000691,0.0,0.0,0.0,-0.001025,-0.000928,-0.000349,-0.001043,0.0,0.0,0.0,-0.000994,0.0,-0.00098,-0.000495,0.0,-0.001345,-0.00124,-0.000216,0.0,-0.000128,0.0,0.0,-0.000673,0.0,-0.000638,-0.000812,0.0,-0.000148,-0.000434,0.0,-0.001545,-0.000234,0.0,-0.000137,0.0,-1e-06,-0.00023,-0.000233,-0.000395,-0.000362,0.0,0.0,-0.000463,-0.000552,-0.001022,0.0,0.0,0.0,0.0,0.0,-0.00015,-0.000455,-0.001422,-0.000669,0.0,0.0,-0.001106,-7.5e-05,-0.000436,0.0,-7e-05,-9.4e-05,0.0,0.0,-0.000503,-0.00089,0.0,0.0,0.0,-0.000322,0.0,-0.000549,0.0,-0.000291,-0.001429,0.0,0.0,-0.000921,0.0,0.0,0.0,-0.0,-0.000619,-0.000984,0.0,-0.000434,-0.000518,-0.00127,-0.001273,0.0,-0.001257,0.0,-0.000892,-0.000117,0.0,-0.000226,-0.001936,-0.000998,-0.000947,-0.000832,-0.001275,-0.000246,-9.4e-05,-1.1e-05,0.0,-3.1e-05,-0.0002,-0.000573,-0.000951
2017-05-30 15:06:00+02:00,0.0,0.0,0.0,-0.000747,-5e-06,0.0,-0.000128,-0.000243,-0.0007,0.0,0.0,0.0,-0.001038,-0.000942,-0.000356,-0.001027,0.0,0.0,0.0,-0.000965,0.0,-0.000951,-0.000476,0.0,-0.001364,-0.001226,-0.000206,0.0,-0.000119,0.0,0.0,-0.000684,0.0,-0.000649,-0.000826,0.0,-0.000146,-0.000413,0.0,-0.001567,-0.000223,0.0,-0.00011,0.0,-1e-06,-0.000212,-0.000224,-0.000378,-0.000369,0.0,0.0,-0.000448,-0.000544,-0.001036,0.0,0.0,0.0,0.0,0.0,-0.000129,-0.00044,-0.001442,-0.000653,0.0,0.0,-0.001091,-6.4e-05,-0.000421,0.0,-5.9e-05,-8.1e-05,0.0,0.0,-0.000488,-0.000904,0.0,0.0,0.0,-0.000301,0.0,-0.000541,0.0,-0.000274,-0.001449,0.0,0.0,-0.000933,0.0,0.0,0.0,-0.0,-0.000612,-0.000997,0.0,-0.000426,-0.000528,-0.001255,-0.001258,0.0,-0.001276,0.0,-0.000875,-0.000104,0.0,-0.000216,-0.001959,-0.001012,-0.000962,-0.000816,-0.00126,-0.000236,-8.5e-05,-9e-06,0.0,-2.5e-05,-0.000173,-0.000557,-0.000964
2017-05-30 15:07:00+02:00,0.0,0.0,0.0,-0.000725,-4e-06,0.0,-0.000128,-0.000245,-0.000718,0.0,0.0,0.0,-0.001055,-0.00096,-0.000366,-0.001004,0.0,0.0,0.0,-0.000945,0.0,-0.000932,-0.000479,0.0,-0.001396,-0.001203,-0.000207,0.0,-0.000109,0.0,0.0,-0.000702,0.0,-0.000665,-0.000842,0.0,-0.000148,-0.000415,0.0,-0.001595,-0.000225,0.0,-8.8e-05,0.0,-1e-06,-0.000192,-0.000214,-0.000366,-0.000379,0.0,0.0,-0.000437,-0.000533,-0.001053,0.0,0.0,0.0,0.0,0.0,-0.000128,-0.000429,-0.001469,-0.000631,0.0,0.0,-0.001068,-6.3e-05,-0.00041,0.0,-5.8e-05,-6.8e-05,0.0,0.0,-0.000478,-0.000922,0.0,0.0,0.0,-0.000301,0.0,-0.000529,0.0,-0.000254,-0.001476,0.0,0.0,-0.000947,0.0,0.0,0.0,-0.0,-0.000601,-0.001014,0.0,-0.000415,-0.000542,-0.001232,-0.001235,0.0,-0.001307,0.0,-0.000852,-9.2e-05,0.0,-0.000217,-0.001987,-0.001028,-0.000984,-0.000793,-0.001237,-0.000238,-7.4e-05,-7e-06,0.0,-2e-05,-0.00015,-0.000535,-0.00098
2017-05-30 15:08:00+02:00,0.0,0.0,0.0,-0.000741,-3e-06,0.0,-0.000139,-0.000258,-0.000747,0.0,0.0,0.0,-0.001088,-0.000992,-0.000386,-0.001024,0.0,0.0,0.0,-0.00095,0.0,-0.000936,-0.000505,0.0,-0.001455,-0.001226,-0.000219,0.0,-0.000114,0.0,0.0,-0.000732,0.0,-0.000693,-0.000872,0.0,-0.000165,-0.000441,0.0,-0.001654,-0.000238,0.0,-8.3e-05,0.0,-1e-06,-0.000202,-0.00022,-0.000365,-0.000399,0.0,0.0,-0.000438,-0.000543,-0.001086,0.0,0.0,0.0,0.0,0.0,-0.000147,-0.00043,-0.001525,-0.000646,0.0,0.0,-0.001089,-7.3e-05,-0.00041,0.0,-6.7e-05,-6.6e-05,0.0,0.0,-0.00048,-0.000954,0.0,0.0,0.0,-0.000324,0.0,-0.00054,0.0,-0.000265,-0.001532,0.0,0.0,-0.000978,0.0,0.0,0.0,-0.0,-0.000612,-0.001047,0.0,-0.000424,-0.000575,-0.001255,-0.001258,0.0,-0.001363,0.0,-0.000871,-9e-05,0.0,-0.00023,-0.002051,-0.001061,-0.001029,-0.000811,-0.00126,-0.000251,-7.8e-05,-5e-06,0.0,-2.5e-05,-0.000146,-0.000549,-0.001012
2017-05-30 15:09:00+02:00,0.0,0.0,0.0,-0.000797,-1.3e-05,0.0,-0.000161,-0.000284,-0.000799,0.0,0.0,0.0,-0.001152,-0.001054,-0.000422,-0.001091,0.0,0.0,0.0,-0.000997,0.0,-0.000982,-0.000558,0.0,-0.001557,-0.001301,-0.000245,0.0,-0.000132,0.0,0.0,-0.000784,0.0,-0.000743,-0.000929,0.0,-0.000206,-0.000492,0.0,-0.001763,-0.000265,0.0,-0.000105,0.0,-1e-06,-0.000237,-0.000242,-0.000384,-0.000435,0.0,0.0,-0.00046,-0.000578,-0.001151,0.0,0.0,0.0,0.0,0.0,-0.000187,-0.000451,-0.00163,-0.000697,0.0,0.0,-0.001159,-9.3e-05,-0.000431,0.0,-8.8e-05,-7.8e-05,0.0,0.0,-0.000503,-0.001014,0.0,0.0,0.0,-0.000371,0.0,-0.000574,0.0,-0.000302,-0.001637,0.0,0.0,-0.001039,0.0,0.0,0.0,-0.0,-0.00065,-0.001111,0.0,-0.000454,-0.000638,-0.001332,-0.001334,0.0,-0.001462,0.0,-0.000932,-0.000103,0.0,-0.000257,-0.002176,-0.001125,-0.001112,-0.000869,-0.001336,-0.000278,-9.5e-05,-4e-06,0.0,-5.2e-05,-0.00017,-0.000596,-0.001075
2017-05-30 15:10:00+02:00,0.0,0.0,0.0,-0.000932,-7.1e-05,0.0,-0.000211,-0.000342,-0.000903,0.0,0.0,0.0,-0.001282,-0.001177,-0.000499,-0.001249,0.0,0.0,0.0,-0.00114,0.0,-0.001124,-0.000672,0.0,-0.00176,-0.001476,-0.000299,0.0,-0.000181,0.0,0.0,-0.000888,0.0,-0.000845,-0.001044,0.0,-0.000301,-0.000601,0.0,-0.001978,-0.000323,0.0,-0.000193,0.0,-5.1e-05,-0.000331,-0.000298,-0.000448,-0.000511,0.0,0.0,-0.000531,-0.000662,-0.00128,0.0,0.0,0.0,0.0,0.0,-0.000279,-0.000521,-0.001834,-0.000824,0.0,0.0,-0.001323,-0.000139,-0.000499,0.0,-0.000135,-0.000126,0.0,0.0,-0.000578,-0.001135,0.0,0.0,0.0,-0.000473,0.0,-0.000657,0.0,-0.0004,-0.001842,-9e-06,0.0,-0.001157,0.0,0.0,0.0,-2.4e-05,-0.00074,-0.001237,0.0,-0.000529,-0.000769,-0.001509,-0.001512,0.0,-0.001657,0.0,-0.001078,-0.000151,0.0,-0.000313,-0.002418,-0.001252,-0.00128,-0.00101,-0.001514,-0.000337,-0.000141,-2.4e-05,0.0,-0.000127,-0.000263,-0.000716,-0.001197
2017-05-30 15:11:00+02:00,0.0,0.0,-6.4e-05,-0.001178,-0.000207,0.0,-0.000304,-0.00045,-0.001078,-4.3e-05,0.0,0.0,-0.001502,-0.001387,-0.000637,-0.00153,-3e-06,0.0,0.0,-0.001413,0.0,-0.001395,-0.000885,0.0,-0.002099,-0.001782,-0.000401,0.0,-0.000277,0.0,0.0,-0.001067,0.0,-0.00102,-0.001239,0.0,-0.000488,-0.000805,0.0,-0.002337,-0.000432,0.0,-0.00038,0.0,-0.000176,-0.000515,-0.000403,-0.000576,-0.000645,0.0,0.0,-0.000672,-0.000814,-0.001501,0.0,0.0,-3.5e-05,0.0,0.0,-0.000454,-0.00066,-0.002178,-0.001059,0.0,-7.4e-05,-0.001613,-0.000226,-0.000631,0.0,-0.000225,-0.000227,-2.7e-05,0.0,-0.000723,-0.001341,0.0,-8.2e-05,0.0,-0.000666,0.0,-0.000807,0.0,-0.000592,-0.002187,-9.6e-05,-1.3e-05,-0.001354,0.0,0.0,0.0,-8.9e-05,-0.000899,-0.001453,0.0,-0.000666,-0.001006,-0.001818,-0.001821,0.0,-0.001986,0.0,-0.00134,-0.00025,0.0,-0.00042,-0.002825,-0.001468,-0.001568,-0.001264,-0.001823,-0.000447,-0.000233,-9.4e-05,0.0,-0.00028,-0.000457,-0.00094,-0.001407
2017-05-30 15:12:00+02:00,0.0,0.0,-0.000153,-0.001465,-0.000343,0.0,-0.000399,-0.000558,-0.001276,-9.8e-05,0.0,0.0,-0.00175,-0.001623,-0.000786,-0.001857,-3.3e-05,0.0,0.0,-0.001733,0.0,-0.001714,-0.001096,0.0,-0.002485,-0.002136,-0.000506,0.0,-0.000389,-7e-06,0.0,-0.001266,0.0,-0.001214,-0.001457,0.0,-0.000681,-0.001015,0.0,-0.002743,-0.000543,0.0,-0.000589,0.0,-0.000304,-0.000732,-0.000526,-0.000723,-0.00079,0.0,0.0,-0.000834,-0.000989,-0.00175,0.0,0.0,-9.6e-05,0.0,0.0,-0.000631,-0.00082,-0.002566,-0.001333,0.0,-0.000171,-0.00195,-0.000314,-0.000784,0.0,-0.000315,-0.000339,-6.9e-05,-4e-06,-0.000892,-0.001572,0.0,-0.000189,0.0,-0.000861,0.0,-0.000979,0.0,-0.000817,-0.002576,-0.000187,-5.3e-05,-0.001578,0.0,0.0,0.0,-0.000154,-0.001083,-0.001696,0.0,-0.000825,-0.00126,-0.002176,-0.00218,0.0,-0.002356,-1.3e-05,-0.001645,-0.000362,0.0,-0.00053,-0.003288,-0.001712,-0.001887,-0.001561,-0.002182,-0.000557,-0.00034,-0.000176,0.0,-0.000433,-0.000674,-0.001201,-0.001642
2017-05-30 15:13:00+02:00,0.0,0.0,-0.000202,-0.001694,-0.00043,0.0,-0.000468,-0.000636,-0.001439,-0.00013,0.0,0.0,-0.001959,-0.001818,-0.000899,-0.002123,-3e-05,0.0,0.0,-0.002004,0.0,-0.001984,-0.001253,0.0,-0.002806,-0.002427,-0.000583,0.0,-0.000472,-5e-06,0.0,-0.001427,0.0,-0.001368,-0.001635,0.0,-0.000818,-0.001171,0.0,-0.003086,-0.000624,0.0,-0.000748,0.0,-0.000384,-0.000892,-0.000621,-0.000845,-0.000903,0.0,0.0,-0.000966,-0.001127,-0.001959,0.0,0.0,-0.000121,0.0,0.0,-0.000754,-0.000951,-0.00289,-0.00155,0.0,-0.000228,-0.002225,-0.000376,-0.000912,0.0,-0.000377,-0.000424,-8.8e-05,-3e-06,-0.001031,-0.001762,0.0,-0.000251,0.0,-0.001003,0.0,-0.001116,0.0,-0.000985,-0.002901,-0.000235,-5.8e-05,-0.001772,0.0,0.0,0.0,-0.000193,-0.001229,-0.001899,0.0,-0.000949,-0.001455,-0.002471,-0.002475,0.0,-0.002662,-1e-05,-0.001891,-0.000449,0.0,-0.000609,-0.00369,-0.001916,-0.002145,-0.001799,-0.002477,-0.000636,-0.000418,-0.000234,0.0,-0.000536,-0.000841,-0.001406,-0.00184
2017-05-30 15:14:00+02:00,0.0,0.0,-0.000225,-0.00186,-0.000476,0.0,-0.000512,-0.00069,-0.001551,-0.000142,0.0,0.0,-0.002104,-0.001952,-0.000968,-0.002321,-2.4e-05,0.0,0.0,-0.002218,0.0,-0.002196,-0.001359,0.0,-0.003029,-0.002648,-0.000635,0.0,-0.000526,-4e-06,0.0,-0.001534,0.0,-0.00147,-0.001755,0.0,-0.000894,-0.001276,0.0,-0.003329,-0.000677,0.0,-0.000866,0.0,-0.000423,-0.000999,-0.000688,-0.000939,-0.000976,0.0,0.0,-0.001067,-0.001226,-0.002104,0.0,0.0,-0.000123,0.0,0.0,-0.000831,-0.001051,-0.003119,-0.001705,0.0,-0.000258,-0.002431,-0.000414,-0.001011,0.0,-0.000415,-0.000486,-9e-05,-3e-06,-0.001135,-0.001891,0.0,-0.000275,0.0,-0.001096,0.0,-0.001216,0.0,-0.001099,-0.003131,-0.000247,-4.7e-05,-0.001911,0.0,0.0,0.0,-0.000211,-0.001336,-0.002039,0.0,-0.001035,-0.001578,-0.002694,-0.002698,0.0,-0.002874,-8e-06,-0.002072,-0.000513,0.0,-0.000662,-0.003982,-0.002059,-0.002319,-0.001973,-0.002701,-0.000688,-0.000469,-0.000273,0.0,-0.000594,-0.000967,-0.001551,-0.001978
2017-05-30 15:15:00+02:00,0.0,0.0,-0.000212,-0.001963,-0.00049,0.0,-0.000539,-0.000726,-0.001612,-0.000134,0.0,0.0,-0.002188,-0.002029,-0.000999,-0.002451,-1.9e-05,0.0,0.0,-0.002361,0.0,-0.002338,-0.001432,0.0,-0.003155,-0.002796,-0.00067,0.0,-0.000553,-3e-06,0.0,-0.001592,0.0,-0.001524,-0.001823,0.0,-0.000913,-0.001346,0.0,-0.003474,-0.000711,0.0,-0.000931,0.0,-0.000431,-0.001052,-0.000725,-0.001,-0.001011,0.0,0.0,-0.001132,-0.001289,-0.002187,0.0,0.0,-9.9e-05,0.0,0.0,-0.000873,-0.001116,-0.003253,-0.0018,0.0,-0.000251,-0.002567,-0.000435,-0.001076,0.0,-0.000434,-0.00052,-7.3e-05,-2e-06,-0.001203,-0.001965,0.0,-0.00026,0.0,-0.001154,0.0,-0.001279,0.0,-0.001158,-0.003265,-0.000232,-3.7e-05,-0.001995,0.0,0.0,0.0,-0.000214,-0.001405,-0.00212,0.0,-0.001087,-0.001634,-0.002845,-0.00285,0.0,-0.002994,-7e-06,-0.002187,-0.00055,0.0,-0.000696,-0.004158,-0.002142,-0.002411,-0.002083,-0.002852,-0.000722,-0.000493,-0.000289,0.0,-0.00062,-0.001037,-0.001636,-0.002059
2017-05-30 15:16:00+02:00,0.0,0.0,-0.00017,-0.002044,-0.000453,0.0,-0.000541,-0.00074,-0.001664,-0.000121,0.0,0.0,-0.002261,-0.002096,-0.001026,-0.002557,-1.5e-05,0.0,0.0,-0.002438,0.0,-0.002414,-0.00146,0.0,-0.003262,-0.002919,-0.000681,0.0,-0.000571,-3e-06,0.0,-0.001642,0.0,-0.001571,-0.001882,0.0,-0.000923,-0.001368,0.0,-0.003595,-0.000722,0.0,-0.000936,0.0,-0.000389,-0.001087,-0.000753,-0.001029,-0.001039,0.0,0.0,-0.001165,-0.001342,-0.00226,0.0,0.0,-7.9e-05,0.0,0.0,-0.000864,-0.001148,-0.003365,-0.001872,0.0,-0.000201,-0.00268,-0.00043,-0.001108,0.0,-0.000428,-0.000524,-5.8e-05,-2e-06,-0.001239,-0.002029,0.0,-0.000234,0.0,-0.001164,0.0,-0.001332,0.0,-0.001198,-0.003377,-0.000186,-3e-05,-0.002066,0.0,0.0,0.0,-0.000191,-0.001464,-0.002191,0.0,-0.00113,-0.001677,-0.002971,-0.002976,0.0,-0.003095,-5e-06,-0.00228,-0.000556,0.0,-0.000707,-0.004306,-0.002214,-0.002487,-0.00217,-0.002979,-0.000734,-0.000508,-0.000284,0.0,-0.000594,-0.001048,-0.001701,-0.002128
2017-05-30 15:17:00+02:00,0.0,0.0,-0.000136,-0.002118,-0.000432,0.0,-0.000551,-0.000763,-0.001717,-0.000108,0.0,0.0,-0.00234,-0.002168,-0.001055,-0.002655,-1.2e-05,0.0,0.0,-0.002522,0.0,-0.002496,-0.001505,0.0,-0.003366,-0.003034,-0.0007,0.0,-0.000587,-2e-06,0.0,-0.001695,0.0,-0.001622,-0.001946,0.0,-0.000938,-0.001407,0.0,-0.003717,-0.000743,0.0,-0.000952,0.0,-0.000363,-0.001117,-0.000777,-0.001065,-0.001069,0.0,0.0,-0.001205,-0.001393,-0.002339,0.0,0.0,-6.3e-05,0.0,0.0,-0.000868,-0.001188,-0.003477,-0.001939,0.0,-0.000161,-0.002783,-0.000432,-0.001146,0.0,-0.00043,-0.000534,-4.7e-05,-1e-06,-0.001282,-0.002099,0.0,-0.00021,0.0,-0.001189,0.0,-0.001383,0.0,-0.001233,-0.003491,-0.000149,-2.4e-05,-0.002137,0.0,0.0,0.0,-0.000177,-0.001521,-0.002267,0.0,-0.001171,-0.001722,-0.003087,-0.003093,0.0,-0.003195,-4e-06,-0.002365,-0.000568,0.0,-0.000727,-0.004457,-0.002291,-0.002565,-0.00225,-0.003096,-0.000757,-0.000521,-0.000284,0.0,-0.000584,-0.00107,-0.00176,-0.002202
2017-05-30 15:18:00+02:00,0.0,0.0,-0.000109,-0.002179,-0.000403,0.0,-0.000553,-0.000776,-0.001774,-9.3e-05,0.0,0.0,-0.002421,-0.00224,-0.001085,-0.002737,-1e-05,0.0,0.0,-0.002571,0.0,-0.002545,-0.001533,0.0,-0.003477,-0.00313,-0.00071,0.0,-0.000599,-2e-06,0.0,-0.001751,0.0,-0.001674,-0.00201,0.0,-0.000951,-0.001429,0.0,-0.003834,-0.000755,0.0,-0.000947,0.0,-0.000329,-0.001139,-0.000797,-0.00108,-0.001099,0.0,0.0,-0.001227,-0.001438,-0.00242,0.0,0.0,-5.1e-05,0.0,0.0,-0.000859,-0.001209,-0.003585,-0.001992,0.0,-0.000128,-0.00287,-0.000428,-0.001165,0.0,-0.000425,-0.000533,-3.7e-05,-1e-06,-0.001308,-0.002169,0.0,-0.00018,0.0,-0.001199,0.0,-0.001427,0.0,-0.00126,-0.003599,-0.000119,-1.9e-05,-0.002205,0.0,0.0,0.0,-0.000159,-0.00157,-0.002344,0.0,-0.001207,-0.001765,-0.003186,-0.003191,0.0,-0.003295,-3e-06,-0.002435,-0.000568,0.0,-0.000739,-0.004604,-0.002369,-0.002639,-0.002315,-0.003195,-0.000771,-0.00053,-0.000275,0.0,-0.000563,-0.001068,-0.001806,-0.002274
2017-05-30 15:19:00+02:00,0.0,0.0,-8.7e-05,-0.002227,-0.000363,0.0,-0.000552,-0.000787,-0.001816,-7.4e-05,0.0,0.0,-0.002501,-0.002312,-0.001104,-0.002809,-8e-06,0.0,0.0,-0.002587,0.0,-0.002559,-0.001552,0.0,-0.00355,-0.003219,-0.000717,0.0,-0.000604,-1e-06,0.0,-0.001796,0.0,-0.001717,-0.002071,0.0,-0.00093,-0.001443,0.0,-0.00392,-0.000767,0.0,-0.000914,0.0,-0.000285,-0.001143,-0.000808,-0.001076,-0.001113,0.0,0.0,-0.001237,-0.001486,-0.002502,0.0,0.0,-4e-05,0.0,0.0,-0.000842,-0.001217,-0.003661,-0.002032,0.0,-0.000103,-0.002948,-0.000419,-0.001168,0.0,-0.000417,-0.000519,-3e-05,-1e-06,-0.001323,-0.002238,0.0,-0.000144,0.0,-0.001201,0.0,-0.001472,0.0,-0.001269,-0.003676,-9.5e-05,-1.5e-05,-0.002259,0.0,0.0,0.0,-0.000135,-0.001624,-0.002421,0.0,-0.001245,-0.001774,-0.003277,-0.003283,0.0,-0.003359,-3e-06,-0.002494,-0.000555,0.0,-0.000749,-0.004725,-0.002444,-0.002678,-0.002369,-0.003287,-0.000783,-0.000531,-0.000253,0.0,-0.000532,-0.001039,-0.001839,-0.002342
2017-05-30 15:20:00+02:00,0.0,0.0,-7e-05,-0.002354,-0.000404,0.0,-0.00059,-0.000837,-0.001908,-8.9e-05,0.0,0.0,-0.002637,-0.002439,-0.001174,-0.002962,-6e-06,0.0,0.0,-0.002711,0.0,-0.002682,-0.001651,0.0,-0.003728,-0.00339,-0.000763,0.0,-0.000647,-1e-06,0.0,-0.001893,0.0,-0.001814,-0.002186,0.0,-0.001005,-0.001537,0.0,-0.004123,-0.000818,0.0,-0.00098,0.0,-0.000321,-0.001224,-0.000858,-0.001127,-0.001179,0.0,0.0,-0.001301,-0.001572,-0.002639,0.0,0.0,-3.2e-05,0.0,0.0,-0.000906,-0.001279,-0.003852,-0.002152,0.0,-9.8e-05,-0.003108,-0.00045,-0.001225,0.0,-0.00045,-0.000556,-3.2e-05,-1e-06,-0.001392,-0.002362,0.0,-0.000173,0.0,-0.001282,0.0,-0.001556,0.0,-0.001356,-0.003867,-0.000104,-1.2e-05,-0.002373,0.0,0.0,0.0,-0.000154,-0.001715,-0.002552,0.0,-0.00132,-0.001885,-0.003451,-0.003457,0.0,-0.003533,-2e-06,-0.002633,-0.000591,0.0,-0.000799,-0.004967,-0.002576,-0.002827,-0.002503,-0.003461,-0.000835,-0.000571,-0.000281,0.0,-0.000582,-0.001109,-0.00195,-0.002467
2017-05-30 15:21:00+02:00,0.0,0.0,-5.6e-05,-0.002349,-0.000358,0.0,-0.000572,-0.00082,-0.001904,-7.2e-05,0.0,0.0,-0.002645,-0.002445,-0.001164,-0.002966,-5e-06,0.0,0.0,-0.002767,0.0,-0.002738,-0.001618,0.0,-0.003721,-0.0034,-0.000747,0.0,-0.000635,-1e-06,0.0,-0.001891,0.0,-0.001812,-0.002189,0.0,-0.000968,-0.001505,0.0,-0.004125,-0.000802,0.0,-0.000989,0.0,-0.000274,-0.001201,-0.00085,-0.001156,-0.001169,0.0,0.0,-0.001329,-0.001575,-0.002647,0.0,0.0,-2.6e-05,0.0,0.0,-0.000869,-0.001307,-0.003851,-0.002143,0.0,-7.8e-05,-0.003114,-0.000431,-0.001252,0.0,-0.00043,-0.000563,-2.5e-05,-1e-06,-0.001422,-0.002367,0.0,-0.000138,0.0,-0.001247,0.0,-0.001559,0.0,-0.001335,-0.003866,-8.3e-05,-1e-05,-0.002377,0.0,0.0,0.0,-0.000129,-0.001721,-0.002559,0.0,-0.001319,-0.00186,-0.003462,-0.003468,0.0,-0.003527,-2e-06,-0.002632,-0.000599,0.0,-0.000783,-0.004978,-0.002583,-0.002814,-0.002499,-0.003472,-0.000818,-0.000559,-0.00028,0.0,-0.000539,-0.001122,-0.001937,-0.002472
2017-05-30 15:22:00+02:00,0.0,0.0,-4.5e-05,-0.002233,-0.000286,0.0,-0.000521,-0.000765,-0.001814,-5.7e-05,0.0,0.0,-0.002536,-0.002341,-0.001088,-0.002842,-4e-06,0.0,0.0,-0.00268,0.0,-0.002651,-0.001508,0.0,-0.003548,-0.00327,-0.000694,0.0,-0.000583,-1e-06,0.0,-0.0018,0.0,-0.001723,-0.002091,0.0,-0.000851,-0.001399,0.0,-0.003947,-0.000746,0.0,-0.000911,0.0,-0.000219,-0.001101,-0.000796,-0.001118,-0.001096,0.0,0.0,-0.001284,-0.001507,-0.002537,0.0,0.0,-2.1e-05,0.0,0.0,-0.000772,-0.001262,-0.003679,-0.002029,0.0,-6.3e-05,-0.002988,-0.000383,-0.001209,0.0,-0.000381,-0.000522,-2e-05,-0.0,-0.001375,-0.002265,0.0,-0.00011,0.0,-0.001145,0.0,-0.001492,0.0,-0.001232,-0.003694,-6.7e-05,-8e-06,-0.00228,0.0,0.0,0.0,-0.000103,-0.001651,-0.002453,0.0,-0.001255,-0.001727,-0.003331,-0.003337,0.0,-0.003361,-1e-06,-0.002512,-0.000559,0.0,-0.000727,-0.004779,-0.002477,-0.002663,-0.002381,-0.003341,-0.000761,-0.000508,-0.000242,0.0,-0.000446,-0.001043,-0.001827,-0.00237
2017-05-30 15:23:00+02:00,0.0,0.0,-3.6e-05,-0.002028,-0.000229,0.0,-0.000451,-0.000686,-0.001674,-4.6e-05,0.0,0.0,-0.002368,-0.002182,-0.000975,-0.002617,-3e-06,0.0,0.0,-0.002479,0.0,-0.002451,-0.001354,0.0,-0.003277,-0.003031,-0.00062,0.0,-0.000498,-1e-06,0.0,-0.00166,0.0,-0.001586,-0.001942,0.0,-0.00068,-0.00125,0.0,-0.003669,-0.000668,0.0,-0.00075,0.0,-0.000175,-0.000936,-0.000705,-0.001026,-0.000986,0.0,0.0,-0.001181,-0.001387,-0.002369,0.0,0.0,-1.7e-05,0.0,0.0,-0.000638,-0.001161,-0.00341,-0.001832,0.0,-5e-05,-0.002757,-0.000316,-0.001112,0.0,-0.000312,-0.000437,-1.6e-05,-0.0,-0.001269,-0.002109,0.0,-8.8e-05,0.0,-0.001001,0.0,-0.001374,0.0,-0.001062,-0.003424,-5.3e-05,-6e-06,-0.002128,0.0,0.0,0.0,-8.2e-05,-0.001527,-0.002289,0.0,-0.001143,-0.001526,-0.00309,-0.003096,0.0,-0.0031,-1e-06,-0.002299,-0.000476,0.0,-0.00065,-0.004466,-0.002312,-0.00243,-0.002172,-0.003099,-0.000681,-0.000426,-0.000193,0.0,-0.000356,-0.00088,-0.001636,-0.00221
2017-05-30 15:24:00+02:00,0.0,0.0,-2.9e-05,-0.001887,-0.000183,0.0,-0.00041,-0.000639,-0.001578,-3.7e-05,0.0,0.0,-0.002258,-0.002075,-0.000904,-0.002458,-3e-06,0.0,0.0,-0.002343,0.0,-0.002316,-0.00126,0.0,-0.003091,-0.002859,-0.000575,0.0,-0.000443,-0.0,0.0,-0.001565,0.0,-0.001494,-0.001842,0.0,-0.000582,-0.001161,0.0,-0.003485,-0.000621,0.0,-0.00065,0.0,-0.00014,-0.00083,-0.000644,-0.000964,-0.000917,0.0,0.0,-0.001112,-0.001302,-0.002258,0.0,0.0,-1.3e-05,0.0,0.0,-0.000562,-0.001093,-0.003233,-0.001696,0.0,-4e-05,-0.002593,-0.000279,-0.001046,0.0,-0.000273,-0.000384,-1.3e-05,-0.0,-0.001197,-0.002004,0.0,-7.1e-05,0.0,-0.000917,0.0,-0.001289,0.0,-0.000952,-0.003247,-4.3e-05,-5e-06,-0.002028,0.0,0.0,0.0,-6.6e-05,-0.001437,-0.002181,0.0,-0.001065,-0.001404,-0.002917,-0.002922,0.0,-0.002925,-1e-06,-0.00215,-0.000423,0.0,-0.000604,-0.004262,-0.002203,-0.00228,-0.002027,-0.002926,-0.000632,-0.000374,-0.000155,0.0,-0.000285,-0.000777,-0.001506,-0.002105
2017-05-30 15:25:00+02:00,0.0,0.0,-2.3e-05,-0.00179,-0.000147,0.0,-0.000381,-0.000603,-0.001497,-2.9e-05,0.0,0.0,-0.002162,-0.001986,-0.000849,-0.002346,-2e-06,0.0,0.0,-0.002247,0.0,-0.002221,-0.001189,0.0,-0.002936,-0.002736,-0.000542,0.0,-0.000408,-0.0,0.0,-0.001486,0.0,-0.001419,-0.001759,0.0,-0.000514,-0.001094,0.0,-0.003331,-0.000585,0.0,-0.000587,0.0,-0.000112,-0.000762,-0.000603,-0.000922,-0.000863,0.0,0.0,-0.001063,-0.001241,-0.002163,0.0,0.0,-1.1e-05,0.0,0.0,-0.000512,-0.001045,-0.003086,-0.001604,0.0,-3.2e-05,-0.002477,-0.000254,-0.001001,0.0,-0.000247,-0.00035,-1e-05,-0.0,-0.001146,-0.001917,0.0,-5.7e-05,0.0,-0.000856,0.0,-0.00123,0.0,-0.00088,-0.0031,-3.4e-05,-4e-06,-0.001943,0.0,0.0,0.0,-5.3e-05,-0.001373,-0.002088,0.0,-0.001011,-0.001311,-0.002793,-0.002799,0.0,-0.00278,-1e-06,-0.002046,-0.000389,0.0,-0.000569,-0.004085,-0.00211,-0.002161,-0.001926,-0.002802,-0.000595,-0.00034,-0.000124,0.0,-0.000234,-0.000711,-0.001419,-0.002015
2017-05-30 15:26:00+02:00,0.0,0.0,-1.8e-05,-0.001714,-0.000117,0.0,-0.000357,-0.000572,-0.001437,-2.3e-05,0.0,0.0,-0.002088,-0.001916,-0.00081,-0.002255,-2e-06,0.0,0.0,-0.002166,0.0,-0.00214,-0.001128,0.0,-0.002819,-0.002636,-0.000513,0.0,-0.000382,-0.0,0.0,-0.001426,0.0,-0.001362,-0.001695,0.0,-0.00047,-0.001036,0.0,-0.003212,-0.000554,0.0,-0.00054,0.0,-9e-05,-0.000712,-0.000572,-0.000887,-0.000825,0.0,0.0,-0.001023,-0.001193,-0.002089,0.0,0.0,-8e-06,0.0,0.0,-0.000472,-0.001005,-0.002973,-0.001532,0.0,-2.6e-05,-0.002383,-0.000234,-0.000962,0.0,-0.000227,-0.000324,-8e-06,-0.0,-0.001103,-0.001848,0.0,-4.5e-05,0.0,-0.000805,0.0,-0.001182,0.0,-0.000826,-0.002986,-2.7e-05,-3e-06,-0.001876,0.0,0.0,0.0,-4.2e-05,-0.001321,-0.002015,0.0,-0.000968,-0.001246,-0.002691,-0.002696,0.0,-0.00267,-1e-06,-0.001963,-0.000364,0.0,-0.000538,-0.003948,-0.002037,-0.002072,-0.001846,-0.002699,-0.000564,-0.000316,-9.9e-05,0.0,-0.000196,-0.000661,-0.001351,-0.001945
2017-05-30 15:27:00+02:00,0.0,0.0,-1.5e-05,-0.001644,-9.4e-05,0.0,-0.000343,-0.000556,-0.001375,-1.9e-05,0.0,0.0,-0.002005,-0.00184,-0.000773,-0.002171,-1e-06,0.0,0.0,-0.00208,0.0,-0.002055,-0.001096,0.0,-0.0027,-0.002542,-0.000496,0.0,-0.000359,-0.0,0.0,-0.001365,0.0,-0.001305,-0.001627,0.0,-0.000434,-0.001002,0.0,-0.003086,-0.000536,0.0,-0.000495,0.0,-7.2e-05,-0.000668,-0.000545,-0.00085,-0.000787,0.0,0.0,-0.000981,-0.001148,-0.002005,0.0,0.0,-7e-06,0.0,0.0,-0.00045,-0.000964,-0.002854,-0.001467,0.0,-2.1e-05,-0.002296,-0.000223,-0.000923,0.0,-0.000216,-0.0003,-7e-06,-0.0,-0.001058,-0.001775,0.0,-3.6e-05,0.0,-0.000777,0.0,-0.001137,0.0,-0.00078,-0.002867,-2.2e-05,-3e-06,-0.001802,0.0,0.0,0.0,-3.4e-05,-0.001272,-0.001935,0.0,-0.000929,-0.001185,-0.002596,-0.002601,0.0,-0.002559,-0.0,-0.001887,-0.000339,0.0,-0.000521,-0.003793,-0.001956,-0.001984,-0.001774,-0.002604,-0.000547,-0.000295,-7.9e-05,0.0,-0.000175,-0.000613,-0.001291,-0.001867
2017-05-30 15:28:00+02:00,0.0,0.0,-1.2e-05,-0.001595,-7.5e-05,0.0,-0.000333,-0.000542,-0.00133,-1.5e-05,0.0,0.0,-0.001935,-0.001777,-0.000746,-0.002108,-1e-06,0.0,0.0,-0.00201,0.0,-0.001986,-0.001071,0.0,-0.002615,-0.002469,-0.000483,0.0,-0.000345,-0.0,0.0,-0.001319,0.0,-0.001261,-0.001572,0.0,-0.000417,-0.000976,0.0,-0.002988,-0.000521,0.0,-0.000466,0.0,-5.7e-05,-0.000643,-0.000527,-0.000821,-0.000761,0.0,0.0,-0.000945,-0.001112,-0.001935,0.0,0.0,-5e-06,0.0,0.0,-0.000434,-0.000929,-0.002764,-0.001422,0.0,-1.6e-05,-0.002229,-0.000215,-0.00089,0.0,-0.000208,-0.000283,-5e-06,-0.0,-0.00102,-0.001714,0.0,-2.9e-05,0.0,-0.000755,0.0,-0.001102,0.0,-0.000752,-0.002776,-1.7e-05,-2e-06,-0.001743,0.0,0.0,0.0,-2.7e-05,-0.001233,-0.001868,0.0,-0.0009,-0.001146,-0.002522,-0.002527,0.0,-0.002479,-0.0,-0.001831,-0.000322,0.0,-0.000506,-0.003668,-0.001889,-0.001921,-0.001721,-0.00253,-0.000534,-0.000283,-6.4e-05,0.0,-0.000162,-0.000582,-0.001251,-0.001804
2017-05-30 15:29:00+02:00,0.0,0.0,-9e-06,-0.001541,-6e-05,0.0,-0.000321,-0.000527,-0.0013,-1.2e-05,0.0,0.0,-0.001891,-0.001737,-0.000728,-0.00204,-1e-06,0.0,0.0,-0.001948,0.0,-0.001923,-0.00104,0.0,-0.002558,-0.002391,-0.000467,0.0,-0.000329,-0.0,0.0,-0.001288,0.0,-0.001231,-0.001536,0.0,-0.000408,-0.000945,0.0,-0.002927,-0.000503,0.0,-0.000439,0.0,-4.6e-05,-0.000613,-0.000507,-0.000794,-0.000745,0.0,0.0,-0.000913,-0.001074,-0.00189,0.0,0.0,-4e-06,0.0,0.0,-0.000413,-0.000897,-0.002707,-0.001373,0.0,-1.3e-05,-0.002157,-0.000204,-0.000861,0.0,-0.000197,-0.000268,-4e-06,-0.0,-0.000986,-0.001675,0.0,-2.3e-05,0.0,-0.000728,0.0,-0.001065,0.0,-0.000719,-0.002719,-1.4e-05,-2e-06,-0.001709,0.0,0.0,0.0,-2.2e-05,-0.001191,-0.001826,0.0,-0.000868,-0.001122,-0.002443,-0.002448,0.0,-0.002426,-0.0,-0.001771,-0.000306,0.0,-0.000489,-0.003593,-0.001846,-0.001881,-0.001664,-0.00245,-0.000517,-0.000268,-5.1e-05,0.0,-0.000144,-0.000552,-0.001206,-0.001765
2017-05-30 15:30:00+02:00,0.0,0.0,-8e-06,-0.001506,-4.8e-05,0.0,-0.00031,-0.000514,-0.001282,-1e-05,0.0,0.0,-0.001862,-0.001711,-0.000719,-0.001995,-1e-06,0.0,0.0,-0.001914,0.0,-0.001891,-0.001015,0.0,-0.002527,-0.002339,-0.000454,0.0,-0.000318,-0.0,0.0,-0.001269,0.0,-0.001213,-0.001513,0.0,-0.000408,-0.000918,0.0,-0.002893,-0.000488,0.0,-0.000425,0.0,-3.7e-05,-0.000593,-0.000494,-0.00078,-0.000736,0.0,0.0,-0.000895,-0.001047,-0.001861,0.0,0.0,-3e-06,0.0,0.0,-0.000395,-0.00088,-0.002676,-0.001341,0.0,-1.1e-05,-0.00211,-0.000196,-0.000846,0.0,-0.000188,-0.000259,-3e-06,-0.0,-0.000965,-0.00165,0.0,-1.9e-05,0.0,-0.000705,0.0,-0.001039,0.0,-0.000697,-0.002688,-1.1e-05,-1e-06,-0.00169,0.0,0.0,0.0,-1.7e-05,-0.001162,-0.001799,0.0,-0.000845,-0.001112,-0.00239,-0.002395,0.0,-0.002398,-0.0,-0.001732,-0.000298,0.0,-0.000475,-0.003549,-0.001819,-0.001861,-0.001627,-0.002397,-0.000503,-0.000258,-4.2e-05,0.0,-0.000127,-0.000537,-0.001177,-0.001741
2017-05-30 15:31:00+02:00,0.0,0.0,-6e-06,-0.001523,-4.4e-05,0.0,-0.000315,-0.000518,-0.001296,-8e-06,0.0,0.0,-0.001876,-0.001724,-0.000732,-0.002009,-1e-06,0.0,0.0,-0.001849,0.0,-0.001826,-0.001025,0.0,-0.002558,-0.002351,-0.000459,0.0,-0.000328,-0.0,0.0,-0.001281,0.0,-0.001224,-0.001525,0.0,-0.000436,-0.000927,0.0,-0.002928,-0.000492,0.0,-0.000409,0.0,-2.9e-05,-0.000613,-0.000504,-0.000739,-0.000751,0.0,0.0,-0.000859,-0.00105,-0.001874,0.0,0.0,-3e-06,0.0,0.0,-0.000407,-0.000845,-0.002709,-0.001359,0.0,-8e-06,-0.002123,-0.000201,-0.000813,0.0,-0.000193,-0.000249,-3e-06,-0.0,-0.000929,-0.001663,0.0,-1.5e-05,0.0,-0.000715,0.0,-0.001044,0.0,-0.000717,-0.002722,-9e-06,-1e-06,-0.001709,0.0,0.0,0.0,-1.4e-05,-0.001165,-0.001813,0.0,-0.00085,-0.001142,-0.002402,-0.002407,0.0,-0.002429,-0.0,-0.001748,-0.000287,0.0,-0.000479,-0.003588,-0.001834,-0.001892,-0.001643,-0.002409,-0.000507,-0.000268,-3.9e-05,0.0,-0.000138,-0.000517,-0.001196,-0.001756
2017-05-30 15:32:00+02:00,0.0,0.0,-5e-06,-0.001581,-6.6e-05,0.0,-0.000334,-0.000538,-0.001338,-6e-06,0.0,0.0,-0.001923,-0.001769,-0.000765,-0.00207,-0.0,0.0,0.0,-0.001855,0.0,-0.001831,-0.001064,0.0,-0.002645,-0.002415,-0.000478,0.0,-0.000352,-0.0,0.0,-0.001322,0.0,-0.001263,-0.001567,0.0,-0.000493,-0.000966,0.0,-0.00302,-0.00051,0.0,-0.000437,0.0,-3.9e-05,-0.000662,-0.00053,-0.000732,-0.000785,0.0,0.0,-0.000858,-0.001078,-0.001921,0.0,0.0,-2e-06,0.0,0.0,-0.000444,-0.000844,-0.002798,-0.001415,0.0,-7e-06,-0.002185,-0.00022,-0.000814,0.0,-0.000212,-0.000262,-2e-06,-0.0,-0.000928,-0.001707,0.0,-1.2e-05,0.0,-0.000753,0.0,-0.001072,0.0,-0.000767,-0.00281,-7e-06,-1e-06,-0.00176,0.0,0.0,0.0,-1.7e-05,-0.001194,-0.00186,0.0,-0.000878,-0.001208,-0.002466,-0.002471,0.0,-0.002513,-0.0,-0.001807,-0.000299,0.0,-0.000498,-0.003691,-0.001881,-0.001969,-0.001702,-0.002474,-0.000526,-0.000293,-5.4e-05,0.0,-0.000172,-0.000543,-0.001251,-0.001804
2017-05-30 15:33:00+02:00,0.0,0.0,-4e-06,-0.001651,-9.9e-05,0.0,-0.00036,-0.000568,-0.001391,-5e-06,0.0,0.0,-0.001983,-0.001827,-0.000805,-0.00215,-0.0,0.0,0.0,-0.001887,0.0,-0.001862,-0.001124,0.0,-0.00275,-0.002501,-0.000507,0.0,-0.00038,-0.0,0.0,-0.001372,0.0,-0.001312,-0.001621,0.0,-0.000552,-0.001024,0.0,-0.003131,-0.00054,0.0,-0.000472,0.0,-6.2e-05,-0.000716,-0.000561,-0.000737,-0.000826,0.0,0.0,-0.000871,-0.001117,-0.001981,0.0,0.0,-2e-06,0.0,0.0,-0.000495,-0.000857,-0.002904,-0.001483,0.0,-5e-06,-0.002267,-0.000245,-0.000827,0.0,-0.000237,-0.00028,-2e-06,-0.0,-0.000942,-0.001764,0.0,-9e-06,0.0,-0.000809,0.0,-0.001111,0.0,-0.000823,-0.002917,-6e-06,-1e-06,-0.00182,0.0,0.0,0.0,-2.6e-05,-0.001235,-0.001919,0.0,-0.000913,-0.001283,-0.002553,-0.002557,0.0,-0.002615,-0.0,-0.001881,-0.000316,0.0,-0.000527,-0.003815,-0.001941,-0.002059,-0.001775,-0.00256,-0.000555,-0.000319,-7.3e-05,0.0,-0.000217,-0.000578,-0.001315,-0.001863
2017-05-30 15:34:00+02:00,0.0,0.0,-3e-06,-0.001763,-0.000164,0.0,-0.00041,-0.000626,-0.001497,-1.4e-05,0.0,0.0,-0.00212,-0.001957,-0.000887,-0.00228,-0.0,0.0,0.0,-0.001965,0.0,-0.00194,-0.001241,0.0,-0.002958,-0.002643,-0.000562,0.0,-0.000421,-0.0,0.0,-0.00148,0.0,-0.001418,-0.001741,0.0,-0.000663,-0.001136,0.0,-0.00335,-0.000598,0.0,-0.000527,0.0,-0.000117,-0.000796,-0.000607,-0.000764,-0.000905,0.0,0.0,-0.000909,-0.001188,-0.002119,0.0,0.0,-1e-06,0.0,0.0,-0.000585,-0.000894,-0.003113,-0.001588,0.0,-4e-06,-0.002401,-0.00029,-0.000862,0.0,-0.000283,-0.000309,-1e-06,-0.0,-0.000984,-0.00189,0.0,-2.8e-05,0.0,-0.000912,0.0,-0.00118,0.0,-0.000907,-0.003127,-1.6e-05,-1e-06,-0.00194,0.0,0.0,0.0,-5.3e-05,-0.001309,-0.002053,0.0,-0.000977,-0.001424,-0.002697,-0.002701,0.0,-0.002815,-0.0,-0.002002,-0.000344,0.0,-0.000584,-0.004068,-0.002075,-0.002233,-0.001891,-0.002704,-0.000616,-0.000358,-9.9e-05,0.0,-0.000295,-0.000634,-0.001416,-0.001991
2017-05-30 15:35:00+02:00,0.0,0.0,-8e-06,-0.001996,-0.000281,0.0,-0.000496,-0.000732,-0.001688,-5.2e-05,0.0,0.0,-0.002393,-0.002217,-0.001044,-0.00255,-0.0,0.0,0.0,-0.002167,0.0,-0.002139,-0.00145,0.0,-0.003323,-0.002938,-0.000659,0.0,-0.000506,-0.0,0.0,-0.001686,0.0,-0.001625,-0.001981,0.0,-0.000845,-0.001336,0.0,-0.003745,-0.00071,0.0,-0.000659,0.0,-0.000223,-0.000958,-0.000701,-0.000846,-0.001046,0.0,0.0,-0.001018,-0.001348,-0.002396,0.0,0.0,-1e-06,0.0,0.0,-0.000743,-0.000999,-0.003489,-0.001809,0.0,-2.4e-05,-0.00268,-0.000367,-0.000954,0.0,-0.000365,-0.000382,-1.8e-05,-0.0,-0.001103,-0.002146,0.0,-9.9e-05,0.0,-0.001095,0.0,-0.001333,0.0,-0.001077,-0.003503,-7.5e-05,-0.0,-0.002154,0.0,0.0,0.0,-0.000108,-0.001476,-0.002319,0.0,-0.001122,-0.001665,-0.002995,-0.003,0.0,-0.003167,-0.0,-0.002252,-0.000413,0.0,-0.000692,-0.004526,-0.002338,-0.002538,-0.002133,-0.003003,-0.000729,-0.000439,-0.00016,0.0,-0.000431,-0.00077,-0.001623,-0.00224
2017-05-30 15:36:00+02:00,0.0,0.0,-0.000135,-0.002305,-0.000467,0.0,-0.000611,-0.000861,-0.00188,-0.000133,0.0,0.0,-0.002524,-0.002385,-0.001201,-0.002898,-3.8e-05,0.0,0.0,-0.002474,0.0,-0.002446,-0.001709,0.0,-0.003706,-0.003312,-0.000784,0.0,-0.000629,-8e-06,0.0,-0.001879,0.0,-0.001815,-0.002196,0.0,-0.001084,-0.001588,0.0,-0.004166,-0.000839,0.0,-0.000895,0.0,-0.0004,-0.0012,-0.000835,-0.000986,-0.001202,0.0,0.0,-0.001168,-0.001527,-0.002529,0.0,0.0,-8.7e-05,0.0,0.0,-0.000961,-0.001148,-0.003891,-0.002106,0.0,-0.000162,-0.003038,-0.000475,-0.0011,0.0,-0.000475,-0.000505,-8.5e-05,-1.7e-05,-0.001259,-0.002331,0.0,-0.000259,0.0,-0.001333,0.0,-0.00151,0.0,-0.001326,-0.003906,-0.000213,-5.4e-05,-0.002304,0.0,-7e-06,0.0,-0.000197,-0.001662,-0.002464,0.0,-0.001286,-0.001952,-0.003373,-0.003378,0.0,-0.003544,-2.6e-05,-0.002579,-0.000534,0.0,-0.00082,-0.004792,-0.002475,-0.002879,-0.002452,-0.003382,-0.000859,-0.000558,-0.000272,0.0,-0.000631,-0.001011,-0.001909,-0.002392
2017-05-30 15:37:00+02:00,0.0,0.0,-0.000108,-0.002208,-0.000374,0.0,-0.000563,-0.000812,-0.001816,-0.000107,0.0,0.0,-0.002482,-0.002332,-0.001137,-0.002805,-3.1e-05,0.0,0.0,-0.002341,0.0,-0.002312,-0.001612,0.0,-0.003585,-0.003222,-0.000736,0.0,-0.000575,-6e-06,0.0,-0.001812,0.0,-0.001748,-0.002129,0.0,-0.000971,-0.001491,0.0,-0.004055,-0.000787,0.0,-0.000776,0.0,-0.00032,-0.001095,-0.000785,-0.000916,-0.001144,0.0,0.0,-0.001095,-0.001474,-0.002486,0.0,0.0,-7e-05,0.0,0.0,-0.000861,-0.001076,-0.003779,-0.002007,0.0,-0.000129,-0.002946,-0.000426,-0.001033,0.0,-0.000423,-0.000442,-6.8e-05,-1.3e-05,-0.001185,-0.002273,0.0,-0.000208,0.0,-0.001235,0.0,-0.001459,0.0,-0.001222,-0.003794,-0.000171,-4.3e-05,-0.002268,0.0,-6e-06,0.0,-0.000158,-0.001611,-0.002419,0.0,-0.001231,-0.001839,-0.003283,-0.003289,0.0,-0.003426,-2.1e-05,-0.002483,-0.000473,0.0,-0.000769,-0.004728,-0.002433,-0.002765,-0.002355,-0.003292,-0.000808,-0.000504,-0.000218,0.0,-0.000529,-0.00089,-0.001809,-0.002348
2017-05-30 15:38:00+02:00,0.0,0.0,-8.6e-05,-0.002078,-0.000299,0.0,-0.000509,-0.000756,-0.001734,-8.5e-05,0.0,0.0,-0.00241,-0.002252,-0.001062,-0.002669,-2.4e-05,0.0,0.0,-0.002185,0.0,-0.002156,-0.001501,0.0,-0.003426,-0.00308,-0.000682,0.0,-0.000513,-5e-06,0.0,-0.001727,0.0,-0.001663,-0.002042,0.0,-0.000848,-0.00138,0.0,-0.003899,-0.000729,0.0,-0.000646,0.0,-0.000256,-0.000973,-0.000723,-0.000837,-0.001073,0.0,0.0,-0.001013,-0.001399,-0.002413,0.0,0.0,-5.6e-05,0.0,0.0,-0.000755,-0.000994,-0.003626,-0.001879,0.0,-0.000104,-0.002808,-0.000373,-0.000955,0.0,-0.000369,-0.000374,-5.4e-05,-1.1e-05,-0.0011,-0.00219,0.0,-0.000166,0.0,-0.001126,0.0,-0.001387,0.0,-0.001099,-0.003641,-0.000136,-3.4e-05,-0.002202,0.0,-4e-06,0.0,-0.000126,-0.001535,-0.002344,0.0,-0.001158,-0.001707,-0.003142,-0.003148,0.0,-0.003271,-1.7e-05,-0.002351,-0.000406,0.0,-0.000711,-0.004602,-0.002361,-0.002622,-0.002224,-0.003151,-0.000749,-0.000443,-0.000174,0.0,-0.000425,-0.000758,-0.001682,-0.002274
2017-05-30 15:39:00+02:00,0.0,0.0,-6.9e-05,-0.002001,-0.000239,0.0,-0.000481,-0.000726,-0.001678,-6.8e-05,0.0,0.0,-0.002353,-0.002191,-0.00101,-0.002584,-2e-05,0.0,0.0,-0.002074,0.0,-0.002045,-0.001441,0.0,-0.003319,-0.00299,-0.000653,0.0,-0.000479,-4e-06,0.0,-0.001667,0.0,-0.001602,-0.001975,0.0,-0.000769,-0.001321,0.0,-0.003786,-0.000697,0.0,-0.00056,0.0,-0.000205,-0.000907,-0.000688,-0.000782,-0.001025,0.0,0.0,-0.000954,-0.00135,-0.002355,0.0,0.0,-4.5e-05,0.0,0.0,-0.000697,-0.000936,-0.003515,-0.001804,0.0,-8.3e-05,-0.002721,-0.000345,-0.0009,0.0,-0.000339,-0.000329,-4.3e-05,-8e-06,-0.001039,-0.002126,0.0,-0.000133,0.0,-0.001067,0.0,-0.00134,0.0,-0.001032,-0.00353,-0.000109,-2.8e-05,-0.002154,0.0,-4e-06,0.0,-0.000101,-0.001485,-0.002286,0.0,-0.001113,-0.001617,-0.003051,-0.003057,0.0,-0.003163,-1.3e-05,-0.00227,-0.000362,0.0,-0.00068,-0.004507,-0.002305,-0.002522,-0.002145,-0.00306,-0.000717,-0.000409,-0.000139,0.0,-0.000368,-0.00067,-0.001609,-0.002218
2017-05-30 15:40:00+02:00,0.0,0.0,-5.5e-05,-0.001977,-0.000196,0.0,-0.000465,-0.000711,-0.001661,-5.5e-05,0.0,0.0,-0.002343,-0.002177,-0.00099,-0.00256,-1.6e-05,0.0,0.0,-0.00199,0.0,-0.001962,-0.001411,0.0,-0.003283,-0.002964,-0.000638,0.0,-0.000468,-3e-06,0.0,-0.001648,0.0,-0.001583,-0.001955,0.0,-0.000729,-0.001292,0.0,-0.003742,-0.000682,0.0,-0.000495,0.0,-0.000164,-0.000885,-0.000677,-0.000739,-0.001004,0.0,0.0,-0.00091,-0.001339,-0.002345,0.0,0.0,-3.6e-05,0.0,0.0,-0.000665,-0.000893,-0.003472,-0.001781,0.0,-6.6e-05,-0.002696,-0.000328,-0.000858,0.0,-0.000322,-0.000294,-3.5e-05,-7e-06,-0.000996,-0.00211,0.0,-0.000106,0.0,-0.001037,0.0,-0.001328,0.0,-0.001009,-0.003487,-8.7e-05,-2.2e-05,-0.002139,0.0,-3e-06,0.0,-8.1e-05,-0.001473,-0.002274,0.0,-0.001102,-0.001577,-0.003026,-0.003032,0.0,-0.003124,-1.1e-05,-0.002246,-0.000328,0.0,-0.000665,-0.004483,-0.002294,-0.002482,-0.002121,-0.003035,-0.000702,-0.000398,-0.000112,0.0,-0.000335,-0.000603,-0.001586,-0.002204
2017-05-30 15:41:00+02:00,0.0,0.0,-4.4e-05,-0.002013,-0.000197,0.0,-0.000475,-0.000724,-0.001685,-4.4e-05,0.0,0.0,-0.002389,-0.002216,-0.001008,-0.002601,-1.3e-05,0.0,0.0,-0.001998,0.0,-0.001969,-0.001438,0.0,-0.003329,-0.003009,-0.00065,0.0,-0.000481,-2e-06,0.0,-0.001674,0.0,-0.001609,-0.001987,0.0,-0.000745,-0.001319,0.0,-0.003793,-0.000696,0.0,-0.000486,0.0,-0.000154,-0.00091,-0.000691,-0.000739,-0.001019,0.0,0.0,-0.000915,-0.001363,-0.002392,0.0,0.0,-2.9e-05,0.0,0.0,-0.000681,-0.000897,-0.00352,-0.001815,0.0,-5.3e-05,-0.002738,-0.000336,-0.00086,0.0,-0.00033,-0.00029,-2.8e-05,-5e-06,-0.001002,-0.002148,0.0,-8.5e-05,0.0,-0.001059,0.0,-0.001351,0.0,-0.001036,-0.003535,-7e-05,-1.8e-05,-0.002172,0.0,-2e-06,0.0,-7.4e-05,-0.001498,-0.002317,0.0,-0.001124,-0.001602,-0.003071,-0.003077,0.0,-0.003168,-8e-06,-0.002284,-0.000324,0.0,-0.000679,-0.004559,-0.002337,-0.002517,-0.002158,-0.00308,-0.000716,-0.00041,-9.9e-05,0.0,-0.000348,-0.000595,-0.001618,-0.002243
2017-05-30 15:42:00+02:00,0.0,0.0,-3.5e-05,-0.002056,-0.000194,0.0,-0.000482,-0.000735,-0.001713,-3.5e-05,0.0,0.0,-0.002447,-0.00227,-0.00103,-0.002655,-1e-05,0.0,0.0,-0.002046,0.0,-0.002017,-0.00146,0.0,-0.003379,-0.003071,-0.000659,0.0,-0.000493,-2e-06,0.0,-0.001707,0.0,-0.001644,-0.002032,0.0,-0.000754,-0.001338,0.0,-0.003851,-0.00071,0.0,-0.000495,0.0,-0.000141,-0.000933,-0.000706,-0.000757,-0.001035,0.0,0.0,-0.000942,-0.0014,-0.002452,0.0,0.0,-2.3e-05,0.0,0.0,-0.000692,-0.000923,-0.003574,-0.001854,0.0,-4.2e-05,-0.002795,-0.000341,-0.000881,0.0,-0.000336,-0.000297,-2.2e-05,-4e-06,-0.001034,-0.002199,0.0,-6.8e-05,0.0,-0.001076,0.0,-0.001384,0.0,-0.001061,-0.003589,-5.6e-05,-1.4e-05,-0.002206,0.0,-2e-06,0.0,-6.5e-05,-0.001537,-0.002373,0.0,-0.001156,-0.001625,-0.003135,-0.00314,0.0,-0.003214,-7e-06,-0.002332,-0.00033,0.0,-0.000691,-0.004642,-0.002391,-0.002554,-0.002204,-0.003144,-0.00073,-0.000421,-9.5e-05,0.0,-0.000354,-0.000607,-0.001654,-0.002291
2017-05-30 15:43:00+02:00,0.0,0.0,-2.8e-05,-0.00229,-0.000287,0.0,-0.00055,-0.000822,-0.001863,-6.4e-05,0.0,0.0,-0.002694,-0.002506,-0.001162,-0.002928,-8e-06,0.0,0.0,-0.002317,0.0,-0.002287,-0.001633,0.0,-0.003658,-0.003372,-0.000736,0.0,-0.000579,-2e-06,0.0,-0.00188,0.0,-0.001824,-0.002247,0.0,-0.000878,-0.001501,0.0,-0.004153,-0.000808,0.0,-0.000657,0.0,-0.000221,-0.001091,-0.000796,-0.000875,-0.001142,0.0,0.0,-0.001098,-0.001579,-0.002705,0.0,0.0,-1.8e-05,0.0,0.0,-0.00082,-0.001072,-0.003862,-0.002075,0.0,-4.4e-05,-0.003078,-0.000402,-0.001008,0.0,-0.000406,-0.000391,-2.8e-05,-3e-06,-0.001206,-0.002432,0.0,-0.000121,0.0,-0.001225,0.0,-0.001549,0.0,-0.001229,-0.003879,-7.9e-05,-1.1e-05,-0.002367,0.0,-1e-06,0.0,-0.000107,-0.001722,-0.002612,0.0,-0.001319,-0.0018,-0.003438,-0.003444,0.0,-0.003479,-5e-06,-0.002584,-0.000417,0.0,-0.000783,-0.005004,-0.002624,-0.002782,-0.002446,-0.003448,-0.00083,-0.000501,-0.000164,0.0,-0.000463,-0.000776,-0.00186,-0.002506
2017-05-30 15:44:00+02:00,0.0,0.0,-0.000208,-0.002687,-0.000547,0.0,-0.000704,-0.000994,-0.002113,-0.000178,-1.2e-05,0.0,-0.002831,-0.002687,-0.001378,-0.003371,-8.4e-05,0.0,-1.2e-05,-0.002785,0.0,-0.002753,-0.001978,0.0,-0.004147,-0.003844,-0.000901,0.0,-0.000744,-2.8e-05,0.0,-0.00214,0.0,-0.002084,-0.002486,0.0,-0.001185,-0.001839,0.0,-0.004574,-0.000987,0.0,-0.001,0.0,-0.000471,-0.001414,-0.000969,-0.001093,-0.001344,0.0,0.0,-0.001341,-0.001821,-0.002847,0.0,0.0,-0.000149,0.0,0.0,-0.001117,-0.00131,-0.004341,-0.002458,0.0,-0.000238,-0.003532,-0.000547,-0.001232,0.0,-0.000558,-0.000574,-0.000125,-3.2e-05,-0.00146,-0.002633,0.0,-0.000343,0.0,-0.001546,0.0,-0.001784,0.0,-0.00156,-0.004353,-0.000278,-0.000105,-0.002507,0.0,-2.8e-05,0.0,-0.000237,-0.001971,-0.002766,0.0,-0.001545,-0.002167,-0.003914,-0.00392,0.0,-0.003956,-5.4e-05,-0.003001,-0.000594,0.0,-0.000959,-0.005254,-0.002767,-0.003213,-0.002853,-0.003924,-0.001011,-0.000661,-0.000323,0.0,-0.000739,-0.001128,-0.002231,-0.002663
2017-05-30 15:45:00+02:00,0.0,0.0,-0.000166,-0.002544,-0.000438,0.0,-0.000647,-0.000932,-0.002018,-0.000143,-9e-06,0.0,-0.002742,-0.002588,-0.001284,-0.003219,-6.8e-05,0.0,-1e-05,-0.002665,0.0,-0.002633,-0.001854,0.0,-0.003967,-0.003686,-0.000841,0.0,-0.000679,-2.2e-05,0.0,-0.002032,0.0,-0.001974,-0.002374,0.0,-0.001052,-0.001716,0.0,-0.004406,-0.000919,0.0,-0.000893,0.0,-0.000377,-0.00129,-0.000906,-0.001035,-0.001262,0.0,0.0,-0.001271,-0.001727,-0.002754,0.0,0.0,-0.000119,0.0,0.0,-0.001005,-0.001243,-0.004162,-0.002319,0.0,-0.00019,-0.003379,-0.000493,-0.001173,0.0,-0.000499,-0.000516,-0.0001,-2.5e-05,-0.001384,-0.002529,0.0,-0.000274,0.0,-0.001428,0.0,-0.001697,0.0,-0.001434,-0.004175,-0.000223,-8.4e-05,-0.002443,0.0,-2.2e-05,0.0,-0.000189,-0.001877,-0.002674,0.0,-0.001454,-0.002019,-0.003755,-0.003762,0.0,-0.003778,-4.3e-05,-0.002854,-0.00054,0.0,-0.000893,-0.005125,-0.00268,-0.003048,-0.002708,-0.003766,-0.000942,-0.000598,-0.000267,0.0,-0.000631,-0.00102,-0.002095,-0.002577
2017-05-30 15:46:00+02:00,0.0,0.0,-0.000133,-0.002252,-0.000351,0.0,-0.000535,-0.000805,-0.001787,-0.000114,-7e-06,0.0,-0.002484,-0.002329,-0.001082,-0.002894,-5.4e-05,0.0,-8e-06,-0.002329,0.0,-0.002298,-0.001602,0.0,-0.003517,-0.003339,-0.00072,0.0,-0.000556,-1.8e-05,0.0,-0.001791,0.0,-0.001732,-0.002115,0.0,-0.000842,-0.001469,0.0,-0.003951,-0.000787,0.0,-0.000714,0.0,-0.000301,-0.00105,-0.000777,-0.000878,-0.001073,0.0,0.0,-0.001095,-0.001545,-0.002493,0.0,0.0,-9.6e-05,0.0,0.0,-0.000804,-0.001071,-0.003709,-0.002037,0.0,-0.000152,-0.003046,-0.000394,-0.001012,0.0,-0.0004,-0.000412,-8e-05,-2e-05,-0.0012,-0.002268,0.0,-0.00022,0.0,-0.001194,0.0,-0.001521,0.0,-0.001188,-0.003723,-0.000178,-6.7e-05,-0.00222,0.0,-1.8e-05,0.0,-0.000152,-0.00169,-0.002417,0.0,-0.001285,-0.00167,-0.003406,-0.003412,0.0,-0.003338,-3.5e-05,-0.002547,-0.000432,0.0,-0.000764,-0.004666,-0.002427,-0.002648,-0.002408,-0.003416,-0.00081,-0.000479,-0.000213,0.0,-0.000505,-0.000816,-0.001822,-0.00233
2017-05-30 15:47:00+02:00,0.0,0.0,-0.000106,-0.001989,-0.000281,0.0,-0.000438,-0.000693,-0.001581,-9.1e-05,-6e-06,0.0,-0.002245,-0.002093,-0.000911,-0.002596,-4.3e-05,0.0,-6e-06,-0.002015,0.0,-0.001986,-0.001378,0.0,-0.003113,-0.003017,-0.000614,0.0,-0.000453,-1.4e-05,0.0,-0.001578,0.0,-0.00152,-0.001885,0.0,-0.000674,-0.001252,0.0,-0.003534,-0.000671,0.0,-0.000571,0.0,-0.000241,-0.000849,-0.000665,-0.000735,-0.00091,0.0,0.0,-0.000934,-0.001382,-0.002252,0.0,0.0,-7.6e-05,0.0,0.0,-0.000643,-0.000913,-0.003299,-0.001786,0.0,-0.000122,-0.002739,-0.000315,-0.000863,0.0,-0.00032,-0.00033,-6.4e-05,-1.6e-05,-0.001031,-0.002032,0.0,-0.000176,0.0,-0.000992,0.0,-0.001362,0.0,-0.00098,-0.003312,-0.000142,-5.4e-05,-0.002009,0.0,-1.4e-05,0.0,-0.000121,-0.001519,-0.00218,0.0,-0.001135,-0.001375,-0.003081,-0.003087,0.0,-0.002944,-2.8e-05,-0.002268,-0.000346,0.0,-0.000651,-0.00423,-0.002192,-0.002296,-0.002138,-0.003091,-0.000693,-0.000383,-0.000171,0.0,-0.000404,-0.000653,-0.001582,-0.002102
2017-05-30 15:48:00+02:00,0.0,0.0,-8.5e-05,-0.001784,-0.000224,0.0,-0.000364,-0.000604,-0.001416,-7.3e-05,-5e-06,0.0,-0.002051,-0.001903,-0.000781,-0.002356,-3.5e-05,0.0,-5e-06,-0.001775,0.0,-0.001747,-0.0012,0.0,-0.002791,-0.002755,-0.00053,0.0,-0.000377,-1.1e-05,0.0,-0.001409,0.0,-0.001354,-0.001701,0.0,-0.000539,-0.00108,0.0,-0.003199,-0.00058,0.0,-0.000457,0.0,-0.000193,-0.000702,-0.00058,-0.000627,-0.000785,0.0,0.0,-0.000813,-0.001251,-0.002057,0.0,0.0,-6.1e-05,0.0,0.0,-0.000514,-0.000794,-0.002972,-0.001591,0.0,-9.8e-05,-0.002491,-0.000252,-0.00075,0.0,-0.000256,-0.000264,-5.1e-05,-1.3e-05,-0.000903,-0.001844,0.0,-0.000141,0.0,-0.000835,0.0,-0.001234,0.0,-0.000826,-0.002984,-0.000114,-4.3e-05,-0.001837,0.0,-1.1e-05,0.0,-9.7e-05,-0.001382,-0.001989,0.0,-0.001018,-0.001154,-0.002815,-0.002821,0.0,-0.002633,-2.2e-05,-0.002047,-0.000277,0.0,-0.000561,-0.003874,-0.002002,-0.002024,-0.001924,-0.002824,-0.000601,-0.00031,-0.000137,0.0,-0.000323,-0.000522,-0.001397,-0.001917
2017-05-30 15:49:00+02:00,0.0,0.0,-6.8e-05,-0.001624,-0.00018,0.0,-0.000313,-0.00054,-0.001284,-5.8e-05,-4e-06,0.0,-0.001895,-0.00175,-0.000682,-0.002168,-2.8e-05,0.0,-4e-06,-0.001589,0.0,-0.001563,-0.001073,0.0,-0.002533,-0.002547,-0.00047,0.0,-0.000321,-9e-06,0.0,-0.001275,0.0,-0.001222,-0.001554,0.0,-0.000431,-0.000958,0.0,-0.002935,-0.000515,0.0,-0.000366,0.0,-0.000154,-0.000594,-0.000517,-0.000545,-0.000692,0.0,0.0,-0.000719,-0.001147,-0.001899,0.0,0.0,-4.9e-05,0.0,0.0,-0.000417,-0.000702,-0.002714,-0.001441,0.0,-7.8e-05,-0.002295,-0.000204,-0.000663,0.0,-0.000205,-0.000211,-4.1e-05,-1e-05,-0.000803,-0.001692,0.0,-0.000112,0.0,-0.000727,0.0,-0.001133,0.0,-0.000712,-0.002727,-9.1e-05,-3.4e-05,-0.0017,0.0,-9e-06,0.0,-7.8e-05,-0.001272,-0.001835,0.0,-0.000926,-0.000992,-0.002604,-0.00261,0.0,-0.002388,-1.8e-05,-0.001875,-0.000221,0.0,-0.000498,-0.00359,-0.001849,-0.001815,-0.001758,-0.002613,-0.000535,-0.000257,-0.000109,0.0,-0.000259,-0.000418,-0.001257,-0.001768
2017-05-30 15:50:00+02:00,0.0,0.0,-5.4e-05,-0.001493,-0.000144,0.0,-0.000279,-0.000496,-0.00118,-4.7e-05,-3e-06,0.0,-0.001776,-0.001634,-0.00061,-0.002008,-2.2e-05,0.0,-3e-06,-0.001445,0.0,-0.00142,-0.000984,0.0,-0.002332,-0.002369,-0.000429,0.0,-0.000277,-7e-06,0.0,-0.001171,0.0,-0.001122,-0.001442,0.0,-0.000345,-0.000874,0.0,-0.002731,-0.000469,0.0,-0.000293,0.0,-0.000123,-0.00051,-0.000465,-0.000482,-0.000623,0.0,0.0,-0.000647,-0.001061,-0.001779,0.0,0.0,-3.9e-05,0.0,0.0,-0.000353,-0.000632,-0.002517,-0.001318,0.0,-6.2e-05,-0.002129,-0.000173,-0.000597,0.0,-0.000171,-0.000169,-3.3e-05,-8e-06,-0.000726,-0.001577,0.0,-9e-05,0.0,-0.000654,0.0,-0.001048,0.0,-0.000622,-0.002529,-7.3e-05,-2.8e-05,-0.001593,0.0,-7e-06,0.0,-6.2e-05,-0.00118,-0.001717,0.0,-0.000851,-0.000874,-0.002424,-0.002429,0.0,-0.002199,-1.4e-05,-0.001731,-0.000177,0.0,-0.000454,-0.00337,-0.001732,-0.001658,-0.00162,-0.002432,-0.000489,-0.000216,-8.7e-05,0.0,-0.000207,-0.000334,-0.001142,-0.001654
2017-05-30 15:51:00+02:00,0.0,0.0,-4.4e-05,-0.001432,-0.000115,0.0,-0.000267,-0.000474,-0.001126,-3.7e-05,-2e-06,0.0,-0.001706,-0.001567,-0.000577,-0.001925,-1.8e-05,0.0,-3e-06,-0.001355,0.0,-0.001331,-0.000941,0.0,-0.002227,-0.002273,-0.00041,0.0,-0.000265,-6e-06,0.0,-0.001116,0.0,-0.001069,-0.001379,0.0,-0.000283,-0.000836,0.0,-0.002618,-0.000448,0.0,-0.000234,0.0,-9.9e-05,-0.000488,-0.000446,-0.000445,-0.000591,0.0,0.0,-0.000603,-0.001014,-0.001708,0.0,0.0,-3.1e-05,0.0,0.0,-0.000334,-0.000588,-0.002408,-0.001264,0.0,-5e-05,-0.002041,-0.000164,-0.000556,0.0,-0.000161,-0.000135,-2.6e-05,-7e-06,-0.000678,-0.001511,0.0,-7.2e-05,0.0,-0.000625,0.0,-0.001003,0.0,-0.000596,-0.00242,-5.8e-05,-2.2e-05,-0.001532,0.0,-6e-06,0.0,-5e-05,-0.001129,-0.001648,0.0,-0.000814,-0.000826,-0.002326,-0.002331,0.0,-0.0021,-1.1e-05,-0.001659,-0.000147,0.0,-0.000433,-0.003243,-0.001664,-0.001581,-0.001553,-0.002334,-0.000466,-0.000206,-7e-05,0.0,-0.00017,-0.000271,-0.001095,-0.001589
2017-05-30 15:52:00+02:00,0.0,0.0,-3.5e-05,-0.001394,-9.2e-05,0.0,-0.000259,-0.000457,-0.001085,-3e-05,-2e-06,0.0,-0.001649,-0.001512,-0.000554,-0.001869,-1.4e-05,0.0,-2e-06,-0.001306,0.0,-0.001282,-0.000908,0.0,-0.002148,-0.002205,-0.000397,0.0,-0.000262,-5e-06,0.0,-0.001073,0.0,-0.001027,-0.001327,0.0,-0.000244,-0.000808,0.0,-0.00253,-0.000431,0.0,-0.000196,0.0,-7.9e-05,-0.000484,-0.000437,-0.000427,-0.000569,0.0,0.0,-0.000579,-0.000981,-0.001651,0.0,0.0,-2.5e-05,0.0,0.0,-0.000323,-0.000565,-0.002325,-0.001233,0.0,-4e-05,-0.001981,-0.000158,-0.000535,0.0,-0.000154,-0.000118,-2.1e-05,-5e-06,-0.00065,-0.001456,0.0,-5.8e-05,0.0,-0.000606,0.0,-0.000972,0.0,-0.000588,-0.002336,-4.7e-05,-1.8e-05,-0.001486,0.0,-5e-06,0.0,-4e-05,-0.001092,-0.001592,0.0,-0.000788,-0.000796,-0.002257,-0.002261,0.0,-0.002025,-9e-06,-0.001614,-0.000133,0.0,-0.000418,-0.003145,-0.001608,-0.001525,-0.001512,-0.002264,-0.000448,-0.000205,-5.6e-05,0.0,-0.000146,-0.000241,-0.00107,-0.001536
2017-05-30 15:53:00+02:00,0.0,0.0,-2.8e-05,-0.001361,-7.4e-05,0.0,-0.000244,-0.000436,-0.001062,-2.4e-05,-2e-06,0.0,-0.001622,-0.001484,-0.00054,-0.001825,-1.1e-05,0.0,-2e-06,-0.001253,0.0,-0.00123,-0.000865,0.0,-0.002104,-0.002153,-0.000377,0.0,-0.000256,-4e-06,0.0,-0.00105,0.0,-0.001003,-0.001299,0.0,-0.000211,-0.000768,0.0,-0.002483,-0.00041,0.0,-0.000157,0.0,-6.3e-05,-0.000473,-0.000427,-0.000405,-0.000556,0.0,0.0,-0.000553,-0.000956,-0.001623,0.0,0.0,-2e-05,0.0,0.0,-0.000297,-0.000539,-0.002278,-0.001204,0.0,-3.2e-05,-0.001934,-0.000146,-0.000512,0.0,-0.000141,-9.6e-05,-1.7e-05,-4e-06,-0.000622,-0.001428,0.0,-4.6e-05,0.0,-0.000573,0.0,-0.000947,0.0,-0.000574,-0.002289,-3.7e-05,-1.4e-05,-0.001462,0.0,-4e-06,0.0,-3.2e-05,-0.001065,-0.001565,0.0,-0.000768,-0.000777,-0.002204,-0.002209,0.0,-0.001984,-7e-06,-0.001576,-0.000114,0.0,-0.000396,-0.003099,-0.001582,-0.001492,-0.001476,-0.002211,-0.000426,-0.0002,-4.5e-05,0.0,-0.000117,-0.0002,-0.001045,-0.001509
2017-05-30 15:54:00+02:00,0.0,0.0,-2.2e-05,-0.001486,-9.6e-05,0.0,-0.00028,-0.000476,-0.001149,-2e-05,-1e-06,0.0,-0.001757,-0.001612,-0.000615,-0.001967,-9e-06,0.0,-1e-06,-0.001354,0.0,-0.00133,-0.000948,0.0,-0.002273,-0.002308,-0.000415,0.0,-0.000306,-3e-06,0.0,-0.001147,0.0,-0.001103,-0.001417,0.0,-0.000281,-0.000848,0.0,-0.002667,-0.000454,0.0,-0.0002,0.0,-7.3e-05,-0.00057,-0.000478,-0.000447,-0.000622,0.0,0.0,-0.000608,-0.001043,-0.001762,0.0,0.0,-1.6e-05,0.0,0.0,-0.000367,-0.000592,-0.002452,-0.001323,0.0,-2.6e-05,-0.00208,-0.000179,-0.000558,0.0,-0.000176,-0.000123,-1.3e-05,-3e-06,-0.000682,-0.001554,0.0,-3.9e-05,0.0,-0.00065,0.0,-0.001028,0.0,-0.000675,-0.002463,-3e-05,-1.1e-05,-0.001559,0.0,-3e-06,0.0,-3.5e-05,-0.001154,-0.001696,0.0,-0.000848,-0.000894,-0.002361,-0.002366,0.0,-0.002149,-6e-06,-0.001708,-0.000143,0.0,-0.000439,-0.003317,-0.00171,-0.001636,-0.001605,-0.002368,-0.000472,-0.000248,-4.1e-05,0.0,-0.000163,-0.000255,-0.001159,-0.001628
2017-05-30 15:55:00+02:00,0.0,0.0,-0.000186,-0.002086,-0.0004,0.0,-0.000479,-0.000709,-0.001543,-0.000164,-3e-05,0.0,-0.002267,-0.002166,-0.000972,-0.00264,-8.1e-05,0.0,-1.1e-05,-0.001977,0.0,-0.001951,-0.001419,0.0,-0.003034,-0.003036,-0.00063,0.0,-0.000546,-2.8e-05,0.0,-0.001586,0.0,-0.001553,-0.001935,0.0,-0.000688,-0.001303,0.0,-0.003479,-0.000713,0.0,-0.000614,0.0,-0.000358,-0.001031,-0.000724,-0.000727,-0.000926,0.0,0.0,-0.000955,-0.001454,-0.002288,0.0,0.0,-0.000137,0.0,0.0,-0.000754,-0.000926,-0.00323,-0.001897,0.0,-0.000205,-0.002773,-0.000363,-0.000851,0.0,-0.000381,-0.00036,-0.000138,-3.4e-05,-0.001059,-0.002104,0.0,-0.000308,0.0,-0.001078,0.0,-0.001413,0.0,-0.001152,-0.003247,-0.000247,-0.0001,-0.001958,0.0,-4.5e-05,0.0,-0.000188,-0.001576,-0.002218,0.0,-0.001234,-0.001427,-0.003094,-0.003099,0.0,-0.002883,-7.4e-05,-0.002341,-0.000363,0.0,-0.000686,-0.004144,-0.00221,-0.002284,-0.002219,-0.003103,-0.000733,-0.000479,-0.000219,0.0,-0.000502,-0.000689,-0.001707,-0.002121
2017-05-30 15:56:00+02:00,0.0,0.0,-0.000564,-0.002949,-0.000864,-0.000167,-0.000768,-0.001044,-0.001965,-0.000395,-0.000143,-1.5e-05,-0.002618,-0.00255,-0.001458,-0.003546,-0.000352,0.0,-0.000213,-0.002919,0.0,-0.00289,-0.002095,-4.7e-05,-0.003862,-0.003862,-0.000945,0.0,-0.000893,-0.000155,-5.7e-05,-0.002057,0.0,-0.002059,-0.002375,0.0,-0.001303,-0.001961,0.0,-0.004217,-0.00107,-4.5e-05,-0.001266,0.0,-0.000802,-0.001705,-0.001086,-0.001157,-0.001361,0.0,-7.3e-05,-0.001457,-0.001967,-0.002647,-6e-05,0.0,-0.000467,-6.6e-05,0.0,-0.001316,-0.001414,-0.004018,-0.002726,0.0,-0.000599,-0.003652,-0.000632,-0.001295,0.0,-0.000672,-0.00072,-0.000351,-0.000158,-0.001593,-0.00251,0.0,-0.000748,0.0,-0.001697,-4.2e-05,-0.001901,0.0,-0.001848,-0.004032,-0.000617,-0.000391,-0.002256,-5.2e-05,-0.000168,0.0,-0.000422,-0.002049,-0.002579,0.0,-0.001751,-0.002208,-0.003908,-0.003912,0.0,-0.00374,-0.000227,-0.003251,-0.000704,0.0,-0.001033,-0.004749,-0.002556,-0.003226,-0.003106,-0.003916,-0.001093,-0.000813,-0.000513,-9e-05,-0.001005,-0.001368,-0.002502,-0.002467
2017-05-30 15:57:00+02:00,0.0,0.0,-0.000503,-0.003155,-0.000884,-0.000134,-0.000818,-0.001109,-0.002145,-0.000391,-0.000114,-1.2e-05,-0.002776,-0.002728,-0.001543,-0.003813,-0.000282,0.0,-0.00017,-0.003144,0.0,-0.003113,-0.002225,-3.8e-05,-0.004221,-0.00419,-0.001007,0.0,-0.000955,-0.000124,-4.5e-05,-0.002224,0.0,-0.002211,-0.002582,0.0,-0.001384,-0.002084,0.0,-0.004641,-0.001129,-3.6e-05,-0.001359,0.0,-0.00081,-0.001828,-0.001167,-0.001253,-0.001456,0.0,-5.8e-05,-0.001556,-0.002095,-0.002805,-4.8e-05,0.0,-0.000379,-5.3e-05,0.0,-0.001391,-0.001513,-0.004398,-0.002918,0.0,-0.000547,-0.003941,-0.000671,-0.001398,0.0,-0.000706,-0.000768,-0.000329,-0.000126,-0.001696,-0.0027,0.0,-0.000746,0.0,-0.001801,-3.3e-05,-0.002031,0.0,-0.001981,-0.004413,-0.000581,-0.000313,-0.002431,-4.2e-05,-0.000134,0.0,-0.000422,-0.002199,-0.002744,0.0,-0.001851,-0.002368,-0.004245,-0.00425,0.0,-0.004073,-0.000181,-0.003479,-0.000761,0.0,-0.001092,-0.005081,-0.002718,-0.003461,-0.003326,-0.004253,-0.001153,-0.000869,-0.000533,-7.2e-05,-0.001048,-0.001475,-0.002679,-0.002638
2017-05-30 15:58:00+02:00,0.0,0.0,-0.000402,-0.002964,-0.000707,-0.000107,-0.000726,-0.001018,-0.002054,-0.000313,-9.1e-05,-1e-05,-0.002744,-0.002658,-0.001403,-0.003639,-0.000226,0.0,-0.000136,-0.002933,0.0,-0.0029,-0.002041,-3e-05,-0.004048,-0.004046,-0.00092,0.0,-0.000849,-9.9e-05,-3.6e-05,-0.002113,0.0,-0.002086,-0.002479,0.0,-0.001138,-0.001901,0.0,-0.004504,-0.001027,-2.9e-05,-0.001122,0.0,-0.000648,-0.001621,-0.001073,-0.001146,-0.001339,0.0,-4.7e-05,-0.001431,-0.001983,-0.002768,-3.8e-05,0.0,-0.000303,-4.2e-05,0.0,-0.001191,-0.001393,-0.004242,-0.002725,0.0,-0.000438,-0.003778,-0.000575,-0.001292,0.0,-0.000601,-0.000642,-0.000263,-0.000101,-0.001563,-0.002617,0.0,-0.000597,0.0,-0.001611,-2.7e-05,-0.001929,0.0,-0.001776,-0.004257,-0.000465,-0.00025,-0.002415,-3.3e-05,-0.000107,0.0,-0.000337,-0.002102,-0.002699,0.0,-0.001728,-0.002139,-0.004106,-0.004111,0.0,-0.003891,-0.000145,-0.003292,-0.000646,0.0,-0.000993,-0.005067,-0.002684,-0.003241,-0.003137,-0.004115,-0.00105,-0.000763,-0.000427,-5.8e-05,-0.000839,-0.001242,-0.002483,-0.002595
2017-05-30 15:59:00+02:00,0.0,0.0,-0.000322,-0.002844,-0.000566,-8.6e-05,-0.000663,-0.000959,-0.001996,-0.00025,-7.3e-05,-8e-06,-0.002748,-0.002631,-0.001304,-0.00354,-0.00018,0.0,-0.000109,-0.002786,0.0,-0.002753,-0.001921,-2.4e-05,-0.003938,-0.003976,-0.000862,0.0,-0.000775,-7.9e-05,-2.9e-05,-0.002043,0.0,-0.002008,-0.002422,0.0,-0.000945,-0.00178,0.0,-0.004427,-0.00096,-2.3e-05,-0.000939,0.0,-0.000519,-0.001476,-0.001009,-0.001068,-0.001255,0.0,-3.7e-05,-0.001343,-0.001921,-0.00277,-3.1e-05,0.0,-0.000243,-3.4e-05,0.0,-0.00105,-0.001308,-0.004147,-0.002601,0.0,-0.00035,-0.003689,-0.000507,-0.001216,0.0,-0.000525,-0.000546,-0.000211,-8.1e-05,-0.001473,-0.002579,0.0,-0.000478,0.0,-0.001482,-2.1e-05,-0.001872,0.0,-0.001634,-0.004163,-0.000372,-0.0002,-0.002416,-2.7e-05,-8.6e-05,0.0,-0.00027,-0.002052,-0.002692,0.0,-0.001654,-0.001968,-0.00404,-0.004045,0.0,-0.003773,-0.000116,-0.003178,-0.000558,0.0,-0.000928,-0.005094,-0.002684,-0.003086,-0.003021,-0.004049,-0.000983,-0.000687,-0.000341,-4.6e-05,-0.000683,-0.001064,-0.002355,-0.002585
2017-05-30 16:00:00+02:00,0.0,0.0,-0.000257,-0.002997,-0.000583,-6.8e-05,-0.000706,-0.001014,-0.002112,-0.000232,-5.8e-05,-6e-06,-0.002953,-0.002805,-0.001363,-0.003734,-0.000144,0.0,-8.7e-05,-0.00294,0.0,-0.002905,-0.002033,-1.9e-05,-0.004169,-0.004208,-0.000915,0.0,-0.00082,-6.3e-05,-2.3e-05,-0.002156,0.0,-0.002113,-0.002563,0.0,-0.000991,-0.001889,0.0,-0.004692,-0.001015,-1.9e-05,-0.000999,0.0,-0.000521,-0.001565,-0.001067,-0.001131,-0.001315,0.0,-3e-05,-0.001415,-0.002022,-0.002975,-2.4e-05,0.0,-0.000194,-2.7e-05,0.0,-0.001122,-0.001378,-0.004386,-0.002743,0.0,-0.00028,-0.003896,-0.000542,-0.001284,0.0,-0.00056,-0.000578,-0.000172,-6.5e-05,-0.00155,-0.002743,0.0,-0.000443,0.0,-0.001576,-1.7e-05,-0.001971,0.0,-0.00173,-0.004403,-0.000319,-0.00016,-0.002586,-2.1e-05,-6.9e-05,0.0,-0.000267,-0.002166,-0.002883,0.0,-0.001737,-0.002067,-0.004277,-0.004283,0.0,-0.003986,-9.3e-05,-0.003347,-0.000594,0.0,-0.000982,-0.005476,-0.002879,-0.003237,-0.003183,-0.004287,-0.001038,-0.000728,-0.000346,-3.7e-05,-0.000731,-0.001133,-0.002486,-0.002764
2017-05-30 16:01:00+02:00,0.0,0.0,-0.000206,-0.00312,-0.0006,-5.5e-05,-0.000729,-0.001024,-0.002126,-0.000225,-4.7e-05,-5e-06,-0.002941,-0.00278,-0.001333,-0.003884,-0.000115,0.0,-7e-05,-0.003103,0.0,-0.003067,-0.002055,-1.6e-05,-0.004199,-0.004385,-0.000937,0.0,-0.000859,-5.1e-05,-1.9e-05,-0.002152,0.0,-0.002098,-0.002538,0.0,-0.000943,-0.001931,0.0,-0.004685,-0.001032,-1.5e-05,-0.001088,0.0,-0.000527,-0.001644,-0.001118,-0.001203,-0.001297,0.0,-2.4e-05,-0.001485,-0.002086,-0.00296,-2e-05,0.0,-0.000155,-2.2e-05,0.0,-0.001168,-0.001449,-0.004379,-0.002859,0.0,-0.000238,-0.004056,-0.000567,-0.00136,0.0,-0.00058,-0.000622,-0.000149,-5.2e-05,-0.00162,-0.002718,0.0,-0.000432,0.0,-0.001618,-1.4e-05,-0.00204,0.0,-0.001814,-0.004396,-0.000285,-0.000128,-0.002587,-1.7e-05,-5.5e-05,0.0,-0.000267,-0.002241,-0.002862,0.0,-0.001789,-0.002033,-0.004458,-0.004465,0.0,-0.003998,-7.4e-05,-0.00348,-0.000643,0.0,-0.001,-0.005487,-0.002866,-0.003211,-0.003313,-0.004469,-0.001047,-0.000764,-0.000371,-3e-05,-0.000766,-0.001228,-0.002594,-0.002749
2017-05-30 16:02:00+02:00,0.0,0.0,-0.000165,-0.003033,-0.000481,-4.4e-05,-0.000677,-0.000957,-0.002027,-0.00018,-3.7e-05,-4e-06,-0.002822,-0.002654,-0.001217,-0.003808,-9.2e-05,0.0,-5.6e-05,-0.003058,0.0,-0.00302,-0.001925,-1.2e-05,-0.004005,-0.004323,-0.000883,0.0,-0.000806,-4.1e-05,-1.5e-05,-0.002046,0.0,-0.001985,-0.002417,0.0,-0.000755,-0.001819,0.0,-0.004464,-0.000973,-1.2e-05,-0.001004,0.0,-0.000422,-0.001539,-0.001071,-0.001174,-0.00119,0.0,-1.9e-05,-0.001456,-0.002043,-0.002838,-1.6e-05,0.0,-0.000124,-1.7e-05,0.0,-0.001068,-0.001421,-0.004163,-0.002769,0.0,-0.00019,-0.003983,-0.000518,-0.001334,0.0,-0.000527,-0.000578,-0.000119,-4.1e-05,-0.001592,-0.002593,0.0,-0.000345,0.0,-0.00151,-1.1e-05,-0.001999,0.0,-0.001711,-0.004179,-0.000228,-0.000103,-0.002471,-1.4e-05,-4.4e-05,0.0,-0.000213,-0.002204,-0.002736,0.0,-0.001741,-0.001826,-0.004398,-0.004405,0.0,-0.003798,-5.9e-05,-0.003397,-0.000603,0.0,-0.000942,-0.005263,-0.002744,-0.002996,-0.003228,-0.004409,-0.000981,-0.00071,-0.000314,-2.4e-05,-0.00066,-0.001148,-0.002501,-0.002625
2017-05-30 16:03:00+02:00,0.0,0.0,-0.000132,-0.003197,-0.000512,-3.5e-05,-0.000709,-0.000989,-0.002112,-0.000172,-3e-05,-3e-06,-0.002967,-0.002786,-0.001272,-0.004009,-7.4e-05,0.0,-4.5e-05,-0.003272,0.0,-0.003233,-0.001996,-1e-05,-0.004169,-0.004558,-0.000918,0.0,-0.000853,-3.2e-05,-1.2e-05,-0.002147,0.0,-0.002086,-0.002539,0.0,-0.000764,-0.001899,0.0,-0.004627,-0.001022,-1e-05,-0.001106,0.0,-0.000439,-0.001629,-0.001125,-0.001262,-0.001231,0.0,-1.5e-05,-0.001576,-0.002176,-0.002988,-1.3e-05,0.0,-9.9e-05,-1.4e-05,0.0,-0.001136,-0.001535,-0.004316,-0.002919,0.0,-0.000152,-0.004196,-0.000549,-0.001428,0.0,-0.000563,-0.000639,-9.5e-05,-3.3e-05,-0.001727,-0.002725,0.0,-0.000329,0.0,-0.001584,-9e-06,-0.00212,0.0,-0.001809,-0.004334,-0.000192,-8.2e-05,-0.00255,-1.1e-05,-3.5e-05,0.0,-0.000221,-0.002345,-0.002868,0.0,-0.00186,-0.001884,-0.004638,-0.004645,0.0,-0.003947,-4.8e-05,-0.003576,-0.000659,0.0,-0.000988,-0.00547,-0.002876,-0.003096,-0.003399,-0.004649,-0.001025,-0.000753,-0.000347,-1.9e-05,-0.000709,-0.001258,-0.002638,-0.00274
2017-05-30 16:04:00+02:00,0.0,0.0,-0.000275,-0.003582,-0.000702,-2.8e-05,-0.000825,-0.001118,-0.002357,-0.000256,-2.4e-05,-3e-06,-0.003212,-0.003082,-0.001471,-0.004448,-9.5e-05,0.0,-3.6e-05,-0.003737,0.0,-0.003696,-0.002262,-8e-06,-0.004647,-0.005037,-0.001043,0.0,-0.001001,-2.6e-05,-1e-05,-0.002413,0.0,-0.002352,-0.002834,0.0,-0.00099,-0.002169,0.0,-0.005094,-0.001173,-8e-06,-0.001423,0.0,-0.000616,-0.001916,-0.001279,-0.00147,-0.001401,0.0,-1.2e-05,-0.00183,-0.00244,-0.003243,-1e-05,0.0,-0.000189,-1.1e-05,0.0,-0.001371,-0.001779,-0.004767,-0.003287,0.0,-0.000313,-0.004649,-0.000659,-0.001644,0.0,-0.000685,-0.000815,-0.000163,-2.6e-05,-0.002003,-0.003035,0.0,-0.000489,0.0,-0.001839,-7e-06,-0.002366,0.0,-0.002108,-0.004786,-0.000318,-0.000126,-0.002753,-9e-06,-2.8e-05,0.0,-0.000314,-0.002617,-0.003133,0.0,-0.002106,-0.002184,-0.005122,-0.00513,0.0,-0.004396,-5.3e-05,-0.003985,-0.000822,0.0,-0.001131,-0.005871,-0.003121,-0.003469,-0.003797,-0.005134,-0.001172,-0.000894,-0.00049,-1.5e-05,-0.00092,-0.001587,-0.002988,-0.002992
2017-05-30 16:05:00+02:00,0.0,0.0,-0.00022,-0.003708,-0.000675,-2.2e-05,-0.00083,-0.001128,-0.002429,-0.000236,-1.9e-05,-2e-06,-0.00333,-0.003181,-0.0015,-0.004609,-7.6e-05,0.0,-2.9e-05,-0.003905,0.0,-0.003863,-0.002288,-6e-06,-0.004783,-0.005224,-0.001054,0.0,-0.001034,-2.1e-05,-8e-06,-0.002495,0.0,-0.002429,-0.002925,0.0,-0.000953,-0.0022,0.0,-0.005202,-0.001196,-6e-06,-0.001493,0.0,-0.000578,-0.001976,-0.001316,-0.001538,-0.001418,0.0,-1e-05,-0.001928,-0.00255,-0.003367,-8e-06,0.0,-0.000151,-9e-06,0.0,-0.001377,-0.001871,-0.004867,-0.003401,0.0,-0.000263,-0.00482,-0.00066,-0.001717,0.0,-0.000689,-0.000859,-0.00013,-2.1e-05,-0.002115,-0.003133,0.0,-0.00045,0.0,-0.001859,-6e-06,-0.002465,0.0,-0.002177,-0.004888,-0.000254,-0.000101,-0.002806,-7e-06,-2.2e-05,0.0,-0.000293,-0.002733,-0.003238,0.0,-0.002203,-0.002195,-0.005312,-0.00532,0.0,-0.004506,-4.2e-05,-0.004126,-0.000862,0.0,-0.001151,-0.006032,-0.003226,-0.003524,-0.003929,-0.005325,-0.001191,-0.000922,-0.00051,-1.2e-05,-0.000907,-0.001665,-0.00309,-0.003079
2017-05-30 16:06:00+02:00,0.0,0.0,-0.000176,-0.00402,-0.000663,-1.8e-05,-0.000863,-0.001182,-0.002621,-0.000222,-1.5e-05,-2e-06,-0.003666,-0.00349,-0.001619,-0.004992,-6.1e-05,0.0,-2.3e-05,-0.004258,0.0,-0.00422,-0.002401,-5e-06,-0.005144,-0.005665,-0.001102,0.0,-0.001119,-1.7e-05,-6e-06,-0.002722,0.0,-0.002658,-0.003207,0.0,-0.000945,-0.002311,0.0,-0.005546,-0.001279,-5e-06,-0.001634,0.0,-0.00055,-0.002122,-0.001411,-0.001684,-0.001505,0.0,-8e-06,-0.00215,-0.00283,-0.003714,-6e-06,0.0,-0.000121,-7e-06,0.0,-0.001427,-0.002078,-0.005195,-0.003681,0.0,-0.000219,-0.005223,-0.000681,-0.001877,0.0,-0.00072,-0.000954,-0.000104,-1.7e-05,-0.00237,-0.003438,0.0,-0.000421,0.0,-0.001943,-4e-06,-0.002717,0.0,-0.002346,-0.005229,-0.000203,-8.1e-05,-0.002986,-6e-06,-1.8e-05,0.0,-0.000277,-0.003027,-0.003553,0.0,-0.002449,-0.002295,-0.005758,-0.005764,0.0,-0.004809,-3.4e-05,-0.004467,-0.000944,0.0,-0.001225,-0.006479,-0.003536,-0.003729,-0.004243,-0.005771,-0.001268,-0.000995,-0.000556,-1e-05,-0.000918,-0.001819,-0.003334,-0.003352
2017-05-30 16:07:00+02:00,0.0,0.0,-0.000537,-0.004963,-0.00109,-1.4e-05,-0.00114,-0.001526,-0.003096,-0.000421,-1.2e-05,-1e-06,-0.004095,-0.003981,-0.002162,-0.005906,-0.000219,0.0,-4.2e-05,-0.005297,0.0,-0.005268,-0.003102,-4e-06,-0.006067,-0.006445,-0.001417,0.0,-0.001466,-7.4e-05,-5e-06,-0.003307,0.0,-0.003315,-0.003775,0.0,-0.001468,-0.002984,0.0,-0.006343,-0.001685,-4e-06,-0.002297,0.0,-0.000954,-0.002765,-0.001766,-0.002156,-0.00195,0.0,-6e-06,-0.002768,-0.003426,-0.00416,-5e-06,0.0,-0.000389,-6e-06,0.0,-0.001959,-0.002668,-0.006077,-0.004564,0.0,-0.000611,-0.006091,-0.00093,-0.00237,0.0,-0.001015,-0.001349,-0.000281,-1.4e-05,-0.003048,-0.00396,0.0,-0.00078,0.0,-0.002556,-4e-06,-0.003263,0.0,-0.003031,-0.006125,-0.000511,-0.000277,-0.003289,-4e-06,-3.3e-05,0.0,-0.0005,-0.00355,-0.004005,0.0,-0.003092,-0.003031,-0.006515,-0.006515,0.0,-0.005754,-9.9e-05,-0.005462,-0.001291,0.0,-0.001608,-0.007096,-0.003957,-0.00468,-0.00519,-0.006523,-0.001673,-0.001323,-0.000866,-8e-06,-0.001377,-0.002502,-0.004153,-0.003771
2017-05-30 16:08:00+02:00,0.0,0.0,-0.000552,-0.005495,-0.001163,-1.1e-05,-0.001249,-0.001691,-0.003526,-0.000422,-1e-05,-1e-06,-0.004506,-0.004444,-0.002462,-0.006583,-0.000176,0.0,-3.4e-05,-0.005957,0.0,-0.005938,-0.003434,-3e-06,-0.006895,-0.007137,-0.00156,0.0,-0.001613,-5.9e-05,-4e-06,-0.003819,0.0,-0.003819,-0.004301,0.0,-0.001613,-0.003289,0.0,-0.007045,-0.00189,-3e-06,-0.002592,0.0,-0.001005,-0.003017,-0.001933,-0.002445,-0.002192,0.0,-5e-06,-0.003178,-0.003901,-0.004588,-4e-06,0.0,-0.000326,-5e-06,0.0,-0.002134,-0.003055,-0.006856,-0.00504,0.0,-0.00065,-0.00682,-0.001012,-0.002681,0.0,-0.001119,-0.00154,-0.000247,-1.1e-05,-0.003507,-0.004448,0.0,-0.000776,0.0,-0.002806,-3e-06,-0.0037,0.0,-0.003322,-0.006926,-0.000473,-0.000221,-0.003564,-4e-06,-2.6e-05,0.0,-0.000528,-0.004034,-0.004434,0.0,-0.003487,-0.003373,-0.007185,-0.007179,0.0,-0.006494,-7.9e-05,-0.006039,-0.001459,0.0,-0.001797,-0.007657,-0.004359,-0.00522,-0.00572,-0.007189,-0.001876,-0.001452,-0.000984,-6e-06,-0.001484,-0.002817,-0.004566,-0.004167
2017-05-30 16:09:00+02:00,0.0,0.0,-0.000442,-0.005752,-0.001071,-9e-06,-0.001271,-0.00176,-0.003816,-0.000338,-8e-06,-1e-06,-0.004823,-0.004803,-0.002608,-0.00696,-0.00014,0.0,-2.7e-05,-0.006389,0.0,-0.006378,-0.003574,-3e-06,-0.007446,-0.007649,-0.001613,0.0,-0.001641,-4.7e-05,-3e-06,-0.004145,0.0,-0.004137,-0.00471,0.0,-0.001564,-0.003408,0.0,-0.007574,-0.001982,-2e-06,-0.002706,0.0,-0.000894,-0.003049,-0.001986,-0.002625,-0.002306,0.0,-4e-06,-0.003452,-0.004185,-0.004918,-3e-06,0.0,-0.000261,-4e-06,0.0,-0.002137,-0.003311,-0.007417,-0.005251,0.0,-0.000533,-0.007238,-0.001012,-0.00288,0.0,-0.001125,-0.001626,-0.000198,-9e-06,-0.00382,-0.004828,0.0,-0.000621,0.0,-0.002876,-2e-06,-0.003958,0.0,-0.003383,-0.007516,-0.000379,-0.000177,-0.003766,-3e-06,-2.1e-05,0.0,-0.000464,-0.004363,-0.004765,0.0,-0.003703,-0.003489,-0.00769,-0.007677,0.0,-0.006941,-6.3e-05,-0.006334,-0.001535,0.0,-0.001879,-0.008074,-0.004668,-0.005506,-0.005979,-0.007689,-0.001967,-0.001466,-0.001005,-5e-06,-0.001427,-0.002951,-0.004729,-0.00447
2017-05-30 16:10:00+02:00,0.0,0.0,-0.000353,-0.005384,-0.000857,-7e-06,-0.00115,-0.00163,-0.00368,-0.00027,-6e-06,-1e-06,-0.004227,-0.004323,-0.002428,-0.00662,-0.000112,0.0,-2.2e-05,-0.006174,0.0,-0.006154,-0.003316,-2e-06,-0.00719,-0.007311,-0.001491,0.0,-0.001469,-3.8e-05,-2e-06,-0.003978,0.0,-0.003956,-0.004396,0.0,-0.001302,-0.003157,0.0,-0.007307,-0.00183,-2e-06,-0.002485,0.0,-0.000715,-0.002727,-0.001825,-0.002512,-0.002156,0.0,-3e-06,-0.003305,-0.003961,-0.004323,-3e-06,0.0,-0.000208,-3e-06,0.0,-0.001886,-0.00317,-0.007195,-0.004892,0.0,-0.000427,-0.006908,-0.000891,-0.002763,0.0,-0.000985,-0.001497,-0.000158,-7e-06,-0.003663,-0.004396,0.0,-0.000496,0.0,-0.002626,-2e-06,-0.003748,0.0,-0.003052,-0.007282,-0.000303,-0.000142,-0.003419,-2e-06,-1.7e-05,0.0,-0.000371,-0.004114,-0.004227,0.0,-0.003465,-0.00322,-0.007309,-0.007306,0.0,-0.006694,-5.1e-05,-0.005973,-0.001424,0.0,-0.001733,-0.007311,-0.004114,-0.005237,-0.00563,-0.007307,-0.001816,-0.001296,-0.000883,-4e-06,-0.001177,-0.002736,-0.004386,-0.003988
2017-05-30 16:11:00+02:00,0.0,0.0,-0.000283,-0.004373,-0.000686,-6e-06,-0.00092,-0.001304,-0.003083,-0.000216,-5e-06,-1e-06,-0.003725,-0.003747,-0.001942,-0.005567,-9e-05,0.0,-1.7e-05,-0.005167,0.0,-0.005142,-0.002653,-2e-06,-0.006023,-0.006262,-0.001193,0.0,-0.001175,-3e-05,-2e-06,-0.003318,0.0,-0.003272,-0.003738,0.0,-0.001042,-0.002526,0.0,-0.006203,-0.001464,-2e-06,-0.001988,0.0,-0.000572,-0.002182,-0.00146,-0.002034,-0.001725,0.0,-3e-06,-0.002731,-0.003333,-0.003808,-2e-06,0.0,-0.000167,-2e-06,0.0,-0.001509,-0.002616,-0.00604,-0.003914,0.0,-0.000341,-0.005846,-0.000713,-0.002275,0.0,-0.000788,-0.001197,-0.000126,-6e-06,-0.003053,-0.003789,0.0,-0.000397,0.0,-0.0021,-1e-06,-0.003155,0.0,-0.002442,-0.006116,-0.000242,-0.000113,-0.002968,-2e-06,-1.4e-05,0.0,-0.000297,-0.003508,-0.003693,0.0,-0.00284,-0.002576,-0.00628,-0.006279,0.0,-0.005567,-4e-05,-0.004938,-0.001139,0.0,-0.001387,-0.006415,-0.003609,-0.00419,-0.004619,-0.006282,-0.001453,-0.001037,-0.000707,-3e-06,-0.000942,-0.002189,-0.003509,-0.003469
2017-05-30 16:12:00+02:00,0.0,0.0,-0.000226,-0.004301,-0.000549,-5e-06,-0.000863,-0.001253,-0.003089,-0.000173,-4e-06,-0.0,-0.003995,-0.003945,-0.001917,-0.005511,-7.2e-05,0.0,-1.4e-05,-0.005133,0.0,-0.00511,-0.002555,-1e-06,-0.006034,-0.00625,-0.001143,0.0,-0.001107,-2.4e-05,-2e-06,-0.003339,0.0,-0.003294,-0.003847,0.0,-0.000892,-0.002429,0.0,-0.006284,-0.001417,-1e-06,-0.001878,0.0,-0.000458,-0.002046,-0.001406,-0.002011,-0.001695,0.0,-2e-06,-0.002727,-0.003325,-0.004083,-2e-06,0.0,-0.000133,-2e-06,0.0,-0.001382,-0.002608,-0.006061,-0.003838,0.0,-0.000273,-0.005798,-0.000651,-0.002255,0.0,-0.000719,-0.001143,-0.000101,-4e-06,-0.003057,-0.003963,0.0,-0.000318,0.0,-0.001991,-1e-06,-0.00314,0.0,-0.002314,-0.006143,-0.000194,-9.1e-05,-0.003088,-1e-06,-1.1e-05,0.0,-0.000238,-0.003519,-0.003925,0.0,-0.002819,-0.002487,-0.006288,-0.006286,0.0,-0.00556,-3.2e-05,-0.004866,-0.00109,0.0,-0.001338,-0.006761,-0.003847,-0.004164,-0.004545,-0.006291,-0.001403,-0.000963,-0.000631,-3e-06,-0.000793,-0.002089,-0.00342,-0.003659
2017-05-30 16:13:00+02:00,0.0,0.0,-0.000293,-0.004749,-0.000703,-4e-06,-0.000987,-0.001415,-0.00345,-0.000204,-3e-06,-0.0,-0.004381,-0.004372,-0.002223,-0.006014,-5.8e-05,0.0,-1.1e-05,-0.005652,0.0,-0.005636,-0.002888,-1e-06,-0.006734,-0.006825,-0.001288,0.0,-0.001259,-1.9e-05,-1e-06,-0.003753,0.0,-0.003718,-0.004317,0.0,-0.001142,-0.002746,0.0,-0.006912,-0.001616,-1e-06,-0.002187,0.0,-0.000587,-0.002323,-0.001564,-0.002248,-0.001939,0.0,-2e-06,-0.003051,-0.00367,-0.004482,-1e-06,0.0,-0.000123,-1e-06,0.0,-0.001615,-0.002915,-0.006742,-0.004258,0.0,-0.000366,-0.006322,-0.000758,-0.002502,0.0,-0.00085,-0.001334,-9.1e-05,-4e-06,-0.003415,-0.00441,0.0,-0.000372,0.0,-0.002273,-1e-06,-0.003455,0.0,-0.002617,-0.006845,-0.000218,-7.3e-05,-0.003349,-1e-06,-9e-06,0.0,-0.000307,-0.003884,-0.004324,0.0,-0.003137,-0.002876,-0.006882,-0.006877,0.0,-0.006187,-2.6e-05,-0.005331,-0.001255,0.0,-0.001523,-0.007302,-0.004224,-0.004695,-0.004986,-0.006885,-0.0016,-0.001103,-0.000768,-2e-06,-0.000979,-0.00241,-0.003801,-0.004029
2017-05-30 16:14:00+02:00,0.0,0.0,-0.000284,-0.005122,-0.000771,-3e-06,-0.001074,-0.00154,-0.003756,-0.000191,-3e-06,-0.0,-0.004678,-0.004701,-0.002453,-0.00646,-4.6e-05,0.0,-9e-06,-0.006107,0.0,-0.006092,-0.003148,-1e-06,-0.007342,-0.007342,-0.0014,0.0,-0.001365,-1.5e-05,-1e-06,-0.004099,0.0,-0.004065,-0.004679,0.0,-0.001296,-0.002992,0.0,-0.007431,-0.001763,-1e-06,-0.002409,0.0,-0.000631,-0.002519,-0.001688,-0.002447,-0.00213,0.0,-1e-06,-0.003315,-0.003955,-0.004789,-1e-06,0.0,-9.8e-05,-1e-06,0.0,-0.001768,-0.003166,-0.007312,-0.004604,0.0,-0.000379,-0.00679,-0.000828,-0.002711,0.0,-0.000932,-0.001469,-7.3e-05,-3e-06,-0.003706,-0.004754,0.0,-0.000347,0.0,-0.002479,-1e-06,-0.003719,0.0,-0.002836,-0.007419,-0.000175,-5.8e-05,-0.003566,-1e-06,-7e-06,0.0,-0.000328,-0.004191,-0.004633,0.0,-0.003391,-0.003173,-0.007412,-0.007402,0.0,-0.006738,-2.1e-05,-0.005731,-0.001377,0.0,-0.001661,-0.00775,-0.004516,-0.005143,-0.005367,-0.00741,-0.001747,-0.001197,-0.000854,-2e-06,-0.001083,-0.00265,-0.00411,-0.004317
2017-05-30 16:15:00+02:00,0.0,0.0,-0.000227,-0.005278,-0.00067,-2e-06,-0.001082,-0.001575,-0.003901,-0.000153,-2e-06,-0.0,-0.004914,-0.004961,-0.002498,-0.00669,-3.7e-05,0.0,-7e-06,-0.006315,0.0,-0.006296,-0.003224,-1e-06,-0.00763,-0.007636,-0.001429,0.0,-0.001368,-1.2e-05,-1e-06,-0.004241,0.0,-0.004198,-0.004919,0.0,-0.001222,-0.003058,0.0,-0.00783,-0.001798,-1e-06,-0.002417,0.0,-0.00051,-0.002525,-0.001722,-0.002523,-0.002178,0.0,-1e-06,-0.003413,-0.004082,-0.005031,-1e-06,0.0,-7.9e-05,-1e-06,0.0,-0.00175,-0.00326,-0.007604,-0.004737,0.0,-0.000303,-0.007039,-0.000818,-0.002796,0.0,-0.000917,-0.001476,-5.8e-05,-2e-06,-0.003816,-0.005024,0.0,-0.000277,0.0,-0.00251,-1e-06,-0.00384,0.0,-0.00286,-0.007716,-0.00014,-4.6e-05,-0.003764,-1e-06,-6e-06,0.0,-0.000262,-0.004341,-0.004878,0.0,-0.003487,-0.003216,-0.007724,-0.007715,0.0,-0.006993,-1.7e-05,-0.005918,-0.001391,0.0,-0.001693,-0.008155,-0.00475,-0.005311,-0.005541,-0.007724,-0.001783,-0.00119,-0.000827,-1e-06,-0.001019,-0.002675,-0.004217,-0.004552
2017-05-30 16:16:00+02:00,0.0,0.0,-0.000181,-0.005443,-0.00057,-2e-06,-0.001096,-0.001621,-0.003964,-0.000122,-2e-06,-0.0,-0.00514,-0.005185,-0.002454,-0.006937,-2.9e-05,0.0,-6e-06,-0.006617,0.0,-0.006595,-0.00332,-1e-06,-0.00776,-0.007951,-0.001469,0.0,-0.001371,-1e-05,-1e-06,-0.004287,0.0,-0.004226,-0.005019,0.0,-0.001039,-0.003145,0.0,-0.008031,-0.001842,-1e-06,-0.002499,0.0,-0.000408,-0.002529,-0.001758,-0.002643,-0.002155,0.0,-1e-06,-0.003555,-0.004208,-0.005261,-1e-06,0.0,-6.3e-05,-1e-06,0.0,-0.001739,-0.003399,-0.007714,-0.004876,0.0,-0.000242,-0.007308,-0.000813,-0.002927,0.0,-0.000905,-0.001523,-4.6e-05,-2e-06,-0.003971,-0.005208,0.0,-0.000222,0.0,-0.002555,-0.0,-0.003965,0.0,-0.002882,-0.007826,-0.000112,-3.7e-05,-0.003969,-1e-06,-4e-06,0.0,-0.00021,-0.004492,-0.005111,0.0,-0.003579,-0.003134,-0.008056,-0.008049,0.0,-0.007096,-1.3e-05,-0.006118,-0.001444,0.0,-0.001735,-0.008568,-0.004976,-0.005334,-0.005726,-0.008058,-0.001827,-0.001181,-0.000838,-1e-06,-0.000956,-0.002777,-0.004327,-0.00478
2017-05-30 16:17:00+02:00,0.0,0.0,-0.000145,-0.005531,-0.000519,-2e-06,-0.001111,-0.001653,-0.003977,-9.8e-05,-1e-06,-0.0,-0.005177,-0.005236,-0.002402,-0.007079,-2.4e-05,0.0,-5e-06,-0.006786,0.0,-0.006756,-0.003391,-0.0,-0.007799,-0.008133,-0.001501,0.0,-0.00137,-8e-06,-1e-06,-0.004275,0.0,-0.004201,-0.005036,0.0,-0.00092,-0.003215,0.0,-0.00814,-0.001867,-0.0,-0.002557,0.0,-0.000341,-0.002537,-0.001782,-0.002708,-0.002125,0.0,-1e-06,-0.003612,-0.004251,-0.005297,-1e-06,0.0,-5e-05,-1e-06,0.0,-0.001745,-0.003457,-0.007751,-0.004956,0.0,-0.000194,-0.007463,-0.000815,-0.002994,0.0,-0.0009,-0.001547,-3.7e-05,-1e-06,-0.004027,-0.005272,0.0,-0.000177,0.0,-0.002599,-0.0,-0.004013,0.0,-0.002898,-0.007853,-8.9e-05,-3e-05,-0.004041,-0.0,-4e-06,0.0,-0.000168,-0.00455,-0.005154,0.0,-0.003607,-0.003069,-0.008251,-0.008247,0.0,-0.007139,-1.1e-05,-0.006231,-0.001477,0.0,-0.00176,-0.008707,-0.005018,-0.00533,-0.005838,-0.008256,-0.001852,-0.001175,-0.000847,-1e-06,-0.000931,-0.002848,-0.004396,-0.004831
2017-05-30 16:18:00+02:00,0.0,0.0,-0.000116,-0.005097,-0.000415,-1e-06,-0.000974,-0.001488,-0.003607,-7.8e-05,-1e-06,-0.0,-0.003935,-0.003979,-0.002067,-0.006591,-1.9e-05,0.0,-4e-06,-0.006272,0.0,-0.006235,-0.003051,-0.0,-0.007084,-0.007436,-0.001352,0.0,-0.001204,-6e-06,-0.0,-0.003837,0.0,-0.003746,-0.004015,0.0,-0.000736,-0.002888,0.0,-0.00744,-0.001664,-0.0,-0.002234,0.0,-0.000273,-0.002228,-0.001622,-0.002482,-0.001853,0.0,-1e-06,-0.003283,-0.003895,-0.003979,-0.0,0.0,-4e-05,-0.0,0.0,-0.001468,-0.003149,-0.00704,-0.004552,0.0,-0.000155,-0.006959,-0.000687,-0.002756,0.0,-0.00075,-0.001353,-3e-05,-1e-06,-0.003654,-0.004015,0.0,-0.000142,0.0,-0.002293,-0.0,-0.003694,0.0,-0.002571,-0.007126,-7.2e-05,-2.4e-05,-0.003594,-0.0,-3e-06,0.0,-0.000134,-0.003884,-0.003935,0.0,-0.003277,-0.002605,-0.007438,-0.00744,0.0,-0.006478,-8e-06,-0.005774,-0.00131,0.0,-0.001571,-0.007436,-0.003884,-0.004758,-0.005406,-0.00744,-0.00165,-0.001017,-0.000696,-1e-06,-0.000745,-0.002516,-0.00402,-0.003829
2017-05-30 16:19:00+02:00,0.0,0.0,-9.3e-05,-0.004321,-0.000332,-1e-06,-0.000779,-0.001191,-0.003033,-6.3e-05,-1e-06,-0.0,-0.003405,-0.003396,-0.001653,-0.005693,-1.5e-05,0.0,-3e-06,-0.005353,0.0,-0.005316,-0.002441,-0.0,-0.005957,-0.006494,-0.001082,0.0,-0.000963,-5e-06,-0.0,-0.003199,0.0,-0.003098,-0.003377,0.0,-0.000589,-0.00231,0.0,-0.006276,-0.001331,-0.0,-0.001787,0.0,-0.000218,-0.001782,-0.001325,-0.002076,-0.001483,0.0,-0.0,-0.002763,-0.003333,-0.003438,-0.0,0.0,-3.2e-05,-0.0,0.0,-0.001175,-0.002652,-0.005896,-0.003825,0.0,-0.000124,-0.00603,-0.00055,-0.00233,0.0,-0.0006,-0.001082,-2.4e-05,-1e-06,-0.003083,-0.003411,0.0,-0.000114,0.0,-0.001835,-0.0,-0.003172,0.0,-0.002057,-0.005969,-5.7e-05,-1.9e-05,-0.003093,-0.0,-2e-06,0.0,-0.000107,-0.003367,-0.003381,0.0,-0.002767,-0.002084,-0.006514,-0.006517,0.0,-0.005414,-7e-06,-0.004944,-0.001048,0.0,-0.001257,-0.006444,-0.003351,-0.003847,-0.004612,-0.006518,-0.00132,-0.000814,-0.000556,-1e-06,-0.000596,-0.002013,-0.003339,-0.003285
2017-05-30 16:20:00+02:00,0.0,0.0,-7.4e-05,-0.00378,-0.000266,-1e-06,-0.000623,-0.000989,-0.002608,-5e-05,-1e-06,-0.0,-0.003005,-0.002959,-0.001323,-0.005048,-1.2e-05,0.0,-2e-06,-0.00468,0.0,-0.004641,-0.002028,-0.0,-0.005125,-0.005809,-0.000896,0.0,-0.000777,-4e-06,-0.0,-0.002726,0.0,-0.00262,-0.002901,0.0,-0.000471,-0.001913,0.0,-0.0054,-0.001104,-0.0,-0.00143,0.0,-0.000174,-0.001427,-0.00113,-0.001783,-0.001186,0.0,-0.0,-0.002382,-0.002926,-0.003032,-0.0,0.0,-2.6e-05,-0.0,0.0,-0.00094,-0.002289,-0.005042,-0.003327,0.0,-9.9e-05,-0.005358,-0.00044,-0.002021,0.0,-0.00048,-0.000866,-1.9e-05,-1e-06,-0.002663,-0.002959,0.0,-9.1e-05,0.0,-0.001469,-0.0,-0.002794,0.0,-0.001685,-0.005103,-4.6e-05,-1.5e-05,-0.002709,-0.0,-2e-06,0.0,-8.6e-05,-0.002993,-0.002964,0.0,-0.002404,-0.001667,-0.005842,-0.005847,0.0,-0.004632,-5e-06,-0.004357,-0.000844,0.0,-0.00104,-0.005688,-0.002948,-0.003196,-0.004055,-0.005848,-0.001092,-0.000651,-0.000445,-0.0,-0.000477,-0.00161,-0.002881,-0.002873
2017-05-30 16:21:00+02:00,0.0,0.0,-5.9e-05,-0.003588,-0.00022,-1e-06,-0.000604,-0.000948,-0.002404,-4e-05,-1e-06,-0.0,-0.002825,-0.002751,-0.001187,-0.004773,-1e-05,0.0,-2e-06,-0.004349,0.0,-0.00431,-0.001942,-0.0,-0.004731,-0.005501,-0.000866,0.0,-0.000748,-3e-06,-0.0,-0.002487,0.0,-0.002378,-0.002664,0.0,-0.000377,-0.001838,0.0,-0.004973,-0.001045,-0.0,-0.001319,0.0,-0.00014,-0.001382,-0.001091,-0.001653,-0.001083,0.0,-0.0,-0.002184,-0.002725,-0.002848,-0.0,0.0,-2.1e-05,-0.0,0.0,-0.000901,-0.002103,-0.004632,-0.003169,0.0,-7.9e-05,-0.005061,-0.000424,-0.001877,0.0,-0.000454,-0.000793,-1.5e-05,-1e-06,-0.002434,-0.00274,0.0,-7.3e-05,0.0,-0.001416,-0.0,-0.002613,0.0,-0.001626,-0.004683,-3.7e-05,-1.2e-05,-0.002536,-0.0,-1e-06,0.0,-6.9e-05,-0.002816,-0.002771,0.0,-0.00224,-0.001501,-0.005545,-0.00555,0.0,-0.004279,-4e-06,-0.004129,-0.000784,0.0,-0.000989,-0.005356,-0.002765,-0.002946,-0.003851,-0.005552,-0.001033,-0.000626,-0.000394,-0.0,-0.000438,-0.001495,-0.002754,-0.002682
2017-05-30 16:22:00+02:00,0.0,0.0,-4.8e-05,-0.003325,-0.000176,-1e-06,-0.000561,-0.00088,-0.002169,-3.2e-05,-0.0,-0.0,-0.002582,-0.002495,-0.001034,-0.004418,-8e-06,0.0,-1e-06,-0.003955,0.0,-0.003916,-0.001803,-0.0,-0.004272,-0.005103,-0.000808,0.0,-0.000692,-3e-06,-0.0,-0.002227,0.0,-0.002119,-0.002395,0.0,-0.000302,-0.00171,0.0,-0.004473,-0.000963,-0.0,-0.001163,0.0,-0.000112,-0.001282,-0.001018,-0.001493,-0.000956,0.0,-0.0,-0.001965,-0.002497,-0.002604,-0.0,0.0,-1.6e-05,-0.0,0.0,-0.000824,-0.001895,-0.004156,-0.00294,0.0,-6.4e-05,-0.004684,-0.000389,-0.001701,0.0,-0.000411,-0.0007,-1.2e-05,-0.0,-0.002189,-0.00248,0.0,-5.8e-05,0.0,-0.001316,-0.0,-0.002402,0.0,-0.00151,-0.004198,-2.9e-05,-1e-05,-0.002304,-0.0,-1e-06,0.0,-5.5e-05,-0.002603,-0.002522,0.0,-0.002052,-0.001295,-0.005153,-0.005159,0.0,-0.00386,-3e-06,-0.003824,-0.0007,0.0,-0.000914,-0.004894,-0.002523,-0.002636,-0.003572,-0.005161,-0.000952,-0.000576,-0.000326,-0.0,-0.000374,-0.001332,-0.002559,-0.002437
2017-05-30 16:23:00+02:00,0.0,0.0,-3.8e-05,-0.002983,-0.000141,-0.0,-0.000495,-0.000785,-0.001907,-2.6e-05,-0.0,-0.0,-0.002292,-0.0022,-0.000868,-0.003974,-6e-06,0.0,-1e-06,-0.003506,0.0,-0.003468,-0.001609,-0.0,-0.003758,-0.004604,-0.000723,0.0,-0.000609,-2e-06,-0.0,-0.001945,0.0,-0.001841,-0.002097,0.0,-0.000241,-0.001528,0.0,-0.00392,-0.000856,-0.0,-0.000975,0.0,-8.9e-05,-0.001128,-0.000911,-0.00131,-0.000811,0.0,-0.0,-0.001725,-0.002229,-0.00231,-0.0,0.0,-1.3e-05,-0.0,0.0,-0.000708,-0.001665,-0.003632,-0.002637,0.0,-5.1e-05,-0.004214,-0.000334,-0.001502,0.0,-0.00035,-0.000591,-1e-05,-0.0,-0.001922,-0.002182,0.0,-4.7e-05,0.0,-0.001166,-0.0,-0.002149,0.0,-0.001336,-0.003667,-2.3e-05,-8e-06,-0.002037,-0.0,-1e-06,0.0,-4.4e-05,-0.00234,-0.00223,0.0,-0.001827,-0.001062,-0.004656,-0.004662,0.0,-0.003388,-3e-06,-0.003437,-0.000598,0.0,-0.000813,-0.004345,-0.002235,-0.002282,-0.00321,-0.004664,-0.000845,-0.000501,-0.000261,-0.0,-0.000299,-0.001132,-0.002292,-0.002153
2017-05-30 16:24:00+02:00,0.0,0.0,-3e-05,-0.002548,-0.000112,-0.0,-0.000396,-0.000644,-0.0016,-2e-05,-0.0,-0.0,-0.001936,-0.001847,-0.000695,-0.003433,-5e-06,0.0,-1e-06,-0.002971,0.0,-0.002936,-0.001321,-0.0,-0.003153,-0.004002,-0.000593,0.0,-0.000487,-2e-06,-0.0,-0.00162,0.0,-0.001522,-0.001749,0.0,-0.000193,-0.001253,0.0,-0.003272,-0.000704,-0.0,-0.00078,0.0,-7.1e-05,-0.000902,-0.000759,-0.001086,-0.000649,0.0,-0.0,-0.001446,-0.001916,-0.001952,-0.0,0.0,-1.1e-05,-0.0,0.0,-0.000566,-0.001396,-0.003018,-0.00224,0.0,-4.1e-05,-0.003646,-0.000268,-0.001261,0.0,-0.00028,-0.000473,-8e-06,-0.0,-0.001618,-0.001829,0.0,-3.7e-05,0.0,-0.000933,-0.0,-0.00185,0.0,-0.001073,-0.003047,-1.9e-05,-6e-06,-0.001713,-0.0,-1e-06,0.0,-3.5e-05,-0.002026,-0.001877,0.0,-0.001557,-0.00085,-0.004053,-0.004059,0.0,-0.002823,-2e-06,-0.002953,-0.000478,0.0,-0.000667,-0.003674,-0.001886,-0.001839,-0.002753,-0.004061,-0.000692,-0.000401,-0.000209,-0.0,-0.000239,-0.000906,-0.001933,-0.00181
2017-05-30 16:25:00+02:00,0.0,0.0,-2.4e-05,-0.002172,-9e-05,-0.0,-0.000317,-0.000521,-0.001341,-1.6e-05,-0.0,-0.0,-0.001632,-0.001548,-0.000556,-0.002958,-4e-06,0.0,-1e-06,-0.002501,0.0,-0.00247,-0.00107,-0.0,-0.002642,-0.003469,-0.00048,0.0,-0.000389,-1e-06,-0.0,-0.001349,0.0,-0.001257,-0.001456,0.0,-0.000154,-0.001014,0.0,-0.002726,-0.000571,-0.0,-0.000624,0.0,-5.7e-05,-0.000722,-0.000631,-0.000892,-0.000519,0.0,-0.0,-0.001205,-0.001645,-0.001645,-0.0,0.0,-8e-06,-0.0,0.0,-0.000453,-0.001163,-0.002502,-0.001899,0.0,-3.3e-05,-0.003146,-0.000214,-0.001051,0.0,-0.000224,-0.000378,-6e-06,-0.0,-0.001354,-0.00153,0.0,-3e-05,0.0,-0.000746,-0.0,-0.00159,0.0,-0.000859,-0.002526,-1.5e-05,-5e-06,-0.001436,-0.0,-1e-06,0.0,-2.8e-05,-0.001752,-0.001575,0.0,-0.001326,-0.00068,-0.003519,-0.003525,0.0,-0.002349,-2e-06,-0.002533,-0.000383,0.0,-0.000541,-0.003096,-0.001587,-0.001476,-0.002355,-0.003527,-0.00056,-0.000321,-0.000167,-0.0,-0.000191,-0.000724,-0.001626,-0.001517
2017-05-30 16:26:00+02:00,0.0,0.0,-1.9e-05,-0.001829,-7.2e-05,-0.0,-0.000253,-0.000417,-0.001108,-1.3e-05,-0.0,-0.0,-0.001354,-0.001276,-0.000445,-0.002524,-3e-06,0.0,-1e-06,-0.002074,0.0,-0.002045,-0.000856,-0.0,-0.002182,-0.002981,-0.000384,0.0,-0.000312,-1e-06,-0.0,-0.001107,0.0,-0.001021,-0.001193,0.0,-0.000124,-0.000811,0.0,-0.002235,-0.000457,-0.0,-0.000499,0.0,-4.6e-05,-0.000577,-0.000514,-0.000716,-0.000415,0.0,-0.0,-0.000988,-0.0014,-0.001365,-0.0,0.0,-7e-06,-0.0,0.0,-0.000362,-0.000952,-0.00204,-0.001587,0.0,-2.6e-05,-0.00269,-0.000171,-0.00086,0.0,-0.000179,-0.000303,-5e-06,-0.0,-0.001116,-0.00126,0.0,-2.4e-05,0.0,-0.000597,-0.0,-0.001354,0.0,-0.000687,-0.00206,-1.2e-05,-4e-06,-0.001185,-0.0,-0.0,0.0,-2.3e-05,-0.001501,-0.001301,0.0,-0.001117,-0.000544,-0.003028,-0.003034,0.0,-0.001923,-1e-06,-0.002148,-0.000306,0.0,-0.000432,-0.002568,-0.001313,-0.001181,-0.001992,-0.003036,-0.000448,-0.000257,-0.000134,-0.0,-0.000153,-0.00058,-0.001346,-0.001251
2017-05-30 16:27:00+02:00,0.0,0.0,-1.6e-05,-0.00152,-5.8e-05,-0.0,-0.000203,-0.000334,-0.000896,-1e-05,-0.0,-0.0,-0.001101,-0.001029,-0.000356,-0.002134,-3e-06,0.0,-0.0,-0.001692,0.0,-0.001666,-0.000685,-0.0,-0.001764,-0.002543,-0.000307,0.0,-0.000249,-1e-06,-0.0,-0.000888,0.0,-0.000817,-0.000956,0.0,-9.9e-05,-0.000649,0.0,-0.001791,-0.000366,-0.0,-0.000399,0.0,-3.7e-05,-0.000462,-0.000411,-0.000573,-0.000332,0.0,-0.0,-0.000794,-0.00118,-0.001109,-0.0,0.0,-5e-06,-0.0,0.0,-0.00029,-0.000765,-0.001632,-0.001307,0.0,-2.1e-05,-0.00228,-0.000137,-0.00069,0.0,-0.000143,-0.000242,-4e-06,-0.0,-0.000906,-0.001015,0.0,-1.9e-05,0.0,-0.000478,-0.0,-0.001143,0.0,-0.000549,-0.001648,-1e-05,-3e-06,-0.000956,-0.0,-0.0,0.0,-1.8e-05,-0.001275,-0.001051,0.0,-0.000931,-0.000435,-0.002587,-0.002592,0.0,-0.001538,-1e-06,-0.001803,-0.000245,0.0,-0.000346,-0.002087,-0.001065,-0.000945,-0.001665,-0.002594,-0.000358,-0.000205,-0.000107,-0.0,-0.000123,-0.000464,-0.001093,-0.00101
2017-05-30 16:28:00+02:00,0.0,0.0,-1.2e-05,-0.001272,-4.6e-05,-0.0,-0.000162,-0.000267,-0.000731,-8e-06,-0.0,-0.0,-0.000901,-0.000836,-0.000285,-0.001816,-2e-06,0.0,-0.0,-0.001395,0.0,-0.001371,-0.000548,-0.0,-0.001438,-0.00218,-0.000246,0.0,-0.000199,-1e-06,-0.0,-0.000719,0.0,-0.000654,-0.000771,0.0,-7.9e-05,-0.000519,0.0,-0.001446,-0.000293,-0.0,-0.00032,0.0,-2.9e-05,-0.000369,-0.000329,-0.000458,-0.000266,0.0,-0.0,-0.000644,-0.001,-0.000908,-0.0,0.0,-4e-06,-0.0,0.0,-0.000232,-0.000619,-0.001306,-0.001083,0.0,-1.7e-05,-0.001943,-0.00011,-0.000558,0.0,-0.000115,-0.000194,-3e-06,-0.0,-0.000741,-0.000823,0.0,-1.5e-05,0.0,-0.000382,-0.0,-0.000971,0.0,-0.00044,-0.00132,-8e-06,-3e-06,-0.000777,-0.0,-0.0,0.0,-1.4e-05,-0.001088,-0.000855,0.0,-0.000779,-0.000348,-0.002222,-0.002226,0.0,-0.001239,-1e-06,-0.001523,-0.000196,0.0,-0.000277,-0.001709,-0.00087,-0.000756,-0.001401,-0.002229,-0.000287,-0.000164,-8.5e-05,-0.0,-9.8e-05,-0.000371,-0.000894,-0.000821
2017-05-30 16:29:00+02:00,0.0,0.0,-1e-05,-0.001075,-3.7e-05,-0.0,-0.00013,-0.000214,-0.000603,-7e-06,-0.0,-0.0,-0.000739,-0.00068,-0.000228,-0.001559,-2e-06,0.0,-0.0,-0.001153,0.0,-0.001131,-0.000438,-0.0,-0.001185,-0.001888,-0.000197,0.0,-0.00016,-1e-06,-0.0,-0.000585,0.0,-0.000523,-0.000623,0.0,-6.3e-05,-0.000415,0.0,-0.001169,-0.000234,-0.0,-0.000256,0.0,-2.3e-05,-0.000296,-0.000263,-0.000367,-0.000213,0.0,-0.0,-0.000522,-0.000856,-0.000745,-0.0,0.0,-3e-06,-0.0,0.0,-0.000186,-0.000501,-0.001046,-0.000906,0.0,-1.3e-05,-0.001672,-8.8e-05,-0.000451,0.0,-9.2e-05,-0.000155,-3e-06,-0.0,-0.000607,-0.000669,0.0,-1.2e-05,0.0,-0.000306,-0.0,-0.000832,0.0,-0.000352,-0.001057,-6e-06,-2e-06,-0.000632,-0.0,-0.0,0.0,-1.2e-05,-0.000938,-0.000696,0.0,-0.000659,-0.000278,-0.001928,-0.001932,0.0,-0.001003,-1e-06,-0.001299,-0.000157,0.0,-0.000221,-0.001403,-0.000711,-0.000605,-0.001191,-0.001934,-0.000229,-0.000131,-6.8e-05,-0.0,-7.8e-05,-0.000297,-0.000736,-0.000667
2017-05-30 16:30:00+02:00,0.0,0.0,-8e-06,-0.000976,-2.9e-05,-0.0,-0.000104,-0.000171,-0.000529,-5e-06,-0.0,-0.0,-0.000642,-0.000587,-0.000182,-0.001418,-1e-06,0.0,-0.0,-0.001,0.0,-0.000979,-0.000351,-0.0,-0.001039,-0.001721,-0.000157,0.0,-0.000133,-0.0,-0.0,-0.000508,0.0,-0.000447,-0.000535,0.0,-5.1e-05,-0.000333,0.0,-0.001006,-0.000189,-0.0,-0.000205,0.0,-1.9e-05,-0.000243,-0.000238,-0.000301,-0.00017,0.0,-0.0,-0.000445,-0.000772,-0.000647,-0.0,0.0,-3e-06,-0.0,0.0,-0.000148,-0.000427,-0.000896,-0.000822,0.0,-1.1e-05,-0.00152,-7e-05,-0.000384,0.0,-7.3e-05,-0.000124,-2e-06,-0.0,-0.000521,-0.000576,0.0,-1e-05,0.0,-0.000245,-0.0,-0.000753,0.0,-0.0003,-0.000905,-5e-06,-2e-06,-0.000547,-0.0,-0.0,0.0,-9e-06,-0.000851,-0.000602,0.0,-0.000593,-0.000223,-0.001759,-0.001763,0.0,-0.000871,-1e-06,-0.00118,-0.000125,0.0,-0.000178,-0.001221,-0.000617,-0.00049,-0.001083,-0.001765,-0.000183,-0.000105,-5.5e-05,-0.0,-6.3e-05,-0.000237,-0.000666,-0.000577
2017-05-30 16:31:00+02:00,0.0,0.0,-6e-06,-0.000906,-2.4e-05,-0.0,-9.3e-05,-0.000158,-0.000501,-4e-06,-0.0,-0.0,-0.000602,-0.000548,-0.000153,-0.001308,-1e-06,0.0,-0.0,-0.000956,0.0,-0.000937,-0.000325,-0.0,-0.000985,-0.001579,-0.00015,0.0,-0.000119,-0.0,-0.0,-0.000476,0.0,-0.000417,-0.000498,0.0,-4e-05,-0.000315,0.0,-0.000942,-0.000178,-0.0,-0.000166,0.0,-1.5e-05,-0.000215,-0.000224,-0.000286,-0.000147,0.0,-0.0,-0.000422,-0.000706,-0.000606,-0.0,0.0,-2e-06,-0.0,0.0,-0.000119,-0.000406,-0.000839,-0.000765,0.0,-9e-06,-0.001398,-5.6e-05,-0.00037,0.0,-5.9e-05,-0.000104,-2e-06,-0.0,-0.000492,-0.000537,0.0,-8e-06,0.0,-0.000223,-0.0,-0.00069,0.0,-0.000274,-0.000847,-4e-06,-1e-06,-0.000515,-0.0,-0.0,0.0,-7e-06,-0.000779,-0.000562,0.0,-0.000544,-0.000178,-0.001616,-0.00162,0.0,-0.000827,-0.0,-0.001093,-0.000109,0.0,-0.000168,-0.00115,-0.000578,-0.000454,-0.001004,-0.001622,-0.000169,-9e-05,-4.4e-05,-0.0,-5e-05,-0.000203,-0.000623,-0.00054
2017-05-30 16:32:00+02:00,0.0,0.0,-5e-06,-0.000908,-1.9e-05,-0.0,-0.000106,-0.000172,-0.000499,-3e-06,-0.0,-0.0,-0.000592,-0.000538,-0.000145,-0.001282,-1e-06,0.0,-0.0,-0.000957,0.0,-0.000938,-0.000354,-0.0,-0.000983,-0.001532,-0.000168,0.0,-0.000131,-0.0,-0.0,-0.000472,0.0,-0.000413,-0.000489,0.0,-3.2e-05,-0.00035,0.0,-0.000931,-0.000194,-0.0,-0.000173,0.0,-1.2e-05,-0.00024,-0.000238,-0.000293,-0.000145,0.0,-0.0,-0.000423,-0.000686,-0.000595,-0.0,0.0,-2e-06,-0.0,0.0,-0.000138,-0.000408,-0.000833,-0.000776,0.0,-7e-06,-0.001364,-6.6e-05,-0.000376,0.0,-6.7e-05,-0.000108,-1e-06,-0.0,-0.000487,-0.000528,0.0,-6e-06,0.0,-0.000253,-0.0,-0.000672,0.0,-0.000301,-0.00084,-3e-06,-1e-06,-0.000509,-0.0,-0.0,0.0,-6e-06,-0.000754,-0.000552,0.0,-0.000535,-0.00016,-0.001569,-0.001573,0.0,-0.000831,-0.0,-0.001083,-0.000115,0.0,-0.000184,-0.001135,-0.000569,-0.000459,-0.001,-0.001575,-0.000183,-0.0001,-3.7e-05,-0.0,-4.8e-05,-0.000214,-0.000641,-0.000531
2017-05-30 16:33:00+02:00,0.0,0.0,-4e-06,-0.000965,-4.6e-05,-0.0,-0.000142,-0.000212,-0.000527,-3e-06,-0.0,-0.0,-0.00062,-0.000565,-0.000162,-0.001323,-1e-06,0.0,-0.0,-0.001011,0.0,-0.000991,-0.000438,-0.0,-0.001041,-0.001559,-0.000209,0.0,-0.000163,-0.0,-0.0,-0.000499,0.0,-0.00044,-0.000515,0.0,-2.6e-05,-0.000436,0.0,-0.000982,-0.000236,-0.0,-0.000222,0.0,-3.1e-05,-0.000305,-0.000273,-0.000322,-0.000164,0.0,-0.0,-0.000451,-0.000703,-0.000623,-0.0,0.0,-1e-06,-0.0,0.0,-0.000202,-0.000437,-0.000885,-0.000838,0.0,-5e-06,-0.0014,-9.7e-05,-0.000406,0.0,-9.7e-05,-0.000133,-1e-06,-0.0,-0.000512,-0.000555,0.0,-5e-06,0.0,-0.00033,-0.0,-0.00069,0.0,-0.000368,-0.000892,-3e-06,-1e-06,-0.000534,-0.0,-0.0,0.0,-1.4e-05,-0.000769,-0.00058,0.0,-0.000561,-0.000184,-0.001597,-0.001601,0.0,-0.000891,-0.0,-0.001134,-0.000142,0.0,-0.000226,-0.00119,-0.000596,-0.000513,-0.001055,-0.001603,-0.000224,-0.00013,-5.1e-05,-0.0,-9.1e-05,-0.000267,-0.000708,-0.000558
2017-05-30 16:34:00+02:00,0.0,0.0,-4.6e-05,-0.001108,-0.000126,-0.0,-0.000203,-0.00028,-0.00062,-2.6e-05,-0.0,-0.0,-0.000736,-0.000676,-0.000239,-0.001463,-1e-06,0.0,-0.0,-0.001194,0.0,-0.001173,-0.000577,-0.0,-0.001229,-0.001694,-0.000277,0.0,-0.000229,-0.0,-0.0,-0.000594,0.0,-0.000536,-0.00062,0.0,-8.7e-05,-0.000576,0.0,-0.001179,-0.000307,-0.0,-0.000357,0.0,-0.000103,-0.000437,-0.000342,-0.000407,-0.000239,0.0,-0.0,-0.000543,-0.000774,-0.000741,-0.0,0.0,-2.1e-05,-0.0,0.0,-0.000318,-0.000528,-0.001077,-0.000982,0.0,-5.5e-05,-0.001538,-0.000153,-0.000494,0.0,-0.000153,-0.000203,-1.2e-05,-0.0,-0.000606,-0.000665,0.0,-5.1e-05,0.0,-0.000461,-0.0,-0.000759,0.0,-0.000504,-0.001082,-4.1e-05,-3e-06,-0.000637,-0.0,-0.0,0.0,-4.9e-05,-0.000839,-0.000693,0.0,-0.000636,-0.000316,-0.001733,-0.001737,0.0,-0.00108,-0.0,-0.001276,-0.000213,0.0,-0.000296,-0.00141,-0.000709,-0.000685,-0.001199,-0.00174,-0.000295,-0.000193,-0.000107,-0.0,-0.000185,-0.000409,-0.000853,-0.000666
2017-05-30 16:35:00+02:00,0.0,0.0,-8.6e-05,-0.001252,-0.000198,-0.0,-0.000259,-0.000344,-0.000717,-4.7e-05,-0.0,-0.0,-0.000863,-0.000798,-0.000317,-0.001612,-0.0,0.0,-0.0,-0.001378,0.0,-0.001357,-0.00071,-0.0,-0.001425,-0.001842,-0.000339,0.0,-0.00029,-0.0,-0.0,-0.000696,0.0,-0.000639,-0.000735,0.0,-0.000149,-0.00071,0.0,-0.001384,-0.000376,-0.0,-0.000483,0.0,-0.000168,-0.000558,-0.000407,-0.000488,-0.000312,0.0,-0.0,-0.000636,-0.000854,-0.00087,-0.0,0.0,-4e-05,-0.0,0.0,-0.000425,-0.000619,-0.001275,-0.001124,0.0,-0.000101,-0.001686,-0.000203,-0.000579,0.0,-0.000206,-0.00027,-2.2e-05,-0.0,-0.000705,-0.000786,0.0,-9.2e-05,0.0,-0.000585,-0.0,-0.000835,0.0,-0.000631,-0.001279,-7.6e-05,-6e-06,-0.000741,-0.0,-0.0,0.0,-8.2e-05,-0.000918,-0.000816,0.0,-0.000717,-0.000444,-0.001883,-0.001888,0.0,-0.001273,-0.0,-0.001422,-0.000277,0.0,-0.000363,-0.001643,-0.000832,-0.000856,-0.001345,-0.00189,-0.000363,-0.00025,-0.000158,-0.0,-0.000272,-0.000541,-0.000994,-0.000783
2017-05-30 16:36:00+02:00,0.0,0.0,-0.000157,-0.001446,-0.0003,-0.0,-0.000331,-0.000428,-0.00085,-7.9e-05,-0.0,-0.0,-0.001046,-0.000974,-0.000428,-0.001823,-2.3e-05,0.0,-0.0,-0.001626,0.0,-0.001603,-0.000887,-0.0,-0.001697,-0.002061,-0.00042,0.0,-0.000365,-3e-06,-0.0,-0.00084,0.0,-0.000785,-0.000901,0.0,-0.000251,-0.000886,0.0,-0.001672,-0.000469,-0.0,-0.000645,0.0,-0.000262,-0.000711,-0.000487,-0.000594,-0.000411,0.0,-0.0,-0.000764,-0.000972,-0.001057,-0.0,0.0,-9e-05,-0.0,0.0,-0.000566,-0.000742,-0.001549,-0.001313,0.0,-0.000178,-0.001899,-0.000268,-0.00069,0.0,-0.000276,-0.000357,-4.4e-05,-0.0,-0.000843,-0.000961,0.0,-0.000156,0.0,-0.000747,-0.0,-0.000945,0.0,-0.00079,-0.001553,-0.000139,-4e-05,-0.000885,-0.0,-0.0,0.0,-0.000129,-0.001036,-0.000994,0.0,-0.000833,-0.00062,-0.002104,-0.00211,0.0,-0.00154,-0.0,-0.001625,-0.00036,0.0,-0.000452,-0.001971,-0.001007,-0.001088,-0.001545,-0.002113,-0.000454,-0.000322,-0.000226,-0.0,-0.000389,-0.000712,-0.001178,-0.000948
2017-05-30 16:37:00+02:00,0.0,0.0,-0.000265,-0.001702,-0.000439,-0.0,-0.000426,-0.000537,-0.001023,-0.000131,-0.0,-0.0,-0.001274,-0.001192,-0.000565,-0.002105,-8.5e-05,0.0,-1.7e-05,-0.001924,0.0,-0.001898,-0.001115,-0.0,-0.002045,-0.002359,-0.000525,0.0,-0.000464,-2.5e-05,-0.0,-0.00102,0.0,-0.000965,-0.001106,0.0,-0.000398,-0.001112,0.0,-0.00204,-0.000586,-0.0,-0.000847,0.0,-0.000393,-0.000909,-0.000594,-0.000724,-0.000538,0.0,-0.0,-0.000914,-0.001124,-0.001288,-0.0,0.0,-0.000178,-0.0,0.0,-0.000748,-0.000889,-0.001901,-0.001561,0.0,-0.000292,-0.002187,-0.000354,-0.000827,0.0,-0.000366,-0.000464,-8.6e-05,-0.0,-0.001003,-0.001178,0.0,-0.000258,0.0,-0.000955,-0.0,-0.001091,0.0,-0.000996,-0.001905,-0.000239,-0.000111,-0.001075,-0.0,-0.0,0.0,-0.000196,-0.001192,-0.001216,0.0,-0.000979,-0.000847,-0.002406,-0.002413,0.0,-0.001879,-1.5e-05,-0.001894,-0.000463,0.0,-0.000566,-0.002392,-0.001227,-0.001381,-0.001809,-0.002416,-0.000571,-0.000415,-0.000313,-0.0,-0.000545,-0.000923,-0.001417,-0.001157
2017-05-30 16:38:00+02:00,0.0,0.0,-0.000367,-0.001967,-0.000563,-0.0,-0.000516,-0.000646,-0.001209,-0.000171,-0.0,-0.0,-0.001528,-0.001436,-0.000711,-0.002409,-0.000136,0.0,-2.4e-05,-0.002279,0.0,-0.00225,-0.001346,-0.0,-0.002423,-0.002686,-0.000629,0.0,-0.000558,-4.3e-05,-0.0,-0.001218,0.0,-0.001165,-0.001335,0.0,-0.000537,-0.001339,0.0,-0.002438,-0.000706,-0.0,-0.001061,0.0,-0.000508,-0.001097,-0.000697,-0.000872,-0.000667,0.0,-0.0,-0.001095,-0.001293,-0.001548,-0.0,0.0,-0.000257,-0.0,0.0,-0.000923,-0.001063,-0.002279,-0.001814,0.0,-0.000402,-0.002498,-0.000434,-0.000984,0.0,-0.000452,-0.000579,-0.000116,-0.0,-0.001199,-0.00142,0.0,-0.000339,0.0,-0.001161,-0.0,-0.00125,0.0,-0.001194,-0.002282,-0.000319,-0.000173,-0.001277,-0.0,-0.0,0.0,-0.000254,-0.001365,-0.001462,0.0,-0.001138,-0.001075,-0.002737,-0.002745,0.0,-0.002244,-1.7e-05,-0.002176,-0.000573,0.0,-0.000681,-0.00285,-0.00147,-0.001688,-0.002086,-0.002749,-0.00069,-0.000503,-0.000403,-0.0,-0.000688,-0.001148,-0.001658,-0.001386
2017-05-30 16:39:00+02:00,0.0,0.0,-0.000607,-0.002506,-0.000814,-7.4e-05,-0.000678,-0.000845,-0.001559,-0.000276,-1.2e-05,-0.0,-0.002038,-0.00193,-0.001014,-0.003026,-0.000299,0.0,-0.000128,-0.002951,0.0,-0.002918,-0.001775,-0.0,-0.003136,-0.003353,-0.000813,0.0,-0.000748,-0.000114,-0.0,-0.001613,0.0,-0.001571,-0.001803,0.0,-0.000836,-0.001761,0.0,-0.003185,-0.000938,-0.0,-0.00148,0.0,-0.000745,-0.001479,-0.000895,-0.001148,-0.000914,0.0,-2.2e-05,-0.001457,-0.001662,-0.002074,-0.0,0.0,-0.000463,-0.0,0.0,-0.001254,-0.001408,-0.00299,-0.002326,0.0,-0.000653,-0.003133,-0.000579,-0.001275,0.0,-0.00062,-0.000814,-0.00021,-0.0,-0.001603,-0.001915,0.0,-0.000542,0.0,-0.001545,-0.0,-0.001589,0.0,-0.001595,-0.002995,-0.000506,-0.000351,-0.001636,-0.0,-2.7e-05,0.0,-0.00038,-0.001739,-0.001957,0.0,-0.00149,-0.001515,-0.003412,-0.003422,0.0,-0.002927,-6.9e-05,-0.002751,-0.000781,0.0,-0.0009,-0.003706,-0.001953,-0.002266,-0.002644,-0.003426,-0.000921,-0.000683,-0.000587,-0.0,-0.000969,-0.001588,-0.002143,-0.001835
2017-05-30 16:40:00+02:00,0.0,0.0,-0.001107,-0.003596,-0.00134,-0.000313,-0.000986,-0.001233,-0.002199,-0.000519,-0.000113,-0.0,-0.002788,-0.002739,-0.001674,-0.004254,-0.000671,0.0,-0.00041,-0.004209,0.0,-0.004177,-0.002612,-7e-06,-0.004438,-0.004577,-0.00116,0.0,-0.001142,-0.000294,-4.3e-05,-0.002404,0.0,-0.002437,-0.002667,0.0,-0.001481,-0.002572,0.0,-0.00444,-0.001414,-4e-06,-0.002289,0.0,-0.001247,-0.002245,-0.001281,-0.001675,-0.001425,0.0,-0.000133,-0.00219,-0.002453,-0.002854,-4.7e-05,0.0,-0.000904,-0.0,0.0,-0.001901,-0.0021,-0.004291,-0.003353,0.0,-0.001179,-0.004398,-0.000857,-0.001829,0.0,-0.000967,-0.001289,-0.000446,-9.6e-05,-0.002424,-0.002757,0.0,-0.000994,0.0,-0.002287,-0.0,-0.002308,0.0,-0.002405,-0.004312,-0.000921,-0.000746,-0.002141,-3.6e-05,-0.000139,0.0,-0.000657,-0.002505,-0.002723,0.0,-0.002245,-0.002408,-0.004629,-0.004631,0.0,-0.004234,-0.000227,-0.003899,-0.00118,0.0,-0.001344,-0.00486,-0.002676,-0.003414,-0.003752,-0.004633,-0.001397,-0.001056,-0.000962,-1.3e-05,-0.001529,-0.002423,-0.003106,-0.002532
2017-05-30 16:41:00+02:00,0.0,0.0,-0.001423,-0.004406,-0.00165,-0.000402,-0.001193,-0.001503,-0.002552,-0.000655,-0.000128,-0.0,-0.003186,-0.003178,-0.002184,-0.005014,-0.000876,0.0,-0.000537,-0.004979,0.0,-0.004952,-0.003204,-6e-06,-0.005167,-0.005273,-0.0014,0.0,-0.001409,-0.000383,-3.4e-05,-0.002842,0.0,-0.002937,-0.003147,0.0,-0.001963,-0.003142,0.0,-0.005163,-0.001733,-4e-06,-0.002877,0.0,-0.001537,-0.002782,-0.001559,-0.002083,-0.001825,0.0,-0.000162,-0.002672,-0.002918,-0.00327,-3.8e-05,0.0,-0.001172,-0.0,0.0,-0.002328,-0.002559,-0.005044,-0.004114,0.0,-0.001512,-0.005129,-0.001038,-0.002211,0.0,-0.001185,-0.001625,-0.000568,-0.000119,-0.002926,-0.003219,0.0,-0.001255,0.0,-0.002799,-0.0,-0.002725,0.0,-0.002974,-0.005064,-0.001139,-0.000972,-0.002416,-2.9e-05,-0.000171,0.0,-0.000812,-0.002923,-0.003134,0.0,-0.002793,-0.003119,-0.005314,-0.005316,0.0,-0.004998,-0.000288,-0.00473,-0.00147,0.0,-0.001642,-0.005499,-0.00306,-0.004342,-0.004597,-0.005318,-0.001719,-0.001305,-0.001218,-1.1e-05,-0.001882,-0.003043,-0.003818,-0.002905
2017-05-30 16:42:00+02:00,0.0,0.0,-0.001139,-0.004035,-0.00132,-0.000322,-0.001033,-0.001334,-0.00243,-0.000524,-0.000102,-0.0,-0.003139,-0.00309,-0.001952,-0.004687,-0.000701,0.0,-0.00043,-0.004654,0.0,-0.004622,-0.002845,-5e-06,-0.004921,-0.004995,-0.001241,0.0,-0.001228,-0.000307,-2.7e-05,-0.002679,0.0,-0.002743,-0.003008,0.0,-0.001596,-0.002782,0.0,-0.004983,-0.001532,-3e-06,-0.002514,0.0,-0.00123,-0.00242,-0.001399,-0.001911,-0.001647,0.0,-0.00013,-0.002463,-0.002711,-0.003218,-3e-05,0.0,-0.000937,-0.0,0.0,-0.001967,-0.00236,-0.004815,-0.003746,0.0,-0.00121,-0.004815,-0.000877,-0.002046,0.0,-0.000996,-0.001424,-0.000454,-9.5e-05,-0.002707,-0.003112,0.0,-0.001004,0.0,-0.002439,-0.0,-0.002537,0.0,-0.00261,-0.004832,-0.000911,-0.000778,-0.002386,-2.3e-05,-0.000137,0.0,-0.00065,-0.002742,-0.00307,0.0,-0.002551,-0.002762,-0.005044,-0.005049,0.0,-0.004728,-0.000231,-0.004372,-0.0013,0.0,-0.001451,-0.005459,-0.003009,-0.003996,-0.004232,-0.005052,-0.001519,-0.001124,-0.001028,-9e-06,-0.001519,-0.002681,-0.003454,-0.002843
2017-05-30 16:43:00+02:00,0.0,0.0,-0.000911,-0.003228,-0.001056,-0.000258,-0.000827,-0.001068,-0.001976,-0.000419,-8.2e-05,-0.0,-0.002614,-0.002545,-0.001562,-0.003828,-0.00056,0.0,-0.000344,-0.00376,0.0,-0.003729,-0.002276,-4e-06,-0.003998,-0.004139,-0.000993,0.0,-0.000982,-0.000245,-2.2e-05,-0.002162,0.0,-0.002194,-0.002447,0.0,-0.001277,-0.002226,0.0,-0.004056,-0.001226,-2e-06,-0.002011,0.0,-0.000984,-0.001936,-0.001119,-0.001529,-0.001318,0.0,-0.000104,-0.00197,-0.002214,-0.002679,-2.4e-05,0.0,-0.00075,-0.0,0.0,-0.001574,-0.001888,-0.003882,-0.002997,0.0,-0.000968,-0.003952,-0.000702,-0.001637,0.0,-0.000797,-0.001139,-0.000363,-7.6e-05,-0.002177,-0.002555,0.0,-0.000803,0.0,-0.001951,-0.0,-0.002073,0.0,-0.002088,-0.003898,-0.000729,-0.000622,-0.001971,-1.8e-05,-0.000109,0.0,-0.00052,-0.002262,-0.002541,0.0,-0.002041,-0.002209,-0.00419,-0.004196,0.0,-0.0038,-0.000185,-0.00352,-0.00104,0.0,-0.001161,-0.004544,-0.002498,-0.003197,-0.003386,-0.004199,-0.001215,-0.000899,-0.000822,-7e-06,-0.001215,-0.002145,-0.002763,-0.002348
2017-05-30 16:44:00+02:00,0.0,0.0,-0.000729,-0.002772,-0.000845,-0.000206,-0.000661,-0.000854,-0.001725,-0.000335,-6.6e-05,-0.0,-0.002321,-0.00224,-0.001264,-0.003354,-0.000448,0.0,-0.000275,-0.003243,0.0,-0.003212,-0.001822,-3e-06,-0.003488,-0.003667,-0.000794,0.0,-0.000786,-0.000196,-1.8e-05,-0.001872,0.0,-0.001884,-0.002132,0.0,-0.001021,-0.001781,0.0,-0.003551,-0.000982,-2e-06,-0.001609,0.0,-0.000787,-0.001548,-0.000931,-0.001286,-0.001075,0.0,-8.3e-05,-0.001679,-0.001933,-0.002376,-1.9e-05,0.0,-0.0006,-0.0,0.0,-0.001259,-0.001608,-0.003374,-0.002552,0.0,-0.000774,-0.003476,-0.000561,-0.001395,0.0,-0.000637,-0.000911,-0.000291,-6.1e-05,-0.001863,-0.002242,0.0,-0.000643,0.0,-0.001561,-0.0,-0.001812,0.0,-0.001681,-0.003387,-0.000583,-0.000498,-0.001749,-1.5e-05,-8.8e-05,0.0,-0.000416,-0.001991,-0.002246,0.0,-0.001754,-0.001767,-0.00372,-0.003726,0.0,-0.003291,-0.000148,-0.003054,-0.000832,0.0,-0.000929,-0.00405,-0.002214,-0.002682,-0.002925,-0.003729,-0.000972,-0.000719,-0.000658,-5e-06,-0.000972,-0.001716,-0.002329,-0.002073
2017-05-30 16:45:00+02:00,0.0,0.0,-0.000583,-0.002341,-0.000676,-0.000165,-0.000529,-0.000683,-0.001461,-0.000268,-5.2e-05,-0.0,-0.002013,-0.001923,-0.001011,-0.002912,-0.000359,0.0,-0.00022,-0.002748,0.0,-0.002717,-0.001458,-2e-06,-0.002955,-0.003228,-0.000635,0.0,-0.000629,-0.000157,-1.4e-05,-0.001577,0.0,-0.001568,-0.001808,0.0,-0.000817,-0.001424,0.0,-0.003008,-0.000786,-1e-06,-0.001287,0.0,-0.00063,-0.001239,-0.000746,-0.001048,-0.00086,0.0,-6.6e-05,-0.001404,-0.001681,-0.002062,-1.6e-05,0.0,-0.00048,-0.0,0.0,-0.001007,-0.001342,-0.002831,-0.002128,0.0,-0.000619,-0.003031,-0.000449,-0.001161,0.0,-0.00051,-0.000729,-0.000233,-4.9e-05,-0.001573,-0.001919,0.0,-0.000514,0.0,-0.001249,-0.0,-0.001575,0.0,-0.001345,-0.002843,-0.000466,-0.000398,-0.001498,-1.2e-05,-7e-05,0.0,-0.000333,-0.001748,-0.001935,0.0,-0.001495,-0.001414,-0.003282,-0.003289,0.0,-0.002758,-0.000118,-0.002616,-0.000665,0.0,-0.000743,-0.003504,-0.001913,-0.002145,-0.00249,-0.003293,-0.000778,-0.000576,-0.000526,-4e-06,-0.000777,-0.001373,-0.001911,-0.001781
2017-05-30 16:46:00+02:00,0.0,0.0,-0.000578,-0.002561,-0.000716,-0.000132,-0.000577,-0.000759,-0.001572,-0.000282,-4.2e-05,-0.0,-0.002216,-0.002118,-0.001105,-0.003168,-0.000306,0.0,-0.000176,-0.002796,0.0,-0.002763,-0.00163,-2e-06,-0.003193,-0.003512,-0.000699,0.0,-0.000705,-0.000126,-1.1e-05,-0.001711,0.0,-0.00171,-0.001988,0.0,-0.00086,-0.001584,0.0,-0.003279,-0.000872,-1e-06,-0.001353,0.0,-0.000659,-0.0014,-0.000826,-0.001065,-0.000929,0.0,-5.3e-05,-0.001437,-0.001837,-0.002274,-1.2e-05,0.0,-0.000453,-0.0,0.0,-0.001103,-0.00137,-0.00308,-0.002342,0.0,-0.00062,-0.003297,-0.000487,-0.001178,0.0,-0.000555,-0.000766,-0.000234,-3.9e-05,-0.001607,-0.002114,0.0,-0.000544,0.0,-0.001382,-0.0,-0.001713,0.0,-0.001516,-0.003091,-0.000457,-0.000354,-0.00162,-9e-06,-5.6e-05,0.0,-0.000346,-0.001906,-0.00213,0.0,-0.001646,-0.001535,-0.00357,-0.003578,0.0,-0.002989,-9.5e-05,-0.002851,-0.000695,0.0,-0.000822,-0.003833,-0.002101,-0.002329,-0.00272,-0.003583,-0.000867,-0.000645,-0.000549,-3e-06,-0.000841,-0.001445,-0.00212,-0.001949
2017-05-30 16:47:00+02:00,0.0,0.0,-0.000477,-0.002513,-0.000639,-0.000106,-0.000559,-0.000747,-0.001537,-0.000239,-3.4e-05,-0.0,-0.002175,-0.002072,-0.001054,-0.003117,-0.000245,0.0,-0.000141,-0.00265,0.0,-0.002616,-0.001602,-2e-06,-0.003124,-0.003465,-0.000686,0.0,-0.000686,-0.0001,-9e-06,-0.001664,0.0,-0.001658,-0.001938,0.0,-0.000767,-0.00155,0.0,-0.003228,-0.000848,-1e-06,-0.00127,0.0,-0.000578,-0.001363,-0.000815,-0.001005,-0.000894,0.0,-4.2e-05,-0.001353,-0.001792,-0.002229,-1e-05,0.0,-0.000362,-0.0,0.0,-0.001048,-0.001291,-0.003024,-0.002299,0.0,-0.000522,-0.003246,-0.000464,-0.001115,0.0,-0.000524,-0.000717,-0.000187,-3.1e-05,-0.001509,-0.002066,0.0,-0.000461,0.0,-0.001339,-0.0,-0.001675,0.0,-0.001481,-0.003032,-0.000366,-0.000284,-0.001605,-7e-06,-4.5e-05,0.0,-0.000301,-0.001866,-0.002088,0.0,-0.001601,-0.001465,-0.003521,-0.003531,0.0,-0.002927,-7.6e-05,-0.0028,-0.000656,0.0,-0.000801,-0.003791,-0.002063,-0.002264,-0.002673,-0.003536,-0.000846,-0.000624,-0.000504,-3e-06,-0.000775,-0.001362,-0.002083,-0.001914
2017-05-30 16:48:00+02:00,0.0,0.0,-0.000382,-0.002192,-0.000511,-8.4e-05,-0.000454,-0.000641,-0.001354,-0.000191,-2.7e-05,-0.0,-0.001954,-0.001847,-0.00085,-0.002772,-0.000196,0.0,-0.000113,-0.00227,0.0,-0.002237,-0.001376,-1e-06,-0.002753,-0.003108,-0.000583,0.0,-0.000549,-8e-05,-7e-06,-0.001459,0.0,-0.001443,-0.001712,0.0,-0.000614,-0.001319,0.0,-0.002855,-0.000723,-1e-06,-0.001016,0.0,-0.000462,-0.00109,-0.000685,-0.000837,-0.000728,0.0,-3.4e-05,-0.001149,-0.001592,-0.002002,-8e-06,0.0,-0.00029,-0.0,0.0,-0.000839,-0.001095,-0.002656,-0.001988,0.0,-0.000418,-0.002896,-0.000371,-0.000944,0.0,-0.000419,-0.000573,-0.00015,-2.5e-05,-0.001285,-0.001837,0.0,-0.000369,0.0,-0.001103,-0.0,-0.001488,0.0,-0.001197,-0.002663,-0.000293,-0.000227,-0.001433,-6e-06,-3.6e-05,0.0,-0.000241,-0.001667,-0.001867,0.0,-0.001402,-0.001172,-0.003165,-0.003174,0.0,-0.002562,-6e-05,-0.002467,-0.000525,0.0,-0.000681,-0.003406,-0.001848,-0.001915,-0.002345,-0.003179,-0.000723,-0.000499,-0.000403,-2e-06,-0.00062,-0.00109,-0.001781,-0.001709
2017-05-30 16:49:00+02:00,0.0,0.0,-0.000342,-0.002349,-0.000539,-6.8e-05,-0.000502,-0.000714,-0.001452,-0.000173,-2.1e-05,-0.0,-0.002142,-0.002026,-0.000932,-0.002956,-0.000157,0.0,-9e-05,-0.002389,0.0,-0.002355,-0.001546,-1e-06,-0.002964,-0.003313,-0.000644,0.0,-0.000596,-6.4e-05,-6e-06,-0.001584,0.0,-0.001574,-0.001878,0.0,-0.000609,-0.001478,0.0,-0.003084,-0.000813,-1e-06,-0.001078,0.0,-0.000478,-0.001187,-0.000733,-0.000879,-0.000785,0.0,-2.7e-05,-0.001222,-0.001716,-0.002199,-6e-06,0.0,-0.000232,-0.0,0.0,-0.000932,-0.001161,-0.002867,-0.002136,0.0,-0.000386,-0.003086,-0.000407,-0.000989,0.0,-0.000465,-0.000613,-0.00012,-2e-05,-0.001369,-0.002018,0.0,-0.000334,0.0,-0.001239,-0.0,-0.001595,0.0,-0.001305,-0.002875,-0.000266,-0.000181,-0.001531,-5e-06,-2.9e-05,0.0,-0.000248,-0.001792,-0.002045,0.0,-0.001521,-0.00126,-0.003373,-0.003383,0.0,-0.002759,-4.8e-05,-0.002635,-0.000556,0.0,-0.000764,-0.003688,-0.002019,-0.002067,-0.002508,-0.003388,-0.000816,-0.000539,-0.000418,-2e-06,-0.000673,-0.001163,-0.001922,-0.00186
2017-05-30 16:50:00+02:00,0.0,0.0,-0.000619,-0.002847,-0.000844,-0.000178,-0.000684,-0.000926,-0.001766,-0.000306,-6.8e-05,-0.0,-0.002431,-0.00236,-0.00123,-0.003506,-0.000356,0.0,-0.000229,-0.002912,0.0,-0.002873,-0.002002,-1e-06,-0.003612,-0.003897,-0.000843,0.0,-0.000796,-0.000152,-2.1e-05,-0.001926,0.0,-0.001928,-0.00226,0.0,-0.000972,-0.001925,0.0,-0.003748,-0.001045,-0.0,-0.001477,0.0,-0.000772,-0.001599,-0.000936,-0.001106,-0.001035,0.0,-7.1e-05,-0.001492,-0.002016,-0.002499,-2.2e-05,0.0,-0.000479,-0.0,0.0,-0.001307,-0.001421,-0.003537,-0.002621,0.0,-0.000669,-0.003649,-0.000573,-0.001221,0.0,-0.000649,-0.000824,-0.000247,-5.8e-05,-0.001658,-0.002372,0.0,-0.000599,0.0,-0.001659,-0.0,-0.001877,0.0,-0.001728,-0.003542,-0.000518,-0.000398,-0.001789,-1.8e-05,-8.5e-05,0.0,-0.0004,-0.002095,-0.002354,0.0,-0.001815,-0.001737,-0.003959,-0.003972,0.0,-0.0034,-0.000129,-0.003158,-0.000749,0.0,-0.000987,-0.004229,-0.00231,-0.002639,-0.003022,-0.003979,-0.001049,-0.000729,-0.000596,-1e-06,-0.001007,-0.001577,-0.002395,-0.002157
2017-05-30 16:51:00+02:00,0.0,0.0,-0.000495,-0.002719,-0.000735,-0.000142,-0.000652,-0.000893,-0.0017,-0.000245,-5.4e-05,-0.0,-0.002347,-0.00226,-0.001139,-0.003367,-0.000285,0.0,-0.000183,-0.00275,0.0,-0.002712,-0.001917,-1e-06,-0.003471,-0.003751,-0.000814,0.0,-0.000745,-0.000122,-1.7e-05,-0.001831,0.0,-0.00182,-0.002144,0.0,-0.000834,-0.001839,0.0,-0.003617,-0.000992,-0.0,-0.001352,0.0,-0.000659,-0.001493,-0.000897,-0.001041,-0.000977,0.0,-5.7e-05,-0.001393,-0.001911,-0.002405,-1.8e-05,0.0,-0.000383,-0.0,0.0,-0.001212,-0.00133,-0.003401,-0.0025,0.0,-0.000535,-0.003507,-0.000536,-0.001156,0.0,-0.000599,-0.000753,-0.000198,-4.6e-05,-0.001542,-0.002262,0.0,-0.000479,0.0,-0.001571,-0.0,-0.00179,0.0,-0.001623,-0.003405,-0.000415,-0.000318,-0.001766,-1.4e-05,-6.8e-05,0.0,-0.000338,-0.001995,-0.002266,0.0,-0.001708,-0.001614,-0.003813,-0.003825,0.0,-0.003262,-0.000104,-0.003024,-0.000695,0.0,-0.00094,-0.004138,-0.002233,-0.002511,-0.002892,-0.003832,-0.000997,-0.000677,-0.00053,-1e-06,-0.000903,-0.001453,-0.002279,-0.002087
2017-05-30 16:52:00+02:00,0.0,0.0,-0.000396,-0.002336,-0.000588,-0.000114,-0.000526,-0.000753,-0.001468,-0.000196,-4.3e-05,-0.0,-0.002045,-0.001952,-0.000911,-0.00294,-0.000228,0.0,-0.000147,-0.002298,0.0,-0.002263,-0.001614,-0.0,-0.002992,-0.0033,-0.000682,0.0,-0.000596,-9.7e-05,-1.3e-05,-0.001566,0.0,-0.001544,-0.001836,0.0,-0.000667,-0.001539,0.0,-0.00312,-0.000831,-0.0,-0.001082,0.0,-0.000527,-0.001195,-0.000748,-0.000847,-0.000787,0.0,-4.5e-05,-0.001152,-0.001659,-0.002092,-1.4e-05,0.0,-0.000307,-0.0,0.0,-0.00097,-0.001099,-0.002916,-0.00213,0.0,-0.000428,-0.00307,-0.000429,-0.000956,0.0,-0.000479,-0.000603,-0.000158,-3.7e-05,-0.001279,-0.001948,0.0,-0.000384,0.0,-0.001282,-0.0,-0.001559,0.0,-0.001306,-0.00292,-0.000332,-0.000255,-0.001547,-1.1e-05,-5.4e-05,0.0,-0.000271,-0.001742,-0.001966,0.0,-0.001463,-0.001291,-0.003359,-0.00337,0.0,-0.002793,-8.3e-05,-0.00262,-0.000556,0.0,-0.000787,-0.003625,-0.001944,-0.002087,-0.002496,-0.003376,-0.000836,-0.000542,-0.000424,-1e-06,-0.000723,-0.001163,-0.001923,-0.001813
2017-05-30 16:53:00+02:00,0.0,0.0,-0.000317,-0.002036,-0.00047,-9.1e-05,-0.000424,-0.000639,-0.001279,-0.000157,-3.5e-05,-0.0,-0.001804,-0.001709,-0.000729,-0.002606,-0.000182,0.0,-0.000117,-0.001906,0.0,-0.001873,-0.001369,-0.0,-0.002606,-0.002947,-0.000575,0.0,-0.000477,-7.8e-05,-1.1e-05,-0.001355,0.0,-0.001325,-0.001593,0.0,-0.000534,-0.001296,0.0,-0.002715,-0.000702,-0.0,-0.000865,0.0,-0.000422,-0.000956,-0.000631,-0.000677,-0.000633,0.0,-3.6e-05,-0.000945,-0.001468,-0.001844,-1.1e-05,0.0,-0.000245,-0.0,0.0,-0.000776,-0.0009,-0.002521,-0.001842,0.0,-0.000343,-0.00273,-0.000343,-0.000782,0.0,-0.000383,-0.000482,-0.000127,-3e-05,-0.001053,-0.001701,0.0,-0.000307,0.0,-0.001049,-0.0,-0.00138,0.0,-0.001059,-0.002525,-0.000265,-0.000204,-0.00136,-9e-06,-4.3e-05,0.0,-0.000216,-0.001549,-0.001726,0.0,-0.001277,-0.001033,-0.003003,-0.003014,0.0,-0.002415,-6.6e-05,-0.002304,-0.000445,0.0,-0.000663,-0.003203,-0.001711,-0.001744,-0.002187,-0.00302,-0.000706,-0.000433,-0.000339,-1e-06,-0.000578,-0.00093,-0.001645,-0.001591
2017-05-30 16:54:00+02:00,0.0,0.0,-0.000254,-0.002091,-0.000424,-7.3e-05,-0.00043,-0.000651,-0.001298,-0.000125,-2.8e-05,-0.0,-0.001881,-0.001779,-0.000752,-0.002672,-0.000146,0.0,-9.4e-05,-0.001885,0.0,-0.001851,-0.00141,-0.0,-0.002658,-0.00302,-0.000582,0.0,-0.000491,-6.2e-05,-8e-06,-0.001396,0.0,-0.001372,-0.001656,0.0,-0.000455,-0.001334,0.0,-0.002769,-0.000726,-0.0,-0.000817,0.0,-0.000367,-0.000985,-0.00064,-0.000658,-0.000641,0.0,-2.9e-05,-0.00094,-0.001526,-0.001928,-9e-06,0.0,-0.000196,-0.0,0.0,-0.000781,-0.000892,-0.002566,-0.001894,0.0,-0.000274,-0.002798,-0.00034,-0.000764,0.0,-0.000384,-0.000461,-0.000101,-2.4e-05,-0.001053,-0.001773,0.0,-0.000245,0.0,-0.00108,-0.0,-0.001424,0.0,-0.001096,-0.00257,-0.000212,-0.000163,-0.001371,-7e-06,-3.5e-05,0.0,-0.000186,-0.001605,-0.001796,0.0,-0.001336,-0.001027,-0.003077,-0.003088,0.0,-0.002461,-5.3e-05,-0.002364,-0.000424,0.0,-0.000683,-0.00329,-0.001775,-0.001775,-0.002245,-0.003095,-0.000731,-0.000441,-0.000304,-1e-06,-0.000551,-0.000888,-0.001694,-0.00164
2017-05-30 16:55:00+02:00,0.0,0.0,-0.000561,-0.00275,-0.000775,-0.000178,-0.000616,-0.000879,-0.001699,-0.00029,-8e-05,-0.0,-0.002436,-0.002396,-0.001201,-0.003401,-0.000352,0.0,-0.00023,-0.002552,0.0,-0.002514,-0.001942,-0.0,-0.003507,-0.003797,-0.000782,0.0,-0.000743,-0.000154,-1.7e-05,-0.0019,0.0,-0.001917,-0.002287,0.0,-0.000896,-0.001855,0.0,-0.00366,-0.001023,-0.0,-0.001296,0.0,-0.000703,-0.001506,-0.000865,-0.000922,-0.000958,0.0,-7.2e-05,-0.001332,-0.002005,-0.002515,-1.9e-05,0.0,-0.000459,-0.0,0.0,-0.001216,-0.001256,-0.003418,-0.002527,0.0,-0.000597,-0.003545,-0.00051,-0.001038,0.0,-0.000607,-0.000736,-0.000261,-6.9e-05,-0.001498,-0.002425,0.0,-0.000563,0.0,-0.00157,-0.0,-0.001842,0.0,-0.001636,-0.003428,-0.000488,-0.000388,-0.001703,-1.4e-05,-9.5e-05,0.0,-0.00037,-0.002077,-0.002368,0.0,-0.001814,-0.001623,-0.003861,-0.003872,0.0,-0.003278,-0.000148,-0.003053,-0.000641,0.0,-0.000955,-0.004139,-0.002305,-0.002502,-0.002918,-0.00388,-0.001029,-0.00068,-0.000524,-0.0,-0.000931,-0.001384,-0.002304,-0.002145
2017-05-30 16:56:00+02:00,0.0,0.0,-0.000789,-0.003287,-0.001024,-0.000222,-0.000757,-0.001059,-0.002046,-0.000401,-9.1e-05,-0.0,-0.002837,-0.002844,-0.001575,-0.00401,-0.000487,0.0,-0.000302,-0.003147,0.0,-0.003105,-0.002363,-0.0,-0.004248,-0.004453,-0.000938,0.0,-0.000936,-0.00021,-1.4e-05,-0.002336,0.0,-0.002387,-0.00279,0.0,-0.001242,-0.002264,0.0,-0.004375,-0.001255,-0.0,-0.001691,0.0,-0.000938,-0.001908,-0.001042,-0.001154,-0.001222,0.0,-8.2e-05,-0.001674,-0.002399,-0.002939,-1.5e-05,0.0,-0.000646,-0.0,0.0,-0.001542,-0.001574,-0.004174,-0.00304,0.0,-0.000839,-0.004172,-0.000636,-0.001279,0.0,-0.000772,-0.000962,-0.000363,-7.5e-05,-0.001889,-0.002901,0.0,-0.00078,0.0,-0.00195,-0.0,-0.002187,0.0,-0.002055,-0.004186,-0.000667,-0.000541,-0.001942,-1.1e-05,-0.000116,0.0,-0.000498,-0.002468,-0.002783,0.0,-0.002203,-0.002116,-0.004523,-0.004535,0.0,-0.003994,-0.000195,-0.003622,-0.000822,0.0,-0.001167,-0.004757,-0.002687,-0.003128,-0.003473,-0.004545,-0.001263,-0.000862,-0.000699,-0.0,-0.001208,-0.001797,-0.002794,-0.00251
2017-05-30 16:57:00+02:00,0.0,0.0,-0.000694,-0.003303,-0.000944,-0.000177,-0.000741,-0.001048,-0.002081,-0.000348,-7.3e-05,-0.0,-0.003014,-0.002987,-0.001603,-0.004048,-0.00039,0.0,-0.000242,-0.003199,0.0,-0.003156,-0.002353,-0.0,-0.004334,-0.004506,-0.000925,0.0,-0.000924,-0.000168,-1.1e-05,-0.002391,0.0,-0.002449,-0.002893,0.0,-0.00119,-0.002249,0.0,-0.004507,-0.001248,-0.0,-0.00167,0.0,-0.000853,-0.001887,-0.001033,-0.001163,-0.001235,0.0,-6.5e-05,-0.001703,-0.002432,-0.003126,-1.2e-05,0.0,-0.00053,-0.0,0.0,-0.001498,-0.001598,-0.004273,-0.003051,0.0,-0.00075,-0.004215,-0.000614,-0.00129,0.0,-0.000747,-0.000953,-0.000291,-6e-05,-0.001928,-0.003035,0.0,-0.000677,0.0,-0.001926,-0.0,-0.002209,0.0,-0.00204,-0.004283,-0.000554,-0.000433,-0.002014,-9e-06,-9.3e-05,0.0,-0.00045,-0.002502,-0.002938,0.0,-0.002231,-0.002127,-0.004575,-0.004589,0.0,-0.004079,-0.000156,-0.003649,-0.000813,0.0,-0.001158,-0.005022,-0.00284,-0.003184,-0.003496,-0.004599,-0.001257,-0.000845,-0.000676,-0.0,-0.001142,-0.001784,-0.002799,-0.002632
2017-05-30 16:58:00+02:00,0.0,0.0,-0.000555,-0.002998,-0.000755,-0.000142,-0.00063,-0.000923,-0.001916,-0.000279,-5.8e-05,-0.0,-0.002869,-0.002816,-0.001412,-0.003728,-0.000312,0.0,-0.000193,-0.002883,0.0,-0.002841,-0.002078,-0.0,-0.003999,-0.004176,-0.000808,0.0,-0.00079,-0.000135,-9e-06,-0.002207,0.0,-0.002255,-0.002698,0.0,-0.000952,-0.001976,0.0,-0.004182,-0.001099,-0.0,-0.001382,0.0,-0.000682,-0.001608,-0.000909,-0.001024,-0.001089,0.0,-5.2e-05,-0.001528,-0.002248,-0.002977,-1e-05,0.0,-0.000424,-0.0,0.0,-0.00123,-0.00143,-0.00394,-0.002751,0.0,-0.0006,-0.003892,-0.000503,-0.001149,0.0,-0.00061,-0.000796,-0.000232,-4.8e-05,-0.001738,-0.002853,0.0,-0.000542,0.0,-0.001658,-0.0,-0.002038,0.0,-0.00176,-0.003949,-0.000443,-0.000347,-0.00188,-7e-06,-7.4e-05,0.0,-0.00036,-0.002322,-0.002782,0.0,-0.002044,-0.001826,-0.004244,-0.004257,0.0,-0.00375,-0.000125,-0.003337,-0.000684,0.0,-0.001018,-0.004754,-0.002692,-0.002872,-0.003188,-0.004268,-0.001108,-0.000711,-0.000541,-0.0,-0.000914,-0.001495,-0.002505,-0.002479
2017-05-30 16:59:00+02:00,0.0,0.0,-0.000444,-0.002862,-0.000604,-0.000114,-0.000566,-0.000859,-0.001851,-0.000223,-4.6e-05,-0.0,-0.002871,-0.002794,-0.00132,-0.003596,-0.00025,0.0,-0.000155,-0.00272,0.0,-0.002678,-0.001942,-0.0,-0.003872,-0.004049,-0.000745,0.0,-0.000715,-0.000108,-7e-06,-0.002145,0.0,-0.00219,-0.002651,0.0,-0.000761,-0.001837,0.0,-0.004063,-0.001028,-0.0,-0.001202,0.0,-0.000546,-0.00145,-0.000841,-0.000944,-0.001014,0.0,-4.2e-05,-0.001442,-0.002189,-0.002981,-8e-06,0.0,-0.000339,-0.0,0.0,-0.001075,-0.001346,-0.003805,-0.002611,0.0,-0.00048,-0.003762,-0.000437,-0.001071,0.0,-0.00053,-0.000701,-0.000186,-3.9e-05,-0.001649,-0.002823,0.0,-0.000433,0.0,-0.001514,-0.0,-0.001977,0.0,-0.001607,-0.003817,-0.000354,-0.000277,-0.00183,-6e-06,-6e-05,0.0,-0.000288,-0.002266,-0.00277,0.0,-0.001976,-0.001657,-0.004119,-0.004131,0.0,-0.003614,-0.0001,-0.003202,-0.000604,0.0,-0.000949,-0.004705,-0.002682,-0.002724,-0.003051,-0.004141,-0.001038,-0.000633,-0.000441,-0.0,-0.000735,-0.001317,-0.00236,-0.002453
2017-05-30 17:00:00+02:00,0.0,0.0,-0.000606,-0.003325,-0.00082,-9.1e-05,-0.00069,-0.001016,-0.002136,-0.000304,-3.7e-05,-0.0,-0.00327,-0.003253,-0.001624,-0.004121,-0.00031,0.0,-0.000143,-0.003226,0.0,-0.003181,-0.002312,-0.0,-0.00448,-0.004612,-0.000882,0.0,-0.000879,-0.000124,-6e-06,-0.002501,0.0,-0.002572,-0.003105,0.0,-0.001041,-0.002196,0.0,-0.004717,-0.001233,-0.0,-0.00154,0.0,-0.000744,-0.001793,-0.000992,-0.001142,-0.001228,0.0,-3.3e-05,-0.001735,-0.002528,-0.003403,-6e-06,0.0,-0.000458,-0.0,0.0,-0.001368,-0.001618,-0.004418,-0.003051,0.0,-0.000657,-0.004301,-0.00055,-0.001276,0.0,-0.00068,-0.000895,-0.000253,-3.1e-05,-0.001982,-0.003314,0.0,-0.00059,0.0,-0.001848,-0.0,-0.002275,0.0,-0.001965,-0.004435,-0.000487,-0.000358,-0.002082,-5e-06,-4.8e-05,0.0,-0.000394,-0.002602,-0.003189,0.0,-0.002308,-0.002059,-0.004689,-0.004701,0.0,-0.004195,-0.000105,-0.003692,-0.000757,0.0,-0.001136,-0.00533,-0.003069,-0.00323,-0.003527,-0.004711,-0.001243,-0.000789,-0.000592,-0.0,-0.000986,-0.001668,-0.002779,-0.002829
2017-05-30 17:01:00+02:00,0.0,0.0,-0.00077,-0.003754,-0.001011,-7.3e-05,-0.000814,-0.001186,-0.002437,-0.000356,-3e-05,-0.0,-0.00364,-0.003673,-0.001923,-0.004635,-0.000367,0.0,-0.000125,-0.00385,0.0,-0.003802,-0.002706,-0.0,-0.00512,-0.005182,-0.001024,0.0,-0.00102,-0.000137,-5e-06,-0.002874,0.0,-0.00297,-0.003589,0.0,-0.001287,-0.002568,0.0,-0.005412,-0.001446,-0.0,-0.001914,0.0,-0.000916,-0.002082,-0.001126,-0.001396,-0.00144,0.0,-2.7e-05,-0.002097,-0.002862,-0.003793,-5e-06,0.0,-0.000576,-0.0,0.0,-0.001647,-0.001955,-0.005068,-0.003454,0.0,-0.000838,-0.00484,-0.000657,-0.001531,0.0,-0.000823,-0.001113,-0.000286,-2.5e-05,-0.002392,-0.00376,0.0,-0.000689,0.0,-0.002183,-0.0,-0.002571,0.0,-0.002272,-0.005092,-0.000591,-0.000435,-0.00231,-4e-06,-3.8e-05,0.0,-0.000487,-0.002943,-0.003575,0.0,-0.002618,-0.002444,-0.005267,-0.005279,0.0,-0.0048,-8.4e-05,-0.004155,-0.00093,0.0,-0.001331,-0.005903,-0.003425,-0.003743,-0.00397,-0.005289,-0.001462,-0.00092,-0.000753,-0.0,-0.001213,-0.002061,-0.003156,-0.003174
2017-05-30 17:02:00+02:00,0.0,0.0,-0.0008,-0.004016,-0.001056,-5.8e-05,-0.000868,-0.001276,-0.002641,-0.000343,-2.4e-05,-0.0,-0.003938,-0.004014,-0.002117,-0.004971,-0.000305,0.0,-0.0001,-0.004276,0.0,-0.004226,-0.002925,-0.0,-0.005563,-0.005566,-0.001092,0.0,-0.001087,-0.00011,-4e-06,-0.003144,0.0,-0.003259,-0.003958,0.0,-0.001385,-0.002767,0.0,-0.0059,-0.001567,-0.0,-0.002123,0.0,-0.000945,-0.002218,-0.00119,-0.001559,-0.001568,0.0,-2.1e-05,-0.002355,-0.0031,-0.004109,-4e-06,0.0,-0.000566,-0.0,0.0,-0.001767,-0.002191,-0.005516,-0.003692,0.0,-0.000881,-0.005198,-0.000698,-0.001697,0.0,-0.000886,-0.001241,-0.000249,-2e-05,-0.002691,-0.004124,0.0,-0.000662,0.0,-0.002351,-0.0,-0.002776,0.0,-0.002424,-0.005548,-0.000563,-0.000391,-0.002466,-3e-06,-3.1e-05,0.0,-0.000502,-0.003187,-0.003886,0.0,-0.002829,-0.002661,-0.005661,-0.005671,0.0,-0.005207,-6.7e-05,-0.004445,-0.001027,0.0,-0.001439,-0.00633,-0.00371,-0.004071,-0.004242,-0.005681,-0.001588,-0.000979,-0.000834,-0.0,-0.001288,-0.002286,-0.00337,-0.003445
2017-05-30 17:03:00+02:00,0.0,0.0,-0.000671,-0.004015,-0.000943,-4.7e-05,-0.000842,-0.001266,-0.002691,-0.000274,-1.9e-05,-0.0,-0.004159,-0.004238,-0.002149,-0.005013,-0.000244,0.0,-8e-05,-0.00439,0.0,-0.00434,-0.00292,-0.0,-0.005684,-0.005637,-0.001072,0.0,-0.001054,-8.8e-05,-3e-06,-0.003233,0.0,-0.003357,-0.004109,0.0,-0.001297,-0.002748,0.0,-0.006047,-0.001567,-0.0,-0.002109,0.0,-0.000822,-0.002149,-0.001161,-0.001591,-0.001574,0.0,-1.7e-05,-0.002436,-0.00316,-0.004347,-3e-06,0.0,-0.000453,-0.0,0.0,-0.001702,-0.002262,-0.005638,-0.003678,0.0,-0.00076,-0.005253,-0.000666,-0.001729,0.0,-0.000853,-0.001244,-0.000199,-1.6e-05,-0.002795,-0.004329,0.0,-0.00053,0.0,-0.002314,-0.0,-0.002818,0.0,-0.002364,-0.005677,-0.00045,-0.000313,-0.00255,-2e-06,-2.4e-05,0.0,-0.000433,-0.003254,-0.004117,0.0,-0.002865,-0.002647,-0.005737,-0.005746,0.0,-0.005305,-5.4e-05,-0.00446,-0.001021,0.0,-0.001433,-0.00661,-0.003916,-0.004123,-0.004246,-0.005755,-0.001591,-0.000941,-0.000811,-0.0,-0.001197,-0.002282,-0.003343,-0.003638
2017-05-30 17:04:00+02:00,0.0,0.0,-0.000536,-0.00389,-0.000782,-3.7e-05,-0.000784,-0.001211,-0.002649,-0.000219,-1.5e-05,-0.0,-0.004276,-0.004294,-0.002089,-0.004905,-0.000195,0.0,-6.4e-05,-0.004339,0.0,-0.004288,-0.002809,-0.0,-0.00561,-0.00554,-0.001015,0.0,-0.000982,-7e-05,-2e-06,-0.003206,0.0,-0.003333,-0.004112,0.0,-0.001137,-0.00263,0.0,-0.005986,-0.001508,-0.0,-0.002003,0.0,-0.000658,-0.001999,-0.001095,-0.001557,-0.001518,0.0,-1.4e-05,-0.00242,-0.00312,-0.004472,-3e-06,0.0,-0.000362,-0.0,0.0,-0.001566,-0.002241,-0.005565,-0.003547,0.0,-0.000608,-0.005152,-0.000607,-0.001694,0.0,-0.000784,-0.001191,-0.000159,-1.3e-05,-0.002788,-0.004368,0.0,-0.000424,0.0,-0.00219,-0.0,-0.002772,0.0,-0.002218,-0.005607,-0.00036,-0.00025,-0.002535,-2e-06,-2e-05,0.0,-0.000347,-0.003218,-0.004199,0.0,-0.002809,-0.00252,-0.005643,-0.005651,0.0,-0.005221,-4.3e-05,-0.00434,-0.000972,0.0,-0.001374,-0.00672,-0.004003,-0.004022,-0.004121,-0.005659,-0.001535,-0.000868,-0.000749,-0.0,-0.001048,-0.00218,-0.003207,-0.003681
2017-05-30 17:05:00+02:00,0.0,0.0,-0.000429,-0.003699,-0.000625,-3e-05,-0.000714,-0.001132,-0.002545,-0.000175,-1.2e-05,-0.0,-0.004251,-0.004225,-0.001981,-0.004711,-0.000156,0.0,-5.1e-05,-0.004184,0.0,-0.004133,-0.002642,-0.0,-0.005409,-0.005342,-0.00094,0.0,-0.000897,-5.6e-05,-2e-06,-0.003102,0.0,-0.003228,-0.004009,0.0,-0.000963,-0.002461,0.0,-0.005789,-0.001416,-0.0,-0.001855,0.0,-0.000526,-0.001826,-0.001014,-0.001484,-0.001428,0.0,-1.1e-05,-0.002339,-0.003015,-0.004448,-2e-06,0.0,-0.00029,-0.0,0.0,-0.001404,-0.002161,-0.005367,-0.003359,0.0,-0.000487,-0.004957,-0.00054,-0.001617,0.0,-0.0007,-0.001111,-0.000127,-1e-05,-0.002705,-0.004286,0.0,-0.000339,0.0,-0.002025,-0.0,-0.00267,0.0,-0.002042,-0.005408,-0.000288,-0.0002,-0.002453,-2e-06,-1.6e-05,0.0,-0.000277,-0.003114,-0.00415,0.0,-0.002699,-0.002345,-0.005443,-0.00545,0.0,-0.005025,-3.5e-05,-0.004147,-0.000903,0.0,-0.001286,-0.006631,-0.00396,-0.003836,-0.003928,-0.005459,-0.001444,-0.000784,-0.000673,-0.0,-0.000887,-0.002032,-0.003023,-0.003614
2017-05-30 17:06:00+02:00,0.0,0.0,-0.000343,-0.003306,-0.0005,-2.4e-05,-0.000617,-0.001,-0.002295,-0.00014,-1e-05,-0.0,-0.003163,-0.003333,-0.001746,-0.004257,-0.000125,0.0,-4.1e-05,-0.003778,0.0,-0.00373,-0.00234,-0.0,-0.004888,-0.004845,-0.000827,0.0,-0.000771,-4.5e-05,-1e-06,-0.002792,0.0,-0.002903,-0.003479,0.0,-0.000771,-0.002171,0.0,-0.005187,-0.001246,-0.0,-0.001605,0.0,-0.000421,-0.001569,-0.000891,-0.001327,-0.00126,0.0,-9e-06,-0.002096,-0.002713,-0.003333,-2e-06,0.0,-0.000232,-0.0,0.0,-0.001185,-0.001935,-0.00486,-0.002993,0.0,-0.000389,-0.004488,-0.000455,-0.00145,0.0,-0.000587,-0.000963,-0.000102,-8e-06,-0.002429,-0.003479,0.0,-0.000271,0.0,-0.001765,-0.0,-0.002401,0.0,-0.001769,-0.00489,-0.000231,-0.00016,-0.001932,-1e-06,-1.2e-05,0.0,-0.000222,-0.002808,-0.003163,0.0,-0.002413,-0.002047,-0.004934,-0.004945,0.0,-0.004544,-2.8e-05,-0.003728,-0.000787,0.0,-0.001131,-0.00518,-0.002974,-0.003435,-0.003525,-0.004955,-0.001273,-0.000666,-0.000562,-0.0,-0.000709,-0.001771,-0.002683,-0.002771
2017-05-30 17:07:00+02:00,0.0,0.0,-0.000275,-0.002645,-0.0004,-1.9e-05,-0.000493,-0.0008,-0.001623,-0.000112,-8e-06,-0.0,-0.001941,-0.002011,-0.001396,-0.003412,-0.0001,0.0,-3.3e-05,-0.003022,0.0,-0.002984,-0.001872,-0.0,-0.003438,-0.003501,-0.000661,0.0,-0.000617,-3.6e-05,-1e-06,-0.001865,0.0,-0.002011,-0.002073,0.0,-0.000616,-0.001737,0.0,-0.003505,-0.000997,-0.0,-0.001284,0.0,-0.000337,-0.001255,-0.000713,-0.001062,-0.001008,0.0,-7e-06,-0.001677,-0.001941,-0.002011,-1e-06,0.0,-0.000185,-0.0,0.0,-0.000948,-0.001548,-0.003489,-0.002395,0.0,-0.000311,-0.003501,-0.000364,-0.00116,0.0,-0.00047,-0.00077,-8.1e-05,-6e-06,-0.001943,-0.002073,0.0,-0.000217,0.0,-0.001412,-0.0,-0.001785,0.0,-0.001415,-0.003454,-0.000184,-0.000128,-0.001478,-1e-06,-1e-05,0.0,-0.000177,-0.001865,-0.001941,0.0,-0.001931,-0.001637,-0.00347,-0.003487,0.0,-0.003505,-2.2e-05,-0.002983,-0.000629,0.0,-0.000904,-0.003501,-0.001865,-0.002748,-0.00282,-0.003505,-0.001018,-0.000533,-0.000449,-0.0,-0.000568,-0.001416,-0.002146,-0.001785
2017-05-30 17:08:00+02:00,0.0,0.0,-0.00022,-0.002116,-0.00032,-1.5e-05,-0.000395,-0.00064,-0.001299,-9e-05,-6e-06,-0.0,-0.001553,-0.001609,-0.001117,-0.002729,-8e-05,0.0,-2.6e-05,-0.002418,0.0,-0.002387,-0.001498,-0.0,-0.002751,-0.002801,-0.000529,0.0,-0.000493,-2.9e-05,-1e-06,-0.001492,0.0,-0.001609,-0.001658,0.0,-0.000493,-0.001389,0.0,-0.002804,-0.000797,-0.0,-0.001027,0.0,-0.000269,-0.001004,-0.00057,-0.000849,-0.000807,0.0,-6e-06,-0.001342,-0.001553,-0.001609,-1e-06,0.0,-0.000148,-0.0,0.0,-0.000759,-0.001239,-0.002791,-0.001916,0.0,-0.000249,-0.002801,-0.000291,-0.000928,0.0,-0.000376,-0.000616,-6.5e-05,-5e-06,-0.001554,-0.001658,0.0,-0.000174,0.0,-0.00113,-0.0,-0.001428,0.0,-0.001132,-0.002763,-0.000148,-0.000103,-0.001182,-1e-06,-8e-06,0.0,-0.000142,-0.001492,-0.001553,0.0,-0.001544,-0.00131,-0.002776,-0.00279,0.0,-0.002804,-1.8e-05,-0.002386,-0.000503,0.0,-0.000724,-0.002801,-0.001492,-0.002199,-0.002256,-0.002804,-0.000815,-0.000426,-0.000359,-0.0,-0.000454,-0.001133,-0.001717,-0.001428
2017-05-30 17:09:00+02:00,0.0,0.0,-0.000176,-0.001693,-0.000256,-1.2e-05,-0.000316,-0.000512,-0.001039,-7.2e-05,-5e-06,-0.0,-0.001243,-0.001287,-0.000894,-0.002184,-6.4e-05,0.0,-2.1e-05,-0.001934,0.0,-0.00191,-0.001198,-0.0,-0.002201,-0.002241,-0.000423,0.0,-0.000395,-2.3e-05,-1e-06,-0.001193,0.0,-0.001287,-0.001327,0.0,-0.000395,-0.001111,0.0,-0.002243,-0.000638,-0.0,-0.000822,0.0,-0.000216,-0.000803,-0.000456,-0.000679,-0.000645,0.0,-4e-06,-0.001073,-0.001243,-0.001287,-1e-06,0.0,-0.000119,-0.0,0.0,-0.000607,-0.000991,-0.002233,-0.001533,0.0,-0.000199,-0.002241,-0.000233,-0.000742,0.0,-0.000301,-0.000493,-5.2e-05,-4e-06,-0.001243,-0.001327,0.0,-0.000139,0.0,-0.000904,-0.0,-0.001143,0.0,-0.000906,-0.002211,-0.000118,-8.2e-05,-0.000946,-1e-06,-6e-06,0.0,-0.000114,-0.001193,-0.001243,0.0,-0.001236,-0.001048,-0.002221,-0.002232,0.0,-0.002243,-1.4e-05,-0.001909,-0.000403,0.0,-0.000579,-0.002241,-0.001193,-0.001759,-0.001805,-0.002243,-0.000652,-0.000341,-0.000288,-0.0,-0.000363,-0.000907,-0.001374,-0.001143
2017-05-30 17:10:00+02:00,0.0,0.0,-0.00043,-0.002205,-0.000563,-0.00011,-0.000444,-0.000677,-0.001366,-0.000205,-5.1e-05,-0.0,-0.001852,-0.001938,-0.001278,-0.002764,-0.000243,0.0,-0.000146,-0.002364,0.0,-0.002336,-0.001626,-0.0,-0.002941,-0.002909,-0.000562,0.0,-0.000576,-0.000102,-1.4e-05,-0.00165,0.0,-0.001783,-0.001963,0.0,-0.000789,-0.00153,0.0,-0.003056,-0.000873,-0.0,-0.001172,0.0,-0.00051,-0.001209,-0.000606,-0.000833,-0.000883,0.0,-4.5e-05,-0.001331,-0.001654,-0.001938,-1.7e-05,0.0,-0.00034,-0.0,0.0,-0.000969,-0.001224,-0.002974,-0.002026,0.0,-0.000464,-0.002849,-0.000354,-0.000899,0.0,-0.00048,-0.000691,-0.000189,-6.5e-05,-0.00154,-0.002013,0.0,-0.000402,0.0,-0.001298,-0.0,-0.001483,0.0,-0.001322,-0.002957,-0.000359,-0.000277,-0.001218,-1e-05,-5.6e-05,0.0,-0.000275,-0.001613,-0.001852,0.0,-0.001624,-0.001542,-0.002904,-0.002917,0.0,-0.002927,-9.6e-05,-0.002452,-0.000542,0.0,-0.000789,-0.00312,-0.001756,-0.002348,-0.002335,-0.002931,-0.000888,-0.000517,-0.000451,-0.0,-0.000694,-0.001267,-0.001851,-0.001652
2017-05-30 17:11:00+02:00,0.0,0.0,-0.000603,-0.00264,-0.000788,-0.00013,-0.00055,-0.000818,-0.00166,-0.000291,-5e-05,-0.0,-0.002385,-0.002506,-0.001598,-0.003272,-0.000342,0.0,-0.00019,-0.002782,0.0,-0.00275,-0.00199,-0.0,-0.003605,-0.003501,-0.000679,0.0,-0.000718,-0.000141,-1.2e-05,-0.002054,0.0,-0.002219,-0.002524,0.0,-0.001086,-0.001882,0.0,-0.003785,-0.001071,-0.0,-0.001459,0.0,-0.000722,-0.001525,-0.000729,-0.000978,-0.001083,0.0,-4.3e-05,-0.001575,-0.002011,-0.002506,-1.4e-05,0.0,-0.00048,-0.0,0.0,-0.001254,-0.001446,-0.003636,-0.00244,0.0,-0.000648,-0.003385,-0.00045,-0.001051,0.0,-0.000621,-0.000856,-0.00027,-7.1e-05,-0.001825,-0.00261,0.0,-0.000571,0.0,-0.001623,-0.0,-0.001782,0.0,-0.00165,-0.003625,-0.000518,-0.000389,-0.001463,-8e-06,-6.6e-05,0.0,-0.000391,-0.001982,-0.002385,0.0,-0.001953,-0.001945,-0.003509,-0.003523,0.0,-0.003535,-0.000128,-0.00292,-0.000659,0.0,-0.000967,-0.003894,-0.002248,-0.002857,-0.002788,-0.003539,-0.001089,-0.000652,-0.000579,-0.0,-0.000944,-0.001566,-0.002245,-0.002098
2017-05-30 17:12:00+02:00,0.0,0.0,-0.000703,-0.002983,-0.00092,-0.000104,-0.000626,-0.000927,-0.001906,-0.000328,-4e-05,-0.0,-0.002844,-0.002994,-0.001839,-0.00369,-0.000368,0.0,-0.000165,-0.003168,0.0,-0.003131,-0.002268,-0.0,-0.004158,-0.003996,-0.000769,0.0,-0.000817,-0.000144,-9e-06,-0.002387,0.0,-0.002573,-0.002991,0.0,-0.001275,-0.002149,0.0,-0.004396,-0.001222,-0.0,-0.00168,0.0,-0.000842,-0.001743,-0.00082,-0.001109,-0.001237,0.0,-3.4e-05,-0.001795,-0.002304,-0.002994,-1.1e-05,0.0,-0.000547,-0.0,0.0,-0.001448,-0.001646,-0.004187,-0.002761,0.0,-0.000758,-0.003828,-0.000515,-0.001189,0.0,-0.000717,-0.000983,-0.000294,-5.6e-05,-0.002085,-0.003122,0.0,-0.000645,0.0,-0.001861,-0.0,-0.002027,0.0,-0.001882,-0.004181,-0.000586,-0.00043,-0.001678,-7e-06,-5.3e-05,0.0,-0.000455,-0.002287,-0.002844,0.0,-0.002213,-0.002242,-0.004017,-0.004031,0.0,-0.004038,-0.000112,-0.003296,-0.000752,0.0,-0.001101,-0.004567,-0.002673,-0.003262,-0.003149,-0.004049,-0.001242,-0.000744,-0.000671,-0.0,-0.001101,-0.001799,-0.002545,-0.002485
2017-05-30 17:13:00+02:00,0.0,0.0,-0.000722,-0.003221,-0.000971,-8.3e-05,-0.000671,-0.000998,-0.002086,-0.000326,-3.2e-05,-0.0,-0.003213,-0.003388,-0.001995,-0.003995,-0.000324,0.0,-0.000132,-0.003435,0.0,-0.003396,-0.002453,-0.0,-0.004567,-0.004367,-0.000826,0.0,-0.000874,-0.000115,-7e-06,-0.002631,0.0,-0.00283,-0.00334,0.0,-0.001365,-0.002322,0.0,-0.004857,-0.001319,-0.0,-0.001807,0.0,-0.000881,-0.001868,-0.000878,-0.001196,-0.001338,0.0,-2.8e-05,-0.001945,-0.002516,-0.003388,-9e-06,0.0,-0.000538,-0.0,0.0,-0.001554,-0.001782,-0.004598,-0.002979,0.0,-0.000787,-0.004156,-0.00055,-0.001282,0.0,-0.000767,-0.001057,-0.000273,-4.5e-05,-0.002262,-0.003521,0.0,-0.000641,0.0,-0.002007,-0.0,-0.002204,0.0,-0.002019,-0.004595,-0.00058,-0.000398,-0.001854,-5e-06,-4.2e-05,0.0,-0.000474,-0.002513,-0.003213,0.0,-0.002394,-0.002426,-0.004399,-0.004414,0.0,-0.004406,-8.9e-05,-0.003564,-0.000807,0.0,-0.001188,-0.005115,-0.003015,-0.003544,-0.003403,-0.004434,-0.001341,-0.000793,-0.000718,-0.0,-0.001173,-0.001939,-0.002744,-0.002798
2017-05-30 17:14:00+02:00,0.0,0.0,-0.000661,-0.00331,-0.000925,-6.7e-05,-0.000674,-0.001016,-0.002173,-0.00028,-2.6e-05,-0.0,-0.003493,-0.003631,-0.002042,-0.004135,-0.000259,0.0,-0.000106,-0.003556,0.0,-0.003515,-0.002508,-0.0,-0.004771,-0.004559,-0.000838,0.0,-0.000875,-9.2e-05,-6e-06,-0.002752,0.0,-0.002954,-0.003531,0.0,-0.001336,-0.002369,0.0,-0.005102,-0.001345,-0.0,-0.00183,0.0,-0.000826,-0.001873,-0.000888,-0.001228,-0.001366,0.0,-2.2e-05,-0.002009,-0.002618,-0.003686,-7e-06,0.0,-0.000454,-0.0,0.0,-0.001551,-0.001839,-0.004805,-0.003054,0.0,-0.000731,-0.004313,-0.000547,-0.001319,0.0,-0.000763,-0.001072,-0.000219,-3.6e-05,-0.002341,-0.003748,0.0,-0.000551,0.0,-0.002034,-0.0,-0.002287,0.0,-0.002034,-0.004804,-0.000491,-0.000318,-0.00197,-4e-06,-3.4e-05,0.0,-0.000442,-0.002629,-0.003484,0.0,-0.002466,-0.002467,-0.004599,-0.004615,0.0,-0.004581,-7.2e-05,-0.003676,-0.000818,0.0,-0.001209,-0.005532,-0.003274,-0.003655,-0.003505,-0.004636,-0.001368,-0.00079,-0.000714,-0.0,-0.001144,-0.001971,-0.002804,-0.003009
2017-05-30 17:15:00+02:00,0.0,0.0,-0.000552,-0.003275,-0.000823,-5.3e-05,-0.000651,-0.000998,-0.002181,-0.000224,-2.1e-05,-0.0,-0.003646,-0.003725,-0.002002,-0.004129,-0.000207,0.0,-8.5e-05,-0.003584,0.0,-0.003539,-0.002475,-0.0,-0.004803,-0.004585,-0.00082,0.0,-0.000836,-7.4e-05,-5e-06,-0.002769,0.0,-0.002966,-0.003585,0.0,-0.001225,-0.002331,0.0,-0.005159,-0.001322,-0.0,-0.001782,0.0,-0.000719,-0.00179,-0.000862,-0.001224,-0.001339,0.0,-1.8e-05,-0.002016,-0.002622,-0.003845,-6e-06,0.0,-0.000363,-0.0,0.0,-0.001479,-0.001843,-0.004836,-0.003011,0.0,-0.000627,-0.004317,-0.000519,-0.001317,0.0,-0.000724,-0.001045,-0.000175,-2.9e-05,-0.002354,-0.003826,0.0,-0.000441,0.0,-0.001982,-0.0,-0.002285,0.0,-0.001957,-0.004835,-0.000393,-0.000254,-0.002007,-3e-06,-2.7e-05,0.0,-0.000381,-0.002644,-0.003601,0.0,-0.002446,-0.002398,-0.004629,-0.004646,0.0,-0.004594,-5.7e-05,-0.003654,-0.000798,0.0,-0.001187,-0.005747,-0.003395,-0.003627,-0.003478,-0.00467,-0.001346,-0.000748,-0.000678,-0.0,-0.001055,-0.001929,-0.002754,-0.003092
2017-05-30 17:16:00+02:00,0.0,0.0,-0.000487,-0.003243,-0.000679,-4.3e-05,-0.000599,-0.000943,-0.002187,-0.000179,-1.7e-05,-0.0,-0.003789,-0.003822,-0.001978,-0.00412,-0.000166,0.0,-6.8e-05,-0.003761,0.0,-0.003714,-0.002348,-0.0,-0.004831,-0.004602,-0.00077,0.0,-0.000803,-5.9e-05,-4e-06,-0.002787,0.0,-0.002983,-0.003643,0.0,-0.001144,-0.0022,0.0,-0.005224,-0.001249,-0.0,-0.001799,0.0,-0.000575,-0.001723,-0.000839,-0.001274,-0.001319,0.0,-1.4e-05,-0.002106,-0.002623,-0.003996,-5e-06,0.0,-0.00029,-0.0,0.0,-0.001344,-0.001924,-0.004876,-0.002973,0.0,-0.000568,-0.004317,-0.000469,-0.001369,0.0,-0.000654,-0.001057,-0.00014,-2.3e-05,-0.002473,-0.00391,0.0,-0.000352,0.0,-0.001842,-0.0,-0.00228,0.0,-0.001894,-0.004875,-0.000314,-0.000204,-0.002044,-3e-06,-2.2e-05,0.0,-0.000305,-0.002654,-0.003717,0.0,-0.002429,-0.002351,-0.004649,-0.004667,0.0,-0.004611,-4.6e-05,-0.003633,-0.000807,0.0,-0.001119,-0.005952,-0.003512,-0.003613,-0.003452,-0.004692,-0.001273,-0.000713,-0.00067,-0.0,-0.000914,-0.001957,-0.00271,-0.003177
2017-05-30 17:17:00+02:00,0.0,0.0,-0.000428,-0.00321,-0.000559,-3.4e-05,-0.000554,-0.000896,-0.002182,-0.000143,-1.3e-05,-0.0,-0.003892,-0.003888,-0.001951,-0.004104,-0.000133,0.0,-5.4e-05,-0.003889,0.0,-0.00384,-0.002239,-0.0,-0.004836,-0.004605,-0.000726,0.0,-0.000774,-4.7e-05,-3e-06,-0.002792,0.0,-0.002988,-0.00368,0.0,-0.001068,-0.002088,0.0,-0.005255,-0.001186,-0.0,-0.001803,0.0,-0.00046,-0.001665,-0.000817,-0.001307,-0.001296,0.0,-1.1e-05,-0.002171,-0.00262,-0.004104,-4e-06,0.0,-0.000232,-0.0,0.0,-0.00123,-0.001982,-0.004889,-0.002936,0.0,-0.000512,-0.004308,-0.000427,-0.001403,0.0,-0.000595,-0.001061,-0.000112,-1.9e-05,-0.00256,-0.003965,0.0,-0.000282,0.0,-0.001723,-0.0,-0.002272,0.0,-0.001838,-0.004887,-0.000251,-0.000163,-0.002059,-2e-06,-1.7e-05,0.0,-0.000244,-0.002658,-0.003798,0.0,-0.002413,-0.002299,-0.004653,-0.004672,0.0,-0.004606,-3.7e-05,-0.003608,-0.000809,0.0,-0.001061,-0.006091,-0.003593,-0.003586,-0.003424,-0.004699,-0.001211,-0.000683,-0.000658,-0.0,-0.000797,-0.00197,-0.00267,-0.003232
2017-05-30 17:18:00+02:00,0.0,0.0,-0.000377,-0.003157,-0.000469,-2.7e-05,-0.00052,-0.000859,-0.002156,-0.000115,-1.1e-05,-0.0,-0.003933,-0.0039,-0.001904,-0.004062,-0.000106,0.0,-4.3e-05,-0.003991,0.0,-0.003941,-0.00216,-0.0,-0.004796,-0.004578,-0.000692,0.0,-0.00074,-3.8e-05,-2e-06,-0.00277,0.0,-0.002962,-0.003667,0.0,-0.000979,-0.002007,0.0,-0.005216,-0.001141,-0.0,-0.001801,0.0,-0.000368,-0.001594,-0.000789,-0.001331,-0.00126,0.0,-9e-06,-0.002225,-0.002601,-0.004149,-3e-06,0.0,-0.000186,-0.0,0.0,-0.001145,-0.002028,-0.004842,-0.002881,0.0,-0.000464,-0.00427,-0.000395,-0.001428,0.0,-0.000551,-0.001062,-9e-05,-1.5e-05,-0.002633,-0.003968,0.0,-0.000226,0.0,-0.001636,-0.0,-0.00225,0.0,-0.00177,-0.00484,-0.000201,-0.00013,-0.002045,-2e-06,-1.4e-05,0.0,-0.000195,-0.002645,-0.003823,0.0,-0.002383,-0.002224,-0.004627,-0.004647,0.0,-0.004557,-2.9e-05,-0.003561,-0.000807,0.0,-0.001018,-0.006136,-0.003619,-0.003522,-0.003375,-0.004674,-0.001166,-0.000648,-0.000647,-0.0,-0.000709,-0.001974,-0.002612,-0.00324
2017-05-30 17:19:00+02:00,0.0,0.0,-0.000353,-0.003138,-0.000416,-2.2e-05,-0.000498,-0.000836,-0.00215,-9.2e-05,-8e-06,-0.0,-0.004006,-0.003951,-0.001892,-0.004053,-8.5e-05,0.0,-3.5e-05,-0.004083,0.0,-0.004031,-0.002115,-0.0,-0.004802,-0.00458,-0.00067,0.0,-0.000722,-3e-05,-2e-06,-0.002777,0.0,-0.002972,-0.003702,0.0,-0.00094,-0.001961,0.0,-0.005244,-0.001115,-0.0,-0.001813,0.0,-0.000312,-0.001561,-0.000772,-0.001352,-0.001244,0.0,-7e-06,-0.002273,-0.002602,-0.004228,-2e-06,0.0,-0.000149,-0.0,0.0,-0.001097,-0.00207,-0.004857,-0.00286,0.0,-0.000443,-0.004265,-0.000375,-0.001448,0.0,-0.000525,-0.001069,-7.2e-05,-1.2e-05,-0.0027,-0.004014,0.0,-0.00018,0.0,-0.001585,-0.0,-0.002245,0.0,-0.001737,-0.004854,-0.000161,-0.000104,-0.002047,-1e-06,-1.1e-05,0.0,-0.000162,-0.002649,-0.003881,0.0,-0.002378,-0.002196,-0.00463,-0.00465,0.0,-0.004559,-2.3e-05,-0.003547,-0.000809,0.0,-0.000992,-0.006231,-0.003676,-0.003509,-0.003359,-0.004679,-0.001139,-0.00063,-0.000645,-0.0,-0.000658,-0.001992,-0.002588,-0.003278
2017-05-30 17:20:00+02:00,0.0,0.0,-0.000305,-0.003103,-0.000354,-1.7e-05,-0.000471,-0.000806,-0.002133,-7.3e-05,-7e-06,-0.0,-0.004058,-0.003987,-0.001877,-0.004025,-6.8e-05,0.0,-2.8e-05,-0.004089,0.0,-0.004037,-0.002054,-0.0,-0.004786,-0.004559,-0.000642,0.0,-0.000699,-2.4e-05,-2e-06,-0.002774,0.0,-0.002972,-0.003723,0.0,-0.000897,-0.001899,0.0,-0.005249,-0.001081,-0.0,-0.001785,0.0,-0.00025,-0.001517,-0.00075,-0.001344,-0.001225,0.0,-6e-06,-0.002278,-0.002593,-0.004285,-2e-06,0.0,-0.000119,-0.0,0.0,-0.001036,-0.002071,-0.004852,-0.002823,0.0,-0.000397,-0.004239,-0.000351,-0.001438,0.0,-0.000494,-0.001054,-5.7e-05,-9e-06,-0.002713,-0.004047,0.0,-0.000144,0.0,-0.001521,-0.0,-0.002231,0.0,-0.001694,-0.004848,-0.000129,-8.3e-05,-0.002036,-1e-06,-9e-06,0.0,-0.00013,-0.002641,-0.003923,0.0,-0.002363,-0.002163,-0.004609,-0.004629,0.0,-0.004542,-1.9e-05,-0.003515,-0.000793,0.0,-0.00096,-0.006288,-0.003714,-0.003484,-0.003326,-0.00466,-0.001105,-0.000607,-0.000626,-0.0,-0.000597,-0.001966,-0.002551,-0.003301
2017-05-30 17:21:00+02:00,0.0,0.0,-0.000286,-0.003076,-0.000322,-1.4e-05,-0.000454,-0.000787,-0.002116,-5.9e-05,-5e-06,-0.0,-0.004099,-0.004016,-0.001871,-0.004004,-5.4e-05,0.0,-2.2e-05,-0.004114,0.0,-0.004062,-0.002022,-0.0,-0.004771,-0.004544,-0.000623,0.0,-0.000683,-1.9e-05,-1e-06,-0.002772,0.0,-0.002975,-0.003742,0.0,-0.000871,-0.001866,0.0,-0.005247,-0.001063,-0.0,-0.00178,0.0,-0.000216,-0.001488,-0.000731,-0.001341,-0.00121,0.0,-5e-06,-0.002295,-0.00259,-0.004331,-1e-06,0.0,-9.5e-05,-0.0,0.0,-0.001005,-0.002083,-0.004842,-0.002796,0.0,-0.000378,-0.004221,-0.000336,-0.001434,0.0,-0.000477,-0.001052,-4.6e-05,-8e-06,-0.002741,-0.004073,0.0,-0.000116,0.0,-0.001486,-0.0,-0.002221,0.0,-0.001666,-0.004837,-0.000103,-6.7e-05,-0.002016,-1e-06,-7e-06,0.0,-0.000109,-0.002638,-0.003954,0.0,-0.002356,-0.002141,-0.004593,-0.004614,0.0,-0.004527,-1.5e-05,-0.003492,-0.000785,0.0,-0.000941,-0.006325,-0.003742,-0.003465,-0.003302,-0.004646,-0.001088,-0.000591,-0.00062,-0.0,-0.000566,-0.001963,-0.002524,-0.003314
2017-05-30 17:22:00+02:00,0.0,0.0,-0.000271,-0.003031,-0.00029,-1.1e-05,-0.000435,-0.000764,-0.002086,-4.7e-05,-4e-06,-0.0,-0.004105,-0.004013,-0.001851,-0.003961,-4.4e-05,0.0,-1.8e-05,-0.004124,0.0,-0.004071,-0.001982,-0.0,-0.004726,-0.004503,-0.000602,0.0,-0.000662,-1.5e-05,-1e-06,-0.002751,0.0,-0.002957,-0.003733,0.0,-0.000837,-0.001825,0.0,-0.005212,-0.00104,-0.0,-0.001774,0.0,-0.000183,-0.001451,-0.000709,-0.001332,-0.001186,0.0,-4e-06,-0.002301,-0.002569,-0.004341,-1e-06,0.0,-7.6e-05,-0.0,0.0,-0.00097,-0.002085,-0.004802,-0.002751,0.0,-0.000364,-0.004178,-0.00032,-0.001424,0.0,-0.000458,-0.001048,-3.7e-05,-6e-06,-0.002756,-0.004069,0.0,-9.2e-05,0.0,-0.001446,-0.0,-0.002196,0.0,-0.001627,-0.004795,-8.2e-05,-5.3e-05,-0.001985,-1e-06,-6e-06,0.0,-8.9e-05,-0.002617,-0.003954,0.0,-0.002333,-0.002104,-0.004549,-0.004571,0.0,-0.004484,-1.2e-05,-0.003449,-0.000777,0.0,-0.000918,-0.006317,-0.00374,-0.003424,-0.003258,-0.004605,-0.001065,-0.000571,-0.000613,-0.0,-0.000533,-0.001959,-0.002481,-0.003303
2017-05-30 17:23:00+02:00,0.0,0.0,-0.000235,-0.002953,-0.000244,-9e-06,-0.000413,-0.000737,-0.002049,-3.8e-05,-3e-06,-0.0,-0.004086,-0.003988,-0.001818,-0.003879,-3.5e-05,0.0,-1.4e-05,-0.00409,0.0,-0.004037,-0.001924,-0.0,-0.004664,-0.004418,-0.000578,0.0,-0.000631,-1.2e-05,-1e-06,-0.002715,0.0,-0.002923,-0.003704,0.0,-0.000793,-0.001768,0.0,-0.00516,-0.001008,-0.0,-0.001738,0.0,-0.000146,-0.001388,-0.00068,-0.00131,-0.001158,0.0,-3e-06,-0.002278,-0.002518,-0.004323,-1e-06,0.0,-6.1e-05,-0.0,0.0,-0.00092,-0.002062,-0.004748,-0.002676,0.0,-0.000328,-0.004095,-0.0003,-0.0014,0.0,-0.000432,-0.001027,-2.9e-05,-5e-06,-0.002735,-0.004043,0.0,-7.4e-05,0.0,-0.001391,-0.0,-0.002147,0.0,-0.001562,-0.004739,-6.6e-05,-4.3e-05,-0.00195,-1e-06,-5e-06,0.0,-7.1e-05,-0.002566,-0.003931,0.0,-0.002281,-0.002056,-0.004462,-0.004485,0.0,-0.004426,-1e-05,-0.00337,-0.000758,0.0,-0.000888,-0.006282,-0.003716,-0.003369,-0.00318,-0.00452,-0.001031,-0.000542,-0.000593,-0.0,-0.000486,-0.001924,-0.002409,-0.003274
2017-05-30 17:24:00+02:00,0.0,0.0,-0.000217,-0.002914,-0.000224,-7e-06,-0.000401,-0.00072,-0.002025,-3e-05,-3e-06,-0.0,-0.004075,-0.003974,-0.001802,-0.003836,-2.8e-05,0.0,-1.1e-05,-0.004057,0.0,-0.004004,-0.001894,-0.0,-0.00463,-0.004373,-0.000563,0.0,-0.000617,-1e-05,-1e-06,-0.002695,0.0,-0.002904,-0.003689,0.0,-0.000776,-0.001738,0.0,-0.005135,-0.000989,-0.0,-0.001715,0.0,-0.000124,-0.001363,-0.000664,-0.001291,-0.001141,0.0,-2e-06,-0.002256,-0.002489,-0.004314,-1e-06,0.0,-4.9e-05,-0.0,0.0,-0.000896,-0.00204,-0.004722,-0.00264,0.0,-0.000309,-0.004051,-0.00029,-0.001379,0.0,-0.000418,-0.001012,-2.3e-05,-4e-06,-0.002713,-0.004028,0.0,-5.9e-05,0.0,-0.001362,-0.0,-0.002119,0.0,-0.001536,-0.004709,-5.3e-05,-3.4e-05,-0.001927,-0.0,-4e-06,0.0,-5.7e-05,-0.002535,-0.003918,0.0,-0.002255,-0.002035,-0.004414,-0.004437,0.0,-0.004397,-8e-06,-0.00333,-0.000744,0.0,-0.000869,-0.006268,-0.003702,-0.003342,-0.003141,-0.004474,-0.001012,-0.000528,-0.00058,-0.0,-0.000464,-0.001901,-0.002377,-0.003256
2017-05-30 17:25:00+02:00,0.0,0.0,-0.000205,-0.00288,-0.000209,-6e-06,-0.000389,-0.000704,-0.001997,-2.4e-05,-2e-06,-0.0,-0.004055,-0.003952,-0.001785,-0.003799,-2.2e-05,0.0,-9e-06,-0.004025,0.0,-0.003972,-0.001866,-0.0,-0.004588,-0.004333,-0.000549,0.0,-0.000604,-8e-06,-1e-06,-0.00267,0.0,-0.002881,-0.003668,0.0,-0.00076,-0.001711,0.0,-0.0051,-0.000971,-0.0,-0.001696,0.0,-0.000107,-0.001343,-0.000649,-0.001271,-0.001123,0.0,-2e-06,-0.002234,-0.002465,-0.004296,-1e-06,0.0,-3.9e-05,-0.0,0.0,-0.000876,-0.002018,-0.004687,-0.002609,0.0,-0.000297,-0.004012,-0.00028,-0.001357,0.0,-0.000407,-0.000999,-1.9e-05,-3e-06,-0.002692,-0.004006,0.0,-4.7e-05,0.0,-0.001337,-0.0,-0.002093,0.0,-0.001514,-0.004671,-4.2e-05,-2.7e-05,-0.001898,-0.0,-3e-06,0.0,-4.6e-05,-0.002508,-0.003896,0.0,-0.002233,-0.002012,-0.00437,-0.004395,0.0,-0.004361,-6e-06,-0.003296,-0.000731,0.0,-0.000853,-0.00624,-0.003679,-0.003311,-0.003108,-0.004434,-0.000995,-0.000516,-0.00057,-0.0,-0.000448,-0.001882,-0.002349,-0.00323
2017-05-30 17:26:00+02:00,0.0,0.0,-0.000201,-0.002857,-0.000198,-5e-06,-0.000377,-0.000686,-0.001964,-1.9e-05,-2e-06,-0.0,-0.004027,-0.003922,-0.001768,-0.003774,-1.8e-05,0.0,-7e-06,-0.003996,0.0,-0.003942,-0.001835,-0.0,-0.004536,-0.004305,-0.000533,0.0,-0.000596,-6e-06,-0.0,-0.002641,0.0,-0.002856,-0.00364,0.0,-0.000747,-0.001682,0.0,-0.005052,-0.000953,-0.0,-0.001681,0.0,-9.6e-05,-0.001334,-0.000636,-0.001251,-0.001103,0.0,-2e-06,-0.002215,-0.002449,-0.004269,-0.0,0.0,-3.1e-05,-0.0,0.0,-0.000858,-0.001998,-0.00464,-0.002589,0.0,-0.000292,-0.003986,-0.000271,-0.001335,0.0,-0.000396,-0.000988,-1.5e-05,-2e-06,-0.002675,-0.003978,0.0,-3.8e-05,0.0,-0.001312,-0.0,-0.002074,0.0,-0.001502,-0.004622,-3.4e-05,-2.2e-05,-0.00186,-0.0,-2e-06,0.0,-3.9e-05,-0.00249,-0.003866,0.0,-0.002222,-0.001989,-0.004338,-0.004364,0.0,-0.004317,-5e-06,-0.003273,-0.000718,0.0,-0.000835,-0.006194,-0.003647,-0.003274,-0.003086,-0.004406,-0.000976,-0.000509,-0.000562,-0.0,-0.000435,-0.001867,-0.002333,-0.003196
2017-05-30 17:27:00+02:00,0.0,0.0,-0.000186,-0.002803,-0.000173,-4e-06,-0.000358,-0.000659,-0.001914,-1.5e-05,-1e-06,-0.0,-0.003964,-0.003861,-0.001735,-0.003711,-1.4e-05,0.0,-6e-06,-0.003936,0.0,-0.003883,-0.001778,-0.0,-0.004447,-0.004235,-0.00051,0.0,-0.000578,-5e-06,-0.0,-0.00259,0.0,-0.002806,-0.003583,0.0,-0.000722,-0.001626,0.0,-0.004964,-0.00092,-0.0,-0.001646,0.0,-7.7e-05,-0.001304,-0.000616,-0.001219,-0.001073,0.0,-1e-06,-0.002178,-0.002408,-0.004207,-0.0,0.0,-2.5e-05,-0.0,0.0,-0.00082,-0.001961,-0.004557,-0.002539,0.0,-0.000276,-0.00392,-0.000256,-0.001301,0.0,-0.000377,-0.000966,-1.2e-05,-2e-06,-0.002636,-0.003917,0.0,-3e-05,0.0,-0.001265,-0.0,-0.002033,0.0,-0.001469,-0.004534,-2.7e-05,-1.7e-05,-0.001808,-0.0,-2e-06,0.0,-3.1e-05,-0.002447,-0.003804,0.0,-0.002186,-0.001946,-0.004263,-0.004291,0.0,-0.004238,-4e-06,-0.003216,-0.000697,0.0,-0.000804,-0.006098,-0.003585,-0.003209,-0.003031,-0.004334,-0.000943,-0.000494,-0.000546,-0.0,-0.000406,-0.001831,-0.002288,-0.003135
2017-05-30 17:28:00+02:00,0.0,0.0,-0.000149,-0.002696,-0.000139,-3e-06,-0.000331,-0.00062,-0.001842,-1.2e-05,-1e-06,-0.0,-0.003856,-0.003755,-0.001669,-0.00359,-1.1e-05,0.0,-5e-06,-0.003787,0.0,-0.003735,-0.001686,-0.0,-0.004303,-0.004104,-0.000477,0.0,-0.000543,-4e-06,-0.0,-0.002505,0.0,-0.002718,-0.003482,0.0,-0.000663,-0.001538,0.0,-0.004816,-0.000869,-0.0,-0.00154,0.0,-6.1e-05,-0.001232,-0.000582,-0.001158,-0.001025,0.0,-1e-06,-0.002088,-0.002329,-0.004096,-0.0,0.0,-2e-05,-0.0,0.0,-0.000753,-0.001877,-0.004417,-0.002439,0.0,-0.000221,-0.003795,-0.000233,-0.001238,0.0,-0.000344,-0.000904,-1e-05,-2e-06,-0.002537,-0.003811,0.0,-2.4e-05,0.0,-0.001185,-0.0,-0.001962,0.0,-0.001393,-0.004391,-2.2e-05,-1.4e-05,-0.001735,-0.0,-1e-06,0.0,-2.5e-05,-0.002367,-0.003698,0.0,-0.00211,-0.001862,-0.004127,-0.004156,0.0,-0.004104,-3e-06,-0.003104,-0.000651,0.0,-0.000758,-0.005932,-0.003482,-0.003095,-0.002921,-0.004201,-0.000891,-0.000461,-0.000499,-0.0,-0.000349,-0.00172,-0.002195,-0.003038
2017-05-30 17:29:00+02:00,0.0,0.0,-0.000119,-0.002611,-0.000111,-2e-06,-0.00031,-0.000589,-0.001785,-1e-05,-1e-06,-0.0,-0.00378,-0.003681,-0.001627,-0.003492,-9e-06,0.0,-4e-06,-0.00367,0.0,-0.003619,-0.00162,-0.0,-0.004196,-0.003998,-0.00045,0.0,-0.000516,-3e-06,-0.0,-0.002446,0.0,-0.002659,-0.003414,0.0,-0.000628,-0.001474,0.0,-0.004706,-0.000833,-0.0,-0.001459,0.0,-4.9e-05,-0.001178,-0.000553,-0.001106,-0.000989,0.0,-1e-06,-0.00202,-0.002269,-0.004019,-0.0,0.0,-1.6e-05,-0.0,0.0,-0.000708,-0.001813,-0.004312,-0.002359,0.0,-0.000177,-0.003695,-0.000216,-0.001184,0.0,-0.000321,-0.000857,-8e-06,-1e-06,-0.002463,-0.003738,0.0,-1.9e-05,0.0,-0.001129,-0.0,-0.001905,0.0,-0.001335,-0.004284,-1.7e-05,-1.1e-05,-0.001672,-0.0,-1e-06,0.0,-2e-05,-0.002305,-0.003623,0.0,-0.002054,-0.001805,-0.004017,-0.004047,0.0,-0.004006,-3e-06,-0.003014,-0.000613,0.0,-0.000724,-0.005807,-0.003408,-0.003014,-0.002834,-0.004093,-0.000854,-0.000437,-0.000464,-0.0,-0.000312,-0.001634,-0.002121,-0.002966
2017-05-30 17:30:00+02:00,0.0,0.0,-0.000111,-0.002584,-0.000116,-2e-06,-0.000302,-0.000575,-0.001757,-8e-06,-1e-06,-0.0,-0.00376,-0.003666,-0.001631,-0.003458,-7e-06,0.0,-3e-06,-0.003622,0.0,-0.003571,-0.001602,-0.0,-0.00416,-0.003959,-0.000437,0.0,-0.00051,-3e-06,-0.0,-0.00243,0.0,-0.002651,-0.003404,0.0,-0.000643,-0.001457,0.0,-0.004672,-0.000822,-0.0,-0.001434,0.0,-4.8e-05,-0.001174,-0.000539,-0.001077,-0.000978,0.0,-1e-06,-0.001993,-0.002252,-0.004003,-0.0,0.0,-1.3e-05,-0.0,0.0,-0.000707,-0.001785,-0.004282,-0.002336,0.0,-0.000172,-0.003659,-0.000211,-0.001153,0.0,-0.000319,-0.000841,-6e-06,-1e-06,-0.002438,-0.003726,0.0,-1.6e-05,0.0,-0.001119,-0.0,-0.001883,0.0,-0.001328,-0.00425,-1.4e-05,-9e-06,-0.00163,-0.0,-1e-06,0.0,-1.7e-05,-0.002284,-0.003603,0.0,-0.002042,-0.001807,-0.003973,-0.004003,0.0,-0.003978,-2e-06,-0.002985,-0.000595,0.0,-0.000713,-0.005765,-0.003384,-0.002997,-0.002805,-0.004053,-0.000844,-0.000432,-0.000455,-0.0,-0.000318,-0.001607,-0.002103,-0.002939
2017-05-30 17:31:00+02:00,0.0,0.0,-9.6e-05,-0.002622,-0.000167,-1e-06,-0.000312,-0.000584,-0.001729,-1e-05,-1e-06,-0.0,-0.003741,-0.003652,-0.001638,-0.003494,-6e-06,0.0,-2e-06,-0.003549,0.0,-0.003499,-0.001653,-0.0,-0.004126,-0.00399,-0.000443,0.0,-0.000522,-2e-06,-0.0,-0.002416,0.0,-0.002645,-0.003395,0.0,-0.000662,-0.001511,0.0,-0.004639,-0.000849,-0.0,-0.001375,0.0,-9.3e-05,-0.001219,-0.000539,-0.001039,-0.000968,0.0,-0.0,-0.001951,-0.00228,-0.003987,-0.0,0.0,-1e-05,-0.0,0.0,-0.000761,-0.001743,-0.004254,-0.002376,0.0,-0.000159,-0.003693,-0.000221,-0.001113,0.0,-0.000342,-0.000807,-5e-06,-1e-06,-0.002396,-0.003716,0.0,-2e-05,0.0,-0.00118,-0.0,-0.001898,0.0,-0.001371,-0.004218,-1.1e-05,-7e-06,-0.001587,-0.0,-1e-06,0.0,-4e-05,-0.002304,-0.003584,0.0,-0.002084,-0.001812,-0.003998,-0.004029,0.0,-0.003954,-2e-06,-0.003025,-0.000566,0.0,-0.000734,-0.005723,-0.003361,-0.002983,-0.002847,-0.004082,-0.000871,-0.000445,-0.000435,-0.0,-0.000374,-0.001546,-0.002145,-0.002912
2017-05-30 17:32:00+02:00,0.0,0.0,-7.7e-05,-0.002573,-0.000174,-1e-06,-0.000305,-0.000569,-0.001658,-8e-06,-0.0,-0.0,-0.00363,-0.003545,-0.001581,-0.00343,-5e-06,0.0,-2e-06,-0.003393,0.0,-0.003344,-0.001636,-0.0,-0.003986,-0.003915,-0.000431,0.0,-0.000508,-2e-06,-0.0,-0.002334,0.0,-0.002562,-0.003295,0.0,-0.000623,-0.001497,0.0,-0.004492,-0.000838,-0.0,-0.001273,0.0,-9.6e-05,-0.001199,-0.00052,-0.000977,-0.000924,0.0,-0.0,-0.00186,-0.002239,-0.003874,-0.0,0.0,-8e-06,-0.0,0.0,-0.00076,-0.001657,-0.004116,-0.002332,0.0,-0.000127,-0.003624,-0.000216,-0.001049,0.0,-0.00034,-0.000748,-4e-06,-1e-06,-0.002293,-0.003609,0.0,-1.6e-05,0.0,-0.001177,-0.0,-0.001856,0.0,-0.001346,-0.004077,-9e-06,-6e-06,-0.001513,-0.0,-1e-06,0.0,-4.1e-05,-0.002257,-0.003476,0.0,-0.002053,-0.001742,-0.003915,-0.003949,0.0,-0.003826,-1e-06,-0.002972,-0.000522,0.0,-0.000723,-0.005553,-0.003255,-0.002879,-0.002797,-0.004004,-0.000859,-0.000434,-0.000396,-0.0,-0.00038,-0.001439,-0.002107,-0.002813
2017-05-30 17:33:00+02:00,0.0,0.0,-6.1e-05,-0.002224,-0.000139,-1e-06,-0.000263,-0.000494,-0.001175,-6e-06,-0.0,-0.0,-0.001515,-0.001594,-0.001333,-0.002762,-4e-06,0.0,-2e-06,-0.00276,0.0,-0.00275,-0.001403,-0.0,-0.002668,-0.002762,-0.000377,0.0,-0.000432,-1e-06,-0.0,-0.001431,0.0,-0.001594,-0.001664,0.0,-0.000499,-0.001281,0.0,-0.00276,-0.000714,-0.0,-0.001046,0.0,-7.7e-05,-0.001016,-0.000456,-0.00084,-0.000792,0.0,-0.0,-0.001431,-0.001515,-0.001594,-0.0,0.0,-7e-06,-0.0,0.0,-0.000632,-0.001344,-0.00275,-0.002012,0.0,-0.000102,-0.002762,-0.000182,-0.000904,0.0,-0.000282,-0.000616,-3e-06,-1e-06,-0.001594,-0.001664,0.0,-1.3e-05,0.0,-0.001002,-0.0,-0.001344,0.0,-0.001146,-0.002696,-7e-06,-5e-06,-0.001037,-0.0,-0.0,0.0,-3.3e-05,-0.001431,-0.001515,0.0,-0.001664,-0.001476,-0.00269,-0.002718,0.0,-0.00276,-1e-06,-0.002575,-0.000436,0.0,-0.000618,-0.002762,-0.001431,-0.002472,-0.002422,-0.00276,-0.000732,-0.000367,-0.000316,-0.0,-0.000304,-0.00119,-0.001814,-0.001344
2017-05-30 17:34:00+02:00,0.0,0.0,-4.9e-05,-0.001779,-0.000111,-1e-06,-0.000211,-0.000395,-0.00094,-5e-06,-0.0,-0.0,-0.001212,-0.001275,-0.001067,-0.002209,-3e-06,0.0,-1e-06,-0.002208,0.0,-0.0022,-0.001123,-0.0,-0.002134,-0.002209,-0.000302,0.0,-0.000346,-1e-06,-0.0,-0.001145,0.0,-0.001275,-0.001331,0.0,-0.000399,-0.001025,0.0,-0.002208,-0.000571,-0.0,-0.000837,0.0,-6.1e-05,-0.000812,-0.000365,-0.000672,-0.000633,0.0,-0.0,-0.001145,-0.001212,-0.001275,-0.0,0.0,-5e-06,-0.0,0.0,-0.000506,-0.001075,-0.0022,-0.00161,0.0,-8.1e-05,-0.002209,-0.000146,-0.000723,0.0,-0.000225,-0.000492,-3e-06,-0.0,-0.001275,-0.001331,0.0,-1e-05,0.0,-0.000801,-0.0,-0.001075,0.0,-0.000917,-0.002156,-6e-06,-4e-06,-0.000829,-0.0,-0.0,0.0,-2.6e-05,-0.001145,-0.001212,0.0,-0.001331,-0.001181,-0.002152,-0.002175,0.0,-0.002208,-1e-06,-0.00206,-0.000349,0.0,-0.000494,-0.002209,-0.001145,-0.001978,-0.001937,-0.002208,-0.000586,-0.000293,-0.000253,-0.0,-0.000243,-0.000952,-0.001451,-0.001075
2017-05-30 17:35:00+02:00,0.0,0.0,-3.9e-05,-0.001423,-8.9e-05,-1e-06,-0.000168,-0.000316,-0.000752,-4e-06,-0.0,-0.0,-0.00097,-0.00102,-0.000853,-0.001768,-2e-06,0.0,-1e-06,-0.001766,0.0,-0.00176,-0.000898,-0.0,-0.001707,-0.001768,-0.000241,0.0,-0.000277,-1e-06,-0.0,-0.000916,0.0,-0.00102,-0.001065,0.0,-0.000319,-0.00082,0.0,-0.001766,-0.000457,-0.0,-0.00067,0.0,-4.9e-05,-0.00065,-0.000292,-0.000537,-0.000507,0.0,-0.0,-0.000916,-0.00097,-0.00102,-0.0,0.0,-4e-06,-0.0,0.0,-0.000405,-0.00086,-0.00176,-0.001288,0.0,-6.5e-05,-0.001768,-0.000117,-0.000578,0.0,-0.00018,-0.000394,-2e-06,-0.0,-0.00102,-0.001065,0.0,-8e-06,0.0,-0.000641,-0.0,-0.00086,0.0,-0.000733,-0.001725,-5e-06,-3e-06,-0.000663,-0.0,-0.0,0.0,-2.1e-05,-0.000916,-0.00097,0.0,-0.001065,-0.000945,-0.001722,-0.00174,0.0,-0.001766,-1e-06,-0.001648,-0.000279,0.0,-0.000395,-0.001768,-0.000916,-0.001582,-0.00155,-0.001766,-0.000468,-0.000235,-0.000203,-0.0,-0.000195,-0.000762,-0.001161,-0.00086
2017-05-30 17:36:00+02:00,0.0,0.0,-3.1e-05,-0.001139,-7.1e-05,-0.0,-0.000135,-0.000253,-0.000602,-3e-06,-0.0,-0.0,-0.000776,-0.000816,-0.000683,-0.001414,-2e-06,0.0,-1e-06,-0.001413,0.0,-0.001408,-0.000718,-0.0,-0.001366,-0.001414,-0.000193,0.0,-0.000221,-1e-06,-0.0,-0.000733,0.0,-0.000816,-0.000852,0.0,-0.000255,-0.000656,0.0,-0.001413,-0.000366,-0.0,-0.000536,0.0,-3.9e-05,-0.00052,-0.000233,-0.00043,-0.000405,0.0,-0.0,-0.000733,-0.000776,-0.000816,-0.0,0.0,-3e-06,-0.0,0.0,-0.000324,-0.000688,-0.001408,-0.00103,0.0,-5.2e-05,-0.001414,-9.3e-05,-0.000463,0.0,-0.000144,-0.000315,-2e-06,-0.0,-0.000816,-0.000852,0.0,-7e-06,0.0,-0.000513,-0.0,-0.000688,0.0,-0.000587,-0.00138,-4e-06,-2e-06,-0.000531,-0.0,-0.0,0.0,-1.7e-05,-0.000733,-0.000776,0.0,-0.000852,-0.000756,-0.001377,-0.001392,0.0,-0.001413,-1e-06,-0.001318,-0.000223,0.0,-0.000316,-0.001414,-0.000733,-0.001266,-0.00124,-0.001413,-0.000375,-0.000188,-0.000162,-0.0,-0.000156,-0.00061,-0.000929,-0.000688
2017-05-30 17:37:00+02:00,0.0,0.0,-2.5e-05,-0.001013,-5.7e-05,-0.0,-0.000108,-0.000212,-0.000542,-3e-06,-0.0,-0.0,-0.000779,-0.000802,-0.000572,-0.001293,-2e-06,0.0,-1e-06,-0.001169,0.0,-0.001163,-0.000604,-0.0,-0.001248,-0.001325,-0.00016,0.0,-0.00018,-1e-06,-0.0,-0.000671,0.0,-0.000743,-0.000814,0.0,-0.000204,-0.000545,0.0,-0.001321,-0.000304,-0.0,-0.000429,0.0,-3.1e-05,-0.00042,-0.0002,-0.000346,-0.000341,0.0,-0.0,-0.000598,-0.000718,-0.000823,-0.0,0.0,-3e-06,-0.0,0.0,-0.000259,-0.00056,-0.001292,-0.00091,0.0,-4.2e-05,-0.001306,-7.5e-05,-0.000376,0.0,-0.000115,-0.000252,-1e-06,-0.0,-0.000674,-0.000833,0.0,-5e-06,0.0,-0.00041,-0.0,-0.000631,0.0,-0.000484,-0.001266,-3e-06,-2e-06,-0.00049,-0.0,-0.0,0.0,-1.3e-05,-0.000688,-0.000769,0.0,-0.000764,-0.000614,-0.001292,-0.001308,0.0,-0.001279,-0.0,-0.001185,-0.000178,0.0,-0.000262,-0.001392,-0.000725,-0.001098,-0.00111,-0.00133,-0.000313,-0.00015,-0.00013,-0.0,-0.000125,-0.000488,-0.000812,-0.000668
2017-05-30 17:38:00+02:00,0.0,0.0,-2e-05,-0.000861,-4.6e-05,-0.0,-8.6e-05,-0.00017,-0.000477,-2e-06,-0.0,-0.0,-0.000774,-0.000777,-0.000457,-0.001157,-1e-06,0.0,-0.0,-0.000974,0.0,-0.000966,-0.000483,-0.0,-0.001113,-0.001221,-0.000128,0.0,-0.000144,-0.0,-0.0,-0.000599,0.0,-0.000656,-0.00076,0.0,-0.000163,-0.000436,0.0,-0.001205,-0.000243,-0.0,-0.000343,0.0,-2.5e-05,-0.000336,-0.00016,-0.000277,-0.000273,0.0,-0.0,-0.000487,-0.000654,-0.000821,-0.0,0.0,-2e-06,-0.0,0.0,-0.000207,-0.000454,-0.001152,-0.000756,0.0,-3.3e-05,-0.001183,-6e-05,-0.000303,0.0,-9.2e-05,-0.000202,-1e-06,-0.0,-0.00056,-0.0008,0.0,-4e-06,0.0,-0.000328,-0.0,-0.000568,0.0,-0.000387,-0.001129,-2e-06,-2e-06,-0.00044,-0.0,-0.0,0.0,-1.1e-05,-0.000638,-0.000751,0.0,-0.000661,-0.000491,-0.001196,-0.001212,0.0,-0.001123,-0.0,-0.001033,-0.000143,0.0,-0.00021,-0.001346,-0.000709,-0.000902,-0.000957,-0.001234,-0.00025,-0.00012,-0.000104,-0.0,-0.0001,-0.00039,-0.000655,-0.000638
2017-05-30 17:39:00+02:00,0.0,0.0,-0.000204,-0.001339,-0.000274,-5.7e-05,-0.000156,-0.00027,-0.0007,-0.000101,-3.6e-05,-0.0,-0.001352,-0.001362,-0.000811,-0.001723,-0.000118,0.0,-7.6e-05,-0.001458,0.0,-0.001443,-0.000846,-0.0,-0.001738,-0.001849,-0.000203,0.0,-0.000277,-4.5e-05,-4e-06,-0.000984,0.0,-0.001109,-0.001326,0.0,-0.000472,-0.000786,0.0,-0.001913,-0.000428,-0.0,-0.000623,0.0,-0.000244,-0.000712,-0.00025,-0.000391,-0.000437,0.0,-2e-05,-0.000762,-0.001044,-0.00145,-5e-06,0.0,-0.000155,-0.0,0.0,-0.000501,-0.000687,-0.001811,-0.001223,0.0,-0.00022,-0.001774,-0.000124,-0.000422,0.0,-0.000218,-0.000352,-0.000113,-4.8e-05,-0.000918,-0.001409,0.0,-0.000222,0.0,-0.00066,-0.0,-0.000866,0.0,-0.000771,-0.001772,-0.000175,-0.000136,-0.000595,-2e-06,-3.3e-05,0.0,-0.000126,-0.001009,-0.001308,0.0,-0.001058,-0.000919,-0.001808,-0.001831,0.0,-0.001745,-6.2e-05,-0.001551,-0.000226,0.0,-0.000365,-0.002196,-0.001214,-0.001411,-0.00146,-0.001872,-0.000437,-0.000248,-0.000212,-0.0,-0.000359,-0.000689,-0.001113,-0.00106
2017-05-30 17:40:00+02:00,0.0,0.0,-0.000376,-0.001783,-0.000475,-0.000108,-0.00022,-0.000363,-0.000915,-0.000186,-6.3e-05,-0.0,-0.001834,-0.001909,-0.001145,-0.002257,-0.000227,0.0,-0.000145,-0.00193,0.0,-0.001909,-0.00118,-0.0,-0.002342,-0.002442,-0.000274,0.0,-0.000397,-8.6e-05,-3e-06,-0.001349,0.0,-0.001538,-0.001863,0.0,-0.00076,-0.001106,0.0,-0.002601,-0.000595,-0.0,-0.000895,0.0,-0.000435,-0.001053,-0.000335,-0.000505,-0.000593,0.0,-3.7e-05,-0.001025,-0.001402,-0.00198,-4e-06,0.0,-0.000297,-0.0,0.0,-0.000765,-0.000912,-0.002452,-0.001655,0.0,-0.000395,-0.002331,-0.000182,-0.00054,0.0,-0.000329,-0.000496,-0.000208,-8.9e-05,-0.001259,-0.001986,0.0,-0.000412,0.0,-0.000962,-0.0,-0.001142,0.0,-0.001118,-0.002395,-0.000324,-0.000261,-0.000742,-2e-06,-5.8e-05,0.0,-0.000226,-0.001352,-0.001799,0.0,-0.001421,-0.001326,-0.002382,-0.002415,0.0,-0.002348,-0.000113,-0.002037,-0.000307,0.0,-0.000505,-0.002928,-0.001649,-0.001902,-0.00193,-0.002473,-0.000606,-0.000362,-0.000316,-0.0,-0.00059,-0.000981,-0.001536,-0.001441
2017-05-30 17:41:00+02:00,0.0,0.0,-0.000383,-0.001985,-0.000507,-8.7e-05,-0.000239,-0.000396,-0.001017,-0.000193,-5e-05,-0.0,-0.002147,-0.002208,-0.001281,-0.002519,-0.000188,0.0,-0.000116,-0.002166,0.0,-0.002141,-0.001307,-0.0,-0.002641,-0.002747,-0.000298,0.0,-0.000439,-6.9e-05,-2e-06,-0.001529,0.0,-0.001748,-0.002142,0.0,-0.000838,-0.001224,0.0,-0.002954,-0.000656,-0.0,-0.000977,0.0,-0.000459,-0.001177,-0.000367,-0.000553,-0.000654,0.0,-3e-05,-0.001151,-0.001581,-0.002322,-3e-06,0.0,-0.000284,-0.0,0.0,-0.000839,-0.001017,-0.002772,-0.001847,0.0,-0.000407,-0.00261,-0.000196,-0.000591,0.0,-0.000358,-0.000539,-0.000204,-7.1e-05,-0.001431,-0.002294,0.0,-0.000429,0.0,-0.001065,-0.0,-0.001276,0.0,-0.00125,-0.002706,-0.000316,-0.000229,-0.00082,-1e-06,-4.7e-05,0.0,-0.000237,-0.001527,-0.002093,0.0,-0.001591,-0.001484,-0.002678,-0.002716,0.0,-0.002643,-9.1e-05,-0.002266,-0.000332,0.0,-0.000555,-0.003397,-0.001917,-0.00212,-0.002148,-0.002785,-0.000668,-0.0004,-0.000339,-0.0,-0.000639,-0.001076,-0.001719,-0.001658
2017-05-30 17:42:00+02:00,0.0,0.0,-0.000322,-0.002077,-0.000473,-6.9e-05,-0.000239,-0.000403,-0.001071,-0.000171,-4e-05,-0.0,-0.002353,-0.0024,-0.001342,-0.002657,-0.00015,0.0,-9.3e-05,-0.002275,0.0,-0.002248,-0.001349,-0.0,-0.002814,-0.002918,-0.000301,0.0,-0.000447,-5.5e-05,-2e-06,-0.001634,0.0,-0.00187,-0.002316,0.0,-0.000837,-0.001258,0.0,-0.003169,-0.000673,-0.0,-0.000972,0.0,-0.00042,-0.001208,-0.000375,-0.000567,-0.000678,0.0,-2.4e-05,-0.001206,-0.001678,-0.002547,-2e-06,0.0,-0.000227,-0.0,0.0,-0.000836,-0.00106,-0.002961,-0.001932,0.0,-0.000351,-0.002762,-0.000193,-0.000608,0.0,-0.000354,-0.000537,-0.000164,-5.7e-05,-0.001513,-0.002491,0.0,-0.000379,0.0,-0.001086,-0.0,-0.001346,0.0,-0.001287,-0.002889,-0.000253,-0.000183,-0.000862,-1e-06,-3.7e-05,0.0,-0.000214,-0.001624,-0.002283,0.0,-0.001674,-0.001543,-0.002843,-0.002885,0.0,-0.00281,-7.2e-05,-0.002378,-0.000329,0.0,-0.000567,-0.003703,-0.002092,-0.002228,-0.002251,-0.002961,-0.000686,-0.000405,-0.000327,-0.0,-0.000616,-0.001079,-0.001795,-0.001796
2017-05-30 17:43:00+02:00,0.0,0.0,-0.000259,-0.002143,-0.000431,-5.5e-05,-0.000235,-0.000404,-0.00111,-0.000147,-3.2e-05,-0.0,-0.002514,-0.00255,-0.001382,-0.00276,-0.00012,0.0,-7.4e-05,-0.002358,0.0,-0.002329,-0.001368,-0.0,-0.002946,-0.003049,-0.000299,0.0,-0.000449,-4.4e-05,-2e-06,-0.001712,0.0,-0.001962,-0.002451,0.0,-0.000823,-0.001272,0.0,-0.003334,-0.000679,-0.0,-0.000958,0.0,-0.000373,-0.001221,-0.000378,-0.000575,-0.000692,0.0,-1.9e-05,-0.001246,-0.00175,-0.002723,-2e-06,0.0,-0.000182,-0.0,0.0,-0.000818,-0.001091,-0.003106,-0.00199,0.0,-0.000293,-0.002875,-0.000187,-0.000618,0.0,-0.000344,-0.00053,-0.000131,-4.5e-05,-0.001575,-0.002644,0.0,-0.000326,0.0,-0.001089,-0.0,-0.001397,0.0,-0.001306,-0.003028,-0.000202,-0.000147,-0.00089,-1e-06,-3e-05,0.0,-0.000189,-0.001697,-0.002431,0.0,-0.001735,-0.00158,-0.002968,-0.003013,0.0,-0.002937,-5.8e-05,-0.00246,-0.000324,0.0,-0.00057,-0.003941,-0.002226,-0.002305,-0.002325,-0.003096,-0.000692,-0.000405,-0.000311,-0.0,-0.000582,-0.001071,-0.001846,-0.0019
2017-05-30 17:44:00+02:00,0.0,0.0,-0.000207,-0.002181,-0.00038,-4.4e-05,-0.000227,-0.000397,-0.001125,-0.000122,-2.6e-05,-0.0,-0.002612,-0.002638,-0.001391,-0.002827,-9.6e-05,0.0,-6e-05,-0.002402,0.0,-0.002371,-0.001364,-0.0,-0.003014,-0.003138,-0.000293,0.0,-0.000444,-3.5e-05,-1e-06,-0.001752,0.0,-0.00201,-0.002529,0.0,-0.000786,-0.001263,0.0,-0.003426,-0.000673,-0.0,-0.000926,0.0,-0.000319,-0.001218,-0.000375,-0.000573,-0.000691,0.0,-1.5e-05,-0.001264,-0.001798,-0.002832,-2e-06,0.0,-0.000146,-0.0,0.0,-0.000785,-0.001103,-0.003183,-0.002024,0.0,-0.000235,-0.002952,-0.000177,-0.000617,0.0,-0.000328,-0.000514,-0.000105,-3.6e-05,-0.001609,-0.002735,0.0,-0.000271,0.0,-0.001072,-0.0,-0.001429,0.0,-0.001309,-0.003101,-0.000162,-0.000117,-0.000899,-1e-06,-2.4e-05,0.0,-0.000159,-0.001746,-0.00252,0.0,-0.001774,-0.001579,-0.003052,-0.003099,0.0,-0.003002,-4.6e-05,-0.002512,-0.000313,0.0,-0.000564,-0.004086,-0.002306,-0.002333,-0.002371,-0.003188,-0.000687,-0.000398,-0.00029,-0.0,-0.000537,-0.001044,-0.001874,-0.001959
2017-05-30 17:45:00+02:00,0.0,0.0,-0.000166,-0.002189,-0.00033,-3.5e-05,-0.000217,-0.000388,-0.001122,-9.8e-05,-2.1e-05,-0.0,-0.002658,-0.002678,-0.001376,-0.002855,-7.7e-05,0.0,-4.8e-05,-0.002418,0.0,-0.002387,-0.001348,-0.0,-0.003033,-0.00318,-0.000284,0.0,-0.000433,-2.8e-05,-1e-06,-0.001762,0.0,-0.002023,-0.002562,0.0,-0.000735,-0.001243,0.0,-0.003461,-0.000661,-0.0,-0.000887,0.0,-0.000265,-0.001197,-0.000368,-0.000566,-0.000678,0.0,-1.2e-05,-0.001268,-0.001818,-0.002884,-1e-06,0.0,-0.000116,-0.0,0.0,-0.000748,-0.001103,-0.003208,-0.002028,0.0,-0.000188,-0.002985,-0.000166,-0.000611,0.0,-0.00031,-0.000493,-8.4e-05,-2.9e-05,-0.001623,-0.002775,0.0,-0.000216,0.0,-0.001046,-0.0,-0.001438,0.0,-0.001291,-0.003123,-0.000129,-9.4e-05,-0.000894,-1e-06,-1.9e-05,0.0,-0.00013,-0.001766,-0.00256,0.0,-0.001785,-0.001551,-0.003089,-0.00314,0.0,-0.003018,-3.7e-05,-0.002529,-0.0003,0.0,-0.000552,-0.004156,-0.002342,-0.002324,-0.002383,-0.003232,-0.000675,-0.000386,-0.000268,-0.0,-0.00049,-0.001008,-0.001874,-0.001982
2017-05-30 17:46:00+02:00,0.0,0.0,-0.000133,-0.002156,-0.000287,-2.8e-05,-0.000208,-0.000377,-0.001123,-7.8e-05,-1.6e-05,-0.0,-0.002704,-0.00272,-0.001382,-0.002832,-6.1e-05,0.0,-3.8e-05,-0.002438,0.0,-0.002407,-0.001328,-0.0,-0.003066,-0.003185,-0.000275,0.0,-0.000412,-2.3e-05,-1e-06,-0.001779,0.0,-0.002046,-0.0026,0.0,-0.00072,-0.001221,0.0,-0.003507,-0.000648,-0.0,-0.000868,0.0,-0.00022,-0.001145,-0.000354,-0.000561,-0.000674,0.0,-1e-05,-0.001274,-0.001804,-0.002936,-1e-06,0.0,-9.3e-05,-0.0,0.0,-0.000714,-0.001105,-0.003248,-0.001993,0.0,-0.00015,-0.002972,-0.000157,-0.000606,0.0,-0.000293,-0.000482,-6.7e-05,-2.3e-05,-0.001638,-0.002819,0.0,-0.000173,0.0,-0.001019,-0.0,-0.001423,0.0,-0.001243,-0.003159,-0.000103,-7.5e-05,-0.000891,-0.0,-1.5e-05,0.0,-0.000106,-0.001762,-0.002601,0.0,-0.001763,-0.001555,-0.003091,-0.003143,0.0,-0.00305,-3e-05,-0.0025,-0.000291,0.0,-0.000539,-0.004228,-0.002376,-0.002338,-0.002352,-0.003239,-0.000662,-0.000365,-0.000254,-0.0,-0.00045,-0.000992,-0.001836,-0.002005
2017-05-30 17:47:00+02:00,0.0,0.0,-0.000106,-0.002109,-0.00023,-2.3e-05,-0.000195,-0.000361,-0.001106,-6.2e-05,-1.3e-05,-0.0,-0.0027,-0.002713,-0.001354,-0.00279,-4.9e-05,0.0,-3e-05,-0.002379,0.0,-0.002348,-0.001283,-0.0,-0.003044,-0.003163,-0.000262,0.0,-0.000389,-1.8e-05,-1e-06,-0.001762,0.0,-0.002029,-0.002589,0.0,-0.000679,-0.001175,0.0,-0.003491,-0.000621,-0.0,-0.000807,0.0,-0.000176,-0.001089,-0.000338,-0.000538,-0.000656,0.0,-8e-06,-0.001237,-0.001775,-0.002934,-1e-06,0.0,-7.4e-05,-0.0,0.0,-0.000661,-0.001071,-0.003229,-0.001946,0.0,-0.00012,-0.002936,-0.000144,-0.000583,0.0,-0.000269,-0.000449,-5.4e-05,-1.9e-05,-0.001597,-0.002811,0.0,-0.000139,0.0,-0.000971,-0.0,-0.001396,0.0,-0.001189,-0.003138,-8.3e-05,-6e-05,-0.000876,-0.0,-1.2e-05,0.0,-8.5e-05,-0.001741,-0.002594,0.0,-0.001728,-0.001518,-0.003065,-0.003119,0.0,-0.003028,-2.4e-05,-0.002456,-0.000272,0.0,-0.000516,-0.004229,-0.002368,-0.002305,-0.002306,-0.003218,-0.000635,-0.000342,-0.000227,-0.0,-0.000393,-0.000931,-0.001787,-0.001993
2017-05-30 17:48:00+02:00,0.0,0.0,-8.5e-05,-0.002042,-0.000184,-1.8e-05,-0.000178,-0.000338,-0.001069,-5e-05,-1.1e-05,-0.0,-0.00264,-0.002649,-0.001297,-0.002718,-3.9e-05,0.0,-2.4e-05,-0.002286,0.0,-0.002255,-0.001213,-0.0,-0.002965,-0.003102,-0.000244,0.0,-0.000364,-1.4e-05,-1e-06,-0.00171,0.0,-0.00197,-0.002525,0.0,-0.000618,-0.001105,0.0,-0.003411,-0.000582,-0.0,-0.000732,0.0,-0.000141,-0.001024,-0.000321,-0.00051,-0.000626,0.0,-6e-06,-0.001181,-0.001724,-0.002872,-1e-06,0.0,-6e-05,-0.0,0.0,-0.000591,-0.00102,-0.003149,-0.001881,0.0,-9.6e-05,-0.002868,-0.000128,-0.000553,0.0,-0.000238,-0.000408,-4.3e-05,-1.5e-05,-0.00153,-0.002746,0.0,-0.000111,0.0,-0.000901,-0.0,-0.001352,0.0,-0.001125,-0.003058,-6.6e-05,-4.8e-05,-0.00085,-0.0,-1e-05,0.0,-6.8e-05,-0.001696,-0.002534,0.0,-0.001673,-0.001449,-0.003001,-0.003056,0.0,-0.00295,-1.9e-05,-0.002386,-0.000248,0.0,-0.000483,-0.004151,-0.002313,-0.002228,-0.002236,-0.003156,-0.000596,-0.000317,-0.000195,-0.0,-0.000323,-0.000853,-0.001722,-0.001941
2017-05-30 17:49:00+02:00,0.0,0.0,-6.8e-05,-0.001925,-0.000147,-1.5e-05,-0.000156,-0.000307,-0.001006,-4e-05,-8e-06,-0.0,-0.002513,-0.002516,-0.001194,-0.002586,-3.1e-05,0.0,-2e-05,-0.002077,0.0,-0.00205,-0.001107,-0.0,-0.002807,-0.002972,-0.00022,0.0,-0.000326,-1.2e-05,-0.0,-0.001612,0.0,-0.001854,-0.002391,0.0,-0.000515,-0.001001,0.0,-0.003239,-0.000527,-0.0,-0.000594,0.0,-0.000113,-0.00092,-0.000296,-0.000457,-0.000576,0.0,-5e-06,-0.001067,-0.001634,-0.002735,-1e-06,0.0,-4.8e-05,-0.0,0.0,-0.000493,-0.00092,-0.002984,-0.001767,0.0,-7.7e-05,-0.002736,-0.000106,-0.000498,0.0,-0.000196,-0.000336,-3.4e-05,-1.2e-05,-0.001387,-0.002607,0.0,-8.9e-05,0.0,-0.0008,-0.0,-0.001279,0.0,-0.001022,-0.002895,-5.3e-05,-3.8e-05,-0.000806,-0.0,-8e-06,0.0,-5.4e-05,-0.001614,-0.002409,0.0,-0.001576,-0.001322,-0.002872,-0.002927,0.0,-0.00279,-1.5e-05,-0.002261,-0.000207,0.0,-0.000436,-0.003968,-0.002198,-0.002083,-0.002114,-0.003025,-0.00054,-0.00028,-0.000156,-0.0,-0.000259,-0.000708,-0.001609,-0.001841
2017-05-30 17:50:00+02:00,0.0,0.0,-5.4e-05,-0.001829,-0.000118,-1.2e-05,-0.000136,-0.00028,-0.000949,-3.2e-05,-7e-06,-0.0,-0.002402,-0.002402,-0.001103,-0.002479,-2.5e-05,0.0,-1.6e-05,-0.001865,0.0,-0.001842,-0.001019,-0.0,-0.002668,-0.002868,-0.000199,0.0,-0.000294,-9e-06,-0.0,-0.001527,0.0,-0.001756,-0.002278,0.0,-0.000418,-0.000914,0.0,-0.003087,-0.00048,-0.0,-0.000475,0.0,-9e-05,-0.00083,-0.000273,-0.000403,-0.00053,0.0,-4e-06,-0.000953,-0.001563,-0.002616,-0.0,0.0,-3.8e-05,-0.0,0.0,-0.000408,-0.00082,-0.002837,-0.001673,0.0,-6.2e-05,-0.00263,-8.7e-05,-0.000442,0.0,-0.00016,-0.000269,-2.7e-05,-1e-05,-0.001244,-0.002488,0.0,-7.1e-05,0.0,-0.000714,-0.0,-0.001221,0.0,-0.000933,-0.002752,-4.2e-05,-3.1e-05,-0.000761,-0.0,-6e-06,0.0,-4.3e-05,-0.00155,-0.0023,0.0,-0.0015,-0.001206,-0.002768,-0.002823,0.0,-0.002648,-1.2e-05,-0.002159,-0.000166,0.0,-0.000396,-0.0038,-0.002097,-0.001954,-0.002014,-0.002921,-0.000494,-0.000248,-0.000125,-0.0,-0.000207,-0.000567,-0.001514,-0.001753
2017-05-30 17:51:00+02:00,0.0,0.0,-4.3e-05,-0.001835,-0.000107,-9e-06,-0.000137,-0.00028,-0.000941,-2.6e-05,-5e-06,-0.0,-0.002395,-0.002399,-0.00111,-0.002483,-2e-05,0.0,-1.2e-05,-0.001818,0.0,-0.001798,-0.001035,-0.0,-0.002671,-0.002877,-0.0002,0.0,-0.000293,-7e-06,-0.0,-0.001523,0.0,-0.001757,-0.002278,0.0,-0.000433,-0.000929,0.0,-0.003094,-0.000484,-0.0,-0.000464,0.0,-7.2e-05,-0.000841,-0.000272,-0.00039,-0.000528,0.0,-3e-06,-0.000928,-0.001559,-0.002611,-0.0,0.0,-3.1e-05,-0.0,0.0,-0.000423,-0.000797,-0.002845,-0.001682,0.0,-4.9e-05,-0.002635,-8.9e-05,-0.000427,0.0,-0.000164,-0.000262,-2.2e-05,-8e-06,-0.001212,-0.002487,0.0,-5.7e-05,0.0,-0.00073,-0.0,-0.001214,0.0,-0.000943,-0.002757,-3.4e-05,-2.5e-05,-0.000753,-0.0,-5e-06,0.0,-3.5e-05,-0.001546,-0.002293,0.0,-0.001502,-0.001221,-0.002772,-0.002828,0.0,-0.002656,-1e-05,-0.002165,-0.000162,0.0,-0.000399,-0.003804,-0.002089,-0.001961,-0.002019,-0.00293,-0.000497,-0.000248,-0.000114,-0.0,-0.00021,-0.000559,-0.001524,-0.001743
2017-05-30 17:52:00+02:00,0.0,0.0,-3.5e-05,-0.001778,-8.6e-05,-7e-06,-0.00013,-0.000268,-0.00091,-2e-05,-4e-06,-0.0,-0.002327,-0.002332,-0.001073,-0.002412,-1.6e-05,0.0,-1e-05,-0.001732,0.0,-0.001715,-0.001002,-0.0,-0.002603,-0.002805,-0.000191,0.0,-0.000277,-6e-06,-0.0,-0.001477,0.0,-0.001706,-0.002216,0.0,-0.000409,-0.000896,0.0,-0.003019,-0.000464,-0.0,-0.000428,0.0,-5.8e-05,-0.000802,-0.00026,-0.000368,-0.000508,0.0,-3e-06,-0.000881,-0.001507,-0.002539,-0.0,0.0,-2.4e-05,-0.0,0.0,-0.000397,-0.000755,-0.002776,-0.001628,0.0,-3.9e-05,-0.002563,-8.3e-05,-0.000403,0.0,-0.000152,-0.000242,-1.8e-05,-6e-06,-0.001152,-0.00242,0.0,-4.5e-05,0.0,-0.0007,-0.0,-0.001171,0.0,-0.000903,-0.002688,-2.7e-05,-2e-05,-0.000729,-0.0,-4e-06,0.0,-2.8e-05,-0.001497,-0.002228,0.0,-0.001451,-0.001182,-0.002697,-0.002755,0.0,-0.00259,-8e-06,-0.002101,-0.00015,0.0,-0.000382,-0.003715,-0.002027,-0.001907,-0.001957,-0.002857,-0.000477,-0.000234,-9.5e-05,-0.0,-0.000177,-0.000522,-0.001473,-0.00169
2017-05-30 17:53:00+02:00,0.0,0.0,-2.8e-05,-0.001639,-6.9e-05,-6e-06,-0.000113,-0.00024,-0.00084,-1.6e-05,-3e-06,-0.0,-0.00215,-0.002153,-0.000972,-0.002237,-1.3e-05,0.0,-8e-06,-0.001533,0.0,-0.001518,-0.000898,-0.0,-0.002412,-0.002616,-0.000171,0.0,-0.000246,-5e-06,-0.0,-0.001359,0.0,-0.001569,-0.002045,0.0,-0.000339,-0.000797,0.0,-0.002805,-0.000412,-0.0,-0.000342,0.0,-4.6e-05,-0.00071,-0.000238,-0.000321,-0.000462,0.0,-2e-06,-0.000773,-0.001387,-0.002346,-0.0,0.0,-2e-05,-0.0,0.0,-0.000322,-0.000662,-0.002576,-0.001497,0.0,-3.1e-05,-0.002383,-6.7e-05,-0.000355,0.0,-0.000122,-0.000194,-1.4e-05,-5e-06,-0.001013,-0.002235,0.0,-3.6e-05,0.0,-0.00061,-0.0,-0.001078,0.0,-0.000808,-0.002493,-2.2e-05,-1.6e-05,-0.000683,-0.0,-3e-06,0.0,-2.2e-05,-0.001383,-0.002057,0.0,-0.001331,-0.001068,-0.002512,-0.002568,0.0,-0.002401,-6e-06,-0.001944,-0.000121,0.0,-0.000338,-0.00346,-0.001872,-0.001754,-0.001807,-0.002665,-0.000424,-0.000204,-7.6e-05,-0.0,-0.000142,-0.000418,-0.001348,-0.00156
2017-05-30 17:54:00+02:00,0.0,0.0,-2.2e-05,-0.001364,-5.5e-05,-5e-06,-9e-05,-0.000192,-0.000716,-1.3e-05,-3e-06,-0.0,-0.001851,-0.001847,-0.000778,-0.001907,-1e-05,0.0,-6e-06,-0.001228,0.0,-0.001214,-0.000719,-0.0,-0.002058,-0.00226,-0.000137,0.0,-0.000197,-4e-06,-0.0,-0.001153,0.0,-0.001323,-0.001744,0.0,-0.000271,-0.000638,0.0,-0.0024,-0.000329,-0.0,-0.000274,0.0,-3.7e-05,-0.000568,-0.00019,-0.000257,-0.00037,0.0,-2e-06,-0.000618,-0.001179,-0.00202,-0.0,0.0,-1.6e-05,-0.0,0.0,-0.000257,-0.000529,-0.002192,-0.001231,0.0,-2.5e-05,-0.002042,-5.4e-05,-0.000284,0.0,-9.8e-05,-0.000155,-1.1e-05,-4e-06,-0.000811,-0.001914,0.0,-2.9e-05,0.0,-0.000488,-0.0,-0.000917,0.0,-0.000646,-0.002122,-1.7e-05,-1.3e-05,-0.000591,-0.0,-3e-06,0.0,-1.8e-05,-0.001186,-0.001767,0.0,-0.001113,-0.000855,-0.002171,-0.002221,0.0,-0.002038,-5e-06,-0.001639,-9.6e-05,0.0,-0.000271,-0.002991,-0.00161,-0.001447,-0.001516,-0.002306,-0.000339,-0.000163,-6.1e-05,-0.0,-0.000113,-0.000334,-0.001091,-0.001339
2017-05-30 17:55:00+02:00,0.0,0.0,-1.8e-05,-0.001161,-4.4e-05,-4e-06,-7.2e-05,-0.000154,-0.000617,-1e-05,-2e-06,-0.0,-0.001617,-0.001607,-0.000622,-0.001663,-8e-06,0.0,-5e-06,-0.001028,0.0,-0.001015,-0.000575,-0.0,-0.00178,-0.001997,-0.00011,0.0,-0.000157,-3e-06,-0.0,-0.000991,0.0,-0.001131,-0.001508,0.0,-0.000217,-0.00051,0.0,-0.002081,-0.000264,-0.0,-0.000219,0.0,-3e-05,-0.000454,-0.000152,-0.000207,-0.000297,0.0,-1e-06,-0.000507,-0.001025,-0.001765,-0.0,0.0,-1.2e-05,-0.0,0.0,-0.000206,-0.000434,-0.00189,-0.001034,0.0,-2e-05,-0.00179,-4.3e-05,-0.000232,0.0,-7.8e-05,-0.000124,-9e-06,-3e-06,-0.000674,-0.001664,0.0,-2.3e-05,0.0,-0.000391,-0.0,-0.000796,0.0,-0.000517,-0.001829,-1.4e-05,-1e-05,-0.000515,-0.0,-2e-06,0.0,-1.4e-05,-0.00104,-0.001539,0.0,-0.000951,-0.000684,-0.001918,-0.001964,0.0,-0.001754,-4e-06,-0.001414,-7.7e-05,0.0,-0.000217,-0.002621,-0.001404,-0.001207,-0.0013,-0.002041,-0.000271,-0.000131,-4.9e-05,-0.0,-9.1e-05,-0.000267,-0.0009,-0.001165
2017-05-30 17:56:00+02:00,0.0,0.0,-1.4e-05,-0.001091,-3.5e-05,-3e-06,-6e-05,-0.000138,-0.000571,-8e-06,-2e-06,-0.0,-0.001511,-0.001502,-0.000567,-0.001571,-7e-06,0.0,-4e-06,-0.000959,0.0,-0.000946,-0.000522,-0.0,-0.001668,-0.001893,-9.7e-05,0.0,-0.000137,-2e-06,-0.0,-0.000923,0.0,-0.001055,-0.00141,0.0,-0.000174,-0.000457,0.0,-0.00195,-0.000235,-0.0,-0.000175,0.0,-2.4e-05,-0.000396,-0.000139,-0.000187,-0.00027,0.0,-1e-06,-0.000466,-0.000963,-0.001651,-0.0,0.0,-1e-05,-0.0,0.0,-0.000165,-0.000397,-0.00177,-0.00097,0.0,-1.6e-05,-0.001694,-3.4e-05,-0.000211,0.0,-6.2e-05,-9.9e-05,-7e-06,-3e-06,-0.000624,-0.001557,0.0,-1.9e-05,0.0,-0.000335,-0.0,-0.000746,0.0,-0.000461,-0.001712,-1.1e-05,-8e-06,-0.000476,-0.0,-2e-06,0.0,-1.1e-05,-0.000978,-0.001437,0.0,-0.000893,-0.000611,-0.001815,-0.00186,0.0,-0.001643,-3e-06,-0.001333,-6.2e-05,0.0,-0.000193,-0.00246,-0.001309,-0.001119,-0.001223,-0.001935,-0.000244,-0.00011,-3.9e-05,-0.0,-7.3e-05,-0.000214,-0.000841,-0.001084
2017-05-30 17:57:00+02:00,0.0,0.0,-1.1e-05,-0.00102,-2.8e-05,-2e-06,-5.2e-05,-0.000126,-0.000528,-7e-06,-1e-06,-0.0,-0.001399,-0.001393,-0.000521,-0.001471,-5e-06,0.0,-3e-06,-0.000892,0.0,-0.00088,-0.00048,-0.0,-0.001554,-0.001776,-8.8e-05,0.0,-0.000122,-2e-06,-0.0,-0.000854,0.0,-0.000977,-0.001309,0.0,-0.000139,-0.000415,0.0,-0.00182,-0.000213,-0.0,-0.00014,0.0,-1.9e-05,-0.000354,-0.000129,-0.00017,-0.000247,0.0,-1e-06,-0.000427,-0.000895,-0.00153,-0.0,0.0,-8e-06,-0.0,0.0,-0.000132,-0.000363,-0.001652,-0.000906,0.0,-1.3e-05,-0.001587,-2.7e-05,-0.000193,0.0,-5e-05,-7.9e-05,-6e-06,-2e-06,-0.000575,-0.001445,0.0,-1.5e-05,0.0,-0.000296,-0.0,-0.000692,0.0,-0.000418,-0.001596,-9e-06,-6e-06,-0.000442,-0.0,-1e-06,0.0,-9e-06,-0.000909,-0.00133,0.0,-0.000831,-0.000556,-0.001698,-0.001742,0.0,-0.001533,-3e-06,-0.001248,-4.9e-05,0.0,-0.000174,-0.002295,-0.00121,-0.00104,-0.001144,-0.001815,-0.000221,-9.6e-05,-3.1e-05,-0.0,-5.8e-05,-0.000171,-0.000785,-0.001001
2017-05-30 17:58:00+02:00,0.0,0.0,-9e-06,-0.000828,-2.3e-05,-2e-06,-4.1e-05,-0.000101,-0.000435,-5e-06,-1e-06,-0.0,-0.001167,-0.001156,-0.000417,-0.001231,-4e-06,0.0,-3e-06,-0.000713,0.0,-0.000704,-0.000384,-0.0,-0.001281,-0.001509,-7e-05,0.0,-9.8e-05,-2e-06,-0.0,-0.0007,0.0,-0.000794,-0.001079,0.0,-0.000111,-0.000332,0.0,-0.001503,-0.00017,-0.0,-0.000112,0.0,-1.5e-05,-0.000283,-0.000103,-0.000136,-0.000198,0.0,-1e-06,-0.000341,-0.000747,-0.001277,-0.0,0.0,-6e-06,-0.0,0.0,-0.000105,-0.00029,-0.001354,-0.000725,0.0,-1e-05,-0.001337,-2.2e-05,-0.000154,0.0,-4e-05,-6.4e-05,-5e-06,-2e-06,-0.00046,-0.001198,0.0,-1.2e-05,0.0,-0.000237,-0.0,-0.000578,0.0,-0.000335,-0.001309,-7e-06,-5e-06,-0.000368,-0.0,-1e-06,0.0,-7e-06,-0.000767,-0.001106,0.0,-0.000679,-0.000445,-0.001444,-0.001482,0.0,-0.001254,-2e-06,-0.00103,-3.9e-05,0.0,-0.000139,-0.001919,-0.001008,-0.000832,-0.000938,-0.001545,-0.000177,-7.7e-05,-2.5e-05,-0.0,-4.6e-05,-0.000137,-0.000628,-0.000832
2017-05-30 17:59:00+02:00,0.0,0.0,-7e-06,-0.000662,-1.8e-05,-2e-06,-3.3e-05,-8.1e-05,-0.000348,-4e-06,-1e-06,-0.0,-0.000934,-0.000925,-0.000334,-0.000985,-3e-06,0.0,-2e-06,-0.000571,0.0,-0.000563,-0.000307,-0.0,-0.001025,-0.001207,-5.6e-05,0.0,-7.8e-05,-1e-06,-0.0,-0.00056,0.0,-0.000635,-0.000863,0.0,-8.9e-05,-0.000266,0.0,-0.001202,-0.000136,-0.0,-9e-05,0.0,-1.2e-05,-0.000227,-8.2e-05,-0.000109,-0.000158,0.0,-1e-06,-0.000273,-0.000598,-0.001021,-0.0,0.0,-5e-06,-0.0,0.0,-8.4e-05,-0.000232,-0.001083,-0.00058,0.0,-8e-06,-0.001069,-1.8e-05,-0.000124,0.0,-3.2e-05,-5.1e-05,-4e-06,-1e-06,-0.000368,-0.000958,0.0,-1e-05,0.0,-0.00019,-0.0,-0.000462,0.0,-0.000268,-0.001047,-6e-06,-4e-06,-0.000295,-0.0,-1e-06,0.0,-6e-06,-0.000614,-0.000885,0.0,-0.000543,-0.000356,-0.001155,-0.001185,0.0,-0.001003,-2e-06,-0.000824,-3.2e-05,0.0,-0.000111,-0.001535,-0.000806,-0.000666,-0.00075,-0.001236,-0.000141,-6.2e-05,-2e-05,-0.0,-3.7e-05,-0.00011,-0.000502,-0.000665
2017-05-30 18:00:00+02:00,0.0,0.0,-6e-06,-0.00053,-1.4e-05,-1e-06,-2.6e-05,-6.4e-05,-0.000278,-3e-06,-1e-06,-0.0,-0.000747,-0.00074,-0.000267,-0.000788,-3e-06,0.0,-2e-06,-0.000457,0.0,-0.00045,-0.000246,-0.0,-0.00082,-0.000966,-4.5e-05,0.0,-6.2e-05,-1e-06,-0.0,-0.000448,0.0,-0.000508,-0.000691,0.0,-7.1e-05,-0.000213,0.0,-0.000962,-0.000109,-0.0,-7.2e-05,0.0,-1e-05,-0.000181,-6.6e-05,-8.7e-05,-0.000127,0.0,-0.0,-0.000218,-0.000478,-0.000817,-0.0,0.0,-4e-06,-0.0,0.0,-6.7e-05,-0.000186,-0.000866,-0.000464,0.0,-7e-06,-0.000856,-1.4e-05,-9.9e-05,0.0,-2.6e-05,-4.1e-05,-3e-06,-1e-06,-0.000294,-0.000767,0.0,-8e-06,0.0,-0.000152,-0.0,-0.00037,0.0,-0.000214,-0.000838,-5e-06,-3e-06,-0.000236,-0.0,-1e-06,0.0,-5e-06,-0.000491,-0.000708,0.0,-0.000435,-0.000285,-0.000924,-0.000948,0.0,-0.000802,-1e-06,-0.000659,-2.5e-05,0.0,-8.9e-05,-0.001228,-0.000645,-0.000533,-0.0006,-0.000989,-0.000113,-4.9e-05,-1.6e-05,-0.0,-3e-05,-8.8e-05,-0.000402,-0.000532
2017-05-30 18:01:00+02:00,0.0,0.0,-5e-06,-0.000424,-1.2e-05,-1e-06,-2.1e-05,-5.2e-05,-0.000223,-3e-06,-1e-06,-0.0,-0.000597,-0.000592,-0.000214,-0.00063,-2e-06,0.0,-1e-06,-0.000365,0.0,-0.00036,-0.000197,-0.0,-0.000656,-0.000772,-3.6e-05,0.0,-5e-05,-1e-06,-0.0,-0.000358,0.0,-0.000407,-0.000552,0.0,-5.7e-05,-0.00017,0.0,-0.000769,-8.7e-05,-0.0,-5.7e-05,0.0,-8e-06,-0.000145,-5.3e-05,-7e-05,-0.000101,0.0,-0.0,-0.000175,-0.000383,-0.000654,-0.0,0.0,-3e-06,-0.0,0.0,-5.4e-05,-0.000149,-0.000693,-0.000371,0.0,-5e-06,-0.000684,-1.1e-05,-7.9e-05,0.0,-2e-05,-3.3e-05,-2e-06,-1e-06,-0.000236,-0.000613,0.0,-6e-06,0.0,-0.000121,-0.0,-0.000296,0.0,-0.000171,-0.00067,-4e-06,-3e-06,-0.000189,-0.0,-1e-06,0.0,-4e-06,-0.000393,-0.000566,0.0,-0.000348,-0.000228,-0.000739,-0.000759,0.0,-0.000642,-1e-06,-0.000528,-2e-05,0.0,-7.1e-05,-0.000983,-0.000516,-0.000426,-0.00048,-0.000791,-9e-05,-3.9e-05,-1.3e-05,-0.0,-2.4e-05,-7e-05,-0.000321,-0.000426
2017-05-30 18:02:00+02:00,0.0,0.0,-4e-06,-0.000339,-9e-06,-1e-06,-1.7e-05,-4.1e-05,-0.000188,-2e-06,-0.0,-0.0,-0.000518,-0.000511,-0.000171,-0.000504,-2e-06,0.0,-1e-06,-0.000292,0.0,-0.000288,-0.000157,-0.0,-0.000556,-0.000643,-2.9e-05,0.0,-4e-05,-1e-06,-0.0,-0.0003,0.0,-0.000337,-0.000473,0.0,-4.6e-05,-0.000136,0.0,-0.000661,-7e-05,-0.0,-4.6e-05,0.0,-6e-06,-0.000116,-4.2e-05,-5.6e-05,-8.1e-05,0.0,-0.0,-0.00014,-0.000306,-0.000568,-0.0,0.0,-3e-06,-0.0,0.0,-4.3e-05,-0.000119,-0.000589,-0.000297,0.0,-4e-06,-0.000556,-9e-06,-6.3e-05,0.0,-1.6e-05,-2.6e-05,-2e-06,-1e-06,-0.000188,-0.000528,0.0,-5e-06,0.0,-9.7e-05,-0.0,-0.000237,0.0,-0.000137,-0.00057,-3e-06,-2e-06,-0.000163,-0.0,-0.0,0.0,-3e-06,-0.000323,-0.000489,0.0,-0.000278,-0.000182,-0.000618,-0.000634,0.0,-0.000537,-1e-06,-0.000422,-1.6e-05,0.0,-5.7e-05,-0.000857,-0.000446,-0.000341,-0.000384,-0.000662,-7.2e-05,-3.2e-05,-1e-05,-0.0,-1.9e-05,-5.6e-05,-0.000257,-0.000366
2017-05-30 18:03:00+02:00,0.0,0.0,-3e-06,-0.000271,-7e-06,-1e-06,-1.4e-05,-3.3e-05,-0.000154,-2e-06,-0.0,-0.0,-0.00044,-0.000429,-0.000137,-0.000403,-1e-06,0.0,-1e-06,-0.000234,0.0,-0.000231,-0.000126,-0.0,-0.000457,-0.000514,-2.3e-05,0.0,-3.2e-05,-1e-06,-0.0,-0.000245,0.0,-0.000271,-0.000393,0.0,-3.6e-05,-0.000109,0.0,-0.000552,-5.6e-05,-0.0,-3.7e-05,0.0,-5e-06,-9.3e-05,-3.4e-05,-4.5e-05,-6.5e-05,0.0,-0.0,-0.000112,-0.000245,-0.000481,-0.0,0.0,-2e-06,-0.0,0.0,-3.5e-05,-9.5e-05,-0.000487,-0.000238,0.0,-3e-06,-0.000445,-7e-06,-5.1e-05,0.0,-1.3e-05,-2.1e-05,-2e-06,-1e-06,-0.000151,-0.000443,0.0,-4e-06,0.0,-7.8e-05,-0.0,-0.000189,0.0,-0.00011,-0.000471,-2e-06,-2e-06,-0.000139,-0.0,-0.0,0.0,-2e-06,-0.000258,-0.000412,0.0,-0.000223,-0.000146,-0.000494,-0.000508,0.0,-0.000437,-1e-06,-0.000338,-1.3e-05,0.0,-4.6e-05,-0.000731,-0.000378,-0.000273,-0.000307,-0.00053,-5.8e-05,-2.5e-05,-8e-06,-0.0,-1.5e-05,-4.5e-05,-0.000206,-0.000309
2017-05-30 18:04:00+02:00,0.0,0.0,-2e-06,-0.000217,-6e-06,-1e-06,-1.1e-05,-2.6e-05,-0.000123,-1e-06,-0.0,-0.0,-0.000352,-0.000344,-0.000109,-0.000323,-1e-06,0.0,-1e-06,-0.000187,0.0,-0.000184,-0.000101,-0.0,-0.000365,-0.000412,-1.8e-05,0.0,-2.6e-05,-0.0,-0.0,-0.000196,0.0,-0.000217,-0.000315,0.0,-2.9e-05,-8.7e-05,0.0,-0.000442,-4.5e-05,-0.0,-2.9e-05,0.0,-4e-06,-7.4e-05,-2.7e-05,-3.6e-05,-5.2e-05,0.0,-0.0,-8.9e-05,-0.000196,-0.000385,-0.0,0.0,-2e-06,-0.0,0.0,-2.8e-05,-7.6e-05,-0.000389,-0.00019,0.0,-3e-06,-0.000356,-6e-06,-4e-05,0.0,-1e-05,-1.7e-05,-1e-06,-0.0,-0.000121,-0.000354,0.0,-3e-06,0.0,-6.2e-05,-0.0,-0.000151,0.0,-8.8e-05,-0.000377,-2e-06,-1e-06,-0.000112,-0.0,-0.0,0.0,-2e-06,-0.000207,-0.00033,0.0,-0.000178,-0.000117,-0.000395,-0.000406,0.0,-0.000349,-1e-06,-0.00027,-1e-05,0.0,-3.6e-05,-0.000585,-0.000302,-0.000218,-0.000246,-0.000424,-4.6e-05,-2e-05,-7e-06,-0.0,-1.2e-05,-3.6e-05,-0.000165,-0.000247
2017-05-30 18:05:00+02:00,0.0,0.0,-2e-06,-0.000174,-5e-06,-0.0,-9e-06,-2.1e-05,-9.9e-05,-1e-06,-0.0,-0.0,-0.000281,-0.000275,-8.7e-05,-0.000258,-1e-06,0.0,-1e-06,-0.00015,0.0,-0.000148,-8.1e-05,-0.0,-0.000292,-0.000329,-1.5e-05,0.0,-2e-05,-0.0,-0.0,-0.000157,0.0,-0.000173,-0.000252,0.0,-2.3e-05,-7e-05,0.0,-0.000353,-3.6e-05,-0.0,-2.4e-05,0.0,-3e-06,-5.9e-05,-2.2e-05,-2.9e-05,-4.1e-05,0.0,-0.0,-7.2e-05,-0.000157,-0.000308,-0.0,0.0,-1e-06,-0.0,0.0,-2.2e-05,-6.1e-05,-0.000312,-0.000152,0.0,-2e-06,-0.000285,-5e-06,-3.2e-05,0.0,-8e-06,-1.3e-05,-1e-06,-0.0,-9.6e-05,-0.000284,0.0,-2e-06,0.0,-5e-05,-0.0,-0.000121,0.0,-7e-05,-0.000302,-1e-06,-1e-06,-8.9e-05,-0.0,-0.0,0.0,-2e-06,-0.000165,-0.000264,0.0,-0.000142,-9.3e-05,-0.000316,-0.000325,0.0,-0.000279,-0.0,-0.000216,-8e-06,0.0,-2.9e-05,-0.000468,-0.000242,-0.000174,-0.000197,-0.000339,-3.7e-05,-1.6e-05,-5e-06,-0.0,-1e-05,-2.9e-05,-0.000132,-0.000198
2017-05-30 18:06:00+02:00,0.0,0.0,-2e-06,-0.000139,-4e-06,-0.0,-7e-06,-1.7e-05,-7.9e-05,-1e-06,-0.0,-0.0,-0.000225,-0.00022,-7e-05,-0.000207,-1e-06,0.0,-0.0,-0.00012,0.0,-0.000118,-6.4e-05,-0.0,-0.000234,-0.000263,-1.2e-05,0.0,-1.6e-05,-0.0,-0.0,-0.000125,0.0,-0.000139,-0.000201,0.0,-1.9e-05,-5.6e-05,0.0,-0.000283,-2.9e-05,-0.0,-1.9e-05,0.0,-3e-06,-4.8e-05,-1.7e-05,-2.3e-05,-3.3e-05,0.0,-0.0,-5.7e-05,-0.000125,-0.000246,-0.0,0.0,-1e-06,-0.0,0.0,-1.8e-05,-4.9e-05,-0.000249,-0.000122,0.0,-2e-06,-0.000228,-4e-06,-2.6e-05,0.0,-7e-06,-1.1e-05,-1e-06,-0.0,-7.7e-05,-0.000227,0.0,-2e-06,0.0,-4e-05,-0.0,-9.7e-05,0.0,-5.6e-05,-0.000241,-1e-06,-1e-06,-7.1e-05,-0.0,-0.0,0.0,-1e-06,-0.000132,-0.000211,0.0,-0.000114,-7.5e-05,-0.000253,-0.00026,0.0,-0.000224,-0.0,-0.000173,-7e-06,0.0,-2.3e-05,-0.000374,-0.000193,-0.00014,-0.000157,-0.000271,-3e-05,-1.3e-05,-4e-06,-0.0,-8e-06,-2.3e-05,-0.000105,-0.000158
2017-05-30 18:07:00+02:00,0.0,0.0,-1e-06,-0.000111,-3e-06,-0.0,-6e-06,-1.4e-05,-6.3e-05,-1e-06,-0.0,-0.0,-0.00018,-0.000176,-5.6e-05,-0.000165,-1e-06,0.0,-0.0,-9.6e-05,0.0,-9.4e-05,-5.2e-05,-0.0,-0.000187,-0.000211,-9e-06,0.0,-1.3e-05,-0.0,-0.0,-0.0001,0.0,-0.000111,-0.000161,0.0,-1.5e-05,-4.5e-05,0.0,-0.000226,-2.3e-05,-0.0,-1.5e-05,0.0,-2e-06,-3.8e-05,-1.4e-05,-1.8e-05,-2.7e-05,0.0,-0.0,-4.6e-05,-0.0001,-0.000197,-0.0,0.0,-1e-06,-0.0,0.0,-1.4e-05,-3.9e-05,-0.000199,-9.7e-05,0.0,-1e-06,-0.000182,-3e-06,-2.1e-05,0.0,-5e-06,-9e-06,-1e-06,-0.0,-6.2e-05,-0.000181,0.0,-2e-06,0.0,-3.2e-05,-0.0,-7.8e-05,0.0,-4.5e-05,-0.000193,-1e-06,-1e-06,-5.7e-05,-0.0,-0.0,0.0,-1e-06,-0.000106,-0.000169,0.0,-9.1e-05,-6e-05,-0.000202,-0.000208,0.0,-0.000179,-0.0,-0.000138,-5e-06,0.0,-1.9e-05,-0.0003,-0.000155,-0.000112,-0.000126,-0.000217,-2.4e-05,-1e-05,-3e-06,-0.0,-6e-06,-1.8e-05,-8.4e-05,-0.000127
2017-05-30 18:08:00+02:00,0.0,0.0,-1e-06,-8.9e-05,-2e-06,-0.0,-4e-06,-1.1e-05,-5.1e-05,-1e-06,-0.0,-0.0,-0.000144,-0.000141,-4.5e-05,-0.000132,-0.0,0.0,-0.0,-7.7e-05,0.0,-7.6e-05,-4.1e-05,-0.0,-0.00015,-0.000169,-8e-06,0.0,-1e-05,-0.0,-0.0,-8e-05,0.0,-8.9e-05,-0.000129,0.0,-1.2e-05,-3.6e-05,0.0,-0.000181,-1.8e-05,-0.0,-1.2e-05,0.0,-2e-06,-3e-05,-1.1e-05,-1.5e-05,-2.1e-05,0.0,-0.0,-3.7e-05,-8e-05,-0.000158,-0.0,0.0,-1e-06,-0.0,0.0,-1.1e-05,-3.1e-05,-0.00016,-7.8e-05,0.0,-1e-06,-0.000146,-2e-06,-1.7e-05,0.0,-4e-06,-7e-06,-0.0,-0.0,-4.9e-05,-0.000145,0.0,-1e-06,0.0,-2.5e-05,-0.0,-6.2e-05,0.0,-3.6e-05,-0.000154,-1e-06,-1e-06,-4.6e-05,-0.0,-0.0,0.0,-1e-06,-8.5e-05,-0.000135,0.0,-7.3e-05,-4.8e-05,-0.000162,-0.000166,0.0,-0.000143,-0.0,-0.000111,-4e-06,0.0,-1.5e-05,-0.00024,-0.000124,-8.9e-05,-0.000101,-0.000174,-1.9e-05,-8e-06,-3e-06,-0.0,-5e-06,-1.5e-05,-6.7e-05,-0.000101
2017-05-30 18:09:00+02:00,0.0,0.0,-1e-06,-7.1e-05,-2e-06,-0.0,-4e-06,-9e-06,-4e-05,-0.0,-0.0,-0.0,-0.000115,-0.000113,-3.6e-05,-0.000106,-0.0,0.0,-0.0,-6.1e-05,0.0,-6e-05,-3.3e-05,-0.0,-0.00012,-0.000135,-6e-06,0.0,-8e-06,-0.0,-0.0,-6.4e-05,0.0,-7.1e-05,-0.000103,0.0,-1e-05,-2.9e-05,0.0,-0.000145,-1.5e-05,-0.0,-1e-05,0.0,-1e-06,-2.4e-05,-9e-06,-1.2e-05,-1.7e-05,0.0,-0.0,-2.9e-05,-6.4e-05,-0.000126,-0.0,0.0,-1e-06,-0.0,0.0,-9e-06,-2.5e-05,-0.000128,-6.2e-05,0.0,-1e-06,-0.000117,-2e-06,-1.3e-05,0.0,-3e-06,-5e-06,-0.0,-0.0,-4e-05,-0.000116,0.0,-1e-06,0.0,-2e-05,-0.0,-5e-05,0.0,-2.9e-05,-0.000124,-1e-06,-0.0,-3.7e-05,-0.0,-0.0,0.0,-1e-06,-6.8e-05,-0.000108,0.0,-5.8e-05,-3.8e-05,-0.00013,-0.000133,0.0,-0.000114,-0.0,-8.9e-05,-3e-06,0.0,-1.2e-05,-0.000192,-9.9e-05,-7.1e-05,-8.1e-05,-0.000139,-1.5e-05,-7e-06,-2e-06,-0.0,-4e-06,-1.2e-05,-5.4e-05,-8.1e-05
2017-05-30 18:10:00+02:00,0.0,0.0,-1e-06,-5.7e-05,-2e-06,-0.0,-3e-06,-7e-06,-3.2e-05,-0.0,-0.0,-0.0,-9.2e-05,-9e-05,-2.9e-05,-8.5e-05,-0.0,0.0,-0.0,-4.9e-05,0.0,-4.8e-05,-2.6e-05,-0.0,-9.6e-05,-0.000108,-5e-06,0.0,-7e-06,-0.0,-0.0,-5.1e-05,0.0,-5.7e-05,-8.2e-05,0.0,-8e-06,-2.3e-05,0.0,-0.000116,-1.2e-05,-0.0,-8e-06,0.0,-1e-06,-1.9e-05,-7e-06,-9e-06,-1.4e-05,0.0,-0.0,-2.3e-05,-5.1e-05,-0.000101,-0.0,0.0,-0.0,-0.0,0.0,-7e-06,-2e-05,-0.000102,-5e-05,0.0,-1e-06,-9.3e-05,-2e-06,-1.1e-05,0.0,-3e-06,-4e-06,-0.0,-0.0,-3.2e-05,-9.3e-05,0.0,-1e-06,0.0,-1.6e-05,-0.0,-4e-05,0.0,-2.3e-05,-9.9e-05,-0.0,-0.0,-2.9e-05,-0.0,-0.0,0.0,-1e-06,-5.4e-05,-8.6e-05,0.0,-4.7e-05,-3.1e-05,-0.000104,-0.000106,0.0,-9.2e-05,-0.0,-7.1e-05,-3e-06,0.0,-1e-05,-0.000153,-7.9e-05,-5.7e-05,-6.4e-05,-0.000111,-1.2e-05,-5e-06,-2e-06,-0.0,-3e-06,-9e-06,-4.3e-05,-6.5e-05
2017-05-30 18:11:00+02:00,0.0,0.0,-1e-06,-4.5e-05,-1e-06,-0.0,-2e-06,-6e-06,-2.6e-05,-0.0,-0.0,-0.0,-7.4e-05,-7.2e-05,-2.3e-05,-6.8e-05,-0.0,0.0,-0.0,-3.9e-05,0.0,-3.9e-05,-2.1e-05,-0.0,-7.7e-05,-8.6e-05,-4e-06,0.0,-5e-06,-0.0,-0.0,-4.1e-05,0.0,-4.5e-05,-6.6e-05,0.0,-6e-06,-1.8e-05,0.0,-9.3e-05,-9e-06,-0.0,-6e-06,0.0,-1e-06,-1.6e-05,-6e-06,-7e-06,-1.1e-05,0.0,-0.0,-1.9e-05,-4.1e-05,-8.1e-05,-0.0,0.0,-0.0,-0.0,0.0,-6e-06,-1.6e-05,-8.2e-05,-4e-05,0.0,-1e-06,-7.5e-05,-1e-06,-8e-06,0.0,-2e-06,-3e-06,-0.0,-0.0,-2.5e-05,-7.4e-05,0.0,-1e-06,0.0,-1.3e-05,-0.0,-3.2e-05,0.0,-1.8e-05,-7.9e-05,-0.0,-0.0,-2.3e-05,-0.0,-0.0,0.0,-0.0,-4.3e-05,-6.9e-05,0.0,-3.7e-05,-2.4e-05,-8.3e-05,-8.5e-05,0.0,-7.3e-05,-0.0,-5.7e-05,-2e-06,0.0,-8e-06,-0.000123,-6.3e-05,-4.6e-05,-5.2e-05,-8.9e-05,-1e-05,-4e-06,-1e-06,-0.0,-3e-06,-8e-06,-3.5e-05,-5.2e-05
2017-05-30 18:12:00+02:00,0.0,0.0,-0.0,-3.6e-05,-1e-06,-0.0,-2e-06,-4e-06,-2.1e-05,-0.0,-0.0,-0.0,-5.9e-05,-5.8e-05,-1.8e-05,-5.4e-05,-0.0,0.0,-0.0,-3.1e-05,0.0,-3.1e-05,-1.7e-05,-0.0,-6.1e-05,-6.9e-05,-3e-06,0.0,-4e-06,-0.0,-0.0,-3.3e-05,0.0,-3.6e-05,-5.3e-05,0.0,-5e-06,-1.5e-05,0.0,-7.4e-05,-7e-06,-0.0,-5e-06,0.0,-1e-06,-1.2e-05,-5e-06,-6e-06,-9e-06,0.0,-0.0,-1.5e-05,-3.3e-05,-6.5e-05,-0.0,0.0,-0.0,-0.0,0.0,-5e-06,-1.3e-05,-6.5e-05,-3.2e-05,0.0,-0.0,-6e-05,-1e-06,-7e-06,0.0,-2e-06,-3e-06,-0.0,-0.0,-2e-05,-5.9e-05,0.0,-1e-06,0.0,-1e-05,-0.0,-2.5e-05,0.0,-1.5e-05,-6.3e-05,-0.0,-0.0,-1.9e-05,-0.0,-0.0,0.0,-0.0,-3.5e-05,-5.5e-05,0.0,-3e-05,-2e-05,-6.6e-05,-6.8e-05,0.0,-5.9e-05,-0.0,-4.5e-05,-2e-06,0.0,-6e-06,-9.8e-05,-5.1e-05,-3.7e-05,-4.1e-05,-7.1e-05,-8e-06,-3e-06,-1e-06,-0.0,-2e-06,-6e-06,-2.8e-05,-4.2e-05
2017-05-30 18:13:00+02:00,0.0,0.0,-0.0,-2.9e-05,-1e-06,-0.0,-1e-06,-4e-06,-1.7e-05,-0.0,-0.0,-0.0,-4.7e-05,-4.6e-05,-1.5e-05,-4.3e-05,-0.0,0.0,-0.0,-2.5e-05,0.0,-2.5e-05,-1.4e-05,-0.0,-4.9e-05,-5.5e-05,-2e-06,0.0,-3e-06,-0.0,-0.0,-2.6e-05,0.0,-2.9e-05,-4.2e-05,0.0,-4e-06,-1.2e-05,0.0,-5.9e-05,-6e-06,-0.0,-4e-06,0.0,-1e-06,-1e-05,-4e-06,-5e-06,-7e-06,0.0,-0.0,-1.2e-05,-2.6e-05,-5.2e-05,-0.0,0.0,-0.0,-0.0,0.0,-4e-06,-1e-05,-5.2e-05,-2.6e-05,0.0,-0.0,-4.8e-05,-1e-06,-5e-06,0.0,-1e-06,-2e-06,-0.0,-0.0,-1.6e-05,-4.8e-05,0.0,-0.0,0.0,-8e-06,-0.0,-2e-05,0.0,-1.2e-05,-5.1e-05,-0.0,-0.0,-1.5e-05,-0.0,-0.0,0.0,-0.0,-2.8e-05,-4.4e-05,0.0,-2.4e-05,-1.6e-05,-5.3e-05,-5.4e-05,0.0,-4.7e-05,-0.0,-3.6e-05,-1e-06,0.0,-5e-06,-7.9e-05,-4.1e-05,-2.9e-05,-3.3e-05,-5.7e-05,-6e-06,-3e-06,-1e-06,-0.0,-2e-06,-5e-06,-2.2e-05,-3.3e-05
2017-05-30 18:14:00+02:00,0.0,0.0,-0.0,-2.3e-05,-1e-06,-0.0,-1e-06,-3e-06,-1.3e-05,-0.0,-0.0,-0.0,-3.8e-05,-3.7e-05,-1.2e-05,-3.5e-05,-0.0,0.0,-0.0,-2e-05,0.0,-2e-05,-1.1e-05,-0.0,-3.9e-05,-4.4e-05,-2e-06,0.0,-3e-06,-0.0,-0.0,-2.1e-05,0.0,-2.3e-05,-3.4e-05,0.0,-3e-06,-9e-06,0.0,-4.7e-05,-5e-06,-0.0,-3e-06,0.0,-0.0,-8e-06,-3e-06,-4e-06,-6e-06,0.0,-0.0,-1e-05,-2.1e-05,-4.1e-05,-0.0,0.0,-0.0,-0.0,0.0,-3e-06,-8e-06,-4.2e-05,-2e-05,0.0,-0.0,-3.8e-05,-1e-06,-4e-06,0.0,-1e-06,-2e-06,-0.0,-0.0,-1.3e-05,-3.8e-05,0.0,-0.0,0.0,-7e-06,-0.0,-1.6e-05,0.0,-9e-06,-4e-05,-0.0,-0.0,-1.2e-05,-0.0,-0.0,0.0,-0.0,-2.2e-05,-3.5e-05,0.0,-1.9e-05,-1.3e-05,-4.2e-05,-4.4e-05,0.0,-3.7e-05,-0.0,-2.9e-05,-1e-06,0.0,-4e-06,-6.3e-05,-3.2e-05,-2.3e-05,-2.6e-05,-4.5e-05,-5e-06,-2e-06,-1e-06,-0.0,-1e-06,-4e-06,-1.8e-05,-2.7e-05
2017-05-30 18:15:00+02:00,0.0,0.0,-0.0,-1.9e-05,-1e-06,-0.0,-1e-06,-2e-06,-1.1e-05,-0.0,-0.0,-0.0,-3e-05,-3e-05,-9e-06,-2.8e-05,-0.0,0.0,-0.0,-1.6e-05,0.0,-1.6e-05,-9e-06,-0.0,-3.1e-05,-3.5e-05,-2e-06,0.0,-2e-06,-0.0,-0.0,-1.7e-05,0.0,-1.9e-05,-2.7e-05,0.0,-3e-06,-7e-06,0.0,-3.8e-05,-4e-06,-0.0,-3e-06,0.0,-0.0,-6e-06,-2e-06,-3e-06,-4e-06,0.0,-0.0,-8e-06,-1.7e-05,-3.3e-05,-0.0,0.0,-0.0,-0.0,0.0,-2e-06,-7e-06,-3.3e-05,-1.6e-05,0.0,-0.0,-3.1e-05,-0.0,-3e-06,0.0,-1e-06,-1e-06,-0.0,-0.0,-1e-05,-3e-05,0.0,-0.0,0.0,-5e-06,-0.0,-1.3e-05,0.0,-8e-06,-3.2e-05,-0.0,-0.0,-1e-05,-0.0,-0.0,0.0,-0.0,-1.8e-05,-2.8e-05,0.0,-1.5e-05,-1e-05,-3.4e-05,-3.5e-05,0.0,-3e-05,-0.0,-2.3e-05,-1e-06,0.0,-3e-06,-5e-05,-2.6e-05,-1.9e-05,-2.1e-05,-3.6e-05,-4e-06,-2e-06,-1e-06,-0.0,-1e-06,-3e-06,-1.4e-05,-2.1e-05
2017-05-30 18:16:00+02:00,0.0,0.0,-0.0,-1.5e-05,-0.0,-0.0,-1e-06,-2e-06,-8e-06,-0.0,-0.0,-0.0,-2.4e-05,-2.4e-05,-8e-06,-2.2e-05,-0.0,0.0,-0.0,-1.3e-05,0.0,-1.3e-05,-7e-06,-0.0,-2.5e-05,-2.8e-05,-1e-06,0.0,-2e-06,-0.0,-0.0,-1.3e-05,0.0,-1.5e-05,-2.2e-05,0.0,-2e-06,-6e-06,0.0,-3e-05,-3e-06,-0.0,-2e-06,0.0,-0.0,-5e-06,-2e-06,-2e-06,-4e-06,0.0,-0.0,-6e-06,-1.3e-05,-2.6e-05,-0.0,0.0,-0.0,-0.0,0.0,-2e-06,-5e-06,-2.7e-05,-1.3e-05,0.0,-0.0,-2.4e-05,-0.0,-3e-06,0.0,-1e-06,-1e-06,-0.0,-0.0,-8e-06,-2.4e-05,0.0,-0.0,0.0,-4e-06,-0.0,-1e-05,0.0,-6e-06,-2.6e-05,-0.0,-0.0,-8e-06,-0.0,-0.0,0.0,-0.0,-1.4e-05,-2.3e-05,0.0,-1.2e-05,-8e-06,-2.7e-05,-2.8e-05,0.0,-2.4e-05,-0.0,-1.9e-05,-1e-06,0.0,-3e-06,-4e-05,-2.1e-05,-1.5e-05,-1.7e-05,-2.9e-05,-3e-06,-1e-06,-0.0,-0.0,-1e-06,-2e-06,-1.1e-05,-1.7e-05
2017-05-30 18:17:00+02:00,0.0,0.0,-0.0,-1.2e-05,-0.0,-0.0,-1e-06,-1e-06,-7e-06,-0.0,-0.0,-0.0,-1.9e-05,-1.9e-05,-6e-06,-1.8e-05,-0.0,0.0,-0.0,-1e-05,0.0,-1e-05,-6e-06,-0.0,-2e-05,-2.3e-05,-1e-06,0.0,-1e-06,-0.0,-0.0,-1.1e-05,0.0,-1.2e-05,-1.7e-05,0.0,-2e-06,-5e-06,0.0,-2.4e-05,-2e-06,-0.0,-2e-06,0.0,-0.0,-4e-06,-1e-06,-2e-06,-3e-06,0.0,-0.0,-5e-06,-1.1e-05,-2.1e-05,-0.0,0.0,-0.0,-0.0,0.0,-2e-06,-4e-06,-2.1e-05,-1e-05,0.0,-0.0,-2e-05,-0.0,-2e-06,0.0,-1e-06,-1e-06,-0.0,-0.0,-7e-06,-1.9e-05,0.0,-0.0,0.0,-3e-06,-0.0,-8e-06,0.0,-5e-06,-2.1e-05,-0.0,-0.0,-6e-06,-0.0,-0.0,0.0,-0.0,-1.1e-05,-1.8e-05,0.0,-1e-05,-6e-06,-2.2e-05,-2.2e-05,0.0,-1.9e-05,-0.0,-1.5e-05,-1e-06,0.0,-2e-06,-3.2e-05,-1.7e-05,-1.2e-05,-1.4e-05,-2.3e-05,-3e-06,-1e-06,-0.0,-0.0,-1e-06,-2e-06,-9e-06,-1.4e-05
2017-05-30 18:18:00+02:00,0.0,0.0,-0.0,-1e-05,-0.0,-0.0,-0.0,-1e-06,-5e-06,-0.0,-0.0,-0.0,-1.5e-05,-1.5e-05,-5e-06,-1.4e-05,-0.0,0.0,-0.0,-8e-06,0.0,-8e-06,-4e-06,-0.0,-1.6e-05,-1.8e-05,-1e-06,0.0,-1e-06,-0.0,-0.0,-9e-06,0.0,-1e-05,-1.4e-05,0.0,-1e-06,-4e-06,0.0,-1.9e-05,-2e-06,-0.0,-1e-06,0.0,-0.0,-3e-06,-1e-06,-2e-06,-2e-06,0.0,-0.0,-4e-06,-9e-06,-1.7e-05,-0.0,0.0,-0.0,-0.0,0.0,-1e-06,-3e-06,-1.7e-05,-8e-06,0.0,-0.0,-1.6e-05,-0.0,-2e-06,0.0,-0.0,-1e-06,-0.0,-0.0,-5e-06,-1.6e-05,0.0,-0.0,0.0,-3e-06,-0.0,-7e-06,0.0,-4e-06,-1.7e-05,-0.0,-0.0,-5e-06,-0.0,-0.0,0.0,-0.0,-9e-06,-1.5e-05,0.0,-8e-06,-5e-06,-1.7e-05,-1.8e-05,0.0,-1.5e-05,-0.0,-1.2e-05,-0.0,0.0,-2e-06,-2.6e-05,-1.3e-05,-1e-05,-1.1e-05,-1.9e-05,-2e-06,-1e-06,-0.0,-0.0,-1e-06,-2e-06,-7e-06,-1.1e-05
2017-05-30 18:19:00+02:00,0.0,0.0,-0.0,-8e-06,-0.0,-0.0,-0.0,-1e-06,-4e-06,-0.0,-0.0,-0.0,-1.2e-05,-1.2e-05,-4e-06,-1.1e-05,-0.0,0.0,-0.0,-7e-06,0.0,-6e-06,-4e-06,-0.0,-1.3e-05,-1.4e-05,-1e-06,0.0,-1e-06,-0.0,-0.0,-7e-06,0.0,-8e-06,-1.1e-05,0.0,-1e-06,-3e-06,0.0,-1.6e-05,-2e-06,-0.0,-1e-06,0.0,-0.0,-3e-06,-1e-06,-1e-06,-2e-06,0.0,-0.0,-3e-06,-7e-06,-1.4e-05,-0.0,0.0,-0.0,-0.0,0.0,-1e-06,-3e-06,-1.4e-05,-7e-06,0.0,-0.0,-1.3e-05,-0.0,-1e-06,0.0,-0.0,-1e-06,-0.0,-0.0,-4e-06,-1.2e-05,0.0,-0.0,0.0,-2e-06,-0.0,-5e-06,0.0,-3e-06,-1.3e-05,-0.0,-0.0,-4e-06,-0.0,-0.0,0.0,-0.0,-7e-06,-1.2e-05,0.0,-6e-06,-4e-06,-1.4e-05,-1.4e-05,0.0,-1.2e-05,-0.0,-1e-05,-0.0,0.0,-1e-06,-2.1e-05,-1.1e-05,-8e-06,-9e-06,-1.5e-05,-2e-06,-1e-06,-0.0,-0.0,-0.0,-1e-06,-6e-06,-9e-06
2017-05-30 18:20:00+02:00,0.0,0.0,-0.0,-6e-06,-0.0,-0.0,-0.0,-1e-06,-3e-06,-0.0,-0.0,-0.0,-1e-05,-1e-05,-3e-06,-9e-06,-0.0,0.0,-0.0,-5e-06,0.0,-5e-06,-3e-06,-0.0,-1e-05,-1.2e-05,-1e-06,0.0,-1e-06,-0.0,-0.0,-6e-06,0.0,-6e-06,-9e-06,0.0,-1e-06,-2e-06,0.0,-1.2e-05,-1e-06,-0.0,-1e-06,0.0,-0.0,-2e-06,-1e-06,-1e-06,-1e-06,0.0,-0.0,-3e-06,-6e-06,-1.1e-05,-0.0,0.0,-0.0,-0.0,0.0,-1e-06,-2e-06,-1.1e-05,-5e-06,0.0,-0.0,-1e-05,-0.0,-1e-06,0.0,-0.0,-0.0,-0.0,-0.0,-3e-06,-1e-05,0.0,-0.0,0.0,-2e-06,-0.0,-4e-06,0.0,-2e-06,-1.1e-05,-0.0,-0.0,-3e-06,-0.0,-0.0,0.0,-0.0,-6e-06,-9e-06,0.0,-5e-06,-3e-06,-1.1e-05,-1.1e-05,0.0,-1e-05,-0.0,-8e-06,-0.0,0.0,-1e-06,-1.6e-05,-9e-06,-6e-06,-7e-06,-1.2e-05,-1e-06,-1e-06,-0.0,-0.0,-0.0,-1e-06,-5e-06,-7e-06
2017-05-30 18:21:00+02:00,0.0,0.0,-0.0,-5e-06,-0.0,-0.0,-0.0,-1e-06,-3e-06,-0.0,-0.0,-0.0,-8e-06,-8e-06,-2e-06,-7e-06,-0.0,0.0,-0.0,-4e-06,0.0,-4e-06,-2e-06,-0.0,-8e-06,-9e-06,-0.0,0.0,-1e-06,-0.0,-0.0,-4e-06,0.0,-5e-06,-7e-06,0.0,-1e-06,-2e-06,0.0,-1e-05,-1e-06,-0.0,-1e-06,0.0,-0.0,-2e-06,-1e-06,-1e-06,-1e-06,0.0,-0.0,-2e-06,-4e-06,-9e-06,-0.0,0.0,-0.0,-0.0,0.0,-1e-06,-2e-06,-9e-06,-4e-06,0.0,-0.0,-8e-06,-0.0,-1e-06,0.0,-0.0,-0.0,-0.0,-0.0,-3e-06,-8e-06,0.0,-0.0,0.0,-1e-06,-0.0,-3e-06,0.0,-2e-06,-8e-06,-0.0,-0.0,-3e-06,-0.0,-0.0,0.0,-0.0,-5e-06,-7e-06,0.0,-4e-06,-3e-06,-9e-06,-9e-06,0.0,-8e-06,-0.0,-6e-06,-0.0,0.0,-1e-06,-1.3e-05,-7e-06,-5e-06,-6e-06,-1e-05,-1e-06,-0.0,-0.0,-0.0,-0.0,-1e-06,-4e-06,-6e-06
2017-05-30 18:22:00+02:00,0.0,0.0,-0.0,-4e-06,-0.0,-0.0,-0.0,-0.0,-2e-06,-0.0,-0.0,-0.0,-6e-06,-6e-06,-2e-06,-6e-06,-0.0,0.0,-0.0,-3e-06,0.0,-3e-06,-2e-06,-0.0,-7e-06,-7e-06,-0.0,0.0,-0.0,-0.0,-0.0,-4e-06,0.0,-4e-06,-6e-06,0.0,-1e-06,-2e-06,0.0,-8e-06,-1e-06,-0.0,-1e-06,0.0,-0.0,-1e-06,-0.0,-1e-06,-1e-06,0.0,-0.0,-2e-06,-4e-06,-7e-06,-0.0,0.0,-0.0,-0.0,0.0,-0.0,-1e-06,-7e-06,-3e-06,0.0,-0.0,-6e-06,-0.0,-1e-06,0.0,-0.0,-0.0,-0.0,-0.0,-2e-06,-6e-06,0.0,-0.0,0.0,-1e-06,-0.0,-3e-06,0.0,-2e-06,-7e-06,-0.0,-0.0,-2e-06,-0.0,-0.0,0.0,-0.0,-4e-06,-6e-06,0.0,-3e-06,-2e-06,-7e-06,-7e-06,0.0,-6e-06,-0.0,-5e-06,-0.0,0.0,-1e-06,-1.1e-05,-5e-06,-4e-06,-4e-06,-8e-06,-1e-06,-0.0,-0.0,-0.0,-0.0,-1e-06,-3e-06,-4e-06
2017-05-30 18:23:00+02:00,0.0,0.0,-0.0,-3e-06,-0.0,-0.0,-0.0,-0.0,-2e-06,-0.0,-0.0,-0.0,-5e-06,-5e-06,-2e-06,-5e-06,-0.0,0.0,-0.0,-3e-06,0.0,-3e-06,-1e-06,-0.0,-5e-06,-6e-06,-0.0,0.0,-0.0,-0.0,-0.0,-3e-06,0.0,-3e-06,-5e-06,0.0,-0.0,-1e-06,0.0,-6e-06,-1e-06,-0.0,-0.0,0.0,-0.0,-1e-06,-0.0,-1e-06,-1e-06,0.0,-0.0,-1e-06,-3e-06,-6e-06,-0.0,0.0,-0.0,-0.0,0.0,-0.0,-1e-06,-6e-06,-3e-06,0.0,-0.0,-5e-06,-0.0,-1e-06,0.0,-0.0,-0.0,-0.0,-0.0,-2e-06,-5e-06,0.0,-0.0,0.0,-1e-06,-0.0,-2e-06,0.0,-1e-06,-5e-06,-0.0,-0.0,-2e-06,-0.0,-0.0,0.0,-0.0,-3e-06,-5e-06,0.0,-3e-06,-2e-06,-6e-06,-6e-06,0.0,-5e-06,-0.0,-4e-06,-0.0,0.0,-1e-06,-8e-06,-4e-06,-3e-06,-4e-06,-6e-06,-1e-06,-0.0,-0.0,-0.0,-0.0,-1e-06,-2e-06,-4e-06
2017-05-30 18:24:00+02:00,0.0,0.0,-0.0,-3e-06,-0.0,-0.0,-0.0,-0.0,-1e-06,-0.0,-0.0,-0.0,-4e-06,-4e-06,-1e-06,-4e-06,-0.0,0.0,-0.0,-2e-06,0.0,-2e-06,-1e-06,-0.0,-4e-06,-5e-06,-0.0,0.0,-0.0,-0.0,-0.0,-2e-06,0.0,-2e-06,-4e-06,0.0,-0.0,-1e-06,0.0,-5e-06,-1e-06,-0.0,-0.0,0.0,-0.0,-1e-06,-0.0,-0.0,-1e-06,0.0,-0.0,-1e-06,-2e-06,-4e-06,-0.0,0.0,-0.0,-0.0,0.0,-0.0,-1e-06,-4e-06,-2e-06,0.0,-0.0,-4e-06,-0.0,-0.0,0.0,-0.0,-0.0,-0.0,-0.0,-1e-06,-4e-06,0.0,-0.0,0.0,-1e-06,-0.0,-2e-06,0.0,-1e-06,-4e-06,-0.0,-0.0,-1e-06,-0.0,-0.0,0.0,-0.0,-2e-06,-4e-06,0.0,-2e-06,-1e-06,-5e-06,-5e-06,0.0,-4e-06,-0.0,-3e-06,-0.0,0.0,-0.0,-7e-06,-3e-06,-3e-06,-3e-06,-5e-06,-1e-06,-0.0,-0.0,-0.0,-0.0,-0.0,-2e-06,-3e-06
2017-05-30 18:25:00+02:00,0.0,0.0,-0.0,-2e-06,-0.0,-0.0,-0.0,-0.0,-1e-06,-0.0,-0.0,-0.0,-3e-06,-3e-06,-1e-06,-3e-06,-0.0,0.0,-0.0,-2e-06,0.0,-2e-06,-1e-06,-0.0,-3e-06,-4e-06,-0.0,0.0,-0.0,-0.0,-0.0,-2e-06,0.0,-2e-06,-3e-06,0.0,-0.0,-1e-06,0.0,-4e-06,-0.0,-0.0,-0.0,0.0,-0.0,-1e-06,-0.0,-0.0,-0.0,0.0,-0.0,-1e-06,-2e-06,-4e-06,-0.0,0.0,-0.0,-0.0,0.0,-0.0,-1e-06,-4e-06,-2e-06,0.0,-0.0,-3e-06,-0.0,-0.0,0.0,-0.0,-0.0,-0.0,-0.0,-1e-06,-3e-06,0.0,-0.0,0.0,-1e-06,-0.0,-1e-06,0.0,-1e-06,-3e-06,-0.0,-0.0,-1e-06,-0.0,-0.0,0.0,-0.0,-2e-06,-3e-06,0.0,-2e-06,-1e-06,-4e-06,-4e-06,0.0,-3e-06,-0.0,-2e-06,-0.0,0.0,-0.0,-5e-06,-3e-06,-2e-06,-2e-06,-4e-06,-0.0,-0.0,-0.0,-0.0,-0.0,-0.0,-2e-06,-2e-06
2017-05-30 18:26:00+02:00,0.0,0.0,-0.0,-2e-06,-0.0,-0.0,-0.0,-0.0,-1e-06,-0.0,-0.0,-0.0,-3e-06,-3e-06,-1e-06,-2e-06,-0.0,0.0,-0.0,-1e-06,0.0,-1e-06,-1e-06,-0.0,-3e-06,-3e-06,-0.0,0.0,-0.0,-0.0,-0.0,-1e-06,0.0,-2e-06,-2e-06,0.0,-0.0,-1e-06,0.0,-3e-06,-0.0,-0.0,-0.0,0.0,-0.0,-1e-06,-0.0,-0.0,-0.0,0.0,-0.0,-1e-06,-1e-06,-3e-06,-0.0,0.0,-0.0,-0.0,0.0,-0.0,-1e-06,-3e-06,-1e-06,0.0,-0.0,-3e-06,-0.0,-0.0,0.0,-0.0,-0.0,-0.0,-0.0,-1e-06,-3e-06,0.0,-0.0,0.0,-0.0,-0.0,-1e-06,0.0,-1e-06,-3e-06,-0.0,-0.0,-1e-06,-0.0,-0.0,0.0,-0.0,-2e-06,-2e-06,0.0,-1e-06,-1e-06,-3e-06,-3e-06,0.0,-3e-06,-0.0,-2e-06,-0.0,0.0,-0.0,-4e-06,-2e-06,-2e-06,-2e-06,-3e-06,-0.0,-0.0,-0.0,-0.0,-0.0,-0.0,-1e-06,-2e-06
2017-05-30 18:27:00+02:00,0.0,0.0,-0.0,-1e-06,-0.0,-0.0,-0.0,-0.0,-1e-06,-0.0,-0.0,-0.0,-2e-06,-2e-06,-1e-06,-2e-06,-0.0,0.0,-0.0,-1e-06,0.0,-1e-06,-1e-06,-0.0,-2e-06,-2e-06,-0.0,0.0,-0.0,-0.0,-0.0,-1e-06,0.0,-1e-06,-2e-06,0.0,-0.0,-1e-06,0.0,-3e-06,-0.0,-0.0,-0.0,0.0,-0.0,-0.0,-0.0,-0.0,-0.0,0.0,-0.0,-1e-06,-1e-06,-2e-06,-0.0,0.0,-0.0,-0.0,0.0,-0.0,-0.0,-2e-06,-1e-06,0.0,-0.0,-2e-06,-0.0,-0.0,0.0,-0.0,-0.0,-0.0,-0.0,-1e-06,-2e-06,0.0,-0.0,0.0,-0.0,-0.0,-1e-06,0.0,-1e-06,-2e-06,-0.0,-0.0,-1e-06,-0.0,-0.0,0.0,-0.0,-1e-06,-2e-06,0.0,-1e-06,-1e-06,-2e-06,-2e-06,0.0,-2e-06,-0.0,-2e-06,-0.0,0.0,-0.0,-3e-06,-2e-06,-1e-06,-1e-06,-3e-06,-0.0,-0.0,-0.0,-0.0,-0.0,-0.0,-1e-06,-1e-06
2017-05-30 18:28:00+02:00,0.0,0.0,-0.0,-1e-06,-0.0,-0.0,-0.0,-0.0,-1e-06,-0.0,-0.0,-0.0,-2e-06,-2e-06,-1e-06,-2e-06,-0.0,0.0,-0.0,-1e-06,0.0,-1e-06,-0.0,-0.0,-2e-06,-2e-06,-0.0,0.0,-0.0,-0.0,-0.0,-1e-06,0.0,-1e-06,-1e-06,0.0,-0.0,-0.0,0.0,-2e-06,-0.0,-0.0,-0.0,0.0,-0.0,-0.0,-0.0,-0.0,-0.0,0.0,-0.0,-0.0,-1e-06,-2e-06,-0.0,0.0,-0.0,-0.0,0.0,-0.0,-0.0,-2e-06,-1e-06,0.0,-0.0,-2e-06,-0.0,-0.0,0.0,-0.0,-0.0,-0.0,-0.0,-1e-06,-2e-06,0.0,-0.0,0.0,-0.0,-0.0,-1e-06,0.0,-0.0,-2e-06,-0.0,-0.0,-1e-06,-0.0,-0.0,0.0,-0.0,-1e-06,-2e-06,0.0,-1e-06,-1e-06,-2e-06,-2e-06,0.0,-2e-06,-0.0,-1e-06,-0.0,0.0,-0.0,-3e-06,-1e-06,-1e-06,-1e-06,-2e-06,-0.0,-0.0,-0.0,-0.0,-0.0,-0.0,-1e-06,-1e-06
2017-05-30 18:29:00+02:00,0.0,0.0,-0.0,-1e-06,-0.0,-0.0,-0.0,-0.0,-0.0,-0.0,-0.0,-0.0,-1e-06,-1e-06,-0.0,-1e-06,-0.0,0.0,-0.0,-1e-06,0.0,-1e-06,-0.0,-0.0,-1e-06,-2e-06,-0.0,0.0,-0.0,-0.0,-0.0,-1e-06,0.0,-1e-06,-1e-06,0.0,-0.0,-0.0,0.0,-2e-06,-0.0,-0.0,-0.0,0.0,-0.0,-0.0,-0.0,-0.0,-0.0,0.0,-0.0,-0.0,-1e-06,-1e-06,-0.0,0.0,-0.0,-0.0,0.0,-0.0,-0.0,-1e-06,-1e-06,0.0,-0.0,-1e-06,-0.0,-0.0,0.0,-0.0,-0.0,-0.0,-0.0,-0.0,-1e-06,0.0,-0.0,0.0,-0.0,-0.0,-1e-06,0.0,-0.0,-1e-06,-0.0,-0.0,-0.0,-0.0,-0.0,0.0,-0.0,-1e-06,-1e-06,0.0,-1e-06,-0.0,-1e-06,-2e-06,0.0,-1e-06,-0.0,-1e-06,-0.0,0.0,-0.0,-2e-06,-1e-06,-1e-06,-1e-06,-2e-06,-0.0,-0.0,-0.0,-0.0,-0.0,-0.0,-1e-06,-1e-06
2017-05-30 18:30:00+02:00,0.0,0.0,-0.0,-1e-06,-0.0,-0.0,-0.0,-0.0,-0.0,-0.0,-0.0,-0.0,-1e-06,-1e-06,-0.0,-1e-06,-0.0,0.0,-0.0,-1e-06,0.0,-1e-06,-0.0,-0.0,-1e-06,-1e-06,-0.0,0.0,-0.0,-0.0,-0.0,-1e-06,0.0,-1e-06,-1e-06,0.0,-0.0,-0.0,0.0,-1e-06,-0.0,-0.0,-0.0,0.0,-0.0,-0.0,-0.0,-0.0,-0.0,0.0,-0.0,-0.0,-1e-06,-1e-06,-0.0,0.0,-0.0,-0.0,0.0,-0.0,-0.0,-1e-06,-1e-06,0.0,-0.0,-1e-06,-0.0,-0.0,0.0,-0.0,-0.0,-0.0,-0.0,-0.0,-1e-06,0.0,-0.0,0.0,-0.0,-0.0,-0.0,0.0,-0.0,-1e-06,-0.0,-0.0,-0.0,-0.0,-0.0,0.0,-0.0,-1e-06,-1e-06,0.0,-1e-06,-0.0,-1e-06,-1e-06,0.0,-1e-06,-0.0,-1e-06,-0.0,0.0,-0.0,-2e-06,-1e-06,-1e-06,-1e-06,-1e-06,-0.0,-0.0,-0.0,-0.0,-0.0,-0.0,-0.0,-1e-06
2017-05-30 18:31:00+02:00,0.0,0.0,-0.0,-1e-06,-0.0,-0.0,-0.0,-0.0,-0.0,-0.0,-0.0,-0.0,-1e-06,-1e-06,-0.0,-1e-06,-0.0,0.0,-0.0,-0.0,0.0,-0.0,-0.0,-0.0,-1e-06,-1e-06,-0.0,0.0,-0.0,-0.0,-0.0,-0.0,0.0,-1e-06,-1e-06,0.0,-0.0,-0.0,0.0,-1e-06,-0.0,-0.0,-0.0,0.0,-0.0,-0.0,-0.0,-0.0,-0.0,0.0,-0.0,-0.0,-0.0,-1e-06,-0.0,0.0,-0.0,-0.0,0.0,-0.0,-0.0,-1e-06,-0.0,0.0,-0.0,-1e-06,-0.0,-0.0,0.0,-0.0,-0.0,-0.0,-0.0,-0.0,-1e-06,0.0,-0.0,0.0,-0.0,-0.0,-0.0,0.0,-0.0,-1e-06,-0.0,-0.0,-0.0,-0.0,-0.0,0.0,-0.0,-0.0,-1e-06,0.0,-0.0,-0.0,-1e-06,-1e-06,0.0,-1e-06,-0.0,-1e-06,-0.0,0.0,-0.0,-1e-06,-1e-06,-1e-06,-1e-06,-1e-06,-0.0,-0.0,-0.0,-0.0,-0.0,-0.0,-0.0,-1e-06
2017-05-30 18:32:00+02:00,0.0,0.0,-0.0,-0.0,-0.0,-0.0,-0.0,-0.0,-0.0,-0.0,-0.0,-0.0,-1e-06,-1e-06,-0.0,-1e-06,-0.0,0.0,-0.0,-0.0,0.0,-0.0,-0.0,-0.0,-1e-06,-1e-06,-0.0,0.0,-0.0,-0.0,-0.0,-0.0,0.0,-0.0,-1e-06,0.0,-0.0,-0.0,0.0,-1e-06,-0.0,-0.0,-0.0,0.0,-0.0,-0.0,-0.0,-0.0,-0.0,0.0,-0.0,-0.0,-0.0,-1e-06,-0.0,0.0,-0.0,-0.0,0.0,-0.0,-0.0,-1e-06,-0.0,0.0,-0.0,-1e-06,-0.0,-0.0,0.0,-0.0,-0.0,-0.0,-0.0,-0.0,-1e-06,0.0,-0.0,0.0,-0.0,-0.0,-0.0,0.0,-0.0,-1e-06,-0.0,-0.0,-0.0,-0.0,-0.0,0.0,-0.0,-0.0,-1e-06,0.0,-0.0,-0.0,-1e-06,-1e-06,0.0,-1e-06,-0.0,-1e-06,-0.0,0.0,-0.0,-1e-06,-1e-06,-0.0,-0.0,-1e-06,-0.0,-0.0,-0.0,-0.0,-0.0,-0.0,-0.0,-0.0
2017-05-30 18:33:00+02:00,0.0,0.0,-0.0,-0.0,-0.0,-0.0,-0.0,-0.0,-0.0,-0.0,-0.0,-0.0,-1e-06,-1e-06,-0.0,-0.0,-0.0,0.0,-0.0,-0.0,0.0,-0.0,-0.0,-0.0,-1e-06,-1e-06,-0.0,0.0,-0.0,-0.0,-0.0,-0.0,0.0,-0.0,-0.0,0.0,-0.0,-0.0,0.0,-1e-06,-0.0,-0.0,-0.0,0.0,-0.0,-0.0,-0.0,-0.0,-0.0,0.0,-0.0,-0.0,-0.0,-1e-06,-0.0,0.0,-0.0,-0.0,0.0,-0.0,-0.0,-1e-06,-0.0,0.0,-0.0,-1e-06,-0.0,-0.0,0.0,-0.0,-0.0,-0.0,-0.0,-0.0,-1e-06,0.0,-0.0,0.0,-0.0,-0.0,-0.0,0.0,-0.0,-1e-06,-0.0,-0.0,-0.0,-0.0,-0.0,0.0,-0.0,-0.0,-1e-06,0.0,-0.0,-0.0,-1e-06,-1e-06,0.0,-1e-06,-0.0,-0.0,-0.0,0.0,-0.0,-1e-06,-0.0,-0.0,-0.0,-1e-06,-0.0,-0.0,-0.0,-0.0,-0.0,-0.0,-0.0,-0.0
2017-05-30 18:34:00+02:00,0.0,0.0,-0.0,-0.0,-0.0,-0.0,-0.0,-0.0,-0.0,-0.0,-0.0,-0.0,-0.0,-0.0,-0.0,-0.0,-0.0,0.0,-0.0,-0.0,0.0,-0.0,-0.0,-0.0,-0.0,-1e-06,-0.0,0.0,-0.0,-0.0,-0.0,-0.0,0.0,-0.0,-0.0,0.0,-0.0,-0.0,0.0,-1e-06,-0.0,-0.0,-0.0,0.0,-0.0,-0.0,-0.0,-0.0,-0.0,0.0,-0.0,-0.0,-0.0,-0.0,-0.0,0.0,-0.0,-0.0,0.0,-0.0,-0.0,-0.0,-0.0,0.0,-0.0,-0.0,-0.0,-0.0,0.0,-0.0,-0.0,-0.0,-0.0,-0.0,-0.0,0.0,-0.0,0.0,-0.0,-0.0,-0.0,0.0,-0.0,-0.0,-0.0,-0.0,-0.0,-0.0,-0.0,0.0,-0.0,-0.0,-0.0,0.0,-0.0,-0.0,-0.0,-1e-06,0.0,-0.0,-0.0,-0.0,-0.0,0.0,-0.0,-1e-06,-0.0,-0.0,-0.0,-1e-06,-0.0,-0.0,-0.0,-0.0,-0.0,-0.0,-0.0,-0.0
2017-05-30 18:35:00+02:00,0.0,0.0,-0.0,-0.0,-0.0,-0.0,-0.0,-0.0,-0.0,-0.0,-0.0,-0.0,-0.0,-0.0,-0.0,-0.0,-0.0,0.0,-0.0,-0.0,0.0,-0.0,-0.0,-0.0,-0.0,-0.0,-0.0,0.0,-0.0,-0.0,-0.0,-0.0,0.0,-0.0,-0.0,0.0,-0.0,-0.0,0.0,-0.0,-0.0,-0.0,-0.0,0.0,-0.0,-0.0,-0.0,-0.0,-0.0,0.0,-0.0,-0.0,-0.0,-0.0,-0.0,0.0,-0.0,-0.0,0.0,-0.0,-0.0,-0.0,-0.0,0.0,-0.0,-0.0,-0.0,-0.0,0.0,-0.0,-0.0,-0.0,-0.0,-0.0,-0.0,0.0,-0.0,0.0,-0.0,-0.0,-0.0,0.0,-0.0,-0.0,-0.0,-0.0,-0.0,-0.0,-0.0,0.0,-0.0,-0.0,-0.0,0.0,-0.0,-0.0,-0.0,-0.0,0.0,-0.0,-0.0,-0.0,-0.0,0.0,-0.0,-1e-06,-0.0,-0.0,-0.0,-0.0,-0.0,-0.0,-0.0,-0.0,-0.0,-0.0,-0.0,-0.0
2017-05-30 18:36:00+02:00,0.0,0.0,-0.0,-0.0,-0.0,-0.0,-0.0,-0.0,-0.0,-0.0,-0.0,-0.0,-0.0,-0.0,-0.0,-0.0,-0.0,0.0,-0.0,-0.0,0.0,-0.0,-0.0,-0.0,-0.0,-0.0,-0.0,0.0,-0.0,-0.0,-0.0,-0.0,0.0,-0.0,-0.0,0.0,-0.0,-0.0,0.0,-0.0,-0.0,-0.0,-0.0,0.0,-0.0,-0.0,-0.0,-0.0,-0.0,0.0,-0.0,-0.0,-0.0,-0.0,-0.0,0.0,-0.0,-0.0,0.0,-0.0,-0.0,-0.0,-0.0,0.0,-0.0,-0.0,-0.0,-0.0,0.0,-0.0,-0.0,-0.0,-0.0,-0.0,-0.0,0.0,-0.0,0.0,-0.0,-0.0,-0.0,0.0,-0.0,-0.0,-0.0,-0.0,-0.0,-0.0,-0.0,0.0,-0.0,-0.0,-0.0,0.0,-0.0,-0.0,-0.0,-0.0,0.0,-0.0,-0.0,-0.0,-0.0,0.0,-0.0,-0.0,-0.0,-0.0,-0.0,-0.0,-0.0,-0.0,-0.0,-0.0,-0.0,-0.0,-0.0,-0.0
2017-05-30 18:37:00+02:00,0.0,0.0,-0.0,-0.0,-0.0,-0.0,-0.0,-0.0,-0.0,-0.0,-0.0,-0.0,-0.0,-0.0,-0.0,-0.0,-0.0,0.0,-0.0,-0.0,0.0,-0.0,-0.0,-0.0,-0.0,-0.0,-0.0,0.0,-0.0,-0.0,-0.0,-0.0,0.0,-0.0,-0.0,0.0,-0.0,-0.0,0.0,-0.0,-0.0,-0.0,-0.0,0.0,-0.0,-0.0,-0.0,-0.0,-0.0,0.0,-0.0,-0.0,-0.0,-0.0,-0.0,0.0,-0.0,-0.0,0.0,-0.0,-0.0,-0.0,-0.0,0.0,-0.0,-0.0,-0.0,-0.0,0.0,-0.0,-0.0,-0.0,-0.0,-0.0,-0.0,0.0,-0.0,0.0,-0.0,-0.0,-0.0,0.0,-0.0,-0.0,-0.0,-0.0,-0.0,-0.0,-0.0,0.0,-0.0,-0.0,-0.0,0.0,-0.0,-0.0,-0.0,-0.0,0.0,-0.0,-0.0,-0.0,-0.0,0.0,-0.0,-0.0,-0.0,-0.0,-0.0,-0.0,-0.0,-0.0,-0.0,-0.0,-0.0,-0.0,-0.0,-0.0
2017-05-30 18:38:00+02:00,0.0,0.0,-0.0,-0.0,-0.0,-0.0,-0.0,-0.0,-0.0,-0.0,-0.0,-0.0,-0.0,-0.0,-0.0,-0.0,-0.0,0.0,-0.0,-0.0,0.0,-0.0,-0.0,-0.0,-0.0,-0.0,-0.0,0.0,-0.0,-0.0,-0.0,-0.0,0.0,-0.0,-0.0,0.0,-0.0,-0.0,0.0,-0.0,-0.0,-0.0,-0.0,0.0,-0.0,-0.0,-0.0,-0.0,-0.0,0.0,-0.0,-0.0,-0.0,-0.0,-0.0,0.0,-0.0,-0.0,0.0,-0.0,-0.0,-0.0,-0.0,0.0,-0.0,-0.0,-0.0,-0.0,0.0,-0.0,-0.0,-0.0,-0.0,-0.0,-0.0,0.0,-0.0,0.0,-0.0,-0.0,-0.0,0.0,-0.0,-0.0,-0.0,-0.0,-0.0,-0.0,-0.0,0.0,-0.0,-0.0,-0.0,0.0,-0.0,-0.0,-0.0,-0.0,0.0,-0.0,-0.0,-0.0,-0.0,0.0,-0.0,-0.0,-0.0,-0.0,-0.0,-0.0,-0.0,-0.0,-0.0,-0.0,-0.0,-0.0,-0.0,-0.0
2017-05-30 18:39:00+02:00,0.0,0.0,-0.0,-0.0,-0.0,-0.0,-0.0,-0.0,-0.0,-0.0,-0.0,-0.0,-0.0,-0.0,-0.0,-0.0,-0.0,0.0,-0.0,-0.0,0.0,-0.0,-0.0,-0.0,-0.0,-0.0,-0.0,0.0,-0.0,-0.0,-0.0,-0.0,0.0,-0.0,-0.0,0.0,-0.0,-0.0,0.0,-0.0,-0.0,-0.0,-0.0,0.0,-0.0,-0.0,-0.0,-0.0,-0.0,0.0,-0.0,-0.0,-0.0,-0.0,-0.0,0.0,-0.0,-0.0,0.0,-0.0,-0.0,-0.0,-0.0,0.0,-0.0,-0.0,-0.0,-0.0,0.0,-0.0,-0.0,-0.0,-0.0,-0.0,-0.0,0.0,-0.0,0.0,-0.0,-0.0,-0.0,0.0,-0.0,-0.0,-0.0,-0.0,-0.0,-0.0,-0.0,0.0,-0.0,-0.0,-0.0,0.0,-0.0,-0.0,-0.0,-0.0,0.0,-0.0,-0.0,-0.0,-0.0,0.0,-0.0,-0.0,-0.0,-0.0,-0.0,-0.0,-0.0,-0.0,-0.0,-0.0,-0.0,-0.0,-0.0,-0.0
2017-05-30 18:40:00+02:00,0.0,0.0,-0.0,-0.0,-0.0,-0.0,-0.0,-0.0,-0.0,-0.0,-0.0,-0.0,-0.0,-0.0,-0.0,-0.0,-0.0,0.0,-0.0,-0.0,0.0,-0.0,-0.0,-0.0,-0.0,-0.0,-0.0,0.0,-0.0,-0.0,-0.0,-0.0,0.0,-0.0,-0.0,0.0,-0.0,-0.0,0.0,-0.0,-0.0,-0.0,-0.0,0.0,-0.0,-0.0,-0.0,-0.0,-0.0,0.0,-0.0,-0.0,-0.0,-0.0,-0.0,0.0,-0.0,-0.0,0.0,-0.0,-0.0,-0.0,-0.0,0.0,-0.0,-0.0,-0.0,-0.0,0.0,-0.0,-0.0,-0.0,-0.0,-0.0,-0.0,0.0,-0.0,0.0,-0.0,-0.0,-0.0,0.0,-0.0,-0.0,-0.0,-0.0,-0.0,-0.0,-0.0,0.0,-0.0,-0.0,-0.0,0.0,-0.0,-0.0,-0.0,-0.0,0.0,-0.0,-0.0,-0.0,-0.0,0.0,-0.0,-0.0,-0.0,-0.0,-0.0,-0.0,-0.0,-0.0,-0.0,-0.0,-0.0,-0.0,-0.0,-0.0
2017-05-30 18:41:00+02:00,0.0,0.0,-0.0,-0.0,-0.0,-0.0,-0.0,-0.0,-0.0,-0.0,-0.0,-0.0,-0.0,-0.0,-0.0,-0.0,-0.0,0.0,-0.0,-0.0,0.0,-0.0,-0.0,-0.0,-0.0,-0.0,-0.0,0.0,-0.0,-0.0,-0.0,-0.0,0.0,-0.0,-0.0,0.0,-0.0,-0.0,0.0,-0.0,-0.0,-0.0,-0.0,0.0,-0.0,-0.0,-0.0,-0.0,-0.0,0.0,-0.0,-0.0,-0.0,-0.0,-0.0,0.0,-0.0,-0.0,0.0,-0.0,-0.0,-0.0,-0.0,0.0,-0.0,-0.0,-0.0,-0.0,0.0,-0.0,-0.0,-0.0,-0.0,-0.0,-0.0,0.0,-0.0,0.0,-0.0,-0.0,-0.0,0.0,-0.0,-0.0,-0.0,-0.0,-0.0,-0.0,-0.0,0.0,-0.0,-0.0,-0.0,0.0,-0.0,-0.0,-0.0,-0.0,0.0,-0.0,-0.0,-0.0,-0.0,0.0,-0.0,-0.0,-0.0,-0.0,-0.0,-0.0,-0.0,-0.0,-0.0,-0.0,-0.0,-0.0,-0.0,-0.0
2017-05-30 18:42:00+02:00,0.0,0.0,-0.0,-0.0,-0.0,-0.0,-0.0,-0.0,-0.0,-0.0,-0.0,-0.0,-0.0,-0.0,-0.0,-0.0,-0.0,0.0,-0.0,-0.0,0.0,-0.0,-0.0,-0.0,-0.0,-0.0,-0.0,0.0,-0.0,-0.0,-0.0,-0.0,0.0,-0.0,-0.0,0.0,-0.0,-0.0,0.0,-0.0,-0.0,-0.0,-0.0,0.0,-0.0,-0.0,-0.0,-0.0,-0.0,0.0,-0.0,-0.0,-0.0,-0.0,-0.0,0.0,-0.0,-0.0,0.0,-0.0,-0.0,-0.0,-0.0,0.0,-0.0,-0.0,-0.0,-0.0,0.0,-0.0,-0.0,-0.0,-0.0,-0.0,-0.0,0.0,-0.0,0.0,-0.0,-0.0,-0.0,0.0,-0.0,-0.0,-0.0,-0.0,-0.0,-0.0,-0.0,0.0,-0.0,-0.0,-0.0,0.0,-0.0,-0.0,-0.0,-0.0,0.0,-0.0,-0.0,-0.0,-0.0,0.0,-0.0,-0.0,-0.0,-0.0,-0.0,-0.0,-0.0,-0.0,-0.0,-0.0,-0.0,-0.0,-0.0,-0.0
2017-05-30 18:43:00+02:00,0.0,0.0,-0.0,-0.0,-0.0,-0.0,-0.0,-0.0,-0.0,-0.0,-0.0,-0.0,-0.0,-0.0,-0.0,-0.0,-0.0,0.0,-0.0,-0.0,0.0,-0.0,-0.0,-0.0,-0.0,-0.0,-0.0,0.0,-0.0,-0.0,-0.0,-0.0,0.0,-0.0,-0.0,0.0,-0.0,-0.0,0.0,-0.0,-0.0,-0.0,-0.0,0.0,-0.0,-0.0,-0.0,-0.0,-0.0,0.0,-0.0,-0.0,-0.0,-0.0,-0.0,0.0,-0.0,-0.0,0.0,-0.0,-0.0,-0.0,-0.0,0.0,-0.0,-0.0,-0.0,-0.0,0.0,-0.0,-0.0,-0.0,-0.0,-0.0,-0.0,0.0,-0.0,0.0,-0.0,-0.0,-0.0,0.0,-0.0,-0.0,-0.0,-0.0,-0.0,-0.0,-0.0,0.0,-0.0,-0.0,-0.0,0.0,-0.0,-0.0,-0.0,-0.0,0.0,-0.0,-0.0,-0.0,-0.0,0.0,-0.0,-0.0,-0.0,-0.0,-0.0,-0.0,-0.0,-0.0,-0.0,-0.0,-0.0,-0.0,-0.0,-0.0
2017-05-30 18:44:00+02:00,0.0,0.0,-0.0,-0.0,-0.0,-0.0,-0.0,-0.0,-0.0,-0.0,-0.0,-0.0,-0.0,-0.0,-0.0,-0.0,-0.0,0.0,-0.0,-0.0,0.0,-0.0,-0.0,-0.0,-0.0,-0.0,-0.0,0.0,-0.0,-0.0,-0.0,-0.0,0.0,-0.0,-0.0,0.0,-0.0,-0.0,0.0,-0.0,-0.0,-0.0,-0.0,0.0,-0.0,-0.0,-0.0,-0.0,-0.0,0.0,-0.0,-0.0,-0.0,-0.0,-0.0,0.0,-0.0,-0.0,0.0,-0.0,-0.0,-0.0,-0.0,0.0,-0.0,-0.0,-0.0,-0.0,0.0,-0.0,-0.0,-0.0,-0.0,-0.0,-0.0,0.0,-0.0,0.0,-0.0,-0.0,-0.0,0.0,-0.0,-0.0,-0.0,-0.0,-0.0,-0.0,-0.0,0.0,-0.0,-0.0,-0.0,0.0,-0.0,-0.0,-0.0,-0.0,0.0,-0.0,-0.0,-0.0,-0.0,0.0,-0.0,-0.0,-0.0,-0.0,-0.0,-0.0,-0.0,-0.0,-0.0,-0.0,-0.0,-0.0,-0.0,-0.0
2017-05-30 18:45:00+02:00,0.0,0.0,-0.0,-0.0,-0.0,-0.0,-0.0,-0.0,-0.0,-0.0,-0.0,-0.0,-0.0,-0.0,-0.0,-0.0,-0.0,0.0,-0.0,-0.0,0.0,-0.0,-0.0,-0.0,-0.0,-0.0,-0.0,0.0,-0.0,-0.0,-0.0,-0.0,0.0,-0.0,-0.0,0.0,-0.0,-0.0,0.0,-0.0,-0.0,-0.0,-0.0,0.0,-0.0,-0.0,-0.0,-0.0,-0.0,0.0,-0.0,-0.0,-0.0,-0.0,-0.0,0.0,-0.0,-0.0,0.0,-0.0,-0.0,-0.0,-0.0,0.0,-0.0,-0.0,-0.0,-0.0,0.0,-0.0,-0.0,-0.0,-0.0,-0.0,-0.0,0.0,-0.0,0.0,-0.0,-0.0,-0.0,0.0,-0.0,-0.0,-0.0,-0.0,-0.0,-0.0,-0.0,0.0,-0.0,-0.0,-0.0,0.0,-0.0,-0.0,-0.0,-0.0,0.0,-0.0,-0.0,-0.0,-0.0,0.0,-0.0,-0.0,-0.0,-0.0,-0.0,-0.0,-0.0,-0.0,-0.0,-0.0,-0.0,-0.0,-0.0,-0.0
2017-05-30 18:46:00+02:00,0.0,0.0,-0.0,-0.0,-0.0,-0.0,-0.0,-0.0,-0.0,-0.0,-0.0,-0.0,-0.0,-0.0,-0.0,-0.0,-0.0,0.0,-0.0,-0.0,0.0,-0.0,-0.0,-0.0,-0.0,-0.0,-0.0,0.0,-0.0,-0.0,-0.0,-0.0,0.0,-0.0,-0.0,0.0,-0.0,-0.0,0.0,-0.0,-0.0,-0.0,-0.0,0.0,-0.0,-0.0,-0.0,-0.0,-0.0,0.0,-0.0,-0.0,-0.0,-0.0,-0.0,0.0,-0.0,-0.0,0.0,-0.0,-0.0,-0.0,-0.0,0.0,-0.0,-0.0,-0.0,-0.0,0.0,-0.0,-0.0,-0.0,-0.0,-0.0,-0.0,0.0,-0.0,0.0,-0.0,-0.0,-0.0,0.0,-0.0,-0.0,-0.0,-0.0,-0.0,-0.0,-0.0,0.0,-0.0,-0.0,-0.0,0.0,-0.0,-0.0,-0.0,-0.0,0.0,-0.0,-0.0,-0.0,-0.0,0.0,-0.0,-0.0,-0.0,-0.0,-0.0,-0.0,-0.0,-0.0,-0.0,-0.0,-0.0,-0.0,-0.0,-0.0
2017-05-30 18:47:00+02:00,0.0,0.0,-0.0,-0.0,-0.0,-0.0,-0.0,-0.0,-0.0,-0.0,-0.0,-0.0,-0.0,-0.0,-0.0,-0.0,-0.0,0.0,-0.0,-0.0,0.0,-0.0,-0.0,-0.0,-0.0,-0.0,-0.0,0.0,-0.0,-0.0,-0.0,-0.0,0.0,-0.0,-0.0,0.0,-0.0,-0.0,0.0,-0.0,-0.0,-0.0,-0.0,0.0,-0.0,-0.0,-0.0,-0.0,-0.0,0.0,-0.0,-0.0,-0.0,-0.0,-0.0,0.0,-0.0,-0.0,0.0,-0.0,-0.0,-0.0,-0.0,0.0,-0.0,-0.0,-0.0,-0.0,0.0,-0.0,-0.0,-0.0,-0.0,-0.0,-0.0,0.0,-0.0,0.0,-0.0,-0.0,-0.0,0.0,-0.0,-0.0,-0.0,-0.0,-0.0,-0.0,-0.0,0.0,-0.0,-0.0,-0.0,0.0,-0.0,-0.0,-0.0,-0.0,0.0,-0.0,-0.0,-0.0,-0.0,0.0,-0.0,-0.0,-0.0,-0.0,-0.0,-0.0,-0.0,-0.0,-0.0,-0.0,-0.0,-0.0,-0.0,-0.0
2017-05-30 18:48:00+02:00,0.0,0.0,-0.0,-0.0,-0.0,-0.0,-0.0,-0.0,-0.0,-0.0,-0.0,-0.0,-0.0,-0.0,-0.0,-0.0,-0.0,0.0,-0.0,-0.0,0.0,-0.0,-0.0,-0.0,-0.0,-0.0,-0.0,0.0,-0.0,-0.0,-0.0,-0.0,0.0,-0.0,-0.0,0.0,-0.0,-0.0,0.0,-0.0,-0.0,-0.0,-0.0,0.0,-0.0,-0.0,-0.0,-0.0,-0.0,0.0,-0.0,-0.0,-0.0,-0.0,-0.0,0.0,-0.0,-0.0,0.0,-0.0,-0.0,-0.0,-0.0,0.0,-0.0,-0.0,-0.0,-0.0,0.0,-0.0,-0.0,-0.0,-0.0,-0.0,-0.0,0.0,-0.0,0.0,-0.0,-0.0,-0.0,0.0,-0.0,-0.0,-0.0,-0.0,-0.0,-0.0,-0.0,0.0,-0.0,-0.0,-0.0,0.0,-0.0,-0.0,-0.0,-0.0,0.0,-0.0,-0.0,-0.0,-0.0,0.0,-0.0,-0.0,-0.0,-0.0,-0.0,-0.0,-0.0,-0.0,-0.0,-0.0,-0.0,-0.0,-0.0,-0.0
2017-05-30 18:49:00+02:00,0.0,0.0,-0.0,-0.0,-0.0,-0.0,-0.0,-0.0,-0.0,-0.0,-0.0,-0.0,-0.0,-0.0,-0.0,-0.0,-0.0,0.0,-0.0,-0.0,0.0,-0.0,-0.0,-0.0,-0.0,-0.0,-0.0,0.0,-0.0,-0.0,-0.0,-0.0,0.0,-0.0,-0.0,0.0,-0.0,-0.0,0.0,-0.0,-0.0,-0.0,-0.0,0.0,-0.0,-0.0,-0.0,-0.0,-0.0,0.0,-0.0,-0.0,-0.0,-0.0,-0.0,0.0,-0.0,-0.0,0.0,-0.0,-0.0,-0.0,-0.0,0.0,-0.0,-0.0,-0.0,-0.0,0.0,-0.0,-0.0,-0.0,-0.0,-0.0,-0.0,0.0,-0.0,0.0,-0.0,-0.0,-0.0,0.0,-0.0,-0.0,-0.0,-0.0,-0.0,-0.0,-0.0,0.0,-0.0,-0.0,-0.0,0.0,-0.0,-0.0,-0.0,-0.0,0.0,-0.0,-0.0,-0.0,-0.0,0.0,-0.0,-0.0,-0.0,-0.0,-0.0,-0.0,-0.0,-0.0,-0.0,-0.0,-0.0,-0.0,-0.0,-0.0
2017-05-30 18:50:00+02:00,0.0,0.0,-0.0,-0.0,-0.0,-0.0,-0.0,-0.0,-0.0,-0.0,-0.0,-0.0,-0.0,-0.0,-0.0,-0.0,-0.0,0.0,-0.0,-0.0,0.0,-0.0,-0.0,-0.0,-0.0,-0.0,-0.0,0.0,-0.0,-0.0,-0.0,-0.0,0.0,-0.0,-0.0,0.0,-0.0,-0.0,0.0,-0.0,-0.0,-0.0,-0.0,0.0,-0.0,-0.0,-0.0,-0.0,-0.0,0.0,-0.0,-0.0,-0.0,-0.0,-0.0,0.0,-0.0,-0.0,0.0,-0.0,-0.0,-0.0,-0.0,0.0,-0.0,-0.0,-0.0,-0.0,0.0,-0.0,-0.0,-0.0,-0.0,-0.0,-0.0,0.0,-0.0,0.0,-0.0,-0.0,-0.0,0.0,-0.0,-0.0,-0.0,-0.0,-0.0,-0.0,-0.0,0.0,-0.0,-0.0,-0.0,0.0,-0.0,-0.0,-0.0,-0.0,0.0,-0.0,-0.0,-0.0,-0.0,0.0,-0.0,-0.0,-0.0,-0.0,-0.0,-0.0,-0.0,-0.0,-0.0,-0.0,-0.0,-0.0,-0.0,-0.0
2017-05-30 18:51:00+02:00,0.0,0.0,-0.0,-0.0,-0.0,-0.0,-0.0,-0.0,-0.0,-0.0,-0.0,-0.0,-0.0,-0.0,-0.0,-0.0,-0.0,0.0,-0.0,-0.0,0.0,-0.0,-0.0,-0.0,-0.0,-0.0,-0.0,0.0,-0.0,-0.0,-0.0,-0.0,0.0,-0.0,-0.0,0.0,-0.0,-0.0,0.0,-0.0,-0.0,-0.0,-0.0,0.0,-0.0,-0.0,-0.0,-0.0,-0.0,0.0,-0.0,-0.0,-0.0,-0.0,-0.0,0.0,-0.0,-0.0,0.0,-0.0,-0.0,-0.0,-0.0,0.0,-0.0,-0.0,-0.0,-0.0,0.0,-0.0,-0.0,-0.0,-0.0,-0.0,-0.0,0.0,-0.0,0.0,-0.0,-0.0,-0.0,0.0,-0.0,-0.0,-0.0,-0.0,-0.0,-0.0,-0.0,0.0,-0.0,-0.0,-0.0,0.0,-0.0,-0.0,-0.0,-0.0,0.0,-0.0,-0.0,-0.0,-0.0,0.0,-0.0,-0.0,-0.0,-0.0,-0.0,-0.0,-0.0,-0.0,-0.0,-0.0,-0.0,-0.0,-0.0,-0.0
2017-05-30 18:52:00+02:00,0.0,0.0,-0.0,-0.0,-0.0,-0.0,-0.0,-0.0,-0.0,-0.0,-0.0,-0.0,-0.0,-0.0,-0.0,-0.0,-0.0,0.0,-0.0,-0.0,0.0,-0.0,-0.0,-0.0,-0.0,-0.0,-0.0,0.0,-0.0,-0.0,-0.0,-0.0,0.0,-0.0,-0.0,0.0,-0.0,-0.0,0.0,-0.0,-0.0,-0.0,-0.0,0.0,-0.0,-0.0,-0.0,-0.0,-0.0,0.0,-0.0,-0.0,-0.0,-0.0,-0.0,0.0,-0.0,-0.0,0.0,-0.0,-0.0,-0.0,-0.0,0.0,-0.0,-0.0,-0.0,-0.0,0.0,-0.0,-0.0,-0.0,-0.0,-0.0,-0.0,0.0,-0.0,0.0,-0.0,-0.0,-0.0,0.0,-0.0,-0.0,-0.0,-0.0,-0.0,-0.0,-0.0,0.0,-0.0,-0.0,-0.0,0.0,-0.0,-0.0,-0.0,-0.0,0.0,-0.0,-0.0,-0.0,-0.0,0.0,-0.0,-0.0,-0.0,-0.0,-0.0,-0.0,-0.0,-0.0,-0.0,-0.0,-0.0,-0.0,-0.0,-0.0
2017-05-30 18:53:00+02:00,0.0,0.0,-0.0,-0.0,-0.0,-0.0,-0.0,-0.0,-0.0,-0.0,-0.0,-0.0,-0.0,-0.0,-0.0,-0.0,-0.0,0.0,-0.0,-0.0,0.0,-0.0,-0.0,-0.0,-0.0,-0.0,-0.0,0.0,-0.0,-0.0,-0.0,-0.0,0.0,-0.0,-0.0,0.0,-0.0,-0.0,0.0,-0.0,-0.0,-0.0,-0.0,0.0,-0.0,-0.0,-0.0,-0.0,-0.0,0.0,-0.0,-0.0,-0.0,-0.0,-0.0,0.0,-0.0,-0.0,0.0,-0.0,-0.0,-0.0,-0.0,0.0,-0.0,-0.0,-0.0,-0.0,0.0,-0.0,-0.0,-0.0,-0.0,-0.0,-0.0,0.0,-0.0,0.0,-0.0,-0.0,-0.0,0.0,-0.0,-0.0,-0.0,-0.0,-0.0,-0.0,-0.0,0.0,-0.0,-0.0,-0.0,0.0,-0.0,-0.0,-0.0,-0.0,0.0,-0.0,-0.0,-0.0,-0.0,0.0,-0.0,-0.0,-0.0,-0.0,-0.0,-0.0,-0.0,-0.0,-0.0,-0.0,-0.0,-0.0,-0.0,-0.0
2017-05-30 18:54:00+02:00,0.0,0.0,-0.0,-0.0,-0.0,-0.0,-0.0,-0.0,-0.0,-0.0,-0.0,-0.0,-0.0,-0.0,-0.0,-0.0,-0.0,0.0,-0.0,-0.0,0.0,-0.0,-0.0,-0.0,-0.0,-0.0,-0.0,0.0,-0.0,-0.0,-0.0,-0.0,0.0,-0.0,-0.0,0.0,-0.0,-0.0,0.0,-0.0,-0.0,-0.0,-0.0,0.0,-0.0,-0.0,-0.0,-0.0,-0.0,0.0,-0.0,-0.0,-0.0,-0.0,-0.0,0.0,-0.0,-0.0,0.0,-0.0,-0.0,-0.0,-0.0,0.0,-0.0,-0.0,-0.0,-0.0,0.0,-0.0,-0.0,-0.0,-0.0,-0.0,-0.0,0.0,-0.0,0.0,-0.0,-0.0,-0.0,0.0,-0.0,-0.0,-0.0,-0.0,-0.0,-0.0,-0.0,0.0,-0.0,-0.0,-0.0,0.0,-0.0,-0.0,-0.0,-0.0,0.0,-0.0,-0.0,-0.0,-0.0,0.0,-0.0,-0.0,-0.0,-0.0,-0.0,-0.0,-0.0,-0.0,-0.0,-0.0,-0.0,-0.0,-0.0,-0.0
2017-05-30 18:55:00+02:00,0.0,0.0,-0.0,-0.0,-0.0,-0.0,-0.0,-0.0,-0.0,-0.0,-0.0,-0.0,-0.0,-0.0,-0.0,-0.0,-0.0,0.0,-0.0,-0.0,0.0,-0.0,-0.0,-0.0,-0.0,-0.0,-0.0,0.0,-0.0,-0.0,-0.0,-0.0,0.0,-0.0,-0.0,0.0,-0.0,-0.0,0.0,-0.0,-0.0,-0.0,-0.0,0.0,-0.0,-0.0,-0.0,-0.0,-0.0,0.0,-0.0,-0.0,-0.0,-0.0,-0.0,0.0,-0.0,-0.0,0.0,-0.0,-0.0,-0.0,-0.0,0.0,-0.0,-0.0,-0.0,-0.0,0.0,-0.0,-0.0,-0.0,-0.0,-0.0,-0.0,0.0,-0.0,0.0,-0.0,-0.0,-0.0,0.0,-0.0,-0.0,-0.0,-0.0,-0.0,-0.0,-0.0,0.0,-0.0,-0.0,-0.0,0.0,-0.0,-0.0,-0.0,-0.0,0.0,-0.0,-0.0,-0.0,-0.0,0.0,-0.0,-0.0,-0.0,-0.0,-0.0,-0.0,-0.0,-0.0,-0.0,-0.0,-0.0,-0.0,-0.0,-0.0
2017-05-30 18:56:00+02:00,0.0,0.0,-0.0,-0.0,-0.0,-0.0,-0.0,-0.0,-0.0,-0.0,-0.0,-0.0,-0.0,-0.0,-0.0,-0.0,-0.0,0.0,-0.0,-0.0,0.0,-0.0,-0.0,-0.0,-0.0,-0.0,-0.0,0.0,-0.0,-0.0,-0.0,-0.0,0.0,-0.0,-0.0,0.0,-0.0,-0.0,0.0,-0.0,-0.0,-0.0,-0.0,0.0,-0.0,-0.0,-0.0,-0.0,-0.0,0.0,-0.0,-0.0,-0.0,-0.0,-0.0,0.0,-0.0,-0.0,0.0,-0.0,-0.0,-0.0,-0.0,0.0,-0.0,-0.0,-0.0,-0.0,0.0,-0.0,-0.0,-0.0,-0.0,-0.0,-0.0,0.0,-0.0,0.0,-0.0,-0.0,-0.0,0.0,-0.0,-0.0,-0.0,-0.0,-0.0,-0.0,-0.0,0.0,-0.0,-0.0,-0.0,0.0,-0.0,-0.0,-0.0,-0.0,0.0,-0.0,-0.0,-0.0,-0.0,0.0,-0.0,-0.0,-0.0,-0.0,-0.0,-0.0,-0.0,-0.0,-0.0,-0.0,-0.0,-0.0,-0.0,-0.0
2017-05-30 18:57:00+02:00,0.0,0.0,-0.0,-0.0,-0.0,-0.0,-0.0,-0.0,-0.0,-0.0,-0.0,-0.0,-0.0,-0.0,-0.0,-0.0,-0.0,0.0,-0.0,-0.0,0.0,-0.0,-0.0,-0.0,-0.0,-0.0,-0.0,0.0,-0.0,-0.0,-0.0,-0.0,0.0,-0.0,-0.0,0.0,-0.0,-0.0,0.0,-0.0,-0.0,-0.0,-0.0,0.0,-0.0,-0.0,-0.0,-0.0,-0.0,0.0,-0.0,-0.0,-0.0,-0.0,-0.0,0.0,-0.0,-0.0,0.0,-0.0,-0.0,-0.0,-0.0,0.0,-0.0,-0.0,-0.0,-0.0,0.0,-0.0,-0.0,-0.0,-0.0,-0.0,-0.0,0.0,-0.0,0.0,-0.0,-0.0,-0.0,0.0,-0.0,-0.0,-0.0,-0.0,-0.0,-0.0,-0.0,0.0,-0.0,-0.0,-0.0,0.0,-0.0,-0.0,-0.0,-0.0,0.0,-0.0,-0.0,-0.0,-0.0,0.0,-0.0,-0.0,-0.0,-0.0,-0.0,-0.0,-0.0,-0.0,-0.0,-0.0,-0.0,-0.0,-0.0,-0.0
2017-05-30 18:58:00+02:00,0.0,0.0,-0.0,-0.0,-0.0,-0.0,-0.0,-0.0,-0.0,-0.0,-0.0,-0.0,-0.0,-0.0,-0.0,-0.0,-0.0,0.0,-0.0,-0.0,0.0,-0.0,-0.0,-0.0,-0.0,-0.0,-0.0,0.0,-0.0,-0.0,-0.0,-0.0,0.0,-0.0,-0.0,0.0,-0.0,-0.0,0.0,-0.0,-0.0,-0.0,-0.0,0.0,-0.0,-0.0,-0.0,-0.0,-0.0,0.0,-0.0,-0.0,-0.0,-0.0,-0.0,0.0,-0.0,-0.0,0.0,-0.0,-0.0,-0.0,-0.0,0.0,-0.0,-0.0,-0.0,-0.0,0.0,-0.0,-0.0,-0.0,-0.0,-0.0,-0.0,0.0,-0.0,0.0,-0.0,-0.0,-0.0,0.0,-0.0,-0.0,-0.0,-0.0,-0.0,-0.0,-0.0,0.0,-0.0,-0.0,-0.0,0.0,-0.0,-0.0,-0.0,-0.0,0.0,-0.0,-0.0,-0.0,-0.0,0.0,-0.0,-0.0,-0.0,-0.0,-0.0,-0.0,-0.0,-0.0,-0.0,-0.0,-0.0,-0.0,-0.0,-0.0
2017-05-30 18:59:00+02:00,0.0,0.0,-0.0,-0.0,-0.0,-0.0,-0.0,-0.0,-0.0,-0.0,-0.0,-0.0,-0.0,-0.0,-0.0,-0.0,-0.0,0.0,-0.0,-0.0,0.0,-0.0,-0.0,-0.0,-0.0,-0.0,-0.0,0.0,-0.0,-0.0,-0.0,-0.0,0.0,-0.0,-0.0,0.0,-0.0,-0.0,0.0,-0.0,-0.0,-0.0,-0.0,0.0,-0.0,-0.0,-0.0,-0.0,-0.0,0.0,-0.0,-0.0,-0.0,-0.0,-0.0,0.0,-0.0,-0.0,0.0,-0.0,-0.0,-0.0,-0.0,0.0,-0.0,-0.0,-0.0,-0.0,0.0,-0.0,-0.0,-0.0,-0.0,-0.0,-0.0,0.0,-0.0,0.0,-0.0,-0.0,-0.0,0.0,-0.0,-0.0,-0.0,-0.0,-0.0,-0.0,-0.0,0.0,-0.0,-0.0,-0.0,0.0,-0.0,-0.0,-0.0,-0.0,0.0,-0.0,-0.0,-0.0,-0.0,0.0,-0.0,-0.0,-0.0,-0.0,-0.0,-0.0,-0.0,-0.0,-0.0,-0.0,-0.0,-0.0,-0.0,-0.0
2017-05-30 19:00:00+02:00,0.0,0.0,-0.0,-0.0,-0.0,-0.0,-0.0,-0.0,-0.0,-0.0,-0.0,-0.0,-0.0,-0.0,-0.0,-0.0,-0.0,0.0,-0.0,-0.0,0.0,-0.0,-0.0,-0.0,-0.0,-0.0,-0.0,0.0,-0.0,-0.0,-0.0,-0.0,0.0,-0.0,-0.0,0.0,-0.0,-0.0,0.0,-0.0,-0.0,-0.0,-0.0,0.0,-0.0,-0.0,-0.0,-0.0,-0.0,0.0,-0.0,-0.0,-0.0,-0.0,-0.0,0.0,-0.0,-0.0,0.0,-0.0,-0.0,-0.0,-0.0,0.0,-0.0,-0.0,-0.0,-0.0,0.0,-0.0,-0.0,-0.0,-0.0,-0.0,-0.0,0.0,-0.0,0.0,-0.0,-0.0,-0.0,0.0,-0.0,-0.0,-0.0,-0.0,-0.0,-0.0,-0.0,0.0,-0.0,-0.0,-0.0,0.0,-0.0,-0.0,-0.0,-0.0,0.0,-0.0,-0.0,-0.0,-0.0,0.0,-0.0,-0.0,-0.0,-0.0,-0.0,-0.0,-0.0,-0.0,-0.0,-0.0,-0.0,-0.0,-0.0,-0.0
2017-05-30 19:01:00+02:00,0.0,0.0,-0.0,-0.0,-0.0,-0.0,-0.0,-0.0,-0.0,-0.0,-0.0,-0.0,-0.0,-0.0,-0.0,-0.0,-0.0,0.0,-0.0,-0.0,0.0,-0.0,-0.0,-0.0,-0.0,-0.0,-0.0,0.0,-0.0,-0.0,-0.0,-0.0,0.0,-0.0,-0.0,0.0,-0.0,-0.0,0.0,-0.0,-0.0,-0.0,-0.0,0.0,-0.0,-0.0,-0.0,-0.0,-0.0,0.0,-0.0,-0.0,-0.0,-0.0,-0.0,0.0,-0.0,-0.0,0.0,-0.0,-0.0,-0.0,-0.0,0.0,-0.0,-0.0,-0.0,-0.0,0.0,-0.0,-0.0,-0.0,-0.0,-0.0,-0.0,0.0,-0.0,0.0,-0.0,-0.0,-0.0,0.0,-0.0,-0.0,-0.0,-0.0,-0.0,-0.0,-0.0,0.0,-0.0,-0.0,-0.0,0.0,-0.0,-0.0,-0.0,-0.0,0.0,-0.0,-0.0,-0.0,-0.0,0.0,-0.0,-0.0,-0.0,-0.0,-0.0,-0.0,-0.0,-0.0,-0.0,-0.0,-0.0,-0.0,-0.0,-0.0
2017-05-30 19:02:00+02:00,0.0,0.0,-0.0,-0.0,-0.0,-0.0,-0.0,-0.0,-0.0,-0.0,-0.0,-0.0,-0.0,-0.0,-0.0,-0.0,-0.0,0.0,-0.0,-0.0,0.0,-0.0,-0.0,-0.0,-0.0,-0.0,-0.0,0.0,-0.0,-0.0,-0.0,-0.0,0.0,-0.0,-0.0,0.0,-0.0,-0.0,0.0,-0.0,-0.0,-0.0,-0.0,0.0,-0.0,-0.0,-0.0,-0.0,-0.0,0.0,-0.0,-0.0,-0.0,-0.0,-0.0,0.0,-0.0,-0.0,0.0,-0.0,-0.0,-0.0,-0.0,0.0,-0.0,-0.0,-0.0,-0.0,0.0,-0.0,-0.0,-0.0,-0.0,-0.0,-0.0,0.0,-0.0,0.0,-0.0,-0.0,-0.0,0.0,-0.0,-0.0,-0.0,-0.0,-0.0,-0.0,-0.0,0.0,-0.0,-0.0,-0.0,0.0,-0.0,-0.0,-0.0,-0.0,0.0,-0.0,-0.0,-0.0,-0.0,0.0,-0.0,-0.0,-0.0,-0.0,-0.0,-0.0,-0.0,-0.0,-0.0,-0.0,-0.0,-0.0,-0.0,-0.0
2017-05-30 19:03:00+02:00,0.0,0.0,-0.0,-0.0,-0.0,-0.0,-0.0,-0.0,-0.0,-0.0,-0.0,-0.0,-0.0,-0.0,-0.0,-0.0,-0.0,0.0,-0.0,-0.0,0.0,-0.0,-0.0,-0.0,-0.0,-0.0,-0.0,0.0,-0.0,-0.0,-0.0,-0.0,0.0,-0.0,-0.0,0.0,-0.0,-0.0,0.0,-0.0,-0.0,-0.0,-0.0,0.0,-0.0,-0.0,-0.0,-0.0,-0.0,0.0,-0.0,-0.0,-0.0,-0.0,-0.0,0.0,-0.0,-0.0,0.0,-0.0,-0.0,-0.0,-0.0,0.0,-0.0,-0.0,-0.0,-0.0,0.0,-0.0,-0.0,-0.0,-0.0,-0.0,-0.0,0.0,-0.0,0.0,-0.0,-0.0,-0.0,0.0,-0.0,-0.0,-0.0,-0.0,-0.0,-0.0,-0.0,0.0,-0.0,-0.0,-0.0,0.0,-0.0,-0.0,-0.0,-0.0,0.0,-0.0,-0.0,-0.0,-0.0,0.0,-0.0,-0.0,-0.0,-0.0,-0.0,-0.0,-0.0,-0.0,-0.0,-0.0,-0.0,-0.0,-0.0,-0.0
2017-05-30 19:04:00+02:00,0.0,0.0,-0.0,-0.0,-0.0,-0.0,-0.0,-0.0,-0.0,-0.0,-0.0,-0.0,-0.0,-0.0,-0.0,-0.0,-0.0,0.0,-0.0,-0.0,0.0,-0.0,-0.0,-0.0,-0.0,-0.0,-0.0,0.0,-0.0,-0.0,-0.0,-0.0,0.0,-0.0,-0.0,0.0,-0.0,-0.0,0.0,-0.0,-0.0,-0.0,-0.0,0.0,-0.0,-0.0,-0.0,-0.0,-0.0,0.0,-0.0,-0.0,-0.0,-0.0,-0.0,0.0,-0.0,-0.0,0.0,-0.0,-0.0,-0.0,-0.0,0.0,-0.0,-0.0,-0.0,-0.0,0.0,-0.0,-0.0,-0.0,-0.0,-0.0,-0.0,0.0,-0.0,0.0,-0.0,-0.0,-0.0,0.0,-0.0,-0.0,-0.0,-0.0,-0.0,-0.0,-0.0,0.0,-0.0,-0.0,-0.0,0.0,-0.0,-0.0,-0.0,-0.0,0.0,-0.0,-0.0,-0.0,-0.0,0.0,-0.0,-0.0,-0.0,-0.0,-0.0,-0.0,-0.0,-0.0,-0.0,-0.0,-0.0,-0.0,-0.0,-0.0
2017-05-30 19:05:00+02:00,0.0,0.0,-0.0,-0.0,-0.0,-0.0,-0.0,-0.0,-0.0,-0.0,-0.0,-0.0,0.0,0.0,-0.0,-0.0,-0.0,0.0,-0.0,-0.0,0.0,-0.0,-0.0,-0.0,-0.0,-0.0,-0.0,0.0,-0.0,-0.0,-0.0,-0.0,0.0,-0.0,-0.0,0.0,-0.0,-0.0,0.0,-0.0,-0.0,-0.0,-0.0,0.0,-0.0,-0.0,-0.0,-0.0,-0.0,0.0,-0.0,-0.0,-0.0,1e-06,-0.0,0.0,-0.0,-0.0,0.0,-0.0,-0.0,-0.0,-0.0,0.0,-0.0,-0.0,-0.0,-0.0,0.0,-0.0,-0.0,-0.0,-0.0,-0.0,-0.0,0.0,-0.0,0.0,-0.0,-0.0,-0.0,0.0,-0.0,-0.0,-0.0,-0.0,-0.0,-0.0,-0.0,0.0,-0.0,-0.0,0.0,0.0,-0.0,-0.0,-0.0,-0.0,0.0,-0.0,-0.0,-0.0,-0.0,0.0,-0.0,1e-06,0.0,-0.0,-0.0,-0.0,-0.0,-0.0,-0.0,-0.0,-0.0,-0.0,-0.0,0.0
2017-05-30 19:06:00+02:00,0.0,0.0,-0.0,-0.0,-0.0,-0.0,0.0,0.0,0.0,0.0,-0.0,-0.0,1e-06,0.0,-0.0,-0.0,-0.0,0.0,-0.0,-0.0,0.0,-0.0,-0.0,-0.0,-0.0,-0.0,0.0,0.0,0.0,0.0,-0.0,-0.0,0.0,-0.0,-0.0,0.0,-0.0,-0.0,0.0,-0.0,-0.0,-0.0,-0.0,0.0,-0.0,-0.0,0.0,0.0,0.0,0.0,-0.0,-0.0,-0.0,1e-06,-0.0,0.0,-0.0,-0.0,0.0,-0.0,-0.0,-0.0,-0.0,0.0,-0.0,-0.0,0.0,0.0,0.0,0.0,-0.0,-0.0,-0.0,-0.0,-0.0,0.0,-0.0,0.0,-0.0,-0.0,-0.0,0.0,-0.0,-0.0,-0.0,-0.0,0.0,0.0,0.0,0.0,-0.0,-0.0,0.0,0.0,-0.0,-0.0,-0.0,-0.0,0.0,-0.0,-0.0,-0.0,0.0,0.0,0.0,2e-06,0.0,-0.0,-0.0,-0.0,-0.0,0.0,0.0,-0.0,-0.0,-0.0,-0.0,0.0
2017-05-30 19:07:00+02:00,0.0,0.0,-0.0,-0.0,-0.0,-0.0,0.0,0.0,0.0,0.0,0.0,-0.0,1e-06,0.0,-0.0,-0.0,-0.0,0.0,-0.0,-0.0,0.0,-0.0,-0.0,-0.0,-0.0,-0.0,0.0,0.0,0.0,0.0,0.0,-0.0,0.0,-0.0,-0.0,0.0,-0.0,-0.0,0.0,-0.0,0.0,-0.0,-0.0,0.0,-0.0,-0.0,0.0,0.0,0.0,0.0,0.0,-0.0,-0.0,1e-06,-0.0,0.0,-0.0,-0.0,0.0,-0.0,0.0,-0.0,-0.0,0.0,-0.0,-0.0,0.0,0.0,0.0,0.0,0.0,-0.0,-0.0,-0.0,-0.0,0.0,-0.0,0.0,-0.0,-0.0,0.0,0.0,-0.0,-0.0,-0.0,-0.0,0.0,0.0,0.0,0.0,0.0,-0.0,0.0,0.0,-0.0,-0.0,-0.0,-0.0,0.0,-0.0,0.0,-0.0,0.0,0.0,0.0,3e-06,0.0,-0.0,-0.0,-0.0,0.0,0.0,0.0,-0.0,-0.0,-0.0,-0.0,0.0
2017-05-30 19:08:00+02:00,0.0,0.0,-0.0,-0.0,-0.0,-0.0,0.0,0.0,0.0,0.0,0.0,-0.0,1e-06,0.0,-0.0,-0.0,-0.0,0.0,-0.0,-0.0,0.0,-0.0,-0.0,-0.0,-0.0,-0.0,0.0,0.0,0.0,0.0,0.0,-0.0,0.0,-0.0,-0.0,0.0,-0.0,-0.0,0.0,-0.0,0.0,-0.0,-0.0,0.0,-0.0,-0.0,0.0,0.0,0.0,0.0,0.0,-0.0,-0.0,1e-06,-0.0,0.0,-0.0,-0.0,0.0,-0.0,0.0,-0.0,-0.0,0.0,-0.0,-0.0,0.0,0.0,0.0,0.0,0.0,-0.0,-0.0,-0.0,-0.0,0.0,-0.0,0.0,-0.0,-0.0,0.0,0.0,-0.0,-0.0,-0.0,-0.0,0.0,0.0,0.0,0.0,0.0,-0.0,0.0,0.0,-0.0,-0.0,-0.0,-0.0,0.0,-0.0,0.0,-0.0,0.0,0.0,0.0,3e-06,0.0,-0.0,-0.0,-0.0,0.0,0.0,0.0,-0.0,-0.0,-0.0,-0.0,0.0
2017-05-30 19:09:00+02:00,0.0,0.0,-0.0,-0.0,-0.0,-0.0,0.0,0.0,0.0,0.0,0.0,0.0,1e-06,0.0,-0.0,-0.0,-0.0,0.0,-0.0,-0.0,0.0,-0.0,-0.0,-0.0,-0.0,-0.0,0.0,0.0,0.0,0.0,0.0,0.0,0.0,-0.0,-0.0,0.0,-0.0,-0.0,0.0,-0.0,0.0,-0.0,-0.0,0.0,-0.0,-0.0,0.0,0.0,0.0,0.0,0.0,0.0,-0.0,1e-06,-0.0,0.0,-0.0,-0.0,0.0,-0.0,0.0,-0.0,-0.0,0.0,-0.0,-0.0,0.0,0.0,0.0,0.0,0.0,0.0,-0.0,-0.0,-0.0,0.0,-0.0,0.0,-0.0,-0.0,0.0,0.0,-0.0,-0.0,-0.0,-0.0,0.0,0.0,0.0,0.0,0.0,0.0,0.0,0.0,-0.0,-0.0,-0.0,-0.0,0.0,-0.0,0.0,-0.0,0.0,0.0,0.0,2e-06,0.0,-0.0,-0.0,-0.0,0.0,0.0,0.0,-0.0,-0.0,-0.0,-0.0,0.0
2017-05-30 19:10:00+02:00,0.0,0.0,-0.0,-0.0,-0.0,-0.0,0.0,0.0,0.0,0.0,0.0,0.0,0.0,0.0,-0.0,-0.0,-0.0,0.0,-0.0,-0.0,0.0,-0.0,-0.0,-0.0,-0.0,-0.0,0.0,0.0,0.0,0.0,0.0,0.0,0.0,-0.0,-0.0,0.0,-0.0,-0.0,0.0,-0.0,0.0,-0.0,-0.0,0.0,-0.0,-0.0,0.0,0.0,0.0,0.0,0.0,0.0,-0.0,1e-06,-0.0,0.0,-0.0,-0.0,0.0,-0.0,0.0,-0.0,-0.0,0.0,-0.0,-0.0,0.0,0.0,0.0,0.0,0.0,0.0,-0.0,-0.0,-0.0,0.0,-0.0,0.0,-0.0,-0.0,0.0,0.0,-0.0,-0.0,-0.0,-0.0,0.0,0.0,0.0,0.0,0.0,0.0,0.0,0.0,-0.0,-0.0,-0.0,-0.0,0.0,-0.0,0.0,-0.0,0.0,0.0,0.0,2e-06,0.0,-0.0,-0.0,-0.0,0.0,0.0,0.0,-0.0,-0.0,-0.0,-0.0,0.0
2017-05-30 19:11:00+02:00,0.0,0.0,-0.0,-0.0,-0.0,-0.0,0.0,0.0,0.0,0.0,0.0,0.0,0.0,0.0,-0.0,-0.0,-0.0,0.0,-0.0,-0.0,0.0,-0.0,-0.0,-0.0,-0.0,-0.0,0.0,0.0,0.0,0.0,0.0,0.0,0.0,-0.0,-0.0,0.0,-0.0,-0.0,0.0,-0.0,0.0,-0.0,-0.0,0.0,-0.0,-0.0,0.0,0.0,0.0,0.0,0.0,0.0,-0.0,0.0,-0.0,0.0,-0.0,-0.0,0.0,-0.0,0.0,-0.0,-0.0,0.0,-0.0,-0.0,0.0,0.0,0.0,0.0,0.0,0.0,-0.0,-0.0,-0.0,0.0,-0.0,0.0,-0.0,-0.0,0.0,0.0,-0.0,-0.0,-0.0,-0.0,0.0,0.0,0.0,0.0,0.0,0.0,0.0,0.0,-0.0,-0.0,-0.0,-0.0,0.0,-0.0,0.0,-0.0,0.0,0.0,0.0,1e-06,0.0,-0.0,-0.0,-0.0,0.0,0.0,0.0,-0.0,-0.0,-0.0,-0.0,0.0
2017-05-30 19:12:00+02:00,0.0,0.0,-0.0,-0.0,-0.0,-0.0,0.0,0.0,0.0,0.0,0.0,0.0,0.0,0.0,-0.0,-0.0,-0.0,0.0,-0.0,-0.0,0.0,-0.0,-0.0,-0.0,-0.0,-0.0,0.0,0.0,0.0,0.0,0.0,0.0,0.0,-0.0,-0.0,0.0,-0.0,-0.0,0.0,-0.0,0.0,-0.0,-0.0,0.0,-0.0,-0.0,0.0,0.0,0.0,0.0,0.0,0.0,0.0,0.0,-0.0,0.0,-0.0,-0.0,0.0,-0.0,0.0,-0.0,-0.0,0.0,-0.0,-0.0,0.0,0.0,0.0,0.0,0.0,0.0,0.0,-0.0,-0.0,0.0,-0.0,0.0,-0.0,-0.0,0.0,0.0,-0.0,-0.0,-0.0,-0.0,0.0,0.0,0.0,0.0,0.0,0.0,0.0,0.0,-0.0,-0.0,-0.0,-0.0,0.0,-0.0,0.0,-0.0,0.0,0.0,0.0,1e-06,0.0,-0.0,-0.0,-0.0,0.0,0.0,0.0,-0.0,-0.0,-0.0,-0.0,0.0
2017-05-30 19:13:00+02:00,0.0,0.0,-0.0,-0.0,-0.0,-0.0,0.0,0.0,0.0,0.0,0.0,0.0,0.0,0.0,-0.0,-0.0,-0.0,0.0,-0.0,-0.0,0.0,-0.0,-0.0,-0.0,-0.0,-0.0,0.0,0.0,0.0,0.0,0.0,0.0,0.0,-0.0,-0.0,0.0,-0.0,-0.0,0.0,-0.0,0.0,-0.0,-0.0,0.0,-0.0,-0.0,0.0,0.0,0.0,0.0,0.0,0.0,0.0,0.0,-0.0,0.0,-0.0,-0.0,0.0,-0.0,0.0,-0.0,-0.0,0.0,-0.0,-0.0,0.0,0.0,0.0,0.0,0.0,0.0,0.0,-0.0,-0.0,0.0,-0.0,0.0,-0.0,-0.0,0.0,0.0,-0.0,-0.0,-0.0,-0.0,0.0,0.0,0.0,0.0,0.0,0.0,0.0,0.0,-0.0,-0.0,-0.0,-0.0,0.0,-0.0,0.0,-0.0,0.0,0.0,0.0,1e-06,0.0,-0.0,-0.0,-0.0,0.0,0.0,0.0,-0.0,-0.0,-0.0,-0.0,0.0
2017-05-30 19:14:00+02:00,0.0,0.0,-0.0,-0.0,-0.0,-0.0,0.0,0.0,0.0,0.0,0.0,0.0,0.0,0.0,-0.0,-0.0,-0.0,0.0,-0.0,-0.0,0.0,-0.0,-0.0,-0.0,-0.0,-0.0,0.0,0.0,0.0,0.0,0.0,0.0,0.0,-0.0,-0.0,0.0,-0.0,-0.0,0.0,-0.0,0.0,-0.0,-0.0,0.0,-0.0,-0.0,0.0,0.0,0.0,0.0,0.0,0.0,0.0,0.0,-0.0,0.0,-0.0,-0.0,0.0,-0.0,0.0,-0.0,-0.0,0.0,-0.0,-0.0,0.0,0.0,0.0,0.0,0.0,0.0,0.0,-0.0,-0.0,0.0,-0.0,0.0,-0.0,-0.0,0.0,0.0,-0.0,-0.0,-0.0,-0.0,0.0,0.0,0.0,0.0,0.0,0.0,0.0,0.0,-0.0,-0.0,-0.0,-0.0,0.0,-0.0,0.0,-0.0,0.0,0.0,0.0,1e-06,0.0,-0.0,-0.0,-0.0,0.0,0.0,0.0,-0.0,-0.0,-0.0,-0.0,0.0
2017-05-30 19:15:00+02:00,0.0,0.0,-0.0,-0.0,-0.0,-0.0,0.0,0.0,0.0,0.0,0.0,0.0,0.0,0.0,-0.0,-0.0,-0.0,0.0,-0.0,-0.0,0.0,-0.0,-0.0,-0.0,-0.0,-0.0,0.0,0.0,0.0,0.0,0.0,0.0,0.0,-0.0,-0.0,0.0,-0.0,-0.0,0.0,-0.0,0.0,-0.0,-0.0,0.0,-0.0,-0.0,0.0,0.0,0.0,0.0,0.0,0.0,0.0,0.0,-0.0,0.0,-0.0,-0.0,0.0,-0.0,0.0,-0.0,-0.0,0.0,-0.0,-0.0,0.0,0.0,0.0,0.0,0.0,0.0,0.0,-0.0,-0.0,0.0,-0.0,0.0,-0.0,-0.0,0.0,0.0,-0.0,-0.0,-0.0,-0.0,0.0,0.0,0.0,0.0,0.0,0.0,0.0,0.0,-0.0,-0.0,-0.0,-0.0,0.0,-0.0,0.0,-0.0,0.0,0.0,0.0,1e-06,0.0,-0.0,-0.0,-0.0,0.0,0.0,0.0,-0.0,-0.0,-0.0,-0.0,0.0
2017-05-30 19:16:00+02:00,0.0,0.0,-0.0,-0.0,-0.0,-0.0,0.0,0.0,0.0,0.0,0.0,0.0,0.0,0.0,-0.0,-0.0,-0.0,0.0,-0.0,-0.0,0.0,-0.0,-0.0,-0.0,-0.0,-0.0,0.0,0.0,0.0,0.0,0.0,0.0,0.0,-0.0,-0.0,0.0,-0.0,-0.0,0.0,-0.0,0.0,-0.0,-0.0,0.0,-0.0,-0.0,0.0,0.0,0.0,0.0,0.0,0.0,0.0,0.0,-0.0,0.0,-0.0,-0.0,0.0,-0.0,0.0,-0.0,-0.0,0.0,-0.0,-0.0,0.0,0.0,0.0,0.0,0.0,0.0,0.0,-0.0,-0.0,0.0,-0.0,0.0,-0.0,-0.0,0.0,0.0,-0.0,-0.0,-0.0,-0.0,0.0,0.0,0.0,0.0,0.0,0.0,0.0,0.0,-0.0,-0.0,-0.0,-0.0,0.0,-0.0,0.0,-0.0,0.0,0.0,0.0,0.0,0.0,-0.0,-0.0,-0.0,0.0,0.0,0.0,-0.0,-0.0,-0.0,-0.0,0.0
2017-05-30 19:17:00+02:00,0.0,0.0,-0.0,-0.0,-0.0,-0.0,0.0,0.0,0.0,0.0,0.0,0.0,0.0,0.0,-0.0,-0.0,-0.0,0.0,-0.0,-0.0,0.0,-0.0,-0.0,-0.0,-0.0,-0.0,0.0,0.0,0.0,0.0,0.0,0.0,0.0,-0.0,-0.0,0.0,-0.0,-0.0,0.0,-0.0,0.0,-0.0,-0.0,0.0,-0.0,-0.0,0.0,0.0,0.0,0.0,0.0,0.0,0.0,0.0,-0.0,0.0,-0.0,-0.0,0.0,-0.0,0.0,-0.0,-0.0,0.0,-0.0,-0.0,0.0,0.0,0.0,0.0,0.0,0.0,0.0,-0.0,-0.0,0.0,-0.0,0.0,-0.0,-0.0,0.0,0.0,-0.0,-0.0,-0.0,-0.0,0.0,0.0,0.0,0.0,0.0,0.0,0.0,0.0,-0.0,-0.0,-0.0,-0.0,0.0,-0.0,0.0,-0.0,0.0,0.0,0.0,0.0,0.0,-0.0,-0.0,-0.0,0.0,0.0,0.0,-0.0,-0.0,-0.0,-0.0,0.0
2017-05-30 19:18:00+02:00,0.0,0.0,-0.0,-0.0,-0.0,-0.0,0.0,0.0,0.0,0.0,0.0,0.0,0.0,0.0,-0.0,-0.0,-0.0,0.0,-0.0,-0.0,0.0,-0.0,-0.0,-0.0,-0.0,-0.0,0.0,0.0,0.0,0.0,0.0,0.0,0.0,-0.0,-0.0,0.0,-0.0,-0.0,0.0,-0.0,0.0,-0.0,-0.0,0.0,-0.0,-0.0,0.0,0.0,0.0,0.0,0.0,0.0,0.0,0.0,-0.0,0.0,-0.0,-0.0,0.0,-0.0,0.0,-0.0,-0.0,0.0,-0.0,-0.0,0.0,0.0,0.0,0.0,0.0,0.0,0.0,-0.0,-0.0,0.0,-0.0,0.0,-0.0,-0.0,0.0,0.0,-0.0,-0.0,-0.0,-0.0,0.0,0.0,0.0,0.0,0.0,0.0,0.0,0.0,-0.0,-0.0,-0.0,-0.0,0.0,-0.0,0.0,-0.0,0.0,0.0,0.0,0.0,0.0,-0.0,-0.0,-0.0,0.0,0.0,0.0,-0.0,-0.0,-0.0,-0.0,0.0
2017-05-30 19:19:00+02:00,0.0,0.0,-0.0,-0.0,-0.0,-0.0,0.0,0.0,0.0,0.0,0.0,0.0,0.0,0.0,-0.0,-0.0,-0.0,0.0,-0.0,-0.0,0.0,-0.0,-0.0,-0.0,-0.0,-0.0,0.0,0.0,0.0,0.0,0.0,0.0,0.0,-0.0,-0.0,0.0,-0.0,-0.0,0.0,-0.0,0.0,-0.0,-0.0,0.0,-0.0,-0.0,0.0,0.0,0.0,0.0,0.0,0.0,0.0,0.0,-0.0,0.0,-0.0,-0.0,0.0,-0.0,0.0,-0.0,-0.0,0.0,-0.0,-0.0,0.0,0.0,0.0,0.0,0.0,0.0,0.0,-0.0,-0.0,0.0,-0.0,0.0,-0.0,-0.0,0.0,0.0,-0.0,-0.0,-0.0,-0.0,0.0,0.0,0.0,0.0,0.0,0.0,0.0,0.0,-0.0,-0.0,-0.0,-0.0,0.0,-0.0,0.0,-0.0,0.0,0.0,0.0,0.0,0.0,-0.0,-0.0,-0.0,0.0,0.0,0.0,-0.0,-0.0,-0.0,-0.0,0.0
2017-05-30 19:20:00+02:00,0.0,0.0,-0.0,-0.0,-0.0,-0.0,0.0,0.0,0.0,0.0,0.0,0.0,0.0,0.0,-0.0,-0.0,-0.0,0.0,-0.0,-0.0,0.0,-0.0,-0.0,-0.0,-0.0,-0.0,0.0,0.0,0.0,0.0,0.0,0.0,0.0,-0.0,-0.0,0.0,-0.0,-0.0,0.0,-0.0,0.0,-0.0,-0.0,0.0,-0.0,-0.0,0.0,0.0,0.0,0.0,0.0,0.0,0.0,0.0,-0.0,0.0,-0.0,-0.0,0.0,-0.0,0.0,-0.0,-0.0,0.0,-0.0,-0.0,0.0,0.0,0.0,0.0,0.0,0.0,0.0,-0.0,-0.0,0.0,-0.0,0.0,-0.0,-0.0,0.0,0.0,-0.0,-0.0,-0.0,-0.0,0.0,0.0,0.0,0.0,0.0,0.0,0.0,0.0,-0.0,-0.0,-0.0,-0.0,0.0,-0.0,0.0,-0.0,0.0,0.0,0.0,0.0,0.0,-0.0,-0.0,-0.0,0.0,0.0,0.0,-0.0,-0.0,-0.0,-0.0,0.0
2017-05-30 19:21:00+02:00,0.0,0.0,-0.0,-0.0,-0.0,-0.0,0.0,0.0,0.0,0.0,0.0,0.0,0.0,0.0,-0.0,-0.0,-0.0,0.0,-0.0,-0.0,0.0,-0.0,-0.0,-0.0,-0.0,-0.0,0.0,0.0,0.0,0.0,0.0,0.0,0.0,-0.0,-0.0,0.0,-0.0,-0.0,0.0,-0.0,0.0,-0.0,-0.0,0.0,-0.0,-0.0,0.0,0.0,0.0,0.0,0.0,0.0,0.0,0.0,-0.0,0.0,-0.0,-0.0,0.0,-0.0,0.0,-0.0,-0.0,0.0,-0.0,-0.0,0.0,0.0,0.0,0.0,0.0,0.0,0.0,-0.0,-0.0,0.0,-0.0,0.0,-0.0,-0.0,0.0,0.0,-0.0,-0.0,-0.0,-0.0,0.0,0.0,0.0,0.0,0.0,0.0,0.0,0.0,-0.0,-0.0,-0.0,-0.0,0.0,-0.0,0.0,-0.0,0.0,0.0,0.0,0.0,0.0,-0.0,-0.0,-0.0,0.0,0.0,0.0,-0.0,-0.0,-0.0,-0.0,0.0
2017-05-30 19:22:00+02:00,0.0,0.0,-0.0,-0.0,-0.0,-0.0,0.0,0.0,0.0,0.0,0.0,0.0,0.0,0.0,-0.0,-0.0,-0.0,0.0,-0.0,-0.0,0.0,-0.0,-0.0,-0.0,-0.0,-0.0,0.0,0.0,0.0,0.0,0.0,0.0,0.0,-0.0,-0.0,0.0,-0.0,-0.0,0.0,-0.0,0.0,-0.0,-0.0,0.0,-0.0,-0.0,0.0,0.0,0.0,0.0,0.0,0.0,0.0,0.0,-0.0,0.0,-0.0,-0.0,0.0,-0.0,0.0,-0.0,-0.0,0.0,-0.0,-0.0,0.0,0.0,0.0,0.0,0.0,0.0,0.0,-0.0,-0.0,0.0,-0.0,0.0,-0.0,-0.0,0.0,0.0,-0.0,-0.0,-0.0,-0.0,0.0,0.0,0.0,0.0,0.0,0.0,0.0,0.0,-0.0,-0.0,-0.0,-0.0,0.0,-0.0,0.0,-0.0,0.0,0.0,0.0,0.0,0.0,-0.0,-0.0,-0.0,0.0,0.0,0.0,-0.0,-0.0,-0.0,-0.0,0.0
2017-05-30 19:23:00+02:00,0.0,0.0,-0.0,-0.0,-0.0,-0.0,0.0,0.0,0.0,0.0,0.0,0.0,0.0,0.0,-0.0,-0.0,-0.0,0.0,-0.0,-0.0,0.0,-0.0,-0.0,-0.0,-0.0,-0.0,0.0,0.0,0.0,0.0,0.0,0.0,0.0,-0.0,-0.0,0.0,-0.0,-0.0,0.0,-0.0,0.0,-0.0,-0.0,0.0,-0.0,-0.0,0.0,0.0,0.0,0.0,0.0,0.0,0.0,0.0,-0.0,0.0,-0.0,-0.0,0.0,-0.0,0.0,-0.0,-0.0,0.0,-0.0,-0.0,0.0,0.0,0.0,0.0,0.0,0.0,0.0,-0.0,-0.0,0.0,-0.0,0.0,-0.0,-0.0,0.0,0.0,-0.0,-0.0,-0.0,-0.0,0.0,0.0,0.0,0.0,0.0,0.0,0.0,0.0,-0.0,-0.0,-0.0,-0.0,0.0,-0.0,0.0,-0.0,0.0,0.0,0.0,0.0,0.0,-0.0,-0.0,-0.0,0.0,0.0,0.0,-0.0,-0.0,-0.0,-0.0,0.0
2017-05-30 19:24:00+02:00,0.0,0.0,-0.0,-0.0,-0.0,-0.0,0.0,0.0,0.0,0.0,0.0,0.0,0.0,0.0,-0.0,-0.0,-0.0,0.0,-0.0,-0.0,0.0,-0.0,-0.0,-0.0,-0.0,-0.0,0.0,0.0,0.0,0.0,0.0,0.0,0.0,-0.0,-0.0,0.0,-0.0,-0.0,0.0,-0.0,0.0,-0.0,-0.0,0.0,-0.0,-0.0,0.0,0.0,0.0,0.0,0.0,0.0,0.0,0.0,-0.0,0.0,-0.0,-0.0,0.0,-0.0,0.0,-0.0,-0.0,0.0,-0.0,-0.0,0.0,0.0,0.0,0.0,0.0,0.0,0.0,-0.0,-0.0,0.0,-0.0,0.0,-0.0,-0.0,0.0,0.0,-0.0,-0.0,-0.0,-0.0,0.0,0.0,0.0,0.0,0.0,0.0,0.0,0.0,-0.0,-0.0,-0.0,-0.0,0.0,-0.0,0.0,-0.0,0.0,0.0,0.0,0.0,0.0,-0.0,-0.0,-0.0,0.0,0.0,0.0,-0.0,-0.0,-0.0,-0.0,0.0
2017-05-30 19:25:00+02:00,0.0,0.0,-0.0,-0.0,-0.0,-0.0,0.0,0.0,0.0,0.0,0.0,0.0,0.0,0.0,-0.0,-0.0,-0.0,0.0,-0.0,-0.0,0.0,-0.0,-0.0,-0.0,-0.0,-0.0,0.0,0.0,0.0,0.0,0.0,0.0,0.0,-0.0,-0.0,0.0,-0.0,-0.0,0.0,-0.0,0.0,-0.0,-0.0,0.0,-0.0,-0.0,0.0,0.0,0.0,0.0,0.0,0.0,0.0,0.0,-0.0,0.0,-0.0,-0.0,0.0,-0.0,0.0,-0.0,-0.0,0.0,-0.0,-0.0,0.0,0.0,0.0,0.0,0.0,0.0,0.0,-0.0,0.0,0.0,-0.0,0.0,-0.0,-0.0,0.0,0.0,-0.0,-0.0,-0.0,-0.0,0.0,0.0,0.0,0.0,0.0,0.0,0.0,0.0,-0.0,-0.0,-0.0,-0.0,0.0,-0.0,0.0,-0.0,0.0,0.0,0.0,0.0,0.0,-0.0,-0.0,-0.0,0.0,0.0,0.0,-0.0,-0.0,-0.0,-0.0,0.0
2017-05-30 19:26:00+02:00,0.0,0.0,-0.0,-0.0,-0.0,-0.0,0.0,0.0,0.0,0.0,0.0,0.0,0.0,0.0,-0.0,-0.0,-0.0,0.0,-0.0,-0.0,0.0,-0.0,-0.0,-0.0,-0.0,-0.0,0.0,0.0,0.0,0.0,0.0,0.0,0.0,-0.0,-0.0,0.0,-0.0,-0.0,0.0,-0.0,0.0,-0.0,-0.0,0.0,-0.0,-0.0,0.0,0.0,0.0,0.0,0.0,0.0,0.0,0.0,-0.0,0.0,-0.0,-0.0,0.0,-0.0,0.0,-0.0,-0.0,0.0,-0.0,-0.0,0.0,0.0,0.0,0.0,0.0,0.0,0.0,-0.0,0.0,0.0,-0.0,0.0,-0.0,-0.0,0.0,0.0,-0.0,-0.0,-0.0,-0.0,0.0,0.0,0.0,0.0,0.0,0.0,0.0,0.0,-0.0,-0.0,-0.0,-0.0,0.0,-0.0,0.0,-0.0,0.0,0.0,0.0,0.0,0.0,-0.0,-0.0,-0.0,0.0,0.0,0.0,-0.0,-0.0,-0.0,-0.0,0.0
2017-05-30 19:27:00+02:00,0.0,0.0,-0.0,-0.0,-0.0,-0.0,0.0,0.0,0.0,0.0,0.0,0.0,0.0,0.0,-0.0,-0.0,-0.0,0.0,-0.0,-0.0,0.0,-0.0,-0.0,-0.0,-0.0,-0.0,0.0,0.0,0.0,0.0,0.0,0.0,0.0,-0.0,-0.0,0.0,-0.0,-0.0,0.0,-0.0,0.0,-0.0,-0.0,0.0,-0.0,-0.0,0.0,0.0,0.0,0.0,0.0,0.0,0.0,0.0,-0.0,0.0,-0.0,-0.0,0.0,-0.0,0.0,-0.0,-0.0,0.0,-0.0,-0.0,0.0,0.0,0.0,0.0,0.0,0.0,0.0,-0.0,0.0,0.0,-0.0,0.0,-0.0,-0.0,0.0,0.0,-0.0,-0.0,-0.0,-0.0,0.0,0.0,0.0,0.0,0.0,0.0,0.0,0.0,-0.0,-0.0,-0.0,-0.0,0.0,-0.0,0.0,-0.0,0.0,0.0,0.0,0.0,0.0,-0.0,-0.0,-0.0,0.0,0.0,0.0,-0.0,-0.0,-0.0,-0.0,0.0
2017-05-30 19:28:00+02:00,0.0,0.0,-0.0,-0.0,-0.0,-0.0,0.0,0.0,0.0,0.0,0.0,0.0,0.0,0.0,-0.0,-0.0,-0.0,0.0,-0.0,-0.0,0.0,-0.0,-0.0,-0.0,-0.0,-0.0,0.0,0.0,0.0,0.0,0.0,0.0,0.0,-0.0,-0.0,0.0,-0.0,-0.0,0.0,-0.0,0.0,-0.0,-0.0,0.0,-0.0,-0.0,0.0,0.0,0.0,0.0,0.0,0.0,0.0,0.0,-0.0,0.0,-0.0,-0.0,0.0,-0.0,0.0,-0.0,-0.0,0.0,-0.0,-0.0,0.0,0.0,0.0,0.0,0.0,0.0,0.0,-0.0,0.0,0.0,-0.0,0.0,-0.0,-0.0,0.0,0.0,-0.0,-0.0,-0.0,-0.0,0.0,0.0,0.0,0.0,0.0,0.0,0.0,0.0,-0.0,-0.0,-0.0,-0.0,0.0,-0.0,0.0,-0.0,0.0,0.0,0.0,0.0,0.0,-0.0,-0.0,-0.0,0.0,0.0,0.0,-0.0,-0.0,-0.0,-0.0,0.0
2017-05-30 19:29:00+02:00,0.0,0.0,-0.0,-0.0,-0.0,-0.0,0.0,0.0,0.0,0.0,0.0,0.0,0.0,0.0,-0.0,-0.0,-0.0,0.0,-0.0,-0.0,0.0,-0.0,-0.0,-0.0,-0.0,-0.0,0.0,0.0,0.0,0.0,0.0,0.0,0.0,-0.0,-0.0,0.0,-0.0,-0.0,0.0,-0.0,0.0,-0.0,-0.0,0.0,-0.0,-0.0,0.0,0.0,0.0,0.0,0.0,0.0,0.0,0.0,-0.0,0.0,-0.0,-0.0,0.0,-0.0,0.0,-0.0,-0.0,0.0,-0.0,-0.0,0.0,0.0,0.0,0.0,0.0,0.0,0.0,-0.0,0.0,0.0,-0.0,0.0,-0.0,-0.0,0.0,0.0,-0.0,-0.0,-0.0,-0.0,0.0,0.0,0.0,0.0,0.0,0.0,0.0,0.0,-0.0,-0.0,-0.0,-0.0,0.0,-0.0,0.0,-0.0,0.0,0.0,0.0,1e-06,0.0,-0.0,-0.0,-0.0,0.0,0.0,0.0,-0.0,-0.0,-0.0,-0.0,0.0
2017-05-30 19:30:00+02:00,0.0,0.0,-0.0,-0.0,-0.0,-0.0,0.0,0.0,0.0,0.0,0.0,0.0,0.0,0.0,-0.0,-0.0,-0.0,0.0,-0.0,-0.0,0.0,-0.0,-0.0,-0.0,-0.0,-0.0,0.0,0.0,0.0,0.0,0.0,0.0,0.0,-0.0,-0.0,0.0,-0.0,-0.0,0.0,-0.0,0.0,-0.0,-0.0,0.0,-0.0,-0.0,0.0,0.0,0.0,0.0,0.0,0.0,0.0,0.0,-0.0,0.0,-0.0,-0.0,0.0,-0.0,0.0,-0.0,-0.0,0.0,-0.0,-0.0,0.0,0.0,0.0,0.0,0.0,0.0,0.0,-0.0,0.0,0.0,-0.0,0.0,-0.0,-0.0,0.0,0.0,-0.0,-0.0,-0.0,-0.0,0.0,0.0,0.0,0.0,0.0,0.0,0.0,0.0,-0.0,-0.0,-0.0,-0.0,0.0,-0.0,0.0,-0.0,0.0,0.0,0.0,1e-06,0.0,-0.0,-0.0,-0.0,0.0,0.0,0.0,-0.0,-0.0,-0.0,-0.0,0.0
2017-05-30 19:31:00+02:00,0.0,0.0,-0.0,-0.0,-0.0,-0.0,0.0,0.0,0.0,0.0,0.0,0.0,0.0,0.0,-0.0,-0.0,-0.0,0.0,-0.0,-0.0,0.0,-0.0,-0.0,-0.0,-0.0,-0.0,0.0,0.0,0.0,0.0,0.0,0.0,0.0,-0.0,-0.0,0.0,-0.0,-0.0,0.0,-0.0,0.0,-0.0,-0.0,0.0,-0.0,-0.0,0.0,0.0,0.0,0.0,0.0,0.0,0.0,0.0,-0.0,0.0,-0.0,-0.0,0.0,-0.0,0.0,-0.0,-0.0,0.0,-0.0,-0.0,0.0,0.0,0.0,0.0,0.0,0.0,0.0,-0.0,0.0,0.0,-0.0,0.0,-0.0,-0.0,0.0,0.0,-0.0,-0.0,-0.0,-0.0,0.0,0.0,0.0,0.0,0.0,0.0,0.0,0.0,-0.0,-0.0,-0.0,-0.0,0.0,-0.0,0.0,-0.0,0.0,0.0,0.0,0.0,0.0,-0.0,-0.0,-0.0,0.0,0.0,0.0,-0.0,-0.0,-0.0,-0.0,0.0
2017-05-30 19:32:00+02:00,0.0,0.0,-0.0,-0.0,-0.0,-0.0,0.0,0.0,0.0,0.0,0.0,0.0,0.0,0.0,-0.0,-0.0,-0.0,0.0,-0.0,-0.0,0.0,-0.0,-0.0,-0.0,-0.0,-0.0,0.0,0.0,0.0,0.0,0.0,0.0,0.0,-0.0,-0.0,0.0,-0.0,-0.0,0.0,-0.0,0.0,-0.0,-0.0,0.0,-0.0,-0.0,0.0,0.0,0.0,0.0,0.0,0.0,0.0,0.0,-0.0,0.0,-0.0,-0.0,0.0,-0.0,0.0,-0.0,-0.0,0.0,-0.0,-0.0,0.0,0.0,0.0,0.0,0.0,0.0,0.0,-0.0,0.0,0.0,-0.0,0.0,-0.0,-0.0,0.0,0.0,-0.0,-0.0,-0.0,-0.0,0.0,0.0,0.0,0.0,0.0,0.0,0.0,0.0,-0.0,-0.0,-0.0,-0.0,0.0,-0.0,0.0,-0.0,0.0,0.0,0.0,0.0,0.0,-0.0,-0.0,-0.0,0.0,0.0,0.0,-0.0,-0.0,-0.0,-0.0,0.0
2017-05-30 19:33:00+02:00,0.0,0.0,0.0,0.0,0.0,0.0,0.0,0.0,0.0,0.0,0.0,0.0,0.0,0.0,0.0,0.0,0.0,0.0,0.0,0.0,0.0,0.0,0.0,0.0,0.0,0.0,0.0,0.0,0.0,0.0,0.0,0.0,0.0,0.0,0.0,0.0,0.0,0.0,0.0,0.0,0.0,0.0,0.0,0.0,0.0,0.0,0.0,0.0,0.0,0.0,0.0,0.0,0.0,0.0,0.0,0.0,0.0,0.0,0.0,0.0,0.0,0.0,0.0,0.0,0.0,0.0,0.0,0.0,0.0,0.0,0.0,0.0,0.0,0.0,0.0,0.0,0.0,0.0,0.0,0.0,0.0,0.0,0.0,0.0,0.0,0.0,0.0,0.0,0.0,0.0,0.0,0.0,0.0,0.0,0.0,0.0,0.0,0.0,0.0,0.0,0.0,0.0,0.0,0.0,0.0,0.0,0.0,0.0,0.0,0.0,0.0,0.0,0.0,0.0,0.0,0.0,0.0,0.0
2017-05-30 19:34:00+02:00,0.0,0.0,0.0,0.0,0.0,0.0,0.0,0.0,0.0,0.0,0.0,0.0,0.0,0.0,0.0,0.0,0.0,0.0,0.0,0.0,0.0,0.0,0.0,0.0,0.0,0.0,0.0,0.0,0.0,0.0,0.0,0.0,0.0,0.0,0.0,0.0,0.0,0.0,0.0,0.0,0.0,0.0,0.0,0.0,0.0,0.0,0.0,0.0,0.0,0.0,0.0,0.0,0.0,0.0,0.0,0.0,0.0,0.0,0.0,0.0,0.0,0.0,0.0,0.0,0.0,0.0,0.0,0.0,0.0,0.0,0.0,0.0,0.0,0.0,0.0,0.0,0.0,0.0,0.0,0.0,0.0,0.0,0.0,0.0,0.0,0.0,0.0,0.0,0.0,0.0,0.0,0.0,0.0,0.0,0.0,0.0,0.0,0.0,0.0,0.0,0.0,0.0,0.0,0.0,0.0,0.0,0.0,0.0,0.0,0.0,0.0,0.0,0.0,0.0,0.0,0.0,0.0,0.0
2017-05-30 19:35:00+02:00,0.0,0.0,0.0,0.0,0.0,0.0,0.0,0.0,0.0,0.0,0.0,0.0,0.0,0.0,0.0,0.0,0.0,0.0,0.0,0.0,0.0,0.0,0.0,0.0,0.0,0.0,0.0,0.0,0.0,0.0,0.0,0.0,0.0,0.0,0.0,0.0,0.0,0.0,0.0,0.0,0.0,0.0,0.0,0.0,0.0,0.0,0.0,0.0,0.0,0.0,0.0,0.0,0.0,0.0,0.0,0.0,0.0,0.0,0.0,0.0,0.0,0.0,0.0,0.0,0.0,0.0,0.0,0.0,0.0,0.0,0.0,0.0,0.0,0.0,0.0,0.0,0.0,0.0,0.0,0.0,0.0,0.0,0.0,0.0,0.0,0.0,0.0,0.0,0.0,0.0,0.0,0.0,0.0,0.0,0.0,0.0,0.0,0.0,0.0,0.0,0.0,0.0,0.0,0.0,0.0,0.0,0.0,0.0,0.0,0.0,0.0,0.0,0.0,0.0,0.0,0.0,0.0,0.0
2017-05-30 19:36:00+02:00,0.0,0.0,0.0,0.0,0.0,0.0,0.0,0.0,0.0,0.0,0.0,0.0,0.0,0.0,0.0,0.0,0.0,0.0,0.0,0.0,0.0,0.0,0.0,0.0,0.0,0.0,0.0,0.0,0.0,0.0,0.0,0.0,0.0,0.0,0.0,0.0,0.0,0.0,0.0,0.0,0.0,0.0,0.0,0.0,0.0,0.0,0.0,0.0,0.0,0.0,0.0,0.0,0.0,0.0,0.0,0.0,0.0,0.0,0.0,0.0,0.0,0.0,0.0,0.0,0.0,0.0,0.0,0.0,0.0,0.0,0.0,0.0,0.0,0.0,0.0,0.0,0.0,0.0,0.0,0.0,0.0,0.0,0.0,0.0,0.0,0.0,0.0,0.0,0.0,0.0,0.0,0.0,0.0,0.0,0.0,0.0,0.0,0.0,0.0,0.0,0.0,0.0,0.0,0.0,0.0,0.0,0.0,0.0,0.0,0.0,0.0,0.0,0.0,0.0,0.0,0.0,0.0,0.0
2017-05-30 19:37:00+02:00,0.0,0.0,0.0,0.0,0.0,0.0,0.0,0.0,0.0,0.0,0.0,0.0,0.0,0.0,0.0,0.0,0.0,0.0,0.0,0.0,0.0,0.0,0.0,0.0,0.0,0.0,0.0,0.0,0.0,0.0,0.0,0.0,0.0,0.0,0.0,0.0,0.0,0.0,0.0,0.0,0.0,0.0,0.0,0.0,0.0,0.0,0.0,0.0,0.0,0.0,0.0,0.0,0.0,0.0,0.0,0.0,0.0,0.0,0.0,0.0,0.0,0.0,0.0,0.0,0.0,0.0,0.0,0.0,0.0,0.0,0.0,0.0,0.0,0.0,0.0,0.0,0.0,0.0,0.0,0.0,0.0,0.0,0.0,0.0,0.0,0.0,0.0,0.0,0.0,0.0,0.0,0.0,0.0,0.0,0.0,0.0,0.0,0.0,0.0,0.0,0.0,0.0,0.0,0.0,0.0,0.0,0.0,0.0,0.0,0.0,0.0,0.0,0.0,0.0,0.0,0.0,0.0,0.0
2017-05-30 19:38:00+02:00,0.0,0.0,0.0,0.0,0.0,0.0,0.0,0.0,0.0,0.0,0.0,0.0,0.0,0.0,0.0,0.0,0.0,0.0,0.0,0.0,0.0,0.0,0.0,0.0,0.0,0.0,0.0,0.0,0.0,0.0,0.0,0.0,0.0,0.0,0.0,0.0,0.0,0.0,0.0,0.0,0.0,0.0,0.0,0.0,0.0,0.0,0.0,0.0,0.0,0.0,0.0,0.0,0.0,0.0,0.0,0.0,0.0,0.0,0.0,0.0,0.0,0.0,0.0,0.0,0.0,0.0,0.0,0.0,0.0,0.0,0.0,0.0,0.0,0.0,0.0,0.0,0.0,0.0,0.0,0.0,0.0,0.0,0.0,0.0,0.0,0.0,0.0,0.0,0.0,0.0,0.0,0.0,0.0,0.0,0.0,0.0,0.0,0.0,0.0,0.0,0.0,0.0,0.0,0.0,0.0,0.0,0.0,0.0,0.0,0.0,0.0,0.0,0.0,0.0,0.0,0.0,0.0,0.0
2017-05-30 19:39:00+02:00,0.0,0.0,0.0,0.0,0.0,0.0,0.0,0.0,0.0,0.0,0.0,0.0,0.0,0.0,0.0,0.0,0.0,0.0,0.0,0.0,0.0,0.0,0.0,0.0,0.0,0.0,0.0,0.0,0.0,0.0,0.0,0.0,0.0,0.0,0.0,0.0,0.0,0.0,0.0,0.0,0.0,0.0,0.0,0.0,0.0,0.0,0.0,0.0,0.0,0.0,0.0,0.0,0.0,0.0,0.0,0.0,0.0,0.0,0.0,0.0,0.0,0.0,0.0,0.0,0.0,0.0,0.0,0.0,0.0,0.0,0.0,0.0,0.0,0.0,0.0,0.0,0.0,0.0,0.0,0.0,0.0,0.0,0.0,0.0,0.0,0.0,0.0,0.0,0.0,0.0,0.0,0.0,0.0,0.0,0.0,0.0,0.0,0.0,0.0,0.0,0.0,0.0,0.0,0.0,0.0,0.0,0.0,0.0,0.0,0.0,0.0,0.0,0.0,0.0,0.0,0.0,0.0,0.0
2017-05-30 19:40:00+02:00,0.0,0.0,0.0,0.0,0.0,0.0,0.0,0.0,0.0,0.0,0.0,0.0,0.0,0.0,0.0,0.0,0.0,0.0,0.0,0.0,0.0,0.0,0.0,0.0,0.0,0.0,0.0,0.0,0.0,0.0,0.0,0.0,0.0,0.0,0.0,0.0,0.0,0.0,0.0,0.0,0.0,0.0,0.0,0.0,0.0,0.0,0.0,0.0,0.0,0.0,0.0,0.0,0.0,0.0,0.0,0.0,0.0,0.0,0.0,0.0,0.0,0.0,0.0,0.0,0.0,0.0,0.0,0.0,0.0,0.0,0.0,0.0,0.0,0.0,0.0,0.0,0.0,0.0,0.0,0.0,0.0,0.0,0.0,0.0,0.0,0.0,0.0,0.0,0.0,0.0,0.0,0.0,0.0,0.0,0.0,0.0,0.0,0.0,0.0,0.0,0.0,0.0,0.0,0.0,0.0,0.0,0.0,0.0,0.0,0.0,0.0,0.0,0.0,0.0,0.0,0.0,0.0,0.0
2017-05-30 19:41:00+02:00,0.0,0.0,0.0,0.0,0.0,0.0,0.0,0.0,0.0,0.0,0.0,0.0,0.0,0.0,0.0,0.0,0.0,0.0,0.0,0.0,0.0,0.0,0.0,0.0,0.0,0.0,0.0,0.0,0.0,0.0,0.0,0.0,0.0,0.0,0.0,0.0,0.0,0.0,0.0,0.0,0.0,0.0,0.0,0.0,0.0,0.0,0.0,0.0,0.0,0.0,0.0,0.0,0.0,0.0,0.0,0.0,0.0,0.0,0.0,0.0,0.0,0.0,0.0,0.0,0.0,0.0,0.0,0.0,0.0,0.0,0.0,0.0,0.0,0.0,0.0,0.0,0.0,0.0,0.0,0.0,0.0,0.0,0.0,0.0,0.0,0.0,0.0,0.0,0.0,0.0,0.0,0.0,0.0,0.0,0.0,0.0,0.0,0.0,0.0,0.0,0.0,0.0,0.0,0.0,0.0,0.0,0.0,0.0,0.0,0.0,0.0,0.0,0.0,0.0,0.0,0.0,0.0,0.0
2017-05-30 19:42:00+02:00,0.0,0.0,0.0,0.0,0.0,0.0,0.0,0.0,0.0,0.0,0.0,0.0,0.0,0.0,0.0,0.0,0.0,0.0,0.0,0.0,0.0,0.0,0.0,0.0,0.0,0.0,0.0,0.0,0.0,0.0,0.0,0.0,0.0,0.0,0.0,0.0,0.0,0.0,0.0,0.0,0.0,0.0,0.0,0.0,0.0,0.0,0.0,0.0,0.0,0.0,0.0,0.0,0.0,0.0,0.0,0.0,0.0,0.0,0.0,0.0,0.0,0.0,0.0,0.0,0.0,0.0,0.0,0.0,0.0,0.0,0.0,0.0,0.0,0.0,0.0,0.0,0.0,0.0,0.0,0.0,0.0,0.0,0.0,0.0,0.0,0.0,0.0,0.0,0.0,0.0,0.0,0.0,0.0,0.0,0.0,0.0,0.0,0.0,0.0,0.0,0.0,0.0,0.0,0.0,0.0,0.0,0.0,0.0,0.0,0.0,0.0,0.0,0.0,0.0,0.0,0.0,0.0,0.0
2017-05-30 19:43:00+02:00,0.0,0.0,0.0,0.0,0.0,0.0,0.0,0.0,0.0,0.0,0.0,0.0,0.0,0.0,0.0,0.0,0.0,0.0,0.0,0.0,0.0,0.0,0.0,0.0,0.0,0.0,0.0,0.0,0.0,0.0,0.0,0.0,0.0,0.0,0.0,0.0,0.0,0.0,0.0,0.0,0.0,0.0,0.0,0.0,0.0,0.0,0.0,0.0,0.0,0.0,0.0,0.0,0.0,0.0,0.0,0.0,0.0,0.0,0.0,0.0,0.0,0.0,0.0,0.0,0.0,0.0,0.0,0.0,0.0,0.0,0.0,0.0,0.0,0.0,0.0,0.0,0.0,0.0,0.0,0.0,0.0,0.0,0.0,0.0,0.0,0.0,0.0,0.0,0.0,0.0,0.0,0.0,0.0,0.0,0.0,0.0,0.0,0.0,0.0,0.0,0.0,0.0,0.0,0.0,0.0,0.0,0.0,0.0,0.0,0.0,0.0,0.0,0.0,0.0,0.0,0.0,0.0,0.0
2017-05-30 19:44:00+02:00,0.0,0.0,0.0,0.0,0.0,0.0,0.0,0.0,0.0,0.0,0.0,0.0,0.0,0.0,0.0,0.0,0.0,0.0,0.0,0.0,0.0,0.0,0.0,0.0,0.0,0.0,0.0,0.0,0.0,0.0,0.0,0.0,0.0,0.0,0.0,0.0,0.0,0.0,0.0,0.0,0.0,0.0,0.0,0.0,0.0,0.0,0.0,0.0,0.0,0.0,0.0,0.0,0.0,0.0,0.0,0.0,0.0,0.0,0.0,0.0,0.0,0.0,0.0,0.0,0.0,0.0,0.0,0.0,0.0,0.0,0.0,0.0,0.0,0.0,0.0,0.0,0.0,0.0,0.0,0.0,0.0,0.0,0.0,0.0,0.0,0.0,0.0,0.0,0.0,0.0,0.0,0.0,0.0,0.0,0.0,0.0,0.0,0.0,0.0,0.0,0.0,0.0,0.0,0.0,0.0,0.0,0.0,0.0,0.0,0.0,0.0,0.0,0.0,0.0,0.0,0.0,0.0,0.0
2017-05-30 19:45:00+02:00,0.0,0.0,0.0,0.0,0.0,0.0,0.0,0.0,0.0,0.0,0.0,0.0,0.0,0.0,0.0,0.0,0.0,0.0,0.0,0.0,0.0,0.0,0.0,0.0,0.0,0.0,0.0,0.0,0.0,0.0,0.0,0.0,0.0,0.0,0.0,0.0,0.0,0.0,0.0,0.0,0.0,0.0,0.0,0.0,0.0,0.0,0.0,0.0,0.0,0.0,0.0,0.0,0.0,0.0,0.0,0.0,0.0,0.0,0.0,0.0,0.0,0.0,0.0,0.0,0.0,0.0,0.0,0.0,0.0,0.0,0.0,0.0,0.0,0.0,0.0,0.0,0.0,0.0,0.0,0.0,0.0,0.0,0.0,0.0,0.0,0.0,0.0,0.0,0.0,0.0,0.0,0.0,0.0,0.0,0.0,0.0,0.0,0.0,0.0,0.0,0.0,0.0,0.0,0.0,0.0,0.0,0.0,0.0,0.0,0.0,0.0,0.0,0.0,0.0,0.0,0.0,0.0,0.0
2017-05-30 19:46:00+02:00,0.0,0.0,0.0,0.0,0.0,0.0,0.0,0.0,0.0,0.0,0.0,0.0,0.0,0.0,0.0,0.0,0.0,0.0,0.0,0.0,0.0,0.0,0.0,0.0,0.0,0.0,0.0,0.0,0.0,0.0,0.0,0.0,0.0,0.0,0.0,0.0,0.0,0.0,0.0,0.0,0.0,0.0,0.0,0.0,0.0,0.0,0.0,0.0,0.0,0.0,0.0,0.0,0.0,0.0,0.0,0.0,0.0,0.0,0.0,0.0,0.0,0.0,0.0,0.0,0.0,0.0,0.0,0.0,0.0,0.0,0.0,0.0,0.0,0.0,0.0,0.0,0.0,0.0,0.0,0.0,0.0,0.0,0.0,0.0,0.0,0.0,0.0,0.0,0.0,0.0,0.0,0.0,0.0,0.0,0.0,0.0,0.0,0.0,0.0,0.0,0.0,0.0,0.0,0.0,0.0,0.0,0.0,0.0,0.0,0.0,0.0,0.0,0.0,0.0,0.0,0.0,0.0,0.0
2017-05-30 19:47:00+02:00,0.0,0.0,0.0,0.0,0.0,0.0,0.0,0.0,0.0,0.0,0.0,0.0,0.0,0.0,0.0,0.0,0.0,0.0,0.0,0.0,0.0,0.0,0.0,0.0,0.0,0.0,0.0,0.0,0.0,0.0,0.0,0.0,0.0,0.0,0.0,0.0,0.0,0.0,0.0,0.0,0.0,0.0,0.0,0.0,0.0,0.0,0.0,0.0,0.0,0.0,0.0,0.0,0.0,0.0,0.0,0.0,0.0,0.0,0.0,0.0,0.0,0.0,0.0,0.0,0.0,0.0,0.0,0.0,0.0,0.0,0.0,0.0,0.0,0.0,0.0,0.0,0.0,0.0,0.0,0.0,0.0,0.0,0.0,0.0,0.0,0.0,0.0,0.0,0.0,0.0,0.0,0.0,0.0,0.0,0.0,0.0,0.0,0.0,0.0,0.0,0.0,0.0,0.0,0.0,0.0,0.0,0.0,0.0,0.0,0.0,0.0,0.0,0.0,0.0,0.0,0.0,0.0,0.0
2017-05-30 19:48:00+02:00,0.0,0.0,0.0,0.0,0.0,0.0,0.0,0.0,0.0,0.0,0.0,0.0,0.0,0.0,0.0,0.0,0.0,0.0,0.0,0.0,0.0,0.0,0.0,0.0,0.0,0.0,0.0,0.0,0.0,0.0,0.0,0.0,0.0,0.0,0.0,0.0,0.0,0.0,0.0,0.0,0.0,0.0,0.0,0.0,0.0,0.0,0.0,0.0,0.0,0.0,0.0,0.0,0.0,0.0,0.0,0.0,0.0,0.0,0.0,0.0,0.0,0.0,0.0,0.0,0.0,0.0,0.0,0.0,0.0,0.0,0.0,0.0,0.0,0.0,0.0,0.0,0.0,0.0,0.0,0.0,0.0,0.0,0.0,0.0,0.0,0.0,0.0,0.0,0.0,0.0,0.0,0.0,0.0,0.0,0.0,0.0,0.0,0.0,0.0,0.0,0.0,0.0,0.0,0.0,0.0,0.0,0.0,0.0,0.0,0.0,0.0,0.0,0.0,0.0,0.0,0.0,0.0,0.0
2017-05-30 19:49:00+02:00,0.0,0.0,0.0,0.0,0.0,0.0,0.0,0.0,0.0,0.0,0.0,0.0,0.0,0.0,0.0,0.0,0.0,0.0,0.0,0.0,0.0,0.0,0.0,0.0,0.0,0.0,0.0,0.0,0.0,0.0,0.0,0.0,0.0,0.0,0.0,0.0,0.0,0.0,0.0,0.0,0.0,0.0,0.0,0.0,0.0,0.0,0.0,0.0,0.0,0.0,0.0,0.0,0.0,0.0,0.0,0.0,0.0,0.0,0.0,0.0,0.0,0.0,0.0,0.0,0.0,0.0,0.0,0.0,0.0,0.0,0.0,0.0,0.0,0.0,0.0,0.0,0.0,0.0,0.0,0.0,0.0,0.0,0.0,0.0,0.0,0.0,0.0,0.0,0.0,0.0,0.0,0.0,0.0,0.0,0.0,0.0,0.0,0.0,0.0,0.0,0.0,0.0,0.0,0.0,0.0,0.0,0.0,0.0,0.0,0.0,0.0,0.0,0.0,0.0,0.0,0.0,0.0,0.0
2017-05-30 19:50:00+02:00,0.0,0.0,0.0,0.0,0.0,0.0,0.0,0.0,0.0,0.0,0.0,0.0,0.0,0.0,0.0,0.0,0.0,0.0,0.0,0.0,0.0,0.0,0.0,0.0,0.0,0.0,0.0,0.0,0.0,0.0,0.0,0.0,0.0,0.0,0.0,0.0,0.0,0.0,0.0,0.0,0.0,0.0,0.0,0.0,0.0,0.0,0.0,0.0,0.0,0.0,0.0,0.0,0.0,0.0,0.0,0.0,0.0,0.0,0.0,0.0,0.0,0.0,0.0,0.0,0.0,0.0,0.0,0.0,0.0,0.0,0.0,0.0,0.0,0.0,0.0,0.0,0.0,0.0,0.0,0.0,0.0,0.0,0.0,0.0,0.0,0.0,0.0,0.0,0.0,0.0,0.0,0.0,0.0,0.0,0.0,0.0,0.0,0.0,0.0,0.0,0.0,0.0,0.0,0.0,0.0,0.0,0.0,0.0,0.0,0.0,0.0,0.0,0.0,0.0,0.0,0.0,0.0,0.0
2017-05-30 19:51:00+02:00,0.0,0.0,0.0,0.0,0.0,0.0,0.0,0.0,0.0,0.0,0.0,0.0,0.0,0.0,0.0,0.0,0.0,0.0,0.0,0.0,0.0,0.0,0.0,0.0,0.0,0.0,0.0,0.0,0.0,0.0,0.0,0.0,0.0,0.0,0.0,0.0,0.0,0.0,0.0,0.0,0.0,0.0,0.0,0.0,0.0,0.0,0.0,0.0,0.0,0.0,0.0,0.0,0.0,0.0,0.0,0.0,0.0,0.0,0.0,0.0,0.0,0.0,0.0,0.0,0.0,0.0,0.0,0.0,0.0,0.0,0.0,0.0,0.0,0.0,0.0,0.0,0.0,0.0,0.0,0.0,0.0,0.0,0.0,0.0,0.0,0.0,0.0,0.0,0.0,0.0,0.0,0.0,0.0,0.0,0.0,0.0,0.0,0.0,0.0,0.0,0.0,0.0,0.0,0.0,0.0,0.0,0.0,0.0,0.0,0.0,0.0,0.0,0.0,0.0,0.0,0.0,0.0,0.0
2017-05-30 19:52:00+02:00,0.0,0.0,0.0,0.0,0.0,0.0,0.0,0.0,0.0,0.0,0.0,0.0,0.0,0.0,0.0,0.0,0.0,0.0,0.0,0.0,0.0,0.0,0.0,0.0,0.0,0.0,0.0,0.0,0.0,0.0,0.0,0.0,0.0,0.0,0.0,0.0,0.0,0.0,0.0,0.0,0.0,0.0,0.0,0.0,0.0,0.0,0.0,0.0,0.0,0.0,0.0,0.0,0.0,0.0,0.0,0.0,0.0,0.0,0.0,0.0,0.0,0.0,0.0,0.0,0.0,0.0,0.0,0.0,0.0,0.0,0.0,0.0,0.0,0.0,0.0,0.0,0.0,0.0,0.0,0.0,0.0,0.0,0.0,0.0,0.0,0.0,0.0,0.0,0.0,0.0,0.0,0.0,0.0,0.0,0.0,0.0,0.0,0.0,0.0,0.0,0.0,0.0,0.0,0.0,0.0,0.0,0.0,0.0,0.0,0.0,0.0,0.0,0.0,0.0,0.0,0.0,0.0,0.0
2017-05-30 19:53:00+02:00,0.0,0.0,0.0,0.0,0.0,0.0,0.0,0.0,0.0,0.0,0.0,0.0,0.0,0.0,0.0,0.0,0.0,0.0,0.0,0.0,0.0,0.0,0.0,0.0,0.0,0.0,0.0,0.0,0.0,0.0,0.0,0.0,0.0,0.0,0.0,0.0,0.0,0.0,0.0,0.0,0.0,0.0,0.0,0.0,0.0,0.0,0.0,0.0,0.0,0.0,0.0,0.0,0.0,0.0,0.0,0.0,0.0,0.0,0.0,0.0,0.0,0.0,0.0,0.0,0.0,0.0,0.0,0.0,0.0,0.0,0.0,0.0,0.0,0.0,0.0,0.0,0.0,0.0,0.0,0.0,0.0,0.0,0.0,0.0,0.0,0.0,0.0,0.0,0.0,0.0,0.0,0.0,0.0,0.0,0.0,0.0,0.0,0.0,0.0,0.0,0.0,0.0,0.0,0.0,0.0,0.0,0.0,0.0,0.0,0.0,0.0,0.0,0.0,0.0,0.0,0.0,0.0,0.0
2017-05-30 19:54:00+02:00,0.0,0.0,0.0,0.0,0.0,0.0,0.0,0.0,0.0,0.0,0.0,0.0,0.0,0.0,0.0,0.0,0.0,0.0,0.0,0.0,0.0,0.0,0.0,0.0,0.0,0.0,0.0,0.0,0.0,0.0,0.0,0.0,0.0,0.0,0.0,0.0,0.0,0.0,0.0,0.0,0.0,0.0,0.0,0.0,0.0,0.0,0.0,0.0,0.0,0.0,0.0,0.0,0.0,0.0,0.0,0.0,0.0,0.0,0.0,0.0,0.0,0.0,0.0,0.0,0.0,0.0,0.0,0.0,0.0,0.0,0.0,0.0,0.0,0.0,0.0,0.0,0.0,0.0,0.0,0.0,0.0,0.0,0.0,0.0,0.0,0.0,0.0,0.0,0.0,0.0,0.0,0.0,0.0,0.0,0.0,0.0,0.0,0.0,0.0,0.0,0.0,0.0,0.0,0.0,0.0,0.0,0.0,0.0,0.0,0.0,0.0,0.0,0.0,0.0,0.0,0.0,0.0,0.0
2017-05-30 19:55:00+02:00,0.0,0.0,0.0,0.0,0.0,0.0,0.0,0.0,0.0,0.0,0.0,0.0,0.0,0.0,0.0,0.0,0.0,0.0,0.0,0.0,0.0,0.0,0.0,0.0,0.0,0.0,0.0,0.0,0.0,0.0,0.0,0.0,0.0,0.0,0.0,0.0,0.0,0.0,0.0,0.0,0.0,0.0,0.0,0.0,0.0,0.0,0.0,0.0,0.0,0.0,0.0,0.0,0.0,0.0,0.0,0.0,0.0,0.0,0.0,0.0,0.0,0.0,0.0,0.0,0.0,0.0,0.0,0.0,0.0,0.0,0.0,0.0,0.0,0.0,0.0,0.0,0.0,0.0,0.0,0.0,0.0,0.0,0.0,0.0,0.0,0.0,0.0,0.0,0.0,0.0,0.0,0.0,0.0,0.0,0.0,0.0,0.0,0.0,0.0,0.0,0.0,0.0,0.0,0.0,0.0,0.0,0.0,0.0,0.0,0.0,0.0,0.0,0.0,0.0,0.0,0.0,0.0,0.0
2017-05-30 19:56:00+02:00,0.0,0.0,0.0,0.0,0.0,0.0,0.0,0.0,0.0,0.0,0.0,0.0,0.0,0.0,0.0,0.0,0.0,0.0,0.0,0.0,0.0,0.0,0.0,0.0,0.0,0.0,0.0,0.0,0.0,0.0,0.0,0.0,0.0,0.0,0.0,0.0,0.0,0.0,0.0,0.0,0.0,0.0,0.0,0.0,0.0,0.0,0.0,0.0,0.0,0.0,0.0,0.0,0.0,0.0,0.0,0.0,0.0,0.0,0.0,0.0,0.0,0.0,0.0,0.0,0.0,0.0,0.0,0.0,0.0,0.0,0.0,0.0,0.0,0.0,0.0,0.0,0.0,0.0,0.0,0.0,0.0,0.0,0.0,0.0,0.0,0.0,0.0,0.0,0.0,0.0,0.0,0.0,0.0,0.0,0.0,0.0,0.0,0.0,0.0,0.0,0.0,0.0,0.0,0.0,0.0,0.0,0.0,0.0,0.0,0.0,0.0,0.0,0.0,0.0,0.0,0.0,0.0,0.0
2017-05-30 19:57:00+02:00,0.0,0.0,0.0,0.0,0.0,0.0,0.0,0.0,0.0,0.0,0.0,0.0,0.0,0.0,0.0,0.0,0.0,0.0,0.0,0.0,0.0,0.0,0.0,0.0,0.0,0.0,0.0,0.0,0.0,0.0,0.0,0.0,0.0,0.0,0.0,0.0,0.0,0.0,0.0,0.0,0.0,0.0,0.0,0.0,0.0,0.0,0.0,0.0,0.0,0.0,0.0,0.0,0.0,0.0,0.0,0.0,0.0,0.0,0.0,0.0,0.0,0.0,0.0,0.0,0.0,0.0,0.0,0.0,0.0,0.0,0.0,0.0,0.0,0.0,0.0,0.0,0.0,0.0,0.0,0.0,0.0,0.0,0.0,0.0,0.0,0.0,0.0,0.0,0.0,0.0,0.0,0.0,0.0,0.0,0.0,0.0,0.0,0.0,0.0,0.0,0.0,0.0,0.0,0.0,0.0,0.0,0.0,0.0,0.0,0.0,0.0,0.0,0.0,0.0,0.0,0.0,0.0,0.0
2017-05-30 19:58:00+02:00,0.0,0.0,0.0,0.0,0.0,0.0,0.0,0.0,0.0,0.0,0.0,0.0,0.0,0.0,0.0,0.0,0.0,0.0,0.0,0.0,0.0,0.0,0.0,0.0,0.0,0.0,0.0,0.0,0.0,0.0,0.0,0.0,0.0,0.0,0.0,0.0,0.0,0.0,0.0,0.0,0.0,0.0,0.0,0.0,0.0,0.0,0.0,0.0,0.0,0.0,0.0,0.0,0.0,0.0,0.0,0.0,0.0,0.0,0.0,0.0,0.0,0.0,0.0,0.0,0.0,0.0,0.0,0.0,0.0,0.0,0.0,0.0,0.0,0.0,0.0,0.0,0.0,0.0,0.0,0.0,0.0,0.0,0.0,0.0,0.0,0.0,0.0,0.0,0.0,0.0,0.0,0.0,0.0,0.0,0.0,0.0,0.0,0.0,0.0,0.0,0.0,0.0,0.0,0.0,0.0,0.0,0.0,0.0,0.0,0.0,0.0,0.0,0.0,0.0,0.0,0.0,0.0,0.0
2017-05-30 19:59:00+02:00,0.0,0.0,0.0,0.0,0.0,0.0,0.0,0.0,0.0,0.0,0.0,0.0,0.0,0.0,0.0,0.0,0.0,0.0,0.0,0.0,0.0,0.0,0.0,0.0,0.0,0.0,0.0,0.0,0.0,0.0,0.0,0.0,0.0,0.0,0.0,0.0,0.0,0.0,0.0,0.0,0.0,0.0,0.0,0.0,0.0,0.0,0.0,0.0,0.0,0.0,0.0,0.0,0.0,0.0,0.0,0.0,0.0,0.0,0.0,0.0,0.0,0.0,0.0,0.0,0.0,0.0,0.0,0.0,0.0,0.0,0.0,0.0,0.0,0.0,0.0,0.0,0.0,0.0,0.0,0.0,0.0,0.0,0.0,0.0,0.0,0.0,0.0,0.0,0.0,0.0,0.0,0.0,0.0,0.0,0.0,0.0,0.0,0.0,0.0,0.0,0.0,0.0,0.0,0.0,0.0,0.0,0.0,0.0,0.0,0.0,0.0,0.0,0.0,0.0,0.0,0.0,0.0,0.0
2017-05-30 20:00:00+02:00,0.0,0.0,0.0,0.0,0.0,0.0,0.0,0.0,0.0,0.0,0.0,0.0,0.0,0.0,0.0,0.0,0.0,0.0,0.0,0.0,0.0,0.0,0.0,0.0,0.0,0.0,0.0,0.0,0.0,0.0,0.0,0.0,0.0,0.0,0.0,0.0,0.0,0.0,0.0,0.0,0.0,0.0,0.0,0.0,0.0,0.0,0.0,0.0,0.0,0.0,0.0,0.0,0.0,0.0,0.0,0.0,0.0,0.0,0.0,0.0,0.0,0.0,0.0,0.0,0.0,0.0,0.0,0.0,0.0,0.0,0.0,0.0,0.0,0.0,0.0,0.0,0.0,0.0,0.0,0.0,0.0,0.0,0.0,0.0,0.0,0.0,0.0,0.0,0.0,0.0,0.0,0.0,0.0,0.0,0.0,0.0,0.0,0.0,0.0,0.0,0.0,0.0,0.0,0.0,0.0,0.0,0.0,0.0,0.0,0.0,0.0,0.0,0.0,0.0,0.0,0.0,0.0,0.0
2017-05-30 20:01:00+02:00,0.0,0.0,0.0,0.0,0.0,0.0,0.0,0.0,0.0,0.0,0.0,0.0,0.0,0.0,0.0,0.0,0.0,0.0,0.0,0.0,0.0,0.0,0.0,0.0,0.0,0.0,0.0,0.0,0.0,0.0,0.0,0.0,0.0,0.0,0.0,0.0,0.0,0.0,0.0,0.0,0.0,0.0,0.0,0.0,0.0,0.0,0.0,0.0,0.0,0.0,0.0,0.0,0.0,0.0,0.0,0.0,0.0,0.0,0.0,0.0,0.0,0.0,0.0,0.0,0.0,0.0,0.0,0.0,0.0,0.0,0.0,0.0,0.0,0.0,0.0,0.0,0.0,0.0,0.0,0.0,0.0,0.0,0.0,0.0,0.0,0.0,0.0,0.0,0.0,0.0,0.0,0.0,0.0,0.0,0.0,0.0,0.0,0.0,0.0,0.0,0.0,0.0,0.0,0.0,0.0,0.0,0.0,0.0,0.0,0.0,0.0,0.0,0.0,0.0,0.0,0.0,0.0,0.0
2017-05-30 20:02:00+02:00,0.0,0.0,0.0,0.0,0.0,0.0,0.0,0.0,0.0,0.0,0.0,0.0,0.0,0.0,0.0,0.0,0.0,0.0,0.0,0.0,0.0,0.0,0.0,0.0,0.0,0.0,0.0,0.0,0.0,0.0,0.0,0.0,0.0,0.0,0.0,0.0,0.0,0.0,0.0,0.0,0.0,0.0,0.0,0.0,0.0,0.0,0.0,0.0,0.0,0.0,0.0,0.0,0.0,0.0,0.0,0.0,0.0,0.0,0.0,0.0,0.0,0.0,0.0,0.0,0.0,0.0,0.0,0.0,0.0,0.0,0.0,0.0,0.0,0.0,0.0,0.0,0.0,0.0,0.0,0.0,0.0,0.0,0.0,0.0,0.0,0.0,0.0,0.0,0.0,0.0,0.0,0.0,0.0,0.0,0.0,0.0,0.0,0.0,0.0,0.0,0.0,0.0,0.0,0.0,0.0,0.0,0.0,0.0,0.0,0.0,0.0,0.0,0.0,0.0,0.0,0.0,0.0,0.0
2017-05-30 20:03:00+02:00,0.0,0.0,0.0,0.0,0.0,0.0,0.0,0.0,0.0,0.0,0.0,0.0,0.0,0.0,0.0,0.0,0.0,0.0,0.0,0.0,0.0,0.0,0.0,0.0,0.0,0.0,0.0,0.0,0.0,0.0,0.0,0.0,0.0,0.0,0.0,0.0,0.0,0.0,0.0,0.0,0.0,0.0,0.0,0.0,0.0,0.0,0.0,0.0,0.0,0.0,0.0,0.0,0.0,0.0,0.0,0.0,0.0,0.0,0.0,0.0,0.0,0.0,0.0,0.0,0.0,0.0,0.0,0.0,0.0,0.0,0.0,0.0,0.0,0.0,0.0,0.0,0.0,0.0,0.0,0.0,0.0,0.0,0.0,0.0,0.0,0.0,0.0,0.0,0.0,0.0,0.0,0.0,0.0,0.0,0.0,0.0,0.0,0.0,0.0,0.0,0.0,0.0,0.0,0.0,0.0,0.0,0.0,0.0,0.0,0.0,0.0,0.0,0.0,0.0,0.0,0.0,0.0,0.0
2017-05-30 20:04:00+02:00,0.0,0.0,0.0,0.0,0.0,0.0,0.0,0.0,0.0,0.0,0.0,0.0,0.0,0.0,0.0,0.0,0.0,0.0,0.0,0.0,0.0,0.0,0.0,0.0,0.0,0.0,0.0,0.0,0.0,0.0,0.0,0.0,0.0,0.0,0.0,0.0,0.0,0.0,0.0,0.0,0.0,0.0,0.0,0.0,0.0,0.0,0.0,0.0,0.0,0.0,0.0,0.0,0.0,0.0,0.0,0.0,0.0,0.0,0.0,0.0,0.0,0.0,0.0,0.0,0.0,0.0,0.0,0.0,0.0,0.0,0.0,0.0,0.0,0.0,0.0,0.0,0.0,0.0,0.0,0.0,0.0,0.0,0.0,0.0,0.0,0.0,0.0,0.0,0.0,0.0,0.0,0.0,0.0,0.0,0.0,0.0,0.0,0.0,0.0,0.0,0.0,0.0,0.0,0.0,0.0,0.0,0.0,0.0,0.0,0.0,0.0,0.0,0.0,0.0,0.0,0.0,0.0,0.0
2017-05-30 20:05:00+02:00,0.0,0.0,0.0,0.0,0.0,0.0,0.0,0.0,0.0,0.0,0.0,0.0,0.0,0.0,0.0,0.0,0.0,0.0,0.0,0.0,0.0,0.0,0.0,0.0,0.0,0.0,0.0,0.0,0.0,0.0,0.0,0.0,0.0,0.0,0.0,0.0,0.0,0.0,0.0,0.0,0.0,0.0,0.0,0.0,0.0,0.0,0.0,0.0,0.0,0.0,0.0,0.0,0.0,0.0,0.0,0.0,0.0,0.0,0.0,0.0,0.0,0.0,0.0,0.0,0.0,0.0,0.0,0.0,0.0,0.0,0.0,0.0,0.0,0.0,0.0,0.0,0.0,0.0,0.0,0.0,0.0,0.0,0.0,0.0,0.0,0.0,0.0,0.0,0.0,0.0,0.0,0.0,0.0,0.0,0.0,0.0,0.0,0.0,0.0,0.0,0.0,0.0,0.0,0.0,0.0,0.0,0.0,0.0,0.0,0.0,0.0,0.0,0.0,0.0,0.0,0.0,0.0,0.0
2017-05-30 20:06:00+02:00,0.0,0.0,0.0,0.0,0.0,0.0,0.0,0.0,0.0,0.0,0.0,0.0,0.0,0.0,0.0,0.0,0.0,0.0,0.0,0.0,0.0,0.0,0.0,0.0,0.0,0.0,0.0,0.0,0.0,0.0,0.0,0.0,0.0,0.0,0.0,0.0,0.0,0.0,0.0,0.0,0.0,0.0,0.0,0.0,0.0,0.0,0.0,0.0,0.0,0.0,0.0,0.0,0.0,0.0,0.0,0.0,0.0,0.0,0.0,0.0,0.0,0.0,0.0,0.0,0.0,0.0,0.0,0.0,0.0,0.0,0.0,0.0,0.0,0.0,0.0,0.0,0.0,0.0,0.0,0.0,0.0,0.0,0.0,0.0,0.0,0.0,0.0,0.0,0.0,0.0,0.0,0.0,0.0,0.0,0.0,0.0,0.0,0.0,0.0,0.0,0.0,0.0,0.0,0.0,0.0,0.0,0.0,0.0,0.0,0.0,0.0,0.0,0.0,0.0,0.0,0.0,0.0,0.0
2017-05-30 20:07:00+02:00,0.0,0.0,0.0,0.0,0.0,0.0,0.0,0.0,0.0,0.0,0.0,0.0,0.0,0.0,0.0,0.0,0.0,0.0,0.0,0.0,0.0,0.0,0.0,0.0,0.0,0.0,0.0,0.0,0.0,0.0,0.0,0.0,0.0,0.0,0.0,0.0,0.0,0.0,0.0,0.0,0.0,0.0,0.0,0.0,0.0,0.0,0.0,0.0,0.0,0.0,0.0,0.0,0.0,0.0,0.0,0.0,0.0,0.0,0.0,0.0,0.0,0.0,0.0,0.0,0.0,0.0,0.0,0.0,0.0,0.0,0.0,0.0,0.0,0.0,0.0,0.0,0.0,0.0,0.0,0.0,0.0,0.0,0.0,0.0,0.0,0.0,0.0,0.0,0.0,0.0,0.0,0.0,0.0,0.0,0.0,0.0,0.0,0.0,0.0,0.0,0.0,0.0,0.0,0.0,0.0,0.0,0.0,0.0,0.0,0.0,0.0,0.0,0.0,0.0,0.0,0.0,0.0,0.0
2017-05-30 20:08:00+02:00,0.0,0.0,0.0,0.0,0.0,0.0,0.0,0.0,0.0,0.0,0.0,0.0,0.0,0.0,0.0,0.0,0.0,0.0,0.0,0.0,0.0,0.0,0.0,0.0,0.0,0.0,0.0,0.0,0.0,0.0,0.0,0.0,0.0,0.0,0.0,0.0,0.0,0.0,0.0,0.0,0.0,0.0,0.0,0.0,0.0,0.0,0.0,0.0,0.0,0.0,0.0,0.0,0.0,0.0,0.0,0.0,0.0,0.0,0.0,0.0,0.0,0.0,0.0,0.0,0.0,0.0,0.0,0.0,0.0,0.0,0.0,0.0,0.0,0.0,0.0,0.0,0.0,0.0,0.0,0.0,0.0,0.0,0.0,0.0,0.0,0.0,0.0,0.0,0.0,0.0,0.0,0.0,0.0,0.0,0.0,0.0,0.0,0.0,0.0,0.0,0.0,0.0,0.0,0.0,0.0,0.0,0.0,0.0,0.0,0.0,0.0,0.0,0.0,0.0,0.0,0.0,0.0,0.0
2017-05-30 20:09:00+02:00,0.0,0.0,0.0,0.0,0.0,0.0,0.0,0.0,0.0,0.0,0.0,0.0,0.0,0.0,0.0,0.0,0.0,0.0,0.0,0.0,0.0,0.0,0.0,0.0,0.0,0.0,0.0,0.0,0.0,0.0,0.0,0.0,0.0,0.0,0.0,0.0,0.0,0.0,0.0,0.0,0.0,0.0,0.0,0.0,0.0,0.0,0.0,0.0,0.0,0.0,0.0,0.0,0.0,0.0,0.0,0.0,0.0,0.0,0.0,0.0,0.0,0.0,0.0,0.0,0.0,0.0,0.0,0.0,0.0,0.0,0.0,0.0,0.0,0.0,0.0,0.0,0.0,0.0,0.0,0.0,0.0,0.0,0.0,0.0,0.0,0.0,0.0,0.0,0.0,0.0,0.0,0.0,0.0,0.0,0.0,0.0,0.0,0.0,0.0,0.0,0.0,0.0,0.0,0.0,0.0,0.0,0.0,0.0,0.0,0.0,0.0,0.0,0.0,0.0,0.0,0.0,0.0,0.0
2017-05-30 20:10:00+02:00,0.0,0.0,0.0,0.0,0.0,0.0,0.0,0.0,0.0,0.0,0.0,0.0,0.0,0.0,0.0,0.0,0.0,0.0,0.0,0.0,0.0,0.0,0.0,0.0,0.0,0.0,0.0,0.0,0.0,0.0,0.0,0.0,0.0,0.0,0.0,0.0,0.0,0.0,0.0,0.0,0.0,0.0,0.0,0.0,0.0,0.0,0.0,0.0,0.0,0.0,0.0,0.0,0.0,0.0,0.0,0.0,0.0,0.0,0.0,0.0,0.0,0.0,0.0,0.0,0.0,0.0,0.0,0.0,0.0,0.0,0.0,0.0,0.0,0.0,0.0,0.0,0.0,0.0,0.0,0.0,0.0,0.0,0.0,0.0,0.0,0.0,0.0,0.0,0.0,0.0,0.0,0.0,0.0,0.0,0.0,0.0,0.0,0.0,0.0,0.0,0.0,0.0,0.0,0.0,0.0,0.0,0.0,0.0,0.0,0.0,0.0,0.0,0.0,0.0,0.0,0.0,0.0,0.0
2017-05-30 20:11:00+02:00,0.0,0.0,0.0,0.0,0.0,0.0,0.0,0.0,0.0,0.0,0.0,0.0,0.0,0.0,0.0,0.0,0.0,0.0,0.0,0.0,0.0,0.0,0.0,0.0,0.0,0.0,0.0,0.0,0.0,0.0,0.0,0.0,0.0,0.0,0.0,0.0,0.0,0.0,0.0,0.0,0.0,0.0,0.0,0.0,0.0,0.0,0.0,0.0,0.0,0.0,0.0,0.0,0.0,0.0,0.0,0.0,0.0,0.0,0.0,0.0,0.0,0.0,0.0,0.0,0.0,0.0,0.0,0.0,0.0,0.0,0.0,0.0,0.0,0.0,0.0,0.0,0.0,0.0,0.0,0.0,0.0,0.0,0.0,0.0,0.0,0.0,0.0,0.0,0.0,0.0,0.0,0.0,0.0,0.0,0.0,0.0,0.0,0.0,0.0,0.0,0.0,0.0,0.0,0.0,0.0,0.0,0.0,0.0,0.0,0.0,0.0,0.0,0.0,0.0,0.0,0.0,0.0,0.0
2017-05-30 20:12:00+02:00,0.0,0.0,0.0,0.0,0.0,0.0,0.0,0.0,0.0,0.0,0.0,0.0,0.0,0.0,0.0,0.0,0.0,0.0,0.0,0.0,0.0,0.0,0.0,0.0,0.0,0.0,0.0,0.0,0.0,0.0,0.0,0.0,0.0,0.0,0.0,0.0,0.0,0.0,0.0,0.0,0.0,0.0,0.0,0.0,0.0,0.0,0.0,0.0,0.0,0.0,0.0,0.0,0.0,0.0,0.0,0.0,0.0,0.0,0.0,0.0,0.0,0.0,0.0,0.0,0.0,0.0,0.0,0.0,0.0,0.0,0.0,0.0,0.0,0.0,0.0,0.0,0.0,0.0,0.0,0.0,0.0,0.0,0.0,0.0,0.0,0.0,0.0,0.0,0.0,0.0,0.0,0.0,0.0,0.0,0.0,0.0,0.0,0.0,0.0,0.0,0.0,0.0,0.0,0.0,0.0,0.0,0.0,0.0,0.0,0.0,0.0,0.0,0.0,0.0,0.0,0.0,0.0,0.0
2017-05-30 20:13:00+02:00,0.0,0.0,0.0,0.0,0.0,0.0,0.0,0.0,0.0,0.0,0.0,0.0,0.0,0.0,0.0,0.0,0.0,0.0,0.0,0.0,0.0,0.0,0.0,0.0,0.0,0.0,0.0,0.0,0.0,0.0,0.0,0.0,0.0,0.0,0.0,0.0,0.0,0.0,0.0,0.0,0.0,0.0,0.0,0.0,0.0,0.0,0.0,0.0,0.0,0.0,0.0,0.0,0.0,0.0,0.0,0.0,0.0,0.0,0.0,0.0,0.0,0.0,0.0,0.0,0.0,0.0,0.0,0.0,0.0,0.0,0.0,0.0,0.0,0.0,0.0,0.0,0.0,0.0,0.0,0.0,0.0,0.0,0.0,0.0,0.0,0.0,0.0,0.0,0.0,0.0,0.0,0.0,0.0,0.0,0.0,0.0,0.0,0.0,0.0,0.0,0.0,0.0,0.0,0.0,0.0,0.0,0.0,0.0,0.0,0.0,0.0,0.0,0.0,0.0,0.0,0.0,0.0,0.0
2017-05-30 20:14:00+02:00,0.0,0.0,0.0,0.0,0.0,0.0,0.0,0.0,0.0,0.0,0.0,0.0,0.0,0.0,0.0,0.0,0.0,0.0,0.0,0.0,0.0,0.0,0.0,0.0,0.0,0.0,0.0,0.0,0.0,0.0,0.0,0.0,0.0,0.0,0.0,0.0,0.0,0.0,0.0,0.0,0.0,0.0,0.0,0.0,0.0,0.0,0.0,0.0,0.0,0.0,0.0,0.0,0.0,0.0,0.0,0.0,0.0,0.0,0.0,0.0,0.0,0.0,0.0,0.0,0.0,0.0,0.0,0.0,0.0,0.0,0.0,0.0,0.0,0.0,0.0,0.0,0.0,0.0,0.0,0.0,0.0,0.0,0.0,0.0,0.0,0.0,0.0,0.0,0.0,0.0,0.0,0.0,0.0,0.0,0.0,0.0,0.0,0.0,0.0,0.0,0.0,0.0,0.0,0.0,0.0,0.0,0.0,0.0,0.0,0.0,0.0,0.0,0.0,0.0,0.0,0.0,0.0,0.0
2017-05-30 20:15:00+02:00,0.0,0.0,0.0,0.0,0.0,0.0,0.0,0.0,0.0,0.0,0.0,0.0,0.0,0.0,0.0,0.0,0.0,0.0,0.0,0.0,0.0,0.0,0.0,0.0,0.0,0.0,0.0,0.0,0.0,0.0,0.0,0.0,0.0,0.0,0.0,0.0,0.0,0.0,0.0,0.0,0.0,0.0,0.0,0.0,0.0,0.0,0.0,0.0,0.0,0.0,0.0,0.0,0.0,0.0,0.0,0.0,0.0,0.0,0.0,0.0,0.0,0.0,0.0,0.0,0.0,0.0,0.0,0.0,0.0,0.0,0.0,0.0,0.0,0.0,0.0,0.0,0.0,0.0,0.0,0.0,0.0,0.0,0.0,0.0,0.0,0.0,0.0,0.0,0.0,0.0,0.0,0.0,0.0,0.0,0.0,0.0,0.0,0.0,0.0,0.0,0.0,0.0,0.0,0.0,0.0,0.0,0.0,0.0,0.0,0.0,0.0,0.0,0.0,0.0,0.0,0.0,0.0,0.0
2017-05-30 20:16:00+02:00,0.0,0.0,0.0,0.0,0.0,0.0,0.0,0.0,0.0,0.0,0.0,0.0,0.0,0.0,0.0,0.0,0.0,0.0,0.0,0.0,0.0,0.0,0.0,0.0,0.0,0.0,0.0,0.0,0.0,0.0,0.0,0.0,0.0,0.0,0.0,0.0,0.0,0.0,0.0,0.0,0.0,0.0,0.0,0.0,0.0,0.0,0.0,0.0,0.0,0.0,0.0,0.0,0.0,0.0,0.0,0.0,0.0,0.0,0.0,0.0,0.0,0.0,0.0,0.0,0.0,0.0,0.0,0.0,0.0,0.0,0.0,0.0,0.0,0.0,0.0,0.0,0.0,0.0,0.0,0.0,0.0,0.0,0.0,0.0,0.0,0.0,0.0,0.0,0.0,0.0,0.0,0.0,0.0,0.0,0.0,0.0,0.0,0.0,0.0,0.0,0.0,0.0,0.0,0.0,0.0,0.0,0.0,0.0,0.0,0.0,0.0,0.0,0.0,0.0,0.0,0.0,0.0,0.0
2017-05-30 20:17:00+02:00,0.0,0.0,0.0,0.0,0.0,0.0,0.0,0.0,0.0,0.0,0.0,0.0,0.0,0.0,0.0,0.0,0.0,0.0,0.0,0.0,0.0,0.0,0.0,0.0,0.0,0.0,0.0,0.0,0.0,0.0,0.0,0.0,0.0,0.0,0.0,0.0,0.0,0.0,0.0,0.0,0.0,0.0,0.0,0.0,0.0,0.0,0.0,0.0,0.0,0.0,0.0,0.0,0.0,0.0,0.0,0.0,0.0,0.0,0.0,0.0,0.0,0.0,0.0,0.0,0.0,0.0,0.0,0.0,0.0,0.0,0.0,0.0,0.0,0.0,0.0,0.0,0.0,0.0,0.0,0.0,0.0,0.0,0.0,0.0,0.0,0.0,0.0,0.0,0.0,0.0,0.0,0.0,0.0,0.0,0.0,0.0,0.0,0.0,0.0,0.0,0.0,0.0,0.0,0.0,0.0,0.0,0.0,0.0,0.0,0.0,0.0,0.0,0.0,0.0,0.0,0.0,0.0,0.0
2017-05-30 20:18:00+02:00,0.0,0.0,0.0,0.0,0.0,0.0,0.0,0.0,0.0,0.0,0.0,0.0,0.0,0.0,0.0,0.0,0.0,0.0,0.0,0.0,0.0,0.0,0.0,0.0,0.0,0.0,0.0,0.0,0.0,0.0,0.0,0.0,0.0,0.0,0.0,0.0,0.0,0.0,0.0,0.0,0.0,0.0,0.0,0.0,0.0,0.0,0.0,0.0,0.0,0.0,0.0,0.0,0.0,0.0,0.0,0.0,0.0,0.0,0.0,0.0,0.0,0.0,0.0,0.0,0.0,0.0,0.0,0.0,0.0,0.0,0.0,0.0,0.0,0.0,0.0,0.0,0.0,0.0,0.0,0.0,0.0,0.0,0.0,0.0,0.0,0.0,0.0,0.0,0.0,0.0,0.0,0.0,0.0,0.0,0.0,0.0,0.0,0.0,0.0,0.0,0.0,0.0,0.0,0.0,0.0,0.0,0.0,0.0,0.0,0.0,0.0,0.0,0.0,0.0,0.0,0.0,0.0,0.0
2017-05-30 20:19:00+02:00,0.0,0.0,0.0,0.0,0.0,0.0,0.0,0.0,0.0,0.0,0.0,0.0,0.0,0.0,0.0,0.0,0.0,0.0,0.0,0.0,0.0,0.0,0.0,0.0,0.0,0.0,0.0,0.0,0.0,0.0,0.0,0.0,0.0,0.0,0.0,0.0,0.0,0.0,0.0,0.0,0.0,0.0,0.0,0.0,0.0,0.0,0.0,0.0,0.0,0.0,0.0,0.0,0.0,0.0,0.0,0.0,0.0,0.0,0.0,0.0,0.0,0.0,0.0,0.0,0.0,0.0,0.0,0.0,0.0,0.0,0.0,0.0,0.0,0.0,0.0,0.0,0.0,0.0,0.0,0.0,0.0,0.0,0.0,0.0,0.0,0.0,0.0,0.0,0.0,0.0,0.0,0.0,0.0,0.0,0.0,0.0,0.0,0.0,0.0,0.0,0.0,0.0,0.0,0.0,0.0,0.0,0.0,0.0,0.0,0.0,0.0,0.0,0.0,0.0,0.0,0.0,0.0,0.0
2017-05-30 20:20:00+02:00,0.0,0.0,0.0,0.0,0.0,0.0,0.0,0.0,0.0,0.0,0.0,0.0,0.0,0.0,0.0,0.0,0.0,0.0,0.0,0.0,0.0,0.0,0.0,0.0,0.0,0.0,0.0,0.0,0.0,0.0,0.0,0.0,0.0,0.0,0.0,0.0,0.0,0.0,0.0,0.0,0.0,0.0,0.0,0.0,0.0,0.0,0.0,0.0,0.0,0.0,0.0,0.0,0.0,0.0,0.0,0.0,0.0,0.0,0.0,0.0,0.0,0.0,0.0,0.0,0.0,0.0,0.0,0.0,0.0,0.0,0.0,0.0,0.0,0.0,0.0,0.0,0.0,0.0,0.0,0.0,0.0,0.0,0.0,0.0,0.0,0.0,0.0,0.0,0.0,0.0,0.0,0.0,0.0,0.0,0.0,0.0,0.0,0.0,0.0,0.0,0.0,0.0,0.0,0.0,0.0,0.0,0.0,0.0,0.0,0.0,0.0,0.0,0.0,0.0,0.0,0.0,0.0,0.0
2017-05-30 20:21:00+02:00,0.0,0.0,0.0,0.0,0.0,0.0,0.0,0.0,0.0,0.0,0.0,0.0,0.0,0.0,0.0,0.0,0.0,0.0,0.0,0.0,0.0,0.0,0.0,0.0,0.0,0.0,0.0,0.0,0.0,0.0,0.0,0.0,0.0,0.0,0.0,0.0,0.0,0.0,0.0,0.0,0.0,0.0,0.0,0.0,0.0,0.0,0.0,0.0,0.0,0.0,0.0,0.0,0.0,0.0,0.0,0.0,0.0,0.0,0.0,0.0,0.0,0.0,0.0,0.0,0.0,0.0,0.0,0.0,0.0,0.0,0.0,0.0,0.0,0.0,0.0,0.0,0.0,0.0,0.0,0.0,0.0,0.0,0.0,0.0,0.0,0.0,0.0,0.0,0.0,0.0,0.0,0.0,0.0,0.0,0.0,0.0,0.0,0.0,0.0,0.0,0.0,0.0,0.0,0.0,0.0,0.0,0.0,0.0,0.0,0.0,0.0,0.0,0.0,0.0,0.0,0.0,0.0,0.0
2017-05-30 20:22:00+02:00,0.0,0.0,0.0,0.0,0.0,0.0,0.0,0.0,0.0,0.0,0.0,0.0,0.0,0.0,0.0,0.0,0.0,0.0,0.0,0.0,0.0,0.0,0.0,0.0,0.0,0.0,0.0,0.0,0.0,0.0,0.0,0.0,0.0,0.0,0.0,0.0,0.0,0.0,0.0,0.0,0.0,0.0,0.0,0.0,0.0,0.0,0.0,0.0,0.0,0.0,0.0,0.0,0.0,0.0,0.0,0.0,0.0,0.0,0.0,0.0,0.0,0.0,0.0,0.0,0.0,0.0,0.0,0.0,0.0,0.0,0.0,0.0,0.0,0.0,0.0,0.0,0.0,0.0,0.0,0.0,0.0,0.0,0.0,0.0,0.0,0.0,0.0,0.0,0.0,0.0,0.0,0.0,0.0,0.0,0.0,0.0,0.0,0.0,0.0,0.0,0.0,0.0,0.0,0.0,0.0,0.0,0.0,0.0,0.0,0.0,0.0,0.0,0.0,0.0,0.0,0.0,0.0,0.0
2017-05-30 20:23:00+02:00,0.0,0.0,0.0,0.0,0.0,0.0,0.0,0.0,0.0,0.0,0.0,0.0,0.0,0.0,0.0,0.0,0.0,0.0,0.0,0.0,0.0,0.0,0.0,0.0,0.0,0.0,0.0,0.0,0.0,0.0,0.0,0.0,0.0,0.0,0.0,0.0,0.0,0.0,0.0,0.0,0.0,0.0,0.0,0.0,0.0,0.0,0.0,0.0,0.0,0.0,0.0,0.0,0.0,0.0,0.0,0.0,0.0,0.0,0.0,0.0,0.0,0.0,0.0,0.0,0.0,0.0,0.0,0.0,0.0,0.0,0.0,0.0,0.0,0.0,0.0,0.0,0.0,0.0,0.0,0.0,0.0,0.0,0.0,0.0,0.0,0.0,0.0,0.0,0.0,0.0,0.0,0.0,0.0,0.0,0.0,0.0,0.0,0.0,0.0,0.0,0.0,0.0,0.0,0.0,0.0,0.0,0.0,0.0,0.0,0.0,0.0,0.0,0.0,0.0,0.0,0.0,0.0,0.0
2017-05-30 20:24:00+02:00,0.0,0.0,0.0,0.0,0.0,0.0,0.0,0.0,0.0,0.0,0.0,0.0,0.0,0.0,0.0,0.0,0.0,0.0,0.0,0.0,0.0,0.0,0.0,0.0,0.0,0.0,0.0,0.0,0.0,0.0,0.0,0.0,0.0,0.0,0.0,0.0,0.0,0.0,0.0,0.0,0.0,0.0,0.0,0.0,0.0,0.0,0.0,0.0,0.0,0.0,0.0,0.0,0.0,0.0,0.0,0.0,0.0,0.0,0.0,0.0,0.0,0.0,0.0,0.0,0.0,0.0,0.0,0.0,0.0,0.0,0.0,0.0,0.0,0.0,0.0,0.0,0.0,0.0,0.0,0.0,0.0,0.0,0.0,0.0,0.0,0.0,0.0,0.0,0.0,0.0,0.0,0.0,0.0,0.0,0.0,0.0,0.0,0.0,0.0,0.0,0.0,0.0,0.0,0.0,0.0,0.0,0.0,0.0,0.0,0.0,0.0,0.0,0.0,0.0,0.0,0.0,0.0,0.0
2017-05-30 20:25:00+02:00,0.0,0.0,0.0,0.0,0.0,0.0,0.0,0.0,0.0,0.0,0.0,0.0,0.0,0.0,0.0,0.0,0.0,0.0,0.0,0.0,0.0,0.0,0.0,0.0,0.0,0.0,0.0,0.0,0.0,0.0,0.0,0.0,0.0,0.0,0.0,0.0,0.0,0.0,0.0,0.0,0.0,0.0,0.0,0.0,0.0,0.0,0.0,0.0,0.0,0.0,0.0,0.0,0.0,0.0,0.0,0.0,0.0,0.0,0.0,0.0,0.0,0.0,0.0,0.0,0.0,0.0,0.0,0.0,0.0,0.0,0.0,0.0,0.0,0.0,0.0,0.0,0.0,0.0,0.0,0.0,0.0,0.0,0.0,0.0,0.0,0.0,0.0,0.0,0.0,0.0,0.0,0.0,0.0,0.0,0.0,0.0,0.0,0.0,0.0,0.0,0.0,0.0,0.0,0.0,0.0,0.0,0.0,0.0,0.0,0.0,0.0,0.0,0.0,0.0,0.0,0.0,0.0,0.0
2017-05-30 20:26:00+02:00,0.0,0.0,0.0,0.0,0.0,0.0,0.0,0.0,0.0,0.0,0.0,0.0,0.0,0.0,0.0,0.0,0.0,0.0,0.0,0.0,0.0,0.0,0.0,0.0,0.0,0.0,0.0,0.0,0.0,0.0,0.0,0.0,0.0,0.0,0.0,0.0,0.0,0.0,0.0,0.0,0.0,0.0,0.0,0.0,0.0,0.0,0.0,0.0,0.0,0.0,0.0,0.0,0.0,0.0,0.0,0.0,0.0,0.0,0.0,0.0,0.0,0.0,0.0,0.0,0.0,0.0,0.0,0.0,0.0,0.0,0.0,0.0,0.0,0.0,0.0,0.0,0.0,0.0,0.0,0.0,0.0,0.0,0.0,0.0,0.0,0.0,0.0,0.0,0.0,0.0,0.0,0.0,0.0,0.0,0.0,0.0,0.0,0.0,0.0,0.0,0.0,0.0,0.0,0.0,0.0,0.0,0.0,0.0,0.0,0.0,0.0,0.0,0.0,0.0,0.0,0.0,0.0,0.0
2017-05-30 20:27:00+02:00,0.0,0.0,0.0,0.0,0.0,0.0,0.0,0.0,0.0,0.0,0.0,0.0,0.0,0.0,0.0,0.0,0.0,0.0,0.0,0.0,0.0,0.0,0.0,0.0,0.0,0.0,0.0,0.0,0.0,0.0,0.0,0.0,0.0,0.0,0.0,0.0,0.0,0.0,0.0,0.0,0.0,0.0,0.0,0.0,0.0,0.0,0.0,0.0,0.0,0.0,0.0,0.0,0.0,0.0,0.0,0.0,0.0,0.0,0.0,0.0,0.0,0.0,0.0,0.0,0.0,0.0,0.0,0.0,0.0,0.0,0.0,0.0,0.0,0.0,0.0,0.0,0.0,0.0,0.0,0.0,0.0,0.0,0.0,0.0,0.0,0.0,0.0,0.0,0.0,0.0,0.0,0.0,0.0,0.0,0.0,0.0,0.0,0.0,0.0,0.0,0.0,0.0,0.0,0.0,0.0,0.0,0.0,0.0,0.0,0.0,0.0,0.0,0.0,0.0,0.0,0.0,0.0,0.0
2017-05-30 20:28:00+02:00,0.0,0.0,0.0,0.0,0.0,0.0,0.0,0.0,0.0,0.0,0.0,0.0,0.0,0.0,0.0,0.0,0.0,0.0,0.0,0.0,0.0,0.0,0.0,0.0,0.0,0.0,0.0,0.0,0.0,0.0,0.0,0.0,0.0,0.0,0.0,0.0,0.0,0.0,0.0,0.0,0.0,0.0,0.0,0.0,0.0,0.0,0.0,0.0,0.0,0.0,0.0,0.0,0.0,0.0,0.0,0.0,0.0,0.0,0.0,0.0,0.0,0.0,0.0,0.0,0.0,0.0,0.0,0.0,0.0,0.0,0.0,0.0,0.0,0.0,0.0,0.0,0.0,0.0,0.0,0.0,0.0,0.0,0.0,0.0,0.0,0.0,0.0,0.0,0.0,0.0,0.0,0.0,0.0,0.0,0.0,0.0,0.0,0.0,0.0,0.0,0.0,0.0,0.0,0.0,0.0,0.0,0.0,0.0,0.0,0.0,0.0,0.0,0.0,0.0,0.0,0.0,0.0,0.0
2017-05-30 20:29:00+02:00,0.0,0.0,0.0,0.0,0.0,0.0,0.0,0.0,0.0,0.0,0.0,0.0,0.0,0.0,0.0,0.0,0.0,0.0,0.0,0.0,0.0,0.0,0.0,0.0,0.0,0.0,0.0,0.0,0.0,0.0,0.0,0.0,0.0,0.0,0.0,0.0,0.0,0.0,0.0,0.0,0.0,0.0,0.0,0.0,0.0,0.0,0.0,0.0,0.0,0.0,0.0,0.0,0.0,0.0,0.0,0.0,0.0,0.0,0.0,0.0,0.0,0.0,0.0,0.0,0.0,0.0,0.0,0.0,0.0,0.0,0.0,0.0,0.0,0.0,0.0,0.0,0.0,0.0,0.0,0.0,0.0,0.0,0.0,0.0,0.0,0.0,0.0,0.0,0.0,0.0,0.0,0.0,0.0,0.0,0.0,0.0,0.0,0.0,0.0,0.0,0.0,0.0,0.0,0.0,0.0,0.0,0.0,0.0,0.0,0.0,0.0,0.0,0.0,0.0,0.0,0.0,0.0,0.0
2017-05-30 20:30:00+02:00,0.0,0.0,0.0,0.0,0.0,0.0,0.0,0.0,0.0,0.0,0.0,0.0,0.0,0.0,0.0,0.0,0.0,0.0,0.0,0.0,0.0,0.0,0.0,0.0,0.0,0.0,0.0,0.0,0.0,0.0,0.0,0.0,0.0,0.0,0.0,0.0,0.0,0.0,0.0,0.0,0.0,0.0,0.0,0.0,0.0,0.0,0.0,0.0,0.0,0.0,0.0,0.0,0.0,0.0,0.0,0.0,0.0,0.0,0.0,0.0,0.0,0.0,0.0,0.0,0.0,0.0,0.0,0.0,0.0,0.0,0.0,0.0,0.0,0.0,0.0,0.0,0.0,0.0,0.0,0.0,0.0,0.0,0.0,0.0,0.0,0.0,0.0,0.0,0.0,0.0,0.0,0.0,0.0,0.0,0.0,0.0,0.0,0.0,0.0,0.0,0.0,0.0,0.0,0.0,0.0,0.0,0.0,0.0,0.0,0.0,0.0,0.0,0.0,0.0,0.0,0.0,0.0,0.0
2017-05-30 20:31:00+02:00,0.0,0.0,0.0,0.0,0.0,0.0,0.0,0.0,0.0,0.0,0.0,0.0,0.0,0.0,0.0,0.0,0.0,0.0,0.0,0.0,0.0,0.0,0.0,0.0,0.0,0.0,0.0,0.0,0.0,0.0,0.0,0.0,0.0,0.0,0.0,0.0,0.0,0.0,0.0,0.0,0.0,0.0,0.0,0.0,0.0,0.0,0.0,0.0,0.0,0.0,0.0,0.0,0.0,0.0,0.0,0.0,0.0,0.0,0.0,0.0,0.0,0.0,0.0,0.0,0.0,0.0,0.0,0.0,0.0,0.0,0.0,0.0,0.0,0.0,0.0,0.0,0.0,0.0,0.0,0.0,0.0,0.0,0.0,0.0,0.0,0.0,0.0,0.0,0.0,0.0,0.0,0.0,0.0,0.0,0.0,0.0,0.0,0.0,0.0,0.0,0.0,0.0,0.0,0.0,0.0,0.0,0.0,0.0,0.0,0.0,0.0,0.0,0.0,0.0,0.0,0.0,0.0,0.0
2017-05-30 20:32:00+02:00,0.0,0.0,0.0,0.0,0.0,0.0,0.0,0.0,0.0,0.0,0.0,0.0,0.0,0.0,0.0,0.0,0.0,0.0,0.0,0.0,0.0,0.0,0.0,0.0,0.0,0.0,0.0,0.0,0.0,0.0,0.0,0.0,0.0,0.0,0.0,0.0,0.0,0.0,0.0,0.0,0.0,0.0,0.0,0.0,0.0,0.0,0.0,0.0,0.0,0.0,0.0,0.0,0.0,0.0,0.0,0.0,0.0,0.0,0.0,0.0,0.0,0.0,0.0,0.0,0.0,0.0,0.0,0.0,0.0,0.0,0.0,0.0,0.0,0.0,0.0,0.0,0.0,0.0,0.0,0.0,0.0,0.0,0.0,0.0,0.0,0.0,0.0,0.0,0.0,0.0,0.0,0.0,0.0,0.0,0.0,0.0,0.0,0.0,0.0,0.0,0.0,0.0,0.0,0.0,0.0,0.0,0.0,0.0,0.0,0.0,0.0,0.0,0.0,0.0,0.0,0.0,0.0,0.0
2017-05-30 20:33:00+02:00,0.0,0.0,0.0,0.0,0.0,0.0,0.0,0.0,0.0,0.0,0.0,0.0,0.0,0.0,0.0,0.0,0.0,0.0,0.0,0.0,0.0,0.0,0.0,0.0,0.0,0.0,0.0,0.0,0.0,0.0,0.0,0.0,0.0,0.0,0.0,0.0,0.0,0.0,0.0,0.0,0.0,0.0,0.0,0.0,0.0,0.0,0.0,0.0,0.0,0.0,0.0,0.0,0.0,0.0,0.0,0.0,0.0,0.0,0.0,0.0,0.0,0.0,0.0,0.0,0.0,0.0,0.0,0.0,0.0,0.0,0.0,0.0,0.0,0.0,0.0,0.0,0.0,0.0,0.0,0.0,0.0,0.0,0.0,0.0,0.0,0.0,0.0,0.0,0.0,0.0,0.0,0.0,0.0,0.0,0.0,0.0,0.0,0.0,0.0,0.0,0.0,0.0,0.0,0.0,0.0,0.0,0.0,0.0,0.0,0.0,0.0,0.0,0.0,0.0,0.0,0.0,0.0,0.0
2017-05-30 20:34:00+02:00,0.0,0.0,0.0,0.0,0.0,0.0,0.0,0.0,0.0,0.0,0.0,0.0,0.0,0.0,0.0,0.0,0.0,0.0,0.0,0.0,0.0,0.0,0.0,0.0,0.0,0.0,0.0,0.0,0.0,0.0,0.0,0.0,0.0,0.0,0.0,0.0,0.0,0.0,0.0,0.0,0.0,0.0,0.0,0.0,0.0,0.0,0.0,0.0,0.0,0.0,0.0,0.0,0.0,0.0,0.0,0.0,0.0,0.0,0.0,0.0,0.0,0.0,0.0,0.0,0.0,0.0,0.0,0.0,0.0,0.0,0.0,0.0,0.0,0.0,0.0,0.0,0.0,0.0,0.0,0.0,0.0,0.0,0.0,0.0,0.0,0.0,0.0,0.0,0.0,0.0,0.0,0.0,0.0,0.0,0.0,0.0,0.0,0.0,0.0,0.0,0.0,0.0,0.0,0.0,0.0,0.0,0.0,0.0,0.0,0.0,0.0,0.0,0.0,0.0,0.0,0.0,0.0,0.0
2017-05-30 20:35:00+02:00,0.0,0.0,0.0,0.0,0.0,0.0,0.0,0.0,0.0,0.0,0.0,0.0,0.0,0.0,0.0,0.0,0.0,0.0,0.0,0.0,0.0,0.0,0.0,0.0,0.0,0.0,0.0,0.0,0.0,0.0,0.0,0.0,0.0,0.0,0.0,0.0,0.0,0.0,0.0,0.0,0.0,0.0,0.0,0.0,0.0,0.0,0.0,0.0,0.0,0.0,0.0,0.0,0.0,0.0,0.0,0.0,0.0,0.0,0.0,0.0,0.0,0.0,0.0,0.0,0.0,0.0,0.0,0.0,0.0,0.0,0.0,0.0,0.0,0.0,0.0,0.0,0.0,0.0,0.0,0.0,0.0,0.0,0.0,0.0,0.0,0.0,0.0,0.0,0.0,0.0,0.0,0.0,0.0,0.0,0.0,0.0,0.0,0.0,0.0,0.0,0.0,0.0,0.0,0.0,0.0,0.0,0.0,0.0,0.0,0.0,0.0,0.0,0.0,0.0,0.0,0.0,0.0,0.0
2017-05-30 20:36:00+02:00,0.0,0.0,0.0,0.0,0.0,0.0,0.0,0.0,0.0,0.0,0.0,0.0,0.0,0.0,0.0,0.0,0.0,0.0,0.0,0.0,0.0,0.0,0.0,0.0,0.0,0.0,0.0,0.0,0.0,0.0,0.0,0.0,0.0,0.0,0.0,0.0,0.0,0.0,0.0,0.0,0.0,0.0,0.0,0.0,0.0,0.0,0.0,0.0,0.0,0.0,0.0,0.0,0.0,0.0,0.0,0.0,0.0,0.0,0.0,0.0,0.0,0.0,0.0,0.0,0.0,0.0,0.0,0.0,0.0,0.0,0.0,0.0,0.0,0.0,0.0,0.0,0.0,0.0,0.0,0.0,0.0,0.0,0.0,0.0,0.0,0.0,0.0,0.0,0.0,0.0,0.0,0.0,0.0,0.0,0.0,0.0,0.0,0.0,0.0,0.0,0.0,0.0,0.0,0.0,0.0,0.0,0.0,0.0,0.0,0.0,0.0,0.0,0.0,0.0,0.0,0.0,0.0,0.0
2017-05-30 20:37:00+02:00,0.0,0.0,0.0,0.0,0.0,0.0,0.0,0.0,0.0,0.0,0.0,0.0,0.0,0.0,0.0,0.0,0.0,0.0,0.0,0.0,0.0,0.0,0.0,0.0,0.0,0.0,0.0,0.0,0.0,0.0,0.0,0.0,0.0,0.0,0.0,0.0,0.0,0.0,0.0,0.0,0.0,0.0,0.0,0.0,0.0,0.0,0.0,0.0,0.0,0.0,0.0,0.0,0.0,0.0,0.0,0.0,0.0,0.0,0.0,0.0,0.0,0.0,0.0,0.0,0.0,0.0,0.0,0.0,0.0,0.0,0.0,0.0,0.0,0.0,0.0,0.0,0.0,0.0,0.0,0.0,0.0,0.0,0.0,0.0,0.0,0.0,0.0,0.0,0.0,0.0,0.0,0.0,0.0,0.0,0.0,0.0,0.0,0.0,0.0,0.0,0.0,0.0,0.0,0.0,0.0,0.0,0.0,0.0,0.0,0.0,0.0,0.0,0.0,0.0,0.0,0.0,0.0,0.0
2017-05-30 20:38:00+02:00,0.0,0.0,0.0,0.0,0.0,0.0,0.0,0.0,0.0,0.0,0.0,0.0,0.0,0.0,0.0,0.0,0.0,0.0,0.0,0.0,0.0,0.0,0.0,0.0,0.0,0.0,0.0,0.0,0.0,0.0,0.0,0.0,0.0,0.0,0.0,0.0,0.0,0.0,0.0,0.0,0.0,0.0,0.0,0.0,0.0,0.0,0.0,0.0,0.0,0.0,0.0,0.0,0.0,0.0,0.0,0.0,0.0,0.0,0.0,0.0,0.0,0.0,0.0,0.0,0.0,0.0,0.0,0.0,0.0,0.0,0.0,0.0,0.0,0.0,0.0,0.0,0.0,0.0,0.0,0.0,0.0,0.0,0.0,0.0,0.0,0.0,0.0,0.0,0.0,0.0,0.0,0.0,0.0,0.0,0.0,0.0,0.0,0.0,0.0,0.0,0.0,0.0,0.0,0.0,0.0,0.0,0.0,0.0,0.0,0.0,0.0,0.0,0.0,0.0,0.0,0.0,0.0,0.0
2017-05-30 20:39:00+02:00,0.0,0.0,0.0,0.0,0.0,0.0,0.0,0.0,0.0,0.0,0.0,0.0,0.0,0.0,0.0,0.0,0.0,0.0,0.0,0.0,0.0,0.0,0.0,0.0,0.0,0.0,0.0,0.0,0.0,0.0,0.0,0.0,0.0,0.0,0.0,0.0,0.0,0.0,0.0,0.0,0.0,0.0,0.0,0.0,0.0,0.0,0.0,0.0,0.0,0.0,0.0,0.0,0.0,0.0,0.0,0.0,0.0,0.0,0.0,0.0,0.0,0.0,0.0,0.0,0.0,0.0,0.0,0.0,0.0,0.0,0.0,0.0,0.0,0.0,0.0,0.0,0.0,0.0,0.0,0.0,0.0,0.0,0.0,0.0,0.0,0.0,0.0,0.0,0.0,0.0,0.0,0.0,0.0,0.0,0.0,0.0,0.0,0.0,0.0,0.0,0.0,0.0,0.0,0.0,0.0,0.0,0.0,0.0,0.0,0.0,0.0,0.0,0.0,0.0,0.0,0.0,0.0,0.0
2017-05-30 20:40:00+02:00,0.0,0.0,0.0,0.0,0.0,0.0,0.0,0.0,0.0,0.0,0.0,0.0,0.0,0.0,0.0,0.0,0.0,0.0,0.0,0.0,0.0,0.0,0.0,0.0,0.0,0.0,0.0,0.0,0.0,0.0,0.0,0.0,0.0,0.0,0.0,0.0,0.0,0.0,0.0,0.0,0.0,0.0,0.0,0.0,0.0,0.0,0.0,0.0,0.0,0.0,0.0,0.0,0.0,0.0,0.0,0.0,0.0,0.0,0.0,0.0,0.0,0.0,0.0,0.0,0.0,0.0,0.0,0.0,0.0,0.0,0.0,0.0,0.0,0.0,0.0,0.0,0.0,0.0,0.0,0.0,0.0,0.0,0.0,0.0,0.0,0.0,0.0,0.0,0.0,0.0,0.0,0.0,0.0,0.0,0.0,0.0,0.0,0.0,0.0,0.0,0.0,0.0,0.0,0.0,0.0,0.0,0.0,0.0,0.0,0.0,0.0,0.0,0.0,0.0,0.0,0.0,0.0,0.0
2017-05-30 20:41:00+02:00,0.0,0.0,0.0,0.0,0.0,0.0,0.0,0.0,0.0,0.0,0.0,0.0,0.0,0.0,0.0,0.0,0.0,0.0,0.0,0.0,0.0,0.0,0.0,0.0,0.0,0.0,0.0,0.0,0.0,0.0,0.0,0.0,0.0,0.0,0.0,0.0,0.0,0.0,0.0,0.0,0.0,0.0,0.0,0.0,0.0,0.0,0.0,0.0,0.0,0.0,0.0,0.0,0.0,0.0,0.0,0.0,0.0,0.0,0.0,0.0,0.0,0.0,0.0,0.0,0.0,0.0,0.0,0.0,0.0,0.0,0.0,0.0,0.0,0.0,0.0,0.0,0.0,0.0,0.0,0.0,0.0,0.0,0.0,0.0,0.0,0.0,0.0,0.0,0.0,0.0,0.0,0.0,0.0,0.0,0.0,0.0,0.0,0.0,0.0,0.0,0.0,0.0,0.0,0.0,0.0,0.0,0.0,0.0,0.0,0.0,0.0,0.0,0.0,0.0,0.0,0.0,0.0,0.0
2017-05-30 20:42:00+02:00,0.0,0.0,0.0,0.0,0.0,0.0,0.0,0.0,0.0,0.0,0.0,0.0,0.0,0.0,0.0,0.0,0.0,0.0,0.0,0.0,0.0,0.0,0.0,0.0,0.0,0.0,0.0,0.0,0.0,0.0,0.0,0.0,0.0,0.0,0.0,0.0,0.0,0.0,0.0,0.0,0.0,0.0,0.0,0.0,0.0,0.0,0.0,0.0,0.0,0.0,0.0,0.0,0.0,0.0,0.0,0.0,0.0,0.0,0.0,0.0,0.0,0.0,0.0,0.0,0.0,0.0,0.0,0.0,0.0,0.0,0.0,0.0,0.0,0.0,0.0,0.0,0.0,0.0,0.0,0.0,0.0,0.0,0.0,0.0,0.0,0.0,0.0,0.0,0.0,0.0,0.0,0.0,0.0,0.0,0.0,0.0,0.0,0.0,0.0,0.0,0.0,0.0,0.0,0.0,0.0,0.0,0.0,0.0,0.0,0.0,0.0,0.0,0.0,0.0,0.0,0.0,0.0,0.0
2017-05-30 20:43:00+02:00,0.0,0.0,0.0,0.0,0.0,0.0,0.0,0.0,0.0,0.0,0.0,0.0,0.0,0.0,0.0,0.0,0.0,0.0,0.0,0.0,0.0,0.0,0.0,0.0,0.0,0.0,0.0,0.0,0.0,0.0,0.0,0.0,0.0,0.0,0.0,0.0,0.0,0.0,0.0,0.0,0.0,0.0,0.0,0.0,0.0,0.0,0.0,0.0,0.0,0.0,0.0,0.0,0.0,0.0,0.0,0.0,0.0,0.0,0.0,0.0,0.0,0.0,0.0,0.0,0.0,0.0,0.0,0.0,0.0,0.0,0.0,0.0,0.0,0.0,0.0,0.0,0.0,0.0,0.0,0.0,0.0,0.0,0.0,0.0,0.0,0.0,0.0,0.0,0.0,0.0,0.0,0.0,0.0,0.0,0.0,0.0,0.0,0.0,0.0,0.0,0.0,0.0,0.0,0.0,0.0,0.0,0.0,0.0,0.0,0.0,0.0,0.0,0.0,0.0,0.0,0.0,0.0,0.0
2017-05-30 20:44:00+02:00,0.0,0.0,0.0,0.0,0.0,0.0,0.0,0.0,0.0,0.0,0.0,0.0,0.0,0.0,0.0,0.0,0.0,0.0,0.0,0.0,0.0,0.0,0.0,0.0,0.0,0.0,0.0,0.0,0.0,0.0,0.0,0.0,0.0,0.0,0.0,0.0,0.0,0.0,0.0,0.0,0.0,0.0,0.0,0.0,0.0,0.0,0.0,0.0,0.0,0.0,0.0,0.0,0.0,0.0,0.0,0.0,0.0,0.0,0.0,0.0,0.0,0.0,0.0,0.0,0.0,0.0,0.0,0.0,0.0,0.0,0.0,0.0,0.0,0.0,0.0,0.0,0.0,0.0,0.0,0.0,0.0,0.0,0.0,0.0,0.0,0.0,0.0,0.0,0.0,0.0,0.0,0.0,0.0,0.0,0.0,0.0,0.0,0.0,0.0,0.0,0.0,0.0,0.0,0.0,0.0,0.0,0.0,0.0,0.0,0.0,0.0,0.0,0.0,0.0,0.0,0.0,0.0,0.0
2017-05-30 20:45:00+02:00,0.0,0.0,0.0,0.0,0.0,0.0,0.0,0.0,0.0,0.0,0.0,0.0,0.0,0.0,0.0,0.0,0.0,0.0,0.0,0.0,0.0,0.0,0.0,0.0,0.0,0.0,0.0,0.0,0.0,0.0,0.0,0.0,0.0,0.0,0.0,0.0,0.0,0.0,0.0,0.0,0.0,0.0,0.0,0.0,0.0,0.0,0.0,0.0,0.0,0.0,0.0,0.0,0.0,0.0,0.0,0.0,0.0,0.0,0.0,0.0,0.0,0.0,0.0,0.0,0.0,0.0,0.0,0.0,0.0,0.0,0.0,0.0,0.0,0.0,0.0,0.0,0.0,0.0,0.0,0.0,0.0,0.0,0.0,0.0,0.0,0.0,0.0,0.0,0.0,0.0,0.0,0.0,0.0,0.0,0.0,0.0,0.0,0.0,0.0,0.0,0.0,0.0,0.0,0.0,0.0,0.0,0.0,0.0,0.0,0.0,0.0,0.0,0.0,0.0,0.0,0.0,0.0,0.0
2017-05-30 20:46:00+02:00,0.0,0.0,0.0,0.0,0.0,0.0,0.0,0.0,0.0,0.0,0.0,0.0,0.0,0.0,0.0,0.0,0.0,0.0,0.0,0.0,0.0,0.0,0.0,0.0,0.0,0.0,0.0,0.0,0.0,0.0,0.0,0.0,0.0,0.0,0.0,0.0,0.0,0.0,0.0,0.0,0.0,0.0,0.0,0.0,0.0,0.0,0.0,0.0,0.0,0.0,0.0,0.0,0.0,0.0,0.0,0.0,0.0,0.0,0.0,0.0,0.0,0.0,0.0,0.0,0.0,0.0,0.0,0.0,0.0,0.0,0.0,0.0,0.0,0.0,0.0,0.0,0.0,0.0,0.0,0.0,0.0,0.0,0.0,0.0,0.0,0.0,0.0,0.0,0.0,0.0,0.0,0.0,0.0,0.0,0.0,0.0,0.0,0.0,0.0,0.0,0.0,0.0,0.0,0.0,0.0,0.0,0.0,0.0,0.0,0.0,0.0,0.0,0.0,0.0,0.0,0.0,0.0,0.0
2017-05-30 20:47:00+02:00,0.0,0.0,0.0,0.0,0.0,0.0,0.0,0.0,0.0,0.0,0.0,0.0,0.0,0.0,0.0,0.0,0.0,0.0,0.0,0.0,0.0,0.0,0.0,0.0,0.0,0.0,0.0,0.0,0.0,0.0,0.0,0.0,0.0,0.0,0.0,0.0,0.0,0.0,0.0,0.0,0.0,0.0,0.0,0.0,0.0,0.0,0.0,0.0,0.0,0.0,0.0,0.0,0.0,0.0,0.0,0.0,0.0,0.0,0.0,0.0,0.0,0.0,0.0,0.0,0.0,0.0,0.0,0.0,0.0,0.0,0.0,0.0,0.0,0.0,0.0,0.0,0.0,0.0,0.0,0.0,0.0,0.0,0.0,0.0,0.0,0.0,0.0,0.0,0.0,0.0,0.0,0.0,0.0,0.0,0.0,0.0,0.0,0.0,0.0,0.0,0.0,0.0,0.0,0.0,0.0,0.0,0.0,0.0,0.0,0.0,0.0,0.0,0.0,0.0,0.0,0.0,0.0,0.0
2017-05-30 20:48:00+02:00,0.0,0.0,0.0,0.0,0.0,0.0,0.0,0.0,0.0,0.0,0.0,0.0,0.0,0.0,0.0,0.0,0.0,0.0,0.0,0.0,0.0,0.0,0.0,0.0,0.0,0.0,0.0,0.0,0.0,0.0,0.0,0.0,0.0,0.0,0.0,0.0,0.0,0.0,0.0,0.0,0.0,0.0,0.0,0.0,0.0,0.0,0.0,0.0,0.0,0.0,0.0,0.0,0.0,0.0,0.0,0.0,0.0,0.0,0.0,0.0,0.0,0.0,0.0,0.0,0.0,0.0,0.0,0.0,0.0,0.0,0.0,0.0,0.0,0.0,0.0,0.0,0.0,0.0,0.0,0.0,0.0,0.0,0.0,0.0,0.0,0.0,0.0,0.0,0.0,0.0,0.0,0.0,0.0,0.0,0.0,0.0,0.0,0.0,0.0,0.0,0.0,0.0,0.0,0.0,0.0,0.0,0.0,0.0,0.0,0.0,0.0,0.0,0.0,0.0,0.0,0.0,0.0,0.0
2017-05-30 20:49:00+02:00,0.0,0.0,0.0,0.0,0.0,0.0,0.0,0.0,0.0,0.0,0.0,0.0,0.0,0.0,0.0,0.0,0.0,0.0,0.0,0.0,0.0,0.0,0.0,0.0,0.0,0.0,0.0,0.0,0.0,0.0,0.0,0.0,0.0,0.0,0.0,0.0,0.0,0.0,0.0,0.0,0.0,0.0,0.0,0.0,0.0,0.0,0.0,0.0,0.0,0.0,0.0,0.0,0.0,0.0,0.0,0.0,0.0,0.0,0.0,0.0,0.0,0.0,0.0,0.0,0.0,0.0,0.0,0.0,0.0,0.0,0.0,0.0,0.0,0.0,0.0,0.0,0.0,0.0,0.0,0.0,0.0,0.0,0.0,0.0,0.0,0.0,0.0,0.0,0.0,0.0,0.0,0.0,0.0,0.0,0.0,0.0,0.0,0.0,0.0,0.0,0.0,0.0,0.0,0.0,0.0,0.0,0.0,0.0,0.0,0.0,0.0,0.0,0.0,0.0,0.0,0.0,0.0,0.0
2017-05-30 20:50:00+02:00,0.0,0.0,0.0,0.0,0.0,0.0,0.0,0.0,0.0,0.0,0.0,0.0,0.0,0.0,0.0,0.0,0.0,0.0,0.0,0.0,0.0,0.0,0.0,0.0,0.0,0.0,0.0,0.0,0.0,0.0,0.0,0.0,0.0,0.0,0.0,0.0,0.0,0.0,0.0,0.0,0.0,0.0,0.0,0.0,0.0,0.0,0.0,0.0,0.0,0.0,0.0,0.0,0.0,0.0,0.0,0.0,0.0,0.0,0.0,0.0,0.0,0.0,0.0,0.0,0.0,0.0,0.0,0.0,0.0,0.0,0.0,0.0,0.0,0.0,0.0,0.0,0.0,0.0,0.0,0.0,0.0,0.0,0.0,0.0,0.0,0.0,0.0,0.0,0.0,0.0,0.0,0.0,0.0,0.0,0.0,0.0,0.0,0.0,0.0,0.0,0.0,0.0,0.0,0.0,0.0,0.0,0.0,0.0,0.0,0.0,0.0,0.0,0.0,0.0,0.0,0.0,0.0,0.0
2017-05-30 20:51:00+02:00,0.0,0.0,0.0,0.0,0.0,0.0,0.0,0.0,0.0,0.0,0.0,0.0,0.0,0.0,0.0,0.0,0.0,0.0,0.0,0.0,0.0,0.0,0.0,0.0,0.0,0.0,0.0,0.0,0.0,0.0,0.0,0.0,0.0,0.0,0.0,0.0,0.0,0.0,0.0,0.0,0.0,0.0,0.0,0.0,0.0,0.0,0.0,0.0,0.0,0.0,0.0,0.0,0.0,0.0,0.0,0.0,0.0,0.0,0.0,0.0,0.0,0.0,0.0,0.0,0.0,0.0,0.0,0.0,0.0,0.0,0.0,0.0,0.0,0.0,0.0,0.0,0.0,0.0,0.0,0.0,0.0,0.0,0.0,0.0,0.0,0.0,0.0,0.0,0.0,0.0,0.0,0.0,0.0,0.0,0.0,0.0,0.0,0.0,0.0,0.0,0.0,0.0,0.0,0.0,0.0,0.0,0.0,0.0,0.0,0.0,0.0,0.0,0.0,0.0,0.0,0.0,0.0,0.0
2017-05-30 20:52:00+02:00,0.0,0.0,0.0,0.0,0.0,0.0,0.0,0.0,0.0,0.0,0.0,0.0,0.0,0.0,0.0,0.0,0.0,0.0,0.0,0.0,0.0,0.0,0.0,0.0,0.0,0.0,0.0,0.0,0.0,0.0,0.0,0.0,0.0,0.0,0.0,0.0,0.0,0.0,0.0,0.0,0.0,0.0,0.0,0.0,0.0,0.0,0.0,0.0,0.0,0.0,0.0,0.0,0.0,0.0,0.0,0.0,0.0,0.0,0.0,0.0,0.0,0.0,0.0,0.0,0.0,0.0,0.0,0.0,0.0,0.0,0.0,0.0,0.0,0.0,0.0,0.0,0.0,0.0,0.0,0.0,0.0,0.0,0.0,0.0,0.0,0.0,0.0,0.0,0.0,0.0,0.0,0.0,0.0,0.0,0.0,0.0,0.0,0.0,0.0,0.0,0.0,0.0,0.0,0.0,0.0,0.0,0.0,0.0,0.0,0.0,0.0,0.0,0.0,0.0,0.0,0.0,0.0,0.0
2017-05-30 20:53:00+02:00,0.0,0.0,0.0,0.0,0.0,0.0,0.0,0.0,0.0,0.0,0.0,0.0,0.0,0.0,0.0,0.0,0.0,0.0,0.0,0.0,0.0,0.0,0.0,0.0,0.0,0.0,0.0,0.0,0.0,0.0,0.0,0.0,0.0,0.0,0.0,0.0,0.0,0.0,0.0,0.0,0.0,0.0,0.0,0.0,0.0,0.0,0.0,0.0,0.0,0.0,0.0,0.0,0.0,0.0,0.0,0.0,0.0,0.0,0.0,0.0,0.0,0.0,0.0,0.0,0.0,0.0,0.0,0.0,0.0,0.0,0.0,0.0,0.0,0.0,0.0,0.0,0.0,0.0,0.0,0.0,0.0,0.0,0.0,0.0,0.0,0.0,0.0,0.0,0.0,0.0,0.0,0.0,0.0,0.0,0.0,0.0,0.0,0.0,0.0,0.0,0.0,0.0,0.0,0.0,0.0,0.0,0.0,0.0,0.0,0.0,0.0,0.0,0.0,0.0,0.0,0.0,0.0,0.0
2017-05-30 20:54:00+02:00,0.0,0.0,0.0,0.0,0.0,0.0,0.0,0.0,0.0,0.0,0.0,0.0,0.0,0.0,0.0,0.0,0.0,0.0,0.0,0.0,0.0,0.0,0.0,0.0,0.0,0.0,0.0,0.0,0.0,0.0,0.0,0.0,0.0,0.0,0.0,0.0,0.0,0.0,0.0,0.0,0.0,0.0,0.0,0.0,0.0,0.0,0.0,0.0,0.0,0.0,0.0,0.0,0.0,0.0,0.0,0.0,0.0,0.0,0.0,0.0,0.0,0.0,0.0,0.0,0.0,0.0,0.0,0.0,0.0,0.0,0.0,0.0,0.0,0.0,0.0,0.0,0.0,0.0,0.0,0.0,0.0,0.0,0.0,0.0,0.0,0.0,0.0,0.0,0.0,0.0,0.0,0.0,0.0,0.0,0.0,0.0,0.0,0.0,0.0,0.0,0.0,0.0,0.0,0.0,0.0,0.0,0.0,0.0,0.0,0.0,0.0,0.0,0.0,0.0,0.0,0.0,0.0,0.0
2017-05-30 20:55:00+02:00,0.0,0.0,0.0,0.0,0.0,0.0,0.0,0.0,0.0,0.0,0.0,0.0,0.0,0.0,0.0,0.0,0.0,0.0,0.0,0.0,0.0,0.0,0.0,0.0,0.0,0.0,0.0,0.0,0.0,0.0,0.0,0.0,0.0,0.0,0.0,0.0,0.0,0.0,0.0,0.0,0.0,0.0,0.0,0.0,0.0,0.0,0.0,0.0,0.0,0.0,0.0,0.0,0.0,0.0,0.0,0.0,0.0,0.0,0.0,0.0,0.0,0.0,0.0,0.0,0.0,0.0,0.0,0.0,0.0,0.0,0.0,0.0,0.0,0.0,0.0,0.0,0.0,0.0,0.0,0.0,0.0,0.0,0.0,0.0,0.0,0.0,0.0,0.0,0.0,0.0,0.0,0.0,0.0,0.0,0.0,0.0,0.0,0.0,0.0,0.0,0.0,0.0,0.0,0.0,0.0,0.0,0.0,0.0,0.0,0.0,0.0,0.0,0.0,0.0,0.0,0.0,0.0,0.0
2017-05-30 20:56:00+02:00,0.0,0.0,0.0,0.0,0.0,0.0,0.0,0.0,0.0,0.0,0.0,0.0,0.0,0.0,0.0,0.0,0.0,0.0,0.0,0.0,0.0,0.0,0.0,0.0,0.0,0.0,0.0,0.0,0.0,0.0,0.0,0.0,0.0,0.0,0.0,0.0,0.0,0.0,0.0,0.0,0.0,0.0,0.0,0.0,0.0,0.0,0.0,0.0,0.0,0.0,0.0,0.0,0.0,0.0,0.0,0.0,0.0,0.0,0.0,0.0,0.0,0.0,0.0,0.0,0.0,0.0,0.0,0.0,0.0,0.0,0.0,0.0,0.0,0.0,0.0,0.0,0.0,0.0,0.0,0.0,0.0,0.0,0.0,0.0,0.0,0.0,0.0,0.0,0.0,0.0,0.0,0.0,0.0,0.0,0.0,0.0,0.0,0.0,0.0,0.0,0.0,0.0,0.0,0.0,0.0,0.0,0.0,0.0,0.0,0.0,0.0,0.0,0.0,0.0,0.0,0.0,0.0,0.0
2017-05-30 20:57:00+02:00,0.0,0.0,0.0,0.0,0.0,0.0,0.0,0.0,0.0,0.0,0.0,0.0,0.0,0.0,0.0,0.0,0.0,0.0,0.0,0.0,0.0,0.0,0.0,0.0,0.0,0.0,0.0,0.0,0.0,0.0,0.0,0.0,0.0,0.0,0.0,0.0,0.0,0.0,0.0,0.0,0.0,0.0,0.0,0.0,0.0,0.0,0.0,0.0,0.0,0.0,0.0,0.0,0.0,0.0,0.0,0.0,0.0,0.0,0.0,0.0,0.0,0.0,0.0,0.0,0.0,0.0,0.0,0.0,0.0,0.0,0.0,0.0,0.0,0.0,0.0,0.0,0.0,0.0,0.0,0.0,0.0,0.0,0.0,0.0,0.0,0.0,0.0,0.0,0.0,0.0,0.0,0.0,0.0,0.0,0.0,0.0,0.0,0.0,0.0,0.0,0.0,0.0,0.0,0.0,0.0,0.0,0.0,0.0,0.0,0.0,0.0,0.0,0.0,0.0,0.0,0.0,0.0,0.0
2017-05-30 20:58:00+02:00,0.0,0.0,0.0,0.0,0.0,0.0,0.0,0.0,0.0,0.0,0.0,0.0,0.0,0.0,0.0,0.0,0.0,0.0,0.0,0.0,0.0,0.0,0.0,0.0,0.0,0.0,0.0,0.0,0.0,0.0,0.0,0.0,0.0,0.0,0.0,0.0,0.0,0.0,0.0,0.0,0.0,0.0,0.0,0.0,0.0,0.0,0.0,0.0,0.0,0.0,0.0,0.0,0.0,0.0,0.0,0.0,0.0,0.0,0.0,0.0,0.0,0.0,0.0,0.0,0.0,0.0,0.0,0.0,0.0,0.0,0.0,0.0,0.0,0.0,0.0,0.0,0.0,0.0,0.0,0.0,0.0,0.0,0.0,0.0,0.0,0.0,0.0,0.0,0.0,0.0,0.0,0.0,0.0,0.0,0.0,0.0,0.0,0.0,0.0,0.0,0.0,0.0,0.0,0.0,0.0,0.0,0.0,0.0,0.0,0.0,0.0,0.0,0.0,0.0,0.0,0.0,0.0,0.0
2017-05-30 20:59:00+02:00,0.0,0.0,0.0,0.0,0.0,0.0,0.0,0.0,0.0,0.0,0.0,0.0,0.0,0.0,0.0,0.0,0.0,0.0,0.0,0.0,0.0,0.0,0.0,0.0,0.0,0.0,0.0,0.0,0.0,0.0,0.0,0.0,0.0,0.0,0.0,0.0,0.0,0.0,0.0,0.0,0.0,0.0,0.0,0.0,0.0,0.0,0.0,0.0,0.0,0.0,0.0,0.0,0.0,0.0,0.0,0.0,0.0,0.0,0.0,0.0,0.0,0.0,0.0,0.0,0.0,0.0,0.0,0.0,0.0,0.0,0.0,0.0,0.0,0.0,0.0,0.0,0.0,0.0,0.0,0.0,0.0,0.0,0.0,0.0,0.0,0.0,0.0,0.0,0.0,0.0,0.0,0.0,0.0,0.0,0.0,0.0,0.0,0.0,0.0,0.0,0.0,0.0,0.0,0.0,0.0,0.0,0.0,0.0,0.0,0.0,0.0,0.0,0.0,0.0,0.0,0.0,0.0,0.0
2017-05-30 21:00:00+02:00,0.0,0.0,0.0,0.0,0.0,0.0,0.0,0.0,0.0,0.0,0.0,0.0,0.0,0.0,0.0,0.0,0.0,0.0,0.0,0.0,0.0,0.0,0.0,0.0,0.0,0.0,0.0,0.0,0.0,0.0,0.0,0.0,0.0,0.0,0.0,0.0,0.0,0.0,0.0,0.0,0.0,0.0,0.0,0.0,0.0,0.0,0.0,0.0,0.0,0.0,0.0,0.0,0.0,0.0,0.0,0.0,0.0,0.0,0.0,0.0,0.0,0.0,0.0,0.0,0.0,0.0,0.0,0.0,0.0,0.0,0.0,0.0,0.0,0.0,0.0,0.0,0.0,0.0,0.0,0.0,0.0,0.0,0.0,0.0,0.0,0.0,0.0,0.0,0.0,0.0,0.0,0.0,0.0,0.0,0.0,0.0,0.0,0.0,0.0,0.0,0.0,0.0,0.0,0.0,0.0,0.0,0.0,0.0,0.0,0.0,0.0,0.0,0.0,0.0,0.0,0.0,0.0,0.0
2017-05-30 21:01:00+02:00,0.0,0.0,0.0,0.0,0.0,0.0,0.0,0.0,0.0,0.0,0.0,0.0,0.0,0.0,0.0,0.0,0.0,0.0,0.0,0.0,0.0,0.0,0.0,0.0,0.0,0.0,0.0,0.0,0.0,0.0,0.0,0.0,0.0,0.0,0.0,0.0,0.0,0.0,0.0,0.0,0.0,0.0,0.0,0.0,0.0,0.0,0.0,0.0,0.0,0.0,0.0,0.0,0.0,0.0,0.0,0.0,0.0,0.0,0.0,0.0,0.0,0.0,0.0,0.0,0.0,0.0,0.0,0.0,0.0,0.0,0.0,0.0,0.0,0.0,0.0,0.0,0.0,0.0,0.0,0.0,0.0,0.0,0.0,0.0,0.0,0.0,0.0,0.0,0.0,0.0,0.0,0.0,0.0,0.0,0.0,0.0,0.0,0.0,0.0,0.0,0.0,0.0,0.0,0.0,0.0,0.0,0.0,0.0,0.0,0.0,0.0,0.0,0.0,0.0,0.0,0.0,0.0,0.0
2017-05-30 21:02:00+02:00,0.0,0.0,0.0,0.0,0.0,0.0,0.0,0.0,0.0,0.0,0.0,0.0,0.0,0.0,0.0,0.0,0.0,0.0,0.0,0.0,0.0,0.0,0.0,0.0,0.0,0.0,0.0,0.0,0.0,0.0,0.0,0.0,0.0,0.0,0.0,0.0,0.0,0.0,0.0,0.0,0.0,0.0,0.0,0.0,0.0,0.0,0.0,0.0,0.0,0.0,0.0,0.0,0.0,0.0,0.0,0.0,0.0,0.0,0.0,0.0,0.0,0.0,0.0,0.0,0.0,0.0,0.0,0.0,0.0,0.0,0.0,0.0,0.0,0.0,0.0,0.0,0.0,0.0,0.0,0.0,0.0,0.0,0.0,0.0,0.0,0.0,0.0,0.0,0.0,0.0,0.0,0.0,0.0,0.0,0.0,0.0,0.0,0.0,0.0,0.0,0.0,0.0,0.0,0.0,0.0,0.0,0.0,0.0,0.0,0.0,0.0,0.0,0.0,0.0,0.0,0.0,0.0,0.0
2017-05-30 21:03:00+02:00,0.0,0.0,0.0,0.0,0.0,0.0,0.0,0.0,0.0,0.0,0.0,0.0,0.0,0.0,0.0,0.0,0.0,0.0,0.0,0.0,0.0,0.0,0.0,0.0,0.0,0.0,0.0,0.0,0.0,0.0,0.0,0.0,0.0,0.0,0.0,0.0,0.0,0.0,0.0,0.0,0.0,0.0,0.0,0.0,0.0,0.0,0.0,0.0,0.0,0.0,0.0,0.0,0.0,0.0,0.0,0.0,0.0,0.0,0.0,0.0,0.0,0.0,0.0,0.0,0.0,0.0,0.0,0.0,0.0,0.0,0.0,0.0,0.0,0.0,0.0,0.0,0.0,0.0,0.0,0.0,0.0,0.0,0.0,0.0,0.0,0.0,0.0,0.0,0.0,0.0,0.0,0.0,0.0,0.0,0.0,0.0,0.0,0.0,0.0,0.0,0.0,0.0,0.0,0.0,0.0,0.0,0.0,0.0,0.0,0.0,0.0,0.0,0.0,0.0,0.0,0.0,0.0,0.0
2017-05-30 21:04:00+02:00,0.0,0.0,0.0,0.0,0.0,0.0,0.0,0.0,0.0,0.0,0.0,0.0,0.0,0.0,0.0,0.0,0.0,0.0,0.0,0.0,0.0,0.0,0.0,0.0,0.0,0.0,0.0,0.0,0.0,0.0,0.0,0.0,0.0,0.0,0.0,0.0,0.0,0.0,0.0,0.0,0.0,0.0,0.0,0.0,0.0,0.0,0.0,0.0,0.0,0.0,0.0,0.0,0.0,0.0,0.0,0.0,0.0,0.0,0.0,0.0,0.0,0.0,0.0,0.0,0.0,0.0,0.0,0.0,0.0,0.0,0.0,0.0,0.0,0.0,0.0,0.0,0.0,0.0,0.0,0.0,0.0,0.0,0.0,0.0,0.0,0.0,0.0,0.0,0.0,0.0,0.0,0.0,0.0,0.0,0.0,0.0,0.0,0.0,0.0,0.0,0.0,0.0,0.0,0.0,0.0,0.0,0.0,0.0,0.0,0.0,0.0,0.0,0.0,0.0,0.0,0.0,0.0,0.0
2017-05-30 21:05:00+02:00,0.0,0.0,0.0,0.0,0.0,0.0,0.0,0.0,0.0,0.0,0.0,0.0,0.0,0.0,0.0,0.0,0.0,0.0,0.0,0.0,0.0,0.0,0.0,0.0,0.0,0.0,0.0,0.0,0.0,0.0,0.0,0.0,0.0,0.0,0.0,0.0,0.0,0.0,0.0,0.0,0.0,0.0,0.0,0.0,0.0,0.0,0.0,0.0,0.0,0.0,0.0,0.0,0.0,0.0,0.0,0.0,0.0,0.0,0.0,0.0,0.0,0.0,0.0,0.0,0.0,0.0,0.0,0.0,0.0,0.0,0.0,0.0,0.0,0.0,0.0,0.0,0.0,0.0,0.0,0.0,0.0,0.0,0.0,0.0,0.0,0.0,0.0,0.0,0.0,0.0,0.0,0.0,0.0,0.0,0.0,0.0,0.0,0.0,0.0,0.0,0.0,0.0,0.0,0.0,0.0,0.0,0.0,0.0,0.0,0.0,0.0,0.0,0.0,0.0,0.0,0.0,0.0,0.0
2017-05-30 21:06:00+02:00,0.0,0.0,0.0,0.0,0.0,0.0,0.0,0.0,0.0,0.0,0.0,0.0,0.0,0.0,0.0,0.0,0.0,0.0,0.0,0.0,0.0,0.0,0.0,0.0,0.0,0.0,0.0,0.0,0.0,0.0,0.0,0.0,0.0,0.0,0.0,0.0,0.0,0.0,0.0,0.0,0.0,0.0,0.0,0.0,0.0,0.0,0.0,0.0,0.0,0.0,0.0,0.0,0.0,0.0,0.0,0.0,0.0,0.0,0.0,0.0,0.0,0.0,0.0,0.0,0.0,0.0,0.0,0.0,0.0,0.0,0.0,0.0,0.0,0.0,0.0,0.0,0.0,0.0,0.0,0.0,0.0,0.0,0.0,0.0,0.0,0.0,0.0,0.0,0.0,0.0,0.0,0.0,0.0,0.0,0.0,0.0,0.0,0.0,0.0,0.0,0.0,0.0,0.0,0.0,0.0,0.0,0.0,0.0,0.0,0.0,0.0,0.0,0.0,0.0,0.0,0.0,0.0,0.0
2017-05-30 21:07:00+02:00,0.0,0.0,0.0,0.0,0.0,0.0,0.0,0.0,0.0,0.0,0.0,0.0,0.0,0.0,0.0,0.0,0.0,0.0,0.0,0.0,0.0,0.0,0.0,0.0,0.0,0.0,0.0,0.0,0.0,0.0,0.0,0.0,0.0,0.0,0.0,0.0,0.0,0.0,0.0,0.0,0.0,0.0,0.0,0.0,0.0,0.0,0.0,0.0,0.0,0.0,0.0,0.0,0.0,0.0,0.0,0.0,0.0,0.0,0.0,0.0,0.0,0.0,0.0,0.0,0.0,0.0,0.0,0.0,0.0,0.0,0.0,0.0,0.0,0.0,0.0,0.0,0.0,0.0,0.0,0.0,0.0,0.0,0.0,0.0,0.0,0.0,0.0,0.0,0.0,0.0,0.0,0.0,0.0,0.0,0.0,0.0,0.0,0.0,0.0,0.0,0.0,0.0,0.0,0.0,0.0,0.0,0.0,0.0,0.0,0.0,0.0,0.0,0.0,0.0,0.0,0.0,0.0,0.0
2017-05-30 21:08:00+02:00,0.0,0.0,0.0,0.0,0.0,0.0,0.0,0.0,0.0,0.0,0.0,0.0,0.0,0.0,0.0,0.0,0.0,0.0,0.0,0.0,0.0,0.0,0.0,0.0,0.0,0.0,0.0,0.0,0.0,0.0,0.0,0.0,0.0,0.0,0.0,0.0,0.0,0.0,0.0,0.0,0.0,0.0,0.0,0.0,0.0,0.0,0.0,0.0,0.0,0.0,0.0,0.0,0.0,0.0,0.0,0.0,0.0,0.0,0.0,0.0,0.0,0.0,0.0,0.0,0.0,0.0,0.0,0.0,0.0,0.0,0.0,0.0,0.0,0.0,0.0,0.0,0.0,0.0,0.0,0.0,0.0,0.0,0.0,0.0,0.0,0.0,0.0,0.0,0.0,0.0,0.0,0.0,0.0,0.0,0.0,0.0,0.0,0.0,0.0,0.0,0.0,0.0,0.0,0.0,0.0,0.0,0.0,0.0,0.0,0.0,0.0,0.0,0.0,0.0,0.0,0.0,0.0,0.0
2017-05-30 21:09:00+02:00,0.0,0.0,0.0,0.0,0.0,0.0,0.0,0.0,0.0,0.0,0.0,0.0,0.0,0.0,0.0,0.0,0.0,0.0,0.0,0.0,0.0,0.0,0.0,0.0,0.0,0.0,0.0,0.0,0.0,0.0,0.0,0.0,0.0,0.0,0.0,0.0,0.0,0.0,0.0,0.0,0.0,0.0,0.0,0.0,0.0,0.0,0.0,0.0,0.0,0.0,0.0,0.0,0.0,0.0,0.0,0.0,0.0,0.0,0.0,0.0,0.0,0.0,0.0,0.0,0.0,0.0,0.0,0.0,0.0,0.0,0.0,0.0,0.0,0.0,0.0,0.0,0.0,0.0,0.0,0.0,0.0,0.0,0.0,0.0,0.0,0.0,0.0,0.0,0.0,0.0,0.0,0.0,0.0,0.0,0.0,0.0,0.0,0.0,0.0,0.0,0.0,0.0,0.0,0.0,0.0,0.0,0.0,0.0,0.0,0.0,0.0,0.0,0.0,0.0,0.0,0.0,0.0,0.0
2017-05-30 21:10:00+02:00,0.0,0.0,0.0,0.0,0.0,0.0,0.0,0.0,0.0,0.0,0.0,0.0,0.0,0.0,0.0,0.0,0.0,0.0,0.0,0.0,0.0,0.0,0.0,0.0,0.0,0.0,0.0,0.0,0.0,0.0,0.0,0.0,0.0,0.0,0.0,0.0,0.0,0.0,0.0,0.0,0.0,0.0,0.0,0.0,0.0,0.0,0.0,0.0,0.0,0.0,0.0,0.0,0.0,0.0,0.0,0.0,0.0,0.0,0.0,0.0,0.0,0.0,0.0,0.0,0.0,0.0,0.0,0.0,0.0,0.0,0.0,0.0,0.0,0.0,0.0,0.0,0.0,0.0,0.0,0.0,0.0,0.0,0.0,0.0,0.0,0.0,0.0,0.0,0.0,0.0,0.0,0.0,0.0,0.0,0.0,0.0,0.0,0.0,0.0,0.0,0.0,0.0,0.0,0.0,0.0,0.0,0.0,0.0,0.0,0.0,0.0,0.0,0.0,0.0,0.0,0.0,0.0,0.0
2017-05-30 21:11:00+02:00,0.0,0.0,0.0,0.0,0.0,0.0,0.0,0.0,0.0,0.0,0.0,0.0,0.0,0.0,0.0,0.0,0.0,0.0,0.0,0.0,0.0,0.0,0.0,0.0,0.0,0.0,0.0,0.0,0.0,0.0,0.0,0.0,0.0,0.0,0.0,0.0,0.0,0.0,0.0,0.0,0.0,0.0,0.0,0.0,0.0,0.0,0.0,0.0,0.0,0.0,0.0,0.0,0.0,0.0,0.0,0.0,0.0,0.0,0.0,0.0,0.0,0.0,0.0,0.0,0.0,0.0,0.0,0.0,0.0,0.0,0.0,0.0,0.0,0.0,0.0,0.0,0.0,0.0,0.0,0.0,0.0,0.0,0.0,0.0,0.0,0.0,0.0,0.0,0.0,0.0,0.0,0.0,0.0,0.0,0.0,0.0,0.0,0.0,0.0,0.0,0.0,0.0,0.0,0.0,0.0,0.0,0.0,0.0,0.0,0.0,0.0,0.0,0.0,0.0,0.0,0.0,0.0,0.0
2017-05-30 21:12:00+02:00,0.0,0.0,0.0,0.0,0.0,0.0,0.0,0.0,0.0,0.0,0.0,0.0,0.0,0.0,0.0,0.0,0.0,0.0,0.0,0.0,0.0,0.0,0.0,0.0,0.0,0.0,0.0,0.0,0.0,0.0,0.0,0.0,0.0,0.0,0.0,0.0,0.0,0.0,0.0,0.0,0.0,0.0,0.0,0.0,0.0,0.0,0.0,0.0,0.0,0.0,0.0,0.0,0.0,0.0,0.0,0.0,0.0,0.0,0.0,0.0,0.0,0.0,0.0,0.0,0.0,0.0,0.0,0.0,0.0,0.0,0.0,0.0,0.0,0.0,0.0,0.0,0.0,0.0,0.0,0.0,0.0,0.0,0.0,0.0,0.0,0.0,0.0,0.0,0.0,0.0,0.0,0.0,0.0,0.0,0.0,0.0,0.0,0.0,0.0,0.0,0.0,0.0,0.0,0.0,0.0,0.0,0.0,0.0,0.0,0.0,0.0,0.0,0.0,0.0,0.0,0.0,0.0,0.0
2017-05-30 21:13:00+02:00,0.0,0.0,0.0,0.0,0.0,0.0,0.0,0.0,0.0,0.0,0.0,0.0,0.0,0.0,0.0,0.0,0.0,0.0,0.0,0.0,0.0,0.0,0.0,0.0,0.0,0.0,0.0,0.0,0.0,0.0,0.0,0.0,0.0,0.0,0.0,0.0,0.0,0.0,0.0,0.0,0.0,0.0,0.0,0.0,0.0,0.0,0.0,0.0,0.0,0.0,0.0,0.0,0.0,0.0,0.0,0.0,0.0,0.0,0.0,0.0,0.0,0.0,0.0,0.0,0.0,0.0,0.0,0.0,0.0,0.0,0.0,0.0,0.0,0.0,0.0,0.0,0.0,0.0,0.0,0.0,0.0,0.0,0.0,0.0,0.0,0.0,0.0,0.0,0.0,0.0,0.0,0.0,0.0,0.0,0.0,0.0,0.0,0.0,0.0,0.0,0.0,0.0,0.0,0.0,0.0,0.0,0.0,0.0,0.0,0.0,0.0,0.0,0.0,0.0,0.0,0.0,0.0,0.0
2017-05-30 21:14:00+02:00,0.0,0.0,0.0,0.0,0.0,0.0,0.0,0.0,0.0,0.0,0.0,0.0,0.0,0.0,0.0,0.0,0.0,0.0,0.0,0.0,0.0,0.0,0.0,0.0,0.0,0.0,0.0,0.0,0.0,0.0,0.0,0.0,0.0,0.0,0.0,0.0,0.0,0.0,0.0,0.0,0.0,0.0,0.0,0.0,0.0,0.0,0.0,0.0,0.0,0.0,0.0,0.0,0.0,0.0,0.0,0.0,0.0,0.0,0.0,0.0,0.0,0.0,0.0,0.0,0.0,0.0,0.0,0.0,0.0,0.0,0.0,0.0,0.0,0.0,0.0,0.0,0.0,0.0,0.0,0.0,0.0,0.0,0.0,0.0,0.0,0.0,0.0,0.0,0.0,0.0,0.0,0.0,0.0,0.0,0.0,0.0,0.0,0.0,0.0,0.0,0.0,0.0,0.0,0.0,0.0,0.0,0.0,0.0,0.0,0.0,0.0,0.0,0.0,0.0,0.0,0.0,0.0,0.0
2017-05-30 21:15:00+02:00,0.0,0.0,0.0,0.0,0.0,0.0,0.0,0.0,0.0,0.0,0.0,0.0,0.0,0.0,0.0,0.0,0.0,0.0,0.0,0.0,0.0,0.0,0.0,0.0,0.0,0.0,0.0,0.0,0.0,0.0,0.0,0.0,0.0,0.0,0.0,0.0,0.0,0.0,0.0,0.0,0.0,0.0,0.0,0.0,0.0,0.0,0.0,0.0,0.0,0.0,0.0,0.0,0.0,0.0,0.0,0.0,0.0,0.0,0.0,0.0,0.0,0.0,0.0,0.0,0.0,0.0,0.0,0.0,0.0,0.0,0.0,0.0,0.0,0.0,0.0,0.0,0.0,0.0,0.0,0.0,0.0,0.0,0.0,0.0,0.0,0.0,0.0,0.0,0.0,0.0,0.0,0.0,0.0,0.0,0.0,0.0,0.0,0.0,0.0,0.0,0.0,0.0,0.0,0.0,0.0,0.0,0.0,0.0,0.0,0.0,0.0,0.0,0.0,0.0,0.0,0.0,0.0,0.0
2017-05-30 21:16:00+02:00,0.0,0.0,0.0,0.0,0.0,0.0,0.0,0.0,0.0,0.0,0.0,0.0,0.0,0.0,0.0,0.0,0.0,0.0,0.0,0.0,0.0,0.0,0.0,0.0,0.0,0.0,0.0,0.0,0.0,0.0,0.0,0.0,0.0,0.0,0.0,0.0,0.0,0.0,0.0,0.0,0.0,0.0,0.0,0.0,0.0,0.0,0.0,0.0,0.0,0.0,0.0,0.0,0.0,0.0,0.0,0.0,0.0,0.0,0.0,0.0,0.0,0.0,0.0,0.0,0.0,0.0,0.0,0.0,0.0,0.0,0.0,0.0,0.0,0.0,0.0,0.0,0.0,0.0,0.0,0.0,0.0,0.0,0.0,0.0,0.0,0.0,0.0,0.0,0.0,0.0,0.0,0.0,0.0,0.0,0.0,0.0,0.0,0.0,0.0,0.0,0.0,0.0,0.0,0.0,0.0,0.0,0.0,0.0,0.0,0.0,0.0,0.0,0.0,0.0,0.0,0.0,0.0,0.0
2017-05-30 21:17:00+02:00,0.0,0.0,0.0,0.0,0.0,0.0,0.0,0.0,0.0,0.0,0.0,0.0,0.0,0.0,0.0,0.0,0.0,0.0,0.0,0.0,0.0,0.0,0.0,0.0,0.0,0.0,0.0,0.0,0.0,0.0,0.0,0.0,0.0,0.0,0.0,0.0,0.0,0.0,0.0,0.0,0.0,0.0,0.0,0.0,0.0,0.0,0.0,0.0,0.0,0.0,0.0,0.0,0.0,0.0,0.0,0.0,0.0,0.0,0.0,0.0,0.0,0.0,0.0,0.0,0.0,0.0,0.0,0.0,0.0,0.0,0.0,0.0,0.0,0.0,0.0,0.0,0.0,0.0,0.0,0.0,0.0,0.0,0.0,0.0,0.0,0.0,0.0,0.0,0.0,0.0,0.0,0.0,0.0,0.0,0.0,0.0,0.0,0.0,0.0,0.0,0.0,0.0,0.0,0.0,0.0,0.0,0.0,0.0,0.0,0.0,0.0,0.0,0.0,0.0,0.0,0.0,0.0,0.0
2017-05-30 21:18:00+02:00,0.0,0.0,0.0,0.0,0.0,0.0,0.0,0.0,0.0,0.0,0.0,0.0,0.0,0.0,0.0,0.0,0.0,0.0,0.0,0.0,0.0,0.0,0.0,0.0,0.0,0.0,0.0,0.0,0.0,0.0,0.0,0.0,0.0,0.0,0.0,0.0,0.0,0.0,0.0,0.0,0.0,0.0,0.0,0.0,0.0,0.0,0.0,0.0,0.0,0.0,0.0,0.0,0.0,0.0,0.0,0.0,0.0,0.0,0.0,0.0,0.0,0.0,0.0,0.0,0.0,0.0,0.0,0.0,0.0,0.0,0.0,0.0,0.0,0.0,0.0,0.0,0.0,0.0,0.0,0.0,0.0,0.0,0.0,0.0,0.0,0.0,0.0,0.0,0.0,0.0,0.0,0.0,0.0,0.0,0.0,0.0,0.0,0.0,0.0,0.0,0.0,0.0,0.0,0.0,0.0,0.0,0.0,0.0,0.0,0.0,0.0,0.0,0.0,0.0,0.0,0.0,0.0,0.0
2017-05-30 21:19:00+02:00,0.0,0.0,0.0,0.0,0.0,0.0,0.0,0.0,0.0,0.0,0.0,0.0,0.0,0.0,0.0,0.0,0.0,0.0,0.0,0.0,0.0,0.0,0.0,0.0,0.0,0.0,0.0,0.0,0.0,0.0,0.0,0.0,0.0,0.0,0.0,0.0,0.0,0.0,0.0,0.0,0.0,0.0,0.0,0.0,0.0,0.0,0.0,0.0,0.0,0.0,0.0,0.0,0.0,0.0,0.0,0.0,0.0,0.0,0.0,0.0,0.0,0.0,0.0,0.0,0.0,0.0,0.0,0.0,0.0,0.0,0.0,0.0,0.0,0.0,0.0,0.0,0.0,0.0,0.0,0.0,0.0,0.0,0.0,0.0,0.0,0.0,0.0,0.0,0.0,0.0,0.0,0.0,0.0,0.0,0.0,0.0,0.0,0.0,0.0,0.0,0.0,0.0,0.0,0.0,0.0,0.0,0.0,0.0,0.0,0.0,0.0,0.0,0.0,0.0,0.0,0.0,0.0,0.0
2017-05-30 21:20:00+02:00,0.0,0.0,0.0,0.0,0.0,0.0,0.0,0.0,0.0,0.0,0.0,0.0,0.0,0.0,0.0,0.0,0.0,0.0,0.0,0.0,0.0,0.0,0.0,0.0,0.0,0.0,0.0,0.0,0.0,0.0,0.0,0.0,0.0,0.0,0.0,0.0,0.0,0.0,0.0,0.0,0.0,0.0,0.0,0.0,0.0,0.0,0.0,0.0,0.0,0.0,0.0,0.0,0.0,0.0,0.0,0.0,0.0,0.0,0.0,0.0,0.0,0.0,0.0,0.0,0.0,0.0,0.0,0.0,0.0,0.0,0.0,0.0,0.0,0.0,0.0,0.0,0.0,0.0,0.0,0.0,0.0,0.0,0.0,0.0,0.0,0.0,0.0,0.0,0.0,0.0,0.0,0.0,0.0,0.0,0.0,0.0,0.0,0.0,0.0,0.0,0.0,0.0,0.0,0.0,0.0,0.0,0.0,0.0,0.0,0.0,0.0,0.0,0.0,0.0,0.0,0.0,0.0,0.0
2017-05-30 21:21:00+02:00,0.0,0.0,0.0,0.0,0.0,0.0,0.0,0.0,0.0,0.0,0.0,0.0,0.0,0.0,0.0,0.0,0.0,0.0,0.0,0.0,0.0,0.0,0.0,0.0,0.0,0.0,0.0,0.0,0.0,0.0,0.0,0.0,0.0,0.0,0.0,0.0,0.0,0.0,0.0,0.0,0.0,0.0,0.0,0.0,0.0,0.0,0.0,0.0,0.0,0.0,0.0,0.0,0.0,0.0,0.0,0.0,0.0,0.0,0.0,0.0,0.0,0.0,0.0,0.0,0.0,0.0,0.0,0.0,0.0,0.0,0.0,0.0,0.0,0.0,0.0,0.0,0.0,0.0,0.0,0.0,0.0,0.0,0.0,0.0,0.0,0.0,0.0,0.0,0.0,0.0,0.0,0.0,0.0,0.0,0.0,0.0,0.0,0.0,0.0,0.0,0.0,0.0,0.0,0.0,0.0,0.0,0.0,0.0,0.0,0.0,0.0,0.0,0.0,0.0,0.0,0.0,0.0,0.0
2017-05-30 21:22:00+02:00,0.0,0.0,0.0,0.0,0.0,0.0,0.0,0.0,0.0,0.0,0.0,0.0,0.0,0.0,0.0,0.0,0.0,0.0,0.0,0.0,0.0,0.0,0.0,0.0,0.0,0.0,0.0,0.0,0.0,0.0,0.0,0.0,0.0,0.0,0.0,0.0,0.0,0.0,0.0,0.0,0.0,0.0,0.0,0.0,0.0,0.0,0.0,0.0,0.0,0.0,0.0,0.0,0.0,0.0,0.0,0.0,0.0,0.0,0.0,0.0,0.0,0.0,0.0,0.0,0.0,0.0,0.0,0.0,0.0,0.0,0.0,0.0,0.0,0.0,0.0,0.0,0.0,0.0,0.0,0.0,0.0,0.0,0.0,0.0,0.0,0.0,0.0,0.0,0.0,0.0,0.0,0.0,0.0,0.0,0.0,0.0,0.0,0.0,0.0,0.0,0.0,0.0,0.0,0.0,0.0,0.0,0.0,0.0,0.0,0.0,0.0,0.0,0.0,0.0,0.0,0.0,0.0,0.0
2017-05-30 21:23:00+02:00,0.0,0.0,0.0,0.0,0.0,0.0,0.0,0.0,0.0,0.0,0.0,0.0,0.0,0.0,0.0,0.0,0.0,0.0,0.0,0.0,0.0,0.0,0.0,0.0,0.0,0.0,0.0,0.0,0.0,0.0,0.0,0.0,0.0,0.0,0.0,0.0,0.0,0.0,0.0,0.0,0.0,0.0,0.0,0.0,0.0,0.0,0.0,0.0,0.0,0.0,0.0,0.0,0.0,0.0,0.0,0.0,0.0,0.0,0.0,0.0,0.0,0.0,0.0,0.0,0.0,0.0,0.0,0.0,0.0,0.0,0.0,0.0,0.0,0.0,0.0,0.0,0.0,0.0,0.0,0.0,0.0,0.0,0.0,0.0,0.0,0.0,0.0,0.0,0.0,0.0,0.0,0.0,0.0,0.0,0.0,0.0,0.0,0.0,0.0,0.0,0.0,0.0,0.0,0.0,0.0,0.0,0.0,0.0,0.0,0.0,0.0,0.0,0.0,0.0,0.0,0.0,0.0,0.0
2017-05-30 21:24:00+02:00,0.0,0.0,0.0,0.0,0.0,0.0,0.0,0.0,0.0,0.0,0.0,0.0,0.0,0.0,0.0,0.0,0.0,0.0,0.0,0.0,0.0,0.0,0.0,0.0,0.0,0.0,0.0,0.0,0.0,0.0,0.0,0.0,0.0,0.0,0.0,0.0,0.0,0.0,0.0,0.0,0.0,0.0,0.0,0.0,0.0,0.0,0.0,0.0,0.0,0.0,0.0,0.0,0.0,0.0,0.0,0.0,0.0,0.0,0.0,0.0,0.0,0.0,0.0,0.0,0.0,0.0,0.0,0.0,0.0,0.0,0.0,0.0,0.0,0.0,0.0,0.0,0.0,0.0,0.0,0.0,0.0,0.0,0.0,0.0,0.0,0.0,0.0,0.0,0.0,0.0,0.0,0.0,0.0,0.0,0.0,0.0,0.0,0.0,0.0,0.0,0.0,0.0,0.0,0.0,0.0,0.0,0.0,0.0,0.0,0.0,0.0,0.0,0.0,0.0,0.0,0.0,0.0,0.0
2017-05-30 21:25:00+02:00,0.0,0.0,0.0,0.0,0.0,0.0,0.0,0.0,0.0,0.0,0.0,0.0,0.0,0.0,0.0,0.0,0.0,0.0,0.0,0.0,0.0,0.0,0.0,0.0,0.0,0.0,0.0,0.0,0.0,0.0,0.0,0.0,0.0,0.0,0.0,0.0,0.0,0.0,0.0,0.0,0.0,0.0,0.0,0.0,0.0,0.0,0.0,0.0,0.0,0.0,0.0,0.0,0.0,0.0,0.0,0.0,0.0,0.0,0.0,0.0,0.0,0.0,0.0,0.0,0.0,0.0,0.0,0.0,0.0,0.0,0.0,0.0,0.0,0.0,0.0,0.0,0.0,0.0,0.0,0.0,0.0,0.0,0.0,0.0,0.0,0.0,0.0,0.0,0.0,0.0,0.0,0.0,0.0,0.0,0.0,0.0,0.0,0.0,0.0,0.0,0.0,0.0,0.0,0.0,0.0,0.0,0.0,0.0,0.0,0.0,0.0,0.0,0.0,0.0,0.0,0.0,0.0,0.0
2017-05-30 21:26:00+02:00,0.0,0.0,0.0,0.0,0.0,0.0,0.0,0.0,0.0,0.0,0.0,0.0,0.0,0.0,0.0,0.0,0.0,0.0,0.0,0.0,0.0,0.0,0.0,0.0,0.0,0.0,0.0,0.0,0.0,0.0,0.0,0.0,0.0,0.0,0.0,0.0,0.0,0.0,0.0,0.0,0.0,0.0,0.0,0.0,0.0,0.0,0.0,0.0,0.0,0.0,0.0,0.0,0.0,0.0,0.0,0.0,0.0,0.0,0.0,0.0,0.0,0.0,0.0,0.0,0.0,0.0,0.0,0.0,0.0,0.0,0.0,0.0,0.0,0.0,0.0,0.0,0.0,0.0,0.0,0.0,0.0,0.0,0.0,0.0,0.0,0.0,0.0,0.0,0.0,0.0,0.0,0.0,0.0,0.0,0.0,0.0,0.0,0.0,0.0,0.0,0.0,0.0,0.0,0.0,0.0,0.0,0.0,0.0,0.0,0.0,0.0,0.0,0.0,0.0,0.0,0.0,0.0,0.0
2017-05-30 21:27:00+02:00,0.0,0.0,0.0,0.0,0.0,0.0,0.0,0.0,0.0,0.0,0.0,0.0,0.0,0.0,0.0,0.0,0.0,0.0,0.0,0.0,0.0,0.0,0.0,0.0,0.0,0.0,0.0,0.0,0.0,0.0,0.0,0.0,0.0,0.0,0.0,0.0,0.0,0.0,0.0,0.0,0.0,0.0,0.0,0.0,0.0,0.0,0.0,0.0,0.0,0.0,0.0,0.0,0.0,0.0,0.0,0.0,0.0,0.0,0.0,0.0,0.0,0.0,0.0,0.0,0.0,0.0,0.0,0.0,0.0,0.0,0.0,0.0,0.0,0.0,0.0,0.0,0.0,0.0,0.0,0.0,0.0,0.0,0.0,0.0,0.0,0.0,0.0,0.0,0.0,0.0,0.0,0.0,0.0,0.0,0.0,0.0,0.0,0.0,0.0,0.0,0.0,0.0,0.0,0.0,0.0,0.0,0.0,0.0,0.0,0.0,0.0,0.0,0.0,0.0,0.0,0.0,0.0,0.0
2017-05-30 21:28:00+02:00,0.0,0.0,0.0,0.0,0.0,0.0,0.0,0.0,0.0,0.0,0.0,0.0,0.0,0.0,0.0,0.0,0.0,0.0,0.0,0.0,0.0,0.0,0.0,0.0,0.0,0.0,0.0,0.0,0.0,0.0,0.0,0.0,0.0,0.0,0.0,0.0,0.0,0.0,0.0,0.0,0.0,0.0,0.0,0.0,0.0,0.0,0.0,0.0,0.0,0.0,0.0,0.0,0.0,0.0,0.0,0.0,0.0,0.0,0.0,0.0,0.0,0.0,0.0,0.0,0.0,0.0,0.0,0.0,0.0,0.0,0.0,0.0,0.0,0.0,0.0,0.0,0.0,0.0,0.0,0.0,0.0,0.0,0.0,0.0,0.0,0.0,0.0,0.0,0.0,0.0,0.0,0.0,0.0,0.0,0.0,0.0,0.0,0.0,0.0,0.0,0.0,0.0,0.0,0.0,0.0,0.0,0.0,0.0,0.0,0.0,0.0,0.0,0.0,0.0,0.0,0.0,0.0,0.0
2017-05-30 21:29:00+02:00,0.0,0.0,0.0,0.0,0.0,0.0,0.0,0.0,0.0,0.0,0.0,0.0,0.0,0.0,0.0,0.0,0.0,0.0,0.0,0.0,0.0,0.0,0.0,0.0,0.0,0.0,0.0,0.0,0.0,0.0,0.0,0.0,0.0,0.0,0.0,0.0,0.0,0.0,0.0,0.0,0.0,0.0,0.0,0.0,0.0,0.0,0.0,0.0,0.0,0.0,0.0,0.0,0.0,0.0,0.0,0.0,0.0,0.0,0.0,0.0,0.0,0.0,0.0,0.0,0.0,0.0,0.0,0.0,0.0,0.0,0.0,0.0,0.0,0.0,0.0,0.0,0.0,0.0,0.0,0.0,0.0,0.0,0.0,0.0,0.0,0.0,0.0,0.0,0.0,0.0,0.0,0.0,0.0,0.0,0.0,0.0,0.0,0.0,0.0,0.0,0.0,0.0,0.0,0.0,0.0,0.0,0.0,0.0,0.0,0.0,0.0,0.0,0.0,0.0,0.0,0.0,0.0,0.0
2017-05-30 21:30:00+02:00,0.0,0.0,0.0,0.0,0.0,0.0,0.0,0.0,0.0,0.0,0.0,0.0,0.0,0.0,0.0,0.0,0.0,0.0,0.0,0.0,0.0,0.0,0.0,0.0,0.0,0.0,0.0,0.0,0.0,0.0,0.0,0.0,0.0,0.0,0.0,0.0,0.0,0.0,0.0,0.0,0.0,0.0,0.0,0.0,0.0,0.0,0.0,0.0,0.0,0.0,0.0,0.0,0.0,0.0,0.0,0.0,0.0,0.0,0.0,0.0,0.0,0.0,0.0,0.0,0.0,0.0,0.0,0.0,0.0,0.0,0.0,0.0,0.0,0.0,0.0,0.0,0.0,0.0,0.0,0.0,0.0,0.0,0.0,0.0,0.0,0.0,0.0,0.0,0.0,0.0,0.0,0.0,0.0,0.0,0.0,0.0,0.0,0.0,0.0,0.0,0.0,0.0,0.0,0.0,0.0,0.0,0.0,0.0,0.0,0.0,0.0,0.0,0.0,0.0,0.0,0.0,0.0,0.0
2017-05-30 21:31:00+02:00,0.0,0.0,0.0,0.0,0.0,0.0,0.0,0.0,0.0,0.0,0.0,0.0,0.0,0.0,0.0,0.0,0.0,0.0,0.0,0.0,0.0,0.0,0.0,0.0,0.0,0.0,0.0,0.0,0.0,0.0,0.0,0.0,0.0,0.0,0.0,0.0,0.0,0.0,0.0,0.0,0.0,0.0,0.0,0.0,0.0,0.0,0.0,0.0,0.0,0.0,0.0,0.0,0.0,0.0,0.0,0.0,0.0,0.0,0.0,0.0,0.0,0.0,0.0,0.0,0.0,0.0,0.0,0.0,0.0,0.0,0.0,0.0,0.0,0.0,0.0,0.0,0.0,0.0,0.0,0.0,0.0,0.0,0.0,0.0,0.0,0.0,0.0,0.0,0.0,0.0,0.0,0.0,0.0,0.0,0.0,0.0,0.0,0.0,0.0,0.0,0.0,0.0,0.0,0.0,0.0,0.0,0.0,0.0,0.0,0.0,0.0,0.0,0.0,0.0,0.0,0.0,0.0,0.0
2017-05-30 21:32:00+02:00,0.0,0.0,0.0,0.0,0.0,0.0,0.0,0.0,0.0,0.0,0.0,0.0,0.0,0.0,0.0,0.0,0.0,0.0,0.0,0.0,0.0,0.0,0.0,0.0,0.0,0.0,0.0,0.0,0.0,0.0,0.0,0.0,0.0,0.0,0.0,0.0,0.0,0.0,0.0,0.0,0.0,0.0,0.0,0.0,0.0,0.0,0.0,0.0,0.0,0.0,0.0,0.0,0.0,0.0,0.0,0.0,0.0,0.0,0.0,0.0,0.0,0.0,0.0,0.0,0.0,0.0,0.0,0.0,0.0,0.0,0.0,0.0,0.0,0.0,0.0,0.0,0.0,0.0,0.0,0.0,0.0,0.0,0.0,0.0,0.0,0.0,0.0,0.0,0.0,0.0,0.0,0.0,0.0,0.0,0.0,0.0,0.0,0.0,0.0,0.0,0.0,0.0,0.0,0.0,0.0,0.0,0.0,0.0,0.0,0.0,0.0,0.0,0.0,0.0,0.0,0.0,0.0,0.0
2017-05-30 21:33:00+02:00,0.0,0.0,0.0,0.0,0.0,0.0,0.0,0.0,0.0,0.0,0.0,0.0,0.0,0.0,0.0,0.0,0.0,0.0,0.0,0.0,0.0,0.0,0.0,0.0,0.0,0.0,0.0,0.0,0.0,0.0,0.0,0.0,0.0,0.0,0.0,0.0,0.0,0.0,0.0,0.0,0.0,0.0,0.0,0.0,0.0,0.0,0.0,0.0,0.0,0.0,0.0,0.0,0.0,0.0,0.0,0.0,0.0,0.0,0.0,0.0,0.0,0.0,0.0,0.0,0.0,0.0,0.0,0.0,0.0,0.0,0.0,0.0,0.0,0.0,0.0,0.0,0.0,0.0,0.0,0.0,0.0,0.0,0.0,0.0,0.0,0.0,0.0,0.0,0.0,0.0,0.0,0.0,0.0,0.0,0.0,0.0,0.0,0.0,0.0,0.0,0.0,0.0,0.0,0.0,0.0,0.0,0.0,0.0,0.0,0.0,0.0,0.0,0.0,0.0,0.0,0.0,0.0,0.0
2017-05-30 21:34:00+02:00,0.0,0.0,0.0,0.0,0.0,0.0,0.0,0.0,0.0,0.0,0.0,0.0,0.0,0.0,0.0,0.0,0.0,0.0,0.0,0.0,0.0,0.0,0.0,0.0,0.0,0.0,0.0,0.0,0.0,0.0,0.0,0.0,0.0,0.0,0.0,0.0,0.0,0.0,0.0,0.0,0.0,0.0,0.0,0.0,0.0,0.0,0.0,0.0,0.0,0.0,0.0,0.0,0.0,0.0,0.0,0.0,0.0,0.0,0.0,0.0,0.0,0.0,0.0,0.0,0.0,0.0,0.0,0.0,0.0,0.0,0.0,0.0,0.0,0.0,0.0,0.0,0.0,0.0,0.0,0.0,0.0,0.0,0.0,0.0,0.0,0.0,0.0,0.0,0.0,0.0,0.0,0.0,0.0,0.0,0.0,0.0,0.0,0.0,0.0,0.0,0.0,0.0,0.0,0.0,0.0,0.0,0.0,0.0,0.0,0.0,0.0,0.0,0.0,0.0,0.0,0.0,0.0,0.0
2017-05-30 21:35:00+02:00,0.0,0.0,0.0,0.0,0.0,0.0,0.0,0.0,0.0,0.0,0.0,0.0,0.0,0.0,0.0,0.0,0.0,0.0,0.0,0.0,0.0,0.0,0.0,0.0,0.0,0.0,0.0,0.0,0.0,0.0,0.0,0.0,0.0,0.0,0.0,0.0,0.0,0.0,0.0,0.0,0.0,0.0,0.0,0.0,0.0,0.0,0.0,0.0,0.0,0.0,0.0,0.0,0.0,0.0,0.0,0.0,0.0,0.0,0.0,0.0,0.0,0.0,0.0,0.0,0.0,0.0,0.0,0.0,0.0,0.0,0.0,0.0,0.0,0.0,0.0,0.0,0.0,0.0,0.0,0.0,0.0,0.0,0.0,0.0,0.0,0.0,0.0,0.0,0.0,0.0,0.0,0.0,0.0,0.0,0.0,0.0,0.0,0.0,0.0,0.0,0.0,0.0,0.0,0.0,0.0,0.0,0.0,0.0,0.0,0.0,0.0,0.0,0.0,0.0,0.0,0.0,0.0,0.0
2017-05-30 21:36:00+02:00,0.0,0.0,0.0,0.0,0.0,0.0,0.0,0.0,0.0,0.0,0.0,0.0,0.0,0.0,0.0,0.0,0.0,0.0,0.0,0.0,0.0,0.0,0.0,0.0,0.0,0.0,0.0,0.0,0.0,0.0,0.0,0.0,0.0,0.0,0.0,0.0,0.0,0.0,0.0,0.0,0.0,0.0,0.0,0.0,0.0,0.0,0.0,0.0,0.0,0.0,0.0,0.0,0.0,0.0,0.0,0.0,0.0,0.0,0.0,0.0,0.0,0.0,0.0,0.0,0.0,0.0,0.0,0.0,0.0,0.0,0.0,0.0,0.0,0.0,0.0,0.0,0.0,0.0,0.0,0.0,0.0,0.0,0.0,0.0,0.0,0.0,0.0,0.0,0.0,0.0,0.0,0.0,0.0,0.0,0.0,0.0,0.0,0.0,0.0,0.0,0.0,0.0,0.0,0.0,0.0,0.0,0.0,0.0,0.0,0.0,0.0,0.0,0.0,0.0,0.0,0.0,0.0,0.0
2017-05-30 21:37:00+02:00,0.0,0.0,0.0,0.0,0.0,0.0,0.0,0.0,0.0,0.0,0.0,0.0,0.0,0.0,0.0,0.0,0.0,0.0,0.0,0.0,0.0,0.0,0.0,0.0,0.0,0.0,0.0,0.0,0.0,0.0,0.0,0.0,0.0,0.0,0.0,0.0,0.0,0.0,0.0,0.0,0.0,0.0,0.0,0.0,0.0,0.0,0.0,0.0,0.0,0.0,0.0,0.0,0.0,0.0,0.0,0.0,0.0,0.0,0.0,0.0,0.0,0.0,0.0,0.0,0.0,0.0,0.0,0.0,0.0,0.0,0.0,0.0,0.0,0.0,0.0,0.0,0.0,0.0,0.0,0.0,0.0,0.0,0.0,0.0,0.0,0.0,0.0,0.0,0.0,0.0,0.0,0.0,0.0,0.0,0.0,0.0,0.0,0.0,0.0,0.0,0.0,0.0,0.0,0.0,0.0,0.0,0.0,0.0,0.0,0.0,0.0,0.0,0.0,0.0,0.0,0.0,0.0,0.0
2017-05-30 21:38:00+02:00,0.0,0.0,0.0,0.0,0.0,0.0,0.0,0.0,0.0,0.0,0.0,0.0,0.0,0.0,0.0,0.0,0.0,0.0,0.0,0.0,0.0,0.0,0.0,0.0,0.0,0.0,0.0,0.0,0.0,0.0,0.0,0.0,0.0,0.0,0.0,0.0,0.0,0.0,0.0,0.0,0.0,0.0,0.0,0.0,0.0,0.0,0.0,0.0,0.0,0.0,0.0,0.0,0.0,0.0,0.0,0.0,0.0,0.0,0.0,0.0,0.0,0.0,0.0,0.0,0.0,0.0,0.0,0.0,0.0,0.0,0.0,0.0,0.0,0.0,0.0,0.0,0.0,0.0,0.0,0.0,0.0,0.0,0.0,0.0,0.0,0.0,0.0,0.0,0.0,0.0,0.0,0.0,0.0,0.0,0.0,0.0,0.0,0.0,0.0,0.0,0.0,0.0,0.0,0.0,0.0,0.0,0.0,0.0,0.0,0.0,0.0,0.0,0.0,0.0,0.0,0.0,0.0,0.0
2017-05-30 21:39:00+02:00,0.0,0.0,0.0,0.0,0.0,0.0,0.0,0.0,0.0,0.0,0.0,0.0,0.0,0.0,0.0,0.0,0.0,0.0,0.0,0.0,0.0,0.0,0.0,0.0,0.0,0.0,0.0,0.0,0.0,0.0,0.0,0.0,0.0,0.0,0.0,0.0,0.0,0.0,0.0,0.0,0.0,0.0,0.0,0.0,0.0,0.0,0.0,0.0,0.0,0.0,0.0,0.0,0.0,0.0,0.0,0.0,0.0,0.0,0.0,0.0,0.0,0.0,0.0,0.0,0.0,0.0,0.0,0.0,0.0,0.0,0.0,0.0,0.0,0.0,0.0,0.0,0.0,0.0,0.0,0.0,0.0,0.0,0.0,0.0,0.0,0.0,0.0,0.0,0.0,0.0,0.0,0.0,0.0,0.0,0.0,0.0,0.0,0.0,0.0,0.0,0.0,0.0,0.0,0.0,0.0,0.0,0.0,0.0,0.0,0.0,0.0,0.0,0.0,0.0,0.0,0.0,0.0,0.0
2017-05-30 21:40:00+02:00,0.0,0.0,0.0,0.0,0.0,0.0,0.0,0.0,0.0,0.0,0.0,0.0,0.0,0.0,0.0,0.0,0.0,0.0,0.0,0.0,0.0,0.0,0.0,0.0,0.0,0.0,0.0,0.0,0.0,0.0,0.0,0.0,0.0,0.0,0.0,0.0,0.0,0.0,0.0,0.0,0.0,0.0,0.0,0.0,0.0,0.0,0.0,0.0,0.0,0.0,0.0,0.0,0.0,0.0,0.0,0.0,0.0,0.0,0.0,0.0,0.0,0.0,0.0,0.0,0.0,0.0,0.0,0.0,0.0,0.0,0.0,0.0,0.0,0.0,0.0,0.0,0.0,0.0,0.0,0.0,0.0,0.0,0.0,0.0,0.0,0.0,0.0,0.0,0.0,0.0,0.0,0.0,0.0,0.0,0.0,0.0,0.0,0.0,0.0,0.0,0.0,0.0,0.0,0.0,0.0,0.0,0.0,0.0,0.0,0.0,0.0,0.0,0.0,0.0,0.0,0.0,0.0,0.0
2017-05-30 21:41:00+02:00,0.0,0.0,0.0,0.0,0.0,0.0,0.0,0.0,0.0,0.0,0.0,0.0,0.0,0.0,0.0,0.0,0.0,0.0,0.0,0.0,0.0,0.0,0.0,0.0,0.0,0.0,0.0,0.0,0.0,0.0,0.0,0.0,0.0,0.0,0.0,0.0,0.0,0.0,0.0,0.0,0.0,0.0,0.0,0.0,0.0,0.0,0.0,0.0,0.0,0.0,0.0,0.0,0.0,0.0,0.0,0.0,0.0,0.0,0.0,0.0,0.0,0.0,0.0,0.0,0.0,0.0,0.0,0.0,0.0,0.0,0.0,0.0,0.0,0.0,0.0,0.0,0.0,0.0,0.0,0.0,0.0,0.0,0.0,0.0,0.0,0.0,0.0,0.0,0.0,0.0,0.0,0.0,0.0,0.0,0.0,0.0,0.0,0.0,0.0,0.0,0.0,0.0,0.0,0.0,0.0,0.0,0.0,0.0,0.0,0.0,0.0,0.0,0.0,0.0,0.0,0.0,0.0,0.0
2017-05-30 21:42:00+02:00,0.0,0.0,0.0,0.0,0.0,0.0,0.0,0.0,0.0,0.0,0.0,0.0,0.0,0.0,0.0,0.0,0.0,0.0,0.0,0.0,0.0,0.0,0.0,0.0,0.0,0.0,0.0,0.0,0.0,0.0,0.0,0.0,0.0,0.0,0.0,0.0,0.0,0.0,0.0,0.0,0.0,0.0,0.0,0.0,0.0,0.0,0.0,0.0,0.0,0.0,0.0,0.0,0.0,0.0,0.0,0.0,0.0,0.0,0.0,0.0,0.0,0.0,0.0,0.0,0.0,0.0,0.0,0.0,0.0,0.0,0.0,0.0,0.0,0.0,0.0,0.0,0.0,0.0,0.0,0.0,0.0,0.0,0.0,0.0,0.0,0.0,0.0,0.0,0.0,0.0,0.0,0.0,0.0,0.0,0.0,0.0,0.0,0.0,0.0,0.0,0.0,0.0,0.0,0.0,0.0,0.0,0.0,0.0,0.0,0.0,0.0,0.0,0.0,0.0,0.0,0.0,0.0,0.0
2017-05-30 21:43:00+02:00,0.0,0.0,0.0,0.0,0.0,0.0,0.0,0.0,0.0,0.0,0.0,0.0,0.0,0.0,0.0,0.0,0.0,0.0,0.0,0.0,0.0,0.0,0.0,0.0,0.0,0.0,0.0,0.0,0.0,0.0,0.0,0.0,0.0,0.0,0.0,0.0,0.0,0.0,0.0,0.0,0.0,0.0,0.0,0.0,0.0,0.0,0.0,0.0,0.0,0.0,0.0,0.0,0.0,0.0,0.0,0.0,0.0,0.0,0.0,0.0,0.0,0.0,0.0,0.0,0.0,0.0,0.0,0.0,0.0,0.0,0.0,0.0,0.0,0.0,0.0,0.0,0.0,0.0,0.0,0.0,0.0,0.0,0.0,0.0,0.0,0.0,0.0,0.0,0.0,0.0,0.0,0.0,0.0,0.0,0.0,0.0,0.0,0.0,0.0,0.0,0.0,0.0,0.0,0.0,0.0,0.0,0.0,0.0,0.0,0.0,0.0,0.0,0.0,0.0,0.0,0.0,0.0,0.0
2017-05-30 21:44:00+02:00,0.0,0.0,0.0,0.0,0.0,0.0,0.0,0.0,0.0,0.0,0.0,0.0,0.0,0.0,0.0,0.0,0.0,0.0,0.0,0.0,0.0,0.0,0.0,0.0,0.0,0.0,0.0,0.0,0.0,0.0,0.0,0.0,0.0,0.0,0.0,0.0,0.0,0.0,0.0,0.0,0.0,0.0,0.0,0.0,0.0,0.0,0.0,0.0,0.0,0.0,0.0,0.0,0.0,0.0,0.0,0.0,0.0,0.0,0.0,0.0,0.0,0.0,0.0,0.0,0.0,0.0,0.0,0.0,0.0,0.0,0.0,0.0,0.0,0.0,0.0,0.0,0.0,0.0,0.0,0.0,0.0,0.0,0.0,0.0,0.0,0.0,0.0,0.0,0.0,0.0,0.0,0.0,0.0,0.0,0.0,0.0,0.0,0.0,0.0,0.0,0.0,0.0,0.0,0.0,0.0,0.0,0.0,0.0,0.0,0.0,0.0,0.0,0.0,0.0,0.0,0.0,0.0,0.0
2017-05-30 21:45:00+02:00,0.0,0.0,0.0,0.0,0.0,0.0,0.0,0.0,0.0,0.0,0.0,0.0,0.0,0.0,0.0,0.0,0.0,0.0,0.0,0.0,0.0,0.0,0.0,0.0,0.0,0.0,0.0,0.0,0.0,0.0,0.0,0.0,0.0,0.0,0.0,0.0,0.0,0.0,0.0,0.0,0.0,0.0,0.0,0.0,0.0,0.0,0.0,0.0,0.0,0.0,0.0,0.0,0.0,0.0,0.0,0.0,0.0,0.0,0.0,0.0,0.0,0.0,0.0,0.0,0.0,0.0,0.0,0.0,0.0,0.0,0.0,0.0,0.0,0.0,0.0,0.0,0.0,0.0,0.0,0.0,0.0,0.0,0.0,0.0,0.0,0.0,0.0,0.0,0.0,0.0,0.0,0.0,0.0,0.0,0.0,0.0,0.0,0.0,0.0,0.0,0.0,0.0,0.0,0.0,0.0,0.0,0.0,0.0,0.0,0.0,0.0,0.0,0.0,0.0,0.0,0.0,0.0,0.0
2017-05-30 21:46:00+02:00,0.0,0.0,0.0,0.0,0.0,0.0,0.0,0.0,0.0,0.0,0.0,0.0,0.0,0.0,0.0,0.0,0.0,0.0,0.0,0.0,0.0,0.0,0.0,0.0,0.0,0.0,0.0,0.0,0.0,0.0,0.0,0.0,0.0,0.0,0.0,0.0,0.0,0.0,0.0,0.0,0.0,0.0,0.0,0.0,0.0,0.0,0.0,0.0,0.0,0.0,0.0,0.0,0.0,0.0,0.0,0.0,0.0,0.0,0.0,0.0,0.0,0.0,0.0,0.0,0.0,0.0,0.0,0.0,0.0,0.0,0.0,0.0,0.0,0.0,0.0,0.0,0.0,0.0,0.0,0.0,0.0,0.0,0.0,0.0,0.0,0.0,0.0,0.0,0.0,0.0,0.0,0.0,0.0,0.0,0.0,0.0,0.0,0.0,0.0,0.0,0.0,0.0,0.0,0.0,0.0,0.0,0.0,0.0,0.0,0.0,0.0,0.0,0.0,0.0,0.0,0.0,0.0,0.0
2017-05-30 21:47:00+02:00,0.0,0.0,0.0,0.0,0.0,0.0,0.0,0.0,0.0,0.0,0.0,0.0,0.0,0.0,0.0,0.0,0.0,0.0,0.0,0.0,0.0,0.0,0.0,0.0,0.0,0.0,0.0,0.0,0.0,0.0,0.0,0.0,0.0,0.0,0.0,0.0,0.0,0.0,0.0,0.0,0.0,0.0,0.0,0.0,0.0,0.0,0.0,0.0,0.0,0.0,0.0,0.0,0.0,0.0,0.0,0.0,0.0,0.0,0.0,0.0,0.0,0.0,0.0,0.0,0.0,0.0,0.0,0.0,0.0,0.0,0.0,0.0,0.0,0.0,0.0,0.0,0.0,0.0,0.0,0.0,0.0,0.0,0.0,0.0,0.0,0.0,0.0,0.0,0.0,0.0,0.0,0.0,0.0,0.0,0.0,0.0,0.0,0.0,0.0,0.0,0.0,0.0,0.0,0.0,0.0,0.0,0.0,0.0,0.0,0.0,0.0,0.0,0.0,0.0,0.0,0.0,0.0,0.0
2017-05-30 21:48:00+02:00,0.0,0.0,0.0,0.0,0.0,0.0,0.0,0.0,0.0,0.0,0.0,0.0,0.0,0.0,0.0,0.0,0.0,0.0,0.0,0.0,0.0,0.0,0.0,0.0,0.0,0.0,0.0,0.0,0.0,0.0,0.0,0.0,0.0,0.0,0.0,0.0,0.0,0.0,0.0,0.0,0.0,0.0,0.0,0.0,0.0,0.0,0.0,0.0,0.0,0.0,0.0,0.0,0.0,0.0,0.0,0.0,0.0,0.0,0.0,0.0,0.0,0.0,0.0,0.0,0.0,0.0,0.0,0.0,0.0,0.0,0.0,0.0,0.0,0.0,0.0,0.0,0.0,0.0,0.0,0.0,0.0,0.0,0.0,0.0,0.0,0.0,0.0,0.0,0.0,0.0,0.0,0.0,0.0,0.0,0.0,0.0,0.0,0.0,0.0,0.0,0.0,0.0,0.0,0.0,0.0,0.0,0.0,0.0,0.0,0.0,0.0,0.0,0.0,0.0,0.0,0.0,0.0,0.0
2017-05-30 21:49:00+02:00,0.0,0.0,0.0,0.0,0.0,0.0,0.0,0.0,0.0,0.0,0.0,0.0,0.0,0.0,0.0,0.0,0.0,0.0,0.0,0.0,0.0,0.0,0.0,0.0,0.0,0.0,0.0,0.0,0.0,0.0,0.0,0.0,0.0,0.0,0.0,0.0,0.0,0.0,0.0,0.0,0.0,0.0,0.0,0.0,0.0,0.0,0.0,0.0,0.0,0.0,0.0,0.0,0.0,0.0,0.0,0.0,0.0,0.0,0.0,0.0,0.0,0.0,0.0,0.0,0.0,0.0,0.0,0.0,0.0,0.0,0.0,0.0,0.0,0.0,0.0,0.0,0.0,0.0,0.0,0.0,0.0,0.0,0.0,0.0,0.0,0.0,0.0,0.0,0.0,0.0,0.0,0.0,0.0,0.0,0.0,0.0,0.0,0.0,0.0,0.0,0.0,0.0,0.0,0.0,0.0,0.0,0.0,0.0,0.0,0.0,0.0,0.0,0.0,0.0,0.0,0.0,0.0,0.0
2017-05-30 21:50:00+02:00,0.0,0.0,0.0,0.0,0.0,0.0,0.0,0.0,0.0,0.0,0.0,0.0,0.0,0.0,0.0,0.0,0.0,0.0,0.0,0.0,0.0,0.0,0.0,0.0,0.0,0.0,0.0,0.0,0.0,0.0,0.0,0.0,0.0,0.0,0.0,0.0,0.0,0.0,0.0,0.0,0.0,0.0,0.0,0.0,0.0,0.0,0.0,0.0,0.0,0.0,0.0,0.0,0.0,0.0,0.0,0.0,0.0,0.0,0.0,0.0,0.0,0.0,0.0,0.0,0.0,0.0,0.0,0.0,0.0,0.0,0.0,0.0,0.0,0.0,0.0,0.0,0.0,0.0,0.0,0.0,0.0,0.0,0.0,0.0,0.0,0.0,0.0,0.0,0.0,0.0,0.0,0.0,0.0,0.0,0.0,0.0,0.0,0.0,0.0,0.0,0.0,0.0,0.0,0.0,0.0,0.0,0.0,0.0,0.0,0.0,0.0,0.0,0.0,0.0,0.0,0.0,0.0,0.0
2017-05-30 21:51:00+02:00,0.0,0.0,0.0,0.0,0.0,0.0,0.0,0.0,0.0,0.0,0.0,0.0,0.0,0.0,0.0,0.0,0.0,0.0,0.0,0.0,0.0,0.0,0.0,0.0,0.0,0.0,0.0,0.0,0.0,0.0,0.0,0.0,0.0,0.0,0.0,0.0,0.0,0.0,0.0,0.0,0.0,0.0,0.0,0.0,0.0,0.0,0.0,0.0,0.0,0.0,0.0,0.0,0.0,0.0,0.0,0.0,0.0,0.0,0.0,0.0,0.0,0.0,0.0,0.0,0.0,0.0,0.0,0.0,0.0,0.0,0.0,0.0,0.0,0.0,0.0,0.0,0.0,0.0,0.0,0.0,0.0,0.0,0.0,0.0,0.0,0.0,0.0,0.0,0.0,0.0,0.0,0.0,0.0,0.0,0.0,0.0,0.0,0.0,0.0,0.0,0.0,0.0,0.0,0.0,0.0,0.0,0.0,0.0,0.0,0.0,0.0,0.0,0.0,0.0,0.0,0.0,0.0,0.0
2017-05-30 21:52:00+02:00,0.0,0.0,0.0,0.0,0.0,0.0,0.0,0.0,0.0,0.0,0.0,0.0,0.0,0.0,0.0,0.0,0.0,0.0,0.0,0.0,0.0,0.0,0.0,0.0,0.0,0.0,0.0,0.0,0.0,0.0,0.0,0.0,0.0,0.0,0.0,0.0,0.0,0.0,0.0,0.0,0.0,0.0,0.0,0.0,0.0,0.0,0.0,0.0,0.0,0.0,0.0,0.0,0.0,0.0,0.0,0.0,0.0,0.0,0.0,0.0,0.0,0.0,0.0,0.0,0.0,0.0,0.0,0.0,0.0,0.0,0.0,0.0,0.0,0.0,0.0,0.0,0.0,0.0,0.0,0.0,0.0,0.0,0.0,0.0,0.0,0.0,0.0,0.0,0.0,0.0,0.0,0.0,0.0,0.0,0.0,0.0,0.0,0.0,0.0,0.0,0.0,0.0,0.0,0.0,0.0,0.0,0.0,0.0,0.0,0.0,0.0,0.0,0.0,0.0,0.0,0.0,0.0,0.0
2017-05-30 21:53:00+02:00,0.0,0.0,0.0,0.0,0.0,0.0,0.0,0.0,0.0,0.0,0.0,0.0,0.0,0.0,0.0,0.0,0.0,0.0,0.0,0.0,0.0,0.0,0.0,0.0,0.0,0.0,0.0,0.0,0.0,0.0,0.0,0.0,0.0,0.0,0.0,0.0,0.0,0.0,0.0,0.0,0.0,0.0,0.0,0.0,0.0,0.0,0.0,0.0,0.0,0.0,0.0,0.0,0.0,0.0,0.0,0.0,0.0,0.0,0.0,0.0,0.0,0.0,0.0,0.0,0.0,0.0,0.0,0.0,0.0,0.0,0.0,0.0,0.0,0.0,0.0,0.0,0.0,0.0,0.0,0.0,0.0,0.0,0.0,0.0,0.0,0.0,0.0,0.0,0.0,0.0,0.0,0.0,0.0,0.0,0.0,0.0,0.0,0.0,0.0,0.0,0.0,0.0,0.0,0.0,0.0,0.0,0.0,0.0,0.0,0.0,0.0,0.0,0.0,0.0,0.0,0.0,0.0,0.0
2017-05-30 21:54:00+02:00,0.0,0.0,0.0,0.0,0.0,0.0,0.0,0.0,0.0,0.0,0.0,0.0,0.0,0.0,0.0,0.0,0.0,0.0,0.0,0.0,0.0,0.0,0.0,0.0,0.0,0.0,0.0,0.0,0.0,0.0,0.0,0.0,0.0,0.0,0.0,0.0,0.0,0.0,0.0,0.0,0.0,0.0,0.0,0.0,0.0,0.0,0.0,0.0,0.0,0.0,0.0,0.0,0.0,0.0,0.0,0.0,0.0,0.0,0.0,0.0,0.0,0.0,0.0,0.0,0.0,0.0,0.0,0.0,0.0,0.0,0.0,0.0,0.0,0.0,0.0,0.0,0.0,0.0,0.0,0.0,0.0,0.0,0.0,0.0,0.0,0.0,0.0,0.0,0.0,0.0,0.0,0.0,0.0,0.0,0.0,0.0,0.0,0.0,0.0,0.0,0.0,0.0,0.0,0.0,0.0,0.0,0.0,0.0,0.0,0.0,0.0,0.0,0.0,0.0,0.0,0.0,0.0,0.0
2017-05-30 21:55:00+02:00,0.0,0.0,0.0,0.0,0.0,0.0,0.0,0.0,0.0,0.0,0.0,0.0,0.0,0.0,0.0,0.0,0.0,0.0,0.0,0.0,0.0,0.0,0.0,0.0,0.0,0.0,0.0,0.0,0.0,0.0,0.0,0.0,0.0,0.0,0.0,0.0,0.0,0.0,0.0,0.0,0.0,0.0,0.0,0.0,0.0,0.0,0.0,0.0,0.0,0.0,0.0,0.0,0.0,0.0,0.0,0.0,0.0,0.0,0.0,0.0,0.0,0.0,0.0,0.0,0.0,0.0,0.0,0.0,0.0,0.0,0.0,0.0,0.0,0.0,0.0,0.0,0.0,0.0,0.0,0.0,0.0,0.0,0.0,0.0,0.0,0.0,0.0,0.0,0.0,0.0,0.0,0.0,0.0,0.0,0.0,0.0,0.0,0.0,0.0,0.0,0.0,0.0,0.0,0.0,0.0,0.0,0.0,0.0,0.0,0.0,0.0,0.0,0.0,0.0,0.0,0.0,0.0,0.0
2017-05-30 21:56:00+02:00,0.0,0.0,0.0,0.0,0.0,0.0,0.0,0.0,0.0,0.0,0.0,0.0,0.0,0.0,0.0,0.0,0.0,0.0,0.0,0.0,0.0,0.0,0.0,0.0,0.0,0.0,0.0,0.0,0.0,0.0,0.0,0.0,0.0,0.0,0.0,0.0,0.0,0.0,0.0,0.0,0.0,0.0,0.0,0.0,0.0,0.0,0.0,0.0,0.0,0.0,0.0,0.0,0.0,0.0,0.0,0.0,0.0,0.0,0.0,0.0,0.0,0.0,0.0,0.0,0.0,0.0,0.0,0.0,0.0,0.0,0.0,0.0,0.0,0.0,0.0,0.0,0.0,0.0,0.0,0.0,0.0,0.0,0.0,0.0,0.0,0.0,0.0,0.0,0.0,0.0,0.0,0.0,0.0,0.0,0.0,0.0,0.0,0.0,0.0,0.0,0.0,0.0,0.0,0.0,0.0,0.0,0.0,0.0,0.0,0.0,0.0,0.0,0.0,0.0,0.0,0.0,0.0,0.0
2017-05-30 21:57:00+02:00,0.0,0.0,0.0,0.0,0.0,0.0,0.0,0.0,0.0,0.0,0.0,0.0,0.0,0.0,0.0,0.0,0.0,0.0,0.0,0.0,0.0,0.0,0.0,0.0,0.0,0.0,0.0,0.0,0.0,0.0,0.0,0.0,0.0,0.0,0.0,0.0,0.0,0.0,0.0,0.0,0.0,0.0,0.0,0.0,0.0,0.0,0.0,0.0,0.0,0.0,0.0,0.0,0.0,0.0,0.0,0.0,0.0,0.0,0.0,0.0,0.0,0.0,0.0,0.0,0.0,0.0,0.0,0.0,0.0,0.0,0.0,0.0,0.0,0.0,0.0,0.0,0.0,0.0,0.0,0.0,0.0,0.0,0.0,0.0,0.0,0.0,0.0,0.0,0.0,0.0,0.0,0.0,0.0,0.0,0.0,0.0,0.0,0.0,0.0,0.0,0.0,0.0,0.0,0.0,0.0,0.0,0.0,0.0,0.0,0.0,0.0,0.0,0.0,0.0,0.0,0.0,0.0,0.0
2017-05-30 21:58:00+02:00,0.0,0.0,0.0,0.0,0.0,0.0,0.0,0.0,0.0,0.0,0.0,0.0,0.0,0.0,0.0,0.0,0.0,0.0,0.0,0.0,0.0,0.0,0.0,0.0,0.0,0.0,0.0,0.0,0.0,0.0,0.0,0.0,0.0,0.0,0.0,0.0,0.0,0.0,0.0,0.0,0.0,0.0,0.0,0.0,0.0,0.0,0.0,0.0,0.0,0.0,0.0,0.0,0.0,0.0,0.0,0.0,0.0,0.0,0.0,0.0,0.0,0.0,0.0,0.0,0.0,0.0,0.0,0.0,0.0,0.0,0.0,0.0,0.0,0.0,0.0,0.0,0.0,0.0,0.0,0.0,0.0,0.0,0.0,0.0,0.0,0.0,0.0,0.0,0.0,0.0,0.0,0.0,0.0,0.0,0.0,0.0,0.0,0.0,0.0,0.0,0.0,0.0,0.0,0.0,0.0,0.0,0.0,0.0,0.0,0.0,0.0,0.0,0.0,0.0,0.0,0.0,0.0,0.0
2017-05-30 21:59:00+02:00,0.0,0.0,0.0,0.0,0.0,0.0,0.0,0.0,0.0,0.0,0.0,0.0,0.0,0.0,0.0,0.0,0.0,0.0,0.0,0.0,0.0,0.0,0.0,0.0,0.0,0.0,0.0,0.0,0.0,0.0,0.0,0.0,0.0,0.0,0.0,0.0,0.0,0.0,0.0,0.0,0.0,0.0,0.0,0.0,0.0,0.0,0.0,0.0,0.0,0.0,0.0,0.0,0.0,0.0,0.0,0.0,0.0,0.0,0.0,0.0,0.0,0.0,0.0,0.0,0.0,0.0,0.0,0.0,0.0,0.0,0.0,0.0,0.0,0.0,0.0,0.0,0.0,0.0,0.0,0.0,0.0,0.0,0.0,0.0,0.0,0.0,0.0,0.0,0.0,0.0,0.0,0.0,0.0,0.0,0.0,0.0,0.0,0.0,0.0,0.0,0.0,0.0,0.0,0.0,0.0,0.0,0.0,0.0,0.0,0.0,0.0,0.0,0.0,0.0,0.0,0.0,0.0,0.0
2017-05-30 22:00:00+02:00,0.0,0.0,0.0,0.0,0.0,0.0,0.0,0.0,0.0,0.0,0.0,0.0,0.0,0.0,0.0,0.0,0.0,0.0,0.0,0.0,0.0,0.0,0.0,0.0,0.0,0.0,0.0,0.0,0.0,0.0,0.0,0.0,0.0,0.0,0.0,0.0,0.0,0.0,0.0,0.0,0.0,0.0,0.0,0.0,0.0,0.0,0.0,0.0,0.0,0.0,0.0,0.0,0.0,0.0,0.0,0.0,0.0,0.0,0.0,0.0,0.0,0.0,0.0,0.0,0.0,0.0,0.0,0.0,0.0,0.0,0.0,0.0,0.0,0.0,0.0,0.0,0.0,0.0,0.0,0.0,0.0,0.0,0.0,0.0,0.0,0.0,0.0,0.0,0.0,0.0,0.0,0.0,0.0,0.0,0.0,0.0,0.0,0.0,0.0,0.0,0.0,0.0,0.0,0.0,0.0,0.0,0.0,0.0,0.0,0.0,0.0,0.0,0.0,0.0,0.0,0.0,0.0,0.0
2017-05-30 22:01:00+02:00,0.0,0.0,0.0,0.0,0.0,0.0,0.0,0.0,0.0,0.0,0.0,0.0,0.0,0.0,0.0,0.0,0.0,0.0,0.0,0.0,0.0,0.0,0.0,0.0,0.0,0.0,0.0,0.0,0.0,0.0,0.0,0.0,0.0,0.0,0.0,0.0,0.0,0.0,0.0,0.0,0.0,0.0,0.0,0.0,0.0,0.0,0.0,0.0,0.0,0.0,0.0,0.0,0.0,0.0,0.0,0.0,0.0,0.0,0.0,0.0,0.0,0.0,0.0,0.0,0.0,0.0,0.0,0.0,0.0,0.0,0.0,0.0,0.0,0.0,0.0,0.0,0.0,0.0,0.0,0.0,0.0,0.0,0.0,0.0,0.0,0.0,0.0,0.0,0.0,0.0,0.0,0.0,0.0,0.0,0.0,0.0,0.0,0.0,0.0,0.0,0.0,0.0,0.0,0.0,0.0,0.0,0.0,0.0,0.0,0.0,0.0,0.0,0.0,0.0,0.0,0.0,0.0,0.0
2017-05-30 22:02:00+02:00,0.0,0.0,0.0,0.0,0.0,0.0,0.0,0.0,0.0,0.0,0.0,0.0,0.0,0.0,0.0,0.0,0.0,0.0,0.0,0.0,0.0,0.0,0.0,0.0,0.0,0.0,0.0,0.0,0.0,0.0,0.0,0.0,0.0,0.0,0.0,0.0,0.0,0.0,0.0,0.0,0.0,0.0,0.0,0.0,0.0,0.0,0.0,0.0,0.0,0.0,0.0,0.0,0.0,0.0,0.0,0.0,0.0,0.0,0.0,0.0,0.0,0.0,0.0,0.0,0.0,0.0,0.0,0.0,0.0,0.0,0.0,0.0,0.0,0.0,0.0,0.0,0.0,0.0,0.0,0.0,0.0,0.0,0.0,0.0,0.0,0.0,0.0,0.0,0.0,0.0,0.0,0.0,0.0,0.0,0.0,0.0,0.0,0.0,0.0,0.0,0.0,0.0,0.0,0.0,0.0,0.0,0.0,0.0,0.0,0.0,0.0,0.0,0.0,0.0,0.0,0.0,0.0,0.0
2017-05-30 22:03:00+02:00,0.0,0.0,0.0,0.0,0.0,0.0,0.0,0.0,0.0,0.0,0.0,0.0,0.0,0.0,0.0,0.0,0.0,0.0,0.0,0.0,0.0,0.0,0.0,0.0,0.0,0.0,0.0,0.0,0.0,0.0,0.0,0.0,0.0,0.0,0.0,0.0,0.0,0.0,0.0,0.0,0.0,0.0,0.0,0.0,0.0,0.0,0.0,0.0,0.0,0.0,0.0,0.0,0.0,0.0,0.0,0.0,0.0,0.0,0.0,0.0,0.0,0.0,0.0,0.0,0.0,0.0,0.0,0.0,0.0,0.0,0.0,0.0,0.0,0.0,0.0,0.0,0.0,0.0,0.0,0.0,0.0,0.0,0.0,0.0,0.0,0.0,0.0,0.0,0.0,0.0,0.0,0.0,0.0,0.0,0.0,0.0,0.0,0.0,0.0,0.0,0.0,0.0,0.0,0.0,0.0,0.0,0.0,0.0,0.0,0.0,0.0,0.0,0.0,0.0,0.0,0.0,0.0,0.0
2017-05-30 22:04:00+02:00,0.0,0.0,0.0,0.0,0.0,0.0,0.0,0.0,0.0,0.0,0.0,0.0,0.0,0.0,0.0,0.0,0.0,0.0,0.0,0.0,0.0,0.0,0.0,0.0,0.0,0.0,0.0,0.0,0.0,0.0,0.0,0.0,0.0,0.0,0.0,0.0,0.0,0.0,0.0,0.0,0.0,0.0,0.0,0.0,0.0,0.0,0.0,0.0,0.0,0.0,0.0,0.0,0.0,0.0,0.0,0.0,0.0,0.0,0.0,0.0,0.0,0.0,0.0,0.0,0.0,0.0,0.0,0.0,0.0,0.0,0.0,0.0,0.0,0.0,0.0,0.0,0.0,0.0,0.0,0.0,0.0,0.0,0.0,0.0,0.0,0.0,0.0,0.0,0.0,0.0,0.0,0.0,0.0,0.0,0.0,0.0,0.0,0.0,0.0,0.0,0.0,0.0,0.0,0.0,0.0,0.0,0.0,0.0,0.0,0.0,0.0,0.0,0.0,0.0,0.0,0.0,0.0,0.0
2017-05-30 22:05:00+02:00,0.0,0.0,0.0,0.0,0.0,0.0,0.0,0.0,0.0,0.0,0.0,0.0,0.0,0.0,0.0,0.0,0.0,0.0,0.0,0.0,0.0,0.0,0.0,0.0,0.0,0.0,0.0,0.0,0.0,0.0,0.0,0.0,0.0,0.0,0.0,0.0,0.0,0.0,0.0,0.0,0.0,0.0,0.0,0.0,0.0,0.0,0.0,0.0,0.0,0.0,0.0,0.0,0.0,0.0,0.0,0.0,0.0,0.0,0.0,0.0,0.0,0.0,0.0,0.0,0.0,0.0,0.0,0.0,0.0,0.0,0.0,0.0,0.0,0.0,0.0,0.0,0.0,0.0,0.0,0.0,0.0,0.0,0.0,0.0,0.0,0.0,0.0,0.0,0.0,0.0,0.0,0.0,0.0,0.0,0.0,0.0,0.0,0.0,0.0,0.0,0.0,0.0,0.0,0.0,0.0,0.0,0.0,0.0,0.0,0.0,0.0,0.0,0.0,0.0,0.0,0.0,0.0,0.0
2017-05-30 22:06:00+02:00,0.0,0.0,0.0,0.0,0.0,0.0,0.0,0.0,0.0,0.0,0.0,0.0,0.0,0.0,0.0,0.0,0.0,0.0,0.0,0.0,0.0,0.0,0.0,0.0,0.0,0.0,0.0,0.0,0.0,0.0,0.0,0.0,0.0,0.0,0.0,0.0,0.0,0.0,0.0,0.0,0.0,0.0,0.0,0.0,0.0,0.0,0.0,0.0,0.0,0.0,0.0,0.0,0.0,0.0,0.0,0.0,0.0,0.0,0.0,0.0,0.0,0.0,0.0,0.0,0.0,0.0,0.0,0.0,0.0,0.0,0.0,0.0,0.0,0.0,0.0,0.0,0.0,0.0,0.0,0.0,0.0,0.0,0.0,0.0,0.0,0.0,0.0,0.0,0.0,0.0,0.0,0.0,0.0,0.0,0.0,0.0,0.0,0.0,0.0,0.0,0.0,0.0,0.0,0.0,0.0,0.0,0.0,0.0,0.0,0.0,0.0,0.0,0.0,0.0,0.0,0.0,0.0,0.0
2017-05-30 22:07:00+02:00,0.0,0.0,0.0,0.0,0.0,0.0,0.0,0.0,0.0,0.0,0.0,0.0,0.0,0.0,0.0,0.0,0.0,0.0,0.0,0.0,0.0,0.0,0.0,0.0,0.0,0.0,0.0,0.0,0.0,0.0,0.0,0.0,0.0,0.0,0.0,0.0,0.0,0.0,0.0,0.0,0.0,0.0,0.0,0.0,0.0,0.0,0.0,0.0,0.0,0.0,0.0,0.0,0.0,0.0,0.0,0.0,0.0,0.0,0.0,0.0,0.0,0.0,0.0,0.0,0.0,0.0,0.0,0.0,0.0,0.0,0.0,0.0,0.0,0.0,0.0,0.0,0.0,0.0,0.0,0.0,0.0,0.0,0.0,0.0,0.0,0.0,0.0,0.0,0.0,0.0,0.0,0.0,0.0,0.0,0.0,0.0,0.0,0.0,0.0,0.0,0.0,0.0,0.0,0.0,0.0,0.0,0.0,0.0,0.0,0.0,0.0,0.0,0.0,0.0,0.0,0.0,0.0,0.0
2017-05-30 22:08:00+02:00,0.0,0.0,0.0,0.0,0.0,0.0,0.0,0.0,0.0,0.0,0.0,0.0,0.0,0.0,0.0,0.0,0.0,0.0,0.0,0.0,0.0,0.0,0.0,0.0,0.0,0.0,0.0,0.0,0.0,0.0,0.0,0.0,0.0,0.0,0.0,0.0,0.0,0.0,0.0,0.0,0.0,0.0,0.0,0.0,0.0,0.0,0.0,0.0,0.0,0.0,0.0,0.0,0.0,0.0,0.0,0.0,0.0,0.0,0.0,0.0,0.0,0.0,0.0,0.0,0.0,0.0,0.0,0.0,0.0,0.0,0.0,0.0,0.0,0.0,0.0,0.0,0.0,0.0,0.0,0.0,0.0,0.0,0.0,0.0,0.0,0.0,0.0,0.0,0.0,0.0,0.0,0.0,0.0,0.0,0.0,0.0,0.0,0.0,0.0,0.0,0.0,0.0,0.0,0.0,0.0,0.0,0.0,0.0,0.0,0.0,0.0,0.0,0.0,0.0,0.0,0.0,0.0,0.0
2017-05-30 22:09:00+02:00,0.0,0.0,0.0,0.0,0.0,0.0,0.0,0.0,0.0,0.0,0.0,0.0,0.0,0.0,0.0,0.0,0.0,0.0,0.0,0.0,0.0,0.0,0.0,0.0,0.0,0.0,0.0,0.0,0.0,0.0,0.0,0.0,0.0,0.0,0.0,0.0,0.0,0.0,0.0,0.0,0.0,0.0,0.0,0.0,0.0,0.0,0.0,0.0,0.0,0.0,0.0,0.0,0.0,0.0,0.0,0.0,0.0,0.0,0.0,0.0,0.0,0.0,0.0,0.0,0.0,0.0,0.0,0.0,0.0,0.0,0.0,0.0,0.0,0.0,0.0,0.0,0.0,0.0,0.0,0.0,0.0,0.0,0.0,0.0,0.0,0.0,0.0,0.0,0.0,0.0,0.0,0.0,0.0,0.0,0.0,0.0,0.0,0.0,0.0,0.0,0.0,0.0,0.0,0.0,0.0,0.0,0.0,0.0,0.0,0.0,0.0,0.0,0.0,0.0,0.0,0.0,0.0,0.0
2017-05-30 22:10:00+02:00,0.0,0.0,0.0,0.0,0.0,0.0,0.0,0.0,0.0,0.0,0.0,0.0,0.0,0.0,0.0,0.0,0.0,0.0,0.0,0.0,0.0,0.0,0.0,0.0,0.0,0.0,0.0,0.0,0.0,0.0,0.0,0.0,0.0,0.0,0.0,0.0,0.0,0.0,0.0,0.0,0.0,0.0,0.0,0.0,0.0,0.0,0.0,0.0,0.0,0.0,0.0,0.0,0.0,0.0,0.0,0.0,0.0,0.0,0.0,0.0,0.0,0.0,0.0,0.0,0.0,0.0,0.0,0.0,0.0,0.0,0.0,0.0,0.0,0.0,0.0,0.0,0.0,0.0,0.0,0.0,0.0,0.0,0.0,0.0,0.0,0.0,0.0,0.0,0.0,0.0,0.0,0.0,0.0,0.0,0.0,0.0,0.0,0.0,0.0,0.0,0.0,0.0,0.0,0.0,0.0,0.0,0.0,0.0,0.0,0.0,0.0,0.0,0.0,0.0,0.0,0.0,0.0,0.0
2017-05-30 22:11:00+02:00,0.0,0.0,0.0,0.0,0.0,0.0,0.0,0.0,0.0,0.0,0.0,0.0,0.0,0.0,0.0,0.0,0.0,0.0,0.0,0.0,0.0,0.0,0.0,0.0,0.0,0.0,0.0,0.0,0.0,0.0,0.0,0.0,0.0,0.0,0.0,0.0,0.0,0.0,0.0,0.0,0.0,0.0,0.0,0.0,0.0,0.0,0.0,0.0,0.0,0.0,0.0,0.0,0.0,0.0,0.0,0.0,0.0,0.0,0.0,0.0,0.0,0.0,0.0,0.0,0.0,0.0,0.0,0.0,0.0,0.0,0.0,0.0,0.0,0.0,0.0,0.0,0.0,0.0,0.0,0.0,0.0,0.0,0.0,0.0,0.0,0.0,0.0,0.0,0.0,0.0,0.0,0.0,0.0,0.0,0.0,0.0,0.0,0.0,0.0,0.0,0.0,0.0,0.0,0.0,0.0,0.0,0.0,0.0,0.0,0.0,0.0,0.0,0.0,0.0,0.0,0.0,0.0,0.0
2017-05-30 22:12:00+02:00,0.0,0.0,0.0,0.0,0.0,0.0,0.0,0.0,0.0,0.0,0.0,0.0,0.0,0.0,0.0,0.0,0.0,0.0,0.0,0.0,0.0,0.0,0.0,0.0,0.0,0.0,0.0,0.0,0.0,0.0,0.0,0.0,0.0,0.0,0.0,0.0,0.0,0.0,0.0,0.0,0.0,0.0,0.0,0.0,0.0,0.0,0.0,0.0,0.0,0.0,0.0,0.0,0.0,0.0,0.0,0.0,0.0,0.0,0.0,0.0,0.0,0.0,0.0,0.0,0.0,0.0,0.0,0.0,0.0,0.0,0.0,0.0,0.0,0.0,0.0,0.0,0.0,0.0,0.0,0.0,0.0,0.0,0.0,0.0,0.0,0.0,0.0,0.0,0.0,0.0,0.0,0.0,0.0,0.0,0.0,0.0,0.0,0.0,0.0,0.0,0.0,0.0,0.0,0.0,0.0,0.0,0.0,0.0,0.0,0.0,0.0,0.0,0.0,0.0,0.0,0.0,0.0,0.0
2017-05-30 22:13:00+02:00,0.0,0.0,0.0,0.0,0.0,0.0,0.0,0.0,0.0,0.0,0.0,0.0,0.0,0.0,0.0,0.0,0.0,0.0,0.0,0.0,0.0,0.0,0.0,0.0,0.0,0.0,0.0,0.0,0.0,0.0,0.0,0.0,0.0,0.0,0.0,0.0,0.0,0.0,0.0,0.0,0.0,0.0,0.0,0.0,0.0,0.0,0.0,0.0,0.0,0.0,0.0,0.0,0.0,0.0,0.0,0.0,0.0,0.0,0.0,0.0,0.0,0.0,0.0,0.0,0.0,0.0,0.0,0.0,0.0,0.0,0.0,0.0,0.0,0.0,0.0,0.0,0.0,0.0,0.0,0.0,0.0,0.0,0.0,0.0,0.0,0.0,0.0,0.0,0.0,0.0,0.0,0.0,0.0,0.0,0.0,0.0,0.0,0.0,0.0,0.0,0.0,0.0,0.0,0.0,0.0,0.0,0.0,0.0,0.0,0.0,0.0,0.0,0.0,0.0,0.0,0.0,0.0,0.0
2017-05-30 22:14:00+02:00,0.0,0.0,0.0,0.0,0.0,0.0,0.0,0.0,0.0,0.0,0.0,0.0,0.0,0.0,0.0,0.0,0.0,0.0,0.0,0.0,0.0,0.0,0.0,0.0,0.0,0.0,0.0,0.0,0.0,0.0,0.0,0.0,0.0,0.0,0.0,0.0,0.0,0.0,0.0,0.0,0.0,0.0,0.0,0.0,0.0,0.0,0.0,0.0,0.0,0.0,0.0,0.0,0.0,0.0,0.0,0.0,0.0,0.0,0.0,0.0,0.0,0.0,0.0,0.0,0.0,0.0,0.0,0.0,0.0,0.0,0.0,0.0,0.0,0.0,0.0,0.0,0.0,0.0,0.0,0.0,0.0,0.0,0.0,0.0,0.0,0.0,0.0,0.0,0.0,0.0,0.0,0.0,0.0,0.0,0.0,0.0,0.0,0.0,0.0,0.0,0.0,0.0,0.0,0.0,0.0,0.0,0.0,0.0,0.0,0.0,0.0,0.0,0.0,0.0,0.0,0.0,0.0,0.0
2017-05-30 22:15:00+02:00,0.0,0.0,0.0,0.0,0.0,0.0,0.0,0.0,0.0,0.0,0.0,0.0,0.0,0.0,0.0,0.0,0.0,0.0,0.0,0.0,0.0,0.0,0.0,0.0,0.0,0.0,0.0,0.0,0.0,0.0,0.0,0.0,0.0,0.0,0.0,0.0,0.0,0.0,0.0,0.0,0.0,0.0,0.0,0.0,0.0,0.0,0.0,0.0,0.0,0.0,0.0,0.0,0.0,0.0,0.0,0.0,0.0,0.0,0.0,0.0,0.0,0.0,0.0,0.0,0.0,0.0,0.0,0.0,0.0,0.0,0.0,0.0,0.0,0.0,0.0,0.0,0.0,0.0,0.0,0.0,0.0,0.0,0.0,0.0,0.0,0.0,0.0,0.0,0.0,0.0,0.0,0.0,0.0,0.0,0.0,0.0,0.0,0.0,0.0,0.0,0.0,0.0,0.0,0.0,0.0,0.0,0.0,0.0,0.0,0.0,0.0,0.0,0.0,0.0,0.0,0.0,0.0,0.0
2017-05-30 22:16:00+02:00,0.0,0.0,0.0,0.0,0.0,0.0,0.0,0.0,0.0,0.0,0.0,0.0,0.0,0.0,0.0,0.0,0.0,0.0,0.0,0.0,0.0,0.0,0.0,0.0,0.0,0.0,0.0,0.0,0.0,0.0,0.0,0.0,0.0,0.0,0.0,0.0,0.0,0.0,0.0,0.0,0.0,0.0,0.0,0.0,0.0,0.0,0.0,0.0,0.0,0.0,0.0,0.0,0.0,0.0,0.0,0.0,0.0,0.0,0.0,0.0,0.0,0.0,0.0,0.0,0.0,0.0,0.0,0.0,0.0,0.0,0.0,0.0,0.0,0.0,0.0,0.0,0.0,0.0,0.0,0.0,0.0,0.0,0.0,0.0,0.0,0.0,0.0,0.0,0.0,0.0,0.0,0.0,0.0,0.0,0.0,0.0,0.0,0.0,0.0,0.0,0.0,0.0,0.0,0.0,0.0,0.0,0.0,0.0,0.0,0.0,0.0,0.0,0.0,0.0,0.0,0.0,0.0,0.0
2017-05-30 22:17:00+02:00,0.0,0.0,0.0,0.0,0.0,0.0,0.0,0.0,0.0,0.0,0.0,0.0,0.0,0.0,0.0,0.0,0.0,0.0,0.0,0.0,0.0,0.0,0.0,0.0,0.0,0.0,0.0,0.0,0.0,0.0,0.0,0.0,0.0,0.0,0.0,0.0,0.0,0.0,0.0,0.0,0.0,0.0,0.0,0.0,0.0,0.0,0.0,0.0,0.0,0.0,0.0,0.0,0.0,0.0,0.0,0.0,0.0,0.0,0.0,0.0,0.0,0.0,0.0,0.0,0.0,0.0,0.0,0.0,0.0,0.0,0.0,0.0,0.0,0.0,0.0,0.0,0.0,0.0,0.0,0.0,0.0,0.0,0.0,0.0,0.0,0.0,0.0,0.0,0.0,0.0,0.0,0.0,0.0,0.0,0.0,0.0,0.0,0.0,0.0,0.0,0.0,0.0,0.0,0.0,0.0,0.0,0.0,0.0,0.0,0.0,0.0,0.0,0.0,0.0,0.0,0.0,0.0,0.0
2017-05-30 22:18:00+02:00,0.0,0.0,0.0,0.0,0.0,0.0,0.0,0.0,0.0,0.0,0.0,0.0,0.0,0.0,0.0,0.0,0.0,0.0,0.0,0.0,0.0,0.0,0.0,0.0,0.0,0.0,0.0,0.0,0.0,0.0,0.0,0.0,0.0,0.0,0.0,0.0,0.0,0.0,0.0,0.0,0.0,0.0,0.0,0.0,0.0,0.0,0.0,0.0,0.0,0.0,0.0,0.0,0.0,0.0,0.0,0.0,0.0,0.0,0.0,0.0,0.0,0.0,0.0,0.0,0.0,0.0,0.0,0.0,0.0,0.0,0.0,0.0,0.0,0.0,0.0,0.0,0.0,0.0,0.0,0.0,0.0,0.0,0.0,0.0,0.0,0.0,0.0,0.0,0.0,0.0,0.0,0.0,0.0,0.0,0.0,0.0,0.0,0.0,0.0,0.0,0.0,0.0,0.0,0.0,0.0,0.0,0.0,0.0,0.0,0.0,0.0,0.0,0.0,0.0,0.0,0.0,0.0,0.0
2017-05-30 22:19:00+02:00,0.0,0.0,0.0,0.0,0.0,0.0,0.0,0.0,0.0,0.0,0.0,0.0,0.0,0.0,0.0,0.0,0.0,0.0,0.0,0.0,0.0,0.0,0.0,0.0,0.0,0.0,0.0,0.0,0.0,0.0,0.0,0.0,0.0,0.0,0.0,0.0,0.0,0.0,0.0,0.0,0.0,0.0,0.0,0.0,0.0,0.0,0.0,0.0,0.0,0.0,0.0,0.0,0.0,0.0,0.0,0.0,0.0,0.0,0.0,0.0,0.0,0.0,0.0,0.0,0.0,0.0,0.0,0.0,0.0,0.0,0.0,0.0,0.0,0.0,0.0,0.0,0.0,0.0,0.0,0.0,0.0,0.0,0.0,0.0,0.0,0.0,0.0,0.0,0.0,0.0,0.0,0.0,0.0,0.0,0.0,0.0,0.0,0.0,0.0,0.0,0.0,0.0,0.0,0.0,0.0,0.0,0.0,0.0,0.0,0.0,0.0,0.0,0.0,0.0,0.0,0.0,0.0,0.0
2017-05-30 22:20:00+02:00,0.0,0.0,0.0,0.0,0.0,0.0,0.0,0.0,0.0,0.0,0.0,0.0,0.0,0.0,0.0,0.0,0.0,0.0,0.0,0.0,0.0,0.0,0.0,0.0,0.0,0.0,0.0,0.0,0.0,0.0,0.0,0.0,0.0,0.0,0.0,0.0,0.0,0.0,0.0,0.0,0.0,0.0,0.0,0.0,0.0,0.0,0.0,0.0,0.0,0.0,0.0,0.0,0.0,0.0,0.0,0.0,0.0,0.0,0.0,0.0,0.0,0.0,0.0,0.0,0.0,0.0,0.0,0.0,0.0,0.0,0.0,0.0,0.0,0.0,0.0,0.0,0.0,0.0,0.0,0.0,0.0,0.0,0.0,0.0,0.0,0.0,0.0,0.0,0.0,0.0,0.0,0.0,0.0,0.0,0.0,0.0,0.0,0.0,0.0,0.0,0.0,0.0,0.0,0.0,0.0,0.0,0.0,0.0,0.0,0.0,0.0,0.0,0.0,0.0,0.0,0.0,0.0,0.0
2017-05-30 22:21:00+02:00,0.0,0.0,0.0,0.0,0.0,0.0,0.0,0.0,0.0,0.0,0.0,0.0,0.0,0.0,0.0,0.0,0.0,0.0,0.0,0.0,0.0,0.0,0.0,0.0,0.0,0.0,0.0,0.0,0.0,0.0,0.0,0.0,0.0,0.0,0.0,0.0,0.0,0.0,0.0,0.0,0.0,0.0,0.0,0.0,0.0,0.0,0.0,0.0,0.0,0.0,0.0,0.0,0.0,0.0,0.0,0.0,0.0,0.0,0.0,0.0,0.0,0.0,0.0,0.0,0.0,0.0,0.0,0.0,0.0,0.0,0.0,0.0,0.0,0.0,0.0,0.0,0.0,0.0,0.0,0.0,0.0,0.0,0.0,0.0,0.0,0.0,0.0,0.0,0.0,0.0,0.0,0.0,0.0,0.0,0.0,0.0,0.0,0.0,0.0,0.0,0.0,0.0,0.0,0.0,0.0,0.0,0.0,0.0,0.0,0.0,0.0,0.0,0.0,0.0,0.0,0.0,0.0,0.0
2017-05-30 22:22:00+02:00,0.0,0.0,0.0,0.0,0.0,0.0,0.0,0.0,0.0,0.0,0.0,0.0,0.0,0.0,0.0,0.0,0.0,0.0,0.0,0.0,0.0,0.0,0.0,0.0,0.0,0.0,0.0,0.0,0.0,0.0,0.0,0.0,0.0,0.0,0.0,0.0,0.0,0.0,0.0,0.0,0.0,0.0,0.0,0.0,0.0,0.0,0.0,0.0,0.0,0.0,0.0,0.0,0.0,0.0,0.0,0.0,0.0,0.0,0.0,0.0,0.0,0.0,0.0,0.0,0.0,0.0,0.0,0.0,0.0,0.0,0.0,0.0,0.0,0.0,0.0,0.0,0.0,0.0,0.0,0.0,0.0,0.0,0.0,0.0,0.0,0.0,0.0,0.0,0.0,0.0,0.0,0.0,0.0,0.0,0.0,0.0,0.0,0.0,0.0,0.0,0.0,0.0,0.0,0.0,0.0,0.0,0.0,0.0,0.0,0.0,0.0,0.0,0.0,0.0,0.0,0.0,0.0,0.0
2017-05-30 22:23:00+02:00,0.0,0.0,0.0,0.0,0.0,0.0,0.0,0.0,0.0,0.0,0.0,0.0,0.0,0.0,0.0,0.0,0.0,0.0,0.0,0.0,0.0,0.0,0.0,0.0,0.0,0.0,0.0,0.0,0.0,0.0,0.0,0.0,0.0,0.0,0.0,0.0,0.0,0.0,0.0,0.0,0.0,0.0,0.0,0.0,0.0,0.0,0.0,0.0,0.0,0.0,0.0,0.0,0.0,0.0,0.0,0.0,0.0,0.0,0.0,0.0,0.0,0.0,0.0,0.0,0.0,0.0,0.0,0.0,0.0,0.0,0.0,0.0,0.0,0.0,0.0,0.0,0.0,0.0,0.0,0.0,0.0,0.0,0.0,0.0,0.0,0.0,0.0,0.0,0.0,0.0,0.0,0.0,0.0,0.0,0.0,0.0,0.0,0.0,0.0,0.0,0.0,0.0,0.0,0.0,0.0,0.0,0.0,0.0,0.0,0.0,0.0,0.0,0.0,0.0,0.0,0.0,0.0,0.0
2017-05-30 22:24:00+02:00,0.0,0.0,0.0,0.0,0.0,0.0,0.0,0.0,0.0,0.0,0.0,0.0,0.0,0.0,0.0,0.0,0.0,0.0,0.0,0.0,0.0,0.0,0.0,0.0,0.0,0.0,0.0,0.0,0.0,0.0,0.0,0.0,0.0,0.0,0.0,0.0,0.0,0.0,0.0,0.0,0.0,0.0,0.0,0.0,0.0,0.0,0.0,0.0,0.0,0.0,0.0,0.0,0.0,0.0,0.0,0.0,0.0,0.0,0.0,0.0,0.0,0.0,0.0,0.0,0.0,0.0,0.0,0.0,0.0,0.0,0.0,0.0,0.0,0.0,0.0,0.0,0.0,0.0,0.0,0.0,0.0,0.0,0.0,0.0,0.0,0.0,0.0,0.0,0.0,0.0,0.0,0.0,0.0,0.0,0.0,0.0,0.0,0.0,0.0,0.0,0.0,0.0,0.0,0.0,0.0,0.0,0.0,0.0,0.0,0.0,0.0,0.0,0.0,0.0,0.0,0.0,0.0,0.0
2017-05-30 22:25:00+02:00,0.0,0.0,0.0,0.0,0.0,0.0,0.0,0.0,0.0,0.0,0.0,0.0,0.0,0.0,0.0,0.0,0.0,0.0,0.0,0.0,0.0,0.0,0.0,0.0,0.0,0.0,0.0,0.0,0.0,0.0,0.0,0.0,0.0,0.0,0.0,0.0,0.0,0.0,0.0,0.0,0.0,0.0,0.0,0.0,0.0,0.0,0.0,0.0,0.0,0.0,0.0,0.0,0.0,0.0,0.0,0.0,0.0,0.0,0.0,0.0,0.0,0.0,0.0,0.0,0.0,0.0,0.0,0.0,0.0,0.0,0.0,0.0,0.0,0.0,0.0,0.0,0.0,0.0,0.0,0.0,0.0,0.0,0.0,0.0,0.0,0.0,0.0,0.0,0.0,0.0,0.0,0.0,0.0,0.0,0.0,0.0,0.0,0.0,0.0,0.0,0.0,0.0,0.0,0.0,0.0,0.0,0.0,0.0,0.0,0.0,0.0,0.0,0.0,0.0,0.0,0.0,0.0,0.0
2017-05-30 22:26:00+02:00,0.0,0.0,0.0,0.0,0.0,0.0,0.0,0.0,0.0,0.0,0.0,0.0,0.0,0.0,0.0,0.0,0.0,0.0,0.0,0.0,0.0,0.0,0.0,0.0,0.0,0.0,0.0,0.0,0.0,0.0,0.0,0.0,0.0,0.0,0.0,0.0,0.0,0.0,0.0,0.0,0.0,0.0,0.0,0.0,0.0,0.0,0.0,0.0,0.0,0.0,0.0,0.0,0.0,0.0,0.0,0.0,0.0,0.0,0.0,0.0,0.0,0.0,0.0,0.0,0.0,0.0,0.0,0.0,0.0,0.0,0.0,0.0,0.0,0.0,0.0,0.0,0.0,0.0,0.0,0.0,0.0,0.0,0.0,0.0,0.0,0.0,0.0,0.0,0.0,0.0,0.0,0.0,0.0,0.0,0.0,0.0,0.0,0.0,0.0,0.0,0.0,0.0,0.0,0.0,0.0,0.0,0.0,0.0,0.0,0.0,0.0,0.0,0.0,0.0,0.0,0.0,0.0,0.0
2017-05-30 22:27:00+02:00,0.0,0.0,0.0,0.0,0.0,0.0,0.0,0.0,0.0,0.0,0.0,0.0,0.0,0.0,0.0,0.0,0.0,0.0,0.0,0.0,0.0,0.0,0.0,0.0,0.0,0.0,0.0,0.0,0.0,0.0,0.0,0.0,0.0,0.0,0.0,0.0,0.0,0.0,0.0,0.0,0.0,0.0,0.0,0.0,0.0,0.0,0.0,0.0,0.0,0.0,0.0,0.0,0.0,0.0,0.0,0.0,0.0,0.0,0.0,0.0,0.0,0.0,0.0,0.0,0.0,0.0,0.0,0.0,0.0,0.0,0.0,0.0,0.0,0.0,0.0,0.0,0.0,0.0,0.0,0.0,0.0,0.0,0.0,0.0,0.0,0.0,0.0,0.0,0.0,0.0,0.0,0.0,0.0,0.0,0.0,0.0,0.0,0.0,0.0,0.0,0.0,0.0,0.0,0.0,0.0,0.0,0.0,0.0,0.0,0.0,0.0,0.0,0.0,0.0,0.0,0.0,0.0,0.0
2017-05-30 22:28:00+02:00,0.0,0.0,0.0,0.0,0.0,0.0,0.0,0.0,0.0,0.0,0.0,0.0,0.0,0.0,0.0,0.0,0.0,0.0,0.0,0.0,0.0,0.0,0.0,0.0,0.0,0.0,0.0,0.0,0.0,0.0,0.0,0.0,0.0,0.0,0.0,0.0,0.0,0.0,0.0,0.0,0.0,0.0,0.0,0.0,0.0,0.0,0.0,0.0,0.0,0.0,0.0,0.0,0.0,0.0,0.0,0.0,0.0,0.0,0.0,0.0,0.0,0.0,0.0,0.0,0.0,0.0,0.0,0.0,0.0,0.0,0.0,0.0,0.0,0.0,0.0,0.0,0.0,0.0,0.0,0.0,0.0,0.0,0.0,0.0,0.0,0.0,0.0,0.0,0.0,0.0,0.0,0.0,0.0,0.0,0.0,0.0,0.0,0.0,0.0,0.0,0.0,0.0,0.0,0.0,0.0,0.0,0.0,0.0,0.0,0.0,0.0,0.0,0.0,0.0,0.0,0.0,0.0,0.0
2017-05-30 22:29:00+02:00,0.0,0.0,0.0,0.0,0.0,0.0,0.0,0.0,0.0,0.0,0.0,0.0,0.0,0.0,0.0,0.0,0.0,0.0,0.0,0.0,0.0,0.0,0.0,0.0,0.0,0.0,0.0,0.0,0.0,0.0,0.0,0.0,0.0,0.0,0.0,0.0,0.0,0.0,0.0,0.0,0.0,0.0,0.0,0.0,0.0,0.0,0.0,0.0,0.0,0.0,0.0,0.0,0.0,0.0,0.0,0.0,0.0,0.0,0.0,0.0,0.0,0.0,0.0,0.0,0.0,0.0,0.0,0.0,0.0,0.0,0.0,0.0,0.0,0.0,0.0,0.0,0.0,0.0,0.0,0.0,0.0,0.0,0.0,0.0,0.0,0.0,0.0,0.0,0.0,0.0,0.0,0.0,0.0,0.0,0.0,0.0,0.0,0.0,0.0,0.0,0.0,0.0,0.0,0.0,0.0,0.0,0.0,0.0,0.0,0.0,0.0,0.0,0.0,0.0,0.0,0.0,0.0,0.0
2017-05-30 22:30:00+02:00,0.0,0.0,0.0,0.0,0.0,0.0,0.0,0.0,0.0,0.0,0.0,0.0,0.0,0.0,0.0,0.0,0.0,0.0,0.0,0.0,0.0,0.0,0.0,0.0,0.0,0.0,0.0,0.0,0.0,0.0,0.0,0.0,0.0,0.0,0.0,0.0,0.0,0.0,0.0,0.0,0.0,0.0,0.0,0.0,0.0,0.0,0.0,0.0,0.0,0.0,0.0,0.0,0.0,0.0,0.0,0.0,0.0,0.0,0.0,0.0,0.0,0.0,0.0,0.0,0.0,0.0,0.0,0.0,0.0,0.0,0.0,0.0,0.0,0.0,0.0,0.0,0.0,0.0,0.0,0.0,0.0,0.0,0.0,0.0,0.0,0.0,0.0,0.0,0.0,0.0,0.0,0.0,0.0,0.0,0.0,0.0,0.0,0.0,0.0,0.0,0.0,0.0,0.0,0.0,0.0,0.0,0.0,0.0,0.0,0.0,0.0,0.0,0.0,0.0,0.0,0.0,0.0,0.0
2017-05-30 22:31:00+02:00,0.0,0.0,0.0,0.0,0.0,0.0,0.0,0.0,0.0,0.0,0.0,0.0,0.0,0.0,0.0,0.0,0.0,0.0,0.0,0.0,0.0,0.0,0.0,0.0,0.0,0.0,0.0,0.0,0.0,0.0,0.0,0.0,0.0,0.0,0.0,0.0,0.0,0.0,0.0,0.0,0.0,0.0,0.0,0.0,0.0,0.0,0.0,0.0,0.0,0.0,0.0,0.0,0.0,0.0,0.0,0.0,0.0,0.0,0.0,0.0,0.0,0.0,0.0,0.0,0.0,0.0,0.0,0.0,0.0,0.0,0.0,0.0,0.0,0.0,0.0,0.0,0.0,0.0,0.0,0.0,0.0,0.0,0.0,0.0,0.0,0.0,0.0,0.0,0.0,0.0,0.0,0.0,0.0,0.0,0.0,0.0,0.0,0.0,0.0,0.0,0.0,0.0,0.0,0.0,0.0,0.0,0.0,0.0,0.0,0.0,0.0,0.0,0.0,0.0,0.0,0.0,0.0,0.0
2017-05-30 22:32:00+02:00,0.0,0.0,0.0,0.0,0.0,0.0,0.0,0.0,0.0,0.0,0.0,0.0,0.0,0.0,0.0,0.0,0.0,0.0,0.0,0.0,0.0,0.0,0.0,0.0,0.0,0.0,0.0,0.0,0.0,0.0,0.0,0.0,0.0,0.0,0.0,0.0,0.0,0.0,0.0,0.0,0.0,0.0,0.0,0.0,0.0,0.0,0.0,0.0,0.0,0.0,0.0,0.0,0.0,0.0,0.0,0.0,0.0,0.0,0.0,0.0,0.0,0.0,0.0,0.0,0.0,0.0,0.0,0.0,0.0,0.0,0.0,0.0,0.0,0.0,0.0,0.0,0.0,0.0,0.0,0.0,0.0,0.0,0.0,0.0,0.0,0.0,0.0,0.0,0.0,0.0,0.0,0.0,0.0,0.0,0.0,0.0,0.0,0.0,0.0,0.0,0.0,0.0,0.0,0.0,0.0,0.0,0.0,0.0,0.0,0.0,0.0,0.0,0.0,0.0,0.0,0.0,0.0,0.0
2017-05-30 22:33:00+02:00,0.0,0.0,0.0,0.0,0.0,0.0,0.0,0.0,0.0,0.0,0.0,0.0,0.0,0.0,0.0,0.0,0.0,0.0,0.0,0.0,0.0,0.0,0.0,0.0,0.0,0.0,0.0,0.0,0.0,0.0,0.0,0.0,0.0,0.0,0.0,0.0,0.0,0.0,0.0,0.0,0.0,0.0,0.0,0.0,0.0,0.0,0.0,0.0,0.0,0.0,0.0,0.0,0.0,0.0,0.0,0.0,0.0,0.0,0.0,0.0,0.0,0.0,0.0,0.0,0.0,0.0,0.0,0.0,0.0,0.0,0.0,0.0,0.0,0.0,0.0,0.0,0.0,0.0,0.0,0.0,0.0,0.0,0.0,0.0,0.0,0.0,0.0,0.0,0.0,0.0,0.0,0.0,0.0,0.0,0.0,0.0,0.0,0.0,0.0,0.0,0.0,0.0,0.0,0.0,0.0,0.0,0.0,0.0,0.0,0.0,0.0,0.0,0.0,0.0,0.0,0.0,0.0,0.0
2017-05-30 22:34:00+02:00,0.0,0.0,0.0,0.0,0.0,0.0,0.0,0.0,0.0,0.0,0.0,0.0,0.0,0.0,0.0,0.0,0.0,0.0,0.0,0.0,0.0,0.0,0.0,0.0,0.0,0.0,0.0,0.0,0.0,0.0,0.0,0.0,0.0,0.0,0.0,0.0,0.0,0.0,0.0,0.0,0.0,0.0,0.0,0.0,0.0,0.0,0.0,0.0,0.0,0.0,0.0,0.0,0.0,0.0,0.0,0.0,0.0,0.0,0.0,0.0,0.0,0.0,0.0,0.0,0.0,0.0,0.0,0.0,0.0,0.0,0.0,0.0,0.0,0.0,0.0,0.0,0.0,0.0,0.0,0.0,0.0,0.0,0.0,0.0,0.0,0.0,0.0,0.0,0.0,0.0,0.0,0.0,0.0,0.0,0.0,0.0,0.0,0.0,0.0,0.0,0.0,0.0,0.0,0.0,0.0,0.0,0.0,0.0,0.0,0.0,0.0,0.0,0.0,0.0,0.0,0.0,0.0,0.0
2017-05-30 22:35:00+02:00,0.0,0.0,0.0,0.0,0.0,0.0,0.0,0.0,0.0,0.0,0.0,0.0,0.0,0.0,0.0,0.0,0.0,0.0,0.0,0.0,0.0,0.0,0.0,0.0,0.0,0.0,0.0,0.0,0.0,0.0,0.0,0.0,0.0,0.0,0.0,0.0,0.0,0.0,0.0,0.0,0.0,0.0,0.0,0.0,0.0,0.0,0.0,0.0,0.0,0.0,0.0,0.0,0.0,0.0,0.0,0.0,0.0,0.0,0.0,0.0,0.0,0.0,0.0,0.0,0.0,0.0,0.0,0.0,0.0,0.0,0.0,0.0,0.0,0.0,0.0,0.0,0.0,0.0,0.0,0.0,0.0,0.0,0.0,0.0,0.0,0.0,0.0,0.0,0.0,0.0,0.0,0.0,0.0,0.0,0.0,0.0,0.0,0.0,0.0,0.0,0.0,0.0,0.0,0.0,0.0,0.0,0.0,0.0,0.0,0.0,0.0,0.0,0.0,0.0,0.0,0.0,0.0,0.0
2017-05-30 22:36:00+02:00,0.0,0.0,0.0,0.0,0.0,0.0,0.0,0.0,0.0,0.0,0.0,0.0,0.0,0.0,0.0,0.0,0.0,0.0,0.0,0.0,0.0,0.0,0.0,0.0,0.0,0.0,0.0,0.0,0.0,0.0,0.0,0.0,0.0,0.0,0.0,0.0,0.0,0.0,0.0,0.0,0.0,0.0,0.0,0.0,0.0,0.0,0.0,0.0,0.0,0.0,0.0,0.0,0.0,0.0,0.0,0.0,0.0,0.0,0.0,0.0,0.0,0.0,0.0,0.0,0.0,0.0,0.0,0.0,0.0,0.0,0.0,0.0,0.0,0.0,0.0,0.0,0.0,0.0,0.0,0.0,0.0,0.0,0.0,0.0,0.0,0.0,0.0,0.0,0.0,0.0,0.0,0.0,0.0,0.0,0.0,0.0,0.0,0.0,0.0,0.0,0.0,0.0,0.0,0.0,0.0,0.0,0.0,0.0,0.0,0.0,0.0,0.0,0.0,0.0,0.0,0.0,0.0,0.0
2017-05-30 22:37:00+02:00,0.0,0.0,0.0,0.0,0.0,0.0,0.0,0.0,0.0,0.0,0.0,0.0,0.0,0.0,0.0,0.0,0.0,0.0,0.0,0.0,0.0,0.0,0.0,0.0,0.0,0.0,0.0,0.0,0.0,0.0,0.0,0.0,0.0,0.0,0.0,0.0,0.0,0.0,0.0,0.0,0.0,0.0,0.0,0.0,0.0,0.0,0.0,0.0,0.0,0.0,0.0,0.0,0.0,0.0,0.0,0.0,0.0,0.0,0.0,0.0,0.0,0.0,0.0,0.0,0.0,0.0,0.0,0.0,0.0,0.0,0.0,0.0,0.0,0.0,0.0,0.0,0.0,0.0,0.0,0.0,0.0,0.0,0.0,0.0,0.0,0.0,0.0,0.0,0.0,0.0,0.0,0.0,0.0,0.0,0.0,0.0,0.0,0.0,0.0,0.0,0.0,0.0,0.0,0.0,0.0,0.0,0.0,0.0,0.0,0.0,0.0,0.0,0.0,0.0,0.0,0.0,0.0,0.0
2017-05-30 22:38:00+02:00,0.0,0.0,0.0,0.0,0.0,0.0,0.0,0.0,0.0,0.0,0.0,0.0,0.0,0.0,0.0,0.0,0.0,0.0,0.0,0.0,0.0,0.0,0.0,0.0,0.0,0.0,0.0,0.0,0.0,0.0,0.0,0.0,0.0,0.0,0.0,0.0,0.0,0.0,0.0,0.0,0.0,0.0,0.0,0.0,0.0,0.0,0.0,0.0,0.0,0.0,0.0,0.0,0.0,0.0,0.0,0.0,0.0,0.0,0.0,0.0,0.0,0.0,0.0,0.0,0.0,0.0,0.0,0.0,0.0,0.0,0.0,0.0,0.0,0.0,0.0,0.0,0.0,0.0,0.0,0.0,0.0,0.0,0.0,0.0,0.0,0.0,0.0,0.0,0.0,0.0,0.0,0.0,0.0,0.0,0.0,0.0,0.0,0.0,0.0,0.0,0.0,0.0,0.0,0.0,0.0,0.0,0.0,0.0,0.0,0.0,0.0,0.0,0.0,0.0,0.0,0.0,0.0,0.0
2017-05-30 22:39:00+02:00,0.0,0.0,0.0,0.0,0.0,0.0,0.0,0.0,0.0,0.0,0.0,0.0,0.0,0.0,0.0,0.0,0.0,0.0,0.0,0.0,0.0,0.0,0.0,0.0,0.0,0.0,0.0,0.0,0.0,0.0,0.0,0.0,0.0,0.0,0.0,0.0,0.0,0.0,0.0,0.0,0.0,0.0,0.0,0.0,0.0,0.0,0.0,0.0,0.0,0.0,0.0,0.0,0.0,0.0,0.0,0.0,0.0,0.0,0.0,0.0,0.0,0.0,0.0,0.0,0.0,0.0,0.0,0.0,0.0,0.0,0.0,0.0,0.0,0.0,0.0,0.0,0.0,0.0,0.0,0.0,0.0,0.0,0.0,0.0,0.0,0.0,0.0,0.0,0.0,0.0,0.0,0.0,0.0,0.0,0.0,0.0,0.0,0.0,0.0,0.0,0.0,0.0,0.0,0.0,0.0,0.0,0.0,0.0,0.0,0.0,0.0,0.0,0.0,0.0,0.0,0.0,0.0,0.0
2017-05-30 22:40:00+02:00,0.0,0.0,0.0,0.0,0.0,0.0,0.0,0.0,0.0,0.0,0.0,0.0,0.0,0.0,0.0,0.0,0.0,0.0,0.0,0.0,0.0,0.0,0.0,0.0,0.0,0.0,0.0,0.0,0.0,0.0,0.0,0.0,0.0,0.0,0.0,0.0,0.0,0.0,0.0,0.0,0.0,0.0,0.0,0.0,0.0,0.0,0.0,0.0,0.0,0.0,0.0,0.0,0.0,0.0,0.0,0.0,0.0,0.0,0.0,0.0,0.0,0.0,0.0,0.0,0.0,0.0,0.0,0.0,0.0,0.0,0.0,0.0,0.0,0.0,0.0,0.0,0.0,0.0,0.0,0.0,0.0,0.0,0.0,0.0,0.0,0.0,0.0,0.0,0.0,0.0,0.0,0.0,0.0,0.0,0.0,0.0,0.0,0.0,0.0,0.0,0.0,0.0,0.0,0.0,0.0,0.0,0.0,0.0,0.0,0.0,0.0,0.0,0.0,0.0,0.0,0.0,0.0,0.0
2017-05-30 22:41:00+02:00,0.0,0.0,0.0,0.0,0.0,0.0,0.0,0.0,0.0,0.0,0.0,0.0,0.0,0.0,0.0,0.0,0.0,0.0,0.0,0.0,0.0,0.0,0.0,0.0,0.0,0.0,0.0,0.0,0.0,0.0,0.0,0.0,0.0,0.0,0.0,0.0,0.0,0.0,0.0,0.0,0.0,0.0,0.0,0.0,0.0,0.0,0.0,0.0,0.0,0.0,0.0,0.0,0.0,0.0,0.0,0.0,0.0,0.0,0.0,0.0,0.0,0.0,0.0,0.0,0.0,0.0,0.0,0.0,0.0,0.0,0.0,0.0,0.0,0.0,0.0,0.0,0.0,0.0,0.0,0.0,0.0,0.0,0.0,0.0,0.0,0.0,0.0,0.0,0.0,0.0,0.0,0.0,0.0,0.0,0.0,0.0,0.0,0.0,0.0,0.0,0.0,0.0,0.0,0.0,0.0,0.0,0.0,0.0,0.0,0.0,0.0,0.0,0.0,0.0,0.0,0.0,0.0,0.0
2017-05-30 22:42:00+02:00,0.0,0.0,0.0,0.0,0.0,0.0,0.0,0.0,0.0,0.0,0.0,0.0,0.0,0.0,0.0,0.0,0.0,0.0,0.0,0.0,0.0,0.0,0.0,0.0,0.0,0.0,0.0,0.0,0.0,0.0,0.0,0.0,0.0,0.0,0.0,0.0,0.0,0.0,0.0,0.0,0.0,0.0,0.0,0.0,0.0,0.0,0.0,0.0,0.0,0.0,0.0,0.0,0.0,0.0,0.0,0.0,0.0,0.0,0.0,0.0,0.0,0.0,0.0,0.0,0.0,0.0,0.0,0.0,0.0,0.0,0.0,0.0,0.0,0.0,0.0,0.0,0.0,0.0,0.0,0.0,0.0,0.0,0.0,0.0,0.0,0.0,0.0,0.0,0.0,0.0,0.0,0.0,0.0,0.0,0.0,0.0,0.0,0.0,0.0,0.0,0.0,0.0,0.0,0.0,0.0,0.0,0.0,0.0,0.0,0.0,0.0,0.0,0.0,0.0,0.0,0.0,0.0,0.0
2017-05-30 22:43:00+02:00,0.0,0.0,0.0,0.0,0.0,0.0,0.0,0.0,0.0,0.0,0.0,0.0,0.0,0.0,0.0,0.0,0.0,0.0,0.0,0.0,0.0,0.0,0.0,0.0,0.0,0.0,0.0,0.0,0.0,0.0,0.0,0.0,0.0,0.0,0.0,0.0,0.0,0.0,0.0,0.0,0.0,0.0,0.0,0.0,0.0,0.0,0.0,0.0,0.0,0.0,0.0,0.0,0.0,0.0,0.0,0.0,0.0,0.0,0.0,0.0,0.0,0.0,0.0,0.0,0.0,0.0,0.0,0.0,0.0,0.0,0.0,0.0,0.0,0.0,0.0,0.0,0.0,0.0,0.0,0.0,0.0,0.0,0.0,0.0,0.0,0.0,0.0,0.0,0.0,0.0,0.0,0.0,0.0,0.0,0.0,0.0,0.0,0.0,0.0,0.0,0.0,0.0,0.0,0.0,0.0,0.0,0.0,0.0,0.0,0.0,0.0,0.0,0.0,0.0,0.0,0.0,0.0,0.0
2017-05-30 22:44:00+02:00,0.0,0.0,0.0,0.0,0.0,0.0,0.0,0.0,0.0,0.0,0.0,0.0,0.0,0.0,0.0,0.0,0.0,0.0,0.0,0.0,0.0,0.0,0.0,0.0,0.0,0.0,0.0,0.0,0.0,0.0,0.0,0.0,0.0,0.0,0.0,0.0,0.0,0.0,0.0,0.0,0.0,0.0,0.0,0.0,0.0,0.0,0.0,0.0,0.0,0.0,0.0,0.0,0.0,0.0,0.0,0.0,0.0,0.0,0.0,0.0,0.0,0.0,0.0,0.0,0.0,0.0,0.0,0.0,0.0,0.0,0.0,0.0,0.0,0.0,0.0,0.0,0.0,0.0,0.0,0.0,0.0,0.0,0.0,0.0,0.0,0.0,0.0,0.0,0.0,0.0,0.0,0.0,0.0,0.0,0.0,0.0,0.0,0.0,0.0,0.0,0.0,0.0,0.0,0.0,0.0,0.0,0.0,0.0,0.0,0.0,0.0,0.0,0.0,0.0,0.0,0.0,0.0,0.0
2017-05-30 22:45:00+02:00,0.0,0.0,0.0,0.0,0.0,0.0,0.0,0.0,0.0,0.0,0.0,0.0,0.0,0.0,0.0,0.0,0.0,0.0,0.0,0.0,0.0,0.0,0.0,0.0,0.0,0.0,0.0,0.0,0.0,0.0,0.0,0.0,0.0,0.0,0.0,0.0,0.0,0.0,0.0,0.0,0.0,0.0,0.0,0.0,0.0,0.0,0.0,0.0,0.0,0.0,0.0,0.0,0.0,0.0,0.0,0.0,0.0,0.0,0.0,0.0,0.0,0.0,0.0,0.0,0.0,0.0,0.0,0.0,0.0,0.0,0.0,0.0,0.0,0.0,0.0,0.0,0.0,0.0,0.0,0.0,0.0,0.0,0.0,0.0,0.0,0.0,0.0,0.0,0.0,0.0,0.0,0.0,0.0,0.0,0.0,0.0,0.0,0.0,0.0,0.0,0.0,0.0,0.0,0.0,0.0,0.0,0.0,0.0,0.0,0.0,0.0,0.0,0.0,0.0,0.0,0.0,0.0,0.0
2017-05-30 22:46:00+02:00,0.0,0.0,0.0,0.0,0.0,0.0,0.0,0.0,0.0,0.0,0.0,0.0,0.0,0.0,0.0,0.0,0.0,0.0,0.0,0.0,0.0,0.0,0.0,0.0,0.0,0.0,0.0,0.0,0.0,0.0,0.0,0.0,0.0,0.0,0.0,0.0,0.0,0.0,0.0,0.0,0.0,0.0,0.0,0.0,0.0,0.0,0.0,0.0,0.0,0.0,0.0,0.0,0.0,0.0,0.0,0.0,0.0,0.0,0.0,0.0,0.0,0.0,0.0,0.0,0.0,0.0,0.0,0.0,0.0,0.0,0.0,0.0,0.0,0.0,0.0,0.0,0.0,0.0,0.0,0.0,0.0,0.0,0.0,0.0,0.0,0.0,0.0,0.0,0.0,0.0,0.0,0.0,0.0,0.0,0.0,0.0,0.0,0.0,0.0,0.0,0.0,0.0,0.0,0.0,0.0,0.0,0.0,0.0,0.0,0.0,0.0,0.0,0.0,0.0,0.0,0.0,0.0,0.0
2017-05-30 22:47:00+02:00,0.0,0.0,0.0,0.0,0.0,0.0,0.0,0.0,0.0,0.0,0.0,0.0,0.0,0.0,0.0,0.0,0.0,0.0,0.0,0.0,0.0,0.0,0.0,0.0,0.0,0.0,0.0,0.0,0.0,0.0,0.0,0.0,0.0,0.0,0.0,0.0,0.0,0.0,0.0,0.0,0.0,0.0,0.0,0.0,0.0,0.0,0.0,0.0,0.0,0.0,0.0,0.0,0.0,0.0,0.0,0.0,0.0,0.0,0.0,0.0,0.0,0.0,0.0,0.0,0.0,0.0,0.0,0.0,0.0,0.0,0.0,0.0,0.0,0.0,0.0,0.0,0.0,0.0,0.0,0.0,0.0,0.0,0.0,0.0,0.0,0.0,0.0,0.0,0.0,0.0,0.0,0.0,0.0,0.0,0.0,0.0,0.0,0.0,0.0,0.0,0.0,0.0,0.0,0.0,0.0,0.0,0.0,0.0,0.0,0.0,0.0,0.0,0.0,0.0,0.0,0.0,0.0,0.0
2017-05-30 22:48:00+02:00,0.0,0.0,0.0,0.0,0.0,0.0,0.0,0.0,0.0,0.0,0.0,0.0,0.0,0.0,0.0,0.0,0.0,0.0,0.0,0.0,0.0,0.0,0.0,0.0,0.0,0.0,0.0,0.0,0.0,0.0,0.0,0.0,0.0,0.0,0.0,0.0,0.0,0.0,0.0,0.0,0.0,0.0,0.0,0.0,0.0,0.0,0.0,0.0,0.0,0.0,0.0,0.0,0.0,0.0,0.0,0.0,0.0,0.0,0.0,0.0,0.0,0.0,0.0,0.0,0.0,0.0,0.0,0.0,0.0,0.0,0.0,0.0,0.0,0.0,0.0,0.0,0.0,0.0,0.0,0.0,0.0,0.0,0.0,0.0,0.0,0.0,0.0,0.0,0.0,0.0,0.0,0.0,0.0,0.0,0.0,0.0,0.0,0.0,0.0,0.0,0.0,0.0,0.0,0.0,0.0,0.0,0.0,0.0,0.0,0.0,0.0,0.0,0.0,0.0,0.0,0.0,0.0,0.0
2017-05-30 22:49:00+02:00,0.0,0.0,0.0,0.0,0.0,0.0,0.0,0.0,0.0,0.0,0.0,0.0,0.0,0.0,0.0,0.0,0.0,0.0,0.0,0.0,0.0,0.0,0.0,0.0,0.0,0.0,0.0,0.0,0.0,0.0,0.0,0.0,0.0,0.0,0.0,0.0,0.0,0.0,0.0,0.0,0.0,0.0,0.0,0.0,0.0,0.0,0.0,0.0,0.0,0.0,0.0,0.0,0.0,0.0,0.0,0.0,0.0,0.0,0.0,0.0,0.0,0.0,0.0,0.0,0.0,0.0,0.0,0.0,0.0,0.0,0.0,0.0,0.0,0.0,0.0,0.0,0.0,0.0,0.0,0.0,0.0,0.0,0.0,0.0,0.0,0.0,0.0,0.0,0.0,0.0,0.0,0.0,0.0,0.0,0.0,0.0,0.0,0.0,0.0,0.0,0.0,0.0,0.0,0.0,0.0,0.0,0.0,0.0,0.0,0.0,0.0,0.0,0.0,0.0,0.0,0.0,0.0,0.0
2017-05-30 22:50:00+02:00,0.0,0.0,0.0,0.0,0.0,0.0,0.0,0.0,0.0,0.0,0.0,0.0,0.0,0.0,0.0,0.0,0.0,0.0,0.0,0.0,0.0,0.0,0.0,0.0,0.0,0.0,0.0,0.0,0.0,0.0,0.0,0.0,0.0,0.0,0.0,0.0,0.0,0.0,0.0,0.0,0.0,0.0,0.0,0.0,0.0,0.0,0.0,0.0,0.0,0.0,0.0,0.0,0.0,0.0,0.0,0.0,0.0,0.0,0.0,0.0,0.0,0.0,0.0,0.0,0.0,0.0,0.0,0.0,0.0,0.0,0.0,0.0,0.0,0.0,0.0,0.0,0.0,0.0,0.0,0.0,0.0,0.0,0.0,0.0,0.0,0.0,0.0,0.0,0.0,0.0,0.0,0.0,0.0,0.0,0.0,0.0,0.0,0.0,0.0,0.0,0.0,0.0,0.0,0.0,0.0,0.0,0.0,0.0,0.0,0.0,0.0,0.0,0.0,0.0,0.0,0.0,0.0,0.0
2017-05-30 22:51:00+02:00,0.0,0.0,0.0,0.0,0.0,0.0,0.0,0.0,0.0,0.0,0.0,0.0,0.0,0.0,0.0,0.0,0.0,0.0,0.0,0.0,0.0,0.0,0.0,0.0,0.0,0.0,0.0,0.0,0.0,0.0,0.0,0.0,0.0,0.0,0.0,0.0,0.0,0.0,0.0,0.0,0.0,0.0,0.0,0.0,0.0,0.0,0.0,0.0,0.0,0.0,0.0,0.0,0.0,0.0,0.0,0.0,0.0,0.0,0.0,0.0,0.0,0.0,0.0,0.0,0.0,0.0,0.0,0.0,0.0,0.0,0.0,0.0,0.0,0.0,0.0,0.0,0.0,0.0,0.0,0.0,0.0,0.0,0.0,0.0,0.0,0.0,0.0,0.0,0.0,0.0,0.0,0.0,0.0,0.0,0.0,0.0,0.0,0.0,0.0,0.0,0.0,0.0,0.0,0.0,0.0,0.0,0.0,0.0,0.0,0.0,0.0,0.0,0.0,0.0,0.0,0.0,0.0,0.0
2017-05-30 22:52:00+02:00,0.0,0.0,0.0,0.0,0.0,0.0,0.0,0.0,0.0,0.0,0.0,0.0,0.0,0.0,0.0,0.0,0.0,0.0,0.0,0.0,0.0,0.0,0.0,0.0,0.0,0.0,0.0,0.0,0.0,0.0,0.0,0.0,0.0,0.0,0.0,0.0,0.0,0.0,0.0,0.0,0.0,0.0,0.0,0.0,0.0,0.0,0.0,0.0,0.0,0.0,0.0,0.0,0.0,0.0,0.0,0.0,0.0,0.0,0.0,0.0,0.0,0.0,0.0,0.0,0.0,0.0,0.0,0.0,0.0,0.0,0.0,0.0,0.0,0.0,0.0,0.0,0.0,0.0,0.0,0.0,0.0,0.0,0.0,0.0,0.0,0.0,0.0,0.0,0.0,0.0,0.0,0.0,0.0,0.0,0.0,0.0,0.0,0.0,0.0,0.0,0.0,0.0,0.0,0.0,0.0,0.0,0.0,0.0,0.0,0.0,0.0,0.0,0.0,0.0,0.0,0.0,0.0,0.0
2017-05-30 22:53:00+02:00,0.0,0.0,0.0,0.0,0.0,0.0,0.0,0.0,0.0,0.0,0.0,0.0,0.0,0.0,0.0,0.0,0.0,0.0,0.0,0.0,0.0,0.0,0.0,0.0,0.0,0.0,0.0,0.0,0.0,0.0,0.0,0.0,0.0,0.0,0.0,0.0,0.0,0.0,0.0,0.0,0.0,0.0,0.0,0.0,0.0,0.0,0.0,0.0,0.0,0.0,0.0,0.0,0.0,0.0,0.0,0.0,0.0,0.0,0.0,0.0,0.0,0.0,0.0,0.0,0.0,0.0,0.0,0.0,0.0,0.0,0.0,0.0,0.0,0.0,0.0,0.0,0.0,0.0,0.0,0.0,0.0,0.0,0.0,0.0,0.0,0.0,0.0,0.0,0.0,0.0,0.0,0.0,0.0,0.0,0.0,0.0,0.0,0.0,0.0,0.0,0.0,0.0,0.0,0.0,0.0,0.0,0.0,0.0,0.0,0.0,0.0,0.0,0.0,0.0,0.0,0.0,0.0,0.0
2017-05-30 22:54:00+02:00,0.0,0.0,0.0,0.0,0.0,0.0,0.0,0.0,0.0,0.0,0.0,0.0,0.0,0.0,0.0,0.0,0.0,0.0,0.0,0.0,0.0,0.0,0.0,0.0,0.0,0.0,0.0,0.0,0.0,0.0,0.0,0.0,0.0,0.0,0.0,0.0,0.0,0.0,0.0,0.0,0.0,0.0,0.0,0.0,0.0,0.0,0.0,0.0,0.0,0.0,0.0,0.0,0.0,0.0,0.0,0.0,0.0,0.0,0.0,0.0,0.0,0.0,0.0,0.0,0.0,0.0,0.0,0.0,0.0,0.0,0.0,0.0,0.0,0.0,0.0,0.0,0.0,0.0,0.0,0.0,0.0,0.0,0.0,0.0,0.0,0.0,0.0,0.0,0.0,0.0,0.0,0.0,0.0,0.0,0.0,0.0,0.0,0.0,0.0,0.0,0.0,0.0,0.0,0.0,0.0,0.0,0.0,0.0,0.0,0.0,0.0,0.0,0.0,0.0,0.0,0.0,0.0,0.0
2017-05-30 22:55:00+02:00,0.0,0.0,0.0,0.0,0.0,0.0,0.0,0.0,0.0,0.0,0.0,0.0,0.0,0.0,0.0,0.0,0.0,0.0,0.0,0.0,0.0,0.0,0.0,0.0,0.0,0.0,0.0,0.0,0.0,0.0,0.0,0.0,0.0,0.0,0.0,0.0,0.0,0.0,0.0,0.0,0.0,0.0,0.0,0.0,0.0,0.0,0.0,0.0,0.0,0.0,0.0,0.0,0.0,0.0,0.0,0.0,0.0,0.0,0.0,0.0,0.0,0.0,0.0,0.0,0.0,0.0,0.0,0.0,0.0,0.0,0.0,0.0,0.0,0.0,0.0,0.0,0.0,0.0,0.0,0.0,0.0,0.0,0.0,0.0,0.0,0.0,0.0,0.0,0.0,0.0,0.0,0.0,0.0,0.0,0.0,0.0,0.0,0.0,0.0,0.0,0.0,0.0,0.0,0.0,0.0,0.0,0.0,0.0,0.0,0.0,0.0,0.0,0.0,0.0,0.0,0.0,0.0,0.0
2017-05-30 22:56:00+02:00,0.0,0.0,0.0,0.0,0.0,0.0,0.0,0.0,0.0,0.0,0.0,0.0,0.0,0.0,0.0,0.0,0.0,0.0,0.0,0.0,0.0,0.0,0.0,0.0,0.0,0.0,0.0,0.0,0.0,0.0,0.0,0.0,0.0,0.0,0.0,0.0,0.0,0.0,0.0,0.0,0.0,0.0,0.0,0.0,0.0,0.0,0.0,0.0,0.0,0.0,0.0,0.0,0.0,0.0,0.0,0.0,0.0,0.0,0.0,0.0,0.0,0.0,0.0,0.0,0.0,0.0,0.0,0.0,0.0,0.0,0.0,0.0,0.0,0.0,0.0,0.0,0.0,0.0,0.0,0.0,0.0,0.0,0.0,0.0,0.0,0.0,0.0,0.0,0.0,0.0,0.0,0.0,0.0,0.0,0.0,0.0,0.0,0.0,0.0,0.0,0.0,0.0,0.0,0.0,0.0,0.0,0.0,0.0,0.0,0.0,0.0,0.0,0.0,0.0,0.0,0.0,0.0,0.0
2017-05-30 22:57:00+02:00,0.0,0.0,0.0,0.0,0.0,0.0,0.0,0.0,0.0,0.0,0.0,0.0,0.0,0.0,0.0,0.0,0.0,0.0,0.0,0.0,0.0,0.0,0.0,0.0,0.0,0.0,0.0,0.0,0.0,0.0,0.0,0.0,0.0,0.0,0.0,0.0,0.0,0.0,0.0,0.0,0.0,0.0,0.0,0.0,0.0,0.0,0.0,0.0,0.0,0.0,0.0,0.0,0.0,0.0,0.0,0.0,0.0,0.0,0.0,0.0,0.0,0.0,0.0,0.0,0.0,0.0,0.0,0.0,0.0,0.0,0.0,0.0,0.0,0.0,0.0,0.0,0.0,0.0,0.0,0.0,0.0,0.0,0.0,0.0,0.0,0.0,0.0,0.0,0.0,0.0,0.0,0.0,0.0,0.0,0.0,0.0,0.0,0.0,0.0,0.0,0.0,0.0,0.0,0.0,0.0,0.0,0.0,0.0,0.0,0.0,0.0,0.0,0.0,0.0,0.0,0.0,0.0,0.0
2017-05-30 22:58:00+02:00,0.0,0.0,0.0,0.0,0.0,0.0,0.0,0.0,0.0,0.0,0.0,0.0,0.0,0.0,0.0,0.0,0.0,0.0,0.0,0.0,0.0,0.0,0.0,0.0,0.0,0.0,0.0,0.0,0.0,0.0,0.0,0.0,0.0,0.0,0.0,0.0,0.0,0.0,0.0,0.0,0.0,0.0,0.0,0.0,0.0,0.0,0.0,0.0,0.0,0.0,0.0,0.0,0.0,0.0,0.0,0.0,0.0,0.0,0.0,0.0,0.0,0.0,0.0,0.0,0.0,0.0,0.0,0.0,0.0,0.0,0.0,0.0,0.0,0.0,0.0,0.0,0.0,0.0,0.0,0.0,0.0,0.0,0.0,0.0,0.0,0.0,0.0,0.0,0.0,0.0,0.0,0.0,0.0,0.0,0.0,0.0,0.0,0.0,0.0,0.0,0.0,0.0,0.0,0.0,0.0,0.0,0.0,0.0,0.0,0.0,0.0,0.0,0.0,0.0,0.0,0.0,0.0,0.0
2017-05-30 22:59:00+02:00,0.0,0.0,0.0,0.0,0.0,0.0,0.0,0.0,0.0,0.0,0.0,0.0,0.0,0.0,0.0,0.0,0.0,0.0,0.0,0.0,0.0,0.0,0.0,0.0,0.0,0.0,0.0,0.0,0.0,0.0,0.0,0.0,0.0,0.0,0.0,0.0,0.0,0.0,0.0,0.0,0.0,0.0,0.0,0.0,0.0,0.0,0.0,0.0,0.0,0.0,0.0,0.0,0.0,0.0,0.0,0.0,0.0,0.0,0.0,0.0,0.0,0.0,0.0,0.0,0.0,0.0,0.0,0.0,0.0,0.0,0.0,0.0,0.0,0.0,0.0,0.0,0.0,0.0,0.0,0.0,0.0,0.0,0.0,0.0,0.0,0.0,0.0,0.0,0.0,0.0,0.0,0.0,0.0,0.0,0.0,0.0,0.0,0.0,0.0,0.0,0.0,0.0,0.0,0.0,0.0,0.0,0.0,0.0,0.0,0.0,0.0,0.0,0.0,0.0,0.0,0.0,0.0,0.0
2017-05-30 23:00:00+02:00,0.0,0.0,0.0,0.0,0.0,0.0,0.0,0.0,0.0,0.0,0.0,0.0,0.0,0.0,0.0,0.0,0.0,0.0,0.0,0.0,0.0,0.0,0.0,0.0,0.0,0.0,0.0,0.0,0.0,0.0,0.0,0.0,0.0,0.0,0.0,0.0,0.0,0.0,0.0,0.0,0.0,0.0,0.0,0.0,0.0,0.0,0.0,0.0,0.0,0.0,0.0,0.0,0.0,0.0,0.0,0.0,0.0,0.0,0.0,0.0,0.0,0.0,0.0,0.0,0.0,0.0,0.0,0.0,0.0,0.0,0.0,0.0,0.0,0.0,0.0,0.0,0.0,0.0,0.0,0.0,0.0,0.0,0.0,0.0,0.0,0.0,0.0,0.0,0.0,0.0,0.0,0.0,0.0,0.0,0.0,0.0,0.0,0.0,0.0,0.0,0.0,0.0,0.0,0.0,0.0,0.0,0.0,0.0,0.0,0.0,0.0,0.0,0.0,0.0,0.0,0.0,0.0,0.0
2017-05-30 23:01:00+02:00,0.0,0.0,0.0,0.0,0.0,0.0,0.0,0.0,0.0,0.0,0.0,0.0,0.0,0.0,0.0,0.0,0.0,0.0,0.0,0.0,0.0,0.0,0.0,0.0,0.0,0.0,0.0,0.0,0.0,0.0,0.0,0.0,0.0,0.0,0.0,0.0,0.0,0.0,0.0,0.0,0.0,0.0,0.0,0.0,0.0,0.0,0.0,0.0,0.0,0.0,0.0,0.0,0.0,0.0,0.0,0.0,0.0,0.0,0.0,0.0,0.0,0.0,0.0,0.0,0.0,0.0,0.0,0.0,0.0,0.0,0.0,0.0,0.0,0.0,0.0,0.0,0.0,0.0,0.0,0.0,0.0,0.0,0.0,0.0,0.0,0.0,0.0,0.0,0.0,0.0,0.0,0.0,0.0,0.0,0.0,0.0,0.0,0.0,0.0,0.0,0.0,0.0,0.0,0.0,0.0,0.0,0.0,0.0,0.0,0.0,0.0,0.0,0.0,0.0,0.0,0.0,0.0,0.0
2017-05-30 23:02:00+02:00,0.0,0.0,0.0,0.0,0.0,0.0,0.0,0.0,0.0,0.0,0.0,0.0,0.0,0.0,0.0,0.0,0.0,0.0,0.0,0.0,0.0,0.0,0.0,0.0,0.0,0.0,0.0,0.0,0.0,0.0,0.0,0.0,0.0,0.0,0.0,0.0,0.0,0.0,0.0,0.0,0.0,0.0,0.0,0.0,0.0,0.0,0.0,0.0,0.0,0.0,0.0,0.0,0.0,0.0,0.0,0.0,0.0,0.0,0.0,0.0,0.0,0.0,0.0,0.0,0.0,0.0,0.0,0.0,0.0,0.0,0.0,0.0,0.0,0.0,0.0,0.0,0.0,0.0,0.0,0.0,0.0,0.0,0.0,0.0,0.0,0.0,0.0,0.0,0.0,0.0,0.0,0.0,0.0,0.0,0.0,0.0,0.0,0.0,0.0,0.0,0.0,0.0,0.0,0.0,0.0,0.0,0.0,0.0,0.0,0.0,0.0,0.0,0.0,0.0,0.0,0.0,0.0,0.0
2017-05-30 23:03:00+02:00,0.0,0.0,0.0,0.0,0.0,0.0,0.0,0.0,0.0,0.0,0.0,0.0,0.0,0.0,0.0,0.0,0.0,0.0,0.0,0.0,0.0,0.0,0.0,0.0,0.0,0.0,0.0,0.0,0.0,0.0,0.0,0.0,0.0,0.0,0.0,0.0,0.0,0.0,0.0,0.0,0.0,0.0,0.0,0.0,0.0,0.0,0.0,0.0,0.0,0.0,0.0,0.0,0.0,0.0,0.0,0.0,0.0,0.0,0.0,0.0,0.0,0.0,0.0,0.0,0.0,0.0,0.0,0.0,0.0,0.0,0.0,0.0,0.0,0.0,0.0,0.0,0.0,0.0,0.0,0.0,0.0,0.0,0.0,0.0,0.0,0.0,0.0,0.0,0.0,0.0,0.0,0.0,0.0,0.0,0.0,0.0,0.0,0.0,0.0,0.0,0.0,0.0,0.0,0.0,0.0,0.0,0.0,0.0,0.0,0.0,0.0,0.0,0.0,0.0,0.0,0.0,0.0,0.0
2017-05-30 23:04:00+02:00,0.0,0.0,0.0,0.0,0.0,0.0,0.0,0.0,0.0,0.0,0.0,0.0,0.0,0.0,0.0,0.0,0.0,0.0,0.0,0.0,0.0,0.0,0.0,0.0,0.0,0.0,0.0,0.0,0.0,0.0,0.0,0.0,0.0,0.0,0.0,0.0,0.0,0.0,0.0,0.0,0.0,0.0,0.0,0.0,0.0,0.0,0.0,0.0,0.0,0.0,0.0,0.0,0.0,0.0,0.0,0.0,0.0,0.0,0.0,0.0,0.0,0.0,0.0,0.0,0.0,0.0,0.0,0.0,0.0,0.0,0.0,0.0,0.0,0.0,0.0,0.0,0.0,0.0,0.0,0.0,0.0,0.0,0.0,0.0,0.0,0.0,0.0,0.0,0.0,0.0,0.0,0.0,0.0,0.0,0.0,0.0,0.0,0.0,0.0,0.0,0.0,0.0,0.0,0.0,0.0,0.0,0.0,0.0,0.0,0.0,0.0,0.0,0.0,0.0,0.0,0.0,0.0,0.0
2017-05-30 23:05:00+02:00,0.0,0.0,0.0,0.0,0.0,0.0,0.0,0.0,0.0,0.0,0.0,0.0,0.0,0.0,0.0,0.0,0.0,0.0,0.0,0.0,0.0,0.0,0.0,0.0,0.0,0.0,0.0,0.0,0.0,0.0,0.0,0.0,0.0,0.0,0.0,0.0,0.0,0.0,0.0,0.0,0.0,0.0,0.0,0.0,0.0,0.0,0.0,0.0,0.0,0.0,0.0,0.0,0.0,0.0,0.0,0.0,0.0,0.0,0.0,0.0,0.0,0.0,0.0,0.0,0.0,0.0,0.0,0.0,0.0,0.0,0.0,0.0,0.0,0.0,0.0,0.0,0.0,0.0,0.0,0.0,0.0,0.0,0.0,0.0,0.0,0.0,0.0,0.0,0.0,0.0,0.0,0.0,0.0,0.0,0.0,0.0,0.0,0.0,0.0,0.0,0.0,0.0,0.0,0.0,0.0,0.0,0.0,0.0,0.0,0.0,0.0,0.0,0.0,0.0,0.0,0.0,0.0,0.0
2017-05-30 23:06:00+02:00,0.0,0.0,0.0,0.0,0.0,0.0,0.0,0.0,0.0,0.0,0.0,0.0,0.0,0.0,0.0,0.0,0.0,0.0,0.0,0.0,0.0,0.0,0.0,0.0,0.0,0.0,0.0,0.0,0.0,0.0,0.0,0.0,0.0,0.0,0.0,0.0,0.0,0.0,0.0,0.0,0.0,0.0,0.0,0.0,0.0,0.0,0.0,0.0,0.0,0.0,0.0,0.0,0.0,0.0,0.0,0.0,0.0,0.0,0.0,0.0,0.0,0.0,0.0,0.0,0.0,0.0,0.0,0.0,0.0,0.0,0.0,0.0,0.0,0.0,0.0,0.0,0.0,0.0,0.0,0.0,0.0,0.0,0.0,0.0,0.0,0.0,0.0,0.0,0.0,0.0,0.0,0.0,0.0,0.0,0.0,0.0,0.0,0.0,0.0,0.0,0.0,0.0,0.0,0.0,0.0,0.0,0.0,0.0,0.0,0.0,0.0,0.0,0.0,0.0,0.0,0.0,0.0,0.0
2017-05-30 23:07:00+02:00,0.0,0.0,0.0,0.0,0.0,0.0,0.0,0.0,0.0,0.0,0.0,0.0,0.0,0.0,0.0,0.0,0.0,0.0,0.0,0.0,0.0,0.0,0.0,0.0,0.0,0.0,0.0,0.0,0.0,0.0,0.0,0.0,0.0,0.0,0.0,0.0,0.0,0.0,0.0,0.0,0.0,0.0,0.0,0.0,0.0,0.0,0.0,0.0,0.0,0.0,0.0,0.0,0.0,0.0,0.0,0.0,0.0,0.0,0.0,0.0,0.0,0.0,0.0,0.0,0.0,0.0,0.0,0.0,0.0,0.0,0.0,0.0,0.0,0.0,0.0,0.0,0.0,0.0,0.0,0.0,0.0,0.0,0.0,0.0,0.0,0.0,0.0,0.0,0.0,0.0,0.0,0.0,0.0,0.0,0.0,0.0,0.0,0.0,0.0,0.0,0.0,0.0,0.0,0.0,0.0,0.0,0.0,0.0,0.0,0.0,0.0,0.0,0.0,0.0,0.0,0.0,0.0,0.0
2017-05-30 23:08:00+02:00,0.0,0.0,0.0,0.0,0.0,0.0,0.0,0.0,0.0,0.0,0.0,0.0,0.0,0.0,0.0,0.0,0.0,0.0,0.0,0.0,0.0,0.0,0.0,0.0,0.0,0.0,0.0,0.0,0.0,0.0,0.0,0.0,0.0,0.0,0.0,0.0,0.0,0.0,0.0,0.0,0.0,0.0,0.0,0.0,0.0,0.0,0.0,0.0,0.0,0.0,0.0,0.0,0.0,0.0,0.0,0.0,0.0,0.0,0.0,0.0,0.0,0.0,0.0,0.0,0.0,0.0,0.0,0.0,0.0,0.0,0.0,0.0,0.0,0.0,0.0,0.0,0.0,0.0,0.0,0.0,0.0,0.0,0.0,0.0,0.0,0.0,0.0,0.0,0.0,0.0,0.0,0.0,0.0,0.0,0.0,0.0,0.0,0.0,0.0,0.0,0.0,0.0,0.0,0.0,0.0,0.0,0.0,0.0,0.0,0.0,0.0,0.0,0.0,0.0,0.0,0.0,0.0,0.0
2017-05-30 23:09:00+02:00,0.0,0.0,0.0,0.0,0.0,0.0,0.0,0.0,0.0,0.0,0.0,0.0,0.0,0.0,0.0,0.0,0.0,0.0,0.0,0.0,0.0,0.0,0.0,0.0,0.0,0.0,0.0,0.0,0.0,0.0,0.0,0.0,0.0,0.0,0.0,0.0,0.0,0.0,0.0,0.0,0.0,0.0,0.0,0.0,0.0,0.0,0.0,0.0,0.0,0.0,0.0,0.0,0.0,0.0,0.0,0.0,0.0,0.0,0.0,0.0,0.0,0.0,0.0,0.0,0.0,0.0,0.0,0.0,0.0,0.0,0.0,0.0,0.0,0.0,0.0,0.0,0.0,0.0,0.0,0.0,0.0,0.0,0.0,0.0,0.0,0.0,0.0,0.0,0.0,0.0,0.0,0.0,0.0,0.0,0.0,0.0,0.0,0.0,0.0,0.0,0.0,0.0,0.0,0.0,0.0,0.0,0.0,0.0,0.0,0.0,0.0,0.0,0.0,0.0,0.0,0.0,0.0,0.0
2017-05-30 23:10:00+02:00,0.0,0.0,0.0,0.0,0.0,0.0,0.0,0.0,0.0,0.0,0.0,0.0,0.0,0.0,0.0,0.0,0.0,0.0,0.0,0.0,0.0,0.0,0.0,0.0,0.0,0.0,0.0,0.0,0.0,0.0,0.0,0.0,0.0,0.0,0.0,0.0,0.0,0.0,0.0,0.0,0.0,0.0,0.0,0.0,0.0,0.0,0.0,0.0,0.0,0.0,0.0,0.0,0.0,0.0,0.0,0.0,0.0,0.0,0.0,0.0,0.0,0.0,0.0,0.0,0.0,0.0,0.0,0.0,0.0,0.0,0.0,0.0,0.0,0.0,0.0,0.0,0.0,0.0,0.0,0.0,0.0,0.0,0.0,0.0,0.0,0.0,0.0,0.0,0.0,0.0,0.0,0.0,0.0,0.0,0.0,0.0,0.0,0.0,0.0,0.0,0.0,0.0,0.0,0.0,0.0,0.0,0.0,0.0,0.0,0.0,0.0,0.0,0.0,0.0,0.0,0.0,0.0,0.0
2017-05-30 23:11:00+02:00,0.0,0.0,0.0,0.0,0.0,0.0,0.0,0.0,0.0,0.0,0.0,0.0,0.0,0.0,0.0,0.0,0.0,0.0,0.0,0.0,0.0,0.0,0.0,0.0,0.0,0.0,0.0,0.0,0.0,0.0,0.0,0.0,0.0,0.0,0.0,0.0,0.0,0.0,0.0,0.0,0.0,0.0,0.0,0.0,0.0,0.0,0.0,0.0,0.0,0.0,0.0,0.0,0.0,0.0,0.0,0.0,0.0,0.0,0.0,0.0,0.0,0.0,0.0,0.0,0.0,0.0,0.0,0.0,0.0,0.0,0.0,0.0,0.0,0.0,0.0,0.0,0.0,0.0,0.0,0.0,0.0,0.0,0.0,0.0,0.0,0.0,0.0,0.0,0.0,0.0,0.0,0.0,0.0,0.0,0.0,0.0,0.0,0.0,0.0,0.0,0.0,0.0,0.0,0.0,0.0,0.0,0.0,0.0,0.0,0.0,0.0,0.0,0.0,0.0,0.0,0.0,0.0,0.0
2017-05-30 23:12:00+02:00,0.0,0.0,0.0,0.0,0.0,0.0,0.0,0.0,0.0,0.0,0.0,0.0,0.0,0.0,0.0,0.0,0.0,0.0,0.0,0.0,0.0,0.0,0.0,0.0,0.0,0.0,0.0,0.0,0.0,0.0,0.0,0.0,0.0,0.0,0.0,0.0,0.0,0.0,0.0,0.0,0.0,0.0,0.0,0.0,0.0,0.0,0.0,0.0,0.0,0.0,0.0,0.0,0.0,0.0,0.0,0.0,0.0,0.0,0.0,0.0,0.0,0.0,0.0,0.0,0.0,0.0,0.0,0.0,0.0,0.0,0.0,0.0,0.0,0.0,0.0,0.0,0.0,0.0,0.0,0.0,0.0,0.0,0.0,0.0,0.0,0.0,0.0,0.0,0.0,0.0,0.0,0.0,0.0,0.0,0.0,0.0,0.0,0.0,0.0,0.0,0.0,0.0,0.0,0.0,0.0,0.0,0.0,0.0,0.0,0.0,0.0,0.0,0.0,0.0,0.0,0.0,0.0,0.0
2017-05-30 23:13:00+02:00,0.0,0.0,0.0,0.0,0.0,0.0,0.0,0.0,0.0,0.0,0.0,0.0,0.0,0.0,0.0,0.0,0.0,0.0,0.0,0.0,0.0,0.0,0.0,0.0,0.0,0.0,0.0,0.0,0.0,0.0,0.0,0.0,0.0,0.0,0.0,0.0,0.0,0.0,0.0,0.0,0.0,0.0,0.0,0.0,0.0,0.0,0.0,0.0,0.0,0.0,0.0,0.0,0.0,0.0,0.0,0.0,0.0,0.0,0.0,0.0,0.0,0.0,0.0,0.0,0.0,0.0,0.0,0.0,0.0,0.0,0.0,0.0,0.0,0.0,0.0,0.0,0.0,0.0,0.0,0.0,0.0,0.0,0.0,0.0,0.0,0.0,0.0,0.0,0.0,0.0,0.0,0.0,0.0,0.0,0.0,0.0,0.0,0.0,0.0,0.0,0.0,0.0,0.0,0.0,0.0,0.0,0.0,0.0,0.0,0.0,0.0,0.0,0.0,0.0,0.0,0.0,0.0,0.0
2017-05-30 23:14:00+02:00,0.0,0.0,0.0,0.0,0.0,0.0,0.0,0.0,0.0,0.0,0.0,0.0,0.0,0.0,0.0,0.0,0.0,0.0,0.0,0.0,0.0,0.0,0.0,0.0,0.0,0.0,0.0,0.0,0.0,0.0,0.0,0.0,0.0,0.0,0.0,0.0,0.0,0.0,0.0,0.0,0.0,0.0,0.0,0.0,0.0,0.0,0.0,0.0,0.0,0.0,0.0,0.0,0.0,0.0,0.0,0.0,0.0,0.0,0.0,0.0,0.0,0.0,0.0,0.0,0.0,0.0,0.0,0.0,0.0,0.0,0.0,0.0,0.0,0.0,0.0,0.0,0.0,0.0,0.0,0.0,0.0,0.0,0.0,0.0,0.0,0.0,0.0,0.0,0.0,0.0,0.0,0.0,0.0,0.0,0.0,0.0,0.0,0.0,0.0,0.0,0.0,0.0,0.0,0.0,0.0,0.0,0.0,0.0,0.0,0.0,0.0,0.0,0.0,0.0,0.0,0.0,0.0,0.0
2017-05-30 23:15:00+02:00,0.0,0.0,0.0,0.0,0.0,0.0,0.0,0.0,0.0,0.0,0.0,0.0,0.0,0.0,0.0,0.0,0.0,0.0,0.0,0.0,0.0,0.0,0.0,0.0,0.0,0.0,0.0,0.0,0.0,0.0,0.0,0.0,0.0,0.0,0.0,0.0,0.0,0.0,0.0,0.0,0.0,0.0,0.0,0.0,0.0,0.0,0.0,0.0,0.0,0.0,0.0,0.0,0.0,0.0,0.0,0.0,0.0,0.0,0.0,0.0,0.0,0.0,0.0,0.0,0.0,0.0,0.0,0.0,0.0,0.0,0.0,0.0,0.0,0.0,0.0,0.0,0.0,0.0,0.0,0.0,0.0,0.0,0.0,0.0,0.0,0.0,0.0,0.0,0.0,0.0,0.0,0.0,0.0,0.0,0.0,0.0,0.0,0.0,0.0,0.0,0.0,0.0,0.0,0.0,0.0,0.0,0.0,0.0,0.0,0.0,0.0,0.0,0.0,0.0,0.0,0.0,0.0,0.0
2017-05-30 23:16:00+02:00,0.0,0.0,0.0,0.0,0.0,0.0,0.0,0.0,0.0,0.0,0.0,0.0,0.0,0.0,0.0,0.0,0.0,0.0,0.0,0.0,0.0,0.0,0.0,0.0,0.0,0.0,0.0,0.0,0.0,0.0,0.0,0.0,0.0,0.0,0.0,0.0,0.0,0.0,0.0,0.0,0.0,0.0,0.0,0.0,0.0,0.0,0.0,0.0,0.0,0.0,0.0,0.0,0.0,0.0,0.0,0.0,0.0,0.0,0.0,0.0,0.0,0.0,0.0,0.0,0.0,0.0,0.0,0.0,0.0,0.0,0.0,0.0,0.0,0.0,0.0,0.0,0.0,0.0,0.0,0.0,0.0,0.0,0.0,0.0,0.0,0.0,0.0,0.0,0.0,0.0,0.0,0.0,0.0,0.0,0.0,0.0,0.0,0.0,0.0,0.0,0.0,0.0,0.0,0.0,0.0,0.0,0.0,0.0,0.0,0.0,0.0,0.0,0.0,0.0,0.0,0.0,0.0,0.0
2017-05-30 23:17:00+02:00,0.0,0.0,0.0,0.0,0.0,0.0,0.0,0.0,0.0,0.0,0.0,0.0,0.0,0.0,0.0,0.0,0.0,0.0,0.0,0.0,0.0,0.0,0.0,0.0,0.0,0.0,0.0,0.0,0.0,0.0,0.0,0.0,0.0,0.0,0.0,0.0,0.0,0.0,0.0,0.0,0.0,0.0,0.0,0.0,0.0,0.0,0.0,0.0,0.0,0.0,0.0,0.0,0.0,0.0,0.0,0.0,0.0,0.0,0.0,0.0,0.0,0.0,0.0,0.0,0.0,0.0,0.0,0.0,0.0,0.0,0.0,0.0,0.0,0.0,0.0,0.0,0.0,0.0,0.0,0.0,0.0,0.0,0.0,0.0,0.0,0.0,0.0,0.0,0.0,0.0,0.0,0.0,0.0,0.0,0.0,0.0,0.0,0.0,0.0,0.0,0.0,0.0,0.0,0.0,0.0,0.0,0.0,0.0,0.0,0.0,0.0,0.0,0.0,0.0,0.0,0.0,0.0,0.0
2017-05-30 23:18:00+02:00,0.0,0.0,0.0,0.0,0.0,0.0,0.0,0.0,0.0,0.0,0.0,0.0,0.0,0.0,0.0,0.0,0.0,0.0,0.0,0.0,0.0,0.0,0.0,0.0,0.0,0.0,0.0,0.0,0.0,0.0,0.0,0.0,0.0,0.0,0.0,0.0,0.0,0.0,0.0,0.0,0.0,0.0,0.0,0.0,0.0,0.0,0.0,0.0,0.0,0.0,0.0,0.0,0.0,0.0,0.0,0.0,0.0,0.0,0.0,0.0,0.0,0.0,0.0,0.0,0.0,0.0,0.0,0.0,0.0,0.0,0.0,0.0,0.0,0.0,0.0,0.0,0.0,0.0,0.0,0.0,0.0,0.0,0.0,0.0,0.0,0.0,0.0,0.0,0.0,0.0,0.0,0.0,0.0,0.0,0.0,0.0,0.0,0.0,0.0,0.0,0.0,0.0,0.0,0.0,0.0,0.0,0.0,0.0,0.0,0.0,0.0,0.0,0.0,0.0,0.0,0.0,0.0,0.0
2017-05-30 23:19:00+02:00,0.0,0.0,0.0,0.0,0.0,0.0,0.0,0.0,0.0,0.0,0.0,0.0,0.0,0.0,0.0,0.0,0.0,0.0,0.0,0.0,0.0,0.0,0.0,0.0,0.0,0.0,0.0,0.0,0.0,0.0,0.0,0.0,0.0,0.0,0.0,0.0,0.0,0.0,0.0,0.0,0.0,0.0,0.0,0.0,0.0,0.0,0.0,0.0,0.0,0.0,0.0,0.0,0.0,0.0,0.0,0.0,0.0,0.0,0.0,0.0,0.0,0.0,0.0,0.0,0.0,0.0,0.0,0.0,0.0,0.0,0.0,0.0,0.0,0.0,0.0,0.0,0.0,0.0,0.0,0.0,0.0,0.0,0.0,0.0,0.0,0.0,0.0,0.0,0.0,0.0,0.0,0.0,0.0,0.0,0.0,0.0,0.0,0.0,0.0,0.0,0.0,0.0,0.0,0.0,0.0,0.0,0.0,0.0,0.0,0.0,0.0,0.0,0.0,0.0,0.0,0.0,0.0,0.0
2017-05-30 23:20:00+02:00,0.0,0.0,0.0,0.0,0.0,0.0,0.0,0.0,0.0,0.0,0.0,0.0,0.0,0.0,0.0,0.0,0.0,0.0,0.0,0.0,0.0,0.0,0.0,0.0,0.0,0.0,0.0,0.0,0.0,0.0,0.0,0.0,0.0,0.0,0.0,0.0,0.0,0.0,0.0,0.0,0.0,0.0,0.0,0.0,0.0,0.0,0.0,0.0,0.0,0.0,0.0,0.0,0.0,0.0,0.0,0.0,0.0,0.0,0.0,0.0,0.0,0.0,0.0,0.0,0.0,0.0,0.0,0.0,0.0,0.0,0.0,0.0,0.0,0.0,0.0,0.0,0.0,0.0,0.0,0.0,0.0,0.0,0.0,0.0,0.0,0.0,0.0,0.0,0.0,0.0,0.0,0.0,0.0,0.0,0.0,0.0,0.0,0.0,0.0,0.0,0.0,0.0,0.0,0.0,0.0,0.0,0.0,0.0,0.0,0.0,0.0,0.0,0.0,0.0,0.0,0.0,0.0,0.0
2017-05-30 23:21:00+02:00,0.0,0.0,0.0,0.0,0.0,0.0,0.0,0.0,0.0,0.0,0.0,0.0,0.0,0.0,0.0,0.0,0.0,0.0,0.0,0.0,0.0,0.0,0.0,0.0,0.0,0.0,0.0,0.0,0.0,0.0,0.0,0.0,0.0,0.0,0.0,0.0,0.0,0.0,0.0,0.0,0.0,0.0,0.0,0.0,0.0,0.0,0.0,0.0,0.0,0.0,0.0,0.0,0.0,0.0,0.0,0.0,0.0,0.0,0.0,0.0,0.0,0.0,0.0,0.0,0.0,0.0,0.0,0.0,0.0,0.0,0.0,0.0,0.0,0.0,0.0,0.0,0.0,0.0,0.0,0.0,0.0,0.0,0.0,0.0,0.0,0.0,0.0,0.0,0.0,0.0,0.0,0.0,0.0,0.0,0.0,0.0,0.0,0.0,0.0,0.0,0.0,0.0,0.0,0.0,0.0,0.0,0.0,0.0,0.0,0.0,0.0,0.0,0.0,0.0,0.0,0.0,0.0,0.0
2017-05-30 23:22:00+02:00,0.0,0.0,0.0,0.0,0.0,0.0,0.0,0.0,0.0,0.0,0.0,0.0,0.0,0.0,0.0,0.0,0.0,0.0,0.0,0.0,0.0,0.0,0.0,0.0,0.0,0.0,0.0,0.0,0.0,0.0,0.0,0.0,0.0,0.0,0.0,0.0,0.0,0.0,0.0,0.0,0.0,0.0,0.0,0.0,0.0,0.0,0.0,0.0,0.0,0.0,0.0,0.0,0.0,0.0,0.0,0.0,0.0,0.0,0.0,0.0,0.0,0.0,0.0,0.0,0.0,0.0,0.0,0.0,0.0,0.0,0.0,0.0,0.0,0.0,0.0,0.0,0.0,0.0,0.0,0.0,0.0,0.0,0.0,0.0,0.0,0.0,0.0,0.0,0.0,0.0,0.0,0.0,0.0,0.0,0.0,0.0,0.0,0.0,0.0,0.0,0.0,0.0,0.0,0.0,0.0,0.0,0.0,0.0,0.0,0.0,0.0,0.0,0.0,0.0,0.0,0.0,0.0,0.0
2017-05-30 23:23:00+02:00,0.0,0.0,0.0,0.0,0.0,0.0,0.0,0.0,0.0,0.0,0.0,0.0,0.0,0.0,0.0,0.0,0.0,0.0,0.0,0.0,0.0,0.0,0.0,0.0,0.0,0.0,0.0,0.0,0.0,0.0,0.0,0.0,0.0,0.0,0.0,0.0,0.0,0.0,0.0,0.0,0.0,0.0,0.0,0.0,0.0,0.0,0.0,0.0,0.0,0.0,0.0,0.0,0.0,0.0,0.0,0.0,0.0,0.0,0.0,0.0,0.0,0.0,0.0,0.0,0.0,0.0,0.0,0.0,0.0,0.0,0.0,0.0,0.0,0.0,0.0,0.0,0.0,0.0,0.0,0.0,0.0,0.0,0.0,0.0,0.0,0.0,0.0,0.0,0.0,0.0,0.0,0.0,0.0,0.0,0.0,0.0,0.0,0.0,0.0,0.0,0.0,0.0,0.0,0.0,0.0,0.0,0.0,0.0,0.0,0.0,0.0,0.0,0.0,0.0,0.0,0.0,0.0,0.0
2017-05-30 23:24:00+02:00,0.0,0.0,0.0,0.0,0.0,0.0,0.0,0.0,0.0,0.0,0.0,0.0,0.0,0.0,0.0,0.0,0.0,0.0,0.0,0.0,0.0,0.0,0.0,0.0,0.0,0.0,0.0,0.0,0.0,0.0,0.0,0.0,0.0,0.0,0.0,0.0,0.0,0.0,0.0,0.0,0.0,0.0,0.0,0.0,0.0,0.0,0.0,0.0,0.0,0.0,0.0,0.0,0.0,0.0,0.0,0.0,0.0,0.0,0.0,0.0,0.0,0.0,0.0,0.0,0.0,0.0,0.0,0.0,0.0,0.0,0.0,0.0,0.0,0.0,0.0,0.0,0.0,0.0,0.0,0.0,0.0,0.0,0.0,0.0,0.0,0.0,0.0,0.0,0.0,0.0,0.0,0.0,0.0,0.0,0.0,0.0,0.0,0.0,0.0,0.0,0.0,0.0,0.0,0.0,0.0,0.0,0.0,0.0,0.0,0.0,0.0,0.0,0.0,0.0,0.0,0.0,0.0,0.0
2017-05-30 23:25:00+02:00,0.0,0.0,0.0,0.0,0.0,0.0,0.0,0.0,0.0,0.0,0.0,0.0,0.0,0.0,0.0,0.0,0.0,0.0,0.0,0.0,0.0,0.0,0.0,0.0,0.0,0.0,0.0,0.0,0.0,0.0,0.0,0.0,0.0,0.0,0.0,0.0,0.0,0.0,0.0,0.0,0.0,0.0,0.0,0.0,0.0,0.0,0.0,0.0,0.0,0.0,0.0,0.0,0.0,0.0,0.0,0.0,0.0,0.0,0.0,0.0,0.0,0.0,0.0,0.0,0.0,0.0,0.0,0.0,0.0,0.0,0.0,0.0,0.0,0.0,0.0,0.0,0.0,0.0,0.0,0.0,0.0,0.0,0.0,0.0,0.0,0.0,0.0,0.0,0.0,0.0,0.0,0.0,0.0,0.0,0.0,0.0,0.0,0.0,0.0,0.0,0.0,0.0,0.0,0.0,0.0,0.0,0.0,0.0,0.0,0.0,0.0,0.0,0.0,0.0,0.0,0.0,0.0,0.0
2017-05-30 23:26:00+02:00,0.0,0.0,0.0,0.0,0.0,0.0,0.0,0.0,0.0,0.0,0.0,0.0,0.0,0.0,0.0,0.0,0.0,0.0,0.0,0.0,0.0,0.0,0.0,0.0,0.0,0.0,0.0,0.0,0.0,0.0,0.0,0.0,0.0,0.0,0.0,0.0,0.0,0.0,0.0,0.0,0.0,0.0,0.0,0.0,0.0,0.0,0.0,0.0,0.0,0.0,0.0,0.0,0.0,0.0,0.0,0.0,0.0,0.0,0.0,0.0,0.0,0.0,0.0,0.0,0.0,0.0,0.0,0.0,0.0,0.0,0.0,0.0,0.0,0.0,0.0,0.0,0.0,0.0,0.0,0.0,0.0,0.0,0.0,0.0,0.0,0.0,0.0,0.0,0.0,0.0,0.0,0.0,0.0,0.0,0.0,0.0,0.0,0.0,0.0,0.0,0.0,0.0,0.0,0.0,0.0,0.0,0.0,0.0,0.0,0.0,0.0,0.0,0.0,0.0,0.0,0.0,0.0,0.0
2017-05-30 23:27:00+02:00,0.0,0.0,0.0,0.0,0.0,0.0,0.0,0.0,0.0,0.0,0.0,0.0,0.0,0.0,0.0,0.0,0.0,0.0,0.0,0.0,0.0,0.0,0.0,0.0,0.0,0.0,0.0,0.0,0.0,0.0,0.0,0.0,0.0,0.0,0.0,0.0,0.0,0.0,0.0,0.0,0.0,0.0,0.0,0.0,0.0,0.0,0.0,0.0,0.0,0.0,0.0,0.0,0.0,0.0,0.0,0.0,0.0,0.0,0.0,0.0,0.0,0.0,0.0,0.0,0.0,0.0,0.0,0.0,0.0,0.0,0.0,0.0,0.0,0.0,0.0,0.0,0.0,0.0,0.0,0.0,0.0,0.0,0.0,0.0,0.0,0.0,0.0,0.0,0.0,0.0,0.0,0.0,0.0,0.0,0.0,0.0,0.0,0.0,0.0,0.0,0.0,0.0,0.0,0.0,0.0,0.0,0.0,0.0,0.0,0.0,0.0,0.0,0.0,0.0,0.0,0.0,0.0,0.0
2017-05-30 23:28:00+02:00,0.0,0.0,0.0,0.0,0.0,0.0,0.0,0.0,0.0,0.0,0.0,0.0,0.0,0.0,0.0,0.0,0.0,0.0,0.0,0.0,0.0,0.0,0.0,0.0,0.0,0.0,0.0,0.0,0.0,0.0,0.0,0.0,0.0,0.0,0.0,0.0,0.0,0.0,0.0,0.0,0.0,0.0,0.0,0.0,0.0,0.0,0.0,0.0,0.0,0.0,0.0,0.0,0.0,0.0,0.0,0.0,0.0,0.0,0.0,0.0,0.0,0.0,0.0,0.0,0.0,0.0,0.0,0.0,0.0,0.0,0.0,0.0,0.0,0.0,0.0,0.0,0.0,0.0,0.0,0.0,0.0,0.0,0.0,0.0,0.0,0.0,0.0,0.0,0.0,0.0,0.0,0.0,0.0,0.0,0.0,0.0,0.0,0.0,0.0,0.0,0.0,0.0,0.0,0.0,0.0,0.0,0.0,0.0,0.0,0.0,0.0,0.0,0.0,0.0,0.0,0.0,0.0,0.0
2017-05-30 23:29:00+02:00,0.0,0.0,0.0,0.0,0.0,0.0,0.0,0.0,0.0,0.0,0.0,0.0,0.0,0.0,0.0,0.0,0.0,0.0,0.0,0.0,0.0,0.0,0.0,0.0,0.0,0.0,0.0,0.0,0.0,0.0,0.0,0.0,0.0,0.0,0.0,0.0,0.0,0.0,0.0,0.0,0.0,0.0,0.0,0.0,0.0,0.0,0.0,0.0,0.0,0.0,0.0,0.0,0.0,0.0,0.0,0.0,0.0,0.0,0.0,0.0,0.0,0.0,0.0,0.0,0.0,0.0,0.0,0.0,0.0,0.0,0.0,0.0,0.0,0.0,0.0,0.0,0.0,0.0,0.0,0.0,0.0,0.0,0.0,0.0,0.0,0.0,0.0,0.0,0.0,0.0,0.0,0.0,0.0,0.0,0.0,0.0,0.0,0.0,0.0,0.0,0.0,0.0,0.0,0.0,0.0,0.0,0.0,0.0,0.0,0.0,0.0,0.0,0.0,0.0,0.0,0.0,0.0,0.0
2017-05-30 23:30:00+02:00,0.0,0.0,0.0,0.0,0.0,0.0,0.0,0.0,0.0,0.0,0.0,0.0,0.0,0.0,0.0,0.0,0.0,0.0,0.0,0.0,0.0,0.0,0.0,0.0,0.0,0.0,0.0,0.0,0.0,0.0,0.0,0.0,0.0,0.0,0.0,0.0,0.0,0.0,0.0,0.0,0.0,0.0,0.0,0.0,0.0,0.0,0.0,0.0,0.0,0.0,0.0,0.0,0.0,0.0,0.0,0.0,0.0,0.0,0.0,0.0,0.0,0.0,0.0,0.0,0.0,0.0,0.0,0.0,0.0,0.0,0.0,0.0,0.0,0.0,0.0,0.0,0.0,0.0,0.0,0.0,0.0,0.0,0.0,0.0,0.0,0.0,0.0,0.0,0.0,0.0,0.0,0.0,0.0,0.0,0.0,0.0,0.0,0.0,0.0,0.0,0.0,0.0,0.0,0.0,0.0,0.0,0.0,0.0,0.0,0.0,0.0,0.0,0.0,0.0,0.0,0.0,0.0,0.0
2017-05-30 23:31:00+02:00,0.0,0.0,0.0,0.0,0.0,0.0,0.0,0.0,0.0,0.0,0.0,0.0,0.0,0.0,0.0,0.0,0.0,0.0,0.0,0.0,0.0,0.0,0.0,0.0,0.0,0.0,0.0,0.0,0.0,0.0,0.0,0.0,0.0,0.0,0.0,0.0,0.0,0.0,0.0,0.0,0.0,0.0,0.0,0.0,0.0,0.0,0.0,0.0,0.0,0.0,0.0,0.0,0.0,0.0,0.0,0.0,0.0,0.0,0.0,0.0,0.0,0.0,0.0,0.0,0.0,0.0,0.0,0.0,0.0,0.0,0.0,0.0,0.0,0.0,0.0,0.0,0.0,0.0,0.0,0.0,0.0,0.0,0.0,0.0,0.0,0.0,0.0,0.0,0.0,0.0,0.0,0.0,0.0,0.0,0.0,0.0,0.0,0.0,0.0,0.0,0.0,0.0,0.0,0.0,0.0,0.0,0.0,0.0,0.0,0.0,0.0,0.0,0.0,0.0,0.0,0.0,0.0,0.0
2017-05-30 23:32:00+02:00,0.0,0.0,0.0,0.0,0.0,0.0,0.0,0.0,0.0,0.0,0.0,0.0,0.0,0.0,0.0,0.0,0.0,0.0,0.0,0.0,0.0,0.0,0.0,0.0,0.0,0.0,0.0,0.0,0.0,0.0,0.0,0.0,0.0,0.0,0.0,0.0,0.0,0.0,0.0,0.0,0.0,0.0,0.0,0.0,0.0,0.0,0.0,0.0,0.0,0.0,0.0,0.0,0.0,0.0,0.0,0.0,0.0,0.0,0.0,0.0,0.0,0.0,0.0,0.0,0.0,0.0,0.0,0.0,0.0,0.0,0.0,0.0,0.0,0.0,0.0,0.0,0.0,0.0,0.0,0.0,0.0,0.0,0.0,0.0,0.0,0.0,0.0,0.0,0.0,0.0,0.0,0.0,0.0,0.0,0.0,0.0,0.0,0.0,0.0,0.0,0.0,0.0,0.0,0.0,0.0,0.0,0.0,0.0,0.0,0.0,0.0,0.0,0.0,0.0,0.0,0.0,0.0,0.0
2017-05-30 23:33:00+02:00,0.0,0.0,0.0,0.0,0.0,0.0,0.0,0.0,0.0,0.0,0.0,0.0,0.0,0.0,0.0,0.0,0.0,0.0,0.0,0.0,0.0,0.0,0.0,0.0,0.0,0.0,0.0,0.0,0.0,0.0,0.0,0.0,0.0,0.0,0.0,0.0,0.0,0.0,0.0,0.0,0.0,0.0,0.0,0.0,0.0,0.0,0.0,0.0,0.0,0.0,0.0,0.0,0.0,0.0,0.0,0.0,0.0,0.0,0.0,0.0,0.0,0.0,0.0,0.0,0.0,0.0,0.0,0.0,0.0,0.0,0.0,0.0,0.0,0.0,0.0,0.0,0.0,0.0,0.0,0.0,0.0,0.0,0.0,0.0,0.0,0.0,0.0,0.0,0.0,0.0,0.0,0.0,0.0,0.0,0.0,0.0,0.0,0.0,0.0,0.0,0.0,0.0,0.0,0.0,0.0,0.0,0.0,0.0,0.0,0.0,0.0,0.0,0.0,0.0,0.0,0.0,0.0,0.0
2017-05-30 23:34:00+02:00,0.0,0.0,0.0,0.0,0.0,0.0,0.0,0.0,0.0,0.0,0.0,0.0,0.0,0.0,0.0,0.0,0.0,0.0,0.0,0.0,0.0,0.0,0.0,0.0,0.0,0.0,0.0,0.0,0.0,0.0,0.0,0.0,0.0,0.0,0.0,0.0,0.0,0.0,0.0,0.0,0.0,0.0,0.0,0.0,0.0,0.0,0.0,0.0,0.0,0.0,0.0,0.0,0.0,0.0,0.0,0.0,0.0,0.0,0.0,0.0,0.0,0.0,0.0,0.0,0.0,0.0,0.0,0.0,0.0,0.0,0.0,0.0,0.0,0.0,0.0,0.0,0.0,0.0,0.0,0.0,0.0,0.0,0.0,0.0,0.0,0.0,0.0,0.0,0.0,0.0,0.0,0.0,0.0,0.0,0.0,0.0,0.0,0.0,0.0,0.0,0.0,0.0,0.0,0.0,0.0,0.0,0.0,0.0,0.0,0.0,0.0,0.0,0.0,0.0,0.0,0.0,0.0,0.0
2017-05-30 23:35:00+02:00,0.0,0.0,0.0,0.0,0.0,0.0,0.0,0.0,0.0,0.0,0.0,0.0,0.0,0.0,0.0,0.0,0.0,0.0,0.0,0.0,0.0,0.0,0.0,0.0,0.0,0.0,0.0,0.0,0.0,0.0,0.0,0.0,0.0,0.0,0.0,0.0,0.0,0.0,0.0,0.0,0.0,0.0,0.0,0.0,0.0,0.0,0.0,0.0,0.0,0.0,0.0,0.0,0.0,0.0,0.0,0.0,0.0,0.0,0.0,0.0,0.0,0.0,0.0,0.0,0.0,0.0,0.0,0.0,0.0,0.0,0.0,0.0,0.0,0.0,0.0,0.0,0.0,0.0,0.0,0.0,0.0,0.0,0.0,0.0,0.0,0.0,0.0,0.0,0.0,0.0,0.0,0.0,0.0,0.0,0.0,0.0,0.0,0.0,0.0,0.0,0.0,0.0,0.0,0.0,0.0,0.0,0.0,0.0,0.0,0.0,0.0,0.0,0.0,0.0,0.0,0.0,0.0,0.0
2017-05-30 23:36:00+02:00,0.0,0.0,0.0,0.0,0.0,0.0,0.0,0.0,0.0,0.0,0.0,0.0,0.0,0.0,0.0,0.0,0.0,0.0,0.0,0.0,0.0,0.0,0.0,0.0,0.0,0.0,0.0,0.0,0.0,0.0,0.0,0.0,0.0,0.0,0.0,0.0,0.0,0.0,0.0,0.0,0.0,0.0,0.0,0.0,0.0,0.0,0.0,0.0,0.0,0.0,0.0,0.0,0.0,0.0,0.0,0.0,0.0,0.0,0.0,0.0,0.0,0.0,0.0,0.0,0.0,0.0,0.0,0.0,0.0,0.0,0.0,0.0,0.0,0.0,0.0,0.0,0.0,0.0,0.0,0.0,0.0,0.0,0.0,0.0,0.0,0.0,0.0,0.0,0.0,0.0,0.0,0.0,0.0,0.0,0.0,0.0,0.0,0.0,0.0,0.0,0.0,0.0,0.0,0.0,0.0,0.0,0.0,0.0,0.0,0.0,0.0,0.0,0.0,0.0,0.0,0.0,0.0,0.0
2017-05-30 23:37:00+02:00,0.0,0.0,0.0,0.0,0.0,0.0,0.0,0.0,0.0,0.0,0.0,0.0,0.0,0.0,0.0,0.0,0.0,0.0,0.0,0.0,0.0,0.0,0.0,0.0,0.0,0.0,0.0,0.0,0.0,0.0,0.0,0.0,0.0,0.0,0.0,0.0,0.0,0.0,0.0,0.0,0.0,0.0,0.0,0.0,0.0,0.0,0.0,0.0,0.0,0.0,0.0,0.0,0.0,0.0,0.0,0.0,0.0,0.0,0.0,0.0,0.0,0.0,0.0,0.0,0.0,0.0,0.0,0.0,0.0,0.0,0.0,0.0,0.0,0.0,0.0,0.0,0.0,0.0,0.0,0.0,0.0,0.0,0.0,0.0,0.0,0.0,0.0,0.0,0.0,0.0,0.0,0.0,0.0,0.0,0.0,0.0,0.0,0.0,0.0,0.0,0.0,0.0,0.0,0.0,0.0,0.0,0.0,0.0,0.0,0.0,0.0,0.0,0.0,0.0,0.0,0.0,0.0,0.0
2017-05-30 23:38:00+02:00,0.0,0.0,0.0,0.0,0.0,0.0,0.0,0.0,0.0,0.0,0.0,0.0,0.0,0.0,0.0,0.0,0.0,0.0,0.0,0.0,0.0,0.0,0.0,0.0,0.0,0.0,0.0,0.0,0.0,0.0,0.0,0.0,0.0,0.0,0.0,0.0,0.0,0.0,0.0,0.0,0.0,0.0,0.0,0.0,0.0,0.0,0.0,0.0,0.0,0.0,0.0,0.0,0.0,0.0,0.0,0.0,0.0,0.0,0.0,0.0,0.0,0.0,0.0,0.0,0.0,0.0,0.0,0.0,0.0,0.0,0.0,0.0,0.0,0.0,0.0,0.0,0.0,0.0,0.0,0.0,0.0,0.0,0.0,0.0,0.0,0.0,0.0,0.0,0.0,0.0,0.0,0.0,0.0,0.0,0.0,0.0,0.0,0.0,0.0,0.0,0.0,0.0,0.0,0.0,0.0,0.0,0.0,0.0,0.0,0.0,0.0,0.0,0.0,0.0,0.0,0.0,0.0,0.0
2017-05-30 23:39:00+02:00,0.0,0.0,0.0,0.0,0.0,0.0,0.0,0.0,0.0,0.0,0.0,0.0,0.0,0.0,0.0,0.0,0.0,0.0,0.0,0.0,0.0,0.0,0.0,0.0,0.0,0.0,0.0,0.0,0.0,0.0,0.0,0.0,0.0,0.0,0.0,0.0,0.0,0.0,0.0,0.0,0.0,0.0,0.0,0.0,0.0,0.0,0.0,0.0,0.0,0.0,0.0,0.0,0.0,0.0,0.0,0.0,0.0,0.0,0.0,0.0,0.0,0.0,0.0,0.0,0.0,0.0,0.0,0.0,0.0,0.0,0.0,0.0,0.0,0.0,0.0,0.0,0.0,0.0,0.0,0.0,0.0,0.0,0.0,0.0,0.0,0.0,0.0,0.0,0.0,0.0,0.0,0.0,0.0,0.0,0.0,0.0,0.0,0.0,0.0,0.0,0.0,0.0,0.0,0.0,0.0,0.0,0.0,0.0,0.0,0.0,0.0,0.0,0.0,0.0,0.0,0.0,0.0,0.0
2017-05-30 23:40:00+02:00,0.0,0.0,0.0,0.0,0.0,0.0,0.0,0.0,0.0,0.0,0.0,0.0,0.0,0.0,0.0,0.0,0.0,0.0,0.0,0.0,0.0,0.0,0.0,0.0,0.0,0.0,0.0,0.0,0.0,0.0,0.0,0.0,0.0,0.0,0.0,0.0,0.0,0.0,0.0,0.0,0.0,0.0,0.0,0.0,0.0,0.0,0.0,0.0,0.0,0.0,0.0,0.0,0.0,0.0,0.0,0.0,0.0,0.0,0.0,0.0,0.0,0.0,0.0,0.0,0.0,0.0,0.0,0.0,0.0,0.0,0.0,0.0,0.0,0.0,0.0,0.0,0.0,0.0,0.0,0.0,0.0,0.0,0.0,0.0,0.0,0.0,0.0,0.0,0.0,0.0,0.0,0.0,0.0,0.0,0.0,0.0,0.0,0.0,0.0,0.0,0.0,0.0,0.0,0.0,0.0,0.0,0.0,0.0,0.0,0.0,0.0,0.0,0.0,0.0,0.0,0.0,0.0,0.0
2017-05-30 23:41:00+02:00,0.0,0.0,0.0,0.0,0.0,0.0,0.0,0.0,0.0,0.0,0.0,0.0,0.0,0.0,0.0,0.0,0.0,0.0,0.0,0.0,0.0,0.0,0.0,0.0,0.0,0.0,0.0,0.0,0.0,0.0,0.0,0.0,0.0,0.0,0.0,0.0,0.0,0.0,0.0,0.0,0.0,0.0,0.0,0.0,0.0,0.0,0.0,0.0,0.0,0.0,0.0,0.0,0.0,0.0,0.0,0.0,0.0,0.0,0.0,0.0,0.0,0.0,0.0,0.0,0.0,0.0,0.0,0.0,0.0,0.0,0.0,0.0,0.0,0.0,0.0,0.0,0.0,0.0,0.0,0.0,0.0,0.0,0.0,0.0,0.0,0.0,0.0,0.0,0.0,0.0,0.0,0.0,0.0,0.0,0.0,0.0,0.0,0.0,0.0,0.0,0.0,0.0,0.0,0.0,0.0,0.0,0.0,0.0,0.0,0.0,0.0,0.0,0.0,0.0,0.0,0.0,0.0,0.0
2017-05-30 23:42:00+02:00,0.0,0.0,0.0,0.0,0.0,0.0,0.0,0.0,0.0,0.0,0.0,0.0,0.0,0.0,0.0,0.0,0.0,0.0,0.0,0.0,0.0,0.0,0.0,0.0,0.0,0.0,0.0,0.0,0.0,0.0,0.0,0.0,0.0,0.0,0.0,0.0,0.0,0.0,0.0,0.0,0.0,0.0,0.0,0.0,0.0,0.0,0.0,0.0,0.0,0.0,0.0,0.0,0.0,0.0,0.0,0.0,0.0,0.0,0.0,0.0,0.0,0.0,0.0,0.0,0.0,0.0,0.0,0.0,0.0,0.0,0.0,0.0,0.0,0.0,0.0,0.0,0.0,0.0,0.0,0.0,0.0,0.0,0.0,0.0,0.0,0.0,0.0,0.0,0.0,0.0,0.0,0.0,0.0,0.0,0.0,0.0,0.0,0.0,0.0,0.0,0.0,0.0,0.0,0.0,0.0,0.0,0.0,0.0,0.0,0.0,0.0,0.0,0.0,0.0,0.0,0.0,0.0,0.0
2017-05-30 23:43:00+02:00,0.0,0.0,0.0,0.0,0.0,0.0,0.0,0.0,0.0,0.0,0.0,0.0,0.0,0.0,0.0,0.0,0.0,0.0,0.0,0.0,0.0,0.0,0.0,0.0,0.0,0.0,0.0,0.0,0.0,0.0,0.0,0.0,0.0,0.0,0.0,0.0,0.0,0.0,0.0,0.0,0.0,0.0,0.0,0.0,0.0,0.0,0.0,0.0,0.0,0.0,0.0,0.0,0.0,0.0,0.0,0.0,0.0,0.0,0.0,0.0,0.0,0.0,0.0,0.0,0.0,0.0,0.0,0.0,0.0,0.0,0.0,0.0,0.0,0.0,0.0,0.0,0.0,0.0,0.0,0.0,0.0,0.0,0.0,0.0,0.0,0.0,0.0,0.0,0.0,0.0,0.0,0.0,0.0,0.0,0.0,0.0,0.0,0.0,0.0,0.0,0.0,0.0,0.0,0.0,0.0,0.0,0.0,0.0,0.0,0.0,0.0,0.0,0.0,0.0,0.0,0.0,0.0,0.0
2017-05-30 23:44:00+02:00,0.0,0.0,0.0,0.0,0.0,0.0,0.0,0.0,0.0,0.0,0.0,0.0,0.0,0.0,0.0,0.0,0.0,0.0,0.0,0.0,0.0,0.0,0.0,0.0,0.0,0.0,0.0,0.0,0.0,0.0,0.0,0.0,0.0,0.0,0.0,0.0,0.0,0.0,0.0,0.0,0.0,0.0,0.0,0.0,0.0,0.0,0.0,0.0,0.0,0.0,0.0,0.0,0.0,0.0,0.0,0.0,0.0,0.0,0.0,0.0,0.0,0.0,0.0,0.0,0.0,0.0,0.0,0.0,0.0,0.0,0.0,0.0,0.0,0.0,0.0,0.0,0.0,0.0,0.0,0.0,0.0,0.0,0.0,0.0,0.0,0.0,0.0,0.0,0.0,0.0,0.0,0.0,0.0,0.0,0.0,0.0,0.0,0.0,0.0,0.0,0.0,0.0,0.0,0.0,0.0,0.0,0.0,0.0,0.0,0.0,0.0,0.0,0.0,0.0,0.0,0.0,0.0,0.0
2017-05-30 23:45:00+02:00,0.0,0.0,0.0,0.0,0.0,0.0,0.0,0.0,0.0,0.0,0.0,0.0,0.0,0.0,0.0,0.0,0.0,0.0,0.0,0.0,0.0,0.0,0.0,0.0,0.0,0.0,0.0,0.0,0.0,0.0,0.0,0.0,0.0,0.0,0.0,0.0,0.0,0.0,0.0,0.0,0.0,0.0,0.0,0.0,0.0,0.0,0.0,0.0,0.0,0.0,0.0,0.0,0.0,0.0,0.0,0.0,0.0,0.0,0.0,0.0,0.0,0.0,0.0,0.0,0.0,0.0,0.0,0.0,0.0,0.0,0.0,0.0,0.0,0.0,0.0,0.0,0.0,0.0,0.0,0.0,0.0,0.0,0.0,0.0,0.0,0.0,0.0,0.0,0.0,0.0,0.0,0.0,0.0,0.0,0.0,0.0,0.0,0.0,0.0,0.0,0.0,0.0,0.0,0.0,0.0,0.0,0.0,0.0,0.0,0.0,0.0,0.0,0.0,0.0,0.0,0.0,0.0,0.0
2017-05-30 23:46:00+02:00,0.0,0.0,0.0,0.0,0.0,0.0,0.0,0.0,0.0,0.0,0.0,0.0,0.0,0.0,0.0,0.0,0.0,0.0,0.0,0.0,0.0,0.0,0.0,0.0,0.0,0.0,0.0,0.0,0.0,0.0,0.0,0.0,0.0,0.0,0.0,0.0,0.0,0.0,0.0,0.0,0.0,0.0,0.0,0.0,0.0,0.0,0.0,0.0,0.0,0.0,0.0,0.0,0.0,0.0,0.0,0.0,0.0,0.0,0.0,0.0,0.0,0.0,0.0,0.0,0.0,0.0,0.0,0.0,0.0,0.0,0.0,0.0,0.0,0.0,0.0,0.0,0.0,0.0,0.0,0.0,0.0,0.0,0.0,0.0,0.0,0.0,0.0,0.0,0.0,0.0,0.0,0.0,0.0,0.0,0.0,0.0,0.0,0.0,0.0,0.0,0.0,0.0,0.0,0.0,0.0,0.0,0.0,0.0,0.0,0.0,0.0,0.0,0.0,0.0,0.0,0.0,0.0,0.0
2017-05-30 23:47:00+02:00,0.0,0.0,0.0,0.0,0.0,0.0,0.0,0.0,0.0,0.0,0.0,0.0,0.0,0.0,0.0,0.0,0.0,0.0,0.0,0.0,0.0,0.0,0.0,0.0,0.0,0.0,0.0,0.0,0.0,0.0,0.0,0.0,0.0,0.0,0.0,0.0,0.0,0.0,0.0,0.0,0.0,0.0,0.0,0.0,0.0,0.0,0.0,0.0,0.0,0.0,0.0,0.0,0.0,0.0,0.0,0.0,0.0,0.0,0.0,0.0,0.0,0.0,0.0,0.0,0.0,0.0,0.0,0.0,0.0,0.0,0.0,0.0,0.0,0.0,0.0,0.0,0.0,0.0,0.0,0.0,0.0,0.0,0.0,0.0,0.0,0.0,0.0,0.0,0.0,0.0,0.0,0.0,0.0,0.0,0.0,0.0,0.0,0.0,0.0,0.0,0.0,0.0,0.0,0.0,0.0,0.0,0.0,0.0,0.0,0.0,0.0,0.0,0.0,0.0,0.0,0.0,0.0,0.0
2017-05-30 23:48:00+02:00,0.0,0.0,0.0,0.0,0.0,0.0,0.0,0.0,0.0,0.0,0.0,0.0,0.0,0.0,0.0,0.0,0.0,0.0,0.0,0.0,0.0,0.0,0.0,0.0,0.0,0.0,0.0,0.0,0.0,0.0,0.0,0.0,0.0,0.0,0.0,0.0,0.0,0.0,0.0,0.0,0.0,0.0,0.0,0.0,0.0,0.0,0.0,0.0,0.0,0.0,0.0,0.0,0.0,0.0,0.0,0.0,0.0,0.0,0.0,0.0,0.0,0.0,0.0,0.0,0.0,0.0,0.0,0.0,0.0,0.0,0.0,0.0,0.0,0.0,0.0,0.0,0.0,0.0,0.0,0.0,0.0,0.0,0.0,0.0,0.0,0.0,0.0,0.0,0.0,0.0,0.0,0.0,0.0,0.0,0.0,0.0,0.0,0.0,0.0,0.0,0.0,0.0,0.0,0.0,0.0,0.0,0.0,0.0,0.0,0.0,0.0,0.0,0.0,0.0,0.0,0.0,0.0,0.0
2017-05-30 23:49:00+02:00,0.0,0.0,0.0,0.0,0.0,0.0,0.0,0.0,0.0,0.0,0.0,0.0,0.0,0.0,0.0,0.0,0.0,0.0,0.0,0.0,0.0,0.0,0.0,0.0,0.0,0.0,0.0,0.0,0.0,0.0,0.0,0.0,0.0,0.0,0.0,0.0,0.0,0.0,0.0,0.0,0.0,0.0,0.0,0.0,0.0,0.0,0.0,0.0,0.0,0.0,0.0,0.0,0.0,0.0,0.0,0.0,0.0,0.0,0.0,0.0,0.0,0.0,0.0,0.0,0.0,0.0,0.0,0.0,0.0,0.0,0.0,0.0,0.0,0.0,0.0,0.0,0.0,0.0,0.0,0.0,0.0,0.0,0.0,0.0,0.0,0.0,0.0,0.0,0.0,0.0,0.0,0.0,0.0,0.0,0.0,0.0,0.0,0.0,0.0,0.0,0.0,0.0,0.0,0.0,0.0,0.0,0.0,0.0,0.0,0.0,0.0,0.0,0.0,0.0,0.0,0.0,0.0,0.0
2017-05-30 23:50:00+02:00,0.0,0.0,0.0,0.0,0.0,0.0,0.0,0.0,0.0,0.0,0.0,0.0,0.0,0.0,0.0,0.0,0.0,0.0,0.0,0.0,0.0,0.0,0.0,0.0,0.0,0.0,0.0,0.0,0.0,0.0,0.0,0.0,0.0,0.0,0.0,0.0,0.0,0.0,0.0,0.0,0.0,0.0,0.0,0.0,0.0,0.0,0.0,0.0,0.0,0.0,0.0,0.0,0.0,0.0,0.0,0.0,0.0,0.0,0.0,0.0,0.0,0.0,0.0,0.0,0.0,0.0,0.0,0.0,0.0,0.0,0.0,0.0,0.0,0.0,0.0,0.0,0.0,0.0,0.0,0.0,0.0,0.0,0.0,0.0,0.0,0.0,0.0,0.0,0.0,0.0,0.0,0.0,0.0,0.0,0.0,0.0,0.0,0.0,0.0,0.0,0.0,0.0,0.0,0.0,0.0,0.0,0.0,0.0,0.0,0.0,0.0,0.0,0.0,0.0,0.0,0.0,0.0,0.0
2017-05-30 23:51:00+02:00,0.0,0.0,0.0,0.0,0.0,0.0,0.0,0.0,0.0,0.0,0.0,0.0,0.0,0.0,0.0,0.0,0.0,0.0,0.0,0.0,0.0,0.0,0.0,0.0,0.0,0.0,0.0,0.0,0.0,0.0,0.0,0.0,0.0,0.0,0.0,0.0,0.0,0.0,0.0,0.0,0.0,0.0,0.0,0.0,0.0,0.0,0.0,0.0,0.0,0.0,0.0,0.0,0.0,0.0,0.0,0.0,0.0,0.0,0.0,0.0,0.0,0.0,0.0,0.0,0.0,0.0,0.0,0.0,0.0,0.0,0.0,0.0,0.0,0.0,0.0,0.0,0.0,0.0,0.0,0.0,0.0,0.0,0.0,0.0,0.0,0.0,0.0,0.0,0.0,0.0,0.0,0.0,0.0,0.0,0.0,0.0,0.0,0.0,0.0,0.0,0.0,0.0,0.0,0.0,0.0,0.0,0.0,0.0,0.0,0.0,0.0,0.0,0.0,0.0,0.0,0.0,0.0,0.0
2017-05-30 23:52:00+02:00,0.0,0.0,0.0,0.0,0.0,0.0,0.0,0.0,0.0,0.0,0.0,0.0,0.0,0.0,0.0,0.0,0.0,0.0,0.0,0.0,0.0,0.0,0.0,0.0,0.0,0.0,0.0,0.0,0.0,0.0,0.0,0.0,0.0,0.0,0.0,0.0,0.0,0.0,0.0,0.0,0.0,0.0,0.0,0.0,0.0,0.0,0.0,0.0,0.0,0.0,0.0,0.0,0.0,0.0,0.0,0.0,0.0,0.0,0.0,0.0,0.0,0.0,0.0,0.0,0.0,0.0,0.0,0.0,0.0,0.0,0.0,0.0,0.0,0.0,0.0,0.0,0.0,0.0,0.0,0.0,0.0,0.0,0.0,0.0,0.0,0.0,0.0,0.0,0.0,0.0,0.0,0.0,0.0,0.0,0.0,0.0,0.0,0.0,0.0,0.0,0.0,0.0,0.0,0.0,0.0,0.0,0.0,0.0,0.0,0.0,0.0,0.0,0.0,0.0,0.0,0.0,0.0,0.0
2017-05-30 23:53:00+02:00,0.0,0.0,0.0,0.0,0.0,0.0,0.0,0.0,0.0,0.0,0.0,0.0,0.0,0.0,0.0,0.0,0.0,0.0,0.0,0.0,0.0,0.0,0.0,0.0,0.0,0.0,0.0,0.0,0.0,0.0,0.0,0.0,0.0,0.0,0.0,0.0,0.0,0.0,0.0,0.0,0.0,0.0,0.0,0.0,0.0,0.0,0.0,0.0,0.0,0.0,0.0,0.0,0.0,0.0,0.0,0.0,0.0,0.0,0.0,0.0,0.0,0.0,0.0,0.0,0.0,0.0,0.0,0.0,0.0,0.0,0.0,0.0,0.0,0.0,0.0,0.0,0.0,0.0,0.0,0.0,0.0,0.0,0.0,0.0,0.0,0.0,0.0,0.0,0.0,0.0,0.0,0.0,0.0,0.0,0.0,0.0,0.0,0.0,0.0,0.0,0.0,0.0,0.0,0.0,0.0,0.0,0.0,0.0,0.0,0.0,0.0,0.0,0.0,0.0,0.0,0.0,0.0,0.0
2017-05-30 23:54:00+02:00,0.0,0.0,0.0,0.0,0.0,0.0,0.0,0.0,0.0,0.0,0.0,0.0,0.0,0.0,0.0,0.0,0.0,0.0,0.0,0.0,0.0,0.0,0.0,0.0,0.0,0.0,0.0,0.0,0.0,0.0,0.0,0.0,0.0,0.0,0.0,0.0,0.0,0.0,0.0,0.0,0.0,0.0,0.0,0.0,0.0,0.0,0.0,0.0,0.0,0.0,0.0,0.0,0.0,0.0,0.0,0.0,0.0,0.0,0.0,0.0,0.0,0.0,0.0,0.0,0.0,0.0,0.0,0.0,0.0,0.0,0.0,0.0,0.0,0.0,0.0,0.0,0.0,0.0,0.0,0.0,0.0,0.0,0.0,0.0,0.0,0.0,0.0,0.0,0.0,0.0,0.0,0.0,0.0,0.0,0.0,0.0,0.0,0.0,0.0,0.0,0.0,0.0,0.0,0.0,0.0,0.0,0.0,0.0,0.0,0.0,0.0,0.0,0.0,0.0,0.0,0.0,0.0,0.0
2017-05-30 23:55:00+02:00,0.0,0.0,0.0,0.0,0.0,0.0,0.0,0.0,0.0,0.0,0.0,0.0,0.0,0.0,0.0,0.0,0.0,0.0,0.0,0.0,0.0,0.0,0.0,0.0,0.0,0.0,0.0,0.0,0.0,0.0,0.0,0.0,0.0,0.0,0.0,0.0,0.0,0.0,0.0,0.0,0.0,0.0,0.0,0.0,0.0,0.0,0.0,0.0,0.0,0.0,0.0,0.0,0.0,0.0,0.0,0.0,0.0,0.0,0.0,0.0,0.0,0.0,0.0,0.0,0.0,0.0,0.0,0.0,0.0,0.0,0.0,0.0,0.0,0.0,0.0,0.0,0.0,0.0,0.0,0.0,0.0,0.0,0.0,0.0,0.0,0.0,0.0,0.0,0.0,0.0,0.0,0.0,0.0,0.0,0.0,0.0,0.0,0.0,0.0,0.0,0.0,0.0,0.0,0.0,0.0,0.0,0.0,0.0,0.0,0.0,0.0,0.0,0.0,0.0,0.0,0.0,0.0,0.0
2017-05-30 23:56:00+02:00,0.0,0.0,0.0,0.0,0.0,0.0,0.0,0.0,0.0,0.0,0.0,0.0,0.0,0.0,0.0,0.0,0.0,0.0,0.0,0.0,0.0,0.0,0.0,0.0,0.0,0.0,0.0,0.0,0.0,0.0,0.0,0.0,0.0,0.0,0.0,0.0,0.0,0.0,0.0,0.0,0.0,0.0,0.0,0.0,0.0,0.0,0.0,0.0,0.0,0.0,0.0,0.0,0.0,0.0,0.0,0.0,0.0,0.0,0.0,0.0,0.0,0.0,0.0,0.0,0.0,0.0,0.0,0.0,0.0,0.0,0.0,0.0,0.0,0.0,0.0,0.0,0.0,0.0,0.0,0.0,0.0,0.0,0.0,0.0,0.0,0.0,0.0,0.0,0.0,0.0,0.0,0.0,0.0,0.0,0.0,0.0,0.0,0.0,0.0,0.0,0.0,0.0,0.0,0.0,0.0,0.0,0.0,0.0,0.0,0.0,0.0,0.0,0.0,0.0,0.0,0.0,0.0,0.0
2017-05-30 23:57:00+02:00,0.0,0.0,0.0,0.0,0.0,0.0,0.0,0.0,0.0,0.0,0.0,0.0,0.0,0.0,0.0,0.0,0.0,0.0,0.0,0.0,0.0,0.0,0.0,0.0,0.0,0.0,0.0,0.0,0.0,0.0,0.0,0.0,0.0,0.0,0.0,0.0,0.0,0.0,0.0,0.0,0.0,0.0,0.0,0.0,0.0,0.0,0.0,0.0,0.0,0.0,0.0,0.0,0.0,0.0,0.0,0.0,0.0,0.0,0.0,0.0,0.0,0.0,0.0,0.0,0.0,0.0,0.0,0.0,0.0,0.0,0.0,0.0,0.0,0.0,0.0,0.0,0.0,0.0,0.0,0.0,0.0,0.0,0.0,0.0,0.0,0.0,0.0,0.0,0.0,0.0,0.0,0.0,0.0,0.0,0.0,0.0,0.0,0.0,0.0,0.0,0.0,0.0,0.0,0.0,0.0,0.0,0.0,0.0,0.0,0.0,0.0,0.0,0.0,0.0,0.0,0.0,0.0,0.0
2017-05-30 23:58:00+02:00,0.0,0.0,0.0,0.0,0.0,0.0,0.0,0.0,0.0,0.0,0.0,0.0,0.0,0.0,0.0,0.0,0.0,0.0,0.0,0.0,0.0,0.0,0.0,0.0,0.0,0.0,0.0,0.0,0.0,0.0,0.0,0.0,0.0,0.0,0.0,0.0,0.0,0.0,0.0,0.0,0.0,0.0,0.0,0.0,0.0,0.0,0.0,0.0,0.0,0.0,0.0,0.0,0.0,0.0,0.0,0.0,0.0,0.0,0.0,0.0,0.0,0.0,0.0,0.0,0.0,0.0,0.0,0.0,0.0,0.0,0.0,0.0,0.0,0.0,0.0,0.0,0.0,0.0,0.0,0.0,0.0,0.0,0.0,0.0,0.0,0.0,0.0,0.0,0.0,0.0,0.0,0.0,0.0,0.0,0.0,0.0,0.0,0.0,0.0,0.0,0.0,0.0,0.0,0.0,0.0,0.0,0.0,0.0,0.0,0.0,0.0,0.0,0.0,0.0,0.0,0.0,0.0,0.0
2017-05-30 23:59:00+02:00,0.0,0.0,0.0,0.0,0.0,0.0,0.0,0.0,0.0,0.0,0.0,0.0,0.0,0.0,0.0,0.0,0.0,0.0,0.0,0.0,0.0,0.0,0.0,0.0,0.0,0.0,0.0,0.0,0.0,0.0,0.0,0.0,0.0,0.0,0.0,0.0,0.0,0.0,0.0,0.0,0.0,0.0,0.0,0.0,0.0,0.0,0.0,0.0,0.0,0.0,0.0,0.0,0.0,0.0,0.0,0.0,0.0,0.0,0.0,0.0,0.0,0.0,0.0,0.0,0.0,0.0,0.0,0.0,0.0,0.0,0.0,0.0,0.0,0.0,0.0,0.0,0.0,0.0,0.0,0.0,0.0,0.0,0.0,0.0,0.0,0.0,0.0,0.0,0.0,0.0,0.0,0.0,0.0,0.0,0.0,0.0,0.0,0.0,0.0,0.0,0.0,0.0,0.0,0.0,0.0,0.0,0.0,0.0,0.0,0.0,0.0,0.0,0.0,0.0,0.0,0.0,0.0,0.0
2017-05-31 00:00:00+02:00,0.0,0.0,0.0,0.0,0.0,0.0,0.0,0.0,0.0,0.0,0.0,0.0,0.0,0.0,0.0,0.0,0.0,0.0,0.0,0.0,0.0,0.0,0.0,0.0,0.0,0.0,0.0,0.0,0.0,0.0,0.0,0.0,0.0,0.0,0.0,0.0,0.0,0.0,0.0,0.0,0.0,0.0,0.0,0.0,0.0,0.0,0.0,0.0,0.0,0.0,0.0,0.0,0.0,0.0,0.0,0.0,0.0,0.0,0.0,0.0,0.0,0.0,0.0,0.0,0.0,0.0,0.0,0.0,0.0,0.0,0.0,0.0,0.0,0.0,0.0,0.0,0.0,0.0,0.0,0.0,0.0,0.0,0.0,0.0,0.0,0.0,0.0,0.0,0.0,0.0,0.0,0.0,0.0,0.0,0.0,0.0,0.0,0.0,0.0,0.0,0.0,0.0,0.0,0.0,0.0,0.0,0.0,0.0,0.0,0.0,0.0,0.0,0.0,0.0,0.0,0.0,0.0,0.0
2017-05-31 00:01:00+02:00,0.0,0.0,0.0,0.0,0.0,0.0,0.0,0.0,0.0,0.0,0.0,0.0,0.0,0.0,0.0,0.0,0.0,0.0,0.0,0.0,0.0,0.0,0.0,0.0,0.0,0.0,0.0,0.0,0.0,0.0,0.0,0.0,0.0,0.0,0.0,0.0,0.0,0.0,0.0,0.0,0.0,0.0,0.0,0.0,0.0,0.0,0.0,0.0,0.0,0.0,0.0,0.0,0.0,0.0,0.0,0.0,0.0,0.0,0.0,0.0,0.0,0.0,0.0,0.0,0.0,0.0,0.0,0.0,0.0,0.0,0.0,0.0,0.0,0.0,0.0,0.0,0.0,0.0,0.0,0.0,0.0,0.0,0.0,0.0,0.0,0.0,0.0,0.0,0.0,0.0,0.0,0.0,0.0,0.0,0.0,0.0,0.0,0.0,0.0,0.0,0.0,0.0,0.0,0.0,0.0,0.0,0.0,0.0,0.0,0.0,0.0,0.0,0.0,0.0,0.0,0.0,0.0,0.0
2017-05-31 00:02:00+02:00,0.0,0.0,0.0,0.0,0.0,0.0,0.0,0.0,0.0,0.0,0.0,0.0,0.0,0.0,0.0,0.0,0.0,0.0,0.0,0.0,0.0,0.0,0.0,0.0,0.0,0.0,0.0,0.0,0.0,0.0,0.0,0.0,0.0,0.0,0.0,0.0,0.0,0.0,0.0,0.0,0.0,0.0,0.0,0.0,0.0,0.0,0.0,0.0,0.0,0.0,0.0,0.0,0.0,0.0,0.0,0.0,0.0,0.0,0.0,0.0,0.0,0.0,0.0,0.0,0.0,0.0,0.0,0.0,0.0,0.0,0.0,0.0,0.0,0.0,0.0,0.0,0.0,0.0,0.0,0.0,0.0,0.0,0.0,0.0,0.0,0.0,0.0,0.0,0.0,0.0,0.0,0.0,0.0,0.0,0.0,0.0,0.0,0.0,0.0,0.0,0.0,0.0,0.0,0.0,0.0,0.0,0.0,0.0,0.0,0.0,0.0,0.0,0.0,0.0,0.0,0.0,0.0,0.0
2017-05-31 00:03:00+02:00,0.0,0.0,0.0,0.0,0.0,0.0,0.0,0.0,0.0,0.0,0.0,0.0,0.0,0.0,0.0,0.0,0.0,0.0,0.0,0.0,0.0,0.0,0.0,0.0,0.0,0.0,0.0,0.0,0.0,0.0,0.0,0.0,0.0,0.0,0.0,0.0,0.0,0.0,0.0,0.0,0.0,0.0,0.0,0.0,0.0,0.0,0.0,0.0,0.0,0.0,0.0,0.0,0.0,0.0,0.0,0.0,0.0,0.0,0.0,0.0,0.0,0.0,0.0,0.0,0.0,0.0,0.0,0.0,0.0,0.0,0.0,0.0,0.0,0.0,0.0,0.0,0.0,0.0,0.0,0.0,0.0,0.0,0.0,0.0,0.0,0.0,0.0,0.0,0.0,0.0,0.0,0.0,0.0,0.0,0.0,0.0,0.0,0.0,0.0,0.0,0.0,0.0,0.0,0.0,0.0,0.0,0.0,0.0,0.0,0.0,0.0,0.0,0.0,0.0,0.0,0.0,0.0,0.0
2017-05-31 00:04:00+02:00,0.0,0.0,0.0,0.0,0.0,0.0,0.0,0.0,0.0,0.0,0.0,0.0,0.0,0.0,0.0,0.0,0.0,0.0,0.0,0.0,0.0,0.0,0.0,0.0,0.0,0.0,0.0,0.0,0.0,0.0,0.0,0.0,0.0,0.0,0.0,0.0,0.0,0.0,0.0,0.0,0.0,0.0,0.0,0.0,0.0,0.0,0.0,0.0,0.0,0.0,0.0,0.0,0.0,0.0,0.0,0.0,0.0,0.0,0.0,0.0,0.0,0.0,0.0,0.0,0.0,0.0,0.0,0.0,0.0,0.0,0.0,0.0,0.0,0.0,0.0,0.0,0.0,0.0,0.0,0.0,0.0,0.0,0.0,0.0,0.0,0.0,0.0,0.0,0.0,0.0,0.0,0.0,0.0,0.0,0.0,0.0,0.0,0.0,0.0,0.0,0.0,0.0,0.0,0.0,0.0,0.0,0.0,0.0,0.0,0.0,0.0,0.0,0.0,0.0,0.0,0.0,0.0,0.0
2017-05-31 00:05:00+02:00,0.0,0.0,0.0,0.0,0.0,0.0,0.0,0.0,0.0,0.0,0.0,0.0,0.0,0.0,0.0,0.0,0.0,0.0,0.0,0.0,0.0,0.0,0.0,0.0,0.0,0.0,0.0,0.0,0.0,0.0,0.0,0.0,0.0,0.0,0.0,0.0,0.0,0.0,0.0,0.0,0.0,0.0,0.0,0.0,0.0,0.0,0.0,0.0,0.0,0.0,0.0,0.0,0.0,0.0,0.0,0.0,0.0,0.0,0.0,0.0,0.0,0.0,0.0,0.0,0.0,0.0,0.0,0.0,0.0,0.0,0.0,0.0,0.0,0.0,0.0,0.0,0.0,0.0,0.0,0.0,0.0,0.0,0.0,0.0,0.0,0.0,0.0,0.0,0.0,0.0,0.0,0.0,0.0,0.0,0.0,0.0,0.0,0.0,0.0,0.0,0.0,0.0,0.0,0.0,0.0,0.0,0.0,0.0,0.0,0.0,0.0,0.0,0.0,0.0,0.0,0.0,0.0,0.0
2017-05-31 00:06:00+02:00,0.0,0.0,0.0,0.0,0.0,0.0,0.0,0.0,0.0,0.0,0.0,0.0,0.0,0.0,0.0,0.0,0.0,0.0,0.0,0.0,0.0,0.0,0.0,0.0,0.0,0.0,0.0,0.0,0.0,0.0,0.0,0.0,0.0,0.0,0.0,0.0,0.0,0.0,0.0,0.0,0.0,0.0,0.0,0.0,0.0,0.0,0.0,0.0,0.0,0.0,0.0,0.0,0.0,0.0,0.0,0.0,0.0,0.0,0.0,0.0,0.0,0.0,0.0,0.0,0.0,0.0,0.0,0.0,0.0,0.0,0.0,0.0,0.0,0.0,0.0,0.0,0.0,0.0,0.0,0.0,0.0,0.0,0.0,0.0,0.0,0.0,0.0,0.0,0.0,0.0,0.0,0.0,0.0,0.0,0.0,0.0,0.0,0.0,0.0,0.0,0.0,0.0,0.0,0.0,0.0,0.0,0.0,0.0,0.0,0.0,0.0,0.0,0.0,0.0,0.0,0.0,0.0,0.0
2017-05-31 00:07:00+02:00,0.0,0.0,0.0,0.0,0.0,0.0,0.0,0.0,0.0,0.0,0.0,0.0,0.0,0.0,0.0,0.0,0.0,0.0,0.0,0.0,0.0,0.0,0.0,0.0,0.0,0.0,0.0,0.0,0.0,0.0,0.0,0.0,0.0,0.0,0.0,0.0,0.0,0.0,0.0,0.0,0.0,0.0,0.0,0.0,0.0,0.0,0.0,0.0,0.0,0.0,0.0,0.0,0.0,0.0,0.0,0.0,0.0,0.0,0.0,0.0,0.0,0.0,0.0,0.0,0.0,0.0,0.0,0.0,0.0,0.0,0.0,0.0,0.0,0.0,0.0,0.0,0.0,0.0,0.0,0.0,0.0,0.0,0.0,0.0,0.0,0.0,0.0,0.0,0.0,0.0,0.0,0.0,0.0,0.0,0.0,0.0,0.0,0.0,0.0,0.0,0.0,0.0,0.0,0.0,0.0,0.0,0.0,0.0,0.0,0.0,0.0,0.0,0.0,0.0,0.0,0.0,0.0,0.0
2017-05-31 00:08:00+02:00,0.0,0.0,0.0,0.0,0.0,0.0,0.0,0.0,0.0,0.0,0.0,0.0,0.0,0.0,0.0,0.0,0.0,0.0,0.0,0.0,0.0,0.0,0.0,0.0,0.0,0.0,0.0,0.0,0.0,0.0,0.0,0.0,0.0,0.0,0.0,0.0,0.0,0.0,0.0,0.0,0.0,0.0,0.0,0.0,0.0,0.0,0.0,0.0,0.0,0.0,0.0,0.0,0.0,0.0,0.0,0.0,0.0,0.0,0.0,0.0,0.0,0.0,0.0,0.0,0.0,0.0,0.0,0.0,0.0,0.0,0.0,0.0,0.0,0.0,0.0,0.0,0.0,0.0,0.0,0.0,0.0,0.0,0.0,0.0,0.0,0.0,0.0,0.0,0.0,0.0,0.0,0.0,0.0,0.0,0.0,0.0,0.0,0.0,0.0,0.0,0.0,0.0,0.0,0.0,0.0,0.0,0.0,0.0,0.0,0.0,0.0,0.0,0.0,0.0,0.0,0.0,0.0,0.0
2017-05-31 00:09:00+02:00,0.0,0.0,0.0,0.0,0.0,0.0,0.0,0.0,0.0,0.0,0.0,0.0,0.0,0.0,0.0,0.0,0.0,0.0,0.0,0.0,0.0,0.0,0.0,0.0,0.0,0.0,0.0,0.0,0.0,0.0,0.0,0.0,0.0,0.0,0.0,0.0,0.0,0.0,0.0,0.0,0.0,0.0,0.0,0.0,0.0,0.0,0.0,0.0,0.0,0.0,0.0,0.0,0.0,0.0,0.0,0.0,0.0,0.0,0.0,0.0,0.0,0.0,0.0,0.0,0.0,0.0,0.0,0.0,0.0,0.0,0.0,0.0,0.0,0.0,0.0,0.0,0.0,0.0,0.0,0.0,0.0,0.0,0.0,0.0,0.0,0.0,0.0,0.0,0.0,0.0,0.0,0.0,0.0,0.0,0.0,0.0,0.0,0.0,0.0,0.0,0.0,0.0,0.0,0.0,0.0,0.0,0.0,0.0,0.0,0.0,0.0,0.0,0.0,0.0,0.0,0.0,0.0,0.0
2017-05-31 00:10:00+02:00,0.0,0.0,0.0,0.0,0.0,0.0,0.0,0.0,0.0,0.0,0.0,0.0,0.0,0.0,0.0,0.0,0.0,0.0,0.0,0.0,0.0,0.0,0.0,0.0,0.0,0.0,0.0,0.0,0.0,0.0,0.0,0.0,0.0,0.0,0.0,0.0,0.0,0.0,0.0,0.0,0.0,0.0,0.0,0.0,0.0,0.0,0.0,0.0,0.0,0.0,0.0,0.0,0.0,0.0,0.0,0.0,0.0,0.0,0.0,0.0,0.0,0.0,0.0,0.0,0.0,0.0,0.0,0.0,0.0,0.0,0.0,0.0,0.0,0.0,0.0,0.0,0.0,0.0,0.0,0.0,0.0,0.0,0.0,0.0,0.0,0.0,0.0,0.0,0.0,0.0,0.0,0.0,0.0,0.0,0.0,0.0,0.0,0.0,0.0,0.0,0.0,0.0,0.0,0.0,0.0,0.0,0.0,0.0,0.0,0.0,0.0,0.0,0.0,0.0,0.0,0.0,0.0,0.0
2017-05-31 00:11:00+02:00,0.0,0.0,0.0,0.0,0.0,0.0,0.0,0.0,0.0,0.0,0.0,0.0,0.0,0.0,0.0,0.0,0.0,0.0,0.0,0.0,0.0,0.0,0.0,0.0,0.0,0.0,0.0,0.0,0.0,0.0,0.0,0.0,0.0,0.0,0.0,0.0,0.0,0.0,0.0,0.0,0.0,0.0,0.0,0.0,0.0,0.0,0.0,0.0,0.0,0.0,0.0,0.0,0.0,0.0,0.0,0.0,0.0,0.0,0.0,0.0,0.0,0.0,0.0,0.0,0.0,0.0,0.0,0.0,0.0,0.0,0.0,0.0,0.0,0.0,0.0,0.0,0.0,0.0,0.0,0.0,0.0,0.0,0.0,0.0,0.0,0.0,0.0,0.0,0.0,0.0,0.0,0.0,0.0,0.0,0.0,0.0,0.0,0.0,0.0,0.0,0.0,0.0,0.0,0.0,0.0,0.0,0.0,0.0,0.0,0.0,0.0,0.0,0.0,0.0,0.0,0.0,0.0,0.0
2017-05-31 00:12:00+02:00,0.0,0.0,0.0,0.0,0.0,0.0,0.0,0.0,0.0,0.0,0.0,0.0,0.0,0.0,0.0,0.0,0.0,0.0,0.0,0.0,0.0,0.0,0.0,0.0,0.0,0.0,0.0,0.0,0.0,0.0,0.0,0.0,0.0,0.0,0.0,0.0,0.0,0.0,0.0,0.0,0.0,0.0,0.0,0.0,0.0,0.0,0.0,0.0,0.0,0.0,0.0,0.0,0.0,0.0,0.0,0.0,0.0,0.0,0.0,0.0,0.0,0.0,0.0,0.0,0.0,0.0,0.0,0.0,0.0,0.0,0.0,0.0,0.0,0.0,0.0,0.0,0.0,0.0,0.0,0.0,0.0,0.0,0.0,0.0,0.0,0.0,0.0,0.0,0.0,0.0,0.0,0.0,0.0,0.0,0.0,0.0,0.0,0.0,0.0,0.0,0.0,0.0,0.0,0.0,0.0,0.0,0.0,0.0,0.0,0.0,0.0,0.0,0.0,0.0,0.0,0.0,0.0,0.0
2017-05-31 00:13:00+02:00,0.0,0.0,0.0,0.0,0.0,0.0,0.0,0.0,0.0,0.0,0.0,0.0,0.0,0.0,0.0,0.0,0.0,0.0,0.0,0.0,0.0,0.0,0.0,0.0,0.0,0.0,0.0,0.0,0.0,0.0,0.0,0.0,0.0,0.0,0.0,0.0,0.0,0.0,0.0,0.0,0.0,0.0,0.0,0.0,0.0,0.0,0.0,0.0,0.0,0.0,0.0,0.0,0.0,0.0,0.0,0.0,0.0,0.0,0.0,0.0,0.0,0.0,0.0,0.0,0.0,0.0,0.0,0.0,0.0,0.0,0.0,0.0,0.0,0.0,0.0,0.0,0.0,0.0,0.0,0.0,0.0,0.0,0.0,0.0,0.0,0.0,0.0,0.0,0.0,0.0,0.0,0.0,0.0,0.0,0.0,0.0,0.0,0.0,0.0,0.0,0.0,0.0,0.0,0.0,0.0,0.0,0.0,0.0,0.0,0.0,0.0,0.0,0.0,0.0,0.0,0.0,0.0,0.0
2017-05-31 00:14:00+02:00,0.0,0.0,0.0,0.0,0.0,0.0,0.0,0.0,0.0,0.0,0.0,0.0,0.0,0.0,0.0,0.0,0.0,0.0,0.0,0.0,0.0,0.0,0.0,0.0,0.0,0.0,0.0,0.0,0.0,0.0,0.0,0.0,0.0,0.0,0.0,0.0,0.0,0.0,0.0,0.0,0.0,0.0,0.0,0.0,0.0,0.0,0.0,0.0,0.0,0.0,0.0,0.0,0.0,0.0,0.0,0.0,0.0,0.0,0.0,0.0,0.0,0.0,0.0,0.0,0.0,0.0,0.0,0.0,0.0,0.0,0.0,0.0,0.0,0.0,0.0,0.0,0.0,0.0,0.0,0.0,0.0,0.0,0.0,0.0,0.0,0.0,0.0,0.0,0.0,0.0,0.0,0.0,0.0,0.0,0.0,0.0,0.0,0.0,0.0,0.0,0.0,0.0,0.0,0.0,0.0,0.0,0.0,0.0,0.0,0.0,0.0,0.0,0.0,0.0,0.0,0.0,0.0,0.0
2017-05-31 00:15:00+02:00,0.0,0.0,0.0,0.0,0.0,0.0,0.0,0.0,0.0,0.0,0.0,0.0,0.0,0.0,0.0,0.0,0.0,0.0,0.0,0.0,0.0,0.0,0.0,0.0,0.0,0.0,0.0,0.0,0.0,0.0,0.0,0.0,0.0,0.0,0.0,0.0,0.0,0.0,0.0,0.0,0.0,0.0,0.0,0.0,0.0,0.0,0.0,0.0,0.0,0.0,0.0,0.0,0.0,0.0,0.0,0.0,0.0,0.0,0.0,0.0,0.0,0.0,0.0,0.0,0.0,0.0,0.0,0.0,0.0,0.0,0.0,0.0,0.0,0.0,0.0,0.0,0.0,0.0,0.0,0.0,0.0,0.0,0.0,0.0,0.0,0.0,0.0,0.0,0.0,0.0,0.0,0.0,0.0,0.0,0.0,0.0,0.0,0.0,0.0,0.0,0.0,0.0,0.0,0.0,0.0,0.0,0.0,0.0,0.0,0.0,0.0,0.0,0.0,0.0,0.0,0.0,0.0,0.0
2017-05-31 00:16:00+02:00,0.0,0.0,0.0,0.0,0.0,0.0,0.0,0.0,0.0,0.0,0.0,0.0,0.0,0.0,0.0,0.0,0.0,0.0,0.0,0.0,0.0,0.0,0.0,0.0,0.0,0.0,0.0,0.0,0.0,0.0,0.0,0.0,0.0,0.0,0.0,0.0,0.0,0.0,0.0,0.0,0.0,0.0,0.0,0.0,0.0,0.0,0.0,0.0,0.0,0.0,0.0,0.0,0.0,0.0,0.0,0.0,0.0,0.0,0.0,0.0,0.0,0.0,0.0,0.0,0.0,0.0,0.0,0.0,0.0,0.0,0.0,0.0,0.0,0.0,0.0,0.0,0.0,0.0,0.0,0.0,0.0,0.0,0.0,0.0,0.0,0.0,0.0,0.0,0.0,0.0,0.0,0.0,0.0,0.0,0.0,0.0,0.0,0.0,0.0,0.0,0.0,0.0,0.0,0.0,0.0,0.0,0.0,0.0,0.0,0.0,0.0,0.0,0.0,0.0,0.0,0.0,0.0,0.0
2017-05-31 00:17:00+02:00,0.0,0.0,0.0,0.0,0.0,0.0,0.0,0.0,0.0,0.0,0.0,0.0,0.0,0.0,0.0,0.0,0.0,0.0,0.0,0.0,0.0,0.0,0.0,0.0,0.0,0.0,0.0,0.0,0.0,0.0,0.0,0.0,0.0,0.0,0.0,0.0,0.0,0.0,0.0,0.0,0.0,0.0,0.0,0.0,0.0,0.0,0.0,0.0,0.0,0.0,0.0,0.0,0.0,0.0,0.0,0.0,0.0,0.0,0.0,0.0,0.0,0.0,0.0,0.0,0.0,0.0,0.0,0.0,0.0,0.0,0.0,0.0,0.0,0.0,0.0,0.0,0.0,0.0,0.0,0.0,0.0,0.0,0.0,0.0,0.0,0.0,0.0,0.0,0.0,0.0,0.0,0.0,0.0,0.0,0.0,0.0,0.0,0.0,0.0,0.0,0.0,0.0,0.0,0.0,0.0,0.0,0.0,0.0,0.0,0.0,0.0,0.0,0.0,0.0,0.0,0.0,0.0,0.0
2017-05-31 00:18:00+02:00,0.0,0.0,0.0,0.0,0.0,0.0,0.0,0.0,0.0,0.0,0.0,0.0,0.0,0.0,0.0,0.0,0.0,0.0,0.0,0.0,0.0,0.0,0.0,0.0,0.0,0.0,0.0,0.0,0.0,0.0,0.0,0.0,0.0,0.0,0.0,0.0,0.0,0.0,0.0,0.0,0.0,0.0,0.0,0.0,0.0,0.0,0.0,0.0,0.0,0.0,0.0,0.0,0.0,0.0,0.0,0.0,0.0,0.0,0.0,0.0,0.0,0.0,0.0,0.0,0.0,0.0,0.0,0.0,0.0,0.0,0.0,0.0,0.0,0.0,0.0,0.0,0.0,0.0,0.0,0.0,0.0,0.0,0.0,0.0,0.0,0.0,0.0,0.0,0.0,0.0,0.0,0.0,0.0,0.0,0.0,0.0,0.0,0.0,0.0,0.0,0.0,0.0,0.0,0.0,0.0,0.0,0.0,0.0,0.0,0.0,0.0,0.0,0.0,0.0,0.0,0.0,0.0,0.0
2017-05-31 00:19:00+02:00,0.0,0.0,0.0,0.0,0.0,0.0,0.0,0.0,0.0,0.0,0.0,0.0,0.0,0.0,0.0,0.0,0.0,0.0,0.0,0.0,0.0,0.0,0.0,0.0,0.0,0.0,0.0,0.0,0.0,0.0,0.0,0.0,0.0,0.0,0.0,0.0,0.0,0.0,0.0,0.0,0.0,0.0,0.0,0.0,0.0,0.0,0.0,0.0,0.0,0.0,0.0,0.0,0.0,0.0,0.0,0.0,0.0,0.0,0.0,0.0,0.0,0.0,0.0,0.0,0.0,0.0,0.0,0.0,0.0,0.0,0.0,0.0,0.0,0.0,0.0,0.0,0.0,0.0,0.0,0.0,0.0,0.0,0.0,0.0,0.0,0.0,0.0,0.0,0.0,0.0,0.0,0.0,0.0,0.0,0.0,0.0,0.0,0.0,0.0,0.0,0.0,0.0,0.0,0.0,0.0,0.0,0.0,0.0,0.0,0.0,0.0,0.0,0.0,0.0,0.0,0.0,0.0,0.0
2017-05-31 00:20:00+02:00,0.0,0.0,0.0,0.0,0.0,0.0,0.0,0.0,0.0,0.0,0.0,0.0,0.0,0.0,0.0,0.0,0.0,0.0,0.0,0.0,0.0,0.0,0.0,0.0,0.0,0.0,0.0,0.0,0.0,0.0,0.0,0.0,0.0,0.0,0.0,0.0,0.0,0.0,0.0,0.0,0.0,0.0,0.0,0.0,0.0,0.0,0.0,0.0,0.0,0.0,0.0,0.0,0.0,0.0,0.0,0.0,0.0,0.0,0.0,0.0,0.0,0.0,0.0,0.0,0.0,0.0,0.0,0.0,0.0,0.0,0.0,0.0,0.0,0.0,0.0,0.0,0.0,0.0,0.0,0.0,0.0,0.0,0.0,0.0,0.0,0.0,0.0,0.0,0.0,0.0,0.0,0.0,0.0,0.0,0.0,0.0,0.0,0.0,0.0,0.0,0.0,0.0,0.0,0.0,0.0,0.0,0.0,0.0,0.0,0.0,0.0,0.0,0.0,0.0,0.0,0.0,0.0,0.0
2017-05-31 00:21:00+02:00,0.0,0.0,0.0,0.0,0.0,0.0,0.0,0.0,0.0,0.0,0.0,0.0,0.0,0.0,0.0,0.0,0.0,0.0,0.0,0.0,0.0,0.0,0.0,0.0,0.0,0.0,0.0,0.0,0.0,0.0,0.0,0.0,0.0,0.0,0.0,0.0,0.0,0.0,0.0,0.0,0.0,0.0,0.0,0.0,0.0,0.0,0.0,0.0,0.0,0.0,0.0,0.0,0.0,0.0,0.0,0.0,0.0,0.0,0.0,0.0,0.0,0.0,0.0,0.0,0.0,0.0,0.0,0.0,0.0,0.0,0.0,0.0,0.0,0.0,0.0,0.0,0.0,0.0,0.0,0.0,0.0,0.0,0.0,0.0,0.0,0.0,0.0,0.0,0.0,0.0,0.0,0.0,0.0,0.0,0.0,0.0,0.0,0.0,0.0,0.0,0.0,0.0,0.0,0.0,0.0,0.0,0.0,0.0,0.0,0.0,0.0,0.0,0.0,0.0,0.0,0.0,0.0,0.0
2017-05-31 00:22:00+02:00,0.0,0.0,0.0,0.0,0.0,0.0,0.0,0.0,0.0,0.0,0.0,0.0,0.0,0.0,0.0,0.0,0.0,0.0,0.0,0.0,0.0,0.0,0.0,0.0,0.0,0.0,0.0,0.0,0.0,0.0,0.0,0.0,0.0,0.0,0.0,0.0,0.0,0.0,0.0,0.0,0.0,0.0,0.0,0.0,0.0,0.0,0.0,0.0,0.0,0.0,0.0,0.0,0.0,0.0,0.0,0.0,0.0,0.0,0.0,0.0,0.0,0.0,0.0,0.0,0.0,0.0,0.0,0.0,0.0,0.0,0.0,0.0,0.0,0.0,0.0,0.0,0.0,0.0,0.0,0.0,0.0,0.0,0.0,0.0,0.0,0.0,0.0,0.0,0.0,0.0,0.0,0.0,0.0,0.0,0.0,0.0,0.0,0.0,0.0,0.0,0.0,0.0,0.0,0.0,0.0,0.0,0.0,0.0,0.0,0.0,0.0,0.0,0.0,0.0,0.0,0.0,0.0,0.0
2017-05-31 00:23:00+02:00,0.0,0.0,0.0,0.0,0.0,0.0,0.0,0.0,0.0,0.0,0.0,0.0,0.0,0.0,0.0,0.0,0.0,0.0,0.0,0.0,0.0,0.0,0.0,0.0,0.0,0.0,0.0,0.0,0.0,0.0,0.0,0.0,0.0,0.0,0.0,0.0,0.0,0.0,0.0,0.0,0.0,0.0,0.0,0.0,0.0,0.0,0.0,0.0,0.0,0.0,0.0,0.0,0.0,0.0,0.0,0.0,0.0,0.0,0.0,0.0,0.0,0.0,0.0,0.0,0.0,0.0,0.0,0.0,0.0,0.0,0.0,0.0,0.0,0.0,0.0,0.0,0.0,0.0,0.0,0.0,0.0,0.0,0.0,0.0,0.0,0.0,0.0,0.0,0.0,0.0,0.0,0.0,0.0,0.0,0.0,0.0,0.0,0.0,0.0,0.0,0.0,0.0,0.0,0.0,0.0,0.0,0.0,0.0,0.0,0.0,0.0,0.0,0.0,0.0,0.0,0.0,0.0,0.0
2017-05-31 00:24:00+02:00,0.0,0.0,0.0,0.0,0.0,0.0,0.0,0.0,0.0,0.0,0.0,0.0,0.0,0.0,0.0,0.0,0.0,0.0,0.0,0.0,0.0,0.0,0.0,0.0,0.0,0.0,0.0,0.0,0.0,0.0,0.0,0.0,0.0,0.0,0.0,0.0,0.0,0.0,0.0,0.0,0.0,0.0,0.0,0.0,0.0,0.0,0.0,0.0,0.0,0.0,0.0,0.0,0.0,0.0,0.0,0.0,0.0,0.0,0.0,0.0,0.0,0.0,0.0,0.0,0.0,0.0,0.0,0.0,0.0,0.0,0.0,0.0,0.0,0.0,0.0,0.0,0.0,0.0,0.0,0.0,0.0,0.0,0.0,0.0,0.0,0.0,0.0,0.0,0.0,0.0,0.0,0.0,0.0,0.0,0.0,0.0,0.0,0.0,0.0,0.0,0.0,0.0,0.0,0.0,0.0,0.0,0.0,0.0,0.0,0.0,0.0,0.0,0.0,0.0,0.0,0.0,0.0,0.0
2017-05-31 00:25:00+02:00,0.0,0.0,0.0,0.0,0.0,0.0,0.0,0.0,0.0,0.0,0.0,0.0,0.0,0.0,0.0,0.0,0.0,0.0,0.0,0.0,0.0,0.0,0.0,0.0,0.0,0.0,0.0,0.0,0.0,0.0,0.0,0.0,0.0,0.0,0.0,0.0,0.0,0.0,0.0,0.0,0.0,0.0,0.0,0.0,0.0,0.0,0.0,0.0,0.0,0.0,0.0,0.0,0.0,0.0,0.0,0.0,0.0,0.0,0.0,0.0,0.0,0.0,0.0,0.0,0.0,0.0,0.0,0.0,0.0,0.0,0.0,0.0,0.0,0.0,0.0,0.0,0.0,0.0,0.0,0.0,0.0,0.0,0.0,0.0,0.0,0.0,0.0,0.0,0.0,0.0,0.0,0.0,0.0,0.0,0.0,0.0,0.0,0.0,0.0,0.0,0.0,0.0,0.0,0.0,0.0,0.0,0.0,0.0,0.0,0.0,0.0,0.0,0.0,0.0,0.0,0.0,0.0,0.0
2017-05-31 00:26:00+02:00,0.0,0.0,0.0,0.0,0.0,0.0,0.0,0.0,0.0,0.0,0.0,0.0,0.0,0.0,0.0,0.0,0.0,0.0,0.0,0.0,0.0,0.0,0.0,0.0,0.0,0.0,0.0,0.0,0.0,0.0,0.0,0.0,0.0,0.0,0.0,0.0,0.0,0.0,0.0,0.0,0.0,0.0,0.0,0.0,0.0,0.0,0.0,0.0,0.0,0.0,0.0,0.0,0.0,0.0,0.0,0.0,0.0,0.0,0.0,0.0,0.0,0.0,0.0,0.0,0.0,0.0,0.0,0.0,0.0,0.0,0.0,0.0,0.0,0.0,0.0,0.0,0.0,0.0,0.0,0.0,0.0,0.0,0.0,0.0,0.0,0.0,0.0,0.0,0.0,0.0,0.0,0.0,0.0,0.0,0.0,0.0,0.0,0.0,0.0,0.0,0.0,0.0,0.0,0.0,0.0,0.0,0.0,0.0,0.0,0.0,0.0,0.0,0.0,0.0,0.0,0.0,0.0,0.0
2017-05-31 00:27:00+02:00,0.0,0.0,0.0,0.0,0.0,0.0,0.0,0.0,0.0,0.0,0.0,0.0,0.0,0.0,0.0,0.0,0.0,0.0,0.0,0.0,0.0,0.0,0.0,0.0,0.0,0.0,0.0,0.0,0.0,0.0,0.0,0.0,0.0,0.0,0.0,0.0,0.0,0.0,0.0,0.0,0.0,0.0,0.0,0.0,0.0,0.0,0.0,0.0,0.0,0.0,0.0,0.0,0.0,0.0,0.0,0.0,0.0,0.0,0.0,0.0,0.0,0.0,0.0,0.0,0.0,0.0,0.0,0.0,0.0,0.0,0.0,0.0,0.0,0.0,0.0,0.0,0.0,0.0,0.0,0.0,0.0,0.0,0.0,0.0,0.0,0.0,0.0,0.0,0.0,0.0,0.0,0.0,0.0,0.0,0.0,0.0,0.0,0.0,0.0,0.0,0.0,0.0,0.0,0.0,0.0,0.0,0.0,0.0,0.0,0.0,0.0,0.0,0.0,0.0,0.0,0.0,0.0,0.0
2017-05-31 00:28:00+02:00,0.0,0.0,0.0,0.0,0.0,0.0,0.0,0.0,0.0,0.0,0.0,0.0,0.0,0.0,0.0,0.0,0.0,0.0,0.0,0.0,0.0,0.0,0.0,0.0,0.0,0.0,0.0,0.0,0.0,0.0,0.0,0.0,0.0,0.0,0.0,0.0,0.0,0.0,0.0,0.0,0.0,0.0,0.0,0.0,0.0,0.0,0.0,0.0,0.0,0.0,0.0,0.0,0.0,0.0,0.0,0.0,0.0,0.0,0.0,0.0,0.0,0.0,0.0,0.0,0.0,0.0,0.0,0.0,0.0,0.0,0.0,0.0,0.0,0.0,0.0,0.0,0.0,0.0,0.0,0.0,0.0,0.0,0.0,0.0,0.0,0.0,0.0,0.0,0.0,0.0,0.0,0.0,0.0,0.0,0.0,0.0,0.0,0.0,0.0,0.0,0.0,0.0,0.0,0.0,0.0,0.0,0.0,0.0,0.0,0.0,0.0,0.0,0.0,0.0,0.0,0.0,0.0,0.0
2017-05-31 00:29:00+02:00,0.0,0.0,0.0,0.0,0.0,0.0,0.0,0.0,0.0,0.0,0.0,0.0,0.0,0.0,0.0,0.0,0.0,0.0,0.0,0.0,0.0,0.0,0.0,0.0,0.0,0.0,0.0,0.0,0.0,0.0,0.0,0.0,0.0,0.0,0.0,0.0,0.0,0.0,0.0,0.0,0.0,0.0,0.0,0.0,0.0,0.0,0.0,0.0,0.0,0.0,0.0,0.0,0.0,0.0,0.0,0.0,0.0,0.0,0.0,0.0,0.0,0.0,0.0,0.0,0.0,0.0,0.0,0.0,0.0,0.0,0.0,0.0,0.0,0.0,0.0,0.0,0.0,0.0,0.0,0.0,0.0,0.0,0.0,0.0,0.0,0.0,0.0,0.0,0.0,0.0,0.0,0.0,0.0,0.0,0.0,0.0,0.0,0.0,0.0,0.0,0.0,0.0,0.0,0.0,0.0,0.0,0.0,0.0,0.0,0.0,0.0,0.0,0.0,0.0,0.0,0.0,0.0,0.0
2017-05-31 00:30:00+02:00,0.0,0.0,0.0,0.0,0.0,0.0,0.0,0.0,0.0,0.0,0.0,0.0,0.0,0.0,0.0,0.0,0.0,0.0,0.0,0.0,0.0,0.0,0.0,0.0,0.0,0.0,0.0,0.0,0.0,0.0,0.0,0.0,0.0,0.0,0.0,0.0,0.0,0.0,0.0,0.0,0.0,0.0,0.0,0.0,0.0,0.0,0.0,0.0,0.0,0.0,0.0,0.0,0.0,0.0,0.0,0.0,0.0,0.0,0.0,0.0,0.0,0.0,0.0,0.0,0.0,0.0,0.0,0.0,0.0,0.0,0.0,0.0,0.0,0.0,0.0,0.0,0.0,0.0,0.0,0.0,0.0,0.0,0.0,0.0,0.0,0.0,0.0,0.0,0.0,0.0,0.0,0.0,0.0,0.0,0.0,0.0,0.0,0.0,0.0,0.0,0.0,0.0,0.0,0.0,0.0,0.0,0.0,0.0,0.0,0.0,0.0,0.0,0.0,0.0,0.0,0.0,0.0,0.0
2017-05-31 00:31:00+02:00,0.0,0.0,0.0,0.0,0.0,0.0,0.0,0.0,0.0,0.0,0.0,0.0,0.0,0.0,0.0,0.0,0.0,0.0,0.0,0.0,0.0,0.0,0.0,0.0,0.0,0.0,0.0,0.0,0.0,0.0,0.0,0.0,0.0,0.0,0.0,0.0,0.0,0.0,0.0,0.0,0.0,0.0,0.0,0.0,0.0,0.0,0.0,0.0,0.0,0.0,0.0,0.0,0.0,0.0,0.0,0.0,0.0,0.0,0.0,0.0,0.0,0.0,0.0,0.0,0.0,0.0,0.0,0.0,0.0,0.0,0.0,0.0,0.0,0.0,0.0,0.0,0.0,0.0,0.0,0.0,0.0,0.0,0.0,0.0,0.0,0.0,0.0,0.0,0.0,0.0,0.0,0.0,0.0,0.0,0.0,0.0,0.0,0.0,0.0,0.0,0.0,0.0,0.0,0.0,0.0,0.0,0.0,0.0,0.0,0.0,0.0,0.0,0.0,0.0,0.0,0.0,0.0,0.0
2017-05-31 00:32:00+02:00,0.0,0.0,0.0,0.0,0.0,0.0,0.0,0.0,0.0,0.0,0.0,0.0,0.0,0.0,0.0,0.0,0.0,0.0,0.0,0.0,0.0,0.0,0.0,0.0,0.0,0.0,0.0,0.0,0.0,0.0,0.0,0.0,0.0,0.0,0.0,0.0,0.0,0.0,0.0,0.0,0.0,0.0,0.0,0.0,0.0,0.0,0.0,0.0,0.0,0.0,0.0,0.0,0.0,0.0,0.0,0.0,0.0,0.0,0.0,0.0,0.0,0.0,0.0,0.0,0.0,0.0,0.0,0.0,0.0,0.0,0.0,0.0,0.0,0.0,0.0,0.0,0.0,0.0,0.0,0.0,0.0,0.0,0.0,0.0,0.0,0.0,0.0,0.0,0.0,0.0,0.0,0.0,0.0,0.0,0.0,0.0,0.0,0.0,0.0,0.0,0.0,0.0,0.0,0.0,0.0,0.0,0.0,0.0,0.0,0.0,0.0,0.0,0.0,0.0,0.0,0.0,0.0,0.0
2017-05-31 00:33:00+02:00,0.0,0.0,0.0,0.0,0.0,0.0,0.0,0.0,0.0,0.0,0.0,0.0,0.0,0.0,0.0,0.0,0.0,0.0,0.0,0.0,0.0,0.0,0.0,0.0,0.0,0.0,0.0,0.0,0.0,0.0,0.0,0.0,0.0,0.0,0.0,0.0,0.0,0.0,0.0,0.0,0.0,0.0,0.0,0.0,0.0,0.0,0.0,0.0,0.0,0.0,0.0,0.0,0.0,0.0,0.0,0.0,0.0,0.0,0.0,0.0,0.0,0.0,0.0,0.0,0.0,0.0,0.0,0.0,0.0,0.0,0.0,0.0,0.0,0.0,0.0,0.0,0.0,0.0,0.0,0.0,0.0,0.0,0.0,0.0,0.0,0.0,0.0,0.0,0.0,0.0,0.0,0.0,0.0,0.0,0.0,0.0,0.0,0.0,0.0,0.0,0.0,0.0,0.0,0.0,0.0,0.0,0.0,0.0,0.0,0.0,0.0,0.0,0.0,0.0,0.0,0.0,0.0,0.0
2017-05-31 00:34:00+02:00,0.0,0.0,0.0,0.0,0.0,0.0,0.0,0.0,0.0,0.0,0.0,0.0,0.0,0.0,0.0,0.0,0.0,0.0,0.0,0.0,0.0,0.0,0.0,0.0,0.0,0.0,0.0,0.0,0.0,0.0,0.0,0.0,0.0,0.0,0.0,0.0,0.0,0.0,0.0,0.0,0.0,0.0,0.0,0.0,0.0,0.0,0.0,0.0,0.0,0.0,0.0,0.0,0.0,0.0,0.0,0.0,0.0,0.0,0.0,0.0,0.0,0.0,0.0,0.0,0.0,0.0,0.0,0.0,0.0,0.0,0.0,0.0,0.0,0.0,0.0,0.0,0.0,0.0,0.0,0.0,0.0,0.0,0.0,0.0,0.0,0.0,0.0,0.0,0.0,0.0,0.0,0.0,0.0,0.0,0.0,0.0,0.0,0.0,0.0,0.0,0.0,0.0,0.0,0.0,0.0,0.0,0.0,0.0,0.0,0.0,0.0,0.0,0.0,0.0,0.0,0.0,0.0,0.0
2017-05-31 00:35:00+02:00,0.0,0.0,0.0,0.0,0.0,0.0,0.0,0.0,0.0,0.0,0.0,0.0,0.0,0.0,0.0,0.0,0.0,0.0,0.0,0.0,0.0,0.0,0.0,0.0,0.0,0.0,0.0,0.0,0.0,0.0,0.0,0.0,0.0,0.0,0.0,0.0,0.0,0.0,0.0,0.0,0.0,0.0,0.0,0.0,0.0,0.0,0.0,0.0,0.0,0.0,0.0,0.0,0.0,0.0,0.0,0.0,0.0,0.0,0.0,0.0,0.0,0.0,0.0,0.0,0.0,0.0,0.0,0.0,0.0,0.0,0.0,0.0,0.0,0.0,0.0,0.0,0.0,0.0,0.0,0.0,0.0,0.0,0.0,0.0,0.0,0.0,0.0,0.0,0.0,0.0,0.0,0.0,0.0,0.0,0.0,0.0,0.0,0.0,0.0,0.0,0.0,0.0,0.0,0.0,0.0,0.0,0.0,0.0,0.0,0.0,0.0,0.0,0.0,0.0,0.0,0.0,0.0,0.0
2017-05-31 00:36:00+02:00,0.0,0.0,0.0,0.0,0.0,0.0,0.0,0.0,0.0,0.0,0.0,0.0,0.0,0.0,0.0,0.0,0.0,0.0,0.0,0.0,0.0,0.0,0.0,0.0,0.0,0.0,0.0,0.0,0.0,0.0,0.0,0.0,0.0,0.0,0.0,0.0,0.0,0.0,0.0,0.0,0.0,0.0,0.0,0.0,0.0,0.0,0.0,0.0,0.0,0.0,0.0,0.0,0.0,0.0,0.0,0.0,0.0,0.0,0.0,0.0,0.0,0.0,0.0,0.0,0.0,0.0,0.0,0.0,0.0,0.0,0.0,0.0,0.0,0.0,0.0,0.0,0.0,0.0,0.0,0.0,0.0,0.0,0.0,0.0,0.0,0.0,0.0,0.0,0.0,0.0,0.0,0.0,0.0,0.0,0.0,0.0,0.0,0.0,0.0,0.0,0.0,0.0,0.0,0.0,0.0,0.0,0.0,0.0,0.0,0.0,0.0,0.0,0.0,0.0,0.0,0.0,0.0,0.0
2017-05-31 00:37:00+02:00,0.0,0.0,0.0,0.0,0.0,0.0,0.0,0.0,0.0,0.0,0.0,0.0,0.0,0.0,0.0,0.0,0.0,0.0,0.0,0.0,0.0,0.0,0.0,0.0,0.0,0.0,0.0,0.0,0.0,0.0,0.0,0.0,0.0,0.0,0.0,0.0,0.0,0.0,0.0,0.0,0.0,0.0,0.0,0.0,0.0,0.0,0.0,0.0,0.0,0.0,0.0,0.0,0.0,0.0,0.0,0.0,0.0,0.0,0.0,0.0,0.0,0.0,0.0,0.0,0.0,0.0,0.0,0.0,0.0,0.0,0.0,0.0,0.0,0.0,0.0,0.0,0.0,0.0,0.0,0.0,0.0,0.0,0.0,0.0,0.0,0.0,0.0,0.0,0.0,0.0,0.0,0.0,0.0,0.0,0.0,0.0,0.0,0.0,0.0,0.0,0.0,0.0,0.0,0.0,0.0,0.0,0.0,0.0,0.0,0.0,0.0,0.0,0.0,0.0,0.0,0.0,0.0,0.0
2017-05-31 00:38:00+02:00,0.0,0.0,0.0,0.0,0.0,0.0,0.0,0.0,0.0,0.0,0.0,0.0,0.0,0.0,0.0,0.0,0.0,0.0,0.0,0.0,0.0,0.0,0.0,0.0,0.0,0.0,0.0,0.0,0.0,0.0,0.0,0.0,0.0,0.0,0.0,0.0,0.0,0.0,0.0,0.0,0.0,0.0,0.0,0.0,0.0,0.0,0.0,0.0,0.0,0.0,0.0,0.0,0.0,0.0,0.0,0.0,0.0,0.0,0.0,0.0,0.0,0.0,0.0,0.0,0.0,0.0,0.0,0.0,0.0,0.0,0.0,0.0,0.0,0.0,0.0,0.0,0.0,0.0,0.0,0.0,0.0,0.0,0.0,0.0,0.0,0.0,0.0,0.0,0.0,0.0,0.0,0.0,0.0,0.0,0.0,0.0,0.0,0.0,0.0,0.0,0.0,0.0,0.0,0.0,0.0,0.0,0.0,0.0,0.0,0.0,0.0,0.0,0.0,0.0,0.0,0.0,0.0,0.0
2017-05-31 00:39:00+02:00,0.0,0.0,0.0,0.0,0.0,0.0,0.0,0.0,0.0,0.0,0.0,0.0,0.0,0.0,0.0,0.0,0.0,0.0,0.0,0.0,0.0,0.0,0.0,0.0,0.0,0.0,0.0,0.0,0.0,0.0,0.0,0.0,0.0,0.0,0.0,0.0,0.0,0.0,0.0,0.0,0.0,0.0,0.0,0.0,0.0,0.0,0.0,0.0,0.0,0.0,0.0,0.0,0.0,0.0,0.0,0.0,0.0,0.0,0.0,0.0,0.0,0.0,0.0,0.0,0.0,0.0,0.0,0.0,0.0,0.0,0.0,0.0,0.0,0.0,0.0,0.0,0.0,0.0,0.0,0.0,0.0,0.0,0.0,0.0,0.0,0.0,0.0,0.0,0.0,0.0,0.0,0.0,0.0,0.0,0.0,0.0,0.0,0.0,0.0,0.0,0.0,0.0,0.0,0.0,0.0,0.0,0.0,0.0,0.0,0.0,0.0,0.0,0.0,0.0,0.0,0.0,0.0,0.0
2017-05-31 00:40:00+02:00,0.0,0.0,0.0,0.0,0.0,0.0,0.0,0.0,0.0,0.0,0.0,0.0,0.0,0.0,0.0,0.0,0.0,0.0,0.0,0.0,0.0,0.0,0.0,0.0,0.0,0.0,0.0,0.0,0.0,0.0,0.0,0.0,0.0,0.0,0.0,0.0,0.0,0.0,0.0,0.0,0.0,0.0,0.0,0.0,0.0,0.0,0.0,0.0,0.0,0.0,0.0,0.0,0.0,0.0,0.0,0.0,0.0,0.0,0.0,0.0,0.0,0.0,0.0,0.0,0.0,0.0,0.0,0.0,0.0,0.0,0.0,0.0,0.0,0.0,0.0,0.0,0.0,0.0,0.0,0.0,0.0,0.0,0.0,0.0,0.0,0.0,0.0,0.0,0.0,0.0,0.0,0.0,0.0,0.0,0.0,0.0,0.0,0.0,0.0,0.0,0.0,0.0,0.0,0.0,0.0,0.0,0.0,0.0,0.0,0.0,0.0,0.0,0.0,0.0,0.0,0.0,0.0,0.0
2017-05-31 00:41:00+02:00,0.0,0.0,0.0,0.0,0.0,0.0,0.0,0.0,0.0,0.0,0.0,0.0,0.0,0.0,0.0,0.0,0.0,0.0,0.0,0.0,0.0,0.0,0.0,0.0,0.0,0.0,0.0,0.0,0.0,0.0,0.0,0.0,0.0,0.0,0.0,0.0,0.0,0.0,0.0,0.0,0.0,0.0,0.0,0.0,0.0,0.0,0.0,0.0,0.0,0.0,0.0,0.0,0.0,0.0,0.0,0.0,0.0,0.0,0.0,0.0,0.0,0.0,0.0,0.0,0.0,0.0,0.0,0.0,0.0,0.0,0.0,0.0,0.0,0.0,0.0,0.0,0.0,0.0,0.0,0.0,0.0,0.0,0.0,0.0,0.0,0.0,0.0,0.0,0.0,0.0,0.0,0.0,0.0,0.0,0.0,0.0,0.0,0.0,0.0,0.0,0.0,0.0,0.0,0.0,0.0,0.0,0.0,0.0,0.0,0.0,0.0,0.0,0.0,0.0,0.0,0.0,0.0,0.0
2017-05-31 00:42:00+02:00,0.0,0.0,0.0,0.0,0.0,0.0,0.0,0.0,0.0,0.0,0.0,0.0,0.0,0.0,0.0,0.0,0.0,0.0,0.0,0.0,0.0,0.0,0.0,0.0,0.0,0.0,0.0,0.0,0.0,0.0,0.0,0.0,0.0,0.0,0.0,0.0,0.0,0.0,0.0,0.0,0.0,0.0,0.0,0.0,0.0,0.0,0.0,0.0,0.0,0.0,0.0,0.0,0.0,0.0,0.0,0.0,0.0,0.0,0.0,0.0,0.0,0.0,0.0,0.0,0.0,0.0,0.0,0.0,0.0,0.0,0.0,0.0,0.0,0.0,0.0,0.0,0.0,0.0,0.0,0.0,0.0,0.0,0.0,0.0,0.0,0.0,0.0,0.0,0.0,0.0,0.0,0.0,0.0,0.0,0.0,0.0,0.0,0.0,0.0,0.0,0.0,0.0,0.0,0.0,0.0,0.0,0.0,0.0,0.0,0.0,0.0,0.0,0.0,0.0,0.0,0.0,0.0,0.0
2017-05-31 00:43:00+02:00,0.0,0.0,0.0,0.0,0.0,0.0,0.0,0.0,0.0,0.0,0.0,0.0,0.0,0.0,0.0,0.0,0.0,0.0,0.0,0.0,0.0,0.0,0.0,0.0,0.0,0.0,0.0,0.0,0.0,0.0,0.0,0.0,0.0,0.0,0.0,0.0,0.0,0.0,0.0,0.0,0.0,0.0,0.0,0.0,0.0,0.0,0.0,0.0,0.0,0.0,0.0,0.0,0.0,0.0,0.0,0.0,0.0,0.0,0.0,0.0,0.0,0.0,0.0,0.0,0.0,0.0,0.0,0.0,0.0,0.0,0.0,0.0,0.0,0.0,0.0,0.0,0.0,0.0,0.0,0.0,0.0,0.0,0.0,0.0,0.0,0.0,0.0,0.0,0.0,0.0,0.0,0.0,0.0,0.0,0.0,0.0,0.0,0.0,0.0,0.0,0.0,0.0,0.0,0.0,0.0,0.0,0.0,0.0,0.0,0.0,0.0,0.0,0.0,0.0,0.0,0.0,0.0,0.0
2017-05-31 00:44:00+02:00,0.0,0.0,0.0,0.0,0.0,0.0,0.0,0.0,0.0,0.0,0.0,0.0,0.0,0.0,0.0,0.0,0.0,0.0,0.0,0.0,0.0,0.0,0.0,0.0,0.0,0.0,0.0,0.0,0.0,0.0,0.0,0.0,0.0,0.0,0.0,0.0,0.0,0.0,0.0,0.0,0.0,0.0,0.0,0.0,0.0,0.0,0.0,0.0,0.0,0.0,0.0,0.0,0.0,0.0,0.0,0.0,0.0,0.0,0.0,0.0,0.0,0.0,0.0,0.0,0.0,0.0,0.0,0.0,0.0,0.0,0.0,0.0,0.0,0.0,0.0,0.0,0.0,0.0,0.0,0.0,0.0,0.0,0.0,0.0,0.0,0.0,0.0,0.0,0.0,0.0,0.0,0.0,0.0,0.0,0.0,0.0,0.0,0.0,0.0,0.0,0.0,0.0,0.0,0.0,0.0,0.0,0.0,0.0,0.0,0.0,0.0,0.0,0.0,0.0,0.0,0.0,0.0,0.0
2017-05-31 00:45:00+02:00,0.0,0.0,0.0,0.0,0.0,0.0,0.0,0.0,0.0,0.0,0.0,0.0,0.0,0.0,0.0,0.0,0.0,0.0,0.0,0.0,0.0,0.0,0.0,0.0,0.0,0.0,0.0,0.0,0.0,0.0,0.0,0.0,0.0,0.0,0.0,0.0,0.0,0.0,0.0,0.0,0.0,0.0,0.0,0.0,0.0,0.0,0.0,0.0,0.0,0.0,0.0,0.0,0.0,0.0,0.0,0.0,0.0,0.0,0.0,0.0,0.0,0.0,0.0,0.0,0.0,0.0,0.0,0.0,0.0,0.0,0.0,0.0,0.0,0.0,0.0,0.0,0.0,0.0,0.0,0.0,0.0,0.0,0.0,0.0,0.0,0.0,0.0,0.0,0.0,0.0,0.0,0.0,0.0,0.0,0.0,0.0,0.0,0.0,0.0,0.0,0.0,0.0,0.0,0.0,0.0,0.0,0.0,0.0,0.0,0.0,0.0,0.0,0.0,0.0,0.0,0.0,0.0,0.0
2017-05-31 00:46:00+02:00,0.0,0.0,0.0,0.0,0.0,0.0,0.0,0.0,0.0,0.0,0.0,0.0,0.0,0.0,0.0,0.0,0.0,0.0,0.0,0.0,0.0,0.0,0.0,0.0,0.0,0.0,0.0,0.0,0.0,0.0,0.0,0.0,0.0,0.0,0.0,0.0,0.0,0.0,0.0,0.0,0.0,0.0,0.0,0.0,0.0,0.0,0.0,0.0,0.0,0.0,0.0,0.0,0.0,0.0,0.0,0.0,0.0,0.0,0.0,0.0,0.0,0.0,0.0,0.0,0.0,0.0,0.0,0.0,0.0,0.0,0.0,0.0,0.0,0.0,0.0,0.0,0.0,0.0,0.0,0.0,0.0,0.0,0.0,0.0,0.0,0.0,0.0,0.0,0.0,0.0,0.0,0.0,0.0,0.0,0.0,0.0,0.0,0.0,0.0,0.0,0.0,0.0,0.0,0.0,0.0,0.0,0.0,0.0,0.0,0.0,0.0,0.0,0.0,0.0,0.0,0.0,0.0,0.0
2017-05-31 00:47:00+02:00,0.0,0.0,0.0,0.0,0.0,0.0,0.0,0.0,0.0,0.0,0.0,0.0,0.0,0.0,0.0,0.0,0.0,0.0,0.0,0.0,0.0,0.0,0.0,0.0,0.0,0.0,0.0,0.0,0.0,0.0,0.0,0.0,0.0,0.0,0.0,0.0,0.0,0.0,0.0,0.0,0.0,0.0,0.0,0.0,0.0,0.0,0.0,0.0,0.0,0.0,0.0,0.0,0.0,0.0,0.0,0.0,0.0,0.0,0.0,0.0,0.0,0.0,0.0,0.0,0.0,0.0,0.0,0.0,0.0,0.0,0.0,0.0,0.0,0.0,0.0,0.0,0.0,0.0,0.0,0.0,0.0,0.0,0.0,0.0,0.0,0.0,0.0,0.0,0.0,0.0,0.0,0.0,0.0,0.0,0.0,0.0,0.0,0.0,0.0,0.0,0.0,0.0,0.0,0.0,0.0,0.0,0.0,0.0,0.0,0.0,0.0,0.0,0.0,0.0,0.0,0.0,0.0,0.0
2017-05-31 00:48:00+02:00,0.0,0.0,0.0,0.0,0.0,0.0,0.0,0.0,0.0,0.0,0.0,0.0,0.0,0.0,0.0,0.0,0.0,0.0,0.0,0.0,0.0,0.0,0.0,0.0,0.0,0.0,0.0,0.0,0.0,0.0,0.0,0.0,0.0,0.0,0.0,0.0,0.0,0.0,0.0,0.0,0.0,0.0,0.0,0.0,0.0,0.0,0.0,0.0,0.0,0.0,0.0,0.0,0.0,0.0,0.0,0.0,0.0,0.0,0.0,0.0,0.0,0.0,0.0,0.0,0.0,0.0,0.0,0.0,0.0,0.0,0.0,0.0,0.0,0.0,0.0,0.0,0.0,0.0,0.0,0.0,0.0,0.0,0.0,0.0,0.0,0.0,0.0,0.0,0.0,0.0,0.0,0.0,0.0,0.0,0.0,0.0,0.0,0.0,0.0,0.0,0.0,0.0,0.0,0.0,0.0,0.0,0.0,0.0,0.0,0.0,0.0,0.0,0.0,0.0,0.0,0.0,0.0,0.0
2017-05-31 00:49:00+02:00,0.0,0.0,0.0,0.0,0.0,0.0,0.0,0.0,0.0,0.0,0.0,0.0,0.0,0.0,0.0,0.0,0.0,0.0,0.0,0.0,0.0,0.0,0.0,0.0,0.0,0.0,0.0,0.0,0.0,0.0,0.0,0.0,0.0,0.0,0.0,0.0,0.0,0.0,0.0,0.0,0.0,0.0,0.0,0.0,0.0,0.0,0.0,0.0,0.0,0.0,0.0,0.0,0.0,0.0,0.0,0.0,0.0,0.0,0.0,0.0,0.0,0.0,0.0,0.0,0.0,0.0,0.0,0.0,0.0,0.0,0.0,0.0,0.0,0.0,0.0,0.0,0.0,0.0,0.0,0.0,0.0,0.0,0.0,0.0,0.0,0.0,0.0,0.0,0.0,0.0,0.0,0.0,0.0,0.0,0.0,0.0,0.0,0.0,0.0,0.0,0.0,0.0,0.0,0.0,0.0,0.0,0.0,0.0,0.0,0.0,0.0,0.0,0.0,0.0,0.0,0.0,0.0,0.0
2017-05-31 00:50:00+02:00,0.0,0.0,0.0,0.0,0.0,0.0,0.0,0.0,0.0,0.0,0.0,0.0,0.0,0.0,0.0,0.0,0.0,0.0,0.0,0.0,0.0,0.0,0.0,0.0,0.0,0.0,0.0,0.0,0.0,0.0,0.0,0.0,0.0,0.0,0.0,0.0,0.0,0.0,0.0,0.0,0.0,0.0,0.0,0.0,0.0,0.0,0.0,0.0,0.0,0.0,0.0,0.0,0.0,0.0,0.0,0.0,0.0,0.0,0.0,0.0,0.0,0.0,0.0,0.0,0.0,0.0,0.0,0.0,0.0,0.0,0.0,0.0,0.0,0.0,0.0,0.0,0.0,0.0,0.0,0.0,0.0,0.0,0.0,0.0,0.0,0.0,0.0,0.0,0.0,0.0,0.0,0.0,0.0,0.0,0.0,0.0,0.0,0.0,0.0,0.0,0.0,0.0,0.0,0.0,0.0,0.0,0.0,0.0,0.0,0.0,0.0,0.0,0.0,0.0,0.0,0.0,0.0,0.0
2017-05-31 00:51:00+02:00,0.0,0.0,0.0,0.0,0.0,0.0,0.0,0.0,0.0,0.0,0.0,0.0,0.0,0.0,0.0,0.0,0.0,0.0,0.0,0.0,0.0,0.0,0.0,0.0,0.0,0.0,0.0,0.0,0.0,0.0,0.0,0.0,0.0,0.0,0.0,0.0,0.0,0.0,0.0,0.0,0.0,0.0,0.0,0.0,0.0,0.0,0.0,0.0,0.0,0.0,0.0,0.0,0.0,0.0,0.0,0.0,0.0,0.0,0.0,0.0,0.0,0.0,0.0,0.0,0.0,0.0,0.0,0.0,0.0,0.0,0.0,0.0,0.0,0.0,0.0,0.0,0.0,0.0,0.0,0.0,0.0,0.0,0.0,0.0,0.0,0.0,0.0,0.0,0.0,0.0,0.0,0.0,0.0,0.0,0.0,0.0,0.0,0.0,0.0,0.0,0.0,0.0,0.0,0.0,0.0,0.0,0.0,0.0,0.0,0.0,0.0,0.0,0.0,0.0,0.0,0.0,0.0,0.0
2017-05-31 00:52:00+02:00,0.0,0.0,0.0,0.0,0.0,0.0,0.0,0.0,0.0,0.0,0.0,0.0,0.0,0.0,0.0,0.0,0.0,0.0,0.0,0.0,0.0,0.0,0.0,0.0,0.0,0.0,0.0,0.0,0.0,0.0,0.0,0.0,0.0,0.0,0.0,0.0,0.0,0.0,0.0,0.0,0.0,0.0,0.0,0.0,0.0,0.0,0.0,0.0,0.0,0.0,0.0,0.0,0.0,0.0,0.0,0.0,0.0,0.0,0.0,0.0,0.0,0.0,0.0,0.0,0.0,0.0,0.0,0.0,0.0,0.0,0.0,0.0,0.0,0.0,0.0,0.0,0.0,0.0,0.0,0.0,0.0,0.0,0.0,0.0,0.0,0.0,0.0,0.0,0.0,0.0,0.0,0.0,0.0,0.0,0.0,0.0,0.0,0.0,0.0,0.0,0.0,0.0,0.0,0.0,0.0,0.0,0.0,0.0,0.0,0.0,0.0,0.0,0.0,0.0,0.0,0.0,0.0,0.0
2017-05-31 00:53:00+02:00,0.0,0.0,0.0,0.0,0.0,0.0,0.0,0.0,0.0,0.0,0.0,0.0,0.0,0.0,0.0,0.0,0.0,0.0,0.0,0.0,0.0,0.0,0.0,0.0,0.0,0.0,0.0,0.0,0.0,0.0,0.0,0.0,0.0,0.0,0.0,0.0,0.0,0.0,0.0,0.0,0.0,0.0,0.0,0.0,0.0,0.0,0.0,0.0,0.0,0.0,0.0,0.0,0.0,0.0,0.0,0.0,0.0,0.0,0.0,0.0,0.0,0.0,0.0,0.0,0.0,0.0,0.0,0.0,0.0,0.0,0.0,0.0,0.0,0.0,0.0,0.0,0.0,0.0,0.0,0.0,0.0,0.0,0.0,0.0,0.0,0.0,0.0,0.0,0.0,0.0,0.0,0.0,0.0,0.0,0.0,0.0,0.0,0.0,0.0,0.0,0.0,0.0,0.0,0.0,0.0,0.0,0.0,0.0,0.0,0.0,0.0,0.0,0.0,0.0,0.0,0.0,0.0,0.0
2017-05-31 00:54:00+02:00,0.0,0.0,0.0,0.0,0.0,0.0,0.0,0.0,0.0,0.0,0.0,0.0,0.0,0.0,0.0,0.0,0.0,0.0,0.0,0.0,0.0,0.0,0.0,0.0,0.0,0.0,0.0,0.0,0.0,0.0,0.0,0.0,0.0,0.0,0.0,0.0,0.0,0.0,0.0,0.0,0.0,0.0,0.0,0.0,0.0,0.0,0.0,0.0,0.0,0.0,0.0,0.0,0.0,0.0,0.0,0.0,0.0,0.0,0.0,0.0,0.0,0.0,0.0,0.0,0.0,0.0,0.0,0.0,0.0,0.0,0.0,0.0,0.0,0.0,0.0,0.0,0.0,0.0,0.0,0.0,0.0,0.0,0.0,0.0,0.0,0.0,0.0,0.0,0.0,0.0,0.0,0.0,0.0,0.0,0.0,0.0,0.0,0.0,0.0,0.0,0.0,0.0,0.0,0.0,0.0,0.0,0.0,0.0,0.0,0.0,0.0,0.0,0.0,0.0,0.0,0.0,0.0,0.0
2017-05-31 00:55:00+02:00,0.0,0.0,0.0,0.0,0.0,0.0,0.0,0.0,0.0,0.0,0.0,0.0,0.0,0.0,0.0,0.0,0.0,0.0,0.0,0.0,0.0,0.0,0.0,0.0,0.0,0.0,0.0,0.0,0.0,0.0,0.0,0.0,0.0,0.0,0.0,0.0,0.0,0.0,0.0,0.0,0.0,0.0,0.0,0.0,0.0,0.0,0.0,0.0,0.0,0.0,0.0,0.0,0.0,0.0,0.0,0.0,0.0,0.0,0.0,0.0,0.0,0.0,0.0,0.0,0.0,0.0,0.0,0.0,0.0,0.0,0.0,0.0,0.0,0.0,0.0,0.0,0.0,0.0,0.0,0.0,0.0,0.0,0.0,0.0,0.0,0.0,0.0,0.0,0.0,0.0,0.0,0.0,0.0,0.0,0.0,0.0,0.0,0.0,0.0,0.0,0.0,0.0,0.0,0.0,0.0,0.0,0.0,0.0,0.0,0.0,0.0,0.0,0.0,0.0,0.0,0.0,0.0,0.0
2017-05-31 00:56:00+02:00,0.0,0.0,0.0,0.0,0.0,0.0,0.0,0.0,0.0,0.0,0.0,0.0,0.0,0.0,0.0,0.0,0.0,0.0,0.0,0.0,0.0,0.0,0.0,0.0,0.0,0.0,0.0,0.0,0.0,0.0,0.0,0.0,0.0,0.0,0.0,0.0,0.0,0.0,0.0,0.0,0.0,0.0,0.0,0.0,0.0,0.0,0.0,0.0,0.0,0.0,0.0,0.0,0.0,0.0,0.0,0.0,0.0,0.0,0.0,0.0,0.0,0.0,0.0,0.0,0.0,0.0,0.0,0.0,0.0,0.0,0.0,0.0,0.0,0.0,0.0,0.0,0.0,0.0,0.0,0.0,0.0,0.0,0.0,0.0,0.0,0.0,0.0,0.0,0.0,0.0,0.0,0.0,0.0,0.0,0.0,0.0,0.0,0.0,0.0,0.0,0.0,0.0,0.0,0.0,0.0,0.0,0.0,0.0,0.0,0.0,0.0,0.0,0.0,0.0,0.0,0.0,0.0,0.0
2017-05-31 00:57:00+02:00,0.0,0.0,0.0,0.0,0.0,0.0,0.0,0.0,0.0,0.0,0.0,0.0,0.0,0.0,0.0,0.0,0.0,0.0,0.0,0.0,0.0,0.0,0.0,0.0,0.0,0.0,0.0,0.0,0.0,0.0,0.0,0.0,0.0,0.0,0.0,0.0,0.0,0.0,0.0,0.0,0.0,0.0,0.0,0.0,0.0,0.0,0.0,0.0,0.0,0.0,0.0,0.0,0.0,0.0,0.0,0.0,0.0,0.0,0.0,0.0,0.0,0.0,0.0,0.0,0.0,0.0,0.0,0.0,0.0,0.0,0.0,0.0,0.0,0.0,0.0,0.0,0.0,0.0,0.0,0.0,0.0,0.0,0.0,0.0,0.0,0.0,0.0,0.0,0.0,0.0,0.0,0.0,0.0,0.0,0.0,0.0,0.0,0.0,0.0,0.0,0.0,0.0,0.0,0.0,0.0,0.0,0.0,0.0,0.0,0.0,0.0,0.0,0.0,0.0,0.0,0.0,0.0,0.0
2017-05-31 00:58:00+02:00,0.0,0.0,0.0,0.0,0.0,0.0,0.0,0.0,0.0,0.0,0.0,0.0,0.0,0.0,0.0,0.0,0.0,0.0,0.0,0.0,0.0,0.0,0.0,0.0,0.0,0.0,0.0,0.0,0.0,0.0,0.0,0.0,0.0,0.0,0.0,0.0,0.0,0.0,0.0,0.0,0.0,0.0,0.0,0.0,0.0,0.0,0.0,0.0,0.0,0.0,0.0,0.0,0.0,0.0,0.0,0.0,0.0,0.0,0.0,0.0,0.0,0.0,0.0,0.0,0.0,0.0,0.0,0.0,0.0,0.0,0.0,0.0,0.0,0.0,0.0,0.0,0.0,0.0,0.0,0.0,0.0,0.0,0.0,0.0,0.0,0.0,0.0,0.0,0.0,0.0,0.0,0.0,0.0,0.0,0.0,0.0,0.0,0.0,0.0,0.0,0.0,0.0,0.0,0.0,0.0,0.0,0.0,0.0,0.0,0.0,0.0,0.0,0.0,0.0,0.0,0.0,0.0,0.0
2017-05-31 00:59:00+02:00,0.0,0.0,0.0,0.0,0.0,0.0,0.0,0.0,0.0,0.0,0.0,0.0,0.0,0.0,0.0,0.0,0.0,0.0,0.0,0.0,0.0,0.0,0.0,0.0,0.0,0.0,0.0,0.0,0.0,0.0,0.0,0.0,0.0,0.0,0.0,0.0,0.0,0.0,0.0,0.0,0.0,0.0,0.0,0.0,0.0,0.0,0.0,0.0,0.0,0.0,0.0,0.0,0.0,0.0,0.0,0.0,0.0,0.0,0.0,0.0,0.0,0.0,0.0,0.0,0.0,0.0,0.0,0.0,0.0,0.0,0.0,0.0,0.0,0.0,0.0,0.0,0.0,0.0,0.0,0.0,0.0,0.0,0.0,0.0,0.0,0.0,0.0,0.0,0.0,0.0,0.0,0.0,0.0,0.0,0.0,0.0,0.0,0.0,0.0,0.0,0.0,0.0,0.0,0.0,0.0,0.0,0.0,0.0,0.0,0.0,0.0,0.0,0.0,0.0,0.0,0.0,0.0,0.0
2017-05-31 01:00:00+02:00,0.0,0.0,0.0,0.0,0.0,0.0,0.0,0.0,0.0,0.0,0.0,0.0,0.0,0.0,0.0,0.0,0.0,0.0,0.0,0.0,0.0,0.0,0.0,0.0,0.0,0.0,0.0,0.0,0.0,0.0,0.0,0.0,0.0,0.0,0.0,0.0,0.0,0.0,0.0,0.0,0.0,0.0,0.0,0.0,0.0,0.0,0.0,0.0,0.0,0.0,0.0,0.0,0.0,0.0,0.0,0.0,0.0,0.0,0.0,0.0,0.0,0.0,0.0,0.0,0.0,0.0,0.0,0.0,0.0,0.0,0.0,0.0,0.0,0.0,0.0,0.0,0.0,0.0,0.0,0.0,0.0,0.0,0.0,0.0,0.0,0.0,0.0,0.0,0.0,0.0,0.0,0.0,0.0,0.0,0.0,0.0,0.0,0.0,0.0,0.0,0.0,0.0,0.0,0.0,0.0,0.0,0.0,0.0,0.0,0.0,0.0,0.0,0.0,0.0,0.0,0.0,0.0,0.0
2017-05-31 01:01:00+02:00,0.0,0.0,0.0,0.0,0.0,0.0,0.0,0.0,0.0,0.0,0.0,0.0,0.0,0.0,0.0,0.0,0.0,0.0,0.0,0.0,0.0,0.0,0.0,0.0,0.0,0.0,0.0,0.0,0.0,0.0,0.0,0.0,0.0,0.0,0.0,0.0,0.0,0.0,0.0,0.0,0.0,0.0,0.0,0.0,0.0,0.0,0.0,0.0,0.0,0.0,0.0,0.0,0.0,0.0,0.0,0.0,0.0,0.0,0.0,0.0,0.0,0.0,0.0,0.0,0.0,0.0,0.0,0.0,0.0,0.0,0.0,0.0,0.0,0.0,0.0,0.0,0.0,0.0,0.0,0.0,0.0,0.0,0.0,0.0,0.0,0.0,0.0,0.0,0.0,0.0,0.0,0.0,0.0,0.0,0.0,0.0,0.0,0.0,0.0,0.0,0.0,0.0,0.0,0.0,0.0,0.0,0.0,0.0,0.0,0.0,0.0,0.0,0.0,0.0,0.0,0.0,0.0,0.0
2017-05-31 01:02:00+02:00,0.0,0.0,0.0,0.0,0.0,0.0,0.0,0.0,0.0,0.0,0.0,0.0,0.0,0.0,0.0,0.0,0.0,0.0,0.0,0.0,0.0,0.0,0.0,0.0,0.0,0.0,0.0,0.0,0.0,0.0,0.0,0.0,0.0,0.0,0.0,0.0,0.0,0.0,0.0,0.0,0.0,0.0,0.0,0.0,0.0,0.0,0.0,0.0,0.0,0.0,0.0,0.0,0.0,0.0,0.0,0.0,0.0,0.0,0.0,0.0,0.0,0.0,0.0,0.0,0.0,0.0,0.0,0.0,0.0,0.0,0.0,0.0,0.0,0.0,0.0,0.0,0.0,0.0,0.0,0.0,0.0,0.0,0.0,0.0,0.0,0.0,0.0,0.0,0.0,0.0,0.0,0.0,0.0,0.0,0.0,0.0,0.0,0.0,0.0,0.0,0.0,0.0,0.0,0.0,0.0,0.0,0.0,0.0,0.0,0.0,0.0,0.0,0.0,0.0,0.0,0.0,0.0,0.0
2017-05-31 01:03:00+02:00,0.0,0.0,0.0,0.0,0.0,0.0,0.0,0.0,0.0,0.0,0.0,0.0,0.0,0.0,0.0,0.0,0.0,0.0,0.0,0.0,0.0,0.0,0.0,0.0,0.0,0.0,0.0,0.0,0.0,0.0,0.0,0.0,0.0,0.0,0.0,0.0,0.0,0.0,0.0,0.0,0.0,0.0,0.0,0.0,0.0,0.0,0.0,0.0,0.0,0.0,0.0,0.0,0.0,0.0,0.0,0.0,0.0,0.0,0.0,0.0,0.0,0.0,0.0,0.0,0.0,0.0,0.0,0.0,0.0,0.0,0.0,0.0,0.0,0.0,0.0,0.0,0.0,0.0,0.0,0.0,0.0,0.0,0.0,0.0,0.0,0.0,0.0,0.0,0.0,0.0,0.0,0.0,0.0,0.0,0.0,0.0,0.0,0.0,0.0,0.0,0.0,0.0,0.0,0.0,0.0,0.0,0.0,0.0,0.0,0.0,0.0,0.0,0.0,0.0,0.0,0.0,0.0,0.0
2017-05-31 01:04:00+02:00,0.0,0.0,0.0,0.0,0.0,0.0,0.0,0.0,0.0,0.0,0.0,0.0,0.0,0.0,0.0,0.0,0.0,0.0,0.0,0.0,0.0,0.0,0.0,0.0,0.0,0.0,0.0,0.0,0.0,0.0,0.0,0.0,0.0,0.0,0.0,0.0,0.0,0.0,0.0,0.0,0.0,0.0,0.0,0.0,0.0,0.0,0.0,0.0,0.0,0.0,0.0,0.0,0.0,0.0,0.0,0.0,0.0,0.0,0.0,0.0,0.0,0.0,0.0,0.0,0.0,0.0,0.0,0.0,0.0,0.0,0.0,0.0,0.0,0.0,0.0,0.0,0.0,0.0,0.0,0.0,0.0,0.0,0.0,0.0,0.0,0.0,0.0,0.0,0.0,0.0,0.0,0.0,0.0,0.0,0.0,0.0,0.0,0.0,0.0,0.0,0.0,0.0,0.0,0.0,0.0,0.0,0.0,0.0,0.0,0.0,0.0,0.0,0.0,0.0,0.0,0.0,0.0,0.0
2017-05-31 01:05:00+02:00,0.0,0.0,0.0,0.0,0.0,0.0,0.0,0.0,0.0,0.0,0.0,0.0,0.0,0.0,0.0,0.0,0.0,0.0,0.0,0.0,0.0,0.0,0.0,0.0,0.0,0.0,0.0,0.0,0.0,0.0,0.0,0.0,0.0,0.0,0.0,0.0,0.0,0.0,0.0,0.0,0.0,0.0,0.0,0.0,0.0,0.0,0.0,0.0,0.0,0.0,0.0,0.0,0.0,0.0,0.0,0.0,0.0,0.0,0.0,0.0,0.0,0.0,0.0,0.0,0.0,0.0,0.0,0.0,0.0,0.0,0.0,0.0,0.0,0.0,0.0,0.0,0.0,0.0,0.0,0.0,0.0,0.0,0.0,0.0,0.0,0.0,0.0,0.0,0.0,0.0,0.0,0.0,0.0,0.0,0.0,0.0,0.0,0.0,0.0,0.0,0.0,0.0,0.0,0.0,0.0,0.0,0.0,0.0,0.0,0.0,0.0,0.0,0.0,0.0,0.0,0.0,0.0,0.0
2017-05-31 01:06:00+02:00,0.0,0.0,0.0,0.0,0.0,0.0,0.0,0.0,0.0,0.0,0.0,0.0,0.0,0.0,0.0,0.0,0.0,0.0,0.0,0.0,0.0,0.0,0.0,0.0,0.0,0.0,0.0,0.0,0.0,0.0,0.0,0.0,0.0,0.0,0.0,0.0,0.0,0.0,0.0,0.0,0.0,0.0,0.0,0.0,0.0,0.0,0.0,0.0,0.0,0.0,0.0,0.0,0.0,0.0,0.0,0.0,0.0,0.0,0.0,0.0,0.0,0.0,0.0,0.0,0.0,0.0,0.0,0.0,0.0,0.0,0.0,0.0,0.0,0.0,0.0,0.0,0.0,0.0,0.0,0.0,0.0,0.0,0.0,0.0,0.0,0.0,0.0,0.0,0.0,0.0,0.0,0.0,0.0,0.0,0.0,0.0,0.0,0.0,0.0,0.0,0.0,0.0,0.0,0.0,0.0,0.0,0.0,0.0,0.0,0.0,0.0,0.0,0.0,0.0,0.0,0.0,0.0,0.0
2017-05-31 01:07:00+02:00,0.0,0.0,0.0,0.0,0.0,0.0,0.0,0.0,0.0,0.0,0.0,0.0,0.0,0.0,0.0,0.0,0.0,0.0,0.0,0.0,0.0,0.0,0.0,0.0,0.0,0.0,0.0,0.0,0.0,0.0,0.0,0.0,0.0,0.0,0.0,0.0,0.0,0.0,0.0,0.0,0.0,0.0,0.0,0.0,0.0,0.0,0.0,0.0,0.0,0.0,0.0,0.0,0.0,0.0,0.0,0.0,0.0,0.0,0.0,0.0,0.0,0.0,0.0,0.0,0.0,0.0,0.0,0.0,0.0,0.0,0.0,0.0,0.0,0.0,0.0,0.0,0.0,0.0,0.0,0.0,0.0,0.0,0.0,0.0,0.0,0.0,0.0,0.0,0.0,0.0,0.0,0.0,0.0,0.0,0.0,0.0,0.0,0.0,0.0,0.0,0.0,0.0,0.0,0.0,0.0,0.0,0.0,0.0,0.0,0.0,0.0,0.0,0.0,0.0,0.0,0.0,0.0,0.0
2017-05-31 01:08:00+02:00,0.0,0.0,0.0,0.0,0.0,0.0,0.0,0.0,0.0,0.0,0.0,0.0,0.0,0.0,0.0,0.0,0.0,0.0,0.0,0.0,0.0,0.0,0.0,0.0,0.0,0.0,0.0,0.0,0.0,0.0,0.0,0.0,0.0,0.0,0.0,0.0,0.0,0.0,0.0,0.0,0.0,0.0,0.0,0.0,0.0,0.0,0.0,0.0,0.0,0.0,0.0,0.0,0.0,0.0,0.0,0.0,0.0,0.0,0.0,0.0,0.0,0.0,0.0,0.0,0.0,0.0,0.0,0.0,0.0,0.0,0.0,0.0,0.0,0.0,0.0,0.0,0.0,0.0,0.0,0.0,0.0,0.0,0.0,0.0,0.0,0.0,0.0,0.0,0.0,0.0,0.0,0.0,0.0,0.0,0.0,0.0,0.0,0.0,0.0,0.0,0.0,0.0,0.0,0.0,0.0,0.0,0.0,0.0,0.0,0.0,0.0,0.0,0.0,0.0,0.0,0.0,0.0,0.0
2017-05-31 01:09:00+02:00,0.0,0.0,0.0,0.0,0.0,0.0,0.0,0.0,0.0,0.0,0.0,0.0,0.0,0.0,0.0,0.0,0.0,0.0,0.0,0.0,0.0,0.0,0.0,0.0,0.0,0.0,0.0,0.0,0.0,0.0,0.0,0.0,0.0,0.0,0.0,0.0,0.0,0.0,0.0,0.0,0.0,0.0,0.0,0.0,0.0,0.0,0.0,0.0,0.0,0.0,0.0,0.0,0.0,0.0,0.0,0.0,0.0,0.0,0.0,0.0,0.0,0.0,0.0,0.0,0.0,0.0,0.0,0.0,0.0,0.0,0.0,0.0,0.0,0.0,0.0,0.0,0.0,0.0,0.0,0.0,0.0,0.0,0.0,0.0,0.0,0.0,0.0,0.0,0.0,0.0,0.0,0.0,0.0,0.0,0.0,0.0,0.0,0.0,0.0,0.0,0.0,0.0,0.0,0.0,0.0,0.0,0.0,0.0,0.0,0.0,0.0,0.0,0.0,0.0,0.0,0.0,0.0,0.0
2017-05-31 01:10:00+02:00,0.0,0.0,0.0,0.0,0.0,0.0,0.0,0.0,0.0,0.0,0.0,0.0,0.0,0.0,0.0,0.0,0.0,0.0,0.0,0.0,0.0,0.0,0.0,0.0,0.0,0.0,0.0,0.0,0.0,0.0,0.0,0.0,0.0,0.0,0.0,0.0,0.0,0.0,0.0,0.0,0.0,0.0,0.0,0.0,0.0,0.0,0.0,0.0,0.0,0.0,0.0,0.0,0.0,0.0,0.0,0.0,0.0,0.0,0.0,0.0,0.0,0.0,0.0,0.0,0.0,0.0,0.0,0.0,0.0,0.0,0.0,0.0,0.0,0.0,0.0,0.0,0.0,0.0,0.0,0.0,0.0,0.0,0.0,0.0,0.0,0.0,0.0,0.0,0.0,0.0,0.0,0.0,0.0,0.0,0.0,0.0,0.0,0.0,0.0,0.0,0.0,0.0,0.0,0.0,0.0,0.0,0.0,0.0,0.0,0.0,0.0,0.0,0.0,0.0,0.0,0.0,0.0,0.0
2017-05-31 01:11:00+02:00,0.0,0.0,0.0,0.0,0.0,0.0,0.0,0.0,0.0,0.0,0.0,0.0,0.0,0.0,0.0,0.0,0.0,0.0,0.0,0.0,0.0,0.0,0.0,0.0,0.0,0.0,0.0,0.0,0.0,0.0,0.0,0.0,0.0,0.0,0.0,0.0,0.0,0.0,0.0,0.0,0.0,0.0,0.0,0.0,0.0,0.0,0.0,0.0,0.0,0.0,0.0,0.0,0.0,0.0,0.0,0.0,0.0,0.0,0.0,0.0,0.0,0.0,0.0,0.0,0.0,0.0,0.0,0.0,0.0,0.0,0.0,0.0,0.0,0.0,0.0,0.0,0.0,0.0,0.0,0.0,0.0,0.0,0.0,0.0,0.0,0.0,0.0,0.0,0.0,0.0,0.0,0.0,0.0,0.0,0.0,0.0,0.0,0.0,0.0,0.0,0.0,0.0,0.0,0.0,0.0,0.0,0.0,0.0,0.0,0.0,0.0,0.0,0.0,0.0,0.0,0.0,0.0,0.0
2017-05-31 01:12:00+02:00,0.0,0.0,0.0,0.0,0.0,0.0,0.0,0.0,0.0,0.0,0.0,0.0,0.0,0.0,0.0,0.0,0.0,0.0,0.0,0.0,0.0,0.0,0.0,0.0,0.0,0.0,0.0,0.0,0.0,0.0,0.0,0.0,0.0,0.0,0.0,0.0,0.0,0.0,0.0,0.0,0.0,0.0,0.0,0.0,0.0,0.0,0.0,0.0,0.0,0.0,0.0,0.0,0.0,0.0,0.0,0.0,0.0,0.0,0.0,0.0,0.0,0.0,0.0,0.0,0.0,0.0,0.0,0.0,0.0,0.0,0.0,0.0,0.0,0.0,0.0,0.0,0.0,0.0,0.0,0.0,0.0,0.0,0.0,0.0,0.0,0.0,0.0,0.0,0.0,0.0,0.0,0.0,0.0,0.0,0.0,0.0,0.0,0.0,0.0,0.0,0.0,0.0,0.0,0.0,0.0,0.0,0.0,0.0,0.0,0.0,0.0,0.0,0.0,0.0,0.0,0.0,0.0,0.0
2017-05-31 01:13:00+02:00,0.0,0.0,0.0,0.0,0.0,0.0,0.0,0.0,0.0,0.0,0.0,0.0,0.0,0.0,0.0,0.0,0.0,0.0,0.0,0.0,0.0,0.0,0.0,0.0,0.0,0.0,0.0,0.0,0.0,0.0,0.0,0.0,0.0,0.0,0.0,0.0,0.0,0.0,0.0,0.0,0.0,0.0,0.0,0.0,0.0,0.0,0.0,0.0,0.0,0.0,0.0,0.0,0.0,0.0,0.0,0.0,0.0,0.0,0.0,0.0,0.0,0.0,0.0,0.0,0.0,0.0,0.0,0.0,0.0,0.0,0.0,0.0,0.0,0.0,0.0,0.0,0.0,0.0,0.0,0.0,0.0,0.0,0.0,0.0,0.0,0.0,0.0,0.0,0.0,0.0,0.0,0.0,0.0,0.0,0.0,0.0,0.0,0.0,0.0,0.0,0.0,0.0,0.0,0.0,0.0,0.0,0.0,0.0,0.0,0.0,0.0,0.0,0.0,0.0,0.0,0.0,0.0,0.0
2017-05-31 01:14:00+02:00,0.0,0.0,0.0,0.0,0.0,0.0,0.0,0.0,0.0,0.0,0.0,0.0,0.0,0.0,0.0,0.0,0.0,0.0,0.0,0.0,0.0,0.0,0.0,0.0,0.0,0.0,0.0,0.0,0.0,0.0,0.0,0.0,0.0,0.0,0.0,0.0,0.0,0.0,0.0,0.0,0.0,0.0,0.0,0.0,0.0,0.0,0.0,0.0,0.0,0.0,0.0,0.0,0.0,0.0,0.0,0.0,0.0,0.0,0.0,0.0,0.0,0.0,0.0,0.0,0.0,0.0,0.0,0.0,0.0,0.0,0.0,0.0,0.0,0.0,0.0,0.0,0.0,0.0,0.0,0.0,0.0,0.0,0.0,0.0,0.0,0.0,0.0,0.0,0.0,0.0,0.0,0.0,0.0,0.0,0.0,0.0,0.0,0.0,0.0,0.0,0.0,0.0,0.0,0.0,0.0,0.0,0.0,0.0,0.0,0.0,0.0,0.0,0.0,0.0,0.0,0.0,0.0,0.0
2017-05-31 01:15:00+02:00,0.0,0.0,0.0,0.0,0.0,0.0,0.0,0.0,0.0,0.0,0.0,0.0,0.0,0.0,0.0,0.0,0.0,0.0,0.0,0.0,0.0,0.0,0.0,0.0,0.0,0.0,0.0,0.0,0.0,0.0,0.0,0.0,0.0,0.0,0.0,0.0,0.0,0.0,0.0,0.0,0.0,0.0,0.0,0.0,0.0,0.0,0.0,0.0,0.0,0.0,0.0,0.0,0.0,0.0,0.0,0.0,0.0,0.0,0.0,0.0,0.0,0.0,0.0,0.0,0.0,0.0,0.0,0.0,0.0,0.0,0.0,0.0,0.0,0.0,0.0,0.0,0.0,0.0,0.0,0.0,0.0,0.0,0.0,0.0,0.0,0.0,0.0,0.0,0.0,0.0,0.0,0.0,0.0,0.0,0.0,0.0,0.0,0.0,0.0,0.0,0.0,0.0,0.0,0.0,0.0,0.0,0.0,0.0,0.0,0.0,0.0,0.0,0.0,0.0,0.0,0.0,0.0,0.0
2017-05-31 01:16:00+02:00,0.0,0.0,0.0,0.0,0.0,0.0,0.0,0.0,0.0,0.0,0.0,0.0,0.0,0.0,0.0,0.0,0.0,0.0,0.0,0.0,0.0,0.0,0.0,0.0,0.0,0.0,0.0,0.0,0.0,0.0,0.0,0.0,0.0,0.0,0.0,0.0,0.0,0.0,0.0,0.0,0.0,0.0,0.0,0.0,0.0,0.0,0.0,0.0,0.0,0.0,0.0,0.0,0.0,0.0,0.0,0.0,0.0,0.0,0.0,0.0,0.0,0.0,0.0,0.0,0.0,0.0,0.0,0.0,0.0,0.0,0.0,0.0,0.0,0.0,0.0,0.0,0.0,0.0,0.0,0.0,0.0,0.0,0.0,0.0,0.0,0.0,0.0,0.0,0.0,0.0,0.0,0.0,0.0,0.0,0.0,0.0,0.0,0.0,0.0,0.0,0.0,0.0,0.0,0.0,0.0,0.0,0.0,0.0,0.0,0.0,0.0,0.0,0.0,0.0,0.0,0.0,0.0,0.0
2017-05-31 01:17:00+02:00,0.0,0.0,0.0,0.0,0.0,0.0,0.0,0.0,0.0,0.0,0.0,0.0,0.0,0.0,0.0,0.0,0.0,0.0,0.0,0.0,0.0,0.0,0.0,0.0,0.0,0.0,0.0,0.0,0.0,0.0,0.0,0.0,0.0,0.0,0.0,0.0,0.0,0.0,0.0,0.0,0.0,0.0,0.0,0.0,0.0,0.0,0.0,0.0,0.0,0.0,0.0,0.0,0.0,0.0,0.0,0.0,0.0,0.0,0.0,0.0,0.0,0.0,0.0,0.0,0.0,0.0,0.0,0.0,0.0,0.0,0.0,0.0,0.0,0.0,0.0,0.0,0.0,0.0,0.0,0.0,0.0,0.0,0.0,0.0,0.0,0.0,0.0,0.0,0.0,0.0,0.0,0.0,0.0,0.0,0.0,0.0,0.0,0.0,0.0,0.0,0.0,0.0,0.0,0.0,0.0,0.0,0.0,0.0,0.0,0.0,0.0,0.0,0.0,0.0,0.0,0.0,0.0,0.0
2017-05-31 01:18:00+02:00,0.0,0.0,0.0,0.0,0.0,0.0,0.0,0.0,0.0,0.0,0.0,0.0,0.0,0.0,0.0,0.0,0.0,0.0,0.0,0.0,0.0,0.0,0.0,0.0,0.0,0.0,0.0,0.0,0.0,0.0,0.0,0.0,0.0,0.0,0.0,0.0,0.0,0.0,0.0,0.0,0.0,0.0,0.0,0.0,0.0,0.0,0.0,0.0,0.0,0.0,0.0,0.0,0.0,0.0,0.0,0.0,0.0,0.0,0.0,0.0,0.0,0.0,0.0,0.0,0.0,0.0,0.0,0.0,0.0,0.0,0.0,0.0,0.0,0.0,0.0,0.0,0.0,0.0,0.0,0.0,0.0,0.0,0.0,0.0,0.0,0.0,0.0,0.0,0.0,0.0,0.0,0.0,0.0,0.0,0.0,0.0,0.0,0.0,0.0,0.0,0.0,0.0,0.0,0.0,0.0,0.0,0.0,0.0,0.0,0.0,0.0,0.0,0.0,0.0,0.0,0.0,0.0,0.0
2017-05-31 01:19:00+02:00,0.0,0.0,0.0,0.0,0.0,0.0,0.0,0.0,0.0,0.0,0.0,0.0,0.0,0.0,0.0,0.0,0.0,0.0,0.0,0.0,0.0,0.0,0.0,0.0,0.0,0.0,0.0,0.0,0.0,0.0,0.0,0.0,0.0,0.0,0.0,0.0,0.0,0.0,0.0,0.0,0.0,0.0,0.0,0.0,0.0,0.0,0.0,0.0,0.0,0.0,0.0,0.0,0.0,0.0,0.0,0.0,0.0,0.0,0.0,0.0,0.0,0.0,0.0,0.0,0.0,0.0,0.0,0.0,0.0,0.0,0.0,0.0,0.0,0.0,0.0,0.0,0.0,0.0,0.0,0.0,0.0,0.0,0.0,0.0,0.0,0.0,0.0,0.0,0.0,0.0,0.0,0.0,0.0,0.0,0.0,0.0,0.0,0.0,0.0,0.0,0.0,0.0,0.0,0.0,0.0,0.0,0.0,0.0,0.0,0.0,0.0,0.0,0.0,0.0,0.0,0.0,0.0,0.0
2017-05-31 01:20:00+02:00,0.0,0.0,0.0,0.0,0.0,0.0,0.0,0.0,0.0,0.0,0.0,0.0,0.0,0.0,0.0,0.0,0.0,0.0,0.0,0.0,0.0,0.0,0.0,0.0,0.0,0.0,0.0,0.0,0.0,0.0,0.0,0.0,0.0,0.0,0.0,0.0,0.0,0.0,0.0,0.0,0.0,0.0,0.0,0.0,0.0,0.0,0.0,0.0,0.0,0.0,0.0,0.0,0.0,0.0,0.0,0.0,0.0,0.0,0.0,0.0,0.0,0.0,0.0,0.0,0.0,0.0,0.0,0.0,0.0,0.0,0.0,0.0,0.0,0.0,0.0,0.0,0.0,0.0,0.0,0.0,0.0,0.0,0.0,0.0,0.0,0.0,0.0,0.0,0.0,0.0,0.0,0.0,0.0,0.0,0.0,0.0,0.0,0.0,0.0,0.0,0.0,0.0,0.0,0.0,0.0,0.0,0.0,0.0,0.0,0.0,0.0,0.0,0.0,0.0,0.0,0.0,0.0,0.0
2017-05-31 01:21:00+02:00,0.0,0.0,0.0,0.0,0.0,0.0,0.0,0.0,0.0,0.0,0.0,0.0,0.0,0.0,0.0,0.0,0.0,0.0,0.0,0.0,0.0,0.0,0.0,0.0,0.0,0.0,0.0,0.0,0.0,0.0,0.0,0.0,0.0,0.0,0.0,0.0,0.0,0.0,0.0,0.0,0.0,0.0,0.0,0.0,0.0,0.0,0.0,0.0,0.0,0.0,0.0,0.0,0.0,0.0,0.0,0.0,0.0,0.0,0.0,0.0,0.0,0.0,0.0,0.0,0.0,0.0,0.0,0.0,0.0,0.0,0.0,0.0,0.0,0.0,0.0,0.0,0.0,0.0,0.0,0.0,0.0,0.0,0.0,0.0,0.0,0.0,0.0,0.0,0.0,0.0,0.0,0.0,0.0,0.0,0.0,0.0,0.0,0.0,0.0,0.0,0.0,0.0,0.0,0.0,0.0,0.0,0.0,0.0,0.0,0.0,0.0,0.0,0.0,0.0,0.0,0.0,0.0,0.0
2017-05-31 01:22:00+02:00,0.0,0.0,0.0,0.0,0.0,0.0,0.0,0.0,0.0,0.0,0.0,0.0,0.0,0.0,0.0,0.0,0.0,0.0,0.0,0.0,0.0,0.0,0.0,0.0,0.0,0.0,0.0,0.0,0.0,0.0,0.0,0.0,0.0,0.0,0.0,0.0,0.0,0.0,0.0,0.0,0.0,0.0,0.0,0.0,0.0,0.0,0.0,0.0,0.0,0.0,0.0,0.0,0.0,0.0,0.0,0.0,0.0,0.0,0.0,0.0,0.0,0.0,0.0,0.0,0.0,0.0,0.0,0.0,0.0,0.0,0.0,0.0,0.0,0.0,0.0,0.0,0.0,0.0,0.0,0.0,0.0,0.0,0.0,0.0,0.0,0.0,0.0,0.0,0.0,0.0,0.0,0.0,0.0,0.0,0.0,0.0,0.0,0.0,0.0,0.0,0.0,0.0,0.0,0.0,0.0,0.0,0.0,0.0,0.0,0.0,0.0,0.0,0.0,0.0,0.0,0.0,0.0,0.0
2017-05-31 01:23:00+02:00,0.0,0.0,0.0,0.0,0.0,0.0,0.0,0.0,0.0,0.0,0.0,0.0,0.0,0.0,0.0,0.0,0.0,0.0,0.0,0.0,0.0,0.0,0.0,0.0,0.0,0.0,0.0,0.0,0.0,0.0,0.0,0.0,0.0,0.0,0.0,0.0,0.0,0.0,0.0,0.0,0.0,0.0,0.0,0.0,0.0,0.0,0.0,0.0,0.0,0.0,0.0,0.0,0.0,0.0,0.0,0.0,0.0,0.0,0.0,0.0,0.0,0.0,0.0,0.0,0.0,0.0,0.0,0.0,0.0,0.0,0.0,0.0,0.0,0.0,0.0,0.0,0.0,0.0,0.0,0.0,0.0,0.0,0.0,0.0,0.0,0.0,0.0,0.0,0.0,0.0,0.0,0.0,0.0,0.0,0.0,0.0,0.0,0.0,0.0,0.0,0.0,0.0,0.0,0.0,0.0,0.0,0.0,0.0,0.0,0.0,0.0,0.0,0.0,0.0,0.0,0.0,0.0,0.0
2017-05-31 01:24:00+02:00,0.0,0.0,0.0,0.0,0.0,0.0,0.0,0.0,0.0,0.0,0.0,0.0,0.0,0.0,0.0,0.0,0.0,0.0,0.0,0.0,0.0,0.0,0.0,0.0,0.0,0.0,0.0,0.0,0.0,0.0,0.0,0.0,0.0,0.0,0.0,0.0,0.0,0.0,0.0,0.0,0.0,0.0,0.0,0.0,0.0,0.0,0.0,0.0,0.0,0.0,0.0,0.0,0.0,0.0,0.0,0.0,0.0,0.0,0.0,0.0,0.0,0.0,0.0,0.0,0.0,0.0,0.0,0.0,0.0,0.0,0.0,0.0,0.0,0.0,0.0,0.0,0.0,0.0,0.0,0.0,0.0,0.0,0.0,0.0,0.0,0.0,0.0,0.0,0.0,0.0,0.0,0.0,0.0,0.0,0.0,0.0,0.0,0.0,0.0,0.0,0.0,0.0,0.0,0.0,0.0,0.0,0.0,0.0,0.0,0.0,0.0,0.0,0.0,0.0,0.0,0.0,0.0,0.0
2017-05-31 01:25:00+02:00,0.0,0.0,0.0,0.0,0.0,0.0,0.0,0.0,0.0,0.0,0.0,0.0,0.0,0.0,0.0,0.0,0.0,0.0,0.0,0.0,0.0,0.0,0.0,0.0,0.0,0.0,0.0,0.0,0.0,0.0,0.0,0.0,0.0,0.0,0.0,0.0,0.0,0.0,0.0,0.0,0.0,0.0,0.0,0.0,0.0,0.0,0.0,0.0,0.0,0.0,0.0,0.0,0.0,0.0,0.0,0.0,0.0,0.0,0.0,0.0,0.0,0.0,0.0,0.0,0.0,0.0,0.0,0.0,0.0,0.0,0.0,0.0,0.0,0.0,0.0,0.0,0.0,0.0,0.0,0.0,0.0,0.0,0.0,0.0,0.0,0.0,0.0,0.0,0.0,0.0,0.0,0.0,0.0,0.0,0.0,0.0,0.0,0.0,0.0,0.0,0.0,0.0,0.0,0.0,0.0,0.0,0.0,0.0,0.0,0.0,0.0,0.0,0.0,0.0,0.0,0.0,0.0,0.0
2017-05-31 01:26:00+02:00,0.0,0.0,0.0,0.0,0.0,0.0,0.0,0.0,0.0,0.0,0.0,0.0,0.0,0.0,0.0,0.0,0.0,0.0,0.0,0.0,0.0,0.0,0.0,0.0,0.0,0.0,0.0,0.0,0.0,0.0,0.0,0.0,0.0,0.0,0.0,0.0,0.0,0.0,0.0,0.0,0.0,0.0,0.0,0.0,0.0,0.0,0.0,0.0,0.0,0.0,0.0,0.0,0.0,0.0,0.0,0.0,0.0,0.0,0.0,0.0,0.0,0.0,0.0,0.0,0.0,0.0,0.0,0.0,0.0,0.0,0.0,0.0,0.0,0.0,0.0,0.0,0.0,0.0,0.0,0.0,0.0,0.0,0.0,0.0,0.0,0.0,0.0,0.0,0.0,0.0,0.0,0.0,0.0,0.0,0.0,0.0,0.0,0.0,0.0,0.0,0.0,0.0,0.0,0.0,0.0,0.0,0.0,0.0,0.0,0.0,0.0,0.0,0.0,0.0,0.0,0.0,0.0,0.0
2017-05-31 01:27:00+02:00,0.0,0.0,0.0,0.0,0.0,0.0,0.0,0.0,0.0,0.0,0.0,0.0,0.0,0.0,0.0,0.0,0.0,0.0,0.0,0.0,0.0,0.0,0.0,0.0,0.0,0.0,0.0,0.0,0.0,0.0,0.0,0.0,0.0,0.0,0.0,0.0,0.0,0.0,0.0,0.0,0.0,0.0,0.0,0.0,0.0,0.0,0.0,0.0,0.0,0.0,0.0,0.0,0.0,0.0,0.0,0.0,0.0,0.0,0.0,0.0,0.0,0.0,0.0,0.0,0.0,0.0,0.0,0.0,0.0,0.0,0.0,0.0,0.0,0.0,0.0,0.0,0.0,0.0,0.0,0.0,0.0,0.0,0.0,0.0,0.0,0.0,0.0,0.0,0.0,0.0,0.0,0.0,0.0,0.0,0.0,0.0,0.0,0.0,0.0,0.0,0.0,0.0,0.0,0.0,0.0,0.0,0.0,0.0,0.0,0.0,0.0,0.0,0.0,0.0,0.0,0.0,0.0,0.0
2017-05-31 01:28:00+02:00,0.0,0.0,0.0,0.0,0.0,0.0,0.0,0.0,0.0,0.0,0.0,0.0,0.0,0.0,0.0,0.0,0.0,0.0,0.0,0.0,0.0,0.0,0.0,0.0,0.0,0.0,0.0,0.0,0.0,0.0,0.0,0.0,0.0,0.0,0.0,0.0,0.0,0.0,0.0,0.0,0.0,0.0,0.0,0.0,0.0,0.0,0.0,0.0,0.0,0.0,0.0,0.0,0.0,0.0,0.0,0.0,0.0,0.0,0.0,0.0,0.0,0.0,0.0,0.0,0.0,0.0,0.0,0.0,0.0,0.0,0.0,0.0,0.0,0.0,0.0,0.0,0.0,0.0,0.0,0.0,0.0,0.0,0.0,0.0,0.0,0.0,0.0,0.0,0.0,0.0,0.0,0.0,0.0,0.0,0.0,0.0,0.0,0.0,0.0,0.0,0.0,0.0,0.0,0.0,0.0,0.0,0.0,0.0,0.0,0.0,0.0,0.0,0.0,0.0,0.0,0.0,0.0,0.0
2017-05-31 01:29:00+02:00,0.0,0.0,0.0,0.0,0.0,0.0,0.0,0.0,0.0,0.0,0.0,0.0,0.0,0.0,0.0,0.0,0.0,0.0,0.0,0.0,0.0,0.0,0.0,0.0,0.0,0.0,0.0,0.0,0.0,0.0,0.0,0.0,0.0,0.0,0.0,0.0,0.0,0.0,0.0,0.0,0.0,0.0,0.0,0.0,0.0,0.0,0.0,0.0,0.0,0.0,0.0,0.0,0.0,0.0,0.0,0.0,0.0,0.0,0.0,0.0,0.0,0.0,0.0,0.0,0.0,0.0,0.0,0.0,0.0,0.0,0.0,0.0,0.0,0.0,0.0,0.0,0.0,0.0,0.0,0.0,0.0,0.0,0.0,0.0,0.0,0.0,0.0,0.0,0.0,0.0,0.0,0.0,0.0,0.0,0.0,0.0,0.0,0.0,0.0,0.0,0.0,0.0,0.0,0.0,0.0,0.0,0.0,0.0,0.0,0.0,0.0,0.0,0.0,0.0,0.0,0.0,0.0,0.0
2017-05-31 01:30:00+02:00,0.0,0.0,0.0,0.0,0.0,0.0,0.0,0.0,0.0,0.0,0.0,0.0,0.0,0.0,0.0,0.0,0.0,0.0,0.0,0.0,0.0,0.0,0.0,0.0,0.0,0.0,0.0,0.0,0.0,0.0,0.0,0.0,0.0,0.0,0.0,0.0,0.0,0.0,0.0,0.0,0.0,0.0,0.0,0.0,0.0,0.0,0.0,0.0,0.0,0.0,0.0,0.0,0.0,0.0,0.0,0.0,0.0,0.0,0.0,0.0,0.0,0.0,0.0,0.0,0.0,0.0,0.0,0.0,0.0,0.0,0.0,0.0,0.0,0.0,0.0,0.0,0.0,0.0,0.0,0.0,0.0,0.0,0.0,0.0,0.0,0.0,0.0,0.0,0.0,0.0,0.0,0.0,0.0,0.0,0.0,0.0,0.0,0.0,0.0,0.0,0.0,0.0,0.0,0.0,0.0,0.0,0.0,0.0,0.0,0.0,0.0,0.0,0.0,0.0,0.0,0.0,0.0,0.0
2017-05-31 01:31:00+02:00,0.0,0.0,0.0,0.0,0.0,0.0,0.0,0.0,0.0,0.0,0.0,0.0,0.0,0.0,0.0,0.0,0.0,0.0,0.0,0.0,0.0,0.0,0.0,0.0,0.0,0.0,0.0,0.0,0.0,0.0,0.0,0.0,0.0,0.0,0.0,0.0,0.0,0.0,0.0,0.0,0.0,0.0,0.0,0.0,0.0,0.0,0.0,0.0,0.0,0.0,0.0,0.0,0.0,0.0,0.0,0.0,0.0,0.0,0.0,0.0,0.0,0.0,0.0,0.0,0.0,0.0,0.0,0.0,0.0,0.0,0.0,0.0,0.0,0.0,0.0,0.0,0.0,0.0,0.0,0.0,0.0,0.0,0.0,0.0,0.0,0.0,0.0,0.0,0.0,0.0,0.0,0.0,0.0,0.0,0.0,0.0,0.0,0.0,0.0,0.0,0.0,0.0,0.0,0.0,0.0,0.0,0.0,0.0,0.0,0.0,0.0,0.0,0.0,0.0,0.0,0.0,0.0,0.0
2017-05-31 01:32:00+02:00,0.0,0.0,0.0,0.0,0.0,0.0,0.0,0.0,0.0,0.0,0.0,0.0,0.0,0.0,0.0,0.0,0.0,0.0,0.0,0.0,0.0,0.0,0.0,0.0,0.0,0.0,0.0,0.0,0.0,0.0,0.0,0.0,0.0,0.0,0.0,0.0,0.0,0.0,0.0,0.0,0.0,0.0,0.0,0.0,0.0,0.0,0.0,0.0,0.0,0.0,0.0,0.0,0.0,0.0,0.0,0.0,0.0,0.0,0.0,0.0,0.0,0.0,0.0,0.0,0.0,0.0,0.0,0.0,0.0,0.0,0.0,0.0,0.0,0.0,0.0,0.0,0.0,0.0,0.0,0.0,0.0,0.0,0.0,0.0,0.0,0.0,0.0,0.0,0.0,0.0,0.0,0.0,0.0,0.0,0.0,0.0,0.0,0.0,0.0,0.0,0.0,0.0,0.0,0.0,0.0,0.0,0.0,0.0,0.0,0.0,0.0,0.0,0.0,0.0,0.0,0.0,0.0,0.0
2017-05-31 01:33:00+02:00,0.0,0.0,0.0,0.0,0.0,0.0,0.0,0.0,0.0,0.0,0.0,0.0,0.0,0.0,0.0,0.0,0.0,0.0,0.0,0.0,0.0,0.0,0.0,0.0,0.0,0.0,0.0,0.0,0.0,0.0,0.0,0.0,0.0,0.0,0.0,0.0,0.0,0.0,0.0,0.0,0.0,0.0,0.0,0.0,0.0,0.0,0.0,0.0,0.0,0.0,0.0,0.0,0.0,0.0,0.0,0.0,0.0,0.0,0.0,0.0,0.0,0.0,0.0,0.0,0.0,0.0,0.0,0.0,0.0,0.0,0.0,0.0,0.0,0.0,0.0,0.0,0.0,0.0,0.0,0.0,0.0,0.0,0.0,0.0,0.0,0.0,0.0,0.0,0.0,0.0,0.0,0.0,0.0,0.0,0.0,0.0,0.0,0.0,0.0,0.0,0.0,0.0,0.0,0.0,0.0,0.0,0.0,0.0,0.0,0.0,0.0,0.0,0.0,0.0,0.0,0.0,0.0,0.0
2017-05-31 01:34:00+02:00,0.0,0.0,0.0,0.0,0.0,0.0,0.0,0.0,0.0,0.0,0.0,0.0,0.0,0.0,0.0,0.0,0.0,0.0,0.0,0.0,0.0,0.0,0.0,0.0,0.0,0.0,0.0,0.0,0.0,0.0,0.0,0.0,0.0,0.0,0.0,0.0,0.0,0.0,0.0,0.0,0.0,0.0,0.0,0.0,0.0,0.0,0.0,0.0,0.0,0.0,0.0,0.0,0.0,0.0,0.0,0.0,0.0,0.0,0.0,0.0,0.0,0.0,0.0,0.0,0.0,0.0,0.0,0.0,0.0,0.0,0.0,0.0,0.0,0.0,0.0,0.0,0.0,0.0,0.0,0.0,0.0,0.0,0.0,0.0,0.0,0.0,0.0,0.0,0.0,0.0,0.0,0.0,0.0,0.0,0.0,0.0,0.0,0.0,0.0,0.0,0.0,0.0,0.0,0.0,0.0,0.0,0.0,0.0,0.0,0.0,0.0,0.0,0.0,0.0,0.0,0.0,0.0,0.0
2017-05-31 01:35:00+02:00,0.0,0.0,0.0,0.0,0.0,0.0,0.0,0.0,0.0,0.0,0.0,0.0,0.0,0.0,0.0,0.0,0.0,0.0,0.0,0.0,0.0,0.0,0.0,0.0,0.0,0.0,0.0,0.0,0.0,0.0,0.0,0.0,0.0,0.0,0.0,0.0,0.0,0.0,0.0,0.0,0.0,0.0,0.0,0.0,0.0,0.0,0.0,0.0,0.0,0.0,0.0,0.0,0.0,0.0,0.0,0.0,0.0,0.0,0.0,0.0,0.0,0.0,0.0,0.0,0.0,0.0,0.0,0.0,0.0,0.0,0.0,0.0,0.0,0.0,0.0,0.0,0.0,0.0,0.0,0.0,0.0,0.0,0.0,0.0,0.0,0.0,0.0,0.0,0.0,0.0,0.0,0.0,0.0,0.0,0.0,0.0,0.0,0.0,0.0,0.0,0.0,0.0,0.0,0.0,0.0,0.0,0.0,0.0,0.0,0.0,0.0,0.0,0.0,0.0,0.0,0.0,0.0,0.0
2017-05-31 01:36:00+02:00,0.0,0.0,0.0,0.0,0.0,0.0,0.0,0.0,0.0,0.0,0.0,0.0,0.0,0.0,0.0,0.0,0.0,0.0,0.0,0.0,0.0,0.0,0.0,0.0,0.0,0.0,0.0,0.0,0.0,0.0,0.0,0.0,0.0,0.0,0.0,0.0,0.0,0.0,0.0,0.0,0.0,0.0,0.0,0.0,0.0,0.0,0.0,0.0,0.0,0.0,0.0,0.0,0.0,0.0,0.0,0.0,0.0,0.0,0.0,0.0,0.0,0.0,0.0,0.0,0.0,0.0,0.0,0.0,0.0,0.0,0.0,0.0,0.0,0.0,0.0,0.0,0.0,0.0,0.0,0.0,0.0,0.0,0.0,0.0,0.0,0.0,0.0,0.0,0.0,0.0,0.0,0.0,0.0,0.0,0.0,0.0,0.0,0.0,0.0,0.0,0.0,0.0,0.0,0.0,0.0,0.0,0.0,0.0,0.0,0.0,0.0,0.0,0.0,0.0,0.0,0.0,0.0,0.0
2017-05-31 01:37:00+02:00,0.0,0.0,0.0,0.0,0.0,0.0,0.0,0.0,0.0,0.0,0.0,0.0,0.0,0.0,0.0,0.0,0.0,0.0,0.0,0.0,0.0,0.0,0.0,0.0,0.0,0.0,0.0,0.0,0.0,0.0,0.0,0.0,0.0,0.0,0.0,0.0,0.0,0.0,0.0,0.0,0.0,0.0,0.0,0.0,0.0,0.0,0.0,0.0,0.0,0.0,0.0,0.0,0.0,0.0,0.0,0.0,0.0,0.0,0.0,0.0,0.0,0.0,0.0,0.0,0.0,0.0,0.0,0.0,0.0,0.0,0.0,0.0,0.0,0.0,0.0,0.0,0.0,0.0,0.0,0.0,0.0,0.0,0.0,0.0,0.0,0.0,0.0,0.0,0.0,0.0,0.0,0.0,0.0,0.0,0.0,0.0,0.0,0.0,0.0,0.0,0.0,0.0,0.0,0.0,0.0,0.0,0.0,0.0,0.0,0.0,0.0,0.0,0.0,0.0,0.0,0.0,0.0,0.0
2017-05-31 01:38:00+02:00,0.0,0.0,0.0,0.0,0.0,0.0,0.0,0.0,0.0,0.0,0.0,0.0,0.0,0.0,0.0,0.0,0.0,0.0,0.0,0.0,0.0,0.0,0.0,0.0,0.0,0.0,0.0,0.0,0.0,0.0,0.0,0.0,0.0,0.0,0.0,0.0,0.0,0.0,0.0,0.0,0.0,0.0,0.0,0.0,0.0,0.0,0.0,0.0,0.0,0.0,0.0,0.0,0.0,0.0,0.0,0.0,0.0,0.0,0.0,0.0,0.0,0.0,0.0,0.0,0.0,0.0,0.0,0.0,0.0,0.0,0.0,0.0,0.0,0.0,0.0,0.0,0.0,0.0,0.0,0.0,0.0,0.0,0.0,0.0,0.0,0.0,0.0,0.0,0.0,0.0,0.0,0.0,0.0,0.0,0.0,0.0,0.0,0.0,0.0,0.0,0.0,0.0,0.0,0.0,0.0,0.0,0.0,0.0,0.0,0.0,0.0,0.0,0.0,0.0,0.0,0.0,0.0,0.0
2017-05-31 01:39:00+02:00,0.0,0.0,0.0,0.0,0.0,0.0,0.0,0.0,0.0,0.0,0.0,0.0,0.0,0.0,0.0,0.0,0.0,0.0,0.0,0.0,0.0,0.0,0.0,0.0,0.0,0.0,0.0,0.0,0.0,0.0,0.0,0.0,0.0,0.0,0.0,0.0,0.0,0.0,0.0,0.0,0.0,0.0,0.0,0.0,0.0,0.0,0.0,0.0,0.0,0.0,0.0,0.0,0.0,0.0,0.0,0.0,0.0,0.0,0.0,0.0,0.0,0.0,0.0,0.0,0.0,0.0,0.0,0.0,0.0,0.0,0.0,0.0,0.0,0.0,0.0,0.0,0.0,0.0,0.0,0.0,0.0,0.0,0.0,0.0,0.0,0.0,0.0,0.0,0.0,0.0,0.0,0.0,0.0,0.0,0.0,0.0,0.0,0.0,0.0,0.0,0.0,0.0,0.0,0.0,0.0,0.0,0.0,0.0,0.0,0.0,0.0,0.0,0.0,0.0,0.0,0.0,0.0,0.0
2017-05-31 01:40:00+02:00,0.0,0.0,0.0,0.0,0.0,0.0,0.0,0.0,0.0,0.0,0.0,0.0,0.0,0.0,0.0,0.0,0.0,0.0,0.0,0.0,0.0,0.0,0.0,0.0,0.0,0.0,0.0,0.0,0.0,0.0,0.0,0.0,0.0,0.0,0.0,0.0,0.0,0.0,0.0,0.0,0.0,0.0,0.0,0.0,0.0,0.0,0.0,0.0,0.0,0.0,0.0,0.0,0.0,0.0,0.0,0.0,0.0,0.0,0.0,0.0,0.0,0.0,0.0,0.0,0.0,0.0,0.0,0.0,0.0,0.0,0.0,0.0,0.0,0.0,0.0,0.0,0.0,0.0,0.0,0.0,0.0,0.0,0.0,0.0,0.0,0.0,0.0,0.0,0.0,0.0,0.0,0.0,0.0,0.0,0.0,0.0,0.0,0.0,0.0,0.0,0.0,0.0,0.0,0.0,0.0,0.0,0.0,0.0,0.0,0.0,0.0,0.0,0.0,0.0,0.0,0.0,0.0,0.0
2017-05-31 01:41:00+02:00,0.0,0.0,0.0,0.0,0.0,0.0,0.0,0.0,0.0,0.0,0.0,0.0,0.0,0.0,0.0,0.0,0.0,0.0,0.0,0.0,0.0,0.0,0.0,0.0,0.0,0.0,0.0,0.0,0.0,0.0,0.0,0.0,0.0,0.0,0.0,0.0,0.0,0.0,0.0,0.0,0.0,0.0,0.0,0.0,0.0,0.0,0.0,0.0,0.0,0.0,0.0,0.0,0.0,0.0,0.0,0.0,0.0,0.0,0.0,0.0,0.0,0.0,0.0,0.0,0.0,0.0,0.0,0.0,0.0,0.0,0.0,0.0,0.0,0.0,0.0,0.0,0.0,0.0,0.0,0.0,0.0,0.0,0.0,0.0,0.0,0.0,0.0,0.0,0.0,0.0,0.0,0.0,0.0,0.0,0.0,0.0,0.0,0.0,0.0,0.0,0.0,0.0,0.0,0.0,0.0,0.0,0.0,0.0,0.0,0.0,0.0,0.0,0.0,0.0,0.0,0.0,0.0,0.0
2017-05-31 01:42:00+02:00,0.0,0.0,0.0,0.0,0.0,0.0,0.0,0.0,0.0,0.0,0.0,0.0,0.0,0.0,0.0,0.0,0.0,0.0,0.0,0.0,0.0,0.0,0.0,0.0,0.0,0.0,0.0,0.0,0.0,0.0,0.0,0.0,0.0,0.0,0.0,0.0,0.0,0.0,0.0,0.0,0.0,0.0,0.0,0.0,0.0,0.0,0.0,0.0,0.0,0.0,0.0,0.0,0.0,0.0,0.0,0.0,0.0,0.0,0.0,0.0,0.0,0.0,0.0,0.0,0.0,0.0,0.0,0.0,0.0,0.0,0.0,0.0,0.0,0.0,0.0,0.0,0.0,0.0,0.0,0.0,0.0,0.0,0.0,0.0,0.0,0.0,0.0,0.0,0.0,0.0,0.0,0.0,0.0,0.0,0.0,0.0,0.0,0.0,0.0,0.0,0.0,0.0,0.0,0.0,0.0,0.0,0.0,0.0,0.0,0.0,0.0,0.0,0.0,0.0,0.0,0.0,0.0,0.0
2017-05-31 01:43:00+02:00,0.0,0.0,0.0,0.0,0.0,0.0,0.0,0.0,0.0,0.0,0.0,0.0,0.0,0.0,0.0,0.0,0.0,0.0,0.0,0.0,0.0,0.0,0.0,0.0,0.0,0.0,0.0,0.0,0.0,0.0,0.0,0.0,0.0,0.0,0.0,0.0,0.0,0.0,0.0,0.0,0.0,0.0,0.0,0.0,0.0,0.0,0.0,0.0,0.0,0.0,0.0,0.0,0.0,0.0,0.0,0.0,0.0,0.0,0.0,0.0,0.0,0.0,0.0,0.0,0.0,0.0,0.0,0.0,0.0,0.0,0.0,0.0,0.0,0.0,0.0,0.0,0.0,0.0,0.0,0.0,0.0,0.0,0.0,0.0,0.0,0.0,0.0,0.0,0.0,0.0,0.0,0.0,0.0,0.0,0.0,0.0,0.0,0.0,0.0,0.0,0.0,0.0,0.0,0.0,0.0,0.0,0.0,0.0,0.0,0.0,0.0,0.0,0.0,0.0,0.0,0.0,0.0,0.0
2017-05-31 01:44:00+02:00,0.0,0.0,0.0,0.0,0.0,0.0,0.0,0.0,0.0,0.0,0.0,0.0,0.0,0.0,0.0,0.0,0.0,0.0,0.0,0.0,0.0,0.0,0.0,0.0,0.0,0.0,0.0,0.0,0.0,0.0,0.0,0.0,0.0,0.0,0.0,0.0,0.0,0.0,0.0,0.0,0.0,0.0,0.0,0.0,0.0,0.0,0.0,0.0,0.0,0.0,0.0,0.0,0.0,0.0,0.0,0.0,0.0,0.0,0.0,0.0,0.0,0.0,0.0,0.0,0.0,0.0,0.0,0.0,0.0,0.0,0.0,0.0,0.0,0.0,0.0,0.0,0.0,0.0,0.0,0.0,0.0,0.0,0.0,0.0,0.0,0.0,0.0,0.0,0.0,0.0,0.0,0.0,0.0,0.0,0.0,0.0,0.0,0.0,0.0,0.0,0.0,0.0,0.0,0.0,0.0,0.0,0.0,0.0,0.0,0.0,0.0,0.0,0.0,0.0,0.0,0.0,0.0,0.0
2017-05-31 01:45:00+02:00,0.0,0.0,0.0,0.0,0.0,0.0,0.0,0.0,0.0,0.0,0.0,0.0,0.0,0.0,0.0,0.0,0.0,0.0,0.0,0.0,0.0,0.0,0.0,0.0,0.0,0.0,0.0,0.0,0.0,0.0,0.0,0.0,0.0,0.0,0.0,0.0,0.0,0.0,0.0,0.0,0.0,0.0,0.0,0.0,0.0,0.0,0.0,0.0,0.0,0.0,0.0,0.0,0.0,0.0,0.0,0.0,0.0,0.0,0.0,0.0,0.0,0.0,0.0,0.0,0.0,0.0,0.0,0.0,0.0,0.0,0.0,0.0,0.0,0.0,0.0,0.0,0.0,0.0,0.0,0.0,0.0,0.0,0.0,0.0,0.0,0.0,0.0,0.0,0.0,0.0,0.0,0.0,0.0,0.0,0.0,0.0,0.0,0.0,0.0,0.0,0.0,0.0,0.0,0.0,0.0,0.0,0.0,0.0,0.0,0.0,0.0,0.0,0.0,0.0,0.0,0.0,0.0,0.0
2017-05-31 01:46:00+02:00,0.0,0.0,0.0,0.0,0.0,0.0,0.0,0.0,0.0,0.0,0.0,0.0,0.0,0.0,0.0,0.0,0.0,0.0,0.0,0.0,0.0,0.0,0.0,0.0,0.0,0.0,0.0,0.0,0.0,0.0,0.0,0.0,0.0,0.0,0.0,0.0,0.0,0.0,0.0,0.0,0.0,0.0,0.0,0.0,0.0,0.0,0.0,0.0,0.0,0.0,0.0,0.0,0.0,0.0,0.0,0.0,0.0,0.0,0.0,0.0,0.0,0.0,0.0,0.0,0.0,0.0,0.0,0.0,0.0,0.0,0.0,0.0,0.0,0.0,0.0,0.0,0.0,0.0,0.0,0.0,0.0,0.0,0.0,0.0,0.0,0.0,0.0,0.0,0.0,0.0,0.0,0.0,0.0,0.0,0.0,0.0,0.0,0.0,0.0,0.0,0.0,0.0,0.0,0.0,0.0,0.0,0.0,0.0,0.0,0.0,0.0,0.0,0.0,0.0,0.0,0.0,0.0,0.0
2017-05-31 01:47:00+02:00,0.0,0.0,0.0,0.0,0.0,0.0,0.0,0.0,0.0,0.0,0.0,0.0,0.0,0.0,0.0,0.0,0.0,0.0,0.0,0.0,0.0,0.0,0.0,0.0,0.0,0.0,0.0,0.0,0.0,0.0,0.0,0.0,0.0,0.0,0.0,0.0,0.0,0.0,0.0,0.0,0.0,0.0,0.0,0.0,0.0,0.0,0.0,0.0,0.0,0.0,0.0,0.0,0.0,0.0,0.0,0.0,0.0,0.0,0.0,0.0,0.0,0.0,0.0,0.0,0.0,0.0,0.0,0.0,0.0,0.0,0.0,0.0,0.0,0.0,0.0,0.0,0.0,0.0,0.0,0.0,0.0,0.0,0.0,0.0,0.0,0.0,0.0,0.0,0.0,0.0,0.0,0.0,0.0,0.0,0.0,0.0,0.0,0.0,0.0,0.0,0.0,0.0,0.0,0.0,0.0,0.0,0.0,0.0,0.0,0.0,0.0,0.0,0.0,0.0,0.0,0.0,0.0,0.0
2017-05-31 01:48:00+02:00,0.0,0.0,0.0,0.0,0.0,0.0,0.0,0.0,0.0,0.0,0.0,0.0,0.0,0.0,0.0,0.0,0.0,0.0,0.0,0.0,0.0,0.0,0.0,0.0,0.0,0.0,0.0,0.0,0.0,0.0,0.0,0.0,0.0,0.0,0.0,0.0,0.0,0.0,0.0,0.0,0.0,0.0,0.0,0.0,0.0,0.0,0.0,0.0,0.0,0.0,0.0,0.0,0.0,0.0,0.0,0.0,0.0,0.0,0.0,0.0,0.0,0.0,0.0,0.0,0.0,0.0,0.0,0.0,0.0,0.0,0.0,0.0,0.0,0.0,0.0,0.0,0.0,0.0,0.0,0.0,0.0,0.0,0.0,0.0,0.0,0.0,0.0,0.0,0.0,0.0,0.0,0.0,0.0,0.0,0.0,0.0,0.0,0.0,0.0,0.0,0.0,0.0,0.0,0.0,0.0,0.0,0.0,0.0,0.0,0.0,0.0,0.0,0.0,0.0,0.0,0.0,0.0,0.0
2017-05-31 01:49:00+02:00,0.0,0.0,0.0,0.0,0.0,0.0,0.0,0.0,0.0,0.0,0.0,0.0,0.0,0.0,0.0,0.0,0.0,0.0,0.0,0.0,0.0,0.0,0.0,0.0,0.0,0.0,0.0,0.0,0.0,0.0,0.0,0.0,0.0,0.0,0.0,0.0,0.0,0.0,0.0,0.0,0.0,0.0,0.0,0.0,0.0,0.0,0.0,0.0,0.0,0.0,0.0,0.0,0.0,0.0,0.0,0.0,0.0,0.0,0.0,0.0,0.0,0.0,0.0,0.0,0.0,0.0,0.0,0.0,0.0,0.0,0.0,0.0,0.0,0.0,0.0,0.0,0.0,0.0,0.0,0.0,0.0,0.0,0.0,0.0,0.0,0.0,0.0,0.0,0.0,0.0,0.0,0.0,0.0,0.0,0.0,0.0,0.0,0.0,0.0,0.0,0.0,0.0,0.0,0.0,0.0,0.0,0.0,0.0,0.0,0.0,0.0,0.0,0.0,0.0,0.0,0.0,0.0,0.0
2017-05-31 01:50:00+02:00,0.0,0.0,0.0,0.0,0.0,0.0,0.0,0.0,0.0,0.0,0.0,0.0,0.0,0.0,0.0,0.0,0.0,0.0,0.0,0.0,0.0,0.0,0.0,0.0,0.0,0.0,0.0,0.0,0.0,0.0,0.0,0.0,0.0,0.0,0.0,0.0,0.0,0.0,0.0,0.0,0.0,0.0,0.0,0.0,0.0,0.0,0.0,0.0,0.0,0.0,0.0,0.0,0.0,0.0,0.0,0.0,0.0,0.0,0.0,0.0,0.0,0.0,0.0,0.0,0.0,0.0,0.0,0.0,0.0,0.0,0.0,0.0,0.0,0.0,0.0,0.0,0.0,0.0,0.0,0.0,0.0,0.0,0.0,0.0,0.0,0.0,0.0,0.0,0.0,0.0,0.0,0.0,0.0,0.0,0.0,0.0,0.0,0.0,0.0,0.0,0.0,0.0,0.0,0.0,0.0,0.0,0.0,0.0,0.0,0.0,0.0,0.0,0.0,0.0,0.0,0.0,0.0,0.0
2017-05-31 01:51:00+02:00,0.0,0.0,0.0,0.0,0.0,0.0,0.0,0.0,0.0,0.0,0.0,0.0,0.0,0.0,0.0,0.0,0.0,0.0,0.0,0.0,0.0,0.0,0.0,0.0,0.0,0.0,0.0,0.0,0.0,0.0,0.0,0.0,0.0,0.0,0.0,0.0,0.0,0.0,0.0,0.0,0.0,0.0,0.0,0.0,0.0,0.0,0.0,0.0,0.0,0.0,0.0,0.0,0.0,0.0,0.0,0.0,0.0,0.0,0.0,0.0,0.0,0.0,0.0,0.0,0.0,0.0,0.0,0.0,0.0,0.0,0.0,0.0,0.0,0.0,0.0,0.0,0.0,0.0,0.0,0.0,0.0,0.0,0.0,0.0,0.0,0.0,0.0,0.0,0.0,0.0,0.0,0.0,0.0,0.0,0.0,0.0,0.0,0.0,0.0,0.0,0.0,0.0,0.0,0.0,0.0,0.0,0.0,0.0,0.0,0.0,0.0,0.0,0.0,0.0,0.0,0.0,0.0,0.0
2017-05-31 01:52:00+02:00,0.0,0.0,0.0,0.0,0.0,0.0,0.0,0.0,0.0,0.0,0.0,0.0,0.0,0.0,0.0,0.0,0.0,0.0,0.0,0.0,0.0,0.0,0.0,0.0,0.0,0.0,0.0,0.0,0.0,0.0,0.0,0.0,0.0,0.0,0.0,0.0,0.0,0.0,0.0,0.0,0.0,0.0,0.0,0.0,0.0,0.0,0.0,0.0,0.0,0.0,0.0,0.0,0.0,0.0,0.0,0.0,0.0,0.0,0.0,0.0,0.0,0.0,0.0,0.0,0.0,0.0,0.0,0.0,0.0,0.0,0.0,0.0,0.0,0.0,0.0,0.0,0.0,0.0,0.0,0.0,0.0,0.0,0.0,0.0,0.0,0.0,0.0,0.0,0.0,0.0,0.0,0.0,0.0,0.0,0.0,0.0,0.0,0.0,0.0,0.0,0.0,0.0,0.0,0.0,0.0,0.0,0.0,0.0,0.0,0.0,0.0,0.0,0.0,0.0,0.0,0.0,0.0,0.0
2017-05-31 01:53:00+02:00,0.0,0.0,0.0,0.0,0.0,0.0,0.0,0.0,0.0,0.0,0.0,0.0,0.0,0.0,0.0,0.0,0.0,0.0,0.0,0.0,0.0,0.0,0.0,0.0,0.0,0.0,0.0,0.0,0.0,0.0,0.0,0.0,0.0,0.0,0.0,0.0,0.0,0.0,0.0,0.0,0.0,0.0,0.0,0.0,0.0,0.0,0.0,0.0,0.0,0.0,0.0,0.0,0.0,0.0,0.0,0.0,0.0,0.0,0.0,0.0,0.0,0.0,0.0,0.0,0.0,0.0,0.0,0.0,0.0,0.0,0.0,0.0,0.0,0.0,0.0,0.0,0.0,0.0,0.0,0.0,0.0,0.0,0.0,0.0,0.0,0.0,0.0,0.0,0.0,0.0,0.0,0.0,0.0,0.0,0.0,0.0,0.0,0.0,0.0,0.0,0.0,0.0,0.0,0.0,0.0,0.0,0.0,0.0,0.0,0.0,0.0,0.0,0.0,0.0,0.0,0.0,0.0,0.0
2017-05-31 01:54:00+02:00,0.0,0.0,0.0,0.0,0.0,0.0,0.0,0.0,0.0,0.0,0.0,0.0,0.0,0.0,0.0,0.0,0.0,0.0,0.0,0.0,0.0,0.0,0.0,0.0,0.0,0.0,0.0,0.0,0.0,0.0,0.0,0.0,0.0,0.0,0.0,0.0,0.0,0.0,0.0,0.0,0.0,0.0,0.0,0.0,0.0,0.0,0.0,0.0,0.0,0.0,0.0,0.0,0.0,0.0,0.0,0.0,0.0,0.0,0.0,0.0,0.0,0.0,0.0,0.0,0.0,0.0,0.0,0.0,0.0,0.0,0.0,0.0,0.0,0.0,0.0,0.0,0.0,0.0,0.0,0.0,0.0,0.0,0.0,0.0,0.0,0.0,0.0,0.0,0.0,0.0,0.0,0.0,0.0,0.0,0.0,0.0,0.0,0.0,0.0,0.0,0.0,0.0,0.0,0.0,0.0,0.0,0.0,0.0,0.0,0.0,0.0,0.0,0.0,0.0,0.0,0.0,0.0,0.0
2017-05-31 01:55:00+02:00,0.0,0.0,0.0,0.0,0.0,0.0,0.0,0.0,0.0,0.0,0.0,0.0,0.0,0.0,0.0,0.0,0.0,0.0,0.0,0.0,0.0,0.0,0.0,0.0,0.0,0.0,0.0,0.0,0.0,0.0,0.0,0.0,0.0,0.0,0.0,0.0,0.0,0.0,0.0,0.0,0.0,0.0,0.0,0.0,0.0,0.0,0.0,0.0,0.0,0.0,0.0,0.0,0.0,0.0,0.0,0.0,0.0,0.0,0.0,0.0,0.0,0.0,0.0,0.0,0.0,0.0,0.0,0.0,0.0,0.0,0.0,0.0,0.0,0.0,0.0,0.0,0.0,0.0,0.0,0.0,0.0,0.0,0.0,0.0,0.0,0.0,0.0,0.0,0.0,0.0,0.0,0.0,0.0,0.0,0.0,0.0,0.0,0.0,0.0,0.0,0.0,0.0,0.0,0.0,0.0,0.0,0.0,0.0,0.0,0.0,0.0,0.0,0.0,0.0,0.0,0.0,0.0,0.0
2017-05-31 01:56:00+02:00,0.0,0.0,0.0,0.0,0.0,0.0,0.0,0.0,0.0,0.0,0.0,0.0,0.0,0.0,0.0,0.0,0.0,0.0,0.0,0.0,0.0,0.0,0.0,0.0,0.0,0.0,0.0,0.0,0.0,0.0,0.0,0.0,0.0,0.0,0.0,0.0,0.0,0.0,0.0,0.0,0.0,0.0,0.0,0.0,0.0,0.0,0.0,0.0,0.0,0.0,0.0,0.0,0.0,0.0,0.0,0.0,0.0,0.0,0.0,0.0,0.0,0.0,0.0,0.0,0.0,0.0,0.0,0.0,0.0,0.0,0.0,0.0,0.0,0.0,0.0,0.0,0.0,0.0,0.0,0.0,0.0,0.0,0.0,0.0,0.0,0.0,0.0,0.0,0.0,0.0,0.0,0.0,0.0,0.0,0.0,0.0,0.0,0.0,0.0,0.0,0.0,0.0,0.0,0.0,0.0,0.0,0.0,0.0,0.0,0.0,0.0,0.0,0.0,0.0,0.0,0.0,0.0,0.0
2017-05-31 01:57:00+02:00,0.0,0.0,0.0,0.0,0.0,0.0,0.0,0.0,0.0,0.0,0.0,0.0,0.0,0.0,0.0,0.0,0.0,0.0,0.0,0.0,0.0,0.0,0.0,0.0,0.0,0.0,0.0,0.0,0.0,0.0,0.0,0.0,0.0,0.0,0.0,0.0,0.0,0.0,0.0,0.0,0.0,0.0,0.0,0.0,0.0,0.0,0.0,0.0,0.0,0.0,0.0,0.0,0.0,0.0,0.0,0.0,0.0,0.0,0.0,0.0,0.0,0.0,0.0,0.0,0.0,0.0,0.0,0.0,0.0,0.0,0.0,0.0,0.0,0.0,0.0,0.0,0.0,0.0,0.0,0.0,0.0,0.0,0.0,0.0,0.0,0.0,0.0,0.0,0.0,0.0,0.0,0.0,0.0,0.0,0.0,0.0,0.0,0.0,0.0,0.0,0.0,0.0,0.0,0.0,0.0,0.0,0.0,0.0,0.0,0.0,0.0,0.0,0.0,0.0,0.0,0.0,0.0,0.0
2017-05-31 01:58:00+02:00,0.0,0.0,0.0,0.0,0.0,0.0,0.0,0.0,0.0,0.0,0.0,0.0,0.0,0.0,0.0,0.0,0.0,0.0,0.0,0.0,0.0,0.0,0.0,0.0,0.0,0.0,0.0,0.0,0.0,0.0,0.0,0.0,0.0,0.0,0.0,0.0,0.0,0.0,0.0,0.0,0.0,0.0,0.0,0.0,0.0,0.0,0.0,0.0,0.0,0.0,0.0,0.0,0.0,0.0,0.0,0.0,0.0,0.0,0.0,0.0,0.0,0.0,0.0,0.0,0.0,0.0,0.0,0.0,0.0,0.0,0.0,0.0,0.0,0.0,0.0,0.0,0.0,0.0,0.0,0.0,0.0,0.0,0.0,0.0,0.0,0.0,0.0,0.0,0.0,0.0,0.0,0.0,0.0,0.0,0.0,0.0,0.0,0.0,0.0,0.0,0.0,0.0,0.0,0.0,0.0,0.0,0.0,0.0,0.0,0.0,0.0,0.0,0.0,0.0,0.0,0.0,0.0,0.0
2017-05-31 01:59:00+02:00,0.0,0.0,0.0,0.0,0.0,0.0,0.0,0.0,0.0,0.0,0.0,0.0,0.0,0.0,0.0,0.0,0.0,0.0,0.0,0.0,0.0,0.0,0.0,0.0,0.0,0.0,0.0,0.0,0.0,0.0,0.0,0.0,0.0,0.0,0.0,0.0,0.0,0.0,0.0,0.0,0.0,0.0,0.0,0.0,0.0,0.0,0.0,0.0,0.0,0.0,0.0,0.0,0.0,0.0,0.0,0.0,0.0,0.0,0.0,0.0,0.0,0.0,0.0,0.0,0.0,0.0,0.0,0.0,0.0,0.0,0.0,0.0,0.0,0.0,0.0,0.0,0.0,0.0,0.0,0.0,0.0,0.0,0.0,0.0,0.0,0.0,0.0,0.0,0.0,0.0,0.0,0.0,0.0,0.0,0.0,0.0,0.0,0.0,0.0,0.0,0.0,0.0,0.0,0.0,0.0,0.0,0.0,0.0,0.0,0.0,0.0,0.0,0.0,0.0,0.0,0.0,0.0,0.0
2017-05-31 02:00:00+02:00,0.0,0.0,0.0,0.0,0.0,0.0,0.0,0.0,0.0,0.0,0.0,0.0,0.0,0.0,0.0,0.0,0.0,0.0,0.0,0.0,0.0,0.0,0.0,0.0,0.0,0.0,0.0,0.0,0.0,0.0,0.0,0.0,0.0,0.0,0.0,0.0,0.0,0.0,0.0,0.0,0.0,0.0,0.0,0.0,0.0,0.0,0.0,0.0,0.0,0.0,0.0,0.0,0.0,0.0,0.0,0.0,0.0,0.0,0.0,0.0,0.0,0.0,0.0,0.0,0.0,0.0,0.0,0.0,0.0,0.0,0.0,0.0,0.0,0.0,0.0,0.0,0.0,0.0,0.0,0.0,0.0,0.0,0.0,0.0,0.0,0.0,0.0,0.0,0.0,0.0,0.0,0.0,0.0,0.0,0.0,0.0,0.0,0.0,0.0,0.0,0.0,0.0,0.0,0.0,0.0,0.0,0.0,0.0,0.0,0.0,0.0,0.0,0.0,0.0,0.0,0.0,0.0,0.0
2017-05-31 02:01:00+02:00,0.0,0.0,0.0,0.0,0.0,0.0,0.0,0.0,0.0,0.0,0.0,0.0,0.0,0.0,0.0,0.0,0.0,0.0,0.0,0.0,0.0,0.0,0.0,0.0,0.0,0.0,0.0,0.0,0.0,0.0,0.0,0.0,0.0,0.0,0.0,0.0,0.0,0.0,0.0,0.0,0.0,0.0,0.0,0.0,0.0,0.0,0.0,0.0,0.0,0.0,0.0,0.0,0.0,0.0,0.0,0.0,0.0,0.0,0.0,0.0,0.0,0.0,0.0,0.0,0.0,0.0,0.0,0.0,0.0,0.0,0.0,0.0,0.0,0.0,0.0,0.0,0.0,0.0,0.0,0.0,0.0,0.0,0.0,0.0,0.0,0.0,0.0,0.0,0.0,0.0,0.0,0.0,0.0,0.0,0.0,0.0,0.0,0.0,0.0,0.0,0.0,0.0,0.0,0.0,0.0,0.0,0.0,0.0,0.0,0.0,0.0,0.0,0.0,0.0,0.0,0.0,0.0,0.0
2017-05-31 02:02:00+02:00,0.0,0.0,0.0,0.0,0.0,0.0,0.0,0.0,0.0,0.0,0.0,0.0,0.0,0.0,0.0,0.0,0.0,0.0,0.0,0.0,0.0,0.0,0.0,0.0,0.0,0.0,0.0,0.0,0.0,0.0,0.0,0.0,0.0,0.0,0.0,0.0,0.0,0.0,0.0,0.0,0.0,0.0,0.0,0.0,0.0,0.0,0.0,0.0,0.0,0.0,0.0,0.0,0.0,0.0,0.0,0.0,0.0,0.0,0.0,0.0,0.0,0.0,0.0,0.0,0.0,0.0,0.0,0.0,0.0,0.0,0.0,0.0,0.0,0.0,0.0,0.0,0.0,0.0,0.0,0.0,0.0,0.0,0.0,0.0,0.0,0.0,0.0,0.0,0.0,0.0,0.0,0.0,0.0,0.0,0.0,0.0,0.0,0.0,0.0,0.0,0.0,0.0,0.0,0.0,0.0,0.0,0.0,0.0,0.0,0.0,0.0,0.0,0.0,0.0,0.0,0.0,0.0,0.0
2017-05-31 02:03:00+02:00,0.0,0.0,0.0,0.0,0.0,0.0,0.0,0.0,0.0,0.0,0.0,0.0,0.0,0.0,0.0,0.0,0.0,0.0,0.0,0.0,0.0,0.0,0.0,0.0,0.0,0.0,0.0,0.0,0.0,0.0,0.0,0.0,0.0,0.0,0.0,0.0,0.0,0.0,0.0,0.0,0.0,0.0,0.0,0.0,0.0,0.0,0.0,0.0,0.0,0.0,0.0,0.0,0.0,0.0,0.0,0.0,0.0,0.0,0.0,0.0,0.0,0.0,0.0,0.0,0.0,0.0,0.0,0.0,0.0,0.0,0.0,0.0,0.0,0.0,0.0,0.0,0.0,0.0,0.0,0.0,0.0,0.0,0.0,0.0,0.0,0.0,0.0,0.0,0.0,0.0,0.0,0.0,0.0,0.0,0.0,0.0,0.0,0.0,0.0,0.0,0.0,0.0,0.0,0.0,0.0,0.0,0.0,0.0,0.0,0.0,0.0,0.0,0.0,0.0,0.0,0.0,0.0,0.0
2017-05-31 02:04:00+02:00,0.0,0.0,0.0,0.0,0.0,0.0,0.0,0.0,0.0,0.0,0.0,0.0,0.0,0.0,0.0,0.0,0.0,0.0,0.0,0.0,0.0,0.0,0.0,0.0,0.0,0.0,0.0,0.0,0.0,0.0,0.0,0.0,0.0,0.0,0.0,0.0,0.0,0.0,0.0,0.0,0.0,0.0,0.0,0.0,0.0,0.0,0.0,0.0,0.0,0.0,0.0,0.0,0.0,0.0,0.0,0.0,0.0,0.0,0.0,0.0,0.0,0.0,0.0,0.0,0.0,0.0,0.0,0.0,0.0,0.0,0.0,0.0,0.0,0.0,0.0,0.0,0.0,0.0,0.0,0.0,0.0,0.0,0.0,0.0,0.0,0.0,0.0,0.0,0.0,0.0,0.0,0.0,0.0,0.0,0.0,0.0,0.0,0.0,0.0,0.0,0.0,0.0,0.0,0.0,0.0,0.0,0.0,0.0,0.0,0.0,0.0,0.0,0.0,0.0,0.0,0.0,0.0,0.0
2017-05-31 02:05:00+02:00,0.0,0.0,0.0,0.0,0.0,0.0,0.0,0.0,0.0,0.0,0.0,0.0,0.0,0.0,0.0,0.0,0.0,0.0,0.0,0.0,0.0,0.0,0.0,0.0,0.0,0.0,0.0,0.0,0.0,0.0,0.0,0.0,0.0,0.0,0.0,0.0,0.0,0.0,0.0,0.0,0.0,0.0,0.0,0.0,0.0,0.0,0.0,0.0,0.0,0.0,0.0,0.0,0.0,0.0,0.0,0.0,0.0,0.0,0.0,0.0,0.0,0.0,0.0,0.0,0.0,0.0,0.0,0.0,0.0,0.0,0.0,0.0,0.0,0.0,0.0,0.0,0.0,0.0,0.0,0.0,0.0,0.0,0.0,0.0,0.0,0.0,0.0,0.0,0.0,0.0,0.0,0.0,0.0,0.0,0.0,0.0,0.0,0.0,0.0,0.0,0.0,0.0,0.0,0.0,0.0,0.0,0.0,0.0,0.0,0.0,0.0,0.0,0.0,0.0,0.0,0.0,0.0,0.0
2017-05-31 02:06:00+02:00,0.0,0.0,0.0,0.0,0.0,0.0,0.0,0.0,0.0,0.0,0.0,0.0,0.0,0.0,0.0,0.0,0.0,0.0,0.0,0.0,0.0,0.0,0.0,0.0,0.0,0.0,0.0,0.0,0.0,0.0,0.0,0.0,0.0,0.0,0.0,0.0,0.0,0.0,0.0,0.0,0.0,0.0,0.0,0.0,0.0,0.0,0.0,0.0,0.0,0.0,0.0,0.0,0.0,0.0,0.0,0.0,0.0,0.0,0.0,0.0,0.0,0.0,0.0,0.0,0.0,0.0,0.0,0.0,0.0,0.0,0.0,0.0,0.0,0.0,0.0,0.0,0.0,0.0,0.0,0.0,0.0,0.0,0.0,0.0,0.0,0.0,0.0,0.0,0.0,0.0,0.0,0.0,0.0,0.0,0.0,0.0,0.0,0.0,0.0,0.0,0.0,0.0,0.0,0.0,0.0,0.0,0.0,0.0,0.0,0.0,0.0,0.0,0.0,0.0,0.0,0.0,0.0,0.0
2017-05-31 02:07:00+02:00,0.0,0.0,0.0,0.0,0.0,0.0,0.0,0.0,0.0,0.0,0.0,0.0,0.0,0.0,0.0,0.0,0.0,0.0,0.0,0.0,0.0,0.0,0.0,0.0,0.0,0.0,0.0,0.0,0.0,0.0,0.0,0.0,0.0,0.0,0.0,0.0,0.0,0.0,0.0,0.0,0.0,0.0,0.0,0.0,0.0,0.0,0.0,0.0,0.0,0.0,0.0,0.0,0.0,0.0,0.0,0.0,0.0,0.0,0.0,0.0,0.0,0.0,0.0,0.0,0.0,0.0,0.0,0.0,0.0,0.0,0.0,0.0,0.0,0.0,0.0,0.0,0.0,0.0,0.0,0.0,0.0,0.0,0.0,0.0,0.0,0.0,0.0,0.0,0.0,0.0,0.0,0.0,0.0,0.0,0.0,0.0,0.0,0.0,0.0,0.0,0.0,0.0,0.0,0.0,0.0,0.0,0.0,0.0,0.0,0.0,0.0,0.0,0.0,0.0,0.0,0.0,0.0,0.0
2017-05-31 02:08:00+02:00,0.0,0.0,0.0,0.0,0.0,0.0,0.0,0.0,0.0,0.0,0.0,0.0,0.0,0.0,0.0,0.0,0.0,0.0,0.0,0.0,0.0,0.0,0.0,0.0,0.0,0.0,0.0,0.0,0.0,0.0,0.0,0.0,0.0,0.0,0.0,0.0,0.0,0.0,0.0,0.0,0.0,0.0,0.0,0.0,0.0,0.0,0.0,0.0,0.0,0.0,0.0,0.0,0.0,0.0,0.0,0.0,0.0,0.0,0.0,0.0,0.0,0.0,0.0,0.0,0.0,0.0,0.0,0.0,0.0,0.0,0.0,0.0,0.0,0.0,0.0,0.0,0.0,0.0,0.0,0.0,0.0,0.0,0.0,0.0,0.0,0.0,0.0,0.0,0.0,0.0,0.0,0.0,0.0,0.0,0.0,0.0,0.0,0.0,0.0,0.0,0.0,0.0,0.0,0.0,0.0,0.0,0.0,0.0,0.0,0.0,0.0,0.0,0.0,0.0,0.0,0.0,0.0,0.0
2017-05-31 02:09:00+02:00,0.0,0.0,0.0,0.0,0.0,0.0,0.0,0.0,0.0,0.0,0.0,0.0,0.0,0.0,0.0,0.0,0.0,0.0,0.0,0.0,0.0,0.0,0.0,0.0,0.0,0.0,0.0,0.0,0.0,0.0,0.0,0.0,0.0,0.0,0.0,0.0,0.0,0.0,0.0,0.0,0.0,0.0,0.0,0.0,0.0,0.0,0.0,0.0,0.0,0.0,0.0,0.0,0.0,0.0,0.0,0.0,0.0,0.0,0.0,0.0,0.0,0.0,0.0,0.0,0.0,0.0,0.0,0.0,0.0,0.0,0.0,0.0,0.0,0.0,0.0,0.0,0.0,0.0,0.0,0.0,0.0,0.0,0.0,0.0,0.0,0.0,0.0,0.0,0.0,0.0,0.0,0.0,0.0,0.0,0.0,0.0,0.0,0.0,0.0,0.0,0.0,0.0,0.0,0.0,0.0,0.0,0.0,0.0,0.0,0.0,0.0,0.0,0.0,0.0,0.0,0.0,0.0,0.0
2017-05-31 02:10:00+02:00,0.0,0.0,0.0,0.0,0.0,0.0,0.0,0.0,0.0,0.0,0.0,0.0,0.0,0.0,0.0,0.0,0.0,0.0,0.0,0.0,0.0,0.0,0.0,0.0,0.0,0.0,0.0,0.0,0.0,0.0,0.0,0.0,0.0,0.0,0.0,0.0,0.0,0.0,0.0,0.0,0.0,0.0,0.0,0.0,0.0,0.0,0.0,0.0,0.0,0.0,0.0,0.0,0.0,0.0,0.0,0.0,0.0,0.0,0.0,0.0,0.0,0.0,0.0,0.0,0.0,0.0,0.0,0.0,0.0,0.0,0.0,0.0,0.0,0.0,0.0,0.0,0.0,0.0,0.0,0.0,0.0,0.0,0.0,0.0,0.0,0.0,0.0,0.0,0.0,0.0,0.0,0.0,0.0,0.0,0.0,0.0,0.0,0.0,0.0,0.0,0.0,0.0,0.0,0.0,0.0,0.0,0.0,0.0,0.0,0.0,0.0,0.0,0.0,0.0,0.0,0.0,0.0,0.0
2017-05-31 02:11:00+02:00,0.0,0.0,0.0,0.0,0.0,0.0,0.0,0.0,0.0,0.0,0.0,0.0,0.0,0.0,0.0,0.0,0.0,0.0,0.0,0.0,0.0,0.0,0.0,0.0,0.0,0.0,0.0,0.0,0.0,0.0,0.0,0.0,0.0,0.0,0.0,0.0,0.0,0.0,0.0,0.0,0.0,0.0,0.0,0.0,0.0,0.0,0.0,0.0,0.0,0.0,0.0,0.0,0.0,0.0,0.0,0.0,0.0,0.0,0.0,0.0,0.0,0.0,0.0,0.0,0.0,0.0,0.0,0.0,0.0,0.0,0.0,0.0,0.0,0.0,0.0,0.0,0.0,0.0,0.0,0.0,0.0,0.0,0.0,0.0,0.0,0.0,0.0,0.0,0.0,0.0,0.0,0.0,0.0,0.0,0.0,0.0,0.0,0.0,0.0,0.0,0.0,0.0,0.0,0.0,0.0,0.0,0.0,0.0,0.0,0.0,0.0,0.0,0.0,0.0,0.0,0.0,0.0,0.0
2017-05-31 02:12:00+02:00,0.0,0.0,0.0,0.0,0.0,0.0,0.0,0.0,0.0,0.0,0.0,0.0,0.0,0.0,0.0,0.0,0.0,0.0,0.0,0.0,0.0,0.0,0.0,0.0,0.0,0.0,0.0,0.0,0.0,0.0,0.0,0.0,0.0,0.0,0.0,0.0,0.0,0.0,0.0,0.0,0.0,0.0,0.0,0.0,0.0,0.0,0.0,0.0,0.0,0.0,0.0,0.0,0.0,0.0,0.0,0.0,0.0,0.0,0.0,0.0,0.0,0.0,0.0,0.0,0.0,0.0,0.0,0.0,0.0,0.0,0.0,0.0,0.0,0.0,0.0,0.0,0.0,0.0,0.0,0.0,0.0,0.0,0.0,0.0,0.0,0.0,0.0,0.0,0.0,0.0,0.0,0.0,0.0,0.0,0.0,0.0,0.0,0.0,0.0,0.0,0.0,0.0,0.0,0.0,0.0,0.0,0.0,0.0,0.0,0.0,0.0,0.0,0.0,0.0,0.0,0.0,0.0,0.0
2017-05-31 02:13:00+02:00,0.0,0.0,0.0,0.0,0.0,0.0,0.0,0.0,0.0,0.0,0.0,0.0,0.0,0.0,0.0,0.0,0.0,0.0,0.0,0.0,0.0,0.0,0.0,0.0,0.0,0.0,0.0,0.0,0.0,0.0,0.0,0.0,0.0,0.0,0.0,0.0,0.0,0.0,0.0,0.0,0.0,0.0,0.0,0.0,0.0,0.0,0.0,0.0,0.0,0.0,0.0,0.0,0.0,0.0,0.0,0.0,0.0,0.0,0.0,0.0,0.0,0.0,0.0,0.0,0.0,0.0,0.0,0.0,0.0,0.0,0.0,0.0,0.0,0.0,0.0,0.0,0.0,0.0,0.0,0.0,0.0,0.0,0.0,0.0,0.0,0.0,0.0,0.0,0.0,0.0,0.0,0.0,0.0,0.0,0.0,0.0,0.0,0.0,0.0,0.0,0.0,0.0,0.0,0.0,0.0,0.0,0.0,0.0,0.0,0.0,0.0,0.0,0.0,0.0,0.0,0.0,0.0,0.0
2017-05-31 02:14:00+02:00,0.0,0.0,0.0,0.0,0.0,0.0,0.0,0.0,0.0,0.0,0.0,0.0,0.0,0.0,0.0,0.0,0.0,0.0,0.0,0.0,0.0,0.0,0.0,0.0,0.0,0.0,0.0,0.0,0.0,0.0,0.0,0.0,0.0,0.0,0.0,0.0,0.0,0.0,0.0,0.0,0.0,0.0,0.0,0.0,0.0,0.0,0.0,0.0,0.0,0.0,0.0,0.0,0.0,0.0,0.0,0.0,0.0,0.0,0.0,0.0,0.0,0.0,0.0,0.0,0.0,0.0,0.0,0.0,0.0,0.0,0.0,0.0,0.0,0.0,0.0,0.0,0.0,0.0,0.0,0.0,0.0,0.0,0.0,0.0,0.0,0.0,0.0,0.0,0.0,0.0,0.0,0.0,0.0,0.0,0.0,0.0,0.0,0.0,0.0,0.0,0.0,0.0,0.0,0.0,0.0,0.0,0.0,0.0,0.0,0.0,0.0,0.0,0.0,0.0,0.0,0.0,0.0,0.0
2017-05-31 02:15:00+02:00,0.0,0.0,0.0,0.0,0.0,0.0,0.0,0.0,0.0,0.0,0.0,0.0,0.0,0.0,0.0,0.0,0.0,0.0,0.0,0.0,0.0,0.0,0.0,0.0,0.0,0.0,0.0,0.0,0.0,0.0,0.0,0.0,0.0,0.0,0.0,0.0,0.0,0.0,0.0,0.0,0.0,0.0,0.0,0.0,0.0,0.0,0.0,0.0,0.0,0.0,0.0,0.0,0.0,0.0,0.0,0.0,0.0,0.0,0.0,0.0,0.0,0.0,0.0,0.0,0.0,0.0,0.0,0.0,0.0,0.0,0.0,0.0,0.0,0.0,0.0,0.0,0.0,0.0,0.0,0.0,0.0,0.0,0.0,0.0,0.0,0.0,0.0,0.0,0.0,0.0,0.0,0.0,0.0,0.0,0.0,0.0,0.0,0.0,0.0,0.0,0.0,0.0,0.0,0.0,0.0,0.0,0.0,0.0,0.0,0.0,0.0,0.0,0.0,0.0,0.0,0.0,0.0,0.0
2017-05-31 02:16:00+02:00,0.0,0.0,0.0,0.0,0.0,0.0,0.0,0.0,0.0,0.0,0.0,0.0,0.0,0.0,0.0,0.0,0.0,0.0,0.0,0.0,0.0,0.0,0.0,0.0,0.0,0.0,0.0,0.0,0.0,0.0,0.0,0.0,0.0,0.0,0.0,0.0,0.0,0.0,0.0,0.0,0.0,0.0,0.0,0.0,0.0,0.0,0.0,0.0,0.0,0.0,0.0,0.0,0.0,0.0,0.0,0.0,0.0,0.0,0.0,0.0,0.0,0.0,0.0,0.0,0.0,0.0,0.0,0.0,0.0,0.0,0.0,0.0,0.0,0.0,0.0,0.0,0.0,0.0,0.0,0.0,0.0,0.0,0.0,0.0,0.0,0.0,0.0,0.0,0.0,0.0,0.0,0.0,0.0,0.0,0.0,0.0,0.0,0.0,0.0,0.0,0.0,0.0,0.0,0.0,0.0,0.0,0.0,0.0,0.0,0.0,0.0,0.0,0.0,0.0,0.0,0.0,0.0,0.0
2017-05-31 02:17:00+02:00,0.0,0.0,0.0,0.0,0.0,0.0,0.0,0.0,0.0,0.0,0.0,0.0,0.0,0.0,0.0,0.0,0.0,0.0,0.0,0.0,0.0,0.0,0.0,0.0,0.0,0.0,0.0,0.0,0.0,0.0,0.0,0.0,0.0,0.0,0.0,0.0,0.0,0.0,0.0,0.0,0.0,0.0,0.0,0.0,0.0,0.0,0.0,0.0,0.0,0.0,0.0,0.0,0.0,0.0,0.0,0.0,0.0,0.0,0.0,0.0,0.0,0.0,0.0,0.0,0.0,0.0,0.0,0.0,0.0,0.0,0.0,0.0,0.0,0.0,0.0,0.0,0.0,0.0,0.0,0.0,0.0,0.0,0.0,0.0,0.0,0.0,0.0,0.0,0.0,0.0,0.0,0.0,0.0,0.0,0.0,0.0,0.0,0.0,0.0,0.0,0.0,0.0,0.0,0.0,0.0,0.0,0.0,0.0,0.0,0.0,0.0,0.0,0.0,0.0,0.0,0.0,0.0,0.0
2017-05-31 02:18:00+02:00,0.0,0.0,0.0,0.0,0.0,0.0,0.0,0.0,0.0,0.0,0.0,0.0,0.0,0.0,0.0,0.0,0.0,0.0,0.0,0.0,0.0,0.0,0.0,0.0,0.0,0.0,0.0,0.0,0.0,0.0,0.0,0.0,0.0,0.0,0.0,0.0,0.0,0.0,0.0,0.0,0.0,0.0,0.0,0.0,0.0,0.0,0.0,0.0,0.0,0.0,0.0,0.0,0.0,0.0,0.0,0.0,0.0,0.0,0.0,0.0,0.0,0.0,0.0,0.0,0.0,0.0,0.0,0.0,0.0,0.0,0.0,0.0,0.0,0.0,0.0,0.0,0.0,0.0,0.0,0.0,0.0,0.0,0.0,0.0,0.0,0.0,0.0,0.0,0.0,0.0,0.0,0.0,0.0,0.0,0.0,0.0,0.0,0.0,0.0,0.0,0.0,0.0,0.0,0.0,0.0,0.0,0.0,0.0,0.0,0.0,0.0,0.0,0.0,0.0,0.0,0.0,0.0,0.0
2017-05-31 02:19:00+02:00,0.0,0.0,0.0,0.0,0.0,0.0,0.0,0.0,0.0,0.0,0.0,0.0,0.0,0.0,0.0,0.0,0.0,0.0,0.0,0.0,0.0,0.0,0.0,0.0,0.0,0.0,0.0,0.0,0.0,0.0,0.0,0.0,0.0,0.0,0.0,0.0,0.0,0.0,0.0,0.0,0.0,0.0,0.0,0.0,0.0,0.0,0.0,0.0,0.0,0.0,0.0,0.0,0.0,0.0,0.0,0.0,0.0,0.0,0.0,0.0,0.0,0.0,0.0,0.0,0.0,0.0,0.0,0.0,0.0,0.0,0.0,0.0,0.0,0.0,0.0,0.0,0.0,0.0,0.0,0.0,0.0,0.0,0.0,0.0,0.0,0.0,0.0,0.0,0.0,0.0,0.0,0.0,0.0,0.0,0.0,0.0,0.0,0.0,0.0,0.0,0.0,0.0,0.0,0.0,0.0,0.0,0.0,0.0,0.0,0.0,0.0,0.0,0.0,0.0,0.0,0.0,0.0,0.0
2017-05-31 02:20:00+02:00,0.0,0.0,0.0,0.0,0.0,0.0,0.0,0.0,0.0,0.0,0.0,0.0,0.0,0.0,0.0,0.0,0.0,0.0,0.0,0.0,0.0,0.0,0.0,0.0,0.0,0.0,0.0,0.0,0.0,0.0,0.0,0.0,0.0,0.0,0.0,0.0,0.0,0.0,0.0,0.0,0.0,0.0,0.0,0.0,0.0,0.0,0.0,0.0,0.0,0.0,0.0,0.0,0.0,0.0,0.0,0.0,0.0,0.0,0.0,0.0,0.0,0.0,0.0,0.0,0.0,0.0,0.0,0.0,0.0,0.0,0.0,0.0,0.0,0.0,0.0,0.0,0.0,0.0,0.0,0.0,0.0,0.0,0.0,0.0,0.0,0.0,0.0,0.0,0.0,0.0,0.0,0.0,0.0,0.0,0.0,0.0,0.0,0.0,0.0,0.0,0.0,0.0,0.0,0.0,0.0,0.0,0.0,0.0,0.0,0.0,0.0,0.0,0.0,0.0,0.0,0.0,0.0,0.0
2017-05-31 02:21:00+02:00,0.0,0.0,0.0,0.0,0.0,0.0,0.0,0.0,0.0,0.0,0.0,0.0,0.0,0.0,0.0,0.0,0.0,0.0,0.0,0.0,0.0,0.0,0.0,0.0,0.0,0.0,0.0,0.0,0.0,0.0,0.0,0.0,0.0,0.0,0.0,0.0,0.0,0.0,0.0,0.0,0.0,0.0,0.0,0.0,0.0,0.0,0.0,0.0,0.0,0.0,0.0,0.0,0.0,0.0,0.0,0.0,0.0,0.0,0.0,0.0,0.0,0.0,0.0,0.0,0.0,0.0,0.0,0.0,0.0,0.0,0.0,0.0,0.0,0.0,0.0,0.0,0.0,0.0,0.0,0.0,0.0,0.0,0.0,0.0,0.0,0.0,0.0,0.0,0.0,0.0,0.0,0.0,0.0,0.0,0.0,0.0,0.0,0.0,0.0,0.0,0.0,0.0,0.0,0.0,0.0,0.0,0.0,0.0,0.0,0.0,0.0,0.0,0.0,0.0,0.0,0.0,0.0,0.0
2017-05-31 02:22:00+02:00,0.0,0.0,0.0,0.0,0.0,0.0,0.0,0.0,0.0,0.0,0.0,0.0,0.0,0.0,0.0,0.0,0.0,0.0,0.0,0.0,0.0,0.0,0.0,0.0,0.0,0.0,0.0,0.0,0.0,0.0,0.0,0.0,0.0,0.0,0.0,0.0,0.0,0.0,0.0,0.0,0.0,0.0,0.0,0.0,0.0,0.0,0.0,0.0,0.0,0.0,0.0,0.0,0.0,0.0,0.0,0.0,0.0,0.0,0.0,0.0,0.0,0.0,0.0,0.0,0.0,0.0,0.0,0.0,0.0,0.0,0.0,0.0,0.0,0.0,0.0,0.0,0.0,0.0,0.0,0.0,0.0,0.0,0.0,0.0,0.0,0.0,0.0,0.0,0.0,0.0,0.0,0.0,0.0,0.0,0.0,0.0,0.0,0.0,0.0,0.0,0.0,0.0,0.0,0.0,0.0,0.0,0.0,0.0,0.0,0.0,0.0,0.0,0.0,0.0,0.0,0.0,0.0,0.0
2017-05-31 02:23:00+02:00,0.0,0.0,0.0,0.0,0.0,0.0,0.0,0.0,0.0,0.0,0.0,0.0,0.0,0.0,0.0,0.0,0.0,0.0,0.0,0.0,0.0,0.0,0.0,0.0,0.0,0.0,0.0,0.0,0.0,0.0,0.0,0.0,0.0,0.0,0.0,0.0,0.0,0.0,0.0,0.0,0.0,0.0,0.0,0.0,0.0,0.0,0.0,0.0,0.0,0.0,0.0,0.0,0.0,0.0,0.0,0.0,0.0,0.0,0.0,0.0,0.0,0.0,0.0,0.0,0.0,0.0,0.0,0.0,0.0,0.0,0.0,0.0,0.0,0.0,0.0,0.0,0.0,0.0,0.0,0.0,0.0,0.0,0.0,0.0,0.0,0.0,0.0,0.0,0.0,0.0,0.0,0.0,0.0,0.0,0.0,0.0,0.0,0.0,0.0,0.0,0.0,0.0,0.0,0.0,0.0,0.0,0.0,0.0,0.0,0.0,0.0,0.0,0.0,0.0,0.0,0.0,0.0,0.0
2017-05-31 02:24:00+02:00,0.0,0.0,0.0,0.0,0.0,0.0,0.0,0.0,0.0,0.0,0.0,0.0,0.0,0.0,0.0,0.0,0.0,0.0,0.0,0.0,0.0,0.0,0.0,0.0,0.0,0.0,0.0,0.0,0.0,0.0,0.0,0.0,0.0,0.0,0.0,0.0,0.0,0.0,0.0,0.0,0.0,0.0,0.0,0.0,0.0,0.0,0.0,0.0,0.0,0.0,0.0,0.0,0.0,0.0,0.0,0.0,0.0,0.0,0.0,0.0,0.0,0.0,0.0,0.0,0.0,0.0,0.0,0.0,0.0,0.0,0.0,0.0,0.0,0.0,0.0,0.0,0.0,0.0,0.0,0.0,0.0,0.0,0.0,0.0,0.0,0.0,0.0,0.0,0.0,0.0,0.0,0.0,0.0,0.0,0.0,0.0,0.0,0.0,0.0,0.0,0.0,0.0,0.0,0.0,0.0,0.0,0.0,0.0,0.0,0.0,0.0,0.0,0.0,0.0,0.0,0.0,0.0,0.0
2017-05-31 02:25:00+02:00,0.0,0.0,0.0,0.0,0.0,0.0,0.0,0.0,0.0,0.0,0.0,0.0,0.0,0.0,0.0,0.0,0.0,0.0,0.0,0.0,0.0,0.0,0.0,0.0,0.0,0.0,0.0,0.0,0.0,0.0,0.0,0.0,0.0,0.0,0.0,0.0,0.0,0.0,0.0,0.0,0.0,0.0,0.0,0.0,0.0,0.0,0.0,0.0,0.0,0.0,0.0,0.0,0.0,0.0,0.0,0.0,0.0,0.0,0.0,0.0,0.0,0.0,0.0,0.0,0.0,0.0,0.0,0.0,0.0,0.0,0.0,0.0,0.0,0.0,0.0,0.0,0.0,0.0,0.0,0.0,0.0,0.0,0.0,0.0,0.0,0.0,0.0,0.0,0.0,0.0,0.0,0.0,0.0,0.0,0.0,0.0,0.0,0.0,0.0,0.0,0.0,0.0,0.0,0.0,0.0,0.0,0.0,0.0,0.0,0.0,0.0,0.0,0.0,0.0,0.0,0.0,0.0,0.0
2017-05-31 02:26:00+02:00,0.0,0.0,0.0,0.0,0.0,0.0,0.0,0.0,0.0,0.0,0.0,0.0,0.0,0.0,0.0,0.0,0.0,0.0,0.0,0.0,0.0,0.0,0.0,0.0,0.0,0.0,0.0,0.0,0.0,0.0,0.0,0.0,0.0,0.0,0.0,0.0,0.0,0.0,0.0,0.0,0.0,0.0,0.0,0.0,0.0,0.0,0.0,0.0,0.0,0.0,0.0,0.0,0.0,0.0,0.0,0.0,0.0,0.0,0.0,0.0,0.0,0.0,0.0,0.0,0.0,0.0,0.0,0.0,0.0,0.0,0.0,0.0,0.0,0.0,0.0,0.0,0.0,0.0,0.0,0.0,0.0,0.0,0.0,0.0,0.0,0.0,0.0,0.0,0.0,0.0,0.0,0.0,0.0,0.0,0.0,0.0,0.0,0.0,0.0,0.0,0.0,0.0,0.0,0.0,0.0,0.0,0.0,0.0,0.0,0.0,0.0,0.0,0.0,0.0,0.0,0.0,0.0,0.0
2017-05-31 02:27:00+02:00,0.0,0.0,0.0,0.0,0.0,0.0,0.0,0.0,0.0,0.0,0.0,0.0,0.0,0.0,0.0,0.0,0.0,0.0,0.0,0.0,0.0,0.0,0.0,0.0,0.0,0.0,0.0,0.0,0.0,0.0,0.0,0.0,0.0,0.0,0.0,0.0,0.0,0.0,0.0,0.0,0.0,0.0,0.0,0.0,0.0,0.0,0.0,0.0,0.0,0.0,0.0,0.0,0.0,0.0,0.0,0.0,0.0,0.0,0.0,0.0,0.0,0.0,0.0,0.0,0.0,0.0,0.0,0.0,0.0,0.0,0.0,0.0,0.0,0.0,0.0,0.0,0.0,0.0,0.0,0.0,0.0,0.0,0.0,0.0,0.0,0.0,0.0,0.0,0.0,0.0,0.0,0.0,0.0,0.0,0.0,0.0,0.0,0.0,0.0,0.0,0.0,0.0,0.0,0.0,0.0,0.0,0.0,0.0,0.0,0.0,0.0,0.0,0.0,0.0,0.0,0.0,0.0,0.0
2017-05-31 02:28:00+02:00,0.0,0.0,0.0,0.0,0.0,0.0,0.0,0.0,0.0,0.0,0.0,0.0,0.0,0.0,0.0,0.0,0.0,0.0,0.0,0.0,0.0,0.0,0.0,0.0,0.0,0.0,0.0,0.0,0.0,0.0,0.0,0.0,0.0,0.0,0.0,0.0,0.0,0.0,0.0,0.0,0.0,0.0,0.0,0.0,0.0,0.0,0.0,0.0,0.0,0.0,0.0,0.0,0.0,0.0,0.0,0.0,0.0,0.0,0.0,0.0,0.0,0.0,0.0,0.0,0.0,0.0,0.0,0.0,0.0,0.0,0.0,0.0,0.0,0.0,0.0,0.0,0.0,0.0,0.0,0.0,0.0,0.0,0.0,0.0,0.0,0.0,0.0,0.0,0.0,0.0,0.0,0.0,0.0,0.0,0.0,0.0,0.0,0.0,0.0,0.0,0.0,0.0,0.0,0.0,0.0,0.0,0.0,0.0,0.0,0.0,0.0,0.0,0.0,0.0,0.0,0.0,0.0,0.0
2017-05-31 02:29:00+02:00,0.0,0.0,0.0,0.0,0.0,0.0,0.0,0.0,0.0,0.0,0.0,0.0,0.0,0.0,0.0,0.0,0.0,0.0,0.0,0.0,0.0,0.0,0.0,0.0,0.0,0.0,0.0,0.0,0.0,0.0,0.0,0.0,0.0,0.0,0.0,0.0,0.0,0.0,0.0,0.0,0.0,0.0,0.0,0.0,0.0,0.0,0.0,0.0,0.0,0.0,0.0,0.0,0.0,0.0,0.0,0.0,0.0,0.0,0.0,0.0,0.0,0.0,0.0,0.0,0.0,0.0,0.0,0.0,0.0,0.0,0.0,0.0,0.0,0.0,0.0,0.0,0.0,0.0,0.0,0.0,0.0,0.0,0.0,0.0,0.0,0.0,0.0,0.0,0.0,0.0,0.0,0.0,0.0,0.0,0.0,0.0,0.0,0.0,0.0,0.0,0.0,0.0,0.0,0.0,0.0,0.0,0.0,0.0,0.0,0.0,0.0,0.0,0.0,0.0,0.0,0.0,0.0,0.0
2017-05-31 02:30:00+02:00,0.0,0.0,0.0,0.0,0.0,0.0,0.0,0.0,0.0,0.0,0.0,0.0,0.0,0.0,0.0,0.0,0.0,0.0,0.0,0.0,0.0,0.0,0.0,0.0,0.0,0.0,0.0,0.0,0.0,0.0,0.0,0.0,0.0,0.0,0.0,0.0,0.0,0.0,0.0,0.0,0.0,0.0,0.0,0.0,0.0,0.0,0.0,0.0,0.0,0.0,0.0,0.0,0.0,0.0,0.0,0.0,0.0,0.0,0.0,0.0,0.0,0.0,0.0,0.0,0.0,0.0,0.0,0.0,0.0,0.0,0.0,0.0,0.0,0.0,0.0,0.0,0.0,0.0,0.0,0.0,0.0,0.0,0.0,0.0,0.0,0.0,0.0,0.0,0.0,0.0,0.0,0.0,0.0,0.0,0.0,0.0,0.0,0.0,0.0,0.0,0.0,0.0,0.0,0.0,0.0,0.0,0.0,0.0,0.0,0.0,0.0,0.0,0.0,0.0,0.0,0.0,0.0,0.0
2017-05-31 02:31:00+02:00,0.0,0.0,0.0,0.0,0.0,0.0,0.0,0.0,0.0,0.0,0.0,0.0,0.0,0.0,0.0,0.0,0.0,0.0,0.0,0.0,0.0,0.0,0.0,0.0,0.0,0.0,0.0,0.0,0.0,0.0,0.0,0.0,0.0,0.0,0.0,0.0,0.0,0.0,0.0,0.0,0.0,0.0,0.0,0.0,0.0,0.0,0.0,0.0,0.0,0.0,0.0,0.0,0.0,0.0,0.0,0.0,0.0,0.0,0.0,0.0,0.0,0.0,0.0,0.0,0.0,0.0,0.0,0.0,0.0,0.0,0.0,0.0,0.0,0.0,0.0,0.0,0.0,0.0,0.0,0.0,0.0,0.0,0.0,0.0,0.0,0.0,0.0,0.0,0.0,0.0,0.0,0.0,0.0,0.0,0.0,0.0,0.0,0.0,0.0,0.0,0.0,0.0,0.0,0.0,0.0,0.0,0.0,0.0,0.0,0.0,0.0,0.0,0.0,0.0,0.0,0.0,0.0,0.0
2017-05-31 02:32:00+02:00,0.0,0.0,0.0,0.0,0.0,0.0,0.0,0.0,0.0,0.0,0.0,0.0,0.0,0.0,0.0,0.0,0.0,0.0,0.0,0.0,0.0,0.0,0.0,0.0,0.0,0.0,0.0,0.0,0.0,0.0,0.0,0.0,0.0,0.0,0.0,0.0,0.0,0.0,0.0,0.0,0.0,0.0,0.0,0.0,0.0,0.0,0.0,0.0,0.0,0.0,0.0,0.0,0.0,0.0,0.0,0.0,0.0,0.0,0.0,0.0,0.0,0.0,0.0,0.0,0.0,0.0,0.0,0.0,0.0,0.0,0.0,0.0,0.0,0.0,0.0,0.0,0.0,0.0,0.0,0.0,0.0,0.0,0.0,0.0,0.0,0.0,0.0,0.0,0.0,0.0,0.0,0.0,0.0,0.0,0.0,0.0,0.0,0.0,0.0,0.0,0.0,0.0,0.0,0.0,0.0,0.0,0.0,0.0,0.0,0.0,0.0,0.0,0.0,0.0,0.0,0.0,0.0,0.0
2017-05-31 02:33:00+02:00,0.0,0.0,0.0,0.0,0.0,0.0,0.0,0.0,0.0,0.0,0.0,0.0,0.0,0.0,0.0,0.0,0.0,0.0,0.0,0.0,0.0,0.0,0.0,0.0,0.0,0.0,0.0,0.0,0.0,0.0,0.0,0.0,0.0,0.0,0.0,0.0,0.0,0.0,0.0,0.0,0.0,0.0,0.0,0.0,0.0,0.0,0.0,0.0,0.0,0.0,0.0,0.0,0.0,0.0,0.0,0.0,0.0,0.0,0.0,0.0,0.0,0.0,0.0,0.0,0.0,0.0,0.0,0.0,0.0,0.0,0.0,0.0,0.0,0.0,0.0,0.0,0.0,0.0,0.0,0.0,0.0,0.0,0.0,0.0,0.0,0.0,0.0,0.0,0.0,0.0,0.0,0.0,0.0,0.0,0.0,0.0,0.0,0.0,0.0,0.0,0.0,0.0,0.0,0.0,0.0,0.0,0.0,0.0,0.0,0.0,0.0,0.0,0.0,0.0,0.0,0.0,0.0,0.0
2017-05-31 02:34:00+02:00,0.0,0.0,0.0,0.0,0.0,0.0,0.0,0.0,0.0,0.0,0.0,0.0,0.0,0.0,0.0,0.0,0.0,0.0,0.0,0.0,0.0,0.0,0.0,0.0,0.0,0.0,0.0,0.0,0.0,0.0,0.0,0.0,0.0,0.0,0.0,0.0,0.0,0.0,0.0,0.0,0.0,0.0,0.0,0.0,0.0,0.0,0.0,0.0,0.0,0.0,0.0,0.0,0.0,0.0,0.0,0.0,0.0,0.0,0.0,0.0,0.0,0.0,0.0,0.0,0.0,0.0,0.0,0.0,0.0,0.0,0.0,0.0,0.0,0.0,0.0,0.0,0.0,0.0,0.0,0.0,0.0,0.0,0.0,0.0,0.0,0.0,0.0,0.0,0.0,0.0,0.0,0.0,0.0,0.0,0.0,0.0,0.0,0.0,0.0,0.0,0.0,0.0,0.0,0.0,0.0,0.0,0.0,0.0,0.0,0.0,0.0,0.0,0.0,0.0,0.0,0.0,0.0,0.0
2017-05-31 02:35:00+02:00,0.0,0.0,0.0,0.0,0.0,0.0,0.0,0.0,0.0,0.0,0.0,0.0,0.0,0.0,0.0,0.0,0.0,0.0,0.0,0.0,0.0,0.0,0.0,0.0,0.0,0.0,0.0,0.0,0.0,0.0,0.0,0.0,0.0,0.0,0.0,0.0,0.0,0.0,0.0,0.0,0.0,0.0,0.0,0.0,0.0,0.0,0.0,0.0,0.0,0.0,0.0,0.0,0.0,0.0,0.0,0.0,0.0,0.0,0.0,0.0,0.0,0.0,0.0,0.0,0.0,0.0,0.0,0.0,0.0,0.0,0.0,0.0,0.0,0.0,0.0,0.0,0.0,0.0,0.0,0.0,0.0,0.0,0.0,0.0,0.0,0.0,0.0,0.0,0.0,0.0,0.0,0.0,0.0,0.0,0.0,0.0,0.0,0.0,0.0,0.0,0.0,0.0,0.0,0.0,0.0,0.0,0.0,0.0,0.0,0.0,0.0,0.0,0.0,0.0,0.0,0.0,0.0,0.0
2017-05-31 02:36:00+02:00,0.0,0.0,0.0,0.0,0.0,0.0,0.0,0.0,0.0,0.0,0.0,0.0,0.0,0.0,0.0,0.0,0.0,0.0,0.0,0.0,0.0,0.0,0.0,0.0,0.0,0.0,0.0,0.0,0.0,0.0,0.0,0.0,0.0,0.0,0.0,0.0,0.0,0.0,0.0,0.0,0.0,0.0,0.0,0.0,0.0,0.0,0.0,0.0,0.0,0.0,0.0,0.0,0.0,0.0,0.0,0.0,0.0,0.0,0.0,0.0,0.0,0.0,0.0,0.0,0.0,0.0,0.0,0.0,0.0,0.0,0.0,0.0,0.0,0.0,0.0,0.0,0.0,0.0,0.0,0.0,0.0,0.0,0.0,0.0,0.0,0.0,0.0,0.0,0.0,0.0,0.0,0.0,0.0,0.0,0.0,0.0,0.0,0.0,0.0,0.0,0.0,0.0,0.0,0.0,0.0,0.0,0.0,0.0,0.0,0.0,0.0,0.0,0.0,0.0,0.0,0.0,0.0,0.0
2017-05-31 02:37:00+02:00,0.0,0.0,0.0,0.0,0.0,0.0,0.0,0.0,0.0,0.0,0.0,0.0,0.0,0.0,0.0,0.0,0.0,0.0,0.0,0.0,0.0,0.0,0.0,0.0,0.0,0.0,0.0,0.0,0.0,0.0,0.0,0.0,0.0,0.0,0.0,0.0,0.0,0.0,0.0,0.0,0.0,0.0,0.0,0.0,0.0,0.0,0.0,0.0,0.0,0.0,0.0,0.0,0.0,0.0,0.0,0.0,0.0,0.0,0.0,0.0,0.0,0.0,0.0,0.0,0.0,0.0,0.0,0.0,0.0,0.0,0.0,0.0,0.0,0.0,0.0,0.0,0.0,0.0,0.0,0.0,0.0,0.0,0.0,0.0,0.0,0.0,0.0,0.0,0.0,0.0,0.0,0.0,0.0,0.0,0.0,0.0,0.0,0.0,0.0,0.0,0.0,0.0,0.0,0.0,0.0,0.0,0.0,0.0,0.0,0.0,0.0,0.0,0.0,0.0,0.0,0.0,0.0,0.0
2017-05-31 02:38:00+02:00,0.0,0.0,0.0,0.0,0.0,0.0,0.0,0.0,0.0,0.0,0.0,0.0,0.0,0.0,0.0,0.0,0.0,0.0,0.0,0.0,0.0,0.0,0.0,0.0,0.0,0.0,0.0,0.0,0.0,0.0,0.0,0.0,0.0,0.0,0.0,0.0,0.0,0.0,0.0,0.0,0.0,0.0,0.0,0.0,0.0,0.0,0.0,0.0,0.0,0.0,0.0,0.0,0.0,0.0,0.0,0.0,0.0,0.0,0.0,0.0,0.0,0.0,0.0,0.0,0.0,0.0,0.0,0.0,0.0,0.0,0.0,0.0,0.0,0.0,0.0,0.0,0.0,0.0,0.0,0.0,0.0,0.0,0.0,0.0,0.0,0.0,0.0,0.0,0.0,0.0,0.0,0.0,0.0,0.0,0.0,0.0,0.0,0.0,0.0,0.0,0.0,0.0,0.0,0.0,0.0,0.0,0.0,0.0,0.0,0.0,0.0,0.0,0.0,0.0,0.0,0.0,0.0,0.0
2017-05-31 02:39:00+02:00,0.0,0.0,0.0,0.0,0.0,0.0,0.0,0.0,0.0,0.0,0.0,0.0,0.0,0.0,0.0,0.0,0.0,0.0,0.0,0.0,0.0,0.0,0.0,0.0,0.0,0.0,0.0,0.0,0.0,0.0,0.0,0.0,0.0,0.0,0.0,0.0,0.0,0.0,0.0,0.0,0.0,0.0,0.0,0.0,0.0,0.0,0.0,0.0,0.0,0.0,0.0,0.0,0.0,0.0,0.0,0.0,0.0,0.0,0.0,0.0,0.0,0.0,0.0,0.0,0.0,0.0,0.0,0.0,0.0,0.0,0.0,0.0,0.0,0.0,0.0,0.0,0.0,0.0,0.0,0.0,0.0,0.0,0.0,0.0,0.0,0.0,0.0,0.0,0.0,0.0,0.0,0.0,0.0,0.0,0.0,0.0,0.0,0.0,0.0,0.0,0.0,0.0,0.0,0.0,0.0,0.0,0.0,0.0,0.0,0.0,0.0,0.0,0.0,0.0,0.0,0.0,0.0,0.0
2017-05-31 02:40:00+02:00,0.0,0.0,0.0,0.0,0.0,0.0,0.0,0.0,0.0,0.0,0.0,0.0,0.0,0.0,0.0,0.0,0.0,0.0,0.0,0.0,0.0,0.0,0.0,0.0,0.0,0.0,0.0,0.0,0.0,0.0,0.0,0.0,0.0,0.0,0.0,0.0,0.0,0.0,0.0,0.0,0.0,0.0,0.0,0.0,0.0,0.0,0.0,0.0,0.0,0.0,0.0,0.0,0.0,0.0,0.0,0.0,0.0,0.0,0.0,0.0,0.0,0.0,0.0,0.0,0.0,0.0,0.0,0.0,0.0,0.0,0.0,0.0,0.0,0.0,0.0,0.0,0.0,0.0,0.0,0.0,0.0,0.0,0.0,0.0,0.0,0.0,0.0,0.0,0.0,0.0,0.0,0.0,0.0,0.0,0.0,0.0,0.0,0.0,0.0,0.0,0.0,0.0,0.0,0.0,0.0,0.0,0.0,0.0,0.0,0.0,0.0,0.0,0.0,0.0,0.0,0.0,0.0,0.0
2017-05-31 02:41:00+02:00,0.0,0.0,0.0,0.0,0.0,0.0,0.0,0.0,0.0,0.0,0.0,0.0,0.0,0.0,0.0,0.0,0.0,0.0,0.0,0.0,0.0,0.0,0.0,0.0,0.0,0.0,0.0,0.0,0.0,0.0,0.0,0.0,0.0,0.0,0.0,0.0,0.0,0.0,0.0,0.0,0.0,0.0,0.0,0.0,0.0,0.0,0.0,0.0,0.0,0.0,0.0,0.0,0.0,0.0,0.0,0.0,0.0,0.0,0.0,0.0,0.0,0.0,0.0,0.0,0.0,0.0,0.0,0.0,0.0,0.0,0.0,0.0,0.0,0.0,0.0,0.0,0.0,0.0,0.0,0.0,0.0,0.0,0.0,0.0,0.0,0.0,0.0,0.0,0.0,0.0,0.0,0.0,0.0,0.0,0.0,0.0,0.0,0.0,0.0,0.0,0.0,0.0,0.0,0.0,0.0,0.0,0.0,0.0,0.0,0.0,0.0,0.0,0.0,0.0,0.0,0.0,0.0,0.0
2017-05-31 02:42:00+02:00,0.0,0.0,0.0,0.0,0.0,0.0,0.0,0.0,0.0,0.0,0.0,0.0,0.0,0.0,0.0,0.0,0.0,0.0,0.0,0.0,0.0,0.0,0.0,0.0,0.0,0.0,0.0,0.0,0.0,0.0,0.0,0.0,0.0,0.0,0.0,0.0,0.0,0.0,0.0,0.0,0.0,0.0,0.0,0.0,0.0,0.0,0.0,0.0,0.0,0.0,0.0,0.0,0.0,0.0,0.0,0.0,0.0,0.0,0.0,0.0,0.0,0.0,0.0,0.0,0.0,0.0,0.0,0.0,0.0,0.0,0.0,0.0,0.0,0.0,0.0,0.0,0.0,0.0,0.0,0.0,0.0,0.0,0.0,0.0,0.0,0.0,0.0,0.0,0.0,0.0,0.0,0.0,0.0,0.0,0.0,0.0,0.0,0.0,0.0,0.0,0.0,0.0,0.0,0.0,0.0,0.0,0.0,0.0,0.0,0.0,0.0,0.0,0.0,0.0,0.0,0.0,0.0,0.0
2017-05-31 02:43:00+02:00,0.0,0.0,0.0,0.0,0.0,0.0,0.0,0.0,0.0,0.0,0.0,0.0,0.0,0.0,0.0,0.0,0.0,0.0,0.0,0.0,0.0,0.0,0.0,0.0,0.0,0.0,0.0,0.0,0.0,0.0,0.0,0.0,0.0,0.0,0.0,0.0,0.0,0.0,0.0,0.0,0.0,0.0,0.0,0.0,0.0,0.0,0.0,0.0,0.0,0.0,0.0,0.0,0.0,0.0,0.0,0.0,0.0,0.0,0.0,0.0,0.0,0.0,0.0,0.0,0.0,0.0,0.0,0.0,0.0,0.0,0.0,0.0,0.0,0.0,0.0,0.0,0.0,0.0,0.0,0.0,0.0,0.0,0.0,0.0,0.0,0.0,0.0,0.0,0.0,0.0,0.0,0.0,0.0,0.0,0.0,0.0,0.0,0.0,0.0,0.0,0.0,0.0,0.0,0.0,0.0,0.0,0.0,0.0,0.0,0.0,0.0,0.0,0.0,0.0,0.0,0.0,0.0,0.0
2017-05-31 02:44:00+02:00,0.0,0.0,0.0,0.0,0.0,0.0,0.0,0.0,0.0,0.0,0.0,0.0,0.0,0.0,0.0,0.0,0.0,0.0,0.0,0.0,0.0,0.0,0.0,0.0,0.0,0.0,0.0,0.0,0.0,0.0,0.0,0.0,0.0,0.0,0.0,0.0,0.0,0.0,0.0,0.0,0.0,0.0,0.0,0.0,0.0,0.0,0.0,0.0,0.0,0.0,0.0,0.0,0.0,0.0,0.0,0.0,0.0,0.0,0.0,0.0,0.0,0.0,0.0,0.0,0.0,0.0,0.0,0.0,0.0,0.0,0.0,0.0,0.0,0.0,0.0,0.0,0.0,0.0,0.0,0.0,0.0,0.0,0.0,0.0,0.0,0.0,0.0,0.0,0.0,0.0,0.0,0.0,0.0,0.0,0.0,0.0,0.0,0.0,0.0,0.0,0.0,0.0,0.0,0.0,0.0,0.0,0.0,0.0,0.0,0.0,0.0,0.0,0.0,0.0,0.0,0.0,0.0,0.0
2017-05-31 02:45:00+02:00,0.0,0.0,0.0,0.0,0.0,0.0,0.0,0.0,0.0,0.0,0.0,0.0,0.0,0.0,0.0,0.0,0.0,0.0,0.0,0.0,0.0,0.0,0.0,0.0,0.0,0.0,0.0,0.0,0.0,0.0,0.0,0.0,0.0,0.0,0.0,0.0,0.0,0.0,0.0,0.0,0.0,0.0,0.0,0.0,0.0,0.0,0.0,0.0,0.0,0.0,0.0,0.0,0.0,0.0,0.0,0.0,0.0,0.0,0.0,0.0,0.0,0.0,0.0,0.0,0.0,0.0,0.0,0.0,0.0,0.0,0.0,0.0,0.0,0.0,0.0,0.0,0.0,0.0,0.0,0.0,0.0,0.0,0.0,0.0,0.0,0.0,0.0,0.0,0.0,0.0,0.0,0.0,0.0,0.0,0.0,0.0,0.0,0.0,0.0,0.0,0.0,0.0,0.0,0.0,0.0,0.0,0.0,0.0,0.0,0.0,0.0,0.0,0.0,0.0,0.0,0.0,0.0,0.0
2017-05-31 02:46:00+02:00,0.0,0.0,0.0,0.0,0.0,0.0,0.0,0.0,0.0,0.0,0.0,0.0,0.0,0.0,0.0,0.0,0.0,0.0,0.0,0.0,0.0,0.0,0.0,0.0,0.0,0.0,0.0,0.0,0.0,0.0,0.0,0.0,0.0,0.0,0.0,0.0,0.0,0.0,0.0,0.0,0.0,0.0,0.0,0.0,0.0,0.0,0.0,0.0,0.0,0.0,0.0,0.0,0.0,0.0,0.0,0.0,0.0,0.0,0.0,0.0,0.0,0.0,0.0,0.0,0.0,0.0,0.0,0.0,0.0,0.0,0.0,0.0,0.0,0.0,0.0,0.0,0.0,0.0,0.0,0.0,0.0,0.0,0.0,0.0,0.0,0.0,0.0,0.0,0.0,0.0,0.0,0.0,0.0,0.0,0.0,0.0,0.0,0.0,0.0,0.0,0.0,0.0,0.0,0.0,0.0,0.0,0.0,0.0,0.0,0.0,0.0,0.0,0.0,0.0,0.0,0.0,0.0,0.0
2017-05-31 02:47:00+02:00,0.0,0.0,0.0,0.0,0.0,0.0,0.0,0.0,0.0,0.0,0.0,0.0,0.0,0.0,0.0,0.0,0.0,0.0,0.0,0.0,0.0,0.0,0.0,0.0,0.0,0.0,0.0,0.0,0.0,0.0,0.0,0.0,0.0,0.0,0.0,0.0,0.0,0.0,0.0,0.0,0.0,0.0,0.0,0.0,0.0,0.0,0.0,0.0,0.0,0.0,0.0,0.0,0.0,0.0,0.0,0.0,0.0,0.0,0.0,0.0,0.0,0.0,0.0,0.0,0.0,0.0,0.0,0.0,0.0,0.0,0.0,0.0,0.0,0.0,0.0,0.0,0.0,0.0,0.0,0.0,0.0,0.0,0.0,0.0,0.0,0.0,0.0,0.0,0.0,0.0,0.0,0.0,0.0,0.0,0.0,0.0,0.0,0.0,0.0,0.0,0.0,0.0,0.0,0.0,0.0,0.0,0.0,0.0,0.0,0.0,0.0,0.0,0.0,0.0,0.0,0.0,0.0,0.0
2017-05-31 02:48:00+02:00,0.0,0.0,0.0,0.0,0.0,0.0,0.0,0.0,0.0,0.0,0.0,0.0,0.0,0.0,0.0,0.0,0.0,0.0,0.0,0.0,0.0,0.0,0.0,0.0,0.0,0.0,0.0,0.0,0.0,0.0,0.0,0.0,0.0,0.0,0.0,0.0,0.0,0.0,0.0,0.0,0.0,0.0,0.0,0.0,0.0,0.0,0.0,0.0,0.0,0.0,0.0,0.0,0.0,0.0,0.0,0.0,0.0,0.0,0.0,0.0,0.0,0.0,0.0,0.0,0.0,0.0,0.0,0.0,0.0,0.0,0.0,0.0,0.0,0.0,0.0,0.0,0.0,0.0,0.0,0.0,0.0,0.0,0.0,0.0,0.0,0.0,0.0,0.0,0.0,0.0,0.0,0.0,0.0,0.0,0.0,0.0,0.0,0.0,0.0,0.0,0.0,0.0,0.0,0.0,0.0,0.0,0.0,0.0,0.0,0.0,0.0,0.0,0.0,0.0,0.0,0.0,0.0,0.0
2017-05-31 02:49:00+02:00,0.0,0.0,0.0,0.0,0.0,0.0,0.0,0.0,0.0,0.0,0.0,0.0,0.0,0.0,0.0,0.0,0.0,0.0,0.0,0.0,0.0,0.0,0.0,0.0,0.0,0.0,0.0,0.0,0.0,0.0,0.0,0.0,0.0,0.0,0.0,0.0,0.0,0.0,0.0,0.0,0.0,0.0,0.0,0.0,0.0,0.0,0.0,0.0,0.0,0.0,0.0,0.0,0.0,0.0,0.0,0.0,0.0,0.0,0.0,0.0,0.0,0.0,0.0,0.0,0.0,0.0,0.0,0.0,0.0,0.0,0.0,0.0,0.0,0.0,0.0,0.0,0.0,0.0,0.0,0.0,0.0,0.0,0.0,0.0,0.0,0.0,0.0,0.0,0.0,0.0,0.0,0.0,0.0,0.0,0.0,0.0,0.0,0.0,0.0,0.0,0.0,0.0,0.0,0.0,0.0,0.0,0.0,0.0,0.0,0.0,0.0,0.0,0.0,0.0,0.0,0.0,0.0,0.0
2017-05-31 02:50:00+02:00,0.0,0.0,0.0,0.0,0.0,0.0,0.0,0.0,0.0,0.0,0.0,0.0,0.0,0.0,0.0,0.0,0.0,0.0,0.0,0.0,0.0,0.0,0.0,0.0,0.0,0.0,0.0,0.0,0.0,0.0,0.0,0.0,0.0,0.0,0.0,0.0,0.0,0.0,0.0,0.0,0.0,0.0,0.0,0.0,0.0,0.0,0.0,0.0,0.0,0.0,0.0,0.0,0.0,0.0,0.0,0.0,0.0,0.0,0.0,0.0,0.0,0.0,0.0,0.0,0.0,0.0,0.0,0.0,0.0,0.0,0.0,0.0,0.0,0.0,0.0,0.0,0.0,0.0,0.0,0.0,0.0,0.0,0.0,0.0,0.0,0.0,0.0,0.0,0.0,0.0,0.0,0.0,0.0,0.0,0.0,0.0,0.0,0.0,0.0,0.0,0.0,0.0,0.0,0.0,0.0,0.0,0.0,0.0,0.0,0.0,0.0,0.0,0.0,0.0,0.0,0.0,0.0,0.0
2017-05-31 02:51:00+02:00,0.0,0.0,0.0,0.0,0.0,0.0,0.0,0.0,0.0,0.0,0.0,0.0,0.0,0.0,0.0,0.0,0.0,0.0,0.0,0.0,0.0,0.0,0.0,0.0,0.0,0.0,0.0,0.0,0.0,0.0,0.0,0.0,0.0,0.0,0.0,0.0,0.0,0.0,0.0,0.0,0.0,0.0,0.0,0.0,0.0,0.0,0.0,0.0,0.0,0.0,0.0,0.0,0.0,0.0,0.0,0.0,0.0,0.0,0.0,0.0,0.0,0.0,0.0,0.0,0.0,0.0,0.0,0.0,0.0,0.0,0.0,0.0,0.0,0.0,0.0,0.0,0.0,0.0,0.0,0.0,0.0,0.0,0.0,0.0,0.0,0.0,0.0,0.0,0.0,0.0,0.0,0.0,0.0,0.0,0.0,0.0,0.0,0.0,0.0,0.0,0.0,0.0,0.0,0.0,0.0,0.0,0.0,0.0,0.0,0.0,0.0,0.0,0.0,0.0,0.0,0.0,0.0,0.0
2017-05-31 02:52:00+02:00,0.0,0.0,0.0,0.0,0.0,0.0,0.0,0.0,0.0,0.0,0.0,0.0,0.0,0.0,0.0,0.0,0.0,0.0,0.0,0.0,0.0,0.0,0.0,0.0,0.0,0.0,0.0,0.0,0.0,0.0,0.0,0.0,0.0,0.0,0.0,0.0,0.0,0.0,0.0,0.0,0.0,0.0,0.0,0.0,0.0,0.0,0.0,0.0,0.0,0.0,0.0,0.0,0.0,0.0,0.0,0.0,0.0,0.0,0.0,0.0,0.0,0.0,0.0,0.0,0.0,0.0,0.0,0.0,0.0,0.0,0.0,0.0,0.0,0.0,0.0,0.0,0.0,0.0,0.0,0.0,0.0,0.0,0.0,0.0,0.0,0.0,0.0,0.0,0.0,0.0,0.0,0.0,0.0,0.0,0.0,0.0,0.0,0.0,0.0,0.0,0.0,0.0,0.0,0.0,0.0,0.0,0.0,0.0,0.0,0.0,0.0,0.0,0.0,0.0,0.0,0.0,0.0,0.0
2017-05-31 02:53:00+02:00,0.0,0.0,0.0,0.0,0.0,0.0,0.0,0.0,0.0,0.0,0.0,0.0,0.0,0.0,0.0,0.0,0.0,0.0,0.0,0.0,0.0,0.0,0.0,0.0,0.0,0.0,0.0,0.0,0.0,0.0,0.0,0.0,0.0,0.0,0.0,0.0,0.0,0.0,0.0,0.0,0.0,0.0,0.0,0.0,0.0,0.0,0.0,0.0,0.0,0.0,0.0,0.0,0.0,0.0,0.0,0.0,0.0,0.0,0.0,0.0,0.0,0.0,0.0,0.0,0.0,0.0,0.0,0.0,0.0,0.0,0.0,0.0,0.0,0.0,0.0,0.0,0.0,0.0,0.0,0.0,0.0,0.0,0.0,0.0,0.0,0.0,0.0,0.0,0.0,0.0,0.0,0.0,0.0,0.0,0.0,0.0,0.0,0.0,0.0,0.0,0.0,0.0,0.0,0.0,0.0,0.0,0.0,0.0,0.0,0.0,0.0,0.0,0.0,0.0,0.0,0.0,0.0,0.0
2017-05-31 02:54:00+02:00,0.0,0.0,0.0,0.0,0.0,0.0,0.0,0.0,0.0,0.0,0.0,0.0,0.0,0.0,0.0,0.0,0.0,0.0,0.0,0.0,0.0,0.0,0.0,0.0,0.0,0.0,0.0,0.0,0.0,0.0,0.0,0.0,0.0,0.0,0.0,0.0,0.0,0.0,0.0,0.0,0.0,0.0,0.0,0.0,0.0,0.0,0.0,0.0,0.0,0.0,0.0,0.0,0.0,0.0,0.0,0.0,0.0,0.0,0.0,0.0,0.0,0.0,0.0,0.0,0.0,0.0,0.0,0.0,0.0,0.0,0.0,0.0,0.0,0.0,0.0,0.0,0.0,0.0,0.0,0.0,0.0,0.0,0.0,0.0,0.0,0.0,0.0,0.0,0.0,0.0,0.0,0.0,0.0,0.0,0.0,0.0,0.0,0.0,0.0,0.0,0.0,0.0,0.0,0.0,0.0,0.0,0.0,0.0,0.0,0.0,0.0,0.0,0.0,0.0,0.0,0.0,0.0,0.0
2017-05-31 02:55:00+02:00,0.0,0.0,0.0,0.0,0.0,0.0,0.0,0.0,0.0,0.0,0.0,0.0,0.0,0.0,0.0,0.0,0.0,0.0,0.0,0.0,0.0,0.0,0.0,0.0,0.0,0.0,0.0,0.0,0.0,0.0,0.0,0.0,0.0,0.0,0.0,0.0,0.0,0.0,0.0,0.0,0.0,0.0,0.0,0.0,0.0,0.0,0.0,0.0,0.0,0.0,0.0,0.0,0.0,0.0,0.0,0.0,0.0,0.0,0.0,0.0,0.0,0.0,0.0,0.0,0.0,0.0,0.0,0.0,0.0,0.0,0.0,0.0,0.0,0.0,0.0,0.0,0.0,0.0,0.0,0.0,0.0,0.0,0.0,0.0,0.0,0.0,0.0,0.0,0.0,0.0,0.0,0.0,0.0,0.0,0.0,0.0,0.0,0.0,0.0,0.0,0.0,0.0,0.0,0.0,0.0,0.0,0.0,0.0,0.0,0.0,0.0,0.0,0.0,0.0,0.0,0.0,0.0,0.0
2017-05-31 02:56:00+02:00,0.0,0.0,0.0,0.0,0.0,0.0,0.0,0.0,0.0,0.0,0.0,0.0,0.0,0.0,0.0,0.0,0.0,0.0,0.0,0.0,0.0,0.0,0.0,0.0,0.0,0.0,0.0,0.0,0.0,0.0,0.0,0.0,0.0,0.0,0.0,0.0,0.0,0.0,0.0,0.0,0.0,0.0,0.0,0.0,0.0,0.0,0.0,0.0,0.0,0.0,0.0,0.0,0.0,0.0,0.0,0.0,0.0,0.0,0.0,0.0,0.0,0.0,0.0,0.0,0.0,0.0,0.0,0.0,0.0,0.0,0.0,0.0,0.0,0.0,0.0,0.0,0.0,0.0,0.0,0.0,0.0,0.0,0.0,0.0,0.0,0.0,0.0,0.0,0.0,0.0,0.0,0.0,0.0,0.0,0.0,0.0,0.0,0.0,0.0,0.0,0.0,0.0,0.0,0.0,0.0,0.0,0.0,0.0,0.0,0.0,0.0,0.0,0.0,0.0,0.0,0.0,0.0,0.0
2017-05-31 02:57:00+02:00,0.0,0.0,0.0,0.0,0.0,0.0,0.0,0.0,0.0,0.0,0.0,0.0,0.0,0.0,0.0,0.0,0.0,0.0,0.0,0.0,0.0,0.0,0.0,0.0,0.0,0.0,0.0,0.0,0.0,0.0,0.0,0.0,0.0,0.0,0.0,0.0,0.0,0.0,0.0,0.0,0.0,0.0,0.0,0.0,0.0,0.0,0.0,0.0,0.0,0.0,0.0,0.0,0.0,0.0,0.0,0.0,0.0,0.0,0.0,0.0,0.0,0.0,0.0,0.0,0.0,0.0,0.0,0.0,0.0,0.0,0.0,0.0,0.0,0.0,0.0,0.0,0.0,0.0,0.0,0.0,0.0,0.0,0.0,0.0,0.0,0.0,0.0,0.0,0.0,0.0,0.0,0.0,0.0,0.0,0.0,0.0,0.0,0.0,0.0,0.0,0.0,0.0,0.0,0.0,0.0,0.0,0.0,0.0,0.0,0.0,0.0,0.0,0.0,0.0,0.0,0.0,0.0,0.0
2017-05-31 02:58:00+02:00,0.0,0.0,0.0,0.0,0.0,0.0,0.0,0.0,0.0,0.0,0.0,0.0,0.0,0.0,0.0,0.0,0.0,0.0,0.0,0.0,0.0,0.0,0.0,0.0,0.0,0.0,0.0,0.0,0.0,0.0,0.0,0.0,0.0,0.0,0.0,0.0,0.0,0.0,0.0,0.0,0.0,0.0,0.0,0.0,0.0,0.0,0.0,0.0,0.0,0.0,0.0,0.0,0.0,0.0,0.0,0.0,0.0,0.0,0.0,0.0,0.0,0.0,0.0,0.0,0.0,0.0,0.0,0.0,0.0,0.0,0.0,0.0,0.0,0.0,0.0,0.0,0.0,0.0,0.0,0.0,0.0,0.0,0.0,0.0,0.0,0.0,0.0,0.0,0.0,0.0,0.0,0.0,0.0,0.0,0.0,0.0,0.0,0.0,0.0,0.0,0.0,0.0,0.0,0.0,0.0,0.0,0.0,0.0,0.0,0.0,0.0,0.0,0.0,0.0,0.0,0.0,0.0,0.0
2017-05-31 02:59:00+02:00,0.0,0.0,0.0,0.0,0.0,0.0,0.0,0.0,0.0,0.0,0.0,0.0,0.0,0.0,0.0,0.0,0.0,0.0,0.0,0.0,0.0,0.0,0.0,0.0,0.0,0.0,0.0,0.0,0.0,0.0,0.0,0.0,0.0,0.0,0.0,0.0,0.0,0.0,0.0,0.0,0.0,0.0,0.0,0.0,0.0,0.0,0.0,0.0,0.0,0.0,0.0,0.0,0.0,0.0,0.0,0.0,0.0,0.0,0.0,0.0,0.0,0.0,0.0,0.0,0.0,0.0,0.0,0.0,0.0,0.0,0.0,0.0,0.0,0.0,0.0,0.0,0.0,0.0,0.0,0.0,0.0,0.0,0.0,0.0,0.0,0.0,0.0,0.0,0.0,0.0,0.0,0.0,0.0,0.0,0.0,0.0,0.0,0.0,0.0,0.0,0.0,0.0,0.0,0.0,0.0,0.0,0.0,0.0,0.0,0.0,0.0,0.0,0.0,0.0,0.0,0.0,0.0,0.0
2017-05-31 03:00:00+02:00,0.0,0.0,0.0,0.0,0.0,0.0,0.0,0.0,0.0,0.0,0.0,0.0,0.0,0.0,0.0,0.0,0.0,0.0,0.0,0.0,0.0,0.0,0.0,0.0,0.0,0.0,0.0,0.0,0.0,0.0,0.0,0.0,0.0,0.0,0.0,0.0,0.0,0.0,0.0,0.0,0.0,0.0,0.0,0.0,0.0,0.0,0.0,0.0,0.0,0.0,0.0,0.0,0.0,0.0,0.0,0.0,0.0,0.0,0.0,0.0,0.0,0.0,0.0,0.0,0.0,0.0,0.0,0.0,0.0,0.0,0.0,0.0,0.0,0.0,0.0,0.0,0.0,0.0,0.0,0.0,0.0,0.0,0.0,0.0,0.0,0.0,0.0,0.0,0.0,0.0,0.0,0.0,0.0,0.0,0.0,0.0,0.0,0.0,0.0,0.0,0.0,0.0,0.0,0.0,0.0,0.0,0.0,0.0,0.0,0.0,0.0,0.0,0.0,0.0,0.0,0.0,0.0,0.0
2017-05-31 03:01:00+02:00,0.0,0.0,0.0,0.0,0.0,0.0,0.0,0.0,0.0,0.0,0.0,0.0,0.0,0.0,0.0,0.0,0.0,0.0,0.0,0.0,0.0,0.0,0.0,0.0,0.0,0.0,0.0,0.0,0.0,0.0,0.0,0.0,0.0,0.0,0.0,0.0,0.0,0.0,0.0,0.0,0.0,0.0,0.0,0.0,0.0,0.0,0.0,0.0,0.0,0.0,0.0,0.0,0.0,0.0,0.0,0.0,0.0,0.0,0.0,0.0,0.0,0.0,0.0,0.0,0.0,0.0,0.0,0.0,0.0,0.0,0.0,0.0,0.0,0.0,0.0,0.0,0.0,0.0,0.0,0.0,0.0,0.0,0.0,0.0,0.0,0.0,0.0,0.0,0.0,0.0,0.0,0.0,0.0,0.0,0.0,0.0,0.0,0.0,0.0,0.0,0.0,0.0,0.0,0.0,0.0,0.0,0.0,0.0,0.0,0.0,0.0,0.0,0.0,0.0,0.0,0.0,0.0,0.0
2017-05-31 03:02:00+02:00,0.0,0.0,0.0,0.0,0.0,0.0,0.0,0.0,0.0,0.0,0.0,0.0,0.0,0.0,0.0,0.0,0.0,0.0,0.0,0.0,0.0,0.0,0.0,0.0,0.0,0.0,0.0,0.0,0.0,0.0,0.0,0.0,0.0,0.0,0.0,0.0,0.0,0.0,0.0,0.0,0.0,0.0,0.0,0.0,0.0,0.0,0.0,0.0,0.0,0.0,0.0,0.0,0.0,0.0,0.0,0.0,0.0,0.0,0.0,0.0,0.0,0.0,0.0,0.0,0.0,0.0,0.0,0.0,0.0,0.0,0.0,0.0,0.0,0.0,0.0,0.0,0.0,0.0,0.0,0.0,0.0,0.0,0.0,0.0,0.0,0.0,0.0,0.0,0.0,0.0,0.0,0.0,0.0,0.0,0.0,0.0,0.0,0.0,0.0,0.0,0.0,0.0,0.0,0.0,0.0,0.0,0.0,0.0,0.0,0.0,0.0,0.0,0.0,0.0,0.0,0.0,0.0,0.0
2017-05-31 03:03:00+02:00,0.0,0.0,0.0,0.0,0.0,0.0,0.0,0.0,0.0,0.0,0.0,0.0,0.0,0.0,0.0,0.0,0.0,0.0,0.0,0.0,0.0,0.0,0.0,0.0,0.0,0.0,0.0,0.0,0.0,0.0,0.0,0.0,0.0,0.0,0.0,0.0,0.0,0.0,0.0,0.0,0.0,0.0,0.0,0.0,0.0,0.0,0.0,0.0,0.0,0.0,0.0,0.0,0.0,0.0,0.0,0.0,0.0,0.0,0.0,0.0,0.0,0.0,0.0,0.0,0.0,0.0,0.0,0.0,0.0,0.0,0.0,0.0,0.0,0.0,0.0,0.0,0.0,0.0,0.0,0.0,0.0,0.0,0.0,0.0,0.0,0.0,0.0,0.0,0.0,0.0,0.0,0.0,0.0,0.0,0.0,0.0,0.0,0.0,0.0,0.0,0.0,0.0,0.0,0.0,0.0,0.0,0.0,0.0,0.0,0.0,0.0,0.0,0.0,0.0,0.0,0.0,0.0,0.0
2017-05-31 03:04:00+02:00,0.0,0.0,0.0,0.0,0.0,0.0,0.0,0.0,0.0,0.0,0.0,0.0,0.0,0.0,0.0,0.0,0.0,0.0,0.0,0.0,0.0,0.0,0.0,0.0,0.0,0.0,0.0,0.0,0.0,0.0,0.0,0.0,0.0,0.0,0.0,0.0,0.0,0.0,0.0,0.0,0.0,0.0,0.0,0.0,0.0,0.0,0.0,0.0,0.0,0.0,0.0,0.0,0.0,0.0,0.0,0.0,0.0,0.0,0.0,0.0,0.0,0.0,0.0,0.0,0.0,0.0,0.0,0.0,0.0,0.0,0.0,0.0,0.0,0.0,0.0,0.0,0.0,0.0,0.0,0.0,0.0,0.0,0.0,0.0,0.0,0.0,0.0,0.0,0.0,0.0,0.0,0.0,0.0,0.0,0.0,0.0,0.0,0.0,0.0,0.0,0.0,0.0,0.0,0.0,0.0,0.0,0.0,0.0,0.0,0.0,0.0,0.0,0.0,0.0,0.0,0.0,0.0,0.0
2017-05-31 03:05:00+02:00,0.0,0.0,0.0,0.0,0.0,0.0,0.0,0.0,0.0,0.0,0.0,0.0,0.0,0.0,0.0,0.0,0.0,0.0,0.0,0.0,0.0,0.0,0.0,0.0,0.0,0.0,0.0,0.0,0.0,0.0,0.0,0.0,0.0,0.0,0.0,0.0,0.0,0.0,0.0,0.0,0.0,0.0,0.0,0.0,0.0,0.0,0.0,0.0,0.0,0.0,0.0,0.0,0.0,0.0,0.0,0.0,0.0,0.0,0.0,0.0,0.0,0.0,0.0,0.0,0.0,0.0,0.0,0.0,0.0,0.0,0.0,0.0,0.0,0.0,0.0,0.0,0.0,0.0,0.0,0.0,0.0,0.0,0.0,0.0,0.0,0.0,0.0,0.0,0.0,0.0,0.0,0.0,0.0,0.0,0.0,0.0,0.0,0.0,0.0,0.0,0.0,0.0,0.0,0.0,0.0,0.0,0.0,0.0,0.0,0.0,0.0,0.0,0.0,0.0,0.0,0.0,0.0,0.0
2017-05-31 03:06:00+02:00,0.0,0.0,0.0,0.0,0.0,0.0,0.0,0.0,0.0,0.0,0.0,0.0,0.0,0.0,0.0,0.0,0.0,0.0,0.0,0.0,0.0,0.0,0.0,0.0,0.0,0.0,0.0,0.0,0.0,0.0,0.0,0.0,0.0,0.0,0.0,0.0,0.0,0.0,0.0,0.0,0.0,0.0,0.0,0.0,0.0,0.0,0.0,0.0,0.0,0.0,0.0,0.0,0.0,0.0,0.0,0.0,0.0,0.0,0.0,0.0,0.0,0.0,0.0,0.0,0.0,0.0,0.0,0.0,0.0,0.0,0.0,0.0,0.0,0.0,0.0,0.0,0.0,0.0,0.0,0.0,0.0,0.0,0.0,0.0,0.0,0.0,0.0,0.0,0.0,0.0,0.0,0.0,0.0,0.0,0.0,0.0,0.0,0.0,0.0,0.0,0.0,0.0,0.0,0.0,0.0,0.0,0.0,0.0,0.0,0.0,0.0,0.0,0.0,0.0,0.0,0.0,0.0,0.0
2017-05-31 03:07:00+02:00,0.0,0.0,0.0,0.0,0.0,0.0,0.0,0.0,0.0,0.0,0.0,0.0,0.0,0.0,0.0,0.0,0.0,0.0,0.0,0.0,0.0,0.0,0.0,0.0,0.0,0.0,0.0,0.0,0.0,0.0,0.0,0.0,0.0,0.0,0.0,0.0,0.0,0.0,0.0,0.0,0.0,0.0,0.0,0.0,0.0,0.0,0.0,0.0,0.0,0.0,0.0,0.0,0.0,0.0,0.0,0.0,0.0,0.0,0.0,0.0,0.0,0.0,0.0,0.0,0.0,0.0,0.0,0.0,0.0,0.0,0.0,0.0,0.0,0.0,0.0,0.0,0.0,0.0,0.0,0.0,0.0,0.0,0.0,0.0,0.0,0.0,0.0,0.0,0.0,0.0,0.0,0.0,0.0,0.0,0.0,0.0,0.0,0.0,0.0,0.0,0.0,0.0,0.0,0.0,0.0,0.0,0.0,0.0,0.0,0.0,0.0,0.0,0.0,0.0,0.0,0.0,0.0,0.0
2017-05-31 03:08:00+02:00,0.0,0.0,0.0,0.0,0.0,0.0,0.0,0.0,0.0,0.0,0.0,0.0,0.0,0.0,0.0,0.0,0.0,0.0,0.0,0.0,0.0,0.0,0.0,0.0,0.0,0.0,0.0,0.0,0.0,0.0,0.0,0.0,0.0,0.0,0.0,0.0,0.0,0.0,0.0,0.0,0.0,0.0,0.0,0.0,0.0,0.0,0.0,0.0,0.0,0.0,0.0,0.0,0.0,0.0,0.0,0.0,0.0,0.0,0.0,0.0,0.0,0.0,0.0,0.0,0.0,0.0,0.0,0.0,0.0,0.0,0.0,0.0,0.0,0.0,0.0,0.0,0.0,0.0,0.0,0.0,0.0,0.0,0.0,0.0,0.0,0.0,0.0,0.0,0.0,0.0,0.0,0.0,0.0,0.0,0.0,0.0,0.0,0.0,0.0,0.0,0.0,0.0,0.0,0.0,0.0,0.0,0.0,0.0,0.0,0.0,0.0,0.0,0.0,0.0,0.0,0.0,0.0,0.0
2017-05-31 03:09:00+02:00,0.0,0.0,0.0,0.0,0.0,0.0,0.0,0.0,0.0,0.0,0.0,0.0,0.0,0.0,0.0,0.0,0.0,0.0,0.0,0.0,0.0,0.0,0.0,0.0,0.0,0.0,0.0,0.0,0.0,0.0,0.0,0.0,0.0,0.0,0.0,0.0,0.0,0.0,0.0,0.0,0.0,0.0,0.0,0.0,0.0,0.0,0.0,0.0,0.0,0.0,0.0,0.0,0.0,0.0,0.0,0.0,0.0,0.0,0.0,0.0,0.0,0.0,0.0,0.0,0.0,0.0,0.0,0.0,0.0,0.0,0.0,0.0,0.0,0.0,0.0,0.0,0.0,0.0,0.0,0.0,0.0,0.0,0.0,0.0,0.0,0.0,0.0,0.0,0.0,0.0,0.0,0.0,0.0,0.0,0.0,0.0,0.0,0.0,0.0,0.0,0.0,0.0,0.0,0.0,0.0,0.0,0.0,0.0,0.0,0.0,0.0,0.0,0.0,0.0,0.0,0.0,0.0,0.0
2017-05-31 03:10:00+02:00,0.0,0.0,0.0,0.0,0.0,0.0,0.0,0.0,0.0,0.0,0.0,0.0,0.0,0.0,0.0,0.0,0.0,0.0,0.0,0.0,0.0,0.0,0.0,0.0,0.0,0.0,0.0,0.0,0.0,0.0,0.0,0.0,0.0,0.0,0.0,0.0,0.0,0.0,0.0,0.0,0.0,0.0,0.0,0.0,0.0,0.0,0.0,0.0,0.0,0.0,0.0,0.0,0.0,0.0,0.0,0.0,0.0,0.0,0.0,0.0,0.0,0.0,0.0,0.0,0.0,0.0,0.0,0.0,0.0,0.0,0.0,0.0,0.0,0.0,0.0,0.0,0.0,0.0,0.0,0.0,0.0,0.0,0.0,0.0,0.0,0.0,0.0,0.0,0.0,0.0,0.0,0.0,0.0,0.0,0.0,0.0,0.0,0.0,0.0,0.0,0.0,0.0,0.0,0.0,0.0,0.0,0.0,0.0,0.0,0.0,0.0,0.0,0.0,0.0,0.0,0.0,0.0,0.0
2017-05-31 03:11:00+02:00,0.0,0.0,0.0,0.0,0.0,0.0,0.0,0.0,0.0,0.0,0.0,0.0,0.0,0.0,0.0,0.0,0.0,0.0,0.0,0.0,0.0,0.0,0.0,0.0,0.0,0.0,0.0,0.0,0.0,0.0,0.0,0.0,0.0,0.0,0.0,0.0,0.0,0.0,0.0,0.0,0.0,0.0,0.0,0.0,0.0,0.0,0.0,0.0,0.0,0.0,0.0,0.0,0.0,0.0,0.0,0.0,0.0,0.0,0.0,0.0,0.0,0.0,0.0,0.0,0.0,0.0,0.0,0.0,0.0,0.0,0.0,0.0,0.0,0.0,0.0,0.0,0.0,0.0,0.0,0.0,0.0,0.0,0.0,0.0,0.0,0.0,0.0,0.0,0.0,0.0,0.0,0.0,0.0,0.0,0.0,0.0,0.0,0.0,0.0,0.0,0.0,0.0,0.0,0.0,0.0,0.0,0.0,0.0,0.0,0.0,0.0,0.0,0.0,0.0,0.0,0.0,0.0,0.0
2017-05-31 03:12:00+02:00,0.0,0.0,0.0,0.0,0.0,0.0,0.0,0.0,0.0,0.0,0.0,0.0,0.0,0.0,0.0,0.0,0.0,0.0,0.0,0.0,0.0,0.0,0.0,0.0,0.0,0.0,0.0,0.0,0.0,0.0,0.0,0.0,0.0,0.0,0.0,0.0,0.0,0.0,0.0,0.0,0.0,0.0,0.0,0.0,0.0,0.0,0.0,0.0,0.0,0.0,0.0,0.0,0.0,0.0,0.0,0.0,0.0,0.0,0.0,0.0,0.0,0.0,0.0,0.0,0.0,0.0,0.0,0.0,0.0,0.0,0.0,0.0,0.0,0.0,0.0,0.0,0.0,0.0,0.0,0.0,0.0,0.0,0.0,0.0,0.0,0.0,0.0,0.0,0.0,0.0,0.0,0.0,0.0,0.0,0.0,0.0,0.0,0.0,0.0,0.0,0.0,0.0,0.0,0.0,0.0,0.0,0.0,0.0,0.0,0.0,0.0,0.0,0.0,0.0,0.0,0.0,0.0,0.0
2017-05-31 03:13:00+02:00,0.0,0.0,0.0,0.0,0.0,0.0,0.0,0.0,0.0,0.0,0.0,0.0,0.0,0.0,0.0,0.0,0.0,0.0,0.0,0.0,0.0,0.0,0.0,0.0,0.0,0.0,0.0,0.0,0.0,0.0,0.0,0.0,0.0,0.0,0.0,0.0,0.0,0.0,0.0,0.0,0.0,0.0,0.0,0.0,0.0,0.0,0.0,0.0,0.0,0.0,0.0,0.0,0.0,0.0,0.0,0.0,0.0,0.0,0.0,0.0,0.0,0.0,0.0,0.0,0.0,0.0,0.0,0.0,0.0,0.0,0.0,0.0,0.0,0.0,0.0,0.0,0.0,0.0,0.0,0.0,0.0,0.0,0.0,0.0,0.0,0.0,0.0,0.0,0.0,0.0,0.0,0.0,0.0,0.0,0.0,0.0,0.0,0.0,0.0,0.0,0.0,0.0,0.0,0.0,0.0,0.0,0.0,0.0,0.0,0.0,0.0,0.0,0.0,0.0,0.0,0.0,0.0,0.0
2017-05-31 03:14:00+02:00,0.0,0.0,0.0,0.0,0.0,0.0,0.0,0.0,0.0,0.0,0.0,0.0,0.0,0.0,0.0,0.0,0.0,0.0,0.0,0.0,0.0,0.0,0.0,0.0,0.0,0.0,0.0,0.0,0.0,0.0,0.0,0.0,0.0,0.0,0.0,0.0,0.0,0.0,0.0,0.0,0.0,0.0,0.0,0.0,0.0,0.0,0.0,0.0,0.0,0.0,0.0,0.0,0.0,0.0,0.0,0.0,0.0,0.0,0.0,0.0,0.0,0.0,0.0,0.0,0.0,0.0,0.0,0.0,0.0,0.0,0.0,0.0,0.0,0.0,0.0,0.0,0.0,0.0,0.0,0.0,0.0,0.0,0.0,0.0,0.0,0.0,0.0,0.0,0.0,0.0,0.0,0.0,0.0,0.0,0.0,0.0,0.0,0.0,0.0,0.0,0.0,0.0,0.0,0.0,0.0,0.0,0.0,0.0,0.0,0.0,0.0,0.0,0.0,0.0,0.0,0.0,0.0,0.0
2017-05-31 03:15:00+02:00,0.0,0.0,0.0,0.0,0.0,0.0,0.0,0.0,0.0,0.0,0.0,0.0,0.0,0.0,0.0,0.0,0.0,0.0,0.0,0.0,0.0,0.0,0.0,0.0,0.0,0.0,0.0,0.0,0.0,0.0,0.0,0.0,0.0,0.0,0.0,0.0,0.0,0.0,0.0,0.0,0.0,0.0,0.0,0.0,0.0,0.0,0.0,0.0,0.0,0.0,0.0,0.0,0.0,0.0,0.0,0.0,0.0,0.0,0.0,0.0,0.0,0.0,0.0,0.0,0.0,0.0,0.0,0.0,0.0,0.0,0.0,0.0,0.0,0.0,0.0,0.0,0.0,0.0,0.0,0.0,0.0,0.0,0.0,0.0,0.0,0.0,0.0,0.0,0.0,0.0,0.0,0.0,0.0,0.0,0.0,0.0,0.0,0.0,0.0,0.0,0.0,0.0,0.0,0.0,0.0,0.0,0.0,0.0,0.0,0.0,0.0,0.0,0.0,0.0,0.0,0.0,0.0,0.0
2017-05-31 03:16:00+02:00,0.0,0.0,0.0,0.0,0.0,0.0,0.0,0.0,0.0,0.0,0.0,0.0,0.0,0.0,0.0,0.0,0.0,0.0,0.0,0.0,0.0,0.0,0.0,0.0,0.0,0.0,0.0,0.0,0.0,0.0,0.0,0.0,0.0,0.0,0.0,0.0,0.0,0.0,0.0,0.0,0.0,0.0,0.0,0.0,0.0,0.0,0.0,0.0,0.0,0.0,0.0,0.0,0.0,0.0,0.0,0.0,0.0,0.0,0.0,0.0,0.0,0.0,0.0,0.0,0.0,0.0,0.0,0.0,0.0,0.0,0.0,0.0,0.0,0.0,0.0,0.0,0.0,0.0,0.0,0.0,0.0,0.0,0.0,0.0,0.0,0.0,0.0,0.0,0.0,0.0,0.0,0.0,0.0,0.0,0.0,0.0,0.0,0.0,0.0,0.0,0.0,0.0,0.0,0.0,0.0,0.0,0.0,0.0,0.0,0.0,0.0,0.0,0.0,0.0,0.0,0.0,0.0,0.0
2017-05-31 03:17:00+02:00,0.0,0.0,0.0,0.0,0.0,0.0,0.0,0.0,0.0,0.0,0.0,0.0,0.0,0.0,0.0,0.0,0.0,0.0,0.0,0.0,0.0,0.0,0.0,0.0,0.0,0.0,0.0,0.0,0.0,0.0,0.0,0.0,0.0,0.0,0.0,0.0,0.0,0.0,0.0,0.0,0.0,0.0,0.0,0.0,0.0,0.0,0.0,0.0,0.0,0.0,0.0,0.0,0.0,0.0,0.0,0.0,0.0,0.0,0.0,0.0,0.0,0.0,0.0,0.0,0.0,0.0,0.0,0.0,0.0,0.0,0.0,0.0,0.0,0.0,0.0,0.0,0.0,0.0,0.0,0.0,0.0,0.0,0.0,0.0,0.0,0.0,0.0,0.0,0.0,0.0,0.0,0.0,0.0,0.0,0.0,0.0,0.0,0.0,0.0,0.0,0.0,0.0,0.0,0.0,0.0,0.0,0.0,0.0,0.0,0.0,0.0,0.0,0.0,0.0,0.0,0.0,0.0,0.0
2017-05-31 03:18:00+02:00,0.0,0.0,0.0,0.0,0.0,0.0,0.0,0.0,0.0,0.0,0.0,0.0,0.0,0.0,0.0,0.0,0.0,0.0,0.0,0.0,0.0,0.0,0.0,0.0,0.0,0.0,0.0,0.0,0.0,0.0,0.0,0.0,0.0,0.0,0.0,0.0,0.0,0.0,0.0,0.0,0.0,0.0,0.0,0.0,0.0,0.0,0.0,0.0,0.0,0.0,0.0,0.0,0.0,0.0,0.0,0.0,0.0,0.0,0.0,0.0,0.0,0.0,0.0,0.0,0.0,0.0,0.0,0.0,0.0,0.0,0.0,0.0,0.0,0.0,0.0,0.0,0.0,0.0,0.0,0.0,0.0,0.0,0.0,0.0,0.0,0.0,0.0,0.0,0.0,0.0,0.0,0.0,0.0,0.0,0.0,0.0,0.0,0.0,0.0,0.0,0.0,0.0,0.0,0.0,0.0,0.0,0.0,0.0,0.0,0.0,0.0,0.0,0.0,0.0,0.0,0.0,0.0,0.0
2017-05-31 03:19:00+02:00,0.0,0.0,0.0,0.0,0.0,0.0,0.0,0.0,0.0,0.0,0.0,0.0,0.0,0.0,0.0,0.0,0.0,0.0,0.0,0.0,0.0,0.0,0.0,0.0,0.0,0.0,0.0,0.0,0.0,0.0,0.0,0.0,0.0,0.0,0.0,0.0,0.0,0.0,0.0,0.0,0.0,0.0,0.0,0.0,0.0,0.0,0.0,0.0,0.0,0.0,0.0,0.0,0.0,0.0,0.0,0.0,0.0,0.0,0.0,0.0,0.0,0.0,0.0,0.0,0.0,0.0,0.0,0.0,0.0,0.0,0.0,0.0,0.0,0.0,0.0,0.0,0.0,0.0,0.0,0.0,0.0,0.0,0.0,0.0,0.0,0.0,0.0,0.0,0.0,0.0,0.0,0.0,0.0,0.0,0.0,0.0,0.0,0.0,0.0,0.0,0.0,0.0,0.0,0.0,0.0,0.0,0.0,0.0,0.0,0.0,0.0,0.0,0.0,0.0,0.0,0.0,0.0,0.0
2017-05-31 03:20:00+02:00,0.0,0.0,0.0,0.0,0.0,0.0,0.0,0.0,0.0,0.0,0.0,0.0,0.0,0.0,0.0,0.0,0.0,0.0,0.0,0.0,0.0,0.0,0.0,0.0,0.0,0.0,0.0,0.0,0.0,0.0,0.0,0.0,0.0,0.0,0.0,0.0,0.0,0.0,0.0,0.0,0.0,0.0,0.0,0.0,0.0,0.0,0.0,0.0,0.0,0.0,0.0,0.0,0.0,0.0,0.0,0.0,0.0,0.0,0.0,0.0,0.0,0.0,0.0,0.0,0.0,0.0,0.0,0.0,0.0,0.0,0.0,0.0,0.0,0.0,0.0,0.0,0.0,0.0,0.0,0.0,0.0,0.0,0.0,0.0,0.0,0.0,0.0,0.0,0.0,0.0,0.0,0.0,0.0,0.0,0.0,0.0,0.0,0.0,0.0,0.0,0.0,0.0,0.0,0.0,0.0,0.0,0.0,0.0,0.0,0.0,0.0,0.0,0.0,0.0,0.0,0.0,0.0,0.0
2017-05-31 03:21:00+02:00,0.0,0.0,0.0,0.0,0.0,0.0,0.0,0.0,0.0,0.0,0.0,0.0,0.0,0.0,0.0,0.0,0.0,0.0,0.0,0.0,0.0,0.0,0.0,0.0,0.0,0.0,0.0,0.0,0.0,0.0,0.0,0.0,0.0,0.0,0.0,0.0,0.0,0.0,0.0,0.0,0.0,0.0,0.0,0.0,0.0,0.0,0.0,0.0,0.0,0.0,0.0,0.0,0.0,0.0,0.0,0.0,0.0,0.0,0.0,0.0,0.0,0.0,0.0,0.0,0.0,0.0,0.0,0.0,0.0,0.0,0.0,0.0,0.0,0.0,0.0,0.0,0.0,0.0,0.0,0.0,0.0,0.0,0.0,0.0,0.0,0.0,0.0,0.0,0.0,0.0,0.0,0.0,0.0,0.0,0.0,0.0,0.0,0.0,0.0,0.0,0.0,0.0,0.0,0.0,0.0,0.0,0.0,0.0,0.0,0.0,0.0,0.0,0.0,0.0,0.0,0.0,0.0,0.0
2017-05-31 03:22:00+02:00,0.0,0.0,0.0,0.0,0.0,0.0,0.0,0.0,0.0,0.0,0.0,0.0,0.0,0.0,0.0,0.0,0.0,0.0,0.0,0.0,0.0,0.0,0.0,0.0,0.0,0.0,0.0,0.0,0.0,0.0,0.0,0.0,0.0,0.0,0.0,0.0,0.0,0.0,0.0,0.0,0.0,0.0,0.0,0.0,0.0,0.0,0.0,0.0,0.0,0.0,0.0,0.0,0.0,0.0,0.0,0.0,0.0,0.0,0.0,0.0,0.0,0.0,0.0,0.0,0.0,0.0,0.0,0.0,0.0,0.0,0.0,0.0,0.0,0.0,0.0,0.0,0.0,0.0,0.0,0.0,0.0,0.0,0.0,0.0,0.0,0.0,0.0,0.0,0.0,0.0,0.0,0.0,0.0,0.0,0.0,0.0,0.0,0.0,0.0,0.0,0.0,0.0,0.0,0.0,0.0,0.0,0.0,0.0,0.0,0.0,0.0,0.0,0.0,0.0,0.0,0.0,0.0,0.0
2017-05-31 03:23:00+02:00,0.0,0.0,0.0,0.0,0.0,0.0,0.0,0.0,0.0,0.0,0.0,0.0,0.0,0.0,0.0,0.0,0.0,0.0,0.0,0.0,0.0,0.0,0.0,0.0,0.0,0.0,0.0,0.0,0.0,0.0,0.0,0.0,0.0,0.0,0.0,0.0,0.0,0.0,0.0,0.0,0.0,0.0,0.0,0.0,0.0,0.0,0.0,0.0,0.0,0.0,0.0,0.0,0.0,0.0,0.0,0.0,0.0,0.0,0.0,0.0,0.0,0.0,0.0,0.0,0.0,0.0,0.0,0.0,0.0,0.0,0.0,0.0,0.0,0.0,0.0,0.0,0.0,0.0,0.0,0.0,0.0,0.0,0.0,0.0,0.0,0.0,0.0,0.0,0.0,0.0,0.0,0.0,0.0,0.0,0.0,0.0,0.0,0.0,0.0,0.0,0.0,0.0,0.0,0.0,0.0,0.0,0.0,0.0,0.0,0.0,0.0,0.0,0.0,0.0,0.0,0.0,0.0,0.0
2017-05-31 03:24:00+02:00,0.0,0.0,0.0,0.0,0.0,0.0,0.0,0.0,0.0,0.0,0.0,0.0,0.0,0.0,0.0,0.0,0.0,0.0,0.0,0.0,0.0,0.0,0.0,0.0,0.0,0.0,0.0,0.0,0.0,0.0,0.0,0.0,0.0,0.0,0.0,0.0,0.0,0.0,0.0,0.0,0.0,0.0,0.0,0.0,0.0,0.0,0.0,0.0,0.0,0.0,0.0,0.0,0.0,0.0,0.0,0.0,0.0,0.0,0.0,0.0,0.0,0.0,0.0,0.0,0.0,0.0,0.0,0.0,0.0,0.0,0.0,0.0,0.0,0.0,0.0,0.0,0.0,0.0,0.0,0.0,0.0,0.0,0.0,0.0,0.0,0.0,0.0,0.0,0.0,0.0,0.0,0.0,0.0,0.0,0.0,0.0,0.0,0.0,0.0,0.0,0.0,0.0,0.0,0.0,0.0,0.0,0.0,0.0,0.0,0.0,0.0,0.0,0.0,0.0,0.0,0.0,0.0,0.0
2017-05-31 03:25:00+02:00,0.0,0.0,0.0,0.0,0.0,0.0,0.0,0.0,0.0,0.0,0.0,0.0,0.0,0.0,0.0,0.0,0.0,0.0,0.0,0.0,0.0,0.0,0.0,0.0,0.0,0.0,0.0,0.0,0.0,0.0,0.0,0.0,0.0,0.0,0.0,0.0,0.0,0.0,0.0,0.0,0.0,0.0,0.0,0.0,0.0,0.0,0.0,0.0,0.0,0.0,0.0,0.0,0.0,0.0,0.0,0.0,0.0,0.0,0.0,0.0,0.0,0.0,0.0,0.0,0.0,0.0,0.0,0.0,0.0,0.0,0.0,0.0,0.0,0.0,0.0,0.0,0.0,0.0,0.0,0.0,0.0,0.0,0.0,0.0,0.0,0.0,0.0,0.0,0.0,0.0,0.0,0.0,0.0,0.0,0.0,0.0,0.0,0.0,0.0,0.0,0.0,0.0,0.0,0.0,0.0,0.0,0.0,0.0,0.0,0.0,0.0,0.0,0.0,0.0,0.0,0.0,0.0,0.0
2017-05-31 03:26:00+02:00,0.0,0.0,0.0,0.0,0.0,0.0,0.0,0.0,0.0,0.0,0.0,0.0,0.0,0.0,0.0,0.0,0.0,0.0,0.0,0.0,0.0,0.0,0.0,0.0,0.0,0.0,0.0,0.0,0.0,0.0,0.0,0.0,0.0,0.0,0.0,0.0,0.0,0.0,0.0,0.0,0.0,0.0,0.0,0.0,0.0,0.0,0.0,0.0,0.0,0.0,0.0,0.0,0.0,0.0,0.0,0.0,0.0,0.0,0.0,0.0,0.0,0.0,0.0,0.0,0.0,0.0,0.0,0.0,0.0,0.0,0.0,0.0,0.0,0.0,0.0,0.0,0.0,0.0,0.0,0.0,0.0,0.0,0.0,0.0,0.0,0.0,0.0,0.0,0.0,0.0,0.0,0.0,0.0,0.0,0.0,0.0,0.0,0.0,0.0,0.0,0.0,0.0,0.0,0.0,0.0,0.0,0.0,0.0,0.0,0.0,0.0,0.0,0.0,0.0,0.0,0.0,0.0,0.0
2017-05-31 03:27:00+02:00,0.0,0.0,0.0,0.0,0.0,0.0,0.0,0.0,0.0,0.0,0.0,0.0,0.0,0.0,0.0,0.0,0.0,0.0,0.0,0.0,0.0,0.0,0.0,0.0,0.0,0.0,0.0,0.0,0.0,0.0,0.0,0.0,0.0,0.0,0.0,0.0,0.0,0.0,0.0,0.0,0.0,0.0,0.0,0.0,0.0,0.0,0.0,0.0,0.0,0.0,0.0,0.0,0.0,0.0,0.0,0.0,0.0,0.0,0.0,0.0,0.0,0.0,0.0,0.0,0.0,0.0,0.0,0.0,0.0,0.0,0.0,0.0,0.0,0.0,0.0,0.0,0.0,0.0,0.0,0.0,0.0,0.0,0.0,0.0,0.0,0.0,0.0,0.0,0.0,0.0,0.0,0.0,0.0,0.0,0.0,0.0,0.0,0.0,0.0,0.0,0.0,0.0,0.0,0.0,0.0,0.0,0.0,0.0,0.0,0.0,0.0,0.0,0.0,0.0,0.0,0.0,0.0,0.0
2017-05-31 03:28:00+02:00,0.0,0.0,0.0,0.0,0.0,0.0,0.0,0.0,0.0,0.0,0.0,0.0,0.0,0.0,0.0,0.0,0.0,0.0,0.0,0.0,0.0,0.0,0.0,0.0,0.0,0.0,0.0,0.0,0.0,0.0,0.0,0.0,0.0,0.0,0.0,0.0,0.0,0.0,0.0,0.0,0.0,0.0,0.0,0.0,0.0,0.0,0.0,0.0,0.0,0.0,0.0,0.0,0.0,0.0,0.0,0.0,0.0,0.0,0.0,0.0,0.0,0.0,0.0,0.0,0.0,0.0,0.0,0.0,0.0,0.0,0.0,0.0,0.0,0.0,0.0,0.0,0.0,0.0,0.0,0.0,0.0,0.0,0.0,0.0,0.0,0.0,0.0,0.0,0.0,0.0,0.0,0.0,0.0,0.0,0.0,0.0,0.0,0.0,0.0,0.0,0.0,0.0,0.0,0.0,0.0,0.0,0.0,0.0,0.0,0.0,0.0,0.0,0.0,0.0,0.0,0.0,0.0,0.0
2017-05-31 03:29:00+02:00,0.0,0.0,0.0,0.0,0.0,0.0,0.0,0.0,0.0,0.0,0.0,0.0,0.0,0.0,0.0,0.0,0.0,0.0,0.0,0.0,0.0,0.0,0.0,0.0,0.0,0.0,0.0,0.0,0.0,0.0,0.0,0.0,0.0,0.0,0.0,0.0,0.0,0.0,0.0,0.0,0.0,0.0,0.0,0.0,0.0,0.0,0.0,0.0,0.0,0.0,0.0,0.0,0.0,0.0,0.0,0.0,0.0,0.0,0.0,0.0,0.0,0.0,0.0,0.0,0.0,0.0,0.0,0.0,0.0,0.0,0.0,0.0,0.0,0.0,0.0,0.0,0.0,0.0,0.0,0.0,0.0,0.0,0.0,0.0,0.0,0.0,0.0,0.0,0.0,0.0,0.0,0.0,0.0,0.0,0.0,0.0,0.0,0.0,0.0,0.0,0.0,0.0,0.0,0.0,0.0,0.0,0.0,0.0,0.0,0.0,0.0,0.0,0.0,0.0,0.0,0.0,0.0,0.0
2017-05-31 03:30:00+02:00,0.0,0.0,0.0,0.0,0.0,0.0,0.0,0.0,0.0,0.0,0.0,0.0,0.0,0.0,0.0,0.0,0.0,0.0,0.0,0.0,0.0,0.0,0.0,0.0,0.0,0.0,0.0,0.0,0.0,0.0,0.0,0.0,0.0,0.0,0.0,0.0,0.0,0.0,0.0,0.0,0.0,0.0,0.0,0.0,0.0,0.0,0.0,0.0,0.0,0.0,0.0,0.0,0.0,0.0,0.0,0.0,0.0,0.0,0.0,0.0,0.0,0.0,0.0,0.0,0.0,0.0,0.0,0.0,0.0,0.0,0.0,0.0,0.0,0.0,0.0,0.0,0.0,0.0,0.0,0.0,0.0,0.0,0.0,0.0,0.0,0.0,0.0,0.0,0.0,0.0,0.0,0.0,0.0,0.0,0.0,0.0,0.0,0.0,0.0,0.0,0.0,0.0,0.0,0.0,0.0,0.0,0.0,0.0,0.0,0.0,0.0,0.0,0.0,0.0,0.0,0.0,0.0,0.0
2017-05-31 03:31:00+02:00,0.0,0.0,0.0,0.0,0.0,0.0,0.0,0.0,0.0,0.0,0.0,0.0,0.0,0.0,0.0,0.0,0.0,0.0,0.0,0.0,0.0,0.0,0.0,0.0,0.0,0.0,0.0,0.0,0.0,0.0,0.0,0.0,0.0,0.0,0.0,0.0,0.0,0.0,0.0,0.0,0.0,0.0,0.0,0.0,0.0,0.0,0.0,0.0,0.0,0.0,0.0,0.0,0.0,0.0,0.0,0.0,0.0,0.0,0.0,0.0,0.0,0.0,0.0,0.0,0.0,0.0,0.0,0.0,0.0,0.0,0.0,0.0,0.0,0.0,0.0,0.0,0.0,0.0,0.0,0.0,0.0,0.0,0.0,0.0,0.0,0.0,0.0,0.0,0.0,0.0,0.0,0.0,0.0,0.0,0.0,0.0,0.0,0.0,0.0,0.0,0.0,0.0,0.0,0.0,0.0,0.0,0.0,0.0,0.0,0.0,0.0,0.0,0.0,0.0,0.0,0.0,0.0,0.0
2017-05-31 03:32:00+02:00,0.0,0.0,0.0,0.0,0.0,0.0,0.0,0.0,0.0,0.0,0.0,0.0,0.0,0.0,0.0,0.0,0.0,0.0,0.0,0.0,0.0,0.0,0.0,0.0,0.0,0.0,0.0,0.0,0.0,0.0,0.0,0.0,0.0,0.0,0.0,0.0,0.0,0.0,0.0,0.0,0.0,0.0,0.0,0.0,0.0,0.0,0.0,0.0,0.0,0.0,0.0,0.0,0.0,0.0,0.0,0.0,0.0,0.0,0.0,0.0,0.0,0.0,0.0,0.0,0.0,0.0,0.0,0.0,0.0,0.0,0.0,0.0,0.0,0.0,0.0,0.0,0.0,0.0,0.0,0.0,0.0,0.0,0.0,0.0,0.0,0.0,0.0,0.0,0.0,0.0,0.0,0.0,0.0,0.0,0.0,0.0,0.0,0.0,0.0,0.0,0.0,0.0,0.0,0.0,0.0,0.0,0.0,0.0,0.0,0.0,0.0,0.0,0.0,0.0,0.0,0.0,0.0,0.0
2017-05-31 03:33:00+02:00,0.0,0.0,0.0,0.0,0.0,0.0,0.0,0.0,0.0,0.0,0.0,0.0,0.0,0.0,0.0,0.0,0.0,0.0,0.0,0.0,0.0,0.0,0.0,0.0,0.0,0.0,0.0,0.0,0.0,0.0,0.0,0.0,0.0,0.0,0.0,0.0,0.0,0.0,0.0,0.0,0.0,0.0,0.0,0.0,0.0,0.0,0.0,0.0,0.0,0.0,0.0,0.0,0.0,0.0,0.0,0.0,0.0,0.0,0.0,0.0,0.0,0.0,0.0,0.0,0.0,0.0,0.0,0.0,0.0,0.0,0.0,0.0,0.0,0.0,0.0,0.0,0.0,0.0,0.0,0.0,0.0,0.0,0.0,0.0,0.0,0.0,0.0,0.0,0.0,0.0,0.0,0.0,0.0,0.0,0.0,0.0,0.0,0.0,0.0,0.0,0.0,0.0,0.0,0.0,0.0,0.0,0.0,0.0,0.0,0.0,0.0,0.0,0.0,0.0,0.0,0.0,0.0,0.0
2017-05-31 03:34:00+02:00,0.0,0.0,0.0,0.0,0.0,0.0,0.0,0.0,0.0,0.0,0.0,0.0,0.0,0.0,0.0,0.0,0.0,0.0,0.0,0.0,0.0,0.0,0.0,0.0,0.0,0.0,0.0,0.0,0.0,0.0,0.0,0.0,0.0,0.0,0.0,0.0,0.0,0.0,0.0,0.0,0.0,0.0,0.0,0.0,0.0,0.0,0.0,0.0,0.0,0.0,0.0,0.0,0.0,0.0,0.0,0.0,0.0,0.0,0.0,0.0,0.0,0.0,0.0,0.0,0.0,0.0,0.0,0.0,0.0,0.0,0.0,0.0,0.0,0.0,0.0,0.0,0.0,0.0,0.0,0.0,0.0,0.0,0.0,0.0,0.0,0.0,0.0,0.0,0.0,0.0,0.0,0.0,0.0,0.0,0.0,0.0,0.0,0.0,0.0,0.0,0.0,0.0,0.0,0.0,0.0,0.0,0.0,0.0,0.0,0.0,0.0,0.0,0.0,0.0,0.0,0.0,0.0,0.0
2017-05-31 03:35:00+02:00,0.0,0.0,0.0,0.0,0.0,0.0,0.0,0.0,0.0,0.0,0.0,0.0,0.0,0.0,0.0,0.0,0.0,0.0,0.0,0.0,0.0,0.0,0.0,0.0,0.0,0.0,0.0,0.0,0.0,0.0,0.0,0.0,0.0,0.0,0.0,0.0,0.0,0.0,0.0,0.0,0.0,0.0,0.0,0.0,0.0,0.0,0.0,0.0,0.0,0.0,0.0,0.0,0.0,0.0,0.0,0.0,0.0,0.0,0.0,0.0,0.0,0.0,0.0,0.0,0.0,0.0,0.0,0.0,0.0,0.0,0.0,0.0,0.0,0.0,0.0,0.0,0.0,0.0,0.0,0.0,0.0,0.0,0.0,0.0,0.0,0.0,0.0,0.0,0.0,0.0,0.0,0.0,0.0,0.0,0.0,0.0,0.0,0.0,0.0,0.0,0.0,0.0,0.0,0.0,0.0,0.0,0.0,0.0,0.0,0.0,0.0,0.0,0.0,0.0,0.0,0.0,0.0,0.0
2017-05-31 03:36:00+02:00,0.0,0.0,0.0,0.0,0.0,0.0,0.0,0.0,0.0,0.0,0.0,0.0,0.0,0.0,0.0,0.0,0.0,0.0,0.0,0.0,0.0,0.0,0.0,0.0,0.0,0.0,0.0,0.0,0.0,0.0,0.0,0.0,0.0,0.0,0.0,0.0,0.0,0.0,0.0,0.0,0.0,0.0,0.0,0.0,0.0,0.0,0.0,0.0,0.0,0.0,0.0,0.0,0.0,0.0,0.0,0.0,0.0,0.0,0.0,0.0,0.0,0.0,0.0,0.0,0.0,0.0,0.0,0.0,0.0,0.0,0.0,0.0,0.0,0.0,0.0,0.0,0.0,0.0,0.0,0.0,0.0,0.0,0.0,0.0,0.0,0.0,0.0,0.0,0.0,0.0,0.0,0.0,0.0,0.0,0.0,0.0,0.0,0.0,0.0,0.0,0.0,0.0,0.0,0.0,0.0,0.0,0.0,0.0,0.0,0.0,0.0,0.0,0.0,0.0,0.0,0.0,0.0,0.0
2017-05-31 03:37:00+02:00,0.0,0.0,0.0,0.0,0.0,0.0,0.0,0.0,0.0,0.0,0.0,0.0,0.0,0.0,0.0,0.0,0.0,0.0,0.0,0.0,0.0,0.0,0.0,0.0,0.0,0.0,0.0,0.0,0.0,0.0,0.0,0.0,0.0,0.0,0.0,0.0,0.0,0.0,0.0,0.0,0.0,0.0,0.0,0.0,0.0,0.0,0.0,0.0,0.0,0.0,0.0,0.0,0.0,0.0,0.0,0.0,0.0,0.0,0.0,0.0,0.0,0.0,0.0,0.0,0.0,0.0,0.0,0.0,0.0,0.0,0.0,0.0,0.0,0.0,0.0,0.0,0.0,0.0,0.0,0.0,0.0,0.0,0.0,0.0,0.0,0.0,0.0,0.0,0.0,0.0,0.0,0.0,0.0,0.0,0.0,0.0,0.0,0.0,0.0,0.0,0.0,0.0,0.0,0.0,0.0,0.0,0.0,0.0,0.0,0.0,0.0,0.0,0.0,0.0,0.0,0.0,0.0,0.0
2017-05-31 03:38:00+02:00,0.0,0.0,0.0,0.0,0.0,0.0,0.0,0.0,0.0,0.0,0.0,0.0,0.0,0.0,0.0,0.0,0.0,0.0,0.0,0.0,0.0,0.0,0.0,0.0,0.0,0.0,0.0,0.0,0.0,0.0,0.0,0.0,0.0,0.0,0.0,0.0,0.0,0.0,0.0,0.0,0.0,0.0,0.0,0.0,0.0,0.0,0.0,0.0,0.0,0.0,0.0,0.0,0.0,0.0,0.0,0.0,0.0,0.0,0.0,0.0,0.0,0.0,0.0,0.0,0.0,0.0,0.0,0.0,0.0,0.0,0.0,0.0,0.0,0.0,0.0,0.0,0.0,0.0,0.0,0.0,0.0,0.0,0.0,0.0,0.0,0.0,0.0,0.0,0.0,0.0,0.0,0.0,0.0,0.0,0.0,0.0,0.0,0.0,0.0,0.0,0.0,0.0,0.0,0.0,0.0,0.0,0.0,0.0,0.0,0.0,0.0,0.0,0.0,0.0,0.0,0.0,0.0,0.0
2017-05-31 03:39:00+02:00,0.0,0.0,0.0,0.0,0.0,0.0,0.0,0.0,0.0,0.0,0.0,0.0,0.0,0.0,0.0,0.0,0.0,0.0,0.0,0.0,0.0,0.0,0.0,0.0,0.0,0.0,0.0,0.0,0.0,0.0,0.0,0.0,0.0,0.0,0.0,0.0,0.0,0.0,0.0,0.0,0.0,0.0,0.0,0.0,0.0,0.0,0.0,0.0,0.0,0.0,0.0,0.0,0.0,0.0,0.0,0.0,0.0,0.0,0.0,0.0,0.0,0.0,0.0,0.0,0.0,0.0,0.0,0.0,0.0,0.0,0.0,0.0,0.0,0.0,0.0,0.0,0.0,0.0,0.0,0.0,0.0,0.0,0.0,0.0,0.0,0.0,0.0,0.0,0.0,0.0,0.0,0.0,0.0,0.0,0.0,0.0,0.0,0.0,0.0,0.0,0.0,0.0,0.0,0.0,0.0,0.0,0.0,0.0,0.0,0.0,0.0,0.0,0.0,0.0,0.0,0.0,0.0,0.0
2017-05-31 03:40:00+02:00,0.0,0.0,0.0,0.0,0.0,0.0,0.0,0.0,0.0,0.0,0.0,0.0,0.0,0.0,0.0,0.0,0.0,0.0,0.0,0.0,0.0,0.0,0.0,0.0,0.0,0.0,0.0,0.0,0.0,0.0,0.0,0.0,0.0,0.0,0.0,0.0,0.0,0.0,0.0,0.0,0.0,0.0,0.0,0.0,0.0,0.0,0.0,0.0,0.0,0.0,0.0,0.0,0.0,0.0,0.0,0.0,0.0,0.0,0.0,0.0,0.0,0.0,0.0,0.0,0.0,0.0,0.0,0.0,0.0,0.0,0.0,0.0,0.0,0.0,0.0,0.0,0.0,0.0,0.0,0.0,0.0,0.0,0.0,0.0,0.0,0.0,0.0,0.0,0.0,0.0,0.0,0.0,0.0,0.0,0.0,0.0,0.0,0.0,0.0,0.0,0.0,0.0,0.0,0.0,0.0,0.0,0.0,0.0,0.0,0.0,0.0,0.0,0.0,0.0,0.0,0.0,0.0,0.0
2017-05-31 03:41:00+02:00,0.0,0.0,0.0,0.0,0.0,0.0,0.0,0.0,0.0,0.0,0.0,0.0,0.0,0.0,0.0,0.0,0.0,0.0,0.0,0.0,0.0,0.0,0.0,0.0,0.0,0.0,0.0,0.0,0.0,0.0,0.0,0.0,0.0,0.0,0.0,0.0,0.0,0.0,0.0,0.0,0.0,0.0,0.0,0.0,0.0,0.0,0.0,0.0,0.0,0.0,0.0,0.0,0.0,0.0,0.0,0.0,0.0,0.0,0.0,0.0,0.0,0.0,0.0,0.0,0.0,0.0,0.0,0.0,0.0,0.0,0.0,0.0,0.0,0.0,0.0,0.0,0.0,0.0,0.0,0.0,0.0,0.0,0.0,0.0,0.0,0.0,0.0,0.0,0.0,0.0,0.0,0.0,0.0,0.0,0.0,0.0,0.0,0.0,0.0,0.0,0.0,0.0,0.0,0.0,0.0,0.0,0.0,0.0,0.0,0.0,0.0,0.0,0.0,0.0,0.0,0.0,0.0,0.0
2017-05-31 03:42:00+02:00,0.0,0.0,0.0,0.0,0.0,0.0,0.0,0.0,0.0,0.0,0.0,0.0,0.0,0.0,0.0,0.0,0.0,0.0,0.0,0.0,0.0,0.0,0.0,0.0,0.0,0.0,0.0,0.0,0.0,0.0,0.0,0.0,0.0,0.0,0.0,0.0,0.0,0.0,0.0,0.0,0.0,0.0,0.0,0.0,0.0,0.0,0.0,0.0,0.0,0.0,0.0,0.0,0.0,0.0,0.0,0.0,0.0,0.0,0.0,0.0,0.0,0.0,0.0,0.0,0.0,0.0,0.0,0.0,0.0,0.0,0.0,0.0,0.0,0.0,0.0,0.0,0.0,0.0,0.0,0.0,0.0,0.0,0.0,0.0,0.0,0.0,0.0,0.0,0.0,0.0,0.0,0.0,0.0,0.0,0.0,0.0,0.0,0.0,0.0,0.0,0.0,0.0,0.0,0.0,0.0,0.0,0.0,0.0,0.0,0.0,0.0,0.0,0.0,0.0,0.0,0.0,0.0,0.0
2017-05-31 03:43:00+02:00,0.0,0.0,0.0,0.0,0.0,0.0,0.0,0.0,0.0,0.0,0.0,0.0,0.0,0.0,0.0,0.0,0.0,0.0,0.0,0.0,0.0,0.0,0.0,0.0,0.0,0.0,0.0,0.0,0.0,0.0,0.0,0.0,0.0,0.0,0.0,0.0,0.0,0.0,0.0,0.0,0.0,0.0,0.0,0.0,0.0,0.0,0.0,0.0,0.0,0.0,0.0,0.0,0.0,0.0,0.0,0.0,0.0,0.0,0.0,0.0,0.0,0.0,0.0,0.0,0.0,0.0,0.0,0.0,0.0,0.0,0.0,0.0,0.0,0.0,0.0,0.0,0.0,0.0,0.0,0.0,0.0,0.0,0.0,0.0,0.0,0.0,0.0,0.0,0.0,0.0,0.0,0.0,0.0,0.0,0.0,0.0,0.0,0.0,0.0,0.0,0.0,0.0,0.0,0.0,0.0,0.0,0.0,0.0,0.0,0.0,0.0,0.0,0.0,0.0,0.0,0.0,0.0,0.0
2017-05-31 03:44:00+02:00,0.0,0.0,0.0,0.0,0.0,0.0,0.0,0.0,0.0,0.0,0.0,0.0,0.0,0.0,0.0,0.0,0.0,0.0,0.0,0.0,0.0,0.0,0.0,0.0,0.0,0.0,0.0,0.0,0.0,0.0,0.0,0.0,0.0,0.0,0.0,0.0,0.0,0.0,0.0,0.0,0.0,0.0,0.0,0.0,0.0,0.0,0.0,0.0,0.0,0.0,0.0,0.0,0.0,0.0,0.0,0.0,0.0,0.0,0.0,0.0,0.0,0.0,0.0,0.0,0.0,0.0,0.0,0.0,0.0,0.0,0.0,0.0,0.0,0.0,0.0,0.0,0.0,0.0,0.0,0.0,0.0,0.0,0.0,0.0,0.0,0.0,0.0,0.0,0.0,0.0,0.0,0.0,0.0,0.0,0.0,0.0,0.0,0.0,0.0,0.0,0.0,0.0,0.0,0.0,0.0,0.0,0.0,0.0,0.0,0.0,0.0,0.0,0.0,0.0,0.0,0.0,0.0,0.0
2017-05-31 03:45:00+02:00,0.0,0.0,0.0,0.0,0.0,0.0,0.0,0.0,0.0,0.0,0.0,0.0,0.0,0.0,0.0,0.0,0.0,0.0,0.0,0.0,0.0,0.0,0.0,0.0,0.0,0.0,0.0,0.0,0.0,0.0,0.0,0.0,0.0,0.0,0.0,0.0,0.0,0.0,0.0,0.0,0.0,0.0,0.0,0.0,0.0,0.0,0.0,0.0,0.0,0.0,0.0,0.0,0.0,0.0,0.0,0.0,0.0,0.0,0.0,0.0,0.0,0.0,0.0,0.0,0.0,0.0,0.0,0.0,0.0,0.0,0.0,0.0,0.0,0.0,0.0,0.0,0.0,0.0,0.0,0.0,0.0,0.0,0.0,0.0,0.0,0.0,0.0,0.0,0.0,0.0,0.0,0.0,0.0,0.0,0.0,0.0,0.0,0.0,0.0,0.0,0.0,0.0,0.0,0.0,0.0,0.0,0.0,0.0,0.0,0.0,0.0,0.0,0.0,0.0,0.0,0.0,0.0,0.0
2017-05-31 03:46:00+02:00,0.0,0.0,0.0,0.0,0.0,0.0,0.0,0.0,0.0,0.0,0.0,0.0,0.0,0.0,0.0,0.0,0.0,0.0,0.0,0.0,0.0,0.0,0.0,0.0,0.0,0.0,0.0,0.0,0.0,0.0,0.0,0.0,0.0,0.0,0.0,0.0,0.0,0.0,0.0,0.0,0.0,0.0,0.0,0.0,0.0,0.0,0.0,0.0,0.0,0.0,0.0,0.0,0.0,0.0,0.0,0.0,0.0,0.0,0.0,0.0,0.0,0.0,0.0,0.0,0.0,0.0,0.0,0.0,0.0,0.0,0.0,0.0,0.0,0.0,0.0,0.0,0.0,0.0,0.0,0.0,0.0,0.0,0.0,0.0,0.0,0.0,0.0,0.0,0.0,0.0,0.0,0.0,0.0,0.0,0.0,0.0,0.0,0.0,0.0,0.0,0.0,0.0,0.0,0.0,0.0,0.0,0.0,0.0,0.0,0.0,0.0,0.0,0.0,0.0,0.0,0.0,0.0,0.0
2017-05-31 03:47:00+02:00,0.0,0.0,0.0,0.0,0.0,0.0,0.0,0.0,0.0,0.0,0.0,0.0,0.0,0.0,0.0,0.0,0.0,0.0,0.0,0.0,0.0,0.0,0.0,0.0,0.0,0.0,0.0,0.0,0.0,0.0,0.0,0.0,0.0,0.0,0.0,0.0,0.0,0.0,0.0,0.0,0.0,0.0,0.0,0.0,0.0,0.0,0.0,0.0,0.0,0.0,0.0,0.0,0.0,0.0,0.0,0.0,0.0,0.0,0.0,0.0,0.0,0.0,0.0,0.0,0.0,0.0,0.0,0.0,0.0,0.0,0.0,0.0,0.0,0.0,0.0,0.0,0.0,0.0,0.0,0.0,0.0,0.0,0.0,0.0,0.0,0.0,0.0,0.0,0.0,0.0,0.0,0.0,0.0,0.0,0.0,0.0,0.0,0.0,0.0,0.0,0.0,0.0,0.0,0.0,0.0,0.0,0.0,0.0,0.0,0.0,0.0,0.0,0.0,0.0,0.0,0.0,0.0,0.0
2017-05-31 03:48:00+02:00,0.0,0.0,0.0,0.0,0.0,0.0,0.0,0.0,0.0,0.0,0.0,0.0,0.0,0.0,0.0,0.0,0.0,0.0,0.0,0.0,0.0,0.0,0.0,0.0,0.0,0.0,0.0,0.0,0.0,0.0,0.0,0.0,0.0,0.0,0.0,0.0,0.0,0.0,0.0,0.0,0.0,0.0,0.0,0.0,0.0,0.0,0.0,0.0,0.0,0.0,0.0,0.0,0.0,0.0,0.0,0.0,0.0,0.0,0.0,0.0,0.0,0.0,0.0,0.0,0.0,0.0,0.0,0.0,0.0,0.0,0.0,0.0,0.0,0.0,0.0,0.0,0.0,0.0,0.0,0.0,0.0,0.0,0.0,0.0,0.0,0.0,0.0,0.0,0.0,0.0,0.0,0.0,0.0,0.0,0.0,0.0,0.0,0.0,0.0,0.0,0.0,0.0,0.0,0.0,0.0,0.0,0.0,0.0,0.0,0.0,0.0,0.0,0.0,0.0,0.0,0.0,0.0,0.0
2017-05-31 03:49:00+02:00,0.0,0.0,0.0,0.0,0.0,0.0,0.0,0.0,0.0,0.0,0.0,0.0,0.0,0.0,0.0,0.0,0.0,0.0,0.0,0.0,0.0,0.0,0.0,0.0,0.0,0.0,0.0,0.0,0.0,0.0,0.0,0.0,0.0,0.0,0.0,0.0,0.0,0.0,0.0,0.0,0.0,0.0,0.0,0.0,0.0,0.0,0.0,0.0,0.0,0.0,0.0,0.0,0.0,0.0,0.0,0.0,0.0,0.0,0.0,0.0,0.0,0.0,0.0,0.0,0.0,0.0,0.0,0.0,0.0,0.0,0.0,0.0,0.0,0.0,0.0,0.0,0.0,0.0,0.0,0.0,0.0,0.0,0.0,0.0,0.0,0.0,0.0,0.0,0.0,0.0,0.0,0.0,0.0,0.0,0.0,0.0,0.0,0.0,0.0,0.0,0.0,0.0,0.0,0.0,0.0,0.0,0.0,0.0,0.0,0.0,0.0,0.0,0.0,0.0,0.0,0.0,0.0,0.0
2017-05-31 03:50:00+02:00,0.0,0.0,0.0,0.0,0.0,0.0,0.0,0.0,0.0,0.0,0.0,0.0,0.0,0.0,0.0,0.0,0.0,0.0,0.0,0.0,0.0,0.0,0.0,0.0,0.0,0.0,0.0,0.0,0.0,0.0,0.0,0.0,0.0,0.0,0.0,0.0,0.0,0.0,0.0,0.0,0.0,0.0,0.0,0.0,0.0,0.0,0.0,0.0,0.0,0.0,0.0,0.0,0.0,0.0,0.0,0.0,0.0,0.0,0.0,0.0,0.0,0.0,0.0,0.0,0.0,0.0,0.0,0.0,0.0,0.0,0.0,0.0,0.0,0.0,0.0,0.0,0.0,0.0,0.0,0.0,0.0,0.0,0.0,0.0,0.0,0.0,0.0,0.0,0.0,0.0,0.0,0.0,0.0,0.0,0.0,0.0,0.0,0.0,0.0,0.0,0.0,0.0,0.0,0.0,0.0,0.0,0.0,0.0,0.0,0.0,0.0,0.0,0.0,0.0,0.0,0.0,0.0,0.0
2017-05-31 03:51:00+02:00,0.0,0.0,0.0,0.0,0.0,0.0,0.0,0.0,0.0,0.0,0.0,0.0,0.0,0.0,0.0,0.0,0.0,0.0,0.0,0.0,0.0,0.0,0.0,0.0,0.0,0.0,0.0,0.0,0.0,0.0,0.0,0.0,0.0,0.0,0.0,0.0,0.0,0.0,0.0,0.0,0.0,0.0,0.0,0.0,0.0,0.0,0.0,0.0,0.0,0.0,0.0,0.0,0.0,0.0,0.0,0.0,0.0,0.0,0.0,0.0,0.0,0.0,0.0,0.0,0.0,0.0,0.0,0.0,0.0,0.0,0.0,0.0,0.0,0.0,0.0,0.0,0.0,0.0,0.0,0.0,0.0,0.0,0.0,0.0,0.0,0.0,0.0,0.0,0.0,0.0,0.0,0.0,0.0,0.0,0.0,0.0,0.0,0.0,0.0,0.0,0.0,0.0,0.0,0.0,0.0,0.0,0.0,0.0,0.0,0.0,0.0,0.0,0.0,0.0,0.0,0.0,0.0,0.0
2017-05-31 03:52:00+02:00,0.0,0.0,0.0,0.0,0.0,0.0,0.0,0.0,0.0,0.0,0.0,0.0,0.0,0.0,0.0,0.0,0.0,0.0,0.0,0.0,0.0,0.0,0.0,0.0,0.0,0.0,0.0,0.0,0.0,0.0,0.0,0.0,0.0,0.0,0.0,0.0,0.0,0.0,0.0,0.0,0.0,0.0,0.0,0.0,0.0,0.0,0.0,0.0,0.0,0.0,0.0,0.0,0.0,0.0,0.0,0.0,0.0,0.0,0.0,0.0,0.0,0.0,0.0,0.0,0.0,0.0,0.0,0.0,0.0,0.0,0.0,0.0,0.0,0.0,0.0,0.0,0.0,0.0,0.0,0.0,0.0,0.0,0.0,0.0,0.0,0.0,0.0,0.0,0.0,0.0,0.0,0.0,0.0,0.0,0.0,0.0,0.0,0.0,0.0,0.0,0.0,0.0,0.0,0.0,0.0,0.0,0.0,0.0,0.0,0.0,0.0,0.0,0.0,0.0,0.0,0.0,0.0,0.0
2017-05-31 03:53:00+02:00,0.0,0.0,0.0,0.0,0.0,0.0,0.0,0.0,0.0,0.0,0.0,0.0,0.0,0.0,0.0,0.0,0.0,0.0,0.0,0.0,0.0,0.0,0.0,0.0,0.0,0.0,0.0,0.0,0.0,0.0,0.0,0.0,0.0,0.0,0.0,0.0,0.0,0.0,0.0,0.0,0.0,0.0,0.0,0.0,0.0,0.0,0.0,0.0,0.0,0.0,0.0,0.0,0.0,0.0,0.0,0.0,0.0,0.0,0.0,0.0,0.0,0.0,0.0,0.0,0.0,0.0,0.0,0.0,0.0,0.0,0.0,0.0,0.0,0.0,0.0,0.0,0.0,0.0,0.0,0.0,0.0,0.0,0.0,0.0,0.0,0.0,0.0,0.0,0.0,0.0,0.0,0.0,0.0,0.0,0.0,0.0,0.0,0.0,0.0,0.0,0.0,0.0,0.0,0.0,0.0,0.0,0.0,0.0,0.0,0.0,0.0,0.0,0.0,0.0,0.0,0.0,0.0,0.0
2017-05-31 03:54:00+02:00,0.0,0.0,0.0,0.0,0.0,0.0,0.0,0.0,0.0,0.0,0.0,0.0,0.0,0.0,0.0,0.0,0.0,0.0,0.0,0.0,0.0,0.0,0.0,0.0,0.0,0.0,0.0,0.0,0.0,0.0,0.0,0.0,0.0,0.0,0.0,0.0,0.0,0.0,0.0,0.0,0.0,0.0,0.0,0.0,0.0,0.0,0.0,0.0,0.0,0.0,0.0,0.0,0.0,0.0,0.0,0.0,0.0,0.0,0.0,0.0,0.0,0.0,0.0,0.0,0.0,0.0,0.0,0.0,0.0,0.0,0.0,0.0,0.0,0.0,0.0,0.0,0.0,0.0,0.0,0.0,0.0,0.0,0.0,0.0,0.0,0.0,0.0,0.0,0.0,0.0,0.0,0.0,0.0,0.0,0.0,0.0,0.0,0.0,0.0,0.0,0.0,0.0,0.0,0.0,0.0,0.0,0.0,0.0,0.0,0.0,0.0,0.0,0.0,0.0,0.0,0.0,0.0,0.0
2017-05-31 03:55:00+02:00,0.0,0.0,0.0,0.0,0.0,0.0,0.0,0.0,0.0,0.0,0.0,0.0,0.0,0.0,0.0,0.0,0.0,0.0,0.0,0.0,0.0,0.0,0.0,0.0,0.0,0.0,0.0,0.0,0.0,0.0,0.0,0.0,0.0,0.0,0.0,0.0,0.0,0.0,0.0,0.0,0.0,0.0,0.0,0.0,0.0,0.0,0.0,0.0,0.0,0.0,0.0,0.0,0.0,0.0,0.0,0.0,0.0,0.0,0.0,0.0,0.0,0.0,0.0,0.0,0.0,0.0,0.0,0.0,0.0,0.0,0.0,0.0,0.0,0.0,0.0,0.0,0.0,0.0,0.0,0.0,0.0,0.0,0.0,0.0,0.0,0.0,0.0,0.0,0.0,0.0,0.0,0.0,0.0,0.0,0.0,0.0,0.0,0.0,0.0,0.0,0.0,0.0,0.0,0.0,0.0,0.0,0.0,0.0,0.0,0.0,0.0,0.0,0.0,0.0,0.0,0.0,0.0,0.0
2017-05-31 03:56:00+02:00,0.0,0.0,0.0,0.0,0.0,0.0,0.0,0.0,0.0,0.0,0.0,0.0,0.0,0.0,0.0,0.0,0.0,0.0,0.0,0.0,0.0,0.0,0.0,0.0,0.0,0.0,0.0,0.0,0.0,0.0,0.0,0.0,0.0,0.0,0.0,0.0,0.0,0.0,0.0,0.0,0.0,0.0,0.0,0.0,0.0,0.0,0.0,0.0,0.0,0.0,0.0,0.0,0.0,0.0,0.0,0.0,0.0,0.0,0.0,0.0,0.0,0.0,0.0,0.0,0.0,0.0,0.0,0.0,0.0,0.0,0.0,0.0,0.0,0.0,0.0,0.0,0.0,0.0,0.0,0.0,0.0,0.0,0.0,0.0,0.0,0.0,0.0,0.0,0.0,0.0,0.0,0.0,0.0,0.0,0.0,0.0,0.0,0.0,0.0,0.0,0.0,0.0,0.0,0.0,0.0,0.0,0.0,0.0,0.0,0.0,0.0,0.0,0.0,0.0,0.0,0.0,0.0,0.0
2017-05-31 03:57:00+02:00,0.0,0.0,0.0,0.0,0.0,0.0,0.0,0.0,0.0,0.0,0.0,0.0,0.0,0.0,0.0,0.0,0.0,0.0,0.0,0.0,0.0,0.0,0.0,0.0,0.0,0.0,0.0,0.0,0.0,0.0,0.0,0.0,0.0,0.0,0.0,0.0,0.0,0.0,0.0,0.0,0.0,0.0,0.0,0.0,0.0,0.0,0.0,0.0,0.0,0.0,0.0,0.0,0.0,0.0,0.0,0.0,0.0,0.0,0.0,0.0,0.0,0.0,0.0,0.0,0.0,0.0,0.0,0.0,0.0,0.0,0.0,0.0,0.0,0.0,0.0,0.0,0.0,0.0,0.0,0.0,0.0,0.0,0.0,0.0,0.0,0.0,0.0,0.0,0.0,0.0,0.0,0.0,0.0,0.0,0.0,0.0,0.0,0.0,0.0,0.0,0.0,0.0,0.0,0.0,0.0,0.0,0.0,0.0,0.0,0.0,0.0,0.0,0.0,0.0,0.0,0.0,0.0,0.0
2017-05-31 03:58:00+02:00,0.0,0.0,0.0,0.0,0.0,0.0,0.0,0.0,0.0,0.0,0.0,0.0,0.0,0.0,0.0,0.0,0.0,0.0,0.0,0.0,0.0,0.0,0.0,0.0,0.0,0.0,0.0,0.0,0.0,0.0,0.0,0.0,0.0,0.0,0.0,0.0,0.0,0.0,0.0,0.0,0.0,0.0,0.0,0.0,0.0,0.0,0.0,0.0,0.0,0.0,0.0,0.0,0.0,0.0,0.0,0.0,0.0,0.0,0.0,0.0,0.0,0.0,0.0,0.0,0.0,0.0,0.0,0.0,0.0,0.0,0.0,0.0,0.0,0.0,0.0,0.0,0.0,0.0,0.0,0.0,0.0,0.0,0.0,0.0,0.0,0.0,0.0,0.0,0.0,0.0,0.0,0.0,0.0,0.0,0.0,0.0,0.0,0.0,0.0,0.0,0.0,0.0,0.0,0.0,0.0,0.0,0.0,0.0,0.0,0.0,0.0,0.0,0.0,0.0,0.0,0.0,0.0,0.0
2017-05-31 03:59:00+02:00,0.0,0.0,0.0,0.0,0.0,0.0,0.0,0.0,0.0,0.0,0.0,0.0,0.0,0.0,0.0,0.0,0.0,0.0,0.0,0.0,0.0,0.0,0.0,0.0,0.0,0.0,0.0,0.0,0.0,0.0,0.0,0.0,0.0,0.0,0.0,0.0,0.0,0.0,0.0,0.0,0.0,0.0,0.0,0.0,0.0,0.0,0.0,0.0,0.0,0.0,0.0,0.0,0.0,0.0,0.0,0.0,0.0,0.0,0.0,0.0,0.0,0.0,0.0,0.0,0.0,0.0,0.0,0.0,0.0,0.0,0.0,0.0,0.0,0.0,0.0,0.0,0.0,0.0,0.0,0.0,0.0,0.0,0.0,0.0,0.0,0.0,0.0,0.0,0.0,0.0,0.0,0.0,0.0,0.0,0.0,0.0,0.0,0.0,0.0,0.0,0.0,0.0,0.0,0.0,0.0,0.0,0.0,0.0,0.0,0.0,0.0,0.0,0.0,0.0,0.0,0.0,0.0,0.0
2017-05-31 04:00:00+02:00,0.0,0.0,0.0,0.0,0.0,0.0,0.0,0.0,0.0,0.0,0.0,0.0,0.0,0.0,0.0,0.0,0.0,0.0,0.0,0.0,0.0,0.0,0.0,0.0,0.0,0.0,0.0,0.0,0.0,0.0,0.0,0.0,0.0,0.0,0.0,0.0,0.0,0.0,0.0,0.0,0.0,0.0,0.0,0.0,0.0,0.0,0.0,0.0,0.0,0.0,0.0,0.0,0.0,0.0,0.0,0.0,0.0,0.0,0.0,0.0,0.0,0.0,0.0,0.0,0.0,0.0,0.0,0.0,0.0,0.0,0.0,0.0,0.0,0.0,0.0,0.0,0.0,0.0,0.0,0.0,0.0,0.0,0.0,0.0,0.0,0.0,0.0,0.0,0.0,0.0,0.0,0.0,0.0,0.0,0.0,0.0,0.0,0.0,0.0,0.0,0.0,0.0,0.0,0.0,0.0,0.0,0.0,0.0,0.0,0.0,0.0,0.0,0.0,0.0,0.0,0.0,0.0,0.0
2017-05-31 04:01:00+02:00,0.0,0.0,0.0,0.0,0.0,0.0,0.0,0.0,0.0,0.0,0.0,0.0,0.0,0.0,0.0,0.0,0.0,0.0,0.0,0.0,0.0,0.0,0.0,0.0,0.0,0.0,0.0,0.0,0.0,0.0,0.0,0.0,0.0,0.0,0.0,0.0,0.0,0.0,0.0,0.0,0.0,0.0,0.0,0.0,0.0,0.0,0.0,0.0,0.0,0.0,0.0,0.0,0.0,0.0,0.0,0.0,0.0,0.0,0.0,0.0,0.0,0.0,0.0,0.0,0.0,0.0,0.0,0.0,0.0,0.0,0.0,0.0,0.0,0.0,0.0,0.0,0.0,0.0,0.0,0.0,0.0,0.0,0.0,0.0,0.0,0.0,0.0,0.0,0.0,0.0,0.0,0.0,0.0,0.0,0.0,0.0,0.0,0.0,0.0,0.0,0.0,0.0,0.0,0.0,0.0,0.0,0.0,0.0,0.0,0.0,0.0,0.0,0.0,0.0,0.0,0.0,0.0,0.0
2017-05-31 04:02:00+02:00,0.0,0.0,0.0,0.0,0.0,0.0,0.0,0.0,0.0,0.0,0.0,0.0,0.0,0.0,0.0,0.0,0.0,0.0,0.0,0.0,0.0,0.0,0.0,0.0,0.0,0.0,0.0,0.0,0.0,0.0,0.0,0.0,0.0,0.0,0.0,0.0,0.0,0.0,0.0,0.0,0.0,0.0,0.0,0.0,0.0,0.0,0.0,0.0,0.0,0.0,0.0,0.0,0.0,0.0,0.0,0.0,0.0,0.0,0.0,0.0,0.0,0.0,0.0,0.0,0.0,0.0,0.0,0.0,0.0,0.0,0.0,0.0,0.0,0.0,0.0,0.0,0.0,0.0,0.0,0.0,0.0,0.0,0.0,0.0,0.0,0.0,0.0,0.0,0.0,0.0,0.0,0.0,0.0,0.0,0.0,0.0,0.0,0.0,0.0,0.0,0.0,0.0,0.0,0.0,0.0,0.0,0.0,0.0,0.0,0.0,0.0,0.0,0.0,0.0,0.0,0.0,0.0,0.0
2017-05-31 04:03:00+02:00,0.0,0.0,0.0,0.0,0.0,0.0,0.0,0.0,0.0,0.0,0.0,0.0,0.0,0.0,0.0,0.0,0.0,0.0,0.0,0.0,0.0,0.0,0.0,0.0,0.0,0.0,0.0,0.0,0.0,0.0,0.0,0.0,0.0,0.0,0.0,0.0,0.0,0.0,0.0,0.0,0.0,0.0,0.0,0.0,0.0,0.0,0.0,0.0,0.0,0.0,0.0,0.0,0.0,0.0,0.0,0.0,0.0,0.0,0.0,0.0,0.0,0.0,0.0,0.0,0.0,0.0,0.0,0.0,0.0,0.0,0.0,0.0,0.0,0.0,0.0,0.0,0.0,0.0,0.0,0.0,0.0,0.0,0.0,0.0,0.0,0.0,0.0,0.0,0.0,0.0,0.0,0.0,0.0,0.0,0.0,0.0,0.0,0.0,0.0,0.0,0.0,0.0,0.0,0.0,0.0,0.0,0.0,0.0,0.0,0.0,0.0,0.0,0.0,0.0,0.0,0.0,0.0,0.0
2017-05-31 04:04:00+02:00,0.0,0.0,0.0,0.0,0.0,0.0,0.0,0.0,0.0,0.0,0.0,0.0,0.0,0.0,0.0,0.0,0.0,0.0,0.0,0.0,0.0,0.0,0.0,0.0,0.0,0.0,0.0,0.0,0.0,0.0,0.0,0.0,0.0,0.0,0.0,0.0,0.0,0.0,0.0,0.0,0.0,0.0,0.0,0.0,0.0,0.0,0.0,0.0,0.0,0.0,0.0,0.0,0.0,0.0,0.0,0.0,0.0,0.0,0.0,0.0,0.0,0.0,0.0,0.0,0.0,0.0,0.0,0.0,0.0,0.0,0.0,0.0,0.0,0.0,0.0,0.0,0.0,0.0,0.0,0.0,0.0,0.0,0.0,0.0,0.0,0.0,0.0,0.0,0.0,0.0,0.0,0.0,0.0,0.0,0.0,0.0,0.0,0.0,0.0,0.0,0.0,0.0,0.0,0.0,0.0,0.0,0.0,0.0,0.0,0.0,0.0,0.0,0.0,0.0,0.0,0.0,0.0,0.0
2017-05-31 04:05:00+02:00,0.0,0.0,0.0,0.0,0.0,0.0,0.0,0.0,0.0,0.0,0.0,0.0,0.0,0.0,0.0,0.0,0.0,0.0,0.0,0.0,0.0,0.0,0.0,0.0,0.0,0.0,0.0,0.0,0.0,0.0,0.0,0.0,0.0,0.0,0.0,0.0,0.0,0.0,0.0,0.0,0.0,0.0,0.0,0.0,0.0,0.0,0.0,0.0,0.0,0.0,0.0,0.0,0.0,0.0,0.0,0.0,0.0,0.0,0.0,0.0,0.0,0.0,0.0,0.0,0.0,0.0,0.0,0.0,0.0,0.0,0.0,0.0,0.0,0.0,0.0,0.0,0.0,0.0,0.0,0.0,0.0,0.0,0.0,0.0,0.0,0.0,0.0,0.0,0.0,0.0,0.0,0.0,0.0,0.0,0.0,0.0,0.0,0.0,0.0,0.0,0.0,0.0,0.0,0.0,0.0,0.0,0.0,0.0,0.0,0.0,0.0,0.0,0.0,0.0,0.0,0.0,0.0,0.0
2017-05-31 04:06:00+02:00,0.0,0.0,0.0,0.0,0.0,0.0,0.0,0.0,0.0,0.0,0.0,0.0,0.0,0.0,0.0,0.0,0.0,0.0,0.0,0.0,0.0,0.0,0.0,0.0,0.0,0.0,0.0,0.0,0.0,0.0,0.0,0.0,0.0,0.0,0.0,0.0,0.0,0.0,0.0,0.0,0.0,0.0,0.0,0.0,0.0,0.0,0.0,0.0,0.0,0.0,0.0,0.0,0.0,0.0,0.0,0.0,0.0,0.0,0.0,0.0,0.0,0.0,0.0,0.0,0.0,0.0,0.0,0.0,0.0,0.0,0.0,0.0,0.0,0.0,0.0,0.0,0.0,0.0,0.0,0.0,0.0,0.0,0.0,0.0,0.0,0.0,0.0,0.0,0.0,0.0,0.0,0.0,0.0,0.0,0.0,0.0,0.0,0.0,0.0,0.0,0.0,0.0,0.0,0.0,0.0,0.0,0.0,0.0,0.0,0.0,0.0,0.0,0.0,0.0,0.0,0.0,0.0,0.0
2017-05-31 04:07:00+02:00,0.0,0.0,0.0,0.0,0.0,0.0,0.0,0.0,0.0,0.0,0.0,0.0,0.0,0.0,0.0,0.0,0.0,0.0,0.0,0.0,0.0,0.0,0.0,0.0,0.0,0.0,0.0,0.0,0.0,0.0,0.0,0.0,0.0,0.0,0.0,0.0,0.0,0.0,0.0,0.0,0.0,0.0,0.0,0.0,0.0,0.0,0.0,0.0,0.0,0.0,0.0,0.0,0.0,0.0,0.0,0.0,0.0,0.0,0.0,0.0,0.0,0.0,0.0,0.0,0.0,0.0,0.0,0.0,0.0,0.0,0.0,0.0,0.0,0.0,0.0,0.0,0.0,0.0,0.0,0.0,0.0,0.0,0.0,0.0,0.0,0.0,0.0,0.0,0.0,0.0,0.0,0.0,0.0,0.0,0.0,0.0,0.0,0.0,0.0,0.0,0.0,0.0,0.0,0.0,0.0,0.0,0.0,0.0,0.0,0.0,0.0,0.0,0.0,0.0,0.0,0.0,0.0,0.0
2017-05-31 04:08:00+02:00,0.0,0.0,0.0,0.0,0.0,0.0,0.0,0.0,0.0,0.0,0.0,0.0,0.0,0.0,0.0,0.0,0.0,0.0,0.0,0.0,0.0,0.0,0.0,0.0,0.0,0.0,0.0,0.0,0.0,0.0,0.0,0.0,0.0,0.0,0.0,0.0,0.0,0.0,0.0,0.0,0.0,0.0,0.0,0.0,0.0,0.0,0.0,0.0,0.0,0.0,0.0,0.0,0.0,0.0,0.0,0.0,0.0,0.0,0.0,0.0,0.0,0.0,0.0,0.0,0.0,0.0,0.0,0.0,0.0,0.0,0.0,0.0,0.0,0.0,0.0,0.0,0.0,0.0,0.0,0.0,0.0,0.0,0.0,0.0,0.0,0.0,0.0,0.0,0.0,0.0,0.0,0.0,0.0,0.0,0.0,0.0,0.0,0.0,0.0,0.0,0.0,0.0,0.0,0.0,0.0,0.0,0.0,0.0,0.0,0.0,0.0,0.0,0.0,0.0,0.0,0.0,0.0,0.0
2017-05-31 04:09:00+02:00,0.0,0.0,0.0,0.0,0.0,0.0,0.0,0.0,0.0,0.0,0.0,0.0,0.0,0.0,0.0,0.0,0.0,0.0,0.0,0.0,0.0,0.0,0.0,0.0,0.0,0.0,0.0,0.0,0.0,0.0,0.0,0.0,0.0,0.0,0.0,0.0,0.0,0.0,0.0,0.0,0.0,0.0,0.0,0.0,0.0,0.0,0.0,0.0,0.0,0.0,0.0,0.0,0.0,0.0,0.0,0.0,0.0,0.0,0.0,0.0,0.0,0.0,0.0,0.0,0.0,0.0,0.0,0.0,0.0,0.0,0.0,0.0,0.0,0.0,0.0,0.0,0.0,0.0,0.0,0.0,0.0,0.0,0.0,0.0,0.0,0.0,0.0,0.0,0.0,0.0,0.0,0.0,0.0,0.0,0.0,0.0,0.0,0.0,0.0,0.0,0.0,0.0,0.0,0.0,0.0,0.0,0.0,0.0,0.0,0.0,0.0,0.0,0.0,0.0,0.0,0.0,0.0,0.0
2017-05-31 04:10:00+02:00,0.0,0.0,0.0,0.0,0.0,0.0,0.0,0.0,0.0,0.0,0.0,0.0,0.0,0.0,0.0,0.0,0.0,0.0,0.0,0.0,0.0,0.0,0.0,0.0,0.0,0.0,0.0,0.0,0.0,0.0,0.0,0.0,0.0,0.0,0.0,0.0,0.0,0.0,0.0,0.0,0.0,0.0,0.0,0.0,0.0,0.0,0.0,0.0,0.0,0.0,0.0,0.0,0.0,0.0,0.0,0.0,0.0,0.0,0.0,0.0,0.0,0.0,0.0,0.0,0.0,0.0,0.0,0.0,0.0,0.0,0.0,0.0,0.0,0.0,0.0,0.0,0.0,0.0,0.0,0.0,0.0,0.0,0.0,0.0,0.0,0.0,0.0,0.0,0.0,0.0,0.0,0.0,0.0,0.0,0.0,0.0,0.0,0.0,0.0,0.0,0.0,0.0,0.0,0.0,0.0,0.0,0.0,0.0,0.0,0.0,0.0,0.0,0.0,0.0,0.0,0.0,0.0,0.0
2017-05-31 04:11:00+02:00,0.0,0.0,0.0,0.0,0.0,0.0,0.0,0.0,0.0,0.0,0.0,0.0,0.0,0.0,0.0,0.0,0.0,0.0,0.0,0.0,0.0,0.0,0.0,0.0,0.0,0.0,0.0,0.0,0.0,0.0,0.0,0.0,0.0,0.0,0.0,0.0,0.0,0.0,0.0,0.0,0.0,0.0,0.0,0.0,0.0,0.0,0.0,0.0,0.0,0.0,0.0,0.0,0.0,0.0,0.0,0.0,0.0,0.0,0.0,0.0,0.0,0.0,0.0,0.0,0.0,0.0,0.0,0.0,0.0,0.0,0.0,0.0,0.0,0.0,0.0,0.0,0.0,0.0,0.0,0.0,0.0,0.0,0.0,0.0,0.0,0.0,0.0,0.0,0.0,0.0,0.0,0.0,0.0,0.0,0.0,0.0,0.0,0.0,0.0,0.0,0.0,0.0,0.0,0.0,0.0,0.0,0.0,0.0,0.0,0.0,0.0,0.0,0.0,0.0,0.0,0.0,0.0,0.0
2017-05-31 04:12:00+02:00,0.0,0.0,0.0,0.0,0.0,0.0,0.0,0.0,0.0,0.0,0.0,0.0,0.0,0.0,0.0,0.0,0.0,0.0,0.0,0.0,0.0,0.0,0.0,0.0,0.0,0.0,0.0,0.0,0.0,0.0,0.0,0.0,0.0,0.0,0.0,0.0,0.0,0.0,0.0,0.0,0.0,0.0,0.0,0.0,0.0,0.0,0.0,0.0,0.0,0.0,0.0,0.0,0.0,0.0,0.0,0.0,0.0,0.0,0.0,0.0,0.0,0.0,0.0,0.0,0.0,0.0,0.0,0.0,0.0,0.0,0.0,0.0,0.0,0.0,0.0,0.0,0.0,0.0,0.0,0.0,0.0,0.0,0.0,0.0,0.0,0.0,0.0,0.0,0.0,0.0,0.0,0.0,0.0,0.0,0.0,0.0,0.0,0.0,0.0,0.0,0.0,0.0,0.0,0.0,0.0,0.0,0.0,0.0,0.0,0.0,0.0,0.0,0.0,0.0,0.0,0.0,0.0,0.0
2017-05-31 04:13:00+02:00,0.0,0.0,0.0,0.0,0.0,0.0,0.0,0.0,0.0,0.0,0.0,0.0,0.0,0.0,0.0,0.0,0.0,0.0,0.0,0.0,0.0,0.0,0.0,0.0,0.0,0.0,0.0,0.0,0.0,0.0,0.0,0.0,0.0,0.0,0.0,0.0,0.0,0.0,0.0,0.0,0.0,0.0,0.0,0.0,0.0,0.0,0.0,0.0,0.0,0.0,0.0,0.0,0.0,0.0,0.0,0.0,0.0,0.0,0.0,0.0,0.0,0.0,0.0,0.0,0.0,0.0,0.0,0.0,0.0,0.0,0.0,0.0,0.0,0.0,0.0,0.0,0.0,0.0,0.0,0.0,0.0,0.0,0.0,0.0,0.0,0.0,0.0,0.0,0.0,0.0,0.0,0.0,0.0,0.0,0.0,0.0,0.0,0.0,0.0,0.0,0.0,0.0,0.0,0.0,0.0,0.0,0.0,0.0,0.0,0.0,0.0,0.0,0.0,0.0,0.0,0.0,0.0,0.0
2017-05-31 04:14:00+02:00,0.0,0.0,0.0,0.0,0.0,0.0,0.0,0.0,0.0,0.0,0.0,0.0,0.0,0.0,0.0,0.0,0.0,0.0,0.0,0.0,0.0,0.0,0.0,0.0,0.0,0.0,0.0,0.0,0.0,0.0,0.0,0.0,0.0,0.0,0.0,0.0,0.0,0.0,0.0,0.0,0.0,0.0,0.0,0.0,0.0,0.0,0.0,0.0,0.0,0.0,0.0,0.0,0.0,0.0,0.0,0.0,0.0,0.0,0.0,0.0,0.0,0.0,0.0,0.0,0.0,0.0,0.0,0.0,0.0,0.0,0.0,0.0,0.0,0.0,0.0,0.0,0.0,0.0,0.0,0.0,0.0,0.0,0.0,0.0,0.0,0.0,0.0,0.0,0.0,0.0,0.0,0.0,0.0,0.0,0.0,0.0,0.0,0.0,0.0,0.0,0.0,0.0,0.0,0.0,0.0,0.0,0.0,0.0,0.0,0.0,0.0,0.0,0.0,0.0,0.0,0.0,0.0,0.0
2017-05-31 04:15:00+02:00,0.0,0.0,0.0,0.0,0.0,0.0,0.0,0.0,0.0,0.0,0.0,0.0,0.0,0.0,0.0,0.0,0.0,0.0,0.0,0.0,0.0,0.0,0.0,0.0,0.0,0.0,0.0,0.0,0.0,0.0,0.0,0.0,0.0,0.0,0.0,0.0,0.0,0.0,0.0,0.0,0.0,0.0,0.0,0.0,0.0,0.0,0.0,0.0,0.0,0.0,0.0,0.0,0.0,0.0,0.0,0.0,0.0,0.0,0.0,0.0,0.0,0.0,0.0,0.0,0.0,0.0,0.0,0.0,0.0,0.0,0.0,0.0,0.0,0.0,0.0,0.0,0.0,0.0,0.0,0.0,0.0,0.0,0.0,0.0,0.0,0.0,0.0,0.0,0.0,0.0,0.0,0.0,0.0,0.0,0.0,0.0,0.0,0.0,0.0,0.0,0.0,0.0,0.0,0.0,0.0,0.0,0.0,0.0,0.0,0.0,0.0,0.0,0.0,0.0,0.0,0.0,0.0,0.0
2017-05-31 04:16:00+02:00,0.0,0.0,0.0,0.0,0.0,0.0,0.0,0.0,0.0,0.0,0.0,0.0,0.0,0.0,0.0,0.0,0.0,0.0,0.0,0.0,0.0,0.0,0.0,0.0,0.0,0.0,0.0,0.0,0.0,0.0,0.0,0.0,0.0,0.0,0.0,0.0,0.0,0.0,0.0,0.0,0.0,0.0,0.0,0.0,0.0,0.0,0.0,0.0,0.0,0.0,0.0,0.0,0.0,0.0,0.0,0.0,0.0,0.0,0.0,0.0,0.0,0.0,0.0,0.0,0.0,0.0,0.0,0.0,0.0,0.0,0.0,0.0,0.0,0.0,0.0,0.0,0.0,0.0,0.0,0.0,0.0,0.0,0.0,0.0,0.0,0.0,0.0,0.0,0.0,0.0,0.0,0.0,0.0,0.0,0.0,0.0,0.0,0.0,0.0,0.0,0.0,0.0,0.0,0.0,0.0,0.0,0.0,0.0,0.0,0.0,0.0,0.0,0.0,0.0,0.0,0.0,0.0,0.0
2017-05-31 04:17:00+02:00,0.0,0.0,0.0,0.0,0.0,0.0,0.0,0.0,0.0,0.0,0.0,0.0,0.0,0.0,0.0,0.0,0.0,0.0,0.0,0.0,0.0,0.0,0.0,0.0,0.0,0.0,0.0,0.0,0.0,0.0,0.0,0.0,0.0,0.0,0.0,0.0,0.0,0.0,0.0,0.0,0.0,0.0,0.0,0.0,0.0,0.0,0.0,0.0,0.0,0.0,0.0,0.0,0.0,0.0,0.0,0.0,0.0,0.0,0.0,0.0,0.0,0.0,0.0,0.0,0.0,0.0,0.0,0.0,0.0,0.0,0.0,0.0,0.0,0.0,0.0,0.0,0.0,0.0,0.0,0.0,0.0,0.0,0.0,0.0,0.0,0.0,0.0,0.0,0.0,0.0,0.0,0.0,0.0,0.0,0.0,0.0,0.0,0.0,0.0,0.0,0.0,0.0,0.0,0.0,0.0,0.0,0.0,0.0,0.0,0.0,0.0,0.0,0.0,0.0,0.0,0.0,0.0,0.0
2017-05-31 04:18:00+02:00,0.0,0.0,0.0,0.0,0.0,0.0,0.0,0.0,0.0,0.0,0.0,0.0,0.0,0.0,0.0,0.0,0.0,0.0,0.0,0.0,0.0,0.0,0.0,0.0,0.0,0.0,0.0,0.0,0.0,0.0,0.0,0.0,0.0,0.0,0.0,0.0,0.0,0.0,0.0,0.0,0.0,0.0,0.0,0.0,0.0,0.0,0.0,0.0,0.0,0.0,0.0,0.0,0.0,0.0,0.0,0.0,0.0,0.0,0.0,0.0,0.0,0.0,0.0,0.0,0.0,0.0,0.0,0.0,0.0,0.0,0.0,0.0,0.0,0.0,0.0,0.0,0.0,0.0,0.0,0.0,0.0,0.0,0.0,0.0,0.0,0.0,0.0,0.0,0.0,0.0,0.0,0.0,0.0,0.0,0.0,0.0,0.0,0.0,0.0,0.0,0.0,0.0,0.0,0.0,0.0,0.0,0.0,0.0,0.0,0.0,0.0,0.0,0.0,0.0,0.0,0.0,0.0,0.0
2017-05-31 04:19:00+02:00,0.0,0.0,0.0,0.0,0.0,0.0,0.0,0.0,0.0,0.0,0.0,0.0,0.0,0.0,0.0,0.0,0.0,0.0,0.0,0.0,0.0,0.0,0.0,0.0,0.0,0.0,0.0,0.0,0.0,0.0,0.0,0.0,0.0,0.0,0.0,0.0,0.0,0.0,0.0,0.0,0.0,0.0,0.0,0.0,0.0,0.0,0.0,0.0,0.0,0.0,0.0,0.0,0.0,0.0,0.0,0.0,0.0,0.0,0.0,0.0,0.0,0.0,0.0,0.0,0.0,0.0,0.0,0.0,0.0,0.0,0.0,0.0,0.0,0.0,0.0,0.0,0.0,0.0,0.0,0.0,0.0,0.0,0.0,0.0,0.0,0.0,0.0,0.0,0.0,0.0,0.0,0.0,0.0,0.0,0.0,0.0,0.0,0.0,0.0,0.0,0.0,0.0,0.0,0.0,0.0,0.0,0.0,0.0,0.0,0.0,0.0,0.0,0.0,0.0,0.0,0.0,0.0,0.0
2017-05-31 04:20:00+02:00,0.0,0.0,0.0,0.0,0.0,0.0,0.0,0.0,0.0,0.0,0.0,0.0,0.0,0.0,0.0,0.0,0.0,0.0,0.0,0.0,0.0,0.0,0.0,0.0,0.0,0.0,0.0,0.0,0.0,0.0,0.0,0.0,0.0,0.0,0.0,0.0,0.0,0.0,0.0,0.0,0.0,0.0,0.0,0.0,0.0,0.0,0.0,0.0,0.0,0.0,0.0,0.0,0.0,0.0,0.0,0.0,0.0,0.0,0.0,0.0,0.0,0.0,0.0,0.0,0.0,0.0,0.0,0.0,0.0,0.0,0.0,0.0,0.0,0.0,0.0,0.0,0.0,0.0,0.0,0.0,0.0,0.0,0.0,0.0,0.0,0.0,0.0,0.0,0.0,0.0,0.0,0.0,0.0,0.0,0.0,0.0,0.0,0.0,0.0,0.0,0.0,0.0,0.0,0.0,0.0,0.0,0.0,0.0,0.0,0.0,0.0,0.0,0.0,0.0,0.0,0.0,0.0,0.0
2017-05-31 04:21:00+02:00,0.0,0.0,0.0,0.0,0.0,0.0,0.0,0.0,0.0,0.0,0.0,0.0,0.0,0.0,0.0,0.0,0.0,0.0,0.0,0.0,0.0,0.0,0.0,0.0,0.0,0.0,0.0,0.0,0.0,0.0,0.0,0.0,0.0,0.0,0.0,0.0,0.0,0.0,0.0,0.0,0.0,0.0,0.0,0.0,0.0,0.0,0.0,0.0,0.0,0.0,0.0,0.0,0.0,0.0,0.0,0.0,0.0,0.0,0.0,0.0,0.0,0.0,0.0,0.0,0.0,0.0,0.0,0.0,0.0,0.0,0.0,0.0,0.0,0.0,0.0,0.0,0.0,0.0,0.0,0.0,0.0,0.0,0.0,0.0,0.0,0.0,0.0,0.0,0.0,0.0,0.0,0.0,0.0,0.0,0.0,0.0,0.0,0.0,0.0,0.0,0.0,0.0,0.0,0.0,0.0,0.0,0.0,0.0,0.0,0.0,0.0,0.0,0.0,0.0,0.0,0.0,0.0,0.0
2017-05-31 04:22:00+02:00,0.0,0.0,0.0,0.0,0.0,0.0,0.0,0.0,0.0,0.0,0.0,0.0,0.0,0.0,0.0,0.0,0.0,0.0,0.0,0.0,0.0,0.0,0.0,0.0,0.0,0.0,0.0,0.0,0.0,0.0,0.0,0.0,0.0,0.0,0.0,0.0,0.0,0.0,0.0,0.0,0.0,0.0,0.0,0.0,0.0,0.0,0.0,0.0,0.0,0.0,0.0,0.0,0.0,0.0,0.0,0.0,0.0,0.0,0.0,0.0,0.0,0.0,0.0,0.0,0.0,0.0,0.0,0.0,0.0,0.0,0.0,0.0,0.0,0.0,0.0,0.0,0.0,0.0,0.0,0.0,0.0,0.0,0.0,0.0,0.0,0.0,0.0,0.0,0.0,0.0,0.0,0.0,0.0,0.0,0.0,0.0,0.0,0.0,0.0,0.0,0.0,0.0,0.0,0.0,0.0,0.0,0.0,0.0,0.0,0.0,0.0,0.0,0.0,0.0,0.0,0.0,0.0,0.0
2017-05-31 04:23:00+02:00,0.0,0.0,0.0,0.0,0.0,0.0,0.0,0.0,0.0,0.0,0.0,0.0,0.0,0.0,0.0,0.0,0.0,0.0,0.0,0.0,0.0,0.0,0.0,0.0,0.0,0.0,0.0,0.0,0.0,0.0,0.0,0.0,0.0,0.0,0.0,0.0,0.0,0.0,0.0,0.0,0.0,0.0,0.0,0.0,0.0,0.0,0.0,0.0,0.0,0.0,0.0,0.0,0.0,0.0,0.0,0.0,0.0,0.0,0.0,0.0,0.0,0.0,0.0,0.0,0.0,0.0,0.0,0.0,0.0,0.0,0.0,0.0,0.0,0.0,0.0,0.0,0.0,0.0,0.0,0.0,0.0,0.0,0.0,0.0,0.0,0.0,0.0,0.0,0.0,0.0,0.0,0.0,0.0,0.0,0.0,0.0,0.0,0.0,0.0,0.0,0.0,0.0,0.0,0.0,0.0,0.0,0.0,0.0,0.0,0.0,0.0,0.0,0.0,0.0,0.0,0.0,0.0,0.0
2017-05-31 04:24:00+02:00,0.0,0.0,0.0,0.0,0.0,0.0,0.0,0.0,0.0,0.0,0.0,0.0,0.0,0.0,0.0,0.0,0.0,0.0,0.0,0.0,0.0,0.0,0.0,0.0,0.0,0.0,0.0,0.0,0.0,0.0,0.0,0.0,0.0,0.0,0.0,0.0,0.0,0.0,0.0,0.0,0.0,0.0,0.0,0.0,0.0,0.0,0.0,0.0,0.0,0.0,0.0,0.0,0.0,0.0,0.0,0.0,0.0,0.0,0.0,0.0,0.0,0.0,0.0,0.0,0.0,0.0,0.0,0.0,0.0,0.0,0.0,0.0,0.0,0.0,0.0,0.0,0.0,0.0,0.0,0.0,0.0,0.0,0.0,0.0,0.0,0.0,0.0,0.0,0.0,0.0,0.0,0.0,0.0,0.0,0.0,0.0,0.0,0.0,0.0,0.0,0.0,0.0,0.0,0.0,0.0,0.0,0.0,0.0,0.0,0.0,0.0,0.0,0.0,0.0,0.0,0.0,0.0,0.0
2017-05-31 04:25:00+02:00,0.0,0.0,0.0,0.0,0.0,0.0,0.0,0.0,0.0,0.0,0.0,0.0,0.0,0.0,0.0,0.0,0.0,0.0,0.0,0.0,0.0,0.0,0.0,0.0,0.0,0.0,0.0,0.0,0.0,0.0,0.0,0.0,0.0,0.0,0.0,0.0,0.0,0.0,0.0,0.0,0.0,0.0,0.0,0.0,0.0,0.0,0.0,0.0,0.0,0.0,0.0,0.0,0.0,0.0,0.0,0.0,0.0,0.0,0.0,0.0,0.0,0.0,0.0,0.0,0.0,0.0,0.0,0.0,0.0,0.0,0.0,0.0,0.0,0.0,0.0,0.0,0.0,0.0,0.0,0.0,0.0,0.0,0.0,0.0,0.0,0.0,0.0,0.0,0.0,0.0,0.0,0.0,0.0,0.0,0.0,0.0,0.0,0.0,0.0,0.0,0.0,0.0,0.0,0.0,0.0,0.0,0.0,0.0,0.0,0.0,0.0,0.0,0.0,0.0,0.0,0.0,0.0,0.0
2017-05-31 04:26:00+02:00,0.0,0.0,0.0,0.0,0.0,0.0,0.0,0.0,0.0,0.0,0.0,0.0,0.0,0.0,0.0,0.0,0.0,0.0,0.0,0.0,0.0,0.0,0.0,0.0,0.0,0.0,0.0,0.0,0.0,0.0,0.0,0.0,0.0,0.0,0.0,0.0,0.0,0.0,0.0,0.0,0.0,0.0,0.0,0.0,0.0,0.0,0.0,0.0,0.0,0.0,0.0,0.0,0.0,0.0,0.0,0.0,0.0,0.0,0.0,0.0,0.0,0.0,0.0,0.0,0.0,0.0,0.0,0.0,0.0,0.0,0.0,0.0,0.0,0.0,0.0,0.0,0.0,0.0,0.0,0.0,0.0,0.0,0.0,0.0,0.0,0.0,0.0,0.0,0.0,0.0,0.0,0.0,0.0,0.0,0.0,0.0,0.0,0.0,0.0,0.0,0.0,0.0,0.0,0.0,0.0,0.0,0.0,0.0,0.0,0.0,0.0,0.0,0.0,0.0,0.0,0.0,0.0,0.0
2017-05-31 04:27:00+02:00,0.0,0.0,0.0,0.0,0.0,0.0,0.0,0.0,0.0,0.0,0.0,0.0,0.0,0.0,0.0,0.0,0.0,0.0,0.0,0.0,0.0,0.0,0.0,0.0,0.0,0.0,0.0,0.0,0.0,0.0,0.0,0.0,0.0,0.0,0.0,0.0,0.0,0.0,0.0,0.0,0.0,0.0,0.0,0.0,0.0,0.0,0.0,0.0,0.0,0.0,0.0,0.0,0.0,0.0,0.0,0.0,0.0,0.0,0.0,0.0,0.0,0.0,0.0,0.0,0.0,0.0,0.0,0.0,0.0,0.0,0.0,0.0,0.0,0.0,0.0,0.0,0.0,0.0,0.0,0.0,0.0,0.0,0.0,0.0,0.0,0.0,0.0,0.0,0.0,0.0,0.0,0.0,0.0,0.0,0.0,0.0,0.0,0.0,0.0,0.0,0.0,0.0,0.0,0.0,0.0,0.0,0.0,0.0,0.0,0.0,0.0,0.0,0.0,0.0,0.0,0.0,0.0,0.0
2017-05-31 04:28:00+02:00,0.0,0.0,0.0,0.0,0.0,0.0,0.0,0.0,0.0,0.0,0.0,0.0,0.0,0.0,0.0,0.0,0.0,0.0,0.0,0.0,0.0,0.0,0.0,0.0,0.0,0.0,0.0,0.0,0.0,0.0,0.0,0.0,0.0,0.0,0.0,0.0,0.0,0.0,0.0,0.0,0.0,0.0,0.0,0.0,0.0,0.0,0.0,0.0,0.0,0.0,0.0,0.0,0.0,0.0,0.0,0.0,0.0,0.0,0.0,0.0,0.0,0.0,0.0,0.0,0.0,0.0,0.0,0.0,0.0,0.0,0.0,0.0,0.0,0.0,0.0,0.0,0.0,0.0,0.0,0.0,0.0,0.0,0.0,0.0,0.0,0.0,0.0,0.0,0.0,0.0,0.0,0.0,0.0,0.0,0.0,0.0,0.0,0.0,0.0,0.0,0.0,0.0,0.0,0.0,0.0,0.0,0.0,0.0,0.0,0.0,0.0,0.0,0.0,0.0,0.0,0.0,0.0,0.0
2017-05-31 04:29:00+02:00,0.0,0.0,0.0,0.0,0.0,0.0,0.0,0.0,0.0,0.0,0.0,0.0,0.0,0.0,0.0,0.0,0.0,0.0,0.0,0.0,0.0,0.0,0.0,0.0,0.0,0.0,0.0,0.0,0.0,0.0,0.0,0.0,0.0,0.0,0.0,0.0,0.0,0.0,0.0,0.0,0.0,0.0,0.0,0.0,0.0,0.0,0.0,0.0,0.0,0.0,0.0,0.0,0.0,0.0,0.0,0.0,0.0,0.0,0.0,0.0,0.0,0.0,0.0,0.0,0.0,0.0,0.0,0.0,0.0,0.0,0.0,0.0,0.0,0.0,0.0,0.0,0.0,0.0,0.0,0.0,0.0,0.0,0.0,0.0,0.0,0.0,0.0,0.0,0.0,0.0,0.0,0.0,0.0,0.0,0.0,0.0,0.0,0.0,0.0,0.0,0.0,0.0,0.0,0.0,0.0,0.0,0.0,0.0,0.0,0.0,0.0,0.0,0.0,0.0,0.0,0.0,0.0,0.0
2017-05-31 04:30:00+02:00,0.0,0.0,0.0,0.0,0.0,0.0,0.0,0.0,0.0,0.0,0.0,0.0,0.0,0.0,0.0,0.0,0.0,0.0,0.0,0.0,0.0,0.0,0.0,0.0,0.0,0.0,0.0,0.0,0.0,0.0,0.0,0.0,0.0,0.0,0.0,0.0,0.0,0.0,0.0,0.0,0.0,0.0,0.0,0.0,0.0,0.0,0.0,0.0,0.0,0.0,0.0,0.0,0.0,0.0,0.0,0.0,0.0,0.0,0.0,0.0,0.0,0.0,0.0,0.0,0.0,0.0,0.0,0.0,0.0,0.0,0.0,0.0,0.0,0.0,0.0,0.0,0.0,0.0,0.0,0.0,0.0,0.0,0.0,0.0,0.0,0.0,0.0,0.0,0.0,0.0,0.0,0.0,0.0,0.0,0.0,0.0,0.0,0.0,0.0,0.0,0.0,0.0,0.0,0.0,0.0,0.0,0.0,0.0,0.0,0.0,0.0,0.0,0.0,0.0,0.0,0.0,0.0,0.0
2017-05-31 04:31:00+02:00,0.0,0.0,0.0,0.0,0.0,0.0,0.0,0.0,0.0,0.0,0.0,0.0,0.0,0.0,0.0,0.0,0.0,0.0,0.0,0.0,0.0,0.0,0.0,0.0,0.0,0.0,0.0,0.0,0.0,0.0,0.0,0.0,0.0,0.0,0.0,0.0,0.0,0.0,0.0,0.0,0.0,0.0,0.0,0.0,0.0,0.0,0.0,0.0,0.0,0.0,0.0,0.0,0.0,0.0,0.0,0.0,0.0,0.0,0.0,0.0,0.0,0.0,0.0,0.0,0.0,0.0,0.0,0.0,0.0,0.0,0.0,0.0,0.0,0.0,0.0,0.0,0.0,0.0,0.0,0.0,0.0,0.0,0.0,0.0,0.0,0.0,0.0,0.0,0.0,0.0,0.0,0.0,0.0,0.0,0.0,0.0,0.0,0.0,0.0,0.0,0.0,0.0,0.0,0.0,0.0,0.0,0.0,0.0,0.0,0.0,0.0,0.0,0.0,0.0,0.0,0.0,0.0,0.0
2017-05-31 04:32:00+02:00,0.0,0.0,0.0,0.0,0.0,0.0,0.0,0.0,0.0,0.0,0.0,0.0,0.0,0.0,0.0,0.0,0.0,0.0,0.0,0.0,0.0,0.0,0.0,0.0,0.0,0.0,0.0,0.0,0.0,0.0,0.0,0.0,0.0,0.0,0.0,0.0,0.0,0.0,0.0,0.0,0.0,0.0,0.0,0.0,0.0,0.0,0.0,0.0,0.0,0.0,0.0,0.0,0.0,0.0,0.0,0.0,0.0,0.0,0.0,0.0,0.0,0.0,0.0,0.0,0.0,0.0,0.0,0.0,0.0,0.0,0.0,0.0,0.0,0.0,0.0,0.0,0.0,0.0,0.0,0.0,0.0,0.0,0.0,0.0,0.0,0.0,0.0,0.0,0.0,0.0,0.0,0.0,0.0,0.0,0.0,0.0,0.0,0.0,0.0,0.0,0.0,0.0,0.0,0.0,0.0,0.0,0.0,0.0,0.0,0.0,0.0,0.0,0.0,0.0,0.0,0.0,0.0,0.0
2017-05-31 04:33:00+02:00,0.0,0.0,0.0,0.0,0.0,0.0,0.0,0.0,0.0,0.0,0.0,0.0,0.0,0.0,0.0,0.0,0.0,0.0,0.0,0.0,0.0,0.0,0.0,0.0,0.0,0.0,0.0,0.0,0.0,0.0,0.0,0.0,0.0,0.0,0.0,0.0,0.0,0.0,0.0,0.0,0.0,0.0,0.0,0.0,0.0,0.0,0.0,0.0,0.0,0.0,0.0,0.0,0.0,0.0,0.0,0.0,0.0,0.0,0.0,0.0,0.0,0.0,0.0,0.0,0.0,0.0,0.0,0.0,0.0,0.0,0.0,0.0,0.0,0.0,0.0,0.0,0.0,0.0,0.0,0.0,0.0,0.0,0.0,0.0,0.0,0.0,0.0,0.0,0.0,0.0,0.0,0.0,0.0,0.0,0.0,0.0,0.0,0.0,0.0,0.0,0.0,0.0,0.0,0.0,0.0,0.0,0.0,0.0,0.0,0.0,0.0,0.0,0.0,0.0,0.0,0.0,0.0,0.0
2017-05-31 04:34:00+02:00,0.0,0.0,0.0,0.0,0.0,0.0,0.0,0.0,0.0,0.0,0.0,0.0,0.0,0.0,0.0,0.0,0.0,0.0,0.0,0.0,0.0,0.0,0.0,0.0,0.0,0.0,0.0,0.0,0.0,0.0,0.0,0.0,0.0,0.0,0.0,0.0,0.0,0.0,0.0,0.0,0.0,0.0,0.0,0.0,0.0,0.0,0.0,0.0,0.0,0.0,0.0,0.0,0.0,0.0,0.0,0.0,0.0,0.0,0.0,0.0,0.0,0.0,0.0,0.0,0.0,0.0,0.0,0.0,0.0,0.0,0.0,0.0,0.0,0.0,0.0,0.0,0.0,0.0,0.0,0.0,0.0,0.0,0.0,0.0,0.0,0.0,0.0,0.0,0.0,0.0,0.0,0.0,0.0,0.0,0.0,0.0,0.0,0.0,0.0,0.0,0.0,0.0,0.0,0.0,0.0,0.0,0.0,0.0,0.0,0.0,0.0,0.0,0.0,0.0,0.0,0.0,0.0,0.0
2017-05-31 04:35:00+02:00,0.0,0.0,0.0,0.0,0.0,0.0,0.0,0.0,0.0,0.0,0.0,0.0,0.0,0.0,0.0,0.0,0.0,0.0,0.0,0.0,0.0,0.0,0.0,0.0,0.0,0.0,0.0,0.0,0.0,0.0,0.0,0.0,0.0,0.0,0.0,0.0,0.0,0.0,0.0,0.0,0.0,0.0,0.0,0.0,0.0,0.0,0.0,0.0,0.0,0.0,0.0,0.0,0.0,0.0,0.0,0.0,0.0,0.0,0.0,0.0,0.0,0.0,0.0,0.0,0.0,0.0,0.0,0.0,0.0,0.0,0.0,0.0,0.0,0.0,0.0,0.0,0.0,0.0,0.0,0.0,0.0,0.0,0.0,0.0,0.0,0.0,0.0,0.0,0.0,0.0,0.0,0.0,0.0,0.0,0.0,0.0,0.0,0.0,0.0,0.0,0.0,0.0,0.0,0.0,0.0,0.0,0.0,0.0,0.0,0.0,0.0,0.0,0.0,0.0,0.0,0.0,0.0,0.0
2017-05-31 04:36:00+02:00,0.0,0.0,0.0,0.0,0.0,0.0,0.0,0.0,0.0,0.0,0.0,0.0,0.0,0.0,0.0,0.0,0.0,0.0,0.0,0.0,0.0,0.0,0.0,0.0,0.0,0.0,0.0,0.0,0.0,0.0,0.0,0.0,0.0,0.0,0.0,0.0,0.0,0.0,0.0,0.0,0.0,0.0,0.0,0.0,0.0,0.0,0.0,0.0,0.0,0.0,0.0,0.0,0.0,0.0,0.0,0.0,0.0,0.0,0.0,0.0,0.0,0.0,0.0,0.0,0.0,0.0,0.0,0.0,0.0,0.0,0.0,0.0,0.0,0.0,0.0,0.0,0.0,0.0,0.0,0.0,0.0,0.0,0.0,0.0,0.0,0.0,0.0,0.0,0.0,0.0,0.0,0.0,0.0,0.0,0.0,0.0,0.0,0.0,0.0,0.0,0.0,0.0,0.0,0.0,0.0,0.0,0.0,0.0,0.0,0.0,0.0,0.0,0.0,0.0,0.0,0.0,0.0,0.0
2017-05-31 04:37:00+02:00,0.0,0.0,0.0,0.0,0.0,0.0,0.0,0.0,0.0,0.0,0.0,0.0,0.0,0.0,0.0,0.0,0.0,0.0,0.0,0.0,0.0,0.0,0.0,0.0,0.0,0.0,0.0,0.0,0.0,0.0,0.0,0.0,0.0,0.0,0.0,0.0,0.0,0.0,0.0,0.0,0.0,0.0,0.0,0.0,0.0,0.0,0.0,0.0,0.0,0.0,0.0,0.0,0.0,0.0,0.0,0.0,0.0,0.0,0.0,0.0,0.0,0.0,0.0,0.0,0.0,0.0,0.0,0.0,0.0,0.0,0.0,0.0,0.0,0.0,0.0,0.0,0.0,0.0,0.0,0.0,0.0,0.0,0.0,0.0,0.0,0.0,0.0,0.0,0.0,0.0,0.0,0.0,0.0,0.0,0.0,0.0,0.0,0.0,0.0,0.0,0.0,0.0,0.0,0.0,0.0,0.0,0.0,0.0,0.0,0.0,0.0,0.0,0.0,0.0,0.0,0.0,0.0,0.0
2017-05-31 04:38:00+02:00,0.0,0.0,0.0,0.0,0.0,0.0,0.0,0.0,0.0,0.0,0.0,0.0,0.0,0.0,0.0,0.0,0.0,0.0,0.0,0.0,0.0,0.0,0.0,0.0,0.0,0.0,0.0,0.0,0.0,0.0,0.0,0.0,0.0,0.0,0.0,0.0,0.0,0.0,0.0,0.0,0.0,0.0,0.0,0.0,0.0,0.0,0.0,0.0,0.0,0.0,0.0,0.0,0.0,0.0,0.0,0.0,0.0,0.0,0.0,0.0,0.0,0.0,0.0,0.0,0.0,0.0,0.0,0.0,0.0,0.0,0.0,0.0,0.0,0.0,0.0,0.0,0.0,0.0,0.0,0.0,0.0,0.0,0.0,0.0,0.0,0.0,0.0,0.0,0.0,0.0,0.0,0.0,0.0,0.0,0.0,0.0,0.0,0.0,0.0,0.0,0.0,0.0,0.0,0.0,0.0,0.0,0.0,0.0,0.0,0.0,0.0,0.0,0.0,0.0,0.0,0.0,0.0,0.0
2017-05-31 04:39:00+02:00,0.0,0.0,0.0,0.0,0.0,0.0,0.0,0.0,0.0,0.0,0.0,0.0,0.0,0.0,0.0,0.0,0.0,0.0,0.0,0.0,0.0,0.0,0.0,0.0,0.0,0.0,0.0,0.0,0.0,0.0,0.0,0.0,0.0,0.0,0.0,0.0,0.0,0.0,0.0,0.0,0.0,0.0,0.0,0.0,0.0,0.0,0.0,0.0,0.0,0.0,0.0,0.0,0.0,0.0,0.0,0.0,0.0,0.0,0.0,0.0,0.0,0.0,0.0,0.0,0.0,0.0,0.0,0.0,0.0,0.0,0.0,0.0,0.0,0.0,0.0,0.0,0.0,0.0,0.0,0.0,0.0,0.0,0.0,0.0,0.0,0.0,0.0,0.0,0.0,0.0,0.0,0.0,0.0,0.0,0.0,0.0,0.0,0.0,0.0,0.0,0.0,0.0,0.0,0.0,0.0,0.0,0.0,0.0,0.0,0.0,0.0,0.0,0.0,0.0,0.0,0.0,0.0,0.0
2017-05-31 04:40:00+02:00,0.0,0.0,0.0,0.0,0.0,0.0,0.0,0.0,0.0,0.0,0.0,0.0,0.0,0.0,0.0,0.0,0.0,0.0,0.0,0.0,0.0,0.0,0.0,0.0,0.0,0.0,0.0,0.0,0.0,0.0,0.0,0.0,0.0,0.0,0.0,0.0,0.0,0.0,0.0,0.0,0.0,0.0,0.0,0.0,0.0,0.0,0.0,0.0,0.0,0.0,0.0,0.0,0.0,0.0,0.0,0.0,0.0,0.0,0.0,0.0,0.0,0.0,0.0,0.0,0.0,0.0,0.0,0.0,0.0,0.0,0.0,0.0,0.0,0.0,0.0,0.0,0.0,0.0,0.0,0.0,0.0,0.0,0.0,0.0,0.0,0.0,0.0,0.0,0.0,0.0,0.0,0.0,0.0,0.0,0.0,0.0,0.0,0.0,0.0,0.0,0.0,0.0,0.0,0.0,0.0,0.0,0.0,0.0,0.0,0.0,0.0,0.0,0.0,0.0,0.0,0.0,0.0,0.0
2017-05-31 04:41:00+02:00,0.0,0.0,0.0,0.0,0.0,0.0,0.0,0.0,0.0,0.0,0.0,0.0,0.0,0.0,0.0,0.0,0.0,0.0,0.0,0.0,0.0,0.0,0.0,0.0,0.0,0.0,0.0,0.0,0.0,0.0,0.0,0.0,0.0,0.0,0.0,0.0,0.0,0.0,0.0,0.0,0.0,0.0,0.0,0.0,0.0,0.0,0.0,0.0,0.0,0.0,0.0,0.0,0.0,0.0,0.0,0.0,0.0,0.0,0.0,0.0,0.0,0.0,0.0,0.0,0.0,0.0,0.0,0.0,0.0,0.0,0.0,0.0,0.0,0.0,0.0,0.0,0.0,0.0,0.0,0.0,0.0,0.0,0.0,0.0,0.0,0.0,0.0,0.0,0.0,0.0,0.0,0.0,0.0,0.0,0.0,0.0,0.0,0.0,0.0,0.0,0.0,0.0,0.0,0.0,0.0,0.0,0.0,0.0,0.0,0.0,0.0,0.0,0.0,0.0,0.0,0.0,0.0,0.0
2017-05-31 04:42:00+02:00,0.0,0.0,0.0,0.0,0.0,0.0,0.0,0.0,0.0,0.0,0.0,0.0,0.0,0.0,0.0,0.0,0.0,0.0,0.0,0.0,0.0,0.0,0.0,0.0,0.0,0.0,0.0,0.0,0.0,0.0,0.0,0.0,0.0,0.0,0.0,0.0,0.0,0.0,0.0,0.0,0.0,0.0,0.0,0.0,0.0,0.0,0.0,0.0,0.0,0.0,0.0,0.0,0.0,0.0,0.0,0.0,0.0,0.0,0.0,0.0,0.0,0.0,0.0,0.0,0.0,0.0,0.0,0.0,0.0,0.0,0.0,0.0,0.0,0.0,0.0,0.0,0.0,0.0,0.0,0.0,0.0,0.0,0.0,0.0,0.0,0.0,0.0,0.0,0.0,0.0,0.0,0.0,0.0,0.0,0.0,0.0,0.0,0.0,0.0,0.0,0.0,0.0,0.0,0.0,0.0,0.0,0.0,0.0,0.0,0.0,0.0,0.0,0.0,0.0,0.0,0.0,0.0,0.0
2017-05-31 04:43:00+02:00,0.0,0.0,0.0,0.0,0.0,0.0,0.0,0.0,0.0,0.0,0.0,0.0,0.0,0.0,0.0,0.0,0.0,0.0,0.0,0.0,0.0,0.0,0.0,0.0,0.0,0.0,0.0,0.0,0.0,0.0,0.0,0.0,0.0,0.0,0.0,0.0,0.0,0.0,0.0,0.0,0.0,0.0,0.0,0.0,0.0,0.0,0.0,0.0,0.0,0.0,0.0,0.0,0.0,0.0,0.0,0.0,0.0,0.0,0.0,0.0,0.0,0.0,0.0,0.0,0.0,0.0,0.0,0.0,0.0,0.0,0.0,0.0,0.0,0.0,0.0,0.0,0.0,0.0,0.0,0.0,0.0,0.0,0.0,0.0,0.0,0.0,0.0,0.0,0.0,0.0,0.0,0.0,0.0,0.0,0.0,0.0,0.0,0.0,0.0,0.0,0.0,0.0,0.0,0.0,0.0,0.0,0.0,0.0,0.0,0.0,0.0,0.0,0.0,0.0,0.0,0.0,0.0,0.0
2017-05-31 04:44:00+02:00,0.0,0.0,0.0,0.0,0.0,0.0,0.0,0.0,0.0,0.0,0.0,0.0,0.0,0.0,0.0,0.0,0.0,0.0,0.0,0.0,0.0,0.0,0.0,0.0,0.0,0.0,0.0,0.0,0.0,0.0,0.0,0.0,0.0,0.0,0.0,0.0,0.0,0.0,0.0,0.0,0.0,0.0,0.0,0.0,0.0,0.0,0.0,0.0,0.0,0.0,0.0,0.0,0.0,0.0,0.0,0.0,0.0,0.0,0.0,0.0,0.0,0.0,0.0,0.0,0.0,0.0,0.0,0.0,0.0,0.0,0.0,0.0,0.0,0.0,0.0,0.0,0.0,0.0,0.0,0.0,0.0,0.0,0.0,0.0,0.0,0.0,0.0,0.0,0.0,0.0,0.0,0.0,0.0,0.0,0.0,0.0,0.0,0.0,0.0,0.0,0.0,0.0,0.0,0.0,0.0,0.0,0.0,0.0,0.0,0.0,0.0,0.0,0.0,0.0,0.0,0.0,0.0,0.0
2017-05-31 04:45:00+02:00,0.0,0.0,0.0,0.0,0.0,0.0,0.0,0.0,0.0,0.0,0.0,0.0,0.0,0.0,0.0,0.0,0.0,0.0,0.0,0.0,0.0,0.0,0.0,0.0,0.0,0.0,0.0,0.0,0.0,0.0,0.0,0.0,0.0,0.0,0.0,0.0,0.0,0.0,0.0,0.0,0.0,0.0,0.0,0.0,0.0,0.0,0.0,0.0,0.0,0.0,0.0,0.0,0.0,0.0,0.0,0.0,0.0,0.0,0.0,0.0,0.0,0.0,0.0,0.0,0.0,0.0,0.0,0.0,0.0,0.0,0.0,0.0,0.0,0.0,0.0,0.0,0.0,0.0,0.0,0.0,0.0,0.0,0.0,0.0,0.0,0.0,0.0,0.0,0.0,0.0,0.0,0.0,0.0,0.0,0.0,0.0,0.0,0.0,0.0,0.0,0.0,0.0,0.0,0.0,0.0,0.0,0.0,0.0,0.0,0.0,0.0,0.0,0.0,0.0,0.0,0.0,0.0,0.0
2017-05-31 04:46:00+02:00,0.0,0.0,0.0,0.0,0.0,0.0,0.0,0.0,0.0,0.0,0.0,0.0,0.0,0.0,0.0,0.0,0.0,0.0,0.0,0.0,0.0,0.0,0.0,0.0,0.0,0.0,0.0,0.0,0.0,0.0,0.0,0.0,0.0,0.0,0.0,0.0,0.0,0.0,0.0,0.0,0.0,0.0,0.0,0.0,0.0,0.0,0.0,0.0,0.0,0.0,0.0,0.0,0.0,0.0,0.0,0.0,0.0,0.0,0.0,0.0,0.0,0.0,0.0,0.0,0.0,0.0,0.0,0.0,0.0,0.0,0.0,0.0,0.0,0.0,0.0,0.0,0.0,0.0,0.0,0.0,0.0,0.0,0.0,0.0,0.0,0.0,0.0,0.0,0.0,0.0,0.0,0.0,0.0,0.0,0.0,0.0,0.0,0.0,0.0,0.0,0.0,0.0,0.0,0.0,0.0,0.0,0.0,0.0,0.0,0.0,0.0,0.0,0.0,0.0,0.0,0.0,0.0,0.0
2017-05-31 04:47:00+02:00,0.0,0.0,0.0,0.0,0.0,0.0,0.0,0.0,0.0,0.0,0.0,0.0,0.0,0.0,0.0,0.0,0.0,0.0,0.0,0.0,0.0,0.0,0.0,0.0,0.0,0.0,0.0,0.0,0.0,0.0,0.0,0.0,0.0,0.0,0.0,0.0,0.0,0.0,0.0,0.0,0.0,0.0,0.0,0.0,0.0,0.0,0.0,0.0,0.0,0.0,0.0,0.0,0.0,0.0,0.0,0.0,0.0,0.0,0.0,0.0,0.0,0.0,0.0,0.0,0.0,0.0,0.0,0.0,0.0,0.0,0.0,0.0,0.0,0.0,0.0,0.0,0.0,0.0,0.0,0.0,0.0,0.0,0.0,0.0,0.0,0.0,0.0,0.0,0.0,0.0,0.0,0.0,0.0,0.0,0.0,0.0,0.0,0.0,0.0,0.0,0.0,0.0,0.0,0.0,0.0,0.0,0.0,0.0,0.0,0.0,0.0,0.0,0.0,0.0,0.0,0.0,0.0,0.0
2017-05-31 04:48:00+02:00,0.0,0.0,0.0,0.0,0.0,0.0,0.0,0.0,0.0,0.0,0.0,0.0,0.0,0.0,0.0,0.0,0.0,0.0,0.0,0.0,0.0,0.0,0.0,0.0,0.0,0.0,0.0,0.0,0.0,0.0,0.0,0.0,0.0,0.0,0.0,0.0,0.0,0.0,0.0,0.0,0.0,0.0,0.0,0.0,0.0,0.0,0.0,0.0,0.0,0.0,0.0,0.0,0.0,0.0,0.0,0.0,0.0,0.0,0.0,0.0,0.0,0.0,0.0,0.0,0.0,0.0,0.0,0.0,0.0,0.0,0.0,0.0,0.0,0.0,0.0,0.0,0.0,0.0,0.0,0.0,0.0,0.0,0.0,0.0,0.0,0.0,0.0,0.0,0.0,0.0,0.0,0.0,0.0,0.0,0.0,0.0,0.0,0.0,0.0,0.0,0.0,0.0,0.0,0.0,0.0,0.0,0.0,0.0,0.0,0.0,0.0,0.0,0.0,0.0,0.0,0.0,0.0,0.0
2017-05-31 04:49:00+02:00,0.0,0.0,0.0,0.0,0.0,0.0,0.0,0.0,0.0,0.0,0.0,0.0,0.0,0.0,0.0,0.0,0.0,0.0,0.0,0.0,0.0,0.0,0.0,0.0,0.0,0.0,0.0,0.0,0.0,0.0,0.0,0.0,0.0,0.0,0.0,0.0,0.0,0.0,0.0,0.0,0.0,0.0,0.0,0.0,0.0,0.0,0.0,0.0,0.0,0.0,0.0,0.0,0.0,0.0,0.0,0.0,0.0,0.0,0.0,0.0,0.0,0.0,0.0,0.0,0.0,0.0,0.0,0.0,0.0,0.0,0.0,0.0,0.0,0.0,0.0,0.0,0.0,0.0,0.0,0.0,0.0,0.0,0.0,0.0,0.0,0.0,0.0,0.0,0.0,0.0,0.0,0.0,0.0,0.0,0.0,0.0,0.0,0.0,0.0,0.0,0.0,0.0,0.0,0.0,0.0,0.0,0.0,0.0,0.0,0.0,0.0,0.0,0.0,0.0,0.0,0.0,0.0,0.0
2017-05-31 04:50:00+02:00,0.0,0.0,0.0,0.0,0.0,0.0,0.0,0.0,0.0,0.0,0.0,0.0,0.0,0.0,0.0,0.0,0.0,0.0,0.0,0.0,0.0,0.0,0.0,0.0,0.0,0.0,0.0,0.0,0.0,0.0,0.0,0.0,0.0,0.0,0.0,0.0,0.0,0.0,0.0,0.0,0.0,0.0,0.0,0.0,0.0,0.0,0.0,0.0,0.0,0.0,0.0,0.0,0.0,0.0,0.0,0.0,0.0,0.0,0.0,0.0,0.0,0.0,0.0,0.0,0.0,0.0,0.0,0.0,0.0,0.0,0.0,0.0,0.0,0.0,0.0,0.0,0.0,0.0,0.0,0.0,0.0,0.0,0.0,0.0,0.0,0.0,0.0,0.0,0.0,0.0,0.0,0.0,0.0,0.0,0.0,0.0,0.0,0.0,0.0,0.0,0.0,0.0,0.0,0.0,0.0,0.0,0.0,0.0,0.0,0.0,0.0,0.0,0.0,0.0,0.0,0.0,0.0,0.0
2017-05-31 04:51:00+02:00,0.0,0.0,0.0,0.0,0.0,0.0,0.0,0.0,0.0,0.0,0.0,0.0,0.0,0.0,0.0,0.0,0.0,0.0,0.0,0.0,0.0,0.0,0.0,0.0,0.0,0.0,0.0,0.0,0.0,0.0,0.0,0.0,0.0,0.0,0.0,0.0,0.0,0.0,0.0,0.0,0.0,0.0,0.0,0.0,0.0,0.0,0.0,0.0,0.0,0.0,0.0,0.0,0.0,0.0,0.0,0.0,0.0,0.0,0.0,0.0,0.0,0.0,0.0,0.0,0.0,0.0,0.0,0.0,0.0,0.0,0.0,0.0,0.0,0.0,0.0,0.0,0.0,0.0,0.0,0.0,0.0,0.0,0.0,0.0,0.0,0.0,0.0,0.0,0.0,0.0,0.0,0.0,0.0,0.0,0.0,0.0,0.0,0.0,0.0,0.0,0.0,0.0,0.0,0.0,0.0,0.0,0.0,0.0,0.0,0.0,0.0,0.0,0.0,0.0,0.0,0.0,0.0,0.0
2017-05-31 04:52:00+02:00,0.0,0.0,0.0,0.0,0.0,0.0,0.0,0.0,0.0,0.0,0.0,0.0,0.0,0.0,0.0,0.0,0.0,0.0,0.0,0.0,0.0,0.0,0.0,0.0,0.0,0.0,0.0,0.0,0.0,0.0,0.0,0.0,0.0,0.0,0.0,0.0,0.0,0.0,0.0,0.0,0.0,0.0,0.0,0.0,0.0,0.0,0.0,0.0,0.0,0.0,0.0,0.0,0.0,0.0,0.0,0.0,0.0,0.0,0.0,0.0,0.0,0.0,0.0,0.0,0.0,0.0,0.0,0.0,0.0,0.0,0.0,0.0,0.0,0.0,0.0,0.0,0.0,0.0,0.0,0.0,0.0,0.0,0.0,0.0,0.0,0.0,0.0,0.0,0.0,0.0,0.0,0.0,0.0,0.0,0.0,0.0,0.0,0.0,0.0,0.0,0.0,0.0,0.0,0.0,0.0,0.0,0.0,0.0,0.0,0.0,0.0,0.0,0.0,0.0,0.0,0.0,0.0,0.0
2017-05-31 04:53:00+02:00,0.0,0.0,0.0,0.0,0.0,0.0,0.0,0.0,0.0,0.0,0.0,0.0,0.0,0.0,0.0,0.0,0.0,0.0,0.0,0.0,0.0,0.0,0.0,0.0,0.0,0.0,0.0,0.0,0.0,0.0,0.0,0.0,0.0,0.0,0.0,0.0,0.0,0.0,0.0,0.0,0.0,0.0,0.0,0.0,0.0,0.0,0.0,0.0,0.0,0.0,0.0,0.0,0.0,0.0,0.0,0.0,0.0,0.0,0.0,0.0,0.0,0.0,0.0,0.0,0.0,0.0,0.0,0.0,0.0,0.0,0.0,0.0,0.0,0.0,0.0,0.0,0.0,0.0,0.0,0.0,0.0,0.0,0.0,0.0,0.0,0.0,0.0,0.0,0.0,0.0,0.0,0.0,0.0,0.0,0.0,0.0,0.0,0.0,0.0,0.0,0.0,0.0,0.0,0.0,0.0,0.0,0.0,0.0,0.0,0.0,0.0,0.0,0.0,0.0,0.0,0.0,0.0,0.0
2017-05-31 04:54:00+02:00,0.0,0.0,0.0,0.0,0.0,0.0,0.0,0.0,0.0,0.0,0.0,0.0,0.0,0.0,0.0,0.0,0.0,0.0,0.0,0.0,0.0,0.0,0.0,0.0,0.0,0.0,0.0,0.0,0.0,0.0,0.0,0.0,0.0,0.0,0.0,0.0,0.0,0.0,0.0,0.0,0.0,0.0,0.0,0.0,0.0,0.0,0.0,0.0,0.0,0.0,0.0,0.0,0.0,0.0,0.0,0.0,0.0,0.0,0.0,0.0,0.0,0.0,0.0,0.0,0.0,0.0,0.0,0.0,0.0,0.0,0.0,0.0,0.0,0.0,0.0,0.0,0.0,0.0,0.0,0.0,0.0,0.0,0.0,0.0,0.0,0.0,0.0,0.0,0.0,0.0,0.0,0.0,0.0,0.0,0.0,0.0,0.0,0.0,0.0,0.0,0.0,0.0,0.0,0.0,0.0,0.0,0.0,0.0,0.0,0.0,0.0,0.0,0.0,0.0,0.0,0.0,0.0,0.0
2017-05-31 04:55:00+02:00,0.0,0.0,0.0,0.0,0.0,0.0,0.0,0.0,0.0,0.0,0.0,0.0,0.0,0.0,0.0,0.0,0.0,0.0,0.0,0.0,0.0,0.0,0.0,0.0,0.0,0.0,0.0,0.0,0.0,0.0,0.0,0.0,0.0,0.0,0.0,0.0,0.0,0.0,0.0,0.0,0.0,0.0,0.0,0.0,0.0,0.0,0.0,0.0,0.0,0.0,0.0,0.0,0.0,0.0,0.0,0.0,0.0,0.0,0.0,0.0,0.0,0.0,0.0,0.0,0.0,0.0,0.0,0.0,0.0,0.0,0.0,0.0,0.0,0.0,0.0,0.0,0.0,0.0,0.0,0.0,0.0,0.0,0.0,0.0,0.0,0.0,0.0,0.0,0.0,0.0,0.0,0.0,0.0,0.0,0.0,0.0,0.0,0.0,0.0,0.0,0.0,0.0,0.0,0.0,0.0,0.0,0.0,0.0,0.0,0.0,0.0,0.0,0.0,0.0,0.0,0.0,0.0,0.0
2017-05-31 04:56:00+02:00,0.0,0.0,0.0,0.0,0.0,0.0,0.0,0.0,0.0,0.0,0.0,0.0,0.0,0.0,0.0,0.0,0.0,0.0,0.0,0.0,0.0,0.0,0.0,0.0,0.0,0.0,0.0,0.0,0.0,0.0,0.0,0.0,0.0,0.0,0.0,0.0,0.0,0.0,0.0,0.0,0.0,0.0,0.0,0.0,0.0,0.0,0.0,0.0,0.0,0.0,0.0,0.0,0.0,0.0,0.0,0.0,0.0,0.0,0.0,0.0,0.0,0.0,0.0,0.0,0.0,0.0,0.0,0.0,0.0,0.0,0.0,0.0,0.0,0.0,0.0,0.0,0.0,0.0,0.0,0.0,0.0,0.0,0.0,0.0,0.0,0.0,0.0,0.0,0.0,0.0,0.0,0.0,0.0,0.0,0.0,0.0,0.0,0.0,0.0,0.0,0.0,0.0,0.0,0.0,0.0,0.0,0.0,0.0,0.0,0.0,0.0,0.0,0.0,0.0,0.0,0.0,0.0,0.0
2017-05-31 04:57:00+02:00,0.0,0.0,0.0,0.0,0.0,0.0,0.0,0.0,0.0,0.0,0.0,0.0,0.0,0.0,0.0,0.0,0.0,0.0,0.0,0.0,0.0,0.0,0.0,0.0,0.0,0.0,0.0,0.0,0.0,0.0,0.0,0.0,0.0,0.0,0.0,0.0,0.0,0.0,0.0,0.0,0.0,0.0,0.0,0.0,0.0,0.0,0.0,0.0,0.0,0.0,0.0,0.0,0.0,0.0,0.0,0.0,0.0,0.0,0.0,0.0,0.0,0.0,0.0,0.0,0.0,0.0,0.0,0.0,0.0,0.0,0.0,0.0,0.0,0.0,0.0,0.0,0.0,0.0,0.0,0.0,0.0,0.0,0.0,0.0,0.0,0.0,0.0,0.0,0.0,0.0,0.0,0.0,0.0,0.0,0.0,0.0,0.0,0.0,0.0,0.0,0.0,0.0,0.0,0.0,0.0,0.0,0.0,0.0,0.0,0.0,0.0,0.0,0.0,0.0,0.0,0.0,0.0,0.0
2017-05-31 04:58:00+02:00,0.0,0.0,0.0,0.0,0.0,0.0,0.0,0.0,0.0,0.0,0.0,0.0,0.0,0.0,0.0,0.0,0.0,0.0,0.0,0.0,0.0,0.0,0.0,0.0,0.0,0.0,0.0,0.0,0.0,0.0,0.0,0.0,0.0,0.0,0.0,0.0,0.0,0.0,0.0,0.0,0.0,0.0,0.0,0.0,0.0,0.0,0.0,0.0,0.0,0.0,0.0,0.0,0.0,0.0,0.0,0.0,0.0,0.0,0.0,0.0,0.0,0.0,0.0,0.0,0.0,0.0,0.0,0.0,0.0,0.0,0.0,0.0,0.0,0.0,0.0,0.0,0.0,0.0,0.0,0.0,0.0,0.0,0.0,0.0,0.0,0.0,0.0,0.0,0.0,0.0,0.0,0.0,0.0,0.0,0.0,0.0,0.0,0.0,0.0,0.0,0.0,0.0,0.0,0.0,0.0,0.0,0.0,0.0,0.0,0.0,0.0,0.0,0.0,0.0,0.0,0.0,0.0,0.0
2017-05-31 04:59:00+02:00,0.0,0.0,0.0,0.0,0.0,0.0,0.0,0.0,0.0,0.0,0.0,0.0,0.0,0.0,0.0,0.0,0.0,0.0,0.0,0.0,0.0,0.0,0.0,0.0,0.0,0.0,0.0,0.0,0.0,0.0,0.0,0.0,0.0,0.0,0.0,0.0,0.0,0.0,0.0,0.0,0.0,0.0,0.0,0.0,0.0,0.0,0.0,0.0,0.0,0.0,0.0,0.0,0.0,0.0,0.0,0.0,0.0,0.0,0.0,0.0,0.0,0.0,0.0,0.0,0.0,0.0,0.0,0.0,0.0,0.0,0.0,0.0,0.0,0.0,0.0,0.0,0.0,0.0,0.0,0.0,0.0,0.0,0.0,0.0,0.0,0.0,0.0,0.0,0.0,0.0,0.0,0.0,0.0,0.0,0.0,0.0,0.0,0.0,0.0,0.0,0.0,0.0,0.0,0.0,0.0,0.0,0.0,0.0,0.0,0.0,0.0,0.0,0.0,0.0,0.0,0.0,0.0,0.0
2017-05-31 05:00:00+02:00,0.0,0.0,0.0,0.0,0.0,0.0,0.0,0.0,0.0,0.0,0.0,0.0,0.0,0.0,0.0,0.0,0.0,0.0,0.0,0.0,0.0,0.0,0.0,0.0,0.0,0.0,0.0,0.0,0.0,0.0,0.0,0.0,0.0,0.0,0.0,0.0,0.0,0.0,0.0,0.0,0.0,0.0,0.0,0.0,0.0,0.0,0.0,0.0,0.0,0.0,0.0,0.0,0.0,0.0,0.0,0.0,0.0,0.0,0.0,0.0,0.0,0.0,0.0,0.0,0.0,0.0,0.0,0.0,0.0,0.0,0.0,0.0,0.0,0.0,0.0,0.0,0.0,0.0,0.0,0.0,0.0,0.0,0.0,0.0,0.0,0.0,0.0,0.0,0.0,0.0,0.0,0.0,0.0,0.0,0.0,0.0,0.0,0.0,0.0,0.0,0.0,0.0,0.0,0.0,0.0,0.0,0.0,0.0,0.0,0.0,0.0,0.0,0.0,0.0,0.0,0.0,0.0,0.0
2017-05-31 05:01:00+02:00,0.0,0.0,0.0,0.0,0.0,0.0,0.0,0.0,0.0,0.0,0.0,0.0,0.0,0.0,0.0,0.0,0.0,0.0,0.0,0.0,0.0,0.0,0.0,0.0,0.0,0.0,0.0,0.0,0.0,0.0,0.0,0.0,0.0,0.0,0.0,0.0,0.0,0.0,0.0,0.0,0.0,0.0,0.0,0.0,0.0,0.0,0.0,0.0,0.0,0.0,0.0,0.0,0.0,0.0,0.0,0.0,0.0,0.0,0.0,0.0,0.0,0.0,0.0,0.0,0.0,0.0,0.0,0.0,0.0,0.0,0.0,0.0,0.0,0.0,0.0,0.0,0.0,0.0,0.0,0.0,0.0,0.0,0.0,0.0,0.0,0.0,0.0,0.0,0.0,0.0,0.0,0.0,0.0,0.0,0.0,0.0,0.0,0.0,0.0,0.0,0.0,0.0,0.0,0.0,0.0,0.0,0.0,0.0,0.0,0.0,0.0,0.0,0.0,0.0,0.0,0.0,0.0,0.0
2017-05-31 05:02:00+02:00,0.0,0.0,0.0,0.0,0.0,0.0,0.0,0.0,0.0,0.0,0.0,0.0,0.0,0.0,0.0,0.0,0.0,0.0,0.0,0.0,0.0,0.0,0.0,0.0,0.0,0.0,0.0,0.0,0.0,0.0,0.0,0.0,0.0,0.0,0.0,0.0,0.0,0.0,0.0,0.0,0.0,0.0,0.0,0.0,0.0,0.0,0.0,0.0,0.0,0.0,0.0,0.0,0.0,0.0,0.0,0.0,0.0,0.0,0.0,0.0,0.0,0.0,0.0,0.0,0.0,0.0,0.0,0.0,0.0,0.0,0.0,0.0,0.0,0.0,0.0,0.0,0.0,0.0,0.0,0.0,0.0,0.0,0.0,0.0,0.0,0.0,0.0,0.0,0.0,0.0,0.0,0.0,0.0,0.0,0.0,0.0,0.0,0.0,0.0,0.0,0.0,0.0,0.0,0.0,0.0,0.0,0.0,0.0,0.0,0.0,0.0,0.0,0.0,0.0,0.0,0.0,0.0,0.0
2017-05-31 05:03:00+02:00,0.0,0.0,0.0,0.0,0.0,0.0,0.0,0.0,0.0,0.0,0.0,0.0,0.0,0.0,0.0,0.0,0.0,0.0,0.0,0.0,0.0,0.0,0.0,0.0,0.0,0.0,0.0,0.0,0.0,0.0,0.0,0.0,0.0,0.0,0.0,0.0,0.0,0.0,0.0,0.0,0.0,0.0,0.0,0.0,0.0,0.0,0.0,0.0,0.0,0.0,0.0,0.0,0.0,0.0,0.0,0.0,0.0,0.0,0.0,0.0,0.0,0.0,0.0,0.0,0.0,0.0,0.0,0.0,0.0,0.0,0.0,0.0,0.0,0.0,0.0,0.0,0.0,0.0,0.0,0.0,0.0,0.0,0.0,0.0,0.0,0.0,0.0,0.0,0.0,0.0,0.0,0.0,0.0,0.0,0.0,0.0,0.0,0.0,0.0,0.0,0.0,0.0,0.0,0.0,0.0,0.0,0.0,0.0,0.0,0.0,0.0,0.0,0.0,0.0,0.0,0.0,0.0,0.0
2017-05-31 05:04:00+02:00,0.0,0.0,0.0,0.0,0.0,0.0,0.0,0.0,0.0,0.0,0.0,0.0,0.0,0.0,0.0,0.0,0.0,0.0,0.0,0.0,0.0,0.0,0.0,0.0,0.0,0.0,0.0,0.0,0.0,0.0,0.0,0.0,0.0,0.0,0.0,0.0,0.0,0.0,0.0,0.0,0.0,0.0,0.0,0.0,0.0,0.0,0.0,0.0,0.0,0.0,0.0,0.0,0.0,0.0,0.0,0.0,0.0,0.0,0.0,0.0,0.0,0.0,0.0,0.0,0.0,0.0,0.0,0.0,0.0,0.0,0.0,0.0,0.0,0.0,0.0,0.0,0.0,0.0,0.0,0.0,0.0,0.0,0.0,0.0,0.0,0.0,0.0,0.0,0.0,0.0,0.0,0.0,0.0,0.0,0.0,0.0,0.0,0.0,0.0,0.0,0.0,0.0,0.0,0.0,0.0,0.0,0.0,0.0,0.0,0.0,0.0,0.0,0.0,0.0,0.0,0.0,0.0,0.0
2017-05-31 05:05:00+02:00,0.0,0.0,0.0,0.0,0.0,0.0,0.0,0.0,0.0,0.0,0.0,0.0,0.0,0.0,0.0,0.0,0.0,0.0,0.0,0.0,0.0,0.0,0.0,0.0,0.0,0.0,0.0,0.0,0.0,0.0,0.0,0.0,0.0,0.0,0.0,0.0,0.0,0.0,0.0,0.0,0.0,0.0,0.0,0.0,0.0,0.0,0.0,0.0,0.0,0.0,0.0,0.0,0.0,0.0,0.0,0.0,0.0,0.0,0.0,0.0,0.0,0.0,0.0,0.0,0.0,0.0,0.0,0.0,0.0,0.0,0.0,0.0,0.0,0.0,0.0,0.0,0.0,0.0,0.0,0.0,0.0,0.0,0.0,0.0,0.0,0.0,0.0,0.0,0.0,0.0,0.0,0.0,0.0,0.0,0.0,0.0,0.0,0.0,0.0,0.0,0.0,0.0,0.0,0.0,0.0,0.0,0.0,0.0,0.0,0.0,0.0,0.0,0.0,0.0,0.0,0.0,0.0,0.0
2017-05-31 05:06:00+02:00,0.0,0.0,0.0,0.0,0.0,0.0,0.0,0.0,0.0,0.0,0.0,0.0,0.0,0.0,0.0,0.0,0.0,0.0,0.0,0.0,0.0,0.0,0.0,0.0,0.0,0.0,0.0,0.0,0.0,0.0,0.0,0.0,0.0,0.0,0.0,0.0,0.0,0.0,0.0,0.0,0.0,0.0,0.0,0.0,0.0,0.0,0.0,0.0,0.0,0.0,0.0,0.0,0.0,0.0,0.0,0.0,0.0,0.0,0.0,0.0,0.0,0.0,0.0,0.0,0.0,0.0,0.0,0.0,0.0,0.0,0.0,0.0,0.0,0.0,0.0,0.0,0.0,0.0,0.0,0.0,0.0,0.0,0.0,0.0,0.0,0.0,0.0,0.0,0.0,0.0,0.0,0.0,0.0,0.0,0.0,0.0,0.0,0.0,0.0,0.0,0.0,0.0,0.0,0.0,0.0,0.0,0.0,0.0,0.0,0.0,0.0,0.0,0.0,0.0,0.0,0.0,0.0,0.0
2017-05-31 05:07:00+02:00,0.0,0.0,0.0,0.0,0.0,0.0,0.0,0.0,0.0,0.0,0.0,0.0,0.0,0.0,0.0,0.0,0.0,0.0,0.0,0.0,0.0,0.0,0.0,0.0,0.0,0.0,0.0,0.0,0.0,0.0,0.0,0.0,0.0,0.0,0.0,0.0,0.0,0.0,0.0,0.0,0.0,0.0,0.0,0.0,0.0,0.0,0.0,0.0,0.0,0.0,0.0,0.0,0.0,0.0,0.0,0.0,0.0,0.0,0.0,0.0,0.0,0.0,0.0,0.0,0.0,0.0,0.0,0.0,0.0,0.0,0.0,0.0,0.0,0.0,0.0,0.0,0.0,0.0,0.0,0.0,0.0,0.0,0.0,0.0,0.0,0.0,0.0,0.0,0.0,0.0,0.0,0.0,0.0,0.0,0.0,0.0,0.0,0.0,0.0,0.0,0.0,0.0,0.0,0.0,0.0,0.0,0.0,0.0,0.0,0.0,0.0,0.0,0.0,0.0,0.0,0.0,0.0,0.0
2017-05-31 05:08:00+02:00,0.0,0.0,0.0,0.0,0.0,0.0,0.0,0.0,0.0,0.0,0.0,0.0,0.0,0.0,0.0,0.0,0.0,0.0,0.0,0.0,0.0,0.0,0.0,0.0,0.0,0.0,0.0,0.0,0.0,0.0,0.0,0.0,0.0,0.0,0.0,0.0,0.0,0.0,0.0,0.0,0.0,0.0,0.0,0.0,0.0,0.0,0.0,0.0,0.0,0.0,0.0,0.0,0.0,0.0,0.0,0.0,0.0,0.0,0.0,0.0,0.0,0.0,0.0,0.0,0.0,0.0,0.0,0.0,0.0,0.0,0.0,0.0,0.0,0.0,0.0,0.0,0.0,0.0,0.0,0.0,0.0,0.0,0.0,0.0,0.0,0.0,0.0,0.0,0.0,0.0,0.0,0.0,0.0,0.0,0.0,0.0,0.0,0.0,0.0,0.0,0.0,0.0,0.0,0.0,0.0,0.0,0.0,0.0,0.0,0.0,0.0,0.0,0.0,0.0,0.0,0.0,0.0,0.0
2017-05-31 05:09:00+02:00,0.0,0.0,0.0,0.0,0.0,0.0,0.0,0.0,0.0,0.0,0.0,0.0,0.0,0.0,0.0,0.0,0.0,0.0,0.0,0.0,0.0,0.0,0.0,0.0,0.0,0.0,0.0,0.0,0.0,0.0,0.0,0.0,0.0,0.0,0.0,0.0,0.0,0.0,0.0,0.0,0.0,0.0,0.0,0.0,0.0,0.0,0.0,0.0,0.0,0.0,0.0,0.0,0.0,0.0,0.0,0.0,0.0,0.0,0.0,0.0,0.0,0.0,0.0,0.0,0.0,0.0,0.0,0.0,0.0,0.0,0.0,0.0,0.0,0.0,0.0,0.0,0.0,0.0,0.0,0.0,0.0,0.0,0.0,0.0,0.0,0.0,0.0,0.0,0.0,0.0,0.0,0.0,0.0,0.0,0.0,0.0,0.0,0.0,0.0,0.0,0.0,0.0,0.0,0.0,0.0,0.0,0.0,0.0,0.0,0.0,0.0,0.0,0.0,0.0,0.0,0.0,0.0,0.0
2017-05-31 05:10:00+02:00,0.0,0.0,0.0,0.0,0.0,0.0,0.0,0.0,0.0,0.0,0.0,0.0,0.0,0.0,0.0,0.0,0.0,0.0,0.0,0.0,0.0,0.0,0.0,0.0,0.0,0.0,0.0,0.0,0.0,0.0,0.0,0.0,0.0,0.0,0.0,0.0,0.0,0.0,0.0,0.0,0.0,0.0,0.0,0.0,0.0,0.0,0.0,0.0,0.0,0.0,0.0,0.0,0.0,0.0,0.0,0.0,0.0,0.0,0.0,0.0,0.0,0.0,0.0,0.0,0.0,0.0,0.0,0.0,0.0,0.0,0.0,0.0,0.0,0.0,0.0,0.0,0.0,0.0,0.0,0.0,0.0,0.0,0.0,0.0,0.0,0.0,0.0,0.0,0.0,0.0,0.0,0.0,0.0,0.0,0.0,0.0,0.0,0.0,0.0,0.0,0.0,0.0,0.0,0.0,0.0,0.0,0.0,0.0,0.0,0.0,0.0,0.0,0.0,0.0,0.0,0.0,0.0,0.0
2017-05-31 05:11:00+02:00,0.0,0.0,0.0,0.0,0.0,0.0,0.0,0.0,0.0,0.0,0.0,0.0,0.0,0.0,0.0,0.0,0.0,0.0,0.0,0.0,0.0,0.0,0.0,0.0,0.0,0.0,0.0,0.0,0.0,0.0,0.0,0.0,0.0,0.0,0.0,0.0,0.0,0.0,0.0,0.0,0.0,0.0,0.0,0.0,0.0,0.0,0.0,0.0,0.0,0.0,0.0,0.0,0.0,0.0,0.0,0.0,0.0,0.0,0.0,0.0,0.0,0.0,0.0,0.0,0.0,0.0,0.0,0.0,0.0,0.0,0.0,0.0,0.0,0.0,0.0,0.0,0.0,0.0,0.0,0.0,0.0,0.0,0.0,0.0,0.0,0.0,0.0,0.0,0.0,0.0,0.0,0.0,0.0,0.0,0.0,0.0,0.0,0.0,0.0,0.0,0.0,0.0,0.0,0.0,0.0,0.0,0.0,0.0,0.0,0.0,0.0,0.0,0.0,0.0,0.0,0.0,0.0,0.0
2017-05-31 05:12:00+02:00,0.0,0.0,0.0,0.0,0.0,0.0,0.0,0.0,0.0,0.0,0.0,0.0,0.0,0.0,0.0,0.0,0.0,0.0,0.0,0.0,0.0,0.0,0.0,0.0,0.0,0.0,0.0,0.0,0.0,0.0,0.0,0.0,0.0,0.0,0.0,0.0,0.0,0.0,0.0,0.0,0.0,0.0,0.0,0.0,0.0,0.0,0.0,0.0,0.0,0.0,0.0,0.0,0.0,0.0,0.0,0.0,0.0,0.0,0.0,0.0,0.0,0.0,0.0,0.0,0.0,0.0,0.0,0.0,0.0,0.0,0.0,0.0,0.0,0.0,0.0,0.0,0.0,0.0,0.0,0.0,0.0,0.0,0.0,0.0,0.0,0.0,0.0,0.0,0.0,0.0,0.0,0.0,0.0,0.0,0.0,0.0,0.0,0.0,0.0,0.0,0.0,0.0,0.0,0.0,0.0,0.0,0.0,0.0,0.0,0.0,0.0,0.0,0.0,0.0,0.0,0.0,0.0,0.0
2017-05-31 05:13:00+02:00,0.0,0.0,0.0,0.0,0.0,0.0,0.0,0.0,0.0,0.0,0.0,0.0,0.0,0.0,0.0,0.0,0.0,0.0,0.0,0.0,0.0,0.0,0.0,0.0,0.0,0.0,0.0,0.0,0.0,0.0,0.0,0.0,0.0,0.0,0.0,0.0,0.0,0.0,0.0,0.0,0.0,0.0,0.0,0.0,0.0,0.0,0.0,0.0,0.0,0.0,0.0,0.0,0.0,0.0,0.0,0.0,0.0,0.0,0.0,0.0,0.0,0.0,0.0,0.0,0.0,0.0,0.0,0.0,0.0,0.0,0.0,0.0,0.0,0.0,0.0,0.0,0.0,0.0,0.0,0.0,0.0,0.0,0.0,0.0,0.0,0.0,0.0,0.0,0.0,0.0,0.0,0.0,0.0,0.0,0.0,0.0,0.0,0.0,0.0,0.0,0.0,0.0,0.0,0.0,0.0,0.0,0.0,0.0,0.0,0.0,0.0,0.0,0.0,0.0,0.0,0.0,0.0,0.0
2017-05-31 05:14:00+02:00,0.0,0.0,0.0,0.0,0.0,0.0,0.0,0.0,0.0,0.0,0.0,0.0,0.0,0.0,0.0,0.0,0.0,0.0,0.0,0.0,0.0,0.0,0.0,0.0,0.0,0.0,0.0,0.0,0.0,0.0,0.0,0.0,0.0,0.0,0.0,0.0,0.0,0.0,0.0,0.0,0.0,0.0,0.0,0.0,0.0,0.0,0.0,0.0,0.0,0.0,0.0,0.0,0.0,0.0,0.0,0.0,0.0,0.0,0.0,0.0,0.0,0.0,0.0,0.0,0.0,0.0,0.0,0.0,0.0,0.0,0.0,0.0,0.0,0.0,0.0,0.0,0.0,0.0,0.0,0.0,0.0,0.0,0.0,0.0,0.0,0.0,0.0,0.0,0.0,0.0,0.0,0.0,0.0,0.0,0.0,0.0,0.0,0.0,0.0,0.0,0.0,0.0,0.0,0.0,0.0,0.0,0.0,0.0,0.0,0.0,0.0,0.0,0.0,0.0,0.0,0.0,0.0,0.0
2017-05-31 05:15:00+02:00,0.0,0.0,0.0,0.0,0.0,0.0,0.0,0.0,0.0,0.0,0.0,0.0,0.0,0.0,0.0,0.0,0.0,0.0,0.0,0.0,0.0,0.0,0.0,0.0,0.0,0.0,0.0,0.0,0.0,0.0,0.0,0.0,0.0,0.0,0.0,0.0,0.0,0.0,0.0,0.0,0.0,0.0,0.0,0.0,0.0,0.0,0.0,0.0,0.0,0.0,0.0,0.0,0.0,0.0,0.0,0.0,0.0,0.0,0.0,0.0,0.0,0.0,0.0,0.0,0.0,0.0,0.0,0.0,0.0,0.0,0.0,0.0,0.0,0.0,0.0,0.0,0.0,0.0,0.0,0.0,0.0,0.0,0.0,0.0,0.0,0.0,0.0,0.0,0.0,0.0,0.0,0.0,0.0,0.0,0.0,0.0,0.0,0.0,0.0,0.0,0.0,0.0,0.0,0.0,0.0,0.0,0.0,0.0,0.0,0.0,0.0,0.0,0.0,0.0,0.0,0.0,0.0,0.0
2017-05-31 05:16:00+02:00,0.0,0.0,0.0,0.0,0.0,0.0,0.0,0.0,0.0,0.0,0.0,0.0,0.0,0.0,0.0,0.0,0.0,0.0,0.0,0.0,0.0,0.0,0.0,0.0,0.0,0.0,0.0,0.0,0.0,0.0,0.0,0.0,0.0,0.0,0.0,0.0,0.0,0.0,0.0,0.0,0.0,0.0,0.0,0.0,0.0,0.0,0.0,0.0,0.0,0.0,0.0,0.0,0.0,0.0,0.0,0.0,0.0,0.0,0.0,0.0,0.0,0.0,0.0,0.0,0.0,0.0,0.0,0.0,0.0,0.0,0.0,0.0,0.0,0.0,0.0,0.0,0.0,0.0,0.0,0.0,0.0,0.0,0.0,0.0,0.0,0.0,0.0,0.0,0.0,0.0,0.0,0.0,0.0,0.0,0.0,0.0,0.0,0.0,0.0,0.0,0.0,0.0,0.0,0.0,0.0,0.0,0.0,0.0,0.0,0.0,0.0,0.0,0.0,0.0,0.0,0.0,0.0,0.0
2017-05-31 05:17:00+02:00,0.0,0.0,0.0,0.0,0.0,0.0,0.0,0.0,0.0,0.0,0.0,0.0,0.0,0.0,0.0,0.0,0.0,0.0,0.0,0.0,0.0,0.0,0.0,0.0,0.0,0.0,0.0,0.0,0.0,0.0,0.0,0.0,0.0,0.0,0.0,0.0,0.0,0.0,0.0,0.0,0.0,0.0,0.0,0.0,0.0,0.0,0.0,0.0,0.0,0.0,0.0,0.0,0.0,0.0,0.0,0.0,0.0,0.0,0.0,0.0,0.0,0.0,0.0,0.0,0.0,0.0,0.0,0.0,0.0,0.0,0.0,0.0,0.0,0.0,0.0,0.0,0.0,0.0,0.0,0.0,0.0,0.0,0.0,0.0,0.0,0.0,0.0,0.0,0.0,0.0,0.0,0.0,0.0,0.0,0.0,0.0,0.0,0.0,0.0,0.0,0.0,0.0,0.0,0.0,0.0,0.0,0.0,0.0,0.0,0.0,0.0,0.0,0.0,0.0,0.0,0.0,0.0,0.0
2017-05-31 05:18:00+02:00,0.0,0.0,0.0,0.0,0.0,0.0,0.0,0.0,0.0,0.0,0.0,0.0,0.0,0.0,0.0,0.0,0.0,0.0,0.0,0.0,0.0,0.0,0.0,0.0,0.0,0.0,0.0,0.0,0.0,0.0,0.0,0.0,0.0,0.0,0.0,0.0,0.0,0.0,0.0,0.0,0.0,0.0,0.0,0.0,0.0,0.0,0.0,0.0,0.0,0.0,0.0,0.0,0.0,0.0,0.0,0.0,0.0,0.0,0.0,0.0,0.0,0.0,0.0,0.0,0.0,0.0,0.0,0.0,0.0,0.0,0.0,0.0,0.0,0.0,0.0,0.0,0.0,0.0,0.0,0.0,0.0,0.0,0.0,0.0,0.0,0.0,0.0,0.0,0.0,0.0,0.0,0.0,0.0,0.0,0.0,0.0,0.0,0.0,0.0,0.0,0.0,0.0,0.0,0.0,0.0,0.0,0.0,0.0,0.0,0.0,0.0,0.0,0.0,0.0,0.0,0.0,0.0,0.0
2017-05-31 05:19:00+02:00,0.0,0.0,0.0,0.0,0.0,0.0,0.0,0.0,0.0,0.0,0.0,0.0,0.0,0.0,0.0,0.0,0.0,0.0,0.0,0.0,0.0,0.0,0.0,0.0,0.0,0.0,0.0,0.0,0.0,0.0,0.0,0.0,0.0,0.0,0.0,0.0,0.0,0.0,0.0,0.0,0.0,0.0,0.0,0.0,0.0,0.0,0.0,0.0,0.0,0.0,0.0,0.0,0.0,0.0,0.0,0.0,0.0,0.0,0.0,0.0,0.0,0.0,0.0,0.0,0.0,0.0,0.0,0.0,0.0,0.0,0.0,0.0,0.0,0.0,0.0,0.0,0.0,0.0,0.0,0.0,0.0,0.0,0.0,0.0,0.0,0.0,0.0,0.0,0.0,0.0,0.0,0.0,0.0,0.0,0.0,0.0,0.0,0.0,0.0,0.0,0.0,0.0,0.0,0.0,0.0,0.0,0.0,0.0,0.0,0.0,0.0,0.0,0.0,0.0,0.0,0.0,0.0,0.0
2017-05-31 05:20:00+02:00,0.0,0.0,0.0,0.0,0.0,0.0,0.0,0.0,0.0,0.0,0.0,0.0,0.0,0.0,0.0,0.0,0.0,0.0,0.0,0.0,0.0,0.0,0.0,0.0,0.0,0.0,0.0,0.0,0.0,0.0,0.0,0.0,0.0,0.0,0.0,0.0,0.0,0.0,0.0,0.0,0.0,0.0,0.0,0.0,0.0,0.0,0.0,0.0,0.0,0.0,0.0,0.0,0.0,0.0,0.0,0.0,0.0,0.0,0.0,0.0,0.0,0.0,0.0,0.0,0.0,0.0,0.0,0.0,0.0,0.0,0.0,0.0,0.0,0.0,0.0,0.0,0.0,0.0,0.0,0.0,0.0,0.0,0.0,0.0,0.0,0.0,0.0,0.0,0.0,0.0,0.0,0.0,0.0,0.0,0.0,0.0,0.0,0.0,0.0,0.0,0.0,0.0,0.0,0.0,0.0,0.0,0.0,0.0,0.0,0.0,0.0,0.0,0.0,0.0,0.0,0.0,0.0,0.0
2017-05-31 05:21:00+02:00,0.0,0.0,0.0,0.0,0.0,0.0,0.0,0.0,0.0,0.0,0.0,0.0,0.0,0.0,0.0,0.0,0.0,0.0,0.0,0.0,0.0,0.0,0.0,0.0,0.0,0.0,0.0,0.0,0.0,0.0,0.0,0.0,0.0,0.0,0.0,0.0,0.0,0.0,0.0,0.0,0.0,0.0,0.0,0.0,0.0,0.0,0.0,0.0,0.0,0.0,0.0,0.0,0.0,0.0,0.0,0.0,0.0,0.0,0.0,0.0,0.0,0.0,0.0,0.0,0.0,0.0,0.0,0.0,0.0,0.0,0.0,0.0,0.0,0.0,0.0,0.0,0.0,0.0,0.0,0.0,0.0,0.0,0.0,0.0,0.0,0.0,0.0,0.0,0.0,0.0,0.0,0.0,0.0,0.0,0.0,0.0,0.0,0.0,0.0,0.0,0.0,0.0,0.0,0.0,0.0,0.0,0.0,0.0,0.0,0.0,0.0,0.0,0.0,0.0,0.0,0.0,0.0,0.0
2017-05-31 05:22:00+02:00,0.0,0.0,0.0,0.0,0.0,0.0,0.0,0.0,0.0,0.0,0.0,0.0,0.0,0.0,0.0,0.0,0.0,0.0,0.0,0.0,0.0,0.0,0.0,0.0,0.0,0.0,0.0,0.0,0.0,0.0,0.0,0.0,0.0,0.0,0.0,0.0,0.0,0.0,0.0,0.0,0.0,0.0,0.0,0.0,0.0,0.0,0.0,0.0,0.0,0.0,0.0,0.0,0.0,0.0,0.0,0.0,0.0,0.0,0.0,0.0,0.0,0.0,0.0,0.0,0.0,0.0,0.0,0.0,0.0,0.0,0.0,0.0,0.0,0.0,0.0,0.0,0.0,0.0,0.0,0.0,0.0,0.0,0.0,0.0,0.0,0.0,0.0,0.0,0.0,0.0,0.0,0.0,0.0,0.0,0.0,0.0,0.0,0.0,0.0,0.0,0.0,0.0,0.0,0.0,0.0,0.0,0.0,0.0,0.0,0.0,0.0,0.0,0.0,0.0,0.0,0.0,0.0,0.0
2017-05-31 05:23:00+02:00,0.0,0.0,0.0,0.0,0.0,0.0,0.0,0.0,0.0,0.0,0.0,0.0,0.0,0.0,0.0,0.0,0.0,0.0,0.0,0.0,0.0,0.0,0.0,0.0,0.0,0.0,0.0,0.0,0.0,0.0,0.0,0.0,0.0,0.0,0.0,0.0,0.0,0.0,0.0,0.0,0.0,0.0,0.0,0.0,0.0,0.0,0.0,0.0,0.0,0.0,0.0,0.0,0.0,0.0,0.0,0.0,0.0,0.0,0.0,0.0,0.0,0.0,0.0,0.0,0.0,0.0,0.0,0.0,0.0,0.0,0.0,0.0,0.0,0.0,0.0,0.0,0.0,0.0,0.0,0.0,0.0,0.0,0.0,0.0,0.0,0.0,0.0,0.0,0.0,0.0,0.0,0.0,0.0,0.0,0.0,0.0,0.0,0.0,0.0,0.0,0.0,0.0,0.0,0.0,0.0,0.0,0.0,0.0,0.0,0.0,0.0,0.0,0.0,0.0,0.0,0.0,0.0,0.0
2017-05-31 05:24:00+02:00,0.0,0.0,0.0,0.0,0.0,0.0,0.0,0.0,0.0,0.0,0.0,0.0,0.0,0.0,0.0,0.0,0.0,0.0,0.0,0.0,0.0,0.0,0.0,0.0,0.0,0.0,0.0,0.0,0.0,0.0,0.0,0.0,0.0,0.0,0.0,0.0,0.0,0.0,0.0,0.0,0.0,0.0,0.0,0.0,0.0,0.0,0.0,0.0,0.0,0.0,0.0,0.0,0.0,0.0,0.0,0.0,0.0,0.0,0.0,0.0,0.0,0.0,0.0,0.0,0.0,0.0,0.0,0.0,0.0,0.0,0.0,0.0,0.0,0.0,0.0,0.0,0.0,0.0,0.0,0.0,0.0,0.0,0.0,0.0,0.0,0.0,0.0,0.0,0.0,0.0,0.0,0.0,0.0,0.0,0.0,0.0,0.0,0.0,0.0,0.0,0.0,0.0,0.0,0.0,0.0,0.0,0.0,0.0,0.0,0.0,0.0,0.0,0.0,0.0,0.0,0.0,0.0,0.0
2017-05-31 05:25:00+02:00,0.0,0.0,0.0,0.0,0.0,0.0,0.0,0.0,0.0,0.0,0.0,0.0,0.0,0.0,0.0,0.0,0.0,0.0,0.0,0.0,0.0,0.0,0.0,0.0,0.0,0.0,0.0,0.0,0.0,0.0,0.0,0.0,0.0,0.0,0.0,0.0,0.0,0.0,0.0,0.0,0.0,0.0,0.0,0.0,0.0,0.0,0.0,0.0,0.0,0.0,0.0,0.0,0.0,0.0,0.0,0.0,0.0,0.0,0.0,0.0,0.0,0.0,0.0,0.0,0.0,0.0,0.0,0.0,0.0,0.0,0.0,0.0,0.0,0.0,0.0,0.0,0.0,0.0,0.0,0.0,0.0,0.0,0.0,0.0,0.0,0.0,0.0,0.0,0.0,0.0,0.0,0.0,0.0,0.0,0.0,0.0,0.0,0.0,0.0,0.0,0.0,0.0,0.0,0.0,0.0,0.0,0.0,0.0,0.0,0.0,0.0,0.0,0.0,0.0,0.0,0.0,0.0,0.0
2017-05-31 05:26:00+02:00,0.0,0.0,0.0,0.0,0.0,0.0,0.0,0.0,0.0,0.0,0.0,0.0,0.0,0.0,0.0,0.0,0.0,0.0,0.0,0.0,0.0,0.0,0.0,0.0,0.0,0.0,0.0,0.0,0.0,0.0,0.0,0.0,0.0,0.0,0.0,0.0,0.0,0.0,0.0,0.0,0.0,0.0,0.0,0.0,0.0,0.0,0.0,0.0,0.0,0.0,0.0,0.0,0.0,0.0,0.0,0.0,0.0,0.0,0.0,0.0,0.0,0.0,0.0,0.0,0.0,0.0,0.0,0.0,0.0,0.0,0.0,0.0,0.0,0.0,0.0,0.0,0.0,0.0,0.0,0.0,0.0,0.0,0.0,0.0,0.0,0.0,0.0,0.0,0.0,0.0,0.0,0.0,0.0,0.0,0.0,0.0,0.0,0.0,0.0,0.0,0.0,0.0,0.0,0.0,0.0,0.0,0.0,0.0,0.0,0.0,0.0,0.0,0.0,0.0,0.0,0.0,0.0,0.0
2017-05-31 05:27:00+02:00,0.0,0.0,0.0,0.0,0.0,0.0,0.0,0.0,0.0,0.0,0.0,0.0,0.0,0.0,0.0,0.0,0.0,0.0,0.0,0.0,0.0,0.0,0.0,0.0,0.0,0.0,0.0,0.0,0.0,0.0,0.0,0.0,0.0,0.0,0.0,0.0,0.0,0.0,0.0,0.0,0.0,0.0,0.0,0.0,0.0,0.0,0.0,0.0,0.0,0.0,0.0,0.0,0.0,0.0,0.0,0.0,0.0,0.0,0.0,0.0,0.0,0.0,0.0,0.0,0.0,0.0,0.0,0.0,0.0,0.0,0.0,0.0,0.0,0.0,0.0,0.0,0.0,0.0,0.0,0.0,0.0,0.0,0.0,0.0,0.0,0.0,0.0,0.0,0.0,0.0,0.0,0.0,0.0,0.0,0.0,0.0,0.0,0.0,0.0,0.0,0.0,0.0,0.0,0.0,0.0,0.0,0.0,0.0,0.0,0.0,0.0,0.0,0.0,0.0,0.0,0.0,0.0,0.0
2017-05-31 05:28:00+02:00,0.0,0.0,0.0,0.0,0.0,0.0,0.0,0.0,0.0,0.0,0.0,0.0,0.0,0.0,0.0,0.0,0.0,0.0,0.0,0.0,0.0,0.0,0.0,0.0,0.0,0.0,0.0,0.0,0.0,0.0,0.0,0.0,0.0,0.0,0.0,0.0,0.0,0.0,0.0,0.0,0.0,0.0,0.0,0.0,0.0,0.0,0.0,0.0,0.0,0.0,0.0,0.0,0.0,0.0,0.0,0.0,0.0,0.0,0.0,0.0,0.0,0.0,0.0,0.0,0.0,0.0,0.0,0.0,0.0,0.0,0.0,0.0,0.0,0.0,0.0,0.0,0.0,0.0,0.0,0.0,0.0,0.0,0.0,0.0,0.0,0.0,0.0,0.0,0.0,0.0,0.0,0.0,0.0,0.0,0.0,0.0,0.0,0.0,0.0,0.0,0.0,0.0,0.0,0.0,0.0,0.0,0.0,0.0,0.0,0.0,0.0,0.0,0.0,0.0,0.0,0.0,0.0,0.0
2017-05-31 05:29:00+02:00,0.0,0.0,0.0,0.0,0.0,0.0,0.0,0.0,0.0,0.0,0.0,0.0,0.0,0.0,0.0,0.0,0.0,0.0,0.0,0.0,0.0,0.0,0.0,0.0,0.0,0.0,0.0,0.0,0.0,0.0,0.0,0.0,0.0,0.0,0.0,0.0,0.0,0.0,0.0,0.0,0.0,0.0,0.0,0.0,0.0,0.0,0.0,0.0,0.0,0.0,0.0,0.0,0.0,0.0,0.0,0.0,0.0,0.0,0.0,0.0,0.0,0.0,0.0,0.0,0.0,0.0,0.0,0.0,0.0,0.0,0.0,0.0,0.0,0.0,0.0,0.0,0.0,0.0,0.0,0.0,0.0,0.0,0.0,0.0,0.0,0.0,0.0,0.0,0.0,0.0,0.0,0.0,0.0,0.0,0.0,0.0,0.0,0.0,0.0,0.0,0.0,0.0,0.0,0.0,0.0,0.0,0.0,0.0,0.0,0.0,0.0,0.0,0.0,0.0,0.0,0.0,0.0,0.0
2017-05-31 05:30:00+02:00,0.0,0.0,0.0,0.0,0.0,0.0,0.0,0.0,0.0,0.0,0.0,0.0,0.0,0.0,0.0,0.0,0.0,0.0,0.0,0.0,0.0,0.0,0.0,0.0,0.0,0.0,0.0,0.0,0.0,0.0,0.0,0.0,0.0,0.0,0.0,0.0,0.0,0.0,0.0,0.0,0.0,0.0,0.0,0.0,0.0,0.0,0.0,0.0,0.0,0.0,0.0,0.0,0.0,0.0,0.0,0.0,0.0,0.0,0.0,0.0,0.0,0.0,0.0,0.0,0.0,0.0,0.0,0.0,0.0,0.0,0.0,0.0,0.0,0.0,0.0,0.0,0.0,0.0,0.0,0.0,0.0,0.0,0.0,0.0,0.0,0.0,0.0,0.0,0.0,0.0,0.0,0.0,0.0,0.0,0.0,0.0,0.0,0.0,0.0,0.0,0.0,0.0,0.0,0.0,0.0,0.0,0.0,0.0,0.0,0.0,0.0,0.0,0.0,0.0,0.0,0.0,0.0,0.0
2017-05-31 05:31:00+02:00,0.0,0.0,0.0,0.0,0.0,0.0,0.0,0.0,0.0,0.0,0.0,0.0,0.0,0.0,0.0,0.0,0.0,0.0,0.0,0.0,0.0,0.0,0.0,0.0,0.0,0.0,0.0,0.0,0.0,0.0,0.0,0.0,0.0,0.0,0.0,0.0,0.0,0.0,0.0,0.0,0.0,0.0,0.0,0.0,0.0,0.0,0.0,0.0,0.0,0.0,0.0,0.0,0.0,0.0,0.0,0.0,0.0,0.0,0.0,0.0,0.0,0.0,0.0,0.0,0.0,0.0,0.0,0.0,0.0,0.0,0.0,0.0,0.0,0.0,0.0,0.0,0.0,0.0,0.0,0.0,0.0,0.0,0.0,0.0,0.0,0.0,0.0,0.0,0.0,0.0,0.0,0.0,0.0,0.0,0.0,0.0,0.0,0.0,0.0,0.0,0.0,0.0,0.0,0.0,0.0,0.0,0.0,0.0,0.0,0.0,0.0,0.0,0.0,0.0,0.0,0.0,0.0,0.0
2017-05-31 05:32:00+02:00,0.0,0.0,0.0,0.0,0.0,0.0,0.0,0.0,0.0,0.0,0.0,0.0,0.0,0.0,0.0,0.0,0.0,0.0,0.0,0.0,0.0,0.0,0.0,0.0,0.0,0.0,0.0,0.0,0.0,0.0,0.0,0.0,0.0,0.0,0.0,0.0,0.0,0.0,0.0,0.0,0.0,0.0,0.0,0.0,0.0,0.0,0.0,0.0,0.0,0.0,0.0,0.0,0.0,0.0,0.0,0.0,0.0,0.0,0.0,0.0,0.0,0.0,0.0,0.0,0.0,0.0,0.0,0.0,0.0,0.0,0.0,0.0,0.0,0.0,0.0,0.0,0.0,0.0,0.0,0.0,0.0,0.0,0.0,0.0,0.0,0.0,0.0,0.0,0.0,0.0,0.0,0.0,0.0,0.0,0.0,0.0,0.0,0.0,0.0,0.0,0.0,0.0,0.0,0.0,0.0,0.0,0.0,0.0,0.0,0.0,0.0,0.0,0.0,0.0,0.0,0.0,0.0,0.0
2017-05-31 05:33:00+02:00,0.0,0.0,0.0,0.0,0.0,0.0,0.0,0.0,0.0,0.0,0.0,0.0,0.0,0.0,0.0,0.0,0.0,0.0,0.0,0.0,0.0,0.0,0.0,0.0,0.0,0.0,0.0,0.0,0.0,0.0,0.0,0.0,0.0,0.0,0.0,0.0,0.0,0.0,0.0,0.0,0.0,0.0,0.0,0.0,0.0,0.0,0.0,0.0,0.0,0.0,0.0,0.0,0.0,0.0,0.0,0.0,0.0,0.0,0.0,0.0,0.0,0.0,0.0,0.0,0.0,0.0,0.0,0.0,0.0,0.0,0.0,0.0,0.0,0.0,0.0,0.0,0.0,0.0,0.0,0.0,0.0,0.0,0.0,0.0,0.0,0.0,0.0,0.0,0.0,0.0,0.0,0.0,0.0,0.0,0.0,0.0,0.0,0.0,0.0,0.0,0.0,0.0,0.0,0.0,0.0,0.0,0.0,0.0,0.0,0.0,0.0,0.0,0.0,0.0,0.0,0.0,0.0,0.0
2017-05-31 05:34:00+02:00,0.0,0.0,0.0,0.0,0.0,0.0,0.0,0.0,0.0,0.0,0.0,0.0,0.0,0.0,0.0,0.0,0.0,0.0,0.0,0.0,0.0,0.0,0.0,0.0,0.0,0.0,0.0,0.0,0.0,0.0,0.0,0.0,0.0,0.0,0.0,0.0,0.0,0.0,0.0,0.0,0.0,0.0,0.0,0.0,0.0,0.0,0.0,0.0,0.0,0.0,0.0,0.0,0.0,0.0,0.0,0.0,0.0,0.0,0.0,0.0,0.0,0.0,0.0,0.0,0.0,0.0,0.0,0.0,0.0,0.0,0.0,0.0,0.0,0.0,0.0,0.0,0.0,0.0,0.0,0.0,0.0,0.0,0.0,0.0,0.0,0.0,0.0,0.0,0.0,0.0,0.0,0.0,0.0,0.0,0.0,0.0,0.0,0.0,0.0,0.0,0.0,0.0,0.0,0.0,0.0,0.0,0.0,0.0,0.0,0.0,0.0,0.0,0.0,0.0,0.0,0.0,0.0,0.0
2017-05-31 05:35:00+02:00,0.0,0.0,0.0,0.0,0.0,0.0,0.0,0.0,0.0,0.0,0.0,0.0,0.0,0.0,0.0,0.0,0.0,0.0,0.0,0.0,0.0,0.0,0.0,0.0,0.0,0.0,0.0,0.0,0.0,0.0,0.0,0.0,0.0,0.0,0.0,0.0,0.0,0.0,0.0,0.0,0.0,0.0,0.0,0.0,0.0,0.0,0.0,0.0,0.0,0.0,0.0,0.0,0.0,0.0,0.0,0.0,0.0,0.0,0.0,0.0,0.0,0.0,0.0,0.0,0.0,0.0,0.0,0.0,0.0,0.0,0.0,0.0,0.0,0.0,0.0,0.0,0.0,0.0,0.0,0.0,0.0,0.0,0.0,0.0,0.0,0.0,0.0,0.0,0.0,0.0,0.0,0.0,0.0,0.0,0.0,0.0,0.0,0.0,0.0,0.0,0.0,0.0,0.0,0.0,0.0,0.0,0.0,0.0,0.0,0.0,0.0,0.0,0.0,0.0,0.0,0.0,0.0,0.0
2017-05-31 05:36:00+02:00,0.0,0.0,0.0,0.0,0.0,0.0,0.0,0.0,0.0,0.0,0.0,0.0,0.0,0.0,0.0,0.0,0.0,0.0,0.0,0.0,0.0,0.0,0.0,0.0,0.0,0.0,0.0,0.0,0.0,0.0,0.0,0.0,0.0,0.0,0.0,0.0,0.0,0.0,0.0,0.0,0.0,0.0,0.0,0.0,0.0,0.0,0.0,0.0,0.0,0.0,0.0,0.0,0.0,0.0,0.0,0.0,0.0,0.0,0.0,0.0,0.0,0.0,0.0,0.0,0.0,0.0,0.0,0.0,0.0,0.0,0.0,0.0,0.0,0.0,0.0,0.0,0.0,0.0,0.0,0.0,0.0,0.0,0.0,0.0,0.0,0.0,0.0,0.0,0.0,0.0,0.0,0.0,0.0,0.0,0.0,0.0,0.0,0.0,0.0,0.0,0.0,0.0,0.0,0.0,0.0,0.0,0.0,0.0,0.0,0.0,0.0,0.0,0.0,0.0,0.0,0.0,0.0,0.0
2017-05-31 05:37:00+02:00,0.0,0.0,0.0,0.0,0.0,0.0,0.0,0.0,0.0,0.0,0.0,0.0,0.0,0.0,0.0,0.0,0.0,0.0,0.0,0.0,0.0,0.0,0.0,0.0,0.0,0.0,0.0,0.0,0.0,0.0,0.0,0.0,0.0,0.0,0.0,0.0,0.0,0.0,0.0,0.0,0.0,0.0,0.0,0.0,0.0,0.0,0.0,0.0,0.0,0.0,0.0,0.0,0.0,0.0,0.0,0.0,0.0,0.0,0.0,0.0,0.0,0.0,0.0,0.0,0.0,0.0,0.0,0.0,0.0,0.0,0.0,0.0,0.0,0.0,0.0,0.0,0.0,0.0,0.0,0.0,0.0,0.0,0.0,0.0,0.0,0.0,0.0,0.0,0.0,0.0,0.0,0.0,0.0,0.0,0.0,0.0,0.0,0.0,0.0,0.0,0.0,0.0,0.0,0.0,0.0,0.0,0.0,0.0,0.0,0.0,0.0,0.0,0.0,0.0,0.0,0.0,0.0,0.0
2017-05-31 05:38:00+02:00,0.0,0.0,0.0,0.0,0.0,0.0,0.0,0.0,0.0,0.0,0.0,0.0,0.0,0.0,0.0,0.0,0.0,0.0,0.0,0.0,0.0,0.0,0.0,0.0,0.0,0.0,0.0,0.0,0.0,0.0,0.0,0.0,0.0,0.0,0.0,0.0,0.0,0.0,0.0,0.0,0.0,0.0,0.0,0.0,0.0,0.0,0.0,0.0,0.0,0.0,0.0,0.0,0.0,0.0,0.0,0.0,0.0,0.0,0.0,0.0,0.0,0.0,0.0,0.0,0.0,0.0,0.0,0.0,0.0,0.0,0.0,0.0,0.0,0.0,0.0,0.0,0.0,0.0,0.0,0.0,0.0,0.0,0.0,0.0,0.0,0.0,0.0,0.0,0.0,0.0,0.0,0.0,0.0,0.0,0.0,0.0,0.0,0.0,0.0,0.0,0.0,0.0,0.0,0.0,0.0,0.0,0.0,0.0,0.0,0.0,0.0,0.0,0.0,0.0,0.0,0.0,0.0,0.0
2017-05-31 05:39:00+02:00,0.0,0.0,0.0,0.0,0.0,0.0,0.0,0.0,0.0,0.0,0.0,0.0,0.0,0.0,0.0,0.0,0.0,0.0,0.0,0.0,0.0,0.0,0.0,0.0,0.0,0.0,0.0,0.0,0.0,0.0,0.0,0.0,0.0,0.0,0.0,0.0,0.0,0.0,0.0,0.0,0.0,0.0,0.0,0.0,0.0,0.0,0.0,0.0,0.0,0.0,0.0,0.0,0.0,0.0,0.0,0.0,0.0,0.0,0.0,0.0,0.0,0.0,0.0,0.0,0.0,0.0,0.0,0.0,0.0,0.0,0.0,0.0,0.0,0.0,0.0,0.0,0.0,0.0,0.0,0.0,0.0,0.0,0.0,0.0,0.0,0.0,0.0,0.0,0.0,0.0,0.0,0.0,0.0,0.0,0.0,0.0,0.0,0.0,0.0,0.0,0.0,0.0,0.0,0.0,0.0,0.0,0.0,0.0,0.0,0.0,0.0,0.0,0.0,0.0,0.0,0.0,0.0,0.0
2017-05-31 05:40:00+02:00,0.0,0.0,0.0,0.0,0.0,0.0,0.0,0.0,0.0,0.0,0.0,0.0,0.0,0.0,0.0,0.0,0.0,0.0,0.0,0.0,0.0,0.0,0.0,0.0,0.0,0.0,0.0,0.0,0.0,0.0,0.0,0.0,0.0,0.0,0.0,0.0,0.0,0.0,0.0,0.0,0.0,0.0,0.0,0.0,0.0,0.0,0.0,0.0,0.0,0.0,0.0,0.0,0.0,0.0,0.0,0.0,0.0,0.0,0.0,0.0,0.0,0.0,0.0,0.0,0.0,0.0,0.0,0.0,0.0,0.0,0.0,0.0,0.0,0.0,0.0,0.0,0.0,0.0,0.0,0.0,0.0,0.0,0.0,0.0,0.0,0.0,0.0,0.0,0.0,0.0,0.0,0.0,0.0,0.0,0.0,0.0,0.0,0.0,0.0,0.0,0.0,0.0,0.0,0.0,0.0,0.0,0.0,0.0,0.0,0.0,0.0,0.0,0.0,0.0,0.0,0.0,0.0,0.0
2017-05-31 05:41:00+02:00,0.0,0.0,0.0,0.0,0.0,0.0,0.0,0.0,0.0,0.0,0.0,0.0,0.0,0.0,0.0,0.0,0.0,0.0,0.0,0.0,0.0,0.0,0.0,0.0,0.0,0.0,0.0,0.0,0.0,0.0,0.0,0.0,0.0,0.0,0.0,0.0,0.0,0.0,0.0,0.0,0.0,0.0,0.0,0.0,0.0,0.0,0.0,0.0,0.0,0.0,0.0,0.0,0.0,0.0,0.0,0.0,0.0,0.0,0.0,0.0,0.0,0.0,0.0,0.0,0.0,0.0,0.0,0.0,0.0,0.0,0.0,0.0,0.0,0.0,0.0,0.0,0.0,0.0,0.0,0.0,0.0,0.0,0.0,0.0,0.0,0.0,0.0,0.0,0.0,0.0,0.0,0.0,0.0,0.0,0.0,0.0,0.0,0.0,0.0,0.0,0.0,0.0,0.0,0.0,0.0,0.0,0.0,0.0,0.0,0.0,0.0,0.0,0.0,0.0,0.0,0.0,0.0,0.0
2017-05-31 05:42:00+02:00,0.0,0.0,0.0,0.0,0.0,0.0,0.0,0.0,0.0,0.0,0.0,0.0,0.0,0.0,0.0,0.0,0.0,0.0,0.0,0.0,0.0,0.0,0.0,0.0,0.0,0.0,0.0,0.0,0.0,0.0,0.0,0.0,0.0,0.0,0.0,0.0,0.0,0.0,0.0,0.0,0.0,0.0,0.0,0.0,0.0,0.0,0.0,0.0,0.0,0.0,0.0,0.0,0.0,0.0,0.0,0.0,0.0,0.0,0.0,0.0,0.0,0.0,0.0,0.0,0.0,0.0,0.0,0.0,0.0,0.0,0.0,0.0,0.0,0.0,0.0,0.0,0.0,0.0,0.0,0.0,0.0,0.0,0.0,0.0,0.0,0.0,0.0,0.0,0.0,0.0,0.0,0.0,0.0,0.0,0.0,0.0,0.0,0.0,0.0,0.0,0.0,0.0,0.0,0.0,0.0,0.0,0.0,0.0,0.0,0.0,0.0,0.0,0.0,0.0,0.0,0.0,0.0,0.0
2017-05-31 05:43:00+02:00,0.0,0.0,0.0,0.0,0.0,0.0,0.0,0.0,0.0,0.0,0.0,0.0,0.0,0.0,0.0,0.0,0.0,0.0,0.0,0.0,0.0,0.0,0.0,0.0,0.0,0.0,0.0,0.0,0.0,0.0,0.0,0.0,0.0,0.0,0.0,0.0,0.0,0.0,0.0,0.0,0.0,0.0,0.0,0.0,0.0,0.0,0.0,0.0,0.0,0.0,0.0,0.0,0.0,0.0,0.0,0.0,0.0,0.0,0.0,0.0,0.0,0.0,0.0,0.0,0.0,0.0,0.0,0.0,0.0,0.0,0.0,0.0,0.0,0.0,0.0,0.0,0.0,0.0,0.0,0.0,0.0,0.0,0.0,0.0,0.0,0.0,0.0,0.0,0.0,0.0,0.0,0.0,0.0,0.0,0.0,0.0,0.0,0.0,0.0,0.0,0.0,0.0,0.0,0.0,0.0,0.0,0.0,0.0,0.0,0.0,0.0,0.0,0.0,0.0,0.0,0.0,0.0,0.0
2017-05-31 05:44:00+02:00,0.0,0.0,0.0,0.0,0.0,0.0,0.0,0.0,0.0,0.0,0.0,0.0,0.0,0.0,0.0,0.0,0.0,0.0,0.0,0.0,0.0,0.0,0.0,0.0,0.0,0.0,0.0,0.0,0.0,0.0,0.0,0.0,0.0,0.0,0.0,0.0,0.0,0.0,0.0,0.0,0.0,0.0,0.0,0.0,0.0,0.0,0.0,0.0,0.0,0.0,0.0,0.0,0.0,0.0,0.0,0.0,0.0,0.0,0.0,0.0,0.0,0.0,0.0,0.0,0.0,0.0,0.0,0.0,0.0,0.0,0.0,0.0,0.0,0.0,0.0,0.0,0.0,0.0,0.0,0.0,0.0,0.0,0.0,0.0,0.0,0.0,0.0,0.0,0.0,0.0,0.0,0.0,0.0,0.0,0.0,0.0,0.0,0.0,0.0,0.0,0.0,0.0,0.0,0.0,0.0,0.0,0.0,0.0,0.0,0.0,0.0,0.0,0.0,0.0,0.0,0.0,0.0,0.0
2017-05-31 05:45:00+02:00,0.0,0.0,0.0,0.0,0.0,0.0,0.0,0.0,0.0,0.0,0.0,0.0,0.0,0.0,0.0,0.0,0.0,0.0,0.0,0.0,0.0,0.0,0.0,0.0,0.0,0.0,0.0,0.0,0.0,0.0,0.0,0.0,0.0,0.0,0.0,0.0,0.0,0.0,0.0,0.0,0.0,0.0,0.0,0.0,0.0,0.0,0.0,0.0,0.0,0.0,0.0,0.0,0.0,0.0,0.0,0.0,0.0,0.0,0.0,0.0,0.0,0.0,0.0,0.0,0.0,0.0,0.0,0.0,0.0,0.0,0.0,0.0,0.0,0.0,0.0,0.0,0.0,0.0,0.0,0.0,0.0,0.0,0.0,0.0,0.0,0.0,0.0,0.0,0.0,0.0,0.0,0.0,0.0,0.0,0.0,0.0,0.0,0.0,0.0,0.0,0.0,0.0,0.0,0.0,0.0,0.0,0.0,0.0,0.0,0.0,0.0,0.0,0.0,0.0,0.0,0.0,0.0,0.0
2017-05-31 05:46:00+02:00,0.0,0.0,0.0,0.0,0.0,0.0,0.0,0.0,0.0,0.0,0.0,0.0,0.0,0.0,0.0,0.0,0.0,0.0,0.0,0.0,0.0,0.0,0.0,0.0,0.0,0.0,0.0,0.0,0.0,0.0,0.0,0.0,0.0,0.0,0.0,0.0,0.0,0.0,0.0,0.0,0.0,0.0,0.0,0.0,0.0,0.0,0.0,0.0,0.0,0.0,0.0,0.0,0.0,0.0,0.0,0.0,0.0,0.0,0.0,0.0,0.0,0.0,0.0,0.0,0.0,0.0,0.0,0.0,0.0,0.0,0.0,0.0,0.0,0.0,0.0,0.0,0.0,0.0,0.0,0.0,0.0,0.0,0.0,0.0,0.0,0.0,0.0,0.0,0.0,0.0,0.0,0.0,0.0,0.0,0.0,0.0,0.0,0.0,0.0,0.0,0.0,0.0,0.0,0.0,0.0,0.0,0.0,0.0,0.0,0.0,0.0,0.0,0.0,0.0,0.0,0.0,0.0,0.0
2017-05-31 05:47:00+02:00,0.0,0.0,0.0,0.0,0.0,0.0,0.0,0.0,0.0,0.0,0.0,0.0,0.0,0.0,0.0,0.0,0.0,0.0,0.0,0.0,0.0,0.0,0.0,0.0,0.0,0.0,0.0,0.0,0.0,0.0,0.0,0.0,0.0,0.0,0.0,0.0,0.0,0.0,0.0,0.0,0.0,0.0,0.0,0.0,0.0,0.0,0.0,0.0,0.0,0.0,0.0,0.0,0.0,0.0,0.0,0.0,0.0,0.0,0.0,0.0,0.0,0.0,0.0,0.0,0.0,0.0,0.0,0.0,0.0,0.0,0.0,0.0,0.0,0.0,0.0,0.0,0.0,0.0,0.0,0.0,0.0,0.0,0.0,0.0,0.0,0.0,0.0,0.0,0.0,0.0,0.0,0.0,0.0,0.0,0.0,0.0,0.0,0.0,0.0,0.0,0.0,0.0,0.0,0.0,0.0,0.0,0.0,0.0,0.0,0.0,0.0,0.0,0.0,0.0,0.0,0.0,0.0,0.0
2017-05-31 05:48:00+02:00,0.0,0.0,0.0,0.0,0.0,0.0,0.0,0.0,0.0,0.0,0.0,0.0,0.0,0.0,0.0,0.0,0.0,0.0,0.0,0.0,0.0,0.0,0.0,0.0,0.0,0.0,0.0,0.0,0.0,0.0,0.0,0.0,0.0,0.0,0.0,0.0,0.0,0.0,0.0,0.0,0.0,0.0,0.0,0.0,0.0,0.0,0.0,0.0,0.0,0.0,0.0,0.0,0.0,0.0,0.0,0.0,0.0,0.0,0.0,0.0,0.0,0.0,0.0,0.0,0.0,0.0,0.0,0.0,0.0,0.0,0.0,0.0,0.0,0.0,0.0,0.0,0.0,0.0,0.0,0.0,0.0,0.0,0.0,0.0,0.0,0.0,0.0,0.0,0.0,0.0,0.0,0.0,0.0,0.0,0.0,0.0,0.0,0.0,0.0,0.0,0.0,0.0,0.0,0.0,0.0,0.0,0.0,0.0,0.0,0.0,0.0,0.0,0.0,0.0,0.0,0.0,0.0,0.0
2017-05-31 05:49:00+02:00,0.0,0.0,0.0,0.0,0.0,0.0,0.0,0.0,0.0,0.0,0.0,0.0,0.0,0.0,0.0,0.0,0.0,0.0,0.0,0.0,0.0,0.0,0.0,0.0,0.0,0.0,0.0,0.0,0.0,0.0,0.0,0.0,0.0,0.0,0.0,0.0,0.0,0.0,0.0,0.0,0.0,0.0,0.0,0.0,0.0,0.0,0.0,0.0,0.0,0.0,0.0,0.0,0.0,0.0,0.0,0.0,0.0,0.0,0.0,0.0,0.0,0.0,0.0,0.0,0.0,0.0,0.0,0.0,0.0,0.0,0.0,0.0,0.0,0.0,0.0,0.0,0.0,0.0,0.0,0.0,0.0,0.0,0.0,0.0,0.0,0.0,0.0,0.0,0.0,0.0,0.0,0.0,0.0,0.0,0.0,0.0,0.0,0.0,0.0,0.0,0.0,0.0,0.0,0.0,0.0,0.0,0.0,0.0,0.0,0.0,0.0,0.0,0.0,0.0,0.0,0.0,0.0,0.0
2017-05-31 05:50:00+02:00,0.0,0.0,0.0,0.0,0.0,0.0,0.0,0.0,0.0,0.0,0.0,0.0,0.0,0.0,0.0,0.0,0.0,0.0,0.0,0.0,0.0,0.0,0.0,0.0,0.0,0.0,0.0,0.0,0.0,0.0,0.0,0.0,0.0,0.0,0.0,0.0,0.0,0.0,0.0,0.0,0.0,0.0,0.0,0.0,0.0,0.0,0.0,0.0,0.0,0.0,0.0,0.0,0.0,0.0,0.0,0.0,0.0,0.0,0.0,0.0,0.0,0.0,0.0,0.0,0.0,0.0,0.0,0.0,0.0,0.0,0.0,0.0,0.0,0.0,0.0,0.0,0.0,0.0,0.0,0.0,0.0,0.0,0.0,0.0,0.0,0.0,0.0,0.0,0.0,0.0,0.0,0.0,0.0,0.0,0.0,0.0,0.0,0.0,0.0,0.0,0.0,0.0,0.0,0.0,0.0,0.0,0.0,0.0,0.0,0.0,0.0,0.0,0.0,0.0,0.0,0.0,0.0,0.0
2017-05-31 05:51:00+02:00,0.0,0.0,0.0,0.0,0.0,0.0,0.0,0.0,0.0,0.0,0.0,0.0,0.0,0.0,0.0,0.0,0.0,0.0,0.0,0.0,0.0,0.0,0.0,0.0,0.0,0.0,0.0,0.0,0.0,0.0,0.0,0.0,0.0,0.0,0.0,0.0,0.0,0.0,0.0,0.0,0.0,0.0,0.0,0.0,0.0,0.0,0.0,0.0,0.0,0.0,0.0,0.0,0.0,0.0,0.0,0.0,0.0,0.0,0.0,0.0,0.0,0.0,0.0,0.0,0.0,0.0,0.0,0.0,0.0,0.0,0.0,0.0,0.0,0.0,0.0,0.0,0.0,0.0,0.0,0.0,0.0,0.0,0.0,0.0,0.0,0.0,0.0,0.0,0.0,0.0,0.0,0.0,0.0,0.0,0.0,0.0,0.0,0.0,0.0,0.0,0.0,0.0,0.0,0.0,0.0,0.0,0.0,0.0,0.0,0.0,0.0,0.0,0.0,0.0,0.0,0.0,0.0,0.0
2017-05-31 05:52:00+02:00,0.0,0.0,0.0,0.0,0.0,0.0,0.0,0.0,0.0,0.0,0.0,0.0,0.0,0.0,0.0,0.0,0.0,0.0,0.0,0.0,0.0,0.0,0.0,0.0,0.0,0.0,0.0,0.0,0.0,0.0,0.0,0.0,0.0,0.0,0.0,0.0,0.0,0.0,0.0,0.0,0.0,0.0,0.0,0.0,0.0,0.0,0.0,0.0,0.0,0.0,0.0,0.0,0.0,0.0,0.0,0.0,0.0,0.0,0.0,0.0,0.0,0.0,0.0,0.0,0.0,0.0,0.0,0.0,0.0,0.0,0.0,0.0,0.0,0.0,0.0,0.0,0.0,0.0,0.0,0.0,0.0,0.0,0.0,0.0,0.0,0.0,0.0,0.0,0.0,0.0,0.0,0.0,0.0,0.0,0.0,0.0,0.0,0.0,0.0,0.0,0.0,0.0,0.0,0.0,0.0,0.0,0.0,0.0,0.0,0.0,0.0,0.0,0.0,0.0,0.0,0.0,0.0,0.0
2017-05-31 05:53:00+02:00,0.0,0.0,0.0,0.0,0.0,0.0,0.0,0.0,0.0,0.0,0.0,0.0,0.0,0.0,0.0,0.0,0.0,0.0,0.0,0.0,0.0,0.0,0.0,0.0,0.0,0.0,0.0,0.0,0.0,0.0,0.0,0.0,0.0,0.0,0.0,0.0,0.0,0.0,0.0,0.0,0.0,0.0,0.0,0.0,0.0,0.0,0.0,0.0,0.0,0.0,0.0,0.0,0.0,0.0,0.0,0.0,0.0,0.0,0.0,0.0,0.0,0.0,0.0,0.0,0.0,0.0,0.0,0.0,0.0,0.0,0.0,0.0,0.0,0.0,0.0,0.0,0.0,0.0,0.0,0.0,0.0,0.0,0.0,0.0,0.0,0.0,0.0,0.0,0.0,0.0,0.0,0.0,0.0,0.0,0.0,0.0,0.0,0.0,0.0,0.0,0.0,0.0,0.0,0.0,0.0,0.0,0.0,0.0,0.0,0.0,0.0,0.0,0.0,0.0,0.0,0.0,0.0,0.0
2017-05-31 05:54:00+02:00,0.0,0.0,0.0,0.0,0.0,0.0,0.0,0.0,0.0,0.0,0.0,0.0,0.0,0.0,0.0,0.0,0.0,0.0,0.0,0.0,0.0,0.0,0.0,0.0,0.0,0.0,0.0,0.0,0.0,0.0,0.0,0.0,0.0,0.0,0.0,0.0,0.0,0.0,0.0,0.0,0.0,0.0,0.0,0.0,0.0,0.0,0.0,0.0,0.0,0.0,0.0,0.0,0.0,0.0,0.0,0.0,0.0,0.0,0.0,0.0,0.0,0.0,0.0,0.0,0.0,0.0,0.0,0.0,0.0,0.0,0.0,0.0,0.0,0.0,0.0,0.0,0.0,0.0,0.0,0.0,0.0,0.0,0.0,0.0,0.0,0.0,0.0,0.0,0.0,0.0,0.0,0.0,0.0,0.0,0.0,0.0,0.0,0.0,0.0,0.0,0.0,0.0,0.0,0.0,0.0,0.0,0.0,0.0,0.0,0.0,0.0,0.0,0.0,0.0,0.0,0.0,0.0,0.0
2017-05-31 05:55:00+02:00,0.0,0.0,0.0,0.0,0.0,0.0,0.0,0.0,0.0,0.0,0.0,0.0,0.0,0.0,0.0,0.0,0.0,0.0,0.0,0.0,0.0,0.0,0.0,0.0,0.0,0.0,0.0,0.0,0.0,0.0,0.0,0.0,0.0,0.0,0.0,0.0,0.0,0.0,0.0,0.0,0.0,0.0,0.0,0.0,0.0,0.0,0.0,0.0,0.0,0.0,0.0,0.0,0.0,0.0,0.0,0.0,0.0,0.0,0.0,0.0,0.0,0.0,0.0,0.0,0.0,0.0,0.0,0.0,0.0,0.0,0.0,0.0,0.0,0.0,0.0,0.0,0.0,0.0,0.0,0.0,0.0,0.0,0.0,0.0,0.0,0.0,0.0,0.0,0.0,0.0,0.0,0.0,0.0,0.0,0.0,0.0,0.0,0.0,0.0,0.0,0.0,0.0,0.0,0.0,0.0,0.0,0.0,0.0,0.0,0.0,0.0,0.0,0.0,0.0,0.0,0.0,0.0,0.0
2017-05-31 05:56:00+02:00,0.0,0.0,0.0,0.0,0.0,0.0,0.0,0.0,0.0,0.0,0.0,0.0,0.0,0.0,0.0,0.0,0.0,0.0,0.0,0.0,0.0,0.0,0.0,0.0,0.0,0.0,0.0,0.0,0.0,0.0,0.0,0.0,0.0,0.0,0.0,0.0,0.0,0.0,0.0,0.0,0.0,0.0,0.0,0.0,0.0,0.0,0.0,0.0,0.0,0.0,0.0,0.0,0.0,0.0,0.0,0.0,0.0,0.0,0.0,0.0,0.0,0.0,0.0,0.0,0.0,0.0,0.0,0.0,0.0,0.0,0.0,0.0,0.0,0.0,0.0,0.0,0.0,0.0,0.0,0.0,0.0,0.0,0.0,0.0,0.0,0.0,0.0,0.0,0.0,0.0,0.0,0.0,0.0,0.0,0.0,0.0,0.0,0.0,0.0,0.0,0.0,0.0,0.0,0.0,0.0,0.0,0.0,0.0,0.0,0.0,0.0,0.0,0.0,0.0,0.0,0.0,0.0,0.0
2017-05-31 05:57:00+02:00,0.0,0.0,0.0,0.0,0.0,0.0,0.0,0.0,0.0,0.0,0.0,0.0,0.0,0.0,0.0,0.0,0.0,0.0,0.0,0.0,0.0,0.0,0.0,0.0,0.0,0.0,0.0,0.0,0.0,0.0,0.0,0.0,0.0,0.0,0.0,0.0,0.0,0.0,0.0,0.0,0.0,0.0,0.0,0.0,0.0,0.0,0.0,0.0,0.0,0.0,0.0,0.0,0.0,0.0,0.0,0.0,0.0,0.0,0.0,0.0,0.0,0.0,0.0,0.0,0.0,0.0,0.0,0.0,0.0,0.0,0.0,0.0,0.0,0.0,0.0,0.0,0.0,0.0,0.0,0.0,0.0,0.0,0.0,0.0,0.0,0.0,0.0,0.0,0.0,0.0,0.0,0.0,0.0,0.0,0.0,0.0,0.0,0.0,0.0,0.0,0.0,0.0,0.0,0.0,0.0,0.0,0.0,0.0,0.0,0.0,0.0,0.0,0.0,0.0,0.0,0.0,0.0,0.0
2017-05-31 05:58:00+02:00,0.0,0.0,0.0,0.0,0.0,0.0,0.0,0.0,0.0,0.0,0.0,0.0,0.0,0.0,0.0,0.0,0.0,0.0,0.0,0.0,0.0,0.0,0.0,0.0,0.0,0.0,0.0,0.0,0.0,0.0,0.0,0.0,0.0,0.0,0.0,0.0,0.0,0.0,0.0,0.0,0.0,0.0,0.0,0.0,0.0,0.0,0.0,0.0,0.0,0.0,0.0,0.0,0.0,0.0,0.0,0.0,0.0,0.0,0.0,0.0,0.0,0.0,0.0,0.0,0.0,0.0,0.0,0.0,0.0,0.0,0.0,0.0,0.0,0.0,0.0,0.0,0.0,0.0,0.0,0.0,0.0,0.0,0.0,0.0,0.0,0.0,0.0,0.0,0.0,0.0,0.0,0.0,0.0,0.0,0.0,0.0,0.0,0.0,0.0,0.0,0.0,0.0,0.0,0.0,0.0,0.0,0.0,0.0,0.0,0.0,0.0,0.0,0.0,0.0,0.0,0.0,0.0,0.0
2017-05-31 05:59:00+02:00,0.0,0.0,0.0,0.0,0.0,0.0,0.0,0.0,0.0,0.0,0.0,0.0,0.0,0.0,0.0,0.0,0.0,0.0,0.0,0.0,0.0,0.0,0.0,0.0,0.0,0.0,0.0,0.0,0.0,0.0,0.0,0.0,0.0,0.0,0.0,0.0,0.0,0.0,0.0,0.0,0.0,0.0,0.0,0.0,0.0,0.0,0.0,0.0,0.0,0.0,0.0,0.0,0.0,0.0,0.0,0.0,0.0,0.0,0.0,0.0,0.0,0.0,0.0,0.0,0.0,0.0,0.0,0.0,0.0,0.0,0.0,0.0,0.0,0.0,0.0,0.0,0.0,0.0,0.0,0.0,0.0,0.0,0.0,0.0,0.0,0.0,0.0,0.0,0.0,0.0,0.0,0.0,0.0,0.0,0.0,0.0,0.0,0.0,0.0,0.0,0.0,0.0,0.0,0.0,0.0,0.0,0.0,0.0,0.0,0.0,0.0,0.0,0.0,0.0,0.0,0.0,0.0,0.0
2017-05-31 06:00:00+02:00,0.0,0.0,0.0,0.0,0.0,0.0,0.0,0.0,0.0,0.0,0.0,0.0,0.0,0.0,0.0,0.0,0.0,0.0,0.0,0.0,0.0,0.0,0.0,0.0,0.0,0.0,0.0,0.0,0.0,0.0,0.0,0.0,0.0,0.0,0.0,0.0,0.0,0.0,0.0,0.0,0.0,0.0,0.0,0.0,0.0,0.0,0.0,0.0,0.0,0.0,0.0,0.0,0.0,0.0,0.0,0.0,0.0,0.0,0.0,0.0,0.0,0.0,0.0,0.0,0.0,0.0,0.0,0.0,0.0,0.0,0.0,0.0,0.0,0.0,0.0,0.0,0.0,0.0,0.0,0.0,0.0,0.0,0.0,0.0,0.0,0.0,0.0,0.0,0.0,0.0,0.0,0.0,0.0,0.0,0.0,0.0,0.0,0.0,0.0,0.0,0.0,0.0,0.0,0.0,0.0,0.0,0.0,0.0,0.0,0.0,0.0,0.0,0.0,0.0,0.0,0.0,0.0,0.0
2017-05-31 06:01:00+02:00,0.0,0.0,0.0,0.0,0.0,0.0,0.0,0.0,0.0,0.0,0.0,0.0,0.0,0.0,0.0,0.0,0.0,0.0,0.0,0.0,0.0,0.0,0.0,0.0,0.0,0.0,0.0,0.0,0.0,0.0,0.0,0.0,0.0,0.0,0.0,0.0,0.0,0.0,0.0,0.0,0.0,0.0,0.0,0.0,0.0,0.0,0.0,0.0,0.0,0.0,0.0,0.0,0.0,0.0,0.0,0.0,0.0,0.0,0.0,0.0,0.0,0.0,0.0,0.0,0.0,0.0,0.0,0.0,0.0,0.0,0.0,0.0,0.0,0.0,0.0,0.0,0.0,0.0,0.0,0.0,0.0,0.0,0.0,0.0,0.0,0.0,0.0,0.0,0.0,0.0,0.0,0.0,0.0,0.0,0.0,0.0,0.0,0.0,0.0,0.0,0.0,0.0,0.0,0.0,0.0,0.0,0.0,0.0,0.0,0.0,0.0,0.0,0.0,0.0,0.0,0.0,0.0,0.0
2017-05-31 06:02:00+02:00,0.0,0.0,0.0,0.0,0.0,0.0,0.0,0.0,0.0,0.0,0.0,0.0,0.0,0.0,0.0,0.0,0.0,0.0,0.0,0.0,0.0,0.0,0.0,0.0,0.0,0.0,0.0,0.0,0.0,0.0,0.0,0.0,0.0,0.0,0.0,0.0,0.0,0.0,0.0,0.0,0.0,0.0,0.0,0.0,0.0,0.0,0.0,0.0,0.0,0.0,0.0,0.0,0.0,0.0,0.0,0.0,0.0,0.0,0.0,0.0,0.0,0.0,0.0,0.0,0.0,0.0,0.0,0.0,0.0,0.0,0.0,0.0,0.0,0.0,0.0,0.0,0.0,0.0,0.0,0.0,0.0,0.0,0.0,0.0,0.0,0.0,0.0,0.0,0.0,0.0,0.0,0.0,0.0,0.0,0.0,0.0,0.0,0.0,0.0,0.0,0.0,0.0,0.0,0.0,0.0,0.0,0.0,0.0,0.0,0.0,0.0,0.0,0.0,0.0,0.0,0.0,0.0,0.0
2017-05-31 06:03:00+02:00,0.0,0.0,0.0,0.0,0.0,0.0,0.0,0.0,0.0,0.0,0.0,0.0,0.0,0.0,0.0,0.0,0.0,0.0,0.0,0.0,0.0,0.0,0.0,0.0,0.0,0.0,0.0,0.0,0.0,0.0,0.0,0.0,0.0,0.0,0.0,0.0,0.0,0.0,0.0,0.0,0.0,0.0,0.0,0.0,0.0,0.0,0.0,0.0,0.0,0.0,0.0,0.0,0.0,0.0,0.0,0.0,0.0,0.0,0.0,0.0,0.0,0.0,0.0,0.0,0.0,0.0,0.0,0.0,0.0,0.0,0.0,0.0,0.0,0.0,0.0,0.0,0.0,0.0,0.0,0.0,0.0,0.0,0.0,0.0,0.0,0.0,0.0,0.0,0.0,0.0,0.0,0.0,0.0,0.0,0.0,0.0,0.0,0.0,0.0,0.0,0.0,0.0,0.0,0.0,0.0,0.0,0.0,0.0,0.0,0.0,0.0,0.0,0.0,0.0,0.0,0.0,0.0,0.0
2017-05-31 06:04:00+02:00,0.0,0.0,0.0,0.0,0.0,0.0,0.0,0.0,0.0,0.0,0.0,0.0,0.0,0.0,0.0,0.0,0.0,0.0,0.0,0.0,0.0,0.0,0.0,0.0,0.0,0.0,0.0,0.0,0.0,0.0,0.0,0.0,0.0,0.0,0.0,0.0,0.0,0.0,0.0,0.0,0.0,0.0,0.0,0.0,0.0,0.0,0.0,0.0,0.0,0.0,0.0,0.0,0.0,0.0,0.0,0.0,0.0,0.0,0.0,0.0,0.0,0.0,0.0,0.0,0.0,0.0,0.0,0.0,0.0,0.0,0.0,0.0,0.0,0.0,0.0,0.0,0.0,0.0,0.0,0.0,0.0,0.0,0.0,0.0,0.0,0.0,0.0,0.0,0.0,0.0,0.0,0.0,0.0,0.0,0.0,0.0,0.0,0.0,0.0,0.0,0.0,0.0,0.0,0.0,0.0,0.0,0.0,0.0,0.0,0.0,0.0,0.0,0.0,0.0,0.0,0.0,0.0,0.0
2017-05-31 06:05:00+02:00,0.0,0.0,0.0,0.0,0.0,0.0,0.0,0.0,0.0,0.0,0.0,0.0,0.0,0.0,0.0,0.0,0.0,0.0,0.0,0.0,0.0,0.0,0.0,0.0,0.0,0.0,0.0,0.0,0.0,0.0,0.0,0.0,0.0,0.0,0.0,0.0,0.0,0.0,0.0,0.0,0.0,0.0,0.0,0.0,0.0,0.0,0.0,0.0,0.0,0.0,0.0,0.0,0.0,0.0,0.0,0.0,0.0,0.0,0.0,0.0,0.0,0.0,0.0,0.0,0.0,0.0,0.0,0.0,0.0,0.0,0.0,0.0,0.0,0.0,0.0,0.0,0.0,0.0,0.0,0.0,0.0,0.0,0.0,0.0,0.0,0.0,0.0,0.0,0.0,0.0,0.0,0.0,0.0,0.0,0.0,0.0,0.0,0.0,0.0,0.0,0.0,0.0,0.0,0.0,0.0,0.0,0.0,0.0,0.0,0.0,0.0,0.0,0.0,0.0,0.0,0.0,0.0,0.0
2017-05-31 06:06:00+02:00,0.0,0.0,0.0,0.0,0.0,0.0,0.0,0.0,0.0,0.0,0.0,0.0,0.0,0.0,0.0,0.0,0.0,0.0,0.0,0.0,0.0,0.0,0.0,0.0,0.0,0.0,0.0,0.0,0.0,0.0,0.0,0.0,0.0,0.0,0.0,0.0,0.0,0.0,0.0,0.0,0.0,0.0,0.0,0.0,0.0,0.0,0.0,0.0,0.0,0.0,0.0,0.0,0.0,0.0,0.0,0.0,0.0,0.0,0.0,0.0,0.0,0.0,0.0,0.0,0.0,0.0,0.0,0.0,0.0,0.0,0.0,0.0,0.0,0.0,0.0,0.0,0.0,0.0,0.0,0.0,0.0,0.0,0.0,0.0,0.0,0.0,0.0,0.0,0.0,0.0,0.0,0.0,0.0,0.0,0.0,0.0,0.0,0.0,0.0,0.0,0.0,0.0,0.0,0.0,0.0,0.0,0.0,0.0,0.0,0.0,0.0,0.0,0.0,0.0,0.0,0.0,0.0,0.0
2017-05-31 06:07:00+02:00,0.0,0.0,0.0,0.0,0.0,0.0,0.0,0.0,0.0,0.0,0.0,0.0,0.0,0.0,0.0,0.0,0.0,0.0,0.0,0.0,0.0,0.0,0.0,0.0,0.0,0.0,0.0,0.0,0.0,0.0,0.0,0.0,0.0,0.0,0.0,0.0,0.0,0.0,0.0,0.0,0.0,0.0,0.0,0.0,0.0,0.0,0.0,0.0,0.0,0.0,0.0,0.0,0.0,0.0,0.0,0.0,0.0,0.0,0.0,0.0,0.0,0.0,0.0,0.0,0.0,0.0,0.0,0.0,0.0,0.0,0.0,0.0,0.0,0.0,0.0,0.0,0.0,0.0,0.0,0.0,0.0,0.0,0.0,0.0,0.0,0.0,0.0,0.0,0.0,0.0,0.0,0.0,0.0,0.0,0.0,0.0,0.0,0.0,0.0,0.0,0.0,0.0,0.0,0.0,0.0,0.0,0.0,0.0,0.0,0.0,0.0,0.0,0.0,0.0,0.0,0.0,0.0,0.0
2017-05-31 06:08:00+02:00,0.0,0.0,0.0,0.0,0.0,0.0,0.0,0.0,0.0,0.0,0.0,0.0,0.0,0.0,0.0,0.0,0.0,0.0,0.0,0.0,0.0,0.0,0.0,0.0,0.0,0.0,0.0,0.0,0.0,0.0,0.0,0.0,0.0,0.0,0.0,0.0,0.0,0.0,0.0,0.0,0.0,0.0,0.0,0.0,0.0,0.0,0.0,0.0,0.0,0.0,0.0,0.0,0.0,0.0,0.0,0.0,0.0,0.0,0.0,0.0,0.0,0.0,0.0,0.0,0.0,0.0,0.0,0.0,0.0,0.0,0.0,0.0,0.0,0.0,0.0,0.0,0.0,0.0,0.0,0.0,0.0,0.0,0.0,0.0,0.0,0.0,0.0,0.0,0.0,0.0,0.0,0.0,0.0,0.0,0.0,0.0,0.0,0.0,0.0,0.0,0.0,0.0,0.0,0.0,0.0,0.0,0.0,0.0,0.0,0.0,0.0,0.0,0.0,0.0,0.0,0.0,0.0,0.0
2017-05-31 06:09:00+02:00,0.0,0.0,0.0,0.0,0.0,0.0,0.0,0.0,0.0,0.0,0.0,0.0,0.0,0.0,0.0,0.0,0.0,0.0,0.0,0.0,0.0,0.0,0.0,0.0,0.0,0.0,0.0,0.0,0.0,0.0,0.0,0.0,0.0,0.0,0.0,0.0,0.0,0.0,0.0,0.0,0.0,0.0,0.0,0.0,0.0,0.0,0.0,0.0,0.0,0.0,0.0,0.0,0.0,0.0,0.0,0.0,0.0,0.0,0.0,0.0,0.0,0.0,0.0,0.0,0.0,0.0,0.0,0.0,0.0,0.0,0.0,0.0,0.0,0.0,0.0,0.0,0.0,0.0,0.0,0.0,0.0,0.0,0.0,0.0,0.0,0.0,0.0,0.0,0.0,0.0,0.0,0.0,0.0,0.0,0.0,0.0,0.0,0.0,0.0,0.0,0.0,0.0,0.0,0.0,0.0,0.0,0.0,0.0,0.0,0.0,0.0,0.0,0.0,0.0,0.0,0.0,0.0,0.0
2017-05-31 06:10:00+02:00,0.0,0.0,0.0,0.0,0.0,0.0,0.0,0.0,0.0,0.0,0.0,0.0,0.0,0.0,0.0,0.0,0.0,0.0,0.0,0.0,0.0,0.0,0.0,0.0,0.0,0.0,0.0,0.0,0.0,0.0,0.0,0.0,0.0,0.0,0.0,0.0,0.0,0.0,0.0,0.0,0.0,0.0,0.0,0.0,0.0,0.0,0.0,0.0,0.0,0.0,0.0,0.0,0.0,0.0,0.0,0.0,0.0,0.0,0.0,0.0,0.0,0.0,0.0,0.0,0.0,0.0,0.0,0.0,0.0,0.0,0.0,0.0,0.0,0.0,0.0,0.0,0.0,0.0,0.0,0.0,0.0,0.0,0.0,0.0,0.0,0.0,0.0,0.0,0.0,0.0,0.0,0.0,0.0,0.0,0.0,0.0,0.0,0.0,0.0,0.0,0.0,0.0,0.0,0.0,0.0,0.0,0.0,0.0,0.0,0.0,0.0,0.0,0.0,0.0,0.0,0.0,0.0,0.0
2017-05-31 06:11:00+02:00,0.0,0.0,0.0,0.0,0.0,0.0,0.0,0.0,0.0,0.0,0.0,0.0,0.0,0.0,0.0,0.0,0.0,0.0,0.0,0.0,0.0,0.0,0.0,0.0,0.0,0.0,0.0,0.0,0.0,0.0,0.0,0.0,0.0,0.0,0.0,0.0,0.0,0.0,0.0,0.0,0.0,0.0,0.0,0.0,0.0,0.0,0.0,0.0,0.0,0.0,0.0,0.0,0.0,0.0,0.0,0.0,0.0,0.0,0.0,0.0,0.0,0.0,0.0,0.0,0.0,0.0,0.0,0.0,0.0,0.0,0.0,0.0,0.0,0.0,0.0,0.0,0.0,0.0,0.0,0.0,0.0,0.0,0.0,0.0,0.0,0.0,0.0,0.0,0.0,0.0,0.0,0.0,0.0,0.0,0.0,0.0,0.0,0.0,0.0,0.0,0.0,0.0,0.0,0.0,0.0,0.0,0.0,0.0,0.0,0.0,0.0,0.0,0.0,0.0,0.0,0.0,0.0,0.0
2017-05-31 06:12:00+02:00,0.0,0.0,0.0,0.0,0.0,0.0,0.0,0.0,0.0,0.0,0.0,0.0,0.0,0.0,0.0,0.0,0.0,0.0,0.0,0.0,0.0,0.0,0.0,0.0,0.0,0.0,0.0,0.0,0.0,0.0,0.0,0.0,0.0,0.0,0.0,0.0,0.0,0.0,0.0,0.0,0.0,0.0,0.0,0.0,0.0,0.0,0.0,0.0,0.0,0.0,0.0,0.0,0.0,0.0,0.0,0.0,0.0,0.0,0.0,0.0,0.0,0.0,0.0,0.0,0.0,0.0,0.0,0.0,0.0,0.0,0.0,0.0,0.0,0.0,0.0,0.0,0.0,0.0,0.0,0.0,0.0,0.0,0.0,0.0,0.0,0.0,0.0,0.0,0.0,0.0,0.0,0.0,0.0,0.0,0.0,0.0,0.0,0.0,0.0,0.0,0.0,0.0,0.0,0.0,0.0,0.0,0.0,0.0,0.0,0.0,0.0,0.0,0.0,0.0,0.0,0.0,0.0,0.0
2017-05-31 06:13:00+02:00,0.0,0.0,0.0,0.0,0.0,0.0,0.0,0.0,0.0,0.0,0.0,0.0,0.0,0.0,0.0,0.0,0.0,0.0,0.0,0.0,0.0,0.0,0.0,0.0,0.0,0.0,0.0,0.0,0.0,0.0,0.0,0.0,0.0,0.0,0.0,0.0,0.0,0.0,0.0,0.0,0.0,0.0,0.0,0.0,0.0,0.0,0.0,0.0,0.0,0.0,0.0,0.0,0.0,0.0,0.0,0.0,0.0,0.0,0.0,0.0,0.0,0.0,0.0,0.0,0.0,0.0,0.0,0.0,0.0,0.0,0.0,0.0,0.0,0.0,0.0,0.0,0.0,0.0,0.0,0.0,0.0,0.0,0.0,0.0,0.0,0.0,0.0,0.0,0.0,0.0,0.0,0.0,0.0,0.0,0.0,0.0,0.0,0.0,0.0,0.0,0.0,0.0,0.0,0.0,0.0,0.0,0.0,0.0,0.0,0.0,0.0,0.0,0.0,0.0,0.0,0.0,0.0,0.0
2017-05-31 06:14:00+02:00,0.0,0.0,0.0,0.0,0.0,0.0,0.0,0.0,0.0,0.0,0.0,0.0,0.0,0.0,0.0,0.0,0.0,0.0,0.0,0.0,0.0,0.0,0.0,0.0,0.0,0.0,0.0,0.0,0.0,0.0,0.0,0.0,0.0,0.0,0.0,0.0,0.0,0.0,0.0,0.0,0.0,0.0,0.0,0.0,0.0,0.0,0.0,0.0,0.0,0.0,0.0,0.0,0.0,0.0,0.0,0.0,0.0,0.0,0.0,0.0,0.0,0.0,0.0,0.0,0.0,0.0,0.0,0.0,0.0,0.0,0.0,0.0,0.0,0.0,0.0,0.0,0.0,0.0,0.0,0.0,0.0,0.0,0.0,0.0,0.0,0.0,0.0,0.0,0.0,0.0,0.0,0.0,0.0,0.0,0.0,0.0,0.0,0.0,0.0,0.0,0.0,0.0,0.0,0.0,0.0,0.0,0.0,0.0,0.0,0.0,0.0,0.0,0.0,0.0,0.0,0.0,0.0,0.0
2017-05-31 06:15:00+02:00,0.0,0.0,0.0,0.0,0.0,0.0,0.0,0.0,0.0,0.0,0.0,0.0,0.0,0.0,0.0,0.0,0.0,0.0,0.0,0.0,0.0,0.0,0.0,0.0,0.0,0.0,0.0,0.0,0.0,0.0,0.0,0.0,0.0,0.0,0.0,0.0,0.0,0.0,0.0,0.0,0.0,0.0,0.0,0.0,0.0,0.0,0.0,0.0,0.0,0.0,0.0,0.0,0.0,0.0,0.0,0.0,0.0,0.0,0.0,0.0,0.0,0.0,0.0,0.0,0.0,0.0,0.0,0.0,0.0,0.0,0.0,0.0,0.0,0.0,0.0,0.0,0.0,0.0,0.0,0.0,0.0,0.0,0.0,0.0,0.0,0.0,0.0,0.0,0.0,0.0,0.0,0.0,0.0,0.0,0.0,0.0,0.0,0.0,0.0,0.0,0.0,0.0,0.0,0.0,0.0,0.0,0.0,0.0,0.0,0.0,0.0,0.0,0.0,0.0,0.0,0.0,0.0,0.0
2017-05-31 06:16:00+02:00,0.0,0.0,0.0,0.0,0.0,0.0,0.0,0.0,0.0,0.0,0.0,0.0,0.0,0.0,0.0,0.0,0.0,0.0,0.0,0.0,0.0,0.0,0.0,0.0,0.0,0.0,0.0,0.0,0.0,0.0,0.0,0.0,0.0,0.0,0.0,0.0,0.0,0.0,0.0,0.0,0.0,0.0,0.0,0.0,0.0,0.0,0.0,0.0,0.0,0.0,0.0,0.0,0.0,0.0,0.0,0.0,0.0,0.0,0.0,0.0,0.0,0.0,0.0,0.0,0.0,0.0,0.0,0.0,0.0,0.0,0.0,0.0,0.0,0.0,0.0,0.0,0.0,0.0,0.0,0.0,0.0,0.0,0.0,0.0,0.0,0.0,0.0,0.0,0.0,0.0,0.0,0.0,0.0,0.0,0.0,0.0,0.0,0.0,0.0,0.0,0.0,0.0,0.0,0.0,0.0,0.0,0.0,0.0,0.0,0.0,0.0,0.0,0.0,0.0,0.0,0.0,0.0,0.0
2017-05-31 06:17:00+02:00,0.0,0.0,0.0,0.0,0.0,0.0,0.0,0.0,0.0,0.0,0.0,0.0,0.0,0.0,0.0,0.0,0.0,0.0,0.0,0.0,0.0,0.0,0.0,0.0,0.0,0.0,0.0,0.0,0.0,0.0,0.0,0.0,0.0,0.0,0.0,0.0,0.0,0.0,0.0,0.0,0.0,0.0,0.0,0.0,0.0,0.0,0.0,0.0,0.0,0.0,0.0,0.0,0.0,0.0,0.0,0.0,0.0,0.0,0.0,0.0,0.0,0.0,0.0,0.0,0.0,0.0,0.0,0.0,0.0,0.0,0.0,0.0,0.0,0.0,0.0,0.0,0.0,0.0,0.0,0.0,0.0,0.0,0.0,0.0,0.0,0.0,0.0,0.0,0.0,0.0,0.0,0.0,0.0,0.0,0.0,0.0,0.0,0.0,0.0,0.0,0.0,0.0,0.0,0.0,0.0,0.0,0.0,0.0,0.0,0.0,0.0,0.0,0.0,0.0,0.0,0.0,0.0,0.0
2017-05-31 06:18:00+02:00,0.0,0.0,0.0,0.0,0.0,0.0,0.0,0.0,0.0,0.0,0.0,0.0,0.0,0.0,0.0,0.0,0.0,0.0,0.0,0.0,0.0,0.0,0.0,0.0,0.0,0.0,0.0,0.0,0.0,0.0,0.0,0.0,0.0,0.0,0.0,0.0,0.0,0.0,0.0,0.0,0.0,0.0,0.0,0.0,0.0,0.0,0.0,0.0,0.0,0.0,0.0,0.0,0.0,0.0,0.0,0.0,0.0,0.0,0.0,0.0,0.0,0.0,0.0,0.0,0.0,0.0,0.0,0.0,0.0,0.0,0.0,0.0,0.0,0.0,0.0,0.0,0.0,0.0,0.0,0.0,0.0,0.0,0.0,0.0,0.0,0.0,0.0,0.0,0.0,0.0,0.0,0.0,0.0,0.0,0.0,0.0,0.0,0.0,0.0,0.0,0.0,0.0,0.0,0.0,0.0,0.0,0.0,0.0,0.0,0.0,0.0,0.0,0.0,0.0,0.0,0.0,0.0,0.0
2017-05-31 06:19:00+02:00,0.0,0.0,0.0,0.0,0.0,0.0,0.0,0.0,0.0,0.0,0.0,0.0,0.0,0.0,0.0,0.0,0.0,0.0,0.0,0.0,0.0,0.0,0.0,0.0,0.0,0.0,0.0,0.0,0.0,0.0,0.0,0.0,0.0,0.0,0.0,0.0,0.0,0.0,0.0,0.0,0.0,0.0,0.0,0.0,0.0,0.0,0.0,0.0,0.0,0.0,0.0,0.0,0.0,0.0,0.0,0.0,0.0,0.0,0.0,0.0,0.0,0.0,0.0,0.0,0.0,0.0,0.0,0.0,0.0,0.0,0.0,0.0,0.0,0.0,0.0,0.0,0.0,0.0,0.0,0.0,0.0,0.0,0.0,0.0,0.0,0.0,0.0,0.0,0.0,0.0,0.0,0.0,0.0,0.0,0.0,0.0,0.0,0.0,0.0,0.0,0.0,0.0,0.0,0.0,0.0,0.0,0.0,0.0,0.0,0.0,0.0,0.0,0.0,0.0,0.0,0.0,0.0,0.0
2017-05-31 06:20:00+02:00,0.0,0.0,0.0,0.0,0.0,0.0,0.0,0.0,0.0,0.0,0.0,0.0,0.0,0.0,0.0,0.0,0.0,0.0,0.0,0.0,0.0,0.0,0.0,0.0,0.0,0.0,0.0,0.0,0.0,0.0,0.0,0.0,0.0,0.0,0.0,0.0,0.0,0.0,0.0,0.0,0.0,0.0,0.0,0.0,0.0,0.0,0.0,0.0,0.0,0.0,0.0,0.0,0.0,0.0,0.0,0.0,0.0,0.0,0.0,0.0,0.0,0.0,0.0,0.0,0.0,0.0,0.0,0.0,0.0,0.0,0.0,0.0,0.0,0.0,0.0,0.0,0.0,0.0,0.0,0.0,0.0,0.0,0.0,0.0,0.0,0.0,0.0,0.0,0.0,0.0,0.0,0.0,0.0,0.0,0.0,0.0,0.0,0.0,0.0,0.0,0.0,0.0,0.0,0.0,0.0,0.0,0.0,0.0,0.0,0.0,0.0,0.0,0.0,0.0,0.0,0.0,0.0,0.0
2017-05-31 06:21:00+02:00,0.0,0.0,0.0,0.0,0.0,0.0,0.0,0.0,0.0,0.0,0.0,0.0,0.0,0.0,0.0,0.0,0.0,0.0,0.0,0.0,0.0,0.0,0.0,0.0,0.0,0.0,0.0,0.0,0.0,0.0,0.0,0.0,0.0,0.0,0.0,0.0,0.0,0.0,0.0,0.0,0.0,0.0,0.0,0.0,0.0,0.0,0.0,0.0,0.0,0.0,0.0,0.0,0.0,0.0,0.0,0.0,0.0,0.0,0.0,0.0,0.0,0.0,0.0,0.0,0.0,0.0,0.0,0.0,0.0,0.0,0.0,0.0,0.0,0.0,0.0,0.0,0.0,0.0,0.0,0.0,0.0,0.0,0.0,0.0,0.0,0.0,0.0,0.0,0.0,0.0,0.0,0.0,0.0,0.0,0.0,0.0,0.0,0.0,0.0,0.0,0.0,0.0,0.0,0.0,0.0,0.0,0.0,0.0,0.0,0.0,0.0,0.0,0.0,0.0,0.0,0.0,0.0,0.0
2017-05-31 06:22:00+02:00,0.0,0.0,0.0,0.0,0.0,0.0,0.0,0.0,0.0,0.0,0.0,0.0,0.0,0.0,0.0,0.0,0.0,0.0,0.0,0.0,0.0,0.0,0.0,0.0,0.0,0.0,0.0,0.0,0.0,0.0,0.0,0.0,0.0,0.0,0.0,0.0,0.0,0.0,0.0,0.0,0.0,0.0,0.0,0.0,0.0,0.0,0.0,0.0,0.0,0.0,0.0,0.0,0.0,0.0,0.0,0.0,0.0,0.0,0.0,0.0,0.0,0.0,0.0,0.0,0.0,0.0,0.0,0.0,0.0,0.0,0.0,0.0,0.0,0.0,0.0,0.0,0.0,0.0,0.0,0.0,0.0,0.0,0.0,0.0,0.0,0.0,0.0,0.0,0.0,0.0,0.0,0.0,0.0,0.0,0.0,0.0,0.0,0.0,0.0,0.0,0.0,0.0,0.0,0.0,0.0,0.0,0.0,0.0,0.0,0.0,0.0,0.0,0.0,0.0,0.0,0.0,0.0,0.0
2017-05-31 06:23:00+02:00,0.0,0.0,0.0,0.0,0.0,0.0,0.0,0.0,0.0,0.0,0.0,0.0,0.0,0.0,0.0,0.0,0.0,0.0,0.0,0.0,0.0,0.0,0.0,0.0,0.0,0.0,0.0,0.0,0.0,0.0,0.0,0.0,0.0,0.0,0.0,0.0,0.0,0.0,0.0,0.0,0.0,0.0,0.0,0.0,0.0,0.0,0.0,0.0,0.0,0.0,0.0,0.0,0.0,0.0,0.0,0.0,0.0,0.0,0.0,0.0,0.0,0.0,0.0,0.0,0.0,0.0,0.0,0.0,0.0,0.0,0.0,0.0,0.0,0.0,0.0,0.0,0.0,0.0,0.0,0.0,0.0,0.0,0.0,0.0,0.0,0.0,0.0,0.0,0.0,0.0,0.0,0.0,0.0,0.0,0.0,0.0,0.0,0.0,0.0,0.0,0.0,0.0,0.0,0.0,0.0,0.0,0.0,0.0,0.0,0.0,0.0,0.0,0.0,0.0,0.0,0.0,0.0,0.0
2017-05-31 06:24:00+02:00,0.0,0.0,0.0,0.0,0.0,0.0,0.0,0.0,0.0,0.0,0.0,0.0,0.0,0.0,0.0,0.0,0.0,0.0,0.0,0.0,0.0,0.0,0.0,0.0,0.0,0.0,0.0,0.0,0.0,0.0,0.0,0.0,0.0,0.0,0.0,0.0,0.0,0.0,0.0,0.0,0.0,0.0,0.0,0.0,0.0,0.0,0.0,0.0,0.0,0.0,0.0,0.0,0.0,0.0,0.0,0.0,0.0,0.0,0.0,0.0,0.0,0.0,0.0,0.0,0.0,0.0,0.0,0.0,0.0,0.0,0.0,0.0,0.0,0.0,0.0,0.0,0.0,0.0,0.0,0.0,0.0,0.0,0.0,0.0,0.0,0.0,0.0,0.0,0.0,0.0,0.0,0.0,0.0,0.0,0.0,0.0,0.0,0.0,0.0,0.0,0.0,0.0,0.0,0.0,0.0,0.0,0.0,0.0,0.0,0.0,0.0,0.0,0.0,0.0,0.0,0.0,0.0,0.0
2017-05-31 06:25:00+02:00,0.0,0.0,0.0,0.0,0.0,0.0,0.0,0.0,0.0,0.0,0.0,0.0,0.0,0.0,0.0,0.0,0.0,0.0,0.0,0.0,0.0,0.0,0.0,0.0,0.0,0.0,0.0,0.0,0.0,0.0,0.0,0.0,0.0,0.0,0.0,0.0,0.0,0.0,0.0,0.0,0.0,0.0,0.0,0.0,0.0,0.0,0.0,0.0,0.0,0.0,0.0,0.0,0.0,0.0,0.0,0.0,0.0,0.0,0.0,0.0,0.0,0.0,0.0,0.0,0.0,0.0,0.0,0.0,0.0,0.0,0.0,0.0,0.0,0.0,0.0,0.0,0.0,0.0,0.0,0.0,0.0,0.0,0.0,0.0,0.0,0.0,0.0,0.0,0.0,0.0,0.0,0.0,0.0,0.0,0.0,0.0,0.0,0.0,0.0,0.0,0.0,0.0,0.0,0.0,0.0,0.0,0.0,0.0,0.0,0.0,0.0,0.0,0.0,0.0,0.0,0.0,0.0,0.0
2017-05-31 06:26:00+02:00,0.0,0.0,0.0,0.0,0.0,0.0,0.0,0.0,0.0,0.0,0.0,0.0,0.0,0.0,0.0,0.0,0.0,0.0,0.0,0.0,0.0,0.0,0.0,0.0,0.0,0.0,0.0,0.0,0.0,0.0,0.0,0.0,0.0,0.0,0.0,0.0,0.0,0.0,0.0,0.0,0.0,0.0,0.0,0.0,0.0,0.0,0.0,0.0,0.0,0.0,0.0,0.0,0.0,0.0,0.0,0.0,0.0,0.0,0.0,0.0,0.0,0.0,0.0,0.0,0.0,0.0,0.0,0.0,0.0,0.0,0.0,0.0,0.0,0.0,0.0,0.0,0.0,0.0,0.0,0.0,0.0,0.0,0.0,0.0,0.0,0.0,0.0,0.0,0.0,0.0,0.0,0.0,0.0,0.0,0.0,0.0,0.0,0.0,0.0,0.0,0.0,0.0,0.0,0.0,0.0,0.0,0.0,0.0,0.0,0.0,0.0,0.0,0.0,0.0,0.0,0.0,0.0,0.0
2017-05-31 06:27:00+02:00,0.0,0.0,0.0,0.0,0.0,0.0,0.0,0.0,0.0,0.0,0.0,0.0,0.0,0.0,0.0,0.0,0.0,0.0,0.0,0.0,0.0,0.0,0.0,0.0,0.0,0.0,0.0,0.0,0.0,0.0,0.0,0.0,0.0,0.0,0.0,0.0,0.0,0.0,0.0,0.0,0.0,0.0,0.0,0.0,0.0,0.0,0.0,0.0,0.0,0.0,0.0,0.0,0.0,0.0,0.0,0.0,0.0,0.0,0.0,0.0,0.0,0.0,0.0,0.0,0.0,0.0,0.0,0.0,0.0,0.0,0.0,0.0,0.0,0.0,0.0,0.0,0.0,0.0,0.0,0.0,0.0,0.0,0.0,0.0,0.0,0.0,0.0,0.0,0.0,0.0,0.0,0.0,0.0,0.0,0.0,0.0,0.0,0.0,0.0,0.0,0.0,0.0,0.0,0.0,0.0,0.0,0.0,0.0,0.0,0.0,0.0,0.0,0.0,0.0,0.0,0.0,0.0,0.0
2017-05-31 06:28:00+02:00,0.0,0.0,0.0,0.0,0.0,0.0,0.0,0.0,0.0,0.0,0.0,0.0,0.0,0.0,0.0,0.0,0.0,0.0,0.0,0.0,0.0,0.0,0.0,0.0,0.0,0.0,0.0,0.0,0.0,0.0,0.0,0.0,0.0,0.0,0.0,0.0,0.0,0.0,0.0,0.0,0.0,0.0,0.0,0.0,0.0,0.0,0.0,0.0,0.0,0.0,0.0,0.0,0.0,0.0,0.0,0.0,0.0,0.0,0.0,0.0,0.0,0.0,0.0,0.0,0.0,0.0,0.0,0.0,0.0,0.0,0.0,0.0,0.0,0.0,0.0,0.0,0.0,0.0,0.0,0.0,0.0,0.0,0.0,0.0,0.0,0.0,0.0,0.0,0.0,0.0,0.0,0.0,0.0,0.0,0.0,0.0,0.0,0.0,0.0,0.0,0.0,0.0,0.0,0.0,0.0,0.0,0.0,0.0,0.0,0.0,0.0,0.0,0.0,0.0,0.0,0.0,0.0,0.0
2017-05-31 06:29:00+02:00,0.0,0.0,0.0,0.0,0.0,0.0,0.0,0.0,0.0,0.0,0.0,0.0,0.0,0.0,0.0,0.0,0.0,0.0,0.0,0.0,0.0,0.0,0.0,0.0,0.0,0.0,0.0,0.0,0.0,0.0,0.0,0.0,0.0,0.0,0.0,0.0,0.0,0.0,0.0,0.0,0.0,0.0,0.0,0.0,0.0,0.0,0.0,0.0,0.0,0.0,0.0,0.0,0.0,0.0,0.0,0.0,0.0,0.0,0.0,0.0,0.0,0.0,0.0,0.0,0.0,0.0,0.0,0.0,0.0,0.0,0.0,0.0,0.0,0.0,0.0,0.0,0.0,0.0,0.0,0.0,0.0,0.0,0.0,0.0,0.0,0.0,0.0,0.0,0.0,0.0,0.0,0.0,0.0,0.0,0.0,0.0,0.0,0.0,0.0,0.0,0.0,0.0,0.0,0.0,0.0,0.0,0.0,0.0,0.0,0.0,0.0,0.0,0.0,0.0,0.0,0.0,0.0,0.0
2017-05-31 06:30:00+02:00,0.0,0.0,0.0,0.0,0.0,0.0,0.0,0.0,0.0,0.0,0.0,0.0,0.0,0.0,0.0,0.0,0.0,0.0,0.0,0.0,0.0,0.0,0.0,0.0,0.0,0.0,0.0,0.0,0.0,0.0,0.0,0.0,0.0,0.0,0.0,0.0,0.0,0.0,0.0,0.0,0.0,0.0,0.0,0.0,0.0,0.0,0.0,0.0,0.0,0.0,0.0,0.0,0.0,0.0,0.0,0.0,0.0,0.0,0.0,0.0,0.0,0.0,0.0,0.0,0.0,0.0,0.0,0.0,0.0,0.0,0.0,0.0,0.0,0.0,0.0,0.0,0.0,0.0,0.0,0.0,0.0,0.0,0.0,0.0,0.0,0.0,0.0,0.0,0.0,0.0,0.0,0.0,0.0,0.0,0.0,0.0,0.0,0.0,0.0,0.0,0.0,0.0,0.0,0.0,0.0,0.0,0.0,0.0,0.0,0.0,0.0,0.0,0.0,0.0,0.0,0.0,0.0,0.0
2017-05-31 06:31:00+02:00,0.0,0.0,0.0,0.0,0.0,0.0,0.0,0.0,0.0,0.0,0.0,0.0,0.0,0.0,0.0,0.0,0.0,0.0,0.0,0.0,0.0,0.0,0.0,0.0,0.0,0.0,0.0,0.0,0.0,0.0,0.0,0.0,0.0,0.0,0.0,0.0,0.0,0.0,0.0,0.0,0.0,0.0,0.0,0.0,0.0,0.0,0.0,0.0,0.0,0.0,0.0,0.0,0.0,0.0,0.0,0.0,0.0,0.0,0.0,0.0,0.0,0.0,0.0,0.0,0.0,0.0,0.0,0.0,0.0,0.0,0.0,0.0,0.0,0.0,0.0,0.0,0.0,0.0,0.0,0.0,0.0,0.0,0.0,0.0,0.0,0.0,0.0,0.0,0.0,0.0,0.0,0.0,0.0,0.0,0.0,0.0,0.0,0.0,0.0,0.0,0.0,0.0,0.0,0.0,0.0,0.0,0.0,0.0,0.0,0.0,0.0,0.0,0.0,0.0,0.0,0.0,0.0,0.0
2017-05-31 06:32:00+02:00,0.0,0.0,0.0,0.0,0.0,0.0,0.0,0.0,0.0,0.0,0.0,0.0,0.0,0.0,0.0,0.0,0.0,0.0,0.0,0.0,0.0,0.0,0.0,0.0,0.0,0.0,0.0,0.0,0.0,0.0,0.0,0.0,0.0,0.0,0.0,0.0,0.0,0.0,0.0,0.0,0.0,0.0,0.0,0.0,0.0,0.0,0.0,0.0,0.0,0.0,0.0,0.0,0.0,0.0,0.0,0.0,0.0,0.0,0.0,0.0,0.0,0.0,0.0,0.0,0.0,0.0,0.0,0.0,0.0,0.0,0.0,0.0,0.0,0.0,0.0,0.0,0.0,0.0,0.0,0.0,0.0,0.0,0.0,0.0,0.0,0.0,0.0,0.0,0.0,0.0,0.0,0.0,0.0,0.0,0.0,0.0,0.0,0.0,0.0,0.0,0.0,0.0,0.0,0.0,0.0,0.0,0.0,0.0,0.0,0.0,0.0,0.0,0.0,0.0,0.0,0.0,0.0,0.0
2017-05-31 06:33:00+02:00,0.0,0.0,0.0,0.0,0.0,0.0,0.0,0.0,0.0,0.0,0.0,0.0,0.0,0.0,0.0,0.0,0.0,0.0,0.0,0.0,0.0,0.0,0.0,0.0,0.0,0.0,0.0,0.0,0.0,0.0,0.0,0.0,0.0,0.0,0.0,0.0,0.0,0.0,0.0,0.0,0.0,0.0,0.0,0.0,0.0,0.0,0.0,0.0,0.0,0.0,0.0,0.0,0.0,0.0,0.0,0.0,0.0,0.0,0.0,0.0,0.0,0.0,0.0,0.0,0.0,0.0,0.0,0.0,0.0,0.0,0.0,0.0,0.0,0.0,0.0,0.0,0.0,0.0,0.0,0.0,0.0,0.0,0.0,0.0,0.0,0.0,0.0,0.0,0.0,0.0,0.0,0.0,0.0,0.0,0.0,0.0,0.0,0.0,0.0,0.0,0.0,0.0,0.0,0.0,0.0,0.0,0.0,0.0,0.0,0.0,0.0,0.0,0.0,0.0,0.0,0.0,0.0,0.0
2017-05-31 06:34:00+02:00,0.0,0.0,0.0,0.0,0.0,0.0,0.0,0.0,0.0,0.0,0.0,0.0,0.0,0.0,0.0,0.0,0.0,0.0,0.0,0.0,0.0,0.0,0.0,0.0,0.0,0.0,0.0,0.0,0.0,0.0,0.0,0.0,0.0,0.0,0.0,0.0,0.0,0.0,0.0,0.0,0.0,0.0,0.0,0.0,0.0,0.0,0.0,0.0,0.0,0.0,0.0,0.0,0.0,0.0,0.0,0.0,0.0,0.0,0.0,0.0,0.0,0.0,0.0,0.0,0.0,0.0,0.0,0.0,0.0,0.0,0.0,0.0,0.0,0.0,0.0,0.0,0.0,0.0,0.0,0.0,0.0,0.0,0.0,0.0,0.0,0.0,0.0,0.0,0.0,0.0,0.0,0.0,0.0,0.0,0.0,0.0,0.0,0.0,0.0,0.0,0.0,0.0,0.0,0.0,0.0,0.0,0.0,0.0,0.0,0.0,0.0,0.0,0.0,0.0,0.0,0.0,0.0,0.0
2017-05-31 06:35:00+02:00,0.0,0.0,0.0,0.0,0.0,0.0,0.0,0.0,0.0,0.0,0.0,0.0,0.0,0.0,0.0,0.0,0.0,0.0,0.0,0.0,0.0,0.0,0.0,0.0,0.0,0.0,0.0,0.0,0.0,0.0,0.0,0.0,0.0,0.0,0.0,0.0,0.0,0.0,0.0,0.0,0.0,0.0,0.0,0.0,0.0,0.0,0.0,0.0,0.0,0.0,0.0,0.0,0.0,0.0,0.0,0.0,0.0,0.0,0.0,0.0,0.0,0.0,0.0,0.0,0.0,0.0,0.0,0.0,0.0,0.0,0.0,0.0,0.0,0.0,0.0,0.0,0.0,0.0,0.0,0.0,0.0,0.0,0.0,0.0,0.0,0.0,0.0,0.0,0.0,0.0,0.0,0.0,0.0,0.0,0.0,0.0,0.0,0.0,0.0,0.0,0.0,0.0,0.0,0.0,0.0,0.0,0.0,0.0,0.0,0.0,0.0,0.0,0.0,0.0,0.0,0.0,0.0,0.0
2017-05-31 06:36:00+02:00,0.0,0.0,0.0,0.0,0.0,0.0,0.0,0.0,0.0,0.0,0.0,0.0,0.0,0.0,0.0,0.0,0.0,0.0,0.0,0.0,0.0,0.0,0.0,0.0,0.0,0.0,0.0,0.0,0.0,0.0,0.0,0.0,0.0,0.0,0.0,0.0,0.0,0.0,0.0,0.0,0.0,0.0,0.0,0.0,0.0,0.0,0.0,0.0,0.0,0.0,0.0,0.0,0.0,0.0,0.0,0.0,0.0,0.0,0.0,0.0,0.0,0.0,0.0,0.0,0.0,0.0,0.0,0.0,0.0,0.0,0.0,0.0,0.0,0.0,0.0,0.0,0.0,0.0,0.0,0.0,0.0,0.0,0.0,0.0,0.0,0.0,0.0,0.0,0.0,0.0,0.0,0.0,0.0,0.0,0.0,0.0,0.0,0.0,0.0,0.0,0.0,0.0,0.0,0.0,0.0,0.0,0.0,0.0,0.0,0.0,0.0,0.0,0.0,0.0,0.0,0.0,0.0,0.0
2017-05-31 06:37:00+02:00,0.0,0.0,0.0,0.0,0.0,0.0,0.0,0.0,0.0,0.0,0.0,0.0,0.0,0.0,0.0,0.0,0.0,0.0,0.0,0.0,0.0,0.0,0.0,0.0,0.0,0.0,0.0,0.0,0.0,0.0,0.0,0.0,0.0,0.0,0.0,0.0,0.0,0.0,0.0,0.0,0.0,0.0,0.0,0.0,0.0,0.0,0.0,0.0,0.0,0.0,0.0,0.0,0.0,0.0,0.0,0.0,0.0,0.0,0.0,0.0,0.0,0.0,0.0,0.0,0.0,0.0,0.0,0.0,0.0,0.0,0.0,0.0,0.0,0.0,0.0,0.0,0.0,0.0,0.0,0.0,0.0,0.0,0.0,0.0,0.0,0.0,0.0,0.0,0.0,0.0,0.0,0.0,0.0,0.0,0.0,0.0,0.0,0.0,0.0,0.0,0.0,0.0,0.0,0.0,0.0,0.0,0.0,0.0,0.0,0.0,0.0,0.0,0.0,0.0,0.0,0.0,0.0,0.0
2017-05-31 06:38:00+02:00,0.0,0.0,0.0,0.0,0.0,0.0,0.0,0.0,0.0,0.0,0.0,0.0,0.0,0.0,0.0,0.0,0.0,0.0,0.0,0.0,0.0,0.0,0.0,0.0,0.0,0.0,0.0,0.0,0.0,0.0,0.0,0.0,0.0,0.0,0.0,0.0,0.0,0.0,0.0,0.0,0.0,0.0,0.0,0.0,0.0,0.0,0.0,0.0,0.0,0.0,0.0,0.0,0.0,0.0,0.0,0.0,0.0,0.0,0.0,0.0,0.0,0.0,0.0,0.0,0.0,0.0,0.0,0.0,0.0,0.0,0.0,0.0,0.0,0.0,0.0,0.0,0.0,0.0,0.0,0.0,0.0,0.0,0.0,0.0,0.0,0.0,0.0,0.0,0.0,0.0,0.0,0.0,0.0,0.0,0.0,0.0,0.0,0.0,0.0,0.0,0.0,0.0,0.0,0.0,0.0,0.0,0.0,0.0,0.0,0.0,0.0,0.0,0.0,0.0,0.0,0.0,0.0,0.0
2017-05-31 06:39:00+02:00,0.0,0.0,0.0,0.0,0.0,0.0,0.0,0.0,0.0,0.0,0.0,0.0,0.0,0.0,0.0,0.0,0.0,0.0,0.0,0.0,0.0,0.0,0.0,0.0,0.0,0.0,0.0,0.0,0.0,0.0,0.0,0.0,0.0,0.0,0.0,0.0,0.0,0.0,0.0,0.0,0.0,0.0,0.0,0.0,0.0,0.0,0.0,0.0,0.0,0.0,0.0,0.0,0.0,0.0,0.0,0.0,0.0,0.0,0.0,0.0,0.0,0.0,0.0,0.0,0.0,0.0,0.0,0.0,0.0,0.0,0.0,0.0,0.0,0.0,0.0,0.0,0.0,0.0,0.0,0.0,0.0,0.0,0.0,0.0,0.0,0.0,0.0,0.0,0.0,0.0,0.0,0.0,0.0,0.0,0.0,0.0,0.0,0.0,0.0,0.0,0.0,0.0,0.0,0.0,0.0,0.0,0.0,0.0,0.0,0.0,0.0,0.0,0.0,0.0,0.0,0.0,0.0,0.0
2017-05-31 06:40:00+02:00,0.0,0.0,0.0,0.0,0.0,0.0,0.0,0.0,0.0,0.0,0.0,0.0,0.0,0.0,0.0,0.0,0.0,0.0,0.0,0.0,0.0,0.0,0.0,0.0,0.0,0.0,0.0,0.0,0.0,0.0,0.0,0.0,0.0,0.0,0.0,0.0,0.0,0.0,0.0,0.0,0.0,0.0,0.0,0.0,0.0,0.0,0.0,0.0,0.0,0.0,0.0,0.0,0.0,0.0,0.0,0.0,0.0,0.0,0.0,0.0,0.0,0.0,0.0,0.0,0.0,0.0,0.0,0.0,0.0,0.0,0.0,0.0,0.0,0.0,0.0,0.0,0.0,0.0,0.0,0.0,0.0,0.0,0.0,0.0,0.0,0.0,0.0,0.0,0.0,0.0,0.0,0.0,0.0,0.0,0.0,0.0,0.0,0.0,0.0,0.0,0.0,0.0,0.0,0.0,0.0,0.0,0.0,0.0,0.0,0.0,0.0,0.0,0.0,0.0,0.0,0.0,0.0,0.0
2017-05-31 06:41:00+02:00,0.0,0.0,0.0,0.0,0.0,0.0,0.0,0.0,0.0,0.0,0.0,0.0,0.0,0.0,0.0,0.0,0.0,0.0,0.0,0.0,0.0,0.0,0.0,0.0,0.0,0.0,0.0,0.0,0.0,0.0,0.0,0.0,0.0,0.0,0.0,0.0,0.0,0.0,0.0,0.0,0.0,0.0,0.0,0.0,0.0,0.0,0.0,0.0,0.0,0.0,0.0,0.0,0.0,0.0,0.0,0.0,0.0,0.0,0.0,0.0,0.0,0.0,0.0,0.0,0.0,0.0,0.0,0.0,0.0,0.0,0.0,0.0,0.0,0.0,0.0,0.0,0.0,0.0,0.0,0.0,0.0,0.0,0.0,0.0,0.0,0.0,0.0,0.0,0.0,0.0,0.0,0.0,0.0,0.0,0.0,0.0,0.0,0.0,0.0,0.0,0.0,0.0,0.0,0.0,0.0,0.0,0.0,0.0,0.0,0.0,0.0,0.0,0.0,0.0,0.0,0.0,0.0,0.0
2017-05-31 06:42:00+02:00,0.0,0.0,0.0,0.0,0.0,0.0,0.0,0.0,0.0,0.0,0.0,0.0,0.0,0.0,0.0,0.0,0.0,0.0,0.0,0.0,0.0,0.0,0.0,0.0,0.0,0.0,0.0,0.0,0.0,0.0,0.0,0.0,0.0,0.0,0.0,0.0,0.0,0.0,0.0,0.0,0.0,0.0,0.0,0.0,0.0,0.0,0.0,0.0,0.0,0.0,0.0,0.0,0.0,0.0,0.0,0.0,0.0,0.0,0.0,0.0,0.0,0.0,0.0,0.0,0.0,0.0,0.0,0.0,0.0,0.0,0.0,0.0,0.0,0.0,0.0,0.0,0.0,0.0,0.0,0.0,0.0,0.0,0.0,0.0,0.0,0.0,0.0,0.0,0.0,0.0,0.0,0.0,0.0,0.0,0.0,0.0,0.0,0.0,0.0,0.0,0.0,0.0,0.0,0.0,0.0,0.0,0.0,0.0,0.0,0.0,0.0,0.0,0.0,0.0,0.0,0.0,0.0,0.0
2017-05-31 06:43:00+02:00,0.0,0.0,0.0,0.0,0.0,0.0,0.0,0.0,0.0,0.0,0.0,0.0,0.0,0.0,0.0,0.0,0.0,0.0,0.0,0.0,0.0,0.0,0.0,0.0,0.0,0.0,0.0,0.0,0.0,0.0,0.0,0.0,0.0,0.0,0.0,0.0,0.0,0.0,0.0,0.0,0.0,0.0,0.0,0.0,0.0,0.0,0.0,0.0,0.0,0.0,0.0,0.0,0.0,0.0,0.0,0.0,0.0,0.0,0.0,0.0,0.0,0.0,0.0,0.0,0.0,0.0,0.0,0.0,0.0,0.0,0.0,0.0,0.0,0.0,0.0,0.0,0.0,0.0,0.0,0.0,0.0,0.0,0.0,0.0,0.0,0.0,0.0,0.0,0.0,0.0,0.0,0.0,0.0,0.0,0.0,0.0,0.0,0.0,0.0,0.0,0.0,0.0,0.0,0.0,0.0,0.0,0.0,0.0,0.0,0.0,0.0,0.0,0.0,0.0,0.0,0.0,0.0,0.0
2017-05-31 06:44:00+02:00,0.0,0.0,0.0,0.0,0.0,0.0,0.0,0.0,0.0,0.0,0.0,0.0,0.0,0.0,0.0,0.0,0.0,0.0,0.0,0.0,0.0,0.0,0.0,0.0,0.0,0.0,0.0,0.0,0.0,0.0,0.0,0.0,0.0,0.0,0.0,0.0,0.0,0.0,0.0,0.0,0.0,0.0,0.0,0.0,0.0,0.0,0.0,0.0,0.0,0.0,0.0,0.0,0.0,0.0,0.0,0.0,0.0,0.0,0.0,0.0,0.0,0.0,0.0,0.0,0.0,0.0,0.0,0.0,0.0,0.0,0.0,0.0,0.0,0.0,0.0,0.0,0.0,0.0,0.0,0.0,0.0,0.0,0.0,0.0,0.0,0.0,0.0,0.0,0.0,0.0,0.0,0.0,0.0,0.0,0.0,0.0,0.0,0.0,0.0,0.0,0.0,0.0,0.0,0.0,0.0,0.0,0.0,0.0,0.0,0.0,0.0,0.0,0.0,0.0,0.0,0.0,0.0,0.0
2017-05-31 06:45:00+02:00,0.0,0.0,0.0,0.0,0.0,0.0,0.0,0.0,0.0,0.0,0.0,0.0,0.0,0.0,0.0,0.0,0.0,0.0,0.0,0.0,0.0,0.0,0.0,0.0,0.0,0.0,0.0,0.0,0.0,0.0,0.0,0.0,0.0,0.0,0.0,0.0,0.0,0.0,0.0,0.0,0.0,0.0,0.0,0.0,0.0,0.0,0.0,0.0,0.0,0.0,0.0,0.0,0.0,0.0,0.0,0.0,0.0,0.0,0.0,0.0,0.0,0.0,0.0,0.0,0.0,0.0,0.0,0.0,0.0,0.0,0.0,0.0,0.0,0.0,0.0,0.0,0.0,0.0,0.0,0.0,0.0,0.0,0.0,0.0,0.0,0.0,0.0,0.0,0.0,0.0,0.0,0.0,0.0,0.0,0.0,0.0,0.0,0.0,0.0,0.0,0.0,0.0,0.0,0.0,0.0,0.0,0.0,0.0,0.0,0.0,0.0,0.0,0.0,0.0,0.0,0.0,0.0,0.0
2017-05-31 06:46:00+02:00,0.0,0.0,0.0,0.0,0.0,0.0,0.0,0.0,0.0,0.0,0.0,0.0,0.0,0.0,0.0,0.0,0.0,0.0,0.0,0.0,0.0,0.0,0.0,0.0,0.0,0.0,0.0,0.0,0.0,0.0,0.0,0.0,0.0,0.0,0.0,0.0,0.0,0.0,0.0,0.0,0.0,0.0,0.0,0.0,0.0,0.0,0.0,0.0,0.0,0.0,0.0,0.0,0.0,0.0,0.0,0.0,0.0,0.0,0.0,0.0,0.0,0.0,0.0,0.0,0.0,0.0,0.0,0.0,0.0,0.0,0.0,0.0,0.0,0.0,0.0,0.0,0.0,0.0,0.0,0.0,0.0,0.0,0.0,0.0,0.0,0.0,0.0,0.0,0.0,0.0,0.0,0.0,0.0,0.0,0.0,0.0,0.0,0.0,0.0,0.0,0.0,0.0,0.0,0.0,0.0,0.0,0.0,0.0,0.0,0.0,0.0,0.0,0.0,0.0,0.0,0.0,0.0,0.0
2017-05-31 06:47:00+02:00,0.0,0.0,0.0,0.0,0.0,0.0,0.0,0.0,0.0,0.0,0.0,0.0,0.0,0.0,0.0,0.0,0.0,0.0,0.0,0.0,0.0,0.0,0.0,0.0,0.0,0.0,0.0,0.0,0.0,0.0,0.0,0.0,0.0,0.0,0.0,0.0,0.0,0.0,0.0,0.0,0.0,0.0,0.0,0.0,0.0,0.0,0.0,0.0,0.0,0.0,0.0,0.0,0.0,0.0,0.0,0.0,0.0,0.0,0.0,0.0,0.0,0.0,0.0,0.0,0.0,0.0,0.0,0.0,0.0,0.0,0.0,0.0,0.0,0.0,0.0,0.0,0.0,0.0,0.0,0.0,0.0,0.0,0.0,0.0,0.0,0.0,0.0,0.0,0.0,0.0,0.0,0.0,0.0,0.0,0.0,0.0,0.0,0.0,0.0,0.0,0.0,0.0,0.0,0.0,0.0,0.0,0.0,0.0,0.0,0.0,0.0,0.0,0.0,0.0,0.0,0.0,0.0,0.0
2017-05-31 06:48:00+02:00,0.0,0.0,0.0,0.0,0.0,0.0,0.0,0.0,0.0,0.0,0.0,0.0,0.0,0.0,0.0,0.0,0.0,0.0,0.0,0.0,0.0,0.0,0.0,0.0,0.0,0.0,0.0,0.0,0.0,0.0,0.0,0.0,0.0,0.0,0.0,0.0,0.0,0.0,0.0,0.0,0.0,0.0,0.0,0.0,0.0,0.0,0.0,0.0,0.0,0.0,0.0,0.0,0.0,0.0,0.0,0.0,0.0,0.0,0.0,0.0,0.0,0.0,0.0,0.0,0.0,0.0,0.0,0.0,0.0,0.0,0.0,0.0,0.0,0.0,0.0,0.0,0.0,0.0,0.0,0.0,0.0,0.0,0.0,0.0,0.0,0.0,0.0,0.0,0.0,0.0,0.0,0.0,0.0,0.0,0.0,0.0,0.0,0.0,0.0,0.0,0.0,0.0,0.0,0.0,0.0,0.0,0.0,0.0,0.0,0.0,0.0,0.0,0.0,0.0,0.0,0.0,0.0,0.0
2017-05-31 06:49:00+02:00,0.0,0.0,0.0,0.0,0.0,0.0,0.0,0.0,0.0,0.0,0.0,0.0,0.0,0.0,0.0,0.0,0.0,0.0,0.0,0.0,0.0,0.0,0.0,0.0,0.0,0.0,0.0,0.0,0.0,0.0,0.0,0.0,0.0,0.0,0.0,0.0,0.0,0.0,0.0,0.0,0.0,0.0,0.0,0.0,0.0,0.0,0.0,0.0,0.0,0.0,0.0,0.0,0.0,0.0,0.0,0.0,0.0,0.0,0.0,0.0,0.0,0.0,0.0,0.0,0.0,0.0,0.0,0.0,0.0,0.0,0.0,0.0,0.0,0.0,0.0,0.0,0.0,0.0,0.0,0.0,0.0,0.0,0.0,0.0,0.0,0.0,0.0,0.0,0.0,0.0,0.0,0.0,0.0,0.0,0.0,0.0,0.0,0.0,0.0,0.0,0.0,0.0,0.0,0.0,0.0,0.0,0.0,0.0,0.0,0.0,0.0,0.0,0.0,0.0,0.0,0.0,0.0,0.0
2017-05-31 06:50:00+02:00,0.0,0.0,0.0,0.0,0.0,0.0,0.0,0.0,0.0,0.0,0.0,0.0,0.0,0.0,0.0,0.0,0.0,0.0,0.0,0.0,0.0,0.0,0.0,0.0,0.0,0.0,0.0,0.0,0.0,0.0,0.0,0.0,0.0,0.0,0.0,0.0,0.0,0.0,0.0,0.0,0.0,0.0,0.0,0.0,0.0,0.0,0.0,0.0,0.0,0.0,0.0,0.0,0.0,0.0,0.0,0.0,0.0,0.0,0.0,0.0,0.0,0.0,0.0,0.0,0.0,0.0,0.0,0.0,0.0,0.0,0.0,0.0,0.0,0.0,0.0,0.0,0.0,0.0,0.0,0.0,0.0,0.0,0.0,0.0,0.0,0.0,0.0,0.0,0.0,0.0,0.0,0.0,0.0,0.0,0.0,0.0,0.0,0.0,0.0,0.0,0.0,0.0,0.0,0.0,0.0,0.0,0.0,0.0,0.0,0.0,0.0,0.0,0.0,0.0,0.0,0.0,0.0,0.0
2017-05-31 06:51:00+02:00,0.0,0.0,0.0,0.0,0.0,0.0,0.0,0.0,0.0,0.0,0.0,0.0,0.0,0.0,0.0,0.0,0.0,0.0,0.0,0.0,0.0,0.0,0.0,0.0,0.0,0.0,0.0,0.0,0.0,0.0,0.0,0.0,0.0,0.0,0.0,0.0,0.0,0.0,0.0,0.0,0.0,0.0,0.0,0.0,0.0,0.0,0.0,0.0,0.0,0.0,0.0,0.0,0.0,0.0,0.0,0.0,0.0,0.0,0.0,0.0,0.0,0.0,0.0,0.0,0.0,0.0,0.0,0.0,0.0,0.0,0.0,0.0,0.0,0.0,0.0,0.0,0.0,0.0,0.0,0.0,0.0,0.0,0.0,0.0,0.0,0.0,0.0,0.0,0.0,0.0,0.0,0.0,0.0,0.0,0.0,0.0,0.0,0.0,0.0,0.0,0.0,0.0,0.0,0.0,0.0,0.0,0.0,0.0,0.0,0.0,0.0,0.0,0.0,0.0,0.0,0.0,0.0,0.0
2017-05-31 06:52:00+02:00,0.0,0.0,0.0,0.0,0.0,0.0,0.0,0.0,0.0,0.0,0.0,0.0,0.0,0.0,0.0,0.0,0.0,0.0,0.0,0.0,0.0,0.0,0.0,0.0,0.0,0.0,0.0,0.0,0.0,0.0,0.0,0.0,0.0,0.0,0.0,0.0,0.0,0.0,0.0,0.0,0.0,0.0,0.0,0.0,0.0,0.0,0.0,0.0,0.0,0.0,0.0,0.0,0.0,0.0,0.0,0.0,0.0,0.0,0.0,0.0,0.0,0.0,0.0,0.0,0.0,0.0,0.0,0.0,0.0,0.0,0.0,0.0,0.0,0.0,0.0,0.0,0.0,0.0,0.0,0.0,0.0,0.0,0.0,0.0,0.0,0.0,0.0,0.0,0.0,0.0,0.0,0.0,0.0,0.0,0.0,0.0,0.0,0.0,0.0,0.0,0.0,0.0,0.0,0.0,0.0,0.0,0.0,0.0,0.0,0.0,0.0,0.0,0.0,0.0,0.0,0.0,0.0,0.0
2017-05-31 06:53:00+02:00,0.0,0.0,0.0,0.0,0.0,0.0,0.0,0.0,0.0,0.0,0.0,0.0,0.0,0.0,0.0,0.0,0.0,0.0,0.0,0.0,0.0,0.0,0.0,0.0,0.0,0.0,0.0,0.0,0.0,0.0,0.0,0.0,0.0,0.0,0.0,0.0,0.0,0.0,0.0,0.0,0.0,0.0,0.0,0.0,0.0,0.0,0.0,0.0,0.0,0.0,0.0,0.0,0.0,0.0,0.0,0.0,0.0,0.0,0.0,0.0,0.0,0.0,0.0,0.0,0.0,0.0,0.0,0.0,0.0,0.0,0.0,0.0,0.0,0.0,0.0,0.0,0.0,0.0,0.0,0.0,0.0,0.0,0.0,0.0,0.0,0.0,0.0,0.0,0.0,0.0,0.0,0.0,0.0,0.0,0.0,0.0,0.0,0.0,0.0,0.0,0.0,0.0,0.0,0.0,0.0,0.0,0.0,0.0,0.0,0.0,0.0,0.0,0.0,0.0,0.0,0.0,0.0,0.0
2017-05-31 06:54:00+02:00,0.0,0.0,0.0,0.0,0.0,0.0,0.0,0.0,0.0,0.0,0.0,0.0,0.0,0.0,0.0,0.0,0.0,0.0,0.0,0.0,0.0,0.0,0.0,0.0,0.0,0.0,0.0,0.0,0.0,0.0,0.0,0.0,0.0,0.0,0.0,0.0,0.0,0.0,0.0,0.0,0.0,0.0,0.0,0.0,0.0,0.0,0.0,0.0,0.0,0.0,0.0,0.0,0.0,0.0,0.0,0.0,0.0,0.0,0.0,0.0,0.0,0.0,0.0,0.0,0.0,0.0,0.0,0.0,0.0,0.0,0.0,0.0,0.0,0.0,0.0,0.0,0.0,0.0,0.0,0.0,0.0,0.0,0.0,0.0,0.0,0.0,0.0,0.0,0.0,0.0,0.0,0.0,0.0,0.0,0.0,0.0,0.0,0.0,0.0,0.0,0.0,0.0,0.0,0.0,0.0,0.0,0.0,0.0,0.0,0.0,0.0,0.0,0.0,0.0,0.0,0.0,0.0,0.0
2017-05-31 06:55:00+02:00,0.0,0.0,0.0,0.0,0.0,0.0,0.0,0.0,0.0,0.0,0.0,0.0,0.0,0.0,0.0,0.0,0.0,0.0,0.0,0.0,0.0,0.0,0.0,0.0,0.0,0.0,0.0,0.0,0.0,0.0,0.0,0.0,0.0,0.0,0.0,0.0,0.0,0.0,0.0,0.0,0.0,0.0,0.0,0.0,0.0,0.0,0.0,0.0,0.0,0.0,0.0,0.0,0.0,0.0,0.0,0.0,0.0,0.0,0.0,0.0,0.0,0.0,0.0,0.0,0.0,0.0,0.0,0.0,0.0,0.0,0.0,0.0,0.0,0.0,0.0,0.0,0.0,0.0,0.0,0.0,0.0,0.0,0.0,0.0,0.0,0.0,0.0,0.0,0.0,0.0,0.0,0.0,0.0,0.0,0.0,0.0,0.0,0.0,0.0,0.0,0.0,0.0,0.0,0.0,0.0,0.0,0.0,0.0,0.0,0.0,0.0,0.0,0.0,0.0,0.0,0.0,0.0,0.0
2017-05-31 06:56:00+02:00,0.0,0.0,0.0,0.0,0.0,0.0,0.0,0.0,0.0,0.0,0.0,0.0,0.0,0.0,0.0,0.0,0.0,0.0,0.0,0.0,0.0,0.0,0.0,0.0,0.0,0.0,0.0,0.0,0.0,0.0,0.0,0.0,0.0,0.0,0.0,0.0,0.0,0.0,0.0,0.0,0.0,0.0,0.0,0.0,0.0,0.0,0.0,0.0,0.0,0.0,0.0,0.0,0.0,0.0,0.0,0.0,0.0,0.0,0.0,0.0,0.0,0.0,0.0,0.0,0.0,0.0,0.0,0.0,0.0,0.0,0.0,0.0,0.0,0.0,0.0,0.0,0.0,0.0,0.0,0.0,0.0,0.0,0.0,0.0,0.0,0.0,0.0,0.0,0.0,0.0,0.0,0.0,0.0,0.0,0.0,0.0,0.0,0.0,0.0,0.0,0.0,0.0,0.0,0.0,0.0,0.0,0.0,0.0,0.0,0.0,0.0,0.0,0.0,0.0,0.0,0.0,0.0,0.0
2017-05-31 06:57:00+02:00,0.0,0.0,0.0,0.0,0.0,0.0,0.0,0.0,0.0,0.0,0.0,0.0,0.0,0.0,0.0,0.0,0.0,0.0,0.0,0.0,0.0,0.0,0.0,0.0,0.0,0.0,0.0,0.0,0.0,0.0,0.0,0.0,0.0,0.0,0.0,0.0,0.0,0.0,0.0,0.0,0.0,0.0,0.0,0.0,0.0,0.0,0.0,0.0,0.0,0.0,0.0,0.0,0.0,0.0,0.0,0.0,0.0,0.0,0.0,0.0,0.0,0.0,0.0,0.0,0.0,0.0,0.0,0.0,0.0,0.0,0.0,0.0,0.0,0.0,0.0,0.0,0.0,0.0,0.0,0.0,0.0,0.0,0.0,0.0,0.0,0.0,0.0,0.0,0.0,0.0,0.0,0.0,0.0,0.0,0.0,0.0,0.0,0.0,0.0,0.0,0.0,0.0,0.0,0.0,0.0,0.0,0.0,0.0,0.0,0.0,0.0,0.0,0.0,0.0,0.0,0.0,0.0,0.0
2017-05-31 06:58:00+02:00,0.0,0.0,0.0,0.0,0.0,0.0,0.0,0.0,0.0,0.0,0.0,0.0,0.0,0.0,0.0,0.0,0.0,0.0,0.0,0.0,0.0,0.0,0.0,0.0,0.0,0.0,0.0,0.0,0.0,0.0,0.0,0.0,0.0,0.0,0.0,0.0,0.0,0.0,0.0,0.0,0.0,0.0,0.0,0.0,0.0,0.0,0.0,0.0,0.0,0.0,0.0,0.0,0.0,0.0,0.0,0.0,0.0,0.0,0.0,0.0,0.0,0.0,0.0,0.0,0.0,0.0,0.0,0.0,0.0,0.0,0.0,0.0,0.0,0.0,0.0,0.0,0.0,0.0,0.0,0.0,0.0,0.0,0.0,0.0,0.0,0.0,0.0,0.0,0.0,0.0,0.0,0.0,0.0,0.0,0.0,0.0,0.0,0.0,0.0,0.0,0.0,0.0,0.0,0.0,0.0,0.0,0.0,0.0,0.0,0.0,0.0,0.0,0.0,0.0,0.0,0.0,0.0,0.0
2017-05-31 06:59:00+02:00,0.0,0.0,0.0,0.0,0.0,0.0,0.0,0.0,0.0,0.0,0.0,0.0,0.0,0.0,0.0,0.0,0.0,0.0,0.0,0.0,0.0,0.0,0.0,0.0,0.0,0.0,0.0,0.0,0.0,0.0,0.0,0.0,0.0,0.0,0.0,0.0,0.0,0.0,0.0,0.0,0.0,0.0,0.0,0.0,0.0,0.0,0.0,0.0,0.0,0.0,0.0,0.0,0.0,0.0,0.0,0.0,0.0,0.0,0.0,0.0,0.0,0.0,0.0,0.0,0.0,0.0,0.0,0.0,0.0,0.0,0.0,0.0,0.0,0.0,0.0,0.0,0.0,0.0,0.0,0.0,0.0,0.0,0.0,0.0,0.0,0.0,0.0,0.0,0.0,0.0,0.0,0.0,0.0,0.0,0.0,0.0,0.0,0.0,0.0,0.0,0.0,0.0,0.0,0.0,0.0,0.0,0.0,0.0,0.0,0.0,0.0,0.0,0.0,0.0,0.0,0.0,0.0,0.0
2017-05-31 07:00:00+02:00,0.0,0.0,0.0,0.0,0.0,0.0,0.0,0.0,0.0,0.0,0.0,0.0,0.0,0.0,0.0,0.0,0.0,0.0,0.0,0.0,0.0,0.0,0.0,0.0,0.0,0.0,0.0,0.0,0.0,0.0,0.0,0.0,0.0,0.0,0.0,0.0,0.0,0.0,0.0,0.0,0.0,0.0,0.0,0.0,0.0,0.0,0.0,0.0,0.0,0.0,0.0,0.0,0.0,0.0,0.0,0.0,0.0,0.0,0.0,0.0,0.0,0.0,0.0,0.0,0.0,0.0,0.0,0.0,0.0,0.0,0.0,0.0,0.0,0.0,0.0,0.0,0.0,0.0,0.0,0.0,0.0,0.0,0.0,0.0,0.0,0.0,0.0,0.0,0.0,0.0,0.0,0.0,0.0,0.0,0.0,0.0,0.0,0.0,0.0,0.0,0.0,0.0,0.0,0.0,0.0,0.0,0.0,0.0,0.0,0.0,0.0,0.0,0.0,0.0,0.0,0.0,0.0,0.0
2017-05-31 07:01:00+02:00,0.0,0.0,0.0,0.0,0.0,0.0,0.0,0.0,0.0,0.0,0.0,0.0,0.0,0.0,0.0,0.0,0.0,0.0,0.0,0.0,0.0,0.0,0.0,0.0,0.0,0.0,0.0,0.0,0.0,0.0,0.0,0.0,0.0,0.0,0.0,0.0,0.0,0.0,0.0,0.0,0.0,0.0,0.0,0.0,0.0,0.0,0.0,0.0,0.0,0.0,0.0,0.0,0.0,0.0,0.0,0.0,0.0,0.0,0.0,0.0,0.0,0.0,0.0,0.0,0.0,0.0,0.0,0.0,0.0,0.0,0.0,0.0,0.0,0.0,0.0,0.0,0.0,0.0,0.0,0.0,0.0,0.0,0.0,0.0,0.0,0.0,0.0,0.0,0.0,0.0,0.0,0.0,0.0,0.0,0.0,0.0,0.0,0.0,0.0,0.0,0.0,0.0,0.0,0.0,0.0,0.0,0.0,0.0,0.0,0.0,0.0,0.0,0.0,0.0,0.0,0.0,0.0,0.0
2017-05-31 07:02:00+02:00,0.0,0.0,0.0,0.0,0.0,0.0,0.0,0.0,0.0,0.0,0.0,0.0,0.0,0.0,0.0,0.0,0.0,0.0,0.0,0.0,0.0,0.0,0.0,0.0,0.0,0.0,0.0,0.0,0.0,0.0,0.0,0.0,0.0,0.0,0.0,0.0,0.0,0.0,0.0,0.0,0.0,0.0,0.0,0.0,0.0,0.0,0.0,0.0,0.0,0.0,0.0,0.0,0.0,0.0,0.0,0.0,0.0,0.0,0.0,0.0,0.0,0.0,0.0,0.0,0.0,0.0,0.0,0.0,0.0,0.0,0.0,0.0,0.0,0.0,0.0,0.0,0.0,0.0,0.0,0.0,0.0,0.0,0.0,0.0,0.0,0.0,0.0,0.0,0.0,0.0,0.0,0.0,0.0,0.0,0.0,0.0,0.0,0.0,0.0,0.0,0.0,0.0,0.0,0.0,0.0,0.0,0.0,0.0,0.0,0.0,0.0,0.0,0.0,0.0,0.0,0.0,0.0,0.0
2017-05-31 07:03:00+02:00,0.0,0.0,0.0,0.0,0.0,0.0,0.0,0.0,0.0,0.0,0.0,0.0,0.0,0.0,0.0,0.0,0.0,0.0,0.0,0.0,0.0,0.0,0.0,0.0,0.0,0.0,0.0,0.0,0.0,0.0,0.0,0.0,0.0,0.0,0.0,0.0,0.0,0.0,0.0,0.0,0.0,0.0,0.0,0.0,0.0,0.0,0.0,0.0,0.0,0.0,0.0,0.0,0.0,0.0,0.0,0.0,0.0,0.0,0.0,0.0,0.0,0.0,0.0,0.0,0.0,0.0,0.0,0.0,0.0,0.0,0.0,0.0,0.0,0.0,0.0,0.0,0.0,0.0,0.0,0.0,0.0,0.0,0.0,0.0,0.0,0.0,0.0,0.0,0.0,0.0,0.0,0.0,0.0,0.0,0.0,0.0,0.0,0.0,0.0,0.0,0.0,0.0,0.0,0.0,0.0,0.0,0.0,0.0,0.0,0.0,0.0,0.0,0.0,0.0,0.0,0.0,0.0,0.0
2017-05-31 07:04:00+02:00,0.0,0.0,0.0,0.0,0.0,0.0,0.0,0.0,0.0,0.0,0.0,0.0,0.0,0.0,0.0,0.0,0.0,0.0,0.0,0.0,0.0,0.0,0.0,0.0,0.0,0.0,0.0,0.0,0.0,0.0,0.0,0.0,0.0,0.0,0.0,0.0,0.0,0.0,0.0,0.0,0.0,0.0,0.0,0.0,0.0,0.0,0.0,0.0,0.0,0.0,0.0,0.0,0.0,0.0,0.0,0.0,0.0,0.0,0.0,0.0,0.0,0.0,0.0,0.0,0.0,0.0,0.0,0.0,0.0,0.0,0.0,0.0,0.0,0.0,0.0,0.0,0.0,0.0,0.0,0.0,0.0,0.0,0.0,0.0,0.0,0.0,0.0,0.0,0.0,0.0,0.0,0.0,0.0,0.0,0.0,0.0,0.0,0.0,0.0,0.0,0.0,0.0,0.0,0.0,0.0,0.0,0.0,0.0,0.0,0.0,0.0,0.0,0.0,0.0,0.0,0.0,0.0,0.0
2017-05-31 07:05:00+02:00,0.0,0.0,0.0,0.0,0.0,0.0,0.0,0.0,0.0,0.0,0.0,0.0,0.0,0.0,0.0,0.0,0.0,0.0,0.0,0.0,0.0,0.0,0.0,0.0,0.0,0.0,0.0,0.0,0.0,0.0,0.0,0.0,0.0,0.0,0.0,0.0,0.0,0.0,0.0,0.0,0.0,0.0,0.0,0.0,0.0,0.0,0.0,0.0,0.0,0.0,0.0,0.0,0.0,0.0,0.0,0.0,0.0,0.0,0.0,0.0,0.0,0.0,0.0,0.0,0.0,0.0,0.0,0.0,0.0,0.0,0.0,0.0,0.0,0.0,0.0,0.0,0.0,0.0,0.0,0.0,0.0,0.0,0.0,0.0,0.0,0.0,0.0,0.0,0.0,0.0,0.0,0.0,0.0,0.0,0.0,0.0,0.0,0.0,0.0,0.0,0.0,0.0,0.0,0.0,0.0,0.0,0.0,0.0,0.0,0.0,0.0,0.0,0.0,0.0,0.0,0.0,0.0,0.0
2017-05-31 07:06:00+02:00,0.0,0.0,0.0,0.0,0.0,0.0,0.0,0.0,0.0,0.0,0.0,0.0,0.0,0.0,0.0,0.0,0.0,0.0,0.0,0.0,0.0,0.0,0.0,0.0,0.0,0.0,0.0,0.0,0.0,0.0,0.0,0.0,0.0,0.0,0.0,0.0,0.0,0.0,0.0,0.0,0.0,0.0,0.0,0.0,0.0,0.0,0.0,0.0,0.0,0.0,0.0,0.0,0.0,0.0,0.0,0.0,0.0,0.0,0.0,0.0,0.0,0.0,0.0,0.0,0.0,0.0,0.0,0.0,0.0,0.0,0.0,0.0,0.0,0.0,0.0,0.0,0.0,0.0,0.0,0.0,0.0,0.0,0.0,0.0,0.0,0.0,0.0,0.0,0.0,0.0,0.0,0.0,0.0,0.0,0.0,0.0,0.0,0.0,0.0,0.0,0.0,0.0,0.0,0.0,0.0,0.0,0.0,0.0,0.0,0.0,0.0,0.0,0.0,0.0,0.0,0.0,0.0,0.0
2017-05-31 07:07:00+02:00,0.0,0.0,0.0,0.0,0.0,0.0,0.0,0.0,0.0,0.0,0.0,0.0,0.0,0.0,0.0,0.0,0.0,0.0,0.0,0.0,0.0,0.0,0.0,0.0,0.0,0.0,0.0,0.0,0.0,0.0,0.0,0.0,0.0,0.0,0.0,0.0,0.0,0.0,0.0,0.0,0.0,0.0,0.0,0.0,0.0,0.0,0.0,0.0,0.0,0.0,0.0,0.0,0.0,0.0,0.0,0.0,0.0,0.0,0.0,0.0,0.0,0.0,0.0,0.0,0.0,0.0,0.0,0.0,0.0,0.0,0.0,0.0,0.0,0.0,0.0,0.0,0.0,0.0,0.0,0.0,0.0,0.0,0.0,0.0,0.0,0.0,0.0,0.0,0.0,0.0,0.0,0.0,0.0,0.0,0.0,0.0,0.0,0.0,0.0,0.0,0.0,0.0,0.0,0.0,0.0,0.0,0.0,0.0,0.0,0.0,0.0,0.0,0.0,0.0,0.0,0.0,0.0,0.0
2017-05-31 07:08:00+02:00,0.0,0.0,0.0,0.0,0.0,0.0,0.0,0.0,0.0,0.0,0.0,0.0,0.0,0.0,0.0,0.0,0.0,0.0,0.0,0.0,0.0,0.0,0.0,0.0,0.0,0.0,0.0,0.0,0.0,0.0,0.0,0.0,0.0,0.0,0.0,0.0,0.0,0.0,0.0,0.0,0.0,0.0,0.0,0.0,0.0,0.0,0.0,0.0,0.0,0.0,0.0,0.0,0.0,0.0,0.0,0.0,0.0,0.0,0.0,0.0,0.0,0.0,0.0,0.0,0.0,0.0,0.0,0.0,0.0,0.0,0.0,0.0,0.0,0.0,0.0,0.0,0.0,0.0,0.0,0.0,0.0,0.0,0.0,0.0,0.0,0.0,0.0,0.0,0.0,0.0,0.0,0.0,0.0,0.0,0.0,0.0,0.0,0.0,0.0,0.0,0.0,0.0,0.0,0.0,0.0,0.0,0.0,0.0,0.0,0.0,0.0,0.0,0.0,0.0,0.0,0.0,0.0,0.0
2017-05-31 07:09:00+02:00,0.0,0.0,0.0,0.0,0.0,0.0,0.0,0.0,0.0,0.0,0.0,0.0,0.0,0.0,0.0,0.0,0.0,0.0,0.0,0.0,0.0,0.0,0.0,0.0,0.0,0.0,0.0,0.0,0.0,0.0,0.0,0.0,0.0,0.0,0.0,0.0,0.0,0.0,0.0,0.0,0.0,0.0,0.0,0.0,0.0,0.0,0.0,0.0,0.0,0.0,0.0,0.0,0.0,0.0,0.0,0.0,0.0,0.0,0.0,0.0,0.0,0.0,0.0,0.0,0.0,0.0,0.0,0.0,0.0,0.0,0.0,0.0,0.0,0.0,0.0,0.0,0.0,0.0,0.0,0.0,0.0,0.0,0.0,0.0,0.0,0.0,0.0,0.0,0.0,0.0,0.0,0.0,0.0,0.0,0.0,0.0,0.0,0.0,0.0,0.0,0.0,0.0,0.0,0.0,0.0,0.0,0.0,0.0,0.0,0.0,0.0,0.0,0.0,0.0,0.0,0.0,0.0,0.0
2017-05-31 07:10:00+02:00,0.0,0.0,0.0,0.0,0.0,0.0,0.0,0.0,-1.5e-05,0.0,0.0,0.0,-3.1e-05,-2.5e-05,0.0,0.0,0.0,0.0,0.0,-7e-06,0.0,-6e-06,0.0,0.0,-3e-05,-1.3e-05,0.0,0.0,0.0,0.0,0.0,-1e-05,0.0,-7e-06,-1.7e-05,0.0,0.0,0.0,0.0,-4.4e-05,0.0,0.0,0.0,0.0,0.0,0.0,0.0,0.0,0.0,0.0,0.0,0.0,0.0,-3.1e-05,0.0,0.0,0.0,0.0,0.0,0.0,0.0,-3.3e-05,0.0,0.0,0.0,-1e-06,0.0,0.0,0.0,0.0,0.0,0.0,0.0,-1e-06,-2.2e-05,0.0,0.0,0.0,0.0,0.0,0.0,0.0,0.0,-3.3e-05,0.0,0.0,-3.6e-05,0.0,0.0,0.0,0.0,-3e-06,-2.9e-05,0.0,0.0,0.0,-1.6e-05,-1.6e-05,0.0,-2.3e-05,0.0,0.0,0.0,0.0,0.0,-7.8e-05,-3e-05,0.0,0.0,-1.7e-05,0.0,0.0,0.0,0.0,0.0,0.0,0.0,-2.9e-05
2017-05-31 07:11:00+02:00,0.0,0.0,0.0,0.0,0.0,0.0,0.0,0.0,-2.8e-05,0.0,0.0,0.0,-5e-05,-4e-05,0.0,-5e-06,0.0,0.0,0.0,-1.8e-05,0.0,-1.5e-05,0.0,0.0,-5.6e-05,-3.8e-05,0.0,0.0,0.0,0.0,0.0,-1.7e-05,0.0,-1.1e-05,-2.8e-05,0.0,0.0,0.0,0.0,-8.5e-05,0.0,0.0,0.0,0.0,0.0,0.0,0.0,0.0,0.0,0.0,0.0,-0.0,-2e-06,-4.9e-05,0.0,0.0,0.0,0.0,0.0,0.0,-0.0,-6.4e-05,0.0,0.0,0.0,-1.4e-05,0.0,0.0,0.0,0.0,0.0,0.0,0.0,-3e-06,-3.5e-05,0.0,0.0,0.0,0.0,0.0,-2e-06,0.0,0.0,-6.2e-05,0.0,0.0,-7.1e-05,0.0,0.0,0.0,0.0,-9e-06,-4.6e-05,0.0,0.0,0.0,-4.2e-05,-4.4e-05,0.0,-4.5e-05,0.0,0.0,0.0,0.0,0.0,-0.000148,-4.9e-05,0.0,0.0,-4.4e-05,0.0,0.0,0.0,0.0,0.0,0.0,0.0,-4.9e-05
2017-05-31 07:12:00+02:00,0.0,0.0,0.0,0.0,0.0,0.0,0.0,0.0,-3.2e-05,0.0,0.0,0.0,-5.8e-05,-4.6e-05,0.0,-1.5e-05,0.0,0.0,0.0,-2.9e-05,0.0,-2.5e-05,0.0,0.0,-6.3e-05,-5.7e-05,0.0,0.0,0.0,0.0,0.0,-2e-05,0.0,-1.2e-05,-3.2e-05,0.0,0.0,0.0,0.0,-9.5e-05,0.0,0.0,0.0,0.0,0.0,0.0,0.0,-0.0,0.0,0.0,0.0,-3e-06,-6e-06,-5.7e-05,0.0,0.0,0.0,0.0,0.0,0.0,-2e-06,-7.1e-05,0.0,0.0,0.0,-2.8e-05,0.0,-3e-06,0.0,0.0,0.0,0.0,0.0,-7e-06,-4.1e-05,0.0,0.0,0.0,0.0,0.0,-7e-06,0.0,0.0,-6.9e-05,0.0,0.0,-8e-05,0.0,0.0,0.0,0.0,-1.5e-05,-5.3e-05,0.0,0.0,0.0,-6.3e-05,-6.4e-05,0.0,-4.9e-05,0.0,0.0,0.0,0.0,0.0,-0.000169,-5.7e-05,0.0,0.0,-6.6e-05,0.0,0.0,0.0,0.0,0.0,0.0,0.0,-5.6e-05
2017-05-31 07:13:00+02:00,0.0,0.0,0.0,0.0,0.0,0.0,0.0,0.0,-2.6e-05,0.0,0.0,0.0,-4.6e-05,-3.6e-05,0.0,-1.2e-05,0.0,0.0,0.0,-2.3e-05,0.0,-2e-05,0.0,0.0,-5e-05,-4.6e-05,0.0,0.0,0.0,0.0,0.0,-1.6e-05,0.0,-1e-05,-2.5e-05,0.0,0.0,0.0,0.0,-7.6e-05,0.0,0.0,0.0,0.0,0.0,0.0,0.0,-0.0,0.0,0.0,0.0,-2e-06,-4e-06,-4.6e-05,0.0,0.0,0.0,0.0,0.0,0.0,-2e-06,-5.7e-05,0.0,0.0,0.0,-2.2e-05,0.0,-2e-06,0.0,0.0,0.0,0.0,0.0,-5e-06,-3.3e-05,0.0,0.0,0.0,0.0,0.0,-5e-06,0.0,0.0,-5.5e-05,0.0,0.0,-6.4e-05,0.0,0.0,0.0,0.0,-1.2e-05,-4.2e-05,0.0,0.0,0.0,-5e-05,-5.2e-05,0.0,-3.9e-05,0.0,0.0,0.0,0.0,0.0,-0.000135,-4.6e-05,0.0,0.0,-5.2e-05,0.0,0.0,0.0,0.0,0.0,0.0,0.0,-4.5e-05
2017-05-31 07:14:00+02:00,0.0,0.0,0.0,0.0,0.0,0.0,0.0,0.0,-2.1e-05,0.0,0.0,0.0,-3.7e-05,-2.9e-05,0.0,-1e-05,0.0,0.0,0.0,-1.9e-05,0.0,-1.6e-05,0.0,0.0,-4e-05,-3.7e-05,0.0,0.0,0.0,0.0,0.0,-1.3e-05,0.0,-8e-06,-2e-05,0.0,0.0,0.0,0.0,-6.1e-05,0.0,0.0,0.0,0.0,0.0,0.0,0.0,-0.0,0.0,0.0,0.0,-2e-06,-4e-06,-3.7e-05,0.0,0.0,0.0,0.0,0.0,0.0,-2e-06,-4.5e-05,0.0,0.0,0.0,-1.8e-05,0.0,-2e-06,0.0,0.0,0.0,0.0,0.0,-4e-06,-2.6e-05,0.0,0.0,0.0,0.0,0.0,-4e-06,0.0,0.0,-4.4e-05,0.0,0.0,-5.1e-05,0.0,0.0,0.0,0.0,-1e-05,-3.4e-05,0.0,0.0,0.0,-4e-05,-4.1e-05,0.0,-3.1e-05,0.0,0.0,0.0,0.0,0.0,-0.000108,-3.7e-05,0.0,0.0,-4.2e-05,0.0,0.0,0.0,0.0,0.0,0.0,0.0,-3.6e-05
2017-05-31 07:15:00+02:00,0.0,0.0,0.0,0.0,0.0,0.0,0.0,0.0,-1.6e-05,0.0,0.0,0.0,-3e-05,-2.3e-05,0.0,-8e-06,0.0,0.0,0.0,-1.5e-05,0.0,-1.3e-05,0.0,0.0,-3.2e-05,-2.9e-05,0.0,0.0,0.0,0.0,0.0,-1e-05,0.0,-6e-06,-1.6e-05,0.0,0.0,0.0,0.0,-4.9e-05,0.0,0.0,0.0,0.0,0.0,0.0,0.0,-0.0,0.0,0.0,0.0,-1e-06,-3e-06,-2.9e-05,0.0,0.0,0.0,0.0,0.0,0.0,-1e-06,-3.6e-05,0.0,0.0,0.0,-1.4e-05,0.0,-1e-06,0.0,0.0,0.0,0.0,0.0,-3e-06,-2.1e-05,0.0,0.0,0.0,0.0,0.0,-3e-06,0.0,0.0,-3.5e-05,0.0,0.0,-4.1e-05,0.0,0.0,0.0,0.0,-8e-06,-2.7e-05,0.0,0.0,0.0,-3.2e-05,-3.3e-05,0.0,-2.5e-05,0.0,0.0,0.0,0.0,0.0,-8.6e-05,-2.9e-05,0.0,0.0,-3.4e-05,0.0,0.0,0.0,0.0,0.0,0.0,0.0,-2.9e-05
2017-05-31 07:16:00+02:00,0.0,0.0,0.0,0.0,0.0,0.0,0.0,0.0,-1.3e-05,0.0,0.0,0.0,-2.4e-05,-1.9e-05,0.0,-6e-06,0.0,0.0,0.0,-1.2e-05,0.0,-1e-05,0.0,0.0,-2.6e-05,-2.4e-05,0.0,0.0,0.0,0.0,0.0,-8e-06,0.0,-5e-06,-1.3e-05,0.0,0.0,0.0,0.0,-3.9e-05,0.0,0.0,0.0,0.0,0.0,0.0,0.0,-0.0,0.0,0.0,0.0,-1e-06,-2e-06,-2.3e-05,0.0,0.0,0.0,0.0,0.0,0.0,-1e-06,-2.9e-05,0.0,0.0,0.0,-1.2e-05,0.0,-1e-06,0.0,0.0,0.0,0.0,0.0,-3e-06,-1.7e-05,0.0,0.0,0.0,0.0,0.0,-3e-06,0.0,0.0,-2.8e-05,0.0,0.0,-3.3e-05,0.0,0.0,0.0,0.0,-6e-06,-2.2e-05,0.0,0.0,0.0,-2.6e-05,-2.6e-05,0.0,-2e-05,0.0,0.0,0.0,0.0,0.0,-6.9e-05,-2.3e-05,0.0,0.0,-2.7e-05,0.0,0.0,0.0,0.0,0.0,0.0,0.0,-2.3e-05
2017-05-31 07:17:00+02:00,0.0,0.0,0.0,0.0,0.0,0.0,0.0,0.0,-1.1e-05,0.0,0.0,0.0,-1.9e-05,-1.5e-05,0.0,-5e-06,0.0,0.0,0.0,-9e-06,0.0,-8e-06,0.0,0.0,-2.1e-05,-1.9e-05,0.0,0.0,0.0,0.0,0.0,-6e-06,0.0,-4e-06,-1e-05,0.0,0.0,0.0,0.0,-3.1e-05,0.0,0.0,0.0,0.0,0.0,0.0,0.0,-0.0,0.0,0.0,0.0,-1e-06,-2e-06,-1.9e-05,0.0,0.0,0.0,0.0,0.0,0.0,-1e-06,-2.3e-05,0.0,0.0,0.0,-9e-06,0.0,-1e-06,0.0,0.0,0.0,0.0,0.0,-2e-06,-1.3e-05,0.0,0.0,0.0,0.0,0.0,-2e-06,0.0,0.0,-2.3e-05,0.0,0.0,-2.6e-05,0.0,0.0,0.0,0.0,-5e-06,-1.7e-05,0.0,0.0,0.0,-2.1e-05,-2.1e-05,0.0,-1.6e-05,0.0,0.0,0.0,0.0,0.0,-5.5e-05,-1.9e-05,0.0,0.0,-2.2e-05,0.0,0.0,0.0,0.0,0.0,0.0,0.0,-1.8e-05
2017-05-31 07:18:00+02:00,0.0,0.0,0.0,0.0,0.0,0.0,0.0,0.0,-2.8e-05,0.0,0.0,0.0,-4e-05,-3.2e-05,0.0,-3.3e-05,0.0,0.0,0.0,-4.7e-05,0.0,-4.3e-05,0.0,0.0,-5.4e-05,-7.3e-05,0.0,0.0,0.0,0.0,0.0,-1.5e-05,0.0,-9e-06,-2.2e-05,0.0,0.0,0.0,0.0,-8.4e-05,0.0,0.0,0.0,0.0,0.0,0.0,0.0,-8e-06,0.0,0.0,0.0,-7e-06,-9e-06,-3.9e-05,0.0,0.0,0.0,0.0,0.0,0.0,-8e-06,-6.3e-05,0.0,0.0,0.0,-4.7e-05,0.0,-1.2e-05,0.0,0.0,0.0,0.0,0.0,-1e-05,-2.8e-05,0.0,0.0,0.0,0.0,0.0,-1.2e-05,0.0,0.0,-6e-05,0.0,0.0,-7.3e-05,0.0,0.0,0.0,0.0,-1.8e-05,-3.7e-05,0.0,0.0,0.0,-7.6e-05,-7.8e-05,0.0,-4.4e-05,0.0,-8e-06,0.0,0.0,0.0,-0.000145,-4.2e-05,0.0,-0.0,-8e-05,0.0,0.0,0.0,0.0,0.0,0.0,0.0,-4.3e-05
2017-05-31 07:19:00+02:00,0.0,0.0,0.0,-8.9e-05,0.0,0.0,-1.1e-05,-2.2e-05,-8.3e-05,0.0,0.0,0.0,-9.9e-05,-8.5e-05,-2e-05,-0.000154,0.0,0.0,0.0,-0.000172,0.0,-0.000165,-4.3e-05,0.0,-0.000162,-0.000212,-2e-05,0.0,-1.6e-05,0.0,0.0,-5.9e-05,0.0,-4.9e-05,-7e-05,0.0,0.0,-3.8e-05,0.0,-0.000208,-1.6e-05,0.0,-4.5e-05,0.0,0.0,-3.1e-05,-3.1e-05,-6.2e-05,-2.8e-05,0.0,0.0,-5.3e-05,-5.6e-05,-9.7e-05,0.0,0.0,0.0,0.0,0.0,-8e-06,-5.6e-05,-0.000178,-8e-05,0.0,0.0,-0.000175,-4e-06,-6.9e-05,0.0,-3e-06,-2.1e-05,0.0,0.0,-5.6e-05,-8e-05,0.0,0.0,0.0,-2.6e-05,0.0,-6.3e-05,0.0,-3.7e-05,-0.000172,0.0,0.0,-0.000147,0.0,0.0,0.0,0.0,-7.1e-05,-9.4e-05,0.0,-3.8e-05,-3.9e-05,-0.000215,-0.000219,0.0,-0.000153,0.0,-0.000115,-2.8e-05,0.0,-1.7e-05,-0.000292,-0.000101,-8.2e-05,-0.000102,-0.000222,-1.7e-05,-1.2e-05,-1.1e-05,0.0,0.0,-5.2e-05,-7.1e-05,-0.000103
2017-05-31 07:20:00+02:00,0.0,0.0,0.0,-7.2e-05,0.0,0.0,-9e-06,-1.8e-05,-6.6e-05,0.0,0.0,0.0,-9.3e-05,-7.7e-05,-1.6e-05,-0.000123,0.0,0.0,0.0,-0.000137,0.0,-0.000132,-3.4e-05,0.0,-0.00013,-0.000169,-1.6e-05,0.0,-1.2e-05,0.0,0.0,-4.7e-05,0.0,-3.9e-05,-5.9e-05,0.0,0.0,-3.1e-05,0.0,-0.000174,-1.3e-05,0.0,-3.6e-05,0.0,0.0,-2.5e-05,-2.5e-05,-5e-05,-2.2e-05,0.0,0.0,-4.2e-05,-4.5e-05,-9.2e-05,0.0,0.0,0.0,0.0,0.0,-6e-06,-4.5e-05,-0.000142,-6.4e-05,0.0,0.0,-0.00014,-3e-06,-5.5e-05,0.0,-2e-06,-1.7e-05,0.0,0.0,-4.5e-05,-7.1e-05,0.0,0.0,0.0,-2.1e-05,0.0,-5e-05,0.0,-3e-05,-0.000138,0.0,0.0,-0.000134,0.0,0.0,0.0,0.0,-5.7e-05,-8.7e-05,0.0,-3e-05,-3.1e-05,-0.000172,-0.000175,0.0,-0.000122,0.0,-9.2e-05,-2.2e-05,0.0,-1.4e-05,-0.000272,-9.5e-05,-6.6e-05,-8.2e-05,-0.000178,-1.4e-05,-9e-06,-9e-06,0.0,0.0,-4.2e-05,-5.7e-05,-9.5e-05
2017-05-31 07:21:00+02:00,0.0,0.0,0.0,-5.7e-05,0.0,0.0,-7e-06,-1.4e-05,-6.7e-05,0.0,0.0,0.0,-9.8e-05,-8e-05,-1.3e-05,-0.000114,0.0,0.0,0.0,-0.000135,0.0,-0.000129,-2.7e-05,0.0,-0.000129,-0.000173,-1.3e-05,0.0,-1e-05,0.0,0.0,-4.5e-05,0.0,-3.5e-05,-5.9e-05,0.0,0.0,-2.5e-05,0.0,-0.000183,-1e-05,0.0,-2.8e-05,0.0,0.0,-2e-05,-2e-05,-4.3e-05,-1.8e-05,0.0,0.0,-3.8e-05,-4e-05,-9.6e-05,0.0,0.0,0.0,0.0,0.0,-5e-06,-4e-05,-0.000146,-5.1e-05,0.0,0.0,-0.000136,-3e-06,-5e-05,0.0,-2e-06,-1.3e-05,0.0,0.0,-4.2e-05,-7.3e-05,0.0,0.0,0.0,-1.7e-05,0.0,-4.6e-05,0.0,-2.4e-05,-0.000141,0.0,0.0,-0.000148,0.0,0.0,0.0,0.0,-5.5e-05,-9.1e-05,0.0,-2.4e-05,-2.5e-05,-0.000177,-0.000181,0.0,-0.000117,0.0,-7.4e-05,-1.8e-05,0.0,-1.1e-05,-0.000299,-0.0001,-5.3e-05,-6.5e-05,-0.000184,-1.1e-05,-7e-06,-7e-06,0.0,0.0,-3.3e-05,-4.6e-05,-0.000101
2017-05-31 07:22:00+02:00,0.0,0.0,0.0,-5.6e-05,0.0,0.0,-6e-06,-1.1e-05,-7.2e-05,0.0,0.0,0.0,-0.000108,-8.8e-05,-1e-05,-0.000127,0.0,0.0,0.0,-0.000149,0.0,-0.000143,-2.2e-05,0.0,-0.00014,-0.000195,-1e-05,0.0,-8e-06,0.0,0.0,-4.9e-05,0.0,-3.8e-05,-6.6e-05,0.0,0.0,-2e-05,0.0,-0.000197,-8e-06,0.0,-2.3e-05,0.0,0.0,-1.6e-05,-1.6e-05,-4.6e-05,-1.4e-05,0.0,0.0,-4.2e-05,-4.6e-05,-0.000106,0.0,0.0,0.0,0.0,0.0,-4e-06,-4.5e-05,-0.000157,-4.3e-05,0.0,0.0,-0.000152,-2e-06,-5.5e-05,0.0,-1e-06,-1.1e-05,0.0,0.0,-4.7e-05,-8.1e-05,0.0,0.0,0.0,-1.3e-05,0.0,-5.2e-05,0.0,-1.9e-05,-0.000152,0.0,0.0,-0.000157,0.0,0.0,0.0,0.0,-6.4e-05,-0.000101,0.0,-2.5e-05,-2e-05,-0.000199,-0.000203,0.0,-0.000124,0.0,-8.1e-05,-1.4e-05,0.0,-9e-06,-0.000318,-0.00011,-4.7e-05,-6.9e-05,-0.000207,-9e-06,-6e-06,-5e-06,0.0,0.0,-2.7e-05,-3.6e-05,-0.00011
2017-05-31 07:23:00+02:00,0.0,0.0,0.0,-4.5e-05,0.0,0.0,-5e-06,-9e-06,-5.8e-05,0.0,0.0,0.0,-8.9e-05,-7.1e-05,-8e-06,-0.000102,0.0,0.0,0.0,-0.000119,0.0,-0.000114,-1.8e-05,0.0,-0.000112,-0.000156,-8e-06,0.0,-6e-06,0.0,0.0,-3.9e-05,0.0,-3e-05,-5.2e-05,0.0,0.0,-1.6e-05,0.0,-0.000157,-7e-06,0.0,-1.8e-05,0.0,0.0,-1.3e-05,-1.3e-05,-3.7e-05,-1.1e-05,0.0,0.0,-3.4e-05,-3.7e-05,-8.8e-05,0.0,0.0,0.0,0.0,0.0,-3e-06,-3.6e-05,-0.000126,-3.4e-05,0.0,0.0,-0.000122,-2e-06,-4.4e-05,0.0,-1e-06,-8e-06,0.0,0.0,-3.8e-05,-6.5e-05,0.0,0.0,0.0,-1.1e-05,0.0,-4.2e-05,0.0,-1.5e-05,-0.000122,0.0,0.0,-0.000126,0.0,0.0,0.0,0.0,-5.1e-05,-8.2e-05,0.0,-2e-05,-1.6e-05,-0.000159,-0.000163,0.0,-9.9e-05,0.0,-6.5e-05,-1.1e-05,0.0,-7e-06,-0.000261,-9e-05,-3.7e-05,-5.5e-05,-0.000165,-7e-06,-5e-06,-4e-06,0.0,0.0,-2.1e-05,-2.9e-05,-8.8e-05
2017-05-31 07:24:00+02:00,0.0,0.0,0.0,-3.6e-05,0.0,0.0,-4e-06,-7e-06,-4.6e-05,0.0,0.0,0.0,-8.3e-05,-6.2e-05,-7e-06,-8.2e-05,0.0,0.0,0.0,-9.6e-05,0.0,-9.1e-05,-1.4e-05,0.0,-9e-05,-0.000125,-7e-06,0.0,-5e-06,0.0,0.0,-3.1e-05,0.0,-2.4e-05,-4.2e-05,0.0,0.0,-1.3e-05,0.0,-0.000126,-5e-06,0.0,-1.5e-05,0.0,0.0,-1e-05,-1e-05,-3e-05,-9e-06,0.0,0.0,-2.7e-05,-2.9e-05,-8.1e-05,0.0,0.0,0.0,0.0,0.0,-3e-06,-2.9e-05,-0.0001,-2.8e-05,0.0,0.0,-9.7e-05,-1e-06,-3.5e-05,0.0,-1e-06,-7e-06,0.0,0.0,-3e-05,-5.5e-05,0.0,0.0,0.0,-8e-06,0.0,-3.3e-05,0.0,-1.2e-05,-9.7e-05,0.0,0.0,-0.000111,0.0,0.0,0.0,0.0,-4.1e-05,-7.4e-05,0.0,-1.6e-05,-1.3e-05,-0.000127,-0.00013,0.0,-8e-05,0.0,-5.2e-05,-9e-06,0.0,-6e-06,-0.000236,-8.2e-05,-3e-05,-4.4e-05,-0.000132,-6e-06,-4e-06,-4e-06,0.0,0.0,-1.7e-05,-2.3e-05,-7.9e-05
2017-05-31 07:25:00+02:00,0.0,0.0,0.0,-2.9e-05,0.0,0.0,-3e-06,-6e-06,-6.7e-05,0.0,0.0,0.0,-0.000107,-8.3e-05,-5e-06,-9.5e-05,0.0,0.0,0.0,-0.000123,0.0,-0.000117,-1.1e-05,0.0,-0.00013,-0.000156,-5e-06,0.0,-4e-06,0.0,0.0,-4.5e-05,0.0,-3.3e-05,-5.9e-05,0.0,0.0,-1e-05,0.0,-0.000183,-4e-06,0.0,-1.2e-05,0.0,0.0,-8e-06,-8e-06,-3.5e-05,-7e-06,0.0,0.0,-3.3e-05,-3.3e-05,-0.000104,0.0,0.0,0.0,0.0,0.0,-2e-06,-3.5e-05,-0.000147,-2.2e-05,0.0,0.0,-0.000117,-1e-06,-4.3e-05,0.0,-1e-06,-5e-06,0.0,0.0,-3.7e-05,-7.5e-05,0.0,0.0,0.0,-7e-06,0.0,-3.9e-05,0.0,-1e-05,-0.000142,0.0,0.0,-0.000153,0.0,0.0,0.0,0.0,-5e-05,-9.8e-05,0.0,-1.3e-05,-1e-05,-0.00016,-0.000164,0.0,-0.000116,0.0,-5.1e-05,-7e-06,0.0,-4e-06,-0.000315,-0.000108,-3.5e-05,-3.7e-05,-0.000167,-4e-06,-3e-06,-3e-06,0.0,0.0,-1.4e-05,-1.9e-05,-0.000106
2017-05-31 07:26:00+02:00,0.0,0.0,0.0,-0.000151,0.0,0.0,-1.9e-05,-3.9e-05,-0.00015,0.0,0.0,0.0,-0.000155,-0.000127,-2.6e-05,-0.000266,0.0,0.0,0.0,-0.000299,0.0,-0.000287,-7.1e-05,0.0,-0.000285,-0.000353,-3.7e-05,0.0,-2.6e-05,0.0,0.0,-9.1e-05,0.0,-6.9e-05,-0.0001,0.0,-5e-06,-6.3e-05,0.0,-0.000374,-2.3e-05,0.0,-7.2e-05,0.0,0.0,-5.2e-05,-5.8e-05,-0.000116,-5.2e-05,0.0,0.0,-7.7e-05,-7.4e-05,-0.000149,0.0,0.0,0.0,0.0,0.0,-1.2e-05,-8.8e-05,-0.000323,-0.000135,0.0,0.0,-0.000298,-7e-06,-0.000128,0.0,-3e-06,-2.8e-05,0.0,0.0,-7.5e-05,-0.000118,0.0,0.0,0.0,-4.2e-05,0.0,-9.5e-05,0.0,-6.2e-05,-0.000307,0.0,0.0,-0.000279,0.0,0.0,0.0,0.0,-0.000101,-0.000145,0.0,-4.6e-05,-7.7e-05,-0.000351,-0.000361,0.0,-0.000284,0.0,-0.000201,-4.8e-05,0.0,-2.6e-05,-0.000532,-0.000165,-0.000163,-0.000181,-0.000369,-2.4e-05,-2e-05,-1.6e-05,0.0,0.0,-8.6e-05,-0.000121,-0.000174
2017-05-31 07:27:00+02:00,0.0,0.0,0.0,-0.000218,0.0,0.0,-3.3e-05,-6e-05,-0.000181,0.0,0.0,0.0,-0.000186,-0.000157,-4.1e-05,-0.000348,0.0,0.0,0.0,-0.000378,0.0,-0.000366,-0.000111,0.0,-0.000345,-0.000442,-5.6e-05,0.0,-4.1e-05,0.0,0.0,-0.000119,0.0,-9.5e-05,-0.000129,0.0,-5e-06,-0.0001,0.0,-0.000436,-3.9e-05,0.0,-0.000107,0.0,0.0,-8.1e-05,-8.2e-05,-0.000153,-7e-05,0.0,0.0,-0.00011,-0.000109,-0.00018,0.0,0.0,0.0,0.0,0.0,-2.8e-05,-0.000122,-0.000383,-0.000196,0.0,0.0,-0.000383,-1.5e-05,-0.000166,0.0,-1e-05,-4.6e-05,0.0,0.0,-0.000108,-0.000147,0.0,0.0,0.0,-7.1e-05,0.0,-0.000133,0.0,-9.5e-05,-0.000366,0.0,0.0,-0.000309,0.0,0.0,0.0,0.0,-0.00014,-0.000175,0.0,-7.6e-05,-0.000103,-0.00044,-0.000451,0.0,-0.000343,0.0,-0.000276,-6.9e-05,0.0,-4.3e-05,-0.000591,-0.000195,-0.000212,-0.000254,-0.00046,-4.1e-05,-3.2e-05,-2.6e-05,0.0,-1e-06,-0.000126,-0.000176,-0.000204
2017-05-31 07:28:00+02:00,0.0,0.0,0.0,-0.000174,0.0,0.0,-2.6e-05,-4.8e-05,-0.000145,0.0,0.0,0.0,-0.000149,-0.000125,-3.3e-05,-0.000278,0.0,0.0,0.0,-0.000303,0.0,-0.000293,-8.9e-05,0.0,-0.000276,-0.000354,-4.5e-05,0.0,-3.3e-05,0.0,0.0,-9.5e-05,0.0,-7.6e-05,-0.000103,0.0,-4e-06,-8e-05,0.0,-0.000349,-3.2e-05,0.0,-8.5e-05,0.0,0.0,-6.5e-05,-6.6e-05,-0.000122,-5.6e-05,0.0,0.0,-8.8e-05,-8.8e-05,-0.000144,0.0,0.0,0.0,0.0,0.0,-2.2e-05,-9.7e-05,-0.000306,-0.000157,0.0,0.0,-0.000306,-1.2e-05,-0.000133,0.0,-8e-06,-3.6e-05,0.0,0.0,-8.7e-05,-0.000118,0.0,0.0,0.0,-5.6e-05,0.0,-0.000106,0.0,-7.6e-05,-0.000293,0.0,0.0,-0.000247,0.0,0.0,0.0,0.0,-0.000112,-0.00014,0.0,-6.1e-05,-8.2e-05,-0.000352,-0.000361,0.0,-0.000274,0.0,-0.000221,-5.5e-05,0.0,-3.5e-05,-0.000473,-0.000156,-0.00017,-0.000203,-0.000368,-3.3e-05,-2.5e-05,-2e-05,0.0,-1e-06,-0.000101,-0.000141,-0.000163
2017-05-31 07:29:00+02:00,0.0,0.0,0.0,-0.000139,0.0,0.0,-2.1e-05,-3.8e-05,-0.000116,0.0,0.0,0.0,-0.000119,-0.0001,-2.6e-05,-0.000222,0.0,0.0,0.0,-0.000242,0.0,-0.000234,-7.1e-05,0.0,-0.000221,-0.000283,-3.6e-05,0.0,-2.6e-05,0.0,0.0,-7.6e-05,0.0,-6.1e-05,-8.3e-05,0.0,-3e-06,-6.4e-05,0.0,-0.000279,-2.5e-05,0.0,-6.8e-05,0.0,0.0,-5.2e-05,-5.3e-05,-9.8e-05,-4.5e-05,0.0,0.0,-7e-05,-7e-05,-0.000115,0.0,0.0,0.0,0.0,0.0,-1.8e-05,-7.8e-05,-0.000245,-0.000126,0.0,0.0,-0.000245,-1e-05,-0.000106,0.0,-6e-06,-2.9e-05,0.0,0.0,-6.9e-05,-9.4e-05,0.0,0.0,0.0,-4.5e-05,0.0,-8.5e-05,0.0,-6.1e-05,-0.000234,0.0,0.0,-0.000198,0.0,0.0,0.0,0.0,-9e-05,-0.000112,0.0,-4.9e-05,-6.6e-05,-0.000282,-0.000289,0.0,-0.00022,0.0,-0.000177,-4.4e-05,0.0,-2.8e-05,-0.000378,-0.000125,-0.000136,-0.000163,-0.000294,-2.6e-05,-2e-05,-1.6e-05,0.0,-1e-06,-8.1e-05,-0.000113,-0.000131
2017-05-31 07:30:00+02:00,0.0,0.0,0.0,-0.000111,0.0,0.0,-1.7e-05,-3.1e-05,-0.000104,0.0,0.0,0.0,-0.00012,-9.9e-05,-2.1e-05,-0.000206,0.0,0.0,0.0,-0.000232,0.0,-0.000223,-5.7e-05,0.0,-0.000199,-0.000284,-2.9e-05,0.0,-2.1e-05,0.0,0.0,-6.7e-05,0.0,-5.1e-05,-7.8e-05,0.0,-3e-06,-5.1e-05,0.0,-0.000266,-2e-05,0.0,-5.5e-05,0.0,0.0,-4.1e-05,-4.2e-05,-8.5e-05,-3.6e-05,0.0,0.0,-6.4e-05,-6.5e-05,-0.000116,0.0,0.0,0.0,0.0,0.0,-1.4e-05,-7.1e-05,-0.000225,-0.0001,0.0,0.0,-0.000235,-8e-06,-9.6e-05,0.0,-5e-06,-2.3e-05,0.0,0.0,-6.5e-05,-9.2e-05,0.0,0.0,0.0,-3.6e-05,0.0,-7.9e-05,0.0,-4.9e-05,-0.000216,0.0,0.0,-0.0002,0.0,0.0,0.0,0.0,-8.8e-05,-0.000112,0.0,-3.9e-05,-5.3e-05,-0.000284,-0.000292,0.0,-0.00019,0.0,-0.000147,-3.5e-05,0.0,-2.2e-05,-0.000386,-0.000126,-0.000109,-0.00013,-0.000297,-2.1e-05,-1.6e-05,-1.3e-05,0.0,-1e-06,-6.4e-05,-9e-05,-0.000131
2017-05-31 07:31:00+02:00,0.0,0.0,0.0,-0.000217,0.0,0.0,-3e-05,-5.9e-05,-0.000164,0.0,0.0,0.0,-0.000173,-0.000146,-3.8e-05,-0.00035,0.0,0.0,0.0,-0.000374,0.0,-0.000362,-0.000109,0.0,-0.000312,-0.000449,-5.4e-05,0.0,-3.9e-05,0.0,0.0,-0.000109,0.0,-8.7e-05,-0.000121,0.0,-2e-06,-9.6e-05,0.0,-0.000404,-3.9e-05,0.0,-0.0001,0.0,0.0,-7.7e-05,-8.1e-05,-0.000149,-6.4e-05,0.0,0.0,-0.00011,-0.000112,-0.000166,0.0,0.0,0.0,0.0,0.0,-2.2e-05,-0.000121,-0.000353,-0.000196,0.0,0.0,-0.000387,-1.2e-05,-0.000163,0.0,-7e-06,-4.4e-05,0.0,0.0,-0.000108,-0.000137,0.0,0.0,0.0,-6.6e-05,0.0,-0.000136,0.0,-9.2e-05,-0.000338,0.0,0.0,-0.000286,0.0,0.0,0.0,0.0,-0.000145,-0.000163,0.0,-7.6e-05,-8.9e-05,-0.000447,-0.000458,0.0,-0.000308,0.0,-0.000274,-6.6e-05,0.0,-4.2e-05,-0.000544,-0.000182,-0.000194,-0.000251,-0.000467,-4.1e-05,-3e-05,-2.2e-05,0.0,-1e-06,-0.000119,-0.000175,-0.000191
2017-05-31 07:32:00+02:00,0.0,0.0,0.0,-0.000305,0.0,0.0,-3.9e-05,-8.1e-05,-0.000227,0.0,0.0,0.0,-0.000234,-0.000202,-6e-05,-0.000469,0.0,0.0,0.0,-0.0005,0.0,-0.000485,-0.000149,0.0,-0.000434,-0.000587,-7.4e-05,0.0,-5.4e-05,0.0,0.0,-0.000158,0.0,-0.000129,-0.000172,0.0,-2e-06,-0.000131,0.0,-0.000544,-5.4e-05,0.0,-0.000142,0.0,0.0,-0.000106,-0.000112,-0.000206,-9.7e-05,0.0,0.0,-0.000156,-0.000157,-0.000226,0.0,0.0,0.0,0.0,0.0,-2.5e-05,-0.00017,-0.000483,-0.000275,0.0,0.0,-0.000513,-1.4e-05,-0.000222,0.0,-8e-06,-6.4e-05,0.0,0.0,-0.000152,-0.000192,0.0,0.0,0.0,-8.8e-05,0.0,-0.000187,0.0,-0.000127,-0.000465,0.0,0.0,-0.000372,0.0,0.0,0.0,0.0,-0.000197,-0.000223,0.0,-0.000111,-0.000135,-0.000583,-0.000596,0.0,-0.00043,0.0,-0.000379,-9.4e-05,0.0,-5.8e-05,-0.000707,-0.000246,-0.000286,-0.00035,-0.000608,-5.7e-05,-4.1e-05,-3.2e-05,0.0,-0.0,-0.000169,-0.000244,-0.000258
2017-05-31 07:33:00+02:00,0.0,0.0,0.0,-0.000417,0.0,0.0,-6.1e-05,-0.000116,-0.000314,0.0,0.0,0.0,-0.000294,-0.000253,-8.4e-05,-0.000622,0.0,0.0,0.0,-0.000669,0.0,-0.00065,-0.000211,0.0,-0.000593,-0.000762,-0.000108,0.0,-8e-05,0.0,0.0,-0.000211,0.0,-0.000168,-0.000218,0.0,-3e-05,-0.000187,0.0,-0.000744,-7.5e-05,0.0,-0.000212,0.0,0.0,-0.000157,-0.000161,-0.000287,-0.000148,0.0,0.0,-0.000202,-0.000196,-0.00028,0.0,0.0,0.0,0.0,0.0,-4.7e-05,-0.000225,-0.000668,-0.000379,0.0,-4e-06,-0.000675,-2.7e-05,-0.000307,0.0,-1.6e-05,-9.1e-05,0.0,0.0,-0.00019,-0.00024,0.0,0.0,0.0,-0.00013,0.0,-0.000241,0.0,-0.000184,-0.000639,0.0,0.0,-0.000509,0.0,0.0,0.0,0.0,-0.000247,-0.000281,0.0,-0.000141,-0.000218,-0.000752,-0.000771,0.0,-0.000602,0.0,-0.000514,-0.00014,0.0,-8.3e-05,-0.000942,-0.000315,-0.000419,-0.00048,-0.000787,-7.9e-05,-6.3e-05,-5.2e-05,0.0,-0.0,-0.00025,-0.00034,-0.000337
2017-05-31 07:34:00+02:00,0.0,0.0,-5.5e-05,-0.000564,-4.1e-05,0.0,-0.000113,-0.000176,-0.000397,-1.2e-05,0.0,0.0,-0.000365,-0.000317,-0.000122,-0.0008,-1.5e-05,0.0,0.0,-0.000849,0.0,-0.000827,-0.000322,0.0,-0.00075,-0.000956,-0.000169,0.0,-0.000131,-2e-06,0.0,-0.000273,0.0,-0.000222,-0.000278,0.0,-9.5e-05,-0.000295,0.0,-0.000921,-0.000119,0.0,-0.000322,0.0,-3.4e-05,-0.000261,-0.000232,-0.000374,-0.000206,0.0,0.0,-0.000267,-0.000258,-0.000348,0.0,0.0,-3.7e-05,0.0,0.0,-0.000129,-0.000295,-0.000837,-0.000521,0.0,-6.1e-05,-0.000859,-7.2e-05,-0.000396,0.0,-5.2e-05,-0.000139,-4e-06,0.0,-0.00025,-0.000303,0.0,-2.7e-05,0.0,-0.000227,0.0,-0.000314,0.0,-0.000291,-0.000802,-9e-06,-2.3e-05,-0.000615,0.0,0.0,0.0,-1.4e-05,-0.000318,-0.000351,0.0,-0.000194,-0.000321,-0.000942,-0.000965,0.0,-0.000765,0.0,-0.000678,-0.000203,0.0,-0.000131,-0.001137,-0.000389,-0.000555,-0.00064,-0.000984,-0.000124,-0.00011,-9.4e-05,0.0,-6.1e-05,-0.000368,-0.000477,-0.000416
2017-05-31 07:35:00+02:00,0.0,0.0,-4.4e-05,-0.00055,-3.2e-05,0.0,-9e-05,-0.000159,-0.000393,-1e-05,0.0,0.0,-0.000378,-0.000329,-0.000117,-0.000791,-1.2e-05,0.0,0.0,-0.000834,0.0,-0.000813,-0.000292,0.0,-0.000746,-0.000951,-0.000149,0.0,-0.000114,-2e-06,0.0,-0.000277,0.0,-0.000227,-0.000287,0.0,-7.6e-05,-0.000261,0.0,-0.000914,-0.000107,0.0,-0.000287,0.0,-2.7e-05,-0.000225,-0.000215,-0.000363,-0.000193,0.0,0.0,-0.000268,-0.000264,-0.000361,0.0,0.0,-3e-05,0.0,0.0,-0.000103,-0.000294,-0.000828,-0.000503,0.0,-4.9e-05,-0.000851,-5.8e-05,-0.000386,0.0,-4.1e-05,-0.000127,-3e-06,0.0,-0.000255,-0.000314,0.0,-2.2e-05,0.0,-0.000189,0.0,-0.000316,0.0,-0.000258,-0.000797,-8e-06,-1.9e-05,-0.000608,0.0,0.0,0.0,-1.1e-05,-0.000325,-0.000363,0.0,-0.000197,-0.000287,-0.000938,-0.00096,0.0,-0.000754,0.0,-0.000666,-0.000185,0.0,-0.000117,-0.001136,-0.0004,-0.000537,-0.000626,-0.000979,-0.000113,-9.2e-05,-7.6e-05,0.0,-4.9e-05,-0.000334,-0.000454,-0.000423
2017-05-31 07:36:00+02:00,0.0,0.0,-3.5e-05,-0.000506,-2.6e-05,0.0,-7.2e-05,-0.000131,-0.00038,-8e-06,0.0,0.0,-0.00038,-0.000331,-0.000106,-0.000746,-1e-05,0.0,0.0,-0.000787,0.0,-0.000767,-0.000241,0.0,-0.000721,-0.000906,-0.000119,0.0,-9.2e-05,-1e-06,0.0,-0.000271,0.0,-0.000223,-0.000286,0.0,-6.1e-05,-0.000209,0.0,-0.000886,-8.6e-05,0.0,-0.000233,0.0,-2.1e-05,-0.00018,-0.000185,-0.000337,-0.000174,0.0,0.0,-0.000255,-0.000255,-0.000365,0.0,0.0,-2.4e-05,0.0,0.0,-8.3e-05,-0.000278,-0.0008,-0.000455,0.0,-3.9e-05,-0.000806,-4.6e-05,-0.000361,0.0,-3.3e-05,-0.000105,-3e-06,0.0,-0.000246,-0.000315,0.0,-1.7e-05,0.0,-0.000151,0.0,-0.000302,0.0,-0.000207,-0.000772,-6e-06,-1.5e-05,-0.000591,0.0,0.0,0.0,-9e-06,-0.000315,-0.000365,0.0,-0.000186,-0.000242,-0.000897,-0.000917,0.0,-0.000723,0.0,-0.000621,-0.000156,0.0,-9.4e-05,-0.001112,-0.0004,-0.000502,-0.00058,-0.000935,-9.2e-05,-7.4e-05,-6.1e-05,0.0,-3.9e-05,-0.000279,-0.000403,-0.00042
2017-05-31 07:37:00+02:00,0.0,0.0,-2.8e-05,-0.000428,-2.1e-05,0.0,-5.8e-05,-0.000105,-0.000325,-6e-06,0.0,0.0,-0.000356,-0.000308,-8.5e-05,-0.000657,-8e-06,0.0,0.0,-0.00071,0.0,-0.000692,-0.000192,0.0,-0.000621,-0.000812,-9.5e-05,0.0,-7.3e-05,-1e-06,0.0,-0.000237,0.0,-0.000196,-0.000262,0.0,-4.8e-05,-0.000167,0.0,-0.00079,-6.9e-05,0.0,-0.000186,0.0,-1.7e-05,-0.000144,-0.000148,-0.000299,-0.000139,0.0,0.0,-0.000233,-0.00023,-0.000343,0.0,0.0,-1.9e-05,0.0,0.0,-6.6e-05,-0.000253,-0.000708,-0.000376,0.0,-3.1e-05,-0.000716,-3.7e-05,-0.000322,0.0,-2.6e-05,-8.4e-05,-2e-06,0.0,-0.000228,-0.000292,0.0,-1.4e-05,0.0,-0.000121,0.0,-0.00027,0.0,-0.000165,-0.000684,-5e-06,-1.2e-05,-0.000532,0.0,0.0,0.0,-7e-06,-0.000287,-0.000341,0.0,-0.000162,-0.000194,-0.000807,-0.000824,0.0,-0.000622,0.0,-0.000537,-0.000125,0.0,-7.5e-05,-0.001011,-0.000372,-0.000418,-0.000496,-0.000839,-7.3e-05,-5.9e-05,-4.9e-05,0.0,-3.1e-05,-0.000223,-0.000322,-0.000386
2017-05-31 07:38:00+02:00,0.0,0.0,-2.3e-05,-0.000342,-1.7e-05,0.0,-4.6e-05,-8.4e-05,-0.00026,-5e-06,0.0,0.0,-0.000297,-0.000252,-6.8e-05,-0.000526,-6e-06,0.0,0.0,-0.000568,0.0,-0.000553,-0.000154,0.0,-0.000497,-0.00065,-7.6e-05,0.0,-5.9e-05,-1e-06,0.0,-0.000189,0.0,-0.000156,-0.00021,0.0,-3.9e-05,-0.000134,0.0,-0.000632,-5.5e-05,0.0,-0.000149,0.0,-1.4e-05,-0.000115,-0.000118,-0.000239,-0.000112,0.0,0.0,-0.000187,-0.000184,-0.000286,0.0,0.0,-1.5e-05,0.0,0.0,-5.3e-05,-0.000202,-0.000566,-0.000301,0.0,-2.5e-05,-0.000573,-3e-05,-0.000257,0.0,-2.1e-05,-6.7e-05,-2e-06,0.0,-0.000182,-0.000236,0.0,-1.1e-05,0.0,-9.7e-05,0.0,-0.000216,0.0,-0.000132,-0.000547,-4e-06,-1e-05,-0.000435,0.0,0.0,0.0,-6e-06,-0.000229,-0.000281,0.0,-0.000129,-0.000155,-0.000646,-0.000659,0.0,-0.000498,0.0,-0.00043,-0.0001,0.0,-6e-05,-0.000835,-0.000308,-0.000334,-0.000397,-0.000671,-5.9e-05,-4.7e-05,-3.9e-05,0.0,-2.5e-05,-0.000178,-0.000258,-0.000317
2017-05-31 07:39:00+02:00,0.0,0.0,-1.8e-05,-0.000274,-1.3e-05,0.0,-3.7e-05,-6.7e-05,-0.000208,-4e-06,0.0,0.0,-0.000238,-0.000201,-5.4e-05,-0.000421,-5e-06,0.0,0.0,-0.000454,0.0,-0.000443,-0.000123,0.0,-0.000398,-0.00052,-6.1e-05,0.0,-4.7e-05,-1e-06,0.0,-0.000152,0.0,-0.000125,-0.000168,0.0,-3.1e-05,-0.000107,0.0,-0.000505,-4.4e-05,0.0,-0.000119,0.0,-1.1e-05,-9.2e-05,-9.5e-05,-0.000191,-8.9e-05,0.0,0.0,-0.000149,-0.000147,-0.000228,0.0,0.0,-1.2e-05,0.0,0.0,-4.2e-05,-0.000162,-0.000453,-0.00024,0.0,-2e-05,-0.000458,-2.4e-05,-0.000206,0.0,-1.7e-05,-5.4e-05,-1e-06,0.0,-0.000146,-0.000189,0.0,-9e-06,0.0,-7.7e-05,0.0,-0.000173,0.0,-0.000106,-0.000438,-3e-06,-8e-06,-0.000348,0.0,0.0,0.0,-4e-06,-0.000184,-0.000225,0.0,-0.000104,-0.000124,-0.000516,-0.000528,0.0,-0.000398,0.0,-0.000344,-8e-05,0.0,-4.8e-05,-0.000668,-0.000246,-0.000268,-0.000318,-0.000537,-4.7e-05,-3.8e-05,-3.1e-05,0.0,-2e-05,-0.000143,-0.000206,-0.000254
2017-05-31 07:40:00+02:00,0.0,0.0,-1.5e-05,-0.000219,-1.1e-05,0.0,-3e-05,-5.4e-05,-0.000166,-3e-06,0.0,0.0,-0.000194,-0.000161,-4.3e-05,-0.000337,-4e-06,0.0,0.0,-0.000363,0.0,-0.000354,-9.9e-05,0.0,-0.000318,-0.000416,-4.9e-05,0.0,-3.8e-05,-1e-06,0.0,-0.000121,0.0,-0.0001,-0.000134,0.0,-2.5e-05,-8.6e-05,0.0,-0.000404,-3.5e-05,0.0,-9.5e-05,0.0,-9e-06,-7.4e-05,-7.6e-05,-0.000153,-7.1e-05,0.0,0.0,-0.00012,-0.000118,-0.000186,0.0,0.0,-1e-05,0.0,0.0,-3.4e-05,-0.000129,-0.000362,-0.000192,0.0,-1.6e-05,-0.000366,-1.9e-05,-0.000165,0.0,-1.4e-05,-4.3e-05,-1e-06,0.0,-0.000117,-0.000151,0.0,-7e-06,0.0,-6.2e-05,0.0,-0.000138,0.0,-8.5e-05,-0.00035,-2e-06,-6e-06,-0.000279,0.0,0.0,0.0,-4e-06,-0.000147,-0.000181,0.0,-8.3e-05,-9.9e-05,-0.000413,-0.000422,0.0,-0.000319,0.0,-0.000275,-6.4e-05,0.0,-3.8e-05,-0.000543,-0.0002,-0.000214,-0.000254,-0.00043,-3.8e-05,-3e-05,-2.5e-05,0.0,-1.6e-05,-0.000114,-0.000165,-0.000203
2017-05-31 07:41:00+02:00,0.0,0.0,-1.2e-05,-0.000175,-9e-06,0.0,-2.4e-05,-4.3e-05,-0.000133,-3e-06,0.0,0.0,-0.000158,-0.000129,-3.5e-05,-0.000269,-3e-06,0.0,0.0,-0.000291,0.0,-0.000283,-7.9e-05,0.0,-0.000254,-0.000333,-3.9e-05,0.0,-3e-05,-0.0,0.0,-9.7e-05,0.0,-8e-05,-0.000108,0.0,-2e-05,-6.8e-05,0.0,-0.000323,-2.8e-05,0.0,-7.6e-05,0.0,-7e-06,-5.9e-05,-6.1e-05,-0.000123,-5.7e-05,0.0,0.0,-9.6e-05,-9.4e-05,-0.000152,0.0,0.0,-8e-06,0.0,0.0,-2.7e-05,-0.000103,-0.00029,-0.000154,0.0,-1.3e-05,-0.000293,-1.5e-05,-0.000132,0.0,-1.1e-05,-3.4e-05,-1e-06,0.0,-9.3e-05,-0.000121,0.0,-6e-06,0.0,-4.9e-05,0.0,-0.000111,0.0,-6.8e-05,-0.00028,-2e-06,-5e-06,-0.000224,0.0,0.0,0.0,-3e-06,-0.000117,-0.000146,0.0,-6.6e-05,-7.9e-05,-0.000331,-0.000338,0.0,-0.000255,0.0,-0.00022,-5.1e-05,0.0,-3.1e-05,-0.000441,-0.000162,-0.000171,-0.000203,-0.000344,-3e-05,-2.4e-05,-2e-05,0.0,-1.3e-05,-9.1e-05,-0.000132,-0.000163
2017-05-31 07:42:00+02:00,0.0,0.0,-9e-06,-0.00014,-7e-06,0.0,-1.9e-05,-3.4e-05,-0.000107,-2e-06,0.0,0.0,-0.000127,-0.000103,-2.8e-05,-0.000215,-3e-06,0.0,0.0,-0.000233,0.0,-0.000227,-6.3e-05,0.0,-0.000204,-0.000266,-3.1e-05,0.0,-2.4e-05,-0.0,0.0,-7.8e-05,0.0,-6.4e-05,-8.6e-05,0.0,-1.6e-05,-5.5e-05,0.0,-0.000259,-2.3e-05,0.0,-6.1e-05,0.0,-6e-06,-4.7e-05,-4.8e-05,-9.8e-05,-4.6e-05,0.0,0.0,-7.7e-05,-7.5e-05,-0.000122,0.0,0.0,-6e-06,0.0,0.0,-2.2e-05,-8.3e-05,-0.000232,-0.000123,0.0,-1e-05,-0.000235,-1.2e-05,-0.000105,0.0,-9e-06,-2.8e-05,-1e-06,0.0,-7.5e-05,-9.7e-05,0.0,-5e-06,0.0,-4e-05,0.0,-8.8e-05,0.0,-5.4e-05,-0.000224,-2e-06,-4e-06,-0.000179,0.0,0.0,0.0,-2e-06,-9.4e-05,-0.000117,0.0,-5.3e-05,-6.4e-05,-0.000264,-0.00027,0.0,-0.000204,0.0,-0.000176,-4.1e-05,0.0,-2.5e-05,-0.000353,-0.00013,-0.000137,-0.000163,-0.000275,-2.4e-05,-1.9e-05,-1.6e-05,0.0,-1e-05,-7.3e-05,-0.000106,-0.00013
2017-05-31 07:43:00+02:00,0.0,0.0,-7e-06,-0.000112,-5e-06,0.0,-1.5e-05,-2.8e-05,-8.5e-05,-2e-06,0.0,0.0,-0.000101,-8.2e-05,-2.2e-05,-0.000172,-2e-06,0.0,0.0,-0.000186,0.0,-0.000181,-5e-05,0.0,-0.000163,-0.000213,-2.5e-05,0.0,-1.9e-05,-0.0,0.0,-6.2e-05,0.0,-5.1e-05,-6.9e-05,0.0,-1.3e-05,-4.4e-05,0.0,-0.000207,-1.8e-05,0.0,-4.9e-05,0.0,-5e-06,-3.8e-05,-3.9e-05,-7.8e-05,-3.7e-05,0.0,0.0,-6.1e-05,-6e-05,-9.7e-05,0.0,0.0,-5e-06,0.0,0.0,-1.7e-05,-6.6e-05,-0.000185,-9.8e-05,0.0,-8e-06,-0.000188,-1e-05,-8.4e-05,0.0,-7e-06,-2.2e-05,-1e-06,0.0,-6e-05,-7.7e-05,0.0,-4e-06,0.0,-3.2e-05,0.0,-7.1e-05,0.0,-4.3e-05,-0.000179,-1e-06,-3e-06,-0.000143,0.0,0.0,0.0,-2e-06,-7.5e-05,-9.4e-05,0.0,-4.2e-05,-5.1e-05,-0.000212,-0.000216,0.0,-0.000163,0.0,-0.000141,-3.3e-05,0.0,-2e-05,-0.000282,-0.000104,-0.00011,-0.00013,-0.00022,-1.9e-05,-1.5e-05,-1.3e-05,0.0,-8e-06,-5.8e-05,-8.4e-05,-0.000104
2017-05-31 07:44:00+02:00,0.0,0.0,-6e-06,-9e-05,-4e-06,0.0,-1.2e-05,-2.2e-05,-6.8e-05,-1e-06,0.0,0.0,-8.1e-05,-6.6e-05,-1.8e-05,-0.000138,-2e-06,0.0,0.0,-0.000149,0.0,-0.000145,-4e-05,0.0,-0.00013,-0.00017,-2e-05,0.0,-1.5e-05,-0.0,0.0,-5e-05,0.0,-4.1e-05,-5.5e-05,0.0,-1e-05,-3.5e-05,0.0,-0.000166,-1.5e-05,0.0,-3.9e-05,0.0,-4e-06,-3e-05,-3.1e-05,-6.3e-05,-2.9e-05,0.0,0.0,-4.9e-05,-4.8e-05,-7.8e-05,0.0,0.0,-4e-06,0.0,0.0,-1.4e-05,-5.3e-05,-0.000148,-7.9e-05,0.0,-7e-06,-0.00015,-8e-06,-6.7e-05,0.0,-6e-06,-1.8e-05,-0.0,0.0,-4.8e-05,-6.2e-05,0.0,-3e-06,0.0,-2.5e-05,0.0,-5.7e-05,0.0,-3.5e-05,-0.000143,-1e-06,-3e-06,-0.000115,0.0,0.0,0.0,-1e-06,-6e-05,-7.5e-05,0.0,-3.4e-05,-4.1e-05,-0.000169,-0.000173,0.0,-0.000131,0.0,-0.000113,-2.6e-05,0.0,-1.6e-05,-0.000226,-8.3e-05,-8.8e-05,-0.000104,-0.000176,-1.5e-05,-1.2e-05,-1e-05,0.0,-7e-06,-4.7e-05,-6.8e-05,-8.3e-05
2017-05-31 07:45:00+02:00,0.0,0.0,-5e-06,-7.2e-05,-3e-06,0.0,-1e-05,-1.8e-05,-5.5e-05,-1e-06,0.0,0.0,-6.6e-05,-5.3e-05,-1.4e-05,-0.00011,-1e-06,0.0,0.0,-0.000119,0.0,-0.000116,-3.2e-05,0.0,-0.000104,-0.000136,-1.6e-05,0.0,-1.2e-05,-0.0,0.0,-4e-05,0.0,-3.3e-05,-4.4e-05,0.0,-8e-06,-2.8e-05,0.0,-0.000132,-1.2e-05,0.0,-3.1e-05,0.0,-3e-06,-2.4e-05,-2.5e-05,-5e-05,-2.3e-05,0.0,0.0,-3.9e-05,-3.9e-05,-6.3e-05,0.0,0.0,-3e-06,0.0,0.0,-1.1e-05,-4.2e-05,-0.000119,-6.3e-05,0.0,-5e-06,-0.00012,-6e-06,-5.4e-05,0.0,-4e-06,-1.4e-05,-0.0,0.0,-3.8e-05,-5e-05,0.0,-2e-06,0.0,-2e-05,0.0,-4.5e-05,0.0,-2.8e-05,-0.000115,-1e-06,-2e-06,-9.2e-05,0.0,0.0,0.0,-1e-06,-4.8e-05,-6e-05,0.0,-2.7e-05,-3.3e-05,-0.000135,-0.000138,0.0,-0.000104,0.0,-9e-05,-2.1e-05,0.0,-1.3e-05,-0.000183,-6.6e-05,-7e-05,-8.3e-05,-0.000141,-1.2e-05,-1e-05,-8e-06,0.0,-5e-06,-3.7e-05,-5.4e-05,-6.7e-05
2017-05-31 07:46:00+02:00,0.0,0.0,-5e-06,-0.000253,-3e-06,0.0,-5.4e-05,-8.7e-05,-0.000174,-1e-06,0.0,0.0,-0.000165,-0.000131,-4.2e-05,-0.000371,-1e-06,0.0,0.0,-0.000412,0.0,-0.000402,-0.000149,0.0,-0.000315,-0.000447,-8.4e-05,0.0,-5e-05,-0.0,0.0,-0.000114,0.0,-8.5e-05,-0.000108,0.0,-2.3e-05,-0.000134,0.0,-0.000434,-5.4e-05,0.0,-0.000143,0.0,-2e-06,-9.4e-05,-0.000103,-0.000194,-9.3e-05,0.0,0.0,-0.000125,-0.000109,-0.000149,0.0,0.0,-3e-06,0.0,0.0,-5.5e-05,-0.000144,-0.000393,-0.000229,0.0,-1.2e-05,-0.0004,-3.3e-05,-0.000206,0.0,-2.2e-05,-6.2e-05,-0.0,0.0,-0.000104,-0.00012,0.0,-2e-06,0.0,-0.000101,0.0,-0.000146,0.0,-0.000108,-0.000375,-1e-06,-2e-06,-0.000318,0.0,0.0,0.0,-1e-06,-0.000143,-0.000156,0.0,-7.2e-05,-0.00013,-0.000434,-0.000447,0.0,-0.000337,0.0,-0.000312,-9.9e-05,0.0,-6.2e-05,-0.000557,-0.000184,-0.000247,-0.000291,-0.000459,-5.7e-05,-4e-05,-4.1e-05,0.0,-1.4e-05,-0.000166,-0.000203,-0.000202
2017-05-31 07:47:00+02:00,0.0,0.0,-0.000274,-0.000779,-0.000255,-0.000133,-0.000294,-0.000348,-0.000466,-0.000102,-3.5e-05,0.0,-0.000387,-0.000321,-0.000152,-0.001018,-0.000192,0.0,-0.000153,-0.001073,0.0,-0.001053,-0.000598,0.0,-0.00084,-0.001159,-0.000355,0.0,-0.000253,-8.3e-05,-1.9e-05,-0.000312,0.0,-0.000237,-0.000276,0.0,-0.000286,-0.000569,0.0,-0.00107,-0.000235,0.0,-0.00056,0.0,-0.000241,-0.000485,-0.000385,-0.000536,-0.000313,0.0,-4.6e-05,-0.000344,-0.000308,-0.000348,-1.2e-05,0.0,-0.000234,-1.4e-05,0.0,-0.00041,-0.000395,-0.000993,-0.000742,0.0,-0.000273,-0.001071,-0.000249,-0.000557,0.0,-0.000182,-0.000239,-6.7e-05,-1.7e-05,-0.000283,-0.000296,0.0,-0.000212,0.0,-0.000507,0.0,-0.000407,0.0,-0.000506,-0.00095,-0.000194,-0.000217,-0.000745,-2.7e-05,-5.4e-05,0.0,-0.000104,-0.000385,-0.000373,0.0,-0.000224,-0.000511,-0.001119,-0.001151,0.0,-0.000898,-5.2e-05,-0.000904,-0.000355,0.0,-0.000266,-0.001278,-0.000434,-0.000723,-0.000865,-0.001182,-0.000239,-0.000232,-0.00021,-2.6e-05,-0.00032,-0.000613,-0.000702,-0.000483
2017-05-31 07:48:00+02:00,0.0,0.0,-0.000374,-0.000985,-0.000354,-0.000171,-0.00037,-0.000435,-0.000577,-0.000138,-4.2e-05,0.0,-0.000528,-0.000453,-0.000228,-0.00126,-0.000259,0.0,-0.000199,-0.001317,0.0,-0.001295,-0.000772,0.0,-0.001064,-0.001424,-0.000441,0.0,-0.000325,-0.000111,-1.8e-05,-0.00042,0.0,-0.000341,-0.000396,0.0,-0.000392,-0.000737,0.0,-0.001323,-0.000316,0.0,-0.000718,0.0,-0.000334,-0.00063,-0.000473,-0.000646,-0.000396,0.0,-6e-05,-0.000456,-0.000424,-0.000489,-1.2e-05,0.0,-0.000319,-1.1e-05,0.0,-0.000544,-0.000508,-0.001233,-0.000937,0.0,-0.000375,-0.001322,-0.000318,-0.000671,0.0,-0.000245,-0.000317,-9.5e-05,-2.1e-05,-0.000399,-0.000424,0.0,-0.000286,0.0,-0.000661,0.0,-0.000525,0.0,-0.000657,-0.001189,-0.000265,-0.000291,-0.000886,-2.5e-05,-6.4e-05,0.0,-0.000147,-0.00051,-0.000511,0.0,-0.000325,-0.000662,-0.001384,-0.001418,0.0,-0.001121,-6.9e-05,-0.001126,-0.000438,0.0,-0.000348,-0.001568,-0.000573,-0.000915,-0.00108,-0.001451,-0.000321,-0.000301,-0.000276,-2.1e-05,-0.000434,-0.000778,-0.000887,-0.000619
2017-05-31 07:49:00+02:00,0.0,0.0,-0.000299,-0.000788,-0.000283,-0.000136,-0.000296,-0.000348,-0.000462,-0.00011,-3.4e-05,0.0,-0.000453,-0.000384,-0.000183,-0.001011,-0.000208,0.0,-0.000159,-0.001066,0.0,-0.001047,-0.000618,0.0,-0.000851,-0.001169,-0.000352,0.0,-0.00026,-8.9e-05,-1.5e-05,-0.000336,0.0,-0.000273,-0.000329,0.0,-0.000313,-0.000589,0.0,-0.001089,-0.000253,0.0,-0.000574,0.0,-0.000267,-0.000504,-0.000378,-0.000517,-0.000317,0.0,-4.8e-05,-0.000365,-0.000341,-0.00042,-1e-05,0.0,-0.000255,-9e-06,0.0,-0.000435,-0.000406,-0.001003,-0.00075,0.0,-0.0003,-0.001071,-0.000254,-0.000536,0.0,-0.000196,-0.000253,-7.6e-05,-1.7e-05,-0.000322,-0.000357,0.0,-0.000229,0.0,-0.000529,0.0,-0.000422,0.0,-0.000526,-0.000968,-0.000212,-0.000233,-0.000745,-2e-05,-5.2e-05,0.0,-0.000118,-0.000418,-0.000436,0.0,-0.00026,-0.000529,-0.001139,-0.001167,0.0,-0.000896,-5.5e-05,-0.000901,-0.000351,0.0,-0.000278,-0.001332,-0.000489,-0.000732,-0.000864,-0.001195,-0.000257,-0.00024,-0.000221,-1.7e-05,-0.000347,-0.000623,-0.00071,-0.000524
2017-05-31 07:50:00+02:00,0.0,0.0,-0.000239,-0.00063,-0.000226,-0.000109,-0.000237,-0.000278,-0.000369,-8.8e-05,-2.7e-05,0.0,-0.00038,-0.000319,-0.000146,-0.000809,-0.000166,0.0,-0.000127,-0.000853,0.0,-0.000837,-0.000494,0.0,-0.000681,-0.000936,-0.000282,0.0,-0.000208,-7.1e-05,-1.2e-05,-0.000269,0.0,-0.000218,-0.000266,0.0,-0.000251,-0.000472,0.0,-0.00088,-0.000202,0.0,-0.000459,0.0,-0.000214,-0.000403,-0.000302,-0.000414,-0.000253,0.0,-3.8e-05,-0.000292,-0.000273,-0.000354,-8e-06,0.0,-0.000204,-7e-06,0.0,-0.000348,-0.000325,-0.000802,-0.0006,0.0,-0.00024,-0.000856,-0.000203,-0.000429,0.0,-0.000157,-0.000203,-6.1e-05,-1.3e-05,-0.000258,-0.000294,0.0,-0.000183,0.0,-0.000423,0.0,-0.000337,0.0,-0.000421,-0.000775,-0.00017,-0.000186,-0.000614,-1.6e-05,-4.1e-05,0.0,-9.4e-05,-0.000334,-0.000365,0.0,-0.000208,-0.000423,-0.000915,-0.000938,0.0,-0.000717,-4.4e-05,-0.000721,-0.000281,0.0,-0.000223,-0.001106,-0.000409,-0.000586,-0.000691,-0.00096,-0.000206,-0.000192,-0.000177,-1.3e-05,-0.000278,-0.000498,-0.000568,-0.000434
2017-05-31 07:51:00+02:00,0.0,0.0,-0.000191,-0.000504,-0.000181,-8.7e-05,-0.00019,-0.000223,-0.000296,-7.1e-05,-2.1e-05,0.0,-0.000304,-0.000255,-0.000117,-0.000647,-0.000133,0.0,-0.000102,-0.000682,0.0,-0.00067,-0.000395,0.0,-0.000545,-0.000749,-0.000226,0.0,-0.000167,-5.7e-05,-9e-06,-0.000215,0.0,-0.000175,-0.000213,0.0,-0.000201,-0.000377,0.0,-0.000704,-0.000162,0.0,-0.000368,0.0,-0.000171,-0.000322,-0.000242,-0.000331,-0.000203,0.0,-3.1e-05,-0.000234,-0.000218,-0.000283,-6e-06,0.0,-0.000163,-6e-06,0.0,-0.000278,-0.00026,-0.000642,-0.00048,0.0,-0.000192,-0.000685,-0.000163,-0.000343,0.0,-0.000125,-0.000162,-4.9e-05,-1.1e-05,-0.000206,-0.000236,0.0,-0.000146,0.0,-0.000339,0.0,-0.00027,0.0,-0.000337,-0.00062,-0.000136,-0.000149,-0.000491,-1.3e-05,-3.3e-05,0.0,-7.5e-05,-0.000267,-0.000292,0.0,-0.000167,-0.000339,-0.000732,-0.00075,0.0,-0.000574,-3.5e-05,-0.000577,-0.000224,0.0,-0.000178,-0.000885,-0.000327,-0.000469,-0.000553,-0.000768,-0.000164,-0.000154,-0.000142,-1.1e-05,-0.000222,-0.000399,-0.000454,-0.000347
2017-05-31 07:52:00+02:00,0.0,0.0,-0.000153,-0.000403,-0.000145,-7e-05,-0.000152,-0.000178,-0.000266,-5.6e-05,-1.7e-05,0.0,-0.000285,-0.000235,-9.4e-05,-0.000551,-0.000106,0.0,-8.2e-05,-0.000573,0.0,-0.000561,-0.000316,0.0,-0.000489,-0.000664,-0.00018,0.0,-0.000133,-4.6e-05,-7e-06,-0.00019,0.0,-0.00015,-0.000192,0.0,-0.00016,-0.000302,0.0,-0.000641,-0.000129,0.0,-0.000294,0.0,-0.000137,-0.000258,-0.000194,-0.000265,-0.000162,0.0,-2.4e-05,-0.000191,-0.000186,-0.000264,-5e-06,0.0,-0.000131,-5e-06,0.0,-0.000223,-0.000212,-0.000575,-0.000384,0.0,-0.000153,-0.000593,-0.00013,-0.00028,0.0,-0.0001,-0.00013,-3.9e-05,-9e-06,-0.000171,-0.000216,0.0,-0.000117,0.0,-0.000271,0.0,-0.000231,0.0,-0.000269,-0.000556,-0.000109,-0.000119,-0.000462,-1e-05,-2.6e-05,0.0,-6e-05,-0.000234,-0.000272,0.0,-0.000133,-0.000271,-0.000651,-0.000668,0.0,-0.000503,-2.8e-05,-0.000472,-0.00018,0.0,-0.000142,-0.000834,-0.000307,-0.000375,-0.000444,-0.000684,-0.000132,-0.000123,-0.000113,-8e-06,-0.000178,-0.000319,-0.000363,-0.000325
2017-05-31 07:53:00+02:00,0.0,0.0,-0.000122,-0.000538,-0.000116,-5.6e-05,-0.00016,-0.000216,-0.000401,-4.5e-05,-1.4e-05,0.0,-0.000349,-0.000277,-0.000103,-0.00075,-8.5e-05,0.0,-6.5e-05,-0.000764,0.0,-0.000748,-0.000367,0.0,-0.000699,-0.0009,-0.000214,0.0,-0.000154,-3.6e-05,-6e-06,-0.000256,0.0,-0.000183,-0.000222,0.0,-0.000142,-0.000342,0.0,-0.000893,-0.000146,0.0,-0.000323,0.0,-0.000109,-0.000288,-0.000253,-0.000367,-0.000222,0.0,-2e-05,-0.000241,-0.000228,-0.000309,-4e-06,0.0,-0.000104,-4e-06,0.0,-0.000203,-0.000278,-0.000807,-0.000504,0.0,-0.000123,-0.000807,-0.00012,-0.00039,0.0,-9e-05,-0.000144,-3.1e-05,-7e-06,-0.000198,-0.000247,0.0,-9.4e-05,0.0,-0.000286,0.0,-0.000308,0.0,-0.000311,-0.000775,-8.7e-05,-9.5e-05,-0.000671,-8e-06,-2.1e-05,0.0,-4.8e-05,-0.0003,-0.000334,0.0,-0.000151,-0.000337,-0.000873,-0.000899,0.0,-0.000718,-2.2e-05,-0.00064,-0.000214,0.0,-0.000164,-0.001138,-0.000394,-0.000524,-0.000601,-0.000925,-0.00015,-0.000135,-0.000108,-7e-06,-0.000142,-0.000362,-0.000468,-0.000436
2017-05-31 07:54:00+02:00,-4e-06,0.0,-0.000428,-0.001077,-0.000403,-0.000241,-0.000457,-0.000524,-0.000753,-0.000175,-7.2e-05,-1.1e-05,-0.000514,-0.0004,-0.000177,-0.001401,-0.000315,-1e-06,-0.000266,-0.001421,0.0,-0.001395,-0.000847,-4.2e-05,-0.001269,-0.001599,-0.000543,0.0,-0.000397,-0.000144,-4.7e-05,-0.000446,0.0,-0.000292,-0.000319,-8e-06,-0.000457,-0.000806,0.0,-0.001547,-0.000334,-4.4e-05,-0.000765,0.0,-0.000384,-0.000726,-0.000596,-0.000751,-0.000487,0.0,-8.5e-05,-0.000435,-0.000381,-0.000435,-2.2e-05,0.0,-0.000369,-7.9e-05,0.0,-0.000601,-0.000522,-0.001434,-0.00104,0.0,-0.000413,-0.001476,-0.000392,-0.000781,0.0,-0.000274,-0.000325,-0.000108,-3.7e-05,-0.000316,-0.000346,0.0,-0.000351,-2.1e-05,-0.000728,-4.2e-05,-0.000561,-5.5e-05,-0.00075,-0.001367,-0.00032,-0.000356,-0.001158,-7.3e-05,-0.000112,-8e-06,-0.000166,-0.00051,-0.000498,0.0,-0.000242,-0.000773,-0.001526,-0.001578,-4.9e-05,-0.001331,-9.7e-05,-0.001246,-0.000512,0.0,-0.00039,-0.001858,-0.00061,-0.001042,-0.001189,-0.001632,-0.00034,-0.000368,-0.000297,-9.6e-05,-0.000493,-0.000835,-0.000997,-0.000707
2017-05-31 07:55:00+02:00,-3e-06,0.0,-0.000395,-0.001193,-0.000385,-0.000193,-0.000496,-0.000583,-0.000841,-0.000152,-5.7e-05,-9e-06,-0.000545,-0.000416,-0.000177,-0.001564,-0.000252,-1e-06,-0.000213,-0.001578,0.0,-0.001549,-0.00093,-3.4e-05,-0.0014,-0.001788,-0.000602,0.0,-0.000426,-0.000115,-3.8e-05,-0.000485,0.0,-0.000305,-0.000327,-7e-06,-0.000439,-0.00088,0.0,-0.001702,-0.000364,-3.5e-05,-0.000811,0.0,-0.000358,-0.00077,-0.000658,-0.000843,-0.000525,0.0,-6.8e-05,-0.000475,-0.000412,-0.000452,-1.7e-05,0.0,-0.000321,-6.4e-05,0.0,-0.00063,-0.000577,-0.001577,-0.001147,0.0,-0.000388,-0.001649,-0.000416,-0.000877,0.0,-0.000287,-0.000346,-8.7e-05,-3e-05,-0.000333,-0.000354,0.0,-0.000303,-1.7e-05,-0.000784,-3.4e-05,-0.000623,-4.4e-05,-0.000803,-0.0015,-0.000268,-0.000288,-0.001295,-5.8e-05,-9e-05,-6e-06,-0.000154,-0.00056,-0.000528,0.0,-0.000252,-0.00081,-0.0017,-0.001762,-3.9e-05,-0.001465,-7.7e-05,-0.001387,-0.000556,0.0,-0.000428,-0.002043,-0.000659,-0.001132,-0.001322,-0.001824,-0.000371,-0.00039,-0.000307,-7.7e-05,-0.000492,-0.000893,-0.001094,-0.000774
2017-05-31 07:56:00+02:00,-2e-06,0.0,-0.00038,-0.001295,-0.000381,-0.000154,-0.000541,-0.000646,-0.000921,-0.000132,-4.6e-05,-7e-06,-0.000572,-0.000429,-0.000177,-0.001707,-0.000203,-1e-06,-0.00017,-0.001732,0.0,-0.0017,-0.001017,-2.7e-05,-0.001515,-0.001954,-0.000665,0.0,-0.000454,-9.2e-05,-3e-05,-0.000519,0.0,-0.000316,-0.000332,-5e-06,-0.000426,-0.000958,0.0,-0.001837,-0.000397,-2.8e-05,-0.000867,0.0,-0.000348,-0.000812,-0.000715,-0.000936,-0.00056,0.0,-5.4e-05,-0.000515,-0.000439,-0.000465,-1.4e-05,0.0,-0.000292,-5.1e-05,0.0,-0.000668,-0.000632,-0.001703,-0.001242,0.0,-0.000378,-0.001801,-0.000447,-0.000974,0.0,-0.000305,-0.00037,-6.9e-05,-2.4e-05,-0.000349,-0.000359,0.0,-0.000263,-1.4e-05,-0.000847,-2.7e-05,-0.00068,-3.5e-05,-0.000851,-0.001618,-0.000234,-0.000245,-0.001418,-4.7e-05,-7.2e-05,-5e-06,-0.000148,-0.000605,-0.000555,0.0,-0.000258,-0.000844,-0.001854,-0.001923,-3.1e-05,-0.001582,-6.2e-05,-0.001512,-0.000604,0.0,-0.00047,-0.002205,-0.000703,-0.001211,-0.001439,-0.001993,-0.000405,-0.000413,-0.000323,-6.1e-05,-0.000504,-0.000958,-0.001181,-0.000834
2017-05-31 07:57:00+02:00,-2e-06,0.0,-0.000412,-0.001462,-0.000417,-0.000123,-0.000631,-0.000757,-0.001054,-0.00013,-3.7e-05,-6e-06,-0.000623,-0.000456,-0.000183,-0.001929,-0.000193,-0.0,-0.000136,-0.001992,0.0,-0.001957,-0.001171,-2.2e-05,-0.001705,-0.002206,-0.000779,0.0,-0.000513,-7.9e-05,-2.4e-05,-0.000579,0.0,-0.000338,-0.000345,-4e-06,-0.000449,-0.001101,0.0,-0.002058,-0.00046,-2.2e-05,-0.000989,0.0,-0.000376,-0.000904,-0.000818,-0.0011,-0.000632,0.0,-4.3e-05,-0.00059,-0.000484,-0.000494,-1.1e-05,0.0,-0.000305,-4.1e-05,0.0,-0.000759,-0.000733,-0.001909,-0.001401,0.0,-0.000413,-0.002034,-0.000518,-0.001143,0.0,-0.000352,-0.000426,-6.1e-05,-1.9e-05,-0.000382,-0.000373,0.0,-0.000256,-1.1e-05,-0.000971,-2.2e-05,-0.000773,-2.8e-05,-0.00095,-0.001814,-0.000235,-0.000243,-0.001618,-3.7e-05,-5.7e-05,-4e-06,-0.00016,-0.000679,-0.000605,0.0,-0.000271,-0.00093,-0.002089,-0.002168,-2.5e-05,-0.001775,-5e-05,-0.001709,-0.000705,0.0,-0.000548,-0.002467,-0.000781,-0.001353,-0.001625,-0.00225,-0.000469,-0.000465,-0.000369,-4.9e-05,-0.000564,-0.001095,-0.00133,-0.000939
2017-05-31 07:58:00+02:00,-1e-06,0.0,-0.000586,-0.001796,-0.000584,-0.000181,-0.000834,-0.000978,-0.00128,-0.000199,-3.7e-05,-5e-06,-0.000721,-0.000518,-0.000209,-0.002339,-0.000312,-0.0,-0.000216,-0.002434,0.0,-0.002392,-0.001487,-1.7e-05,-0.002039,-0.002655,-0.001012,0.0,-0.000666,-0.000135,-1.9e-05,-0.000693,0.0,-0.000389,-0.000384,-3e-06,-0.000592,-0.001402,0.0,-0.002443,-0.000591,-1.8e-05,-0.001268,0.0,-0.000534,-0.001155,-0.00104,-0.001379,-0.000786,0.0,-5.8e-05,-0.000724,-0.000577,-0.000558,-9e-06,0.0,-0.00045,-3.3e-05,0.0,-0.001004,-0.000908,-0.002275,-0.001729,0.0,-0.000581,-0.002459,-0.000699,-0.001429,0.0,-0.000474,-0.000548,-9.7e-05,-1.5e-05,-0.000449,-0.000413,0.0,-0.000382,-9e-06,-0.001252,-1.7e-05,-0.000944,-2.2e-05,-0.001206,-0.002161,-0.000362,-0.000382,-0.001942,-3e-05,-7e-05,-3e-06,-0.000231,-0.000818,-0.000701,0.0,-0.000311,-0.001153,-0.002507,-0.002604,-2e-05,-0.002123,-7e-05,-0.002087,-0.000912,0.0,-0.000708,-0.002907,-0.000918,-0.001636,-0.001989,-0.002704,-0.000602,-0.000609,-0.000495,-3.9e-05,-0.00077,-0.001396,-0.00165,-0.001117
2017-05-31 07:59:00+02:00,-1e-06,0.0,-0.000648,-0.001973,-0.000643,-0.000158,-0.000926,-0.001085,-0.001389,-0.000218,-3e-05,-4e-06,-0.000775,-0.000553,-0.000222,-0.002564,-0.000339,-0.0,-0.000211,-0.002671,0.0,-0.002627,-0.001643,-1.4e-05,-0.002202,-0.002904,-0.001122,0.0,-0.000737,-0.000144,-1.5e-05,-0.00075,0.0,-0.000417,-0.000408,-3e-06,-0.000629,-0.001548,0.0,-0.002631,-0.000656,-1.4e-05,-0.001401,0.0,-0.000587,-0.001271,-0.001149,-0.001524,-0.00085,0.0,-4.7e-05,-0.000799,-0.000633,-0.000596,-7e-06,0.0,-0.000495,-2.6e-05,0.0,-0.00111,-0.001003,-0.002452,-0.001899,0.0,-0.000643,-0.002693,-0.000776,-0.001578,0.0,-0.000526,-0.000608,-0.000104,-1.2e-05,-0.000491,-0.000438,0.0,-0.000416,-7e-06,-0.001382,-1.4e-05,-0.00104,-1.8e-05,-0.001327,-0.002329,-0.000393,-0.000419,-0.002101,-2.4e-05,-5.6e-05,-3e-06,-0.000255,-0.000899,-0.000754,0.0,-0.000338,-0.001239,-0.002739,-0.002845,-1.6e-05,-0.002289,-6e-05,-0.00229,-0.001011,0.0,-0.000786,-0.003129,-0.000991,-0.001762,-0.002183,-0.002956,-0.000668,-0.000674,-0.000551,-3.1e-05,-0.000851,-0.001541,-0.001813,-0.001207
2017-05-31 08:00:00+02:00,-1e-06,0.0,-0.000584,-0.001998,-0.00058,-0.000127,-0.00091,-0.001089,-0.001402,-0.000175,-2.4e-05,-3e-06,-0.000792,-0.000563,-0.000216,-0.002618,-0.000271,-0.0,-0.000169,-0.002744,0.0,-0.002699,-0.001645,-1.1e-05,-0.002217,-0.002976,-0.001121,0.0,-0.000723,-0.000115,-1.2e-05,-0.000758,0.0,-0.00042,-0.000412,-2e-06,-0.000543,-0.001543,0.0,-0.002649,-0.000659,-1.2e-05,-0.001394,0.0,-0.000519,-0.00124,-0.001147,-0.001565,-0.000828,0.0,-3.7e-05,-0.000826,-0.000653,-0.000609,-6e-06,0.0,-0.000422,-2.1e-05,0.0,-0.00107,-0.001035,-0.002463,-0.001915,0.0,-0.000588,-0.002753,-0.00075,-0.001623,0.0,-0.000508,-0.000611,-8.4e-05,-1e-05,-0.000509,-0.000444,0.0,-0.000333,-6e-06,-0.001363,-1.1e-05,-0.001069,-1.4e-05,-0.001304,-0.002342,-0.000315,-0.000335,-0.002133,-1.9e-05,-4.5e-05,-2e-06,-0.000224,-0.000928,-0.00077,0.0,-0.000344,-0.001179,-0.002808,-0.002917,-1.3e-05,-0.00229,-4.8e-05,-0.002328,-0.001015,0.0,-0.000788,-0.003172,-0.001012,-0.001738,-0.002213,-0.00303,-0.000672,-0.000655,-0.000539,-2.5e-05,-0.000791,-0.001539,-0.001818,-0.00123
2017-05-31 08:01:00+02:00,-1e-06,0.0,-0.000626,-0.002102,-0.000614,-0.000101,-0.000945,-0.001133,-0.001454,-0.000184,-1.9e-05,-2e-06,-0.000861,-0.000627,-0.000247,-0.002746,-0.000287,-0.0,-0.000153,-0.002897,0.0,-0.002851,-0.001732,-9e-06,-0.002323,-0.003117,-0.001163,0.0,-0.000755,-0.000117,-1e-05,-0.000809,0.0,-0.000469,-0.00047,-2e-06,-0.000568,-0.001624,0.0,-0.002763,-0.000699,-9e-06,-0.001481,0.0,-0.000549,-0.001305,-0.001189,-0.001637,-0.000859,0.0,-3e-05,-0.000895,-0.000715,-0.000678,-5e-06,0.0,-0.000454,-1.7e-05,0.0,-0.001127,-0.001105,-0.002571,-0.002013,0.0,-0.000631,-0.002886,-0.000779,-0.001696,0.0,-0.000535,-0.000653,-8.6e-05,-8e-06,-0.000578,-0.000505,0.0,-0.000352,-4e-06,-0.001434,-9e-06,-0.001131,-1.1e-05,-0.001374,-0.002448,-0.00033,-0.00036,-0.002196,-1.5e-05,-3.6e-05,-2e-06,-0.000238,-0.000995,-0.000837,0.0,-0.000397,-0.001231,-0.002944,-0.003055,-1e-05,-0.00239,-3.9e-05,-0.002444,-0.001064,0.0,-0.000828,-0.003306,-0.001079,-0.001815,-0.002323,-0.003172,-0.000712,-0.000685,-0.000574,-2e-05,-0.000834,-0.001632,-0.001909,-0.001294
2017-05-31 08:02:00+02:00,-1e-06,0.0,-0.000521,-0.002035,-0.000508,-8.1e-05,-0.000865,-0.001063,-0.001415,-0.000147,-1.5e-05,-2e-06,-0.000893,-0.000663,-0.00025,-0.00268,-0.00023,-0.0,-0.000123,-0.002846,0.0,-0.002801,-0.001641,-7e-06,-0.002284,-0.003056,-0.001084,0.0,-0.000697,-9.4e-05,-8e-06,-0.000809,0.0,-0.000488,-0.000504,-1e-06,-0.000472,-0.001532,0.0,-0.002718,-0.000665,-7e-06,-0.001399,0.0,-0.000441,-0.001207,-0.001115,-0.001582,-0.000811,0.0,-2.4e-05,-0.000898,-0.000728,-0.000719,-4e-06,0.0,-0.000363,-1.3e-05,0.0,-0.001019,-0.001092,-0.002523,-0.001937,0.0,-0.000535,-0.002823,-0.000698,-0.001644,0.0,-0.000482,-0.000624,-6.9e-05,-6e-06,-0.000606,-0.000544,0.0,-0.000282,-4e-06,-0.001335,-7e-06,-0.001115,-9e-06,-0.001282,-0.002409,-0.000264,-0.000288,-0.002144,-1.2e-05,-2.9e-05,-1e-06,-0.000191,-0.000997,-0.000866,0.0,-0.000417,-0.001145,-0.002895,-0.003001,-8e-06,-0.002333,-3.1e-05,-0.002374,-0.001003,0.0,-0.000781,-0.003278,-0.001096,-0.001751,-0.002251,-0.003112,-0.000679,-0.000626,-0.000528,-1.6e-05,-0.000721,-0.001549,-0.001825,-0.001293
2017-05-31 08:03:00+02:00,-0.0,0.0,-0.000519,-0.002067,-0.000504,-6.5e-05,-0.00084,-0.001041,-0.001428,-0.00014,-1.2e-05,-1e-06,-0.000994,-0.00077,-0.000305,-0.002709,-0.000207,-0.0,-9.8e-05,-0.002879,0.0,-0.002836,-0.001647,-6e-06,-0.00236,-0.003088,-0.001055,0.0,-0.000693,-7.6e-05,-6e-06,-0.000868,0.0,-0.000567,-0.000606,-1e-06,-0.000495,-0.001537,0.0,-0.00279,-0.000677,-6e-06,-0.001413,0.0,-0.000435,-0.001216,-0.001093,-0.001563,-0.000822,0.0,-1.9e-05,-0.000948,-0.000795,-0.000835,-3e-06,0.0,-0.000357,-1.1e-05,0.0,-0.001014,-0.001123,-0.002591,-0.001962,0.0,-0.000538,-0.002853,-0.000676,-0.001625,0.0,-0.000479,-0.000639,-6e-05,-5e-06,-0.000689,-0.000655,0.0,-0.000269,-3e-06,-0.001335,-6e-06,-0.001146,-7e-06,-0.001296,-0.002485,-0.000242,-0.000269,-0.002136,-1e-05,-2.3e-05,-1e-06,-0.000189,-0.001052,-0.000964,0.0,-0.000491,-0.00118,-0.002941,-0.003039,-7e-06,-0.002392,-2.5e-05,-0.002401,-0.000988,0.0,-0.00078,-0.003366,-0.001177,-0.001804,-0.002277,-0.003145,-0.000691,-0.000622,-0.00053,-1.3e-05,-0.000713,-0.001561,-0.001842,-0.001351
2017-05-31 08:04:00+02:00,-0.0,0.0,-0.000415,-0.001927,-0.000403,-5.2e-05,-0.000738,-0.000938,-0.001346,-0.000112,-1e-05,-1e-06,-0.001009,-0.000798,-0.000306,-0.002544,-0.000165,-0.0,-7.8e-05,-0.002718,0.0,-0.002678,-0.001503,-5e-06,-0.002259,-0.002912,-0.000943,0.0,-0.000615,-6.1e-05,-5e-06,-0.000849,0.0,-0.000578,-0.000637,-1e-06,-0.000414,-0.001396,0.0,-0.002671,-0.00062,-5e-06,-0.001287,0.0,-0.000348,-0.001084,-0.000984,-0.001447,-0.000758,0.0,-1.5e-05,-0.000917,-0.000782,-0.000867,-2e-06,0.0,-0.000285,-9e-06,0.0,-0.000884,-0.001069,-0.002475,-0.001818,0.0,-0.000438,-0.002684,-0.000582,-0.001508,0.0,-0.000416,-0.000589,-4.8e-05,-4e-06,-0.000697,-0.00069,0.0,-0.000215,-2e-06,-0.001197,-5e-06,-0.001088,-6e-06,-0.001166,-0.002381,-0.000194,-0.000215,-0.002014,-8e-06,-1.8e-05,-1e-06,-0.000151,-0.001017,-0.000977,0.0,-0.000498,-0.001081,-0.002784,-0.002872,-5e-06,-0.002273,-2e-05,-0.002245,-0.000894,0.0,-0.000708,-0.003244,-0.001167,-0.001701,-0.002124,-0.002967,-0.000634,-0.000547,-0.00047,-1e-05,-0.000592,-0.001427,-0.001696,-0.001315
2017-05-31 08:05:00+02:00,-0.0,0.0,-0.000332,-0.001679,-0.000322,-4.2e-05,-0.000611,-0.000794,-0.001183,-9e-05,-8e-06,-1e-06,-0.000948,-0.000763,-0.000281,-0.002229,-0.000132,-0.0,-6.3e-05,-0.002398,0.0,-0.002364,-0.001287,-4e-06,-0.002012,-0.002564,-0.000793,0.0,-0.000511,-4.9e-05,-4e-06,-0.000772,0.0,-0.000544,-0.000616,-1e-06,-0.000332,-0.001191,0.0,-0.002375,-0.000533,-4e-06,-0.001096,0.0,-0.000278,-0.000901,-0.000829,-0.001254,-0.000652,0.0,-1.2e-05,-0.000829,-0.000716,-0.000832,-2e-06,0.0,-0.000228,-7e-06,0.0,-0.000721,-0.000953,-0.002197,-0.001574,0.0,-0.00035,-0.002356,-0.000473,-0.001309,0.0,-0.000338,-0.000507,-3.9e-05,-3e-06,-0.000656,-0.00067,0.0,-0.000172,-2e-06,-0.001006,-4e-06,-0.000965,-5e-06,-0.000978,-0.002121,-0.000155,-0.000172,-0.001676,-6e-06,-1.5e-05,-1e-06,-0.000121,-0.000919,-0.000918,0.0,-0.000466,-0.00092,-0.002464,-0.002536,-4e-06,-0.002009,-1.6e-05,-0.00196,-0.000759,0.0,-0.000603,-0.002899,-0.001075,-0.001491,-0.001851,-0.002614,-0.000546,-0.00045,-0.00039,-8e-06,-0.000474,-0.00122,-0.001458,-0.00119
2017-05-31 08:06:00+02:00,-0.0,0.0,-0.000266,-0.001343,-0.000258,-3.3e-05,-0.000489,-0.000636,-0.000947,-7.2e-05,-6e-06,-1e-06,-0.000762,-0.000611,-0.000225,-0.001783,-0.000106,-0.0,-5e-05,-0.001919,0.0,-0.001891,-0.00103,-3e-06,-0.00161,-0.002051,-0.000634,0.0,-0.000409,-3.9e-05,-3e-06,-0.000617,0.0,-0.000435,-0.000493,-1e-06,-0.000265,-0.000953,0.0,-0.0019,-0.000427,-3e-06,-0.000877,0.0,-0.000223,-0.000721,-0.000663,-0.001003,-0.000521,0.0,-1e-05,-0.000664,-0.000573,-0.000669,-1e-06,0.0,-0.000183,-5e-06,0.0,-0.000577,-0.000762,-0.001757,-0.001259,0.0,-0.00028,-0.001885,-0.000378,-0.001047,0.0,-0.00027,-0.000406,-3.1e-05,-3e-06,-0.000525,-0.000536,0.0,-0.000138,-1e-06,-0.000805,-3e-06,-0.000772,-4e-06,-0.000783,-0.001697,-0.000124,-0.000138,-0.001341,-5e-06,-1.2e-05,-1e-06,-9.7e-05,-0.000735,-0.000734,0.0,-0.000372,-0.000736,-0.001971,-0.002029,-3e-06,-0.001607,-1.3e-05,-0.001568,-0.000607,0.0,-0.000483,-0.002326,-0.000862,-0.001193,-0.00148,-0.002091,-0.000437,-0.00036,-0.000312,-7e-06,-0.000379,-0.000976,-0.001166,-0.000952
2017-05-31 08:07:00+02:00,-0.0,0.0,-0.000213,-0.001074,-0.000206,-2.7e-05,-0.000391,-0.000508,-0.000757,-5.7e-05,-5e-06,-1e-06,-0.000622,-0.000491,-0.00018,-0.001427,-8.5e-05,-0.0,-4e-05,-0.001535,0.0,-0.001513,-0.000824,-2e-06,-0.001288,-0.001641,-0.000507,0.0,-0.000327,-3.1e-05,-3e-06,-0.000494,0.0,-0.000348,-0.000394,-0.0,-0.000212,-0.000762,0.0,-0.00152,-0.000341,-2e-06,-0.000701,0.0,-0.000178,-0.000576,-0.000531,-0.000803,-0.000417,0.0,-8e-06,-0.000531,-0.000458,-0.000547,-1e-06,0.0,-0.000146,-4e-06,0.0,-0.000461,-0.00061,-0.001406,-0.001007,0.0,-0.000224,-0.001508,-0.000303,-0.000838,0.0,-0.000216,-0.000325,-2.5e-05,-2e-06,-0.00042,-0.000429,0.0,-0.00011,-1e-06,-0.000644,-2e-06,-0.000618,-3e-06,-0.000626,-0.001357,-9.9e-05,-0.00011,-0.00108,-4e-06,-9e-06,-0.0,-7.7e-05,-0.000588,-0.000596,0.0,-0.000298,-0.000589,-0.001577,-0.001623,-3e-06,-0.001286,-1e-05,-0.001254,-0.000486,0.0,-0.000386,-0.001885,-0.0007,-0.000954,-0.001184,-0.001673,-0.00035,-0.000288,-0.000249,-5e-06,-0.000303,-0.000781,-0.000933,-0.000769
2017-05-31 08:08:00+02:00,-0.0,0.0,-0.00017,-0.000859,-0.000165,-2.1e-05,-0.000313,-0.000407,-0.000628,-4.6e-05,-4e-06,-0.0,-0.000549,-0.000431,-0.000144,-0.001152,-6.8e-05,-0.0,-3.2e-05,-0.001273,0.0,-0.001254,-0.000659,-2e-06,-0.001069,-0.001356,-0.000406,0.0,-0.000262,-2.5e-05,-2e-06,-0.000409,0.0,-0.000285,-0.00034,-0.0,-0.00017,-0.00061,0.0,-0.001285,-0.000273,-2e-06,-0.000561,0.0,-0.000143,-0.000461,-0.000424,-0.00065,-0.000334,0.0,-6e-06,-0.000437,-0.000371,-0.000485,-1e-06,0.0,-0.000117,-3e-06,0.0,-0.000369,-0.0005,-0.001175,-0.000806,0.0,-0.000179,-0.001229,-0.000242,-0.000684,0.0,-0.000173,-0.00026,-2e-05,-2e-06,-0.000351,-0.000376,0.0,-8.8e-05,-1e-06,-0.000515,-2e-06,-0.0005,-2e-06,-0.000501,-0.001136,-7.9e-05,-8.8e-05,-0.000929,-3e-06,-8e-06,-0.0,-6.2e-05,-0.000485,-0.000523,0.0,-0.000238,-0.000471,-0.001308,-0.001346,-2e-06,-0.001054,-8e-06,-0.001003,-0.000389,0.0,-0.000309,-0.001634,-0.000611,-0.000764,-0.000947,-0.001387,-0.00028,-0.00023,-0.000199,-4e-06,-0.000243,-0.000625,-0.000746,-0.000666
2017-05-31 08:09:00+02:00,-0.0,0.0,-0.000136,-0.000825,-0.000132,-1.7e-05,-0.00027,-0.000368,-0.000612,-3.7e-05,-3e-06,-0.0,-0.000547,-0.000434,-0.000141,-0.001118,-5.4e-05,-0.0,-2.6e-05,-0.001241,0.0,-0.001223,-0.000599,-1e-06,-0.001049,-0.001319,-0.000363,0.0,-0.000235,-2e-05,-2e-06,-0.000405,0.0,-0.000287,-0.000344,-0.0,-0.000136,-0.000549,0.0,-0.001261,-0.000248,-2e-06,-0.000523,0.0,-0.000114,-0.000413,-0.000393,-0.000627,-0.000317,0.0,-5e-06,-0.000431,-0.000369,-0.000486,-1e-06,0.0,-9.3e-05,-3e-06,0.0,-0.000305,-0.00049,-0.001152,-0.000768,0.0,-0.000143,-0.001194,-0.0002,-0.000662,0.0,-0.000142,-0.000245,-1.6e-05,-1e-06,-0.000352,-0.00038,0.0,-7.1e-05,-1e-06,-0.000452,-1e-06,-0.000489,-2e-06,-0.000456,-0.001115,-6.4e-05,-7.1e-05,-0.000914,-3e-06,-6e-06,-0.0,-5e-05,-0.000479,-0.000522,0.0,-0.000238,-0.000437,-0.001273,-0.001309,-2e-06,-0.00103,-6e-06,-0.000969,-0.000364,0.0,-0.000279,-0.001602,-0.000606,-0.00074,-0.000912,-0.001349,-0.000255,-0.000203,-0.000179,-3e-06,-0.000194,-0.000587,-0.000705,-0.000657
2017-05-31 08:10:00+02:00,-0.0,0.0,-0.000109,-0.000718,-0.000106,-1.4e-05,-0.000216,-0.000302,-0.000538,-2.9e-05,-3e-06,-0.0,-0.000498,-0.000398,-0.000117,-0.000991,-4.3e-05,-0.0,-2.1e-05,-0.001111,0.0,-0.001094,-0.000492,-1e-06,-0.000927,-0.001179,-0.000294,0.0,-0.000188,-1.6e-05,-1e-06,-0.000361,0.0,-0.000258,-0.000316,-0.0,-0.000109,-0.000445,0.0,-0.001117,-0.000202,-1e-06,-0.000432,0.0,-9.1e-05,-0.000331,-0.000327,-0.000553,-0.000261,0.0,-4e-06,-0.00039,-0.000335,-0.000447,-1e-06,0.0,-7.5e-05,-2e-06,0.0,-0.000244,-0.00044,-0.001017,-0.000661,0.0,-0.000115,-0.001062,-0.00016,-0.000585,0.0,-0.000113,-0.000205,-1.3e-05,-1e-06,-0.000326,-0.00035,0.0,-5.6e-05,-1e-06,-0.000362,-1e-06,-0.000436,-2e-06,-0.000365,-0.000986,-5.1e-05,-5.6e-05,-0.00081,-2e-06,-5e-06,-0.0,-4e-05,-0.000433,-0.000476,0.0,-0.000216,-0.00035,-0.001141,-0.001173,-1e-06,-0.000904,-5e-06,-0.000851,-0.000305,0.0,-0.000226,-0.00143,-0.000548,-0.000633,-0.000797,-0.001207,-0.000208,-0.000162,-0.000144,-3e-06,-0.000155,-0.000491,-0.000599,-0.000589
2017-05-31 08:11:00+02:00,-0.0,0.0,-8.7e-05,-0.000575,-8.4e-05,-1.1e-05,-0.000173,-0.000241,-0.00043,-2.4e-05,-2e-06,-0.0,-0.000405,-0.000319,-9.3e-05,-0.000793,-3.5e-05,-0.0,-1.6e-05,-0.000889,0.0,-0.000876,-0.000394,-1e-06,-0.000742,-0.000943,-0.000235,0.0,-0.00015,-1.3e-05,-1e-06,-0.000288,0.0,-0.000207,-0.000253,-0.0,-8.7e-05,-0.000356,0.0,-0.000894,-0.000162,-1e-06,-0.000346,0.0,-7.3e-05,-0.000265,-0.000261,-0.000442,-0.000209,0.0,-3e-06,-0.000312,-0.000268,-0.000364,-0.0,0.0,-6e-05,-2e-06,0.0,-0.000195,-0.000352,-0.000814,-0.000529,0.0,-9.2e-05,-0.00085,-0.000128,-0.000468,0.0,-9.1e-05,-0.000164,-1e-05,-1e-06,-0.000261,-0.00028,0.0,-4.5e-05,-0.0,-0.00029,-1e-06,-0.000349,-1e-06,-0.000292,-0.000789,-4.1e-05,-4.5e-05,-0.000652,-2e-06,-4e-06,-0.0,-3.2e-05,-0.000347,-0.000385,0.0,-0.000173,-0.00028,-0.000913,-0.000938,-1e-06,-0.000723,-4e-06,-0.000681,-0.000244,0.0,-0.000181,-0.001157,-0.000444,-0.000506,-0.000638,-0.000966,-0.000167,-0.00013,-0.000115,-2e-06,-0.000124,-0.000392,-0.000479,-0.000474
2017-05-31 08:12:00+02:00,-0.0,0.0,-7e-05,-0.00046,-6.8e-05,-9e-06,-0.000138,-0.000193,-0.000344,-1.9e-05,-2e-06,-0.0,-0.000327,-0.000255,-7.5e-05,-0.000634,-2.8e-05,-0.0,-1.3e-05,-0.000711,0.0,-0.0007,-0.000315,-1e-06,-0.000593,-0.000754,-0.000188,0.0,-0.00012,-1e-05,-1e-06,-0.000231,0.0,-0.000165,-0.000202,-0.0,-7e-05,-0.000285,0.0,-0.000715,-0.000129,-1e-06,-0.000276,0.0,-5.8e-05,-0.000212,-0.000209,-0.000354,-0.000167,0.0,-3e-06,-0.00025,-0.000214,-0.000293,-0.0,0.0,-4.8e-05,-1e-06,0.0,-0.000156,-0.000281,-0.000651,-0.000423,0.0,-7.3e-05,-0.00068,-0.000102,-0.000374,0.0,-7.3e-05,-0.000131,-8e-06,-1e-06,-0.000208,-0.000224,0.0,-3.6e-05,-0.0,-0.000232,-1e-06,-0.000279,-1e-06,-0.000233,-0.000631,-3.3e-05,-3.6e-05,-0.000522,-1e-06,-3e-06,-0.0,-2.5e-05,-0.000277,-0.000308,0.0,-0.000138,-0.000224,-0.00073,-0.00075,-1e-06,-0.000578,-3e-06,-0.000545,-0.000195,0.0,-0.000145,-0.000931,-0.000356,-0.000405,-0.00051,-0.000773,-0.000133,-0.000104,-9.2e-05,-2e-06,-9.9e-05,-0.000314,-0.000384,-0.00038
2017-05-31 08:13:00+02:00,-0.0,0.0,-5.6e-05,-0.000402,-5.4e-05,-7e-06,-0.000111,-0.000154,-0.000321,-1.5e-05,-1e-06,-0.0,-0.000319,-0.000252,-6.3e-05,-0.000576,-2.2e-05,-0.0,-1.1e-05,-0.000654,0.0,-0.000644,-0.000252,-1e-06,-0.000557,-0.000696,-0.00015,0.0,-9.6e-05,-8e-06,-1e-06,-0.000219,0.0,-0.000159,-0.0002,-0.0,-5.6e-05,-0.000228,0.0,-0.000673,-0.000103,-1e-06,-0.000221,0.0,-4.7e-05,-0.000169,-0.000168,-0.000318,-0.00014,0.0,-2e-06,-0.000232,-0.0002,-0.000289,-0.0,0.0,-3.8e-05,-1e-06,0.0,-0.000125,-0.000259,-0.00061,-0.000362,0.0,-5.9e-05,-0.000621,-8.2e-05,-0.000338,0.0,-5.8e-05,-0.000105,-6e-06,-1e-06,-0.000198,-0.000223,0.0,-2.9e-05,-0.0,-0.000185,-1e-06,-0.000256,-1e-06,-0.000187,-0.000592,-2.6e-05,-2.9e-05,-0.000491,-1e-06,-2e-06,-0.0,-2e-05,-0.000259,-0.000301,0.0,-0.000126,-0.000179,-0.000677,-0.000694,-1e-06,-0.000537,-3e-06,-0.000486,-0.000158,0.0,-0.000116,-0.000883,-0.000344,-0.000362,-0.000451,-0.000714,-0.000107,-8.3e-05,-7.4e-05,-1e-06,-8e-05,-0.000251,-0.00032,-0.000363
2017-05-31 08:14:00+02:00,-0.0,0.0,-4.5e-05,-0.000321,-4.3e-05,-6e-06,-8.9e-05,-0.000124,-0.000272,-1.2e-05,-1e-06,-0.0,-0.000284,-0.000224,-5e-05,-0.000479,-1.8e-05,-0.0,-8e-06,-0.000546,0.0,-0.000537,-0.000202,-0.0,-0.000474,-0.000591,-0.00012,0.0,-7.7e-05,-7e-06,-1e-06,-0.000187,0.0,-0.000135,-0.000176,-0.0,-4.4e-05,-0.000182,0.0,-0.000578,-8.3e-05,-1e-06,-0.000177,0.0,-3.7e-05,-0.000135,-0.000134,-0.000258,-0.000112,0.0,-2e-06,-0.000192,-0.000168,-0.000258,-0.0,0.0,-3.1e-05,-1e-06,0.0,-0.0001,-0.000213,-0.000518,-0.00029,0.0,-4.7e-05,-0.000521,-6.5e-05,-0.000277,0.0,-4.6e-05,-8.4e-05,-5e-06,-0.0,-0.000167,-0.000198,0.0,-2.3e-05,-0.0,-0.000148,-0.0,-0.000214,-1e-06,-0.000149,-0.000505,-2.1e-05,-2.3e-05,-0.000424,-1e-06,-2e-06,-0.0,-1.6e-05,-0.000221,-0.000267,0.0,-0.000101,-0.000143,-0.000577,-0.000592,-1e-06,-0.000451,-2e-06,-0.000394,-0.000126,0.0,-9.3e-05,-0.00077,-0.000304,-0.00029,-0.000361,-0.000609,-8.5e-05,-6.7e-05,-5.9e-05,-1e-06,-6.4e-05,-0.000201,-0.000256,-0.000318
2017-05-31 08:15:00+02:00,-0.0,0.0,-3.6e-05,-0.000257,-3.5e-05,-4e-06,-7.1e-05,-9.9e-05,-0.000217,-1e-05,-1e-06,-0.0,-0.000227,-0.00018,-4e-05,-0.000383,-1.4e-05,-0.0,-7e-06,-0.000437,0.0,-0.00043,-0.000161,-0.0,-0.000379,-0.000473,-9.6e-05,0.0,-6.2e-05,-5e-06,-0.0,-0.000149,0.0,-0.000108,-0.000141,-0.0,-3.6e-05,-0.000146,0.0,-0.000462,-6.6e-05,-0.0,-0.000142,0.0,-3e-05,-0.000108,-0.000107,-0.000207,-9e-05,0.0,-1e-06,-0.000153,-0.000135,-0.000207,-0.0,0.0,-2.5e-05,-1e-06,0.0,-8e-05,-0.000171,-0.000415,-0.000232,0.0,-3.8e-05,-0.000417,-5.2e-05,-0.000222,0.0,-3.7e-05,-6.7e-05,-4e-06,-0.0,-0.000134,-0.000159,0.0,-1.8e-05,-0.0,-0.000119,-0.0,-0.000171,-1e-06,-0.000119,-0.000404,-1.7e-05,-1.8e-05,-0.00034,-1e-06,-2e-06,-0.0,-1.3e-05,-0.000177,-0.000214,0.0,-8.1e-05,-0.000115,-0.000462,-0.000474,-0.0,-0.000361,-2e-06,-0.000315,-0.000101,0.0,-7.4e-05,-0.000616,-0.000243,-0.000232,-0.000289,-0.000487,-6.8e-05,-5.3e-05,-4.7e-05,-1e-06,-5.1e-05,-0.000161,-0.000205,-0.000254
2017-05-31 08:16:00+02:00,-0.0,0.0,-2.9e-05,-0.000206,-2.8e-05,-4e-06,-5.7e-05,-7.9e-05,-0.000174,-8e-06,-1e-06,-0.0,-0.000181,-0.000144,-3.2e-05,-0.000306,-1.1e-05,-0.0,-5e-06,-0.00035,0.0,-0.000344,-0.000129,-0.0,-0.000303,-0.000378,-7.7e-05,0.0,-4.9e-05,-4e-06,-0.0,-0.000119,0.0,-8.6e-05,-0.000113,-0.0,-2.8e-05,-0.000117,0.0,-0.00037,-5.3e-05,-0.0,-0.000113,0.0,-2.4e-05,-8.7e-05,-8.6e-05,-0.000165,-7.2e-05,0.0,-1e-06,-0.000123,-0.000108,-0.000165,-0.0,0.0,-2e-05,-1e-06,0.0,-6.4e-05,-0.000137,-0.000332,-0.000185,0.0,-3e-05,-0.000334,-4.2e-05,-0.000177,0.0,-3e-05,-5.4e-05,-3e-06,-0.0,-0.000107,-0.000127,0.0,-1.5e-05,-0.0,-9.5e-05,-0.0,-0.000137,-0.0,-9.6e-05,-0.000323,-1.3e-05,-1.5e-05,-0.000272,-1e-06,-1e-06,-0.0,-1e-05,-0.000142,-0.000171,0.0,-6.5e-05,-9.2e-05,-0.000369,-0.000379,-0.0,-0.000289,-1e-06,-0.000252,-8.1e-05,0.0,-5.9e-05,-0.000493,-0.000194,-0.000185,-0.000231,-0.00039,-5.5e-05,-4.3e-05,-3.8e-05,-1e-06,-4.1e-05,-0.000129,-0.000164,-0.000203
2017-05-31 08:17:00+02:00,-0.0,0.0,-2.3e-05,-0.000165,-2.2e-05,-3e-06,-4.5e-05,-6.3e-05,-0.00016,-6e-06,-1e-06,-0.0,-0.000186,-0.000146,-2.6e-05,-0.000259,-9e-06,-0.0,-4e-06,-0.000298,0.0,-0.000291,-0.000103,-0.0,-0.00028,-0.000348,-6.2e-05,0.0,-3.9e-05,-3e-06,-0.0,-0.000108,0.0,-7.5e-05,-0.00011,-0.0,-2.3e-05,-9.3e-05,0.0,-0.000353,-4.2e-05,-0.0,-9.1e-05,0.0,-1.9e-05,-6.9e-05,-6.9e-05,-0.000132,-5.7e-05,0.0,-1e-06,-9.9e-05,-9.2e-05,-0.00017,-0.0,0.0,-1.6e-05,-0.0,0.0,-5.1e-05,-0.00011,-0.000307,-0.000148,0.0,-2.4e-05,-0.000292,-3.4e-05,-0.000142,0.0,-2.4e-05,-4.3e-05,-3e-06,-0.0,-9e-05,-0.000128,0.0,-1.2e-05,-0.0,-7.6e-05,-0.0,-0.000117,-0.0,-7.6e-05,-0.0003,-1.1e-05,-1.2e-05,-0.000272,-0.0,-1e-06,-0.0,-8e-06,-0.000129,-0.000175,0.0,-5.2e-05,-7.3e-05,-0.000343,-0.000351,-0.0,-0.000255,-1e-06,-0.000202,-6.5e-05,0.0,-4.7e-05,-0.000496,-0.000198,-0.000148,-0.000185,-0.000361,-4.4e-05,-3.4e-05,-3e-05,-1e-06,-3.3e-05,-0.000103,-0.000131,-0.000205
2017-05-31 08:18:00+02:00,-0.0,0.0,-0.000274,-0.000729,-0.000242,-0.000113,-0.00027,-0.000322,-0.000562,-0.000113,-3.2e-05,-0.0,-0.000511,-0.000423,-0.000183,-0.000936,-0.000181,-0.0,-0.000133,-0.000978,0.0,-0.000967,-0.000531,-0.0,-0.000964,-0.001087,-0.000323,0.0,-0.000265,-8.5e-05,-3e-06,-0.000405,0.0,-0.000306,-0.000346,-0.0,-0.000323,-0.000495,0.0,-0.001106,-0.00024,-0.0,-0.000513,0.0,-0.000226,-0.000467,-0.000372,-0.000506,-0.000344,0.0,-4.3e-05,-0.000375,-0.000351,-0.000461,-2e-06,0.0,-0.000227,-0.0,0.0,-0.000362,-0.000415,-0.001029,-0.000691,0.0,-0.000278,-0.000993,-0.00023,-0.000527,0.0,-0.000181,-0.000251,-7.8e-05,-2.4e-05,-0.00032,-0.000375,0.0,-0.00021,-0.0,-0.000443,-0.0,-0.000437,-0.0,-0.000491,-0.001005,-0.000172,-0.000206,-0.0008,-4e-06,-4.9e-05,-0.0,-0.000108,-0.000436,-0.000493,0.0,-0.000241,-0.000525,-0.001055,-0.001076,-0.0,-0.000942,-5.4e-05,-0.000826,-0.000338,0.0,-0.000262,-0.001349,-0.000557,-0.00072,-0.000781,-0.001107,-0.000244,-0.000246,-0.000217,-1e-06,-0.000291,-0.000552,-0.000648,-0.000594
2017-05-31 08:19:00+02:00,-7.6e-05,0.0,-0.000887,-0.001768,-0.000826,-0.000536,-0.000799,-0.000889,-0.00119,-0.000406,-0.000203,-8.5e-05,-0.000879,-0.000749,-0.000441,-0.00204,-0.000674,-0.000142,-0.000579,-0.002068,0.0,-0.002061,-0.001426,-0.000211,-0.001999,-0.002161,-0.000907,0.0,-0.000741,-0.000343,-0.000143,-0.000861,0.0,-0.000656,-0.000641,-0.000159,-0.000965,-0.001348,-0.000113,-0.002171,-0.00066,-0.000216,-0.001365,0.0,-0.000791,-0.001284,-0.000989,-0.001204,-0.000889,0.0,-0.00023,-0.000838,-0.000751,-0.00078,-8.6e-05,0.0,-0.000775,-0.000248,0.0,-0.001093,-0.000939,-0.00211,-0.001704,0.0,-0.000883,-0.002086,-0.000715,-0.001221,0.0,-0.000563,-0.000668,-0.000291,-0.000148,-0.000667,-0.000665,0.0,-0.000739,-0.000175,-0.001251,-0.000213,-0.000957,-0.000214,-0.001325,-0.002053,-0.000672,-0.000745,-0.001491,-0.000188,-0.000273,-9.5e-05,-0.000385,-0.000886,-0.000865,0.0,-0.000549,-0.001384,-0.002069,-0.002107,-0.000202,-0.002039,-0.000256,-0.001948,-0.000902,0.0,-0.000728,-0.002371,-0.000983,-0.001732,-0.001869,-0.002171,-0.000668,-0.000702,-0.000625,-0.000272,-0.000946,-0.001444,-0.001631,-0.001083
2017-05-31 08:20:00+02:00,-6.1e-05,0.0,-0.001035,-0.002148,-0.000969,-0.000572,-0.000964,-0.001084,-0.001467,-0.00046,-0.000202,-6.8e-05,-0.001087,-0.000939,-0.000529,-0.002529,-0.00076,-0.000114,-0.00063,-0.00258,0.0,-0.00257,-0.001743,-0.000169,-0.002463,-0.002721,-0.001103,0.0,-0.000885,-0.000382,-0.000127,-0.001056,0.0,-0.000799,-0.000797,-0.000127,-0.001117,-0.001644,-9e-05,-0.002698,-0.000804,-0.000173,-0.001648,0.0,-0.000923,-0.001536,-0.001191,-0.001477,-0.001061,0.0,-0.00024,-0.001037,-0.000933,-0.000964,-7.6e-05,0.0,-0.000892,-0.000199,0.0,-0.001312,-0.001162,-0.002602,-0.002067,0.0,-0.001034,-0.002602,-0.000856,-0.001508,0.0,-0.000674,-0.000807,-0.000325,-0.000139,-0.000832,-0.000833,0.0,-0.000839,-0.00014,-0.001518,-0.000171,-0.001187,-0.000171,-0.00159,-0.002532,-0.000766,-0.000847,-0.001865,-0.000167,-0.000279,-7.6e-05,-0.000448,-0.001111,-0.001075,0.0,-0.00067,-0.001644,-0.002608,-0.002657,-0.000162,-0.002492,-0.000271,-0.002376,-0.00109,0.0,-0.000886,-0.002937,-0.001219,-0.002082,-0.002273,-0.00274,-0.000815,-0.000836,-0.000747,-0.000219,-0.00112,-0.001748,-0.001975,-0.001352
2017-05-31 08:21:00+02:00,-4.8e-05,0.0,-0.000828,-0.001982,-0.000775,-0.000458,-0.000831,-0.000967,-0.001375,-0.000368,-0.000161,-5.4e-05,-0.001075,-0.000927,-0.000482,-0.002384,-0.000608,-9.1e-05,-0.000504,-0.00246,0.0,-0.002448,-0.001567,-0.000135,-0.002328,-0.002603,-0.000975,0.0,-0.000767,-0.000305,-0.000102,-0.000999,0.0,-0.000762,-0.000783,-0.000102,-0.000899,-0.001468,-7.2e-05,-0.002563,-0.00072,-0.000138,-0.001468,0.0,-0.000739,-0.001332,-0.001058,-0.001375,-0.000944,0.0,-0.000192,-0.00099,-0.000894,-0.000963,-6.1e-05,0.0,-0.000714,-0.000159,0.0,-0.001109,-0.0011,-0.002455,-0.001891,0.0,-0.000829,-0.002467,-0.00072,-0.00141,0.0,-0.000566,-0.000723,-0.00026,-0.000112,-0.000812,-0.000825,0.0,-0.000671,-0.000112,-0.001329,-0.000136,-0.001122,-0.000137,-0.001393,-0.002394,-0.000613,-0.000678,-0.001778,-0.000133,-0.000223,-6.1e-05,-0.000359,-0.001068,-0.001059,0.0,-0.00064,-0.001437,-0.002504,-0.002549,-0.00013,-0.002333,-0.000216,-0.002211,-0.000973,0.0,-0.000789,-0.002853,-0.001193,-0.001904,-0.002106,-0.002626,-0.000731,-0.000715,-0.000644,-0.000176,-0.000906,-0.001568,-0.001791,-0.001307
2017-05-31 08:22:00+02:00,-3.9e-05,0.0,-0.000663,-0.0018,-0.00062,-0.000366,-0.000665,-0.000825,-0.001315,-0.000294,-0.000129,-4.3e-05,-0.001076,-0.000914,-0.000417,-0.002247,-0.000487,-7.3e-05,-0.000403,-0.002352,0.0,-0.002338,-0.001335,-0.000108,-0.002222,-0.002505,-0.000818,0.0,-0.00062,-0.000244,-8.1e-05,-0.00095,0.0,-0.000718,-0.000758,-8.1e-05,-0.000719,-0.001233,-5.8e-05,-0.002479,-0.000607,-0.000111,-0.001239,0.0,-0.000591,-0.001067,-0.00091,-0.001288,-0.000825,0.0,-0.000153,-0.000938,-0.000846,-0.000962,-4.9e-05,0.0,-0.000571,-0.000127,0.0,-0.000887,-0.001042,-0.002349,-0.001692,0.0,-0.000663,-0.002345,-0.000576,-0.001332,0.0,-0.000453,-0.000617,-0.000208,-8.9e-05,-0.000775,-0.000808,0.0,-0.000537,-9e-05,-0.001071,-0.000109,-0.001062,-0.000109,-0.001142,-0.002293,-0.00049,-0.000542,-0.001765,-0.000107,-0.000179,-4.9e-05,-0.000287,-0.001026,-0.001054,0.0,-0.000587,-0.001197,-0.002418,-0.002462,-0.000104,-0.002202,-0.000173,-0.002042,-0.000841,0.0,-0.000664,-0.002844,-0.001191,-0.001728,-0.001929,-0.002535,-0.00062,-0.000572,-0.000515,-0.00014,-0.000725,-0.001344,-0.001575,-0.001298
2017-05-31 08:23:00+02:00,-3.1e-05,0.0,-0.001003,-0.002401,-0.000936,-0.00054,-0.000977,-0.001163,-0.001743,-0.000439,-0.000182,-3.7e-05,-0.001315,-0.001131,-0.000574,-0.002954,-0.000731,-5.8e-05,-0.000598,-0.003088,0.0,-0.003079,-0.001867,-0.000107,-0.00292,-0.003216,-0.001165,0.0,-0.000897,-0.000368,-0.000111,-0.001253,0.0,-0.000941,-0.000964,-6.5e-05,-0.001071,-0.001739,-4.6e-05,-0.003189,-0.000861,-0.000108,-0.001751,0.0,-0.000891,-0.00154,-0.001267,-0.001723,-0.001143,0.0,-0.000226,-0.001245,-0.001112,-0.00117,-6.7e-05,0.0,-0.000863,-0.000147,0.0,-0.001308,-0.001386,-0.003084,-0.002277,0.0,-0.001005,-0.003077,-0.000855,-0.001779,0.0,-0.000675,-0.000873,-0.000309,-0.000124,-0.001017,-0.001003,0.0,-0.000796,-7.2e-05,-0.00155,-0.000104,-0.001405,-9.9e-05,-0.001625,-0.00301,-0.000734,-0.000815,-0.002208,-0.000145,-0.000255,-3.9e-05,-0.000435,-0.001336,-0.001298,0.0,-0.000771,-0.001693,-0.003088,-0.00314,-8.5e-05,-0.002897,-0.000252,-0.002696,-0.001181,0.0,-0.000944,-0.003487,-0.001467,-0.002315,-0.002554,-0.003234,-0.000876,-0.000836,-0.000762,-0.000177,-0.001088,-0.00188,-0.002142,-0.001616
2017-05-31 08:24:00+02:00,-2.5e-05,0.0,-0.00089,-0.002254,-0.000831,-0.000432,-0.000881,-0.001063,-0.001611,-0.00037,-0.000146,-3e-05,-0.001316,-0.001147,-0.000572,-0.00278,-0.000613,-4.6e-05,-0.000479,-0.002924,0.0,-0.002913,-0.001751,-8.6e-05,-0.002758,-0.003047,-0.001057,0.0,-0.000815,-0.0003,-8.9e-05,-0.001201,0.0,-0.000935,-0.000986,-5.2e-05,-0.000954,-0.001631,-3.7e-05,-0.00301,-0.00081,-8.7e-05,-0.001632,0.0,-0.000784,-0.001418,-0.001145,-0.001586,-0.001042,0.0,-0.000181,-0.001203,-0.001091,-0.001196,-5.3e-05,0.0,-0.000751,-0.000118,0.0,-0.0012,-0.001317,-0.002897,-0.00213,0.0,-0.0009,-0.0029,-0.000764,-0.001639,0.0,-0.000614,-0.000818,-0.000254,-9.9e-05,-0.001023,-0.001034,0.0,-0.000675,-5.7e-05,-0.001444,-8.3e-05,-0.001332,-7.9e-05,-0.001504,-0.002838,-0.000618,-0.000691,-0.001786,-0.000116,-0.000204,-3.1e-05,-0.000381,-0.001292,-0.001295,0.0,-0.000783,-0.001557,-0.002948,-0.002992,-6.8e-05,-0.002716,-0.000201,-0.002529,-0.001077,0.0,-0.000877,-0.003338,-0.001438,-0.002163,-0.002397,-0.00307,-0.000825,-0.000757,-0.000699,-0.000141,-0.000978,-0.001752,-0.001996,-0.001552
2017-05-31 08:25:00+02:00,-2e-05,0.0,-0.000712,-0.001804,-0.000665,-0.000346,-0.000705,-0.000851,-0.001289,-0.000296,-0.000117,-2.4e-05,-0.001054,-0.000917,-0.000457,-0.002224,-0.00049,-3.7e-05,-0.000383,-0.002339,0.0,-0.00233,-0.001401,-6.9e-05,-0.002207,-0.002438,-0.000846,0.0,-0.000652,-0.00024,-7.1e-05,-0.000961,0.0,-0.000748,-0.000789,-4.2e-05,-0.000763,-0.001305,-3e-05,-0.002408,-0.000648,-6.9e-05,-0.001306,0.0,-0.000627,-0.001135,-0.000916,-0.001269,-0.000834,0.0,-0.000145,-0.000962,-0.000873,-0.000957,-4.3e-05,0.0,-0.000601,-9.4e-05,0.0,-0.00096,-0.001054,-0.002317,-0.001704,0.0,-0.00072,-0.00232,-0.000611,-0.001311,0.0,-0.000491,-0.000654,-0.000203,-7.9e-05,-0.000819,-0.000827,0.0,-0.00054,-4.6e-05,-0.001155,-6.7e-05,-0.001065,-6.3e-05,-0.001203,-0.00227,-0.000495,-0.000553,-0.001429,-9.3e-05,-0.000163,-2.5e-05,-0.000305,-0.001033,-0.001036,0.0,-0.000626,-0.001246,-0.002358,-0.002394,-5.5e-05,-0.002173,-0.000161,-0.002023,-0.000862,0.0,-0.000701,-0.002671,-0.00115,-0.00173,-0.001918,-0.002456,-0.00066,-0.000605,-0.000559,-0.000113,-0.000782,-0.001402,-0.001597,-0.001242
2017-05-31 08:26:00+02:00,-1.6e-05,0.0,-0.00057,-0.001443,-0.000532,-0.000276,-0.000564,-0.000681,-0.001042,-0.000237,-9.3e-05,-1.9e-05,-0.000885,-0.000765,-0.000366,-0.001788,-0.000392,-3e-05,-0.000306,-0.00189,0.0,-0.001881,-0.001121,-5.5e-05,-0.001786,-0.001989,-0.000677,0.0,-0.000522,-0.000192,-5.7e-05,-0.000775,0.0,-0.000598,-0.000649,-3.3e-05,-0.000611,-0.001044,-2.4e-05,-0.001968,-0.000519,-5.5e-05,-0.001045,0.0,-0.000501,-0.000908,-0.000733,-0.001015,-0.000667,0.0,-0.000116,-0.000771,-0.000703,-0.000806,-3.4e-05,0.0,-0.000481,-7.5e-05,0.0,-0.000768,-0.000844,-0.00188,-0.001363,0.0,-0.000576,-0.001877,-0.000489,-0.001049,0.0,-0.000393,-0.000524,-0.000163,-6.3e-05,-0.000661,-0.000688,0.0,-0.000432,-3.7e-05,-0.000924,-5.3e-05,-0.000858,-5.1e-05,-0.000963,-0.001843,-0.000396,-0.000443,-0.001185,-7.4e-05,-0.000131,-2e-05,-0.000244,-0.000841,-0.000866,0.0,-0.000501,-0.000997,-0.001929,-0.001958,-4.4e-05,-0.001746,-0.000129,-0.001619,-0.000689,0.0,-0.000561,-0.002225,-0.00096,-0.001384,-0.001534,-0.002008,-0.000528,-0.000484,-0.000448,-9.1e-05,-0.000626,-0.001122,-0.001278,-0.001031
2017-05-31 08:27:00+02:00,-1.3e-05,0.0,-0.000456,-0.001154,-0.000426,-0.000221,-0.000451,-0.000545,-0.000834,-0.00019,-7.5e-05,-1.5e-05,-0.00072,-0.000616,-0.000293,-0.001431,-0.000314,-2.4e-05,-0.000245,-0.001512,0.0,-0.001505,-0.000896,-4.4e-05,-0.001429,-0.001591,-0.000541,0.0,-0.000417,-0.000154,-4.5e-05,-0.00062,0.0,-0.000479,-0.000519,-2.7e-05,-0.000488,-0.000835,-1.9e-05,-0.001574,-0.000415,-4.4e-05,-0.000836,0.0,-0.000401,-0.000726,-0.000586,-0.000812,-0.000534,0.0,-9.3e-05,-0.000617,-0.000562,-0.000657,-2.7e-05,0.0,-0.000385,-6e-05,0.0,-0.000614,-0.000675,-0.001504,-0.001091,0.0,-0.000461,-0.001501,-0.000391,-0.000839,0.0,-0.000314,-0.000419,-0.00013,-5.1e-05,-0.000529,-0.000551,0.0,-0.000346,-2.9e-05,-0.000739,-4.3e-05,-0.000686,-4e-05,-0.00077,-0.001474,-0.000317,-0.000354,-0.000956,-5.9e-05,-0.000105,-1.6e-05,-0.000195,-0.000673,-0.000702,0.0,-0.000401,-0.000797,-0.001543,-0.001566,-3.5e-05,-0.001397,-0.000103,-0.001295,-0.000551,0.0,-0.000449,-0.001805,-0.000779,-0.001107,-0.001227,-0.001606,-0.000422,-0.000387,-0.000358,-7.2e-05,-0.000501,-0.000897,-0.001022,-0.000832
2017-05-31 08:28:00+02:00,-1e-05,0.0,-0.000365,-0.000923,-0.00034,-0.000177,-0.000361,-0.000436,-0.00067,-0.000152,-6e-05,-1.2e-05,-0.000611,-0.000517,-0.000234,-0.001145,-0.000251,-1.9e-05,-0.000196,-0.001213,0.0,-0.001205,-0.000717,-3.5e-05,-0.001148,-0.001296,-0.000433,0.0,-0.000334,-0.000123,-3.6e-05,-0.000496,0.0,-0.000383,-0.000428,-2.1e-05,-0.000391,-0.000668,-1.5e-05,-0.001286,-0.000332,-3.5e-05,-0.000669,0.0,-0.000321,-0.000581,-0.000469,-0.00065,-0.000427,0.0,-7.4e-05,-0.000493,-0.00045,-0.00056,-2.2e-05,0.0,-0.000308,-4.8e-05,0.0,-0.000491,-0.00054,-0.001214,-0.000873,0.0,-0.000369,-0.001207,-0.000313,-0.000671,0.0,-0.000251,-0.000335,-0.000104,-4.1e-05,-0.000423,-0.000461,0.0,-0.000277,-2.3e-05,-0.000591,-3.4e-05,-0.000549,-3.2e-05,-0.000616,-0.001192,-0.000253,-0.000283,-0.000797,-4.7e-05,-8.4e-05,-1.3e-05,-0.000156,-0.000546,-0.000593,0.0,-0.000321,-0.000638,-0.001261,-0.00128,-2.8e-05,-0.001117,-8.2e-05,-0.001036,-0.000441,0.0,-0.000359,-0.001515,-0.000656,-0.000886,-0.000982,-0.001313,-0.000338,-0.00031,-0.000286,-5.8e-05,-0.000401,-0.000718,-0.000818,-0.000695
2017-05-31 08:29:00+02:00,-8e-06,0.0,-0.000292,-0.000811,-0.000272,-0.000142,-0.000289,-0.000348,-0.000622,-0.000121,-4.8e-05,-1e-05,-0.0006,-0.000507,-0.000197,-0.001049,-0.000201,-1.5e-05,-0.000157,-0.001125,0.0,-0.001117,-0.000574,-2.8e-05,-0.001073,-0.001211,-0.000346,0.0,-0.000267,-9.8e-05,-2.9e-05,-0.000464,0.0,-0.00036,-0.000416,-1.7e-05,-0.000313,-0.000535,-1.2e-05,-0.001216,-0.000266,-2.8e-05,-0.000535,0.0,-0.000257,-0.000465,-0.000383,-0.000584,-0.00036,0.0,-5.9e-05,-0.000456,-0.000418,-0.000552,-1.7e-05,0.0,-0.000246,-3.9e-05,0.0,-0.000393,-0.000496,-0.001137,-0.000752,0.0,-0.000295,-0.001114,-0.00025,-0.00061,0.0,-0.000201,-0.000269,-8.3e-05,-3.2e-05,-0.000399,-0.000453,0.0,-0.000221,-1.9e-05,-0.000473,-2.7e-05,-0.000505,-2.6e-05,-0.000493,-0.001118,-0.000203,-0.000227,-0.000775,-3.8e-05,-6.7e-05,-1e-05,-0.000125,-0.000512,-0.00058,0.0,-0.00029,-0.00051,-0.001183,-0.001201,-2.2e-05,-0.001034,-6.6e-05,-0.000929,-0.000359,0.0,-0.000287,-0.001466,-0.000639,-0.000786,-0.000872,-0.00123,-0.00027,-0.000248,-0.000229,-4.6e-05,-0.00032,-0.000579,-0.000689,-0.000671
2017-05-31 08:30:00+02:00,-7e-06,0.0,-0.00031,-0.00095,-0.00028,-0.000113,-0.000315,-0.000391,-0.000702,-0.000117,-3.8e-05,-8e-06,-0.000713,-0.000615,-0.000256,-0.001217,-0.000185,-1.2e-05,-0.000126,-0.001301,0.0,-0.001292,-0.000665,-2.2e-05,-0.001243,-0.001397,-0.000384,0.0,-0.000305,-8.4e-05,-2.3e-05,-0.000549,0.0,-0.000445,-0.000516,-1.4e-05,-0.00035,-0.000619,-1e-05,-0.001398,-0.000309,-2.3e-05,-0.000629,0.0,-0.000258,-0.000542,-0.000432,-0.000659,-0.000412,0.0,-4.7e-05,-0.000543,-0.000508,-0.000667,-1.4e-05,0.0,-0.00025,-3.1e-05,0.0,-0.000436,-0.00058,-0.001309,-0.00088,0.0,-0.000319,-0.001289,-0.000267,-0.000687,0.0,-0.00022,-0.000319,-7.5e-05,-2.6e-05,-0.000493,-0.00056,0.0,-0.000215,-1.5e-05,-0.000542,-2.2e-05,-0.00059,-2.1e-05,-0.000579,-0.001291,-0.000182,-0.000216,-0.00089,-3e-05,-5.4e-05,-8e-06,-0.000125,-0.000605,-0.00069,0.0,-0.00037,-0.000603,-0.001374,-0.001391,-1.8e-05,-0.001194,-5.3e-05,-0.00108,-0.000408,0.0,-0.000329,-0.001681,-0.000748,-0.000918,-0.001017,-0.00142,-0.000315,-0.00028,-0.000262,-3.7e-05,-0.00034,-0.000681,-0.000807,-0.000775
2017-05-31 08:31:00+02:00,-5e-06,0.0,-0.000248,-0.001023,-0.00024,-9.1e-05,-0.000314,-0.000404,-0.000753,-9.3e-05,-3.1e-05,-6e-06,-0.000788,-0.000684,-0.000283,-0.001317,-0.000148,-1e-05,-0.0001,-0.001379,0.0,-0.001369,-0.000697,-1.8e-05,-0.001347,-0.001515,-0.000393,0.0,-0.000314,-6.7e-05,-1.9e-05,-0.0006,0.0,-0.000494,-0.000577,-1.1e-05,-0.000335,-0.000645,-8e-06,-0.001516,-0.000323,-1.8e-05,-0.000633,0.0,-0.000213,-0.00056,-0.000452,-0.000686,-0.000436,0.0,-3.8e-05,-0.000579,-0.00056,-0.000742,-1.1e-05,0.0,-0.0002,-2.5e-05,0.0,-0.000424,-0.000615,-0.001417,-0.000944,0.0,-0.000262,-0.001395,-0.000256,-0.000718,0.0,-0.000213,-0.000324,-6e-05,-2.1e-05,-0.000535,-0.000626,0.0,-0.000172,-1.2e-05,-0.000553,-1.7e-05,-0.000641,-1.7e-05,-0.000605,-0.0014,-0.000146,-0.000173,-0.000975,-2.4e-05,-4.3e-05,-7e-06,-0.000101,-0.000662,-0.000763,0.0,-0.000412,-0.000636,-0.001493,-0.00151,-1.4e-05,-0.001291,-4.2e-05,-0.001165,-0.000411,0.0,-0.000341,-0.00183,-0.000822,-0.000987,-0.001096,-0.00154,-0.00033,-0.000285,-0.000251,-3e-05,-0.000309,-0.00069,-0.000862,-0.000845
2017-05-31 08:32:00+02:00,-4e-06,0.0,-0.000249,-0.001122,-0.000256,-7.2e-05,-0.000341,-0.000442,-0.000813,-9.4e-05,-2.4e-05,-5e-06,-0.00086,-0.000749,-0.000319,-0.001437,-0.00012,-8e-06,-8e-05,-0.001485,0.0,-0.001474,-0.00077,-1.4e-05,-0.001462,-0.001646,-0.000428,0.0,-0.000345,-5.4e-05,-1.5e-05,-0.000655,0.0,-0.000546,-0.000636,-9e-06,-0.000365,-0.000712,-6e-06,-0.001642,-0.000358,-1.5e-05,-0.000684,0.0,-0.000225,-0.00062,-0.000495,-0.000734,-0.000476,0.0,-3e-05,-0.000629,-0.000618,-0.000812,-9e-06,0.0,-0.000187,-2e-05,0.0,-0.000464,-0.000664,-0.001536,-0.001038,0.0,-0.000267,-0.001519,-0.000277,-0.000769,0.0,-0.000232,-0.000351,-5.6e-05,-1.7e-05,-0.000585,-0.000689,0.0,-0.000175,-1e-05,-0.00061,-1.4e-05,-0.000701,-1.3e-05,-0.000671,-0.00152,-0.000138,-0.000148,-0.001065,-1.9e-05,-3.4e-05,-5e-06,-0.000107,-0.000725,-0.000832,0.0,-0.000461,-0.000703,-0.001624,-0.001643,-1.1e-05,-0.001401,-3.4e-05,-0.001274,-0.00044,0.0,-0.000376,-0.001981,-0.000894,-0.001078,-0.001199,-0.001673,-0.000365,-0.000313,-0.000268,-2.4e-05,-0.000334,-0.000746,-0.000949,-0.000917
2017-05-31 08:33:00+02:00,-3e-06,0.0,-0.000199,-0.00106,-0.000205,-5.8e-05,-0.000299,-0.000403,-0.000764,-7.6e-05,-2e-05,-4e-06,-0.000836,-0.000731,-0.000297,-0.001372,-9.6e-05,-6e-06,-6.4e-05,-0.001407,0.0,-0.001397,-0.000708,-1.1e-05,-0.001388,-0.001579,-0.000386,0.0,-0.000308,-4.3e-05,-1.2e-05,-0.000625,0.0,-0.000526,-0.000622,-7e-06,-0.000292,-0.000651,-5e-06,-0.001562,-0.000328,-1.2e-05,-0.000608,0.0,-0.00018,-0.000553,-0.000451,-0.000683,-0.000433,0.0,-2.4e-05,-0.000599,-0.0006,-0.000795,-7e-06,0.0,-0.000149,-1.6e-05,0.0,-0.000395,-0.000629,-0.001456,-0.000974,0.0,-0.000214,-0.001452,-0.000234,-0.000718,0.0,-0.000196,-0.000315,-4.5e-05,-1.3e-05,-0.000567,-0.000675,0.0,-0.00014,-8e-06,-0.000546,-1.1e-05,-0.000672,-1.1e-05,-0.000606,-0.001443,-0.00011,-0.000118,-0.001011,-1.6e-05,-2.7e-05,-4e-06,-8.5e-05,-0.000701,-0.000809,0.0,-0.000449,-0.000629,-0.001563,-0.00158,-9e-06,-0.001323,-2.7e-05,-0.001209,-0.000393,0.0,-0.000342,-0.001898,-0.000864,-0.001005,-0.001135,-0.001606,-0.000336,-0.000274,-0.000226,-1.9e-05,-0.000267,-0.000669,-0.000884,-0.00088
2017-05-31 08:34:00+02:00,-3e-06,0.0,-0.000159,-0.000918,-0.000164,-4.6e-05,-0.000239,-0.000325,-0.000679,-6e-05,-1.6e-05,-3e-06,-0.000772,-0.000673,-0.000245,-0.00122,-7.6e-05,-5e-06,-5.1e-05,-0.001242,0.0,-0.001232,-0.000572,-9e-06,-0.001238,-0.001422,-0.000309,0.0,-0.000246,-3.5e-05,-1e-05,-0.000557,0.0,-0.000469,-0.000568,-6e-06,-0.000234,-0.000521,-4e-06,-0.001406,-0.000263,-9e-06,-0.000486,0.0,-0.000144,-0.000442,-0.00037,-0.000591,-0.000358,0.0,-1.9e-05,-0.000527,-0.000538,-0.000736,-6e-06,0.0,-0.000119,-1.3e-05,0.0,-0.000316,-0.000551,-0.001302,-0.000833,0.0,-0.000171,-0.001298,-0.000187,-0.000624,0.0,-0.000157,-0.000252,-3.6e-05,-1.1e-05,-0.000504,-0.000621,0.0,-0.000112,-6e-06,-0.000437,-9e-06,-0.000599,-8e-06,-0.000484,-0.001292,-8.8e-05,-9.5e-05,-0.000918,-1.2e-05,-2.2e-05,-3e-06,-6.8e-05,-0.000633,-0.000745,0.0,-0.000395,-0.000503,-0.001411,-0.001426,-7e-06,-0.001171,-2.2e-05,-0.001061,-0.000315,0.0,-0.000274,-0.001736,-0.000794,-0.000864,-0.000991,-0.001448,-0.00027,-0.000219,-0.000181,-1.5e-05,-0.000214,-0.000536,-0.000744,-0.000804
2017-05-31 08:35:00+02:00,-2e-06,0.0,-0.000127,-0.000821,-0.000131,-3.7e-05,-0.000191,-0.000275,-0.00062,-4.8e-05,-1.3e-05,-3e-06,-0.000724,-0.00063,-0.000214,-0.00111,-6.1e-05,-4e-06,-4.1e-05,-0.001123,0.0,-0.001113,-0.000485,-7e-06,-0.001134,-0.001303,-0.000258,0.0,-0.0002,-2.8e-05,-8e-06,-0.000511,0.0,-0.00043,-0.000528,-4e-06,-0.000187,-0.000436,-3e-06,-0.001298,-0.000221,-7e-06,-0.000393,0.0,-0.000115,-0.000356,-0.000318,-0.000526,-0.000312,0.0,-1.6e-05,-0.000475,-0.000492,-0.000691,-5e-06,0.0,-9.6e-05,-1e-05,0.0,-0.000253,-0.000496,-0.001196,-0.000738,0.0,-0.000137,-0.001184,-0.00015,-0.000559,0.0,-0.000125,-0.000207,-2.9e-05,-9e-06,-0.000458,-0.000581,0.0,-9e-05,-5e-06,-0.00035,-7e-06,-0.000546,-7e-06,-0.000399,-0.001188,-7.1e-05,-7.6e-05,-0.000855,-1e-05,-1.8e-05,-3e-06,-5.5e-05,-0.000581,-0.000698,0.0,-0.000358,-0.000423,-0.001296,-0.001309,-6e-06,-0.001068,-1.7e-05,-0.000957,-0.000261,0.0,-0.00023,-0.00162,-0.000743,-0.000774,-0.00089,-0.001329,-0.000228,-0.000175,-0.000145,-1.2e-05,-0.000171,-0.000442,-0.000652,-0.000749
2017-05-31 08:36:00+02:00,-2e-06,0.0,-0.000102,-0.000671,-0.000105,-3e-05,-0.000153,-0.00022,-0.000531,-3.9e-05,-1e-05,-2e-06,-0.000648,-0.000558,-0.000171,-0.000949,-4.9e-05,-3e-06,-3.3e-05,-0.000955,0.0,-0.000945,-0.000388,-6e-06,-0.000972,-0.001135,-0.000206,0.0,-0.00016,-2.2e-05,-6e-06,-0.000435,0.0,-0.000363,-0.000462,-4e-06,-0.00015,-0.000349,-3e-06,-0.001129,-0.000177,-6e-06,-0.000314,0.0,-9.2e-05,-0.000284,-0.000254,-0.000436,-0.00025,0.0,-1.2e-05,-0.000399,-0.000422,-0.000619,-4e-06,0.0,-7.6e-05,-8e-06,0.0,-0.000202,-0.000416,-0.00103,-0.00059,0.0,-0.000109,-0.00102,-0.00012,-0.000467,0.0,-0.0001,-0.000165,-2.3e-05,-7e-06,-0.000388,-0.000513,0.0,-7.2e-05,-4e-06,-0.00028,-6e-06,-0.000468,-5e-06,-0.00032,-0.001024,-5.7e-05,-6.1e-05,-0.000758,-8e-06,-1.4e-05,-2e-06,-4.4e-05,-0.000504,-0.000622,0.0,-0.000297,-0.000339,-0.001132,-0.001143,-5e-06,-0.000906,-1.4e-05,-0.000801,-0.000209,0.0,-0.000184,-0.001443,-0.000662,-0.000623,-0.000737,-0.00116,-0.000182,-0.00014,-0.000116,-1e-05,-0.000137,-0.000353,-0.000521,-0.000664
2017-05-31 08:37:00+02:00,-1e-06,0.0,-8.2e-05,-0.000753,-8.4e-05,-2.4e-05,-0.000151,-0.000246,-0.000627,-3.1e-05,-8e-06,-2e-06,-0.00072,-0.000608,-0.000182,-0.001068,-3.9e-05,-3e-06,-2.6e-05,-0.001062,0.0,-0.001052,-0.000418,-5e-06,-0.001107,-0.001277,-0.000226,0.0,-0.000167,-1.8e-05,-5e-06,-0.000494,0.0,-0.000397,-0.000494,-3e-06,-0.00012,-0.00037,-2e-06,-0.001287,-0.00019,-5e-06,-0.000312,0.0,-7.4e-05,-0.000287,-0.00029,-0.000503,-0.00029,0.0,-1e-05,-0.000441,-0.000464,-0.000674,-3e-06,0.0,-6.1e-05,-6e-06,0.0,-0.000166,-0.000467,-0.001176,-0.000662,0.0,-8.8e-05,-0.001148,-9.8e-05,-0.00054,0.0,-8e-05,-0.000169,-1.8e-05,-5e-06,-0.000415,-0.000548,0.0,-5.7e-05,-3e-06,-0.000279,-5e-06,-0.000532,-4e-06,-0.000333,-0.001167,-4.5e-05,-4.8e-05,-0.000919,-6e-06,-1.1e-05,-2e-06,-3.5e-05,-0.000564,-0.000691,0.0,-0.000314,-0.000368,-0.00127,-0.001283,-4e-06,-0.001033,-1.1e-05,-0.000901,-0.000223,0.0,-0.000199,-0.001648,-0.000751,-0.000711,-0.000828,-0.001305,-0.000197,-0.000139,-9.5e-05,-8e-06,-0.000109,-0.000361,-0.00058,-0.000765
2017-05-31 08:38:00+02:00,-2.1e-05,0.0,-0.000383,-0.001237,-0.000399,-0.000212,-0.00042,-0.000529,-0.000939,-0.000183,-9e-05,-3e-05,-0.000895,-0.000777,-0.000331,-0.001596,-0.000275,-3.4e-05,-0.000229,-0.001604,0.0,-0.001595,-0.000876,-7.4e-05,-0.001626,-0.001796,-0.000518,0.0,-0.000406,-0.00014,-6.8e-05,-0.00073,0.0,-0.000584,-0.000661,-4.2e-05,-0.000455,-0.000809,-1.7e-05,-0.0018,-0.000415,-7.5e-05,-0.000737,0.0,-0.000378,-0.000699,-0.000582,-0.000827,-0.00055,0.0,-9.5e-05,-0.000681,-0.000678,-0.00083,-4.7e-05,0.0,-0.000327,-0.000103,0.0,-0.000554,-0.000729,-0.00171,-0.00114,0.0,-0.000391,-0.001686,-0.000349,-0.000869,0.0,-0.000287,-0.000384,-0.000135,-6.8e-05,-0.000612,-0.000705,0.0,-0.000331,-5.3e-05,-0.000701,-7.2e-05,-0.000794,-8.5e-05,-0.000753,-0.001693,-0.000311,-0.000304,-0.00123,-8.4e-05,-0.000116,-3e-05,-0.000188,-0.000801,-0.000872,0.0,-0.00048,-0.000791,-0.001762,-0.00178,-7.8e-05,-0.001552,-0.000113,-0.001409,-0.000495,0.0,-0.000441,-0.002093,-0.000951,-0.00118,-0.00132,-0.001814,-0.000423,-0.00037,-0.000304,-0.000116,-0.000456,-0.0008,-0.001046,-0.000994
2017-05-31 08:39:00+02:00,-1.7e-05,0.0,-0.000307,-0.001078,-0.00032,-0.00017,-0.000337,-0.000445,-0.000825,-0.000146,-7.2e-05,-2.4e-05,-0.000818,-0.000708,-0.000279,-0.001414,-0.00022,-2.7e-05,-0.000183,-0.001423,0.0,-0.001414,-0.00074,-5.9e-05,-0.001439,-0.001607,-0.000431,0.0,-0.000327,-0.000112,-5.5e-05,-0.000646,0.0,-0.000519,-0.000599,-3.4e-05,-0.000364,-0.000677,-1.3e-05,-0.001602,-0.000348,-6e-05,-0.000597,0.0,-0.000303,-0.00056,-0.000488,-0.000721,-0.000461,0.0,-7.6e-05,-0.000603,-0.000606,-0.000762,-3.8e-05,0.0,-0.000262,-8.3e-05,0.0,-0.000443,-0.000644,-0.001513,-0.000985,0.0,-0.000313,-0.001499,-0.00028,-0.00076,0.0,-0.00023,-0.000314,-0.000108,-5.5e-05,-0.000549,-0.000644,0.0,-0.000265,-4.2e-05,-0.00057,-5.8e-05,-0.000704,-6.8e-05,-0.000614,-0.001499,-0.000248,-0.000243,-0.001098,-6.8e-05,-9.2e-05,-2.4e-05,-0.00015,-0.000718,-0.000795,0.0,-0.000427,-0.000643,-0.001581,-0.001597,-6.3e-05,-0.001365,-9e-05,-0.001238,-0.000408,0.0,-0.000369,-0.001894,-0.000863,-0.001017,-0.001155,-0.001627,-0.000356,-0.000296,-0.000243,-9.3e-05,-0.000365,-0.000657,-0.000895,-0.000896
2017-05-31 08:40:00+02:00,-1.4e-05,0.0,-0.000245,-0.000862,-0.000256,-0.000136,-0.00027,-0.000356,-0.000674,-0.000117,-5.8e-05,-1.9e-05,-0.000719,-0.000608,-0.000223,-0.001136,-0.000176,-2.2e-05,-0.000147,-0.001139,0.0,-0.001132,-0.000592,-4.7e-05,-0.001171,-0.001344,-0.000345,0.0,-0.000262,-8.9e-05,-4.4e-05,-0.000519,0.0,-0.000415,-0.000499,-2.7e-05,-0.000291,-0.000542,-1.1e-05,-0.001343,-0.000278,-4.8e-05,-0.000478,0.0,-0.000242,-0.000448,-0.00039,-0.000577,-0.000368,0.0,-6.1e-05,-0.000483,-0.000488,-0.000666,-3e-05,0.0,-0.000209,-6.6e-05,0.0,-0.000355,-0.000515,-0.001242,-0.000788,0.0,-0.000251,-0.001224,-0.000224,-0.000608,0.0,-0.000184,-0.000252,-8.7e-05,-4.4e-05,-0.000439,-0.000546,0.0,-0.000212,-3.4e-05,-0.000456,-4.6e-05,-0.000567,-5.4e-05,-0.000491,-0.001233,-0.000199,-0.000194,-0.00097,-5.4e-05,-7.4e-05,-1.9e-05,-0.00012,-0.000594,-0.000693,0.0,-0.000342,-0.000514,-0.001328,-0.001342,-5e-05,-0.001092,-7.2e-05,-0.00099,-0.000327,0.0,-0.000295,-0.00167,-0.000759,-0.000814,-0.000924,-0.001367,-0.000285,-0.000237,-0.000195,-7.4e-05,-0.000292,-0.000526,-0.000716,-0.000784
2017-05-31 08:41:00+02:00,-6.4e-05,0.0,-0.00075,-0.00175,-0.000776,-0.000457,-0.000777,-0.000899,-0.00127,-0.000385,-0.000204,-8e-05,-0.001048,-0.000895,-0.000455,-0.002081,-0.000575,-0.000105,-0.00049,-0.002077,0.0,-0.002078,-0.001385,-0.000189,-0.002082,-0.002248,-0.000903,0.0,-0.000709,-0.000312,-0.00016,-0.000957,0.0,-0.000741,-0.000752,-0.000122,-0.000857,-0.0013,-6.8e-05,-0.002241,-0.000687,-0.00019,-0.001213,0.0,-0.000744,-0.001149,-0.000961,-0.001246,-0.000883,0.0,-0.000216,-0.000927,-0.000863,-0.000942,-9.6e-05,0.0,-0.000659,-0.00024,0.0,-0.000998,-0.00102,-0.002167,-0.00165,0.0,-0.000761,-0.002152,-0.000687,-0.001271,0.0,-0.000554,-0.000647,-0.000283,-0.00015,-0.000761,-0.000789,0.0,-0.000663,-0.000144,-0.001171,-0.000186,-0.001062,-0.000205,-0.001212,-0.002142,-0.000635,-0.000622,-0.001606,-0.000205,-0.000266,-8.5e-05,-0.000385,-0.001017,-0.001028,0.0,-0.000606,-0.001256,-0.002201,-0.002219,-0.000191,-0.00204,-0.00025,-0.001939,-0.000853,0.0,-0.000747,-0.002509,-0.001149,-0.001687,-0.001836,-0.00226,-0.000697,-0.000666,-0.000577,-0.000266,-0.000862,-0.001289,-0.001547,-0.001236
2017-05-31 08:42:00+02:00,-5.1e-05,0.0,-0.000778,-0.001918,-0.00082,-0.000405,-0.000835,-0.000976,-0.001387,-0.000386,-0.000167,-6.4e-05,-0.001196,-0.001025,-0.000517,-0.002295,-0.000562,-8.4e-05,-0.00045,-0.002316,0.0,-0.002315,-0.001536,-0.000151,-0.002306,-0.002501,-0.000976,0.0,-0.00076,-0.000295,-0.000128,-0.001058,0.0,-0.000832,-0.000861,-9.7e-05,-0.000909,-0.001441,-5.4e-05,-0.002491,-0.000757,-0.000152,-0.001335,0.0,-0.00078,-0.001254,-0.001029,-0.001349,-0.000948,0.0,-0.000183,-0.00103,-0.000963,-0.001084,-7.7e-05,0.0,-0.000667,-0.000192,0.0,-0.001092,-0.001124,-0.002396,-0.001809,0.0,-0.000794,-0.002379,-0.000732,-0.001382,0.0,-0.000597,-0.000707,-0.000279,-0.00012,-0.000865,-0.00091,0.0,-0.000672,-0.000115,-0.001295,-0.000149,-0.001166,-0.000164,-0.001325,-0.00237,-0.000644,-0.000616,-0.001781,-0.000164,-0.000228,-6.8e-05,-0.0004,-0.00113,-0.001171,0.0,-0.000688,-0.001369,-0.002451,-0.002472,-0.000153,-0.002248,-0.000227,-0.002123,-0.00092,0.0,-0.000817,-0.002836,-0.001299,-0.001846,-0.002011,-0.002518,-0.000768,-0.000712,-0.00062,-0.000213,-0.000925,-0.001419,-0.001695,-0.001385
2017-05-31 08:43:00+02:00,-4.1e-05,0.0,-0.000622,-0.001618,-0.000656,-0.000324,-0.000668,-0.000792,-0.001208,-0.000309,-0.000134,-5.1e-05,-0.001082,-0.000922,-0.000425,-0.001984,-0.000449,-6.7e-05,-0.00036,-0.002004,0.0,-0.002002,-0.001247,-0.000121,-0.002017,-0.002192,-0.000784,0.0,-0.000608,-0.000236,-0.000103,-0.000922,0.0,-0.000725,-0.000769,-7.8e-05,-0.000727,-0.001159,-4.3e-05,-0.002198,-0.00061,-0.000122,-0.001068,0.0,-0.000624,-0.001003,-0.000835,-0.001144,-0.00078,0.0,-0.000146,-0.000885,-0.000836,-0.000984,-6.2e-05,0.0,-0.000534,-0.000154,0.0,-0.000874,-0.000963,-0.002099,-0.001511,0.0,-0.000635,-0.002068,-0.000586,-0.001178,0.0,-0.000478,-0.000566,-0.000223,-9.6e-05,-0.000751,-0.000819,0.0,-0.000538,-9.2e-05,-0.001036,-0.000119,-0.001008,-0.000131,-0.00106,-0.002078,-0.000515,-0.000493,-0.001584,-0.000131,-0.000182,-5.5e-05,-0.00032,-0.000988,-0.001055,0.0,-0.000588,-0.001095,-0.002154,-0.002173,-0.000122,-0.001952,-0.000181,-0.001812,-0.000736,0.0,-0.000657,-0.002551,-0.001169,-0.001563,-0.001707,-0.002213,-0.000621,-0.000569,-0.000496,-0.00017,-0.00074,-0.001135,-0.001399,-0.001239
2017-05-31 08:44:00+02:00,-3.3e-05,0.0,-0.000498,-0.001294,-0.000525,-0.000259,-0.000535,-0.000633,-0.00105,-0.000247,-0.000107,-4.1e-05,-0.000985,-0.000821,-0.00034,-0.001641,-0.000359,-5.4e-05,-0.000288,-0.001687,0.0,-0.001681,-0.000997,-9.7e-05,-0.001737,-0.001874,-0.000628,0.0,-0.000487,-0.000189,-8.2e-05,-0.000788,0.0,-0.000607,-0.000665,-6.2e-05,-0.000582,-0.000928,-3.5e-05,-0.001931,-0.000488,-9.7e-05,-0.000854,0.0,-0.000499,-0.000803,-0.000668,-0.000932,-0.000624,0.0,-0.000117,-0.000732,-0.000692,-0.000888,-4.9e-05,0.0,-0.000427,-0.000123,0.0,-0.000699,-0.000796,-0.001815,-0.001208,0.0,-0.000508,-0.001733,-0.000469,-0.000973,0.0,-0.000382,-0.000452,-0.000179,-7.7e-05,-0.000626,-0.000718,0.0,-0.00043,-7.4e-05,-0.000829,-9.5e-05,-0.000838,-0.000105,-0.000848,-0.001799,-0.000412,-0.000394,-0.001461,-0.000105,-0.000146,-4.4e-05,-0.000256,-0.000839,-0.000956,0.0,-0.00047,-0.000876,-0.001849,-0.001865,-9.8e-05,-0.001656,-0.000145,-0.001454,-0.000589,0.0,-0.000526,-0.00233,-0.001069,-0.00125,-0.001366,-0.0019,-0.000497,-0.000455,-0.000397,-0.000136,-0.000592,-0.000908,-0.001119,-0.00113
2017-05-31 08:45:00+02:00,-4.1e-05,0.0,-0.001021,-0.002259,-0.001077,-0.000565,-0.001141,-0.001301,-0.001794,-0.00053,-0.000241,-6.9e-05,-0.00138,-0.001151,-0.000576,-0.002728,-0.000768,-5.3e-05,-0.000623,-0.00276,0.0,-0.002761,-0.00189,-0.000168,-0.00279,-0.002915,-0.001308,0.0,-0.000995,-0.000428,-0.000189,-0.001322,0.0,-0.00098,-0.000938,-7.3e-05,-0.001174,-0.001789,-2.8e-05,-0.002955,-0.000985,-0.000167,-0.001661,0.0,-0.001029,-0.001527,-0.001328,-0.001767,-0.001236,0.0,-0.000274,-0.001277,-0.001145,-0.001205,-0.000103,0.0,-0.000897,-0.000239,0.0,-0.001395,-0.001424,-0.002868,-0.002135,0.0,-0.001046,-0.002802,-0.001014,-0.001801,0.0,-0.000817,-0.000924,-0.000376,-0.000172,-0.000995,-0.000981,0.0,-0.000876,-0.000107,-0.001623,-0.000162,-0.001457,-0.000203,-0.001602,-0.002844,-0.000863,-0.000825,-0.002249,-0.000244,-0.000328,-5.6e-05,-0.000554,-0.001363,-0.001357,0.0,-0.000741,-0.00167,-0.002884,-0.002893,-0.000186,-0.002735,-0.000318,-0.002483,-0.001225,0.0,-0.001078,-0.003279,-0.001547,-0.002231,-0.00236,-0.00293,-0.000999,-0.000939,-0.000844,-0.000271,-0.001197,-0.00175,-0.002005,-0.001692
2017-05-31 08:46:00+02:00,-3.2e-05,0.0,-0.001271,-0.002833,-0.001332,-0.000636,-0.001475,-0.00169,-0.002304,-0.000634,-0.000242,-5.5e-05,-0.001648,-0.001379,-0.000714,-0.003406,-0.000924,-4.2e-05,-0.000719,-0.003511,0.0,-0.003518,-0.002419,-0.000134,-0.003523,-0.00364,-0.001701,0.0,-0.001263,-0.00051,-0.000169,-0.001681,0.0,-0.001214,-0.001131,-5.9e-05,-0.001454,-0.00229,-2.2e-05,-0.003667,-0.001272,-0.000134,-0.002137,0.0,-0.001265,-0.001912,-0.001698,-0.002298,-0.001587,0.0,-0.000301,-0.001646,-0.001427,-0.001422,-9.1e-05,0.0,-0.001104,-0.000191,0.0,-0.001764,-0.001846,-0.003603,-0.002679,0.0,-0.001308,-0.003517,-0.001301,-0.002353,0.0,-0.001044,-0.0012,-0.000439,-0.000166,-0.001254,-0.001165,0.0,-0.001042,-8.6e-05,-0.002071,-0.000129,-0.001842,-0.000163,-0.00201,-0.003572,-0.001036,-0.000999,-0.002784,-0.000218,-0.000344,-4.5e-05,-0.000684,-0.001722,-0.001629,0.0,-0.000904,-0.002113,-0.003599,-0.003604,-0.000149,-0.003447,-0.000349,-0.003106,-0.001603,0.0,-0.001396,-0.003932,-0.001869,-0.002822,-0.002956,-0.003647,-0.001289,-0.001188,-0.001091,-0.000217,-0.001493,-0.002252,-0.002517,-0.002071
2017-05-31 08:47:00+02:00,-2.6e-05,0.0,-0.001181,-0.002989,-0.001253,-0.000509,-0.001529,-0.001799,-0.002535,-0.000543,-0.000194,-4.4e-05,-0.001884,-0.001538,-0.000735,-0.003635,-0.000764,-3.4e-05,-0.000575,-0.003843,0.0,-0.003845,-0.002544,-0.000107,-0.003822,-0.003953,-0.001801,0.0,-0.001287,-0.000408,-0.000135,-0.001824,0.0,-0.001293,-0.001221,-4.7e-05,-0.001388,-0.002402,-1.8e-05,-0.004026,-0.001347,-0.000107,-0.002217,0.0,-0.001173,-0.001922,-0.001775,-0.002512,-0.001674,0.0,-0.00024,-0.001799,-0.001529,-0.001609,-7.3e-05,0.0,-0.000985,-0.000153,0.0,-0.001771,-0.002022,-0.003906,-0.002811,0.0,-0.001229,-0.003774,-0.001317,-0.002583,0.0,-0.001053,-0.001261,-0.000351,-0.000133,-0.001362,-0.001275,0.0,-0.00089,-6.8e-05,-0.00214,-0.000104,-0.00199,-0.00013,-0.00204,-0.003878,-0.000894,-0.00085,-0.003209,-0.000175,-0.000276,-3.6e-05,-0.000634,-0.001875,-0.001852,0.0,-0.000945,-0.002164,-0.003933,-0.003935,-0.000119,-0.0037,-0.000279,-0.003296,-0.001697,0.0,-0.001477,-0.004476,-0.002146,-0.002992,-0.00313,-0.003975,-0.001367,-0.001196,-0.001113,-0.000173,-0.001443,-0.002351,-0.002623,-0.002371
2017-05-31 08:48:00+02:00,-2.1e-05,0.0,-0.001215,-0.003287,-0.001302,-0.000407,-0.001678,-0.002003,-0.002855,-0.000525,-0.000155,-3.5e-05,-0.002137,-0.001762,-0.000804,-0.004015,-0.000725,-2.7e-05,-0.000473,-0.004329,0.0,-0.004326,-0.002815,-8.6e-05,-0.00427,-0.004415,-0.001998,0.0,-0.001392,-0.000371,-0.000108,-0.002043,0.0,-0.001436,-0.001374,-3.8e-05,-0.001442,-0.002656,-1.4e-05,-0.004533,-0.001499,-8.6e-05,-0.002433,0.0,-0.001206,-0.002062,-0.001943,-0.002823,-0.001843,0.0,-0.000192,-0.00203,-0.001701,-0.001819,-5.8e-05,0.0,-0.000987,-0.000122,0.0,-0.001911,-0.002281,-0.00436,-0.003082,0.0,-0.001276,-0.004181,-0.001428,-0.00291,0.0,-0.001142,-0.001398,-0.000321,-0.000106,-0.001537,-0.001448,0.0,-0.000858,-5.5e-05,-0.002347,-8.3e-05,-0.002219,-0.000104,-0.0022,-0.004335,-0.000875,-0.000822,-0.003676,-0.00014,-0.00022,-2.9e-05,-0.000653,-0.002103,-0.002111,0.0,-0.001041,-0.002344,-0.004416,-0.004413,-9.5e-05,-0.004103,-0.000223,-0.00363,-0.001882,0.0,-0.001643,-0.005046,-0.002444,-0.003301,-0.003447,-0.004451,-0.001522,-0.001286,-0.001213,-0.000139,-0.001523,-0.002587,-0.002866,-0.002719
2017-05-31 08:49:00+02:00,-1.7e-05,0.0,-0.0012,-0.003506,-0.001291,-0.000326,-0.001761,-0.002133,-0.003098,-0.000486,-0.000124,-2.8e-05,-0.002337,-0.001943,-0.000853,-0.004305,-0.000648,-2.2e-05,-0.000379,-0.004686,0.0,-0.004678,-0.002988,-6.9e-05,-0.004614,-0.004774,-0.002121,0.0,-0.001456,-0.000312,-8.7e-05,-0.00221,0.0,-0.001548,-0.001497,-3e-05,-0.001447,-0.002815,-1.1e-05,-0.004926,-0.001596,-6.9e-05,-0.00257,0.0,-0.001183,-0.002145,-0.002057,-0.003045,-0.001958,0.0,-0.000154,-0.002199,-0.001835,-0.001988,-4.7e-05,0.0,-0.000946,-9.8e-05,0.0,-0.001976,-0.00247,-0.004707,-0.003277,0.0,-0.001271,-0.004496,-0.00148,-0.003145,0.0,-0.001183,-0.001486,-0.000277,-8.5e-05,-0.001668,-0.00159,0.0,-0.000792,-4.4e-05,-0.002466,-6.6e-05,-0.002394,-8.3e-05,-0.0023,-0.004685,-0.000809,-0.000755,-0.004036,-0.000112,-0.000176,-2.3e-05,-0.00064,-0.002281,-0.002316,0.0,-0.001116,-0.002457,-0.004793,-0.004787,-7.6e-05,-0.004408,-0.000179,-0.003882,-0.002003,0.0,-0.001748,-0.005491,-0.002679,-0.003525,-0.003683,-0.004823,-0.001622,-0.001336,-0.001269,-0.000111,-0.001538,-0.002741,-0.003037,-0.00299
2017-05-31 08:50:00+02:00,-1.3e-05,0.0,-0.001082,-0.003509,-0.001174,-0.00026,-0.001726,-0.002128,-0.003151,-0.000401,-9.9e-05,-2.2e-05,-0.002426,-0.001982,-0.000834,-0.004341,-0.000518,-1.7e-05,-0.000303,-0.004744,0.0,-0.004734,-0.002962,-5.5e-05,-0.004661,-0.004848,-0.002109,0.0,-0.001422,-0.00025,-6.9e-05,-0.002232,0.0,-0.001549,-0.001507,-2.4e-05,-0.001331,-0.002783,-9e-06,-0.005002,-0.001585,-5.5e-05,-0.002526,0.0,-0.001059,-0.002079,-0.002045,-0.003085,-0.001941,0.0,-0.000123,-0.002225,-0.001851,-0.002055,-3.7e-05,0.0,-0.000815,-7.8e-05,0.0,-0.001897,-0.002502,-0.004755,-0.003268,0.0,-0.00116,-0.004544,-0.001428,-0.003192,0.0,-0.001138,-0.001471,-0.000221,-6.8e-05,-0.001681,-0.001608,0.0,-0.000652,-3.5e-05,-0.002414,-5.3e-05,-0.002426,-6.7e-05,-0.002244,-0.004736,-0.000663,-0.00061,-0.004197,-8.9e-05,-0.000141,-1.8e-05,-0.000571,-0.002318,-0.002395,0.0,-0.001111,-0.002392,-0.004877,-0.004869,-6.1e-05,-0.004434,-0.000143,-0.003899,-0.001993,0.0,-0.001736,-0.0057,-0.002784,-0.003513,-0.003694,-0.004904,-0.001612,-0.001295,-0.001232,-8.9e-05,-0.001434,-0.002705,-0.003016,-0.003095
2017-05-31 08:51:00+02:00,-1.1e-05,0.0,-0.000866,-0.003211,-0.000939,-0.000208,-0.001529,-0.001931,-0.002917,-0.000321,-7.9e-05,-1.8e-05,-0.002293,-0.001856,-0.000743,-0.00402,-0.000415,-1.4e-05,-0.000242,-0.004418,0.0,-0.004407,-0.00269,-4.4e-05,-0.004316,-0.004524,-0.001905,0.0,-0.001244,-0.0002,-5.5e-05,-0.002058,0.0,-0.001424,-0.001401,-1.9e-05,-0.001065,-0.002515,-7e-06,-0.004655,-0.001433,-4.4e-05,-0.002254,0.0,-0.000847,-0.001815,-0.001835,-0.002853,-0.001736,0.0,-9.8e-05,-0.002061,-0.001713,-0.001943,-3e-05,0.0,-0.000652,-6.3e-05,0.0,-0.001643,-0.002317,-0.004406,-0.002976,0.0,-0.000928,-0.00422,-0.001237,-0.002957,0.0,-0.000982,-0.001316,-0.000177,-5.5e-05,-0.001562,-0.001503,0.0,-0.000522,-2.8e-05,-0.002152,-4.2e-05,-0.002244,-5.3e-05,-0.001976,-0.004389,-0.00053,-0.000488,-0.003953,-7.2e-05,-0.000113,-1.5e-05,-0.000457,-0.002154,-0.002255,0.0,-0.001019,-0.0021,-0.004549,-0.004545,-4.9e-05,-0.004089,-0.000114,-0.003591,-0.001792,0.0,-0.001568,-0.005395,-0.002627,-0.003192,-0.003391,-0.00458,-0.001459,-0.00112,-0.00107,-7.1e-05,-0.001187,-0.002428,-0.00273,-0.002909
2017-05-31 08:52:00+02:00,-8e-06,0.0,-0.000693,-0.002754,-0.000751,-0.000167,-0.001223,-0.001631,-0.0026,-0.000257,-6.3e-05,-1.4e-05,-0.002097,-0.001676,-0.000613,-0.003531,-0.000332,-1.1e-05,-0.000194,-0.003932,0.0,-0.003919,-0.002266,-3.5e-05,-0.003832,-0.004027,-0.001591,0.0,-0.000995,-0.00016,-4.4e-05,-0.001823,0.0,-0.00125,-0.00125,-1.5e-05,-0.000852,-0.002098,-6e-06,-0.004164,-0.001201,-3.5e-05,-0.001834,0.0,-0.000678,-0.001452,-0.00151,-0.002519,-0.001446,0.0,-7.9e-05,-0.001827,-0.001507,-0.001772,-2.4e-05,0.0,-0.000522,-5e-05,0.0,-0.001315,-0.002054,-0.003915,-0.002525,0.0,-0.000742,-0.003727,-0.00099,-0.002622,0.0,-0.000785,-0.001082,-0.000142,-4.4e-05,-0.001386,-0.00135,0.0,-0.000417,-2.2e-05,-0.001743,-3.4e-05,-0.001979,-4.3e-05,-0.001581,-0.003902,-0.000424,-0.000391,-0.003607,-5.7e-05,-9e-05,-1.2e-05,-0.000366,-0.001916,-0.002055,0.0,-0.000877,-0.00168,-0.00406,-0.004055,-3.9e-05,-0.003605,-9.1e-05,-0.003117,-0.001489,0.0,-0.001312,-0.004924,-0.002401,-0.00274,-0.002928,-0.004086,-0.001226,-0.000896,-0.000856,-5.7e-05,-0.000949,-0.002002,-0.002286,-0.00265
2017-05-31 08:53:00+02:00,-7e-06,0.0,-0.00074,-0.00295,-0.000814,-0.000133,-0.001349,-0.001776,-0.002777,-0.000262,-5.1e-05,-1.2e-05,-0.002253,-0.001785,-0.000661,-0.003753,-0.000316,-9e-06,-0.000155,-0.004167,0.0,-0.004151,-0.002443,-2.8e-05,-0.004061,-0.004276,-0.001736,0.0,-0.001097,-0.000137,-3.6e-05,-0.001947,0.0,-0.001332,-0.001324,-1.2e-05,-0.000919,-0.002273,-5e-06,-0.004406,-0.001311,-2.8e-05,-0.001988,0.0,-0.000728,-0.001581,-0.00165,-0.002697,-0.001569,0.0,-6.3e-05,-0.001955,-0.001616,-0.001899,-1.9e-05,0.0,-0.000543,-4e-05,0.0,-0.001434,-0.002199,-0.004139,-0.00271,0.0,-0.0008,-0.003959,-0.00109,-0.002805,0.0,-0.000866,-0.001183,-0.000129,-3.5e-05,-0.001477,-0.001431,0.0,-0.000423,-1.8e-05,-0.0019,-2.7e-05,-0.002126,-3.4e-05,-0.001723,-0.00413,-0.000431,-0.000387,-0.003865,-4.6e-05,-7.2e-05,-9e-06,-0.000396,-0.002054,-0.002203,0.0,-0.000939,-0.001821,-0.004327,-0.004316,-3.1e-05,-0.003815,-7.3e-05,-0.003324,-0.001621,0.0,-0.001433,-0.005243,-0.00258,-0.002926,-0.003132,-0.00434,-0.001338,-0.000986,-0.000942,-4.5e-05,-0.001032,-0.002162,-0.002461,-0.002842
2017-05-31 08:54:00+02:00,-5e-06,0.0,-0.00092,-0.003326,-0.001012,-0.000129,-0.001599,-0.002053,-0.003109,-0.00034,-4.1e-05,-9e-06,-0.00246,-0.001982,-0.000765,-0.004179,-0.000423,-7e-06,-0.00019,-0.004653,0.0,-0.004633,-0.002803,-2.3e-05,-0.004517,-0.004741,-0.002016,0.0,-0.001295,-0.00019,-2.8e-05,-0.002189,0.0,-0.001499,-0.001481,-1e-05,-0.001119,-0.002629,-4e-06,-0.004886,-0.001527,-2.2e-05,-0.002312,0.0,-0.000912,-0.00185,-0.001909,-0.003043,-0.00181,0.0,-5e-05,-0.002211,-0.00182,-0.002073,-1.5e-05,0.0,-0.000694,-3.2e-05,0.0,-0.001705,-0.002485,-0.004592,-0.003068,0.0,-0.000992,-0.004398,-0.001306,-0.003161,0.0,-0.001043,-0.001386,-0.000174,-2.8e-05,-0.001669,-0.001598,0.0,-0.000543,-1.4e-05,-0.002224,-2.2e-05,-0.002391,-2.7e-05,-0.002009,-0.004588,-0.000563,-0.000507,-0.004238,-3.7e-05,-5.8e-05,-7e-06,-0.000502,-0.002306,-0.002419,0.0,-0.001064,-0.002117,-0.004819,-0.004799,-2.5e-05,-0.004245,-6.4e-05,-0.003721,-0.001884,0.0,-0.001668,-0.005666,-0.002824,-0.003306,-0.003521,-0.004814,-0.001555,-0.001171,-0.001127,-3.6e-05,-0.001256,-0.002498,-0.002801,-0.00313
2017-05-31 08:55:00+02:00,-4e-06,0.0,-0.001008,-0.003582,-0.001108,-0.000103,-0.001744,-0.002224,-0.003338,-0.000357,-3.2e-05,-7e-06,-0.002618,-0.002141,-0.000844,-0.00448,-0.000447,-6e-06,-0.000153,-0.005017,0.0,-0.004995,-0.003044,-1.8e-05,-0.004857,-0.00508,-0.002186,0.0,-0.001406,-0.000192,-2.3e-05,-0.002363,0.0,-0.00163,-0.001615,-8e-06,-0.001222,-0.002862,-3e-06,-0.005251,-0.001664,-1.8e-05,-0.002529,0.0,-0.000995,-0.00201,-0.002061,-0.003278,-0.001962,0.0,-4e-05,-0.002396,-0.001967,-0.002214,-1.2e-05,0.0,-0.000755,-2.6e-05,0.0,-0.001865,-0.002687,-0.004933,-0.003308,0.0,-0.00109,-0.004713,-0.001425,-0.003404,0.0,-0.001142,-0.001517,-0.000173,-2.2e-05,-0.00182,-0.001743,0.0,-0.00057,-1.1e-05,-0.00243,-1.7e-05,-0.00257,-2.2e-05,-0.002183,-0.004931,-0.000602,-0.000543,-0.004494,-2.9e-05,-4.6e-05,-6e-06,-0.000548,-0.002482,-0.002585,0.0,-0.001162,-0.00231,-0.005171,-0.005148,-2e-05,-0.004562,-5.1e-05,-0.003997,-0.00205,0.0,-0.001815,-0.005988,-0.003003,-0.003572,-0.003788,-0.005159,-0.001694,-0.001271,-0.001238,-2.9e-05,-0.001375,-0.002726,-0.003024,-0.003337
2017-05-31 08:56:00+02:00,-3e-06,0.0,-0.000902,-0.003355,-0.000988,-8.2e-05,-0.001595,-0.002046,-0.002809,-0.000288,-2.6e-05,-6e-06,-0.002037,-0.001844,-0.000808,-0.004209,-0.000357,-5e-06,-0.000123,-0.004629,0.0,-0.004657,-0.002849,-1.4e-05,-0.004572,-0.00465,-0.002008,0.0,-0.001281,-0.000154,-1.8e-05,-0.002211,0.0,-0.001551,-0.001562,-6e-06,-0.001098,-0.00267,-2e-06,-0.004629,-0.001539,-1.4e-05,-0.00237,0.0,-0.000878,-0.001856,-0.001889,-0.002973,-0.001807,0.0,-3.2e-05,-0.002238,-0.001849,-0.001844,-1e-05,0.0,-0.000652,-2.1e-05,0.0,-0.001721,-0.002437,-0.00465,-0.003095,0.0,-0.000981,-0.004432,-0.001293,-0.002973,0.0,-0.001039,-0.001407,-0.000138,-1.8e-05,-0.001739,-0.001669,0.0,-0.000459,-9e-06,-0.002263,-1.4e-05,-0.002388,-1.7e-05,-0.002023,-0.004619,-0.000494,-0.000446,-0.003116,-2.3e-05,-3.7e-05,-5e-06,-0.000479,-0.002238,-0.002037,0.0,-0.001116,-0.002152,-0.004551,-0.004572,-1.6e-05,-0.004295,-4.1e-05,-0.003751,-0.001892,0.0,-0.001673,-0.00465,-0.002238,-0.003348,-0.003548,-0.004629,-0.001566,-0.001153,-0.001136,-2.3e-05,-0.001247,-0.002558,-0.002826,-0.002437
2017-05-31 08:57:00+02:00,-3e-06,0.0,-0.000721,-0.002684,-0.000791,-6.6e-05,-0.001276,-0.001637,-0.002258,-0.00023,-2.1e-05,-5e-06,-0.001718,-0.001527,-0.000647,-0.003367,-0.000286,-4e-06,-9.8e-05,-0.003722,0.0,-0.00374,-0.002279,-1.2e-05,-0.00367,-0.003755,-0.001606,0.0,-0.001025,-0.000123,-1.5e-05,-0.001769,0.0,-0.001241,-0.001269,-5e-06,-0.000879,-0.002136,-2e-06,-0.003766,-0.001231,-1.1e-05,-0.001896,0.0,-0.000702,-0.001485,-0.001511,-0.002378,-0.001446,0.0,-2.6e-05,-0.00179,-0.001479,-0.00155,-8e-06,0.0,-0.000521,-1.6e-05,0.0,-0.001377,-0.00195,-0.003741,-0.002476,0.0,-0.000785,-0.003545,-0.001035,-0.002378,0.0,-0.000831,-0.001125,-0.00011,-1.4e-05,-0.001393,-0.001371,0.0,-0.000367,-7e-06,-0.00181,-1.1e-05,-0.00191,-1.4e-05,-0.001619,-0.003719,-0.000395,-0.000357,-0.002616,-1.9e-05,-3e-05,-4e-06,-0.000383,-0.001798,-0.001707,0.0,-0.000893,-0.001722,-0.003686,-0.003703,-1.3e-05,-0.003436,-3.3e-05,-0.003001,-0.001513,0.0,-0.001338,-0.003915,-0.001884,-0.002678,-0.002839,-0.00375,-0.001253,-0.000923,-0.000909,-1.9e-05,-0.000998,-0.002047,-0.002261,-0.002041
2017-05-31 08:58:00+02:00,-2e-06,0.0,-0.000778,-0.002842,-0.000843,-5.3e-05,-0.001332,-0.001699,-0.002412,-0.000247,-1.7e-05,-4e-06,-0.001923,-0.001672,-0.000711,-0.003553,-0.000307,-3e-06,-8e-05,-0.003931,0.0,-0.003942,-0.0024,-9e-06,-0.003878,-0.003976,-0.001669,0.0,-0.001082,-0.000126,-1.2e-05,-0.001868,0.0,-0.001332,-0.00137,-4e-06,-0.000959,-0.00225,-2e-06,-0.004032,-0.001288,-9e-06,-0.002016,0.0,-0.000748,-0.00159,-0.001585,-0.002481,-0.001527,0.0,-2.1e-05,-0.00188,-0.001567,-0.001725,-6e-06,0.0,-0.000562,-1.3e-05,0.0,-0.00146,-0.00205,-0.003953,-0.002626,0.0,-0.000845,-0.003739,-0.001081,-0.002502,0.0,-0.000873,-0.001186,-0.000115,-1.1e-05,-0.001483,-0.00148,0.0,-0.000398,-6e-06,-0.001914,-9e-06,-0.002001,-1.1e-05,-0.001731,-0.003934,-0.000419,-0.000387,-0.002926,-1.5e-05,-2.4e-05,-3e-06,-0.000405,-0.001906,-0.001899,0.0,-0.000968,-0.001855,-0.003926,-0.003941,-1e-05,-0.003637,-2.6e-05,-0.003172,-0.001582,0.0,-0.001396,-0.004361,-0.00211,-0.002847,-0.003002,-0.003985,-0.001311,-0.000976,-0.000959,-1.5e-05,-0.001061,-0.002171,-0.002401,-0.002275
2017-05-31 08:59:00+02:00,-2e-06,0.0,-0.000762,-0.00301,-0.000832,-4.2e-05,-0.001393,-0.001793,-0.002659,-0.000213,-1.3e-05,-3e-06,-0.002188,-0.001851,-0.000765,-0.003771,-0.000246,-2e-06,-6.4e-05,-0.004191,0.0,-0.004191,-0.002514,-7e-06,-0.004162,-0.004245,-0.001756,0.0,-0.001136,-0.000101,-9e-06,-0.002027,0.0,-0.001445,-0.001483,-3e-06,-0.000989,-0.002361,-1e-06,-0.004374,-0.001363,-7e-06,-0.002109,0.0,-0.000727,-0.001653,-0.001677,-0.002657,-0.001642,0.0,-1.7e-05,-0.002019,-0.001686,-0.001938,-5e-06,0.0,-0.000525,-1e-05,0.0,-0.001503,-0.00221,-0.004233,-0.002775,0.0,-0.000838,-0.003972,-0.001119,-0.002703,0.0,-0.000905,-0.001256,-9.2e-05,-9e-06,-0.001593,-0.001603,0.0,-0.000344,-5e-06,-0.001998,-7e-06,-0.002149,-9e-06,-0.001808,-0.004222,-0.000364,-0.00033,-0.003359,-1.2e-05,-1.9e-05,-2e-06,-0.000394,-0.002065,-0.002149,0.0,-0.001037,-0.001968,-0.004244,-0.004246,-8e-06,-0.003897,-2.1e-05,-0.003361,-0.001672,0.0,-0.001475,-0.004887,-0.002414,-0.003052,-0.003185,-0.004274,-0.001387,-0.001019,-0.001002,-1.2e-05,-0.001069,-0.002275,-0.002532,-0.0026
2017-05-31 09:00:00+02:00,-1e-06,0.0,-0.001038,-0.003428,-0.001117,-0.000172,-0.001658,-0.002073,-0.002943,-0.000357,-2.9e-05,-2e-06,-0.002305,-0.001965,-0.000903,-0.004235,-0.000473,-2e-06,-0.000231,-0.00459,0.0,-0.004595,-0.002921,-6e-06,-0.004564,-0.004637,-0.002044,0.0,-0.001355,-0.000226,-7e-06,-0.002247,0.0,-0.001639,-0.001605,-3e-06,-0.001283,-0.002757,-1e-06,-0.004737,-0.001585,-6e-06,-0.002487,0.0,-0.001003,-0.001986,-0.001947,-0.002992,-0.001902,0.0,-7e-05,-0.002241,-0.001895,-0.002035,-4e-06,0.0,-0.00078,-8e-06,0.0,-0.001839,-0.002462,-0.004628,-0.00318,0.0,-0.001119,-0.004418,-0.001363,-0.003029,0.0,-0.001106,-0.001469,-0.000195,-1.3e-05,-0.001759,-0.001701,0.0,-0.000578,-4e-06,-0.00237,-6e-06,-0.002406,-7e-06,-0.002153,-0.004615,-0.000608,-0.000569,-0.003598,-1e-05,-6e-05,-2e-06,-0.000547,-0.002278,-0.002274,0.0,-0.001187,-0.002338,-0.004633,-0.004631,-7e-06,-0.004356,-8.4e-05,-0.003801,-0.001943,0.0,-0.001716,-0.00515,-0.002557,-0.00349,-0.003612,-0.004657,-0.001611,-0.001229,-0.00121,-1e-05,-0.001373,-0.002664,-0.002922,-0.002774
2017-05-31 09:01:00+02:00,-1e-06,0.0,-0.00083,-0.0032,-0.000893,-0.000138,-0.001487,-0.001927,-0.002877,-0.000285,-2.3e-05,-2e-06,-0.002337,-0.001951,-0.000824,-0.004018,-0.000379,-1e-06,-0.000185,-0.00445,0.0,-0.004446,-0.002696,-5e-06,-0.004396,-0.004464,-0.001886,0.0,-0.001187,-0.000181,-6e-06,-0.002169,0.0,-0.001566,-0.001556,-2e-06,-0.001026,-0.002534,-1e-06,-0.004616,-0.001467,-5e-06,-0.002263,0.0,-0.000802,-0.001724,-0.001774,-0.00289,-0.001756,0.0,-5.6e-05,-0.002173,-0.001811,-0.002047,-3e-06,0.0,-0.000624,-7e-06,0.0,-0.001589,-0.002391,-0.004456,-0.002945,0.0,-0.000896,-0.004213,-0.001181,-0.002946,0.0,-0.000954,-0.001353,-0.000156,-1.1e-05,-0.001706,-0.001663,0.0,-0.000462,-3e-06,-0.002136,-5e-06,-0.002304,-6e-06,-0.001896,-0.004451,-0.000487,-0.000455,-0.003658,-8e-06,-4.8e-05,-2e-06,-0.000437,-0.002205,-0.002293,0.0,-0.001113,-0.002088,-0.004494,-0.004485,-5e-06,-0.004162,-6.7e-05,-0.003577,-0.0018,0.0,-0.001586,-0.005177,-0.002598,-0.003274,-0.003389,-0.004499,-0.001493,-0.001056,-0.001068,-8e-06,-0.001107,-0.002443,-0.002681,-0.00281
2017-05-31 09:02:00+02:00,-1e-06,0.0,-0.001046,-0.00361,-0.001114,-0.000152,-0.001751,-0.002227,-0.003287,-0.000371,-1.8e-05,-2e-06,-0.002581,-0.002173,-0.000949,-0.004488,-0.000513,-1e-06,-0.000239,-0.005015,0.0,-0.005001,-0.003087,-4e-06,-0.004938,-0.005003,-0.002187,0.0,-0.001402,-0.000246,-5e-06,-0.002459,0.0,-0.001771,-0.00176,-2e-06,-0.001258,-0.002923,-1e-06,-0.005214,-0.001706,-4e-06,-0.002617,0.0,-0.001007,-0.002016,-0.002048,-0.00328,-0.002021,0.0,-4.5e-05,-0.002472,-0.002046,-0.00225,-3e-06,0.0,-0.00081,-5e-06,0.0,-0.001885,-0.002725,-0.004993,-0.003333,0.0,-0.001126,-0.004705,-0.001415,-0.003358,0.0,-0.00115,-0.00158,-0.000204,-8e-06,-0.001938,-0.001848,0.0,-0.000597,-2e-06,-0.002486,-4e-06,-0.002602,-5e-06,-0.002202,-0.004995,-0.000633,-0.000602,-0.004094,-6e-06,-3.9e-05,-1e-06,-0.000558,-0.002502,-0.002546,0.0,-0.001263,-0.002409,-0.00508,-0.005058,-4e-06,-0.004662,-6e-05,-0.004012,-0.002087,0.0,-0.001844,-0.005664,-0.002887,-0.003703,-0.003818,-0.005056,-0.001734,-0.001259,-0.001278,-6e-06,-0.001361,-0.002811,-0.003048,-0.003147
2017-05-31 09:03:00+02:00,-1e-06,0.0,-0.001125,-0.003895,-0.001199,-0.000121,-0.0019,-0.002417,-0.003587,-0.000371,-1.5e-05,-1e-06,-0.002821,-0.002398,-0.001038,-0.004837,-0.000511,-1e-06,-0.000191,-0.005451,0.0,-0.005428,-0.003348,-3e-06,-0.005353,-0.00542,-0.002371,0.0,-0.001516,-0.000227,-4e-06,-0.002679,0.0,-0.001934,-0.001939,-1e-06,-0.001348,-0.003179,-0.0,-0.005682,-0.001862,-3e-06,-0.002838,0.0,-0.001075,-0.002174,-0.002209,-0.003555,-0.002184,0.0,-3.6e-05,-0.0027,-0.002228,-0.002459,-2e-06,0.0,-0.000856,-4e-06,0.0,-0.002047,-0.002973,-0.005404,-0.003594,0.0,-0.001218,-0.005076,-0.001535,-0.003652,0.0,-0.001253,-0.001722,-0.000183,-7e-06,-0.002129,-0.002044,0.0,-0.000596,-2e-06,-0.002701,-3e-06,-0.00282,-4e-06,-0.002376,-0.005414,-0.000645,-0.000615,-0.004478,-5e-06,-3.1e-05,-1e-06,-0.000597,-0.002731,-0.002793,0.0,-0.001382,-0.002596,-0.005537,-0.005505,-3e-06,-0.005037,-4.8e-05,-0.004324,-0.002263,0.0,-0.002009,-0.006135,-0.003161,-0.004003,-0.004121,-0.00549,-0.001891,-0.001361,-0.001393,-5e-06,-0.001477,-0.003047,-0.003287,-0.003459
2017-05-31 09:04:00+02:00,-1e-06,0.0,-0.001146,-0.004102,-0.001213,-9.7e-05,-0.001977,-0.00253,-0.003799,-0.000344,-1.2e-05,-1e-06,-0.003,-0.00257,-0.001099,-0.005102,-0.000463,-1e-06,-0.000153,-0.005768,0.0,-0.005739,-0.003513,-2e-06,-0.005657,-0.005744,-0.002478,0.0,-0.001582,-0.000182,-3e-06,-0.002836,0.0,-0.002055,-0.002076,-1e-06,-0.00137,-0.003337,-0.0,-0.006024,-0.001957,-2e-06,-0.00298,0.0,-0.001076,-0.00227,-0.002311,-0.003741,-0.002282,0.0,-2.9e-05,-0.002862,-0.002366,-0.002619,-2e-06,0.0,-0.000849,-3e-06,0.0,-0.002127,-0.003147,-0.005701,-0.003781,0.0,-0.00125,-0.005361,-0.00159,-0.003854,0.0,-0.001301,-0.001812,-0.000146,-5e-06,-0.002271,-0.002199,0.0,-0.000552,-2e-06,-0.002824,-2e-06,-0.00298,-3e-06,-0.002486,-0.005716,-0.0006,-0.000581,-0.004752,-4e-06,-2.5e-05,-1e-06,-0.000596,-0.002904,-0.002977,0.0,-0.001475,-0.002704,-0.005888,-0.005851,-3e-06,-0.005309,-3.8e-05,-0.004557,-0.002373,0.0,-0.002106,-0.006486,-0.003362,-0.004205,-0.004345,-0.005829,-0.001987,-0.001417,-0.001458,-4e-06,-0.001518,-0.003201,-0.003455,-0.003684
2017-05-31 09:05:00+02:00,-0.0,0.0,-0.000979,-0.003733,-0.001034,-7.8e-05,-0.001722,-0.002224,-0.00224,-0.000275,-9e-06,-1e-06,-0.001996,-0.001937,-0.001019,-0.004181,-0.00037,-1e-06,-0.000122,-0.004172,0.0,-0.004185,-0.003173,-2e-06,-0.00416,-0.004181,-0.002171,0.0,-0.001386,-0.000146,-2e-06,-0.002057,0.0,-0.001899,-0.001884,-1e-06,-0.001168,-0.003004,-0.0,-0.004172,-0.001741,-2e-06,-0.002683,0.0,-0.000906,-0.00203,-0.002028,-0.002294,-0.002003,0.0,-2.3e-05,-0.002057,-0.001996,-0.001937,-1e-06,0.0,-0.000698,-3e-06,0.0,-0.001887,-0.002119,-0.004185,-0.003435,0.0,-0.001077,-0.004181,-0.001375,-0.002294,0.0,-0.001134,-0.001612,-0.000117,-4e-06,-0.001937,-0.001884,0.0,-0.000441,-1e-06,-0.002532,-2e-06,-0.002119,-2e-06,-0.002231,-0.004172,-0.00048,-0.000465,-0.002342,-3e-06,-2e-05,-1e-06,-0.000497,-0.002057,-0.001996,0.0,-0.001396,-0.002409,-0.004132,-0.004144,-2e-06,-0.004172,-3.1e-05,-0.004156,-0.002086,0.0,-0.001863,-0.004181,-0.002057,-0.003791,-0.003956,-0.004172,-0.001768,-0.001237,-0.001278,-3e-06,-0.001321,-0.002888,-0.003132,-0.002119
2017-05-31 09:06:00+02:00,-0.0,0.0,-0.000783,-0.002986,-0.000828,-6.2e-05,-0.001378,-0.001779,-0.001792,-0.00022,-8e-06,-1e-06,-0.001596,-0.00155,-0.000815,-0.003345,-0.000296,-0.0,-9.8e-05,-0.003338,0.0,-0.003348,-0.002538,-2e-06,-0.003328,-0.003345,-0.001737,0.0,-0.001109,-0.000117,-2e-06,-0.001646,0.0,-0.001519,-0.001507,-1e-06,-0.000934,-0.002403,-0.0,-0.003338,-0.001393,-2e-06,-0.002147,0.0,-0.000724,-0.001624,-0.001623,-0.001835,-0.001602,0.0,-1.8e-05,-0.001646,-0.001596,-0.00155,-1e-06,0.0,-0.000558,-2e-06,0.0,-0.001509,-0.001695,-0.003348,-0.002748,0.0,-0.000861,-0.003345,-0.0011,-0.001835,0.0,-0.000907,-0.001289,-9.4e-05,-3e-06,-0.00155,-0.001507,0.0,-0.000353,-1e-06,-0.002025,-1e-06,-0.001695,-2e-06,-0.001785,-0.003338,-0.000384,-0.000372,-0.001873,-3e-06,-1.6e-05,-1e-06,-0.000398,-0.001646,-0.001596,0.0,-0.001116,-0.001927,-0.003306,-0.003316,-2e-06,-0.003338,-2.4e-05,-0.003325,-0.001669,0.0,-0.001491,-0.003345,-0.001646,-0.003033,-0.003164,-0.003338,-0.001415,-0.00099,-0.001023,-2e-06,-0.001057,-0.00231,-0.002505,-0.001695
2017-05-31 09:07:00+02:00,-0.0,0.0,-0.000627,-0.002389,-0.000662,-5e-05,-0.001102,-0.001423,-0.001434,-0.000176,-6e-06,-1e-06,-0.001329,-0.001274,-0.000652,-0.002676,-0.000237,-0.0,-7.8e-05,-0.00267,0.0,-0.002678,-0.002031,-1e-06,-0.002662,-0.002689,-0.001389,0.0,-0.000887,-9.3e-05,-2e-06,-0.001317,0.0,-0.001215,-0.001218,-1e-06,-0.000747,-0.001923,-0.0,-0.0027,-0.001114,-1e-06,-0.001717,0.0,-0.00058,-0.001299,-0.001298,-0.001468,-0.001282,0.0,-1.5e-05,-0.001317,-0.001277,-0.001289,-1e-06,0.0,-0.000447,-2e-06,0.0,-0.001207,-0.001356,-0.00268,-0.002198,0.0,-0.000689,-0.002676,-0.00088,-0.001468,0.0,-0.000726,-0.001031,-7.5e-05,-3e-06,-0.00124,-0.001233,0.0,-0.000282,-1e-06,-0.00162,-1e-06,-0.001356,-2e-06,-0.001428,-0.002674,-0.000307,-0.000297,-0.001548,-2e-06,-1.3e-05,-0.0,-0.000318,-0.001317,-0.001322,0.0,-0.000893,-0.001542,-0.002665,-0.002673,-1e-06,-0.00267,-2e-05,-0.00266,-0.001335,0.0,-0.001192,-0.002781,-0.001366,-0.002426,-0.002532,-0.002691,-0.001132,-0.000792,-0.000818,-2e-06,-0.000846,-0.001848,-0.002004,-0.001401
2017-05-31 09:08:00+02:00,-0.0,0.0,-0.000501,-0.002102,-0.00053,-4e-05,-0.000882,-0.001169,-0.00133,-0.000141,-5e-06,-0.0,-0.001296,-0.001225,-0.000574,-0.002427,-0.00019,-0.0,-6.3e-05,-0.00243,0.0,-0.002433,-0.001678,-1e-06,-0.002468,-0.002503,-0.001133,0.0,-0.000724,-7.5e-05,-1e-06,-0.001211,0.0,-0.001108,-0.001148,-0.0,-0.000598,-0.001577,-0.0,-0.002538,-0.000914,-1e-06,-0.001429,0.0,-0.000464,-0.001059,-0.001091,-0.001305,-0.001094,0.0,-1.2e-05,-0.001184,-0.001161,-0.001257,-1e-06,0.0,-0.000357,-1e-06,0.0,-0.000966,-0.001218,-0.002488,-0.00192,0.0,-0.000551,-0.002452,-0.000704,-0.001315,0.0,-0.00058,-0.00086,-6e-05,-2e-06,-0.001124,-0.001178,0.0,-0.000226,-1e-06,-0.001298,-1e-06,-0.001233,-1e-06,-0.001182,-0.002485,-0.000246,-0.000238,-0.001493,-2e-06,-1e-05,-0.0,-0.000254,-0.001219,-0.001283,0.0,-0.000811,-0.001302,-0.002489,-0.002497,-1e-06,-0.002443,-1.6e-05,-0.002362,-0.001113,0.0,-0.000976,-0.002706,-0.001327,-0.002142,-0.002238,-0.002514,-0.00093,-0.000635,-0.000655,-2e-06,-0.000676,-0.001552,-0.001734,-0.001352
2017-05-31 09:09:00+02:00,-0.0,0.0,-0.000414,-0.002055,-0.000424,-3.2e-05,-0.000792,-0.001071,-0.001411,-0.000113,-4e-06,-0.0,-0.001399,-0.001289,-0.000576,-0.002432,-0.000152,-0.0,-5e-05,-0.002462,0.0,-0.002462,-0.001559,-1e-06,-0.002549,-0.002575,-0.001034,0.0,-0.000679,-6e-05,-1e-06,-0.001245,0.0,-0.001109,-0.001171,-0.0,-0.000554,-0.001459,-0.0,-0.002664,-0.000841,-1e-06,-0.001356,0.0,-0.000371,-0.001007,-0.001037,-0.001324,-0.001062,0.0,-9e-06,-0.001187,-0.001158,-0.00134,-1e-06,0.0,-0.000286,-1e-06,0.0,-0.000858,-0.001229,-0.00258,-0.001872,0.0,-0.000466,-0.002484,-0.000619,-0.001347,0.0,-0.000509,-0.00081,-4.8e-05,-2e-06,-0.001117,-0.001217,0.0,-0.000181,-1e-06,-0.001189,-1e-06,-0.001251,-1e-06,-0.001131,-0.002578,-0.000197,-0.00019,-0.001676,-1e-06,-8e-06,-0.0,-0.000204,-0.00125,-0.001377,0.0,-0.000807,-0.001277,-0.002568,-0.002577,-1e-06,-0.002491,-1.3e-05,-0.002317,-0.001045,0.0,-0.000894,-0.00294,-0.001444,-0.002117,-0.00219,-0.002595,-0.000855,-0.000592,-0.000602,-1e-06,-0.000566,-0.001477,-0.001684,-0.001477
2017-05-31 09:10:00+02:00,-0.0,0.0,-0.000473,-0.002014,-0.000472,-5.5e-05,-0.000765,-0.001019,-0.001399,-0.000136,-3e-06,-0.0,-0.001427,-0.00131,-0.000604,-0.002396,-0.000204,-0.0,-8.6e-05,-0.002467,0.0,-0.002464,-0.001544,-1e-06,-0.002541,-0.002565,-0.000985,0.0,-0.000669,-8.3e-05,-1e-06,-0.001237,0.0,-0.001103,-0.001183,-0.0,-0.00061,-0.001449,-0.0,-0.002671,-0.000819,-1e-06,-0.001367,0.0,-0.000419,-0.001035,-0.000992,-0.001305,-0.001024,0.0,-1.5e-05,-0.001183,-0.001144,-0.00137,-0.0,0.0,-0.000343,-1e-06,0.0,-0.000887,-0.001222,-0.002574,-0.001844,0.0,-0.000522,-0.002459,-0.000606,-0.001332,0.0,-0.00051,-0.000797,-7e-05,-1e-06,-0.001122,-0.001237,0.0,-0.000232,-0.0,-0.0012,-1e-06,-0.001232,-1e-06,-0.001151,-0.002573,-0.000241,-0.000247,-0.001682,-1e-06,-6e-06,-0.0,-0.000223,-0.001243,-0.001401,0.0,-0.000823,-0.001297,-0.002561,-0.00257,-1e-06,-0.002468,-1.9e-05,-0.002261,-0.001003,0.0,-0.000864,-0.002988,-0.001466,-0.002079,-0.00214,-0.002587,-0.000832,-0.000589,-0.000602,-1e-06,-0.00061,-0.001481,-0.001668,-0.001492
2017-05-31 09:11:00+02:00,-0.0,0.0,-0.000378,-0.001612,-0.000377,-4.4e-05,-0.000612,-0.000815,-0.001119,-0.000109,-2e-06,-0.0,-0.001142,-0.001048,-0.000483,-0.001917,-0.000163,-0.0,-6.9e-05,-0.001974,0.0,-0.001972,-0.001235,-1e-06,-0.002033,-0.002052,-0.000788,0.0,-0.000535,-6.6e-05,-1e-06,-0.000989,0.0,-0.000883,-0.000946,-0.0,-0.000488,-0.001159,-0.0,-0.002137,-0.000655,-1e-06,-0.001094,0.0,-0.000335,-0.000828,-0.000794,-0.001044,-0.000819,0.0,-1.2e-05,-0.000947,-0.000915,-0.001096,-0.0,0.0,-0.000275,-1e-06,0.0,-0.00071,-0.000978,-0.002059,-0.001475,0.0,-0.000418,-0.001967,-0.000485,-0.001066,0.0,-0.000408,-0.000638,-5.6e-05,-1e-06,-0.000898,-0.00099,0.0,-0.000185,-0.0,-0.00096,-0.0,-0.000985,-1e-06,-0.000921,-0.002059,-0.000193,-0.000197,-0.001345,-1e-06,-5e-06,-0.0,-0.000179,-0.000994,-0.00112,0.0,-0.000658,-0.001037,-0.002049,-0.002056,-1e-06,-0.001974,-1.5e-05,-0.001809,-0.000803,0.0,-0.000691,-0.00239,-0.001173,-0.001663,-0.001712,-0.00207,-0.000666,-0.000471,-0.000482,-1e-06,-0.000488,-0.001185,-0.001335,-0.001194
2017-05-31 09:12:00+02:00,-0.0,0.0,-0.000302,-0.001289,-0.000302,-3.5e-05,-0.00049,-0.000652,-0.000895,-8.7e-05,-2e-06,-0.0,-0.000812,-0.000777,-0.000387,-0.001534,-0.000131,-0.0,-5.5e-05,-0.001579,0.0,-0.001577,-0.000988,-0.0,-0.001626,-0.001641,-0.00063,0.0,-0.000428,-5.3e-05,-1e-06,-0.000791,0.0,-0.000706,-0.000744,-0.0,-0.000391,-0.000927,-0.0,-0.001709,-0.000524,-0.0,-0.000875,0.0,-0.000268,-0.000663,-0.000635,-0.000835,-0.000655,0.0,-1e-05,-0.000757,-0.000732,-0.000777,-0.0,0.0,-0.00022,-1e-06,0.0,-0.000568,-0.000782,-0.001647,-0.00118,0.0,-0.000334,-0.001573,-0.000388,-0.000853,0.0,-0.000326,-0.00051,-4.5e-05,-1e-06,-0.000718,-0.000744,0.0,-0.000148,-0.0,-0.000768,-0.0,-0.000788,-0.0,-0.000737,-0.001647,-0.000154,-0.000158,-0.001014,-1e-06,-4e-06,-0.0,-0.000143,-0.000795,-0.000812,0.0,-0.000527,-0.00083,-0.001639,-0.001645,-0.0,-0.00158,-1.2e-05,-0.001447,-0.000642,0.0,-0.000553,-0.001721,-0.000847,-0.001331,-0.00137,-0.001656,-0.000532,-0.000377,-0.000385,-1e-06,-0.00039,-0.000948,-0.001068,-0.000884
2017-05-31 09:13:00+02:00,-0.0,0.0,-0.000242,-0.000833,-0.000242,-2.8e-05,-0.000392,-0.000417,-0.000417,-7e-05,-2e-06,-0.0,-0.000417,-0.000417,-0.000309,-0.000833,-0.000104,-0.0,-4.4e-05,-0.000833,0.0,-0.000833,-0.000791,-0.0,-0.000833,-0.000833,-0.000417,0.0,-0.000342,-4.3e-05,-0.0,-0.000417,0.0,-0.000417,-0.000417,-0.0,-0.000312,-0.000742,-0.0,-0.000833,-0.000417,-0.0,-0.0007,0.0,-0.000214,-0.00053,-0.000417,-0.000417,-0.000417,0.0,-8e-06,-0.000417,-0.000417,-0.000417,-0.0,0.0,-0.000176,-0.0,0.0,-0.000454,-0.000417,-0.000833,-0.000833,0.0,-0.000267,-0.000833,-0.00031,-0.000417,0.0,-0.000261,-0.000408,-3.6e-05,-1e-06,-0.000417,-0.000417,0.0,-0.000119,-0.0,-0.000614,-0.0,-0.000417,-0.0,-0.000589,-0.000833,-0.000123,-0.000126,-0.000417,-1e-06,-3e-06,-0.0,-0.000114,-0.000417,-0.000417,0.0,-0.000417,-0.000664,-0.000833,-0.000833,-0.0,-0.000833,-1e-05,-0.000833,-0.000417,0.0,-0.000417,-0.000833,-0.000417,-0.000833,-0.000833,-0.000833,-0.000417,-0.000301,-0.000308,-1e-06,-0.000312,-0.000758,-0.000833,-0.000417
2017-05-31 09:14:00+02:00,-0.0,0.0,-0.000194,-0.000667,-0.000193,-2.3e-05,-0.000313,-0.000333,-0.000333,-5.6e-05,-1e-06,-0.0,-0.000333,-0.000333,-0.000248,-0.000667,-8.4e-05,-0.0,-3.5e-05,-0.000667,0.0,-0.000667,-0.000632,-0.0,-0.000667,-0.000667,-0.000333,0.0,-0.000274,-3.4e-05,-0.0,-0.000333,0.0,-0.000333,-0.000333,-0.0,-0.00025,-0.000593,-0.0,-0.000667,-0.000333,-0.0,-0.00056,0.0,-0.000171,-0.000424,-0.000333,-0.000333,-0.000333,0.0,-6e-06,-0.000333,-0.000333,-0.000333,-0.0,0.0,-0.000141,-0.0,0.0,-0.000363,-0.000333,-0.000667,-0.000667,0.0,-0.000214,-0.000667,-0.000248,-0.000333,0.0,-0.000209,-0.000326,-2.9e-05,-1e-06,-0.000333,-0.000333,0.0,-9.5e-05,-0.0,-0.000491,-0.0,-0.000333,-0.0,-0.000471,-0.000667,-9.9e-05,-0.000101,-0.000333,-0.0,-3e-06,-0.0,-9.1e-05,-0.000333,-0.000333,0.0,-0.000333,-0.000531,-0.000667,-0.000667,-0.0,-0.000667,-8e-06,-0.000667,-0.000333,0.0,-0.000333,-0.000667,-0.000333,-0.000667,-0.000667,-0.000667,-0.000333,-0.000241,-0.000247,-0.0,-0.00025,-0.000607,-0.000667,-0.000333
2017-05-31 09:15:00+02:00,-0.0,0.0,-0.000155,-0.000533,-0.000155,-1.8e-05,-0.000251,-0.000267,-0.000267,-4.5e-05,-1e-06,-0.0,-0.000267,-0.000267,-0.000198,-0.000533,-6.7e-05,-0.0,-2.8e-05,-0.000533,0.0,-0.000533,-0.000506,-0.0,-0.000533,-0.000533,-0.000267,0.0,-0.000219,-2.7e-05,-0.0,-0.000267,0.0,-0.000267,-0.000267,-0.0,-0.0002,-0.000475,-0.0,-0.000533,-0.000267,-0.0,-0.000448,0.0,-0.000137,-0.000339,-0.000267,-0.000267,-0.000267,0.0,-5e-06,-0.000267,-0.000267,-0.000267,-0.0,0.0,-0.000113,-0.0,0.0,-0.000291,-0.000267,-0.000533,-0.000533,0.0,-0.000171,-0.000533,-0.000199,-0.000267,0.0,-0.000167,-0.000261,-2.3e-05,-0.0,-0.000267,-0.000267,0.0,-7.6e-05,-0.0,-0.000393,-0.0,-0.000267,-0.0,-0.000377,-0.000533,-7.9e-05,-8.1e-05,-0.000267,-0.0,-2e-06,-0.0,-7.3e-05,-0.000267,-0.000267,0.0,-0.000267,-0.000425,-0.000533,-0.000533,-0.0,-0.000533,-6e-06,-0.000533,-0.000267,0.0,-0.000267,-0.000533,-0.000267,-0.000533,-0.000533,-0.000533,-0.000267,-0.000193,-0.000197,-0.0,-0.0002,-0.000485,-0.000533,-0.000267
2017-05-31 09:16:00+02:00,-0.0,0.0,-0.000124,-0.000427,-0.000124,-1.4e-05,-0.000201,-0.000213,-0.000213,-3.6e-05,-1e-06,-0.0,-0.000213,-0.000213,-0.000158,-0.000427,-5.3e-05,-0.0,-2.2e-05,-0.000427,0.0,-0.000427,-0.000405,-0.0,-0.000427,-0.000427,-0.000213,0.0,-0.000175,-2.2e-05,-0.0,-0.000213,0.0,-0.000213,-0.000213,-0.0,-0.00016,-0.00038,-0.0,-0.000427,-0.000213,-0.0,-0.000358,0.0,-0.00011,-0.000271,-0.000213,-0.000213,-0.000213,0.0,-4e-06,-0.000213,-0.000213,-0.000213,-0.0,0.0,-9e-05,-0.0,0.0,-0.000233,-0.000213,-0.000427,-0.000427,0.0,-0.000137,-0.000427,-0.000159,-0.000213,0.0,-0.000134,-0.000209,-1.8e-05,-0.0,-0.000213,-0.000213,0.0,-6.1e-05,-0.0,-0.000314,-0.0,-0.000213,-0.0,-0.000302,-0.000427,-6.3e-05,-6.5e-05,-0.000213,-0.0,-2e-06,-0.0,-5.9e-05,-0.000213,-0.000213,0.0,-0.000213,-0.00034,-0.000427,-0.000427,-0.0,-0.000427,-5e-06,-0.000427,-0.000213,0.0,-0.000213,-0.000427,-0.000213,-0.000427,-0.000427,-0.000427,-0.000213,-0.000154,-0.000158,-0.0,-0.00016,-0.000388,-0.000427,-0.000213
2017-05-31 09:17:00+02:00,-0.0,0.0,-9.9e-05,-0.000341,-9.9e-05,-1.2e-05,-0.00016,-0.000171,-0.000171,-2.9e-05,-1e-06,-0.0,-0.000171,-0.000171,-0.000127,-0.000341,-4.3e-05,-0.0,-1.8e-05,-0.000341,0.0,-0.000341,-0.000324,-0.0,-0.000341,-0.000341,-0.000171,0.0,-0.00014,-1.7e-05,-0.0,-0.000171,0.0,-0.000171,-0.000171,-0.0,-0.000128,-0.000304,-0.0,-0.000341,-0.000171,-0.0,-0.000287,0.0,-8.8e-05,-0.000217,-0.000171,-0.000171,-0.000171,0.0,-3e-06,-0.000171,-0.000171,-0.000171,-0.0,0.0,-7.2e-05,-0.0,0.0,-0.000186,-0.000171,-0.000341,-0.000341,0.0,-0.000109,-0.000341,-0.000127,-0.000171,0.0,-0.000107,-0.000167,-1.5e-05,-0.0,-0.000171,-0.000171,0.0,-4.9e-05,-0.0,-0.000252,-0.0,-0.000171,-0.0,-0.000241,-0.000341,-5e-05,-5.2e-05,-0.000171,-0.0,-1e-06,-0.0,-4.7e-05,-0.000171,-0.000171,0.0,-0.000171,-0.000272,-0.000341,-0.000341,-0.0,-0.000341,-4e-06,-0.000341,-0.000171,0.0,-0.000171,-0.000341,-0.000171,-0.000341,-0.000341,-0.000341,-0.000171,-0.000123,-0.000126,-0.0,-0.000128,-0.000311,-0.000341,-0.000171
2017-05-31 09:18:00+02:00,-0.0,0.0,-7.9e-05,-0.000273,-7.9e-05,-9e-06,-0.000128,-0.000137,-0.000137,-2.3e-05,-1e-06,-0.0,-0.000137,-0.000137,-0.000101,-0.000273,-3.4e-05,-0.0,-1.4e-05,-0.000273,0.0,-0.000273,-0.000259,-0.0,-0.000273,-0.000273,-0.000137,0.0,-0.000112,-1.4e-05,-0.0,-0.000137,0.0,-0.000137,-0.000137,-0.0,-0.000102,-0.000243,-0.0,-0.000273,-0.000137,-0.0,-0.000229,0.0,-7e-05,-0.000174,-0.000137,-0.000137,-0.000137,0.0,-3e-06,-0.000137,-0.000137,-0.000137,-0.0,0.0,-5.8e-05,-0.0,0.0,-0.000149,-0.000137,-0.000273,-0.000273,0.0,-8.8e-05,-0.000273,-0.000102,-0.000137,0.0,-8.6e-05,-0.000134,-1.2e-05,-0.0,-0.000137,-0.000137,0.0,-3.9e-05,-0.0,-0.000201,-0.0,-0.000137,-0.0,-0.000193,-0.000273,-4e-05,-4.1e-05,-0.000137,-0.0,-1e-06,-0.0,-3.7e-05,-0.000137,-0.000137,0.0,-0.000137,-0.000218,-0.000273,-0.000273,-0.0,-0.000273,-3e-06,-0.000273,-0.000137,0.0,-0.000137,-0.000273,-0.000137,-0.000273,-0.000273,-0.000273,-0.000137,-9.9e-05,-0.000101,-0.0,-0.000102,-0.000248,-0.000273,-0.000137
2017-05-31 09:19:00+02:00,-0.0,0.0,-6.3e-05,-0.000218,-6.3e-05,-7e-06,-0.000103,-0.000109,-0.000109,-1.8e-05,-0.0,-0.0,-0.000109,-0.000109,-8.1e-05,-0.000218,-2.7e-05,-0.0,-1.1e-05,-0.000218,0.0,-0.000218,-0.000207,-0.0,-0.000218,-0.000218,-0.000109,0.0,-9e-05,-1.1e-05,-0.0,-0.000109,0.0,-0.000109,-0.000109,-0.0,-8.2e-05,-0.000194,-0.0,-0.000218,-0.000109,-0.0,-0.000183,0.0,-5.6e-05,-0.000139,-0.000109,-0.000109,-0.000109,0.0,-2e-06,-0.000109,-0.000109,-0.000109,-0.0,0.0,-4.6e-05,-0.0,0.0,-0.000119,-0.000109,-0.000218,-0.000218,0.0,-7e-05,-0.000218,-8.1e-05,-0.000109,0.0,-6.8e-05,-0.000107,-9e-06,-0.0,-0.000109,-0.000109,0.0,-3.1e-05,-0.0,-0.000161,-0.0,-0.000109,-0.0,-0.000154,-0.000218,-3.2e-05,-3.3e-05,-0.000109,-0.0,-1e-06,-0.0,-3e-05,-0.000109,-0.000109,0.0,-0.000109,-0.000174,-0.000218,-0.000218,-0.0,-0.000218,-3e-06,-0.000218,-0.000109,0.0,-0.000109,-0.000218,-0.000109,-0.000218,-0.000218,-0.000218,-0.000109,-7.9e-05,-8.1e-05,-0.0,-8.2e-05,-0.000199,-0.000218,-0.000109
2017-05-31 09:20:00+02:00,-0.0,0.0,-5.1e-05,-0.000175,-5.1e-05,-6e-06,-8.2e-05,-8.7e-05,-8.7e-05,-1.5e-05,-0.0,-0.0,-8.7e-05,-8.7e-05,-6.5e-05,-0.000175,-2.2e-05,-0.0,-9e-06,-0.000175,0.0,-0.000175,-0.000166,-0.0,-0.000175,-0.000175,-8.7e-05,0.0,-7.2e-05,-9e-06,-0.0,-8.7e-05,0.0,-8.7e-05,-8.7e-05,-0.0,-6.6e-05,-0.000156,-0.0,-0.000175,-8.7e-05,-0.0,-0.000147,0.0,-4.5e-05,-0.000111,-8.7e-05,-8.7e-05,-8.7e-05,0.0,-2e-06,-8.7e-05,-8.7e-05,-8.7e-05,-0.0,0.0,-3.7e-05,-0.0,0.0,-9.5e-05,-8.7e-05,-0.000175,-0.000175,0.0,-5.6e-05,-0.000175,-6.5e-05,-8.7e-05,0.0,-5.5e-05,-8.6e-05,-8e-06,-0.0,-8.7e-05,-8.7e-05,0.0,-2.5e-05,-0.0,-0.000129,-0.0,-8.7e-05,-0.0,-0.000124,-0.000175,-2.6e-05,-2.6e-05,-8.7e-05,-0.0,-1e-06,-0.0,-2.4e-05,-8.7e-05,-8.7e-05,0.0,-8.7e-05,-0.000139,-0.000175,-0.000175,-0.0,-0.000175,-2e-06,-0.000175,-8.7e-05,0.0,-8.7e-05,-0.000175,-8.7e-05,-0.000175,-0.000175,-0.000175,-8.7e-05,-6.3e-05,-6.5e-05,-0.0,-6.5e-05,-0.000159,-0.000175,-8.7e-05
2017-05-31 09:21:00+02:00,-0.0,0.0,-4.1e-05,-0.00014,-4.1e-05,-5e-06,-6.6e-05,-7e-05,-9.6e-05,-1.2e-05,-0.0,-0.0,-0.000119,-0.00011,-5.2e-05,-0.00016,-1.8e-05,-0.0,-7e-06,-0.000167,0.0,-0.000165,-0.000133,-0.0,-0.000187,-0.000184,-7e-05,0.0,-5.7e-05,-7e-06,-0.0,-9e-05,0.0,-8.4e-05,-9.8e-05,-0.0,-5.2e-05,-0.000124,-0.0,-0.000201,-7e-05,-0.0,-0.000117,0.0,-3.6e-05,-8.9e-05,-7e-05,-7.3e-05,-7e-05,0.0,-1e-06,-7.7e-05,-8e-05,-0.000117,-0.0,0.0,-2.9e-05,-0.0,0.0,-7.6e-05,-7.7e-05,-0.000189,-0.00014,0.0,-4.5e-05,-0.000169,-5.2e-05,-7.7e-05,0.0,-4.4e-05,-6.8e-05,-6e-06,-0.0,-8e-05,-0.000105,0.0,-2e-05,-0.0,-0.000103,-0.0,-8.1e-05,-0.0,-9.9e-05,-0.000189,-2.1e-05,-2.1e-05,-0.000121,-0.0,-1e-06,-0.0,-1.9e-05,-8.9e-05,-0.000116,0.0,-7e-05,-0.000111,-0.000186,-0.000187,-0.0,-0.000176,-2e-06,-0.000141,-7e-05,0.0,-7e-05,-0.00024,-0.000119,-0.00014,-0.00014,-0.000187,-7e-05,-5.1e-05,-5.2e-05,-0.0,-5.2e-05,-0.000127,-0.00014,-0.000116
2017-05-31 09:22:00+02:00,-0.0,0.0,-3.2e-05,-0.000239,-3.2e-05,-4e-06,-7.7e-05,-9.8e-05,-0.000192,-9e-06,-0.0,-0.0,-0.000228,-0.000204,-8.7e-05,-0.000297,-1.4e-05,-0.0,-6e-06,-0.000314,0.0,-0.000312,-0.000178,-0.0,-0.000354,-0.000346,-9.4e-05,0.0,-7.6e-05,-6e-06,-0.0,-0.00017,0.0,-0.000151,-0.000177,-0.0,-6.9e-05,-0.000163,-0.0,-0.000385,-9.1e-05,-0.0,-0.000163,0.0,-2.9e-05,-0.000122,-0.000106,-0.000148,-0.000118,0.0,-1e-06,-0.000145,-0.000146,-0.00022,-0.0,0.0,-2.4e-05,-0.0,0.0,-8.4e-05,-0.000148,-0.000359,-0.000225,0.0,-3.8e-05,-0.000316,-5.5e-05,-0.000157,0.0,-4.6e-05,-9.4e-05,-5e-06,-0.0,-0.000145,-0.000191,0.0,-1.6e-05,-0.0,-0.000129,-0.0,-0.000154,-0.0,-0.000138,-0.000361,-1.7e-05,-1.7e-05,-0.000254,-0.0,-0.0,-0.0,-1.5e-05,-0.000167,-0.000221,0.0,-0.000115,-0.000173,-0.000349,-0.000351,-0.0,-0.000331,-1e-06,-0.000259,-0.000103,0.0,-9.1e-05,-0.000467,-0.000231,-0.000255,-0.000248,-0.000353,-9.2e-05,-6.5e-05,-6.4e-05,-0.0,-4.4e-05,-0.000179,-0.000211,-0.00023
2017-05-31 09:23:00+02:00,-0.0,0.0,-2.6e-05,-0.00026,-2.6e-05,-3e-06,-6.9e-05,-0.0001,-0.000227,-7e-06,-0.0,-0.0,-0.000271,-0.00024,-9.4e-05,-0.000337,-1.1e-05,-0.0,-5e-06,-0.000368,0.0,-0.000365,-0.000179,-0.0,-0.000412,-0.000397,-9.3e-05,0.0,-6.9e-05,-5e-06,-0.0,-0.000198,0.0,-0.000173,-0.000205,-0.0,-5.6e-05,-0.000161,-0.0,-0.000452,-9e-05,-0.0,-0.000162,0.0,-2.3e-05,-0.000111,-0.000107,-0.000174,-0.000128,0.0,-1e-06,-0.000169,-0.000165,-0.000261,-0.0,0.0,-1.9e-05,-0.0,0.0,-6.7e-05,-0.000173,-0.00042,-0.000239,0.0,-3e-05,-0.00036,-4.4e-05,-0.000185,0.0,-3.7e-05,-9.4e-05,-4e-06,-0.0,-0.000168,-0.000224,0.0,-1.3e-05,-0.0,-0.000122,-0.0,-0.000176,-0.0,-0.000131,-0.000421,-1.3e-05,-1.4e-05,-0.000305,-0.0,-0.0,-0.0,-1.2e-05,-0.000191,-0.000262,0.0,-0.000126,-0.000178,-0.000402,-0.000403,-0.0,-0.000384,-1e-06,-0.00029,-0.000106,0.0,-9e-05,-0.000556,-0.000275,-0.000288,-0.000274,-0.000406,-9.2e-05,-5.7e-05,-5.8e-05,-0.0,-3.5e-05,-0.000181,-0.000218,-0.000274
2017-05-31 09:24:00+02:00,-0.0,0.0,-2.1e-05,-0.000208,-2.1e-05,-2e-06,-5.5e-05,-8e-05,-0.000181,-6e-06,-0.0,-0.0,-0.000232,-0.000202,-7.5e-05,-0.00027,-9e-06,-0.0,-4e-06,-0.000294,0.0,-0.000292,-0.000143,-0.0,-0.00033,-0.000318,-7.5e-05,0.0,-5.6e-05,-4e-06,-0.0,-0.000158,0.0,-0.000139,-0.000168,-0.0,-4.4e-05,-0.000129,-0.0,-0.00037,-7.2e-05,-0.0,-0.00013,0.0,-1.8e-05,-8.9e-05,-8.6e-05,-0.000139,-0.000102,0.0,-1e-06,-0.000135,-0.000132,-0.000223,-0.0,0.0,-1.5e-05,-0.0,0.0,-5.4e-05,-0.000138,-0.000337,-0.000191,0.0,-2.4e-05,-0.000288,-3.5e-05,-0.000148,0.0,-3e-05,-7.5e-05,-3e-06,-0.0,-0.000134,-0.000187,0.0,-1e-05,-0.0,-9.7e-05,-0.0,-0.000141,-0.0,-0.000105,-0.000338,-1.1e-05,-1.1e-05,-0.000259,-0.0,-0.0,-0.0,-1e-05,-0.000153,-0.000223,0.0,-0.000101,-0.000142,-0.000321,-0.000323,-0.0,-0.000307,-1e-06,-0.000232,-8.5e-05,0.0,-7.2e-05,-0.000476,-0.000235,-0.00023,-0.000219,-0.000325,-7.3e-05,-4.5e-05,-4.6e-05,-0.0,-2.8e-05,-0.000145,-0.000175,-0.000233
2017-05-31 09:25:00+02:00,-0.0,0.0,-1.7e-05,-0.000166,-1.7e-05,-2e-06,-4.4e-05,-6.4e-05,-0.000145,-5e-06,-0.0,-0.0,-0.000186,-0.000162,-6e-05,-0.000216,-7e-06,-0.0,-3e-06,-0.000235,0.0,-0.000233,-0.000115,-0.0,-0.000264,-0.000254,-6e-05,0.0,-4.4e-05,-3e-06,-0.0,-0.000127,0.0,-0.000111,-0.000134,-0.0,-3.6e-05,-0.000103,-0.0,-0.000296,-5.7e-05,-0.0,-0.000104,0.0,-1.5e-05,-7.1e-05,-6.8e-05,-0.000111,-8.2e-05,0.0,-1e-06,-0.000108,-0.000105,-0.000178,-0.0,0.0,-1.2e-05,-0.0,0.0,-4.3e-05,-0.000111,-0.000269,-0.000153,0.0,-1.9e-05,-0.000231,-2.8e-05,-0.000118,0.0,-2.4e-05,-6e-05,-2e-06,-0.0,-0.000108,-0.000149,0.0,-8e-06,-0.0,-7.8e-05,-0.0,-0.000113,-0.0,-8.4e-05,-0.000271,-8e-06,-9e-06,-0.000207,-0.0,-0.0,-0.0,-8e-06,-0.000122,-0.000179,0.0,-8e-05,-0.000114,-0.000257,-0.000258,-0.0,-0.000246,-1e-06,-0.000186,-6.8e-05,0.0,-5.8e-05,-0.000381,-0.000188,-0.000184,-0.000176,-0.00026,-5.9e-05,-3.6e-05,-3.7e-05,-0.0,-2.2e-05,-0.000116,-0.00014,-0.000186
2017-05-31 09:26:00+02:00,-0.0,0.0,-1.3e-05,-0.000133,-1.3e-05,-2e-06,-3.5e-05,-5.1e-05,-0.000116,-4e-06,-0.0,-0.0,-0.000148,-0.000129,-4.8e-05,-0.000173,-6e-06,-0.0,-2e-06,-0.000188,0.0,-0.000187,-9.2e-05,-0.0,-0.000211,-0.000203,-4.8e-05,0.0,-3.6e-05,-2e-06,-0.0,-0.000101,0.0,-8.9e-05,-0.000107,-0.0,-2.8e-05,-8.3e-05,-0.0,-0.000237,-4.6e-05,-0.0,-8.3e-05,0.0,-1.2e-05,-5.7e-05,-5.5e-05,-8.9e-05,-6.6e-05,0.0,-0.0,-8.7e-05,-8.4e-05,-0.000143,-0.0,0.0,-1e-05,-0.0,0.0,-3.4e-05,-8.9e-05,-0.000215,-0.000123,0.0,-1.5e-05,-0.000184,-2.3e-05,-9.5e-05,0.0,-1.9e-05,-4.8e-05,-2e-06,-0.0,-8.6e-05,-0.000119,0.0,-7e-06,-0.0,-6.2e-05,-0.0,-9e-05,-0.0,-6.7e-05,-0.000217,-7e-06,-7e-06,-0.000166,-0.0,-0.0,-0.0,-6e-06,-9.8e-05,-0.000143,0.0,-6.4e-05,-9.1e-05,-0.000206,-0.000207,-0.0,-0.000197,-1e-06,-0.000149,-5.4e-05,0.0,-4.6e-05,-0.000305,-0.00015,-0.000147,-0.00014,-0.000208,-4.7e-05,-2.9e-05,-3e-05,-0.0,-1.8e-05,-9.3e-05,-0.000112,-0.000149
2017-05-31 09:27:00+02:00,-0.0,0.0,-1.1e-05,-0.000106,-1.1e-05,-1e-06,-2.8e-05,-4.1e-05,-0.000108,-3e-06,-0.0,-0.0,-0.000159,-0.000135,-3.9e-05,-0.000138,-5e-06,-0.0,-2e-06,-0.00016,0.0,-0.000158,-7.3e-05,-0.0,-0.000197,-0.000182,-3.8e-05,0.0,-2.8e-05,-2e-06,-0.0,-9.2e-05,0.0,-7.7e-05,-0.000106,-0.0,-2.3e-05,-6.6e-05,-0.0,-0.000233,-3.7e-05,-0.0,-6.6e-05,0.0,-9e-06,-4.5e-05,-4.4e-05,-7.1e-05,-5.2e-05,0.0,-0.0,-6.9e-05,-6.7e-05,-0.000153,-0.0,0.0,-8e-06,-0.0,0.0,-2.7e-05,-7.1e-05,-0.000204,-9.8e-05,0.0,-1.2e-05,-0.000153,-1.8e-05,-7.6e-05,0.0,-1.5e-05,-3.8e-05,-2e-06,-0.0,-7.2e-05,-0.000123,0.0,-5e-06,-0.0,-5e-05,-0.0,-7.2e-05,-0.0,-5.4e-05,-0.000205,-5e-06,-6e-06,-0.000172,-0.0,-0.0,-0.0,-5e-06,-8.5e-05,-0.000151,0.0,-5.2e-05,-7.3e-05,-0.000187,-0.000188,-0.0,-0.000175,-0.0,-0.000119,-4.3e-05,0.0,-3.7e-05,-0.000325,-0.00016,-0.000118,-0.000112,-0.000189,-3.7e-05,-2.3e-05,-2.4e-05,-0.0,-1.4e-05,-7.4e-05,-8.9e-05,-0.000156
2017-05-31 09:28:00+02:00,-0.0,0.0,-9e-06,-0.000214,-8e-06,-1e-06,-3.8e-05,-6.9e-05,-0.000209,-2e-06,-0.0,-0.0,-0.000285,-0.000249,-8.1e-05,-0.000289,-4e-06,-0.0,-2e-06,-0.000327,0.0,-0.000323,-0.000125,-0.0,-0.000388,-0.000362,-6.1e-05,0.0,-4.3e-05,-1e-06,-0.0,-0.000184,0.0,-0.00016,-0.000207,-0.0,-2.7e-05,-0.00011,-0.0,-0.000443,-6e-05,-0.0,-0.00011,0.0,-8e-06,-7.2e-05,-7.7e-05,-0.000145,-0.000102,0.0,-0.0,-0.000146,-0.000143,-0.000277,-0.0,0.0,-6e-06,-0.0,0.0,-2.7e-05,-0.000148,-0.000399,-0.000191,0.0,-1e-05,-0.000315,-1.7e-05,-0.000155,0.0,-1.3e-05,-6.3e-05,-1e-06,-0.0,-0.00015,-0.000232,0.0,-4e-06,-0.0,-7.6e-05,-0.0,-0.00015,-0.0,-8.9e-05,-0.000401,-4e-06,-4e-06,-0.000303,-0.0,-0.0,-0.0,-4e-06,-0.000171,-0.000274,0.0,-0.000107,-0.000138,-0.000369,-0.000371,-0.0,-0.000354,-0.0,-0.000247,-7.4e-05,0.0,-6e-05,-0.000579,-0.000286,-0.000249,-0.00023,-0.000373,-6.2e-05,-3.3e-05,-3.1e-05,-0.0,-1.1e-05,-0.000127,-0.000167,-0.00028
2017-05-31 09:29:00+02:00,-0.0,0.0,-0.000188,-0.000676,-0.000179,-4.9e-05,-0.00021,-0.000274,-0.00056,-8.4e-05,-1.1e-05,-0.0,-0.000642,-0.000567,-0.000258,-0.000836,-0.000114,-0.0,-6.9e-05,-0.000874,0.0,-0.000868,-0.000465,-0.0,-0.000986,-0.000964,-0.000262,0.0,-0.000226,-5.3e-05,-0.0,-0.000482,0.0,-0.000417,-0.000483,-0.0,-0.000281,-0.000434,-0.0,-0.00108,-0.000237,-0.0,-0.000436,0.0,-0.000166,-0.000381,-0.000309,-0.000446,-0.000346,0.0,-1.7e-05,-0.000412,-0.000409,-0.000613,-0.0,0.0,-0.000155,-0.0,0.0,-0.000271,-0.000426,-0.001007,-0.000626,0.0,-0.000199,-0.000884,-0.000167,-0.000466,0.0,-0.000147,-0.000244,-6.2e-05,-1.3e-05,-0.000397,-0.000524,0.0,-0.00015,-0.0,-0.000367,-0.0,-0.000446,-0.0,-0.000417,-0.00101,-0.000119,-0.000128,-0.000746,-0.0,-2.1e-05,-0.0,-8.7e-05,-0.000472,-0.000623,0.0,-0.000316,-0.000503,-0.000975,-0.000978,-0.0,-0.000926,-3.3e-05,-0.000748,-0.000285,0.0,-0.000243,-0.001311,-0.000658,-0.000732,-0.000711,-0.000982,-0.000241,-0.000204,-0.000185,-0.0,-0.000209,-0.000469,-0.000574,-0.000661
2017-05-31 09:30:00+02:00,-5.3e-05,0.0,-0.000734,-0.001613,-0.000714,-0.000409,-0.000689,-0.000804,-0.001235,-0.000373,-0.000182,-6.9e-05,-0.001128,-0.00102,-0.000609,-0.001899,-0.000566,-8.2e-05,-0.000455,-0.001951,0.0,-0.001946,-0.001261,-0.000143,-0.002041,-0.002023,-0.000792,0.0,-0.000683,-0.000307,-0.000134,-0.001047,0.0,-0.0009,-0.000906,-9.2e-05,-0.000911,-0.001211,-5.4e-05,-0.002116,-0.00068,-0.000142,-0.001204,0.0,-0.000682,-0.001093,-0.000866,-0.001134,-0.000902,0.0,-0.000207,-0.000979,-0.000933,-0.001057,-9.8e-05,0.0,-0.000661,-0.000197,0.0,-0.000915,-0.001032,-0.002057,-0.001522,0.0,-0.000759,-0.001959,-0.000606,-0.001172,0.0,-0.00053,-0.00069,-0.000294,-0.000163,-0.000884,-0.000939,0.0,-0.000633,-0.000111,-0.001089,-0.000139,-0.001055,-0.000159,-0.001154,-0.002061,-0.000571,-0.000595,-0.001445,-0.000156,-0.000227,-6.5e-05,-0.000376,-0.001039,-0.001112,0.0,-0.000711,-0.001295,-0.002039,-0.002038,-0.000151,-0.001993,-0.000237,-0.001742,-0.00082,0.0,-0.000711,-0.002301,-0.001188,-0.001706,-0.001679,-0.002038,-0.000688,-0.000642,-0.000599,-0.000214,-0.000783,-0.001262,-0.001429,-0.001235
2017-05-31 09:31:00+02:00,-4.2e-05,0.0,-0.000897,-0.001905,-0.000847,-0.000478,-0.000835,-0.000977,-0.001507,-0.000433,-0.000193,-5.5e-05,-0.00131,-0.001194,-0.000728,-0.002237,-0.000678,-6.6e-05,-0.000537,-0.002387,0.0,-0.00238,-0.001528,-0.000114,-0.002473,-0.0024,-0.000964,0.0,-0.000811,-0.000365,-0.00013,-0.001268,0.0,-0.001077,-0.001075,-7.4e-05,-0.001098,-0.001464,-4.3e-05,-0.002533,-0.000823,-0.000113,-0.001475,0.0,-0.000806,-0.001296,-0.00103,-0.001394,-0.001091,0.0,-0.000237,-0.001194,-0.001095,-0.001224,-9.5e-05,0.0,-0.0008,-0.000165,0.0,-0.001105,-0.001261,-0.002488,-0.001798,0.0,-0.000928,-0.00231,-0.000733,-0.00144,0.0,-0.00064,-0.000845,-0.000338,-0.000179,-0.001073,-0.001101,0.0,-0.000735,-8.9e-05,-0.001317,-0.000111,-0.001244,-0.000127,-0.001368,-0.00249,-0.000666,-0.000718,-0.001716,-0.000151,-0.000247,-5.2e-05,-0.000442,-0.001229,-0.001298,0.0,-0.000833,-0.001559,-0.002417,-0.002417,-0.000121,-0.002408,-0.000263,-0.002055,-0.001008,0.0,-0.000862,-0.002683,-0.001387,-0.002051,-0.001981,-0.002419,-0.000833,-0.000763,-0.000736,-0.000191,-0.000937,-0.001545,-0.00169,-0.001454
2017-05-31 09:32:00+02:00,-3.4e-05,0.0,-0.000717,-0.001544,-0.000678,-0.000382,-0.000668,-0.000782,-0.001072,-0.000347,-0.000155,-4.4e-05,-0.000978,-0.000955,-0.000591,-0.001838,-0.000542,-5.2e-05,-0.00043,-0.001991,0.0,-0.001996,-0.001222,-9.2e-05,-0.001991,-0.001986,-0.000771,0.0,-0.000649,-0.000292,-0.000104,-0.001002,0.0,-0.000901,-0.000915,-5.9e-05,-0.000878,-0.001171,-3.4e-05,-0.001991,-0.000659,-9.1e-05,-0.00118,0.0,-0.000645,-0.001037,-0.000824,-0.001092,-0.000886,0.0,-0.00019,-0.000997,-0.0009,-0.000955,-7.6e-05,0.0,-0.00064,-0.000132,0.0,-0.000884,-0.001026,-0.001996,-0.001449,0.0,-0.000743,-0.001904,-0.000586,-0.001092,0.0,-0.000512,-0.000678,-0.00027,-0.000143,-0.000902,-0.000932,0.0,-0.000588,-7.1e-05,-0.001053,-8.9e-05,-0.001021,-0.000102,-0.001095,-0.001995,-0.000533,-0.000574,-0.001109,-0.000121,-0.000197,-4.1e-05,-0.000354,-0.001002,-0.000978,0.0,-0.000679,-0.001249,-0.001979,-0.001982,-9.7e-05,-0.001991,-0.000211,-0.001677,-0.000813,0.0,-0.00069,-0.001995,-0.001002,-0.001691,-0.001611,-0.001991,-0.000667,-0.00061,-0.000589,-0.000153,-0.000749,-0.001244,-0.001352,-0.001026
2017-05-31 09:33:00+02:00,-2.7e-05,0.0,-0.000574,-0.001235,-0.000542,-0.000306,-0.000535,-0.000626,-0.000804,-0.000277,-0.000124,-3.5e-05,-0.000774,-0.000764,-0.000473,-0.00147,-0.000434,-4.2e-05,-0.000344,-0.001559,0.0,-0.00156,-0.000978,-7.3e-05,-0.001559,-0.00156,-0.000617,0.0,-0.000519,-0.000234,-8.3e-05,-0.000781,0.0,-0.000721,-0.000732,-4.7e-05,-0.000702,-0.000937,-2.8e-05,-0.001559,-0.000527,-7.3e-05,-0.000944,0.0,-0.000516,-0.000829,-0.000659,-0.000811,-0.000708,0.0,-0.000152,-0.000781,-0.00072,-0.000764,-6.1e-05,0.0,-0.000512,-0.000106,0.0,-0.000707,-0.000789,-0.00156,-0.001159,0.0,-0.000594,-0.001523,-0.000469,-0.000811,0.0,-0.000409,-0.000543,-0.000216,-0.000115,-0.000722,-0.000746,0.0,-0.000471,-5.7e-05,-0.000843,-7.1e-05,-0.000789,-8.2e-05,-0.000876,-0.00156,-0.000426,-0.000459,-0.000816,-9.7e-05,-0.000158,-3.3e-05,-0.000283,-0.000781,-0.000774,0.0,-0.000543,-0.000999,-0.001555,-0.001557,-7.8e-05,-0.001559,-0.000169,-0.001342,-0.00065,0.0,-0.000552,-0.00156,-0.000781,-0.001353,-0.001289,-0.001559,-0.000533,-0.000488,-0.000471,-0.000122,-0.000599,-0.000995,-0.001082,-0.000789
2017-05-31 09:34:00+02:00,-2.2e-05,0.0,-0.000459,-0.000988,-0.000434,-0.000245,-0.000428,-0.0005,-0.000643,-0.000222,-9.9e-05,-2.8e-05,-0.000619,-0.000611,-0.000378,-0.001176,-0.000347,-3.4e-05,-0.000275,-0.001247,0.0,-0.001248,-0.000782,-5.9e-05,-0.001247,-0.001248,-0.000493,0.0,-0.000415,-0.000187,-6.7e-05,-0.000625,0.0,-0.000577,-0.000585,-3.8e-05,-0.000562,-0.00075,-2.2e-05,-0.001247,-0.000422,-5.8e-05,-0.000755,0.0,-0.000413,-0.000664,-0.000527,-0.000649,-0.000567,0.0,-0.000122,-0.000625,-0.000576,-0.000611,-4.9e-05,0.0,-0.00041,-8.5e-05,0.0,-0.000566,-0.000631,-0.001248,-0.000927,0.0,-0.000475,-0.001218,-0.000375,-0.000649,0.0,-0.000328,-0.000434,-0.000173,-9.2e-05,-0.000578,-0.000596,0.0,-0.000377,-4.6e-05,-0.000674,-5.7e-05,-0.000631,-6.5e-05,-0.000701,-0.001248,-0.000341,-0.000367,-0.000653,-7.7e-05,-0.000126,-2.7e-05,-0.000226,-0.000625,-0.000619,0.0,-0.000434,-0.0008,-0.001244,-0.001246,-6.2e-05,-0.001247,-0.000135,-0.001073,-0.00052,0.0,-0.000442,-0.001248,-0.000625,-0.001083,-0.001031,-0.001247,-0.000427,-0.00039,-0.000377,-9.8e-05,-0.00048,-0.000796,-0.000865,-0.000631
2017-05-31 09:35:00+02:00,-1.7e-05,0.0,-0.000367,-0.00079,-0.000347,-0.000196,-0.000342,-0.0004,-0.000514,-0.000177,-7.9e-05,-2.2e-05,-0.000495,-0.000489,-0.000303,-0.000941,-0.000278,-2.7e-05,-0.00022,-0.000998,0.0,-0.000999,-0.000626,-4.7e-05,-0.000998,-0.000999,-0.000395,0.0,-0.000332,-0.00015,-5.3e-05,-0.0005,0.0,-0.000461,-0.000468,-3e-05,-0.00045,-0.0006,-1.8e-05,-0.000998,-0.000337,-4.6e-05,-0.000604,0.0,-0.00033,-0.000531,-0.000422,-0.000519,-0.000453,0.0,-9.7e-05,-0.0005,-0.000461,-0.000489,-3.9e-05,0.0,-0.000328,-6.8e-05,0.0,-0.000453,-0.000505,-0.000999,-0.000742,0.0,-0.00038,-0.000975,-0.0003,-0.000519,0.0,-0.000262,-0.000347,-0.000138,-7.3e-05,-0.000462,-0.000477,0.0,-0.000301,-3.6e-05,-0.000539,-4.6e-05,-0.000505,-5.2e-05,-0.00056,-0.000999,-0.000273,-0.000294,-0.000522,-6.2e-05,-0.000101,-2.1e-05,-0.000181,-0.0005,-0.000495,0.0,-0.000347,-0.00064,-0.000995,-0.000996,-5e-05,-0.000998,-0.000108,-0.000859,-0.000416,0.0,-0.000353,-0.000999,-0.0005,-0.000866,-0.000825,-0.000998,-0.000341,-0.000312,-0.000302,-7.8e-05,-0.000384,-0.000637,-0.000692,-0.000505
2017-05-31 09:36:00+02:00,-1.4e-05,0.0,-0.000294,-0.000632,-0.000278,-0.000156,-0.000274,-0.00032,-0.000412,-0.000142,-6.3e-05,-1.8e-05,-0.000396,-0.000391,-0.000242,-0.000753,-0.000222,-2.1e-05,-0.000176,-0.000798,0.0,-0.000799,-0.000501,-3.8e-05,-0.000798,-0.000799,-0.000316,0.0,-0.000266,-0.00012,-4.3e-05,-0.0004,0.0,-0.000369,-0.000375,-2.4e-05,-0.00036,-0.00048,-1.4e-05,-0.000798,-0.00027,-3.7e-05,-0.000483,0.0,-0.000264,-0.000425,-0.000337,-0.000415,-0.000363,0.0,-7.8e-05,-0.0004,-0.000369,-0.000391,-3.1e-05,0.0,-0.000262,-5.4e-05,0.0,-0.000362,-0.000404,-0.000799,-0.000594,0.0,-0.000304,-0.00078,-0.00024,-0.000415,0.0,-0.00021,-0.000278,-0.000111,-5.9e-05,-0.00037,-0.000382,0.0,-0.000241,-2.9e-05,-0.000431,-3.7e-05,-0.000404,-4.2e-05,-0.000448,-0.000799,-0.000218,-0.000235,-0.000418,-5e-05,-8.1e-05,-1.7e-05,-0.000145,-0.0004,-0.000396,0.0,-0.000278,-0.000512,-0.000796,-0.000797,-4e-05,-0.000798,-8.6e-05,-0.000687,-0.000333,0.0,-0.000283,-0.000799,-0.0004,-0.000693,-0.00066,-0.000798,-0.000273,-0.00025,-0.000241,-6.3e-05,-0.000307,-0.000509,-0.000554,-0.000404
2017-05-31 09:37:00+02:00,-1.1e-05,0.0,-0.000235,-0.000506,-0.000222,-0.000125,-0.000219,-0.000256,-0.000329,-0.000114,-5.1e-05,-1.4e-05,-0.000317,-0.000313,-0.000194,-0.000602,-0.000178,-1.7e-05,-0.000141,-0.000638,0.0,-0.000639,-0.000401,-3e-05,-0.000638,-0.000639,-0.000253,0.0,-0.000213,-9.6e-05,-3.4e-05,-0.00032,0.0,-0.000295,-0.0003,-1.9e-05,-0.000288,-0.000384,-1.1e-05,-0.000638,-0.000216,-3e-05,-0.000387,0.0,-0.000211,-0.00034,-0.00027,-0.000332,-0.00029,0.0,-6.2e-05,-0.00032,-0.000295,-0.000313,-2.5e-05,0.0,-0.00021,-4.3e-05,0.0,-0.00029,-0.000323,-0.000639,-0.000475,0.0,-0.000243,-0.000624,-0.000192,-0.000332,0.0,-0.000168,-0.000222,-8.9e-05,-4.7e-05,-0.000296,-0.000305,0.0,-0.000193,-2.3e-05,-0.000345,-2.9e-05,-0.000323,-3.3e-05,-0.000359,-0.000639,-0.000175,-0.000188,-0.000334,-4e-05,-6.5e-05,-1.4e-05,-0.000116,-0.00032,-0.000317,0.0,-0.000222,-0.000409,-0.000637,-0.000638,-3.2e-05,-0.000638,-6.9e-05,-0.00055,-0.000266,0.0,-0.000226,-0.000639,-0.00032,-0.000554,-0.000528,-0.000638,-0.000218,-0.0002,-0.000193,-5e-05,-0.000246,-0.000408,-0.000443,-0.000323
2017-05-31 09:38:00+02:00,-9e-06,0.0,-0.000188,-0.000405,-0.000178,-0.0001,-0.000175,-0.000205,-0.000263,-9.1e-05,-4.1e-05,-1.2e-05,-0.000254,-0.00025,-0.000155,-0.000482,-0.000142,-1.4e-05,-0.000113,-0.000511,0.0,-0.000511,-0.00032,-2.4e-05,-0.000511,-0.000511,-0.000202,0.0,-0.00017,-7.7e-05,-2.7e-05,-0.000256,0.0,-0.000236,-0.00024,-1.5e-05,-0.00023,-0.000307,-9e-06,-0.000511,-0.000173,-2.4e-05,-0.000309,0.0,-0.000169,-0.000272,-0.000216,-0.000266,-0.000232,0.0,-5e-05,-0.000256,-0.000236,-0.00025,-2e-05,0.0,-0.000168,-3.5e-05,0.0,-0.000232,-0.000259,-0.000511,-0.00038,0.0,-0.000195,-0.000499,-0.000154,-0.000266,0.0,-0.000134,-0.000178,-7.1e-05,-3.8e-05,-0.000237,-0.000244,0.0,-0.000154,-1.9e-05,-0.000276,-2.3e-05,-0.000259,-2.7e-05,-0.000287,-0.000511,-0.00014,-0.00015,-0.000267,-3.2e-05,-5.2e-05,-1.1e-05,-9.3e-05,-0.000256,-0.000254,0.0,-0.000178,-0.000328,-0.00051,-0.00051,-2.5e-05,-0.000511,-5.5e-05,-0.00044,-0.000213,0.0,-0.000181,-0.000511,-0.000256,-0.000443,-0.000422,-0.000511,-0.000175,-0.00016,-0.000154,-4e-05,-0.000196,-0.000326,-0.000354,-0.000259
2017-05-31 09:39:00+02:00,-7e-06,0.0,-0.00015,-0.000324,-0.000142,-8e-05,-0.00014,-0.000164,-0.000319,-7.3e-05,-3.2e-05,-9e-06,-0.000373,-0.000333,-0.000124,-0.000385,-0.000114,-1.1e-05,-9e-05,-0.000547,0.0,-0.000542,-0.000256,-1.9e-05,-0.000573,-0.000446,-0.000162,0.0,-0.000136,-6.1e-05,-2.2e-05,-0.000287,0.0,-0.000246,-0.000285,-1.2e-05,-0.000184,-0.000246,-7e-06,-0.000627,-0.000138,-1.9e-05,-0.000248,0.0,-0.000135,-0.000217,-0.000173,-0.000262,-0.000186,0.0,-4e-05,-0.000261,-0.000189,-0.000355,-1.6e-05,0.0,-0.000134,-2.8e-05,0.0,-0.000185,-0.000265,-0.000589,-0.000304,0.0,-0.000156,-0.000413,-0.000123,-0.000277,0.0,-0.000107,-0.000142,-5.7e-05,-3e-05,-0.000248,-0.000307,0.0,-0.000123,-1.5e-05,-0.000221,-1.9e-05,-0.000207,-2.1e-05,-0.00023,-0.000592,-0.000112,-0.00012,-0.000425,-2.5e-05,-4.1e-05,-9e-06,-7.4e-05,-0.00022,-0.000362,0.0,-0.000142,-0.000262,-0.000449,-0.000449,-2e-05,-0.000547,-4.4e-05,-0.000352,-0.00017,0.0,-0.000145,-0.000736,-0.000382,-0.000392,-0.000338,-0.000448,-0.00014,-0.000128,-0.000124,-3.2e-05,-0.000157,-0.000261,-0.000284,-0.000384
2017-05-31 09:40:00+02:00,-0.0005,-0.000141,-0.002077,-0.002235,-0.002013,-0.001526,-0.001514,-0.001501,-0.001582,-0.001183,-0.00081,-0.00052,-0.001358,-0.001241,-0.000985,-0.002293,-0.00189,-0.000819,-0.001642,-0.002442,-8.9e-05,-0.002406,-0.002175,-0.000933,-0.002451,-0.002342,-0.001532,-0.000189,-0.001435,-0.001097,-0.000706,-0.001369,-6.2e-05,-0.001172,-0.001114,-0.000815,-0.002241,-0.002258,-0.000736,-0.002507,-0.001321,-0.000929,-0.002168,-0.000267,-0.001957,-0.002159,-0.00154,-0.001579,-0.001475,-0.000184,-0.000884,-0.001348,-0.001211,-0.001259,-0.000515,-0.000134,-0.002063,-0.001091,-0.000127,-0.002153,-0.001423,-0.002444,-0.002213,-0.000277,-0.002116,-0.002315,-0.001501,-0.001591,-9.3e-05,-0.001359,-0.001325,-0.00099,-0.000732,-0.001173,-0.001132,-0.000132,-0.001948,-0.000893,-0.002208,-0.000937,-0.001376,-0.000955,-0.002154,-0.00245,-0.00177,-0.00185,-0.001742,-0.000799,-0.000934,-0.000553,-0.001174,-0.001316,-0.00135,-3.2e-05,-0.001,-0.002194,-0.002453,-0.002421,-0.000963,-0.002442,-0.000912,-0.002254,-0.001506,-0.000194,-0.001389,-0.002574,-0.001445,-0.002375,-0.002302,-0.002363,-0.001323,-0.001429,-0.001372,-0.00112,-0.00213,-0.002194,-0.002212,-0.001518
2017-05-31 09:41:00+02:00,-0.0004,-0.000112,-0.002558,-0.00316,-0.002445,-0.001694,-0.002037,-0.002089,-0.002122,-0.00137,-0.00083,-0.000428,-0.001776,-0.001635,-0.001384,-0.003207,-0.002195,-0.000655,-0.00185,-0.003328,-7.1e-05,-0.003296,-0.00311,-0.000795,-0.003333,-0.003245,-0.002139,-0.000151,-0.001925,-0.001247,-0.000678,-0.001831,-4.9e-05,-0.00158,-0.001487,-0.000652,-0.002877,-0.003187,-0.000589,-0.003379,-0.001837,-0.000788,-0.003105,-0.000214,-0.002357,-0.00295,-0.002146,-0.002152,-0.002037,-0.000147,-0.000946,-0.001814,-0.001658,-0.001649,-0.000497,-0.000107,-0.002457,-0.000983,-0.000102,-0.002816,-0.001918,-0.003326,-0.003141,-0.000222,-0.002624,-0.003224,-0.001927,-0.002161,-7.5e-05,-0.001731,-0.001839,-0.001123,-0.000762,-0.001581,-0.001501,-0.000105,-0.002273,-0.000715,-0.00306,-0.000791,-0.00188,-0.000807,-0.003006,-0.003331,-0.002068,-0.002197,-0.002307,-0.000767,-0.00098,-0.000442,-0.001382,-0.001788,-0.001769,-2.5e-05,-0.001396,-0.003128,-0.003348,-0.003317,-0.000798,-0.003328,-0.000984,-0.003174,-0.002093,-0.000155,-0.001931,-0.003431,-0.001891,-0.003281,-0.003218,-0.003265,-0.001838,-0.001877,-0.001842,-0.001039,-0.002631,-0.003127,-0.003142,-0.001994
2017-05-31 09:42:00+02:00,-0.00032,-9e-05,-0.002047,-0.003022,-0.001956,-0.001355,-0.001735,-0.001874,-0.002238,-0.001096,-0.000664,-0.000342,-0.002061,-0.001854,-0.001297,-0.003242,-0.001756,-0.000524,-0.00148,-0.003543,-5.7e-05,-0.003508,-0.002808,-0.000636,-0.003552,-0.003387,-0.001893,-0.000121,-0.001642,-0.000998,-0.000542,-0.001915,-3.9e-05,-0.001638,-0.001634,-0.000522,-0.00237,-0.002834,-0.000471,-0.003715,-0.001634,-0.000631,-0.002802,-0.000171,-0.001886,-0.002515,-0.001913,-0.002196,-0.001911,-0.000117,-0.000756,-0.001882,-0.001668,-0.001919,-0.000397,-8.6e-05,-0.001966,-0.000786,-8.2e-05,-0.002323,-0.001984,-0.003589,-0.002947,-0.000178,-0.002099,-0.003302,-0.001587,-0.002231,-6e-05,-0.001419,-0.001665,-0.000899,-0.000609,-0.001667,-0.001691,-8.4e-05,-0.001819,-0.000572,-0.002645,-0.000632,-0.001887,-0.000646,-0.002599,-0.003598,-0.001654,-0.001758,-0.002629,-0.000614,-0.000784,-0.000354,-0.001106,-0.001834,-0.002033,-2e-05,-0.001351,-0.002836,-0.003486,-0.003462,-0.000639,-0.003491,-0.000787,-0.003117,-0.001915,-0.000124,-0.001713,-0.004017,-0.002179,-0.003245,-0.003113,-0.003418,-0.001641,-0.001577,-0.001584,-0.000831,-0.002105,-0.002862,-0.002887,-0.002269
2017-05-31 09:43:00+02:00,-0.000256,-7.2e-05,-0.001689,-0.003195,-0.001565,-0.001084,-0.001605,-0.001854,-0.00263,-0.000877,-0.000531,-0.000274,-0.00259,-0.002284,-0.001342,-0.003619,-0.001405,-0.000419,-0.001184,-0.004122,-4.6e-05,-0.004071,-0.002779,-0.000509,-0.004154,-0.003889,-0.00184,-9.7e-05,-0.001529,-0.000798,-0.000434,-0.002227,-3.2e-05,-0.001879,-0.001956,-0.000417,-0.00209,-0.002763,-0.000377,-0.004441,-0.0016,-0.000505,-0.002766,-0.000137,-0.001509,-0.002332,-0.001884,-0.002488,-0.001991,-9.4e-05,-0.000605,-0.002163,-0.001869,-0.002407,-0.000318,-6.9e-05,-0.001573,-0.000629,-6.5e-05,-0.002057,-0.002277,-0.004217,-0.003053,-0.000142,-0.00176,-0.003728,-0.001401,-0.002554,-4.8e-05,-0.001247,-0.001663,-0.000719,-0.000487,-0.001935,-0.002063,-6.7e-05,-0.001455,-0.000457,-0.002488,-0.000506,-0.002115,-0.000517,-0.002451,-0.004232,-0.001323,-0.001406,-0.003267,-0.000491,-0.000627,-0.000283,-0.000885,-0.002098,-0.002537,-1.6e-05,-0.001452,-0.002818,-0.004023,-0.003994,-0.000511,-0.004025,-0.000629,-0.003382,-0.001935,-9.9e-05,-0.001672,-0.005019,-0.002729,-0.003551,-0.00334,-0.003941,-0.001614,-0.001438,-0.001483,-0.000665,-0.001735,-0.002872,-0.002926,-0.00282
2017-05-31 09:44:00+02:00,-0.000205,-5.8e-05,-0.001853,-0.003776,-0.001701,-0.001013,-0.001751,-0.002062,-0.002817,-0.00089,-0.000432,-0.000219,-0.002697,-0.002428,-0.001576,-0.004153,-0.001439,-0.000336,-0.001144,-0.004554,-3.7e-05,-0.004516,-0.003216,-0.000407,-0.004581,-0.004369,-0.00203,-7.7e-05,-0.001673,-0.000785,-0.000347,-0.00243,-2.5e-05,-0.002104,-0.002143,-0.000334,-0.002297,-0.003155,-0.000301,-0.00481,-0.001793,-0.000404,-0.003167,-0.000109,-0.001621,-0.002642,-0.002082,-0.00272,-0.002236,-7.5e-05,-0.000538,-0.002378,-0.00212,-0.002527,-0.000254,-5.5e-05,-0.001677,-0.000503,-5.2e-05,-0.002312,-0.002493,-0.004632,-0.003584,-0.000114,-0.001937,-0.004241,-0.001515,-0.002774,-3.8e-05,-0.001358,-0.001859,-0.000712,-0.000402,-0.002149,-0.002229,-5.4e-05,-0.001504,-0.000366,-0.00282,-0.000405,-0.002363,-0.000413,-0.002789,-0.004644,-0.001355,-0.001476,-0.003358,-0.000393,-0.000534,-0.000226,-0.000923,-0.002326,-0.002654,-1.3e-05,-0.00174,-0.003223,-0.004472,-0.00445,-0.000409,-0.004477,-0.000568,-0.003964,-0.002148,-7.9e-05,-0.001862,-0.005273,-0.002831,-0.004096,-0.003928,-0.004409,-0.001811,-0.001567,-0.001622,-0.000532,-0.001914,-0.003305,-0.003402,-0.002927
2017-05-31 09:45:00+02:00,-0.000164,-4.6e-05,-0.001483,-0.003169,-0.001361,-0.000811,-0.001401,-0.001657,-0.002479,-0.000712,-0.000346,-0.000175,-0.002475,-0.00221,-0.001288,-0.003605,-0.001151,-0.000268,-0.000915,-0.004061,-2.9e-05,-0.004025,-0.002584,-0.000325,-0.004056,-0.003859,-0.001624,-6.2e-05,-0.001338,-0.000628,-0.000278,-0.002131,-2e-05,-0.001836,-0.001925,-0.000267,-0.001838,-0.002524,-0.000241,-0.00431,-0.001434,-0.000323,-0.002547,-8.7e-05,-0.001297,-0.002113,-0.001671,-0.002367,-0.001835,-6e-05,-0.00043,-0.002093,-0.001838,-0.002325,-0.000203,-4.4e-05,-0.001341,-0.000402,-4.2e-05,-0.00185,-0.002189,-0.004112,-0.002971,-9.1e-05,-0.00155,-0.003707,-0.001212,-0.002429,-3.1e-05,-0.001086,-0.001506,-0.000569,-0.000321,-0.00191,-0.002025,-4.3e-05,-0.001203,-0.000293,-0.002256,-0.000324,-0.002045,-0.000331,-0.002232,-0.004125,-0.001084,-0.00118,-0.003044,-0.000314,-0.000427,-0.000181,-0.000739,-0.002038,-0.002426,-1e-05,-0.001472,-0.002578,-0.00395,-0.003933,-0.000327,-0.003927,-0.000454,-0.003381,-0.001753,-6.4e-05,-0.001489,-0.004853,-0.002588,-0.003468,-0.003323,-0.003901,-0.00145,-0.001254,-0.001298,-0.000425,-0.001531,-0.002687,-0.002781,-0.002659
2017-05-31 09:46:00+02:00,-0.000131,-3.7e-05,-0.001186,-0.002721,-0.001089,-0.000648,-0.001121,-0.001362,-0.002247,-0.000569,-0.000277,-0.00014,-0.00232,-0.002057,-0.00108,-0.003199,-0.000921,-0.000215,-0.000732,-0.003709,-2.3e-05,-0.003674,-0.002124,-0.00026,-0.003689,-0.003482,-0.001317,-4.9e-05,-0.001071,-0.000503,-0.000222,-0.001922,-1.6e-05,-0.001646,-0.00177,-0.000214,-0.00147,-0.002049,-0.000193,-0.003959,-0.001169,-0.000258,-0.002097,-7e-05,-0.001038,-0.001691,-0.001367,-0.002116,-0.001546,-4.8e-05,-0.000344,-0.001889,-0.001629,-0.002181,-0.000163,-3.5e-05,-0.001073,-0.000322,-3.3e-05,-0.00148,-0.001974,-0.003746,-0.002519,-7.3e-05,-0.00124,-0.003313,-0.00097,-0.002185,-2.4e-05,-0.000869,-0.001248,-0.000455,-0.000257,-0.001738,-0.001879,-3.4e-05,-0.000962,-0.000234,-0.001805,-0.000259,-0.001812,-0.000265,-0.001785,-0.00376,-0.000867,-0.000944,-0.002831,-0.000251,-0.000342,-0.000145,-0.000591,-0.001827,-0.002267,-8e-06,-0.001274,-0.002104,-0.003563,-0.00355,-0.000262,-0.003539,-0.000363,-0.00295,-0.001466,-5.1e-05,-0.001211,-0.004557,-0.002419,-0.003017,-0.002875,-0.003525,-0.001185,-0.001003,-0.001038,-0.00034,-0.001225,-0.002239,-0.002323,-0.002475
2017-05-31 09:47:00+02:00,-0.000105,-2.9e-05,-0.000993,-0.002681,-0.000871,-0.000519,-0.001027,-0.001299,-0.002281,-0.000456,-0.000221,-0.000112,-0.002413,-0.002131,-0.001055,-0.003218,-0.000737,-0.000172,-0.000586,-0.003773,-1.9e-05,-0.003738,-0.002044,-0.000208,-0.003769,-0.003537,-0.001246,-4e-05,-0.00099,-0.000402,-0.000178,-0.001948,-1.3e-05,-0.001666,-0.001822,-0.000171,-0.001293,-0.001953,-0.000154,-0.004067,-0.001112,-0.000207,-0.002018,-5.6e-05,-0.00083,-0.001568,-0.001306,-0.002116,-0.001501,-3.8e-05,-0.000275,-0.001904,-0.001635,-0.002273,-0.00013,-2.8e-05,-0.000858,-0.000258,-2.7e-05,-0.001316,-0.001986,-0.00383,-0.002469,-5.8e-05,-0.001054,-0.003345,-0.000857,-0.002193,-2e-05,-0.000765,-0.001198,-0.000364,-0.000206,-0.001764,-0.001947,-2.8e-05,-0.00077,-0.000187,-0.001683,-0.000207,-0.001813,-0.000212,-0.001678,-0.003845,-0.000694,-0.000755,-0.00292,-0.000201,-0.000274,-0.000116,-0.000473,-0.001843,-0.002352,-7e-06,-0.001262,-0.002024,-0.003613,-0.003603,-0.000209,-0.003594,-0.000291,-0.002935,-0.00141,-4.1e-05,-0.001149,-0.004754,-0.002509,-0.002993,-0.002841,-0.003583,-0.00113,-0.000913,-0.000963,-0.000272,-0.00102,-0.002166,-0.00226,-0.002557
2017-05-31 09:48:00+02:00,-8.4e-05,-2.4e-05,-0.001039,-0.003113,-0.000858,-0.000415,-0.001162,-0.001512,-0.002764,-0.000405,-0.000177,-9e-05,-0.002942,-0.002585,-0.001229,-0.003789,-0.000644,-0.000137,-0.000469,-0.004466,-1.5e-05,-0.004412,-0.002348,-0.000167,-0.004485,-0.004193,-0.001443,-3.2e-05,-0.001132,-0.000322,-0.000142,-0.002346,-1e-05,-0.001986,-0.002184,-0.000137,-0.001411,-0.002246,-0.000123,-0.00487,-0.00129,-0.000165,-0.00232,-4.5e-05,-0.000788,-0.001771,-0.001526,-0.002527,-0.001767,-3.1e-05,-0.00022,-0.002274,-0.001947,-0.002764,-0.000104,-2.2e-05,-0.000852,-0.000206,-2.1e-05,-0.00144,-0.002375,-0.004556,-0.002863,-4.7e-05,-0.001117,-0.003951,-0.000943,-0.002627,-1.6e-05,-0.000839,-0.001397,-0.000292,-0.000165,-0.002098,-0.002345,-2.2e-05,-0.000684,-0.00015,-0.001906,-0.000166,-0.00217,-0.000169,-0.00191,-0.004575,-0.00056,-0.000692,-0.003586,-0.000161,-0.000219,-9.3e-05,-0.000445,-0.002212,-0.002874,-5e-06,-0.001474,-0.002337,-0.004316,-0.004297,-0.000167,-0.004267,-0.000233,-0.003426,-0.001647,-3.3e-05,-0.001332,-0.005734,-0.003078,-0.003516,-0.003319,-0.004258,-0.001313,-0.001033,-0.001102,-0.000218,-0.001058,-0.002497,-0.002619,-0.003136
2017-05-31 09:49:00+02:00,-6.7e-05,-1.9e-05,-0.001545,-0.003893,-0.001345,-0.000635,-0.001568,-0.001979,-0.003026,-0.000615,-0.000217,-7.2e-05,-0.003057,-0.002741,-0.001608,-0.004434,-0.001015,-0.00011,-0.000737,-0.004975,-1.2e-05,-0.004932,-0.003166,-0.000133,-0.004991,-0.004757,-0.001902,-2.5e-05,-0.001508,-0.000507,-0.000133,-0.002611,-8e-06,-0.002262,-0.002391,-0.000109,-0.001961,-0.003031,-9.9e-05,-0.005299,-0.001712,-0.000132,-0.003087,-3.6e-05,-0.001248,-0.002434,-0.001976,-0.002857,-0.002228,-2.5e-05,-0.000312,-0.002552,-0.002261,-0.002884,-9.8e-05,-1.8e-05,-0.001301,-0.000165,-1.7e-05,-0.002063,-0.002662,-0.005048,-0.003693,-3.7e-05,-0.001639,-0.004563,-0.001307,-0.002937,-1.3e-05,-0.001175,-0.00181,-0.000457,-0.000203,-0.002352,-0.002519,-1.8e-05,-0.001064,-0.00012,-0.002626,-0.000133,-0.002498,-0.000135,-0.002605,-0.005063,-0.000928,-0.001093,-0.003721,-0.00015,-0.000285,-7.4e-05,-0.000685,-0.002503,-0.003003,-4e-06,-0.001822,-0.00309,-0.004857,-0.004841,-0.000134,-0.004816,-0.000328,-0.004144,-0.002107,-2.6e-05,-0.001764,-0.00599,-0.003196,-0.004216,-0.004058,-0.004809,-0.001739,-0.001389,-0.00147,-0.000174,-0.001595,-0.00329,-0.003441,-0.003271
2017-05-31 09:50:00+02:00,-5.4e-05,-1.5e-05,-0.001236,-0.00367,-0.001076,-0.000508,-0.001344,-0.001799,-0.003019,-0.000492,-0.000174,-5.7e-05,-0.003201,-0.002834,-0.001468,-0.004339,-0.000812,-8.8e-05,-0.000589,-0.005008,-1e-05,-0.004958,-0.002873,-0.000107,-0.004974,-0.004743,-0.001708,-2e-05,-0.001286,-0.000406,-0.000106,-0.002592,-7e-06,-0.002228,-0.002429,-8.7e-05,-0.001568,-0.002723,-7.9e-05,-0.005378,-0.001544,-0.000106,-0.002793,-2.9e-05,-0.000998,-0.002062,-0.001778,-0.002825,-0.002049,-2e-05,-0.000249,-0.002547,-0.002217,-0.003019,-7.9e-05,-1.4e-05,-0.001041,-0.000132,-1.4e-05,-0.001671,-0.002654,-0.005068,-0.003431,-3e-05,-0.001311,-0.004501,-0.001058,-0.002923,-1e-05,-0.000944,-0.001651,-0.000366,-0.000163,-0.002362,-0.002591,-1.4e-05,-0.000851,-9.6e-05,-0.002284,-0.000106,-0.002451,-0.000108,-0.002249,-0.005086,-0.000742,-0.000875,-0.003863,-0.00012,-0.000228,-5.9e-05,-0.000548,-0.002487,-0.003128,-3e-06,-0.001734,-0.00275,-0.004853,-0.004837,-0.000107,-0.004763,-0.000262,-0.003978,-0.001936,-2.1e-05,-0.001588,-0.006259,-0.003335,-0.004017,-0.003863,-0.004805,-0.001574,-0.001157,-0.00127,-0.000139,-0.001276,-0.003008,-0.003152,-0.003396
2017-05-31 09:51:00+02:00,-4.3e-05,-1.2e-05,-0.001458,-0.004246,-0.001253,-0.000451,-0.001573,-0.002077,-0.003377,-0.000548,-0.000139,-4.6e-05,-0.003377,-0.003042,-0.001678,-0.005069,-0.000901,-7e-05,-0.000578,-0.005616,-8e-06,-0.005572,-0.003329,-8.5e-05,-0.005586,-0.005401,-0.001979,-1.6e-05,-0.001511,-0.000434,-8.5e-05,-0.00293,-5e-06,-0.002557,-0.002676,-7e-05,-0.001821,-0.003161,-6.3e-05,-0.005912,-0.001789,-8.5e-05,-0.003233,-2.3e-05,-0.001149,-0.002433,-0.002062,-0.003249,-0.002329,-1.6e-05,-0.0002,-0.002894,-0.002589,-0.003189,-6.3e-05,-1.1e-05,-0.001208,-0.000106,-1.1e-05,-0.001982,-0.003018,-0.00566,-0.003961,-2.4e-05,-0.001551,-0.005207,-0.001251,-0.003328,-8e-06,-0.00112,-0.001902,-0.000385,-0.00013,-0.002664,-0.002806,-1.1e-05,-0.000948,-7.7e-05,-0.002672,-8.5e-05,-0.002856,-8.7e-05,-0.002644,-0.005674,-0.000805,-0.000989,-0.0041,-9.6e-05,-0.000182,-4.7e-05,-0.000627,-0.002846,-0.003318,-3e-06,-0.002012,-0.003159,-0.005502,-0.005486,-8.6e-05,-0.00542,-0.00021,-0.004622,-0.002223,-1.7e-05,-0.00184,-0.006614,-0.003524,-0.004609,-0.004475,-0.005453,-0.001822,-0.001365,-0.001484,-0.000112,-0.001504,-0.003469,-0.003645,-0.003611
2017-05-31 09:52:00+02:00,-3.4e-05,-1e-05,-0.001202,-0.003851,-0.001002,-0.000361,-0.001371,-0.001844,-0.002574,-0.000438,-0.000111,-3.7e-05,-0.002366,-0.002311,-0.001506,-0.004656,-0.000721,-5.6e-05,-0.000462,-0.004741,-6e-06,-0.004748,-0.002992,-6.8e-05,-0.004746,-0.004746,-0.001749,-1.3e-05,-0.001314,-0.000347,-6.8e-05,-0.002421,-4e-06,-0.002311,-0.002258,-5.6e-05,-0.001523,-0.002827,-5.1e-05,-0.004741,-0.001593,-6.8e-05,-0.002896,-1.8e-05,-0.000919,-0.002129,-0.001819,-0.002615,-0.002064,-1.3e-05,-0.00016,-0.002421,-0.002366,-0.002311,-5e-05,-9e-06,-0.000966,-8.4e-05,-9e-06,-0.001712,-0.002475,-0.004748,-0.003576,-1.9e-05,-0.001293,-0.004746,-0.001071,-0.002615,-6e-06,-0.000959,-0.001695,-0.000308,-0.000104,-0.002311,-0.002258,-9e-06,-0.000758,-6.1e-05,-0.002366,-6.8e-05,-0.002475,-6.9e-05,-0.00233,-0.004748,-0.000644,-0.000791,-0.002648,-7.7e-05,-0.000146,-3.8e-05,-0.000501,-0.002421,-0.002366,-2e-06,-0.00184,-0.002797,-0.004727,-0.00473,-6.9e-05,-0.004741,-0.000168,-0.004219,-0.001976,-1.3e-05,-0.001633,-0.004746,-0.002421,-0.004175,-0.004069,-0.004741,-0.001623,-0.001178,-0.0013,-8.9e-05,-0.001245,-0.003117,-0.003274,-0.002475
2017-05-31 09:53:00+02:00,-2.7e-05,-8e-06,-0.000961,-0.003081,-0.000802,-0.000288,-0.001097,-0.001475,-0.002059,-0.00035,-8.9e-05,-2.9e-05,-0.001929,-0.001865,-0.001205,-0.003724,-0.000576,-4.5e-05,-0.00037,-0.003793,-5e-06,-0.003798,-0.002394,-5.5e-05,-0.003797,-0.003797,-0.001399,-1e-05,-0.001051,-0.000278,-5.5e-05,-0.001937,-3e-06,-0.001849,-0.001806,-4.5e-05,-0.001218,-0.002262,-4e-05,-0.003793,-0.001274,-5.4e-05,-0.002317,-1.5e-05,-0.000735,-0.001704,-0.001455,-0.002084,-0.001651,-1e-05,-0.000128,-0.001937,-0.001893,-0.001883,-4e-05,-7e-06,-0.000773,-6.8e-05,-7e-06,-0.001369,-0.00198,-0.003798,-0.002861,-1.5e-05,-0.001034,-0.003797,-0.000857,-0.002084,-5e-06,-0.000767,-0.001356,-0.000247,-8.3e-05,-0.001849,-0.001814,-7e-06,-0.000607,-4.9e-05,-0.001893,-5.4e-05,-0.00198,-5.5e-05,-0.001864,-0.003798,-0.000515,-0.000633,-0.002098,-6.1e-05,-0.000117,-3e-05,-0.000401,-0.001937,-0.001921,-2e-06,-0.001472,-0.002238,-0.003781,-0.003784,-5.5e-05,-0.003793,-0.000135,-0.003375,-0.001581,-1.1e-05,-0.001307,-0.003866,-0.001969,-0.00334,-0.003255,-0.003793,-0.001298,-0.000942,-0.00104,-7.1e-05,-0.000996,-0.002494,-0.002619,-0.002005
2017-05-31 09:54:00+02:00,-2.2e-05,-6e-06,-0.000769,-0.002465,-0.000641,-0.000231,-0.000878,-0.00118,-0.001648,-0.00028,-7.1e-05,-2.4e-05,-0.001543,-0.001492,-0.000964,-0.00298,-0.000461,-3.6e-05,-0.000296,-0.003034,-4e-06,-0.003039,-0.001915,-4.4e-05,-0.003037,-0.003037,-0.001119,-8e-06,-0.000841,-0.000222,-4.4e-05,-0.001549,-3e-06,-0.001479,-0.001445,-3.6e-05,-0.000975,-0.001809,-3.2e-05,-0.003034,-0.001019,-4.3e-05,-0.001854,-1.2e-05,-0.000588,-0.001363,-0.001164,-0.001668,-0.001321,-8e-06,-0.000102,-0.001549,-0.001514,-0.001507,-3.2e-05,-6e-06,-0.000618,-5.4e-05,-6e-06,-0.001096,-0.001584,-0.003039,-0.002289,-1.2e-05,-0.000827,-0.003037,-0.000685,-0.001668,-4e-06,-0.000614,-0.001085,-0.000197,-6.7e-05,-0.001479,-0.001452,-6e-06,-0.000485,-3.9e-05,-0.001514,-4.3e-05,-0.001584,-4.4e-05,-0.001491,-0.003039,-0.000412,-0.000507,-0.001679,-4.9e-05,-9.3e-05,-2.4e-05,-0.000321,-0.001549,-0.001537,-1e-06,-0.001178,-0.00179,-0.003025,-0.003027,-4.4e-05,-0.003034,-0.000108,-0.0027,-0.001265,-9e-06,-0.001045,-0.003093,-0.001575,-0.002672,-0.002604,-0.003034,-0.001039,-0.000754,-0.000832,-5.7e-05,-0.000797,-0.001995,-0.002095,-0.001604
2017-05-31 09:55:00+02:00,-1.8e-05,-5e-06,-0.000615,-0.001972,-0.000513,-0.000185,-0.000702,-0.000944,-0.001318,-0.000224,-5.7e-05,-1.9e-05,-0.00125,-0.001194,-0.000771,-0.002384,-0.000369,-2.9e-05,-0.000237,-0.002427,-3e-06,-0.002431,-0.001532,-3.5e-05,-0.00243,-0.00243,-0.000896,-7e-06,-0.000673,-0.000178,-3.5e-05,-0.00124,-2e-06,-0.001183,-0.001156,-2.9e-05,-0.00078,-0.001447,-2.6e-05,-0.002427,-0.000815,-3.5e-05,-0.001483,-9e-06,-0.000471,-0.00109,-0.000931,-0.001334,-0.001057,-6e-06,-8.2e-05,-0.00124,-0.001211,-0.00122,-2.6e-05,-5e-06,-0.000495,-4.3e-05,-4e-06,-0.000876,-0.001267,-0.002431,-0.001831,-1e-05,-0.000662,-0.00243,-0.000548,-0.001334,-3e-06,-0.000491,-0.000868,-0.000158,-5.3e-05,-0.001183,-0.001161,-5e-06,-0.000388,-3.1e-05,-0.001211,-3.5e-05,-0.001267,-3.6e-05,-0.001193,-0.002431,-0.00033,-0.000405,-0.001351,-3.9e-05,-7.5e-05,-1.9e-05,-0.000257,-0.00124,-0.001239,-1e-06,-0.000942,-0.001432,-0.00242,-0.002422,-3.5e-05,-0.002427,-8.6e-05,-0.00216,-0.001012,-7e-06,-0.000836,-0.002504,-0.001273,-0.002138,-0.002083,-0.002427,-0.000831,-0.000603,-0.000665,-4.6e-05,-0.000637,-0.001596,-0.001676,-0.001289
2017-05-31 09:56:00+02:00,-1.4e-05,-4e-06,-0.000492,-0.001577,-0.00041,-0.000148,-0.000562,-0.000755,-0.001071,-0.000179,-4.6e-05,-1.5e-05,-0.001052,-0.000995,-0.000617,-0.001907,-0.000295,-2.3e-05,-0.000189,-0.001975,-3e-06,-0.001976,-0.001226,-2.8e-05,-0.001975,-0.001944,-0.000716,-5e-06,-0.000538,-0.000142,-2.8e-05,-0.001003,-2e-06,-0.000952,-0.00095,-2.3e-05,-0.000624,-0.001158,-2.1e-05,-0.001995,-0.000652,-2.8e-05,-0.001186,-8e-06,-0.000376,-0.000872,-0.000745,-0.001071,-0.000845,-5e-06,-6.5e-05,-0.001001,-0.000969,-0.001026,-2.1e-05,-4e-06,-0.000396,-3.5e-05,-4e-06,-0.000701,-0.001023,-0.001981,-0.001465,-8e-06,-0.00053,-0.001944,-0.000439,-0.001076,-3e-06,-0.000393,-0.000694,-0.000126,-4.3e-05,-0.00096,-0.000964,-4e-06,-0.000311,-2.5e-05,-0.000969,-2.8e-05,-0.001014,-2.8e-05,-0.000954,-0.001982,-0.000264,-0.000324,-0.00113,-3.1e-05,-6e-05,-1.6e-05,-0.000205,-0.000992,-0.001039,-1e-06,-0.000754,-0.001146,-0.001936,-0.001938,-2.8e-05,-0.00196,-6.9e-05,-0.001728,-0.00081,-5e-06,-0.000669,-0.002105,-0.001069,-0.00171,-0.001666,-0.001942,-0.000665,-0.000482,-0.000532,-3.7e-05,-0.00051,-0.001277,-0.001341,-0.001078
2017-05-31 09:57:00+02:00,-1.1e-05,-3e-06,-0.000394,-0.001262,-0.000328,-0.000118,-0.000449,-0.000604,-0.000857,-0.000144,-3.6e-05,-1.2e-05,-0.000841,-0.000796,-0.000494,-0.001526,-0.000236,-1.8e-05,-0.000152,-0.00158,-2e-06,-0.001581,-0.00098,-2.2e-05,-0.00158,-0.001555,-0.000573,-4e-06,-0.00043,-0.000114,-2.2e-05,-0.000803,-1e-06,-0.000762,-0.00076,-1.8e-05,-0.000499,-0.000926,-1.7e-05,-0.001596,-0.000522,-2.2e-05,-0.000949,-6e-06,-0.000301,-0.000698,-0.000596,-0.000857,-0.000676,-4e-06,-5.2e-05,-0.000801,-0.000775,-0.000821,-1.6e-05,-3e-06,-0.000317,-2.8e-05,-3e-06,-0.000561,-0.000818,-0.001585,-0.001172,-6e-06,-0.000424,-0.001555,-0.000351,-0.000861,-2e-06,-0.000314,-0.000555,-0.000101,-3.4e-05,-0.000768,-0.000771,-3e-06,-0.000249,-2e-05,-0.000775,-2.2e-05,-0.000811,-2.3e-05,-0.000763,-0.001586,-0.000211,-0.000259,-0.000904,-2.5e-05,-4.8e-05,-1.2e-05,-0.000164,-0.000793,-0.000831,-1e-06,-0.000603,-0.000917,-0.001549,-0.00155,-2.2e-05,-0.001568,-5.5e-05,-0.001382,-0.000648,-4e-06,-0.000535,-0.001684,-0.000855,-0.001368,-0.001333,-0.001553,-0.000532,-0.000386,-0.000426,-2.9e-05,-0.000408,-0.001021,-0.001073,-0.000862
2017-05-31 09:58:00+02:00,-9e-06,-3e-06,-0.000887,-0.002109,-0.000777,-0.00039,-0.000931,-0.001159,-0.001748,-0.000397,-0.000137,-1e-05,-0.001554,-0.001446,-0.000877,-0.002514,-0.00064,-1.5e-05,-0.000465,-0.002809,-2e-06,-0.002775,-0.001724,-2.2e-05,-0.002802,-0.002651,-0.00112,-3e-06,-0.00088,-0.000348,-8e-05,-0.001523,-1e-06,-0.001331,-0.001343,-1.5e-05,-0.001121,-0.001687,-1.3e-05,-0.002916,-0.000994,-2e-05,-0.001696,-5e-06,-0.000727,-0.001326,-0.001144,-0.00168,-0.001294,-3e-06,-0.000203,-0.001496,-0.001326,-0.001466,-5.7e-05,-2e-06,-0.000791,-5.9e-05,-2e-06,-0.001145,-0.001561,-0.002838,-0.001976,-5e-06,-0.000937,-0.002583,-0.000781,-0.001715,-2e-06,-0.000697,-0.001053,-0.000297,-0.000138,-0.001365,-0.001352,-2e-06,-0.000648,-1.6e-05,-0.00146,-1.8e-05,-0.00146,-1.8e-05,-0.00141,-0.00284,-0.000564,-0.000665,-0.001901,-9.1e-05,-0.000181,-1e-05,-0.00043,-0.001441,-0.001546,-1e-06,-0.001002,-0.001697,-0.002726,-0.002711,-1.8e-05,-0.002751,-0.000204,-0.002291,-0.001237,-3e-06,-0.001031,-0.002969,-0.001633,-0.002399,-0.002246,-0.002678,-0.001008,-0.000813,-0.000875,-8.2e-05,-0.00091,-0.001808,-0.001847,-0.0017
2017-05-31 09:59:00+02:00,-2.3e-05,-2e-06,-0.00171,-0.003426,-0.001575,-0.000882,-0.001758,-0.002107,-0.002616,-0.000861,-0.000368,-6.6e-05,-0.002215,-0.00205,-0.001511,-0.003772,-0.001342,-1.2e-05,-0.001024,-0.00403,-1e-06,-0.003964,-0.003004,-0.00014,-0.003992,-0.003881,-0.002054,-3e-06,-0.001657,-0.000758,-0.000247,-0.002263,-1e-06,-0.001958,-0.001884,-3.2e-05,-0.002174,-0.003009,-1.1e-05,-0.004115,-0.001811,-0.000137,-0.002923,-4e-06,-0.001491,-0.002416,-0.002081,-0.0026,-0.002253,-3e-06,-0.000487,-0.002241,-0.002032,-0.002066,-0.000178,-2e-06,-0.001599,-0.000243,-2e-06,-0.002164,-0.00236,-0.004014,-0.003317,-4e-06,-0.001792,-0.003827,-0.001523,-0.002628,-1e-06,-0.001365,-0.001875,-0.000666,-0.000354,-0.001985,-0.001891,-2e-06,-0.001384,-7.4e-05,-0.002652,-0.000132,-0.002279,-0.000138,-0.002528,-0.004011,-0.001214,-0.001358,-0.002805,-0.000279,-0.000465,-5.6e-05,-0.000913,-0.002198,-0.002209,-0.0,-0.001612,-0.002995,-0.004046,-0.004007,-0.000126,-0.003984,-0.000505,-0.003576,-0.002198,-3e-06,-0.001885,-0.004136,-0.002351,-0.003758,-0.003607,-0.003925,-0.001832,-0.001554,-0.001617,-0.000294,-0.001797,-0.003103,-0.003184,-0.002471
2017-05-31 10:00:00+02:00,-1.8e-05,-2e-06,-0.00193,-0.004297,-0.001799,-0.000788,-0.002133,-0.0026,-0.003336,-0.000931,-0.000295,-5.3e-05,-0.002779,-0.00257,-0.00187,-0.004851,-0.001408,-9e-06,-0.000976,-0.00508,-1e-06,-0.004988,-0.003689,-0.000112,-0.005017,-0.004938,-0.002525,-2e-06,-0.001997,-0.000768,-0.000198,-0.002887,-1e-06,-0.002497,-0.002358,-2.6e-05,-0.00255,-0.0037,-8e-06,-0.005148,-0.002235,-0.000109,-0.003513,-3e-06,-0.001682,-0.002899,-0.002546,-0.003361,-0.002808,-2e-06,-0.000402,-0.00287,-0.002632,-0.002583,-0.000142,-2e-06,-0.001762,-0.000194,-1e-06,-0.002588,-0.003029,-0.005029,-0.004102,-3e-06,-0.002036,-0.004895,-0.001821,-0.003383,-1e-06,-0.001632,-0.002273,-0.000688,-0.000283,-0.002518,-0.002364,-2e-06,-0.001499,-5.9e-05,-0.003229,-0.000105,-0.002964,-0.000111,-0.003046,-0.005021,-0.001296,-0.00145,-0.003551,-0.000224,-0.000372,-4.5e-05,-0.001028,-0.002835,-0.002773,-0.0,-0.002052,-0.003644,-0.005171,-0.005115,-0.000101,-0.005043,-0.000444,-0.004573,-0.002669,-2e-06,-0.002324,-0.005142,-0.002958,-0.004844,-0.004585,-0.004996,-0.002261,-0.00186,-0.001925,-0.000235,-0.002096,-0.003746,-0.003906,-0.003117
2017-05-31 10:01:00+02:00,-1.5e-05,-1e-06,-0.001771,-0.00454,-0.001646,-0.00063,-0.00215,-0.002689,-0.003715,-0.000782,-0.000236,-4.2e-05,-0.003062,-0.002831,-0.001944,-0.005285,-0.001137,-8e-06,-0.000781,-0.005637,-1e-06,-0.005541,-0.003816,-9e-05,-0.005567,-0.00551,-0.002599,-2e-06,-0.002001,-0.000615,-0.000158,-0.003209,-1e-06,-0.002772,-0.002596,-2e-05,-0.002464,-0.003802,-7e-06,-0.005691,-0.002301,-8.7e-05,-0.003567,-2e-06,-0.00151,-0.002899,-0.002615,-0.003692,-0.002942,-2e-06,-0.000322,-0.003182,-0.002865,-0.002842,-0.000114,-1e-06,-0.001547,-0.000155,-1e-06,-0.002548,-0.003357,-0.005573,-0.00429,-3e-06,-0.001889,-0.005393,-0.001792,-0.003756,-1e-06,-0.0016,-0.002312,-0.00055,-0.000227,-0.00279,-0.002601,-1e-06,-0.001258,-4.7e-05,-0.003272,-8.4e-05,-0.003239,-8.9e-05,-0.003073,-0.005563,-0.001057,-0.001211,-0.003947,-0.000179,-0.000298,-3.6e-05,-0.000915,-0.003157,-0.003057,-0.0,-0.002175,-0.003746,-0.005754,-0.005695,-8.1e-05,-0.005607,-0.000355,-0.004895,-0.002731,-2e-06,-0.002391,-0.005674,-0.003265,-0.005196,-0.00487,-0.00557,-0.00233,-0.001845,-0.001909,-0.000188,-0.001982,-0.003823,-0.004047,-0.003448
2017-05-31 10:02:00+02:00,-1.2e-05,-1e-06,-0.001417,-0.004293,-0.001317,-0.000504,-0.001874,-0.002484,-0.003826,-0.000626,-0.000189,-3.4e-05,-0.0035,-0.003142,-0.001804,-0.005191,-0.00091,-6e-06,-0.000625,-0.005752,-1e-06,-0.005638,-0.003531,-7.2e-05,-0.005726,-0.005554,-0.002372,-1e-06,-0.0017,-0.000492,-0.000127,-0.003276,-0.0,-0.002791,-0.002766,-1.6e-05,-0.001972,-0.003483,-5e-06,-0.006043,-0.002114,-7e-05,-0.003183,-2e-06,-0.001208,-0.002448,-0.002348,-0.003657,-0.00274,-1e-06,-0.000257,-0.0032,-0.002823,-0.003247,-9.1e-05,-1e-06,-0.001238,-0.000124,-1e-06,-0.002103,-0.003369,-0.005785,-0.003998,-2e-06,-0.001511,-0.005349,-0.001477,-0.003755,-1e-06,-0.00131,-0.002081,-0.00044,-0.000181,-0.002838,-0.00285,-1e-06,-0.001007,-3.8e-05,-0.002901,-6.8e-05,-0.00319,-7.1e-05,-0.002648,-0.00578,-0.000846,-0.000968,-0.004414,-0.000143,-0.000238,-2.9e-05,-0.000732,-0.003165,-0.003455,-0.0,-0.002082,-0.00337,-0.005831,-0.00577,-6.5e-05,-0.005681,-0.000284,-0.004712,-0.00248,-1e-06,-0.00219,-0.006448,-0.003707,-0.005024,-0.004654,-0.005638,-0.002146,-0.001528,-0.001616,-0.000151,-0.001586,-0.003456,-0.003715,-0.003862
2017-05-31 10:03:00+02:00,-9e-06,-1e-06,-0.001493,-0.004944,-0.001417,-0.000403,-0.002132,-0.002839,-0.004342,-0.000586,-0.000151,-2.7e-05,-0.003863,-0.003506,-0.002058,-0.006066,-0.000806,-5e-06,-0.0005,-0.006574,-1e-06,-0.006446,-0.004066,-5.7e-05,-0.00652,-0.006395,-0.002705,-1e-06,-0.001919,-0.000393,-0.000101,-0.003749,-0.0,-0.003225,-0.003131,-1.3e-05,-0.002164,-0.004011,-4e-06,-0.006807,-0.002426,-5.6e-05,-0.0036,-2e-06,-0.001272,-0.002783,-0.002657,-0.00424,-0.003094,-1e-06,-0.000206,-0.003688,-0.003305,-0.00359,-7.3e-05,-1e-06,-0.001238,-9.9e-05,-1e-06,-0.002412,-0.003882,-0.006564,-0.004585,-2e-06,-0.001613,-0.006231,-0.001676,-0.004318,-1e-06,-0.001492,-0.002349,-0.000358,-0.000145,-0.003262,-0.003199,-1e-06,-0.000946,-3e-05,-0.003337,-5.4e-05,-0.003726,-5.7e-05,-0.003015,-0.006554,-0.000789,-0.000903,-0.00487,-0.000114,-0.000191,-2.3e-05,-0.000762,-0.003659,-0.003827,-0.0,-0.002422,-0.003802,-0.006709,-0.006638,-5.2e-05,-0.006517,-0.000227,-0.005458,-0.002788,-1e-06,-0.002508,-0.00711,-0.004093,-0.005776,-0.00538,-0.006483,-0.002463,-0.001721,-0.001811,-0.00012,-0.001766,-0.003914,-0.004249,-0.004276
2017-05-31 10:04:00+02:00,-7e-06,-1e-06,-0.0012,-0.005044,-0.001174,-0.000323,-0.002086,-0.002856,-0.004592,-0.000469,-0.000121,-2.2e-05,-0.004068,-0.003719,-0.002037,-0.006306,-0.000645,-4e-06,-0.0004,-0.006967,-0.0,-0.006824,-0.004107,-4.6e-05,-0.006907,-0.006792,-0.002706,-1e-06,-0.001849,-0.000315,-8.1e-05,-0.003933,-0.0,-0.003347,-0.003351,-1e-05,-0.001905,-0.004026,-3e-06,-0.007275,-0.002435,-4.5e-05,-0.003524,-1e-06,-0.001017,-0.00268,-0.002633,-0.004378,-0.003062,-1e-06,-0.000165,-0.003852,-0.003433,-0.003785,-5.8e-05,-1e-06,-0.00099,-8e-05,-1e-06,-0.002302,-0.004049,-0.006994,-0.004643,-1e-06,-0.001334,-0.006525,-0.001593,-0.004494,-0.0,-0.001414,-0.002304,-0.000286,-0.000116,-0.00344,-0.003405,-1e-06,-0.000757,-2.4e-05,-0.0033,-4.3e-05,-0.003869,-4.5e-05,-0.002935,-0.006989,-0.000631,-0.000723,-0.005139,-9.2e-05,-0.000152,-1.8e-05,-0.00061,-0.003856,-0.00404,-0.0,-0.002484,-0.0037,-0.007137,-0.007067,-4.1e-05,-0.006813,-0.000182,-0.005617,-0.002747,-1e-06,-0.002514,-0.007501,-0.004314,-0.005842,-0.00551,-0.006909,-0.002476,-0.001634,-0.001714,-9.6e-05,-0.001572,-0.003857,-0.004269,-0.004516
2017-05-31 10:05:00+02:00,-6e-06,-1e-06,-0.00096,-0.004889,-0.000939,-0.000258,-0.001907,-0.002724,-0.004609,-0.000375,-9.7e-05,-1.7e-05,-0.004289,-0.003913,-0.0019,-0.006243,-0.000516,-3e-06,-0.00032,-0.006996,-0.0,-0.00684,-0.003917,-3.7e-05,-0.006917,-0.00684,-0.00256,-1e-06,-0.001659,-0.000252,-6.5e-05,-0.003921,-0.0,-0.003302,-0.003423,-8e-06,-0.001524,-0.003816,-3e-06,-0.007423,-0.002313,-3.6e-05,-0.003229,-1e-06,-0.000814,-0.00239,-0.002467,-0.004311,-0.002868,-1e-06,-0.000132,-0.003833,-0.003406,-0.003992,-4.7e-05,-1e-06,-0.000792,-6.4e-05,-0.0,-0.002009,-0.004024,-0.007026,-0.00446,-1e-06,-0.001067,-0.0065,-0.001388,-0.004456,-0.0,-0.001225,-0.002128,-0.000229,-9.3e-05,-0.003447,-0.00355,-0.0,-0.000605,-1.9e-05,-0.003055,-3.5e-05,-0.003838,-3.6e-05,-0.002663,-0.007026,-0.000505,-0.000578,-0.00542,-7.3e-05,-0.000122,-1.5e-05,-0.000488,-0.003872,-0.004266,-0.0,-0.002426,-0.003365,-0.007211,-0.00714,-3.3e-05,-0.006754,-0.000145,-0.005501,-0.002555,-1e-06,-0.002383,-0.007892,-0.00455,-0.005612,-0.005375,-0.006978,-0.002357,-0.001433,-0.001497,-7.7e-05,-0.001257,-0.003572,-0.00406,-0.00477
2017-05-31 10:06:00+02:00,-5e-06,-0.0,-0.000768,-0.004486,-0.000764,-0.000207,-0.001711,-0.002467,-0.00305,-0.0003,-7.7e-05,-1.4e-05,-0.002596,-0.002468,-0.001715,-0.005062,-0.000413,-2e-06,-0.000256,-0.005063,-0.0,-0.005058,-0.003595,-2.9e-05,-0.005058,-0.005062,-0.002314,-1e-06,-0.001473,-0.000201,-5.2e-05,-0.002721,-0.0,-0.002468,-0.002342,-7e-06,-0.001282,-0.003478,-2e-06,-0.005063,-0.002096,-2.9e-05,-0.002924,-1e-06,-0.000651,-0.002141,-0.002215,-0.003132,-0.002568,-1e-06,-0.000105,-0.002721,-0.002596,-0.002468,-3.7e-05,-0.0,-0.000634,-5.1e-05,-0.0,-0.0018,-0.002841,-0.005058,-0.004082,-1e-06,-0.000869,-0.005062,-0.001232,-0.003132,-0.0,-0.001086,-0.00191,-0.000183,-7.4e-05,-0.002468,-0.002342,-0.0,-0.000484,-1.6e-05,-0.002774,-2.8e-05,-0.002841,-2.9e-05,-0.0024,-0.005056,-0.000404,-0.000462,-0.003193,-5.9e-05,-9.8e-05,-1.2e-05,-0.00039,-0.002721,-0.002596,-0.0,-0.002225,-0.003017,-0.005072,-0.00507,-2.6e-05,-0.005063,-0.000116,-0.005058,-0.002294,-1e-06,-0.002157,-0.005062,-0.002721,-0.00507,-0.004921,-0.005063,-0.002136,-0.001265,-0.001325,-6.2e-05,-0.001083,-0.003241,-0.0037,-0.002841
2017-05-31 10:07:00+02:00,-4e-06,-0.0,-0.000614,-0.003589,-0.000612,-0.000165,-0.001368,-0.001973,-0.00244,-0.00024,-6.2e-05,-1.1e-05,-0.002092,-0.001974,-0.001372,-0.004049,-0.00033,-2e-06,-0.000205,-0.004051,-0.0,-0.004046,-0.002876,-2.4e-05,-0.004046,-0.004049,-0.001851,-0.0,-0.001179,-0.000161,-4.2e-05,-0.002177,-0.0,-0.001974,-0.001873,-5e-06,-0.001025,-0.002782,-2e-06,-0.004051,-0.001677,-2.3e-05,-0.00234,-1e-06,-0.000521,-0.001713,-0.001772,-0.002506,-0.002055,-0.0,-8.4e-05,-0.002177,-0.002077,-0.001987,-3e-05,-0.0,-0.000507,-4.1e-05,-0.0,-0.00144,-0.002273,-0.004046,-0.003266,-1e-06,-0.000695,-0.004049,-0.000986,-0.002506,-0.0,-0.000869,-0.001528,-0.000147,-5.9e-05,-0.001974,-0.001873,-0.0,-0.000387,-1.2e-05,-0.002219,-2.2e-05,-0.002273,-2.3e-05,-0.00192,-0.004045,-0.000323,-0.00037,-0.002555,-4.7e-05,-7.8e-05,-9e-06,-0.000312,-0.002177,-0.00208,-0.0,-0.00178,-0.002414,-0.004058,-0.004056,-2.1e-05,-0.004051,-9.3e-05,-0.004046,-0.001836,-0.0,-0.001726,-0.004074,-0.002186,-0.004056,-0.003937,-0.004051,-0.001709,-0.001012,-0.00106,-4.9e-05,-0.000866,-0.002592,-0.00296,-0.002273
2017-05-31 10:08:00+02:00,-3e-06,-0.0,-0.000491,-0.002871,-0.000489,-0.000132,-0.001095,-0.001579,-0.002075,-0.000192,-4.9e-05,-9e-06,-0.001978,-0.00181,-0.001098,-0.003281,-0.000264,-2e-06,-0.000164,-0.003459,-0.0,-0.003443,-0.002301,-1.9e-05,-0.003424,-0.003389,-0.001481,-0.0,-0.000943,-0.000129,-3.3e-05,-0.001834,-0.0,-0.001635,-0.001648,-4e-06,-0.00082,-0.002226,-1e-06,-0.00356,-0.001341,-1.8e-05,-0.001872,-1e-06,-0.000417,-0.00137,-0.001418,-0.002061,-0.001644,-0.0,-6.7e-05,-0.001826,-0.001687,-0.001872,-2.4e-05,-0.0,-0.000406,-3.3e-05,-0.0,-0.001152,-0.001903,-0.003473,-0.002613,-1e-06,-0.000556,-0.003324,-0.000788,-0.002092,-0.0,-0.000695,-0.001223,-0.000117,-4.8e-05,-0.001677,-0.001692,-0.0,-0.00031,-1e-05,-0.001775,-1.8e-05,-0.001849,-1.9e-05,-0.001536,-0.003475,-0.000258,-0.000296,-0.002376,-3.7e-05,-6.2e-05,-7e-06,-0.00025,-0.001812,-0.001942,-0.0,-0.001424,-0.001931,-0.003415,-0.003413,-1.7e-05,-0.003382,-7.4e-05,-0.003237,-0.001468,-0.0,-0.001381,-0.003808,-0.002056,-0.003245,-0.003149,-0.003404,-0.001367,-0.00081,-0.000848,-3.9e-05,-0.000693,-0.002074,-0.002368,-0.002114
2017-05-31 10:09:00+02:00,-2e-06,-0.0,-0.001309,-0.003666,-0.001309,-0.000603,-0.001737,-0.002135,-0.00251,-0.000616,-0.000256,-3.8e-05,-0.0023,-0.002127,-0.001518,-0.004,-0.000919,-1e-06,-0.000692,-0.004146,-0.0,-0.004126,-0.00321,-9.5e-05,-0.004111,-0.004086,-0.002074,-0.0,-0.001568,-0.000486,-0.00018,-0.002222,-0.0,-0.001987,-0.001958,-3e-06,-0.001792,-0.003167,-1e-06,-0.004226,-0.001863,-9.2e-05,-0.002867,-0.0,-0.001208,-0.002392,-0.002023,-0.002521,-0.002165,-0.0,-0.000309,-0.002215,-0.002067,-0.002177,-0.000142,-0.0,-0.001156,-0.000188,-0.0,-0.002108,-0.002312,-0.00415,-0.003459,-0.0,-0.001394,-0.004034,-0.001395,-0.002546,-0.0,-0.001254,-0.001768,-0.000467,-0.000243,-0.002021,-0.001994,-0.0,-0.001029,-2.9e-05,-0.002802,-8.7e-05,-0.002269,-0.00012,-0.002581,-0.00415,-0.000938,-0.000977,-0.00279,-0.000199,-0.000315,-2.7e-05,-0.000697,-0.002204,-0.002271,-0.0,-0.001779,-0.002919,-0.004122,-0.004117,-0.000103,-0.004084,-0.00035,-0.003961,-0.002047,-0.0,-0.001926,-0.004421,-0.0024,-0.003982,-0.003902,-0.004102,-0.001884,-0.001418,-0.001432,-0.000227,-0.001571,-0.003034,-0.003269,-0.002481
2017-05-31 10:10:00+02:00,-2e-06,-0.0,-0.001047,-0.003258,-0.001047,-0.000483,-0.001458,-0.001842,-0.002339,-0.000493,-0.000205,-3e-05,-0.002272,-0.002081,-0.001341,-0.003651,-0.000735,-1e-06,-0.000553,-0.003886,-0.0,-0.003864,-0.0028,-7.6e-05,-0.003878,-0.003801,-0.001777,-0.0,-0.001307,-0.000389,-0.000144,-0.002071,-0.0,-0.001848,-0.001886,-3e-06,-0.001443,-0.00274,-1e-06,-0.004051,-0.001606,-7.4e-05,-0.002457,-0.0,-0.000966,-0.001998,-0.001729,-0.002289,-0.001893,-0.0,-0.000247,-0.002044,-0.001884,-0.002159,-0.000113,-0.0,-0.000925,-0.00015,-0.0,-0.001737,-0.002126,-0.003934,-0.00305,-0.0,-0.001115,-0.00371,-0.001145,-0.002327,-0.0,-0.001027,-0.001513,-0.000374,-0.000195,-0.001888,-0.001947,-0.0,-0.000824,-2.4e-05,-0.002384,-7e-05,-0.00206,-9.6e-05,-0.002178,-0.003937,-0.00075,-0.000781,-0.002696,-0.000159,-0.000252,-2.2e-05,-0.000557,-0.00203,-0.002232,-0.0,-0.001591,-0.002532,-0.003838,-0.003835,-8.2e-05,-0.003815,-0.00028,-0.003552,-0.001756,-0.0,-0.001656,-0.004383,-0.002355,-0.003583,-0.003476,-0.003824,-0.001626,-0.00117,-0.001187,-0.000182,-0.001257,-0.002619,-0.002855,-0.002414
2017-05-31 10:11:00+02:00,-2e-06,-0.0,-0.000838,-0.002606,-0.000838,-0.000386,-0.001167,-0.001474,-0.001957,-0.000394,-0.000164,-2.4e-05,-0.002005,-0.001805,-0.001073,-0.002921,-0.000588,-1e-06,-0.000443,-0.00321,-0.0,-0.003186,-0.00224,-6.1e-05,-0.003234,-0.003088,-0.001422,-0.0,-0.001046,-0.000311,-0.000115,-0.001714,-0.0,-0.001507,-0.001598,-2e-06,-0.001154,-0.002192,-1e-06,-0.003435,-0.001284,-5.9e-05,-0.001966,-0.0,-0.000773,-0.001599,-0.001383,-0.001835,-0.001514,-0.0,-0.000198,-0.001663,-0.001507,-0.001902,-9.1e-05,-0.0,-0.00074,-0.00012,-0.0,-0.00139,-0.001728,-0.003286,-0.00244,-0.0,-0.000892,-0.00297,-0.000916,-0.001887,-0.0,-0.000821,-0.00121,-0.000299,-0.000156,-0.001551,-0.001676,-0.0,-0.000659,-1.9e-05,-0.001907,-5.6e-05,-0.001648,-7.7e-05,-0.001743,-0.003292,-0.0006,-0.000625,-0.002361,-0.000127,-0.000202,-1.7e-05,-0.000446,-0.00164,-0.001956,-0.0,-0.001273,-0.002026,-0.003127,-0.003125,-6.6e-05,-0.003137,-0.000224,-0.002841,-0.001405,-0.0,-0.001325,-0.003858,-0.002072,-0.002866,-0.002781,-0.003116,-0.001301,-0.000936,-0.00095,-0.000145,-0.001005,-0.002095,-0.002284,-0.00211
2017-05-31 10:12:00+02:00,-1e-06,-0.0,-0.000941,-0.002718,-0.000917,-0.000395,-0.001171,-0.001474,-0.002023,-0.000416,-0.00014,-1.9e-05,-0.002025,-0.001855,-0.00114,-0.003088,-0.000644,-1e-06,-0.000466,-0.0034,-0.0,-0.003381,-0.00232,-4.9e-05,-0.00342,-0.0033,-0.001421,-0.0,-0.001066,-0.000329,-9.2e-05,-0.001802,-0.0,-0.001617,-0.001679,-2e-06,-0.001266,-0.002256,-1e-06,-0.00358,-0.001298,-4.7e-05,-0.002076,-0.0,-0.000847,-0.001687,-0.001392,-0.001911,-0.001545,-0.0,-0.000191,-0.001761,-0.001587,-0.001933,-7.2e-05,-0.0,-0.000819,-9.6e-05,-0.0,-0.001471,-0.001821,-0.003462,-0.002545,-0.0,-0.000999,-0.003158,-0.000935,-0.001969,-0.0,-0.000847,-0.001245,-0.000314,-0.00014,-0.001652,-0.001742,-0.0,-0.000712,-1.5e-05,-0.00197,-4.5e-05,-0.001719,-6.1e-05,-0.001828,-0.003467,-0.000648,-0.000692,-0.002345,-0.000102,-0.000183,-1.4e-05,-0.000475,-0.001731,-0.001986,-0.0,-0.001335,-0.002141,-0.003332,-0.003331,-5.3e-05,-0.003342,-0.000217,-0.00296,-0.001428,-0.0,-0.001334,-0.003918,-0.002089,-0.003002,-0.002885,-0.003325,-0.001315,-0.000961,-0.000986,-0.000116,-0.001091,-0.002207,-0.00238,-0.002129
2017-05-31 10:13:00+02:00,-1e-06,-0.0,-0.000753,-0.002174,-0.000734,-0.000316,-0.000937,-0.001179,-0.001622,-0.000332,-0.000112,-1.6e-05,-0.001693,-0.001535,-0.000912,-0.002471,-0.000515,-1e-06,-0.000373,-0.002724,-0.0,-0.002706,-0.001856,-3.9e-05,-0.002742,-0.00264,-0.001137,-0.0,-0.000853,-0.000263,-7.4e-05,-0.001442,-0.0,-0.001293,-0.001366,-1e-06,-0.001013,-0.001805,-0.0,-0.002912,-0.001039,-3.8e-05,-0.001661,-0.0,-0.000678,-0.001349,-0.001114,-0.001529,-0.001236,-0.0,-0.000153,-0.001409,-0.00127,-0.001617,-5.8e-05,-0.0,-0.000655,-7.7e-05,-0.0,-0.001176,-0.001457,-0.002787,-0.002036,-0.0,-0.000799,-0.002527,-0.000748,-0.001575,-0.0,-0.000678,-0.000996,-0.000252,-0.000112,-0.001321,-0.001434,-0.0,-0.000569,-1.2e-05,-0.001576,-3.6e-05,-0.001375,-4.9e-05,-0.001463,-0.002793,-0.000519,-0.000553,-0.001943,-8.1e-05,-0.000146,-1.1e-05,-0.00038,-0.001385,-0.001653,-0.0,-0.001068,-0.001713,-0.002666,-0.002665,-4.2e-05,-0.002673,-0.000173,-0.002368,-0.001142,-0.0,-0.001067,-0.003276,-0.001741,-0.002402,-0.002308,-0.00266,-0.001052,-0.000769,-0.000789,-9.3e-05,-0.000873,-0.001766,-0.001904,-0.001765
2017-05-31 10:14:00+02:00,-1e-06,-0.0,-0.000602,-0.001965,-0.000587,-0.000253,-0.00075,-0.000986,-0.001692,-0.000266,-8.9e-05,-1.2e-05,-0.001862,-0.001656,-0.000829,-0.002355,-0.000412,-0.0,-0.000298,-0.002752,-0.0,-0.002723,-0.001548,-3.1e-05,-0.002809,-0.002582,-0.000931,-0.0,-0.000682,-0.000211,-5.9e-05,-0.001485,-0.0,-0.001306,-0.001434,-1e-06,-0.00081,-0.001479,-0.0,-0.003055,-0.000857,-3e-05,-0.001418,-0.0,-0.000542,-0.001079,-0.000935,-0.001519,-0.001139,-0.0,-0.000122,-0.001414,-0.001221,-0.00177,-4.6e-05,-0.0,-0.000524,-6.2e-05,-0.0,-0.000941,-0.001462,-0.002875,-0.001805,-0.0,-0.000639,-0.002436,-0.000598,-0.001581,-0.0,-0.000542,-0.000864,-0.000201,-8.9e-05,-0.001334,-0.00153,-0.0,-0.000455,-1e-05,-0.001261,-2.9e-05,-0.001328,-3.9e-05,-0.00117,-0.002881,-0.000415,-0.000443,-0.002139,-6.5e-05,-0.000117,-9e-06,-0.000304,-0.00136,-0.001809,-0.0,-0.000978,-0.001494,-0.002625,-0.002622,-3.4e-05,-0.002709,-0.000139,-0.00219,-0.001006,-0.0,-0.000877,-0.00356,-0.001915,-0.002305,-0.002115,-0.002611,-0.000873,-0.000615,-0.000631,-7.4e-05,-0.000698,-0.001537,-0.001649,-0.001934
2017-05-31 10:15:00+02:00,-6.1e-05,-0.0,-0.001131,-0.002448,-0.001084,-0.000609,-0.001099,-0.0013,-0.001855,-0.000516,-0.000243,-9.1e-05,-0.001937,-0.001758,-0.001081,-0.00276,-0.000852,-9.7e-05,-0.00068,-0.003078,-0.0,-0.003055,-0.002115,-0.000194,-0.003124,-0.002942,-0.001262,-0.0,-0.001034,-0.000442,-0.000182,-0.00165,-0.0,-0.001478,-0.001565,-0.00011,-0.001406,-0.002058,-6.3e-05,-0.00332,-0.001162,-0.000192,-0.00201,-0.0,-0.001024,-0.001705,-0.001266,-0.001726,-0.001412,-0.0,-0.000303,-0.001594,-0.001424,-0.001849,-0.000155,-0.0,-0.001012,-0.000242,-0.0,-0.001514,-0.001647,-0.003176,-0.00232,-0.0,-0.001179,-0.002825,-0.000929,-0.001776,-0.0,-0.000855,-0.001168,-0.000419,-0.000244,-0.0015,-0.001642,-0.0,-0.000905,-0.000139,-0.001882,-0.000187,-0.001539,-0.00019,-0.001812,-0.003181,-0.000842,-0.000901,-0.002229,-0.000197,-0.000291,-8.3e-05,-0.000561,-0.001551,-0.001895,-0.0,-0.0012,-0.002071,-0.002975,-0.002973,-0.000176,-0.003043,-0.000323,-0.002629,-0.001316,-0.0,-0.001191,-0.003725,-0.001995,-0.002719,-0.002568,-0.002965,-0.001175,-0.000958,-0.000978,-0.000272,-0.001225,-0.002106,-0.002195,-0.002024
2017-05-31 10:16:00+02:00,-4.9e-05,-0.0,-0.000905,-0.001959,-0.000867,-0.000487,-0.00088,-0.00104,-0.00164,-0.000412,-0.000195,-7.3e-05,-0.001851,-0.001638,-0.000864,-0.002227,-0.000682,-7.7e-05,-0.000544,-0.002679,-0.0,-0.002649,-0.001692,-0.000155,-0.002726,-0.002457,-0.00101,-0.0,-0.000827,-0.000354,-0.000146,-0.001437,-0.0,-0.001259,-0.001407,-8.8e-05,-0.001125,-0.001647,-5e-05,-0.002985,-0.00093,-0.000153,-0.001608,-0.0,-0.000819,-0.001364,-0.001013,-0.001454,-0.00113,-0.0,-0.000242,-0.001367,-0.001152,-0.001758,-0.000124,-0.0,-0.00081,-0.000194,-0.0,-0.001212,-0.00141,-0.002794,-0.001856,-0.0,-0.000944,-0.002314,-0.000743,-0.001518,-0.0,-0.000684,-0.000934,-0.000335,-0.000195,-0.0013,-0.001509,-0.0,-0.000724,-0.000111,-0.001506,-0.00015,-0.001247,-0.000152,-0.00145,-0.0028,-0.000674,-0.000721,-0.00212,-0.000157,-0.000233,-6.7e-05,-0.000448,-0.00129,-0.001797,-0.0,-0.00096,-0.001657,-0.002499,-0.002496,-0.000141,-0.002615,-0.000258,-0.002103,-0.001053,-0.0,-0.000953,-0.003514,-0.001904,-0.002175,-0.002054,-0.002486,-0.00094,-0.000766,-0.000782,-0.000218,-0.00098,-0.001685,-0.001756,-0.001918
2017-05-31 10:17:00+02:00,-0.00019,-0.0,-0.002146,-0.003325,-0.002037,-0.001294,-0.001932,-0.00204,-0.002491,-0.001097,-0.000586,-0.000255,-0.002465,-0.002232,-0.001547,-0.003567,-0.001755,-0.000281,-0.001438,-0.003947,-0.0,-0.003889,-0.003114,-0.000488,-0.003945,-0.003751,-0.002036,-0.0,-0.001841,-0.000978,-0.000455,-0.002192,-0.0,-0.001929,-0.001981,-0.000311,-0.002642,-0.00316,-0.000182,-0.004192,-0.001839,-0.000486,-0.003047,-0.0,-0.001946,-0.002877,-0.002038,-0.002371,-0.002083,-0.0,-0.000706,-0.002136,-0.001905,-0.002328,-0.000361,-0.0,-0.00202,-0.000599,-0.0,-0.002673,-0.002224,-0.004005,-0.003245,-0.0,-0.002221,-0.003636,-0.001753,-0.002423,-0.0,-0.001612,-0.001843,-0.0009,-0.000567,-0.001961,-0.002063,-0.0,-0.001827,-0.000387,-0.003029,-0.000484,-0.002093,-0.00047,-0.00292,-0.003999,-0.001653,-0.00179,-0.002924,-0.000499,-0.000693,-0.000246,-0.00115,-0.002074,-0.002422,-0.0,-0.001623,-0.003111,-0.003858,-0.00384,-0.000452,-0.003896,-0.000735,-0.003452,-0.002051,-0.0,-0.001904,-0.004597,-0.002565,-0.003583,-0.003468,-0.003793,-0.001847,-0.001792,-0.001767,-0.000657,-0.002275,-0.003133,-0.00319,-0.00263
2017-05-31 10:18:00+02:00,-0.000152,-0.0,-0.001915,-0.003268,-0.001808,-0.001041,-0.001744,-0.001892,-0.001941,-0.000941,-0.000468,-0.000204,-0.001833,-0.001804,-0.00151,-0.00358,-0.001502,-0.000225,-0.001184,-0.00363,-0.0,-0.003632,-0.00297,-0.00039,-0.003632,-0.003632,-0.001875,-0.0,-0.001671,-0.00082,-0.000364,-0.001863,-0.0,-0.001804,-0.001774,-0.000249,-0.002406,-0.002981,-0.000145,-0.00363,-0.001712,-0.000389,-0.00288,-0.0,-0.001715,-0.002663,-0.001886,-0.001961,-0.001941,-0.0,-0.000565,-0.001863,-0.001833,-0.001804,-0.000289,-0.0,-0.001769,-0.000479,-0.0,-0.002436,-0.001892,-0.003632,-0.00316,-0.0,-0.00199,-0.003632,-0.001564,-0.001961,-0.0,-0.001443,-0.001715,-0.00076,-0.000454,-0.001804,-0.001774,-0.0,-0.001582,-0.00031,-0.002812,-0.000387,-0.001892,-0.000376,-0.002727,-0.003634,-0.001416,-0.001548,-0.001975,-0.000399,-0.000554,-0.000197,-0.001,-0.001863,-0.001833,-0.0,-0.001609,-0.002975,-0.003623,-0.003625,-0.000362,-0.00363,-0.000588,-0.00343,-0.001903,-0.0,-0.001765,-0.003632,-0.001863,-0.00356,-0.003413,-0.00363,-0.001722,-0.001615,-0.001601,-0.000525,-0.002041,-0.002978,-0.003072,-0.001892
2017-05-31 10:19:00+02:00,-0.000122,-0.0,-0.001532,-0.002614,-0.001446,-0.000833,-0.001396,-0.001514,-0.001553,-0.000753,-0.000375,-0.000163,-0.001467,-0.001443,-0.001208,-0.002864,-0.001202,-0.00018,-0.000947,-0.002904,-0.0,-0.002905,-0.002376,-0.000312,-0.002905,-0.002905,-0.0015,-0.0,-0.001337,-0.000656,-0.000291,-0.00149,-0.0,-0.001443,-0.001419,-0.000199,-0.001925,-0.002385,-0.000116,-0.002904,-0.00137,-0.000311,-0.002304,-0.0,-0.001372,-0.00213,-0.001509,-0.001569,-0.001553,-0.0,-0.000452,-0.00149,-0.001467,-0.001443,-0.000231,-0.0,-0.001416,-0.000383,-0.0,-0.001949,-0.001513,-0.002905,-0.002528,-0.0,-0.001592,-0.002905,-0.001252,-0.001569,-0.0,-0.001155,-0.001372,-0.000608,-0.000363,-0.001443,-0.001419,-0.0,-0.001265,-0.000248,-0.00225,-0.00031,-0.001513,-0.000301,-0.002181,-0.002907,-0.001133,-0.001239,-0.00158,-0.000319,-0.000443,-0.000157,-0.0008,-0.00149,-0.001467,-0.0,-0.001287,-0.00238,-0.002898,-0.0029,-0.000289,-0.002904,-0.000471,-0.002744,-0.001523,-0.0,-0.001412,-0.002905,-0.00149,-0.002848,-0.00273,-0.002904,-0.001378,-0.001292,-0.001281,-0.00042,-0.001633,-0.002382,-0.002458,-0.001513
2017-05-31 10:20:00+02:00,-9.7e-05,-0.0,-0.001225,-0.002092,-0.001157,-0.000666,-0.001116,-0.001211,-0.001243,-0.000602,-0.0003,-0.000131,-0.001205,-0.001154,-0.000966,-0.002291,-0.000961,-0.000144,-0.000758,-0.002323,-0.0,-0.002324,-0.001901,-0.00025,-0.002324,-0.002324,-0.0012,-0.0,-0.00107,-0.000525,-0.000233,-0.001192,-0.0,-0.001154,-0.001135,-0.000159,-0.00154,-0.001908,-9.3e-05,-0.002323,-0.001096,-0.000249,-0.001843,-0.0,-0.001098,-0.001704,-0.001207,-0.001255,-0.001243,-0.0,-0.000362,-0.001192,-0.001173,-0.001182,-0.000185,-0.0,-0.001132,-0.000307,-0.0,-0.001559,-0.001211,-0.002324,-0.002022,-0.0,-0.001273,-0.002324,-0.001001,-0.001255,-0.0,-0.000924,-0.001098,-0.000487,-0.00029,-0.001154,-0.001135,-0.0,-0.001012,-0.000198,-0.0018,-0.000248,-0.001211,-0.000241,-0.001745,-0.002325,-0.000907,-0.000991,-0.001273,-0.000255,-0.000355,-0.000126,-0.00064,-0.001192,-0.001188,-0.0,-0.00103,-0.001904,-0.002319,-0.00232,-0.000231,-0.002323,-0.000377,-0.002195,-0.001218,-0.0,-0.001129,-0.002377,-0.001217,-0.002278,-0.002184,-0.002323,-0.001102,-0.001034,-0.001025,-0.000336,-0.001306,-0.001906,-0.001966,-0.001217
2017-05-31 10:21:00+02:00,-0.00017,-0.0,-0.002306,-0.003505,-0.002199,-0.001345,-0.002094,-0.00219,-0.002189,-0.0012,-0.000628,-0.000242,-0.00198,-0.001882,-0.001671,-0.003691,-0.001872,-0.000239,-0.001511,-0.003733,-0.0,-0.003703,-0.003355,-0.000465,-0.003696,-0.003717,-0.002199,-0.0,-0.002044,-0.00104,-0.000475,-0.002023,-0.0,-0.001882,-0.001807,-0.000275,-0.00294,-0.003435,-0.000123,-0.003733,-0.001995,-0.000462,-0.003309,-0.0,-0.002099,-0.003183,-0.002204,-0.002225,-0.002189,-0.0,-0.000737,-0.002023,-0.001955,-0.001904,-0.000377,-0.0,-0.002168,-0.000626,-0.0,-0.002878,-0.002087,-0.003703,-0.003452,-0.0,-0.002386,-0.003717,-0.001878,-0.002225,-0.0,-0.001736,-0.001996,-0.000983,-0.000616,-0.001882,-0.001807,-0.0,-0.001998,-0.000357,-0.003332,-0.000461,-0.002087,-0.00047,-0.003231,-0.003692,-0.00177,-0.00191,-0.002257,-0.000519,-0.000742,-0.000231,-0.001246,-0.002023,-0.001967,-0.0,-0.001722,-0.003381,-0.003777,-0.003764,-0.00045,-0.003733,-0.000788,-0.0036,-0.002196,-0.0,-0.002064,-0.003759,-0.002043,-0.003731,-0.003639,-0.003733,-0.002,-0.001957,-0.001926,-0.00069,-0.002463,-0.003383,-0.003431,-0.002091
2017-05-31 10:22:00+02:00,-0.000136,-0.0,-0.002436,-0.004587,-0.00229,-0.001124,-0.002392,-0.002675,-0.003058,-0.001214,-0.000502,-0.000194,-0.002703,-0.002561,-0.002163,-0.004973,-0.001825,-0.000191,-0.001339,-0.00503,-0.0,-0.004963,-0.004053,-0.000372,-0.004947,-0.004994,-0.002639,-0.0,-0.002367,-0.000981,-0.00038,-0.002795,-0.0,-0.002561,-0.002434,-0.00022,-0.003309,-0.004115,-9.9e-05,-0.00503,-0.002414,-0.00037,-0.00392,-0.0,-0.002156,-0.00365,-0.002711,-0.003113,-0.002888,-0.0,-0.000589,-0.002795,-0.002683,-0.002579,-0.000302,-0.0,-0.002229,-0.000501,-0.0,-0.003192,-0.002897,-0.004963,-0.004424,-0.0,-0.002542,-0.004994,-0.002089,-0.003113,-0.0,-0.001929,-0.002418,-0.000951,-0.000493,-0.002561,-0.002434,-0.0,-0.00202,-0.000286,-0.003832,-0.000368,-0.002897,-0.000376,-0.003752,-0.004937,-0.00171,-0.001894,-0.003155,-0.000415,-0.000594,-0.000185,-0.001281,-0.002795,-0.002692,-0.0,-0.002306,-0.004184,-0.005131,-0.005102,-0.00036,-0.00503,-0.00066,-0.004853,-0.002694,-0.0,-0.002489,-0.005028,-0.002811,-0.005075,-0.004866,-0.00503,-0.002429,-0.002237,-0.002198,-0.000552,-0.002638,-0.004081,-0.004306,-0.002901
2017-05-31 10:23:00+02:00,-0.000109,-0.0,-0.002247,-0.005158,-0.00209,-0.000899,-0.002442,-0.002878,-0.003638,-0.001033,-0.000402,-0.000155,-0.003182,-0.003015,-0.002397,-0.00585,-0.001475,-0.000153,-0.001072,-0.005912,-0.0,-0.005829,-0.004358,-0.000297,-0.005808,-0.005867,-0.002804,-0.0,-0.002419,-0.000784,-0.000304,-0.003307,-0.0,-0.003015,-0.002855,-0.000176,-0.00327,-0.004375,-7.9e-05,-0.005912,-0.002578,-0.000296,-0.004118,-0.0,-0.001927,-0.003716,-0.002901,-0.003707,-0.003229,-0.0,-0.000472,-0.003307,-0.003166,-0.003029,-0.000242,-0.0,-0.001964,-0.000401,-0.0,-0.003165,-0.003435,-0.005829,-0.004905,-0.0,-0.002374,-0.005867,-0.00207,-0.003707,-0.0,-0.001906,-0.002562,-0.00076,-0.000394,-0.003015,-0.002855,-0.0,-0.001717,-0.000228,-0.003951,-0.000295,-0.003435,-0.000301,-0.003871,-0.005797,-0.001384,-0.001583,-0.003757,-0.000332,-0.000475,-0.000148,-0.001137,-0.003307,-0.003174,-0.0,-0.002615,-0.004515,-0.006035,-0.006,-0.000288,-0.005912,-0.000528,-0.005556,-0.002883,-0.0,-0.002651,-0.005894,-0.00332,-0.005881,-0.005522,-0.005912,-0.002601,-0.002255,-0.002217,-0.000442,-0.002498,-0.004341,-0.0047,-0.003439
2017-05-31 10:24:00+02:00,-8.7e-05,-0.0,-0.001798,-0.004992,-0.001672,-0.000719,-0.002185,-0.002694,-0.003867,-0.000826,-0.000322,-0.000124,-0.003398,-0.00322,-0.002279,-0.00585,-0.00118,-0.000122,-0.000857,-0.006096,-0.0,-0.006005,-0.004089,-0.000238,-0.006153,-0.006051,-0.002599,-0.0,-0.002154,-0.000628,-0.000243,-0.003463,-0.0,-0.003101,-0.003048,-0.000141,-0.002783,-0.004059,-6.3e-05,-0.006326,-0.002397,-0.000237,-0.003784,-0.0,-0.001541,-0.003301,-0.00269,-0.003712,-0.003088,-0.0,-0.000377,-0.003354,-0.003165,-0.003231,-0.000193,-0.0,-0.001571,-0.00032,-0.0,-0.002738,-0.003482,-0.006221,-0.004695,-0.0,-0.001899,-0.005937,-0.001788,-0.003756,-0.0,-0.001639,-0.002365,-0.000608,-0.000316,-0.003084,-0.003048,-0.0,-0.001373,-0.000183,-0.003573,-0.000236,-0.003443,-0.000241,-0.003487,-0.006197,-0.001107,-0.001267,-0.004037,-0.000266,-0.00038,-0.000118,-0.00091,-0.003383,-0.003392,-0.0,-0.00254,-0.004207,-0.006234,-0.006203,-0.00023,-0.006148,-0.000422,-0.005448,-0.002684,-0.0,-0.002461,-0.006304,-0.00355,-0.00578,-0.00537,-0.00612,-0.002424,-0.001978,-0.001958,-0.000353,-0.002029,-0.004029,-0.004438,-0.003683
2017-05-31 10:25:00+02:00,-7e-05,-0.0,-0.001438,-0.004435,-0.001338,-0.000575,-0.001768,-0.002314,-0.003697,-0.000661,-0.000257,-9.9e-05,-0.003501,-0.003235,-0.001978,-0.005366,-0.000944,-9.8e-05,-0.000686,-0.005714,-0.0,-0.005621,-0.00351,-0.00019,-0.005859,-0.005676,-0.002204,-0.0,-0.001734,-0.000502,-0.000194,-0.003276,-0.0,-0.002895,-0.00296,-0.000113,-0.002226,-0.003443,-5e-05,-0.006157,-0.002041,-0.000189,-0.00315,-0.0,-0.001233,-0.002641,-0.002282,-0.003405,-0.0027,-0.0,-0.000302,-0.003108,-0.002905,-0.003321,-0.000155,-0.0,-0.001257,-0.000256,-0.0,-0.00219,-0.003224,-0.005951,-0.004119,-0.0,-0.001519,-0.005495,-0.00143,-0.003477,-0.0,-0.001311,-0.001986,-0.000487,-0.000252,-0.002876,-0.003026,-0.0,-0.001099,-0.000146,-0.002934,-0.000189,-0.003168,-0.000192,-0.002841,-0.005934,-0.000886,-0.001013,-0.004122,-0.000212,-0.000304,-9.5e-05,-0.000728,-0.003159,-0.003463,-0.0,-0.00227,-0.003557,-0.005858,-0.005831,-0.000184,-0.005782,-0.000338,-0.00491,-0.002278,-0.0,-0.002091,-0.006482,-0.003644,-0.005203,-0.004805,-0.005756,-0.002071,-0.001583,-0.001567,-0.000283,-0.001624,-0.003397,-0.003838,-0.003747
2017-05-31 10:26:00+02:00,-5.6e-05,-0.0,-0.00115,-0.004252,-0.00107,-0.00046,-0.001576,-0.002168,-0.003779,-0.000529,-0.000206,-7.9e-05,-0.003764,-0.003441,-0.001859,-0.005276,-0.000755,-7.8e-05,-0.000549,-0.005716,-0.0,-0.005613,-0.00328,-0.000152,-0.005937,-0.005691,-0.002044,-0.0,-0.001539,-0.000402,-0.000156,-0.003316,-0.0,-0.002894,-0.003057,-9e-05,-0.001818,-0.003189,-4e-05,-0.006363,-0.0019,-0.000151,-0.002859,-0.0,-0.000986,-0.002328,-0.002117,-0.003355,-0.002558,-0.0,-0.000241,-0.003088,-0.002867,-0.003566,-0.000124,-0.0,-0.001006,-0.000205,-0.0,-0.001852,-0.003202,-0.006055,-0.003914,-0.0,-0.001215,-0.005445,-0.001209,-0.003453,-0.0,-0.001102,-0.001819,-0.000389,-0.000202,-0.00287,-0.003185,-0.0,-0.000879,-0.000117,-0.002644,-0.000151,-0.003135,-0.000154,-0.002543,-0.006039,-0.000708,-0.000811,-0.00445,-0.00017,-0.000243,-7.6e-05,-0.000582,-0.003166,-0.003733,-0.0,-0.00219,-0.003273,-0.005892,-0.005865,-0.000147,-0.005804,-0.00027,-0.004759,-0.002105,-0.0,-0.001942,-0.006943,-0.003928,-0.005031,-0.004636,-0.005786,-0.001933,-0.001375,-0.001361,-0.000226,-0.001299,-0.003116,-0.003607,-0.004034
2017-05-31 10:27:00+02:00,-4.5e-05,-0.0,-0.001133,-0.004512,-0.001041,-0.000368,-0.001666,-0.002306,-0.004106,-0.000449,-0.000165,-6.3e-05,-0.003935,-0.003627,-0.001954,-0.00564,-0.000604,-6.3e-05,-0.000439,-0.00621,-0.0,-0.006092,-0.003483,-0.000122,-0.006425,-0.006158,-0.00217,-0.0,-0.001616,-0.000321,-0.000124,-0.003601,-0.0,-0.003118,-0.003267,-7.2e-05,-0.001847,-0.00338,-3.2e-05,-0.006797,-0.002018,-0.000121,-0.003035,-0.0,-0.00093,-0.002443,-0.002237,-0.003621,-0.002696,-0.0,-0.000193,-0.003345,-0.003072,-0.003727,-9.9e-05,-0.0,-0.000924,-0.000164,-0.0,-0.001942,-0.00347,-0.006527,-0.004149,-0.0,-0.001217,-0.005849,-0.001269,-0.003744,-0.0,-0.001155,-0.001936,-0.000311,-0.000162,-0.003115,-0.003369,-0.0,-0.000745,-9.4e-05,-0.002791,-0.000121,-0.003367,-0.000123,-0.002672,-0.006504,-0.000567,-0.000681,-0.004682,-0.000136,-0.000194,-6.1e-05,-0.000543,-0.003427,-0.003911,-0.0,-0.002326,-0.003426,-0.006383,-0.006355,-0.000118,-0.006268,-0.000216,-0.005058,-0.002242,-0.0,-0.002063,-0.007249,-0.004115,-0.005317,-0.004922,-0.006271,-0.002053,-0.001438,-0.001439,-0.000181,-0.001324,-0.003313,-0.003817,-0.004242
2017-05-31 10:28:00+02:00,-3.6e-05,-0.0,-0.000976,-0.004562,-0.000858,-0.000295,-0.001641,-0.002325,-0.00429,-0.000359,-0.000132,-5.1e-05,-0.004148,-0.003846,-0.001946,-0.005778,-0.000483,-5e-05,-0.000351,-0.0065,-0.0,-0.006368,-0.003503,-9.7e-05,-0.006669,-0.006379,-0.002178,-0.0,-0.001573,-0.000257,-0.0001,-0.00374,-0.0,-0.003216,-0.003455,-5.8e-05,-0.001679,-0.003388,-2.6e-05,-0.007182,-0.00203,-9.7e-05,-0.003055,-0.0,-0.000744,-0.002367,-0.002228,-0.003767,-0.002696,-0.0,-0.000155,-0.003497,-0.003159,-0.003926,-7.9e-05,-0.0,-0.000739,-0.000131,-0.0,-0.001861,-0.003626,-0.006803,-0.004177,-0.0,-0.001077,-0.006019,-0.001218,-0.00391,-0.0,-0.001105,-0.001961,-0.000249,-0.000129,-0.003262,-0.003582,-0.0,-0.000596,-7.5e-05,-0.00276,-9.7e-05,-0.003467,-9.9e-05,-0.002609,-0.00678,-0.000453,-0.000545,-0.004954,-0.000109,-0.000156,-4.8e-05,-0.000435,-0.003555,-0.004128,-0.0,-0.002364,-0.003367,-0.00663,-0.0066,-9.4e-05,-0.006472,-0.000173,-0.005141,-0.002278,-0.0,-0.002073,-0.007614,-0.004342,-0.005373,-0.004995,-0.006507,-0.002068,-0.001383,-0.001422,-0.000145,-0.001186,-0.003353,-0.003824,-0.004491
2017-05-31 10:29:00+02:00,-2.9e-05,-0.0,-0.000939,-0.004701,-0.000821,-0.000236,-0.001693,-0.00241,-0.004489,-0.000287,-0.000105,-4.1e-05,-0.004233,-0.003941,-0.001981,-0.005987,-0.000387,-4e-05,-0.000281,-0.006794,-0.0,-0.006652,-0.003625,-7.8e-05,-0.006947,-0.006654,-0.002255,-0.0,-0.001603,-0.000206,-8e-05,-0.003896,-0.0,-0.003334,-0.003575,-4.6e-05,-0.001642,-0.003501,-2.1e-05,-0.007427,-0.002102,-7.8e-05,-0.003146,-0.0,-0.000685,-0.002408,-0.002288,-0.003925,-0.002752,-0.0,-0.000124,-0.003651,-0.003279,-0.004005,-6.3e-05,-0.0,-0.000652,-0.000105,-0.0,-0.001906,-0.003787,-0.007099,-0.004298,-0.0,-0.001052,-0.006253,-0.001249,-0.004086,-0.0,-0.001132,-0.002024,-0.000199,-0.000103,-0.003409,-0.003677,-0.0,-0.000477,-6e-05,-0.002844,-7.7e-05,-0.003604,-7.9e-05,-0.00266,-0.00707,-0.000363,-0.000436,-0.005073,-8.7e-05,-0.000124,-3.9e-05,-0.000394,-0.003711,-0.004218,-0.0,-0.002439,-0.003409,-0.00692,-0.006889,-7.5e-05,-0.006715,-0.000138,-0.005305,-0.002354,-0.0,-0.002147,-0.00776,-0.004436,-0.0055,-0.005151,-0.006794,-0.002142,-0.001404,-0.001459,-0.000116,-0.001186,-0.003457,-0.003929,-0.004598
2017-05-31 10:30:00+02:00,-2.3e-05,-0.0,-0.000751,-0.004647,-0.000657,-0.000188,-0.001616,-0.002382,-0.004562,-0.00023,-8.4e-05,-3.2e-05,-0.004525,-0.00418,-0.00191,-0.006021,-0.000309,-3.2e-05,-0.000225,-0.006961,-0.0,-0.006799,-0.00357,-6.2e-05,-0.007014,-0.006757,-0.002213,-0.0,-0.001492,-0.000165,-6.4e-05,-0.003948,-0.0,-0.00336,-0.003689,-3.7e-05,-0.001339,-0.00344,-1.7e-05,-0.007638,-0.002073,-6.2e-05,-0.003055,-0.0,-0.000548,-0.002226,-0.00221,-0.003994,-0.002663,-0.0,-9.9e-05,-0.003741,-0.003317,-0.004281,-5.1e-05,-0.0,-0.000522,-8.4e-05,-0.0,-0.001746,-0.003877,-0.007193,-0.004223,-0.0,-0.000842,-0.006314,-0.001144,-0.004172,-0.0,-0.001031,-0.001985,-0.000159,-8.3e-05,-0.003503,-0.003862,-0.0,-0.000381,-4.8e-05,-0.002739,-6.2e-05,-0.003646,-6.3e-05,-0.002493,-0.007161,-0.00029,-0.000349,-0.005414,-7e-05,-0.0001,-3.1e-05,-0.000315,-0.003781,-0.004512,-0.0,-0.002435,-0.003214,-0.00706,-0.007024,-6e-05,-0.00676,-0.000111,-0.005287,-0.002317,-0.0,-0.002113,-0.008243,-0.004743,-0.005423,-0.00513,-0.006914,-0.002116,-0.001281,-0.001377,-9.3e-05,-0.000967,-0.003386,-0.003834,-0.004916
2017-05-31 10:31:00+02:00,-1.8e-05,-0.0,-0.000776,-0.004282,-0.000692,-0.000151,-0.001538,-0.002239,-0.002444,-0.000215,-6.7e-05,-2.6e-05,-0.002215,-0.002149,-0.001806,-0.004286,-0.000288,-2.6e-05,-0.00018,-0.004286,-0.0,-0.004284,-0.003427,-5e-05,-0.004282,-0.004286,-0.002084,-0.0,-0.001415,-0.000134,-5.1e-05,-0.002281,-0.0,-0.002149,-0.002083,-3e-05,-0.001307,-0.00329,-1.3e-05,-0.004286,-0.001959,-5e-05,-0.00294,-0.0,-0.000579,-0.002155,-0.00207,-0.00248,-0.002444,-0.0,-7.9e-05,-0.002281,-0.002215,-0.002149,-4.1e-05,-0.0,-0.000533,-6.7e-05,-0.0,-0.001725,-0.002342,-0.004284,-0.004017,-0.0,-0.000868,-0.004286,-0.001107,-0.00248,-0.0,-0.001004,-0.001874,-0.000128,-6.6e-05,-0.002149,-0.002083,-0.0,-0.000361,-3.8e-05,-0.002643,-4.9e-05,-0.002342,-5e-05,-0.002406,-0.004282,-0.000283,-0.000344,-0.002505,-5.6e-05,-8e-05,-2.5e-05,-0.000325,-0.002281,-0.002215,-0.0,-0.002083,-0.003053,-0.004282,-0.004284,-4.8e-05,-0.004286,-8.9e-05,-0.004284,-0.002174,-0.0,-0.001994,-0.004286,-0.002281,-0.004284,-0.004284,-0.004286,-0.001998,-0.001221,-0.001315,-7.4e-05,-0.000998,-0.003242,-0.003649,-0.002342
2017-05-31 10:32:00+02:00,-1.5e-05,-0.0,-0.00062,-0.003426,-0.000554,-0.000121,-0.001231,-0.001791,-0.001955,-0.000172,-5.4e-05,-2.1e-05,-0.001793,-0.001719,-0.001445,-0.003429,-0.000231,-2.1e-05,-0.000144,-0.003429,-0.0,-0.003427,-0.002741,-4e-05,-0.003426,-0.003429,-0.001667,-0.0,-0.001132,-0.000107,-4.1e-05,-0.001824,-0.0,-0.001719,-0.001666,-2.4e-05,-0.001046,-0.002632,-1.1e-05,-0.003429,-0.001567,-4e-05,-0.002352,-0.0,-0.000463,-0.001724,-0.001656,-0.001984,-0.001955,-0.0,-6.3e-05,-0.001824,-0.001772,-0.001737,-3.2e-05,-0.0,-0.000426,-5.4e-05,-0.0,-0.00138,-0.001873,-0.003427,-0.003214,-0.0,-0.000694,-0.003429,-0.000885,-0.001984,-0.0,-0.000803,-0.001499,-0.000102,-5.3e-05,-0.001719,-0.001666,-0.0,-0.000289,-3.1e-05,-0.002114,-4e-05,-0.001873,-4e-05,-0.001925,-0.003426,-0.000226,-0.000275,-0.002005,-4.5e-05,-6.4e-05,-2e-05,-0.00026,-0.001824,-0.001779,-0.0,-0.001666,-0.002442,-0.003426,-0.003427,-3.9e-05,-0.003429,-7.1e-05,-0.003427,-0.001739,-0.0,-0.001595,-0.003462,-0.001839,-0.003427,-0.003427,-0.003429,-0.001598,-0.000977,-0.001052,-5.9e-05,-0.000798,-0.002594,-0.002919,-0.001873
2017-05-31 10:33:00+02:00,-1.2e-05,-0.0,-0.000872,-0.003721,-0.000784,-0.000168,-0.001421,-0.001985,-0.002542,-0.000287,-4.3e-05,-1.7e-05,-0.002278,-0.002169,-0.001611,-0.003946,-0.000411,-1.6e-05,-0.000233,-0.004143,-0.0,-0.004111,-0.003001,-3.2e-05,-0.004199,-0.004074,-0.001862,-0.0,-0.001318,-0.000199,-3.3e-05,-0.002299,-0.0,-0.002087,-0.002074,-1.9e-05,-0.001368,-0.002902,-8e-06,-0.004275,-0.00174,-3.2e-05,-0.002637,-0.0,-0.000681,-0.001992,-0.001858,-0.002426,-0.002202,-0.0,-7e-05,-0.00223,-0.002088,-0.002183,-2.6e-05,-0.0,-0.00066,-4.3e-05,-0.0,-0.001643,-0.002301,-0.004242,-0.003487,-0.0,-0.000954,-0.003996,-0.001072,-0.002459,-0.0,-0.000976,-0.001688,-0.000179,-4.2e-05,-0.002086,-0.002074,-0.0,-0.000472,-2.5e-05,-0.002381,-3.2e-05,-0.002243,-3.2e-05,-0.002189,-0.004234,-0.000389,-0.00047,-0.002638,-3.6e-05,-5.1e-05,-1.6e-05,-0.000396,-0.002221,-0.002267,-0.0,-0.00184,-0.002775,-0.004124,-0.00412,-3.1e-05,-0.004158,-8.1e-05,-0.003824,-0.001952,-0.0,-0.001776,-0.004289,-0.002361,-0.00392,-0.003804,-0.004101,-0.001772,-0.001161,-0.001242,-4.7e-05,-0.001056,-0.002886,-0.003195,-0.002431
2017-05-31 10:34:00+02:00,-9e-06,-0.0,-0.001182,-0.004305,-0.001076,-0.000197,-0.001738,-0.002357,-0.003306,-0.000426,-3.5e-05,-1.3e-05,-0.00291,-0.002759,-0.001927,-0.00481,-0.000613,-1.3e-05,-0.000315,-0.005242,-0.0,-0.005154,-0.003506,-2.6e-05,-0.005225,-0.005092,-0.002222,-0.0,-0.001621,-0.000296,-2.6e-05,-0.002985,-0.0,-0.002674,-0.002615,-1.5e-05,-0.001819,-0.003437,-7e-06,-0.005359,-0.002076,-2.5e-05,-0.003122,-0.0,-0.000951,-0.002423,-0.002216,-0.003099,-0.002647,-0.0,-6e-05,-0.002864,-0.002615,-0.002771,-2.1e-05,-0.0,-0.000943,-3.4e-05,-0.0,-0.002053,-0.002962,-0.005282,-0.004031,-0.0,-0.001279,-0.004922,-0.001356,-0.003172,-0.0,-0.001242,-0.002026,-0.000267,-3.4e-05,-0.002667,-0.002615,-0.0,-0.000693,-2e-05,-0.002861,-2.5e-05,-0.002838,-2.6e-05,-0.002624,-0.005251,-0.000574,-0.000689,-0.00342,-2.9e-05,-4.1e-05,-1.3e-05,-0.000569,-0.002848,-0.002901,-0.0,-0.002183,-0.00334,-0.005246,-0.005227,-2.5e-05,-0.005266,-8.3e-05,-0.004535,-0.002329,-0.0,-0.002121,-0.005344,-0.003035,-0.004781,-0.004516,-0.005164,-0.002111,-0.001448,-0.00154,-3.8e-05,-0.001408,-0.003407,-0.00373,-0.003142
2017-05-31 10:35:00+02:00,-7e-06,-0.0,-0.001597,-0.005187,-0.001477,-0.000274,-0.00219,-0.002899,-0.003923,-0.000621,-2.8e-05,-1.1e-05,-0.003422,-0.003237,-0.002372,-0.005764,-0.000891,-1.1e-05,-0.000454,-0.006137,-0.0,-0.006014,-0.004256,-2e-05,-0.006048,-0.00599,-0.002744,-0.0,-0.002052,-0.000435,-2.1e-05,-0.00354,-0.0,-0.003169,-0.003053,-1.2e-05,-0.002412,-0.004219,-5e-06,-0.006231,-0.002564,-2e-05,-0.003822,-0.0,-0.001322,-0.003043,-0.00274,-0.003781,-0.003268,-0.0,-7.6e-05,-0.003443,-0.003186,-0.003246,-1.7e-05,-0.0,-0.001322,-2.8e-05,-0.0,-0.002631,-0.003573,-0.006117,-0.004857,-0.0,-0.001713,-0.005854,-0.001752,-0.003839,-0.0,-0.001614,-0.002507,-0.0004,-2.7e-05,-0.003163,-0.003053,-0.0,-0.001007,-1.6e-05,-0.003556,-2e-05,-0.003474,-2.1e-05,-0.003258,-0.006065,-0.000837,-0.000985,-0.004051,-2.3e-05,-3.3e-05,-1e-05,-0.000807,-0.003431,-0.003415,-0.0,-0.002683,-0.004128,-0.006209,-0.006176,-2e-05,-0.006156,-0.000118,-0.005519,-0.002868,-0.0,-0.002621,-0.006191,-0.00358,-0.005819,-0.005548,-0.006075,-0.002604,-0.001853,-0.001954,-3e-05,-0.00189,-0.004161,-0.00453,-0.003716
2017-05-31 10:36:00+02:00,-6e-06,-0.0,-0.001528,-0.00547,-0.001412,-0.000219,-0.00228,-0.003063,-0.004413,-0.000513,-2.2e-05,-9e-06,-0.003826,-0.003614,-0.002503,-0.006338,-0.000713,-8e-06,-0.000364,-0.006839,-0.0,-0.006688,-0.004463,-1.6e-05,-0.006689,-0.006694,-0.002891,-0.0,-0.002119,-0.000348,-1.7e-05,-0.00398,-0.0,-0.003559,-0.003397,-1e-05,-0.002428,-0.00443,-4e-06,-0.006914,-0.002705,-1.6e-05,-0.003969,-0.0,-0.001234,-0.003119,-0.002869,-0.004236,-0.003467,-0.0,-6.1e-05,-0.003895,-0.003543,-0.003621,-1.3e-05,-0.0,-0.001198,-2.2e-05,-0.0,-0.002689,-0.004042,-0.00677,-0.005095,-0.0,-0.00166,-0.006502,-0.001798,-0.004341,-0.0,-0.001654,-0.00263,-0.00032,-2.2e-05,-0.003555,-0.003397,-0.0,-0.00083,-1.3e-05,-0.003701,-1.6e-05,-0.003879,-1.7e-05,-0.003353,-0.0067,-0.00067,-0.000816,-0.004551,-1.8e-05,-2.6e-05,-8e-06,-0.000749,-0.003892,-0.003821,-0.0,-0.002866,-0.004312,-0.006966,-0.006921,-1.6e-05,-0.006854,-9.5e-05,-0.00592,-0.003015,-0.0,-0.002765,-0.006854,-0.004012,-0.006308,-0.005926,-0.006789,-0.002749,-0.0019,-0.002016,-2.4e-05,-0.001874,-0.004342,-0.004742,-0.004172
2017-05-31 10:37:00+02:00,-5e-06,-0.0,-0.001284,-0.005439,-0.001174,-0.000175,-0.002215,-0.003055,-0.00474,-0.00041,-1.8e-05,-7e-06,-0.004146,-0.003912,-0.002465,-0.006524,-0.000571,-7e-06,-0.000291,-0.00728,-0.0,-0.007094,-0.00443,-1.3e-05,-0.007101,-0.007036,-0.002868,-0.0,-0.002005,-0.000278,-1.3e-05,-0.00423,-0.0,-0.003725,-0.00367,-8e-06,-0.002169,-0.004387,-3e-06,-0.007453,-0.002691,-1.3e-05,-0.003885,-0.0,-0.000987,-0.002933,-0.002796,-0.004446,-0.003433,-0.0,-4.9e-05,-0.004119,-0.003672,-0.003918,-1.1e-05,-0.0,-0.000958,-1.8e-05,-0.0,-0.002539,-0.004274,-0.007285,-0.005031,-0.0,-0.001428,-0.006745,-0.001701,-0.004586,-0.0,-0.001559,-0.002596,-0.000256,-1.7e-05,-0.00378,-0.00367,-0.0,-0.000664,-1e-05,-0.003612,-1.3e-05,-0.004031,-1.3e-05,-0.003184,-0.007202,-0.000536,-0.000653,-0.004945,-1.5e-05,-2.1e-05,-7e-06,-0.0006,-0.004094,-0.004142,-0.0,-0.002879,-0.004181,-0.007367,-0.007317,-1.3e-05,-0.007199,-7.6e-05,-0.005977,-0.002989,-0.0,-0.002747,-0.007378,-0.004352,-0.006385,-0.005954,-0.007168,-0.002737,-0.001773,-0.001933,-1.9e-05,-0.001667,-0.004278,-0.004653,-0.004532
2017-05-31 10:38:00+02:00,-4e-06,-0.0,-0.001029,-0.005343,-0.000939,-0.00014,-0.002129,-0.003015,-0.004932,-0.000328,-1.4e-05,-5e-06,-0.004403,-0.004152,-0.002389,-0.006595,-0.000456,-5e-06,-0.000233,-0.007547,-0.0,-0.007336,-0.004354,-1e-05,-0.007326,-0.007228,-0.002816,-0.0,-0.001871,-0.000223,-1.1e-05,-0.00437,-0.0,-0.003804,-0.003889,-6e-06,-0.001876,-0.004302,-3e-06,-0.007882,-0.002649,-1e-05,-0.003751,-0.0,-0.00079,-0.002718,-0.002691,-0.004561,-0.003343,-0.0,-3.9e-05,-0.004251,-0.003733,-0.004156,-8e-06,-0.0,-0.000766,-1.4e-05,-0.0,-0.002367,-0.00441,-0.007589,-0.004909,-0.0,-0.001183,-0.00686,-0.001588,-0.004729,-0.0,-0.00145,-0.002528,-0.000205,-1.4e-05,-0.003917,-0.003889,-0.0,-0.000531,-8e-06,-0.003489,-1e-05,-0.004105,-1.1e-05,-0.002984,-0.007505,-0.000429,-0.000522,-0.00526,-1.2e-05,-1.7e-05,-5e-06,-0.00048,-0.004209,-0.004399,-0.0,-0.002854,-0.003986,-0.007603,-0.00755,-1e-05,-0.00737,-6.1e-05,-0.005947,-0.002922,-0.0,-0.002702,-0.007794,-0.004626,-0.006344,-0.005901,-0.007388,-0.002697,-0.001628,-0.001826,-1.6e-05,-0.001449,-0.004159,-0.004512,-0.00482
2017-05-31 10:39:00+02:00,-3e-06,-0.0,-0.00083,-0.00527,-0.000752,-0.000112,-0.002053,-0.002975,-0.005094,-0.000263,-1.1e-05,-4e-06,-0.004606,-0.004342,-0.002324,-0.006655,-0.000365,-4e-06,-0.000186,-0.007772,-0.0,-0.007541,-0.004283,-8e-06,-0.007517,-0.007382,-0.002767,-0.0,-0.001767,-0.000178,-9e-06,-0.004483,-0.0,-0.003866,-0.004063,-5e-06,-0.001633,-0.004223,-2e-06,-0.008221,-0.00261,-8e-06,-0.003658,-0.0,-0.000632,-0.002552,-0.002611,-0.004661,-0.003266,-0.0,-3.1e-05,-0.004364,-0.003783,-0.004345,-7e-06,-0.0,-0.000613,-1.1e-05,-0.0,-0.00222,-0.004526,-0.00782,-0.004816,-0.0,-0.000993,-0.006954,-0.00149,-0.004849,-0.0,-0.001356,-0.002482,-0.000164,-1.1e-05,-0.004033,-0.004063,-0.0,-0.000425,-6e-06,-0.003381,-8e-06,-0.004165,-8e-06,-0.00283,-0.007735,-0.000343,-0.000418,-0.005508,-9e-06,-1.3e-05,-4e-06,-0.000384,-0.004301,-0.004603,-0.0,-0.002837,-0.003822,-0.00779,-0.007735,-8e-06,-0.007506,-4.8e-05,-0.005928,-0.002877,-0.0,-0.002658,-0.008123,-0.004842,-0.006302,-0.005862,-0.007564,-0.002659,-0.001516,-0.001746,-1.2e-05,-0.001266,-0.004078,-0.004404,-0.005048
2017-05-31 10:40:00+02:00,-2e-06,-0.0,-0.000664,-0.005198,-0.000601,-9e-05,-0.001979,-0.002929,-0.0052,-0.00021,-9e-06,-3e-06,-0.004767,-0.004493,-0.002256,-0.006684,-0.000292,-3e-06,-0.000149,-0.007899,-0.0,-0.007654,-0.00421,-7e-06,-0.007638,-0.007486,-0.002714,-0.0,-0.001675,-0.000142,-7e-06,-0.004551,-0.0,-0.003896,-0.0042,-4e-06,-0.001407,-0.00414,-2e-06,-0.008489,-0.002565,-7e-06,-0.003541,-0.0,-0.000505,-0.002407,-0.002535,-0.004703,-0.003179,-0.0,-2.5e-05,-0.004421,-0.003811,-0.004496,-5e-06,-0.0,-0.000491,-9e-06,-0.0,-0.002086,-0.004584,-0.007964,-0.004728,-0.0,-0.000811,-0.00701,-0.001401,-0.004908,-0.0,-0.001271,-0.002416,-0.000131,-9e-06,-0.004098,-0.004202,-0.0,-0.00034,-5e-06,-0.003276,-7e-06,-0.004199,-7e-06,-0.002695,-0.007878,-0.000274,-0.000334,-0.005699,-7e-06,-1.1e-05,-3e-06,-0.000307,-0.004361,-0.004764,-0.0,-0.002815,-0.003658,-0.007915,-0.00786,-6e-06,-0.007579,-3.9e-05,-0.005896,-0.002809,-0.0,-0.002611,-0.008385,-0.005012,-0.00623,-0.005814,-0.007683,-0.002615,-0.001417,-0.001657,-1e-05,-0.001104,-0.003968,-0.004304,-0.005226
2017-05-31 10:41:00+02:00,-2e-06,-0.0,-0.000531,-0.005147,-0.000481,-7.2e-05,-0.001922,-0.002895,-0.005274,-0.000168,-7e-06,-3e-06,-0.004904,-0.004623,-0.002197,-0.006716,-0.000234,-3e-06,-0.000119,-0.008008,-0.0,-0.007753,-0.004158,-5e-06,-0.007726,-0.007578,-0.002674,-0.0,-0.001603,-0.000114,-5e-06,-0.004599,-0.0,-0.003915,-0.004306,-3e-06,-0.001213,-0.004081,-1e-06,-0.008697,-0.002533,-5e-06,-0.003451,-0.0,-0.000404,-0.002295,-0.002477,-0.004737,-0.003101,-0.0,-2e-05,-0.004471,-0.003839,-0.004625,-4e-06,-0.0,-0.000392,-7e-06,-0.0,-0.001984,-0.004633,-0.008068,-0.004665,-0.0,-0.000666,-0.007064,-0.001332,-0.004955,-0.0,-0.001205,-0.002364,-0.000105,-7e-06,-0.004155,-0.004324,-0.0,-0.000272,-4e-06,-0.003198,-5e-06,-0.004231,-5e-06,-0.002591,-0.007982,-0.00022,-0.000267,-0.005859,-6e-06,-9e-06,-3e-06,-0.000246,-0.004414,-0.004902,-0.0,-0.002803,-0.003516,-0.008025,-0.00797,-5e-06,-0.007628,-3.1e-05,-0.005879,-0.002755,-0.0,-0.002576,-0.008611,-0.005157,-0.00616,-0.005784,-0.007789,-0.002584,-0.001339,-0.001587,-8e-06,-0.000977,-0.003885,-0.004231,-0.005377
2017-05-31 10:42:00+02:00,-2e-06,-0.0,-0.000436,-0.005136,-0.000385,-5.7e-05,-0.001894,-0.002888,-0.005339,-0.000134,-6e-06,-2e-06,-0.005025,-0.004739,-0.002157,-0.006779,-0.000187,-2e-06,-9.5e-05,-0.008173,-0.0,-0.007908,-0.00415,-4e-06,-0.007814,-0.007693,-0.002661,-0.0,-0.001556,-9.1e-05,-4e-06,-0.004647,-0.0,-0.003943,-0.004408,-3e-06,-0.001064,-0.004067,-1e-06,-0.008896,-0.002527,-4e-06,-0.003435,-0.0,-0.000324,-0.002223,-0.002443,-0.004809,-0.003045,-0.0,-1.6e-05,-0.004553,-0.003881,-0.00474,-3e-06,-0.0,-0.000314,-6e-06,-0.0,-0.001928,-0.004716,-0.008181,-0.004642,-0.0,-0.000584,-0.007146,-0.001293,-0.005038,-0.0,-0.001168,-0.002359,-8.4e-05,-6e-06,-0.004242,-0.004433,-0.0,-0.000218,-3e-06,-0.003166,-4e-06,-0.004276,-4e-06,-0.002526,-0.008095,-0.000176,-0.000214,-0.005993,-5e-06,-7e-06,-2e-06,-0.000196,-0.004477,-0.005023,-0.0,-0.002811,-0.003415,-0.008154,-0.008099,-4e-06,-0.007688,-2.5e-05,-0.005898,-0.00275,-0.0,-0.002567,-0.008813,-0.005282,-0.006124,-0.005792,-0.007915,-0.002578,-0.001287,-0.00156,-6e-06,-0.000898,-0.003878,-0.004198,-0.005507
2017-05-31 10:43:00+02:00,-1e-06,-0.0,-0.00037,-0.005178,-0.000309,-4.6e-05,-0.001888,-0.002904,-0.005409,-0.000108,-5e-06,-2e-06,-0.005152,-0.004865,-0.002141,-0.006896,-0.00015,-2e-06,-7.6e-05,-0.008397,-0.0,-0.008124,-0.004193,-3e-06,-0.007942,-0.007862,-0.002671,-0.0,-0.001526,-7.3e-05,-4e-06,-0.004709,-0.0,-0.003991,-0.004529,-2e-06,-0.000945,-0.004101,-1e-06,-0.00913,-0.002544,-3e-06,-0.003468,-0.0,-0.000259,-0.002182,-0.002428,-0.004901,-0.003013,-0.0,-1.3e-05,-0.00466,-0.003947,-0.004866,-3e-06,-0.0,-0.000251,-5e-06,-0.0,-0.001908,-0.004822,-0.008341,-0.004668,-0.0,-0.00053,-0.007282,-0.001274,-0.005141,-0.0,-0.00115,-0.002378,-6.7e-05,-5e-06,-0.004356,-0.004557,-0.0,-0.000174,-3e-06,-0.003178,-3e-06,-0.004342,-3e-06,-0.002496,-0.008255,-0.00014,-0.000171,-0.006122,-4e-06,-5e-06,-2e-06,-0.000157,-0.004562,-0.005151,-0.0,-0.002844,-0.003356,-0.008334,-0.008279,-3e-06,-0.007793,-2e-05,-0.005971,-0.00277,-0.0,-0.002581,-0.009045,-0.005411,-0.006138,-0.005851,-0.008094,-0.002596,-0.001251,-0.001555,-5e-06,-0.000849,-0.003922,-0.004209,-0.005637
2017-05-31 10:44:00+02:00,-1e-06,-0.0,-0.000338,-0.005304,-0.000262,-3.7e-05,-0.001908,-0.002953,-0.005535,-8.6e-05,-4e-06,-1e-06,-0.005288,-0.005002,-0.002169,-0.00711,-0.00012,-1e-06,-6.1e-05,-0.008736,-0.0,-0.008455,-0.004301,-3e-06,-0.008191,-0.008137,-0.002712,-0.0,-0.001524,-5.8e-05,-3e-06,-0.004829,-0.0,-0.004097,-0.004674,-2e-06,-0.000877,-0.004197,-1e-06,-0.009402,-0.002592,-3e-06,-0.003568,-0.0,-0.000207,-0.002193,-0.002448,-0.005042,-0.003028,-0.0,-1e-05,-0.00482,-0.004059,-0.005003,-2e-06,-0.0,-0.000201,-4e-06,-0.0,-0.001931,-0.00498,-0.008621,-0.004773,-0.0,-0.000512,-0.007519,-0.001279,-0.005294,-0.0,-0.001155,-0.002433,-5.4e-05,-4e-06,-0.004526,-0.004696,-0.0,-0.000139,-2e-06,-0.003244,-3e-06,-0.004454,-3e-06,-0.00252,-0.008536,-0.000112,-0.000137,-0.006248,-3e-06,-4e-06,-1e-06,-0.000126,-0.004696,-0.005287,-0.0,-0.00292,-0.003375,-0.008618,-0.008564,-3e-06,-0.008015,-1.6e-05,-0.006136,-0.002828,-0.0,-0.002627,-0.009309,-0.005546,-0.006256,-0.005998,-0.008379,-0.002646,-0.001242,-0.00158,-4e-06,-0.000832,-0.004038,-0.004294,-0.00577
2017-05-31 10:45:00+02:00,-1e-06,-0.0,-0.000297,-0.005065,-0.000218,-2.9e-05,-0.001792,-0.002782,-0.004285,-6.9e-05,-3e-06,-1e-06,-0.00377,-0.003605,-0.002049,-0.006797,-9.6e-05,-1e-06,-4.9e-05,-0.006971,-0.0,-0.00692,-0.004101,-2e-06,-0.006884,-0.006946,-0.002554,-0.0,-0.001423,-4.7e-05,-2e-06,-0.003926,-0.0,-0.003605,-0.003434,-1e-06,-0.000794,-0.003974,-1e-06,-0.006971,-0.002443,-2e-06,-0.003407,-0.0,-0.000166,-0.002064,-0.0023,-0.004353,-0.002845,-0.0,-8e-06,-0.003926,-0.00377,-0.003605,-2e-06,-0.0,-0.000161,-3e-06,-0.0,-0.00182,-0.004067,-0.00692,-0.00455,-0.0,-0.000468,-0.006946,-0.001196,-0.004353,-0.0,-0.001079,-0.002298,-4.3e-05,-3e-06,-0.003605,-0.003434,-0.0,-0.000111,-2e-06,-0.003069,-2e-06,-0.004067,-2e-06,-0.002383,-0.006885,-9e-05,-0.00011,-0.004395,-2e-06,-4e-06,-1e-06,-0.000101,-0.003926,-0.00377,-0.0,-0.002774,-0.00319,-0.00702,-0.007009,-2e-06,-0.006971,-1.3e-05,-0.005862,-0.00267,-0.0,-0.002474,-0.006946,-0.003926,-0.005931,-0.005701,-0.006971,-0.002494,-0.001155,-0.001486,-3e-06,-0.000768,-0.003849,-0.004079,-0.004067
2017-05-31 10:46:00+02:00,-1e-06,-0.0,-0.000238,-0.004183,-0.000174,-2.4e-05,-0.001433,-0.002285,-0.003736,-5.5e-05,-2e-06,-1e-06,-0.00352,-0.0033,-0.001664,-0.005745,-7.7e-05,-1e-06,-3.9e-05,-0.006129,-0.0,-0.006077,-0.003374,-2e-06,-0.006009,-0.005974,-0.002077,-0.0,-0.001139,-3.7e-05,-2e-06,-0.003405,-0.0,-0.003101,-0.003065,-1e-06,-0.000635,-0.003236,-0.0,-0.006224,-0.001994,-2e-06,-0.002728,-0.0,-0.000133,-0.001651,-0.00184,-0.003745,-0.002327,-0.0,-7e-06,-0.003413,-0.003185,-0.003364,-1e-06,-0.0,-0.000129,-2e-06,-0.0,-0.001456,-0.003531,-0.006093,-0.003712,-0.0,-0.000374,-0.005908,-0.000956,-0.003772,-0.0,-0.000863,-0.001857,-3.4e-05,-2e-06,-0.003156,-0.003119,-0.0,-8.9e-05,-1e-06,-0.002455,-2e-06,-0.003436,-2e-06,-0.001907,-0.006068,-7.2e-05,-8.8e-05,-0.00405,-2e-06,-3e-06,-1e-06,-8e-05,-0.003359,-0.003493,-0.0,-0.002303,-0.002552,-0.006049,-0.006041,-2e-06,-0.006029,-1e-05,-0.004901,-0.002177,-0.0,-0.002016,-0.006482,-0.003649,-0.004987,-0.004736,-0.006008,-0.002041,-0.000924,-0.001189,-3e-06,-0.000615,-0.003123,-0.003276,-0.003747
2017-05-31 10:47:00+02:00,-1e-06,-0.0,-0.00019,-0.003714,-0.000139,-1.9e-05,-0.001257,-0.002009,-0.002896,-4.4e-05,-2e-06,-1e-06,-0.002632,-0.00255,-0.001484,-0.004995,-6.1e-05,-1e-06,-3.1e-05,-0.004997,-0.0,-0.00499,-0.003004,-1e-06,-0.004981,-0.004995,-0.001826,-0.0,-0.000984,-3e-05,-1e-06,-0.00271,-0.0,-0.00255,-0.002466,-1e-06,-0.000542,-0.002867,-0.0,-0.004997,-0.001756,-1e-06,-0.002426,-0.0,-0.000106,-0.001437,-0.001607,-0.002933,-0.002054,-0.0,-5e-06,-0.00271,-0.002632,-0.00255,-1e-06,-0.0,-0.000103,-2e-06,-0.0,-0.00128,-0.002783,-0.00499,-0.003294,-0.0,-0.0003,-0.004995,-0.000833,-0.002933,-0.0,-0.000752,-0.001633,-2.7e-05,-2e-06,-0.00255,-0.002466,-0.0,-7.1e-05,-1e-06,-0.002175,-1e-06,-0.002783,-1e-06,-0.001671,-0.004981,-5.8e-05,-7e-05,-0.002955,-2e-06,-2e-06,-1e-06,-6.4e-05,-0.00271,-0.002632,-0.0,-0.002038,-0.002277,-0.004999,-0.004999,-1e-06,-0.004997,-8e-06,-0.00435,-0.001912,-0.0,-0.001773,-0.004995,-0.00271,-0.004441,-0.00419,-0.004997,-0.001797,-0.000793,-0.001037,-2e-06,-0.000524,-0.002773,-0.0029,-0.002783
2017-05-31 10:48:00+02:00,-0.0,-0.0,-0.000152,-0.002971,-0.000111,-1.5e-05,-0.001005,-0.001607,-0.001769,-3.5e-05,-2e-06,-1e-06,-0.001769,-0.001769,-0.001187,-0.003538,-4.9e-05,-1e-06,-2.5e-05,-0.003538,-0.0,-0.003538,-0.002403,-1e-06,-0.003538,-0.003538,-0.00146,-0.0,-0.000787,-2.4e-05,-1e-06,-0.001769,-0.0,-0.001769,-0.001769,-1e-06,-0.000434,-0.002294,-0.0,-0.003538,-0.001405,-1e-06,-0.001941,-0.0,-8.5e-05,-0.00115,-0.001286,-0.001769,-0.001644,-0.0,-4e-06,-0.001769,-0.001769,-0.001769,-1e-06,-0.0,-8.2e-05,-2e-06,-0.0,-0.001024,-0.001769,-0.003538,-0.002635,-0.0,-0.00024,-0.003538,-0.000667,-0.001769,-0.0,-0.000601,-0.001307,-2.2e-05,-1e-06,-0.001769,-0.001769,-0.0,-5.7e-05,-1e-06,-0.00174,-1e-06,-0.001769,-1e-06,-0.001337,-0.003538,-4.6e-05,-5.6e-05,-0.001769,-1e-06,-2e-06,-1e-06,-5.2e-05,-0.001769,-0.001769,-0.0,-0.00163,-0.001821,-0.003538,-0.003538,-1e-06,-0.003538,-6e-06,-0.00348,-0.00153,-0.0,-0.001419,-0.003538,-0.001769,-0.003538,-0.003352,-0.003538,-0.001438,-0.000634,-0.000829,-2e-06,-0.000419,-0.002219,-0.00232,-0.001769
2017-05-31 10:49:00+02:00,-0.0,-0.0,-0.000122,-0.002377,-8.9e-05,-1.2e-05,-0.000804,-0.001286,-0.001415,-2.8e-05,-1e-06,-0.0,-0.001415,-0.001415,-0.000949,-0.00283,-3.9e-05,-0.0,-2e-05,-0.00283,-0.0,-0.00283,-0.001922,-1e-06,-0.00283,-0.00283,-0.001168,-0.0,-0.00063,-1.9e-05,-1e-06,-0.001415,-0.0,-0.001415,-0.001415,-1e-06,-0.000347,-0.001835,-0.0,-0.00283,-0.001124,-1e-06,-0.001553,-0.0,-6.8e-05,-0.00092,-0.001028,-0.001415,-0.001315,-0.0,-3e-06,-0.001415,-0.001415,-0.001415,-1e-06,-0.0,-6.6e-05,-1e-06,-0.0,-0.000819,-0.001415,-0.00283,-0.002108,-0.0,-0.000192,-0.00283,-0.000533,-0.001415,-0.0,-0.000481,-0.001045,-1.8e-05,-1e-06,-0.001415,-0.001415,-0.0,-4.6e-05,-1e-06,-0.001392,-1e-06,-0.001415,-1e-06,-0.001069,-0.00283,-3.7e-05,-4.5e-05,-0.001415,-1e-06,-1e-06,-0.0,-4.1e-05,-0.001415,-0.001415,-0.0,-0.001304,-0.001457,-0.00283,-0.00283,-1e-06,-0.00283,-5e-06,-0.002784,-0.001224,-0.0,-0.001135,-0.00283,-0.001415,-0.00283,-0.002682,-0.00283,-0.00115,-0.000508,-0.000663,-1e-06,-0.000336,-0.001775,-0.001856,-0.001415
2017-05-31 10:50:00+02:00,-0.0,-0.0,-9.7e-05,-0.001901,-7.1e-05,-1e-05,-0.000643,-0.001029,-0.001132,-2.3e-05,-1e-06,-0.0,-0.001132,-0.001132,-0.00076,-0.002264,-3.1e-05,-0.0,-1.6e-05,-0.002264,-0.0,-0.002264,-0.001538,-1e-06,-0.002264,-0.002264,-0.000935,-0.0,-0.000504,-1.5e-05,-1e-06,-0.001132,-0.0,-0.001132,-0.001132,-0.0,-0.000278,-0.001468,-0.0,-0.002264,-0.000899,-1e-06,-0.001242,-0.0,-5.4e-05,-0.000736,-0.000823,-0.001132,-0.001052,-0.0,-3e-06,-0.001132,-0.001132,-0.001132,-1e-06,-0.0,-5.3e-05,-1e-06,-0.0,-0.000656,-0.001132,-0.002264,-0.001686,-0.0,-0.000153,-0.002264,-0.000427,-0.001132,-0.0,-0.000385,-0.000836,-1.4e-05,-1e-06,-0.001132,-0.001132,-0.0,-3.6e-05,-1e-06,-0.001114,-1e-06,-0.001132,-1e-06,-0.000855,-0.002264,-2.9e-05,-3.6e-05,-0.001132,-1e-06,-1e-06,-0.0,-3.3e-05,-0.001132,-0.001132,-0.0,-0.001043,-0.001166,-0.002264,-0.002264,-1e-06,-0.002264,-4e-06,-0.002227,-0.000979,-0.0,-0.000908,-0.002264,-0.001132,-0.002264,-0.002145,-0.002264,-0.00092,-0.000406,-0.000531,-1e-06,-0.000268,-0.00142,-0.001485,-0.001132
2017-05-31 10:51:00+02:00,-0.0,-0.0,-7.8e-05,-0.001521,-5.7e-05,-8e-06,-0.000515,-0.000823,-0.000906,-1.8e-05,-1e-06,-0.0,-0.000906,-0.000906,-0.000608,-0.001811,-2.5e-05,-0.0,-1.3e-05,-0.001811,-0.0,-0.001811,-0.00123,-1e-06,-0.001811,-0.001811,-0.000748,-0.0,-0.000403,-1.2e-05,-1e-06,-0.000906,-0.0,-0.000906,-0.000906,-0.0,-0.000222,-0.001174,-0.0,-0.001811,-0.000719,-1e-06,-0.000994,-0.0,-4.3e-05,-0.000589,-0.000658,-0.000906,-0.000841,-0.0,-2e-06,-0.000906,-0.000906,-0.000906,-0.0,-0.0,-4.2e-05,-1e-06,-0.0,-0.000524,-0.000906,-0.001811,-0.001349,-0.0,-0.000123,-0.001811,-0.000341,-0.000906,-0.0,-0.000308,-0.000669,-1.1e-05,-1e-06,-0.000906,-0.000906,-0.0,-2.9e-05,-0.0,-0.000891,-1e-06,-0.000906,-1e-06,-0.000684,-0.001811,-2.4e-05,-2.9e-05,-0.000906,-1e-06,-1e-06,-0.0,-2.6e-05,-0.000906,-0.000906,-0.0,-0.000835,-0.000933,-0.001811,-0.001811,-1e-06,-0.001811,-3e-06,-0.001782,-0.000783,-0.0,-0.000726,-0.001811,-0.000906,-0.001811,-0.001716,-0.001811,-0.000736,-0.000325,-0.000425,-1e-06,-0.000215,-0.001136,-0.001188,-0.000906
2017-05-31 10:52:00+02:00,-0.000505,-0.0,-0.002245,-0.003385,-0.00221,-0.001727,-0.001835,-0.002074,-0.002127,-0.001323,-0.000882,-0.000561,-0.001986,-0.001933,-0.001635,-0.003682,-0.002165,-0.000818,-0.001878,-0.00371,-0.0,-0.003655,-0.003166,-0.00097,-0.003614,-0.003682,-0.002021,-2.1e-05,-0.001725,-0.001224,-0.000781,-0.002034,-0.0,-0.001933,-0.001874,-0.000828,-0.0025,-0.003247,-0.00071,-0.00371,-0.001924,-0.000983,-0.002977,-2.5e-05,-0.0022,-0.002704,-0.001949,-0.002141,-0.002076,-3.2e-05,-0.000986,-0.002034,-0.001986,-0.001933,-0.000662,-0.0,-0.002356,-0.001136,-0.0,-0.002681,-0.002074,-0.003655,-0.003261,-3.9e-05,-0.002263,-0.003682,-0.001696,-0.002141,-0.0,-0.001627,-0.001884,-0.00116,-0.000886,-0.001933,-0.001874,-0.0,-0.002224,-0.000922,-0.003,-0.001,-0.002074,-0.001007,-0.00273,-0.003617,-0.002039,-0.002154,-0.002147,-0.000819,-0.000972,-0.000558,-0.00137,-0.002034,-0.001986,-0.0,-0.001817,-0.002979,-0.003771,-0.003757,-0.001016,-0.00371,-0.001013,-0.003631,-0.002043,-3.6e-05,-0.001962,-0.003682,-0.002034,-0.003757,-0.00366,-0.00371,-0.001938,-0.001662,-0.00172,-0.001183,-0.002433,-0.003142,-0.003183,-0.002074
2017-05-31 10:53:00+02:00,-0.000404,-0.0,-0.002911,-0.004895,-0.002841,-0.001765,-0.002617,-0.003075,-0.003104,-0.001551,-0.000769,-0.000449,-0.002855,-0.00276,-0.002466,-0.005196,-0.002505,-0.000654,-0.002006,-0.005245,-0.0,-0.005147,-0.004734,-0.000776,-0.005075,-0.005196,-0.002975,-1.7e-05,-0.002476,-0.001372,-0.000624,-0.002939,-0.0,-0.00276,-0.002657,-0.000663,-0.003614,-0.004821,-0.000568,-0.005245,-0.002854,-0.000787,-0.004443,-2e-05,-0.00276,-0.003884,-0.002914,-0.003128,-0.003063,-2.5e-05,-0.000961,-0.002939,-0.002855,-0.00276,-0.00053,-0.0,-0.002886,-0.000908,-0.0,-0.003725,-0.003009,-0.005147,-0.00481,-3.2e-05,-0.002974,-0.005196,-0.002343,-0.003128,-0.0,-0.002243,-0.002821,-0.001301,-0.000829,-0.00276,-0.002657,-0.0,-0.002611,-0.000738,-0.004353,-0.0008,-0.003009,-0.000805,-0.003975,-0.005081,-0.00238,-0.002541,-0.003139,-0.000655,-0.000902,-0.000447,-0.001701,-0.002939,-0.002855,-0.0,-0.002611,-0.004633,-0.005351,-0.005326,-0.000813,-0.005245,-0.00101,-0.005129,-0.003049,-2.8e-05,-0.0029,-0.005196,-0.002939,-0.005326,-0.005229,-0.005245,-0.002879,-0.002349,-0.002456,-0.000947,-0.003229,-0.004735,-0.004797,-0.003009
2017-05-31 10:54:00+02:00,-0.000323,-0.0,-0.002673,-0.005682,-0.00258,-0.001412,-0.002732,-0.003362,-0.003856,-0.001244,-0.000615,-0.000359,-0.003522,-0.003394,-0.002854,-0.006355,-0.002004,-0.000523,-0.001604,-0.006419,-0.0,-0.006292,-0.00518,-0.000621,-0.006196,-0.006355,-0.00322,-1.4e-05,-0.002558,-0.001097,-0.0005,-0.003634,-0.0,-0.003394,-0.003255,-0.00053,-0.003626,-0.005228,-0.000454,-0.006419,-0.003103,-0.000629,-0.004811,-1.6e-05,-0.002445,-0.003996,-0.003152,-0.003888,-0.003577,-2e-05,-0.000768,-0.003634,-0.003522,-0.003394,-0.000424,-0.0,-0.002497,-0.000727,-0.0,-0.003749,-0.003729,-0.006292,-0.005463,-2.5e-05,-0.002775,-0.006355,-0.002355,-0.003888,-0.0,-0.002245,-0.003074,-0.001041,-0.000663,-0.003394,-0.003255,-0.0,-0.002092,-0.00059,-0.004601,-0.00064,-0.003729,-0.000644,-0.004154,-0.006204,-0.001904,-0.002072,-0.003904,-0.000524,-0.000721,-0.000357,-0.001494,-0.003634,-0.003522,-0.0,-0.003075,-0.005151,-0.006557,-0.006525,-0.00065,-0.006419,-0.000808,-0.006126,-0.003355,-2.3e-05,-0.003147,-0.006355,-0.003634,-0.006525,-0.006162,-0.006419,-0.003137,-0.002382,-0.002547,-0.000757,-0.003062,-0.005182,-0.00532,-0.003729
2017-05-31 10:55:00+02:00,-0.000258,-0.0,-0.002138,-0.005769,-0.002064,-0.00113,-0.002546,-0.003276,-0.004289,-0.000995,-0.000492,-0.000287,-0.003901,-0.003757,-0.002847,-0.006768,-0.001603,-0.000419,-0.001284,-0.007115,-0.0,-0.006987,-0.005073,-0.000497,-0.006889,-0.007051,-0.00311,-1.1e-05,-0.002336,-0.000878,-0.0004,-0.00403,-0.0,-0.003757,-0.003601,-0.000424,-0.003157,-0.005058,-0.000364,-0.007115,-0.003006,-0.000503,-0.004624,-1.3e-05,-0.001956,-0.00364,-0.003017,-0.004212,-0.00359,-1.6e-05,-0.000615,-0.004003,-0.003752,-0.003757,-0.000339,-0.0,-0.001998,-0.000581,-0.0,-0.003365,-0.004103,-0.006987,-0.005458,-2e-05,-0.002251,-0.006879,-0.002109,-0.004277,-0.0,-0.002,-0.002961,-0.000833,-0.000531,-0.003757,-0.003601,-0.0,-0.001673,-0.000472,-0.004344,-0.000512,-0.003986,-0.000516,-0.003851,-0.006898,-0.001523,-0.001657,-0.004348,-0.000419,-0.000577,-0.000286,-0.001195,-0.003989,-0.003901,-0.0,-0.003136,-0.005002,-0.00725,-0.007219,-0.00052,-0.007115,-0.000646,-0.006335,-0.003259,-1.8e-05,-0.003042,-0.007051,-0.00403,-0.006806,-0.006295,-0.007115,-0.003045,-0.002133,-0.002336,-0.000606,-0.002563,-0.005026,-0.005213,-0.004139
2017-05-31 10:56:00+02:00,-0.000207,-0.0,-0.001711,-0.005396,-0.001651,-0.000904,-0.002177,-0.002967,-0.004419,-0.000796,-0.000394,-0.00023,-0.004241,-0.004083,-0.002608,-0.006599,-0.001283,-0.000335,-0.001027,-0.007219,-0.0,-0.00708,-0.004606,-0.000397,-0.007096,-0.007072,-0.002784,-9e-06,-0.001931,-0.000702,-0.00032,-0.004103,-0.0,-0.003763,-0.003843,-0.000339,-0.002526,-0.004537,-0.000291,-0.00761,-0.002703,-0.000403,-0.004065,-1e-05,-0.001565,-0.002986,-0.002656,-0.004144,-0.003311,-1.3e-05,-0.000492,-0.00399,-0.003659,-0.004083,-0.000271,-0.0,-0.001598,-0.000465,-0.0,-0.002723,-0.004085,-0.007301,-0.005024,-1.6e-05,-0.001801,-0.006784,-0.001705,-0.004253,-0.0,-0.001605,-0.002621,-0.000666,-0.000425,-0.003782,-0.003913,-0.0,-0.001339,-0.000378,-0.003774,-0.000409,-0.003894,-0.000412,-0.003236,-0.007222,-0.001218,-0.001326,-0.004736,-0.000335,-0.000462,-0.000229,-0.000956,-0.003971,-0.004241,-0.0,-0.002952,-0.004446,-0.007291,-0.007264,-0.000416,-0.0072,-0.000517,-0.006033,-0.002915,-1.5e-05,-0.002729,-0.007674,-0.004382,-0.006515,-0.005935,-0.007167,-0.002745,-0.001712,-0.001933,-0.000485,-0.00205,-0.004477,-0.004708,-0.004503
2017-05-31 10:57:00+02:00,-0.000165,-0.0,-0.001368,-0.005274,-0.001321,-0.000723,-0.002017,-0.002835,-0.004567,-0.000637,-0.000315,-0.000184,-0.004365,-0.004201,-0.002495,-0.006603,-0.001026,-0.000268,-0.000821,-0.007399,-0.0,-0.007257,-0.004421,-0.000318,-0.007339,-0.007205,-0.002644,-7e-06,-0.001754,-0.000562,-0.000256,-0.004202,-0.0,-0.003807,-0.00397,-0.000271,-0.002133,-0.004314,-0.000233,-0.007869,-0.002572,-0.000322,-0.003832,-8e-06,-0.001252,-0.002706,-0.0025,-0.004167,-0.003179,-1e-05,-0.000393,-0.004041,-0.003658,-0.004201,-0.000217,-0.0,-0.001279,-0.000372,-0.0,-0.002447,-0.004136,-0.007598,-0.004866,-1.3e-05,-0.001441,-0.006839,-0.001529,-0.004306,-0.0,-0.001432,-0.002471,-0.000533,-0.00034,-0.003854,-0.004026,-0.0,-0.001071,-0.000302,-0.003531,-0.000328,-0.0039,-0.00033,-0.002978,-0.007527,-0.000975,-0.001061,-0.004887,-0.000268,-0.000369,-0.000183,-0.000765,-0.004024,-0.004365,-0.0,-0.002889,-0.004178,-0.007429,-0.007407,-0.000333,-0.007341,-0.000414,-0.005951,-0.002764,-1.2e-05,-0.002594,-0.007912,-0.004512,-0.006394,-0.005812,-0.007319,-0.002616,-0.001526,-0.001756,-0.000388,-0.001699,-0.004244,-0.004503,-0.004639
2017-05-31 10:58:00+02:00,-0.000132,-0.0,-0.001095,-0.003991,-0.001057,-0.000578,-0.001661,-0.002131,-0.002121,-0.000509,-0.000252,-0.000147,-0.002043,-0.002017,-0.001992,-0.003991,-0.000821,-0.000214,-0.000657,-0.003991,-0.0,-0.003991,-0.003742,-0.000254,-0.003991,-0.003991,-0.002137,-6e-06,-0.001421,-0.000449,-0.000205,-0.002066,-0.0,-0.002017,-0.001992,-0.000217,-0.001706,-0.00363,-0.000186,-0.003991,-0.002088,-0.000258,-0.003203,-6e-06,-0.001001,-0.002189,-0.002073,-0.002131,-0.002121,-8e-06,-0.000315,-0.002066,-0.002043,-0.002017,-0.000174,-0.0,-0.001023,-0.000298,-0.0,-0.001977,-0.002088,-0.003991,-0.003991,-1e-05,-0.001152,-0.003991,-0.001233,-0.002131,-0.0,-0.001151,-0.002059,-0.000426,-0.000272,-0.002017,-0.001992,-0.0,-0.000857,-0.000242,-0.002938,-0.000262,-0.002088,-0.000264,-0.002437,-0.003991,-0.00078,-0.000849,-0.002137,-0.000215,-0.000295,-0.000146,-0.000612,-0.002066,-0.002043,-0.0,-0.001992,-0.003476,-0.003988,-0.003989,-0.000266,-0.003991,-0.000331,-0.003991,-0.002131,-9e-06,-0.002106,-0.003991,-0.002066,-0.003989,-0.003989,-0.003991,-0.002088,-0.001222,-0.00143,-0.00031,-0.001359,-0.003562,-0.003789,-0.002088
2017-05-31 10:59:00+02:00,-0.000106,-0.0,-0.000876,-0.003193,-0.000845,-0.000463,-0.001329,-0.001635,-0.001634,-0.000408,-0.000202,-0.000118,-0.001619,-0.001614,-0.001594,-0.003193,-0.000657,-0.000172,-0.000526,-0.003193,-0.0,-0.003193,-0.002994,-0.000204,-0.003193,-0.003193,-0.001637,-4e-06,-0.001137,-0.00036,-0.000164,-0.001623,-0.0,-0.001614,-0.001594,-0.000174,-0.001365,-0.002904,-0.000149,-0.003193,-0.001628,-0.000206,-0.002563,-5e-06,-0.000801,-0.001751,-0.001637,-0.001635,-0.001634,-7e-06,-0.000252,-0.001623,-0.001619,-0.001614,-0.000139,-0.0,-0.000818,-0.000238,-0.0,-0.001581,-0.001628,-0.003193,-0.003193,-8e-06,-0.000922,-0.003193,-0.000987,-0.001635,-0.0,-0.000921,-0.001628,-0.000341,-0.000217,-0.001614,-0.001594,-0.0,-0.000685,-0.000193,-0.00235,-0.00021,-0.001628,-0.000211,-0.001949,-0.003193,-0.000624,-0.000679,-0.001637,-0.000172,-0.000236,-0.000117,-0.00049,-0.001623,-0.001619,-0.0,-0.001594,-0.002781,-0.00319,-0.003191,-0.000213,-0.003193,-0.000265,-0.003193,-0.001635,-7e-06,-0.001631,-0.003193,-0.001623,-0.003191,-0.003191,-0.003193,-0.001628,-0.000977,-0.001144,-0.000248,-0.001088,-0.00285,-0.003031,-0.001628
2017-05-31 11:00:00+02:00,-8.5e-05,-0.0,-0.000701,-0.002554,-0.000676,-0.00037,-0.001063,-0.001308,-0.001307,-0.000326,-0.000161,-9.4e-05,-0.001295,-0.001291,-0.001275,-0.002554,-0.000525,-0.000137,-0.000421,-0.002554,-0.0,-0.002554,-0.002395,-0.000163,-0.002554,-0.002554,-0.00131,-4e-06,-0.00091,-0.000288,-0.000131,-0.001299,-0.0,-0.001291,-0.001275,-0.000139,-0.001092,-0.002323,-0.000119,-0.002554,-0.001302,-0.000165,-0.00205,-4e-06,-0.000641,-0.001401,-0.00131,-0.001308,-0.001307,-5e-06,-0.000201,-0.001299,-0.001295,-0.001291,-0.000111,-0.0,-0.000655,-0.000191,-0.0,-0.001265,-0.001302,-0.002554,-0.002554,-7e-06,-0.000738,-0.002554,-0.000789,-0.001308,-0.0,-0.000737,-0.001302,-0.000273,-0.000174,-0.001291,-0.001275,-0.0,-0.000548,-0.000155,-0.00188,-0.000168,-0.001302,-0.000169,-0.001559,-0.002554,-0.000499,-0.000543,-0.00131,-0.000137,-0.000189,-9.4e-05,-0.000392,-0.001299,-0.001295,-0.0,-0.001275,-0.002225,-0.002552,-0.002553,-0.000171,-0.002554,-0.000212,-0.002554,-0.001308,-6e-06,-0.001305,-0.002554,-0.001299,-0.002553,-0.002553,-0.002554,-0.001302,-0.000782,-0.000915,-0.000199,-0.00087,-0.00228,-0.002425,-0.001302
2017-05-31 11:01:00+02:00,-6.8e-05,-0.0,-0.000561,-0.002043,-0.000541,-0.000296,-0.00085,-0.001047,-0.001046,-0.000261,-0.000129,-7.5e-05,-0.001036,-0.001033,-0.00102,-0.002043,-0.00042,-0.00011,-0.000336,-0.002043,-0.0,-0.002043,-0.001916,-0.00013,-0.002043,-0.002043,-0.001048,-3e-06,-0.000728,-0.00023,-0.000105,-0.001039,-0.0,-0.001033,-0.00102,-0.000111,-0.000874,-0.001859,-9.5e-05,-0.002043,-0.001042,-0.000132,-0.00164,-3e-06,-0.000513,-0.001121,-0.001048,-0.001047,-0.001046,-4e-06,-0.000161,-0.001039,-0.001036,-0.001033,-8.9e-05,-0.0,-0.000524,-0.000152,-0.0,-0.001012,-0.001042,-0.002043,-0.002043,-5e-06,-0.00059,-0.002043,-0.000631,-0.001047,-0.0,-0.00059,-0.001042,-0.000218,-0.000139,-0.001033,-0.00102,-0.0,-0.000439,-0.000124,-0.001504,-0.000134,-0.001042,-0.000135,-0.001248,-0.002043,-0.000399,-0.000434,-0.001048,-0.00011,-0.000151,-7.5e-05,-0.000313,-0.001039,-0.001036,-0.0,-0.00102,-0.00178,-0.002042,-0.002043,-0.000136,-0.002043,-0.000169,-0.002043,-0.001047,-5e-06,-0.001044,-0.002043,-0.001039,-0.002043,-0.002043,-0.002043,-0.001042,-0.000626,-0.000732,-0.000159,-0.000696,-0.001824,-0.00194,-0.001042
2017-05-31 11:02:00+02:00,-5.4e-05,-0.0,-0.000448,-0.001635,-0.000433,-0.000237,-0.00068,-0.000837,-0.000836,-0.000209,-0.000103,-6e-05,-0.000829,-0.000826,-0.000816,-0.001635,-0.000336,-8.8e-05,-0.000269,-0.001635,-0.0,-0.001635,-0.001533,-0.000104,-0.001635,-0.001635,-0.000838,-2e-06,-0.000582,-0.000184,-8.4e-05,-0.000831,-0.0,-0.000826,-0.000816,-8.9e-05,-0.000699,-0.001487,-7.6e-05,-0.001635,-0.000833,-0.000106,-0.001312,-3e-06,-0.00041,-0.000897,-0.000838,-0.000837,-0.000836,-3e-06,-0.000129,-0.000831,-0.000829,-0.000826,-7.1e-05,-0.0,-0.000419,-0.000122,-0.0,-0.00081,-0.000833,-0.001635,-0.001635,-4e-06,-0.000472,-0.001635,-0.000505,-0.000837,-0.0,-0.000472,-0.000833,-0.000175,-0.000111,-0.000826,-0.000816,-0.0,-0.000351,-9.9e-05,-0.001203,-0.000107,-0.000833,-0.000108,-0.000998,-0.001635,-0.000319,-0.000348,-0.000838,-8.8e-05,-0.000121,-6e-05,-0.000251,-0.000831,-0.000829,-0.0,-0.000816,-0.001424,-0.001633,-0.001634,-0.000109,-0.001635,-0.000136,-0.001635,-0.000837,-4e-06,-0.000835,-0.001635,-0.000831,-0.001634,-0.001634,-0.001635,-0.000833,-0.0005,-0.000586,-0.000127,-0.000557,-0.001459,-0.001552,-0.000833
2017-05-31 11:03:00+02:00,-4.3e-05,-0.0,-0.000359,-0.001308,-0.000346,-0.00019,-0.000544,-0.00067,-0.000669,-0.000167,-8.3e-05,-4.8e-05,-0.000663,-0.000661,-0.000653,-0.001308,-0.000269,-7e-05,-0.000215,-0.001308,-0.0,-0.001308,-0.001226,-8.3e-05,-0.001308,-0.001308,-0.000671,-2e-06,-0.000466,-0.000147,-6.7e-05,-0.000665,-0.0,-0.000661,-0.000653,-7.1e-05,-0.000559,-0.00119,-6.1e-05,-0.001308,-0.000667,-8.4e-05,-0.00105,-2e-06,-0.000328,-0.000717,-0.000671,-0.00067,-0.000669,-3e-06,-0.000103,-0.000665,-0.000663,-0.000661,-5.7e-05,-0.0,-0.000335,-9.8e-05,-0.0,-0.000648,-0.000667,-0.001308,-0.001308,-3e-06,-0.000378,-0.001308,-0.000404,-0.00067,-0.0,-0.000377,-0.000667,-0.00014,-8.9e-05,-0.000661,-0.000653,-0.0,-0.000281,-7.9e-05,-0.000963,-8.6e-05,-0.000667,-8.6e-05,-0.000798,-0.001308,-0.000256,-0.000278,-0.000671,-7e-05,-9.7e-05,-4.8e-05,-0.000201,-0.000665,-0.000663,-0.0,-0.000653,-0.001139,-0.001307,-0.001307,-8.7e-05,-0.001308,-0.000108,-0.001308,-0.00067,-3e-06,-0.000668,-0.001308,-0.000665,-0.001307,-0.001307,-0.001308,-0.000667,-0.0004,-0.000469,-0.000102,-0.000445,-0.001167,-0.001241,-0.000667
2017-05-31 11:04:00+02:00,-3.5e-05,-0.0,-0.000287,-0.001046,-0.000277,-0.000152,-0.000435,-0.000536,-0.000535,-0.000134,-6.6e-05,-3.9e-05,-0.00053,-0.000529,-0.000522,-0.001046,-0.000215,-5.6e-05,-0.000172,-0.001046,-0.0,-0.001046,-0.000981,-6.7e-05,-0.001046,-0.001046,-0.000536,-1e-06,-0.000373,-0.000118,-5.4e-05,-0.000532,-0.0,-0.000529,-0.000522,-5.7e-05,-0.000447,-0.000952,-4.9e-05,-0.001046,-0.000533,-6.8e-05,-0.00084,-2e-06,-0.000263,-0.000574,-0.000536,-0.000536,-0.000535,-2e-06,-8.3e-05,-0.000532,-0.00053,-0.000529,-4.5e-05,-0.0,-0.000268,-7.8e-05,-0.0,-0.000518,-0.000533,-0.001046,-0.001046,-3e-06,-0.000302,-0.001046,-0.000323,-0.000536,-0.0,-0.000302,-0.000533,-0.000112,-7.1e-05,-0.000529,-0.000522,-0.0,-0.000225,-6.3e-05,-0.00077,-6.9e-05,-0.000533,-6.9e-05,-0.000639,-0.001046,-0.000204,-0.000222,-0.000536,-5.6e-05,-7.7e-05,-3.8e-05,-0.00016,-0.000532,-0.00053,-0.0,-0.000522,-0.000911,-0.001045,-0.001046,-7e-05,-0.001046,-8.7e-05,-0.001046,-0.000536,-2e-06,-0.000534,-0.001046,-0.000532,-0.001046,-0.001046,-0.001046,-0.000533,-0.00032,-0.000375,-8.1e-05,-0.000356,-0.000934,-0.000993,-0.000533
2017-05-31 11:05:00+02:00,-2.8e-05,-0.0,-0.00023,-0.000837,-0.000222,-0.000121,-0.000348,-0.000429,-0.000478,-0.000107,-5.3e-05,-3.1e-05,-0.00051,-0.000494,-0.000418,-0.000837,-0.000172,-4.5e-05,-0.000138,-0.000886,-0.0,-0.000884,-0.000785,-5.3e-05,-0.000922,-0.000837,-0.000429,-1e-06,-0.000298,-9.4e-05,-4.3e-05,-0.000467,-0.0,-0.000456,-0.000471,-4.6e-05,-0.000358,-0.000761,-3.9e-05,-0.000945,-0.000427,-5.4e-05,-0.000672,-1e-06,-0.00021,-0.000459,-0.000429,-0.000441,-0.000428,-2e-06,-6.6e-05,-0.000444,-0.000424,-0.000506,-3.6e-05,-0.0,-0.000214,-6.2e-05,-0.0,-0.000415,-0.000445,-0.000928,-0.000837,-2e-06,-0.000242,-0.000837,-0.000259,-0.000447,-0.0,-0.000241,-0.000427,-8.9e-05,-5.7e-05,-0.000446,-0.000482,-0.0,-0.00018,-5.1e-05,-0.000616,-5.5e-05,-0.000427,-5.5e-05,-0.000511,-0.000929,-0.000164,-0.000178,-0.000516,-4.5e-05,-6.2e-05,-3.1e-05,-0.000128,-0.000426,-0.000505,-0.0,-0.000418,-0.000729,-0.000836,-0.000837,-5.6e-05,-0.000909,-6.9e-05,-0.000837,-0.000429,-2e-06,-0.000428,-0.000997,-0.000511,-0.000862,-0.000837,-0.000837,-0.000427,-0.000256,-0.0003,-6.5e-05,-0.000285,-0.000747,-0.000795,-0.000509
2017-05-31 11:06:00+02:00,-2.2e-05,-0.0,-0.000184,-0.000693,-0.000177,-9.7e-05,-0.000279,-0.000353,-0.000484,-8.5e-05,-4.2e-05,-2.5e-05,-0.000548,-0.000517,-0.000365,-0.000726,-0.000138,-3.6e-05,-0.00011,-0.000847,-0.0,-0.000843,-0.000644,-4.3e-05,-0.000909,-0.000746,-0.000348,-1e-06,-0.000238,-7.5e-05,-3.4e-05,-0.000464,-0.0,-0.000443,-0.000477,-3.6e-05,-0.000286,-0.000617,-3.1e-05,-0.000955,-0.000347,-4.3e-05,-0.000548,-1e-06,-0.000168,-0.000367,-0.000343,-0.000417,-0.000383,-1e-06,-5.3e-05,-0.000423,-0.00037,-0.00054,-2.9e-05,-0.0,-0.000172,-5e-05,-0.0,-0.000332,-0.000425,-0.000921,-0.000682,-2e-06,-0.000193,-0.000734,-0.000207,-0.000428,-0.0,-0.000193,-0.000351,-7.2e-05,-4.6e-05,-0.000425,-0.000497,-0.0,-0.000144,-4.1e-05,-0.000493,-4.4e-05,-0.000374,-4.4e-05,-0.000409,-0.000923,-0.000131,-0.000142,-0.000558,-3.6e-05,-5e-05,-2.5e-05,-0.000103,-0.00038,-0.000538,-0.0,-0.00035,-0.000621,-0.000747,-0.000747,-4.5e-05,-0.000884,-5.6e-05,-0.000709,-0.000358,-2e-06,-0.000347,-0.001057,-0.00055,-0.000796,-0.000701,-0.000748,-0.000349,-0.000205,-0.00024,-5.2e-05,-0.000228,-0.000618,-0.000636,-0.000545
2017-05-31 11:07:00+02:00,-1.8e-05,-0.0,-0.000147,-0.000687,-0.000142,-7.8e-05,-0.000244,-0.000355,-0.000693,-6.8e-05,-3.4e-05,-2e-05,-0.00083,-0.000753,-0.000405,-0.000792,-0.00011,-2.9e-05,-8.8e-05,-0.001088,-0.0,-0.001076,-0.000626,-3.4e-05,-0.001203,-0.000857,-0.000337,-1e-06,-0.000191,-6e-05,-2.7e-05,-0.000641,-0.0,-0.000585,-0.000661,-2.9e-05,-0.000245,-0.000588,-2.5e-05,-0.001315,-0.000338,-3.5e-05,-0.000542,-1e-06,-0.000134,-0.000294,-0.000304,-0.000547,-0.000457,-1e-06,-4.2e-05,-0.000555,-0.000416,-0.000805,-2.3e-05,-0.0,-0.000137,-4e-05,-0.0,-0.000265,-0.000561,-0.001237,-0.000651,-1e-06,-0.000155,-0.000819,-0.000166,-0.000573,-0.0,-0.000155,-0.000353,-5.7e-05,-3.6e-05,-0.000552,-0.000707,-0.0,-0.000115,-3.2e-05,-0.000444,-3.5e-05,-0.000429,-3.5e-05,-0.000327,-0.001236,-0.000105,-0.000114,-0.000867,-2.9e-05,-4e-05,-2e-05,-8.2e-05,-0.000449,-0.000808,-0.0,-0.000357,-0.000663,-0.000866,-0.000866,-3.6e-05,-0.001159,-4.4e-05,-0.000737,-0.000374,-1e-06,-0.000337,-0.001538,-0.000839,-0.000968,-0.000716,-0.000864,-0.000342,-0.000164,-0.000214,-4.2e-05,-0.000182,-0.000621,-0.000587,-0.000831
2017-05-31 11:08:00+02:00,-0.00039,-0.0,-0.001827,-0.002631,-0.001776,-0.001314,-0.001555,-0.001639,-0.0019,-0.001002,-0.000678,-0.00043,-0.001889,-0.001778,-0.001446,-0.00278,-0.001623,-0.000629,-0.00142,-0.00304,-0.0,-0.002983,-0.002599,-0.000735,-0.003036,-0.002832,-0.00163,-5.5e-05,-0.001498,-0.000927,-0.000601,-0.00178,-0.0,-0.001644,-0.001651,-0.000638,-0.002339,-0.002674,-0.000555,-0.003221,-0.001572,-0.000746,-0.002532,-7.8e-05,-0.001723,-0.002371,-0.001603,-0.001793,-0.001711,-6.1e-05,-0.000755,-0.001712,-0.001557,-0.00182,-0.000516,-0.0,-0.001793,-0.000878,-0.0,-0.002252,-0.001751,-0.003111,-0.002619,-8.9e-05,-0.00185,-0.002801,-0.001411,-0.001814,-0.0,-0.001362,-0.001585,-0.000886,-0.000702,-0.001618,-0.001687,-0.0,-0.001668,-0.000701,-0.002544,-0.000757,-0.001645,-0.000787,-0.00236,-0.00307,-0.001536,-0.001628,-0.002054,-0.000626,-0.000743,-0.000424,-0.001071,-0.001627,-0.001871,-0.0,-0.001408,-0.002677,-0.002905,-0.002896,-0.000792,-0.003096,-0.000777,-0.002711,-0.001655,-6.5e-05,-0.001598,-0.003377,-0.001939,-0.002978,-0.002762,-0.00286,-0.001576,-0.001435,-0.0015,-0.000914,-0.001992,-0.002643,-0.002616,-0.001967
2017-05-31 11:09:00+02:00,-0.000312,-0.0,-0.00286,-0.004197,-0.002766,-0.001783,-0.002541,-0.002671,-0.00287,-0.001513,-0.000845,-0.000351,-0.002742,-0.002605,-0.002286,-0.004382,-0.002398,-0.000503,-0.001985,-0.004613,-0.0,-0.00452,-0.00419,-0.000639,-0.004513,-0.004423,-0.002668,-4.4e-05,-0.002483,-0.001341,-0.000672,-0.002698,-0.0,-0.002498,-0.00245,-0.000511,-0.003804,-0.004354,-0.000444,-0.004758,-0.002566,-0.000646,-0.004136,-6.3e-05,-0.002658,-0.003914,-0.002647,-0.002795,-0.002719,-4.9e-05,-0.000993,-0.002643,-0.002477,-0.002639,-0.000574,-0.0,-0.002742,-0.000848,-0.0,-0.003636,-0.002709,-0.004622,-0.004206,-7.1e-05,-0.002913,-0.004399,-0.002275,-0.002811,-0.0,-0.002195,-0.002576,-0.001299,-0.000911,-0.002477,-0.002479,-0.0,-0.002519,-0.000561,-0.004213,-0.000647,-0.002624,-0.000677,-0.003963,-0.004548,-0.002277,-0.002436,-0.003007,-0.000698,-0.000961,-0.000339,-0.001647,-0.002575,-0.002728,-0.0,-0.002255,-0.004299,-0.004547,-0.004532,-0.000656,-0.004658,-0.001052,-0.004302,-0.002683,-5.2e-05,-0.002612,-0.004859,-0.002824,-0.004597,-0.00441,-0.00447,-0.002569,-0.00236,-0.002434,-0.000933,-0.003153,-0.004272,-0.004251,-0.002882
2017-05-31 11:10:00+02:00,-0.00025,-0.0,-0.00282,-0.005324,-0.002713,-0.001427,-0.002773,-0.003131,-0.003666,-0.001366,-0.000676,-0.00028,-0.003449,-0.003292,-0.002855,-0.005716,-0.002101,-0.000403,-0.001588,-0.005924,-0.0,-0.005801,-0.004903,-0.000511,-0.005746,-0.005749,-0.003066,-3.5e-05,-0.002706,-0.001121,-0.000537,-0.003454,-0.0,-0.003207,-0.003116,-0.000409,-0.004042,-0.005017,-0.000355,-0.00604,-0.002971,-0.000516,-0.004714,-5e-05,-0.002559,-0.004257,-0.00307,-0.003614,-0.003447,-3.9e-05,-0.000795,-0.00341,-0.003237,-0.003319,-0.000459,-0.0,-0.002587,-0.000679,-0.0,-0.003863,-0.003496,-0.005883,-0.00519,-5.7e-05,-0.002908,-0.005729,-0.002409,-0.003627,-0.0,-0.002318,-0.002969,-0.001098,-0.000729,-0.00319,-0.003139,-0.0,-0.002276,-0.000449,-0.004662,-0.000518,-0.003428,-0.000542,-0.004374,-0.005783,-0.00202,-0.002194,-0.003788,-0.000558,-0.000769,-0.000271,-0.001574,-0.003356,-0.003438,-0.0,-0.002917,-0.005135,-0.005912,-0.005892,-0.000525,-0.00596,-0.000842,-0.005627,-0.003142,-4.1e-05,-0.003013,-0.006098,-0.003555,-0.005945,-0.005714,-0.005809,-0.002988,-0.002534,-0.00263,-0.000746,-0.003199,-0.00496,-0.005105,-0.003634
2017-05-31 11:11:00+02:00,-0.0002,-0.0,-0.002383,-0.005778,-0.002251,-0.001141,-0.002682,-0.003217,-0.004284,-0.001093,-0.000541,-0.000224,-0.004005,-0.003837,-0.003063,-0.006617,-0.001681,-0.000322,-0.001271,-0.006979,-0.0,-0.006842,-0.005056,-0.000409,-0.006756,-0.006821,-0.003106,-2.8e-05,-0.002586,-0.000897,-0.00043,-0.004047,-0.0,-0.003768,-0.003648,-0.000327,-0.003742,-0.005103,-0.000284,-0.007072,-0.003028,-0.000413,-0.004785,-4e-05,-0.002059,-0.004063,-0.003104,-0.004211,-0.003723,-3.1e-05,-0.000636,-0.004011,-0.003743,-0.003858,-0.000367,-0.0,-0.002069,-0.000543,-0.0,-0.003611,-0.004111,-0.006908,-0.005525,-4.6e-05,-0.002505,-0.006753,-0.002243,-0.004262,-0.0,-0.002149,-0.00303,-0.000878,-0.000583,-0.003755,-0.003667,-0.0,-0.001821,-0.000359,-0.004583,-0.000414,-0.003967,-0.000433,-0.004248,-0.006793,-0.001616,-0.001755,-0.004394,-0.000447,-0.000615,-0.000217,-0.00126,-0.003968,-0.003996,-0.0,-0.003195,-0.005336,-0.007003,-0.006981,-0.00042,-0.007008,-0.000673,-0.006264,-0.003246,-3.3e-05,-0.00306,-0.0071,-0.004128,-0.006813,-0.006271,-0.006887,-0.003053,-0.002378,-0.00253,-0.000597,-0.002798,-0.005107,-0.00532,-0.004221
2017-05-31 11:12:00+02:00,-0.00016,-0.0,-0.001906,-0.005965,-0.001801,-0.000913,-0.002479,-0.003153,-0.004805,-0.000874,-0.000433,-0.000179,-0.004483,-0.004308,-0.003094,-0.007167,-0.001344,-0.000258,-0.001017,-0.007902,-0.0,-0.007755,-0.004983,-0.000327,-0.007646,-0.007648,-0.003007,-2.2e-05,-0.00236,-0.000718,-0.000344,-0.004551,-0.0,-0.004237,-0.004113,-0.000261,-0.003227,-0.004969,-0.000227,-0.007977,-0.00295,-0.00033,-0.00466,-3.2e-05,-0.001647,-0.0037,-0.003001,-0.004562,-0.003775,-2.5e-05,-0.000509,-0.004437,-0.004043,-0.004325,-0.000294,-0.0,-0.001656,-0.000434,-0.0,-0.003203,-0.004533,-0.007808,-0.00561,-3.6e-05,-0.002004,-0.007402,-0.001981,-0.004679,-0.0,-0.001887,-0.002962,-0.000703,-0.000466,-0.00422,-0.004128,-0.0,-0.001457,-0.000287,-0.004314,-0.000332,-0.004281,-0.000347,-0.003948,-0.007683,-0.001293,-0.001404,-0.004904,-0.000357,-0.000492,-0.000174,-0.001008,-0.00438,-0.004476,-0.0,-0.003323,-0.005237,-0.007879,-0.00786,-0.000336,-0.007926,-0.000539,-0.006599,-0.003205,-2.6e-05,-0.002972,-0.007981,-0.004616,-0.007249,-0.006533,-0.007761,-0.00298,-0.002121,-0.002328,-0.000478,-0.002261,-0.00504,-0.005301,-0.00472
2017-05-31 11:13:00+02:00,-0.000128,-0.0,-0.001525,-0.005804,-0.001441,-0.00073,-0.002227,-0.002957,-0.004876,-0.0007,-0.000346,-0.000144,-0.004542,-0.004373,-0.002926,-0.007167,-0.001076,-0.000206,-0.000813,-0.00808,-0.0,-0.007948,-0.004708,-0.000262,-0.007851,-0.007799,-0.002796,-1.8e-05,-0.002091,-0.000574,-0.000275,-0.004622,-0.0,-0.004277,-0.004186,-0.000209,-0.002683,-0.004639,-0.000182,-0.008139,-0.002752,-0.000264,-0.004345,-2.6e-05,-0.001318,-0.003276,-0.00278,-0.00454,-0.003581,-2e-05,-0.000407,-0.004462,-0.004021,-0.004387,-0.000235,-0.0,-0.001324,-0.000347,-0.0,-0.002782,-0.004552,-0.007994,-0.005395,-2.9e-05,-0.001603,-0.007452,-0.001715,-0.004691,-0.0,-0.001624,-0.002759,-0.000562,-0.000373,-0.004282,-0.004198,-0.0,-0.001165,-0.00023,-0.00393,-0.000265,-0.004256,-0.000277,-0.003557,-0.007882,-0.001034,-0.001123,-0.004967,-0.000286,-0.000394,-0.000139,-0.000806,-0.00441,-0.004536,-0.0,-0.003232,-0.004863,-0.008026,-0.008012,-0.000269,-0.008098,-0.000431,-0.006495,-0.003008,-2.1e-05,-0.002767,-0.008138,-0.004674,-0.007095,-0.006368,-0.007929,-0.002785,-0.001843,-0.002073,-0.000382,-0.001809,-0.004738,-0.005024,-0.004779
2017-05-31 11:14:00+02:00,-0.000102,-0.0,-0.00122,-0.004803,-0.001153,-0.000584,-0.001782,-0.002403,-0.003104,-0.00056,-0.000277,-0.000115,-0.003013,-0.002981,-0.002391,-0.005867,-0.00086,-0.000165,-0.000651,-0.005867,-0.0,-0.005867,-0.003833,-0.000209,-0.005864,-0.005867,-0.002254,-1.4e-05,-0.001673,-0.000459,-0.00022,-0.003043,-0.0,-0.002981,-0.002947,-0.000167,-0.002146,-0.003745,-0.000145,-0.005867,-0.002226,-0.000212,-0.003476,-2.1e-05,-0.001054,-0.002621,-0.002224,-0.003115,-0.002936,-1.6e-05,-0.000326,-0.003043,-0.003013,-0.002981,-0.000188,-0.0,-0.00106,-0.000278,-0.0,-0.002225,-0.003069,-0.005867,-0.004416,-2.3e-05,-0.001283,-0.005867,-0.001372,-0.003115,-0.0,-0.001299,-0.002222,-0.00045,-0.000298,-0.002981,-0.002947,-0.0,-0.000932,-0.000184,-0.003144,-0.000212,-0.003069,-0.000222,-0.002845,-0.005864,-0.000828,-0.000899,-0.003119,-0.000229,-0.000315,-0.000111,-0.000645,-0.003043,-0.003013,-0.0,-0.002684,-0.00389,-0.005864,-0.005865,-0.000215,-0.005867,-0.000345,-0.005438,-0.002438,-1.7e-05,-0.002234,-0.005867,-0.003043,-0.005865,-0.005297,-0.005867,-0.002256,-0.001475,-0.001659,-0.000306,-0.001447,-0.00383,-0.004057,-0.003069
2017-05-31 11:15:00+02:00,-8.2e-05,-0.0,-0.000976,-0.003842,-0.000922,-0.000468,-0.001425,-0.001922,-0.002522,-0.000448,-0.000221,-9.2e-05,-0.002555,-0.002495,-0.001913,-0.004694,-0.000688,-0.000132,-0.00052,-0.00473,-0.0,-0.004725,-0.003066,-0.000168,-0.004764,-0.004694,-0.001803,-1.1e-05,-0.001338,-0.000367,-0.000176,-0.002459,-0.0,-0.002392,-0.002426,-0.000134,-0.001717,-0.002996,-0.000116,-0.004831,-0.001781,-0.000169,-0.002781,-1.6e-05,-0.000843,-0.002097,-0.001779,-0.002492,-0.002348,-1.3e-05,-0.00026,-0.002434,-0.00241,-0.002526,-0.00015,-0.0,-0.000848,-0.000222,-0.0,-0.00178,-0.002455,-0.004784,-0.003533,-1.9e-05,-0.001026,-0.004694,-0.001097,-0.002492,-0.0,-0.001039,-0.001777,-0.00036,-0.000239,-0.002395,-0.002454,-0.0,-0.000746,-0.000147,-0.002515,-0.00017,-0.002455,-0.000178,-0.002276,-0.004784,-0.000662,-0.000719,-0.002623,-0.000183,-0.000252,-8.9e-05,-0.000516,-0.002434,-0.002542,-0.0,-0.002147,-0.003112,-0.004691,-0.004692,-0.000172,-0.00473,-0.000276,-0.00435,-0.001951,-1.4e-05,-0.001788,-0.004975,-0.002572,-0.004692,-0.004238,-0.004694,-0.001805,-0.00118,-0.001327,-0.000245,-0.001158,-0.003064,-0.003246,-0.00258
2017-05-31 11:16:00+02:00,-6.6e-05,-0.0,-0.000781,-0.003074,-0.000738,-0.000374,-0.00114,-0.001538,-0.00211,-0.000358,-0.000177,-7.4e-05,-0.002335,-0.002216,-0.00153,-0.003755,-0.000551,-0.000106,-0.000416,-0.003847,-0.0,-0.003833,-0.002453,-0.000134,-0.003957,-0.003755,-0.001442,-9e-06,-0.00107,-0.000294,-0.000141,-0.00203,-0.0,-0.00194,-0.002075,-0.000107,-0.001373,-0.002397,-9.3e-05,-0.004131,-0.001425,-0.000135,-0.002225,-1.3e-05,-0.000675,-0.001677,-0.001423,-0.001994,-0.001879,-1e-05,-0.000208,-0.001947,-0.001928,-0.0023,-0.00012,-0.0,-0.000678,-0.000178,-0.0,-0.001424,-0.001964,-0.004006,-0.002826,-1.5e-05,-0.000821,-0.003755,-0.000878,-0.001994,-0.0,-0.000831,-0.001422,-0.000288,-0.000191,-0.001935,-0.002151,-0.0,-0.000597,-0.000118,-0.002012,-0.000136,-0.001964,-0.000142,-0.001821,-0.004009,-0.00053,-0.000575,-0.002377,-0.000146,-0.000201,-7.1e-05,-0.000413,-0.001947,-0.0023,-0.0,-0.001718,-0.00249,-0.003753,-0.003754,-0.000138,-0.003869,-0.000221,-0.00348,-0.00156,-1.1e-05,-0.00143,-0.004498,-0.002344,-0.003754,-0.00339,-0.003755,-0.001444,-0.000944,-0.001062,-0.000196,-0.000926,-0.002451,-0.002596,-0.002329
2017-05-31 11:17:00+02:00,-5.2e-05,-0.0,-0.001427,-0.003668,-0.00132,-0.000721,-0.001502,-0.001904,-0.002358,-0.000632,-0.000293,-7.7e-05,-0.002505,-0.002399,-0.001837,-0.004216,-0.001046,-8.4e-05,-0.00081,-0.004289,-0.0,-0.004278,-0.003173,-0.000165,-0.004375,-0.004216,-0.001823,-7e-06,-0.001471,-0.000538,-0.000204,-0.002272,-0.0,-0.002177,-0.002273,-8.6e-05,-0.002109,-0.003122,-7.4e-05,-0.004517,-0.001797,-0.000164,-0.00299,-1.1e-05,-0.001235,-0.002434,-0.001814,-0.002268,-0.002173,-8e-06,-0.000369,-0.002206,-0.00218,-0.002465,-0.00018,-0.0,-0.001258,-0.000231,-0.0,-0.002088,-0.002229,-0.004416,-0.003471,-1.2e-05,-0.001487,-0.004216,-0.00123,-0.002268,-0.0,-0.001177,-0.001795,-0.000523,-0.000329,-0.002174,-0.002334,-0.0,-0.001107,-9.4e-05,-0.00271,-0.00016,-0.002229,-0.000142,-0.002603,-0.004417,-0.000995,-0.001102,-0.002576,-0.000211,-0.000341,-5.7e-05,-0.000702,-0.002206,-0.002477,-0.0,-0.001988,-0.003204,-0.004214,-0.004215,-0.000124,-0.004307,-0.00039,-0.003996,-0.001922,-9e-06,-0.001808,-0.00481,-0.002524,-0.004215,-0.003924,-0.004216,-0.001813,-0.001335,-0.001457,-0.000275,-0.001549,-0.003173,-0.003289,-0.002521
2017-05-31 11:18:00+02:00,-4.2e-05,-0.0,-0.001141,-0.003077,-0.001056,-0.000577,-0.001202,-0.001523,-0.002113,-0.000506,-0.000235,-6.2e-05,-0.00234,-0.002216,-0.001537,-0.003623,-0.000837,-6.8e-05,-0.000648,-0.003801,-0.0,-0.003787,-0.002538,-0.000132,-0.00393,-0.003689,-0.001459,-6e-06,-0.001177,-0.00043,-0.000163,-0.002026,-0.0,-0.001928,-0.002067,-6.9e-05,-0.001687,-0.002498,-6e-05,-0.00411,-0.001438,-0.000131,-0.002426,-8e-06,-0.000988,-0.001947,-0.001466,-0.001965,-0.001819,-7e-06,-0.000295,-0.001933,-0.001873,-0.002303,-0.000144,-0.0,-0.001007,-0.000185,-0.0,-0.00167,-0.001951,-0.00398,-0.002884,-1e-05,-0.001189,-0.003649,-0.000984,-0.001981,-0.0,-0.000942,-0.001463,-0.000419,-0.000263,-0.001918,-0.002146,-0.0,-0.000885,-7.5e-05,-0.002168,-0.000128,-0.001915,-0.000114,-0.002082,-0.003983,-0.000796,-0.000881,-0.002384,-0.000168,-0.000273,-4.6e-05,-0.000562,-0.001919,-0.002303,-0.0,-0.001673,-0.002636,-0.003695,-0.003696,-0.0001,-0.003836,-0.000312,-0.003389,-0.001575,-7e-06,-0.001447,-0.004501,-0.00235,-0.003625,-0.003308,-0.003697,-0.00145,-0.001068,-0.001166,-0.00022,-0.001239,-0.002597,-0.002701,-0.002334
2017-05-31 11:19:00+02:00,-3.4e-05,-0.0,-0.000913,-0.002462,-0.000845,-0.000462,-0.000962,-0.001218,-0.001802,-0.000405,-0.000188,-4.9e-05,-0.002069,-0.001943,-0.00123,-0.002965,-0.000669,-5.4e-05,-0.000518,-0.003219,-0.0,-0.003204,-0.002031,-0.000106,-0.003365,-0.003067,-0.001167,-5e-06,-0.000941,-0.000344,-0.000131,-0.001722,-0.0,-0.001629,-0.001789,-5.5e-05,-0.00135,-0.001998,-4.8e-05,-0.003561,-0.00115,-0.000105,-0.001941,-7e-06,-0.00079,-0.001558,-0.001173,-0.001629,-0.001459,-5e-06,-0.000236,-0.001619,-0.001533,-0.002038,-0.000115,-0.0,-0.000805,-0.000148,-0.0,-0.001336,-0.001631,-0.003417,-0.002307,-8e-06,-0.000951,-0.003006,-0.000787,-0.001654,-0.0,-0.000754,-0.00117,-0.000335,-0.00021,-0.001618,-0.001876,-0.0,-0.000708,-6e-05,-0.001734,-0.000102,-0.001567,-9.1e-05,-0.001666,-0.003422,-0.000637,-0.000705,-0.002089,-0.000135,-0.000219,-3.6e-05,-0.000449,-0.001587,-0.002029,-0.0,-0.001341,-0.002108,-0.003077,-0.003079,-8e-05,-0.003259,-0.000249,-0.002735,-0.00126,-6e-06,-0.001157,-0.003991,-0.002071,-0.002984,-0.002654,-0.003079,-0.00116,-0.000854,-0.000933,-0.000176,-0.000992,-0.002077,-0.002161,-0.002048
2017-05-31 11:20:00+02:00,-2.7e-05,-0.0,-0.00073,-0.002007,-0.000676,-0.000369,-0.000769,-0.000975,-0.001599,-0.000324,-0.00015,-3.9e-05,-0.001901,-0.001767,-0.001003,-0.002495,-0.000535,-4.3e-05,-0.000415,-0.002822,-0.0,-0.002805,-0.001625,-8.5e-05,-0.002978,-0.002631,-0.000934,-4e-06,-0.000753,-0.000275,-0.000105,-0.001518,-0.0,-0.001424,-0.001603,-4.4e-05,-0.00108,-0.001598,-3.8e-05,-0.003191,-0.00092,-8.4e-05,-0.001553,-5e-06,-0.000632,-0.001246,-0.000938,-0.001399,-0.001197,-4e-06,-0.000189,-0.001406,-0.001292,-0.001871,-9.2e-05,-0.0,-0.000644,-0.000118,-0.0,-0.001069,-0.001415,-0.003034,-0.001853,-6e-06,-0.000761,-0.00255,-0.00063,-0.001433,-0.0,-0.000603,-0.000936,-0.000268,-0.000168,-0.001413,-0.001698,-0.0,-0.000567,-4.8e-05,-0.001387,-8.2e-05,-0.001322,-7.3e-05,-0.001333,-0.003041,-0.000509,-0.000564,-0.001912,-0.000108,-0.000175,-2.9e-05,-0.00036,-0.001357,-0.001858,-0.0,-0.001101,-0.001687,-0.002645,-0.002646,-6.4e-05,-0.002861,-0.0002,-0.002266,-0.001008,-4e-06,-0.000926,-0.003661,-0.001901,-0.002525,-0.002182,-0.002647,-0.000928,-0.000684,-0.000746,-0.000141,-0.000793,-0.001662,-0.001729,-0.001872
2017-05-31 11:21:00+02:00,-2.1e-05,-0.0,-0.000674,-0.002022,-0.000567,-0.000295,-0.000707,-0.000918,-0.001677,-0.000259,-0.00012,-3.2e-05,-0.002016,-0.00186,-0.001006,-0.002523,-0.000429,-3.5e-05,-0.000332,-0.0029,-0.0,-0.002881,-0.001539,-6.8e-05,-0.003077,-0.002698,-0.00087,-3e-06,-0.000725,-0.00022,-8.4e-05,-0.001581,-0.0,-0.00147,-0.001671,-3.5e-05,-0.001031,-0.001494,-3.1e-05,-0.003318,-0.00086,-6.7e-05,-0.001546,-4e-06,-0.000517,-0.001204,-0.000922,-0.00144,-0.001196,-3e-06,-0.000151,-0.001452,-0.001316,-0.001979,-7.4e-05,-0.0,-0.000566,-9.4e-05,-0.0,-0.000972,-0.001463,-0.003141,-0.001862,-5e-06,-0.000711,-0.002594,-0.00057,-0.001484,-0.0,-0.000544,-0.000927,-0.000214,-0.000135,-0.001458,-0.001779,-0.0,-0.000453,-3.9e-05,-0.001287,-6.5e-05,-0.001353,-5.8e-05,-0.001297,-0.003148,-0.000407,-0.000468,-0.002037,-8.6e-05,-0.00014,-2.3e-05,-0.000291,-0.0014,-0.001966,-0.0,-0.001105,-0.001687,-0.002717,-0.002719,-5.1e-05,-0.002946,-0.00016,-0.00228,-0.001001,-4e-06,-0.000863,-0.00385,-0.002018,-0.002539,-0.00219,-0.002719,-0.000872,-0.000653,-0.000724,-0.000113,-0.000693,-0.001658,-0.001726,-0.001987
2017-05-31 11:22:00+02:00,-1.7e-05,-0.0,-0.000569,-0.001851,-0.000453,-0.000236,-0.000608,-0.000802,-0.001548,-0.000207,-9.6e-05,-2.5e-05,-0.001704,-0.001691,-0.000913,-0.002318,-0.000343,-2.8e-05,-0.000265,-0.002682,-0.0,-0.002664,-0.001361,-5.4e-05,-0.002855,-0.002497,-0.000756,-2e-06,-0.000638,-0.000176,-6.7e-05,-0.00146,-0.0,-0.001357,-0.001553,-2.8e-05,-0.000902,-0.00131,-2.4e-05,-0.003086,-0.00075,-5.4e-05,-0.001393,-3e-06,-0.000413,-0.00107,-0.000823,-0.001316,-0.001075,-3e-06,-0.000121,-0.001335,-0.001207,-0.001691,-5.9e-05,-0.0,-0.000459,-7.6e-05,-0.0,-0.000832,-0.001344,-0.002915,-0.001701,-4e-06,-0.000606,-0.002391,-0.000484,-0.00136,-0.0,-0.000462,-0.000828,-0.000171,-0.000108,-0.001345,-0.001658,-0.0,-0.000363,-3.1e-05,-0.00112,-5.2e-05,-0.001239,-4.7e-05,-0.00116,-0.002922,-0.000326,-0.000374,-0.001745,-6.9e-05,-0.000112,-1.9e-05,-0.000233,-0.001289,-0.001704,-0.0,-0.001008,-0.001527,-0.002516,-0.002517,-4.1e-05,-0.002726,-0.000128,-0.002088,-0.000895,-3e-06,-0.000751,-0.003337,-0.001716,-0.002318,-0.002002,-0.002518,-0.000762,-0.000572,-0.000637,-9e-05,-0.000573,-0.001499,-0.00157,-0.001726
2017-05-31 11:23:00+02:00,-1.4e-05,-0.0,-0.000455,-0.001481,-0.000363,-0.000189,-0.000486,-0.000642,-0.001238,-0.000166,-7.7e-05,-2e-05,-0.001363,-0.001353,-0.00073,-0.001855,-0.000274,-2.2e-05,-0.000212,-0.002146,-0.0,-0.002131,-0.001089,-4.3e-05,-0.002284,-0.001997,-0.000605,-2e-06,-0.000511,-0.000141,-5.4e-05,-0.001168,-0.0,-0.001085,-0.001242,-2.2e-05,-0.000721,-0.001048,-2e-05,-0.002469,-0.0006,-4.3e-05,-0.001115,-3e-06,-0.000331,-0.000856,-0.000659,-0.001053,-0.00086,-2e-06,-9.7e-05,-0.001068,-0.000966,-0.001353,-4.7e-05,-0.0,-0.000367,-6e-05,-0.0,-0.000665,-0.001075,-0.002332,-0.001361,-3e-06,-0.000485,-0.001912,-0.000388,-0.001088,-0.0,-0.000369,-0.000663,-0.000137,-8.6e-05,-0.001076,-0.001326,-0.0,-0.00029,-2.5e-05,-0.000896,-4.2e-05,-0.000991,-3.7e-05,-0.000928,-0.002337,-0.000261,-0.0003,-0.001396,-5.5e-05,-9e-05,-1.5e-05,-0.000186,-0.001031,-0.001363,-0.0,-0.000807,-0.001222,-0.002012,-0.002014,-3.3e-05,-0.00218,-0.000102,-0.001671,-0.000716,-2e-06,-0.000601,-0.00267,-0.001373,-0.001854,-0.001602,-0.002014,-0.000609,-0.000458,-0.000509,-7.2e-05,-0.000458,-0.001199,-0.001256,-0.001381
2017-05-31 11:24:00+02:00,-1.1e-05,-0.0,-0.000364,-0.001185,-0.00029,-0.000151,-0.000389,-0.000514,-0.000991,-0.000133,-6.2e-05,-1.6e-05,-0.001091,-0.001082,-0.000584,-0.001484,-0.000219,-1.8e-05,-0.00017,-0.001717,-0.0,-0.001705,-0.000871,-3.5e-05,-0.001827,-0.001598,-0.000484,-2e-06,-0.000408,-0.000113,-4.3e-05,-0.000934,-0.0,-0.000868,-0.000994,-1.8e-05,-0.000577,-0.000839,-1.6e-05,-0.001975,-0.00048,-3.4e-05,-0.000892,-2e-06,-0.000265,-0.000685,-0.000527,-0.000842,-0.000688,-2e-06,-7.7e-05,-0.000854,-0.000772,-0.001082,-3.8e-05,-0.0,-0.000293,-4.8e-05,-0.0,-0.000532,-0.00086,-0.001865,-0.001089,-3e-06,-0.000388,-0.00153,-0.00031,-0.000871,-0.0,-0.000296,-0.00053,-0.00011,-6.9e-05,-0.000861,-0.001061,-0.0,-0.000232,-2e-05,-0.000717,-3.3e-05,-0.000793,-3e-05,-0.000743,-0.00187,-0.000209,-0.00024,-0.001117,-4.4e-05,-7.2e-05,-1.2e-05,-0.000149,-0.000825,-0.001091,-0.0,-0.000645,-0.000978,-0.00161,-0.001611,-2.6e-05,-0.001744,-8.2e-05,-0.001337,-0.000573,-2e-06,-0.000481,-0.002136,-0.001098,-0.001483,-0.001281,-0.001611,-0.000488,-0.000366,-0.000407,-5.8e-05,-0.000366,-0.000959,-0.001005,-0.001105
2017-05-31 11:25:00+02:00,-9e-06,-0.0,-0.000291,-0.000948,-0.000232,-0.000121,-0.000311,-0.000411,-0.000793,-0.000106,-4.9e-05,-1.3e-05,-0.000873,-0.000866,-0.000467,-0.001187,-0.000176,-1.4e-05,-0.000136,-0.001373,-0.0,-0.001364,-0.000697,-2.8e-05,-0.001462,-0.001278,-0.000387,-1e-06,-0.000327,-9e-05,-3.4e-05,-0.000747,-0.0,-0.000695,-0.000795,-1.4e-05,-0.000462,-0.000671,-1.2e-05,-0.00158,-0.000384,-2.7e-05,-0.000713,-2e-06,-0.000212,-0.000548,-0.000422,-0.000674,-0.000551,-1e-06,-6.2e-05,-0.000683,-0.000618,-0.000866,-3e-05,-0.0,-0.000235,-3.9e-05,-0.0,-0.000426,-0.000688,-0.001492,-0.000871,-2e-06,-0.000311,-0.001224,-0.000248,-0.000697,-0.0,-0.000236,-0.000424,-8.8e-05,-5.5e-05,-0.000689,-0.000849,-0.0,-0.000186,-1.6e-05,-0.000573,-2.7e-05,-0.000634,-2.4e-05,-0.000594,-0.001496,-0.000167,-0.000192,-0.000894,-3.5e-05,-5.7e-05,-1e-05,-0.000119,-0.00066,-0.000873,-0.0,-0.000516,-0.000782,-0.001288,-0.001289,-2.1e-05,-0.001395,-6.5e-05,-0.001069,-0.000458,-1e-06,-0.000385,-0.001709,-0.000878,-0.001187,-0.001025,-0.001289,-0.00039,-0.000293,-0.000326,-4.6e-05,-0.000293,-0.000767,-0.000804,-0.000884
2017-05-31 11:26:00+02:00,-7e-06,-0.0,-0.000233,-0.000758,-0.000186,-9.7e-05,-0.000249,-0.000329,-0.000634,-8.5e-05,-3.9e-05,-1e-05,-0.000738,-0.000704,-0.000374,-0.00095,-0.00014,-1.1e-05,-0.000109,-0.001099,-0.0,-0.001091,-0.000557,-2.2e-05,-0.00117,-0.001023,-0.00031,-1e-06,-0.000261,-7.2e-05,-2.7e-05,-0.000598,-0.0,-0.000556,-0.000636,-1.1e-05,-0.000369,-0.000537,-1e-05,-0.001264,-0.000307,-2.2e-05,-0.000571,-1e-06,-0.000169,-0.000438,-0.000337,-0.000539,-0.00044,-1e-06,-5e-05,-0.000547,-0.000494,-0.000729,-2.4e-05,-0.0,-0.000188,-3.1e-05,-0.0,-0.000341,-0.00055,-0.001194,-0.000697,-2e-06,-0.000248,-0.000979,-0.000198,-0.000557,-0.0,-0.000189,-0.000339,-7e-05,-4.4e-05,-0.000551,-0.000679,-0.0,-0.000149,-1.3e-05,-0.000459,-2.1e-05,-0.000507,-1.9e-05,-0.000475,-0.001197,-0.000133,-0.000153,-0.00074,-2.8e-05,-4.6e-05,-8e-06,-9.5e-05,-0.000528,-0.000725,-0.0,-0.000413,-0.000626,-0.00103,-0.001031,-1.7e-05,-0.001116,-5.2e-05,-0.000855,-0.000367,-1e-06,-0.000308,-0.001432,-0.000737,-0.000949,-0.00082,-0.001031,-0.000312,-0.000234,-0.000261,-3.7e-05,-0.000235,-0.000614,-0.000643,-0.00073
2017-05-31 11:27:00+02:00,-0.000438,-0.0,-0.002124,-0.002781,-0.001933,-0.001497,-0.001576,-0.001637,-0.001876,-0.001129,-0.000768,-0.000488,-0.00187,-0.001801,-0.00149,-0.003,-0.001835,-0.000711,-0.00161,-0.003139,-0.0,-0.003091,-0.002641,-0.000843,-0.003096,-0.003059,-0.001625,-6.8e-05,-0.001578,-0.001033,-0.000643,-0.001792,-0.0,-0.001683,-0.0017,-0.000726,-0.002584,-0.002714,-0.000631,-0.003271,-0.001586,-0.000856,-0.002651,-0.000102,-0.00187,-0.002591,-0.001647,-0.001806,-0.001722,-7.6e-05,-0.000847,-0.001751,-0.001675,-0.001821,-0.000569,-0.0,-0.002038,-0.000992,-0.0,-0.002456,-0.001781,-0.003173,-0.002752,-0.000113,-0.002147,-0.003024,-0.001489,-0.00182,-0.0,-0.001452,-0.001612,-0.001012,-0.000801,-0.001679,-0.001735,-0.0,-0.001905,-0.000792,-0.002642,-0.000865,-0.001747,-0.000842,-0.002575,-0.003132,-0.001668,-0.001862,-0.001969,-0.000659,-0.000831,-0.000469,-0.001143,-0.001736,-0.00186,-0.0,-0.001521,-0.002741,-0.003113,-0.003109,-0.000842,-0.003153,-0.00088,-0.002902,-0.001668,-7.9e-05,-0.001605,-0.003386,-0.001904,-0.003044,-0.002931,-0.003085,-0.00159,-0.001557,-0.001567,-0.001038,-0.002166,-0.002732,-0.002755,-0.001925
2017-05-31 11:28:00+02:00,-0.00035,-0.0,-0.002832,-0.003978,-0.00255,-0.001743,-0.002237,-0.002428,-0.002612,-0.001465,-0.000826,-0.00039,-0.002521,-0.002429,-0.002139,-0.004189,-0.002313,-0.000569,-0.001926,-0.00431,-0.0,-0.00425,-0.003877,-0.000674,-0.004222,-0.004236,-0.00242,-5.5e-05,-0.002319,-0.001288,-0.0006,-0.002491,-0.0,-0.002334,-0.002307,-0.000581,-0.003611,-0.003982,-0.000505,-0.004416,-0.002351,-0.000685,-0.003886,-8.1e-05,-0.002445,-0.003742,-0.002438,-0.002562,-0.002489,-6.1e-05,-0.000961,-0.002458,-0.002365,-0.002445,-0.000527,-0.0,-0.002653,-0.000835,-0.0,-0.003347,-0.002507,-0.004316,-0.003967,-9.1e-05,-0.002883,-0.004208,-0.002051,-0.002574,-0.0,-0.001993,-0.002372,-0.001272,-0.000891,-0.002331,-0.002335,-0.0,-0.002449,-0.000633,-0.003753,-0.000692,-0.002479,-0.000674,-0.003796,-0.004258,-0.002092,-0.002382,-0.002696,-0.000615,-0.000929,-0.000375,-0.001493,-0.002446,-0.002513,-0.0,-0.002164,-0.003982,-0.004302,-0.004298,-0.000673,-0.004321,-0.001026,-0.004099,-0.002452,-6.3e-05,-0.002384,-0.004498,-0.00258,-0.004246,-0.004151,-0.004267,-0.002354,-0.002239,-0.002262,-0.00092,-0.00289,-0.003974,-0.003993,-0.002622
2017-05-31 11:29:00+02:00,-0.00028,-0.0,-0.002507,-0.004598,-0.002164,-0.001395,-0.002177,-0.002518,-0.003438,-0.001176,-0.000661,-0.000312,-0.003276,-0.003161,-0.002461,-0.005213,-0.00185,-0.000455,-0.001541,-0.005638,-0.0,-0.005533,-0.004009,-0.00054,-0.005492,-0.005499,-0.002458,-4.4e-05,-0.002318,-0.00103,-0.00048,-0.003287,-0.0,-0.003085,-0.003017,-0.000465,-0.003494,-0.004048,-0.000404,-0.005746,-0.002406,-0.000548,-0.004076,-6.5e-05,-0.002028,-0.003718,-0.002599,-0.003222,-0.0029,-4.8e-05,-0.000769,-0.003165,-0.002966,-0.003174,-0.000422,-0.0,-0.002237,-0.000668,-0.0,-0.003139,-0.003221,-0.005625,-0.004475,-7.2e-05,-0.002588,-0.005327,-0.001922,-0.003294,-0.0,-0.00186,-0.002528,-0.001018,-0.000713,-0.003041,-0.003039,-0.0,-0.001965,-0.000507,-0.003701,-0.000554,-0.003115,-0.000539,-0.00383,-0.005535,-0.001674,-0.001906,-0.003513,-0.000492,-0.000743,-0.0003,-0.001229,-0.003165,-0.00327,-0.0,-0.002554,-0.004373,-0.005626,-0.005622,-0.000539,-0.00567,-0.000821,-0.004905,-0.002653,-5e-05,-0.00243,-0.005793,-0.003358,-0.005259,-0.004901,-0.005576,-0.002425,-0.002195,-0.002249,-0.000736,-0.002558,-0.004254,-0.004391,-0.003418
2017-05-31 11:30:00+02:00,-0.000224,-0.0,-0.002427,-0.005558,-0.002041,-0.001116,-0.002331,-0.002842,-0.004106,-0.001022,-0.000528,-0.00025,-0.00389,-0.003757,-0.002921,-0.006384,-0.001537,-0.000364,-0.001233,-0.006744,-0.0,-0.006618,-0.004519,-0.000432,-0.006528,-0.006613,-0.002728,-3.5e-05,-0.002502,-0.000824,-0.000384,-0.003932,-0.0,-0.003696,-0.003595,-0.000372,-0.003604,-0.004504,-0.000323,-0.00683,-0.002689,-0.000438,-0.004573,-5.2e-05,-0.001868,-0.003997,-0.002957,-0.003938,-0.003466,-3.9e-05,-0.000615,-0.003835,-0.003642,-0.003767,-0.000338,-0.0,-0.002059,-0.000534,-0.0,-0.003257,-0.003905,-0.006692,-0.005318,-5.8e-05,-0.002537,-0.006475,-0.001992,-0.003995,-0.0,-0.001921,-0.002872,-0.000814,-0.00057,-0.003661,-0.003612,-0.0,-0.001706,-0.000405,-0.004013,-0.000443,-0.003821,-0.000431,-0.004171,-0.006576,-0.001355,-0.001649,-0.004173,-0.000394,-0.000594,-0.00024,-0.001124,-0.003834,-0.003885,-0.0,-0.003131,-0.005015,-0.006759,-0.006753,-0.000431,-0.006769,-0.000656,-0.006066,-0.003046,-4e-05,-0.002706,-0.006848,-0.003989,-0.006463,-0.006007,-0.006693,-0.002723,-0.00233,-0.002414,-0.000589,-0.00252,-0.004851,-0.005123,-0.004063
2017-05-31 11:31:00+02:00,-0.000179,-0.0,-0.001997,-0.005935,-0.001663,-0.000893,-0.002298,-0.002958,-0.004639,-0.000817,-0.000423,-0.0002,-0.004381,-0.004234,-0.00306,-0.007138,-0.00123,-0.000291,-0.000986,-0.007628,-0.0,-0.007488,-0.0047,-0.000345,-0.007358,-0.007506,-0.002805,-2.8e-05,-0.002406,-0.000659,-0.000307,-0.004448,-0.0,-0.004186,-0.004059,-0.000297,-0.003264,-0.004639,-0.000259,-0.007697,-0.002781,-0.000351,-0.0046,-4.2e-05,-0.001494,-0.003823,-0.002996,-0.004419,-0.003655,-3.1e-05,-0.000492,-0.004371,-0.004084,-0.004243,-0.00027,-0.0,-0.001647,-0.000427,-0.0,-0.003075,-0.00445,-0.007547,-0.005599,-4.6e-05,-0.002137,-0.007334,-0.001879,-0.004539,-0.0,-0.001803,-0.002919,-0.000651,-0.000456,-0.004158,-0.004073,-0.0,-0.001365,-0.000324,-0.004012,-0.000354,-0.004289,-0.000345,-0.004054,-0.007411,-0.001084,-0.001319,-0.0047,-0.000315,-0.000475,-0.000192,-0.000899,-0.00437,-0.004377,-0.0,-0.003378,-0.005103,-0.007666,-0.007658,-0.000345,-0.007649,-0.000525,-0.006595,-0.003126,-3.2e-05,-0.00279,-0.007694,-0.004494,-0.007069,-0.006483,-0.007588,-0.002822,-0.002196,-0.002318,-0.000471,-0.002202,-0.004949,-0.005308,-0.004578
2017-05-31 11:32:00+02:00,-0.000144,-0.0,-0.001598,-0.006045,-0.00133,-0.000714,-0.002166,-0.002949,-0.005087,-0.000654,-0.000338,-0.00016,-0.0048,-0.004643,-0.003058,-0.007548,-0.000984,-0.000233,-0.000789,-0.008344,-0.0,-0.008171,-0.004689,-0.000276,-0.008073,-0.008156,-0.002763,-2.2e-05,-0.002201,-0.000528,-0.000246,-0.004886,-0.0,-0.004543,-0.004457,-0.000238,-0.002762,-0.004583,-0.000207,-0.008444,-0.002755,-0.000281,-0.004441,-3.3e-05,-0.001195,-0.003477,-0.002899,-0.004686,-0.003672,-2.5e-05,-0.000394,-0.004698,-0.004324,-0.004649,-0.000216,-0.0,-0.001318,-0.000342,-0.0,-0.002755,-0.004773,-0.008284,-0.005629,-3.7e-05,-0.00171,-0.007828,-0.00168,-0.004857,-0.0,-0.001602,-0.002843,-0.000521,-0.000365,-0.004521,-0.004469,-0.0,-0.001092,-0.000259,-0.003842,-0.000284,-0.00454,-0.000276,-0.003759,-0.00813,-0.000867,-0.001055,-0.005142,-0.000252,-0.00038,-0.000154,-0.000719,-0.004709,-0.004796,-0.0,-0.003471,-0.004959,-0.008365,-0.00836,-0.000276,-0.008389,-0.00042,-0.006824,-0.003074,-2.6e-05,-0.002756,-0.008423,-0.004922,-0.007346,-0.006664,-0.008283,-0.002802,-0.001959,-0.002125,-0.000377,-0.001766,-0.004844,-0.005255,-0.005014
2017-05-31 11:33:00+02:00,-0.000115,-0.0,-0.001278,-0.006146,-0.001064,-0.000571,-0.002051,-0.002941,-0.005459,-0.000523,-0.000271,-0.000128,-0.005152,-0.00499,-0.003043,-0.007904,-0.000787,-0.000186,-0.000631,-0.008953,-0.0,-0.008755,-0.004691,-0.000221,-0.008695,-0.008718,-0.002726,-1.8e-05,-0.002018,-0.000422,-0.000197,-0.005252,-0.0,-0.004829,-0.004798,-0.00019,-0.0023,-0.004542,-0.000165,-0.009089,-0.002733,-0.000224,-0.004303,-2.7e-05,-0.000956,-0.003172,-0.00281,-0.004902,-0.003666,-2e-05,-0.000315,-0.004968,-0.004525,-0.004995,-0.000173,-0.0,-0.001054,-0.000274,-0.0,-0.002478,-0.005038,-0.008921,-0.005659,-3e-05,-0.001368,-0.008258,-0.001507,-0.005116,-0.0,-0.001426,-0.002772,-0.000417,-0.000292,-0.004825,-0.004807,-0.0,-0.000873,-0.000208,-0.0037,-0.000227,-0.004749,-0.000221,-0.003501,-0.008755,-0.000694,-0.000844,-0.005509,-0.000202,-0.000304,-0.000123,-0.000575,-0.004992,-0.00515,-0.0,-0.00355,-0.00481,-0.008964,-0.008962,-0.000221,-0.008996,-0.000336,-0.007028,-0.003021,-2.1e-05,-0.002727,-0.009054,-0.005281,-0.00756,-0.006822,-0.008882,-0.002785,-0.001749,-0.001952,-0.000301,-0.001413,-0.004752,-0.00521,-0.005377
2017-05-31 11:34:00+02:00,-9.2e-05,-0.0,-0.001022,-0.006143,-0.000851,-0.000457,-0.001921,-0.00289,-0.005697,-0.000418,-0.000216,-0.000102,-0.005376,-0.00521,-0.002952,-0.008085,-0.00063,-0.000149,-0.000505,-0.009301,-0.0,-0.009093,-0.004625,-0.000177,-0.009112,-0.009053,-0.002654,-1.4e-05,-0.00183,-0.000338,-0.000157,-0.005442,-0.0,-0.004953,-0.005016,-0.000152,-0.00184,-0.004436,-0.000132,-0.009504,-0.002672,-0.00018,-0.004113,-2.1e-05,-0.000765,-0.002861,-0.00269,-0.004999,-0.00357,-1.6e-05,-0.000252,-0.005105,-0.004622,-0.005214,-0.000138,-0.0,-0.000843,-0.000219,-0.0,-0.002201,-0.005171,-0.00934,-0.0056,-2.4e-05,-0.001094,-0.008492,-0.001335,-0.005244,-0.0,-0.001253,-0.002664,-0.000333,-0.000234,-0.004992,-0.005024,-0.0,-0.000699,-0.000166,-0.00352,-0.000181,-0.00485,-0.000177,-0.003227,-0.009173,-0.000555,-0.000675,-0.005743,-0.000161,-0.000243,-9.8e-05,-0.00046,-0.00515,-0.005374,-0.0,-0.003561,-0.004557,-0.00932,-0.00932,-0.000176,-0.009289,-0.000269,-0.007096,-0.002926,-1.7e-05,-0.002661,-0.009463,-0.005509,-0.007558,-0.006849,-0.009242,-0.002728,-0.001542,-0.00177,-0.000241,-0.00113,-0.004591,-0.005091,-0.005608
2017-05-31 11:35:00+02:00,-7.3e-05,-0.0,-0.000818,-0.005116,-0.000681,-0.000366,-0.001629,-0.002511,-0.002865,-0.000335,-0.000173,-8.2e-05,-0.002738,-0.002687,-0.002549,-0.005128,-0.000504,-0.000119,-0.000404,-0.005128,-0.0,-0.005126,-0.00405,-0.000141,-0.005112,-0.005128,-0.002295,-1.1e-05,-0.001525,-0.00027,-0.000126,-0.002783,-0.0,-0.002687,-0.002633,-0.000122,-0.001472,-0.003858,-0.000106,-0.005128,-0.002316,-0.000144,-0.003544,-1.7e-05,-0.000612,-0.002383,-0.002306,-0.002874,-0.002865,-1.3e-05,-0.000201,-0.002783,-0.002738,-0.002687,-0.000111,-0.0,-0.000675,-0.000175,-0.0,-0.001815,-0.002819,-0.005126,-0.004909,-1.9e-05,-0.000875,-0.005128,-0.001098,-0.002874,-0.0,-0.001026,-0.002289,-0.000267,-0.000187,-0.002687,-0.002633,-0.0,-0.000559,-0.000133,-0.00302,-0.000145,-0.002819,-0.000141,-0.002723,-0.005116,-0.000444,-0.00054,-0.002877,-0.000129,-0.000195,-7.9e-05,-0.000368,-0.002783,-0.002738,-0.0,-0.002633,-0.003894,-0.005128,-0.005128,-0.000141,-0.005128,-0.000215,-0.005126,-0.002523,-1.3e-05,-0.002303,-0.005128,-0.002783,-0.005128,-0.005128,-0.005128,-0.002366,-0.001264,-0.001476,-0.000193,-0.000904,-0.003975,-0.004429,-0.002819
2017-05-31 11:36:00+02:00,-5.9e-05,-0.0,-0.000654,-0.003459,-0.000545,-0.000293,-0.001303,-0.00173,-0.00173,-0.000268,-0.000139,-6.5e-05,-0.00173,-0.00173,-0.00173,-0.003459,-0.000403,-9.5e-05,-0.000323,-0.003459,-0.0,-0.003459,-0.00324,-0.000113,-0.003459,-0.003459,-0.00173,-9e-06,-0.00122,-0.000216,-0.000101,-0.00173,-0.0,-0.00173,-0.00173,-9.7e-05,-0.001177,-0.003086,-8.5e-05,-0.003459,-0.00173,-0.000115,-0.002836,-1.4e-05,-0.00049,-0.001906,-0.00173,-0.00173,-0.00173,-1e-05,-0.000161,-0.00173,-0.00173,-0.00173,-8.8e-05,-0.0,-0.00054,-0.00014,-0.0,-0.001452,-0.00173,-0.003459,-0.003459,-1.5e-05,-0.0007,-0.003459,-0.000879,-0.00173,-0.0,-0.000821,-0.00173,-0.000213,-0.00015,-0.00173,-0.00173,-0.0,-0.000447,-0.000106,-0.002416,-0.000116,-0.00173,-0.000113,-0.002178,-0.003459,-0.000355,-0.000432,-0.00173,-0.000103,-0.000156,-6.3e-05,-0.000295,-0.00173,-0.00173,-0.0,-0.00173,-0.003115,-0.003459,-0.003459,-0.000113,-0.003459,-0.000172,-0.003459,-0.00173,-1.1e-05,-0.00173,-0.003459,-0.00173,-0.003459,-0.003459,-0.003459,-0.00173,-0.001012,-0.001181,-0.000154,-0.000723,-0.00318,-0.003459,-0.00173
2017-05-31 11:37:00+02:00,-4.7e-05,-0.0,-0.000524,-0.002767,-0.000436,-0.000234,-0.001042,-0.001384,-0.001384,-0.000214,-0.000111,-5.2e-05,-0.001384,-0.001384,-0.001384,-0.002767,-0.000322,-7.6e-05,-0.000258,-0.002767,-0.0,-0.002767,-0.002592,-9.1e-05,-0.002767,-0.002767,-0.001384,-7e-06,-0.000976,-0.000173,-8.1e-05,-0.001384,-0.0,-0.001384,-0.001384,-7.8e-05,-0.000942,-0.002469,-6.8e-05,-0.002767,-0.001384,-9.2e-05,-0.002268,-1.1e-05,-0.000392,-0.001525,-0.001384,-0.001384,-0.001384,-8e-06,-0.000129,-0.001384,-0.001384,-0.001384,-7.1e-05,-0.0,-0.000432,-0.000112,-0.0,-0.001162,-0.001384,-0.002767,-0.002767,-1.2e-05,-0.00056,-0.002767,-0.000703,-0.001384,-0.0,-0.000656,-0.001384,-0.000171,-0.00012,-0.001384,-0.001384,-0.0,-0.000358,-8.5e-05,-0.001933,-9.3e-05,-0.001384,-9e-05,-0.001743,-0.002767,-0.000284,-0.000346,-0.001384,-8.3e-05,-0.000125,-5e-05,-0.000236,-0.001384,-0.001384,-0.0,-0.001384,-0.002492,-0.002767,-0.002767,-9e-05,-0.002767,-0.000138,-0.002767,-0.001384,-8e-06,-0.001384,-0.002767,-0.001384,-0.002767,-0.002767,-0.002767,-0.001384,-0.000809,-0.000945,-0.000123,-0.000579,-0.002544,-0.002767,-0.001384
2017-05-31 11:38:00+02:00,-3.8e-05,-0.0,-0.000419,-0.002214,-0.000349,-0.000187,-0.000834,-0.001107,-0.001107,-0.000171,-8.9e-05,-4.2e-05,-0.001169,-0.001133,-0.001107,-0.002214,-0.000258,-6.1e-05,-0.000207,-0.002214,-0.0,-0.002214,-0.002073,-7.2e-05,-0.002214,-0.002214,-0.001107,-6e-06,-0.000781,-0.000138,-6.4e-05,-0.001107,-0.0,-0.001107,-0.001107,-6.2e-05,-0.000754,-0.001975,-5.4e-05,-0.002214,-0.001107,-7.4e-05,-0.001815,-9e-06,-0.000313,-0.00122,-0.001107,-0.001107,-0.001107,-6e-06,-0.000103,-0.001107,-0.001107,-0.001165,-5.7e-05,-0.0,-0.000345,-9e-05,-0.0,-0.000929,-0.001107,-0.002214,-0.002214,-1e-05,-0.000448,-0.002214,-0.000562,-0.001107,-0.0,-0.000525,-0.001107,-0.000137,-9.6e-05,-0.001107,-0.001118,-0.0,-0.000286,-6.8e-05,-0.001546,-7.4e-05,-0.001107,-7.2e-05,-0.001394,-0.002214,-0.000227,-0.000277,-0.001151,-6.6e-05,-0.0001,-4e-05,-0.000189,-0.001107,-0.001155,-0.0,-0.001107,-0.001994,-0.002214,-0.002214,-7.2e-05,-0.002214,-0.00011,-0.002214,-0.001107,-7e-06,-0.001107,-0.002322,-0.001163,-0.002214,-0.002214,-0.002214,-0.001107,-0.000647,-0.000756,-9.9e-05,-0.000463,-0.002035,-0.002214,-0.001149
2017-05-31 11:39:00+02:00,-9.9e-05,-0.0,-0.00116,-0.003025,-0.001047,-0.000658,-0.001262,-0.001578,-0.001594,-0.000526,-0.000292,-0.000131,-0.001612,-0.00157,-0.001535,-0.003029,-0.000867,-0.000153,-0.00072,-0.003029,-0.0,-0.003028,-0.002878,-0.000255,-0.003023,-0.003029,-0.001553,-5e-06,-0.001247,-0.000456,-0.000218,-0.001574,-0.0,-0.00155,-0.001535,-0.00017,-0.001628,-0.002763,-0.000103,-0.003029,-0.001549,-0.000255,-0.002677,-7e-06,-0.000989,-0.002064,-0.001597,-0.001597,-0.001594,-5e-06,-0.000342,-0.001574,-0.001563,-0.001596,-0.000199,-0.0,-0.001029,-0.00031,-0.0,-0.001693,-0.001584,-0.003028,-0.003026,-8e-06,-0.001205,-0.003029,-0.000986,-0.001597,-0.0,-0.000946,-0.001584,-0.000452,-0.000321,-0.00155,-0.001544,-0.0,-0.000923,-0.000204,-0.002325,-0.000252,-0.001584,-0.000241,-0.002249,-0.003025,-0.000817,-0.000912,-0.001632,-0.000222,-0.000327,-0.000118,-0.000558,-0.001574,-0.001601,-0.0,-0.001535,-0.002853,-0.00303,-0.00303,-0.000229,-0.003029,-0.000363,-0.003028,-0.001597,-5e-06,-0.001551,-0.003115,-0.001619,-0.00303,-0.00303,-0.003029,-0.001555,-0.00111,-0.001211,-0.000343,-0.001206,-0.002886,-0.003029,-0.001617
2017-05-31 11:40:00+02:00,-7.9e-05,-0.0,-0.000986,-0.002822,-0.00087,-0.000527,-0.001109,-0.001411,-0.001661,-0.000421,-0.000234,-0.000105,-0.001785,-0.001706,-0.00143,-0.002939,-0.000694,-0.000122,-0.000576,-0.00303,-0.0,-0.003024,-0.002568,-0.000204,-0.003112,-0.003007,-0.001378,-4e-06,-0.001108,-0.000365,-0.000174,-0.00162,-0.0,-0.00157,-0.00162,-0.000136,-0.001462,-0.002456,-8.3e-05,-0.003189,-0.001377,-0.000204,-0.00241,-6e-06,-0.000808,-0.001843,-0.001435,-0.001569,-0.001504,-4e-06,-0.000274,-0.001564,-0.001526,-0.001764,-0.000159,-0.0,-0.000843,-0.000248,-0.0,-0.00148,-0.001573,-0.003135,-0.002786,-6e-06,-0.001035,-0.002966,-0.000858,-0.001585,-0.0,-0.000823,-0.001423,-0.000362,-0.000256,-0.001549,-0.001661,-0.0,-0.000739,-0.000163,-0.002057,-0.000201,-0.001551,-0.000193,-0.002015,-0.003135,-0.000654,-0.00073,-0.001801,-0.000178,-0.000261,-9.5e-05,-0.000452,-0.001565,-0.001762,-0.0,-0.001447,-0.002612,-0.003016,-0.003016,-0.000184,-0.003077,-0.00029,-0.002876,-0.001447,-4e-06,-0.001377,-0.003422,-0.001791,-0.002938,-0.002853,-0.003016,-0.001385,-0.000983,-0.001074,-0.000274,-0.001031,-0.002602,-0.00275,-0.001778
2017-05-31 11:41:00+02:00,-6.3e-05,-0.0,-0.000788,-0.002275,-0.000696,-0.000421,-0.000887,-0.001129,-0.001428,-0.000337,-0.000187,-8.4e-05,-0.001588,-0.001503,-0.001151,-0.002429,-0.000555,-9.8e-05,-0.000461,-0.002568,-0.0,-0.00256,-0.002055,-0.000163,-0.002671,-0.002519,-0.001103,-3e-06,-0.000886,-0.000292,-0.000139,-0.001384,-0.0,-0.001331,-0.001406,-0.000109,-0.001169,-0.001965,-6.6e-05,-0.002769,-0.001102,-0.000163,-0.001928,-4e-06,-0.000646,-0.001474,-0.001148,-0.001309,-0.001217,-3e-06,-0.000219,-0.001315,-0.001262,-0.001568,-0.000127,-0.0,-0.000674,-0.000198,-0.0,-0.001184,-0.001321,-0.002697,-0.002229,-5e-06,-0.000828,-0.002465,-0.000687,-0.001331,-0.0,-0.000658,-0.001138,-0.000289,-0.000205,-0.001309,-0.001456,-0.0,-0.000591,-0.00013,-0.001646,-0.000161,-0.001284,-0.000154,-0.001612,-0.002699,-0.000523,-0.000584,-0.001594,-0.000142,-0.000209,-7.6e-05,-0.000362,-0.001307,-0.001562,-0.0,-0.001173,-0.00209,-0.002529,-0.00253,-0.000147,-0.00262,-0.000232,-0.002346,-0.001158,-3e-06,-0.001102,-0.003042,-0.001591,-0.002431,-0.002315,-0.00253,-0.001108,-0.000787,-0.000859,-0.000219,-0.000824,-0.002082,-0.0022,-0.001573
2017-05-31 11:42:00+02:00,-5e-05,-0.0,-0.000631,-0.00182,-0.000557,-0.000337,-0.00071,-0.000903,-0.001146,-0.000269,-0.00015,-6.7e-05,-0.001404,-0.001292,-0.000921,-0.001943,-0.000444,-7.8e-05,-0.000368,-0.002054,-0.0,-0.002048,-0.001644,-0.000131,-0.00214,-0.002015,-0.000882,-2e-06,-0.000709,-0.000233,-0.000112,-0.001107,-0.0,-0.001065,-0.00116,-8.7e-05,-0.000935,-0.001572,-5.3e-05,-0.002285,-0.000881,-0.00013,-0.001543,-4e-06,-0.000517,-0.001179,-0.000919,-0.001047,-0.000974,-3e-06,-0.000175,-0.001052,-0.00101,-0.001382,-0.000102,-0.0,-0.000539,-0.000159,-0.0,-0.000947,-0.001057,-0.002174,-0.001783,-4e-06,-0.000662,-0.001972,-0.000549,-0.001064,-0.0,-0.000526,-0.000911,-0.000231,-0.000164,-0.001047,-0.001235,-0.0,-0.000473,-0.000104,-0.001317,-0.000129,-0.001027,-0.000123,-0.00129,-0.002178,-0.000418,-0.000467,-0.001392,-0.000114,-0.000167,-6.1e-05,-0.000289,-0.001046,-0.001367,-0.0,-0.000938,-0.001672,-0.002023,-0.002024,-0.000117,-0.002096,-0.000186,-0.001877,-0.000926,-3e-06,-0.000881,-0.002663,-0.0014,-0.001945,-0.001852,-0.002024,-0.000887,-0.000629,-0.000688,-0.000175,-0.00066,-0.001665,-0.00176,-0.001371
2017-05-31 11:43:00+02:00,-0.000276,-0.0,-0.002085,-0.003309,-0.001928,-0.001325,-0.001689,-0.001844,-0.002034,-0.001028,-0.000631,-0.000339,-0.00218,-0.002063,-0.001734,-0.003434,-0.001676,-0.000434,-0.001433,-0.003528,-0.0,-0.00351,-0.003178,-0.000626,-0.003557,-0.003491,-0.001827,-2e-06,-0.001684,-0.000918,-0.000501,-0.001967,-0.0,-0.001881,-0.001926,-0.000467,-0.002639,-0.003148,-0.000338,-0.003713,-0.001803,-0.000628,-0.003097,-3e-06,-0.001846,-0.002823,-0.001856,-0.001959,-0.001896,-2e-06,-0.000717,-0.001922,-0.001865,-0.002135,-0.000453,-0.0,-0.00191,-0.00073,-0.0,-0.002578,-0.001944,-0.003611,-0.003289,-3e-06,-0.002136,-0.003457,-0.001522,-0.001973,-0.0,-0.001483,-0.001827,-0.00091,-0.00067,-0.001867,-0.001986,-0.0,-0.001762,-0.000533,-0.002942,-0.000624,-0.00192,-0.000602,-0.002894,-0.003596,-0.001593,-0.001739,-0.002235,-0.000511,-0.000693,-0.000317,-0.001075,-0.001917,-0.002151,-0.0,-0.001748,-0.003217,-0.003509,-0.003509,-0.000582,-0.003561,-0.000755,-0.003374,-0.001862,-2e-06,-0.001815,-0.00401,-0.002201,-0.003446,-0.00337,-0.003504,-0.001808,-0.001621,-0.00166,-0.000786,-0.002152,-0.003212,-0.003287,-0.002195
2017-05-31 11:44:00+02:00,-0.000221,-0.0,-0.002614,-0.00499,-0.002385,-0.001344,-0.002217,-0.002562,-0.003042,-0.001222,-0.000536,-0.000271,-0.003103,-0.002978,-0.002616,-0.005172,-0.001957,-0.000347,-0.001532,-0.005262,-0.0,-0.005216,-0.004365,-0.000501,-0.005197,-0.005218,-0.002491,-2e-06,-0.002261,-0.001033,-0.000401,-0.002956,-0.0,-0.002833,-0.002832,-0.000374,-0.003489,-0.004305,-0.000271,-0.00541,-0.002478,-0.000503,-0.004268,-2e-06,-0.002257,-0.003791,-0.002604,-0.002985,-0.002911,-2e-06,-0.000687,-0.002921,-0.002851,-0.003036,-0.000362,-0.0,-0.002343,-0.000584,-0.0,-0.003328,-0.002955,-0.005296,-0.004842,-3e-06,-0.002692,-0.005191,-0.001952,-0.002996,-0.0,-0.001904,-0.002552,-0.001036,-0.000619,-0.002821,-0.00288,-0.0,-0.002103,-0.000426,-0.003927,-0.0005,-0.002935,-0.000481,-0.003924,-0.005244,-0.001836,-0.002064,-0.003206,-0.000409,-0.000636,-0.000253,-0.001313,-0.002917,-0.003079,-0.0,-0.00269,-0.004626,-0.005261,-0.005262,-0.000465,-0.005289,-0.000754,-0.005106,-0.002644,-2e-06,-0.002484,-0.005633,-0.003144,-0.005212,-0.005146,-0.005243,-0.002496,-0.002144,-0.002205,-0.000629,-0.002736,-0.00449,-0.00472,-0.003155
2017-05-31 11:45:00+02:00,-0.000177,-0.0,-0.002771,-0.006353,-0.002485,-0.001075,-0.002583,-0.003145,-0.003849,-0.001182,-0.000429,-0.000217,-0.003842,-0.003711,-0.003349,-0.006559,-0.001813,-0.000278,-0.001226,-0.006645,-0.0,-0.006575,-0.005321,-0.000401,-0.006502,-0.006595,-0.003014,-1e-06,-0.002672,-0.000899,-0.000321,-0.003749,-0.0,-0.003595,-0.003558,-0.000299,-0.003964,-0.005213,-0.000216,-0.006763,-0.003016,-0.000402,-0.005157,-2e-06,-0.002303,-0.004465,-0.00321,-0.003807,-0.003745,-1e-06,-0.00055,-0.003721,-0.00364,-0.003757,-0.00029,-0.0,-0.002374,-0.000467,-0.0,-0.003764,-0.003764,-0.006639,-0.006183,-2e-06,-0.002886,-0.006573,-0.002202,-0.003816,-0.0,-0.002144,-0.003119,-0.000922,-0.000495,-0.003586,-0.003596,-0.0,-0.002037,-0.000341,-0.004639,-0.0004,-0.003749,-0.000385,-0.004676,-0.006556,-0.001687,-0.001978,-0.003983,-0.000327,-0.000508,-0.000203,-0.001333,-0.003717,-0.003823,-0.0,-0.003445,-0.005734,-0.006659,-0.00666,-0.000372,-0.006666,-0.000603,-0.006487,-0.003267,-1e-06,-0.003015,-0.006927,-0.003899,-0.00662,-0.006562,-0.006629,-0.003049,-0.002493,-0.002569,-0.000503,-0.002969,-0.005491,-0.005922,-0.003925
2017-05-31 11:46:00+02:00,-0.000141,-0.0,-0.002278,-0.006851,-0.001988,-0.00086,-0.002523,-0.003254,-0.004474,-0.000946,-0.000343,-0.000174,-0.004412,-0.004276,-0.003538,-0.007618,-0.00145,-0.000222,-0.00098,-0.007701,-0.0,-0.007613,-0.005478,-0.000321,-0.007498,-0.007648,-0.003077,-1e-06,-0.002598,-0.000719,-0.000256,-0.004361,-0.0,-0.004183,-0.004116,-0.000239,-0.003629,-0.00532,-0.000173,-0.007796,-0.003095,-0.000322,-0.005219,-1e-06,-0.001843,-0.004312,-0.003283,-0.004444,-0.003999,-1e-06,-0.00044,-0.004339,-0.00425,-0.004312,-0.000232,-0.0,-0.001899,-0.000374,-0.0,-0.003508,-0.004391,-0.007665,-0.006542,-2e-06,-0.00243,-0.00763,-0.002052,-0.004451,-0.0,-0.001987,-0.003192,-0.000738,-0.000396,-0.004175,-0.004146,-0.0,-0.001629,-0.000273,-0.004592,-0.00032,-0.004378,-0.000308,-0.004593,-0.007558,-0.00135,-0.001583,-0.004584,-0.000261,-0.000407,-0.000162,-0.001067,-0.004336,-0.004396,-0.0,-0.00379,-0.005881,-0.007725,-0.007727,-0.000298,-0.007718,-0.000483,-0.007254,-0.003381,-1e-06,-0.003086,-0.007913,-0.004481,-0.007523,-0.007222,-0.007689,-0.003138,-0.002373,-0.002484,-0.000403,-0.002551,-0.005629,-0.006166,-0.004519
2017-05-31 11:47:00+02:00,-0.000113,-0.0,-0.001822,-0.00687,-0.001591,-0.000688,-0.002311,-0.003173,-0.004976,-0.000757,-0.000274,-0.000139,-0.004869,-0.004728,-0.003476,-0.008087,-0.00116,-0.000178,-0.000784,-0.008537,-0.0,-0.008433,-0.005318,-0.000257,-0.008279,-0.00847,-0.002961,-1e-06,-0.002339,-0.000575,-0.000205,-0.004853,-0.0,-0.004635,-0.004562,-0.000191,-0.003001,-0.005115,-0.000139,-0.008612,-0.002994,-0.000257,-0.004945,-1e-06,-0.001474,-0.00385,-0.003132,-0.004755,-0.003968,-1e-06,-0.000352,-0.004743,-0.004539,-0.004757,-0.000186,-0.0,-0.001519,-0.000299,-0.0,-0.003028,-0.00479,-0.008474,-0.006456,-1e-06,-0.001944,-0.008238,-0.001771,-0.004841,-0.0,-0.001702,-0.003061,-0.00059,-0.000317,-0.004625,-0.004586,-0.0,-0.001304,-0.000218,-0.00427,-0.000256,-0.004685,-0.000246,-0.004186,-0.008345,-0.00108,-0.001266,-0.005067,-0.000209,-0.000325,-0.00013,-0.000853,-0.004776,-0.004857,-0.0,-0.003861,-0.005608,-0.00857,-0.008572,-0.000238,-0.00855,-0.000386,-0.007472,-0.003277,-1e-06,-0.002977,-0.008691,-0.004949,-0.007815,-0.007356,-0.008527,-0.003044,-0.002079,-0.002232,-0.000322,-0.002041,-0.005406,-0.005992,-0.004997
2017-05-31 11:48:00+02:00,-9e-05,-0.0,-0.001458,-0.006763,-0.001272,-0.000551,-0.002082,-0.003049,-0.005379,-0.000605,-0.00022,-0.000111,-0.005238,-0.005094,-0.003329,-0.008331,-0.000928,-0.000142,-0.000628,-0.009077,-0.0,-0.00894,-0.005095,-0.000205,-0.008918,-0.008992,-0.002809,-1e-06,-0.002059,-0.00046,-0.000164,-0.005213,-0.0,-0.004887,-0.004924,-0.000153,-0.002401,-0.004853,-0.000111,-0.009277,-0.002854,-0.000206,-0.00459,-1e-06,-0.001179,-0.003358,-0.002936,-0.004907,-0.003834,-1e-06,-0.000281,-0.004974,-0.004692,-0.005118,-0.000148,-0.0,-0.001215,-0.000239,-0.0,-0.002541,-0.005014,-0.009134,-0.006265,-1e-06,-0.001555,-0.008591,-0.001485,-0.005056,-0.0,-0.001413,-0.002874,-0.000472,-0.000254,-0.004896,-0.004943,-0.0,-0.001043,-0.000174,-0.003913,-0.000205,-0.004849,-0.000197,-0.003739,-0.008989,-0.000864,-0.001013,-0.005454,-0.000167,-0.00026,-0.000104,-0.000683,-0.005046,-0.005228,-0.0,-0.003848,-0.005214,-0.009142,-0.009149,-0.000191,-0.00909,-0.000309,-0.00752,-0.003109,-1e-06,-0.002831,-0.009326,-0.005326,-0.007858,-0.007333,-0.009101,-0.002911,-0.001772,-0.001951,-0.000258,-0.001633,-0.005088,-0.005729,-0.005381
2017-05-31 11:49:00+02:00,-7.2e-05,-0.0,-0.001166,-0.006696,-0.001018,-0.00044,-0.001884,-0.00294,-0.00571,-0.000484,-0.000176,-8.9e-05,-0.005555,-0.005411,-0.003181,-0.008555,-0.000743,-0.000114,-0.000502,-0.009506,-0.0,-0.009345,-0.004915,-0.000164,-0.009467,-0.009447,-0.002677,-1e-06,-0.001823,-0.000368,-0.000131,-0.005471,-0.0,-0.005063,-0.005241,-0.000122,-0.001921,-0.004635,-8.9e-05,-0.009873,-0.002733,-0.000165,-0.004288,-1e-06,-0.000943,-0.002947,-0.002771,-0.005009,-0.003688,-1e-06,-0.000225,-0.005141,-0.00482,-0.00543,-0.000119,-0.0,-0.000972,-0.000191,-0.0,-0.002126,-0.005175,-0.009728,-0.006123,-1e-06,-0.001244,-0.008906,-0.001241,-0.005207,-0.0,-0.001166,-0.002708,-0.000378,-0.000203,-0.0051,-0.005256,-0.0,-0.000834,-0.00014,-0.003609,-0.000164,-0.004982,-0.000158,-0.003371,-0.009573,-0.000691,-0.00081,-0.005779,-0.000134,-0.000208,-8.3e-05,-0.000546,-0.005266,-0.005547,-0.0,-0.003844,-0.004843,-0.009635,-0.009646,-0.000152,-0.009495,-0.000247,-0.007581,-0.002958,-1e-06,-0.002704,-0.009899,-0.005648,-0.00785,-0.007332,-0.009597,-0.002795,-0.001512,-0.001708,-0.000206,-0.001306,-0.004817,-0.005522,-0.005706
2017-05-31 11:50:00+02:00,-5.8e-05,-0.0,-0.000933,-0.006609,-0.000814,-0.000352,-0.001756,-0.002868,-0.005868,-0.000387,-0.00014,-7.1e-05,-0.005691,-0.005548,-0.003042,-0.008654,-0.000594,-9.1e-05,-0.000402,-0.009738,-0.0,-0.009568,-0.004794,-0.000131,-0.009746,-0.009708,-0.002589,-0.0,-0.00165,-0.000295,-0.000105,-0.005607,-0.0,-0.00514,-0.005379,-9.8e-05,-0.001536,-0.004484,-7.1e-05,-0.010129,-0.002652,-0.000132,-0.004053,-1e-06,-0.000755,-0.002646,-0.00264,-0.005047,-0.00355,-0.0,-0.00018,-0.005224,-0.00488,-0.005563,-9.5e-05,-0.0,-0.000778,-0.000153,-0.0,-0.001861,-0.005255,-0.009994,-0.005986,-1e-06,-0.000995,-0.009068,-0.001085,-0.005283,-0.0,-0.001009,-0.002575,-0.000302,-0.000162,-0.005209,-0.005391,-0.0,-0.000667,-0.000112,-0.00341,-0.000131,-0.005047,-0.000126,-0.003097,-0.009843,-0.000553,-0.000648,-0.005925,-0.000107,-0.000167,-6.6e-05,-0.000437,-0.005391,-0.005685,-0.0,-0.003813,-0.004529,-0.009916,-0.009929,-0.000122,-0.00969,-0.000198,-0.007575,-0.002835,-0.0,-0.00262,-0.010142,-0.005787,-0.007761,-0.007277,-0.009883,-0.002718,-0.001326,-0.001532,-0.000165,-0.001045,-0.004595,-0.00534,-0.00585
2017-05-31 11:51:00+02:00,-4.6e-05,-0.0,-0.000746,-0.005619,-0.000651,-0.000282,-0.001487,-0.002498,-0.003253,-0.00031,-0.000112,-5.7e-05,-0.00311,-0.003043,-0.002615,-0.005642,-0.000475,-7.3e-05,-0.000321,-0.005646,-0.0,-0.005637,-0.004183,-0.000105,-0.005609,-0.005642,-0.002244,-0.0,-0.001362,-0.000236,-8.4e-05,-0.003165,-0.0,-0.003043,-0.002969,-7.8e-05,-0.001229,-0.003889,-5.7e-05,-0.005646,-0.002302,-0.000105,-0.003467,-0.0,-0.000604,-0.002172,-0.002259,-0.003262,-0.003064,-0.0,-0.000144,-0.003165,-0.00311,-0.003043,-7.6e-05,-0.0,-0.000622,-0.000123,-0.0,-0.001509,-0.003206,-0.005637,-0.005213,-1e-06,-0.000796,-0.005642,-0.000879,-0.003262,-0.0,-0.000811,-0.002209,-0.000242,-0.00013,-0.003043,-0.002969,-0.0,-0.000534,-8.9e-05,-0.002914,-0.000105,-0.003206,-0.000101,-0.002585,-0.005619,-0.000442,-0.000519,-0.003257,-8.6e-05,-0.000133,-5.3e-05,-0.000349,-0.003165,-0.00311,-0.0,-0.002969,-0.003841,-0.005646,-0.005647,-9.8e-05,-0.005646,-0.000158,-0.005637,-0.002443,-0.0,-0.002272,-0.005642,-0.003165,-0.005647,-0.005646,-0.005646,-0.002362,-0.001068,-0.001263,-0.000132,-0.000836,-0.003953,-0.004616,-0.003206
2017-05-31 11:52:00+02:00,-3.7e-05,-0.0,-0.000597,-0.00272,-0.000521,-0.000226,-0.00119,-0.00136,-0.00136,-0.000248,-9e-05,-4.6e-05,-0.00136,-0.00136,-0.00136,-0.00272,-0.00038,-5.8e-05,-0.000257,-0.00272,-0.0,-0.00272,-0.00272,-8.4e-05,-0.00272,-0.00272,-0.00136,-0.0,-0.00109,-0.000189,-6.7e-05,-0.00136,-0.0,-0.00136,-0.00136,-6.3e-05,-0.000983,-0.00272,-4.5e-05,-0.00272,-0.00136,-8.4e-05,-0.00272,-0.0,-0.000483,-0.001738,-0.00136,-0.00136,-0.00136,-0.0,-0.000115,-0.00136,-0.00136,-0.00136,-6.1e-05,-0.0,-0.000498,-9.8e-05,-0.0,-0.001208,-0.00136,-0.00272,-0.00272,-0.0,-0.000637,-0.00272,-0.000703,-0.00136,-0.0,-0.000649,-0.00136,-0.000193,-0.000104,-0.00136,-0.00136,-0.0,-0.000427,-7.1e-05,-0.002331,-8.4e-05,-0.00136,-8.1e-05,-0.002068,-0.00272,-0.000354,-0.000415,-0.00136,-6.9e-05,-0.000107,-4.3e-05,-0.00028,-0.00136,-0.00136,-0.0,-0.00136,-0.00272,-0.00272,-0.00272,-7.8e-05,-0.00272,-0.000126,-0.00272,-0.00136,-0.0,-0.00136,-0.00272,-0.00136,-0.00272,-0.00272,-0.00272,-0.00136,-0.000855,-0.001011,-0.000106,-0.000669,-0.00272,-0.00272,-0.00136
2017-05-31 11:53:00+02:00,-3e-05,-0.0,-0.000478,-0.002176,-0.000417,-0.00018,-0.000952,-0.001088,-0.001088,-0.000198,-7.2e-05,-3.6e-05,-0.001088,-0.001088,-0.001088,-0.002176,-0.000304,-4.7e-05,-0.000206,-0.002176,-0.0,-0.002176,-0.002176,-6.7e-05,-0.002176,-0.002176,-0.001088,-0.0,-0.000872,-0.000151,-5.4e-05,-0.001088,-0.0,-0.001088,-0.001088,-5e-05,-0.000787,-0.002176,-3.6e-05,-0.002176,-0.001088,-6.7e-05,-0.002176,-0.0,-0.000386,-0.00139,-0.001088,-0.001088,-0.001088,-0.0,-9.2e-05,-0.001088,-0.001088,-0.001088,-4.9e-05,-0.0,-0.000398,-7.8e-05,-0.0,-0.000966,-0.001088,-0.002176,-0.002176,-0.0,-0.00051,-0.002176,-0.000563,-0.001088,-0.0,-0.000519,-0.001088,-0.000155,-8.3e-05,-0.001088,-0.001088,-0.0,-0.000342,-5.7e-05,-0.001865,-6.7e-05,-0.001088,-6.5e-05,-0.001655,-0.002176,-0.000283,-0.000332,-0.001088,-5.5e-05,-8.5e-05,-3.4e-05,-0.000224,-0.001088,-0.001088,-0.0,-0.001088,-0.002176,-0.002176,-0.002176,-6.2e-05,-0.002176,-0.000101,-0.002176,-0.001088,-0.0,-0.001088,-0.002176,-0.001088,-0.002176,-0.002176,-0.002176,-0.001088,-0.000684,-0.000809,-8.4e-05,-0.000535,-0.002176,-0.002176,-0.001088
2017-05-31 11:54:00+02:00,-2.4e-05,-0.0,-0.000382,-0.001741,-0.000334,-0.000144,-0.000761,-0.00087,-0.00087,-0.000159,-5.8e-05,-2.9e-05,-0.00087,-0.00087,-0.00087,-0.001741,-0.000243,-3.7e-05,-0.000164,-0.001741,-0.0,-0.001741,-0.001741,-5.4e-05,-0.001741,-0.001741,-0.00087,-0.0,-0.000697,-0.000121,-4.3e-05,-0.00087,-0.0,-0.00087,-0.00087,-4e-05,-0.000629,-0.001741,-2.9e-05,-0.001741,-0.00087,-5.4e-05,-0.001741,-0.0,-0.000309,-0.001112,-0.00087,-0.00087,-0.00087,-0.0,-7.4e-05,-0.00087,-0.00087,-0.00087,-3.9e-05,-0.0,-0.000319,-6.3e-05,-0.0,-0.000773,-0.00087,-0.001741,-0.001741,-0.0,-0.000408,-0.001741,-0.00045,-0.00087,-0.0,-0.000415,-0.00087,-0.000124,-6.6e-05,-0.00087,-0.00087,-0.0,-0.000273,-4.6e-05,-0.001492,-5.4e-05,-0.00087,-5.2e-05,-0.001324,-0.001741,-0.000226,-0.000266,-0.00087,-4.4e-05,-6.8e-05,-2.7e-05,-0.000179,-0.00087,-0.00087,-0.0,-0.00087,-0.001741,-0.001741,-0.001741,-5e-05,-0.001741,-8.1e-05,-0.001741,-0.00087,-0.0,-0.00087,-0.001741,-0.00087,-0.001741,-0.001741,-0.001741,-0.00087,-0.000547,-0.000647,-6.8e-05,-0.000428,-0.001741,-0.001741,-0.00087
2017-05-31 11:55:00+02:00,-1.9e-05,-0.0,-0.000306,-0.001393,-0.000267,-0.000115,-0.000609,-0.000696,-0.000696,-0.000127,-4.6e-05,-2.3e-05,-0.000696,-0.000696,-0.000696,-0.001393,-0.000195,-3e-05,-0.000132,-0.001393,-0.0,-0.001393,-0.001393,-4.3e-05,-0.001393,-0.001393,-0.000696,-0.0,-0.000558,-9.7e-05,-3.4e-05,-0.000696,-0.0,-0.000696,-0.000696,-3.2e-05,-0.000503,-0.001393,-2.3e-05,-0.001393,-0.000696,-4.3e-05,-0.001393,-0.0,-0.000247,-0.00089,-0.000696,-0.000696,-0.000696,-0.0,-5.9e-05,-0.000696,-0.000696,-0.000696,-3.1e-05,-0.0,-0.000255,-5e-05,-0.0,-0.000618,-0.000696,-0.001393,-0.001393,-0.0,-0.000326,-0.001393,-0.00036,-0.000696,-0.0,-0.000332,-0.000696,-9.9e-05,-5.3e-05,-0.000696,-0.000696,-0.0,-0.000219,-3.7e-05,-0.001194,-4.3e-05,-0.000696,-4.1e-05,-0.001059,-0.001393,-0.000181,-0.000212,-0.000696,-3.5e-05,-5.5e-05,-2.2e-05,-0.000143,-0.000696,-0.000696,-0.0,-0.000696,-0.001393,-0.001393,-0.001393,-4e-05,-0.001393,-6.5e-05,-0.001393,-0.000696,-0.0,-0.000696,-0.001393,-0.000696,-0.001393,-0.001393,-0.001393,-0.000696,-0.000438,-0.000517,-5.4e-05,-0.000342,-0.001393,-0.001393,-0.000696
2017-05-31 11:56:00+02:00,-0.000333,-0.0,-0.001913,-0.003204,-0.001799,-0.001259,-0.001775,-0.001861,-0.001857,-0.000999,-0.000633,-0.000387,-0.001801,-0.001769,-0.001731,-0.003257,-0.001587,-0.000526,-0.001357,-0.003268,-0.0,-0.003242,-0.003223,-0.000672,-0.003186,-0.003257,-0.001857,-0.0,-0.001746,-0.00089,-0.000532,-0.001826,-0.0,-0.001769,-0.001731,-0.000551,-0.002481,-0.003278,-0.000447,-0.003268,-0.001842,-0.00068,-0.003223,-0.0,-0.001735,-0.002855,-0.001857,-0.001861,-0.001857,-0.0,-0.000706,-0.001826,-0.001801,-0.001769,-0.000483,-0.0,-0.00179,-0.000773,-0.0,-0.002454,-0.001842,-0.003242,-0.003223,-0.0,-0.001939,-0.003257,-0.00147,-0.001861,-0.0,-0.001432,-0.001842,-0.000892,-0.000681,-0.001769,-0.001731,-0.0,-0.001672,-0.000608,-0.003116,-0.000682,-0.001842,-0.000672,-0.002956,-0.003204,-0.001511,-0.001639,-0.001857,-0.00054,-0.000687,-0.000368,-0.001058,-0.001826,-0.001801,-0.0,-0.001731,-0.003257,-0.003275,-0.003278,-0.000661,-0.003268,-0.000744,-0.003242,-0.001861,-0.0,-0.001851,-0.003257,-0.001826,-0.003278,-0.003275,-0.003268,-0.001842,-0.001613,-0.001697,-0.000818,-0.002033,-0.003257,-0.003257,-0.001842
2017-05-31 11:57:00+02:00,-0.000267,-0.0,-0.002749,-0.00464,-0.002555,-0.001558,-0.002503,-0.002785,-0.002778,-0.001373,-0.000691,-0.000309,-0.002679,-0.002622,-0.002552,-0.004735,-0.002156,-0.000421,-0.001741,-0.004755,-0.0,-0.004708,-0.004675,-0.000537,-0.004608,-0.004735,-0.002745,-0.0,-0.002515,-0.001186,-0.000494,-0.002723,-0.0,-0.002622,-0.002552,-0.000441,-0.003657,-0.004721,-0.000358,-0.004755,-0.00274,-0.000544,-0.004657,-0.0,-0.002439,-0.00409,-0.002778,-0.002785,-0.002778,-0.0,-0.000842,-0.002723,-0.002679,-0.002622,-0.000446,-0.0,-0.00252,-0.000619,-0.0,-0.003528,-0.002752,-0.004708,-0.004675,-0.0,-0.002799,-0.004735,-0.00212,-0.002785,-0.0,-0.002072,-0.002752,-0.001188,-0.00079,-0.002622,-0.002552,-0.0,-0.002293,-0.000486,-0.004371,-0.000546,-0.002752,-0.000538,-0.004244,-0.00464,-0.002038,-0.002257,-0.002778,-0.000501,-0.000788,-0.000295,-0.001487,-0.002723,-0.002679,-0.0,-0.002552,-0.004735,-0.004767,-0.004771,-0.000529,-0.004755,-0.000905,-0.004708,-0.002785,-0.0,-0.002746,-0.004735,-0.002723,-0.004771,-0.004767,-0.004755,-0.002752,-0.002338,-0.002443,-0.000668,-0.00293,-0.004735,-0.004735,-0.002752
2017-05-31 11:58:00+02:00,-0.000213,-0.0,-0.002659,-0.005586,-0.002414,-0.001246,-0.002619,-0.003086,-0.003556,-0.001197,-0.000553,-0.000247,-0.003423,-0.003346,-0.003056,-0.005997,-0.00183,-0.000337,-0.001393,-0.006025,-0.0,-0.005959,-0.005127,-0.00043,-0.005819,-0.005997,-0.002991,-0.0,-0.002655,-0.000952,-0.000395,-0.003481,-0.0,-0.003346,-0.003253,-0.000353,-0.003803,-0.005114,-0.000286,-0.006025,-0.003001,-0.000435,-0.005058,-0.0,-0.002257,-0.004303,-0.003081,-0.003564,-0.003392,-0.0,-0.000674,-0.003481,-0.003423,-0.003346,-0.000357,-0.0,-0.002325,-0.000495,-0.0,-0.003621,-0.00352,-0.005959,-0.005476,-0.0,-0.002743,-0.005997,-0.002174,-0.003564,-0.0,-0.002119,-0.003054,-0.000958,-0.000632,-0.003346,-0.003253,-0.0,-0.001998,-0.000389,-0.004612,-0.000437,-0.00352,-0.00043,-0.004513,-0.005864,-0.001709,-0.001977,-0.003554,-0.0004,-0.00063,-0.000236,-0.001366,-0.003481,-0.003423,-0.0,-0.003152,-0.005374,-0.006041,-0.006047,-0.000423,-0.006025,-0.000724,-0.005897,-0.003145,-0.0,-0.002999,-0.005997,-0.003481,-0.006047,-0.005873,-0.006025,-0.003024,-0.002444,-0.002576,-0.000534,-0.002877,-0.005248,-0.005392,-0.00352
2017-05-31 11:59:00+02:00,-0.000171,-0.0,-0.002255,-0.006066,-0.001987,-0.000997,-0.002538,-0.003165,-0.004205,-0.000957,-0.000442,-0.000198,-0.004051,-0.00396,-0.003276,-0.006954,-0.001464,-0.00027,-0.001114,-0.007116,-0.0,-0.007035,-0.005241,-0.000344,-0.006863,-0.007081,-0.003024,-0.0,-0.002562,-0.000762,-0.000316,-0.004119,-0.0,-0.00396,-0.003849,-0.000282,-0.003541,-0.005166,-0.000229,-0.007116,-0.003049,-0.000348,-0.005098,-0.0,-0.001805,-0.004141,-0.003127,-0.004178,-0.003677,-0.0,-0.000539,-0.004119,-0.003986,-0.00396,-0.000286,-0.0,-0.00186,-0.000396,-0.0,-0.003398,-0.004164,-0.007035,-0.005828,-0.0,-0.002374,-0.007081,-0.002035,-0.004215,-0.0,-0.001975,-0.00312,-0.000766,-0.000505,-0.00396,-0.003849,-0.0,-0.001599,-0.000311,-0.004527,-0.000349,-0.004104,-0.000344,-0.004406,-0.006918,-0.001367,-0.001581,-0.004203,-0.00032,-0.000504,-0.000189,-0.001093,-0.004119,-0.004051,-0.0,-0.003473,-0.005545,-0.007134,-0.007142,-0.000339,-0.007116,-0.000579,-0.006576,-0.003255,-0.0,-0.003039,-0.007081,-0.004119,-0.006918,-0.006474,-0.007116,-0.003081,-0.00232,-0.002494,-0.000427,-0.002517,-0.005378,-0.005615,-0.004164
2017-05-31 12:00:00+02:00,-0.000137,-0.0,-0.001804,-0.00574,-0.001589,-0.000797,-0.002248,-0.002908,-0.00413,-0.000766,-0.000354,-0.000158,-0.003946,-0.003851,-0.003052,-0.006779,-0.001171,-0.000216,-0.000891,-0.006934,-0.0,-0.006913,-0.004814,-0.000275,-0.006847,-0.006925,-0.002755,-0.0,-0.00225,-0.000609,-0.000253,-0.004021,-0.0,-0.003851,-0.003741,-0.000226,-0.002996,-0.0047,-0.000183,-0.006934,-0.002785,-0.000279,-0.004619,-0.0,-0.001444,-0.003625,-0.00284,-0.00409,-0.003451,-0.0,-0.000431,-0.004021,-0.003885,-0.003851,-0.000228,-0.0,-0.001488,-0.000317,-0.0,-0.002931,-0.004075,-0.006913,-0.00545,-0.0,-0.001899,-0.006925,-0.001753,-0.004139,-0.0,-0.001696,-0.002844,-0.000613,-0.000404,-0.003851,-0.003741,-0.0,-0.001279,-0.000249,-0.004042,-0.000279,-0.004008,-0.000275,-0.003903,-0.00687,-0.001093,-0.001265,-0.004124,-0.000256,-0.000403,-0.000151,-0.000875,-0.004021,-0.003946,-0.0,-0.003296,-0.005063,-0.006938,-0.006939,-0.000271,-0.006934,-0.000463,-0.006299,-0.00299,-0.0,-0.002772,-0.006925,-0.004021,-0.006665,-0.006152,-0.006934,-0.002819,-0.00201,-0.002193,-0.000342,-0.002047,-0.004914,-0.005178,-0.004075
2017-05-31 12:01:00+02:00,-0.000109,-0.0,-0.001443,-0.004516,-0.001271,-0.000638,-0.001798,-0.002326,-0.002465,-0.000613,-0.000283,-0.000127,-0.002405,-0.002376,-0.002342,-0.004519,-0.000937,-0.000173,-0.000713,-0.004519,-0.0,-0.004519,-0.003851,-0.00022,-0.004512,-0.004519,-0.002204,-0.0,-0.0018,-0.000488,-0.000202,-0.002429,-0.0,-0.002376,-0.002342,-0.000181,-0.002397,-0.00376,-0.000146,-0.004519,-0.002228,-0.000223,-0.003695,-0.0,-0.001155,-0.0029,-0.002272,-0.002468,-0.002465,-0.0,-0.000345,-0.002429,-0.002405,-0.002376,-0.000183,-0.0,-0.00119,-0.000253,-0.0,-0.002344,-0.002447,-0.004519,-0.00436,-0.0,-0.00152,-0.004519,-0.001402,-0.002468,-0.0,-0.001356,-0.002275,-0.00049,-0.000323,-0.002376,-0.002342,-0.0,-0.001023,-0.000199,-0.003234,-0.000223,-0.002447,-0.00022,-0.003122,-0.004516,-0.000875,-0.001012,-0.002463,-0.000205,-0.000323,-0.000121,-0.0007,-0.002429,-0.002405,-0.0,-0.002342,-0.004051,-0.004519,-0.004519,-0.000217,-0.004519,-0.000371,-0.004519,-0.002392,-0.0,-0.002218,-0.004519,-0.002429,-0.004519,-0.004519,-0.004519,-0.002255,-0.001608,-0.001755,-0.000274,-0.001637,-0.003931,-0.004143,-0.002447
2017-05-31 12:02:00+02:00,-8.7e-05,-0.0,-0.001154,-0.003613,-0.001017,-0.00051,-0.001439,-0.001861,-0.001972,-0.00049,-0.000226,-0.000101,-0.001957,-0.0019,-0.001873,-0.003615,-0.000749,-0.000138,-0.00057,-0.003615,-0.0,-0.003615,-0.003081,-0.000176,-0.00361,-0.003615,-0.001763,-0.0,-0.00144,-0.00039,-0.000162,-0.001943,-0.0,-0.0019,-0.001873,-0.000144,-0.001918,-0.003008,-0.000117,-0.003615,-0.001782,-0.000178,-0.002956,-0.0,-0.000924,-0.00232,-0.001818,-0.001974,-0.001972,-0.0,-0.000276,-0.001943,-0.001924,-0.001929,-0.000146,-0.0,-0.000952,-0.000203,-0.0,-0.001876,-0.001958,-0.003615,-0.003488,-0.0,-0.001216,-0.003615,-0.001122,-0.001974,-0.0,-0.001085,-0.00182,-0.000392,-0.000259,-0.0019,-0.001873,-0.0,-0.000819,-0.000159,-0.002587,-0.000179,-0.001958,-0.000176,-0.002498,-0.003613,-0.0007,-0.00081,-0.00197,-0.000164,-0.000258,-9.7e-05,-0.00056,-0.001943,-0.001932,-0.0,-0.001873,-0.003241,-0.003615,-0.003615,-0.000173,-0.003615,-0.000296,-0.003615,-0.001914,-0.0,-0.001774,-0.003665,-0.001963,-0.003615,-0.003615,-0.003615,-0.001804,-0.001286,-0.001404,-0.000219,-0.00131,-0.003145,-0.003314,-0.001958
2017-05-31 12:03:00+02:00,-7e-05,-0.0,-0.001938,-0.004408,-0.001761,-0.000931,-0.001983,-0.002394,-0.002482,-0.000868,-0.000382,-9.6e-05,-0.002434,-0.002369,-0.002325,-0.004423,-0.001362,-0.00011,-0.001052,-0.004425,-0.0,-0.00442,-0.003988,-0.000197,-0.0044,-0.004423,-0.002312,-0.0,-0.002012,-0.000719,-0.00025,-0.002438,-0.0,-0.002369,-0.002325,-0.000116,-0.00285,-0.00394,-9.4e-05,-0.004425,-0.002319,-0.000196,-0.003888,-0.0,-0.00164,-0.003286,-0.002356,-0.002485,-0.002482,-0.0,-0.000489,-0.002438,-0.002407,-0.002392,-0.000226,-0.0,-0.001668,-0.000254,-0.0,-0.002749,-0.00246,-0.00442,-0.004313,-0.0,-0.002018,-0.004423,-0.001632,-0.002485,-0.0,-0.001591,-0.00235,-0.000718,-0.000446,-0.002369,-0.002325,-0.0,-0.001464,-0.000127,-0.003541,-0.000191,-0.00246,-0.00016,-0.003496,-0.004408,-0.001296,-0.001456,-0.002478,-0.000253,-0.000446,-7.7e-05,-0.000971,-0.002438,-0.002414,-0.0,-0.002325,-0.004123,-0.004425,-0.004426,-0.000139,-0.004425,-0.000526,-0.00442,-0.002437,-0.0,-0.00232,-0.004462,-0.002454,-0.004426,-0.004426,-0.004425,-0.002337,-0.00184,-0.001958,-0.000307,-0.002111,-0.004046,-0.004181,-0.00246
2017-05-31 12:04:00+02:00,-5.6e-05,-0.0,-0.001572,-0.003974,-0.001409,-0.000745,-0.001686,-0.002079,-0.002436,-0.000694,-0.000306,-7.7e-05,-0.002448,-0.002389,-0.002087,-0.004127,-0.00109,-8.8e-05,-0.000842,-0.004228,-0.0,-0.004218,-0.003483,-0.000158,-0.004324,-0.004215,-0.001997,-0.0,-0.00172,-0.000575,-0.0002,-0.002374,-0.0,-0.002283,-0.002329,-9.2e-05,-0.002425,-0.003419,-7.5e-05,-0.00444,-0.002008,-0.000157,-0.003389,-0.0,-0.001312,-0.002817,-0.002053,-0.002318,-0.002241,-0.0,-0.000391,-0.0023,-0.002246,-0.002408,-0.000181,-0.0,-0.001335,-0.000203,-0.0,-0.002311,-0.002318,-0.004369,-0.003852,-0.0,-0.001651,-0.004162,-0.001367,-0.002338,-0.0,-0.001331,-0.002045,-0.000575,-0.000357,-0.002252,-0.002345,-0.0,-0.001171,-0.000102,-0.003036,-0.000153,-0.002296,-0.000128,-0.003015,-0.004362,-0.001037,-0.001165,-0.002497,-0.000202,-0.000357,-6.2e-05,-0.000777,-0.002308,-0.002432,-0.0,-0.002109,-0.003654,-0.004228,-0.004229,-0.000111,-0.004296,-0.000421,-0.004048,-0.00213,-0.0,-0.002006,-0.004497,-0.00247,-0.004125,-0.004022,-0.004229,-0.002026,-0.001563,-0.001669,-0.000245,-0.001726,-0.003546,-0.0037,-0.002479
2017-05-31 12:05:00+02:00,-4.5e-05,-0.0,-0.001257,-0.003179,-0.001127,-0.000596,-0.001349,-0.001664,-0.001717,-0.000555,-0.000244,-6.1e-05,-0.001717,-0.001717,-0.00167,-0.003302,-0.000872,-7.1e-05,-0.000673,-0.003383,-0.0,-0.003374,-0.002786,-0.000126,-0.003435,-0.003372,-0.001598,-0.0,-0.001376,-0.00046,-0.00016,-0.001717,-0.0,-0.001717,-0.001717,-7.4e-05,-0.00194,-0.002736,-6e-05,-0.003435,-0.001606,-0.000125,-0.002711,-0.0,-0.00105,-0.002253,-0.001642,-0.001717,-0.001717,-0.0,-0.000313,-0.001717,-0.001717,-0.001717,-0.000145,-0.0,-0.001068,-0.000163,-0.0,-0.001849,-0.001717,-0.003435,-0.003082,-0.0,-0.001321,-0.00333,-0.001094,-0.001717,-0.0,-0.001065,-0.001636,-0.00046,-0.000285,-0.001717,-0.001717,-0.0,-0.000937,-8.2e-05,-0.002429,-0.000122,-0.001717,-0.000102,-0.002412,-0.003435,-0.000829,-0.000932,-0.001717,-0.000162,-0.000286,-4.9e-05,-0.000622,-0.001717,-0.001717,-0.0,-0.001688,-0.002923,-0.003382,-0.003384,-8.9e-05,-0.003435,-0.000337,-0.003238,-0.001704,-0.0,-0.001605,-0.003435,-0.001717,-0.0033,-0.003218,-0.003383,-0.00162,-0.001251,-0.001335,-0.000196,-0.001381,-0.002837,-0.00296,-0.001717
2017-05-31 12:06:00+02:00,-3.6e-05,-0.0,-0.001006,-0.002543,-0.000902,-0.000477,-0.001079,-0.001331,-0.001374,-0.000444,-0.000196,-4.9e-05,-0.001374,-0.001374,-0.001336,-0.002641,-0.000697,-5.7e-05,-0.000539,-0.002706,-0.0,-0.0027,-0.002229,-0.000101,-0.002748,-0.002698,-0.001278,-0.0,-0.001101,-0.000368,-0.000128,-0.001374,-0.0,-0.001374,-0.001374,-5.9e-05,-0.001552,-0.002188,-4.8e-05,-0.002748,-0.001285,-0.0001,-0.002169,-0.0,-0.00084,-0.001803,-0.001314,-0.001374,-0.001374,-0.0,-0.00025,-0.001374,-0.001374,-0.001374,-0.000116,-0.0,-0.000854,-0.00013,-0.0,-0.001479,-0.001374,-0.002748,-0.002465,-0.0,-0.001056,-0.002664,-0.000875,-0.001374,-0.0,-0.000852,-0.001309,-0.000368,-0.000228,-0.001374,-0.001374,-0.0,-0.000749,-6.5e-05,-0.001943,-9.8e-05,-0.001374,-8.2e-05,-0.00193,-0.002748,-0.000664,-0.000746,-0.001374,-0.000129,-0.000228,-4e-05,-0.000497,-0.001374,-0.001374,-0.0,-0.00135,-0.002339,-0.002706,-0.002707,-7.1e-05,-0.002748,-0.000269,-0.002591,-0.001363,-0.0,-0.001284,-0.002748,-0.001374,-0.00264,-0.002574,-0.002706,-0.001296,-0.001,-0.001068,-0.000157,-0.001105,-0.002269,-0.002368,-0.001374
2017-05-31 12:07:00+02:00,-0.000186,-0.0,-0.002533,-0.004229,-0.00235,-0.001448,-0.002168,-0.002374,-0.002408,-0.001223,-0.000649,-0.000266,-0.002368,-0.002344,-0.002283,-0.004346,-0.001955,-0.000274,-0.001601,-0.004404,-0.0,-0.004382,-0.003992,-0.000509,-0.004377,-0.004391,-0.002327,-0.0,-0.00219,-0.001053,-0.000475,-0.002386,-0.0,-0.002344,-0.002313,-0.000311,-0.003428,-0.003994,-0.000169,-0.004438,-0.002326,-0.00051,-0.003944,-0.0,-0.002237,-0.003675,-0.002355,-0.002409,-0.002408,-0.0,-0.00077,-0.002386,-0.002368,-0.002344,-0.000438,-0.0,-0.002279,-0.000606,-0.0,-0.003256,-0.002397,-0.004421,-0.004181,-0.0,-0.002601,-0.004363,-0.001906,-0.002409,-0.0,-0.001874,-0.002345,-0.001066,-0.000723,-0.002344,-0.002313,-0.0,-0.002089,-0.000382,-0.003797,-0.000503,-0.002397,-0.000449,-0.003753,-0.004392,-0.001875,-0.002054,-0.002403,-0.000479,-0.00073,-0.000228,-0.001319,-0.002386,-0.002368,-0.0,-0.002294,-0.004103,-0.004404,-0.004409,-0.000419,-0.004438,-0.000829,-0.004295,-0.0024,-0.0,-0.002331,-0.004431,-0.002386,-0.004355,-0.004302,-0.004405,-0.002335,-0.002109,-0.002159,-0.000682,-0.0027,-0.004048,-0.004127,-0.002397
2017-05-31 12:08:00+02:00,-0.000149,-0.0,-0.002876,-0.005696,-0.002632,-0.001245,-0.002591,-0.003013,-0.0033,-0.001304,-0.000519,-0.000212,-0.003231,-0.003188,-0.003109,-0.005836,-0.002023,-0.000219,-0.001479,-0.005891,-0.0,-0.005853,-0.005076,-0.000407,-0.005797,-0.005872,-0.002908,-0.0,-0.002667,-0.001045,-0.00038,-0.003262,-0.0,-0.003188,-0.003133,-0.000249,-0.004065,-0.005013,-0.000136,-0.005918,-0.002925,-0.000408,-0.004967,-0.0,-0.00247,-0.004473,-0.003031,-0.003301,-0.0033,-0.0,-0.000616,-0.003262,-0.003231,-0.003188,-0.00035,-0.0,-0.002507,-0.000485,-0.0,-0.003834,-0.003281,-0.005884,-0.005676,-0.0,-0.002975,-0.00585,-0.002235,-0.003301,-0.0,-0.002194,-0.002982,-0.001077,-0.000579,-0.003188,-0.003133,-0.0,-0.002232,-0.000305,-0.004613,-0.000402,-0.003281,-0.000359,-0.004633,-0.005827,-0.001929,-0.002175,-0.003292,-0.000383,-0.000584,-0.000183,-0.001446,-0.003262,-0.003231,-0.0,-0.003118,-0.005391,-0.005892,-0.0059,-0.000335,-0.005918,-0.000703,-0.005783,-0.003089,-0.0,-0.002922,-0.005904,-0.003262,-0.005857,-0.005814,-0.005892,-0.002947,-0.002527,-0.002586,-0.000546,-0.003097,-0.005187,-0.00548,-0.003281
2017-05-31 12:09:00+02:00,-0.000119,-0.0,-0.002539,-0.006436,-0.002271,-0.000996,-0.002586,-0.003184,-0.003968,-0.001043,-0.000415,-0.00017,-0.003875,-0.003816,-0.003431,-0.006939,-0.001618,-0.000175,-0.001183,-0.006991,-0.0,-0.006942,-0.00536,-0.000326,-0.006852,-0.006968,-0.003031,-0.0,-0.002686,-0.000836,-0.000304,-0.003916,-0.0,-0.003816,-0.003743,-0.000199,-0.003907,-0.005232,-0.000108,-0.007012,-0.003065,-0.000326,-0.005178,-0.0,-0.002068,-0.004483,-0.00321,-0.003968,-0.003712,-0.0,-0.000493,-0.003916,-0.003875,-0.003816,-0.00028,-0.0,-0.002068,-0.000388,-0.0,-0.003696,-0.003942,-0.006967,-0.006255,-0.0,-0.002673,-0.00695,-0.002152,-0.003968,-0.0,-0.002104,-0.003139,-0.000862,-0.000463,-0.003816,-0.003743,-0.0,-0.001786,-0.000244,-0.004666,-0.000322,-0.003942,-0.000288,-0.004717,-0.006892,-0.001543,-0.00174,-0.003956,-0.000306,-0.000467,-0.000146,-0.001198,-0.003916,-0.003875,-0.0,-0.003598,-0.005756,-0.00699,-0.007001,-0.000268,-0.007012,-0.000563,-0.006781,-0.003286,-0.0,-0.003054,-0.006994,-0.003916,-0.006966,-0.006707,-0.006991,-0.003099,-0.002497,-0.002572,-0.000437,-0.002811,-0.005483,-0.005935,-0.003942
2017-05-31 12:10:00+02:00,-9.5e-05,-0.0,-0.002031,-0.00657,-0.001816,-0.000797,-0.002371,-0.003102,-0.004522,-0.000834,-0.000332,-0.000136,-0.004409,-0.004339,-0.003436,-0.00753,-0.001295,-0.00014,-0.000947,-0.007899,-0.0,-0.007823,-0.005216,-0.00026,-0.007718,-0.007872,-0.002915,-0.0,-0.002455,-0.000669,-0.000243,-0.004459,-0.0,-0.004339,-0.00425,-0.000159,-0.003353,-0.005034,-8.7e-05,-0.007916,-0.002963,-0.000261,-0.004943,-0.0,-0.001654,-0.00407,-0.003099,-0.004325,-0.003765,-0.0,-0.000394,-0.004361,-0.004235,-0.004339,-0.000224,-0.0,-0.001654,-0.00031,-0.0,-0.003229,-0.004381,-0.007859,-0.006266,-0.0,-0.002138,-0.007672,-0.001879,-0.004397,-0.0,-0.001825,-0.003028,-0.00069,-0.00037,-0.004304,-0.00425,-0.0,-0.001429,-0.000196,-0.004342,-0.000257,-0.00432,-0.00023,-0.004363,-0.007767,-0.001234,-0.001392,-0.004506,-0.000245,-0.000374,-0.000117,-0.000958,-0.004421,-0.004409,-0.0,-0.003729,-0.00559,-0.007897,-0.00791,-0.000215,-0.007916,-0.00045,-0.007105,-0.003202,-0.0,-0.002944,-0.007893,-0.004459,-0.007387,-0.006949,-0.007899,-0.003004,-0.00223,-0.002333,-0.000349,-0.002248,-0.005307,-0.005851,-0.00449
2017-05-31 12:11:00+02:00,-7.6e-05,-0.0,-0.001625,-0.00445,-0.001453,-0.000637,-0.001998,-0.00239,-0.002391,-0.000668,-0.000266,-0.000109,-0.002349,-0.002328,-0.002302,-0.004451,-0.001036,-0.000112,-0.000757,-0.004451,-0.0,-0.004451,-0.004451,-0.000208,-0.004446,-0.004451,-0.002384,-0.0,-0.002056,-0.000535,-0.000194,-0.002366,-0.0,-0.002328,-0.002302,-0.000128,-0.00273,-0.004345,-6.9e-05,-0.004451,-0.002378,-0.000209,-0.004241,-0.0,-0.001323,-0.003413,-0.002384,-0.00239,-0.002391,-0.0,-0.000315,-0.002366,-0.002349,-0.002328,-0.000179,-0.0,-0.001323,-0.000248,-0.0,-0.002674,-0.002378,-0.004451,-0.004451,-0.0,-0.001711,-0.004451,-0.001551,-0.00239,-0.0,-0.001502,-0.002378,-0.000552,-0.000296,-0.002328,-0.002302,-0.0,-0.001143,-0.000156,-0.003696,-0.000206,-0.002378,-0.000184,-0.003691,-0.00445,-0.000987,-0.001113,-0.002384,-0.000196,-0.000299,-9.4e-05,-0.000767,-0.002366,-0.002349,-0.0,-0.002302,-0.004451,-0.004451,-0.00445,-0.000172,-0.004451,-0.00036,-0.004451,-0.00239,-0.0,-0.002386,-0.004451,-0.002366,-0.00445,-0.00445,-0.004451,-0.002378,-0.00185,-0.001949,-0.00028,-0.001799,-0.004451,-0.004451,-0.002378
2017-05-31 12:12:00+02:00,-6.1e-05,-0.0,-0.0013,-0.00356,-0.001163,-0.00051,-0.001598,-0.001912,-0.001913,-0.000534,-0.000213,-8.7e-05,-0.00188,-0.001862,-0.001842,-0.003561,-0.000829,-9e-05,-0.000606,-0.003561,-0.0,-0.003561,-0.003561,-0.000167,-0.003557,-0.003561,-0.001907,-0.0,-0.001645,-0.000428,-0.000156,-0.001893,-0.0,-0.001862,-0.001842,-0.000102,-0.002184,-0.003476,-5.6e-05,-0.003561,-0.001903,-0.000167,-0.003393,-0.0,-0.001059,-0.00273,-0.001907,-0.001912,-0.001913,-0.0,-0.000252,-0.001893,-0.00188,-0.001862,-0.000144,-0.0,-0.001059,-0.000199,-0.0,-0.002139,-0.001903,-0.003561,-0.003561,-0.0,-0.001368,-0.003561,-0.001241,-0.001912,-0.0,-0.001202,-0.001903,-0.000441,-0.000237,-0.001862,-0.001842,-0.0,-0.000914,-0.000125,-0.002957,-0.000165,-0.001903,-0.000147,-0.002953,-0.00356,-0.00079,-0.000891,-0.001907,-0.000157,-0.000239,-7.5e-05,-0.000613,-0.001893,-0.00188,-0.0,-0.001842,-0.003561,-0.003561,-0.00356,-0.000137,-0.003561,-0.000288,-0.003561,-0.001912,-0.0,-0.001909,-0.003561,-0.001893,-0.00356,-0.00356,-0.003561,-0.001903,-0.00148,-0.001559,-0.000224,-0.001439,-0.003561,-0.003561,-0.001903
2017-05-31 12:13:00+02:00,-4.9e-05,-0.0,-0.00104,-0.002848,-0.00093,-0.000408,-0.001279,-0.001529,-0.00153,-0.000427,-0.00017,-7e-05,-0.001504,-0.00149,-0.001474,-0.002849,-0.000663,-7.2e-05,-0.000485,-0.002849,-0.0,-0.002849,-0.002849,-0.000133,-0.002845,-0.002849,-0.001526,-0.0,-0.001316,-0.000342,-0.000124,-0.001514,-0.0,-0.00149,-0.001474,-8.2e-05,-0.001747,-0.002781,-4.4e-05,-0.002849,-0.001522,-0.000134,-0.002714,-0.0,-0.000847,-0.002184,-0.001526,-0.001529,-0.00153,-0.0,-0.000202,-0.001514,-0.001504,-0.00149,-0.000115,-0.0,-0.000847,-0.000159,-0.0,-0.001711,-0.001522,-0.002849,-0.002849,-0.0,-0.001095,-0.002849,-0.000993,-0.001529,-0.0,-0.000962,-0.001522,-0.000353,-0.00019,-0.00149,-0.001474,-0.0,-0.000732,-0.0001,-0.002366,-0.000132,-0.001522,-0.000118,-0.002362,-0.002848,-0.000632,-0.000713,-0.001526,-0.000125,-0.000191,-6e-05,-0.000491,-0.001514,-0.001504,-0.0,-0.001474,-0.002849,-0.002849,-0.002848,-0.00011,-0.002849,-0.00023,-0.002849,-0.001529,-0.0,-0.001527,-0.002849,-0.001514,-0.002848,-0.002848,-0.002849,-0.001522,-0.001184,-0.001247,-0.000179,-0.001151,-0.002849,-0.002849,-0.001522
2017-05-31 12:14:00+02:00,-3.9e-05,-0.0,-0.001052,-0.002828,-0.000948,-0.000391,-0.001218,-0.00147,-0.001648,-0.000432,-0.000144,-5.6e-05,-0.001614,-0.001597,-0.001471,-0.002938,-0.000669,-5.7e-05,-0.000475,-0.003007,-0.0,-0.003002,-0.002711,-0.000107,-0.003018,-0.003006,-0.001453,-0.0,-0.001258,-0.00034,-0.0001,-0.001628,-0.0,-0.001597,-0.001576,-6.5e-05,-0.001724,-0.002636,-3.6e-05,-0.003023,-0.001454,-0.000107,-0.002586,-0.0,-0.000867,-0.002099,-0.00147,-0.001597,-0.001547,-0.0,-0.000187,-0.001599,-0.001569,-0.001597,-9.2e-05,-0.0,-0.000862,-0.000127,-0.0,-0.001664,-0.001606,-0.003023,-0.002794,-0.0,-0.001107,-0.002965,-0.000961,-0.001612,-0.0,-0.000934,-0.001461,-0.000352,-0.000176,-0.00158,-0.001576,-0.0,-0.000744,-8e-05,-0.002256,-0.000105,-0.001593,-9.4e-05,-0.002265,-0.003021,-0.000643,-0.000724,-0.001642,-0.0001,-0.000172,-4.8e-05,-0.000497,-0.001609,-0.001614,-0.0,-0.001485,-0.002767,-0.003014,-0.003014,-8.8e-05,-0.003023,-0.000219,-0.002879,-0.001479,-0.0,-0.001457,-0.003023,-0.001628,-0.00294,-0.002855,-0.003015,-0.001457,-0.001137,-0.001193,-0.000143,-0.001158,-0.002717,-0.002759,-0.001638
2017-05-31 12:15:00+02:00,-3.1e-05,-0.0,-0.000841,-0.002263,-0.000758,-0.000313,-0.000975,-0.001176,-0.001318,-0.000346,-0.000115,-4.5e-05,-0.001317,-0.001287,-0.001177,-0.00235,-0.000535,-4.6e-05,-0.00038,-0.002405,-0.0,-0.002402,-0.002169,-8.5e-05,-0.002414,-0.002405,-0.001163,-0.0,-0.001006,-0.000272,-8e-05,-0.001302,-0.0,-0.001277,-0.001261,-5.2e-05,-0.001379,-0.002109,-2.8e-05,-0.002418,-0.001163,-8.6e-05,-0.002069,-0.0,-0.000694,-0.001679,-0.001176,-0.001278,-0.001238,-0.0,-0.000149,-0.001279,-0.001255,-0.001302,-7.3e-05,-0.0,-0.000689,-0.000102,-0.0,-0.001331,-0.001285,-0.002418,-0.002235,-0.0,-0.000885,-0.002372,-0.000769,-0.001289,-0.0,-0.000747,-0.001169,-0.000282,-0.00014,-0.001264,-0.001263,-0.0,-0.000595,-6.4e-05,-0.001804,-8.4e-05,-0.001274,-7.5e-05,-0.001812,-0.002416,-0.000515,-0.000579,-0.00133,-8e-05,-0.000137,-3.8e-05,-0.000398,-0.001287,-0.001311,-0.0,-0.001188,-0.002213,-0.002411,-0.002411,-7e-05,-0.002418,-0.000175,-0.002303,-0.001184,-0.0,-0.001166,-0.002463,-0.001325,-0.002352,-0.002284,-0.002412,-0.001166,-0.00091,-0.000955,-0.000114,-0.000926,-0.002174,-0.002207,-0.001326
2017-05-31 12:16:00+02:00,-2.5e-05,-0.0,-0.000673,-0.00181,-0.000607,-0.00025,-0.00078,-0.000941,-0.001055,-0.000276,-9.2e-05,-3.6e-05,-0.001213,-0.001134,-0.000941,-0.00188,-0.000428,-3.7e-05,-0.000304,-0.001924,-0.0,-0.001921,-0.001735,-6.8e-05,-0.001931,-0.001924,-0.00093,-0.0,-0.000805,-0.000218,-6.4e-05,-0.001042,-0.0,-0.001022,-0.001046,-4.2e-05,-0.001104,-0.001687,-2.3e-05,-0.002006,-0.000931,-6.8e-05,-0.001655,-0.0,-0.000555,-0.001343,-0.000941,-0.001022,-0.00099,-0.0,-0.00012,-0.001023,-0.001004,-0.001194,-5.9e-05,-0.0,-0.000551,-8.1e-05,-0.0,-0.001065,-0.001028,-0.00194,-0.001788,-0.0,-0.000708,-0.001897,-0.000615,-0.001032,-0.0,-0.000598,-0.000935,-0.000226,-0.000112,-0.001011,-0.001092,-0.0,-0.000476,-5.1e-05,-0.001444,-6.7e-05,-0.001019,-6e-05,-0.001449,-0.001943,-0.000412,-0.000463,-0.001196,-6.4e-05,-0.00011,-3.1e-05,-0.000318,-0.00103,-0.001186,-0.0,-0.00095,-0.001771,-0.001929,-0.001931,-5.6e-05,-0.001934,-0.00014,-0.001843,-0.000947,-0.0,-0.000933,-0.002239,-0.00121,-0.001882,-0.001827,-0.001932,-0.000933,-0.000728,-0.000764,-9.2e-05,-0.000741,-0.001739,-0.001766,-0.00119
2017-05-31 12:17:00+02:00,-0.000383,-0.0,-0.002506,-0.003403,-0.002427,-0.001613,-0.001808,-0.001943,-0.002038,-0.001349,-0.000808,-0.000459,-0.002127,-0.002042,-0.001858,-0.00349,-0.002079,-0.000598,-0.001757,-0.00353,-0.0,-0.003515,-0.003356,-0.000813,-0.003486,-0.003525,-0.001929,-0.0,-0.001839,-0.001157,-0.000643,-0.002007,-0.0,-0.001952,-0.001942,-0.000636,-0.00287,-0.003341,-0.000492,-0.003595,-0.001928,-0.000818,-0.003292,-0.0,-0.002349,-0.003061,-0.001937,-0.002008,-0.001987,-0.0,-0.000886,-0.001992,-0.001961,-0.00209,-0.000597,-0.0,-0.002374,-0.000947,-0.0,-0.002843,-0.002005,-0.00353,-0.003398,-0.0,-0.002508,-0.003504,-0.001677,-0.002016,-0.0,-0.001667,-0.001931,-0.001205,-0.000857,-0.001943,-0.001979,-0.0,-0.002264,-0.000708,-0.003147,-0.000815,-0.001999,-0.000785,-0.003127,-0.003509,-0.002014,-0.002171,-0.002142,-0.000646,-0.000882,-0.000429,-0.001404,-0.001997,-0.002106,-0.0,-0.001865,-0.003403,-0.003531,-0.003536,-0.000762,-0.003538,-0.000973,-0.003452,-0.001948,-0.0,-0.001935,-0.003777,-0.002141,-0.003497,-0.003454,-0.003537,-0.001929,-0.001777,-0.0018,-0.001011,-0.002584,-0.003377,-0.003398,-0.002135
2017-05-31 12:18:00+02:00,-0.000307,-0.0,-0.002752,-0.004607,-0.002629,-0.001481,-0.002173,-0.002479,-0.002779,-0.001427,-0.000671,-0.000367,-0.002814,-0.002724,-0.002549,-0.004703,-0.002124,-0.000479,-0.001678,-0.004739,-0.0,-0.004717,-0.00421,-0.000651,-0.004661,-0.00473,-0.002413,-0.0,-0.002277,-0.001154,-0.000514,-0.002733,-0.0,-0.002652,-0.002616,-0.000509,-0.003427,-0.004141,-0.000393,-0.004791,-0.002429,-0.000655,-0.00409,-0.0,-0.002514,-0.003761,-0.00253,-0.00275,-0.002738,-0.0,-0.000779,-0.002721,-0.002681,-0.002762,-0.000477,-0.0,-0.002522,-0.000757,-0.0,-0.003309,-0.002741,-0.004729,-0.004614,-0.0,-0.002787,-0.004714,-0.001956,-0.002756,-0.0,-0.001939,-0.002454,-0.001234,-0.000749,-0.002645,-0.002646,-0.0,-0.002392,-0.000567,-0.003807,-0.000652,-0.002736,-0.000628,-0.003891,-0.004692,-0.002061,-0.00225,-0.002851,-0.000517,-0.000774,-0.000343,-0.001499,-0.002725,-0.002797,-0.0,-0.002555,-0.004436,-0.004736,-0.004744,-0.00061,-0.004745,-0.000907,-0.004666,-0.002515,-0.0,-0.00243,-0.004932,-0.002841,-0.004712,-0.004679,-0.004744,-0.002442,-0.002169,-0.002163,-0.000809,-0.002888,-0.004255,-0.004516,-0.002845
2017-05-31 12:19:00+02:00,-0.000245,-0.0,-0.002452,-0.005187,-0.002303,-0.001185,-0.002168,-0.002608,-0.003424,-0.001173,-0.000537,-0.000294,-0.003416,-0.003322,-0.002806,-0.005704,-0.001699,-0.000383,-0.001342,-0.005802,-0.0,-0.005772,-0.004401,-0.000521,-0.005692,-0.00579,-0.002503,-0.0,-0.002303,-0.000923,-0.000411,-0.003367,-0.0,-0.003265,-0.003208,-0.000407,-0.00333,-0.004284,-0.000315,-0.005843,-0.002533,-0.000524,-0.004227,-0.0,-0.002158,-0.003784,-0.002678,-0.003298,-0.003058,-0.0,-0.000624,-0.003335,-0.003279,-0.003353,-0.000382,-0.0,-0.002141,-0.000606,-0.0,-0.003185,-0.003352,-0.005782,-0.005069,-0.0,-0.002519,-0.005777,-0.001882,-0.003359,-0.0,-0.001859,-0.002569,-0.000987,-0.000599,-0.003259,-0.003232,-0.0,-0.001965,-0.000453,-0.003838,-0.000521,-0.003353,-0.000502,-0.003967,-0.00573,-0.001649,-0.001814,-0.003471,-0.000414,-0.000619,-0.000275,-0.001278,-0.00336,-0.003403,-0.0,-0.002938,-0.004715,-0.005795,-0.005806,-0.000488,-0.005807,-0.000726,-0.005439,-0.002662,-0.0,-0.002528,-0.005952,-0.003453,-0.005566,-0.005371,-0.005806,-0.002555,-0.002159,-0.002151,-0.000647,-0.002634,-0.004451,-0.004867,-0.003465
2017-05-31 12:20:00+02:00,-0.000196,-0.0,-0.002098,-0.00577,-0.001928,-0.000948,-0.002155,-0.002739,-0.004102,-0.000938,-0.00043,-0.000235,-0.004064,-0.003967,-0.00303,-0.00672,-0.001359,-0.000306,-0.001074,-0.006959,-0.0,-0.006917,-0.004611,-0.000416,-0.006799,-0.006943,-0.002593,-0.0,-0.002308,-0.000739,-0.000329,-0.004038,-0.0,-0.003921,-0.003847,-0.000326,-0.003143,-0.004444,-0.000252,-0.006992,-0.002638,-0.000419,-0.00436,-0.0,-0.001748,-0.00378,-0.002815,-0.003835,-0.003332,-0.0,-0.000499,-0.00394,-0.003872,-0.003992,-0.000306,-0.0,-0.001713,-0.000485,-0.0,-0.003041,-0.003952,-0.006925,-0.005529,-0.0,-0.002199,-0.006907,-0.001793,-0.00395,-0.0,-0.001762,-0.002676,-0.00079,-0.000479,-0.003901,-0.003866,-0.0,-0.001572,-0.000363,-0.003871,-0.000417,-0.003959,-0.000402,-0.004022,-0.006849,-0.001319,-0.001452,-0.004129,-0.000331,-0.000495,-0.00022,-0.001024,-0.004033,-0.004053,-0.0,-0.003323,-0.004937,-0.006946,-0.006962,-0.00039,-0.006963,-0.000581,-0.006221,-0.002801,-0.0,-0.002625,-0.007072,-0.004107,-0.006364,-0.006076,-0.006962,-0.00267,-0.002124,-0.002122,-0.000518,-0.00234,-0.004651,-0.005224,-0.004125
2017-05-31 12:21:00+02:00,-0.000157,-0.0,-0.00181,-0.006452,-0.001634,-0.000758,-0.002207,-0.002943,-0.004651,-0.000751,-0.000344,-0.000188,-0.004589,-0.00449,-0.003284,-0.007701,-0.001087,-0.000245,-0.000859,-0.007899,-0.0,-0.007847,-0.004946,-0.000333,-0.007698,-0.007879,-0.002755,-0.0,-0.002363,-0.000591,-0.000263,-0.004582,-0.0,-0.004453,-0.004366,-0.000261,-0.002995,-0.004729,-0.000201,-0.007926,-0.002815,-0.000335,-0.004591,-0.0,-0.001415,-0.00386,-0.003007,-0.004424,-0.003638,-0.0,-0.000399,-0.004503,-0.004436,-0.00451,-0.000244,-0.0,-0.00137,-0.000388,-0.0,-0.003,-0.00452,-0.007853,-0.006091,-0.0,-0.001947,-0.00785,-0.001763,-0.004523,-0.0,-0.001724,-0.002841,-0.000632,-0.000383,-0.004438,-0.004381,-0.0,-0.001258,-0.00029,-0.00402,-0.000334,-0.004526,-0.000322,-0.004163,-0.007758,-0.001055,-0.001161,-0.004661,-0.000265,-0.000396,-0.000176,-0.000819,-0.004578,-0.00458,-0.0,-0.003761,-0.005214,-0.007881,-0.007901,-0.000312,-0.007902,-0.000465,-0.007101,-0.002998,-0.0,-0.002794,-0.007982,-0.004637,-0.00721,-0.006879,-0.007901,-0.002857,-0.002136,-0.002144,-0.000414,-0.002134,-0.004953,-0.005679,-0.004659
2017-05-31 12:22:00+02:00,-0.000126,-0.0,-0.001448,-0.006529,-0.001307,-0.000607,-0.002067,-0.002896,-0.004944,-0.000601,-0.000275,-0.00015,-0.004862,-0.004762,-0.003233,-0.008055,-0.00087,-0.000196,-0.000687,-0.008374,-0.0,-0.008321,-0.004854,-0.000267,-0.008165,-0.008355,-0.002683,-0.0,-0.002196,-0.000473,-0.000211,-0.00487,-0.0,-0.004731,-0.004635,-0.000209,-0.002542,-0.004599,-0.000161,-0.008396,-0.002752,-0.000268,-0.004402,-0.0,-0.001132,-0.003566,-0.002924,-0.004598,-0.003609,-0.0,-0.000319,-0.004738,-0.004656,-0.004778,-0.000196,-0.0,-0.001096,-0.00031,-0.0,-0.002677,-0.00475,-0.008326,-0.006087,-0.0,-0.001558,-0.008304,-0.001573,-0.004744,-0.0,-0.001528,-0.00275,-0.000506,-0.000307,-0.004709,-0.004647,-0.0,-0.001006,-0.000232,-0.003809,-0.000267,-0.004757,-0.000257,-0.003909,-0.008228,-0.000844,-0.000929,-0.004941,-0.000212,-0.000317,-0.000141,-0.000655,-0.004867,-0.004855,-0.0,-0.003838,-0.005006,-0.008355,-0.008375,-0.00025,-0.008377,-0.000372,-0.007291,-0.002927,-0.0,-0.002727,-0.008437,-0.004914,-0.007349,-0.007015,-0.008376,-0.002801,-0.001944,-0.001967,-0.000331,-0.001714,-0.0048,-0.005604,-0.00494
2017-05-31 12:23:00+02:00,-0.0001,-0.0,-0.001159,-0.003459,-0.001046,-0.000485,-0.00169,-0.001757,-0.001757,-0.00048,-0.00022,-0.00012,-0.001751,-0.001748,-0.001744,-0.003457,-0.000696,-0.000157,-0.00055,-0.003457,-0.0,-0.003459,-0.003459,-0.000213,-0.003457,-0.003457,-0.001755,-0.0,-0.001757,-0.000378,-0.000168,-0.001754,-0.0,-0.001748,-0.001744,-0.000167,-0.002033,-0.003457,-0.000129,-0.003457,-0.001756,-0.000215,-0.003459,-0.0,-0.000905,-0.002901,-0.001755,-0.001757,-0.001757,-0.0,-0.000255,-0.001754,-0.001751,-0.001748,-0.000156,-0.0,-0.000877,-0.000248,-0.0,-0.002145,-0.001756,-0.003459,-0.003459,-0.0,-0.001246,-0.003457,-0.00126,-0.001757,-0.0,-0.001222,-0.001756,-0.000404,-0.000245,-0.001748,-0.001744,-0.0,-0.000805,-0.000186,-0.003145,-0.000214,-0.001756,-0.000206,-0.003207,-0.003459,-0.000675,-0.000743,-0.001755,-0.000169,-0.000254,-0.000112,-0.000524,-0.001754,-0.001751,-0.0,-0.001744,-0.003457,-0.003459,-0.003457,-0.0002,-0.003457,-0.000297,-0.003459,-0.001757,-0.0,-0.001757,-0.003457,-0.001754,-0.003457,-0.003457,-0.003457,-0.001756,-0.001568,-0.001592,-0.000265,-0.001371,-0.003457,-0.003457,-0.001756
2017-05-31 12:24:00+02:00,-8e-05,-0.0,-0.000927,-0.002767,-0.000836,-0.000388,-0.001352,-0.001405,-0.001405,-0.000384,-0.000176,-9.6e-05,-0.001401,-0.001398,-0.001396,-0.002766,-0.000557,-0.000125,-0.00044,-0.002766,-0.0,-0.002767,-0.002767,-0.000171,-0.002766,-0.002766,-0.001404,-0.0,-0.001405,-0.000303,-0.000135,-0.001403,-0.0,-0.001398,-0.001396,-0.000133,-0.001627,-0.002766,-0.000103,-0.002766,-0.001405,-0.000172,-0.002767,-0.0,-0.000724,-0.002321,-0.001404,-0.001405,-0.001405,-0.0,-0.000204,-0.001403,-0.001401,-0.001398,-0.000125,-0.0,-0.000702,-0.000199,-0.0,-0.001716,-0.001405,-0.002767,-0.002767,-0.0,-0.000997,-0.002766,-0.001008,-0.001405,-0.0,-0.000978,-0.001405,-0.000324,-0.000196,-0.001398,-0.001396,-0.0,-0.000644,-0.000149,-0.002516,-0.000171,-0.001405,-0.000165,-0.002565,-0.002767,-0.00054,-0.000595,-0.001404,-0.000136,-0.000203,-9e-05,-0.000419,-0.001403,-0.001401,-0.0,-0.001396,-0.002766,-0.002767,-0.002766,-0.00016,-0.002766,-0.000238,-0.002767,-0.001405,-0.0,-0.001405,-0.002766,-0.001403,-0.002766,-0.002766,-0.002766,-0.001405,-0.001254,-0.001274,-0.000212,-0.001097,-0.002766,-0.002766,-0.001405
2017-05-31 12:25:00+02:00,-6.4e-05,-0.0,-0.000741,-0.002214,-0.000669,-0.000311,-0.001082,-0.001124,-0.001139,-0.000307,-0.000141,-7.7e-05,-0.001245,-0.001207,-0.001116,-0.002213,-0.000445,-0.0001,-0.000352,-0.002213,-0.0,-0.002214,-0.002214,-0.000136,-0.002236,-0.002217,-0.001123,-0.0,-0.001124,-0.000242,-0.000108,-0.001125,-0.0,-0.001119,-0.001161,-0.000107,-0.001301,-0.002213,-8.2e-05,-0.002297,-0.001124,-0.000137,-0.002214,-0.0,-0.000579,-0.001857,-0.001123,-0.001124,-0.001124,-0.0,-0.000163,-0.001123,-0.001121,-0.001239,-0.0001,-0.0,-0.000561,-0.000159,-0.0,-0.001373,-0.001124,-0.002257,-0.002214,-0.0,-0.000798,-0.002213,-0.000806,-0.001124,-0.0,-0.000782,-0.001124,-0.000259,-0.000157,-0.001119,-0.001189,-0.0,-0.000515,-0.000119,-0.002013,-0.000137,-0.001124,-0.000132,-0.002052,-0.002259,-0.000432,-0.000476,-0.001229,-0.000108,-0.000162,-7.2e-05,-0.000336,-0.001123,-0.001231,-0.0,-0.001116,-0.002213,-0.002227,-0.002227,-0.000128,-0.002213,-0.00019,-0.002214,-0.001124,-0.0,-0.001124,-0.002428,-0.001241,-0.002213,-0.002213,-0.002228,-0.001124,-0.001003,-0.001019,-0.00017,-0.000877,-0.002213,-0.002213,-0.001228
2017-05-31 12:26:00+02:00,-5.1e-05,-0.0,-0.001071,-0.002993,-0.000967,-0.000406,-0.001288,-0.00143,-0.001946,-0.000466,-0.00015,-6.2e-05,-0.002006,-0.001959,-0.00154,-0.003245,-0.000668,-8e-05,-0.000486,-0.003305,-0.0,-0.003292,-0.00267,-0.000109,-0.003529,-0.00341,-0.001399,-0.0,-0.001377,-0.00035,-8.6e-05,-0.001895,-0.0,-0.001822,-0.001902,-8.5e-05,-0.00175,-0.002634,-6.6e-05,-0.003601,-0.001411,-0.00011,-0.002651,-0.0,-0.000865,-0.002281,-0.001473,-0.001709,-0.001612,-0.0,-0.000198,-0.001742,-0.001746,-0.001985,-8e-05,-0.0,-0.000854,-0.000127,-0.0,-0.001723,-0.001745,-0.003564,-0.00292,-0.0,-0.001136,-0.003308,-0.001008,-0.001741,-0.0,-0.000985,-0.001434,-0.000383,-0.000192,-0.001743,-0.001924,-0.0,-0.000787,-9.5e-05,-0.002375,-0.000109,-0.001767,-0.000105,-0.002484,-0.003555,-0.000641,-0.000724,-0.002008,-8.7e-05,-0.000192,-5.8e-05,-0.0005,-0.001822,-0.001995,-0.0,-0.0016,-0.002817,-0.003438,-0.003442,-0.000102,-0.003457,-0.000249,-0.00311,-0.001459,-0.0,-0.001409,-0.003704,-0.002013,-0.003183,-0.003061,-0.003445,-0.001417,-0.001247,-0.001247,-0.000136,-0.001206,-0.002702,-0.002845,-0.00201
2017-05-31 12:27:00+02:00,-4.1e-05,-0.0,-0.002045,-0.00475,-0.001874,-0.000896,-0.002004,-0.002323,-0.002941,-0.000939,-0.000338,-4.9e-05,-0.002964,-0.00291,-0.00255,-0.004991,-0.001405,-6.4e-05,-0.001052,-0.005044,-0.0,-0.005019,-0.004159,-8.7e-05,-0.00516,-0.005123,-0.002244,-0.0,-0.002153,-0.000733,-0.000169,-0.002887,-0.0,-0.0028,-0.00284,-6.8e-05,-0.002986,-0.004074,-5.3e-05,-0.00528,-0.002274,-8.8e-05,-0.004091,-0.0,-0.001734,-0.003611,-0.002413,-0.002746,-0.002674,-0.0,-0.000441,-0.002765,-0.002757,-0.002931,-0.000157,-0.0,-0.001736,-0.000155,-0.0,-0.002876,-0.002772,-0.005236,-0.004708,-0.0,-0.002126,-0.005041,-0.001662,-0.002771,-0.0,-0.001637,-0.002329,-0.000789,-0.000411,-0.002737,-0.002858,-0.0,-0.001607,-7.6e-05,-0.003673,-8.7e-05,-0.00279,-8.4e-05,-0.003853,-0.0052,-0.001349,-0.001512,-0.002979,-0.000169,-0.000419,-4.6e-05,-0.001003,-0.002829,-0.002956,-0.0,-0.002599,-0.004489,-0.00514,-0.005151,-8.2e-05,-0.005165,-0.00053,-0.004873,-0.002394,-0.0,-0.002267,-0.005358,-0.002982,-0.004944,-0.004849,-0.005155,-0.002291,-0.001986,-0.001979,-0.000213,-0.002225,-0.004244,-0.004598,-0.002985
2017-05-31 12:28:00+02:00,-3.3e-05,-0.0,-0.002214,-0.005286,-0.002022,-0.000771,-0.002189,-0.00262,-0.003231,-0.00098,-0.000271,-3.9e-05,-0.003228,-0.003171,-0.002866,-0.005487,-0.001431,-5.1e-05,-0.000972,-0.00553,-0.0,-0.005508,-0.00462,-7e-05,-0.005609,-0.005592,-0.002509,-0.0,-0.002364,-0.000724,-0.000135,-0.003176,-0.0,-0.003083,-0.003097,-5.5e-05,-0.003266,-0.004492,-4.2e-05,-0.005719,-0.002552,-7e-05,-0.00451,-0.0,-0.00186,-0.003953,-0.002728,-0.00307,-0.003017,-0.0,-0.000353,-0.003078,-0.003062,-0.003188,-0.000126,-0.0,-0.001848,-0.000124,-0.0,-0.003138,-0.00309,-0.005681,-0.005256,-0.0,-0.002316,-0.005526,-0.001815,-0.00309,-0.0,-0.001789,-0.002619,-0.00079,-0.000329,-0.003033,-0.003112,-0.0,-0.001675,-6.1e-05,-0.004008,-7e-05,-0.003104,-6.7e-05,-0.004225,-0.005646,-0.001376,-0.001567,-0.003252,-0.000135,-0.000335,-3.7e-05,-0.001072,-0.003129,-0.003221,-0.0,-0.002905,-0.005006,-0.005605,-0.005615,-6.5e-05,-0.005627,-0.000454,-0.005391,-0.00271,-0.0,-0.002542,-0.00578,-0.003252,-0.005449,-0.005374,-0.005619,-0.002576,-0.002178,-0.002171,-0.000171,-0.002418,-0.004714,-0.005172,-0.00326
2017-05-31 12:29:00+02:00,-2.6e-05,-0.0,-0.001771,-0.004723,-0.001618,-0.000617,-0.001751,-0.002198,-0.003216,-0.000784,-0.000217,-3.2e-05,-0.003538,-0.003372,-0.00249,-0.005179,-0.001145,-4.1e-05,-0.000778,-0.005331,-0.0,-0.005299,-0.003864,-5.6e-05,-0.005538,-0.005456,-0.002076,-0.0,-0.001891,-0.000579,-0.000108,-0.003126,-0.0,-0.002986,-0.003164,-4.4e-05,-0.002613,-0.003715,-3.4e-05,-0.005819,-0.002123,-5.6e-05,-0.003727,-0.0,-0.001488,-0.003163,-0.002301,-0.002881,-0.002652,-0.0,-0.000282,-0.002936,-0.002909,-0.003485,-0.000101,-0.0,-0.001478,-9.9e-05,-0.0,-0.00251,-0.002943,-0.005658,-0.004607,-0.0,-0.001853,-0.005286,-0.001452,-0.002936,-0.0,-0.001431,-0.002189,-0.000632,-0.000263,-0.00292,-0.003265,-0.0,-0.00134,-4.9e-05,-0.003206,-5.6e-05,-0.002954,-5.4e-05,-0.003415,-0.005629,-0.001101,-0.001253,-0.003507,-0.000108,-0.000268,-2.9e-05,-0.000858,-0.003046,-0.003491,-0.0,-0.002633,-0.004215,-0.00549,-0.005503,-5.2e-05,-0.005472,-0.000363,-0.004941,-0.00229,-0.0,-0.002109,-0.00627,-0.003545,-0.005002,-0.004867,-0.005509,-0.002149,-0.001742,-0.001737,-0.000136,-0.001934,-0.003949,-0.004448,-0.003512
2017-05-31 12:30:00+02:00,-2.1e-05,-0.0,-0.001815,-0.005608,-0.001633,-0.000494,-0.001945,-0.002518,-0.003965,-0.000716,-0.000173,-2.5e-05,-0.004201,-0.004052,-0.002895,-0.006488,-0.000974,-3.3e-05,-0.000622,-0.006683,-0.0,-0.006644,-0.004395,-4.5e-05,-0.006786,-0.006779,-0.002365,-0.0,-0.002104,-0.000463,-8.7e-05,-0.00388,-0.0,-0.003743,-0.003862,-3.5e-05,-0.002816,-0.004207,-2.7e-05,-0.007074,-0.002424,-4.5e-05,-0.004198,-0.0,-0.001467,-0.003522,-0.002627,-0.003589,-0.003112,-0.0,-0.000226,-0.00371,-0.003665,-0.004142,-8e-05,-0.0,-0.001431,-7.9e-05,-0.0,-0.002747,-0.003713,-0.006931,-0.005375,-0.0,-0.001923,-0.006642,-0.001583,-0.003696,-0.0,-0.001556,-0.002496,-0.00051,-0.000211,-0.00369,-0.003943,-0.0,-0.001223,-3.9e-05,-0.003595,-4.5e-05,-0.003723,-4.3e-05,-0.003815,-0.006877,-0.000939,-0.001124,-0.004186,-8.7e-05,-0.000215,-2.4e-05,-0.000838,-0.003817,-0.004163,-0.0,-0.003187,-0.004764,-0.006798,-0.006817,-4.2e-05,-0.006796,-0.000291,-0.006024,-0.002622,-0.0,-0.002405,-0.00743,-0.004216,-0.006113,-0.005874,-0.006825,-0.002457,-0.00192,-0.001925,-0.000109,-0.002034,-0.004484,-0.005106,-0.004195
2017-05-31 12:31:00+02:00,-1.7e-05,-0.0,-0.001915,-0.006803,-0.001713,-0.000395,-0.002241,-0.002978,-0.004563,-0.000653,-0.000139,-2e-05,-0.004732,-0.004598,-0.003431,-0.007618,-0.000801,-2.6e-05,-0.000498,-0.007779,-0.0,-0.007735,-0.00518,-3.6e-05,-0.007802,-0.007851,-0.002783,-0.0,-0.002412,-0.000371,-6.9e-05,-0.004485,-0.0,-0.004351,-0.004424,-2.8e-05,-0.003108,-0.004938,-2.2e-05,-0.008091,-0.002858,-3.6e-05,-0.004881,-0.0,-0.001498,-0.004045,-0.003081,-0.004257,-0.003713,-0.0,-0.000181,-0.004349,-0.004304,-0.00467,-6.4e-05,-0.0,-0.001414,-6.3e-05,-0.0,-0.003124,-0.004356,-0.007964,-0.006432,-0.0,-0.002058,-0.007742,-0.001791,-0.004342,-0.0,-0.001756,-0.002923,-0.000408,-0.000169,-0.004309,-0.004489,-0.0,-0.001117,-3.1e-05,-0.004182,-3.6e-05,-0.004364,-3.5e-05,-0.004399,-0.007893,-0.000791,-0.001003,-0.00473,-6.9e-05,-0.000172,-1.9e-05,-0.000845,-0.004434,-0.004702,-0.0,-0.003884,-0.005526,-0.007858,-0.007881,-3.4e-05,-0.007869,-0.000232,-0.007239,-0.003083,-0.0,-0.002833,-0.008372,-0.004753,-0.007318,-0.007131,-0.007892,-0.002901,-0.002181,-0.002199,-8.7e-05,-0.002225,-0.005249,-0.006033,-0.004742
2017-05-31 12:32:00+02:00,-1.3e-05,-0.0,-0.001532,-0.00713,-0.00137,-0.000316,-0.002175,-0.003032,-0.004994,-0.000522,-0.000111,-1.6e-05,-0.005109,-0.004986,-0.003511,-0.008401,-0.000641,-2.1e-05,-0.000398,-0.008556,-0.0,-0.00851,-0.005257,-2.9e-05,-0.008524,-0.00861,-0.002807,-0.0,-0.002325,-0.000296,-5.5e-05,-0.004921,-0.0,-0.004789,-0.004825,-2.2e-05,-0.002761,-0.004971,-1.7e-05,-0.008806,-0.002894,-2.9e-05,-0.004863,-0.0,-0.001199,-0.003879,-0.003101,-0.00467,-0.003829,-0.0,-0.000144,-0.004812,-0.004763,-0.005044,-5.1e-05,-0.0,-0.001131,-5.1e-05,-0.0,-0.0029,-0.004823,-0.008693,-0.006653,-0.0,-0.001655,-0.008522,-0.00166,-0.004812,-0.0,-0.001618,-0.002942,-0.000326,-0.000135,-0.004755,-0.004876,-0.0,-0.000894,-2.5e-05,-0.004109,-2.9e-05,-0.00483,-2.8e-05,-0.00428,-0.008612,-0.000633,-0.000803,-0.005116,-5.5e-05,-0.000137,-1.5e-05,-0.000676,-0.00488,-0.005085,-0.0,-0.004117,-0.00551,-0.008608,-0.008634,-2.7e-05,-0.008628,-0.000186,-0.007763,-0.003125,-0.0,-0.002863,-0.009027,-0.005136,-0.007822,-0.007558,-0.008646,-0.002943,-0.00206,-0.002104,-7e-05,-0.001865,-0.005284,-0.006153,-0.005132
2017-05-31 12:33:00+02:00,-1.1e-05,-0.0,-0.001225,-0.006863,-0.001096,-0.000253,-0.00195,-0.002858,-0.005156,-0.000418,-8.9e-05,-1.3e-05,-0.005228,-0.005114,-0.00331,-0.008372,-0.000513,-1.7e-05,-0.000319,-0.008735,-0.0,-0.008674,-0.00494,-2.3e-05,-0.008783,-0.008858,-0.002621,-0.0,-0.002057,-0.000237,-4.4e-05,-0.005078,-0.0,-0.004864,-0.004964,-1.8e-05,-0.002209,-0.004632,-1.4e-05,-0.009037,-0.002713,-2.3e-05,-0.004476,-0.0,-0.000959,-0.003408,-0.002876,-0.004659,-0.003637,-0.0,-0.000116,-0.004852,-0.004763,-0.00516,-4.1e-05,-0.0,-0.000905,-4.1e-05,-0.0,-0.002466,-0.004857,-0.008942,-0.006333,-0.0,-0.001324,-0.008593,-0.001411,-0.004835,-0.0,-0.001364,-0.002736,-0.000261,-0.000108,-0.004838,-0.005005,-0.0,-0.000715,-2e-05,-0.003731,-2.3e-05,-0.004837,-2.2e-05,-0.003828,-0.008863,-0.000506,-0.000642,-0.005242,-4.4e-05,-0.00011,-1.2e-05,-0.000541,-0.004995,-0.005208,-0.0,-0.003996,-0.005069,-0.008873,-0.008898,-2.1e-05,-0.008818,-0.000149,-0.007595,-0.002928,-0.0,-0.00268,-0.009212,-0.005259,-0.007633,-0.007332,-0.00891,-0.002765,-0.001779,-0.001852,-5.6e-05,-0.001492,-0.004914,-0.005782,-0.005262
2017-05-31 12:34:00+02:00,-9e-06,-0.0,-0.00098,-0.006104,-0.000877,-0.000202,-0.00161,-0.002494,-0.004848,-0.000334,-7.1e-05,-1e-05,-0.004776,-0.00471,-0.002877,-0.007651,-0.00041,-1.3e-05,-0.000255,-0.008121,-0.0,-0.008057,-0.004303,-1.8e-05,-0.008243,-0.008262,-0.002264,-0.0,-0.001667,-0.00019,-3.5e-05,-0.004733,-0.0,-0.004489,-0.00462,-1.4e-05,-0.001767,-0.003998,-1.1e-05,-0.008341,-0.002353,-1.8e-05,-0.003803,-0.0,-0.000767,-0.002739,-0.002462,-0.004263,-0.003184,-0.0,-9.2e-05,-0.004474,-0.004361,-0.00471,-3.3e-05,-0.0,-0.000724,-3.2e-05,-0.0,-0.001972,-0.004476,-0.008327,-0.005574,-0.0,-0.001059,-0.007913,-0.001129,-0.004449,-0.0,-0.001091,-0.002346,-0.000209,-8.6e-05,-0.004487,-0.00462,-0.0,-0.000572,-1.6e-05,-0.003126,-1.8e-05,-0.004434,-1.8e-05,-0.003146,-0.008289,-0.000405,-0.000514,-0.004811,-3.5e-05,-8.8e-05,-1e-05,-0.000433,-0.004643,-0.004776,-0.0,-0.003576,-0.004298,-0.008301,-0.008325,-1.7e-05,-0.008173,-0.000119,-0.006843,-0.002532,-0.0,-0.00232,-0.008338,-0.004821,-0.006848,-0.006562,-0.008337,-0.002403,-0.001423,-0.001489,-4.5e-05,-0.001194,-0.004223,-0.005027,-0.004848
2017-05-31 12:35:00+02:00,-7e-06,-0.0,-0.000784,-0.005212,-0.000701,-0.000162,-0.001288,-0.002082,-0.004079,-0.000267,-5.7e-05,-8e-06,-0.004008,-0.003955,-0.002399,-0.006684,-0.000328,-1.1e-05,-0.000204,-0.007063,-0.0,-0.007058,-0.00359,-1.5e-05,-0.007021,-0.007061,-0.00187,-0.0,-0.001334,-0.000152,-2.8e-05,-0.004044,-0.0,-0.003942,-0.003886,-1.1e-05,-0.001414,-0.003305,-9e-06,-0.007063,-0.001952,-1.5e-05,-0.003089,-0.0,-0.000614,-0.002191,-0.002023,-0.003717,-0.002672,-0.0,-7.4e-05,-0.003925,-0.003812,-0.003955,-2.6e-05,-0.0,-0.000579,-2.6e-05,-0.0,-0.001578,-0.003924,-0.007058,-0.004714,-0.0,-0.000847,-0.006953,-0.000903,-0.003896,-0.0,-0.000873,-0.001923,-0.000167,-6.9e-05,-0.003953,-0.003886,-0.0,-0.000458,-1.3e-05,-0.002501,-1.5e-05,-0.003878,-1.4e-05,-0.002517,-0.007037,-0.000324,-0.000411,-0.004034,-2.8e-05,-7e-05,-8e-06,-0.000346,-0.004044,-0.004008,-0.0,-0.003068,-0.003497,-0.007054,-0.00706,-1.4e-05,-0.007063,-9.5e-05,-0.005909,-0.002094,-0.0,-0.001921,-0.007061,-0.004044,-0.005883,-0.005635,-0.007063,-0.001998,-0.001139,-0.001191,-3.6e-05,-0.000955,-0.003473,-0.0042,-0.004067
2017-05-31 12:36:00+02:00,-6e-06,-0.0,-0.000627,-0.004538,-0.000561,-0.000129,-0.00103,-0.001747,-0.003865,-0.000214,-4.5e-05,-7e-06,-0.004191,-0.004016,-0.002041,-0.006041,-0.000262,-9e-06,-0.000163,-0.006554,-0.0,-0.006532,-0.003008,-1.2e-05,-0.00664,-0.006564,-0.001539,-0.0,-0.001067,-0.000121,-2.3e-05,-0.003789,-0.0,-0.003641,-0.003794,-9e-06,-0.001131,-0.002722,-7e-06,-0.006906,-0.001619,-1.2e-05,-0.002475,-0.0,-0.000491,-0.001753,-0.001641,-0.003369,-0.002297,-0.0,-5.9e-05,-0.003591,-0.003446,-0.004133,-2.1e-05,-0.0,-0.000463,-2.1e-05,-0.0,-0.001262,-0.003586,-0.006747,-0.004037,-0.0,-0.000678,-0.006341,-0.000723,-0.003555,-0.0,-0.000699,-0.001568,-0.000134,-5.5e-05,-0.003643,-0.003898,-0.0,-0.000366,-1e-05,-0.002001,-1.2e-05,-0.003507,-1.1e-05,-0.002013,-0.006728,-0.000259,-0.000329,-0.004145,-2.3e-05,-5.6e-05,-6e-06,-0.000277,-0.003722,-0.004143,-0.0,-0.002697,-0.002846,-0.006584,-0.006594,-1.1e-05,-0.006584,-7.6e-05,-0.005244,-0.001736,-0.0,-0.001586,-0.007379,-0.004201,-0.00526,-0.004959,-0.006601,-0.001664,-0.000911,-0.000953,-2.9e-05,-0.000764,-0.002851,-0.003521,-0.00417
2017-05-31 12:37:00+02:00,-4e-06,-0.0,-0.001238,-0.005307,-0.001147,-0.000241,-0.001542,-0.002314,-0.004064,-0.000453,-3.6e-05,-5e-06,-0.00431,-0.004158,-0.002561,-0.006517,-0.000636,-7e-06,-0.000355,-0.006927,-0.0,-0.006908,-0.003992,-9e-06,-0.006983,-0.006935,-0.002094,-0.0,-0.001585,-0.000295,-1.8e-05,-0.003996,-0.0,-0.003858,-0.003964,-7e-06,-0.001903,-0.003693,-6e-06,-0.007209,-0.002183,-9e-06,-0.00346,-0.0,-0.001033,-0.002639,-0.002212,-0.003663,-0.002809,-0.0,-8.2e-05,-0.003838,-0.003714,-0.004251,-1.7e-05,-0.0,-0.00097,-1.7e-05,-0.0,-0.002071,-0.003838,-0.00708,-0.004909,-0.0,-0.00132,-0.006757,-0.001183,-0.003811,-0.0,-0.001159,-0.002144,-0.000311,-4.4e-05,-0.00386,-0.004047,-0.0,-0.000778,-8e-06,-0.002928,-9e-06,-0.003775,-9e-06,-0.002934,-0.007058,-0.000644,-0.000747,-0.004277,-1.8e-05,-4.5e-05,-5e-06,-0.000583,-0.003943,-0.004271,-0.0,-0.003086,-0.003873,-0.006948,-0.006958,-9e-06,-0.006952,-0.000122,-0.005878,-0.002317,-0.0,-0.002152,-0.007587,-0.004325,-0.005891,-0.005651,-0.006965,-0.002231,-0.001402,-0.001465,-2.3e-05,-0.001442,-0.003851,-0.004501,-0.004306
2017-05-31 12:38:00+02:00,-4e-06,-0.0,-0.00099,-0.00466,-0.000918,-0.000193,-0.001299,-0.001995,-0.002872,-0.000362,-2.9e-05,-4e-06,-0.002845,-0.002824,-0.002223,-0.005307,-0.000509,-6e-06,-0.000284,-0.005307,-0.0,-0.005307,-0.003457,-8e-06,-0.005304,-0.005307,-0.001799,-0.0,-0.001325,-0.000236,-1.5e-05,-0.002859,-0.0,-0.002824,-0.002796,-6e-06,-0.001523,-0.003187,-5e-06,-0.005307,-0.001879,-8e-06,-0.00298,-0.0,-0.000826,-0.002204,-0.001896,-0.002864,-0.002442,-0.0,-6.5e-05,-0.002859,-0.002845,-0.002824,-1.3e-05,-0.0,-0.000776,-1.3e-05,-0.0,-0.001696,-0.002869,-0.005307,-0.004285,-0.0,-0.001056,-0.005307,-0.000967,-0.002864,-0.0,-0.000944,-0.001844,-0.000248,-3.5e-05,-0.002824,-0.002796,-0.0,-0.000622,-7e-06,-0.002494,-8e-06,-0.002869,-7e-06,-0.002478,-0.005306,-0.000515,-0.000598,-0.002852,-1.5e-05,-3.6e-05,-4e-06,-0.000466,-0.002859,-0.002845,-0.0,-0.002706,-0.003336,-0.005307,-0.005307,-7e-06,-0.005307,-9.8e-05,-0.005195,-0.001998,-0.0,-0.00185,-0.005307,-0.002859,-0.00522,-0.004977,-0.005307,-0.001921,-0.001156,-0.001226,-1.8e-05,-0.001153,-0.00333,-0.0039,-0.002869
2017-05-31 12:39:00+02:00,-3e-06,-0.0,-0.000792,-0.003728,-0.000734,-0.000154,-0.001039,-0.001596,-0.002413,-0.00029,-2.3e-05,-3e-06,-0.002617,-0.002526,-0.001778,-0.004246,-0.000407,-4e-06,-0.000227,-0.004351,-0.0,-0.004342,-0.002766,-6e-06,-0.004434,-0.00434,-0.001439,-0.0,-0.00106,-0.000189,-1.2e-05,-0.002374,-0.0,-0.002307,-0.002408,-5e-06,-0.001218,-0.00255,-4e-06,-0.00456,-0.001503,-6e-06,-0.002384,-0.0,-0.000661,-0.001763,-0.001517,-0.002291,-0.001954,-0.0,-5.2e-05,-0.002308,-0.002276,-0.002593,-1.1e-05,-0.0,-0.000621,-1.1e-05,-0.0,-0.001357,-0.002312,-0.00447,-0.003428,-0.0,-0.000845,-0.004253,-0.000774,-0.002303,-0.0,-0.000755,-0.001475,-0.000199,-2.8e-05,-0.002303,-0.00247,-0.0,-0.000498,-5e-06,-0.001995,-6e-06,-0.002295,-6e-06,-0.001982,-0.004473,-0.000412,-0.000478,-0.002584,-1.2e-05,-2.9e-05,-3e-06,-0.000373,-0.00232,-0.00259,-0.0,-0.002165,-0.002669,-0.004358,-0.00436,-6e-06,-0.004369,-7.8e-05,-0.004156,-0.001599,-0.0,-0.00148,-0.004836,-0.002618,-0.004176,-0.003982,-0.004361,-0.001536,-0.000925,-0.000981,-1.5e-05,-0.000923,-0.002664,-0.00312,-0.002597
2017-05-31 12:40:00+02:00,-2e-06,-0.0,-0.002052,-0.005333,-0.001914,-0.000812,-0.001978,-0.002631,-0.003289,-0.000879,-0.000266,-3e-06,-0.00344,-0.003354,-0.002737,-0.005776,-0.001363,-4e-06,-0.000977,-0.005862,-0.0,-0.005847,-0.004577,-5e-06,-0.005883,-0.005851,-0.002473,-0.0,-0.002043,-0.00069,-0.000138,-0.003252,-0.0,-0.003179,-0.003241,-4e-06,-0.002795,-0.004373,-3e-06,-0.00603,-0.002555,-5e-06,-0.004244,-0.0,-0.001787,-0.003465,-0.002561,-0.003187,-0.002922,-0.0,-0.00038,-0.0032,-0.003167,-0.003408,-0.00013,-0.0,-0.001747,-6.3e-05,-0.0,-0.002871,-0.003208,-0.005949,-0.005106,-0.0,-0.002133,-0.005781,-0.001629,-0.003197,-0.0,-0.001612,-0.002538,-0.000709,-0.000314,-0.003176,-0.00329,-0.0,-0.001519,-4e-06,-0.003705,-5e-06,-0.003194,-5e-06,-0.003737,-0.00593,-0.001344,-0.001497,-0.003415,-0.000137,-0.000323,-3e-06,-0.001017,-0.00321,-0.003418,-0.0,-0.003046,-0.004514,-0.005853,-0.005863,-4e-06,-0.005877,-0.000439,-0.005698,-0.002633,-0.0,-0.002532,-0.006248,-0.003447,-0.005716,-0.005565,-0.00587,-0.002587,-0.001864,-0.001943,-0.000126,-0.002245,-0.004511,-0.004875,-0.003435
2017-05-31 12:41:00+02:00,-2e-06,-0.0,-0.00228,-0.006638,-0.00209,-0.000649,-0.00234,-0.003135,-0.00401,-0.000881,-0.000213,-2e-06,-0.004118,-0.004037,-0.003414,-0.007024,-0.001299,-3e-06,-0.000782,-0.007095,-0.0,-0.007074,-0.00544,-4e-06,-0.00706,-0.007084,-0.002935,-0.0,-0.002441,-0.000606,-0.00011,-0.003975,-0.0,-0.003897,-0.003927,-3e-06,-0.003286,-0.005182,-2e-06,-0.007229,-0.003033,-4e-06,-0.005068,-0.0,-0.001909,-0.004135,-0.003097,-0.003924,-0.003662,-0.0,-0.000304,-0.003933,-0.003899,-0.00408,-0.000104,-0.0,-0.001847,-5.1e-05,-0.0,-0.003359,-0.003944,-0.007156,-0.006324,-0.0,-0.002399,-0.007028,-0.001905,-0.003931,-0.0,-0.001883,-0.003047,-0.00064,-0.000251,-0.003894,-0.003966,-0.0,-0.001521,-3e-06,-0.004392,-4e-06,-0.003933,-4e-06,-0.004469,-0.007115,-0.001279,-0.001487,-0.004099,-0.00011,-0.000259,-2e-06,-0.001081,-0.003941,-0.0041,-0.0,-0.003771,-0.005509,-0.007069,-0.007088,-4e-06,-0.007107,-0.000351,-0.006955,-0.003177,-0.0,-0.003006,-0.007402,-0.004131,-0.00697,-0.006856,-0.007102,-0.003075,-0.002216,-0.002309,-0.000101,-0.002541,-0.005417,-0.00596,-0.004126
2017-05-31 12:42:00+02:00,-1e-06,-0.0,-0.001877,-0.006493,-0.001686,-0.000519,-0.00215,-0.002957,-0.004063,-0.000705,-0.00017,-2e-06,-0.004138,-0.004063,-0.003274,-0.007094,-0.001039,-2e-06,-0.000625,-0.007151,-0.0,-0.007133,-0.005124,-3e-06,-0.007114,-0.007142,-0.002751,-0.0,-0.002263,-0.000485,-8.8e-05,-0.004031,-0.0,-0.003951,-0.003961,-2e-06,-0.002904,-0.004852,-2e-06,-0.007258,-0.002849,-3e-06,-0.004747,-0.0,-0.001527,-0.003817,-0.002939,-0.003988,-0.003533,-0.0,-0.000243,-0.003997,-0.003963,-0.004098,-8.3e-05,-0.0,-0.001477,-4.1e-05,-0.0,-0.003005,-0.00401,-0.007198,-0.006123,-0.0,-0.00201,-0.007097,-0.001706,-0.003996,-0.0,-0.001681,-0.00287,-0.000512,-0.000201,-0.003949,-0.003992,-0.0,-0.001217,-3e-06,-0.004059,-3e-06,-0.004002,-3e-06,-0.004162,-0.007161,-0.001023,-0.00119,-0.004124,-8.8e-05,-0.000207,-2e-06,-0.000864,-0.004003,-0.004124,-0.0,-0.003719,-0.005196,-0.007128,-0.007144,-3e-06,-0.00716,-0.000281,-0.00692,-0.003008,-0.0,-0.002822,-0.007374,-0.004155,-0.006918,-0.006762,-0.007156,-0.002894,-0.002033,-0.002117,-8.1e-05,-0.002156,-0.005103,-0.005711,-0.004156
2017-05-31 12:43:00+02:00,-1e-06,-0.0,-0.001502,-0.005244,-0.001349,-0.000416,-0.00172,-0.002366,-0.003619,-0.000564,-0.000136,-1e-06,-0.004046,-0.003863,-0.00262,-0.006051,-0.000831,-2e-06,-0.0005,-0.006214,-0.0,-0.006186,-0.004099,-2e-06,-0.006311,-0.006306,-0.002201,-0.0,-0.001811,-0.000388,-7.1e-05,-0.003549,-0.0,-0.003424,-0.003625,-2e-06,-0.002324,-0.003882,-1e-06,-0.006634,-0.00228,-2e-06,-0.003798,-0.0,-0.001222,-0.003054,-0.002351,-0.003361,-0.002827,-0.0,-0.000195,-0.003423,-0.00339,-0.004,-6.6e-05,-0.0,-0.001182,-3.2e-05,-0.0,-0.002404,-0.003429,-0.006442,-0.004898,-0.0,-0.001608,-0.006137,-0.001365,-0.003408,-0.0,-0.001345,-0.002296,-0.00041,-0.000161,-0.003416,-0.003749,-0.0,-0.000973,-2e-06,-0.003247,-2e-06,-0.003428,-2e-06,-0.00333,-0.006416,-0.000818,-0.000952,-0.003968,-7e-05,-0.000166,-1e-06,-0.000692,-0.003511,-0.003989,-0.0,-0.003039,-0.004157,-0.006321,-0.006338,-2e-06,-0.006252,-0.000225,-0.005732,-0.002406,-0.0,-0.002257,-0.007172,-0.004041,-0.005695,-0.005536,-0.006352,-0.002315,-0.001626,-0.001693,-6.5e-05,-0.001725,-0.004082,-0.004569,-0.003995
2017-05-31 12:44:00+02:00,-1e-06,-0.0,-0.001667,-0.006143,-0.001486,-0.000332,-0.001969,-0.002712,-0.004116,-0.000575,-0.000109,-1e-06,-0.004446,-0.004286,-0.003023,-0.006946,-0.00078,-1e-06,-0.0004,-0.007077,-0.0,-0.00705,-0.004684,-2e-06,-0.007125,-0.00715,-0.002518,-0.0,-0.002092,-0.000323,-5.6e-05,-0.004055,-0.0,-0.003935,-0.004077,-2e-06,-0.002598,-0.004427,-1e-06,-0.007413,-0.00261,-2e-06,-0.004341,-0.0,-0.00132,-0.003517,-0.002722,-0.003905,-0.00327,-0.0,-0.000156,-0.003955,-0.003921,-0.004396,-5.3e-05,-0.0,-0.001256,-2.6e-05,-0.0,-0.002736,-0.003965,-0.007255,-0.005716,-0.0,-0.001798,-0.007015,-0.001557,-0.003942,-0.0,-0.001535,-0.002637,-0.000364,-0.000129,-0.003929,-0.004177,-0.0,-0.000988,-2e-06,-0.003709,-2e-06,-0.003964,-2e-06,-0.003836,-0.007219,-0.000771,-0.000942,-0.004382,-5.6e-05,-0.000133,-1e-06,-0.000743,-0.004025,-0.0044,-0.0,-0.003587,-0.004737,-0.007151,-0.007171,-2e-06,-0.007107,-0.00018,-0.006687,-0.002767,-0.0,-0.002585,-0.007843,-0.004449,-0.006657,-0.006511,-0.007187,-0.002652,-0.001877,-0.001941,-5.2e-05,-0.001935,-0.004673,-0.0053,-0.004418
2017-05-31 12:45:00+02:00,-1e-06,-0.0,-0.001356,-0.004103,-0.001193,-0.000266,-0.001695,-0.002106,-0.002109,-0.00046,-8.7e-05,-1e-06,-0.002104,-0.002098,-0.002091,-0.004101,-0.000624,-1e-06,-0.00032,-0.004101,-0.0,-0.004101,-0.004101,-2e-06,-0.004101,-0.004101,-0.002103,-0.0,-0.001803,-0.000258,-4.5e-05,-0.002107,-0.0,-0.002098,-0.002091,-1e-06,-0.002208,-0.003884,-1e-06,-0.004101,-0.00211,-2e-06,-0.003807,-0.0,-0.001056,-0.003053,-0.002103,-0.002106,-0.002109,-0.0,-0.000125,-0.002107,-0.002104,-0.002098,-4.3e-05,-0.0,-0.001005,-2.1e-05,-0.0,-0.002341,-0.00211,-0.004101,-0.004101,-0.0,-0.00148,-0.004101,-0.001323,-0.002106,-0.0,-0.001301,-0.00211,-0.000291,-0.000103,-0.002098,-0.002091,-0.0,-0.000791,-1e-06,-0.003231,-2e-06,-0.00211,-2e-06,-0.003347,-0.004103,-0.000617,-0.000754,-0.002103,-4.5e-05,-0.000106,-1e-06,-0.000595,-0.002107,-0.002104,-0.0,-0.002091,-0.004101,-0.004103,-0.004101,-1e-06,-0.004101,-0.000144,-0.004101,-0.002106,-0.0,-0.002111,-0.004101,-0.002107,-0.004101,-0.004101,-0.004101,-0.00211,-0.001609,-0.001667,-4.1e-05,-0.001604,-0.004101,-0.004101,-0.00211
2017-05-31 12:46:00+02:00,-1e-06,-0.0,-0.001085,-0.003282,-0.000954,-0.000213,-0.001356,-0.001685,-0.001687,-0.000368,-7e-05,-1e-06,-0.001683,-0.001679,-0.001673,-0.003281,-0.000499,-1e-06,-0.000256,-0.003281,-0.0,-0.003281,-0.003281,-1e-06,-0.003281,-0.003281,-0.001682,-0.0,-0.001443,-0.000206,-3.6e-05,-0.001686,-0.0,-0.001679,-0.001673,-1e-06,-0.001766,-0.003107,-1e-06,-0.003281,-0.001688,-1e-06,-0.003045,-0.0,-0.000845,-0.002443,-0.001682,-0.001685,-0.001687,-0.0,-0.0001,-0.001686,-0.001683,-0.001679,-3.4e-05,-0.0,-0.000804,-1.7e-05,-0.0,-0.001873,-0.001688,-0.003281,-0.003281,-0.0,-0.001184,-0.003281,-0.001059,-0.001685,-0.0,-0.001041,-0.001688,-0.000233,-8.2e-05,-0.001679,-0.001673,-0.0,-0.000633,-1e-06,-0.002585,-1e-06,-0.001688,-1e-06,-0.002677,-0.003282,-0.000493,-0.000603,-0.001682,-3.6e-05,-8.5e-05,-1e-06,-0.000476,-0.001686,-0.001683,-0.0,-0.001673,-0.003281,-0.003282,-0.003281,-1e-06,-0.003281,-0.000115,-0.003281,-0.001685,-0.0,-0.001688,-0.003281,-0.001686,-0.003281,-0.003281,-0.003281,-0.001688,-0.001288,-0.001334,-3.3e-05,-0.001284,-0.003281,-0.003281,-0.001688
2017-05-31 12:47:00+02:00,-0.0,-0.0,-0.000868,-0.002626,-0.000763,-0.00017,-0.001085,-0.001348,-0.00135,-0.000294,-5.6e-05,-1e-06,-0.001346,-0.001343,-0.001338,-0.002625,-0.0004,-1e-06,-0.000205,-0.002625,-0.0,-0.002625,-0.002625,-1e-06,-0.002625,-0.002625,-0.001346,-0.0,-0.001154,-0.000165,-2.9e-05,-0.001349,-0.0,-0.001343,-0.001338,-1e-06,-0.001413,-0.002486,-1e-06,-0.002625,-0.00135,-1e-06,-0.002436,-0.0,-0.000676,-0.001954,-0.001346,-0.001348,-0.00135,-0.0,-8e-05,-0.001349,-0.001346,-0.001343,-2.7e-05,-0.0,-0.000643,-1.3e-05,-0.0,-0.001499,-0.00135,-0.002625,-0.002625,-0.0,-0.000947,-0.002625,-0.000847,-0.001348,-0.0,-0.000833,-0.00135,-0.000186,-6.6e-05,-0.001343,-0.001338,-0.0,-0.000506,-1e-06,-0.002068,-1e-06,-0.00135,-1e-06,-0.002142,-0.002626,-0.000395,-0.000482,-0.001346,-2.9e-05,-6.8e-05,-1e-06,-0.000381,-0.001349,-0.001346,-0.0,-0.001338,-0.002625,-0.002626,-0.002625,-1e-06,-0.002625,-9.2e-05,-0.002625,-0.001348,-0.0,-0.001351,-0.002625,-0.001349,-0.002625,-0.002625,-0.002625,-0.00135,-0.00103,-0.001067,-2.6e-05,-0.001027,-0.002625,-0.002625,-0.00135
2017-05-31 12:48:00+02:00,-0.0,-0.0,-0.000694,-0.002101,-0.000611,-0.000136,-0.000868,-0.001078,-0.001123,-0.000235,-4.5e-05,-0.0,-0.001209,-0.001177,-0.001071,-0.0021,-0.00032,-1e-06,-0.000164,-0.0021,-0.0,-0.0021,-0.0021,-1e-06,-0.002178,-0.002153,-0.001077,-0.0,-0.000923,-0.000132,-2.3e-05,-0.001111,-0.0,-0.001092,-0.001138,-1e-06,-0.00113,-0.001989,-0.0,-0.002229,-0.00108,-1e-06,-0.001949,-0.0,-0.000541,-0.001563,-0.001077,-0.001078,-0.00108,-0.0,-6.4e-05,-0.001079,-0.001077,-0.001204,-2.2e-05,-0.0,-0.000514,-1.1e-05,-0.0,-0.001199,-0.00108,-0.002192,-0.0021,-0.0,-0.000758,-0.002114,-0.000677,-0.001078,-0.0,-0.000666,-0.00108,-0.000149,-5.3e-05,-0.001074,-0.001162,-0.0,-0.000405,-1e-06,-0.001654,-1e-06,-0.00108,-1e-06,-0.001714,-0.002195,-0.000316,-0.000386,-0.001192,-2.3e-05,-5.4e-05,-0.0,-0.000304,-0.001098,-0.001198,-0.0,-0.001071,-0.0021,-0.002162,-0.002162,-1e-06,-0.002149,-7.4e-05,-0.0021,-0.001078,-0.0,-0.001081,-0.002345,-0.001206,-0.0021,-0.0021,-0.002162,-0.00108,-0.000824,-0.000854,-2.1e-05,-0.000821,-0.0021,-0.0021,-0.001195
2017-05-31 12:49:00+02:00,-0.0,-0.0,-0.000829,-0.002499,-0.000715,-0.00015,-0.000925,-0.001162,-0.00155,-0.000295,-3.6e-05,-0.0,-0.001733,-0.001703,-0.001264,-0.002676,-0.000409,-0.0,-0.000206,-0.002704,-0.0,-0.002697,-0.00223,-1e-06,-0.002935,-0.002836,-0.00114,-0.0,-0.001017,-0.000171,-1.9e-05,-0.001518,-0.0,-0.001467,-0.0016,-1e-06,-0.001339,-0.002111,-0.0,-0.003085,-0.001152,-1e-06,-0.002122,-0.0,-0.000637,-0.001751,-0.001206,-0.001358,-0.001296,-0.0,-5.7e-05,-0.001387,-0.001402,-0.001724,-1.7e-05,-0.0,-0.000632,-9e-06,-0.0,-0.001316,-0.001387,-0.002979,-0.002441,-0.0,-0.000898,-0.002733,-0.000734,-0.001379,-0.0,-0.000723,-0.001183,-0.000197,-4.6e-05,-0.001397,-0.00167,-0.0,-0.000518,-1e-06,-0.001776,-1e-06,-0.001411,-1e-06,-0.001908,-0.002986,-0.000382,-0.000484,-0.001717,-1.8e-05,-4.4e-05,-0.0,-0.000351,-0.001466,-0.001724,-0.0,-0.001311,-0.002357,-0.002859,-0.002861,-1e-06,-0.002857,-8.2e-05,-0.002578,-0.001195,-0.0,-0.00115,-0.003294,-0.001733,-0.002619,-0.00254,-0.002862,-0.001158,-0.000916,-0.000932,-1.7e-05,-0.00093,-0.002277,-0.002384,-0.001727
2017-05-31 12:50:00+02:00,-0.0,-0.0,-0.001073,-0.002943,-0.000946,-0.000293,-0.001043,-0.001301,-0.001838,-0.000404,-7.9e-05,-0.0,-0.001983,-0.001956,-0.001467,-0.003261,-0.000614,-0.0,-0.000372,-0.003312,-0.0,-0.003306,-0.002497,-1e-06,-0.003497,-0.003418,-0.001265,-0.0,-0.001147,-0.000269,-2.3e-05,-0.001811,-0.0,-0.001768,-0.001872,-0.0,-0.001624,-0.002372,-0.0,-0.003617,-0.001282,-1e-06,-0.002404,-0.0,-0.000861,-0.002029,-0.001362,-0.001641,-0.001513,-0.0,-0.000119,-0.001693,-0.001705,-0.001973,-2.1e-05,-0.0,-0.000861,-7e-06,-0.0,-0.001563,-0.001691,-0.003532,-0.00284,-0.0,-0.001146,-0.003335,-0.000851,-0.001679,-0.0,-0.00084,-0.001327,-0.000298,-0.000101,-0.001712,-0.001927,-0.0,-0.000737,-0.0,-0.002033,-1e-06,-0.001717,-0.0,-0.002191,-0.003537,-0.000578,-0.000697,-0.001968,-2.3e-05,-0.000101,-0.0,-0.000461,-0.00177,-0.001975,-0.0,-0.001553,-0.002682,-0.003436,-0.003437,-0.0,-0.003434,-0.000154,-0.003085,-0.00135,-0.0,-0.001277,-0.003784,-0.001984,-0.003154,-0.003018,-0.003438,-0.001292,-0.001044,-0.001057,-1.4e-05,-0.001167,-0.002563,-0.002738,-0.00198
2017-05-31 12:51:00+02:00,-0.0,-0.0,-0.000859,-0.002725,-0.000757,-0.000234,-0.000898,-0.001155,-0.001806,-0.000323,-6.3e-05,-0.0,-0.002052,-0.001988,-0.001343,-0.003107,-0.000491,-0.0,-0.000297,-0.003206,-0.0,-0.003195,-0.002216,-0.0,-0.003441,-0.003319,-0.001113,-0.0,-0.000995,-0.000215,-1.8e-05,-0.001769,-0.0,-0.001713,-0.001866,-0.0,-0.001387,-0.002093,-0.0,-0.003615,-0.001131,-0.0,-0.002131,-0.0,-0.000689,-0.001764,-0.001214,-0.001558,-0.001393,-0.0,-9.6e-05,-0.00162,-0.001624,-0.002041,-1.7e-05,-0.0,-0.000689,-5e-06,-0.0,-0.001318,-0.001617,-0.003491,-0.002602,-0.0,-0.00092,-0.0032,-0.000716,-0.001604,-0.0,-0.000704,-0.001179,-0.000239,-8.1e-05,-0.001648,-0.001946,-0.0,-0.000589,-0.0,-0.00177,-0.0,-0.001635,-0.0,-0.001921,-0.003499,-0.000462,-0.000557,-0.002016,-1.8e-05,-8.1e-05,-0.0,-0.000369,-0.001708,-0.00203,-0.0,-0.001446,-0.002411,-0.003345,-0.003347,-0.0,-0.003349,-0.000124,-0.002895,-0.001208,-0.0,-0.001125,-0.003922,-0.002045,-0.00298,-0.002815,-0.003348,-0.001142,-0.000898,-0.000912,-1.1e-05,-0.000937,-0.002284,-0.002479,-0.002025
2017-05-31 12:52:00+02:00,-0.0,-0.0,-0.000687,-0.002478,-0.000605,-0.000187,-0.000768,-0.001014,-0.001716,-0.000258,-5e-05,-0.0,-0.002018,-0.001932,-0.001209,-0.002891,-0.000393,-0.0,-0.000238,-0.00301,-0.0,-0.002997,-0.001947,-0.0,-0.003273,-0.003134,-0.00097,-0.0,-0.000856,-0.000172,-1.5e-05,-0.001674,-0.0,-0.00161,-0.001791,-0.0,-0.001169,-0.00183,-0.0,-0.003474,-0.000988,-0.0,-0.001862,-0.0,-0.000551,-0.001519,-0.00107,-0.001441,-0.001259,-0.0,-7.6e-05,-0.001507,-0.00151,-0.002007,-1.4e-05,-0.0,-0.000551,-4e-06,-0.0,-0.001103,-0.001503,-0.00333,-0.002346,-0.0,-0.000736,-0.002993,-0.000597,-0.00149,-0.0,-0.000585,-0.001032,-0.000191,-6.5e-05,-0.001541,-0.001883,-0.0,-0.000471,-0.0,-0.001528,-0.0,-0.001521,-0.0,-0.001666,-0.003339,-0.00037,-0.000446,-0.001969,-1.5e-05,-6.4e-05,-0.0,-0.000295,-0.001604,-0.001987,-0.0,-0.00132,-0.002136,-0.003165,-0.003167,-0.0,-0.003165,-9.9e-05,-0.002661,-0.001064,-0.0,-0.000981,-0.003862,-0.002007,-0.00275,-0.002574,-0.003169,-0.001,-0.000765,-0.000776,-9e-06,-0.000749,-0.002005,-0.002213,-0.001977
2017-05-31 12:53:00+02:00,-0.0,-0.0,-0.00055,-0.002143,-0.000484,-0.00015,-0.000614,-0.000843,-0.001548,-0.000207,-4e-05,-0.0,-0.001873,-0.001777,-0.00103,-0.002561,-0.000314,-0.0,-0.00019,-0.002685,-0.0,-0.002671,-0.001616,-0.0,-0.002952,-0.002817,-0.000798,-0.0,-0.000689,-0.000138,-1.2e-05,-0.001504,-0.0,-0.001438,-0.001629,-0.0,-0.000935,-0.001507,-0.0,-0.003162,-0.000815,-0.0,-0.001529,-0.0,-0.000441,-0.001218,-0.000893,-0.001267,-0.001078,-0.0,-6.1e-05,-0.001335,-0.001339,-0.001862,-1.1e-05,-0.0,-0.000441,-3e-06,-0.0,-0.000883,-0.001331,-0.00301,-0.002009,-0.0,-0.000589,-0.002667,-0.000478,-0.001318,-0.0,-0.000468,-0.000853,-0.000153,-5.2e-05,-0.001371,-0.001726,-0.0,-0.000377,-0.0,-0.001229,-0.0,-0.001349,-0.0,-0.001354,-0.003019,-0.000296,-0.000357,-0.001819,-1.2e-05,-5.2e-05,-0.0,-0.000236,-0.001437,-0.001838,-0.0,-0.001148,-0.001786,-0.00285,-0.002853,-0.0,-0.002837,-7.9e-05,-0.002328,-0.000886,-0.0,-0.000809,-0.003584,-0.00186,-0.002407,-0.00224,-0.002854,-0.000828,-0.000612,-0.000621,-7e-06,-0.000599,-0.001661,-0.001874,-0.001825
2017-05-31 12:54:00+02:00,-0.0,-0.0,-0.00044,-0.001886,-0.000387,-0.00012,-0.000499,-0.000712,-0.001396,-0.000165,-3.2e-05,-0.0,-0.001724,-0.001625,-0.000884,-0.0023,-0.000251,-0.0,-0.000152,-0.002406,-0.0,-0.002391,-0.001365,-0.0,-0.002663,-0.002557,-0.000668,-0.0,-0.00057,-0.00011,-9e-06,-0.001351,-0.0,-0.001286,-0.001477,-0.0,-0.000748,-0.001265,-0.0,-0.00287,-0.000685,-0.0,-0.001277,-0.0,-0.000353,-0.001004,-0.000762,-0.00112,-0.00093,-0.0,-4.9e-05,-0.001188,-0.001202,-0.001713,-9e-06,-0.0,-0.000353,-3e-06,-0.0,-0.000706,-0.001183,-0.002718,-0.001753,-0.0,-0.000471,-0.002404,-0.000382,-0.001171,-0.0,-0.000375,-0.000716,-0.000122,-4.2e-05,-0.001224,-0.001574,-0.0,-0.000302,-0.0,-0.00101,-0.0,-0.001212,-0.0,-0.001129,-0.002727,-0.000237,-0.000285,-0.001668,-9e-06,-4.1e-05,-0.0,-0.000189,-0.0013,-0.001688,-0.0,-0.001015,-0.001508,-0.002591,-0.002594,-0.0,-0.002546,-6.3e-05,-0.002069,-0.000748,-0.0,-0.000679,-0.003299,-0.001709,-0.002116,-0.001982,-0.002595,-0.000697,-0.000498,-0.0005,-6e-06,-0.00048,-0.001398,-0.00162,-0.001673
2017-05-31 12:55:00+02:00,-0.0,-0.0,-0.000352,-0.001623,-0.00031,-9.6e-05,-0.000399,-0.000585,-0.001233,-0.000132,-2.6e-05,-0.0,-0.001549,-0.001453,-0.000737,-0.002024,-0.000201,-0.0,-0.000122,-0.002116,-0.0,-0.002102,-0.00112,-0.0,-0.00235,-0.002278,-0.000542,-0.0,-0.000456,-8.8e-05,-8e-06,-0.001189,-0.0,-0.001125,-0.001311,-0.0,-0.000599,-0.001027,-0.0,-0.002545,-0.000558,-0.0,-0.001032,-0.0,-0.000282,-0.000803,-0.000632,-0.000972,-0.00078,-0.0,-3.9e-05,-0.001038,-0.001059,-0.001539,-7e-06,-0.0,-0.000282,-2e-06,-0.0,-0.000565,-0.001034,-0.002398,-0.001494,-0.0,-0.000377,-0.002126,-0.000306,-0.001022,-0.0,-0.0003,-0.000583,-9.8e-05,-3.3e-05,-0.001075,-0.001404,-0.0,-0.000241,-0.0,-0.000808,-0.0,-0.001068,-0.0,-0.000906,-0.002407,-0.000189,-0.000228,-0.001495,-7e-06,-3.3e-05,-0.0,-0.000151,-0.001155,-0.001514,-0.0,-0.000878,-0.001231,-0.002311,-0.002314,-0.0,-0.002233,-5.1e-05,-0.001801,-0.000615,-0.0,-0.000552,-0.002962,-0.001535,-0.001815,-0.001717,-0.002316,-0.00057,-0.000398,-0.0004,-4e-06,-0.000384,-0.001142,-0.001365,-0.001499
2017-05-31 12:56:00+02:00,-0.0,-0.0,-0.000281,-0.001591,-0.000248,-7.7e-05,-0.000325,-0.000539,-0.001325,-0.000106,-2.1e-05,-0.0,-0.001722,-0.001595,-0.000715,-0.002063,-0.000161,-0.0,-9.7e-05,-0.00216,-0.0,-0.002142,-0.001017,-0.0,-0.002458,-0.002368,-0.000488,-0.0,-0.000384,-7.1e-05,-6e-06,-0.00127,-0.0,-0.001188,-0.001416,-0.0,-0.000479,-0.000917,-0.0,-0.002693,-0.000507,-0.0,-0.0009,-0.0,-0.000226,-0.000665,-0.000587,-0.000987,-0.000767,-0.0,-3.1e-05,-0.00107,-0.001104,-0.001706,-6e-06,-0.0,-0.000226,-2e-06,-0.0,-0.000452,-0.001066,-0.002515,-0.00144,-0.0,-0.000301,-0.002184,-0.000245,-0.00105,-0.0,-0.00024,-0.000522,-7.8e-05,-2.7e-05,-0.001115,-0.001531,-0.0,-0.000193,-0.0,-0.00068,-0.0,-0.001116,-0.0,-0.000779,-0.002524,-0.000152,-0.000183,-0.001648,-6e-06,-2.6e-05,-0.0,-0.000121,-0.001224,-0.001677,-0.0,-0.000885,-0.001134,-0.002406,-0.002411,-0.0,-0.002319,-4e-05,-0.001801,-0.00056,-0.0,-0.000499,-0.003203,-0.001704,-0.001817,-0.001702,-0.002414,-0.000521,-0.000319,-0.00032,-4e-06,-0.000307,-0.001017,-0.001288,-0.001659
2017-05-31 12:57:00+02:00,-0.000304,-0.0,-0.002091,-0.003544,-0.002016,-0.001327,-0.001548,-0.00173,-0.002365,-0.001032,-0.000637,-0.000363,-0.002678,-0.002569,-0.00185,-0.003937,-0.001672,-0.000489,-0.001429,-0.004014,-0.0,-0.003998,-0.003093,-0.000668,-0.004226,-0.004181,-0.001679,-0.0,-0.001612,-0.0009,-0.000521,-0.002322,-0.0,-0.002243,-0.002411,-0.000523,-0.00265,-0.003011,-0.000405,-0.004441,-0.001718,-0.000669,-0.002999,-0.0,-0.00194,-0.002819,-0.001758,-0.002088,-0.001918,-0.0,-0.000707,-0.002163,-0.002185,-0.002658,-0.000504,-0.0,-0.001898,-0.000763,-0.0,-0.002563,-0.002165,-0.004296,-0.003432,-0.0,-0.002137,-0.004034,-0.001435,-0.002139,-0.0,-0.00144,-0.00173,-0.000934,-0.00069,-0.002184,-0.002503,-0.0,-0.001793,-0.000577,-0.002827,-0.000663,-0.002206,-0.000668,-0.002902,-0.00429,-0.001676,-0.001761,-0.002607,-0.000515,-0.000682,-0.000338,-0.001108,-0.002286,-0.002643,-0.0,-0.001986,-0.003194,-0.004192,-0.004206,-0.000644,-0.004142,-0.000761,-0.003725,-0.001747,-0.0,-0.001709,-0.004849,-0.00267,-0.003731,-0.003645,-0.004218,-0.001729,-0.00156,-0.001566,-0.000816,-0.002214,-0.003101,-0.003318,-0.00264
2017-05-31 12:58:00+02:00,-0.000243,-0.0,-0.002924,-0.0053,-0.002815,-0.001495,-0.002344,-0.002762,-0.00329,-0.001376,-0.000617,-0.000291,-0.003538,-0.003443,-0.002855,-0.005635,-0.002157,-0.000391,-0.001694,-0.005696,-0.0,-0.00568,-0.004915,-0.000535,-0.005832,-0.00583,-0.002644,-0.0,-0.002467,-0.001123,-0.000417,-0.003257,-0.0,-0.003182,-0.003304,-0.000418,-0.003902,-0.004739,-0.000324,-0.006037,-0.002721,-0.000535,-0.004704,-0.0,-0.002674,-0.004304,-0.00279,-0.003063,-0.002933,-0.0,-0.00075,-0.00313,-0.003143,-0.003514,-0.000403,-0.0,-0.002574,-0.000611,-0.0,-0.003759,-0.003138,-0.005919,-0.00522,-0.0,-0.003012,-0.005712,-0.002099,-0.003104,-0.0,-0.0021,-0.002742,-0.001197,-0.000718,-0.003136,-0.003378,-0.0,-0.002398,-0.000461,-0.004339,-0.00053,-0.00317,-0.000534,-0.004491,-0.005897,-0.002185,-0.002316,-0.003469,-0.000412,-0.000712,-0.00027,-0.001516,-0.003228,-0.003509,-0.0,-0.002964,-0.00504,-0.005813,-0.005835,-0.000515,-0.005798,-0.000862,-0.005462,-0.00279,-0.0,-0.002698,-0.006364,-0.003535,-0.005455,-0.005395,-0.005858,-0.002747,-0.002344,-0.00234,-0.000653,-0.003164,-0.004919,-0.005139,-0.003518
2017-05-31 12:59:00+02:00,-0.000194,-0.0,-0.002707,-0.006581,-0.002577,-0.001196,-0.00251,-0.003131,-0.004018,-0.001129,-0.000494,-0.000233,-0.004215,-0.004132,-0.003477,-0.006976,-0.001726,-0.000313,-0.001356,-0.007024,-0.0,-0.00701,-0.005562,-0.000428,-0.007103,-0.007133,-0.002958,-0.0,-0.002666,-0.000898,-0.000333,-0.003995,-0.0,-0.003923,-0.004008,-0.000335,-0.004024,-0.005306,-0.000259,-0.007297,-0.003059,-0.000428,-0.005245,-0.0,-0.002379,-0.00463,-0.003177,-0.003832,-0.003621,-0.0,-0.0006,-0.003892,-0.003899,-0.004188,-0.000323,-0.0,-0.002225,-0.000488,-0.0,-0.003859,-0.003905,-0.007201,-0.006316,-0.0,-0.00284,-0.007038,-0.002151,-0.003864,-0.0,-0.002142,-0.003087,-0.000958,-0.000574,-0.003886,-0.004067,-0.0,-0.001967,-0.000369,-0.004715,-0.000424,-0.003931,-0.000427,-0.004911,-0.007168,-0.001748,-0.001853,-0.004146,-0.00033,-0.000569,-0.000216,-0.001336,-0.003971,-0.004192,-0.0,-0.003736,-0.005855,-0.007094,-0.007124,-0.000412,-0.007106,-0.000689,-0.006836,-0.003177,-0.0,-0.003025,-0.00756,-0.004217,-0.00682,-0.006779,-0.007155,-0.003098,-0.002482,-0.00248,-0.000522,-0.003046,-0.005555,-0.006048,-0.004209
2017-05-31 13:00:00+02:00,-0.000156,-0.0,-0.002166,-0.006886,-0.002061,-0.000957,-0.002336,-0.003092,-0.004491,-0.000904,-0.000395,-0.000186,-0.004646,-0.004571,-0.003572,-0.007797,-0.001381,-0.00025,-0.001084,-0.007877,-0.0,-0.007865,-0.005483,-0.000342,-0.007921,-0.007964,-0.002884,-0.0,-0.002484,-0.000718,-0.000267,-0.004474,-0.0,-0.004404,-0.00446,-0.000268,-0.003524,-0.005175,-0.000207,-0.008095,-0.002998,-0.000343,-0.005085,-0.0,-0.001903,-0.004284,-0.003122,-0.00425,-0.003757,-0.0,-0.00048,-0.004393,-0.004378,-0.004617,-0.000258,-0.0,-0.00178,-0.000391,-0.0,-0.003413,-0.004409,-0.008018,-0.006491,-0.0,-0.002272,-0.007889,-0.001901,-0.004355,-0.0,-0.001881,-0.003023,-0.000766,-0.000459,-0.004374,-0.004507,-0.0,-0.001574,-0.000295,-0.004453,-0.000339,-0.004422,-0.000342,-0.00463,-0.007981,-0.001398,-0.001482,-0.004576,-0.000264,-0.000456,-0.000173,-0.001068,-0.004456,-0.004627,-0.0,-0.003959,-0.005807,-0.007917,-0.007948,-0.00033,-0.007942,-0.000551,-0.00736,-0.003143,-0.0,-0.002957,-0.008306,-0.004652,-0.007452,-0.007189,-0.007981,-0.003045,-0.00226,-0.002281,-0.000418,-0.002456,-0.005453,-0.006091,-0.004652
2017-05-31 13:01:00+02:00,-0.000124,-0.0,-0.001733,-0.006624,-0.001649,-0.000766,-0.002025,-0.002854,-0.004804,-0.000723,-0.000316,-0.000149,-0.004927,-0.004859,-0.003363,-0.007858,-0.001105,-0.0002,-0.000868,-0.008184,-0.0,-0.008153,-0.005056,-0.000274,-0.008463,-0.008331,-0.002628,-0.0,-0.002131,-0.000575,-0.000213,-0.004733,-0.0,-0.004579,-0.004759,-0.000214,-0.002819,-0.004719,-0.000166,-0.008625,-0.002746,-0.000274,-0.00458,-0.0,-0.001523,-0.003648,-0.00284,-0.004276,-0.003569,-0.0,-0.000384,-0.004485,-0.004422,-0.004896,-0.000207,-0.0,-0.001424,-0.000313,-0.0,-0.00278,-0.004493,-0.008562,-0.00615,-0.0,-0.001818,-0.008062,-0.001548,-0.004426,-0.0,-0.001518,-0.002751,-0.000613,-0.000367,-0.004518,-0.004796,-0.0,-0.001259,-0.000236,-0.003924,-0.000271,-0.004473,-0.000273,-0.004029,-0.008526,-0.001119,-0.001186,-0.004856,-0.000211,-0.000364,-0.000138,-0.000855,-0.004623,-0.004912,-0.0,-0.003843,-0.005302,-0.008327,-0.008361,-0.000264,-0.00833,-0.000441,-0.007231,-0.002889,-0.0,-0.002701,-0.008794,-0.004937,-0.007366,-0.006987,-0.008395,-0.002798,-0.001886,-0.001937,-0.000334,-0.001965,-0.004977,-0.00567,-0.004942
2017-05-31 13:02:00+02:00,-0.0001,-0.0,-0.001386,-0.005926,-0.001319,-0.000612,-0.001697,-0.002492,-0.003736,-0.000578,-0.000253,-0.000119,-0.003732,-0.003709,-0.002947,-0.006723,-0.000884,-0.00016,-0.000694,-0.006723,-0.0,-0.006723,-0.004417,-0.000219,-0.006714,-0.006723,-0.002276,-0.0,-0.001769,-0.00046,-0.000171,-0.003748,-0.0,-0.003709,-0.003673,-0.000171,-0.002255,-0.004095,-0.000133,-0.006723,-0.002386,-0.000219,-0.003929,-0.0,-0.001218,-0.003013,-0.002452,-0.003715,-0.003143,-0.0,-0.000307,-0.003748,-0.003732,-0.003709,-0.000165,-0.0,-0.001139,-0.00025,-0.0,-0.002227,-0.003762,-0.006723,-0.005451,-0.0,-0.001454,-0.006723,-0.001239,-0.003715,-0.0,-0.001215,-0.002373,-0.00049,-0.000294,-0.003709,-0.003673,-0.0,-0.001007,-0.000189,-0.003328,-0.000217,-0.003762,-0.000219,-0.00338,-0.00672,-0.000895,-0.000949,-0.003682,-0.000169,-0.000292,-0.000111,-0.000684,-0.003748,-0.003732,-0.0,-0.00345,-0.00456,-0.006714,-0.00672,-0.000211,-0.006723,-0.000353,-0.006544,-0.002508,-0.0,-0.002343,-0.006723,-0.003748,-0.006651,-0.006286,-0.006723,-0.002436,-0.001534,-0.001594,-0.000267,-0.001572,-0.004307,-0.004972,-0.003762
2017-05-31 13:03:00+02:00,-8e-05,-0.0,-0.001109,-0.004024,-0.001055,-0.00049,-0.001357,-0.001993,-0.00204,-0.000463,-0.000202,-9.5e-05,-0.00204,-0.002038,-0.002036,-0.004024,-0.000707,-0.000128,-0.000555,-0.004024,-0.0,-0.004024,-0.003534,-0.000175,-0.004024,-0.004024,-0.001821,-0.0,-0.001415,-0.000368,-0.000137,-0.002041,-0.0,-0.002038,-0.002036,-0.000137,-0.001804,-0.003276,-0.000106,-0.004024,-0.001908,-0.000175,-0.003143,-0.0,-0.000975,-0.00241,-0.001962,-0.002038,-0.00204,-0.0,-0.000246,-0.002041,-0.00204,-0.002038,-0.000132,-0.0,-0.000912,-0.0002,-0.0,-0.001781,-0.002042,-0.004024,-0.004024,-0.0,-0.001163,-0.004024,-0.000991,-0.002038,-0.0,-0.000972,-0.001898,-0.000392,-0.000235,-0.002038,-0.002036,-0.0,-0.000806,-0.000151,-0.002662,-0.000174,-0.002042,-0.000175,-0.002704,-0.004024,-0.000716,-0.000759,-0.002036,-0.000135,-0.000233,-8.8e-05,-0.000547,-0.002041,-0.00204,-0.0,-0.002036,-0.003648,-0.004024,-0.004024,-0.000169,-0.004024,-0.000282,-0.004024,-0.002006,-0.0,-0.001875,-0.004024,-0.002041,-0.004024,-0.004024,-0.004024,-0.001949,-0.001227,-0.001275,-0.000214,-0.001257,-0.003446,-0.003977,-0.002042
2017-05-31 13:04:00+02:00,-6.4e-05,-0.0,-0.000887,-0.003219,-0.000844,-0.000392,-0.001086,-0.001595,-0.001632,-0.00037,-0.000162,-7.6e-05,-0.001632,-0.001631,-0.001628,-0.003219,-0.000566,-0.000102,-0.000444,-0.003219,-0.0,-0.003219,-0.002827,-0.00014,-0.003219,-0.003219,-0.001457,-0.0,-0.001132,-0.000294,-0.000109,-0.001633,-0.0,-0.001631,-0.001628,-0.00011,-0.001443,-0.002621,-8.5e-05,-0.003219,-0.001527,-0.00014,-0.002515,-0.0,-0.00078,-0.001928,-0.001569,-0.001631,-0.001632,-0.0,-0.000197,-0.001633,-0.001632,-0.001631,-0.000106,-0.0,-0.000729,-0.00016,-0.0,-0.001425,-0.001633,-0.003219,-0.003219,-0.0,-0.000931,-0.003219,-0.000793,-0.001631,-0.0,-0.000777,-0.001518,-0.000314,-0.000188,-0.001631,-0.001628,-0.0,-0.000645,-0.000121,-0.00213,-0.000139,-0.001633,-0.00014,-0.002163,-0.003219,-0.000573,-0.000607,-0.001628,-0.000108,-0.000187,-7.1e-05,-0.000438,-0.001633,-0.001632,-0.0,-0.001628,-0.002919,-0.003219,-0.003219,-0.000135,-0.003219,-0.000226,-0.003219,-0.001605,-0.0,-0.0015,-0.003219,-0.001633,-0.003219,-0.003219,-0.003219,-0.001559,-0.000982,-0.00102,-0.000171,-0.001006,-0.002757,-0.003182,-0.001633
2017-05-31 13:05:00+02:00,-5.1e-05,-0.0,-0.00071,-0.002707,-0.000675,-0.000314,-0.000869,-0.001294,-0.001476,-0.000296,-0.000129,-6.1e-05,-0.001566,-0.001537,-0.001364,-0.002791,-0.000452,-8.2e-05,-0.000355,-0.002816,-0.0,-0.002812,-0.002297,-0.000112,-0.002908,-0.00285,-0.001176,-0.0,-0.000906,-0.000235,-8.7e-05,-0.001467,-0.0,-0.001452,-0.001499,-8.8e-05,-0.001155,-0.002118,-6.8e-05,-0.002963,-0.001235,-0.000112,-0.002022,-0.0,-0.000624,-0.001543,-0.001279,-0.001398,-0.001375,-0.0,-0.000157,-0.001414,-0.001417,-0.001563,-8.5e-05,-0.0,-0.000583,-0.000128,-0.0,-0.00114,-0.001413,-0.002924,-0.002679,-0.0,-0.000745,-0.002814,-0.000634,-0.001409,-0.0,-0.000622,-0.001226,-0.000251,-0.000151,-0.001421,-0.001523,-0.0,-0.000516,-9.7e-05,-0.001704,-0.000111,-0.001419,-0.000112,-0.001731,-0.002927,-0.000458,-0.000486,-0.001547,-8.6e-05,-0.000149,-5.7e-05,-0.00035,-0.001438,-0.001555,-0.0,-0.001378,-0.002412,-0.002857,-0.002858,-0.000108,-0.00288,-0.000181,-0.002745,-0.001302,-0.0,-0.001212,-0.003083,-0.001562,-0.002782,-0.002727,-0.002859,-0.001263,-0.000786,-0.000816,-0.000137,-0.000805,-0.002233,-0.002622,-0.00155
2017-05-31 13:06:00+02:00,-4.1e-05,-0.0,-0.000568,-0.002165,-0.00054,-0.000251,-0.000695,-0.001036,-0.001242,-0.000237,-0.000104,-4.9e-05,-0.001389,-0.001341,-0.001091,-0.00226,-0.000362,-6.6e-05,-0.000284,-0.002293,-0.0,-0.002287,-0.001838,-9e-05,-0.002441,-0.002357,-0.000941,-0.0,-0.000725,-0.000188,-7e-05,-0.001225,-0.0,-0.001202,-0.00128,-7e-05,-0.000924,-0.001694,-5.4e-05,-0.00253,-0.000988,-9e-05,-0.001618,-0.0,-0.000499,-0.001234,-0.001023,-0.001119,-0.0011,-0.0,-0.000126,-0.001139,-0.001148,-0.001385,-6.8e-05,-0.0,-0.000467,-0.000102,-0.0,-0.000912,-0.001138,-0.002468,-0.002143,-0.0,-0.000596,-0.002297,-0.000508,-0.001133,-0.0,-0.000498,-0.000981,-0.000201,-0.00012,-0.001153,-0.00132,-0.0,-0.000413,-7.7e-05,-0.001363,-8.9e-05,-0.001151,-9e-05,-0.001384,-0.002472,-0.000367,-0.000389,-0.001359,-6.9e-05,-0.000119,-4.5e-05,-0.00028,-0.001184,-0.001371,-0.0,-0.001103,-0.001929,-0.002371,-0.002372,-8.6e-05,-0.002395,-0.000145,-0.002196,-0.001042,-0.0,-0.000969,-0.002726,-0.00138,-0.002234,-0.002181,-0.002372,-0.00101,-0.000628,-0.000653,-0.00011,-0.000644,-0.001786,-0.002097,-0.001361
2017-05-31 13:07:00+02:00,-3.3e-05,-0.0,-0.000454,-0.00214,-0.000432,-0.000201,-0.000556,-0.000911,-0.00149,-0.000189,-8.3e-05,-3.9e-05,-0.001838,-0.001723,-0.001078,-0.002422,-0.00029,-5.2e-05,-0.000227,-0.002496,-0.0,-0.002483,-0.001614,-7.2e-05,-0.002817,-0.002636,-0.000812,-0.0,-0.000611,-0.000151,-5.6e-05,-0.001452,-0.0,-0.001393,-0.001577,-5.6e-05,-0.000739,-0.001464,-4.3e-05,-0.003017,-0.000859,-7.2e-05,-0.001412,-0.0,-0.000399,-0.001027,-0.000931,-0.001192,-0.001108,-0.0,-0.000101,-0.001249,-0.00127,-0.001827,-5.4e-05,-0.0,-0.000373,-8.2e-05,-0.0,-0.00073,-0.001246,-0.002878,-0.002057,-0.0,-0.000477,-0.002504,-0.000406,-0.001232,-0.0,-0.000398,-0.000868,-0.000161,-9.6e-05,-0.001282,-0.001671,-0.0,-0.00033,-6.2e-05,-0.001119,-7.1e-05,-0.001278,-7.2e-05,-0.00119,-0.002884,-0.000293,-0.000311,-0.001761,-5.5e-05,-9.6e-05,-3.6e-05,-0.000224,-0.001354,-0.001795,-0.0,-0.001134,-0.001805,-0.002658,-0.002663,-6.9e-05,-0.002718,-0.000116,-0.002258,-0.000934,-0.0,-0.00084,-0.003453,-0.001819,-0.002355,-0.002202,-0.002668,-0.000883,-0.000506,-0.000522,-8.8e-05,-0.000515,-0.001586,-0.001955,-0.001776
2017-05-31 13:08:00+02:00,-0.000229,-0.0,-0.002036,-0.003491,-0.001944,-0.001256,-0.001445,-0.001741,-0.002213,-0.000995,-0.000596,-0.000285,-0.002493,-0.002394,-0.001868,-0.003721,-0.001597,-0.000356,-0.00136,-0.003779,-0.0,-0.003769,-0.003073,-0.000528,-0.004028,-0.003892,-0.00165,-0.0,-0.001509,-0.000864,-0.000465,-0.002189,-0.0,-0.00213,-0.002267,-0.00039,-0.002364,-0.002949,-0.000273,-0.004196,-0.001717,-0.000526,-0.002911,-0.0,-0.001863,-0.002605,-0.001745,-0.001966,-0.001906,-0.0,-0.000671,-0.002026,-0.002038,-0.002477,-0.000451,-0.0,-0.001832,-0.000681,-0.0,-0.002366,-0.002027,-0.004085,-0.003427,-0.0,-0.002092,-0.003786,-0.001325,-0.001998,-0.0,-0.001344,-0.001725,-0.000902,-0.00065,-0.002041,-0.002342,-0.0,-0.001722,-0.000441,-0.002676,-0.000518,-0.002053,-0.000568,-0.002734,-0.004086,-0.001584,-0.001677,-0.002409,-0.000457,-0.000644,-0.000263,-0.001065,-0.00211,-0.002458,-0.0,-0.001912,-0.003227,-0.003899,-0.003908,-0.000543,-0.003957,-0.000727,-0.003589,-0.00176,-0.0,-0.001697,-0.004545,-0.002482,-0.003661,-0.003542,-0.003917,-0.001737,-0.001425,-0.001443,-0.000733,-0.002138,-0.003052,-0.003347,-0.002451
2017-05-31 13:09:00+02:00,-0.000183,-0.0,-0.002231,-0.004701,-0.002098,-0.001035,-0.001759,-0.002185,-0.003043,-0.001026,-0.000477,-0.000228,-0.003269,-0.003184,-0.002522,-0.005196,-0.001579,-0.000285,-0.0012,-0.005241,-0.0,-0.005234,-0.003838,-0.000423,-0.005421,-0.005333,-0.002058,-0.0,-0.001883,-0.000821,-0.000372,-0.003032,-0.0,-0.002973,-0.00307,-0.000312,-0.002871,-0.003663,-0.000218,-0.005574,-0.002148,-0.000421,-0.003658,-0.0,-0.001978,-0.003233,-0.002234,-0.002835,-0.002609,-0.0,-0.000537,-0.002901,-0.002906,-0.00325,-0.000361,-0.0,-0.001931,-0.000545,-0.0,-0.002777,-0.002906,-0.005487,-0.004518,-0.0,-0.002315,-0.005249,-0.001558,-0.002863,-0.0,-0.001572,-0.002186,-0.000881,-0.00052,-0.002901,-0.00313,-0.0,-0.001771,-0.000352,-0.003274,-0.000415,-0.002927,-0.000454,-0.003423,-0.005477,-0.001563,-0.001702,-0.003178,-0.000365,-0.000515,-0.00021,-0.001128,-0.002969,-0.003242,-0.0,-0.002665,-0.004175,-0.005313,-0.005331,-0.000435,-0.005383,-0.0006,-0.004981,-0.002241,-0.0,-0.002119,-0.005856,-0.003266,-0.005134,-0.004847,-0.005351,-0.002174,-0.001759,-0.001769,-0.000587,-0.002377,-0.00386,-0.004319,-0.003246
2017-05-31 13:10:00+02:00,-0.000146,-0.0,-0.002378,-0.005975,-0.002214,-0.000828,-0.002102,-0.002691,-0.003769,-0.00099,-0.000382,-0.000182,-0.003953,-0.003878,-0.003202,-0.006476,-0.001467,-0.000228,-0.00096,-0.006509,-0.0,-0.006505,-0.004707,-0.000338,-0.006628,-0.006585,-0.002519,-0.0,-0.002248,-0.000716,-0.000298,-0.003768,-0.0,-0.003709,-0.003776,-0.000249,-0.003308,-0.004464,-0.000175,-0.006775,-0.002637,-0.000337,-0.004463,-0.0,-0.002046,-0.003836,-0.002737,-0.003593,-0.003339,-0.0,-0.000429,-0.003664,-0.003662,-0.003931,-0.000288,-0.0,-0.001961,-0.000436,-0.0,-0.003205,-0.003672,-0.006707,-0.005663,-0.0,-0.002497,-0.006518,-0.001802,-0.003616,-0.0,-0.001811,-0.002689,-0.000783,-0.000416,-0.003652,-0.003824,-0.0,-0.001705,-0.000282,-0.003929,-0.000332,-0.003688,-0.000363,-0.004099,-0.006685,-0.001462,-0.00164,-0.003853,-0.000292,-0.000412,-0.000168,-0.001162,-0.003718,-0.003931,-0.0,-0.003452,-0.005139,-0.006534,-0.006562,-0.000348,-0.006622,-0.00048,-0.006303,-0.00277,-0.0,-0.002597,-0.007004,-0.003956,-0.006404,-0.006186,-0.006596,-0.002671,-0.002075,-0.002107,-0.000469,-0.0026,-0.00474,-0.005333,-0.003944
2017-05-31 13:11:00+02:00,-0.000117,-0.0,-0.002025,-0.006521,-0.001854,-0.000662,-0.002128,-0.002851,-0.004331,-0.000792,-0.000305,-0.000146,-0.004482,-0.004415,-0.00347,-0.007436,-0.001174,-0.000182,-0.000768,-0.007459,-0.0,-0.007459,-0.00496,-0.000271,-0.007528,-0.007524,-0.002643,-0.0,-0.002269,-0.000573,-0.000238,-0.00434,-0.0,-0.00428,-0.004322,-0.0002,-0.003154,-0.004664,-0.00014,-0.007672,-0.00278,-0.000269,-0.004643,-0.0,-0.001647,-0.003837,-0.002877,-0.004162,-0.003645,-0.0,-0.000343,-0.004257,-0.004249,-0.004458,-0.000231,-0.0,-0.001569,-0.000349,-0.0,-0.003097,-0.004266,-0.007621,-0.006103,-0.0,-0.002176,-0.00747,-0.001746,-0.004199,-0.0,-0.001745,-0.002832,-0.000626,-0.000333,-0.004234,-0.00436,-0.0,-0.001364,-0.000226,-0.004007,-0.000265,-0.00428,-0.000291,-0.00416,-0.007588,-0.00117,-0.001312,-0.004373,-0.000234,-0.00033,-0.000134,-0.00093,-0.0043,-0.004464,-0.0,-0.003836,-0.005401,-0.007443,-0.007482,-0.000278,-0.00755,-0.000384,-0.00704,-0.002938,-0.0,-0.002732,-0.007859,-0.00449,-0.007226,-0.006822,-0.007529,-0.002821,-0.002056,-0.002115,-0.000376,-0.002323,-0.00498,-0.005666,-0.004484
2017-05-31 13:12:00+02:00,-9.4e-05,-0.0,-0.00162,-0.006545,-0.001483,-0.00053,-0.001975,-0.002796,-0.004766,-0.000634,-0.000244,-0.000117,-0.004891,-0.004831,-0.00345,-0.007813,-0.000939,-0.000146,-0.000614,-0.00811,-0.0,-0.008091,-0.004843,-0.000216,-0.008212,-0.008233,-0.002563,-0.0,-0.002074,-0.000458,-0.00019,-0.004784,-0.0,-0.004704,-0.004744,-0.00016,-0.002678,-0.004508,-0.000112,-0.008352,-0.002709,-0.000215,-0.004433,-0.0,-0.001317,-0.003474,-0.00277,-0.004381,-0.003651,-0.0,-0.000275,-0.004574,-0.004505,-0.004865,-0.000185,-0.0,-0.001255,-0.000279,-0.0,-0.002712,-0.004574,-0.008314,-0.006048,-0.0,-0.001741,-0.007975,-0.001531,-0.004486,-0.0,-0.001518,-0.002737,-0.000501,-0.000266,-0.004607,-0.004775,-0.0,-0.001091,-0.00018,-0.003761,-0.000212,-0.004544,-0.000232,-0.00384,-0.008273,-0.000936,-0.001049,-0.004773,-0.000187,-0.000264,-0.000108,-0.000744,-0.004696,-0.004877,-0.0,-0.003906,-0.005212,-0.008132,-0.008179,-0.000223,-0.008254,-0.000307,-0.007203,-0.002863,-0.0,-0.002657,-0.008505,-0.004904,-0.007445,-0.006911,-0.008238,-0.002756,-0.001832,-0.001924,-0.0003,-0.001859,-0.004811,-0.005534,-0.004902
2017-05-31 13:13:00+02:00,-7.5e-05,-0.0,-0.001296,-0.006425,-0.001187,-0.000424,-0.001793,-0.002688,-0.005107,-0.000507,-0.000195,-9.3e-05,-0.005212,-0.005157,-0.00333,-0.007956,-0.000751,-0.000117,-0.000492,-0.008457,-0.0,-0.008425,-0.004638,-0.000173,-0.008743,-0.008628,-0.002437,-0.0,-0.001849,-0.000366,-0.000152,-0.005087,-0.0,-0.004919,-0.005076,-0.000128,-0.002152,-0.004276,-8.9e-05,-0.008879,-0.002588,-0.000172,-0.004137,-0.0,-0.001054,-0.003066,-0.002611,-0.004465,-0.003548,-0.0,-0.00022,-0.004731,-0.004619,-0.005185,-0.000148,-0.0,-0.001004,-0.000223,-0.0,-0.002306,-0.004723,-0.008852,-0.005869,-0.0,-0.001393,-0.008216,-0.001302,-0.00462,-0.0,-0.00128,-0.002585,-0.000401,-0.000213,-0.004807,-0.0051,-0.0,-0.000873,-0.000144,-0.003459,-0.00017,-0.004664,-0.000186,-0.003464,-0.008805,-0.000749,-0.00084,-0.005084,-0.00015,-0.000211,-8.6e-05,-0.000595,-0.004917,-0.005201,-0.0,-0.003881,-0.004888,-0.008553,-0.00861,-0.000178,-0.00866,-0.000246,-0.007187,-0.002728,-0.0,-0.002532,-0.009005,-0.005229,-0.007422,-0.006838,-0.008679,-0.002639,-0.001585,-0.001702,-0.00024,-0.001487,-0.004545,-0.005298,-0.005229
2017-05-31 13:14:00+02:00,-6e-05,-0.0,-0.001037,-0.006305,-0.000949,-0.000339,-0.001654,-0.002605,-0.005344,-0.000406,-0.000156,-7.5e-05,-0.005452,-0.005401,-0.003196,-0.00803,-0.000601,-9.3e-05,-0.000393,-0.008645,-0.0,-0.008603,-0.004479,-0.000138,-0.009086,-0.008892,-0.00234,-0.0,-0.001668,-0.000293,-0.000122,-0.005271,-0.0,-0.005035,-0.005325,-0.000102,-0.001721,-0.004096,-7.2e-05,-0.009266,-0.002496,-0.000138,-0.003866,-0.0,-0.000843,-0.002738,-0.002478,-0.004488,-0.003425,-0.0,-0.000176,-0.00481,-0.004688,-0.005423,-0.000118,-0.0,-0.000803,-0.000178,-0.0,-0.001998,-0.004795,-0.009248,-0.005707,-0.0,-0.001114,-0.008364,-0.001129,-0.004681,-0.0,-0.001099,-0.002442,-0.000321,-0.00017,-0.00492,-0.005344,-0.0,-0.000698,-0.000116,-0.003229,-0.000136,-0.004738,-0.000149,-0.00316,-0.009197,-0.000599,-0.000672,-0.005315,-0.00012,-0.000169,-6.9e-05,-0.000476,-0.005068,-0.005443,-0.0,-0.003847,-0.004571,-0.008838,-0.008902,-0.000142,-0.00888,-0.000197,-0.007144,-0.002596,-0.0,-0.002438,-0.009371,-0.005472,-0.00732,-0.006754,-0.008979,-0.00255,-0.001388,-0.001511,-0.000192,-0.00119,-0.004294,-0.005092,-0.005473
2017-05-31 13:15:00+02:00,-4.8e-05,-0.0,-0.00083,-0.006221,-0.000759,-0.000271,-0.001566,-0.002557,-0.0055,-0.000325,-0.000125,-6e-05,-0.00564,-0.005593,-0.003078,-0.008089,-0.000481,-7.5e-05,-0.000315,-0.008783,-0.0,-0.008734,-0.004382,-0.000111,-0.009306,-0.009093,-0.002281,-0.0,-0.001542,-0.000235,-9.8e-05,-0.005389,-0.0,-0.005101,-0.00552,-8.2e-05,-0.001377,-0.003983,-5.7e-05,-0.009564,-0.002442,-0.00011,-0.003676,-0.0,-0.000674,-0.002508,-0.002385,-0.004507,-0.003314,-0.0,-0.000141,-0.004872,-0.004745,-0.00561,-9.5e-05,-0.0,-0.000643,-0.000143,-0.0,-0.001793,-0.004851,-0.009547,-0.005592,-0.0,-0.000891,-0.008477,-0.001015,-0.004728,-0.0,-0.00098,-0.002343,-0.000257,-0.000136,-0.005005,-0.005535,-0.0,-0.000559,-9.2e-05,-0.003081,-0.000109,-0.004797,-0.000119,-0.002946,-0.0095,-0.000479,-0.000537,-0.005494,-9.6e-05,-0.000135,-5.5e-05,-0.000381,-0.005186,-0.005633,-0.0,-0.003827,-0.004304,-0.009052,-0.009122,-0.000114,-0.009005,-0.000157,-0.007115,-0.002505,-0.0,-0.002381,-0.009652,-0.005663,-0.007204,-0.006693,-0.009205,-0.002497,-0.001251,-0.001379,-0.000154,-0.000952,-0.004117,-0.004947,-0.005664
2017-05-31 13:16:00+02:00,-3.8e-05,-0.0,-0.000664,-0.006173,-0.000608,-0.000217,-0.001483,-0.002508,-0.005622,-0.00026,-0.0001,-4.8e-05,-0.005798,-0.005754,-0.002984,-0.008154,-0.000385,-6e-05,-0.000252,-0.008922,-0.0,-0.008868,-0.004287,-8.9e-05,-0.009476,-0.009271,-0.002223,-0.0,-0.001454,-0.000188,-7.8e-05,-0.00548,-0.0,-0.005152,-0.005684,-6.5e-05,-0.001102,-0.003875,-4.6e-05,-0.009814,-0.002387,-8.8e-05,-0.003553,-0.0,-0.00054,-0.002345,-0.002322,-0.004543,-0.003225,-0.0,-0.000113,-0.004939,-0.004802,-0.005768,-7.6e-05,-0.0,-0.000514,-0.000114,-0.0,-0.001606,-0.004912,-0.009777,-0.005519,-0.0,-0.000713,-0.008586,-0.00091,-0.004782,-0.0,-0.000871,-0.002281,-0.000205,-0.000109,-0.005092,-0.005696,-0.0,-0.000447,-7.4e-05,-0.002942,-8.7e-05,-0.004856,-9.5e-05,-0.002796,-0.00974,-0.000383,-0.00043,-0.005643,-7.7e-05,-0.000108,-4.4e-05,-0.000305,-0.005292,-0.005792,-0.0,-0.003822,-0.004093,-0.00924,-0.009316,-9.1e-05,-0.0091,-0.000126,-0.007112,-0.002449,-0.0,-0.002325,-0.009889,-0.005823,-0.007108,-0.006664,-0.009404,-0.002445,-0.001154,-0.00129,-0.000123,-0.000761,-0.004004,-0.00485,-0.005823
2017-05-31 13:17:00+02:00,-3.1e-05,-0.0,-0.000531,-0.006168,-0.000486,-0.000174,-0.001436,-0.002489,-0.005725,-0.000208,-8e-05,-3.8e-05,-0.005923,-0.005881,-0.002914,-0.00824,-0.000308,-4.8e-05,-0.000201,-0.009055,-0.0,-0.008997,-0.004246,-7.1e-05,-0.009622,-0.009448,-0.002197,-0.0,-0.001399,-0.00015,-6.2e-05,-0.00556,-0.0,-0.005198,-0.005814,-5.2e-05,-0.000881,-0.003821,-3.7e-05,-0.010011,-0.002364,-7.1e-05,-0.003475,-0.0,-0.000432,-0.002241,-0.002289,-0.004584,-0.003159,-0.0,-9e-05,-0.005008,-0.004868,-0.005892,-6e-05,-0.0,-0.000411,-9.1e-05,-0.0,-0.00149,-0.004976,-0.009971,-0.005495,-0.0,-0.00057,-0.008708,-0.000845,-0.004839,-0.0,-0.000804,-0.002244,-0.000164,-8.7e-05,-0.005175,-0.005824,-0.0,-0.000358,-5.9e-05,-0.002865,-7e-05,-0.004922,-7.6e-05,-0.002703,-0.009941,-0.000307,-0.000344,-0.00576,-6.1e-05,-8.6e-05,-3.5e-05,-0.000244,-0.005398,-0.005918,-0.0,-0.003839,-0.003931,-0.009423,-0.009503,-7.3e-05,-0.009185,-0.000101,-0.007142,-0.002416,-0.0,-0.002301,-0.010075,-0.00595,-0.007039,-0.006673,-0.009598,-0.002424,-0.001091,-0.00123,-9.8e-05,-0.000609,-0.003935,-0.004805,-0.005949
2017-05-31 13:18:00+02:00,-2.5e-05,-0.0,-0.000425,-0.006158,-0.000389,-0.000139,-0.001404,-0.00248,-0.005799,-0.000166,-6.4e-05,-3.1e-05,-0.006025,-0.005985,-0.002856,-0.008302,-0.000246,-3.8e-05,-0.000161,-0.009169,-0.0,-0.009108,-0.004225,-5.7e-05,-0.009728,-0.009581,-0.002181,-0.0,-0.001349,-0.00012,-5e-05,-0.005617,-0.0,-0.005231,-0.005921,-4.2e-05,-0.000705,-0.00379,-2.9e-05,-0.010173,-0.002352,-5.6e-05,-0.003413,-0.0,-0.000345,-0.00215,-0.002257,-0.004619,-0.003103,-0.0,-7.2e-05,-0.005065,-0.004916,-0.005994,-4.8e-05,-0.0,-0.000329,-7.3e-05,-0.0,-0.001408,-0.005029,-0.010118,-0.005469,-0.0,-0.000456,-0.008797,-0.000799,-0.004887,-0.0,-0.000755,-0.002214,-0.000131,-7e-05,-0.005244,-0.005929,-0.0,-0.000286,-4.7e-05,-0.002813,-5.6e-05,-0.00497,-6.1e-05,-0.002621,-0.010095,-0.000245,-0.000275,-0.005855,-4.9e-05,-6.9e-05,-2.8e-05,-0.000195,-0.005477,-0.006022,-0.0,-0.003848,-0.003798,-0.00956,-0.009644,-5.8e-05,-0.009244,-8.1e-05,-0.007161,-0.002389,-0.0,-0.002288,-0.010229,-0.006054,-0.006979,-0.006674,-0.009743,-0.002413,-0.001036,-0.001182,-7.9e-05,-0.000487,-0.003881,-0.004761,-0.006051
2017-05-31 13:19:00+02:00,-2e-05,-0.0,-0.00034,-0.006152,-0.000311,-0.000111,-0.001356,-0.00245,-0.005845,-0.000133,-5.1e-05,-2.4e-05,-0.006109,-0.006071,-0.002794,-0.008355,-0.000197,-3.1e-05,-0.000129,-0.009239,-0.0,-0.009176,-0.00417,-4.5e-05,-0.009793,-0.009693,-0.002147,-0.0,-0.001309,-9.6e-05,-4e-05,-0.005649,-0.0,-0.005242,-0.006009,-3.3e-05,-0.000564,-0.003727,-2.3e-05,-0.010306,-0.00232,-4.5e-05,-0.003348,-0.0,-0.000276,-0.002074,-0.002231,-0.004636,-0.003043,-0.0,-5.8e-05,-0.0051,-0.004957,-0.006078,-3.9e-05,-0.0,-0.000263,-5.8e-05,-0.0,-0.001307,-0.005059,-0.010206,-0.005449,-0.0,-0.000365,-0.008873,-0.000743,-0.004913,-0.0,-0.000696,-0.00218,-0.000105,-5.6e-05,-0.005288,-0.006015,-0.0,-0.000229,-3.8e-05,-0.002733,-4.5e-05,-0.005011,-4.9e-05,-0.002553,-0.010189,-0.000196,-0.00022,-0.005931,-3.9e-05,-5.5e-05,-2.3e-05,-0.000156,-0.005543,-0.006106,-0.0,-0.003857,-0.003665,-0.009675,-0.009761,-4.7e-05,-0.009268,-6.4e-05,-0.007179,-0.002359,-0.0,-0.002255,-0.010356,-0.006139,-0.006903,-0.006677,-0.009865,-0.002381,-0.00099,-0.001134,-6.3e-05,-0.00039,-0.003821,-0.004726,-0.006134
2017-05-31 13:20:00+02:00,-1.6e-05,-0.0,-0.000272,-0.006137,-0.000249,-8.9e-05,-0.001318,-0.002424,-0.005877,-0.000106,-4.1e-05,-2e-05,-0.006174,-0.006137,-0.002741,-0.008387,-0.000158,-2.4e-05,-0.000103,-0.009277,-0.0,-0.009213,-0.004124,-3.6e-05,-0.009836,-0.009772,-0.002118,-0.0,-0.001273,-7.7e-05,-3.2e-05,-0.00567,-0.0,-0.005246,-0.006077,-2.7e-05,-0.000451,-0.003676,-1.9e-05,-0.010406,-0.002294,-3.6e-05,-0.003293,-0.0,-0.000221,-0.002008,-0.002206,-0.004641,-0.00299,-0.0,-4.6e-05,-0.00512,-0.004984,-0.006142,-3.1e-05,-0.0,-0.000211,-4.7e-05,-0.0,-0.001229,-0.005075,-0.010267,-0.005422,-0.0,-0.000292,-0.008923,-0.000699,-0.004925,-0.0,-0.00065,-0.002152,-8.4e-05,-4.5e-05,-0.005313,-0.006082,-0.0,-0.000183,-3e-05,-0.00267,-3.6e-05,-0.005037,-3.9e-05,-0.002493,-0.010256,-0.000157,-0.000176,-0.005988,-3.1e-05,-4.4e-05,-1.8e-05,-0.000125,-0.005591,-0.006171,-0.0,-0.003859,-0.003552,-0.009756,-0.009845,-3.7e-05,-0.009276,-5.2e-05,-0.007182,-0.002332,-0.0,-0.002228,-0.010452,-0.006205,-0.006835,-0.006669,-0.009952,-0.002354,-0.00095,-0.001095,-5e-05,-0.000312,-0.00377,-0.004689,-0.006197
2017-05-31 13:21:00+02:00,-1.3e-05,-0.0,-0.000217,-0.006126,-0.000199,-7.1e-05,-0.00128,-0.002396,-0.005873,-8.5e-05,-3.3e-05,-1.6e-05,-0.006227,-0.006191,-0.002676,-0.008414,-0.000126,-2e-05,-8.2e-05,-0.009284,-0.0,-0.009219,-0.004074,-2.9e-05,-0.009825,-0.009835,-0.002088,-0.0,-0.001245,-6.1e-05,-2.6e-05,-0.005659,-0.0,-0.005222,-0.006134,-2.1e-05,-0.000361,-0.003622,-1.5e-05,-0.01049,-0.002265,-2.9e-05,-0.003234,-0.0,-0.000177,-0.001957,-0.002185,-0.004632,-0.002925,-0.0,-3.7e-05,-0.005122,-0.005005,-0.006196,-2.5e-05,-0.0,-0.000168,-3.7e-05,-0.0,-0.001153,-0.005073,-0.010263,-0.005402,-0.0,-0.000234,-0.008963,-0.000655,-0.00492,-0.0,-0.000605,-0.002119,-6.7e-05,-3.6e-05,-0.005319,-0.006138,-0.0,-0.000146,-2.4e-05,-0.002605,-2.9e-05,-0.005057,-3.1e-05,-0.002447,-0.010256,-0.000126,-0.000141,-0.006035,-2.5e-05,-3.5e-05,-1.4e-05,-0.0001,-0.005629,-0.006225,-0.0,-0.003861,-0.003426,-0.00982,-0.009911,-3e-05,-0.009238,-4.1e-05,-0.007186,-0.0023,-0.0,-0.002198,-0.010532,-0.00626,-0.006738,-0.006663,-0.010021,-0.002324,-0.000919,-0.001055,-4e-05,-0.000249,-0.003713,-0.00466,-0.006249
2017-05-31 13:22:00+02:00,-1e-05,-0.0,-0.000174,-0.006146,-0.000159,-5.7e-05,-0.001261,-0.002388,-0.005881,-6.8e-05,-2.6e-05,-1.3e-05,-0.006273,-0.006238,-0.002635,-0.008465,-0.000101,-1.6e-05,-6.6e-05,-0.009327,-0.0,-0.009263,-0.00406,-2.3e-05,-0.009837,-0.009917,-0.002077,-0.0,-0.001236,-4.9e-05,-2e-05,-0.005662,-0.0,-0.005214,-0.006183,-1.7e-05,-0.000289,-0.003603,-1.2e-05,-0.010564,-0.002256,-2.3e-05,-0.003214,-0.0,-0.000141,-0.00194,-0.002183,-0.004644,-0.002883,-0.0,-2.9e-05,-0.005145,-0.00504,-0.006242,-2e-05,-0.0,-0.000135,-3e-05,-0.0,-0.001112,-0.005093,-0.01028,-0.005415,-0.0,-0.000187,-0.009027,-0.000632,-0.004937,-0.0,-0.000581,-0.002109,-5.4e-05,-2.9e-05,-0.005346,-0.006186,-0.0,-0.000117,-1.9e-05,-0.002576,-2.3e-05,-0.005091,-2.5e-05,-0.002434,-0.010277,-0.000101,-0.000113,-0.006074,-2e-05,-2.8e-05,-1.2e-05,-8e-05,-0.005677,-0.006271,-0.0,-0.003879,-0.003343,-0.009901,-0.009995,-2.4e-05,-0.009226,-3.3e-05,-0.007219,-0.002291,-0.0,-0.002189,-0.010603,-0.006307,-0.00668,-0.006686,-0.010108,-0.002315,-0.000908,-0.001038,-3.2e-05,-0.0002,-0.003696,-0.004665,-0.006293
2017-05-31 13:23:00+02:00,-8e-06,-0.0,-0.000139,-0.006178,-0.000127,-4.6e-05,-0.001258,-0.002398,-0.005896,-5.4e-05,-2.1e-05,-1e-05,-0.00631,-0.006276,-0.002613,-0.00852,-8.1e-05,-1.3e-05,-5.3e-05,-0.009382,-0.0,-0.009318,-0.004078,-1.9e-05,-0.009861,-0.009993,-0.002082,-0.0,-0.001236,-3.9e-05,-1.6e-05,-0.005673,-0.0,-0.005217,-0.006223,-1.4e-05,-0.000231,-0.003612,-1e-05,-0.010622,-0.002264,-1.9e-05,-0.003208,-0.0,-0.000113,-0.001937,-0.002189,-0.004663,-0.00286,-0.0,-2.4e-05,-0.005175,-0.005077,-0.006279,-1.6e-05,-0.0,-0.000108,-2.4e-05,-0.0,-0.001096,-0.005119,-0.010311,-0.00544,-0.0,-0.00015,-0.00909,-0.000623,-0.00496,-0.0,-0.000571,-0.002107,-4.3e-05,-2.3e-05,-0.00538,-0.006225,-0.0,-9.4e-05,-1.6e-05,-0.002574,-1.8e-05,-0.005125,-2e-05,-0.002436,-0.010311,-8e-05,-9e-05,-0.006104,-1.6e-05,-2.3e-05,-9e-06,-6.4e-05,-0.005724,-0.006309,-0.0,-0.003903,-0.003295,-0.009976,-0.010071,-1.9e-05,-0.009231,-2.6e-05,-0.00726,-0.00229,-0.0,-0.002196,-0.010659,-0.006345,-0.006649,-0.006719,-0.010188,-0.002326,-0.000906,-0.001029,-2.6e-05,-0.00016,-0.003693,-0.004682,-0.006328
2017-05-31 13:24:00+02:00,-6e-06,-0.0,-0.000111,-0.006203,-0.000102,-3.6e-05,-0.001239,-0.002388,-0.005925,-4.4e-05,-1.7e-05,-8e-06,-0.006343,-0.00631,-0.002607,-0.008566,-6.5e-05,-1e-05,-4.2e-05,-0.009374,-0.0,-0.00931,-0.004062,-1.5e-05,-0.009912,-0.010059,-0.002068,-0.0,-0.001234,-3.1e-05,-1.3e-05,-0.0057,-0.0,-0.005236,-0.006258,-1.1e-05,-0.000185,-0.00359,-8e-06,-0.010674,-0.002252,-1.5e-05,-0.003178,-0.0,-9.1e-05,-0.001931,-0.002191,-0.004648,-0.002852,-0.0,-1.9e-05,-0.00517,-0.005107,-0.006312,-1.3e-05,-0.0,-8.6e-05,-1.9e-05,-0.0,-0.001056,-0.00511,-0.010367,-0.005459,-0.0,-0.00012,-0.009144,-0.0006,-0.00495,-0.0,-0.000548,-0.00209,-3.4e-05,-1.8e-05,-0.005376,-0.00626,-0.0,-7.5e-05,-1.2e-05,-0.002543,-1.5e-05,-0.005154,-1.6e-05,-0.002433,-0.01037,-6.4e-05,-7.2e-05,-0.00613,-1.3e-05,-1.8e-05,-7e-06,-5.1e-05,-0.005763,-0.006342,-0.0,-0.003922,-0.003274,-0.010041,-0.010138,-1.5e-05,-0.009265,-2.1e-05,-0.007294,-0.002272,-0.0,-0.002184,-0.01071,-0.006379,-0.006647,-0.006746,-0.010257,-0.002315,-0.000901,-0.001009,-2.1e-05,-0.000128,-0.003663,-0.004695,-0.006359
2017-05-31 13:25:00+02:00,-5e-06,-0.0,-8.9e-05,-0.006227,-8.2e-05,-2.9e-05,-0.001243,-0.002402,-0.005961,-3.5e-05,-1.3e-05,-6e-06,-0.006375,-0.006343,-0.002611,-0.008608,-5.2e-05,-8e-06,-3.4e-05,-0.009402,-0.0,-0.009339,-0.004089,-1.2e-05,-0.009978,-0.010119,-0.002079,-0.0,-0.00123,-2.5e-05,-1e-05,-0.005734,-0.0,-0.005264,-0.006292,-9e-06,-0.000148,-0.00361,-6e-06,-0.010728,-0.002265,-1.2e-05,-0.00316,-0.0,-7.2e-05,-0.001925,-0.002193,-0.00465,-0.002855,-0.0,-1.5e-05,-0.005182,-0.005133,-0.006345,-1e-05,-0.0,-6.9e-05,-1.5e-05,-0.0,-0.001056,-0.00512,-0.010438,-0.005478,-0.0,-9.6e-05,-0.009193,-0.0006,-0.004957,-0.0,-0.000547,-0.00208,-2.8e-05,-1.5e-05,-0.005392,-0.006294,-0.0,-6e-05,-1e-05,-0.002555,-1.2e-05,-0.005178,-1.3e-05,-0.00243,-0.010445,-5.1e-05,-5.8e-05,-0.006155,-1e-05,-1.4e-05,-6e-06,-4.1e-05,-0.005797,-0.006374,-0.0,-0.003939,-0.00327,-0.010098,-0.010197,-1.2e-05,-0.009316,-1.7e-05,-0.007325,-0.002263,-0.0,-0.002197,-0.010763,-0.006411,-0.006665,-0.00677,-0.010319,-0.00233,-0.000895,-0.000993,-1.7e-05,-0.000102,-0.003647,-0.004706,-0.006388
2017-05-31 13:26:00+02:00,-4e-06,-0.0,-7.1e-05,-0.006248,-6.5e-05,-2.3e-05,-0.001243,-0.002412,-0.005989,-2.8e-05,-1.1e-05,-5e-06,-0.006405,-0.006374,-0.002609,-0.008648,-4.1e-05,-6e-06,-2.7e-05,-0.009434,-0.0,-0.009371,-0.00411,-1e-05,-0.010034,-0.010176,-0.002085,-0.0,-0.001225,-2e-05,-8e-06,-0.005761,-0.0,-0.005285,-0.006325,-7e-06,-0.000118,-0.003624,-5e-06,-0.010782,-0.002273,-9e-06,-0.003141,-0.0,-5.8e-05,-0.001916,-0.002193,-0.004652,-0.002853,-0.0,-1.2e-05,-0.005195,-0.005156,-0.006375,-8e-06,-0.0,-5.5e-05,-1.2e-05,-0.0,-0.001048,-0.005129,-0.010498,-0.005493,-0.0,-7.7e-05,-0.009239,-0.000595,-0.004964,-0.0,-0.000542,-0.002068,-2.2e-05,-1.2e-05,-0.005408,-0.006326,-0.0,-4.8e-05,-8e-06,-0.00256,-9e-06,-0.0052,-1e-05,-0.002426,-0.010507,-4.1e-05,-4.6e-05,-0.00618,-8e-06,-1.2e-05,-5e-06,-3.3e-05,-0.005827,-0.006405,-0.0,-0.003954,-0.003258,-0.010153,-0.010253,-1e-05,-0.009357,-1.4e-05,-0.007353,-0.002252,-0.0,-0.002205,-0.010816,-0.006442,-0.006675,-0.006793,-0.010377,-0.002339,-0.000888,-0.000975,-1.3e-05,-8.2e-05,-0.00363,-0.004715,-0.006416
2017-05-31 13:27:00+02:00,-3e-06,-0.0,-5.7e-05,-0.006281,-5.2e-05,-1.9e-05,-0.001237,-0.002414,-0.006026,-2.2e-05,-9e-06,-4e-06,-0.006437,-0.006406,-0.002614,-0.008702,-3.3e-05,-5e-06,-2.2e-05,-0.009455,-0.0,-0.009393,-0.00412,-8e-06,-0.01011,-0.010248,-0.002085,-0.0,-0.001223,-1.6e-05,-7e-06,-0.005797,-0.0,-0.005315,-0.006359,-6e-06,-9.5e-05,-0.003628,-4e-06,-0.010842,-0.002275,-8e-06,-0.003121,-0.0,-4.6e-05,-0.001913,-0.002197,-0.004647,-0.002858,-0.0,-1e-05,-0.005198,-0.005186,-0.006407,-6e-06,-0.0,-4.4e-05,-1e-05,-0.0,-0.001031,-0.00513,-0.010579,-0.005519,-0.0,-6.1e-05,-0.009301,-0.000585,-0.004964,-0.0,-0.000531,-0.002055,-1.8e-05,-9e-06,-0.005416,-0.00636,-0.0,-3.8e-05,-6e-06,-0.002555,-7e-06,-0.005228,-8e-06,-0.002427,-0.010591,-3.3e-05,-3.7e-05,-0.006206,-7e-06,-9e-06,-4e-06,-2.6e-05,-0.005864,-0.006436,-0.0,-0.003974,-0.003258,-0.010224,-0.010325,-8e-06,-0.009418,-1.1e-05,-0.007396,-0.002239,-0.0,-0.002206,-0.010877,-0.006474,-0.006703,-0.006828,-0.010452,-0.002342,-0.000884,-0.000957,-1.1e-05,-6.5e-05,-0.003612,-0.004734,-0.006446
2017-05-31 13:28:00+02:00,-3e-06,-0.0,-4.6e-05,-0.006333,-4.2e-05,-1.5e-05,-0.001239,-0.002427,-0.00607,-1.8e-05,-7e-06,-3e-06,-0.00647,-0.00644,-0.002624,-0.008779,-2.6e-05,-4e-06,-1.7e-05,-0.00949,-0.0,-0.009428,-0.00415,-6e-06,-0.010203,-0.010345,-0.002095,-0.0,-0.001226,-1.3e-05,-5e-06,-0.005838,-0.0,-0.005352,-0.006394,-4e-06,-7.6e-05,-0.003651,-3e-06,-0.010911,-0.002286,-6e-06,-0.003107,-0.0,-3.7e-05,-0.00192,-0.002207,-0.004648,-0.002868,-0.0,-8e-06,-0.005205,-0.005225,-0.00644,-5e-06,-0.0,-3.5e-05,-8e-06,-0.0,-0.001027,-0.005135,-0.010674,-0.005562,-0.0,-4.9e-05,-0.009385,-0.000581,-0.004967,-0.0,-0.000527,-0.002044,-1.4e-05,-7e-06,-0.005428,-0.006395,-0.0,-3.1e-05,-5e-06,-0.002567,-6e-06,-0.005265,-7e-06,-0.00244,-0.010689,-2.6e-05,-3e-05,-0.006233,-5e-06,-7e-06,-3e-06,-2.1e-05,-0.00591,-0.006469,-0.0,-0.004002,-0.003267,-0.010319,-0.010422,-6e-06,-0.009495,-9e-06,-0.007459,-0.00223,-0.0,-0.002217,-0.010946,-0.006506,-0.006745,-0.006883,-0.010551,-0.002355,-0.000884,-0.00094,-8e-06,-5.2e-05,-0.003601,-0.004768,-0.006476
2017-05-31 13:29:00+02:00,-2e-06,-0.0,-3.6e-05,-0.006402,-3.3e-05,-1.2e-05,-0.001247,-0.002445,-0.006121,-1.4e-05,-6e-06,-3e-06,-0.006494,-0.006465,-0.002644,-0.008875,-2.1e-05,-3e-06,-1.4e-05,-0.009653,-0.0,-0.009592,-0.004191,-5e-06,-0.010314,-0.010462,-0.002109,-0.0,-0.001238,-1e-05,-4e-06,-0.005888,-0.0,-0.005398,-0.006421,-4e-06,-6.1e-05,-0.003684,-3e-06,-0.010969,-0.002302,-5e-06,-0.003167,-0.0,-3e-05,-0.001942,-0.002226,-0.004723,-0.002887,-0.0,-6e-06,-0.005287,-0.005275,-0.006465,-4e-06,-0.0,-2.8e-05,-6e-06,-0.0,-0.001033,-0.005215,-0.010789,-0.005622,-0.0,-3.9e-05,-0.009489,-0.000584,-0.005044,-0.0,-0.000529,-0.002078,-1.1e-05,-6e-06,-0.005515,-0.006421,-0.0,-2.5e-05,-4e-06,-0.00259,-5e-06,-0.005313,-5e-06,-0.002467,-0.010793,-2.1e-05,-2.4e-05,-0.006253,-4e-06,-6e-06,-2e-06,-1.7e-05,-0.005966,-0.006494,-0.0,-0.004041,-0.003293,-0.010435,-0.010539,-5e-06,-0.009591,-7e-06,-0.007539,-0.002266,-0.0,-0.002233,-0.011003,-0.006529,-0.006807,-0.006956,-0.01067,-0.002373,-0.000893,-0.00096,-7e-06,-4.2e-05,-0.003667,-0.004819,-0.006498
2017-05-31 13:30:00+02:00,-2e-06,-0.0,-2.9e-05,-0.006431,-2.7e-05,-1e-05,-0.001241,-0.002446,-0.006156,-1.1e-05,-4e-06,-2e-06,-0.006523,-0.006494,-0.002649,-0.008927,-1.7e-05,-3e-06,-1.1e-05,-0.00976,-0.0,-0.0097,-0.004199,-4e-06,-0.010393,-0.01053,-0.002108,-0.0,-0.001229,-8e-06,-3e-06,-0.005921,-0.0,-0.005428,-0.006451,-3e-06,-4.8e-05,-0.003688,-2e-06,-0.01103,-0.002302,-4e-06,-0.003188,-0.0,-2.4e-05,-0.001928,-0.002225,-0.004769,-0.002892,-0.0,-5e-06,-0.005339,-0.0053,-0.006494,-3e-06,-0.0,-2.3e-05,-5e-06,-0.0,-0.001015,-0.005265,-0.010874,-0.005643,-0.0,-3.1e-05,-0.009548,-0.000572,-0.005092,-0.0,-0.000517,-0.00209,-9e-06,-5e-06,-0.00557,-0.006452,-0.0,-2e-05,-3e-06,-0.002585,-4e-06,-0.005336,-4e-06,-0.002459,-0.010884,-1.7e-05,-1.9e-05,-0.006276,-3e-06,-5e-06,-2e-06,-1.3e-05,-0.005996,-0.006523,-0.0,-0.004056,-0.003293,-0.010502,-0.010606,-4e-06,-0.009656,-6e-06,-0.007578,-0.002279,-0.0,-0.002233,-0.011065,-0.006556,-0.006841,-0.006988,-0.01074,-0.002373,-0.000882,-0.000961,-5e-06,-3.3e-05,-0.003694,-0.004832,-0.006524
2017-05-31 13:31:00+02:00,-1e-06,-0.0,-2.3e-05,-0.006431,-2.1e-05,-8e-06,-0.001219,-0.002426,-0.006191,-9e-06,-4e-06,-2e-06,-0.006543,-0.006514,-0.002655,-0.008941,-1.4e-05,-2e-06,-9e-06,-0.009843,-0.0,-0.009784,-0.004169,-3e-06,-0.010465,-0.010552,-0.00209,-0.0,-0.00121,-7e-06,-3e-06,-0.005954,-0.0,-0.005458,-0.006473,-2e-06,-3.9e-05,-0.003659,-2e-06,-0.011069,-0.002284,-3e-06,-0.003199,-0.0,-1.9e-05,-0.001896,-0.002211,-0.004804,-0.002899,-0.0,-4e-06,-0.00538,-0.005305,-0.006514,-3e-06,-0.0,-1.8e-05,-4e-06,-0.0,-0.000976,-0.005305,-0.010954,-0.005637,-0.0,-2.5e-05,-0.009565,-0.00055,-0.005129,-0.0,-0.000493,-0.002096,-7e-06,-4e-06,-0.005615,-0.006473,-0.0,-1.6e-05,-3e-06,-0.002552,-3e-06,-0.00534,-3e-06,-0.002431,-0.010956,-1.3e-05,-1.5e-05,-0.00629,-3e-06,-4e-06,-2e-06,-1.1e-05,-0.006003,-0.006543,-0.0,-0.004056,-0.003294,-0.01052,-0.010625,-3e-06,-0.009716,-4e-06,-0.007584,-0.002287,-0.0,-0.002215,-0.011104,-0.006574,-0.006872,-0.006988,-0.010761,-0.002353,-0.000861,-0.000958,-4e-06,-2.7e-05,-0.00371,-0.004819,-0.006541
2017-05-31 13:32:00+02:00,-1e-06,-0.0,-1.9e-05,-0.006369,-1.7e-05,-6e-06,-0.001185,-0.00239,-0.006181,-7e-06,-3e-06,-1e-06,-0.006556,-0.006527,-0.002631,-0.008886,-1.1e-05,-2e-06,-7e-06,-0.009855,-0.0,-0.009797,-0.004112,-2e-06,-0.010466,-0.010501,-0.002056,-0.0,-0.001165,-5e-06,-2e-06,-0.005943,-0.0,-0.005447,-0.006487,-2e-06,-3.1e-05,-0.003606,-1e-06,-0.011099,-0.00225,-2e-06,-0.003169,-0.0,-1.5e-05,-0.001821,-0.002168,-0.004801,-0.002873,-0.0,-3e-06,-0.00538,-0.005269,-0.006527,-2e-06,-0.0,-1.4e-05,-3e-06,-0.0,-0.000917,-0.005305,-0.010956,-0.005572,-0.0,-2e-05,-0.009512,-0.000515,-0.005126,-0.0,-0.000457,-0.002077,-6e-06,-3e-06,-0.005618,-0.006488,-0.0,-1.3e-05,-2e-06,-0.002495,-2e-06,-0.005301,-3e-06,-0.002358,-0.010965,-1.1e-05,-1.2e-05,-0.006297,-2e-06,-3e-06,-1e-06,-9e-06,-0.005966,-0.006556,-0.0,-0.004017,-0.003247,-0.010469,-0.010574,-3e-06,-0.009707,-4e-06,-0.007525,-0.002269,-0.0,-0.002181,-0.011134,-0.006585,-0.006845,-0.006926,-0.01071,-0.002318,-0.000816,-0.000934,-3e-06,-2.1e-05,-0.003682,-0.004752,-0.006551
2017-05-31 13:33:00+02:00,-1e-06,-0.0,-1.5e-05,-0.006353,-1.4e-05,-5e-06,-0.001167,-0.002371,-0.006167,-6e-06,-2e-06,-1e-06,-0.006565,-0.006536,-0.002609,-0.008876,-9e-06,-1e-06,-6e-06,-0.009874,-0.0,-0.009817,-0.004086,-2e-06,-0.010458,-0.010493,-0.002039,-0.0,-0.001145,-4e-06,-2e-06,-0.005928,-0.0,-0.005433,-0.006498,-1e-06,-2.5e-05,-0.003581,-1e-06,-0.011121,-0.002234,-2e-06,-0.003156,-0.0,-1.2e-05,-0.001789,-0.00215,-0.004803,-0.00285,-0.0,-3e-06,-0.005384,-0.00526,-0.006537,-2e-06,-0.0,-1.2e-05,-3e-06,-0.0,-0.000886,-0.005309,-0.010945,-0.005553,-0.0,-1.6e-05,-0.009503,-0.000497,-0.005128,-0.0,-0.000439,-0.002068,-5e-06,-2e-06,-0.005625,-0.006498,-0.0,-1e-05,-2e-06,-0.002468,-2e-06,-0.00529,-2e-06,-0.002327,-0.01096,-9e-06,-1e-05,-0.0063,-2e-06,-2e-06,-1e-06,-7e-06,-0.005955,-0.006565,-0.0,-0.004006,-0.003208,-0.010461,-0.010565,-2e-06,-0.00969,-3e-06,-0.007512,-0.00226,-0.0,-0.002165,-0.011158,-0.006591,-0.006817,-0.00691,-0.010702,-0.0023,-0.000795,-0.000922,-3e-06,-1.7e-05,-0.003671,-0.004729,-0.006558
2017-05-31 13:34:00+02:00,-1e-06,-0.0,-1.2e-05,-0.006275,-1.1e-05,-4e-06,-0.001151,-0.002343,-0.006119,-5e-06,-2e-06,-1e-06,-0.006322,-0.006293,-0.002583,-0.008774,-7e-06,-1e-06,-5e-06,-0.009815,-0.0,-0.009759,-0.004039,-2e-06,-0.010376,-0.010377,-0.002015,-0.0,-0.001119,-3e-06,-1e-06,-0.005884,-0.0,-0.005393,-0.006257,-1e-06,-2e-05,-0.003542,-1e-06,-0.010644,-0.002211,-2e-06,-0.003129,-0.0,-1e-05,-0.001744,-0.002115,-0.004773,-0.002821,-0.0,-2e-06,-0.005356,-0.005206,-0.006293,-1e-06,-0.0,-9e-06,-2e-06,-0.0,-0.000867,-0.005281,-0.010693,-0.005479,-0.0,-1.3e-05,-0.009397,-0.000486,-0.005096,-0.0,-0.000428,-0.002052,-4e-06,-2e-06,-0.005598,-0.006257,-0.0,-8e-06,-1e-06,-0.002438,-2e-06,-0.005234,-2e-06,-0.002278,-0.010669,-7e-06,-8e-06,-0.006015,-1e-06,-2e-06,-1e-06,-5e-06,-0.005893,-0.006322,-0.0,-0.003962,-0.003168,-0.010348,-0.010451,-2e-06,-0.009609,-2e-06,-0.007422,-0.002242,-0.0,-0.002142,-0.010678,-0.006334,-0.006755,-0.006826,-0.010584,-0.002275,-0.000771,-0.000912,-2e-06,-1.4e-05,-0.003641,-0.004661,-0.006301
2017-05-31 13:35:00+02:00,-1e-06,-0.0,-1e-05,-0.00612,-9e-06,-3e-06,-0.001103,-0.002276,-0.00601,-4e-06,-1e-06,-1e-06,-0.006333,-0.006304,-0.002524,-0.00858,-6e-06,-1e-06,-4e-06,-0.0096,-0.0,-0.009545,-0.003925,-1e-06,-0.010199,-0.010158,-0.001954,-0.0,-0.001065,-3e-06,-1e-06,-0.005779,-0.0,-0.005298,-0.006268,-1e-06,-1.6e-05,-0.003439,-1e-06,-0.010671,-0.002148,-1e-06,-0.003017,-0.0,-8e-06,-0.001654,-0.002046,-0.004654,-0.002756,-0.0,-2e-06,-0.005234,-0.005093,-0.006304,-1e-06,-0.0,-7e-06,-2e-06,-0.0,-0.000801,-0.00516,-0.010548,-0.005336,-0.0,-1e-05,-0.009193,-0.000448,-0.004976,-0.0,-0.00039,-0.001983,-3e-06,-2e-06,-0.005476,-0.006268,-0.0,-6e-06,-1e-06,-0.00235,-1e-06,-0.005118,-1e-06,-0.002181,-0.010537,-6e-06,-6e-06,-0.006026,-1e-06,-2e-06,-1e-06,-4e-06,-0.005767,-0.006333,-0.0,-0.003868,-0.003081,-0.010132,-0.010232,-1e-06,-0.009438,-2e-06,-0.007249,-0.002169,-0.0,-0.00208,-0.010704,-0.006345,-0.006623,-0.006662,-0.010361,-0.002209,-0.000722,-0.000861,-2e-06,-1.1e-05,-0.00352,-0.004528,-0.006312
2017-05-31 13:36:00+02:00,-0.0,-0.0,-8e-06,-0.006176,-7e-06,-3e-06,-0.001115,-0.002285,-0.006044,-3e-06,-1e-06,-1e-06,-0.006402,-0.006373,-0.002558,-0.008638,-4e-06,-1e-06,-3e-06,-0.009616,-0.0,-0.009563,-0.00395,-1e-06,-0.010279,-0.010217,-0.001965,-0.0,-0.00109,-2e-06,-1e-06,-0.005813,-0.0,-0.005335,-0.006338,-1e-06,-1.3e-05,-0.003463,-1e-06,-0.010809,-0.002159,-1e-06,-0.003047,-0.0,-6e-06,-0.001701,-0.00207,-0.004653,-0.002788,-0.0,-1e-06,-0.005235,-0.00512,-0.006373,-1e-06,-0.0,-6e-06,-1e-06,-0.0,-0.000827,-0.005162,-0.010659,-0.00539,-0.0,-8e-06,-0.009251,-0.000462,-0.004977,-0.0,-0.000405,-0.001996,-2e-06,-1e-06,-0.005478,-0.006338,-0.0,-5e-06,-1e-06,-0.002374,-1e-06,-0.005143,-1e-06,-0.002229,-0.010659,-4e-06,-5e-06,-0.006095,-1e-06,-1e-06,-1e-06,-4e-06,-0.005791,-0.006402,-0.0,-0.003896,-0.00314,-0.010186,-0.010286,-1e-06,-0.009512,-1e-06,-0.007306,-0.002181,-0.0,-0.002091,-0.010845,-0.006412,-0.006689,-0.006716,-0.010419,-0.00222,-0.000747,-0.000877,-1e-06,-9e-06,-0.003549,-0.00458,-0.00638
2017-05-31 13:37:00+02:00,-0.0,-0.0,-6e-06,-0.00636,-6e-06,-2e-06,-0.001166,-0.002346,-0.00615,-2e-06,-1e-06,-0.0,-0.006458,-0.006429,-0.002658,-0.008853,-4e-06,-1e-06,-2e-06,-0.00984,-0.0,-0.009788,-0.004063,-1e-06,-0.010493,-0.010452,-0.002021,-0.0,-0.001161,-2e-06,-1e-06,-0.005953,-0.0,-0.005471,-0.006395,-1e-06,-6.6e-05,-0.003567,-0.0,-0.010918,-0.002221,-1e-06,-0.003202,-0.0,-5e-06,-0.001824,-0.00215,-0.004763,-0.002889,-0.0,-1e-06,-0.005355,-0.005243,-0.006429,-1e-06,-0.0,-5e-06,-1e-06,-0.0,-0.000912,-0.005282,-0.010811,-0.005563,-0.0,-7e-06,-0.009474,-0.000509,-0.005092,-0.0,-0.000453,-0.002086,-2e-06,-1e-06,-0.005604,-0.006395,-0.0,-4e-06,-1e-06,-0.00247,-1e-06,-0.005264,-1e-06,-0.00236,-0.010806,-4e-06,-4e-06,-0.006149,-1e-06,-1e-06,-0.0,-3e-06,-0.005919,-0.006458,-0.0,-0.004003,-0.003298,-0.010372,-0.010471,-1e-06,-0.009756,-1e-06,-0.007504,-0.00227,-0.0,-0.002152,-0.010955,-0.006467,-0.006891,-0.006902,-0.010606,-0.002282,-0.000814,-0.000955,-1e-06,-7e-06,-0.003709,-0.004741,-0.006435
2017-05-31 13:38:00+02:00,-0.0,-0.0,-5e-06,-0.006038,-4e-06,-2e-06,-0.001097,-0.002221,-0.004833,-2e-06,-1e-06,-0.0,-0.004945,-0.004919,-0.002537,-0.008296,-3e-06,-0.0,-2e-06,-0.008282,-0.0,-0.008303,-0.003846,-1e-06,-0.008284,-0.008296,-0.001911,-0.0,-0.001096,-1e-06,-1e-06,-0.004944,-0.0,-0.004919,-0.004886,-0.0,-5.3e-05,-0.003377,-0.0,-0.008282,-0.002104,-1e-06,-0.003052,-0.0,-4e-06,-0.001718,-0.002036,-0.004531,-0.002755,-0.0,-1e-06,-0.004944,-0.004945,-0.004919,-1e-06,-0.0,-4e-06,-1e-06,-0.0,-0.000848,-0.004918,-0.008303,-0.005277,-0.0,-5e-06,-0.008296,-0.000473,-0.004755,-0.0,-0.00042,-0.001992,-2e-06,-1e-06,-0.004919,-0.004886,-0.0,-3e-06,-1e-06,-0.002331,-1e-06,-0.004918,-1e-06,-0.002228,-0.008298,-3e-06,-3e-06,-0.00465,-1e-06,-1e-06,-0.0,-2e-06,-0.004944,-0.004945,-0.0,-0.003807,-0.003142,-0.008191,-0.00823,-1e-06,-0.008282,-1e-06,-0.007125,-0.002163,-0.0,-0.002038,-0.008296,-0.004944,-0.006575,-0.006557,-0.008282,-0.002163,-0.000765,-0.000913,-1e-06,-6e-06,-0.003534,-0.004496,-0.004918
2017-05-31 13:39:00+02:00,-0.0,-0.0,-4e-06,-0.005313,-4e-06,-1e-06,-0.000878,-0.001898,-0.004458,-2e-06,-1e-06,-0.0,-0.004882,-0.004769,-0.002232,-0.00739,-2e-06,-0.0,-1e-06,-0.007474,-0.0,-0.007482,-0.003286,-1e-06,-0.007652,-0.007566,-0.001617,-0.0,-0.00088,-1e-06,-0.0,-0.004522,-0.0,-0.004451,-0.004603,-0.0,-4.2e-05,-0.002863,-0.0,-0.007831,-0.001789,-1e-06,-0.002581,-0.0,-3e-06,-0.001374,-0.001742,-0.00401,-0.002432,-0.0,-1e-06,-0.004402,-0.0044,-0.004859,-0.0,-0.0,-3e-06,-1e-06,-0.0,-0.000679,-0.004374,-0.007724,-0.004616,-0.0,-4e-06,-0.007458,-0.000378,-0.004224,-0.0,-0.000336,-0.001697,-1e-06,-1e-06,-0.00441,-0.004694,-0.0,-3e-06,-0.0,-0.001905,-1e-06,-0.00438,-1e-06,-0.001828,-0.007727,-2e-06,-3e-06,-0.004557,-0.0,-1e-06,-0.0,-2e-06,-0.004472,-0.00486,-0.0,-0.003357,-0.002721,-0.007496,-0.007532,-1e-06,-0.007561,-1e-06,-0.006305,-0.001856,-0.0,-0.001728,-0.008242,-0.004879,-0.005881,-0.005791,-0.00758,-0.001842,-0.000612,-0.00073,-1e-06,-4e-06,-0.003021,-0.003901,-0.004809
2017-05-31 13:40:00+02:00,-0.0,-0.0,-3e-06,-0.005249,-3e-06,-1e-06,-0.000857,-0.001849,-0.004567,-1e-06,-0.0,-0.0,-0.005264,-0.005147,-0.002239,-0.007299,-2e-06,-0.0,-1e-06,-0.007447,-0.0,-0.007446,-0.003214,-0.0,-0.007865,-0.007694,-0.001577,-0.0,-0.000885,-1e-06,-0.0,-0.004582,-0.0,-0.004453,-0.004821,-0.0,-7.3e-05,-0.0028,-0.0,-0.008253,-0.001743,-0.0,-0.002538,-0.0,-3e-06,-0.001389,-0.001726,-0.003895,-0.002433,-0.0,-1e-06,-0.004302,-0.004328,-0.00524,-0.0,-0.0,-2e-06,-1e-06,-0.0,-0.000648,-0.00427,-0.008003,-0.004566,-0.0,-3e-06,-0.007452,-0.00036,-0.004121,-0.0,-0.000317,-0.00166,-1e-06,-1e-06,-0.004349,-0.005021,-0.0,-2e-06,-0.0,-0.001865,-0.0,-0.004313,-0.0,-0.001836,-0.008014,-2e-06,-2e-06,-0.004941,-0.0,-1e-06,-0.0,-1e-06,-0.004487,-0.005246,-0.0,-0.003303,-0.002767,-0.007633,-0.007677,-0.0,-0.007663,-1e-06,-0.00622,-0.001814,-0.0,-0.001685,-0.008944,-0.00526,-0.005865,-0.005714,-0.007737,-0.001795,-0.000617,-0.000718,-1e-06,-4e-06,-0.002966,-0.003866,-0.005199
2017-05-31 13:41:00+02:00,-0.0,-0.0,-0.000607,-0.006548,-0.000572,-1e-06,-0.001409,-0.002472,-0.004991,-0.000191,-0.0,-0.0,-0.005572,-0.005473,-0.002963,-0.008186,-0.000185,-0.0,-1e-06,-0.008296,-0.0,-0.008308,-0.004331,-0.0,-0.008633,-0.008502,-0.002171,-0.0,-0.001498,-4.5e-05,-0.0,-0.005025,-0.0,-0.004918,-0.005207,-0.0,-0.000992,-0.003866,-0.0,-0.00894,-0.002369,-0.0,-0.003619,-0.0,-0.000493,-0.002457,-0.002377,-0.004436,-0.003162,-0.0,-0.0,-0.004801,-0.004823,-0.005547,-0.0,-0.0,-0.000412,-0.0,-0.0,-0.001566,-0.00477,-0.008754,-0.005858,-0.0,-0.000664,-0.008308,-0.000868,-0.004617,-0.0,-0.00084,-0.002289,-8.9e-05,-0.0,-0.004834,-0.005367,-0.0,-0.000322,-0.0,-0.002881,-0.0,-0.004804,-0.0,-0.002939,-0.00876,-0.000218,-0.000267,-0.005249,-0.0,-0.0,-0.0,-0.000271,-0.004949,-0.005558,-0.0,-0.003992,-0.003961,-0.008396,-0.00845,-0.0,-0.008468,-0.0,-0.007328,-0.00244,-0.0,-0.002305,-0.009502,-0.005567,-0.007,-0.006895,-0.008527,-0.002427,-0.001206,-0.001282,-0.0,-0.000741,-0.004072,-0.005106,-0.005513
2017-05-31 13:42:00+02:00,-0.0,-0.0,-0.000489,-0.007017,-0.000457,-1e-06,-0.001534,-0.00265,-0.005333,-0.000152,-0.0,-0.0,-0.005822,-0.005737,-0.003179,-0.008894,-0.000148,-0.0,-1e-06,-0.008971,-0.0,-0.008997,-0.004652,-0.0,-0.009245,-0.009147,-0.002331,-0.0,-0.001647,-3.6e-05,-0.0,-0.005382,-0.0,-0.005293,-0.005519,-0.0,-0.001119,-0.004153,-0.0,-0.009487,-0.002541,-0.0,-0.003877,-0.0,-0.000394,-0.00271,-0.002564,-0.00475,-0.003385,-0.0,-0.0,-0.005178,-0.005223,-0.005797,-0.0,-0.0,-0.000329,-0.0,-0.0,-0.001728,-0.005138,-0.009354,-0.006282,-0.0,-0.000594,-0.008992,-0.000957,-0.004968,-0.0,-0.000929,-0.002444,-7.1e-05,-0.0,-0.005226,-0.005647,-0.0,-0.000258,-0.0,-0.003124,-0.0,-0.0052,-0.0,-0.003219,-0.009355,-0.000175,-0.000213,-0.005496,-0.0,-0.0,-0.0,-0.000217,-0.005321,-0.005811,-0.0,-0.004286,-0.004283,-0.009001,-0.009064,-0.0,-0.00911,-0.0,-0.007902,-0.002601,-0.0,-0.002474,-0.009947,-0.005816,-0.007518,-0.007409,-0.009157,-0.002604,-0.001336,-0.001387,-0.0,-0.00076,-0.00435,-0.00549,-0.005767
2017-05-31 13:43:00+02:00,-0.0,-0.0,-0.000391,-0.007098,-0.000366,-1e-06,-0.001494,-0.002651,-0.005606,-0.000122,-0.0,-0.0,-0.006023,-0.005948,-0.003177,-0.009161,-0.000119,-0.0,-1e-06,-0.009387,-0.0,-0.0094,-0.004657,-0.0,-0.009738,-0.009664,-0.00232,-0.0,-0.001605,-2.9e-05,-0.0,-0.005664,-0.0,-0.005492,-0.005769,-0.0,-0.000937,-0.004137,-0.0,-0.009926,-0.002533,-0.0,-0.00383,-0.0,-0.000316,-0.002631,-0.002555,-0.004853,-0.003388,-0.0,-0.0,-0.005328,-0.005377,-0.005996,-0.0,-0.0,-0.000264,-0.0,-0.0,-0.001608,-0.00528,-0.009835,-0.006329,-0.0,-0.000476,-0.009382,-0.000889,-0.0051,-0.0,-0.000856,-0.002421,-5.7e-05,-0.0,-0.005427,-0.005871,-0.0,-0.000206,-0.0,-0.003071,-0.0,-0.005359,-0.0,-0.003159,-0.009834,-0.00014,-0.000171,-0.005693,-0.0,-0.0,-0.0,-0.000174,-0.005604,-0.006014,-0.0,-0.004351,-0.00424,-0.009487,-0.009555,-0.0,-0.009549,-0.0,-0.008063,-0.002586,-0.0,-0.002464,-0.010304,-0.006014,-0.007628,-0.007527,-0.009662,-0.0026,-0.00128,-0.001326,-0.0,-0.000608,-0.00432,-0.005509,-0.005971
2017-05-31 13:44:00+02:00,-0.0,-0.0,-0.000313,-0.007018,-0.000293,-0.0,-0.001408,-0.002587,-0.00578,-9.8e-05,-0.0,-0.0,-0.006141,-0.006076,-0.00309,-0.00921,-9.5e-05,-0.0,-0.0,-0.009529,-0.0,-0.00953,-0.004545,-0.0,-0.010032,-0.009969,-0.00225,-0.0,-0.00151,-2.3e-05,-0.0,-0.005779,-0.0,-0.005543,-0.005927,-0.0,-0.000749,-0.004015,-0.0,-0.010192,-0.002464,-0.0,-0.003661,-0.0,-0.000252,-0.00246,-0.00248,-0.004838,-0.003304,-0.0,-0.0,-0.005346,-0.005411,-0.006114,-0.0,-0.0,-0.000211,-0.0,-0.0,-0.00142,-0.005293,-0.010133,-0.006228,-0.0,-0.00038,-0.009525,-0.000785,-0.005106,-0.0,-0.000745,-0.002327,-4.6e-05,-0.0,-0.005484,-0.006009,-0.0,-0.000165,-0.0,-0.002925,-0.0,-0.005397,-0.0,-0.002999,-0.010131,-0.000112,-0.000137,-0.005805,-0.0,-0.0,-0.0,-0.000139,-0.005736,-0.006134,-0.0,-0.004321,-0.004065,-0.009795,-0.009867,-0.0,-0.0097,-0.0,-0.008037,-0.002497,-0.0,-0.002394,-0.010503,-0.006131,-0.007547,-0.007475,-0.009981,-0.002533,-0.001176,-0.001208,-0.0,-0.000487,-0.004159,-0.005392,-0.006091
2017-05-31 13:45:00+02:00,-0.0,-0.0,-0.00025,-0.006462,-0.000234,-0.0,-0.001251,-0.002365,-0.004518,-7.8e-05,-0.0,-0.0,-0.004647,-0.004624,-0.00281,-0.007843,-7.6e-05,-0.0,-0.0,-0.00783,-0.0,-0.00785,-0.004153,-0.0,-0.007839,-0.007843,-0.002047,-0.0,-0.001334,-1.8e-05,-0.0,-0.004633,-0.0,-0.004624,-0.004598,-0.0,-0.000599,-0.003658,-0.0,-0.00783,-0.002249,-0.0,-0.003291,-0.0,-0.000202,-0.002161,-0.00225,-0.004439,-0.00301,-0.0,-0.0,-0.004633,-0.004647,-0.004624,-0.0,-0.0,-0.000169,-0.0,-0.0,-0.001194,-0.004608,-0.00785,-0.005713,-0.0,-0.000304,-0.007843,-0.000659,-0.004439,-0.0,-0.000619,-0.002104,-3.7e-05,-0.0,-0.004624,-0.004598,-0.0,-0.000132,-0.0,-0.002625,-0.0,-0.004608,-0.0,-0.002669,-0.007848,-8.9e-05,-0.000109,-0.004338,-0.0,-0.0,-0.0,-0.000111,-0.004633,-0.004647,-0.0,-0.003996,-0.003648,-0.007755,-0.007787,-0.0,-0.00783,-0.0,-0.00744,-0.002264,-0.0,-0.002183,-0.007843,-0.004633,-0.006955,-0.006909,-0.00783,-0.002315,-0.001017,-0.001046,-0.0,-0.000389,-0.003762,-0.004926,-0.004608
2017-05-31 13:46:00+02:00,-0.0,-0.0,-0.0002,-0.005459,-0.000187,-0.0,-0.001001,-0.001943,-0.003974,-6.2e-05,-0.0,-0.0,-0.004092,-0.004073,-0.002335,-0.00678,-6.1e-05,-0.0,-0.0,-0.00681,-0.0,-0.006817,-0.003409,-0.0,-0.006911,-0.006913,-0.001662,-0.0,-0.001067,-1.5e-05,-0.0,-0.004076,-0.0,-0.00403,-0.004049,-0.0,-0.00048,-0.002974,-0.0,-0.006904,-0.001835,-0.0,-0.002633,-0.0,-0.000162,-0.001729,-0.001839,-0.003785,-0.002514,-0.0,-0.0,-0.003989,-0.00402,-0.004073,-0.0,-0.0,-0.000135,-0.0,-0.0,-0.000955,-0.003964,-0.006917,-0.00479,-0.0,-0.000243,-0.006835,-0.000527,-0.003813,-0.0,-0.000495,-0.001696,-2.9e-05,-0.0,-0.004006,-0.004049,-0.0,-0.000106,-0.0,-0.0021,-0.0,-0.00399,-0.0,-0.002135,-0.006917,-7.1e-05,-8.7e-05,-0.003813,-0.0,-0.0,-0.0,-8.9e-05,-0.004067,-0.004092,-0.0,-0.003392,-0.002959,-0.00685,-0.006873,-0.0,-0.006863,-0.0,-0.006339,-0.001843,-0.0,-0.001777,-0.006913,-0.004078,-0.00592,-0.005867,-0.006904,-0.001894,-0.000814,-0.000837,-0.0,-0.000311,-0.003043,-0.00409,-0.004057
2017-05-31 13:47:00+02:00,-0.0,-0.0,-0.00016,-0.004729,-0.00015,-0.0,-0.000801,-0.001615,-0.003651,-5e-05,-0.0,-0.0,-0.004056,-0.003943,-0.001982,-0.00604,-4.9e-05,-0.0,-0.0,-0.006095,-0.0,-0.006094,-0.00283,-0.0,-0.006329,-0.006315,-0.00136,-0.0,-0.000854,-1.2e-05,-0.0,-0.00371,-0.0,-0.003627,-0.003801,-0.0,-0.000384,-0.002435,-0.0,-0.00647,-0.001512,-0.0,-0.002109,-0.0,-0.000129,-0.001383,-0.00153,-0.003313,-0.002148,-0.0,-0.0,-0.003535,-0.003591,-0.004032,-0.0,-0.0,-0.000108,-0.0,-0.0,-0.000764,-0.003508,-0.006375,-0.004111,-0.0,-0.000195,-0.006149,-0.000422,-0.003368,-0.0,-0.000396,-0.001379,-2.3e-05,-0.0,-0.003575,-0.003882,-0.0,-8.5e-05,-0.0,-0.00168,-0.0,-0.003567,-0.0,-0.001708,-0.006382,-5.7e-05,-7e-05,-0.003727,-0.0,-0.0,-0.0,-7.1e-05,-0.003698,-0.004018,-0.0,-0.00296,-0.002431,-0.006271,-0.006297,-0.0,-0.006207,-0.0,-0.005549,-0.001518,-0.0,-0.001459,-0.00682,-0.004022,-0.005168,-0.005112,-0.006331,-0.001567,-0.000651,-0.00067,-0.0,-0.000249,-0.002487,-0.003469,-0.003963
2017-05-31 13:48:00+02:00,-0.0,-0.0,-0.000523,-0.005159,-0.000489,-0.0,-0.001078,-0.001888,-0.003881,-0.000183,-0.0,-0.0,-0.004237,-0.004141,-0.002313,-0.006472,-0.000201,-0.0,-1.6e-05,-0.006511,-0.0,-0.006517,-0.0033,-0.0,-0.006702,-0.006691,-0.001632,-0.0,-0.001165,-7e-05,-0.0,-0.003956,-0.0,-0.003889,-0.004022,-0.0,-0.000908,-0.002914,-0.0,-0.006811,-0.001806,-0.0,-0.002632,-0.0,-0.000429,-0.001906,-0.001812,-0.003563,-0.002462,-0.0,-0.0,-0.003815,-0.003864,-0.004212,-0.0,-0.0,-0.000375,-0.0,-0.0,-0.001246,-0.003788,-0.006742,-0.004562,-0.0,-0.000584,-0.006559,-0.000693,-0.003635,-0.0,-0.000685,-0.001695,-0.000105,-0.0,-0.003847,-0.004087,-0.0,-0.000304,-0.0,-0.002174,-0.0,-0.003836,-0.0,-0.002235,-0.006747,-0.000218,-0.000263,-0.003898,-0.0,-0.0,-0.0,-0.000244,-0.003946,-0.004206,-0.0,-0.003229,-0.002998,-0.00663,-0.006659,-0.0,-0.006601,-0.0,-0.005959,-0.001811,-0.0,-0.001752,-0.007095,-0.004205,-0.005644,-0.005531,-0.0067,-0.00186,-0.000959,-0.000978,-0.0,-0.000662,-0.002996,-0.003943,-0.004152
2017-05-31 13:49:00+02:00,-0.0,-0.0,-0.000419,-0.00523,-0.000391,-0.0,-0.001122,-0.001947,-0.00419,-0.000147,-0.0,-0.0,-0.004686,-0.004604,-0.002415,-0.006648,-0.000161,-0.0,-1.2e-05,-0.006803,-0.0,-0.006805,-0.003401,-0.0,-0.00722,-0.007067,-0.001689,-0.0,-0.001202,-5.6e-05,-0.0,-0.004224,-0.0,-0.004104,-0.004452,-0.0,-0.000966,-0.00301,-0.0,-0.007535,-0.001868,-0.0,-0.002732,-0.0,-0.000343,-0.001964,-0.001856,-0.003627,-0.00256,-0.0,-0.0,-0.003933,-0.003975,-0.004661,-0.0,-0.0,-0.0003,-0.0,-0.0,-0.001289,-0.003901,-0.007328,-0.004633,-0.0,-0.000497,-0.006812,-0.000717,-0.003738,-0.0,-0.000708,-0.001756,-8.4e-05,-0.0,-0.004002,-0.004555,-0.0,-0.000243,-0.0,-0.00226,-0.0,-0.003949,-0.0,-0.002307,-0.007343,-0.000175,-0.00021,-0.004329,-0.0,-0.0,-0.0,-0.000195,-0.004138,-0.004661,-0.0,-0.003278,-0.003162,-0.007001,-0.007042,-0.0,-0.00701,-0.0,-0.006038,-0.001868,-0.0,-0.001813,-0.00785,-0.004655,-0.00581,-0.005599,-0.007102,-0.001921,-0.000987,-0.001016,-0.0,-0.000619,-0.003094,-0.004016,-0.004607
2017-05-31 13:50:00+02:00,-0.0,-0.0,-0.000678,-0.005496,-0.000629,-0.0,-0.001305,-0.002122,-0.004054,-0.000224,-0.0,-0.0,-0.004202,-0.004184,-0.002627,-0.006701,-0.00024,-0.0,-1e-05,-0.006822,-0.0,-0.006828,-0.003701,-0.0,-0.006911,-0.00691,-0.001865,-0.0,-0.001407,-7.6e-05,-0.0,-0.004182,-0.0,-0.00412,-0.004158,-0.0,-0.001316,-0.003322,-0.0,-0.006898,-0.002061,-0.0,-0.003079,-0.0,-0.000547,-0.002308,-0.002037,-0.003695,-0.002757,-0.0,-0.0,-0.003983,-0.00402,-0.004184,-0.0,-0.0,-0.000478,-0.0,-0.0,-0.001612,-0.003952,-0.006918,-0.004916,-0.0,-0.000774,-0.006831,-0.000898,-0.003784,-0.0,-0.000904,-0.001968,-0.000117,-0.0,-0.004039,-0.004158,-0.0,-0.000371,-0.0,-0.002586,-0.0,-0.003991,-0.0,-0.00265,-0.006918,-0.00026,-0.000324,-0.003859,-0.0,-0.0,-0.0,-0.000312,-0.004146,-0.004202,-0.0,-0.00345,-0.003522,-0.006819,-0.00685,-0.0,-0.006898,-0.0,-0.006214,-0.002062,-0.0,-0.002004,-0.00691,-0.004182,-0.006018,-0.005855,-0.006898,-0.002113,-0.001191,-0.001225,-0.0,-0.000906,-0.003432,-0.004317,-0.004157
2017-05-31 13:51:00+02:00,-0.0,-0.0,-0.000543,-0.004686,-0.000503,-0.0,-0.001044,-0.001731,-0.003746,-0.000179,-0.0,-0.0,-0.004237,-0.004106,-0.002199,-0.005932,-0.000192,-0.0,-8e-06,-0.00615,-0.0,-0.006149,-0.003015,-0.0,-0.006383,-0.006285,-0.001492,-0.0,-0.001126,-6e-05,-0.0,-0.003823,-0.0,-0.003723,-0.00394,-0.0,-0.001052,-0.002661,-0.0,-0.006549,-0.001662,-0.0,-0.002463,-0.0,-0.000438,-0.001847,-0.001633,-0.003252,-0.002329,-0.0,-0.0,-0.003549,-0.003564,-0.004213,-0.0,-0.0,-0.000382,-0.0,-0.0,-0.00129,-0.003517,-0.006445,-0.004131,-0.0,-0.000619,-0.006108,-0.000718,-0.003361,-0.0,-0.000723,-0.001575,-9.4e-05,-0.0,-0.003628,-0.004036,-0.0,-0.000297,-0.0,-0.002069,-0.0,-0.003542,-0.0,-0.00212,-0.006453,-0.000208,-0.000259,-0.003839,-0.0,-0.0,-0.0,-0.00025,-0.003742,-0.004193,-0.0,-0.002966,-0.002835,-0.006218,-0.006252,-0.0,-0.006277,-0.0,-0.005388,-0.001666,-0.0,-0.001609,-0.00697,-0.004194,-0.00525,-0.005035,-0.006301,-0.001711,-0.000953,-0.00098,-0.0,-0.000724,-0.002745,-0.003561,-0.004123
2017-05-31 13:52:00+02:00,-0.0,-0.0,-0.001123,-0.005909,-0.00104,-1.2e-05,-0.001535,-0.002321,-0.004296,-0.000392,-0.0,-0.0,-0.004724,-0.004615,-0.002895,-0.006995,-0.00048,-0.0,-0.000115,-0.007158,-0.0,-0.007176,-0.004062,-0.0,-0.007358,-0.007278,-0.002053,-0.0,-0.001657,-0.00019,-0.0,-0.004387,-0.0,-0.004308,-0.004477,-0.0,-0.001817,-0.003651,-0.0,-0.007477,-0.002263,-0.0,-0.003501,-0.0,-0.000921,-0.002753,-0.002226,-0.003878,-0.003025,-0.0,-0.0,-0.004168,-0.004186,-0.0047,-0.0,-0.0,-0.000821,-0.0,-0.0,-0.002065,-0.004137,-0.007413,-0.005308,-0.0,-0.001233,-0.007136,-0.001149,-0.003966,-0.0,-0.001171,-0.002197,-0.000239,-0.0,-0.004232,-0.004554,-0.0,-0.000649,-0.0,-0.002981,-0.0,-0.004157,-0.0,-0.00308,-0.007421,-0.000505,-0.000608,-0.004318,-0.0,-0.0,-0.0,-0.000524,-0.004322,-0.004689,-0.0,-0.003698,-0.003948,-0.007157,-0.007204,-0.0,-0.007259,-0.0,-0.006567,-0.002282,-0.0,-0.002204,-0.007825,-0.004684,-0.006403,-0.00625,-0.007278,-0.002316,-0.001453,-0.001497,-0.0,-0.001355,-0.003818,-0.004685,-0.004622
2017-05-31 13:53:00+02:00,-0.0,-0.0,-0.001202,-0.006515,-0.00109,-1e-05,-0.001724,-0.002589,-0.004644,-0.000328,-0.0,-0.0,-0.005023,-0.004933,-0.00323,-0.007684,-0.000384,-0.0,-9.2e-05,-0.007805,-0.0,-0.007835,-0.004538,-0.0,-0.007977,-0.007911,-0.002301,-0.0,-0.00186,-0.000152,-0.0,-0.004748,-0.0,-0.004687,-0.004816,-0.0,-0.002045,-0.004096,-0.0,-0.008061,-0.002534,-0.0,-0.003962,-0.0,-0.000927,-0.003092,-0.00249,-0.004287,-0.003362,-0.0,-0.0,-0.004573,-0.004593,-0.005001,-0.0,-0.0,-0.000798,-0.0,-0.0,-0.002317,-0.004542,-0.008025,-0.005874,-0.0,-0.001342,-0.007797,-0.001288,-0.004357,-0.0,-0.001313,-0.002482,-0.000191,-0.0,-0.004626,-0.004878,-0.0,-0.000542,-0.0,-0.003352,-0.0,-0.004558,-0.0,-0.003461,-0.008032,-0.000404,-0.000497,-0.00461,-0.0,-0.0,-0.0,-0.000519,-0.004697,-0.004995,-0.0,-0.004071,-0.004452,-0.007764,-0.007816,-0.0,-0.007886,-0.0,-0.007266,-0.002568,-0.0,-0.00247,-0.008349,-0.004986,-0.007121,-0.006881,-0.007902,-0.002591,-0.00163,-0.001693,-0.0,-0.001486,-0.004311,-0.005209,-0.00493
2017-05-31 13:54:00+02:00,-0.0,-0.0,-0.000962,-0.006399,-0.000872,-8e-06,-0.001618,-0.002512,-0.004863,-0.000262,-0.0,-0.0,-0.005202,-0.005127,-0.003153,-0.007765,-0.000307,-0.0,-7.3e-05,-0.008067,-0.0,-0.008084,-0.004405,-0.0,-0.008373,-0.008232,-0.002222,-0.0,-0.00174,-0.000121,-0.0,-0.004939,-0.0,-0.004815,-0.005029,-0.0,-0.001776,-0.003961,-0.0,-0.008431,-0.002453,-0.0,-0.003827,-0.0,-0.000741,-0.002879,-0.002404,-0.004311,-0.003288,-0.0,-0.0,-0.00466,-0.004644,-0.005181,-0.0,-0.0,-0.000638,-0.0,-0.0,-0.002086,-0.004622,-0.008414,-0.005746,-0.0,-0.001073,-0.007966,-0.001158,-0.004423,-0.0,-0.001174,-0.002408,-0.000153,-0.0,-0.004756,-0.005078,-0.0,-0.000434,-0.0,-0.003182,-0.0,-0.004613,-0.0,-0.003266,-0.008421,-0.000323,-0.000398,-0.004785,-0.0,-0.0,-0.0,-0.000415,-0.004841,-0.00518,-0.0,-0.004008,-0.004304,-0.008111,-0.008169,-0.0,-0.008174,-0.0,-0.007194,-0.0025,-0.0,-0.002388,-0.008669,-0.005167,-0.007065,-0.00678,-0.00826,-0.002511,-0.001497,-0.001579,-0.0,-0.001189,-0.004193,-0.005071,-0.005117
2017-05-31 13:55:00+02:00,-0.0,-0.0,-0.000769,-0.005811,-0.000698,-6e-06,-0.0014,-0.002244,-0.003955,-0.00021,-0.0,-0.0,-0.004086,-0.004078,-0.002831,-0.006999,-0.000246,-0.0,-5.9e-05,-0.00699,-0.0,-0.007004,-0.003943,-0.0,-0.007002,-0.006999,-0.001975,-0.0,-0.001502,-9.7e-05,-0.0,-0.004069,-0.0,-0.004078,-0.004059,-0.0,-0.001421,-0.003534,-0.0,-0.00699,-0.002185,-0.0,-0.003411,-0.0,-0.000593,-0.002477,-0.002141,-0.003882,-0.002959,-0.0,-0.0,-0.004069,-0.004086,-0.004078,-0.0,-0.0,-0.00051,-0.0,-0.0,-0.001732,-0.004047,-0.007004,-0.005196,-0.0,-0.000859,-0.006999,-0.000961,-0.003882,-0.0,-0.000967,-0.002152,-0.000122,-0.0,-0.004078,-0.004059,-0.0,-0.000347,-0.0,-0.002787,-0.0,-0.004047,-0.0,-0.002848,-0.007004,-0.000258,-0.000318,-0.003794,-0.0,-0.0,-0.0,-0.000332,-0.004069,-0.004086,-0.0,-0.003642,-0.00383,-0.006941,-0.00696,-0.0,-0.00699,-0.0,-0.006578,-0.002243,-0.0,-0.002125,-0.006999,-0.004069,-0.006461,-0.006182,-0.00699,-0.00224,-0.001269,-0.00136,-0.0,-0.000951,-0.003761,-0.004562,-0.004047
2017-05-31 13:56:00+02:00,-0.0,-0.0,-0.000615,-0.004864,-0.000558,-5e-06,-0.00112,-0.001795,-0.003626,-0.000168,-0.0,-0.0,-0.004126,-0.004,-0.002293,-0.006128,-0.000196,-0.0,-4.7e-05,-0.006255,-0.0,-0.006258,-0.003154,-0.0,-0.006405,-0.006337,-0.00158,-0.0,-0.001201,-7.8e-05,-0.0,-0.003688,-0.0,-0.003642,-0.00383,-0.0,-0.001137,-0.002827,-0.0,-0.006596,-0.001748,-0.0,-0.002729,-0.0,-0.000475,-0.001982,-0.001713,-0.003365,-0.002425,-0.0,-0.0,-0.003585,-0.003583,-0.004112,-0.0,-0.0,-0.000408,-0.0,-0.0,-0.001386,-0.00356,-0.006475,-0.004269,-0.0,-0.000687,-0.006209,-0.000768,-0.003409,-0.0,-0.000773,-0.001722,-9.8e-05,-0.0,-0.003629,-0.003932,-0.0,-0.000278,-0.0,-0.002229,-0.0,-0.003554,-0.0,-0.002278,-0.006484,-0.000207,-0.000255,-0.003773,-0.0,-0.0,-0.0,-0.000266,-0.003655,-0.00408,-0.0,-0.003075,-0.003064,-0.0063,-0.006323,-0.0,-0.006292,-0.0,-0.005619,-0.001794,-0.0,-0.0017,-0.00705,-0.004086,-0.005519,-0.005231,-0.006358,-0.001792,-0.001015,-0.001088,-0.0,-0.000761,-0.003009,-0.003659,-0.004015
2017-05-31 13:57:00+02:00,-0.0,-0.0,-0.001228,-0.005798,-0.001126,-0.000107,-0.001585,-0.002344,-0.003988,-0.000421,-0.0,-0.0,-0.004424,-0.004322,-0.002951,-0.006805,-0.000557,-0.0,-0.000231,-0.006901,-0.0,-0.006913,-0.00414,-0.0,-0.007029,-0.006972,-0.002098,-0.0,-0.001721,-0.000247,-0.0,-0.004069,-0.0,-0.004036,-0.004181,-0.0,-0.001925,-0.003774,-0.0,-0.007174,-0.00231,-0.0,-0.003701,-0.0,-0.000997,-0.002883,-0.002279,-0.003758,-0.003027,-0.0,-1.2e-05,-0.003987,-0.00399,-0.004412,-0.0,-0.0,-0.000905,-0.0,-0.0,-0.002159,-0.003961,-0.007086,-0.005323,-0.0,-0.001332,-0.00687,-0.001189,-0.003793,-0.0,-0.001216,-0.002301,-0.000288,-0.0,-0.004026,-0.004263,-0.0,-0.000707,-0.0,-0.003108,-0.0,-0.003956,-0.0,-0.00322,-0.007094,-0.000565,-0.00067,-0.004059,-0.0,-0.0,-0.0,-0.000562,-0.004043,-0.004388,-0.0,-0.003577,-0.004119,-0.00691,-0.006938,-0.0,-0.006931,-5.3e-05,-0.006401,-0.002361,-0.0,-0.002253,-0.007543,-0.004387,-0.006295,-0.006074,-0.006984,-0.002359,-0.001511,-0.001583,-0.0,-0.001418,-0.004013,-0.004757,-0.004325
2017-05-31 13:58:00+02:00,-0.0,-0.0,-0.000999,-0.006016,-0.0009,-8.6e-05,-0.001555,-0.002365,-0.004474,-0.000337,-0.0,-0.0,-0.004869,-0.004785,-0.003031,-0.007269,-0.000445,-0.0,-0.000184,-0.007485,-0.0,-0.007493,-0.004186,-0.0,-0.007869,-0.007702,-0.002106,-0.0,-0.001711,-0.000197,-0.0,-0.004511,-0.0,-0.004409,-0.004668,-0.0,-0.001829,-0.003791,-0.0,-0.007996,-0.002322,-0.0,-0.003745,-0.0,-0.000797,-0.00286,-0.002322,-0.003951,-0.00312,-0.0,-1e-05,-0.004258,-0.004269,-0.004857,-0.0,-0.0,-0.000724,-0.0,-0.0,-0.00205,-0.004224,-0.007944,-0.005489,-0.0,-0.001129,-0.007437,-0.001128,-0.004039,-0.0,-0.001147,-0.00233,-0.00023,-0.0,-0.004345,-0.004733,-0.0,-0.000566,-0.0,-0.003076,-0.0,-0.004239,-0.0,-0.003228,-0.007954,-0.000452,-0.000536,-0.004486,-0.0,-0.0,-0.0,-0.00045,-0.004429,-0.004839,-0.0,-0.003715,-0.004215,-0.007634,-0.007677,-0.0,-0.00763,-4.2e-05,-0.006702,-0.002401,-0.0,-0.002263,-0.008302,-0.004834,-0.006598,-0.006321,-0.007745,-0.002375,-0.001482,-0.001556,-0.0,-0.001221,-0.004079,-0.004883,-0.004778
2017-05-31 13:59:00+02:00,-0.0,-0.0,-0.001037,-0.006669,-0.000908,-6.8e-05,-0.001719,-0.002615,-0.004854,-0.00027,-0.0,-0.0,-0.005208,-0.00514,-0.003333,-0.008047,-0.000356,-0.0,-0.000148,-0.008208,-0.0,-0.008234,-0.004638,-0.0,-0.008533,-0.008393,-0.002331,-0.0,-0.001894,-0.000158,-0.0,-0.004917,-0.0,-0.00484,-0.005041,-0.0,-0.001997,-0.004197,-0.0,-0.008617,-0.002568,-0.0,-0.004144,-0.0,-0.000753,-0.003171,-0.002572,-0.004405,-0.003434,-0.0,-8e-06,-0.004714,-0.004728,-0.005198,-0.0,-0.0,-0.000647,-0.0,-0.0,-0.002264,-0.004681,-0.008595,-0.006074,-0.0,-0.001196,-0.008181,-0.001245,-0.004482,-0.0,-0.001264,-0.002574,-0.000184,-0.0,-0.004788,-0.005093,-0.0,-0.000453,-0.0,-0.003406,-0.0,-0.004693,-0.0,-0.003583,-0.008606,-0.000362,-0.000429,-0.004809,-0.0,-0.0,-0.0,-0.000414,-0.004851,-0.005184,-0.0,-0.004117,-0.004654,-0.008281,-0.008331,-0.0,-0.008325,-3.4e-05,-0.007457,-0.002651,-0.0,-0.002504,-0.008873,-0.005175,-0.007312,-0.007008,-0.008417,-0.002627,-0.001639,-0.001716,-0.0,-0.001319,-0.004512,-0.005407,-0.005124
2017-05-31 14:00:00+02:00,-0.0,-0.0,-0.00083,-0.006085,-0.000727,-5.5e-05,-0.001537,-0.00238,-0.003383,-0.000216,-0.0,-0.0,-0.003496,-0.003495,-0.003036,-0.006082,-0.000285,-0.0,-0.000118,-0.006078,-0.0,-0.006083,-0.004233,-0.0,-0.006083,-0.006082,-0.002116,-0.0,-0.00169,-0.000126,-0.0,-0.003483,-0.0,-0.003495,-0.003481,-0.0,-0.001707,-0.003828,-0.0,-0.006078,-0.002333,-0.0,-0.00375,-0.0,-0.000603,-0.00283,-0.002334,-0.003322,-0.003132,-0.0,-6e-06,-0.003483,-0.003496,-0.003495,-0.0,-0.0,-0.000517,-0.0,-0.0,-0.001984,-0.003462,-0.006083,-0.005573,-0.0,-0.000957,-0.006082,-0.001087,-0.003322,-0.0,-0.0011,-0.002329,-0.000147,-0.0,-0.003495,-0.003481,-0.0,-0.000362,-0.0,-0.003072,-0.0,-0.003462,-0.0,-0.003219,-0.006085,-0.000289,-0.000343,-0.003251,-0.0,-0.0,-0.0,-0.000331,-0.003483,-0.003496,-0.0,-0.003481,-0.004224,-0.006047,-0.006059,-0.0,-0.006078,-2.7e-05,-0.006083,-0.002405,-0.0,-0.002273,-0.006082,-0.003483,-0.006059,-0.006069,-0.006078,-0.002389,-0.001449,-0.00152,-0.0,-0.001075,-0.004101,-0.004947,-0.003462
2017-05-31 14:01:00+02:00,-0.0,-0.0,-0.000664,-0.003717,-0.000581,-4.4e-05,-0.001229,-0.001859,-0.001859,-0.000173,-0.0,-0.0,-0.001859,-0.001859,-0.001859,-0.003717,-0.000228,-0.0,-9.4e-05,-0.003717,-0.0,-0.003717,-0.003387,-0.0,-0.003717,-0.003717,-0.001693,-0.0,-0.001352,-0.000101,-0.0,-0.001859,-0.0,-0.001859,-0.001859,-0.0,-0.001366,-0.003062,-0.0,-0.003717,-0.001859,-0.0,-0.003,-0.0,-0.000482,-0.002264,-0.001859,-0.001859,-0.001859,-0.0,-5e-06,-0.001859,-0.001859,-0.001859,-0.0,-0.0,-0.000414,-0.0,-0.0,-0.001587,-0.001859,-0.003717,-0.003717,-0.0,-0.000766,-0.003717,-0.00087,-0.001859,-0.0,-0.00088,-0.001859,-0.000118,-0.0,-0.001859,-0.001859,-0.0,-0.00029,-0.0,-0.002458,-0.0,-0.001859,-0.0,-0.002575,-0.003717,-0.000232,-0.000275,-0.001859,-0.0,-0.0,-0.0,-0.000265,-0.001859,-0.001859,-0.0,-0.001859,-0.003379,-0.003717,-0.003717,-0.0,-0.003717,-2.2e-05,-0.003717,-0.001859,-0.0,-0.001819,-0.003717,-0.001859,-0.003717,-0.003717,-0.003717,-0.001859,-0.001159,-0.001216,-0.0,-0.00086,-0.00328,-0.003717,-0.001859
2017-05-31 14:02:00+02:00,-0.0,-0.0,-0.000531,-0.002974,-0.000465,-3.5e-05,-0.000984,-0.001487,-0.001487,-0.000138,-0.0,-0.0,-0.001487,-0.001487,-0.001487,-0.002974,-0.000182,-0.0,-7.6e-05,-0.002974,-0.0,-0.002974,-0.002709,-0.0,-0.002974,-0.002974,-0.001354,-0.0,-0.001081,-8.1e-05,-0.0,-0.001487,-0.0,-0.001487,-0.001487,-0.0,-0.001093,-0.00245,-0.0,-0.002974,-0.001487,-0.0,-0.0024,-0.0,-0.000386,-0.001811,-0.001487,-0.001487,-0.001487,-0.0,-4e-06,-0.001487,-0.001487,-0.001487,-0.0,-0.0,-0.000331,-0.0,-0.0,-0.00127,-0.001487,-0.002974,-0.002974,-0.0,-0.000613,-0.002974,-0.000696,-0.001487,-0.0,-0.000704,-0.001487,-9.4e-05,-0.0,-0.001487,-0.001487,-0.0,-0.000232,-0.0,-0.001966,-0.0,-0.001487,-0.0,-0.00206,-0.002974,-0.000185,-0.00022,-0.001487,-0.0,-0.0,-0.0,-0.000212,-0.001487,-0.001487,-0.0,-0.001487,-0.002703,-0.002974,-0.002974,-0.0,-0.002974,-1.7e-05,-0.002974,-0.001487,-0.0,-0.001455,-0.002974,-0.001487,-0.002974,-0.002974,-0.002974,-0.001487,-0.000927,-0.000973,-0.0,-0.000688,-0.002624,-0.002974,-0.001487
2017-05-31 14:03:00+02:00,-0.0,-0.0,-0.000885,-0.003511,-0.000779,-0.0002,-0.001149,-0.001651,-0.001991,-0.000324,-5.3e-05,-0.0,-0.002025,-0.002025,-0.001844,-0.003727,-0.000452,-0.0,-0.000273,-0.003769,-0.0,-0.003765,-0.00299,-0.0,-0.003779,-0.003778,-0.001509,-0.0,-0.001298,-0.000222,-0.0,-0.00202,-0.0,-0.002025,-0.002021,-0.0,-0.001547,-0.002738,-0.0,-0.003775,-0.00166,-0.0,-0.002738,-0.0,-0.000688,-0.002189,-0.001685,-0.00189,-0.001841,-0.0,-8.3e-05,-0.001975,-0.001998,-0.002025,-0.0,-0.0,-0.000654,-0.0,-0.0,-0.001589,-0.001965,-0.003779,-0.00344,-0.0,-0.000972,-0.003778,-0.000869,-0.00192,-0.0,-0.000892,-0.001689,-0.000255,-8.5e-05,-0.002006,-0.002021,-0.0,-0.000547,-0.0,-0.002268,-0.0,-0.001991,-0.0,-0.002434,-0.00378,-0.000431,-0.000513,-0.001951,-0.0,-7.2e-05,-0.0,-0.000388,-0.00202,-0.002025,-0.0,-0.001888,-0.00315,-0.003761,-0.003766,-0.0,-0.003775,-0.00012,-0.003608,-0.001682,-0.0,-0.001624,-0.003778,-0.00202,-0.003686,-0.003555,-0.003775,-0.001666,-0.001145,-0.001178,-0.0,-0.001016,-0.002958,-0.003368,-0.002014
2017-05-31 14:04:00+02:00,-0.0,-0.0,-0.000844,-0.003295,-0.000729,-0.00016,-0.001045,-0.001493,-0.001997,-0.000302,-4.2e-05,-0.0,-0.002033,-0.002034,-0.001732,-0.003585,-0.000418,-0.0,-0.000222,-0.003657,-0.0,-0.003649,-0.002718,-0.0,-0.003782,-0.003702,-0.001365,-0.0,-0.00119,-0.000196,-0.0,-0.002015,-0.0,-0.002001,-0.00203,-0.0,-0.001487,-0.002496,-0.0,-0.003783,-0.001496,-0.0,-0.00252,-0.0,-0.000641,-0.002029,-0.001539,-0.00181,-0.001735,-0.0,-6.6e-05,-0.001907,-0.001927,-0.002034,-0.0,-0.0,-0.000623,-0.0,-0.0,-0.001466,-0.001896,-0.003786,-0.003201,-0.0,-0.000925,-0.003655,-0.000796,-0.001848,-0.0,-0.000815,-0.001537,-0.000229,-6.8e-05,-0.001945,-0.00203,-0.0,-0.000518,-0.0,-0.002075,-0.0,-0.001921,-0.0,-0.00225,-0.003787,-0.000383,-0.000481,-0.001955,-0.0,-5.8e-05,-0.0,-0.000357,-0.001973,-0.002033,-0.0,-0.001786,-0.002934,-0.003698,-0.003703,-0.0,-0.003742,-9.6e-05,-0.003425,-0.001537,-0.0,-0.001464,-0.003785,-0.002029,-0.00354,-0.003358,-0.003711,-0.001505,-0.001054,-0.001081,-0.0,-0.00095,-0.002719,-0.003106,-0.002022
2017-05-31 14:05:00+02:00,-0.0,-0.0,-0.000675,-0.002636,-0.000583,-0.000128,-0.000836,-0.001194,-0.001597,-0.000242,-3.4e-05,-0.0,-0.001643,-0.001627,-0.001385,-0.002868,-0.000334,-0.0,-0.000178,-0.002925,-0.0,-0.002919,-0.002175,-0.0,-0.003026,-0.002961,-0.001092,-0.0,-0.000952,-0.000157,-0.0,-0.001612,-0.0,-0.001601,-0.001624,-0.0,-0.001189,-0.001997,-0.0,-0.003026,-0.001197,-0.0,-0.002016,-0.0,-0.000513,-0.001623,-0.001231,-0.001448,-0.001388,-0.0,-5.3e-05,-0.001525,-0.001541,-0.001642,-0.0,-0.0,-0.000499,-0.0,-0.0,-0.001173,-0.001517,-0.003029,-0.002561,-0.0,-0.00074,-0.002924,-0.000637,-0.001479,-0.0,-0.000652,-0.00123,-0.000183,-5.4e-05,-0.001556,-0.001624,-0.0,-0.000414,-0.0,-0.00166,-0.0,-0.001537,-0.0,-0.0018,-0.003029,-0.000306,-0.000385,-0.00157,-0.0,-4.6e-05,-0.0,-0.000286,-0.001578,-0.001636,-0.0,-0.001429,-0.002347,-0.002958,-0.002963,-0.0,-0.002994,-7.7e-05,-0.00274,-0.00123,-0.0,-0.001171,-0.003056,-0.001636,-0.002832,-0.002686,-0.002969,-0.001204,-0.000843,-0.000865,-0.0,-0.00076,-0.002175,-0.002485,-0.001623
2017-05-31 14:06:00+02:00,-0.0,-0.0,-0.00054,-0.002109,-0.000467,-0.000102,-0.000669,-0.000955,-0.001278,-0.000193,-2.7e-05,-0.0,-0.001329,-0.001303,-0.001108,-0.002294,-0.000267,-0.0,-0.000142,-0.00234,-0.0,-0.002335,-0.00174,-0.0,-0.002421,-0.002369,-0.000874,-0.0,-0.000761,-0.000125,-0.0,-0.001289,-0.0,-0.001281,-0.001299,-0.0,-0.000952,-0.001598,-0.0,-0.002421,-0.000958,-0.0,-0.001613,-0.0,-0.00041,-0.001299,-0.000985,-0.001158,-0.001111,-0.0,-4.2e-05,-0.00122,-0.001233,-0.001329,-0.0,-0.0,-0.000399,-0.0,-0.0,-0.000938,-0.001213,-0.002423,-0.002049,-0.0,-0.000592,-0.002339,-0.000509,-0.001183,-0.0,-0.000522,-0.000984,-0.000147,-4.3e-05,-0.001245,-0.001299,-0.0,-0.000331,-0.0,-0.001328,-0.0,-0.001229,-0.0,-0.00144,-0.002424,-0.000245,-0.000308,-0.001263,-0.0,-3.7e-05,-0.0,-0.000228,-0.001263,-0.001318,-0.0,-0.001143,-0.001878,-0.002367,-0.00237,-0.0,-0.002395,-6.1e-05,-0.002192,-0.000984,-0.0,-0.000937,-0.002471,-0.001321,-0.002265,-0.002149,-0.002375,-0.000963,-0.000674,-0.000692,-0.0,-0.000608,-0.00174,-0.001988,-0.001305
2017-05-31 14:07:00+02:00,-0.0,-0.0,-0.000432,-0.001687,-0.000373,-8.2e-05,-0.000535,-0.000764,-0.001022,-0.000155,-2.2e-05,-0.0,-0.001064,-0.001042,-0.000887,-0.001835,-0.000214,-0.0,-0.000114,-0.001872,-0.0,-0.001868,-0.001392,-0.0,-0.001937,-0.001895,-0.000699,-0.0,-0.000609,-0.0001,-0.0,-0.001031,-0.0,-0.001024,-0.001039,-0.0,-0.000761,-0.001278,-0.0,-0.001937,-0.000766,-0.0,-0.00129,-0.0,-0.000328,-0.001039,-0.000788,-0.000927,-0.000888,-0.0,-3.4e-05,-0.000976,-0.000987,-0.001063,-0.0,-0.0,-0.000319,-0.0,-0.0,-0.000751,-0.000971,-0.001938,-0.001639,-0.0,-0.000474,-0.001871,-0.000408,-0.000946,-0.0,-0.000417,-0.000787,-0.000117,-3.5e-05,-0.000996,-0.001039,-0.0,-0.000265,-0.0,-0.001062,-0.0,-0.000983,-0.0,-0.001152,-0.001939,-0.000196,-0.000246,-0.00101,-0.0,-3e-05,-0.0,-0.000183,-0.00101,-0.001055,-0.0,-0.000914,-0.001502,-0.001893,-0.001896,-0.0,-0.001916,-4.9e-05,-0.001754,-0.000787,-0.0,-0.00075,-0.001977,-0.001057,-0.001812,-0.001719,-0.0019,-0.00077,-0.00054,-0.000553,-0.0,-0.000486,-0.001392,-0.00159,-0.001044
2017-05-31 14:08:00+02:00,-0.0,-0.0,-0.000346,-0.00135,-0.000299,-6.6e-05,-0.000428,-0.000611,-0.000818,-0.000124,-1.7e-05,-0.0,-0.000853,-0.000834,-0.000709,-0.001468,-0.000171,-0.0,-9.1e-05,-0.001498,-0.0,-0.001495,-0.001113,-0.0,-0.001549,-0.001516,-0.000559,-0.0,-0.000487,-8e-05,-0.0,-0.000825,-0.0,-0.00082,-0.000831,-0.0,-0.000609,-0.001023,-0.0,-0.001549,-0.000613,-0.0,-0.001032,-0.0,-0.000263,-0.000831,-0.00063,-0.000741,-0.000711,-0.0,-2.7e-05,-0.000781,-0.000789,-0.000852,-0.0,-0.0,-0.000255,-0.0,-0.0,-0.000601,-0.000776,-0.001551,-0.001311,-0.0,-0.000379,-0.001497,-0.000326,-0.000757,-0.0,-0.000334,-0.00063,-9.4e-05,-2.8e-05,-0.000797,-0.000831,-0.0,-0.000212,-0.0,-0.00085,-0.0,-0.000787,-0.0,-0.000921,-0.001551,-0.000157,-0.000197,-0.000808,-0.0,-2.4e-05,-0.0,-0.000146,-0.000808,-0.000844,-0.0,-0.000732,-0.001202,-0.001515,-0.001517,-0.0,-0.001533,-3.9e-05,-0.001403,-0.00063,-0.0,-0.0006,-0.001585,-0.000846,-0.00145,-0.001375,-0.00152,-0.000616,-0.000432,-0.000443,-0.0,-0.000389,-0.001114,-0.001272,-0.000835
2017-05-31 14:09:00+02:00,-0.0,-0.0,-0.000277,-0.00108,-0.000239,-5.2e-05,-0.000342,-0.000489,-0.000654,-9.9e-05,-1.4e-05,-0.0,-0.000707,-0.000678,-0.000567,-0.001175,-0.000137,-0.0,-7.3e-05,-0.001198,-0.0,-0.001196,-0.000891,-0.0,-0.001239,-0.001213,-0.000447,-0.0,-0.00039,-6.4e-05,-0.0,-0.00066,-0.0,-0.000656,-0.000665,-0.0,-0.000487,-0.000818,-0.0,-0.001239,-0.00049,-0.0,-0.000826,-0.0,-0.00021,-0.000665,-0.000504,-0.000593,-0.000569,-0.0,-2.2e-05,-0.000625,-0.000631,-0.000706,-0.0,-0.0,-0.000204,-0.0,-0.0,-0.00048,-0.000621,-0.001241,-0.001049,-0.0,-0.000303,-0.001198,-0.000261,-0.000606,-0.0,-0.000267,-0.000504,-7.5e-05,-2.2e-05,-0.000637,-0.000671,-0.0,-0.00017,-0.0,-0.00068,-0.0,-0.000629,-0.0,-0.000737,-0.001241,-0.000125,-0.000158,-0.000663,-0.0,-1.9e-05,-0.0,-0.000117,-0.000647,-0.000694,-0.0,-0.000585,-0.000961,-0.001212,-0.001214,-0.0,-0.001226,-3.1e-05,-0.001122,-0.000504,-0.0,-0.00048,-0.001311,-0.000698,-0.00116,-0.0011,-0.001216,-0.000493,-0.000345,-0.000354,-0.0,-0.000311,-0.000891,-0.001018,-0.000684
2017-05-31 14:10:00+02:00,-0.0,-0.0,-0.000221,-0.000947,-0.000191,-4.2e-05,-0.000274,-0.000392,-0.000616,-7.9e-05,-1.1e-05,-0.0,-0.000709,-0.000671,-0.000488,-0.001071,-0.00011,-0.0,-5.8e-05,-0.001075,-0.0,-0.00107,-0.000713,-0.0,-0.001166,-0.001133,-0.000358,-0.0,-0.000313,-5.1e-05,-0.0,-0.000617,-0.0,-0.000606,-0.000641,-0.0,-0.00039,-0.000654,-0.0,-0.001196,-0.000392,-0.0,-0.000663,-0.0,-0.000168,-0.000532,-0.000422,-0.00052,-0.000492,-0.0,-1.7e-05,-0.000554,-0.000576,-0.000708,-0.0,-0.0,-0.000163,-0.0,-0.0,-0.000384,-0.00055,-0.001177,-0.000907,-0.0,-0.000243,-0.001101,-0.000209,-0.000536,-0.0,-0.000214,-0.000408,-6e-05,-1.8e-05,-0.000569,-0.000659,-0.0,-0.000136,-0.0,-0.000544,-0.0,-0.000574,-0.0,-0.000598,-0.001178,-0.0001,-0.000126,-0.00066,-0.0,-1.5e-05,-0.0,-9.4e-05,-0.0006,-0.000693,-0.0,-0.000518,-0.000809,-0.001136,-0.001138,-0.0,-0.001142,-2.5e-05,-0.001003,-0.000411,-0.0,-0.000384,-0.001316,-0.000699,-0.001037,-0.000975,-0.00114,-0.000394,-0.000276,-0.000283,-0.0,-0.000249,-0.000724,-0.000867,-0.000681
2017-05-31 14:11:00+02:00,-0.0,-0.0,-0.000177,-0.000763,-0.000153,-3.4e-05,-0.000219,-0.000313,-0.000559,-6.3e-05,-9e-06,-0.0,-0.000703,-0.000653,-0.00039,-0.000923,-8.8e-05,-0.0,-4.7e-05,-0.000919,-0.0,-0.000913,-0.00057,-0.0,-0.001051,-0.001014,-0.000286,-0.0,-0.00025,-4.1e-05,-0.0,-0.000555,-0.0,-0.000537,-0.000602,-0.0,-0.000312,-0.000524,-0.0,-0.001112,-0.000314,-0.0,-0.000531,-0.0,-0.000134,-0.000426,-0.000337,-0.000427,-0.000394,-0.0,-1.4e-05,-0.000466,-0.0005,-0.000702,-0.0,-0.0,-0.000131,-0.0,-0.0,-0.000307,-0.000462,-0.001072,-0.000726,-0.0,-0.000194,-0.000963,-0.000167,-0.000447,-0.0,-0.000171,-0.000326,-4.8e-05,-1.4e-05,-0.000485,-0.000634,-0.0,-0.000109,-0.0,-0.000435,-0.0,-0.000499,-0.0,-0.000478,-0.001074,-8e-05,-0.000101,-0.000641,-0.0,-1.2e-05,-0.0,-7.5e-05,-0.000536,-0.000683,-0.0,-0.000425,-0.000648,-0.001021,-0.001023,-0.0,-0.001013,-2e-05,-0.000835,-0.000329,-0.0,-0.000307,-0.001284,-0.000691,-0.000865,-0.0008,-0.001026,-0.000316,-0.000221,-0.000227,-0.0,-0.000199,-0.000579,-0.000694,-0.000666
2017-05-31 14:12:00+02:00,-0.0,-0.0,-0.000474,-0.001438,-0.00039,-0.000153,-0.00042,-0.000568,-0.00112,-0.000209,-4.9e-05,-0.0,-0.001464,-0.001367,-0.00079,-0.001722,-0.000291,-0.0,-0.000192,-0.001742,-0.0,-0.001736,-0.001021,-0.0,-0.002007,-0.0019,-0.000519,-0.0,-0.000518,-0.000148,-0.0,-0.001128,-0.0,-0.001092,-0.001247,-0.0,-0.000732,-0.000948,-0.0,-0.00215,-0.000577,-0.0,-0.001018,-0.0,-0.000356,-0.000881,-0.000631,-0.000851,-0.000784,-0.0,-7.1e-05,-0.000951,-0.001,-0.001463,-0.0,-0.0,-0.000384,-0.0,-0.0,-0.000629,-0.000939,-0.002056,-0.001357,-0.0,-0.000504,-0.001795,-0.000342,-0.000889,-0.0,-0.000359,-0.000628,-0.000173,-7.6e-05,-0.000991,-0.001324,-0.0,-0.000351,-0.0,-0.000818,-0.0,-0.000993,-0.0,-0.000958,-0.002064,-0.000245,-0.000325,-0.00129,-0.0,-6.5e-05,-0.0,-0.000204,-0.001069,-0.001425,-0.0,-0.00086,-0.001225,-0.001901,-0.00191,-0.0,-0.001921,-9.7e-05,-0.001567,-0.000621,-0.0,-0.000563,-0.002507,-0.001438,-0.001622,-0.001496,-0.001922,-0.000583,-0.000474,-0.000474,-0.0,-0.000467,-0.001086,-0.001277,-0.001385
2017-05-31 14:13:00+02:00,-9.2e-05,-0.0,-0.001879,-0.003439,-0.001695,-0.001089,-0.001338,-0.001651,-0.0022,-0.000933,-0.000521,-0.000117,-0.002527,-0.002453,-0.001987,-0.003641,-0.001404,-0.000125,-0.001177,-0.003639,-0.0,-0.003666,-0.002959,-0.000209,-0.003891,-0.003783,-0.001535,-0.0,-0.00157,-0.000789,-0.000343,-0.002253,-0.0,-0.002233,-0.002353,-0.00015,-0.00238,-0.002757,-7.3e-05,-0.003966,-0.001694,-0.000207,-0.002978,-0.0,-0.001618,-0.002683,-0.00174,-0.001954,-0.001931,-0.0,-0.00059,-0.002111,-0.002156,-0.00253,-0.000344,-0.0,-0.001623,-0.000527,-0.0,-0.002157,-0.002094,-0.003922,-0.003371,-0.0,-0.001943,-0.003699,-0.001183,-0.001984,-0.0,-0.001254,-0.001805,-0.000851,-0.000604,-0.002152,-0.002415,-0.0,-0.001538,-0.000169,-0.002517,-0.000202,-0.002136,-0.000406,-0.002845,-0.003939,-0.001355,-0.001525,-0.002267,-0.000325,-0.000558,-0.000121,-0.000938,-0.002206,-0.002495,-0.0,-0.002043,-0.003244,-0.003702,-0.003729,-0.000378,-0.003783,-0.000654,-0.00353,-0.001768,-0.0,-0.001661,-0.004269,-0.002501,-0.003499,-0.003421,-0.003783,-0.00171,-0.001482,-0.001496,-0.000574,-0.001838,-0.003089,-0.003285,-0.00245
2017-05-31 14:14:00+02:00,-7.4e-05,-0.0,-0.002891,-0.004986,-0.002615,-0.001496,-0.002122,-0.00257,-0.003041,-0.001397,-0.000651,-9.4e-05,-0.003358,-0.003302,-0.002927,-0.005123,-0.002069,-0.0001,-0.001661,-0.005103,-0.0,-0.005157,-0.004599,-0.000167,-0.005345,-0.005236,-0.002438,-0.0,-0.002475,-0.00115,-0.000336,-0.003133,-0.0,-0.003126,-0.003219,-0.00012,-0.003698,-0.004353,-5.8e-05,-0.005364,-0.002677,-0.000166,-0.004615,-0.0,-0.002481,-0.00421,-0.002602,-0.002812,-0.002827,-0.0,-0.000789,-0.00302,-0.003061,-0.003364,-0.000334,-0.0,-0.002454,-0.000427,-0.0,-0.003389,-0.002997,-0.005361,-0.004929,-0.0,-0.003,-0.005169,-0.001863,-0.002836,-0.0,-0.001979,-0.002766,-0.001247,-0.000787,-0.003062,-0.003268,-0.0,-0.00229,-0.000136,-0.003984,-0.000162,-0.003031,-0.000324,-0.004478,-0.005387,-0.002019,-0.002275,-0.003024,-0.000318,-0.000729,-9.7e-05,-0.00144,-0.003096,-0.003333,-0.0,-0.002971,-0.004805,-0.005089,-0.005131,-0.000302,-0.005218,-0.000897,-0.005048,-0.002664,-0.0,-0.002634,-0.005625,-0.003332,-0.004947,-0.004907,-0.005218,-0.00269,-0.00233,-0.002366,-0.000524,-0.002859,-0.004681,-0.004838,-0.003282
2017-05-31 14:15:00+02:00,-5.9e-05,-0.0,-0.002755,-0.006042,-0.002414,-0.001197,-0.002221,-0.002822,-0.003694,-0.00122,-0.000521,-7.5e-05,-0.004005,-0.003964,-0.003488,-0.006269,-0.001721,-8e-05,-0.001329,-0.006235,-0.0,-0.00631,-0.005039,-0.000134,-0.00647,-0.00636,-0.002634,-0.0,-0.00263,-0.00092,-0.000269,-0.003819,-0.0,-0.003823,-0.003894,-9.6e-05,-0.003806,-0.0047,-4.7e-05,-0.006444,-0.002913,-0.000133,-0.005039,-0.0,-0.002239,-0.004449,-0.002901,-0.003478,-0.003411,-0.0,-0.000631,-0.003729,-0.003767,-0.004013,-0.000267,-0.0,-0.002227,-0.000341,-0.0,-0.003433,-0.003701,-0.006473,-0.005821,-0.0,-0.002898,-0.006306,-0.001889,-0.003498,-0.0,-0.002,-0.003058,-0.001009,-0.00063,-0.003772,-0.003934,-0.0,-0.001997,-0.000108,-0.004205,-0.000129,-0.003728,-0.00026,-0.004785,-0.006505,-0.00163,-0.001955,-0.003608,-0.000254,-0.000583,-7.7e-05,-0.001291,-0.003789,-0.003984,-0.0,-0.003675,-0.005461,-0.006162,-0.006214,-0.000242,-0.006327,-0.000717,-0.006223,-0.002976,-0.0,-0.002857,-0.006671,-0.003978,-0.006067,-0.006042,-0.006327,-0.00294,-0.002443,-0.002491,-0.000419,-0.002748,-0.005184,-0.005558,-0.003929
2017-05-31 14:16:00+02:00,-4.7e-05,-0.0,-0.002204,-0.006412,-0.001931,-0.000957,-0.002105,-0.002818,-0.004223,-0.000976,-0.000417,-6e-05,-0.004528,-0.0045,-0.003643,-0.007089,-0.001377,-6.4e-05,-0.001063,-0.007006,-0.0,-0.007076,-0.005026,-0.000107,-0.007383,-0.007272,-0.002593,-0.0,-0.002495,-0.000736,-0.000215,-0.004374,-0.0,-0.004387,-0.004441,-7.7e-05,-0.003452,-0.004627,-3.7e-05,-0.007321,-0.002884,-0.000106,-0.004823,-0.0,-0.001791,-0.004197,-0.00289,-0.003773,-0.003595,-0.0,-0.000505,-0.004128,-0.004279,-0.004539,-0.000214,-0.0,-0.001781,-0.000273,-0.0,-0.00312,-0.004087,-0.007376,-0.006065,-0.0,-0.002327,-0.007229,-0.001716,-0.003847,-0.0,-0.001808,-0.002957,-0.000807,-0.000504,-0.004218,-0.004473,-0.0,-0.001598,-8.7e-05,-0.004031,-0.000103,-0.004241,-0.000208,-0.00458,-0.007414,-0.001304,-0.001564,-0.00408,-0.000203,-0.000466,-6.2e-05,-0.001032,-0.00435,-0.004512,-0.0,-0.00395,-0.005508,-0.007031,-0.007093,-0.000194,-0.007227,-0.000574,-0.00678,-0.002906,-0.0,-0.002821,-0.00752,-0.004501,-0.006713,-0.006484,-0.007227,-0.002922,-0.002276,-0.002283,-0.000335,-0.002313,-0.005027,-0.005673,-0.004452
2017-05-31 14:17:00+02:00,-3.8e-05,-0.0,-0.001763,-0.006203,-0.001545,-0.000766,-0.001885,-0.002635,-0.004361,-0.000781,-0.000333,-4.8e-05,-0.004664,-0.004645,-0.003482,-0.007129,-0.001101,-5.1e-05,-0.00085,-0.007042,-0.0,-0.007095,-0.00469,-8.6e-05,-0.007597,-0.007496,-0.002397,-0.0,-0.002224,-0.000589,-0.000172,-0.004534,-0.0,-0.004551,-0.004595,-6.1e-05,-0.002928,-0.004284,-3e-05,-0.007527,-0.002684,-8.5e-05,-0.004355,-0.0,-0.001433,-0.003719,-0.002679,-0.003716,-0.00345,-0.0,-0.000404,-0.004127,-0.004334,-0.004676,-0.000171,-0.0,-0.001425,-0.000219,-0.0,-0.002689,-0.004078,-0.007587,-0.005797,-0.0,-0.001862,-0.00734,-0.001478,-0.00382,-0.0,-0.001551,-0.002698,-0.000646,-0.000403,-0.004244,-0.004621,-0.0,-0.001278,-6.9e-05,-0.003649,-8.3e-05,-0.004294,-0.000166,-0.00411,-0.007623,-0.001043,-0.001251,-0.004182,-0.000163,-0.000373,-4.9e-05,-0.000826,-0.004496,-0.004651,-0.0,-0.003871,-0.005121,-0.007262,-0.007322,-0.000155,-0.007452,-0.000459,-0.006672,-0.002667,-0.0,-0.002618,-0.007695,-0.004636,-0.006648,-0.006332,-0.007452,-0.002727,-0.001996,-0.001987,-0.000268,-0.001851,-0.004588,-0.005351,-0.004586
2017-05-31 14:18:00+02:00,-3e-05,-0.0,-0.001411,-0.005453,-0.001236,-0.000613,-0.001508,-0.002188,-0.004202,-0.000625,-0.000267,-3.8e-05,-0.004958,-0.004798,-0.002983,-0.006559,-0.000881,-4.1e-05,-0.00068,-0.006424,-0.0,-0.006463,-0.00389,-6.9e-05,-0.007311,-0.007095,-0.001952,-0.0,-0.001779,-0.000471,-0.000138,-0.004323,-0.0,-0.004275,-0.004565,-4.9e-05,-0.002342,-0.003493,-2.4e-05,-0.007477,-0.002202,-6.8e-05,-0.003484,-0.0,-0.001146,-0.002976,-0.002203,-0.003314,-0.002984,-0.0,-0.000323,-0.003728,-0.003994,-0.004965,-0.000137,-0.0,-0.00114,-0.000175,-0.0,-0.002152,-0.003677,-0.007377,-0.005006,-0.0,-0.001489,-0.006822,-0.001183,-0.003437,-0.0,-0.001241,-0.002158,-0.000517,-0.000322,-0.003854,-0.004714,-0.0,-0.001023,-5.6e-05,-0.002919,-6.6e-05,-0.003961,-0.000133,-0.003288,-0.007423,-0.000834,-0.001001,-0.00437,-0.00013,-0.000299,-4e-05,-0.000661,-0.004225,-0.00489,-0.0,-0.003438,-0.00423,-0.0069,-0.00696,-0.000124,-0.007056,-0.000367,-0.005993,-0.002154,-0.0,-0.00214,-0.008157,-0.004901,-0.005988,-0.005628,-0.007087,-0.002249,-0.001596,-0.00159,-0.000215,-0.001481,-0.003672,-0.004525,-0.00479
2017-05-31 14:19:00+02:00,-2.4e-05,-0.0,-0.001327,-0.006121,-0.001217,-0.00049,-0.001669,-0.002448,-0.004626,-0.0005,-0.000213,-3.1e-05,-0.00529,-0.005166,-0.003294,-0.007438,-0.000705,-3.3e-05,-0.000544,-0.007311,-0.0,-0.007375,-0.004358,-5.5e-05,-0.008065,-0.007867,-0.00218,-0.0,-0.001928,-0.000377,-0.00011,-0.004777,-0.0,-0.004748,-0.004978,-3.9e-05,-0.002414,-0.003904,-1.9e-05,-0.008154,-0.002462,-5.4e-05,-0.003807,-0.0,-0.001078,-0.00322,-0.002433,-0.003745,-0.003302,-0.0,-0.000258,-0.004236,-0.004519,-0.0053,-0.00011,-0.0,-0.000955,-0.00014,-0.0,-0.002345,-0.004176,-0.008106,-0.005598,-0.0,-0.001441,-0.007648,-0.001287,-0.0039,-0.0,-0.001348,-0.002369,-0.000413,-0.000258,-0.004392,-0.005097,-0.0,-0.000818,-4.4e-05,-0.003249,-5.3e-05,-0.004476,-0.000106,-0.003585,-0.008157,-0.000668,-0.000801,-0.004687,-0.000104,-0.000239,-3.2e-05,-0.000611,-0.004698,-0.005236,-0.0,-0.003863,-0.004632,-0.007631,-0.007698,-9.9e-05,-0.007818,-0.000294,-0.006769,-0.002369,-0.0,-0.002391,-0.008716,-0.005239,-0.006723,-0.006325,-0.007842,-0.002516,-0.001715,-0.001697,-0.000172,-0.00155,-0.004041,-0.005034,-0.005139
2017-05-31 14:20:00+02:00,-1.9e-05,-0.0,-0.001062,-0.006451,-0.000984,-0.000392,-0.00169,-0.002548,-0.004962,-0.0004,-0.000171,-2.5e-05,-0.005553,-0.005458,-0.003408,-0.007993,-0.000564,-2.6e-05,-0.000435,-0.007868,-0.0,-0.007928,-0.004542,-4.4e-05,-0.008667,-0.008483,-0.002257,-0.0,-0.00192,-0.000302,-8.8e-05,-0.005137,-0.0,-0.005124,-0.005306,-3.1e-05,-0.002241,-0.004049,-1.5e-05,-0.008695,-0.002555,-4.3e-05,-0.003861,-0.0,-0.000862,-0.003197,-0.002501,-0.003982,-0.003427,-0.0,-0.000207,-0.00453,-0.004855,-0.005565,-8.8e-05,-0.0,-0.000764,-0.000112,-0.0,-0.002298,-0.004462,-0.008688,-0.005865,-0.0,-0.001182,-0.008289,-0.00126,-0.004163,-0.0,-0.001313,-0.002416,-0.000331,-0.000206,-0.004709,-0.005401,-0.0,-0.000654,-3.6e-05,-0.003321,-4.2e-05,-0.004813,-8.5e-05,-0.003602,-0.008741,-0.000534,-0.000641,-0.004938,-8.3e-05,-0.000191,-2.5e-05,-0.000489,-0.005073,-0.00551,-0.0,-0.00408,-0.004726,-0.008217,-0.008288,-7.9e-05,-0.008425,-0.000235,-0.007191,-0.002428,-0.0,-0.002479,-0.009162,-0.005506,-0.007105,-0.006687,-0.008445,-0.002615,-0.001681,-0.00166,-0.000137,-0.001397,-0.004135,-0.005234,-0.005416
2017-05-31 14:21:00+02:00,-1.5e-05,-0.0,-0.00085,-0.006549,-0.000787,-0.000314,-0.001632,-0.002552,-0.005232,-0.00032,-0.000137,-2e-05,-0.005767,-0.005695,-0.003399,-0.008265,-0.000451,-2.1e-05,-0.000348,-0.008159,-0.0,-0.008216,-0.004551,-3.5e-05,-0.009153,-0.008979,-0.002245,-0.0,-0.001823,-0.000241,-7.1e-05,-0.005428,-0.0,-0.005359,-0.005572,-2.5e-05,-0.001946,-0.00403,-1.2e-05,-0.00913,-0.002549,-3.5e-05,-0.003759,-0.0,-0.00069,-0.00302,-0.002467,-0.004087,-0.00343,-0.0,-0.000165,-0.004674,-0.005022,-0.005781,-7e-05,-0.0,-0.000611,-9e-05,-0.0,-0.002124,-0.004601,-0.009157,-0.005913,-0.0,-0.000946,-0.008629,-0.001163,-0.004288,-0.0,-0.001205,-0.002368,-0.000265,-0.000165,-0.00487,-0.005648,-0.0,-0.000524,-2.8e-05,-0.003243,-3.4e-05,-0.004981,-6.8e-05,-0.003456,-0.009214,-0.000427,-0.000513,-0.005139,-6.7e-05,-0.000153,-2e-05,-0.000391,-0.005331,-0.005732,-0.0,-0.004155,-0.004635,-0.008688,-0.008762,-6.3e-05,-0.008888,-0.000188,-0.007359,-0.002394,-0.0,-0.002469,-0.009522,-0.005723,-0.007244,-0.006812,-0.00893,-0.002613,-0.001564,-0.001545,-0.00011,-0.001139,-0.004066,-0.005231,-0.00564
2017-05-31 14:22:00+02:00,-1.2e-05,-0.0,-0.00068,-0.006529,-0.00063,-0.000251,-0.001558,-0.002525,-0.005437,-0.000256,-0.000109,-1.6e-05,-0.005927,-0.005874,-0.003325,-0.008379,-0.000361,-1.7e-05,-0.000279,-0.008311,-0.0,-0.008362,-0.004507,-2.8e-05,-0.009522,-0.009271,-0.002207,-0.0,-0.001696,-0.000193,-5.6e-05,-0.005599,-0.0,-0.005467,-0.005774,-2e-05,-0.001619,-0.003968,-1e-05,-0.009458,-0.002514,-2.8e-05,-0.003607,-0.0,-0.000552,-0.002794,-0.002391,-0.004126,-0.003368,-0.0,-0.000132,-0.004741,-0.005094,-0.005942,-5.6e-05,-0.0,-0.000489,-7.2e-05,-0.0,-0.001936,-0.004664,-0.009512,-0.005855,-0.0,-0.000757,-0.008795,-0.001059,-0.004342,-0.0,-0.001089,-0.002288,-0.000212,-0.000132,-0.004951,-0.005835,-0.0,-0.000419,-2.3e-05,-0.003133,-2.7e-05,-0.005054,-5.4e-05,-0.003252,-0.009571,-0.000342,-0.00041,-0.005288,-5.3e-05,-0.000122,-1.6e-05,-0.000313,-0.005472,-0.005899,-0.0,-0.004157,-0.004456,-0.009006,-0.009087,-5.1e-05,-0.009123,-0.00015,-0.007393,-0.002327,-0.0,-0.002432,-0.00979,-0.005886,-0.007239,-0.006816,-0.009263,-0.002581,-0.001422,-0.001414,-8.8e-05,-0.000911,-0.00394,-0.005136,-0.005808
2017-05-31 14:23:00+02:00,-1e-05,-0.0,-0.000544,-0.005225,-0.000504,-0.000201,-0.001356,-0.002237,-0.002943,-0.000205,-8.7e-05,-1.3e-05,-0.003124,-0.003138,-0.002927,-0.005217,-0.000289,-1.3e-05,-0.000223,-0.005208,-0.0,-0.005222,-0.003998,-2.2e-05,-0.005225,-0.005217,-0.00195,-0.0,-0.001458,-0.000154,-4.5e-05,-0.003103,-0.0,-0.003138,-0.003136,-1.6e-05,-0.001298,-0.003521,-8e-06,-0.005208,-0.002225,-2.2e-05,-0.003151,-0.0,-0.000441,-0.002396,-0.002098,-0.002861,-0.002943,-0.0,-0.000106,-0.003103,-0.003124,-0.003138,-4.5e-05,-0.0,-0.000391,-5.7e-05,-0.0,-0.001647,-0.003065,-0.005222,-0.005196,-0.0,-0.000605,-0.005217,-0.000899,-0.002861,-0.0,-0.000921,-0.002005,-0.000169,-0.000106,-0.003138,-0.003136,-0.0,-0.000335,-1.8e-05,-0.002751,-2.2e-05,-0.003065,-4.4e-05,-0.002813,-0.005225,-0.000273,-0.000328,-0.002771,-4.3e-05,-9.8e-05,-1.3e-05,-0.00025,-0.003103,-0.003124,-0.0,-0.003136,-0.003891,-0.005168,-0.005182,-4.1e-05,-0.005208,-0.00012,-0.005222,-0.002044,-0.0,-0.00215,-0.005217,-0.003103,-0.005182,-0.005196,-0.005208,-0.002286,-0.001207,-0.001205,-7e-05,-0.000729,-0.003462,-0.004543,-0.003065
2017-05-31 14:24:00+02:00,-8e-06,-0.0,-0.000435,-0.002479,-0.000403,-0.000161,-0.001085,-0.00124,-0.00124,-0.000164,-7e-05,-1e-05,-0.00124,-0.00124,-0.00124,-0.002479,-0.000231,-1.1e-05,-0.000178,-0.002479,-0.0,-0.002479,-0.002479,-1.8e-05,-0.002479,-0.002479,-0.00124,-0.0,-0.001166,-0.000124,-3.6e-05,-0.00124,-0.0,-0.00124,-0.00124,-1.3e-05,-0.001039,-0.002479,-6e-06,-0.002479,-0.00124,-1.8e-05,-0.002479,-0.0,-0.000353,-0.001917,-0.00124,-0.00124,-0.00124,-0.0,-8.5e-05,-0.00124,-0.00124,-0.00124,-3.6e-05,-0.0,-0.000313,-4.6e-05,-0.0,-0.001317,-0.00124,-0.002479,-0.002479,-0.0,-0.000484,-0.002479,-0.000719,-0.00124,-0.0,-0.000737,-0.00124,-0.000135,-8.5e-05,-0.00124,-0.00124,-0.0,-0.000268,-1.5e-05,-0.002201,-1.7e-05,-0.00124,-3.5e-05,-0.00225,-0.002479,-0.000219,-0.000262,-0.00124,-3.4e-05,-7.8e-05,-1e-05,-0.0002,-0.00124,-0.00124,-0.0,-0.00124,-0.002479,-0.002479,-0.002479,-3.2e-05,-0.002479,-9.6e-05,-0.002479,-0.00124,-0.0,-0.00124,-0.002479,-0.00124,-0.002479,-0.002479,-0.002479,-0.00124,-0.000966,-0.000964,-5.6e-05,-0.000583,-0.002479,-0.002479,-0.00124
2017-05-31 14:25:00+02:00,-6e-06,-0.0,-0.000348,-0.001983,-0.000323,-0.000129,-0.000868,-0.000992,-0.000992,-0.000131,-5.6e-05,-8e-06,-0.000992,-0.000992,-0.000992,-0.001983,-0.000185,-9e-06,-0.000143,-0.001983,-0.0,-0.001983,-0.001983,-1.4e-05,-0.001983,-0.001983,-0.000992,-0.0,-0.000933,-9.9e-05,-2.9e-05,-0.000992,-0.0,-0.000992,-0.000992,-1e-05,-0.000831,-0.001983,-5e-06,-0.001983,-0.000992,-1.4e-05,-0.001983,-0.0,-0.000282,-0.001534,-0.000992,-0.000992,-0.000992,-0.0,-6.8e-05,-0.000992,-0.000992,-0.000992,-2.9e-05,-0.0,-0.00025,-3.7e-05,-0.0,-0.001054,-0.000992,-0.001983,-0.001983,-0.0,-0.000387,-0.001983,-0.000575,-0.000992,-0.0,-0.00059,-0.000992,-0.000108,-6.8e-05,-0.000992,-0.000992,-0.0,-0.000214,-1.2e-05,-0.001761,-1.4e-05,-0.000992,-2.8e-05,-0.0018,-0.001983,-0.000175,-0.00021,-0.000992,-2.7e-05,-6.3e-05,-8e-06,-0.00016,-0.000992,-0.000992,-0.0,-0.000992,-0.001983,-0.001983,-0.001983,-2.6e-05,-0.001983,-7.7e-05,-0.001983,-0.000992,-0.0,-0.000992,-0.001983,-0.000992,-0.001983,-0.001983,-0.001983,-0.000992,-0.000772,-0.000771,-4.5e-05,-0.000466,-0.001983,-0.001983,-0.000992
2017-05-31 14:26:00+02:00,-5e-06,-0.0,-0.000278,-0.001769,-0.000258,-0.000103,-0.000695,-0.000826,-0.001004,-0.000105,-4.5e-05,-6e-06,-0.001134,-0.001101,-0.000897,-0.001856,-0.000148,-7e-06,-0.000114,-0.001748,-0.0,-0.001744,-0.001646,-1.1e-05,-0.001964,-0.001913,-0.000816,-0.0,-0.000764,-7.9e-05,-2.3e-05,-0.001006,-0.0,-0.000995,-0.001057,-8e-06,-0.000675,-0.001631,-4e-06,-0.002031,-0.000822,-1.1e-05,-0.001587,-0.0,-0.000226,-0.001253,-0.000843,-0.000861,-0.000899,-0.0,-5.4e-05,-0.000878,-0.000954,-0.001134,-2.3e-05,-0.0,-0.0002,-2.9e-05,-0.0,-0.000843,-0.000876,-0.001992,-0.00174,-0.0,-0.00031,-0.001878,-0.00046,-0.000868,-0.0,-0.000472,-0.000799,-8.7e-05,-5.4e-05,-0.000883,-0.001086,-0.0,-0.000172,-9e-06,-0.001421,-1.1e-05,-0.000952,-2.2e-05,-0.001484,-0.001995,-0.00014,-0.000168,-0.001079,-2.2e-05,-5e-05,-7e-06,-0.000128,-0.000976,-0.00112,-0.0,-0.000912,-0.001718,-0.001918,-0.00192,-2.1e-05,-0.00194,-6.2e-05,-0.001808,-0.000804,-0.0,-0.00082,-0.002158,-0.001124,-0.001846,-0.001789,-0.001921,-0.000825,-0.000625,-0.000617,-3.6e-05,-0.000373,-0.0016,-0.001712,-0.001106
2017-05-31 14:27:00+02:00,-4e-06,-0.0,-0.000223,-0.001707,-0.000214,-8.2e-05,-0.000612,-0.000752,-0.00107,-8.4e-05,-3.6e-05,-5e-06,-0.001301,-0.001242,-0.00088,-0.001865,-0.000118,-5e-06,-9.1e-05,-0.001687,-0.0,-0.001681,-0.001487,-9e-06,-0.00206,-0.001969,-0.000733,-0.0,-0.000687,-6.3e-05,-1.8e-05,-0.001075,-0.0,-0.001055,-0.001163,-7e-06,-0.000655,-0.001458,-3e-06,-0.002182,-0.000747,-9e-06,-0.001384,-0.0,-0.000181,-0.001135,-0.000779,-0.000823,-0.000881,-0.0,-4.3e-05,-0.000856,-0.000982,-0.0013,-1.8e-05,-0.0,-0.00016,-2.3e-05,-0.0,-0.000747,-0.000851,-0.002111,-0.001656,-0.0,-0.000248,-0.001905,-0.000406,-0.000836,-0.0,-0.000415,-0.000709,-6.9e-05,-4.3e-05,-0.000866,-0.001216,-0.0,-0.000137,-7e-06,-0.001257,-9e-06,-0.000978,-1.8e-05,-0.001338,-0.002115,-0.000112,-0.000134,-0.001204,-1.7e-05,-4e-05,-5e-06,-0.000103,-0.001022,-0.001277,-0.0,-0.000907,-0.001612,-0.00198,-0.001982,-1.7e-05,-0.002017,-4.9e-05,-0.001778,-0.000715,-0.0,-0.000742,-0.002412,-0.001284,-0.001846,-0.001743,-0.001985,-0.000752,-0.000564,-0.000532,-2.9e-05,-0.000329,-0.001409,-0.001604,-0.001252
2017-05-31 14:28:00+02:00,-3e-06,-0.0,-0.000178,-0.001595,-0.000171,-6.6e-05,-0.000511,-0.000658,-0.001092,-6.7e-05,-2.9e-05,-4e-06,-0.001411,-0.00133,-0.00083,-0.001813,-9.5e-05,-4e-06,-7.3e-05,-0.00155,-0.0,-0.001542,-0.001293,-7e-06,-0.002071,-0.001957,-0.000632,-0.0,-0.000589,-5.1e-05,-1.5e-05,-0.0011,-0.0,-0.001073,-0.001222,-5e-06,-0.000563,-0.001253,-3e-06,-0.002235,-0.000651,-7e-06,-0.001137,-0.0,-0.000145,-0.000972,-0.000695,-0.000746,-0.000832,-0.0,-3.5e-05,-0.000792,-0.000977,-0.00141,-1.5e-05,-0.0,-0.000128,-1.9e-05,-0.0,-0.000602,-0.000785,-0.002139,-0.001524,-0.0,-0.000198,-0.001868,-0.000326,-0.000764,-0.0,-0.000332,-0.00059,-5.5e-05,-3.5e-05,-0.000805,-0.001295,-0.0,-0.00011,-6e-06,-0.001059,-7e-06,-0.000972,-1.4e-05,-0.001153,-0.002145,-9e-05,-0.000108,-0.001273,-1.4e-05,-3.2e-05,-4e-06,-8.2e-05,-0.001033,-0.001378,-0.0,-0.000873,-0.001454,-0.00197,-0.001974,-1.3e-05,-0.002011,-3.9e-05,-0.001693,-0.0006,-0.0,-0.000645,-0.002549,-0.001387,-0.001775,-0.001645,-0.001978,-0.000659,-0.000479,-0.000426,-2.3e-05,-0.000263,-0.001171,-0.001453,-0.001342
2017-05-31 14:29:00+02:00,-3e-06,-0.0,-0.000228,-0.001828,-0.000248,-5.3e-05,-0.000552,-0.000729,-0.001359,-9.7e-05,-2.3e-05,-3e-06,-0.001834,-0.001716,-0.00099,-0.002136,-7.6e-05,-4e-06,-5.8e-05,-0.001801,-0.0,-0.001792,-0.0014,-6e-06,-0.002506,-0.002341,-0.000686,-0.0,-0.00065,-4e-05,-1.2e-05,-0.001382,-0.0,-0.001344,-0.001561,-4e-06,-0.000715,-0.001339,-2e-06,-0.002731,-0.00073,-6e-06,-0.001194,-0.0,-0.00021,-0.001082,-0.000775,-0.000874,-0.00098,-0.0,-2.8e-05,-0.000959,-0.001206,-0.001834,-1.2e-05,-0.0,-0.000149,-1.5e-05,-0.0,-0.000694,-0.000946,-0.002597,-0.001727,-0.0,-0.000256,-0.002215,-0.000375,-0.000901,-0.0,-0.000387,-0.000652,-6.5e-05,-2.8e-05,-0.000982,-0.001666,-0.0,-0.00016,-5e-06,-0.001133,-6e-06,-0.001193,-1.1e-05,-0.001256,-0.002608,-0.000106,-0.000101,-0.001602,-1.1e-05,-2.6e-05,-3e-06,-0.000119,-0.001285,-0.001785,-0.0,-0.001056,-0.001621,-0.002352,-0.002359,-1.1e-05,-0.002414,-3.2e-05,-0.001967,-0.000655,-0.0,-0.000717,-0.00318,-0.001798,-0.002073,-0.001894,-0.002369,-0.000741,-0.000545,-0.000466,-1.8e-05,-0.000357,-0.001243,-0.001623,-0.001729
2017-05-31 14:30:00+02:00,-2e-06,-0.0,-0.000901,-0.003224,-0.000958,-0.000362,-0.001043,-0.001337,-0.002355,-0.000459,-0.00017,-3e-06,-0.002809,-0.002719,-0.001831,-0.00375,-0.000547,-3e-06,-0.000415,-0.003301,-0.0,-0.003315,-0.00248,-5e-06,-0.004238,-0.004067,-0.001242,-0.0,-0.001211,-0.0003,-8.1e-05,-0.00244,-0.0,-0.002421,-0.002595,-3e-06,-0.001626,-0.002316,-2e-06,-0.004357,-0.001369,-5e-06,-0.002158,-0.0,-0.000887,-0.002039,-0.001386,-0.001665,-0.001793,-0.0,-0.000184,-0.001864,-0.002218,-0.002813,-8e-05,-0.0,-0.000714,-4.7e-05,-0.0,-0.001529,-0.001836,-0.00429,-0.003036,-0.0,-0.000956,-0.003891,-0.00083,-0.001718,-0.0,-0.000883,-0.001259,-0.000389,-0.000225,-0.001915,-0.00268,-0.0,-0.000746,-4e-06,-0.002044,-5e-06,-0.002192,-9e-06,-0.00226,-0.004318,-0.000664,-0.000624,-0.002466,-7.5e-05,-0.000196,-3e-06,-0.000513,-0.00236,-0.00277,-0.0,-0.001947,-0.002829,-0.003989,-0.004012,-9e-06,-0.004103,-0.000254,-0.003461,-0.001234,-0.0,-0.001339,-0.004738,-0.002773,-0.003597,-0.003282,-0.004067,-0.001388,-0.001085,-0.000974,-8.3e-05,-0.001108,-0.002234,-0.002829,-0.002704
2017-05-31 14:31:00+02:00,-2e-06,-0.0,-0.002181,-0.004788,-0.002256,-0.001041,-0.001971,-0.002288,-0.003141,-0.001115,-0.000491,-2e-06,-0.003582,-0.003515,-0.002805,-0.005168,-0.001474,-2e-06,-0.001164,-0.004787,-0.0,-0.00484,-0.004184,-4e-06,-0.005599,-0.005422,-0.002166,-0.0,-0.002226,-0.000825,-0.000294,-0.003279,-0.0,-0.003276,-0.003417,-3e-06,-0.003135,-0.003951,-1e-06,-0.005631,-0.002407,-4e-06,-0.003927,-0.0,-0.00213,-0.003796,-0.002281,-0.00255,-0.002692,-0.0,-0.000549,-0.002818,-0.003109,-0.00359,-0.000295,-0.0,-0.001799,-0.000249,-0.0,-0.003076,-0.002781,-0.005619,-0.004629,-0.0,-0.002285,-0.005281,-0.001676,-0.002592,-0.0,-0.001805,-0.002319,-0.000988,-0.00058,-0.002871,-0.003484,-0.0,-0.001803,-3e-06,-0.003757,-4e-06,-0.003066,-0.000116,-0.004008,-0.005663,-0.001708,-0.001645,-0.003145,-0.000272,-0.000549,-2e-06,-0.001242,-0.003215,-0.003551,-0.0,-0.002897,-0.004432,-0.005272,-0.005307,-8.6e-05,-0.005429,-0.000691,-0.004956,-0.002206,-0.0,-0.00236,-0.005959,-0.003545,-0.004976,-0.004747,-0.0054,-0.002422,-0.002074,-0.001963,-0.000337,-0.002478,-0.003956,-0.004432,-0.003475
2017-05-31 14:32:00+02:00,-1e-06,-0.0,-0.002229,-0.005939,-0.002316,-0.000833,-0.002181,-0.002675,-0.003756,-0.001065,-0.000393,-2e-06,-0.004187,-0.004138,-0.003402,-0.006277,-0.001305,-2e-06,-0.000931,-0.00595,-0.0,-0.006033,-0.004867,-3e-06,-0.006663,-0.006481,-0.002489,-0.0,-0.002474,-0.000684,-0.000235,-0.003936,-0.0,-0.003947,-0.004061,-2e-06,-0.00339,-0.004522,-1e-06,-0.006626,-0.002797,-3e-06,-0.004463,-0.0,-0.002149,-0.004197,-0.002666,-0.003243,-0.003287,-0.0,-0.000439,-0.003568,-0.003809,-0.004198,-0.000236,-0.0,-0.00175,-0.0002,-0.0,-0.003349,-0.003523,-0.006657,-0.005639,-0.0,-0.002366,-0.006368,-0.001824,-0.003277,-0.0,-0.001963,-0.002685,-0.000878,-0.000464,-0.003623,-0.004115,-0.0,-0.001721,-2e-06,-0.004176,-3e-06,-0.003751,-9.3e-05,-0.00449,-0.006713,-0.001577,-0.00151,-0.003673,-0.000218,-0.00044,-2e-06,-0.001246,-0.003885,-0.004162,-0.0,-0.003646,-0.005159,-0.006275,-0.00632,-6.9e-05,-0.006464,-0.000553,-0.006126,-0.002577,-0.0,-0.002732,-0.00691,-0.004149,-0.006055,-0.005895,-0.006441,-0.002825,-0.002284,-0.00217,-0.00027,-0.002619,-0.004563,-0.005288,-0.004079
2017-05-31 14:33:00+02:00,-1e-06,-0.0,-0.00183,-0.006349,-0.001927,-0.000666,-0.00211,-0.002732,-0.004244,-0.000852,-0.000314,-1e-06,-0.004669,-0.004634,-0.003561,-0.007083,-0.001044,-1e-06,-0.000745,-0.006802,-0.0,-0.006888,-0.004958,-2e-06,-0.00751,-0.007322,-0.002506,-0.0,-0.002396,-0.000547,-0.000188,-0.00446,-0.0,-0.004482,-0.004574,-2e-06,-0.003126,-0.004546,-1e-06,-0.007417,-0.002837,-2e-06,-0.004433,-0.0,-0.001727,-0.004042,-0.002711,-0.003599,-0.003462,-0.0,-0.000351,-0.004036,-0.004327,-0.004683,-0.000189,-0.0,-0.0014,-0.00016,-0.0,-0.003135,-0.003977,-0.007482,-0.005942,-0.0,-0.00199,-0.007232,-0.001707,-0.003682,-0.0,-0.00183,-0.002703,-0.000702,-0.000371,-0.004139,-0.004617,-0.0,-0.001377,-2e-06,-0.004079,-2e-06,-0.004265,-7.4e-05,-0.004391,-0.007547,-0.001261,-0.001208,-0.004092,-0.000174,-0.000352,-1e-06,-0.000997,-0.004419,-0.004649,-0.0,-0.003951,-0.005233,-0.007073,-0.007126,-5.5e-05,-0.007287,-0.000442,-0.006707,-0.002617,-0.0,-0.002763,-0.007666,-0.00463,-0.006617,-0.006365,-0.007269,-0.002876,-0.002178,-0.002071,-0.000216,-0.002303,-0.004594,-0.005481,-0.004558
2017-05-31 14:34:00+02:00,-1e-06,-0.0,-0.001464,-0.006466,-0.001541,-0.000533,-0.001967,-0.002687,-0.004626,-0.000682,-0.000251,-1e-06,-0.005048,-0.005025,-0.003532,-0.007508,-0.000836,-1e-06,-0.000596,-0.007249,-0.0,-0.007333,-0.004867,-2e-06,-0.008173,-0.007981,-0.002433,-0.0,-0.002223,-0.000438,-0.000151,-0.004872,-0.0,-0.004831,-0.004979,-1e-06,-0.002697,-0.004409,-1e-06,-0.008034,-0.002773,-2e-06,-0.004208,-0.0,-0.001382,-0.003728,-0.00264,-0.003754,-0.003453,-0.0,-0.000281,-0.00427,-0.004608,-0.005064,-0.000151,-0.0,-0.00112,-0.000128,-0.0,-0.002809,-0.0042,-0.008127,-0.005978,-0.0,-0.001592,-0.007748,-0.001529,-0.003875,-0.0,-0.001631,-0.002597,-0.000562,-0.000297,-0.004409,-0.005014,-0.0,-0.001101,-2e-06,-0.003845,-2e-06,-0.004544,-5.9e-05,-0.004116,-0.008201,-0.001009,-0.000967,-0.004418,-0.000139,-0.000281,-1e-06,-0.000797,-0.004809,-0.005032,-0.0,-0.004067,-0.005044,-0.007697,-0.007755,-4.4e-05,-0.007896,-0.000354,-0.006957,-0.002535,-0.0,-0.002692,-0.008256,-0.005009,-0.006803,-0.006535,-0.007915,-0.00282,-0.001984,-0.001878,-0.000173,-0.001898,-0.004417,-0.005433,-0.004935
2017-05-31 14:35:00+02:00,-1e-06,-0.0,-0.001171,-0.006434,-0.001233,-0.000426,-0.001814,-0.002608,-0.004884,-0.000545,-0.000201,-1e-06,-0.005343,-0.00533,-0.003418,-0.007714,-0.000668,-1e-06,-0.000477,-0.007519,-0.0,-0.007601,-0.004717,-2e-06,-0.008613,-0.008399,-0.002334,-0.0,-0.002021,-0.00035,-0.00012,-0.0051,-0.0,-0.004999,-0.005295,-1e-06,-0.002237,-0.004228,-1e-06,-0.008514,-0.002675,-2e-06,-0.003958,-0.0,-0.001106,-0.003368,-0.002521,-0.003832,-0.003358,-0.0,-0.000225,-0.004405,-0.004751,-0.005361,-0.000121,-0.0,-0.000896,-0.000102,-0.0,-0.00248,-0.004328,-0.008628,-0.005883,-0.0,-0.001274,-0.008025,-0.001349,-0.003982,-0.0,-0.001431,-0.00247,-0.000449,-0.000237,-0.004571,-0.005322,-0.0,-0.000881,-1e-06,-0.003587,-1e-06,-0.004686,-4.7e-05,-0.003783,-0.008709,-0.000807,-0.000773,-0.004669,-0.000112,-0.000225,-1e-06,-0.000638,-0.005037,-0.00533,-0.0,-0.004083,-0.004754,-0.008132,-0.008197,-3.5e-05,-0.008201,-0.000283,-0.007028,-0.002431,-0.0,-0.002591,-0.008712,-0.005303,-0.006798,-0.006549,-0.008371,-0.002729,-0.001767,-0.001684,-0.000138,-0.001519,-0.004206,-0.005277,-0.005228
2017-05-31 14:36:00+02:00,-1e-06,-0.0,-0.000937,-0.00637,-0.000986,-0.000341,-0.001686,-0.002539,-0.005043,-0.000436,-0.000161,-1e-06,-0.005587,-0.005582,-0.003287,-0.00784,-0.000535,-1e-06,-0.000381,-0.00768,-0.0,-0.007759,-0.004588,-1e-06,-0.008889,-0.008691,-0.002248,-0.0,-0.001839,-0.00028,-9.6e-05,-0.005234,-0.0,-0.005087,-0.005556,-1e-06,-0.001819,-0.004074,-0.0,-0.008916,-0.002591,-1e-06,-0.003717,-0.0,-0.000884,-0.003046,-0.002405,-0.003861,-0.003246,-0.0,-0.00018,-0.004477,-0.004838,-0.005607,-9.7e-05,-0.0,-0.000717,-8.2e-05,-0.0,-0.002206,-0.004394,-0.008997,-0.00577,-0.0,-0.001019,-0.008206,-0.001199,-0.004035,-0.0,-0.001264,-0.002342,-0.00036,-0.00019,-0.004664,-0.005578,-0.0,-0.000705,-1e-06,-0.003371,-1e-06,-0.004773,-3.8e-05,-0.003482,-0.009095,-0.000646,-0.000619,-0.004878,-8.9e-05,-0.00018,-1e-06,-0.00051,-0.005191,-0.005577,-0.0,-0.00407,-0.004463,-0.00844,-0.00851,-2.8e-05,-0.008373,-0.000226,-0.007046,-0.002322,-0.0,-0.002504,-0.009097,-0.005546,-0.006731,-0.006523,-0.008694,-0.00265,-0.001572,-0.001506,-0.000111,-0.001215,-0.003996,-0.005116,-0.00547
2017-05-31 14:37:00+02:00,-0.0,-0.0,-0.00075,-0.006377,-0.000789,-0.000273,-0.001601,-0.002504,-0.005222,-0.000349,-0.000129,-1e-06,-0.005781,-0.005782,-0.00321,-0.007999,-0.000428,-1e-06,-0.000305,-0.007868,-0.0,-0.007945,-0.004523,-1e-06,-0.009198,-0.008985,-0.002198,-0.0,-0.001723,-0.000224,-7.7e-05,-0.005387,-0.0,-0.005197,-0.005763,-1e-06,-0.001516,-0.003985,-0.0,-0.009235,-0.002545,-1e-06,-0.00357,-0.0,-0.000708,-0.002839,-0.002341,-0.003918,-0.003182,-0.0,-0.000144,-0.00457,-0.004943,-0.005801,-7.7e-05,-0.0,-0.000574,-6.5e-05,-0.0,-0.00202,-0.004481,-0.009341,-0.005737,-0.0,-0.000815,-0.00841,-0.001096,-0.004108,-0.0,-0.001149,-0.002267,-0.000288,-0.000152,-0.004775,-0.00578,-0.0,-0.000564,-1e-06,-0.003232,-1e-06,-0.004877,-3e-05,-0.003295,-0.009442,-0.000517,-0.000495,-0.005042,-7.1e-05,-0.000144,-1e-06,-0.000408,-0.00535,-0.005773,-0.0,-0.004095,-0.004272,-0.008744,-0.008818,-2.2e-05,-0.00858,-0.000181,-0.007119,-0.002261,-0.0,-0.002455,-0.009403,-0.005738,-0.006726,-0.006558,-0.009011,-0.002608,-0.001446,-0.001388,-8.8e-05,-0.000979,-0.003874,-0.005043,-0.005661
2017-05-31 14:38:00+02:00,-0.0,-0.0,-0.0006,-0.006273,-0.000631,-0.000218,-0.00149,-0.002428,-0.005291,-0.000279,-0.000103,-0.0,-0.00593,-0.005936,-0.003079,-0.008011,-0.000342,-0.0,-0.000244,-0.007866,-0.0,-0.007941,-0.004383,-1e-06,-0.009311,-0.009099,-0.002113,-0.0,-0.001574,-0.000179,-6.2e-05,-0.005434,-0.0,-0.00521,-0.005923,-1e-06,-0.001213,-0.003831,-0.0,-0.009471,-0.002458,-1e-06,-0.003322,-0.0,-0.000566,-0.002576,-0.002235,-0.003878,-0.003064,-0.0,-0.000115,-0.004556,-0.004962,-0.005952,-6.2e-05,-0.0,-0.000459,-5.2e-05,-0.0,-0.001792,-0.004464,-0.009484,-0.005603,-0.0,-0.000652,-0.008456,-0.000972,-0.004084,-0.0,-0.001011,-0.00213,-0.00023,-0.000122,-0.004774,-0.005937,-0.0,-0.000451,-1e-06,-0.003039,-1e-06,-0.004895,-2.4e-05,-0.003045,-0.009599,-0.000413,-0.000396,-0.005163,-5.7e-05,-0.000115,-0.0,-0.000327,-0.005409,-0.005923,-0.0,-0.004051,-0.004007,-0.00887,-0.008946,-1.8e-05,-0.008615,-0.000145,-0.007066,-0.002139,-0.0,-0.002366,-0.009627,-0.005886,-0.006602,-0.006478,-0.009144,-0.002524,-0.001289,-0.001222,-7.1e-05,-0.000783,-0.003647,-0.00488,-0.005807
2017-05-31 14:39:00+02:00,-0.0,-0.0,-0.00048,-0.006168,-0.000505,-0.000175,-0.001409,-0.002375,-0.005333,-0.000223,-8.2e-05,-0.0,-0.006049,-0.006059,-0.00297,-0.007995,-0.000274,-0.0,-0.000195,-0.007918,-0.0,-0.007991,-0.004287,-1e-06,-0.009386,-0.009162,-0.002052,-0.0,-0.001447,-0.000143,-4.9e-05,-0.005458,-0.0,-0.005208,-0.006051,-0.0,-0.00097,-0.003725,-0.0,-0.009667,-0.002396,-1e-06,-0.003173,-0.0,-0.000453,-0.002355,-0.00214,-0.003877,-0.002965,-0.0,-9.2e-05,-0.004575,-0.004957,-0.006072,-4.9e-05,-0.0,-0.000367,-4.2e-05,-0.0,-0.001627,-0.00448,-0.009582,-0.005476,-0.0,-0.000522,-0.008466,-0.000881,-0.004093,-0.0,-0.000911,-0.002049,-0.000184,-9.7e-05,-0.004803,-0.006063,-0.0,-0.000361,-1e-06,-0.002902,-1e-06,-0.004889,-1.9e-05,-0.002832,-0.009707,-0.000331,-0.000317,-0.005261,-4.6e-05,-9.2e-05,-0.0,-0.000261,-0.005435,-0.006044,-0.0,-0.004,-0.003793,-0.008944,-0.009022,-1.4e-05,-0.00863,-0.000116,-0.006999,-0.002068,-0.0,-0.002303,-0.009814,-0.006004,-0.006496,-0.006392,-0.009222,-0.002465,-0.001157,-0.001116,-5.7e-05,-0.000626,-0.003513,-0.00473,-0.005924
2017-05-31 14:40:00+02:00,-0.0,-0.0,-0.000384,-0.006083,-0.000404,-0.00014,-0.001344,-0.002326,-0.00535,-0.000179,-6.6e-05,-0.0,-0.006143,-0.006156,-0.002874,-0.007975,-0.000219,-0.0,-0.000156,-0.007936,-0.0,-0.008006,-0.0042,-1e-06,-0.00942,-0.009196,-0.002001,-0.0,-0.001349,-0.000115,-3.9e-05,-0.005464,-0.0,-0.005195,-0.006152,-0.0,-0.000776,-0.003635,-0.0,-0.009822,-0.002344,-1e-06,-0.003051,-0.0,-0.000362,-0.002183,-0.002065,-0.003865,-0.002877,-0.0,-7.4e-05,-0.004579,-0.004948,-0.006166,-4e-05,-0.0,-0.000294,-3.3e-05,-0.0,-0.001501,-0.00448,-0.00964,-0.005374,-0.0,-0.000417,-0.008464,-0.000812,-0.004088,-0.0,-0.000834,-0.001982,-0.000147,-7.8e-05,-0.004813,-0.006162,-0.0,-0.000289,-0.0,-0.002791,-0.0,-0.00488,-1.6e-05,-0.002667,-0.009774,-0.000265,-0.000253,-0.005336,-3.7e-05,-7.4e-05,-0.0,-0.000209,-0.005447,-0.006139,-0.0,-0.003958,-0.003609,-0.008989,-0.009067,-1.2e-05,-0.008621,-9.3e-05,-0.006943,-0.002009,-0.0,-0.00225,-0.009961,-0.006097,-0.006396,-0.006323,-0.009268,-0.002413,-0.001055,-0.001031,-4.5e-05,-0.000501,-0.003403,-0.004613,-0.006015
2017-05-31 14:41:00+02:00,-0.0,-0.0,-0.000307,-0.006104,-0.000323,-0.000112,-0.001328,-0.002324,-0.005396,-0.000143,-5.3e-05,-0.0,-0.006218,-0.006234,-0.002838,-0.008046,-0.000175,-0.0,-0.000125,-0.008052,-0.0,-0.008124,-0.004199,-0.0,-0.009503,-0.009313,-0.001993,-0.0,-0.001319,-9.2e-05,-3.2e-05,-0.005504,-0.0,-0.005222,-0.006234,-0.0,-0.000647,-0.003624,-0.0,-0.00994,-0.002342,-0.0,-0.003067,-0.0,-0.00029,-0.00213,-0.002051,-0.003914,-0.002842,-0.0,-5.9e-05,-0.004648,-0.004998,-0.006242,-3.2e-05,-0.0,-0.000235,-2.7e-05,-0.0,-0.001466,-0.004545,-0.009742,-0.005381,-0.0,-0.000334,-0.00855,-0.000792,-0.004143,-0.0,-0.000812,-0.001996,-0.000118,-6.2e-05,-0.004888,-0.006241,-0.0,-0.000231,-0.0,-0.002767,-0.0,-0.004927,-1.2e-05,-0.00262,-0.009884,-0.000212,-0.000203,-0.005393,-2.9e-05,-5.9e-05,-0.0,-0.000167,-0.005514,-0.006215,-0.0,-0.00398,-0.003526,-0.009111,-0.009189,-9e-06,-0.008669,-7.4e-05,-0.006985,-0.002023,-0.0,-0.002245,-0.010073,-0.006171,-0.006373,-0.006351,-0.009393,-0.002412,-0.001021,-0.00103,-3.6e-05,-0.000423,-0.003426,-0.004605,-0.006087
2017-05-31 14:42:00+02:00,-0.0,-0.0,-0.000246,-0.006107,-0.000259,-8.9e-05,-0.001315,-0.002324,-0.005423,-0.000114,-4.2e-05,-0.0,-0.006273,-0.006292,-0.002809,-0.008088,-0.00014,-0.0,-0.0001,-0.008164,-0.0,-0.008238,-0.004201,-0.0,-0.009553,-0.009392,-0.001988,-0.0,-0.001291,-7.3e-05,-2.5e-05,-0.00553,-0.0,-0.005238,-0.006294,-0.0,-0.000548,-0.003617,-0.0,-0.010019,-0.002341,-0.0,-0.003092,-0.0,-0.000232,-0.00208,-0.002034,-0.003962,-0.002813,-0.0,-4.7e-05,-0.004715,-0.005032,-0.006298,-2.5e-05,-0.0,-0.000188,-2.1e-05,-0.0,-0.001442,-0.00461,-0.009806,-0.005373,-0.0,-0.000267,-0.008603,-0.000778,-0.004196,-0.0,-0.000797,-0.002016,-9.4e-05,-5e-05,-0.004963,-0.0063,-0.0,-0.000185,-0.0,-0.002749,-0.0,-0.004958,-1e-05,-0.002575,-0.009955,-0.000169,-0.000162,-0.00543,-2.3e-05,-4.7e-05,-0.0,-0.000134,-0.005562,-0.006271,-0.0,-0.003992,-0.003459,-0.009194,-0.009273,-7e-06,-0.008692,-5.9e-05,-0.007004,-0.002041,-0.0,-0.002243,-0.010148,-0.006224,-0.006346,-0.00636,-0.009479,-0.002413,-0.000991,-0.001037,-2.9e-05,-0.000367,-0.003456,-0.004587,-0.006138
2017-05-31 14:43:00+02:00,-0.0,-0.0,-0.000197,-0.006069,-0.000207,-7.2e-05,-0.001295,-0.002311,-0.005417,-9.2e-05,-3.4e-05,-0.0,-0.006314,-0.006335,-0.002765,-0.008074,-0.000112,-0.0,-8e-05,-0.008205,-0.0,-0.008279,-0.004178,-0.0,-0.009544,-0.009402,-0.001971,-0.0,-0.001251,-5.9e-05,-2e-05,-0.005523,-0.0,-0.005225,-0.00634,-0.0,-0.000444,-0.003589,-0.0,-0.010075,-0.002328,-0.0,-0.003077,-0.0,-0.000185,-0.00201,-0.002002,-0.003974,-0.00277,-0.0,-3.8e-05,-0.004741,-0.005031,-0.00634,-2e-05,-0.0,-0.00015,-1.7e-05,-0.0,-0.001404,-0.004633,-0.009808,-0.005329,-0.0,-0.000214,-0.008598,-0.000756,-0.004212,-0.0,-0.000774,-0.002011,-7.5e-05,-4e-05,-0.004994,-0.006345,-0.0,-0.000148,-0.0,-0.002715,-0.0,-0.004955,-8e-06,-0.002507,-0.009961,-0.000135,-0.00013,-0.005454,-1.9e-05,-3.8e-05,-0.0,-0.000107,-0.00557,-0.006312,-0.0,-0.003977,-0.003374,-0.00921,-0.009288,-6e-06,-0.008664,-4.7e-05,-0.006977,-0.002035,-0.0,-0.002228,-0.0102,-0.006264,-0.006286,-0.006327,-0.009494,-0.002401,-0.00095,-0.001025,-2.3e-05,-0.000305,-0.003445,-0.004537,-0.006176
2017-05-31 14:44:00+02:00,-0.0,-0.0,-0.000157,-0.006006,-0.000165,-5.7e-05,-0.001277,-0.002299,-0.005412,-7.3e-05,-2.7e-05,-0.0,-0.006349,-0.006372,-0.002732,-0.008022,-9e-05,-0.0,-6.4e-05,-0.008234,-0.0,-0.008309,-0.004159,-0.0,-0.009538,-0.009361,-0.001957,-0.0,-0.001205,-4.7e-05,-1.6e-05,-0.005518,-0.0,-0.005216,-0.006379,-0.0,-0.000366,-0.003566,-0.0,-0.01012,-0.002316,-0.0,-0.003067,-0.0,-0.000148,-0.001932,-0.001962,-0.003982,-0.002736,-0.0,-3e-05,-0.004761,-0.005006,-0.006376,-1.6e-05,-0.0,-0.00012,-1.4e-05,-0.0,-0.001373,-0.004651,-0.00981,-0.005263,-0.0,-0.000171,-0.008549,-0.000739,-0.004222,-0.0,-0.000755,-0.002008,-6e-05,-3.2e-05,-0.005018,-0.006382,-0.0,-0.000118,-0.0,-0.002687,-0.0,-0.004927,-6e-06,-0.00243,-0.009968,-0.000108,-0.000104,-0.005473,-1.5e-05,-3e-05,-0.0,-8.6e-05,-0.005549,-0.006348,-0.0,-0.003945,-0.003309,-0.009173,-0.00925,-5e-06,-0.008642,-3.8e-05,-0.006919,-0.002031,-0.0,-0.002215,-0.010242,-0.006297,-0.006239,-0.006266,-0.009455,-0.002391,-0.000905,-0.001016,-1.9e-05,-0.000256,-0.003438,-0.004468,-0.006207
2017-05-31 14:45:00+02:00,-0.0,-0.0,-0.000126,-0.006003,-0.000132,-4.6e-05,-0.001276,-0.002304,-0.005419,-5.9e-05,-2.2e-05,-0.0,-0.006381,-0.006406,-0.002716,-0.008037,-7.2e-05,-0.0,-5.1e-05,-0.008269,-0.0,-0.008346,-0.004171,-0.0,-0.009556,-0.009394,-0.001958,-0.0,-0.001189,-3.8e-05,-1.3e-05,-0.005526,-0.0,-0.00522,-0.006414,-0.0,-0.000315,-0.003572,-0.0,-0.010164,-0.002322,-0.0,-0.003071,-0.0,-0.000119,-0.001903,-0.001951,-0.003994,-0.002718,-0.0,-2.4e-05,-0.004784,-0.00502,-0.006409,-1.3e-05,-0.0,-9.6e-05,-1.1e-05,-0.0,-0.001371,-0.004672,-0.009833,-0.005255,-0.0,-0.000137,-0.008569,-0.000737,-0.004236,-0.0,-0.000754,-0.002012,-4.8e-05,-2.5e-05,-0.005045,-0.006417,-0.0,-9.5e-05,-0.0,-0.002688,-0.0,-0.004939,-5e-06,-0.002404,-0.009995,-8.7e-05,-8.3e-05,-0.005491,-1.2e-05,-2.4e-05,-0.0,-6.9e-05,-0.005569,-0.00638,-0.0,-0.003949,-0.003272,-0.009209,-0.009286,-4e-06,-0.008644,-3e-05,-0.006923,-0.002033,-0.0,-0.00222,-0.010285,-0.006328,-0.006219,-0.006265,-0.009491,-0.002398,-0.000887,-0.001016,-1.5e-05,-0.000237,-0.003443,-0.004455,-0.006236
2017-05-31 14:46:00+02:00,-0.0,-0.0,-0.000101,-0.006023,-0.000106,-3.7e-05,-0.00128,-0.002314,-0.005436,-4.7e-05,-1.7e-05,-0.0,-0.006409,-0.006434,-0.002711,-0.008072,-5.7e-05,-0.0,-4.1e-05,-0.00831,-0.0,-0.008388,-0.004192,-0.0,-0.009592,-0.009446,-0.001965,-0.0,-0.001184,-3e-05,-1e-05,-0.005546,-0.0,-0.005236,-0.006444,-0.0,-0.000283,-0.003587,-0.0,-0.010199,-0.002334,-0.0,-0.003083,-0.0,-9.5e-05,-0.001895,-0.00195,-0.004009,-0.002711,-0.0,-1.9e-05,-0.004811,-0.005047,-0.006437,-1e-05,-0.0,-7.7e-05,-9e-06,-0.0,-0.001378,-0.004696,-0.009869,-0.005269,-0.0,-0.000109,-0.00861,-0.00074,-0.004254,-0.0,-0.000758,-0.002021,-3.9e-05,-2e-05,-0.005075,-0.006447,-0.0,-7.6e-05,-0.0,-0.002698,-0.0,-0.004963,-4e-06,-0.002399,-0.010035,-6.9e-05,-6.6e-05,-0.005504,-1e-05,-1.9e-05,-0.0,-5.5e-05,-0.005602,-0.006407,-0.0,-0.003966,-0.003254,-0.009263,-0.009338,-3e-06,-0.008664,-2.4e-05,-0.006949,-0.00204,-0.0,-0.00223,-0.010319,-0.006353,-0.006217,-0.006284,-0.009545,-0.00241,-0.000882,-0.001021,-1.2e-05,-0.000231,-0.003456,-0.004463,-0.006259
2017-05-31 14:47:00+02:00,-0.0,-0.0,-8e-05,-0.006001,-8.5e-05,-2.9e-05,-0.001273,-0.00231,-0.005447,-3.7e-05,-1.4e-05,-0.0,-0.006436,-0.006463,-0.002705,-0.008063,-4.6e-05,-0.0,-3.3e-05,-0.008338,-0.0,-0.00842,-0.004188,-0.0,-0.009616,-0.009451,-0.001959,-0.0,-0.001162,-2.4e-05,-8e-06,-0.005559,-0.0,-0.005248,-0.006474,-0.0,-0.000249,-0.003578,-0.0,-0.010232,-0.002331,-0.0,-0.003087,-0.0,-7.6e-05,-0.001857,-0.001932,-0.004019,-0.002702,-0.0,-1.5e-05,-0.004831,-0.005048,-0.006465,-8e-06,-0.0,-6.2e-05,-7e-06,-0.0,-0.001366,-0.004714,-0.009894,-0.005244,-0.0,-8.8e-05,-0.008605,-0.000733,-0.004266,-0.0,-0.000751,-0.002025,-3.1e-05,-1.6e-05,-0.005099,-0.006476,-0.0,-6.1e-05,-0.0,-0.002687,-0.0,-0.004961,-3e-06,-0.002362,-0.010065,-5.5e-05,-5.3e-05,-0.005517,-8e-06,-1.5e-05,-0.0,-4.4e-05,-0.005608,-0.006435,-0.0,-0.003957,-0.003233,-0.009269,-0.009344,-2e-06,-0.008674,-1.9e-05,-0.006931,-0.002042,-0.0,-0.002226,-0.010351,-0.006379,-0.006209,-0.006261,-0.009552,-0.002408,-0.000859,-0.001021,-9e-06,-0.000209,-0.003461,-0.004434,-0.006284
2017-05-31 14:48:00+02:00,-0.0,-0.0,-6.4e-05,-0.006021,-6.8e-05,-2.3e-05,-0.001268,-0.002308,-0.005464,-3e-05,-1.1e-05,-0.0,-0.006456,-0.006484,-0.002707,-0.008095,-3.7e-05,-0.0,-2.6e-05,-0.008365,-0.0,-0.008448,-0.004187,-0.0,-0.009654,-0.009496,-0.001953,-0.0,-0.00116,-1.9e-05,-7e-06,-0.005579,-0.0,-0.005265,-0.006496,-0.0,-0.000232,-0.003572,-0.0,-0.010258,-0.002328,-0.0,-0.003091,-0.0,-6.1e-05,-0.001854,-0.001933,-0.004027,-0.002701,-0.0,-1.2e-05,-0.004848,-0.005071,-0.006486,-7e-06,-0.0,-4.9e-05,-6e-06,-0.0,-0.00136,-0.00473,-0.009928,-0.005259,-0.0,-7e-05,-0.008642,-0.000728,-0.004276,-0.0,-0.000746,-0.002028,-2.5e-05,-1.3e-05,-0.00512,-0.006498,-0.0,-4.8e-05,-0.0,-0.00268,-0.0,-0.004982,-3e-06,-0.002362,-0.010102,-4.4e-05,-4.3e-05,-0.005525,-6e-06,-1.2e-05,-0.0,-3.5e-05,-0.005636,-0.006455,-0.0,-0.003974,-0.003227,-0.009315,-0.00939,-2e-06,-0.008698,-1.6e-05,-0.006956,-0.002044,-0.0,-0.002222,-0.010376,-0.006398,-0.006216,-0.006282,-0.009598,-0.002407,-0.000856,-0.001021,-8e-06,-0.000194,-0.003466,-0.004444,-0.0063
2017-05-31 14:49:00+02:00,-0.0,-0.0,-5.2e-05,-0.006055,-5.4e-05,-1.9e-05,-0.001276,-0.002321,-0.005489,-2.4e-05,-9e-06,-0.0,-0.006478,-0.006507,-0.00271,-0.008146,-2.9e-05,-0.0,-2.1e-05,-0.008403,-0.0,-0.008485,-0.004219,-0.0,-0.009716,-0.00956,-0.001966,-0.0,-0.001163,-1.5e-05,-5e-06,-0.005603,-0.0,-0.005286,-0.00652,-0.0,-0.000217,-0.003601,-0.0,-0.010308,-0.002343,-0.0,-0.003097,-0.0,-4.9e-05,-0.001861,-0.001938,-0.004036,-0.002703,-0.0,-1e-05,-0.004861,-0.005097,-0.006509,-5e-06,-0.0,-3.9e-05,-4e-06,-0.0,-0.001372,-0.004741,-0.009982,-0.005287,-0.0,-5.6e-05,-0.008697,-0.000734,-0.004286,-0.0,-0.000752,-0.00203,-2e-05,-1e-05,-0.005136,-0.006521,-0.0,-3.9e-05,-0.0,-0.002702,-0.0,-0.005005,-2e-06,-0.002371,-0.010159,-3.6e-05,-3.4e-05,-0.005542,-5e-06,-1e-05,-0.0,-2.8e-05,-0.005665,-0.006477,-0.0,-0.003992,-0.003231,-0.009385,-0.009458,-2e-06,-0.008746,-1.2e-05,-0.006997,-0.002046,-0.0,-0.002236,-0.010425,-0.006419,-0.006242,-0.006319,-0.009665,-0.002422,-0.000857,-0.00102,-6e-06,-0.000195,-0.003474,-0.004466,-0.00632
2017-05-31 14:50:00+02:00,-0.0,-0.0,-4.1e-05,-0.005759,-4.3e-05,-1.5e-05,-0.001222,-0.002215,-0.0043,-1.9e-05,-7e-06,-0.0,-0.004717,-0.004754,-0.002556,-0.007619,-2.4e-05,-0.0,-1.7e-05,-0.007581,-0.0,-0.007652,-0.004034,-0.0,-0.007698,-0.007619,-0.001879,-0.0,-0.001113,-1.2e-05,-4e-06,-0.004655,-0.0,-0.004754,-0.004771,-0.0,-0.000185,-0.003464,-0.0,-0.007581,-0.002242,-0.0,-0.002925,-0.0,-3.9e-05,-0.001788,-0.001845,-0.003811,-0.002542,-0.0,-8e-06,-0.004601,-0.004717,-0.004754,-4e-06,-0.0,-3.2e-05,-4e-06,-0.0,-0.001328,-0.004485,-0.007652,-0.005034,-0.0,-4.5e-05,-0.007619,-0.000707,-0.004048,-0.0,-0.000726,-0.001917,-1.6e-05,-8e-06,-0.004754,-0.004771,-0.0,-3.1e-05,-0.0,-0.0026,-0.0,-0.004564,-2e-06,-0.00227,-0.007691,-2.8e-05,-2.7e-05,-0.003963,-4e-06,-8e-06,-0.0,-2.2e-05,-0.004655,-0.004717,-0.0,-0.003804,-0.003041,-0.007483,-0.007504,-1e-06,-0.007581,-1e-05,-0.006659,-0.00193,-0.0,-0.002139,-0.007619,-0.004655,-0.005912,-0.006031,-0.007581,-0.002315,-0.000824,-0.00096,-5e-06,-0.000204,-0.003287,-0.004261,-0.004564
2017-05-31 14:51:00+02:00,-0.0,-0.0,-3.3e-05,-0.003585,-3.5e-05,-1.2e-05,-0.00098,-0.00182,-0.0019,-1.5e-05,-6e-06,-0.0,-0.002012,-0.002023,-0.002029,-0.003587,-1.9e-05,-0.0,-1.3e-05,-0.003585,-0.0,-0.003587,-0.003318,-0.0,-0.003585,-0.003587,-0.001538,-0.0,-0.00089,-1e-05,-3e-06,-0.001994,-0.0,-0.002023,-0.002029,-0.0,-0.000148,-0.002842,-0.0,-0.003585,-0.001837,-0.0,-0.00234,-0.0,-3.1e-05,-0.00143,-0.001506,-0.00186,-0.0019,-0.0,-6e-06,-0.001994,-0.002012,-0.002023,-3e-06,-0.0,-2.5e-05,-3e-06,-0.0,-0.001062,-0.001968,-0.003587,-0.003585,-0.0,-3.6e-05,-0.003587,-0.000565,-0.00186,-0.0,-0.000581,-0.001536,-1.3e-05,-7e-06,-0.002023,-0.002029,-0.0,-2.5e-05,-0.0,-0.002102,-0.0,-0.001968,-1e-06,-0.001816,-0.003585,-2.3e-05,-2.2e-05,-0.001818,-3e-06,-6e-06,-0.0,-1.8e-05,-0.001994,-0.002012,-0.0,-0.002029,-0.002459,-0.003578,-0.00358,-1e-06,-0.003585,-8e-06,-0.003587,-0.001554,-0.0,-0.001751,-0.003587,-0.001994,-0.00358,-0.003583,-0.003585,-0.001898,-0.000659,-0.000768,-4e-06,-0.000164,-0.002641,-0.003509,-0.001968
2017-05-31 14:52:00+02:00,-0.0,-0.0,-2.6e-05,-0.002737,-2.8e-05,-1e-05,-0.000784,-0.001369,-0.001369,-1.2e-05,-5e-06,-0.0,-0.001369,-0.001369,-0.001369,-0.002737,-1.5e-05,-0.0,-1.1e-05,-0.002737,-0.0,-0.002737,-0.002654,-0.0,-0.002737,-0.002737,-0.001231,-0.0,-0.000712,-8e-06,-3e-06,-0.001369,-0.0,-0.001369,-0.001369,-0.0,-0.000118,-0.002274,-0.0,-0.002737,-0.001369,-0.0,-0.001872,-0.0,-2.5e-05,-0.001144,-0.001205,-0.001369,-0.001369,-0.0,-5e-06,-0.001369,-0.001369,-0.001369,-3e-06,-0.0,-2e-05,-2e-06,-0.0,-0.00085,-0.001369,-0.002737,-0.002737,-0.0,-2.9e-05,-0.002737,-0.000452,-0.001369,-0.0,-0.000465,-0.001229,-1e-05,-5e-06,-0.001369,-0.001369,-0.0,-2e-05,-0.0,-0.001682,-0.0,-0.001369,-1e-06,-0.001453,-0.002737,-1.8e-05,-1.7e-05,-0.001369,-3e-06,-5e-06,-0.0,-1.4e-05,-0.001369,-0.001369,-0.0,-0.001369,-0.001967,-0.002737,-0.002737,-1e-06,-0.002737,-6e-06,-0.002737,-0.001244,-0.0,-0.001369,-0.002737,-0.001369,-0.002737,-0.002737,-0.002737,-0.001369,-0.000527,-0.000615,-3e-06,-0.000131,-0.002113,-0.002737,-0.001369
2017-05-31 14:53:00+02:00,-0.0,-0.0,-2.1e-05,-0.00219,-2.2e-05,-8e-06,-0.000627,-0.001095,-0.001095,-1e-05,-4e-06,-0.0,-0.001095,-0.001095,-0.001095,-0.00219,-1.2e-05,-0.0,-9e-06,-0.00219,-0.0,-0.00219,-0.002123,-0.0,-0.00219,-0.00219,-0.000985,-0.0,-0.00057,-6e-06,-2e-06,-0.001095,-0.0,-0.001095,-0.001095,-0.0,-9.5e-05,-0.001819,-0.0,-0.00219,-0.001095,-0.0,-0.001498,-0.0,-2e-05,-0.000916,-0.000964,-0.001095,-0.001095,-0.0,-4e-06,-0.001095,-0.001095,-0.001095,-2e-06,-0.0,-1.6e-05,-2e-06,-0.0,-0.00068,-0.001095,-0.00219,-0.00219,-0.0,-2.3e-05,-0.00219,-0.000362,-0.001095,-0.0,-0.000372,-0.000983,-8e-06,-4e-06,-0.001095,-0.001095,-0.0,-1.6e-05,-0.0,-0.001345,-0.0,-0.001095,-1e-06,-0.001162,-0.00219,-1.5e-05,-1.4e-05,-0.001095,-2e-06,-4e-06,-0.0,-1.1e-05,-0.001095,-0.001095,-0.0,-0.001095,-0.001573,-0.00219,-0.00219,-1e-06,-0.00219,-5e-06,-0.00219,-0.000995,-0.0,-0.001095,-0.00219,-0.001095,-0.00219,-0.00219,-0.00219,-0.001095,-0.000422,-0.000492,-2e-06,-0.000105,-0.00169,-0.00219,-0.001095
2017-05-31 14:54:00+02:00,-0.0,-0.0,-1.7e-05,-0.002469,-2.6e-05,-6e-06,-0.00064,-0.001106,-0.001492,-8e-06,-3e-06,-0.0,-0.0018,-0.001713,-0.001234,-0.00267,-1e-05,-0.0,-7e-06,-0.002314,-0.0,-0.002317,-0.002122,-0.0,-0.002852,-0.002813,-0.000987,-0.0,-0.000643,-5e-06,-2e-06,-0.001512,-0.0,-0.001483,-0.001615,-0.0,-0.000249,-0.001825,-0.0,-0.002916,-0.001114,-0.0,-0.001389,-0.0,-1.6e-05,-0.001044,-0.001024,-0.001128,-0.001221,-0.0,-3e-06,-0.001198,-0.001453,-0.0018,-2e-06,-0.0,-1.3e-05,-1e-06,-0.0,-0.000715,-0.001188,-0.002857,-0.002394,-0.0,-1.8e-05,-0.002725,-0.00038,-0.001155,-0.0,-0.000393,-0.000914,-6e-06,-3e-06,-0.001216,-0.001677,-0.0,-1.3e-05,-0.0,-0.001365,-0.0,-0.001439,-1e-06,-0.001293,-0.002878,-1.2e-05,-1.1e-05,-0.001611,-2e-06,-3e-06,-0.0,-9e-06,-0.001508,-0.001763,-0.0,-0.001345,-0.001724,-0.002794,-0.0028,-1e-06,-0.002745,-4e-06,-0.002559,-0.000924,-0.0,-0.001104,-0.003222,-0.001771,-0.002498,-0.002488,-0.002822,-0.00112,-0.000496,-0.000446,-2e-06,-0.00015,-0.001571,-0.002312,-0.001718
2017-05-31 14:55:00+02:00,-0.000157,-0.0,-0.001917,-0.004193,-0.001992,-0.001222,-0.00165,-0.002074,-0.002428,-0.001029,-0.000657,-0.000209,-0.002782,-0.00272,-0.00234,-0.004299,-0.001482,-0.000216,-0.001287,-0.003989,-0.0,-0.00404,-0.003902,-0.000379,-0.004506,-0.004413,-0.001927,-0.0,-0.001748,-0.000851,-0.000528,-0.002537,-0.0,-0.002536,-0.002645,-0.000253,-0.002285,-0.003555,-0.000144,-0.004471,-0.002196,-0.00037,-0.003316,-0.0,-0.001917,-0.002998,-0.001957,-0.002091,-0.002211,-0.0,-0.000686,-0.002286,-0.002504,-0.00279,-0.000544,-0.0,-0.001666,-0.000708,-0.0,-0.00271,-0.002255,-0.004471,-0.00412,-0.0,-0.001986,-0.004343,-0.001442,-0.002113,-0.0,-0.001588,-0.002036,-0.00098,-0.000733,-0.002322,-0.002695,-0.0,-0.001683,-0.000288,-0.003206,-0.000356,-0.002456,-0.00062,-0.003239,-0.00452,-0.001677,-0.0016,-0.002426,-0.000481,-0.000672,-0.000154,-0.001112,-0.002534,-0.002752,-0.0,-0.002429,-0.003542,-0.004321,-0.004336,-0.000575,-0.004334,-0.000787,-0.004233,-0.001928,-0.0,-0.002157,-0.00474,-0.002744,-0.004094,-0.004104,-0.004396,-0.002201,-0.001631,-0.00163,-0.00077,-0.002153,-0.003419,-0.004012,-0.002679
2017-05-31 14:56:00+02:00,-0.000125,-0.0,-0.002357,-0.005595,-0.002454,-0.001115,-0.002089,-0.002677,-0.003185,-0.001203,-0.000526,-0.000167,-0.003575,-0.003533,-0.003233,-0.005624,-0.00163,-0.000173,-0.001259,-0.005352,-0.0,-0.00544,-0.005008,-0.000303,-0.005853,-0.005715,-0.002464,-0.0,-0.002298,-0.000896,-0.000423,-0.003365,-0.0,-0.003386,-0.003477,-0.000202,-0.003103,-0.004552,-0.000115,-0.005737,-0.002834,-0.000296,-0.004311,-0.0,-0.002326,-0.003943,-0.002591,-0.00287,-0.003011,-0.0,-0.000579,-0.003164,-0.003353,-0.003589,-0.000436,-0.0,-0.001965,-0.000567,-0.0,-0.003393,-0.003117,-0.005785,-0.005523,-0.0,-0.002472,-0.005659,-0.001803,-0.002887,-0.0,-0.001983,-0.002646,-0.001087,-0.000624,-0.003215,-0.003517,-0.0,-0.001971,-0.00023,-0.004077,-0.000285,-0.003277,-0.000496,-0.004276,-0.005856,-0.001892,-0.001804,-0.003088,-0.000385,-0.000578,-0.000123,-0.00134,-0.003362,-0.003552,-0.0,-0.003304,-0.004873,-0.005566,-0.005587,-0.00046,-0.005628,-0.000749,-0.005594,-0.002512,-0.0,-0.002765,-0.005977,-0.003531,-0.005394,-0.00542,-0.005677,-0.002853,-0.002135,-0.002088,-0.000616,-0.002692,-0.004457,-0.005352,-0.003456
2017-05-31 14:57:00+02:00,-0.0001,-0.0,-0.002083,-0.006345,-0.002201,-0.000892,-0.002119,-0.002822,-0.003777,-0.000976,-0.000421,-0.000134,-0.004199,-0.004173,-0.003594,-0.006659,-0.001304,-0.000138,-0.001007,-0.006417,-0.0,-0.006534,-0.005264,-0.000242,-0.006904,-0.006732,-0.002569,-0.0,-0.002373,-0.000716,-0.000338,-0.004016,-0.0,-0.004055,-0.004132,-0.000162,-0.00311,-0.004752,-9.2e-05,-0.006725,-0.002976,-0.000237,-0.004465,-0.0,-0.00203,-0.004058,-0.002758,-0.003336,-0.003375,-0.0,-0.000463,-0.003796,-0.004021,-0.004218,-0.000348,-0.0,-0.001612,-0.000453,-0.0,-0.003337,-0.003726,-0.00681,-0.006107,-0.0,-0.002228,-0.006687,-0.001771,-0.003419,-0.0,-0.001941,-0.002756,-0.000869,-0.000499,-0.003909,-0.004164,-0.0,-0.001598,-0.000184,-0.004174,-0.000228,-0.003922,-0.000397,-0.00445,-0.006899,-0.001514,-0.001443,-0.003603,-0.000308,-0.000463,-9.8e-05,-0.001159,-0.004014,-0.00418,-0.0,-0.003848,-0.00525,-0.006538,-0.006564,-0.000368,-0.006638,-0.000599,-0.00655,-0.002631,-0.0,-0.002892,-0.006941,-0.004148,-0.006359,-0.006238,-0.006677,-0.003006,-0.002175,-0.002088,-0.000492,-0.002523,-0.004655,-0.005773,-0.004065
2017-05-31 14:58:00+02:00,-8e-05,-0.0,-0.001666,-0.006531,-0.001761,-0.000713,-0.00198,-0.00276,-0.004222,-0.00078,-0.000337,-0.000107,-0.004676,-0.004665,-0.003625,-0.007224,-0.001043,-0.00011,-0.000806,-0.006899,-0.0,-0.007015,-0.005136,-0.000194,-0.007679,-0.007477,-0.002485,-0.0,-0.002233,-0.000573,-0.000271,-0.004514,-0.0,-0.004571,-0.004636,-0.000129,-0.002755,-0.004596,-7.4e-05,-0.007446,-0.0029,-0.000189,-0.004238,-0.0,-0.001624,-0.003795,-0.002694,-0.003495,-0.003423,-0.0,-0.00037,-0.004066,-0.004419,-0.004701,-0.000279,-0.0,-0.00129,-0.000363,-0.0,-0.002993,-0.00398,-0.007563,-0.006172,-0.0,-0.001782,-0.007366,-0.001588,-0.003626,-0.0,-0.001734,-0.002641,-0.000695,-0.0004,-0.004224,-0.004662,-0.0,-0.001278,-0.000147,-0.003942,-0.000182,-0.00431,-0.000317,-0.004222,-0.007668,-0.001211,-0.001155,-0.003981,-0.000246,-0.00037,-7.9e-05,-0.000927,-0.004512,-0.004661,-0.0,-0.004042,-0.005137,-0.007245,-0.007275,-0.000294,-0.007376,-0.000479,-0.006891,-0.002537,-0.0,-0.002808,-0.007644,-0.00462,-0.00668,-0.006485,-0.007408,-0.002938,-0.00201,-0.001898,-0.000394,-0.002099,-0.004463,-0.005722,-0.004528
2017-05-31 14:59:00+02:00,-6.4e-05,-0.0,-0.001333,-0.006419,-0.001409,-0.000571,-0.001781,-0.002609,-0.004538,-0.000624,-0.000269,-8.6e-05,-0.00503,-0.005031,-0.003493,-0.007391,-0.000834,-8.8e-05,-0.000645,-0.007011,-0.0,-0.007121,-0.004845,-0.000155,-0.008209,-0.007882,-0.002322,-0.0,-0.002006,-0.000459,-0.000216,-0.00481,-0.0,-0.004794,-0.005012,-0.000103,-0.002283,-0.004297,-5.9e-05,-0.007964,-0.002731,-0.000151,-0.003857,-0.0,-0.001299,-0.003387,-0.002526,-0.003481,-0.003314,-0.0,-0.000296,-0.004122,-0.004566,-0.005059,-0.000223,-0.0,-0.001032,-0.00029,-0.0,-0.002565,-0.004026,-0.008104,-0.005976,-0.0,-0.001426,-0.007617,-0.001361,-0.003647,-0.0,-0.001477,-0.002428,-0.000556,-0.00032,-0.004309,-0.005033,-0.0,-0.001022,-0.000118,-0.003591,-0.000146,-0.004451,-0.000254,-0.003832,-0.008221,-0.000969,-0.000924,-0.004252,-0.000197,-0.000296,-6.3e-05,-0.000742,-0.004754,-0.005019,-0.0,-0.004038,-0.004807,-0.007665,-0.007701,-0.000235,-0.007736,-0.000384,-0.006894,-0.002349,-0.0,-0.002635,-0.008147,-0.004969,-0.006661,-0.006428,-0.007847,-0.002775,-0.001768,-0.001641,-0.000315,-0.001679,-0.004109,-0.005448,-0.004869
2017-05-31 15:00:00+02:00,-5.1e-05,-0.0,-0.001066,-0.006201,-0.001127,-0.000457,-0.001608,-0.00246,-0.004674,-0.0005,-0.000215,-6.8e-05,-0.005253,-0.005263,-0.003321,-0.00736,-0.000668,-7.1e-05,-0.000516,-0.007081,-0.0,-0.007184,-0.004559,-0.000124,-0.008421,-0.008014,-0.002167,-0.0,-0.001794,-0.000367,-0.000173,-0.004931,-0.0,-0.004864,-0.005254,-8.3e-05,-0.00187,-0.004017,-4.7e-05,-0.008276,-0.002568,-0.000121,-0.003571,-0.0,-0.00104,-0.003009,-0.002347,-0.003479,-0.003159,-0.0,-0.000237,-0.004163,-0.004583,-0.005286,-0.000178,-0.0,-0.000825,-0.000232,-0.0,-0.002214,-0.004059,-0.008376,-0.005705,-0.0,-0.001141,-0.007642,-0.001173,-0.003657,-0.0,-0.001267,-0.00227,-0.000445,-0.000256,-0.004373,-0.00527,-0.0,-0.000818,-9.4e-05,-0.003281,-0.000117,-0.004463,-0.000203,-0.003458,-0.008508,-0.000775,-0.000739,-0.004408,-0.000158,-0.000237,-5e-05,-0.000594,-0.004835,-0.005244,-0.0,-0.003956,-0.004454,-0.007818,-0.007856,-0.000188,-0.007841,-0.000307,-0.006752,-0.002206,-0.0,-0.00247,-0.008443,-0.005186,-0.006506,-0.006256,-0.008007,-0.002615,-0.001548,-0.001453,-0.000252,-0.001343,-0.003843,-0.005131,-0.005079
2017-05-31 15:01:00+02:00,-4.1e-05,-0.0,-0.000853,-0.005843,-0.000902,-0.000365,-0.001395,-0.002262,-0.004725,-0.0004,-0.000172,-5.5e-05,-0.005498,-0.005516,-0.003125,-0.007134,-0.000534,-5.7e-05,-0.000413,-0.007194,-0.0,-0.007299,-0.004185,-9.9e-05,-0.008489,-0.007914,-0.001969,-0.0,-0.001542,-0.000293,-0.000139,-0.004964,-0.0,-0.004854,-0.005449,-6.6e-05,-0.001496,-0.00365,-3.8e-05,-0.008532,-0.00235,-9.7e-05,-0.003344,-0.0,-0.000832,-0.002565,-0.002122,-0.003505,-0.002984,-0.0,-0.00019,-0.004231,-0.00447,-0.005534,-0.000143,-0.0,-0.00066,-0.000186,-0.0,-0.00178,-0.004119,-0.008484,-0.005312,-0.0,-0.000913,-0.007459,-0.000943,-0.003696,-0.0,-0.001014,-0.002146,-0.000356,-0.000205,-0.004465,-0.005526,-0.0,-0.000654,-7.5e-05,-0.002892,-9.3e-05,-0.004352,-0.000163,-0.003011,-0.008632,-0.00062,-0.000591,-0.00459,-0.000126,-0.000189,-4e-05,-0.000475,-0.004774,-0.00549,-0.0,-0.003769,-0.004082,-0.007734,-0.007774,-0.000151,-0.007817,-0.000245,-0.00644,-0.002096,-0.0,-0.002253,-0.00878,-0.005426,-0.006282,-0.005928,-0.007928,-0.0024,-0.001292,-0.001298,-0.000202,-0.001075,-0.003632,-0.004712,-0.005314
2017-05-31 15:02:00+02:00,-3.3e-05,-0.0,-0.000682,-0.005055,-0.000721,-0.000292,-0.001228,-0.002019,-0.002821,-0.00032,-0.000138,-4.4e-05,-0.003183,-0.003221,-0.002804,-0.005018,-0.000427,-4.5e-05,-0.00033,-0.004999,-0.0,-0.005034,-0.003737,-7.9e-05,-0.005058,-0.005018,-0.001751,-0.0,-0.001347,-0.000235,-0.000111,-0.003123,-0.0,-0.003221,-0.003242,-5.3e-05,-0.001271,-0.003264,-3e-05,-0.004999,-0.002099,-7.8e-05,-0.003032,-0.0,-0.000665,-0.00224,-0.001876,-0.002694,-0.002672,-0.0,-0.000152,-0.003123,-0.003183,-0.003221,-0.000114,-0.0,-0.000528,-0.000149,-0.0,-0.001537,-0.00304,-0.005034,-0.004743,-0.0,-0.000739,-0.005018,-0.000812,-0.002694,-0.0,-0.000872,-0.00195,-0.000285,-0.000164,-0.003221,-0.003242,-0.0,-0.000524,-6e-05,-0.002565,-7.5e-05,-0.00304,-0.00013,-0.002641,-0.005055,-0.000496,-0.000473,-0.00256,-0.000101,-0.000152,-3.2e-05,-0.00038,-0.003123,-0.003183,-0.0,-0.003242,-0.003631,-0.004953,-0.00496,-0.00012,-0.004999,-0.000196,-0.005034,-0.001902,-0.0,-0.002009,-0.005018,-0.003123,-0.00496,-0.004978,-0.004999,-0.002146,-0.00112,-0.001169,-0.000161,-0.00087,-0.003303,-0.004193,-0.00304
2017-05-31 15:03:00+02:00,-2.6e-05,-0.0,-0.000546,-0.004044,-0.000577,-0.000234,-0.000982,-0.001615,-0.002257,-0.000256,-0.00011,-3.5e-05,-0.002784,-0.002726,-0.002243,-0.004014,-0.000342,-3.6e-05,-0.000264,-0.003999,-0.0,-0.004027,-0.00299,-6.4e-05,-0.004046,-0.004014,-0.001401,-0.0,-0.001078,-0.000188,-8.9e-05,-0.002498,-0.0,-0.002577,-0.002645,-4.2e-05,-0.001017,-0.002611,-2.4e-05,-0.004081,-0.001679,-6.2e-05,-0.002425,-0.0,-0.000532,-0.001792,-0.001501,-0.002155,-0.002137,-0.0,-0.000121,-0.002498,-0.002546,-0.002812,-9.1e-05,-0.0,-0.000423,-0.000119,-0.0,-0.00123,-0.002432,-0.00403,-0.003794,-0.0,-0.000591,-0.004014,-0.000649,-0.002155,-0.0,-0.000697,-0.00156,-0.000228,-0.000131,-0.002577,-0.002706,-0.0,-0.000419,-4.8e-05,-0.002052,-6e-05,-0.002432,-0.000104,-0.002113,-0.004052,-0.000397,-0.000378,-0.0022,-8.1e-05,-0.000121,-2.6e-05,-0.000304,-0.002498,-0.002749,-0.0,-0.002594,-0.002904,-0.003963,-0.003968,-9.6e-05,-0.003999,-0.000157,-0.004027,-0.001521,-0.0,-0.001607,-0.004376,-0.002714,-0.003968,-0.003982,-0.003999,-0.001717,-0.000896,-0.000935,-0.000129,-0.000696,-0.002642,-0.003355,-0.002607
2017-05-31 15:04:00+02:00,-2.1e-05,-0.0,-0.001597,-0.00531,-0.001533,-0.000716,-0.001606,-0.002346,-0.002967,-0.00072,-0.000274,-2.8e-05,-0.003518,-0.003482,-0.003101,-0.005224,-0.001063,-2.9e-05,-0.000812,-0.005186,-0.0,-0.005259,-0.004341,-5.1e-05,-0.005322,-0.005224,-0.002074,-0.0,-0.00181,-0.000591,-0.000156,-0.00327,-0.0,-0.003363,-0.003422,-3.4e-05,-0.002268,-0.003854,-1.9e-05,-0.005251,-0.002489,-5e-05,-0.003871,-0.0,-0.001439,-0.003045,-0.002222,-0.002834,-0.002871,-0.0,-0.000376,-0.00327,-0.003327,-0.003551,-0.000159,-0.0,-0.001296,-9.5e-05,-0.0,-0.002325,-0.003189,-0.005262,-0.005095,-0.0,-0.001696,-0.005224,-0.00123,-0.002834,-0.0,-0.001359,-0.002452,-0.000644,-0.000372,-0.003363,-0.003471,-0.0,-0.001163,-3.9e-05,-0.003239,-4.8e-05,-0.003189,-8.3e-05,-0.003431,-0.005317,-0.001127,-0.00118,-0.002813,-0.00014,-0.000314,-2.1e-05,-0.000837,-0.00327,-0.003489,-0.0,-0.003381,-0.004336,-0.005109,-0.00512,-7.7e-05,-0.005186,-0.000424,-0.005259,-0.002327,-0.0,-0.002387,-0.005513,-0.003443,-0.00512,-0.005149,-0.005186,-0.002532,-0.001606,-0.001716,-0.000145,-0.001695,-0.004089,-0.004697,-0.003329
2017-05-31 15:05:00+02:00,-1.7e-05,-0.0,-0.001729,-0.005959,-0.001585,-0.000573,-0.001737,-0.002538,-0.003522,-0.000683,-0.000219,-2.2e-05,-0.004094,-0.004077,-0.003535,-0.00617,-0.000979,-2.3e-05,-0.00065,-0.006114,-0.0,-0.006223,-0.004695,-4.1e-05,-0.00632,-0.00617,-0.002242,-0.0,-0.001988,-0.000503,-0.000125,-0.003877,-0.0,-0.003982,-0.004034,-2.7e-05,-0.002574,-0.004165,-1.5e-05,-0.006166,-0.0027,-4e-05,-0.004296,-0.0,-0.001454,-0.003342,-0.002423,-0.003364,-0.003273,-0.0,-0.000301,-0.003877,-0.003942,-0.004132,-0.000127,-0.0,-0.001331,-7.6e-05,-0.0,-0.002513,-0.003783,-0.006225,-0.005635,-0.0,-0.00186,-0.00617,-0.001329,-0.003364,-0.0,-0.001472,-0.002724,-0.000547,-0.000298,-0.003982,-0.004074,-0.0,-0.0011,-3.1e-05,-0.003502,-3.8e-05,-0.003783,-6.7e-05,-0.003762,-0.006306,-0.001005,-0.001134,-0.003291,-0.000112,-0.000251,-1.6e-05,-0.00084,-0.003877,-0.004071,-0.0,-0.00384,-0.004864,-0.006006,-0.006021,-6.2e-05,-0.006114,-0.000339,-0.006075,-0.002579,-0.0,-0.002586,-0.006402,-0.004015,-0.006021,-0.005833,-0.006114,-0.002748,-0.001768,-0.001918,-0.000116,-0.001812,-0.00453,-0.005146,-0.003895
2017-05-31 15:06:00+02:00,-1.3e-05,-0.0,-0.001443,-0.005492,-0.001279,-0.000458,-0.001541,-0.002288,-0.003118,-0.000546,-0.000175,-1.8e-05,-0.003525,-0.003571,-0.003268,-0.005578,-0.000783,-1.9e-05,-0.00052,-0.005555,-0.0,-0.005599,-0.004238,-3.3e-05,-0.00563,-0.005578,-0.002014,-0.0,-0.001771,-0.000403,-0.0001,-0.003457,-0.0,-0.003571,-0.003595,-2.2e-05,-0.002287,-0.003764,-1.2e-05,-0.005555,-0.002432,-3.2e-05,-0.003901,-0.0,-0.001163,-0.002981,-0.002186,-0.002977,-0.003023,-0.0,-0.00024,-0.003457,-0.003525,-0.003571,-0.000102,-0.0,-0.001064,-6.1e-05,-0.0,-0.002194,-0.003362,-0.005599,-0.005158,-0.0,-0.001572,-0.005578,-0.001156,-0.002977,-0.0,-0.001278,-0.002477,-0.000437,-0.000238,-0.003571,-0.003595,-0.0,-0.00088,-2.5e-05,-0.003134,-3.1e-05,-0.003362,-5.3e-05,-0.003367,-0.005625,-0.000804,-0.000907,-0.00283,-9e-05,-0.000201,-1.3e-05,-0.000672,-0.003457,-0.003525,-0.0,-0.003565,-0.004453,-0.005506,-0.005513,-4.9e-05,-0.005555,-0.000271,-0.005599,-0.002347,-0.0,-0.002327,-0.005578,-0.003457,-0.005513,-0.005433,-0.005555,-0.002478,-0.001566,-0.001719,-9.3e-05,-0.001523,-0.004131,-0.004688,-0.003362
2017-05-31 15:07:00+02:00,-1.1e-05,-0.0,-0.001154,-0.004394,-0.001023,-0.000367,-0.001232,-0.001831,-0.002506,-0.000437,-0.00014,-1.4e-05,-0.003099,-0.003044,-0.002615,-0.004462,-0.000627,-1.5e-05,-0.000416,-0.004444,-0.0,-0.004479,-0.00339,-2.6e-05,-0.004519,-0.004462,-0.001611,-0.0,-0.001417,-0.000322,-8e-05,-0.002765,-0.0,-0.002857,-0.00296,-1.7e-05,-0.001829,-0.003011,-1e-05,-0.004575,-0.001946,-2.5e-05,-0.003121,-0.0,-0.000931,-0.002385,-0.001749,-0.002382,-0.002419,-0.0,-0.000192,-0.002765,-0.00282,-0.003133,-8.2e-05,-0.0,-0.000852,-4.9e-05,-0.0,-0.001755,-0.00269,-0.004528,-0.004126,-0.0,-0.001258,-0.004462,-0.000925,-0.002382,-0.0,-0.001022,-0.001982,-0.00035,-0.00019,-0.002857,-0.003026,-0.0,-0.000704,-2e-05,-0.002507,-2.4e-05,-0.00269,-4.3e-05,-0.002694,-0.004555,-0.000643,-0.000726,-0.002445,-7.2e-05,-0.000161,-1.1e-05,-0.000538,-0.002765,-0.003062,-0.0,-0.002852,-0.003562,-0.004405,-0.004411,-3.9e-05,-0.004444,-0.000217,-0.004479,-0.001878,-0.0,-0.001862,-0.004884,-0.00302,-0.004411,-0.004346,-0.004444,-0.001982,-0.001253,-0.001375,-7.4e-05,-0.001219,-0.003305,-0.00375,-0.002901
2017-05-31 15:08:00+02:00,-9e-06,-0.0,-0.001592,-0.005337,-0.001385,-0.000406,-0.001517,-0.002193,-0.003151,-0.000594,-0.000112,-1.1e-05,-0.003762,-0.00373,-0.003225,-0.005564,-0.000861,-1.2e-05,-0.000519,-0.005524,-0.0,-0.005602,-0.004065,-2.1e-05,-0.005682,-0.005564,-0.001938,-0.0,-0.001768,-0.000435,-6.4e-05,-0.003474,-0.0,-0.00358,-0.003669,-1.4e-05,-0.002407,-0.003621,-8e-06,-0.005629,-0.002345,-2e-05,-0.003853,-0.0,-0.001261,-0.002985,-0.002116,-0.003,-0.002974,-0.0,-0.00018,-0.003474,-0.003539,-0.003801,-6.5e-05,-0.0,-0.001192,-3.9e-05,-0.0,-0.002225,-0.003384,-0.005641,-0.004982,-0.0,-0.001727,-0.005564,-0.001171,-0.003,-0.0,-0.001304,-0.002438,-0.000465,-0.000154,-0.00358,-0.003721,-0.0,-0.000957,-1.6e-05,-0.003064,-2e-05,-0.003384,-3.4e-05,-0.003339,-0.005701,-0.000849,-0.001005,-0.002993,-5.7e-05,-0.000128,-8e-06,-0.000728,-0.003474,-0.003732,-0.0,-0.003484,-0.004383,-0.00545,-0.00546,-3.2e-05,-0.005524,-0.000217,-0.005543,-0.002295,-0.0,-0.002244,-0.005902,-0.003678,-0.00546,-0.005289,-0.005524,-0.002386,-0.001585,-0.00175,-5.9e-05,-0.001619,-0.004048,-0.004519,-0.003553
2017-05-31 15:09:00+02:00,-7e-06,-0.0,-0.001683,-0.005913,-0.001424,-0.000325,-0.00164,-0.002389,-0.00367,-0.000551,-9e-05,-9e-06,-0.004295,-0.004283,-0.003589,-0.00645,-0.000781,-9e-06,-0.000415,-0.006393,-0.0,-0.006505,-0.00443,-1.7e-05,-0.006619,-0.00645,-0.002106,-0.0,-0.001919,-0.000356,-5.1e-05,-0.004044,-0.0,-0.004163,-0.00424,-1.1e-05,-0.002625,-0.003936,-6e-06,-0.006477,-0.002557,-1.6e-05,-0.004234,-0.0,-0.001269,-0.003236,-0.002303,-0.003491,-0.003309,-0.0,-0.000144,-0.004044,-0.004117,-0.00434,-5.2e-05,-0.0,-0.00121,-3.1e-05,-0.0,-0.002389,-0.003942,-0.006537,-0.00548,-0.0,-0.001842,-0.00645,-0.001257,-0.003496,-0.0,-0.0014,-0.002682,-0.000372,-0.000123,-0.004163,-0.004282,-0.0,-0.000887,-1.3e-05,-0.003319,-1.6e-05,-0.003942,-2.7e-05,-0.003627,-0.006623,-0.000741,-0.000955,-0.003433,-4.6e-05,-0.000103,-7e-06,-0.000727,-0.004044,-0.004272,-0.0,-0.003881,-0.004831,-0.006289,-0.006303,-2.5e-05,-0.006393,-0.000174,-0.006233,-0.002523,-0.0,-0.002444,-0.00672,-0.004207,-0.006275,-0.005881,-0.006393,-0.002602,-0.001717,-0.001918,-4.7e-05,-0.001709,-0.004448,-0.00494,-0.004077
2017-05-31 15:10:00+02:00,-6e-06,-0.0,-0.001459,-0.006064,-0.001153,-0.00026,-0.001588,-0.002383,-0.004093,-0.000441,-7.2e-05,-7e-06,-0.00473,-0.004733,-0.00367,-0.006873,-0.000624,-8e-06,-0.000332,-0.007048,-0.0,-0.00717,-0.00442,-1.3e-05,-0.007389,-0.007153,-0.002089,-0.0,-0.001865,-0.000285,-4.1e-05,-0.004508,-0.0,-0.004637,-0.004705,-9e-06,-0.002496,-0.003908,-5e-06,-0.007174,-0.002545,-1.3e-05,-0.004243,-0.0,-0.001015,-0.003136,-0.002295,-0.003722,-0.003393,-0.0,-0.000115,-0.004389,-0.004399,-0.004778,-4.2e-05,-0.0,-0.000968,-2.5e-05,-0.0,-0.002234,-0.004271,-0.007273,-0.00557,-0.0,-0.001634,-0.006982,-0.001174,-0.003779,-0.0,-0.001303,-0.002697,-0.000298,-9.8e-05,-0.004565,-0.004738,-0.0,-0.000709,-1e-05,-0.003241,-1.3e-05,-0.004222,-2.2e-05,-0.00355,-0.007382,-0.000592,-0.000764,-0.003793,-3.7e-05,-8.2e-05,-5e-06,-0.000582,-0.004448,-0.004712,-0.0,-0.003999,-0.004873,-0.006981,-0.006997,-2e-05,-0.007107,-0.000139,-0.006481,-0.002546,-0.0,-0.002428,-0.007394,-0.004639,-0.00662,-0.006061,-0.007107,-0.002593,-0.001648,-0.001878,-3.8e-05,-0.001494,-0.004479,-0.004976,-0.004504
2017-05-31 15:11:00+02:00,-4e-06,-0.0,-0.001167,-0.006073,-0.000923,-0.000208,-0.001486,-0.002313,-0.004434,-0.000353,-5.7e-05,-6e-06,-0.005079,-0.005094,-0.003639,-0.007107,-0.0005,-6e-06,-0.000266,-0.007474,-0.0,-0.0076,-0.004295,-1.1e-05,-0.008016,-0.007612,-0.002016,-0.0,-0.001756,-0.000228,-3.3e-05,-0.004881,-0.0,-0.004946,-0.005078,-7e-06,-0.002253,-0.003777,-4e-06,-0.007745,-0.002464,-1e-05,-0.004141,-0.0,-0.000812,-0.002941,-0.00223,-0.003847,-0.003376,-0.0,-9.2e-05,-0.004595,-0.004553,-0.00513,-3.3e-05,-0.0,-0.000774,-2e-05,-0.0,-0.001997,-0.004466,-0.007873,-0.00553,-0.0,-0.001352,-0.007304,-0.001048,-0.003947,-0.0,-0.001156,-0.002642,-0.000238,-7.9e-05,-0.004815,-0.005105,-0.0,-0.000568,-8e-06,-0.003068,-1e-05,-0.004376,-1.7e-05,-0.003372,-0.007999,-0.000474,-0.000611,-0.004085,-2.9e-05,-6.6e-05,-4e-06,-0.000465,-0.004699,-0.005064,-0.0,-0.00402,-0.004763,-0.00745,-0.00747,-1.6e-05,-0.007658,-0.000111,-0.006571,-0.002505,-0.0,-0.002347,-0.007946,-0.004985,-0.006761,-0.006102,-0.007594,-0.002512,-0.001526,-0.001781,-3e-05,-0.001206,-0.004398,-0.004895,-0.004847
2017-05-31 15:12:00+02:00,-4e-06,-0.0,-0.000934,-0.006038,-0.000738,-0.000166,-0.001403,-0.002263,-0.004714,-0.000282,-4.6e-05,-5e-06,-0.005368,-0.005392,-0.003569,-0.007255,-0.0004,-5e-06,-0.000213,-0.007787,-0.0,-0.007915,-0.004205,-9e-06,-0.008537,-0.00794,-0.001959,-0.0,-0.001642,-0.000182,-2.6e-05,-0.005149,-0.0,-0.00515,-0.005386,-6e-06,-0.001992,-0.003675,-3e-06,-0.008218,-0.002401,-8e-06,-0.004025,-0.0,-0.00065,-0.002739,-0.002155,-0.00393,-0.003323,-0.0,-7.4e-05,-0.004741,-0.004649,-0.005422,-2.7e-05,-0.0,-0.000619,-1.6e-05,-0.0,-0.001796,-0.004603,-0.008371,-0.005456,-0.0,-0.001084,-0.007521,-0.000942,-0.004064,-0.0,-0.001031,-0.002577,-0.000191,-6.3e-05,-0.004996,-0.005408,-0.0,-0.000454,-6e-06,-0.002927,-8e-06,-0.004474,-1.4e-05,-0.003183,-0.008512,-0.000379,-0.000489,-0.004326,-2.3e-05,-5.3e-05,-3e-06,-0.000372,-0.004874,-0.005356,-0.0,-0.00401,-0.004607,-0.007786,-0.00781,-1.3e-05,-0.008033,-8.9e-05,-0.006602,-0.002453,-0.0,-0.002284,-0.008404,-0.005271,-0.006808,-0.006095,-0.007945,-0.002452,-0.001402,-0.001682,-2.4e-05,-0.000965,-0.004301,-0.004787,-0.00513
2017-05-31 15:13:00+02:00,-3e-06,-0.0,-0.000747,-0.006005,-0.00059,-0.000133,-0.00134,-0.002231,-0.004937,-0.000226,-3.7e-05,-4e-06,-0.005598,-0.005631,-0.003497,-0.007369,-0.00032,-4e-06,-0.00017,-0.008032,-0.0,-0.008162,-0.004148,-7e-06,-0.008951,-0.008199,-0.001919,-0.0,-0.001545,-0.000146,-2.1e-05,-0.005347,-0.0,-0.005297,-0.005633,-5e-06,-0.001756,-0.003606,-3e-06,-0.008595,-0.002358,-7e-06,-0.003923,-0.0,-0.00052,-0.002567,-0.002091,-0.003993,-0.003265,-0.0,-5.9e-05,-0.004854,-0.004724,-0.005654,-2.1e-05,-0.0,-0.000495,-1.3e-05,-0.0,-0.001641,-0.004709,-0.008767,-0.00539,-0.0,-0.000868,-0.007691,-0.000859,-0.004154,-0.0,-0.000935,-0.002519,-0.000152,-5e-05,-0.005138,-0.00565,-0.0,-0.000363,-5e-06,-0.002823,-6e-06,-0.00455,-1.1e-05,-0.003022,-0.00892,-0.000303,-0.000391,-0.004517,-1.9e-05,-4.2e-05,-3e-06,-0.000298,-0.005011,-0.005589,-0.0,-0.003999,-0.004456,-0.008052,-0.008078,-1e-05,-0.008308,-7.1e-05,-0.006622,-0.002407,-0.0,-0.00224,-0.008769,-0.005499,-0.006821,-0.006084,-0.008221,-0.002413,-0.001296,-0.001596,-1.9e-05,-0.000772,-0.004214,-0.004694,-0.005356
2017-05-31 15:14:00+02:00,-2e-06,-0.0,-0.000598,-0.005843,-0.000472,-0.000106,-0.00126,-0.002155,-0.004969,-0.000181,-2.9e-05,-3e-06,-0.005655,-0.005695,-0.003353,-0.007291,-0.000256,-3e-06,-0.000136,-0.008022,-0.0,-0.008142,-0.004012,-5e-06,-0.009003,-0.008207,-0.001844,-0.0,-0.001437,-0.000117,-1.7e-05,-0.005354,-0.0,-0.005273,-0.005704,-4e-06,-0.001519,-0.003478,-2e-06,-0.008696,-0.002274,-5e-06,-0.003744,-0.0,-0.000416,-0.002382,-0.001994,-0.003936,-0.003131,-0.0,-4.7e-05,-0.004822,-0.004679,-0.005714,-1.7e-05,-0.0,-0.000396,-1e-05,-0.0,-0.001487,-0.004673,-0.008869,-0.00522,-0.0,-0.000694,-0.007646,-0.000777,-0.004113,-0.0,-0.00084,-0.002411,-0.000122,-4e-05,-0.005125,-0.005718,-0.0,-0.000291,-4e-06,-0.002685,-5e-06,-0.004505,-9e-06,-0.002833,-0.00902,-0.000243,-0.000313,-0.004552,-1.5e-05,-3.4e-05,-2e-06,-0.000238,-0.005003,-0.005647,-0.0,-0.00391,-0.004219,-0.00808,-0.008106,-8e-06,-0.008295,-5.7e-05,-0.00649,-0.002309,-0.0,-0.002157,-0.008853,-0.005553,-0.006658,-0.005949,-0.008247,-0.00233,-0.001187,-0.001488,-1.6e-05,-0.000618,-0.004043,-0.004524,-0.005408
2017-05-31 15:15:00+02:00,-2e-06,-0.0,-0.000478,-0.005443,-0.000378,-8.5e-05,-0.001091,-0.001973,-0.004802,-0.000144,-2.4e-05,-2e-06,-0.005764,-0.005811,-0.00306,-0.006934,-0.000205,-2e-06,-0.000109,-0.007712,-0.0,-0.007822,-0.003673,-4e-06,-0.008696,-0.007903,-0.001671,-0.0,-0.001227,-9.3e-05,-1.3e-05,-0.005149,-0.0,-0.005041,-0.005646,-3e-06,-0.001215,-0.003158,-2e-06,-0.008602,-0.002071,-4e-06,-0.003372,-0.0,-0.000333,-0.002017,-0.001796,-0.003739,-0.002869,-0.0,-3.8e-05,-0.004614,-0.004456,-0.005826,-1.4e-05,-0.0,-0.000317,-8e-06,-0.0,-0.001189,-0.004467,-0.00862,-0.004824,-0.0,-0.000555,-0.00731,-0.000621,-0.003925,-0.0,-0.000672,-0.002187,-9.8e-05,-3.2e-05,-0.004921,-0.005784,-0.0,-0.000232,-3e-06,-0.002366,-4e-06,-0.004291,-7e-06,-0.002457,-0.008778,-0.000194,-0.00025,-0.004633,-1.2e-05,-2.7e-05,-2e-06,-0.000191,-0.004807,-0.005758,-0.0,-0.003662,-0.003772,-0.007793,-0.007819,-7e-06,-0.007951,-4.6e-05,-0.006103,-0.002106,-0.0,-0.00196,-0.009015,-0.00566,-0.00623,-0.005571,-0.007955,-0.002127,-0.00098,-0.001279,-1.2e-05,-0.000494,-0.003675,-0.004139,-0.005512
2017-05-31 15:16:00+02:00,-1e-06,-0.0,-0.000382,-0.005543,-0.000302,-6.8e-05,-0.001088,-0.001986,-0.004936,-0.000116,-1.9e-05,-2e-06,-0.005917,-0.005969,-0.003058,-0.007097,-0.000164,-2e-06,-8.7e-05,-0.007873,-0.0,-0.00799,-0.003699,-3e-06,-0.008939,-0.008134,-0.001679,-0.0,-0.001242,-7.5e-05,-1.1e-05,-0.005272,-0.0,-0.005141,-0.005844,-2e-06,-0.001139,-0.003174,-1e-06,-0.008887,-0.002084,-3e-06,-0.003333,-0.0,-0.000266,-0.002041,-0.001821,-0.003783,-0.002867,-0.0,-3e-05,-0.004696,-0.004568,-0.005981,-1.1e-05,-0.0,-0.000254,-7e-06,-0.0,-0.001162,-0.004545,-0.008894,-0.004905,-0.0,-0.000444,-0.0075,-0.000606,-0.00399,-0.0,-0.000652,-0.002167,-7.8e-05,-2.6e-05,-0.005027,-0.005954,-0.0,-0.000186,-3e-06,-0.002367,-3e-06,-0.004399,-6e-06,-0.002489,-0.009073,-0.000155,-0.0002,-0.004752,-1e-05,-2.2e-05,-1e-06,-0.000153,-0.004947,-0.005912,-0.0,-0.003732,-0.003747,-0.008023,-0.008049,-5e-06,-0.008114,-3.6e-05,-0.006225,-0.00209,-0.0,-0.001971,-0.009243,-0.00581,-0.006269,-0.005671,-0.008192,-0.002142,-0.00099,-0.001221,-1e-05,-0.000412,-0.003643,-0.004202,-0.005659
2017-05-31 15:17:00+02:00,-1e-06,-0.0,-0.000306,-0.005729,-0.000242,-5.4e-05,-0.001118,-0.002037,-0.005093,-9.2e-05,-1.5e-05,-2e-06,-0.006024,-0.006081,-0.003121,-0.007347,-0.000131,-2e-06,-7e-05,-0.008126,-0.0,-0.00825,-0.003798,-3e-06,-0.009237,-0.00845,-0.001721,-0.0,-0.001294,-6e-05,-9e-06,-0.005458,-0.0,-0.005308,-0.005988,-2e-06,-0.001137,-0.003256,-1e-06,-0.00909,-0.00214,-3e-06,-0.003386,-0.0,-0.000213,-0.00213,-0.001883,-0.00388,-0.002921,-0.0,-2.4e-05,-0.004841,-0.004736,-0.00609,-9e-06,-0.0,-0.000203,-5e-06,-0.0,-0.001197,-0.004682,-0.009146,-0.005069,-0.0,-0.000388,-0.007775,-0.000624,-0.004105,-0.0,-0.000671,-0.002203,-6.2e-05,-2.1e-05,-0.005194,-0.006077,-0.0,-0.000149,-2e-06,-0.002432,-3e-06,-0.00456,-5e-06,-0.002591,-0.009332,-0.000124,-0.00016,-0.004832,-8e-06,-1.7e-05,-1e-06,-0.000122,-0.005141,-0.00602,-0.0,-0.003861,-0.003813,-0.008335,-0.008362,-4e-06,-0.008376,-2.9e-05,-0.006435,-0.002124,-0.0,-0.002023,-0.009399,-0.005915,-0.00641,-0.005855,-0.008512,-0.002199,-0.001036,-0.001218,-8e-06,-0.000396,-0.003702,-0.004343,-0.005761
2017-05-31 15:18:00+02:00,-1e-06,-0.0,-0.000245,-0.005733,-0.000193,-4.4e-05,-0.001085,-0.002014,-0.00515,-7.4e-05,-1.2e-05,-1e-06,-0.0061,-0.00616,-0.003082,-0.007394,-0.000105,-1e-06,-5.6e-05,-0.008215,-0.0,-0.008342,-0.003757,-2e-06,-0.009338,-0.008541,-0.001694,-0.0,-0.001269,-4.8e-05,-7e-06,-0.005503,-0.0,-0.005339,-0.006094,-1e-06,-0.001025,-0.00321,-1e-06,-0.009227,-0.002114,-2e-06,-0.003329,-0.0,-0.00017,-0.002084,-0.001866,-0.003902,-0.002883,-0.0,-1.9e-05,-0.004889,-0.004776,-0.006168,-7e-06,-0.0,-0.000162,-4e-06,-0.0,-0.001124,-0.004726,-0.009283,-0.005061,-0.0,-0.000311,-0.007839,-0.000585,-0.004136,-0.0,-0.000625,-0.002173,-5e-05,-1.7e-05,-0.005259,-0.006165,-0.0,-0.000119,-2e-06,-0.002377,-2e-06,-0.004596,-4e-06,-0.00255,-0.009484,-9.9e-05,-0.000128,-0.004882,-6e-06,-1.4e-05,-1e-06,-9.8e-05,-0.0052,-0.006097,-0.0,-0.003874,-0.003732,-0.008428,-0.008455,-3e-06,-0.008421,-2.3e-05,-0.006455,-0.002098,-0.0,-0.001997,-0.0095,-0.005988,-0.006375,-0.005863,-0.008607,-0.002175,-0.001007,-0.001161,-6e-06,-0.000317,-0.003652,-0.004324,-0.005831
2017-05-31 15:19:00+02:00,-1e-06,-0.0,-0.000196,-0.005659,-0.000155,-3.5e-05,-0.001032,-0.001963,-0.005135,-5.9e-05,-1e-05,-1e-06,-0.006151,-0.006215,-0.002998,-0.007349,-8.4e-05,-1e-06,-4.5e-05,-0.008196,-0.0,-0.008323,-0.003665,-2e-06,-0.00931,-0.008526,-0.001644,-0.0,-0.001214,-3.8e-05,-5e-06,-0.005474,-0.0,-0.005299,-0.00617,-1e-06,-0.000876,-0.003119,-1e-06,-0.009325,-0.002058,-2e-06,-0.003217,-0.0,-0.000136,-0.001988,-0.001819,-0.003872,-0.002806,-0.0,-1.5e-05,-0.004871,-0.004754,-0.006221,-6e-06,-0.0,-0.00013,-3e-06,-0.0,-0.001018,-0.004706,-0.009285,-0.004982,-0.0,-0.000248,-0.007806,-0.000528,-0.004113,-0.0,-0.000559,-0.002107,-4e-05,-1.3e-05,-0.005251,-0.006227,-0.0,-9.5e-05,-1e-06,-0.00228,-2e-06,-0.004573,-3e-06,-0.002455,-0.009495,-8e-05,-0.000103,-0.004912,-5e-06,-1.1e-05,-1e-06,-7.8e-05,-0.00519,-0.006148,-0.0,-0.003835,-0.003594,-0.008419,-0.008445,-3e-06,-0.008358,-1.9e-05,-0.006392,-0.002039,-0.0,-0.001941,-0.009567,-0.006036,-0.006263,-0.005796,-0.008597,-0.00212,-0.000952,-0.00108,-5e-06,-0.000253,-0.003545,-0.004241,-0.005877
2017-05-31 15:20:00+02:00,-1e-06,-0.0,-0.000157,-0.005609,-0.000124,-2.8e-05,-0.000994,-0.001926,-0.00512,-4.7e-05,-8e-06,-1e-06,-0.00619,-0.006257,-0.002934,-0.007322,-6.7e-05,-1e-06,-3.6e-05,-0.00818,-0.0,-0.008305,-0.003599,-1e-06,-0.009289,-0.00852,-0.001607,-0.0,-0.001178,-3.1e-05,-4e-06,-0.005448,-0.0,-0.005265,-0.00623,-1e-06,-0.000767,-0.003055,-1e-06,-0.00941,-0.002016,-1e-06,-0.003131,-0.0,-0.000109,-0.001925,-0.001786,-0.003845,-0.002746,-0.0,-1.2e-05,-0.004851,-0.004738,-0.006262,-4e-06,-0.0,-0.000104,-3e-06,-0.0,-0.000942,-0.004685,-0.009283,-0.004928,-0.0,-0.000199,-0.007787,-0.000488,-0.00409,-0.0,-0.000513,-0.002056,-3.2e-05,-1.1e-05,-0.00524,-0.006275,-0.0,-7.6e-05,-1e-06,-0.002212,-1e-06,-0.004556,-2e-06,-0.002392,-0.009499,-6.4e-05,-8.2e-05,-0.004937,-4e-06,-9e-06,-1e-06,-6.2e-05,-0.005183,-0.006188,-0.0,-0.003807,-0.003491,-0.00842,-0.008445,-2e-06,-0.008311,-1.5e-05,-0.00635,-0.001993,-0.0,-0.001899,-0.009627,-0.006074,-0.006177,-0.005752,-0.008596,-0.002079,-0.000914,-0.001018,-4e-06,-0.000203,-0.003463,-0.004186,-0.005912
2017-05-31 15:21:00+02:00,-0.0,-0.0,-0.000125,-0.005596,-9.9e-05,-2.2e-05,-0.000984,-0.001917,-0.005123,-3.8e-05,-6e-06,-1e-06,-0.006222,-0.006292,-0.002903,-0.007323,-5.4e-05,-1e-06,-2.9e-05,-0.008187,-0.0,-0.008312,-0.003586,-1e-06,-0.009298,-0.008539,-0.001597,-0.0,-0.001163,-2.4e-05,-4e-06,-0.005446,-0.0,-0.005258,-0.006279,-1e-06,-0.000709,-0.003041,-0.0,-0.009469,-0.002008,-1e-06,-0.003086,-0.0,-8.7e-05,-0.001902,-0.001773,-0.003835,-0.002714,-0.0,-1e-05,-0.004853,-0.004744,-0.006296,-4e-06,-0.0,-8.3e-05,-2e-06,-0.0,-0.000924,-0.004684,-0.009306,-0.004911,-0.0,-0.000159,-0.007795,-0.000478,-0.004084,-0.0,-0.0005,-0.00203,-2.6e-05,-8e-06,-0.005249,-0.006316,-0.0,-6.1e-05,-1e-06,-0.002197,-1e-06,-0.004559,-2e-06,-0.002369,-0.009528,-5.1e-05,-6.6e-05,-0.004952,-3e-06,-7e-06,-0.0,-5e-05,-0.005195,-0.00622,-0.0,-0.003804,-0.003436,-0.008442,-0.008467,-2e-06,-0.008297,-1.2e-05,-0.006341,-0.001968,-0.0,-0.001891,-0.009667,-0.006103,-0.006134,-0.005741,-0.008617,-0.002071,-0.000899,-0.000983,-3e-06,-0.000162,-0.003421,-0.004167,-0.00594
2017-05-31 15:22:00+02:00,-0.0,-0.0,-0.0001,-0.005569,-7.9e-05,-1.8e-05,-0.000978,-0.001911,-0.005114,-3e-05,-5e-06,-1e-06,-0.006239,-0.006312,-0.002876,-0.007298,-4.3e-05,-1e-06,-2.3e-05,-0.008168,-0.0,-0.008294,-0.003577,-1e-06,-0.009283,-0.008522,-0.001591,-0.0,-0.001151,-2e-05,-3e-06,-0.005437,-0.0,-0.005247,-0.006311,-1e-06,-0.000664,-0.003034,-0.0,-0.009489,-0.002006,-1e-06,-0.003043,-0.0,-7e-05,-0.00188,-0.001758,-0.003818,-0.002684,-0.0,-8e-06,-0.004846,-0.004739,-0.006315,-3e-06,-0.0,-6.6e-05,-2e-06,-0.0,-0.000916,-0.004675,-0.0093,-0.004884,-0.0,-0.000127,-0.007773,-0.000473,-0.004069,-0.0,-0.000494,-0.002006,-2e-05,-7e-06,-0.00525,-0.00634,-0.0,-4.9e-05,-1e-06,-0.002188,-1e-06,-0.004551,-1e-06,-0.002347,-0.009528,-4.1e-05,-5.3e-05,-0.004939,-3e-06,-6e-06,-0.0,-4e-05,-0.005193,-0.006237,-0.0,-0.003796,-0.003385,-0.008427,-0.008451,-1e-06,-0.008262,-1e-05,-0.006314,-0.001944,-0.0,-0.001887,-0.009671,-0.006118,-0.006083,-0.005713,-0.0086,-0.002068,-0.000888,-0.000953,-3e-06,-0.00013,-0.003377,-0.00414,-0.005951
2017-05-31 15:23:00+02:00,-0.0,-0.0,-8e-05,-0.005523,-6.3e-05,-1.4e-05,-0.000963,-0.001894,-0.005094,-2.4e-05,-4e-06,-0.0,-0.006267,-0.006343,-0.002843,-0.007248,-3.4e-05,-0.0,-1.8e-05,-0.008129,-0.0,-0.008259,-0.003547,-1e-06,-0.009246,-0.008474,-0.001574,-0.0,-0.00113,-1.6e-05,-2e-06,-0.005417,-0.0,-0.005225,-0.006352,-0.0,-0.00061,-0.003004,-0.0,-0.009514,-0.001992,-1e-06,-0.002993,-0.0,-5.6e-05,-0.001842,-0.001734,-0.003795,-0.002648,-0.0,-6e-06,-0.004833,-0.004721,-0.006346,-2e-06,-0.0,-5.3e-05,-1e-06,-0.0,-0.000889,-0.00466,-0.009265,-0.004838,-0.0,-0.000102,-0.007724,-0.000458,-0.004047,-0.0,-0.000478,-0.001978,-1.6e-05,-5e-06,-0.005242,-0.006375,-0.0,-3.9e-05,-1e-06,-0.002159,-1e-06,-0.00453,-1e-06,-0.002307,-0.009502,-3.3e-05,-4.2e-05,-0.004946,-2e-06,-5e-06,-0.0,-3.2e-05,-0.005176,-0.006266,-0.0,-0.003776,-0.003323,-0.00838,-0.008402,-1e-06,-0.008205,-8e-06,-0.006264,-0.001916,-0.0,-0.001873,-0.009686,-0.006144,-0.006015,-0.005661,-0.008551,-0.002054,-0.000867,-0.000922,-2e-06,-0.000104,-0.003326,-0.004094,-0.005974
2017-05-31 15:24:00+02:00,-0.0,-0.0,-6.4e-05,-0.00552,-5.1e-05,-1.1e-05,-0.000968,-0.001901,-0.005099,-1.9e-05,-3e-06,-0.0,-0.006289,-0.006368,-0.002838,-0.007243,-2.7e-05,-0.0,-1.5e-05,-0.008139,-0.0,-0.008273,-0.003563,-1e-06,-0.009254,-0.008473,-0.00158,-0.0,-0.001129,-1.3e-05,-2e-06,-0.005426,-0.0,-0.005233,-0.006385,-0.0,-0.000592,-0.003017,-0.0,-0.009528,-0.002004,-1e-06,-0.002987,-0.0,-4.5e-05,-0.00184,-0.00173,-0.003799,-0.002636,-0.0,-5e-06,-0.004851,-0.004732,-0.00637,-2e-06,-0.0,-4.3e-05,-1e-06,-0.0,-0.0009,-0.004674,-0.009273,-0.004834,-0.0,-8.1e-05,-0.007721,-0.000464,-0.004052,-0.0,-0.000485,-0.001978,-1.3e-05,-4e-06,-0.005267,-0.006403,-0.0,-3.1e-05,-0.0,-0.002171,-1e-06,-0.004536,-1e-06,-0.002305,-0.009518,-2.6e-05,-3.4e-05,-0.004947,-2e-06,-4e-06,-0.0,-2.6e-05,-0.005188,-0.006288,-0.0,-0.003784,-0.003302,-0.008377,-0.008399,-1e-06,-0.008192,-6e-06,-0.006258,-0.001912,-0.0,-0.001884,-0.009691,-0.006163,-0.005991,-0.005652,-0.008549,-0.002066,-0.000867,-0.000916,-2e-06,-8.3e-05,-0.003319,-0.004087,-0.005991
2017-05-31 15:25:00+02:00,-0.0,-0.0,-5.1e-05,-0.005503,-4.1e-05,-9e-06,-0.000966,-0.0019,-0.005096,-1.6e-05,-3e-06,-0.0,-0.006312,-0.006393,-0.002828,-0.007221,-2.2e-05,-0.0,-1.2e-05,-0.008124,-0.0,-0.008262,-0.003561,-0.0,-0.009249,-0.008454,-0.001577,-0.0,-0.001122,-1e-05,-1e-06,-0.005427,-0.0,-0.005235,-0.006417,-0.0,-0.000568,-0.003012,-0.0,-0.009536,-0.002007,-0.0,-0.002967,-0.0,-3.6e-05,-0.001825,-0.001719,-0.003791,-0.002621,-0.0,-4e-06,-0.004855,-0.004734,-0.006395,-1e-06,-0.0,-3.4e-05,-1e-06,-0.0,-0.000897,-0.004676,-0.009263,-0.004815,-0.0,-6.5e-05,-0.007701,-0.000462,-0.004044,-0.0,-0.000484,-0.00197,-1e-05,-3e-06,-0.005277,-0.006431,-0.0,-2.5e-05,-0.0,-0.002166,-0.0,-0.004535,-1e-06,-0.002291,-0.009516,-2.1e-05,-2.7e-05,-0.004946,-1e-06,-3e-06,-0.0,-2e-05,-0.005191,-0.006311,-0.0,-0.003783,-0.003272,-0.008358,-0.008378,-1e-06,-0.008166,-5e-06,-0.006238,-0.001901,-0.0,-0.001885,-0.009693,-0.006182,-0.005957,-0.005628,-0.008528,-0.002069,-0.00086,-0.000903,-1e-06,-6.6e-05,-0.003297,-0.004067,-0.006007
2017-05-31 15:26:00+02:00,-0.0,-0.0,-4.1e-05,-0.005256,-3.2e-05,-7e-06,-0.000913,-0.001804,-0.004321,-1.2e-05,-2e-06,-0.0,-0.005058,-0.00515,-0.002713,-0.006912,-1.8e-05,-0.0,-9e-06,-0.007583,-0.0,-0.007722,-0.003387,-0.0,-0.007881,-0.007651,-0.001495,-0.0,-0.001071,-8e-06,-1e-06,-0.004925,-0.0,-0.005029,-0.005206,-0.0,-0.000539,-0.002871,-0.0,-0.007583,-0.00191,-0.0,-0.002831,-0.0,-2.9e-05,-0.001746,-0.001638,-0.003618,-0.0025,-0.0,-3e-06,-0.004655,-0.004542,-0.00515,-1e-06,-0.0,-2.7e-05,-1e-06,-0.0,-0.000845,-0.004478,-0.007722,-0.004601,-0.0,-5.2e-05,-0.007372,-0.000433,-0.00386,-0.0,-0.000454,-0.001883,-8e-06,-3e-06,-0.00507,-0.005206,-0.0,-2e-05,-0.0,-0.002061,-0.0,-0.004342,-1e-06,-0.002189,-0.007841,-1.7e-05,-2.2e-05,-0.003813,-1e-06,-2e-06,-0.0,-1.6e-05,-0.004925,-0.005058,-0.0,-0.003635,-0.003126,-0.007497,-0.007496,-1e-06,-0.007583,-4e-06,-0.005965,-0.001811,-0.0,-0.001792,-0.007651,-0.004925,-0.005705,-0.005391,-0.007583,-0.001971,-0.000821,-0.000859,-1e-06,-5.3e-05,-0.00315,-0.003891,-0.004753
2017-05-31 15:27:00+02:00,-0.0,-0.0,-3.3e-05,-0.004698,-2.6e-05,-6e-06,-0.00073,-0.001551,-0.004079,-1e-05,-2e-06,-0.0,-0.005171,-0.005121,-0.002423,-0.00629,-1.4e-05,-0.0,-7e-06,-0.006966,-0.0,-0.007091,-0.002911,-0.0,-0.007436,-0.00707,-0.001265,-0.0,-0.000857,-6e-06,-1e-06,-0.004601,-0.0,-0.004651,-0.005011,-0.0,-0.000431,-0.002432,-0.0,-0.007304,-0.001626,-0.0,-0.002381,-0.0,-2.3e-05,-0.001397,-0.001405,-0.003285,-0.002242,-0.0,-3e-06,-0.004252,-0.004142,-0.005254,-1e-06,-0.0,-2.2e-05,-1e-06,-0.0,-0.000676,-0.004088,-0.007322,-0.004075,-0.0,-4.2e-05,-0.006731,-0.000346,-0.003518,-0.0,-0.000363,-0.001604,-7e-06,-2e-06,-0.004645,-0.005116,-0.0,-1.6e-05,-0.0,-0.001656,-0.0,-0.003959,-0.0,-0.001774,-0.007453,-1.3e-05,-1.7e-05,-0.003851,-1e-06,-2e-06,-0.0,-1.3e-05,-0.004522,-0.005116,-0.0,-0.003268,-0.002725,-0.006944,-0.006944,-0.0,-0.00704,-3e-06,-0.00538,-0.001559,-0.0,-0.001522,-0.007805,-0.00501,-0.005203,-0.004841,-0.007031,-0.001686,-0.000657,-0.000687,-1e-06,-4.2e-05,-0.002694,-0.003404,-0.004785
2017-05-31 15:28:00+02:00,-0.0,-0.0,-0.000334,-0.005241,-0.000308,-5e-06,-0.000966,-0.001817,-0.004349,-7.2e-05,-1e-06,-0.0,-0.005393,-0.005373,-0.002829,-0.00683,-4.3e-05,-0.0,-6e-06,-0.007443,-0.0,-0.007596,-0.003418,-0.0,-0.007936,-0.007552,-0.001511,-0.0,-0.001135,-5e-06,-1e-06,-0.004908,-0.0,-0.004997,-0.005296,-0.0,-0.000914,-0.002905,-0.0,-0.007714,-0.001937,-0.0,-0.002868,-0.0,-0.000253,-0.001875,-0.001657,-0.003567,-0.002581,-0.0,-2e-06,-0.004604,-0.004512,-0.00548,-1e-06,-0.0,-0.000194,-0.0,-0.0,-0.001098,-0.004426,-0.00778,-0.004603,-0.0,-0.000387,-0.007279,-0.000563,-0.003802,-0.0,-0.000619,-0.001904,-5e-06,-2e-06,-0.004992,-0.00538,-0.0,-0.000115,-0.0,-0.002123,-0.0,-0.004306,-0.0,-0.002278,-0.007933,-5.8e-05,-9.6e-05,-0.004041,-1e-06,-1e-06,-0.0,-0.000141,-0.004845,-0.005349,-0.0,-0.003632,-0.003296,-0.007396,-0.007396,-0.0,-0.007502,-3e-06,-0.005915,-0.001818,-0.0,-0.001818,-0.00814,-0.005235,-0.005796,-0.005349,-0.007495,-0.001997,-0.000924,-0.000953,-1e-06,-0.00041,-0.003169,-0.00391,-0.005016
2017-05-31 15:29:00+02:00,-0.0,-0.0,-0.000341,-0.005418,-0.000288,-4e-06,-0.001034,-0.001899,-0.004565,-5.7e-05,-1e-06,-0.0,-0.005573,-0.005577,-0.002978,-0.007011,-3.4e-05,-0.0,-5e-06,-0.007673,-0.0,-0.00783,-0.003575,-0.0,-0.008338,-0.00783,-0.001585,-0.0,-0.001219,-4e-06,-1e-06,-0.005152,-0.0,-0.005196,-0.005527,-0.0,-0.001055,-0.00305,-0.0,-0.008041,-0.002034,-0.0,-0.003024,-0.0,-0.000203,-0.002017,-0.001734,-0.003665,-0.002703,-0.0,-2e-06,-0.004734,-0.004643,-0.005662,-1e-06,-0.0,-0.000155,-0.0,-0.0,-0.001202,-0.00455,-0.008147,-0.004773,-0.0,-0.000425,-0.007463,-0.000615,-0.003902,-0.0,-0.000681,-0.002003,-4e-06,-1e-06,-0.005139,-0.005594,-0.0,-9.2e-05,-0.0,-0.002263,-0.0,-0.004427,-0.0,-0.002433,-0.008319,-4.7e-05,-7.7e-05,-0.004192,-1e-06,-1e-06,-0.0,-0.000113,-0.004995,-0.005538,-0.0,-0.003756,-0.003494,-0.007686,-0.007687,-0.0,-0.00782,-2e-06,-0.006091,-0.001901,-0.0,-0.001911,-0.008407,-0.005417,-0.006014,-0.005512,-0.007796,-0.002094,-0.001001,-0.001028,-1e-06,-0.000472,-0.003322,-0.004069,-0.005202
2017-05-31 15:30:00+02:00,-0.0,-0.0,-0.000272,-0.005451,-0.000231,-3e-06,-0.001039,-0.00191,-0.00471,-4.6e-05,-1e-06,-0.0,-0.005712,-0.005736,-0.003017,-0.007049,-2.7e-05,-0.0,-4e-06,-0.007754,-0.0,-0.00791,-0.0036,-0.0,-0.008599,-0.007945,-0.001594,-0.0,-0.001228,-3e-06,-0.0,-0.005265,-0.0,-0.005272,-0.005708,-0.0,-0.00106,-0.003071,-0.0,-0.008298,-0.002051,-0.0,-0.003045,-0.0,-0.000162,-0.002031,-0.001743,-0.003685,-0.002732,-0.0,-1e-06,-0.00477,-0.004677,-0.005804,-0.0,-0.0,-0.000124,-0.0,-0.0,-0.001191,-0.004582,-0.008435,-0.004802,-0.0,-0.000354,-0.007504,-0.000609,-0.003924,-0.0,-0.000673,-0.002017,-3e-06,-1e-06,-0.005185,-0.005762,-0.0,-7.3e-05,-0.0,-0.002281,-0.0,-0.004456,-0.0,-0.002455,-0.008621,-3.7e-05,-6.1e-05,-0.004307,-0.0,-1e-06,-0.0,-9e-05,-0.005045,-0.005684,-0.0,-0.003785,-0.003537,-0.007813,-0.007816,-0.0,-0.007953,-2e-06,-0.006125,-0.001912,-0.0,-0.001925,-0.008616,-0.005557,-0.006073,-0.005541,-0.007931,-0.00211,-0.001005,-0.001028,-0.0,-0.000428,-0.003343,-0.004093,-0.005345
2017-05-31 15:31:00+02:00,-0.0,-0.0,-0.000218,-0.005458,-0.000185,-2e-06,-0.00102,-0.001894,-0.004718,-3.7e-05,-1e-06,-0.0,-0.005823,-0.005863,-0.002945,-0.007066,-2.2e-05,-0.0,-3e-06,-0.007753,-0.0,-0.007906,-0.003573,-0.0,-0.008613,-0.008022,-0.001578,-0.0,-0.001213,-3e-06,-0.0,-0.005238,-0.0,-0.005211,-0.005818,-0.0,-0.000946,-0.003044,-0.0,-0.008455,-0.002035,-0.0,-0.003007,-0.0,-0.00013,-0.002001,-0.001734,-0.003666,-0.002666,-0.0,-1e-06,-0.004757,-0.004697,-0.005918,-0.0,-0.0,-9.9e-05,-0.0,-0.0,-0.001139,-0.004568,-0.008464,-0.004802,-0.0,-0.000283,-0.007524,-0.000582,-0.003906,-0.0,-0.000641,-0.001996,-3e-06,-1e-06,-0.005181,-0.005896,-0.0,-5.9e-05,-0.0,-0.002252,-0.0,-0.004472,-0.0,-0.002432,-0.008667,-3e-05,-4.9e-05,-0.004395,-0.0,-1e-06,-0.0,-7.2e-05,-0.005078,-0.005801,-0.0,-0.0038,-0.003427,-0.007902,-0.007904,-0.0,-0.007875,-1e-06,-0.00614,-0.00189,-0.0,-0.001909,-0.008776,-0.005668,-0.005952,-0.005549,-0.008023,-0.002095,-0.000984,-0.000998,-0.0,-0.000351,-0.003305,-0.004086,-0.005459
2017-05-31 15:32:00+02:00,-0.0,-0.0,-0.000174,-0.005456,-0.000148,-2e-06,-0.001004,-0.001879,-0.004716,-2.9e-05,-1e-06,-0.0,-0.00591,-0.005963,-0.002884,-0.007066,-1.8e-05,-0.0,-2e-06,-0.007747,-0.0,-0.0079,-0.003546,-0.0,-0.008605,-0.008065,-0.001562,-0.0,-0.0012,-2e-06,-0.0,-0.005208,-0.0,-0.005155,-0.005897,-0.0,-0.00085,-0.003017,-0.0,-0.008554,-0.002022,-0.0,-0.002976,-0.0,-0.000104,-0.001974,-0.001724,-0.00365,-0.002606,-0.0,-1e-06,-0.004751,-0.00471,-0.006007,-0.0,-0.0,-7.9e-05,-0.0,-0.0,-0.001098,-0.00456,-0.008464,-0.004794,-0.0,-0.000226,-0.007524,-0.00056,-0.00389,-0.0,-0.000616,-0.001979,-2e-06,-1e-06,-0.005182,-0.006002,-0.0,-4.7e-05,-0.0,-0.002225,-0.0,-0.00448,-0.0,-0.00241,-0.008681,-2.4e-05,-3.9e-05,-0.004458,-0.0,-1e-06,-0.0,-5.8e-05,-0.005099,-0.005892,-0.0,-0.003811,-0.003328,-0.007954,-0.007956,-0.0,-0.007793,-1e-06,-0.006142,-0.001873,-0.0,-0.001895,-0.00889,-0.005754,-0.00584,-0.005546,-0.008079,-0.002082,-0.000966,-0.000975,-0.0,-0.000292,-0.003274,-0.004072,-0.005545
2017-05-31 15:33:00+02:00,-0.0,-0.0,-0.00014,-0.005433,-0.000118,-2e-06,-0.000982,-0.001853,-0.004702,-2.3e-05,-0.0,-0.0,-0.005976,-0.00604,-0.002828,-0.00704,-1.4e-05,-0.0,-2e-06,-0.007724,-0.0,-0.007876,-0.0035,-0.0,-0.00858,-0.008068,-0.001538,-0.0,-0.001182,-2e-06,-0.0,-0.005172,-0.0,-0.0051,-0.005947,-0.0,-0.00077,-0.002976,-0.0,-0.008612,-0.001997,-0.0,-0.002941,-0.0,-8.3e-05,-0.001941,-0.001707,-0.003627,-0.002552,-0.0,-1e-06,-0.004734,-0.004703,-0.006075,-0.0,-0.0,-6.4e-05,-0.0,-0.0,-0.001052,-0.004541,-0.008444,-0.004768,-0.0,-0.000181,-0.007495,-0.000536,-0.003867,-0.0,-0.000588,-0.00196,-2e-06,-1e-06,-0.00517,-0.006084,-0.0,-3.8e-05,-0.0,-0.002187,-0.0,-0.004469,-0.0,-0.00238,-0.008672,-1.9e-05,-3.1e-05,-0.004502,-0.0,-0.0,-0.0,-4.6e-05,-0.005095,-0.005961,-0.0,-0.003805,-0.003242,-0.007964,-0.007966,-0.0,-0.00771,-1e-06,-0.00612,-0.001853,-0.0,-0.00187,-0.008976,-0.005819,-0.005737,-0.005522,-0.00809,-0.002056,-0.000945,-0.000952,-0.0,-0.000234,-0.003238,-0.004043,-0.005611
2017-05-31 15:34:00+02:00,-0.0,-0.0,-0.000112,-0.005391,-9.4e-05,-1e-06,-0.000963,-0.00183,-0.00469,-1.9e-05,-0.0,-0.0,-0.006041,-0.006115,-0.002779,-0.006997,-1.1e-05,-0.0,-2e-06,-0.007708,-0.0,-0.00786,-0.003459,-0.0,-0.008564,-0.008049,-0.001518,-0.0,-0.001154,-1e-06,-0.0,-0.005143,-0.0,-0.005054,-0.005986,-0.0,-0.000699,-0.002941,-0.0,-0.008661,-0.001976,-0.0,-0.002909,-0.0,-6.6e-05,-0.001891,-0.00168,-0.003608,-0.002506,-0.0,-1e-06,-0.00472,-0.004681,-0.006143,-0.0,-0.0,-5.1e-05,-0.0,-0.0,-0.001013,-0.004525,-0.008429,-0.004723,-0.0,-0.000145,-0.007451,-0.000515,-0.003848,-0.0,-0.000564,-0.001941,-1e-06,-0.0,-0.005161,-0.006164,-0.0,-3e-05,-0.0,-0.002154,-0.0,-0.004445,-0.0,-0.002331,-0.008667,-1.5e-05,-2.5e-05,-0.004549,-0.0,-0.0,-0.0,-3.7e-05,-0.005077,-0.00603,-0.0,-0.003783,-0.003167,-0.007953,-0.007954,-0.0,-0.007646,-1e-06,-0.006079,-0.001834,-0.0,-0.001849,-0.009068,-0.005884,-0.005654,-0.00548,-0.008079,-0.002033,-0.000915,-0.00093,-0.0,-0.000187,-0.003206,-0.003997,-0.005675
2017-05-31 15:35:00+02:00,-0.0,-0.0,-8.9e-05,-0.005422,-7.6e-05,-1e-06,-0.000976,-0.001849,-0.004712,-1.5e-05,-0.0,-0.0,-0.006098,-0.006179,-0.002768,-0.007035,-9e-06,-0.0,-1e-06,-0.00777,-0.0,-0.007922,-0.003499,-0.0,-0.008609,-0.008116,-0.001534,-0.0,-0.001158,-1e-06,-0.0,-0.005153,-0.0,-0.005052,-0.006056,-0.0,-0.000672,-0.002976,-0.0,-0.008761,-0.001999,-0.0,-0.00294,-0.0,-5.3e-05,-0.001897,-0.001685,-0.00363,-0.002492,-0.0,-0.0,-0.004753,-0.00471,-0.006202,-0.0,-0.0,-4.1e-05,-0.0,-0.0,-0.001032,-0.004556,-0.008476,-0.004748,-0.0,-0.000116,-0.007491,-0.000524,-0.00387,-0.0,-0.000575,-0.00196,-1e-06,-0.0,-0.005201,-0.006231,-0.0,-2.4e-05,-0.0,-0.002185,-0.0,-0.00447,-0.0,-0.002342,-0.008723,-1.2e-05,-2e-05,-0.00459,-0.0,-0.0,-0.0,-3e-05,-0.005111,-0.006088,-0.0,-0.003808,-0.003146,-0.008026,-0.008027,-0.0,-0.007648,-1e-06,-0.006115,-0.00185,-0.0,-0.00187,-0.00915,-0.005939,-0.005634,-0.005512,-0.008152,-0.002056,-0.000917,-0.000942,-0.0,-0.000192,-0.003237,-0.004016,-0.005731
2017-05-31 15:36:00+02:00,-0.0,-0.0,-7.1e-05,-0.00526,-6e-05,-1e-06,-0.000949,-0.001796,-0.004483,-1.2e-05,-0.0,-0.0,-0.005331,-0.005446,-0.002673,-0.006835,-7e-06,-0.0,-1e-06,-0.007572,-0.0,-0.00771,-0.003407,-0.0,-0.008257,-0.007899,-0.001489,-0.0,-0.00112,-1e-06,-0.0,-0.00499,-0.0,-0.004891,-0.005517,-0.0,-0.000627,-0.002905,-0.0,-0.007874,-0.001947,-0.0,-0.002866,-0.0,-4.3e-05,-0.00184,-0.001629,-0.00352,-0.002395,-0.0,-0.0,-0.004627,-0.004582,-0.005446,-0.0,-0.0,-3.3e-05,-0.0,-0.0,-0.001009,-0.004431,-0.00804,-0.004607,-0.0,-9.3e-05,-0.007278,-0.00051,-0.003753,-0.0,-0.000561,-0.001911,-1e-06,-0.0,-0.005073,-0.005517,-0.0,-1.9e-05,-0.0,-0.002136,-0.0,-0.004341,-0.0,-0.00227,-0.0082,-1e-05,-1.6e-05,-0.003908,-0.0,-0.0,-0.0,-2.4e-05,-0.004971,-0.005331,-0.0,-0.003712,-0.003025,-0.007801,-0.007788,-0.0,-0.0074,-0.0,-0.005939,-0.001797,-0.0,-0.00182,-0.007952,-0.005173,-0.00544,-0.005362,-0.007874,-0.002003,-0.000886,-0.000919,-0.0,-0.000186,-0.003157,-0.0039,-0.004974
2017-05-31 15:37:00+02:00,-0.0,-0.0,-5.7e-05,-0.004778,-4.8e-05,-1e-06,-0.000782,-0.001587,-0.004166,-1e-05,-0.0,-0.0,-0.005315,-0.005286,-0.002376,-0.0063,-6e-06,-0.0,-1e-06,-0.007024,-0.0,-0.00715,-0.00301,-0.0,-0.007665,-0.007332,-0.0013,-0.0,-0.000923,-1e-06,-0.0,-0.004618,-0.0,-0.00451,-0.00521,-0.0,-0.000502,-0.002541,-0.0,-0.007431,-0.001711,-0.0,-0.002487,-0.0,-3.4e-05,-0.001498,-0.001429,-0.003239,-0.002137,-0.0,-0.0,-0.004284,-0.004234,-0.005421,-0.0,-0.0,-2.6e-05,-0.0,-0.0,-0.000808,-0.004099,-0.00748,-0.004152,-0.0,-7.5e-05,-0.006725,-0.000408,-0.003464,-0.0,-0.000449,-0.001675,-1e-06,-0.0,-0.00471,-0.005303,-0.0,-1.5e-05,-0.0,-0.0018,-0.0,-0.004008,-0.0,-0.001905,-0.007644,-8e-06,-1.3e-05,-0.003839,-0.0,-0.0,-0.0,-1.9e-05,-0.004612,-0.00526,-0.0,-0.003392,-0.002622,-0.007253,-0.007243,-0.0,-0.006824,-0.0,-0.005437,-0.001586,-0.0,-0.001596,-0.0079,-0.005131,-0.004942,-0.004891,-0.007326,-0.001765,-0.000709,-0.000735,-0.0,-0.000149,-0.002774,-0.003479,-0.004881
2017-05-31 15:38:00+02:00,-0.0,-0.0,-0.000128,-0.004726,-0.0001,-1e-06,-0.000819,-0.001593,-0.004036,-8e-06,-0.0,-0.0,-0.004836,-0.004947,-0.002407,-0.006189,-5e-06,-0.0,-1e-06,-0.006881,-0.0,-0.006994,-0.003032,-0.0,-0.007461,-0.007185,-0.001313,-0.0,-0.000968,-1e-06,-0.0,-0.004546,-0.0,-0.004452,-0.00502,-0.0,-0.000631,-0.002586,-0.0,-0.007164,-0.001731,-0.0,-0.002534,-0.0,-5.2e-05,-0.001591,-0.001437,-0.003166,-0.002141,-0.0,-0.0,-0.004196,-0.004161,-0.004947,-0.0,-0.0,-2.1e-05,-0.0,-0.0,-0.000907,-0.004011,-0.007292,-0.004129,-0.0,-0.000172,-0.006595,-0.000454,-0.00338,-0.0,-0.000507,-0.001696,-1e-06,-0.0,-0.004618,-0.00502,-0.0,-1.2e-05,-0.0,-0.001876,-0.0,-0.00393,-0.0,-0.001982,-0.007415,-6e-06,-1e-05,-0.003512,-0.0,-0.0,-0.0,-2.4e-05,-0.004517,-0.004836,-0.0,-0.003363,-0.002694,-0.007112,-0.0071,-0.0,-0.006728,-0.0,-0.005361,-0.001592,-0.0,-0.001614,-0.007225,-0.004683,-0.004919,-0.004844,-0.007164,-0.001782,-0.000762,-0.000791,-0.0,-0.000253,-0.002808,-0.003487,-0.004494
2017-05-31 15:39:00+02:00,-0.0,-0.0,-0.000103,-0.004301,-8e-05,-0.0,-0.000656,-0.001395,-0.003768,-6e-06,-0.0,-0.0,-0.004836,-0.00481,-0.002137,-0.005725,-4e-06,-0.0,-1e-06,-0.006376,-0.0,-0.00648,-0.002655,-0.0,-0.006957,-0.006696,-0.001134,-0.0,-0.000786,-0.0,-0.0,-0.004215,-0.0,-0.004112,-0.004746,-0.0,-0.000505,-0.002237,-0.0,-0.006778,-0.001505,-0.0,-0.002166,-0.0,-4.2e-05,-0.001274,-0.001259,-0.00291,-0.001911,-0.0,-0.0,-0.003875,-0.003852,-0.004937,-0.0,-0.0,-1.7e-05,-0.0,-0.0,-0.000726,-0.003702,-0.006804,-0.003726,-0.0,-0.000137,-0.006117,-0.000363,-0.003117,-0.0,-0.000406,-0.001467,-0.0,-0.0,-0.004276,-0.004831,-0.0,-1e-05,-0.0,-0.001549,-0.0,-0.003639,-0.0,-0.001646,-0.006937,-5e-06,-8e-06,-0.00347,-0.0,-0.0,-0.0,-1.9e-05,-0.004203,-0.004784,-0.0,-0.003075,-0.002328,-0.006639,-0.006628,-0.0,-0.006223,-0.0,-0.004921,-0.001391,-0.0,-0.001399,-0.007208,-0.004661,-0.004476,-0.004428,-0.006693,-0.001554,-0.000609,-0.000633,-0.0,-0.000202,-0.002437,-0.00311,-0.004425
2017-05-31 15:40:00+02:00,-0.0,-0.0,-0.000501,-0.005012,-0.000449,-0.0,-0.000928,-0.001705,-0.004057,-0.000122,-0.0,-0.0,-0.005105,-0.005109,-0.002625,-0.006404,-0.000153,-0.0,-0.0,-0.006901,-0.0,-0.007036,-0.003253,-0.0,-0.007492,-0.007181,-0.001416,-0.0,-0.001127,-5.2e-05,-0.0,-0.004573,-0.0,-0.004551,-0.005074,-0.0,-0.001029,-0.002791,-0.0,-0.007223,-0.001872,-0.0,-0.002777,-0.0,-0.000369,-0.001864,-0.001569,-0.003272,-0.002311,-0.0,-0.0,-0.004301,-0.004318,-0.005211,-0.0,-0.0,-0.000302,-0.0,-0.0,-0.001207,-0.004118,-0.007295,-0.004408,-0.0,-0.000578,-0.006718,-0.000605,-0.00347,-0.0,-0.000697,-0.001848,-6.6e-05,-0.0,-0.004682,-0.005141,-0.0,-0.000196,-0.0,-0.00209,-0.0,-0.004067,-0.0,-0.002267,-0.007456,-0.000163,-0.000207,-0.003681,-0.0,-0.0,-0.0,-0.000207,-0.004564,-0.005063,-0.0,-0.003564,-0.002992,-0.007092,-0.007079,-0.0,-0.006778,-0.0,-0.005629,-0.001714,-0.0,-0.001747,-0.00759,-0.00493,-0.005188,-0.005095,-0.007155,-0.001922,-0.000936,-0.000965,-0.0,-0.000619,-0.003036,-0.003754,-0.004696
2017-05-31 15:41:00+02:00,-0.0,-0.0,-0.000524,-0.005233,-0.000426,-0.0,-0.000989,-0.001781,-0.004287,-9.7e-05,-0.0,-0.0,-0.005322,-0.005351,-0.002791,-0.006645,-0.000123,-0.0,-0.0,-0.007185,-0.0,-0.007328,-0.003402,-0.0,-0.00792,-0.007493,-0.001484,-0.0,-0.001218,-4.2e-05,-0.0,-0.004818,-0.0,-0.004784,-0.005338,-0.0,-0.001144,-0.002925,-0.0,-0.007575,-0.001964,-0.0,-0.002959,-0.0,-0.000314,-0.00202,-0.001657,-0.003398,-0.002444,-0.0,-0.0,-0.004479,-0.004495,-0.005432,-0.0,-0.0,-0.000251,-0.0,-0.0,-0.001287,-0.004286,-0.007686,-0.004615,-0.0,-0.000626,-0.006985,-0.000645,-0.003602,-0.0,-0.000745,-0.001965,-5.3e-05,-0.0,-0.004887,-0.005393,-0.0,-0.000157,-0.0,-0.002215,-0.0,-0.004232,-0.0,-0.002435,-0.00787,-0.00013,-0.000166,-0.003847,-0.0,-0.0,-0.0,-0.000168,-0.004767,-0.005289,-0.0,-0.003723,-0.003201,-0.00741,-0.007397,-0.0,-0.007112,-0.0,-0.005853,-0.001812,-0.0,-0.001833,-0.007894,-0.005146,-0.005434,-0.005302,-0.007482,-0.002015,-0.001018,-0.001052,-0.0,-0.000653,-0.003217,-0.003942,-0.004914
2017-05-31 15:42:00+02:00,-0.0,-0.0,-0.00043,-0.005292,-0.000341,-0.0,-0.000987,-0.001786,-0.004403,-7.8e-05,-0.0,-0.0,-0.0055,-0.005549,-0.002835,-0.006725,-9.8e-05,-0.0,-0.0,-0.007297,-0.0,-0.007444,-0.003414,-0.0,-0.008127,-0.007628,-0.001486,-0.0,-0.001227,-3.3e-05,-0.0,-0.004926,-0.0,-0.00488,-0.005555,-0.0,-0.001119,-0.002932,-0.0,-0.007862,-0.001972,-0.0,-0.002988,-0.0,-0.000251,-0.002034,-0.001671,-0.003435,-0.002477,-0.0,-0.0,-0.004545,-0.00456,-0.005614,-0.0,-0.0,-0.000201,-0.0,-0.0,-0.001249,-0.004346,-0.007904,-0.004664,-0.0,-0.00055,-0.007084,-0.000625,-0.003645,-0.0,-0.00072,-0.001986,-4.2e-05,-0.0,-0.004971,-0.005598,-0.0,-0.000126,-0.0,-0.002215,-0.0,-0.004291,-0.0,-0.002456,-0.008113,-0.000104,-0.000133,-0.003981,-0.0,-0.0,-0.0,-0.000135,-0.004854,-0.005473,-0.0,-0.003773,-0.003244,-0.007553,-0.00754,-0.0,-0.007246,-0.0,-0.005918,-0.001829,-0.0,-0.00184,-0.008141,-0.005322,-0.005504,-0.005357,-0.00763,-0.002024,-0.00102,-0.001055,-0.0,-0.000579,-0.003247,-0.003981,-0.005091
2017-05-31 15:43:00+02:00,-0.0,-0.0,-0.000344,-0.005317,-0.000273,-0.0,-0.000973,-0.001779,-0.004467,-6.2e-05,-0.0,-0.0,-0.005643,-0.005708,-0.002839,-0.006767,-7.9e-05,-0.0,-0.0,-0.007359,-0.0,-0.007508,-0.003402,-0.0,-0.008241,-0.007715,-0.001476,-0.0,-0.001221,-2.7e-05,-0.0,-0.00498,-0.0,-0.004923,-0.00572,-0.0,-0.001056,-0.002916,-0.0,-0.008085,-0.001965,-0.0,-0.002981,-0.0,-0.000201,-0.002021,-0.00167,-0.003449,-0.002477,-0.0,-0.0,-0.00458,-0.004598,-0.005761,-0.0,-0.0,-0.000161,-0.0,-0.0,-0.001195,-0.004376,-0.008028,-0.004681,-0.0,-0.000457,-0.007141,-0.000598,-0.003663,-0.0,-0.000686,-0.001984,-3.4e-05,-0.0,-0.00502,-0.005765,-0.0,-0.0001,-0.0,-0.002192,-0.0,-0.004324,-0.0,-0.002448,-0.008256,-8.3e-05,-0.000106,-0.004087,-0.0,-0.0,-0.0,-0.000108,-0.00491,-0.005621,-0.0,-0.003797,-0.003233,-0.007648,-0.007634,-0.0,-0.007306,-0.0,-0.005947,-0.001827,-0.0,-0.001832,-0.00834,-0.005464,-0.005515,-0.005379,-0.007728,-0.002017,-0.001008,-0.001039,-0.0,-0.000496,-0.003241,-0.003989,-0.005233
2017-05-31 15:44:00+02:00,-0.0,-0.0,-0.000276,-0.005327,-0.000218,-0.0,-0.000956,-0.001765,-0.004509,-5e-05,-0.0,-0.0,-0.005753,-0.005832,-0.002832,-0.00679,-6.3e-05,-0.0,-0.0,-0.007369,-0.0,-0.007517,-0.003379,-0.0,-0.008318,-0.007773,-0.001461,-0.0,-0.001212,-2.1e-05,-0.0,-0.005014,-0.0,-0.004949,-0.00584,-0.0,-0.000993,-0.002892,-0.0,-0.008248,-0.00195,-0.0,-0.002947,-0.0,-0.000161,-0.002005,-0.001665,-0.003438,-0.002468,-0.0,-0.0,-0.004579,-0.004621,-0.005874,-0.0,-0.0,-0.000128,-0.0,-0.0,-0.001141,-0.004373,-0.00811,-0.004685,-0.0,-0.000366,-0.007177,-0.00057,-0.003654,-0.0,-0.000652,-0.001965,-2.7e-05,-0.0,-0.00503,-0.005894,-0.0,-8e-05,-0.0,-0.002163,-0.0,-0.004344,-0.0,-0.002436,-0.008353,-6.7e-05,-8.5e-05,-0.004167,-0.0,-0.0,-0.0,-8.6e-05,-0.004947,-0.005736,-0.0,-0.003811,-0.00321,-0.007714,-0.007699,-0.0,-0.007342,-0.0,-0.005961,-0.001809,-0.0,-0.001817,-0.008494,-0.005573,-0.005511,-0.005389,-0.007795,-0.002003,-0.000994,-0.001011,-0.0,-0.000418,-0.003209,-0.003988,-0.005341
2017-05-31 15:45:00+02:00,-0.0,-0.0,-0.00022,-0.005325,-0.000174,-0.0,-0.000938,-0.00175,-0.004536,-4e-05,-0.0,-0.0,-0.00585,-0.00594,-0.002815,-0.006801,-5e-05,-0.0,-0.0,-0.007393,-0.0,-0.007541,-0.003354,-0.0,-0.008371,-0.007812,-0.001446,-0.0,-0.001198,-1.7e-05,-0.0,-0.005032,-0.0,-0.004959,-0.005926,-0.0,-0.000927,-0.002867,-0.0,-0.008371,-0.001934,-0.0,-0.002922,-0.0,-0.000129,-0.001979,-0.001655,-0.003436,-0.002453,-0.0,-0.0,-0.004586,-0.004629,-0.005974,-0.0,-0.0,-0.000103,-0.0,-0.0,-0.001089,-0.004377,-0.008168,-0.004679,-0.0,-0.000293,-0.007197,-0.000543,-0.003654,-0.0,-0.000618,-0.00195,-2.2e-05,-0.0,-0.005045,-0.006007,-0.0,-6.4e-05,-0.0,-0.002132,-0.0,-0.00435,-0.0,-0.002413,-0.008421,-5.3e-05,-6.8e-05,-0.00424,-0.0,-0.0,-0.0,-6.9e-05,-0.004967,-0.005836,-0.0,-0.003812,-0.003178,-0.007761,-0.007746,-0.0,-0.007362,-0.0,-0.005963,-0.001796,-0.0,-0.0018,-0.008638,-0.005669,-0.005498,-0.005389,-0.007842,-0.001986,-0.000976,-0.000988,-0.0,-0.000346,-0.003186,-0.003977,-0.005437
2017-05-31 15:46:00+02:00,-0.0,-0.0,-0.000176,-0.005361,-0.00014,-0.0,-0.000758,-0.001521,-0.004631,-3.2e-05,-0.0,-0.0,-0.005921,-0.00602,-0.002877,-0.00685,-4e-05,-0.0,-0.0,-0.007453,-0.0,-0.0076,-0.002919,-0.0,-0.008553,-0.007886,-0.001246,-0.0,-0.001203,-1.4e-05,-0.0,-0.005132,-0.0,-0.005058,-0.006026,-0.0,-0.000956,-0.002473,-0.0,-0.008508,-0.001676,-0.0,-0.002935,-0.0,-0.000103,-0.00199,-0.001662,-0.003452,-0.002502,-0.0,-0.0,-0.004616,-0.004663,-0.006047,-0.0,-0.0,-8.2e-05,-0.0,-0.0,-0.000871,-0.004405,-0.008372,-0.004709,-0.0,-0.000253,-0.007256,-0.000434,-0.003673,-0.0,-0.000495,-0.001958,-1.7e-05,-0.0,-0.005084,-0.006091,-0.0,-5.1e-05,-0.0,-0.001767,-0.0,-0.00438,-0.0,-0.002426,-0.008639,-4.3e-05,-5.4e-05,-0.004292,-0.0,-0.0,-0.0,-5.5e-05,-0.005009,-0.00591,-0.0,-0.003839,-0.003254,-0.007842,-0.007827,-0.0,-0.00751,-0.0,-0.006003,-0.001802,-0.0,-0.001554,-0.008744,-0.005739,-0.005608,-0.005426,-0.007923,-0.001724,-0.000977,-0.000987,-0.0,-0.000277,-0.003201,-0.004002,-0.005506
2017-05-31 15:47:00+02:00,-0.0,-0.0,-0.000141,-0.002584,-0.000112,-0.0,-0.000609,-0.001249,-0.001319,-2.6e-05,-0.0,-0.0,-0.001438,-0.001458,-0.001472,-0.002589,-3.2e-05,-0.0,-0.0,-0.002591,-0.0,-0.002589,-0.0024,-0.0,-0.002582,-0.002589,-0.001022,-0.0,-0.001023,-1.1e-05,-0.0,-0.001412,-0.0,-0.001458,-0.001472,-0.0,-0.000821,-0.002031,-0.0,-0.002591,-0.001372,-0.0,-0.002508,-0.0,-8.2e-05,-0.001703,-0.001254,-0.001286,-0.001319,-0.0,-0.0,-0.001412,-0.001438,-0.001458,-0.0,-0.0,-6.6e-05,-0.0,-0.0,-0.000697,-0.001384,-0.002589,-0.002587,-0.0,-0.000205,-0.002589,-0.000348,-0.001286,-0.0,-0.000396,-0.001384,-1.4e-05,-0.0,-0.001458,-0.001472,-0.0,-4.1e-05,-0.0,-0.001432,-0.0,-0.001384,-0.0,-0.002073,-0.002584,-3.4e-05,-4.3e-05,-0.001254,-0.0,-0.0,-0.0,-4.4e-05,-0.001412,-0.001438,-0.0,-0.001472,-0.002589,-0.002591,-0.002591,-0.0,-0.002591,-0.0,-0.002589,-0.001286,-0.0,-0.001271,-0.002589,-0.001412,-0.002591,-0.002591,-0.002591,-0.001384,-0.00083,-0.000836,-0.0,-0.000221,-0.002589,-0.002589,-0.001384
2017-05-31 15:48:00+02:00,-0.0,-0.0,-0.000113,-0.002067,-8.9e-05,-0.0,-0.000487,-0.000999,-0.001055,-2e-05,-0.0,-0.0,-0.00115,-0.001166,-0.001178,-0.002071,-2.6e-05,-0.0,-0.0,-0.002073,-0.0,-0.002071,-0.00192,-0.0,-0.002066,-0.002071,-0.000817,-0.0,-0.000818,-9e-06,-0.0,-0.00113,-0.0,-0.001166,-0.001178,-0.0,-0.000657,-0.001625,-0.0,-0.002073,-0.001097,-0.0,-0.002007,-0.0,-6.6e-05,-0.001362,-0.001003,-0.001029,-0.001055,-0.0,-0.0,-0.00113,-0.00115,-0.001166,-0.0,-0.0,-5.3e-05,-0.0,-0.0,-0.000557,-0.001107,-0.002071,-0.00207,-0.0,-0.000164,-0.002071,-0.000278,-0.001029,-0.0,-0.000317,-0.001107,-1.1e-05,-0.0,-0.001166,-0.001178,-0.0,-3.3e-05,-0.0,-0.001145,-0.0,-0.001107,-0.0,-0.001659,-0.002067,-2.7e-05,-3.5e-05,-0.001003,-0.0,-0.0,-0.0,-3.5e-05,-0.00113,-0.00115,-0.0,-0.001178,-0.002071,-0.002073,-0.002073,-0.0,-0.002073,-0.0,-0.002071,-0.001029,-0.0,-0.001017,-0.002071,-0.00113,-0.002073,-0.002073,-0.002073,-0.001107,-0.000664,-0.000669,-0.0,-0.000177,-0.002071,-0.002071,-0.001107
2017-05-31 15:49:00+02:00,-1.8e-05,-0.0,-0.000975,-0.003506,-0.000583,-0.000488,-0.00074,-0.001253,-0.00188,-0.000453,-0.000241,-6e-05,-0.002165,-0.002206,-0.002208,-0.003479,-0.000674,-4e-06,-0.00053,-0.003457,-0.0,-0.003508,-0.002422,-0.000118,-0.003587,-0.003479,-0.001059,-0.0,-0.001371,-0.000378,-4.7e-05,-0.002109,-0.0,-0.002206,-0.002234,-2.4e-05,-0.001723,-0.002111,-0.0,-0.003457,-0.001414,-0.000112,-0.002972,-0.0,-0.000539,-0.00233,-0.00152,-0.001788,-0.00188,-0.0,-0.000279,-0.002109,-0.002165,-0.002206,-5e-05,-0.0,-0.000801,-0.00018,-0.0,-0.001046,-0.002042,-0.003508,-0.003382,-0.0,-0.001071,-0.003479,-0.000519,-0.001788,-0.0,-0.000616,-0.001752,-0.000443,-0.000338,-0.002206,-0.002234,-0.0,-0.000737,-5.6e-05,-0.001651,-0.000105,-0.002042,-0.0,-0.002671,-0.003564,-0.000414,-0.000729,-0.001692,-3.9e-05,-0.000243,-4e-05,-0.000315,-0.002109,-0.002165,-0.0,-0.002234,-0.00329,-0.003446,-0.003438,-0.0,-0.003457,-0.000315,-0.003508,-0.001571,-0.0,-0.001317,-0.003479,-0.002109,-0.003438,-0.003442,-0.003457,-0.001425,-0.00121,-0.001209,-0.00021,-0.000664,-0.003038,-0.003233,-0.002042
2017-05-31 15:50:00+02:00,-1.4e-05,-0.0,-0.001705,-0.004677,-0.001047,-0.00081,-0.001022,-0.001579,-0.002521,-0.000789,-0.000362,-4.8e-05,-0.002961,-0.003024,-0.003044,-0.004567,-0.001176,-3e-06,-0.000902,-0.004526,-0.0,-0.004619,-0.003062,-9.5e-05,-0.004766,-0.004567,-0.001355,-0.0,-0.001876,-0.000655,-3.8e-05,-0.002877,-0.0,-0.003024,-0.003065,-1.9e-05,-0.002668,-0.00271,-0.0,-0.004526,-0.001812,-9e-05,-0.003922,-0.0,-0.000975,-0.003205,-0.002008,-0.002376,-0.002521,-0.0,-0.000452,-0.002877,-0.002961,-0.003024,-4e-05,-0.0,-0.001412,-0.000161,-0.0,-0.001564,-0.002774,-0.004619,-0.004549,-0.0,-0.001846,-0.004567,-0.000773,-0.002376,-0.0,-0.000933,-0.00239,-0.000763,-0.000548,-0.003024,-0.003065,-0.0,-0.001278,-4.5e-05,-0.00223,-8.4e-05,-0.002774,-0.0,-0.0036,-0.004723,-0.000739,-0.001277,-0.002222,-3.1e-05,-0.00038,-3.2e-05,-0.000572,-0.002877,-0.002961,-0.0,-0.003065,-0.004416,-0.004508,-0.004493,-0.0,-0.004526,-0.000516,-0.004619,-0.002108,-0.0,-0.001691,-0.004567,-0.002877,-0.004493,-0.004499,-0.004526,-0.001826,-0.001699,-0.00172,-0.000223,-0.001139,-0.003999,-0.004344,-0.002774
2017-05-31 15:51:00+02:00,-1.1e-05,-0.0,-0.001751,-0.005222,-0.000886,-0.000648,-0.000995,-0.001559,-0.003018,-0.000744,-0.00029,-3.8e-05,-0.003586,-0.003666,-0.003468,-0.005406,-0.001078,-3e-06,-0.000722,-0.005354,-0.0,-0.00548,-0.003029,-7.6e-05,-0.005682,-0.00541,-0.001335,-0.0,-0.001966,-0.000571,-3e-05,-0.003478,-0.0,-0.003666,-0.00372,-1.5e-05,-0.002876,-0.002676,-0.0,-0.005354,-0.001795,-7.2e-05,-0.004113,-0.0,-0.000794,-0.003356,-0.002121,-0.002788,-0.002867,-0.0,-0.000362,-0.003478,-0.003586,-0.003666,-3.2e-05,-0.0,-0.001395,-0.000129,-0.0,-0.001473,-0.003346,-0.00548,-0.004981,-0.0,-0.001912,-0.00541,-0.000727,-0.00283,-0.0,-0.000877,-0.002548,-0.000678,-0.000438,-0.003666,-0.00372,-0.0,-0.001205,-3.6e-05,-0.002184,-6.7e-05,-0.003346,-0.0,-0.003772,-0.005623,-0.000591,-0.001205,-0.00263,-2.5e-05,-0.000304,-2.6e-05,-0.000459,-0.003478,-0.003586,-0.0,-0.00352,-0.004782,-0.005331,-0.00531,-0.0,-0.005354,-0.000413,-0.005285,-0.002242,-0.0,-0.001671,-0.00541,-0.003478,-0.00531,-0.005058,-0.005354,-0.001812,-0.001779,-0.001802,-0.000179,-0.001022,-0.004212,-0.004661,-0.003346
2017-05-31 15:52:00+02:00,-9e-06,-0.0,-0.001529,-0.005383,-0.000709,-0.000519,-0.000863,-0.001421,-0.003411,-0.000595,-0.000232,-3.1e-05,-0.004083,-0.004178,-0.003596,-0.005808,-0.000863,-2e-06,-0.000577,-0.005854,-0.0,-0.005989,-0.002764,-6.1e-05,-0.006407,-0.006025,-0.001208,-0.0,-0.001897,-0.000457,-2.4e-05,-0.003956,-0.0,-0.004178,-0.004241,-1.2e-05,-0.002775,-0.002425,-0.0,-0.006008,-0.001634,-5.8e-05,-0.00398,-0.0,-0.000635,-0.00323,-0.002088,-0.002956,-0.002974,-0.0,-0.00029,-0.003779,-0.003905,-0.004178,-2.6e-05,-0.0,-0.00114,-0.000103,-0.0,-0.001179,-0.003622,-0.006161,-0.005059,-0.0,-0.001696,-0.005894,-0.000582,-0.003034,-0.0,-0.000702,-0.002497,-0.000542,-0.000351,-0.004039,-0.004241,-0.0,-0.000964,-2.8e-05,-0.001925,-5.4e-05,-0.003639,-0.0,-0.003653,-0.006335,-0.000473,-0.000964,-0.00295,-2e-05,-0.000243,-2e-05,-0.000367,-0.003885,-0.004083,-0.0,-0.003695,-0.004785,-0.005959,-0.005936,-0.0,-0.006008,-0.00033,-0.005548,-0.0022,-0.0,-0.001517,-0.006076,-0.003956,-0.005688,-0.005248,-0.005989,-0.001653,-0.001703,-0.001707,-0.000143,-0.000817,-0.004104,-0.004658,-0.003799
2017-05-31 15:53:00+02:00,-7e-06,-0.0,-0.001254,-0.005407,-0.000567,-0.000415,-0.000719,-0.00127,-0.003734,-0.000476,-0.000185,-2.5e-05,-0.004489,-0.004596,-0.003604,-0.006029,-0.00069,-2e-06,-0.000462,-0.006157,-0.0,-0.006296,-0.002472,-4.8e-05,-0.007007,-0.006415,-0.001068,-0.0,-0.001785,-0.000366,-1.9e-05,-0.004346,-0.0,-0.004527,-0.004666,-1e-05,-0.002576,-0.002148,-0.0,-0.00655,-0.001455,-4.6e-05,-0.003777,-0.0,-0.000508,-0.003031,-0.002013,-0.003038,-0.002986,-0.0,-0.000232,-0.00395,-0.004086,-0.004596,-2.1e-05,-0.0,-0.000912,-8.2e-05,-0.0,-0.000943,-0.003777,-0.006724,-0.005019,-0.0,-0.001424,-0.006181,-0.000465,-0.003144,-0.0,-0.000561,-0.002394,-0.000434,-0.00028,-0.004263,-0.004666,-0.0,-0.000771,-2.3e-05,-0.00164,-4.3e-05,-0.003806,-0.0,-0.003457,-0.006923,-0.000378,-0.000771,-0.003214,-1.6e-05,-0.000194,-1.6e-05,-0.000294,-0.004138,-0.004489,-0.0,-0.003761,-0.004662,-0.006363,-0.006338,-0.0,-0.006513,-0.000264,-0.005657,-0.002115,-0.0,-0.001345,-0.006628,-0.004346,-0.005865,-0.005303,-0.006397,-0.001475,-0.001586,-0.001573,-0.000114,-0.000654,-0.003922,-0.004558,-0.004169
2017-05-31 15:54:00+02:00,-6e-06,-0.0,-0.001017,-0.005442,-0.000454,-0.000332,-0.000605,-0.001154,-0.004004,-0.000381,-0.000148,-2e-05,-0.004826,-0.004942,-0.003591,-0.006228,-0.000552,-1e-06,-0.00037,-0.006406,-0.0,-0.006548,-0.00225,-3.9e-05,-0.007512,-0.006756,-0.00096,-0.0,-0.001695,-0.000292,-1.5e-05,-0.00465,-0.0,-0.004792,-0.005019,-8e-06,-0.002386,-0.001936,-0.0,-0.007009,-0.001318,-3.7e-05,-0.003607,-0.0,-0.000407,-0.002871,-0.001956,-0.003104,-0.002981,-0.0,-0.000185,-0.004087,-0.004243,-0.004942,-1.7e-05,-0.0,-0.00073,-6.6e-05,-0.0,-0.000755,-0.003901,-0.007199,-0.004998,-0.0,-0.001189,-0.006435,-0.000372,-0.003233,-0.0,-0.000449,-0.002307,-0.000347,-0.000224,-0.004442,-0.005019,-0.0,-0.000617,-1.8e-05,-0.001417,-3.4e-05,-0.003952,-0.0,-0.0033,-0.00742,-0.000303,-0.000617,-0.003437,-1.3e-05,-0.000156,-1.3e-05,-0.000235,-0.004355,-0.004826,-0.0,-0.003822,-0.00454,-0.006716,-0.00669,-0.0,-0.006906,-0.000211,-0.005762,-0.002045,-0.0,-0.001213,-0.007094,-0.00467,-0.00599,-0.005363,-0.006752,-0.001339,-0.00149,-0.001459,-9.1e-05,-0.000523,-0.003772,-0.004486,-0.004478
2017-05-31 15:55:00+02:00,-5e-06,-0.0,-0.000827,-0.005465,-0.000363,-0.000265,-0.000519,-0.001067,-0.004209,-0.000305,-0.000119,-1.6e-05,-0.005087,-0.005212,-0.003555,-0.006383,-0.000442,-1e-06,-0.000296,-0.00661,-0.0,-0.006752,-0.002085,-3.1e-05,-0.0079,-0.007023,-0.00088,-0.0,-0.00162,-0.000234,-1.2e-05,-0.004863,-0.0,-0.004973,-0.005295,-6e-06,-0.002202,-0.001778,-0.0,-0.007361,-0.001216,-2.9e-05,-0.003472,-0.0,-0.000325,-0.002738,-0.001908,-0.003157,-0.002954,-0.0,-0.000148,-0.004199,-0.004368,-0.005212,-1.3e-05,-0.0,-0.000584,-5.3e-05,-0.0,-0.000604,-0.004002,-0.007564,-0.004978,-0.0,-0.001,-0.006633,-0.000298,-0.003303,-0.0,-0.000359,-0.002238,-0.000278,-0.00018,-0.00459,-0.005295,-0.0,-0.000494,-1.5e-05,-0.001249,-2.7e-05,-0.004066,-0.0,-0.00317,-0.0078,-0.000242,-0.000494,-0.003604,-1e-05,-0.000124,-1e-05,-0.000188,-0.004527,-0.005087,-0.0,-0.003871,-0.004404,-0.006994,-0.006967,-0.0,-0.007174,-0.000169,-0.005842,-0.001989,-0.0,-0.001115,-0.007451,-0.004921,-0.006047,-0.005408,-0.007032,-0.001238,-0.001411,-0.001368,-7.3e-05,-0.000418,-0.003653,-0.004425,-0.004716
2017-05-31 15:56:00+02:00,-4e-06,-0.0,-0.000661,-0.005389,-0.00029,-0.000212,-0.000425,-0.000966,-0.0043,-0.000244,-9.5e-05,-1.3e-05,-0.005274,-0.005406,-0.003455,-0.006403,-0.000353,-1e-06,-0.000237,-0.006667,-0.0,-0.006807,-0.00189,-2.5e-05,-0.008061,-0.007125,-0.000787,-0.0,-0.001521,-0.000187,-1e-05,-0.004946,-0.0,-0.005031,-0.005495,-5e-06,-0.001979,-0.001595,-0.0,-0.007598,-0.001098,-2.4e-05,-0.003294,-0.0,-0.00026,-0.002565,-0.00183,-0.003146,-0.002871,-0.0,-0.000119,-0.004226,-0.004404,-0.005406,-1.1e-05,-0.0,-0.000467,-4.2e-05,-0.0,-0.000483,-0.004022,-0.007767,-0.004873,-0.0,-0.0008,-0.006685,-0.000238,-0.003306,-0.0,-0.000287,-0.002141,-0.000222,-0.000144,-0.004643,-0.005495,-0.0,-0.000395,-1.2e-05,-0.001062,-2.2e-05,-0.004095,-0.0,-0.002994,-0.008024,-0.000194,-0.000395,-0.003711,-8e-06,-0.0001,-8e-06,-0.00015,-0.004598,-0.005274,-0.0,-0.00385,-0.004196,-0.007106,-0.007078,-0.0,-0.00725,-0.000135,-0.005809,-0.001905,-0.0,-0.001001,-0.007691,-0.005098,-0.005974,-0.005354,-0.007144,-0.00112,-0.00131,-0.00126,-5.9e-05,-0.000335,-0.003487,-0.004295,-0.004882
2017-05-31 15:57:00+02:00,-3e-06,-0.0,-0.000529,-0.005242,-0.000232,-0.00017,-0.00034,-0.000847,-0.004307,-0.000195,-7.6e-05,-1e-05,-0.005417,-0.005555,-0.003319,-0.006323,-0.000283,-1e-06,-0.000189,-0.006619,-0.0,-0.006756,-0.001659,-2e-05,-0.008068,-0.0071,-0.000678,-0.0,-0.001408,-0.00015,-8e-06,-0.00494,-0.0,-0.005006,-0.005644,-4e-06,-0.001742,-0.001379,-0.0,-0.007766,-0.000957,-1.9e-05,-0.00309,-0.0,-0.000208,-0.002367,-0.001733,-0.003091,-0.002756,-0.0,-9.5e-05,-0.004191,-0.004369,-0.005555,-8e-06,-0.0,-0.000374,-3.4e-05,-0.0,-0.000386,-0.003983,-0.00781,-0.004708,-0.0,-0.00064,-0.006626,-0.000191,-0.003259,-0.0,-0.00023,-0.002024,-0.000178,-0.000115,-0.004625,-0.005649,-0.0,-0.000316,-9e-06,-0.00085,-1.8e-05,-0.004059,-0.0,-0.002789,-0.008079,-0.000155,-0.000316,-0.003784,-7e-06,-8e-05,-7e-06,-0.00012,-0.004589,-0.005417,-0.0,-0.003777,-0.003953,-0.007091,-0.007062,-0.0,-0.0072,-0.000108,-0.005691,-0.001804,-0.0,-0.000867,-0.007862,-0.005232,-0.005821,-0.005225,-0.007128,-0.000979,-0.001198,-0.001142,-4.7e-05,-0.000268,-0.003291,-0.004116,-0.005006
2017-05-31 15:58:00+02:00,-2e-06,-0.0,-0.000423,-0.005134,-0.000186,-0.000136,-0.000272,-0.00076,-0.004309,-0.000156,-6.1e-05,-8e-06,-0.005532,-0.005677,-0.003214,-0.006263,-0.000226,-1e-06,-0.000151,-0.006583,-0.0,-0.006719,-0.001492,-1.6e-05,-0.008067,-0.007082,-0.0006,-0.0,-0.001326,-0.00012,-6e-06,-0.004934,-0.0,-0.004984,-0.005758,-3e-06,-0.001565,-0.001223,-0.0,-0.007889,-0.000857,-1.5e-05,-0.002942,-0.0,-0.000167,-0.002223,-0.001661,-0.00305,-0.002666,-0.0,-7.6e-05,-0.004168,-0.004347,-0.005677,-7e-06,-0.0,-0.000299,-2.7e-05,-0.0,-0.000309,-0.003957,-0.007835,-0.004586,-0.0,-0.000512,-0.006582,-0.000153,-0.003225,-0.0,-0.000184,-0.00194,-0.000142,-9.2e-05,-0.004616,-0.005775,-0.0,-0.000253,-7e-06,-0.000696,-1.4e-05,-0.004034,-0.0,-0.00264,-0.008114,-0.000124,-0.000253,-0.00384,-5e-06,-6.4e-05,-5e-06,-9.6e-05,-0.004586,-0.005532,-0.0,-0.003726,-0.003765,-0.007081,-0.007051,-0.0,-0.007154,-8.7e-05,-0.005604,-0.00173,-0.0,-0.000771,-0.007997,-0.005341,-0.005697,-0.005129,-0.007116,-0.000878,-0.001116,-0.001058,-3.7e-05,-0.000214,-0.00315,-0.003983,-0.005106
2017-05-31 15:59:00+02:00,-2e-06,-0.0,-0.000339,-0.005074,-0.000149,-0.000109,-0.000221,-0.000709,-0.004322,-0.000125,-4.9e-05,-6e-06,-0.00563,-0.00578,-0.003147,-0.00624,-0.000181,-0.0,-0.000121,-0.006583,-0.0,-0.006718,-0.001394,-1.3e-05,-0.008092,-0.007093,-0.000553,-0.0,-0.001273,-9.6e-05,-5e-06,-0.004944,-0.0,-0.004985,-0.005868,-3e-06,-0.001444,-0.001132,-0.0,-0.008001,-0.000798,-1.2e-05,-0.002849,-0.0,-0.000133,-0.00213,-0.001614,-0.003031,-0.002606,-0.0,-6.1e-05,-0.00417,-0.004348,-0.00578,-5e-06,-0.0,-0.000239,-2.2e-05,-0.0,-0.000247,-0.003954,-0.007877,-0.004513,-0.0,-0.00041,-0.006573,-0.000122,-0.003211,-0.0,-0.000147,-0.00189,-0.000114,-7.4e-05,-0.004631,-0.005881,-0.0,-0.000202,-6e-06,-0.000606,-1.1e-05,-0.004031,-0.0,-0.002544,-0.008167,-9.9e-05,-0.000202,-0.003885,-4e-06,-5.1e-05,-4e-06,-7.7e-05,-0.004601,-0.00563,-0.0,-0.003704,-0.003635,-0.007099,-0.007068,-0.0,-0.007138,-6.9e-05,-0.00556,-0.001684,-0.0,-0.000715,-0.008109,-0.005432,-0.00562,-0.005077,-0.007131,-0.00082,-0.001063,-0.001005,-3e-05,-0.000171,-0.00306,-0.0039,-0.005189
2017-05-31 16:00:00+02:00,-2e-06,-0.0,-0.000271,-0.005052,-0.000119,-8.7e-05,-0.000183,-0.000669,-0.004354,-0.0001,-3.9e-05,-5e-06,-0.005713,-0.005867,-0.003115,-0.00625,-0.000145,-0.0,-9.7e-05,-0.00661,-0.0,-0.006745,-0.001319,-1e-05,-0.008154,-0.007132,-0.000517,-0.0,-0.001242,-7.7e-05,-4e-06,-0.004977,-0.0,-0.005011,-0.005961,-2e-06,-0.001368,-0.001062,-0.0,-0.008103,-0.000752,-1e-05,-0.002793,-0.0,-0.000107,-0.002075,-0.001586,-0.003029,-0.002575,-0.0,-4.9e-05,-0.004187,-0.004367,-0.005867,-4e-06,-0.0,-0.000191,-1.7e-05,-0.0,-0.000198,-0.003968,-0.007954,-0.004481,-0.0,-0.00034,-0.006594,-9.8e-05,-0.003213,-0.0,-0.000118,-0.001861,-9.1e-05,-5.9e-05,-0.00466,-0.005972,-0.0,-0.000162,-5e-06,-0.000537,-9e-06,-0.004045,-0.0,-0.002488,-0.008253,-7.9e-05,-0.000162,-0.003926,-3e-06,-4.1e-05,-3e-06,-6.2e-05,-0.004632,-0.005713,-0.0,-0.003705,-0.00356,-0.007144,-0.007112,-0.0,-0.007164,-5.5e-05,-0.005551,-0.001657,-0.0,-0.000671,-0.00821,-0.00551,-0.005592,-0.005061,-0.007174,-0.000775,-0.001032,-0.000972,-2.4e-05,-0.000137,-0.003008,-0.003858,-0.005262
2017-05-31 16:01:00+02:00,-1e-06,-0.0,-0.000265,-0.005074,-9.5e-05,-7e-05,-0.000185,-0.000686,-0.004402,-8e-05,-3.1e-05,-4e-06,-0.005784,-0.005942,-0.003112,-0.006299,-0.000116,-0.0,-7.8e-05,-0.006729,-0.0,-0.006866,-0.001354,-8e-06,-0.008249,-0.007207,-0.000526,-0.0,-0.001233,-6.1e-05,-3e-06,-0.00503,-0.0,-0.005059,-0.006041,-2e-06,-0.001334,-0.001083,-0.0,-0.008194,-0.000766,-8e-06,-0.00284,-0.0,-8.5e-05,-0.002061,-0.001579,-0.003075,-0.002568,-0.0,-3.9e-05,-0.004265,-0.00441,-0.005942,-3e-06,-0.0,-0.000153,-1.4e-05,-0.0,-0.000158,-0.004039,-0.008058,-0.004491,-0.0,-0.000357,-0.006653,-7.8e-05,-0.003263,-0.0,-9.4e-05,-0.001893,-7.3e-05,-4.7e-05,-0.004752,-0.006049,-0.0,-0.000129,-4e-06,-0.000553,-7e-06,-0.004082,-0.0,-0.002474,-0.008368,-6.3e-05,-0.000129,-0.003961,-3e-06,-3.3e-05,-3e-06,-4.9e-05,-0.004684,-0.005784,-0.0,-0.003731,-0.003531,-0.007225,-0.007191,-0.0,-0.007226,-4.4e-05,-0.005584,-0.00168,-0.0,-0.000684,-0.008301,-0.005576,-0.005607,-0.005085,-0.007252,-0.000795,-0.001023,-0.001008,-1.9e-05,-0.00011,-0.003055,-0.003858,-0.005323
2017-05-31 16:02:00+02:00,-1e-06,-0.0,-0.000215,-0.005034,-7.6e-05,-5.6e-05,-0.00017,-0.000681,-0.004405,-6.4e-05,-2.5e-05,-3e-06,-0.005828,-0.00599,-0.003074,-0.006282,-9.3e-05,-0.0,-6.2e-05,-0.006771,-0.0,-0.006907,-0.001344,-7e-06,-0.008261,-0.00721,-0.000515,-0.0,-0.001198,-4.9e-05,-3e-06,-0.005034,-0.0,-0.005059,-0.006093,-1e-06,-0.001261,-0.001066,-0.0,-0.008244,-0.000754,-6e-06,-0.002827,-0.0,-6.8e-05,-0.002002,-0.001548,-0.003082,-0.002532,-0.0,-3.1e-05,-0.004292,-0.004407,-0.00599,-3e-06,-0.0,-0.000122,-1.1e-05,-0.0,-0.000127,-0.004062,-0.008081,-0.004445,-0.0,-0.000324,-0.006643,-6.2e-05,-0.003274,-0.0,-7.5e-05,-0.001889,-5.8e-05,-3.8e-05,-0.00479,-0.0061,-0.0,-0.000104,-3e-06,-0.000532,-6e-06,-0.004075,-0.0,-0.002413,-0.008395,-5.1e-05,-0.000104,-0.003975,-2e-06,-2.6e-05,-2e-06,-3.9e-05,-0.004688,-0.005828,-0.0,-0.003716,-0.003458,-0.007233,-0.007198,-0.0,-0.007218,-3.5e-05,-0.005554,-0.001673,-0.0,-0.000673,-0.008351,-0.005616,-0.005566,-0.005053,-0.007258,-0.000788,-0.000988,-0.001009,-1.5e-05,-8.8e-05,-0.003044,-0.003807,-0.005359
2017-05-31 16:03:00+02:00,-1e-06,-0.0,-0.000172,-0.004939,-6.1e-05,-4.5e-05,-0.000148,-0.000663,-0.004366,-5.1e-05,-2e-05,-3e-06,-0.005855,-0.00602,-0.003007,-0.006201,-7.4e-05,-0.0,-5e-05,-0.006736,-0.0,-0.00687,-0.001311,-5e-06,-0.008194,-0.007139,-0.000495,-0.0,-0.001145,-3.9e-05,-2e-06,-0.004991,-0.0,-0.005013,-0.006105,-1e-06,-0.001165,-0.001029,-0.0,-0.008246,-0.00073,-5e-06,-0.002767,-0.0,-5.5e-05,-0.00191,-0.001498,-0.003053,-0.002473,-0.0,-2.5e-05,-0.004269,-0.004358,-0.00602,-2e-06,-0.0,-9.8e-05,-9e-06,-0.0,-0.000101,-0.004038,-0.008023,-0.004348,-0.0,-0.00026,-0.006566,-5e-05,-0.003246,-0.0,-6e-05,-0.001854,-4.7e-05,-3e-05,-0.004774,-0.006133,-0.0,-8.3e-05,-2e-06,-0.000493,-5e-06,-0.004027,-0.0,-0.002317,-0.008338,-4.1e-05,-8.3e-05,-0.003975,-2e-06,-2.1e-05,-2e-06,-3.2e-05,-0.004645,-0.005855,-0.0,-0.003661,-0.00335,-0.007168,-0.007133,-0.0,-0.007144,-2.8e-05,-0.005465,-0.00164,-0.0,-0.00065,-0.008374,-0.005639,-0.005475,-0.004966,-0.00719,-0.000767,-0.000936,-0.000983,-1.2e-05,-7e-05,-0.002986,-0.003711,-0.005378
2017-05-31 16:04:00+02:00,-1e-06,-0.0,-0.000138,-0.004866,-4.9e-05,-3.6e-05,-0.000129,-0.000646,-0.004325,-4.1e-05,-1.6e-05,-2e-06,-0.005878,-0.006046,-0.002949,-0.006134,-5.9e-05,-0.0,-4e-05,-0.006704,-0.0,-0.006836,-0.001279,-4e-06,-0.008123,-0.007077,-0.000477,-0.0,-0.001106,-3.1e-05,-2e-06,-0.004948,-0.0,-0.004967,-0.006102,-1e-06,-0.001089,-0.000996,-0.0,-0.008226,-0.000708,-4e-06,-0.002724,-0.0,-4.4e-05,-0.001843,-0.00146,-0.003028,-0.00242,-0.0,-2e-05,-0.004251,-0.00432,-0.006046,-2e-06,-0.0,-7.8e-05,-7e-06,-0.0,-8.1e-05,-0.004018,-0.007959,-0.004275,-0.0,-0.000218,-0.006502,-4e-05,-0.003221,-0.0,-4.8e-05,-0.001829,-3.7e-05,-2.4e-05,-0.00476,-0.006162,-0.0,-6.6e-05,-2e-06,-0.000459,-4e-06,-0.003988,-0.0,-0.002246,-0.008275,-3.2e-05,-6.6e-05,-0.003966,-1e-06,-1.7e-05,-1e-06,-2.5e-05,-0.004609,-0.005878,-0.0,-0.00362,-0.003259,-0.007112,-0.007076,-0.0,-0.007069,-2.3e-05,-0.005395,-0.001616,-0.0,-0.000628,-0.008393,-0.005659,-0.00539,-0.004898,-0.007131,-0.000747,-0.000898,-0.000966,-1e-05,-5.6e-05,-0.002943,-0.003638,-0.005394
2017-05-31 16:05:00+02:00,-1e-06,-0.0,-0.000113,-0.004815,-3.9e-05,-2.9e-05,-0.000113,-0.00063,-0.004295,-3.3e-05,-1.3e-05,-2e-06,-0.005893,-0.006064,-0.002911,-0.006087,-4.7e-05,-0.0,-3.2e-05,-0.006705,-0.0,-0.006836,-0.001249,-3e-06,-0.008074,-0.007032,-0.000461,-0.0,-0.00108,-2.5e-05,-1e-06,-0.004918,-0.0,-0.004937,-0.006106,-1e-06,-0.001039,-0.000965,-0.0,-0.008215,-0.000688,-3e-06,-0.002721,-0.0,-3.5e-05,-0.0018,-0.001432,-0.003021,-0.002383,-0.0,-1.6e-05,-0.004256,-0.004295,-0.006064,-1e-06,-0.0,-6.3e-05,-6e-06,-0.0,-6.5e-05,-0.00402,-0.007912,-0.004224,-0.0,-0.000211,-0.006455,-3.2e-05,-0.003215,-0.0,-3.9e-05,-0.001829,-3e-05,-1.9e-05,-0.004771,-0.006182,-0.0,-5.3e-05,-2e-06,-0.00043,-3e-06,-0.003961,-0.0,-0.002199,-0.008229,-2.6e-05,-5.3e-05,-0.003931,-1e-06,-1.3e-05,-1e-06,-2e-05,-0.004584,-0.005893,-0.0,-0.003594,-0.003195,-0.007071,-0.007035,-0.0,-0.007014,-1.8e-05,-0.005346,-0.001611,-0.0,-0.000609,-0.008398,-0.00567,-0.005331,-0.004851,-0.007087,-0.000729,-0.000873,-0.000969,-8e-06,-4.5e-05,-0.00294,-0.003589,-0.005401
2017-05-31 16:06:00+02:00,-0.0,-0.0,-9.2e-05,-0.004753,-3.1e-05,-2.3e-05,-0.000101,-0.000617,-0.004262,-2.6e-05,-1e-05,-1e-06,-0.005905,-0.006078,-0.002875,-0.006026,-3.8e-05,-0.0,-2.5e-05,-0.006697,-0.0,-0.006827,-0.001225,-3e-06,-0.008018,-0.006972,-0.000447,-0.0,-0.001052,-2e-05,-1e-06,-0.004886,-0.0,-0.004905,-0.006099,-1e-06,-0.000994,-0.000941,-0.0,-0.008186,-0.000673,-3e-06,-0.002714,-0.0,-2.8e-05,-0.001751,-0.001402,-0.003011,-0.002346,-0.0,-1.3e-05,-0.004255,-0.004261,-0.006078,-1e-06,-0.0,-5e-05,-5e-06,-0.0,-5.2e-05,-0.004017,-0.007857,-0.004163,-0.0,-0.000204,-0.006395,-2.6e-05,-0.003204,-0.0,-3.1e-05,-0.001827,-2.4e-05,-1.5e-05,-0.004776,-0.0062,-0.0,-4.2e-05,-1e-06,-0.000408,-2e-06,-0.003925,-0.0,-0.002147,-0.008174,-2.1e-05,-4.2e-05,-0.003907,-1e-06,-1.1e-05,-1e-06,-1.6e-05,-0.004551,-0.005905,-0.0,-0.00356,-0.003135,-0.007016,-0.006979,-0.0,-0.006956,-1.5e-05,-0.005284,-0.001605,-0.0,-0.000594,-0.008398,-0.005679,-0.005271,-0.004792,-0.007028,-0.000714,-0.000846,-0.00097,-6e-06,-3.6e-05,-0.002933,-0.003531,-0.005406
2017-05-31 16:07:00+02:00,-0.0,-0.0,-9.5e-05,-0.004723,-2.5e-05,-1.8e-05,-0.0001,-0.000616,-0.004245,-2.1e-05,-8e-06,-1e-06,-0.005918,-0.006095,-0.002861,-0.005995,-3e-05,-0.0,-2e-05,-0.006707,-0.0,-0.006837,-0.001224,-2e-06,-0.007994,-0.006942,-0.000445,-0.0,-0.001039,-1.6e-05,-1e-06,-0.004874,-0.0,-0.004895,-0.006109,-0.0,-0.000976,-0.00094,-0.0,-0.00818,-0.000673,-2e-06,-0.002728,-0.0,-2.2e-05,-0.001732,-0.001385,-0.003011,-0.002327,-0.0,-1e-05,-0.004269,-0.004249,-0.006095,-1e-06,-0.0,-4e-05,-4e-06,-0.0,-4.1e-05,-0.004028,-0.007829,-0.004134,-0.0,-0.00022,-0.006364,-2e-05,-0.003204,-0.0,-2.5e-05,-0.001838,-1.9e-05,-1.2e-05,-0.004796,-0.006218,-0.0,-3.4e-05,-1e-06,-0.000408,-2e-06,-0.00391,-0.0,-0.002125,-0.008149,-1.7e-05,-3.4e-05,-0.003901,-1e-06,-9e-06,-1e-06,-1.3e-05,-0.004538,-0.005918,-0.0,-0.003549,-0.003105,-0.00699,-0.006952,-0.0,-0.006927,-1.2e-05,-0.005254,-0.001609,-0.0,-0.000593,-0.0084,-0.005689,-0.00524,-0.004764,-0.006999,-0.000715,-0.000835,-0.000983,-5e-06,-2.9e-05,-0.002946,-0.003503,-0.005413
2017-05-31 16:08:00+02:00,-0.0,-0.0,-9.5e-05,-0.004664,-2e-05,-1.5e-05,-9.4e-05,-0.000608,-0.00423,-1.7e-05,-7e-06,-1e-06,-0.005927,-0.006106,-0.002849,-0.005937,-2.4e-05,-0.0,-1.6e-05,-0.006712,-0.0,-0.006841,-0.001211,-2e-06,-0.007974,-0.006884,-0.000438,-0.0,-0.001016,-1.3e-05,-1e-06,-0.004864,-0.0,-0.004887,-0.006118,-0.0,-0.00096,-0.000928,-0.0,-0.008174,-0.000665,-2e-06,-0.002737,-0.0,-1.8e-05,-0.001692,-0.001358,-0.003008,-0.002311,-0.0,-8e-06,-0.004278,-0.004215,-0.006106,-1e-06,-0.0,-3.2e-05,-3e-06,-0.0,-3.3e-05,-0.004034,-0.007806,-0.004078,-0.0,-0.000229,-0.006306,-1.6e-05,-0.003201,-0.0,-2e-05,-0.001845,-1.5e-05,-1e-05,-0.00481,-0.006232,-0.0,-2.7e-05,-1e-06,-0.000397,-2e-06,-0.003876,-0.0,-0.002081,-0.008127,-1.3e-05,-2.7e-05,-0.003883,-1e-06,-7e-06,-1e-06,-1e-05,-0.004505,-0.005927,-0.0,-0.003515,-0.003079,-0.006937,-0.006898,-0.0,-0.006903,-9e-06,-0.005195,-0.00161,-0.0,-0.000585,-0.008388,-0.005695,-0.005215,-0.004708,-0.006943,-0.000707,-0.000813,-0.000991,-4e-06,-2.3e-05,-0.002954,-0.003451,-0.005416
2017-05-31 16:09:00+02:00,-0.0,-0.0,-0.000119,-0.004646,-1.6e-05,-1.2e-05,-9.7e-05,-0.00061,-0.004233,-1.3e-05,-5e-06,-1e-06,-0.005933,-0.006115,-0.002861,-0.005918,-1.9e-05,-0.0,-1.3e-05,-0.006719,-0.0,-0.006847,-0.001218,-1e-06,-0.007991,-0.006865,-0.000439,-0.0,-0.001013,-1e-05,-1e-06,-0.004875,-0.0,-0.004901,-0.006144,-0.0,-0.000978,-0.000934,-0.0,-0.008197,-0.000669,-1e-06,-0.002761,-0.0,-1.4e-05,-0.00169,-0.00135,-0.003006,-0.002313,-0.0,-7e-06,-0.004285,-0.004207,-0.006115,-1e-06,-0.0,-2.6e-05,-2e-06,-0.0,-2.7e-05,-0.004038,-0.007816,-0.004062,-0.0,-0.000262,-0.006288,-1.3e-05,-0.003198,-0.0,-1.6e-05,-0.00186,-1.2e-05,-8e-06,-0.004821,-0.006243,-0.0,-2.2e-05,-1e-06,-0.000405,-1e-06,-0.003864,-0.0,-0.002078,-0.008139,-1.1e-05,-2.2e-05,-0.003876,-0.0,-5e-06,-0.0,-8e-06,-0.004495,-0.005933,-0.0,-0.003508,-0.003089,-0.006923,-0.006883,-0.0,-0.006914,-7e-06,-0.005176,-0.001618,-0.0,-0.000589,-0.00839,-0.005698,-0.005225,-0.004692,-0.006925,-0.000712,-0.000813,-0.00101,-3e-06,-1.8e-05,-0.002976,-0.003439,-0.005416
2017-05-31 16:10:00+02:00,-0.0,-0.0,-0.000156,-0.004645,-1.3e-05,-9e-06,-0.000119,-0.000635,-0.004219,-1.1e-05,-4e-06,-1e-06,-0.005932,-0.006117,-0.002865,-0.005913,-1.6e-05,-0.0,-1e-05,-0.006727,-0.0,-0.006853,-0.00127,-1e-06,-0.007975,-0.006859,-0.00046,-0.0,-0.001021,-8e-06,-0.0,-0.004865,-0.0,-0.004897,-0.006147,-0.0,-0.000993,-0.000983,-0.0,-0.008189,-0.0007,-1e-06,-0.002793,-0.0,-1.1e-05,-0.001706,-0.001349,-0.003006,-0.002308,-0.0,-5e-06,-0.004293,-0.004207,-0.006117,-0.0,-0.0,-2.1e-05,-2e-06,-0.0,-2.1e-05,-0.004044,-0.007799,-0.004064,-0.0,-0.000306,-0.006282,-1e-05,-0.003195,-0.0,-1.3e-05,-0.00188,-1e-05,-6e-06,-0.004833,-0.006247,-0.0,-1.7e-05,-1e-06,-0.000454,-1e-06,-0.003861,-0.0,-0.002091,-0.008122,-9e-06,-1.7e-05,-0.003841,-0.0,-4e-06,-0.0,-7e-06,-0.004493,-0.005932,-0.0,-0.003514,-0.00309,-0.00692,-0.00688,-0.0,-0.006899,-6e-06,-0.005173,-0.00163,-0.0,-0.000618,-0.008355,-0.005685,-0.005218,-0.004692,-0.006919,-0.000744,-0.000821,-0.001033,-3e-06,-1.5e-05,-0.003006,-0.003443,-0.005391
2017-05-31 16:11:00+02:00,-0.0,-0.0,-0.000178,-0.004645,-1e-05,-7e-06,-0.000136,-0.000653,-0.0042,-9e-06,-3e-06,-0.0,-0.005884,-0.006081,-0.002867,-0.005906,-1.2e-05,-0.0,-8e-06,-0.006704,-0.0,-0.006829,-0.001309,-1e-06,-0.007949,-0.006848,-0.000476,-0.0,-0.001028,-7e-06,-0.0,-0.004853,-0.0,-0.004889,-0.006142,-0.0,-0.001007,-0.00102,-0.0,-0.008166,-0.000724,-1e-06,-0.002802,-0.0,-9e-06,-0.001722,-0.001348,-0.00299,-0.0023,-0.0,-4e-06,-0.004282,-0.004208,-0.006081,-0.0,-0.0,-1.6e-05,-1e-06,-0.0,-1.7e-05,-0.004032,-0.007769,-0.004066,-0.0,-0.000332,-0.006273,-8e-06,-0.003178,-0.0,-1e-05,-0.001886,-8e-06,-5e-06,-0.004825,-0.006223,-0.0,-1.4e-05,-0.0,-0.000493,-1e-06,-0.003858,-0.0,-0.002106,-0.008092,-7e-06,-1.4e-05,-0.003781,-0.0,-4e-06,-0.0,-5e-06,-0.004491,-0.005884,-0.0,-0.003521,-0.003087,-0.006914,-0.006873,-0.0,-0.006876,-5e-06,-0.005169,-0.001629,-0.0,-0.00064,-0.008264,-0.005635,-0.005205,-0.004692,-0.00691,-0.000769,-0.00083,-0.001043,-2e-06,-1.2e-05,-0.003013,-0.003448,-0.005339
2017-05-31 16:12:00+02:00,-0.0,-0.0,-0.00018,-0.004612,-8e-06,-6e-06,-0.00014,-0.000654,-0.004172,-7e-06,-3e-06,-0.0,-0.005863,-0.006062,-0.002858,-0.005865,-1e-05,-0.0,-7e-06,-0.006647,-0.0,-0.006769,-0.001313,-1e-06,-0.007905,-0.006802,-0.000476,-0.0,-0.001021,-5e-06,-0.0,-0.00483,-0.0,-0.004871,-0.006123,-0.0,-0.001008,-0.001025,-0.0,-0.00812,-0.000727,-1e-06,-0.002784,-0.0,-7e-06,-0.001714,-0.001334,-0.002958,-0.002284,-0.0,-3e-06,-0.004249,-0.004186,-0.006062,-0.0,-0.0,-1.3e-05,-1e-06,-0.0,-1.4e-05,-0.003998,-0.007721,-0.004037,-0.0,-0.000336,-0.00623,-7e-06,-0.003143,-0.0,-8e-06,-0.001875,-6e-06,-4e-06,-0.004793,-0.006207,-0.0,-1.1e-05,-0.0,-0.000501,-1e-06,-0.003833,-0.0,-0.002094,-0.008042,-5e-06,-1.1e-05,-0.00374,-0.0,-3e-06,-0.0,-4e-06,-0.004465,-0.005863,-0.0,-0.003505,-0.003071,-0.006871,-0.006829,-0.0,-0.006836,-4e-06,-0.005133,-0.001614,-0.0,-0.000642,-0.008207,-0.005611,-0.005175,-0.00466,-0.006863,-0.000772,-0.000826,-0.001039,-2e-06,-9e-06,-0.002993,-0.003424,-0.005311
2017-05-31 16:13:00+02:00,-0.0,-0.0,-0.00018,-0.004558,-7e-06,-5e-06,-0.00014,-0.000649,-0.004133,-5e-06,-2e-06,-0.0,-0.00581,-0.006013,-0.002844,-0.0058,-8e-06,-0.0,-5e-06,-0.006577,-0.0,-0.006696,-0.001306,-1e-06,-0.007841,-0.006729,-0.000472,-0.0,-0.001008,-4e-06,-0.0,-0.004797,-0.0,-0.004843,-0.006094,-0.0,-0.001007,-0.00102,-0.0,-0.008027,-0.000723,-1e-06,-0.002759,-0.0,-6e-06,-0.001692,-0.001313,-0.002919,-0.002264,-0.0,-3e-06,-0.004209,-0.004148,-0.006013,-0.0,-0.0,-1.1e-05,-1e-06,-0.0,-1.1e-05,-0.003957,-0.007657,-0.003989,-0.0,-0.000338,-0.006162,-5e-06,-0.003102,-0.0,-6e-06,-0.001859,-5e-06,-3e-06,-0.004753,-0.00616,-0.0,-9e-06,-0.0,-0.000502,-0.0,-0.003793,-0.0,-0.002068,-0.007976,-4e-06,-9e-06,-0.003675,-0.0,-2e-06,-0.0,-3e-06,-0.004423,-0.00581,-0.0,-0.003475,-0.003048,-0.006802,-0.00676,-0.0,-0.006781,-3e-06,-0.005073,-0.001596,-0.0,-0.000639,-0.008111,-0.005556,-0.005136,-0.004607,-0.006791,-0.000769,-0.000814,-0.001032,-1e-06,-8e-06,-0.002966,-0.003383,-0.005253
2017-05-31 16:14:00+02:00,-0.0,-0.0,-0.000167,-0.004485,-5e-06,-4e-06,-0.000135,-0.000637,-0.004083,-4e-06,-2e-06,-0.0,-0.005768,-0.005973,-0.002825,-0.005714,-6e-06,-0.0,-4e-06,-0.006469,-0.0,-0.006585,-0.001284,-0.0,-0.007757,-0.006632,-0.000461,-0.0,-0.000987,-3e-06,-0.0,-0.004753,-0.0,-0.004805,-0.006053,-0.0,-0.001003,-0.001001,-0.0,-0.007944,-0.00071,-0.0,-0.002711,-0.0,-5e-06,-0.00166,-0.001286,-0.002863,-0.002238,-0.0,-2e-06,-0.004144,-0.004096,-0.005973,-0.0,-0.0,-8e-06,-1e-06,-0.0,-9e-06,-0.003893,-0.007577,-0.003924,-0.0,-0.000325,-0.006072,-4e-06,-0.003042,-0.0,-5e-06,-0.001829,-4e-06,-3e-06,-0.004687,-0.006122,-0.0,-7e-06,-0.0,-0.000489,-0.0,-0.00374,-0.0,-0.00203,-0.007894,-3e-06,-7e-06,-0.003619,-0.0,-2e-06,-0.0,-3e-06,-0.004366,-0.005768,-0.0,-0.003431,-0.003018,-0.006709,-0.006667,-0.0,-0.00671,-2e-06,-0.004995,-0.001565,-0.0,-0.000627,-0.008026,-0.00551,-0.005085,-0.004537,-0.006695,-0.000756,-0.000797,-0.001013,-1e-06,-6e-06,-0.002915,-0.003327,-0.005205
2017-05-31 16:15:00+02:00,-0.0,-0.0,-0.000162,-0.004421,-4e-06,-3e-06,-0.00013,-0.000623,-0.004034,-4e-06,-1e-06,-0.0,-0.005739,-0.005946,-0.002808,-0.005636,-5e-06,-0.0,-3e-06,-0.00637,-0.0,-0.006482,-0.00126,-0.0,-0.007676,-0.006544,-0.00045,-0.0,-0.000972,-3e-06,-0.0,-0.00471,-0.0,-0.004767,-0.00601,-0.0,-0.001004,-0.000981,-0.0,-0.007873,-0.000697,-0.0,-0.00267,-0.0,-4e-06,-0.001637,-0.001262,-0.002811,-0.002215,-0.0,-2e-06,-0.004084,-0.004048,-0.005946,-0.0,-0.0,-7e-06,-1e-06,-0.0,-7e-06,-0.003834,-0.007499,-0.003868,-0.0,-0.00032,-0.00599,-3e-06,-0.002986,-0.0,-4e-06,-0.001802,-3e-06,-2e-06,-0.004626,-0.006097,-0.0,-6e-06,-0.0,-0.000477,-0.0,-0.003692,-0.0,-0.002,-0.007812,-3e-06,-6e-06,-0.00358,-0.0,-1e-06,-0.0,-2e-06,-0.004313,-0.005739,-0.0,-0.003393,-0.002993,-0.006623,-0.006581,-0.0,-0.006642,-2e-06,-0.004925,-0.001537,-0.0,-0.000614,-0.007977,-0.005479,-0.005037,-0.004475,-0.006607,-0.000742,-0.000785,-0.000998,-1e-06,-5e-06,-0.002871,-0.00328,-0.005173
2017-05-31 16:16:00+02:00,-0.0,-0.0,-0.00013,-0.00429,-3e-06,-2e-06,-0.000159,-0.000663,-0.004024,-3e-06,-1e-06,-0.0,-0.005701,-0.005909,-0.002833,-0.005474,-4e-06,-0.0,-3e-06,-0.006254,-0.0,-0.006361,-0.001341,-0.0,-0.007668,-0.006345,-0.000477,-0.0,-0.000932,-2e-06,-0.0,-0.004712,-0.0,-0.00478,-0.006021,-0.0,-0.001047,-0.001047,-0.0,-0.007862,-0.000739,-0.0,-0.002604,-0.0,-3e-06,-0.001569,-0.001216,-0.002749,-0.002223,-0.0,-1e-06,-0.004009,-0.003936,-0.005909,-0.0,-0.0,-5e-06,-0.0,-0.0,-6e-06,-0.003761,-0.007508,-0.003751,-0.0,-0.000278,-0.005815,-3e-06,-0.002921,-0.0,-3e-06,-0.001759,-3e-06,-2e-06,-0.004548,-0.006062,-0.0,-5e-06,-0.0,-0.000542,-0.0,-0.003585,-0.0,-0.001924,-0.007821,-2e-06,-5e-06,-0.003548,-0.0,-1e-06,-0.0,-2e-06,-0.004187,-0.005701,-0.0,-0.003302,-0.003022,-0.006423,-0.00638,-0.0,-0.006645,-2e-06,-0.004783,-0.001498,-0.0,-0.000653,-0.007938,-0.005441,-0.005056,-0.004347,-0.006404,-0.000791,-0.000749,-0.000973,-1e-06,-4e-06,-0.002804,-0.003178,-0.005134
2017-05-31 16:17:00+02:00,-0.0,-0.0,-0.000111,-0.004204,-3e-06,-2e-06,-0.000185,-0.000697,-0.004017,-2e-06,-1e-06,-0.0,-0.005702,-0.00591,-0.002862,-0.005363,-3e-06,-0.0,-2e-06,-0.006171,-0.0,-0.006275,-0.001412,-0.0,-0.007669,-0.006205,-0.000502,-0.0,-0.000909,-2e-06,-0.0,-0.004719,-0.0,-0.004797,-0.006031,-0.0,-0.001095,-0.001107,-0.0,-0.007862,-0.000776,-0.0,-0.002562,-0.0,-2e-06,-0.001533,-0.001186,-0.002703,-0.002236,-0.0,-1e-06,-0.003956,-0.00386,-0.00591,-0.0,-0.0,-4e-06,-0.0,-0.0,-4e-06,-0.003709,-0.007525,-0.003675,-0.0,-0.000258,-0.005694,-2e-06,-0.002873,-0.0,-3e-06,-0.001732,-2e-06,-1e-06,-0.004493,-0.006064,-0.0,-4e-06,-0.0,-0.000602,-0.0,-0.003512,-0.0,-0.001881,-0.007838,-2e-06,-4e-06,-0.003536,-0.0,-1e-06,-0.0,-1e-06,-0.004099,-0.005702,-0.0,-0.003243,-0.003056,-0.006282,-0.00624,-0.0,-0.006655,-1e-06,-0.004687,-0.001471,-0.0,-0.000688,-0.007938,-0.005441,-0.005081,-0.004263,-0.006261,-0.000834,-0.00073,-0.00096,-1e-06,-3e-06,-0.002761,-0.003113,-0.005134
2017-05-31 16:18:00+02:00,-0.0,-0.0,-0.000105,-0.004145,-2e-06,-2e-06,-0.00021,-0.000728,-0.004024,-2e-06,-1e-06,-0.0,-0.005708,-0.005918,-0.002898,-0.005287,-3e-06,-0.0,-2e-06,-0.006121,-0.0,-0.006221,-0.001479,-0.0,-0.007696,-0.006108,-0.000526,-0.0,-0.000895,-1e-06,-0.0,-0.004739,-0.0,-0.004825,-0.006045,-0.0,-0.001147,-0.001163,-0.0,-0.007876,-0.000812,-0.0,-0.002539,-0.0,-2e-06,-0.001512,-0.001165,-0.002672,-0.002255,-0.0,-1e-06,-0.003922,-0.003807,-0.005918,-0.0,-0.0,-3e-06,-0.0,-0.0,-9e-06,-0.003675,-0.007563,-0.003624,-0.0,-0.000251,-0.005611,-4e-06,-0.00284,-0.0,-2e-06,-0.001716,-2e-06,-1e-06,-0.004459,-0.006072,-0.0,-3e-06,-0.0,-0.000659,-0.0,-0.00346,-0.0,-0.001855,-0.007877,-1e-06,-3e-06,-0.003541,-0.0,-1e-06,-0.0,-1e-06,-0.004037,-0.005708,-0.0,-0.003203,-0.003101,-0.006185,-0.006142,-0.0,-0.006687,-1e-06,-0.004622,-0.001454,-0.0,-0.000721,-0.007952,-0.005447,-0.005123,-0.004206,-0.006161,-0.000874,-0.000718,-0.000955,-0.0,-2e-06,-0.002736,-0.003071,-0.00514
2017-05-31 16:19:00+02:00,-0.0,-0.0,-0.000107,-0.004122,-2e-06,-1e-06,-0.000232,-0.000757,-0.00404,-1e-06,-1e-06,-0.0,-0.005715,-0.005925,-0.002936,-0.005253,-2e-06,-0.0,-1e-06,-0.006093,-0.0,-0.006189,-0.00154,-0.0,-0.00774,-0.00606,-0.000547,-0.0,-0.000893,-1e-06,-0.0,-0.004767,-0.0,-0.004861,-0.006059,-0.0,-0.001199,-0.001216,-0.0,-0.007893,-0.000845,-0.0,-0.002527,-0.0,-2e-06,-0.001511,-0.001157,-0.002652,-0.002277,-0.0,-1e-06,-0.0039,-0.003782,-0.005925,-0.0,-0.0,-3e-06,-0.0,-0.0,-1.9e-05,-0.003653,-0.007618,-0.003605,-0.0,-0.000253,-0.005573,-8e-06,-0.002818,-0.0,-4e-06,-0.001706,-1e-06,-1e-06,-0.004438,-0.00608,-0.0,-2e-06,-0.0,-0.00071,-0.0,-0.003435,-0.0,-0.001851,-0.007932,-1e-06,-2e-06,-0.003545,-0.0,-1e-06,-0.0,-1e-06,-0.004005,-0.005715,-0.0,-0.003187,-0.00315,-0.006138,-0.006095,-0.0,-0.006734,-1e-06,-0.004594,-0.001443,-0.0,-0.000752,-0.007968,-0.005454,-0.005174,-0.004185,-0.006112,-0.00091,-0.000717,-0.000954,-0.0,-2e-06,-0.002723,-0.003058,-0.005145
2017-05-31 16:20:00+02:00,-0.0,-0.0,-0.000116,-0.004128,-1e-06,-1e-06,-0.000254,-0.000786,-0.004064,-1e-06,-0.0,-0.0,-0.005728,-0.005939,-0.002979,-0.005254,-2e-06,-0.0,-1e-06,-0.006072,-0.0,-0.006165,-0.001601,-0.0,-0.007801,-0.006052,-0.000569,-0.0,-0.0009,-1e-06,-0.0,-0.004804,-0.0,-0.004904,-0.006078,-0.0,-0.001252,-0.001269,-0.0,-0.007919,-0.000878,-0.0,-0.002528,-0.0,-1e-06,-0.001528,-0.001159,-0.002632,-0.002304,-0.0,-1e-06,-0.003882,-0.00378,-0.005939,-0.0,-0.0,-2e-06,-0.0,-0.0,-3.5e-05,-0.003635,-0.007686,-0.003614,-0.0,-0.000263,-0.005571,-1.5e-05,-0.002801,-0.0,-1e-05,-0.001705,-1e-06,-1e-06,-0.00442,-0.006095,-0.0,-2e-06,-0.0,-0.000761,-0.0,-0.003431,-0.0,-0.001867,-0.008002,-1e-06,-2e-06,-0.003554,-0.0,-0.0,-0.0,-1e-06,-0.003999,-0.005728,-0.0,-0.003192,-0.003205,-0.006132,-0.006088,-0.0,-0.006795,-1e-06,-0.004598,-0.001439,-0.0,-0.000782,-0.007994,-0.005466,-0.005236,-0.004193,-0.006103,-0.000946,-0.000725,-0.000959,-0.0,-2e-06,-0.002723,-0.003069,-0.005157
2017-05-31 16:21:00+02:00,-0.0,-0.0,-0.00012,-0.004145,-1e-06,-1e-06,-0.000271,-0.000808,-0.004087,-1e-06,-0.0,-0.0,-0.005739,-0.005951,-0.003017,-0.005266,-1e-06,-0.0,-1e-06,-0.006046,-0.0,-0.006137,-0.001649,-0.0,-0.007858,-0.006058,-0.000586,-0.0,-0.00091,-1e-06,-0.0,-0.00484,-0.0,-0.004947,-0.006094,-0.0,-0.001295,-0.001311,-0.0,-0.007936,-0.000904,-0.0,-0.002526,-0.0,-1e-06,-0.001549,-0.001163,-0.002613,-0.002326,-0.0,-0.0,-0.003863,-0.00379,-0.005951,-0.0,-0.0,-2e-06,-0.0,-0.0,-4.7e-05,-0.003615,-0.007745,-0.00363,-0.0,-0.000267,-0.005581,-2e-05,-0.00278,-0.0,-1.5e-05,-0.001702,-1e-06,-1e-06,-0.004403,-0.006108,-0.0,-1e-06,-0.0,-0.000801,-0.0,-0.003437,-0.0,-0.001887,-0.008064,-1e-06,-1e-06,-0.003555,-0.0,-0.0,-0.0,-1e-06,-0.004004,-0.005739,-0.0,-0.003207,-0.003249,-0.00614,-0.006095,-0.0,-0.006848,-1e-06,-0.004612,-0.001433,-0.0,-0.000807,-0.008009,-0.005475,-0.005288,-0.004209,-0.006108,-0.000975,-0.000736,-0.000962,-0.0,-1e-06,-0.00272,-0.003087,-0.005165
2017-05-31 16:22:00+02:00,-0.0,-0.0,-0.000115,-0.004144,-1e-06,-1e-06,-0.000276,-0.000815,-0.004088,-1e-06,-0.0,-0.0,-0.005743,-0.005957,-0.003029,-0.005259,-1e-06,-0.0,-1e-06,-0.006013,-0.0,-0.006102,-0.001665,-0.0,-0.00787,-0.006044,-0.00059,-0.0,-0.000912,-1e-06,-0.0,-0.004849,-0.0,-0.004961,-0.006104,-0.0,-0.001308,-0.001324,-0.0,-0.007935,-0.000913,-0.0,-0.002514,-0.0,-1e-06,-0.001555,-0.00116,-0.002593,-0.002328,-0.0,-0.0,-0.003843,-0.00379,-0.005957,-0.0,-0.0,-1e-06,-0.0,-0.0,-4.1e-05,-0.003595,-0.007755,-0.003631,-0.0,-0.000262,-0.005572,-1.7e-05,-0.002757,-0.0,-1.2e-05,-0.001695,-1e-06,-0.0,-0.004384,-0.006115,-0.0,-1e-06,-0.0,-0.000814,-0.0,-0.003433,-0.0,-0.001892,-0.008075,-1e-06,-1e-06,-0.003513,-0.0,-0.0,-0.0,-0.0,-0.003999,-0.005743,-0.0,-0.003212,-0.00326,-0.006128,-0.006083,-0.0,-0.006858,-0.0,-0.004608,-0.001423,-0.0,-0.000814,-0.008005,-0.005478,-0.005299,-0.004208,-0.006094,-0.000985,-0.000738,-0.000958,-0.0,-1e-06,-0.002707,-0.003088,-0.005166
2017-05-31 16:23:00+02:00,-0.0,-0.0,-0.000103,-0.004143,-1e-06,-1e-06,-0.000274,-0.000811,-0.004071,-1e-06,-0.0,-0.0,-0.005743,-0.005958,-0.003026,-0.00525,-1e-06,-0.0,-1e-06,-0.005964,-0.0,-0.006051,-0.001662,-0.0,-0.00785,-0.006027,-0.000586,-0.0,-0.000913,-0.0,-0.0,-0.004839,-0.0,-0.004955,-0.00611,-0.0,-0.001307,-0.001319,-0.0,-0.007904,-0.000909,-0.0,-0.002489,-0.0,-1e-06,-0.001561,-0.001157,-0.002565,-0.002318,-0.0,-0.0,-0.003813,-0.003787,-0.005958,-0.0,-0.0,-1e-06,-0.0,-0.0,-3.3e-05,-0.003564,-0.007733,-0.003631,-0.0,-0.000248,-0.00556,-1.4e-05,-0.002726,-0.0,-1e-05,-0.001679,-1e-06,-0.0,-0.004354,-0.006119,-0.0,-1e-06,-0.0,-0.000811,-0.0,-0.003428,-0.0,-0.001897,-0.008054,-0.0,-1e-06,-0.003482,-0.0,-0.0,-0.0,-0.0,-0.003992,-0.005743,-0.0,-0.003216,-0.00325,-0.006113,-0.006067,-0.0,-0.00684,-0.0,-0.004603,-0.001407,-0.0,-0.00081,-0.007973,-0.005469,-0.005286,-0.004207,-0.006075,-0.000982,-0.000741,-0.000948,-0.0,-1e-06,-0.002682,-0.00309,-0.005146
2017-05-31 16:24:00+02:00,-0.0,-0.0,-9.9e-05,-0.004121,-1e-06,-0.0,-0.000269,-0.000803,-0.004035,-0.0,-0.0,-0.0,-0.005696,-0.005923,-0.003007,-0.005218,-1e-06,-0.0,-0.0,-0.005942,-0.0,-0.006027,-0.001648,-0.0,-0.007792,-0.005986,-0.000577,-0.0,-0.000907,-0.0,-0.0,-0.004808,-0.0,-0.004928,-0.006093,-0.0,-0.001291,-0.001305,-0.0,-0.007804,-0.0009,-0.0,-0.002476,-0.0,-1e-06,-0.001553,-0.001146,-0.002548,-0.002295,-0.0,-0.0,-0.003803,-0.003771,-0.005923,-0.0,-0.0,-1e-06,-0.0,-0.0,-2.6e-05,-0.003553,-0.007673,-0.003611,-0.0,-0.000244,-0.005525,-1.1e-05,-0.002709,-0.0,-8e-06,-0.001672,-0.0,-0.0,-0.004348,-0.006093,-0.0,-1e-06,-0.0,-0.000801,-0.0,-0.003408,-0.0,-0.001887,-0.007992,-0.0,-1e-06,-0.003413,-0.0,-0.0,-0.0,-0.0,-0.003971,-0.005696,-0.0,-0.003208,-0.00322,-0.006074,-0.006027,-0.0,-0.006788,-0.0,-0.004576,-0.001396,-0.0,-0.000801,-0.00787,-0.005418,-0.005244,-0.004185,-0.006034,-0.000974,-0.000736,-0.000943,-0.0,-1e-06,-0.002669,-0.003074,-0.005092
2017-05-31 16:25:00+02:00,-0.0,-0.0,-8.3e-05,-0.004074,-0.0,-0.0,-0.00026,-0.000788,-0.003988,-0.0,-0.0,-0.0,-0.00565,-0.005878,-0.002981,-0.005159,-1e-06,-0.0,-0.0,-0.005881,-0.0,-0.005963,-0.001621,-0.0,-0.007713,-0.005916,-0.000564,-0.0,-0.000893,-0.0,-0.0,-0.004764,-0.0,-0.004888,-0.006051,-0.0,-0.00127,-0.001281,-0.0,-0.00772,-0.000884,-0.0,-0.00244,-0.0,-0.0,-0.00153,-0.001126,-0.002514,-0.002265,-0.0,-0.0,-0.003769,-0.003736,-0.005878,-0.0,-0.0,-1e-06,-0.0,-0.0,-2.1e-05,-0.003518,-0.007595,-0.003568,-0.0,-0.000226,-0.005462,-9e-06,-0.002673,-0.0,-6e-06,-0.00165,-0.0,-0.0,-0.004314,-0.006051,-0.0,-1e-06,-0.0,-0.000781,-0.0,-0.003372,-0.0,-0.001861,-0.007911,-0.0,-1e-06,-0.003355,-0.0,-0.0,-0.0,-0.0,-0.00393,-0.00565,-0.0,-0.003181,-0.00318,-0.006005,-0.005958,-0.0,-0.006718,-0.0,-0.004524,-0.001373,-0.0,-0.000786,-0.007785,-0.005369,-0.005189,-0.004139,-0.005963,-0.000958,-0.000724,-0.000926,-0.0,-1e-06,-0.002632,-0.003037,-0.005042
2017-05-31 16:26:00+02:00,-0.0,-0.0,-6.6e-05,-0.004013,-0.0,-0.0,-0.00024,-0.00076,-0.00394,-0.0,-0.0,-0.0,-0.005649,-0.005878,-0.002953,-0.005086,-0.0,-0.0,-0.0,-0.005794,-0.0,-0.005873,-0.001566,-0.0,-0.007633,-0.005832,-0.000539,-0.0,-0.000873,-0.0,-0.0,-0.004719,-0.0,-0.004846,-0.006036,-0.0,-0.00125,-0.001232,-0.0,-0.007709,-0.000851,-0.0,-0.002392,-0.0,-0.0,-0.001496,-0.001102,-0.002469,-0.002235,-0.0,-0.0,-0.003716,-0.003689,-0.005878,-0.0,-0.0,-1e-06,-0.0,-0.0,-1.7e-05,-0.003466,-0.007519,-0.003513,-0.0,-0.000201,-0.005385,-7e-06,-0.002625,-0.0,-5e-06,-0.001619,-0.0,-0.0,-0.004257,-0.006051,-0.0,-0.0,-0.0,-0.000735,-0.0,-0.003325,-0.0,-0.001823,-0.007831,-0.0,-0.0,-0.003345,-0.0,-0.0,-0.0,-0.0,-0.003878,-0.005649,-0.0,-0.003142,-0.003142,-0.005923,-0.005876,-0.0,-0.006649,-0.0,-0.004459,-0.001344,-0.0,-0.000755,-0.007786,-0.005367,-0.005136,-0.004081,-0.00588,-0.000925,-0.000705,-0.000904,-0.0,-0.0,-0.002583,-0.002987,-0.005037
2017-05-31 16:27:00+02:00,-0.0,-0.0,-6.6e-05,-0.003989,-0.0,-0.0,-0.000231,-0.000746,-0.003919,-0.0,-0.0,-0.0,-0.005652,-0.005882,-0.002953,-0.005053,-0.0,-0.0,-0.0,-0.005742,-0.0,-0.005818,-0.001541,-0.0,-0.007606,-0.005791,-0.000527,-0.0,-0.000868,-0.0,-0.0,-0.004705,-0.0,-0.004838,-0.006043,-0.0,-0.00126,-0.00121,-0.0,-0.007719,-0.000836,-0.0,-0.002372,-0.0,-0.0,-0.001491,-0.001091,-0.002439,-0.002227,-0.0,-0.0,-0.003685,-0.003668,-0.005882,-0.0,-0.0,-0.0,-0.0,-0.0,-1.3e-05,-0.003435,-0.007492,-0.003492,-0.0,-0.000201,-0.005349,-6e-06,-0.002594,-0.0,-4e-06,-0.001605,-0.0,-0.0,-0.004223,-0.006055,-0.0,-0.0,-0.0,-0.000716,-0.0,-0.003303,-0.0,-0.001815,-0.007803,-0.0,-0.0,-0.003345,-0.0,-0.0,-0.0,-0.0,-0.003853,-0.005652,-0.0,-0.003129,-0.003139,-0.005884,-0.005837,-0.0,-0.006628,-0.0,-0.004431,-0.001329,-0.0,-0.000741,-0.007793,-0.005369,-0.005124,-0.004058,-0.005839,-0.000909,-0.000702,-0.000897,-0.0,-0.0,-0.002561,-0.002971,-0.005039
2017-05-31 16:28:00+02:00,-0.0,-0.0,-9.2e-05,-0.003994,-0.0,-0.0,-0.00024,-0.000752,-0.003912,-0.0,-0.0,-0.0,-0.005644,-0.005878,-0.002969,-0.005051,-0.0,-0.0,-0.0,-0.005753,-0.0,-0.005827,-0.001559,-0.0,-0.007605,-0.005784,-0.000533,-0.0,-0.000875,-0.0,-0.0,-0.004708,-0.0,-0.004847,-0.006046,-0.0,-0.001287,-0.001229,-0.0,-0.007721,-0.000847,-0.0,-0.00239,-0.0,-0.0,-0.001509,-0.001091,-0.002436,-0.002229,-0.0,-0.0,-0.003693,-0.00367,-0.005878,-0.0,-0.0,-0.0,-0.0,-0.0,-1.5e-05,-0.003441,-0.00749,-0.003499,-0.0,-0.000229,-0.005345,-6e-06,-0.00259,-0.0,-3e-06,-0.001616,-0.0,-0.0,-0.004237,-0.006056,-0.0,-0.0,-0.0,-0.000739,-0.0,-0.003301,-0.0,-0.001831,-0.0078,-0.0,-0.0,-0.003315,-0.0,-0.0,-0.0,-0.0,-0.00385,-0.005644,-0.0,-0.003139,-0.003155,-0.005879,-0.005832,-0.0,-0.006632,-0.0,-0.004433,-0.001332,-0.0,-0.000751,-0.007787,-0.005358,-0.005135,-0.004064,-0.005832,-0.000921,-0.000711,-0.000908,-0.0,-0.0,-0.002578,-0.002981,-0.005024
2017-05-31 16:29:00+02:00,-0.0,-0.0,-0.000108,-0.003988,-0.0,-0.0,-0.00024,-0.000747,-0.003895,-0.0,-0.0,-0.0,-0.005622,-0.005858,-0.002975,-0.005038,-0.0,-0.0,-0.0,-0.005757,-0.0,-0.005829,-0.001553,-0.0,-0.007586,-0.005765,-0.000529,-0.0,-0.000878,-0.0,-0.0,-0.0047,-0.0,-0.004844,-0.00604,-0.0,-0.001301,-0.001227,-0.0,-0.0077,-0.000844,-0.0,-0.002397,-0.0,-0.0,-0.001517,-0.001087,-0.00243,-0.002224,-0.0,-0.0,-0.003698,-0.003663,-0.005858,-0.0,-0.0,-0.0,-0.0,-0.0,-1.2e-05,-0.003443,-0.007472,-0.003496,-0.0,-0.000246,-0.005329,-5e-06,-0.002584,-0.0,-2e-06,-0.00162,-0.0,-0.0,-0.004246,-0.00604,-0.0,-0.0,-0.0,-0.00074,-0.0,-0.00329,-0.0,-0.001838,-0.00778,-0.0,-0.0,-0.003284,-0.0,-0.0,-0.0,-0.0,-0.003839,-0.005622,-0.0,-0.003139,-0.00316,-0.005863,-0.005815,-0.0,-0.00662,-0.0,-0.004423,-0.001331,-0.0,-0.000748,-0.007757,-0.005334,-0.005132,-0.004059,-0.005813,-0.000918,-0.000715,-0.000914,-0.0,-0.0,-0.002586,-0.002981,-0.004998
2017-05-31 16:30:00+02:00,-0.0,-0.0,-0.00011,-0.003962,-0.0,-0.0,-0.000233,-0.000734,-0.003868,-0.0,-0.0,-0.0,-0.005592,-0.00583,-0.002969,-0.005005,-0.0,-0.0,-0.0,-0.005741,-0.0,-0.00581,-0.001532,-0.0,-0.007549,-0.005725,-0.000519,-0.0,-0.000871,-0.0,-0.0,-0.004679,-0.0,-0.004827,-0.006013,-0.0,-0.001302,-0.001208,-0.0,-0.007679,-0.000831,-0.0,-0.002389,-0.0,-0.0,-0.00151,-0.001076,-0.002414,-0.002211,-0.0,-0.0,-0.003685,-0.00364,-0.00583,-0.0,-0.0,-0.0,-0.0,-0.0,-9e-06,-0.003429,-0.007439,-0.003474,-0.0,-0.000248,-0.005293,-4e-06,-0.002567,-0.0,-2e-06,-0.001613,-0.0,-0.0,-0.004235,-0.006013,-0.0,-0.0,-0.0,-0.000725,-0.0,-0.003266,-0.0,-0.001828,-0.007743,-0.0,-0.0,-0.003256,-0.0,-0.0,-0.0,-0.0,-0.003811,-0.005592,-0.0,-0.003123,-0.003152,-0.005825,-0.005777,-0.0,-0.006594,-0.0,-0.004395,-0.001322,-0.0,-0.000736,-0.007733,-0.005302,-0.005115,-0.004036,-0.005774,-0.000904,-0.000709,-0.00091,-0.0,-0.0,-0.002577,-0.002964,-0.004966
2017-05-31 16:31:00+02:00,-0.0,-0.0,-0.000109,-0.00384,-0.0,-0.0,-0.00022,-0.000715,-0.003794,-0.0,-0.0,-0.0,-0.005592,-0.00583,-0.002906,-0.004877,-0.0,-0.0,-0.0,-0.005721,-0.0,-0.005786,-0.001495,-0.0,-0.007418,-0.005589,-0.000502,-0.0,-0.000828,-0.0,-0.0,-0.004596,-0.0,-0.004743,-0.005929,-0.0,-0.001246,-0.001176,-0.0,-0.007577,-0.000808,-0.0,-0.002377,-0.0,-0.0,-0.001434,-0.001033,-0.002396,-0.002158,-0.0,-0.0,-0.00367,-0.003547,-0.00583,-0.0,-0.0,-0.0,-0.0,-0.0,-7e-06,-0.003413,-0.0073,-0.003363,-0.0,-0.000246,-0.005162,-3e-06,-0.002548,-0.0,-2e-06,-0.001604,-0.0,-0.0,-0.004222,-0.006014,-0.0,-0.0,-0.0,-0.000697,-0.0,-0.00318,-0.0,-0.001745,-0.007596,-0.0,-0.0,-0.003245,-0.0,-0.0,-0.0,-0.0,-0.003717,-0.005592,-0.0,-0.003033,-0.003075,-0.005691,-0.005645,-0.0,-0.00648,-0.0,-0.00427,-0.001312,-0.0,-0.000715,-0.007733,-0.005302,-0.005017,-0.003918,-0.00564,-0.000881,-0.000669,-0.000904,-0.0,-0.0,-0.002566,-0.002865,-0.004964
2017-05-31 16:32:00+02:00,-0.0,-0.0,-0.00013,-0.003774,-0.0,-0.0,-0.00022,-0.00071,-0.003739,-0.0,-0.0,-0.0,-0.005596,-0.005835,-0.002872,-0.004806,-0.0,-0.0,-0.0,-0.005724,-0.0,-0.005788,-0.00149,-0.0,-0.007325,-0.005515,-0.000498,-0.0,-0.000807,-0.0,-0.0,-0.004541,-0.0,-0.004691,-0.005881,-0.0,-0.001222,-0.001173,-0.0,-0.007515,-0.000805,-0.0,-0.002389,-0.0,-0.0,-0.0014,-0.001008,-0.00239,-0.002126,-0.0,-0.0,-0.003673,-0.003498,-0.005835,-0.0,-0.0,-0.0,-0.0,-0.0,-6e-06,-0.003414,-0.007208,-0.003304,-0.0,-0.000268,-0.00509,-2e-06,-0.002542,-0.0,-1e-06,-0.001611,-0.0,-0.0,-0.004229,-0.006019,-0.0,-0.0,-0.0,-0.000697,-0.0,-0.003133,-0.0,-0.001706,-0.007499,-0.0,-0.0,-0.003228,-0.0,-0.0,-0.0,-0.0,-0.003667,-0.005596,-0.0,-0.002986,-0.003032,-0.005618,-0.005573,-0.0,-0.006403,-0.0,-0.004201,-0.001313,-0.0,-0.000711,-0.007734,-0.005305,-0.004956,-0.003854,-0.005567,-0.000878,-0.00065,-0.000913,-0.0,-0.0,-0.002578,-0.002814,-0.004966
2017-05-31 16:33:00+02:00,-0.0,-0.0,-0.000144,-0.003717,-0.0,-0.0,-0.000216,-0.000702,-0.003691,-0.0,-0.0,-0.0,-0.005588,-0.005835,-0.002846,-0.004744,-0.0,-0.0,-0.0,-0.005713,-0.0,-0.005776,-0.001477,-0.0,-0.007245,-0.005448,-0.000491,-0.0,-0.000789,-0.0,-0.0,-0.004497,-0.0,-0.00465,-0.005844,-0.0,-0.001203,-0.001163,-0.0,-0.007455,-0.000798,-0.0,-0.002392,-0.0,-0.0,-0.001371,-0.000987,-0.002378,-0.002098,-0.0,-0.0,-0.003671,-0.003459,-0.005835,-0.0,-0.0,-0.0,-0.0,-0.0,-5e-06,-0.00341,-0.007125,-0.003253,-0.0,-0.000283,-0.005026,-2e-06,-0.002529,-0.0,-1e-06,-0.001614,-0.0,-0.0,-0.004231,-0.006021,-0.0,-0.0,-0.0,-0.000691,-0.0,-0.003094,-0.0,-0.001673,-0.007413,-0.0,-0.0,-0.003172,-0.0,-0.0,-0.0,-0.0,-0.003626,-0.005588,-0.0,-0.002949,-0.002996,-0.005554,-0.005508,-0.0,-0.006335,-0.0,-0.00414,-0.001309,-0.0,-0.000705,-0.007656,-0.005289,-0.004902,-0.003798,-0.005501,-0.000871,-0.000634,-0.000917,-0.0,-0.0,-0.00258,-0.00277,-0.004941
2017-05-31 16:34:00+02:00,-0.0,-0.0,-0.000149,-0.003651,-0.0,-0.0,-0.000207,-0.000685,-0.003637,-0.0,-0.0,-0.0,-0.00553,-0.005781,-0.002818,-0.004668,-0.0,-0.0,-0.0,-0.005668,-0.0,-0.005729,-0.001446,-0.0,-0.007152,-0.005365,-0.000477,-0.0,-0.00077,-0.0,-0.0,-0.004447,-0.0,-0.004604,-0.005797,-0.0,-0.001183,-0.001135,-0.0,-0.007374,-0.00078,-0.0,-0.002376,-0.0,-0.0,-0.001339,-0.000962,-0.00235,-0.002066,-0.0,-0.0,-0.003649,-0.003413,-0.005781,-0.0,-0.0,-0.0,-0.0,-0.0,-4e-06,-0.003386,-0.007028,-0.003194,-0.0,-0.000287,-0.004947,-1e-06,-0.0025,-0.0,-1e-06,-0.001605,-0.0,-0.0,-0.004211,-0.005974,-0.0,-0.0,-0.0,-0.000669,-0.0,-0.003047,-0.0,-0.001636,-0.007312,-0.0,-0.0,-0.003088,-0.0,-0.0,-0.0,-0.0,-0.003577,-0.00553,-0.0,-0.002908,-0.002954,-0.005473,-0.005427,-0.0,-0.006253,-0.0,-0.004069,-0.001295,-0.0,-0.000688,-0.007527,-0.005227,-0.004839,-0.003732,-0.005419,-0.000853,-0.000617,-0.000912,-0.0,-0.0,-0.002562,-0.002718,-0.004875
2017-05-31 16:35:00+02:00,-0.0,-0.0,-0.000149,-0.003571,-0.0,-0.0,-0.000197,-0.000666,-0.003579,-0.0,-0.0,-0.0,-0.005511,-0.005763,-0.002788,-0.004574,-0.0,-0.0,-0.0,-0.005604,-0.0,-0.005662,-0.001411,-0.0,-0.007051,-0.00526,-0.000461,-0.0,-0.000747,-0.0,-0.0,-0.004393,-0.0,-0.004554,-0.005744,-0.0,-0.001164,-0.001105,-0.0,-0.007283,-0.00076,-0.0,-0.002349,-0.0,-0.0,-0.0013,-0.000933,-0.002315,-0.002033,-0.0,-0.0,-0.003615,-0.003354,-0.005763,-0.0,-0.0,-0.0,-0.0,-0.0,-3e-06,-0.003352,-0.006924,-0.003122,-0.0,-0.000286,-0.004849,-1e-06,-0.002462,-0.0,-1e-06,-0.001588,-0.0,-0.0,-0.004177,-0.005959,-0.0,-0.0,-0.0,-0.000646,-0.0,-0.00299,-0.0,-0.001592,-0.007205,-0.0,-0.0,-0.003043,-0.0,-0.0,-0.0,-0.0,-0.003514,-0.005511,-0.0,-0.002856,-0.00291,-0.005369,-0.005324,-0.0,-0.006164,-0.0,-0.003983,-0.001276,-0.0,-0.000669,-0.007469,-0.005205,-0.004771,-0.003653,-0.005314,-0.000832,-0.000597,-0.000902,-0.0,-0.0,-0.002533,-0.002656,-0.004849
2017-05-31 16:36:00+02:00,-0.0,-0.0,-0.000155,-0.003513,-0.0,-0.0,-0.000189,-0.00065,-0.003542,-0.0,-0.0,-0.0,-0.005512,-0.005765,-0.002775,-0.004504,-0.0,-0.0,-0.0,-0.005554,-0.0,-0.00561,-0.001382,-0.0,-0.006991,-0.005181,-0.000448,-0.0,-0.000732,-0.0,-0.0,-0.00436,-0.0,-0.004525,-0.005711,-0.0,-0.001164,-0.00108,-0.0,-0.007224,-0.000744,-0.0,-0.002331,-0.0,-0.0,-0.001276,-0.000912,-0.002287,-0.002013,-0.0,-0.0,-0.003588,-0.003309,-0.005765,-0.0,-0.0,-0.0,-0.0,-0.0,-2e-06,-0.003324,-0.006856,-0.00307,-0.0,-0.000291,-0.004776,-1e-06,-0.002432,-0.0,-1e-06,-0.001577,-0.0,-0.0,-0.004149,-0.005961,-0.0,-0.0,-0.0,-0.000628,-0.0,-0.002946,-0.0,-0.001563,-0.007134,-0.0,-0.0,-0.003043,-0.0,-0.0,-0.0,-0.0,-0.003465,-0.005512,-0.0,-0.002818,-0.00289,-0.005291,-0.005246,-0.0,-0.006111,-0.0,-0.003919,-0.001261,-0.0,-0.000654,-0.007475,-0.005206,-0.004732,-0.003595,-0.005235,-0.000816,-0.000584,-0.000897,-0.0,-0.0,-0.002513,-0.002612,-0.00485
2017-05-31 16:37:00+02:00,-0.0,-0.0,-0.00018,-0.003495,-0.0,-0.0,-0.000188,-0.000643,-0.003518,-0.0,-0.0,-0.0,-0.005497,-0.005753,-0.00278,-0.004481,-0.0,-0.0,-0.0,-0.005536,-0.0,-0.00559,-0.001371,-0.0,-0.006959,-0.005153,-0.000442,-0.0,-0.000732,-0.0,-0.0,-0.004345,-0.0,-0.004515,-0.005699,-0.0,-0.001181,-0.001073,-0.0,-0.007197,-0.000739,-0.0,-0.002338,-0.0,-0.0,-0.00128,-0.000905,-0.002272,-0.002006,-0.0,-0.0,-0.003579,-0.003296,-0.005753,-0.0,-0.0,-0.0,-0.0,-0.0,-2e-06,-0.003314,-0.00682,-0.003057,-0.0,-0.000316,-0.00475,-1e-06,-0.002415,-0.0,-0.0,-0.00158,-0.0,-0.0,-0.004143,-0.005953,-0.0,-0.0,-0.0,-0.000626,-0.0,-0.00293,-0.0,-0.001564,-0.007096,-0.0,-0.0,-0.003021,-0.0,-0.0,-0.0,-0.0,-0.003449,-0.005497,-0.0,-0.00281,-0.002893,-0.005265,-0.00522,-0.0,-0.006087,-0.0,-0.003898,-0.001258,-0.0,-0.000648,-0.007476,-0.005189,-0.00472,-0.003577,-0.005208,-0.00081,-0.000586,-0.000904,-0.0,-0.0,-0.002518,-0.002603,-0.004831
2017-05-31 16:38:00+02:00,-0.0,-0.0,-0.000202,-0.00348,-0.0,-0.0,-0.000186,-0.000635,-0.00349,-0.0,-0.0,-0.0,-0.00549,-0.005749,-0.002779,-0.004459,-0.0,-0.0,-0.0,-0.005519,-0.0,-0.005571,-0.00136,-0.0,-0.006919,-0.005127,-0.000436,-0.0,-0.000732,-0.0,-0.0,-0.004324,-0.0,-0.004499,-0.005677,-0.0,-0.001193,-0.001065,-0.0,-0.007157,-0.000733,-0.0,-0.002342,-0.0,-0.0,-0.001285,-0.000898,-0.002257,-0.001996,-0.0,-0.0,-0.003571,-0.003285,-0.005749,-0.0,-0.0,-0.0,-0.0,-0.0,-2e-06,-0.003303,-0.006775,-0.003046,-0.0,-0.000338,-0.004727,-1e-06,-0.002399,-0.0,-0.0,-0.001583,-0.0,-0.0,-0.004138,-0.005952,-0.0,-0.0,-0.0,-0.000623,-0.0,-0.002916,-0.0,-0.001567,-0.007047,-0.0,-0.0,-0.002994,-0.0,-0.0,-0.0,-0.0,-0.003435,-0.00549,-0.0,-0.002805,-0.002889,-0.00524,-0.005195,-0.0,-0.006056,-0.0,-0.00388,-0.001255,-0.0,-0.000642,-0.007462,-0.005178,-0.004701,-0.003563,-0.005182,-0.000803,-0.000588,-0.00091,-0.0,-0.0,-0.002522,-0.002597,-0.004817
2017-05-31 16:39:00+02:00,-0.0,-0.0,-0.000237,-0.003483,-0.0,-0.0,-0.00019,-0.000635,-0.003468,-0.0,-0.0,-0.0,-0.005484,-0.005747,-0.002785,-0.004457,-0.0,-0.0,-0.0,-0.005527,-0.0,-0.005577,-0.001364,-0.0,-0.00689,-0.005121,-0.000436,-0.0,-0.000741,-0.0,-0.0,-0.00431,-0.0,-0.004491,-0.005664,-0.0,-0.001213,-0.001073,-0.0,-0.007126,-0.000737,-0.0,-0.002365,-0.0,-0.0,-0.001305,-0.000898,-0.002252,-0.00199,-0.0,-0.0,-0.00358,-0.003287,-0.005747,-0.0,-0.0,-2e-06,-0.0,-0.0,-1e-06,-0.003309,-0.00674,-0.003052,-0.0,-0.000374,-0.004723,-0.0,-0.002394,-0.0,-0.0,-0.001596,-0.0,-0.0,-0.004151,-0.005951,-0.0,-0.0,-0.0,-0.000634,-0.0,-0.002914,-0.0,-0.001584,-0.00701,-0.0,-0.0,-0.002967,-0.0,-0.0,-0.0,-0.0,-0.003434,-0.005484,-0.0,-0.002813,-0.002894,-0.005236,-0.005191,-0.0,-0.006034,-0.0,-0.00388,-0.001259,-0.0,-0.000646,-0.007443,-0.005171,-0.004692,-0.003567,-0.005177,-0.000807,-0.000598,-0.000925,-0.0,-0.0,-0.002543,-0.002607,-0.004806
2017-05-31 16:40:00+02:00,-0.0,-0.0,-0.000257,-0.00346,-0.0,-0.0,-0.000189,-0.000629,-0.00344,-0.0,-0.0,-0.0,-0.00547,-0.005734,-0.002782,-0.004426,-0.0,-0.0,-0.0,-0.005515,-0.0,-0.005563,-0.001356,-0.0,-0.00685,-0.005085,-0.000431,-0.0,-0.000737,-0.0,-0.0,-0.00429,-0.0,-0.004475,-0.005642,-0.0,-0.001221,-0.001067,-0.0,-0.007086,-0.000733,-0.0,-0.002369,-0.0,-0.0,-0.001301,-0.000887,-0.002238,-0.001978,-0.0,-0.0,-0.003574,-0.003269,-0.005734,-0.0,-0.0,-2e-06,-0.0,-0.0,-1e-06,-0.003302,-0.006697,-0.003033,-0.0,-0.000394,-0.00469,-0.0,-0.002379,-0.0,-0.0,-0.001599,-0.0,-0.0,-0.004149,-0.005941,-0.0,-0.0,-0.0,-0.000633,-0.0,-0.002893,-0.0,-0.001579,-0.006964,-0.0,-0.0,-0.002935,-0.0,-0.0,-0.0,-0.0,-0.003411,-0.00547,-0.0,-0.002801,-0.002888,-0.005201,-0.005156,-0.0,-0.006003,-0.0,-0.003854,-0.001255,-0.0,-0.000642,-0.007417,-0.005153,-0.004672,-0.003545,-0.005141,-0.000802,-0.000596,-0.000931,-0.0,-0.0,-0.002546,-0.002592,-0.004785
2017-05-31 16:41:00+02:00,-0.0,-0.0,-0.000222,-0.0034,-0.0,-0.0,-0.000167,-0.000597,-0.003385,-0.0,-0.0,-0.0,-0.00543,-0.005697,-0.002741,-0.004366,-0.0,-0.0,-0.0,-0.005437,-0.0,-0.005482,-0.001291,-0.0,-0.006755,-0.005022,-0.000404,-0.0,-0.000712,-0.0,-0.0,-0.004234,-0.0,-0.004421,-0.00558,-0.0,-0.001181,-0.001006,-0.0,-0.006994,-0.000693,-0.0,-0.002314,-0.0,-0.0,-0.001259,-0.000862,-0.002195,-0.00194,-0.0,-0.0,-0.003525,-0.003229,-0.005697,-0.0,-0.0,-2e-06,-0.0,-0.0,-1e-06,-0.003253,-0.006602,-0.002977,-0.0,-0.000356,-0.004629,-0.0,-0.002334,-0.0,-0.0,-0.001564,-0.0,-0.0,-0.004098,-0.005907,-0.0,-0.0,-0.0,-0.000579,-0.0,-0.002854,-0.0,-0.001533,-0.006864,-0.0,-0.0,-0.002879,-0.0,-0.0,-0.0,-0.0,-0.003371,-0.00543,-0.0,-0.002763,-0.002833,-0.005139,-0.005095,-0.0,-0.005921,-0.0,-0.003794,-0.001224,-0.0,-0.000605,-0.007344,-0.00511,-0.004602,-0.003489,-0.005079,-0.000762,-0.000573,-0.000903,-0.0,-0.0,-0.002491,-0.002541,-0.00474
2017-05-31 16:42:00+02:00,-0.0,-0.0,-0.000184,-0.003333,-0.0,-0.0,-0.000144,-0.000562,-0.003324,-0.0,-0.0,-0.0,-0.0054,-0.005669,-0.002695,-0.004295,-0.0,-0.0,-0.0,-0.005348,-0.0,-0.00539,-0.00122,-0.0,-0.006649,-0.004948,-0.000375,-0.0,-0.000686,-0.0,-0.0,-0.004173,-0.0,-0.00436,-0.00551,-0.0,-0.001137,-0.000941,-0.0,-0.006888,-0.00065,-0.0,-0.002254,-0.0,-0.0,-0.001214,-0.000835,-0.002146,-0.001898,-0.0,-0.0,-0.003469,-0.003183,-0.005669,-0.0,-0.0,-1e-06,-0.0,-0.0,-1e-06,-0.003198,-0.006495,-0.002914,-0.0,-0.000315,-0.004557,-0.0,-0.002284,-0.0,-0.0,-0.001525,-0.0,-0.0,-0.004039,-0.005868,-0.0,-0.0,-0.0,-0.00052,-0.0,-0.002808,-0.0,-0.001484,-0.006751,-0.0,-0.0,-0.002828,-0.0,-0.0,-0.0,-0.0,-0.003324,-0.0054,-0.0,-0.002719,-0.002772,-0.005066,-0.005022,-0.0,-0.005829,-0.0,-0.003726,-0.001189,-0.0,-0.000565,-0.007278,-0.005076,-0.004523,-0.003426,-0.005006,-0.000718,-0.000548,-0.000872,-0.0,-0.0,-0.002431,-0.002484,-0.004702
2017-05-31 16:43:00+02:00,-0.0,-0.0,-0.000154,-0.003287,-0.0,-0.0,-0.00013,-0.00054,-0.003273,-0.0,-0.0,-0.0,-0.0054,-0.00567,-0.002663,-0.004244,-0.0,-0.0,-0.0,-0.005276,-0.0,-0.005316,-0.001177,-0.0,-0.006561,-0.004892,-0.000358,-0.0,-0.000671,-0.0,-0.0,-0.004124,-0.0,-0.004314,-0.005456,-0.0,-0.00111,-0.000903,-0.0,-0.006802,-0.000625,-0.0,-0.002205,-0.0,-0.0,-0.001189,-0.000816,-0.002105,-0.001865,-0.0,-0.0,-0.003424,-0.003151,-0.00567,-0.0,-0.0,-1e-06,-0.0,-0.0,-1e-06,-0.003154,-0.006409,-0.002872,-0.0,-0.000283,-0.004504,-0.0,-0.002242,-0.0,-0.0,-0.001494,-0.0,-0.0,-0.003994,-0.005838,-0.0,-0.0,-0.0,-0.000486,-0.0,-0.002776,-0.0,-0.001455,-0.006661,-0.0,-0.0,-0.002803,-0.0,-0.0,-0.0,-0.0,-0.00329,-0.0054,-0.0,-0.002691,-0.002729,-0.005011,-0.004968,-0.0,-0.005754,-0.0,-0.003678,-0.001161,-0.0,-0.000542,-0.007264,-0.005073,-0.004462,-0.003381,-0.00495,-0.000692,-0.000534,-0.000847,-0.0,-0.0,-0.002382,-0.002447,-0.004696
2017-05-31 16:44:00+02:00,-0.0,-0.0,-0.000157,-0.00326,-0.0,-0.0,-0.000118,-0.000518,-0.003238,-0.0,-0.0,-0.0,-0.005395,-0.00567,-0.002654,-0.004211,-0.0,-0.0,-0.0,-0.005241,-0.0,-0.005279,-0.001134,-0.0,-0.006508,-0.004855,-0.000342,-0.0,-0.000665,-0.0,-0.0,-0.004098,-0.0,-0.004294,-0.005433,-0.0,-0.001109,-0.000869,-0.0,-0.006751,-0.000603,-0.0,-0.00219,-0.0,-0.0,-0.001182,-0.000804,-0.002081,-0.001848,-0.0,-0.0,-0.003407,-0.003134,-0.00567,-0.0,-0.0,-1e-06,-0.0,-0.0,-0.0,-0.003135,-0.006357,-0.002849,-0.0,-0.000285,-0.00447,-0.0,-0.002217,-0.0,-0.0,-0.001485,-0.0,-0.0,-0.003979,-0.005835,-0.0,-0.0,-0.0,-0.000458,-0.0,-0.002756,-0.0,-0.001445,-0.006606,-0.0,-0.0,-0.002766,-0.0,-0.0,-0.0,-0.0,-0.00327,-0.005395,-0.0,-0.002679,-0.002712,-0.004975,-0.004932,-0.0,-0.005711,-0.0,-0.003648,-0.001148,-0.0,-0.000521,-0.007229,-0.005065,-0.004432,-0.003356,-0.004914,-0.000667,-0.00053,-0.000842,-0.0,-0.0,-0.002366,-0.002429,-0.004682
2017-05-31 16:45:00+02:00,-0.0,-0.0,-0.000156,-0.003224,-0.0,-0.0,-9.9e-05,-0.000486,-0.003201,-0.0,-0.0,-0.0,-0.005372,-0.00565,-0.002639,-0.004169,-0.0,-0.0,-0.0,-0.005203,-0.0,-0.005239,-0.001068,-0.0,-0.006448,-0.004809,-0.000317,-0.0,-0.000653,-0.0,-0.0,-0.004066,-0.0,-0.004267,-0.005403,-0.0,-0.0011,-0.000812,-0.0,-0.006695,-0.000566,-0.0,-0.002172,-0.0,-0.0,-0.001164,-0.000788,-0.002056,-0.001827,-0.0,-0.0,-0.003386,-0.003108,-0.00565,-0.0,-0.0,-1e-06,-0.0,-0.0,-0.0,-0.003113,-0.006301,-0.002816,-0.0,-0.000283,-0.004426,-0.0,-0.00219,-0.0,-0.0,-0.001474,-0.0,-0.0,-0.003959,-0.005822,-0.0,-0.0,-0.0,-0.000408,-0.0,-0.002729,-0.0,-0.001425,-0.006547,-0.0,-0.0,-0.002732,-0.0,-0.0,-0.0,-0.0,-0.003243,-0.005372,-0.0,-0.002659,-0.002688,-0.00493,-0.004887,-0.0,-0.005662,-0.0,-0.003609,-0.001133,-0.0,-0.000487,-0.007196,-0.005039,-0.004394,-0.003321,-0.004868,-0.000627,-0.00052,-0.000834,-0.0,-0.0,-0.002347,-0.002401,-0.004655
2017-05-31 16:46:00+02:00,-0.0,-0.0,-0.000155,-0.003143,-0.0,-0.0,-9.5e-05,-0.000468,-0.003112,-0.0,-0.0,-0.0,-0.004953,-0.005222,-0.00258,-0.004076,-0.0,-0.0,-0.0,-0.005106,-0.0,-0.005136,-0.001037,-0.0,-0.006293,-0.004703,-0.000306,-0.0,-0.000632,-0.0,-0.0,-0.003969,-0.0,-0.004173,-0.00529,-0.0,-0.001072,-0.000792,-0.0,-0.006554,-0.00055,-0.0,-0.002129,-0.0,-0.0,-0.001133,-0.000762,-0.002001,-0.001775,-0.0,-0.0,-0.003314,-0.003036,-0.005222,-0.0,-0.0,-1e-06,-0.0,-0.0,-0.0,-0.003044,-0.00616,-0.002747,-0.0,-0.000281,-0.004328,-0.0,-0.002132,-0.0,-0.0,-0.001442,-0.0,-0.0,-0.003883,-0.005437,-0.0,-0.0,-0.0,-0.000397,-0.0,-0.00266,-0.0,-0.001386,-0.006393,-0.0,-0.0,-0.002505,-0.0,-0.0,-0.0,-0.0,-0.003164,-0.004953,-0.0,-0.002599,-0.002626,-0.004821,-0.00478,-0.0,-0.00554,-0.0,-0.003525,-0.001104,-0.0,-0.000472,-0.006728,-0.004635,-0.004297,-0.003246,-0.004762,-0.000608,-0.000503,-0.000815,-0.0,-0.0,-0.002303,-0.002343,-0.004273
2017-05-31 16:47:00+02:00,-0.0,-0.0,-0.000124,-0.00297,-0.0,-0.0,-7.6e-05,-0.000413,-0.002992,-0.0,-0.0,-0.0,-0.004978,-0.005147,-0.00246,-0.003888,-0.0,-0.0,-0.0,-0.004913,-0.0,-0.004939,-0.000915,-0.0,-0.006062,-0.004501,-0.000261,-0.0,-0.000566,-0.0,-0.0,-0.003825,-0.0,-0.004021,-0.005115,-0.0,-0.000964,-0.000678,-0.0,-0.00633,-0.000475,-0.0,-0.001993,-0.0,-0.0,-0.00101,-0.000703,-0.00191,-0.001688,-0.0,-0.0,-0.003184,-0.002898,-0.005241,-0.0,-0.0,-0.0,-0.0,-0.0,-0.0,-0.002921,-0.005941,-0.002585,-0.0,-0.000225,-0.004135,-0.0,-0.002038,-0.0,-0.0,-0.001353,-0.0,-0.0,-0.003737,-0.005319,-0.0,-0.0,-0.0,-0.000318,-0.0,-0.002536,-0.0,-0.001255,-0.006163,-0.0,-0.0,-0.002487,-0.0,-0.0,-0.0,-0.0,-0.003026,-0.004934,-0.0,-0.002466,-0.002485,-0.004616,-0.004578,-0.0,-0.005338,-0.0,-0.003348,-0.001036,-0.0,-0.000405,-0.006741,-0.004639,-0.004122,-0.003078,-0.00456,-0.000533,-0.00044,-0.000745,-0.0,-0.0,-0.002167,-0.002194,-0.004242
2017-05-31 16:48:00+02:00,-0.0,-0.0,-0.000185,-0.002979,-0.0,-0.0,-9.3e-05,-0.000425,-0.002962,-0.0,-0.0,-0.0,-0.004827,-0.005097,-0.002488,-0.003882,-0.0,-0.0,-0.0,-0.004901,-0.0,-0.004923,-0.000954,-0.0,-0.006028,-0.004483,-0.000275,-0.0,-0.000587,-0.0,-0.0,-0.003807,-0.0,-0.004015,-0.005097,-0.0,-0.001033,-0.000726,-0.0,-0.006307,-0.000503,-0.0,-0.002029,-0.0,-0.0,-0.00106,-0.000708,-0.001893,-0.001691,-0.0,-0.0,-0.00317,-0.002889,-0.005097,-0.0,-0.0,-2e-05,-0.0,-0.0,-1e-06,-0.002906,-0.005919,-0.002603,-0.0,-0.00029,-0.004124,-0.0,-0.002018,-0.0,-0.0,-0.001371,-0.0,-0.0,-0.003727,-0.005316,-0.0,-0.0,-0.0,-0.00037,-0.0,-0.002522,-0.0,-0.0013,-0.00613,-0.0,-0.0,-0.002397,-0.0,-0.0,-0.0,-0.0,-0.003008,-0.004827,-0.0,-0.002476,-0.002528,-0.004595,-0.004559,-0.0,-0.00533,-0.0,-0.003351,-0.001041,-0.0,-0.000429,-0.006566,-0.004509,-0.004137,-0.003089,-0.004542,-0.000557,-0.000463,-0.00077,-0.0,-0.0,-0.002201,-0.002221,-0.004146
2017-05-31 16:49:00+02:00,-0.0,-0.0,-0.000148,-0.002789,-0.0,-0.0,-7.5e-05,-0.000354,-0.002833,-0.0,-0.0,-0.0,-0.004814,-0.004989,-0.002358,-0.003674,-0.0,-0.0,-0.0,-0.004693,-0.0,-0.004711,-0.000795,-0.0,-0.005779,-0.004257,-0.00022,-0.0,-0.000515,-0.0,-0.0,-0.003652,-0.0,-0.003853,-0.004909,-0.0,-0.000913,-0.000581,-0.0,-0.00606,-0.000408,-0.0,-0.001883,-0.0,-0.0,-0.000925,-0.000645,-0.001797,-0.001598,-0.0,-0.0,-0.003032,-0.002739,-0.005077,-0.0,-0.0,-1.6e-05,-0.0,-0.0,-0.0,-0.002776,-0.005678,-0.002425,-0.0,-0.000232,-0.003909,-0.0,-0.001919,-0.0,-0.0,-0.001277,-0.0,-0.0,-0.003573,-0.005165,-0.0,-0.0,-0.0,-0.000296,-0.0,-0.002388,-0.0,-0.001156,-0.00588,-0.0,-0.0,-0.002357,-0.0,-0.0,-0.0,-0.0,-0.002857,-0.004773,-0.0,-0.00233,-0.002373,-0.004366,-0.004331,-0.0,-0.005108,-0.0,-0.003155,-0.000969,-0.0,-0.000344,-0.00652,-0.004477,-0.003944,-0.002902,-0.004315,-0.000459,-0.000395,-0.000695,-0.0,-0.0,-0.002053,-0.002056,-0.004085
2017-05-31 16:50:00+02:00,-0.0,-0.0,-0.000201,-0.002844,-0.0,-0.0,-8.8e-05,-0.000374,-0.002855,-0.0,-0.0,-0.0,-0.00489,-0.005088,-0.002429,-0.003722,-0.0,-0.0,-0.0,-0.004744,-0.0,-0.004762,-0.000847,-0.0,-0.005842,-0.004301,-0.000238,-0.0,-0.000547,-0.0,-0.0,-0.003701,-0.0,-0.003916,-0.004975,-0.0,-0.001,-0.000638,-0.0,-0.006119,-0.000445,-0.0,-0.001946,-0.0,-0.0,-0.000991,-0.000661,-0.001809,-0.001631,-0.0,-0.0,-0.003073,-0.002781,-0.005158,-0.0,-0.0,-2.8e-05,-0.0,-0.0,-0.0,-0.002811,-0.005738,-0.002481,-0.0,-0.000294,-0.003955,-0.0,-0.00193,-0.0,-0.0,-0.001317,-0.0,-0.0,-0.003625,-0.005269,-0.0,-0.0,-0.0,-0.000341,-0.0,-0.002419,-0.0,-0.001221,-0.005941,-0.0,-0.0,-0.002387,-0.0,-0.0,-0.0,-0.0,-0.002893,-0.004857,-0.0,-0.002382,-0.002452,-0.004411,-0.004376,-0.0,-0.005172,-0.0,-0.003206,-0.00099,-0.0,-0.000376,-0.006602,-0.004552,-0.004015,-0.002955,-0.004358,-0.000494,-0.000428,-0.000733,-0.0,-0.0,-0.002114,-0.002114,-0.004159
2017-05-31 16:51:00+02:00,-0.0,-0.0,-0.000222,-0.002739,-0.0,-0.0,-8.9e-05,-0.000365,-0.002603,-0.0,-0.0,-0.0,-0.003902,-0.004144,-0.002344,-0.003584,-0.0,-0.0,-0.0,-0.004567,-0.0,-0.004578,-0.000836,-0.0,-0.005536,-0.004134,-0.000235,-0.0,-0.000536,-0.0,-0.0,-0.003532,-0.0,-0.00375,-0.004344,-0.0,-0.000997,-0.00064,-0.0,-0.005379,-0.000441,-0.0,-0.001895,-0.0,-0.0,-0.000986,-0.000636,-0.001723,-0.001558,-0.0,-0.0,-0.002943,-0.002667,-0.004144,-0.0,-0.0,-3.3e-05,-0.0,-0.0,-0.0,-0.002688,-0.005398,-0.002398,-0.0,-0.000316,-0.003806,-0.0,-0.001837,-0.0,-0.0,-0.001274,-0.0,-0.0,-0.00348,-0.004344,-0.0,-0.0,-0.0,-0.000349,-0.0,-0.002312,-0.0,-0.001203,-0.005471,-0.0,-0.0,-0.001862,-0.0,-0.0,-0.0,-0.0,-0.002767,-0.003902,-0.0,-0.002298,-0.002377,-0.004235,-0.004205,-0.0,-0.004966,-0.0,-0.00309,-0.00095,-0.0,-0.000373,-0.005384,-0.003622,-0.003864,-0.002856,-0.004191,-0.000486,-0.000424,-0.000717,-0.0,-0.0,-0.002058,-0.002054,-0.003309
2017-05-31 16:52:00+02:00,-0.0,-0.0,-0.000178,-0.002231,-0.0,-0.0,-7.1e-05,-0.000292,-0.002306,-0.0,-0.0,-0.0,-0.003659,-0.00381,-0.001953,-0.003039,-0.0,-0.0,-0.0,-0.004005,-0.0,-0.004011,-0.000669,-0.0,-0.004894,-0.003554,-0.000188,-0.0,-0.000429,-0.0,-0.0,-0.003116,-0.0,-0.003296,-0.003906,-0.0,-0.000797,-0.000512,-0.0,-0.004825,-0.000352,-0.0,-0.001516,-0.0,-0.0,-0.000789,-0.000509,-0.001486,-0.001306,-0.0,-0.0,-0.002566,-0.002265,-0.003879,-0.0,-0.0,-2.7e-05,-0.0,-0.0,-0.0,-0.002341,-0.004784,-0.001919,-0.0,-0.000253,-0.003247,-0.0,-0.001594,-0.0,-0.0,-0.001019,-0.0,-0.0,-0.00305,-0.003965,-0.0,-0.0,-0.0,-0.000279,-0.0,-0.001964,-0.0,-0.000962,-0.00486,-0.0,-0.0,-0.001723,-0.0,-0.0,-0.0,-0.0,-0.002374,-0.003625,-0.0,-0.001891,-0.001922,-0.003646,-0.00362,-0.0,-0.004369,-0.0,-0.002571,-0.00076,-0.0,-0.000299,-0.005014,-0.003382,-0.003326,-0.002353,-0.003608,-0.000389,-0.000339,-0.000574,-0.0,-0.0,-0.001647,-0.001643,-0.003066
2017-05-31 16:53:00+02:00,-0.0,-0.0,-0.00039,-0.00257,-3.9e-05,-0.0,-0.000137,-0.000385,-0.002524,-4.9e-05,-0.0,-0.0,-0.003959,-0.004139,-0.002267,-0.003374,-9.9e-05,-0.0,-1e-05,-0.004343,-0.0,-0.004351,-0.000895,-0.0,-0.005334,-0.003894,-0.000262,-0.0,-0.000563,-3.5e-05,-0.0,-0.003408,-0.0,-0.003626,-0.004263,-0.0,-0.001101,-0.00073,-0.0,-0.005227,-0.000494,-0.0,-0.001809,-0.0,-1.9e-05,-0.001054,-0.000608,-0.001619,-0.00149,-0.0,-0.0,-0.002807,-0.002525,-0.004194,-0.0,-0.0,-0.000202,-0.0,-0.0,-0.000139,-0.002559,-0.005208,-0.002247,-0.0,-0.000481,-0.003584,-4.9e-05,-0.001728,-0.0,-7.8e-05,-0.001209,-2.7e-05,-0.0,-0.003329,-0.00431,-0.0,-8.6e-05,-0.0,-0.000476,-0.0,-0.002183,-0.0,-0.001241,-0.005309,-0.0,-0.000125,-0.001862,-0.0,-0.0,-0.0,-8e-06,-0.002618,-0.003932,-0.0,-0.002173,-0.002281,-0.003994,-0.003964,-0.0,-0.004771,-0.0,-0.002904,-0.000885,-0.0,-0.000424,-0.005383,-0.003668,-0.003713,-0.002682,-0.003949,-0.000532,-0.000469,-0.000725,-0.0,-7.5e-05,-0.001942,-0.001953,-0.003334
2017-05-31 16:54:00+02:00,-0.0,-0.0,-0.000471,-0.002756,-3.1e-05,-0.0,-0.000162,-0.000426,-0.00265,-4.2e-05,-0.0,-0.0,-0.004197,-0.0044,-0.002446,-0.003561,-9.3e-05,-0.0,-8e-06,-0.004506,-0.0,-0.004514,-0.000997,-0.0,-0.005591,-0.004086,-0.000294,-0.0,-0.000628,-2.8e-05,-0.0,-0.003577,-0.0,-0.00382,-0.004548,-0.0,-0.001258,-0.000826,-0.0,-0.005551,-0.000557,-0.0,-0.001948,-0.0,-1.5e-05,-0.001186,-0.000658,-0.001676,-0.001592,-0.0,-0.0,-0.002922,-0.002671,-0.004444,-0.0,-0.0,-0.000256,-0.0,-0.0,-0.000174,-0.002661,-0.005466,-0.002426,-0.0,-0.000572,-0.003772,-6.1e-05,-0.001787,-0.0,-9.6e-05,-0.0013,-2.2e-05,-0.0,-0.003465,-0.004585,-0.0,-7.4e-05,-0.0,-0.000556,-0.0,-0.002304,-0.0,-0.001381,-0.005588,-0.0,-0.000139,-0.00197,-0.0,-0.0,-0.0,-6e-06,-0.002753,-0.004175,-0.0,-0.002329,-0.002483,-0.004189,-0.004157,-0.0,-0.005007,-0.0,-0.003088,-0.000942,-0.0,-0.000479,-0.005678,-0.003893,-0.003936,-0.002865,-0.004141,-0.000595,-0.000532,-0.000793,-0.0,-6e-05,-0.002085,-0.00212,-0.003546
2017-05-31 16:55:00+02:00,-0.0,-0.0,-0.000512,-0.002873,-2.5e-05,-0.0,-0.000171,-0.000446,-0.002713,-3.4e-05,-0.0,-0.0,-0.004379,-0.004601,-0.002541,-0.003683,-7.4e-05,-0.0,-6e-06,-0.004621,-0.0,-0.004628,-0.001051,-0.0,-0.005722,-0.004211,-0.000309,-0.0,-0.000665,-2.3e-05,-0.0,-0.003664,-0.0,-0.003921,-0.004717,-0.0,-0.001333,-0.000875,-0.0,-0.005741,-0.000588,-0.0,-0.00204,-0.0,-1.2e-05,-0.001261,-0.000685,-0.001713,-0.001641,-0.0,-0.0,-0.003003,-0.002766,-0.004636,-0.0,-0.0,-0.000276,-0.0,-0.0,-0.000173,-0.002732,-0.005597,-0.002539,-0.0,-0.00062,-0.003896,-6e-05,-0.001824,-0.0,-9.3e-05,-0.00136,-1.8e-05,-0.0,-0.003562,-0.004798,-0.0,-5.9e-05,-0.0,-0.000592,-0.0,-0.002381,-0.0,-0.001462,-0.005733,-0.0,-0.000128,-0.002047,-0.0,-0.0,-0.0,-5e-06,-0.002843,-0.004361,-0.0,-0.002431,-0.002588,-0.004318,-0.004285,-0.0,-0.005127,-0.0,-0.003206,-0.000979,-0.0,-0.000506,-0.005903,-0.004065,-0.00405,-0.002981,-0.004267,-0.000628,-0.000566,-0.000836,-0.0,-4.8e-05,-0.002182,-0.002223,-0.003705
2017-05-31 16:56:00+02:00,-0.0,-0.0,-0.000476,-0.002882,-2e-05,-0.0,-0.000156,-0.000434,-0.002712,-2.7e-05,-0.0,-0.0,-0.00452,-0.004753,-0.002547,-0.003693,-5.9e-05,-0.0,-5e-06,-0.004632,-0.0,-0.004637,-0.001027,-0.0,-0.005721,-0.004221,-0.000297,-0.0,-0.000657,-1.8e-05,-0.0,-0.003664,-0.0,-0.003927,-0.004771,-0.0,-0.001316,-0.000848,-0.0,-0.005795,-0.000571,-0.0,-0.00204,-0.0,-1e-05,-0.001247,-0.000679,-0.001707,-0.001636,-0.0,-0.0,-0.003011,-0.002777,-0.004787,-0.0,-0.0,-0.000224,-0.0,-0.0,-0.000138,-0.002737,-0.005605,-0.002547,-0.0,-0.000587,-0.003906,-4.8e-05,-0.001818,-0.0,-7.5e-05,-0.001361,-1.4e-05,-0.0,-0.003576,-0.00492,-0.0,-4.8e-05,-0.0,-0.000557,-0.0,-0.002387,-0.0,-0.001451,-0.005748,-0.0,-0.000103,-0.002102,-0.0,-0.0,-0.0,-4e-06,-0.002851,-0.004506,-0.0,-0.002444,-0.002589,-0.004329,-0.004296,-0.0,-0.005126,-0.0,-0.003215,-0.000976,-0.0,-0.00049,-0.006078,-0.004198,-0.004052,-0.002992,-0.004278,-0.000612,-0.000556,-0.000828,-0.0,-3.8e-05,-0.002185,-0.002227,-0.003828
2017-05-31 16:57:00+02:00,-0.0,-0.0,-0.000428,-0.00288,-1.6e-05,-0.0,-0.000147,-0.000429,-0.002716,-2.2e-05,-0.0,-0.0,-0.004638,-0.004885,-0.002561,-0.003695,-4.8e-05,-0.0,-4e-06,-0.004595,-0.0,-0.004598,-0.001019,-0.0,-0.005737,-0.004227,-0.00029,-0.0,-0.000645,-1.5e-05,-0.0,-0.003677,-0.0,-0.003946,-0.004835,-0.0,-0.001306,-0.000833,-0.0,-0.005859,-0.000562,-0.0,-0.002011,-0.0,-8e-06,-0.001227,-0.00067,-0.001681,-0.001635,-0.0,-0.0,-0.002987,-0.002782,-0.004913,-0.0,-0.0,-0.000179,-0.0,-0.0,-0.000111,-0.002712,-0.005629,-0.002544,-0.0,-0.000539,-0.00391,-3.8e-05,-0.001791,-0.0,-6e-05,-0.001344,-1.1e-05,-0.0,-0.003553,-0.005042,-0.0,-3.8e-05,-0.0,-0.000535,-0.0,-0.002388,-0.0,-0.001432,-0.005779,-0.0,-8.2e-05,-0.002142,-0.0,-0.0,-0.0,-3e-06,-0.002856,-0.004627,-0.0,-0.00245,-0.002597,-0.004335,-0.004302,-0.0,-0.005142,-0.0,-0.003215,-0.00096,-0.0,-0.000481,-0.006221,-0.004308,-0.004065,-0.002993,-0.004284,-0.000606,-0.000543,-0.000808,-0.0,-3.1e-05,-0.002159,-0.002221,-0.003929
2017-05-31 16:58:00+02:00,-0.0,-0.0,-0.000397,-0.002882,-1.3e-05,-0.0,-0.000143,-0.00043,-0.002721,-1.7e-05,-0.0,-0.0,-0.00473,-0.00499,-0.002577,-0.003702,-3.8e-05,-0.0,-3e-06,-0.004581,-0.0,-0.004582,-0.001027,-0.0,-0.005754,-0.004237,-0.000288,-0.0,-0.000637,-1.2e-05,-0.0,-0.003691,-0.0,-0.003967,-0.004893,-0.0,-0.001303,-0.000836,-0.0,-0.005914,-0.000563,-0.0,-0.001997,-0.0,-6e-06,-0.001215,-0.000662,-0.001663,-0.001636,-0.0,-0.0,-0.002979,-0.002792,-0.005012,-0.0,-0.0,-0.000143,-0.0,-0.0,-8.8e-05,-0.002702,-0.005652,-0.002546,-0.0,-0.000509,-0.003918,-3.1e-05,-0.001774,-0.0,-4.8e-05,-0.001337,-9e-06,-0.0,-0.003549,-0.005146,-0.0,-3e-05,-0.0,-0.000531,-0.0,-0.002392,-0.0,-0.001422,-0.005807,-0.0,-6.6e-05,-0.002167,-0.0,-0.0,-0.0,-3e-06,-0.002865,-0.004721,-0.0,-0.00246,-0.002608,-0.004347,-0.004314,-0.0,-0.005158,-0.0,-0.003219,-0.00095,-0.0,-0.000481,-0.006329,-0.004393,-0.00408,-0.002997,-0.004296,-0.00061,-0.000535,-0.000797,-0.0,-2.5e-05,-0.002148,-0.002221,-0.004006
2017-05-31 16:59:00+02:00,-0.0,-0.0,-0.000357,-0.002856,-1e-05,-0.0,-0.00013,-0.000417,-0.0027,-1.4e-05,-0.0,-0.0,-0.004789,-0.005057,-0.002564,-0.003678,-3e-05,-0.0,-3e-06,-0.004549,-0.0,-0.004549,-0.000999,-0.0,-0.005723,-0.004213,-0.000275,-0.0,-0.00062,-9e-06,-0.0,-0.003673,-0.0,-0.003952,-0.004902,-0.0,-0.001274,-0.000806,-0.0,-0.005914,-0.000544,-0.0,-0.001968,-0.0,-5e-06,-0.001185,-0.000647,-0.001639,-0.001618,-0.0,-0.0,-0.002957,-0.002776,-0.005076,-0.0,-0.0,-0.000114,-0.0,-0.0,-7.1e-05,-0.00268,-0.005627,-0.002521,-0.0,-0.00047,-0.003894,-2.5e-05,-0.001749,-0.0,-3.8e-05,-0.001319,-7e-06,-0.0,-0.003529,-0.005192,-0.0,-2.4e-05,-0.0,-0.000498,-0.0,-0.002374,-0.0,-0.001391,-0.005783,-0.0,-5.2e-05,-0.002176,-0.0,-0.0,-0.0,-2e-06,-0.002849,-0.004782,-0.0,-0.002445,-0.002586,-0.004323,-0.004291,-0.0,-0.005132,-0.0,-0.003194,-0.000933,-0.0,-0.000464,-0.006398,-0.004446,-0.004055,-0.002974,-0.004273,-0.000592,-0.000518,-0.000777,-0.0,-2e-05,-0.002122,-0.002196,-0.004053
2017-05-31 17:00:00+02:00,-0.0,-0.0,-0.000324,-0.002817,-8e-06,-0.0,-0.000121,-0.000406,-0.002667,-1.1e-05,-0.0,-0.0,-0.00483,-0.005079,-0.002536,-0.003638,-2.4e-05,-0.0,-2e-06,-0.004514,-0.0,-0.004511,-0.000979,-0.0,-0.005666,-0.004171,-0.000266,-0.0,-0.000601,-7e-06,-0.0,-0.003637,-0.0,-0.003917,-0.004882,-0.0,-0.001241,-0.000785,-0.0,-0.005883,-0.00053,-0.0,-0.00194,-0.0,-4e-06,-0.001151,-0.000629,-0.001615,-0.001592,-0.0,-0.0,-0.002932,-0.002747,-0.005122,-0.0,-0.0,-9.2e-05,-0.0,-0.0,-5.7e-05,-0.002654,-0.005577,-0.002485,-0.0,-0.000436,-0.003853,-2e-05,-0.001723,-0.0,-3.1e-05,-0.0013,-6e-06,-0.0,-0.003504,-0.005198,-0.0,-1.9e-05,-0.0,-0.000475,-0.0,-0.002345,-0.0,-0.001356,-0.005731,-0.0,-4.2e-05,-0.002177,-0.0,-0.0,-0.0,-2e-06,-0.002819,-0.004824,-0.0,-0.002418,-0.002553,-0.004281,-0.004249,-0.0,-0.005085,-0.0,-0.003155,-0.000915,-0.0,-0.00045,-0.006448,-0.004483,-0.004013,-0.002938,-0.004232,-0.000579,-0.000499,-0.000759,-0.0,-1.6e-05,-0.002095,-0.002162,-0.004084
2017-05-31 17:01:00+02:00,-0.0,-0.0,-0.000335,-0.002744,-7e-06,-0.0,-0.000123,-0.000403,-0.002579,-9e-06,-0.0,-0.0,-0.004416,-0.004707,-0.002465,-0.003562,-1.9e-05,-0.0,-2e-06,-0.004438,-0.0,-0.004431,-0.000982,-0.0,-0.005503,-0.004092,-0.000264,-0.0,-0.000576,-6e-06,-0.0,-0.003527,-0.0,-0.003807,-0.004762,-0.0,-0.001199,-0.00079,-0.0,-0.005751,-0.000529,-0.0,-0.001919,-0.0,-3e-06,-0.001111,-0.000605,-0.001573,-0.001537,-0.0,-0.0,-0.002869,-0.002679,-0.004707,-0.0,-0.0,-9.5e-05,-0.0,-0.0,-5.6e-05,-0.002594,-0.005433,-0.002421,-0.0,-0.000445,-0.003775,-1.9e-05,-0.001677,-0.0,-2.8e-05,-0.001279,-5e-06,-0.0,-0.003435,-0.004946,-0.0,-1.6e-05,-0.0,-0.000486,-0.0,-0.002282,-0.0,-0.001311,-0.005576,-0.0,-3.4e-05,-0.001924,-0.0,-0.0,-0.0,-1e-06,-0.00275,-0.004416,-0.0,-0.002358,-0.002485,-0.004197,-0.00417,-0.0,-0.004956,-0.0,-0.003083,-0.000896,-0.0,-0.000449,-0.00601,-0.00408,-0.003908,-0.002872,-0.004155,-0.000578,-0.000476,-0.000749,-0.0,-1.3e-05,-0.002074,-0.002107,-0.003699
2017-05-31 17:02:00+02:00,-0.0,-0.0,-0.000268,-0.002491,-5e-06,-0.0,-9.8e-05,-0.000329,-0.002405,-7e-06,-0.0,-0.0,-0.004291,-0.004495,-0.002251,-0.003296,-1.6e-05,-0.0,-1e-06,-0.004176,-0.0,-0.004166,-0.000799,-0.0,-0.005145,-0.003817,-0.000211,-0.0,-0.000475,-5e-06,-0.0,-0.003292,-0.0,-0.003551,-0.004477,-0.0,-0.000995,-0.000632,-0.0,-0.005411,-0.000423,-0.0,-0.001731,-0.0,-3e-06,-0.000908,-0.000528,-0.001464,-0.001401,-0.0,-0.0,-0.002687,-0.002477,-0.004568,-0.0,-0.0,-7.6e-05,-0.0,-0.0,-4.4e-05,-0.002427,-0.005091,-0.002181,-0.0,-0.000356,-0.003505,-1.5e-05,-0.001563,-0.0,-2.3e-05,-0.001157,-4e-06,-0.0,-0.003226,-0.004693,-0.0,-1.2e-05,-0.0,-0.000389,-0.0,-0.002108,-0.0,-0.001099,-0.005222,-0.0,-2.7e-05,-0.001848,-0.0,-0.0,-0.0,-1e-06,-0.002556,-0.004257,-0.0,-0.002152,-0.002243,-0.003918,-0.003894,-0.0,-0.004633,-0.0,-0.002827,-0.000812,-0.0,-0.000359,-0.005824,-0.003948,-0.003618,-0.002623,-0.003881,-0.000464,-0.000381,-0.000652,-0.0,-1e-05,-0.001885,-0.001878,-0.003554
2017-05-31 17:03:00+02:00,-0.0,-0.0,-0.000269,-0.002481,-4e-06,-0.0,-9.3e-05,-0.000329,-0.002394,-6e-06,-0.0,-0.0,-0.004425,-0.004562,-0.002251,-0.003291,-1.2e-05,-0.0,-1e-06,-0.004191,-0.0,-0.004179,-0.000805,-0.0,-0.005135,-0.003816,-0.00021,-0.0,-0.000466,-4e-06,-0.0,-0.003284,-0.0,-0.003546,-0.00448,-0.0,-0.000996,-0.000633,-0.0,-0.005415,-0.000423,-0.0,-0.001748,-0.0,-2e-06,-0.000896,-0.000521,-0.001462,-0.001395,-0.0,-0.0,-0.002693,-0.002471,-0.004703,-0.0,-0.0,-6.1e-05,-0.0,-0.0,-3.6e-05,-0.002431,-0.005086,-0.002172,-0.0,-0.000361,-0.003501,-1.2e-05,-0.00156,-0.0,-1.8e-05,-0.001166,-3e-06,-0.0,-0.003236,-0.004731,-0.0,-1e-05,-0.0,-0.00038,-0.0,-0.0021,-0.0,-0.001087,-0.005215,-0.0,-2.2e-05,-0.001885,-0.0,-0.0,-0.0,-1e-06,-0.00255,-0.004358,-0.0,-0.002145,-0.002246,-0.003917,-0.003893,-0.0,-0.004629,-0.0,-0.00282,-0.000815,-0.0,-0.000359,-0.005984,-0.004058,-0.003617,-0.002616,-0.003881,-0.000467,-0.000373,-0.00066,-0.0,-8e-06,-0.001903,-0.00187,-0.00363
2017-05-31 17:04:00+02:00,-0.0,-0.0,-0.000357,-0.002593,-3e-06,-0.0,-0.00012,-0.000371,-0.002446,-5e-06,-0.0,-0.0,-0.004528,-0.0047,-0.002341,-0.003415,-1.3e-05,-0.0,-1e-06,-0.00434,-0.0,-0.004327,-0.000916,-0.0,-0.005266,-0.00395,-0.000241,-0.0,-0.000507,-3e-06,-0.0,-0.003367,-0.0,-0.003642,-0.004595,-0.0,-0.001089,-0.000737,-0.0,-0.005559,-0.000488,-0.0,-0.001867,-0.0,-2e-06,-0.000985,-0.000548,-0.001509,-0.001442,-0.0,-0.0,-0.002788,-0.00256,-0.004813,-0.0,-0.0,-0.000129,-0.0,-0.0,-8.9e-05,-0.002515,-0.005217,-0.00228,-0.0,-0.000455,-0.003629,-2.9e-05,-0.001607,-0.0,-4.6e-05,-0.001238,-2e-06,-0.0,-0.003349,-0.004878,-0.0,-8e-06,-0.0,-0.000471,-0.0,-0.002172,-0.0,-0.001179,-0.005346,-0.0,-4.6e-05,-0.001934,-0.0,-0.0,-0.0,-1e-06,-0.002635,-0.004474,-0.0,-0.002239,-0.002352,-0.004053,-0.004029,-0.0,-0.004759,-0.0,-0.002937,-0.000858,-0.0,-0.000415,-0.006121,-0.00416,-0.003736,-0.002732,-0.004017,-0.000534,-0.000411,-0.000719,-0.0,-6e-06,-0.002025,-0.001974,-0.003733
2017-05-31 17:05:00+02:00,-0.0,-0.0,-0.000357,-0.002596,-3e-06,-0.0,-0.000113,-0.000365,-0.002438,-4e-06,-0.0,-0.0,-0.004605,-0.004758,-0.002344,-0.003426,-1.1e-05,-0.0,-1e-06,-0.00437,-0.0,-0.004354,-0.000907,-0.0,-0.005268,-0.003963,-0.000236,-0.0,-0.000502,-2e-06,-0.0,-0.003368,-0.0,-0.003648,-0.004608,-0.0,-0.001084,-0.000729,-0.0,-0.005572,-0.000482,-0.0,-0.001885,-0.0,-1e-06,-0.00098,-0.000542,-0.001509,-0.001435,-0.0,-0.0,-0.002804,-0.002567,-0.004898,-0.0,-0.0,-0.000115,-0.0,-0.0,-7.1e-05,-0.002527,-0.005221,-0.002282,-0.0,-0.000458,-0.00364,-2.3e-05,-0.001606,-0.0,-3.7e-05,-0.001248,-2e-06,-0.0,-0.003373,-0.004914,-0.0,-6e-06,-0.0,-0.000456,-0.0,-0.002175,-0.0,-0.001174,-0.005348,-0.0,-3.6e-05,-0.001955,-0.0,-0.0,-0.0,-1e-06,-0.002641,-0.004561,-0.0,-0.002246,-0.002353,-0.004066,-0.004043,-0.0,-0.004766,-0.0,-0.002943,-0.00086,-0.0,-0.000409,-0.006219,-0.004236,-0.003739,-0.002738,-0.004032,-0.000528,-0.000406,-0.000726,-0.0,-5e-06,-0.002045,-0.001976,-0.003793
2017-05-31 17:06:00+02:00,-0.0,-0.0,-0.000354,-0.002579,-2e-06,-0.0,-9.9e-05,-0.000346,-0.002424,-3e-06,-0.0,-0.0,-0.00466,-0.004802,-0.002345,-0.003411,-9e-06,-0.0,-1e-06,-0.004369,-0.0,-0.004352,-0.000865,-0.0,-0.005256,-0.00395,-0.000222,-0.0,-0.000492,-2e-06,-0.0,-0.003363,-0.0,-0.003648,-0.004616,-0.0,-0.00108,-0.000692,-0.0,-0.005573,-0.000459,-0.0,-0.001888,-0.0,-1e-06,-0.000965,-0.000532,-0.001497,-0.001426,-0.0,-0.0,-0.002802,-0.002557,-0.004959,-0.0,-0.0,-0.000103,-0.0,-0.0,-5.7e-05,-0.002523,-0.005216,-0.002266,-0.0,-0.000456,-0.003626,-1.8e-05,-0.001593,-0.0,-2.9e-05,-0.001248,-2e-06,-0.0,-0.003375,-0.004941,-0.0,-5e-06,-0.0,-0.000417,-0.0,-0.002162,-0.0,-0.001158,-0.00534,-0.0,-2.9e-05,-0.001963,-0.0,-0.0,-0.0,-0.0,-0.002631,-0.004625,-0.0,-0.002237,-0.002351,-0.004052,-0.00403,-0.0,-0.004762,-0.0,-0.002928,-0.000855,-0.0,-0.000387,-0.006284,-0.004289,-0.003735,-0.002725,-0.004019,-0.000503,-0.000396,-0.000725,-0.0,-4e-06,-0.002048,-0.001961,-0.003836
2017-05-31 17:07:00+02:00,-0.0,-0.0,-0.000342,-0.002555,-2e-06,-0.0,-8.5e-05,-0.000326,-0.002404,-2e-06,-0.0,-0.0,-0.004707,-0.00483,-0.00234,-0.00339,-7e-06,-0.0,-0.0,-0.00435,-0.0,-0.004331,-0.000821,-0.0,-0.005234,-0.00393,-0.000206,-0.0,-0.00048,-2e-06,-0.0,-0.003351,-0.0,-0.00364,-0.004615,-0.0,-0.001071,-0.00065,-0.0,-0.005563,-0.000433,-0.0,-0.001876,-0.0,-1e-06,-0.000945,-0.000519,-0.001478,-0.001413,-0.0,-0.0,-0.002788,-0.002543,-0.005011,-0.0,-0.0,-8.4e-05,-0.0,-0.0,-4.6e-05,-0.002507,-0.0052,-0.002244,-0.0,-0.000445,-0.003605,-1.5e-05,-0.001573,-0.0,-2.3e-05,-0.00124,-1e-06,-0.0,-0.003364,-0.004955,-0.0,-4e-06,-0.0,-0.000374,-0.0,-0.002146,-0.0,-0.001137,-0.005321,-0.0,-2.3e-05,-0.00196,-0.0,-0.0,-0.0,-0.0,-0.002616,-0.004672,-0.0,-0.002224,-0.00234,-0.004031,-0.00401,-0.0,-0.004747,-0.0,-0.002907,-0.000844,-0.0,-0.000363,-0.006337,-0.004333,-0.003722,-0.002704,-0.004,-0.000476,-0.000384,-0.000719,-0.0,-3e-06,-0.002038,-0.001941,-0.003863
2017-05-31 17:08:00+02:00,-0.0,-0.0,-0.000336,-0.002544,-1e-06,-0.0,-7.3e-05,-0.000309,-0.002386,-2e-06,-0.0,-0.0,-0.004741,-0.004854,-0.002339,-0.003383,-5e-06,-0.0,-0.0,-0.004335,-0.0,-0.004314,-0.000785,-0.0,-0.005216,-0.003924,-0.000193,-0.0,-0.000473,-1e-06,-0.0,-0.003343,-0.0,-0.003637,-0.004617,-0.0,-0.001067,-0.000616,-0.0,-0.005555,-0.000411,-0.0,-0.001869,-0.0,-1e-06,-0.000936,-0.00051,-0.001461,-0.001402,-0.0,-0.0,-0.002778,-0.002539,-0.005051,-0.0,-0.0,-7.2e-05,-0.0,-0.0,-3.7e-05,-0.002495,-0.005187,-0.002234,-0.0,-0.000439,-0.003598,-1.2e-05,-0.001555,-0.0,-1.9e-05,-0.001234,-1e-06,-0.0,-0.003356,-0.004969,-0.0,-3e-06,-0.0,-0.00034,-0.0,-0.002138,-0.0,-0.001127,-0.005306,-0.0,-1.9e-05,-0.001952,-0.0,-0.0,-0.0,-0.0,-0.002611,-0.00471,-0.0,-0.002221,-0.002335,-0.004025,-0.004005,-0.0,-0.004737,-0.0,-0.002898,-0.000834,-0.0,-0.000344,-0.006375,-0.004364,-0.003713,-0.002696,-0.003996,-0.000454,-0.000378,-0.000714,-0.0,-3e-06,-0.002031,-0.001932,-0.003883
2017-05-31 17:09:00+02:00,-0.0,-0.0,-0.000338,-0.002523,-1e-06,-0.0,-6.4e-05,-0.000294,-0.002359,-1e-06,-0.0,-0.0,-0.004765,-0.004856,-0.002331,-0.003359,-4e-06,-0.0,-0.0,-0.004319,-0.0,-0.004296,-0.000752,-0.0,-0.005179,-0.003896,-0.000182,-0.0,-0.000465,-1e-06,-0.0,-0.003322,-0.0,-0.003621,-0.004603,-0.0,-0.001061,-0.000588,-0.0,-0.005529,-0.000393,-0.0,-0.001866,-0.0,-1e-06,-0.000925,-0.000499,-0.001442,-0.001387,-0.0,-0.0,-0.002766,-0.002523,-0.005079,-0.0,-0.0,-7.1e-05,-0.0,-0.0,-2.9e-05,-0.002482,-0.005159,-0.002216,-0.0,-0.000442,-0.003573,-9e-06,-0.001536,-0.0,-1.5e-05,-0.001231,-1e-06,-0.0,-0.003348,-0.004964,-0.0,-3e-06,-0.0,-0.000313,-0.0,-0.00212,-0.0,-0.001115,-0.005273,-0.0,-1.5e-05,-0.001921,-0.0,-0.0,-0.0,-0.0,-0.002592,-0.004723,-0.0,-0.002209,-0.002323,-0.003996,-0.003976,-0.0,-0.004709,-0.0,-0.002876,-0.000826,-0.0,-0.000327,-0.006399,-0.004386,-0.003693,-0.002677,-0.003968,-0.000434,-0.000371,-0.000712,-0.0,-2e-06,-0.002028,-0.001917,-0.003883
2017-05-31 17:10:00+02:00,-0.0,-0.0,-0.000348,-0.002508,-1e-06,-0.0,-6e-05,-0.000286,-0.002335,-1e-06,-0.0,-0.0,-0.004777,-0.004846,-0.002326,-0.003342,-3e-06,-0.0,-0.0,-0.004305,-0.0,-0.00428,-0.000738,-0.0,-0.005148,-0.003876,-0.000176,-0.0,-0.00046,-1e-06,-0.0,-0.003304,-0.0,-0.003607,-0.004585,-0.0,-0.001063,-0.000576,-0.0,-0.005501,-0.000385,-0.0,-0.001868,-0.0,-0.0,-0.000921,-0.000491,-0.001425,-0.001375,-0.0,-0.0,-0.002755,-0.00251,-0.005095,-0.0,-0.0,-7.9e-05,-0.0,-0.0,-2.3e-05,-0.002468,-0.005131,-0.002203,-0.0,-0.000452,-0.003554,-8e-06,-0.001517,-0.0,-1.2e-05,-0.00123,-1e-06,-0.0,-0.003339,-0.004949,-0.0,-2e-06,-0.0,-0.000303,-0.0,-0.002105,-0.0,-0.001109,-0.00524,-0.0,-1.2e-05,-0.00189,-0.0,-0.0,-0.0,-0.0,-0.002576,-0.004721,-0.0,-0.0022,-0.002318,-0.003973,-0.003954,-0.0,-0.004688,-0.0,-0.002861,-0.000819,-0.0,-0.000319,-0.006414,-0.004391,-0.003677,-0.002663,-0.003947,-0.000425,-0.000367,-0.000714,-0.0,-2e-06,-0.00203,-0.001908,-0.003871
2017-05-31 17:11:00+02:00,-0.0,-0.0,-0.000342,-0.002486,-1e-06,-0.0,-5.6e-05,-0.000279,-0.002305,-1e-06,-0.0,-0.0,-0.004784,-0.004822,-0.002311,-0.003321,-3e-06,-0.0,-0.0,-0.004275,-0.0,-0.004249,-0.000725,-0.0,-0.005106,-0.003854,-0.000169,-0.0,-0.000451,-1e-06,-0.0,-0.003276,-0.0,-0.003582,-0.004555,-0.0,-0.001054,-0.000559,-0.0,-0.005463,-0.000374,-0.0,-0.001853,-0.0,-0.0,-0.000909,-0.000481,-0.001402,-0.001356,-0.0,-0.0,-0.002731,-0.002492,-0.005102,-0.0,-0.0,-7.2e-05,-0.0,-0.0,-1.9e-05,-0.002444,-0.005092,-0.002185,-0.0,-0.000446,-0.003533,-6e-06,-0.001494,-0.0,-1e-05,-0.001218,-0.0,-0.0,-0.003315,-0.004921,-0.0,-2e-06,-0.0,-0.00029,-0.0,-0.002086,-0.0,-0.001095,-0.005197,-0.0,-1e-05,-0.001867,-0.0,-0.0,-0.0,-0.0,-0.002557,-0.004702,-0.0,-0.002186,-0.002301,-0.003949,-0.003931,-0.0,-0.004657,-0.0,-0.00284,-0.000806,-0.0,-0.000309,-0.006418,-0.00438,-0.00365,-0.002645,-0.003925,-0.000416,-0.000359,-0.000706,-0.0,-1e-06,-0.002016,-0.001892,-0.003847
2017-05-31 17:12:00+02:00,-0.0,-0.0,-0.00033,-0.002468,-1e-06,-0.0,-5.2e-05,-0.000274,-0.002286,-1e-06,-0.0,-0.0,-0.004783,-0.004819,-0.002307,-0.003304,-2e-06,-0.0,-0.0,-0.004239,-0.0,-0.004211,-0.000718,-0.0,-0.005085,-0.003837,-0.000164,-0.0,-0.000444,-1e-06,-0.0,-0.003262,-0.0,-0.003572,-0.004545,-0.0,-0.001056,-0.000549,-0.0,-0.005453,-0.000366,-0.0,-0.00183,-0.0,-0.0,-0.000899,-0.000472,-0.001377,-0.001346,-0.0,-0.0,-0.002701,-0.002477,-0.005105,-0.0,-0.0,-5.9e-05,-0.0,-0.0,-1.5e-05,-0.002415,-0.005079,-0.002169,-0.0,-0.000432,-0.003516,-5e-06,-0.001468,-0.0,-8e-06,-0.0012,-0.0,-0.0,-0.003284,-0.004915,-0.0,-1e-06,-0.0,-0.000282,-0.0,-0.002069,-0.0,-0.001084,-0.005179,-0.0,-8e-06,-0.001851,-0.0,-0.0,-0.0,-0.0,-0.002541,-0.004703,-0.0,-0.002173,-0.002299,-0.003931,-0.003914,-0.0,-0.004647,-0.0,-0.002824,-0.000791,-0.0,-0.000302,-0.006425,-0.004382,-0.003642,-0.00263,-0.00391,-0.000411,-0.000352,-0.000693,-0.0,-1e-06,-0.001992,-0.001879,-0.00384
2017-05-31 17:13:00+02:00,-0.0,-0.0,-0.000317,-0.002433,-0.0,-0.0,-4.9e-05,-0.000269,-0.002262,-1e-06,-0.0,-0.0,-0.00476,-0.004808,-0.0023,-0.00327,-2e-06,-0.0,-0.0,-0.004202,-0.0,-0.004172,-0.00071,-0.0,-0.005056,-0.003803,-0.000159,-0.0,-0.000431,-0.0,-0.0,-0.003243,-0.0,-0.003557,-0.00453,-0.0,-0.001055,-0.000538,-0.0,-0.005435,-0.000358,-0.0,-0.001805,-0.0,-0.0,-0.000877,-0.000458,-0.001352,-0.001333,-0.0,-0.0,-0.00267,-0.002449,-0.005098,-0.0,-0.0,-4.7e-05,-0.0,-0.0,-1.2e-05,-0.002385,-0.00506,-0.002137,-0.0,-0.000418,-0.003482,-4e-06,-0.001441,-0.0,-6e-06,-0.001182,-0.0,-0.0,-0.003253,-0.004903,-0.0,-1e-06,-0.0,-0.000273,-0.0,-0.002042,-0.0,-0.00106,-0.005154,-0.0,-6e-06,-0.001819,-0.0,-0.0,-0.0,-0.0,-0.002512,-0.004695,-0.0,-0.002147,-0.002293,-0.003894,-0.003879,-0.0,-0.00463,-0.0,-0.002791,-0.000774,-0.0,-0.000295,-0.006427,-0.004363,-0.003629,-0.002598,-0.003876,-0.000405,-0.000341,-0.00068,-0.0,-1e-06,-0.001968,-0.001851,-0.003825
2017-05-31 17:14:00+02:00,-0.0,-0.0,-0.000305,-0.002407,-0.0,-0.0,-4.4e-05,-0.00026,-0.002235,-0.0,-0.0,-0.0,-0.004763,-0.004787,-0.002287,-0.003245,-1e-06,-0.0,-0.0,-0.004168,-0.0,-0.004137,-0.00069,-0.0,-0.00502,-0.003777,-0.000151,-0.0,-0.00042,-0.0,-0.0,-0.00322,-0.0,-0.003536,-0.004506,-0.0,-0.001045,-0.000517,-0.0,-0.005406,-0.000344,-0.0,-0.001782,-0.0,-0.0,-0.00086,-0.000447,-0.001327,-0.001316,-0.0,-0.0,-0.002643,-0.002428,-0.005101,-0.0,-0.0,-3.8e-05,-0.0,-0.0,-1e-05,-0.002358,-0.005029,-0.002113,-0.0,-0.000405,-0.003456,-3e-06,-0.001416,-0.0,-5e-06,-0.001165,-0.0,-0.0,-0.003225,-0.004881,-0.0,-1e-06,-0.0,-0.000255,-0.0,-0.002021,-0.0,-0.001041,-0.005118,-0.0,-5e-06,-0.001797,-0.0,-0.0,-0.0,-0.0,-0.00249,-0.004677,-0.0,-0.002128,-0.002278,-0.003865,-0.003851,-0.0,-0.004605,-0.0,-0.002765,-0.000759,-0.0,-0.000282,-0.006426,-0.004351,-0.003606,-0.002574,-0.00385,-0.000392,-0.000331,-0.000667,-0.0,-1e-06,-0.001945,-0.001829,-0.003802
2017-05-31 17:15:00+02:00,-0.0,-0.0,-0.000304,-0.002394,-0.0,-0.0,-3.9e-05,-0.000251,-0.002217,-0.0,-0.0,-0.0,-0.004763,-0.004784,-0.002289,-0.003233,-1e-06,-0.0,-0.0,-0.004151,-0.0,-0.004119,-0.000673,-0.0,-0.005005,-0.003764,-0.000144,-0.0,-0.000415,-0.0,-0.0,-0.003211,-0.0,-0.003532,-0.004502,-0.0,-0.001051,-0.000498,-0.0,-0.005398,-0.000331,-0.0,-0.001773,-0.0,-0.0,-0.000855,-0.000439,-0.001309,-0.001308,-0.0,-0.0,-0.002628,-0.002417,-0.005102,-0.0,-0.0,-3.7e-05,-0.0,-0.0,-8e-06,-0.002341,-0.00502,-0.002102,-0.0,-0.000404,-0.003443,-2e-06,-0.001397,-0.0,-4e-06,-0.001156,-0.0,-0.0,-0.003212,-0.004878,-0.0,-1e-06,-0.0,-0.00024,-0.0,-0.002008,-0.0,-0.001035,-0.005104,-0.0,-4e-06,-0.001765,-0.0,-0.0,-0.0,-0.0,-0.002477,-0.004674,-0.0,-0.002121,-0.002281,-0.00385,-0.003837,-0.0,-0.004599,-0.0,-0.002754,-0.000748,-0.0,-0.000271,-0.006427,-0.004351,-0.003603,-0.002564,-0.003838,-0.00038,-0.000326,-0.000662,-0.0,-1e-06,-0.001937,-0.001821,-0.003791
2017-05-31 17:16:00+02:00,-0.0,-0.0,-0.000279,-0.002363,-0.0,-0.0,-3.3e-05,-0.000241,-0.002127,-0.0,-0.0,-0.0,-0.004605,-0.004615,-0.002165,-0.003214,-1e-06,-0.0,-0.0,-0.00411,-0.0,-0.004076,-0.000651,-0.0,-0.004823,-0.003756,-0.000136,-0.0,-0.000396,-0.0,-0.0,-0.003089,-0.0,-0.003396,-0.004339,-0.0,-0.000941,-0.000475,-0.0,-0.005206,-0.000316,-0.0,-0.00174,-0.0,-0.0,-0.000818,-0.000423,-0.001282,-0.001232,-0.0,-0.0,-0.002593,-0.0024,-0.004929,-0.0,-0.0,-3e-05,-0.0,-0.0,-6e-06,-0.002308,-0.004834,-0.002068,-0.0,-0.000377,-0.003427,-2e-06,-0.001369,-0.0,-3e-06,-0.001133,-0.0,-0.0,-0.003176,-0.004706,-0.0,-1e-06,-0.0,-0.000219,-0.0,-0.001989,-0.0,-0.000996,-0.004911,-0.0,-3e-06,-0.001693,-0.0,-0.0,-0.0,-0.0,-0.002463,-0.004506,-0.0,-0.002098,-0.002144,-0.003841,-0.00383,-0.0,-0.004431,-0.0,-0.00273,-0.00073,-0.0,-0.000257,-0.006211,-0.004194,-0.003442,-0.002539,-0.003832,-0.000366,-0.000308,-0.000643,-0.0,-0.0,-0.001904,-0.001786,-0.00365
2017-05-31 17:17:00+02:00,-0.0,-0.0,-0.000284,-0.002352,-0.0,-0.0,-3.6e-05,-0.000244,-0.002067,-0.0,-0.0,-0.0,-0.004504,-0.004506,-0.00209,-0.003211,-1e-06,-0.0,-0.0,-0.004101,-0.0,-0.004065,-0.000667,-0.0,-0.004708,-0.003757,-0.000138,-0.0,-0.000388,-0.0,-0.0,-0.003012,-0.0,-0.003312,-0.004237,-0.0,-0.00088,-0.000491,-0.0,-0.005083,-0.000325,-0.0,-0.001738,-0.0,-0.0,-0.000807,-0.000414,-0.001267,-0.001184,-0.0,-0.0,-0.002582,-0.002395,-0.004818,-0.0,-0.0,-3.1e-05,-0.0,-0.0,-5e-06,-0.002295,-0.004716,-0.002057,-0.0,-0.000381,-0.003425,-2e-06,-0.001353,-0.0,-3e-06,-0.001128,-0.0,-0.0,-0.003167,-0.004596,-0.0,-0.0,-0.0,-0.000233,-0.0,-0.001981,-0.0,-0.000983,-0.004787,-0.0,-3e-06,-0.001639,-0.0,-0.0,-0.0,-0.0,-0.002458,-0.004397,-0.0,-0.002094,-0.002064,-0.003841,-0.003831,-0.0,-0.004327,-0.0,-0.002724,-0.000722,-0.0,-0.000264,-0.006072,-0.00409,-0.003342,-0.002533,-0.003836,-0.000375,-0.000301,-0.000641,-0.0,-0.0,-0.001902,-0.001774,-0.003556
2017-05-31 17:18:00+02:00,-0.0,-0.0,-0.000302,-0.00236,-0.0,-0.0,-4.3e-05,-0.000253,-0.002032,-0.0,-0.0,-0.0,-0.004456,-0.004452,-0.002056,-0.003227,-1e-06,-0.0,-0.0,-0.004115,-0.0,-0.004078,-0.000698,-0.0,-0.004651,-0.003782,-0.000145,-0.0,-0.000387,-0.0,-0.0,-0.002975,-0.0,-0.003273,-0.004189,-0.0,-0.000856,-0.000523,-0.0,-0.005025,-0.000343,-0.0,-0.001753,-0.0,-0.0,-0.000812,-0.00041,-0.00126,-0.001157,-0.0,-0.0,-0.002586,-0.002404,-0.004765,-0.0,-0.0,-4.6e-05,-0.0,-0.0,-4e-06,-0.002296,-0.00466,-0.002064,-0.0,-0.000399,-0.003444,-1e-06,-0.001345,-0.0,-2e-06,-0.001134,-0.0,-0.0,-0.003177,-0.004543,-0.0,-0.0,-0.0,-0.000262,-0.0,-0.001985,-0.0,-0.000987,-0.004725,-0.0,-2e-06,-0.001604,-0.0,-0.0,-0.0,-0.0,-0.002469,-0.004341,-0.0,-0.002104,-0.002028,-0.003865,-0.003857,-0.0,-0.00428,-0.0,-0.002735,-0.000721,-0.0,-0.000279,-0.006004,-0.004036,-0.003295,-0.002544,-0.003862,-0.000392,-0.000301,-0.000646,-0.0,-0.0,-0.001918,-0.00178,-0.003505
2017-05-31 17:19:00+02:00,-0.0,-0.0,-0.000313,-0.002369,-0.0,-0.0,-4.1e-05,-0.000248,-0.002007,-0.0,-0.0,-0.0,-0.004429,-0.004421,-0.002035,-0.003248,-0.0,-0.0,-0.0,-0.004126,-0.0,-0.004088,-0.000689,-0.0,-0.004617,-0.003812,-0.000141,-0.0,-0.000385,-0.0,-0.0,-0.002951,-0.0,-0.00325,-0.004161,-0.0,-0.000841,-0.000513,-0.0,-0.004993,-0.000336,-0.0,-0.001761,-0.0,-0.0,-0.000812,-0.000405,-0.001251,-0.001138,-0.0,-0.0,-0.002588,-0.002418,-0.004735,-0.0,-0.0,-5.4e-05,-0.0,-0.0,-3e-06,-0.002296,-0.004628,-0.002071,-0.0,-0.00041,-0.003469,-1e-06,-0.001336,-0.0,-2e-06,-0.001137,-0.0,-0.0,-0.003184,-0.004513,-0.0,-0.0,-0.0,-0.000256,-0.0,-0.001993,-0.0,-0.000987,-0.004689,-0.0,-2e-06,-0.001577,-0.0,-0.0,-0.0,-0.0,-0.002482,-0.004307,-0.0,-0.002115,-0.002006,-0.003895,-0.003887,-0.0,-0.004254,-0.0,-0.002751,-0.000717,-0.0,-0.000273,-0.005968,-0.004003,-0.003267,-0.002559,-0.003895,-0.000386,-0.000299,-0.000649,-0.0,-0.0,-0.001928,-0.001785,-0.003472
2017-05-31 17:20:00+02:00,-0.0,-0.0,-0.000326,-0.002382,-0.0,-0.0,-3.7e-05,-0.00024,-0.001994,-0.0,-0.0,-0.0,-0.004422,-0.004411,-0.00203,-0.003273,-0.0,-0.0,-0.0,-0.004138,-0.0,-0.004098,-0.000672,-0.0,-0.00461,-0.003845,-0.000135,-0.0,-0.000384,-0.0,-0.0,-0.002944,-0.0,-0.003245,-0.004154,-0.0,-0.000842,-0.000496,-0.0,-0.00499,-0.000325,-0.0,-0.001768,-0.0,-0.0,-0.000816,-0.000403,-0.001244,-0.001129,-0.0,-0.0,-0.002589,-0.002431,-0.004726,-0.0,-0.0,-6.6e-05,-0.0,-0.0,-3e-06,-0.002294,-0.004624,-0.002082,-0.0,-0.000423,-0.003496,-1e-06,-0.001329,-0.0,-1e-06,-0.001137,-0.0,-0.0,-0.003188,-0.004505,-0.0,-0.0,-0.0,-0.000243,-0.0,-0.002001,-0.0,-0.000991,-0.004681,-0.0,-1e-06,-0.001561,-0.0,-0.0,-0.0,-0.0,-0.002496,-0.004295,-0.0,-0.002128,-0.002005,-0.003926,-0.00392,-0.0,-0.004254,-0.0,-0.00277,-0.000714,-0.0,-0.000263,-0.005965,-0.00399,-0.003263,-0.002576,-0.003929,-0.000375,-0.000298,-0.000651,-0.0,-0.0,-0.001935,-0.001795,-0.003457
2017-05-31 17:21:00+02:00,-0.0,-0.0,-0.000353,-0.002415,-0.0,-0.0,-4.3e-05,-0.000247,-0.001987,-0.0,-0.0,-0.0,-0.004419,-0.004407,-0.002034,-0.003316,-0.0,-0.0,-0.0,-0.004174,-0.0,-0.004132,-0.000698,-0.0,-0.004616,-0.003893,-0.00014,-0.0,-0.000393,-0.0,-0.0,-0.002942,-0.0,-0.003246,-0.004154,-0.0,-0.000854,-0.000523,-0.0,-0.005002,-0.000339,-0.0,-0.001794,-0.0,-0.0,-0.000844,-0.000407,-0.001245,-0.001125,-0.0,-0.0,-0.002601,-0.002455,-0.004723,-0.0,-0.0,-9e-05,-0.0,-0.0,-2e-06,-0.002303,-0.004635,-0.002115,-0.0,-0.000449,-0.003541,-1e-06,-0.001329,-0.0,-1e-06,-0.001149,-0.0,-0.0,-0.003207,-0.004503,-0.0,-0.0,-0.0,-0.000268,-0.0,-0.002017,-0.0,-0.001018,-0.004686,-0.0,-1e-06,-0.001552,-0.0,-0.0,-0.0,-0.0,-0.002518,-0.004288,-0.0,-0.002155,-0.002015,-0.003972,-0.003967,-0.0,-0.004268,-0.0,-0.002809,-0.000718,-0.0,-0.000276,-0.005976,-0.003982,-0.003272,-0.002614,-0.003979,-0.000389,-0.000308,-0.000662,-0.0,-0.0,-0.001963,-0.001827,-0.003447
2017-05-31 17:22:00+02:00,-0.0,-0.0,-0.00037,-0.002442,-0.0,-0.0,-5.3e-05,-0.00026,-0.001972,-0.0,-0.0,-0.0,-0.004396,-0.004383,-0.002024,-0.003354,-0.0,-0.0,-0.0,-0.004195,-0.0,-0.004151,-0.000742,-0.0,-0.004603,-0.003938,-0.000151,-0.0,-0.0004,-0.0,-0.0,-0.002926,-0.0,-0.003231,-0.004135,-0.0,-0.000856,-0.000567,-0.0,-0.005,-0.000363,-0.0,-0.001808,-0.0,-0.0,-0.000867,-0.00041,-0.001243,-0.001116,-0.0,-0.0,-0.0026,-0.002471,-0.004699,-0.0,-0.0,-0.000107,-0.0,-0.0,-2e-06,-0.002301,-0.004632,-0.002141,-0.0,-0.000466,-0.003581,-1e-06,-0.001327,-0.0,-1e-06,-0.001151,-0.0,-0.0,-0.003208,-0.004481,-0.0,-0.0,-0.0,-0.000309,-0.0,-0.002028,-0.0,-0.001041,-0.004676,-0.0,-1e-06,-0.001542,-0.0,-0.0,-0.0,-0.0,-0.002533,-0.004263,-0.0,-0.002173,-0.002015,-0.004014,-0.004011,-0.0,-0.004268,-0.0,-0.002842,-0.000718,-0.0,-0.000296,-0.005972,-0.003956,-0.003268,-0.002647,-0.004026,-0.000413,-0.000315,-0.000665,-0.0,-0.0,-0.001978,-0.001853,-0.003423
2017-05-31 17:23:00+02:00,-0.0,-0.0,-0.000382,-0.00245,-0.0,-0.0,-5.9e-05,-0.000268,-0.001951,-0.0,-0.0,-0.0,-0.004363,-0.00435,-0.002006,-0.003371,-0.0,-0.0,-0.0,-0.004208,-0.0,-0.004163,-0.000768,-0.0,-0.004576,-0.00396,-0.000157,-0.0,-0.000401,-0.0,-0.0,-0.002901,-0.0,-0.003207,-0.004107,-0.0,-0.000846,-0.000593,-0.0,-0.004984,-0.000377,-0.0,-0.001818,-0.0,-0.0,-0.000874,-0.000409,-0.001237,-0.001102,-0.0,-0.0,-0.002595,-0.002472,-0.004664,-0.0,-0.0,-0.000117,-0.0,-0.0,-1e-06,-0.002295,-0.004615,-0.002149,-0.0,-0.000477,-0.0036,-0.0,-0.00132,-0.0,-1e-06,-0.001151,-0.0,-0.0,-0.003205,-0.004449,-0.0,-0.0,-0.0,-0.000333,-0.0,-0.002026,-0.0,-0.001047,-0.004653,-0.0,-1e-06,-0.001526,-0.0,-0.0,-0.0,-0.0,-0.002533,-0.004228,-0.0,-0.002175,-0.002004,-0.004032,-0.004031,-0.0,-0.004253,-0.0,-0.002856,-0.000716,-0.0,-0.000308,-0.005951,-0.003922,-0.003252,-0.002659,-0.004049,-0.000426,-0.000316,-0.000667,-0.0,-0.0,-0.00199,-0.001863,-0.003391
2017-05-31 17:24:00+02:00,-0.0,-0.0,-0.000365,-0.00244,-0.0,-0.0,-5.7e-05,-0.000263,-0.00192,-0.0,-0.0,-0.0,-0.00432,-0.004308,-0.001981,-0.003365,-0.0,-0.0,-0.0,-0.004148,-0.0,-0.004102,-0.000761,-0.0,-0.004531,-0.003957,-0.000154,-0.0,-0.000395,-0.0,-0.0,-0.002868,-0.0,-0.003174,-0.004069,-0.0,-0.000827,-0.000586,-0.0,-0.004945,-0.000371,-0.0,-0.001786,-0.0,-0.0,-0.000867,-0.000402,-0.001206,-0.001081,-0.0,-0.0,-0.002546,-0.002461,-0.00462,-0.0,-0.0,-0.000102,-0.0,-0.0,-1e-06,-0.002249,-0.004577,-0.00214,-0.0,-0.000459,-0.003595,-0.0,-0.001288,-0.0,-1e-06,-0.001127,-0.0,-0.0,-0.003152,-0.004409,-0.0,-0.0,-0.0,-0.000328,-0.0,-0.002014,-0.0,-0.001039,-0.00461,-0.0,-1e-06,-0.001497,-0.0,-0.0,-0.0,-0.0,-0.002522,-0.004184,-0.0,-0.002167,-0.00198,-0.004025,-0.004026,-0.0,-0.00422,-0.0,-0.002849,-0.000698,-0.0,-0.000303,-0.005905,-0.003878,-0.00322,-0.002652,-0.004046,-0.000421,-0.000311,-0.000651,-0.0,-0.0,-0.001957,-0.001855,-0.00335
2017-05-31 17:25:00+02:00,-0.0,-0.0,-0.000338,-0.002405,-0.0,-0.0,-4.9e-05,-0.000249,-0.001882,-0.0,-0.0,-0.0,-0.004267,-0.004257,-0.001949,-0.003331,-0.0,-0.0,-0.0,-0.004062,-0.0,-0.004016,-0.000727,-0.0,-0.004468,-0.003921,-0.000143,-0.0,-0.000381,-0.0,-0.0,-0.002827,-0.0,-0.003133,-0.004022,-0.0,-0.000801,-0.000552,-0.0,-0.004889,-0.00035,-0.0,-0.001738,-0.0,-0.0,-0.000843,-0.000389,-0.001166,-0.001056,-0.0,-0.0,-0.002486,-0.002433,-0.004566,-0.0,-0.0,-8.2e-05,-0.0,-0.0,-1e-06,-0.002193,-0.004522,-0.002109,-0.0,-0.00043,-0.003559,-0.0,-0.001246,-0.0,-0.0,-0.001094,-0.0,-0.0,-0.003084,-0.004358,-0.0,-0.0,-0.0,-0.000298,-0.0,-0.001986,-0.0,-0.001013,-0.004549,-0.0,-0.0,-0.001459,-0.0,-0.0,-0.0,-0.0,-0.002493,-0.00413,-0.0,-0.002141,-0.001945,-0.003986,-0.003988,-0.0,-0.004168,-0.0,-0.002815,-0.000674,-0.0,-0.000284,-0.005839,-0.003825,-0.003174,-0.00262,-0.004011,-0.000399,-0.000299,-0.000627,-0.0,-0.0,-0.001908,-0.001826,-0.003299
2017-05-31 17:26:00+02:00,-0.0,-0.0,-0.000306,-0.002359,-0.0,-0.0,-3.9e-05,-0.000229,-0.001837,-0.0,-0.0,-0.0,-0.004203,-0.004194,-0.001911,-0.003281,-0.0,-0.0,-0.0,-0.003953,-0.0,-0.003908,-0.000673,-0.0,-0.004391,-0.003869,-0.000128,-0.0,-0.000364,-0.0,-0.0,-0.002777,-0.0,-0.003083,-0.003964,-0.0,-0.00077,-0.000501,-0.0,-0.004817,-0.000319,-0.0,-0.001681,-0.0,-0.0,-0.00081,-0.000374,-0.001121,-0.001026,-0.0,-0.0,-0.002414,-0.002394,-0.0045,-0.0,-0.0,-6.5e-05,-0.0,-0.0,-1e-06,-0.002126,-0.004453,-0.002066,-0.0,-0.000396,-0.003508,-0.0,-0.001198,-0.0,-0.0,-0.001056,-0.0,-0.0,-0.003001,-0.004297,-0.0,-0.0,-0.0,-0.000252,-0.0,-0.001949,-0.0,-0.000978,-0.004474,-0.0,-0.0,-0.001414,-0.0,-0.0,-0.0,-0.0,-0.002453,-0.004066,-0.0,-0.002105,-0.001902,-0.003928,-0.003933,-0.0,-0.004104,-0.0,-0.002769,-0.000645,-0.0,-0.000257,-0.005756,-0.003762,-0.003116,-0.002575,-0.003958,-0.000368,-0.000283,-0.0006,-0.0,-0.0,-0.001849,-0.001786,-0.003239
2017-05-31 17:27:00+02:00,-0.0,-0.0,-0.000287,-0.002309,-0.0,-0.0,-3.2e-05,-0.000212,-0.001793,-0.0,-0.0,-0.0,-0.004139,-0.004133,-0.001878,-0.003226,-0.0,-0.0,-0.0,-0.003864,-0.0,-0.003819,-0.000629,-0.0,-0.004316,-0.00381,-0.000116,-0.0,-0.000348,-0.0,-0.0,-0.00273,-0.0,-0.003036,-0.003909,-0.0,-0.000746,-0.000458,-0.0,-0.004745,-0.000293,-0.0,-0.001638,-0.0,-0.0,-0.000778,-0.000358,-0.001081,-0.000999,-0.0,-0.0,-0.002355,-0.002353,-0.004435,-0.0,-0.0,-5.2e-05,-0.0,-0.0,-1e-06,-0.00207,-0.004385,-0.002021,-0.0,-0.000374,-0.003452,-0.0,-0.001156,-0.0,-0.0,-0.001027,-0.0,-0.0,-0.002934,-0.004237,-0.0,-0.0,-0.0,-0.000216,-0.0,-0.00191,-0.0,-0.000944,-0.0044,-0.0,-0.0,-0.001369,-0.0,-0.0,-0.0,-0.0,-0.00241,-0.004002,-0.0,-0.002068,-0.001866,-0.003865,-0.003871,-0.0,-0.004041,-0.0,-0.002719,-0.000622,-0.0,-0.000235,-0.005672,-0.003699,-0.003063,-0.002526,-0.003898,-0.000341,-0.000268,-0.00058,-0.0,-0.0,-0.001804,-0.001745,-0.003179
2017-05-31 17:28:00+02:00,-0.0,-0.0,-0.000268,-0.002261,-0.0,-0.0,-2.5e-05,-0.000195,-0.001752,-0.0,-0.0,-0.0,-0.004079,-0.004076,-0.001849,-0.003173,-0.0,-0.0,-0.0,-0.003781,-0.0,-0.003736,-0.000587,-0.0,-0.004249,-0.003752,-0.000104,-0.0,-0.000332,-0.0,-0.0,-0.002686,-0.0,-0.002994,-0.003858,-0.0,-0.000728,-0.000418,-0.0,-0.004683,-0.000268,-0.0,-0.001596,-0.0,-0.0,-0.000748,-0.000343,-0.001043,-0.000974,-0.0,-0.0,-0.002297,-0.002311,-0.004374,-0.0,-0.0,-4.2e-05,-0.0,-0.0,-0.0,-0.002016,-0.004326,-0.001977,-0.0,-0.000354,-0.003397,-0.0,-0.001116,-0.0,-0.0,-0.000998,-0.0,-0.0,-0.002869,-0.004182,-0.0,-0.0,-0.0,-0.000181,-0.0,-0.001871,-0.0,-0.000912,-0.004335,-0.0,-0.0,-0.001327,-0.0,-0.0,-0.0,-0.0,-0.002367,-0.003943,-0.0,-0.00203,-0.001836,-0.003801,-0.003809,-0.0,-0.003987,-0.0,-0.002669,-0.000599,-0.0,-0.000213,-0.005597,-0.00364,-0.003017,-0.002479,-0.00384,-0.000316,-0.000254,-0.000561,-0.0,-0.0,-0.00176,-0.001705,-0.003124
2017-05-31 17:29:00+02:00,-0.0,-0.0,-0.000269,-0.002232,-0.0,-0.0,-2e-05,-0.000184,-0.001719,-0.0,-0.0,-0.0,-0.00403,-0.00403,-0.001834,-0.003136,-0.0,-0.0,-0.0,-0.003746,-0.0,-0.003701,-0.00056,-0.0,-0.004199,-0.003707,-9.7e-05,-0.0,-0.000324,-0.0,-0.0,-0.002654,-0.0,-0.002965,-0.003821,-0.0,-0.000725,-0.000393,-0.0,-0.004636,-0.000252,-0.0,-0.00158,-0.0,-0.0,-0.000737,-0.000332,-0.001018,-0.000957,-0.0,-0.0,-0.002269,-0.002281,-0.004324,-0.0,-0.0,-4.1e-05,-0.0,-0.0,-0.0,-0.001988,-0.004283,-0.001952,-0.0,-0.000354,-0.003357,-0.0,-0.001089,-0.0,-0.0,-0.000984,-0.0,-0.0,-0.002841,-0.004139,-0.0,-0.0,-0.0,-0.000161,-0.0,-0.001842,-0.0,-0.000899,-0.004286,-0.0,-0.0,-0.001289,-0.0,-0.0,-0.0,-0.0,-0.002333,-0.003895,-0.0,-0.002007,-0.001821,-0.003751,-0.003761,-0.0,-0.00395,-0.0,-0.002638,-0.000585,-0.0,-0.0002,-0.005536,-0.003591,-0.002987,-0.002449,-0.003794,-0.0003,-0.000248,-0.000552,-0.0,-0.0,-0.001744,-0.001685,-0.003077
2017-05-31 17:30:00+02:00,-0.0,-0.0,-0.000284,-0.002233,-0.0,-0.0,-2.2e-05,-0.000184,-0.001692,-0.0,-0.0,-0.0,-0.003993,-0.003998,-0.001832,-0.003132,-0.0,-0.0,-0.0,-0.003732,-0.0,-0.003685,-0.000568,-0.0,-0.004166,-0.003697,-9.7e-05,-0.0,-0.000327,-0.0,-0.0,-0.002633,-0.0,-0.002949,-0.003798,-0.0,-0.000735,-0.000404,-0.0,-0.004605,-0.000257,-0.0,-0.001583,-0.0,-0.0,-0.000755,-0.000328,-0.001,-0.000945,-0.0,-0.0,-0.002254,-0.002275,-0.004289,-0.0,-0.0,-5.3e-05,-0.0,-0.0,-0.0,-0.001971,-0.004256,-0.001958,-0.0,-0.000367,-0.003351,-0.0,-0.001069,-0.0,-0.0,-0.000981,-0.0,-0.0,-0.002829,-0.00411,-0.0,-0.0,-0.0,-0.000173,-0.0,-0.001831,-0.0,-0.000914,-0.004254,-0.0,-0.0,-0.001254,-0.0,-0.0,-0.0,-0.0,-0.002321,-0.003859,-0.0,-0.002011,-0.001822,-0.003734,-0.003745,-0.0,-0.003929,-0.0,-0.002638,-0.000577,-0.0,-0.000203,-0.005492,-0.003553,-0.002972,-0.002451,-0.003782,-0.000304,-0.000252,-0.000552,-0.0,-0.0,-0.001746,-0.001695,-0.003039
2017-05-31 17:31:00+02:00,-0.0,-0.0,-0.000251,-0.002276,-0.0,-0.0,-3e-05,-0.000195,-0.0017,-0.0,-0.0,-0.0,-0.004077,-0.004078,-0.001886,-0.003174,-0.0,-0.0,-0.0,-0.003657,-0.0,-0.003611,-0.000613,-0.0,-0.004221,-0.003733,-0.000106,-0.0,-0.000343,-0.0,-0.0,-0.002668,-0.0,-0.003,-0.003871,-0.0,-0.000794,-0.000455,-0.0,-0.004695,-0.000286,-0.0,-0.001512,-0.0,-0.0,-0.000805,-0.000332,-0.000963,-0.00096,-0.0,-0.0,-0.002199,-0.0023,-0.004383,-0.0,-0.0,-4.3e-05,-0.0,-0.0,-0.0,-0.00192,-0.004339,-0.002004,-0.0,-0.000331,-0.003391,-0.0,-0.001032,-0.0,-0.0,-0.000935,-0.0,-0.0,-0.002769,-0.004194,-0.0,-0.0,-0.0,-0.000217,-0.0,-0.001845,-0.0,-0.000962,-0.00433,-0.0,-0.0,-0.001256,-0.0,-0.0,-0.0,-0.0,-0.002339,-0.00394,-0.0,-0.00205,-0.001886,-0.003763,-0.003776,-0.0,-0.003997,-0.0,-0.002684,-0.000547,-0.0,-0.000227,-0.005618,-0.003623,-0.003038,-0.002497,-0.003817,-0.000329,-0.000269,-0.000522,-0.0,-0.0,-0.001673,-0.001743,-0.00309
2017-05-31 17:32:00+02:00,-0.0,-0.0,-0.000215,-0.002296,-0.0,-0.0,-3.3e-05,-0.000199,-0.001697,-0.0,-0.0,-0.0,-0.004125,-0.004124,-0.001912,-0.003192,-0.0,-0.0,-0.0,-0.003593,-0.0,-0.003546,-0.000636,-0.0,-0.004247,-0.003748,-0.00011,-0.0,-0.000349,-0.0,-0.0,-0.002682,-0.0,-0.003024,-0.003912,-0.0,-0.000823,-0.000483,-0.0,-0.004751,-0.000301,-0.0,-0.001446,-0.0,-0.0,-0.00083,-0.000332,-0.000932,-0.000965,-0.0,-0.0,-0.00215,-0.002307,-0.004439,-0.0,-0.0,-3.4e-05,-0.0,-0.0,-0.0,-0.001874,-0.004388,-0.002025,-0.0,-0.000293,-0.003408,-0.0,-0.001,-0.0,-0.0,-0.000892,-0.0,-0.0,-0.002715,-0.004241,-0.0,-0.0,-0.0,-0.00024,-0.0,-0.001846,-0.0,-0.000985,-0.004373,-0.0,-0.0,-0.001254,-0.0,-0.0,-0.0,-0.0,-0.00234,-0.003987,-0.0,-0.002067,-0.00192,-0.003771,-0.003786,-0.0,-0.004035,-0.0,-0.002705,-0.00052,-0.0,-0.00024,-0.005703,-0.003662,-0.003074,-0.002519,-0.00383,-0.000341,-0.000276,-0.000492,-0.0,-0.0,-0.001604,-0.001767,-0.003117
2017-05-31 17:33:00+02:00,-0.0,-0.0,-0.000172,-0.002259,-0.0,-0.0,-2.7e-05,-0.000179,-0.001676,-0.0,-0.0,-0.0,-0.004128,-0.004123,-0.001899,-0.003155,-0.0,-0.0,-0.0,-0.003507,-0.0,-0.00346,-0.000577,-0.0,-0.004225,-0.00371,-9.6e-05,-0.0,-0.000333,-0.0,-0.0,-0.002663,-0.0,-0.003009,-0.003906,-0.0,-0.000809,-0.000424,-0.0,-0.004752,-0.000267,-0.0,-0.001359,-0.0,-0.0,-0.000796,-0.00032,-0.000894,-0.000951,-0.0,-0.0,-0.002085,-0.002273,-0.004446,-0.0,-0.0,-2.7e-05,-0.0,-0.0,-0.0,-0.001815,-0.004385,-0.00199,-0.0,-0.000234,-0.003371,-0.0,-0.000962,-0.0,-0.0,-0.000837,-0.0,-0.0,-0.002642,-0.00424,-0.0,-0.0,-0.0,-0.000192,-0.0,-0.001815,-0.0,-0.000951,-0.004364,-0.0,-0.0,-0.001238,-0.0,-0.0,-0.0,-0.0,-0.002306,-0.003989,-0.0,-0.002035,-0.001908,-0.003728,-0.003744,-0.0,-0.004024,-0.0,-0.00267,-0.000487,-0.0,-0.000211,-0.005726,-0.00366,-0.003061,-0.002484,-0.003792,-0.000306,-0.000261,-0.000452,-0.0,-0.0,-0.001514,-0.001732,-0.003108
2017-05-31 17:34:00+02:00,-0.0,-0.0,-0.000151,-0.002269,-0.0,-0.0,-2.6e-05,-0.000179,-0.001656,-0.0,-0.0,-0.0,-0.004125,-0.00412,-0.001899,-0.003165,-0.0,-0.0,-0.0,-0.003461,-0.0,-0.003415,-0.000583,-0.0,-0.004208,-0.003718,-9.7e-05,-0.0,-0.000337,-0.0,-0.0,-0.00265,-0.0,-0.003002,-0.003902,-0.0,-0.000815,-0.000435,-0.0,-0.004751,-0.000273,-0.0,-0.001321,-0.0,-0.0,-0.000815,-0.000317,-0.000868,-0.000942,-0.0,-0.0,-0.002049,-0.002274,-0.004447,-0.0,-0.0,-2.2e-05,-0.0,-0.0,-0.0,-0.001781,-0.004383,-0.002003,-0.0,-0.000214,-0.003379,-0.0,-0.000936,-0.0,-0.0,-0.00081,-0.0,-0.0,-0.002603,-0.004238,-0.0,-0.0,-0.0,-0.000198,-0.0,-0.00181,-0.0,-0.000968,-0.004356,-0.0,-0.0,-0.001217,-0.0,-0.0,-0.0,-0.0,-0.002302,-0.003986,-0.0,-0.002044,-0.001912,-0.003728,-0.003747,-0.0,-0.004019,-0.0,-0.002681,-0.000468,-0.0,-0.000215,-0.005737,-0.003653,-0.003058,-0.002496,-0.003799,-0.000308,-0.000265,-0.000435,-0.0,-0.0,-0.001476,-0.001748,-0.003095
2017-05-31 17:35:00+02:00,-0.0,-0.0,-0.000121,-0.002249,-0.0,-0.0,-2.1e-05,-0.00017,-0.001623,-0.0,-0.0,-0.0,-0.004089,-0.004083,-0.001873,-0.003142,-0.0,-0.0,-0.0,-0.003371,-0.0,-0.003325,-0.000563,-0.0,-0.004157,-0.003692,-9.2e-05,-0.0,-0.00033,-0.0,-0.0,-0.002614,-0.0,-0.002967,-0.003866,-0.0,-0.000794,-0.000418,-0.0,-0.004712,-0.000262,-0.0,-0.001249,-0.0,-0.0,-0.000806,-0.000309,-0.000831,-0.000921,-0.0,-0.0,-0.001985,-0.002251,-0.004412,-0.0,-0.0,-1.8e-05,-0.0,-0.0,-0.0,-0.001722,-0.004345,-0.001987,-0.0,-0.000172,-0.003356,-0.0,-0.000897,-0.0,-0.0,-0.000764,-0.0,-0.0,-0.002529,-0.004202,-0.0,-0.0,-0.0,-0.000178,-0.0,-0.001787,-0.0,-0.000958,-0.004311,-0.0,-0.0,-0.001188,-0.0,-0.0,-0.0,-0.0,-0.002277,-0.003951,-0.0,-0.002028,-0.001885,-0.003696,-0.003718,-0.0,-0.003979,-0.0,-0.002662,-0.00044,-0.0,-0.000206,-0.005703,-0.003616,-0.003021,-0.002478,-0.003773,-0.000295,-0.000259,-0.000402,-0.0,-0.0,-0.001401,-0.001735,-0.003058
2017-05-31 17:36:00+02:00,-0.0,-0.0,-9.7e-05,-0.002218,-0.0,-0.0,-1.7e-05,-0.00016,-0.001588,-0.0,-0.0,-0.0,-0.00405,-0.004045,-0.001847,-0.003108,-0.0,-0.0,-0.0,-0.003289,-0.0,-0.003243,-0.000535,-0.0,-0.004104,-0.003655,-8.5e-05,-0.0,-0.000319,-0.0,-0.0,-0.002577,-0.0,-0.002931,-0.003829,-0.0,-0.000772,-0.000394,-0.0,-0.00467,-0.000248,-0.0,-0.001184,-0.0,-0.0,-0.000788,-0.000299,-0.000797,-0.000899,-0.0,-0.0,-0.001928,-0.002222,-0.004375,-0.0,-0.0,-1.4e-05,-0.0,-0.0,-0.0,-0.001669,-0.004303,-0.00196,-0.0,-0.000137,-0.00332,-0.0,-0.000861,-0.0,-0.0,-0.000723,-0.0,-0.0,-0.002464,-0.004165,-0.0,-0.0,-0.0,-0.000153,-0.0,-0.001758,-0.0,-0.000938,-0.004264,-0.0,-0.0,-0.001157,-0.0,-0.0,-0.0,-0.0,-0.002245,-0.003913,-0.0,-0.002003,-0.001857,-0.003653,-0.003676,-0.0,-0.003937,-0.0,-0.002632,-0.000414,-0.0,-0.000194,-0.005662,-0.003577,-0.002983,-0.002448,-0.003734,-0.000279,-0.00025,-0.000372,-0.0,-0.0,-0.001334,-0.00171,-0.003019
2017-05-31 17:37:00+02:00,-0.0,-0.0,-7.7e-05,-0.002194,-0.0,-0.0,-1.3e-05,-0.00015,-0.001555,-0.0,-0.0,-0.0,-0.00401,-0.004007,-0.001826,-0.00308,-0.0,-0.0,-0.0,-0.003216,-0.0,-0.00317,-0.000509,-0.0,-0.004054,-0.003623,-7.8e-05,-0.0,-0.000311,-0.0,-0.0,-0.002542,-0.0,-0.002899,-0.003793,-0.0,-0.000759,-0.000368,-0.0,-0.004629,-0.000231,-0.0,-0.001128,-0.0,-0.0,-0.000776,-0.000289,-0.000764,-0.000879,-0.0,-0.0,-0.001875,-0.002196,-0.004336,-0.0,-0.0,-1.1e-05,-0.0,-0.0,-0.0,-0.00162,-0.004264,-0.001938,-0.0,-0.00011,-0.003291,-0.0,-0.000827,-0.0,-0.0,-0.000687,-0.0,-0.0,-0.002404,-0.004128,-0.0,-0.0,-0.0,-0.000129,-0.0,-0.001732,-0.0,-0.000925,-0.004219,-0.0,-0.0,-0.001124,-0.0,-0.0,-0.0,-0.0,-0.002217,-0.003874,-0.0,-0.001983,-0.001836,-0.003614,-0.00364,-0.0,-0.003899,-0.0,-0.002607,-0.000391,-0.0,-0.00018,-0.00562,-0.003537,-0.00295,-0.002423,-0.003702,-0.000263,-0.000243,-0.000347,-0.0,-0.0,-0.001276,-0.001692,-0.002978
2017-05-31 17:38:00+02:00,-0.0,-0.0,-6.2e-05,-0.002161,-0.0,-0.0,-1.1e-05,-0.000143,-0.001516,-0.0,-0.0,-0.0,-0.003953,-0.003952,-0.001792,-0.003042,-0.0,-0.0,-0.0,-0.003134,-0.0,-0.003089,-0.000491,-0.0,-0.003988,-0.003581,-7.3e-05,-0.0,-0.000301,-0.0,-0.0,-0.002497,-0.0,-0.002854,-0.003741,-0.0,-0.000734,-0.000351,-0.0,-0.00457,-0.000221,-0.0,-0.001066,-0.0,-0.0,-0.000758,-0.000279,-0.000731,-0.000855,-0.0,-0.0,-0.001817,-0.002163,-0.004278,-0.0,-0.0,-9e-06,-0.0,-0.0,-0.0,-0.001567,-0.004207,-0.001909,-0.0,-8.8e-05,-0.003251,-0.0,-0.000793,-0.0,-0.0,-0.000648,-0.0,-0.0,-0.002338,-0.004073,-0.0,-0.0,-0.0,-0.00011,-0.0,-0.0017,-0.0,-0.000905,-0.004157,-0.0,-0.0,-0.001089,-0.0,-0.0,-0.0,-0.0,-0.002181,-0.003818,-0.0,-0.001955,-0.001802,-0.003565,-0.003592,-0.0,-0.003844,-0.0,-0.002573,-0.000367,-0.0,-0.000171,-0.005556,-0.003482,-0.002901,-0.00239,-0.003658,-0.000252,-0.000234,-0.000319,-0.0,-0.0,-0.001212,-0.001667,-0.002926
2017-05-31 17:39:00+02:00,-0.0,-0.0,-4.9e-05,-0.002153,-0.0,-0.0,-1e-05,-0.000142,-0.001496,-0.0,-0.0,-0.0,-0.00394,-0.003943,-0.001796,-0.00303,-0.0,-0.0,-0.0,-0.003106,-0.0,-0.003061,-0.000497,-0.0,-0.003973,-0.003563,-7.2e-05,-0.0,-0.000298,-0.0,-0.0,-0.002486,-0.0,-0.002849,-0.003736,-0.0,-0.000743,-0.000357,-0.0,-0.004562,-0.000223,-0.0,-0.001049,-0.0,-0.0,-0.000762,-0.000272,-0.00071,-0.000845,-0.0,-0.0,-0.001794,-0.002151,-0.004269,-0.0,-0.0,-7e-06,-0.0,-0.0,-0.0,-0.001544,-0.004201,-0.001905,-0.0,-7.4e-05,-0.003237,-0.0,-0.000771,-0.0,-0.0,-0.000634,-0.0,-0.0,-0.002316,-0.004067,-0.0,-0.0,-0.0,-0.000117,-0.0,-0.001685,-0.0,-0.000908,-0.004146,-0.0,-0.0,-0.001061,-0.0,-0.0,-0.0,-0.0,-0.002164,-0.003806,-0.0,-0.001951,-0.001807,-0.003541,-0.003569,-0.0,-0.003839,-0.0,-0.002565,-0.000355,-0.0,-0.000173,-0.005547,-0.003466,-0.002898,-0.002383,-0.003638,-0.000254,-0.000233,-0.00031,-0.0,-0.0,-0.001194,-0.001665,-0.002907
2017-05-31 17:40:00+02:00,-0.0,-0.0,-4.1e-05,-0.00218,-0.0,-0.0,-1.3e-05,-0.000145,-0.001489,-0.0,-0.0,-0.0,-0.003962,-0.00397,-0.001822,-0.003062,-0.0,-0.0,-0.0,-0.003092,-0.0,-0.003048,-0.00052,-0.0,-0.003995,-0.003594,-7.5e-05,-0.0,-0.000305,-0.0,-0.0,-0.002499,-0.0,-0.002873,-0.003766,-0.0,-0.000772,-0.000381,-0.0,-0.004597,-0.000235,-0.0,-0.001045,-0.0,-0.0,-0.000793,-0.000271,-0.000694,-0.000846,-0.0,-0.0,-0.00178,-0.00217,-0.004297,-0.0,-0.0,-6e-06,-0.0,-0.0,-0.0,-0.001529,-0.004235,-0.001934,-0.0,-7.4e-05,-0.003269,-0.0,-0.000754,-0.0,-0.0,-0.000628,-0.0,-0.0,-0.002304,-0.004098,-0.0,-0.0,-0.0,-0.000141,-0.0,-0.001694,-0.0,-0.000937,-0.004173,-0.0,-0.0,-0.001043,-0.0,-0.0,-0.0,-0.0,-0.002178,-0.003829,-0.0,-0.001978,-0.001839,-0.003563,-0.003593,-0.0,-0.003871,-0.0,-0.002596,-0.000346,-0.0,-0.000182,-0.005586,-0.003481,-0.002925,-0.002412,-0.003667,-0.000265,-0.000241,-0.000308,-0.0,-0.0,-0.001189,-0.001696,-0.002913
2017-05-31 17:41:00+02:00,-0.0,-0.0,-4.7e-05,-0.00219,-0.0,-0.0,-1.4e-05,-0.000144,-0.001465,-0.0,-0.0,-0.0,-0.003929,-0.003942,-0.001824,-0.003071,-0.0,-0.0,-0.0,-0.003076,-0.0,-0.003032,-0.000524,-0.0,-0.003972,-0.003599,-7.4e-05,-0.0,-0.000309,-0.0,-0.0,-0.002478,-0.0,-0.002858,-0.003746,-0.0,-0.000791,-0.000387,-0.0,-0.004584,-0.000237,-0.0,-0.00105,-0.0,-0.0,-0.000818,-0.000269,-0.000679,-0.000837,-0.0,-0.0,-0.00176,-0.002165,-0.004267,-0.0,-0.0,-5e-06,-0.0,-0.0,-0.0,-0.001509,-0.004225,-0.001949,-0.0,-8.5e-05,-0.003276,-0.0,-0.000737,-0.0,-0.0,-0.000626,-0.0,-0.0,-0.002285,-0.004075,-0.0,-0.0,-0.0,-0.000151,-0.0,-0.001684,-0.0,-0.000959,-0.004156,-0.0,-0.0,-0.001018,-0.0,-0.0,-0.0,-0.0,-0.002167,-0.003797,-0.0,-0.001983,-0.001851,-0.003557,-0.003592,-0.0,-0.003863,-0.0,-0.002608,-0.000341,-0.0,-0.000183,-0.005567,-0.003447,-0.002921,-0.002424,-0.003671,-0.000266,-0.000246,-0.000309,-0.0,-0.0,-0.001195,-0.001715,-0.002879
2017-05-31 17:42:00+02:00,-0.0,-0.0,-3.8e-05,-0.002087,-0.0,-0.0,-1.1e-05,-0.000123,-0.001403,-0.0,-0.0,-0.0,-0.003807,-0.003822,-0.001743,-0.002953,-0.0,-0.0,-0.0,-0.002952,-0.0,-0.00291,-0.00045,-0.0,-0.003838,-0.00347,-6.1e-05,-0.0,-0.00028,-0.0,-0.0,-0.002386,-0.0,-0.002756,-0.003628,-0.0,-0.000724,-0.000317,-0.0,-0.004451,-0.000197,-0.0,-0.000973,-0.0,-0.0,-0.000742,-0.000249,-0.00064,-0.000794,-0.0,-0.0,-0.001677,-0.002073,-0.004137,-0.0,-0.0,-4e-06,-0.0,-0.0,-0.0,-0.001435,-0.004099,-0.001852,-0.0,-6.8e-05,-0.003154,-0.0,-0.000696,-0.0,-0.0,-0.000579,-0.0,-0.0,-0.002184,-0.003951,-0.0,-0.0,-0.0,-0.000121,-0.0,-0.001609,-0.0,-0.000881,-0.004026,-0.0,-0.0,-0.000975,-0.0,-0.0,-0.0,-0.0,-0.002076,-0.003679,-0.0,-0.001891,-0.001764,-0.003424,-0.00346,-0.0,-0.003739,-0.0,-0.002499,-0.000315,-0.0,-0.000151,-0.005419,-0.003335,-0.002813,-0.002317,-0.003541,-0.000225,-0.000219,-0.000275,-0.0,-0.0,-0.001114,-0.001622,-0.002782
2017-05-31 17:43:00+02:00,-0.0,-0.0,-3e-05,-0.002063,-0.0,-0.0,-9e-06,-0.000121,-0.001379,-0.0,-0.0,-0.0,-0.003774,-0.003794,-0.001733,-0.002925,-0.0,-0.0,-0.0,-0.002899,-0.0,-0.002857,-0.000452,-0.0,-0.003809,-0.003438,-6e-05,-0.0,-0.000273,-0.0,-0.0,-0.002362,-0.0,-0.002735,-0.003603,-0.0,-0.000727,-0.000319,-0.0,-0.004431,-0.000196,-0.0,-0.000957,-0.0,-0.0,-0.000732,-0.000242,-0.000619,-0.000782,-0.0,-0.0,-0.001638,-0.002045,-0.004106,-0.0,-0.0,-3e-06,-0.0,-0.0,-0.0,-0.001399,-0.004081,-0.001831,-0.0,-5.4e-05,-0.003124,-0.0,-0.000673,-0.0,-0.0,-0.000565,-0.0,-0.0,-0.002138,-0.003925,-0.0,-0.0,-0.0,-0.000119,-0.0,-0.001583,-0.0,-0.000869,-0.004002,-0.0,-0.0,-0.000953,-0.0,-0.0,-0.0,-0.0,-0.002046,-0.003648,-0.0,-0.001868,-0.001761,-0.003385,-0.003423,-0.0,-0.003721,-0.0,-0.002474,-0.000305,-0.0,-0.00015,-0.005394,-0.003303,-0.002798,-0.002292,-0.003508,-0.000225,-0.000213,-0.000267,-0.0,-0.0,-0.001097,-0.001605,-0.00275
2017-05-31 17:44:00+02:00,-0.0,-0.0,-4.6e-05,-0.002073,-0.0,-0.0,-1.4e-05,-0.000129,-0.001376,-0.0,-0.0,-0.0,-0.003782,-0.003809,-0.00176,-0.002937,-0.0,-0.0,-0.0,-0.002914,-0.0,-0.002874,-0.000491,-0.0,-0.003836,-0.003448,-6.6e-05,-0.0,-0.000276,-0.0,-0.0,-0.00237,-0.0,-0.002752,-0.003623,-0.0,-0.000766,-0.000357,-0.0,-0.004471,-0.000215,-0.0,-0.000987,-0.0,-0.0,-0.000751,-0.000241,-0.000615,-0.000786,-0.0,-0.0,-0.001638,-0.002042,-0.004118,-0.0,-0.0,-2e-06,-0.0,-0.0,-0.0,-0.001397,-0.004121,-0.001845,-0.0,-7.7e-05,-0.003135,-0.0,-0.000668,-0.0,-0.0,-0.000576,-0.0,-0.0,-0.002141,-0.003944,-0.0,-0.0,-0.0,-0.000152,-0.0,-0.001576,-0.0,-0.000887,-0.004035,-0.0,-0.0,-0.000947,-0.0,-0.0,-0.0,-0.0,-0.002039,-0.003657,-0.0,-0.001872,-0.001803,-0.003386,-0.003427,-0.0,-0.003759,-0.0,-0.002487,-0.000308,-0.0,-0.000165,-0.005436,-0.003307,-0.002833,-0.002303,-0.003516,-0.000243,-0.000217,-0.000278,-0.0,-0.0,-0.001127,-0.001621,-0.002751
2017-05-31 17:45:00+02:00,-0.0,-0.0,-5.2e-05,-0.002077,-0.0,-0.0,-1.3e-05,-0.000129,-0.001368,-0.0,-0.0,-0.0,-0.003773,-0.003803,-0.001765,-0.002944,-0.0,-0.0,-0.0,-0.002935,-0.0,-0.002895,-0.000495,-0.0,-0.003844,-0.003456,-6.6e-05,-0.0,-0.000275,-0.0,-0.0,-0.002365,-0.0,-0.002751,-0.00362,-0.0,-0.00078,-0.000359,-0.0,-0.004487,-0.000214,-0.0,-0.001007,-0.0,-0.0,-0.000757,-0.00024,-0.000613,-0.000784,-0.0,-0.0,-0.001639,-0.002036,-0.004111,-0.0,-0.0,-2e-06,-0.0,-0.0,-0.0,-0.001397,-0.004138,-0.001851,-0.0,-8.9e-05,-0.003142,-0.0,-0.000665,-0.0,-0.0,-0.000583,-0.0,-0.0,-0.002146,-0.003939,-0.0,-0.0,-0.0,-0.000152,-0.0,-0.001568,-0.0,-0.000893,-0.004046,-0.0,-0.0,-0.000941,-0.0,-0.0,-0.0,-0.0,-0.00203,-0.003648,-0.0,-0.001869,-0.001819,-0.003387,-0.00343,-0.0,-0.003776,-0.0,-0.002494,-0.000309,-0.0,-0.000165,-0.005454,-0.003296,-0.002845,-0.002308,-0.003524,-0.000243,-0.000217,-0.000284,-0.0,-0.0,-0.001149,-0.001627,-0.002739
2017-05-31 17:46:00+02:00,-0.0,-0.0,-7.5e-05,-0.002054,-0.0,-0.0,-1.4e-05,-0.000132,-0.001399,-0.0,-0.0,-0.0,-0.003839,-0.003905,-0.001859,-0.002909,-0.0,-0.0,-0.0,-0.002959,-0.0,-0.002919,-0.000514,-0.0,-0.003968,-0.003402,-6.8e-05,-0.0,-0.000271,-0.0,-0.0,-0.002432,-0.0,-0.002839,-0.003723,-0.0,-0.000877,-0.000378,-0.0,-0.004637,-0.000222,-0.0,-0.00104,-0.0,-0.0,-0.000753,-0.000236,-0.000611,-0.000818,-0.0,-0.0,-0.001642,-0.002,-0.004192,-0.0,-0.0,-2e-06,-0.0,-0.0,-0.0,-0.001397,-0.004284,-0.001833,-0.0,-0.000115,-0.003101,-0.0,-0.000663,-0.0,-0.0,-0.000595,-0.0,-0.0,-0.002153,-0.004046,-0.0,-0.0,-0.0,-0.000164,-0.0,-0.001537,-0.0,-0.000886,-0.004182,-0.0,-0.0,-0.00096,-0.0,-0.0,-0.0,-0.0,-0.001987,-0.003739,-0.0,-0.001842,-0.001942,-0.003328,-0.003373,-0.0,-0.003915,-0.0,-0.002468,-0.000313,-0.0,-0.000171,-0.005594,-0.003363,-0.002972,-0.002284,-0.00347,-0.000251,-0.000213,-0.000296,-0.0,-0.0,-0.001182,-0.001613,-0.002803
2017-05-31 17:47:00+02:00,-0.0,-0.0,-6e-05,-0.001994,-0.0,-0.0,-1.2e-05,-0.000124,-0.001393,-0.0,-0.0,-0.0,-0.003849,-0.003905,-0.001879,-0.002834,-0.0,-0.0,-0.0,-0.002923,-0.0,-0.002885,-0.000486,-0.0,-0.003986,-0.003311,-6.3e-05,-0.0,-0.000255,-0.0,-0.0,-0.002432,-0.0,-0.002847,-0.003727,-0.0,-0.000903,-0.000351,-0.0,-0.004664,-0.000207,-0.0,-0.001024,-0.0,-0.0,-0.000713,-0.000225,-0.000596,-0.000821,-0.0,-0.0,-0.001608,-0.001937,-0.004206,-0.0,-0.0,-1e-06,-0.0,-0.0,-0.0,-0.001367,-0.004315,-0.001778,-0.0,-0.000103,-0.003021,-0.0,-0.000647,-0.0,-0.0,-0.000582,-0.0,-0.0,-0.002115,-0.004048,-0.0,-0.0,-0.0,-0.000133,-0.0,-0.001486,-0.0,-0.000845,-0.004205,-0.0,-0.0,-0.000957,-0.0,-0.0,-0.0,-0.0,-0.001922,-0.003741,-0.0,-0.001784,-0.001976,-0.003234,-0.00328,-0.0,-0.003945,-0.0,-0.002403,-0.000305,-0.0,-0.000159,-0.005646,-0.003365,-0.003001,-0.00222,-0.003379,-0.000235,-0.000199,-0.000287,-0.0,-0.0,-0.001165,-0.001561,-0.002796
2017-05-31 17:48:00+02:00,-0.0,-0.0,-4.8e-05,-0.001901,-0.0,-0.0,-9e-06,-0.000113,-0.001374,-0.0,-0.0,-0.0,-0.003847,-0.003897,-0.001879,-0.002725,-0.0,-0.0,-0.0,-0.002864,-0.0,-0.002827,-0.000449,-0.0,-0.003972,-0.003187,-5.6e-05,-0.0,-0.000229,-0.0,-0.0,-0.002416,-0.0,-0.002836,-0.00372,-0.0,-0.000905,-0.000317,-0.0,-0.004669,-0.000188,-0.0,-0.000984,-0.0,-0.0,-0.000641,-0.000209,-0.000575,-0.000814,-0.0,-0.0,-0.001565,-0.001855,-0.004207,-0.0,-0.0,-1e-06,-0.0,-0.0,-0.0,-0.001328,-0.00432,-0.00169,-0.0,-8.2e-05,-0.002907,-0.0,-0.000624,-0.0,-0.0,-0.000557,-0.0,-0.0,-0.002064,-0.004042,-0.0,-0.0,-0.0,-0.000106,-0.0,-0.001419,-0.0,-0.000772,-0.004205,-0.0,-0.0,-0.000945,-0.0,-0.0,-0.0,-0.0,-0.00184,-0.003732,-0.0,-0.001701,-0.001982,-0.003109,-0.003155,-0.0,-0.003943,-0.0,-0.002303,-0.000291,-0.0,-0.000143,-0.00567,-0.003356,-0.003002,-0.002123,-0.003254,-0.000214,-0.000174,-0.00027,-0.0,-0.0,-0.001124,-0.001476,-0.002781
2017-05-31 17:49:00+02:00,-0.0,-0.0,-4.4e-05,-0.001861,-0.0,-0.0,-8e-06,-0.000113,-0.00136,-0.0,-0.0,-0.0,-0.003883,-0.003931,-0.001907,-0.002676,-0.0,-0.0,-0.0,-0.002858,-0.0,-0.002821,-0.000457,-0.0,-0.003979,-0.003127,-5.7e-05,-0.0,-0.000216,-0.0,-0.0,-0.002419,-0.0,-0.002853,-0.003753,-0.0,-0.000933,-0.000327,-0.0,-0.004717,-0.000193,-0.0,-0.000987,-0.0,-0.0,-0.000612,-0.000199,-0.000563,-0.000816,-0.0,-0.0,-0.001553,-0.001815,-0.00425,-0.0,-0.0,-1e-06,-0.0,-0.0,-0.0,-0.001315,-0.004365,-0.001653,-0.0,-8.3e-05,-0.002855,-0.0,-0.000611,-0.0,-0.0,-0.000554,-0.0,-0.0,-0.002054,-0.004079,-0.0,-0.0,-0.0,-0.000108,-0.0,-0.001384,-0.0,-0.000742,-0.004244,-0.0,-0.0,-0.000934,-0.0,-0.0,-0.0,-0.0,-0.001797,-0.003762,-0.0,-0.001666,-0.002019,-0.003045,-0.003093,-0.0,-0.00397,-0.0,-0.00226,-0.000286,-0.0,-0.000147,-0.005742,-0.00338,-0.003035,-0.002081,-0.003194,-0.000217,-0.000163,-0.000269,-0.0,-0.0,-0.001126,-0.001441,-0.002792
2017-05-31 17:50:00+02:00,-0.0,-0.0,-5.7e-05,-0.001845,-0.0,-0.0,-8e-06,-0.000114,-0.001349,-0.0,-0.0,-0.0,-0.00391,-0.003968,-0.001942,-0.002652,-0.0,-0.0,-0.0,-0.002867,-0.0,-0.002832,-0.000471,-0.0,-0.003997,-0.003093,-5.8e-05,-0.0,-0.000211,-0.0,-0.0,-0.002428,-0.0,-0.002877,-0.003791,-0.0,-0.000972,-0.000341,-0.0,-0.00477,-0.000199,-0.0,-0.001005,-0.0,-0.0,-0.000607,-0.000192,-0.000554,-0.000819,-0.0,-0.0,-0.00155,-0.001793,-0.004289,-0.0,-0.0,-1e-06,-0.0,-0.0,-0.0,-0.00131,-0.004417,-0.00164,-0.0,-9.9e-05,-0.002828,-0.0,-0.000601,-0.0,-0.0,-0.000559,-0.0,-0.0,-0.002056,-0.004121,-0.0,-0.0,-0.0,-0.000118,-0.0,-0.001362,-0.0,-0.000735,-0.004288,-0.0,-0.0,-0.000906,-0.0,-0.0,-0.0,-0.0,-0.00177,-0.003794,-0.0,-0.001651,-0.002065,-0.003004,-0.003054,-0.0,-0.004007,-0.0,-0.002243,-0.000284,-0.0,-0.000151,-0.005809,-0.003404,-0.003075,-0.002064,-0.003158,-0.000223,-0.000159,-0.000274,-0.0,-0.0,-0.001145,-0.00143,-0.002804
2017-05-31 17:51:00+02:00,-0.0,-0.0,-4.6e-05,-0.001782,-0.0,-0.0,-6e-06,-0.000107,-0.001306,-0.0,-0.0,-0.0,-0.003628,-0.003887,-0.001906,-0.00257,-0.0,-0.0,-0.0,-0.002786,-0.0,-0.002752,-0.000445,-0.0,-0.003912,-0.002995,-5.3e-05,-0.0,-0.000197,-0.0,-0.0,-0.002365,-0.0,-0.002813,-0.003716,-0.0,-0.000958,-0.000319,-0.0,-0.004697,-0.000186,-0.0,-0.00097,-0.0,-0.0,-0.00057,-0.000182,-0.00053,-0.000797,-0.0,-0.0,-0.001493,-0.001725,-0.004022,-0.0,-0.0,-0.0,-0.0,-0.0,-0.0,-0.00126,-0.00435,-0.001583,-0.0,-8.1e-05,-0.00274,-0.0,-0.000576,-0.0,-0.0,-0.000535,-0.0,-0.0,-0.001987,-0.004041,-0.0,-0.0,-0.0,-9.6e-05,-0.0,-0.001306,-0.0,-0.000696,-0.004218,-0.0,-0.0,-0.000867,-0.0,-0.0,-0.0,-0.0,-0.0017,-0.003628,-0.0,-0.00159,-0.002037,-0.002901,-0.002953,-0.0,-0.003937,-0.0,-0.002172,-0.000271,-0.0,-0.000141,-0.005632,-0.003182,-0.003024,-0.001996,-0.003058,-0.000208,-0.000147,-0.00026,-0.0,-0.0,-0.001106,-0.001376,-0.00269
2017-05-31 17:52:00+02:00,-0.0,-0.0,-3.7e-05,-0.001515,-0.0,-0.0,-5e-06,-8.5e-05,-0.000927,-0.0,-0.0,-0.0,-0.001624,-0.001783,-0.001634,-0.002207,-0.0,-0.0,-0.0,-0.002385,-0.0,-0.002356,-0.000356,-0.0,-0.002652,-0.002579,-4.3e-05,-0.0,-0.000157,-0.0,-0.0,-0.001452,-0.0,-0.001783,-0.001927,-0.0,-0.000805,-0.000255,-0.0,-0.002835,-0.000148,-0.0,-0.000793,-0.0,-0.0,-0.000456,-0.000153,-0.000456,-0.000694,-0.0,-0.0,-0.001264,-0.001467,-0.001783,-0.0,-0.0,-0.0,-0.0,-0.0,-0.0,-0.001067,-0.002835,-0.001338,-0.0,-6.5e-05,-0.002356,-0.0,-0.000496,-0.0,-0.0,-0.000438,-0.0,-0.0,-0.001683,-0.001927,-0.0,-0.0,-0.0,-7.7e-05,-0.0,-0.001114,-0.0,-0.000557,-0.002722,-0.0,-0.0,-0.000673,-0.0,-0.0,-0.0,-0.0,-0.001449,-0.001624,-0.0,-0.001344,-0.00176,-0.002497,-0.002543,-0.0,-0.002835,-0.0,-0.001857,-0.000225,-0.0,-0.000112,-0.002851,-0.001452,-0.002634,-0.001703,-0.002635,-0.000166,-0.000117,-0.000208,-0.0,-0.0,-0.000911,-0.001154,-0.001273
2017-05-31 17:53:00+02:00,-0.0,-0.0,-2.9e-05,-0.001212,-0.0,-0.0,-4e-06,-6.8e-05,-0.000741,-0.0,-0.0,-0.0,-0.001299,-0.001426,-0.001307,-0.001766,-0.0,-0.0,-0.0,-0.001908,-0.0,-0.001885,-0.000285,-0.0,-0.002122,-0.002064,-3.4e-05,-0.0,-0.000126,-0.0,-0.0,-0.001162,-0.0,-0.001426,-0.001541,-0.0,-0.000644,-0.000204,-0.0,-0.002268,-0.000119,-0.0,-0.000634,-0.0,-0.0,-0.000365,-0.000122,-0.000365,-0.000555,-0.0,-0.0,-0.001011,-0.001173,-0.001426,-0.0,-0.0,-0.0,-0.0,-0.0,-0.0,-0.000854,-0.002268,-0.001071,-0.0,-5.2e-05,-0.001885,-0.0,-0.000397,-0.0,-0.0,-0.00035,-0.0,-0.0,-0.001347,-0.001541,-0.0,-0.0,-0.0,-6.1e-05,-0.0,-0.000891,-0.0,-0.000445,-0.002177,-0.0,-0.0,-0.000538,-0.0,-0.0,-0.0,-0.0,-0.001159,-0.001299,-0.0,-0.001075,-0.001408,-0.001998,-0.002035,-0.0,-0.002268,-0.0,-0.001486,-0.00018,-0.0,-9e-05,-0.002281,-0.001162,-0.002107,-0.001362,-0.002108,-0.000133,-9.4e-05,-0.000166,-0.0,-0.0,-0.000728,-0.000923,-0.001018
2017-05-31 17:54:00+02:00,-0.0,-0.0,-2.3e-05,-0.001181,-0.0,-0.0,-3e-06,-5.5e-05,-0.000797,-0.0,-0.0,-0.0,-0.001712,-0.001828,-0.001399,-0.001738,-0.0,-0.0,-0.0,-0.001912,-0.0,-0.00189,-0.000228,-0.0,-0.002383,-0.002033,-2.7e-05,-0.0,-0.000111,-0.0,-0.0,-0.001338,-0.0,-0.001641,-0.001896,-0.0,-0.000708,-0.000163,-0.0,-0.002649,-9.5e-05,-0.0,-0.000617,-0.0,-0.0,-0.000322,-0.000111,-0.00035,-0.000573,-0.0,-0.0,-0.001007,-0.001153,-0.001887,-0.0,-0.0,-0.0,-0.0,-0.0,-0.0,-0.000847,-0.002592,-0.001039,-0.0,-4.2e-05,-0.001857,-0.0,-0.000382,-0.0,-0.0,-0.000339,-0.0,-0.0,-0.00135,-0.001953,-0.0,-0.0,-0.0,-4.9e-05,-0.0,-0.000869,-0.0,-0.000407,-0.002489,-0.0,-0.0,-0.000552,-0.0,-0.0,-0.0,-0.0,-0.001137,-0.001688,-0.0,-0.001054,-0.001508,-0.001963,-0.002001,-0.0,-0.002516,-0.0,-0.001458,-0.00017,-0.0,-7.2e-05,-0.002846,-0.001503,-0.002228,-0.001332,-0.002078,-0.000106,-7.9e-05,-0.000156,-0.0,-0.0,-0.000712,-0.000889,-0.001275
2017-05-31 17:55:00+02:00,-0.0,-0.0,-0.000184,-0.001419,-0.0,-4e-06,-1.6e-05,-8.1e-05,-0.000928,-1.2e-05,-0.0,-0.0,-0.002151,-0.002333,-0.001685,-0.002019,-7.8e-05,-0.0,-2.8e-05,-0.00224,-0.0,-0.002217,-0.000377,-0.0,-0.002895,-0.002329,-4.3e-05,-0.0,-0.000161,-2.3e-05,-0.0,-0.001662,-0.0,-0.002045,-0.002457,-0.0,-0.000962,-0.000297,-0.0,-0.0033,-0.000162,-0.0,-0.000844,-0.0,-0.0,-0.000515,-0.000132,-0.000394,-0.000659,-0.0,-0.0,-0.001183,-0.001337,-0.00238,-0.0,-0.0,-0.000123,-0.0,-0.0,-5.1e-05,-0.000988,-0.003184,-0.001274,-0.0,-0.000201,-0.002144,-6e-06,-0.000427,-0.0,-1.9e-05,-0.000447,-4e-06,-3.8e-05,-0.001589,-0.002509,-0.0,-3e-05,-0.0,-0.000167,-0.0,-0.000995,-0.0,-0.000603,-0.003059,-0.0,-0.0001,-0.000584,-0.0,-0.0,-0.0,-0.0,-0.001298,-0.002132,-0.0,-0.00126,-0.001842,-0.002234,-0.002281,-0.0,-0.003032,-0.0,-0.001721,-0.000209,-0.0,-0.000124,-0.003469,-0.00188,-0.002601,-0.001583,-0.002374,-0.000175,-0.000128,-0.000231,-0.0,-1.6e-05,-0.000949,-0.001119,-0.001583
2017-05-31 17:56:00+02:00,-0.0,-0.0,-0.000266,-0.001577,-0.0,-3e-06,-2.3e-05,-9.7e-05,-0.001007,-1e-05,-0.0,-0.0,-0.002494,-0.00273,-0.001859,-0.002213,-9.6e-05,-0.0,-2.2e-05,-0.002463,-0.0,-0.00244,-0.000479,-0.0,-0.003237,-0.002539,-5.2e-05,-0.0,-0.00019,-2.2e-05,-0.0,-0.001878,-0.0,-0.002315,-0.002844,-0.0,-0.001103,-0.000389,-0.0,-0.003743,-0.000208,-0.0,-0.000981,-0.0,-0.0,-0.000632,-0.000142,-0.000417,-0.000705,-0.0,-0.0,-0.001298,-0.001462,-0.002769,-0.0,-0.0,-0.000176,-0.0,-0.0,-7e-05,-0.00108,-0.003584,-0.001429,-0.0,-0.000285,-0.002344,-8e-06,-0.000451,-0.0,-2.5e-05,-0.000511,-3e-06,-3e-05,-0.001751,-0.002948,-0.0,-2.4e-05,-0.0,-0.000242,-0.0,-0.001079,-0.0,-0.000724,-0.003443,-0.0,-0.000132,-0.000603,-0.0,-0.0,-0.0,-0.0,-0.00141,-0.002479,-0.0,-0.001399,-0.002041,-0.002425,-0.002479,-0.0,-0.003373,-0.0,-0.001901,-0.00023,-0.0,-0.000158,-0.00396,-0.002174,-0.002831,-0.001752,-0.002585,-0.000221,-0.000155,-0.000274,-0.0,-1.3e-05,-0.001094,-0.001268,-0.001821
2017-05-31 17:57:00+02:00,-0.0,-0.0,-0.000257,-0.001615,-0.0,-2e-06,-2.1e-05,-9.6e-05,-0.001041,-8e-06,-0.0,-0.0,-0.002765,-0.003006,-0.001925,-0.002272,-7.7e-05,-0.0,-1.8e-05,-0.002555,-0.0,-0.002532,-0.000486,-0.0,-0.003419,-0.002607,-5.1e-05,-0.0,-0.00019,-1.8e-05,-0.0,-0.001993,-0.0,-0.002459,-0.003074,-0.0,-0.001137,-0.000389,-0.0,-0.003999,-0.000208,-0.0,-0.001012,-0.0,-0.0,-0.00064,-0.00014,-0.000419,-0.000716,-0.0,-0.0,-0.00134,-0.001498,-0.003075,-0.0,-0.0,-0.000149,-0.0,-0.0,-5.6e-05,-0.00111,-0.003806,-0.001464,-0.0,-0.000281,-0.002407,-7e-06,-0.000454,-0.0,-2e-05,-0.000523,-2e-06,-2.4e-05,-0.001815,-0.003222,-0.0,-1.9e-05,-0.0,-0.000228,-0.0,-0.001099,-0.0,-0.000736,-0.003658,-0.0,-0.000106,-0.000613,-0.0,-0.0,-0.0,-0.0,-0.001441,-0.002753,-0.0,-0.001435,-0.002112,-0.002484,-0.002542,-0.0,-0.00355,-0.0,-0.00195,-0.000231,-0.0,-0.000157,-0.004352,-0.002405,-0.002926,-0.001794,-0.002655,-0.000222,-0.000154,-0.000278,-0.0,-1e-05,-0.001129,-0.001297,-0.001997
2017-05-31 17:58:00+02:00,-0.0,-0.0,-0.000213,-0.001626,-0.0,-2e-06,-1.6e-05,-9e-05,-0.001053,-6e-06,-0.0,-0.0,-0.002977,-0.00319,-0.001946,-0.002299,-6.1e-05,-0.0,-1.4e-05,-0.002573,-0.0,-0.00255,-0.000462,-0.0,-0.003523,-0.002642,-4.6e-05,-0.0,-0.000183,-1.4e-05,-0.0,-0.002056,-0.0,-0.00254,-0.00322,-0.0,-0.001131,-0.00036,-0.0,-0.004162,-0.000194,-0.0,-0.000992,-0.0,-0.0,-0.000625,-0.000135,-0.00041,-0.000713,-0.0,-0.0,-0.00134,-0.001511,-0.003313,-0.0,-0.0,-0.000119,-0.0,-0.0,-4.5e-05,-0.001107,-0.003943,-0.001472,-0.0,-0.000242,-0.002437,-5e-06,-0.000445,-0.0,-1.6e-05,-0.00051,-2e-06,-1.9e-05,-0.001824,-0.003404,-0.0,-1.5e-05,-0.0,-0.000188,-0.0,-0.001103,-0.0,-0.000726,-0.003789,-0.0,-8.5e-05,-0.000615,-0.0,-0.0,-0.0,-0.0,-0.001452,-0.002941,-0.0,-0.001447,-0.002131,-0.002512,-0.002573,-0.0,-0.003649,-0.0,-0.001969,-0.000223,-0.0,-0.000145,-0.004659,-0.002572,-0.002964,-0.001809,-0.002691,-0.000209,-0.000147,-0.000265,-0.0,-8e-06,-0.001111,-0.0013,-0.002113
2017-05-31 17:59:00+02:00,-0.0,-0.0,-0.000171,-0.001628,-0.0,-2e-06,-1.3e-05,-8.4e-05,-0.001053,-5e-06,-0.0,-0.0,-0.003121,-0.003312,-0.001944,-0.002311,-4.9e-05,-0.0,-1.1e-05,-0.002583,-0.0,-0.002561,-0.000434,-0.0,-0.003582,-0.00266,-4.2e-05,-0.0,-0.000176,-1.1e-05,-0.0,-0.00209,-0.0,-0.002584,-0.003312,-0.0,-0.001109,-0.00033,-0.0,-0.004264,-0.000178,-0.0,-0.00097,-0.0,-0.0,-0.000605,-0.00013,-0.000401,-0.000702,-0.0,-0.0,-0.001336,-0.001514,-0.003476,-0.0,-0.0,-9.5e-05,-0.0,-0.0,-3.6e-05,-0.001101,-0.004025,-0.00147,-0.0,-0.000204,-0.002451,-4e-06,-0.000435,-0.0,-1.3e-05,-0.000497,-1e-06,-1.6e-05,-0.001826,-0.003522,-0.0,-1.2e-05,-0.0,-0.000151,-0.0,-0.0011,-0.0,-0.000709,-0.003869,-0.0,-6.8e-05,-0.000612,-0.0,-0.0,-0.0,-0.0,-0.001453,-0.003067,-0.0,-0.001448,-0.002125,-0.002524,-0.002588,-0.0,-0.003703,-0.0,-0.001977,-0.000215,-0.0,-0.000133,-0.004873,-0.002684,-0.00297,-0.001813,-0.00271,-0.000193,-0.000139,-0.000252,-0.0,-7e-06,-0.00109,-0.001294,-0.002186
2017-05-31 18:00:00+02:00,-0.0,-0.0,-0.000136,-0.001605,-0.0,-1e-06,-1.1e-05,-7.5e-05,-0.001043,-4e-06,-0.0,-0.0,-0.003207,-0.003378,-0.00192,-0.002295,-3.9e-05,-0.0,-9e-06,-0.002567,-0.0,-0.002545,-0.000394,-0.0,-0.0036,-0.002646,-3.6e-05,-0.0,-0.000163,-9e-06,-0.0,-0.002096,-0.0,-0.002594,-0.003356,-0.0,-0.001072,-0.000288,-0.0,-0.004312,-0.000157,-0.0,-0.000938,-0.0,-0.0,-0.000567,-0.000124,-0.000389,-0.000685,-0.0,-0.0,-0.001317,-0.001497,-0.003573,-0.0,-0.0,-7.6e-05,-0.0,-0.0,-2.9e-05,-0.001083,-0.00406,-0.001445,-0.0,-0.000163,-0.002436,-3e-06,-0.000423,-0.0,-1e-05,-0.000478,-1e-06,-1.2e-05,-0.001808,-0.003585,-0.0,-1e-05,-0.0,-0.000121,-0.0,-0.001084,-0.0,-0.000674,-0.003902,-0.0,-5.4e-05,-0.000604,-0.0,-0.0,-0.0,-0.0,-0.001437,-0.003138,-0.0,-0.001428,-0.002097,-0.002506,-0.002573,-0.0,-0.003716,-0.0,-0.001957,-0.000205,-0.0,-0.000116,-0.005006,-0.002747,-0.002949,-0.001791,-0.002697,-0.000173,-0.000127,-0.000236,-0.0,-5e-06,-0.001057,-0.001265,-0.002223
2017-05-31 18:01:00+02:00,-0.0,-0.0,-0.000109,-0.001471,-0.0,-1e-06,-8e-06,-6e-05,-0.000983,-3e-06,-0.0,-0.0,-0.003161,-0.003305,-0.001783,-0.002131,-3.1e-05,-0.0,-7e-06,-0.00249,-0.0,-0.002468,-0.000316,-0.0,-0.003435,-0.00247,-2.9e-05,-0.0,-0.000131,-7e-06,-0.0,-0.001993,-0.0,-0.002469,-0.003255,-0.0,-0.000919,-0.000231,-0.0,-0.004178,-0.000126,-0.0,-0.000859,-0.0,-0.0,-0.000453,-0.000107,-0.000367,-0.000631,-0.0,-0.0,-0.001266,-0.001387,-0.003523,-0.0,-0.0,-6.1e-05,-0.0,-0.0,-2.3e-05,-0.001038,-0.003915,-0.001312,-0.0,-0.000131,-0.002266,-3e-06,-0.0004,-0.0,-8e-06,-0.000437,-1e-06,-1e-05,-0.001748,-0.003499,-0.0,-8e-06,-0.0,-9.6e-05,-0.0,-0.001001,-0.0,-0.000552,-0.003765,-0.0,-4.3e-05,-0.000575,-0.0,-0.0,-0.0,-0.0,-0.001332,-0.00308,-0.0,-0.001313,-0.001928,-0.00234,-0.002404,-0.0,-0.003534,-0.0,-0.001808,-0.000187,-0.0,-9.3e-05,-0.004934,-0.002697,-0.002777,-0.001649,-0.002522,-0.000138,-0.000102,-0.000205,-0.0,-4e-06,-0.000977,-0.001133,-0.00217
2017-05-31 18:02:00+02:00,-0.0,-0.0,-8.7e-05,-0.001373,-0.0,-1e-06,-7e-06,-4.8e-05,-0.000937,-2e-06,-0.0,-0.0,-0.003137,-0.003262,-0.001692,-0.00201,-2.5e-05,-0.0,-6e-06,-0.002439,-0.0,-0.002418,-0.000252,-0.0,-0.003324,-0.002339,-2.3e-05,-0.0,-0.000107,-6e-06,-0.0,-0.001922,-0.0,-0.002385,-0.003193,-0.0,-0.000819,-0.000185,-0.0,-0.004094,-0.000101,-0.0,-0.00081,-0.0,-0.0,-0.000366,-9.5e-05,-0.000349,-0.000592,-0.0,-0.0,-0.001229,-0.001304,-0.003499,-0.0,-0.0,-4.9e-05,-0.0,-0.0,-1.8e-05,-0.001005,-0.003824,-0.001216,-0.0,-0.000105,-0.00214,-2e-06,-0.000382,-0.0,-7e-06,-0.000411,-1e-06,-8e-06,-0.001707,-0.003448,-0.0,-6e-06,-0.0,-7.7e-05,-0.0,-0.000937,-0.0,-0.000468,-0.003678,-0.0,-3.5e-05,-0.00055,-0.0,-0.0,-0.0,-0.0,-0.001252,-0.003048,-0.0,-0.001228,-0.001816,-0.002215,-0.002278,-0.0,-0.003412,-0.0,-0.001699,-0.000174,-0.0,-7.4e-05,-0.0049,-0.002667,-0.002661,-0.001544,-0.002392,-0.000111,-8.1e-05,-0.000184,-0.0,-3e-06,-0.000926,-0.001039,-0.002134
2017-05-31 18:03:00+02:00,-0.0,-0.0,-7e-05,-0.001302,-0.0,-1e-06,-5e-06,-3.8e-05,-0.000897,-2e-06,-0.0,-0.0,-0.003108,-0.00322,-0.001619,-0.001917,-2e-05,-0.0,-5e-06,-0.002386,-0.0,-0.002365,-0.000202,-0.0,-0.003233,-0.002236,-1.8e-05,-0.0,-9.1e-05,-5e-06,-0.0,-0.001861,-0.0,-0.002316,-0.003137,-0.0,-0.000744,-0.000148,-0.0,-0.004023,-8e-05,-0.0,-0.000771,-0.0,-0.0,-0.000306,-8.5e-05,-0.000332,-0.00056,-0.0,-0.0,-0.001192,-0.001239,-0.003471,-0.0,-0.0,-3.9e-05,-0.0,-0.0,-1.5e-05,-0.000972,-0.003747,-0.001148,-0.0,-8.4e-05,-0.002042,-2e-06,-0.000364,-0.0,-5e-06,-0.000389,-1e-06,-6e-06,-0.001663,-0.0034,-0.0,-5e-06,-0.0,-6.2e-05,-0.0,-0.000887,-0.0,-0.00041,-0.003605,-0.0,-2.8e-05,-0.000528,-0.0,-0.0,-0.0,-0.0,-0.001188,-0.003012,-0.0,-0.001165,-0.00173,-0.002115,-0.002177,-0.0,-0.003313,-0.0,-0.001618,-0.000164,-0.0,-5.9e-05,-0.004866,-0.002635,-0.002569,-0.001468,-0.002289,-8.9e-05,-6.5e-05,-0.000169,-0.0,-3e-06,-0.000886,-0.000973,-0.002097
2017-05-31 18:04:00+02:00,-0.0,-0.0,-5.6e-05,-0.001245,-0.0,-1e-06,-4e-06,-3.1e-05,-0.000861,-2e-06,-0.0,-0.0,-0.003077,-0.00318,-0.001561,-0.001841,-1.6e-05,-0.0,-4e-06,-0.002357,-0.0,-0.002337,-0.000162,-0.0,-0.003156,-0.00215,-1.5e-05,-0.0,-7.8e-05,-4e-06,-0.0,-0.001808,-0.0,-0.002256,-0.003087,-0.0,-0.000687,-0.000118,-0.0,-0.00396,-6.4e-05,-0.0,-0.000752,-0.0,-0.0,-0.00026,-7.8e-05,-0.000319,-0.000532,-0.0,-0.0,-0.001169,-0.001184,-0.00344,-0.0,-0.0,-3.1e-05,-0.0,-0.0,-1.2e-05,-0.00095,-0.003682,-0.001092,-0.0,-6.7e-05,-0.001961,-1e-06,-0.00035,-0.0,-4e-06,-0.000376,-0.0,-5e-06,-0.001638,-0.003355,-0.0,-4e-06,-0.0,-4.9e-05,-0.0,-0.000844,-0.0,-0.000365,-0.003543,-0.0,-2.2e-05,-0.000506,-0.0,-0.0,-0.0,-0.0,-0.001134,-0.002977,-0.0,-0.001114,-0.001662,-0.00203,-0.002093,-0.0,-0.00323,-0.0,-0.001552,-0.000156,-0.0,-4.8e-05,-0.00483,-0.002601,-0.002493,-0.001405,-0.002202,-7.1e-05,-5.2e-05,-0.00016,-0.0,-2e-06,-0.000865,-0.000919,-0.002061
2017-05-31 18:05:00+02:00,-0.0,-0.0,-4.5e-05,-0.001199,-0.0,-0.0,-3e-06,-2.5e-05,-0.000833,-1e-06,-0.0,-0.0,-0.003058,-0.003154,-0.001522,-0.00178,-1.3e-05,-0.0,-3e-06,-0.002359,-0.0,-0.00234,-0.000129,-0.0,-0.003105,-0.002083,-1.2e-05,-0.0,-6.8e-05,-3e-06,-0.0,-0.00177,-0.0,-0.002216,-0.003055,-0.0,-0.00065,-9.5e-05,-0.0,-0.003921,-5.2e-05,-0.0,-0.000753,-0.0,-0.0,-0.000225,-7.2e-05,-0.000311,-0.000511,-0.0,-0.0,-0.001162,-0.001141,-0.003422,-0.0,-0.0,-2.5e-05,-0.0,-0.0,-9e-06,-0.000942,-0.003641,-0.001049,-0.0,-5.4e-05,-0.001898,-1e-06,-0.000342,-0.0,-3e-06,-0.000373,-0.0,-4e-06,-0.001634,-0.003327,-0.0,-3e-06,-0.0,-4e-05,-0.0,-0.000809,-0.0,-0.000331,-0.003505,-0.0,-1.8e-05,-0.000489,-0.0,-0.0,-0.0,-0.0,-0.00109,-0.002954,-0.0,-0.001072,-0.001618,-0.001964,-0.002027,-0.0,-0.003175,-0.0,-0.0015,-0.000152,-0.0,-3.8e-05,-0.004813,-0.002578,-0.002442,-0.001355,-0.002135,-5.7e-05,-4.2e-05,-0.000158,-0.0,-2e-06,-0.000866,-0.000878,-0.002034
2017-05-31 18:06:00+02:00,-0.0,-0.0,-3.6e-05,-0.001193,-0.0,-0.0,-3e-06,-2e-05,-0.000815,-1e-06,-0.0,-0.0,-0.003051,-0.003144,-0.001503,-0.001769,-1e-05,-0.0,-2e-06,-0.002376,-0.0,-0.002359,-0.000103,-0.0,-0.003084,-0.00207,-9e-06,-0.0,-6.6e-05,-2e-06,-0.0,-0.001748,-0.0,-0.002194,-0.003041,-0.0,-0.000635,-7.6e-05,-0.0,-0.003912,-4.1e-05,-0.0,-0.000766,-0.0,-0.0,-0.000222,-7e-05,-0.000308,-0.000498,-0.0,-0.0,-0.001163,-0.001127,-0.003418,-0.0,-0.0,-2e-05,-0.0,-0.0,-8e-06,-0.000941,-0.003631,-0.001044,-0.0,-5.1e-05,-0.001885,-1e-06,-0.000338,-0.0,-3e-06,-0.000375,-0.0,-3e-06,-0.001639,-0.003317,-0.0,-3e-06,-0.0,-3.2e-05,-0.0,-0.000795,-0.0,-0.000329,-0.003496,-0.0,-1.4e-05,-0.00048,-0.0,-0.0,-0.0,-0.0,-0.001075,-0.002944,-0.0,-0.001063,-0.001602,-0.001948,-0.002012,-0.0,-0.003152,-0.0,-0.001492,-0.000151,-0.0,-3e-05,-0.004824,-0.002566,-0.00242,-0.001347,-0.002122,-4.5e-05,-3.9e-05,-0.00016,-0.0,-1e-06,-0.000879,-0.000873,-0.002018
2017-05-31 18:07:00+02:00,-0.0,-0.0,-3.9e-05,-0.001214,-0.0,-0.0,-2e-06,-1.6e-05,-0.000798,-1e-06,-0.0,-0.0,-0.003045,-0.003137,-0.001494,-0.001787,-8e-06,-0.0,-2e-06,-0.002402,-0.0,-0.002386,-8.3e-05,-0.0,-0.003073,-0.002087,-8e-06,-0.0,-6.9e-05,-2e-06,-0.0,-0.001731,-0.0,-0.002181,-0.003034,-0.0,-0.000632,-6e-05,-0.0,-0.00391,-3.3e-05,-0.0,-0.000789,-0.0,-0.0,-0.000243,-7e-05,-0.000305,-0.000488,-0.0,-0.0,-0.001168,-0.001131,-0.003416,-0.0,-0.0,-1.6e-05,-0.0,-0.0,-6e-06,-0.000942,-0.003628,-0.001066,-0.0,-6e-05,-0.001903,-1e-06,-0.000335,-0.0,-2e-06,-0.000381,-0.0,-3e-06,-0.001651,-0.003311,-0.0,-2e-06,-0.0,-2.5e-05,-0.0,-0.000795,-0.0,-0.000351,-0.003494,-0.0,-1.1e-05,-0.00047,-0.0,-0.0,-0.0,-0.0,-0.001075,-0.002936,-0.0,-0.001076,-0.001598,-0.001959,-0.002026,-0.0,-0.00314,-0.0,-0.001512,-0.000151,-0.0,-2.4e-05,-0.004835,-0.002556,-0.002409,-0.001366,-0.002139,-3.6e-05,-4.1e-05,-0.000165,-0.0,-1e-06,-0.000902,-0.000895,-0.002004
2017-05-31 18:08:00+02:00,-0.0,-0.0,-4e-05,-0.001218,-0.0,-0.0,-2e-06,-1.3e-05,-0.000772,-1e-06,-0.0,-0.0,-0.002999,-0.00309,-0.001467,-0.001781,-7e-06,-0.0,-2e-06,-0.002394,-0.0,-0.002379,-6.6e-05,-0.0,-0.003027,-0.002078,-6e-06,-0.0,-7e-05,-2e-06,-0.0,-0.001693,-0.0,-0.002141,-0.002989,-0.0,-0.000621,-4.8e-05,-0.0,-0.003863,-2.6e-05,-0.0,-0.000797,-0.0,-0.0,-0.000256,-6.9e-05,-0.000297,-0.000471,-0.0,-0.0,-0.001155,-0.00112,-0.003369,-0.0,-0.0,-1.3e-05,-0.0,-0.0,-5e-06,-0.000929,-0.003585,-0.001072,-0.0,-6.5e-05,-0.001896,-1e-06,-0.000326,-0.0,-2e-06,-0.000379,-0.0,-2e-06,-0.001638,-0.003265,-0.0,-2e-06,-0.0,-2e-05,-0.0,-0.000782,-0.0,-0.000363,-0.003453,-0.0,-9e-06,-0.000455,-0.0,-0.0,-0.0,-0.0,-0.001061,-0.00289,-0.0,-0.001073,-0.001575,-0.001944,-0.002013,-0.0,-0.003094,-0.0,-0.001512,-0.000148,-0.0,-1.9e-05,-0.004789,-0.002511,-0.002371,-0.001366,-0.002128,-2.9e-05,-4.3e-05,-0.000166,-0.0,-1e-06,-0.000909,-0.000903,-0.001962
2017-05-31 18:09:00+02:00,-0.0,-0.0,-3.2e-05,-0.001136,-0.0,-0.0,-1e-06,-1e-05,-0.000729,-1e-06,-0.0,-0.0,-0.002899,-0.002983,-0.001378,-0.001685,-5e-06,-0.0,-1e-06,-0.002297,-0.0,-0.002283,-5.3e-05,-0.0,-0.002902,-0.001976,-5e-06,-0.0,-5.6e-05,-1e-06,-0.0,-0.001613,-0.0,-0.002043,-0.002878,-0.0,-0.000537,-3.9e-05,-0.0,-0.003726,-2.1e-05,-0.0,-0.000723,-0.0,-0.0,-0.000205,-6e-05,-0.000278,-0.000438,-0.0,-0.0,-0.001098,-0.001055,-0.00326,-0.0,-0.0,-1e-05,-0.0,-0.0,-4e-06,-0.000881,-0.003451,-0.00099,-0.0,-5.2e-05,-0.001797,-0.0,-0.000306,-0.0,-1e-06,-0.000344,-0.0,-2e-06,-0.001566,-0.00315,-0.0,-1e-06,-0.0,-1.6e-05,-0.0,-0.000734,-0.0,-0.000291,-0.003326,-0.0,-7e-06,-0.000432,-0.0,-0.0,-0.0,-0.0,-0.001001,-0.00279,-0.0,-0.001002,-0.001468,-0.001847,-0.001915,-0.0,-0.00296,-0.0,-0.001422,-0.000134,-0.0,-1.6e-05,-0.004648,-0.002422,-0.002253,-0.00128,-0.002026,-2.3e-05,-3.4e-05,-0.000142,-0.0,-1e-06,-0.000831,-0.000822,-0.001886
2017-05-31 18:10:00+02:00,-0.0,-0.0,-3e-05,-0.001147,-0.0,-0.0,-1e-06,-8e-06,-0.000712,-0.0,-0.0,-0.0,-0.002852,-0.002936,-0.001354,-0.001691,-4e-06,-0.0,-1e-06,-0.0023,-0.0,-0.002287,-4.2e-05,-0.0,-0.00287,-0.00198,-4e-06,-0.0,-5.8e-05,-1e-06,-0.0,-0.00158,-0.0,-0.002007,-0.002833,-0.0,-0.000534,-3.1e-05,-0.0,-0.003689,-1.7e-05,-0.0,-0.000736,-0.0,-0.0,-0.000219,-6.2e-05,-0.000277,-0.000428,-0.0,-0.0,-0.001089,-0.001049,-0.00321,-0.0,-0.0,-8e-06,-0.0,-0.0,-3e-06,-0.000873,-0.003419,-0.001002,-0.0,-5.5e-05,-0.001802,-0.0,-0.000305,-0.0,-1e-06,-0.000345,-0.0,-1e-06,-0.001556,-0.003102,-0.0,-1e-06,-0.0,-1.3e-05,-0.0,-0.000728,-0.0,-0.000309,-0.003295,-0.0,-6e-06,-0.000431,-0.0,-0.0,-0.0,-0.0,-0.000993,-0.002744,-0.0,-0.001003,-0.001454,-0.001846,-0.001917,-0.0,-0.002927,-0.0,-0.001431,-0.000135,-0.0,-1.2e-05,-0.00461,-0.002379,-0.002226,-0.001289,-0.00203,-1.9e-05,-3.5e-05,-0.000144,-0.0,-1e-06,-0.000844,-0.000836,-0.001849
2017-05-31 18:11:00+02:00,-0.0,-0.0,-2.4e-05,-0.001067,-0.0,-0.0,-1e-06,-6e-06,-0.000678,-0.0,-0.0,-0.0,-0.002767,-0.002844,-0.001273,-0.001597,-3e-06,-0.0,-1e-06,-0.002238,-0.0,-0.002226,-3.4e-05,-0.0,-0.002765,-0.001881,-3e-06,-0.0,-4.7e-05,-1e-06,-0.0,-0.001512,-0.0,-0.001922,-0.002737,-0.0,-0.000454,-2.5e-05,-0.0,-0.003574,-1.4e-05,-0.0,-0.000677,-0.0,-0.0,-0.000175,-5.4e-05,-0.000265,-0.0004,-0.0,-0.0,-0.00105,-0.000986,-0.003117,-0.0,-0.0,-7e-06,-0.0,-0.0,-2e-06,-0.00084,-0.003306,-0.000922,-0.0,-4.4e-05,-0.001706,-0.0,-0.000292,-0.0,-1e-06,-0.000317,-0.0,-1e-06,-0.001507,-0.003004,-0.0,-1e-06,-0.0,-1e-05,-0.0,-0.000683,-0.0,-0.000247,-0.003188,-0.0,-5e-06,-0.000416,-0.0,-0.0,-0.0,-0.0,-0.000936,-0.002659,-0.0,-0.000934,-0.001357,-0.001753,-0.001822,-0.0,-0.002813,-0.0,-0.001343,-0.000125,-0.0,-1e-05,-0.004492,-0.002304,-0.002124,-0.001204,-0.001931,-1.5e-05,-2.8e-05,-0.000124,-0.0,-0.0,-0.000784,-0.000755,-0.001786
2017-05-31 18:12:00+02:00,-0.0,-0.0,-7.8e-05,-0.001163,-0.0,-0.0,-1e-06,-5e-06,-0.000685,-0.0,-0.0,-0.0,-0.002825,-0.00291,-0.001329,-0.001702,-3e-06,-0.0,-1e-06,-0.002359,-0.0,-0.002349,-2.7e-05,-0.0,-0.002853,-0.00199,-2e-06,-0.0,-6.2e-05,-1e-06,-0.0,-0.001549,-0.0,-0.001979,-0.002809,-0.0,-0.000516,-2e-05,-0.0,-0.003677,-1.1e-05,-0.0,-0.000774,-0.0,-0.0,-0.00025,-6.1e-05,-0.000275,-0.000409,-0.0,-0.0,-0.001103,-0.001044,-0.003187,-0.0,-0.0,-2.8e-05,-0.0,-0.0,-2e-06,-0.00088,-0.003408,-0.001018,-0.0,-0.000101,-0.001813,-0.0,-0.000302,-0.0,-1e-06,-0.000354,-0.0,-1e-06,-0.001585,-0.003079,-0.0,-1e-06,-0.0,-8e-06,-0.0,-0.000718,-0.0,-0.00033,-0.003288,-0.0,-4e-06,-0.000419,-0.0,-0.0,-0.0,-0.0,-0.000983,-0.002716,-0.0,-0.001008,-0.001434,-0.001848,-0.001924,-0.0,-0.002905,-0.0,-0.001446,-0.000135,-0.0,-8e-06,-0.00461,-0.002348,-0.002202,-0.001302,-0.00204,-1.2e-05,-4.1e-05,-0.00015,-0.0,-0.0,-0.000883,-0.00085,-0.001815
2017-05-31 18:13:00+02:00,-0.0,-0.0,-9e-05,-0.001202,-0.0,-0.0,-1e-06,-4e-06,-0.000678,-0.0,-0.0,-0.0,-0.002835,-0.002925,-0.001343,-0.001744,-2e-06,-0.0,-0.0,-0.002404,-0.0,-0.002395,-2.2e-05,-0.0,-0.002879,-0.002033,-2e-06,-0.0,-6.6e-05,-1e-06,-0.0,-0.001551,-0.0,-0.00199,-0.002827,-0.0,-0.000533,-1.6e-05,-0.0,-0.003709,-9e-06,-0.0,-0.000814,-0.0,-0.0,-0.000276,-6.3e-05,-0.000275,-0.000406,-0.0,-0.0,-0.001118,-0.001064,-0.003203,-0.0,-0.0,-2.2e-05,-0.0,-0.0,-2e-06,-0.00089,-0.00344,-0.001057,-0.0,-0.000116,-0.001855,-0.0,-0.000301,-0.0,-1e-06,-0.000367,-0.0,-1e-06,-0.00161,-0.003098,-0.0,-1e-06,-0.0,-7e-06,-0.0,-0.000728,-0.0,-0.000362,-0.00332,-0.0,-3e-06,-0.000414,-0.0,-0.0,-0.0,-0.0,-0.000997,-0.002725,-0.0,-0.001036,-0.001456,-0.001882,-0.001961,-0.0,-0.00293,-0.0,-0.001487,-0.000138,-0.0,-6e-06,-0.004649,-0.002351,-0.002223,-0.00134,-0.002081,-1e-05,-4.5e-05,-0.000159,-0.0,-0.0,-0.000924,-0.000888,-0.001812
2017-05-31 18:14:00+02:00,-0.0,-0.0,-7.9e-05,-0.001222,-0.0,-0.0,-0.0,-3e-06,-0.000663,-0.0,-0.0,-0.0,-0.002814,-0.002905,-0.001334,-0.001764,-2e-06,-0.0,-0.0,-0.002398,-0.0,-0.002391,-1.7e-05,-0.0,-0.002868,-0.002053,-2e-06,-0.0,-6.7e-05,-0.0,-0.0,-0.001534,-0.0,-0.001975,-0.002812,-0.0,-0.000528,-1.3e-05,-0.0,-0.003697,-7e-06,-0.0,-0.00082,-0.0,-0.0,-0.000286,-6.3e-05,-0.000269,-0.000397,-0.0,-0.0,-0.001109,-0.00107,-0.003183,-0.0,-0.0,-1.8e-05,-0.0,-0.0,-1e-06,-0.00088,-0.00343,-0.001077,-0.0,-0.000109,-0.001875,-0.0,-0.000294,-0.0,-0.0,-0.000365,-0.0,-1e-06,-0.001602,-0.003081,-0.0,-0.0,-0.0,-5e-06,-0.0,-0.000728,-0.0,-0.000377,-0.003312,-0.0,-2e-06,-0.000405,-0.0,-0.0,-0.0,-0.0,-0.001,-0.002704,-0.0,-0.001048,-0.00145,-0.001897,-0.001978,-0.0,-0.002917,-0.0,-0.001508,-0.000135,-0.0,-5e-06,-0.004634,-0.002328,-0.002212,-0.001359,-0.002101,-8e-06,-4.5e-05,-0.000159,-0.0,-0.0,-0.000929,-0.000907,-0.001789
2017-05-31 18:15:00+02:00,-0.0,-0.0,-6.7e-05,-0.001228,-0.0,-0.0,-0.0,-3e-06,-0.000641,-0.0,-0.0,-0.0,-0.002758,-0.002851,-0.001304,-0.001767,-1e-06,-0.0,-0.0,-0.002397,-0.0,-0.002391,-1.4e-05,-0.0,-0.00282,-0.002057,-1e-06,-0.0,-6.7e-05,-0.0,-0.0,-0.001496,-0.0,-0.001934,-0.002762,-0.0,-0.000505,-1e-05,-0.0,-0.003643,-6e-06,-0.0,-0.000821,-0.0,-0.0,-0.000287,-6.3e-05,-0.000264,-0.000383,-0.0,-0.0,-0.0011,-0.001066,-0.003124,-0.0,-0.0,-1.4e-05,-0.0,-0.0,-1e-06,-0.000871,-0.003381,-0.001083,-0.0,-0.0001,-0.001878,-0.0,-0.000289,-0.0,-0.0,-0.000362,-0.0,-0.0,-0.001595,-0.003026,-0.0,-0.0,-0.0,-4e-06,-0.0,-0.000722,-0.0,-0.000382,-0.003265,-0.0,-2e-06,-0.000395,-0.0,-0.0,-0.0,-0.0,-0.000994,-0.00265,-0.0,-0.001048,-0.001419,-0.001896,-0.00198,-0.0,-0.002866,-0.0,-0.001512,-0.000133,-0.0,-4e-06,-0.004567,-0.002278,-0.002172,-0.001363,-0.002104,-6e-06,-4.4e-05,-0.000157,-0.0,-0.0,-0.00093,-0.000912,-0.001746
2017-05-31 18:16:00+02:00,-0.0,-0.0,-5.3e-05,-0.001298,-0.0,-0.0,-0.0,-2e-06,-0.000603,-0.0,-0.0,-0.0,-0.002605,-0.002695,-0.001218,-0.001855,-1e-06,-0.0,-0.0,-0.002349,-0.0,-0.002343,-1.1e-05,-0.0,-0.002689,-0.002155,-1e-06,-0.0,-7.5e-05,-0.0,-0.0,-0.001415,-0.0,-0.001832,-0.00262,-0.0,-0.000433,-8e-06,-0.0,-0.003465,-4e-06,-0.0,-0.00079,-0.0,-0.0,-0.000337,-6.8e-05,-0.000254,-0.000355,-0.0,-0.0,-0.001067,-0.00111,-0.002953,-0.0,-0.0,-1.2e-05,-0.0,-0.0,-1e-06,-0.000843,-0.003217,-0.001151,-0.0,-8e-05,-0.00197,-0.0,-0.000278,-0.0,-0.0,-0.000345,-0.0,-0.0,-0.001554,-0.002867,-0.0,-0.0,-0.0,-3e-06,-0.0,-0.000748,-0.0,-0.000437,-0.003108,-0.0,-2e-06,-0.000371,-0.0,-0.0,-0.0,-0.0,-0.001032,-0.002501,-0.0,-0.001099,-0.001318,-0.001978,-0.002068,-0.0,-0.002728,-0.0,-0.001591,-0.000127,-0.0,-3e-06,-0.004335,-0.002147,-0.002052,-0.001434,-0.0022,-5e-06,-5.2e-05,-0.000147,-0.0,-0.0,-0.000897,-0.000979,-0.001641
2017-05-31 18:17:00+02:00,-0.0,-0.0,-4.3e-05,-0.001307,-0.0,-0.0,-0.0,-2e-06,-0.000559,-0.0,-0.0,-0.0,-0.002447,-0.002533,-0.001117,-0.00187,-1e-06,-0.0,-0.0,-0.002265,-0.0,-0.00226,-9e-06,-0.0,-0.002538,-0.002174,-1e-06,-0.0,-7.4e-05,-0.0,-0.0,-0.001325,-0.0,-0.001719,-0.002468,-0.0,-0.000347,-6e-06,-0.0,-0.00327,-4e-06,-0.0,-0.000728,-0.0,-0.0,-0.000335,-6.7e-05,-0.000238,-0.000323,-0.0,-0.0,-0.001019,-0.001114,-0.002777,-0.0,-0.0,-9e-06,-0.0,-0.0,-1e-06,-0.000802,-0.003035,-0.001159,-0.0,-6.4e-05,-0.001986,-0.0,-0.000261,-0.0,-0.0,-0.000317,-0.0,-0.0,-0.001493,-0.002698,-0.0,-0.0,-0.0,-3e-06,-0.0,-0.000746,-0.0,-0.000438,-0.002933,-0.0,-1e-06,-0.000343,-0.0,-0.0,-0.0,-0.0,-0.001032,-0.002347,-0.0,-0.001104,-0.001196,-0.001988,-0.002081,-0.0,-0.002569,-0.0,-0.001602,-0.000116,-0.0,-3e-06,-0.004089,-0.002012,-0.001912,-0.001442,-0.002215,-4e-06,-5e-05,-0.000129,-0.0,-0.0,-0.000833,-0.000985,-0.001532
2017-05-31 18:18:00+02:00,-0.0,-0.0,-3.4e-05,-0.001343,-0.0,-0.0,-0.0,-1e-06,-0.000527,-0.0,-0.0,-0.0,-0.002343,-0.002427,-0.001056,-0.001918,-1e-06,-0.0,-0.0,-0.002208,-0.0,-0.002203,-7e-06,-0.0,-0.002445,-0.00223,-1e-06,-0.0,-7.6e-05,-0.0,-0.0,-0.001265,-0.0,-0.001648,-0.002372,-0.0,-0.000292,-5e-06,-0.0,-0.003147,-3e-06,-0.0,-0.000686,-0.0,-0.0,-0.000356,-6.8e-05,-0.000224,-0.0003,-0.0,-0.0,-0.000983,-0.001137,-0.002663,-0.0,-0.0,-7e-06,-0.0,-0.0,-1e-06,-0.000771,-0.002922,-0.001193,-0.0,-5.1e-05,-0.002037,-0.0,-0.000247,-0.0,-0.0,-0.000297,-0.0,-0.0,-0.001449,-0.002591,-0.0,-0.0,-0.0,-2e-06,-0.0,-0.000756,-0.0,-0.000462,-0.002824,-0.0,-1e-06,-0.000322,-0.0,-0.0,-0.0,-0.0,-0.001051,-0.002245,-0.0,-0.00113,-0.001122,-0.002034,-0.002131,-0.0,-0.002471,-0.0,-0.001644,-0.000107,-0.0,-2e-06,-0.003931,-0.001921,-0.001826,-0.001479,-0.002271,-3e-06,-5.2e-05,-0.000116,-0.0,-0.0,-0.000788,-0.001017,-0.001456
2017-05-31 18:19:00+02:00,-0.0,-0.0,-2.7e-05,-0.001339,-0.0,-0.0,-0.0,-1e-06,-0.000498,-0.0,-0.0,-0.0,-0.002217,-0.002301,-0.001002,-0.001905,-1e-06,-0.0,-0.0,-0.002128,-0.0,-0.002124,-6e-06,-0.0,-0.002344,-0.002212,-1e-06,-0.0,-7.8e-05,-0.0,-0.0,-0.001199,-0.0,-0.001567,-0.002256,-0.0,-0.000269,-4e-06,-0.0,-0.003011,-2e-06,-0.0,-0.000657,-0.0,-0.0,-0.000372,-6.9e-05,-0.000214,-0.000282,-0.0,-0.0,-0.000936,-0.001117,-0.002524,-0.0,-0.0,-6e-06,-0.0,-0.0,-0.0,-0.000733,-0.002798,-0.001194,-0.0,-4.1e-05,-0.002021,-0.0,-0.000236,-0.0,-0.0,-0.000281,-0.0,-0.0,-0.001386,-0.002461,-0.0,-0.0,-0.0,-2e-06,-0.0,-0.00074,-0.0,-0.000478,-0.002705,-0.0,-1e-06,-0.00031,-0.0,-0.0,-0.0,-0.0,-0.00103,-0.002124,-0.0,-0.001117,-0.001069,-0.002009,-0.002109,-0.0,-0.002368,-0.0,-0.001635,-0.000102,-0.0,-2e-06,-0.003755,-0.001814,-0.001744,-0.001471,-0.00225,-2e-06,-5.4e-05,-0.000108,-0.0,-0.0,-0.000756,-0.001022,-0.001372
2017-05-31 18:20:00+02:00,-0.0,-0.0,-2.2e-05,-0.001125,-0.0,-0.0,-0.0,-1e-06,-0.000434,-0.0,-0.0,-0.0,-0.001987,-0.002053,-0.000818,-0.001657,-0.0,-0.0,-0.0,-0.00189,-0.0,-0.001885,-5e-06,-0.0,-0.002067,-0.001946,-0.0,-0.0,-6.2e-05,-0.0,-0.0,-0.001049,-0.0,-0.001368,-0.002005,-0.0,-0.000215,-3e-06,-0.0,-0.002681,-2e-06,-0.0,-0.000526,-0.0,-0.0,-0.000298,-5.6e-05,-0.000184,-0.000232,-0.0,-0.0,-0.000819,-0.00097,-0.002264,-0.0,-0.0,-5e-06,-0.0,-0.0,-0.0,-0.000639,-0.00248,-0.000981,-0.0,-3.3e-05,-0.001766,-0.0,-0.000204,-0.0,-0.0,-0.000225,-0.0,-0.0,-0.001224,-0.002195,-0.0,-0.0,-0.0,-1e-06,-0.0,-0.000642,-0.0,-0.000382,-0.002398,-0.0,-1e-06,-0.000274,-0.0,-0.0,-0.0,-0.0,-0.000899,-0.001898,-0.0,-0.000947,-0.000855,-0.001768,-0.001857,-0.0,-0.002077,-0.0,-0.001401,-8.2e-05,-0.0,-1e-06,-0.003375,-0.001621,-0.001491,-0.001249,-0.001982,-2e-06,-4.4e-05,-8.7e-05,-0.0,-0.0,-0.000605,-0.000818,-0.001219
2017-05-31 18:21:00+02:00,-0.0,-0.0,-1.7e-05,-0.001151,-0.0,-0.0,-0.0,-1e-06,-0.000431,-0.0,-0.0,-0.0,-0.001986,-0.002057,-0.000847,-0.001678,-0.0,-0.0,-0.0,-0.001903,-0.0,-0.0019,-4e-06,-0.0,-0.002108,-0.00196,-0.0,-0.0,-6.4e-05,-0.0,-0.0,-0.001059,-0.0,-0.001388,-0.00202,-0.0,-0.000233,-3e-06,-0.0,-0.002711,-1e-06,-0.0,-0.00054,-0.0,-0.0,-0.000312,-5.7e-05,-0.000181,-0.000233,-0.0,-0.0,-0.000817,-0.000975,-0.002267,-0.0,-0.0,-4e-06,-0.0,-0.0,-0.0,-0.000636,-0.002515,-0.001011,-0.0,-2.6e-05,-0.001784,-0.0,-0.000201,-0.0,-0.0,-0.000227,-0.0,-0.0,-0.001227,-0.002205,-0.0,-0.0,-0.0,-1e-06,-0.0,-0.000641,-0.0,-0.0004,-0.002433,-0.0,-0.0,-0.000272,-0.0,-0.0,-0.0,-0.0,-0.000897,-0.001896,-0.0,-0.000962,-0.000898,-0.001775,-0.001867,-0.0,-0.00212,-0.0,-0.001425,-8.1e-05,-0.0,-1e-06,-0.0034,-0.001615,-0.001528,-0.001273,-0.001994,-2e-06,-4.4e-05,-8.6e-05,-0.0,-0.0,-0.000621,-0.000848,-0.00121
2017-05-31 18:22:00+02:00,-0.0,-0.0,-1.4e-05,-0.001125,-0.0,-0.0,-0.0,-1e-06,-0.000414,-0.0,-0.0,-0.0,-0.001903,-0.001974,-0.000822,-0.001633,-0.0,-0.0,-0.0,-0.001844,-0.0,-0.001842,-3e-06,-0.0,-0.002053,-0.001903,-0.0,-0.0,-6.1e-05,-0.0,-0.0,-0.001018,-0.0,-0.001339,-0.001945,-0.0,-0.00022,-2e-06,-0.0,-0.002628,-1e-06,-0.0,-0.000521,-0.0,-0.0,-0.000299,-5.7e-05,-0.000175,-0.000225,-0.0,-0.0,-0.000782,-0.000938,-0.002176,-0.0,-0.0,-3e-06,-0.0,-0.0,-0.0,-0.000608,-0.002442,-0.000989,-0.0,-2.1e-05,-0.001734,-0.0,-0.000194,-0.0,-0.0,-0.000216,-0.0,-0.0,-0.001179,-0.002121,-0.0,-0.0,-0.0,-1e-06,-0.0,-0.000615,-0.0,-0.000387,-0.002363,-0.0,-0.0,-0.000268,-0.0,-0.0,-0.0,-0.0,-0.000861,-0.001816,-0.0,-0.000932,-0.000878,-0.001718,-0.001808,-0.0,-0.002064,-0.0,-0.001389,-7.8e-05,-0.0,-1e-06,-0.003294,-0.001545,-0.001486,-0.00124,-0.001934,-1e-06,-4.2e-05,-8e-05,-0.0,-0.0,-0.0006,-0.000832,-0.001155
2017-05-31 18:23:00+02:00,-0.0,-0.0,-1.1e-05,-0.000944,-0.0,-0.0,-0.0,-0.0,-0.000361,-0.0,-0.0,-0.0,-0.001705,-0.001761,-0.000671,-0.001422,-0.0,-0.0,-0.0,-0.001626,-0.0,-0.001623,-2e-06,-0.0,-0.001811,-0.001678,-0.0,-0.0,-4.8e-05,-0.0,-0.0,-0.000891,-0.0,-0.001169,-0.001727,-0.0,-0.000176,-2e-06,-0.0,-0.002342,-1e-06,-0.0,-0.000416,-0.0,-0.0,-0.000239,-4.5e-05,-0.00015,-0.000185,-0.0,-0.0,-0.000678,-0.000815,-0.001952,-0.0,-0.0,-2e-06,-0.0,-0.0,-0.0,-0.000526,-0.002166,-0.000812,-0.0,-1.7e-05,-0.001518,-0.0,-0.000168,-0.0,-0.0,-0.000173,-0.0,-0.0,-0.001032,-0.001891,-0.0,-0.0,-0.0,-1e-06,-0.0,-0.000533,-0.0,-0.00031,-0.002097,-0.0,-0.0,-0.000241,-0.0,-0.0,-0.0,-0.0,-0.000752,-0.001623,-0.0,-0.000789,-0.000703,-0.001515,-0.001596,-0.0,-0.001812,-0.0,-0.001191,-6.3e-05,-0.0,-1e-06,-0.002966,-0.00138,-0.001272,-0.001054,-0.001708,-1e-06,-3.3e-05,-6.4e-05,-0.0,-0.0,-0.00048,-0.000666,-0.001027
2017-05-31 18:24:00+02:00,-0.0,-0.0,-9e-06,-0.0009,-0.0,-0.0,-0.0,-0.0,-0.000343,-0.0,-0.0,-0.0,-0.001645,-0.001699,-0.000636,-0.001369,-0.0,-0.0,-0.0,-0.001563,-0.0,-0.00156,-2e-06,-0.0,-0.001755,-0.001619,-0.0,-0.0,-3.9e-05,-0.0,-0.0,-0.000854,-0.0,-0.001125,-0.001669,-0.0,-0.000141,-1e-06,-0.0,-0.00227,-1e-06,-0.0,-0.000359,-0.0,-0.0,-0.000191,-4.1e-05,-0.00014,-0.000173,-0.0,-0.0,-0.000643,-0.000779,-0.001886,-0.0,-0.0,-2e-06,-0.0,-0.0,-0.0,-0.000498,-0.0021,-0.000769,-0.0,-1.3e-05,-0.001462,-0.0,-0.000158,-0.0,-0.0,-0.00015,-0.0,-0.0,-0.000986,-0.001827,-0.0,-0.0,-0.0,-1e-06,-0.0,-0.000507,-0.0,-0.000249,-0.002033,-0.0,-0.0,-0.000233,-0.0,-0.0,-0.0,-0.0,-0.000719,-0.001564,-0.0,-0.000752,-0.000657,-0.001459,-0.001538,-0.0,-0.001752,-0.0,-0.001142,-5.5e-05,-0.0,-1e-06,-0.002881,-0.001328,-0.001222,-0.001007,-0.001648,-1e-06,-2.7e-05,-5.1e-05,-0.0,-0.0,-0.000424,-0.000622,-0.000984
2017-05-31 18:25:00+02:00,-0.0,-0.0,-1.3e-05,-0.001003,-0.0,-0.0,-0.0,-0.0,-0.000353,-0.0,-0.0,-0.0,-0.001699,-0.001764,-0.000706,-0.001479,-0.0,-0.0,-0.0,-0.00165,-0.0,-0.001649,-1e-06,-0.0,-0.001862,-0.001731,-0.0,-0.0,-4.9e-05,-0.0,-0.0,-0.000896,-0.0,-0.001189,-0.001744,-0.0,-0.00019,-1e-06,-0.0,-0.002382,-1e-06,-0.0,-0.000426,-0.0,-0.0,-0.000257,-4.8e-05,-0.000146,-0.000185,-0.0,-0.0,-0.000676,-0.000834,-0.001953,-0.0,-0.0,-2e-06,-0.0,-0.0,-0.0,-0.00052,-0.002214,-0.000871,-0.0,-2.4e-05,-0.001573,-0.0,-0.000163,-0.0,-0.0,-0.000171,-0.0,-0.0,-0.001037,-0.001903,-0.0,-0.0,-0.0,-0.0,-0.0,-0.000538,-0.0,-0.000324,-0.002144,-0.0,-0.0,-0.000241,-0.0,-0.0,-0.0,-0.0,-0.000762,-0.001617,-0.0,-0.000825,-0.000752,-0.001553,-0.00164,-0.0,-0.001863,-0.0,-0.00125,-6.2e-05,-0.0,-0.0,-0.003002,-0.001368,-0.001318,-0.001108,-0.001758,-1e-06,-3.5e-05,-6.2e-05,-0.0,-0.0,-0.000495,-0.000723,-0.00101
2017-05-31 18:26:00+02:00,-0.0,-0.0,-1.1e-05,-0.001098,-0.0,-0.0,-0.0,-0.0,-0.000362,-0.0,-0.0,-0.0,-0.001767,-0.001843,-0.000773,-0.001587,-0.0,-0.0,-0.0,-0.001737,-0.0,-0.001738,-1e-06,-0.0,-0.001973,-0.001846,-0.0,-0.0,-5.6e-05,-0.0,-0.0,-0.000942,-0.0,-0.001259,-0.001831,-0.0,-0.000229,-1e-06,-0.0,-0.002503,-0.0,-0.0,-0.000481,-0.0,-0.0,-0.000312,-5.3e-05,-0.000149,-0.000195,-0.0,-0.0,-0.000708,-0.00089,-0.002035,-0.0,-0.0,-1e-06,-0.0,-0.0,-0.0,-0.000542,-0.002335,-0.000965,-0.0,-2.8e-05,-0.001684,-0.0,-0.000166,-0.0,-0.0,-0.000189,-0.0,-0.0,-0.00109,-0.001992,-0.0,-0.0,-0.0,-0.0,-0.0,-0.000569,-0.0,-0.000387,-0.002262,-0.0,-0.0,-0.000246,-0.0,-0.0,-0.0,-0.0,-0.000807,-0.001683,-0.0,-0.000896,-0.000838,-0.00165,-0.001744,-0.0,-0.001976,-0.0,-0.001353,-6.5e-05,-0.0,-0.0,-0.003137,-0.001417,-0.001412,-0.001203,-0.001871,-1e-06,-4.2e-05,-7e-05,-0.0,-0.0,-0.000554,-0.000812,-0.001042
2017-05-31 18:27:00+02:00,-0.0,-0.0,-5.3e-05,-0.001232,-0.0,-0.0,-0.0,-0.0,-0.000375,-0.0,-0.0,-0.0,-0.001858,-0.00195,-0.000868,-0.001738,-0.0,-0.0,-0.0,-0.001861,-0.0,-0.001865,-1e-06,-0.0,-0.002124,-0.002005,-0.0,-0.0,-6.9e-05,-0.0,-0.0,-0.001004,-0.0,-0.001356,-0.00195,-0.0,-0.000305,-1e-06,-0.0,-0.002669,-0.0,-0.0,-0.000574,-0.0,-0.0,-0.000407,-6.1e-05,-0.000155,-0.000209,-0.0,-0.0,-0.000756,-0.000968,-0.002147,-0.0,-0.0,-1.4e-05,-0.0,-0.0,-0.0,-0.000575,-0.0025,-0.001098,-0.0,-7.3e-05,-0.001839,-0.0,-0.000172,-0.0,-0.0,-0.000218,-0.0,-0.0,-0.001167,-0.002115,-0.0,-0.0,-0.0,-0.0,-0.0,-0.000612,-0.0,-0.00049,-0.002423,-0.0,-0.0,-0.000252,-0.0,-0.0,-0.0,-0.0,-0.00087,-0.001773,-0.0,-0.000996,-0.000963,-0.001784,-0.001888,-0.0,-0.002131,-0.0,-0.001497,-7.2e-05,-0.0,-0.0,-0.003321,-0.001486,-0.001543,-0.001337,-0.002027,-0.0,-5.4e-05,-8.7e-05,-0.0,-0.0,-0.000651,-0.000941,-0.001088
2017-05-31 18:28:00+02:00,-0.0,-0.0,-4.2e-05,-0.001261,-0.0,-0.0,-0.0,-0.0,-0.000371,-0.0,-0.0,-0.0,-0.00186,-0.001956,-0.000874,-0.001777,-0.0,-0.0,-0.0,-0.001873,-0.0,-0.001877,-1e-06,-0.0,-0.002144,-0.002052,-0.0,-0.0,-6.9e-05,-0.0,-0.0,-0.001004,-0.0,-0.001361,-0.001959,-0.0,-0.000293,-1e-06,-0.0,-0.00269,-0.0,-0.0,-0.000571,-0.0,-0.0,-0.000409,-6.2e-05,-0.000153,-0.000207,-0.0,-0.0,-0.000754,-0.000984,-0.002153,-0.0,-0.0,-1.1e-05,-0.0,-0.0,-0.0,-0.000572,-0.002521,-0.001126,-0.0,-5.8e-05,-0.001881,-0.0,-0.00017,-0.0,-0.0,-0.000215,-0.0,-0.0,-0.001169,-0.002124,-0.0,-0.0,-0.0,-0.0,-0.0,-0.000619,-0.0,-0.000498,-0.002445,-0.0,-0.0,-0.000254,-0.0,-0.0,-0.0,-0.0,-0.000883,-0.001774,-0.0,-0.001015,-0.000971,-0.001822,-0.001931,-0.0,-0.002149,-0.0,-0.001531,-7.1e-05,-0.0,-0.0,-0.003344,-0.001484,-0.001556,-0.001367,-0.002075,-0.0,-5.3e-05,-8.3e-05,-0.0,-0.0,-0.000649,-0.000965,-0.001083
2017-05-31 18:29:00+02:00,-0.0,-0.0,-3.4e-05,-0.001271,-0.0,-0.0,-0.0,-0.0,-0.000364,-0.0,-0.0,-0.0,-0.001833,-0.001929,-0.000852,-0.001798,-0.0,-0.0,-0.0,-0.001879,-0.0,-0.001884,-1e-06,-0.0,-0.002123,-0.002083,-0.0,-0.0,-6.6e-05,-0.0,-0.0,-0.000985,-0.0,-0.001338,-0.001934,-0.0,-0.000255,-0.0,-0.0,-0.002667,-0.0,-0.0,-0.000558,-0.0,-0.0,-0.000391,-6.4e-05,-0.000154,-0.000202,-0.0,-0.0,-0.000749,-0.00099,-0.002123,-0.0,-0.0,-9e-06,-0.0,-0.0,-0.0,-0.000568,-0.002499,-0.001132,-0.0,-4.7e-05,-0.001905,-0.0,-0.000171,-0.0,-0.0,-0.000209,-0.0,-0.0,-0.001166,-0.002097,-0.0,-0.0,-0.0,-0.0,-0.0,-0.000621,-0.0,-0.000484,-0.002425,-0.0,-0.0,-0.000259,-0.0,-0.0,-0.0,-0.0,-0.000889,-0.001748,-0.0,-0.001018,-0.000943,-0.001848,-0.001959,-0.0,-0.002123,-0.0,-0.001546,-7.1e-05,-0.0,-0.0,-0.003315,-0.00146,-0.001533,-0.001378,-0.002106,-0.0,-4.9e-05,-7.7e-05,-0.0,-0.0,-0.000639,-0.000968,-0.001064
2017-05-31 18:30:00+02:00,-0.0,-0.0,-2.7e-05,-0.001326,-0.0,-0.0,-0.0,-0.0,-0.000365,-0.0,-0.0,-0.0,-0.001832,-0.001931,-0.000856,-0.001868,-0.0,-0.0,-0.0,-0.001912,-0.0,-0.001918,-0.0,-0.0,-0.002143,-0.002163,-0.0,-0.0,-7e-05,-0.0,-0.0,-0.000985,-0.0,-0.001342,-0.00194,-0.0,-0.000247,-0.0,-0.0,-0.002688,-0.0,-0.0,-0.00057,-0.0,-0.0,-0.000413,-7e-05,-0.000158,-0.000202,-0.0,-0.0,-0.000757,-0.001021,-0.002124,-0.0,-0.0,-7e-06,-0.0,-0.0,-0.0,-0.000573,-0.002522,-0.001184,-0.0,-3.7e-05,-0.001979,-0.0,-0.000175,-0.0,-0.0,-0.000212,-0.0,-0.0,-0.001181,-0.002102,-0.0,-0.0,-0.0,-0.0,-0.0,-0.000639,-0.0,-0.000512,-0.002448,-0.0,-0.0,-0.000269,-0.0,-0.0,-0.0,-0.0,-0.000916,-0.001748,-0.0,-0.001054,-0.000951,-0.001917,-0.002033,-0.0,-0.002141,-0.0,-0.001608,-7.3e-05,-0.0,-0.0,-0.003336,-0.001458,-0.001546,-0.001433,-0.002187,-0.0,-5.2e-05,-7.7e-05,-0.0,-0.0,-0.000652,-0.001014,-0.001061
2017-05-31 18:31:00+02:00,-0.0,-0.0,-4.2e-05,-0.001435,-0.0,-0.0,-0.0,-0.0,-0.000375,-0.0,-0.0,-0.0,-0.001871,-0.001981,-0.000908,-0.001991,-0.0,-0.0,-0.0,-0.001983,-0.0,-0.001992,-0.0,-0.0,-0.002246,-0.002297,-0.0,-0.0,-8.1e-05,-0.0,-0.0,-0.001022,-0.0,-0.001399,-0.002001,-0.0,-0.000292,-0.0,-0.0,-0.002782,-0.0,-0.0,-0.000624,-0.0,-0.0,-0.000498,-7.9e-05,-0.000164,-0.000211,-0.0,-0.0,-0.00078,-0.001081,-0.002173,-0.0,-0.0,-6e-06,-0.0,-0.0,-0.0,-0.000589,-0.002618,-0.001291,-0.0,-5.8e-05,-0.002106,-0.0,-0.000181,-0.0,-0.0,-0.000227,-0.0,-0.0,-0.00122,-0.002161,-0.0,-0.0,-0.0,-0.0,-0.0,-0.000672,-0.0,-0.000601,-0.002542,-0.0,-0.0,-0.00028,-0.0,-0.0,-0.0,-0.0,-0.000965,-0.001787,-0.0,-0.00113,-0.001025,-0.002031,-0.002155,-0.0,-0.002244,-0.0,-0.001725,-7.8e-05,-0.0,-0.0,-0.00343,-0.001486,-0.001624,-0.001541,-0.00232,-0.0,-6.3e-05,-8.6e-05,-0.0,-0.0,-0.000708,-0.001118,-0.00108
2017-05-31 18:32:00+02:00,-0.0,-0.0,-3.4e-05,-0.001497,-0.0,-0.0,-0.0,-0.0,-0.00037,-0.0,-0.0,-0.0,-0.001857,-0.001973,-0.000914,-0.002062,-0.0,-0.0,-0.0,-0.002006,-0.0,-0.002015,-0.0,-0.0,-0.002265,-0.002375,-0.0,-0.0,-8.7e-05,-0.0,-0.0,-0.001021,-0.0,-0.001404,-0.002,-0.0,-0.000293,-0.0,-0.0,-0.002788,-0.0,-0.0,-0.00064,-0.0,-0.0,-0.000546,-8.4e-05,-0.000163,-0.000209,-0.0,-0.0,-0.000783,-0.001112,-0.00216,-0.0,-0.0,-5e-06,-0.0,-0.0,-0.0,-0.000589,-0.002628,-0.001353,-0.0,-5.3e-05,-0.002179,-0.0,-0.00018,-0.0,-0.0,-0.00023,-0.0,-0.0,-0.001229,-0.002157,-0.0,-0.0,-0.0,-0.0,-0.0,-0.000687,-0.0,-0.000652,-0.002554,-0.0,-0.0,-0.00028,-0.0,-0.0,-0.0,-0.0,-0.000989,-0.001775,-0.0,-0.001173,-0.001035,-0.002094,-0.002224,-0.0,-0.002263,-0.0,-0.001793,-7.8e-05,-0.0,-0.0,-0.003424,-0.001472,-0.001635,-0.001602,-0.002396,-0.0,-6.9e-05,-8.8e-05,-0.0,-0.0,-0.000725,-0.001178,-0.001066
2017-05-31 18:33:00+02:00,-0.0,-0.0,-2.7e-05,-0.001517,-0.0,-0.0,-0.0,-0.0,-0.000357,-0.0,-0.0,-0.0,-0.001802,-0.001919,-0.000885,-0.002084,-0.0,-0.0,-0.0,-0.00198,-0.0,-0.00199,-0.0,-0.0,-0.002226,-0.002401,-0.0,-0.0,-8.8e-05,-0.0,-0.0,-0.000993,-0.0,-0.00137,-0.001951,-0.0,-0.000264,-0.0,-0.0,-0.002728,-0.0,-0.0,-0.000622,-0.0,-0.0,-0.00056,-8.6e-05,-0.000159,-0.0002,-0.0,-0.0,-0.000765,-0.001116,-0.0021,-0.0,-0.0,-4e-06,-0.0,-0.0,-0.0,-0.000574,-0.002574,-0.001372,-0.0,-4.2e-05,-0.002202,-0.0,-0.000175,-0.0,-0.0,-0.000222,-0.0,-0.0,-0.001207,-0.002102,-0.0,-0.0,-0.0,-0.0,-0.0,-0.000686,-0.0,-0.000667,-0.002501,-0.0,-0.0,-0.000274,-0.0,-0.0,-0.0,-0.0,-0.000991,-0.001723,-0.0,-0.001183,-0.001,-0.002112,-0.002246,-0.0,-0.00222,-0.0,-0.001813,-7.6e-05,-0.0,-0.0,-0.003344,-0.001425,-0.001595,-0.00162,-0.002422,-0.0,-6.9e-05,-8.2e-05,-0.0,-0.0,-0.000707,-0.001196,-0.001029
2017-05-31 18:34:00+02:00,-0.0,-0.0,-2.1e-05,-0.00149,-0.0,-0.0,-0.0,-0.0,-0.00034,-0.0,-0.0,-0.0,-0.001741,-0.001857,-0.000839,-0.002056,-0.0,-0.0,-0.0,-0.001904,-0.0,-0.001914,-0.0,-0.0,-0.002164,-0.002376,-0.0,-0.0,-8.2e-05,-0.0,-0.0,-0.000956,-0.0,-0.001323,-0.00189,-0.0,-0.000212,-0.0,-0.0,-0.002647,-0.0,-0.0,-0.000561,-0.0,-0.0,-0.000529,-8.3e-05,-0.000149,-0.000187,-0.0,-0.0,-0.000728,-0.001096,-0.002033,-0.0,-0.0,-3e-06,-0.0,-0.0,-0.0,-0.000544,-0.002497,-0.001345,-0.0,-3.4e-05,-0.002175,-0.0,-0.000164,-0.0,-0.0,-0.000199,-0.0,-0.0,-0.001156,-0.002037,-0.0,-0.0,-0.0,-0.0,-0.0,-0.000669,-0.0,-0.000638,-0.002427,-0.0,-0.0,-0.000263,-0.0,-0.0,-0.0,-0.0,-0.000972,-0.001664,-0.0,-0.00116,-0.000939,-0.002087,-0.002221,-0.0,-0.002154,-0.0,-0.001785,-6.8e-05,-0.0,-0.0,-0.003248,-0.001372,-0.001532,-0.001591,-0.002397,-0.0,-6.4e-05,-6.8e-05,-0.0,-0.0,-0.000644,-0.001168,-0.000987
2017-05-31 18:35:00+02:00,-0.0,-0.0,-1.7e-05,-0.001494,-0.0,-0.0,-0.0,-0.0,-0.000331,-0.0,-0.0,-0.0,-0.001735,-0.001856,-0.000842,-0.00206,-0.0,-0.0,-0.0,-0.001866,-0.0,-0.001876,-0.0,-0.0,-0.00218,-0.002383,-0.0,-0.0,-7.9e-05,-0.0,-0.0,-0.000953,-0.0,-0.001327,-0.001894,-0.0,-0.00021,-0.0,-0.0,-0.002656,-0.0,-0.0,-0.000533,-0.0,-0.0,-0.000528,-8.1e-05,-0.000141,-0.000181,-0.0,-0.0,-0.000705,-0.001092,-0.002032,-0.0,-0.0,-2e-06,-0.0,-0.0,-0.0,-0.000524,-0.002507,-0.001349,-0.0,-2.7e-05,-0.002181,-0.0,-0.000156,-0.0,-0.0,-0.000188,-0.0,-0.0,-0.001129,-0.00204,-0.0,-0.0,-0.0,-0.0,-0.0,-0.00066,-0.0,-0.000638,-0.002438,-0.0,-0.0,-0.000259,-0.0,-0.0,-0.0,-0.0,-0.000966,-0.001659,-0.0,-0.001162,-0.000944,-0.002088,-0.002224,-0.0,-0.002168,-0.0,-0.001789,-6.4e-05,-0.0,-0.0,-0.003257,-0.001363,-0.001537,-0.001594,-0.002403,-0.0,-6.2e-05,-6.1e-05,-0.0,-0.0,-0.000615,-0.001171,-0.000974
2017-05-31 18:36:00+02:00,-0.0,-0.0,-1.4e-05,-0.001486,-0.0,-0.0,-0.0,-0.0,-0.000325,-0.0,-0.0,-0.0,-0.001734,-0.001859,-0.00085,-0.002049,-0.0,-0.0,-0.0,-0.001821,-0.0,-0.001832,-0.0,-0.0,-0.002203,-0.002372,-0.0,-0.0,-7.6e-05,-0.0,-0.0,-0.000954,-0.0,-0.001335,-0.001901,-0.0,-0.000217,-0.0,-0.0,-0.002673,-0.0,-0.0,-0.000497,-0.0,-0.0,-0.000516,-8e-05,-0.000134,-0.000179,-0.0,-0.0,-0.00068,-0.00108,-0.002035,-0.0,-0.0,-2e-06,-0.0,-0.0,-0.0,-0.000503,-0.002526,-0.00134,-0.0,-2.2e-05,-0.00217,-0.0,-0.000149,-0.0,-0.0,-0.000174,-0.0,-0.0,-0.001096,-0.002047,-0.0,-0.0,-0.0,-0.0,-0.0,-0.000648,-0.0,-0.000627,-0.002457,-0.0,-0.0,-0.000258,-0.0,-0.0,-0.0,-0.0,-0.000952,-0.001657,-0.0,-0.001152,-0.000957,-0.002074,-0.002211,-0.0,-0.00219,-0.0,-0.001779,-5.9e-05,-0.0,-0.0,-0.003276,-0.001357,-0.00155,-0.001583,-0.002391,-0.0,-5.9e-05,-5.3e-05,-0.0,-0.0,-0.000577,-0.001162,-0.000966
2017-05-31 18:37:00+02:00,-0.0,-0.0,-1.1e-05,-0.001444,-0.0,-0.0,-0.0,-0.0,-0.000321,-0.0,-0.0,-0.0,-0.001715,-0.001841,-0.000842,-0.002001,-0.0,-0.0,-0.0,-0.001745,-0.0,-0.001755,-0.0,-0.0,-0.002204,-0.002321,-0.0,-0.0,-7.1e-05,-0.0,-0.0,-0.000944,-0.0,-0.001324,-0.001885,-0.0,-0.000212,-0.0,-0.0,-0.002663,-0.0,-0.0,-0.000442,-0.0,-0.0,-0.00048,-7.8e-05,-0.000127,-0.000176,-0.0,-0.0,-0.000643,-0.001047,-0.002017,-0.0,-0.0,-1e-06,-0.0,-0.0,-0.0,-0.000475,-0.002519,-0.001298,-0.0,-1.7e-05,-0.00212,-0.0,-0.000142,-0.0,-0.0,-0.000155,-0.0,-0.0,-0.001044,-0.002029,-0.0,-0.0,-0.0,-0.0,-0.0,-0.000626,-0.0,-0.000591,-0.002451,-0.0,-0.0,-0.000263,-0.0,-0.0,-0.0,-0.0,-0.000923,-0.001639,-0.0,-0.001115,-0.000952,-0.002026,-0.002162,-0.0,-0.002189,-0.0,-0.001734,-5.3e-05,-0.0,-0.0,-0.003269,-0.00134,-0.001544,-0.001539,-0.002339,-0.0,-5.4e-05,-4.2e-05,-0.0,-0.0,-0.000519,-0.001121,-0.000951
2017-05-31 18:38:00+02:00,-0.0,-0.0,-9e-06,-0.001367,-0.0,-0.0,-0.0,-0.0,-0.000309,-0.0,-0.0,-0.0,-0.001663,-0.001785,-0.000801,-0.001914,-0.0,-0.0,-0.0,-0.001623,-0.0,-0.001632,-0.0,-0.0,-0.002148,-0.00223,-0.0,-0.0,-6.1e-05,-0.0,-0.0,-0.00091,-0.0,-0.00128,-0.001827,-0.0,-0.000172,-0.0,-0.0,-0.002592,-0.0,-0.0,-0.000354,-0.0,-0.0,-0.000413,-7.2e-05,-0.000116,-0.000166,-0.0,-0.0,-0.000589,-0.000995,-0.001958,-0.0,-0.0,-1e-06,-0.0,-0.0,-0.0,-0.000434,-0.00245,-0.001222,-0.0,-1.4e-05,-0.002031,-0.0,-0.000131,-0.0,-0.0,-0.000124,-0.0,-0.0,-0.000964,-0.001969,-0.0,-0.0,-0.0,-0.0,-0.0,-0.000593,-0.0,-0.000523,-0.002385,-0.0,-0.0,-0.000259,-0.0,-0.0,-0.0,-0.0,-0.000878,-0.001587,-0.0,-0.001055,-0.0009,-0.001944,-0.002076,-0.0,-0.002129,-0.0,-0.001651,-4.4e-05,-0.0,-0.0,-0.003192,-0.001295,-0.001488,-0.001461,-0.002248,-0.0,-4.4e-05,-3.4e-05,-0.0,-0.0,-0.000422,-0.001047,-0.000916
2017-05-31 18:39:00+02:00,-0.0,-0.0,-7e-06,-0.001316,-0.0,-0.0,-0.0,-0.0,-0.000295,-0.0,-0.0,-0.0,-0.001624,-0.001745,-0.000772,-0.001857,-0.0,-0.0,-0.0,-0.001519,-0.0,-0.001527,-0.0,-0.0,-0.002112,-0.00217,-0.0,-0.0,-5.4e-05,-0.0,-0.0,-0.000886,-0.0,-0.00125,-0.001789,-0.0,-0.000142,-0.0,-0.0,-0.002542,-0.0,-0.0,-0.000283,-0.0,-0.0,-0.000366,-6.7e-05,-0.000105,-0.000157,-0.0,-0.0,-0.000542,-0.00096,-0.001918,-0.0,-0.0,-1e-06,-0.0,-0.0,-0.0,-0.000398,-0.002403,-0.001171,-0.0,-1.1e-05,-0.001973,-0.0,-0.000119,-0.0,-0.0,-9.9e-05,-0.0,-0.0,-0.000898,-0.001929,-0.0,-0.0,-0.0,-0.0,-0.0,-0.000567,-0.0,-0.000475,-0.002341,-0.0,-0.0,-0.000251,-0.0,-0.0,-0.0,-0.0,-0.000845,-0.001549,-0.0,-0.001015,-0.000862,-0.001889,-0.002019,-0.0,-0.002089,-0.0,-0.001596,-3.6e-05,-0.0,-0.0,-0.003137,-0.00126,-0.001449,-0.001408,-0.002189,-0.0,-3.8e-05,-2.7e-05,-0.0,-0.0,-0.00034,-0.000996,-0.000886
2017-05-31 18:40:00+02:00,-0.0,-0.0,-6e-06,-0.001319,-0.0,-0.0,-0.0,-0.0,-0.000285,-0.0,-0.0,-0.0,-0.001622,-0.001752,-0.000788,-0.001855,-0.0,-0.0,-0.0,-0.001489,-0.0,-0.001498,-0.0,-0.0,-0.002135,-0.002167,-0.0,-0.0,-5.2e-05,-0.0,-0.0,-0.000884,-0.0,-0.00126,-0.001801,-0.0,-0.000162,-0.0,-0.0,-0.002561,-0.0,-0.0,-0.000266,-0.0,-0.0,-0.000374,-6.5e-05,-9.8e-05,-0.000153,-0.0,-0.0,-0.000524,-0.000952,-0.001923,-0.0,-0.0,-1e-06,-0.0,-0.0,-0.0,-0.000381,-0.002425,-0.001175,-0.0,-9e-06,-0.001971,-0.0,-0.000112,-0.0,-0.0,-9.2e-05,-0.0,-0.0,-0.000876,-0.00194,-0.0,-0.0,-0.0,-0.0,-0.0,-0.000555,-0.0,-0.000483,-0.002363,-0.0,-0.0,-0.000244,-0.0,-0.0,-0.0,-0.0,-0.000834,-0.001549,-0.0,-0.001014,-0.000887,-0.00188,-0.002012,-0.0,-0.002112,-0.0,-0.001596,-3.3e-05,-0.0,-0.0,-0.003158,-0.001252,-0.001467,-0.001408,-0.002184,-0.0,-3.7e-05,-2.2e-05,-0.0,-0.0,-0.000324,-0.001,-0.000874
2017-05-31 18:41:00+02:00,-0.0,-0.0,-5e-06,-0.001247,-0.0,-0.0,-0.0,-0.0,-0.000267,-0.0,-0.0,-0.0,-0.001553,-0.001681,-0.000748,-0.001763,-0.0,-0.0,-0.0,-0.00142,-0.0,-0.001429,-0.0,-0.0,-0.002056,-0.002064,-0.0,-0.0,-4.5e-05,-0.0,-0.0,-0.000842,-0.0,-0.001205,-0.00173,-0.0,-0.000138,-0.0,-0.0,-0.002468,-0.0,-0.0,-0.000228,-0.0,-0.0,-0.000329,-6e-05,-9.1e-05,-0.000142,-0.0,-0.0,-0.000491,-0.000898,-0.001846,-0.0,-0.0,-1e-06,-0.0,-0.0,-0.0,-0.000356,-0.002338,-0.001106,-0.0,-7e-06,-0.001875,-0.0,-0.000104,-0.0,-0.0,-8e-05,-0.0,-0.0,-0.00083,-0.001865,-0.0,-0.0,-0.0,-0.0,-0.0,-0.000519,-0.0,-0.000436,-0.002277,-0.0,-0.0,-0.000232,-0.0,-0.0,-0.0,-0.0,-0.000784,-0.001482,-0.0,-0.000957,-0.00084,-0.001785,-0.001913,-0.0,-0.002032,-0.0,-0.001514,-2.9e-05,-0.0,-0.0,-0.00305,-0.001195,-0.001404,-0.001331,-0.00208,-0.0,-3.1e-05,-1.7e-05,-0.0,-0.0,-0.000286,-0.000937,-0.000829
2017-05-31 18:42:00+02:00,-0.0,-0.0,-4e-06,-0.001088,-0.0,-0.0,-0.0,-0.0,-0.000237,-0.0,-0.0,-0.0,-0.001437,-0.001554,-0.000646,-0.00158,-0.0,-0.0,-0.0,-0.001252,-0.0,-0.001259,-0.0,-0.0,-0.001886,-0.001866,-0.0,-0.0,-3.6e-05,-0.0,-0.0,-0.000764,-0.0,-0.001097,-0.001595,-0.0,-0.000111,-0.0,-0.0,-0.002277,-0.0,-0.0,-0.000182,-0.0,-0.0,-0.000264,-4.8e-05,-7.6e-05,-0.000121,-0.0,-0.0,-0.000423,-0.000802,-0.001713,-0.0,-0.0,-0.0,-0.0,-0.0,-0.0,-0.000305,-0.002149,-0.000951,-0.0,-6e-06,-0.001686,-0.0,-8.8e-05,-0.0,-0.0,-6.4e-05,-0.0,-0.0,-0.000727,-0.001725,-0.0,-0.0,-0.0,-0.0,-0.0,-0.00046,-0.0,-0.000349,-0.002095,-0.0,-0.0,-0.000209,-0.0,-0.0,-0.0,-0.0,-0.000702,-0.001369,-0.0,-0.000841,-0.0007,-0.001612,-0.001729,-0.0,-0.001857,-0.0,-0.001341,-2.3e-05,-0.0,-0.0,-0.002836,-0.0011,-0.001255,-0.001171,-0.001882,-0.0,-2.5e-05,-1.4e-05,-0.0,-0.0,-0.000229,-0.000787,-0.000757
2017-05-31 18:43:00+02:00,-0.0,-0.0,-3e-06,-0.001082,-0.0,-0.0,-0.0,-0.0,-0.000225,-0.0,-0.0,-0.0,-0.001414,-0.001535,-0.000648,-0.001563,-0.0,-0.0,-0.0,-0.001253,-0.0,-0.001261,-0.0,-0.0,-0.001878,-0.001841,-0.0,-0.0,-3.4e-05,-0.0,-0.0,-0.00075,-0.0,-0.001087,-0.001581,-0.0,-0.000112,-0.0,-0.0,-0.002262,-0.0,-0.0,-0.000185,-0.0,-0.0,-0.000261,-4.7e-05,-7.3e-05,-0.000116,-0.0,-0.0,-0.000417,-0.000786,-0.00169,-0.0,-0.0,-0.0,-0.0,-0.0,-0.0,-0.000298,-0.002139,-0.000947,-0.0,-5e-06,-0.001666,-0.0,-8.4e-05,-0.0,-0.0,-6.3e-05,-0.0,-0.0,-0.000724,-0.001709,-0.0,-0.0,-0.0,-0.0,-0.0,-0.000445,-0.0,-0.000348,-0.002085,-0.0,-0.0,-0.000202,-0.0,-0.0,-0.0,-0.0,-0.000683,-0.001347,-0.0,-0.000832,-0.00071,-0.001584,-0.001701,-0.0,-0.001849,-0.0,-0.00133,-2.2e-05,-0.0,-0.0,-0.002814,-0.001076,-0.001252,-0.001161,-0.001855,-0.0,-2.3e-05,-1.1e-05,-0.0,-0.0,-0.000234,-0.000786,-0.000735
2017-05-31 18:44:00+02:00,-0.0,-0.0,-2e-06,-0.001017,-0.0,-0.0,-0.0,-0.0,-0.00021,-0.0,-0.0,-0.0,-0.001346,-0.001465,-0.000608,-0.00148,-0.0,-0.0,-0.0,-0.001192,-0.0,-0.0012,-0.0,-0.0,-0.001798,-0.001748,-0.0,-0.0,-2.8e-05,-0.0,-0.0,-0.000709,-0.0,-0.001033,-0.00151,-0.0,-8.9e-05,-0.0,-0.0,-0.002168,-0.0,-0.0,-0.000148,-0.0,-0.0,-0.000212,-4.2e-05,-6.8e-05,-0.000106,-0.0,-0.0,-0.00039,-0.000738,-0.001614,-0.0,-0.0,-0.0,-0.0,-0.0,-0.0,-0.000277,-0.00205,-0.000886,-0.0,-4e-06,-0.00158,-0.0,-7.8e-05,-0.0,-0.0,-5.1e-05,-0.0,-0.0,-0.000684,-0.001633,-0.0,-0.0,-0.0,-0.0,-0.0,-0.000414,-0.0,-0.000299,-0.001999,-0.0,-0.0,-0.000192,-0.0,-0.0,-0.0,-0.0,-0.00064,-0.001282,-0.0,-0.000781,-0.000661,-0.0015,-0.001613,-0.0,-0.001768,-0.0,-0.001256,-1.9e-05,-0.0,-0.0,-0.002703,-0.001021,-0.001188,-0.001092,-0.001761,-0.0,-1.9e-05,-9e-06,-0.0,-0.0,-0.000192,-0.000729,-0.000693
2017-05-31 18:45:00+02:00,-0.0,-0.0,-2e-06,-0.00091,-0.0,-0.0,-0.0,-0.0,-0.000191,-0.0,-0.0,-0.0,-0.001235,-0.001344,-0.000536,-0.001344,-0.0,-0.0,-0.0,-0.001084,-0.0,-0.001091,-0.0,-0.0,-0.001652,-0.001595,-0.0,-0.0,-2.3e-05,-0.0,-0.0,-0.000644,-0.0,-0.00094,-0.001385,-0.0,-7.2e-05,-0.0,-0.0,-0.001998,-0.0,-0.0,-0.000118,-0.0,-0.0,-0.000169,-3.6e-05,-6.1e-05,-9.4e-05,-0.0,-0.0,-0.000348,-0.000665,-0.001483,-0.0,-0.0,-0.0,-0.0,-0.0,-0.0,-0.000246,-0.001887,-0.000785,-0.0,-3e-06,-0.001437,-0.0,-7.1e-05,-0.0,-0.0,-4e-05,-0.0,-0.0,-0.000616,-0.0015,-0.0,-0.0,-0.0,-0.0,-0.0,-0.000372,-0.0,-0.000239,-0.00184,-0.0,-0.0,-0.00018,-0.0,-0.0,-0.0,-0.0,-0.000577,-0.001175,-0.0,-0.000698,-0.000572,-0.001367,-0.001471,-0.0,-0.001621,-0.0,-0.001133,-1.5e-05,-0.0,-0.0,-0.002501,-0.000934,-0.001076,-0.000981,-0.001608,-0.0,-1.5e-05,-7e-06,-0.0,-0.0,-0.000154,-0.000637,-0.000632
2017-05-31 18:46:00+02:00,-0.0,-0.0,-1e-06,-0.000728,-0.0,-0.0,-0.0,-0.0,-0.00016,-0.0,-0.0,-0.0,-0.001046,-0.001132,-0.000429,-0.001075,-0.0,-0.0,-0.0,-0.000868,-0.0,-0.000873,-0.0,-0.0,-0.001377,-0.001281,-0.0,-0.0,-1.8e-05,-0.0,-0.0,-0.000533,-0.0,-0.000774,-0.001161,-0.0,-5.7e-05,-0.0,-0.0,-0.001681,-0.0,-0.0,-9.5e-05,-0.0,-0.0,-0.000135,-2.9e-05,-4.9e-05,-7.5e-05,-0.0,-0.0,-0.000278,-0.000532,-0.001257,-0.0,-0.0,-0.0,-0.0,-0.0,-0.0,-0.000197,-0.001579,-0.000628,-0.0,-2e-06,-0.00115,-0.0,-5.7e-05,-0.0,-0.0,-3.2e-05,-0.0,-0.0,-0.000493,-0.001263,-0.0,-0.0,-0.0,-0.0,-0.0,-0.000297,-0.0,-0.000191,-0.001541,-0.0,-0.0,-0.000156,-0.0,-0.0,-0.0,-0.0,-0.000462,-0.000992,-0.0,-0.000558,-0.000458,-0.001101,-0.001186,-0.0,-0.001343,-0.0,-0.000907,-1.2e-05,-0.0,-0.0,-0.002128,-0.00079,-0.000861,-0.000785,-0.001297,-0.0,-1.2e-05,-6e-06,-0.0,-0.0,-0.000123,-0.000509,-0.000533
2017-05-31 18:47:00+02:00,-0.0,-0.0,-1e-06,-0.000582,-0.0,-0.0,-0.0,-0.0,-0.000128,-0.0,-0.0,-0.0,-0.000837,-0.000906,-0.000343,-0.00086,-0.0,-0.0,-0.0,-0.000695,-0.0,-0.000698,-0.0,-0.0,-0.001102,-0.001025,-0.0,-0.0,-1.4e-05,-0.0,-0.0,-0.000426,-0.0,-0.00062,-0.000929,-0.0,-4.6e-05,-0.0,-0.0,-0.001345,-0.0,-0.0,-7.6e-05,-0.0,-0.0,-0.000108,-2.3e-05,-3.9e-05,-6e-05,-0.0,-0.0,-0.000223,-0.000425,-0.001005,-0.0,-0.0,-0.0,-0.0,-0.0,-0.0,-0.000158,-0.001263,-0.000502,-0.0,-2e-06,-0.00092,-0.0,-4.5e-05,-0.0,-0.0,-2.6e-05,-0.0,-0.0,-0.000394,-0.00101,-0.0,-0.0,-0.0,-0.0,-0.0,-0.000238,-0.0,-0.000153,-0.001233,-0.0,-0.0,-0.000125,-0.0,-0.0,-0.0,-0.0,-0.00037,-0.000794,-0.0,-0.000447,-0.000366,-0.000881,-0.000948,-0.0,-0.001075,-0.0,-0.000725,-1e-05,-0.0,-0.0,-0.001703,-0.000632,-0.000689,-0.000628,-0.001037,-0.0,-9e-06,-5e-06,-0.0,-0.0,-9.8e-05,-0.000408,-0.000427
2017-05-31 18:48:00+02:00,-0.0,-0.0,-1e-06,-0.000466,-0.0,-0.0,-0.0,-0.0,-0.000102,-0.0,-0.0,-0.0,-0.000669,-0.000725,-0.000275,-0.000688,-0.0,-0.0,-0.0,-0.000556,-0.0,-0.000559,-0.0,-0.0,-0.000881,-0.00082,-0.0,-0.0,-1.2e-05,-0.0,-0.0,-0.000341,-0.0,-0.000496,-0.000743,-0.0,-3.7e-05,-0.0,-0.0,-0.001076,-0.0,-0.0,-6.1e-05,-0.0,-0.0,-8.7e-05,-1.9e-05,-3.1e-05,-4.8e-05,-0.0,-0.0,-0.000178,-0.00034,-0.000804,-0.0,-0.0,-0.0,-0.0,-0.0,-0.0,-0.000126,-0.001011,-0.000402,-0.0,-1e-06,-0.000736,-0.0,-3.6e-05,-0.0,-0.0,-2.1e-05,-0.0,-0.0,-0.000316,-0.000808,-0.0,-0.0,-0.0,-0.0,-0.0,-0.00019,-0.0,-0.000122,-0.000986,-0.0,-0.0,-0.0001,-0.0,-0.0,-0.0,-0.0,-0.000296,-0.000635,-0.0,-0.000357,-0.000293,-0.000705,-0.000759,-0.0,-0.00086,-0.0,-0.00058,-8e-06,-0.0,-0.0,-0.001362,-0.000505,-0.000551,-0.000502,-0.00083,-0.0,-8e-06,-4e-06,-0.0,-0.0,-7.9e-05,-0.000326,-0.000341
2017-05-31 18:49:00+02:00,-0.0,-0.0,-1e-06,-0.000373,-0.0,-0.0,-0.0,-0.0,-8.2e-05,-0.0,-0.0,-0.0,-0.000536,-0.00058,-0.00022,-0.00055,-0.0,-0.0,-0.0,-0.000445,-0.0,-0.000447,-0.0,-0.0,-0.000705,-0.000656,-0.0,-0.0,-9e-06,-0.0,-0.0,-0.000273,-0.0,-0.000396,-0.000595,-0.0,-2.9e-05,-0.0,-0.0,-0.000861,-0.0,-0.0,-4.8e-05,-0.0,-0.0,-6.9e-05,-1.5e-05,-2.5e-05,-3.9e-05,-0.0,-0.0,-0.000142,-0.000272,-0.000643,-0.0,-0.0,-0.0,-0.0,-0.0,-0.0,-0.000101,-0.000809,-0.000322,-0.0,-1e-06,-0.000589,-0.0,-2.9e-05,-0.0,-0.0,-1.7e-05,-0.0,-0.0,-0.000252,-0.000647,-0.0,-0.0,-0.0,-0.0,-0.0,-0.000152,-0.0,-9.8e-05,-0.000789,-0.0,-0.0,-8e-05,-0.0,-0.0,-0.0,-0.0,-0.000237,-0.000508,-0.0,-0.000286,-0.000234,-0.000564,-0.000607,-0.0,-0.000688,-0.0,-0.000464,-6e-06,-0.0,-0.0,-0.00109,-0.000404,-0.000441,-0.000402,-0.000664,-0.0,-6e-06,-3e-06,-0.0,-0.0,-6.3e-05,-0.000261,-0.000273
2017-05-31 18:50:00+02:00,-0.0,-0.0,-1e-06,-0.000328,-0.0,-0.0,-0.0,-0.0,-7.9e-05,-0.0,-0.0,-0.0,-0.000564,-0.000613,-0.000209,-0.00052,-0.0,-0.0,-0.0,-0.000435,-0.0,-0.000436,-0.0,-0.0,-0.000749,-0.000644,-0.0,-0.0,-7e-06,-0.0,-0.0,-0.000279,-0.0,-0.000413,-0.000631,-0.0,-2.3e-05,-0.0,-0.0,-0.000918,-0.0,-0.0,-3.9e-05,-0.0,-0.0,-5.5e-05,-1.2e-05,-2.1e-05,-3.5e-05,-0.0,-0.0,-0.00013,-0.000254,-0.000683,-0.0,-0.0,-0.0,-0.0,-0.0,-0.0,-9.1e-05,-0.000861,-0.000268,-0.0,-1e-06,-0.000565,-0.0,-2.6e-05,-0.0,-0.0,-1.3e-05,-0.0,-0.0,-0.000241,-0.000688,-0.0,-0.0,-0.0,-0.0,-0.0,-0.00014,-0.0,-7.8e-05,-0.000841,-0.0,-0.0,-7.9e-05,-0.0,-0.0,-0.0,-0.0,-0.000224,-0.000533,-0.0,-0.000256,-0.000205,-0.000552,-0.000596,-0.0,-0.000726,-0.0,-0.000426,-5e-06,-0.0,-0.0,-0.00117,-0.00042,-0.000451,-0.000362,-0.000654,-0.0,-5e-06,-2e-06,-0.0,-0.0,-5e-05,-0.000209,-0.000277
2017-05-31 18:51:00+02:00,-0.0,-0.0,-0.0,-0.000439,-0.0,-0.0,-0.0,-0.0,-8.8e-05,-0.0,-0.0,-0.0,-0.000675,-0.000749,-0.000302,-0.000657,-0.0,-0.0,-0.0,-0.000575,-0.0,-0.00058,-0.0,-0.0,-0.000954,-0.000801,-0.0,-0.0,-9e-06,-0.0,-0.0,-0.000341,-0.0,-0.000523,-0.000784,-0.0,-6.9e-05,-0.0,-0.0,-0.001148,-0.0,-0.0,-8.2e-05,-0.0,-0.0,-9.3e-05,-1.6e-05,-2.7e-05,-4.2e-05,-0.0,-0.0,-0.000168,-0.000311,-0.000827,-0.0,-0.0,-0.0,-0.0,-0.0,-0.0,-0.000114,-0.001089,-0.000373,-0.0,-1e-06,-0.000709,-0.0,-3.2e-05,-0.0,-0.0,-2.3e-05,-0.0,-0.0,-0.000316,-0.000848,-0.0,-0.0,-0.0,-0.0,-0.0,-0.000163,-0.0,-0.000127,-0.001064,-0.0,-0.0,-9.1e-05,-0.0,-0.0,-0.0,-0.0,-0.000267,-0.000642,-0.0,-0.000333,-0.000331,-0.000678,-0.000735,-0.0,-0.000929,-0.0,-0.000553,-8e-06,-0.0,-0.0,-0.001437,-0.000496,-0.000604,-0.000473,-0.000811,-0.0,-6e-06,-4e-06,-0.0,-0.0,-0.000101,-0.000301,-0.000321
2017-05-31 18:52:00+02:00,-0.0,-0.0,-0.0,-0.000507,-0.0,-0.0,-0.0,-0.0,-9.2e-05,-0.0,-0.0,-0.0,-0.000758,-0.00085,-0.000362,-0.000745,-0.0,-0.0,-0.0,-0.000678,-0.0,-0.000686,-0.0,-0.0,-0.001102,-0.000909,-0.0,-0.0,-9e-06,-0.0,-0.0,-0.000384,-0.0,-0.000602,-0.000897,-0.0,-8.3e-05,-0.0,-0.0,-0.001315,-0.0,-0.0,-9.5e-05,-0.0,-0.0,-9.7e-05,-1.7e-05,-3e-05,-4.6e-05,-0.0,-0.0,-0.000194,-0.000347,-0.000935,-0.0,-0.0,-0.0,-0.0,-0.0,-0.0,-0.000129,-0.001253,-0.000434,-0.0,-1e-06,-0.000804,-0.0,-3.5e-05,-0.0,-0.0,-2.5e-05,-0.0,-0.0,-0.000372,-0.000967,-0.0,-0.0,-0.0,-0.0,-0.0,-0.000176,-0.0,-0.00014,-0.001225,-0.0,-0.0,-9.6e-05,-0.0,-0.0,-0.0,-0.0,-0.000295,-0.000721,-0.0,-0.000381,-0.000408,-0.000764,-0.00083,-0.0,-0.001073,-0.0,-0.000632,-8e-06,-0.0,-0.0,-0.001635,-0.00055,-0.000708,-0.000542,-0.000918,-0.0,-6e-06,-3e-06,-0.0,-0.0,-0.00012,-0.000351,-0.000351
2017-05-31 18:53:00+02:00,-0.0,-0.0,-0.0,-0.000628,-0.0,-0.0,-0.0,-0.0,-9.9e-05,-0.0,-0.0,-0.0,-0.000863,-0.000979,-0.000452,-0.000892,-0.0,-0.0,-0.0,-0.000806,-0.0,-0.000817,-0.0,-0.0,-0.001295,-0.001075,-0.0,-0.0,-1.2e-05,-0.0,-0.0,-0.000442,-0.0,-0.000706,-0.001043,-0.0,-0.000134,-0.0,-0.0,-0.001531,-0.0,-0.0,-0.000144,-0.0,-0.0,-0.000154,-2.1e-05,-3.4e-05,-5.1e-05,-0.0,-0.0,-0.000228,-0.000408,-0.001072,-0.0,-0.0,-0.0,-0.0,-0.0,-0.0,-0.000149,-0.001467,-0.000548,-0.0,-0.0,-0.000958,-0.0,-3.9e-05,-0.0,-0.0,-3.5e-05,-0.0,-0.0,-0.00044,-0.00112,-0.0,-0.0,-0.0,-0.0,-0.0,-0.000201,-0.0,-0.000206,-0.001435,-0.0,-0.0,-0.000105,-0.0,-0.0,-0.0,-0.0,-0.000341,-0.000823,-0.0,-0.000465,-0.000529,-0.000898,-0.000977,-0.0,-0.001264,-0.0,-0.000768,-1.1e-05,-0.0,-0.0,-0.001887,-0.000621,-0.000852,-0.000661,-0.001083,-0.0,-8e-06,-6e-06,-0.0,-0.0,-0.000174,-0.000454,-0.00039
2017-05-31 18:54:00+02:00,-0.0,-0.0,-0.0,-0.000716,-0.0,-0.0,-0.0,-0.0,-0.000105,-0.0,-0.0,-0.0,-0.000935,-0.001068,-0.000512,-0.000999,-0.0,-0.0,-0.0,-0.000885,-0.0,-0.000898,-0.0,-0.0,-0.001432,-0.001197,-0.0,-0.0,-1.4e-05,-0.0,-0.0,-0.00048,-0.0,-0.000777,-0.001144,-0.0,-0.000165,-0.0,-0.0,-0.001685,-0.0,-0.0,-0.000167,-0.0,-0.0,-0.000189,-2.4e-05,-3.7e-05,-5.6e-05,-0.0,-0.0,-0.000247,-0.000452,-0.001166,-0.0,-0.0,-0.0,-0.0,-0.0,-0.0,-0.00016,-0.001619,-0.00063,-0.0,-0.0,-0.001071,-0.0,-4.3e-05,-0.0,-0.0,-4e-05,-0.0,-0.0,-0.000481,-0.001225,-0.0,-0.0,-0.0,-0.0,-0.0,-0.000219,-0.0,-0.000249,-0.001584,-0.0,-0.0,-0.000115,-0.0,-0.0,-0.0,-0.0,-0.000373,-0.000893,-0.0,-0.000525,-0.00061,-0.000996,-0.001085,-0.0,-0.001398,-0.0,-0.000867,-1.3e-05,-0.0,-0.0,-0.002068,-0.00067,-0.000952,-0.000748,-0.001204,-0.0,-1e-05,-6e-06,-0.0,-0.0,-0.000201,-0.000526,-0.000418
2017-05-31 18:55:00+02:00,-0.0,-0.0,-0.0,-0.000754,-0.0,-0.0,-0.0,-0.0,-0.000109,-0.0,-0.0,-0.0,-0.000959,-0.001098,-0.000527,-0.001048,-0.0,-0.0,-0.0,-0.000903,-0.0,-0.000918,-0.0,-0.0,-0.001483,-0.001256,-0.0,-0.0,-1.5e-05,-0.0,-0.0,-0.000491,-0.0,-0.000799,-0.001178,-0.0,-0.00016,-0.0,-0.0,-0.001745,-0.0,-0.0,-0.000157,-0.0,-0.0,-0.000193,-2.6e-05,-3.9e-05,-5.9e-05,-0.0,-0.0,-0.000247,-0.000469,-0.001199,-0.0,-0.0,-0.0,-0.0,-0.0,-0.0,-0.00016,-0.001679,-0.000664,-0.0,-0.0,-0.001123,-0.0,-4.5e-05,-0.0,-0.0,-3.7e-05,-0.0,-0.0,-0.000487,-0.001262,-0.0,-0.0,-0.0,-0.0,-0.0,-0.000225,-0.0,-0.000257,-0.001644,-0.0,-0.0,-0.000122,-0.0,-0.0,-0.0,-0.0,-0.000386,-0.000916,-0.0,-0.000549,-0.000632,-0.001042,-0.001137,-0.0,-0.001447,-0.0,-0.000912,-1.3e-05,-0.0,-0.0,-0.002141,-0.000685,-0.000986,-0.000786,-0.001263,-0.0,-1e-05,-5e-06,-0.0,-0.0,-0.000192,-0.000554,-0.000426
2017-05-31 18:56:00+02:00,-0.0,-0.0,-0.0,-0.000714,-0.0,-0.0,-0.0,-0.0,-0.000109,-0.0,-0.0,-0.0,-0.000924,-0.001056,-0.000491,-0.001006,-0.0,-0.0,-0.0,-0.000847,-0.0,-0.000859,-0.0,-0.0,-0.001434,-0.001215,-0.0,-0.0,-1.2e-05,-0.0,-0.0,-0.00047,-0.0,-0.000764,-0.001133,-0.0,-0.000128,-0.0,-0.0,-0.001691,-0.0,-0.0,-0.000125,-0.0,-0.0,-0.000154,-2.4e-05,-3.7e-05,-5.7e-05,-0.0,-0.0,-0.000226,-0.000446,-0.001155,-0.0,-0.0,-0.0,-0.0,-0.0,-0.0,-0.000146,-0.001625,-0.000623,-0.0,-0.0,-0.001082,-0.0,-4.3e-05,-0.0,-0.0,-3e-05,-0.0,-0.0,-0.000451,-0.001215,-0.0,-0.0,-0.0,-0.0,-0.0,-0.000215,-0.0,-0.00021,-0.001592,-0.0,-0.0,-0.000126,-0.0,-0.0,-0.0,-0.0,-0.000369,-0.000881,-0.0,-0.000518,-0.000583,-0.001008,-0.0011,-0.0,-0.001395,-0.0,-0.00087,-1e-05,-0.0,-0.0,-0.002082,-0.000659,-0.000941,-0.000747,-0.001223,-0.0,-8e-06,-4e-06,-0.0,-0.0,-0.000154,-0.000512,-0.00041
2017-05-31 18:57:00+02:00,-0.0,-0.0,-0.0,-0.000571,-0.0,-0.0,-0.0,-0.0,-9.9e-05,-0.0,-0.0,-0.0,-0.000808,-0.00092,-0.000393,-0.000829,-0.0,-0.0,-0.0,-0.000691,-0.0,-0.000699,-0.0,-0.0,-0.001244,-0.001026,-0.0,-0.0,-9e-06,-0.0,-0.0,-0.000405,-0.0,-0.000654,-0.000983,-0.0,-0.000102,-0.0,-0.0,-0.001476,-0.0,-0.0,-0.0001,-0.0,-0.0,-0.000123,-2e-05,-2.9e-05,-4.7e-05,-0.0,-0.0,-0.000181,-0.000367,-0.001011,-0.0,-0.0,-0.0,-0.0,-0.0,-0.0,-0.000117,-0.001413,-0.000498,-0.0,-0.0,-0.000901,-0.0,-3.5e-05,-0.0,-0.0,-2.4e-05,-0.0,-0.0,-0.000364,-0.001057,-0.0,-0.0,-0.0,-0.0,-0.0,-0.000178,-0.0,-0.000168,-0.001384,-0.0,-0.0,-0.000117,-0.0,-0.0,-0.0,-0.0,-0.000309,-0.00077,-0.0,-0.000414,-0.000466,-0.000853,-0.000931,-0.0,-0.001204,-0.0,-0.000702,-8e-06,-0.0,-0.0,-0.001833,-0.000577,-0.00079,-0.000598,-0.001035,-0.0,-6e-06,-3e-06,-0.0,-0.0,-0.000123,-0.00041,-0.00036
2017-05-31 18:58:00+02:00,-0.0,-0.0,-0.0,-0.000457,-0.0,-0.0,-0.0,-0.0,-7.9e-05,-0.0,-0.0,-0.0,-0.000647,-0.000736,-0.000315,-0.000664,-0.0,-0.0,-0.0,-0.000553,-0.0,-0.000559,-0.0,-0.0,-0.000995,-0.000821,-0.0,-0.0,-8e-06,-0.0,-0.0,-0.000324,-0.0,-0.000523,-0.000786,-0.0,-8.2e-05,-0.0,-0.0,-0.001181,-0.0,-0.0,-8e-05,-0.0,-0.0,-9.9e-05,-1.6e-05,-2.4e-05,-3.7e-05,-0.0,-0.0,-0.000145,-0.000294,-0.000808,-0.0,-0.0,-0.0,-0.0,-0.0,-0.0,-9.4e-05,-0.00113,-0.000399,-0.0,-0.0,-0.00072,-0.0,-2.8e-05,-0.0,-0.0,-1.9e-05,-0.0,-0.0,-0.000291,-0.000846,-0.0,-0.0,-0.0,-0.0,-0.0,-0.000142,-0.0,-0.000134,-0.001107,-0.0,-0.0,-9.4e-05,-0.0,-0.0,-0.0,-0.0,-0.000247,-0.000616,-0.0,-0.000331,-0.000373,-0.000682,-0.000745,-0.0,-0.000963,-0.0,-0.000562,-6e-06,-0.0,-0.0,-0.001467,-0.000462,-0.000632,-0.000478,-0.000828,-0.0,-5e-06,-3e-06,-0.0,-0.0,-9.8e-05,-0.000328,-0.000288
2017-05-31 18:59:00+02:00,-0.0,-0.0,-0.0,-0.000402,-0.0,-0.0,-0.0,-0.0,-7.6e-05,-0.0,-0.0,-0.0,-0.000636,-0.000723,-0.00028,-0.000621,-0.0,-0.0,-0.0,-0.000523,-0.0,-0.000528,-0.0,-0.0,-0.000978,-0.000788,-0.0,-0.0,-6e-06,-0.0,-0.0,-0.000311,-0.0,-0.000505,-0.000772,-0.0,-6.6e-05,-0.0,-0.0,-0.001165,-0.0,-0.0,-6.4e-05,-0.0,-0.0,-7.9e-05,-1.3e-05,-2.1e-05,-3.4e-05,-0.0,-0.0,-0.00013,-0.000273,-0.000798,-0.0,-0.0,-0.0,-0.0,-0.0,-0.0,-8.4e-05,-0.001111,-0.000335,-0.0,-0.0,-0.000682,-0.0,-2.5e-05,-0.0,-0.0,-1.5e-05,-0.0,-0.0,-0.000271,-0.000832,-0.0,-0.0,-0.0,-0.0,-0.0,-0.000131,-0.0,-0.000107,-0.00109,-0.0,-0.0,-9.3e-05,-0.0,-0.0,-0.0,-0.0,-0.000232,-0.000604,-0.0,-0.000296,-0.000312,-0.000656,-0.000717,-0.0,-0.00094,-0.0,-0.000513,-5e-06,-0.0,-0.0,-0.001459,-0.000451,-0.000598,-0.00043,-0.000799,-0.0,-4e-06,-2e-06,-0.0,-0.0,-7.9e-05,-0.000262,-0.000278
2017-05-31 19:00:00+02:00,-0.0,-0.0,-0.0,-0.000438,-0.0,-0.0,-0.0,-0.0,-7.9e-05,-0.0,-0.0,-0.0,-0.000665,-0.000761,-0.000297,-0.000673,-0.0,-0.0,-0.0,-0.000566,-0.0,-0.000572,-0.0,-0.0,-0.001044,-0.000852,-0.0,-0.0,-5e-06,-0.0,-0.0,-0.000324,-0.0,-0.000532,-0.000816,-0.0,-5.2e-05,-0.0,-0.0,-0.001238,-0.0,-0.0,-5.1e-05,-0.0,-0.0,-6.3e-05,-1.3e-05,-2.2e-05,-3.5e-05,-0.0,-0.0,-0.000137,-0.00029,-0.000839,-0.0,-0.0,-0.0,-0.0,-0.0,-0.0,-8.7e-05,-0.001183,-0.000364,-0.0,-0.0,-0.000737,-0.0,-2.7e-05,-0.0,-0.0,-1.2e-05,-0.0,-0.0,-0.00029,-0.00088,-0.0,-0.0,-0.0,-0.0,-0.0,-0.000136,-0.0,-9.1e-05,-0.001161,-0.0,-0.0,-9.7e-05,-0.0,-0.0,-0.0,-0.0,-0.000245,-0.000632,-0.0,-0.00032,-0.000331,-0.000705,-0.000772,-0.0,-0.001,-0.0,-0.000558,-4e-06,-0.0,-0.0,-0.001549,-0.000468,-0.000636,-0.000467,-0.000862,-0.0,-3e-06,-2e-06,-0.0,-0.0,-6.3e-05,-0.000282,-0.000286
2017-05-31 19:01:00+02:00,-0.0,-0.0,-0.0,-0.000567,-0.0,-0.0,-0.0,-0.0,-8e-05,-0.0,-0.0,-0.0,-0.000691,-0.000795,-0.000316,-0.000841,-0.0,-0.0,-0.0,-0.000622,-0.0,-0.000631,-0.0,-0.0,-0.001104,-0.001041,-0.0,-0.0,-8e-06,-0.0,-0.0,-0.000335,-0.0,-0.000558,-0.000858,-0.0,-4.2e-05,-0.0,-0.0,-0.001306,-0.0,-0.0,-4.6e-05,-0.0,-0.0,-0.000113,-1.8e-05,-2.5e-05,-3.6e-05,-0.0,-0.0,-0.000149,-0.000355,-0.000876,-0.0,-0.0,-0.0,-0.0,-0.0,-0.0,-9.3e-05,-0.001251,-0.000483,-0.0,-0.0,-0.000915,-0.0,-3e-05,-0.0,-0.0,-1.2e-05,-0.0,-0.0,-0.000317,-0.000923,-0.0,-0.0,-0.0,-0.0,-0.0,-0.000161,-0.0,-0.000154,-0.001228,-0.0,-0.0,-0.0001,-0.0,-0.0,-0.0,-0.0,-0.000292,-0.000656,-0.0,-0.000405,-0.000355,-0.000852,-0.000935,-0.0,-0.001057,-0.0,-0.000707,-4e-06,-0.0,-0.0,-0.001631,-0.000482,-0.000673,-0.000595,-0.001046,-0.0,-6e-06,-1e-06,-0.0,-0.0,-6.4e-05,-0.000387,-0.000291
2017-05-31 19:02:00+02:00,-0.0,-0.0,-0.0,-0.000622,-0.0,-0.0,-0.0,-0.0,-7.9e-05,-0.0,-0.0,-0.0,-0.00068,-0.000785,-0.000302,-0.000921,-0.0,-0.0,-0.0,-0.000624,-0.0,-0.000633,-0.0,-0.0,-0.001098,-0.001133,-0.0,-0.0,-8e-06,-0.0,-0.0,-0.000327,-0.0,-0.000548,-0.000848,-0.0,-3.4e-05,-0.0,-0.0,-0.001298,-0.0,-0.0,-3.7e-05,-0.0,-0.0,-0.000116,-2e-05,-2.5e-05,-3.5e-05,-0.0,-0.0,-0.000146,-0.000382,-0.000866,-0.0,-0.0,-0.0,-0.0,-0.0,-0.0,-9.1e-05,-0.001242,-0.000531,-0.0,-0.0,-0.001,-0.0,-3e-05,-0.0,-0.0,-9e-06,-0.0,-0.0,-0.000314,-0.000913,-0.0,-0.0,-0.0,-0.0,-0.0,-0.000172,-0.0,-0.000166,-0.001221,-0.0,-0.0,-0.0001,-0.0,-0.0,-0.0,-0.0,-0.000312,-0.000646,-0.0,-0.00044,-0.000331,-0.000922,-0.001013,-0.0,-0.001047,-0.0,-0.000775,-4e-06,-0.0,-0.0,-0.001625,-0.000472,-0.000659,-0.000651,-0.001136,-0.0,-5e-06,-1e-06,-0.0,-0.0,-5.1e-05,-0.000427,-0.000283
2017-05-31 19:03:00+02:00,-0.0,-0.0,-0.0,-0.00059,-0.0,-0.0,-0.0,-0.0,-7.4e-05,-0.0,-0.0,-0.0,-0.000627,-0.000721,-0.000253,-0.000893,-0.0,-0.0,-0.0,-0.000556,-0.0,-0.000562,-0.0,-0.0,-0.001007,-0.001106,-0.0,-0.0,-7e-06,-0.0,-0.0,-0.000296,-0.0,-0.000495,-0.000778,-0.0,-2.7e-05,-0.0,-0.0,-0.001198,-0.0,-0.0,-2.9e-05,-0.0,-0.0,-9.3e-05,-1.8e-05,-2.1e-05,-3e-05,-0.0,-0.0,-0.000125,-0.000367,-0.000799,-0.0,-0.0,-0.0,-0.0,-0.0,-0.0,-7.8e-05,-0.001143,-0.000498,-0.0,-0.0,-0.000973,-0.0,-2.6e-05,-0.0,-0.0,-7e-06,-0.0,-0.0,-0.000276,-0.00084,-0.0,-0.0,-0.0,-0.0,-0.0,-0.000165,-0.0,-0.000133,-0.001124,-0.0,-0.0,-9.5e-05,-0.0,-0.0,-0.0,-0.0,-0.000301,-0.000593,-0.0,-0.000417,-0.000265,-0.000898,-0.000987,-0.0,-0.000956,-0.0,-0.000744,-3e-06,-0.0,-0.0,-0.001511,-0.000433,-0.000585,-0.000621,-0.001109,-0.0,-4e-06,-1e-06,-0.0,-0.0,-4.1e-05,-0.000392,-0.000259
2017-05-31 19:04:00+02:00,-0.0,-0.0,-0.0,-0.000472,-0.0,-0.0,-0.0,-0.0,-5.9e-05,-0.0,-0.0,-0.0,-0.000531,-0.000603,-0.000202,-0.000743,-0.0,-0.0,-0.0,-0.000445,-0.0,-0.00045,-0.0,-0.0,-0.000811,-0.000954,-0.0,-0.0,-5e-06,-0.0,-0.0,-0.000236,-0.0,-0.000396,-0.000643,-0.0,-2.1e-05,-0.0,-0.0,-0.000991,-0.0,-0.0,-2.4e-05,-0.0,-0.0,-7.4e-05,-1.5e-05,-1.7e-05,-2.4e-05,-0.0,-0.0,-0.0001,-0.000305,-0.000678,-0.0,-0.0,-0.0,-0.0,-0.0,-0.0,-6.2e-05,-0.000932,-0.000398,-0.0,-0.0,-0.000823,-0.0,-2.1e-05,-0.0,-0.0,-6e-06,-0.0,-0.0,-0.000221,-0.000701,-0.0,-0.0,-0.0,-0.0,-0.0,-0.000137,-0.0,-0.000106,-0.000917,-0.0,-0.0,-7.9e-05,-0.0,-0.0,-0.0,-0.0,-0.000256,-0.000499,-0.0,-0.000333,-0.000212,-0.000777,-0.000854,-0.0,-0.000765,-0.0,-0.000595,-2e-06,-0.0,-0.0,-0.001284,-0.000365,-0.000468,-0.000497,-0.00096,-0.0,-3e-06,-1e-06,-0.0,-0.0,-3.3e-05,-0.000314,-0.000216
2017-05-31 19:05:00+02:00,-0.0,-0.0,-0.0,-0.000476,-0.0,-0.0,-0.0,-0.0,-5.8e-05,-0.0,-0.0,-0.0,-0.000518,-0.000591,-0.000184,-0.000759,-0.0,-0.0,-0.0,-0.000427,-0.0,-0.000432,-0.0,-0.0,-0.000802,-0.000971,-0.0,-0.0,-4e-06,-0.0,-0.0,-0.000228,-0.0,-0.000386,-0.000632,-0.0,-1.7e-05,-0.0,-0.0,-0.000981,-0.0,-0.0,-1.9e-05,-0.0,-0.0,-6e-05,-1.4e-05,-1.5e-05,-2.2e-05,-0.0,-0.0,-9.1e-05,-0.000307,-0.000664,-0.0,-0.0,-0.0,-0.0,-0.0,-0.0,-5.6e-05,-0.000923,-0.000396,-0.0,-0.0,-0.000839,-0.0,-2e-05,-0.0,-0.0,-5e-06,-0.0,-0.0,-0.000208,-0.000689,-0.0,-0.0,-0.0,-0.0,-0.0,-0.000135,-0.0,-8.5e-05,-0.000909,-0.0,-0.0,-7.9e-05,-0.0,-0.0,-0.0,-0.0,-0.000256,-0.000487,-0.0,-0.000335,-0.000179,-0.000786,-0.000867,-0.0,-0.000754,-0.0,-0.000607,-2e-06,-0.0,-0.0,-0.001271,-0.000354,-0.00045,-0.000503,-0.000976,-0.0,-3e-06,-1e-06,-0.0,-0.0,-2.6e-05,-0.000306,-0.000208
2017-05-31 19:06:00+02:00,-0.0,-0.0,-0.0,-0.000384,-0.0,-0.0,-0.0,-0.0,-5e-05,-0.0,-0.0,-0.0,-0.000471,-0.000534,-0.000147,-0.000677,-0.0,-0.0,-0.0,-0.000342,-0.0,-0.000345,-0.0,-0.0,-0.000706,-0.000892,-0.0,-0.0,-3e-06,-0.0,-0.0,-0.000197,-0.0,-0.00033,-0.000566,-0.0,-1.4e-05,-0.0,-0.0,-0.000881,-0.0,-0.0,-1.5e-05,-0.0,-0.0,-4.8e-05,-1.1e-05,-1.2e-05,-1.8e-05,-0.0,-0.0,-7.3e-05,-0.000273,-0.000606,-0.0,-0.0,-0.0,-0.0,-0.0,-0.0,-4.5e-05,-0.00082,-0.000317,-0.0,-0.0,-0.000759,-0.0,-1.6e-05,-0.0,-0.0,-4e-06,-0.0,-0.0,-0.000167,-0.000623,-0.0,-0.0,-0.0,-0.0,-0.0,-0.000119,-0.0,-6.8e-05,-0.000808,-0.0,-0.0,-7e-05,-0.0,-0.0,-0.0,-0.0,-0.000231,-0.00044,-0.0,-0.000279,-0.000144,-0.000723,-0.000797,-0.0,-0.000654,-0.0,-0.000521,-1e-06,-0.0,-0.0,-0.001165,-0.000319,-0.00036,-0.000421,-0.000899,-0.0,-2e-06,-0.0,-0.0,-0.0,-2.1e-05,-0.000245,-0.000185
2017-05-31 19:07:00+02:00,-0.0,-0.0,-0.0,-0.000483,-0.0,-0.0,-0.0,-0.0,-5.4e-05,-0.0,-0.0,-0.0,-0.00052,-0.0006,-0.000188,-0.000797,-0.0,-0.0,-0.0,-0.00042,-0.0,-0.000426,-0.0,-0.0,-0.000825,-0.001023,-0.0,-0.0,-5e-06,-0.0,-0.0,-0.000222,-0.0,-0.000385,-0.000645,-0.0,-1.1e-05,-0.0,-0.0,-0.001008,-0.0,-0.0,-1.2e-05,-0.0,-0.0,-6.7e-05,-1.4e-05,-1.5e-05,-2.1e-05,-0.0,-0.0,-8.7e-05,-0.000314,-0.000675,-0.0,-0.0,-0.0,-0.0,-0.0,-0.0,-5.2e-05,-0.000949,-0.000405,-0.0,-0.0,-0.000883,-0.0,-1.9e-05,-0.0,-0.0,-3e-06,-0.0,-0.0,-0.000203,-0.000705,-0.0,-0.0,-0.0,-0.0,-0.0,-0.000132,-0.0,-0.000101,-0.000936,-0.0,-0.0,-7.5e-05,-0.0,-0.0,-0.0,-0.0,-0.000258,-0.000488,-0.0,-0.000342,-0.000195,-0.000821,-0.000908,-0.0,-0.000767,-0.0,-0.000632,-1e-06,-0.0,-0.0,-0.001312,-0.000348,-0.000442,-0.000516,-0.001026,-0.0,-3e-06,-0.0,-0.0,-0.0,-1.7e-05,-0.000318,-0.000197
2017-05-31 19:08:00+02:00,-0.0,-0.0,-0.0,-0.000514,-0.0,-0.0,-0.0,-0.0,-5.7e-05,-0.0,-0.0,-0.0,-0.000541,-0.00063,-0.0002,-0.000839,-0.0,-0.0,-0.0,-0.000449,-0.0,-0.000456,-0.0,-0.0,-0.000885,-0.001067,-0.0,-0.0,-4e-06,-0.0,-0.0,-0.000231,-0.0,-0.000409,-0.000682,-0.0,-9e-06,-0.0,-0.0,-0.001071,-0.0,-0.0,-1e-05,-0.0,-0.0,-5.4e-05,-1.4e-05,-1.5e-05,-2.2e-05,-0.0,-0.0,-9e-05,-0.000326,-0.000707,-0.0,-0.0,-0.0,-0.0,-0.0,-0.0,-5.3e-05,-0.001013,-0.000428,-0.0,-0.0,-0.000926,-0.0,-1.9e-05,-0.0,-0.0,-2e-06,-0.0,-0.0,-0.000215,-0.000744,-0.0,-0.0,-0.0,-0.0,-0.0,-0.000133,-0.0,-8.6e-05,-0.000999,-0.0,-0.0,-7.7e-05,-0.0,-0.0,-0.0,-0.0,-0.000263,-0.000509,-0.0,-0.000361,-0.000204,-0.000853,-0.000944,-0.0,-0.000823,-0.0,-0.00067,-1e-06,-0.0,-0.0,-0.001386,-0.000359,-0.000477,-0.000547,-0.001068,-0.0,-2e-06,-0.0,-0.0,-0.0,-1.3e-05,-0.000332,-0.000201
2017-05-31 19:09:00+02:00,-0.0,-0.0,-0.0,-0.000515,-0.0,-0.0,-0.0,-0.0,-5.7e-05,-0.0,-0.0,-0.0,-0.000541,-0.000634,-0.000193,-0.000845,-0.0,-0.0,-0.0,-0.000448,-0.0,-0.000455,-0.0,-0.0,-0.000902,-0.001073,-0.0,-0.0,-3e-06,-0.0,-0.0,-0.000231,-0.0,-0.000413,-0.000689,-0.0,-7e-06,-0.0,-0.0,-0.001086,-0.0,-0.0,-8e-06,-0.0,-0.0,-4.3e-05,-1.3e-05,-1.4e-05,-2.1e-05,-0.0,-0.0,-8.6e-05,-0.000325,-0.000711,-0.0,-0.0,-0.0,-0.0,-0.0,-0.0,-5e-05,-0.001029,-0.000423,-0.0,-0.0,-0.000932,-0.0,-1.9e-05,-0.0,-0.0,-2e-06,-0.0,-0.0,-0.000211,-0.000751,-0.0,-0.0,-0.0,-0.0,-0.0,-0.000131,-0.0,-6.9e-05,-0.001015,-0.0,-0.0,-7.7e-05,-0.0,-0.0,-0.0,-0.0,-0.00026,-0.000509,-0.0,-0.000361,-0.000186,-0.000855,-0.000947,-0.0,-0.000836,-0.0,-0.000675,-1e-06,-0.0,-0.0,-0.001405,-0.000356,-0.000479,-0.000549,-0.001074,-0.0,-2e-06,-0.0,-0.0,-0.0,-1.1e-05,-0.000321,-0.000197
2017-05-31 19:10:00+02:00,-0.0,-0.0,-0.0,-0.000506,-0.0,-0.0,-0.0,-0.0,-5.5e-05,-0.0,-0.0,-0.0,-0.000527,-0.000618,-0.000171,-0.000841,-0.0,-0.0,-0.0,-0.000437,-0.0,-0.000443,-0.0,-0.0,-0.000882,-0.00107,-0.0,-0.0,-2e-06,-0.0,-0.0,-0.000221,-0.0,-0.000399,-0.000673,-0.0,-6e-06,-0.0,-0.0,-0.001065,-0.0,-0.0,-6e-06,-0.0,-0.0,-3.4e-05,-1.1e-05,-1.3e-05,-1.9e-05,-0.0,-0.0,-8e-05,-0.00032,-0.000694,-0.0,-0.0,-0.0,-0.0,-0.0,-0.0,-4.6e-05,-0.001008,-0.000409,-0.0,-0.0,-0.000929,-0.0,-1.7e-05,-0.0,-0.0,-2e-06,-0.0,-0.0,-0.000203,-0.000733,-0.0,-0.0,-0.0,-0.0,-0.0,-0.000127,-0.0,-5.5e-05,-0.000996,-0.0,-0.0,-7.6e-05,-0.0,-0.0,-0.0,-0.0,-0.000255,-0.000495,-0.0,-0.000354,-0.000149,-0.000851,-0.000944,-0.0,-0.000815,-0.0,-0.00067,-1e-06,-0.0,-0.0,-0.001382,-0.000344,-0.000457,-0.000541,-0.001071,-0.0,-1e-06,-0.0,-0.0,-0.0,-9e-06,-0.000302,-0.000189
2017-05-31 19:11:00+02:00,-0.0,-0.0,-0.0,-0.000508,-0.0,-0.0,-0.0,-0.0,-5.4e-05,-0.0,-0.0,-0.0,-0.000512,-0.000601,-0.000151,-0.000848,-0.0,-0.0,-0.0,-0.00042,-0.0,-0.000424,-0.0,-0.0,-0.00086,-0.001079,-0.0,-0.0,-2e-06,-0.0,-0.0,-0.000212,-0.0,-0.000384,-0.000655,-0.0,-5e-06,-0.0,-0.0,-0.001042,-0.0,-0.0,-5e-06,-0.0,-0.0,-2.8e-05,-1e-05,-1.1e-05,-1.7e-05,-0.0,-0.0,-7.3e-05,-0.000319,-0.000677,-0.0,-0.0,-0.0,-0.0,-0.0,-0.0,-4.2e-05,-0.000986,-0.000408,-0.0,-0.0,-0.000936,-0.0,-1.6e-05,-0.0,-0.0,-1e-06,-0.0,-0.0,-0.000192,-0.000715,-0.0,-0.0,-0.0,-0.0,-0.0,-0.000125,-0.0,-4.4e-05,-0.000974,-0.0,-0.0,-7.5e-05,-0.0,-0.0,-0.0,-0.0,-0.000253,-0.00048,-0.0,-0.000355,-0.000119,-0.000855,-0.000949,-0.0,-0.000793,-0.0,-0.000675,-0.0,-0.0,-0.0,-0.001357,-0.000332,-0.000435,-0.000544,-0.001079,-0.0,-1e-06,-0.0,-0.0,-0.0,-7e-06,-0.000296,-0.000181
2017-05-31 19:12:00+02:00,-0.0,-0.0,-0.0,-0.000497,-0.0,-0.0,-0.0,-0.0,-5.3e-05,-0.0,-0.0,-0.0,-0.0005,-0.000589,-0.000138,-0.000838,-0.0,-0.0,-0.0,-0.000394,-0.0,-0.000398,-0.0,-0.0,-0.000849,-0.001069,-0.0,-0.0,-2e-06,-0.0,-0.0,-0.000205,-0.0,-0.000375,-0.000643,-0.0,-4e-06,-0.0,-0.0,-0.001028,-0.0,-0.0,-4e-06,-0.0,-0.0,-2.2e-05,-9e-06,-1e-05,-1.6e-05,-0.0,-0.0,-6.5e-05,-0.000311,-0.000664,-0.0,-0.0,-0.0,-0.0,-0.0,-0.0,-3.7e-05,-0.000972,-0.000394,-0.0,-0.0,-0.000926,-0.0,-1.5e-05,-0.0,-0.0,-1e-06,-0.0,-0.0,-0.000177,-0.000702,-0.0,-0.0,-0.0,-0.0,-0.0,-0.000121,-0.0,-3.5e-05,-0.000962,-0.0,-0.0,-7.4e-05,-0.0,-0.0,-0.0,-0.0,-0.000246,-0.000469,-0.0,-0.000346,-9.6e-05,-0.000845,-0.000939,-0.0,-0.00078,-0.0,-0.000664,-0.0,-0.0,-0.0,-0.001343,-0.000323,-0.000421,-0.000533,-0.001069,-0.0,-1e-06,-0.0,-0.0,-0.0,-5e-06,-0.00028,-0.000175
2017-05-31 19:13:00+02:00,-0.0,-0.0,-0.0,-0.000438,-0.0,-0.0,-0.0,-0.0,-5.1e-05,-0.0,-0.0,-0.0,-0.000457,-0.000537,-0.000115,-0.000756,-0.0,-0.0,-0.0,-0.000335,-0.0,-0.000336,-0.0,-0.0,-0.000777,-0.000972,-0.0,-0.0,-1e-06,-0.0,-0.0,-0.000186,-0.0,-0.000339,-0.000586,-0.0,-3e-06,-0.0,-0.0,-0.000944,-0.0,-0.0,-3e-06,-0.0,-0.0,-1.8e-05,-7e-06,-8e-06,-1.4e-05,-0.0,-0.0,-5.2e-05,-0.000278,-0.000607,-0.0,-0.0,-0.0,-0.0,-0.0,-0.0,-3e-05,-0.000892,-0.000339,-0.0,-0.0,-0.000839,-0.0,-1.2e-05,-0.0,-0.0,-1e-06,-0.0,-0.0,-0.000147,-0.00064,-0.0,-0.0,-0.0,-0.0,-0.0,-0.000109,-0.0,-2.8e-05,-0.000882,-0.0,-0.0,-7.2e-05,-0.0,-0.0,-0.0,-0.0,-0.000222,-0.000427,-0.0,-0.000305,-7.7e-05,-0.000767,-0.000854,-0.0,-0.000712,-0.0,-0.000594,-0.0,-0.0,-0.0,-0.00124,-0.000295,-0.000377,-0.000473,-0.000973,-0.0,-1e-06,-0.0,-0.0,-0.0,-4e-06,-0.000231,-0.00016
2017-05-31 19:14:00+02:00,-0.0,-0.0,-0.0,-0.00035,-0.0,-0.0,-0.0,-0.0,-4.1e-05,-0.0,-0.0,-0.0,-0.000365,-0.000429,-9.2e-05,-0.000605,-0.0,-0.0,-0.0,-0.000268,-0.0,-0.000269,-0.0,-0.0,-0.000622,-0.000778,-0.0,-0.0,-1e-06,-0.0,-0.0,-0.000149,-0.0,-0.000271,-0.000469,-0.0,-2e-06,-0.0,-0.0,-0.000755,-0.0,-0.0,-3e-06,-0.0,-0.0,-1.4e-05,-6e-06,-6e-06,-1.1e-05,-0.0,-0.0,-4.2e-05,-0.000223,-0.000486,-0.0,-0.0,-0.0,-0.0,-0.0,-0.0,-2.4e-05,-0.000713,-0.000271,-0.0,-0.0,-0.000671,-0.0,-9e-06,-0.0,-0.0,-1e-06,-0.0,-0.0,-0.000118,-0.000512,-0.0,-0.0,-0.0,-0.0,-0.0,-8.7e-05,-0.0,-2.3e-05,-0.000706,-0.0,-0.0,-5.8e-05,-0.0,-0.0,-0.0,-0.0,-0.000177,-0.000342,-0.0,-0.000244,-6.1e-05,-0.000614,-0.000683,-0.0,-0.00057,-0.0,-0.000475,-0.0,-0.0,-0.0,-0.000992,-0.000236,-0.000302,-0.000379,-0.000778,-0.0,-1e-06,-0.0,-0.0,-0.0,-4e-06,-0.000185,-0.000128
2017-05-31 19:15:00+02:00,-0.0,-0.0,-0.0,-0.00028,-0.0,-0.0,-0.0,-0.0,-3.3e-05,-0.0,-0.0,-0.0,-0.000292,-0.000344,-7.4e-05,-0.000484,-0.0,-0.0,-0.0,-0.000214,-0.0,-0.000215,-0.0,-0.0,-0.000497,-0.000622,-0.0,-0.0,-1e-06,-0.0,-0.0,-0.000119,-0.0,-0.000217,-0.000375,-0.0,-2e-06,-0.0,-0.0,-0.000604,-0.0,-0.0,-2e-06,-0.0,-0.0,-1.1e-05,-5e-06,-5e-06,-9e-06,-0.0,-0.0,-3.3e-05,-0.000178,-0.000388,-0.0,-0.0,-0.0,-0.0,-0.0,-0.0,-1.9e-05,-0.000571,-0.000217,-0.0,-0.0,-0.000537,-0.0,-8e-06,-0.0,-0.0,-1e-06,-0.0,-0.0,-9.4e-05,-0.00041,-0.0,-0.0,-0.0,-0.0,-0.0,-7e-05,-0.0,-1.8e-05,-0.000565,-0.0,-0.0,-4.6e-05,-0.0,-0.0,-0.0,-0.0,-0.000142,-0.000273,-0.0,-0.000195,-4.9e-05,-0.000491,-0.000546,-0.0,-0.000456,-0.0,-0.00038,-0.0,-0.0,-0.0,-0.000793,-0.000189,-0.000241,-0.000303,-0.000623,-0.0,-0.0,-0.0,-0.0,-0.0,-3e-06,-0.000148,-0.000103
2017-05-31 19:16:00+02:00,-0.0,-0.0,-0.0,-0.000224,-0.0,-0.0,-0.0,-0.0,-2.7e-05,-0.0,-0.0,-0.0,-0.000255,-0.000294,-5.9e-05,-0.000398,-0.0,-0.0,-0.0,-0.000172,-0.0,-0.000172,-0.0,-0.0,-0.000406,-0.000541,-0.0,-0.0,-1e-06,-0.0,-0.0,-9.6e-05,-0.0,-0.000173,-0.000317,-0.0,-1e-06,-0.0,-0.0,-0.000512,-0.0,-0.0,-2e-06,-0.0,-0.0,-9e-06,-4e-06,-4e-06,-7e-06,-0.0,-0.0,-2.7e-05,-0.000146,-0.000339,-0.0,-0.0,-0.0,-0.0,-0.0,-0.0,-1.5e-05,-0.000474,-0.000174,-0.0,-0.0,-0.000452,-0.0,-6e-06,-0.0,-0.0,-0.0,-0.0,-0.0,-7.5e-05,-0.00035,-0.0,-0.0,-0.0,-0.0,-0.0,-5.7e-05,-0.0,-1.4e-05,-0.00047,-0.0,-0.0,-4e-05,-0.0,-0.0,-0.0,-0.0,-0.00012,-0.000236,-0.0,-0.000156,-3.9e-05,-0.000428,-0.000477,-0.0,-0.000365,-0.0,-0.000304,-0.0,-0.0,-0.0,-0.000698,-0.000163,-0.000193,-0.000242,-0.000544,-0.0,-0.0,-0.0,-0.0,-0.0,-2e-06,-0.000119,-8.7e-05
2017-05-31 19:17:00+02:00,-0.0,-0.0,-0.0,-0.000179,-0.0,-0.0,-0.0,-0.0,-2.1e-05,-0.0,-0.0,-0.0,-0.000217,-0.000243,-4.7e-05,-0.000318,-0.0,-0.0,-0.0,-0.000137,-0.0,-0.000138,-0.0,-0.0,-0.000325,-0.000447,-0.0,-0.0,-0.0,-0.0,-0.0,-7.6e-05,-0.0,-0.000139,-0.000254,-0.0,-1e-06,-0.0,-0.0,-0.000411,-0.0,-0.0,-1e-06,-0.0,-0.0,-7e-06,-3e-06,-3e-06,-6e-06,-0.0,-0.0,-2.1e-05,-0.000117,-0.000289,-0.0,-0.0,-0.0,-0.0,-0.0,-0.0,-1.2e-05,-0.000379,-0.000139,-0.0,-0.0,-0.000362,-0.0,-5e-06,-0.0,-0.0,-0.0,-0.0,-0.0,-6e-05,-0.000287,-0.0,-0.0,-0.0,-0.0,-0.0,-4.6e-05,-0.0,-1.2e-05,-0.000376,-0.0,-0.0,-3.3e-05,-0.0,-0.0,-0.0,-0.0,-9.7e-05,-0.000197,-0.0,-0.000125,-3.1e-05,-0.000357,-0.000398,-0.0,-0.000292,-0.0,-0.000243,-0.0,-0.0,-0.0,-0.000595,-0.000137,-0.000154,-0.000194,-0.000455,-0.0,-0.0,-0.0,-0.0,-0.0,-2e-06,-9.5e-05,-7.2e-05
2017-05-31 19:18:00+02:00,-0.0,-0.0,-0.0,-0.00016,-0.0,-0.0,-0.0,-0.0,-2.2e-05,-0.0,-0.0,-0.0,-0.000226,-0.000256,-3.8e-05,-0.000331,-0.0,-0.0,-0.0,-0.00012,-0.0,-0.000118,-0.0,-0.0,-0.000343,-0.000474,-0.0,-0.0,-0.0,-0.0,-0.0,-7.6e-05,-0.0,-0.000139,-0.00027,-0.0,-1e-06,-0.0,-0.0,-0.000441,-0.0,-0.0,-1e-06,-0.0,-0.0,-6e-06,-2e-06,-3e-06,-5e-06,-0.0,-0.0,-1.7e-05,-0.000118,-0.000305,-0.0,-0.0,-0.0,-0.0,-0.0,-0.0,-1e-05,-0.000404,-0.000111,-0.0,-0.0,-0.000381,-0.0,-4e-06,-0.0,-0.0,-0.0,-0.0,-0.0,-4.9e-05,-0.000305,-0.0,-0.0,-0.0,-0.0,-0.0,-4.5e-05,-0.0,-9e-06,-0.000401,-0.0,-0.0,-3.5e-05,-0.0,-0.0,-0.0,-0.0,-9.8e-05,-0.000206,-0.0,-0.000117,-2.5e-05,-0.000376,-0.000421,-0.0,-0.000303,-0.0,-0.00024,-0.0,-0.0,-0.0,-0.00064,-0.000141,-0.000136,-0.000183,-0.000483,-0.0,-0.0,-0.0,-0.0,-0.0,-1e-06,-7.6e-05,-7.2e-05
2017-05-31 19:19:00+02:00,-0.0,-0.0,-0.0,-0.00021,-0.0,-0.0,-0.0,-0.0,-2.7e-05,-0.0,-0.0,-0.0,-0.000257,-0.000299,-4.7e-05,-0.000409,-0.0,-0.0,-0.0,-0.000167,-0.0,-0.000166,-0.0,-0.0,-0.000428,-0.000566,-0.0,-0.0,-0.0,-0.0,-0.0,-8.9e-05,-0.0,-0.000171,-0.000323,-0.0,-1e-06,-0.0,-0.0,-0.000536,-0.0,-0.0,-1e-06,-0.0,-0.0,-5e-06,-3e-06,-4e-06,-6e-06,-0.0,-0.0,-2.2e-05,-0.000141,-0.000351,-0.0,-0.0,-0.0,-0.0,-0.0,-0.0,-1.2e-05,-0.000497,-0.00015,-0.0,-0.0,-0.000466,-0.0,-5e-06,-0.0,-0.0,-0.0,-0.0,-0.0,-6.7e-05,-0.000362,-0.0,-0.0,-0.0,-0.0,-0.0,-5.1e-05,-0.0,-7e-06,-0.000495,-0.0,-0.0,-4e-05,-0.0,-0.0,-0.0,-0.0,-0.000112,-0.000236,-0.0,-0.000147,-2.1e-05,-0.000443,-0.000497,-0.0,-0.00038,-0.0,-0.000305,-0.0,-0.0,-0.0,-0.000752,-0.000158,-0.000178,-0.000235,-0.000572,-0.0,-0.0,-0.0,-0.0,-0.0,-1e-06,-9.8e-05,-8e-05
2017-05-31 19:20:00+02:00,-0.0,-0.0,-0.0,-0.000202,-0.0,-0.0,-0.0,-0.0,-2.9e-05,-0.0,-0.0,-0.0,-0.000245,-0.000286,-3.9e-05,-0.000398,-0.0,-0.0,-0.0,-0.000153,-0.0,-0.000152,-0.0,-0.0,-0.00042,-0.000548,-0.0,-0.0,-0.0,-0.0,-0.0,-8.7e-05,-0.0,-0.000164,-0.00031,-0.0,-1e-06,-0.0,-0.0,-0.000521,-0.0,-0.0,-1e-06,-0.0,-0.0,-4e-06,-2e-06,-3e-06,-6e-06,-0.0,-0.0,-1.8e-05,-0.000135,-0.000334,-0.0,-0.0,-0.0,-0.0,-0.0,-0.0,-1e-05,-0.000485,-0.000141,-0.0,-0.0,-0.000452,-0.0,-5e-06,-0.0,-0.0,-0.0,-0.0,-0.0,-6e-05,-0.000346,-0.0,-0.0,-0.0,-0.0,-0.0,-5e-05,-0.0,-6e-06,-0.000482,-0.0,-0.0,-4.4e-05,-0.0,-0.0,-0.0,-0.0,-0.000109,-0.000225,-0.0,-0.00014,-1.7e-05,-0.000428,-0.00048,-0.0,-0.000371,-0.0,-0.000296,-0.0,-0.0,-0.0,-0.000727,-0.000152,-0.000171,-0.000227,-0.000553,-0.0,-0.0,-0.0,-0.0,-0.0,-1e-06,-8.7e-05,-7.9e-05
2017-05-31 19:21:00+02:00,-0.0,-0.0,-0.0,-0.000162,-0.0,-0.0,-0.0,-0.0,-2.4e-05,-0.0,-0.0,-0.0,-0.000196,-0.000229,-3.1e-05,-0.000318,-0.0,-0.0,-0.0,-0.000122,-0.0,-0.000122,-0.0,-0.0,-0.000336,-0.000439,-0.0,-0.0,-0.0,-0.0,-0.0,-7e-05,-0.0,-0.000131,-0.000248,-0.0,-0.0,-0.0,-0.0,-0.000417,-0.0,-0.0,-1e-06,-0.0,-0.0,-3e-06,-2e-06,-2e-06,-4e-06,-0.0,-0.0,-1.5e-05,-0.000108,-0.000267,-0.0,-0.0,-0.0,-0.0,-0.0,-0.0,-8e-06,-0.000388,-0.000113,-0.0,-0.0,-0.000362,-0.0,-4e-06,-0.0,-0.0,-0.0,-0.0,-0.0,-4.8e-05,-0.000277,-0.0,-0.0,-0.0,-0.0,-0.0,-4e-05,-0.0,-5e-06,-0.000386,-0.0,-0.0,-3.5e-05,-0.0,-0.0,-0.0,-0.0,-8.7e-05,-0.00018,-0.0,-0.000112,-1.4e-05,-0.000342,-0.000384,-0.0,-0.000297,-0.0,-0.000237,-0.0,-0.0,-0.0,-0.000582,-0.000121,-0.000137,-0.000181,-0.000442,-0.0,-0.0,-0.0,-0.0,-0.0,-1e-06,-7e-05,-6.3e-05
2017-05-31 19:22:00+02:00,-0.0,-0.0,-0.0,-0.000129,-0.0,-0.0,-0.0,-0.0,-1.9e-05,-0.0,-0.0,-0.0,-0.000157,-0.000183,-2.5e-05,-0.000255,-0.0,-0.0,-0.0,-9.8e-05,-0.0,-9.7e-05,-0.0,-0.0,-0.000269,-0.000351,-0.0,-0.0,-0.0,-0.0,-0.0,-5.6e-05,-0.0,-0.000105,-0.000198,-0.0,-0.0,-0.0,-0.0,-0.000333,-0.0,-0.0,-0.0,-0.0,-0.0,-2e-06,-1e-06,-2e-06,-4e-06,-0.0,-0.0,-1.2e-05,-8.6e-05,-0.000214,-0.0,-0.0,-0.0,-0.0,-0.0,-0.0,-6e-06,-0.00031,-9e-05,-0.0,-0.0,-0.00029,-0.0,-3e-06,-0.0,-0.0,-0.0,-0.0,-0.0,-3.8e-05,-0.000222,-0.0,-0.0,-0.0,-0.0,-0.0,-3.2e-05,-0.0,-4e-06,-0.000309,-0.0,-0.0,-2.8e-05,-0.0,-0.0,-0.0,-0.0,-7e-05,-0.000144,-0.0,-9e-05,-1.1e-05,-0.000274,-0.000307,-0.0,-0.000237,-0.0,-0.00019,-0.0,-0.0,-0.0,-0.000465,-9.7e-05,-0.000109,-0.000145,-0.000354,-0.0,-0.0,-0.0,-0.0,-0.0,-1e-06,-5.6e-05,-5.1e-05
2017-05-31 19:23:00+02:00,-0.0,-0.0,-0.0,-0.000104,-0.0,-0.0,-0.0,-0.0,-1.5e-05,-0.0,-0.0,-0.0,-0.000126,-0.000147,-2e-05,-0.000204,-0.0,-0.0,-0.0,-7.8e-05,-0.0,-7.8e-05,-0.0,-0.0,-0.000215,-0.000281,-0.0,-0.0,-0.0,-0.0,-0.0,-4.5e-05,-0.0,-8.4e-05,-0.000159,-0.0,-0.0,-0.0,-0.0,-0.000267,-0.0,-0.0,-0.0,-0.0,-0.0,-2e-06,-1e-06,-1e-06,-3e-06,-0.0,-0.0,-9e-06,-6.9e-05,-0.000171,-0.0,-0.0,-0.0,-0.0,-0.0,-0.0,-5e-06,-0.000248,-7.2e-05,-0.0,-0.0,-0.000232,-0.0,-2e-06,-0.0,-0.0,-0.0,-0.0,-0.0,-3.1e-05,-0.000177,-0.0,-0.0,-0.0,-0.0,-0.0,-2.6e-05,-0.0,-3e-06,-0.000247,-0.0,-0.0,-2.3e-05,-0.0,-0.0,-0.0,-0.0,-5.6e-05,-0.000115,-0.0,-7.2e-05,-9e-06,-0.000219,-0.000246,-0.0,-0.00019,-0.0,-0.000152,-0.0,-0.0,-0.0,-0.000372,-7.8e-05,-8.7e-05,-0.000116,-0.000283,-0.0,-0.0,-0.0,-0.0,-0.0,-0.0,-4.5e-05,-4e-05
2017-05-31 19:24:00+02:00,-0.0,-0.0,-0.0,-0.000142,-0.0,-0.0,-0.0,-0.0,-2e-05,-0.0,-0.0,-0.0,-0.000165,-0.0002,-3.1e-05,-0.000281,-0.0,-0.0,-0.0,-9e-05,-0.0,-8.8e-05,-0.0,-0.0,-0.000321,-0.000383,-0.0,-0.0,-0.0,-0.0,-0.0,-5.9e-05,-0.0,-0.000121,-0.000224,-0.0,-0.0,-0.0,-0.0,-0.000384,-0.0,-0.0,-0.0,-0.0,-0.0,-2e-06,-1e-06,-1e-06,-4e-06,-0.0,-0.0,-8e-06,-8.9e-05,-0.000231,-0.0,-0.0,-0.0,-0.0,-0.0,-0.0,-4e-06,-0.000363,-9.7e-05,-0.0,-0.0,-0.000318,-0.0,-2e-06,-0.0,-0.0,-0.0,-0.0,-0.0,-3.2e-05,-0.000247,-0.0,-0.0,-0.0,-0.0,-0.0,-3e-05,-0.0,-2e-06,-0.000361,-0.0,-0.0,-2.9e-05,-0.0,-0.0,-0.0,-0.0,-6.9e-05,-0.000153,-0.0,-9.6e-05,-8e-06,-0.000293,-0.000331,-0.0,-0.000283,-0.0,-0.000209,-0.0,-0.0,-0.0,-0.000521,-9.8e-05,-0.000134,-0.000158,-0.000384,-0.0,-0.0,-0.0,-0.0,-0.0,-0.0,-5.3e-05,-4.9e-05
2017-05-31 19:25:00+02:00,-0.0,-0.0,-0.0,-0.000114,-0.0,-0.0,-0.0,-0.0,-1.8e-05,-0.0,-0.0,-0.0,-0.000153,-0.000183,-2.4e-05,-0.000235,-0.0,-0.0,-0.0,-7.2e-05,-0.0,-7.1e-05,-0.0,-0.0,-0.000284,-0.000343,-0.0,-0.0,-0.0,-0.0,-0.0,-5.1e-05,-0.0,-0.000101,-0.000203,-0.0,-0.0,-0.0,-0.0,-0.00035,-0.0,-0.0,-0.0,-0.0,-0.0,-1e-06,-1e-06,-1e-06,-3e-06,-0.0,-0.0,-6e-06,-7.5e-05,-0.000215,-0.0,-0.0,-0.0,-0.0,-0.0,-0.0,-3e-06,-0.000325,-7.7e-05,-0.0,-0.0,-0.000275,-0.0,-2e-06,-0.0,-0.0,-0.0,-0.0,-0.0,-2.6e-05,-0.000226,-0.0,-0.0,-0.0,-0.0,-0.0,-2.6e-05,-0.0,-2e-06,-0.000324,-0.0,-0.0,-2.8e-05,-0.0,-0.0,-0.0,-0.0,-6e-05,-0.00014,-0.0,-7.7e-05,-6e-06,-0.000264,-0.000298,-0.0,-0.000243,-0.0,-0.000168,-0.0,-0.0,-0.0,-0.00049,-9.1e-05,-0.000107,-0.000127,-0.000347,-0.0,-0.0,-0.0,-0.0,-0.0,-0.0,-4.2e-05,-4.5e-05
2017-05-31 19:26:00+02:00,-0.0,-0.0,-0.0,-9.1e-05,-0.0,-0.0,-0.0,-0.0,-1.5e-05,-0.0,-0.0,-0.0,-0.000123,-0.000147,-2e-05,-0.000188,-0.0,-0.0,-0.0,-5.8e-05,-0.0,-5.6e-05,-0.0,-0.0,-0.000227,-0.000274,-0.0,-0.0,-0.0,-0.0,-0.0,-4.1e-05,-0.0,-8.1e-05,-0.000162,-0.0,-0.0,-0.0,-0.0,-0.00028,-0.0,-0.0,-0.0,-0.0,-0.0,-1e-06,-1e-06,-1e-06,-3e-06,-0.0,-0.0,-5e-06,-6e-05,-0.000172,-0.0,-0.0,-0.0,-0.0,-0.0,-0.0,-3e-06,-0.00026,-6.2e-05,-0.0,-0.0,-0.00022,-0.0,-1e-06,-0.0,-0.0,-0.0,-0.0,-0.0,-2.1e-05,-0.000181,-0.0,-0.0,-0.0,-0.0,-0.0,-2.1e-05,-0.0,-2e-06,-0.000259,-0.0,-0.0,-2.2e-05,-0.0,-0.0,-0.0,-0.0,-4.8e-05,-0.000112,-0.0,-6.2e-05,-5e-06,-0.000211,-0.000238,-0.0,-0.000194,-0.0,-0.000134,-0.0,-0.0,-0.0,-0.000392,-7.3e-05,-8.6e-05,-0.000101,-0.000277,-0.0,-0.0,-0.0,-0.0,-0.0,-0.0,-3.4e-05,-3.6e-05
2017-05-31 19:27:00+02:00,-0.0,-0.0,-0.0,-7.3e-05,-0.0,-0.0,-0.0,-0.0,-1.2e-05,-0.0,-0.0,-0.0,-9.8e-05,-0.000117,-1.6e-05,-0.00015,-0.0,-0.0,-0.0,-4.6e-05,-0.0,-4.5e-05,-0.0,-0.0,-0.000182,-0.000219,-0.0,-0.0,-0.0,-0.0,-0.0,-3.3e-05,-0.0,-6.5e-05,-0.00013,-0.0,-0.0,-0.0,-0.0,-0.000224,-0.0,-0.0,-0.0,-0.0,-0.0,-1e-06,-0.0,-1e-06,-2e-06,-0.0,-0.0,-4e-06,-4.8e-05,-0.000137,-0.0,-0.0,-0.0,-0.0,-0.0,-0.0,-2e-06,-0.000208,-5e-05,-0.0,-0.0,-0.000176,-0.0,-1e-06,-0.0,-0.0,-0.0,-0.0,-0.0,-1.7e-05,-0.000145,-0.0,-0.0,-0.0,-0.0,-0.0,-1.6e-05,-0.0,-1e-06,-0.000208,-0.0,-0.0,-1.8e-05,-0.0,-0.0,-0.0,-0.0,-3.9e-05,-9e-05,-0.0,-4.9e-05,-4e-06,-0.000169,-0.000191,-0.0,-0.000156,-0.0,-0.000107,-0.0,-0.0,-0.0,-0.000313,-5.8e-05,-6.8e-05,-8.1e-05,-0.000222,-0.0,-0.0,-0.0,-0.0,-0.0,-0.0,-2.7e-05,-2.9e-05
2017-05-31 19:28:00+02:00,-0.0,-0.0,-0.0,-7.2e-05,-0.0,-0.0,-0.0,-0.0,-1.3e-05,-0.0,-0.0,-0.0,-0.00011,-0.000131,-1.3e-05,-0.000191,-0.0,-0.0,-0.0,-3.7e-05,-0.0,-3.6e-05,-0.0,-0.0,-0.000203,-0.000283,-0.0,-0.0,-0.0,-0.0,-0.0,-3.4e-05,-0.0,-6.6e-05,-0.000146,-0.0,-0.0,-0.0,-0.0,-0.000255,-0.0,-0.0,-0.0,-0.0,-0.0,-1e-06,-0.0,-0.0,-2e-06,-0.0,-0.0,-3e-06,-5.8e-05,-0.000157,-0.0,-0.0,-0.0,-0.0,-0.0,-0.0,-2e-06,-0.000233,-4e-05,-0.0,-0.0,-0.000226,-0.0,-1e-06,-0.0,-0.0,-0.0,-0.0,-0.0,-1.3e-05,-0.000163,-0.0,-0.0,-0.0,-0.0,-0.0,-1.8e-05,-0.0,-1e-06,-0.000233,-0.0,-0.0,-2e-05,-0.0,-0.0,-0.0,-0.0,-4.6e-05,-0.0001,-0.0,-5.4e-05,-3e-06,-0.000215,-0.000244,-0.0,-0.000166,-0.0,-0.000127,-0.0,-0.0,-0.0,-0.000366,-6.3e-05,-5.5e-05,-9e-05,-0.000286,-0.0,-0.0,-0.0,-0.0,-0.0,-0.0,-2.2e-05,-3e-05
2017-05-31 19:29:00+02:00,-0.0,-0.0,-0.0,-6.8e-05,-0.0,-0.0,-0.0,-0.0,-1.3e-05,-0.0,-0.0,-0.0,-0.000121,-0.000144,-1e-05,-0.00022,-0.0,-0.0,-0.0,-2.9e-05,-0.0,-2.9e-05,-0.0,-0.0,-0.000223,-0.000332,-0.0,-0.0,-0.0,-0.0,-0.0,-3.4e-05,-0.0,-6.9e-05,-0.000161,-0.0,-0.0,-0.0,-0.0,-0.000284,-0.0,-0.0,-0.0,-0.0,-0.0,-0.0,-0.0,-0.0,-1e-06,-0.0,-0.0,-2e-06,-6.4e-05,-0.000174,-0.0,-0.0,-0.0,-0.0,-0.0,-0.0,-1e-06,-0.000258,-3.2e-05,-0.0,-0.0,-0.000263,-0.0,-1e-06,-0.0,-0.0,-0.0,-0.0,-0.0,-1.1e-05,-0.00018,-0.0,-0.0,-0.0,-0.0,-0.0,-2e-05,-0.0,-1e-06,-0.000259,-0.0,-0.0,-2.1e-05,-0.0,-0.0,-0.0,-0.0,-5e-05,-0.000109,-0.0,-5.5e-05,-3e-06,-0.000251,-0.000286,-0.0,-0.000177,-0.0,-0.00014,-0.0,-0.0,-0.0,-0.000414,-6.7e-05,-4.4e-05,-9.4e-05,-0.000336,-0.0,-0.0,-0.0,-0.0,-0.0,-0.0,-1.7e-05,-3.1e-05
2017-05-31 19:30:00+02:00,-0.0,-0.0,-0.0,-8.6e-05,-0.0,-0.0,-0.0,-0.0,-1.5e-05,-0.0,-0.0,-0.0,-0.000137,-0.000167,-8e-06,-0.000267,-0.0,-0.0,-0.0,-2.4e-05,-0.0,-2.3e-05,-0.0,-0.0,-0.000269,-0.000397,-0.0,-0.0,-0.0,-0.0,-0.0,-3.9e-05,-0.0,-8.2e-05,-0.00019,-0.0,-0.0,-0.0,-0.0,-0.000338,-0.0,-0.0,-0.0,-0.0,-0.0,-0.0,-0.0,-0.0,-1e-06,-0.0,-0.0,-2e-06,-7.5e-05,-0.000201,-0.0,-0.0,-0.0,-0.0,-0.0,-0.0,-1e-06,-0.000309,-3.7e-05,-0.0,-0.0,-0.000317,-0.0,-0.0,-0.0,-0.0,-0.0,-0.0,-0.0,-8e-06,-0.000211,-0.0,-0.0,-0.0,-0.0,-0.0,-2.2e-05,-0.0,-1e-06,-0.00031,-0.0,-0.0,-2.4e-05,-0.0,-0.0,-0.0,-0.0,-5.7e-05,-0.000124,-0.0,-6.7e-05,-2e-06,-0.000297,-0.00034,-0.0,-0.000216,-0.0,-0.000173,-0.0,-0.0,-0.0,-0.000486,-7.5e-05,-5.3e-05,-0.000116,-0.000401,-0.0,-0.0,-0.0,-0.0,-0.0,-0.0,-1.4e-05,-3.4e-05
2017-05-31 19:31:00+02:00,-0.0,-0.0,-0.0,-0.000149,-0.0,-0.0,-0.0,-0.0,-1.5e-05,-0.0,-0.0,-0.0,-0.00015,-0.000186,-6e-06,-0.000349,-0.0,-0.0,-0.0,-1.9e-05,-0.0,-1.8e-05,-0.0,-0.0,-0.000262,-0.000493,-0.0,-0.0,-0.0,-0.0,-0.0,-3.8e-05,-0.0,-8.5e-05,-0.000209,-0.0,-0.0,-0.0,-0.0,-0.000376,-0.0,-0.0,-0.0,-0.0,-0.0,-0.0,-1e-06,-0.0,-1e-06,-0.0,-0.0,-2e-06,-9.5e-05,-0.000222,-0.0,-0.0,-0.0,-0.0,-0.0,-0.0,-1e-06,-0.000343,-9e-05,-0.0,-0.0,-0.000404,-0.0,-0.0,-0.0,-0.0,-0.0,-0.0,-0.0,-7e-06,-0.000235,-0.0,-0.0,-0.0,-0.0,-0.0,-2.7e-05,-0.0,-1e-06,-0.000345,-0.0,-0.0,-2.7e-05,-0.0,-0.0,-0.0,-0.0,-6.9e-05,-0.000136,-0.0,-0.000101,-2e-06,-0.000364,-0.000418,-0.0,-0.000222,-0.0,-0.000246,-0.0,-0.0,-0.0,-0.000546,-8.2e-05,-5.6e-05,-0.000175,-0.000494,-0.0,-0.0,-0.0,-0.0,-0.0,-0.0,-5e-05,-3.7e-05
2017-05-31 19:32:00+02:00,-0.0,-0.0,-0.0,-0.000128,-0.0,-0.0,-0.0,-0.0,-1.2e-05,-0.0,-0.0,-0.0,-0.000142,-0.000173,-5e-06,-0.000339,-0.0,-0.0,-0.0,-1.5e-05,-0.0,-1.5e-05,-0.0,-0.0,-0.00021,-0.00049,-0.0,-0.0,-0.0,-0.0,-0.0,-3.1e-05,-0.0,-6.8e-05,-0.000189,-0.0,-0.0,-0.0,-0.0,-0.000342,-0.0,-0.0,-0.0,-0.0,-0.0,-0.0,-1e-06,-0.0,-1e-06,-0.0,-0.0,-1e-06,-9.2e-05,-0.00021,-0.0,-0.0,-0.0,-0.0,-0.0,-0.0,-1e-06,-0.000303,-7.2e-05,-0.0,-0.0,-0.000397,-0.0,-0.0,-0.0,-0.0,-0.0,-0.0,-0.0,-5e-06,-0.000217,-0.0,-0.0,-0.0,-0.0,-0.0,-2.6e-05,-0.0,-0.0,-0.000305,-0.0,-0.0,-2.6e-05,-0.0,-0.0,-0.0,-0.0,-6.7e-05,-0.000128,-0.0,-9.1e-05,-1e-06,-0.000362,-0.000416,-0.0,-0.000177,-0.0,-0.00023,-0.0,-0.0,-0.0,-0.000521,-7.6e-05,-4.5e-05,-0.000159,-0.000492,-0.0,-0.0,-0.0,-0.0,-0.0,-0.0,-4e-05,-3.5e-05
2017-05-31 19:33:00+02:00,-0.0,-0.0,-0.0,-0.000103,-0.0,-0.0,-0.0,-0.0,-1e-05,-0.0,-0.0,-0.0,-0.000128,-0.000152,-4e-06,-0.000311,-0.0,-0.0,-0.0,-1.2e-05,-0.0,-1.2e-05,-0.0,-0.0,-0.000168,-0.000464,-0.0,-0.0,-0.0,-0.0,-0.0,-2.5e-05,-0.0,-5.4e-05,-0.000161,-0.0,-0.0,-0.0,-0.0,-0.000292,-0.0,-0.0,-0.0,-0.0,-0.0,-0.0,-1e-06,-0.0,-1e-06,-0.0,-0.0,-1e-06,-8.3e-05,-0.000189,-0.0,-0.0,-0.0,-0.0,-0.0,-0.0,-1e-06,-0.000247,-5.8e-05,-0.0,-0.0,-0.000369,-0.0,-0.0,-0.0,-0.0,-0.0,-0.0,-0.0,-4e-06,-0.00019,-0.0,-0.0,-0.0,-0.0,-0.0,-2.4e-05,-0.0,-0.0,-0.00025,-0.0,-0.0,-2.4e-05,-0.0,-0.0,-0.0,-0.0,-6.2e-05,-0.000114,-0.0,-7.4e-05,-1e-06,-0.000342,-0.000393,-0.0,-0.000142,-0.0,-0.0002,-0.0,-0.0,-0.0,-0.000473,-6.8e-05,-3.6e-05,-0.000132,-0.000466,-0.0,-0.0,-0.0,-0.0,-0.0,-0.0,-3.2e-05,-3.1e-05
2017-05-31 19:34:00+02:00,-0.0,-0.0,-0.0,-8.2e-05,-0.0,-0.0,-0.0,-0.0,-8e-06,-0.0,-0.0,-0.0,-0.000102,-0.000122,-3e-06,-0.000249,-0.0,-0.0,-0.0,-1e-05,-0.0,-9e-06,-0.0,-0.0,-0.000134,-0.000388,-0.0,-0.0,-0.0,-0.0,-0.0,-2e-05,-0.0,-4.3e-05,-0.000129,-0.0,-0.0,-0.0,-0.0,-0.000234,-0.0,-0.0,-0.0,-0.0,-0.0,-0.0,-1e-06,-0.0,-0.0,-0.0,-0.0,-1e-06,-6.7e-05,-0.000151,-0.0,-0.0,-0.0,-0.0,-0.0,-0.0,-0.0,-0.000198,-4.6e-05,-0.0,-0.0,-0.000296,-0.0,-0.0,-0.0,-0.0,-0.0,-0.0,-0.0,-3e-06,-0.000152,-0.0,-0.0,-0.0,-0.0,-0.0,-1.9e-05,-0.0,-0.0,-0.0002,-0.0,-0.0,-1.9e-05,-0.0,-0.0,-0.0,-0.0,-5.1e-05,-9.1e-05,-0.0,-5.9e-05,-1e-06,-0.000288,-0.000332,-0.0,-0.000114,-0.0,-0.00016,-0.0,-0.0,-0.0,-0.000378,-5.5e-05,-2.9e-05,-0.000105,-0.000394,-0.0,-0.0,-0.0,-0.0,-0.0,-0.0,-2.5e-05,-2.4e-05
2017-05-31 19:35:00+02:00,-0.0,-0.0,-0.0,-6.6e-05,-0.0,-0.0,-0.0,-0.0,-6e-06,-0.0,-0.0,-0.0,-8.2e-05,-9.7e-05,-3e-06,-0.000199,-0.0,-0.0,-0.0,-8e-06,-0.0,-8e-06,-0.0,-0.0,-0.000107,-0.000311,-0.0,-0.0,-0.0,-0.0,-0.0,-1.6e-05,-0.0,-3.5e-05,-0.000103,-0.0,-0.0,-0.0,-0.0,-0.000187,-0.0,-0.0,-0.0,-0.0,-0.0,-0.0,-0.0,-0.0,-0.0,-0.0,-0.0,-1e-06,-5.3e-05,-0.000121,-0.0,-0.0,-0.0,-0.0,-0.0,-0.0,-0.0,-0.000158,-3.7e-05,-0.0,-0.0,-0.000237,-0.0,-0.0,-0.0,-0.0,-0.0,-0.0,-0.0,-3e-06,-0.000122,-0.0,-0.0,-0.0,-0.0,-0.0,-1.5e-05,-0.0,-0.0,-0.00016,-0.0,-0.0,-1.5e-05,-0.0,-0.0,-0.0,-0.0,-4.1e-05,-7.3e-05,-0.0,-4.8e-05,-1e-06,-0.000231,-0.000265,-0.0,-9.1e-05,-0.0,-0.000128,-0.0,-0.0,-0.0,-0.000303,-4.4e-05,-2.3e-05,-8.4e-05,-0.000315,-0.0,-0.0,-0.0,-0.0,-0.0,-0.0,-2e-05,-2e-05
2017-05-31 19:36:00+02:00,-0.0,-0.0,-0.0,-5.3e-05,-0.0,-0.0,-0.0,-0.0,-5e-06,-0.0,-0.0,-0.0,-6.5e-05,-7.8e-05,-2e-06,-0.000159,-0.0,-0.0,-0.0,-6e-06,-0.0,-6e-06,-0.0,-0.0,-8.6e-05,-0.000249,-0.0,-0.0,-0.0,-0.0,-0.0,-1.3e-05,-0.0,-2.8e-05,-8.2e-05,-0.0,-0.0,-0.0,-0.0,-0.00015,-0.0,-0.0,-0.0,-0.0,-0.0,-0.0,-0.0,-0.0,-0.0,-0.0,-0.0,-1e-06,-4.3e-05,-9.7e-05,-0.0,-0.0,-0.0,-0.0,-0.0,-0.0,-0.0,-0.000127,-3e-05,-0.0,-0.0,-0.00019,-0.0,-0.0,-0.0,-0.0,-0.0,-0.0,-0.0,-2e-06,-9.7e-05,-0.0,-0.0,-0.0,-0.0,-0.0,-1.2e-05,-0.0,-0.0,-0.000128,-0.0,-0.0,-1.2e-05,-0.0,-0.0,-0.0,-0.0,-3.3e-05,-5.8e-05,-0.0,-3.8e-05,-1e-06,-0.000185,-0.000212,-0.0,-7.3e-05,-0.0,-0.000102,-0.0,-0.0,-0.0,-0.000242,-3.5e-05,-1.8e-05,-6.7e-05,-0.000252,-0.0,-0.0,-0.0,-0.0,-0.0,-0.0,-1.6e-05,-1.6e-05
2017-05-31 19:37:00+02:00,-0.0,-0.0,-0.0,-4.2e-05,-0.0,-0.0,-0.0,-0.0,-4e-06,-0.0,-0.0,-0.0,-6.2e-05,-7e-05,-2e-06,-0.000168,-0.0,-0.0,-0.0,-5e-06,-0.0,-5e-06,-0.0,-0.0,-6.9e-05,-0.000271,-0.0,-0.0,-0.0,-0.0,-0.0,-1e-05,-0.0,-2.2e-05,-6.8e-05,-0.0,-0.0,-0.0,-0.0,-0.000124,-0.0,-0.0,-0.0,-0.0,-0.0,-0.0,-0.0,-0.0,-0.0,-0.0,-0.0,-0.0,-4.4e-05,-9.2e-05,-0.0,-0.0,-0.0,-0.0,-0.0,-0.0,-0.0,-0.000101,-2.4e-05,-0.0,-0.0,-0.000205,-0.0,-0.0,-0.0,-0.0,-0.0,-0.0,-0.0,-2e-06,-8.6e-05,-0.0,-0.0,-0.0,-0.0,-0.0,-1.3e-05,-0.0,-0.0,-0.000103,-0.0,-0.0,-1.1e-05,-0.0,-0.0,-0.0,-0.0,-3.4e-05,-5.4e-05,-0.0,-3.2e-05,-0.0,-0.0002,-0.000231,-0.0,-5.8e-05,-0.0,-9.8e-05,-0.0,-0.0,-0.0,-0.000234,-3.2e-05,-1.5e-05,-5.9e-05,-0.000275,-0.0,-0.0,-0.0,-0.0,-0.0,-0.0,-1.3e-05,-1.4e-05
2017-05-31 19:38:00+02:00,-0.0,-0.0,-0.0,-3.4e-05,-0.0,-0.0,-0.0,-0.0,-3e-06,-0.0,-0.0,-0.0,-4.9e-05,-5.6e-05,-1e-06,-0.000143,-0.0,-0.0,-0.0,-4e-06,-0.0,-4e-06,-0.0,-0.0,-5.5e-05,-0.000253,-0.0,-0.0,-0.0,-0.0,-0.0,-8e-06,-0.0,-1.8e-05,-5.4e-05,-0.0,-0.0,-0.0,-0.0,-9.9e-05,-0.0,-0.0,-0.0,-0.0,-0.0,-0.0,-0.0,-0.0,-0.0,-0.0,-0.0,-0.0,-3.7e-05,-7.4e-05,-0.0,-0.0,-0.0,-0.0,-0.0,-0.0,-0.0,-8.1e-05,-1.9e-05,-0.0,-0.0,-0.000183,-0.0,-0.0,-0.0,-0.0,-0.0,-0.0,-0.0,-1e-06,-6.9e-05,-0.0,-0.0,-0.0,-0.0,-0.0,-1.1e-05,-0.0,-0.0,-8.2e-05,-0.0,-0.0,-9e-06,-0.0,-0.0,-0.0,-0.0,-3.1e-05,-4.3e-05,-0.0,-2.6e-05,-0.0,-0.000187,-0.000216,-0.0,-4.7e-05,-0.0,-7.9e-05,-0.0,-0.0,-0.0,-0.000188,-2.6e-05,-1.2e-05,-4.7e-05,-0.000258,-0.0,-0.0,-0.0,-0.0,-0.0,-0.0,-1e-05,-1.1e-05
2017-05-31 19:39:00+02:00,-0.0,-0.0,-0.0,-2.7e-05,-0.0,-0.0,-0.0,-0.0,-3e-06,-0.0,-0.0,-0.0,-4e-05,-4.5e-05,-1e-06,-0.000114,-0.0,-0.0,-0.0,-3e-06,-0.0,-3e-06,-0.0,-0.0,-4.4e-05,-0.000203,-0.0,-0.0,-0.0,-0.0,-0.0,-6e-06,-0.0,-1.4e-05,-4.4e-05,-0.0,-0.0,-0.0,-0.0,-8e-05,-0.0,-0.0,-0.0,-0.0,-0.0,-0.0,-0.0,-0.0,-0.0,-0.0,-0.0,-0.0,-3e-05,-5.9e-05,-0.0,-0.0,-0.0,-0.0,-0.0,-0.0,-0.0,-6.5e-05,-1.5e-05,-0.0,-0.0,-0.000146,-0.0,-0.0,-0.0,-0.0,-0.0,-0.0,-0.0,-1e-06,-5.5e-05,-0.0,-0.0,-0.0,-0.0,-0.0,-9e-06,-0.0,-0.0,-6.6e-05,-0.0,-0.0,-7e-06,-0.0,-0.0,-0.0,-0.0,-2.4e-05,-3.4e-05,-0.0,-2.1e-05,-0.0,-0.000152,-0.000176,-0.0,-3.7e-05,-0.0,-6.3e-05,-0.0,-0.0,-0.0,-0.00015,-2.1e-05,-9e-06,-3.8e-05,-0.00021,-0.0,-0.0,-0.0,-0.0,-0.0,-0.0,-8e-06,-9e-06
2017-05-31 19:40:00+02:00,-0.0,-0.0,-0.0,-2.2e-05,-0.0,-0.0,-0.0,-0.0,-2e-06,-0.0,-0.0,-0.0,-3.2e-05,-3.6e-05,-1e-06,-9.1e-05,-0.0,-0.0,-0.0,-3e-06,-0.0,-2e-06,-0.0,-0.0,-3.5e-05,-0.000162,-0.0,-0.0,-0.0,-0.0,-0.0,-5e-06,-0.0,-1.1e-05,-3.5e-05,-0.0,-0.0,-0.0,-0.0,-6.4e-05,-0.0,-0.0,-0.0,-0.0,-0.0,-0.0,-0.0,-0.0,-0.0,-0.0,-0.0,-0.0,-2.4e-05,-4.7e-05,-0.0,-0.0,-0.0,-0.0,-0.0,-0.0,-0.0,-5.2e-05,-1.2e-05,-0.0,-0.0,-0.000117,-0.0,-0.0,-0.0,-0.0,-0.0,-0.0,-0.0,-1e-06,-4.4e-05,-0.0,-0.0,-0.0,-0.0,-0.0,-7e-06,-0.0,-0.0,-5.3e-05,-0.0,-0.0,-6e-06,-0.0,-0.0,-0.0,-0.0,-2e-05,-2.7e-05,-0.0,-1.7e-05,-0.0,-0.000121,-0.000141,-0.0,-3e-05,-0.0,-5e-05,-0.0,-0.0,-0.0,-0.00012,-1.7e-05,-8e-06,-3e-05,-0.000168,-0.0,-0.0,-0.0,-0.0,-0.0,-0.0,-7e-06,-7e-06
2017-05-31 19:41:00+02:00,-0.0,-0.0,-0.0,-1.7e-05,-0.0,-0.0,-0.0,-0.0,-2e-06,-0.0,-0.0,-0.0,-2.5e-05,-2.9e-05,-1e-06,-7.3e-05,-0.0,-0.0,-0.0,-2e-06,-0.0,-2e-06,-0.0,-0.0,-2.8e-05,-0.00013,-0.0,-0.0,-0.0,-0.0,-0.0,-4e-06,-0.0,-9e-06,-2.8e-05,-0.0,-0.0,-0.0,-0.0,-5.1e-05,-0.0,-0.0,-0.0,-0.0,-0.0,-0.0,-0.0,-0.0,-0.0,-0.0,-0.0,-0.0,-1.9e-05,-3.8e-05,-0.0,-0.0,-0.0,-0.0,-0.0,-0.0,-0.0,-4.1e-05,-1e-05,-0.0,-0.0,-9.3e-05,-0.0,-0.0,-0.0,-0.0,-0.0,-0.0,-0.0,-1e-06,-3.5e-05,-0.0,-0.0,-0.0,-0.0,-0.0,-6e-06,-0.0,-0.0,-4.2e-05,-0.0,-0.0,-5e-06,-0.0,-0.0,-0.0,-0.0,-1.6e-05,-2.2e-05,-0.0,-1.3e-05,-0.0,-9.7e-05,-0.000112,-0.0,-2.4e-05,-0.0,-4e-05,-0.0,-0.0,-0.0,-9.6e-05,-1.3e-05,-6e-06,-2.4e-05,-0.000134,-0.0,-0.0,-0.0,-0.0,-0.0,-0.0,-5e-06,-6e-06
2017-05-31 19:42:00+02:00,-0.0,-0.0,-0.0,-1.4e-05,-0.0,-0.0,-0.0,-0.0,-1e-06,-0.0,-0.0,-0.0,-2e-05,-2.3e-05,-1e-06,-5.9e-05,-0.0,-0.0,-0.0,-2e-06,-0.0,-2e-06,-0.0,-0.0,-2.3e-05,-0.000104,-0.0,-0.0,-0.0,-0.0,-0.0,-3e-06,-0.0,-7e-06,-2.2e-05,-0.0,-0.0,-0.0,-0.0,-4.1e-05,-0.0,-0.0,-0.0,-0.0,-0.0,-0.0,-0.0,-0.0,-0.0,-0.0,-0.0,-0.0,-1.5e-05,-3e-05,-0.0,-0.0,-0.0,-0.0,-0.0,-0.0,-0.0,-3.3e-05,-8e-06,-0.0,-0.0,-7.5e-05,-0.0,-0.0,-0.0,-0.0,-0.0,-0.0,-0.0,-1e-06,-2.8e-05,-0.0,-0.0,-0.0,-0.0,-0.0,-4e-06,-0.0,-0.0,-3.4e-05,-0.0,-0.0,-4e-06,-0.0,-0.0,-0.0,-0.0,-1.3e-05,-1.8e-05,-0.0,-1.1e-05,-0.0,-7.8e-05,-9e-05,-0.0,-1.9e-05,-0.0,-3.2e-05,-0.0,-0.0,-0.0,-7.7e-05,-1.1e-05,-5e-06,-1.9e-05,-0.000108,-0.0,-0.0,-0.0,-0.0,-0.0,-0.0,-4e-06,-5e-06
2017-05-31 19:43:00+02:00,-0.0,-0.0,-0.0,-1.1e-05,-0.0,-0.0,-0.0,-0.0,-1e-06,-0.0,-0.0,-0.0,-1.6e-05,-1.8e-05,-0.0,-4.7e-05,-0.0,-0.0,-0.0,-1e-06,-0.0,-1e-06,-0.0,-0.0,-1.8e-05,-8.3e-05,-0.0,-0.0,-0.0,-0.0,-0.0,-3e-06,-0.0,-6e-06,-1.8e-05,-0.0,-0.0,-0.0,-0.0,-3.3e-05,-0.0,-0.0,-0.0,-0.0,-0.0,-0.0,-0.0,-0.0,-0.0,-0.0,-0.0,-0.0,-1.2e-05,-2.4e-05,-0.0,-0.0,-0.0,-0.0,-0.0,-0.0,-0.0,-2.7e-05,-6e-06,-0.0,-0.0,-6e-05,-0.0,-0.0,-0.0,-0.0,-0.0,-0.0,-0.0,-0.0,-2.3e-05,-0.0,-0.0,-0.0,-0.0,-0.0,-4e-06,-0.0,-0.0,-2.7e-05,-0.0,-0.0,-3e-06,-0.0,-0.0,-0.0,-0.0,-1e-05,-1.4e-05,-0.0,-9e-06,-0.0,-6.2e-05,-7.2e-05,-0.0,-1.5e-05,-0.0,-2.6e-05,-0.0,-0.0,-0.0,-6.1e-05,-8e-06,-4e-06,-1.5e-05,-8.6e-05,-0.0,-0.0,-0.0,-0.0,-0.0,-0.0,-3e-06,-4e-06
2017-05-31 19:44:00+02:00,-0.0,-0.0,-0.0,-9e-06,-0.0,-0.0,-0.0,-0.0,-1e-06,-0.0,-0.0,-0.0,-1.3e-05,-1.5e-05,-0.0,-3.7e-05,-0.0,-0.0,-0.0,-1e-06,-0.0,-1e-06,-0.0,-0.0,-1.4e-05,-6.6e-05,-0.0,-0.0,-0.0,-0.0,-0.0,-2e-06,-0.0,-5e-06,-1.4e-05,-0.0,-0.0,-0.0,-0.0,-2.6e-05,-0.0,-0.0,-0.0,-0.0,-0.0,-0.0,-0.0,-0.0,-0.0,-0.0,-0.0,-0.0,-1e-05,-1.9e-05,-0.0,-0.0,-0.0,-0.0,-0.0,-0.0,-0.0,-2.1e-05,-5e-06,-0.0,-0.0,-4.8e-05,-0.0,-0.0,-0.0,-0.0,-0.0,-0.0,-0.0,-0.0,-1.8e-05,-0.0,-0.0,-0.0,-0.0,-0.0,-3e-06,-0.0,-0.0,-2.2e-05,-0.0,-0.0,-2e-06,-0.0,-0.0,-0.0,-0.0,-8e-06,-1.1e-05,-0.0,-7e-06,-0.0,-5e-05,-5.8e-05,-0.0,-1.2e-05,-0.0,-2.1e-05,-0.0,-0.0,-0.0,-4.9e-05,-7e-06,-3e-06,-1.2e-05,-6.9e-05,-0.0,-0.0,-0.0,-0.0,-0.0,-0.0,-3e-06,-3e-06
2017-05-31 19:45:00+02:00,-0.0,-0.0,-0.0,-7e-06,-0.0,-0.0,-0.0,-0.0,-1e-06,-0.0,-0.0,-0.0,-1e-05,-1.2e-05,-0.0,-3e-05,-0.0,-0.0,-0.0,-1e-06,-0.0,-1e-06,-0.0,-0.0,-1.2e-05,-5.3e-05,-0.0,-0.0,-0.0,-0.0,-0.0,-2e-06,-0.0,-4e-06,-1.1e-05,-0.0,-0.0,-0.0,-0.0,-2.1e-05,-0.0,-0.0,-0.0,-0.0,-0.0,-0.0,-0.0,-0.0,-0.0,-0.0,-0.0,-0.0,-8e-06,-1.5e-05,-0.0,-0.0,-0.0,-0.0,-0.0,-0.0,-0.0,-1.7e-05,-4e-06,-0.0,-0.0,-3.8e-05,-0.0,-0.0,-0.0,-0.0,-0.0,-0.0,-0.0,-0.0,-1.4e-05,-0.0,-0.0,-0.0,-0.0,-0.0,-2e-06,-0.0,-0.0,-1.7e-05,-0.0,-0.0,-2e-06,-0.0,-0.0,-0.0,-0.0,-6e-06,-9e-06,-0.0,-5e-06,-0.0,-4e-05,-4.6e-05,-0.0,-1e-05,-0.0,-1.6e-05,-0.0,-0.0,-0.0,-3.9e-05,-5e-06,-2e-06,-1e-05,-5.5e-05,-0.0,-0.0,-0.0,-0.0,-0.0,-0.0,-2e-06,-2e-06
2017-05-31 19:46:00+02:00,-0.0,-0.0,-0.0,-6e-06,-0.0,-0.0,-0.0,-0.0,-1e-06,-0.0,-0.0,-0.0,-8e-06,-9e-06,-0.0,-2.4e-05,-0.0,-0.0,-0.0,-1e-06,-0.0,-1e-06,-0.0,-0.0,-9e-06,-4.2e-05,-0.0,-0.0,-0.0,-0.0,-0.0,-1e-06,-0.0,-3e-06,-9e-06,-0.0,-0.0,-0.0,-0.0,-1.7e-05,-0.0,-0.0,-0.0,-0.0,-0.0,-0.0,-0.0,-0.0,-0.0,-0.0,-0.0,-0.0,-6e-06,-1.2e-05,-0.0,-0.0,-0.0,-0.0,-0.0,-0.0,-0.0,-1.4e-05,-3e-06,-0.0,-0.0,-3.1e-05,-0.0,-0.0,-0.0,-0.0,-0.0,-0.0,-0.0,-0.0,-1.2e-05,-0.0,-0.0,-0.0,-0.0,-0.0,-2e-06,-0.0,-0.0,-1.4e-05,-0.0,-0.0,-2e-06,-0.0,-0.0,-0.0,-0.0,-5e-06,-7e-06,-0.0,-4e-06,-0.0,-3.2e-05,-3.7e-05,-0.0,-8e-06,-0.0,-1.3e-05,-0.0,-0.0,-0.0,-3.1e-05,-4e-06,-2e-06,-8e-06,-4.4e-05,-0.0,-0.0,-0.0,-0.0,-0.0,-0.0,-2e-06,-2e-06
2017-05-31 19:47:00+02:00,-0.0,-0.0,-0.0,-5e-06,-0.0,-0.0,-0.0,-0.0,-0.0,-0.0,-0.0,-0.0,-7e-06,-8e-06,-0.0,-1.9e-05,-0.0,-0.0,-0.0,-1e-06,-0.0,-1e-06,-0.0,-0.0,-7e-06,-3.4e-05,-0.0,-0.0,-0.0,-0.0,-0.0,-1e-06,-0.0,-2e-06,-7e-06,-0.0,-0.0,-0.0,-0.0,-1.3e-05,-0.0,-0.0,-0.0,-0.0,-0.0,-0.0,-0.0,-0.0,-0.0,-0.0,-0.0,-0.0,-5e-06,-1e-05,-0.0,-0.0,-0.0,-0.0,-0.0,-0.0,-0.0,-1.1e-05,-3e-06,-0.0,-0.0,-2.5e-05,-0.0,-0.0,-0.0,-0.0,-0.0,-0.0,-0.0,-0.0,-9e-06,-0.0,-0.0,-0.0,-0.0,-0.0,-1e-06,-0.0,-0.0,-1.1e-05,-0.0,-0.0,-1e-06,-0.0,-0.0,-0.0,-0.0,-4e-06,-6e-06,-0.0,-3e-06,-0.0,-2.5e-05,-2.9e-05,-0.0,-6e-06,-0.0,-1.1e-05,-0.0,-0.0,-0.0,-2.5e-05,-3e-06,-2e-06,-6e-06,-3.5e-05,-0.0,-0.0,-0.0,-0.0,-0.0,-0.0,-1e-06,-2e-06
2017-05-31 19:48:00+02:00,-0.0,-0.0,-0.0,-4e-06,-0.0,-0.0,-0.0,-0.0,-0.0,-0.0,-0.0,-0.0,-5e-06,-6e-06,-0.0,-1.5e-05,-0.0,-0.0,-0.0,-0.0,-0.0,-0.0,-0.0,-0.0,-6e-06,-2.7e-05,-0.0,-0.0,-0.0,-0.0,-0.0,-1e-06,-0.0,-2e-06,-6e-06,-0.0,-0.0,-0.0,-0.0,-1.1e-05,-0.0,-0.0,-0.0,-0.0,-0.0,-0.0,-0.0,-0.0,-0.0,-0.0,-0.0,-0.0,-4e-06,-8e-06,-0.0,-0.0,-0.0,-0.0,-0.0,-0.0,-0.0,-9e-06,-2e-06,-0.0,-0.0,-2e-05,-0.0,-0.0,-0.0,-0.0,-0.0,-0.0,-0.0,-0.0,-7e-06,-0.0,-0.0,-0.0,-0.0,-0.0,-1e-06,-0.0,-0.0,-9e-06,-0.0,-0.0,-1e-06,-0.0,-0.0,-0.0,-0.0,-3e-06,-5e-06,-0.0,-3e-06,-0.0,-2e-05,-2.4e-05,-0.0,-5e-06,-0.0,-8e-06,-0.0,-0.0,-0.0,-2e-05,-3e-06,-1e-06,-5e-06,-2.8e-05,-0.0,-0.0,-0.0,-0.0,-0.0,-0.0,-1e-06,-1e-06
2017-05-31 19:49:00+02:00,-0.0,-0.0,-0.0,-3e-06,-0.0,-0.0,-0.0,-0.0,-0.0,-0.0,-0.0,-0.0,-4e-06,-5e-06,-0.0,-1.2e-05,-0.0,-0.0,-0.0,-0.0,-0.0,-0.0,-0.0,-0.0,-5e-06,-2.2e-05,-0.0,-0.0,-0.0,-0.0,-0.0,-1e-06,-0.0,-2e-06,-5e-06,-0.0,-0.0,-0.0,-0.0,-9e-06,-0.0,-0.0,-0.0,-0.0,-0.0,-0.0,-0.0,-0.0,-0.0,-0.0,-0.0,-0.0,-3e-06,-6e-06,-0.0,-0.0,-0.0,-0.0,-0.0,-0.0,-0.0,-7e-06,-2e-06,-0.0,-0.0,-1.6e-05,-0.0,-0.0,-0.0,-0.0,-0.0,-0.0,-0.0,-0.0,-6e-06,-0.0,-0.0,-0.0,-0.0,-0.0,-1e-06,-0.0,-0.0,-7e-06,-0.0,-0.0,-1e-06,-0.0,-0.0,-0.0,-0.0,-3e-06,-4e-06,-0.0,-2e-06,-0.0,-1.6e-05,-1.9e-05,-0.0,-4e-06,-0.0,-7e-06,-0.0,-0.0,-0.0,-1.6e-05,-2e-06,-1e-06,-4e-06,-2.3e-05,-0.0,-0.0,-0.0,-0.0,-0.0,-0.0,-1e-06,-1e-06
2017-05-31 19:50:00+02:00,-0.0,-0.0,-0.0,-2e-06,-0.0,-0.0,-0.0,-0.0,-0.0,-0.0,-0.0,-0.0,-3e-06,-4e-06,-0.0,-1e-05,-0.0,-0.0,-0.0,-0.0,-0.0,-0.0,-0.0,-0.0,-4e-06,-1.7e-05,-0.0,-0.0,-0.0,-0.0,-0.0,-1e-06,-0.0,-1e-06,-4e-06,-0.0,-0.0,-0.0,-0.0,-7e-06,-0.0,-0.0,-0.0,-0.0,-0.0,-0.0,-0.0,-0.0,-0.0,-0.0,-0.0,-0.0,-3e-06,-5e-06,-0.0,-0.0,-0.0,-0.0,-0.0,-0.0,-0.0,-6e-06,-1e-06,-0.0,-0.0,-1.3e-05,-0.0,-0.0,-0.0,-0.0,-0.0,-0.0,-0.0,-0.0,-5e-06,-0.0,-0.0,-0.0,-0.0,-0.0,-1e-06,-0.0,-0.0,-6e-06,-0.0,-0.0,-1e-06,-0.0,-0.0,-0.0,-0.0,-2e-06,-3e-06,-0.0,-2e-06,-0.0,-1.3e-05,-1.5e-05,-0.0,-3e-06,-0.0,-5e-06,-0.0,-0.0,-0.0,-1.3e-05,-2e-06,-1e-06,-3e-06,-1.8e-05,-0.0,-0.0,-0.0,-0.0,-0.0,-0.0,-1e-06,-1e-06
2017-05-31 19:51:00+02:00,-0.0,-0.0,-0.0,-2e-06,-0.0,-0.0,-0.0,-0.0,-0.0,-0.0,-0.0,-0.0,-3e-06,-3e-06,-0.0,-8e-06,-0.0,-0.0,-0.0,-0.0,-0.0,-0.0,-0.0,-0.0,-3e-06,-1.4e-05,-0.0,-0.0,-0.0,-0.0,-0.0,-0.0,-0.0,-1e-06,-3e-06,-0.0,-0.0,-0.0,-0.0,-5e-06,-0.0,-0.0,-0.0,-0.0,-0.0,-0.0,-0.0,-0.0,-0.0,-0.0,-0.0,-0.0,-2e-06,-4e-06,-0.0,-0.0,-0.0,-0.0,-0.0,-0.0,-0.0,-4e-06,-1e-06,-0.0,-0.0,-1e-05,-0.0,-0.0,-0.0,-0.0,-0.0,-0.0,-0.0,-0.0,-4e-06,-0.0,-0.0,-0.0,-0.0,-0.0,-1e-06,-0.0,-0.0,-5e-06,-0.0,-0.0,-0.0,-0.0,-0.0,-0.0,-0.0,-2e-06,-2e-06,-0.0,-1e-06,-0.0,-1e-05,-1.2e-05,-0.0,-3e-06,-0.0,-4e-06,-0.0,-0.0,-0.0,-1e-05,-1e-06,-1e-06,-3e-06,-1.4e-05,-0.0,-0.0,-0.0,-0.0,-0.0,-0.0,-1e-06,-1e-06
2017-05-31 19:52:00+02:00,-0.0,-0.0,-0.0,-1e-06,-0.0,-0.0,-0.0,-0.0,-0.0,-0.0,-0.0,-0.0,-2e-06,-2e-06,-0.0,-6e-06,-0.0,-0.0,-0.0,-0.0,-0.0,-0.0,-0.0,-0.0,-2e-06,-1.1e-05,-0.0,-0.0,-0.0,-0.0,-0.0,-0.0,-0.0,-1e-06,-2e-06,-0.0,-0.0,-0.0,-0.0,-4e-06,-0.0,-0.0,-0.0,-0.0,-0.0,-0.0,-0.0,-0.0,-0.0,-0.0,-0.0,-0.0,-2e-06,-3e-06,-0.0,-0.0,-0.0,-0.0,-0.0,-0.0,-0.0,-4e-06,-1e-06,-0.0,-0.0,-8e-06,-0.0,-0.0,-0.0,-0.0,-0.0,-0.0,-0.0,-0.0,-3e-06,-0.0,-0.0,-0.0,-0.0,-0.0,-0.0,-0.0,-0.0,-4e-06,-0.0,-0.0,-0.0,-0.0,-0.0,-0.0,-0.0,-1e-06,-2e-06,-0.0,-1e-06,-0.0,-8e-06,-1e-05,-0.0,-2e-06,-0.0,-3e-06,-0.0,-0.0,-0.0,-8e-06,-1e-06,-1e-06,-2e-06,-1.2e-05,-0.0,-0.0,-0.0,-0.0,-0.0,-0.0,-0.0,-0.0
2017-05-31 19:53:00+02:00,-0.0,-0.0,-0.0,-1e-06,-0.0,-0.0,-0.0,-0.0,-0.0,-0.0,-0.0,-0.0,-2e-06,-2e-06,-0.0,-5e-06,-0.0,-0.0,-0.0,-0.0,-0.0,-0.0,-0.0,-0.0,-2e-06,-9e-06,-0.0,-0.0,-0.0,-0.0,-0.0,-0.0,-0.0,-1e-06,-2e-06,-0.0,-0.0,-0.0,-0.0,-4e-06,-0.0,-0.0,-0.0,-0.0,-0.0,-0.0,-0.0,-0.0,-0.0,-0.0,-0.0,-0.0,-1e-06,-3e-06,-0.0,-0.0,-0.0,-0.0,-0.0,-0.0,-0.0,-3e-06,-1e-06,-0.0,-0.0,-6e-06,-0.0,-0.0,-0.0,-0.0,-0.0,-0.0,-0.0,-0.0,-2e-06,-0.0,-0.0,-0.0,-0.0,-0.0,-0.0,-0.0,-0.0,-3e-06,-0.0,-0.0,-0.0,-0.0,-0.0,-0.0,-0.0,-1e-06,-2e-06,-0.0,-1e-06,-0.0,-7e-06,-8e-06,-0.0,-2e-06,-0.0,-3e-06,-0.0,-0.0,-0.0,-7e-06,-1e-06,-0.0,-2e-06,-9e-06,-0.0,-0.0,-0.0,-0.0,-0.0,-0.0,-0.0,-0.0
2017-05-31 19:54:00+02:00,-0.0,-0.0,-0.0,-1e-06,-0.0,-0.0,-0.0,-0.0,-0.0,-0.0,-0.0,-0.0,-1e-06,-2e-06,-0.0,-4e-06,-0.0,-0.0,-0.0,-0.0,-0.0,-0.0,-0.0,-0.0,-2e-06,-7e-06,-0.0,-0.0,-0.0,-0.0,-0.0,-0.0,-0.0,-0.0,-2e-06,-0.0,-0.0,-0.0,-0.0,-3e-06,-0.0,-0.0,-0.0,-0.0,-0.0,-0.0,-0.0,-0.0,-0.0,-0.0,-0.0,-0.0,-1e-06,-2e-06,-0.0,-0.0,-0.0,-0.0,-0.0,-0.0,-0.0,-2e-06,-1e-06,-0.0,-0.0,-5e-06,-0.0,-0.0,-0.0,-0.0,-0.0,-0.0,-0.0,-0.0,-2e-06,-0.0,-0.0,-0.0,-0.0,-0.0,-0.0,-0.0,-0.0,-2e-06,-0.0,-0.0,-0.0,-0.0,-0.0,-0.0,-0.0,-1e-06,-1e-06,-0.0,-1e-06,-0.0,-5e-06,-6e-06,-0.0,-1e-06,-0.0,-2e-06,-0.0,-0.0,-0.0,-5e-06,-1e-06,-0.0,-1e-06,-7e-06,-0.0,-0.0,-0.0,-0.0,-0.0,-0.0,-0.0,-0.0
2017-05-31 19:55:00+02:00,-0.0,-0.0,-0.0,-1e-06,-0.0,-0.0,-0.0,-0.0,-0.0,-0.0,-0.0,-0.0,-1e-06,-1e-06,-0.0,-3e-06,-0.0,-0.0,-0.0,-0.0,-0.0,-0.0,-0.0,-0.0,-1e-06,-6e-06,-0.0,-0.0,-0.0,-0.0,-0.0,-0.0,-0.0,-0.0,-1e-06,-0.0,-0.0,-0.0,-0.0,-2e-06,-0.0,-0.0,-0.0,-0.0,-0.0,-0.0,-0.0,-0.0,-0.0,-0.0,-0.0,-0.0,-1e-06,-2e-06,-0.0,-0.0,-0.0,-0.0,-0.0,-0.0,-0.0,-2e-06,-0.0,-0.0,-0.0,-4e-06,-0.0,-0.0,-0.0,-0.0,-0.0,-0.0,-0.0,-0.0,-2e-06,-0.0,-0.0,-0.0,-0.0,-0.0,-0.0,-0.0,-0.0,-2e-06,-0.0,-0.0,-0.0,-0.0,-0.0,-0.0,-0.0,-1e-06,-1e-06,-0.0,-1e-06,-0.0,-4e-06,-5e-06,-0.0,-1e-06,-0.0,-2e-06,-0.0,-0.0,-0.0,-4e-06,-1e-06,-0.0,-1e-06,-6e-06,-0.0,-0.0,-0.0,-0.0,-0.0,-0.0,-0.0,-0.0
2017-05-31 19:56:00+02:00,-0.0,-0.0,-0.0,-1e-06,-0.0,-0.0,-0.0,-0.0,-0.0,-0.0,-0.0,-0.0,-1e-06,-1e-06,-0.0,-3e-06,-0.0,-0.0,-0.0,-0.0,-0.0,-0.0,-0.0,-0.0,-1e-06,-5e-06,-0.0,-0.0,-0.0,-0.0,-0.0,-0.0,-0.0,-0.0,-1e-06,-0.0,-0.0,-0.0,-0.0,-2e-06,-0.0,-0.0,-0.0,-0.0,-0.0,-0.0,-0.0,-0.0,-0.0,-0.0,-0.0,-0.0,-1e-06,-1e-06,-0.0,-0.0,-0.0,-0.0,-0.0,-0.0,-0.0,-1e-06,-0.0,-0.0,-0.0,-3e-06,-0.0,-0.0,-0.0,-0.0,-0.0,-0.0,-0.0,-0.0,-1e-06,-0.0,-0.0,-0.0,-0.0,-0.0,-0.0,-0.0,-0.0,-1e-06,-0.0,-0.0,-0.0,-0.0,-0.0,-0.0,-0.0,-1e-06,-1e-06,-0.0,-0.0,-0.0,-3e-06,-4e-06,-0.0,-1e-06,-0.0,-1e-06,-0.0,-0.0,-0.0,-3e-06,-0.0,-0.0,-1e-06,-5e-06,-0.0,-0.0,-0.0,-0.0,-0.0,-0.0,-0.0,-0.0
2017-05-31 19:57:00+02:00,-0.0,-0.0,-0.0,-0.0,-0.0,-0.0,-0.0,-0.0,-0.0,-0.0,-0.0,-0.0,-1e-06,-1e-06,-0.0,-2e-06,-0.0,-0.0,-0.0,-0.0,-0.0,-0.0,-0.0,-0.0,-1e-06,-4e-06,-0.0,-0.0,-0.0,-0.0,-0.0,-0.0,-0.0,-0.0,-1e-06,-0.0,-0.0,-0.0,-0.0,-1e-06,-0.0,-0.0,-0.0,-0.0,-0.0,-0.0,-0.0,-0.0,-0.0,-0.0,-0.0,-0.0,-1e-06,-1e-06,-0.0,-0.0,-0.0,-0.0,-0.0,-0.0,-0.0,-1e-06,-0.0,-0.0,-0.0,-3e-06,-0.0,-0.0,-0.0,-0.0,-0.0,-0.0,-0.0,-0.0,-1e-06,-0.0,-0.0,-0.0,-0.0,-0.0,-0.0,-0.0,-0.0,-1e-06,-0.0,-0.0,-0.0,-0.0,-0.0,-0.0,-0.0,-0.0,-1e-06,-0.0,-0.0,-0.0,-3e-06,-3e-06,-0.0,-1e-06,-0.0,-1e-06,-0.0,-0.0,-0.0,-3e-06,-0.0,-0.0,-1e-06,-4e-06,-0.0,-0.0,-0.0,-0.0,-0.0,-0.0,-0.0,-0.0
2017-05-31 19:58:00+02:00,-0.0,-0.0,-0.0,-0.0,-0.0,-0.0,-0.0,-0.0,-0.0,-0.0,-0.0,-0.0,-1e-06,-1e-06,-0.0,-2e-06,-0.0,-0.0,-0.0,-0.0,-0.0,-0.0,-0.0,-0.0,-1e-06,-3e-06,-0.0,-0.0,-0.0,-0.0,-0.0,-0.0,-0.0,-0.0,-1e-06,-0.0,-0.0,-0.0,-0.0,-1e-06,-0.0,-0.0,-0.0,-0.0,-0.0,-0.0,-0.0,-0.0,-0.0,-0.0,-0.0,-0.0,-0.0,-1e-06,-0.0,-0.0,-0.0,-0.0,-0.0,-0.0,-0.0,-1e-06,-0.0,-0.0,-0.0,-2e-06,-0.0,-0.0,-0.0,-0.0,-0.0,-0.0,-0.0,-0.0,-1e-06,-0.0,-0.0,-0.0,-0.0,-0.0,-0.0,-0.0,-0.0,-1e-06,-0.0,-0.0,-0.0,-0.0,-0.0,-0.0,-0.0,-0.0,-0.0,-0.0,-0.0,-0.0,-2e-06,-3e-06,-0.0,-1e-06,-0.0,-1e-06,-0.0,-0.0,-0.0,-2e-06,-0.0,-0.0,-1e-06,-3e-06,-0.0,-0.0,-0.0,-0.0,-0.0,-0.0,-0.0,-0.0
2017-05-31 19:59:00+02:00,-0.0,-0.0,-0.0,-0.0,-0.0,-0.0,-0.0,-0.0,-0.0,-0.0,-0.0,-0.0,-0.0,-1e-06,-0.0,-1e-06,-0.0,-0.0,-0.0,-0.0,-0.0,-0.0,-0.0,-0.0,-1e-06,-2e-06,-0.0,-0.0,-0.0,-0.0,-0.0,-0.0,-0.0,-0.0,-1e-06,-0.0,-0.0,-0.0,-0.0,-1e-06,-0.0,-0.0,-0.0,-0.0,-0.0,-0.0,-0.0,-0.0,-0.0,-0.0,-0.0,-0.0,-0.0,-1e-06,-0.0,-0.0,-0.0,-0.0,-0.0,-0.0,-0.0,-1e-06,-0.0,-0.0,-0.0,-2e-06,-0.0,-0.0,-0.0,-0.0,-0.0,-0.0,-0.0,-0.0,-1e-06,-0.0,-0.0,-0.0,-0.0,-0.0,-0.0,-0.0,-0.0,-1e-06,-0.0,-0.0,-0.0,-0.0,-0.0,-0.0,-0.0,-0.0,-0.0,-0.0,-0.0,-0.0,-2e-06,-2e-06,-0.0,-0.0,-0.0,-1e-06,-0.0,-0.0,-0.0,-2e-06,-0.0,-0.0,-0.0,-2e-06,-0.0,-0.0,-0.0,-0.0,-0.0,-0.0,-0.0,-0.0
2017-05-31 20:00:00+02:00,-0.0,-0.0,-0.0,-0.0,-0.0,-0.0,-0.0,-0.0,-0.0,-0.0,-0.0,-0.0,-0.0,-0.0,-0.0,-1e-06,-0.0,-0.0,-0.0,-0.0,-0.0,-0.0,-0.0,-0.0,-0.0,-2e-06,-0.0,-0.0,-0.0,-0.0,-0.0,-0.0,-0.0,-0.0,-0.0,-0.0,-0.0,-0.0,-0.0,-1e-06,-0.0,-0.0,-0.0,-0.0,-0.0,-0.0,-0.0,-0.0,-0.0,-0.0,-0.0,-0.0,-0.0,-1e-06,-0.0,-0.0,-0.0,-0.0,-0.0,-0.0,-0.0,-1e-06,-0.0,-0.0,-0.0,-1e-06,-0.0,-0.0,-0.0,-0.0,-0.0,-0.0,-0.0,-0.0,-1e-06,-0.0,-0.0,-0.0,-0.0,-0.0,-0.0,-0.0,-0.0,-1e-06,-0.0,-0.0,-0.0,-0.0,-0.0,-0.0,-0.0,-0.0,-0.0,-0.0,-0.0,-0.0,-1e-06,-2e-06,-0.0,-0.0,-0.0,-1e-06,-0.0,-0.0,-0.0,-1e-06,-0.0,-0.0,-0.0,-2e-06,-0.0,-0.0,-0.0,-0.0,-0.0,-0.0,-0.0,-0.0
2017-05-31 20:01:00+02:00,-0.0,-0.0,-0.0,-0.0,-0.0,-0.0,-0.0,-0.0,-0.0,-0.0,-0.0,-0.0,-0.0,-0.0,-0.0,-1e-06,-0.0,-0.0,-0.0,-0.0,-0.0,-0.0,-0.0,-0.0,-0.0,-1e-06,-0.0,-0.0,-0.0,-0.0,-0.0,-0.0,-0.0,-0.0,-0.0,-0.0,-0.0,-0.0,-0.0,-1e-06,-0.0,-0.0,-0.0,-0.0,-0.0,-0.0,-0.0,-0.0,-0.0,-0.0,-0.0,-0.0,-0.0,-0.0,-0.0,-0.0,-0.0,-0.0,-0.0,-0.0,-0.0,-0.0,-0.0,-0.0,-0.0,-1e-06,-0.0,-0.0,-0.0,-0.0,-0.0,-0.0,-0.0,-0.0,-0.0,-0.0,-0.0,-0.0,-0.0,-0.0,-0.0,-0.0,-0.0,-0.0,-0.0,-0.0,-0.0,-0.0,-0.0,-0.0,-0.0,-0.0,-0.0,-0.0,-0.0,-0.0,-1e-06,-1e-06,-0.0,-0.0,-0.0,-0.0,-0.0,-0.0,-0.0,-1e-06,-0.0,-0.0,-0.0,-2e-06,-0.0,-0.0,-0.0,-0.0,-0.0,-0.0,-0.0,-0.0
2017-05-31 20:02:00+02:00,-0.0,-0.0,-0.0,-0.0,-0.0,-0.0,-0.0,-0.0,-0.0,-0.0,-0.0,-0.0,-0.0,-0.0,-0.0,-1e-06,-0.0,-0.0,-0.0,-0.0,-0.0,-0.0,-0.0,-0.0,-0.0,-1e-06,-0.0,-0.0,-0.0,-0.0,-0.0,-0.0,-0.0,-0.0,-0.0,-0.0,-0.0,-0.0,-0.0,-0.0,-0.0,-0.0,-0.0,-0.0,-0.0,-0.0,-0.0,-0.0,-0.0,-0.0,-0.0,-0.0,-0.0,-0.0,-0.0,-0.0,-0.0,-0.0,-0.0,-0.0,-0.0,-0.0,-0.0,-0.0,-0.0,-1e-06,-0.0,-0.0,-0.0,-0.0,-0.0,-0.0,-0.0,-0.0,-0.0,-0.0,-0.0,-0.0,-0.0,-0.0,-0.0,-0.0,-0.0,-0.0,-0.0,-0.0,-0.0,-0.0,-0.0,-0.0,-0.0,-0.0,-0.0,-0.0,-0.0,-0.0,-1e-06,-1e-06,-0.0,-0.0,-0.0,-0.0,-0.0,-0.0,-0.0,-1e-06,-0.0,-0.0,-0.0,-1e-06,-0.0,-0.0,-0.0,-0.0,-0.0,-0.0,-0.0,-0.0
2017-05-31 20:03:00+02:00,-0.0,-0.0,-0.0,-0.0,-0.0,-0.0,-0.0,-0.0,-0.0,-0.0,-0.0,-0.0,-0.0,-0.0,-0.0,-1e-06,-0.0,-0.0,-0.0,-0.0,-0.0,-0.0,-0.0,-0.0,-0.0,-1e-06,-0.0,-0.0,-0.0,-0.0,-0.0,-0.0,-0.0,-0.0,-0.0,-0.0,-0.0,-0.0,-0.0,-0.0,-0.0,-0.0,-0.0,-0.0,-0.0,-0.0,-0.0,-0.0,-0.0,-0.0,-0.0,-0.0,-0.0,-0.0,-0.0,-0.0,-0.0,-0.0,-0.0,-0.0,-0.0,-0.0,-0.0,-0.0,-0.0,-1e-06,-0.0,-0.0,-0.0,-0.0,-0.0,-0.0,-0.0,-0.0,-0.0,-0.0,-0.0,-0.0,-0.0,-0.0,-0.0,-0.0,-0.0,-0.0,-0.0,-0.0,-0.0,-0.0,-0.0,-0.0,-0.0,-0.0,-0.0,-0.0,-0.0,-0.0,-1e-06,-1e-06,-0.0,-0.0,-0.0,-0.0,-0.0,-0.0,-0.0,-1e-06,-0.0,-0.0,-0.0,-1e-06,-0.0,-0.0,-0.0,-0.0,-0.0,-0.0,-0.0,-0.0
2017-05-31 20:04:00+02:00,-0.0,-0.0,-0.0,-0.0,-0.0,-0.0,-0.0,-0.0,-0.0,-0.0,-0.0,-0.0,-0.0,-0.0,-0.0,-0.0,-0.0,-0.0,-0.0,-0.0,-0.0,-0.0,-0.0,-0.0,-0.0,-1e-06,-0.0,-0.0,-0.0,-0.0,-0.0,-0.0,-0.0,-0.0,-0.0,-0.0,-0.0,-0.0,-0.0,-0.0,-0.0,-0.0,-0.0,-0.0,-0.0,-0.0,-0.0,-0.0,-0.0,-0.0,-0.0,-0.0,-0.0,-0.0,-0.0,-0.0,-0.0,-0.0,-0.0,-0.0,-0.0,-0.0,-0.0,-0.0,-0.0,-1e-06,-0.0,-0.0,-0.0,-0.0,-0.0,-0.0,-0.0,-0.0,-0.0,-0.0,-0.0,-0.0,-0.0,-0.0,-0.0,-0.0,-0.0,-0.0,-0.0,-0.0,-0.0,-0.0,-0.0,-0.0,-0.0,-0.0,-0.0,-0.0,-0.0,-0.0,-1e-06,-1e-06,-0.0,-0.0,-0.0,-0.0,-0.0,-0.0,-0.0,-1e-06,-0.0,-0.0,-0.0,-1e-06,-0.0,-0.0,-0.0,-0.0,-0.0,-0.0,-0.0,-0.0
2017-05-31 20:05:00+02:00,-0.0,-0.0,-0.0,-0.0,-0.0,-0.0,-0.0,-0.0,-0.0,-0.0,-0.0,-0.0,-0.0,-0.0,-0.0,-0.0,-0.0,-0.0,-0.0,-0.0,-0.0,-0.0,-0.0,-0.0,-0.0,-1e-06,-0.0,-0.0,-0.0,-0.0,-0.0,-0.0,-0.0,-0.0,-0.0,-0.0,-0.0,-0.0,-0.0,-0.0,-0.0,-0.0,-0.0,-0.0,-0.0,-0.0,-0.0,-0.0,-0.0,-0.0,-0.0,-0.0,-0.0,-0.0,-0.0,-0.0,-0.0,-0.0,-0.0,-0.0,-0.0,-0.0,-0.0,-0.0,-0.0,-0.0,-0.0,-0.0,-0.0,-0.0,-0.0,-0.0,-0.0,-0.0,-0.0,-0.0,-0.0,-0.0,-0.0,-0.0,-0.0,-0.0,-0.0,-0.0,-0.0,-0.0,-0.0,-0.0,-0.0,-0.0,-0.0,-0.0,-0.0,-0.0,-0.0,-0.0,-0.0,-1e-06,-0.0,-0.0,-0.0,-0.0,-0.0,-0.0,-0.0,-0.0,-0.0,-0.0,-0.0,-1e-06,-0.0,-0.0,-0.0,-0.0,-0.0,-0.0,-0.0,-0.0
2017-05-31 20:06:00+02:00,-0.0,-0.0,-0.0,-0.0,-0.0,-0.0,-0.0,-0.0,-0.0,-0.0,-0.0,-0.0,-0.0,-0.0,-0.0,-0.0,-0.0,-0.0,-0.0,-0.0,-0.0,-0.0,-0.0,-0.0,-0.0,-0.0,-0.0,-0.0,-0.0,-0.0,-0.0,-0.0,-0.0,-0.0,-0.0,-0.0,-0.0,-0.0,-0.0,-0.0,-0.0,-0.0,-0.0,-0.0,-0.0,-0.0,-0.0,-0.0,-0.0,-0.0,-0.0,-0.0,-0.0,-0.0,-0.0,-0.0,-0.0,-0.0,-0.0,-0.0,-0.0,-0.0,-0.0,-0.0,-0.0,-0.0,-0.0,-0.0,-0.0,-0.0,-0.0,-0.0,-0.0,-0.0,-0.0,-0.0,-0.0,-0.0,-0.0,-0.0,-0.0,-0.0,-0.0,-0.0,-0.0,-0.0,-0.0,-0.0,-0.0,-0.0,-0.0,-0.0,-0.0,-0.0,-0.0,-0.0,-0.0,-0.0,-0.0,-0.0,-0.0,-0.0,-0.0,-0.0,-0.0,-0.0,-0.0,-0.0,-0.0,-1e-06,-0.0,-0.0,-0.0,-0.0,-0.0,-0.0,-0.0,-0.0
2017-05-31 20:07:00+02:00,-0.0,-0.0,-0.0,-0.0,-0.0,-0.0,-0.0,-0.0,-0.0,-0.0,-0.0,-0.0,-0.0,-0.0,-0.0,-0.0,-0.0,-0.0,-0.0,-0.0,-0.0,-0.0,-0.0,-0.0,-0.0,-0.0,-0.0,-0.0,-0.0,-0.0,-0.0,-0.0,-0.0,-0.0,-0.0,-0.0,-0.0,-0.0,-0.0,-0.0,-0.0,-0.0,-0.0,-0.0,-0.0,-0.0,-0.0,-0.0,-0.0,-0.0,-0.0,-0.0,-0.0,-0.0,-0.0,-0.0,-0.0,-0.0,-0.0,-0.0,-0.0,-0.0,-0.0,-0.0,-0.0,-0.0,-0.0,-0.0,-0.0,-0.0,-0.0,-0.0,-0.0,-0.0,-0.0,-0.0,-0.0,-0.0,-0.0,-0.0,-0.0,-0.0,-0.0,-0.0,-0.0,-0.0,-0.0,-0.0,-0.0,-0.0,-0.0,-0.0,-0.0,-0.0,-0.0,-0.0,-0.0,-0.0,-0.0,-0.0,-0.0,-0.0,-0.0,-0.0,-0.0,-0.0,-0.0,-0.0,-0.0,-0.0,-0.0,-0.0,-0.0,-0.0,-0.0,-0.0,-0.0,-0.0
2017-05-31 20:08:00+02:00,-0.0,-0.0,-0.0,-0.0,-0.0,-0.0,-0.0,-0.0,-0.0,-0.0,-0.0,-0.0,-0.0,-0.0,-0.0,-0.0,-0.0,-0.0,-0.0,-0.0,-0.0,-0.0,-0.0,-0.0,-0.0,-0.0,-0.0,-0.0,-0.0,-0.0,-0.0,-0.0,-0.0,-0.0,-0.0,-0.0,-0.0,-0.0,-0.0,-0.0,-0.0,-0.0,-0.0,-0.0,-0.0,-0.0,-0.0,-0.0,-0.0,-0.0,-0.0,-0.0,-0.0,-0.0,-0.0,-0.0,-0.0,-0.0,-0.0,-0.0,-0.0,-0.0,-0.0,-0.0,-0.0,-0.0,-0.0,-0.0,-0.0,-0.0,-0.0,-0.0,-0.0,-0.0,-0.0,-0.0,-0.0,-0.0,-0.0,-0.0,-0.0,-0.0,-0.0,-0.0,-0.0,-0.0,-0.0,-0.0,-0.0,-0.0,-0.0,-0.0,-0.0,-0.0,-0.0,-0.0,-0.0,-0.0,-0.0,-0.0,-0.0,-0.0,-0.0,-0.0,-0.0,-0.0,-0.0,-0.0,-0.0,-0.0,-0.0,-0.0,-0.0,-0.0,-0.0,-0.0,-0.0,-0.0
2017-05-31 20:09:00+02:00,-0.0,-0.0,-0.0,-0.0,-0.0,-0.0,-0.0,-0.0,-0.0,-0.0,-0.0,-0.0,-0.0,-0.0,-0.0,-0.0,-0.0,-0.0,-0.0,-0.0,-0.0,-0.0,-0.0,-0.0,-0.0,-0.0,-0.0,-0.0,-0.0,-0.0,-0.0,-0.0,-0.0,-0.0,-0.0,-0.0,-0.0,-0.0,-0.0,-0.0,-0.0,-0.0,-0.0,-0.0,-0.0,-0.0,-0.0,-0.0,-0.0,-0.0,-0.0,-0.0,-0.0,-0.0,-0.0,-0.0,-0.0,-0.0,-0.0,-0.0,-0.0,-0.0,-0.0,-0.0,-0.0,-0.0,-0.0,-0.0,-0.0,-0.0,-0.0,-0.0,-0.0,-0.0,-0.0,-0.0,-0.0,-0.0,-0.0,-0.0,-0.0,-0.0,-0.0,-0.0,-0.0,-0.0,-0.0,-0.0,-0.0,-0.0,-0.0,-0.0,-0.0,-0.0,-0.0,-0.0,-0.0,-0.0,-0.0,-0.0,-0.0,-0.0,-0.0,-0.0,-0.0,-0.0,-0.0,-0.0,-0.0,-0.0,-0.0,-0.0,-0.0,-0.0,-0.0,-0.0,-0.0,-0.0
2017-05-31 20:10:00+02:00,-0.0,-0.0,-0.0,-0.0,-0.0,-0.0,-0.0,-0.0,-0.0,-0.0,-0.0,-0.0,-0.0,-0.0,-0.0,-0.0,-0.0,-0.0,-0.0,-0.0,-0.0,-0.0,-0.0,-0.0,-0.0,-0.0,-0.0,-0.0,-0.0,-0.0,-0.0,-0.0,-0.0,-0.0,-0.0,-0.0,-0.0,-0.0,-0.0,-0.0,-0.0,-0.0,-0.0,-0.0,-0.0,-0.0,-0.0,-0.0,-0.0,-0.0,-0.0,-0.0,-0.0,-0.0,-0.0,-0.0,-0.0,-0.0,-0.0,-0.0,-0.0,-0.0,-0.0,-0.0,-0.0,-0.0,-0.0,-0.0,-0.0,-0.0,-0.0,-0.0,-0.0,-0.0,-0.0,-0.0,-0.0,-0.0,-0.0,-0.0,-0.0,-0.0,-0.0,-0.0,-0.0,-0.0,-0.0,-0.0,-0.0,-0.0,-0.0,-0.0,-0.0,-0.0,-0.0,-0.0,-0.0,-0.0,-0.0,-0.0,-0.0,-0.0,-0.0,-0.0,-0.0,-0.0,-0.0,-0.0,-0.0,-0.0,-0.0,-0.0,-0.0,-0.0,-0.0,-0.0,-0.0,-0.0
2017-05-31 20:11:00+02:00,-0.0,-0.0,-0.0,-0.0,-0.0,-0.0,-0.0,-0.0,-0.0,-0.0,-0.0,-0.0,-0.0,-0.0,-0.0,-0.0,-0.0,-0.0,-0.0,-0.0,-0.0,-0.0,-0.0,-0.0,-0.0,-0.0,-0.0,-0.0,-0.0,-0.0,-0.0,-0.0,-0.0,-0.0,-0.0,-0.0,-0.0,-0.0,-0.0,-0.0,-0.0,-0.0,-0.0,-0.0,-0.0,-0.0,-0.0,-0.0,-0.0,-0.0,-0.0,-0.0,-0.0,-0.0,-0.0,-0.0,-0.0,-0.0,-0.0,-0.0,-0.0,-0.0,-0.0,-0.0,-0.0,-0.0,-0.0,-0.0,-0.0,-0.0,-0.0,-0.0,-0.0,-0.0,-0.0,-0.0,-0.0,-0.0,-0.0,-0.0,-0.0,-0.0,-0.0,-0.0,-0.0,-0.0,-0.0,-0.0,-0.0,-0.0,-0.0,-0.0,-0.0,-0.0,-0.0,-0.0,-0.0,-0.0,-0.0,-0.0,-0.0,-0.0,-0.0,-0.0,-0.0,-0.0,-0.0,-0.0,-0.0,-0.0,-0.0,-0.0,-0.0,-0.0,-0.0,-0.0,-0.0,-0.0
2017-05-31 20:12:00+02:00,-0.0,-0.0,-0.0,-0.0,-0.0,-0.0,-0.0,-0.0,-0.0,-0.0,-0.0,-0.0,-0.0,-0.0,-0.0,-0.0,-0.0,-0.0,-0.0,-0.0,-0.0,-0.0,-0.0,-0.0,-0.0,-0.0,-0.0,-0.0,-0.0,-0.0,-0.0,-0.0,-0.0,-0.0,-0.0,-0.0,-0.0,-0.0,-0.0,-0.0,-0.0,-0.0,-0.0,-0.0,-0.0,-0.0,-0.0,-0.0,-0.0,-0.0,-0.0,-0.0,-0.0,-0.0,-0.0,-0.0,-0.0,-0.0,-0.0,-0.0,-0.0,-0.0,-0.0,-0.0,-0.0,-0.0,-0.0,-0.0,-0.0,-0.0,-0.0,-0.0,-0.0,-0.0,-0.0,-0.0,-0.0,-0.0,-0.0,-0.0,-0.0,-0.0,-0.0,-0.0,-0.0,-0.0,-0.0,-0.0,-0.0,-0.0,-0.0,-0.0,-0.0,-0.0,-0.0,-0.0,-0.0,-0.0,-0.0,-0.0,-0.0,-0.0,-0.0,-0.0,-0.0,-0.0,-0.0,-0.0,-0.0,-0.0,-0.0,-0.0,-0.0,-0.0,-0.0,-0.0,-0.0,-0.0
2017-05-31 20:13:00+02:00,-0.0,-0.0,-0.0,-0.0,-0.0,-0.0,-0.0,-0.0,-0.0,-0.0,-0.0,-0.0,-0.0,-0.0,-0.0,-0.0,-0.0,-0.0,-0.0,-0.0,-0.0,-0.0,-0.0,-0.0,-0.0,-0.0,-0.0,-0.0,-0.0,-0.0,-0.0,-0.0,-0.0,-0.0,-0.0,-0.0,-0.0,-0.0,-0.0,-0.0,-0.0,-0.0,-0.0,-0.0,-0.0,-0.0,-0.0,-0.0,-0.0,-0.0,-0.0,-0.0,-0.0,-0.0,-0.0,-0.0,-0.0,-0.0,-0.0,-0.0,-0.0,-0.0,-0.0,-0.0,-0.0,-0.0,-0.0,-0.0,-0.0,-0.0,-0.0,-0.0,-0.0,-0.0,-0.0,-0.0,-0.0,-0.0,-0.0,-0.0,-0.0,-0.0,-0.0,-0.0,-0.0,-0.0,-0.0,-0.0,-0.0,-0.0,-0.0,-0.0,-0.0,-0.0,-0.0,-0.0,-0.0,-0.0,-0.0,-0.0,-0.0,-0.0,-0.0,-0.0,-0.0,-0.0,-0.0,-0.0,-0.0,-0.0,-0.0,-0.0,-0.0,-0.0,-0.0,-0.0,-0.0,-0.0
2017-05-31 20:14:00+02:00,-0.0,-0.0,-0.0,-0.0,-0.0,-0.0,-0.0,-0.0,-0.0,-0.0,-0.0,-0.0,-0.0,-0.0,-0.0,-0.0,-0.0,-0.0,-0.0,-0.0,-0.0,-0.0,-0.0,-0.0,-0.0,-0.0,-0.0,-0.0,-0.0,-0.0,-0.0,-0.0,-0.0,-0.0,-0.0,-0.0,-0.0,-0.0,-0.0,-0.0,-0.0,-0.0,-0.0,-0.0,-0.0,-0.0,-0.0,-0.0,-0.0,-0.0,-0.0,-0.0,-0.0,-0.0,-0.0,-0.0,-0.0,-0.0,-0.0,-0.0,-0.0,-0.0,-0.0,-0.0,-0.0,-0.0,-0.0,-0.0,-0.0,-0.0,-0.0,-0.0,-0.0,-0.0,-0.0,-0.0,-0.0,-0.0,-0.0,-0.0,-0.0,-0.0,-0.0,-0.0,-0.0,-0.0,-0.0,-0.0,-0.0,-0.0,-0.0,-0.0,-0.0,-0.0,-0.0,-0.0,-0.0,-0.0,-0.0,-0.0,-0.0,-0.0,-0.0,-0.0,-0.0,-0.0,-0.0,-0.0,-0.0,-0.0,-0.0,-0.0,-0.0,-0.0,-0.0,-0.0,-0.0,-0.0
2017-05-31 20:15:00+02:00,-0.0,-0.0,-0.0,-0.0,-0.0,-0.0,-0.0,-0.0,-0.0,-0.0,-0.0,-0.0,-0.0,-0.0,-0.0,-0.0,-0.0,-0.0,-0.0,-0.0,-0.0,-0.0,-0.0,-0.0,-0.0,-0.0,-0.0,-0.0,-0.0,-0.0,-0.0,-0.0,-0.0,-0.0,-0.0,-0.0,-0.0,-0.0,-0.0,-0.0,-0.0,-0.0,-0.0,-0.0,-0.0,-0.0,-0.0,-0.0,-0.0,-0.0,-0.0,-0.0,-0.0,-0.0,-0.0,-0.0,-0.0,-0.0,-0.0,-0.0,-0.0,-0.0,-0.0,-0.0,-0.0,-0.0,-0.0,-0.0,-0.0,-0.0,-0.0,-0.0,-0.0,-0.0,-0.0,-0.0,-0.0,-0.0,-0.0,-0.0,-0.0,-0.0,-0.0,-0.0,-0.0,-0.0,-0.0,-0.0,-0.0,-0.0,-0.0,-0.0,-0.0,-0.0,-0.0,-0.0,-0.0,-0.0,-0.0,-0.0,-0.0,-0.0,-0.0,-0.0,-0.0,-0.0,-0.0,-0.0,-0.0,-0.0,-0.0,-0.0,-0.0,-0.0,-0.0,-0.0,-0.0,-0.0
2017-05-31 20:16:00+02:00,-0.0,-0.0,-0.0,-0.0,-0.0,-0.0,-0.0,-0.0,-0.0,-0.0,-0.0,-0.0,-0.0,-0.0,-0.0,-0.0,-0.0,-0.0,-0.0,-0.0,-0.0,-0.0,-0.0,-0.0,-0.0,-0.0,-0.0,-0.0,-0.0,-0.0,-0.0,-0.0,-0.0,-0.0,-0.0,-0.0,-0.0,-0.0,-0.0,-0.0,-0.0,-0.0,-0.0,-0.0,-0.0,-0.0,-0.0,-0.0,-0.0,-0.0,-0.0,-0.0,-0.0,-0.0,-0.0,-0.0,-0.0,-0.0,-0.0,-0.0,-0.0,-0.0,-0.0,-0.0,-0.0,-0.0,-0.0,-0.0,-0.0,-0.0,-0.0,-0.0,-0.0,-0.0,-0.0,-0.0,-0.0,-0.0,-0.0,-0.0,-0.0,-0.0,-0.0,-0.0,-0.0,-0.0,-0.0,-0.0,-0.0,-0.0,-0.0,-0.0,-0.0,-0.0,-0.0,-0.0,-0.0,-0.0,-0.0,-0.0,-0.0,-0.0,-0.0,-0.0,-0.0,-0.0,-0.0,-0.0,-0.0,-0.0,-0.0,-0.0,-0.0,-0.0,-0.0,-0.0,-0.0,-0.0
2017-05-31 20:17:00+02:00,-0.0,-0.0,-0.0,-0.0,-0.0,-0.0,-0.0,-0.0,-0.0,-0.0,-0.0,-0.0,-0.0,-0.0,-0.0,-0.0,-0.0,-0.0,-0.0,-0.0,-0.0,-0.0,-0.0,-0.0,-0.0,-0.0,-0.0,-0.0,-0.0,-0.0,-0.0,-0.0,-0.0,-0.0,-0.0,-0.0,-0.0,-0.0,-0.0,-0.0,-0.0,-0.0,-0.0,-0.0,-0.0,-0.0,-0.0,-0.0,-0.0,-0.0,-0.0,-0.0,-0.0,-0.0,-0.0,-0.0,-0.0,-0.0,-0.0,-0.0,-0.0,-0.0,-0.0,-0.0,-0.0,-0.0,-0.0,-0.0,-0.0,-0.0,-0.0,-0.0,-0.0,-0.0,-0.0,-0.0,-0.0,-0.0,-0.0,-0.0,-0.0,-0.0,-0.0,-0.0,-0.0,-0.0,-0.0,-0.0,-0.0,-0.0,-0.0,-0.0,-0.0,-0.0,-0.0,-0.0,-0.0,-0.0,-0.0,-0.0,-0.0,-0.0,-0.0,-0.0,-0.0,-0.0,-0.0,-0.0,-0.0,-0.0,-0.0,-0.0,-0.0,-0.0,-0.0,-0.0,-0.0,-0.0
2017-05-31 20:18:00+02:00,-0.0,-0.0,-0.0,-0.0,-0.0,-0.0,-0.0,-0.0,-0.0,-0.0,-0.0,-0.0,-0.0,-0.0,-0.0,-0.0,-0.0,-0.0,-0.0,-0.0,-0.0,-0.0,-0.0,-0.0,-0.0,-0.0,-0.0,-0.0,-0.0,-0.0,-0.0,-0.0,-0.0,-0.0,-0.0,-0.0,-0.0,-0.0,-0.0,-0.0,-0.0,-0.0,-0.0,-0.0,-0.0,-0.0,-0.0,-0.0,-0.0,-0.0,-0.0,-0.0,-0.0,-0.0,-0.0,-0.0,-0.0,-0.0,-0.0,-0.0,-0.0,-0.0,-0.0,-0.0,-0.0,-0.0,-0.0,-0.0,-0.0,-0.0,-0.0,-0.0,-0.0,-0.0,-0.0,-0.0,-0.0,-0.0,-0.0,-0.0,-0.0,-0.0,-0.0,-0.0,-0.0,-0.0,-0.0,-0.0,-0.0,-0.0,-0.0,-0.0,-0.0,-0.0,-0.0,-0.0,-0.0,-0.0,-0.0,-0.0,-0.0,-0.0,-0.0,-0.0,-0.0,-0.0,-0.0,-0.0,-0.0,-0.0,-0.0,-0.0,-0.0,-0.0,-0.0,-0.0,-0.0,-0.0
2017-05-31 20:19:00+02:00,-0.0,-0.0,-0.0,-0.0,-0.0,-0.0,-0.0,-0.0,-0.0,-0.0,-0.0,-0.0,-0.0,-0.0,-0.0,-0.0,-0.0,-0.0,-0.0,-0.0,-0.0,-0.0,-0.0,-0.0,-0.0,-0.0,-0.0,-0.0,-0.0,-0.0,-0.0,-0.0,-0.0,-0.0,-0.0,-0.0,-0.0,-0.0,-0.0,-0.0,-0.0,-0.0,-0.0,-0.0,-0.0,-0.0,-0.0,-0.0,-0.0,-0.0,-0.0,-0.0,-0.0,-0.0,-0.0,-0.0,-0.0,-0.0,-0.0,-0.0,-0.0,-0.0,-0.0,-0.0,-0.0,-0.0,-0.0,-0.0,-0.0,-0.0,-0.0,-0.0,-0.0,-0.0,-0.0,-0.0,-0.0,-0.0,-0.0,-0.0,-0.0,-0.0,-0.0,-0.0,-0.0,-0.0,-0.0,-0.0,-0.0,-0.0,-0.0,-0.0,-0.0,-0.0,-0.0,-0.0,-0.0,-0.0,-0.0,-0.0,-0.0,-0.0,-0.0,-0.0,-0.0,-0.0,-0.0,-0.0,-0.0,-0.0,-0.0,-0.0,-0.0,-0.0,-0.0,-0.0,-0.0,-0.0
2017-05-31 20:20:00+02:00,-0.0,-0.0,-0.0,-0.0,-0.0,-0.0,-0.0,-0.0,-0.0,-0.0,-0.0,-0.0,-0.0,-0.0,-0.0,-0.0,-0.0,-0.0,-0.0,-0.0,-0.0,-0.0,-0.0,-0.0,-0.0,-0.0,-0.0,-0.0,-0.0,-0.0,-0.0,-0.0,-0.0,-0.0,-0.0,-0.0,-0.0,-0.0,-0.0,-0.0,-0.0,-0.0,-0.0,-0.0,-0.0,-0.0,-0.0,-0.0,-0.0,-0.0,-0.0,-0.0,-0.0,-0.0,-0.0,-0.0,-0.0,-0.0,-0.0,-0.0,-0.0,-0.0,-0.0,-0.0,-0.0,-0.0,-0.0,-0.0,-0.0,-0.0,-0.0,-0.0,-0.0,-0.0,-0.0,-0.0,-0.0,-0.0,-0.0,-0.0,-0.0,-0.0,-0.0,-0.0,-0.0,-0.0,-0.0,-0.0,-0.0,-0.0,-0.0,-0.0,-0.0,-0.0,-0.0,-0.0,-0.0,-0.0,-0.0,-0.0,-0.0,-0.0,-0.0,-0.0,-0.0,-0.0,-0.0,-0.0,-0.0,-0.0,-0.0,-0.0,-0.0,-0.0,-0.0,-0.0,-0.0,-0.0
2017-05-31 20:21:00+02:00,-0.0,-0.0,-0.0,-0.0,-0.0,-0.0,-0.0,-0.0,-0.0,-0.0,-0.0,-0.0,-0.0,-0.0,-0.0,-0.0,-0.0,-0.0,-0.0,-0.0,-0.0,-0.0,-0.0,-0.0,-0.0,-0.0,-0.0,-0.0,-0.0,-0.0,-0.0,-0.0,-0.0,-0.0,-0.0,-0.0,-0.0,-0.0,-0.0,-0.0,-0.0,-0.0,-0.0,-0.0,-0.0,-0.0,-0.0,-0.0,-0.0,-0.0,-0.0,-0.0,-0.0,-0.0,-0.0,-0.0,-0.0,-0.0,-0.0,-0.0,-0.0,-0.0,-0.0,-0.0,-0.0,-0.0,-0.0,-0.0,-0.0,-0.0,-0.0,-0.0,-0.0,-0.0,-0.0,-0.0,-0.0,-0.0,-0.0,-0.0,-0.0,-0.0,-0.0,-0.0,-0.0,-0.0,-0.0,-0.0,-0.0,-0.0,-0.0,-0.0,-0.0,-0.0,-0.0,-0.0,-0.0,-0.0,-0.0,-0.0,-0.0,-0.0,-0.0,-0.0,-0.0,-0.0,-0.0,-0.0,-0.0,-0.0,-0.0,-0.0,-0.0,-0.0,-0.0,-0.0,-0.0,-0.0
2017-05-31 20:22:00+02:00,-0.0,-0.0,-0.0,-0.0,-0.0,-0.0,-0.0,-0.0,-0.0,-0.0,-0.0,-0.0,-0.0,-0.0,-0.0,-0.0,-0.0,-0.0,-0.0,-0.0,-0.0,-0.0,-0.0,-0.0,-0.0,-0.0,-0.0,-0.0,-0.0,-0.0,-0.0,-0.0,-0.0,-0.0,-0.0,-0.0,-0.0,-0.0,-0.0,-0.0,-0.0,-0.0,-0.0,-0.0,-0.0,-0.0,-0.0,-0.0,-0.0,-0.0,-0.0,-0.0,-0.0,-0.0,-0.0,-0.0,-0.0,-0.0,-0.0,-0.0,-0.0,-0.0,-0.0,-0.0,-0.0,-0.0,-0.0,-0.0,-0.0,-0.0,-0.0,-0.0,-0.0,-0.0,-0.0,-0.0,-0.0,-0.0,-0.0,-0.0,-0.0,-0.0,-0.0,-0.0,-0.0,-0.0,-0.0,-0.0,-0.0,-0.0,-0.0,-0.0,-0.0,-0.0,-0.0,-0.0,-0.0,-0.0,-0.0,-0.0,-0.0,-0.0,-0.0,-0.0,-0.0,-0.0,-0.0,-0.0,-0.0,-0.0,-0.0,-0.0,-0.0,-0.0,-0.0,-0.0,-0.0,-0.0
2017-05-31 20:23:00+02:00,-0.0,-0.0,-0.0,-0.0,-0.0,-0.0,-0.0,-0.0,-0.0,-0.0,-0.0,-0.0,-0.0,-0.0,-0.0,-0.0,-0.0,-0.0,-0.0,-0.0,-0.0,-0.0,-0.0,-0.0,-0.0,-0.0,-0.0,-0.0,-0.0,-0.0,-0.0,-0.0,-0.0,-0.0,-0.0,-0.0,-0.0,-0.0,-0.0,-0.0,-0.0,-0.0,-0.0,-0.0,-0.0,-0.0,-0.0,-0.0,-0.0,-0.0,-0.0,-0.0,-0.0,-0.0,-0.0,-0.0,-0.0,-0.0,-0.0,-0.0,-0.0,-0.0,-0.0,-0.0,-0.0,-0.0,-0.0,-0.0,-0.0,-0.0,-0.0,-0.0,-0.0,-0.0,-0.0,-0.0,-0.0,-0.0,-0.0,-0.0,-0.0,-0.0,-0.0,-0.0,-0.0,-0.0,-0.0,-0.0,-0.0,-0.0,-0.0,-0.0,-0.0,-0.0,-0.0,-0.0,-0.0,-0.0,-0.0,-0.0,-0.0,-0.0,-0.0,-0.0,-0.0,-0.0,-0.0,-0.0,-0.0,-0.0,-0.0,-0.0,-0.0,-0.0,-0.0,-0.0,-0.0,-0.0
2017-05-31 20:24:00+02:00,-0.0,-0.0,-0.0,-0.0,-0.0,-0.0,-0.0,-0.0,-0.0,-0.0,-0.0,-0.0,-0.0,-0.0,-0.0,-0.0,-0.0,-0.0,-0.0,-0.0,-0.0,-0.0,-0.0,-0.0,-0.0,-0.0,-0.0,-0.0,-0.0,-0.0,-0.0,-0.0,-0.0,-0.0,-0.0,-0.0,-0.0,-0.0,-0.0,-0.0,-0.0,-0.0,-0.0,-0.0,-0.0,-0.0,-0.0,-0.0,-0.0,-0.0,-0.0,-0.0,-0.0,-0.0,-0.0,-0.0,-0.0,-0.0,-0.0,-0.0,-0.0,-0.0,-0.0,-0.0,-0.0,-0.0,-0.0,-0.0,-0.0,-0.0,-0.0,-0.0,-0.0,-0.0,-0.0,-0.0,-0.0,-0.0,-0.0,-0.0,-0.0,-0.0,-0.0,-0.0,-0.0,-0.0,-0.0,-0.0,-0.0,-0.0,-0.0,-0.0,-0.0,-0.0,-0.0,-0.0,-0.0,-0.0,-0.0,-0.0,-0.0,-0.0,-0.0,-0.0,-0.0,-0.0,-0.0,-0.0,-0.0,-0.0,-0.0,-0.0,-0.0,-0.0,-0.0,-0.0,-0.0,-0.0
2017-05-31 20:25:00+02:00,-0.0,-0.0,-0.0,-0.0,-0.0,-0.0,-0.0,-0.0,-0.0,-0.0,-0.0,-0.0,-0.0,-0.0,-0.0,-0.0,-0.0,-0.0,-0.0,-0.0,-0.0,-0.0,-0.0,-0.0,-0.0,-0.0,-0.0,-0.0,-0.0,-0.0,-0.0,-0.0,-0.0,-0.0,-0.0,-0.0,-0.0,-0.0,-0.0,-0.0,-0.0,-0.0,-0.0,-0.0,-0.0,-0.0,-0.0,-0.0,-0.0,-0.0,-0.0,-0.0,-0.0,-0.0,-0.0,-0.0,-0.0,-0.0,-0.0,-0.0,-0.0,-0.0,-0.0,-0.0,-0.0,-0.0,-0.0,-0.0,-0.0,-0.0,-0.0,-0.0,-0.0,-0.0,-0.0,-0.0,-0.0,-0.0,-0.0,-0.0,-0.0,-0.0,-0.0,-0.0,-0.0,-0.0,-0.0,-0.0,-0.0,-0.0,-0.0,-0.0,-0.0,-0.0,-0.0,-0.0,-0.0,-0.0,-0.0,-0.0,-0.0,-0.0,-0.0,-0.0,-0.0,-0.0,-0.0,-0.0,-0.0,-0.0,-0.0,-0.0,-0.0,-0.0,-0.0,-0.0,-0.0,-0.0
2017-05-31 20:26:00+02:00,-0.0,-0.0,-0.0,-0.0,-0.0,-0.0,-0.0,-0.0,-0.0,-0.0,-0.0,-0.0,-0.0,-0.0,-0.0,-0.0,-0.0,-0.0,-0.0,-0.0,-0.0,-0.0,-0.0,-0.0,-0.0,-0.0,-0.0,-0.0,-0.0,-0.0,-0.0,-0.0,-0.0,-0.0,-0.0,-0.0,-0.0,-0.0,-0.0,-0.0,-0.0,-0.0,-0.0,-0.0,-0.0,-0.0,-0.0,-0.0,-0.0,-0.0,-0.0,-0.0,-0.0,-0.0,-0.0,-0.0,-0.0,-0.0,-0.0,-0.0,-0.0,-0.0,-0.0,-0.0,-0.0,-0.0,-0.0,-0.0,-0.0,-0.0,-0.0,-0.0,-0.0,-0.0,-0.0,-0.0,-0.0,-0.0,-0.0,-0.0,-0.0,-0.0,-0.0,-0.0,-0.0,-0.0,-0.0,-0.0,-0.0,-0.0,-0.0,-0.0,-0.0,-0.0,-0.0,-0.0,-0.0,-0.0,-0.0,-0.0,-0.0,-0.0,-0.0,-0.0,-0.0,-0.0,-0.0,-0.0,-0.0,-0.0,-0.0,-0.0,-0.0,-0.0,-0.0,-0.0,-0.0,-0.0
2017-05-31 20:27:00+02:00,-0.0,-0.0,-0.0,-0.0,-0.0,-0.0,-0.0,-0.0,-0.0,-0.0,-0.0,-0.0,-0.0,-0.0,-0.0,-0.0,-0.0,-0.0,-0.0,-0.0,-0.0,-0.0,-0.0,-0.0,-0.0,-0.0,-0.0,-0.0,-0.0,-0.0,-0.0,-0.0,-0.0,-0.0,-0.0,-0.0,-0.0,-0.0,-0.0,-0.0,-0.0,-0.0,-0.0,-0.0,-0.0,-0.0,-0.0,-0.0,-0.0,-0.0,-0.0,-0.0,-0.0,-0.0,-0.0,-0.0,-0.0,-0.0,-0.0,-0.0,-0.0,-0.0,-0.0,-0.0,-0.0,-0.0,-0.0,-0.0,-0.0,-0.0,-0.0,-0.0,-0.0,-0.0,-0.0,-0.0,-0.0,-0.0,-0.0,-0.0,-0.0,-0.0,-0.0,-0.0,-0.0,-0.0,-0.0,-0.0,-0.0,-0.0,-0.0,-0.0,-0.0,-0.0,-0.0,-0.0,-0.0,-0.0,-0.0,-0.0,-0.0,-0.0,-0.0,-0.0,-0.0,-0.0,-0.0,-0.0,-0.0,-0.0,-0.0,-0.0,-0.0,-0.0,-0.0,-0.0,-0.0,-0.0
2017-05-31 20:28:00+02:00,-0.0,-0.0,-0.0,-0.0,-0.0,-0.0,-0.0,-0.0,-0.0,-0.0,-0.0,-0.0,-0.0,-0.0,-0.0,-0.0,-0.0,-0.0,-0.0,-0.0,-0.0,-0.0,-0.0,-0.0,-0.0,-0.0,-0.0,-0.0,-0.0,-0.0,-0.0,-0.0,-0.0,-0.0,-0.0,-0.0,-0.0,-0.0,-0.0,-0.0,-0.0,-0.0,-0.0,-0.0,-0.0,-0.0,-0.0,-0.0,-0.0,-0.0,-0.0,-0.0,-0.0,-0.0,-0.0,-0.0,-0.0,-0.0,-0.0,-0.0,-0.0,-0.0,-0.0,-0.0,-0.0,-0.0,-0.0,-0.0,-0.0,-0.0,-0.0,-0.0,-0.0,-0.0,-0.0,-0.0,-0.0,-0.0,-0.0,-0.0,-0.0,-0.0,-0.0,-0.0,-0.0,-0.0,-0.0,-0.0,-0.0,-0.0,-0.0,-0.0,-0.0,-0.0,-0.0,-0.0,-0.0,-0.0,-0.0,-0.0,-0.0,-0.0,-0.0,-0.0,-0.0,-0.0,-0.0,-0.0,-0.0,-0.0,-0.0,-0.0,-0.0,-0.0,-0.0,-0.0,-0.0,-0.0
2017-05-31 20:29:00+02:00,-0.0,-0.0,-0.0,-0.0,-0.0,-0.0,-0.0,-0.0,-0.0,-0.0,-0.0,-0.0,-0.0,-0.0,-0.0,-0.0,-0.0,-0.0,-0.0,-0.0,-0.0,-0.0,-0.0,-0.0,-0.0,-0.0,-0.0,-0.0,-0.0,-0.0,-0.0,-0.0,-0.0,-0.0,-0.0,-0.0,-0.0,-0.0,-0.0,-0.0,-0.0,-0.0,-0.0,-0.0,-0.0,-0.0,-0.0,-0.0,-0.0,-0.0,-0.0,-0.0,-0.0,-0.0,-0.0,-0.0,-0.0,-0.0,-0.0,-0.0,-0.0,-0.0,-0.0,-0.0,-0.0,-0.0,-0.0,-0.0,-0.0,-0.0,-0.0,-0.0,-0.0,-0.0,-0.0,-0.0,-0.0,-0.0,-0.0,-0.0,-0.0,-0.0,-0.0,-0.0,-0.0,-0.0,-0.0,-0.0,-0.0,-0.0,-0.0,-0.0,-0.0,-0.0,-0.0,-0.0,-0.0,-0.0,-0.0,-0.0,-0.0,-0.0,-0.0,-0.0,-0.0,-0.0,-0.0,-0.0,-0.0,-0.0,-0.0,-0.0,-0.0,-0.0,-0.0,-0.0,-0.0,-0.0
2017-05-31 20:30:00+02:00,-0.0,-0.0,-0.0,-0.0,-0.0,-0.0,-0.0,-0.0,-0.0,-0.0,-0.0,-0.0,-0.0,-0.0,-0.0,-0.0,-0.0,-0.0,-0.0,-0.0,-0.0,-0.0,-0.0,-0.0,-0.0,-0.0,-0.0,-0.0,-0.0,-0.0,-0.0,-0.0,-0.0,-0.0,-0.0,-0.0,-0.0,-0.0,-0.0,-0.0,-0.0,-0.0,-0.0,-0.0,-0.0,-0.0,-0.0,-0.0,-0.0,-0.0,-0.0,-0.0,-0.0,-0.0,-0.0,-0.0,-0.0,-0.0,-0.0,-0.0,-0.0,-0.0,-0.0,-0.0,-0.0,-0.0,-0.0,-0.0,-0.0,-0.0,-0.0,-0.0,-0.0,-0.0,-0.0,-0.0,-0.0,-0.0,-0.0,-0.0,-0.0,-0.0,-0.0,-0.0,-0.0,-0.0,-0.0,-0.0,-0.0,-0.0,-0.0,-0.0,-0.0,-0.0,-0.0,-0.0,-0.0,-0.0,-0.0,-0.0,-0.0,-0.0,-0.0,-0.0,-0.0,-0.0,-0.0,-0.0,-0.0,-0.0,-0.0,-0.0,-0.0,-0.0,-0.0,-0.0,-0.0,-0.0
2017-05-31 20:31:00+02:00,-0.0,-0.0,-0.0,-0.0,-0.0,-0.0,-0.0,-0.0,-0.0,-0.0,-0.0,-0.0,-0.0,-0.0,-0.0,-0.0,-0.0,-0.0,-0.0,-0.0,-0.0,-0.0,-0.0,-0.0,-0.0,-0.0,-0.0,-0.0,-0.0,-0.0,-0.0,-0.0,-0.0,-0.0,-0.0,-0.0,-0.0,-0.0,-0.0,-0.0,-0.0,-0.0,-0.0,-0.0,-0.0,-0.0,-0.0,-0.0,-0.0,-0.0,-0.0,-0.0,-0.0,-0.0,-0.0,-0.0,-0.0,-0.0,-0.0,-0.0,-0.0,-0.0,-0.0,-0.0,-0.0,-0.0,-0.0,-0.0,-0.0,-0.0,-0.0,-0.0,-0.0,-0.0,-0.0,-0.0,-0.0,-0.0,-0.0,-0.0,-0.0,-0.0,-0.0,-0.0,-0.0,-0.0,-0.0,-0.0,-0.0,-0.0,-0.0,-0.0,-0.0,-0.0,-0.0,-0.0,-0.0,-0.0,-0.0,-0.0,-0.0,-0.0,-0.0,-0.0,-0.0,-0.0,-0.0,-0.0,-0.0,-0.0,-0.0,-0.0,-0.0,-0.0,-0.0,-0.0,-0.0,-0.0
2017-05-31 20:32:00+02:00,-0.0,-0.0,-0.0,-0.0,-0.0,-0.0,-0.0,-0.0,-0.0,-0.0,-0.0,-0.0,-0.0,-0.0,-0.0,-0.0,-0.0,-0.0,-0.0,-0.0,-0.0,-0.0,-0.0,-0.0,-0.0,-0.0,-0.0,-0.0,-0.0,-0.0,-0.0,-0.0,-0.0,-0.0,-0.0,-0.0,-0.0,-0.0,-0.0,-0.0,-0.0,-0.0,-0.0,-0.0,-0.0,-0.0,-0.0,-0.0,-0.0,-0.0,-0.0,-0.0,-0.0,-0.0,-0.0,-0.0,-0.0,-0.0,-0.0,-0.0,-0.0,-0.0,-0.0,-0.0,-0.0,-0.0,-0.0,-0.0,-0.0,-0.0,-0.0,-0.0,-0.0,-0.0,-0.0,-0.0,-0.0,-0.0,-0.0,-0.0,-0.0,-0.0,-0.0,-0.0,-0.0,-0.0,-0.0,-0.0,-0.0,-0.0,-0.0,-0.0,-0.0,-0.0,-0.0,-0.0,-0.0,-0.0,-0.0,-0.0,-0.0,-0.0,-0.0,-0.0,-0.0,-0.0,-0.0,-0.0,-0.0,-0.0,-0.0,-0.0,-0.0,-0.0,-0.0,-0.0,-0.0,-0.0
2017-05-31 20:33:00+02:00,-0.0,-0.0,-0.0,-0.0,-0.0,-0.0,-0.0,-0.0,-0.0,-0.0,-0.0,-0.0,-0.0,-0.0,-0.0,-0.0,-0.0,-0.0,-0.0,-0.0,-0.0,-0.0,-0.0,-0.0,-0.0,-0.0,-0.0,-0.0,-0.0,-0.0,-0.0,-0.0,-0.0,-0.0,-0.0,-0.0,-0.0,-0.0,-0.0,-0.0,-0.0,-0.0,-0.0,-0.0,-0.0,-0.0,-0.0,-0.0,-0.0,-0.0,-0.0,-0.0,-0.0,-0.0,-0.0,-0.0,-0.0,-0.0,-0.0,-0.0,-0.0,-0.0,-0.0,-0.0,-0.0,-0.0,-0.0,-0.0,-0.0,-0.0,-0.0,-0.0,-0.0,-0.0,-0.0,-0.0,-0.0,-0.0,-0.0,-0.0,-0.0,-0.0,-0.0,-0.0,-0.0,-0.0,-0.0,-0.0,-0.0,-0.0,-0.0,-0.0,-0.0,-0.0,-0.0,-0.0,-0.0,-0.0,-0.0,-0.0,-0.0,-0.0,-0.0,-0.0,-0.0,-0.0,-0.0,-0.0,-0.0,-0.0,-0.0,-0.0,-0.0,-0.0,-0.0,-0.0,-0.0,-0.0
2017-05-31 20:34:00+02:00,-0.0,-0.0,-0.0,-0.0,-0.0,-0.0,-0.0,-0.0,-0.0,-0.0,-0.0,-0.0,-0.0,-0.0,-0.0,-0.0,-0.0,-0.0,-0.0,-0.0,-0.0,-0.0,-0.0,-0.0,-0.0,-0.0,-0.0,-0.0,-0.0,-0.0,-0.0,-0.0,-0.0,-0.0,-0.0,-0.0,-0.0,-0.0,-0.0,-0.0,-0.0,-0.0,-0.0,-0.0,-0.0,-0.0,-0.0,-0.0,-0.0,-0.0,-0.0,-0.0,-0.0,-0.0,-0.0,-0.0,-0.0,-0.0,-0.0,-0.0,-0.0,-0.0,-0.0,-0.0,-0.0,-0.0,-0.0,-0.0,-0.0,-0.0,-0.0,-0.0,-0.0,-0.0,-0.0,-0.0,-0.0,-0.0,-0.0,-0.0,-0.0,-0.0,-0.0,-0.0,-0.0,-0.0,-0.0,-0.0,-0.0,-0.0,-0.0,-0.0,-0.0,-0.0,-0.0,-0.0,-0.0,-0.0,-0.0,-0.0,-0.0,-0.0,-0.0,-0.0,-0.0,-0.0,-0.0,-0.0,-0.0,-0.0,-0.0,-0.0,-0.0,-0.0,-0.0,-0.0,-0.0,-0.0
2017-05-31 20:35:00+02:00,-0.0,-0.0,-0.0,-0.0,-0.0,-0.0,-0.0,-0.0,-0.0,-0.0,-0.0,-0.0,-0.0,-0.0,-0.0,-0.0,-0.0,-0.0,-0.0,-0.0,-0.0,-0.0,-0.0,-0.0,-0.0,-0.0,-0.0,-0.0,-0.0,-0.0,-0.0,-0.0,-0.0,-0.0,-0.0,-0.0,-0.0,-0.0,-0.0,-0.0,-0.0,-0.0,-0.0,-0.0,-0.0,-0.0,-0.0,-0.0,-0.0,-0.0,-0.0,-0.0,-0.0,-0.0,-0.0,-0.0,-0.0,-0.0,-0.0,-0.0,-0.0,-0.0,-0.0,-0.0,-0.0,-0.0,-0.0,-0.0,-0.0,-0.0,-0.0,-0.0,-0.0,-0.0,-0.0,-0.0,-0.0,-0.0,-0.0,-0.0,-0.0,-0.0,-0.0,-0.0,-0.0,-0.0,-0.0,-0.0,-0.0,-0.0,-0.0,-0.0,-0.0,-0.0,-0.0,-0.0,-0.0,-0.0,-0.0,-0.0,-0.0,-0.0,-0.0,-0.0,-0.0,-0.0,-0.0,-0.0,-0.0,-0.0,-0.0,-0.0,-0.0,-0.0,-0.0,-0.0,-0.0,-0.0
2017-05-31 20:36:00+02:00,-0.0,-0.0,-0.0,-0.0,-0.0,-0.0,-0.0,-0.0,-0.0,-0.0,-0.0,-0.0,-0.0,-0.0,-0.0,-0.0,-0.0,-0.0,-0.0,-0.0,-0.0,-0.0,-0.0,-0.0,-0.0,-0.0,-0.0,-0.0,-0.0,-0.0,-0.0,-0.0,-0.0,-0.0,-0.0,-0.0,-0.0,-0.0,-0.0,-0.0,-0.0,-0.0,-0.0,-0.0,-0.0,-0.0,-0.0,-0.0,-0.0,-0.0,-0.0,-0.0,-0.0,-0.0,-0.0,-0.0,-0.0,-0.0,-0.0,-0.0,-0.0,-0.0,-0.0,-0.0,-0.0,-0.0,-0.0,-0.0,-0.0,-0.0,-0.0,-0.0,-0.0,-0.0,-0.0,-0.0,-0.0,-0.0,-0.0,-0.0,-0.0,-0.0,-0.0,-0.0,-0.0,-0.0,-0.0,-0.0,-0.0,-0.0,-0.0,-0.0,-0.0,-0.0,-0.0,-0.0,-0.0,-0.0,-0.0,-0.0,-0.0,-0.0,-0.0,-0.0,-0.0,-0.0,-0.0,-0.0,-0.0,-0.0,-0.0,-0.0,-0.0,-0.0,-0.0,-0.0,-0.0,-0.0
2017-05-31 20:37:00+02:00,-0.0,-0.0,-0.0,-0.0,-0.0,-0.0,-0.0,-0.0,-0.0,-0.0,-0.0,-0.0,-0.0,-0.0,-0.0,-0.0,-0.0,-0.0,-0.0,-0.0,-0.0,-0.0,-0.0,-0.0,-0.0,-0.0,-0.0,-0.0,-0.0,-0.0,-0.0,-0.0,-0.0,-0.0,-0.0,-0.0,-0.0,-0.0,-0.0,-0.0,-0.0,-0.0,-0.0,-0.0,-0.0,-0.0,-0.0,-0.0,-0.0,-0.0,-0.0,-0.0,-0.0,-0.0,-0.0,-0.0,-0.0,-0.0,-0.0,-0.0,-0.0,-0.0,-0.0,-0.0,-0.0,-0.0,-0.0,-0.0,-0.0,-0.0,-0.0,-0.0,-0.0,-0.0,-0.0,-0.0,-0.0,-0.0,-0.0,-0.0,-0.0,-0.0,-0.0,-0.0,-0.0,-0.0,-0.0,-0.0,-0.0,-0.0,-0.0,-0.0,-0.0,-0.0,-0.0,-0.0,-0.0,-0.0,-0.0,-0.0,-0.0,-0.0,-0.0,-0.0,-0.0,-0.0,-0.0,-0.0,-0.0,-0.0,-0.0,-0.0,-0.0,-0.0,-0.0,-0.0,-0.0,-0.0
2017-05-31 20:38:00+02:00,-0.0,-0.0,-0.0,-0.0,-0.0,-0.0,-0.0,-0.0,-0.0,-0.0,-0.0,-0.0,-0.0,-0.0,-0.0,-0.0,-0.0,-0.0,-0.0,-0.0,-0.0,-0.0,-0.0,-0.0,-0.0,-0.0,-0.0,-0.0,-0.0,-0.0,-0.0,-0.0,-0.0,-0.0,-0.0,-0.0,-0.0,-0.0,-0.0,-0.0,-0.0,-0.0,-0.0,-0.0,-0.0,-0.0,-0.0,-0.0,-0.0,-0.0,-0.0,-0.0,-0.0,-0.0,-0.0,-0.0,-0.0,-0.0,-0.0,-0.0,-0.0,-0.0,-0.0,-0.0,-0.0,-0.0,-0.0,-0.0,-0.0,-0.0,-0.0,-0.0,-0.0,-0.0,-0.0,-0.0,-0.0,-0.0,-0.0,-0.0,-0.0,-0.0,-0.0,-0.0,-0.0,-0.0,-0.0,-0.0,-0.0,-0.0,-0.0,-0.0,-0.0,-0.0,-0.0,-0.0,-0.0,-0.0,-0.0,-0.0,-0.0,-0.0,-0.0,-0.0,-0.0,-0.0,-0.0,-0.0,-0.0,-0.0,-0.0,-0.0,-0.0,-0.0,-0.0,-0.0,-0.0,-0.0
2017-05-31 20:39:00+02:00,-0.0,-0.0,-0.0,-0.0,-0.0,-0.0,-0.0,-0.0,-0.0,-0.0,-0.0,-0.0,-0.0,-0.0,-0.0,-0.0,-0.0,-0.0,-0.0,-0.0,-0.0,-0.0,-0.0,-0.0,-0.0,-0.0,-0.0,-0.0,-0.0,-0.0,-0.0,-0.0,-0.0,-0.0,-0.0,-0.0,-0.0,-0.0,-0.0,-0.0,-0.0,-0.0,-0.0,-0.0,-0.0,-0.0,-0.0,-0.0,-0.0,-0.0,-0.0,-0.0,-0.0,-0.0,-0.0,-0.0,-0.0,-0.0,-0.0,-0.0,-0.0,-0.0,-0.0,-0.0,-0.0,-0.0,-0.0,-0.0,-0.0,-0.0,-0.0,-0.0,-0.0,-0.0,-0.0,-0.0,-0.0,-0.0,-0.0,-0.0,-0.0,-0.0,-0.0,-0.0,-0.0,-0.0,-0.0,-0.0,-0.0,-0.0,-0.0,-0.0,-0.0,-0.0,-0.0,-0.0,-0.0,-0.0,-0.0,-0.0,-0.0,-0.0,-0.0,-0.0,-0.0,-0.0,-0.0,-0.0,-0.0,-0.0,-0.0,-0.0,-0.0,-0.0,-0.0,-0.0,-0.0,-0.0
2017-05-31 20:40:00+02:00,-0.0,-0.0,-0.0,-0.0,-0.0,-0.0,-0.0,-0.0,-0.0,-0.0,-0.0,-0.0,-0.0,-0.0,-0.0,-0.0,-0.0,-0.0,-0.0,-0.0,-0.0,-0.0,-0.0,-0.0,-0.0,-0.0,-0.0,-0.0,-0.0,-0.0,-0.0,-0.0,-0.0,-0.0,-0.0,-0.0,-0.0,-0.0,-0.0,-0.0,-0.0,-0.0,-0.0,-0.0,-0.0,-0.0,-0.0,-0.0,-0.0,-0.0,-0.0,-0.0,-0.0,-0.0,-0.0,-0.0,-0.0,-0.0,-0.0,-0.0,-0.0,-0.0,-0.0,-0.0,-0.0,-0.0,-0.0,-0.0,-0.0,-0.0,-0.0,-0.0,-0.0,-0.0,-0.0,-0.0,-0.0,-0.0,-0.0,-0.0,-0.0,-0.0,-0.0,-0.0,-0.0,-0.0,-0.0,-0.0,-0.0,-0.0,-0.0,-0.0,-0.0,-0.0,-0.0,-0.0,-0.0,-0.0,-0.0,-0.0,-0.0,-0.0,-0.0,-0.0,-0.0,-0.0,-0.0,-0.0,-0.0,-0.0,-0.0,-0.0,-0.0,-0.0,-0.0,-0.0,-0.0,-0.0
2017-05-31 20:41:00+02:00,-0.0,-0.0,-0.0,-0.0,-0.0,-0.0,-0.0,-0.0,-0.0,-0.0,-0.0,-0.0,-0.0,-0.0,-0.0,-0.0,-0.0,-0.0,-0.0,-0.0,-0.0,-0.0,-0.0,-0.0,-0.0,-0.0,-0.0,-0.0,-0.0,-0.0,-0.0,-0.0,-0.0,-0.0,-0.0,-0.0,-0.0,-0.0,-0.0,-0.0,-0.0,-0.0,-0.0,-0.0,-0.0,-0.0,-0.0,-0.0,-0.0,-0.0,-0.0,-0.0,-0.0,-0.0,-0.0,-0.0,-0.0,-0.0,-0.0,-0.0,-0.0,-0.0,-0.0,-0.0,-0.0,-0.0,-0.0,-0.0,-0.0,-0.0,-0.0,-0.0,-0.0,-0.0,-0.0,-0.0,-0.0,-0.0,-0.0,-0.0,-0.0,-0.0,-0.0,-0.0,-0.0,-0.0,-0.0,-0.0,-0.0,-0.0,-0.0,-0.0,-0.0,-0.0,-0.0,-0.0,-0.0,-0.0,-0.0,-0.0,-0.0,-0.0,-0.0,-0.0,-0.0,-0.0,-0.0,-0.0,-0.0,-0.0,-0.0,-0.0,-0.0,-0.0,-0.0,-0.0,-0.0,-0.0
2017-05-31 20:42:00+02:00,-0.0,-0.0,-0.0,-0.0,-0.0,-0.0,-0.0,-0.0,-0.0,-0.0,-0.0,-0.0,-0.0,-0.0,-0.0,-0.0,-0.0,-0.0,-0.0,-0.0,-0.0,-0.0,-0.0,-0.0,-0.0,-0.0,-0.0,-0.0,-0.0,-0.0,-0.0,-0.0,-0.0,-0.0,-0.0,-0.0,-0.0,-0.0,-0.0,-0.0,-0.0,-0.0,-0.0,-0.0,-0.0,-0.0,-0.0,-0.0,-0.0,-0.0,-0.0,-0.0,-0.0,-0.0,-0.0,-0.0,-0.0,-0.0,-0.0,-0.0,-0.0,-0.0,-0.0,-0.0,-0.0,-0.0,-0.0,-0.0,-0.0,-0.0,-0.0,-0.0,-0.0,-0.0,-0.0,-0.0,-0.0,-0.0,-0.0,-0.0,-0.0,-0.0,-0.0,-0.0,-0.0,-0.0,-0.0,-0.0,-0.0,-0.0,-0.0,-0.0,-0.0,-0.0,-0.0,-0.0,-0.0,-0.0,-0.0,-0.0,-0.0,-0.0,-0.0,-0.0,-0.0,-0.0,-0.0,-0.0,-0.0,-0.0,-0.0,-0.0,-0.0,-0.0,-0.0,-0.0,-0.0,-0.0
2017-05-31 20:43:00+02:00,-0.0,-0.0,-0.0,-0.0,-0.0,-0.0,-0.0,-0.0,-0.0,-0.0,-0.0,-0.0,-0.0,-0.0,-0.0,-0.0,-0.0,-0.0,-0.0,-0.0,-0.0,-0.0,-0.0,-0.0,-0.0,-0.0,-0.0,-0.0,-0.0,-0.0,-0.0,-0.0,-0.0,-0.0,-0.0,-0.0,-0.0,-0.0,-0.0,-0.0,-0.0,-0.0,-0.0,-0.0,-0.0,-0.0,-0.0,-0.0,-0.0,-0.0,-0.0,-0.0,-0.0,-0.0,-0.0,-0.0,-0.0,-0.0,-0.0,-0.0,-0.0,-0.0,-0.0,-0.0,-0.0,-0.0,-0.0,-0.0,-0.0,-0.0,-0.0,-0.0,-0.0,-0.0,-0.0,-0.0,-0.0,-0.0,-0.0,-0.0,-0.0,-0.0,-0.0,-0.0,-0.0,-0.0,-0.0,-0.0,-0.0,-0.0,-0.0,-0.0,-0.0,-0.0,-0.0,-0.0,-0.0,-0.0,-0.0,-0.0,-0.0,-0.0,-0.0,-0.0,-0.0,-0.0,-0.0,-0.0,-0.0,-0.0,-0.0,-0.0,-0.0,-0.0,-0.0,-0.0,-0.0,-0.0
2017-05-31 20:44:00+02:00,-0.0,-0.0,-0.0,-0.0,-0.0,-0.0,-0.0,-0.0,-0.0,-0.0,-0.0,-0.0,-0.0,-0.0,-0.0,-0.0,-0.0,-0.0,-0.0,-0.0,-0.0,-0.0,-0.0,-0.0,-0.0,-0.0,-0.0,-0.0,-0.0,-0.0,-0.0,-0.0,-0.0,-0.0,-0.0,-0.0,-0.0,-0.0,-0.0,-0.0,-0.0,-0.0,-0.0,-0.0,-0.0,-0.0,-0.0,-0.0,-0.0,-0.0,-0.0,-0.0,-0.0,-0.0,-0.0,-0.0,-0.0,-0.0,-0.0,-0.0,-0.0,-0.0,-0.0,-0.0,-0.0,-0.0,-0.0,-0.0,-0.0,-0.0,-0.0,-0.0,-0.0,-0.0,-0.0,-0.0,-0.0,-0.0,-0.0,-0.0,-0.0,-0.0,-0.0,-0.0,-0.0,-0.0,-0.0,-0.0,-0.0,-0.0,-0.0,-0.0,-0.0,-0.0,-0.0,-0.0,-0.0,-0.0,-0.0,-0.0,-0.0,-0.0,-0.0,-0.0,-0.0,-0.0,-0.0,-0.0,-0.0,-0.0,-0.0,-0.0,-0.0,-0.0,-0.0,-0.0,-0.0,-0.0
2017-05-31 20:45:00+02:00,-0.0,-0.0,-0.0,-0.0,-0.0,-0.0,-0.0,-0.0,-0.0,-0.0,-0.0,-0.0,-0.0,-0.0,-0.0,-0.0,-0.0,-0.0,-0.0,-0.0,-0.0,-0.0,-0.0,-0.0,-0.0,-0.0,-0.0,-0.0,-0.0,-0.0,-0.0,-0.0,-0.0,-0.0,-0.0,-0.0,-0.0,-0.0,-0.0,-0.0,-0.0,-0.0,-0.0,-0.0,-0.0,-0.0,-0.0,-0.0,-0.0,-0.0,-0.0,-0.0,-0.0,-0.0,-0.0,-0.0,-0.0,-0.0,-0.0,-0.0,-0.0,-0.0,-0.0,-0.0,-0.0,-0.0,-0.0,-0.0,-0.0,-0.0,-0.0,-0.0,-0.0,-0.0,-0.0,-0.0,-0.0,-0.0,-0.0,-0.0,-0.0,-0.0,-0.0,-0.0,-0.0,-0.0,-0.0,-0.0,-0.0,-0.0,-0.0,-0.0,-0.0,-0.0,-0.0,-0.0,-0.0,-0.0,-0.0,-0.0,-0.0,-0.0,-0.0,-0.0,-0.0,-0.0,-0.0,-0.0,-0.0,-0.0,-0.0,-0.0,-0.0,-0.0,-0.0,-0.0,-0.0,-0.0
2017-05-31 20:46:00+02:00,0.0,-0.0,-0.0,-0.0,-0.0,-0.0,0.0,0.0,0.0,0.0,0.0,0.0,0.0,0.0,0.0,-0.0,-0.0,-0.0,-0.0,-0.0,0.0,-0.0,-0.0,-0.0,-0.0,-0.0,0.0,0.0,0.0,0.0,0.0,0.0,0.0,0.0,0.0,-0.0,-0.0,-0.0,-0.0,-0.0,0.0,-0.0,-0.0,-0.0,-0.0,-0.0,0.0,0.0,0.0,0.0,0.0,0.0,0.0,0.0,0.0,-0.0,-0.0,-0.0,-0.0,-0.0,0.0,-0.0,-0.0,-0.0,-0.0,-0.0,0.0,0.0,0.0,0.0,0.0,0.0,0.0,0.0,0.0,-0.0,-0.0,-0.0,-0.0,-0.0,0.0,-0.0,-0.0,-0.0,-0.0,-0.0,0.0,0.0,0.0,0.0,0.0,0.0,0.0,0.0,0.0,-0.0,-0.0,-0.0,-0.0,-0.0,0.0,-0.0,0.0,0.0,0.0,-0.0,0.0,-0.0,-0.0,-0.0,0.0,0.0,0.0,-0.0,-0.0,-0.0,-0.0,0.0
2017-05-31 20:47:00+02:00,0.0,-0.0,-0.0,-0.0,-0.0,0.0,0.0,0.0,0.0,0.0,0.0,0.0,0.0,0.0,0.0,0.0,0.0,0.0,0.0,0.0,0.0,-0.0,-0.0,-0.0,-0.0,0.0,0.0,0.0,0.0,0.0,0.0,0.0,0.0,0.0,0.0,0.0,0.0,0.0,0.0,0.0,0.0,-0.0,-0.0,-0.0,-0.0,0.0,0.0,0.0,0.0,0.0,0.0,0.0,0.0,0.0,0.0,0.0,0.0,0.0,0.0,0.0,0.0,-0.0,-0.0,-0.0,-0.0,0.0,0.0,0.0,0.0,0.0,0.0,0.0,0.0,0.0,0.0,0.0,0.0,0.0,0.0,0.0,0.0,-0.0,-0.0,-0.0,-0.0,0.0,0.0,0.0,0.0,0.0,0.0,0.0,0.0,0.0,0.0,0.0,0.0,0.0,0.0,0.0,0.0,-0.0,0.0,0.0,0.0,0.0,0.0,0.0,0.0,0.0,0.0,0.0,0.0,0.0,0.0,0.0,0.0,0.0
2017-05-31 20:48:00+02:00,0.0,0.0,0.0,0.0,0.0,0.0,0.0,0.0,0.0,0.0,0.0,0.0,0.0,0.0,0.0,0.0,0.0,0.0,0.0,0.0,0.0,0.0,0.0,0.0,0.0,0.0,0.0,0.0,0.0,0.0,0.0,0.0,0.0,0.0,0.0,0.0,0.0,0.0,0.0,0.0,0.0,0.0,0.0,0.0,0.0,0.0,0.0,0.0,0.0,0.0,0.0,0.0,0.0,0.0,0.0,0.0,0.0,0.0,0.0,0.0,0.0,0.0,0.0,0.0,0.0,0.0,0.0,0.0,0.0,0.0,0.0,0.0,0.0,0.0,0.0,0.0,0.0,0.0,0.0,0.0,0.0,0.0,0.0,0.0,0.0,0.0,0.0,0.0,0.0,0.0,0.0,0.0,0.0,0.0,0.0,0.0,0.0,0.0,0.0,0.0,0.0,0.0,0.0,0.0,0.0,0.0,0.0,0.0,0.0,0.0,0.0,0.0,0.0,0.0,0.0,0.0,0.0,0.0
2017-05-31 20:49:00+02:00,0.0,0.0,0.0,0.0,0.0,0.0,0.0,0.0,0.0,0.0,0.0,0.0,0.0,0.0,0.0,0.0,0.0,0.0,0.0,0.0,0.0,0.0,0.0,0.0,0.0,0.0,0.0,0.0,0.0,0.0,0.0,0.0,0.0,0.0,0.0,0.0,0.0,0.0,0.0,0.0,0.0,0.0,0.0,0.0,0.0,0.0,0.0,0.0,0.0,0.0,0.0,0.0,0.0,0.0,0.0,0.0,0.0,0.0,0.0,0.0,0.0,0.0,0.0,0.0,0.0,0.0,0.0,0.0,0.0,0.0,0.0,0.0,0.0,0.0,0.0,0.0,0.0,0.0,0.0,0.0,0.0,0.0,0.0,0.0,0.0,0.0,0.0,0.0,0.0,0.0,0.0,0.0,0.0,0.0,0.0,0.0,0.0,0.0,0.0,0.0,0.0,0.0,0.0,0.0,0.0,0.0,0.0,0.0,0.0,0.0,0.0,0.0,0.0,0.0,0.0,0.0,0.0,0.0
2017-05-31 20:50:00+02:00,0.0,0.0,0.0,0.0,0.0,0.0,0.0,0.0,0.0,0.0,0.0,0.0,0.0,0.0,0.0,0.0,0.0,0.0,0.0,0.0,0.0,0.0,0.0,0.0,0.0,0.0,0.0,0.0,0.0,0.0,0.0,0.0,0.0,0.0,0.0,0.0,0.0,0.0,0.0,0.0,0.0,0.0,0.0,0.0,0.0,0.0,0.0,0.0,0.0,0.0,0.0,0.0,0.0,0.0,0.0,0.0,0.0,0.0,0.0,0.0,0.0,0.0,0.0,0.0,0.0,0.0,0.0,0.0,0.0,0.0,0.0,0.0,0.0,0.0,0.0,0.0,0.0,0.0,0.0,0.0,0.0,0.0,0.0,0.0,0.0,0.0,0.0,0.0,0.0,0.0,0.0,0.0,0.0,0.0,0.0,0.0,0.0,0.0,0.0,0.0,0.0,0.0,0.0,0.0,0.0,0.0,0.0,0.0,0.0,0.0,0.0,0.0,0.0,0.0,0.0,0.0,0.0,0.0
2017-05-31 20:51:00+02:00,0.0,0.0,0.0,0.0,0.0,0.0,0.0,0.0,0.0,0.0,0.0,0.0,0.0,0.0,0.0,0.0,0.0,0.0,0.0,0.0,0.0,0.0,0.0,0.0,0.0,0.0,0.0,0.0,0.0,0.0,0.0,0.0,0.0,0.0,0.0,0.0,0.0,0.0,0.0,0.0,0.0,0.0,0.0,0.0,0.0,0.0,0.0,0.0,0.0,0.0,0.0,0.0,0.0,0.0,0.0,0.0,0.0,0.0,0.0,0.0,0.0,0.0,0.0,0.0,0.0,0.0,0.0,0.0,0.0,0.0,0.0,0.0,0.0,0.0,0.0,0.0,0.0,0.0,0.0,0.0,0.0,0.0,0.0,0.0,0.0,0.0,0.0,0.0,0.0,0.0,0.0,0.0,0.0,0.0,0.0,0.0,0.0,0.0,0.0,0.0,0.0,0.0,0.0,0.0,0.0,0.0,0.0,0.0,0.0,0.0,0.0,0.0,0.0,0.0,0.0,0.0,0.0,0.0
2017-05-31 20:52:00+02:00,0.0,0.0,0.0,0.0,0.0,0.0,0.0,0.0,0.0,0.0,0.0,0.0,0.0,0.0,0.0,0.0,0.0,0.0,0.0,0.0,0.0,0.0,0.0,0.0,0.0,0.0,0.0,0.0,0.0,0.0,0.0,0.0,0.0,0.0,0.0,0.0,0.0,0.0,0.0,0.0,0.0,0.0,0.0,0.0,0.0,0.0,0.0,0.0,0.0,0.0,0.0,0.0,0.0,0.0,0.0,0.0,0.0,0.0,0.0,0.0,0.0,0.0,0.0,0.0,0.0,0.0,0.0,0.0,0.0,0.0,0.0,0.0,0.0,0.0,0.0,0.0,0.0,0.0,0.0,0.0,0.0,0.0,0.0,0.0,0.0,0.0,0.0,0.0,0.0,0.0,0.0,0.0,0.0,0.0,0.0,0.0,0.0,0.0,0.0,0.0,0.0,0.0,0.0,0.0,0.0,0.0,0.0,0.0,0.0,0.0,0.0,0.0,0.0,0.0,0.0,0.0,0.0,0.0
2017-05-31 20:53:00+02:00,0.0,0.0,0.0,0.0,0.0,0.0,0.0,0.0,0.0,0.0,0.0,0.0,0.0,0.0,0.0,0.0,0.0,0.0,0.0,0.0,0.0,0.0,0.0,0.0,0.0,0.0,0.0,0.0,0.0,0.0,0.0,0.0,0.0,0.0,0.0,0.0,0.0,0.0,0.0,0.0,0.0,0.0,0.0,0.0,0.0,0.0,0.0,0.0,0.0,0.0,0.0,0.0,0.0,0.0,0.0,0.0,0.0,0.0,0.0,0.0,0.0,0.0,0.0,0.0,0.0,0.0,0.0,0.0,0.0,0.0,0.0,0.0,0.0,0.0,0.0,0.0,0.0,0.0,0.0,0.0,0.0,0.0,0.0,0.0,0.0,0.0,0.0,0.0,0.0,0.0,0.0,0.0,0.0,0.0,0.0,0.0,0.0,0.0,0.0,0.0,0.0,0.0,0.0,0.0,0.0,0.0,0.0,0.0,0.0,0.0,0.0,0.0,0.0,0.0,0.0,0.0,0.0,0.0
2017-05-31 20:54:00+02:00,0.0,0.0,0.0,0.0,0.0,0.0,0.0,0.0,0.0,0.0,0.0,0.0,0.0,0.0,0.0,0.0,0.0,0.0,0.0,0.0,0.0,0.0,0.0,0.0,0.0,0.0,0.0,0.0,0.0,0.0,0.0,0.0,0.0,0.0,0.0,0.0,0.0,0.0,0.0,0.0,0.0,0.0,0.0,0.0,0.0,0.0,0.0,0.0,0.0,0.0,0.0,0.0,0.0,0.0,0.0,0.0,0.0,0.0,0.0,0.0,0.0,0.0,0.0,0.0,0.0,0.0,0.0,0.0,0.0,0.0,0.0,0.0,0.0,0.0,0.0,0.0,0.0,0.0,0.0,0.0,0.0,0.0,0.0,0.0,0.0,0.0,0.0,0.0,0.0,0.0,0.0,0.0,0.0,0.0,0.0,0.0,0.0,0.0,0.0,0.0,0.0,0.0,0.0,0.0,0.0,0.0,0.0,0.0,0.0,0.0,0.0,0.0,0.0,0.0,0.0,0.0,0.0,0.0
2017-05-31 20:55:00+02:00,0.0,0.0,0.0,0.0,0.0,0.0,0.0,0.0,0.0,0.0,0.0,0.0,0.0,0.0,0.0,0.0,0.0,0.0,0.0,0.0,0.0,0.0,0.0,0.0,0.0,0.0,0.0,0.0,0.0,0.0,0.0,0.0,0.0,0.0,0.0,0.0,0.0,0.0,0.0,0.0,0.0,0.0,0.0,0.0,0.0,0.0,0.0,0.0,0.0,0.0,0.0,0.0,0.0,0.0,0.0,0.0,0.0,0.0,0.0,0.0,0.0,0.0,0.0,0.0,0.0,0.0,0.0,0.0,0.0,0.0,0.0,0.0,0.0,0.0,0.0,0.0,0.0,0.0,0.0,0.0,0.0,0.0,0.0,0.0,0.0,0.0,0.0,0.0,0.0,0.0,0.0,0.0,0.0,0.0,0.0,0.0,0.0,0.0,0.0,0.0,0.0,0.0,0.0,0.0,0.0,0.0,0.0,0.0,0.0,0.0,0.0,0.0,0.0,0.0,0.0,0.0,0.0,0.0
2017-05-31 20:56:00+02:00,0.0,0.0,0.0,0.0,0.0,0.0,0.0,0.0,0.0,0.0,0.0,0.0,0.0,0.0,0.0,0.0,0.0,0.0,0.0,0.0,0.0,0.0,0.0,0.0,0.0,0.0,0.0,0.0,0.0,0.0,0.0,0.0,0.0,0.0,0.0,0.0,0.0,0.0,0.0,0.0,0.0,0.0,0.0,0.0,0.0,0.0,0.0,0.0,0.0,0.0,0.0,0.0,0.0,0.0,0.0,0.0,0.0,0.0,0.0,0.0,0.0,0.0,0.0,0.0,0.0,0.0,0.0,0.0,0.0,0.0,0.0,0.0,0.0,0.0,0.0,0.0,0.0,0.0,0.0,0.0,0.0,0.0,0.0,0.0,0.0,0.0,0.0,0.0,0.0,0.0,0.0,0.0,0.0,0.0,0.0,0.0,0.0,0.0,0.0,0.0,0.0,0.0,0.0,0.0,0.0,0.0,0.0,0.0,0.0,0.0,0.0,0.0,0.0,0.0,0.0,0.0,0.0,0.0
2017-05-31 20:57:00+02:00,0.0,0.0,0.0,0.0,0.0,0.0,0.0,0.0,0.0,0.0,0.0,0.0,0.0,0.0,0.0,0.0,0.0,0.0,0.0,0.0,0.0,0.0,0.0,0.0,0.0,0.0,0.0,0.0,0.0,0.0,0.0,0.0,0.0,0.0,0.0,0.0,0.0,0.0,0.0,0.0,0.0,0.0,0.0,0.0,0.0,0.0,0.0,0.0,0.0,0.0,0.0,0.0,0.0,0.0,0.0,0.0,0.0,0.0,0.0,0.0,0.0,0.0,0.0,0.0,0.0,0.0,0.0,0.0,0.0,0.0,0.0,0.0,0.0,0.0,0.0,0.0,0.0,0.0,0.0,0.0,0.0,0.0,0.0,0.0,0.0,0.0,0.0,0.0,0.0,0.0,0.0,0.0,0.0,0.0,0.0,0.0,0.0,0.0,0.0,0.0,0.0,0.0,0.0,0.0,0.0,0.0,0.0,0.0,0.0,0.0,0.0,0.0,0.0,0.0,0.0,0.0,0.0,0.0
2017-05-31 20:58:00+02:00,0.0,0.0,0.0,0.0,0.0,0.0,0.0,0.0,0.0,0.0,0.0,0.0,0.0,0.0,0.0,0.0,0.0,0.0,0.0,0.0,0.0,0.0,0.0,0.0,0.0,0.0,0.0,0.0,0.0,0.0,0.0,0.0,0.0,0.0,0.0,0.0,0.0,0.0,0.0,0.0,0.0,0.0,0.0,0.0,0.0,0.0,0.0,0.0,0.0,0.0,0.0,0.0,0.0,0.0,0.0,0.0,0.0,0.0,0.0,0.0,0.0,0.0,0.0,0.0,0.0,0.0,0.0,0.0,0.0,0.0,0.0,0.0,0.0,0.0,0.0,0.0,0.0,0.0,0.0,0.0,0.0,0.0,0.0,0.0,0.0,0.0,0.0,0.0,0.0,0.0,0.0,0.0,0.0,0.0,0.0,0.0,0.0,0.0,0.0,0.0,0.0,0.0,0.0,0.0,0.0,0.0,0.0,0.0,0.0,0.0,0.0,0.0,0.0,0.0,0.0,0.0,0.0,0.0
2017-05-31 20:59:00+02:00,0.0,0.0,0.0,0.0,0.0,0.0,0.0,0.0,0.0,0.0,0.0,0.0,0.0,0.0,0.0,0.0,0.0,0.0,0.0,0.0,0.0,0.0,0.0,0.0,0.0,0.0,0.0,0.0,0.0,0.0,0.0,0.0,0.0,0.0,0.0,0.0,0.0,0.0,0.0,0.0,0.0,0.0,0.0,0.0,0.0,0.0,0.0,0.0,0.0,0.0,0.0,0.0,0.0,0.0,0.0,0.0,0.0,0.0,0.0,0.0,0.0,0.0,0.0,0.0,0.0,0.0,0.0,0.0,0.0,0.0,0.0,0.0,0.0,0.0,0.0,0.0,0.0,0.0,0.0,0.0,0.0,0.0,0.0,0.0,0.0,0.0,0.0,0.0,0.0,0.0,0.0,0.0,0.0,0.0,0.0,0.0,0.0,0.0,0.0,0.0,0.0,0.0,0.0,0.0,0.0,0.0,0.0,0.0,0.0,0.0,0.0,0.0,0.0,0.0,0.0,0.0,0.0,0.0
2017-05-31 21:00:00+02:00,0.0,0.0,0.0,0.0,0.0,0.0,0.0,0.0,0.0,0.0,0.0,0.0,0.0,0.0,0.0,0.0,0.0,0.0,0.0,0.0,0.0,0.0,0.0,0.0,0.0,0.0,0.0,0.0,0.0,0.0,0.0,0.0,0.0,0.0,0.0,0.0,0.0,0.0,0.0,0.0,0.0,0.0,0.0,0.0,0.0,0.0,0.0,0.0,0.0,0.0,0.0,0.0,0.0,0.0,0.0,0.0,0.0,0.0,0.0,0.0,0.0,0.0,0.0,0.0,0.0,0.0,0.0,0.0,0.0,0.0,0.0,0.0,0.0,0.0,0.0,0.0,0.0,0.0,0.0,0.0,0.0,0.0,0.0,0.0,0.0,0.0,0.0,0.0,0.0,0.0,0.0,0.0,0.0,0.0,0.0,0.0,0.0,0.0,0.0,0.0,0.0,0.0,0.0,0.0,0.0,0.0,0.0,0.0,0.0,0.0,0.0,0.0,0.0,0.0,0.0,0.0,0.0,0.0
2017-05-31 21:01:00+02:00,0.0,0.0,0.0,0.0,0.0,0.0,0.0,0.0,0.0,0.0,0.0,0.0,0.0,0.0,0.0,0.0,0.0,0.0,0.0,0.0,0.0,0.0,0.0,0.0,0.0,0.0,0.0,0.0,0.0,0.0,0.0,0.0,0.0,0.0,0.0,0.0,0.0,0.0,0.0,0.0,0.0,0.0,0.0,0.0,0.0,0.0,0.0,0.0,0.0,0.0,0.0,0.0,0.0,0.0,0.0,0.0,0.0,0.0,0.0,0.0,0.0,0.0,0.0,0.0,0.0,0.0,0.0,0.0,0.0,0.0,0.0,0.0,0.0,0.0,0.0,0.0,0.0,0.0,0.0,0.0,0.0,0.0,0.0,0.0,0.0,0.0,0.0,0.0,0.0,0.0,0.0,0.0,0.0,0.0,0.0,0.0,0.0,0.0,0.0,0.0,0.0,0.0,0.0,0.0,0.0,0.0,0.0,0.0,0.0,0.0,0.0,0.0,0.0,0.0,0.0,0.0,0.0,0.0
2017-05-31 21:02:00+02:00,0.0,0.0,0.0,0.0,0.0,0.0,0.0,0.0,0.0,0.0,0.0,0.0,0.0,0.0,0.0,0.0,0.0,0.0,0.0,0.0,0.0,0.0,0.0,0.0,0.0,0.0,0.0,0.0,0.0,0.0,0.0,0.0,0.0,0.0,0.0,0.0,0.0,0.0,0.0,0.0,0.0,0.0,0.0,0.0,0.0,0.0,0.0,0.0,0.0,0.0,0.0,0.0,0.0,0.0,0.0,0.0,0.0,0.0,0.0,0.0,0.0,0.0,0.0,0.0,0.0,0.0,0.0,0.0,0.0,0.0,0.0,0.0,0.0,0.0,0.0,0.0,0.0,0.0,0.0,0.0,0.0,0.0,0.0,0.0,0.0,0.0,0.0,0.0,0.0,0.0,0.0,0.0,0.0,0.0,0.0,0.0,0.0,0.0,0.0,0.0,0.0,0.0,0.0,0.0,0.0,0.0,0.0,0.0,0.0,0.0,0.0,0.0,0.0,0.0,0.0,0.0,0.0,0.0
2017-05-31 21:03:00+02:00,0.0,0.0,0.0,0.0,0.0,0.0,0.0,0.0,0.0,0.0,0.0,0.0,0.0,0.0,0.0,0.0,0.0,0.0,0.0,0.0,0.0,0.0,0.0,0.0,0.0,0.0,0.0,0.0,0.0,0.0,0.0,0.0,0.0,0.0,0.0,0.0,0.0,0.0,0.0,0.0,0.0,0.0,0.0,0.0,0.0,0.0,0.0,0.0,0.0,0.0,0.0,0.0,0.0,0.0,0.0,0.0,0.0,0.0,0.0,0.0,0.0,0.0,0.0,0.0,0.0,0.0,0.0,0.0,0.0,0.0,0.0,0.0,0.0,0.0,0.0,0.0,0.0,0.0,0.0,0.0,0.0,0.0,0.0,0.0,0.0,0.0,0.0,0.0,0.0,0.0,0.0,0.0,0.0,0.0,0.0,0.0,0.0,0.0,0.0,0.0,0.0,0.0,0.0,0.0,0.0,0.0,0.0,0.0,0.0,0.0,0.0,0.0,0.0,0.0,0.0,0.0,0.0,0.0
2017-05-31 21:04:00+02:00,0.0,0.0,0.0,0.0,0.0,0.0,0.0,0.0,0.0,0.0,0.0,0.0,0.0,0.0,0.0,0.0,0.0,0.0,0.0,0.0,0.0,0.0,0.0,0.0,0.0,0.0,0.0,0.0,0.0,0.0,0.0,0.0,0.0,0.0,0.0,0.0,0.0,0.0,0.0,0.0,0.0,0.0,0.0,0.0,0.0,0.0,0.0,0.0,0.0,0.0,0.0,0.0,0.0,0.0,0.0,0.0,0.0,0.0,0.0,0.0,0.0,0.0,0.0,0.0,0.0,0.0,0.0,0.0,0.0,0.0,0.0,0.0,0.0,0.0,0.0,0.0,0.0,0.0,0.0,0.0,0.0,0.0,0.0,0.0,0.0,0.0,0.0,0.0,0.0,0.0,0.0,0.0,0.0,0.0,0.0,0.0,0.0,0.0,0.0,0.0,0.0,0.0,0.0,0.0,0.0,0.0,0.0,0.0,0.0,0.0,0.0,0.0,0.0,0.0,0.0,0.0,0.0,0.0
2017-05-31 21:05:00+02:00,0.0,0.0,0.0,0.0,0.0,0.0,0.0,0.0,0.0,0.0,0.0,0.0,0.0,0.0,0.0,0.0,0.0,0.0,0.0,0.0,0.0,0.0,0.0,0.0,0.0,0.0,0.0,0.0,0.0,0.0,0.0,0.0,0.0,0.0,0.0,0.0,0.0,0.0,0.0,0.0,0.0,0.0,0.0,0.0,0.0,0.0,0.0,0.0,0.0,0.0,0.0,0.0,0.0,0.0,0.0,0.0,0.0,0.0,0.0,0.0,0.0,0.0,0.0,0.0,0.0,0.0,0.0,0.0,0.0,0.0,0.0,0.0,0.0,0.0,0.0,0.0,0.0,0.0,0.0,0.0,0.0,0.0,0.0,0.0,0.0,0.0,0.0,0.0,0.0,0.0,0.0,0.0,0.0,0.0,0.0,0.0,0.0,0.0,0.0,0.0,0.0,0.0,0.0,0.0,0.0,0.0,0.0,0.0,0.0,0.0,0.0,0.0,0.0,0.0,0.0,0.0,0.0,0.0
2017-05-31 21:06:00+02:00,0.0,0.0,0.0,0.0,0.0,0.0,0.0,0.0,0.0,0.0,0.0,0.0,0.0,0.0,0.0,0.0,0.0,0.0,0.0,0.0,0.0,0.0,0.0,0.0,0.0,0.0,0.0,0.0,0.0,0.0,0.0,0.0,0.0,0.0,0.0,0.0,0.0,0.0,0.0,0.0,0.0,0.0,0.0,0.0,0.0,0.0,0.0,0.0,0.0,0.0,0.0,0.0,0.0,0.0,0.0,0.0,0.0,0.0,0.0,0.0,0.0,0.0,0.0,0.0,0.0,0.0,0.0,0.0,0.0,0.0,0.0,0.0,0.0,0.0,0.0,0.0,0.0,0.0,0.0,0.0,0.0,0.0,0.0,0.0,0.0,0.0,0.0,0.0,0.0,0.0,0.0,0.0,0.0,0.0,0.0,0.0,0.0,0.0,0.0,0.0,0.0,0.0,0.0,0.0,0.0,0.0,0.0,0.0,0.0,0.0,0.0,0.0,0.0,0.0,0.0,0.0,0.0,0.0
2017-05-31 21:07:00+02:00,0.0,0.0,0.0,0.0,0.0,0.0,0.0,0.0,0.0,0.0,0.0,0.0,0.0,0.0,0.0,0.0,0.0,0.0,0.0,0.0,0.0,0.0,0.0,0.0,0.0,0.0,0.0,0.0,0.0,0.0,0.0,0.0,0.0,0.0,0.0,0.0,0.0,0.0,0.0,0.0,0.0,0.0,0.0,0.0,0.0,0.0,0.0,0.0,0.0,0.0,0.0,0.0,0.0,0.0,0.0,0.0,0.0,0.0,0.0,0.0,0.0,0.0,0.0,0.0,0.0,0.0,0.0,0.0,0.0,0.0,0.0,0.0,0.0,0.0,0.0,0.0,0.0,0.0,0.0,0.0,0.0,0.0,0.0,0.0,0.0,0.0,0.0,0.0,0.0,0.0,0.0,0.0,0.0,0.0,0.0,0.0,0.0,0.0,0.0,0.0,0.0,0.0,0.0,0.0,0.0,0.0,0.0,0.0,0.0,0.0,0.0,0.0,0.0,0.0,0.0,0.0,0.0,0.0
2017-05-31 21:08:00+02:00,0.0,0.0,0.0,0.0,0.0,0.0,0.0,0.0,0.0,0.0,0.0,0.0,0.0,0.0,0.0,0.0,0.0,0.0,0.0,0.0,0.0,0.0,0.0,0.0,0.0,0.0,0.0,0.0,0.0,0.0,0.0,0.0,0.0,0.0,0.0,0.0,0.0,0.0,0.0,0.0,0.0,0.0,0.0,0.0,0.0,0.0,0.0,0.0,0.0,0.0,0.0,0.0,0.0,0.0,0.0,0.0,0.0,0.0,0.0,0.0,0.0,0.0,0.0,0.0,0.0,0.0,0.0,0.0,0.0,0.0,0.0,0.0,0.0,0.0,0.0,0.0,0.0,0.0,0.0,0.0,0.0,0.0,0.0,0.0,0.0,0.0,0.0,0.0,0.0,0.0,0.0,0.0,0.0,0.0,0.0,0.0,0.0,0.0,0.0,0.0,0.0,0.0,0.0,0.0,0.0,0.0,0.0,0.0,0.0,0.0,0.0,0.0,0.0,0.0,0.0,0.0,0.0,0.0
2017-05-31 21:09:00+02:00,0.0,0.0,0.0,0.0,0.0,0.0,0.0,0.0,0.0,0.0,0.0,0.0,0.0,0.0,0.0,0.0,0.0,0.0,0.0,0.0,0.0,0.0,0.0,0.0,0.0,0.0,0.0,0.0,0.0,0.0,0.0,0.0,0.0,0.0,0.0,0.0,0.0,0.0,0.0,0.0,0.0,0.0,0.0,0.0,0.0,0.0,0.0,0.0,0.0,0.0,0.0,0.0,0.0,0.0,0.0,0.0,0.0,0.0,0.0,0.0,0.0,0.0,0.0,0.0,0.0,0.0,0.0,0.0,0.0,0.0,0.0,0.0,0.0,0.0,0.0,0.0,0.0,0.0,0.0,0.0,0.0,0.0,0.0,0.0,0.0,0.0,0.0,0.0,0.0,0.0,0.0,0.0,0.0,0.0,0.0,0.0,0.0,0.0,0.0,0.0,0.0,0.0,0.0,0.0,0.0,0.0,0.0,0.0,0.0,0.0,0.0,0.0,0.0,0.0,0.0,0.0,0.0,0.0
2017-05-31 21:10:00+02:00,0.0,0.0,0.0,0.0,0.0,0.0,0.0,0.0,0.0,0.0,0.0,0.0,0.0,0.0,0.0,0.0,0.0,0.0,0.0,0.0,0.0,0.0,0.0,0.0,0.0,0.0,0.0,0.0,0.0,0.0,0.0,0.0,0.0,0.0,0.0,0.0,0.0,0.0,0.0,0.0,0.0,0.0,0.0,0.0,0.0,0.0,0.0,0.0,0.0,0.0,0.0,0.0,0.0,0.0,0.0,0.0,0.0,0.0,0.0,0.0,0.0,0.0,0.0,0.0,0.0,0.0,0.0,0.0,0.0,0.0,0.0,0.0,0.0,0.0,0.0,0.0,0.0,0.0,0.0,0.0,0.0,0.0,0.0,0.0,0.0,0.0,0.0,0.0,0.0,0.0,0.0,0.0,0.0,0.0,0.0,0.0,0.0,0.0,0.0,0.0,0.0,0.0,0.0,0.0,0.0,0.0,0.0,0.0,0.0,0.0,0.0,0.0,0.0,0.0,0.0,0.0,0.0,0.0
2017-05-31 21:11:00+02:00,0.0,0.0,0.0,0.0,0.0,0.0,0.0,0.0,0.0,0.0,0.0,0.0,0.0,0.0,0.0,0.0,0.0,0.0,0.0,0.0,0.0,0.0,0.0,0.0,0.0,0.0,0.0,0.0,0.0,0.0,0.0,0.0,0.0,0.0,0.0,0.0,0.0,0.0,0.0,0.0,0.0,0.0,0.0,0.0,0.0,0.0,0.0,0.0,0.0,0.0,0.0,0.0,0.0,0.0,0.0,0.0,0.0,0.0,0.0,0.0,0.0,0.0,0.0,0.0,0.0,0.0,0.0,0.0,0.0,0.0,0.0,0.0,0.0,0.0,0.0,0.0,0.0,0.0,0.0,0.0,0.0,0.0,0.0,0.0,0.0,0.0,0.0,0.0,0.0,0.0,0.0,0.0,0.0,0.0,0.0,0.0,0.0,0.0,0.0,0.0,0.0,0.0,0.0,0.0,0.0,0.0,0.0,0.0,0.0,0.0,0.0,0.0,0.0,0.0,0.0,0.0,0.0,0.0
2017-05-31 21:12:00+02:00,0.0,0.0,0.0,0.0,0.0,0.0,0.0,0.0,0.0,0.0,0.0,0.0,0.0,0.0,0.0,0.0,0.0,0.0,0.0,0.0,0.0,0.0,0.0,0.0,0.0,0.0,0.0,0.0,0.0,0.0,0.0,0.0,0.0,0.0,0.0,0.0,0.0,0.0,0.0,0.0,0.0,0.0,0.0,0.0,0.0,0.0,0.0,0.0,0.0,0.0,0.0,0.0,0.0,0.0,0.0,0.0,0.0,0.0,0.0,0.0,0.0,0.0,0.0,0.0,0.0,0.0,0.0,0.0,0.0,0.0,0.0,0.0,0.0,0.0,0.0,0.0,0.0,0.0,0.0,0.0,0.0,0.0,0.0,0.0,0.0,0.0,0.0,0.0,0.0,0.0,0.0,0.0,0.0,0.0,0.0,0.0,0.0,0.0,0.0,0.0,0.0,0.0,0.0,0.0,0.0,0.0,0.0,0.0,0.0,0.0,0.0,0.0,0.0,0.0,0.0,0.0,0.0,0.0
2017-05-31 21:13:00+02:00,0.0,0.0,0.0,0.0,0.0,0.0,0.0,0.0,0.0,0.0,0.0,0.0,0.0,0.0,0.0,0.0,0.0,0.0,0.0,0.0,0.0,0.0,0.0,0.0,0.0,0.0,0.0,0.0,0.0,0.0,0.0,0.0,0.0,0.0,0.0,0.0,0.0,0.0,0.0,0.0,0.0,0.0,0.0,0.0,0.0,0.0,0.0,0.0,0.0,0.0,0.0,0.0,0.0,0.0,0.0,0.0,0.0,0.0,0.0,0.0,0.0,0.0,0.0,0.0,0.0,0.0,0.0,0.0,0.0,0.0,0.0,0.0,0.0,0.0,0.0,0.0,0.0,0.0,0.0,0.0,0.0,0.0,0.0,0.0,0.0,0.0,0.0,0.0,0.0,0.0,0.0,0.0,0.0,0.0,0.0,0.0,0.0,0.0,0.0,0.0,0.0,0.0,0.0,0.0,0.0,0.0,0.0,0.0,0.0,0.0,0.0,0.0,0.0,0.0,0.0,0.0,0.0,0.0
2017-05-31 21:14:00+02:00,0.0,0.0,0.0,0.0,0.0,0.0,0.0,0.0,0.0,0.0,0.0,0.0,0.0,0.0,0.0,0.0,0.0,0.0,0.0,0.0,0.0,0.0,0.0,0.0,0.0,0.0,0.0,0.0,0.0,0.0,0.0,0.0,0.0,0.0,0.0,0.0,0.0,0.0,0.0,0.0,0.0,0.0,0.0,0.0,0.0,0.0,0.0,0.0,0.0,0.0,0.0,0.0,0.0,0.0,0.0,0.0,0.0,0.0,0.0,0.0,0.0,0.0,0.0,0.0,0.0,0.0,0.0,0.0,0.0,0.0,0.0,0.0,0.0,0.0,0.0,0.0,0.0,0.0,0.0,0.0,0.0,0.0,0.0,0.0,0.0,0.0,0.0,0.0,0.0,0.0,0.0,0.0,0.0,0.0,0.0,0.0,0.0,0.0,0.0,0.0,0.0,0.0,0.0,0.0,0.0,0.0,0.0,0.0,0.0,0.0,0.0,0.0,0.0,0.0,0.0,0.0,0.0,0.0
2017-05-31 21:15:00+02:00,0.0,0.0,0.0,0.0,0.0,0.0,0.0,0.0,0.0,0.0,0.0,0.0,0.0,0.0,0.0,0.0,0.0,0.0,0.0,0.0,0.0,0.0,0.0,0.0,0.0,0.0,0.0,0.0,0.0,0.0,0.0,0.0,0.0,0.0,0.0,0.0,0.0,0.0,0.0,0.0,0.0,0.0,0.0,0.0,0.0,0.0,0.0,0.0,0.0,0.0,0.0,0.0,0.0,0.0,0.0,0.0,0.0,0.0,0.0,0.0,0.0,0.0,0.0,0.0,0.0,0.0,0.0,0.0,0.0,0.0,0.0,0.0,0.0,0.0,0.0,0.0,0.0,0.0,0.0,0.0,0.0,0.0,0.0,0.0,0.0,0.0,0.0,0.0,0.0,0.0,0.0,0.0,0.0,0.0,0.0,0.0,0.0,0.0,0.0,0.0,0.0,0.0,0.0,0.0,0.0,0.0,0.0,0.0,0.0,0.0,0.0,0.0,0.0,0.0,0.0,0.0,0.0,0.0
2017-05-31 21:16:00+02:00,0.0,0.0,0.0,0.0,0.0,0.0,0.0,0.0,0.0,0.0,0.0,0.0,0.0,0.0,0.0,0.0,0.0,0.0,0.0,0.0,0.0,0.0,0.0,0.0,0.0,0.0,0.0,0.0,0.0,0.0,0.0,0.0,0.0,0.0,0.0,0.0,0.0,0.0,0.0,0.0,0.0,0.0,0.0,0.0,0.0,0.0,0.0,0.0,0.0,0.0,0.0,0.0,0.0,0.0,0.0,0.0,0.0,0.0,0.0,0.0,0.0,0.0,0.0,0.0,0.0,0.0,0.0,0.0,0.0,0.0,0.0,0.0,0.0,0.0,0.0,0.0,0.0,0.0,0.0,0.0,0.0,0.0,0.0,0.0,0.0,0.0,0.0,0.0,0.0,0.0,0.0,0.0,0.0,0.0,0.0,0.0,0.0,0.0,0.0,0.0,0.0,0.0,0.0,0.0,0.0,0.0,0.0,0.0,0.0,0.0,0.0,0.0,0.0,0.0,0.0,0.0,0.0,0.0
2017-05-31 21:17:00+02:00,0.0,0.0,0.0,0.0,0.0,0.0,0.0,0.0,0.0,0.0,0.0,0.0,0.0,0.0,0.0,0.0,0.0,0.0,0.0,0.0,0.0,0.0,0.0,0.0,0.0,0.0,0.0,0.0,0.0,0.0,0.0,0.0,0.0,0.0,0.0,0.0,0.0,0.0,0.0,0.0,0.0,0.0,0.0,0.0,0.0,0.0,0.0,0.0,0.0,0.0,0.0,0.0,0.0,0.0,0.0,0.0,0.0,0.0,0.0,0.0,0.0,0.0,0.0,0.0,0.0,0.0,0.0,0.0,0.0,0.0,0.0,0.0,0.0,0.0,0.0,0.0,0.0,0.0,0.0,0.0,0.0,0.0,0.0,0.0,0.0,0.0,0.0,0.0,0.0,0.0,0.0,0.0,0.0,0.0,0.0,0.0,0.0,0.0,0.0,0.0,0.0,0.0,0.0,0.0,0.0,0.0,0.0,0.0,0.0,0.0,0.0,0.0,0.0,0.0,0.0,0.0,0.0,0.0
2017-05-31 21:18:00+02:00,0.0,0.0,0.0,0.0,0.0,0.0,0.0,0.0,0.0,0.0,0.0,0.0,0.0,0.0,0.0,0.0,0.0,0.0,0.0,0.0,0.0,0.0,0.0,0.0,0.0,0.0,0.0,0.0,0.0,0.0,0.0,0.0,0.0,0.0,0.0,0.0,0.0,0.0,0.0,0.0,0.0,0.0,0.0,0.0,0.0,0.0,0.0,0.0,0.0,0.0,0.0,0.0,0.0,0.0,0.0,0.0,0.0,0.0,0.0,0.0,0.0,0.0,0.0,0.0,0.0,0.0,0.0,0.0,0.0,0.0,0.0,0.0,0.0,0.0,0.0,0.0,0.0,0.0,0.0,0.0,0.0,0.0,0.0,0.0,0.0,0.0,0.0,0.0,0.0,0.0,0.0,0.0,0.0,0.0,0.0,0.0,0.0,0.0,0.0,0.0,0.0,0.0,0.0,0.0,0.0,0.0,0.0,0.0,0.0,0.0,0.0,0.0,0.0,0.0,0.0,0.0,0.0,0.0
2017-05-31 21:19:00+02:00,0.0,0.0,0.0,0.0,0.0,0.0,0.0,0.0,0.0,0.0,0.0,0.0,0.0,0.0,0.0,0.0,0.0,0.0,0.0,0.0,0.0,0.0,0.0,0.0,0.0,0.0,0.0,0.0,0.0,0.0,0.0,0.0,0.0,0.0,0.0,0.0,0.0,0.0,0.0,0.0,0.0,0.0,0.0,0.0,0.0,0.0,0.0,0.0,0.0,0.0,0.0,0.0,0.0,0.0,0.0,0.0,0.0,0.0,0.0,0.0,0.0,0.0,0.0,0.0,0.0,0.0,0.0,0.0,0.0,0.0,0.0,0.0,0.0,0.0,0.0,0.0,0.0,0.0,0.0,0.0,0.0,0.0,0.0,0.0,0.0,0.0,0.0,0.0,0.0,0.0,0.0,0.0,0.0,0.0,0.0,0.0,0.0,0.0,0.0,0.0,0.0,0.0,0.0,0.0,0.0,0.0,0.0,0.0,0.0,0.0,0.0,0.0,0.0,0.0,0.0,0.0,0.0,0.0
2017-05-31 21:20:00+02:00,0.0,0.0,0.0,0.0,0.0,0.0,0.0,0.0,0.0,0.0,0.0,0.0,0.0,0.0,0.0,0.0,0.0,0.0,0.0,0.0,0.0,0.0,0.0,0.0,0.0,0.0,0.0,0.0,0.0,0.0,0.0,0.0,0.0,0.0,0.0,0.0,0.0,0.0,0.0,0.0,0.0,0.0,0.0,0.0,0.0,0.0,0.0,0.0,0.0,0.0,0.0,0.0,0.0,0.0,0.0,0.0,0.0,0.0,0.0,0.0,0.0,0.0,0.0,0.0,0.0,0.0,0.0,0.0,0.0,0.0,0.0,0.0,0.0,0.0,0.0,0.0,0.0,0.0,0.0,0.0,0.0,0.0,0.0,0.0,0.0,0.0,0.0,0.0,0.0,0.0,0.0,0.0,0.0,0.0,0.0,0.0,0.0,0.0,0.0,0.0,0.0,0.0,0.0,0.0,0.0,0.0,0.0,0.0,0.0,0.0,0.0,0.0,0.0,0.0,0.0,0.0,0.0,0.0
2017-05-31 21:21:00+02:00,0.0,0.0,0.0,0.0,0.0,0.0,0.0,0.0,0.0,0.0,0.0,0.0,0.0,0.0,0.0,0.0,0.0,0.0,0.0,0.0,0.0,0.0,0.0,0.0,0.0,0.0,0.0,0.0,0.0,0.0,0.0,0.0,0.0,0.0,0.0,0.0,0.0,0.0,0.0,0.0,0.0,0.0,0.0,0.0,0.0,0.0,0.0,0.0,0.0,0.0,0.0,0.0,0.0,0.0,0.0,0.0,0.0,0.0,0.0,0.0,0.0,0.0,0.0,0.0,0.0,0.0,0.0,0.0,0.0,0.0,0.0,0.0,0.0,0.0,0.0,0.0,0.0,0.0,0.0,0.0,0.0,0.0,0.0,0.0,0.0,0.0,0.0,0.0,0.0,0.0,0.0,0.0,0.0,0.0,0.0,0.0,0.0,0.0,0.0,0.0,0.0,0.0,0.0,0.0,0.0,0.0,0.0,0.0,0.0,0.0,0.0,0.0,0.0,0.0,0.0,0.0,0.0,0.0
2017-05-31 21:22:00+02:00,0.0,0.0,0.0,0.0,0.0,0.0,0.0,0.0,0.0,0.0,0.0,0.0,0.0,0.0,0.0,0.0,0.0,0.0,0.0,0.0,0.0,0.0,0.0,0.0,0.0,0.0,0.0,0.0,0.0,0.0,0.0,0.0,0.0,0.0,0.0,0.0,0.0,0.0,0.0,0.0,0.0,0.0,0.0,0.0,0.0,0.0,0.0,0.0,0.0,0.0,0.0,0.0,0.0,0.0,0.0,0.0,0.0,0.0,0.0,0.0,0.0,0.0,0.0,0.0,0.0,0.0,0.0,0.0,0.0,0.0,0.0,0.0,0.0,0.0,0.0,0.0,0.0,0.0,0.0,0.0,0.0,0.0,0.0,0.0,0.0,0.0,0.0,0.0,0.0,0.0,0.0,0.0,0.0,0.0,0.0,0.0,0.0,0.0,0.0,0.0,0.0,0.0,0.0,0.0,0.0,0.0,0.0,0.0,0.0,0.0,0.0,0.0,0.0,0.0,0.0,0.0,0.0,0.0
2017-05-31 21:23:00+02:00,0.0,0.0,0.0,0.0,0.0,0.0,0.0,0.0,0.0,0.0,0.0,0.0,0.0,0.0,0.0,0.0,0.0,0.0,0.0,0.0,0.0,0.0,0.0,0.0,0.0,0.0,0.0,0.0,0.0,0.0,0.0,0.0,0.0,0.0,0.0,0.0,0.0,0.0,0.0,0.0,0.0,0.0,0.0,0.0,0.0,0.0,0.0,0.0,0.0,0.0,0.0,0.0,0.0,0.0,0.0,0.0,0.0,0.0,0.0,0.0,0.0,0.0,0.0,0.0,0.0,0.0,0.0,0.0,0.0,0.0,0.0,0.0,0.0,0.0,0.0,0.0,0.0,0.0,0.0,0.0,0.0,0.0,0.0,0.0,0.0,0.0,0.0,0.0,0.0,0.0,0.0,0.0,0.0,0.0,0.0,0.0,0.0,0.0,0.0,0.0,0.0,0.0,0.0,0.0,0.0,0.0,0.0,0.0,0.0,0.0,0.0,0.0,0.0,0.0,0.0,0.0,0.0,0.0
2017-05-31 21:24:00+02:00,0.0,0.0,0.0,0.0,0.0,0.0,0.0,0.0,0.0,0.0,0.0,0.0,0.0,0.0,0.0,0.0,0.0,0.0,0.0,0.0,0.0,0.0,0.0,0.0,0.0,0.0,0.0,0.0,0.0,0.0,0.0,0.0,0.0,0.0,0.0,0.0,0.0,0.0,0.0,0.0,0.0,0.0,0.0,0.0,0.0,0.0,0.0,0.0,0.0,0.0,0.0,0.0,0.0,0.0,0.0,0.0,0.0,0.0,0.0,0.0,0.0,0.0,0.0,0.0,0.0,0.0,0.0,0.0,0.0,0.0,0.0,0.0,0.0,0.0,0.0,0.0,0.0,0.0,0.0,0.0,0.0,0.0,0.0,0.0,0.0,0.0,0.0,0.0,0.0,0.0,0.0,0.0,0.0,0.0,0.0,0.0,0.0,0.0,0.0,0.0,0.0,0.0,0.0,0.0,0.0,0.0,0.0,0.0,0.0,0.0,0.0,0.0,0.0,0.0,0.0,0.0,0.0,0.0
2017-05-31 21:25:00+02:00,0.0,0.0,0.0,0.0,0.0,0.0,0.0,0.0,0.0,0.0,0.0,0.0,0.0,0.0,0.0,0.0,0.0,0.0,0.0,0.0,0.0,0.0,0.0,0.0,0.0,0.0,0.0,0.0,0.0,0.0,0.0,0.0,0.0,0.0,0.0,0.0,0.0,0.0,0.0,0.0,0.0,0.0,0.0,0.0,0.0,0.0,0.0,0.0,0.0,0.0,0.0,0.0,0.0,0.0,0.0,0.0,0.0,0.0,0.0,0.0,0.0,0.0,0.0,0.0,0.0,0.0,0.0,0.0,0.0,0.0,0.0,0.0,0.0,0.0,0.0,0.0,0.0,0.0,0.0,0.0,0.0,0.0,0.0,0.0,0.0,0.0,0.0,0.0,0.0,0.0,0.0,0.0,0.0,0.0,0.0,0.0,0.0,0.0,0.0,0.0,0.0,0.0,0.0,0.0,0.0,0.0,0.0,0.0,0.0,0.0,0.0,0.0,0.0,0.0,0.0,0.0,0.0,0.0
2017-05-31 21:26:00+02:00,0.0,0.0,0.0,0.0,0.0,0.0,0.0,0.0,0.0,0.0,0.0,0.0,0.0,0.0,0.0,0.0,0.0,0.0,0.0,0.0,0.0,0.0,0.0,0.0,0.0,0.0,0.0,0.0,0.0,0.0,0.0,0.0,0.0,0.0,0.0,0.0,0.0,0.0,0.0,0.0,0.0,0.0,0.0,0.0,0.0,0.0,0.0,0.0,0.0,0.0,0.0,0.0,0.0,0.0,0.0,0.0,0.0,0.0,0.0,0.0,0.0,0.0,0.0,0.0,0.0,0.0,0.0,0.0,0.0,0.0,0.0,0.0,0.0,0.0,0.0,0.0,0.0,0.0,0.0,0.0,0.0,0.0,0.0,0.0,0.0,0.0,0.0,0.0,0.0,0.0,0.0,0.0,0.0,0.0,0.0,0.0,0.0,0.0,0.0,0.0,0.0,0.0,0.0,0.0,0.0,0.0,0.0,0.0,0.0,0.0,0.0,0.0,0.0,0.0,0.0,0.0,0.0,0.0
2017-05-31 21:27:00+02:00,0.0,0.0,0.0,0.0,0.0,0.0,0.0,0.0,0.0,0.0,0.0,0.0,0.0,0.0,0.0,0.0,0.0,0.0,0.0,0.0,0.0,0.0,0.0,0.0,0.0,0.0,0.0,0.0,0.0,0.0,0.0,0.0,0.0,0.0,0.0,0.0,0.0,0.0,0.0,0.0,0.0,0.0,0.0,0.0,0.0,0.0,0.0,0.0,0.0,0.0,0.0,0.0,0.0,0.0,0.0,0.0,0.0,0.0,0.0,0.0,0.0,0.0,0.0,0.0,0.0,0.0,0.0,0.0,0.0,0.0,0.0,0.0,0.0,0.0,0.0,0.0,0.0,0.0,0.0,0.0,0.0,0.0,0.0,0.0,0.0,0.0,0.0,0.0,0.0,0.0,0.0,0.0,0.0,0.0,0.0,0.0,0.0,0.0,0.0,0.0,0.0,0.0,0.0,0.0,0.0,0.0,0.0,0.0,0.0,0.0,0.0,0.0,0.0,0.0,0.0,0.0,0.0,0.0
2017-05-31 21:28:00+02:00,0.0,0.0,0.0,0.0,0.0,0.0,0.0,0.0,0.0,0.0,0.0,0.0,0.0,0.0,0.0,0.0,0.0,0.0,0.0,0.0,0.0,0.0,0.0,0.0,0.0,0.0,0.0,0.0,0.0,0.0,0.0,0.0,0.0,0.0,0.0,0.0,0.0,0.0,0.0,0.0,0.0,0.0,0.0,0.0,0.0,0.0,0.0,0.0,0.0,0.0,0.0,0.0,0.0,0.0,0.0,0.0,0.0,0.0,0.0,0.0,0.0,0.0,0.0,0.0,0.0,0.0,0.0,0.0,0.0,0.0,0.0,0.0,0.0,0.0,0.0,0.0,0.0,0.0,0.0,0.0,0.0,0.0,0.0,0.0,0.0,0.0,0.0,0.0,0.0,0.0,0.0,0.0,0.0,0.0,0.0,0.0,0.0,0.0,0.0,0.0,0.0,0.0,0.0,0.0,0.0,0.0,0.0,0.0,0.0,0.0,0.0,0.0,0.0,0.0,0.0,0.0,0.0,0.0
2017-05-31 21:29:00+02:00,0.0,0.0,0.0,0.0,0.0,0.0,0.0,0.0,0.0,0.0,0.0,0.0,0.0,0.0,0.0,0.0,0.0,0.0,0.0,0.0,0.0,0.0,0.0,0.0,0.0,0.0,0.0,0.0,0.0,0.0,0.0,0.0,0.0,0.0,0.0,0.0,0.0,0.0,0.0,0.0,0.0,0.0,0.0,0.0,0.0,0.0,0.0,0.0,0.0,0.0,0.0,0.0,0.0,0.0,0.0,0.0,0.0,0.0,0.0,0.0,0.0,0.0,0.0,0.0,0.0,0.0,0.0,0.0,0.0,0.0,0.0,0.0,0.0,0.0,0.0,0.0,0.0,0.0,0.0,0.0,0.0,0.0,0.0,0.0,0.0,0.0,0.0,0.0,0.0,0.0,0.0,0.0,0.0,0.0,0.0,0.0,0.0,0.0,0.0,0.0,0.0,0.0,0.0,0.0,0.0,0.0,0.0,0.0,0.0,0.0,0.0,0.0,0.0,0.0,0.0,0.0,0.0,0.0
2017-05-31 21:30:00+02:00,0.0,0.0,0.0,0.0,0.0,0.0,0.0,0.0,0.0,0.0,0.0,0.0,0.0,0.0,0.0,0.0,0.0,0.0,0.0,0.0,0.0,0.0,0.0,0.0,0.0,0.0,0.0,0.0,0.0,0.0,0.0,0.0,0.0,0.0,0.0,0.0,0.0,0.0,0.0,0.0,0.0,0.0,0.0,0.0,0.0,0.0,0.0,0.0,0.0,0.0,0.0,0.0,0.0,0.0,0.0,0.0,0.0,0.0,0.0,0.0,0.0,0.0,0.0,0.0,0.0,0.0,0.0,0.0,0.0,0.0,0.0,0.0,0.0,0.0,0.0,0.0,0.0,0.0,0.0,0.0,0.0,0.0,0.0,0.0,0.0,0.0,0.0,0.0,0.0,0.0,0.0,0.0,0.0,0.0,0.0,0.0,0.0,0.0,0.0,0.0,0.0,0.0,0.0,0.0,0.0,0.0,0.0,0.0,0.0,0.0,0.0,0.0,0.0,0.0,0.0,0.0,0.0,0.0
2017-05-31 21:31:00+02:00,0.0,0.0,0.0,0.0,0.0,0.0,0.0,0.0,0.0,0.0,0.0,0.0,0.0,0.0,0.0,0.0,0.0,0.0,0.0,0.0,0.0,0.0,0.0,0.0,0.0,0.0,0.0,0.0,0.0,0.0,0.0,0.0,0.0,0.0,0.0,0.0,0.0,0.0,0.0,0.0,0.0,0.0,0.0,0.0,0.0,0.0,0.0,0.0,0.0,0.0,0.0,0.0,0.0,0.0,0.0,0.0,0.0,0.0,0.0,0.0,0.0,0.0,0.0,0.0,0.0,0.0,0.0,0.0,0.0,0.0,0.0,0.0,0.0,0.0,0.0,0.0,0.0,0.0,0.0,0.0,0.0,0.0,0.0,0.0,0.0,0.0,0.0,0.0,0.0,0.0,0.0,0.0,0.0,0.0,0.0,0.0,0.0,0.0,0.0,0.0,0.0,0.0,0.0,0.0,0.0,0.0,0.0,0.0,0.0,0.0,0.0,0.0,0.0,0.0,0.0,0.0,0.0,0.0
2017-05-31 21:32:00+02:00,0.0,0.0,0.0,0.0,0.0,0.0,0.0,0.0,0.0,0.0,0.0,0.0,0.0,0.0,0.0,0.0,0.0,0.0,0.0,0.0,0.0,0.0,0.0,0.0,0.0,0.0,0.0,0.0,0.0,0.0,0.0,0.0,0.0,0.0,0.0,0.0,0.0,0.0,0.0,0.0,0.0,0.0,0.0,0.0,0.0,0.0,0.0,0.0,0.0,0.0,0.0,0.0,0.0,0.0,0.0,0.0,0.0,0.0,0.0,0.0,0.0,0.0,0.0,0.0,0.0,0.0,0.0,0.0,0.0,0.0,0.0,0.0,0.0,0.0,0.0,0.0,0.0,0.0,0.0,0.0,0.0,0.0,0.0,0.0,0.0,0.0,0.0,0.0,0.0,0.0,0.0,0.0,0.0,0.0,0.0,0.0,0.0,0.0,0.0,0.0,0.0,0.0,0.0,0.0,0.0,0.0,0.0,0.0,0.0,0.0,0.0,0.0,0.0,0.0,0.0,0.0,0.0,0.0
2017-05-31 21:33:00+02:00,0.0,0.0,0.0,0.0,0.0,0.0,0.0,0.0,0.0,0.0,0.0,0.0,0.0,0.0,0.0,0.0,0.0,0.0,0.0,0.0,0.0,0.0,0.0,0.0,0.0,0.0,0.0,0.0,0.0,0.0,0.0,0.0,0.0,0.0,0.0,0.0,0.0,0.0,0.0,0.0,0.0,0.0,0.0,0.0,0.0,0.0,0.0,0.0,0.0,0.0,0.0,0.0,0.0,0.0,0.0,0.0,0.0,0.0,0.0,0.0,0.0,0.0,0.0,0.0,0.0,0.0,0.0,0.0,0.0,0.0,0.0,0.0,0.0,0.0,0.0,0.0,0.0,0.0,0.0,0.0,0.0,0.0,0.0,0.0,0.0,0.0,0.0,0.0,0.0,0.0,0.0,0.0,0.0,0.0,0.0,0.0,0.0,0.0,0.0,0.0,0.0,0.0,0.0,0.0,0.0,0.0,0.0,0.0,0.0,0.0,0.0,0.0,0.0,0.0,0.0,0.0,0.0,0.0
2017-05-31 21:34:00+02:00,0.0,0.0,0.0,0.0,0.0,0.0,0.0,0.0,0.0,0.0,0.0,0.0,0.0,0.0,0.0,0.0,0.0,0.0,0.0,0.0,0.0,0.0,0.0,0.0,0.0,0.0,0.0,0.0,0.0,0.0,0.0,0.0,0.0,0.0,0.0,0.0,0.0,0.0,0.0,0.0,0.0,0.0,0.0,0.0,0.0,0.0,0.0,0.0,0.0,0.0,0.0,0.0,0.0,0.0,0.0,0.0,0.0,0.0,0.0,0.0,0.0,0.0,0.0,0.0,0.0,0.0,0.0,0.0,0.0,0.0,0.0,0.0,0.0,0.0,0.0,0.0,0.0,0.0,0.0,0.0,0.0,0.0,0.0,0.0,0.0,0.0,0.0,0.0,0.0,0.0,0.0,0.0,0.0,0.0,0.0,0.0,0.0,0.0,0.0,0.0,0.0,0.0,0.0,0.0,0.0,0.0,0.0,0.0,0.0,0.0,0.0,0.0,0.0,0.0,0.0,0.0,0.0,0.0
2017-05-31 21:35:00+02:00,0.0,0.0,0.0,0.0,0.0,0.0,0.0,0.0,0.0,0.0,0.0,0.0,0.0,0.0,0.0,0.0,0.0,0.0,0.0,0.0,0.0,0.0,0.0,0.0,0.0,0.0,0.0,0.0,0.0,0.0,0.0,0.0,0.0,0.0,0.0,0.0,0.0,0.0,0.0,0.0,0.0,0.0,0.0,0.0,0.0,0.0,0.0,0.0,0.0,0.0,0.0,0.0,0.0,0.0,0.0,0.0,0.0,0.0,0.0,0.0,0.0,0.0,0.0,0.0,0.0,0.0,0.0,0.0,0.0,0.0,0.0,0.0,0.0,0.0,0.0,0.0,0.0,0.0,0.0,0.0,0.0,0.0,0.0,0.0,0.0,0.0,0.0,0.0,0.0,0.0,0.0,0.0,0.0,0.0,0.0,0.0,0.0,0.0,0.0,0.0,0.0,0.0,0.0,0.0,0.0,0.0,0.0,0.0,0.0,0.0,0.0,0.0,0.0,0.0,0.0,0.0,0.0,0.0
2017-05-31 21:36:00+02:00,0.0,0.0,0.0,0.0,0.0,0.0,0.0,0.0,0.0,0.0,0.0,0.0,0.0,0.0,0.0,0.0,0.0,0.0,0.0,0.0,0.0,0.0,0.0,0.0,0.0,0.0,0.0,0.0,0.0,0.0,0.0,0.0,0.0,0.0,0.0,0.0,0.0,0.0,0.0,0.0,0.0,0.0,0.0,0.0,0.0,0.0,0.0,0.0,0.0,0.0,0.0,0.0,0.0,0.0,0.0,0.0,0.0,0.0,0.0,0.0,0.0,0.0,0.0,0.0,0.0,0.0,0.0,0.0,0.0,0.0,0.0,0.0,0.0,0.0,0.0,0.0,0.0,0.0,0.0,0.0,0.0,0.0,0.0,0.0,0.0,0.0,0.0,0.0,0.0,0.0,0.0,0.0,0.0,0.0,0.0,0.0,0.0,0.0,0.0,0.0,0.0,0.0,0.0,0.0,0.0,0.0,0.0,0.0,0.0,0.0,0.0,0.0,0.0,0.0,0.0,0.0,0.0,0.0
2017-05-31 21:37:00+02:00,0.0,0.0,0.0,0.0,0.0,0.0,0.0,0.0,0.0,0.0,0.0,0.0,0.0,0.0,0.0,0.0,0.0,0.0,0.0,0.0,0.0,0.0,0.0,0.0,0.0,0.0,0.0,0.0,0.0,0.0,0.0,0.0,0.0,0.0,0.0,0.0,0.0,0.0,0.0,0.0,0.0,0.0,0.0,0.0,0.0,0.0,0.0,0.0,0.0,0.0,0.0,0.0,0.0,0.0,0.0,0.0,0.0,0.0,0.0,0.0,0.0,0.0,0.0,0.0,0.0,0.0,0.0,0.0,0.0,0.0,0.0,0.0,0.0,0.0,0.0,0.0,0.0,0.0,0.0,0.0,0.0,0.0,0.0,0.0,0.0,0.0,0.0,0.0,0.0,0.0,0.0,0.0,0.0,0.0,0.0,0.0,0.0,0.0,0.0,0.0,0.0,0.0,0.0,0.0,0.0,0.0,0.0,0.0,0.0,0.0,0.0,0.0,0.0,0.0,0.0,0.0,0.0,0.0
2017-05-31 21:38:00+02:00,0.0,0.0,0.0,0.0,0.0,0.0,0.0,0.0,0.0,0.0,0.0,0.0,0.0,0.0,0.0,0.0,0.0,0.0,0.0,0.0,0.0,0.0,0.0,0.0,0.0,0.0,0.0,0.0,0.0,0.0,0.0,0.0,0.0,0.0,0.0,0.0,0.0,0.0,0.0,0.0,0.0,0.0,0.0,0.0,0.0,0.0,0.0,0.0,0.0,0.0,0.0,0.0,0.0,0.0,0.0,0.0,0.0,0.0,0.0,0.0,0.0,0.0,0.0,0.0,0.0,0.0,0.0,0.0,0.0,0.0,0.0,0.0,0.0,0.0,0.0,0.0,0.0,0.0,0.0,0.0,0.0,0.0,0.0,0.0,0.0,0.0,0.0,0.0,0.0,0.0,0.0,0.0,0.0,0.0,0.0,0.0,0.0,0.0,0.0,0.0,0.0,0.0,0.0,0.0,0.0,0.0,0.0,0.0,0.0,0.0,0.0,0.0,0.0,0.0,0.0,0.0,0.0,0.0
2017-05-31 21:39:00+02:00,0.0,0.0,0.0,0.0,0.0,0.0,0.0,0.0,0.0,0.0,0.0,0.0,0.0,0.0,0.0,0.0,0.0,0.0,0.0,0.0,0.0,0.0,0.0,0.0,0.0,0.0,0.0,0.0,0.0,0.0,0.0,0.0,0.0,0.0,0.0,0.0,0.0,0.0,0.0,0.0,0.0,0.0,0.0,0.0,0.0,0.0,0.0,0.0,0.0,0.0,0.0,0.0,0.0,0.0,0.0,0.0,0.0,0.0,0.0,0.0,0.0,0.0,0.0,0.0,0.0,0.0,0.0,0.0,0.0,0.0,0.0,0.0,0.0,0.0,0.0,0.0,0.0,0.0,0.0,0.0,0.0,0.0,0.0,0.0,0.0,0.0,0.0,0.0,0.0,0.0,0.0,0.0,0.0,0.0,0.0,0.0,0.0,0.0,0.0,0.0,0.0,0.0,0.0,0.0,0.0,0.0,0.0,0.0,0.0,0.0,0.0,0.0,0.0,0.0,0.0,0.0,0.0,0.0
2017-05-31 21:40:00+02:00,0.0,0.0,0.0,0.0,0.0,0.0,0.0,0.0,0.0,0.0,0.0,0.0,0.0,0.0,0.0,0.0,0.0,0.0,0.0,0.0,0.0,0.0,0.0,0.0,0.0,0.0,0.0,0.0,0.0,0.0,0.0,0.0,0.0,0.0,0.0,0.0,0.0,0.0,0.0,0.0,0.0,0.0,0.0,0.0,0.0,0.0,0.0,0.0,0.0,0.0,0.0,0.0,0.0,0.0,0.0,0.0,0.0,0.0,0.0,0.0,0.0,0.0,0.0,0.0,0.0,0.0,0.0,0.0,0.0,0.0,0.0,0.0,0.0,0.0,0.0,0.0,0.0,0.0,0.0,0.0,0.0,0.0,0.0,0.0,0.0,0.0,0.0,0.0,0.0,0.0,0.0,0.0,0.0,0.0,0.0,0.0,0.0,0.0,0.0,0.0,0.0,0.0,0.0,0.0,0.0,0.0,0.0,0.0,0.0,0.0,0.0,0.0,0.0,0.0,0.0,0.0,0.0,0.0
2017-05-31 21:41:00+02:00,0.0,0.0,0.0,0.0,0.0,0.0,0.0,0.0,0.0,0.0,0.0,0.0,0.0,0.0,0.0,0.0,0.0,0.0,0.0,0.0,0.0,0.0,0.0,0.0,0.0,0.0,0.0,0.0,0.0,0.0,0.0,0.0,0.0,0.0,0.0,0.0,0.0,0.0,0.0,0.0,0.0,0.0,0.0,0.0,0.0,0.0,0.0,0.0,0.0,0.0,0.0,0.0,0.0,0.0,0.0,0.0,0.0,0.0,0.0,0.0,0.0,0.0,0.0,0.0,0.0,0.0,0.0,0.0,0.0,0.0,0.0,0.0,0.0,0.0,0.0,0.0,0.0,0.0,0.0,0.0,0.0,0.0,0.0,0.0,0.0,0.0,0.0,0.0,0.0,0.0,0.0,0.0,0.0,0.0,0.0,0.0,0.0,0.0,0.0,0.0,0.0,0.0,0.0,0.0,0.0,0.0,0.0,0.0,0.0,0.0,0.0,0.0,0.0,0.0,0.0,0.0,0.0,0.0
2017-05-31 21:42:00+02:00,0.0,0.0,0.0,0.0,0.0,0.0,0.0,0.0,0.0,0.0,0.0,0.0,0.0,0.0,0.0,0.0,0.0,0.0,0.0,0.0,0.0,0.0,0.0,0.0,0.0,0.0,0.0,0.0,0.0,0.0,0.0,0.0,0.0,0.0,0.0,0.0,0.0,0.0,0.0,0.0,0.0,0.0,0.0,0.0,0.0,0.0,0.0,0.0,0.0,0.0,0.0,0.0,0.0,0.0,0.0,0.0,0.0,0.0,0.0,0.0,0.0,0.0,0.0,0.0,0.0,0.0,0.0,0.0,0.0,0.0,0.0,0.0,0.0,0.0,0.0,0.0,0.0,0.0,0.0,0.0,0.0,0.0,0.0,0.0,0.0,0.0,0.0,0.0,0.0,0.0,0.0,0.0,0.0,0.0,0.0,0.0,0.0,0.0,0.0,0.0,0.0,0.0,0.0,0.0,0.0,0.0,0.0,0.0,0.0,0.0,0.0,0.0,0.0,0.0,0.0,0.0,0.0,0.0
2017-05-31 21:43:00+02:00,0.0,0.0,0.0,0.0,0.0,0.0,0.0,0.0,0.0,0.0,0.0,0.0,0.0,0.0,0.0,0.0,0.0,0.0,0.0,0.0,0.0,0.0,0.0,0.0,0.0,0.0,0.0,0.0,0.0,0.0,0.0,0.0,0.0,0.0,0.0,0.0,0.0,0.0,0.0,0.0,0.0,0.0,0.0,0.0,0.0,0.0,0.0,0.0,0.0,0.0,0.0,0.0,0.0,0.0,0.0,0.0,0.0,0.0,0.0,0.0,0.0,0.0,0.0,0.0,0.0,0.0,0.0,0.0,0.0,0.0,0.0,0.0,0.0,0.0,0.0,0.0,0.0,0.0,0.0,0.0,0.0,0.0,0.0,0.0,0.0,0.0,0.0,0.0,0.0,0.0,0.0,0.0,0.0,0.0,0.0,0.0,0.0,0.0,0.0,0.0,0.0,0.0,0.0,0.0,0.0,0.0,0.0,0.0,0.0,0.0,0.0,0.0,0.0,0.0,0.0,0.0,0.0,0.0
2017-05-31 21:44:00+02:00,0.0,0.0,0.0,0.0,0.0,0.0,0.0,0.0,0.0,0.0,0.0,0.0,0.0,0.0,0.0,0.0,0.0,0.0,0.0,0.0,0.0,0.0,0.0,0.0,0.0,0.0,0.0,0.0,0.0,0.0,0.0,0.0,0.0,0.0,0.0,0.0,0.0,0.0,0.0,0.0,0.0,0.0,0.0,0.0,0.0,0.0,0.0,0.0,0.0,0.0,0.0,0.0,0.0,0.0,0.0,0.0,0.0,0.0,0.0,0.0,0.0,0.0,0.0,0.0,0.0,0.0,0.0,0.0,0.0,0.0,0.0,0.0,0.0,0.0,0.0,0.0,0.0,0.0,0.0,0.0,0.0,0.0,0.0,0.0,0.0,0.0,0.0,0.0,0.0,0.0,0.0,0.0,0.0,0.0,0.0,0.0,0.0,0.0,0.0,0.0,0.0,0.0,0.0,0.0,0.0,0.0,0.0,0.0,0.0,0.0,0.0,0.0,0.0,0.0,0.0,0.0,0.0,0.0
2017-05-31 21:45:00+02:00,0.0,0.0,0.0,0.0,0.0,0.0,0.0,0.0,0.0,0.0,0.0,0.0,0.0,0.0,0.0,0.0,0.0,0.0,0.0,0.0,0.0,0.0,0.0,0.0,0.0,0.0,0.0,0.0,0.0,0.0,0.0,0.0,0.0,0.0,0.0,0.0,0.0,0.0,0.0,0.0,0.0,0.0,0.0,0.0,0.0,0.0,0.0,0.0,0.0,0.0,0.0,0.0,0.0,0.0,0.0,0.0,0.0,0.0,0.0,0.0,0.0,0.0,0.0,0.0,0.0,0.0,0.0,0.0,0.0,0.0,0.0,0.0,0.0,0.0,0.0,0.0,0.0,0.0,0.0,0.0,0.0,0.0,0.0,0.0,0.0,0.0,0.0,0.0,0.0,0.0,0.0,0.0,0.0,0.0,0.0,0.0,0.0,0.0,0.0,0.0,0.0,0.0,0.0,0.0,0.0,0.0,0.0,0.0,0.0,0.0,0.0,0.0,0.0,0.0,0.0,0.0,0.0,0.0
2017-05-31 21:46:00+02:00,0.0,0.0,0.0,0.0,0.0,0.0,0.0,0.0,0.0,0.0,0.0,0.0,0.0,0.0,0.0,0.0,0.0,0.0,0.0,0.0,0.0,0.0,0.0,0.0,0.0,0.0,0.0,0.0,0.0,0.0,0.0,0.0,0.0,0.0,0.0,0.0,0.0,0.0,0.0,0.0,0.0,0.0,0.0,0.0,0.0,0.0,0.0,0.0,0.0,0.0,0.0,0.0,0.0,0.0,0.0,0.0,0.0,0.0,0.0,0.0,0.0,0.0,0.0,0.0,0.0,0.0,0.0,0.0,0.0,0.0,0.0,0.0,0.0,0.0,0.0,0.0,0.0,0.0,0.0,0.0,0.0,0.0,0.0,0.0,0.0,0.0,0.0,0.0,0.0,0.0,0.0,0.0,0.0,0.0,0.0,0.0,0.0,0.0,0.0,0.0,0.0,0.0,0.0,0.0,0.0,0.0,0.0,0.0,0.0,0.0,0.0,0.0,0.0,0.0,0.0,0.0,0.0,0.0
2017-05-31 21:47:00+02:00,0.0,0.0,0.0,0.0,0.0,0.0,0.0,0.0,0.0,0.0,0.0,0.0,0.0,0.0,0.0,0.0,0.0,0.0,0.0,0.0,0.0,0.0,0.0,0.0,0.0,0.0,0.0,0.0,0.0,0.0,0.0,0.0,0.0,0.0,0.0,0.0,0.0,0.0,0.0,0.0,0.0,0.0,0.0,0.0,0.0,0.0,0.0,0.0,0.0,0.0,0.0,0.0,0.0,0.0,0.0,0.0,0.0,0.0,0.0,0.0,0.0,0.0,0.0,0.0,0.0,0.0,0.0,0.0,0.0,0.0,0.0,0.0,0.0,0.0,0.0,0.0,0.0,0.0,0.0,0.0,0.0,0.0,0.0,0.0,0.0,0.0,0.0,0.0,0.0,0.0,0.0,0.0,0.0,0.0,0.0,0.0,0.0,0.0,0.0,0.0,0.0,0.0,0.0,0.0,0.0,0.0,0.0,0.0,0.0,0.0,0.0,0.0,0.0,0.0,0.0,0.0,0.0,0.0
2017-05-31 21:48:00+02:00,0.0,0.0,0.0,0.0,0.0,0.0,0.0,0.0,0.0,0.0,0.0,0.0,0.0,0.0,0.0,0.0,0.0,0.0,0.0,0.0,0.0,0.0,0.0,0.0,0.0,0.0,0.0,0.0,0.0,0.0,0.0,0.0,0.0,0.0,0.0,0.0,0.0,0.0,0.0,0.0,0.0,0.0,0.0,0.0,0.0,0.0,0.0,0.0,0.0,0.0,0.0,0.0,0.0,0.0,0.0,0.0,0.0,0.0,0.0,0.0,0.0,0.0,0.0,0.0,0.0,0.0,0.0,0.0,0.0,0.0,0.0,0.0,0.0,0.0,0.0,0.0,0.0,0.0,0.0,0.0,0.0,0.0,0.0,0.0,0.0,0.0,0.0,0.0,0.0,0.0,0.0,0.0,0.0,0.0,0.0,0.0,0.0,0.0,0.0,0.0,0.0,0.0,0.0,0.0,0.0,0.0,0.0,0.0,0.0,0.0,0.0,0.0,0.0,0.0,0.0,0.0,0.0,0.0
2017-05-31 21:49:00+02:00,0.0,0.0,0.0,0.0,0.0,0.0,0.0,0.0,0.0,0.0,0.0,0.0,0.0,0.0,0.0,0.0,0.0,0.0,0.0,0.0,0.0,0.0,0.0,0.0,0.0,0.0,0.0,0.0,0.0,0.0,0.0,0.0,0.0,0.0,0.0,0.0,0.0,0.0,0.0,0.0,0.0,0.0,0.0,0.0,0.0,0.0,0.0,0.0,0.0,0.0,0.0,0.0,0.0,0.0,0.0,0.0,0.0,0.0,0.0,0.0,0.0,0.0,0.0,0.0,0.0,0.0,0.0,0.0,0.0,0.0,0.0,0.0,0.0,0.0,0.0,0.0,0.0,0.0,0.0,0.0,0.0,0.0,0.0,0.0,0.0,0.0,0.0,0.0,0.0,0.0,0.0,0.0,0.0,0.0,0.0,0.0,0.0,0.0,0.0,0.0,0.0,0.0,0.0,0.0,0.0,0.0,0.0,0.0,0.0,0.0,0.0,0.0,0.0,0.0,0.0,0.0,0.0,0.0
2017-05-31 21:50:00+02:00,0.0,0.0,0.0,0.0,0.0,0.0,0.0,0.0,0.0,0.0,0.0,0.0,0.0,0.0,0.0,0.0,0.0,0.0,0.0,0.0,0.0,0.0,0.0,0.0,0.0,0.0,0.0,0.0,0.0,0.0,0.0,0.0,0.0,0.0,0.0,0.0,0.0,0.0,0.0,0.0,0.0,0.0,0.0,0.0,0.0,0.0,0.0,0.0,0.0,0.0,0.0,0.0,0.0,0.0,0.0,0.0,0.0,0.0,0.0,0.0,0.0,0.0,0.0,0.0,0.0,0.0,0.0,0.0,0.0,0.0,0.0,0.0,0.0,0.0,0.0,0.0,0.0,0.0,0.0,0.0,0.0,0.0,0.0,0.0,0.0,0.0,0.0,0.0,0.0,0.0,0.0,0.0,0.0,0.0,0.0,0.0,0.0,0.0,0.0,0.0,0.0,0.0,0.0,0.0,0.0,0.0,0.0,0.0,0.0,0.0,0.0,0.0,0.0,0.0,0.0,0.0,0.0,0.0
2017-05-31 21:51:00+02:00,0.0,0.0,0.0,0.0,0.0,0.0,0.0,0.0,0.0,0.0,0.0,0.0,0.0,0.0,0.0,0.0,0.0,0.0,0.0,0.0,0.0,0.0,0.0,0.0,0.0,0.0,0.0,0.0,0.0,0.0,0.0,0.0,0.0,0.0,0.0,0.0,0.0,0.0,0.0,0.0,0.0,0.0,0.0,0.0,0.0,0.0,0.0,0.0,0.0,0.0,0.0,0.0,0.0,0.0,0.0,0.0,0.0,0.0,0.0,0.0,0.0,0.0,0.0,0.0,0.0,0.0,0.0,0.0,0.0,0.0,0.0,0.0,0.0,0.0,0.0,0.0,0.0,0.0,0.0,0.0,0.0,0.0,0.0,0.0,0.0,0.0,0.0,0.0,0.0,0.0,0.0,0.0,0.0,0.0,0.0,0.0,0.0,0.0,0.0,0.0,0.0,0.0,0.0,0.0,0.0,0.0,0.0,0.0,0.0,0.0,0.0,0.0,0.0,0.0,0.0,0.0,0.0,0.0
2017-05-31 21:52:00+02:00,0.0,0.0,0.0,0.0,0.0,0.0,0.0,0.0,0.0,0.0,0.0,0.0,0.0,0.0,0.0,0.0,0.0,0.0,0.0,0.0,0.0,0.0,0.0,0.0,0.0,0.0,0.0,0.0,0.0,0.0,0.0,0.0,0.0,0.0,0.0,0.0,0.0,0.0,0.0,0.0,0.0,0.0,0.0,0.0,0.0,0.0,0.0,0.0,0.0,0.0,0.0,0.0,0.0,0.0,0.0,0.0,0.0,0.0,0.0,0.0,0.0,0.0,0.0,0.0,0.0,0.0,0.0,0.0,0.0,0.0,0.0,0.0,0.0,0.0,0.0,0.0,0.0,0.0,0.0,0.0,0.0,0.0,0.0,0.0,0.0,0.0,0.0,0.0,0.0,0.0,0.0,0.0,0.0,0.0,0.0,0.0,0.0,0.0,0.0,0.0,0.0,0.0,0.0,0.0,0.0,0.0,0.0,0.0,0.0,0.0,0.0,0.0,0.0,0.0,0.0,0.0,0.0,0.0
2017-05-31 21:53:00+02:00,0.0,0.0,0.0,0.0,0.0,0.0,0.0,0.0,0.0,0.0,0.0,0.0,0.0,0.0,0.0,0.0,0.0,0.0,0.0,0.0,0.0,0.0,0.0,0.0,0.0,0.0,0.0,0.0,0.0,0.0,0.0,0.0,0.0,0.0,0.0,0.0,0.0,0.0,0.0,0.0,0.0,0.0,0.0,0.0,0.0,0.0,0.0,0.0,0.0,0.0,0.0,0.0,0.0,0.0,0.0,0.0,0.0,0.0,0.0,0.0,0.0,0.0,0.0,0.0,0.0,0.0,0.0,0.0,0.0,0.0,0.0,0.0,0.0,0.0,0.0,0.0,0.0,0.0,0.0,0.0,0.0,0.0,0.0,0.0,0.0,0.0,0.0,0.0,0.0,0.0,0.0,0.0,0.0,0.0,0.0,0.0,0.0,0.0,0.0,0.0,0.0,0.0,0.0,0.0,0.0,0.0,0.0,0.0,0.0,0.0,0.0,0.0,0.0,0.0,0.0,0.0,0.0,0.0
2017-05-31 21:54:00+02:00,0.0,0.0,0.0,0.0,0.0,0.0,0.0,0.0,0.0,0.0,0.0,0.0,0.0,0.0,0.0,0.0,0.0,0.0,0.0,0.0,0.0,0.0,0.0,0.0,0.0,0.0,0.0,0.0,0.0,0.0,0.0,0.0,0.0,0.0,0.0,0.0,0.0,0.0,0.0,0.0,0.0,0.0,0.0,0.0,0.0,0.0,0.0,0.0,0.0,0.0,0.0,0.0,0.0,0.0,0.0,0.0,0.0,0.0,0.0,0.0,0.0,0.0,0.0,0.0,0.0,0.0,0.0,0.0,0.0,0.0,0.0,0.0,0.0,0.0,0.0,0.0,0.0,0.0,0.0,0.0,0.0,0.0,0.0,0.0,0.0,0.0,0.0,0.0,0.0,0.0,0.0,0.0,0.0,0.0,0.0,0.0,0.0,0.0,0.0,0.0,0.0,0.0,0.0,0.0,0.0,0.0,0.0,0.0,0.0,0.0,0.0,0.0,0.0,0.0,0.0,0.0,0.0,0.0
2017-05-31 21:55:00+02:00,0.0,0.0,0.0,0.0,0.0,0.0,0.0,0.0,0.0,0.0,0.0,0.0,0.0,0.0,0.0,0.0,0.0,0.0,0.0,0.0,0.0,0.0,0.0,0.0,0.0,0.0,0.0,0.0,0.0,0.0,0.0,0.0,0.0,0.0,0.0,0.0,0.0,0.0,0.0,0.0,0.0,0.0,0.0,0.0,0.0,0.0,0.0,0.0,0.0,0.0,0.0,0.0,0.0,0.0,0.0,0.0,0.0,0.0,0.0,0.0,0.0,0.0,0.0,0.0,0.0,0.0,0.0,0.0,0.0,0.0,0.0,0.0,0.0,0.0,0.0,0.0,0.0,0.0,0.0,0.0,0.0,0.0,0.0,0.0,0.0,0.0,0.0,0.0,0.0,0.0,0.0,0.0,0.0,0.0,0.0,0.0,0.0,0.0,0.0,0.0,0.0,0.0,0.0,0.0,0.0,0.0,0.0,0.0,0.0,0.0,0.0,0.0,0.0,0.0,0.0,0.0,0.0,0.0
2017-05-31 21:56:00+02:00,0.0,0.0,0.0,0.0,0.0,0.0,0.0,0.0,0.0,0.0,0.0,0.0,0.0,0.0,0.0,0.0,0.0,0.0,0.0,0.0,0.0,0.0,0.0,0.0,0.0,0.0,0.0,0.0,0.0,0.0,0.0,0.0,0.0,0.0,0.0,0.0,0.0,0.0,0.0,0.0,0.0,0.0,0.0,0.0,0.0,0.0,0.0,0.0,0.0,0.0,0.0,0.0,0.0,0.0,0.0,0.0,0.0,0.0,0.0,0.0,0.0,0.0,0.0,0.0,0.0,0.0,0.0,0.0,0.0,0.0,0.0,0.0,0.0,0.0,0.0,0.0,0.0,0.0,0.0,0.0,0.0,0.0,0.0,0.0,0.0,0.0,0.0,0.0,0.0,0.0,0.0,0.0,0.0,0.0,0.0,0.0,0.0,0.0,0.0,0.0,0.0,0.0,0.0,0.0,0.0,0.0,0.0,0.0,0.0,0.0,0.0,0.0,0.0,0.0,0.0,0.0,0.0,0.0
2017-05-31 21:57:00+02:00,0.0,0.0,0.0,0.0,0.0,0.0,0.0,0.0,0.0,0.0,0.0,0.0,0.0,0.0,0.0,0.0,0.0,0.0,0.0,0.0,0.0,0.0,0.0,0.0,0.0,0.0,0.0,0.0,0.0,0.0,0.0,0.0,0.0,0.0,0.0,0.0,0.0,0.0,0.0,0.0,0.0,0.0,0.0,0.0,0.0,0.0,0.0,0.0,0.0,0.0,0.0,0.0,0.0,0.0,0.0,0.0,0.0,0.0,0.0,0.0,0.0,0.0,0.0,0.0,0.0,0.0,0.0,0.0,0.0,0.0,0.0,0.0,0.0,0.0,0.0,0.0,0.0,0.0,0.0,0.0,0.0,0.0,0.0,0.0,0.0,0.0,0.0,0.0,0.0,0.0,0.0,0.0,0.0,0.0,0.0,0.0,0.0,0.0,0.0,0.0,0.0,0.0,0.0,0.0,0.0,0.0,0.0,0.0,0.0,0.0,0.0,0.0,0.0,0.0,0.0,0.0,0.0,0.0
2017-05-31 21:58:00+02:00,0.0,0.0,0.0,0.0,0.0,0.0,0.0,0.0,0.0,0.0,0.0,0.0,0.0,0.0,0.0,0.0,0.0,0.0,0.0,0.0,0.0,0.0,0.0,0.0,0.0,0.0,0.0,0.0,0.0,0.0,0.0,0.0,0.0,0.0,0.0,0.0,0.0,0.0,0.0,0.0,0.0,0.0,0.0,0.0,0.0,0.0,0.0,0.0,0.0,0.0,0.0,0.0,0.0,0.0,0.0,0.0,0.0,0.0,0.0,0.0,0.0,0.0,0.0,0.0,0.0,0.0,0.0,0.0,0.0,0.0,0.0,0.0,0.0,0.0,0.0,0.0,0.0,0.0,0.0,0.0,0.0,0.0,0.0,0.0,0.0,0.0,0.0,0.0,0.0,0.0,0.0,0.0,0.0,0.0,0.0,0.0,0.0,0.0,0.0,0.0,0.0,0.0,0.0,0.0,0.0,0.0,0.0,0.0,0.0,0.0,0.0,0.0,0.0,0.0,0.0,0.0,0.0,0.0
2017-05-31 21:59:00+02:00,0.0,0.0,0.0,0.0,0.0,0.0,0.0,0.0,0.0,0.0,0.0,0.0,0.0,0.0,0.0,0.0,0.0,0.0,0.0,0.0,0.0,0.0,0.0,0.0,0.0,0.0,0.0,0.0,0.0,0.0,0.0,0.0,0.0,0.0,0.0,0.0,0.0,0.0,0.0,0.0,0.0,0.0,0.0,0.0,0.0,0.0,0.0,0.0,0.0,0.0,0.0,0.0,0.0,0.0,0.0,0.0,0.0,0.0,0.0,0.0,0.0,0.0,0.0,0.0,0.0,0.0,0.0,0.0,0.0,0.0,0.0,0.0,0.0,0.0,0.0,0.0,0.0,0.0,0.0,0.0,0.0,0.0,0.0,0.0,0.0,0.0,0.0,0.0,0.0,0.0,0.0,0.0,0.0,0.0,0.0,0.0,0.0,0.0,0.0,0.0,0.0,0.0,0.0,0.0,0.0,0.0,0.0,0.0,0.0,0.0,0.0,0.0,0.0,0.0,0.0,0.0,0.0,0.0
2017-05-31 22:00:00+02:00,0.0,0.0,0.0,0.0,0.0,0.0,0.0,0.0,0.0,0.0,0.0,0.0,0.0,0.0,0.0,0.0,0.0,0.0,0.0,0.0,0.0,0.0,0.0,0.0,0.0,0.0,0.0,0.0,0.0,0.0,0.0,0.0,0.0,0.0,0.0,0.0,0.0,0.0,0.0,0.0,0.0,0.0,0.0,0.0,0.0,0.0,0.0,0.0,0.0,0.0,0.0,0.0,0.0,0.0,0.0,0.0,0.0,0.0,0.0,0.0,0.0,0.0,0.0,0.0,0.0,0.0,0.0,0.0,0.0,0.0,0.0,0.0,0.0,0.0,0.0,0.0,0.0,0.0,0.0,0.0,0.0,0.0,0.0,0.0,0.0,0.0,0.0,0.0,0.0,0.0,0.0,0.0,0.0,0.0,0.0,0.0,0.0,0.0,0.0,0.0,0.0,0.0,0.0,0.0,0.0,0.0,0.0,0.0,0.0,0.0,0.0,0.0,0.0,0.0,0.0,0.0,0.0,0.0
2017-05-31 22:01:00+02:00,0.0,0.0,0.0,0.0,0.0,0.0,0.0,0.0,0.0,0.0,0.0,0.0,0.0,0.0,0.0,0.0,0.0,0.0,0.0,0.0,0.0,0.0,0.0,0.0,0.0,0.0,0.0,0.0,0.0,0.0,0.0,0.0,0.0,0.0,0.0,0.0,0.0,0.0,0.0,0.0,0.0,0.0,0.0,0.0,0.0,0.0,0.0,0.0,0.0,0.0,0.0,0.0,0.0,0.0,0.0,0.0,0.0,0.0,0.0,0.0,0.0,0.0,0.0,0.0,0.0,0.0,0.0,0.0,0.0,0.0,0.0,0.0,0.0,0.0,0.0,0.0,0.0,0.0,0.0,0.0,0.0,0.0,0.0,0.0,0.0,0.0,0.0,0.0,0.0,0.0,0.0,0.0,0.0,0.0,0.0,0.0,0.0,0.0,0.0,0.0,0.0,0.0,0.0,0.0,0.0,0.0,0.0,0.0,0.0,0.0,0.0,0.0,0.0,0.0,0.0,0.0,0.0,0.0
2017-05-31 22:02:00+02:00,0.0,0.0,0.0,0.0,0.0,0.0,0.0,0.0,0.0,0.0,0.0,0.0,0.0,0.0,0.0,0.0,0.0,0.0,0.0,0.0,0.0,0.0,0.0,0.0,0.0,0.0,0.0,0.0,0.0,0.0,0.0,0.0,0.0,0.0,0.0,0.0,0.0,0.0,0.0,0.0,0.0,0.0,0.0,0.0,0.0,0.0,0.0,0.0,0.0,0.0,0.0,0.0,0.0,0.0,0.0,0.0,0.0,0.0,0.0,0.0,0.0,0.0,0.0,0.0,0.0,0.0,0.0,0.0,0.0,0.0,0.0,0.0,0.0,0.0,0.0,0.0,0.0,0.0,0.0,0.0,0.0,0.0,0.0,0.0,0.0,0.0,0.0,0.0,0.0,0.0,0.0,0.0,0.0,0.0,0.0,0.0,0.0,0.0,0.0,0.0,0.0,0.0,0.0,0.0,0.0,0.0,0.0,0.0,0.0,0.0,0.0,0.0,0.0,0.0,0.0,0.0,0.0,0.0
2017-05-31 22:03:00+02:00,0.0,0.0,0.0,0.0,0.0,0.0,0.0,0.0,0.0,0.0,0.0,0.0,0.0,0.0,0.0,0.0,0.0,0.0,0.0,0.0,0.0,0.0,0.0,0.0,0.0,0.0,0.0,0.0,0.0,0.0,0.0,0.0,0.0,0.0,0.0,0.0,0.0,0.0,0.0,0.0,0.0,0.0,0.0,0.0,0.0,0.0,0.0,0.0,0.0,0.0,0.0,0.0,0.0,0.0,0.0,0.0,0.0,0.0,0.0,0.0,0.0,0.0,0.0,0.0,0.0,0.0,0.0,0.0,0.0,0.0,0.0,0.0,0.0,0.0,0.0,0.0,0.0,0.0,0.0,0.0,0.0,0.0,0.0,0.0,0.0,0.0,0.0,0.0,0.0,0.0,0.0,0.0,0.0,0.0,0.0,0.0,0.0,0.0,0.0,0.0,0.0,0.0,0.0,0.0,0.0,0.0,0.0,0.0,0.0,0.0,0.0,0.0,0.0,0.0,0.0,0.0,0.0,0.0
2017-05-31 22:04:00+02:00,0.0,0.0,0.0,0.0,0.0,0.0,0.0,0.0,0.0,0.0,0.0,0.0,0.0,0.0,0.0,0.0,0.0,0.0,0.0,0.0,0.0,0.0,0.0,0.0,0.0,0.0,0.0,0.0,0.0,0.0,0.0,0.0,0.0,0.0,0.0,0.0,0.0,0.0,0.0,0.0,0.0,0.0,0.0,0.0,0.0,0.0,0.0,0.0,0.0,0.0,0.0,0.0,0.0,0.0,0.0,0.0,0.0,0.0,0.0,0.0,0.0,0.0,0.0,0.0,0.0,0.0,0.0,0.0,0.0,0.0,0.0,0.0,0.0,0.0,0.0,0.0,0.0,0.0,0.0,0.0,0.0,0.0,0.0,0.0,0.0,0.0,0.0,0.0,0.0,0.0,0.0,0.0,0.0,0.0,0.0,0.0,0.0,0.0,0.0,0.0,0.0,0.0,0.0,0.0,0.0,0.0,0.0,0.0,0.0,0.0,0.0,0.0,0.0,0.0,0.0,0.0,0.0,0.0
2017-05-31 22:05:00+02:00,0.0,0.0,0.0,0.0,0.0,0.0,0.0,0.0,0.0,0.0,0.0,0.0,0.0,0.0,0.0,0.0,0.0,0.0,0.0,0.0,0.0,0.0,0.0,0.0,0.0,0.0,0.0,0.0,0.0,0.0,0.0,0.0,0.0,0.0,0.0,0.0,0.0,0.0,0.0,0.0,0.0,0.0,0.0,0.0,0.0,0.0,0.0,0.0,0.0,0.0,0.0,0.0,0.0,0.0,0.0,0.0,0.0,0.0,0.0,0.0,0.0,0.0,0.0,0.0,0.0,0.0,0.0,0.0,0.0,0.0,0.0,0.0,0.0,0.0,0.0,0.0,0.0,0.0,0.0,0.0,0.0,0.0,0.0,0.0,0.0,0.0,0.0,0.0,0.0,0.0,0.0,0.0,0.0,0.0,0.0,0.0,0.0,0.0,0.0,0.0,0.0,0.0,0.0,0.0,0.0,0.0,0.0,0.0,0.0,0.0,0.0,0.0,0.0,0.0,0.0,0.0,0.0,0.0
2017-05-31 22:06:00+02:00,0.0,0.0,0.0,0.0,0.0,0.0,0.0,0.0,0.0,0.0,0.0,0.0,0.0,0.0,0.0,0.0,0.0,0.0,0.0,0.0,0.0,0.0,0.0,0.0,0.0,0.0,0.0,0.0,0.0,0.0,0.0,0.0,0.0,0.0,0.0,0.0,0.0,0.0,0.0,0.0,0.0,0.0,0.0,0.0,0.0,0.0,0.0,0.0,0.0,0.0,0.0,0.0,0.0,0.0,0.0,0.0,0.0,0.0,0.0,0.0,0.0,0.0,0.0,0.0,0.0,0.0,0.0,0.0,0.0,0.0,0.0,0.0,0.0,0.0,0.0,0.0,0.0,0.0,0.0,0.0,0.0,0.0,0.0,0.0,0.0,0.0,0.0,0.0,0.0,0.0,0.0,0.0,0.0,0.0,0.0,0.0,0.0,0.0,0.0,0.0,0.0,0.0,0.0,0.0,0.0,0.0,0.0,0.0,0.0,0.0,0.0,0.0,0.0,0.0,0.0,0.0,0.0,0.0
2017-05-31 22:07:00+02:00,0.0,0.0,0.0,0.0,0.0,0.0,0.0,0.0,0.0,0.0,0.0,0.0,0.0,0.0,0.0,0.0,0.0,0.0,0.0,0.0,0.0,0.0,0.0,0.0,0.0,0.0,0.0,0.0,0.0,0.0,0.0,0.0,0.0,0.0,0.0,0.0,0.0,0.0,0.0,0.0,0.0,0.0,0.0,0.0,0.0,0.0,0.0,0.0,0.0,0.0,0.0,0.0,0.0,0.0,0.0,0.0,0.0,0.0,0.0,0.0,0.0,0.0,0.0,0.0,0.0,0.0,0.0,0.0,0.0,0.0,0.0,0.0,0.0,0.0,0.0,0.0,0.0,0.0,0.0,0.0,0.0,0.0,0.0,0.0,0.0,0.0,0.0,0.0,0.0,0.0,0.0,0.0,0.0,0.0,0.0,0.0,0.0,0.0,0.0,0.0,0.0,0.0,0.0,0.0,0.0,0.0,0.0,0.0,0.0,0.0,0.0,0.0,0.0,0.0,0.0,0.0,0.0,0.0
2017-05-31 22:08:00+02:00,0.0,0.0,0.0,0.0,0.0,0.0,0.0,0.0,0.0,0.0,0.0,0.0,0.0,0.0,0.0,0.0,0.0,0.0,0.0,0.0,0.0,0.0,0.0,0.0,0.0,0.0,0.0,0.0,0.0,0.0,0.0,0.0,0.0,0.0,0.0,0.0,0.0,0.0,0.0,0.0,0.0,0.0,0.0,0.0,0.0,0.0,0.0,0.0,0.0,0.0,0.0,0.0,0.0,0.0,0.0,0.0,0.0,0.0,0.0,0.0,0.0,0.0,0.0,0.0,0.0,0.0,0.0,0.0,0.0,0.0,0.0,0.0,0.0,0.0,0.0,0.0,0.0,0.0,0.0,0.0,0.0,0.0,0.0,0.0,0.0,0.0,0.0,0.0,0.0,0.0,0.0,0.0,0.0,0.0,0.0,0.0,0.0,0.0,0.0,0.0,0.0,0.0,0.0,0.0,0.0,0.0,0.0,0.0,0.0,0.0,0.0,0.0,0.0,0.0,0.0,0.0,0.0,0.0
2017-05-31 22:09:00+02:00,0.0,0.0,0.0,0.0,0.0,0.0,0.0,0.0,0.0,0.0,0.0,0.0,0.0,0.0,0.0,0.0,0.0,0.0,0.0,0.0,0.0,0.0,0.0,0.0,0.0,0.0,0.0,0.0,0.0,0.0,0.0,0.0,0.0,0.0,0.0,0.0,0.0,0.0,0.0,0.0,0.0,0.0,0.0,0.0,0.0,0.0,0.0,0.0,0.0,0.0,0.0,0.0,0.0,0.0,0.0,0.0,0.0,0.0,0.0,0.0,0.0,0.0,0.0,0.0,0.0,0.0,0.0,0.0,0.0,0.0,0.0,0.0,0.0,0.0,0.0,0.0,0.0,0.0,0.0,0.0,0.0,0.0,0.0,0.0,0.0,0.0,0.0,0.0,0.0,0.0,0.0,0.0,0.0,0.0,0.0,0.0,0.0,0.0,0.0,0.0,0.0,0.0,0.0,0.0,0.0,0.0,0.0,0.0,0.0,0.0,0.0,0.0,0.0,0.0,0.0,0.0,0.0,0.0
2017-05-31 22:10:00+02:00,0.0,0.0,0.0,0.0,0.0,0.0,0.0,0.0,0.0,0.0,0.0,0.0,0.0,0.0,0.0,0.0,0.0,0.0,0.0,0.0,0.0,0.0,0.0,0.0,0.0,0.0,0.0,0.0,0.0,0.0,0.0,0.0,0.0,0.0,0.0,0.0,0.0,0.0,0.0,0.0,0.0,0.0,0.0,0.0,0.0,0.0,0.0,0.0,0.0,0.0,0.0,0.0,0.0,0.0,0.0,0.0,0.0,0.0,0.0,0.0,0.0,0.0,0.0,0.0,0.0,0.0,0.0,0.0,0.0,0.0,0.0,0.0,0.0,0.0,0.0,0.0,0.0,0.0,0.0,0.0,0.0,0.0,0.0,0.0,0.0,0.0,0.0,0.0,0.0,0.0,0.0,0.0,0.0,0.0,0.0,0.0,0.0,0.0,0.0,0.0,0.0,0.0,0.0,0.0,0.0,0.0,0.0,0.0,0.0,0.0,0.0,0.0,0.0,0.0,0.0,0.0,0.0,0.0
2017-05-31 22:11:00+02:00,0.0,0.0,0.0,0.0,0.0,0.0,0.0,0.0,0.0,0.0,0.0,0.0,0.0,0.0,0.0,0.0,0.0,0.0,0.0,0.0,0.0,0.0,0.0,0.0,0.0,0.0,0.0,0.0,0.0,0.0,0.0,0.0,0.0,0.0,0.0,0.0,0.0,0.0,0.0,0.0,0.0,0.0,0.0,0.0,0.0,0.0,0.0,0.0,0.0,0.0,0.0,0.0,0.0,0.0,0.0,0.0,0.0,0.0,0.0,0.0,0.0,0.0,0.0,0.0,0.0,0.0,0.0,0.0,0.0,0.0,0.0,0.0,0.0,0.0,0.0,0.0,0.0,0.0,0.0,0.0,0.0,0.0,0.0,0.0,0.0,0.0,0.0,0.0,0.0,0.0,0.0,0.0,0.0,0.0,0.0,0.0,0.0,0.0,0.0,0.0,0.0,0.0,0.0,0.0,0.0,0.0,0.0,0.0,0.0,0.0,0.0,0.0,0.0,0.0,0.0,0.0,0.0,0.0
2017-05-31 22:12:00+02:00,0.0,0.0,0.0,0.0,0.0,0.0,0.0,0.0,0.0,0.0,0.0,0.0,0.0,0.0,0.0,0.0,0.0,0.0,0.0,0.0,0.0,0.0,0.0,0.0,0.0,0.0,0.0,0.0,0.0,0.0,0.0,0.0,0.0,0.0,0.0,0.0,0.0,0.0,0.0,0.0,0.0,0.0,0.0,0.0,0.0,0.0,0.0,0.0,0.0,0.0,0.0,0.0,0.0,0.0,0.0,0.0,0.0,0.0,0.0,0.0,0.0,0.0,0.0,0.0,0.0,0.0,0.0,0.0,0.0,0.0,0.0,0.0,0.0,0.0,0.0,0.0,0.0,0.0,0.0,0.0,0.0,0.0,0.0,0.0,0.0,0.0,0.0,0.0,0.0,0.0,0.0,0.0,0.0,0.0,0.0,0.0,0.0,0.0,0.0,0.0,0.0,0.0,0.0,0.0,0.0,0.0,0.0,0.0,0.0,0.0,0.0,0.0,0.0,0.0,0.0,0.0,0.0,0.0
2017-05-31 22:13:00+02:00,0.0,0.0,0.0,0.0,0.0,0.0,0.0,0.0,0.0,0.0,0.0,0.0,0.0,0.0,0.0,0.0,0.0,0.0,0.0,0.0,0.0,0.0,0.0,0.0,0.0,0.0,0.0,0.0,0.0,0.0,0.0,0.0,0.0,0.0,0.0,0.0,0.0,0.0,0.0,0.0,0.0,0.0,0.0,0.0,0.0,0.0,0.0,0.0,0.0,0.0,0.0,0.0,0.0,0.0,0.0,0.0,0.0,0.0,0.0,0.0,0.0,0.0,0.0,0.0,0.0,0.0,0.0,0.0,0.0,0.0,0.0,0.0,0.0,0.0,0.0,0.0,0.0,0.0,0.0,0.0,0.0,0.0,0.0,0.0,0.0,0.0,0.0,0.0,0.0,0.0,0.0,0.0,0.0,0.0,0.0,0.0,0.0,0.0,0.0,0.0,0.0,0.0,0.0,0.0,0.0,0.0,0.0,0.0,0.0,0.0,0.0,0.0,0.0,0.0,0.0,0.0,0.0,0.0
2017-05-31 22:14:00+02:00,0.0,0.0,0.0,0.0,0.0,0.0,0.0,0.0,0.0,0.0,0.0,0.0,0.0,0.0,0.0,0.0,0.0,0.0,0.0,0.0,0.0,0.0,0.0,0.0,0.0,0.0,0.0,0.0,0.0,0.0,0.0,0.0,0.0,0.0,0.0,0.0,0.0,0.0,0.0,0.0,0.0,0.0,0.0,0.0,0.0,0.0,0.0,0.0,0.0,0.0,0.0,0.0,0.0,0.0,0.0,0.0,0.0,0.0,0.0,0.0,0.0,0.0,0.0,0.0,0.0,0.0,0.0,0.0,0.0,0.0,0.0,0.0,0.0,0.0,0.0,0.0,0.0,0.0,0.0,0.0,0.0,0.0,0.0,0.0,0.0,0.0,0.0,0.0,0.0,0.0,0.0,0.0,0.0,0.0,0.0,0.0,0.0,0.0,0.0,0.0,0.0,0.0,0.0,0.0,0.0,0.0,0.0,0.0,0.0,0.0,0.0,0.0,0.0,0.0,0.0,0.0,0.0,0.0
2017-05-31 22:15:00+02:00,0.0,0.0,0.0,0.0,0.0,0.0,0.0,0.0,0.0,0.0,0.0,0.0,0.0,0.0,0.0,0.0,0.0,0.0,0.0,0.0,0.0,0.0,0.0,0.0,0.0,0.0,0.0,0.0,0.0,0.0,0.0,0.0,0.0,0.0,0.0,0.0,0.0,0.0,0.0,0.0,0.0,0.0,0.0,0.0,0.0,0.0,0.0,0.0,0.0,0.0,0.0,0.0,0.0,0.0,0.0,0.0,0.0,0.0,0.0,0.0,0.0,0.0,0.0,0.0,0.0,0.0,0.0,0.0,0.0,0.0,0.0,0.0,0.0,0.0,0.0,0.0,0.0,0.0,0.0,0.0,0.0,0.0,0.0,0.0,0.0,0.0,0.0,0.0,0.0,0.0,0.0,0.0,0.0,0.0,0.0,0.0,0.0,0.0,0.0,0.0,0.0,0.0,0.0,0.0,0.0,0.0,0.0,0.0,0.0,0.0,0.0,0.0,0.0,0.0,0.0,0.0,0.0,0.0
2017-05-31 22:16:00+02:00,0.0,0.0,0.0,0.0,0.0,0.0,0.0,0.0,0.0,0.0,0.0,0.0,0.0,0.0,0.0,0.0,0.0,0.0,0.0,0.0,0.0,0.0,0.0,0.0,0.0,0.0,0.0,0.0,0.0,0.0,0.0,0.0,0.0,0.0,0.0,0.0,0.0,0.0,0.0,0.0,0.0,0.0,0.0,0.0,0.0,0.0,0.0,0.0,0.0,0.0,0.0,0.0,0.0,0.0,0.0,0.0,0.0,0.0,0.0,0.0,0.0,0.0,0.0,0.0,0.0,0.0,0.0,0.0,0.0,0.0,0.0,0.0,0.0,0.0,0.0,0.0,0.0,0.0,0.0,0.0,0.0,0.0,0.0,0.0,0.0,0.0,0.0,0.0,0.0,0.0,0.0,0.0,0.0,0.0,0.0,0.0,0.0,0.0,0.0,0.0,0.0,0.0,0.0,0.0,0.0,0.0,0.0,0.0,0.0,0.0,0.0,0.0,0.0,0.0,0.0,0.0,0.0,0.0
2017-05-31 22:17:00+02:00,0.0,0.0,0.0,0.0,0.0,0.0,0.0,0.0,0.0,0.0,0.0,0.0,0.0,0.0,0.0,0.0,0.0,0.0,0.0,0.0,0.0,0.0,0.0,0.0,0.0,0.0,0.0,0.0,0.0,0.0,0.0,0.0,0.0,0.0,0.0,0.0,0.0,0.0,0.0,0.0,0.0,0.0,0.0,0.0,0.0,0.0,0.0,0.0,0.0,0.0,0.0,0.0,0.0,0.0,0.0,0.0,0.0,0.0,0.0,0.0,0.0,0.0,0.0,0.0,0.0,0.0,0.0,0.0,0.0,0.0,0.0,0.0,0.0,0.0,0.0,0.0,0.0,0.0,0.0,0.0,0.0,0.0,0.0,0.0,0.0,0.0,0.0,0.0,0.0,0.0,0.0,0.0,0.0,0.0,0.0,0.0,0.0,0.0,0.0,0.0,0.0,0.0,0.0,0.0,0.0,0.0,0.0,0.0,0.0,0.0,0.0,0.0,0.0,0.0,0.0,0.0,0.0,0.0
2017-05-31 22:18:00+02:00,0.0,0.0,0.0,0.0,0.0,0.0,0.0,0.0,0.0,0.0,0.0,0.0,0.0,0.0,0.0,0.0,0.0,0.0,0.0,0.0,0.0,0.0,0.0,0.0,0.0,0.0,0.0,0.0,0.0,0.0,0.0,0.0,0.0,0.0,0.0,0.0,0.0,0.0,0.0,0.0,0.0,0.0,0.0,0.0,0.0,0.0,0.0,0.0,0.0,0.0,0.0,0.0,0.0,0.0,0.0,0.0,0.0,0.0,0.0,0.0,0.0,0.0,0.0,0.0,0.0,0.0,0.0,0.0,0.0,0.0,0.0,0.0,0.0,0.0,0.0,0.0,0.0,0.0,0.0,0.0,0.0,0.0,0.0,0.0,0.0,0.0,0.0,0.0,0.0,0.0,0.0,0.0,0.0,0.0,0.0,0.0,0.0,0.0,0.0,0.0,0.0,0.0,0.0,0.0,0.0,0.0,0.0,0.0,0.0,0.0,0.0,0.0,0.0,0.0,0.0,0.0,0.0,0.0
2017-05-31 22:19:00+02:00,0.0,0.0,0.0,0.0,0.0,0.0,0.0,0.0,0.0,0.0,0.0,0.0,0.0,0.0,0.0,0.0,0.0,0.0,0.0,0.0,0.0,0.0,0.0,0.0,0.0,0.0,0.0,0.0,0.0,0.0,0.0,0.0,0.0,0.0,0.0,0.0,0.0,0.0,0.0,0.0,0.0,0.0,0.0,0.0,0.0,0.0,0.0,0.0,0.0,0.0,0.0,0.0,0.0,0.0,0.0,0.0,0.0,0.0,0.0,0.0,0.0,0.0,0.0,0.0,0.0,0.0,0.0,0.0,0.0,0.0,0.0,0.0,0.0,0.0,0.0,0.0,0.0,0.0,0.0,0.0,0.0,0.0,0.0,0.0,0.0,0.0,0.0,0.0,0.0,0.0,0.0,0.0,0.0,0.0,0.0,0.0,0.0,0.0,0.0,0.0,0.0,0.0,0.0,0.0,0.0,0.0,0.0,0.0,0.0,0.0,0.0,0.0,0.0,0.0,0.0,0.0,0.0,0.0
2017-05-31 22:20:00+02:00,0.0,0.0,0.0,0.0,0.0,0.0,0.0,0.0,0.0,0.0,0.0,0.0,0.0,0.0,0.0,0.0,0.0,0.0,0.0,0.0,0.0,0.0,0.0,0.0,0.0,0.0,0.0,0.0,0.0,0.0,0.0,0.0,0.0,0.0,0.0,0.0,0.0,0.0,0.0,0.0,0.0,0.0,0.0,0.0,0.0,0.0,0.0,0.0,0.0,0.0,0.0,0.0,0.0,0.0,0.0,0.0,0.0,0.0,0.0,0.0,0.0,0.0,0.0,0.0,0.0,0.0,0.0,0.0,0.0,0.0,0.0,0.0,0.0,0.0,0.0,0.0,0.0,0.0,0.0,0.0,0.0,0.0,0.0,0.0,0.0,0.0,0.0,0.0,0.0,0.0,0.0,0.0,0.0,0.0,0.0,0.0,0.0,0.0,0.0,0.0,0.0,0.0,0.0,0.0,0.0,0.0,0.0,0.0,0.0,0.0,0.0,0.0,0.0,0.0,0.0,0.0,0.0,0.0
2017-05-31 22:21:00+02:00,0.0,0.0,0.0,0.0,0.0,0.0,0.0,0.0,0.0,0.0,0.0,0.0,0.0,0.0,0.0,0.0,0.0,0.0,0.0,0.0,0.0,0.0,0.0,0.0,0.0,0.0,0.0,0.0,0.0,0.0,0.0,0.0,0.0,0.0,0.0,0.0,0.0,0.0,0.0,0.0,0.0,0.0,0.0,0.0,0.0,0.0,0.0,0.0,0.0,0.0,0.0,0.0,0.0,0.0,0.0,0.0,0.0,0.0,0.0,0.0,0.0,0.0,0.0,0.0,0.0,0.0,0.0,0.0,0.0,0.0,0.0,0.0,0.0,0.0,0.0,0.0,0.0,0.0,0.0,0.0,0.0,0.0,0.0,0.0,0.0,0.0,0.0,0.0,0.0,0.0,0.0,0.0,0.0,0.0,0.0,0.0,0.0,0.0,0.0,0.0,0.0,0.0,0.0,0.0,0.0,0.0,0.0,0.0,0.0,0.0,0.0,0.0,0.0,0.0,0.0,0.0,0.0,0.0
2017-05-31 22:22:00+02:00,0.0,0.0,0.0,0.0,0.0,0.0,0.0,0.0,0.0,0.0,0.0,0.0,0.0,0.0,0.0,0.0,0.0,0.0,0.0,0.0,0.0,0.0,0.0,0.0,0.0,0.0,0.0,0.0,0.0,0.0,0.0,0.0,0.0,0.0,0.0,0.0,0.0,0.0,0.0,0.0,0.0,0.0,0.0,0.0,0.0,0.0,0.0,0.0,0.0,0.0,0.0,0.0,0.0,0.0,0.0,0.0,0.0,0.0,0.0,0.0,0.0,0.0,0.0,0.0,0.0,0.0,0.0,0.0,0.0,0.0,0.0,0.0,0.0,0.0,0.0,0.0,0.0,0.0,0.0,0.0,0.0,0.0,0.0,0.0,0.0,0.0,0.0,0.0,0.0,0.0,0.0,0.0,0.0,0.0,0.0,0.0,0.0,0.0,0.0,0.0,0.0,0.0,0.0,0.0,0.0,0.0,0.0,0.0,0.0,0.0,0.0,0.0,0.0,0.0,0.0,0.0,0.0,0.0
2017-05-31 22:23:00+02:00,0.0,0.0,0.0,0.0,0.0,0.0,0.0,0.0,0.0,0.0,0.0,0.0,0.0,0.0,0.0,0.0,0.0,0.0,0.0,0.0,0.0,0.0,0.0,0.0,0.0,0.0,0.0,0.0,0.0,0.0,0.0,0.0,0.0,0.0,0.0,0.0,0.0,0.0,0.0,0.0,0.0,0.0,0.0,0.0,0.0,0.0,0.0,0.0,0.0,0.0,0.0,0.0,0.0,0.0,0.0,0.0,0.0,0.0,0.0,0.0,0.0,0.0,0.0,0.0,0.0,0.0,0.0,0.0,0.0,0.0,0.0,0.0,0.0,0.0,0.0,0.0,0.0,0.0,0.0,0.0,0.0,0.0,0.0,0.0,0.0,0.0,0.0,0.0,0.0,0.0,0.0,0.0,0.0,0.0,0.0,0.0,0.0,0.0,0.0,0.0,0.0,0.0,0.0,0.0,0.0,0.0,0.0,0.0,0.0,0.0,0.0,0.0,0.0,0.0,0.0,0.0,0.0,0.0
2017-05-31 22:24:00+02:00,0.0,0.0,0.0,0.0,0.0,0.0,0.0,0.0,0.0,0.0,0.0,0.0,0.0,0.0,0.0,0.0,0.0,0.0,0.0,0.0,0.0,0.0,0.0,0.0,0.0,0.0,0.0,0.0,0.0,0.0,0.0,0.0,0.0,0.0,0.0,0.0,0.0,0.0,0.0,0.0,0.0,0.0,0.0,0.0,0.0,0.0,0.0,0.0,0.0,0.0,0.0,0.0,0.0,0.0,0.0,0.0,0.0,0.0,0.0,0.0,0.0,0.0,0.0,0.0,0.0,0.0,0.0,0.0,0.0,0.0,0.0,0.0,0.0,0.0,0.0,0.0,0.0,0.0,0.0,0.0,0.0,0.0,0.0,0.0,0.0,0.0,0.0,0.0,0.0,0.0,0.0,0.0,0.0,0.0,0.0,0.0,0.0,0.0,0.0,0.0,0.0,0.0,0.0,0.0,0.0,0.0,0.0,0.0,0.0,0.0,0.0,0.0,0.0,0.0,0.0,0.0,0.0,0.0
2017-05-31 22:25:00+02:00,0.0,0.0,0.0,0.0,0.0,0.0,0.0,0.0,0.0,0.0,0.0,0.0,0.0,0.0,0.0,0.0,0.0,0.0,0.0,0.0,0.0,0.0,0.0,0.0,0.0,0.0,0.0,0.0,0.0,0.0,0.0,0.0,0.0,0.0,0.0,0.0,0.0,0.0,0.0,0.0,0.0,0.0,0.0,0.0,0.0,0.0,0.0,0.0,0.0,0.0,0.0,0.0,0.0,0.0,0.0,0.0,0.0,0.0,0.0,0.0,0.0,0.0,0.0,0.0,0.0,0.0,0.0,0.0,0.0,0.0,0.0,0.0,0.0,0.0,0.0,0.0,0.0,0.0,0.0,0.0,0.0,0.0,0.0,0.0,0.0,0.0,0.0,0.0,0.0,0.0,0.0,0.0,0.0,0.0,0.0,0.0,0.0,0.0,0.0,0.0,0.0,0.0,0.0,0.0,0.0,0.0,0.0,0.0,0.0,0.0,0.0,0.0,0.0,0.0,0.0,0.0,0.0,0.0
2017-05-31 22:26:00+02:00,0.0,0.0,0.0,0.0,0.0,0.0,0.0,0.0,0.0,0.0,0.0,0.0,0.0,0.0,0.0,0.0,0.0,0.0,0.0,0.0,0.0,0.0,0.0,0.0,0.0,0.0,0.0,0.0,0.0,0.0,0.0,0.0,0.0,0.0,0.0,0.0,0.0,0.0,0.0,0.0,0.0,0.0,0.0,0.0,0.0,0.0,0.0,0.0,0.0,0.0,0.0,0.0,0.0,0.0,0.0,0.0,0.0,0.0,0.0,0.0,0.0,0.0,0.0,0.0,0.0,0.0,0.0,0.0,0.0,0.0,0.0,0.0,0.0,0.0,0.0,0.0,0.0,0.0,0.0,0.0,0.0,0.0,0.0,0.0,0.0,0.0,0.0,0.0,0.0,0.0,0.0,0.0,0.0,0.0,0.0,0.0,0.0,0.0,0.0,0.0,0.0,0.0,0.0,0.0,0.0,0.0,0.0,0.0,0.0,0.0,0.0,0.0,0.0,0.0,0.0,0.0,0.0,0.0
2017-05-31 22:27:00+02:00,0.0,0.0,0.0,0.0,0.0,0.0,0.0,0.0,0.0,0.0,0.0,0.0,0.0,0.0,0.0,0.0,0.0,0.0,0.0,0.0,0.0,0.0,0.0,0.0,0.0,0.0,0.0,0.0,0.0,0.0,0.0,0.0,0.0,0.0,0.0,0.0,0.0,0.0,0.0,0.0,0.0,0.0,0.0,0.0,0.0,0.0,0.0,0.0,0.0,0.0,0.0,0.0,0.0,0.0,0.0,0.0,0.0,0.0,0.0,0.0,0.0,0.0,0.0,0.0,0.0,0.0,0.0,0.0,0.0,0.0,0.0,0.0,0.0,0.0,0.0,0.0,0.0,0.0,0.0,0.0,0.0,0.0,0.0,0.0,0.0,0.0,0.0,0.0,0.0,0.0,0.0,0.0,0.0,0.0,0.0,0.0,0.0,0.0,0.0,0.0,0.0,0.0,0.0,0.0,0.0,0.0,0.0,0.0,0.0,0.0,0.0,0.0,0.0,0.0,0.0,0.0,0.0,0.0
2017-05-31 22:28:00+02:00,0.0,0.0,0.0,0.0,0.0,0.0,0.0,0.0,0.0,0.0,0.0,0.0,0.0,0.0,0.0,0.0,0.0,0.0,0.0,0.0,0.0,0.0,0.0,0.0,0.0,0.0,0.0,0.0,0.0,0.0,0.0,0.0,0.0,0.0,0.0,0.0,0.0,0.0,0.0,0.0,0.0,0.0,0.0,0.0,0.0,0.0,0.0,0.0,0.0,0.0,0.0,0.0,0.0,0.0,0.0,0.0,0.0,0.0,0.0,0.0,0.0,0.0,0.0,0.0,0.0,0.0,0.0,0.0,0.0,0.0,0.0,0.0,0.0,0.0,0.0,0.0,0.0,0.0,0.0,0.0,0.0,0.0,0.0,0.0,0.0,0.0,0.0,0.0,0.0,0.0,0.0,0.0,0.0,0.0,0.0,0.0,0.0,0.0,0.0,0.0,0.0,0.0,0.0,0.0,0.0,0.0,0.0,0.0,0.0,0.0,0.0,0.0,0.0,0.0,0.0,0.0,0.0,0.0
2017-05-31 22:29:00+02:00,0.0,0.0,0.0,0.0,0.0,0.0,0.0,0.0,0.0,0.0,0.0,0.0,0.0,0.0,0.0,0.0,0.0,0.0,0.0,0.0,0.0,0.0,0.0,0.0,0.0,0.0,0.0,0.0,0.0,0.0,0.0,0.0,0.0,0.0,0.0,0.0,0.0,0.0,0.0,0.0,0.0,0.0,0.0,0.0,0.0,0.0,0.0,0.0,0.0,0.0,0.0,0.0,0.0,0.0,0.0,0.0,0.0,0.0,0.0,0.0,0.0,0.0,0.0,0.0,0.0,0.0,0.0,0.0,0.0,0.0,0.0,0.0,0.0,0.0,0.0,0.0,0.0,0.0,0.0,0.0,0.0,0.0,0.0,0.0,0.0,0.0,0.0,0.0,0.0,0.0,0.0,0.0,0.0,0.0,0.0,0.0,0.0,0.0,0.0,0.0,0.0,0.0,0.0,0.0,0.0,0.0,0.0,0.0,0.0,0.0,0.0,0.0,0.0,0.0,0.0,0.0,0.0,0.0
2017-05-31 22:30:00+02:00,0.0,0.0,0.0,0.0,0.0,0.0,0.0,0.0,0.0,0.0,0.0,0.0,0.0,0.0,0.0,0.0,0.0,0.0,0.0,0.0,0.0,0.0,0.0,0.0,0.0,0.0,0.0,0.0,0.0,0.0,0.0,0.0,0.0,0.0,0.0,0.0,0.0,0.0,0.0,0.0,0.0,0.0,0.0,0.0,0.0,0.0,0.0,0.0,0.0,0.0,0.0,0.0,0.0,0.0,0.0,0.0,0.0,0.0,0.0,0.0,0.0,0.0,0.0,0.0,0.0,0.0,0.0,0.0,0.0,0.0,0.0,0.0,0.0,0.0,0.0,0.0,0.0,0.0,0.0,0.0,0.0,0.0,0.0,0.0,0.0,0.0,0.0,0.0,0.0,0.0,0.0,0.0,0.0,0.0,0.0,0.0,0.0,0.0,0.0,0.0,0.0,0.0,0.0,0.0,0.0,0.0,0.0,0.0,0.0,0.0,0.0,0.0,0.0,0.0,0.0,0.0,0.0,0.0
2017-05-31 22:31:00+02:00,0.0,0.0,0.0,0.0,0.0,0.0,0.0,0.0,0.0,0.0,0.0,0.0,0.0,0.0,0.0,0.0,0.0,0.0,0.0,0.0,0.0,0.0,0.0,0.0,0.0,0.0,0.0,0.0,0.0,0.0,0.0,0.0,0.0,0.0,0.0,0.0,0.0,0.0,0.0,0.0,0.0,0.0,0.0,0.0,0.0,0.0,0.0,0.0,0.0,0.0,0.0,0.0,0.0,0.0,0.0,0.0,0.0,0.0,0.0,0.0,0.0,0.0,0.0,0.0,0.0,0.0,0.0,0.0,0.0,0.0,0.0,0.0,0.0,0.0,0.0,0.0,0.0,0.0,0.0,0.0,0.0,0.0,0.0,0.0,0.0,0.0,0.0,0.0,0.0,0.0,0.0,0.0,0.0,0.0,0.0,0.0,0.0,0.0,0.0,0.0,0.0,0.0,0.0,0.0,0.0,0.0,0.0,0.0,0.0,0.0,0.0,0.0,0.0,0.0,0.0,0.0,0.0,0.0
2017-05-31 22:32:00+02:00,0.0,0.0,0.0,0.0,0.0,0.0,0.0,0.0,0.0,0.0,0.0,0.0,0.0,0.0,0.0,0.0,0.0,0.0,0.0,0.0,0.0,0.0,0.0,0.0,0.0,0.0,0.0,0.0,0.0,0.0,0.0,0.0,0.0,0.0,0.0,0.0,0.0,0.0,0.0,0.0,0.0,0.0,0.0,0.0,0.0,0.0,0.0,0.0,0.0,0.0,0.0,0.0,0.0,0.0,0.0,0.0,0.0,0.0,0.0,0.0,0.0,0.0,0.0,0.0,0.0,0.0,0.0,0.0,0.0,0.0,0.0,0.0,0.0,0.0,0.0,0.0,0.0,0.0,0.0,0.0,0.0,0.0,0.0,0.0,0.0,0.0,0.0,0.0,0.0,0.0,0.0,0.0,0.0,0.0,0.0,0.0,0.0,0.0,0.0,0.0,0.0,0.0,0.0,0.0,0.0,0.0,0.0,0.0,0.0,0.0,0.0,0.0,0.0,0.0,0.0,0.0,0.0,0.0
2017-05-31 22:33:00+02:00,0.0,0.0,0.0,0.0,0.0,0.0,0.0,0.0,0.0,0.0,0.0,0.0,0.0,0.0,0.0,0.0,0.0,0.0,0.0,0.0,0.0,0.0,0.0,0.0,0.0,0.0,0.0,0.0,0.0,0.0,0.0,0.0,0.0,0.0,0.0,0.0,0.0,0.0,0.0,0.0,0.0,0.0,0.0,0.0,0.0,0.0,0.0,0.0,0.0,0.0,0.0,0.0,0.0,0.0,0.0,0.0,0.0,0.0,0.0,0.0,0.0,0.0,0.0,0.0,0.0,0.0,0.0,0.0,0.0,0.0,0.0,0.0,0.0,0.0,0.0,0.0,0.0,0.0,0.0,0.0,0.0,0.0,0.0,0.0,0.0,0.0,0.0,0.0,0.0,0.0,0.0,0.0,0.0,0.0,0.0,0.0,0.0,0.0,0.0,0.0,0.0,0.0,0.0,0.0,0.0,0.0,0.0,0.0,0.0,0.0,0.0,0.0,0.0,0.0,0.0,0.0,0.0,0.0
2017-05-31 22:34:00+02:00,0.0,0.0,0.0,0.0,0.0,0.0,0.0,0.0,0.0,0.0,0.0,0.0,0.0,0.0,0.0,0.0,0.0,0.0,0.0,0.0,0.0,0.0,0.0,0.0,0.0,0.0,0.0,0.0,0.0,0.0,0.0,0.0,0.0,0.0,0.0,0.0,0.0,0.0,0.0,0.0,0.0,0.0,0.0,0.0,0.0,0.0,0.0,0.0,0.0,0.0,0.0,0.0,0.0,0.0,0.0,0.0,0.0,0.0,0.0,0.0,0.0,0.0,0.0,0.0,0.0,0.0,0.0,0.0,0.0,0.0,0.0,0.0,0.0,0.0,0.0,0.0,0.0,0.0,0.0,0.0,0.0,0.0,0.0,0.0,0.0,0.0,0.0,0.0,0.0,0.0,0.0,0.0,0.0,0.0,0.0,0.0,0.0,0.0,0.0,0.0,0.0,0.0,0.0,0.0,0.0,0.0,0.0,0.0,0.0,0.0,0.0,0.0,0.0,0.0,0.0,0.0,0.0,0.0
2017-05-31 22:35:00+02:00,0.0,0.0,0.0,0.0,0.0,0.0,0.0,0.0,0.0,0.0,0.0,0.0,0.0,0.0,0.0,0.0,0.0,0.0,0.0,0.0,0.0,0.0,0.0,0.0,0.0,0.0,0.0,0.0,0.0,0.0,0.0,0.0,0.0,0.0,0.0,0.0,0.0,0.0,0.0,0.0,0.0,0.0,0.0,0.0,0.0,0.0,0.0,0.0,0.0,0.0,0.0,0.0,0.0,0.0,0.0,0.0,0.0,0.0,0.0,0.0,0.0,0.0,0.0,0.0,0.0,0.0,0.0,0.0,0.0,0.0,0.0,0.0,0.0,0.0,0.0,0.0,0.0,0.0,0.0,0.0,0.0,0.0,0.0,0.0,0.0,0.0,0.0,0.0,0.0,0.0,0.0,0.0,0.0,0.0,0.0,0.0,0.0,0.0,0.0,0.0,0.0,0.0,0.0,0.0,0.0,0.0,0.0,0.0,0.0,0.0,0.0,0.0,0.0,0.0,0.0,0.0,0.0,0.0
2017-05-31 22:36:00+02:00,0.0,0.0,0.0,0.0,0.0,0.0,0.0,0.0,0.0,0.0,0.0,0.0,0.0,0.0,0.0,0.0,0.0,0.0,0.0,0.0,0.0,0.0,0.0,0.0,0.0,0.0,0.0,0.0,0.0,0.0,0.0,0.0,0.0,0.0,0.0,0.0,0.0,0.0,0.0,0.0,0.0,0.0,0.0,0.0,0.0,0.0,0.0,0.0,0.0,0.0,0.0,0.0,0.0,0.0,0.0,0.0,0.0,0.0,0.0,0.0,0.0,0.0,0.0,0.0,0.0,0.0,0.0,0.0,0.0,0.0,0.0,0.0,0.0,0.0,0.0,0.0,0.0,0.0,0.0,0.0,0.0,0.0,0.0,0.0,0.0,0.0,0.0,0.0,0.0,0.0,0.0,0.0,0.0,0.0,0.0,0.0,0.0,0.0,0.0,0.0,0.0,0.0,0.0,0.0,0.0,0.0,0.0,0.0,0.0,0.0,0.0,0.0,0.0,0.0,0.0,0.0,0.0,0.0
2017-05-31 22:37:00+02:00,0.0,0.0,0.0,0.0,0.0,0.0,0.0,0.0,0.0,0.0,0.0,0.0,0.0,0.0,0.0,0.0,0.0,0.0,0.0,0.0,0.0,0.0,0.0,0.0,0.0,0.0,0.0,0.0,0.0,0.0,0.0,0.0,0.0,0.0,0.0,0.0,0.0,0.0,0.0,0.0,0.0,0.0,0.0,0.0,0.0,0.0,0.0,0.0,0.0,0.0,0.0,0.0,0.0,0.0,0.0,0.0,0.0,0.0,0.0,0.0,0.0,0.0,0.0,0.0,0.0,0.0,0.0,0.0,0.0,0.0,0.0,0.0,0.0,0.0,0.0,0.0,0.0,0.0,0.0,0.0,0.0,0.0,0.0,0.0,0.0,0.0,0.0,0.0,0.0,0.0,0.0,0.0,0.0,0.0,0.0,0.0,0.0,0.0,0.0,0.0,0.0,0.0,0.0,0.0,0.0,0.0,0.0,0.0,0.0,0.0,0.0,0.0,0.0,0.0,0.0,0.0,0.0,0.0
2017-05-31 22:38:00+02:00,0.0,0.0,0.0,0.0,0.0,0.0,0.0,0.0,0.0,0.0,0.0,0.0,0.0,0.0,0.0,0.0,0.0,0.0,0.0,0.0,0.0,0.0,0.0,0.0,0.0,0.0,0.0,0.0,0.0,0.0,0.0,0.0,0.0,0.0,0.0,0.0,0.0,0.0,0.0,0.0,0.0,0.0,0.0,0.0,0.0,0.0,0.0,0.0,0.0,0.0,0.0,0.0,0.0,0.0,0.0,0.0,0.0,0.0,0.0,0.0,0.0,0.0,0.0,0.0,0.0,0.0,0.0,0.0,0.0,0.0,0.0,0.0,0.0,0.0,0.0,0.0,0.0,0.0,0.0,0.0,0.0,0.0,0.0,0.0,0.0,0.0,0.0,0.0,0.0,0.0,0.0,0.0,0.0,0.0,0.0,0.0,0.0,0.0,0.0,0.0,0.0,0.0,0.0,0.0,0.0,0.0,0.0,0.0,0.0,0.0,0.0,0.0,0.0,0.0,0.0,0.0,0.0,0.0
2017-05-31 22:39:00+02:00,0.0,0.0,0.0,0.0,0.0,0.0,0.0,0.0,0.0,0.0,0.0,0.0,0.0,0.0,0.0,0.0,0.0,0.0,0.0,0.0,0.0,0.0,0.0,0.0,0.0,0.0,0.0,0.0,0.0,0.0,0.0,0.0,0.0,0.0,0.0,0.0,0.0,0.0,0.0,0.0,0.0,0.0,0.0,0.0,0.0,0.0,0.0,0.0,0.0,0.0,0.0,0.0,0.0,0.0,0.0,0.0,0.0,0.0,0.0,0.0,0.0,0.0,0.0,0.0,0.0,0.0,0.0,0.0,0.0,0.0,0.0,0.0,0.0,0.0,0.0,0.0,0.0,0.0,0.0,0.0,0.0,0.0,0.0,0.0,0.0,0.0,0.0,0.0,0.0,0.0,0.0,0.0,0.0,0.0,0.0,0.0,0.0,0.0,0.0,0.0,0.0,0.0,0.0,0.0,0.0,0.0,0.0,0.0,0.0,0.0,0.0,0.0,0.0,0.0,0.0,0.0,0.0,0.0
2017-05-31 22:40:00+02:00,0.0,0.0,0.0,0.0,0.0,0.0,0.0,0.0,0.0,0.0,0.0,0.0,0.0,0.0,0.0,0.0,0.0,0.0,0.0,0.0,0.0,0.0,0.0,0.0,0.0,0.0,0.0,0.0,0.0,0.0,0.0,0.0,0.0,0.0,0.0,0.0,0.0,0.0,0.0,0.0,0.0,0.0,0.0,0.0,0.0,0.0,0.0,0.0,0.0,0.0,0.0,0.0,0.0,0.0,0.0,0.0,0.0,0.0,0.0,0.0,0.0,0.0,0.0,0.0,0.0,0.0,0.0,0.0,0.0,0.0,0.0,0.0,0.0,0.0,0.0,0.0,0.0,0.0,0.0,0.0,0.0,0.0,0.0,0.0,0.0,0.0,0.0,0.0,0.0,0.0,0.0,0.0,0.0,0.0,0.0,0.0,0.0,0.0,0.0,0.0,0.0,0.0,0.0,0.0,0.0,0.0,0.0,0.0,0.0,0.0,0.0,0.0,0.0,0.0,0.0,0.0,0.0,0.0
2017-05-31 22:41:00+02:00,0.0,0.0,0.0,0.0,0.0,0.0,0.0,0.0,0.0,0.0,0.0,0.0,0.0,0.0,0.0,0.0,0.0,0.0,0.0,0.0,0.0,0.0,0.0,0.0,0.0,0.0,0.0,0.0,0.0,0.0,0.0,0.0,0.0,0.0,0.0,0.0,0.0,0.0,0.0,0.0,0.0,0.0,0.0,0.0,0.0,0.0,0.0,0.0,0.0,0.0,0.0,0.0,0.0,0.0,0.0,0.0,0.0,0.0,0.0,0.0,0.0,0.0,0.0,0.0,0.0,0.0,0.0,0.0,0.0,0.0,0.0,0.0,0.0,0.0,0.0,0.0,0.0,0.0,0.0,0.0,0.0,0.0,0.0,0.0,0.0,0.0,0.0,0.0,0.0,0.0,0.0,0.0,0.0,0.0,0.0,0.0,0.0,0.0,0.0,0.0,0.0,0.0,0.0,0.0,0.0,0.0,0.0,0.0,0.0,0.0,0.0,0.0,0.0,0.0,0.0,0.0,0.0,0.0
2017-05-31 22:42:00+02:00,0.0,0.0,0.0,0.0,0.0,0.0,0.0,0.0,0.0,0.0,0.0,0.0,0.0,0.0,0.0,0.0,0.0,0.0,0.0,0.0,0.0,0.0,0.0,0.0,0.0,0.0,0.0,0.0,0.0,0.0,0.0,0.0,0.0,0.0,0.0,0.0,0.0,0.0,0.0,0.0,0.0,0.0,0.0,0.0,0.0,0.0,0.0,0.0,0.0,0.0,0.0,0.0,0.0,0.0,0.0,0.0,0.0,0.0,0.0,0.0,0.0,0.0,0.0,0.0,0.0,0.0,0.0,0.0,0.0,0.0,0.0,0.0,0.0,0.0,0.0,0.0,0.0,0.0,0.0,0.0,0.0,0.0,0.0,0.0,0.0,0.0,0.0,0.0,0.0,0.0,0.0,0.0,0.0,0.0,0.0,0.0,0.0,0.0,0.0,0.0,0.0,0.0,0.0,0.0,0.0,0.0,0.0,0.0,0.0,0.0,0.0,0.0,0.0,0.0,0.0,0.0,0.0,0.0
2017-05-31 22:43:00+02:00,0.0,0.0,0.0,0.0,0.0,0.0,0.0,0.0,0.0,0.0,0.0,0.0,0.0,0.0,0.0,0.0,0.0,0.0,0.0,0.0,0.0,0.0,0.0,0.0,0.0,0.0,0.0,0.0,0.0,0.0,0.0,0.0,0.0,0.0,0.0,0.0,0.0,0.0,0.0,0.0,0.0,0.0,0.0,0.0,0.0,0.0,0.0,0.0,0.0,0.0,0.0,0.0,0.0,0.0,0.0,0.0,0.0,0.0,0.0,0.0,0.0,0.0,0.0,0.0,0.0,0.0,0.0,0.0,0.0,0.0,0.0,0.0,0.0,0.0,0.0,0.0,0.0,0.0,0.0,0.0,0.0,0.0,0.0,0.0,0.0,0.0,0.0,0.0,0.0,0.0,0.0,0.0,0.0,0.0,0.0,0.0,0.0,0.0,0.0,0.0,0.0,0.0,0.0,0.0,0.0,0.0,0.0,0.0,0.0,0.0,0.0,0.0,0.0,0.0,0.0,0.0,0.0,0.0
2017-05-31 22:44:00+02:00,0.0,0.0,0.0,0.0,0.0,0.0,0.0,0.0,0.0,0.0,0.0,0.0,0.0,0.0,0.0,0.0,0.0,0.0,0.0,0.0,0.0,0.0,0.0,0.0,0.0,0.0,0.0,0.0,0.0,0.0,0.0,0.0,0.0,0.0,0.0,0.0,0.0,0.0,0.0,0.0,0.0,0.0,0.0,0.0,0.0,0.0,0.0,0.0,0.0,0.0,0.0,0.0,0.0,0.0,0.0,0.0,0.0,0.0,0.0,0.0,0.0,0.0,0.0,0.0,0.0,0.0,0.0,0.0,0.0,0.0,0.0,0.0,0.0,0.0,0.0,0.0,0.0,0.0,0.0,0.0,0.0,0.0,0.0,0.0,0.0,0.0,0.0,0.0,0.0,0.0,0.0,0.0,0.0,0.0,0.0,0.0,0.0,0.0,0.0,0.0,0.0,0.0,0.0,0.0,0.0,0.0,0.0,0.0,0.0,0.0,0.0,0.0,0.0,0.0,0.0,0.0,0.0,0.0
2017-05-31 22:45:00+02:00,0.0,0.0,0.0,0.0,0.0,0.0,0.0,0.0,0.0,0.0,0.0,0.0,0.0,0.0,0.0,0.0,0.0,0.0,0.0,0.0,0.0,0.0,0.0,0.0,0.0,0.0,0.0,0.0,0.0,0.0,0.0,0.0,0.0,0.0,0.0,0.0,0.0,0.0,0.0,0.0,0.0,0.0,0.0,0.0,0.0,0.0,0.0,0.0,0.0,0.0,0.0,0.0,0.0,0.0,0.0,0.0,0.0,0.0,0.0,0.0,0.0,0.0,0.0,0.0,0.0,0.0,0.0,0.0,0.0,0.0,0.0,0.0,0.0,0.0,0.0,0.0,0.0,0.0,0.0,0.0,0.0,0.0,0.0,0.0,0.0,0.0,0.0,0.0,0.0,0.0,0.0,0.0,0.0,0.0,0.0,0.0,0.0,0.0,0.0,0.0,0.0,0.0,0.0,0.0,0.0,0.0,0.0,0.0,0.0,0.0,0.0,0.0,0.0,0.0,0.0,0.0,0.0,0.0
2017-05-31 22:46:00+02:00,0.0,0.0,0.0,0.0,0.0,0.0,0.0,0.0,0.0,0.0,0.0,0.0,0.0,0.0,0.0,0.0,0.0,0.0,0.0,0.0,0.0,0.0,0.0,0.0,0.0,0.0,0.0,0.0,0.0,0.0,0.0,0.0,0.0,0.0,0.0,0.0,0.0,0.0,0.0,0.0,0.0,0.0,0.0,0.0,0.0,0.0,0.0,0.0,0.0,0.0,0.0,0.0,0.0,0.0,0.0,0.0,0.0,0.0,0.0,0.0,0.0,0.0,0.0,0.0,0.0,0.0,0.0,0.0,0.0,0.0,0.0,0.0,0.0,0.0,0.0,0.0,0.0,0.0,0.0,0.0,0.0,0.0,0.0,0.0,0.0,0.0,0.0,0.0,0.0,0.0,0.0,0.0,0.0,0.0,0.0,0.0,0.0,0.0,0.0,0.0,0.0,0.0,0.0,0.0,0.0,0.0,0.0,0.0,0.0,0.0,0.0,0.0,0.0,0.0,0.0,0.0,0.0,0.0
2017-05-31 22:47:00+02:00,0.0,0.0,0.0,0.0,0.0,0.0,0.0,0.0,0.0,0.0,0.0,0.0,0.0,0.0,0.0,0.0,0.0,0.0,0.0,0.0,0.0,0.0,0.0,0.0,0.0,0.0,0.0,0.0,0.0,0.0,0.0,0.0,0.0,0.0,0.0,0.0,0.0,0.0,0.0,0.0,0.0,0.0,0.0,0.0,0.0,0.0,0.0,0.0,0.0,0.0,0.0,0.0,0.0,0.0,0.0,0.0,0.0,0.0,0.0,0.0,0.0,0.0,0.0,0.0,0.0,0.0,0.0,0.0,0.0,0.0,0.0,0.0,0.0,0.0,0.0,0.0,0.0,0.0,0.0,0.0,0.0,0.0,0.0,0.0,0.0,0.0,0.0,0.0,0.0,0.0,0.0,0.0,0.0,0.0,0.0,0.0,0.0,0.0,0.0,0.0,0.0,0.0,0.0,0.0,0.0,0.0,0.0,0.0,0.0,0.0,0.0,0.0,0.0,0.0,0.0,0.0,0.0,0.0
2017-05-31 22:48:00+02:00,0.0,0.0,0.0,0.0,0.0,0.0,0.0,0.0,0.0,0.0,0.0,0.0,0.0,0.0,0.0,0.0,0.0,0.0,0.0,0.0,0.0,0.0,0.0,0.0,0.0,0.0,0.0,0.0,0.0,0.0,0.0,0.0,0.0,0.0,0.0,0.0,0.0,0.0,0.0,0.0,0.0,0.0,0.0,0.0,0.0,0.0,0.0,0.0,0.0,0.0,0.0,0.0,0.0,0.0,0.0,0.0,0.0,0.0,0.0,0.0,0.0,0.0,0.0,0.0,0.0,0.0,0.0,0.0,0.0,0.0,0.0,0.0,0.0,0.0,0.0,0.0,0.0,0.0,0.0,0.0,0.0,0.0,0.0,0.0,0.0,0.0,0.0,0.0,0.0,0.0,0.0,0.0,0.0,0.0,0.0,0.0,0.0,0.0,0.0,0.0,0.0,0.0,0.0,0.0,0.0,0.0,0.0,0.0,0.0,0.0,0.0,0.0,0.0,0.0,0.0,0.0,0.0,0.0
2017-05-31 22:49:00+02:00,0.0,0.0,0.0,0.0,0.0,0.0,0.0,0.0,0.0,0.0,0.0,0.0,0.0,0.0,0.0,0.0,0.0,0.0,0.0,0.0,0.0,0.0,0.0,0.0,0.0,0.0,0.0,0.0,0.0,0.0,0.0,0.0,0.0,0.0,0.0,0.0,0.0,0.0,0.0,0.0,0.0,0.0,0.0,0.0,0.0,0.0,0.0,0.0,0.0,0.0,0.0,0.0,0.0,0.0,0.0,0.0,0.0,0.0,0.0,0.0,0.0,0.0,0.0,0.0,0.0,0.0,0.0,0.0,0.0,0.0,0.0,0.0,0.0,0.0,0.0,0.0,0.0,0.0,0.0,0.0,0.0,0.0,0.0,0.0,0.0,0.0,0.0,0.0,0.0,0.0,0.0,0.0,0.0,0.0,0.0,0.0,0.0,0.0,0.0,0.0,0.0,0.0,0.0,0.0,0.0,0.0,0.0,0.0,0.0,0.0,0.0,0.0,0.0,0.0,0.0,0.0,0.0,0.0
2017-05-31 22:50:00+02:00,0.0,0.0,0.0,0.0,0.0,0.0,0.0,0.0,0.0,0.0,0.0,0.0,0.0,0.0,0.0,0.0,0.0,0.0,0.0,0.0,0.0,0.0,0.0,0.0,0.0,0.0,0.0,0.0,0.0,0.0,0.0,0.0,0.0,0.0,0.0,0.0,0.0,0.0,0.0,0.0,0.0,0.0,0.0,0.0,0.0,0.0,0.0,0.0,0.0,0.0,0.0,0.0,0.0,0.0,0.0,0.0,0.0,0.0,0.0,0.0,0.0,0.0,0.0,0.0,0.0,0.0,0.0,0.0,0.0,0.0,0.0,0.0,0.0,0.0,0.0,0.0,0.0,0.0,0.0,0.0,0.0,0.0,0.0,0.0,0.0,0.0,0.0,0.0,0.0,0.0,0.0,0.0,0.0,0.0,0.0,0.0,0.0,0.0,0.0,0.0,0.0,0.0,0.0,0.0,0.0,0.0,0.0,0.0,0.0,0.0,0.0,0.0,0.0,0.0,0.0,0.0,0.0,0.0
2017-05-31 22:51:00+02:00,0.0,0.0,0.0,0.0,0.0,0.0,0.0,0.0,0.0,0.0,0.0,0.0,0.0,0.0,0.0,0.0,0.0,0.0,0.0,0.0,0.0,0.0,0.0,0.0,0.0,0.0,0.0,0.0,0.0,0.0,0.0,0.0,0.0,0.0,0.0,0.0,0.0,0.0,0.0,0.0,0.0,0.0,0.0,0.0,0.0,0.0,0.0,0.0,0.0,0.0,0.0,0.0,0.0,0.0,0.0,0.0,0.0,0.0,0.0,0.0,0.0,0.0,0.0,0.0,0.0,0.0,0.0,0.0,0.0,0.0,0.0,0.0,0.0,0.0,0.0,0.0,0.0,0.0,0.0,0.0,0.0,0.0,0.0,0.0,0.0,0.0,0.0,0.0,0.0,0.0,0.0,0.0,0.0,0.0,0.0,0.0,0.0,0.0,0.0,0.0,0.0,0.0,0.0,0.0,0.0,0.0,0.0,0.0,0.0,0.0,0.0,0.0,0.0,0.0,0.0,0.0,0.0,0.0
2017-05-31 22:52:00+02:00,0.0,0.0,0.0,0.0,0.0,0.0,0.0,0.0,0.0,0.0,0.0,0.0,0.0,0.0,0.0,0.0,0.0,0.0,0.0,0.0,0.0,0.0,0.0,0.0,0.0,0.0,0.0,0.0,0.0,0.0,0.0,0.0,0.0,0.0,0.0,0.0,0.0,0.0,0.0,0.0,0.0,0.0,0.0,0.0,0.0,0.0,0.0,0.0,0.0,0.0,0.0,0.0,0.0,0.0,0.0,0.0,0.0,0.0,0.0,0.0,0.0,0.0,0.0,0.0,0.0,0.0,0.0,0.0,0.0,0.0,0.0,0.0,0.0,0.0,0.0,0.0,0.0,0.0,0.0,0.0,0.0,0.0,0.0,0.0,0.0,0.0,0.0,0.0,0.0,0.0,0.0,0.0,0.0,0.0,0.0,0.0,0.0,0.0,0.0,0.0,0.0,0.0,0.0,0.0,0.0,0.0,0.0,0.0,0.0,0.0,0.0,0.0,0.0,0.0,0.0,0.0,0.0,0.0
2017-05-31 22:53:00+02:00,0.0,0.0,0.0,0.0,0.0,0.0,0.0,0.0,0.0,0.0,0.0,0.0,0.0,0.0,0.0,0.0,0.0,0.0,0.0,0.0,0.0,0.0,0.0,0.0,0.0,0.0,0.0,0.0,0.0,0.0,0.0,0.0,0.0,0.0,0.0,0.0,0.0,0.0,0.0,0.0,0.0,0.0,0.0,0.0,0.0,0.0,0.0,0.0,0.0,0.0,0.0,0.0,0.0,0.0,0.0,0.0,0.0,0.0,0.0,0.0,0.0,0.0,0.0,0.0,0.0,0.0,0.0,0.0,0.0,0.0,0.0,0.0,0.0,0.0,0.0,0.0,0.0,0.0,0.0,0.0,0.0,0.0,0.0,0.0,0.0,0.0,0.0,0.0,0.0,0.0,0.0,0.0,0.0,0.0,0.0,0.0,0.0,0.0,0.0,0.0,0.0,0.0,0.0,0.0,0.0,0.0,0.0,0.0,0.0,0.0,0.0,0.0,0.0,0.0,0.0,0.0,0.0,0.0
2017-05-31 22:54:00+02:00,0.0,0.0,0.0,0.0,0.0,0.0,0.0,0.0,0.0,0.0,0.0,0.0,0.0,0.0,0.0,0.0,0.0,0.0,0.0,0.0,0.0,0.0,0.0,0.0,0.0,0.0,0.0,0.0,0.0,0.0,0.0,0.0,0.0,0.0,0.0,0.0,0.0,0.0,0.0,0.0,0.0,0.0,0.0,0.0,0.0,0.0,0.0,0.0,0.0,0.0,0.0,0.0,0.0,0.0,0.0,0.0,0.0,0.0,0.0,0.0,0.0,0.0,0.0,0.0,0.0,0.0,0.0,0.0,0.0,0.0,0.0,0.0,0.0,0.0,0.0,0.0,0.0,0.0,0.0,0.0,0.0,0.0,0.0,0.0,0.0,0.0,0.0,0.0,0.0,0.0,0.0,0.0,0.0,0.0,0.0,0.0,0.0,0.0,0.0,0.0,0.0,0.0,0.0,0.0,0.0,0.0,0.0,0.0,0.0,0.0,0.0,0.0,0.0,0.0,0.0,0.0,0.0,0.0
2017-05-31 22:55:00+02:00,0.0,0.0,0.0,0.0,0.0,0.0,0.0,0.0,0.0,0.0,0.0,0.0,0.0,0.0,0.0,0.0,0.0,0.0,0.0,0.0,0.0,0.0,0.0,0.0,0.0,0.0,0.0,0.0,0.0,0.0,0.0,0.0,0.0,0.0,0.0,0.0,0.0,0.0,0.0,0.0,0.0,0.0,0.0,0.0,0.0,0.0,0.0,0.0,0.0,0.0,0.0,0.0,0.0,0.0,0.0,0.0,0.0,0.0,0.0,0.0,0.0,0.0,0.0,0.0,0.0,0.0,0.0,0.0,0.0,0.0,0.0,0.0,0.0,0.0,0.0,0.0,0.0,0.0,0.0,0.0,0.0,0.0,0.0,0.0,0.0,0.0,0.0,0.0,0.0,0.0,0.0,0.0,0.0,0.0,0.0,0.0,0.0,0.0,0.0,0.0,0.0,0.0,0.0,0.0,0.0,0.0,0.0,0.0,0.0,0.0,0.0,0.0,0.0,0.0,0.0,0.0,0.0,0.0
2017-05-31 22:56:00+02:00,0.0,0.0,0.0,0.0,0.0,0.0,0.0,0.0,0.0,0.0,0.0,0.0,0.0,0.0,0.0,0.0,0.0,0.0,0.0,0.0,0.0,0.0,0.0,0.0,0.0,0.0,0.0,0.0,0.0,0.0,0.0,0.0,0.0,0.0,0.0,0.0,0.0,0.0,0.0,0.0,0.0,0.0,0.0,0.0,0.0,0.0,0.0,0.0,0.0,0.0,0.0,0.0,0.0,0.0,0.0,0.0,0.0,0.0,0.0,0.0,0.0,0.0,0.0,0.0,0.0,0.0,0.0,0.0,0.0,0.0,0.0,0.0,0.0,0.0,0.0,0.0,0.0,0.0,0.0,0.0,0.0,0.0,0.0,0.0,0.0,0.0,0.0,0.0,0.0,0.0,0.0,0.0,0.0,0.0,0.0,0.0,0.0,0.0,0.0,0.0,0.0,0.0,0.0,0.0,0.0,0.0,0.0,0.0,0.0,0.0,0.0,0.0,0.0,0.0,0.0,0.0,0.0,0.0
2017-05-31 22:57:00+02:00,0.0,0.0,0.0,0.0,0.0,0.0,0.0,0.0,0.0,0.0,0.0,0.0,0.0,0.0,0.0,0.0,0.0,0.0,0.0,0.0,0.0,0.0,0.0,0.0,0.0,0.0,0.0,0.0,0.0,0.0,0.0,0.0,0.0,0.0,0.0,0.0,0.0,0.0,0.0,0.0,0.0,0.0,0.0,0.0,0.0,0.0,0.0,0.0,0.0,0.0,0.0,0.0,0.0,0.0,0.0,0.0,0.0,0.0,0.0,0.0,0.0,0.0,0.0,0.0,0.0,0.0,0.0,0.0,0.0,0.0,0.0,0.0,0.0,0.0,0.0,0.0,0.0,0.0,0.0,0.0,0.0,0.0,0.0,0.0,0.0,0.0,0.0,0.0,0.0,0.0,0.0,0.0,0.0,0.0,0.0,0.0,0.0,0.0,0.0,0.0,0.0,0.0,0.0,0.0,0.0,0.0,0.0,0.0,0.0,0.0,0.0,0.0,0.0,0.0,0.0,0.0,0.0,0.0
2017-05-31 22:58:00+02:00,0.0,0.0,0.0,0.0,0.0,0.0,0.0,0.0,0.0,0.0,0.0,0.0,0.0,0.0,0.0,0.0,0.0,0.0,0.0,0.0,0.0,0.0,0.0,0.0,0.0,0.0,0.0,0.0,0.0,0.0,0.0,0.0,0.0,0.0,0.0,0.0,0.0,0.0,0.0,0.0,0.0,0.0,0.0,0.0,0.0,0.0,0.0,0.0,0.0,0.0,0.0,0.0,0.0,0.0,0.0,0.0,0.0,0.0,0.0,0.0,0.0,0.0,0.0,0.0,0.0,0.0,0.0,0.0,0.0,0.0,0.0,0.0,0.0,0.0,0.0,0.0,0.0,0.0,0.0,0.0,0.0,0.0,0.0,0.0,0.0,0.0,0.0,0.0,0.0,0.0,0.0,0.0,0.0,0.0,0.0,0.0,0.0,0.0,0.0,0.0,0.0,0.0,0.0,0.0,0.0,0.0,0.0,0.0,0.0,0.0,0.0,0.0,0.0,0.0,0.0,0.0,0.0,0.0
2017-05-31 22:59:00+02:00,0.0,0.0,0.0,0.0,0.0,0.0,0.0,0.0,0.0,0.0,0.0,0.0,0.0,0.0,0.0,0.0,0.0,0.0,0.0,0.0,0.0,0.0,0.0,0.0,0.0,0.0,0.0,0.0,0.0,0.0,0.0,0.0,0.0,0.0,0.0,0.0,0.0,0.0,0.0,0.0,0.0,0.0,0.0,0.0,0.0,0.0,0.0,0.0,0.0,0.0,0.0,0.0,0.0,0.0,0.0,0.0,0.0,0.0,0.0,0.0,0.0,0.0,0.0,0.0,0.0,0.0,0.0,0.0,0.0,0.0,0.0,0.0,0.0,0.0,0.0,0.0,0.0,0.0,0.0,0.0,0.0,0.0,0.0,0.0,0.0,0.0,0.0,0.0,0.0,0.0,0.0,0.0,0.0,0.0,0.0,0.0,0.0,0.0,0.0,0.0,0.0,0.0,0.0,0.0,0.0,0.0,0.0,0.0,0.0,0.0,0.0,0.0,0.0,0.0,0.0,0.0,0.0,0.0
2017-05-31 23:00:00+02:00,0.0,0.0,0.0,0.0,0.0,0.0,0.0,0.0,0.0,0.0,0.0,0.0,0.0,0.0,0.0,0.0,0.0,0.0,0.0,0.0,0.0,0.0,0.0,0.0,0.0,0.0,0.0,0.0,0.0,0.0,0.0,0.0,0.0,0.0,0.0,0.0,0.0,0.0,0.0,0.0,0.0,0.0,0.0,0.0,0.0,0.0,0.0,0.0,0.0,0.0,0.0,0.0,0.0,0.0,0.0,0.0,0.0,0.0,0.0,0.0,0.0,0.0,0.0,0.0,0.0,0.0,0.0,0.0,0.0,0.0,0.0,0.0,0.0,0.0,0.0,0.0,0.0,0.0,0.0,0.0,0.0,0.0,0.0,0.0,0.0,0.0,0.0,0.0,0.0,0.0,0.0,0.0,0.0,0.0,0.0,0.0,0.0,0.0,0.0,0.0,0.0,0.0,0.0,0.0,0.0,0.0,0.0,0.0,0.0,0.0,0.0,0.0,0.0,0.0,0.0,0.0,0.0,0.0
2017-05-31 23:01:00+02:00,0.0,0.0,0.0,0.0,0.0,0.0,0.0,0.0,0.0,0.0,0.0,0.0,0.0,0.0,0.0,0.0,0.0,0.0,0.0,0.0,0.0,0.0,0.0,0.0,0.0,0.0,0.0,0.0,0.0,0.0,0.0,0.0,0.0,0.0,0.0,0.0,0.0,0.0,0.0,0.0,0.0,0.0,0.0,0.0,0.0,0.0,0.0,0.0,0.0,0.0,0.0,0.0,0.0,0.0,0.0,0.0,0.0,0.0,0.0,0.0,0.0,0.0,0.0,0.0,0.0,0.0,0.0,0.0,0.0,0.0,0.0,0.0,0.0,0.0,0.0,0.0,0.0,0.0,0.0,0.0,0.0,0.0,0.0,0.0,0.0,0.0,0.0,0.0,0.0,0.0,0.0,0.0,0.0,0.0,0.0,0.0,0.0,0.0,0.0,0.0,0.0,0.0,0.0,0.0,0.0,0.0,0.0,0.0,0.0,0.0,0.0,0.0,0.0,0.0,0.0,0.0,0.0,0.0
2017-05-31 23:02:00+02:00,0.0,0.0,0.0,0.0,0.0,0.0,0.0,0.0,0.0,0.0,0.0,0.0,0.0,0.0,0.0,0.0,0.0,0.0,0.0,0.0,0.0,0.0,0.0,0.0,0.0,0.0,0.0,0.0,0.0,0.0,0.0,0.0,0.0,0.0,0.0,0.0,0.0,0.0,0.0,0.0,0.0,0.0,0.0,0.0,0.0,0.0,0.0,0.0,0.0,0.0,0.0,0.0,0.0,0.0,0.0,0.0,0.0,0.0,0.0,0.0,0.0,0.0,0.0,0.0,0.0,0.0,0.0,0.0,0.0,0.0,0.0,0.0,0.0,0.0,0.0,0.0,0.0,0.0,0.0,0.0,0.0,0.0,0.0,0.0,0.0,0.0,0.0,0.0,0.0,0.0,0.0,0.0,0.0,0.0,0.0,0.0,0.0,0.0,0.0,0.0,0.0,0.0,0.0,0.0,0.0,0.0,0.0,0.0,0.0,0.0,0.0,0.0,0.0,0.0,0.0,0.0,0.0,0.0
2017-05-31 23:03:00+02:00,0.0,0.0,0.0,0.0,0.0,0.0,0.0,0.0,0.0,0.0,0.0,0.0,0.0,0.0,0.0,0.0,0.0,0.0,0.0,0.0,0.0,0.0,0.0,0.0,0.0,0.0,0.0,0.0,0.0,0.0,0.0,0.0,0.0,0.0,0.0,0.0,0.0,0.0,0.0,0.0,0.0,0.0,0.0,0.0,0.0,0.0,0.0,0.0,0.0,0.0,0.0,0.0,0.0,0.0,0.0,0.0,0.0,0.0,0.0,0.0,0.0,0.0,0.0,0.0,0.0,0.0,0.0,0.0,0.0,0.0,0.0,0.0,0.0,0.0,0.0,0.0,0.0,0.0,0.0,0.0,0.0,0.0,0.0,0.0,0.0,0.0,0.0,0.0,0.0,0.0,0.0,0.0,0.0,0.0,0.0,0.0,0.0,0.0,0.0,0.0,0.0,0.0,0.0,0.0,0.0,0.0,0.0,0.0,0.0,0.0,0.0,0.0,0.0,0.0,0.0,0.0,0.0,0.0
2017-05-31 23:04:00+02:00,0.0,0.0,0.0,0.0,0.0,0.0,0.0,0.0,0.0,0.0,0.0,0.0,0.0,0.0,0.0,0.0,0.0,0.0,0.0,0.0,0.0,0.0,0.0,0.0,0.0,0.0,0.0,0.0,0.0,0.0,0.0,0.0,0.0,0.0,0.0,0.0,0.0,0.0,0.0,0.0,0.0,0.0,0.0,0.0,0.0,0.0,0.0,0.0,0.0,0.0,0.0,0.0,0.0,0.0,0.0,0.0,0.0,0.0,0.0,0.0,0.0,0.0,0.0,0.0,0.0,0.0,0.0,0.0,0.0,0.0,0.0,0.0,0.0,0.0,0.0,0.0,0.0,0.0,0.0,0.0,0.0,0.0,0.0,0.0,0.0,0.0,0.0,0.0,0.0,0.0,0.0,0.0,0.0,0.0,0.0,0.0,0.0,0.0,0.0,0.0,0.0,0.0,0.0,0.0,0.0,0.0,0.0,0.0,0.0,0.0,0.0,0.0,0.0,0.0,0.0,0.0,0.0,0.0
2017-05-31 23:05:00+02:00,0.0,0.0,0.0,0.0,0.0,0.0,0.0,0.0,0.0,0.0,0.0,0.0,0.0,0.0,0.0,0.0,0.0,0.0,0.0,0.0,0.0,0.0,0.0,0.0,0.0,0.0,0.0,0.0,0.0,0.0,0.0,0.0,0.0,0.0,0.0,0.0,0.0,0.0,0.0,0.0,0.0,0.0,0.0,0.0,0.0,0.0,0.0,0.0,0.0,0.0,0.0,0.0,0.0,0.0,0.0,0.0,0.0,0.0,0.0,0.0,0.0,0.0,0.0,0.0,0.0,0.0,0.0,0.0,0.0,0.0,0.0,0.0,0.0,0.0,0.0,0.0,0.0,0.0,0.0,0.0,0.0,0.0,0.0,0.0,0.0,0.0,0.0,0.0,0.0,0.0,0.0,0.0,0.0,0.0,0.0,0.0,0.0,0.0,0.0,0.0,0.0,0.0,0.0,0.0,0.0,0.0,0.0,0.0,0.0,0.0,0.0,0.0,0.0,0.0,0.0,0.0,0.0,0.0
2017-05-31 23:06:00+02:00,0.0,0.0,0.0,0.0,0.0,0.0,0.0,0.0,0.0,0.0,0.0,0.0,0.0,0.0,0.0,0.0,0.0,0.0,0.0,0.0,0.0,0.0,0.0,0.0,0.0,0.0,0.0,0.0,0.0,0.0,0.0,0.0,0.0,0.0,0.0,0.0,0.0,0.0,0.0,0.0,0.0,0.0,0.0,0.0,0.0,0.0,0.0,0.0,0.0,0.0,0.0,0.0,0.0,0.0,0.0,0.0,0.0,0.0,0.0,0.0,0.0,0.0,0.0,0.0,0.0,0.0,0.0,0.0,0.0,0.0,0.0,0.0,0.0,0.0,0.0,0.0,0.0,0.0,0.0,0.0,0.0,0.0,0.0,0.0,0.0,0.0,0.0,0.0,0.0,0.0,0.0,0.0,0.0,0.0,0.0,0.0,0.0,0.0,0.0,0.0,0.0,0.0,0.0,0.0,0.0,0.0,0.0,0.0,0.0,0.0,0.0,0.0,0.0,0.0,0.0,0.0,0.0,0.0
2017-05-31 23:07:00+02:00,0.0,0.0,0.0,0.0,0.0,0.0,0.0,0.0,0.0,0.0,0.0,0.0,0.0,0.0,0.0,0.0,0.0,0.0,0.0,0.0,0.0,0.0,0.0,0.0,0.0,0.0,0.0,0.0,0.0,0.0,0.0,0.0,0.0,0.0,0.0,0.0,0.0,0.0,0.0,0.0,0.0,0.0,0.0,0.0,0.0,0.0,0.0,0.0,0.0,0.0,0.0,0.0,0.0,0.0,0.0,0.0,0.0,0.0,0.0,0.0,0.0,0.0,0.0,0.0,0.0,0.0,0.0,0.0,0.0,0.0,0.0,0.0,0.0,0.0,0.0,0.0,0.0,0.0,0.0,0.0,0.0,0.0,0.0,0.0,0.0,0.0,0.0,0.0,0.0,0.0,0.0,0.0,0.0,0.0,0.0,0.0,0.0,0.0,0.0,0.0,0.0,0.0,0.0,0.0,0.0,0.0,0.0,0.0,0.0,0.0,0.0,0.0,0.0,0.0,0.0,0.0,0.0,0.0
2017-05-31 23:08:00+02:00,0.0,0.0,0.0,0.0,0.0,0.0,0.0,0.0,0.0,0.0,0.0,0.0,0.0,0.0,0.0,0.0,0.0,0.0,0.0,0.0,0.0,0.0,0.0,0.0,0.0,0.0,0.0,0.0,0.0,0.0,0.0,0.0,0.0,0.0,0.0,0.0,0.0,0.0,0.0,0.0,0.0,0.0,0.0,0.0,0.0,0.0,0.0,0.0,0.0,0.0,0.0,0.0,0.0,0.0,0.0,0.0,0.0,0.0,0.0,0.0,0.0,0.0,0.0,0.0,0.0,0.0,0.0,0.0,0.0,0.0,0.0,0.0,0.0,0.0,0.0,0.0,0.0,0.0,0.0,0.0,0.0,0.0,0.0,0.0,0.0,0.0,0.0,0.0,0.0,0.0,0.0,0.0,0.0,0.0,0.0,0.0,0.0,0.0,0.0,0.0,0.0,0.0,0.0,0.0,0.0,0.0,0.0,0.0,0.0,0.0,0.0,0.0,0.0,0.0,0.0,0.0,0.0,0.0
2017-05-31 23:09:00+02:00,0.0,0.0,0.0,0.0,0.0,0.0,0.0,0.0,0.0,0.0,0.0,0.0,0.0,0.0,0.0,0.0,0.0,0.0,0.0,0.0,0.0,0.0,0.0,0.0,0.0,0.0,0.0,0.0,0.0,0.0,0.0,0.0,0.0,0.0,0.0,0.0,0.0,0.0,0.0,0.0,0.0,0.0,0.0,0.0,0.0,0.0,0.0,0.0,0.0,0.0,0.0,0.0,0.0,0.0,0.0,0.0,0.0,0.0,0.0,0.0,0.0,0.0,0.0,0.0,0.0,0.0,0.0,0.0,0.0,0.0,0.0,0.0,0.0,0.0,0.0,0.0,0.0,0.0,0.0,0.0,0.0,0.0,0.0,0.0,0.0,0.0,0.0,0.0,0.0,0.0,0.0,0.0,0.0,0.0,0.0,0.0,0.0,0.0,0.0,0.0,0.0,0.0,0.0,0.0,0.0,0.0,0.0,0.0,0.0,0.0,0.0,0.0,0.0,0.0,0.0,0.0,0.0,0.0
2017-05-31 23:10:00+02:00,0.0,0.0,0.0,0.0,0.0,0.0,0.0,0.0,0.0,0.0,0.0,0.0,0.0,0.0,0.0,0.0,0.0,0.0,0.0,0.0,0.0,0.0,0.0,0.0,0.0,0.0,0.0,0.0,0.0,0.0,0.0,0.0,0.0,0.0,0.0,0.0,0.0,0.0,0.0,0.0,0.0,0.0,0.0,0.0,0.0,0.0,0.0,0.0,0.0,0.0,0.0,0.0,0.0,0.0,0.0,0.0,0.0,0.0,0.0,0.0,0.0,0.0,0.0,0.0,0.0,0.0,0.0,0.0,0.0,0.0,0.0,0.0,0.0,0.0,0.0,0.0,0.0,0.0,0.0,0.0,0.0,0.0,0.0,0.0,0.0,0.0,0.0,0.0,0.0,0.0,0.0,0.0,0.0,0.0,0.0,0.0,0.0,0.0,0.0,0.0,0.0,0.0,0.0,0.0,0.0,0.0,0.0,0.0,0.0,0.0,0.0,0.0,0.0,0.0,0.0,0.0,0.0,0.0
2017-05-31 23:11:00+02:00,0.0,0.0,0.0,0.0,0.0,0.0,0.0,0.0,0.0,0.0,0.0,0.0,0.0,0.0,0.0,0.0,0.0,0.0,0.0,0.0,0.0,0.0,0.0,0.0,0.0,0.0,0.0,0.0,0.0,0.0,0.0,0.0,0.0,0.0,0.0,0.0,0.0,0.0,0.0,0.0,0.0,0.0,0.0,0.0,0.0,0.0,0.0,0.0,0.0,0.0,0.0,0.0,0.0,0.0,0.0,0.0,0.0,0.0,0.0,0.0,0.0,0.0,0.0,0.0,0.0,0.0,0.0,0.0,0.0,0.0,0.0,0.0,0.0,0.0,0.0,0.0,0.0,0.0,0.0,0.0,0.0,0.0,0.0,0.0,0.0,0.0,0.0,0.0,0.0,0.0,0.0,0.0,0.0,0.0,0.0,0.0,0.0,0.0,0.0,0.0,0.0,0.0,0.0,0.0,0.0,0.0,0.0,0.0,0.0,0.0,0.0,0.0,0.0,0.0,0.0,0.0,0.0,0.0
2017-05-31 23:12:00+02:00,0.0,0.0,0.0,0.0,0.0,0.0,0.0,0.0,0.0,0.0,0.0,0.0,0.0,0.0,0.0,0.0,0.0,0.0,0.0,0.0,0.0,0.0,0.0,0.0,0.0,0.0,0.0,0.0,0.0,0.0,0.0,0.0,0.0,0.0,0.0,0.0,0.0,0.0,0.0,0.0,0.0,0.0,0.0,0.0,0.0,0.0,0.0,0.0,0.0,0.0,0.0,0.0,0.0,0.0,0.0,0.0,0.0,0.0,0.0,0.0,0.0,0.0,0.0,0.0,0.0,0.0,0.0,0.0,0.0,0.0,0.0,0.0,0.0,0.0,0.0,0.0,0.0,0.0,0.0,0.0,0.0,0.0,0.0,0.0,0.0,0.0,0.0,0.0,0.0,0.0,0.0,0.0,0.0,0.0,0.0,0.0,0.0,0.0,0.0,0.0,0.0,0.0,0.0,0.0,0.0,0.0,0.0,0.0,0.0,0.0,0.0,0.0,0.0,0.0,0.0,0.0,0.0,0.0
2017-05-31 23:13:00+02:00,0.0,0.0,0.0,0.0,0.0,0.0,0.0,0.0,0.0,0.0,0.0,0.0,0.0,0.0,0.0,0.0,0.0,0.0,0.0,0.0,0.0,0.0,0.0,0.0,0.0,0.0,0.0,0.0,0.0,0.0,0.0,0.0,0.0,0.0,0.0,0.0,0.0,0.0,0.0,0.0,0.0,0.0,0.0,0.0,0.0,0.0,0.0,0.0,0.0,0.0,0.0,0.0,0.0,0.0,0.0,0.0,0.0,0.0,0.0,0.0,0.0,0.0,0.0,0.0,0.0,0.0,0.0,0.0,0.0,0.0,0.0,0.0,0.0,0.0,0.0,0.0,0.0,0.0,0.0,0.0,0.0,0.0,0.0,0.0,0.0,0.0,0.0,0.0,0.0,0.0,0.0,0.0,0.0,0.0,0.0,0.0,0.0,0.0,0.0,0.0,0.0,0.0,0.0,0.0,0.0,0.0,0.0,0.0,0.0,0.0,0.0,0.0,0.0,0.0,0.0,0.0,0.0,0.0
2017-05-31 23:14:00+02:00,0.0,0.0,0.0,0.0,0.0,0.0,0.0,0.0,0.0,0.0,0.0,0.0,0.0,0.0,0.0,0.0,0.0,0.0,0.0,0.0,0.0,0.0,0.0,0.0,0.0,0.0,0.0,0.0,0.0,0.0,0.0,0.0,0.0,0.0,0.0,0.0,0.0,0.0,0.0,0.0,0.0,0.0,0.0,0.0,0.0,0.0,0.0,0.0,0.0,0.0,0.0,0.0,0.0,0.0,0.0,0.0,0.0,0.0,0.0,0.0,0.0,0.0,0.0,0.0,0.0,0.0,0.0,0.0,0.0,0.0,0.0,0.0,0.0,0.0,0.0,0.0,0.0,0.0,0.0,0.0,0.0,0.0,0.0,0.0,0.0,0.0,0.0,0.0,0.0,0.0,0.0,0.0,0.0,0.0,0.0,0.0,0.0,0.0,0.0,0.0,0.0,0.0,0.0,0.0,0.0,0.0,0.0,0.0,0.0,0.0,0.0,0.0,0.0,0.0,0.0,0.0,0.0,0.0
2017-05-31 23:15:00+02:00,0.0,0.0,0.0,0.0,0.0,0.0,0.0,0.0,0.0,0.0,0.0,0.0,0.0,0.0,0.0,0.0,0.0,0.0,0.0,0.0,0.0,0.0,0.0,0.0,0.0,0.0,0.0,0.0,0.0,0.0,0.0,0.0,0.0,0.0,0.0,0.0,0.0,0.0,0.0,0.0,0.0,0.0,0.0,0.0,0.0,0.0,0.0,0.0,0.0,0.0,0.0,0.0,0.0,0.0,0.0,0.0,0.0,0.0,0.0,0.0,0.0,0.0,0.0,0.0,0.0,0.0,0.0,0.0,0.0,0.0,0.0,0.0,0.0,0.0,0.0,0.0,0.0,0.0,0.0,0.0,0.0,0.0,0.0,0.0,0.0,0.0,0.0,0.0,0.0,0.0,0.0,0.0,0.0,0.0,0.0,0.0,0.0,0.0,0.0,0.0,0.0,0.0,0.0,0.0,0.0,0.0,0.0,0.0,0.0,0.0,0.0,0.0,0.0,0.0,0.0,0.0,0.0,0.0
2017-05-31 23:16:00+02:00,0.0,0.0,0.0,0.0,0.0,0.0,0.0,0.0,0.0,0.0,0.0,0.0,0.0,0.0,0.0,0.0,0.0,0.0,0.0,0.0,0.0,0.0,0.0,0.0,0.0,0.0,0.0,0.0,0.0,0.0,0.0,0.0,0.0,0.0,0.0,0.0,0.0,0.0,0.0,0.0,0.0,0.0,0.0,0.0,0.0,0.0,0.0,0.0,0.0,0.0,0.0,0.0,0.0,0.0,0.0,0.0,0.0,0.0,0.0,0.0,0.0,0.0,0.0,0.0,0.0,0.0,0.0,0.0,0.0,0.0,0.0,0.0,0.0,0.0,0.0,0.0,0.0,0.0,0.0,0.0,0.0,0.0,0.0,0.0,0.0,0.0,0.0,0.0,0.0,0.0,0.0,0.0,0.0,0.0,0.0,0.0,0.0,0.0,0.0,0.0,0.0,0.0,0.0,0.0,0.0,0.0,0.0,0.0,0.0,0.0,0.0,0.0,0.0,0.0,0.0,0.0,0.0,0.0
2017-05-31 23:17:00+02:00,0.0,0.0,0.0,0.0,0.0,0.0,0.0,0.0,0.0,0.0,0.0,0.0,0.0,0.0,0.0,0.0,0.0,0.0,0.0,0.0,0.0,0.0,0.0,0.0,0.0,0.0,0.0,0.0,0.0,0.0,0.0,0.0,0.0,0.0,0.0,0.0,0.0,0.0,0.0,0.0,0.0,0.0,0.0,0.0,0.0,0.0,0.0,0.0,0.0,0.0,0.0,0.0,0.0,0.0,0.0,0.0,0.0,0.0,0.0,0.0,0.0,0.0,0.0,0.0,0.0,0.0,0.0,0.0,0.0,0.0,0.0,0.0,0.0,0.0,0.0,0.0,0.0,0.0,0.0,0.0,0.0,0.0,0.0,0.0,0.0,0.0,0.0,0.0,0.0,0.0,0.0,0.0,0.0,0.0,0.0,0.0,0.0,0.0,0.0,0.0,0.0,0.0,0.0,0.0,0.0,0.0,0.0,0.0,0.0,0.0,0.0,0.0,0.0,0.0,0.0,0.0,0.0,0.0
2017-05-31 23:18:00+02:00,0.0,0.0,0.0,0.0,0.0,0.0,0.0,0.0,0.0,0.0,0.0,0.0,0.0,0.0,0.0,0.0,0.0,0.0,0.0,0.0,0.0,0.0,0.0,0.0,0.0,0.0,0.0,0.0,0.0,0.0,0.0,0.0,0.0,0.0,0.0,0.0,0.0,0.0,0.0,0.0,0.0,0.0,0.0,0.0,0.0,0.0,0.0,0.0,0.0,0.0,0.0,0.0,0.0,0.0,0.0,0.0,0.0,0.0,0.0,0.0,0.0,0.0,0.0,0.0,0.0,0.0,0.0,0.0,0.0,0.0,0.0,0.0,0.0,0.0,0.0,0.0,0.0,0.0,0.0,0.0,0.0,0.0,0.0,0.0,0.0,0.0,0.0,0.0,0.0,0.0,0.0,0.0,0.0,0.0,0.0,0.0,0.0,0.0,0.0,0.0,0.0,0.0,0.0,0.0,0.0,0.0,0.0,0.0,0.0,0.0,0.0,0.0,0.0,0.0,0.0,0.0,0.0,0.0
2017-05-31 23:19:00+02:00,0.0,0.0,0.0,0.0,0.0,0.0,0.0,0.0,0.0,0.0,0.0,0.0,0.0,0.0,0.0,0.0,0.0,0.0,0.0,0.0,0.0,0.0,0.0,0.0,0.0,0.0,0.0,0.0,0.0,0.0,0.0,0.0,0.0,0.0,0.0,0.0,0.0,0.0,0.0,0.0,0.0,0.0,0.0,0.0,0.0,0.0,0.0,0.0,0.0,0.0,0.0,0.0,0.0,0.0,0.0,0.0,0.0,0.0,0.0,0.0,0.0,0.0,0.0,0.0,0.0,0.0,0.0,0.0,0.0,0.0,0.0,0.0,0.0,0.0,0.0,0.0,0.0,0.0,0.0,0.0,0.0,0.0,0.0,0.0,0.0,0.0,0.0,0.0,0.0,0.0,0.0,0.0,0.0,0.0,0.0,0.0,0.0,0.0,0.0,0.0,0.0,0.0,0.0,0.0,0.0,0.0,0.0,0.0,0.0,0.0,0.0,0.0,0.0,0.0,0.0,0.0,0.0,0.0
2017-05-31 23:20:00+02:00,0.0,0.0,0.0,0.0,0.0,0.0,0.0,0.0,0.0,0.0,0.0,0.0,0.0,0.0,0.0,0.0,0.0,0.0,0.0,0.0,0.0,0.0,0.0,0.0,0.0,0.0,0.0,0.0,0.0,0.0,0.0,0.0,0.0,0.0,0.0,0.0,0.0,0.0,0.0,0.0,0.0,0.0,0.0,0.0,0.0,0.0,0.0,0.0,0.0,0.0,0.0,0.0,0.0,0.0,0.0,0.0,0.0,0.0,0.0,0.0,0.0,0.0,0.0,0.0,0.0,0.0,0.0,0.0,0.0,0.0,0.0,0.0,0.0,0.0,0.0,0.0,0.0,0.0,0.0,0.0,0.0,0.0,0.0,0.0,0.0,0.0,0.0,0.0,0.0,0.0,0.0,0.0,0.0,0.0,0.0,0.0,0.0,0.0,0.0,0.0,0.0,0.0,0.0,0.0,0.0,0.0,0.0,0.0,0.0,0.0,0.0,0.0,0.0,0.0,0.0,0.0,0.0,0.0
2017-05-31 23:21:00+02:00,0.0,0.0,0.0,0.0,0.0,0.0,0.0,0.0,0.0,0.0,0.0,0.0,0.0,0.0,0.0,0.0,0.0,0.0,0.0,0.0,0.0,0.0,0.0,0.0,0.0,0.0,0.0,0.0,0.0,0.0,0.0,0.0,0.0,0.0,0.0,0.0,0.0,0.0,0.0,0.0,0.0,0.0,0.0,0.0,0.0,0.0,0.0,0.0,0.0,0.0,0.0,0.0,0.0,0.0,0.0,0.0,0.0,0.0,0.0,0.0,0.0,0.0,0.0,0.0,0.0,0.0,0.0,0.0,0.0,0.0,0.0,0.0,0.0,0.0,0.0,0.0,0.0,0.0,0.0,0.0,0.0,0.0,0.0,0.0,0.0,0.0,0.0,0.0,0.0,0.0,0.0,0.0,0.0,0.0,0.0,0.0,0.0,0.0,0.0,0.0,0.0,0.0,0.0,0.0,0.0,0.0,0.0,0.0,0.0,0.0,0.0,0.0,0.0,0.0,0.0,0.0,0.0,0.0
2017-05-31 23:22:00+02:00,0.0,0.0,0.0,0.0,0.0,0.0,0.0,0.0,0.0,0.0,0.0,0.0,0.0,0.0,0.0,0.0,0.0,0.0,0.0,0.0,0.0,0.0,0.0,0.0,0.0,0.0,0.0,0.0,0.0,0.0,0.0,0.0,0.0,0.0,0.0,0.0,0.0,0.0,0.0,0.0,0.0,0.0,0.0,0.0,0.0,0.0,0.0,0.0,0.0,0.0,0.0,0.0,0.0,0.0,0.0,0.0,0.0,0.0,0.0,0.0,0.0,0.0,0.0,0.0,0.0,0.0,0.0,0.0,0.0,0.0,0.0,0.0,0.0,0.0,0.0,0.0,0.0,0.0,0.0,0.0,0.0,0.0,0.0,0.0,0.0,0.0,0.0,0.0,0.0,0.0,0.0,0.0,0.0,0.0,0.0,0.0,0.0,0.0,0.0,0.0,0.0,0.0,0.0,0.0,0.0,0.0,0.0,0.0,0.0,0.0,0.0,0.0,0.0,0.0,0.0,0.0,0.0,0.0
2017-05-31 23:23:00+02:00,0.0,0.0,0.0,0.0,0.0,0.0,0.0,0.0,0.0,0.0,0.0,0.0,0.0,0.0,0.0,0.0,0.0,0.0,0.0,0.0,0.0,0.0,0.0,0.0,0.0,0.0,0.0,0.0,0.0,0.0,0.0,0.0,0.0,0.0,0.0,0.0,0.0,0.0,0.0,0.0,0.0,0.0,0.0,0.0,0.0,0.0,0.0,0.0,0.0,0.0,0.0,0.0,0.0,0.0,0.0,0.0,0.0,0.0,0.0,0.0,0.0,0.0,0.0,0.0,0.0,0.0,0.0,0.0,0.0,0.0,0.0,0.0,0.0,0.0,0.0,0.0,0.0,0.0,0.0,0.0,0.0,0.0,0.0,0.0,0.0,0.0,0.0,0.0,0.0,0.0,0.0,0.0,0.0,0.0,0.0,0.0,0.0,0.0,0.0,0.0,0.0,0.0,0.0,0.0,0.0,0.0,0.0,0.0,0.0,0.0,0.0,0.0,0.0,0.0,0.0,0.0,0.0,0.0
2017-05-31 23:24:00+02:00,0.0,0.0,0.0,0.0,0.0,0.0,0.0,0.0,0.0,0.0,0.0,0.0,0.0,0.0,0.0,0.0,0.0,0.0,0.0,0.0,0.0,0.0,0.0,0.0,0.0,0.0,0.0,0.0,0.0,0.0,0.0,0.0,0.0,0.0,0.0,0.0,0.0,0.0,0.0,0.0,0.0,0.0,0.0,0.0,0.0,0.0,0.0,0.0,0.0,0.0,0.0,0.0,0.0,0.0,0.0,0.0,0.0,0.0,0.0,0.0,0.0,0.0,0.0,0.0,0.0,0.0,0.0,0.0,0.0,0.0,0.0,0.0,0.0,0.0,0.0,0.0,0.0,0.0,0.0,0.0,0.0,0.0,0.0,0.0,0.0,0.0,0.0,0.0,0.0,0.0,0.0,0.0,0.0,0.0,0.0,0.0,0.0,0.0,0.0,0.0,0.0,0.0,0.0,0.0,0.0,0.0,0.0,0.0,0.0,0.0,0.0,0.0,0.0,0.0,0.0,0.0,0.0,0.0
2017-05-31 23:25:00+02:00,0.0,0.0,0.0,0.0,0.0,0.0,0.0,0.0,0.0,0.0,0.0,0.0,0.0,0.0,0.0,0.0,0.0,0.0,0.0,0.0,0.0,0.0,0.0,0.0,0.0,0.0,0.0,0.0,0.0,0.0,0.0,0.0,0.0,0.0,0.0,0.0,0.0,0.0,0.0,0.0,0.0,0.0,0.0,0.0,0.0,0.0,0.0,0.0,0.0,0.0,0.0,0.0,0.0,0.0,0.0,0.0,0.0,0.0,0.0,0.0,0.0,0.0,0.0,0.0,0.0,0.0,0.0,0.0,0.0,0.0,0.0,0.0,0.0,0.0,0.0,0.0,0.0,0.0,0.0,0.0,0.0,0.0,0.0,0.0,0.0,0.0,0.0,0.0,0.0,0.0,0.0,0.0,0.0,0.0,0.0,0.0,0.0,0.0,0.0,0.0,0.0,0.0,0.0,0.0,0.0,0.0,0.0,0.0,0.0,0.0,0.0,0.0,0.0,0.0,0.0,0.0,0.0,0.0
2017-05-31 23:26:00+02:00,0.0,0.0,0.0,0.0,0.0,0.0,0.0,0.0,0.0,0.0,0.0,0.0,0.0,0.0,0.0,0.0,0.0,0.0,0.0,0.0,0.0,0.0,0.0,0.0,0.0,0.0,0.0,0.0,0.0,0.0,0.0,0.0,0.0,0.0,0.0,0.0,0.0,0.0,0.0,0.0,0.0,0.0,0.0,0.0,0.0,0.0,0.0,0.0,0.0,0.0,0.0,0.0,0.0,0.0,0.0,0.0,0.0,0.0,0.0,0.0,0.0,0.0,0.0,0.0,0.0,0.0,0.0,0.0,0.0,0.0,0.0,0.0,0.0,0.0,0.0,0.0,0.0,0.0,0.0,0.0,0.0,0.0,0.0,0.0,0.0,0.0,0.0,0.0,0.0,0.0,0.0,0.0,0.0,0.0,0.0,0.0,0.0,0.0,0.0,0.0,0.0,0.0,0.0,0.0,0.0,0.0,0.0,0.0,0.0,0.0,0.0,0.0,0.0,0.0,0.0,0.0,0.0,0.0
2017-05-31 23:27:00+02:00,0.0,0.0,0.0,0.0,0.0,0.0,0.0,0.0,0.0,0.0,0.0,0.0,0.0,0.0,0.0,0.0,0.0,0.0,0.0,0.0,0.0,0.0,0.0,0.0,0.0,0.0,0.0,0.0,0.0,0.0,0.0,0.0,0.0,0.0,0.0,0.0,0.0,0.0,0.0,0.0,0.0,0.0,0.0,0.0,0.0,0.0,0.0,0.0,0.0,0.0,0.0,0.0,0.0,0.0,0.0,0.0,0.0,0.0,0.0,0.0,0.0,0.0,0.0,0.0,0.0,0.0,0.0,0.0,0.0,0.0,0.0,0.0,0.0,0.0,0.0,0.0,0.0,0.0,0.0,0.0,0.0,0.0,0.0,0.0,0.0,0.0,0.0,0.0,0.0,0.0,0.0,0.0,0.0,0.0,0.0,0.0,0.0,0.0,0.0,0.0,0.0,0.0,0.0,0.0,0.0,0.0,0.0,0.0,0.0,0.0,0.0,0.0,0.0,0.0,0.0,0.0,0.0,0.0
2017-05-31 23:28:00+02:00,0.0,0.0,0.0,0.0,0.0,0.0,0.0,0.0,0.0,0.0,0.0,0.0,0.0,0.0,0.0,0.0,0.0,0.0,0.0,0.0,0.0,0.0,0.0,0.0,0.0,0.0,0.0,0.0,0.0,0.0,0.0,0.0,0.0,0.0,0.0,0.0,0.0,0.0,0.0,0.0,0.0,0.0,0.0,0.0,0.0,0.0,0.0,0.0,0.0,0.0,0.0,0.0,0.0,0.0,0.0,0.0,0.0,0.0,0.0,0.0,0.0,0.0,0.0,0.0,0.0,0.0,0.0,0.0,0.0,0.0,0.0,0.0,0.0,0.0,0.0,0.0,0.0,0.0,0.0,0.0,0.0,0.0,0.0,0.0,0.0,0.0,0.0,0.0,0.0,0.0,0.0,0.0,0.0,0.0,0.0,0.0,0.0,0.0,0.0,0.0,0.0,0.0,0.0,0.0,0.0,0.0,0.0,0.0,0.0,0.0,0.0,0.0,0.0,0.0,0.0,0.0,0.0,0.0
2017-05-31 23:29:00+02:00,0.0,0.0,0.0,0.0,0.0,0.0,0.0,0.0,0.0,0.0,0.0,0.0,0.0,0.0,0.0,0.0,0.0,0.0,0.0,0.0,0.0,0.0,0.0,0.0,0.0,0.0,0.0,0.0,0.0,0.0,0.0,0.0,0.0,0.0,0.0,0.0,0.0,0.0,0.0,0.0,0.0,0.0,0.0,0.0,0.0,0.0,0.0,0.0,0.0,0.0,0.0,0.0,0.0,0.0,0.0,0.0,0.0,0.0,0.0,0.0,0.0,0.0,0.0,0.0,0.0,0.0,0.0,0.0,0.0,0.0,0.0,0.0,0.0,0.0,0.0,0.0,0.0,0.0,0.0,0.0,0.0,0.0,0.0,0.0,0.0,0.0,0.0,0.0,0.0,0.0,0.0,0.0,0.0,0.0,0.0,0.0,0.0,0.0,0.0,0.0,0.0,0.0,0.0,0.0,0.0,0.0,0.0,0.0,0.0,0.0,0.0,0.0,0.0,0.0,0.0,0.0,0.0,0.0
2017-05-31 23:30:00+02:00,0.0,0.0,0.0,0.0,0.0,0.0,0.0,0.0,0.0,0.0,0.0,0.0,0.0,0.0,0.0,0.0,0.0,0.0,0.0,0.0,0.0,0.0,0.0,0.0,0.0,0.0,0.0,0.0,0.0,0.0,0.0,0.0,0.0,0.0,0.0,0.0,0.0,0.0,0.0,0.0,0.0,0.0,0.0,0.0,0.0,0.0,0.0,0.0,0.0,0.0,0.0,0.0,0.0,0.0,0.0,0.0,0.0,0.0,0.0,0.0,0.0,0.0,0.0,0.0,0.0,0.0,0.0,0.0,0.0,0.0,0.0,0.0,0.0,0.0,0.0,0.0,0.0,0.0,0.0,0.0,0.0,0.0,0.0,0.0,0.0,0.0,0.0,0.0,0.0,0.0,0.0,0.0,0.0,0.0,0.0,0.0,0.0,0.0,0.0,0.0,0.0,0.0,0.0,0.0,0.0,0.0,0.0,0.0,0.0,0.0,0.0,0.0,0.0,0.0,0.0,0.0,0.0,0.0
2017-05-31 23:31:00+02:00,0.0,0.0,0.0,0.0,0.0,0.0,0.0,0.0,0.0,0.0,0.0,0.0,0.0,0.0,0.0,0.0,0.0,0.0,0.0,0.0,0.0,0.0,0.0,0.0,0.0,0.0,0.0,0.0,0.0,0.0,0.0,0.0,0.0,0.0,0.0,0.0,0.0,0.0,0.0,0.0,0.0,0.0,0.0,0.0,0.0,0.0,0.0,0.0,0.0,0.0,0.0,0.0,0.0,0.0,0.0,0.0,0.0,0.0,0.0,0.0,0.0,0.0,0.0,0.0,0.0,0.0,0.0,0.0,0.0,0.0,0.0,0.0,0.0,0.0,0.0,0.0,0.0,0.0,0.0,0.0,0.0,0.0,0.0,0.0,0.0,0.0,0.0,0.0,0.0,0.0,0.0,0.0,0.0,0.0,0.0,0.0,0.0,0.0,0.0,0.0,0.0,0.0,0.0,0.0,0.0,0.0,0.0,0.0,0.0,0.0,0.0,0.0,0.0,0.0,0.0,0.0,0.0,0.0
2017-05-31 23:32:00+02:00,0.0,0.0,0.0,0.0,0.0,0.0,0.0,0.0,0.0,0.0,0.0,0.0,0.0,0.0,0.0,0.0,0.0,0.0,0.0,0.0,0.0,0.0,0.0,0.0,0.0,0.0,0.0,0.0,0.0,0.0,0.0,0.0,0.0,0.0,0.0,0.0,0.0,0.0,0.0,0.0,0.0,0.0,0.0,0.0,0.0,0.0,0.0,0.0,0.0,0.0,0.0,0.0,0.0,0.0,0.0,0.0,0.0,0.0,0.0,0.0,0.0,0.0,0.0,0.0,0.0,0.0,0.0,0.0,0.0,0.0,0.0,0.0,0.0,0.0,0.0,0.0,0.0,0.0,0.0,0.0,0.0,0.0,0.0,0.0,0.0,0.0,0.0,0.0,0.0,0.0,0.0,0.0,0.0,0.0,0.0,0.0,0.0,0.0,0.0,0.0,0.0,0.0,0.0,0.0,0.0,0.0,0.0,0.0,0.0,0.0,0.0,0.0,0.0,0.0,0.0,0.0,0.0,0.0
2017-05-31 23:33:00+02:00,0.0,0.0,0.0,0.0,0.0,0.0,0.0,0.0,0.0,0.0,0.0,0.0,0.0,0.0,0.0,0.0,0.0,0.0,0.0,0.0,0.0,0.0,0.0,0.0,0.0,0.0,0.0,0.0,0.0,0.0,0.0,0.0,0.0,0.0,0.0,0.0,0.0,0.0,0.0,0.0,0.0,0.0,0.0,0.0,0.0,0.0,0.0,0.0,0.0,0.0,0.0,0.0,0.0,0.0,0.0,0.0,0.0,0.0,0.0,0.0,0.0,0.0,0.0,0.0,0.0,0.0,0.0,0.0,0.0,0.0,0.0,0.0,0.0,0.0,0.0,0.0,0.0,0.0,0.0,0.0,0.0,0.0,0.0,0.0,0.0,0.0,0.0,0.0,0.0,0.0,0.0,0.0,0.0,0.0,0.0,0.0,0.0,0.0,0.0,0.0,0.0,0.0,0.0,0.0,0.0,0.0,0.0,0.0,0.0,0.0,0.0,0.0,0.0,0.0,0.0,0.0,0.0,0.0
2017-05-31 23:34:00+02:00,0.0,0.0,0.0,0.0,0.0,0.0,0.0,0.0,0.0,0.0,0.0,0.0,0.0,0.0,0.0,0.0,0.0,0.0,0.0,0.0,0.0,0.0,0.0,0.0,0.0,0.0,0.0,0.0,0.0,0.0,0.0,0.0,0.0,0.0,0.0,0.0,0.0,0.0,0.0,0.0,0.0,0.0,0.0,0.0,0.0,0.0,0.0,0.0,0.0,0.0,0.0,0.0,0.0,0.0,0.0,0.0,0.0,0.0,0.0,0.0,0.0,0.0,0.0,0.0,0.0,0.0,0.0,0.0,0.0,0.0,0.0,0.0,0.0,0.0,0.0,0.0,0.0,0.0,0.0,0.0,0.0,0.0,0.0,0.0,0.0,0.0,0.0,0.0,0.0,0.0,0.0,0.0,0.0,0.0,0.0,0.0,0.0,0.0,0.0,0.0,0.0,0.0,0.0,0.0,0.0,0.0,0.0,0.0,0.0,0.0,0.0,0.0,0.0,0.0,0.0,0.0,0.0,0.0
2017-05-31 23:35:00+02:00,0.0,0.0,0.0,0.0,0.0,0.0,0.0,0.0,0.0,0.0,0.0,0.0,0.0,0.0,0.0,0.0,0.0,0.0,0.0,0.0,0.0,0.0,0.0,0.0,0.0,0.0,0.0,0.0,0.0,0.0,0.0,0.0,0.0,0.0,0.0,0.0,0.0,0.0,0.0,0.0,0.0,0.0,0.0,0.0,0.0,0.0,0.0,0.0,0.0,0.0,0.0,0.0,0.0,0.0,0.0,0.0,0.0,0.0,0.0,0.0,0.0,0.0,0.0,0.0,0.0,0.0,0.0,0.0,0.0,0.0,0.0,0.0,0.0,0.0,0.0,0.0,0.0,0.0,0.0,0.0,0.0,0.0,0.0,0.0,0.0,0.0,0.0,0.0,0.0,0.0,0.0,0.0,0.0,0.0,0.0,0.0,0.0,0.0,0.0,0.0,0.0,0.0,0.0,0.0,0.0,0.0,0.0,0.0,0.0,0.0,0.0,0.0,0.0,0.0,0.0,0.0,0.0,0.0
2017-05-31 23:36:00+02:00,0.0,0.0,0.0,0.0,0.0,0.0,0.0,0.0,0.0,0.0,0.0,0.0,0.0,0.0,0.0,0.0,0.0,0.0,0.0,0.0,0.0,0.0,0.0,0.0,0.0,0.0,0.0,0.0,0.0,0.0,0.0,0.0,0.0,0.0,0.0,0.0,0.0,0.0,0.0,0.0,0.0,0.0,0.0,0.0,0.0,0.0,0.0,0.0,0.0,0.0,0.0,0.0,0.0,0.0,0.0,0.0,0.0,0.0,0.0,0.0,0.0,0.0,0.0,0.0,0.0,0.0,0.0,0.0,0.0,0.0,0.0,0.0,0.0,0.0,0.0,0.0,0.0,0.0,0.0,0.0,0.0,0.0,0.0,0.0,0.0,0.0,0.0,0.0,0.0,0.0,0.0,0.0,0.0,0.0,0.0,0.0,0.0,0.0,0.0,0.0,0.0,0.0,0.0,0.0,0.0,0.0,0.0,0.0,0.0,0.0,0.0,0.0,0.0,0.0,0.0,0.0,0.0,0.0
2017-05-31 23:37:00+02:00,0.0,0.0,0.0,0.0,0.0,0.0,0.0,0.0,0.0,0.0,0.0,0.0,0.0,0.0,0.0,0.0,0.0,0.0,0.0,0.0,0.0,0.0,0.0,0.0,0.0,0.0,0.0,0.0,0.0,0.0,0.0,0.0,0.0,0.0,0.0,0.0,0.0,0.0,0.0,0.0,0.0,0.0,0.0,0.0,0.0,0.0,0.0,0.0,0.0,0.0,0.0,0.0,0.0,0.0,0.0,0.0,0.0,0.0,0.0,0.0,0.0,0.0,0.0,0.0,0.0,0.0,0.0,0.0,0.0,0.0,0.0,0.0,0.0,0.0,0.0,0.0,0.0,0.0,0.0,0.0,0.0,0.0,0.0,0.0,0.0,0.0,0.0,0.0,0.0,0.0,0.0,0.0,0.0,0.0,0.0,0.0,0.0,0.0,0.0,0.0,0.0,0.0,0.0,0.0,0.0,0.0,0.0,0.0,0.0,0.0,0.0,0.0,0.0,0.0,0.0,0.0,0.0,0.0
2017-05-31 23:38:00+02:00,0.0,0.0,0.0,0.0,0.0,0.0,0.0,0.0,0.0,0.0,0.0,0.0,0.0,0.0,0.0,0.0,0.0,0.0,0.0,0.0,0.0,0.0,0.0,0.0,0.0,0.0,0.0,0.0,0.0,0.0,0.0,0.0,0.0,0.0,0.0,0.0,0.0,0.0,0.0,0.0,0.0,0.0,0.0,0.0,0.0,0.0,0.0,0.0,0.0,0.0,0.0,0.0,0.0,0.0,0.0,0.0,0.0,0.0,0.0,0.0,0.0,0.0,0.0,0.0,0.0,0.0,0.0,0.0,0.0,0.0,0.0,0.0,0.0,0.0,0.0,0.0,0.0,0.0,0.0,0.0,0.0,0.0,0.0,0.0,0.0,0.0,0.0,0.0,0.0,0.0,0.0,0.0,0.0,0.0,0.0,0.0,0.0,0.0,0.0,0.0,0.0,0.0,0.0,0.0,0.0,0.0,0.0,0.0,0.0,0.0,0.0,0.0,0.0,0.0,0.0,0.0,0.0,0.0
2017-05-31 23:39:00+02:00,0.0,0.0,0.0,0.0,0.0,0.0,0.0,0.0,0.0,0.0,0.0,0.0,0.0,0.0,0.0,0.0,0.0,0.0,0.0,0.0,0.0,0.0,0.0,0.0,0.0,0.0,0.0,0.0,0.0,0.0,0.0,0.0,0.0,0.0,0.0,0.0,0.0,0.0,0.0,0.0,0.0,0.0,0.0,0.0,0.0,0.0,0.0,0.0,0.0,0.0,0.0,0.0,0.0,0.0,0.0,0.0,0.0,0.0,0.0,0.0,0.0,0.0,0.0,0.0,0.0,0.0,0.0,0.0,0.0,0.0,0.0,0.0,0.0,0.0,0.0,0.0,0.0,0.0,0.0,0.0,0.0,0.0,0.0,0.0,0.0,0.0,0.0,0.0,0.0,0.0,0.0,0.0,0.0,0.0,0.0,0.0,0.0,0.0,0.0,0.0,0.0,0.0,0.0,0.0,0.0,0.0,0.0,0.0,0.0,0.0,0.0,0.0,0.0,0.0,0.0,0.0,0.0,0.0
2017-05-31 23:40:00+02:00,0.0,0.0,0.0,0.0,0.0,0.0,0.0,0.0,0.0,0.0,0.0,0.0,0.0,0.0,0.0,0.0,0.0,0.0,0.0,0.0,0.0,0.0,0.0,0.0,0.0,0.0,0.0,0.0,0.0,0.0,0.0,0.0,0.0,0.0,0.0,0.0,0.0,0.0,0.0,0.0,0.0,0.0,0.0,0.0,0.0,0.0,0.0,0.0,0.0,0.0,0.0,0.0,0.0,0.0,0.0,0.0,0.0,0.0,0.0,0.0,0.0,0.0,0.0,0.0,0.0,0.0,0.0,0.0,0.0,0.0,0.0,0.0,0.0,0.0,0.0,0.0,0.0,0.0,0.0,0.0,0.0,0.0,0.0,0.0,0.0,0.0,0.0,0.0,0.0,0.0,0.0,0.0,0.0,0.0,0.0,0.0,0.0,0.0,0.0,0.0,0.0,0.0,0.0,0.0,0.0,0.0,0.0,0.0,0.0,0.0,0.0,0.0,0.0,0.0,0.0,0.0,0.0,0.0
2017-05-31 23:41:00+02:00,0.0,0.0,0.0,0.0,0.0,0.0,0.0,0.0,0.0,0.0,0.0,0.0,0.0,0.0,0.0,0.0,0.0,0.0,0.0,0.0,0.0,0.0,0.0,0.0,0.0,0.0,0.0,0.0,0.0,0.0,0.0,0.0,0.0,0.0,0.0,0.0,0.0,0.0,0.0,0.0,0.0,0.0,0.0,0.0,0.0,0.0,0.0,0.0,0.0,0.0,0.0,0.0,0.0,0.0,0.0,0.0,0.0,0.0,0.0,0.0,0.0,0.0,0.0,0.0,0.0,0.0,0.0,0.0,0.0,0.0,0.0,0.0,0.0,0.0,0.0,0.0,0.0,0.0,0.0,0.0,0.0,0.0,0.0,0.0,0.0,0.0,0.0,0.0,0.0,0.0,0.0,0.0,0.0,0.0,0.0,0.0,0.0,0.0,0.0,0.0,0.0,0.0,0.0,0.0,0.0,0.0,0.0,0.0,0.0,0.0,0.0,0.0,0.0,0.0,0.0,0.0,0.0,0.0
2017-05-31 23:42:00+02:00,0.0,0.0,0.0,0.0,0.0,0.0,0.0,0.0,0.0,0.0,0.0,0.0,0.0,0.0,0.0,0.0,0.0,0.0,0.0,0.0,0.0,0.0,0.0,0.0,0.0,0.0,0.0,0.0,0.0,0.0,0.0,0.0,0.0,0.0,0.0,0.0,0.0,0.0,0.0,0.0,0.0,0.0,0.0,0.0,0.0,0.0,0.0,0.0,0.0,0.0,0.0,0.0,0.0,0.0,0.0,0.0,0.0,0.0,0.0,0.0,0.0,0.0,0.0,0.0,0.0,0.0,0.0,0.0,0.0,0.0,0.0,0.0,0.0,0.0,0.0,0.0,0.0,0.0,0.0,0.0,0.0,0.0,0.0,0.0,0.0,0.0,0.0,0.0,0.0,0.0,0.0,0.0,0.0,0.0,0.0,0.0,0.0,0.0,0.0,0.0,0.0,0.0,0.0,0.0,0.0,0.0,0.0,0.0,0.0,0.0,0.0,0.0,0.0,0.0,0.0,0.0,0.0,0.0
2017-05-31 23:43:00+02:00,0.0,0.0,0.0,0.0,0.0,0.0,0.0,0.0,0.0,0.0,0.0,0.0,0.0,0.0,0.0,0.0,0.0,0.0,0.0,0.0,0.0,0.0,0.0,0.0,0.0,0.0,0.0,0.0,0.0,0.0,0.0,0.0,0.0,0.0,0.0,0.0,0.0,0.0,0.0,0.0,0.0,0.0,0.0,0.0,0.0,0.0,0.0,0.0,0.0,0.0,0.0,0.0,0.0,0.0,0.0,0.0,0.0,0.0,0.0,0.0,0.0,0.0,0.0,0.0,0.0,0.0,0.0,0.0,0.0,0.0,0.0,0.0,0.0,0.0,0.0,0.0,0.0,0.0,0.0,0.0,0.0,0.0,0.0,0.0,0.0,0.0,0.0,0.0,0.0,0.0,0.0,0.0,0.0,0.0,0.0,0.0,0.0,0.0,0.0,0.0,0.0,0.0,0.0,0.0,0.0,0.0,0.0,0.0,0.0,0.0,0.0,0.0,0.0,0.0,0.0,0.0,0.0,0.0
2017-05-31 23:44:00+02:00,0.0,0.0,0.0,0.0,0.0,0.0,0.0,0.0,0.0,0.0,0.0,0.0,0.0,0.0,0.0,0.0,0.0,0.0,0.0,0.0,0.0,0.0,0.0,0.0,0.0,0.0,0.0,0.0,0.0,0.0,0.0,0.0,0.0,0.0,0.0,0.0,0.0,0.0,0.0,0.0,0.0,0.0,0.0,0.0,0.0,0.0,0.0,0.0,0.0,0.0,0.0,0.0,0.0,0.0,0.0,0.0,0.0,0.0,0.0,0.0,0.0,0.0,0.0,0.0,0.0,0.0,0.0,0.0,0.0,0.0,0.0,0.0,0.0,0.0,0.0,0.0,0.0,0.0,0.0,0.0,0.0,0.0,0.0,0.0,0.0,0.0,0.0,0.0,0.0,0.0,0.0,0.0,0.0,0.0,0.0,0.0,0.0,0.0,0.0,0.0,0.0,0.0,0.0,0.0,0.0,0.0,0.0,0.0,0.0,0.0,0.0,0.0,0.0,0.0,0.0,0.0,0.0,0.0
2017-05-31 23:45:00+02:00,0.0,0.0,0.0,0.0,0.0,0.0,0.0,0.0,0.0,0.0,0.0,0.0,0.0,0.0,0.0,0.0,0.0,0.0,0.0,0.0,0.0,0.0,0.0,0.0,0.0,0.0,0.0,0.0,0.0,0.0,0.0,0.0,0.0,0.0,0.0,0.0,0.0,0.0,0.0,0.0,0.0,0.0,0.0,0.0,0.0,0.0,0.0,0.0,0.0,0.0,0.0,0.0,0.0,0.0,0.0,0.0,0.0,0.0,0.0,0.0,0.0,0.0,0.0,0.0,0.0,0.0,0.0,0.0,0.0,0.0,0.0,0.0,0.0,0.0,0.0,0.0,0.0,0.0,0.0,0.0,0.0,0.0,0.0,0.0,0.0,0.0,0.0,0.0,0.0,0.0,0.0,0.0,0.0,0.0,0.0,0.0,0.0,0.0,0.0,0.0,0.0,0.0,0.0,0.0,0.0,0.0,0.0,0.0,0.0,0.0,0.0,0.0,0.0,0.0,0.0,0.0,0.0,0.0
2017-05-31 23:46:00+02:00,0.0,0.0,0.0,0.0,0.0,0.0,0.0,0.0,0.0,0.0,0.0,0.0,0.0,0.0,0.0,0.0,0.0,0.0,0.0,0.0,0.0,0.0,0.0,0.0,0.0,0.0,0.0,0.0,0.0,0.0,0.0,0.0,0.0,0.0,0.0,0.0,0.0,0.0,0.0,0.0,0.0,0.0,0.0,0.0,0.0,0.0,0.0,0.0,0.0,0.0,0.0,0.0,0.0,0.0,0.0,0.0,0.0,0.0,0.0,0.0,0.0,0.0,0.0,0.0,0.0,0.0,0.0,0.0,0.0,0.0,0.0,0.0,0.0,0.0,0.0,0.0,0.0,0.0,0.0,0.0,0.0,0.0,0.0,0.0,0.0,0.0,0.0,0.0,0.0,0.0,0.0,0.0,0.0,0.0,0.0,0.0,0.0,0.0,0.0,0.0,0.0,0.0,0.0,0.0,0.0,0.0,0.0,0.0,0.0,0.0,0.0,0.0,0.0,0.0,0.0,0.0,0.0,0.0
2017-05-31 23:47:00+02:00,0.0,0.0,0.0,0.0,0.0,0.0,0.0,0.0,0.0,0.0,0.0,0.0,0.0,0.0,0.0,0.0,0.0,0.0,0.0,0.0,0.0,0.0,0.0,0.0,0.0,0.0,0.0,0.0,0.0,0.0,0.0,0.0,0.0,0.0,0.0,0.0,0.0,0.0,0.0,0.0,0.0,0.0,0.0,0.0,0.0,0.0,0.0,0.0,0.0,0.0,0.0,0.0,0.0,0.0,0.0,0.0,0.0,0.0,0.0,0.0,0.0,0.0,0.0,0.0,0.0,0.0,0.0,0.0,0.0,0.0,0.0,0.0,0.0,0.0,0.0,0.0,0.0,0.0,0.0,0.0,0.0,0.0,0.0,0.0,0.0,0.0,0.0,0.0,0.0,0.0,0.0,0.0,0.0,0.0,0.0,0.0,0.0,0.0,0.0,0.0,0.0,0.0,0.0,0.0,0.0,0.0,0.0,0.0,0.0,0.0,0.0,0.0,0.0,0.0,0.0,0.0,0.0,0.0
2017-05-31 23:48:00+02:00,0.0,0.0,0.0,0.0,0.0,0.0,0.0,0.0,0.0,0.0,0.0,0.0,0.0,0.0,0.0,0.0,0.0,0.0,0.0,0.0,0.0,0.0,0.0,0.0,0.0,0.0,0.0,0.0,0.0,0.0,0.0,0.0,0.0,0.0,0.0,0.0,0.0,0.0,0.0,0.0,0.0,0.0,0.0,0.0,0.0,0.0,0.0,0.0,0.0,0.0,0.0,0.0,0.0,0.0,0.0,0.0,0.0,0.0,0.0,0.0,0.0,0.0,0.0,0.0,0.0,0.0,0.0,0.0,0.0,0.0,0.0,0.0,0.0,0.0,0.0,0.0,0.0,0.0,0.0,0.0,0.0,0.0,0.0,0.0,0.0,0.0,0.0,0.0,0.0,0.0,0.0,0.0,0.0,0.0,0.0,0.0,0.0,0.0,0.0,0.0,0.0,0.0,0.0,0.0,0.0,0.0,0.0,0.0,0.0,0.0,0.0,0.0,0.0,0.0,0.0,0.0,0.0,0.0
2017-05-31 23:49:00+02:00,0.0,0.0,0.0,0.0,0.0,0.0,0.0,0.0,0.0,0.0,0.0,0.0,0.0,0.0,0.0,0.0,0.0,0.0,0.0,0.0,0.0,0.0,0.0,0.0,0.0,0.0,0.0,0.0,0.0,0.0,0.0,0.0,0.0,0.0,0.0,0.0,0.0,0.0,0.0,0.0,0.0,0.0,0.0,0.0,0.0,0.0,0.0,0.0,0.0,0.0,0.0,0.0,0.0,0.0,0.0,0.0,0.0,0.0,0.0,0.0,0.0,0.0,0.0,0.0,0.0,0.0,0.0,0.0,0.0,0.0,0.0,0.0,0.0,0.0,0.0,0.0,0.0,0.0,0.0,0.0,0.0,0.0,0.0,0.0,0.0,0.0,0.0,0.0,0.0,0.0,0.0,0.0,0.0,0.0,0.0,0.0,0.0,0.0,0.0,0.0,0.0,0.0,0.0,0.0,0.0,0.0,0.0,0.0,0.0,0.0,0.0,0.0,0.0,0.0,0.0,0.0,0.0,0.0
2017-05-31 23:50:00+02:00,0.0,0.0,0.0,0.0,0.0,0.0,0.0,0.0,0.0,0.0,0.0,0.0,0.0,0.0,0.0,0.0,0.0,0.0,0.0,0.0,0.0,0.0,0.0,0.0,0.0,0.0,0.0,0.0,0.0,0.0,0.0,0.0,0.0,0.0,0.0,0.0,0.0,0.0,0.0,0.0,0.0,0.0,0.0,0.0,0.0,0.0,0.0,0.0,0.0,0.0,0.0,0.0,0.0,0.0,0.0,0.0,0.0,0.0,0.0,0.0,0.0,0.0,0.0,0.0,0.0,0.0,0.0,0.0,0.0,0.0,0.0,0.0,0.0,0.0,0.0,0.0,0.0,0.0,0.0,0.0,0.0,0.0,0.0,0.0,0.0,0.0,0.0,0.0,0.0,0.0,0.0,0.0,0.0,0.0,0.0,0.0,0.0,0.0,0.0,0.0,0.0,0.0,0.0,0.0,0.0,0.0,0.0,0.0,0.0,0.0,0.0,0.0,0.0,0.0,0.0,0.0,0.0,0.0
2017-05-31 23:51:00+02:00,0.0,0.0,0.0,0.0,0.0,0.0,0.0,0.0,0.0,0.0,0.0,0.0,0.0,0.0,0.0,0.0,0.0,0.0,0.0,0.0,0.0,0.0,0.0,0.0,0.0,0.0,0.0,0.0,0.0,0.0,0.0,0.0,0.0,0.0,0.0,0.0,0.0,0.0,0.0,0.0,0.0,0.0,0.0,0.0,0.0,0.0,0.0,0.0,0.0,0.0,0.0,0.0,0.0,0.0,0.0,0.0,0.0,0.0,0.0,0.0,0.0,0.0,0.0,0.0,0.0,0.0,0.0,0.0,0.0,0.0,0.0,0.0,0.0,0.0,0.0,0.0,0.0,0.0,0.0,0.0,0.0,0.0,0.0,0.0,0.0,0.0,0.0,0.0,0.0,0.0,0.0,0.0,0.0,0.0,0.0,0.0,0.0,0.0,0.0,0.0,0.0,0.0,0.0,0.0,0.0,0.0,0.0,0.0,0.0,0.0,0.0,0.0,0.0,0.0,0.0,0.0,0.0,0.0
2017-05-31 23:52:00+02:00,0.0,0.0,0.0,0.0,0.0,0.0,0.0,0.0,0.0,0.0,0.0,0.0,0.0,0.0,0.0,0.0,0.0,0.0,0.0,0.0,0.0,0.0,0.0,0.0,0.0,0.0,0.0,0.0,0.0,0.0,0.0,0.0,0.0,0.0,0.0,0.0,0.0,0.0,0.0,0.0,0.0,0.0,0.0,0.0,0.0,0.0,0.0,0.0,0.0,0.0,0.0,0.0,0.0,0.0,0.0,0.0,0.0,0.0,0.0,0.0,0.0,0.0,0.0,0.0,0.0,0.0,0.0,0.0,0.0,0.0,0.0,0.0,0.0,0.0,0.0,0.0,0.0,0.0,0.0,0.0,0.0,0.0,0.0,0.0,0.0,0.0,0.0,0.0,0.0,0.0,0.0,0.0,0.0,0.0,0.0,0.0,0.0,0.0,0.0,0.0,0.0,0.0,0.0,0.0,0.0,0.0,0.0,0.0,0.0,0.0,0.0,0.0,0.0,0.0,0.0,0.0,0.0,0.0
2017-05-31 23:53:00+02:00,0.0,0.0,0.0,0.0,0.0,0.0,0.0,0.0,0.0,0.0,0.0,0.0,0.0,0.0,0.0,0.0,0.0,0.0,0.0,0.0,0.0,0.0,0.0,0.0,0.0,0.0,0.0,0.0,0.0,0.0,0.0,0.0,0.0,0.0,0.0,0.0,0.0,0.0,0.0,0.0,0.0,0.0,0.0,0.0,0.0,0.0,0.0,0.0,0.0,0.0,0.0,0.0,0.0,0.0,0.0,0.0,0.0,0.0,0.0,0.0,0.0,0.0,0.0,0.0,0.0,0.0,0.0,0.0,0.0,0.0,0.0,0.0,0.0,0.0,0.0,0.0,0.0,0.0,0.0,0.0,0.0,0.0,0.0,0.0,0.0,0.0,0.0,0.0,0.0,0.0,0.0,0.0,0.0,0.0,0.0,0.0,0.0,0.0,0.0,0.0,0.0,0.0,0.0,0.0,0.0,0.0,0.0,0.0,0.0,0.0,0.0,0.0,0.0,0.0,0.0,0.0,0.0,0.0
2017-05-31 23:54:00+02:00,0.0,0.0,0.0,0.0,0.0,0.0,0.0,0.0,0.0,0.0,0.0,0.0,0.0,0.0,0.0,0.0,0.0,0.0,0.0,0.0,0.0,0.0,0.0,0.0,0.0,0.0,0.0,0.0,0.0,0.0,0.0,0.0,0.0,0.0,0.0,0.0,0.0,0.0,0.0,0.0,0.0,0.0,0.0,0.0,0.0,0.0,0.0,0.0,0.0,0.0,0.0,0.0,0.0,0.0,0.0,0.0,0.0,0.0,0.0,0.0,0.0,0.0,0.0,0.0,0.0,0.0,0.0,0.0,0.0,0.0,0.0,0.0,0.0,0.0,0.0,0.0,0.0,0.0,0.0,0.0,0.0,0.0,0.0,0.0,0.0,0.0,0.0,0.0,0.0,0.0,0.0,0.0,0.0,0.0,0.0,0.0,0.0,0.0,0.0,0.0,0.0,0.0,0.0,0.0,0.0,0.0,0.0,0.0,0.0,0.0,0.0,0.0,0.0,0.0,0.0,0.0,0.0,0.0
2017-05-31 23:55:00+02:00,0.0,0.0,0.0,0.0,0.0,0.0,0.0,0.0,0.0,0.0,0.0,0.0,0.0,0.0,0.0,0.0,0.0,0.0,0.0,0.0,0.0,0.0,0.0,0.0,0.0,0.0,0.0,0.0,0.0,0.0,0.0,0.0,0.0,0.0,0.0,0.0,0.0,0.0,0.0,0.0,0.0,0.0,0.0,0.0,0.0,0.0,0.0,0.0,0.0,0.0,0.0,0.0,0.0,0.0,0.0,0.0,0.0,0.0,0.0,0.0,0.0,0.0,0.0,0.0,0.0,0.0,0.0,0.0,0.0,0.0,0.0,0.0,0.0,0.0,0.0,0.0,0.0,0.0,0.0,0.0,0.0,0.0,0.0,0.0,0.0,0.0,0.0,0.0,0.0,0.0,0.0,0.0,0.0,0.0,0.0,0.0,0.0,0.0,0.0,0.0,0.0,0.0,0.0,0.0,0.0,0.0,0.0,0.0,0.0,0.0,0.0,0.0,0.0,0.0,0.0,0.0,0.0,0.0
2017-05-31 23:56:00+02:00,0.0,0.0,0.0,0.0,0.0,0.0,0.0,0.0,0.0,0.0,0.0,0.0,0.0,0.0,0.0,0.0,0.0,0.0,0.0,0.0,0.0,0.0,0.0,0.0,0.0,0.0,0.0,0.0,0.0,0.0,0.0,0.0,0.0,0.0,0.0,0.0,0.0,0.0,0.0,0.0,0.0,0.0,0.0,0.0,0.0,0.0,0.0,0.0,0.0,0.0,0.0,0.0,0.0,0.0,0.0,0.0,0.0,0.0,0.0,0.0,0.0,0.0,0.0,0.0,0.0,0.0,0.0,0.0,0.0,0.0,0.0,0.0,0.0,0.0,0.0,0.0,0.0,0.0,0.0,0.0,0.0,0.0,0.0,0.0,0.0,0.0,0.0,0.0,0.0,0.0,0.0,0.0,0.0,0.0,0.0,0.0,0.0,0.0,0.0,0.0,0.0,0.0,0.0,0.0,0.0,0.0,0.0,0.0,0.0,0.0,0.0,0.0,0.0,0.0,0.0,0.0,0.0,0.0
2017-05-31 23:57:00+02:00,0.0,0.0,0.0,0.0,0.0,0.0,0.0,0.0,0.0,0.0,0.0,0.0,0.0,0.0,0.0,0.0,0.0,0.0,0.0,0.0,0.0,0.0,0.0,0.0,0.0,0.0,0.0,0.0,0.0,0.0,0.0,0.0,0.0,0.0,0.0,0.0,0.0,0.0,0.0,0.0,0.0,0.0,0.0,0.0,0.0,0.0,0.0,0.0,0.0,0.0,0.0,0.0,0.0,0.0,0.0,0.0,0.0,0.0,0.0,0.0,0.0,0.0,0.0,0.0,0.0,0.0,0.0,0.0,0.0,0.0,0.0,0.0,0.0,0.0,0.0,0.0,0.0,0.0,0.0,0.0,0.0,0.0,0.0,0.0,0.0,0.0,0.0,0.0,0.0,0.0,0.0,0.0,0.0,0.0,0.0,0.0,0.0,0.0,0.0,0.0,0.0,0.0,0.0,0.0,0.0,0.0,0.0,0.0,0.0,0.0,0.0,0.0,0.0,0.0,0.0,0.0,0.0,0.0
2017-05-31 23:58:00+02:00,0.0,0.0,0.0,0.0,0.0,0.0,0.0,0.0,0.0,0.0,0.0,0.0,0.0,0.0,0.0,0.0,0.0,0.0,0.0,0.0,0.0,0.0,0.0,0.0,0.0,0.0,0.0,0.0,0.0,0.0,0.0,0.0,0.0,0.0,0.0,0.0,0.0,0.0,0.0,0.0,0.0,0.0,0.0,0.0,0.0,0.0,0.0,0.0,0.0,0.0,0.0,0.0,0.0,0.0,0.0,0.0,0.0,0.0,0.0,0.0,0.0,0.0,0.0,0.0,0.0,0.0,0.0,0.0,0.0,0.0,0.0,0.0,0.0,0.0,0.0,0.0,0.0,0.0,0.0,0.0,0.0,0.0,0.0,0.0,0.0,0.0,0.0,0.0,0.0,0.0,0.0,0.0,0.0,0.0,0.0,0.0,0.0,0.0,0.0,0.0,0.0,0.0,0.0,0.0,0.0,0.0,0.0,0.0,0.0,0.0,0.0,0.0,0.0,0.0,0.0,0.0,0.0,0.0
2017-05-31 23:59:00+02:00,0.0,0.0,0.0,0.0,0.0,0.0,0.0,0.0,0.0,0.0,0.0,0.0,0.0,0.0,0.0,0.0,0.0,0.0,0.0,0.0,0.0,0.0,0.0,0.0,0.0,0.0,0.0,0.0,0.0,0.0,0.0,0.0,0.0,0.0,0.0,0.0,0.0,0.0,0.0,0.0,0.0,0.0,0.0,0.0,0.0,0.0,0.0,0.0,0.0,0.0,0.0,0.0,0.0,0.0,0.0,0.0,0.0,0.0,0.0,0.0,0.0,0.0,0.0,0.0,0.0,0.0,0.0,0.0,0.0,0.0,0.0,0.0,0.0,0.0,0.0,0.0,0.0,0.0,0.0,0.0,0.0,0.0,0.0,0.0,0.0,0.0,0.0,0.0,0.0,0.0,0.0,0.0,0.0,0.0,0.0,0.0,0.0,0.0,0.0,0.0,0.0,0.0,0.0,0.0,0.0,0.0,0.0,0.0,0.0,0.0,0.0,0.0,0.0,0.0,0.0,0.0,0.0,0.0
2017-06-01 00:00:00+02:00,0.0,0.0,0.0,0.0,0.0,0.0,0.0,0.0,0.0,0.0,0.0,0.0,0.0,0.0,0.0,0.0,0.0,0.0,0.0,0.0,0.0,0.0,0.0,0.0,0.0,0.0,0.0,0.0,0.0,0.0,0.0,0.0,0.0,0.0,0.0,0.0,0.0,0.0,0.0,0.0,0.0,0.0,0.0,0.0,0.0,0.0,0.0,0.0,0.0,0.0,0.0,0.0,0.0,0.0,0.0,0.0,0.0,0.0,0.0,0.0,0.0,0.0,0.0,0.0,0.0,0.0,0.0,0.0,0.0,0.0,0.0,0.0,0.0,0.0,0.0,0.0,0.0,0.0,0.0,0.0,0.0,0.0,0.0,0.0,0.0,0.0,0.0,0.0,0.0,0.0,0.0,0.0,0.0,0.0,0.0,0.0,0.0,0.0,0.0,0.0,0.0,0.0,0.0,0.0,0.0,0.0,0.0,0.0,0.0,0.0,0.0,0.0,0.0,0.0,0.0,0.0,0.0,0.0
2017-06-01 00:01:00+02:00,0.0,0.0,0.0,0.0,0.0,0.0,0.0,0.0,0.0,0.0,0.0,0.0,0.0,0.0,0.0,0.0,0.0,0.0,0.0,0.0,0.0,0.0,0.0,0.0,0.0,0.0,0.0,0.0,0.0,0.0,0.0,0.0,0.0,0.0,0.0,0.0,0.0,0.0,0.0,0.0,0.0,0.0,0.0,0.0,0.0,0.0,0.0,0.0,0.0,0.0,0.0,0.0,0.0,0.0,0.0,0.0,0.0,0.0,0.0,0.0,0.0,0.0,0.0,0.0,0.0,0.0,0.0,0.0,0.0,0.0,0.0,0.0,0.0,0.0,0.0,0.0,0.0,0.0,0.0,0.0,0.0,0.0,0.0,0.0,0.0,0.0,0.0,0.0,0.0,0.0,0.0,0.0,0.0,0.0,0.0,0.0,0.0,0.0,0.0,0.0,0.0,0.0,0.0,0.0,0.0,0.0,0.0,0.0,0.0,0.0,0.0,0.0,0.0,0.0,0.0,0.0,0.0,0.0
2017-06-01 00:02:00+02:00,0.0,0.0,0.0,0.0,0.0,0.0,0.0,0.0,0.0,0.0,0.0,0.0,0.0,0.0,0.0,0.0,0.0,0.0,0.0,0.0,0.0,0.0,0.0,0.0,0.0,0.0,0.0,0.0,0.0,0.0,0.0,0.0,0.0,0.0,0.0,0.0,0.0,0.0,0.0,0.0,0.0,0.0,0.0,0.0,0.0,0.0,0.0,0.0,0.0,0.0,0.0,0.0,0.0,0.0,0.0,0.0,0.0,0.0,0.0,0.0,0.0,0.0,0.0,0.0,0.0,0.0,0.0,0.0,0.0,0.0,0.0,0.0,0.0,0.0,0.0,0.0,0.0,0.0,0.0,0.0,0.0,0.0,0.0,0.0,0.0,0.0,0.0,0.0,0.0,0.0,0.0,0.0,0.0,0.0,0.0,0.0,0.0,0.0,0.0,0.0,0.0,0.0,0.0,0.0,0.0,0.0,0.0,0.0,0.0,0.0,0.0,0.0,0.0,0.0,0.0,0.0,0.0,0.0
2017-06-01 00:03:00+02:00,0.0,0.0,0.0,0.0,0.0,0.0,0.0,0.0,0.0,0.0,0.0,0.0,0.0,0.0,0.0,0.0,0.0,0.0,0.0,0.0,0.0,0.0,0.0,0.0,0.0,0.0,0.0,0.0,0.0,0.0,0.0,0.0,0.0,0.0,0.0,0.0,0.0,0.0,0.0,0.0,0.0,0.0,0.0,0.0,0.0,0.0,0.0,0.0,0.0,0.0,0.0,0.0,0.0,0.0,0.0,0.0,0.0,0.0,0.0,0.0,0.0,0.0,0.0,0.0,0.0,0.0,0.0,0.0,0.0,0.0,0.0,0.0,0.0,0.0,0.0,0.0,0.0,0.0,0.0,0.0,0.0,0.0,0.0,0.0,0.0,0.0,0.0,0.0,0.0,0.0,0.0,0.0,0.0,0.0,0.0,0.0,0.0,0.0,0.0,0.0,0.0,0.0,0.0,0.0,0.0,0.0,0.0,0.0,0.0,0.0,0.0,0.0,0.0,0.0,0.0,0.0,0.0,0.0
2017-06-01 00:04:00+02:00,0.0,0.0,0.0,0.0,0.0,0.0,0.0,0.0,0.0,0.0,0.0,0.0,0.0,0.0,0.0,0.0,0.0,0.0,0.0,0.0,0.0,0.0,0.0,0.0,0.0,0.0,0.0,0.0,0.0,0.0,0.0,0.0,0.0,0.0,0.0,0.0,0.0,0.0,0.0,0.0,0.0,0.0,0.0,0.0,0.0,0.0,0.0,0.0,0.0,0.0,0.0,0.0,0.0,0.0,0.0,0.0,0.0,0.0,0.0,0.0,0.0,0.0,0.0,0.0,0.0,0.0,0.0,0.0,0.0,0.0,0.0,0.0,0.0,0.0,0.0,0.0,0.0,0.0,0.0,0.0,0.0,0.0,0.0,0.0,0.0,0.0,0.0,0.0,0.0,0.0,0.0,0.0,0.0,0.0,0.0,0.0,0.0,0.0,0.0,0.0,0.0,0.0,0.0,0.0,0.0,0.0,0.0,0.0,0.0,0.0,0.0,0.0,0.0,0.0,0.0,0.0,0.0,0.0
2017-06-01 00:05:00+02:00,0.0,0.0,0.0,0.0,0.0,0.0,0.0,0.0,0.0,0.0,0.0,0.0,0.0,0.0,0.0,0.0,0.0,0.0,0.0,0.0,0.0,0.0,0.0,0.0,0.0,0.0,0.0,0.0,0.0,0.0,0.0,0.0,0.0,0.0,0.0,0.0,0.0,0.0,0.0,0.0,0.0,0.0,0.0,0.0,0.0,0.0,0.0,0.0,0.0,0.0,0.0,0.0,0.0,0.0,0.0,0.0,0.0,0.0,0.0,0.0,0.0,0.0,0.0,0.0,0.0,0.0,0.0,0.0,0.0,0.0,0.0,0.0,0.0,0.0,0.0,0.0,0.0,0.0,0.0,0.0,0.0,0.0,0.0,0.0,0.0,0.0,0.0,0.0,0.0,0.0,0.0,0.0,0.0,0.0,0.0,0.0,0.0,0.0,0.0,0.0,0.0,0.0,0.0,0.0,0.0,0.0,0.0,0.0,0.0,0.0,0.0,0.0,0.0,0.0,0.0,0.0,0.0,0.0
2017-06-01 00:06:00+02:00,0.0,0.0,0.0,0.0,0.0,0.0,0.0,0.0,0.0,0.0,0.0,0.0,0.0,0.0,0.0,0.0,0.0,0.0,0.0,0.0,0.0,0.0,0.0,0.0,0.0,0.0,0.0,0.0,0.0,0.0,0.0,0.0,0.0,0.0,0.0,0.0,0.0,0.0,0.0,0.0,0.0,0.0,0.0,0.0,0.0,0.0,0.0,0.0,0.0,0.0,0.0,0.0,0.0,0.0,0.0,0.0,0.0,0.0,0.0,0.0,0.0,0.0,0.0,0.0,0.0,0.0,0.0,0.0,0.0,0.0,0.0,0.0,0.0,0.0,0.0,0.0,0.0,0.0,0.0,0.0,0.0,0.0,0.0,0.0,0.0,0.0,0.0,0.0,0.0,0.0,0.0,0.0,0.0,0.0,0.0,0.0,0.0,0.0,0.0,0.0,0.0,0.0,0.0,0.0,0.0,0.0,0.0,0.0,0.0,0.0,0.0,0.0,0.0,0.0,0.0,0.0,0.0,0.0
2017-06-01 00:07:00+02:00,0.0,0.0,0.0,0.0,0.0,0.0,0.0,0.0,0.0,0.0,0.0,0.0,0.0,0.0,0.0,0.0,0.0,0.0,0.0,0.0,0.0,0.0,0.0,0.0,0.0,0.0,0.0,0.0,0.0,0.0,0.0,0.0,0.0,0.0,0.0,0.0,0.0,0.0,0.0,0.0,0.0,0.0,0.0,0.0,0.0,0.0,0.0,0.0,0.0,0.0,0.0,0.0,0.0,0.0,0.0,0.0,0.0,0.0,0.0,0.0,0.0,0.0,0.0,0.0,0.0,0.0,0.0,0.0,0.0,0.0,0.0,0.0,0.0,0.0,0.0,0.0,0.0,0.0,0.0,0.0,0.0,0.0,0.0,0.0,0.0,0.0,0.0,0.0,0.0,0.0,0.0,0.0,0.0,0.0,0.0,0.0,0.0,0.0,0.0,0.0,0.0,0.0,0.0,0.0,0.0,0.0,0.0,0.0,0.0,0.0,0.0,0.0,0.0,0.0,0.0,0.0,0.0,0.0
2017-06-01 00:08:00+02:00,0.0,0.0,0.0,0.0,0.0,0.0,0.0,0.0,0.0,0.0,0.0,0.0,0.0,0.0,0.0,0.0,0.0,0.0,0.0,0.0,0.0,0.0,0.0,0.0,0.0,0.0,0.0,0.0,0.0,0.0,0.0,0.0,0.0,0.0,0.0,0.0,0.0,0.0,0.0,0.0,0.0,0.0,0.0,0.0,0.0,0.0,0.0,0.0,0.0,0.0,0.0,0.0,0.0,0.0,0.0,0.0,0.0,0.0,0.0,0.0,0.0,0.0,0.0,0.0,0.0,0.0,0.0,0.0,0.0,0.0,0.0,0.0,0.0,0.0,0.0,0.0,0.0,0.0,0.0,0.0,0.0,0.0,0.0,0.0,0.0,0.0,0.0,0.0,0.0,0.0,0.0,0.0,0.0,0.0,0.0,0.0,0.0,0.0,0.0,0.0,0.0,0.0,0.0,0.0,0.0,0.0,0.0,0.0,0.0,0.0,0.0,0.0,0.0,0.0,0.0,0.0,0.0,0.0
2017-06-01 00:09:00+02:00,0.0,0.0,0.0,0.0,0.0,0.0,0.0,0.0,0.0,0.0,0.0,0.0,0.0,0.0,0.0,0.0,0.0,0.0,0.0,0.0,0.0,0.0,0.0,0.0,0.0,0.0,0.0,0.0,0.0,0.0,0.0,0.0,0.0,0.0,0.0,0.0,0.0,0.0,0.0,0.0,0.0,0.0,0.0,0.0,0.0,0.0,0.0,0.0,0.0,0.0,0.0,0.0,0.0,0.0,0.0,0.0,0.0,0.0,0.0,0.0,0.0,0.0,0.0,0.0,0.0,0.0,0.0,0.0,0.0,0.0,0.0,0.0,0.0,0.0,0.0,0.0,0.0,0.0,0.0,0.0,0.0,0.0,0.0,0.0,0.0,0.0,0.0,0.0,0.0,0.0,0.0,0.0,0.0,0.0,0.0,0.0,0.0,0.0,0.0,0.0,0.0,0.0,0.0,0.0,0.0,0.0,0.0,0.0,0.0,0.0,0.0,0.0,0.0,0.0,0.0,0.0,0.0,0.0
2017-06-01 00:10:00+02:00,0.0,0.0,0.0,0.0,0.0,0.0,0.0,0.0,0.0,0.0,0.0,0.0,0.0,0.0,0.0,0.0,0.0,0.0,0.0,0.0,0.0,0.0,0.0,0.0,0.0,0.0,0.0,0.0,0.0,0.0,0.0,0.0,0.0,0.0,0.0,0.0,0.0,0.0,0.0,0.0,0.0,0.0,0.0,0.0,0.0,0.0,0.0,0.0,0.0,0.0,0.0,0.0,0.0,0.0,0.0,0.0,0.0,0.0,0.0,0.0,0.0,0.0,0.0,0.0,0.0,0.0,0.0,0.0,0.0,0.0,0.0,0.0,0.0,0.0,0.0,0.0,0.0,0.0,0.0,0.0,0.0,0.0,0.0,0.0,0.0,0.0,0.0,0.0,0.0,0.0,0.0,0.0,0.0,0.0,0.0,0.0,0.0,0.0,0.0,0.0,0.0,0.0,0.0,0.0,0.0,0.0,0.0,0.0,0.0,0.0,0.0,0.0,0.0,0.0,0.0,0.0,0.0,0.0
2017-06-01 00:11:00+02:00,0.0,0.0,0.0,0.0,0.0,0.0,0.0,0.0,0.0,0.0,0.0,0.0,0.0,0.0,0.0,0.0,0.0,0.0,0.0,0.0,0.0,0.0,0.0,0.0,0.0,0.0,0.0,0.0,0.0,0.0,0.0,0.0,0.0,0.0,0.0,0.0,0.0,0.0,0.0,0.0,0.0,0.0,0.0,0.0,0.0,0.0,0.0,0.0,0.0,0.0,0.0,0.0,0.0,0.0,0.0,0.0,0.0,0.0,0.0,0.0,0.0,0.0,0.0,0.0,0.0,0.0,0.0,0.0,0.0,0.0,0.0,0.0,0.0,0.0,0.0,0.0,0.0,0.0,0.0,0.0,0.0,0.0,0.0,0.0,0.0,0.0,0.0,0.0,0.0,0.0,0.0,0.0,0.0,0.0,0.0,0.0,0.0,0.0,0.0,0.0,0.0,0.0,0.0,0.0,0.0,0.0,0.0,0.0,0.0,0.0,0.0,0.0,0.0,0.0,0.0,0.0,0.0,0.0
2017-06-01 00:12:00+02:00,0.0,0.0,0.0,0.0,0.0,0.0,0.0,0.0,0.0,0.0,0.0,0.0,0.0,0.0,0.0,0.0,0.0,0.0,0.0,0.0,0.0,0.0,0.0,0.0,0.0,0.0,0.0,0.0,0.0,0.0,0.0,0.0,0.0,0.0,0.0,0.0,0.0,0.0,0.0,0.0,0.0,0.0,0.0,0.0,0.0,0.0,0.0,0.0,0.0,0.0,0.0,0.0,0.0,0.0,0.0,0.0,0.0,0.0,0.0,0.0,0.0,0.0,0.0,0.0,0.0,0.0,0.0,0.0,0.0,0.0,0.0,0.0,0.0,0.0,0.0,0.0,0.0,0.0,0.0,0.0,0.0,0.0,0.0,0.0,0.0,0.0,0.0,0.0,0.0,0.0,0.0,0.0,0.0,0.0,0.0,0.0,0.0,0.0,0.0,0.0,0.0,0.0,0.0,0.0,0.0,0.0,0.0,0.0,0.0,0.0,0.0,0.0,0.0,0.0,0.0,0.0,0.0,0.0
2017-06-01 00:13:00+02:00,0.0,0.0,0.0,0.0,0.0,0.0,0.0,0.0,0.0,0.0,0.0,0.0,0.0,0.0,0.0,0.0,0.0,0.0,0.0,0.0,0.0,0.0,0.0,0.0,0.0,0.0,0.0,0.0,0.0,0.0,0.0,0.0,0.0,0.0,0.0,0.0,0.0,0.0,0.0,0.0,0.0,0.0,0.0,0.0,0.0,0.0,0.0,0.0,0.0,0.0,0.0,0.0,0.0,0.0,0.0,0.0,0.0,0.0,0.0,0.0,0.0,0.0,0.0,0.0,0.0,0.0,0.0,0.0,0.0,0.0,0.0,0.0,0.0,0.0,0.0,0.0,0.0,0.0,0.0,0.0,0.0,0.0,0.0,0.0,0.0,0.0,0.0,0.0,0.0,0.0,0.0,0.0,0.0,0.0,0.0,0.0,0.0,0.0,0.0,0.0,0.0,0.0,0.0,0.0,0.0,0.0,0.0,0.0,0.0,0.0,0.0,0.0,0.0,0.0,0.0,0.0,0.0,0.0
2017-06-01 00:14:00+02:00,0.0,0.0,0.0,0.0,0.0,0.0,0.0,0.0,0.0,0.0,0.0,0.0,0.0,0.0,0.0,0.0,0.0,0.0,0.0,0.0,0.0,0.0,0.0,0.0,0.0,0.0,0.0,0.0,0.0,0.0,0.0,0.0,0.0,0.0,0.0,0.0,0.0,0.0,0.0,0.0,0.0,0.0,0.0,0.0,0.0,0.0,0.0,0.0,0.0,0.0,0.0,0.0,0.0,0.0,0.0,0.0,0.0,0.0,0.0,0.0,0.0,0.0,0.0,0.0,0.0,0.0,0.0,0.0,0.0,0.0,0.0,0.0,0.0,0.0,0.0,0.0,0.0,0.0,0.0,0.0,0.0,0.0,0.0,0.0,0.0,0.0,0.0,0.0,0.0,0.0,0.0,0.0,0.0,0.0,0.0,0.0,0.0,0.0,0.0,0.0,0.0,0.0,0.0,0.0,0.0,0.0,0.0,0.0,0.0,0.0,0.0,0.0,0.0,0.0,0.0,0.0,0.0,0.0
2017-06-01 00:15:00+02:00,0.0,0.0,0.0,0.0,0.0,0.0,0.0,0.0,0.0,0.0,0.0,0.0,0.0,0.0,0.0,0.0,0.0,0.0,0.0,0.0,0.0,0.0,0.0,0.0,0.0,0.0,0.0,0.0,0.0,0.0,0.0,0.0,0.0,0.0,0.0,0.0,0.0,0.0,0.0,0.0,0.0,0.0,0.0,0.0,0.0,0.0,0.0,0.0,0.0,0.0,0.0,0.0,0.0,0.0,0.0,0.0,0.0,0.0,0.0,0.0,0.0,0.0,0.0,0.0,0.0,0.0,0.0,0.0,0.0,0.0,0.0,0.0,0.0,0.0,0.0,0.0,0.0,0.0,0.0,0.0,0.0,0.0,0.0,0.0,0.0,0.0,0.0,0.0,0.0,0.0,0.0,0.0,0.0,0.0,0.0,0.0,0.0,0.0,0.0,0.0,0.0,0.0,0.0,0.0,0.0,0.0,0.0,0.0,0.0,0.0,0.0,0.0,0.0,0.0,0.0,0.0,0.0,0.0
2017-06-01 00:16:00+02:00,0.0,0.0,0.0,0.0,0.0,0.0,0.0,0.0,0.0,0.0,0.0,0.0,0.0,0.0,0.0,0.0,0.0,0.0,0.0,0.0,0.0,0.0,0.0,0.0,0.0,0.0,0.0,0.0,0.0,0.0,0.0,0.0,0.0,0.0,0.0,0.0,0.0,0.0,0.0,0.0,0.0,0.0,0.0,0.0,0.0,0.0,0.0,0.0,0.0,0.0,0.0,0.0,0.0,0.0,0.0,0.0,0.0,0.0,0.0,0.0,0.0,0.0,0.0,0.0,0.0,0.0,0.0,0.0,0.0,0.0,0.0,0.0,0.0,0.0,0.0,0.0,0.0,0.0,0.0,0.0,0.0,0.0,0.0,0.0,0.0,0.0,0.0,0.0,0.0,0.0,0.0,0.0,0.0,0.0,0.0,0.0,0.0,0.0,0.0,0.0,0.0,0.0,0.0,0.0,0.0,0.0,0.0,0.0,0.0,0.0,0.0,0.0,0.0,0.0,0.0,0.0,0.0,0.0
2017-06-01 00:17:00+02:00,0.0,0.0,0.0,0.0,0.0,0.0,0.0,0.0,0.0,0.0,0.0,0.0,0.0,0.0,0.0,0.0,0.0,0.0,0.0,0.0,0.0,0.0,0.0,0.0,0.0,0.0,0.0,0.0,0.0,0.0,0.0,0.0,0.0,0.0,0.0,0.0,0.0,0.0,0.0,0.0,0.0,0.0,0.0,0.0,0.0,0.0,0.0,0.0,0.0,0.0,0.0,0.0,0.0,0.0,0.0,0.0,0.0,0.0,0.0,0.0,0.0,0.0,0.0,0.0,0.0,0.0,0.0,0.0,0.0,0.0,0.0,0.0,0.0,0.0,0.0,0.0,0.0,0.0,0.0,0.0,0.0,0.0,0.0,0.0,0.0,0.0,0.0,0.0,0.0,0.0,0.0,0.0,0.0,0.0,0.0,0.0,0.0,0.0,0.0,0.0,0.0,0.0,0.0,0.0,0.0,0.0,0.0,0.0,0.0,0.0,0.0,0.0,0.0,0.0,0.0,0.0,0.0,0.0
2017-06-01 00:18:00+02:00,0.0,0.0,0.0,0.0,0.0,0.0,0.0,0.0,0.0,0.0,0.0,0.0,0.0,0.0,0.0,0.0,0.0,0.0,0.0,0.0,0.0,0.0,0.0,0.0,0.0,0.0,0.0,0.0,0.0,0.0,0.0,0.0,0.0,0.0,0.0,0.0,0.0,0.0,0.0,0.0,0.0,0.0,0.0,0.0,0.0,0.0,0.0,0.0,0.0,0.0,0.0,0.0,0.0,0.0,0.0,0.0,0.0,0.0,0.0,0.0,0.0,0.0,0.0,0.0,0.0,0.0,0.0,0.0,0.0,0.0,0.0,0.0,0.0,0.0,0.0,0.0,0.0,0.0,0.0,0.0,0.0,0.0,0.0,0.0,0.0,0.0,0.0,0.0,0.0,0.0,0.0,0.0,0.0,0.0,0.0,0.0,0.0,0.0,0.0,0.0,0.0,0.0,0.0,0.0,0.0,0.0,0.0,0.0,0.0,0.0,0.0,0.0,0.0,0.0,0.0,0.0,0.0,0.0
2017-06-01 00:19:00+02:00,0.0,0.0,0.0,0.0,0.0,0.0,0.0,0.0,0.0,0.0,0.0,0.0,0.0,0.0,0.0,0.0,0.0,0.0,0.0,0.0,0.0,0.0,0.0,0.0,0.0,0.0,0.0,0.0,0.0,0.0,0.0,0.0,0.0,0.0,0.0,0.0,0.0,0.0,0.0,0.0,0.0,0.0,0.0,0.0,0.0,0.0,0.0,0.0,0.0,0.0,0.0,0.0,0.0,0.0,0.0,0.0,0.0,0.0,0.0,0.0,0.0,0.0,0.0,0.0,0.0,0.0,0.0,0.0,0.0,0.0,0.0,0.0,0.0,0.0,0.0,0.0,0.0,0.0,0.0,0.0,0.0,0.0,0.0,0.0,0.0,0.0,0.0,0.0,0.0,0.0,0.0,0.0,0.0,0.0,0.0,0.0,0.0,0.0,0.0,0.0,0.0,0.0,0.0,0.0,0.0,0.0,0.0,0.0,0.0,0.0,0.0,0.0,0.0,0.0,0.0,0.0,0.0,0.0
2017-06-01 00:20:00+02:00,0.0,0.0,0.0,0.0,0.0,0.0,0.0,0.0,0.0,0.0,0.0,0.0,0.0,0.0,0.0,0.0,0.0,0.0,0.0,0.0,0.0,0.0,0.0,0.0,0.0,0.0,0.0,0.0,0.0,0.0,0.0,0.0,0.0,0.0,0.0,0.0,0.0,0.0,0.0,0.0,0.0,0.0,0.0,0.0,0.0,0.0,0.0,0.0,0.0,0.0,0.0,0.0,0.0,0.0,0.0,0.0,0.0,0.0,0.0,0.0,0.0,0.0,0.0,0.0,0.0,0.0,0.0,0.0,0.0,0.0,0.0,0.0,0.0,0.0,0.0,0.0,0.0,0.0,0.0,0.0,0.0,0.0,0.0,0.0,0.0,0.0,0.0,0.0,0.0,0.0,0.0,0.0,0.0,0.0,0.0,0.0,0.0,0.0,0.0,0.0,0.0,0.0,0.0,0.0,0.0,0.0,0.0,0.0,0.0,0.0,0.0,0.0,0.0,0.0,0.0,0.0,0.0,0.0
2017-06-01 00:21:00+02:00,0.0,0.0,0.0,0.0,0.0,0.0,0.0,0.0,0.0,0.0,0.0,0.0,0.0,0.0,0.0,0.0,0.0,0.0,0.0,0.0,0.0,0.0,0.0,0.0,0.0,0.0,0.0,0.0,0.0,0.0,0.0,0.0,0.0,0.0,0.0,0.0,0.0,0.0,0.0,0.0,0.0,0.0,0.0,0.0,0.0,0.0,0.0,0.0,0.0,0.0,0.0,0.0,0.0,0.0,0.0,0.0,0.0,0.0,0.0,0.0,0.0,0.0,0.0,0.0,0.0,0.0,0.0,0.0,0.0,0.0,0.0,0.0,0.0,0.0,0.0,0.0,0.0,0.0,0.0,0.0,0.0,0.0,0.0,0.0,0.0,0.0,0.0,0.0,0.0,0.0,0.0,0.0,0.0,0.0,0.0,0.0,0.0,0.0,0.0,0.0,0.0,0.0,0.0,0.0,0.0,0.0,0.0,0.0,0.0,0.0,0.0,0.0,0.0,0.0,0.0,0.0,0.0,0.0
2017-06-01 00:22:00+02:00,0.0,0.0,0.0,0.0,0.0,0.0,0.0,0.0,0.0,0.0,0.0,0.0,0.0,0.0,0.0,0.0,0.0,0.0,0.0,0.0,0.0,0.0,0.0,0.0,0.0,0.0,0.0,0.0,0.0,0.0,0.0,0.0,0.0,0.0,0.0,0.0,0.0,0.0,0.0,0.0,0.0,0.0,0.0,0.0,0.0,0.0,0.0,0.0,0.0,0.0,0.0,0.0,0.0,0.0,0.0,0.0,0.0,0.0,0.0,0.0,0.0,0.0,0.0,0.0,0.0,0.0,0.0,0.0,0.0,0.0,0.0,0.0,0.0,0.0,0.0,0.0,0.0,0.0,0.0,0.0,0.0,0.0,0.0,0.0,0.0,0.0,0.0,0.0,0.0,0.0,0.0,0.0,0.0,0.0,0.0,0.0,0.0,0.0,0.0,0.0,0.0,0.0,0.0,0.0,0.0,0.0,0.0,0.0,0.0,0.0,0.0,0.0,0.0,0.0,0.0,0.0,0.0,0.0
2017-06-01 00:23:00+02:00,0.0,0.0,0.0,0.0,0.0,0.0,0.0,0.0,0.0,0.0,0.0,0.0,0.0,0.0,0.0,0.0,0.0,0.0,0.0,0.0,0.0,0.0,0.0,0.0,0.0,0.0,0.0,0.0,0.0,0.0,0.0,0.0,0.0,0.0,0.0,0.0,0.0,0.0,0.0,0.0,0.0,0.0,0.0,0.0,0.0,0.0,0.0,0.0,0.0,0.0,0.0,0.0,0.0,0.0,0.0,0.0,0.0,0.0,0.0,0.0,0.0,0.0,0.0,0.0,0.0,0.0,0.0,0.0,0.0,0.0,0.0,0.0,0.0,0.0,0.0,0.0,0.0,0.0,0.0,0.0,0.0,0.0,0.0,0.0,0.0,0.0,0.0,0.0,0.0,0.0,0.0,0.0,0.0,0.0,0.0,0.0,0.0,0.0,0.0,0.0,0.0,0.0,0.0,0.0,0.0,0.0,0.0,0.0,0.0,0.0,0.0,0.0,0.0,0.0,0.0,0.0,0.0,0.0
2017-06-01 00:24:00+02:00,0.0,0.0,0.0,0.0,0.0,0.0,0.0,0.0,0.0,0.0,0.0,0.0,0.0,0.0,0.0,0.0,0.0,0.0,0.0,0.0,0.0,0.0,0.0,0.0,0.0,0.0,0.0,0.0,0.0,0.0,0.0,0.0,0.0,0.0,0.0,0.0,0.0,0.0,0.0,0.0,0.0,0.0,0.0,0.0,0.0,0.0,0.0,0.0,0.0,0.0,0.0,0.0,0.0,0.0,0.0,0.0,0.0,0.0,0.0,0.0,0.0,0.0,0.0,0.0,0.0,0.0,0.0,0.0,0.0,0.0,0.0,0.0,0.0,0.0,0.0,0.0,0.0,0.0,0.0,0.0,0.0,0.0,0.0,0.0,0.0,0.0,0.0,0.0,0.0,0.0,0.0,0.0,0.0,0.0,0.0,0.0,0.0,0.0,0.0,0.0,0.0,0.0,0.0,0.0,0.0,0.0,0.0,0.0,0.0,0.0,0.0,0.0,0.0,0.0,0.0,0.0,0.0,0.0
2017-06-01 00:25:00+02:00,0.0,0.0,0.0,0.0,0.0,0.0,0.0,0.0,0.0,0.0,0.0,0.0,0.0,0.0,0.0,0.0,0.0,0.0,0.0,0.0,0.0,0.0,0.0,0.0,0.0,0.0,0.0,0.0,0.0,0.0,0.0,0.0,0.0,0.0,0.0,0.0,0.0,0.0,0.0,0.0,0.0,0.0,0.0,0.0,0.0,0.0,0.0,0.0,0.0,0.0,0.0,0.0,0.0,0.0,0.0,0.0,0.0,0.0,0.0,0.0,0.0,0.0,0.0,0.0,0.0,0.0,0.0,0.0,0.0,0.0,0.0,0.0,0.0,0.0,0.0,0.0,0.0,0.0,0.0,0.0,0.0,0.0,0.0,0.0,0.0,0.0,0.0,0.0,0.0,0.0,0.0,0.0,0.0,0.0,0.0,0.0,0.0,0.0,0.0,0.0,0.0,0.0,0.0,0.0,0.0,0.0,0.0,0.0,0.0,0.0,0.0,0.0,0.0,0.0,0.0,0.0,0.0,0.0
2017-06-01 00:26:00+02:00,0.0,0.0,0.0,0.0,0.0,0.0,0.0,0.0,0.0,0.0,0.0,0.0,0.0,0.0,0.0,0.0,0.0,0.0,0.0,0.0,0.0,0.0,0.0,0.0,0.0,0.0,0.0,0.0,0.0,0.0,0.0,0.0,0.0,0.0,0.0,0.0,0.0,0.0,0.0,0.0,0.0,0.0,0.0,0.0,0.0,0.0,0.0,0.0,0.0,0.0,0.0,0.0,0.0,0.0,0.0,0.0,0.0,0.0,0.0,0.0,0.0,0.0,0.0,0.0,0.0,0.0,0.0,0.0,0.0,0.0,0.0,0.0,0.0,0.0,0.0,0.0,0.0,0.0,0.0,0.0,0.0,0.0,0.0,0.0,0.0,0.0,0.0,0.0,0.0,0.0,0.0,0.0,0.0,0.0,0.0,0.0,0.0,0.0,0.0,0.0,0.0,0.0,0.0,0.0,0.0,0.0,0.0,0.0,0.0,0.0,0.0,0.0,0.0,0.0,0.0,0.0,0.0,0.0
2017-06-01 00:27:00+02:00,0.0,0.0,0.0,0.0,0.0,0.0,0.0,0.0,0.0,0.0,0.0,0.0,0.0,0.0,0.0,0.0,0.0,0.0,0.0,0.0,0.0,0.0,0.0,0.0,0.0,0.0,0.0,0.0,0.0,0.0,0.0,0.0,0.0,0.0,0.0,0.0,0.0,0.0,0.0,0.0,0.0,0.0,0.0,0.0,0.0,0.0,0.0,0.0,0.0,0.0,0.0,0.0,0.0,0.0,0.0,0.0,0.0,0.0,0.0,0.0,0.0,0.0,0.0,0.0,0.0,0.0,0.0,0.0,0.0,0.0,0.0,0.0,0.0,0.0,0.0,0.0,0.0,0.0,0.0,0.0,0.0,0.0,0.0,0.0,0.0,0.0,0.0,0.0,0.0,0.0,0.0,0.0,0.0,0.0,0.0,0.0,0.0,0.0,0.0,0.0,0.0,0.0,0.0,0.0,0.0,0.0,0.0,0.0,0.0,0.0,0.0,0.0,0.0,0.0,0.0,0.0,0.0,0.0
2017-06-01 00:28:00+02:00,0.0,0.0,0.0,0.0,0.0,0.0,0.0,0.0,0.0,0.0,0.0,0.0,0.0,0.0,0.0,0.0,0.0,0.0,0.0,0.0,0.0,0.0,0.0,0.0,0.0,0.0,0.0,0.0,0.0,0.0,0.0,0.0,0.0,0.0,0.0,0.0,0.0,0.0,0.0,0.0,0.0,0.0,0.0,0.0,0.0,0.0,0.0,0.0,0.0,0.0,0.0,0.0,0.0,0.0,0.0,0.0,0.0,0.0,0.0,0.0,0.0,0.0,0.0,0.0,0.0,0.0,0.0,0.0,0.0,0.0,0.0,0.0,0.0,0.0,0.0,0.0,0.0,0.0,0.0,0.0,0.0,0.0,0.0,0.0,0.0,0.0,0.0,0.0,0.0,0.0,0.0,0.0,0.0,0.0,0.0,0.0,0.0,0.0,0.0,0.0,0.0,0.0,0.0,0.0,0.0,0.0,0.0,0.0,0.0,0.0,0.0,0.0,0.0,0.0,0.0,0.0,0.0,0.0
2017-06-01 00:29:00+02:00,0.0,0.0,0.0,0.0,0.0,0.0,0.0,0.0,0.0,0.0,0.0,0.0,0.0,0.0,0.0,0.0,0.0,0.0,0.0,0.0,0.0,0.0,0.0,0.0,0.0,0.0,0.0,0.0,0.0,0.0,0.0,0.0,0.0,0.0,0.0,0.0,0.0,0.0,0.0,0.0,0.0,0.0,0.0,0.0,0.0,0.0,0.0,0.0,0.0,0.0,0.0,0.0,0.0,0.0,0.0,0.0,0.0,0.0,0.0,0.0,0.0,0.0,0.0,0.0,0.0,0.0,0.0,0.0,0.0,0.0,0.0,0.0,0.0,0.0,0.0,0.0,0.0,0.0,0.0,0.0,0.0,0.0,0.0,0.0,0.0,0.0,0.0,0.0,0.0,0.0,0.0,0.0,0.0,0.0,0.0,0.0,0.0,0.0,0.0,0.0,0.0,0.0,0.0,0.0,0.0,0.0,0.0,0.0,0.0,0.0,0.0,0.0,0.0,0.0,0.0,0.0,0.0,0.0
2017-06-01 00:30:00+02:00,0.0,0.0,0.0,0.0,0.0,0.0,0.0,0.0,0.0,0.0,0.0,0.0,0.0,0.0,0.0,0.0,0.0,0.0,0.0,0.0,0.0,0.0,0.0,0.0,0.0,0.0,0.0,0.0,0.0,0.0,0.0,0.0,0.0,0.0,0.0,0.0,0.0,0.0,0.0,0.0,0.0,0.0,0.0,0.0,0.0,0.0,0.0,0.0,0.0,0.0,0.0,0.0,0.0,0.0,0.0,0.0,0.0,0.0,0.0,0.0,0.0,0.0,0.0,0.0,0.0,0.0,0.0,0.0,0.0,0.0,0.0,0.0,0.0,0.0,0.0,0.0,0.0,0.0,0.0,0.0,0.0,0.0,0.0,0.0,0.0,0.0,0.0,0.0,0.0,0.0,0.0,0.0,0.0,0.0,0.0,0.0,0.0,0.0,0.0,0.0,0.0,0.0,0.0,0.0,0.0,0.0,0.0,0.0,0.0,0.0,0.0,0.0,0.0,0.0,0.0,0.0,0.0,0.0
2017-06-01 00:31:00+02:00,0.0,0.0,0.0,0.0,0.0,0.0,0.0,0.0,0.0,0.0,0.0,0.0,0.0,0.0,0.0,0.0,0.0,0.0,0.0,0.0,0.0,0.0,0.0,0.0,0.0,0.0,0.0,0.0,0.0,0.0,0.0,0.0,0.0,0.0,0.0,0.0,0.0,0.0,0.0,0.0,0.0,0.0,0.0,0.0,0.0,0.0,0.0,0.0,0.0,0.0,0.0,0.0,0.0,0.0,0.0,0.0,0.0,0.0,0.0,0.0,0.0,0.0,0.0,0.0,0.0,0.0,0.0,0.0,0.0,0.0,0.0,0.0,0.0,0.0,0.0,0.0,0.0,0.0,0.0,0.0,0.0,0.0,0.0,0.0,0.0,0.0,0.0,0.0,0.0,0.0,0.0,0.0,0.0,0.0,0.0,0.0,0.0,0.0,0.0,0.0,0.0,0.0,0.0,0.0,0.0,0.0,0.0,0.0,0.0,0.0,0.0,0.0,0.0,0.0,0.0,0.0,0.0,0.0
2017-06-01 00:32:00+02:00,0.0,0.0,0.0,0.0,0.0,0.0,0.0,0.0,0.0,0.0,0.0,0.0,0.0,0.0,0.0,0.0,0.0,0.0,0.0,0.0,0.0,0.0,0.0,0.0,0.0,0.0,0.0,0.0,0.0,0.0,0.0,0.0,0.0,0.0,0.0,0.0,0.0,0.0,0.0,0.0,0.0,0.0,0.0,0.0,0.0,0.0,0.0,0.0,0.0,0.0,0.0,0.0,0.0,0.0,0.0,0.0,0.0,0.0,0.0,0.0,0.0,0.0,0.0,0.0,0.0,0.0,0.0,0.0,0.0,0.0,0.0,0.0,0.0,0.0,0.0,0.0,0.0,0.0,0.0,0.0,0.0,0.0,0.0,0.0,0.0,0.0,0.0,0.0,0.0,0.0,0.0,0.0,0.0,0.0,0.0,0.0,0.0,0.0,0.0,0.0,0.0,0.0,0.0,0.0,0.0,0.0,0.0,0.0,0.0,0.0,0.0,0.0,0.0,0.0,0.0,0.0,0.0,0.0
2017-06-01 00:33:00+02:00,0.0,0.0,0.0,0.0,0.0,0.0,0.0,0.0,0.0,0.0,0.0,0.0,0.0,0.0,0.0,0.0,0.0,0.0,0.0,0.0,0.0,0.0,0.0,0.0,0.0,0.0,0.0,0.0,0.0,0.0,0.0,0.0,0.0,0.0,0.0,0.0,0.0,0.0,0.0,0.0,0.0,0.0,0.0,0.0,0.0,0.0,0.0,0.0,0.0,0.0,0.0,0.0,0.0,0.0,0.0,0.0,0.0,0.0,0.0,0.0,0.0,0.0,0.0,0.0,0.0,0.0,0.0,0.0,0.0,0.0,0.0,0.0,0.0,0.0,0.0,0.0,0.0,0.0,0.0,0.0,0.0,0.0,0.0,0.0,0.0,0.0,0.0,0.0,0.0,0.0,0.0,0.0,0.0,0.0,0.0,0.0,0.0,0.0,0.0,0.0,0.0,0.0,0.0,0.0,0.0,0.0,0.0,0.0,0.0,0.0,0.0,0.0,0.0,0.0,0.0,0.0,0.0,0.0
2017-06-01 00:34:00+02:00,0.0,0.0,0.0,0.0,0.0,0.0,0.0,0.0,0.0,0.0,0.0,0.0,0.0,0.0,0.0,0.0,0.0,0.0,0.0,0.0,0.0,0.0,0.0,0.0,0.0,0.0,0.0,0.0,0.0,0.0,0.0,0.0,0.0,0.0,0.0,0.0,0.0,0.0,0.0,0.0,0.0,0.0,0.0,0.0,0.0,0.0,0.0,0.0,0.0,0.0,0.0,0.0,0.0,0.0,0.0,0.0,0.0,0.0,0.0,0.0,0.0,0.0,0.0,0.0,0.0,0.0,0.0,0.0,0.0,0.0,0.0,0.0,0.0,0.0,0.0,0.0,0.0,0.0,0.0,0.0,0.0,0.0,0.0,0.0,0.0,0.0,0.0,0.0,0.0,0.0,0.0,0.0,0.0,0.0,0.0,0.0,0.0,0.0,0.0,0.0,0.0,0.0,0.0,0.0,0.0,0.0,0.0,0.0,0.0,0.0,0.0,0.0,0.0,0.0,0.0,0.0,0.0,0.0
2017-06-01 00:35:00+02:00,0.0,0.0,0.0,0.0,0.0,0.0,0.0,0.0,0.0,0.0,0.0,0.0,0.0,0.0,0.0,0.0,0.0,0.0,0.0,0.0,0.0,0.0,0.0,0.0,0.0,0.0,0.0,0.0,0.0,0.0,0.0,0.0,0.0,0.0,0.0,0.0,0.0,0.0,0.0,0.0,0.0,0.0,0.0,0.0,0.0,0.0,0.0,0.0,0.0,0.0,0.0,0.0,0.0,0.0,0.0,0.0,0.0,0.0,0.0,0.0,0.0,0.0,0.0,0.0,0.0,0.0,0.0,0.0,0.0,0.0,0.0,0.0,0.0,0.0,0.0,0.0,0.0,0.0,0.0,0.0,0.0,0.0,0.0,0.0,0.0,0.0,0.0,0.0,0.0,0.0,0.0,0.0,0.0,0.0,0.0,0.0,0.0,0.0,0.0,0.0,0.0,0.0,0.0,0.0,0.0,0.0,0.0,0.0,0.0,0.0,0.0,0.0,0.0,0.0,0.0,0.0,0.0,0.0
2017-06-01 00:36:00+02:00,0.0,0.0,0.0,0.0,0.0,0.0,0.0,0.0,0.0,0.0,0.0,0.0,0.0,0.0,0.0,0.0,0.0,0.0,0.0,0.0,0.0,0.0,0.0,0.0,0.0,0.0,0.0,0.0,0.0,0.0,0.0,0.0,0.0,0.0,0.0,0.0,0.0,0.0,0.0,0.0,0.0,0.0,0.0,0.0,0.0,0.0,0.0,0.0,0.0,0.0,0.0,0.0,0.0,0.0,0.0,0.0,0.0,0.0,0.0,0.0,0.0,0.0,0.0,0.0,0.0,0.0,0.0,0.0,0.0,0.0,0.0,0.0,0.0,0.0,0.0,0.0,0.0,0.0,0.0,0.0,0.0,0.0,0.0,0.0,0.0,0.0,0.0,0.0,0.0,0.0,0.0,0.0,0.0,0.0,0.0,0.0,0.0,0.0,0.0,0.0,0.0,0.0,0.0,0.0,0.0,0.0,0.0,0.0,0.0,0.0,0.0,0.0,0.0,0.0,0.0,0.0,0.0,0.0
2017-06-01 00:37:00+02:00,0.0,0.0,0.0,0.0,0.0,0.0,0.0,0.0,0.0,0.0,0.0,0.0,0.0,0.0,0.0,0.0,0.0,0.0,0.0,0.0,0.0,0.0,0.0,0.0,0.0,0.0,0.0,0.0,0.0,0.0,0.0,0.0,0.0,0.0,0.0,0.0,0.0,0.0,0.0,0.0,0.0,0.0,0.0,0.0,0.0,0.0,0.0,0.0,0.0,0.0,0.0,0.0,0.0,0.0,0.0,0.0,0.0,0.0,0.0,0.0,0.0,0.0,0.0,0.0,0.0,0.0,0.0,0.0,0.0,0.0,0.0,0.0,0.0,0.0,0.0,0.0,0.0,0.0,0.0,0.0,0.0,0.0,0.0,0.0,0.0,0.0,0.0,0.0,0.0,0.0,0.0,0.0,0.0,0.0,0.0,0.0,0.0,0.0,0.0,0.0,0.0,0.0,0.0,0.0,0.0,0.0,0.0,0.0,0.0,0.0,0.0,0.0,0.0,0.0,0.0,0.0,0.0,0.0
2017-06-01 00:38:00+02:00,0.0,0.0,0.0,0.0,0.0,0.0,0.0,0.0,0.0,0.0,0.0,0.0,0.0,0.0,0.0,0.0,0.0,0.0,0.0,0.0,0.0,0.0,0.0,0.0,0.0,0.0,0.0,0.0,0.0,0.0,0.0,0.0,0.0,0.0,0.0,0.0,0.0,0.0,0.0,0.0,0.0,0.0,0.0,0.0,0.0,0.0,0.0,0.0,0.0,0.0,0.0,0.0,0.0,0.0,0.0,0.0,0.0,0.0,0.0,0.0,0.0,0.0,0.0,0.0,0.0,0.0,0.0,0.0,0.0,0.0,0.0,0.0,0.0,0.0,0.0,0.0,0.0,0.0,0.0,0.0,0.0,0.0,0.0,0.0,0.0,0.0,0.0,0.0,0.0,0.0,0.0,0.0,0.0,0.0,0.0,0.0,0.0,0.0,0.0,0.0,0.0,0.0,0.0,0.0,0.0,0.0,0.0,0.0,0.0,0.0,0.0,0.0,0.0,0.0,0.0,0.0,0.0,0.0
2017-06-01 00:39:00+02:00,0.0,0.0,0.0,0.0,0.0,0.0,0.0,0.0,0.0,0.0,0.0,0.0,0.0,0.0,0.0,0.0,0.0,0.0,0.0,0.0,0.0,0.0,0.0,0.0,0.0,0.0,0.0,0.0,0.0,0.0,0.0,0.0,0.0,0.0,0.0,0.0,0.0,0.0,0.0,0.0,0.0,0.0,0.0,0.0,0.0,0.0,0.0,0.0,0.0,0.0,0.0,0.0,0.0,0.0,0.0,0.0,0.0,0.0,0.0,0.0,0.0,0.0,0.0,0.0,0.0,0.0,0.0,0.0,0.0,0.0,0.0,0.0,0.0,0.0,0.0,0.0,0.0,0.0,0.0,0.0,0.0,0.0,0.0,0.0,0.0,0.0,0.0,0.0,0.0,0.0,0.0,0.0,0.0,0.0,0.0,0.0,0.0,0.0,0.0,0.0,0.0,0.0,0.0,0.0,0.0,0.0,0.0,0.0,0.0,0.0,0.0,0.0,0.0,0.0,0.0,0.0,0.0,0.0
2017-06-01 00:40:00+02:00,0.0,0.0,0.0,0.0,0.0,0.0,0.0,0.0,0.0,0.0,0.0,0.0,0.0,0.0,0.0,0.0,0.0,0.0,0.0,0.0,0.0,0.0,0.0,0.0,0.0,0.0,0.0,0.0,0.0,0.0,0.0,0.0,0.0,0.0,0.0,0.0,0.0,0.0,0.0,0.0,0.0,0.0,0.0,0.0,0.0,0.0,0.0,0.0,0.0,0.0,0.0,0.0,0.0,0.0,0.0,0.0,0.0,0.0,0.0,0.0,0.0,0.0,0.0,0.0,0.0,0.0,0.0,0.0,0.0,0.0,0.0,0.0,0.0,0.0,0.0,0.0,0.0,0.0,0.0,0.0,0.0,0.0,0.0,0.0,0.0,0.0,0.0,0.0,0.0,0.0,0.0,0.0,0.0,0.0,0.0,0.0,0.0,0.0,0.0,0.0,0.0,0.0,0.0,0.0,0.0,0.0,0.0,0.0,0.0,0.0,0.0,0.0,0.0,0.0,0.0,0.0,0.0,0.0
2017-06-01 00:41:00+02:00,0.0,0.0,0.0,0.0,0.0,0.0,0.0,0.0,0.0,0.0,0.0,0.0,0.0,0.0,0.0,0.0,0.0,0.0,0.0,0.0,0.0,0.0,0.0,0.0,0.0,0.0,0.0,0.0,0.0,0.0,0.0,0.0,0.0,0.0,0.0,0.0,0.0,0.0,0.0,0.0,0.0,0.0,0.0,0.0,0.0,0.0,0.0,0.0,0.0,0.0,0.0,0.0,0.0,0.0,0.0,0.0,0.0,0.0,0.0,0.0,0.0,0.0,0.0,0.0,0.0,0.0,0.0,0.0,0.0,0.0,0.0,0.0,0.0,0.0,0.0,0.0,0.0,0.0,0.0,0.0,0.0,0.0,0.0,0.0,0.0,0.0,0.0,0.0,0.0,0.0,0.0,0.0,0.0,0.0,0.0,0.0,0.0,0.0,0.0,0.0,0.0,0.0,0.0,0.0,0.0,0.0,0.0,0.0,0.0,0.0,0.0,0.0,0.0,0.0,0.0,0.0,0.0,0.0
2017-06-01 00:42:00+02:00,0.0,0.0,0.0,0.0,0.0,0.0,0.0,0.0,0.0,0.0,0.0,0.0,0.0,0.0,0.0,0.0,0.0,0.0,0.0,0.0,0.0,0.0,0.0,0.0,0.0,0.0,0.0,0.0,0.0,0.0,0.0,0.0,0.0,0.0,0.0,0.0,0.0,0.0,0.0,0.0,0.0,0.0,0.0,0.0,0.0,0.0,0.0,0.0,0.0,0.0,0.0,0.0,0.0,0.0,0.0,0.0,0.0,0.0,0.0,0.0,0.0,0.0,0.0,0.0,0.0,0.0,0.0,0.0,0.0,0.0,0.0,0.0,0.0,0.0,0.0,0.0,0.0,0.0,0.0,0.0,0.0,0.0,0.0,0.0,0.0,0.0,0.0,0.0,0.0,0.0,0.0,0.0,0.0,0.0,0.0,0.0,0.0,0.0,0.0,0.0,0.0,0.0,0.0,0.0,0.0,0.0,0.0,0.0,0.0,0.0,0.0,0.0,0.0,0.0,0.0,0.0,0.0,0.0
2017-06-01 00:43:00+02:00,0.0,0.0,0.0,0.0,0.0,0.0,0.0,0.0,0.0,0.0,0.0,0.0,0.0,0.0,0.0,0.0,0.0,0.0,0.0,0.0,0.0,0.0,0.0,0.0,0.0,0.0,0.0,0.0,0.0,0.0,0.0,0.0,0.0,0.0,0.0,0.0,0.0,0.0,0.0,0.0,0.0,0.0,0.0,0.0,0.0,0.0,0.0,0.0,0.0,0.0,0.0,0.0,0.0,0.0,0.0,0.0,0.0,0.0,0.0,0.0,0.0,0.0,0.0,0.0,0.0,0.0,0.0,0.0,0.0,0.0,0.0,0.0,0.0,0.0,0.0,0.0,0.0,0.0,0.0,0.0,0.0,0.0,0.0,0.0,0.0,0.0,0.0,0.0,0.0,0.0,0.0,0.0,0.0,0.0,0.0,0.0,0.0,0.0,0.0,0.0,0.0,0.0,0.0,0.0,0.0,0.0,0.0,0.0,0.0,0.0,0.0,0.0,0.0,0.0,0.0,0.0,0.0,0.0
2017-06-01 00:44:00+02:00,0.0,0.0,0.0,0.0,0.0,0.0,0.0,0.0,0.0,0.0,0.0,0.0,0.0,0.0,0.0,0.0,0.0,0.0,0.0,0.0,0.0,0.0,0.0,0.0,0.0,0.0,0.0,0.0,0.0,0.0,0.0,0.0,0.0,0.0,0.0,0.0,0.0,0.0,0.0,0.0,0.0,0.0,0.0,0.0,0.0,0.0,0.0,0.0,0.0,0.0,0.0,0.0,0.0,0.0,0.0,0.0,0.0,0.0,0.0,0.0,0.0,0.0,0.0,0.0,0.0,0.0,0.0,0.0,0.0,0.0,0.0,0.0,0.0,0.0,0.0,0.0,0.0,0.0,0.0,0.0,0.0,0.0,0.0,0.0,0.0,0.0,0.0,0.0,0.0,0.0,0.0,0.0,0.0,0.0,0.0,0.0,0.0,0.0,0.0,0.0,0.0,0.0,0.0,0.0,0.0,0.0,0.0,0.0,0.0,0.0,0.0,0.0,0.0,0.0,0.0,0.0,0.0,0.0
2017-06-01 00:45:00+02:00,0.0,0.0,0.0,0.0,0.0,0.0,0.0,0.0,0.0,0.0,0.0,0.0,0.0,0.0,0.0,0.0,0.0,0.0,0.0,0.0,0.0,0.0,0.0,0.0,0.0,0.0,0.0,0.0,0.0,0.0,0.0,0.0,0.0,0.0,0.0,0.0,0.0,0.0,0.0,0.0,0.0,0.0,0.0,0.0,0.0,0.0,0.0,0.0,0.0,0.0,0.0,0.0,0.0,0.0,0.0,0.0,0.0,0.0,0.0,0.0,0.0,0.0,0.0,0.0,0.0,0.0,0.0,0.0,0.0,0.0,0.0,0.0,0.0,0.0,0.0,0.0,0.0,0.0,0.0,0.0,0.0,0.0,0.0,0.0,0.0,0.0,0.0,0.0,0.0,0.0,0.0,0.0,0.0,0.0,0.0,0.0,0.0,0.0,0.0,0.0,0.0,0.0,0.0,0.0,0.0,0.0,0.0,0.0,0.0,0.0,0.0,0.0,0.0,0.0,0.0,0.0,0.0,0.0
2017-06-01 00:46:00+02:00,0.0,0.0,0.0,0.0,0.0,0.0,0.0,0.0,0.0,0.0,0.0,0.0,0.0,0.0,0.0,0.0,0.0,0.0,0.0,0.0,0.0,0.0,0.0,0.0,0.0,0.0,0.0,0.0,0.0,0.0,0.0,0.0,0.0,0.0,0.0,0.0,0.0,0.0,0.0,0.0,0.0,0.0,0.0,0.0,0.0,0.0,0.0,0.0,0.0,0.0,0.0,0.0,0.0,0.0,0.0,0.0,0.0,0.0,0.0,0.0,0.0,0.0,0.0,0.0,0.0,0.0,0.0,0.0,0.0,0.0,0.0,0.0,0.0,0.0,0.0,0.0,0.0,0.0,0.0,0.0,0.0,0.0,0.0,0.0,0.0,0.0,0.0,0.0,0.0,0.0,0.0,0.0,0.0,0.0,0.0,0.0,0.0,0.0,0.0,0.0,0.0,0.0,0.0,0.0,0.0,0.0,0.0,0.0,0.0,0.0,0.0,0.0,0.0,0.0,0.0,0.0,0.0,0.0
2017-06-01 00:47:00+02:00,0.0,0.0,0.0,0.0,0.0,0.0,0.0,0.0,0.0,0.0,0.0,0.0,0.0,0.0,0.0,0.0,0.0,0.0,0.0,0.0,0.0,0.0,0.0,0.0,0.0,0.0,0.0,0.0,0.0,0.0,0.0,0.0,0.0,0.0,0.0,0.0,0.0,0.0,0.0,0.0,0.0,0.0,0.0,0.0,0.0,0.0,0.0,0.0,0.0,0.0,0.0,0.0,0.0,0.0,0.0,0.0,0.0,0.0,0.0,0.0,0.0,0.0,0.0,0.0,0.0,0.0,0.0,0.0,0.0,0.0,0.0,0.0,0.0,0.0,0.0,0.0,0.0,0.0,0.0,0.0,0.0,0.0,0.0,0.0,0.0,0.0,0.0,0.0,0.0,0.0,0.0,0.0,0.0,0.0,0.0,0.0,0.0,0.0,0.0,0.0,0.0,0.0,0.0,0.0,0.0,0.0,0.0,0.0,0.0,0.0,0.0,0.0,0.0,0.0,0.0,0.0,0.0,0.0
2017-06-01 00:48:00+02:00,0.0,0.0,0.0,0.0,0.0,0.0,0.0,0.0,0.0,0.0,0.0,0.0,0.0,0.0,0.0,0.0,0.0,0.0,0.0,0.0,0.0,0.0,0.0,0.0,0.0,0.0,0.0,0.0,0.0,0.0,0.0,0.0,0.0,0.0,0.0,0.0,0.0,0.0,0.0,0.0,0.0,0.0,0.0,0.0,0.0,0.0,0.0,0.0,0.0,0.0,0.0,0.0,0.0,0.0,0.0,0.0,0.0,0.0,0.0,0.0,0.0,0.0,0.0,0.0,0.0,0.0,0.0,0.0,0.0,0.0,0.0,0.0,0.0,0.0,0.0,0.0,0.0,0.0,0.0,0.0,0.0,0.0,0.0,0.0,0.0,0.0,0.0,0.0,0.0,0.0,0.0,0.0,0.0,0.0,0.0,0.0,0.0,0.0,0.0,0.0,0.0,0.0,0.0,0.0,0.0,0.0,0.0,0.0,0.0,0.0,0.0,0.0,0.0,0.0,0.0,0.0,0.0,0.0
2017-06-01 00:49:00+02:00,0.0,0.0,0.0,0.0,0.0,0.0,0.0,0.0,0.0,0.0,0.0,0.0,0.0,0.0,0.0,0.0,0.0,0.0,0.0,0.0,0.0,0.0,0.0,0.0,0.0,0.0,0.0,0.0,0.0,0.0,0.0,0.0,0.0,0.0,0.0,0.0,0.0,0.0,0.0,0.0,0.0,0.0,0.0,0.0,0.0,0.0,0.0,0.0,0.0,0.0,0.0,0.0,0.0,0.0,0.0,0.0,0.0,0.0,0.0,0.0,0.0,0.0,0.0,0.0,0.0,0.0,0.0,0.0,0.0,0.0,0.0,0.0,0.0,0.0,0.0,0.0,0.0,0.0,0.0,0.0,0.0,0.0,0.0,0.0,0.0,0.0,0.0,0.0,0.0,0.0,0.0,0.0,0.0,0.0,0.0,0.0,0.0,0.0,0.0,0.0,0.0,0.0,0.0,0.0,0.0,0.0,0.0,0.0,0.0,0.0,0.0,0.0,0.0,0.0,0.0,0.0,0.0,0.0
2017-06-01 00:50:00+02:00,0.0,0.0,0.0,0.0,0.0,0.0,0.0,0.0,0.0,0.0,0.0,0.0,0.0,0.0,0.0,0.0,0.0,0.0,0.0,0.0,0.0,0.0,0.0,0.0,0.0,0.0,0.0,0.0,0.0,0.0,0.0,0.0,0.0,0.0,0.0,0.0,0.0,0.0,0.0,0.0,0.0,0.0,0.0,0.0,0.0,0.0,0.0,0.0,0.0,0.0,0.0,0.0,0.0,0.0,0.0,0.0,0.0,0.0,0.0,0.0,0.0,0.0,0.0,0.0,0.0,0.0,0.0,0.0,0.0,0.0,0.0,0.0,0.0,0.0,0.0,0.0,0.0,0.0,0.0,0.0,0.0,0.0,0.0,0.0,0.0,0.0,0.0,0.0,0.0,0.0,0.0,0.0,0.0,0.0,0.0,0.0,0.0,0.0,0.0,0.0,0.0,0.0,0.0,0.0,0.0,0.0,0.0,0.0,0.0,0.0,0.0,0.0,0.0,0.0,0.0,0.0,0.0,0.0
2017-06-01 00:51:00+02:00,0.0,0.0,0.0,0.0,0.0,0.0,0.0,0.0,0.0,0.0,0.0,0.0,0.0,0.0,0.0,0.0,0.0,0.0,0.0,0.0,0.0,0.0,0.0,0.0,0.0,0.0,0.0,0.0,0.0,0.0,0.0,0.0,0.0,0.0,0.0,0.0,0.0,0.0,0.0,0.0,0.0,0.0,0.0,0.0,0.0,0.0,0.0,0.0,0.0,0.0,0.0,0.0,0.0,0.0,0.0,0.0,0.0,0.0,0.0,0.0,0.0,0.0,0.0,0.0,0.0,0.0,0.0,0.0,0.0,0.0,0.0,0.0,0.0,0.0,0.0,0.0,0.0,0.0,0.0,0.0,0.0,0.0,0.0,0.0,0.0,0.0,0.0,0.0,0.0,0.0,0.0,0.0,0.0,0.0,0.0,0.0,0.0,0.0,0.0,0.0,0.0,0.0,0.0,0.0,0.0,0.0,0.0,0.0,0.0,0.0,0.0,0.0,0.0,0.0,0.0,0.0,0.0,0.0
2017-06-01 00:52:00+02:00,0.0,0.0,0.0,0.0,0.0,0.0,0.0,0.0,0.0,0.0,0.0,0.0,0.0,0.0,0.0,0.0,0.0,0.0,0.0,0.0,0.0,0.0,0.0,0.0,0.0,0.0,0.0,0.0,0.0,0.0,0.0,0.0,0.0,0.0,0.0,0.0,0.0,0.0,0.0,0.0,0.0,0.0,0.0,0.0,0.0,0.0,0.0,0.0,0.0,0.0,0.0,0.0,0.0,0.0,0.0,0.0,0.0,0.0,0.0,0.0,0.0,0.0,0.0,0.0,0.0,0.0,0.0,0.0,0.0,0.0,0.0,0.0,0.0,0.0,0.0,0.0,0.0,0.0,0.0,0.0,0.0,0.0,0.0,0.0,0.0,0.0,0.0,0.0,0.0,0.0,0.0,0.0,0.0,0.0,0.0,0.0,0.0,0.0,0.0,0.0,0.0,0.0,0.0,0.0,0.0,0.0,0.0,0.0,0.0,0.0,0.0,0.0,0.0,0.0,0.0,0.0,0.0,0.0
2017-06-01 00:53:00+02:00,0.0,0.0,0.0,0.0,0.0,0.0,0.0,0.0,0.0,0.0,0.0,0.0,0.0,0.0,0.0,0.0,0.0,0.0,0.0,0.0,0.0,0.0,0.0,0.0,0.0,0.0,0.0,0.0,0.0,0.0,0.0,0.0,0.0,0.0,0.0,0.0,0.0,0.0,0.0,0.0,0.0,0.0,0.0,0.0,0.0,0.0,0.0,0.0,0.0,0.0,0.0,0.0,0.0,0.0,0.0,0.0,0.0,0.0,0.0,0.0,0.0,0.0,0.0,0.0,0.0,0.0,0.0,0.0,0.0,0.0,0.0,0.0,0.0,0.0,0.0,0.0,0.0,0.0,0.0,0.0,0.0,0.0,0.0,0.0,0.0,0.0,0.0,0.0,0.0,0.0,0.0,0.0,0.0,0.0,0.0,0.0,0.0,0.0,0.0,0.0,0.0,0.0,0.0,0.0,0.0,0.0,0.0,0.0,0.0,0.0,0.0,0.0,0.0,0.0,0.0,0.0,0.0,0.0
2017-06-01 00:54:00+02:00,0.0,0.0,0.0,0.0,0.0,0.0,0.0,0.0,0.0,0.0,0.0,0.0,0.0,0.0,0.0,0.0,0.0,0.0,0.0,0.0,0.0,0.0,0.0,0.0,0.0,0.0,0.0,0.0,0.0,0.0,0.0,0.0,0.0,0.0,0.0,0.0,0.0,0.0,0.0,0.0,0.0,0.0,0.0,0.0,0.0,0.0,0.0,0.0,0.0,0.0,0.0,0.0,0.0,0.0,0.0,0.0,0.0,0.0,0.0,0.0,0.0,0.0,0.0,0.0,0.0,0.0,0.0,0.0,0.0,0.0,0.0,0.0,0.0,0.0,0.0,0.0,0.0,0.0,0.0,0.0,0.0,0.0,0.0,0.0,0.0,0.0,0.0,0.0,0.0,0.0,0.0,0.0,0.0,0.0,0.0,0.0,0.0,0.0,0.0,0.0,0.0,0.0,0.0,0.0,0.0,0.0,0.0,0.0,0.0,0.0,0.0,0.0,0.0,0.0,0.0,0.0,0.0,0.0
2017-06-01 00:55:00+02:00,0.0,0.0,0.0,0.0,0.0,0.0,0.0,0.0,0.0,0.0,0.0,0.0,0.0,0.0,0.0,0.0,0.0,0.0,0.0,0.0,0.0,0.0,0.0,0.0,0.0,0.0,0.0,0.0,0.0,0.0,0.0,0.0,0.0,0.0,0.0,0.0,0.0,0.0,0.0,0.0,0.0,0.0,0.0,0.0,0.0,0.0,0.0,0.0,0.0,0.0,0.0,0.0,0.0,0.0,0.0,0.0,0.0,0.0,0.0,0.0,0.0,0.0,0.0,0.0,0.0,0.0,0.0,0.0,0.0,0.0,0.0,0.0,0.0,0.0,0.0,0.0,0.0,0.0,0.0,0.0,0.0,0.0,0.0,0.0,0.0,0.0,0.0,0.0,0.0,0.0,0.0,0.0,0.0,0.0,0.0,0.0,0.0,0.0,0.0,0.0,0.0,0.0,0.0,0.0,0.0,0.0,0.0,0.0,0.0,0.0,0.0,0.0,0.0,0.0,0.0,0.0,0.0,0.0
2017-06-01 00:56:00+02:00,0.0,0.0,0.0,0.0,0.0,0.0,0.0,0.0,0.0,0.0,0.0,0.0,0.0,0.0,0.0,0.0,0.0,0.0,0.0,0.0,0.0,0.0,0.0,0.0,0.0,0.0,0.0,0.0,0.0,0.0,0.0,0.0,0.0,0.0,0.0,0.0,0.0,0.0,0.0,0.0,0.0,0.0,0.0,0.0,0.0,0.0,0.0,0.0,0.0,0.0,0.0,0.0,0.0,0.0,0.0,0.0,0.0,0.0,0.0,0.0,0.0,0.0,0.0,0.0,0.0,0.0,0.0,0.0,0.0,0.0,0.0,0.0,0.0,0.0,0.0,0.0,0.0,0.0,0.0,0.0,0.0,0.0,0.0,0.0,0.0,0.0,0.0,0.0,0.0,0.0,0.0,0.0,0.0,0.0,0.0,0.0,0.0,0.0,0.0,0.0,0.0,0.0,0.0,0.0,0.0,0.0,0.0,0.0,0.0,0.0,0.0,0.0,0.0,0.0,0.0,0.0,0.0,0.0
2017-06-01 00:57:00+02:00,0.0,0.0,0.0,0.0,0.0,0.0,0.0,0.0,0.0,0.0,0.0,0.0,0.0,0.0,0.0,0.0,0.0,0.0,0.0,0.0,0.0,0.0,0.0,0.0,0.0,0.0,0.0,0.0,0.0,0.0,0.0,0.0,0.0,0.0,0.0,0.0,0.0,0.0,0.0,0.0,0.0,0.0,0.0,0.0,0.0,0.0,0.0,0.0,0.0,0.0,0.0,0.0,0.0,0.0,0.0,0.0,0.0,0.0,0.0,0.0,0.0,0.0,0.0,0.0,0.0,0.0,0.0,0.0,0.0,0.0,0.0,0.0,0.0,0.0,0.0,0.0,0.0,0.0,0.0,0.0,0.0,0.0,0.0,0.0,0.0,0.0,0.0,0.0,0.0,0.0,0.0,0.0,0.0,0.0,0.0,0.0,0.0,0.0,0.0,0.0,0.0,0.0,0.0,0.0,0.0,0.0,0.0,0.0,0.0,0.0,0.0,0.0,0.0,0.0,0.0,0.0,0.0,0.0
2017-06-01 00:58:00+02:00,0.0,0.0,0.0,0.0,0.0,0.0,0.0,0.0,0.0,0.0,0.0,0.0,0.0,0.0,0.0,0.0,0.0,0.0,0.0,0.0,0.0,0.0,0.0,0.0,0.0,0.0,0.0,0.0,0.0,0.0,0.0,0.0,0.0,0.0,0.0,0.0,0.0,0.0,0.0,0.0,0.0,0.0,0.0,0.0,0.0,0.0,0.0,0.0,0.0,0.0,0.0,0.0,0.0,0.0,0.0,0.0,0.0,0.0,0.0,0.0,0.0,0.0,0.0,0.0,0.0,0.0,0.0,0.0,0.0,0.0,0.0,0.0,0.0,0.0,0.0,0.0,0.0,0.0,0.0,0.0,0.0,0.0,0.0,0.0,0.0,0.0,0.0,0.0,0.0,0.0,0.0,0.0,0.0,0.0,0.0,0.0,0.0,0.0,0.0,0.0,0.0,0.0,0.0,0.0,0.0,0.0,0.0,0.0,0.0,0.0,0.0,0.0,0.0,0.0,0.0,0.0,0.0,0.0
2017-06-01 00:59:00+02:00,0.0,0.0,0.0,0.0,0.0,0.0,0.0,0.0,0.0,0.0,0.0,0.0,0.0,0.0,0.0,0.0,0.0,0.0,0.0,0.0,0.0,0.0,0.0,0.0,0.0,0.0,0.0,0.0,0.0,0.0,0.0,0.0,0.0,0.0,0.0,0.0,0.0,0.0,0.0,0.0,0.0,0.0,0.0,0.0,0.0,0.0,0.0,0.0,0.0,0.0,0.0,0.0,0.0,0.0,0.0,0.0,0.0,0.0,0.0,0.0,0.0,0.0,0.0,0.0,0.0,0.0,0.0,0.0,0.0,0.0,0.0,0.0,0.0,0.0,0.0,0.0,0.0,0.0,0.0,0.0,0.0,0.0,0.0,0.0,0.0,0.0,0.0,0.0,0.0,0.0,0.0,0.0,0.0,0.0,0.0,0.0,0.0,0.0,0.0,0.0,0.0,0.0,0.0,0.0,0.0,0.0,0.0,0.0,0.0,0.0,0.0,0.0,0.0,0.0,0.0,0.0,0.0,0.0
2017-06-01 01:00:00+02:00,0.0,0.0,0.0,0.0,0.0,0.0,0.0,0.0,0.0,0.0,0.0,0.0,0.0,0.0,0.0,0.0,0.0,0.0,0.0,0.0,0.0,0.0,0.0,0.0,0.0,0.0,0.0,0.0,0.0,0.0,0.0,0.0,0.0,0.0,0.0,0.0,0.0,0.0,0.0,0.0,0.0,0.0,0.0,0.0,0.0,0.0,0.0,0.0,0.0,0.0,0.0,0.0,0.0,0.0,0.0,0.0,0.0,0.0,0.0,0.0,0.0,0.0,0.0,0.0,0.0,0.0,0.0,0.0,0.0,0.0,0.0,0.0,0.0,0.0,0.0,0.0,0.0,0.0,0.0,0.0,0.0,0.0,0.0,0.0,0.0,0.0,0.0,0.0,0.0,0.0,0.0,0.0,0.0,0.0,0.0,0.0,0.0,0.0,0.0,0.0,0.0,0.0,0.0,0.0,0.0,0.0,0.0,0.0,0.0,0.0,0.0,0.0,0.0,0.0,0.0,0.0,0.0,0.0
2017-06-01 01:01:00+02:00,0.0,0.0,0.0,0.0,0.0,0.0,0.0,0.0,0.0,0.0,0.0,0.0,0.0,0.0,0.0,0.0,0.0,0.0,0.0,0.0,0.0,0.0,0.0,0.0,0.0,0.0,0.0,0.0,0.0,0.0,0.0,0.0,0.0,0.0,0.0,0.0,0.0,0.0,0.0,0.0,0.0,0.0,0.0,0.0,0.0,0.0,0.0,0.0,0.0,0.0,0.0,0.0,0.0,0.0,0.0,0.0,0.0,0.0,0.0,0.0,0.0,0.0,0.0,0.0,0.0,0.0,0.0,0.0,0.0,0.0,0.0,0.0,0.0,0.0,0.0,0.0,0.0,0.0,0.0,0.0,0.0,0.0,0.0,0.0,0.0,0.0,0.0,0.0,0.0,0.0,0.0,0.0,0.0,0.0,0.0,0.0,0.0,0.0,0.0,0.0,0.0,0.0,0.0,0.0,0.0,0.0,0.0,0.0,0.0,0.0,0.0,0.0,0.0,0.0,0.0,0.0,0.0,0.0
2017-06-01 01:02:00+02:00,0.0,0.0,0.0,0.0,0.0,0.0,0.0,0.0,0.0,0.0,0.0,0.0,0.0,0.0,0.0,0.0,0.0,0.0,0.0,0.0,0.0,0.0,0.0,0.0,0.0,0.0,0.0,0.0,0.0,0.0,0.0,0.0,0.0,0.0,0.0,0.0,0.0,0.0,0.0,0.0,0.0,0.0,0.0,0.0,0.0,0.0,0.0,0.0,0.0,0.0,0.0,0.0,0.0,0.0,0.0,0.0,0.0,0.0,0.0,0.0,0.0,0.0,0.0,0.0,0.0,0.0,0.0,0.0,0.0,0.0,0.0,0.0,0.0,0.0,0.0,0.0,0.0,0.0,0.0,0.0,0.0,0.0,0.0,0.0,0.0,0.0,0.0,0.0,0.0,0.0,0.0,0.0,0.0,0.0,0.0,0.0,0.0,0.0,0.0,0.0,0.0,0.0,0.0,0.0,0.0,0.0,0.0,0.0,0.0,0.0,0.0,0.0,0.0,0.0,0.0,0.0,0.0,0.0
2017-06-01 01:03:00+02:00,0.0,0.0,0.0,0.0,0.0,0.0,0.0,0.0,0.0,0.0,0.0,0.0,0.0,0.0,0.0,0.0,0.0,0.0,0.0,0.0,0.0,0.0,0.0,0.0,0.0,0.0,0.0,0.0,0.0,0.0,0.0,0.0,0.0,0.0,0.0,0.0,0.0,0.0,0.0,0.0,0.0,0.0,0.0,0.0,0.0,0.0,0.0,0.0,0.0,0.0,0.0,0.0,0.0,0.0,0.0,0.0,0.0,0.0,0.0,0.0,0.0,0.0,0.0,0.0,0.0,0.0,0.0,0.0,0.0,0.0,0.0,0.0,0.0,0.0,0.0,0.0,0.0,0.0,0.0,0.0,0.0,0.0,0.0,0.0,0.0,0.0,0.0,0.0,0.0,0.0,0.0,0.0,0.0,0.0,0.0,0.0,0.0,0.0,0.0,0.0,0.0,0.0,0.0,0.0,0.0,0.0,0.0,0.0,0.0,0.0,0.0,0.0,0.0,0.0,0.0,0.0,0.0,0.0
2017-06-01 01:04:00+02:00,0.0,0.0,0.0,0.0,0.0,0.0,0.0,0.0,0.0,0.0,0.0,0.0,0.0,0.0,0.0,0.0,0.0,0.0,0.0,0.0,0.0,0.0,0.0,0.0,0.0,0.0,0.0,0.0,0.0,0.0,0.0,0.0,0.0,0.0,0.0,0.0,0.0,0.0,0.0,0.0,0.0,0.0,0.0,0.0,0.0,0.0,0.0,0.0,0.0,0.0,0.0,0.0,0.0,0.0,0.0,0.0,0.0,0.0,0.0,0.0,0.0,0.0,0.0,0.0,0.0,0.0,0.0,0.0,0.0,0.0,0.0,0.0,0.0,0.0,0.0,0.0,0.0,0.0,0.0,0.0,0.0,0.0,0.0,0.0,0.0,0.0,0.0,0.0,0.0,0.0,0.0,0.0,0.0,0.0,0.0,0.0,0.0,0.0,0.0,0.0,0.0,0.0,0.0,0.0,0.0,0.0,0.0,0.0,0.0,0.0,0.0,0.0,0.0,0.0,0.0,0.0,0.0,0.0
2017-06-01 01:05:00+02:00,0.0,0.0,0.0,0.0,0.0,0.0,0.0,0.0,0.0,0.0,0.0,0.0,0.0,0.0,0.0,0.0,0.0,0.0,0.0,0.0,0.0,0.0,0.0,0.0,0.0,0.0,0.0,0.0,0.0,0.0,0.0,0.0,0.0,0.0,0.0,0.0,0.0,0.0,0.0,0.0,0.0,0.0,0.0,0.0,0.0,0.0,0.0,0.0,0.0,0.0,0.0,0.0,0.0,0.0,0.0,0.0,0.0,0.0,0.0,0.0,0.0,0.0,0.0,0.0,0.0,0.0,0.0,0.0,0.0,0.0,0.0,0.0,0.0,0.0,0.0,0.0,0.0,0.0,0.0,0.0,0.0,0.0,0.0,0.0,0.0,0.0,0.0,0.0,0.0,0.0,0.0,0.0,0.0,0.0,0.0,0.0,0.0,0.0,0.0,0.0,0.0,0.0,0.0,0.0,0.0,0.0,0.0,0.0,0.0,0.0,0.0,0.0,0.0,0.0,0.0,0.0,0.0,0.0
2017-06-01 01:06:00+02:00,0.0,0.0,0.0,0.0,0.0,0.0,0.0,0.0,0.0,0.0,0.0,0.0,0.0,0.0,0.0,0.0,0.0,0.0,0.0,0.0,0.0,0.0,0.0,0.0,0.0,0.0,0.0,0.0,0.0,0.0,0.0,0.0,0.0,0.0,0.0,0.0,0.0,0.0,0.0,0.0,0.0,0.0,0.0,0.0,0.0,0.0,0.0,0.0,0.0,0.0,0.0,0.0,0.0,0.0,0.0,0.0,0.0,0.0,0.0,0.0,0.0,0.0,0.0,0.0,0.0,0.0,0.0,0.0,0.0,0.0,0.0,0.0,0.0,0.0,0.0,0.0,0.0,0.0,0.0,0.0,0.0,0.0,0.0,0.0,0.0,0.0,0.0,0.0,0.0,0.0,0.0,0.0,0.0,0.0,0.0,0.0,0.0,0.0,0.0,0.0,0.0,0.0,0.0,0.0,0.0,0.0,0.0,0.0,0.0,0.0,0.0,0.0,0.0,0.0,0.0,0.0,0.0,0.0
2017-06-01 01:07:00+02:00,0.0,0.0,0.0,0.0,0.0,0.0,0.0,0.0,0.0,0.0,0.0,0.0,0.0,0.0,0.0,0.0,0.0,0.0,0.0,0.0,0.0,0.0,0.0,0.0,0.0,0.0,0.0,0.0,0.0,0.0,0.0,0.0,0.0,0.0,0.0,0.0,0.0,0.0,0.0,0.0,0.0,0.0,0.0,0.0,0.0,0.0,0.0,0.0,0.0,0.0,0.0,0.0,0.0,0.0,0.0,0.0,0.0,0.0,0.0,0.0,0.0,0.0,0.0,0.0,0.0,0.0,0.0,0.0,0.0,0.0,0.0,0.0,0.0,0.0,0.0,0.0,0.0,0.0,0.0,0.0,0.0,0.0,0.0,0.0,0.0,0.0,0.0,0.0,0.0,0.0,0.0,0.0,0.0,0.0,0.0,0.0,0.0,0.0,0.0,0.0,0.0,0.0,0.0,0.0,0.0,0.0,0.0,0.0,0.0,0.0,0.0,0.0,0.0,0.0,0.0,0.0,0.0,0.0
2017-06-01 01:08:00+02:00,0.0,0.0,0.0,0.0,0.0,0.0,0.0,0.0,0.0,0.0,0.0,0.0,0.0,0.0,0.0,0.0,0.0,0.0,0.0,0.0,0.0,0.0,0.0,0.0,0.0,0.0,0.0,0.0,0.0,0.0,0.0,0.0,0.0,0.0,0.0,0.0,0.0,0.0,0.0,0.0,0.0,0.0,0.0,0.0,0.0,0.0,0.0,0.0,0.0,0.0,0.0,0.0,0.0,0.0,0.0,0.0,0.0,0.0,0.0,0.0,0.0,0.0,0.0,0.0,0.0,0.0,0.0,0.0,0.0,0.0,0.0,0.0,0.0,0.0,0.0,0.0,0.0,0.0,0.0,0.0,0.0,0.0,0.0,0.0,0.0,0.0,0.0,0.0,0.0,0.0,0.0,0.0,0.0,0.0,0.0,0.0,0.0,0.0,0.0,0.0,0.0,0.0,0.0,0.0,0.0,0.0,0.0,0.0,0.0,0.0,0.0,0.0,0.0,0.0,0.0,0.0,0.0,0.0
2017-06-01 01:09:00+02:00,0.0,0.0,0.0,0.0,0.0,0.0,0.0,0.0,0.0,0.0,0.0,0.0,0.0,0.0,0.0,0.0,0.0,0.0,0.0,0.0,0.0,0.0,0.0,0.0,0.0,0.0,0.0,0.0,0.0,0.0,0.0,0.0,0.0,0.0,0.0,0.0,0.0,0.0,0.0,0.0,0.0,0.0,0.0,0.0,0.0,0.0,0.0,0.0,0.0,0.0,0.0,0.0,0.0,0.0,0.0,0.0,0.0,0.0,0.0,0.0,0.0,0.0,0.0,0.0,0.0,0.0,0.0,0.0,0.0,0.0,0.0,0.0,0.0,0.0,0.0,0.0,0.0,0.0,0.0,0.0,0.0,0.0,0.0,0.0,0.0,0.0,0.0,0.0,0.0,0.0,0.0,0.0,0.0,0.0,0.0,0.0,0.0,0.0,0.0,0.0,0.0,0.0,0.0,0.0,0.0,0.0,0.0,0.0,0.0,0.0,0.0,0.0,0.0,0.0,0.0,0.0,0.0,0.0
2017-06-01 01:10:00+02:00,0.0,0.0,0.0,0.0,0.0,0.0,0.0,0.0,0.0,0.0,0.0,0.0,0.0,0.0,0.0,0.0,0.0,0.0,0.0,0.0,0.0,0.0,0.0,0.0,0.0,0.0,0.0,0.0,0.0,0.0,0.0,0.0,0.0,0.0,0.0,0.0,0.0,0.0,0.0,0.0,0.0,0.0,0.0,0.0,0.0,0.0,0.0,0.0,0.0,0.0,0.0,0.0,0.0,0.0,0.0,0.0,0.0,0.0,0.0,0.0,0.0,0.0,0.0,0.0,0.0,0.0,0.0,0.0,0.0,0.0,0.0,0.0,0.0,0.0,0.0,0.0,0.0,0.0,0.0,0.0,0.0,0.0,0.0,0.0,0.0,0.0,0.0,0.0,0.0,0.0,0.0,0.0,0.0,0.0,0.0,0.0,0.0,0.0,0.0,0.0,0.0,0.0,0.0,0.0,0.0,0.0,0.0,0.0,0.0,0.0,0.0,0.0,0.0,0.0,0.0,0.0,0.0,0.0
2017-06-01 01:11:00+02:00,0.0,0.0,0.0,0.0,0.0,0.0,0.0,0.0,0.0,0.0,0.0,0.0,0.0,0.0,0.0,0.0,0.0,0.0,0.0,0.0,0.0,0.0,0.0,0.0,0.0,0.0,0.0,0.0,0.0,0.0,0.0,0.0,0.0,0.0,0.0,0.0,0.0,0.0,0.0,0.0,0.0,0.0,0.0,0.0,0.0,0.0,0.0,0.0,0.0,0.0,0.0,0.0,0.0,0.0,0.0,0.0,0.0,0.0,0.0,0.0,0.0,0.0,0.0,0.0,0.0,0.0,0.0,0.0,0.0,0.0,0.0,0.0,0.0,0.0,0.0,0.0,0.0,0.0,0.0,0.0,0.0,0.0,0.0,0.0,0.0,0.0,0.0,0.0,0.0,0.0,0.0,0.0,0.0,0.0,0.0,0.0,0.0,0.0,0.0,0.0,0.0,0.0,0.0,0.0,0.0,0.0,0.0,0.0,0.0,0.0,0.0,0.0,0.0,0.0,0.0,0.0,0.0,0.0
2017-06-01 01:12:00+02:00,0.0,0.0,0.0,0.0,0.0,0.0,0.0,0.0,0.0,0.0,0.0,0.0,0.0,0.0,0.0,0.0,0.0,0.0,0.0,0.0,0.0,0.0,0.0,0.0,0.0,0.0,0.0,0.0,0.0,0.0,0.0,0.0,0.0,0.0,0.0,0.0,0.0,0.0,0.0,0.0,0.0,0.0,0.0,0.0,0.0,0.0,0.0,0.0,0.0,0.0,0.0,0.0,0.0,0.0,0.0,0.0,0.0,0.0,0.0,0.0,0.0,0.0,0.0,0.0,0.0,0.0,0.0,0.0,0.0,0.0,0.0,0.0,0.0,0.0,0.0,0.0,0.0,0.0,0.0,0.0,0.0,0.0,0.0,0.0,0.0,0.0,0.0,0.0,0.0,0.0,0.0,0.0,0.0,0.0,0.0,0.0,0.0,0.0,0.0,0.0,0.0,0.0,0.0,0.0,0.0,0.0,0.0,0.0,0.0,0.0,0.0,0.0,0.0,0.0,0.0,0.0,0.0,0.0
2017-06-01 01:13:00+02:00,0.0,0.0,0.0,0.0,0.0,0.0,0.0,0.0,0.0,0.0,0.0,0.0,0.0,0.0,0.0,0.0,0.0,0.0,0.0,0.0,0.0,0.0,0.0,0.0,0.0,0.0,0.0,0.0,0.0,0.0,0.0,0.0,0.0,0.0,0.0,0.0,0.0,0.0,0.0,0.0,0.0,0.0,0.0,0.0,0.0,0.0,0.0,0.0,0.0,0.0,0.0,0.0,0.0,0.0,0.0,0.0,0.0,0.0,0.0,0.0,0.0,0.0,0.0,0.0,0.0,0.0,0.0,0.0,0.0,0.0,0.0,0.0,0.0,0.0,0.0,0.0,0.0,0.0,0.0,0.0,0.0,0.0,0.0,0.0,0.0,0.0,0.0,0.0,0.0,0.0,0.0,0.0,0.0,0.0,0.0,0.0,0.0,0.0,0.0,0.0,0.0,0.0,0.0,0.0,0.0,0.0,0.0,0.0,0.0,0.0,0.0,0.0,0.0,0.0,0.0,0.0,0.0,0.0
2017-06-01 01:14:00+02:00,0.0,0.0,0.0,0.0,0.0,0.0,0.0,0.0,0.0,0.0,0.0,0.0,0.0,0.0,0.0,0.0,0.0,0.0,0.0,0.0,0.0,0.0,0.0,0.0,0.0,0.0,0.0,0.0,0.0,0.0,0.0,0.0,0.0,0.0,0.0,0.0,0.0,0.0,0.0,0.0,0.0,0.0,0.0,0.0,0.0,0.0,0.0,0.0,0.0,0.0,0.0,0.0,0.0,0.0,0.0,0.0,0.0,0.0,0.0,0.0,0.0,0.0,0.0,0.0,0.0,0.0,0.0,0.0,0.0,0.0,0.0,0.0,0.0,0.0,0.0,0.0,0.0,0.0,0.0,0.0,0.0,0.0,0.0,0.0,0.0,0.0,0.0,0.0,0.0,0.0,0.0,0.0,0.0,0.0,0.0,0.0,0.0,0.0,0.0,0.0,0.0,0.0,0.0,0.0,0.0,0.0,0.0,0.0,0.0,0.0,0.0,0.0,0.0,0.0,0.0,0.0,0.0,0.0
2017-06-01 01:15:00+02:00,0.0,0.0,0.0,0.0,0.0,0.0,0.0,0.0,0.0,0.0,0.0,0.0,0.0,0.0,0.0,0.0,0.0,0.0,0.0,0.0,0.0,0.0,0.0,0.0,0.0,0.0,0.0,0.0,0.0,0.0,0.0,0.0,0.0,0.0,0.0,0.0,0.0,0.0,0.0,0.0,0.0,0.0,0.0,0.0,0.0,0.0,0.0,0.0,0.0,0.0,0.0,0.0,0.0,0.0,0.0,0.0,0.0,0.0,0.0,0.0,0.0,0.0,0.0,0.0,0.0,0.0,0.0,0.0,0.0,0.0,0.0,0.0,0.0,0.0,0.0,0.0,0.0,0.0,0.0,0.0,0.0,0.0,0.0,0.0,0.0,0.0,0.0,0.0,0.0,0.0,0.0,0.0,0.0,0.0,0.0,0.0,0.0,0.0,0.0,0.0,0.0,0.0,0.0,0.0,0.0,0.0,0.0,0.0,0.0,0.0,0.0,0.0,0.0,0.0,0.0,0.0,0.0,0.0
2017-06-01 01:16:00+02:00,0.0,0.0,0.0,0.0,0.0,0.0,0.0,0.0,0.0,0.0,0.0,0.0,0.0,0.0,0.0,0.0,0.0,0.0,0.0,0.0,0.0,0.0,0.0,0.0,0.0,0.0,0.0,0.0,0.0,0.0,0.0,0.0,0.0,0.0,0.0,0.0,0.0,0.0,0.0,0.0,0.0,0.0,0.0,0.0,0.0,0.0,0.0,0.0,0.0,0.0,0.0,0.0,0.0,0.0,0.0,0.0,0.0,0.0,0.0,0.0,0.0,0.0,0.0,0.0,0.0,0.0,0.0,0.0,0.0,0.0,0.0,0.0,0.0,0.0,0.0,0.0,0.0,0.0,0.0,0.0,0.0,0.0,0.0,0.0,0.0,0.0,0.0,0.0,0.0,0.0,0.0,0.0,0.0,0.0,0.0,0.0,0.0,0.0,0.0,0.0,0.0,0.0,0.0,0.0,0.0,0.0,0.0,0.0,0.0,0.0,0.0,0.0,0.0,0.0,0.0,0.0,0.0,0.0
2017-06-01 01:17:00+02:00,0.0,0.0,0.0,0.0,0.0,0.0,0.0,0.0,0.0,0.0,0.0,0.0,0.0,0.0,0.0,0.0,0.0,0.0,0.0,0.0,0.0,0.0,0.0,0.0,0.0,0.0,0.0,0.0,0.0,0.0,0.0,0.0,0.0,0.0,0.0,0.0,0.0,0.0,0.0,0.0,0.0,0.0,0.0,0.0,0.0,0.0,0.0,0.0,0.0,0.0,0.0,0.0,0.0,0.0,0.0,0.0,0.0,0.0,0.0,0.0,0.0,0.0,0.0,0.0,0.0,0.0,0.0,0.0,0.0,0.0,0.0,0.0,0.0,0.0,0.0,0.0,0.0,0.0,0.0,0.0,0.0,0.0,0.0,0.0,0.0,0.0,0.0,0.0,0.0,0.0,0.0,0.0,0.0,0.0,0.0,0.0,0.0,0.0,0.0,0.0,0.0,0.0,0.0,0.0,0.0,0.0,0.0,0.0,0.0,0.0,0.0,0.0,0.0,0.0,0.0,0.0,0.0,0.0
2017-06-01 01:18:00+02:00,0.0,0.0,0.0,0.0,0.0,0.0,0.0,0.0,0.0,0.0,0.0,0.0,0.0,0.0,0.0,0.0,0.0,0.0,0.0,0.0,0.0,0.0,0.0,0.0,0.0,0.0,0.0,0.0,0.0,0.0,0.0,0.0,0.0,0.0,0.0,0.0,0.0,0.0,0.0,0.0,0.0,0.0,0.0,0.0,0.0,0.0,0.0,0.0,0.0,0.0,0.0,0.0,0.0,0.0,0.0,0.0,0.0,0.0,0.0,0.0,0.0,0.0,0.0,0.0,0.0,0.0,0.0,0.0,0.0,0.0,0.0,0.0,0.0,0.0,0.0,0.0,0.0,0.0,0.0,0.0,0.0,0.0,0.0,0.0,0.0,0.0,0.0,0.0,0.0,0.0,0.0,0.0,0.0,0.0,0.0,0.0,0.0,0.0,0.0,0.0,0.0,0.0,0.0,0.0,0.0,0.0,0.0,0.0,0.0,0.0,0.0,0.0,0.0,0.0,0.0,0.0,0.0,0.0
2017-06-01 01:19:00+02:00,0.0,0.0,0.0,0.0,0.0,0.0,0.0,0.0,0.0,0.0,0.0,0.0,0.0,0.0,0.0,0.0,0.0,0.0,0.0,0.0,0.0,0.0,0.0,0.0,0.0,0.0,0.0,0.0,0.0,0.0,0.0,0.0,0.0,0.0,0.0,0.0,0.0,0.0,0.0,0.0,0.0,0.0,0.0,0.0,0.0,0.0,0.0,0.0,0.0,0.0,0.0,0.0,0.0,0.0,0.0,0.0,0.0,0.0,0.0,0.0,0.0,0.0,0.0,0.0,0.0,0.0,0.0,0.0,0.0,0.0,0.0,0.0,0.0,0.0,0.0,0.0,0.0,0.0,0.0,0.0,0.0,0.0,0.0,0.0,0.0,0.0,0.0,0.0,0.0,0.0,0.0,0.0,0.0,0.0,0.0,0.0,0.0,0.0,0.0,0.0,0.0,0.0,0.0,0.0,0.0,0.0,0.0,0.0,0.0,0.0,0.0,0.0,0.0,0.0,0.0,0.0,0.0,0.0
2017-06-01 01:20:00+02:00,0.0,0.0,0.0,0.0,0.0,0.0,0.0,0.0,0.0,0.0,0.0,0.0,0.0,0.0,0.0,0.0,0.0,0.0,0.0,0.0,0.0,0.0,0.0,0.0,0.0,0.0,0.0,0.0,0.0,0.0,0.0,0.0,0.0,0.0,0.0,0.0,0.0,0.0,0.0,0.0,0.0,0.0,0.0,0.0,0.0,0.0,0.0,0.0,0.0,0.0,0.0,0.0,0.0,0.0,0.0,0.0,0.0,0.0,0.0,0.0,0.0,0.0,0.0,0.0,0.0,0.0,0.0,0.0,0.0,0.0,0.0,0.0,0.0,0.0,0.0,0.0,0.0,0.0,0.0,0.0,0.0,0.0,0.0,0.0,0.0,0.0,0.0,0.0,0.0,0.0,0.0,0.0,0.0,0.0,0.0,0.0,0.0,0.0,0.0,0.0,0.0,0.0,0.0,0.0,0.0,0.0,0.0,0.0,0.0,0.0,0.0,0.0,0.0,0.0,0.0,0.0,0.0,0.0
2017-06-01 01:21:00+02:00,0.0,0.0,0.0,0.0,0.0,0.0,0.0,0.0,0.0,0.0,0.0,0.0,0.0,0.0,0.0,0.0,0.0,0.0,0.0,0.0,0.0,0.0,0.0,0.0,0.0,0.0,0.0,0.0,0.0,0.0,0.0,0.0,0.0,0.0,0.0,0.0,0.0,0.0,0.0,0.0,0.0,0.0,0.0,0.0,0.0,0.0,0.0,0.0,0.0,0.0,0.0,0.0,0.0,0.0,0.0,0.0,0.0,0.0,0.0,0.0,0.0,0.0,0.0,0.0,0.0,0.0,0.0,0.0,0.0,0.0,0.0,0.0,0.0,0.0,0.0,0.0,0.0,0.0,0.0,0.0,0.0,0.0,0.0,0.0,0.0,0.0,0.0,0.0,0.0,0.0,0.0,0.0,0.0,0.0,0.0,0.0,0.0,0.0,0.0,0.0,0.0,0.0,0.0,0.0,0.0,0.0,0.0,0.0,0.0,0.0,0.0,0.0,0.0,0.0,0.0,0.0,0.0,0.0
2017-06-01 01:22:00+02:00,0.0,0.0,0.0,0.0,0.0,0.0,0.0,0.0,0.0,0.0,0.0,0.0,0.0,0.0,0.0,0.0,0.0,0.0,0.0,0.0,0.0,0.0,0.0,0.0,0.0,0.0,0.0,0.0,0.0,0.0,0.0,0.0,0.0,0.0,0.0,0.0,0.0,0.0,0.0,0.0,0.0,0.0,0.0,0.0,0.0,0.0,0.0,0.0,0.0,0.0,0.0,0.0,0.0,0.0,0.0,0.0,0.0,0.0,0.0,0.0,0.0,0.0,0.0,0.0,0.0,0.0,0.0,0.0,0.0,0.0,0.0,0.0,0.0,0.0,0.0,0.0,0.0,0.0,0.0,0.0,0.0,0.0,0.0,0.0,0.0,0.0,0.0,0.0,0.0,0.0,0.0,0.0,0.0,0.0,0.0,0.0,0.0,0.0,0.0,0.0,0.0,0.0,0.0,0.0,0.0,0.0,0.0,0.0,0.0,0.0,0.0,0.0,0.0,0.0,0.0,0.0,0.0,0.0
2017-06-01 01:23:00+02:00,0.0,0.0,0.0,0.0,0.0,0.0,0.0,0.0,0.0,0.0,0.0,0.0,0.0,0.0,0.0,0.0,0.0,0.0,0.0,0.0,0.0,0.0,0.0,0.0,0.0,0.0,0.0,0.0,0.0,0.0,0.0,0.0,0.0,0.0,0.0,0.0,0.0,0.0,0.0,0.0,0.0,0.0,0.0,0.0,0.0,0.0,0.0,0.0,0.0,0.0,0.0,0.0,0.0,0.0,0.0,0.0,0.0,0.0,0.0,0.0,0.0,0.0,0.0,0.0,0.0,0.0,0.0,0.0,0.0,0.0,0.0,0.0,0.0,0.0,0.0,0.0,0.0,0.0,0.0,0.0,0.0,0.0,0.0,0.0,0.0,0.0,0.0,0.0,0.0,0.0,0.0,0.0,0.0,0.0,0.0,0.0,0.0,0.0,0.0,0.0,0.0,0.0,0.0,0.0,0.0,0.0,0.0,0.0,0.0,0.0,0.0,0.0,0.0,0.0,0.0,0.0,0.0,0.0
2017-06-01 01:24:00+02:00,0.0,0.0,0.0,0.0,0.0,0.0,0.0,0.0,0.0,0.0,0.0,0.0,0.0,0.0,0.0,0.0,0.0,0.0,0.0,0.0,0.0,0.0,0.0,0.0,0.0,0.0,0.0,0.0,0.0,0.0,0.0,0.0,0.0,0.0,0.0,0.0,0.0,0.0,0.0,0.0,0.0,0.0,0.0,0.0,0.0,0.0,0.0,0.0,0.0,0.0,0.0,0.0,0.0,0.0,0.0,0.0,0.0,0.0,0.0,0.0,0.0,0.0,0.0,0.0,0.0,0.0,0.0,0.0,0.0,0.0,0.0,0.0,0.0,0.0,0.0,0.0,0.0,0.0,0.0,0.0,0.0,0.0,0.0,0.0,0.0,0.0,0.0,0.0,0.0,0.0,0.0,0.0,0.0,0.0,0.0,0.0,0.0,0.0,0.0,0.0,0.0,0.0,0.0,0.0,0.0,0.0,0.0,0.0,0.0,0.0,0.0,0.0,0.0,0.0,0.0,0.0,0.0,0.0
2017-06-01 01:25:00+02:00,0.0,0.0,0.0,0.0,0.0,0.0,0.0,0.0,0.0,0.0,0.0,0.0,0.0,0.0,0.0,0.0,0.0,0.0,0.0,0.0,0.0,0.0,0.0,0.0,0.0,0.0,0.0,0.0,0.0,0.0,0.0,0.0,0.0,0.0,0.0,0.0,0.0,0.0,0.0,0.0,0.0,0.0,0.0,0.0,0.0,0.0,0.0,0.0,0.0,0.0,0.0,0.0,0.0,0.0,0.0,0.0,0.0,0.0,0.0,0.0,0.0,0.0,0.0,0.0,0.0,0.0,0.0,0.0,0.0,0.0,0.0,0.0,0.0,0.0,0.0,0.0,0.0,0.0,0.0,0.0,0.0,0.0,0.0,0.0,0.0,0.0,0.0,0.0,0.0,0.0,0.0,0.0,0.0,0.0,0.0,0.0,0.0,0.0,0.0,0.0,0.0,0.0,0.0,0.0,0.0,0.0,0.0,0.0,0.0,0.0,0.0,0.0,0.0,0.0,0.0,0.0,0.0,0.0
2017-06-01 01:26:00+02:00,0.0,0.0,0.0,0.0,0.0,0.0,0.0,0.0,0.0,0.0,0.0,0.0,0.0,0.0,0.0,0.0,0.0,0.0,0.0,0.0,0.0,0.0,0.0,0.0,0.0,0.0,0.0,0.0,0.0,0.0,0.0,0.0,0.0,0.0,0.0,0.0,0.0,0.0,0.0,0.0,0.0,0.0,0.0,0.0,0.0,0.0,0.0,0.0,0.0,0.0,0.0,0.0,0.0,0.0,0.0,0.0,0.0,0.0,0.0,0.0,0.0,0.0,0.0,0.0,0.0,0.0,0.0,0.0,0.0,0.0,0.0,0.0,0.0,0.0,0.0,0.0,0.0,0.0,0.0,0.0,0.0,0.0,0.0,0.0,0.0,0.0,0.0,0.0,0.0,0.0,0.0,0.0,0.0,0.0,0.0,0.0,0.0,0.0,0.0,0.0,0.0,0.0,0.0,0.0,0.0,0.0,0.0,0.0,0.0,0.0,0.0,0.0,0.0,0.0,0.0,0.0,0.0,0.0
2017-06-01 01:27:00+02:00,0.0,0.0,0.0,0.0,0.0,0.0,0.0,0.0,0.0,0.0,0.0,0.0,0.0,0.0,0.0,0.0,0.0,0.0,0.0,0.0,0.0,0.0,0.0,0.0,0.0,0.0,0.0,0.0,0.0,0.0,0.0,0.0,0.0,0.0,0.0,0.0,0.0,0.0,0.0,0.0,0.0,0.0,0.0,0.0,0.0,0.0,0.0,0.0,0.0,0.0,0.0,0.0,0.0,0.0,0.0,0.0,0.0,0.0,0.0,0.0,0.0,0.0,0.0,0.0,0.0,0.0,0.0,0.0,0.0,0.0,0.0,0.0,0.0,0.0,0.0,0.0,0.0,0.0,0.0,0.0,0.0,0.0,0.0,0.0,0.0,0.0,0.0,0.0,0.0,0.0,0.0,0.0,0.0,0.0,0.0,0.0,0.0,0.0,0.0,0.0,0.0,0.0,0.0,0.0,0.0,0.0,0.0,0.0,0.0,0.0,0.0,0.0,0.0,0.0,0.0,0.0,0.0,0.0
2017-06-01 01:28:00+02:00,0.0,0.0,0.0,0.0,0.0,0.0,0.0,0.0,0.0,0.0,0.0,0.0,0.0,0.0,0.0,0.0,0.0,0.0,0.0,0.0,0.0,0.0,0.0,0.0,0.0,0.0,0.0,0.0,0.0,0.0,0.0,0.0,0.0,0.0,0.0,0.0,0.0,0.0,0.0,0.0,0.0,0.0,0.0,0.0,0.0,0.0,0.0,0.0,0.0,0.0,0.0,0.0,0.0,0.0,0.0,0.0,0.0,0.0,0.0,0.0,0.0,0.0,0.0,0.0,0.0,0.0,0.0,0.0,0.0,0.0,0.0,0.0,0.0,0.0,0.0,0.0,0.0,0.0,0.0,0.0,0.0,0.0,0.0,0.0,0.0,0.0,0.0,0.0,0.0,0.0,0.0,0.0,0.0,0.0,0.0,0.0,0.0,0.0,0.0,0.0,0.0,0.0,0.0,0.0,0.0,0.0,0.0,0.0,0.0,0.0,0.0,0.0,0.0,0.0,0.0,0.0,0.0,0.0
2017-06-01 01:29:00+02:00,0.0,0.0,0.0,0.0,0.0,0.0,0.0,0.0,0.0,0.0,0.0,0.0,0.0,0.0,0.0,0.0,0.0,0.0,0.0,0.0,0.0,0.0,0.0,0.0,0.0,0.0,0.0,0.0,0.0,0.0,0.0,0.0,0.0,0.0,0.0,0.0,0.0,0.0,0.0,0.0,0.0,0.0,0.0,0.0,0.0,0.0,0.0,0.0,0.0,0.0,0.0,0.0,0.0,0.0,0.0,0.0,0.0,0.0,0.0,0.0,0.0,0.0,0.0,0.0,0.0,0.0,0.0,0.0,0.0,0.0,0.0,0.0,0.0,0.0,0.0,0.0,0.0,0.0,0.0,0.0,0.0,0.0,0.0,0.0,0.0,0.0,0.0,0.0,0.0,0.0,0.0,0.0,0.0,0.0,0.0,0.0,0.0,0.0,0.0,0.0,0.0,0.0,0.0,0.0,0.0,0.0,0.0,0.0,0.0,0.0,0.0,0.0,0.0,0.0,0.0,0.0,0.0,0.0
2017-06-01 01:30:00+02:00,0.0,0.0,0.0,0.0,0.0,0.0,0.0,0.0,0.0,0.0,0.0,0.0,0.0,0.0,0.0,0.0,0.0,0.0,0.0,0.0,0.0,0.0,0.0,0.0,0.0,0.0,0.0,0.0,0.0,0.0,0.0,0.0,0.0,0.0,0.0,0.0,0.0,0.0,0.0,0.0,0.0,0.0,0.0,0.0,0.0,0.0,0.0,0.0,0.0,0.0,0.0,0.0,0.0,0.0,0.0,0.0,0.0,0.0,0.0,0.0,0.0,0.0,0.0,0.0,0.0,0.0,0.0,0.0,0.0,0.0,0.0,0.0,0.0,0.0,0.0,0.0,0.0,0.0,0.0,0.0,0.0,0.0,0.0,0.0,0.0,0.0,0.0,0.0,0.0,0.0,0.0,0.0,0.0,0.0,0.0,0.0,0.0,0.0,0.0,0.0,0.0,0.0,0.0,0.0,0.0,0.0,0.0,0.0,0.0,0.0,0.0,0.0,0.0,0.0,0.0,0.0,0.0,0.0
2017-06-01 01:31:00+02:00,0.0,0.0,0.0,0.0,0.0,0.0,0.0,0.0,0.0,0.0,0.0,0.0,0.0,0.0,0.0,0.0,0.0,0.0,0.0,0.0,0.0,0.0,0.0,0.0,0.0,0.0,0.0,0.0,0.0,0.0,0.0,0.0,0.0,0.0,0.0,0.0,0.0,0.0,0.0,0.0,0.0,0.0,0.0,0.0,0.0,0.0,0.0,0.0,0.0,0.0,0.0,0.0,0.0,0.0,0.0,0.0,0.0,0.0,0.0,0.0,0.0,0.0,0.0,0.0,0.0,0.0,0.0,0.0,0.0,0.0,0.0,0.0,0.0,0.0,0.0,0.0,0.0,0.0,0.0,0.0,0.0,0.0,0.0,0.0,0.0,0.0,0.0,0.0,0.0,0.0,0.0,0.0,0.0,0.0,0.0,0.0,0.0,0.0,0.0,0.0,0.0,0.0,0.0,0.0,0.0,0.0,0.0,0.0,0.0,0.0,0.0,0.0,0.0,0.0,0.0,0.0,0.0,0.0
2017-06-01 01:32:00+02:00,0.0,0.0,0.0,0.0,0.0,0.0,0.0,0.0,0.0,0.0,0.0,0.0,0.0,0.0,0.0,0.0,0.0,0.0,0.0,0.0,0.0,0.0,0.0,0.0,0.0,0.0,0.0,0.0,0.0,0.0,0.0,0.0,0.0,0.0,0.0,0.0,0.0,0.0,0.0,0.0,0.0,0.0,0.0,0.0,0.0,0.0,0.0,0.0,0.0,0.0,0.0,0.0,0.0,0.0,0.0,0.0,0.0,0.0,0.0,0.0,0.0,0.0,0.0,0.0,0.0,0.0,0.0,0.0,0.0,0.0,0.0,0.0,0.0,0.0,0.0,0.0,0.0,0.0,0.0,0.0,0.0,0.0,0.0,0.0,0.0,0.0,0.0,0.0,0.0,0.0,0.0,0.0,0.0,0.0,0.0,0.0,0.0,0.0,0.0,0.0,0.0,0.0,0.0,0.0,0.0,0.0,0.0,0.0,0.0,0.0,0.0,0.0,0.0,0.0,0.0,0.0,0.0,0.0
2017-06-01 01:33:00+02:00,0.0,0.0,0.0,0.0,0.0,0.0,0.0,0.0,0.0,0.0,0.0,0.0,0.0,0.0,0.0,0.0,0.0,0.0,0.0,0.0,0.0,0.0,0.0,0.0,0.0,0.0,0.0,0.0,0.0,0.0,0.0,0.0,0.0,0.0,0.0,0.0,0.0,0.0,0.0,0.0,0.0,0.0,0.0,0.0,0.0,0.0,0.0,0.0,0.0,0.0,0.0,0.0,0.0,0.0,0.0,0.0,0.0,0.0,0.0,0.0,0.0,0.0,0.0,0.0,0.0,0.0,0.0,0.0,0.0,0.0,0.0,0.0,0.0,0.0,0.0,0.0,0.0,0.0,0.0,0.0,0.0,0.0,0.0,0.0,0.0,0.0,0.0,0.0,0.0,0.0,0.0,0.0,0.0,0.0,0.0,0.0,0.0,0.0,0.0,0.0,0.0,0.0,0.0,0.0,0.0,0.0,0.0,0.0,0.0,0.0,0.0,0.0,0.0,0.0,0.0,0.0,0.0,0.0
2017-06-01 01:34:00+02:00,0.0,0.0,0.0,0.0,0.0,0.0,0.0,0.0,0.0,0.0,0.0,0.0,0.0,0.0,0.0,0.0,0.0,0.0,0.0,0.0,0.0,0.0,0.0,0.0,0.0,0.0,0.0,0.0,0.0,0.0,0.0,0.0,0.0,0.0,0.0,0.0,0.0,0.0,0.0,0.0,0.0,0.0,0.0,0.0,0.0,0.0,0.0,0.0,0.0,0.0,0.0,0.0,0.0,0.0,0.0,0.0,0.0,0.0,0.0,0.0,0.0,0.0,0.0,0.0,0.0,0.0,0.0,0.0,0.0,0.0,0.0,0.0,0.0,0.0,0.0,0.0,0.0,0.0,0.0,0.0,0.0,0.0,0.0,0.0,0.0,0.0,0.0,0.0,0.0,0.0,0.0,0.0,0.0,0.0,0.0,0.0,0.0,0.0,0.0,0.0,0.0,0.0,0.0,0.0,0.0,0.0,0.0,0.0,0.0,0.0,0.0,0.0,0.0,0.0,0.0,0.0,0.0,0.0
2017-06-01 01:35:00+02:00,0.0,0.0,0.0,0.0,0.0,0.0,0.0,0.0,0.0,0.0,0.0,0.0,0.0,0.0,0.0,0.0,0.0,0.0,0.0,0.0,0.0,0.0,0.0,0.0,0.0,0.0,0.0,0.0,0.0,0.0,0.0,0.0,0.0,0.0,0.0,0.0,0.0,0.0,0.0,0.0,0.0,0.0,0.0,0.0,0.0,0.0,0.0,0.0,0.0,0.0,0.0,0.0,0.0,0.0,0.0,0.0,0.0,0.0,0.0,0.0,0.0,0.0,0.0,0.0,0.0,0.0,0.0,0.0,0.0,0.0,0.0,0.0,0.0,0.0,0.0,0.0,0.0,0.0,0.0,0.0,0.0,0.0,0.0,0.0,0.0,0.0,0.0,0.0,0.0,0.0,0.0,0.0,0.0,0.0,0.0,0.0,0.0,0.0,0.0,0.0,0.0,0.0,0.0,0.0,0.0,0.0,0.0,0.0,0.0,0.0,0.0,0.0,0.0,0.0,0.0,0.0,0.0,0.0
2017-06-01 01:36:00+02:00,0.0,0.0,0.0,0.0,0.0,0.0,0.0,0.0,0.0,0.0,0.0,0.0,0.0,0.0,0.0,0.0,0.0,0.0,0.0,0.0,0.0,0.0,0.0,0.0,0.0,0.0,0.0,0.0,0.0,0.0,0.0,0.0,0.0,0.0,0.0,0.0,0.0,0.0,0.0,0.0,0.0,0.0,0.0,0.0,0.0,0.0,0.0,0.0,0.0,0.0,0.0,0.0,0.0,0.0,0.0,0.0,0.0,0.0,0.0,0.0,0.0,0.0,0.0,0.0,0.0,0.0,0.0,0.0,0.0,0.0,0.0,0.0,0.0,0.0,0.0,0.0,0.0,0.0,0.0,0.0,0.0,0.0,0.0,0.0,0.0,0.0,0.0,0.0,0.0,0.0,0.0,0.0,0.0,0.0,0.0,0.0,0.0,0.0,0.0,0.0,0.0,0.0,0.0,0.0,0.0,0.0,0.0,0.0,0.0,0.0,0.0,0.0,0.0,0.0,0.0,0.0,0.0,0.0
2017-06-01 01:37:00+02:00,0.0,0.0,0.0,0.0,0.0,0.0,0.0,0.0,0.0,0.0,0.0,0.0,0.0,0.0,0.0,0.0,0.0,0.0,0.0,0.0,0.0,0.0,0.0,0.0,0.0,0.0,0.0,0.0,0.0,0.0,0.0,0.0,0.0,0.0,0.0,0.0,0.0,0.0,0.0,0.0,0.0,0.0,0.0,0.0,0.0,0.0,0.0,0.0,0.0,0.0,0.0,0.0,0.0,0.0,0.0,0.0,0.0,0.0,0.0,0.0,0.0,0.0,0.0,0.0,0.0,0.0,0.0,0.0,0.0,0.0,0.0,0.0,0.0,0.0,0.0,0.0,0.0,0.0,0.0,0.0,0.0,0.0,0.0,0.0,0.0,0.0,0.0,0.0,0.0,0.0,0.0,0.0,0.0,0.0,0.0,0.0,0.0,0.0,0.0,0.0,0.0,0.0,0.0,0.0,0.0,0.0,0.0,0.0,0.0,0.0,0.0,0.0,0.0,0.0,0.0,0.0,0.0,0.0
2017-06-01 01:38:00+02:00,0.0,0.0,0.0,0.0,0.0,0.0,0.0,0.0,0.0,0.0,0.0,0.0,0.0,0.0,0.0,0.0,0.0,0.0,0.0,0.0,0.0,0.0,0.0,0.0,0.0,0.0,0.0,0.0,0.0,0.0,0.0,0.0,0.0,0.0,0.0,0.0,0.0,0.0,0.0,0.0,0.0,0.0,0.0,0.0,0.0,0.0,0.0,0.0,0.0,0.0,0.0,0.0,0.0,0.0,0.0,0.0,0.0,0.0,0.0,0.0,0.0,0.0,0.0,0.0,0.0,0.0,0.0,0.0,0.0,0.0,0.0,0.0,0.0,0.0,0.0,0.0,0.0,0.0,0.0,0.0,0.0,0.0,0.0,0.0,0.0,0.0,0.0,0.0,0.0,0.0,0.0,0.0,0.0,0.0,0.0,0.0,0.0,0.0,0.0,0.0,0.0,0.0,0.0,0.0,0.0,0.0,0.0,0.0,0.0,0.0,0.0,0.0,0.0,0.0,0.0,0.0,0.0,0.0
2017-06-01 01:39:00+02:00,0.0,0.0,0.0,0.0,0.0,0.0,0.0,0.0,0.0,0.0,0.0,0.0,0.0,0.0,0.0,0.0,0.0,0.0,0.0,0.0,0.0,0.0,0.0,0.0,0.0,0.0,0.0,0.0,0.0,0.0,0.0,0.0,0.0,0.0,0.0,0.0,0.0,0.0,0.0,0.0,0.0,0.0,0.0,0.0,0.0,0.0,0.0,0.0,0.0,0.0,0.0,0.0,0.0,0.0,0.0,0.0,0.0,0.0,0.0,0.0,0.0,0.0,0.0,0.0,0.0,0.0,0.0,0.0,0.0,0.0,0.0,0.0,0.0,0.0,0.0,0.0,0.0,0.0,0.0,0.0,0.0,0.0,0.0,0.0,0.0,0.0,0.0,0.0,0.0,0.0,0.0,0.0,0.0,0.0,0.0,0.0,0.0,0.0,0.0,0.0,0.0,0.0,0.0,0.0,0.0,0.0,0.0,0.0,0.0,0.0,0.0,0.0,0.0,0.0,0.0,0.0,0.0,0.0
2017-06-01 01:40:00+02:00,0.0,0.0,0.0,0.0,0.0,0.0,0.0,0.0,0.0,0.0,0.0,0.0,0.0,0.0,0.0,0.0,0.0,0.0,0.0,0.0,0.0,0.0,0.0,0.0,0.0,0.0,0.0,0.0,0.0,0.0,0.0,0.0,0.0,0.0,0.0,0.0,0.0,0.0,0.0,0.0,0.0,0.0,0.0,0.0,0.0,0.0,0.0,0.0,0.0,0.0,0.0,0.0,0.0,0.0,0.0,0.0,0.0,0.0,0.0,0.0,0.0,0.0,0.0,0.0,0.0,0.0,0.0,0.0,0.0,0.0,0.0,0.0,0.0,0.0,0.0,0.0,0.0,0.0,0.0,0.0,0.0,0.0,0.0,0.0,0.0,0.0,0.0,0.0,0.0,0.0,0.0,0.0,0.0,0.0,0.0,0.0,0.0,0.0,0.0,0.0,0.0,0.0,0.0,0.0,0.0,0.0,0.0,0.0,0.0,0.0,0.0,0.0,0.0,0.0,0.0,0.0,0.0,0.0
2017-06-01 01:41:00+02:00,0.0,0.0,0.0,0.0,0.0,0.0,0.0,0.0,0.0,0.0,0.0,0.0,0.0,0.0,0.0,0.0,0.0,0.0,0.0,0.0,0.0,0.0,0.0,0.0,0.0,0.0,0.0,0.0,0.0,0.0,0.0,0.0,0.0,0.0,0.0,0.0,0.0,0.0,0.0,0.0,0.0,0.0,0.0,0.0,0.0,0.0,0.0,0.0,0.0,0.0,0.0,0.0,0.0,0.0,0.0,0.0,0.0,0.0,0.0,0.0,0.0,0.0,0.0,0.0,0.0,0.0,0.0,0.0,0.0,0.0,0.0,0.0,0.0,0.0,0.0,0.0,0.0,0.0,0.0,0.0,0.0,0.0,0.0,0.0,0.0,0.0,0.0,0.0,0.0,0.0,0.0,0.0,0.0,0.0,0.0,0.0,0.0,0.0,0.0,0.0,0.0,0.0,0.0,0.0,0.0,0.0,0.0,0.0,0.0,0.0,0.0,0.0,0.0,0.0,0.0,0.0,0.0,0.0
2017-06-01 01:42:00+02:00,0.0,0.0,0.0,0.0,0.0,0.0,0.0,0.0,0.0,0.0,0.0,0.0,0.0,0.0,0.0,0.0,0.0,0.0,0.0,0.0,0.0,0.0,0.0,0.0,0.0,0.0,0.0,0.0,0.0,0.0,0.0,0.0,0.0,0.0,0.0,0.0,0.0,0.0,0.0,0.0,0.0,0.0,0.0,0.0,0.0,0.0,0.0,0.0,0.0,0.0,0.0,0.0,0.0,0.0,0.0,0.0,0.0,0.0,0.0,0.0,0.0,0.0,0.0,0.0,0.0,0.0,0.0,0.0,0.0,0.0,0.0,0.0,0.0,0.0,0.0,0.0,0.0,0.0,0.0,0.0,0.0,0.0,0.0,0.0,0.0,0.0,0.0,0.0,0.0,0.0,0.0,0.0,0.0,0.0,0.0,0.0,0.0,0.0,0.0,0.0,0.0,0.0,0.0,0.0,0.0,0.0,0.0,0.0,0.0,0.0,0.0,0.0,0.0,0.0,0.0,0.0,0.0,0.0
2017-06-01 01:43:00+02:00,0.0,0.0,0.0,0.0,0.0,0.0,0.0,0.0,0.0,0.0,0.0,0.0,0.0,0.0,0.0,0.0,0.0,0.0,0.0,0.0,0.0,0.0,0.0,0.0,0.0,0.0,0.0,0.0,0.0,0.0,0.0,0.0,0.0,0.0,0.0,0.0,0.0,0.0,0.0,0.0,0.0,0.0,0.0,0.0,0.0,0.0,0.0,0.0,0.0,0.0,0.0,0.0,0.0,0.0,0.0,0.0,0.0,0.0,0.0,0.0,0.0,0.0,0.0,0.0,0.0,0.0,0.0,0.0,0.0,0.0,0.0,0.0,0.0,0.0,0.0,0.0,0.0,0.0,0.0,0.0,0.0,0.0,0.0,0.0,0.0,0.0,0.0,0.0,0.0,0.0,0.0,0.0,0.0,0.0,0.0,0.0,0.0,0.0,0.0,0.0,0.0,0.0,0.0,0.0,0.0,0.0,0.0,0.0,0.0,0.0,0.0,0.0,0.0,0.0,0.0,0.0,0.0,0.0
2017-06-01 01:44:00+02:00,0.0,0.0,0.0,0.0,0.0,0.0,0.0,0.0,0.0,0.0,0.0,0.0,0.0,0.0,0.0,0.0,0.0,0.0,0.0,0.0,0.0,0.0,0.0,0.0,0.0,0.0,0.0,0.0,0.0,0.0,0.0,0.0,0.0,0.0,0.0,0.0,0.0,0.0,0.0,0.0,0.0,0.0,0.0,0.0,0.0,0.0,0.0,0.0,0.0,0.0,0.0,0.0,0.0,0.0,0.0,0.0,0.0,0.0,0.0,0.0,0.0,0.0,0.0,0.0,0.0,0.0,0.0,0.0,0.0,0.0,0.0,0.0,0.0,0.0,0.0,0.0,0.0,0.0,0.0,0.0,0.0,0.0,0.0,0.0,0.0,0.0,0.0,0.0,0.0,0.0,0.0,0.0,0.0,0.0,0.0,0.0,0.0,0.0,0.0,0.0,0.0,0.0,0.0,0.0,0.0,0.0,0.0,0.0,0.0,0.0,0.0,0.0,0.0,0.0,0.0,0.0,0.0,0.0
2017-06-01 01:45:00+02:00,0.0,0.0,0.0,0.0,0.0,0.0,0.0,0.0,0.0,0.0,0.0,0.0,0.0,0.0,0.0,0.0,0.0,0.0,0.0,0.0,0.0,0.0,0.0,0.0,0.0,0.0,0.0,0.0,0.0,0.0,0.0,0.0,0.0,0.0,0.0,0.0,0.0,0.0,0.0,0.0,0.0,0.0,0.0,0.0,0.0,0.0,0.0,0.0,0.0,0.0,0.0,0.0,0.0,0.0,0.0,0.0,0.0,0.0,0.0,0.0,0.0,0.0,0.0,0.0,0.0,0.0,0.0,0.0,0.0,0.0,0.0,0.0,0.0,0.0,0.0,0.0,0.0,0.0,0.0,0.0,0.0,0.0,0.0,0.0,0.0,0.0,0.0,0.0,0.0,0.0,0.0,0.0,0.0,0.0,0.0,0.0,0.0,0.0,0.0,0.0,0.0,0.0,0.0,0.0,0.0,0.0,0.0,0.0,0.0,0.0,0.0,0.0,0.0,0.0,0.0,0.0,0.0,0.0
2017-06-01 01:46:00+02:00,0.0,0.0,0.0,0.0,0.0,0.0,0.0,0.0,0.0,0.0,0.0,0.0,0.0,0.0,0.0,0.0,0.0,0.0,0.0,0.0,0.0,0.0,0.0,0.0,0.0,0.0,0.0,0.0,0.0,0.0,0.0,0.0,0.0,0.0,0.0,0.0,0.0,0.0,0.0,0.0,0.0,0.0,0.0,0.0,0.0,0.0,0.0,0.0,0.0,0.0,0.0,0.0,0.0,0.0,0.0,0.0,0.0,0.0,0.0,0.0,0.0,0.0,0.0,0.0,0.0,0.0,0.0,0.0,0.0,0.0,0.0,0.0,0.0,0.0,0.0,0.0,0.0,0.0,0.0,0.0,0.0,0.0,0.0,0.0,0.0,0.0,0.0,0.0,0.0,0.0,0.0,0.0,0.0,0.0,0.0,0.0,0.0,0.0,0.0,0.0,0.0,0.0,0.0,0.0,0.0,0.0,0.0,0.0,0.0,0.0,0.0,0.0,0.0,0.0,0.0,0.0,0.0,0.0
2017-06-01 01:47:00+02:00,0.0,0.0,0.0,0.0,0.0,0.0,0.0,0.0,0.0,0.0,0.0,0.0,0.0,0.0,0.0,0.0,0.0,0.0,0.0,0.0,0.0,0.0,0.0,0.0,0.0,0.0,0.0,0.0,0.0,0.0,0.0,0.0,0.0,0.0,0.0,0.0,0.0,0.0,0.0,0.0,0.0,0.0,0.0,0.0,0.0,0.0,0.0,0.0,0.0,0.0,0.0,0.0,0.0,0.0,0.0,0.0,0.0,0.0,0.0,0.0,0.0,0.0,0.0,0.0,0.0,0.0,0.0,0.0,0.0,0.0,0.0,0.0,0.0,0.0,0.0,0.0,0.0,0.0,0.0,0.0,0.0,0.0,0.0,0.0,0.0,0.0,0.0,0.0,0.0,0.0,0.0,0.0,0.0,0.0,0.0,0.0,0.0,0.0,0.0,0.0,0.0,0.0,0.0,0.0,0.0,0.0,0.0,0.0,0.0,0.0,0.0,0.0,0.0,0.0,0.0,0.0,0.0,0.0
2017-06-01 01:48:00+02:00,0.0,0.0,0.0,0.0,0.0,0.0,0.0,0.0,0.0,0.0,0.0,0.0,0.0,0.0,0.0,0.0,0.0,0.0,0.0,0.0,0.0,0.0,0.0,0.0,0.0,0.0,0.0,0.0,0.0,0.0,0.0,0.0,0.0,0.0,0.0,0.0,0.0,0.0,0.0,0.0,0.0,0.0,0.0,0.0,0.0,0.0,0.0,0.0,0.0,0.0,0.0,0.0,0.0,0.0,0.0,0.0,0.0,0.0,0.0,0.0,0.0,0.0,0.0,0.0,0.0,0.0,0.0,0.0,0.0,0.0,0.0,0.0,0.0,0.0,0.0,0.0,0.0,0.0,0.0,0.0,0.0,0.0,0.0,0.0,0.0,0.0,0.0,0.0,0.0,0.0,0.0,0.0,0.0,0.0,0.0,0.0,0.0,0.0,0.0,0.0,0.0,0.0,0.0,0.0,0.0,0.0,0.0,0.0,0.0,0.0,0.0,0.0,0.0,0.0,0.0,0.0,0.0,0.0
2017-06-01 01:49:00+02:00,0.0,0.0,0.0,0.0,0.0,0.0,0.0,0.0,0.0,0.0,0.0,0.0,0.0,0.0,0.0,0.0,0.0,0.0,0.0,0.0,0.0,0.0,0.0,0.0,0.0,0.0,0.0,0.0,0.0,0.0,0.0,0.0,0.0,0.0,0.0,0.0,0.0,0.0,0.0,0.0,0.0,0.0,0.0,0.0,0.0,0.0,0.0,0.0,0.0,0.0,0.0,0.0,0.0,0.0,0.0,0.0,0.0,0.0,0.0,0.0,0.0,0.0,0.0,0.0,0.0,0.0,0.0,0.0,0.0,0.0,0.0,0.0,0.0,0.0,0.0,0.0,0.0,0.0,0.0,0.0,0.0,0.0,0.0,0.0,0.0,0.0,0.0,0.0,0.0,0.0,0.0,0.0,0.0,0.0,0.0,0.0,0.0,0.0,0.0,0.0,0.0,0.0,0.0,0.0,0.0,0.0,0.0,0.0,0.0,0.0,0.0,0.0,0.0,0.0,0.0,0.0,0.0,0.0
2017-06-01 01:50:00+02:00,0.0,0.0,0.0,0.0,0.0,0.0,0.0,0.0,0.0,0.0,0.0,0.0,0.0,0.0,0.0,0.0,0.0,0.0,0.0,0.0,0.0,0.0,0.0,0.0,0.0,0.0,0.0,0.0,0.0,0.0,0.0,0.0,0.0,0.0,0.0,0.0,0.0,0.0,0.0,0.0,0.0,0.0,0.0,0.0,0.0,0.0,0.0,0.0,0.0,0.0,0.0,0.0,0.0,0.0,0.0,0.0,0.0,0.0,0.0,0.0,0.0,0.0,0.0,0.0,0.0,0.0,0.0,0.0,0.0,0.0,0.0,0.0,0.0,0.0,0.0,0.0,0.0,0.0,0.0,0.0,0.0,0.0,0.0,0.0,0.0,0.0,0.0,0.0,0.0,0.0,0.0,0.0,0.0,0.0,0.0,0.0,0.0,0.0,0.0,0.0,0.0,0.0,0.0,0.0,0.0,0.0,0.0,0.0,0.0,0.0,0.0,0.0,0.0,0.0,0.0,0.0,0.0,0.0
2017-06-01 01:51:00+02:00,0.0,0.0,0.0,0.0,0.0,0.0,0.0,0.0,0.0,0.0,0.0,0.0,0.0,0.0,0.0,0.0,0.0,0.0,0.0,0.0,0.0,0.0,0.0,0.0,0.0,0.0,0.0,0.0,0.0,0.0,0.0,0.0,0.0,0.0,0.0,0.0,0.0,0.0,0.0,0.0,0.0,0.0,0.0,0.0,0.0,0.0,0.0,0.0,0.0,0.0,0.0,0.0,0.0,0.0,0.0,0.0,0.0,0.0,0.0,0.0,0.0,0.0,0.0,0.0,0.0,0.0,0.0,0.0,0.0,0.0,0.0,0.0,0.0,0.0,0.0,0.0,0.0,0.0,0.0,0.0,0.0,0.0,0.0,0.0,0.0,0.0,0.0,0.0,0.0,0.0,0.0,0.0,0.0,0.0,0.0,0.0,0.0,0.0,0.0,0.0,0.0,0.0,0.0,0.0,0.0,0.0,0.0,0.0,0.0,0.0,0.0,0.0,0.0,0.0,0.0,0.0,0.0,0.0
2017-06-01 01:52:00+02:00,0.0,0.0,0.0,0.0,0.0,0.0,0.0,0.0,0.0,0.0,0.0,0.0,0.0,0.0,0.0,0.0,0.0,0.0,0.0,0.0,0.0,0.0,0.0,0.0,0.0,0.0,0.0,0.0,0.0,0.0,0.0,0.0,0.0,0.0,0.0,0.0,0.0,0.0,0.0,0.0,0.0,0.0,0.0,0.0,0.0,0.0,0.0,0.0,0.0,0.0,0.0,0.0,0.0,0.0,0.0,0.0,0.0,0.0,0.0,0.0,0.0,0.0,0.0,0.0,0.0,0.0,0.0,0.0,0.0,0.0,0.0,0.0,0.0,0.0,0.0,0.0,0.0,0.0,0.0,0.0,0.0,0.0,0.0,0.0,0.0,0.0,0.0,0.0,0.0,0.0,0.0,0.0,0.0,0.0,0.0,0.0,0.0,0.0,0.0,0.0,0.0,0.0,0.0,0.0,0.0,0.0,0.0,0.0,0.0,0.0,0.0,0.0,0.0,0.0,0.0,0.0,0.0,0.0
2017-06-01 01:53:00+02:00,0.0,0.0,0.0,0.0,0.0,0.0,0.0,0.0,0.0,0.0,0.0,0.0,0.0,0.0,0.0,0.0,0.0,0.0,0.0,0.0,0.0,0.0,0.0,0.0,0.0,0.0,0.0,0.0,0.0,0.0,0.0,0.0,0.0,0.0,0.0,0.0,0.0,0.0,0.0,0.0,0.0,0.0,0.0,0.0,0.0,0.0,0.0,0.0,0.0,0.0,0.0,0.0,0.0,0.0,0.0,0.0,0.0,0.0,0.0,0.0,0.0,0.0,0.0,0.0,0.0,0.0,0.0,0.0,0.0,0.0,0.0,0.0,0.0,0.0,0.0,0.0,0.0,0.0,0.0,0.0,0.0,0.0,0.0,0.0,0.0,0.0,0.0,0.0,0.0,0.0,0.0,0.0,0.0,0.0,0.0,0.0,0.0,0.0,0.0,0.0,0.0,0.0,0.0,0.0,0.0,0.0,0.0,0.0,0.0,0.0,0.0,0.0,0.0,0.0,0.0,0.0,0.0,0.0
2017-06-01 01:54:00+02:00,0.0,0.0,0.0,0.0,0.0,0.0,0.0,0.0,0.0,0.0,0.0,0.0,0.0,0.0,0.0,0.0,0.0,0.0,0.0,0.0,0.0,0.0,0.0,0.0,0.0,0.0,0.0,0.0,0.0,0.0,0.0,0.0,0.0,0.0,0.0,0.0,0.0,0.0,0.0,0.0,0.0,0.0,0.0,0.0,0.0,0.0,0.0,0.0,0.0,0.0,0.0,0.0,0.0,0.0,0.0,0.0,0.0,0.0,0.0,0.0,0.0,0.0,0.0,0.0,0.0,0.0,0.0,0.0,0.0,0.0,0.0,0.0,0.0,0.0,0.0,0.0,0.0,0.0,0.0,0.0,0.0,0.0,0.0,0.0,0.0,0.0,0.0,0.0,0.0,0.0,0.0,0.0,0.0,0.0,0.0,0.0,0.0,0.0,0.0,0.0,0.0,0.0,0.0,0.0,0.0,0.0,0.0,0.0,0.0,0.0,0.0,0.0,0.0,0.0,0.0,0.0,0.0,0.0
2017-06-01 01:55:00+02:00,0.0,0.0,0.0,0.0,0.0,0.0,0.0,0.0,0.0,0.0,0.0,0.0,0.0,0.0,0.0,0.0,0.0,0.0,0.0,0.0,0.0,0.0,0.0,0.0,0.0,0.0,0.0,0.0,0.0,0.0,0.0,0.0,0.0,0.0,0.0,0.0,0.0,0.0,0.0,0.0,0.0,0.0,0.0,0.0,0.0,0.0,0.0,0.0,0.0,0.0,0.0,0.0,0.0,0.0,0.0,0.0,0.0,0.0,0.0,0.0,0.0,0.0,0.0,0.0,0.0,0.0,0.0,0.0,0.0,0.0,0.0,0.0,0.0,0.0,0.0,0.0,0.0,0.0,0.0,0.0,0.0,0.0,0.0,0.0,0.0,0.0,0.0,0.0,0.0,0.0,0.0,0.0,0.0,0.0,0.0,0.0,0.0,0.0,0.0,0.0,0.0,0.0,0.0,0.0,0.0,0.0,0.0,0.0,0.0,0.0,0.0,0.0,0.0,0.0,0.0,0.0,0.0,0.0
2017-06-01 01:56:00+02:00,0.0,0.0,0.0,0.0,0.0,0.0,0.0,0.0,0.0,0.0,0.0,0.0,0.0,0.0,0.0,0.0,0.0,0.0,0.0,0.0,0.0,0.0,0.0,0.0,0.0,0.0,0.0,0.0,0.0,0.0,0.0,0.0,0.0,0.0,0.0,0.0,0.0,0.0,0.0,0.0,0.0,0.0,0.0,0.0,0.0,0.0,0.0,0.0,0.0,0.0,0.0,0.0,0.0,0.0,0.0,0.0,0.0,0.0,0.0,0.0,0.0,0.0,0.0,0.0,0.0,0.0,0.0,0.0,0.0,0.0,0.0,0.0,0.0,0.0,0.0,0.0,0.0,0.0,0.0,0.0,0.0,0.0,0.0,0.0,0.0,0.0,0.0,0.0,0.0,0.0,0.0,0.0,0.0,0.0,0.0,0.0,0.0,0.0,0.0,0.0,0.0,0.0,0.0,0.0,0.0,0.0,0.0,0.0,0.0,0.0,0.0,0.0,0.0,0.0,0.0,0.0,0.0,0.0
2017-06-01 01:57:00+02:00,0.0,0.0,0.0,0.0,0.0,0.0,0.0,0.0,0.0,0.0,0.0,0.0,0.0,0.0,0.0,0.0,0.0,0.0,0.0,0.0,0.0,0.0,0.0,0.0,0.0,0.0,0.0,0.0,0.0,0.0,0.0,0.0,0.0,0.0,0.0,0.0,0.0,0.0,0.0,0.0,0.0,0.0,0.0,0.0,0.0,0.0,0.0,0.0,0.0,0.0,0.0,0.0,0.0,0.0,0.0,0.0,0.0,0.0,0.0,0.0,0.0,0.0,0.0,0.0,0.0,0.0,0.0,0.0,0.0,0.0,0.0,0.0,0.0,0.0,0.0,0.0,0.0,0.0,0.0,0.0,0.0,0.0,0.0,0.0,0.0,0.0,0.0,0.0,0.0,0.0,0.0,0.0,0.0,0.0,0.0,0.0,0.0,0.0,0.0,0.0,0.0,0.0,0.0,0.0,0.0,0.0,0.0,0.0,0.0,0.0,0.0,0.0,0.0,0.0,0.0,0.0,0.0,0.0
2017-06-01 01:58:00+02:00,0.0,0.0,0.0,0.0,0.0,0.0,0.0,0.0,0.0,0.0,0.0,0.0,0.0,0.0,0.0,0.0,0.0,0.0,0.0,0.0,0.0,0.0,0.0,0.0,0.0,0.0,0.0,0.0,0.0,0.0,0.0,0.0,0.0,0.0,0.0,0.0,0.0,0.0,0.0,0.0,0.0,0.0,0.0,0.0,0.0,0.0,0.0,0.0,0.0,0.0,0.0,0.0,0.0,0.0,0.0,0.0,0.0,0.0,0.0,0.0,0.0,0.0,0.0,0.0,0.0,0.0,0.0,0.0,0.0,0.0,0.0,0.0,0.0,0.0,0.0,0.0,0.0,0.0,0.0,0.0,0.0,0.0,0.0,0.0,0.0,0.0,0.0,0.0,0.0,0.0,0.0,0.0,0.0,0.0,0.0,0.0,0.0,0.0,0.0,0.0,0.0,0.0,0.0,0.0,0.0,0.0,0.0,0.0,0.0,0.0,0.0,0.0,0.0,0.0,0.0,0.0,0.0,0.0
2017-06-01 01:59:00+02:00,0.0,0.0,0.0,0.0,0.0,0.0,0.0,0.0,0.0,0.0,0.0,0.0,0.0,0.0,0.0,0.0,0.0,0.0,0.0,0.0,0.0,0.0,0.0,0.0,0.0,0.0,0.0,0.0,0.0,0.0,0.0,0.0,0.0,0.0,0.0,0.0,0.0,0.0,0.0,0.0,0.0,0.0,0.0,0.0,0.0,0.0,0.0,0.0,0.0,0.0,0.0,0.0,0.0,0.0,0.0,0.0,0.0,0.0,0.0,0.0,0.0,0.0,0.0,0.0,0.0,0.0,0.0,0.0,0.0,0.0,0.0,0.0,0.0,0.0,0.0,0.0,0.0,0.0,0.0,0.0,0.0,0.0,0.0,0.0,0.0,0.0,0.0,0.0,0.0,0.0,0.0,0.0,0.0,0.0,0.0,0.0,0.0,0.0,0.0,0.0,0.0,0.0,0.0,0.0,0.0,0.0,0.0,0.0,0.0,0.0,0.0,0.0,0.0,0.0,0.0,0.0,0.0,0.0
2017-06-01 02:00:00+02:00,0.0,0.0,0.0,0.0,0.0,0.0,0.0,0.0,0.0,0.0,0.0,0.0,0.0,0.0,0.0,0.0,0.0,0.0,0.0,0.0,0.0,0.0,0.0,0.0,0.0,0.0,0.0,0.0,0.0,0.0,0.0,0.0,0.0,0.0,0.0,0.0,0.0,0.0,0.0,0.0,0.0,0.0,0.0,0.0,0.0,0.0,0.0,0.0,0.0,0.0,0.0,0.0,0.0,0.0,0.0,0.0,0.0,0.0,0.0,0.0,0.0,0.0,0.0,0.0,0.0,0.0,0.0,0.0,0.0,0.0,0.0,0.0,0.0,0.0,0.0,0.0,0.0,0.0,0.0,0.0,0.0,0.0,0.0,0.0,0.0,0.0,0.0,0.0,0.0,0.0,0.0,0.0,0.0,0.0,0.0,0.0,0.0,0.0,0.0,0.0,0.0,0.0,0.0,0.0,0.0,0.0,0.0,0.0,0.0,0.0,0.0,0.0,0.0,0.0,0.0,0.0,0.0,0.0
2017-06-01 02:01:00+02:00,0.0,0.0,0.0,0.0,0.0,0.0,0.0,0.0,0.0,0.0,0.0,0.0,0.0,0.0,0.0,0.0,0.0,0.0,0.0,0.0,0.0,0.0,0.0,0.0,0.0,0.0,0.0,0.0,0.0,0.0,0.0,0.0,0.0,0.0,0.0,0.0,0.0,0.0,0.0,0.0,0.0,0.0,0.0,0.0,0.0,0.0,0.0,0.0,0.0,0.0,0.0,0.0,0.0,0.0,0.0,0.0,0.0,0.0,0.0,0.0,0.0,0.0,0.0,0.0,0.0,0.0,0.0,0.0,0.0,0.0,0.0,0.0,0.0,0.0,0.0,0.0,0.0,0.0,0.0,0.0,0.0,0.0,0.0,0.0,0.0,0.0,0.0,0.0,0.0,0.0,0.0,0.0,0.0,0.0,0.0,0.0,0.0,0.0,0.0,0.0,0.0,0.0,0.0,0.0,0.0,0.0,0.0,0.0,0.0,0.0,0.0,0.0,0.0,0.0,0.0,0.0,0.0,0.0
2017-06-01 02:02:00+02:00,0.0,0.0,0.0,0.0,0.0,0.0,0.0,0.0,0.0,0.0,0.0,0.0,0.0,0.0,0.0,0.0,0.0,0.0,0.0,0.0,0.0,0.0,0.0,0.0,0.0,0.0,0.0,0.0,0.0,0.0,0.0,0.0,0.0,0.0,0.0,0.0,0.0,0.0,0.0,0.0,0.0,0.0,0.0,0.0,0.0,0.0,0.0,0.0,0.0,0.0,0.0,0.0,0.0,0.0,0.0,0.0,0.0,0.0,0.0,0.0,0.0,0.0,0.0,0.0,0.0,0.0,0.0,0.0,0.0,0.0,0.0,0.0,0.0,0.0,0.0,0.0,0.0,0.0,0.0,0.0,0.0,0.0,0.0,0.0,0.0,0.0,0.0,0.0,0.0,0.0,0.0,0.0,0.0,0.0,0.0,0.0,0.0,0.0,0.0,0.0,0.0,0.0,0.0,0.0,0.0,0.0,0.0,0.0,0.0,0.0,0.0,0.0,0.0,0.0,0.0,0.0,0.0,0.0
2017-06-01 02:03:00+02:00,0.0,0.0,0.0,0.0,0.0,0.0,0.0,0.0,0.0,0.0,0.0,0.0,0.0,0.0,0.0,0.0,0.0,0.0,0.0,0.0,0.0,0.0,0.0,0.0,0.0,0.0,0.0,0.0,0.0,0.0,0.0,0.0,0.0,0.0,0.0,0.0,0.0,0.0,0.0,0.0,0.0,0.0,0.0,0.0,0.0,0.0,0.0,0.0,0.0,0.0,0.0,0.0,0.0,0.0,0.0,0.0,0.0,0.0,0.0,0.0,0.0,0.0,0.0,0.0,0.0,0.0,0.0,0.0,0.0,0.0,0.0,0.0,0.0,0.0,0.0,0.0,0.0,0.0,0.0,0.0,0.0,0.0,0.0,0.0,0.0,0.0,0.0,0.0,0.0,0.0,0.0,0.0,0.0,0.0,0.0,0.0,0.0,0.0,0.0,0.0,0.0,0.0,0.0,0.0,0.0,0.0,0.0,0.0,0.0,0.0,0.0,0.0,0.0,0.0,0.0,0.0,0.0,0.0
2017-06-01 02:04:00+02:00,0.0,0.0,0.0,0.0,0.0,0.0,0.0,0.0,0.0,0.0,0.0,0.0,0.0,0.0,0.0,0.0,0.0,0.0,0.0,0.0,0.0,0.0,0.0,0.0,0.0,0.0,0.0,0.0,0.0,0.0,0.0,0.0,0.0,0.0,0.0,0.0,0.0,0.0,0.0,0.0,0.0,0.0,0.0,0.0,0.0,0.0,0.0,0.0,0.0,0.0,0.0,0.0,0.0,0.0,0.0,0.0,0.0,0.0,0.0,0.0,0.0,0.0,0.0,0.0,0.0,0.0,0.0,0.0,0.0,0.0,0.0,0.0,0.0,0.0,0.0,0.0,0.0,0.0,0.0,0.0,0.0,0.0,0.0,0.0,0.0,0.0,0.0,0.0,0.0,0.0,0.0,0.0,0.0,0.0,0.0,0.0,0.0,0.0,0.0,0.0,0.0,0.0,0.0,0.0,0.0,0.0,0.0,0.0,0.0,0.0,0.0,0.0,0.0,0.0,0.0,0.0,0.0,0.0
2017-06-01 02:05:00+02:00,0.0,0.0,0.0,0.0,0.0,0.0,0.0,0.0,0.0,0.0,0.0,0.0,0.0,0.0,0.0,0.0,0.0,0.0,0.0,0.0,0.0,0.0,0.0,0.0,0.0,0.0,0.0,0.0,0.0,0.0,0.0,0.0,0.0,0.0,0.0,0.0,0.0,0.0,0.0,0.0,0.0,0.0,0.0,0.0,0.0,0.0,0.0,0.0,0.0,0.0,0.0,0.0,0.0,0.0,0.0,0.0,0.0,0.0,0.0,0.0,0.0,0.0,0.0,0.0,0.0,0.0,0.0,0.0,0.0,0.0,0.0,0.0,0.0,0.0,0.0,0.0,0.0,0.0,0.0,0.0,0.0,0.0,0.0,0.0,0.0,0.0,0.0,0.0,0.0,0.0,0.0,0.0,0.0,0.0,0.0,0.0,0.0,0.0,0.0,0.0,0.0,0.0,0.0,0.0,0.0,0.0,0.0,0.0,0.0,0.0,0.0,0.0,0.0,0.0,0.0,0.0,0.0,0.0
2017-06-01 02:06:00+02:00,0.0,0.0,0.0,0.0,0.0,0.0,0.0,0.0,0.0,0.0,0.0,0.0,0.0,0.0,0.0,0.0,0.0,0.0,0.0,0.0,0.0,0.0,0.0,0.0,0.0,0.0,0.0,0.0,0.0,0.0,0.0,0.0,0.0,0.0,0.0,0.0,0.0,0.0,0.0,0.0,0.0,0.0,0.0,0.0,0.0,0.0,0.0,0.0,0.0,0.0,0.0,0.0,0.0,0.0,0.0,0.0,0.0,0.0,0.0,0.0,0.0,0.0,0.0,0.0,0.0,0.0,0.0,0.0,0.0,0.0,0.0,0.0,0.0,0.0,0.0,0.0,0.0,0.0,0.0,0.0,0.0,0.0,0.0,0.0,0.0,0.0,0.0,0.0,0.0,0.0,0.0,0.0,0.0,0.0,0.0,0.0,0.0,0.0,0.0,0.0,0.0,0.0,0.0,0.0,0.0,0.0,0.0,0.0,0.0,0.0,0.0,0.0,0.0,0.0,0.0,0.0,0.0,0.0
2017-06-01 02:07:00+02:00,0.0,0.0,0.0,0.0,0.0,0.0,0.0,0.0,0.0,0.0,0.0,0.0,0.0,0.0,0.0,0.0,0.0,0.0,0.0,0.0,0.0,0.0,0.0,0.0,0.0,0.0,0.0,0.0,0.0,0.0,0.0,0.0,0.0,0.0,0.0,0.0,0.0,0.0,0.0,0.0,0.0,0.0,0.0,0.0,0.0,0.0,0.0,0.0,0.0,0.0,0.0,0.0,0.0,0.0,0.0,0.0,0.0,0.0,0.0,0.0,0.0,0.0,0.0,0.0,0.0,0.0,0.0,0.0,0.0,0.0,0.0,0.0,0.0,0.0,0.0,0.0,0.0,0.0,0.0,0.0,0.0,0.0,0.0,0.0,0.0,0.0,0.0,0.0,0.0,0.0,0.0,0.0,0.0,0.0,0.0,0.0,0.0,0.0,0.0,0.0,0.0,0.0,0.0,0.0,0.0,0.0,0.0,0.0,0.0,0.0,0.0,0.0,0.0,0.0,0.0,0.0,0.0,0.0
2017-06-01 02:08:00+02:00,0.0,0.0,0.0,0.0,0.0,0.0,0.0,0.0,0.0,0.0,0.0,0.0,0.0,0.0,0.0,0.0,0.0,0.0,0.0,0.0,0.0,0.0,0.0,0.0,0.0,0.0,0.0,0.0,0.0,0.0,0.0,0.0,0.0,0.0,0.0,0.0,0.0,0.0,0.0,0.0,0.0,0.0,0.0,0.0,0.0,0.0,0.0,0.0,0.0,0.0,0.0,0.0,0.0,0.0,0.0,0.0,0.0,0.0,0.0,0.0,0.0,0.0,0.0,0.0,0.0,0.0,0.0,0.0,0.0,0.0,0.0,0.0,0.0,0.0,0.0,0.0,0.0,0.0,0.0,0.0,0.0,0.0,0.0,0.0,0.0,0.0,0.0,0.0,0.0,0.0,0.0,0.0,0.0,0.0,0.0,0.0,0.0,0.0,0.0,0.0,0.0,0.0,0.0,0.0,0.0,0.0,0.0,0.0,0.0,0.0,0.0,0.0,0.0,0.0,0.0,0.0,0.0,0.0
2017-06-01 02:09:00+02:00,0.0,0.0,0.0,0.0,0.0,0.0,0.0,0.0,0.0,0.0,0.0,0.0,0.0,0.0,0.0,0.0,0.0,0.0,0.0,0.0,0.0,0.0,0.0,0.0,0.0,0.0,0.0,0.0,0.0,0.0,0.0,0.0,0.0,0.0,0.0,0.0,0.0,0.0,0.0,0.0,0.0,0.0,0.0,0.0,0.0,0.0,0.0,0.0,0.0,0.0,0.0,0.0,0.0,0.0,0.0,0.0,0.0,0.0,0.0,0.0,0.0,0.0,0.0,0.0,0.0,0.0,0.0,0.0,0.0,0.0,0.0,0.0,0.0,0.0,0.0,0.0,0.0,0.0,0.0,0.0,0.0,0.0,0.0,0.0,0.0,0.0,0.0,0.0,0.0,0.0,0.0,0.0,0.0,0.0,0.0,0.0,0.0,0.0,0.0,0.0,0.0,0.0,0.0,0.0,0.0,0.0,0.0,0.0,0.0,0.0,0.0,0.0,0.0,0.0,0.0,0.0,0.0,0.0
2017-06-01 02:10:00+02:00,0.0,0.0,0.0,0.0,0.0,0.0,0.0,0.0,0.0,0.0,0.0,0.0,0.0,0.0,0.0,0.0,0.0,0.0,0.0,0.0,0.0,0.0,0.0,0.0,0.0,0.0,0.0,0.0,0.0,0.0,0.0,0.0,0.0,0.0,0.0,0.0,0.0,0.0,0.0,0.0,0.0,0.0,0.0,0.0,0.0,0.0,0.0,0.0,0.0,0.0,0.0,0.0,0.0,0.0,0.0,0.0,0.0,0.0,0.0,0.0,0.0,0.0,0.0,0.0,0.0,0.0,0.0,0.0,0.0,0.0,0.0,0.0,0.0,0.0,0.0,0.0,0.0,0.0,0.0,0.0,0.0,0.0,0.0,0.0,0.0,0.0,0.0,0.0,0.0,0.0,0.0,0.0,0.0,0.0,0.0,0.0,0.0,0.0,0.0,0.0,0.0,0.0,0.0,0.0,0.0,0.0,0.0,0.0,0.0,0.0,0.0,0.0,0.0,0.0,0.0,0.0,0.0,0.0
2017-06-01 02:11:00+02:00,0.0,0.0,0.0,0.0,0.0,0.0,0.0,0.0,0.0,0.0,0.0,0.0,0.0,0.0,0.0,0.0,0.0,0.0,0.0,0.0,0.0,0.0,0.0,0.0,0.0,0.0,0.0,0.0,0.0,0.0,0.0,0.0,0.0,0.0,0.0,0.0,0.0,0.0,0.0,0.0,0.0,0.0,0.0,0.0,0.0,0.0,0.0,0.0,0.0,0.0,0.0,0.0,0.0,0.0,0.0,0.0,0.0,0.0,0.0,0.0,0.0,0.0,0.0,0.0,0.0,0.0,0.0,0.0,0.0,0.0,0.0,0.0,0.0,0.0,0.0,0.0,0.0,0.0,0.0,0.0,0.0,0.0,0.0,0.0,0.0,0.0,0.0,0.0,0.0,0.0,0.0,0.0,0.0,0.0,0.0,0.0,0.0,0.0,0.0,0.0,0.0,0.0,0.0,0.0,0.0,0.0,0.0,0.0,0.0,0.0,0.0,0.0,0.0,0.0,0.0,0.0,0.0,0.0
2017-06-01 02:12:00+02:00,0.0,0.0,0.0,0.0,0.0,0.0,0.0,0.0,0.0,0.0,0.0,0.0,0.0,0.0,0.0,0.0,0.0,0.0,0.0,0.0,0.0,0.0,0.0,0.0,0.0,0.0,0.0,0.0,0.0,0.0,0.0,0.0,0.0,0.0,0.0,0.0,0.0,0.0,0.0,0.0,0.0,0.0,0.0,0.0,0.0,0.0,0.0,0.0,0.0,0.0,0.0,0.0,0.0,0.0,0.0,0.0,0.0,0.0,0.0,0.0,0.0,0.0,0.0,0.0,0.0,0.0,0.0,0.0,0.0,0.0,0.0,0.0,0.0,0.0,0.0,0.0,0.0,0.0,0.0,0.0,0.0,0.0,0.0,0.0,0.0,0.0,0.0,0.0,0.0,0.0,0.0,0.0,0.0,0.0,0.0,0.0,0.0,0.0,0.0,0.0,0.0,0.0,0.0,0.0,0.0,0.0,0.0,0.0,0.0,0.0,0.0,0.0,0.0,0.0,0.0,0.0,0.0,0.0
2017-06-01 02:13:00+02:00,0.0,0.0,0.0,0.0,0.0,0.0,0.0,0.0,0.0,0.0,0.0,0.0,0.0,0.0,0.0,0.0,0.0,0.0,0.0,0.0,0.0,0.0,0.0,0.0,0.0,0.0,0.0,0.0,0.0,0.0,0.0,0.0,0.0,0.0,0.0,0.0,0.0,0.0,0.0,0.0,0.0,0.0,0.0,0.0,0.0,0.0,0.0,0.0,0.0,0.0,0.0,0.0,0.0,0.0,0.0,0.0,0.0,0.0,0.0,0.0,0.0,0.0,0.0,0.0,0.0,0.0,0.0,0.0,0.0,0.0,0.0,0.0,0.0,0.0,0.0,0.0,0.0,0.0,0.0,0.0,0.0,0.0,0.0,0.0,0.0,0.0,0.0,0.0,0.0,0.0,0.0,0.0,0.0,0.0,0.0,0.0,0.0,0.0,0.0,0.0,0.0,0.0,0.0,0.0,0.0,0.0,0.0,0.0,0.0,0.0,0.0,0.0,0.0,0.0,0.0,0.0,0.0,0.0
2017-06-01 02:14:00+02:00,0.0,0.0,0.0,0.0,0.0,0.0,0.0,0.0,0.0,0.0,0.0,0.0,0.0,0.0,0.0,0.0,0.0,0.0,0.0,0.0,0.0,0.0,0.0,0.0,0.0,0.0,0.0,0.0,0.0,0.0,0.0,0.0,0.0,0.0,0.0,0.0,0.0,0.0,0.0,0.0,0.0,0.0,0.0,0.0,0.0,0.0,0.0,0.0,0.0,0.0,0.0,0.0,0.0,0.0,0.0,0.0,0.0,0.0,0.0,0.0,0.0,0.0,0.0,0.0,0.0,0.0,0.0,0.0,0.0,0.0,0.0,0.0,0.0,0.0,0.0,0.0,0.0,0.0,0.0,0.0,0.0,0.0,0.0,0.0,0.0,0.0,0.0,0.0,0.0,0.0,0.0,0.0,0.0,0.0,0.0,0.0,0.0,0.0,0.0,0.0,0.0,0.0,0.0,0.0,0.0,0.0,0.0,0.0,0.0,0.0,0.0,0.0,0.0,0.0,0.0,0.0,0.0,0.0
2017-06-01 02:15:00+02:00,0.0,0.0,0.0,0.0,0.0,0.0,0.0,0.0,0.0,0.0,0.0,0.0,0.0,0.0,0.0,0.0,0.0,0.0,0.0,0.0,0.0,0.0,0.0,0.0,0.0,0.0,0.0,0.0,0.0,0.0,0.0,0.0,0.0,0.0,0.0,0.0,0.0,0.0,0.0,0.0,0.0,0.0,0.0,0.0,0.0,0.0,0.0,0.0,0.0,0.0,0.0,0.0,0.0,0.0,0.0,0.0,0.0,0.0,0.0,0.0,0.0,0.0,0.0,0.0,0.0,0.0,0.0,0.0,0.0,0.0,0.0,0.0,0.0,0.0,0.0,0.0,0.0,0.0,0.0,0.0,0.0,0.0,0.0,0.0,0.0,0.0,0.0,0.0,0.0,0.0,0.0,0.0,0.0,0.0,0.0,0.0,0.0,0.0,0.0,0.0,0.0,0.0,0.0,0.0,0.0,0.0,0.0,0.0,0.0,0.0,0.0,0.0,0.0,0.0,0.0,0.0,0.0,0.0
2017-06-01 02:16:00+02:00,0.0,0.0,0.0,0.0,0.0,0.0,0.0,0.0,0.0,0.0,0.0,0.0,0.0,0.0,0.0,0.0,0.0,0.0,0.0,0.0,0.0,0.0,0.0,0.0,0.0,0.0,0.0,0.0,0.0,0.0,0.0,0.0,0.0,0.0,0.0,0.0,0.0,0.0,0.0,0.0,0.0,0.0,0.0,0.0,0.0,0.0,0.0,0.0,0.0,0.0,0.0,0.0,0.0,0.0,0.0,0.0,0.0,0.0,0.0,0.0,0.0,0.0,0.0,0.0,0.0,0.0,0.0,0.0,0.0,0.0,0.0,0.0,0.0,0.0,0.0,0.0,0.0,0.0,0.0,0.0,0.0,0.0,0.0,0.0,0.0,0.0,0.0,0.0,0.0,0.0,0.0,0.0,0.0,0.0,0.0,0.0,0.0,0.0,0.0,0.0,0.0,0.0,0.0,0.0,0.0,0.0,0.0,0.0,0.0,0.0,0.0,0.0,0.0,0.0,0.0,0.0,0.0,0.0
2017-06-01 02:17:00+02:00,0.0,0.0,0.0,0.0,0.0,0.0,0.0,0.0,0.0,0.0,0.0,0.0,0.0,0.0,0.0,0.0,0.0,0.0,0.0,0.0,0.0,0.0,0.0,0.0,0.0,0.0,0.0,0.0,0.0,0.0,0.0,0.0,0.0,0.0,0.0,0.0,0.0,0.0,0.0,0.0,0.0,0.0,0.0,0.0,0.0,0.0,0.0,0.0,0.0,0.0,0.0,0.0,0.0,0.0,0.0,0.0,0.0,0.0,0.0,0.0,0.0,0.0,0.0,0.0,0.0,0.0,0.0,0.0,0.0,0.0,0.0,0.0,0.0,0.0,0.0,0.0,0.0,0.0,0.0,0.0,0.0,0.0,0.0,0.0,0.0,0.0,0.0,0.0,0.0,0.0,0.0,0.0,0.0,0.0,0.0,0.0,0.0,0.0,0.0,0.0,0.0,0.0,0.0,0.0,0.0,0.0,0.0,0.0,0.0,0.0,0.0,0.0,0.0,0.0,0.0,0.0,0.0,0.0
2017-06-01 02:18:00+02:00,0.0,0.0,0.0,0.0,0.0,0.0,0.0,0.0,0.0,0.0,0.0,0.0,0.0,0.0,0.0,0.0,0.0,0.0,0.0,0.0,0.0,0.0,0.0,0.0,0.0,0.0,0.0,0.0,0.0,0.0,0.0,0.0,0.0,0.0,0.0,0.0,0.0,0.0,0.0,0.0,0.0,0.0,0.0,0.0,0.0,0.0,0.0,0.0,0.0,0.0,0.0,0.0,0.0,0.0,0.0,0.0,0.0,0.0,0.0,0.0,0.0,0.0,0.0,0.0,0.0,0.0,0.0,0.0,0.0,0.0,0.0,0.0,0.0,0.0,0.0,0.0,0.0,0.0,0.0,0.0,0.0,0.0,0.0,0.0,0.0,0.0,0.0,0.0,0.0,0.0,0.0,0.0,0.0,0.0,0.0,0.0,0.0,0.0,0.0,0.0,0.0,0.0,0.0,0.0,0.0,0.0,0.0,0.0,0.0,0.0,0.0,0.0,0.0,0.0,0.0,0.0,0.0,0.0
2017-06-01 02:19:00+02:00,0.0,0.0,0.0,0.0,0.0,0.0,0.0,0.0,0.0,0.0,0.0,0.0,0.0,0.0,0.0,0.0,0.0,0.0,0.0,0.0,0.0,0.0,0.0,0.0,0.0,0.0,0.0,0.0,0.0,0.0,0.0,0.0,0.0,0.0,0.0,0.0,0.0,0.0,0.0,0.0,0.0,0.0,0.0,0.0,0.0,0.0,0.0,0.0,0.0,0.0,0.0,0.0,0.0,0.0,0.0,0.0,0.0,0.0,0.0,0.0,0.0,0.0,0.0,0.0,0.0,0.0,0.0,0.0,0.0,0.0,0.0,0.0,0.0,0.0,0.0,0.0,0.0,0.0,0.0,0.0,0.0,0.0,0.0,0.0,0.0,0.0,0.0,0.0,0.0,0.0,0.0,0.0,0.0,0.0,0.0,0.0,0.0,0.0,0.0,0.0,0.0,0.0,0.0,0.0,0.0,0.0,0.0,0.0,0.0,0.0,0.0,0.0,0.0,0.0,0.0,0.0,0.0,0.0
2017-06-01 02:20:00+02:00,0.0,0.0,0.0,0.0,0.0,0.0,0.0,0.0,0.0,0.0,0.0,0.0,0.0,0.0,0.0,0.0,0.0,0.0,0.0,0.0,0.0,0.0,0.0,0.0,0.0,0.0,0.0,0.0,0.0,0.0,0.0,0.0,0.0,0.0,0.0,0.0,0.0,0.0,0.0,0.0,0.0,0.0,0.0,0.0,0.0,0.0,0.0,0.0,0.0,0.0,0.0,0.0,0.0,0.0,0.0,0.0,0.0,0.0,0.0,0.0,0.0,0.0,0.0,0.0,0.0,0.0,0.0,0.0,0.0,0.0,0.0,0.0,0.0,0.0,0.0,0.0,0.0,0.0,0.0,0.0,0.0,0.0,0.0,0.0,0.0,0.0,0.0,0.0,0.0,0.0,0.0,0.0,0.0,0.0,0.0,0.0,0.0,0.0,0.0,0.0,0.0,0.0,0.0,0.0,0.0,0.0,0.0,0.0,0.0,0.0,0.0,0.0,0.0,0.0,0.0,0.0,0.0,0.0
2017-06-01 02:21:00+02:00,0.0,0.0,0.0,0.0,0.0,0.0,0.0,0.0,0.0,0.0,0.0,0.0,0.0,0.0,0.0,0.0,0.0,0.0,0.0,0.0,0.0,0.0,0.0,0.0,0.0,0.0,0.0,0.0,0.0,0.0,0.0,0.0,0.0,0.0,0.0,0.0,0.0,0.0,0.0,0.0,0.0,0.0,0.0,0.0,0.0,0.0,0.0,0.0,0.0,0.0,0.0,0.0,0.0,0.0,0.0,0.0,0.0,0.0,0.0,0.0,0.0,0.0,0.0,0.0,0.0,0.0,0.0,0.0,0.0,0.0,0.0,0.0,0.0,0.0,0.0,0.0,0.0,0.0,0.0,0.0,0.0,0.0,0.0,0.0,0.0,0.0,0.0,0.0,0.0,0.0,0.0,0.0,0.0,0.0,0.0,0.0,0.0,0.0,0.0,0.0,0.0,0.0,0.0,0.0,0.0,0.0,0.0,0.0,0.0,0.0,0.0,0.0,0.0,0.0,0.0,0.0,0.0,0.0
2017-06-01 02:22:00+02:00,0.0,0.0,0.0,0.0,0.0,0.0,0.0,0.0,0.0,0.0,0.0,0.0,0.0,0.0,0.0,0.0,0.0,0.0,0.0,0.0,0.0,0.0,0.0,0.0,0.0,0.0,0.0,0.0,0.0,0.0,0.0,0.0,0.0,0.0,0.0,0.0,0.0,0.0,0.0,0.0,0.0,0.0,0.0,0.0,0.0,0.0,0.0,0.0,0.0,0.0,0.0,0.0,0.0,0.0,0.0,0.0,0.0,0.0,0.0,0.0,0.0,0.0,0.0,0.0,0.0,0.0,0.0,0.0,0.0,0.0,0.0,0.0,0.0,0.0,0.0,0.0,0.0,0.0,0.0,0.0,0.0,0.0,0.0,0.0,0.0,0.0,0.0,0.0,0.0,0.0,0.0,0.0,0.0,0.0,0.0,0.0,0.0,0.0,0.0,0.0,0.0,0.0,0.0,0.0,0.0,0.0,0.0,0.0,0.0,0.0,0.0,0.0,0.0,0.0,0.0,0.0,0.0,0.0
2017-06-01 02:23:00+02:00,0.0,0.0,0.0,0.0,0.0,0.0,0.0,0.0,0.0,0.0,0.0,0.0,0.0,0.0,0.0,0.0,0.0,0.0,0.0,0.0,0.0,0.0,0.0,0.0,0.0,0.0,0.0,0.0,0.0,0.0,0.0,0.0,0.0,0.0,0.0,0.0,0.0,0.0,0.0,0.0,0.0,0.0,0.0,0.0,0.0,0.0,0.0,0.0,0.0,0.0,0.0,0.0,0.0,0.0,0.0,0.0,0.0,0.0,0.0,0.0,0.0,0.0,0.0,0.0,0.0,0.0,0.0,0.0,0.0,0.0,0.0,0.0,0.0,0.0,0.0,0.0,0.0,0.0,0.0,0.0,0.0,0.0,0.0,0.0,0.0,0.0,0.0,0.0,0.0,0.0,0.0,0.0,0.0,0.0,0.0,0.0,0.0,0.0,0.0,0.0,0.0,0.0,0.0,0.0,0.0,0.0,0.0,0.0,0.0,0.0,0.0,0.0,0.0,0.0,0.0,0.0,0.0,0.0
2017-06-01 02:24:00+02:00,0.0,0.0,0.0,0.0,0.0,0.0,0.0,0.0,0.0,0.0,0.0,0.0,0.0,0.0,0.0,0.0,0.0,0.0,0.0,0.0,0.0,0.0,0.0,0.0,0.0,0.0,0.0,0.0,0.0,0.0,0.0,0.0,0.0,0.0,0.0,0.0,0.0,0.0,0.0,0.0,0.0,0.0,0.0,0.0,0.0,0.0,0.0,0.0,0.0,0.0,0.0,0.0,0.0,0.0,0.0,0.0,0.0,0.0,0.0,0.0,0.0,0.0,0.0,0.0,0.0,0.0,0.0,0.0,0.0,0.0,0.0,0.0,0.0,0.0,0.0,0.0,0.0,0.0,0.0,0.0,0.0,0.0,0.0,0.0,0.0,0.0,0.0,0.0,0.0,0.0,0.0,0.0,0.0,0.0,0.0,0.0,0.0,0.0,0.0,0.0,0.0,0.0,0.0,0.0,0.0,0.0,0.0,0.0,0.0,0.0,0.0,0.0,0.0,0.0,0.0,0.0,0.0,0.0
2017-06-01 02:25:00+02:00,0.0,0.0,0.0,0.0,0.0,0.0,0.0,0.0,0.0,0.0,0.0,0.0,0.0,0.0,0.0,0.0,0.0,0.0,0.0,0.0,0.0,0.0,0.0,0.0,0.0,0.0,0.0,0.0,0.0,0.0,0.0,0.0,0.0,0.0,0.0,0.0,0.0,0.0,0.0,0.0,0.0,0.0,0.0,0.0,0.0,0.0,0.0,0.0,0.0,0.0,0.0,0.0,0.0,0.0,0.0,0.0,0.0,0.0,0.0,0.0,0.0,0.0,0.0,0.0,0.0,0.0,0.0,0.0,0.0,0.0,0.0,0.0,0.0,0.0,0.0,0.0,0.0,0.0,0.0,0.0,0.0,0.0,0.0,0.0,0.0,0.0,0.0,0.0,0.0,0.0,0.0,0.0,0.0,0.0,0.0,0.0,0.0,0.0,0.0,0.0,0.0,0.0,0.0,0.0,0.0,0.0,0.0,0.0,0.0,0.0,0.0,0.0,0.0,0.0,0.0,0.0,0.0,0.0
2017-06-01 02:26:00+02:00,0.0,0.0,0.0,0.0,0.0,0.0,0.0,0.0,0.0,0.0,0.0,0.0,0.0,0.0,0.0,0.0,0.0,0.0,0.0,0.0,0.0,0.0,0.0,0.0,0.0,0.0,0.0,0.0,0.0,0.0,0.0,0.0,0.0,0.0,0.0,0.0,0.0,0.0,0.0,0.0,0.0,0.0,0.0,0.0,0.0,0.0,0.0,0.0,0.0,0.0,0.0,0.0,0.0,0.0,0.0,0.0,0.0,0.0,0.0,0.0,0.0,0.0,0.0,0.0,0.0,0.0,0.0,0.0,0.0,0.0,0.0,0.0,0.0,0.0,0.0,0.0,0.0,0.0,0.0,0.0,0.0,0.0,0.0,0.0,0.0,0.0,0.0,0.0,0.0,0.0,0.0,0.0,0.0,0.0,0.0,0.0,0.0,0.0,0.0,0.0,0.0,0.0,0.0,0.0,0.0,0.0,0.0,0.0,0.0,0.0,0.0,0.0,0.0,0.0,0.0,0.0,0.0,0.0
2017-06-01 02:27:00+02:00,0.0,0.0,0.0,0.0,0.0,0.0,0.0,0.0,0.0,0.0,0.0,0.0,0.0,0.0,0.0,0.0,0.0,0.0,0.0,0.0,0.0,0.0,0.0,0.0,0.0,0.0,0.0,0.0,0.0,0.0,0.0,0.0,0.0,0.0,0.0,0.0,0.0,0.0,0.0,0.0,0.0,0.0,0.0,0.0,0.0,0.0,0.0,0.0,0.0,0.0,0.0,0.0,0.0,0.0,0.0,0.0,0.0,0.0,0.0,0.0,0.0,0.0,0.0,0.0,0.0,0.0,0.0,0.0,0.0,0.0,0.0,0.0,0.0,0.0,0.0,0.0,0.0,0.0,0.0,0.0,0.0,0.0,0.0,0.0,0.0,0.0,0.0,0.0,0.0,0.0,0.0,0.0,0.0,0.0,0.0,0.0,0.0,0.0,0.0,0.0,0.0,0.0,0.0,0.0,0.0,0.0,0.0,0.0,0.0,0.0,0.0,0.0,0.0,0.0,0.0,0.0,0.0,0.0
2017-06-01 02:28:00+02:00,0.0,0.0,0.0,0.0,0.0,0.0,0.0,0.0,0.0,0.0,0.0,0.0,0.0,0.0,0.0,0.0,0.0,0.0,0.0,0.0,0.0,0.0,0.0,0.0,0.0,0.0,0.0,0.0,0.0,0.0,0.0,0.0,0.0,0.0,0.0,0.0,0.0,0.0,0.0,0.0,0.0,0.0,0.0,0.0,0.0,0.0,0.0,0.0,0.0,0.0,0.0,0.0,0.0,0.0,0.0,0.0,0.0,0.0,0.0,0.0,0.0,0.0,0.0,0.0,0.0,0.0,0.0,0.0,0.0,0.0,0.0,0.0,0.0,0.0,0.0,0.0,0.0,0.0,0.0,0.0,0.0,0.0,0.0,0.0,0.0,0.0,0.0,0.0,0.0,0.0,0.0,0.0,0.0,0.0,0.0,0.0,0.0,0.0,0.0,0.0,0.0,0.0,0.0,0.0,0.0,0.0,0.0,0.0,0.0,0.0,0.0,0.0,0.0,0.0,0.0,0.0,0.0,0.0
2017-06-01 02:29:00+02:00,0.0,0.0,0.0,0.0,0.0,0.0,0.0,0.0,0.0,0.0,0.0,0.0,0.0,0.0,0.0,0.0,0.0,0.0,0.0,0.0,0.0,0.0,0.0,0.0,0.0,0.0,0.0,0.0,0.0,0.0,0.0,0.0,0.0,0.0,0.0,0.0,0.0,0.0,0.0,0.0,0.0,0.0,0.0,0.0,0.0,0.0,0.0,0.0,0.0,0.0,0.0,0.0,0.0,0.0,0.0,0.0,0.0,0.0,0.0,0.0,0.0,0.0,0.0,0.0,0.0,0.0,0.0,0.0,0.0,0.0,0.0,0.0,0.0,0.0,0.0,0.0,0.0,0.0,0.0,0.0,0.0,0.0,0.0,0.0,0.0,0.0,0.0,0.0,0.0,0.0,0.0,0.0,0.0,0.0,0.0,0.0,0.0,0.0,0.0,0.0,0.0,0.0,0.0,0.0,0.0,0.0,0.0,0.0,0.0,0.0,0.0,0.0,0.0,0.0,0.0,0.0,0.0,0.0
2017-06-01 02:30:00+02:00,0.0,0.0,0.0,0.0,0.0,0.0,0.0,0.0,0.0,0.0,0.0,0.0,0.0,0.0,0.0,0.0,0.0,0.0,0.0,0.0,0.0,0.0,0.0,0.0,0.0,0.0,0.0,0.0,0.0,0.0,0.0,0.0,0.0,0.0,0.0,0.0,0.0,0.0,0.0,0.0,0.0,0.0,0.0,0.0,0.0,0.0,0.0,0.0,0.0,0.0,0.0,0.0,0.0,0.0,0.0,0.0,0.0,0.0,0.0,0.0,0.0,0.0,0.0,0.0,0.0,0.0,0.0,0.0,0.0,0.0,0.0,0.0,0.0,0.0,0.0,0.0,0.0,0.0,0.0,0.0,0.0,0.0,0.0,0.0,0.0,0.0,0.0,0.0,0.0,0.0,0.0,0.0,0.0,0.0,0.0,0.0,0.0,0.0,0.0,0.0,0.0,0.0,0.0,0.0,0.0,0.0,0.0,0.0,0.0,0.0,0.0,0.0,0.0,0.0,0.0,0.0,0.0,0.0
2017-06-01 02:31:00+02:00,0.0,0.0,0.0,0.0,0.0,0.0,0.0,0.0,0.0,0.0,0.0,0.0,0.0,0.0,0.0,0.0,0.0,0.0,0.0,0.0,0.0,0.0,0.0,0.0,0.0,0.0,0.0,0.0,0.0,0.0,0.0,0.0,0.0,0.0,0.0,0.0,0.0,0.0,0.0,0.0,0.0,0.0,0.0,0.0,0.0,0.0,0.0,0.0,0.0,0.0,0.0,0.0,0.0,0.0,0.0,0.0,0.0,0.0,0.0,0.0,0.0,0.0,0.0,0.0,0.0,0.0,0.0,0.0,0.0,0.0,0.0,0.0,0.0,0.0,0.0,0.0,0.0,0.0,0.0,0.0,0.0,0.0,0.0,0.0,0.0,0.0,0.0,0.0,0.0,0.0,0.0,0.0,0.0,0.0,0.0,0.0,0.0,0.0,0.0,0.0,0.0,0.0,0.0,0.0,0.0,0.0,0.0,0.0,0.0,0.0,0.0,0.0,0.0,0.0,0.0,0.0,0.0,0.0
2017-06-01 02:32:00+02:00,0.0,0.0,0.0,0.0,0.0,0.0,0.0,0.0,0.0,0.0,0.0,0.0,0.0,0.0,0.0,0.0,0.0,0.0,0.0,0.0,0.0,0.0,0.0,0.0,0.0,0.0,0.0,0.0,0.0,0.0,0.0,0.0,0.0,0.0,0.0,0.0,0.0,0.0,0.0,0.0,0.0,0.0,0.0,0.0,0.0,0.0,0.0,0.0,0.0,0.0,0.0,0.0,0.0,0.0,0.0,0.0,0.0,0.0,0.0,0.0,0.0,0.0,0.0,0.0,0.0,0.0,0.0,0.0,0.0,0.0,0.0,0.0,0.0,0.0,0.0,0.0,0.0,0.0,0.0,0.0,0.0,0.0,0.0,0.0,0.0,0.0,0.0,0.0,0.0,0.0,0.0,0.0,0.0,0.0,0.0,0.0,0.0,0.0,0.0,0.0,0.0,0.0,0.0,0.0,0.0,0.0,0.0,0.0,0.0,0.0,0.0,0.0,0.0,0.0,0.0,0.0,0.0,0.0
2017-06-01 02:33:00+02:00,0.0,0.0,0.0,0.0,0.0,0.0,0.0,0.0,0.0,0.0,0.0,0.0,0.0,0.0,0.0,0.0,0.0,0.0,0.0,0.0,0.0,0.0,0.0,0.0,0.0,0.0,0.0,0.0,0.0,0.0,0.0,0.0,0.0,0.0,0.0,0.0,0.0,0.0,0.0,0.0,0.0,0.0,0.0,0.0,0.0,0.0,0.0,0.0,0.0,0.0,0.0,0.0,0.0,0.0,0.0,0.0,0.0,0.0,0.0,0.0,0.0,0.0,0.0,0.0,0.0,0.0,0.0,0.0,0.0,0.0,0.0,0.0,0.0,0.0,0.0,0.0,0.0,0.0,0.0,0.0,0.0,0.0,0.0,0.0,0.0,0.0,0.0,0.0,0.0,0.0,0.0,0.0,0.0,0.0,0.0,0.0,0.0,0.0,0.0,0.0,0.0,0.0,0.0,0.0,0.0,0.0,0.0,0.0,0.0,0.0,0.0,0.0,0.0,0.0,0.0,0.0,0.0,0.0
2017-06-01 02:34:00+02:00,0.0,0.0,0.0,0.0,0.0,0.0,0.0,0.0,0.0,0.0,0.0,0.0,0.0,0.0,0.0,0.0,0.0,0.0,0.0,0.0,0.0,0.0,0.0,0.0,0.0,0.0,0.0,0.0,0.0,0.0,0.0,0.0,0.0,0.0,0.0,0.0,0.0,0.0,0.0,0.0,0.0,0.0,0.0,0.0,0.0,0.0,0.0,0.0,0.0,0.0,0.0,0.0,0.0,0.0,0.0,0.0,0.0,0.0,0.0,0.0,0.0,0.0,0.0,0.0,0.0,0.0,0.0,0.0,0.0,0.0,0.0,0.0,0.0,0.0,0.0,0.0,0.0,0.0,0.0,0.0,0.0,0.0,0.0,0.0,0.0,0.0,0.0,0.0,0.0,0.0,0.0,0.0,0.0,0.0,0.0,0.0,0.0,0.0,0.0,0.0,0.0,0.0,0.0,0.0,0.0,0.0,0.0,0.0,0.0,0.0,0.0,0.0,0.0,0.0,0.0,0.0,0.0,0.0
2017-06-01 02:35:00+02:00,0.0,0.0,0.0,0.0,0.0,0.0,0.0,0.0,0.0,0.0,0.0,0.0,0.0,0.0,0.0,0.0,0.0,0.0,0.0,0.0,0.0,0.0,0.0,0.0,0.0,0.0,0.0,0.0,0.0,0.0,0.0,0.0,0.0,0.0,0.0,0.0,0.0,0.0,0.0,0.0,0.0,0.0,0.0,0.0,0.0,0.0,0.0,0.0,0.0,0.0,0.0,0.0,0.0,0.0,0.0,0.0,0.0,0.0,0.0,0.0,0.0,0.0,0.0,0.0,0.0,0.0,0.0,0.0,0.0,0.0,0.0,0.0,0.0,0.0,0.0,0.0,0.0,0.0,0.0,0.0,0.0,0.0,0.0,0.0,0.0,0.0,0.0,0.0,0.0,0.0,0.0,0.0,0.0,0.0,0.0,0.0,0.0,0.0,0.0,0.0,0.0,0.0,0.0,0.0,0.0,0.0,0.0,0.0,0.0,0.0,0.0,0.0,0.0,0.0,0.0,0.0,0.0,0.0
2017-06-01 02:36:00+02:00,0.0,0.0,0.0,0.0,0.0,0.0,0.0,0.0,0.0,0.0,0.0,0.0,0.0,0.0,0.0,0.0,0.0,0.0,0.0,0.0,0.0,0.0,0.0,0.0,0.0,0.0,0.0,0.0,0.0,0.0,0.0,0.0,0.0,0.0,0.0,0.0,0.0,0.0,0.0,0.0,0.0,0.0,0.0,0.0,0.0,0.0,0.0,0.0,0.0,0.0,0.0,0.0,0.0,0.0,0.0,0.0,0.0,0.0,0.0,0.0,0.0,0.0,0.0,0.0,0.0,0.0,0.0,0.0,0.0,0.0,0.0,0.0,0.0,0.0,0.0,0.0,0.0,0.0,0.0,0.0,0.0,0.0,0.0,0.0,0.0,0.0,0.0,0.0,0.0,0.0,0.0,0.0,0.0,0.0,0.0,0.0,0.0,0.0,0.0,0.0,0.0,0.0,0.0,0.0,0.0,0.0,0.0,0.0,0.0,0.0,0.0,0.0,0.0,0.0,0.0,0.0,0.0,0.0
2017-06-01 02:37:00+02:00,0.0,0.0,0.0,0.0,0.0,0.0,0.0,0.0,0.0,0.0,0.0,0.0,0.0,0.0,0.0,0.0,0.0,0.0,0.0,0.0,0.0,0.0,0.0,0.0,0.0,0.0,0.0,0.0,0.0,0.0,0.0,0.0,0.0,0.0,0.0,0.0,0.0,0.0,0.0,0.0,0.0,0.0,0.0,0.0,0.0,0.0,0.0,0.0,0.0,0.0,0.0,0.0,0.0,0.0,0.0,0.0,0.0,0.0,0.0,0.0,0.0,0.0,0.0,0.0,0.0,0.0,0.0,0.0,0.0,0.0,0.0,0.0,0.0,0.0,0.0,0.0,0.0,0.0,0.0,0.0,0.0,0.0,0.0,0.0,0.0,0.0,0.0,0.0,0.0,0.0,0.0,0.0,0.0,0.0,0.0,0.0,0.0,0.0,0.0,0.0,0.0,0.0,0.0,0.0,0.0,0.0,0.0,0.0,0.0,0.0,0.0,0.0,0.0,0.0,0.0,0.0,0.0,0.0
2017-06-01 02:38:00+02:00,0.0,0.0,0.0,0.0,0.0,0.0,0.0,0.0,0.0,0.0,0.0,0.0,0.0,0.0,0.0,0.0,0.0,0.0,0.0,0.0,0.0,0.0,0.0,0.0,0.0,0.0,0.0,0.0,0.0,0.0,0.0,0.0,0.0,0.0,0.0,0.0,0.0,0.0,0.0,0.0,0.0,0.0,0.0,0.0,0.0,0.0,0.0,0.0,0.0,0.0,0.0,0.0,0.0,0.0,0.0,0.0,0.0,0.0,0.0,0.0,0.0,0.0,0.0,0.0,0.0,0.0,0.0,0.0,0.0,0.0,0.0,0.0,0.0,0.0,0.0,0.0,0.0,0.0,0.0,0.0,0.0,0.0,0.0,0.0,0.0,0.0,0.0,0.0,0.0,0.0,0.0,0.0,0.0,0.0,0.0,0.0,0.0,0.0,0.0,0.0,0.0,0.0,0.0,0.0,0.0,0.0,0.0,0.0,0.0,0.0,0.0,0.0,0.0,0.0,0.0,0.0,0.0,0.0
2017-06-01 02:39:00+02:00,0.0,0.0,0.0,0.0,0.0,0.0,0.0,0.0,0.0,0.0,0.0,0.0,0.0,0.0,0.0,0.0,0.0,0.0,0.0,0.0,0.0,0.0,0.0,0.0,0.0,0.0,0.0,0.0,0.0,0.0,0.0,0.0,0.0,0.0,0.0,0.0,0.0,0.0,0.0,0.0,0.0,0.0,0.0,0.0,0.0,0.0,0.0,0.0,0.0,0.0,0.0,0.0,0.0,0.0,0.0,0.0,0.0,0.0,0.0,0.0,0.0,0.0,0.0,0.0,0.0,0.0,0.0,0.0,0.0,0.0,0.0,0.0,0.0,0.0,0.0,0.0,0.0,0.0,0.0,0.0,0.0,0.0,0.0,0.0,0.0,0.0,0.0,0.0,0.0,0.0,0.0,0.0,0.0,0.0,0.0,0.0,0.0,0.0,0.0,0.0,0.0,0.0,0.0,0.0,0.0,0.0,0.0,0.0,0.0,0.0,0.0,0.0,0.0,0.0,0.0,0.0,0.0,0.0
2017-06-01 02:40:00+02:00,0.0,0.0,0.0,0.0,0.0,0.0,0.0,0.0,0.0,0.0,0.0,0.0,0.0,0.0,0.0,0.0,0.0,0.0,0.0,0.0,0.0,0.0,0.0,0.0,0.0,0.0,0.0,0.0,0.0,0.0,0.0,0.0,0.0,0.0,0.0,0.0,0.0,0.0,0.0,0.0,0.0,0.0,0.0,0.0,0.0,0.0,0.0,0.0,0.0,0.0,0.0,0.0,0.0,0.0,0.0,0.0,0.0,0.0,0.0,0.0,0.0,0.0,0.0,0.0,0.0,0.0,0.0,0.0,0.0,0.0,0.0,0.0,0.0,0.0,0.0,0.0,0.0,0.0,0.0,0.0,0.0,0.0,0.0,0.0,0.0,0.0,0.0,0.0,0.0,0.0,0.0,0.0,0.0,0.0,0.0,0.0,0.0,0.0,0.0,0.0,0.0,0.0,0.0,0.0,0.0,0.0,0.0,0.0,0.0,0.0,0.0,0.0,0.0,0.0,0.0,0.0,0.0,0.0
2017-06-01 02:41:00+02:00,0.0,0.0,0.0,0.0,0.0,0.0,0.0,0.0,0.0,0.0,0.0,0.0,0.0,0.0,0.0,0.0,0.0,0.0,0.0,0.0,0.0,0.0,0.0,0.0,0.0,0.0,0.0,0.0,0.0,0.0,0.0,0.0,0.0,0.0,0.0,0.0,0.0,0.0,0.0,0.0,0.0,0.0,0.0,0.0,0.0,0.0,0.0,0.0,0.0,0.0,0.0,0.0,0.0,0.0,0.0,0.0,0.0,0.0,0.0,0.0,0.0,0.0,0.0,0.0,0.0,0.0,0.0,0.0,0.0,0.0,0.0,0.0,0.0,0.0,0.0,0.0,0.0,0.0,0.0,0.0,0.0,0.0,0.0,0.0,0.0,0.0,0.0,0.0,0.0,0.0,0.0,0.0,0.0,0.0,0.0,0.0,0.0,0.0,0.0,0.0,0.0,0.0,0.0,0.0,0.0,0.0,0.0,0.0,0.0,0.0,0.0,0.0,0.0,0.0,0.0,0.0,0.0,0.0
2017-06-01 02:42:00+02:00,0.0,0.0,0.0,0.0,0.0,0.0,0.0,0.0,0.0,0.0,0.0,0.0,0.0,0.0,0.0,0.0,0.0,0.0,0.0,0.0,0.0,0.0,0.0,0.0,0.0,0.0,0.0,0.0,0.0,0.0,0.0,0.0,0.0,0.0,0.0,0.0,0.0,0.0,0.0,0.0,0.0,0.0,0.0,0.0,0.0,0.0,0.0,0.0,0.0,0.0,0.0,0.0,0.0,0.0,0.0,0.0,0.0,0.0,0.0,0.0,0.0,0.0,0.0,0.0,0.0,0.0,0.0,0.0,0.0,0.0,0.0,0.0,0.0,0.0,0.0,0.0,0.0,0.0,0.0,0.0,0.0,0.0,0.0,0.0,0.0,0.0,0.0,0.0,0.0,0.0,0.0,0.0,0.0,0.0,0.0,0.0,0.0,0.0,0.0,0.0,0.0,0.0,0.0,0.0,0.0,0.0,0.0,0.0,0.0,0.0,0.0,0.0,0.0,0.0,0.0,0.0,0.0,0.0
2017-06-01 02:43:00+02:00,0.0,0.0,0.0,0.0,0.0,0.0,0.0,0.0,0.0,0.0,0.0,0.0,0.0,0.0,0.0,0.0,0.0,0.0,0.0,0.0,0.0,0.0,0.0,0.0,0.0,0.0,0.0,0.0,0.0,0.0,0.0,0.0,0.0,0.0,0.0,0.0,0.0,0.0,0.0,0.0,0.0,0.0,0.0,0.0,0.0,0.0,0.0,0.0,0.0,0.0,0.0,0.0,0.0,0.0,0.0,0.0,0.0,0.0,0.0,0.0,0.0,0.0,0.0,0.0,0.0,0.0,0.0,0.0,0.0,0.0,0.0,0.0,0.0,0.0,0.0,0.0,0.0,0.0,0.0,0.0,0.0,0.0,0.0,0.0,0.0,0.0,0.0,0.0,0.0,0.0,0.0,0.0,0.0,0.0,0.0,0.0,0.0,0.0,0.0,0.0,0.0,0.0,0.0,0.0,0.0,0.0,0.0,0.0,0.0,0.0,0.0,0.0,0.0,0.0,0.0,0.0,0.0,0.0
2017-06-01 02:44:00+02:00,0.0,0.0,0.0,0.0,0.0,0.0,0.0,0.0,0.0,0.0,0.0,0.0,0.0,0.0,0.0,0.0,0.0,0.0,0.0,0.0,0.0,0.0,0.0,0.0,0.0,0.0,0.0,0.0,0.0,0.0,0.0,0.0,0.0,0.0,0.0,0.0,0.0,0.0,0.0,0.0,0.0,0.0,0.0,0.0,0.0,0.0,0.0,0.0,0.0,0.0,0.0,0.0,0.0,0.0,0.0,0.0,0.0,0.0,0.0,0.0,0.0,0.0,0.0,0.0,0.0,0.0,0.0,0.0,0.0,0.0,0.0,0.0,0.0,0.0,0.0,0.0,0.0,0.0,0.0,0.0,0.0,0.0,0.0,0.0,0.0,0.0,0.0,0.0,0.0,0.0,0.0,0.0,0.0,0.0,0.0,0.0,0.0,0.0,0.0,0.0,0.0,0.0,0.0,0.0,0.0,0.0,0.0,0.0,0.0,0.0,0.0,0.0,0.0,0.0,0.0,0.0,0.0,0.0
2017-06-01 02:45:00+02:00,0.0,0.0,0.0,0.0,0.0,0.0,0.0,0.0,0.0,0.0,0.0,0.0,0.0,0.0,0.0,0.0,0.0,0.0,0.0,0.0,0.0,0.0,0.0,0.0,0.0,0.0,0.0,0.0,0.0,0.0,0.0,0.0,0.0,0.0,0.0,0.0,0.0,0.0,0.0,0.0,0.0,0.0,0.0,0.0,0.0,0.0,0.0,0.0,0.0,0.0,0.0,0.0,0.0,0.0,0.0,0.0,0.0,0.0,0.0,0.0,0.0,0.0,0.0,0.0,0.0,0.0,0.0,0.0,0.0,0.0,0.0,0.0,0.0,0.0,0.0,0.0,0.0,0.0,0.0,0.0,0.0,0.0,0.0,0.0,0.0,0.0,0.0,0.0,0.0,0.0,0.0,0.0,0.0,0.0,0.0,0.0,0.0,0.0,0.0,0.0,0.0,0.0,0.0,0.0,0.0,0.0,0.0,0.0,0.0,0.0,0.0,0.0,0.0,0.0,0.0,0.0,0.0,0.0
2017-06-01 02:46:00+02:00,0.0,0.0,0.0,0.0,0.0,0.0,0.0,0.0,0.0,0.0,0.0,0.0,0.0,0.0,0.0,0.0,0.0,0.0,0.0,0.0,0.0,0.0,0.0,0.0,0.0,0.0,0.0,0.0,0.0,0.0,0.0,0.0,0.0,0.0,0.0,0.0,0.0,0.0,0.0,0.0,0.0,0.0,0.0,0.0,0.0,0.0,0.0,0.0,0.0,0.0,0.0,0.0,0.0,0.0,0.0,0.0,0.0,0.0,0.0,0.0,0.0,0.0,0.0,0.0,0.0,0.0,0.0,0.0,0.0,0.0,0.0,0.0,0.0,0.0,0.0,0.0,0.0,0.0,0.0,0.0,0.0,0.0,0.0,0.0,0.0,0.0,0.0,0.0,0.0,0.0,0.0,0.0,0.0,0.0,0.0,0.0,0.0,0.0,0.0,0.0,0.0,0.0,0.0,0.0,0.0,0.0,0.0,0.0,0.0,0.0,0.0,0.0,0.0,0.0,0.0,0.0,0.0,0.0
2017-06-01 02:47:00+02:00,0.0,0.0,0.0,0.0,0.0,0.0,0.0,0.0,0.0,0.0,0.0,0.0,0.0,0.0,0.0,0.0,0.0,0.0,0.0,0.0,0.0,0.0,0.0,0.0,0.0,0.0,0.0,0.0,0.0,0.0,0.0,0.0,0.0,0.0,0.0,0.0,0.0,0.0,0.0,0.0,0.0,0.0,0.0,0.0,0.0,0.0,0.0,0.0,0.0,0.0,0.0,0.0,0.0,0.0,0.0,0.0,0.0,0.0,0.0,0.0,0.0,0.0,0.0,0.0,0.0,0.0,0.0,0.0,0.0,0.0,0.0,0.0,0.0,0.0,0.0,0.0,0.0,0.0,0.0,0.0,0.0,0.0,0.0,0.0,0.0,0.0,0.0,0.0,0.0,0.0,0.0,0.0,0.0,0.0,0.0,0.0,0.0,0.0,0.0,0.0,0.0,0.0,0.0,0.0,0.0,0.0,0.0,0.0,0.0,0.0,0.0,0.0,0.0,0.0,0.0,0.0,0.0,0.0
2017-06-01 02:48:00+02:00,0.0,0.0,0.0,0.0,0.0,0.0,0.0,0.0,0.0,0.0,0.0,0.0,0.0,0.0,0.0,0.0,0.0,0.0,0.0,0.0,0.0,0.0,0.0,0.0,0.0,0.0,0.0,0.0,0.0,0.0,0.0,0.0,0.0,0.0,0.0,0.0,0.0,0.0,0.0,0.0,0.0,0.0,0.0,0.0,0.0,0.0,0.0,0.0,0.0,0.0,0.0,0.0,0.0,0.0,0.0,0.0,0.0,0.0,0.0,0.0,0.0,0.0,0.0,0.0,0.0,0.0,0.0,0.0,0.0,0.0,0.0,0.0,0.0,0.0,0.0,0.0,0.0,0.0,0.0,0.0,0.0,0.0,0.0,0.0,0.0,0.0,0.0,0.0,0.0,0.0,0.0,0.0,0.0,0.0,0.0,0.0,0.0,0.0,0.0,0.0,0.0,0.0,0.0,0.0,0.0,0.0,0.0,0.0,0.0,0.0,0.0,0.0,0.0,0.0,0.0,0.0,0.0,0.0
2017-06-01 02:49:00+02:00,0.0,0.0,0.0,0.0,0.0,0.0,0.0,0.0,0.0,0.0,0.0,0.0,0.0,0.0,0.0,0.0,0.0,0.0,0.0,0.0,0.0,0.0,0.0,0.0,0.0,0.0,0.0,0.0,0.0,0.0,0.0,0.0,0.0,0.0,0.0,0.0,0.0,0.0,0.0,0.0,0.0,0.0,0.0,0.0,0.0,0.0,0.0,0.0,0.0,0.0,0.0,0.0,0.0,0.0,0.0,0.0,0.0,0.0,0.0,0.0,0.0,0.0,0.0,0.0,0.0,0.0,0.0,0.0,0.0,0.0,0.0,0.0,0.0,0.0,0.0,0.0,0.0,0.0,0.0,0.0,0.0,0.0,0.0,0.0,0.0,0.0,0.0,0.0,0.0,0.0,0.0,0.0,0.0,0.0,0.0,0.0,0.0,0.0,0.0,0.0,0.0,0.0,0.0,0.0,0.0,0.0,0.0,0.0,0.0,0.0,0.0,0.0,0.0,0.0,0.0,0.0,0.0,0.0
2017-06-01 02:50:00+02:00,0.0,0.0,0.0,0.0,0.0,0.0,0.0,0.0,0.0,0.0,0.0,0.0,0.0,0.0,0.0,0.0,0.0,0.0,0.0,0.0,0.0,0.0,0.0,0.0,0.0,0.0,0.0,0.0,0.0,0.0,0.0,0.0,0.0,0.0,0.0,0.0,0.0,0.0,0.0,0.0,0.0,0.0,0.0,0.0,0.0,0.0,0.0,0.0,0.0,0.0,0.0,0.0,0.0,0.0,0.0,0.0,0.0,0.0,0.0,0.0,0.0,0.0,0.0,0.0,0.0,0.0,0.0,0.0,0.0,0.0,0.0,0.0,0.0,0.0,0.0,0.0,0.0,0.0,0.0,0.0,0.0,0.0,0.0,0.0,0.0,0.0,0.0,0.0,0.0,0.0,0.0,0.0,0.0,0.0,0.0,0.0,0.0,0.0,0.0,0.0,0.0,0.0,0.0,0.0,0.0,0.0,0.0,0.0,0.0,0.0,0.0,0.0,0.0,0.0,0.0,0.0,0.0,0.0
2017-06-01 02:51:00+02:00,0.0,0.0,0.0,0.0,0.0,0.0,0.0,0.0,0.0,0.0,0.0,0.0,0.0,0.0,0.0,0.0,0.0,0.0,0.0,0.0,0.0,0.0,0.0,0.0,0.0,0.0,0.0,0.0,0.0,0.0,0.0,0.0,0.0,0.0,0.0,0.0,0.0,0.0,0.0,0.0,0.0,0.0,0.0,0.0,0.0,0.0,0.0,0.0,0.0,0.0,0.0,0.0,0.0,0.0,0.0,0.0,0.0,0.0,0.0,0.0,0.0,0.0,0.0,0.0,0.0,0.0,0.0,0.0,0.0,0.0,0.0,0.0,0.0,0.0,0.0,0.0,0.0,0.0,0.0,0.0,0.0,0.0,0.0,0.0,0.0,0.0,0.0,0.0,0.0,0.0,0.0,0.0,0.0,0.0,0.0,0.0,0.0,0.0,0.0,0.0,0.0,0.0,0.0,0.0,0.0,0.0,0.0,0.0,0.0,0.0,0.0,0.0,0.0,0.0,0.0,0.0,0.0,0.0
2017-06-01 02:52:00+02:00,0.0,0.0,0.0,0.0,0.0,0.0,0.0,0.0,0.0,0.0,0.0,0.0,0.0,0.0,0.0,0.0,0.0,0.0,0.0,0.0,0.0,0.0,0.0,0.0,0.0,0.0,0.0,0.0,0.0,0.0,0.0,0.0,0.0,0.0,0.0,0.0,0.0,0.0,0.0,0.0,0.0,0.0,0.0,0.0,0.0,0.0,0.0,0.0,0.0,0.0,0.0,0.0,0.0,0.0,0.0,0.0,0.0,0.0,0.0,0.0,0.0,0.0,0.0,0.0,0.0,0.0,0.0,0.0,0.0,0.0,0.0,0.0,0.0,0.0,0.0,0.0,0.0,0.0,0.0,0.0,0.0,0.0,0.0,0.0,0.0,0.0,0.0,0.0,0.0,0.0,0.0,0.0,0.0,0.0,0.0,0.0,0.0,0.0,0.0,0.0,0.0,0.0,0.0,0.0,0.0,0.0,0.0,0.0,0.0,0.0,0.0,0.0,0.0,0.0,0.0,0.0,0.0,0.0
2017-06-01 02:53:00+02:00,0.0,0.0,0.0,0.0,0.0,0.0,0.0,0.0,0.0,0.0,0.0,0.0,0.0,0.0,0.0,0.0,0.0,0.0,0.0,0.0,0.0,0.0,0.0,0.0,0.0,0.0,0.0,0.0,0.0,0.0,0.0,0.0,0.0,0.0,0.0,0.0,0.0,0.0,0.0,0.0,0.0,0.0,0.0,0.0,0.0,0.0,0.0,0.0,0.0,0.0,0.0,0.0,0.0,0.0,0.0,0.0,0.0,0.0,0.0,0.0,0.0,0.0,0.0,0.0,0.0,0.0,0.0,0.0,0.0,0.0,0.0,0.0,0.0,0.0,0.0,0.0,0.0,0.0,0.0,0.0,0.0,0.0,0.0,0.0,0.0,0.0,0.0,0.0,0.0,0.0,0.0,0.0,0.0,0.0,0.0,0.0,0.0,0.0,0.0,0.0,0.0,0.0,0.0,0.0,0.0,0.0,0.0,0.0,0.0,0.0,0.0,0.0,0.0,0.0,0.0,0.0,0.0,0.0
2017-06-01 02:54:00+02:00,0.0,0.0,0.0,0.0,0.0,0.0,0.0,0.0,0.0,0.0,0.0,0.0,0.0,0.0,0.0,0.0,0.0,0.0,0.0,0.0,0.0,0.0,0.0,0.0,0.0,0.0,0.0,0.0,0.0,0.0,0.0,0.0,0.0,0.0,0.0,0.0,0.0,0.0,0.0,0.0,0.0,0.0,0.0,0.0,0.0,0.0,0.0,0.0,0.0,0.0,0.0,0.0,0.0,0.0,0.0,0.0,0.0,0.0,0.0,0.0,0.0,0.0,0.0,0.0,0.0,0.0,0.0,0.0,0.0,0.0,0.0,0.0,0.0,0.0,0.0,0.0,0.0,0.0,0.0,0.0,0.0,0.0,0.0,0.0,0.0,0.0,0.0,0.0,0.0,0.0,0.0,0.0,0.0,0.0,0.0,0.0,0.0,0.0,0.0,0.0,0.0,0.0,0.0,0.0,0.0,0.0,0.0,0.0,0.0,0.0,0.0,0.0,0.0,0.0,0.0,0.0,0.0,0.0
2017-06-01 02:55:00+02:00,0.0,0.0,0.0,0.0,0.0,0.0,0.0,0.0,0.0,0.0,0.0,0.0,0.0,0.0,0.0,0.0,0.0,0.0,0.0,0.0,0.0,0.0,0.0,0.0,0.0,0.0,0.0,0.0,0.0,0.0,0.0,0.0,0.0,0.0,0.0,0.0,0.0,0.0,0.0,0.0,0.0,0.0,0.0,0.0,0.0,0.0,0.0,0.0,0.0,0.0,0.0,0.0,0.0,0.0,0.0,0.0,0.0,0.0,0.0,0.0,0.0,0.0,0.0,0.0,0.0,0.0,0.0,0.0,0.0,0.0,0.0,0.0,0.0,0.0,0.0,0.0,0.0,0.0,0.0,0.0,0.0,0.0,0.0,0.0,0.0,0.0,0.0,0.0,0.0,0.0,0.0,0.0,0.0,0.0,0.0,0.0,0.0,0.0,0.0,0.0,0.0,0.0,0.0,0.0,0.0,0.0,0.0,0.0,0.0,0.0,0.0,0.0,0.0,0.0,0.0,0.0,0.0,0.0
2017-06-01 02:56:00+02:00,0.0,0.0,0.0,0.0,0.0,0.0,0.0,0.0,0.0,0.0,0.0,0.0,0.0,0.0,0.0,0.0,0.0,0.0,0.0,0.0,0.0,0.0,0.0,0.0,0.0,0.0,0.0,0.0,0.0,0.0,0.0,0.0,0.0,0.0,0.0,0.0,0.0,0.0,0.0,0.0,0.0,0.0,0.0,0.0,0.0,0.0,0.0,0.0,0.0,0.0,0.0,0.0,0.0,0.0,0.0,0.0,0.0,0.0,0.0,0.0,0.0,0.0,0.0,0.0,0.0,0.0,0.0,0.0,0.0,0.0,0.0,0.0,0.0,0.0,0.0,0.0,0.0,0.0,0.0,0.0,0.0,0.0,0.0,0.0,0.0,0.0,0.0,0.0,0.0,0.0,0.0,0.0,0.0,0.0,0.0,0.0,0.0,0.0,0.0,0.0,0.0,0.0,0.0,0.0,0.0,0.0,0.0,0.0,0.0,0.0,0.0,0.0,0.0,0.0,0.0,0.0,0.0,0.0
2017-06-01 02:57:00+02:00,0.0,0.0,0.0,0.0,0.0,0.0,0.0,0.0,0.0,0.0,0.0,0.0,0.0,0.0,0.0,0.0,0.0,0.0,0.0,0.0,0.0,0.0,0.0,0.0,0.0,0.0,0.0,0.0,0.0,0.0,0.0,0.0,0.0,0.0,0.0,0.0,0.0,0.0,0.0,0.0,0.0,0.0,0.0,0.0,0.0,0.0,0.0,0.0,0.0,0.0,0.0,0.0,0.0,0.0,0.0,0.0,0.0,0.0,0.0,0.0,0.0,0.0,0.0,0.0,0.0,0.0,0.0,0.0,0.0,0.0,0.0,0.0,0.0,0.0,0.0,0.0,0.0,0.0,0.0,0.0,0.0,0.0,0.0,0.0,0.0,0.0,0.0,0.0,0.0,0.0,0.0,0.0,0.0,0.0,0.0,0.0,0.0,0.0,0.0,0.0,0.0,0.0,0.0,0.0,0.0,0.0,0.0,0.0,0.0,0.0,0.0,0.0,0.0,0.0,0.0,0.0,0.0,0.0
2017-06-01 02:58:00+02:00,0.0,0.0,0.0,0.0,0.0,0.0,0.0,0.0,0.0,0.0,0.0,0.0,0.0,0.0,0.0,0.0,0.0,0.0,0.0,0.0,0.0,0.0,0.0,0.0,0.0,0.0,0.0,0.0,0.0,0.0,0.0,0.0,0.0,0.0,0.0,0.0,0.0,0.0,0.0,0.0,0.0,0.0,0.0,0.0,0.0,0.0,0.0,0.0,0.0,0.0,0.0,0.0,0.0,0.0,0.0,0.0,0.0,0.0,0.0,0.0,0.0,0.0,0.0,0.0,0.0,0.0,0.0,0.0,0.0,0.0,0.0,0.0,0.0,0.0,0.0,0.0,0.0,0.0,0.0,0.0,0.0,0.0,0.0,0.0,0.0,0.0,0.0,0.0,0.0,0.0,0.0,0.0,0.0,0.0,0.0,0.0,0.0,0.0,0.0,0.0,0.0,0.0,0.0,0.0,0.0,0.0,0.0,0.0,0.0,0.0,0.0,0.0,0.0,0.0,0.0,0.0,0.0,0.0
2017-06-01 02:59:00+02:00,0.0,0.0,0.0,0.0,0.0,0.0,0.0,0.0,0.0,0.0,0.0,0.0,0.0,0.0,0.0,0.0,0.0,0.0,0.0,0.0,0.0,0.0,0.0,0.0,0.0,0.0,0.0,0.0,0.0,0.0,0.0,0.0,0.0,0.0,0.0,0.0,0.0,0.0,0.0,0.0,0.0,0.0,0.0,0.0,0.0,0.0,0.0,0.0,0.0,0.0,0.0,0.0,0.0,0.0,0.0,0.0,0.0,0.0,0.0,0.0,0.0,0.0,0.0,0.0,0.0,0.0,0.0,0.0,0.0,0.0,0.0,0.0,0.0,0.0,0.0,0.0,0.0,0.0,0.0,0.0,0.0,0.0,0.0,0.0,0.0,0.0,0.0,0.0,0.0,0.0,0.0,0.0,0.0,0.0,0.0,0.0,0.0,0.0,0.0,0.0,0.0,0.0,0.0,0.0,0.0,0.0,0.0,0.0,0.0,0.0,0.0,0.0,0.0,0.0,0.0,0.0,0.0,0.0
2017-06-01 03:00:00+02:00,0.0,0.0,0.0,0.0,0.0,0.0,0.0,0.0,0.0,0.0,0.0,0.0,0.0,0.0,0.0,0.0,0.0,0.0,0.0,0.0,0.0,0.0,0.0,0.0,0.0,0.0,0.0,0.0,0.0,0.0,0.0,0.0,0.0,0.0,0.0,0.0,0.0,0.0,0.0,0.0,0.0,0.0,0.0,0.0,0.0,0.0,0.0,0.0,0.0,0.0,0.0,0.0,0.0,0.0,0.0,0.0,0.0,0.0,0.0,0.0,0.0,0.0,0.0,0.0,0.0,0.0,0.0,0.0,0.0,0.0,0.0,0.0,0.0,0.0,0.0,0.0,0.0,0.0,0.0,0.0,0.0,0.0,0.0,0.0,0.0,0.0,0.0,0.0,0.0,0.0,0.0,0.0,0.0,0.0,0.0,0.0,0.0,0.0,0.0,0.0,0.0,0.0,0.0,0.0,0.0,0.0,0.0,0.0,0.0,0.0,0.0,0.0,0.0,0.0,0.0,0.0,0.0,0.0
2017-06-01 03:01:00+02:00,0.0,0.0,0.0,0.0,0.0,0.0,0.0,0.0,0.0,0.0,0.0,0.0,0.0,0.0,0.0,0.0,0.0,0.0,0.0,0.0,0.0,0.0,0.0,0.0,0.0,0.0,0.0,0.0,0.0,0.0,0.0,0.0,0.0,0.0,0.0,0.0,0.0,0.0,0.0,0.0,0.0,0.0,0.0,0.0,0.0,0.0,0.0,0.0,0.0,0.0,0.0,0.0,0.0,0.0,0.0,0.0,0.0,0.0,0.0,0.0,0.0,0.0,0.0,0.0,0.0,0.0,0.0,0.0,0.0,0.0,0.0,0.0,0.0,0.0,0.0,0.0,0.0,0.0,0.0,0.0,0.0,0.0,0.0,0.0,0.0,0.0,0.0,0.0,0.0,0.0,0.0,0.0,0.0,0.0,0.0,0.0,0.0,0.0,0.0,0.0,0.0,0.0,0.0,0.0,0.0,0.0,0.0,0.0,0.0,0.0,0.0,0.0,0.0,0.0,0.0,0.0,0.0,0.0
2017-06-01 03:02:00+02:00,0.0,0.0,0.0,0.0,0.0,0.0,0.0,0.0,0.0,0.0,0.0,0.0,0.0,0.0,0.0,0.0,0.0,0.0,0.0,0.0,0.0,0.0,0.0,0.0,0.0,0.0,0.0,0.0,0.0,0.0,0.0,0.0,0.0,0.0,0.0,0.0,0.0,0.0,0.0,0.0,0.0,0.0,0.0,0.0,0.0,0.0,0.0,0.0,0.0,0.0,0.0,0.0,0.0,0.0,0.0,0.0,0.0,0.0,0.0,0.0,0.0,0.0,0.0,0.0,0.0,0.0,0.0,0.0,0.0,0.0,0.0,0.0,0.0,0.0,0.0,0.0,0.0,0.0,0.0,0.0,0.0,0.0,0.0,0.0,0.0,0.0,0.0,0.0,0.0,0.0,0.0,0.0,0.0,0.0,0.0,0.0,0.0,0.0,0.0,0.0,0.0,0.0,0.0,0.0,0.0,0.0,0.0,0.0,0.0,0.0,0.0,0.0,0.0,0.0,0.0,0.0,0.0,0.0
2017-06-01 03:03:00+02:00,0.0,0.0,0.0,0.0,0.0,0.0,0.0,0.0,0.0,0.0,0.0,0.0,0.0,0.0,0.0,0.0,0.0,0.0,0.0,0.0,0.0,0.0,0.0,0.0,0.0,0.0,0.0,0.0,0.0,0.0,0.0,0.0,0.0,0.0,0.0,0.0,0.0,0.0,0.0,0.0,0.0,0.0,0.0,0.0,0.0,0.0,0.0,0.0,0.0,0.0,0.0,0.0,0.0,0.0,0.0,0.0,0.0,0.0,0.0,0.0,0.0,0.0,0.0,0.0,0.0,0.0,0.0,0.0,0.0,0.0,0.0,0.0,0.0,0.0,0.0,0.0,0.0,0.0,0.0,0.0,0.0,0.0,0.0,0.0,0.0,0.0,0.0,0.0,0.0,0.0,0.0,0.0,0.0,0.0,0.0,0.0,0.0,0.0,0.0,0.0,0.0,0.0,0.0,0.0,0.0,0.0,0.0,0.0,0.0,0.0,0.0,0.0,0.0,0.0,0.0,0.0,0.0,0.0
2017-06-01 03:04:00+02:00,0.0,0.0,0.0,0.0,0.0,0.0,0.0,0.0,0.0,0.0,0.0,0.0,0.0,0.0,0.0,0.0,0.0,0.0,0.0,0.0,0.0,0.0,0.0,0.0,0.0,0.0,0.0,0.0,0.0,0.0,0.0,0.0,0.0,0.0,0.0,0.0,0.0,0.0,0.0,0.0,0.0,0.0,0.0,0.0,0.0,0.0,0.0,0.0,0.0,0.0,0.0,0.0,0.0,0.0,0.0,0.0,0.0,0.0,0.0,0.0,0.0,0.0,0.0,0.0,0.0,0.0,0.0,0.0,0.0,0.0,0.0,0.0,0.0,0.0,0.0,0.0,0.0,0.0,0.0,0.0,0.0,0.0,0.0,0.0,0.0,0.0,0.0,0.0,0.0,0.0,0.0,0.0,0.0,0.0,0.0,0.0,0.0,0.0,0.0,0.0,0.0,0.0,0.0,0.0,0.0,0.0,0.0,0.0,0.0,0.0,0.0,0.0,0.0,0.0,0.0,0.0,0.0,0.0
2017-06-01 03:05:00+02:00,0.0,0.0,0.0,0.0,0.0,0.0,0.0,0.0,0.0,0.0,0.0,0.0,0.0,0.0,0.0,0.0,0.0,0.0,0.0,0.0,0.0,0.0,0.0,0.0,0.0,0.0,0.0,0.0,0.0,0.0,0.0,0.0,0.0,0.0,0.0,0.0,0.0,0.0,0.0,0.0,0.0,0.0,0.0,0.0,0.0,0.0,0.0,0.0,0.0,0.0,0.0,0.0,0.0,0.0,0.0,0.0,0.0,0.0,0.0,0.0,0.0,0.0,0.0,0.0,0.0,0.0,0.0,0.0,0.0,0.0,0.0,0.0,0.0,0.0,0.0,0.0,0.0,0.0,0.0,0.0,0.0,0.0,0.0,0.0,0.0,0.0,0.0,0.0,0.0,0.0,0.0,0.0,0.0,0.0,0.0,0.0,0.0,0.0,0.0,0.0,0.0,0.0,0.0,0.0,0.0,0.0,0.0,0.0,0.0,0.0,0.0,0.0,0.0,0.0,0.0,0.0,0.0,0.0
2017-06-01 03:06:00+02:00,0.0,0.0,0.0,0.0,0.0,0.0,0.0,0.0,0.0,0.0,0.0,0.0,0.0,0.0,0.0,0.0,0.0,0.0,0.0,0.0,0.0,0.0,0.0,0.0,0.0,0.0,0.0,0.0,0.0,0.0,0.0,0.0,0.0,0.0,0.0,0.0,0.0,0.0,0.0,0.0,0.0,0.0,0.0,0.0,0.0,0.0,0.0,0.0,0.0,0.0,0.0,0.0,0.0,0.0,0.0,0.0,0.0,0.0,0.0,0.0,0.0,0.0,0.0,0.0,0.0,0.0,0.0,0.0,0.0,0.0,0.0,0.0,0.0,0.0,0.0,0.0,0.0,0.0,0.0,0.0,0.0,0.0,0.0,0.0,0.0,0.0,0.0,0.0,0.0,0.0,0.0,0.0,0.0,0.0,0.0,0.0,0.0,0.0,0.0,0.0,0.0,0.0,0.0,0.0,0.0,0.0,0.0,0.0,0.0,0.0,0.0,0.0,0.0,0.0,0.0,0.0,0.0,0.0
2017-06-01 03:07:00+02:00,0.0,0.0,0.0,0.0,0.0,0.0,0.0,0.0,0.0,0.0,0.0,0.0,0.0,0.0,0.0,0.0,0.0,0.0,0.0,0.0,0.0,0.0,0.0,0.0,0.0,0.0,0.0,0.0,0.0,0.0,0.0,0.0,0.0,0.0,0.0,0.0,0.0,0.0,0.0,0.0,0.0,0.0,0.0,0.0,0.0,0.0,0.0,0.0,0.0,0.0,0.0,0.0,0.0,0.0,0.0,0.0,0.0,0.0,0.0,0.0,0.0,0.0,0.0,0.0,0.0,0.0,0.0,0.0,0.0,0.0,0.0,0.0,0.0,0.0,0.0,0.0,0.0,0.0,0.0,0.0,0.0,0.0,0.0,0.0,0.0,0.0,0.0,0.0,0.0,0.0,0.0,0.0,0.0,0.0,0.0,0.0,0.0,0.0,0.0,0.0,0.0,0.0,0.0,0.0,0.0,0.0,0.0,0.0,0.0,0.0,0.0,0.0,0.0,0.0,0.0,0.0,0.0,0.0
2017-06-01 03:08:00+02:00,0.0,0.0,0.0,0.0,0.0,0.0,0.0,0.0,0.0,0.0,0.0,0.0,0.0,0.0,0.0,0.0,0.0,0.0,0.0,0.0,0.0,0.0,0.0,0.0,0.0,0.0,0.0,0.0,0.0,0.0,0.0,0.0,0.0,0.0,0.0,0.0,0.0,0.0,0.0,0.0,0.0,0.0,0.0,0.0,0.0,0.0,0.0,0.0,0.0,0.0,0.0,0.0,0.0,0.0,0.0,0.0,0.0,0.0,0.0,0.0,0.0,0.0,0.0,0.0,0.0,0.0,0.0,0.0,0.0,0.0,0.0,0.0,0.0,0.0,0.0,0.0,0.0,0.0,0.0,0.0,0.0,0.0,0.0,0.0,0.0,0.0,0.0,0.0,0.0,0.0,0.0,0.0,0.0,0.0,0.0,0.0,0.0,0.0,0.0,0.0,0.0,0.0,0.0,0.0,0.0,0.0,0.0,0.0,0.0,0.0,0.0,0.0,0.0,0.0,0.0,0.0,0.0,0.0
2017-06-01 03:09:00+02:00,0.0,0.0,0.0,0.0,0.0,0.0,0.0,0.0,0.0,0.0,0.0,0.0,0.0,0.0,0.0,0.0,0.0,0.0,0.0,0.0,0.0,0.0,0.0,0.0,0.0,0.0,0.0,0.0,0.0,0.0,0.0,0.0,0.0,0.0,0.0,0.0,0.0,0.0,0.0,0.0,0.0,0.0,0.0,0.0,0.0,0.0,0.0,0.0,0.0,0.0,0.0,0.0,0.0,0.0,0.0,0.0,0.0,0.0,0.0,0.0,0.0,0.0,0.0,0.0,0.0,0.0,0.0,0.0,0.0,0.0,0.0,0.0,0.0,0.0,0.0,0.0,0.0,0.0,0.0,0.0,0.0,0.0,0.0,0.0,0.0,0.0,0.0,0.0,0.0,0.0,0.0,0.0,0.0,0.0,0.0,0.0,0.0,0.0,0.0,0.0,0.0,0.0,0.0,0.0,0.0,0.0,0.0,0.0,0.0,0.0,0.0,0.0,0.0,0.0,0.0,0.0,0.0,0.0
2017-06-01 03:10:00+02:00,0.0,0.0,0.0,0.0,0.0,0.0,0.0,0.0,0.0,0.0,0.0,0.0,0.0,0.0,0.0,0.0,0.0,0.0,0.0,0.0,0.0,0.0,0.0,0.0,0.0,0.0,0.0,0.0,0.0,0.0,0.0,0.0,0.0,0.0,0.0,0.0,0.0,0.0,0.0,0.0,0.0,0.0,0.0,0.0,0.0,0.0,0.0,0.0,0.0,0.0,0.0,0.0,0.0,0.0,0.0,0.0,0.0,0.0,0.0,0.0,0.0,0.0,0.0,0.0,0.0,0.0,0.0,0.0,0.0,0.0,0.0,0.0,0.0,0.0,0.0,0.0,0.0,0.0,0.0,0.0,0.0,0.0,0.0,0.0,0.0,0.0,0.0,0.0,0.0,0.0,0.0,0.0,0.0,0.0,0.0,0.0,0.0,0.0,0.0,0.0,0.0,0.0,0.0,0.0,0.0,0.0,0.0,0.0,0.0,0.0,0.0,0.0,0.0,0.0,0.0,0.0,0.0,0.0
2017-06-01 03:11:00+02:00,0.0,0.0,0.0,0.0,0.0,0.0,0.0,0.0,0.0,0.0,0.0,0.0,0.0,0.0,0.0,0.0,0.0,0.0,0.0,0.0,0.0,0.0,0.0,0.0,0.0,0.0,0.0,0.0,0.0,0.0,0.0,0.0,0.0,0.0,0.0,0.0,0.0,0.0,0.0,0.0,0.0,0.0,0.0,0.0,0.0,0.0,0.0,0.0,0.0,0.0,0.0,0.0,0.0,0.0,0.0,0.0,0.0,0.0,0.0,0.0,0.0,0.0,0.0,0.0,0.0,0.0,0.0,0.0,0.0,0.0,0.0,0.0,0.0,0.0,0.0,0.0,0.0,0.0,0.0,0.0,0.0,0.0,0.0,0.0,0.0,0.0,0.0,0.0,0.0,0.0,0.0,0.0,0.0,0.0,0.0,0.0,0.0,0.0,0.0,0.0,0.0,0.0,0.0,0.0,0.0,0.0,0.0,0.0,0.0,0.0,0.0,0.0,0.0,0.0,0.0,0.0,0.0,0.0
2017-06-01 03:12:00+02:00,0.0,0.0,0.0,0.0,0.0,0.0,0.0,0.0,0.0,0.0,0.0,0.0,0.0,0.0,0.0,0.0,0.0,0.0,0.0,0.0,0.0,0.0,0.0,0.0,0.0,0.0,0.0,0.0,0.0,0.0,0.0,0.0,0.0,0.0,0.0,0.0,0.0,0.0,0.0,0.0,0.0,0.0,0.0,0.0,0.0,0.0,0.0,0.0,0.0,0.0,0.0,0.0,0.0,0.0,0.0,0.0,0.0,0.0,0.0,0.0,0.0,0.0,0.0,0.0,0.0,0.0,0.0,0.0,0.0,0.0,0.0,0.0,0.0,0.0,0.0,0.0,0.0,0.0,0.0,0.0,0.0,0.0,0.0,0.0,0.0,0.0,0.0,0.0,0.0,0.0,0.0,0.0,0.0,0.0,0.0,0.0,0.0,0.0,0.0,0.0,0.0,0.0,0.0,0.0,0.0,0.0,0.0,0.0,0.0,0.0,0.0,0.0,0.0,0.0,0.0,0.0,0.0,0.0
2017-06-01 03:13:00+02:00,0.0,0.0,0.0,0.0,0.0,0.0,0.0,0.0,0.0,0.0,0.0,0.0,0.0,0.0,0.0,0.0,0.0,0.0,0.0,0.0,0.0,0.0,0.0,0.0,0.0,0.0,0.0,0.0,0.0,0.0,0.0,0.0,0.0,0.0,0.0,0.0,0.0,0.0,0.0,0.0,0.0,0.0,0.0,0.0,0.0,0.0,0.0,0.0,0.0,0.0,0.0,0.0,0.0,0.0,0.0,0.0,0.0,0.0,0.0,0.0,0.0,0.0,0.0,0.0,0.0,0.0,0.0,0.0,0.0,0.0,0.0,0.0,0.0,0.0,0.0,0.0,0.0,0.0,0.0,0.0,0.0,0.0,0.0,0.0,0.0,0.0,0.0,0.0,0.0,0.0,0.0,0.0,0.0,0.0,0.0,0.0,0.0,0.0,0.0,0.0,0.0,0.0,0.0,0.0,0.0,0.0,0.0,0.0,0.0,0.0,0.0,0.0,0.0,0.0,0.0,0.0,0.0,0.0
2017-06-01 03:14:00+02:00,0.0,0.0,0.0,0.0,0.0,0.0,0.0,0.0,0.0,0.0,0.0,0.0,0.0,0.0,0.0,0.0,0.0,0.0,0.0,0.0,0.0,0.0,0.0,0.0,0.0,0.0,0.0,0.0,0.0,0.0,0.0,0.0,0.0,0.0,0.0,0.0,0.0,0.0,0.0,0.0,0.0,0.0,0.0,0.0,0.0,0.0,0.0,0.0,0.0,0.0,0.0,0.0,0.0,0.0,0.0,0.0,0.0,0.0,0.0,0.0,0.0,0.0,0.0,0.0,0.0,0.0,0.0,0.0,0.0,0.0,0.0,0.0,0.0,0.0,0.0,0.0,0.0,0.0,0.0,0.0,0.0,0.0,0.0,0.0,0.0,0.0,0.0,0.0,0.0,0.0,0.0,0.0,0.0,0.0,0.0,0.0,0.0,0.0,0.0,0.0,0.0,0.0,0.0,0.0,0.0,0.0,0.0,0.0,0.0,0.0,0.0,0.0,0.0,0.0,0.0,0.0,0.0,0.0
2017-06-01 03:15:00+02:00,0.0,0.0,0.0,0.0,0.0,0.0,0.0,0.0,0.0,0.0,0.0,0.0,0.0,0.0,0.0,0.0,0.0,0.0,0.0,0.0,0.0,0.0,0.0,0.0,0.0,0.0,0.0,0.0,0.0,0.0,0.0,0.0,0.0,0.0,0.0,0.0,0.0,0.0,0.0,0.0,0.0,0.0,0.0,0.0,0.0,0.0,0.0,0.0,0.0,0.0,0.0,0.0,0.0,0.0,0.0,0.0,0.0,0.0,0.0,0.0,0.0,0.0,0.0,0.0,0.0,0.0,0.0,0.0,0.0,0.0,0.0,0.0,0.0,0.0,0.0,0.0,0.0,0.0,0.0,0.0,0.0,0.0,0.0,0.0,0.0,0.0,0.0,0.0,0.0,0.0,0.0,0.0,0.0,0.0,0.0,0.0,0.0,0.0,0.0,0.0,0.0,0.0,0.0,0.0,0.0,0.0,0.0,0.0,0.0,0.0,0.0,0.0,0.0,0.0,0.0,0.0,0.0,0.0
2017-06-01 03:16:00+02:00,0.0,0.0,0.0,0.0,0.0,0.0,0.0,0.0,0.0,0.0,0.0,0.0,0.0,0.0,0.0,0.0,0.0,0.0,0.0,0.0,0.0,0.0,0.0,0.0,0.0,0.0,0.0,0.0,0.0,0.0,0.0,0.0,0.0,0.0,0.0,0.0,0.0,0.0,0.0,0.0,0.0,0.0,0.0,0.0,0.0,0.0,0.0,0.0,0.0,0.0,0.0,0.0,0.0,0.0,0.0,0.0,0.0,0.0,0.0,0.0,0.0,0.0,0.0,0.0,0.0,0.0,0.0,0.0,0.0,0.0,0.0,0.0,0.0,0.0,0.0,0.0,0.0,0.0,0.0,0.0,0.0,0.0,0.0,0.0,0.0,0.0,0.0,0.0,0.0,0.0,0.0,0.0,0.0,0.0,0.0,0.0,0.0,0.0,0.0,0.0,0.0,0.0,0.0,0.0,0.0,0.0,0.0,0.0,0.0,0.0,0.0,0.0,0.0,0.0,0.0,0.0,0.0,0.0
2017-06-01 03:17:00+02:00,0.0,0.0,0.0,0.0,0.0,0.0,0.0,0.0,0.0,0.0,0.0,0.0,0.0,0.0,0.0,0.0,0.0,0.0,0.0,0.0,0.0,0.0,0.0,0.0,0.0,0.0,0.0,0.0,0.0,0.0,0.0,0.0,0.0,0.0,0.0,0.0,0.0,0.0,0.0,0.0,0.0,0.0,0.0,0.0,0.0,0.0,0.0,0.0,0.0,0.0,0.0,0.0,0.0,0.0,0.0,0.0,0.0,0.0,0.0,0.0,0.0,0.0,0.0,0.0,0.0,0.0,0.0,0.0,0.0,0.0,0.0,0.0,0.0,0.0,0.0,0.0,0.0,0.0,0.0,0.0,0.0,0.0,0.0,0.0,0.0,0.0,0.0,0.0,0.0,0.0,0.0,0.0,0.0,0.0,0.0,0.0,0.0,0.0,0.0,0.0,0.0,0.0,0.0,0.0,0.0,0.0,0.0,0.0,0.0,0.0,0.0,0.0,0.0,0.0,0.0,0.0,0.0,0.0
2017-06-01 03:18:00+02:00,0.0,0.0,0.0,0.0,0.0,0.0,0.0,0.0,0.0,0.0,0.0,0.0,0.0,0.0,0.0,0.0,0.0,0.0,0.0,0.0,0.0,0.0,0.0,0.0,0.0,0.0,0.0,0.0,0.0,0.0,0.0,0.0,0.0,0.0,0.0,0.0,0.0,0.0,0.0,0.0,0.0,0.0,0.0,0.0,0.0,0.0,0.0,0.0,0.0,0.0,0.0,0.0,0.0,0.0,0.0,0.0,0.0,0.0,0.0,0.0,0.0,0.0,0.0,0.0,0.0,0.0,0.0,0.0,0.0,0.0,0.0,0.0,0.0,0.0,0.0,0.0,0.0,0.0,0.0,0.0,0.0,0.0,0.0,0.0,0.0,0.0,0.0,0.0,0.0,0.0,0.0,0.0,0.0,0.0,0.0,0.0,0.0,0.0,0.0,0.0,0.0,0.0,0.0,0.0,0.0,0.0,0.0,0.0,0.0,0.0,0.0,0.0,0.0,0.0,0.0,0.0,0.0,0.0
2017-06-01 03:19:00+02:00,0.0,0.0,0.0,0.0,0.0,0.0,0.0,0.0,0.0,0.0,0.0,0.0,0.0,0.0,0.0,0.0,0.0,0.0,0.0,0.0,0.0,0.0,0.0,0.0,0.0,0.0,0.0,0.0,0.0,0.0,0.0,0.0,0.0,0.0,0.0,0.0,0.0,0.0,0.0,0.0,0.0,0.0,0.0,0.0,0.0,0.0,0.0,0.0,0.0,0.0,0.0,0.0,0.0,0.0,0.0,0.0,0.0,0.0,0.0,0.0,0.0,0.0,0.0,0.0,0.0,0.0,0.0,0.0,0.0,0.0,0.0,0.0,0.0,0.0,0.0,0.0,0.0,0.0,0.0,0.0,0.0,0.0,0.0,0.0,0.0,0.0,0.0,0.0,0.0,0.0,0.0,0.0,0.0,0.0,0.0,0.0,0.0,0.0,0.0,0.0,0.0,0.0,0.0,0.0,0.0,0.0,0.0,0.0,0.0,0.0,0.0,0.0,0.0,0.0,0.0,0.0,0.0,0.0
2017-06-01 03:20:00+02:00,0.0,0.0,0.0,0.0,0.0,0.0,0.0,0.0,0.0,0.0,0.0,0.0,0.0,0.0,0.0,0.0,0.0,0.0,0.0,0.0,0.0,0.0,0.0,0.0,0.0,0.0,0.0,0.0,0.0,0.0,0.0,0.0,0.0,0.0,0.0,0.0,0.0,0.0,0.0,0.0,0.0,0.0,0.0,0.0,0.0,0.0,0.0,0.0,0.0,0.0,0.0,0.0,0.0,0.0,0.0,0.0,0.0,0.0,0.0,0.0,0.0,0.0,0.0,0.0,0.0,0.0,0.0,0.0,0.0,0.0,0.0,0.0,0.0,0.0,0.0,0.0,0.0,0.0,0.0,0.0,0.0,0.0,0.0,0.0,0.0,0.0,0.0,0.0,0.0,0.0,0.0,0.0,0.0,0.0,0.0,0.0,0.0,0.0,0.0,0.0,0.0,0.0,0.0,0.0,0.0,0.0,0.0,0.0,0.0,0.0,0.0,0.0,0.0,0.0,0.0,0.0,0.0,0.0
2017-06-01 03:21:00+02:00,0.0,0.0,0.0,0.0,0.0,0.0,0.0,0.0,0.0,0.0,0.0,0.0,0.0,0.0,0.0,0.0,0.0,0.0,0.0,0.0,0.0,0.0,0.0,0.0,0.0,0.0,0.0,0.0,0.0,0.0,0.0,0.0,0.0,0.0,0.0,0.0,0.0,0.0,0.0,0.0,0.0,0.0,0.0,0.0,0.0,0.0,0.0,0.0,0.0,0.0,0.0,0.0,0.0,0.0,0.0,0.0,0.0,0.0,0.0,0.0,0.0,0.0,0.0,0.0,0.0,0.0,0.0,0.0,0.0,0.0,0.0,0.0,0.0,0.0,0.0,0.0,0.0,0.0,0.0,0.0,0.0,0.0,0.0,0.0,0.0,0.0,0.0,0.0,0.0,0.0,0.0,0.0,0.0,0.0,0.0,0.0,0.0,0.0,0.0,0.0,0.0,0.0,0.0,0.0,0.0,0.0,0.0,0.0,0.0,0.0,0.0,0.0,0.0,0.0,0.0,0.0,0.0,0.0
2017-06-01 03:22:00+02:00,0.0,0.0,0.0,0.0,0.0,0.0,0.0,0.0,0.0,0.0,0.0,0.0,0.0,0.0,0.0,0.0,0.0,0.0,0.0,0.0,0.0,0.0,0.0,0.0,0.0,0.0,0.0,0.0,0.0,0.0,0.0,0.0,0.0,0.0,0.0,0.0,0.0,0.0,0.0,0.0,0.0,0.0,0.0,0.0,0.0,0.0,0.0,0.0,0.0,0.0,0.0,0.0,0.0,0.0,0.0,0.0,0.0,0.0,0.0,0.0,0.0,0.0,0.0,0.0,0.0,0.0,0.0,0.0,0.0,0.0,0.0,0.0,0.0,0.0,0.0,0.0,0.0,0.0,0.0,0.0,0.0,0.0,0.0,0.0,0.0,0.0,0.0,0.0,0.0,0.0,0.0,0.0,0.0,0.0,0.0,0.0,0.0,0.0,0.0,0.0,0.0,0.0,0.0,0.0,0.0,0.0,0.0,0.0,0.0,0.0,0.0,0.0,0.0,0.0,0.0,0.0,0.0,0.0
2017-06-01 03:23:00+02:00,0.0,0.0,0.0,0.0,0.0,0.0,0.0,0.0,0.0,0.0,0.0,0.0,0.0,0.0,0.0,0.0,0.0,0.0,0.0,0.0,0.0,0.0,0.0,0.0,0.0,0.0,0.0,0.0,0.0,0.0,0.0,0.0,0.0,0.0,0.0,0.0,0.0,0.0,0.0,0.0,0.0,0.0,0.0,0.0,0.0,0.0,0.0,0.0,0.0,0.0,0.0,0.0,0.0,0.0,0.0,0.0,0.0,0.0,0.0,0.0,0.0,0.0,0.0,0.0,0.0,0.0,0.0,0.0,0.0,0.0,0.0,0.0,0.0,0.0,0.0,0.0,0.0,0.0,0.0,0.0,0.0,0.0,0.0,0.0,0.0,0.0,0.0,0.0,0.0,0.0,0.0,0.0,0.0,0.0,0.0,0.0,0.0,0.0,0.0,0.0,0.0,0.0,0.0,0.0,0.0,0.0,0.0,0.0,0.0,0.0,0.0,0.0,0.0,0.0,0.0,0.0,0.0,0.0
2017-06-01 03:24:00+02:00,0.0,0.0,0.0,0.0,0.0,0.0,0.0,0.0,0.0,0.0,0.0,0.0,0.0,0.0,0.0,0.0,0.0,0.0,0.0,0.0,0.0,0.0,0.0,0.0,0.0,0.0,0.0,0.0,0.0,0.0,0.0,0.0,0.0,0.0,0.0,0.0,0.0,0.0,0.0,0.0,0.0,0.0,0.0,0.0,0.0,0.0,0.0,0.0,0.0,0.0,0.0,0.0,0.0,0.0,0.0,0.0,0.0,0.0,0.0,0.0,0.0,0.0,0.0,0.0,0.0,0.0,0.0,0.0,0.0,0.0,0.0,0.0,0.0,0.0,0.0,0.0,0.0,0.0,0.0,0.0,0.0,0.0,0.0,0.0,0.0,0.0,0.0,0.0,0.0,0.0,0.0,0.0,0.0,0.0,0.0,0.0,0.0,0.0,0.0,0.0,0.0,0.0,0.0,0.0,0.0,0.0,0.0,0.0,0.0,0.0,0.0,0.0,0.0,0.0,0.0,0.0,0.0,0.0
2017-06-01 03:25:00+02:00,0.0,0.0,0.0,0.0,0.0,0.0,0.0,0.0,0.0,0.0,0.0,0.0,0.0,0.0,0.0,0.0,0.0,0.0,0.0,0.0,0.0,0.0,0.0,0.0,0.0,0.0,0.0,0.0,0.0,0.0,0.0,0.0,0.0,0.0,0.0,0.0,0.0,0.0,0.0,0.0,0.0,0.0,0.0,0.0,0.0,0.0,0.0,0.0,0.0,0.0,0.0,0.0,0.0,0.0,0.0,0.0,0.0,0.0,0.0,0.0,0.0,0.0,0.0,0.0,0.0,0.0,0.0,0.0,0.0,0.0,0.0,0.0,0.0,0.0,0.0,0.0,0.0,0.0,0.0,0.0,0.0,0.0,0.0,0.0,0.0,0.0,0.0,0.0,0.0,0.0,0.0,0.0,0.0,0.0,0.0,0.0,0.0,0.0,0.0,0.0,0.0,0.0,0.0,0.0,0.0,0.0,0.0,0.0,0.0,0.0,0.0,0.0,0.0,0.0,0.0,0.0,0.0,0.0
2017-06-01 03:26:00+02:00,0.0,0.0,0.0,0.0,0.0,0.0,0.0,0.0,0.0,0.0,0.0,0.0,0.0,0.0,0.0,0.0,0.0,0.0,0.0,0.0,0.0,0.0,0.0,0.0,0.0,0.0,0.0,0.0,0.0,0.0,0.0,0.0,0.0,0.0,0.0,0.0,0.0,0.0,0.0,0.0,0.0,0.0,0.0,0.0,0.0,0.0,0.0,0.0,0.0,0.0,0.0,0.0,0.0,0.0,0.0,0.0,0.0,0.0,0.0,0.0,0.0,0.0,0.0,0.0,0.0,0.0,0.0,0.0,0.0,0.0,0.0,0.0,0.0,0.0,0.0,0.0,0.0,0.0,0.0,0.0,0.0,0.0,0.0,0.0,0.0,0.0,0.0,0.0,0.0,0.0,0.0,0.0,0.0,0.0,0.0,0.0,0.0,0.0,0.0,0.0,0.0,0.0,0.0,0.0,0.0,0.0,0.0,0.0,0.0,0.0,0.0,0.0,0.0,0.0,0.0,0.0,0.0,0.0
2017-06-01 03:27:00+02:00,0.0,0.0,0.0,0.0,0.0,0.0,0.0,0.0,0.0,0.0,0.0,0.0,0.0,0.0,0.0,0.0,0.0,0.0,0.0,0.0,0.0,0.0,0.0,0.0,0.0,0.0,0.0,0.0,0.0,0.0,0.0,0.0,0.0,0.0,0.0,0.0,0.0,0.0,0.0,0.0,0.0,0.0,0.0,0.0,0.0,0.0,0.0,0.0,0.0,0.0,0.0,0.0,0.0,0.0,0.0,0.0,0.0,0.0,0.0,0.0,0.0,0.0,0.0,0.0,0.0,0.0,0.0,0.0,0.0,0.0,0.0,0.0,0.0,0.0,0.0,0.0,0.0,0.0,0.0,0.0,0.0,0.0,0.0,0.0,0.0,0.0,0.0,0.0,0.0,0.0,0.0,0.0,0.0,0.0,0.0,0.0,0.0,0.0,0.0,0.0,0.0,0.0,0.0,0.0,0.0,0.0,0.0,0.0,0.0,0.0,0.0,0.0,0.0,0.0,0.0,0.0,0.0,0.0
2017-06-01 03:28:00+02:00,0.0,0.0,0.0,0.0,0.0,0.0,0.0,0.0,0.0,0.0,0.0,0.0,0.0,0.0,0.0,0.0,0.0,0.0,0.0,0.0,0.0,0.0,0.0,0.0,0.0,0.0,0.0,0.0,0.0,0.0,0.0,0.0,0.0,0.0,0.0,0.0,0.0,0.0,0.0,0.0,0.0,0.0,0.0,0.0,0.0,0.0,0.0,0.0,0.0,0.0,0.0,0.0,0.0,0.0,0.0,0.0,0.0,0.0,0.0,0.0,0.0,0.0,0.0,0.0,0.0,0.0,0.0,0.0,0.0,0.0,0.0,0.0,0.0,0.0,0.0,0.0,0.0,0.0,0.0,0.0,0.0,0.0,0.0,0.0,0.0,0.0,0.0,0.0,0.0,0.0,0.0,0.0,0.0,0.0,0.0,0.0,0.0,0.0,0.0,0.0,0.0,0.0,0.0,0.0,0.0,0.0,0.0,0.0,0.0,0.0,0.0,0.0,0.0,0.0,0.0,0.0,0.0,0.0
2017-06-01 03:29:00+02:00,0.0,0.0,0.0,0.0,0.0,0.0,0.0,0.0,0.0,0.0,0.0,0.0,0.0,0.0,0.0,0.0,0.0,0.0,0.0,0.0,0.0,0.0,0.0,0.0,0.0,0.0,0.0,0.0,0.0,0.0,0.0,0.0,0.0,0.0,0.0,0.0,0.0,0.0,0.0,0.0,0.0,0.0,0.0,0.0,0.0,0.0,0.0,0.0,0.0,0.0,0.0,0.0,0.0,0.0,0.0,0.0,0.0,0.0,0.0,0.0,0.0,0.0,0.0,0.0,0.0,0.0,0.0,0.0,0.0,0.0,0.0,0.0,0.0,0.0,0.0,0.0,0.0,0.0,0.0,0.0,0.0,0.0,0.0,0.0,0.0,0.0,0.0,0.0,0.0,0.0,0.0,0.0,0.0,0.0,0.0,0.0,0.0,0.0,0.0,0.0,0.0,0.0,0.0,0.0,0.0,0.0,0.0,0.0,0.0,0.0,0.0,0.0,0.0,0.0,0.0,0.0,0.0,0.0
2017-06-01 03:30:00+02:00,0.0,0.0,0.0,0.0,0.0,0.0,0.0,0.0,0.0,0.0,0.0,0.0,0.0,0.0,0.0,0.0,0.0,0.0,0.0,0.0,0.0,0.0,0.0,0.0,0.0,0.0,0.0,0.0,0.0,0.0,0.0,0.0,0.0,0.0,0.0,0.0,0.0,0.0,0.0,0.0,0.0,0.0,0.0,0.0,0.0,0.0,0.0,0.0,0.0,0.0,0.0,0.0,0.0,0.0,0.0,0.0,0.0,0.0,0.0,0.0,0.0,0.0,0.0,0.0,0.0,0.0,0.0,0.0,0.0,0.0,0.0,0.0,0.0,0.0,0.0,0.0,0.0,0.0,0.0,0.0,0.0,0.0,0.0,0.0,0.0,0.0,0.0,0.0,0.0,0.0,0.0,0.0,0.0,0.0,0.0,0.0,0.0,0.0,0.0,0.0,0.0,0.0,0.0,0.0,0.0,0.0,0.0,0.0,0.0,0.0,0.0,0.0,0.0,0.0,0.0,0.0,0.0,0.0
2017-06-01 03:31:00+02:00,0.0,0.0,0.0,0.0,0.0,0.0,0.0,0.0,0.0,0.0,0.0,0.0,0.0,0.0,0.0,0.0,0.0,0.0,0.0,0.0,0.0,0.0,0.0,0.0,0.0,0.0,0.0,0.0,0.0,0.0,0.0,0.0,0.0,0.0,0.0,0.0,0.0,0.0,0.0,0.0,0.0,0.0,0.0,0.0,0.0,0.0,0.0,0.0,0.0,0.0,0.0,0.0,0.0,0.0,0.0,0.0,0.0,0.0,0.0,0.0,0.0,0.0,0.0,0.0,0.0,0.0,0.0,0.0,0.0,0.0,0.0,0.0,0.0,0.0,0.0,0.0,0.0,0.0,0.0,0.0,0.0,0.0,0.0,0.0,0.0,0.0,0.0,0.0,0.0,0.0,0.0,0.0,0.0,0.0,0.0,0.0,0.0,0.0,0.0,0.0,0.0,0.0,0.0,0.0,0.0,0.0,0.0,0.0,0.0,0.0,0.0,0.0,0.0,0.0,0.0,0.0,0.0,0.0
2017-06-01 03:32:00+02:00,0.0,0.0,0.0,0.0,0.0,0.0,0.0,0.0,0.0,0.0,0.0,0.0,0.0,0.0,0.0,0.0,0.0,0.0,0.0,0.0,0.0,0.0,0.0,0.0,0.0,0.0,0.0,0.0,0.0,0.0,0.0,0.0,0.0,0.0,0.0,0.0,0.0,0.0,0.0,0.0,0.0,0.0,0.0,0.0,0.0,0.0,0.0,0.0,0.0,0.0,0.0,0.0,0.0,0.0,0.0,0.0,0.0,0.0,0.0,0.0,0.0,0.0,0.0,0.0,0.0,0.0,0.0,0.0,0.0,0.0,0.0,0.0,0.0,0.0,0.0,0.0,0.0,0.0,0.0,0.0,0.0,0.0,0.0,0.0,0.0,0.0,0.0,0.0,0.0,0.0,0.0,0.0,0.0,0.0,0.0,0.0,0.0,0.0,0.0,0.0,0.0,0.0,0.0,0.0,0.0,0.0,0.0,0.0,0.0,0.0,0.0,0.0,0.0,0.0,0.0,0.0,0.0,0.0
2017-06-01 03:33:00+02:00,0.0,0.0,0.0,0.0,0.0,0.0,0.0,0.0,0.0,0.0,0.0,0.0,0.0,0.0,0.0,0.0,0.0,0.0,0.0,0.0,0.0,0.0,0.0,0.0,0.0,0.0,0.0,0.0,0.0,0.0,0.0,0.0,0.0,0.0,0.0,0.0,0.0,0.0,0.0,0.0,0.0,0.0,0.0,0.0,0.0,0.0,0.0,0.0,0.0,0.0,0.0,0.0,0.0,0.0,0.0,0.0,0.0,0.0,0.0,0.0,0.0,0.0,0.0,0.0,0.0,0.0,0.0,0.0,0.0,0.0,0.0,0.0,0.0,0.0,0.0,0.0,0.0,0.0,0.0,0.0,0.0,0.0,0.0,0.0,0.0,0.0,0.0,0.0,0.0,0.0,0.0,0.0,0.0,0.0,0.0,0.0,0.0,0.0,0.0,0.0,0.0,0.0,0.0,0.0,0.0,0.0,0.0,0.0,0.0,0.0,0.0,0.0,0.0,0.0,0.0,0.0,0.0,0.0
2017-06-01 03:34:00+02:00,0.0,0.0,0.0,0.0,0.0,0.0,0.0,0.0,0.0,0.0,0.0,0.0,0.0,0.0,0.0,0.0,0.0,0.0,0.0,0.0,0.0,0.0,0.0,0.0,0.0,0.0,0.0,0.0,0.0,0.0,0.0,0.0,0.0,0.0,0.0,0.0,0.0,0.0,0.0,0.0,0.0,0.0,0.0,0.0,0.0,0.0,0.0,0.0,0.0,0.0,0.0,0.0,0.0,0.0,0.0,0.0,0.0,0.0,0.0,0.0,0.0,0.0,0.0,0.0,0.0,0.0,0.0,0.0,0.0,0.0,0.0,0.0,0.0,0.0,0.0,0.0,0.0,0.0,0.0,0.0,0.0,0.0,0.0,0.0,0.0,0.0,0.0,0.0,0.0,0.0,0.0,0.0,0.0,0.0,0.0,0.0,0.0,0.0,0.0,0.0,0.0,0.0,0.0,0.0,0.0,0.0,0.0,0.0,0.0,0.0,0.0,0.0,0.0,0.0,0.0,0.0,0.0,0.0
2017-06-01 03:35:00+02:00,0.0,0.0,0.0,0.0,0.0,0.0,0.0,0.0,0.0,0.0,0.0,0.0,0.0,0.0,0.0,0.0,0.0,0.0,0.0,0.0,0.0,0.0,0.0,0.0,0.0,0.0,0.0,0.0,0.0,0.0,0.0,0.0,0.0,0.0,0.0,0.0,0.0,0.0,0.0,0.0,0.0,0.0,0.0,0.0,0.0,0.0,0.0,0.0,0.0,0.0,0.0,0.0,0.0,0.0,0.0,0.0,0.0,0.0,0.0,0.0,0.0,0.0,0.0,0.0,0.0,0.0,0.0,0.0,0.0,0.0,0.0,0.0,0.0,0.0,0.0,0.0,0.0,0.0,0.0,0.0,0.0,0.0,0.0,0.0,0.0,0.0,0.0,0.0,0.0,0.0,0.0,0.0,0.0,0.0,0.0,0.0,0.0,0.0,0.0,0.0,0.0,0.0,0.0,0.0,0.0,0.0,0.0,0.0,0.0,0.0,0.0,0.0,0.0,0.0,0.0,0.0,0.0,0.0
2017-06-01 03:36:00+02:00,0.0,0.0,0.0,0.0,0.0,0.0,0.0,0.0,0.0,0.0,0.0,0.0,0.0,0.0,0.0,0.0,0.0,0.0,0.0,0.0,0.0,0.0,0.0,0.0,0.0,0.0,0.0,0.0,0.0,0.0,0.0,0.0,0.0,0.0,0.0,0.0,0.0,0.0,0.0,0.0,0.0,0.0,0.0,0.0,0.0,0.0,0.0,0.0,0.0,0.0,0.0,0.0,0.0,0.0,0.0,0.0,0.0,0.0,0.0,0.0,0.0,0.0,0.0,0.0,0.0,0.0,0.0,0.0,0.0,0.0,0.0,0.0,0.0,0.0,0.0,0.0,0.0,0.0,0.0,0.0,0.0,0.0,0.0,0.0,0.0,0.0,0.0,0.0,0.0,0.0,0.0,0.0,0.0,0.0,0.0,0.0,0.0,0.0,0.0,0.0,0.0,0.0,0.0,0.0,0.0,0.0,0.0,0.0,0.0,0.0,0.0,0.0,0.0,0.0,0.0,0.0,0.0,0.0
2017-06-01 03:37:00+02:00,0.0,0.0,0.0,0.0,0.0,0.0,0.0,0.0,0.0,0.0,0.0,0.0,0.0,0.0,0.0,0.0,0.0,0.0,0.0,0.0,0.0,0.0,0.0,0.0,0.0,0.0,0.0,0.0,0.0,0.0,0.0,0.0,0.0,0.0,0.0,0.0,0.0,0.0,0.0,0.0,0.0,0.0,0.0,0.0,0.0,0.0,0.0,0.0,0.0,0.0,0.0,0.0,0.0,0.0,0.0,0.0,0.0,0.0,0.0,0.0,0.0,0.0,0.0,0.0,0.0,0.0,0.0,0.0,0.0,0.0,0.0,0.0,0.0,0.0,0.0,0.0,0.0,0.0,0.0,0.0,0.0,0.0,0.0,0.0,0.0,0.0,0.0,0.0,0.0,0.0,0.0,0.0,0.0,0.0,0.0,0.0,0.0,0.0,0.0,0.0,0.0,0.0,0.0,0.0,0.0,0.0,0.0,0.0,0.0,0.0,0.0,0.0,0.0,0.0,0.0,0.0,0.0,0.0
2017-06-01 03:38:00+02:00,0.0,0.0,0.0,0.0,0.0,0.0,0.0,0.0,0.0,0.0,0.0,0.0,0.0,0.0,0.0,0.0,0.0,0.0,0.0,0.0,0.0,0.0,0.0,0.0,0.0,0.0,0.0,0.0,0.0,0.0,0.0,0.0,0.0,0.0,0.0,0.0,0.0,0.0,0.0,0.0,0.0,0.0,0.0,0.0,0.0,0.0,0.0,0.0,0.0,0.0,0.0,0.0,0.0,0.0,0.0,0.0,0.0,0.0,0.0,0.0,0.0,0.0,0.0,0.0,0.0,0.0,0.0,0.0,0.0,0.0,0.0,0.0,0.0,0.0,0.0,0.0,0.0,0.0,0.0,0.0,0.0,0.0,0.0,0.0,0.0,0.0,0.0,0.0,0.0,0.0,0.0,0.0,0.0,0.0,0.0,0.0,0.0,0.0,0.0,0.0,0.0,0.0,0.0,0.0,0.0,0.0,0.0,0.0,0.0,0.0,0.0,0.0,0.0,0.0,0.0,0.0,0.0,0.0
2017-06-01 03:39:00+02:00,0.0,0.0,0.0,0.0,0.0,0.0,0.0,0.0,0.0,0.0,0.0,0.0,0.0,0.0,0.0,0.0,0.0,0.0,0.0,0.0,0.0,0.0,0.0,0.0,0.0,0.0,0.0,0.0,0.0,0.0,0.0,0.0,0.0,0.0,0.0,0.0,0.0,0.0,0.0,0.0,0.0,0.0,0.0,0.0,0.0,0.0,0.0,0.0,0.0,0.0,0.0,0.0,0.0,0.0,0.0,0.0,0.0,0.0,0.0,0.0,0.0,0.0,0.0,0.0,0.0,0.0,0.0,0.0,0.0,0.0,0.0,0.0,0.0,0.0,0.0,0.0,0.0,0.0,0.0,0.0,0.0,0.0,0.0,0.0,0.0,0.0,0.0,0.0,0.0,0.0,0.0,0.0,0.0,0.0,0.0,0.0,0.0,0.0,0.0,0.0,0.0,0.0,0.0,0.0,0.0,0.0,0.0,0.0,0.0,0.0,0.0,0.0,0.0,0.0,0.0,0.0,0.0,0.0
2017-06-01 03:40:00+02:00,0.0,0.0,0.0,0.0,0.0,0.0,0.0,0.0,0.0,0.0,0.0,0.0,0.0,0.0,0.0,0.0,0.0,0.0,0.0,0.0,0.0,0.0,0.0,0.0,0.0,0.0,0.0,0.0,0.0,0.0,0.0,0.0,0.0,0.0,0.0,0.0,0.0,0.0,0.0,0.0,0.0,0.0,0.0,0.0,0.0,0.0,0.0,0.0,0.0,0.0,0.0,0.0,0.0,0.0,0.0,0.0,0.0,0.0,0.0,0.0,0.0,0.0,0.0,0.0,0.0,0.0,0.0,0.0,0.0,0.0,0.0,0.0,0.0,0.0,0.0,0.0,0.0,0.0,0.0,0.0,0.0,0.0,0.0,0.0,0.0,0.0,0.0,0.0,0.0,0.0,0.0,0.0,0.0,0.0,0.0,0.0,0.0,0.0,0.0,0.0,0.0,0.0,0.0,0.0,0.0,0.0,0.0,0.0,0.0,0.0,0.0,0.0,0.0,0.0,0.0,0.0,0.0,0.0
2017-06-01 03:41:00+02:00,0.0,0.0,0.0,0.0,0.0,0.0,0.0,0.0,0.0,0.0,0.0,0.0,0.0,0.0,0.0,0.0,0.0,0.0,0.0,0.0,0.0,0.0,0.0,0.0,0.0,0.0,0.0,0.0,0.0,0.0,0.0,0.0,0.0,0.0,0.0,0.0,0.0,0.0,0.0,0.0,0.0,0.0,0.0,0.0,0.0,0.0,0.0,0.0,0.0,0.0,0.0,0.0,0.0,0.0,0.0,0.0,0.0,0.0,0.0,0.0,0.0,0.0,0.0,0.0,0.0,0.0,0.0,0.0,0.0,0.0,0.0,0.0,0.0,0.0,0.0,0.0,0.0,0.0,0.0,0.0,0.0,0.0,0.0,0.0,0.0,0.0,0.0,0.0,0.0,0.0,0.0,0.0,0.0,0.0,0.0,0.0,0.0,0.0,0.0,0.0,0.0,0.0,0.0,0.0,0.0,0.0,0.0,0.0,0.0,0.0,0.0,0.0,0.0,0.0,0.0,0.0,0.0,0.0
2017-06-01 03:42:00+02:00,0.0,0.0,0.0,0.0,0.0,0.0,0.0,0.0,0.0,0.0,0.0,0.0,0.0,0.0,0.0,0.0,0.0,0.0,0.0,0.0,0.0,0.0,0.0,0.0,0.0,0.0,0.0,0.0,0.0,0.0,0.0,0.0,0.0,0.0,0.0,0.0,0.0,0.0,0.0,0.0,0.0,0.0,0.0,0.0,0.0,0.0,0.0,0.0,0.0,0.0,0.0,0.0,0.0,0.0,0.0,0.0,0.0,0.0,0.0,0.0,0.0,0.0,0.0,0.0,0.0,0.0,0.0,0.0,0.0,0.0,0.0,0.0,0.0,0.0,0.0,0.0,0.0,0.0,0.0,0.0,0.0,0.0,0.0,0.0,0.0,0.0,0.0,0.0,0.0,0.0,0.0,0.0,0.0,0.0,0.0,0.0,0.0,0.0,0.0,0.0,0.0,0.0,0.0,0.0,0.0,0.0,0.0,0.0,0.0,0.0,0.0,0.0,0.0,0.0,0.0,0.0,0.0,0.0
2017-06-01 03:43:00+02:00,0.0,0.0,0.0,0.0,0.0,0.0,0.0,0.0,0.0,0.0,0.0,0.0,0.0,0.0,0.0,0.0,0.0,0.0,0.0,0.0,0.0,0.0,0.0,0.0,0.0,0.0,0.0,0.0,0.0,0.0,0.0,0.0,0.0,0.0,0.0,0.0,0.0,0.0,0.0,0.0,0.0,0.0,0.0,0.0,0.0,0.0,0.0,0.0,0.0,0.0,0.0,0.0,0.0,0.0,0.0,0.0,0.0,0.0,0.0,0.0,0.0,0.0,0.0,0.0,0.0,0.0,0.0,0.0,0.0,0.0,0.0,0.0,0.0,0.0,0.0,0.0,0.0,0.0,0.0,0.0,0.0,0.0,0.0,0.0,0.0,0.0,0.0,0.0,0.0,0.0,0.0,0.0,0.0,0.0,0.0,0.0,0.0,0.0,0.0,0.0,0.0,0.0,0.0,0.0,0.0,0.0,0.0,0.0,0.0,0.0,0.0,0.0,0.0,0.0,0.0,0.0,0.0,0.0
2017-06-01 03:44:00+02:00,0.0,0.0,0.0,0.0,0.0,0.0,0.0,0.0,0.0,0.0,0.0,0.0,0.0,0.0,0.0,0.0,0.0,0.0,0.0,0.0,0.0,0.0,0.0,0.0,0.0,0.0,0.0,0.0,0.0,0.0,0.0,0.0,0.0,0.0,0.0,0.0,0.0,0.0,0.0,0.0,0.0,0.0,0.0,0.0,0.0,0.0,0.0,0.0,0.0,0.0,0.0,0.0,0.0,0.0,0.0,0.0,0.0,0.0,0.0,0.0,0.0,0.0,0.0,0.0,0.0,0.0,0.0,0.0,0.0,0.0,0.0,0.0,0.0,0.0,0.0,0.0,0.0,0.0,0.0,0.0,0.0,0.0,0.0,0.0,0.0,0.0,0.0,0.0,0.0,0.0,0.0,0.0,0.0,0.0,0.0,0.0,0.0,0.0,0.0,0.0,0.0,0.0,0.0,0.0,0.0,0.0,0.0,0.0,0.0,0.0,0.0,0.0,0.0,0.0,0.0,0.0,0.0,0.0
2017-06-01 03:45:00+02:00,0.0,0.0,0.0,0.0,0.0,0.0,0.0,0.0,0.0,0.0,0.0,0.0,0.0,0.0,0.0,0.0,0.0,0.0,0.0,0.0,0.0,0.0,0.0,0.0,0.0,0.0,0.0,0.0,0.0,0.0,0.0,0.0,0.0,0.0,0.0,0.0,0.0,0.0,0.0,0.0,0.0,0.0,0.0,0.0,0.0,0.0,0.0,0.0,0.0,0.0,0.0,0.0,0.0,0.0,0.0,0.0,0.0,0.0,0.0,0.0,0.0,0.0,0.0,0.0,0.0,0.0,0.0,0.0,0.0,0.0,0.0,0.0,0.0,0.0,0.0,0.0,0.0,0.0,0.0,0.0,0.0,0.0,0.0,0.0,0.0,0.0,0.0,0.0,0.0,0.0,0.0,0.0,0.0,0.0,0.0,0.0,0.0,0.0,0.0,0.0,0.0,0.0,0.0,0.0,0.0,0.0,0.0,0.0,0.0,0.0,0.0,0.0,0.0,0.0,0.0,0.0,0.0,0.0
2017-06-01 03:46:00+02:00,0.0,0.0,0.0,0.0,0.0,0.0,0.0,0.0,0.0,0.0,0.0,0.0,0.0,0.0,0.0,0.0,0.0,0.0,0.0,0.0,0.0,0.0,0.0,0.0,0.0,0.0,0.0,0.0,0.0,0.0,0.0,0.0,0.0,0.0,0.0,0.0,0.0,0.0,0.0,0.0,0.0,0.0,0.0,0.0,0.0,0.0,0.0,0.0,0.0,0.0,0.0,0.0,0.0,0.0,0.0,0.0,0.0,0.0,0.0,0.0,0.0,0.0,0.0,0.0,0.0,0.0,0.0,0.0,0.0,0.0,0.0,0.0,0.0,0.0,0.0,0.0,0.0,0.0,0.0,0.0,0.0,0.0,0.0,0.0,0.0,0.0,0.0,0.0,0.0,0.0,0.0,0.0,0.0,0.0,0.0,0.0,0.0,0.0,0.0,0.0,0.0,0.0,0.0,0.0,0.0,0.0,0.0,0.0,0.0,0.0,0.0,0.0,0.0,0.0,0.0,0.0,0.0,0.0
2017-06-01 03:47:00+02:00,0.0,0.0,0.0,0.0,0.0,0.0,0.0,0.0,0.0,0.0,0.0,0.0,0.0,0.0,0.0,0.0,0.0,0.0,0.0,0.0,0.0,0.0,0.0,0.0,0.0,0.0,0.0,0.0,0.0,0.0,0.0,0.0,0.0,0.0,0.0,0.0,0.0,0.0,0.0,0.0,0.0,0.0,0.0,0.0,0.0,0.0,0.0,0.0,0.0,0.0,0.0,0.0,0.0,0.0,0.0,0.0,0.0,0.0,0.0,0.0,0.0,0.0,0.0,0.0,0.0,0.0,0.0,0.0,0.0,0.0,0.0,0.0,0.0,0.0,0.0,0.0,0.0,0.0,0.0,0.0,0.0,0.0,0.0,0.0,0.0,0.0,0.0,0.0,0.0,0.0,0.0,0.0,0.0,0.0,0.0,0.0,0.0,0.0,0.0,0.0,0.0,0.0,0.0,0.0,0.0,0.0,0.0,0.0,0.0,0.0,0.0,0.0,0.0,0.0,0.0,0.0,0.0,0.0
2017-06-01 03:48:00+02:00,0.0,0.0,0.0,0.0,0.0,0.0,0.0,0.0,0.0,0.0,0.0,0.0,0.0,0.0,0.0,0.0,0.0,0.0,0.0,0.0,0.0,0.0,0.0,0.0,0.0,0.0,0.0,0.0,0.0,0.0,0.0,0.0,0.0,0.0,0.0,0.0,0.0,0.0,0.0,0.0,0.0,0.0,0.0,0.0,0.0,0.0,0.0,0.0,0.0,0.0,0.0,0.0,0.0,0.0,0.0,0.0,0.0,0.0,0.0,0.0,0.0,0.0,0.0,0.0,0.0,0.0,0.0,0.0,0.0,0.0,0.0,0.0,0.0,0.0,0.0,0.0,0.0,0.0,0.0,0.0,0.0,0.0,0.0,0.0,0.0,0.0,0.0,0.0,0.0,0.0,0.0,0.0,0.0,0.0,0.0,0.0,0.0,0.0,0.0,0.0,0.0,0.0,0.0,0.0,0.0,0.0,0.0,0.0,0.0,0.0,0.0,0.0,0.0,0.0,0.0,0.0,0.0,0.0
2017-06-01 03:49:00+02:00,0.0,0.0,0.0,0.0,0.0,0.0,0.0,0.0,0.0,0.0,0.0,0.0,0.0,0.0,0.0,0.0,0.0,0.0,0.0,0.0,0.0,0.0,0.0,0.0,0.0,0.0,0.0,0.0,0.0,0.0,0.0,0.0,0.0,0.0,0.0,0.0,0.0,0.0,0.0,0.0,0.0,0.0,0.0,0.0,0.0,0.0,0.0,0.0,0.0,0.0,0.0,0.0,0.0,0.0,0.0,0.0,0.0,0.0,0.0,0.0,0.0,0.0,0.0,0.0,0.0,0.0,0.0,0.0,0.0,0.0,0.0,0.0,0.0,0.0,0.0,0.0,0.0,0.0,0.0,0.0,0.0,0.0,0.0,0.0,0.0,0.0,0.0,0.0,0.0,0.0,0.0,0.0,0.0,0.0,0.0,0.0,0.0,0.0,0.0,0.0,0.0,0.0,0.0,0.0,0.0,0.0,0.0,0.0,0.0,0.0,0.0,0.0,0.0,0.0,0.0,0.0,0.0,0.0
2017-06-01 03:50:00+02:00,0.0,0.0,0.0,0.0,0.0,0.0,0.0,0.0,0.0,0.0,0.0,0.0,0.0,0.0,0.0,0.0,0.0,0.0,0.0,0.0,0.0,0.0,0.0,0.0,0.0,0.0,0.0,0.0,0.0,0.0,0.0,0.0,0.0,0.0,0.0,0.0,0.0,0.0,0.0,0.0,0.0,0.0,0.0,0.0,0.0,0.0,0.0,0.0,0.0,0.0,0.0,0.0,0.0,0.0,0.0,0.0,0.0,0.0,0.0,0.0,0.0,0.0,0.0,0.0,0.0,0.0,0.0,0.0,0.0,0.0,0.0,0.0,0.0,0.0,0.0,0.0,0.0,0.0,0.0,0.0,0.0,0.0,0.0,0.0,0.0,0.0,0.0,0.0,0.0,0.0,0.0,0.0,0.0,0.0,0.0,0.0,0.0,0.0,0.0,0.0,0.0,0.0,0.0,0.0,0.0,0.0,0.0,0.0,0.0,0.0,0.0,0.0,0.0,0.0,0.0,0.0,0.0,0.0
2017-06-01 03:51:00+02:00,0.0,0.0,0.0,0.0,0.0,0.0,0.0,0.0,0.0,0.0,0.0,0.0,0.0,0.0,0.0,0.0,0.0,0.0,0.0,0.0,0.0,0.0,0.0,0.0,0.0,0.0,0.0,0.0,0.0,0.0,0.0,0.0,0.0,0.0,0.0,0.0,0.0,0.0,0.0,0.0,0.0,0.0,0.0,0.0,0.0,0.0,0.0,0.0,0.0,0.0,0.0,0.0,0.0,0.0,0.0,0.0,0.0,0.0,0.0,0.0,0.0,0.0,0.0,0.0,0.0,0.0,0.0,0.0,0.0,0.0,0.0,0.0,0.0,0.0,0.0,0.0,0.0,0.0,0.0,0.0,0.0,0.0,0.0,0.0,0.0,0.0,0.0,0.0,0.0,0.0,0.0,0.0,0.0,0.0,0.0,0.0,0.0,0.0,0.0,0.0,0.0,0.0,0.0,0.0,0.0,0.0,0.0,0.0,0.0,0.0,0.0,0.0,0.0,0.0,0.0,0.0,0.0,0.0
2017-06-01 03:52:00+02:00,0.0,0.0,0.0,0.0,0.0,0.0,0.0,0.0,0.0,0.0,0.0,0.0,0.0,0.0,0.0,0.0,0.0,0.0,0.0,0.0,0.0,0.0,0.0,0.0,0.0,0.0,0.0,0.0,0.0,0.0,0.0,0.0,0.0,0.0,0.0,0.0,0.0,0.0,0.0,0.0,0.0,0.0,0.0,0.0,0.0,0.0,0.0,0.0,0.0,0.0,0.0,0.0,0.0,0.0,0.0,0.0,0.0,0.0,0.0,0.0,0.0,0.0,0.0,0.0,0.0,0.0,0.0,0.0,0.0,0.0,0.0,0.0,0.0,0.0,0.0,0.0,0.0,0.0,0.0,0.0,0.0,0.0,0.0,0.0,0.0,0.0,0.0,0.0,0.0,0.0,0.0,0.0,0.0,0.0,0.0,0.0,0.0,0.0,0.0,0.0,0.0,0.0,0.0,0.0,0.0,0.0,0.0,0.0,0.0,0.0,0.0,0.0,0.0,0.0,0.0,0.0,0.0,0.0
2017-06-01 03:53:00+02:00,0.0,0.0,0.0,0.0,0.0,0.0,0.0,0.0,0.0,0.0,0.0,0.0,0.0,0.0,0.0,0.0,0.0,0.0,0.0,0.0,0.0,0.0,0.0,0.0,0.0,0.0,0.0,0.0,0.0,0.0,0.0,0.0,0.0,0.0,0.0,0.0,0.0,0.0,0.0,0.0,0.0,0.0,0.0,0.0,0.0,0.0,0.0,0.0,0.0,0.0,0.0,0.0,0.0,0.0,0.0,0.0,0.0,0.0,0.0,0.0,0.0,0.0,0.0,0.0,0.0,0.0,0.0,0.0,0.0,0.0,0.0,0.0,0.0,0.0,0.0,0.0,0.0,0.0,0.0,0.0,0.0,0.0,0.0,0.0,0.0,0.0,0.0,0.0,0.0,0.0,0.0,0.0,0.0,0.0,0.0,0.0,0.0,0.0,0.0,0.0,0.0,0.0,0.0,0.0,0.0,0.0,0.0,0.0,0.0,0.0,0.0,0.0,0.0,0.0,0.0,0.0,0.0,0.0
2017-06-01 03:54:00+02:00,0.0,0.0,0.0,0.0,0.0,0.0,0.0,0.0,0.0,0.0,0.0,0.0,0.0,0.0,0.0,0.0,0.0,0.0,0.0,0.0,0.0,0.0,0.0,0.0,0.0,0.0,0.0,0.0,0.0,0.0,0.0,0.0,0.0,0.0,0.0,0.0,0.0,0.0,0.0,0.0,0.0,0.0,0.0,0.0,0.0,0.0,0.0,0.0,0.0,0.0,0.0,0.0,0.0,0.0,0.0,0.0,0.0,0.0,0.0,0.0,0.0,0.0,0.0,0.0,0.0,0.0,0.0,0.0,0.0,0.0,0.0,0.0,0.0,0.0,0.0,0.0,0.0,0.0,0.0,0.0,0.0,0.0,0.0,0.0,0.0,0.0,0.0,0.0,0.0,0.0,0.0,0.0,0.0,0.0,0.0,0.0,0.0,0.0,0.0,0.0,0.0,0.0,0.0,0.0,0.0,0.0,0.0,0.0,0.0,0.0,0.0,0.0,0.0,0.0,0.0,0.0,0.0,0.0
2017-06-01 03:55:00+02:00,0.0,0.0,0.0,0.0,0.0,0.0,0.0,0.0,0.0,0.0,0.0,0.0,0.0,0.0,0.0,0.0,0.0,0.0,0.0,0.0,0.0,0.0,0.0,0.0,0.0,0.0,0.0,0.0,0.0,0.0,0.0,0.0,0.0,0.0,0.0,0.0,0.0,0.0,0.0,0.0,0.0,0.0,0.0,0.0,0.0,0.0,0.0,0.0,0.0,0.0,0.0,0.0,0.0,0.0,0.0,0.0,0.0,0.0,0.0,0.0,0.0,0.0,0.0,0.0,0.0,0.0,0.0,0.0,0.0,0.0,0.0,0.0,0.0,0.0,0.0,0.0,0.0,0.0,0.0,0.0,0.0,0.0,0.0,0.0,0.0,0.0,0.0,0.0,0.0,0.0,0.0,0.0,0.0,0.0,0.0,0.0,0.0,0.0,0.0,0.0,0.0,0.0,0.0,0.0,0.0,0.0,0.0,0.0,0.0,0.0,0.0,0.0,0.0,0.0,0.0,0.0,0.0,0.0
2017-06-01 03:56:00+02:00,0.0,0.0,0.0,0.0,0.0,0.0,0.0,0.0,0.0,0.0,0.0,0.0,0.0,0.0,0.0,0.0,0.0,0.0,0.0,0.0,0.0,0.0,0.0,0.0,0.0,0.0,0.0,0.0,0.0,0.0,0.0,0.0,0.0,0.0,0.0,0.0,0.0,0.0,0.0,0.0,0.0,0.0,0.0,0.0,0.0,0.0,0.0,0.0,0.0,0.0,0.0,0.0,0.0,0.0,0.0,0.0,0.0,0.0,0.0,0.0,0.0,0.0,0.0,0.0,0.0,0.0,0.0,0.0,0.0,0.0,0.0,0.0,0.0,0.0,0.0,0.0,0.0,0.0,0.0,0.0,0.0,0.0,0.0,0.0,0.0,0.0,0.0,0.0,0.0,0.0,0.0,0.0,0.0,0.0,0.0,0.0,0.0,0.0,0.0,0.0,0.0,0.0,0.0,0.0,0.0,0.0,0.0,0.0,0.0,0.0,0.0,0.0,0.0,0.0,0.0,0.0,0.0,0.0
2017-06-01 03:57:00+02:00,0.0,0.0,0.0,0.0,0.0,0.0,0.0,0.0,0.0,0.0,0.0,0.0,0.0,0.0,0.0,0.0,0.0,0.0,0.0,0.0,0.0,0.0,0.0,0.0,0.0,0.0,0.0,0.0,0.0,0.0,0.0,0.0,0.0,0.0,0.0,0.0,0.0,0.0,0.0,0.0,0.0,0.0,0.0,0.0,0.0,0.0,0.0,0.0,0.0,0.0,0.0,0.0,0.0,0.0,0.0,0.0,0.0,0.0,0.0,0.0,0.0,0.0,0.0,0.0,0.0,0.0,0.0,0.0,0.0,0.0,0.0,0.0,0.0,0.0,0.0,0.0,0.0,0.0,0.0,0.0,0.0,0.0,0.0,0.0,0.0,0.0,0.0,0.0,0.0,0.0,0.0,0.0,0.0,0.0,0.0,0.0,0.0,0.0,0.0,0.0,0.0,0.0,0.0,0.0,0.0,0.0,0.0,0.0,0.0,0.0,0.0,0.0,0.0,0.0,0.0,0.0,0.0,0.0
2017-06-01 03:58:00+02:00,0.0,0.0,0.0,0.0,0.0,0.0,0.0,0.0,0.0,0.0,0.0,0.0,0.0,0.0,0.0,0.0,0.0,0.0,0.0,0.0,0.0,0.0,0.0,0.0,0.0,0.0,0.0,0.0,0.0,0.0,0.0,0.0,0.0,0.0,0.0,0.0,0.0,0.0,0.0,0.0,0.0,0.0,0.0,0.0,0.0,0.0,0.0,0.0,0.0,0.0,0.0,0.0,0.0,0.0,0.0,0.0,0.0,0.0,0.0,0.0,0.0,0.0,0.0,0.0,0.0,0.0,0.0,0.0,0.0,0.0,0.0,0.0,0.0,0.0,0.0,0.0,0.0,0.0,0.0,0.0,0.0,0.0,0.0,0.0,0.0,0.0,0.0,0.0,0.0,0.0,0.0,0.0,0.0,0.0,0.0,0.0,0.0,0.0,0.0,0.0,0.0,0.0,0.0,0.0,0.0,0.0,0.0,0.0,0.0,0.0,0.0,0.0,0.0,0.0,0.0,0.0,0.0,0.0
2017-06-01 03:59:00+02:00,0.0,0.0,0.0,0.0,0.0,0.0,0.0,0.0,0.0,0.0,0.0,0.0,0.0,0.0,0.0,0.0,0.0,0.0,0.0,0.0,0.0,0.0,0.0,0.0,0.0,0.0,0.0,0.0,0.0,0.0,0.0,0.0,0.0,0.0,0.0,0.0,0.0,0.0,0.0,0.0,0.0,0.0,0.0,0.0,0.0,0.0,0.0,0.0,0.0,0.0,0.0,0.0,0.0,0.0,0.0,0.0,0.0,0.0,0.0,0.0,0.0,0.0,0.0,0.0,0.0,0.0,0.0,0.0,0.0,0.0,0.0,0.0,0.0,0.0,0.0,0.0,0.0,0.0,0.0,0.0,0.0,0.0,0.0,0.0,0.0,0.0,0.0,0.0,0.0,0.0,0.0,0.0,0.0,0.0,0.0,0.0,0.0,0.0,0.0,0.0,0.0,0.0,0.0,0.0,0.0,0.0,0.0,0.0,0.0,0.0,0.0,0.0,0.0,0.0,0.0,0.0,0.0,0.0
2017-06-01 04:00:00+02:00,0.0,0.0,0.0,0.0,0.0,0.0,0.0,0.0,0.0,0.0,0.0,0.0,0.0,0.0,0.0,0.0,0.0,0.0,0.0,0.0,0.0,0.0,0.0,0.0,0.0,0.0,0.0,0.0,0.0,0.0,0.0,0.0,0.0,0.0,0.0,0.0,0.0,0.0,0.0,0.0,0.0,0.0,0.0,0.0,0.0,0.0,0.0,0.0,0.0,0.0,0.0,0.0,0.0,0.0,0.0,0.0,0.0,0.0,0.0,0.0,0.0,0.0,0.0,0.0,0.0,0.0,0.0,0.0,0.0,0.0,0.0,0.0,0.0,0.0,0.0,0.0,0.0,0.0,0.0,0.0,0.0,0.0,0.0,0.0,0.0,0.0,0.0,0.0,0.0,0.0,0.0,0.0,0.0,0.0,0.0,0.0,0.0,0.0,0.0,0.0,0.0,0.0,0.0,0.0,0.0,0.0,0.0,0.0,0.0,0.0,0.0,0.0,0.0,0.0,0.0,0.0,0.0,0.0
2017-06-01 04:01:00+02:00,0.0,0.0,0.0,0.0,0.0,0.0,0.0,0.0,0.0,0.0,0.0,0.0,0.0,0.0,0.0,0.0,0.0,0.0,0.0,0.0,0.0,0.0,0.0,0.0,0.0,0.0,0.0,0.0,0.0,0.0,0.0,0.0,0.0,0.0,0.0,0.0,0.0,0.0,0.0,0.0,0.0,0.0,0.0,0.0,0.0,0.0,0.0,0.0,0.0,0.0,0.0,0.0,0.0,0.0,0.0,0.0,0.0,0.0,0.0,0.0,0.0,0.0,0.0,0.0,0.0,0.0,0.0,0.0,0.0,0.0,0.0,0.0,0.0,0.0,0.0,0.0,0.0,0.0,0.0,0.0,0.0,0.0,0.0,0.0,0.0,0.0,0.0,0.0,0.0,0.0,0.0,0.0,0.0,0.0,0.0,0.0,0.0,0.0,0.0,0.0,0.0,0.0,0.0,0.0,0.0,0.0,0.0,0.0,0.0,0.0,0.0,0.0,0.0,0.0,0.0,0.0,0.0,0.0
2017-06-01 04:02:00+02:00,0.0,0.0,0.0,0.0,0.0,0.0,0.0,0.0,0.0,0.0,0.0,0.0,0.0,0.0,0.0,0.0,0.0,0.0,0.0,0.0,0.0,0.0,0.0,0.0,0.0,0.0,0.0,0.0,0.0,0.0,0.0,0.0,0.0,0.0,0.0,0.0,0.0,0.0,0.0,0.0,0.0,0.0,0.0,0.0,0.0,0.0,0.0,0.0,0.0,0.0,0.0,0.0,0.0,0.0,0.0,0.0,0.0,0.0,0.0,0.0,0.0,0.0,0.0,0.0,0.0,0.0,0.0,0.0,0.0,0.0,0.0,0.0,0.0,0.0,0.0,0.0,0.0,0.0,0.0,0.0,0.0,0.0,0.0,0.0,0.0,0.0,0.0,0.0,0.0,0.0,0.0,0.0,0.0,0.0,0.0,0.0,0.0,0.0,0.0,0.0,0.0,0.0,0.0,0.0,0.0,0.0,0.0,0.0,0.0,0.0,0.0,0.0,0.0,0.0,0.0,0.0,0.0,0.0
2017-06-01 04:03:00+02:00,0.0,0.0,0.0,0.0,0.0,0.0,0.0,0.0,0.0,0.0,0.0,0.0,0.0,0.0,0.0,0.0,0.0,0.0,0.0,0.0,0.0,0.0,0.0,0.0,0.0,0.0,0.0,0.0,0.0,0.0,0.0,0.0,0.0,0.0,0.0,0.0,0.0,0.0,0.0,0.0,0.0,0.0,0.0,0.0,0.0,0.0,0.0,0.0,0.0,0.0,0.0,0.0,0.0,0.0,0.0,0.0,0.0,0.0,0.0,0.0,0.0,0.0,0.0,0.0,0.0,0.0,0.0,0.0,0.0,0.0,0.0,0.0,0.0,0.0,0.0,0.0,0.0,0.0,0.0,0.0,0.0,0.0,0.0,0.0,0.0,0.0,0.0,0.0,0.0,0.0,0.0,0.0,0.0,0.0,0.0,0.0,0.0,0.0,0.0,0.0,0.0,0.0,0.0,0.0,0.0,0.0,0.0,0.0,0.0,0.0,0.0,0.0,0.0,0.0,0.0,0.0,0.0,0.0
2017-06-01 04:04:00+02:00,0.0,0.0,0.0,0.0,0.0,0.0,0.0,0.0,0.0,0.0,0.0,0.0,0.0,0.0,0.0,0.0,0.0,0.0,0.0,0.0,0.0,0.0,0.0,0.0,0.0,0.0,0.0,0.0,0.0,0.0,0.0,0.0,0.0,0.0,0.0,0.0,0.0,0.0,0.0,0.0,0.0,0.0,0.0,0.0,0.0,0.0,0.0,0.0,0.0,0.0,0.0,0.0,0.0,0.0,0.0,0.0,0.0,0.0,0.0,0.0,0.0,0.0,0.0,0.0,0.0,0.0,0.0,0.0,0.0,0.0,0.0,0.0,0.0,0.0,0.0,0.0,0.0,0.0,0.0,0.0,0.0,0.0,0.0,0.0,0.0,0.0,0.0,0.0,0.0,0.0,0.0,0.0,0.0,0.0,0.0,0.0,0.0,0.0,0.0,0.0,0.0,0.0,0.0,0.0,0.0,0.0,0.0,0.0,0.0,0.0,0.0,0.0,0.0,0.0,0.0,0.0,0.0,0.0
2017-06-01 04:05:00+02:00,0.0,0.0,0.0,0.0,0.0,0.0,0.0,0.0,0.0,0.0,0.0,0.0,0.0,0.0,0.0,0.0,0.0,0.0,0.0,0.0,0.0,0.0,0.0,0.0,0.0,0.0,0.0,0.0,0.0,0.0,0.0,0.0,0.0,0.0,0.0,0.0,0.0,0.0,0.0,0.0,0.0,0.0,0.0,0.0,0.0,0.0,0.0,0.0,0.0,0.0,0.0,0.0,0.0,0.0,0.0,0.0,0.0,0.0,0.0,0.0,0.0,0.0,0.0,0.0,0.0,0.0,0.0,0.0,0.0,0.0,0.0,0.0,0.0,0.0,0.0,0.0,0.0,0.0,0.0,0.0,0.0,0.0,0.0,0.0,0.0,0.0,0.0,0.0,0.0,0.0,0.0,0.0,0.0,0.0,0.0,0.0,0.0,0.0,0.0,0.0,0.0,0.0,0.0,0.0,0.0,0.0,0.0,0.0,0.0,0.0,0.0,0.0,0.0,0.0,0.0,0.0,0.0,0.0
2017-06-01 04:06:00+02:00,0.0,0.0,0.0,0.0,0.0,0.0,0.0,0.0,0.0,0.0,0.0,0.0,0.0,0.0,0.0,0.0,0.0,0.0,0.0,0.0,0.0,0.0,0.0,0.0,0.0,0.0,0.0,0.0,0.0,0.0,0.0,0.0,0.0,0.0,0.0,0.0,0.0,0.0,0.0,0.0,0.0,0.0,0.0,0.0,0.0,0.0,0.0,0.0,0.0,0.0,0.0,0.0,0.0,0.0,0.0,0.0,0.0,0.0,0.0,0.0,0.0,0.0,0.0,0.0,0.0,0.0,0.0,0.0,0.0,0.0,0.0,0.0,0.0,0.0,0.0,0.0,0.0,0.0,0.0,0.0,0.0,0.0,0.0,0.0,0.0,0.0,0.0,0.0,0.0,0.0,0.0,0.0,0.0,0.0,0.0,0.0,0.0,0.0,0.0,0.0,0.0,0.0,0.0,0.0,0.0,0.0,0.0,0.0,0.0,0.0,0.0,0.0,0.0,0.0,0.0,0.0,0.0,0.0
2017-06-01 04:07:00+02:00,0.0,0.0,0.0,0.0,0.0,0.0,0.0,0.0,0.0,0.0,0.0,0.0,0.0,0.0,0.0,0.0,0.0,0.0,0.0,0.0,0.0,0.0,0.0,0.0,0.0,0.0,0.0,0.0,0.0,0.0,0.0,0.0,0.0,0.0,0.0,0.0,0.0,0.0,0.0,0.0,0.0,0.0,0.0,0.0,0.0,0.0,0.0,0.0,0.0,0.0,0.0,0.0,0.0,0.0,0.0,0.0,0.0,0.0,0.0,0.0,0.0,0.0,0.0,0.0,0.0,0.0,0.0,0.0,0.0,0.0,0.0,0.0,0.0,0.0,0.0,0.0,0.0,0.0,0.0,0.0,0.0,0.0,0.0,0.0,0.0,0.0,0.0,0.0,0.0,0.0,0.0,0.0,0.0,0.0,0.0,0.0,0.0,0.0,0.0,0.0,0.0,0.0,0.0,0.0,0.0,0.0,0.0,0.0,0.0,0.0,0.0,0.0,0.0,0.0,0.0,0.0,0.0,0.0
2017-06-01 04:08:00+02:00,0.0,0.0,0.0,0.0,0.0,0.0,0.0,0.0,0.0,0.0,0.0,0.0,0.0,0.0,0.0,0.0,0.0,0.0,0.0,0.0,0.0,0.0,0.0,0.0,0.0,0.0,0.0,0.0,0.0,0.0,0.0,0.0,0.0,0.0,0.0,0.0,0.0,0.0,0.0,0.0,0.0,0.0,0.0,0.0,0.0,0.0,0.0,0.0,0.0,0.0,0.0,0.0,0.0,0.0,0.0,0.0,0.0,0.0,0.0,0.0,0.0,0.0,0.0,0.0,0.0,0.0,0.0,0.0,0.0,0.0,0.0,0.0,0.0,0.0,0.0,0.0,0.0,0.0,0.0,0.0,0.0,0.0,0.0,0.0,0.0,0.0,0.0,0.0,0.0,0.0,0.0,0.0,0.0,0.0,0.0,0.0,0.0,0.0,0.0,0.0,0.0,0.0,0.0,0.0,0.0,0.0,0.0,0.0,0.0,0.0,0.0,0.0,0.0,0.0,0.0,0.0,0.0,0.0
2017-06-01 04:09:00+02:00,0.0,0.0,0.0,0.0,0.0,0.0,0.0,0.0,0.0,0.0,0.0,0.0,0.0,0.0,0.0,0.0,0.0,0.0,0.0,0.0,0.0,0.0,0.0,0.0,0.0,0.0,0.0,0.0,0.0,0.0,0.0,0.0,0.0,0.0,0.0,0.0,0.0,0.0,0.0,0.0,0.0,0.0,0.0,0.0,0.0,0.0,0.0,0.0,0.0,0.0,0.0,0.0,0.0,0.0,0.0,0.0,0.0,0.0,0.0,0.0,0.0,0.0,0.0,0.0,0.0,0.0,0.0,0.0,0.0,0.0,0.0,0.0,0.0,0.0,0.0,0.0,0.0,0.0,0.0,0.0,0.0,0.0,0.0,0.0,0.0,0.0,0.0,0.0,0.0,0.0,0.0,0.0,0.0,0.0,0.0,0.0,0.0,0.0,0.0,0.0,0.0,0.0,0.0,0.0,0.0,0.0,0.0,0.0,0.0,0.0,0.0,0.0,0.0,0.0,0.0,0.0,0.0,0.0
2017-06-01 04:10:00+02:00,0.0,0.0,0.0,0.0,0.0,0.0,0.0,0.0,0.0,0.0,0.0,0.0,0.0,0.0,0.0,0.0,0.0,0.0,0.0,0.0,0.0,0.0,0.0,0.0,0.0,0.0,0.0,0.0,0.0,0.0,0.0,0.0,0.0,0.0,0.0,0.0,0.0,0.0,0.0,0.0,0.0,0.0,0.0,0.0,0.0,0.0,0.0,0.0,0.0,0.0,0.0,0.0,0.0,0.0,0.0,0.0,0.0,0.0,0.0,0.0,0.0,0.0,0.0,0.0,0.0,0.0,0.0,0.0,0.0,0.0,0.0,0.0,0.0,0.0,0.0,0.0,0.0,0.0,0.0,0.0,0.0,0.0,0.0,0.0,0.0,0.0,0.0,0.0,0.0,0.0,0.0,0.0,0.0,0.0,0.0,0.0,0.0,0.0,0.0,0.0,0.0,0.0,0.0,0.0,0.0,0.0,0.0,0.0,0.0,0.0,0.0,0.0,0.0,0.0,0.0,0.0,0.0,0.0
2017-06-01 04:11:00+02:00,0.0,0.0,0.0,0.0,0.0,0.0,0.0,0.0,0.0,0.0,0.0,0.0,0.0,0.0,0.0,0.0,0.0,0.0,0.0,0.0,0.0,0.0,0.0,0.0,0.0,0.0,0.0,0.0,0.0,0.0,0.0,0.0,0.0,0.0,0.0,0.0,0.0,0.0,0.0,0.0,0.0,0.0,0.0,0.0,0.0,0.0,0.0,0.0,0.0,0.0,0.0,0.0,0.0,0.0,0.0,0.0,0.0,0.0,0.0,0.0,0.0,0.0,0.0,0.0,0.0,0.0,0.0,0.0,0.0,0.0,0.0,0.0,0.0,0.0,0.0,0.0,0.0,0.0,0.0,0.0,0.0,0.0,0.0,0.0,0.0,0.0,0.0,0.0,0.0,0.0,0.0,0.0,0.0,0.0,0.0,0.0,0.0,0.0,0.0,0.0,0.0,0.0,0.0,0.0,0.0,0.0,0.0,0.0,0.0,0.0,0.0,0.0,0.0,0.0,0.0,0.0,0.0,0.0
2017-06-01 04:12:00+02:00,0.0,0.0,0.0,0.0,0.0,0.0,0.0,0.0,0.0,0.0,0.0,0.0,0.0,0.0,0.0,0.0,0.0,0.0,0.0,0.0,0.0,0.0,0.0,0.0,0.0,0.0,0.0,0.0,0.0,0.0,0.0,0.0,0.0,0.0,0.0,0.0,0.0,0.0,0.0,0.0,0.0,0.0,0.0,0.0,0.0,0.0,0.0,0.0,0.0,0.0,0.0,0.0,0.0,0.0,0.0,0.0,0.0,0.0,0.0,0.0,0.0,0.0,0.0,0.0,0.0,0.0,0.0,0.0,0.0,0.0,0.0,0.0,0.0,0.0,0.0,0.0,0.0,0.0,0.0,0.0,0.0,0.0,0.0,0.0,0.0,0.0,0.0,0.0,0.0,0.0,0.0,0.0,0.0,0.0,0.0,0.0,0.0,0.0,0.0,0.0,0.0,0.0,0.0,0.0,0.0,0.0,0.0,0.0,0.0,0.0,0.0,0.0,0.0,0.0,0.0,0.0,0.0,0.0
2017-06-01 04:13:00+02:00,0.0,0.0,0.0,0.0,0.0,0.0,0.0,0.0,0.0,0.0,0.0,0.0,0.0,0.0,0.0,0.0,0.0,0.0,0.0,0.0,0.0,0.0,0.0,0.0,0.0,0.0,0.0,0.0,0.0,0.0,0.0,0.0,0.0,0.0,0.0,0.0,0.0,0.0,0.0,0.0,0.0,0.0,0.0,0.0,0.0,0.0,0.0,0.0,0.0,0.0,0.0,0.0,0.0,0.0,0.0,0.0,0.0,0.0,0.0,0.0,0.0,0.0,0.0,0.0,0.0,0.0,0.0,0.0,0.0,0.0,0.0,0.0,0.0,0.0,0.0,0.0,0.0,0.0,0.0,0.0,0.0,0.0,0.0,0.0,0.0,0.0,0.0,0.0,0.0,0.0,0.0,0.0,0.0,0.0,0.0,0.0,0.0,0.0,0.0,0.0,0.0,0.0,0.0,0.0,0.0,0.0,0.0,0.0,0.0,0.0,0.0,0.0,0.0,0.0,0.0,0.0,0.0,0.0
2017-06-01 04:14:00+02:00,0.0,0.0,0.0,0.0,0.0,0.0,0.0,0.0,0.0,0.0,0.0,0.0,0.0,0.0,0.0,0.0,0.0,0.0,0.0,0.0,0.0,0.0,0.0,0.0,0.0,0.0,0.0,0.0,0.0,0.0,0.0,0.0,0.0,0.0,0.0,0.0,0.0,0.0,0.0,0.0,0.0,0.0,0.0,0.0,0.0,0.0,0.0,0.0,0.0,0.0,0.0,0.0,0.0,0.0,0.0,0.0,0.0,0.0,0.0,0.0,0.0,0.0,0.0,0.0,0.0,0.0,0.0,0.0,0.0,0.0,0.0,0.0,0.0,0.0,0.0,0.0,0.0,0.0,0.0,0.0,0.0,0.0,0.0,0.0,0.0,0.0,0.0,0.0,0.0,0.0,0.0,0.0,0.0,0.0,0.0,0.0,0.0,0.0,0.0,0.0,0.0,0.0,0.0,0.0,0.0,0.0,0.0,0.0,0.0,0.0,0.0,0.0,0.0,0.0,0.0,0.0,0.0,0.0
2017-06-01 04:15:00+02:00,0.0,0.0,0.0,0.0,0.0,0.0,0.0,0.0,0.0,0.0,0.0,0.0,0.0,0.0,0.0,0.0,0.0,0.0,0.0,0.0,0.0,0.0,0.0,0.0,0.0,0.0,0.0,0.0,0.0,0.0,0.0,0.0,0.0,0.0,0.0,0.0,0.0,0.0,0.0,0.0,0.0,0.0,0.0,0.0,0.0,0.0,0.0,0.0,0.0,0.0,0.0,0.0,0.0,0.0,0.0,0.0,0.0,0.0,0.0,0.0,0.0,0.0,0.0,0.0,0.0,0.0,0.0,0.0,0.0,0.0,0.0,0.0,0.0,0.0,0.0,0.0,0.0,0.0,0.0,0.0,0.0,0.0,0.0,0.0,0.0,0.0,0.0,0.0,0.0,0.0,0.0,0.0,0.0,0.0,0.0,0.0,0.0,0.0,0.0,0.0,0.0,0.0,0.0,0.0,0.0,0.0,0.0,0.0,0.0,0.0,0.0,0.0,0.0,0.0,0.0,0.0,0.0,0.0
2017-06-01 04:16:00+02:00,0.0,0.0,0.0,0.0,0.0,0.0,0.0,0.0,0.0,0.0,0.0,0.0,0.0,0.0,0.0,0.0,0.0,0.0,0.0,0.0,0.0,0.0,0.0,0.0,0.0,0.0,0.0,0.0,0.0,0.0,0.0,0.0,0.0,0.0,0.0,0.0,0.0,0.0,0.0,0.0,0.0,0.0,0.0,0.0,0.0,0.0,0.0,0.0,0.0,0.0,0.0,0.0,0.0,0.0,0.0,0.0,0.0,0.0,0.0,0.0,0.0,0.0,0.0,0.0,0.0,0.0,0.0,0.0,0.0,0.0,0.0,0.0,0.0,0.0,0.0,0.0,0.0,0.0,0.0,0.0,0.0,0.0,0.0,0.0,0.0,0.0,0.0,0.0,0.0,0.0,0.0,0.0,0.0,0.0,0.0,0.0,0.0,0.0,0.0,0.0,0.0,0.0,0.0,0.0,0.0,0.0,0.0,0.0,0.0,0.0,0.0,0.0,0.0,0.0,0.0,0.0,0.0,0.0
2017-06-01 04:17:00+02:00,0.0,0.0,0.0,0.0,0.0,0.0,0.0,0.0,0.0,0.0,0.0,0.0,0.0,0.0,0.0,0.0,0.0,0.0,0.0,0.0,0.0,0.0,0.0,0.0,0.0,0.0,0.0,0.0,0.0,0.0,0.0,0.0,0.0,0.0,0.0,0.0,0.0,0.0,0.0,0.0,0.0,0.0,0.0,0.0,0.0,0.0,0.0,0.0,0.0,0.0,0.0,0.0,0.0,0.0,0.0,0.0,0.0,0.0,0.0,0.0,0.0,0.0,0.0,0.0,0.0,0.0,0.0,0.0,0.0,0.0,0.0,0.0,0.0,0.0,0.0,0.0,0.0,0.0,0.0,0.0,0.0,0.0,0.0,0.0,0.0,0.0,0.0,0.0,0.0,0.0,0.0,0.0,0.0,0.0,0.0,0.0,0.0,0.0,0.0,0.0,0.0,0.0,0.0,0.0,0.0,0.0,0.0,0.0,0.0,0.0,0.0,0.0,0.0,0.0,0.0,0.0,0.0,0.0
2017-06-01 04:18:00+02:00,0.0,0.0,0.0,0.0,0.0,0.0,0.0,0.0,0.0,0.0,0.0,0.0,0.0,0.0,0.0,0.0,0.0,0.0,0.0,0.0,0.0,0.0,0.0,0.0,0.0,0.0,0.0,0.0,0.0,0.0,0.0,0.0,0.0,0.0,0.0,0.0,0.0,0.0,0.0,0.0,0.0,0.0,0.0,0.0,0.0,0.0,0.0,0.0,0.0,0.0,0.0,0.0,0.0,0.0,0.0,0.0,0.0,0.0,0.0,0.0,0.0,0.0,0.0,0.0,0.0,0.0,0.0,0.0,0.0,0.0,0.0,0.0,0.0,0.0,0.0,0.0,0.0,0.0,0.0,0.0,0.0,0.0,0.0,0.0,0.0,0.0,0.0,0.0,0.0,0.0,0.0,0.0,0.0,0.0,0.0,0.0,0.0,0.0,0.0,0.0,0.0,0.0,0.0,0.0,0.0,0.0,0.0,0.0,0.0,0.0,0.0,0.0,0.0,0.0,0.0,0.0,0.0,0.0
2017-06-01 04:19:00+02:00,0.0,0.0,0.0,0.0,0.0,0.0,0.0,0.0,0.0,0.0,0.0,0.0,0.0,0.0,0.0,0.0,0.0,0.0,0.0,0.0,0.0,0.0,0.0,0.0,0.0,0.0,0.0,0.0,0.0,0.0,0.0,0.0,0.0,0.0,0.0,0.0,0.0,0.0,0.0,0.0,0.0,0.0,0.0,0.0,0.0,0.0,0.0,0.0,0.0,0.0,0.0,0.0,0.0,0.0,0.0,0.0,0.0,0.0,0.0,0.0,0.0,0.0,0.0,0.0,0.0,0.0,0.0,0.0,0.0,0.0,0.0,0.0,0.0,0.0,0.0,0.0,0.0,0.0,0.0,0.0,0.0,0.0,0.0,0.0,0.0,0.0,0.0,0.0,0.0,0.0,0.0,0.0,0.0,0.0,0.0,0.0,0.0,0.0,0.0,0.0,0.0,0.0,0.0,0.0,0.0,0.0,0.0,0.0,0.0,0.0,0.0,0.0,0.0,0.0,0.0,0.0,0.0,0.0
2017-06-01 04:20:00+02:00,0.0,0.0,0.0,0.0,0.0,0.0,0.0,0.0,0.0,0.0,0.0,0.0,0.0,0.0,0.0,0.0,0.0,0.0,0.0,0.0,0.0,0.0,0.0,0.0,0.0,0.0,0.0,0.0,0.0,0.0,0.0,0.0,0.0,0.0,0.0,0.0,0.0,0.0,0.0,0.0,0.0,0.0,0.0,0.0,0.0,0.0,0.0,0.0,0.0,0.0,0.0,0.0,0.0,0.0,0.0,0.0,0.0,0.0,0.0,0.0,0.0,0.0,0.0,0.0,0.0,0.0,0.0,0.0,0.0,0.0,0.0,0.0,0.0,0.0,0.0,0.0,0.0,0.0,0.0,0.0,0.0,0.0,0.0,0.0,0.0,0.0,0.0,0.0,0.0,0.0,0.0,0.0,0.0,0.0,0.0,0.0,0.0,0.0,0.0,0.0,0.0,0.0,0.0,0.0,0.0,0.0,0.0,0.0,0.0,0.0,0.0,0.0,0.0,0.0,0.0,0.0,0.0,0.0
2017-06-01 04:21:00+02:00,0.0,0.0,0.0,0.0,0.0,0.0,0.0,0.0,0.0,0.0,0.0,0.0,0.0,0.0,0.0,0.0,0.0,0.0,0.0,0.0,0.0,0.0,0.0,0.0,0.0,0.0,0.0,0.0,0.0,0.0,0.0,0.0,0.0,0.0,0.0,0.0,0.0,0.0,0.0,0.0,0.0,0.0,0.0,0.0,0.0,0.0,0.0,0.0,0.0,0.0,0.0,0.0,0.0,0.0,0.0,0.0,0.0,0.0,0.0,0.0,0.0,0.0,0.0,0.0,0.0,0.0,0.0,0.0,0.0,0.0,0.0,0.0,0.0,0.0,0.0,0.0,0.0,0.0,0.0,0.0,0.0,0.0,0.0,0.0,0.0,0.0,0.0,0.0,0.0,0.0,0.0,0.0,0.0,0.0,0.0,0.0,0.0,0.0,0.0,0.0,0.0,0.0,0.0,0.0,0.0,0.0,0.0,0.0,0.0,0.0,0.0,0.0,0.0,0.0,0.0,0.0,0.0,0.0
2017-06-01 04:22:00+02:00,0.0,0.0,0.0,0.0,0.0,0.0,0.0,0.0,0.0,0.0,0.0,0.0,0.0,0.0,0.0,0.0,0.0,0.0,0.0,0.0,0.0,0.0,0.0,0.0,0.0,0.0,0.0,0.0,0.0,0.0,0.0,0.0,0.0,0.0,0.0,0.0,0.0,0.0,0.0,0.0,0.0,0.0,0.0,0.0,0.0,0.0,0.0,0.0,0.0,0.0,0.0,0.0,0.0,0.0,0.0,0.0,0.0,0.0,0.0,0.0,0.0,0.0,0.0,0.0,0.0,0.0,0.0,0.0,0.0,0.0,0.0,0.0,0.0,0.0,0.0,0.0,0.0,0.0,0.0,0.0,0.0,0.0,0.0,0.0,0.0,0.0,0.0,0.0,0.0,0.0,0.0,0.0,0.0,0.0,0.0,0.0,0.0,0.0,0.0,0.0,0.0,0.0,0.0,0.0,0.0,0.0,0.0,0.0,0.0,0.0,0.0,0.0,0.0,0.0,0.0,0.0,0.0,0.0
2017-06-01 04:23:00+02:00,0.0,0.0,0.0,0.0,0.0,0.0,0.0,0.0,0.0,0.0,0.0,0.0,0.0,0.0,0.0,0.0,0.0,0.0,0.0,0.0,0.0,0.0,0.0,0.0,0.0,0.0,0.0,0.0,0.0,0.0,0.0,0.0,0.0,0.0,0.0,0.0,0.0,0.0,0.0,0.0,0.0,0.0,0.0,0.0,0.0,0.0,0.0,0.0,0.0,0.0,0.0,0.0,0.0,0.0,0.0,0.0,0.0,0.0,0.0,0.0,0.0,0.0,0.0,0.0,0.0,0.0,0.0,0.0,0.0,0.0,0.0,0.0,0.0,0.0,0.0,0.0,0.0,0.0,0.0,0.0,0.0,0.0,0.0,0.0,0.0,0.0,0.0,0.0,0.0,0.0,0.0,0.0,0.0,0.0,0.0,0.0,0.0,0.0,0.0,0.0,0.0,0.0,0.0,0.0,0.0,0.0,0.0,0.0,0.0,0.0,0.0,0.0,0.0,0.0,0.0,0.0,0.0,0.0
2017-06-01 04:24:00+02:00,0.0,0.0,0.0,0.0,0.0,0.0,0.0,0.0,0.0,0.0,0.0,0.0,0.0,0.0,0.0,0.0,0.0,0.0,0.0,0.0,0.0,0.0,0.0,0.0,0.0,0.0,0.0,0.0,0.0,0.0,0.0,0.0,0.0,0.0,0.0,0.0,0.0,0.0,0.0,0.0,0.0,0.0,0.0,0.0,0.0,0.0,0.0,0.0,0.0,0.0,0.0,0.0,0.0,0.0,0.0,0.0,0.0,0.0,0.0,0.0,0.0,0.0,0.0,0.0,0.0,0.0,0.0,0.0,0.0,0.0,0.0,0.0,0.0,0.0,0.0,0.0,0.0,0.0,0.0,0.0,0.0,0.0,0.0,0.0,0.0,0.0,0.0,0.0,0.0,0.0,0.0,0.0,0.0,0.0,0.0,0.0,0.0,0.0,0.0,0.0,0.0,0.0,0.0,0.0,0.0,0.0,0.0,0.0,0.0,0.0,0.0,0.0,0.0,0.0,0.0,0.0,0.0,0.0
2017-06-01 04:25:00+02:00,0.0,0.0,0.0,0.0,0.0,0.0,0.0,0.0,0.0,0.0,0.0,0.0,0.0,0.0,0.0,0.0,0.0,0.0,0.0,0.0,0.0,0.0,0.0,0.0,0.0,0.0,0.0,0.0,0.0,0.0,0.0,0.0,0.0,0.0,0.0,0.0,0.0,0.0,0.0,0.0,0.0,0.0,0.0,0.0,0.0,0.0,0.0,0.0,0.0,0.0,0.0,0.0,0.0,0.0,0.0,0.0,0.0,0.0,0.0,0.0,0.0,0.0,0.0,0.0,0.0,0.0,0.0,0.0,0.0,0.0,0.0,0.0,0.0,0.0,0.0,0.0,0.0,0.0,0.0,0.0,0.0,0.0,0.0,0.0,0.0,0.0,0.0,0.0,0.0,0.0,0.0,0.0,0.0,0.0,0.0,0.0,0.0,0.0,0.0,0.0,0.0,0.0,0.0,0.0,0.0,0.0,0.0,0.0,0.0,0.0,0.0,0.0,0.0,0.0,0.0,0.0,0.0,0.0
2017-06-01 04:26:00+02:00,0.0,0.0,0.0,0.0,0.0,0.0,0.0,0.0,0.0,0.0,0.0,0.0,0.0,0.0,0.0,0.0,0.0,0.0,0.0,0.0,0.0,0.0,0.0,0.0,0.0,0.0,0.0,0.0,0.0,0.0,0.0,0.0,0.0,0.0,0.0,0.0,0.0,0.0,0.0,0.0,0.0,0.0,0.0,0.0,0.0,0.0,0.0,0.0,0.0,0.0,0.0,0.0,0.0,0.0,0.0,0.0,0.0,0.0,0.0,0.0,0.0,0.0,0.0,0.0,0.0,0.0,0.0,0.0,0.0,0.0,0.0,0.0,0.0,0.0,0.0,0.0,0.0,0.0,0.0,0.0,0.0,0.0,0.0,0.0,0.0,0.0,0.0,0.0,0.0,0.0,0.0,0.0,0.0,0.0,0.0,0.0,0.0,0.0,0.0,0.0,0.0,0.0,0.0,0.0,0.0,0.0,0.0,0.0,0.0,0.0,0.0,0.0,0.0,0.0,0.0,0.0,0.0,0.0
2017-06-01 04:27:00+02:00,0.0,0.0,0.0,0.0,0.0,0.0,0.0,0.0,0.0,0.0,0.0,0.0,0.0,0.0,0.0,0.0,0.0,0.0,0.0,0.0,0.0,0.0,0.0,0.0,0.0,0.0,0.0,0.0,0.0,0.0,0.0,0.0,0.0,0.0,0.0,0.0,0.0,0.0,0.0,0.0,0.0,0.0,0.0,0.0,0.0,0.0,0.0,0.0,0.0,0.0,0.0,0.0,0.0,0.0,0.0,0.0,0.0,0.0,0.0,0.0,0.0,0.0,0.0,0.0,0.0,0.0,0.0,0.0,0.0,0.0,0.0,0.0,0.0,0.0,0.0,0.0,0.0,0.0,0.0,0.0,0.0,0.0,0.0,0.0,0.0,0.0,0.0,0.0,0.0,0.0,0.0,0.0,0.0,0.0,0.0,0.0,0.0,0.0,0.0,0.0,0.0,0.0,0.0,0.0,0.0,0.0,0.0,0.0,0.0,0.0,0.0,0.0,0.0,0.0,0.0,0.0,0.0,0.0
2017-06-01 04:28:00+02:00,0.0,0.0,0.0,0.0,0.0,0.0,0.0,0.0,0.0,0.0,0.0,0.0,0.0,0.0,0.0,0.0,0.0,0.0,0.0,0.0,0.0,0.0,0.0,0.0,0.0,0.0,0.0,0.0,0.0,0.0,0.0,0.0,0.0,0.0,0.0,0.0,0.0,0.0,0.0,0.0,0.0,0.0,0.0,0.0,0.0,0.0,0.0,0.0,0.0,0.0,0.0,0.0,0.0,0.0,0.0,0.0,0.0,0.0,0.0,0.0,0.0,0.0,0.0,0.0,0.0,0.0,0.0,0.0,0.0,0.0,0.0,0.0,0.0,0.0,0.0,0.0,0.0,0.0,0.0,0.0,0.0,0.0,0.0,0.0,0.0,0.0,0.0,0.0,0.0,0.0,0.0,0.0,0.0,0.0,0.0,0.0,0.0,0.0,0.0,0.0,0.0,0.0,0.0,0.0,0.0,0.0,0.0,0.0,0.0,0.0,0.0,0.0,0.0,0.0,0.0,0.0,0.0,0.0
2017-06-01 04:29:00+02:00,0.0,0.0,0.0,0.0,0.0,0.0,0.0,0.0,0.0,0.0,0.0,0.0,0.0,0.0,0.0,0.0,0.0,0.0,0.0,0.0,0.0,0.0,0.0,0.0,0.0,0.0,0.0,0.0,0.0,0.0,0.0,0.0,0.0,0.0,0.0,0.0,0.0,0.0,0.0,0.0,0.0,0.0,0.0,0.0,0.0,0.0,0.0,0.0,0.0,0.0,0.0,0.0,0.0,0.0,0.0,0.0,0.0,0.0,0.0,0.0,0.0,0.0,0.0,0.0,0.0,0.0,0.0,0.0,0.0,0.0,0.0,0.0,0.0,0.0,0.0,0.0,0.0,0.0,0.0,0.0,0.0,0.0,0.0,0.0,0.0,0.0,0.0,0.0,0.0,0.0,0.0,0.0,0.0,0.0,0.0,0.0,0.0,0.0,0.0,0.0,0.0,0.0,0.0,0.0,0.0,0.0,0.0,0.0,0.0,0.0,0.0,0.0,0.0,0.0,0.0,0.0,0.0,0.0
2017-06-01 04:30:00+02:00,0.0,0.0,0.0,0.0,0.0,0.0,0.0,0.0,0.0,0.0,0.0,0.0,0.0,0.0,0.0,0.0,0.0,0.0,0.0,0.0,0.0,0.0,0.0,0.0,0.0,0.0,0.0,0.0,0.0,0.0,0.0,0.0,0.0,0.0,0.0,0.0,0.0,0.0,0.0,0.0,0.0,0.0,0.0,0.0,0.0,0.0,0.0,0.0,0.0,0.0,0.0,0.0,0.0,0.0,0.0,0.0,0.0,0.0,0.0,0.0,0.0,0.0,0.0,0.0,0.0,0.0,0.0,0.0,0.0,0.0,0.0,0.0,0.0,0.0,0.0,0.0,0.0,0.0,0.0,0.0,0.0,0.0,0.0,0.0,0.0,0.0,0.0,0.0,0.0,0.0,0.0,0.0,0.0,0.0,0.0,0.0,0.0,0.0,0.0,0.0,0.0,0.0,0.0,0.0,0.0,0.0,0.0,0.0,0.0,0.0,0.0,0.0,0.0,0.0,0.0,0.0,0.0,0.0
2017-06-01 04:31:00+02:00,0.0,0.0,0.0,0.0,0.0,0.0,0.0,0.0,0.0,0.0,0.0,0.0,0.0,0.0,0.0,0.0,0.0,0.0,0.0,0.0,0.0,0.0,0.0,0.0,0.0,0.0,0.0,0.0,0.0,0.0,0.0,0.0,0.0,0.0,0.0,0.0,0.0,0.0,0.0,0.0,0.0,0.0,0.0,0.0,0.0,0.0,0.0,0.0,0.0,0.0,0.0,0.0,0.0,0.0,0.0,0.0,0.0,0.0,0.0,0.0,0.0,0.0,0.0,0.0,0.0,0.0,0.0,0.0,0.0,0.0,0.0,0.0,0.0,0.0,0.0,0.0,0.0,0.0,0.0,0.0,0.0,0.0,0.0,0.0,0.0,0.0,0.0,0.0,0.0,0.0,0.0,0.0,0.0,0.0,0.0,0.0,0.0,0.0,0.0,0.0,0.0,0.0,0.0,0.0,0.0,0.0,0.0,0.0,0.0,0.0,0.0,0.0,0.0,0.0,0.0,0.0,0.0,0.0
2017-06-01 04:32:00+02:00,0.0,0.0,0.0,0.0,0.0,0.0,0.0,0.0,0.0,0.0,0.0,0.0,0.0,0.0,0.0,0.0,0.0,0.0,0.0,0.0,0.0,0.0,0.0,0.0,0.0,0.0,0.0,0.0,0.0,0.0,0.0,0.0,0.0,0.0,0.0,0.0,0.0,0.0,0.0,0.0,0.0,0.0,0.0,0.0,0.0,0.0,0.0,0.0,0.0,0.0,0.0,0.0,0.0,0.0,0.0,0.0,0.0,0.0,0.0,0.0,0.0,0.0,0.0,0.0,0.0,0.0,0.0,0.0,0.0,0.0,0.0,0.0,0.0,0.0,0.0,0.0,0.0,0.0,0.0,0.0,0.0,0.0,0.0,0.0,0.0,0.0,0.0,0.0,0.0,0.0,0.0,0.0,0.0,0.0,0.0,0.0,0.0,0.0,0.0,0.0,0.0,0.0,0.0,0.0,0.0,0.0,0.0,0.0,0.0,0.0,0.0,0.0,0.0,0.0,0.0,0.0,0.0,0.0
2017-06-01 04:33:00+02:00,0.0,0.0,0.0,0.0,0.0,0.0,0.0,0.0,0.0,0.0,0.0,0.0,0.0,0.0,0.0,0.0,0.0,0.0,0.0,0.0,0.0,0.0,0.0,0.0,0.0,0.0,0.0,0.0,0.0,0.0,0.0,0.0,0.0,0.0,0.0,0.0,0.0,0.0,0.0,0.0,0.0,0.0,0.0,0.0,0.0,0.0,0.0,0.0,0.0,0.0,0.0,0.0,0.0,0.0,0.0,0.0,0.0,0.0,0.0,0.0,0.0,0.0,0.0,0.0,0.0,0.0,0.0,0.0,0.0,0.0,0.0,0.0,0.0,0.0,0.0,0.0,0.0,0.0,0.0,0.0,0.0,0.0,0.0,0.0,0.0,0.0,0.0,0.0,0.0,0.0,0.0,0.0,0.0,0.0,0.0,0.0,0.0,0.0,0.0,0.0,0.0,0.0,0.0,0.0,0.0,0.0,0.0,0.0,0.0,0.0,0.0,0.0,0.0,0.0,0.0,0.0,0.0,0.0
2017-06-01 04:34:00+02:00,0.0,0.0,0.0,0.0,0.0,0.0,0.0,0.0,0.0,0.0,0.0,0.0,0.0,0.0,0.0,0.0,0.0,0.0,0.0,0.0,0.0,0.0,0.0,0.0,0.0,0.0,0.0,0.0,0.0,0.0,0.0,0.0,0.0,0.0,0.0,0.0,0.0,0.0,0.0,0.0,0.0,0.0,0.0,0.0,0.0,0.0,0.0,0.0,0.0,0.0,0.0,0.0,0.0,0.0,0.0,0.0,0.0,0.0,0.0,0.0,0.0,0.0,0.0,0.0,0.0,0.0,0.0,0.0,0.0,0.0,0.0,0.0,0.0,0.0,0.0,0.0,0.0,0.0,0.0,0.0,0.0,0.0,0.0,0.0,0.0,0.0,0.0,0.0,0.0,0.0,0.0,0.0,0.0,0.0,0.0,0.0,0.0,0.0,0.0,0.0,0.0,0.0,0.0,0.0,0.0,0.0,0.0,0.0,0.0,0.0,0.0,0.0,0.0,0.0,0.0,0.0,0.0,0.0
2017-06-01 04:35:00+02:00,0.0,0.0,0.0,0.0,0.0,0.0,0.0,0.0,0.0,0.0,0.0,0.0,0.0,0.0,0.0,0.0,0.0,0.0,0.0,0.0,0.0,0.0,0.0,0.0,0.0,0.0,0.0,0.0,0.0,0.0,0.0,0.0,0.0,0.0,0.0,0.0,0.0,0.0,0.0,0.0,0.0,0.0,0.0,0.0,0.0,0.0,0.0,0.0,0.0,0.0,0.0,0.0,0.0,0.0,0.0,0.0,0.0,0.0,0.0,0.0,0.0,0.0,0.0,0.0,0.0,0.0,0.0,0.0,0.0,0.0,0.0,0.0,0.0,0.0,0.0,0.0,0.0,0.0,0.0,0.0,0.0,0.0,0.0,0.0,0.0,0.0,0.0,0.0,0.0,0.0,0.0,0.0,0.0,0.0,0.0,0.0,0.0,0.0,0.0,0.0,0.0,0.0,0.0,0.0,0.0,0.0,0.0,0.0,0.0,0.0,0.0,0.0,0.0,0.0,0.0,0.0,0.0,0.0
2017-06-01 04:36:00+02:00,0.0,0.0,0.0,0.0,0.0,0.0,0.0,0.0,0.0,0.0,0.0,0.0,0.0,0.0,0.0,0.0,0.0,0.0,0.0,0.0,0.0,0.0,0.0,0.0,0.0,0.0,0.0,0.0,0.0,0.0,0.0,0.0,0.0,0.0,0.0,0.0,0.0,0.0,0.0,0.0,0.0,0.0,0.0,0.0,0.0,0.0,0.0,0.0,0.0,0.0,0.0,0.0,0.0,0.0,0.0,0.0,0.0,0.0,0.0,0.0,0.0,0.0,0.0,0.0,0.0,0.0,0.0,0.0,0.0,0.0,0.0,0.0,0.0,0.0,0.0,0.0,0.0,0.0,0.0,0.0,0.0,0.0,0.0,0.0,0.0,0.0,0.0,0.0,0.0,0.0,0.0,0.0,0.0,0.0,0.0,0.0,0.0,0.0,0.0,0.0,0.0,0.0,0.0,0.0,0.0,0.0,0.0,0.0,0.0,0.0,0.0,0.0,0.0,0.0,0.0,0.0,0.0,0.0
2017-06-01 04:37:00+02:00,0.0,0.0,0.0,0.0,0.0,0.0,0.0,0.0,0.0,0.0,0.0,0.0,0.0,0.0,0.0,0.0,0.0,0.0,0.0,0.0,0.0,0.0,0.0,0.0,0.0,0.0,0.0,0.0,0.0,0.0,0.0,0.0,0.0,0.0,0.0,0.0,0.0,0.0,0.0,0.0,0.0,0.0,0.0,0.0,0.0,0.0,0.0,0.0,0.0,0.0,0.0,0.0,0.0,0.0,0.0,0.0,0.0,0.0,0.0,0.0,0.0,0.0,0.0,0.0,0.0,0.0,0.0,0.0,0.0,0.0,0.0,0.0,0.0,0.0,0.0,0.0,0.0,0.0,0.0,0.0,0.0,0.0,0.0,0.0,0.0,0.0,0.0,0.0,0.0,0.0,0.0,0.0,0.0,0.0,0.0,0.0,0.0,0.0,0.0,0.0,0.0,0.0,0.0,0.0,0.0,0.0,0.0,0.0,0.0,0.0,0.0,0.0,0.0,0.0,0.0,0.0,0.0,0.0
2017-06-01 04:38:00+02:00,0.0,0.0,0.0,0.0,0.0,0.0,0.0,0.0,0.0,0.0,0.0,0.0,0.0,0.0,0.0,0.0,0.0,0.0,0.0,0.0,0.0,0.0,0.0,0.0,0.0,0.0,0.0,0.0,0.0,0.0,0.0,0.0,0.0,0.0,0.0,0.0,0.0,0.0,0.0,0.0,0.0,0.0,0.0,0.0,0.0,0.0,0.0,0.0,0.0,0.0,0.0,0.0,0.0,0.0,0.0,0.0,0.0,0.0,0.0,0.0,0.0,0.0,0.0,0.0,0.0,0.0,0.0,0.0,0.0,0.0,0.0,0.0,0.0,0.0,0.0,0.0,0.0,0.0,0.0,0.0,0.0,0.0,0.0,0.0,0.0,0.0,0.0,0.0,0.0,0.0,0.0,0.0,0.0,0.0,0.0,0.0,0.0,0.0,0.0,0.0,0.0,0.0,0.0,0.0,0.0,0.0,0.0,0.0,0.0,0.0,0.0,0.0,0.0,0.0,0.0,0.0,0.0,0.0
2017-06-01 04:39:00+02:00,0.0,0.0,0.0,0.0,0.0,0.0,0.0,0.0,0.0,0.0,0.0,0.0,0.0,0.0,0.0,0.0,0.0,0.0,0.0,0.0,0.0,0.0,0.0,0.0,0.0,0.0,0.0,0.0,0.0,0.0,0.0,0.0,0.0,0.0,0.0,0.0,0.0,0.0,0.0,0.0,0.0,0.0,0.0,0.0,0.0,0.0,0.0,0.0,0.0,0.0,0.0,0.0,0.0,0.0,0.0,0.0,0.0,0.0,0.0,0.0,0.0,0.0,0.0,0.0,0.0,0.0,0.0,0.0,0.0,0.0,0.0,0.0,0.0,0.0,0.0,0.0,0.0,0.0,0.0,0.0,0.0,0.0,0.0,0.0,0.0,0.0,0.0,0.0,0.0,0.0,0.0,0.0,0.0,0.0,0.0,0.0,0.0,0.0,0.0,0.0,0.0,0.0,0.0,0.0,0.0,0.0,0.0,0.0,0.0,0.0,0.0,0.0,0.0,0.0,0.0,0.0,0.0,0.0
2017-06-01 04:40:00+02:00,0.0,0.0,0.0,0.0,0.0,0.0,0.0,0.0,0.0,0.0,0.0,0.0,0.0,0.0,0.0,0.0,0.0,0.0,0.0,0.0,0.0,0.0,0.0,0.0,0.0,0.0,0.0,0.0,0.0,0.0,0.0,0.0,0.0,0.0,0.0,0.0,0.0,0.0,0.0,0.0,0.0,0.0,0.0,0.0,0.0,0.0,0.0,0.0,0.0,0.0,0.0,0.0,0.0,0.0,0.0,0.0,0.0,0.0,0.0,0.0,0.0,0.0,0.0,0.0,0.0,0.0,0.0,0.0,0.0,0.0,0.0,0.0,0.0,0.0,0.0,0.0,0.0,0.0,0.0,0.0,0.0,0.0,0.0,0.0,0.0,0.0,0.0,0.0,0.0,0.0,0.0,0.0,0.0,0.0,0.0,0.0,0.0,0.0,0.0,0.0,0.0,0.0,0.0,0.0,0.0,0.0,0.0,0.0,0.0,0.0,0.0,0.0,0.0,0.0,0.0,0.0,0.0,0.0
2017-06-01 04:41:00+02:00,0.0,0.0,0.0,0.0,0.0,0.0,0.0,0.0,0.0,0.0,0.0,0.0,0.0,0.0,0.0,0.0,0.0,0.0,0.0,0.0,0.0,0.0,0.0,0.0,0.0,0.0,0.0,0.0,0.0,0.0,0.0,0.0,0.0,0.0,0.0,0.0,0.0,0.0,0.0,0.0,0.0,0.0,0.0,0.0,0.0,0.0,0.0,0.0,0.0,0.0,0.0,0.0,0.0,0.0,0.0,0.0,0.0,0.0,0.0,0.0,0.0,0.0,0.0,0.0,0.0,0.0,0.0,0.0,0.0,0.0,0.0,0.0,0.0,0.0,0.0,0.0,0.0,0.0,0.0,0.0,0.0,0.0,0.0,0.0,0.0,0.0,0.0,0.0,0.0,0.0,0.0,0.0,0.0,0.0,0.0,0.0,0.0,0.0,0.0,0.0,0.0,0.0,0.0,0.0,0.0,0.0,0.0,0.0,0.0,0.0,0.0,0.0,0.0,0.0,0.0,0.0,0.0,0.0
2017-06-01 04:42:00+02:00,0.0,0.0,0.0,0.0,0.0,0.0,0.0,0.0,0.0,0.0,0.0,0.0,0.0,0.0,0.0,0.0,0.0,0.0,0.0,0.0,0.0,0.0,0.0,0.0,0.0,0.0,0.0,0.0,0.0,0.0,0.0,0.0,0.0,0.0,0.0,0.0,0.0,0.0,0.0,0.0,0.0,0.0,0.0,0.0,0.0,0.0,0.0,0.0,0.0,0.0,0.0,0.0,0.0,0.0,0.0,0.0,0.0,0.0,0.0,0.0,0.0,0.0,0.0,0.0,0.0,0.0,0.0,0.0,0.0,0.0,0.0,0.0,0.0,0.0,0.0,0.0,0.0,0.0,0.0,0.0,0.0,0.0,0.0,0.0,0.0,0.0,0.0,0.0,0.0,0.0,0.0,0.0,0.0,0.0,0.0,0.0,0.0,0.0,0.0,0.0,0.0,0.0,0.0,0.0,0.0,0.0,0.0,0.0,0.0,0.0,0.0,0.0,0.0,0.0,0.0,0.0,0.0,0.0
2017-06-01 04:43:00+02:00,0.0,0.0,0.0,0.0,0.0,0.0,0.0,0.0,0.0,0.0,0.0,0.0,0.0,0.0,0.0,0.0,0.0,0.0,0.0,0.0,0.0,0.0,0.0,0.0,0.0,0.0,0.0,0.0,0.0,0.0,0.0,0.0,0.0,0.0,0.0,0.0,0.0,0.0,0.0,0.0,0.0,0.0,0.0,0.0,0.0,0.0,0.0,0.0,0.0,0.0,0.0,0.0,0.0,0.0,0.0,0.0,0.0,0.0,0.0,0.0,0.0,0.0,0.0,0.0,0.0,0.0,0.0,0.0,0.0,0.0,0.0,0.0,0.0,0.0,0.0,0.0,0.0,0.0,0.0,0.0,0.0,0.0,0.0,0.0,0.0,0.0,0.0,0.0,0.0,0.0,0.0,0.0,0.0,0.0,0.0,0.0,0.0,0.0,0.0,0.0,0.0,0.0,0.0,0.0,0.0,0.0,0.0,0.0,0.0,0.0,0.0,0.0,0.0,0.0,0.0,0.0,0.0,0.0
2017-06-01 04:44:00+02:00,0.0,0.0,0.0,0.0,0.0,0.0,0.0,0.0,0.0,0.0,0.0,0.0,0.0,0.0,0.0,0.0,0.0,0.0,0.0,0.0,0.0,0.0,0.0,0.0,0.0,0.0,0.0,0.0,0.0,0.0,0.0,0.0,0.0,0.0,0.0,0.0,0.0,0.0,0.0,0.0,0.0,0.0,0.0,0.0,0.0,0.0,0.0,0.0,0.0,0.0,0.0,0.0,0.0,0.0,0.0,0.0,0.0,0.0,0.0,0.0,0.0,0.0,0.0,0.0,0.0,0.0,0.0,0.0,0.0,0.0,0.0,0.0,0.0,0.0,0.0,0.0,0.0,0.0,0.0,0.0,0.0,0.0,0.0,0.0,0.0,0.0,0.0,0.0,0.0,0.0,0.0,0.0,0.0,0.0,0.0,0.0,0.0,0.0,0.0,0.0,0.0,0.0,0.0,0.0,0.0,0.0,0.0,0.0,0.0,0.0,0.0,0.0,0.0,0.0,0.0,0.0,0.0,0.0
2017-06-01 04:45:00+02:00,0.0,0.0,0.0,0.0,0.0,0.0,0.0,0.0,0.0,0.0,0.0,0.0,0.0,0.0,0.0,0.0,0.0,0.0,0.0,0.0,0.0,0.0,0.0,0.0,0.0,0.0,0.0,0.0,0.0,0.0,0.0,0.0,0.0,0.0,0.0,0.0,0.0,0.0,0.0,0.0,0.0,0.0,0.0,0.0,0.0,0.0,0.0,0.0,0.0,0.0,0.0,0.0,0.0,0.0,0.0,0.0,0.0,0.0,0.0,0.0,0.0,0.0,0.0,0.0,0.0,0.0,0.0,0.0,0.0,0.0,0.0,0.0,0.0,0.0,0.0,0.0,0.0,0.0,0.0,0.0,0.0,0.0,0.0,0.0,0.0,0.0,0.0,0.0,0.0,0.0,0.0,0.0,0.0,0.0,0.0,0.0,0.0,0.0,0.0,0.0,0.0,0.0,0.0,0.0,0.0,0.0,0.0,0.0,0.0,0.0,0.0,0.0,0.0,0.0,0.0,0.0,0.0,0.0
2017-06-01 04:46:00+02:00,0.0,0.0,0.0,0.0,0.0,0.0,0.0,0.0,0.0,0.0,0.0,0.0,0.0,0.0,0.0,0.0,0.0,0.0,0.0,0.0,0.0,0.0,0.0,0.0,0.0,0.0,0.0,0.0,0.0,0.0,0.0,0.0,0.0,0.0,0.0,0.0,0.0,0.0,0.0,0.0,0.0,0.0,0.0,0.0,0.0,0.0,0.0,0.0,0.0,0.0,0.0,0.0,0.0,0.0,0.0,0.0,0.0,0.0,0.0,0.0,0.0,0.0,0.0,0.0,0.0,0.0,0.0,0.0,0.0,0.0,0.0,0.0,0.0,0.0,0.0,0.0,0.0,0.0,0.0,0.0,0.0,0.0,0.0,0.0,0.0,0.0,0.0,0.0,0.0,0.0,0.0,0.0,0.0,0.0,0.0,0.0,0.0,0.0,0.0,0.0,0.0,0.0,0.0,0.0,0.0,0.0,0.0,0.0,0.0,0.0,0.0,0.0,0.0,0.0,0.0,0.0,0.0,0.0
2017-06-01 04:47:00+02:00,0.0,0.0,0.0,0.0,0.0,0.0,0.0,0.0,0.0,0.0,0.0,0.0,0.0,0.0,0.0,0.0,0.0,0.0,0.0,0.0,0.0,0.0,0.0,0.0,0.0,0.0,0.0,0.0,0.0,0.0,0.0,0.0,0.0,0.0,0.0,0.0,0.0,0.0,0.0,0.0,0.0,0.0,0.0,0.0,0.0,0.0,0.0,0.0,0.0,0.0,0.0,0.0,0.0,0.0,0.0,0.0,0.0,0.0,0.0,0.0,0.0,0.0,0.0,0.0,0.0,0.0,0.0,0.0,0.0,0.0,0.0,0.0,0.0,0.0,0.0,0.0,0.0,0.0,0.0,0.0,0.0,0.0,0.0,0.0,0.0,0.0,0.0,0.0,0.0,0.0,0.0,0.0,0.0,0.0,0.0,0.0,0.0,0.0,0.0,0.0,0.0,0.0,0.0,0.0,0.0,0.0,0.0,0.0,0.0,0.0,0.0,0.0,0.0,0.0,0.0,0.0,0.0,0.0
2017-06-01 04:48:00+02:00,0.0,0.0,0.0,0.0,0.0,0.0,0.0,0.0,0.0,0.0,0.0,0.0,0.0,0.0,0.0,0.0,0.0,0.0,0.0,0.0,0.0,0.0,0.0,0.0,0.0,0.0,0.0,0.0,0.0,0.0,0.0,0.0,0.0,0.0,0.0,0.0,0.0,0.0,0.0,0.0,0.0,0.0,0.0,0.0,0.0,0.0,0.0,0.0,0.0,0.0,0.0,0.0,0.0,0.0,0.0,0.0,0.0,0.0,0.0,0.0,0.0,0.0,0.0,0.0,0.0,0.0,0.0,0.0,0.0,0.0,0.0,0.0,0.0,0.0,0.0,0.0,0.0,0.0,0.0,0.0,0.0,0.0,0.0,0.0,0.0,0.0,0.0,0.0,0.0,0.0,0.0,0.0,0.0,0.0,0.0,0.0,0.0,0.0,0.0,0.0,0.0,0.0,0.0,0.0,0.0,0.0,0.0,0.0,0.0,0.0,0.0,0.0,0.0,0.0,0.0,0.0,0.0,0.0
2017-06-01 04:49:00+02:00,0.0,0.0,0.0,0.0,0.0,0.0,0.0,0.0,0.0,0.0,0.0,0.0,0.0,0.0,0.0,0.0,0.0,0.0,0.0,0.0,0.0,0.0,0.0,0.0,0.0,0.0,0.0,0.0,0.0,0.0,0.0,0.0,0.0,0.0,0.0,0.0,0.0,0.0,0.0,0.0,0.0,0.0,0.0,0.0,0.0,0.0,0.0,0.0,0.0,0.0,0.0,0.0,0.0,0.0,0.0,0.0,0.0,0.0,0.0,0.0,0.0,0.0,0.0,0.0,0.0,0.0,0.0,0.0,0.0,0.0,0.0,0.0,0.0,0.0,0.0,0.0,0.0,0.0,0.0,0.0,0.0,0.0,0.0,0.0,0.0,0.0,0.0,0.0,0.0,0.0,0.0,0.0,0.0,0.0,0.0,0.0,0.0,0.0,0.0,0.0,0.0,0.0,0.0,0.0,0.0,0.0,0.0,0.0,0.0,0.0,0.0,0.0,0.0,0.0,0.0,0.0,0.0,0.0
2017-06-01 04:50:00+02:00,0.0,0.0,0.0,0.0,0.0,0.0,0.0,0.0,0.0,0.0,0.0,0.0,0.0,0.0,0.0,0.0,0.0,0.0,0.0,0.0,0.0,0.0,0.0,0.0,0.0,0.0,0.0,0.0,0.0,0.0,0.0,0.0,0.0,0.0,0.0,0.0,0.0,0.0,0.0,0.0,0.0,0.0,0.0,0.0,0.0,0.0,0.0,0.0,0.0,0.0,0.0,0.0,0.0,0.0,0.0,0.0,0.0,0.0,0.0,0.0,0.0,0.0,0.0,0.0,0.0,0.0,0.0,0.0,0.0,0.0,0.0,0.0,0.0,0.0,0.0,0.0,0.0,0.0,0.0,0.0,0.0,0.0,0.0,0.0,0.0,0.0,0.0,0.0,0.0,0.0,0.0,0.0,0.0,0.0,0.0,0.0,0.0,0.0,0.0,0.0,0.0,0.0,0.0,0.0,0.0,0.0,0.0,0.0,0.0,0.0,0.0,0.0,0.0,0.0,0.0,0.0,0.0,0.0
2017-06-01 04:51:00+02:00,0.0,0.0,0.0,0.0,0.0,0.0,0.0,0.0,0.0,0.0,0.0,0.0,0.0,0.0,0.0,0.0,0.0,0.0,0.0,0.0,0.0,0.0,0.0,0.0,0.0,0.0,0.0,0.0,0.0,0.0,0.0,0.0,0.0,0.0,0.0,0.0,0.0,0.0,0.0,0.0,0.0,0.0,0.0,0.0,0.0,0.0,0.0,0.0,0.0,0.0,0.0,0.0,0.0,0.0,0.0,0.0,0.0,0.0,0.0,0.0,0.0,0.0,0.0,0.0,0.0,0.0,0.0,0.0,0.0,0.0,0.0,0.0,0.0,0.0,0.0,0.0,0.0,0.0,0.0,0.0,0.0,0.0,0.0,0.0,0.0,0.0,0.0,0.0,0.0,0.0,0.0,0.0,0.0,0.0,0.0,0.0,0.0,0.0,0.0,0.0,0.0,0.0,0.0,0.0,0.0,0.0,0.0,0.0,0.0,0.0,0.0,0.0,0.0,0.0,0.0,0.0,0.0,0.0
2017-06-01 04:52:00+02:00,0.0,0.0,0.0,0.0,0.0,0.0,0.0,0.0,0.0,0.0,0.0,0.0,0.0,0.0,0.0,0.0,0.0,0.0,0.0,0.0,0.0,0.0,0.0,0.0,0.0,0.0,0.0,0.0,0.0,0.0,0.0,0.0,0.0,0.0,0.0,0.0,0.0,0.0,0.0,0.0,0.0,0.0,0.0,0.0,0.0,0.0,0.0,0.0,0.0,0.0,0.0,0.0,0.0,0.0,0.0,0.0,0.0,0.0,0.0,0.0,0.0,0.0,0.0,0.0,0.0,0.0,0.0,0.0,0.0,0.0,0.0,0.0,0.0,0.0,0.0,0.0,0.0,0.0,0.0,0.0,0.0,0.0,0.0,0.0,0.0,0.0,0.0,0.0,0.0,0.0,0.0,0.0,0.0,0.0,0.0,0.0,0.0,0.0,0.0,0.0,0.0,0.0,0.0,0.0,0.0,0.0,0.0,0.0,0.0,0.0,0.0,0.0,0.0,0.0,0.0,0.0,0.0,0.0
2017-06-01 04:53:00+02:00,0.0,0.0,0.0,0.0,0.0,0.0,0.0,0.0,0.0,0.0,0.0,0.0,0.0,0.0,0.0,0.0,0.0,0.0,0.0,0.0,0.0,0.0,0.0,0.0,0.0,0.0,0.0,0.0,0.0,0.0,0.0,0.0,0.0,0.0,0.0,0.0,0.0,0.0,0.0,0.0,0.0,0.0,0.0,0.0,0.0,0.0,0.0,0.0,0.0,0.0,0.0,0.0,0.0,0.0,0.0,0.0,0.0,0.0,0.0,0.0,0.0,0.0,0.0,0.0,0.0,0.0,0.0,0.0,0.0,0.0,0.0,0.0,0.0,0.0,0.0,0.0,0.0,0.0,0.0,0.0,0.0,0.0,0.0,0.0,0.0,0.0,0.0,0.0,0.0,0.0,0.0,0.0,0.0,0.0,0.0,0.0,0.0,0.0,0.0,0.0,0.0,0.0,0.0,0.0,0.0,0.0,0.0,0.0,0.0,0.0,0.0,0.0,0.0,0.0,0.0,0.0,0.0,0.0
2017-06-01 04:54:00+02:00,0.0,0.0,0.0,0.0,0.0,0.0,0.0,0.0,0.0,0.0,0.0,0.0,0.0,0.0,0.0,0.0,0.0,0.0,0.0,0.0,0.0,0.0,0.0,0.0,0.0,0.0,0.0,0.0,0.0,0.0,0.0,0.0,0.0,0.0,0.0,0.0,0.0,0.0,0.0,0.0,0.0,0.0,0.0,0.0,0.0,0.0,0.0,0.0,0.0,0.0,0.0,0.0,0.0,0.0,0.0,0.0,0.0,0.0,0.0,0.0,0.0,0.0,0.0,0.0,0.0,0.0,0.0,0.0,0.0,0.0,0.0,0.0,0.0,0.0,0.0,0.0,0.0,0.0,0.0,0.0,0.0,0.0,0.0,0.0,0.0,0.0,0.0,0.0,0.0,0.0,0.0,0.0,0.0,0.0,0.0,0.0,0.0,0.0,0.0,0.0,0.0,0.0,0.0,0.0,0.0,0.0,0.0,0.0,0.0,0.0,0.0,0.0,0.0,0.0,0.0,0.0,0.0,0.0
2017-06-01 04:55:00+02:00,0.0,0.0,0.0,0.0,0.0,0.0,0.0,0.0,0.0,0.0,0.0,0.0,0.0,0.0,0.0,0.0,0.0,0.0,0.0,0.0,0.0,0.0,0.0,0.0,0.0,0.0,0.0,0.0,0.0,0.0,0.0,0.0,0.0,0.0,0.0,0.0,0.0,0.0,0.0,0.0,0.0,0.0,0.0,0.0,0.0,0.0,0.0,0.0,0.0,0.0,0.0,0.0,0.0,0.0,0.0,0.0,0.0,0.0,0.0,0.0,0.0,0.0,0.0,0.0,0.0,0.0,0.0,0.0,0.0,0.0,0.0,0.0,0.0,0.0,0.0,0.0,0.0,0.0,0.0,0.0,0.0,0.0,0.0,0.0,0.0,0.0,0.0,0.0,0.0,0.0,0.0,0.0,0.0,0.0,0.0,0.0,0.0,0.0,0.0,0.0,0.0,0.0,0.0,0.0,0.0,0.0,0.0,0.0,0.0,0.0,0.0,0.0,0.0,0.0,0.0,0.0,0.0,0.0
2017-06-01 04:56:00+02:00,0.0,0.0,0.0,0.0,0.0,0.0,0.0,0.0,0.0,0.0,0.0,0.0,0.0,0.0,0.0,0.0,0.0,0.0,0.0,0.0,0.0,0.0,0.0,0.0,0.0,0.0,0.0,0.0,0.0,0.0,0.0,0.0,0.0,0.0,0.0,0.0,0.0,0.0,0.0,0.0,0.0,0.0,0.0,0.0,0.0,0.0,0.0,0.0,0.0,0.0,0.0,0.0,0.0,0.0,0.0,0.0,0.0,0.0,0.0,0.0,0.0,0.0,0.0,0.0,0.0,0.0,0.0,0.0,0.0,0.0,0.0,0.0,0.0,0.0,0.0,0.0,0.0,0.0,0.0,0.0,0.0,0.0,0.0,0.0,0.0,0.0,0.0,0.0,0.0,0.0,0.0,0.0,0.0,0.0,0.0,0.0,0.0,0.0,0.0,0.0,0.0,0.0,0.0,0.0,0.0,0.0,0.0,0.0,0.0,0.0,0.0,0.0,0.0,0.0,0.0,0.0,0.0,0.0
2017-06-01 04:57:00+02:00,0.0,0.0,0.0,0.0,0.0,0.0,0.0,0.0,0.0,0.0,0.0,0.0,0.0,0.0,0.0,0.0,0.0,0.0,0.0,0.0,0.0,0.0,0.0,0.0,0.0,0.0,0.0,0.0,0.0,0.0,0.0,0.0,0.0,0.0,0.0,0.0,0.0,0.0,0.0,0.0,0.0,0.0,0.0,0.0,0.0,0.0,0.0,0.0,0.0,0.0,0.0,0.0,0.0,0.0,0.0,0.0,0.0,0.0,0.0,0.0,0.0,0.0,0.0,0.0,0.0,0.0,0.0,0.0,0.0,0.0,0.0,0.0,0.0,0.0,0.0,0.0,0.0,0.0,0.0,0.0,0.0,0.0,0.0,0.0,0.0,0.0,0.0,0.0,0.0,0.0,0.0,0.0,0.0,0.0,0.0,0.0,0.0,0.0,0.0,0.0,0.0,0.0,0.0,0.0,0.0,0.0,0.0,0.0,0.0,0.0,0.0,0.0,0.0,0.0,0.0,0.0,0.0,0.0
2017-06-01 04:58:00+02:00,0.0,0.0,0.0,0.0,0.0,0.0,0.0,0.0,0.0,0.0,0.0,0.0,0.0,0.0,0.0,0.0,0.0,0.0,0.0,0.0,0.0,0.0,0.0,0.0,0.0,0.0,0.0,0.0,0.0,0.0,0.0,0.0,0.0,0.0,0.0,0.0,0.0,0.0,0.0,0.0,0.0,0.0,0.0,0.0,0.0,0.0,0.0,0.0,0.0,0.0,0.0,0.0,0.0,0.0,0.0,0.0,0.0,0.0,0.0,0.0,0.0,0.0,0.0,0.0,0.0,0.0,0.0,0.0,0.0,0.0,0.0,0.0,0.0,0.0,0.0,0.0,0.0,0.0,0.0,0.0,0.0,0.0,0.0,0.0,0.0,0.0,0.0,0.0,0.0,0.0,0.0,0.0,0.0,0.0,0.0,0.0,0.0,0.0,0.0,0.0,0.0,0.0,0.0,0.0,0.0,0.0,0.0,0.0,0.0,0.0,0.0,0.0,0.0,0.0,0.0,0.0,0.0,0.0
2017-06-01 04:59:00+02:00,0.0,0.0,0.0,0.0,0.0,0.0,0.0,0.0,0.0,0.0,0.0,0.0,0.0,0.0,0.0,0.0,0.0,0.0,0.0,0.0,0.0,0.0,0.0,0.0,0.0,0.0,0.0,0.0,0.0,0.0,0.0,0.0,0.0,0.0,0.0,0.0,0.0,0.0,0.0,0.0,0.0,0.0,0.0,0.0,0.0,0.0,0.0,0.0,0.0,0.0,0.0,0.0,0.0,0.0,0.0,0.0,0.0,0.0,0.0,0.0,0.0,0.0,0.0,0.0,0.0,0.0,0.0,0.0,0.0,0.0,0.0,0.0,0.0,0.0,0.0,0.0,0.0,0.0,0.0,0.0,0.0,0.0,0.0,0.0,0.0,0.0,0.0,0.0,0.0,0.0,0.0,0.0,0.0,0.0,0.0,0.0,0.0,0.0,0.0,0.0,0.0,0.0,0.0,0.0,0.0,0.0,0.0,0.0,0.0,0.0,0.0,0.0,0.0,0.0,0.0,0.0,0.0,0.0
2017-06-01 05:00:00+02:00,0.0,0.0,0.0,0.0,0.0,0.0,0.0,0.0,0.0,0.0,0.0,0.0,0.0,0.0,0.0,0.0,0.0,0.0,0.0,0.0,0.0,0.0,0.0,0.0,0.0,0.0,0.0,0.0,0.0,0.0,0.0,0.0,0.0,0.0,0.0,0.0,0.0,0.0,0.0,0.0,0.0,0.0,0.0,0.0,0.0,0.0,0.0,0.0,0.0,0.0,0.0,0.0,0.0,0.0,0.0,0.0,0.0,0.0,0.0,0.0,0.0,0.0,0.0,0.0,0.0,0.0,0.0,0.0,0.0,0.0,0.0,0.0,0.0,0.0,0.0,0.0,0.0,0.0,0.0,0.0,0.0,0.0,0.0,0.0,0.0,0.0,0.0,0.0,0.0,0.0,0.0,0.0,0.0,0.0,0.0,0.0,0.0,0.0,0.0,0.0,0.0,0.0,0.0,0.0,0.0,0.0,0.0,0.0,0.0,0.0,0.0,0.0,0.0,0.0,0.0,0.0,0.0,0.0
2017-06-01 05:01:00+02:00,0.0,0.0,0.0,0.0,0.0,0.0,0.0,0.0,0.0,0.0,0.0,0.0,0.0,0.0,0.0,0.0,0.0,0.0,0.0,0.0,0.0,0.0,0.0,0.0,0.0,0.0,0.0,0.0,0.0,0.0,0.0,0.0,0.0,0.0,0.0,0.0,0.0,0.0,0.0,0.0,0.0,0.0,0.0,0.0,0.0,0.0,0.0,0.0,0.0,0.0,0.0,0.0,0.0,0.0,0.0,0.0,0.0,0.0,0.0,0.0,0.0,0.0,0.0,0.0,0.0,0.0,0.0,0.0,0.0,0.0,0.0,0.0,0.0,0.0,0.0,0.0,0.0,0.0,0.0,0.0,0.0,0.0,0.0,0.0,0.0,0.0,0.0,0.0,0.0,0.0,0.0,0.0,0.0,0.0,0.0,0.0,0.0,0.0,0.0,0.0,0.0,0.0,0.0,0.0,0.0,0.0,0.0,0.0,0.0,0.0,0.0,0.0,0.0,0.0,0.0,0.0,0.0,0.0
2017-06-01 05:02:00+02:00,0.0,0.0,0.0,0.0,0.0,0.0,0.0,0.0,0.0,0.0,0.0,0.0,0.0,0.0,0.0,0.0,0.0,0.0,0.0,0.0,0.0,0.0,0.0,0.0,0.0,0.0,0.0,0.0,0.0,0.0,0.0,0.0,0.0,0.0,0.0,0.0,0.0,0.0,0.0,0.0,0.0,0.0,0.0,0.0,0.0,0.0,0.0,0.0,0.0,0.0,0.0,0.0,0.0,0.0,0.0,0.0,0.0,0.0,0.0,0.0,0.0,0.0,0.0,0.0,0.0,0.0,0.0,0.0,0.0,0.0,0.0,0.0,0.0,0.0,0.0,0.0,0.0,0.0,0.0,0.0,0.0,0.0,0.0,0.0,0.0,0.0,0.0,0.0,0.0,0.0,0.0,0.0,0.0,0.0,0.0,0.0,0.0,0.0,0.0,0.0,0.0,0.0,0.0,0.0,0.0,0.0,0.0,0.0,0.0,0.0,0.0,0.0,0.0,0.0,0.0,0.0,0.0,0.0
2017-06-01 05:03:00+02:00,0.0,0.0,0.0,0.0,0.0,0.0,0.0,0.0,0.0,0.0,0.0,0.0,0.0,0.0,0.0,0.0,0.0,0.0,0.0,0.0,0.0,0.0,0.0,0.0,0.0,0.0,0.0,0.0,0.0,0.0,0.0,0.0,0.0,0.0,0.0,0.0,0.0,0.0,0.0,0.0,0.0,0.0,0.0,0.0,0.0,0.0,0.0,0.0,0.0,0.0,0.0,0.0,0.0,0.0,0.0,0.0,0.0,0.0,0.0,0.0,0.0,0.0,0.0,0.0,0.0,0.0,0.0,0.0,0.0,0.0,0.0,0.0,0.0,0.0,0.0,0.0,0.0,0.0,0.0,0.0,0.0,0.0,0.0,0.0,0.0,0.0,0.0,0.0,0.0,0.0,0.0,0.0,0.0,0.0,0.0,0.0,0.0,0.0,0.0,0.0,0.0,0.0,0.0,0.0,0.0,0.0,0.0,0.0,0.0,0.0,0.0,0.0,0.0,0.0,0.0,0.0,0.0,0.0
2017-06-01 05:04:00+02:00,0.0,0.0,0.0,0.0,0.0,0.0,0.0,0.0,0.0,0.0,0.0,0.0,0.0,0.0,0.0,0.0,0.0,0.0,0.0,0.0,0.0,0.0,0.0,0.0,0.0,0.0,0.0,0.0,0.0,0.0,0.0,0.0,0.0,0.0,0.0,0.0,0.0,0.0,0.0,0.0,0.0,0.0,0.0,0.0,0.0,0.0,0.0,0.0,0.0,0.0,0.0,0.0,0.0,0.0,0.0,0.0,0.0,0.0,0.0,0.0,0.0,0.0,0.0,0.0,0.0,0.0,0.0,0.0,0.0,0.0,0.0,0.0,0.0,0.0,0.0,0.0,0.0,0.0,0.0,0.0,0.0,0.0,0.0,0.0,0.0,0.0,0.0,0.0,0.0,0.0,0.0,0.0,0.0,0.0,0.0,0.0,0.0,0.0,0.0,0.0,0.0,0.0,0.0,0.0,0.0,0.0,0.0,0.0,0.0,0.0,0.0,0.0,0.0,0.0,0.0,0.0,0.0,0.0
2017-06-01 05:05:00+02:00,0.0,0.0,0.0,0.0,0.0,0.0,0.0,0.0,0.0,0.0,0.0,0.0,0.0,0.0,0.0,0.0,0.0,0.0,0.0,0.0,0.0,0.0,0.0,0.0,0.0,0.0,0.0,0.0,0.0,0.0,0.0,0.0,0.0,0.0,0.0,0.0,0.0,0.0,0.0,0.0,0.0,0.0,0.0,0.0,0.0,0.0,0.0,0.0,0.0,0.0,0.0,0.0,0.0,0.0,0.0,0.0,0.0,0.0,0.0,0.0,0.0,0.0,0.0,0.0,0.0,0.0,0.0,0.0,0.0,0.0,0.0,0.0,0.0,0.0,0.0,0.0,0.0,0.0,0.0,0.0,0.0,0.0,0.0,0.0,0.0,0.0,0.0,0.0,0.0,0.0,0.0,0.0,0.0,0.0,0.0,0.0,0.0,0.0,0.0,0.0,0.0,0.0,0.0,0.0,0.0,0.0,0.0,0.0,0.0,0.0,0.0,0.0,0.0,0.0,0.0,0.0,0.0,0.0
2017-06-01 05:06:00+02:00,0.0,0.0,0.0,0.0,0.0,0.0,0.0,0.0,0.0,0.0,0.0,0.0,0.0,0.0,0.0,0.0,0.0,0.0,0.0,0.0,0.0,0.0,0.0,0.0,0.0,0.0,0.0,0.0,0.0,0.0,0.0,0.0,0.0,0.0,0.0,0.0,0.0,0.0,0.0,0.0,0.0,0.0,0.0,0.0,0.0,0.0,0.0,0.0,0.0,0.0,0.0,0.0,0.0,0.0,0.0,0.0,0.0,0.0,0.0,0.0,0.0,0.0,0.0,0.0,0.0,0.0,0.0,0.0,0.0,0.0,0.0,0.0,0.0,0.0,0.0,0.0,0.0,0.0,0.0,0.0,0.0,0.0,0.0,0.0,0.0,0.0,0.0,0.0,0.0,0.0,0.0,0.0,0.0,0.0,0.0,0.0,0.0,0.0,0.0,0.0,0.0,0.0,0.0,0.0,0.0,0.0,0.0,0.0,0.0,0.0,0.0,0.0,0.0,0.0,0.0,0.0,0.0,0.0
2017-06-01 05:07:00+02:00,0.0,0.0,0.0,0.0,0.0,0.0,0.0,0.0,0.0,0.0,0.0,0.0,0.0,0.0,0.0,0.0,0.0,0.0,0.0,0.0,0.0,0.0,0.0,0.0,0.0,0.0,0.0,0.0,0.0,0.0,0.0,0.0,0.0,0.0,0.0,0.0,0.0,0.0,0.0,0.0,0.0,0.0,0.0,0.0,0.0,0.0,0.0,0.0,0.0,0.0,0.0,0.0,0.0,0.0,0.0,0.0,0.0,0.0,0.0,0.0,0.0,0.0,0.0,0.0,0.0,0.0,0.0,0.0,0.0,0.0,0.0,0.0,0.0,0.0,0.0,0.0,0.0,0.0,0.0,0.0,0.0,0.0,0.0,0.0,0.0,0.0,0.0,0.0,0.0,0.0,0.0,0.0,0.0,0.0,0.0,0.0,0.0,0.0,0.0,0.0,0.0,0.0,0.0,0.0,0.0,0.0,0.0,0.0,0.0,0.0,0.0,0.0,0.0,0.0,0.0,0.0,0.0,0.0
2017-06-01 05:08:00+02:00,0.0,0.0,0.0,0.0,0.0,0.0,0.0,0.0,0.0,0.0,0.0,0.0,0.0,0.0,0.0,0.0,0.0,0.0,0.0,0.0,0.0,0.0,0.0,0.0,0.0,0.0,0.0,0.0,0.0,0.0,0.0,0.0,0.0,0.0,0.0,0.0,0.0,0.0,0.0,0.0,0.0,0.0,0.0,0.0,0.0,0.0,0.0,0.0,0.0,0.0,0.0,0.0,0.0,0.0,0.0,0.0,0.0,0.0,0.0,0.0,0.0,0.0,0.0,0.0,0.0,0.0,0.0,0.0,0.0,0.0,0.0,0.0,0.0,0.0,0.0,0.0,0.0,0.0,0.0,0.0,0.0,0.0,0.0,0.0,0.0,0.0,0.0,0.0,0.0,0.0,0.0,0.0,0.0,0.0,0.0,0.0,0.0,0.0,0.0,0.0,0.0,0.0,0.0,0.0,0.0,0.0,0.0,0.0,0.0,0.0,0.0,0.0,0.0,0.0,0.0,0.0,0.0,0.0
2017-06-01 05:09:00+02:00,0.0,0.0,0.0,0.0,0.0,0.0,0.0,0.0,0.0,0.0,0.0,0.0,0.0,0.0,0.0,0.0,0.0,0.0,0.0,0.0,0.0,0.0,0.0,0.0,0.0,0.0,0.0,0.0,0.0,0.0,0.0,0.0,0.0,0.0,0.0,0.0,0.0,0.0,0.0,0.0,0.0,0.0,0.0,0.0,0.0,0.0,0.0,0.0,0.0,0.0,0.0,0.0,0.0,0.0,0.0,0.0,0.0,0.0,0.0,0.0,0.0,0.0,0.0,0.0,0.0,0.0,0.0,0.0,0.0,0.0,0.0,0.0,0.0,0.0,0.0,0.0,0.0,0.0,0.0,0.0,0.0,0.0,0.0,0.0,0.0,0.0,0.0,0.0,0.0,0.0,0.0,0.0,0.0,0.0,0.0,0.0,0.0,0.0,0.0,0.0,0.0,0.0,0.0,0.0,0.0,0.0,0.0,0.0,0.0,0.0,0.0,0.0,0.0,0.0,0.0,0.0,0.0,0.0
2017-06-01 05:10:00+02:00,0.0,0.0,0.0,0.0,0.0,0.0,0.0,0.0,0.0,0.0,0.0,0.0,0.0,0.0,0.0,0.0,0.0,0.0,0.0,0.0,0.0,0.0,0.0,0.0,0.0,0.0,0.0,0.0,0.0,0.0,0.0,0.0,0.0,0.0,0.0,0.0,0.0,0.0,0.0,0.0,0.0,0.0,0.0,0.0,0.0,0.0,0.0,0.0,0.0,0.0,0.0,0.0,0.0,0.0,0.0,0.0,0.0,0.0,0.0,0.0,0.0,0.0,0.0,0.0,0.0,0.0,0.0,0.0,0.0,0.0,0.0,0.0,0.0,0.0,0.0,0.0,0.0,0.0,0.0,0.0,0.0,0.0,0.0,0.0,0.0,0.0,0.0,0.0,0.0,0.0,0.0,0.0,0.0,0.0,0.0,0.0,0.0,0.0,0.0,0.0,0.0,0.0,0.0,0.0,0.0,0.0,0.0,0.0,0.0,0.0,0.0,0.0,0.0,0.0,0.0,0.0,0.0,0.0
2017-06-01 05:11:00+02:00,0.0,0.0,0.0,0.0,0.0,0.0,0.0,0.0,0.0,0.0,0.0,0.0,0.0,0.0,0.0,0.0,0.0,0.0,0.0,0.0,0.0,0.0,0.0,0.0,0.0,0.0,0.0,0.0,0.0,0.0,0.0,0.0,0.0,0.0,0.0,0.0,0.0,0.0,0.0,0.0,0.0,0.0,0.0,0.0,0.0,0.0,0.0,0.0,0.0,0.0,0.0,0.0,0.0,0.0,0.0,0.0,0.0,0.0,0.0,0.0,0.0,0.0,0.0,0.0,0.0,0.0,0.0,0.0,0.0,0.0,0.0,0.0,0.0,0.0,0.0,0.0,0.0,0.0,0.0,0.0,0.0,0.0,0.0,0.0,0.0,0.0,0.0,0.0,0.0,0.0,0.0,0.0,0.0,0.0,0.0,0.0,0.0,0.0,0.0,0.0,0.0,0.0,0.0,0.0,0.0,0.0,0.0,0.0,0.0,0.0,0.0,0.0,0.0,0.0,0.0,0.0,0.0,0.0
2017-06-01 05:12:00+02:00,0.0,0.0,0.0,0.0,0.0,0.0,0.0,0.0,0.0,0.0,0.0,0.0,0.0,0.0,0.0,0.0,0.0,0.0,0.0,0.0,0.0,0.0,0.0,0.0,0.0,0.0,0.0,0.0,0.0,0.0,0.0,0.0,0.0,0.0,0.0,0.0,0.0,0.0,0.0,0.0,0.0,0.0,0.0,0.0,0.0,0.0,0.0,0.0,0.0,0.0,0.0,0.0,0.0,0.0,0.0,0.0,0.0,0.0,0.0,0.0,0.0,0.0,0.0,0.0,0.0,0.0,0.0,0.0,0.0,0.0,0.0,0.0,0.0,0.0,0.0,0.0,0.0,0.0,0.0,0.0,0.0,0.0,0.0,0.0,0.0,0.0,0.0,0.0,0.0,0.0,0.0,0.0,0.0,0.0,0.0,0.0,0.0,0.0,0.0,0.0,0.0,0.0,0.0,0.0,0.0,0.0,0.0,0.0,0.0,0.0,0.0,0.0,0.0,0.0,0.0,0.0,0.0,0.0
2017-06-01 05:13:00+02:00,0.0,0.0,0.0,0.0,0.0,0.0,0.0,0.0,0.0,0.0,0.0,0.0,0.0,0.0,0.0,0.0,0.0,0.0,0.0,0.0,0.0,0.0,0.0,0.0,0.0,0.0,0.0,0.0,0.0,0.0,0.0,0.0,0.0,0.0,0.0,0.0,0.0,0.0,0.0,0.0,0.0,0.0,0.0,0.0,0.0,0.0,0.0,0.0,0.0,0.0,0.0,0.0,0.0,0.0,0.0,0.0,0.0,0.0,0.0,0.0,0.0,0.0,0.0,0.0,0.0,0.0,0.0,0.0,0.0,0.0,0.0,0.0,0.0,0.0,0.0,0.0,0.0,0.0,0.0,0.0,0.0,0.0,0.0,0.0,0.0,0.0,0.0,0.0,0.0,0.0,0.0,0.0,0.0,0.0,0.0,0.0,0.0,0.0,0.0,0.0,0.0,0.0,0.0,0.0,0.0,0.0,0.0,0.0,0.0,0.0,0.0,0.0,0.0,0.0,0.0,0.0,0.0,0.0
2017-06-01 05:14:00+02:00,0.0,0.0,0.0,0.0,0.0,0.0,0.0,0.0,0.0,0.0,0.0,0.0,0.0,0.0,0.0,0.0,0.0,0.0,0.0,0.0,0.0,0.0,0.0,0.0,0.0,0.0,0.0,0.0,0.0,0.0,0.0,0.0,0.0,0.0,0.0,0.0,0.0,0.0,0.0,0.0,0.0,0.0,0.0,0.0,0.0,0.0,0.0,0.0,0.0,0.0,0.0,0.0,0.0,0.0,0.0,0.0,0.0,0.0,0.0,0.0,0.0,0.0,0.0,0.0,0.0,0.0,0.0,0.0,0.0,0.0,0.0,0.0,0.0,0.0,0.0,0.0,0.0,0.0,0.0,0.0,0.0,0.0,0.0,0.0,0.0,0.0,0.0,0.0,0.0,0.0,0.0,0.0,0.0,0.0,0.0,0.0,0.0,0.0,0.0,0.0,0.0,0.0,0.0,0.0,0.0,0.0,0.0,0.0,0.0,0.0,0.0,0.0,0.0,0.0,0.0,0.0,0.0,0.0
2017-06-01 05:15:00+02:00,0.0,0.0,0.0,0.0,0.0,0.0,0.0,0.0,0.0,0.0,0.0,0.0,0.0,0.0,0.0,0.0,0.0,0.0,0.0,0.0,0.0,0.0,0.0,0.0,0.0,0.0,0.0,0.0,0.0,0.0,0.0,0.0,0.0,0.0,0.0,0.0,0.0,0.0,0.0,0.0,0.0,0.0,0.0,0.0,0.0,0.0,0.0,0.0,0.0,0.0,0.0,0.0,0.0,0.0,0.0,0.0,0.0,0.0,0.0,0.0,0.0,0.0,0.0,0.0,0.0,0.0,0.0,0.0,0.0,0.0,0.0,0.0,0.0,0.0,0.0,0.0,0.0,0.0,0.0,0.0,0.0,0.0,0.0,0.0,0.0,0.0,0.0,0.0,0.0,0.0,0.0,0.0,0.0,0.0,0.0,0.0,0.0,0.0,0.0,0.0,0.0,0.0,0.0,0.0,0.0,0.0,0.0,0.0,0.0,0.0,0.0,0.0,0.0,0.0,0.0,0.0,0.0,0.0
2017-06-01 05:16:00+02:00,0.0,0.0,0.0,0.0,0.0,0.0,0.0,0.0,0.0,0.0,0.0,0.0,0.0,0.0,0.0,0.0,0.0,0.0,0.0,0.0,0.0,0.0,0.0,0.0,0.0,0.0,0.0,0.0,0.0,0.0,0.0,0.0,0.0,0.0,0.0,0.0,0.0,0.0,0.0,0.0,0.0,0.0,0.0,0.0,0.0,0.0,0.0,0.0,0.0,0.0,0.0,0.0,0.0,0.0,0.0,0.0,0.0,0.0,0.0,0.0,0.0,0.0,0.0,0.0,0.0,0.0,0.0,0.0,0.0,0.0,0.0,0.0,0.0,0.0,0.0,0.0,0.0,0.0,0.0,0.0,0.0,0.0,0.0,0.0,0.0,0.0,0.0,0.0,0.0,0.0,0.0,0.0,0.0,0.0,0.0,0.0,0.0,0.0,0.0,0.0,0.0,0.0,0.0,0.0,0.0,0.0,0.0,0.0,0.0,0.0,0.0,0.0,0.0,0.0,0.0,0.0,0.0,0.0
2017-06-01 05:17:00+02:00,0.0,0.0,0.0,0.0,0.0,0.0,0.0,0.0,0.0,0.0,0.0,0.0,0.0,0.0,0.0,0.0,0.0,0.0,0.0,0.0,0.0,0.0,0.0,0.0,0.0,0.0,0.0,0.0,0.0,0.0,0.0,0.0,0.0,0.0,0.0,0.0,0.0,0.0,0.0,0.0,0.0,0.0,0.0,0.0,0.0,0.0,0.0,0.0,0.0,0.0,0.0,0.0,0.0,0.0,0.0,0.0,0.0,0.0,0.0,0.0,0.0,0.0,0.0,0.0,0.0,0.0,0.0,0.0,0.0,0.0,0.0,0.0,0.0,0.0,0.0,0.0,0.0,0.0,0.0,0.0,0.0,0.0,0.0,0.0,0.0,0.0,0.0,0.0,0.0,0.0,0.0,0.0,0.0,0.0,0.0,0.0,0.0,0.0,0.0,0.0,0.0,0.0,0.0,0.0,0.0,0.0,0.0,0.0,0.0,0.0,0.0,0.0,0.0,0.0,0.0,0.0,0.0,0.0
2017-06-01 05:18:00+02:00,0.0,0.0,0.0,0.0,0.0,0.0,0.0,0.0,0.0,0.0,0.0,0.0,0.0,0.0,0.0,0.0,0.0,0.0,0.0,0.0,0.0,0.0,0.0,0.0,0.0,0.0,0.0,0.0,0.0,0.0,0.0,0.0,0.0,0.0,0.0,0.0,0.0,0.0,0.0,0.0,0.0,0.0,0.0,0.0,0.0,0.0,0.0,0.0,0.0,0.0,0.0,0.0,0.0,0.0,0.0,0.0,0.0,0.0,0.0,0.0,0.0,0.0,0.0,0.0,0.0,0.0,0.0,0.0,0.0,0.0,0.0,0.0,0.0,0.0,0.0,0.0,0.0,0.0,0.0,0.0,0.0,0.0,0.0,0.0,0.0,0.0,0.0,0.0,0.0,0.0,0.0,0.0,0.0,0.0,0.0,0.0,0.0,0.0,0.0,0.0,0.0,0.0,0.0,0.0,0.0,0.0,0.0,0.0,0.0,0.0,0.0,0.0,0.0,0.0,0.0,0.0,0.0,0.0
2017-06-01 05:19:00+02:00,0.0,0.0,0.0,0.0,0.0,0.0,0.0,0.0,0.0,0.0,0.0,0.0,0.0,0.0,0.0,0.0,0.0,0.0,0.0,0.0,0.0,0.0,0.0,0.0,0.0,0.0,0.0,0.0,0.0,0.0,0.0,0.0,0.0,0.0,0.0,0.0,0.0,0.0,0.0,0.0,0.0,0.0,0.0,0.0,0.0,0.0,0.0,0.0,0.0,0.0,0.0,0.0,0.0,0.0,0.0,0.0,0.0,0.0,0.0,0.0,0.0,0.0,0.0,0.0,0.0,0.0,0.0,0.0,0.0,0.0,0.0,0.0,0.0,0.0,0.0,0.0,0.0,0.0,0.0,0.0,0.0,0.0,0.0,0.0,0.0,0.0,0.0,0.0,0.0,0.0,0.0,0.0,0.0,0.0,0.0,0.0,0.0,0.0,0.0,0.0,0.0,0.0,0.0,0.0,0.0,0.0,0.0,0.0,0.0,0.0,0.0,0.0,0.0,0.0,0.0,0.0,0.0,0.0
2017-06-01 05:20:00+02:00,0.0,0.0,0.0,0.0,0.0,0.0,0.0,0.0,0.0,0.0,0.0,0.0,0.0,0.0,0.0,0.0,0.0,0.0,0.0,0.0,0.0,0.0,0.0,0.0,0.0,0.0,0.0,0.0,0.0,0.0,0.0,0.0,0.0,0.0,0.0,0.0,0.0,0.0,0.0,0.0,0.0,0.0,0.0,0.0,0.0,0.0,0.0,0.0,0.0,0.0,0.0,0.0,0.0,0.0,0.0,0.0,0.0,0.0,0.0,0.0,0.0,0.0,0.0,0.0,0.0,0.0,0.0,0.0,0.0,0.0,0.0,0.0,0.0,0.0,0.0,0.0,0.0,0.0,0.0,0.0,0.0,0.0,0.0,0.0,0.0,0.0,0.0,0.0,0.0,0.0,0.0,0.0,0.0,0.0,0.0,0.0,0.0,0.0,0.0,0.0,0.0,0.0,0.0,0.0,0.0,0.0,0.0,0.0,0.0,0.0,0.0,0.0,0.0,0.0,0.0,0.0,0.0,0.0
2017-06-01 05:21:00+02:00,0.0,0.0,0.0,0.0,0.0,0.0,0.0,0.0,0.0,0.0,0.0,0.0,0.0,0.0,0.0,0.0,0.0,0.0,0.0,0.0,0.0,0.0,0.0,0.0,0.0,0.0,0.0,0.0,0.0,0.0,0.0,0.0,0.0,0.0,0.0,0.0,0.0,0.0,0.0,0.0,0.0,0.0,0.0,0.0,0.0,0.0,0.0,0.0,0.0,0.0,0.0,0.0,0.0,0.0,0.0,0.0,0.0,0.0,0.0,0.0,0.0,0.0,0.0,0.0,0.0,0.0,0.0,0.0,0.0,0.0,0.0,0.0,0.0,0.0,0.0,0.0,0.0,0.0,0.0,0.0,0.0,0.0,0.0,0.0,0.0,0.0,0.0,0.0,0.0,0.0,0.0,0.0,0.0,0.0,0.0,0.0,0.0,0.0,0.0,0.0,0.0,0.0,0.0,0.0,0.0,0.0,0.0,0.0,0.0,0.0,0.0,0.0,0.0,0.0,0.0,0.0,0.0,0.0
2017-06-01 05:22:00+02:00,0.0,0.0,0.0,0.0,0.0,0.0,0.0,0.0,0.0,0.0,0.0,0.0,0.0,0.0,0.0,0.0,0.0,0.0,0.0,0.0,0.0,0.0,0.0,0.0,0.0,0.0,0.0,0.0,0.0,0.0,0.0,0.0,0.0,0.0,0.0,0.0,0.0,0.0,0.0,0.0,0.0,0.0,0.0,0.0,0.0,0.0,0.0,0.0,0.0,0.0,0.0,0.0,0.0,0.0,0.0,0.0,0.0,0.0,0.0,0.0,0.0,0.0,0.0,0.0,0.0,0.0,0.0,0.0,0.0,0.0,0.0,0.0,0.0,0.0,0.0,0.0,0.0,0.0,0.0,0.0,0.0,0.0,0.0,0.0,0.0,0.0,0.0,0.0,0.0,0.0,0.0,0.0,0.0,0.0,0.0,0.0,0.0,0.0,0.0,0.0,0.0,0.0,0.0,0.0,0.0,0.0,0.0,0.0,0.0,0.0,0.0,0.0,0.0,0.0,0.0,0.0,0.0,0.0
2017-06-01 05:23:00+02:00,0.0,0.0,0.0,0.0,0.0,0.0,0.0,0.0,0.0,0.0,0.0,0.0,0.0,0.0,0.0,0.0,0.0,0.0,0.0,0.0,0.0,0.0,0.0,0.0,0.0,0.0,0.0,0.0,0.0,0.0,0.0,0.0,0.0,0.0,0.0,0.0,0.0,0.0,0.0,0.0,0.0,0.0,0.0,0.0,0.0,0.0,0.0,0.0,0.0,0.0,0.0,0.0,0.0,0.0,0.0,0.0,0.0,0.0,0.0,0.0,0.0,0.0,0.0,0.0,0.0,0.0,0.0,0.0,0.0,0.0,0.0,0.0,0.0,0.0,0.0,0.0,0.0,0.0,0.0,0.0,0.0,0.0,0.0,0.0,0.0,0.0,0.0,0.0,0.0,0.0,0.0,0.0,0.0,0.0,0.0,0.0,0.0,0.0,0.0,0.0,0.0,0.0,0.0,0.0,0.0,0.0,0.0,0.0,0.0,0.0,0.0,0.0,0.0,0.0,0.0,0.0,0.0,0.0
2017-06-01 05:24:00+02:00,0.0,0.0,0.0,0.0,0.0,0.0,0.0,0.0,0.0,0.0,0.0,0.0,0.0,0.0,0.0,0.0,0.0,0.0,0.0,0.0,0.0,0.0,0.0,0.0,0.0,0.0,0.0,0.0,0.0,0.0,0.0,0.0,0.0,0.0,0.0,0.0,0.0,0.0,0.0,0.0,0.0,0.0,0.0,0.0,0.0,0.0,0.0,0.0,0.0,0.0,0.0,0.0,0.0,0.0,0.0,0.0,0.0,0.0,0.0,0.0,0.0,0.0,0.0,0.0,0.0,0.0,0.0,0.0,0.0,0.0,0.0,0.0,0.0,0.0,0.0,0.0,0.0,0.0,0.0,0.0,0.0,0.0,0.0,0.0,0.0,0.0,0.0,0.0,0.0,0.0,0.0,0.0,0.0,0.0,0.0,0.0,0.0,0.0,0.0,0.0,0.0,0.0,0.0,0.0,0.0,0.0,0.0,0.0,0.0,0.0,0.0,0.0,0.0,0.0,0.0,0.0,0.0,0.0
2017-06-01 05:25:00+02:00,0.0,0.0,0.0,0.0,0.0,0.0,0.0,0.0,0.0,0.0,0.0,0.0,0.0,0.0,0.0,0.0,0.0,0.0,0.0,0.0,0.0,0.0,0.0,0.0,0.0,0.0,0.0,0.0,0.0,0.0,0.0,0.0,0.0,0.0,0.0,0.0,0.0,0.0,0.0,0.0,0.0,0.0,0.0,0.0,0.0,0.0,0.0,0.0,0.0,0.0,0.0,0.0,0.0,0.0,0.0,0.0,0.0,0.0,0.0,0.0,0.0,0.0,0.0,0.0,0.0,0.0,0.0,0.0,0.0,0.0,0.0,0.0,0.0,0.0,0.0,0.0,0.0,0.0,0.0,0.0,0.0,0.0,0.0,0.0,0.0,0.0,0.0,0.0,0.0,0.0,0.0,0.0,0.0,0.0,0.0,0.0,0.0,0.0,0.0,0.0,0.0,0.0,0.0,0.0,0.0,0.0,0.0,0.0,0.0,0.0,0.0,0.0,0.0,0.0,0.0,0.0,0.0,0.0
2017-06-01 05:26:00+02:00,0.0,0.0,0.0,0.0,0.0,0.0,0.0,0.0,0.0,0.0,0.0,0.0,0.0,0.0,0.0,0.0,0.0,0.0,0.0,0.0,0.0,0.0,0.0,0.0,0.0,0.0,0.0,0.0,0.0,0.0,0.0,0.0,0.0,0.0,0.0,0.0,0.0,0.0,0.0,0.0,0.0,0.0,0.0,0.0,0.0,0.0,0.0,0.0,0.0,0.0,0.0,0.0,0.0,0.0,0.0,0.0,0.0,0.0,0.0,0.0,0.0,0.0,0.0,0.0,0.0,0.0,0.0,0.0,0.0,0.0,0.0,0.0,0.0,0.0,0.0,0.0,0.0,0.0,0.0,0.0,0.0,0.0,0.0,0.0,0.0,0.0,0.0,0.0,0.0,0.0,0.0,0.0,0.0,0.0,0.0,0.0,0.0,0.0,0.0,0.0,0.0,0.0,0.0,0.0,0.0,0.0,0.0,0.0,0.0,0.0,0.0,0.0,0.0,0.0,0.0,0.0,0.0,0.0
2017-06-01 05:27:00+02:00,0.0,0.0,0.0,0.0,0.0,0.0,0.0,0.0,0.0,0.0,0.0,0.0,0.0,0.0,0.0,0.0,0.0,0.0,0.0,0.0,0.0,0.0,0.0,0.0,0.0,0.0,0.0,0.0,0.0,0.0,0.0,0.0,0.0,0.0,0.0,0.0,0.0,0.0,0.0,0.0,0.0,0.0,0.0,0.0,0.0,0.0,0.0,0.0,0.0,0.0,0.0,0.0,0.0,0.0,0.0,0.0,0.0,0.0,0.0,0.0,0.0,0.0,0.0,0.0,0.0,0.0,0.0,0.0,0.0,0.0,0.0,0.0,0.0,0.0,0.0,0.0,0.0,0.0,0.0,0.0,0.0,0.0,0.0,0.0,0.0,0.0,0.0,0.0,0.0,0.0,0.0,0.0,0.0,0.0,0.0,0.0,0.0,0.0,0.0,0.0,0.0,0.0,0.0,0.0,0.0,0.0,0.0,0.0,0.0,0.0,0.0,0.0,0.0,0.0,0.0,0.0,0.0,0.0
2017-06-01 05:28:00+02:00,0.0,0.0,0.0,0.0,0.0,0.0,0.0,0.0,0.0,0.0,0.0,0.0,0.0,0.0,0.0,0.0,0.0,0.0,0.0,0.0,0.0,0.0,0.0,0.0,0.0,0.0,0.0,0.0,0.0,0.0,0.0,0.0,0.0,0.0,0.0,0.0,0.0,0.0,0.0,0.0,0.0,0.0,0.0,0.0,0.0,0.0,0.0,0.0,0.0,0.0,0.0,0.0,0.0,0.0,0.0,0.0,0.0,0.0,0.0,0.0,0.0,0.0,0.0,0.0,0.0,0.0,0.0,0.0,0.0,0.0,0.0,0.0,0.0,0.0,0.0,0.0,0.0,0.0,0.0,0.0,0.0,0.0,0.0,0.0,0.0,0.0,0.0,0.0,0.0,0.0,0.0,0.0,0.0,0.0,0.0,0.0,0.0,0.0,0.0,0.0,0.0,0.0,0.0,0.0,0.0,0.0,0.0,0.0,0.0,0.0,0.0,0.0,0.0,0.0,0.0,0.0,0.0,0.0
2017-06-01 05:29:00+02:00,0.0,0.0,0.0,0.0,0.0,0.0,0.0,0.0,0.0,0.0,0.0,0.0,0.0,0.0,0.0,0.0,0.0,0.0,0.0,0.0,0.0,0.0,0.0,0.0,0.0,0.0,0.0,0.0,0.0,0.0,0.0,0.0,0.0,0.0,0.0,0.0,0.0,0.0,0.0,0.0,0.0,0.0,0.0,0.0,0.0,0.0,0.0,0.0,0.0,0.0,0.0,0.0,0.0,0.0,0.0,0.0,0.0,0.0,0.0,0.0,0.0,0.0,0.0,0.0,0.0,0.0,0.0,0.0,0.0,0.0,0.0,0.0,0.0,0.0,0.0,0.0,0.0,0.0,0.0,0.0,0.0,0.0,0.0,0.0,0.0,0.0,0.0,0.0,0.0,0.0,0.0,0.0,0.0,0.0,0.0,0.0,0.0,0.0,0.0,0.0,0.0,0.0,0.0,0.0,0.0,0.0,0.0,0.0,0.0,0.0,0.0,0.0,0.0,0.0,0.0,0.0,0.0,0.0
2017-06-01 05:30:00+02:00,0.0,0.0,0.0,0.0,0.0,0.0,0.0,0.0,0.0,0.0,0.0,0.0,0.0,0.0,0.0,0.0,0.0,0.0,0.0,0.0,0.0,0.0,0.0,0.0,0.0,0.0,0.0,0.0,0.0,0.0,0.0,0.0,0.0,0.0,0.0,0.0,0.0,0.0,0.0,0.0,0.0,0.0,0.0,0.0,0.0,0.0,0.0,0.0,0.0,0.0,0.0,0.0,0.0,0.0,0.0,0.0,0.0,0.0,0.0,0.0,0.0,0.0,0.0,0.0,0.0,0.0,0.0,0.0,0.0,0.0,0.0,0.0,0.0,0.0,0.0,0.0,0.0,0.0,0.0,0.0,0.0,0.0,0.0,0.0,0.0,0.0,0.0,0.0,0.0,0.0,0.0,0.0,0.0,0.0,0.0,0.0,0.0,0.0,0.0,0.0,0.0,0.0,0.0,0.0,0.0,0.0,0.0,0.0,0.0,0.0,0.0,0.0,0.0,0.0,0.0,0.0,0.0,0.0
2017-06-01 05:31:00+02:00,0.0,0.0,0.0,0.0,0.0,0.0,0.0,0.0,0.0,0.0,0.0,0.0,0.0,0.0,0.0,0.0,0.0,0.0,0.0,0.0,0.0,0.0,0.0,0.0,0.0,0.0,0.0,0.0,0.0,0.0,0.0,0.0,0.0,0.0,0.0,0.0,0.0,0.0,0.0,0.0,0.0,0.0,0.0,0.0,0.0,0.0,0.0,0.0,0.0,0.0,0.0,0.0,0.0,0.0,0.0,0.0,0.0,0.0,0.0,0.0,0.0,0.0,0.0,0.0,0.0,0.0,0.0,0.0,0.0,0.0,0.0,0.0,0.0,0.0,0.0,0.0,0.0,0.0,0.0,0.0,0.0,0.0,0.0,0.0,0.0,0.0,0.0,0.0,0.0,0.0,0.0,0.0,0.0,0.0,0.0,0.0,0.0,0.0,0.0,0.0,0.0,0.0,0.0,0.0,0.0,0.0,0.0,0.0,0.0,0.0,0.0,0.0,0.0,0.0,0.0,0.0,0.0,0.0
2017-06-01 05:32:00+02:00,0.0,0.0,0.0,0.0,0.0,0.0,0.0,0.0,0.0,0.0,0.0,0.0,0.0,0.0,0.0,0.0,0.0,0.0,0.0,0.0,0.0,0.0,0.0,0.0,0.0,0.0,0.0,0.0,0.0,0.0,0.0,0.0,0.0,0.0,0.0,0.0,0.0,0.0,0.0,0.0,0.0,0.0,0.0,0.0,0.0,0.0,0.0,0.0,0.0,0.0,0.0,0.0,0.0,0.0,0.0,0.0,0.0,0.0,0.0,0.0,0.0,0.0,0.0,0.0,0.0,0.0,0.0,0.0,0.0,0.0,0.0,0.0,0.0,0.0,0.0,0.0,0.0,0.0,0.0,0.0,0.0,0.0,0.0,0.0,0.0,0.0,0.0,0.0,0.0,0.0,0.0,0.0,0.0,0.0,0.0,0.0,0.0,0.0,0.0,0.0,0.0,0.0,0.0,0.0,0.0,0.0,0.0,0.0,0.0,0.0,0.0,0.0,0.0,0.0,0.0,0.0,0.0,0.0
2017-06-01 05:33:00+02:00,0.0,0.0,0.0,0.0,0.0,0.0,0.0,0.0,0.0,0.0,0.0,0.0,0.0,0.0,0.0,0.0,0.0,0.0,0.0,0.0,0.0,0.0,0.0,0.0,0.0,0.0,0.0,0.0,0.0,0.0,0.0,0.0,0.0,0.0,0.0,0.0,0.0,0.0,0.0,0.0,0.0,0.0,0.0,0.0,0.0,0.0,0.0,0.0,0.0,0.0,0.0,0.0,0.0,0.0,0.0,0.0,0.0,0.0,0.0,0.0,0.0,0.0,0.0,0.0,0.0,0.0,0.0,0.0,0.0,0.0,0.0,0.0,0.0,0.0,0.0,0.0,0.0,0.0,0.0,0.0,0.0,0.0,0.0,0.0,0.0,0.0,0.0,0.0,0.0,0.0,0.0,0.0,0.0,0.0,0.0,0.0,0.0,0.0,0.0,0.0,0.0,0.0,0.0,0.0,0.0,0.0,0.0,0.0,0.0,0.0,0.0,0.0,0.0,0.0,0.0,0.0,0.0,0.0
2017-06-01 05:34:00+02:00,0.0,0.0,0.0,0.0,0.0,0.0,0.0,0.0,0.0,0.0,0.0,0.0,0.0,0.0,0.0,0.0,0.0,0.0,0.0,0.0,0.0,0.0,0.0,0.0,0.0,0.0,0.0,0.0,0.0,0.0,0.0,0.0,0.0,0.0,0.0,0.0,0.0,0.0,0.0,0.0,0.0,0.0,0.0,0.0,0.0,0.0,0.0,0.0,0.0,0.0,0.0,0.0,0.0,0.0,0.0,0.0,0.0,0.0,0.0,0.0,0.0,0.0,0.0,0.0,0.0,0.0,0.0,0.0,0.0,0.0,0.0,0.0,0.0,0.0,0.0,0.0,0.0,0.0,0.0,0.0,0.0,0.0,0.0,0.0,0.0,0.0,0.0,0.0,0.0,0.0,0.0,0.0,0.0,0.0,0.0,0.0,0.0,0.0,0.0,0.0,0.0,0.0,0.0,0.0,0.0,0.0,0.0,0.0,0.0,0.0,0.0,0.0,0.0,0.0,0.0,0.0,0.0,0.0
2017-06-01 05:35:00+02:00,0.0,0.0,0.0,0.0,0.0,0.0,0.0,0.0,0.0,0.0,0.0,0.0,0.0,0.0,0.0,0.0,0.0,0.0,0.0,0.0,0.0,0.0,0.0,0.0,0.0,0.0,0.0,0.0,0.0,0.0,0.0,0.0,0.0,0.0,0.0,0.0,0.0,0.0,0.0,0.0,0.0,0.0,0.0,0.0,0.0,0.0,0.0,0.0,0.0,0.0,0.0,0.0,0.0,0.0,0.0,0.0,0.0,0.0,0.0,0.0,0.0,0.0,0.0,0.0,0.0,0.0,0.0,0.0,0.0,0.0,0.0,0.0,0.0,0.0,0.0,0.0,0.0,0.0,0.0,0.0,0.0,0.0,0.0,0.0,0.0,0.0,0.0,0.0,0.0,0.0,0.0,0.0,0.0,0.0,0.0,0.0,0.0,0.0,0.0,0.0,0.0,0.0,0.0,0.0,0.0,0.0,0.0,0.0,0.0,0.0,0.0,0.0,0.0,0.0,0.0,0.0,0.0,0.0
2017-06-01 05:36:00+02:00,0.0,0.0,0.0,0.0,0.0,0.0,0.0,0.0,0.0,0.0,0.0,0.0,0.0,0.0,0.0,0.0,0.0,0.0,0.0,0.0,0.0,0.0,0.0,0.0,0.0,0.0,0.0,0.0,0.0,0.0,0.0,0.0,0.0,0.0,0.0,0.0,0.0,0.0,0.0,0.0,0.0,0.0,0.0,0.0,0.0,0.0,0.0,0.0,0.0,0.0,0.0,0.0,0.0,0.0,0.0,0.0,0.0,0.0,0.0,0.0,0.0,0.0,0.0,0.0,0.0,0.0,0.0,0.0,0.0,0.0,0.0,0.0,0.0,0.0,0.0,0.0,0.0,0.0,0.0,0.0,0.0,0.0,0.0,0.0,0.0,0.0,0.0,0.0,0.0,0.0,0.0,0.0,0.0,0.0,0.0,0.0,0.0,0.0,0.0,0.0,0.0,0.0,0.0,0.0,0.0,0.0,0.0,0.0,0.0,0.0,0.0,0.0,0.0,0.0,0.0,0.0,0.0,0.0
2017-06-01 05:37:00+02:00,0.0,0.0,0.0,0.0,0.0,0.0,0.0,0.0,0.0,0.0,0.0,0.0,0.0,0.0,0.0,0.0,0.0,0.0,0.0,0.0,0.0,0.0,0.0,0.0,0.0,0.0,0.0,0.0,0.0,0.0,0.0,0.0,0.0,0.0,0.0,0.0,0.0,0.0,0.0,0.0,0.0,0.0,0.0,0.0,0.0,0.0,0.0,0.0,0.0,0.0,0.0,0.0,0.0,0.0,0.0,0.0,0.0,0.0,0.0,0.0,0.0,0.0,0.0,0.0,0.0,0.0,0.0,0.0,0.0,0.0,0.0,0.0,0.0,0.0,0.0,0.0,0.0,0.0,0.0,0.0,0.0,0.0,0.0,0.0,0.0,0.0,0.0,0.0,0.0,0.0,0.0,0.0,0.0,0.0,0.0,0.0,0.0,0.0,0.0,0.0,0.0,0.0,0.0,0.0,0.0,0.0,0.0,0.0,0.0,0.0,0.0,0.0,0.0,0.0,0.0,0.0,0.0,0.0
2017-06-01 05:38:00+02:00,0.0,0.0,0.0,0.0,0.0,0.0,0.0,0.0,0.0,0.0,0.0,0.0,0.0,0.0,0.0,0.0,0.0,0.0,0.0,0.0,0.0,0.0,0.0,0.0,0.0,0.0,0.0,0.0,0.0,0.0,0.0,0.0,0.0,0.0,0.0,0.0,0.0,0.0,0.0,0.0,0.0,0.0,0.0,0.0,0.0,0.0,0.0,0.0,0.0,0.0,0.0,0.0,0.0,0.0,0.0,0.0,0.0,0.0,0.0,0.0,0.0,0.0,0.0,0.0,0.0,0.0,0.0,0.0,0.0,0.0,0.0,0.0,0.0,0.0,0.0,0.0,0.0,0.0,0.0,0.0,0.0,0.0,0.0,0.0,0.0,0.0,0.0,0.0,0.0,0.0,0.0,0.0,0.0,0.0,0.0,0.0,0.0,0.0,0.0,0.0,0.0,0.0,0.0,0.0,0.0,0.0,0.0,0.0,0.0,0.0,0.0,0.0,0.0,0.0,0.0,0.0,0.0,0.0
2017-06-01 05:39:00+02:00,0.0,0.0,0.0,0.0,0.0,0.0,0.0,0.0,0.0,0.0,0.0,0.0,0.0,0.0,0.0,0.0,0.0,0.0,0.0,0.0,0.0,0.0,0.0,0.0,0.0,0.0,0.0,0.0,0.0,0.0,0.0,0.0,0.0,0.0,0.0,0.0,0.0,0.0,0.0,0.0,0.0,0.0,0.0,0.0,0.0,0.0,0.0,0.0,0.0,0.0,0.0,0.0,0.0,0.0,0.0,0.0,0.0,0.0,0.0,0.0,0.0,0.0,0.0,0.0,0.0,0.0,0.0,0.0,0.0,0.0,0.0,0.0,0.0,0.0,0.0,0.0,0.0,0.0,0.0,0.0,0.0,0.0,0.0,0.0,0.0,0.0,0.0,0.0,0.0,0.0,0.0,0.0,0.0,0.0,0.0,0.0,0.0,0.0,0.0,0.0,0.0,0.0,0.0,0.0,0.0,0.0,0.0,0.0,0.0,0.0,0.0,0.0,0.0,0.0,0.0,0.0,0.0,0.0
2017-06-01 05:40:00+02:00,0.0,0.0,0.0,0.0,0.0,0.0,0.0,0.0,0.0,0.0,0.0,0.0,0.0,0.0,0.0,0.0,0.0,0.0,0.0,0.0,0.0,0.0,0.0,0.0,0.0,0.0,0.0,0.0,0.0,0.0,0.0,0.0,0.0,0.0,0.0,0.0,0.0,0.0,0.0,0.0,0.0,0.0,0.0,0.0,0.0,0.0,0.0,0.0,0.0,0.0,0.0,0.0,0.0,0.0,0.0,0.0,0.0,0.0,0.0,0.0,0.0,0.0,0.0,0.0,0.0,0.0,0.0,0.0,0.0,0.0,0.0,0.0,0.0,0.0,0.0,0.0,0.0,0.0,0.0,0.0,0.0,0.0,0.0,0.0,0.0,0.0,0.0,0.0,0.0,0.0,0.0,0.0,0.0,0.0,0.0,0.0,0.0,0.0,0.0,0.0,0.0,0.0,0.0,0.0,0.0,0.0,0.0,0.0,0.0,0.0,0.0,0.0,0.0,0.0,0.0,0.0,0.0,0.0
2017-06-01 05:41:00+02:00,0.0,0.0,0.0,0.0,0.0,0.0,0.0,0.0,0.0,0.0,0.0,0.0,0.0,0.0,0.0,0.0,0.0,0.0,0.0,0.0,0.0,0.0,0.0,0.0,0.0,0.0,0.0,0.0,0.0,0.0,0.0,0.0,0.0,0.0,0.0,0.0,0.0,0.0,0.0,0.0,0.0,0.0,0.0,0.0,0.0,0.0,0.0,0.0,0.0,0.0,0.0,0.0,0.0,0.0,0.0,0.0,0.0,0.0,0.0,0.0,0.0,0.0,0.0,0.0,0.0,0.0,0.0,0.0,0.0,0.0,0.0,0.0,0.0,0.0,0.0,0.0,0.0,0.0,0.0,0.0,0.0,0.0,0.0,0.0,0.0,0.0,0.0,0.0,0.0,0.0,0.0,0.0,0.0,0.0,0.0,0.0,0.0,0.0,0.0,0.0,0.0,0.0,0.0,0.0,0.0,0.0,0.0,0.0,0.0,0.0,0.0,0.0,0.0,0.0,0.0,0.0,0.0,0.0
2017-06-01 05:42:00+02:00,0.0,0.0,0.0,0.0,0.0,0.0,0.0,0.0,0.0,0.0,0.0,0.0,0.0,0.0,0.0,0.0,0.0,0.0,0.0,0.0,0.0,0.0,0.0,0.0,0.0,0.0,0.0,0.0,0.0,0.0,0.0,0.0,0.0,0.0,0.0,0.0,0.0,0.0,0.0,0.0,0.0,0.0,0.0,0.0,0.0,0.0,0.0,0.0,0.0,0.0,0.0,0.0,0.0,0.0,0.0,0.0,0.0,0.0,0.0,0.0,0.0,0.0,0.0,0.0,0.0,0.0,0.0,0.0,0.0,0.0,0.0,0.0,0.0,0.0,0.0,0.0,0.0,0.0,0.0,0.0,0.0,0.0,0.0,0.0,0.0,0.0,0.0,0.0,0.0,0.0,0.0,0.0,0.0,0.0,0.0,0.0,0.0,0.0,0.0,0.0,0.0,0.0,0.0,0.0,0.0,0.0,0.0,0.0,0.0,0.0,0.0,0.0,0.0,0.0,0.0,0.0,0.0,0.0
2017-06-01 05:43:00+02:00,0.0,0.0,0.0,0.0,0.0,0.0,0.0,0.0,0.0,0.0,0.0,0.0,0.0,0.0,0.0,0.0,0.0,0.0,0.0,0.0,0.0,0.0,0.0,0.0,0.0,0.0,0.0,0.0,0.0,0.0,0.0,0.0,0.0,0.0,0.0,0.0,0.0,0.0,0.0,0.0,0.0,0.0,0.0,0.0,0.0,0.0,0.0,0.0,0.0,0.0,0.0,0.0,0.0,0.0,0.0,0.0,0.0,0.0,0.0,0.0,0.0,0.0,0.0,0.0,0.0,0.0,0.0,0.0,0.0,0.0,0.0,0.0,0.0,0.0,0.0,0.0,0.0,0.0,0.0,0.0,0.0,0.0,0.0,0.0,0.0,0.0,0.0,0.0,0.0,0.0,0.0,0.0,0.0,0.0,0.0,0.0,0.0,0.0,0.0,0.0,0.0,0.0,0.0,0.0,0.0,0.0,0.0,0.0,0.0,0.0,0.0,0.0,0.0,0.0,0.0,0.0,0.0,0.0
2017-06-01 05:44:00+02:00,0.0,0.0,0.0,0.0,0.0,0.0,0.0,0.0,0.0,0.0,0.0,0.0,0.0,0.0,0.0,0.0,0.0,0.0,0.0,0.0,0.0,0.0,0.0,0.0,0.0,0.0,0.0,0.0,0.0,0.0,0.0,0.0,0.0,0.0,0.0,0.0,0.0,0.0,0.0,0.0,0.0,0.0,0.0,0.0,0.0,0.0,0.0,0.0,0.0,0.0,0.0,0.0,0.0,0.0,0.0,0.0,0.0,0.0,0.0,0.0,0.0,0.0,0.0,0.0,0.0,0.0,0.0,0.0,0.0,0.0,0.0,0.0,0.0,0.0,0.0,0.0,0.0,0.0,0.0,0.0,0.0,0.0,0.0,0.0,0.0,0.0,0.0,0.0,0.0,0.0,0.0,0.0,0.0,0.0,0.0,0.0,0.0,0.0,0.0,0.0,0.0,0.0,0.0,0.0,0.0,0.0,0.0,0.0,0.0,0.0,0.0,0.0,0.0,0.0,0.0,0.0,0.0,0.0
2017-06-01 05:45:00+02:00,0.0,0.0,0.0,0.0,0.0,0.0,0.0,0.0,0.0,0.0,0.0,0.0,0.0,0.0,0.0,0.0,0.0,0.0,0.0,0.0,0.0,0.0,0.0,0.0,0.0,0.0,0.0,0.0,0.0,0.0,0.0,0.0,0.0,0.0,0.0,0.0,0.0,0.0,0.0,0.0,0.0,0.0,0.0,0.0,0.0,0.0,0.0,0.0,0.0,0.0,0.0,0.0,0.0,0.0,0.0,0.0,0.0,0.0,0.0,0.0,0.0,0.0,0.0,0.0,0.0,0.0,0.0,0.0,0.0,0.0,0.0,0.0,0.0,0.0,0.0,0.0,0.0,0.0,0.0,0.0,0.0,0.0,0.0,0.0,0.0,0.0,0.0,0.0,0.0,0.0,0.0,0.0,0.0,0.0,0.0,0.0,0.0,0.0,0.0,0.0,0.0,0.0,0.0,0.0,0.0,0.0,0.0,0.0,0.0,0.0,0.0,0.0,0.0,0.0,0.0,0.0,0.0,0.0
2017-06-01 05:46:00+02:00,0.0,0.0,0.0,0.0,0.0,0.0,0.0,0.0,0.0,0.0,0.0,0.0,0.0,0.0,0.0,0.0,0.0,0.0,0.0,0.0,0.0,0.0,0.0,0.0,0.0,0.0,0.0,0.0,0.0,0.0,0.0,0.0,0.0,0.0,0.0,0.0,0.0,0.0,0.0,0.0,0.0,0.0,0.0,0.0,0.0,0.0,0.0,0.0,0.0,0.0,0.0,0.0,0.0,0.0,0.0,0.0,0.0,0.0,0.0,0.0,0.0,0.0,0.0,0.0,0.0,0.0,0.0,0.0,0.0,0.0,0.0,0.0,0.0,0.0,0.0,0.0,0.0,0.0,0.0,0.0,0.0,0.0,0.0,0.0,0.0,0.0,0.0,0.0,0.0,0.0,0.0,0.0,0.0,0.0,0.0,0.0,0.0,0.0,0.0,0.0,0.0,0.0,0.0,0.0,0.0,0.0,0.0,0.0,0.0,0.0,0.0,0.0,0.0,0.0,0.0,0.0,0.0,0.0
2017-06-01 05:47:00+02:00,0.0,0.0,0.0,0.0,0.0,0.0,0.0,0.0,0.0,0.0,0.0,0.0,0.0,0.0,0.0,0.0,0.0,0.0,0.0,0.0,0.0,0.0,0.0,0.0,0.0,0.0,0.0,0.0,0.0,0.0,0.0,0.0,0.0,0.0,0.0,0.0,0.0,0.0,0.0,0.0,0.0,0.0,0.0,0.0,0.0,0.0,0.0,0.0,0.0,0.0,0.0,0.0,0.0,0.0,0.0,0.0,0.0,0.0,0.0,0.0,0.0,0.0,0.0,0.0,0.0,0.0,0.0,0.0,0.0,0.0,0.0,0.0,0.0,0.0,0.0,0.0,0.0,0.0,0.0,0.0,0.0,0.0,0.0,0.0,0.0,0.0,0.0,0.0,0.0,0.0,0.0,0.0,0.0,0.0,0.0,0.0,0.0,0.0,0.0,0.0,0.0,0.0,0.0,0.0,0.0,0.0,0.0,0.0,0.0,0.0,0.0,0.0,0.0,0.0,0.0,0.0,0.0,0.0
2017-06-01 05:48:00+02:00,0.0,0.0,0.0,0.0,0.0,0.0,0.0,0.0,0.0,0.0,0.0,0.0,0.0,0.0,0.0,0.0,0.0,0.0,0.0,0.0,0.0,0.0,0.0,0.0,0.0,0.0,0.0,0.0,0.0,0.0,0.0,0.0,0.0,0.0,0.0,0.0,0.0,0.0,0.0,0.0,0.0,0.0,0.0,0.0,0.0,0.0,0.0,0.0,0.0,0.0,0.0,0.0,0.0,0.0,0.0,0.0,0.0,0.0,0.0,0.0,0.0,0.0,0.0,0.0,0.0,0.0,0.0,0.0,0.0,0.0,0.0,0.0,0.0,0.0,0.0,0.0,0.0,0.0,0.0,0.0,0.0,0.0,0.0,0.0,0.0,0.0,0.0,0.0,0.0,0.0,0.0,0.0,0.0,0.0,0.0,0.0,0.0,0.0,0.0,0.0,0.0,0.0,0.0,0.0,0.0,0.0,0.0,0.0,0.0,0.0,0.0,0.0,0.0,0.0,0.0,0.0,0.0,0.0
2017-06-01 05:49:00+02:00,0.0,0.0,0.0,0.0,0.0,0.0,0.0,0.0,0.0,0.0,0.0,0.0,0.0,0.0,0.0,0.0,0.0,0.0,0.0,0.0,0.0,0.0,0.0,0.0,0.0,0.0,0.0,0.0,0.0,0.0,0.0,0.0,0.0,0.0,0.0,0.0,0.0,0.0,0.0,0.0,0.0,0.0,0.0,0.0,0.0,0.0,0.0,0.0,0.0,0.0,0.0,0.0,0.0,0.0,0.0,0.0,0.0,0.0,0.0,0.0,0.0,0.0,0.0,0.0,0.0,0.0,0.0,0.0,0.0,0.0,0.0,0.0,0.0,0.0,0.0,0.0,0.0,0.0,0.0,0.0,0.0,0.0,0.0,0.0,0.0,0.0,0.0,0.0,0.0,0.0,0.0,0.0,0.0,0.0,0.0,0.0,0.0,0.0,0.0,0.0,0.0,0.0,0.0,0.0,0.0,0.0,0.0,0.0,0.0,0.0,0.0,0.0,0.0,0.0,0.0,0.0,0.0,0.0
2017-06-01 05:50:00+02:00,0.0,0.0,0.0,0.0,0.0,0.0,0.0,0.0,0.0,0.0,0.0,0.0,0.0,0.0,0.0,0.0,0.0,0.0,0.0,0.0,0.0,0.0,0.0,0.0,0.0,0.0,0.0,0.0,0.0,0.0,0.0,0.0,0.0,0.0,0.0,0.0,0.0,0.0,0.0,0.0,0.0,0.0,0.0,0.0,0.0,0.0,0.0,0.0,0.0,0.0,0.0,0.0,0.0,0.0,0.0,0.0,0.0,0.0,0.0,0.0,0.0,0.0,0.0,0.0,0.0,0.0,0.0,0.0,0.0,0.0,0.0,0.0,0.0,0.0,0.0,0.0,0.0,0.0,0.0,0.0,0.0,0.0,0.0,0.0,0.0,0.0,0.0,0.0,0.0,0.0,0.0,0.0,0.0,0.0,0.0,0.0,0.0,0.0,0.0,0.0,0.0,0.0,0.0,0.0,0.0,0.0,0.0,0.0,0.0,0.0,0.0,0.0,0.0,0.0,0.0,0.0,0.0,0.0
2017-06-01 05:51:00+02:00,0.0,0.0,0.0,0.0,0.0,0.0,0.0,0.0,0.0,0.0,0.0,0.0,0.0,0.0,0.0,0.0,0.0,0.0,0.0,0.0,0.0,0.0,0.0,0.0,0.0,0.0,0.0,0.0,0.0,0.0,0.0,0.0,0.0,0.0,0.0,0.0,0.0,0.0,0.0,0.0,0.0,0.0,0.0,0.0,0.0,0.0,0.0,0.0,0.0,0.0,0.0,0.0,0.0,0.0,0.0,0.0,0.0,0.0,0.0,0.0,0.0,0.0,0.0,0.0,0.0,0.0,0.0,0.0,0.0,0.0,0.0,0.0,0.0,0.0,0.0,0.0,0.0,0.0,0.0,0.0,0.0,0.0,0.0,0.0,0.0,0.0,0.0,0.0,0.0,0.0,0.0,0.0,0.0,0.0,0.0,0.0,0.0,0.0,0.0,0.0,0.0,0.0,0.0,0.0,0.0,0.0,0.0,0.0,0.0,0.0,0.0,0.0,0.0,0.0,0.0,0.0,0.0,0.0
2017-06-01 05:52:00+02:00,0.0,0.0,0.0,0.0,0.0,0.0,0.0,0.0,0.0,0.0,0.0,0.0,0.0,0.0,0.0,0.0,0.0,0.0,0.0,0.0,0.0,0.0,0.0,0.0,0.0,0.0,0.0,0.0,0.0,0.0,0.0,0.0,0.0,0.0,0.0,0.0,0.0,0.0,0.0,0.0,0.0,0.0,0.0,0.0,0.0,0.0,0.0,0.0,0.0,0.0,0.0,0.0,0.0,0.0,0.0,0.0,0.0,0.0,0.0,0.0,0.0,0.0,0.0,0.0,0.0,0.0,0.0,0.0,0.0,0.0,0.0,0.0,0.0,0.0,0.0,0.0,0.0,0.0,0.0,0.0,0.0,0.0,0.0,0.0,0.0,0.0,0.0,0.0,0.0,0.0,0.0,0.0,0.0,0.0,0.0,0.0,0.0,0.0,0.0,0.0,0.0,0.0,0.0,0.0,0.0,0.0,0.0,0.0,0.0,0.0,0.0,0.0,0.0,0.0,0.0,0.0,0.0,0.0
2017-06-01 05:53:00+02:00,0.0,0.0,0.0,0.0,0.0,0.0,0.0,0.0,0.0,0.0,0.0,0.0,0.0,0.0,0.0,0.0,0.0,0.0,0.0,0.0,0.0,0.0,0.0,0.0,0.0,0.0,0.0,0.0,0.0,0.0,0.0,0.0,0.0,0.0,0.0,0.0,0.0,0.0,0.0,0.0,0.0,0.0,0.0,0.0,0.0,0.0,0.0,0.0,0.0,0.0,0.0,0.0,0.0,0.0,0.0,0.0,0.0,0.0,0.0,0.0,0.0,0.0,0.0,0.0,0.0,0.0,0.0,0.0,0.0,0.0,0.0,0.0,0.0,0.0,0.0,0.0,0.0,0.0,0.0,0.0,0.0,0.0,0.0,0.0,0.0,0.0,0.0,0.0,0.0,0.0,0.0,0.0,0.0,0.0,0.0,0.0,0.0,0.0,0.0,0.0,0.0,0.0,0.0,0.0,0.0,0.0,0.0,0.0,0.0,0.0,0.0,0.0,0.0,0.0,0.0,0.0,0.0,0.0
2017-06-01 05:54:00+02:00,0.0,0.0,0.0,0.0,0.0,0.0,0.0,0.0,0.0,0.0,0.0,0.0,0.0,0.0,0.0,0.0,0.0,0.0,0.0,0.0,0.0,0.0,0.0,0.0,0.0,0.0,0.0,0.0,0.0,0.0,0.0,0.0,0.0,0.0,0.0,0.0,0.0,0.0,0.0,0.0,0.0,0.0,0.0,0.0,0.0,0.0,0.0,0.0,0.0,0.0,0.0,0.0,0.0,0.0,0.0,0.0,0.0,0.0,0.0,0.0,0.0,0.0,0.0,0.0,0.0,0.0,0.0,0.0,0.0,0.0,0.0,0.0,0.0,0.0,0.0,0.0,0.0,0.0,0.0,0.0,0.0,0.0,0.0,0.0,0.0,0.0,0.0,0.0,0.0,0.0,0.0,0.0,0.0,0.0,0.0,0.0,0.0,0.0,0.0,0.0,0.0,0.0,0.0,0.0,0.0,0.0,0.0,0.0,0.0,0.0,0.0,0.0,0.0,0.0,0.0,0.0,0.0,0.0
2017-06-01 05:55:00+02:00,0.0,0.0,0.0,0.0,0.0,0.0,0.0,0.0,0.0,0.0,0.0,0.0,0.0,0.0,0.0,0.0,0.0,0.0,0.0,0.0,0.0,0.0,0.0,0.0,0.0,0.0,0.0,0.0,0.0,0.0,0.0,0.0,0.0,0.0,0.0,0.0,0.0,0.0,0.0,0.0,0.0,0.0,0.0,0.0,0.0,0.0,0.0,0.0,0.0,0.0,0.0,0.0,0.0,0.0,0.0,0.0,0.0,0.0,0.0,0.0,0.0,0.0,0.0,0.0,0.0,0.0,0.0,0.0,0.0,0.0,0.0,0.0,0.0,0.0,0.0,0.0,0.0,0.0,0.0,0.0,0.0,0.0,0.0,0.0,0.0,0.0,0.0,0.0,0.0,0.0,0.0,0.0,0.0,0.0,0.0,0.0,0.0,0.0,0.0,0.0,0.0,0.0,0.0,0.0,0.0,0.0,0.0,0.0,0.0,0.0,0.0,0.0,0.0,0.0,0.0,0.0,0.0,0.0
2017-06-01 05:56:00+02:00,0.0,0.0,0.0,0.0,0.0,0.0,0.0,0.0,0.0,0.0,0.0,0.0,0.0,0.0,0.0,0.0,0.0,0.0,0.0,0.0,0.0,0.0,0.0,0.0,0.0,0.0,0.0,0.0,0.0,0.0,0.0,0.0,0.0,0.0,0.0,0.0,0.0,0.0,0.0,0.0,0.0,0.0,0.0,0.0,0.0,0.0,0.0,0.0,0.0,0.0,0.0,0.0,0.0,0.0,0.0,0.0,0.0,0.0,0.0,0.0,0.0,0.0,0.0,0.0,0.0,0.0,0.0,0.0,0.0,0.0,0.0,0.0,0.0,0.0,0.0,0.0,0.0,0.0,0.0,0.0,0.0,0.0,0.0,0.0,0.0,0.0,0.0,0.0,0.0,0.0,0.0,0.0,0.0,0.0,0.0,0.0,0.0,0.0,0.0,0.0,0.0,0.0,0.0,0.0,0.0,0.0,0.0,0.0,0.0,0.0,0.0,0.0,0.0,0.0,0.0,0.0,0.0,0.0
2017-06-01 05:57:00+02:00,0.0,0.0,0.0,0.0,0.0,0.0,0.0,0.0,0.0,0.0,0.0,0.0,0.0,0.0,0.0,0.0,0.0,0.0,0.0,0.0,0.0,0.0,0.0,0.0,0.0,0.0,0.0,0.0,0.0,0.0,0.0,0.0,0.0,0.0,0.0,0.0,0.0,0.0,0.0,0.0,0.0,0.0,0.0,0.0,0.0,0.0,0.0,0.0,0.0,0.0,0.0,0.0,0.0,0.0,0.0,0.0,0.0,0.0,0.0,0.0,0.0,0.0,0.0,0.0,0.0,0.0,0.0,0.0,0.0,0.0,0.0,0.0,0.0,0.0,0.0,0.0,0.0,0.0,0.0,0.0,0.0,0.0,0.0,0.0,0.0,0.0,0.0,0.0,0.0,0.0,0.0,0.0,0.0,0.0,0.0,0.0,0.0,0.0,0.0,0.0,0.0,0.0,0.0,0.0,0.0,0.0,0.0,0.0,0.0,0.0,0.0,0.0,0.0,0.0,0.0,0.0,0.0,0.0
2017-06-01 05:58:00+02:00,0.0,0.0,0.0,0.0,0.0,0.0,0.0,0.0,0.0,0.0,0.0,0.0,0.0,0.0,0.0,0.0,0.0,0.0,0.0,0.0,0.0,0.0,0.0,0.0,0.0,0.0,0.0,0.0,0.0,0.0,0.0,0.0,0.0,0.0,0.0,0.0,0.0,0.0,0.0,0.0,0.0,0.0,0.0,0.0,0.0,0.0,0.0,0.0,0.0,0.0,0.0,0.0,0.0,0.0,0.0,0.0,0.0,0.0,0.0,0.0,0.0,0.0,0.0,0.0,0.0,0.0,0.0,0.0,0.0,0.0,0.0,0.0,0.0,0.0,0.0,0.0,0.0,0.0,0.0,0.0,0.0,0.0,0.0,0.0,0.0,0.0,0.0,0.0,0.0,0.0,0.0,0.0,0.0,0.0,0.0,0.0,0.0,0.0,0.0,0.0,0.0,0.0,0.0,0.0,0.0,0.0,0.0,0.0,0.0,0.0,0.0,0.0,0.0,0.0,0.0,0.0,0.0,0.0
2017-06-01 05:59:00+02:00,0.0,0.0,0.0,0.0,0.0,0.0,0.0,0.0,0.0,0.0,0.0,0.0,0.0,0.0,0.0,0.0,0.0,0.0,0.0,0.0,0.0,0.0,0.0,0.0,0.0,0.0,0.0,0.0,0.0,0.0,0.0,0.0,0.0,0.0,0.0,0.0,0.0,0.0,0.0,0.0,0.0,0.0,0.0,0.0,0.0,0.0,0.0,0.0,0.0,0.0,0.0,0.0,0.0,0.0,0.0,0.0,0.0,0.0,0.0,0.0,0.0,0.0,0.0,0.0,0.0,0.0,0.0,0.0,0.0,0.0,0.0,0.0,0.0,0.0,0.0,0.0,0.0,0.0,0.0,0.0,0.0,0.0,0.0,0.0,0.0,0.0,0.0,0.0,0.0,0.0,0.0,0.0,0.0,0.0,0.0,0.0,0.0,0.0,0.0,0.0,0.0,0.0,0.0,0.0,0.0,0.0,0.0,0.0,0.0,0.0,0.0,0.0,0.0,0.0,0.0,0.0,0.0,0.0
2017-06-01 06:00:00+02:00,0.0,0.0,0.0,0.0,0.0,0.0,0.0,0.0,0.0,0.0,0.0,0.0,0.0,0.0,0.0,0.0,0.0,0.0,0.0,0.0,0.0,0.0,0.0,0.0,0.0,0.0,0.0,0.0,0.0,0.0,0.0,0.0,0.0,0.0,0.0,0.0,0.0,0.0,0.0,0.0,0.0,0.0,0.0,0.0,0.0,0.0,0.0,0.0,0.0,0.0,0.0,0.0,0.0,0.0,0.0,0.0,0.0,0.0,0.0,0.0,0.0,0.0,0.0,0.0,0.0,0.0,0.0,0.0,0.0,0.0,0.0,0.0,0.0,0.0,0.0,0.0,0.0,0.0,0.0,0.0,0.0,0.0,0.0,0.0,0.0,0.0,0.0,0.0,0.0,0.0,0.0,0.0,0.0,0.0,0.0,0.0,0.0,0.0,0.0,0.0,0.0,0.0,0.0,0.0,0.0,0.0,0.0,0.0,0.0,0.0,0.0,0.0,0.0,0.0,0.0,0.0,0.0,0.0
2017-06-01 06:01:00+02:00,0.0,0.0,0.0,0.0,0.0,0.0,0.0,0.0,0.0,0.0,0.0,0.0,0.0,0.0,0.0,0.0,0.0,0.0,0.0,0.0,0.0,0.0,0.0,0.0,0.0,0.0,0.0,0.0,0.0,0.0,0.0,0.0,0.0,0.0,0.0,0.0,0.0,0.0,0.0,0.0,0.0,0.0,0.0,0.0,0.0,0.0,0.0,0.0,0.0,0.0,0.0,0.0,0.0,0.0,0.0,0.0,0.0,0.0,0.0,0.0,0.0,0.0,0.0,0.0,0.0,0.0,0.0,0.0,0.0,0.0,0.0,0.0,0.0,0.0,0.0,0.0,0.0,0.0,0.0,0.0,0.0,0.0,0.0,0.0,0.0,0.0,0.0,0.0,0.0,0.0,0.0,0.0,0.0,0.0,0.0,0.0,0.0,0.0,0.0,0.0,0.0,0.0,0.0,0.0,0.0,0.0,0.0,0.0,0.0,0.0,0.0,0.0,0.0,0.0,0.0,0.0,0.0,0.0
2017-06-01 06:02:00+02:00,0.0,0.0,0.0,0.0,0.0,0.0,0.0,0.0,0.0,0.0,0.0,0.0,0.0,0.0,0.0,0.0,0.0,0.0,0.0,0.0,0.0,0.0,0.0,0.0,0.0,0.0,0.0,0.0,0.0,0.0,0.0,0.0,0.0,0.0,0.0,0.0,0.0,0.0,0.0,0.0,0.0,0.0,0.0,0.0,0.0,0.0,0.0,0.0,0.0,0.0,0.0,0.0,0.0,0.0,0.0,0.0,0.0,0.0,0.0,0.0,0.0,0.0,0.0,0.0,0.0,0.0,0.0,0.0,0.0,0.0,0.0,0.0,0.0,0.0,0.0,0.0,0.0,0.0,0.0,0.0,0.0,0.0,0.0,0.0,0.0,0.0,0.0,0.0,0.0,0.0,0.0,0.0,0.0,0.0,0.0,0.0,0.0,0.0,0.0,0.0,0.0,0.0,0.0,0.0,0.0,0.0,0.0,0.0,0.0,0.0,0.0,0.0,0.0,0.0,0.0,0.0,0.0,0.0
2017-06-01 06:03:00+02:00,0.0,0.0,0.0,0.0,0.0,0.0,0.0,0.0,0.0,0.0,0.0,0.0,0.0,0.0,0.0,0.0,0.0,0.0,0.0,0.0,0.0,0.0,0.0,0.0,0.0,0.0,0.0,0.0,0.0,0.0,0.0,0.0,0.0,0.0,0.0,0.0,0.0,0.0,0.0,0.0,0.0,0.0,0.0,0.0,0.0,0.0,0.0,0.0,0.0,0.0,0.0,0.0,0.0,0.0,0.0,0.0,0.0,0.0,0.0,0.0,0.0,0.0,0.0,0.0,0.0,0.0,0.0,0.0,0.0,0.0,0.0,0.0,0.0,0.0,0.0,0.0,0.0,0.0,0.0,0.0,0.0,0.0,0.0,0.0,0.0,0.0,0.0,0.0,0.0,0.0,0.0,0.0,0.0,0.0,0.0,0.0,0.0,0.0,0.0,0.0,0.0,0.0,0.0,0.0,0.0,0.0,0.0,0.0,0.0,0.0,0.0,0.0,0.0,0.0,0.0,0.0,0.0,0.0
2017-06-01 06:04:00+02:00,0.0,0.0,0.0,0.0,0.0,0.0,0.0,0.0,0.0,0.0,0.0,0.0,0.0,0.0,0.0,0.0,0.0,0.0,0.0,0.0,0.0,0.0,0.0,0.0,0.0,0.0,0.0,0.0,0.0,0.0,0.0,0.0,0.0,0.0,0.0,0.0,0.0,0.0,0.0,0.0,0.0,0.0,0.0,0.0,0.0,0.0,0.0,0.0,0.0,0.0,0.0,0.0,0.0,0.0,0.0,0.0,0.0,0.0,0.0,0.0,0.0,0.0,0.0,0.0,0.0,0.0,0.0,0.0,0.0,0.0,0.0,0.0,0.0,0.0,0.0,0.0,0.0,0.0,0.0,0.0,0.0,0.0,0.0,0.0,0.0,0.0,0.0,0.0,0.0,0.0,0.0,0.0,0.0,0.0,0.0,0.0,0.0,0.0,0.0,0.0,0.0,0.0,0.0,0.0,0.0,0.0,0.0,0.0,0.0,0.0,0.0,0.0,0.0,0.0,0.0,0.0,0.0,0.0
2017-06-01 06:05:00+02:00,0.0,0.0,0.0,0.0,0.0,0.0,0.0,0.0,0.0,0.0,0.0,0.0,0.0,0.0,0.0,0.0,0.0,0.0,0.0,0.0,0.0,0.0,0.0,0.0,0.0,0.0,0.0,0.0,0.0,0.0,0.0,0.0,0.0,0.0,0.0,0.0,0.0,0.0,0.0,0.0,0.0,0.0,0.0,0.0,0.0,0.0,0.0,0.0,0.0,0.0,0.0,0.0,0.0,0.0,0.0,0.0,0.0,0.0,0.0,0.0,0.0,0.0,0.0,0.0,0.0,0.0,0.0,0.0,0.0,0.0,0.0,0.0,0.0,0.0,0.0,0.0,0.0,0.0,0.0,0.0,0.0,0.0,0.0,0.0,0.0,0.0,0.0,0.0,0.0,0.0,0.0,0.0,0.0,0.0,0.0,0.0,0.0,0.0,0.0,0.0,0.0,0.0,0.0,0.0,0.0,0.0,0.0,0.0,0.0,0.0,0.0,0.0,0.0,0.0,0.0,0.0,0.0,0.0
2017-06-01 06:06:00+02:00,0.0,0.0,0.0,0.0,0.0,0.0,0.0,0.0,0.0,0.0,0.0,0.0,0.0,0.0,0.0,0.0,0.0,0.0,0.0,0.0,0.0,0.0,0.0,0.0,0.0,0.0,0.0,0.0,0.0,0.0,0.0,0.0,0.0,0.0,0.0,0.0,0.0,0.0,0.0,0.0,0.0,0.0,0.0,0.0,0.0,0.0,0.0,0.0,0.0,0.0,0.0,0.0,0.0,0.0,0.0,0.0,0.0,0.0,0.0,0.0,0.0,0.0,0.0,0.0,0.0,0.0,0.0,0.0,0.0,0.0,0.0,0.0,0.0,0.0,0.0,0.0,0.0,0.0,0.0,0.0,0.0,0.0,0.0,0.0,0.0,0.0,0.0,0.0,0.0,0.0,0.0,0.0,0.0,0.0,0.0,0.0,0.0,0.0,0.0,0.0,0.0,0.0,0.0,0.0,0.0,0.0,0.0,0.0,0.0,0.0,0.0,0.0,0.0,0.0,0.0,0.0,0.0,0.0
2017-06-01 06:07:00+02:00,0.0,0.0,0.0,0.0,0.0,0.0,0.0,0.0,0.0,0.0,0.0,0.0,0.0,0.0,0.0,0.0,0.0,0.0,0.0,0.0,0.0,0.0,0.0,0.0,0.0,0.0,0.0,0.0,0.0,0.0,0.0,0.0,0.0,0.0,0.0,0.0,0.0,0.0,0.0,0.0,0.0,0.0,0.0,0.0,0.0,0.0,0.0,0.0,0.0,0.0,0.0,0.0,0.0,0.0,0.0,0.0,0.0,0.0,0.0,0.0,0.0,0.0,0.0,0.0,0.0,0.0,0.0,0.0,0.0,0.0,0.0,0.0,0.0,0.0,0.0,0.0,0.0,0.0,0.0,0.0,0.0,0.0,0.0,0.0,0.0,0.0,0.0,0.0,0.0,0.0,0.0,0.0,0.0,0.0,0.0,0.0,0.0,0.0,0.0,0.0,0.0,0.0,0.0,0.0,0.0,0.0,0.0,0.0,0.0,0.0,0.0,0.0,0.0,0.0,0.0,0.0,0.0,0.0
2017-06-01 06:08:00+02:00,0.0,0.0,0.0,0.0,0.0,0.0,0.0,0.0,0.0,0.0,0.0,0.0,0.0,0.0,0.0,0.0,0.0,0.0,0.0,0.0,0.0,0.0,0.0,0.0,0.0,0.0,0.0,0.0,0.0,0.0,0.0,0.0,0.0,0.0,0.0,0.0,0.0,0.0,0.0,0.0,0.0,0.0,0.0,0.0,0.0,0.0,0.0,0.0,0.0,0.0,0.0,0.0,0.0,0.0,0.0,0.0,0.0,0.0,0.0,0.0,0.0,0.0,0.0,0.0,0.0,0.0,0.0,0.0,0.0,0.0,0.0,0.0,0.0,0.0,0.0,0.0,0.0,0.0,0.0,0.0,0.0,0.0,0.0,0.0,0.0,0.0,0.0,0.0,0.0,0.0,0.0,0.0,0.0,0.0,0.0,0.0,0.0,0.0,0.0,0.0,0.0,0.0,0.0,0.0,0.0,0.0,0.0,0.0,0.0,0.0,0.0,0.0,0.0,0.0,0.0,0.0,0.0,0.0
2017-06-01 06:09:00+02:00,0.0,0.0,0.0,0.0,0.0,0.0,0.0,0.0,0.0,0.0,0.0,0.0,0.0,0.0,0.0,0.0,0.0,0.0,0.0,0.0,0.0,0.0,0.0,0.0,0.0,0.0,0.0,0.0,0.0,0.0,0.0,0.0,0.0,0.0,0.0,0.0,0.0,0.0,0.0,0.0,0.0,0.0,0.0,0.0,0.0,0.0,0.0,0.0,0.0,0.0,0.0,0.0,0.0,0.0,0.0,0.0,0.0,0.0,0.0,0.0,0.0,0.0,0.0,0.0,0.0,0.0,0.0,0.0,0.0,0.0,0.0,0.0,0.0,0.0,0.0,0.0,0.0,0.0,0.0,0.0,0.0,0.0,0.0,0.0,0.0,0.0,0.0,0.0,0.0,0.0,0.0,0.0,0.0,0.0,0.0,0.0,0.0,0.0,0.0,0.0,0.0,0.0,0.0,0.0,0.0,0.0,0.0,0.0,0.0,0.0,0.0,0.0,0.0,0.0,0.0,0.0,0.0,0.0
2017-06-01 06:10:00+02:00,0.0,0.0,0.0,0.0,0.0,0.0,0.0,0.0,0.0,0.0,0.0,0.0,0.0,0.0,0.0,0.0,0.0,0.0,0.0,0.0,0.0,0.0,0.0,0.0,0.0,0.0,0.0,0.0,0.0,0.0,0.0,0.0,0.0,0.0,0.0,0.0,0.0,0.0,0.0,0.0,0.0,0.0,0.0,0.0,0.0,0.0,0.0,0.0,0.0,0.0,0.0,0.0,0.0,0.0,0.0,0.0,0.0,0.0,0.0,0.0,0.0,0.0,0.0,0.0,0.0,0.0,0.0,0.0,0.0,0.0,0.0,0.0,0.0,0.0,0.0,0.0,0.0,0.0,0.0,0.0,0.0,0.0,0.0,0.0,0.0,0.0,0.0,0.0,0.0,0.0,0.0,0.0,0.0,0.0,0.0,0.0,0.0,0.0,0.0,0.0,0.0,0.0,0.0,0.0,0.0,0.0,0.0,0.0,0.0,0.0,0.0,0.0,0.0,0.0,0.0,0.0,0.0,0.0
2017-06-01 06:11:00+02:00,0.0,0.0,0.0,0.0,0.0,0.0,0.0,0.0,0.0,0.0,0.0,0.0,0.0,0.0,0.0,0.0,0.0,0.0,0.0,0.0,0.0,0.0,0.0,0.0,0.0,0.0,0.0,0.0,0.0,0.0,0.0,0.0,0.0,0.0,0.0,0.0,0.0,0.0,0.0,0.0,0.0,0.0,0.0,0.0,0.0,0.0,0.0,0.0,0.0,0.0,0.0,0.0,0.0,0.0,0.0,0.0,0.0,0.0,0.0,0.0,0.0,0.0,0.0,0.0,0.0,0.0,0.0,0.0,0.0,0.0,0.0,0.0,0.0,0.0,0.0,0.0,0.0,0.0,0.0,0.0,0.0,0.0,0.0,0.0,0.0,0.0,0.0,0.0,0.0,0.0,0.0,0.0,0.0,0.0,0.0,0.0,0.0,0.0,0.0,0.0,0.0,0.0,0.0,0.0,0.0,0.0,0.0,0.0,0.0,0.0,0.0,0.0,0.0,0.0,0.0,0.0,0.0,0.0
2017-06-01 06:12:00+02:00,0.0,0.0,0.0,0.0,0.0,0.0,0.0,0.0,0.0,0.0,0.0,0.0,0.0,0.0,0.0,0.0,0.0,0.0,0.0,0.0,0.0,0.0,0.0,0.0,0.0,0.0,0.0,0.0,0.0,0.0,0.0,0.0,0.0,0.0,0.0,0.0,0.0,0.0,0.0,0.0,0.0,0.0,0.0,0.0,0.0,0.0,0.0,0.0,0.0,0.0,0.0,0.0,0.0,0.0,0.0,0.0,0.0,0.0,0.0,0.0,0.0,0.0,0.0,0.0,0.0,0.0,0.0,0.0,0.0,0.0,0.0,0.0,0.0,0.0,0.0,0.0,0.0,0.0,0.0,0.0,0.0,0.0,0.0,0.0,0.0,0.0,0.0,0.0,0.0,0.0,0.0,0.0,0.0,0.0,0.0,0.0,0.0,0.0,0.0,0.0,0.0,0.0,0.0,0.0,0.0,0.0,0.0,0.0,0.0,0.0,0.0,0.0,0.0,0.0,0.0,0.0,0.0,0.0
2017-06-01 06:13:00+02:00,0.0,0.0,0.0,0.0,0.0,0.0,0.0,0.0,0.0,0.0,0.0,0.0,0.0,0.0,0.0,0.0,0.0,0.0,0.0,0.0,0.0,0.0,0.0,0.0,0.0,0.0,0.0,0.0,0.0,0.0,0.0,0.0,0.0,0.0,0.0,0.0,0.0,0.0,0.0,0.0,0.0,0.0,0.0,0.0,0.0,0.0,0.0,0.0,0.0,0.0,0.0,0.0,0.0,0.0,0.0,0.0,0.0,0.0,0.0,0.0,0.0,0.0,0.0,0.0,0.0,0.0,0.0,0.0,0.0,0.0,0.0,0.0,0.0,0.0,0.0,0.0,0.0,0.0,0.0,0.0,0.0,0.0,0.0,0.0,0.0,0.0,0.0,0.0,0.0,0.0,0.0,0.0,0.0,0.0,0.0,0.0,0.0,0.0,0.0,0.0,0.0,0.0,0.0,0.0,0.0,0.0,0.0,0.0,0.0,0.0,0.0,0.0,0.0,0.0,0.0,0.0,0.0,0.0
2017-06-01 06:14:00+02:00,0.0,0.0,0.0,0.0,0.0,0.0,0.0,0.0,0.0,0.0,0.0,0.0,0.0,0.0,0.0,0.0,0.0,0.0,0.0,0.0,0.0,0.0,0.0,0.0,0.0,0.0,0.0,0.0,0.0,0.0,0.0,0.0,0.0,0.0,0.0,0.0,0.0,0.0,0.0,0.0,0.0,0.0,0.0,0.0,0.0,0.0,0.0,0.0,0.0,0.0,0.0,0.0,0.0,0.0,0.0,0.0,0.0,0.0,0.0,0.0,0.0,0.0,0.0,0.0,0.0,0.0,0.0,0.0,0.0,0.0,0.0,0.0,0.0,0.0,0.0,0.0,0.0,0.0,0.0,0.0,0.0,0.0,0.0,0.0,0.0,0.0,0.0,0.0,0.0,0.0,0.0,0.0,0.0,0.0,0.0,0.0,0.0,0.0,0.0,0.0,0.0,0.0,0.0,0.0,0.0,0.0,0.0,0.0,0.0,0.0,0.0,0.0,0.0,0.0,0.0,0.0,0.0,0.0
2017-06-01 06:15:00+02:00,0.0,0.0,0.0,0.0,0.0,0.0,0.0,0.0,0.0,0.0,0.0,0.0,0.0,0.0,0.0,0.0,0.0,0.0,0.0,0.0,0.0,0.0,0.0,0.0,0.0,0.0,0.0,0.0,0.0,0.0,0.0,0.0,0.0,0.0,0.0,0.0,0.0,0.0,0.0,0.0,0.0,0.0,0.0,0.0,0.0,0.0,0.0,0.0,0.0,0.0,0.0,0.0,0.0,0.0,0.0,0.0,0.0,0.0,0.0,0.0,0.0,0.0,0.0,0.0,0.0,0.0,0.0,0.0,0.0,0.0,0.0,0.0,0.0,0.0,0.0,0.0,0.0,0.0,0.0,0.0,0.0,0.0,0.0,0.0,0.0,0.0,0.0,0.0,0.0,0.0,0.0,0.0,0.0,0.0,0.0,0.0,0.0,0.0,0.0,0.0,0.0,0.0,0.0,0.0,0.0,0.0,0.0,0.0,0.0,0.0,0.0,0.0,0.0,0.0,0.0,0.0,0.0,0.0
2017-06-01 06:16:00+02:00,0.0,0.0,0.0,0.0,0.0,0.0,0.0,0.0,0.0,0.0,0.0,0.0,0.0,0.0,0.0,0.0,0.0,0.0,0.0,0.0,0.0,0.0,0.0,0.0,0.0,0.0,0.0,0.0,0.0,0.0,0.0,0.0,0.0,0.0,0.0,0.0,0.0,0.0,0.0,0.0,0.0,0.0,0.0,0.0,0.0,0.0,0.0,0.0,0.0,0.0,0.0,0.0,0.0,0.0,0.0,0.0,0.0,0.0,0.0,0.0,0.0,0.0,0.0,0.0,0.0,0.0,0.0,0.0,0.0,0.0,0.0,0.0,0.0,0.0,0.0,0.0,0.0,0.0,0.0,0.0,0.0,0.0,0.0,0.0,0.0,0.0,0.0,0.0,0.0,0.0,0.0,0.0,0.0,0.0,0.0,0.0,0.0,0.0,0.0,0.0,0.0,0.0,0.0,0.0,0.0,0.0,0.0,0.0,0.0,0.0,0.0,0.0,0.0,0.0,0.0,0.0,0.0,0.0
2017-06-01 06:17:00+02:00,0.0,0.0,0.0,0.0,0.0,0.0,0.0,0.0,0.0,0.0,0.0,0.0,0.0,0.0,0.0,0.0,0.0,0.0,0.0,0.0,0.0,0.0,0.0,0.0,0.0,-3e-06,0.0,0.0,0.0,0.0,0.0,0.0,0.0,0.0,0.0,0.0,0.0,0.0,0.0,0.0,0.0,0.0,0.0,0.0,0.0,0.0,0.0,0.0,0.0,0.0,0.0,0.0,0.0,0.0,0.0,0.0,0.0,0.0,0.0,0.0,0.0,0.0,0.0,0.0,0.0,0.0,0.0,0.0,0.0,0.0,0.0,0.0,0.0,0.0,0.0,0.0,0.0,0.0,0.0,0.0,0.0,0.0,0.0,0.0,0.0,0.0,0.0,0.0,0.0,0.0,0.0,0.0,0.0,0.0,0.0,0.0,-6e-06,-7e-06,0.0,0.0,0.0,0.0,0.0,0.0,0.0,0.0,0.0,0.0,0.0,-7e-06,0.0,0.0,0.0,0.0,0.0,0.0,0.0,0.0
2017-06-01 06:18:00+02:00,0.0,0.0,0.0,0.0,0.0,0.0,0.0,0.0,0.0,0.0,0.0,0.0,0.0,0.0,0.0,0.0,0.0,0.0,0.0,0.0,0.0,0.0,0.0,0.0,0.0,-1.1e-05,0.0,0.0,0.0,0.0,0.0,0.0,0.0,0.0,0.0,0.0,0.0,0.0,0.0,0.0,0.0,0.0,0.0,0.0,0.0,0.0,0.0,0.0,0.0,0.0,0.0,0.0,0.0,0.0,0.0,0.0,0.0,0.0,0.0,0.0,0.0,0.0,0.0,0.0,0.0,0.0,0.0,0.0,0.0,0.0,0.0,0.0,0.0,0.0,0.0,0.0,0.0,0.0,0.0,0.0,0.0,0.0,0.0,0.0,0.0,0.0,0.0,0.0,0.0,0.0,0.0,-0.0,0.0,0.0,0.0,0.0,-1.8e-05,-1.8e-05,0.0,0.0,0.0,0.0,0.0,0.0,0.0,0.0,0.0,0.0,0.0,-1.9e-05,0.0,0.0,0.0,0.0,0.0,0.0,0.0,0.0
2017-06-01 06:19:00+02:00,0.0,0.0,0.0,0.0,0.0,0.0,0.0,0.0,0.0,0.0,0.0,0.0,0.0,0.0,0.0,0.0,0.0,0.0,0.0,0.0,0.0,0.0,0.0,0.0,0.0,-1.4e-05,0.0,0.0,0.0,0.0,0.0,0.0,0.0,0.0,0.0,0.0,0.0,0.0,0.0,0.0,0.0,0.0,0.0,0.0,0.0,0.0,0.0,0.0,0.0,0.0,0.0,0.0,0.0,0.0,0.0,0.0,0.0,0.0,0.0,0.0,0.0,0.0,0.0,0.0,0.0,0.0,0.0,0.0,0.0,0.0,0.0,0.0,0.0,0.0,0.0,0.0,0.0,0.0,0.0,0.0,0.0,0.0,0.0,0.0,0.0,0.0,0.0,0.0,0.0,0.0,0.0,-0.0,0.0,0.0,0.0,0.0,-2.2e-05,-2.3e-05,0.0,0.0,0.0,0.0,0.0,0.0,0.0,0.0,0.0,0.0,0.0,-2.4e-05,0.0,0.0,0.0,0.0,0.0,0.0,0.0,0.0
2017-06-01 06:20:00+02:00,0.0,0.0,0.0,0.0,0.0,0.0,0.0,0.0,0.0,0.0,0.0,0.0,0.0,0.0,0.0,0.0,0.0,0.0,0.0,0.0,0.0,0.0,0.0,0.0,0.0,-3.2e-05,0.0,0.0,0.0,0.0,0.0,0.0,0.0,0.0,0.0,0.0,0.0,0.0,0.0,0.0,0.0,0.0,0.0,0.0,0.0,0.0,0.0,0.0,0.0,0.0,0.0,0.0,0.0,0.0,0.0,0.0,0.0,0.0,0.0,0.0,0.0,0.0,0.0,0.0,0.0,-5e-06,0.0,0.0,0.0,0.0,0.0,0.0,0.0,0.0,0.0,0.0,0.0,0.0,0.0,0.0,0.0,0.0,0.0,0.0,0.0,0.0,0.0,0.0,0.0,0.0,0.0,-1e-06,0.0,0.0,0.0,0.0,-4.3e-05,-4.4e-05,0.0,0.0,0.0,0.0,0.0,0.0,0.0,0.0,0.0,0.0,0.0,-4.5e-05,0.0,0.0,0.0,0.0,0.0,0.0,0.0,0.0
2017-06-01 06:21:00+02:00,0.0,0.0,0.0,0.0,0.0,0.0,0.0,0.0,0.0,0.0,0.0,0.0,0.0,0.0,0.0,-8e-06,0.0,0.0,0.0,0.0,0.0,0.0,0.0,0.0,0.0,-6e-05,0.0,0.0,0.0,0.0,0.0,0.0,0.0,0.0,0.0,0.0,0.0,0.0,0.0,0.0,0.0,0.0,0.0,0.0,0.0,0.0,0.0,0.0,0.0,0.0,0.0,0.0,-1e-06,0.0,0.0,0.0,0.0,0.0,0.0,0.0,0.0,0.0,0.0,0.0,0.0,-2.2e-05,0.0,0.0,0.0,0.0,0.0,0.0,0.0,0.0,0.0,0.0,0.0,0.0,0.0,0.0,-1e-06,0.0,0.0,0.0,0.0,0.0,0.0,0.0,0.0,0.0,0.0,-3e-06,0.0,0.0,0.0,0.0,-7.3e-05,-7.4e-05,0.0,0.0,0.0,0.0,0.0,0.0,0.0,0.0,0.0,0.0,0.0,-7.5e-05,0.0,0.0,0.0,0.0,0.0,0.0,0.0,0.0
2017-06-01 06:22:00+02:00,0.0,0.0,0.0,0.0,0.0,0.0,0.0,0.0,0.0,0.0,0.0,0.0,0.0,0.0,0.0,-2.5e-05,0.0,0.0,0.0,0.0,0.0,0.0,0.0,0.0,0.0,-9.4e-05,0.0,0.0,0.0,0.0,0.0,0.0,0.0,0.0,0.0,0.0,0.0,0.0,0.0,0.0,0.0,0.0,0.0,0.0,0.0,0.0,0.0,0.0,0.0,0.0,0.0,0.0,-2e-06,0.0,0.0,0.0,0.0,0.0,0.0,0.0,0.0,0.0,0.0,0.0,0.0,-4.6e-05,0.0,0.0,0.0,0.0,0.0,0.0,0.0,0.0,0.0,0.0,0.0,0.0,0.0,0.0,-2e-06,0.0,0.0,0.0,0.0,0.0,0.0,0.0,0.0,0.0,0.0,-5e-06,0.0,0.0,0.0,0.0,-0.000108,-0.00011,0.0,0.0,0.0,0.0,0.0,0.0,0.0,0.0,0.0,0.0,0.0,-0.000111,0.0,0.0,0.0,0.0,0.0,0.0,0.0,0.0
2017-06-01 06:23:00+02:00,0.0,0.0,0.0,0.0,0.0,0.0,0.0,0.0,0.0,0.0,0.0,0.0,0.0,0.0,0.0,-5e-05,0.0,0.0,0.0,0.0,0.0,0.0,0.0,0.0,0.0,-0.000134,0.0,0.0,0.0,0.0,0.0,0.0,0.0,0.0,0.0,0.0,0.0,0.0,0.0,0.0,0.0,0.0,0.0,0.0,0.0,0.0,0.0,0.0,0.0,0.0,0.0,0.0,-3e-06,0.0,0.0,0.0,0.0,0.0,0.0,0.0,0.0,0.0,0.0,0.0,0.0,-7.8e-05,0.0,0.0,0.0,0.0,0.0,0.0,0.0,0.0,0.0,0.0,0.0,0.0,0.0,0.0,-4e-06,0.0,0.0,0.0,0.0,0.0,0.0,0.0,0.0,0.0,0.0,-7e-06,0.0,0.0,-0.0,0.0,-0.00015,-0.000152,0.0,0.0,0.0,-1e-05,0.0,0.0,0.0,0.0,0.0,0.0,-2e-06,-0.000153,0.0,0.0,0.0,0.0,0.0,0.0,0.0,0.0
2017-06-01 06:24:00+02:00,0.0,0.0,0.0,-3e-06,0.0,0.0,0.0,0.0,0.0,0.0,0.0,0.0,-1e-06,-0.0,0.0,-8.2e-05,0.0,0.0,0.0,0.0,0.0,0.0,0.0,0.0,0.0,-0.000179,0.0,0.0,0.0,0.0,0.0,0.0,0.0,0.0,0.0,0.0,0.0,0.0,0.0,0.0,0.0,0.0,0.0,0.0,0.0,0.0,0.0,0.0,0.0,0.0,0.0,0.0,-6e-06,-1e-06,0.0,0.0,0.0,0.0,0.0,0.0,0.0,0.0,0.0,0.0,0.0,-0.000115,0.0,0.0,0.0,0.0,0.0,0.0,0.0,0.0,0.0,0.0,0.0,0.0,0.0,0.0,-6e-06,0.0,0.0,0.0,0.0,0.0,-2e-06,0.0,0.0,0.0,0.0,-1e-05,-0.0,0.0,-1e-06,0.0,-0.000196,-0.000199,0.0,0.0,0.0,-2.8e-05,0.0,0.0,0.0,-1.1e-05,-1e-06,0.0,-1.4e-05,-0.000199,0.0,0.0,0.0,0.0,0.0,0.0,0.0,-0.0
2017-06-01 06:25:00+02:00,0.0,0.0,0.0,-7e-06,0.0,0.0,0.0,0.0,0.0,0.0,0.0,0.0,-2e-06,-0.0,0.0,-0.000112,0.0,0.0,0.0,0.0,0.0,0.0,0.0,0.0,0.0,-0.000219,0.0,0.0,0.0,0.0,0.0,0.0,0.0,0.0,0.0,0.0,0.0,0.0,0.0,0.0,0.0,0.0,0.0,0.0,0.0,0.0,0.0,0.0,0.0,0.0,0.0,0.0,-8e-06,-2e-06,0.0,0.0,0.0,0.0,0.0,0.0,0.0,0.0,0.0,0.0,0.0,-0.000149,0.0,0.0,0.0,0.0,0.0,0.0,0.0,0.0,0.0,0.0,0.0,0.0,0.0,0.0,-8e-06,0.0,0.0,0.0,0.0,0.0,-6e-06,0.0,0.0,0.0,0.0,-1.2e-05,-1e-06,0.0,-2e-06,0.0,-0.000238,-0.000241,0.0,0.0,0.0,-4.6e-05,0.0,0.0,0.0,-2.3e-05,-1e-06,0.0,-2.7e-05,-0.000241,0.0,0.0,0.0,0.0,0.0,0.0,0.0,-1e-06
2017-06-01 06:26:00+02:00,0.0,0.0,0.0,-2.1e-05,0.0,0.0,0.0,0.0,0.0,0.0,0.0,0.0,-3e-06,-1e-06,0.0,-0.000149,0.0,0.0,0.0,-5e-06,0.0,-3e-06,0.0,0.0,0.0,-0.000267,0.0,0.0,0.0,0.0,0.0,0.0,0.0,0.0,-0.0,0.0,0.0,0.0,0.0,-4e-06,0.0,0.0,0.0,0.0,0.0,0.0,0.0,0.0,0.0,0.0,0.0,0.0,-1e-05,-3e-06,0.0,0.0,0.0,0.0,0.0,0.0,0.0,0.0,-6e-06,0.0,0.0,-0.000191,0.0,0.0,0.0,0.0,0.0,0.0,0.0,0.0,-1e-06,0.0,0.0,0.0,0.0,0.0,-1e-05,0.0,0.0,0.0,0.0,0.0,-1.4e-05,0.0,0.0,0.0,0.0,-1.5e-05,-2e-06,0.0,-3e-06,0.0,-0.000287,-0.00029,0.0,0.0,0.0,-7.4e-05,0.0,0.0,0.0,-4.5e-05,-3e-06,0.0,-5.1e-05,-0.000291,0.0,0.0,0.0,0.0,0.0,0.0,0.0,-2e-06
2017-06-01 06:27:00+02:00,0.0,0.0,0.0,-3.2e-05,0.0,0.0,0.0,0.0,0.0,0.0,0.0,0.0,-4e-06,-2e-06,0.0,-0.000179,0.0,0.0,0.0,-1.5e-05,0.0,-1.1e-05,0.0,0.0,0.0,-0.000305,0.0,0.0,0.0,0.0,0.0,0.0,0.0,0.0,-0.0,0.0,0.0,0.0,0.0,-8e-06,0.0,0.0,0.0,0.0,0.0,0.0,0.0,0.0,0.0,0.0,0.0,0.0,-1.1e-05,-4e-06,0.0,0.0,0.0,0.0,0.0,0.0,0.0,0.0,-1e-05,0.0,0.0,-0.000224,0.0,0.0,0.0,0.0,0.0,0.0,0.0,-0.0,-1e-06,0.0,0.0,0.0,0.0,0.0,-1.2e-05,0.0,0.0,0.0,0.0,0.0,-2.2e-05,0.0,0.0,0.0,0.0,-1.7e-05,-3e-06,0.0,-4e-06,0.0,-0.000325,-0.000329,0.0,0.0,0.0,-9.5e-05,0.0,0.0,0.0,-6.4e-05,-4e-06,0.0,-6.9e-05,-0.00033,0.0,0.0,0.0,0.0,0.0,0.0,0.0,-3e-06
2017-06-01 06:28:00+02:00,0.0,0.0,0.0,-4.9e-05,0.0,0.0,0.0,0.0,-0.0,0.0,0.0,0.0,-5e-06,-3e-06,0.0,-0.000216,0.0,0.0,0.0,-3.4e-05,0.0,-2.7e-05,0.0,0.0,-1e-06,-0.00035,0.0,0.0,0.0,0.0,0.0,0.0,0.0,0.0,-1e-06,0.0,0.0,0.0,0.0,-1.8e-05,0.0,0.0,0.0,0.0,0.0,0.0,0.0,0.0,0.0,0.0,0.0,-0.0,-1.4e-05,-5e-06,0.0,0.0,0.0,0.0,0.0,0.0,-0.0,-3e-06,-2.3e-05,0.0,0.0,-0.000264,0.0,-1e-06,0.0,0.0,0.0,0.0,0.0,-1e-06,-2e-06,0.0,0.0,0.0,0.0,0.0,-1.4e-05,0.0,0.0,-3e-06,0.0,0.0,-3.1e-05,0.0,0.0,0.0,0.0,-1.9e-05,-4e-06,0.0,-5e-06,0.0,-0.000371,-0.000375,0.0,0.0,0.0,-0.000124,0.0,0.0,0.0,-8.7e-05,-5e-06,0.0,-9.6e-05,-0.000376,0.0,0.0,0.0,0.0,0.0,0.0,-3e-06,-4e-06
2017-06-01 06:29:00+02:00,0.0,0.0,0.0,-7.3e-05,0.0,0.0,0.0,0.0,-3e-06,0.0,0.0,0.0,-7e-06,-5e-06,0.0,-0.00026,0.0,0.0,0.0,-5.9e-05,0.0,-5e-05,0.0,0.0,-8e-06,-0.000401,0.0,0.0,0.0,0.0,0.0,-0.0,0.0,0.0,-2e-06,0.0,0.0,0.0,0.0,-3.8e-05,0.0,0.0,0.0,0.0,0.0,0.0,0.0,-2e-06,0.0,0.0,0.0,-1e-06,-1.6e-05,-7e-06,0.0,0.0,0.0,0.0,0.0,0.0,-1e-06,-1.6e-05,-4.3e-05,0.0,0.0,-0.000311,0.0,-6e-06,0.0,0.0,0.0,0.0,0.0,-2e-06,-4e-06,0.0,0.0,0.0,0.0,0.0,-1.7e-05,0.0,0.0,-1.4e-05,0.0,0.0,-4.5e-05,0.0,0.0,0.0,0.0,-2.2e-05,-6e-06,0.0,-8e-06,0.0,-0.000423,-0.000427,0.0,-3e-06,0.0,-0.000158,0.0,0.0,0.0,-0.000118,-7e-06,0.0,-0.00013,-0.000428,0.0,0.0,0.0,0.0,0.0,0.0,-1.7e-05,-6e-06
2017-06-01 06:30:00+02:00,0.0,0.0,0.0,-9.9e-05,0.0,0.0,0.0,0.0,-8e-06,0.0,0.0,0.0,-1e-05,-7e-06,0.0,-0.000306,0.0,0.0,0.0,-9e-05,0.0,-7.8e-05,0.0,0.0,-2.3e-05,-0.000454,0.0,0.0,0.0,0.0,0.0,-1e-06,0.0,-1e-06,-4e-06,0.0,0.0,0.0,0.0,-6.9e-05,0.0,0.0,0.0,0.0,0.0,0.0,-3e-06,-8e-06,0.0,0.0,0.0,-2e-06,-1.9e-05,-1e-05,0.0,0.0,0.0,0.0,0.0,0.0,-2e-06,-4e-05,-6.8e-05,0.0,0.0,-0.000359,0.0,-1.3e-05,0.0,0.0,0.0,0.0,0.0,-4e-06,-6e-06,0.0,0.0,0.0,0.0,0.0,-2e-05,0.0,0.0,-3.4e-05,0.0,0.0,-6.4e-05,0.0,0.0,0.0,0.0,-2.6e-05,-9e-06,0.0,-1e-05,0.0,-0.000477,-0.000481,0.0,-1.8e-05,0.0,-0.000196,0.0,0.0,0.0,-0.00016,-9e-06,0.0,-0.000168,-0.000482,0.0,0.0,0.0,0.0,0.0,0.0,-3.6e-05,-8e-06
2017-06-01 06:31:00+02:00,0.0,0.0,0.0,-0.000126,0.0,0.0,0.0,0.0,-1.4e-05,0.0,0.0,0.0,-1.3e-05,-1e-05,0.0,-0.00035,0.0,0.0,0.0,-0.000122,0.0,-0.000107,0.0,0.0,-4.1e-05,-0.000505,0.0,0.0,0.0,0.0,0.0,-3e-06,0.0,-2e-06,-6e-06,0.0,0.0,0.0,0.0,-0.000101,0.0,0.0,0.0,0.0,0.0,0.0,-8e-06,-1.4e-05,0.0,0.0,0.0,-4e-06,-2.2e-05,-1.3e-05,0.0,0.0,0.0,0.0,0.0,0.0,-4e-06,-6.6e-05,-9.3e-05,0.0,0.0,-0.000407,0.0,-2.1e-05,0.0,0.0,0.0,0.0,0.0,-6e-06,-8e-06,0.0,0.0,0.0,0.0,0.0,-2.3e-05,0.0,0.0,-5.6e-05,0.0,0.0,-8.4e-05,0.0,0.0,0.0,0.0,-2.9e-05,-1.1e-05,0.0,-1.2e-05,0.0,-0.000529,-0.000535,0.0,-3.7e-05,0.0,-0.000233,0.0,0.0,0.0,-0.000202,-1.2e-05,0.0,-0.000205,-0.000536,0.0,0.0,0.0,0.0,0.0,0.0,-5.8e-05,-1.1e-05
2017-06-01 06:32:00+02:00,0.0,0.0,0.0,-0.000158,0.0,0.0,0.0,0.0,-2.2e-05,0.0,0.0,0.0,-1.6e-05,-1.3e-05,0.0,-0.000401,0.0,0.0,0.0,-0.000162,0.0,-0.000144,0.0,0.0,-6.4e-05,-0.000561,0.0,0.0,0.0,0.0,0.0,-5e-06,0.0,-3e-06,-9e-06,0.0,0.0,0.0,0.0,-0.000143,0.0,0.0,0.0,0.0,0.0,0.0,-1.8e-05,-2.5e-05,0.0,0.0,0.0,-6e-06,-2.6e-05,-1.6e-05,0.0,0.0,0.0,0.0,0.0,0.0,-6e-06,-0.000101,-0.000124,0.0,0.0,-0.000459,0.0,-3.2e-05,0.0,0.0,0.0,0.0,0.0,-9e-06,-1.2e-05,0.0,0.0,0.0,0.0,0.0,-2.7e-05,0.0,0.0,-8.6e-05,0.0,0.0,-0.000107,0.0,0.0,0.0,0.0,-3.3e-05,-1.5e-05,0.0,-1.6e-05,0.0,-0.000586,-0.000594,0.0,-6.8e-05,0.0,-0.000275,0.0,0.0,0.0,-0.000253,-1.6e-05,-1e-06,-0.000249,-0.000595,0.0,0.0,0.0,0.0,0.0,0.0,-8.8e-05,-1.5e-05
2017-06-01 06:33:00+02:00,0.0,0.0,0.0,-0.000185,0.0,0.0,0.0,0.0,-2.9e-05,0.0,0.0,0.0,-2e-05,-1.6e-05,0.0,-0.000443,0.0,0.0,0.0,-0.000197,0.0,-0.000175,0.0,0.0,-8.6e-05,-0.000609,0.0,0.0,0.0,0.0,0.0,-7e-06,0.0,-5e-06,-1.2e-05,0.0,0.0,0.0,0.0,-0.00018,0.0,0.0,0.0,0.0,0.0,0.0,-2.7e-05,-3.4e-05,0.0,0.0,0.0,-8e-06,-2.9e-05,-2e-05,0.0,0.0,0.0,0.0,0.0,0.0,-8e-06,-0.000132,-0.000151,0.0,0.0,-0.000503,0.0,-4.2e-05,0.0,0.0,0.0,0.0,0.0,-1.1e-05,-1.4e-05,0.0,0.0,0.0,0.0,0.0,-3.1e-05,0.0,0.0,-0.000112,0.0,0.0,-0.000129,0.0,0.0,0.0,0.0,-3.7e-05,-1.8e-05,0.0,-1.8e-05,0.0,-0.000634,-0.000644,0.0,-9.6e-05,0.0,-0.000311,0.0,0.0,0.0,-0.000297,-1.9e-05,-4e-06,-0.000286,-0.000645,0.0,0.0,0.0,0.0,0.0,0.0,-0.000113,-1.8e-05
2017-06-01 06:34:00+02:00,0.0,0.0,0.0,-0.000209,0.0,0.0,0.0,0.0,-3.7e-05,0.0,0.0,0.0,-2.3e-05,-1.8e-05,0.0,-0.000481,0.0,0.0,0.0,-0.000228,0.0,-0.000203,0.0,0.0,-0.000107,-0.000652,0.0,0.0,0.0,0.0,0.0,-9e-06,0.0,-7e-06,-1.4e-05,0.0,0.0,0.0,0.0,-0.000216,0.0,0.0,0.0,0.0,0.0,0.0,-3.5e-05,-4.2e-05,0.0,0.0,0.0,-1e-05,-3.2e-05,-2.3e-05,0.0,0.0,0.0,0.0,0.0,0.0,-1e-05,-0.000161,-0.000175,0.0,0.0,-0.000544,0.0,-5.2e-05,0.0,0.0,0.0,0.0,0.0,-1.3e-05,-1.7e-05,0.0,0.0,0.0,0.0,0.0,-3.5e-05,0.0,0.0,-0.000137,0.0,0.0,-0.000149,0.0,0.0,0.0,0.0,-4e-05,-2.1e-05,0.0,-2e-05,0.0,-0.000677,-0.000692,0.0,-0.000123,0.0,-0.000344,0.0,0.0,0.0,-0.000339,-2.2e-05,-1.1e-05,-0.00032,-0.000693,0.0,0.0,0.0,0.0,0.0,0.0,-0.000136,-2.1e-05
2017-06-01 06:35:00+02:00,0.0,0.0,0.0,-0.000242,0.0,0.0,0.0,0.0,-4.7e-05,0.0,0.0,0.0,-2.6e-05,-2.2e-05,0.0,-0.00053,0.0,0.0,0.0,-0.000271,0.0,-0.000242,0.0,0.0,-0.000135,-0.000707,0.0,0.0,-1e-06,0.0,0.0,-1.2e-05,0.0,-9e-06,-1.7e-05,0.0,0.0,0.0,0.0,-0.000261,0.0,0.0,0.0,0.0,0.0,-0.0,-4.9e-05,-5.5e-05,0.0,0.0,0.0,-1.2e-05,-3.6e-05,-2.6e-05,0.0,0.0,0.0,0.0,0.0,0.0,-1.3e-05,-0.0002,-0.000208,0.0,0.0,-0.000595,0.0,-6.6e-05,0.0,0.0,0.0,0.0,0.0,-1.6e-05,-2e-05,0.0,0.0,0.0,0.0,0.0,-3.9e-05,0.0,-1e-05,-0.00017,0.0,0.0,-0.000175,0.0,0.0,0.0,0.0,-4.4e-05,-2.5e-05,0.0,-2.4e-05,0.0,-0.000732,-0.000749,0.0,-0.00016,0.0,-0.000386,0.0,0.0,0.0,-0.00039,-2.6e-05,-3e-05,-0.000365,-0.000751,0.0,0.0,0.0,0.0,0.0,0.0,-0.000169,-2.5e-05
2017-06-01 06:36:00+02:00,0.0,0.0,0.0,-0.000276,0.0,0.0,0.0,0.0,-5.8e-05,0.0,0.0,0.0,-3e-05,-2.5e-05,0.0,-0.000579,0.0,0.0,0.0,-0.000318,0.0,-0.000285,0.0,0.0,-0.000164,-0.000761,0.0,0.0,-3e-06,0.0,0.0,-1.4e-05,0.0,-1.2e-05,-2e-05,0.0,0.0,0.0,0.0,-0.000308,0.0,0.0,0.0,0.0,0.0,-7e-06,-6.4e-05,-7e-05,0.0,0.0,0.0,-1.5e-05,-4e-05,-3e-05,0.0,0.0,0.0,0.0,0.0,0.0,-1.7e-05,-0.00024,-0.000242,0.0,0.0,-0.000646,0.0,-8.1e-05,0.0,0.0,0.0,0.0,0.0,-1.9e-05,-2.4e-05,0.0,0.0,0.0,0.0,0.0,-4.4e-05,0.0,-2.4e-05,-0.000204,0.0,0.0,-0.000201,0.0,0.0,0.0,0.0,-4.8e-05,-2.8e-05,0.0,-2.7e-05,0.0,-0.000786,-0.000807,0.0,-0.0002,0.0,-0.00043,-1e-06,0.0,0.0,-0.000441,-2.9e-05,-5.4e-05,-0.000412,-0.000809,0.0,0.0,0.0,0.0,0.0,0.0,-0.000204,-3e-05
2017-06-01 06:37:00+02:00,0.0,0.0,0.0,-0.000304,0.0,0.0,0.0,0.0,-6.7e-05,0.0,0.0,0.0,-3.3e-05,-2.8e-05,0.0,-0.000621,0.0,0.0,0.0,-0.000355,0.0,-0.000319,0.0,0.0,-0.000188,-0.000808,0.0,0.0,-6e-06,0.0,0.0,-1.7e-05,0.0,-1.4e-05,-2.3e-05,0.0,0.0,0.0,0.0,-0.000345,0.0,0.0,0.0,0.0,0.0,-1.4e-05,-7.7e-05,-8.2e-05,0.0,0.0,0.0,-1.8e-05,-4.3e-05,-3.3e-05,0.0,0.0,0.0,0.0,0.0,0.0,-2e-05,-0.000273,-0.000271,0.0,0.0,-0.00069,0.0,-9.4e-05,0.0,0.0,0.0,0.0,0.0,-2.2e-05,-2.7e-05,0.0,0.0,0.0,0.0,0.0,-4.8e-05,0.0,-3.6e-05,-0.000231,0.0,0.0,-0.000223,0.0,0.0,0.0,0.0,-5.2e-05,-3.1e-05,0.0,-3e-05,0.0,-0.000832,-0.000856,0.0,-0.000231,0.0,-0.000466,-2e-06,0.0,0.0,-0.000483,-3.2e-05,-7.2e-05,-0.00045,-0.000859,0.0,0.0,0.0,0.0,0.0,0.0,-0.000233,-3.4e-05
2017-06-01 06:38:00+02:00,0.0,0.0,0.0,-0.000331,0.0,0.0,0.0,0.0,-7.3e-05,0.0,0.0,0.0,-3.5e-05,-3e-05,0.0,-0.00066,0.0,0.0,0.0,-0.000392,0.0,-0.000353,0.0,0.0,-0.000201,-0.000851,0.0,0.0,-8e-06,0.0,0.0,-1.8e-05,0.0,-1.5e-05,-2.4e-05,0.0,0.0,0.0,0.0,-0.000362,0.0,0.0,0.0,0.0,0.0,-2.1e-05,-9e-05,-9.4e-05,0.0,0.0,0.0,-2e-05,-4.6e-05,-3.5e-05,0.0,0.0,0.0,0.0,0.0,0.0,-2.3e-05,-0.000287,-0.000299,0.0,0.0,-0.000731,0.0,-0.000107,0.0,0.0,-0.0,0.0,0.0,-2.4e-05,-2.8e-05,0.0,0.0,0.0,0.0,0.0,-5.2e-05,0.0,-4.9e-05,-0.000244,0.0,0.0,-0.000235,0.0,0.0,0.0,0.0,-5.5e-05,-3.3e-05,0.0,-3.2e-05,0.0,-0.000875,-0.000901,0.0,-0.000246,0.0,-0.000501,-4e-06,0.0,0.0,-0.000505,-3.4e-05,-7.6e-05,-0.000486,-0.000905,0.0,-0.0,0.0,0.0,0.0,-3e-06,-0.00026,-3.6e-05
2017-06-01 06:39:00+02:00,0.0,0.0,0.0,-0.000357,0.0,0.0,0.0,0.0,-7.7e-05,0.0,0.0,0.0,-3.6e-05,-3.1e-05,0.0,-0.000697,0.0,0.0,0.0,-0.000432,0.0,-0.000389,0.0,0.0,-0.000211,-0.000892,0.0,0.0,-1.1e-05,0.0,0.0,-1.9e-05,0.0,-1.5e-05,-2.5e-05,0.0,0.0,0.0,0.0,-0.000374,0.0,0.0,-2e-06,0.0,0.0,-3.1e-05,-0.000102,-0.000108,0.0,0.0,0.0,-2.2e-05,-4.9e-05,-3.6e-05,0.0,0.0,0.0,0.0,0.0,0.0,-2.6e-05,-0.000298,-0.000325,0.0,0.0,-0.000769,0.0,-0.000122,0.0,0.0,-1e-06,0.0,0.0,-2.7e-05,-2.9e-05,0.0,0.0,0.0,0.0,0.0,-5.6e-05,0.0,-6.2e-05,-0.000254,0.0,0.0,-0.000243,0.0,0.0,0.0,0.0,-5.8e-05,-3.4e-05,0.0,-3.4e-05,0.0,-0.000915,-0.000943,0.0,-0.000258,0.0,-0.000533,-9e-06,0.0,0.0,-0.000519,-3.5e-05,-7.9e-05,-0.00052,-0.000948,0.0,-2e-06,0.0,0.0,0.0,-1.2e-05,-0.000287,-3.8e-05
2017-06-01 06:40:00+02:00,0.0,0.0,0.0,-0.00038,0.0,0.0,0.0,-3e-06,-8.6e-05,0.0,0.0,0.0,-3.8e-05,-3.3e-05,0.0,-0.00073,0.0,0.0,0.0,-0.000464,0.0,-0.00042,-7e-06,0.0,-0.000232,-0.000928,0.0,0.0,-1.5e-05,0.0,0.0,-2e-05,0.0,-1.7e-05,-2.7e-05,0.0,0.0,0.0,0.0,-0.000404,0.0,0.0,-4e-06,0.0,0.0,-4.3e-05,-0.000114,-0.000121,-1e-06,0.0,0.0,-2.4e-05,-5.1e-05,-3.8e-05,0.0,0.0,0.0,0.0,0.0,0.0,-2.9e-05,-0.000325,-0.000348,0.0,0.0,-0.000803,0.0,-0.000135,0.0,0.0,-1e-06,0.0,0.0,-2.9e-05,-3.1e-05,0.0,0.0,0.0,0.0,0.0,-6e-05,0.0,-7.6e-05,-0.000277,0.0,0.0,-0.000261,0.0,0.0,0.0,0.0,-6e-05,-3.6e-05,0.0,-3.6e-05,0.0,-0.000949,-0.00098,0.0,-0.000285,0.0,-0.000562,-1.3e-05,0.0,0.0,-0.000551,-3.7e-05,-9.8e-05,-0.00055,-0.000985,-0.0,-4e-06,0.0,0.0,0.0,-2.2e-05,-0.000311,-4.1e-05
2017-06-01 06:41:00+02:00,0.0,0.0,0.0,-0.000398,0.0,0.0,0.0,-7e-06,-9.2e-05,0.0,0.0,0.0,-4e-05,-3.4e-05,0.0,-0.000755,0.0,0.0,0.0,-0.000485,0.0,-0.000439,-1.4e-05,0.0,-0.000246,-0.000956,-1e-06,0.0,-1.7e-05,0.0,0.0,-2.2e-05,0.0,-1.8e-05,-2.9e-05,0.0,0.0,-1e-06,0.0,-0.000426,-0.0,0.0,-3e-06,0.0,0.0,-4.9e-05,-0.000123,-0.000129,-1e-06,0.0,0.0,-2.6e-05,-5.3e-05,-4e-05,0.0,0.0,0.0,0.0,0.0,0.0,-3.1e-05,-0.000344,-0.000366,0.0,0.0,-0.00083,0.0,-0.000143,0.0,0.0,-1e-06,0.0,0.0,-3e-05,-3.2e-05,0.0,0.0,0.0,0.0,0.0,-6.3e-05,0.0,-8.4e-05,-0.000294,0.0,0.0,-0.000275,0.0,0.0,0.0,0.0,-6.2e-05,-3.8e-05,0.0,-3.8e-05,0.0,-0.000977,-0.001009,0.0,-0.000303,0.0,-0.000584,-1.5e-05,0.0,-0.0,-0.000574,-3.9e-05,-0.000109,-0.000573,-0.001015,-1e-06,-4e-06,0.0,0.0,0.0,-2.4e-05,-0.000329,-4.3e-05
2017-06-01 06:42:00+02:00,0.0,0.0,0.0,-0.000415,0.0,0.0,0.0,-1.1e-05,-9.9e-05,0.0,0.0,0.0,-4.1e-05,-3.5e-05,0.0,-0.00078,0.0,0.0,0.0,-0.000507,0.0,-0.000459,-2.3e-05,0.0,-0.00026,-0.000985,-3e-06,0.0,-1.9e-05,0.0,0.0,-2.2e-05,0.0,-1.9e-05,-2.9e-05,0.0,0.0,-7e-06,0.0,-0.000445,-1e-06,0.0,-3e-06,0.0,0.0,-5.5e-05,-0.000131,-0.000138,-0.0,0.0,0.0,-2.7e-05,-5.4e-05,-4.1e-05,0.0,0.0,0.0,0.0,0.0,0.0,-3.2e-05,-0.000361,-0.000383,0.0,0.0,-0.000856,0.0,-0.000152,0.0,0.0,-2e-06,0.0,0.0,-3.1e-05,-3.3e-05,0.0,0.0,0.0,0.0,0.0,-6.6e-05,0.0,-9.2e-05,-0.000308,0.0,0.0,-0.000287,0.0,0.0,0.0,0.0,-6.3e-05,-3.8e-05,0.0,-3.9e-05,0.0,-0.001005,-0.001038,0.0,-0.00032,0.0,-0.000606,-1.7e-05,0.0,-1e-06,-0.000595,-4e-05,-0.000118,-0.000594,-0.001045,-1e-06,-5e-06,0.0,0.0,0.0,-2.7e-05,-0.000345,-4.5e-05
2017-06-01 06:43:00+02:00,0.0,0.0,0.0,-0.000435,0.0,0.0,0.0,-1.6e-05,-0.000106,0.0,0.0,0.0,-4.2e-05,-3.7e-05,0.0,-0.000808,0.0,0.0,0.0,-0.000532,0.0,-0.000482,-3.2e-05,0.0,-0.000276,-0.001017,-6e-06,0.0,-2.2e-05,0.0,0.0,-2.4e-05,0.0,-2e-05,-3.1e-05,0.0,0.0,-1.3e-05,0.0,-0.000467,-1e-06,0.0,-5e-06,0.0,0.0,-6.4e-05,-0.000141,-0.000147,-1e-06,0.0,0.0,-2.8e-05,-5.6e-05,-4.2e-05,0.0,0.0,0.0,0.0,0.0,0.0,-3.5e-05,-0.00038,-0.000402,0.0,0.0,-0.000885,0.0,-0.000163,0.0,0.0,-2e-06,0.0,0.0,-3.3e-05,-3.5e-05,0.0,0.0,0.0,0.0,0.0,-7e-05,0.0,-0.000103,-0.000325,0.0,0.0,-0.000302,0.0,0.0,0.0,0.0,-6.5e-05,-4e-05,0.0,-4e-05,0.0,-0.001035,-0.00107,0.0,-0.000338,0.0,-0.00063,-2.1e-05,0.0,-2e-06,-0.00062,-4.1e-05,-0.00013,-0.000619,-0.001078,-2e-06,-7e-06,0.0,0.0,0.0,-3.4e-05,-0.000364,-4.9e-05
2017-06-01 06:44:00+02:00,0.0,0.0,0.0,-0.000458,0.0,0.0,0.0,-2.3e-05,-0.000115,0.0,0.0,0.0,-4.5e-05,-4e-05,-0.0,-0.000841,0.0,0.0,0.0,-0.000561,0.0,-0.00051,-4.7e-05,0.0,-0.000297,-0.001053,-1.3e-05,0.0,-2.6e-05,0.0,0.0,-2.6e-05,0.0,-2.2e-05,-3.3e-05,0.0,0.0,-2.6e-05,0.0,-0.000497,-3e-06,0.0,-1.3e-05,0.0,0.0,-7.7e-05,-0.000152,-0.000159,-4e-06,0.0,0.0,-3e-05,-5.9e-05,-4.5e-05,0.0,0.0,0.0,0.0,0.0,0.0,-3.9e-05,-0.000407,-0.000425,0.0,0.0,-0.000919,0.0,-0.000175,0.0,0.0,-3e-06,0.0,0.0,-3.5e-05,-3.8e-05,0.0,0.0,0.0,0.0,0.0,-7.5e-05,0.0,-0.000117,-0.000349,0.0,0.0,-0.000322,0.0,0.0,0.0,0.0,-6.9e-05,-4.3e-05,0.0,-4.3e-05,0.0,-0.001071,-0.001107,0.0,-0.000365,0.0,-0.000659,-2.6e-05,0.0,-5e-06,-0.000654,-4.4e-05,-0.00015,-0.000648,-0.001116,-4e-06,-1e-05,0.0,0.0,0.0,-4.7e-05,-0.000387,-5.3e-05
2017-06-01 06:45:00+02:00,0.0,0.0,0.0,-0.000484,0.0,0.0,0.0,-3.2e-05,-0.000126,0.0,0.0,0.0,-4.9e-05,-4.3e-05,-1e-06,-0.000877,0.0,0.0,0.0,-0.000598,0.0,-0.000545,-6.8e-05,0.0,-0.000319,-0.001093,-2.4e-05,0.0,-3.2e-05,0.0,0.0,-2.9e-05,0.0,-2.4e-05,-3.7e-05,0.0,0.0,-4.6e-05,0.0,-0.000529,-5e-06,0.0,-2.8e-05,0.0,0.0,-9.6e-05,-0.000167,-0.000174,-8e-06,0.0,0.0,-3.4e-05,-6.3e-05,-4.9e-05,0.0,0.0,0.0,0.0,0.0,0.0,-4.4e-05,-0.000435,-0.000452,0.0,0.0,-0.000957,0.0,-0.000191,0.0,0.0,-5e-06,0.0,0.0,-3.9e-05,-4.1e-05,0.0,0.0,0.0,-6e-06,0.0,-8.1e-05,0.0,-0.000136,-0.000374,0.0,0.0,-0.000342,0.0,0.0,0.0,0.0,-7.3e-05,-4.7e-05,0.0,-4.6e-05,0.0,-0.001109,-0.001147,0.0,-0.000392,0.0,-0.000691,-3.5e-05,0.0,-8e-06,-0.000689,-4.8e-05,-0.000172,-0.00068,-0.001156,-6e-06,-1.5e-05,0.0,0.0,0.0,-6.6e-05,-0.000414,-5.9e-05
2017-06-01 06:46:00+02:00,0.0,0.0,0.0,-0.0005,0.0,0.0,0.0,-3.6e-05,-0.000133,0.0,0.0,0.0,-5.1e-05,-4.5e-05,-1e-06,-0.000899,0.0,0.0,0.0,-0.000623,0.0,-0.000569,-7.5e-05,0.0,-0.000334,-0.001118,-2.7e-05,0.0,-3.5e-05,0.0,0.0,-3e-05,0.0,-2.6e-05,-3.8e-05,0.0,0.0,-5.2e-05,0.0,-0.000551,-5e-06,0.0,-3.7e-05,0.0,0.0,-0.000103,-0.000175,-0.000185,-1e-05,0.0,0.0,-3.5e-05,-6.5e-05,-5.1e-05,0.0,0.0,0.0,0.0,0.0,0.0,-4.7e-05,-0.000454,-0.000467,0.0,0.0,-0.000981,0.0,-0.000202,0.0,0.0,-7e-06,0.0,0.0,-4e-05,-4.3e-05,0.0,0.0,0.0,-4e-06,0.0,-8.6e-05,0.0,-0.000144,-0.000391,0.0,0.0,-0.000357,0.0,0.0,0.0,0.0,-7.5e-05,-4.8e-05,0.0,-4.8e-05,0.0,-0.001133,-0.001172,0.0,-0.00041,0.0,-0.000711,-4.1e-05,0.0,-9e-06,-0.000713,-5e-05,-0.000186,-0.000699,-0.001183,-7e-06,-1.7e-05,0.0,0.0,0.0,-7.8e-05,-0.000429,-6.2e-05
2017-06-01 06:47:00+02:00,0.0,0.0,0.0,-0.000518,0.0,0.0,0.0,-4.3e-05,-0.000141,0.0,0.0,0.0,-5.3e-05,-4.7e-05,-1e-06,-0.000925,0.0,0.0,0.0,-0.000654,0.0,-0.000598,-8.8e-05,0.0,-0.00035,-0.001147,-3.3e-05,0.0,-3.9e-05,0.0,0.0,-3.2e-05,0.0,-2.7e-05,-4e-05,0.0,0.0,-6.4e-05,0.0,-0.000573,-7e-06,0.0,-4.9e-05,0.0,0.0,-0.000113,-0.000184,-0.000198,-1.3e-05,0.0,0.0,-3.8e-05,-6.7e-05,-5.3e-05,0.0,0.0,0.0,0.0,0.0,0.0,-5.1e-05,-0.000475,-0.000485,0.0,0.0,-0.001007,0.0,-0.000216,0.0,0.0,-8e-06,0.0,0.0,-4.3e-05,-4.4e-05,0.0,0.0,0.0,-5e-06,0.0,-9.1e-05,0.0,-0.000155,-0.00041,0.0,0.0,-0.000373,0.0,0.0,0.0,0.0,-7.8e-05,-5.1e-05,0.0,-4.9e-05,0.0,-0.001161,-0.001201,0.0,-0.00043,0.0,-0.000733,-4.8e-05,0.0,-1.2e-05,-0.000738,-5.2e-05,-0.0002,-0.000721,-0.001213,-8e-06,-2e-05,0.0,0.0,0.0,-9.4e-05,-0.000447,-6.6e-05
2017-06-01 06:48:00+02:00,0.0,0.0,0.0,-0.000545,0.0,0.0,-2e-06,-5.3e-05,-0.000153,0.0,0.0,0.0,-5.5e-05,-4.9e-05,-3e-06,-0.000961,0.0,0.0,0.0,-0.000692,0.0,-0.000634,-0.000109,0.0,-0.000375,-0.001187,-4.5e-05,0.0,-4.5e-05,0.0,0.0,-3.4e-05,0.0,-2.9e-05,-4.2e-05,0.0,0.0,-8.5e-05,0.0,-0.000607,-9e-06,0.0,-6.9e-05,0.0,0.0,-0.000132,-0.000199,-0.000215,-1.8e-05,0.0,0.0,-4e-05,-6.9e-05,-5.5e-05,0.0,0.0,0.0,0.0,0.0,0.0,-5.6e-05,-0.000505,-0.000512,0.0,0.0,-0.001045,0.0,-0.000233,0.0,0.0,-1.1e-05,0.0,0.0,-4.5e-05,-4.7e-05,0.0,0.0,0.0,-1.7e-05,0.0,-9.7e-05,0.0,-0.000174,-0.000437,0.0,0.0,-0.000395,0.0,0.0,0.0,0.0,-8e-05,-5.3e-05,0.0,-5.2e-05,0.0,-0.001199,-0.001241,0.0,-0.00046,0.0,-0.000765,-5.9e-05,0.0,-1.6e-05,-0.000775,-5.4e-05,-0.000225,-0.000754,-0.001254,-1.1e-05,-2.6e-05,0.0,0.0,0.0,-0.000118,-0.000474,-7.2e-05
2017-06-01 06:49:00+02:00,0.0,0.0,0.0,-0.000573,0.0,0.0,-9e-06,-6.5e-05,-0.000166,0.0,0.0,0.0,-5.8e-05,-5.2e-05,-4e-06,-0.000998,0.0,0.0,0.0,-0.000733,0.0,-0.000673,-0.000133,0.0,-0.000401,-0.001228,-5.9e-05,0.0,-5.3e-05,0.0,0.0,-3.6e-05,0.0,-3.2e-05,-4.5e-05,0.0,0.0,-0.00011,0.0,-0.000643,-1.2e-05,0.0,-9.2e-05,0.0,0.0,-0.000155,-0.000216,-0.000233,-2.6e-05,0.0,0.0,-4.3e-05,-7.2e-05,-5.8e-05,0.0,0.0,0.0,0.0,0.0,0.0,-6.1e-05,-0.000538,-0.00054,0.0,0.0,-0.001084,0.0,-0.000252,0.0,0.0,-1.4e-05,0.0,0.0,-4.8e-05,-5e-05,0.0,0.0,0.0,-3.5e-05,0.0,-0.000103,0.0,-0.000196,-0.000466,0.0,0.0,-0.000419,0.0,0.0,0.0,0.0,-8.4e-05,-5.6e-05,0.0,-5.4e-05,-5e-06,-0.001239,-0.001282,0.0,-0.000493,0.0,-0.000799,-7.2e-05,0.0,-2.1e-05,-0.000815,-5.7e-05,-0.000252,-0.000788,-0.001296,-1.4e-05,-3.2e-05,-1e-06,0.0,0.0,-0.000146,-0.000503,-7.8e-05
2017-06-01 06:50:00+02:00,0.0,0.0,0.0,-0.000595,0.0,0.0,-1.3e-05,-7.5e-05,-0.000176,0.0,0.0,0.0,-6e-05,-5.3e-05,-5e-06,-0.001027,0.0,0.0,0.0,-0.000766,0.0,-0.000704,-0.000153,0.0,-0.00042,-0.001261,-7e-05,0.0,-5.8e-05,0.0,0.0,-3.8e-05,0.0,-3.3e-05,-4.6e-05,0.0,0.0,-0.000129,0.0,-0.000668,-1.4e-05,0.0,-0.000109,0.0,0.0,-0.000169,-0.000228,-0.000248,-3e-05,0.0,0.0,-4.5e-05,-7.4e-05,-6e-05,0.0,0.0,0.0,0.0,0.0,0.0,-6.5e-05,-0.000561,-0.000561,0.0,0.0,-0.001114,0.0,-0.000267,0.0,0.0,-1.6e-05,0.0,0.0,-5e-05,-5.1e-05,0.0,0.0,0.0,-4.8e-05,0.0,-0.000108,0.0,-0.00021,-0.000487,0.0,0.0,-0.000437,0.0,0.0,0.0,0.0,-8.5e-05,-5.7e-05,0.0,-5.6e-05,-4e-06,-0.00127,-0.001315,0.0,-0.000516,0.0,-0.000825,-8.2e-05,0.0,-2.5e-05,-0.000843,-5.9e-05,-0.00027,-0.000813,-0.00133,-1.6e-05,-3.7e-05,-2e-06,0.0,0.0,-0.000166,-0.000524,-8.2e-05
2017-06-01 06:51:00+02:00,0.0,0.0,0.0,-0.000623,0.0,0.0,-2.1e-05,-8.8e-05,-0.000187,0.0,0.0,0.0,-6.2e-05,-5.5e-05,-6e-06,-0.001065,0.0,0.0,0.0,-0.000798,0.0,-0.000735,-0.000177,0.0,-0.000443,-0.001304,-8.5e-05,0.0,-6.6e-05,0.0,0.0,-4e-05,0.0,-3.4e-05,-4.8e-05,0.0,0.0,-0.000155,0.0,-0.000697,-1.7e-05,0.0,-0.000129,0.0,0.0,-0.000191,-0.000244,-0.000263,-3.6e-05,0.0,0.0,-4.7e-05,-7.6e-05,-6.2e-05,0.0,0.0,0.0,0.0,0.0,0.0,-7e-05,-0.000588,-0.00059,0.0,0.0,-0.001154,0.0,-0.000283,0.0,0.0,-1.9e-05,0.0,0.0,-5.2e-05,-5.3e-05,0.0,0.0,0.0,-6.8e-05,0.0,-0.000115,0.0,-0.000232,-0.000511,0.0,0.0,-0.000458,0.0,0.0,0.0,0.0,-8.8e-05,-5.9e-05,0.0,-5.8e-05,-9e-06,-0.001311,-0.001357,0.0,-0.000543,0.0,-0.000859,-9.3e-05,0.0,-3.1e-05,-0.000874,-6.1e-05,-0.000292,-0.000848,-0.001374,-1.9e-05,-4.4e-05,-4e-06,0.0,0.0,-0.00019,-0.000554,-8.7e-05
2017-06-01 06:52:00+02:00,0.0,0.0,0.0,-0.000654,0.0,0.0,-3.5e-05,-0.000104,-0.000198,0.0,0.0,0.0,-6.3e-05,-5.7e-05,-7e-06,-0.001105,0.0,0.0,0.0,-0.000838,0.0,-0.000773,-0.000209,0.0,-0.000463,-0.001348,-0.000104,0.0,-7.5e-05,0.0,0.0,-4.1e-05,0.0,-3.6e-05,-4.9e-05,0.0,0.0,-0.000188,0.0,-0.000719,-2.1e-05,0.0,-0.000153,0.0,0.0,-0.000215,-0.000262,-0.000282,-4.1e-05,0.0,0.0,-4.9e-05,-7.8e-05,-6.3e-05,0.0,0.0,0.0,0.0,0.0,-6e-06,-7.6e-05,-0.000609,-0.000621,0.0,0.0,-0.001196,-3e-06,-0.000302,0.0,-0.0,-2.3e-05,0.0,0.0,-5.4e-05,-5.4e-05,0.0,0.0,0.0,-9.5e-05,0.0,-0.000122,0.0,-0.000255,-0.00053,0.0,0.0,-0.000473,0.0,0.0,0.0,0.0,-9.1e-05,-6.1e-05,0.0,-6e-05,-1.4e-05,-0.001352,-0.001401,0.0,-0.000566,0.0,-0.000896,-0.000107,0.0,-3.8e-05,-0.000898,-6.3e-05,-0.00031,-0.000884,-0.001419,-2.3e-05,-5.2e-05,-7e-06,0.0,0.0,-0.000218,-0.000585,-9.2e-05
2017-06-01 06:53:00+02:00,0.0,0.0,0.0,-0.000675,0.0,0.0,-4.1e-05,-0.000114,-0.000208,0.0,0.0,0.0,-6.4e-05,-5.8e-05,-7e-06,-0.001135,0.0,0.0,0.0,-0.000872,0.0,-0.000806,-0.000228,0.0,-0.000483,-0.001381,-0.000116,0.0,-8e-05,0.0,0.0,-4.3e-05,0.0,-3.7e-05,-5e-05,0.0,0.0,-0.000207,0.0,-0.000744,-2.4e-05,0.0,-0.000171,0.0,0.0,-0.000228,-0.000274,-0.000298,-4.6e-05,0.0,0.0,-5.1e-05,-7.9e-05,-6.4e-05,0.0,0.0,0.0,0.0,0.0,-4e-06,-8.1e-05,-0.000632,-0.000641,0.0,0.0,-0.001226,-2e-06,-0.000319,0.0,-0.0,-2.5e-05,0.0,0.0,-5.6e-05,-5.5e-05,0.0,0.0,0.0,-0.00011,0.0,-0.000127,0.0,-0.000268,-0.000551,0.0,0.0,-0.000492,0.0,0.0,0.0,0.0,-9.3e-05,-6.2e-05,0.0,-6.1e-05,-1.8e-05,-0.001384,-0.001434,0.0,-0.000589,0.0,-0.000921,-0.000117,0.0,-4.2e-05,-0.000927,-6.5e-05,-0.000327,-0.000909,-0.001453,-2.6e-05,-5.6e-05,-9e-06,0.0,0.0,-0.000238,-0.000605,-9.7e-05
2017-06-01 06:54:00+02:00,0.0,0.0,0.0,-0.000699,0.0,0.0,-5.2e-05,-0.000127,-0.000223,0.0,0.0,0.0,-6.7e-05,-6e-05,-9e-06,-0.001165,0.0,0.0,0.0,-0.000905,0.0,-0.000837,-0.000252,0.0,-0.000511,-0.001414,-0.00013,0.0,-8.8e-05,0.0,0.0,-4.5e-05,0.0,-3.9e-05,-5.3e-05,0.0,0.0,-0.000232,0.0,-0.000783,-2.7e-05,0.0,-0.000191,0.0,0.0,-0.000249,-0.000289,-0.000314,-5.5e-05,0.0,0.0,-5.4e-05,-8.1e-05,-6.7e-05,0.0,0.0,0.0,0.0,0.0,-1.1e-05,-8.6e-05,-0.000668,-0.000666,0.0,0.0,-0.001258,-6e-06,-0.000336,0.0,-1e-06,-2.8e-05,0.0,0.0,-5.8e-05,-5.8e-05,0.0,0.0,0.0,-0.000132,0.0,-0.000134,0.0,-0.000288,-0.000582,0.0,0.0,-0.000519,0.0,0.0,0.0,0.0,-9.6e-05,-6.4e-05,0.0,-6.2e-05,-3.7e-05,-0.001414,-0.001466,0.0,-0.000624,0.0,-0.00095,-0.000129,0.0,-4.8e-05,-0.00097,-6.8e-05,-0.000357,-0.000937,-0.001486,-3e-05,-6.3e-05,-1.2e-05,0.0,0.0,-0.000261,-0.00063,-0.000103
2017-06-01 06:55:00+02:00,0.0,0.0,0.0,-0.000698,0.0,0.0,-4.9e-05,-0.000127,-0.000226,0.0,0.0,0.0,-6.7e-05,-6e-05,-9e-06,-0.001163,0.0,0.0,0.0,-0.000904,0.0,-0.000837,-0.00025,0.0,-0.000514,-0.001411,-0.000129,0.0,-8.8e-05,0.0,0.0,-4.6e-05,0.0,-3.9e-05,-5.3e-05,0.0,0.0,-0.000229,0.0,-0.000784,-2.7e-05,0.0,-0.00019,0.0,0.0,-0.000245,-0.000289,-0.000317,-5.5e-05,0.0,0.0,-5.4e-05,-8.1e-05,-6.7e-05,0.0,0.0,0.0,0.0,0.0,-9e-06,-8.8e-05,-0.000669,-0.000664,0.0,0.0,-0.001255,-5e-06,-0.000338,0.0,-1e-06,-2.9e-05,0.0,0.0,-5.8e-05,-5.8e-05,0.0,0.0,0.0,-0.000127,0.0,-0.000137,0.0,-0.000286,-0.000585,0.0,0.0,-0.000524,0.0,0.0,0.0,0.0,-9.6e-05,-6.5e-05,0.0,-6.2e-05,-3.1e-05,-0.001409,-0.001461,0.0,-0.000625,0.0,-0.000948,-0.000129,0.0,-4.8e-05,-0.000974,-6.9e-05,-0.000357,-0.000934,-0.001482,-3e-05,-6.3e-05,-1.1e-05,0.0,0.0,-0.00026,-0.000627,-0.000106
2017-06-01 06:56:00+02:00,0.0,0.0,0.0,-0.000688,0.0,0.0,-4e-05,-0.000122,-0.000225,0.0,0.0,0.0,-6.7e-05,-6e-05,-8e-06,-0.001149,0.0,0.0,0.0,-0.000894,0.0,-0.000828,-0.00024,0.0,-0.000507,-0.001397,-0.000123,0.0,-8.4e-05,0.0,0.0,-4.6e-05,0.0,-3.8e-05,-5.2e-05,0.0,0.0,-0.000217,0.0,-0.000773,-2.6e-05,0.0,-0.00018,0.0,0.0,-0.000231,-0.000282,-0.000315,-5.1e-05,0.0,0.0,-5.4e-05,-8e-05,-6.7e-05,0.0,0.0,0.0,0.0,0.0,-7e-06,-8.9e-05,-0.000659,-0.000653,0.0,0.0,-0.001241,-4e-06,-0.000336,0.0,-0.0,-2.8e-05,0.0,0.0,-5.7e-05,-5.7e-05,0.0,0.0,0.0,-0.000112,0.0,-0.000139,0.0,-0.000273,-0.000576,0.0,0.0,-0.00052,0.0,0.0,0.0,0.0,-9.7e-05,-6.4e-05,0.0,-6.2e-05,-2.5e-05,-0.001394,-0.001446,0.0,-0.000613,0.0,-0.000935,-0.000125,0.0,-4.6e-05,-0.000963,-6.9e-05,-0.000344,-0.00092,-0.001467,-2.9e-05,-5.8e-05,-9e-06,0.0,0.0,-0.00025,-0.000613,-0.000108
2017-06-01 06:57:00+02:00,0.0,0.0,0.0,-0.000713,0.0,0.0,-4.7e-05,-0.000132,-0.000238,0.0,0.0,0.0,-6.9e-05,-6.2e-05,-9e-06,-0.001181,0.0,0.0,0.0,-0.000928,0.0,-0.000861,-0.000257,0.0,-0.00053,-0.001432,-0.000134,0.0,-9.1e-05,0.0,0.0,-4.8e-05,0.0,-4e-05,-5.4e-05,0.0,0.0,-0.000235,0.0,-0.000801,-2.9e-05,0.0,-0.0002,0.0,0.0,-0.000248,-0.000297,-0.000332,-5.7e-05,0.0,0.0,-5.7e-05,-8.2e-05,-6.9e-05,0.0,0.0,0.0,0.0,0.0,-5e-06,-9.5e-05,-0.000686,-0.000677,0.0,0.0,-0.001274,-3e-06,-0.000354,0.0,-0.0,-3.2e-05,0.0,0.0,-6e-05,-5.9e-05,0.0,0.0,0.0,-0.000127,0.0,-0.000146,0.0,-0.00029,-0.000601,0.0,0.0,-0.000542,0.0,0.0,0.0,0.0,-0.000101,-6.6e-05,0.0,-6.4e-05,-3.4e-05,-0.001427,-0.00148,0.0,-0.000639,0.0,-0.000964,-0.000137,0.0,-5.1e-05,-0.000996,-7.2e-05,-0.000364,-0.000949,-0.001503,-3.2e-05,-6.5e-05,-1.2e-05,0.0,0.0,-0.000272,-0.000637,-0.000115
2017-06-01 06:58:00+02:00,0.0,0.0,0.0,-0.000773,0.0,0.0,-8e-05,-0.000164,-0.000267,0.0,0.0,0.0,-7.5e-05,-6.7e-05,-1.3e-05,-0.001258,0.0,0.0,0.0,-0.001004,0.0,-0.000933,-0.000316,0.0,-0.000586,-0.001514,-0.000171,0.0,-0.000112,0.0,0.0,-5.4e-05,0.0,-4.5e-05,-5.9e-05,0.0,0.0,-0.000296,0.0,-0.000875,-3.9e-05,0.0,-0.000251,0.0,0.0,-0.000302,-0.000335,-0.000369,-7.8e-05,0.0,0.0,-6.4e-05,-8.8e-05,-7.5e-05,0.0,0.0,0.0,0.0,0.0,-4.7e-05,-0.000108,-0.000754,-0.000739,0.0,-1e-06,-0.001353,-2.7e-05,-0.000391,0.0,-9e-06,-4e-05,0.0,0.0,-6.5e-05,-6.5e-05,0.0,0.0,0.0,-0.000185,0.0,-0.000161,0.0,-0.000341,-0.000662,0.0,0.0,-0.000591,0.0,0.0,0.0,0.0,-0.000108,-7.2e-05,0.0,-6.8e-05,-8.1e-05,-0.001506,-0.001562,0.0,-0.000708,0.0,-0.001035,-0.000166,0.0,-6.7e-05,-0.001076,-8e-05,-0.000425,-0.00102,-0.001587,-4.2e-05,-8.4e-05,-2.4e-05,0.0,-4e-06,-0.00033,-0.000701,-0.000128
2017-06-01 06:59:00+02:00,0.0,0.0,0.0,-0.000814,0.0,0.0,-0.000105,-0.000189,-0.000291,0.0,0.0,0.0,-7.9e-05,-7.2e-05,-1.6e-05,-0.001311,0.0,0.0,0.0,-0.001066,0.0,-0.000993,-0.000361,0.0,-0.000634,-0.001572,-0.0002,0.0,-0.000126,0.0,0.0,-6e-05,0.0,-4.8e-05,-6.3e-05,0.0,0.0,-0.000344,0.0,-0.000937,-4.6e-05,0.0,-0.000292,0.0,0.0,-0.000339,-0.000361,-0.000399,-9.5e-05,0.0,0.0,-6.9e-05,-9.1e-05,-7.9e-05,0.0,0.0,0.0,0.0,0.0,-7.8e-05,-0.000118,-0.000812,-0.000781,0.0,-1e-06,-0.001408,-4.5e-05,-0.000423,0.0,-1.6e-05,-4.7e-05,0.0,0.0,-6.9e-05,-6.9e-05,0.0,0.0,0.0,-0.000229,0.0,-0.000172,0.0,-0.000377,-0.000713,0.0,0.0,-0.000634,0.0,0.0,0.0,0.0,-0.000114,-7.6e-05,0.0,-7.2e-05,-0.00012,-0.001561,-0.001619,0.0,-0.000766,0.0,-0.001084,-0.000189,0.0,-7.9e-05,-0.001143,-8.6e-05,-0.000475,-0.001069,-0.001646,-4.9e-05,-9.8e-05,-3.3e-05,0.0,-4e-06,-0.000375,-0.000745,-0.000141
2017-06-01 07:00:00+02:00,0.0,0.0,0.0,-0.000841,0.0,0.0,-0.000122,-0.000206,-0.000309,0.0,0.0,0.0,-8.3e-05,-7.5e-05,-1.8e-05,-0.001346,0.0,0.0,0.0,-0.001115,0.0,-0.00104,-0.000391,0.0,-0.000666,-0.00161,-0.00022,0.0,-0.000135,0.0,0.0,-6.4e-05,0.0,-5.1e-05,-6.7e-05,0.0,0.0,-0.000375,0.0,-0.000979,-5.2e-05,0.0,-0.00032,0.0,0.0,-0.00036,-0.000378,-0.000424,-0.000106,0.0,0.0,-7.5e-05,-9.4e-05,-8.3e-05,0.0,0.0,0.0,0.0,0.0,-9.6e-05,-0.000128,-0.000851,-0.000808,0.0,-1e-06,-0.001444,-5.5e-05,-0.000448,0.0,-2e-05,-5.3e-05,0.0,0.0,-7.3e-05,-7.2e-05,0.0,0.0,0.0,-0.000258,0.0,-0.000182,0.0,-0.000397,-0.000749,0.0,0.0,-0.000665,0.0,0.0,0.0,0.0,-0.00012,-8e-05,0.0,-7.4e-05,-0.000141,-0.001597,-0.001656,0.0,-0.000804,0.0,-0.001115,-0.000206,0.0,-8.8e-05,-0.001191,-9.2e-05,-0.000506,-0.001099,-0.001685,-5.5e-05,-0.000106,-3.9e-05,0.0,-3e-06,-0.000407,-0.000771,-0.000151
2017-06-01 07:01:00+02:00,0.0,0.0,0.0,-0.000873,0.0,0.0,-0.000139,-0.000224,-0.000322,0.0,0.0,0.0,-8.5e-05,-7.7e-05,-1.9e-05,-0.001387,0.0,0.0,0.0,-0.001165,0.0,-0.001088,-0.000423,0.0,-0.000688,-0.001655,-0.00024,0.0,-0.000145,0.0,0.0,-6.7e-05,0.0,-5.3e-05,-6.9e-05,0.0,0.0,-0.000407,0.0,-0.00101,-5.7e-05,0.0,-0.00035,0.0,0.0,-0.000383,-0.000397,-0.00045,-0.000113,0.0,0.0,-8e-05,-9.7e-05,-8.5e-05,0.0,0.0,0.0,0.0,0.0,-0.000114,-0.000137,-0.000879,-0.000839,0.0,-1e-06,-0.001487,-6.7e-05,-0.000474,0.0,-2.4e-05,-5.9e-05,0.0,0.0,-7.6e-05,-7.4e-05,0.0,0.0,0.0,-0.000287,0.0,-0.000192,0.0,-0.00042,-0.000775,0.0,0.0,-0.00069,0.0,0.0,0.0,0.0,-0.000125,-8.2e-05,0.0,-7.7e-05,-0.000153,-0.001639,-0.001701,0.0,-0.00083,0.0,-0.001152,-0.000225,0.0,-9.8e-05,-0.001228,-9.6e-05,-0.000527,-0.001136,-0.001731,-6.1e-05,-0.000115,-4.6e-05,0.0,-3e-06,-0.000441,-0.000803,-0.000159
2017-06-01 07:02:00+02:00,0.0,0.0,0.0,-0.000898,0.0,0.0,-0.000153,-0.00024,-0.000332,0.0,0.0,0.0,-8.6e-05,-7.8e-05,-1.9e-05,-0.00142,0.0,0.0,0.0,-0.001211,0.0,-0.001132,-0.00045,0.0,-0.000702,-0.001693,-0.000258,0.0,-0.000153,0.0,0.0,-6.9e-05,0.0,-5.3e-05,-6.9e-05,0.0,0.0,-0.000435,0.0,-0.001033,-6.2e-05,0.0,-0.000374,0.0,0.0,-0.000398,-0.000412,-0.000474,-0.000117,0.0,0.0,-8.4e-05,-9.8e-05,-8.6e-05,0.0,0.0,0.0,0.0,0.0,-0.00013,-0.000146,-0.0009,-0.000863,0.0,-1e-06,-0.001521,-7.6e-05,-0.000499,0.0,-2.7e-05,-6.4e-05,0.0,0.0,-7.8e-05,-7.5e-05,0.0,0.0,0.0,-0.000312,0.0,-0.000201,0.0,-0.000436,-0.000794,0.0,0.0,-0.00071,0.0,0.0,0.0,0.0,-0.000129,-8.3e-05,0.0,-7.8e-05,-0.000159,-0.001674,-0.001737,0.0,-0.000846,0.0,-0.001182,-0.00024,0.0,-0.000106,-0.001257,-9.9e-05,-0.000539,-0.001164,-0.001769,-6.6e-05,-0.000122,-5.2e-05,0.0,-2e-06,-0.000469,-0.000826,-0.000166
2017-06-01 07:03:00+02:00,0.0,0.0,0.0,-0.000921,0.0,0.0,-0.000174,-0.000262,-0.000351,0.0,0.0,0.0,-8.9e-05,-8.1e-05,-2.1e-05,-0.001451,0.0,0.0,0.0,-0.001247,0.0,-0.001167,-0.000487,0.0,-0.000736,-0.001726,-0.000283,0.0,-0.000161,0.0,0.0,-7.3e-05,0.0,-5.5e-05,-7.2e-05,0.0,0.0,-0.000473,0.0,-0.001074,-7e-05,0.0,-0.000393,0.0,0.0,-0.000416,-0.000427,-0.000493,-0.000129,0.0,0.0,-8.8e-05,-9.9e-05,-8.9e-05,0.0,0.0,0.0,0.0,0.0,-0.000157,-0.000154,-0.000938,-0.000886,0.0,-0.0,-0.001553,-9.3e-05,-0.00052,0.0,-3.4e-05,-6.8e-05,0.0,0.0,-8e-05,-7.7e-05,0.0,0.0,0.0,-0.000347,0.0,-0.00021,0.0,-0.000453,-0.000829,0.0,0.0,-0.000741,0.0,0.0,0.0,0.0,-0.000134,-8.6e-05,0.0,-7.9e-05,-0.000182,-0.001705,-0.00177,0.0,-0.000885,0.0,-0.00121,-0.000253,0.0,-0.000117,-0.001302,-0.000105,-0.00057,-0.001191,-0.001803,-7.3e-05,-0.000129,-5.6e-05,0.0,-1.3e-05,-0.00049,-0.000848,-0.000177
2017-06-01 07:04:00+02:00,0.0,0.0,0.0,-0.000949,-0.0,0.0,-0.0002,-0.000286,-0.000373,0.0,0.0,0.0,-9.2e-05,-8.4e-05,-2.3e-05,-0.001484,0.0,0.0,0.0,-0.001283,0.0,-0.001202,-0.00053,0.0,-0.000774,-0.001762,-0.000311,0.0,-0.000172,0.0,0.0,-7.9e-05,0.0,-5.8e-05,-7.5e-05,0.0,0.0,-0.000516,0.0,-0.001119,-7.8e-05,0.0,-0.000413,0.0,0.0,-0.000439,-0.000445,-0.000513,-0.000142,0.0,0.0,-9.2e-05,-0.000102,-9.2e-05,0.0,0.0,0.0,0.0,0.0,-0.000192,-0.000163,-0.000981,-0.000914,0.0,-3e-06,-0.001587,-0.000114,-0.00054,0.0,-4.3e-05,-7.3e-05,0.0,0.0,-8.2e-05,-8.1e-05,0.0,0.0,0.0,-0.000389,0.0,-0.00022,0.0,-0.000476,-0.000868,0.0,0.0,-0.000775,0.0,0.0,0.0,0.0,-0.00014,-8.9e-05,0.0,-8.1e-05,-0.00021,-0.001739,-0.001804,0.0,-0.000929,0.0,-0.001241,-0.000266,0.0,-0.000131,-0.001351,-0.000111,-0.000606,-0.001222,-0.00184,-8.2e-05,-0.000139,-6.2e-05,0.0,-3.4e-05,-0.000513,-0.000876,-0.000188
2017-06-01 07:05:00+02:00,0.0,0.0,0.0,-0.000967,-0.0,0.0,-0.000215,-0.000303,-0.00039,0.0,0.0,0.0,-9.7e-05,-8.8e-05,-2.5e-05,-0.001505,0.0,0.0,0.0,-0.001309,0.0,-0.001227,-0.000557,0.0,-0.000803,-0.001785,-0.000329,0.0,-0.000178,0.0,0.0,-8.5e-05,0.0,-6.2e-05,-7.9e-05,0.0,0.0,-0.000544,0.0,-0.001153,-8.5e-05,0.0,-0.000428,0.0,0.0,-0.000451,-0.000456,-0.000529,-0.000152,0.0,0.0,-9.8e-05,-0.000105,-9.7e-05,0.0,0.0,0.0,0.0,0.0,-0.000212,-0.000172,-0.001013,-0.000931,0.0,-3e-06,-0.001608,-0.000126,-0.000556,0.0,-4.9e-05,-7.8e-05,0.0,0.0,-8.6e-05,-8.5e-05,0.0,0.0,0.0,-0.000415,0.0,-0.00023,0.0,-0.000488,-0.000898,0.0,0.0,-0.0008,0.0,0.0,0.0,0.0,-0.000147,-9.3e-05,0.0,-8.4e-05,-0.000228,-0.001759,-0.001826,0.0,-0.00096,0.0,-0.00126,-0.000277,0.0,-0.00014,-0.001389,-0.000118,-0.000631,-0.00124,-0.001862,-8.9e-05,-0.000145,-6.6e-05,0.0,-4.2e-05,-0.000529,-0.000892,-0.0002
2017-06-01 07:06:00+02:00,0.0,0.0,-1.2e-05,-0.001,-3e-06,0.0,-0.000237,-0.000325,-0.000417,0.0,0.0,0.0,-0.000105,-9.6e-05,-2.9e-05,-0.001544,0.0,0.0,0.0,-0.001369,0.0,-0.001286,-0.000596,0.0,-0.00085,-0.001828,-0.000354,0.0,-0.000191,0.0,0.0,-9.4e-05,0.0,-6.8e-05,-8.6e-05,0.0,0.0,-0.000582,0.0,-0.00121,-9.4e-05,0.0,-0.000465,0.0,0.0,-0.000477,-0.000476,-0.000561,-0.00017,0.0,0.0,-0.000108,-0.000112,-0.000105,0.0,0.0,0.0,0.0,0.0,-0.000242,-0.000188,-0.001066,-0.000964,0.0,-1.8e-05,-0.001649,-0.000145,-0.000589,0.0,-5.7e-05,-8.8e-05,0.0,0.0,-9.3e-05,-9.2e-05,0.0,0.0,0.0,-0.000451,0.0,-0.000245,0.0,-0.000514,-0.000947,0.0,0.0,-0.000841,0.0,0.0,0.0,0.0,-0.000158,-0.000101,0.0,-9e-05,-0.000263,-0.0018,-0.001868,0.0,-0.001013,0.0,-0.001298,-0.0003,0.0,-0.000154,-0.001451,-0.00013,-0.000676,-0.001276,-0.001906,-9.9e-05,-0.000156,-7.7e-05,0.0,-6.1e-05,-0.00057,-0.000924,-0.000217
2017-06-01 07:07:00+02:00,0.0,0.0,-3e-05,-0.001041,-1.7e-05,0.0,-0.000264,-0.000353,-0.000445,0.0,0.0,0.0,-0.000114,-0.000105,-3.4e-05,-0.001593,0.0,0.0,0.0,-0.001433,0.0,-0.001348,-0.000642,0.0,-0.0009,-0.00188,-0.000385,0.0,-0.000207,0.0,0.0,-0.000105,0.0,-7.5e-05,-9.4e-05,0.0,-5e-06,-0.00063,0.0,-0.00127,-0.000106,0.0,-0.000507,0.0,-6e-06,-0.000513,-0.000502,-0.000595,-0.000189,0.0,0.0,-0.000121,-0.00012,-0.000114,0.0,0.0,-0.0,0.0,0.0,-0.000282,-0.000206,-0.001122,-0.001005,0.0,-3.8e-05,-0.001698,-0.000169,-0.000624,0.0,-6.9e-05,-9.9e-05,0.0,0.0,-0.000102,-0.000101,0.0,0.0,0.0,-0.000496,0.0,-0.000263,0.0,-0.000549,-0.001,0.0,0.0,-0.000882,0.0,0.0,0.0,-1e-06,-0.000172,-0.000111,0.0,-9.7e-05,-0.000303,-0.001848,-0.001918,0.0,-0.00107,0.0,-0.001344,-0.000325,0.0,-0.00017,-0.001516,-0.000144,-0.000724,-0.001322,-0.001958,-0.000111,-0.000172,-9e-05,0.0,-9.2e-05,-0.000616,-0.000966,-0.000237
2017-06-01 07:08:00+02:00,0.0,0.0,-3.6e-05,-0.00106,-2.3e-05,0.0,-0.000281,-0.000369,-0.000455,0.0,0.0,0.0,-0.00012,-0.00011,-3.6e-05,-0.001611,0.0,0.0,0.0,-0.001462,0.0,-0.001377,-0.00067,0.0,-0.000914,-0.001899,-0.000403,0.0,-0.000216,0.0,0.0,-0.000112,0.0,-7.9e-05,-9.9e-05,0.0,-4e-06,-0.000658,0.0,-0.001279,-0.000115,0.0,-0.000527,0.0,-6e-06,-0.000529,-0.000514,-0.000612,-0.000194,0.0,0.0,-0.00013,-0.000127,-0.00012,0.0,0.0,-0.0,0.0,0.0,-0.000307,-0.000218,-0.001131,-0.001023,0.0,-4.6e-05,-0.001717,-0.000184,-0.000642,0.0,-7.7e-05,-0.000106,0.0,0.0,-0.000109,-0.000106,0.0,0.0,0.0,-0.000523,0.0,-0.000275,0.0,-0.000565,-0.001009,0.0,0.0,-0.000892,0.0,0.0,0.0,-1e-06,-0.000183,-0.000117,0.0,-0.000103,-0.000311,-0.001865,-0.001935,0.0,-0.001081,0.0,-0.001362,-0.000338,0.0,-0.000182,-0.00153,-0.000153,-0.000733,-0.00134,-0.001976,-0.00012,-0.00018,-9.7e-05,0.0,-0.000111,-0.000638,-0.000984,-0.000247
2017-06-01 07:09:00+02:00,0.0,0.0,-2.9e-05,-0.001054,-1.9e-05,0.0,-0.000277,-0.000369,-0.000453,0.0,0.0,0.0,-0.00012,-0.00011,-3.4e-05,-0.001604,0.0,0.0,0.0,-0.001434,0.0,-0.001353,-0.000667,0.0,-0.000903,-0.001893,-0.000401,0.0,-0.000213,0.0,0.0,-0.000112,0.0,-7.8e-05,-9.8e-05,0.0,-3e-06,-0.000652,0.0,-0.001259,-0.000116,0.0,-0.000506,0.0,-5e-06,-0.000516,-0.000509,-0.000604,-0.000187,0.0,0.0,-0.000131,-0.000128,-0.00012,0.0,0.0,-0.0,0.0,0.0,-0.000296,-0.000219,-0.001112,-0.001015,0.0,-3.7e-05,-0.00171,-0.000178,-0.000634,0.0,-7.5e-05,-0.000104,0.0,0.0,-0.000108,-0.000106,0.0,0.0,0.0,-0.000515,0.0,-0.000281,0.0,-0.000554,-0.000994,0.0,0.0,-0.000886,0.0,0.0,0.0,-0.0,-0.000187,-0.000116,0.0,-0.000103,-0.000287,-0.001858,-0.001928,0.0,-0.001062,0.0,-0.001355,-0.000329,0.0,-0.000183,-0.001514,-0.000155,-0.000711,-0.00133,-0.00197,-0.000121,-0.000176,-9.1e-05,0.0,-9.4e-05,-0.000615,-0.000973,-0.00025
2017-06-01 07:10:00+02:00,0.0,0.0,-4.2e-05,-0.0011,-3.5e-05,0.0,-0.000303,-0.000394,-0.000474,0.0,0.0,0.0,-0.000124,-0.000113,-3.6e-05,-0.001662,0.0,0.0,0.0,-0.001484,0.0,-0.001402,-0.000707,0.0,-0.000935,-0.001955,-0.00043,0.0,-0.000231,0.0,0.0,-0.000119,0.0,-8.1e-05,-0.000101,0.0,-3e-06,-0.000694,0.0,-0.001295,-0.000127,0.0,-0.000541,0.0,-1.5e-05,-0.000555,-0.00054,-0.000634,-0.000199,0.0,0.0,-0.000139,-0.000132,-0.000123,0.0,0.0,-0.0,0.0,0.0,-0.000334,-0.000232,-0.001146,-0.001062,0.0,-5.2e-05,-0.001769,-0.000203,-0.000664,0.0,-8.7e-05,-0.000113,0.0,0.0,-0.000111,-0.000108,0.0,0.0,0.0,-0.000557,0.0,-0.000298,0.0,-0.000592,-0.001025,0.0,0.0,-0.000915,0.0,0.0,0.0,-2e-06,-0.000198,-0.00012,0.0,-0.000107,-0.000309,-0.001916,-0.001989,0.0,-0.001097,0.0,-0.001408,-0.000351,0.0,-0.000198,-0.001556,-0.000163,-0.000738,-0.001383,-0.002033,-0.000132,-0.000194,-0.000102,0.0,-0.000126,-0.000653,-0.001021,-0.000262
2017-06-01 07:11:00+02:00,0.0,0.0,-5.4e-05,-0.001131,-4.4e-05,0.0,-0.000322,-0.000412,-0.000489,0.0,0.0,0.0,-0.000126,-0.000114,-3.7e-05,-0.001699,0.0,0.0,0.0,-0.001538,0.0,-0.001454,-0.000734,0.0,-0.000958,-0.001996,-0.00045,0.0,-0.000244,0.0,0.0,-0.000124,0.0,-8.2e-05,-0.000102,0.0,-2e-06,-0.000722,0.0,-0.00132,-0.000135,0.0,-0.000573,0.0,-1.8e-05,-0.00058,-0.00056,-0.000664,-0.000207,0.0,0.0,-0.000147,-0.000135,-0.000125,0.0,0.0,-0.0,0.0,0.0,-0.000359,-0.000246,-0.001168,-0.001093,0.0,-6.5e-05,-0.001808,-0.000219,-0.000695,0.0,-9.5e-05,-0.000122,0.0,0.0,-0.000115,-0.00011,0.0,0.0,0.0,-0.000584,0.0,-0.000311,0.0,-0.000617,-0.001047,0.0,0.0,-0.000938,0.0,0.0,0.0,-3e-06,-0.000206,-0.000122,0.0,-0.000109,-0.000321,-0.001953,-0.002028,0.0,-0.00112,0.0,-0.001443,-0.000372,0.0,-0.000209,-0.001586,-0.000169,-0.000755,-0.001416,-0.002074,-0.000139,-0.000205,-0.000111,0.0,-0.000146,-0.000688,-0.001051,-0.000273
2017-06-01 07:12:00+02:00,0.0,0.0,-6.6e-05,-0.00116,-5.9e-05,0.0,-0.000346,-0.000437,-0.000512,0.0,0.0,0.0,-0.00013,-0.000118,-3.9e-05,-0.001733,0.0,0.0,0.0,-0.001586,0.0,-0.0015,-0.000774,0.0,-0.000994,-0.002033,-0.000477,0.0,-0.000256,0.0,0.0,-0.000131,0.0,-8.5e-05,-0.000105,0.0,-2e-06,-0.000761,0.0,-0.001362,-0.000145,0.0,-0.000601,0.0,-2.9e-05,-0.000602,-0.000579,-0.000691,-0.000222,0.0,0.0,-0.000156,-0.000139,-0.000128,0.0,0.0,-0.0,0.0,0.0,-0.000391,-0.00026,-0.001209,-0.001121,0.0,-7.8e-05,-0.001843,-0.00024,-0.000724,0.0,-0.000106,-0.00013,0.0,0.0,-0.000118,-0.000113,0.0,0.0,0.0,-0.000621,0.0,-0.000324,0.0,-0.000639,-0.001084,0.0,0.0,-0.000972,0.0,0.0,0.0,-5e-06,-0.000215,-0.000126,0.0,-0.000111,-0.000347,-0.001987,-0.002063,0.0,-0.001159,0.0,-0.001475,-0.000392,0.0,-0.000224,-0.001633,-0.000178,-0.000788,-0.001447,-0.002111,-0.00015,-0.000216,-0.000121,0.0,-0.000173,-0.000719,-0.001079,-0.000288
2017-06-01 07:13:00+02:00,0.0,0.0,-7.8e-05,-0.001193,-6.9e-05,0.0,-0.000365,-0.000458,-0.000536,0.0,0.0,0.0,-0.000136,-0.000123,-4.2e-05,-0.001775,0.0,0.0,0.0,-0.001638,0.0,-0.001552,-0.000806,0.0,-0.001033,-0.002079,-0.000499,0.0,-0.000269,0.0,0.0,-0.00014,0.0,-8.9e-05,-0.00011,0.0,-4e-06,-0.000792,0.0,-0.001408,-0.000155,0.0,-0.000631,0.0,-3.6e-05,-0.000628,-0.000601,-0.000721,-0.000237,0.0,0.0,-0.000166,-0.000144,-0.000134,0.0,0.0,-3e-06,0.0,0.0,-0.000417,-0.000276,-0.001252,-0.001154,0.0,-9.1e-05,-0.001886,-0.000257,-0.000754,0.0,-0.000115,-0.00014,0.0,0.0,-0.000123,-0.000118,0.0,0.0,0.0,-0.00065,0.0,-0.00034,0.0,-0.000665,-0.001125,0.0,0.0,-0.001007,0.0,0.0,0.0,-7e-06,-0.000227,-0.000132,0.0,-0.000115,-0.000374,-0.00203,-0.002108,0.0,-0.001201,0.0,-0.001513,-0.000413,0.0,-0.000237,-0.001683,-0.00019,-0.000822,-0.001484,-0.002158,-0.00016,-0.000229,-0.000131,0.0,-0.000193,-0.000753,-0.001111,-0.000304
2017-06-01 07:14:00+02:00,0.0,0.0,-8.6e-05,-0.001197,-7.6e-05,0.0,-0.00038,-0.000476,-0.000526,0.0,0.0,0.0,-0.000138,-0.000124,-4.1e-05,-0.001782,0.0,0.0,0.0,-0.001687,0.0,-0.0016,-0.000834,0.0,-0.00101,-0.002091,-0.000518,0.0,-0.000268,0.0,0.0,-0.00014,0.0,-8.8e-05,-0.00011,0.0,-3e-06,-0.000818,0.0,-0.0014,-0.000164,0.0,-0.000657,0.0,-3.9e-05,-0.00062,-0.0006,-0.00075,-0.000232,0.0,0.0,-0.000176,-0.000147,-0.000135,0.0,0.0,-2e-06,0.0,0.0,-0.000436,-0.000292,-0.001244,-0.001155,0.0,-9.9e-05,-0.001896,-0.00027,-0.000784,0.0,-0.000122,-0.000148,0.0,0.0,-0.000129,-0.000119,0.0,0.0,0.0,-0.000674,0.0,-0.00035,0.0,-0.000658,-0.001119,0.0,0.0,-0.001009,0.0,0.0,0.0,-7e-06,-0.000235,-0.000134,0.0,-0.000117,-0.000357,-0.00204,-0.002118,0.0,-0.001178,0.0,-0.001518,-0.000431,0.0,-0.000249,-0.001681,-0.000194,-0.000806,-0.001486,-0.002169,-0.000169,-0.000227,-0.000139,0.0,-0.000207,-0.000781,-0.001109,-0.00031
2017-06-01 07:15:00+02:00,0.0,0.0,-8.4e-05,-0.001195,-7.3e-05,0.0,-0.000387,-0.000485,-0.000514,0.0,0.0,0.0,-0.00014,-0.000124,-3.9e-05,-0.001785,0.0,0.0,0.0,-0.001722,0.0,-0.001635,-0.000846,0.0,-0.000983,-0.002099,-0.000528,0.0,-0.000265,0.0,0.0,-0.00014,0.0,-8.7e-05,-0.00011,0.0,-2e-06,-0.00083,0.0,-0.001387,-0.00017,0.0,-0.000671,0.0,-3.3e-05,-0.000605,-0.000596,-0.000772,-0.000225,0.0,0.0,-0.000185,-0.00015,-0.000135,0.0,0.0,-2e-06,0.0,0.0,-0.000441,-0.000305,-0.00123,-0.00115,0.0,-0.0001,-0.001901,-0.000274,-0.000806,0.0,-0.000125,-0.000155,0.0,0.0,-0.000133,-0.000119,0.0,0.0,0.0,-0.000683,0.0,-0.000358,0.0,-0.000646,-0.001109,0.0,0.0,-0.001008,0.0,0.0,0.0,-6e-06,-0.000242,-0.000135,0.0,-0.000118,-0.000335,-0.002046,-0.002125,0.0,-0.00115,0.0,-0.001518,-0.000443,0.0,-0.000257,-0.001674,-0.000199,-0.000786,-0.001482,-0.002177,-0.000176,-0.000223,-0.000145,0.0,-0.000208,-0.000798,-0.0011,-0.000316
2017-06-01 07:16:00+02:00,0.0,0.0,-6.8e-05,-0.001165,-5.8e-05,0.0,-0.000377,-0.000479,-0.000494,0.0,0.0,0.0,-0.00014,-0.000123,-3.6e-05,-0.001754,0.0,0.0,0.0,-0.001706,0.0,-0.00162,-0.000832,0.0,-0.000943,-0.002072,-0.00052,0.0,-0.000248,0.0,0.0,-0.000138,0.0,-8.4e-05,-0.000108,0.0,-2e-06,-0.000814,0.0,-0.00135,-0.00017,0.0,-0.000638,0.0,-2.6e-05,-0.000562,-0.000572,-0.000766,-0.000208,0.0,0.0,-0.000188,-0.00015,-0.000134,0.0,0.0,-1e-06,0.0,0.0,-0.000421,-0.000308,-0.001194,-0.001115,0.0,-8e-05,-0.001872,-0.000263,-0.000801,0.0,-0.00012,-0.00015,0.0,0.0,-0.000133,-0.000118,0.0,0.0,0.0,-0.000666,0.0,-0.000359,0.0,-0.000606,-0.001078,0.0,0.0,-0.000992,0.0,0.0,0.0,-5e-06,-0.000245,-0.000135,0.0,-0.000116,-0.00029,-0.00202,-0.002098,0.0,-0.001103,0.0,-0.001485,-0.000427,0.0,-0.000255,-0.001644,-0.0002,-0.000743,-0.001446,-0.00215,-0.000176,-0.000206,-0.000133,0.0,-0.000184,-0.000764,-0.00106,-0.000316
2017-06-01 07:17:00+02:00,0.0,0.0,-5.4e-05,-0.001159,-4.6e-05,0.0,-0.000369,-0.000474,-0.000483,0.0,0.0,0.0,-0.000141,-0.000122,-3.4e-05,-0.00175,0.0,0.0,0.0,-0.001688,0.0,-0.001603,-0.000819,0.0,-0.000917,-0.002071,-0.000513,0.0,-0.000242,0.0,0.0,-0.000137,0.0,-8.2e-05,-0.000108,0.0,-1e-06,-0.000801,0.0,-0.00133,-0.00017,0.0,-0.000607,0.0,-2.1e-05,-0.000542,-0.000564,-0.00076,-0.000198,0.0,0.0,-0.00019,-0.000152,-0.000134,0.0,0.0,-1e-06,0.0,0.0,-0.000404,-0.000309,-0.001174,-0.001105,0.0,-6.4e-05,-0.001868,-0.000253,-0.000795,0.0,-0.000116,-0.000146,0.0,0.0,-0.000132,-0.000117,0.0,0.0,0.0,-0.000651,0.0,-0.000366,0.0,-0.000589,-0.001061,0.0,0.0,-0.000986,0.0,0.0,0.0,-4e-06,-0.000251,-0.000136,0.0,-0.000116,-0.00026,-0.002017,-0.002095,0.0,-0.001072,0.0,-0.001478,-0.000411,0.0,-0.000255,-0.001631,-0.000204,-0.000715,-0.001436,-0.002149,-0.000176,-0.000199,-0.000123,0.0,-0.000164,-0.00073,-0.001047,-0.000319
2017-06-01 07:18:00+02:00,0.0,0.0,-4.3e-05,-0.001142,-3.7e-05,0.0,-0.000363,-0.00047,-0.000473,0.0,0.0,0.0,-0.000143,-0.000123,-3.3e-05,-0.001726,0.0,0.0,0.0,-0.00166,0.0,-0.001578,-0.00081,0.0,-0.000895,-0.002046,-0.000507,0.0,-0.000236,0.0,0.0,-0.000138,0.0,-8.2e-05,-0.000108,0.0,-1e-06,-0.00079,0.0,-0.001308,-0.000172,0.0,-0.000582,0.0,-1.7e-05,-0.000524,-0.000553,-0.000749,-0.000192,0.0,0.0,-0.000193,-0.000154,-0.000135,0.0,0.0,-1e-06,0.0,0.0,-0.000395,-0.00031,-0.001154,-0.001087,0.0,-5.1e-05,-0.001844,-0.000247,-0.000784,0.0,-0.000115,-0.000143,0.0,0.0,-0.000132,-0.000118,0.0,0.0,0.0,-0.00064,0.0,-0.000369,0.0,-0.000572,-0.001045,0.0,0.0,-0.000975,0.0,0.0,0.0,-3e-06,-0.000256,-0.000138,0.0,-0.000116,-0.000244,-0.001991,-0.002069,0.0,-0.001046,0.0,-0.001457,-0.000399,0.0,-0.000254,-0.001609,-0.000207,-0.000696,-0.001413,-0.002122,-0.000177,-0.000193,-0.000116,0.0,-0.000155,-0.000703,-0.001027,-0.000322
2017-06-01 07:19:00+02:00,0.0,0.0,-3.5e-05,-0.001057,-3e-05,0.0,-0.000308,-0.000422,-0.000423,0.0,0.0,0.0,-0.000134,-0.000113,-2.6e-05,-0.001623,0.0,0.0,0.0,-0.00156,0.0,-0.001483,-0.000725,0.0,-0.000799,-0.001941,-0.000451,0.0,-0.000198,0.0,0.0,-0.000124,0.0,-7.2e-05,-9.9e-05,0.0,-1e-06,-0.000701,0.0,-0.001195,-0.000154,0.0,-0.000493,0.0,-1.4e-05,-0.000434,-0.000494,-0.0007,-0.000153,0.0,0.0,-0.000183,-0.000147,-0.000125,0.0,0.0,-1e-06,0.0,0.0,-0.000316,-0.000294,-0.001047,-0.000998,0.0,-4.1e-05,-0.001741,-0.000198,-0.000735,0.0,-9.2e-05,-0.000124,0.0,0.0,-0.000124,-0.000108,0.0,0.0,0.0,-0.000552,0.0,-0.000352,0.0,-0.000487,-0.000949,0.0,0.0,-0.000903,0.0,0.0,0.0,-2e-06,-0.000247,-0.000129,0.0,-0.000108,-0.000195,-0.001889,-0.001964,0.0,-0.000931,0.0,-0.00136,-0.000348,0.0,-0.000227,-0.001491,-0.000195,-0.000593,-0.001313,-0.002015,-0.00016,-0.000155,-9.2e-05,0.0,-0.000124,-0.000607,-0.000932,-0.000301
2017-06-01 07:20:00+02:00,0.0,0.0,-2.8e-05,-0.001068,-2.4e-05,0.0,-0.000319,-0.000436,-0.000419,0.0,0.0,0.0,-0.000133,-0.000111,-2.5e-05,-0.001637,0.0,0.0,0.0,-0.001568,0.0,-0.001491,-0.000743,0.0,-0.000785,-0.001958,-0.000465,0.0,-0.000202,0.0,0.0,-0.000124,0.0,-7.1e-05,-9.7e-05,0.0,-1e-06,-0.000718,0.0,-0.001183,-0.000161,0.0,-0.000488,0.0,-1.1e-05,-0.000436,-0.000501,-0.000708,-0.000149,0.0,0.0,-0.000187,-0.000149,-0.000123,0.0,0.0,-1e-06,0.0,0.0,-0.000327,-0.000301,-0.001036,-0.001007,0.0,-3.3e-05,-0.001756,-0.000206,-0.000744,0.0,-9.6e-05,-0.000125,0.0,0.0,-0.000124,-0.000106,0.0,0.0,0.0,-0.000567,0.0,-0.000362,0.0,-0.00049,-0.00094,0.0,0.0,-0.0009,0.0,0.0,0.0,-2e-06,-0.000254,-0.000129,0.0,-0.000108,-0.000173,-0.001905,-0.00198,0.0,-0.000913,0.0,-0.001372,-0.000348,0.0,-0.000237,-0.001477,-0.000197,-0.00058,-0.001323,-0.002033,-0.000167,-0.000158,-8.9e-05,0.0,-0.000122,-0.000602,-0.000939,-0.000304
2017-06-01 07:21:00+02:00,0.0,0.0,-2.2e-05,-0.001101,-2.9e-05,0.0,-0.00034,-0.000457,-0.00043,0.0,0.0,0.0,-0.000138,-0.000113,-2.6e-05,-0.001679,0.0,0.0,0.0,-0.001601,0.0,-0.001524,-0.000775,0.0,-0.0008,-0.002004,-0.000488,0.0,-0.000216,0.0,0.0,-0.00013,0.0,-7.2e-05,-9.8e-05,0.0,-1e-06,-0.000749,0.0,-0.001206,-0.000172,0.0,-0.000505,0.0,-9e-06,-0.000461,-0.000523,-0.000731,-0.000156,0.0,0.0,-0.000196,-0.000155,-0.000125,0.0,0.0,-0.0,0.0,0.0,-0.000353,-0.000314,-0.001057,-0.00104,0.0,-2.6e-05,-0.0018,-0.000224,-0.000767,0.0,-0.000106,-0.000132,0.0,0.0,-0.000126,-0.000108,0.0,0.0,0.0,-0.000597,0.0,-0.000379,0.0,-0.000515,-0.000961,0.0,0.0,-0.000923,0.0,0.0,0.0,-1e-06,-0.000266,-0.000133,0.0,-0.000111,-0.000176,-0.001946,-0.002024,0.0,-0.000929,0.0,-0.00141,-0.000362,0.0,-0.000251,-0.001507,-0.000206,-0.000593,-0.001359,-0.002079,-0.000178,-0.000171,-9.5e-05,0.0,-0.000138,-0.000621,-0.000971,-0.000317
2017-06-01 07:22:00+02:00,0.0,0.0,-1.8e-05,-0.00113,-2.8e-05,0.0,-0.000354,-0.000472,-0.000446,0.0,0.0,0.0,-0.000142,-0.000114,-2.7e-05,-0.001716,0.0,0.0,0.0,-0.001624,0.0,-0.001547,-0.000795,0.0,-0.000823,-0.002044,-0.000504,0.0,-0.000228,0.0,0.0,-0.000137,0.0,-7.3e-05,-0.0001,0.0,-0.0,-0.000768,0.0,-0.001236,-0.00018,0.0,-0.000517,0.0,-7e-06,-0.000483,-0.000543,-0.000748,-0.000166,0.0,0.0,-0.000203,-0.000159,-0.000126,0.0,0.0,-0.0,0.0,0.0,-0.000368,-0.000325,-0.001086,-0.001068,0.0,-2.1e-05,-0.001838,-0.000235,-0.000785,0.0,-0.000113,-0.000137,0.0,0.0,-0.000126,-0.000109,0.0,0.0,0.0,-0.000615,0.0,-0.000394,0.0,-0.000537,-0.000988,0.0,0.0,-0.000951,0.0,0.0,0.0,-1e-06,-0.000277,-0.000137,0.0,-0.000112,-0.000189,-0.001983,-0.002062,0.0,-0.000955,0.0,-0.001443,-0.000372,0.0,-0.000261,-0.001543,-0.000215,-0.000615,-0.001391,-0.002119,-0.000186,-0.000182,-9.8e-05,0.0,-0.000144,-0.000634,-0.000999,-0.00033
2017-06-01 07:23:00+02:00,0.0,0.0,-1.4e-05,-0.001157,-3.2e-05,0.0,-0.000369,-0.000489,-0.00046,0.0,0.0,0.0,-0.000145,-0.000115,-2.7e-05,-0.001748,0.0,0.0,0.0,-0.001642,0.0,-0.001566,-0.000819,0.0,-0.000842,-0.002078,-0.000522,0.0,-0.00024,0.0,0.0,-0.000142,0.0,-7.3e-05,-0.0001,0.0,-0.0,-0.00079,0.0,-0.001258,-0.000188,0.0,-0.00053,0.0,-6e-06,-0.000505,-0.000562,-0.000764,-0.000175,0.0,0.0,-0.00021,-0.000163,-0.000127,0.0,0.0,-0.0,0.0,0.0,-0.000387,-0.000334,-0.001107,-0.001095,0.0,-1.7e-05,-0.001871,-0.000249,-0.000801,0.0,-0.00012,-0.000143,0.0,0.0,-0.000126,-0.000109,0.0,0.0,0.0,-0.000636,0.0,-0.000408,0.0,-0.000559,-0.001008,0.0,0.0,-0.000972,0.0,0.0,0.0,-1e-06,-0.000287,-0.00014,0.0,-0.000113,-0.000198,-0.002012,-0.002093,0.0,-0.000976,0.0,-0.001473,-0.000383,0.0,-0.000272,-0.001569,-0.000223,-0.000632,-0.001419,-0.002152,-0.000195,-0.000194,-0.000103,0.0,-0.000156,-0.000649,-0.001025,-0.000342
2017-06-01 07:24:00+02:00,0.0,0.0,-1.1e-05,-0.001163,-2.6e-05,0.0,-0.000372,-0.000495,-0.00046,0.0,0.0,0.0,-0.000145,-0.000112,-2.6e-05,-0.001756,0.0,0.0,0.0,-0.001636,0.0,-0.001561,-0.000823,0.0,-0.000836,-0.002086,-0.000526,0.0,-0.000243,0.0,0.0,-0.000143,0.0,-7.2e-05,-9.8e-05,0.0,-0.0,-0.000793,0.0,-0.001247,-0.000192,0.0,-0.000524,0.0,-4e-06,-0.000506,-0.000566,-0.000766,-0.000171,0.0,0.0,-0.000212,-0.000165,-0.000124,0.0,0.0,-0.0,0.0,0.0,-0.000387,-0.000338,-0.001096,-0.0011,0.0,-1.3e-05,-0.001879,-0.00025,-0.000803,0.0,-0.000121,-0.000144,0.0,0.0,-0.000124,-0.000107,0.0,0.0,0.0,-0.000638,0.0,-0.000416,0.0,-0.000561,-0.000999,0.0,0.0,-0.000971,0.0,0.0,0.0,-1e-06,-0.000293,-0.00014,0.0,-0.000112,-0.000183,-0.002018,-0.002099,0.0,-0.000966,0.0,-0.00148,-0.000382,0.0,-0.000277,-0.001561,-0.000225,-0.000621,-0.001424,-0.00216,-0.000199,-0.000196,-0.000101,0.0,-0.00015,-0.000642,-0.001029,-0.000345
2017-06-01 07:25:00+02:00,0.0,0.0,-1.4e-05,-0.001195,-4.5e-05,0.0,-0.000397,-0.00052,-0.000479,0.0,0.0,0.0,-0.000151,-0.000114,-2.8e-05,-0.001792,0.0,0.0,0.0,-0.001669,0.0,-0.001595,-0.00086,0.0,-0.000865,-0.002123,-0.000554,0.0,-0.000259,0.0,0.0,-0.000151,0.0,-7.4e-05,-0.0001,0.0,-0.0,-0.000829,0.0,-0.001281,-0.000205,0.0,-0.000558,0.0,-1.7e-05,-0.000537,-0.00059,-0.00079,-0.000186,0.0,0.0,-0.000222,-0.00017,-0.000126,0.0,0.0,-0.0,0.0,0.0,-0.00042,-0.000352,-0.00113,-0.001133,0.0,-2.2e-05,-0.001916,-0.000273,-0.000828,0.0,-0.000135,-0.000155,0.0,0.0,-0.000125,-0.000109,0.0,0.0,0.0,-0.000674,0.0,-0.000432,0.0,-0.00059,-0.001031,0.0,0.0,-0.001,0.0,0.0,0.0,-4e-06,-0.000304,-0.000146,0.0,-0.000113,-0.000207,-0.002051,-0.002134,0.0,-0.000998,0.0,-0.001515,-0.000405,0.0,-0.000294,-0.001599,-0.000236,-0.00065,-0.001458,-0.002197,-0.000211,-0.000212,-0.000115,0.0,-0.000178,-0.000678,-0.001062,-0.00036
2017-06-01 07:26:00+02:00,0.0,0.0,-2.7e-05,-0.001231,-6.7e-05,0.0,-0.000425,-0.000547,-0.000505,0.0,0.0,0.0,-0.000158,-0.000117,-3e-05,-0.001835,0.0,0.0,0.0,-0.001711,0.0,-0.001636,-0.0009,0.0,-0.000904,-0.002168,-0.000584,0.0,-0.000277,0.0,0.0,-0.000162,0.0,-7.6e-05,-0.000102,0.0,-0.0,-0.000868,0.0,-0.001332,-0.000218,0.0,-0.000597,0.0,-3.4e-05,-0.000569,-0.000617,-0.000817,-0.000206,0.0,0.0,-0.000232,-0.000176,-0.000129,0.0,0.0,-0.0,0.0,0.0,-0.000456,-0.000368,-0.001178,-0.001169,0.0,-3.9e-05,-0.001959,-0.000298,-0.000857,0.0,-0.000149,-0.000168,0.0,0.0,-0.000127,-0.000112,0.0,0.0,0.0,-0.000712,0.0,-0.00045,0.0,-0.000622,-0.001076,0.0,0.0,-0.001041,0.0,0.0,0.0,-8e-06,-0.000317,-0.000153,0.0,-0.000115,-0.000241,-0.002091,-0.002176,0.0,-0.001043,0.0,-0.001555,-0.000431,0.0,-0.000312,-0.001654,-0.000249,-0.00069,-0.001497,-0.002242,-0.000225,-0.000229,-0.00013,0.0,-0.000209,-0.000719,-0.001099,-0.000379
2017-06-01 07:27:00+02:00,0.0,0.0,-5.3e-05,-0.001284,-0.000101,0.0,-0.000465,-0.000588,-0.000539,0.0,0.0,0.0,-0.000167,-0.000121,-3.4e-05,-0.001897,0.0,0.0,0.0,-0.001774,0.0,-0.001699,-0.00096,0.0,-0.000957,-0.002234,-0.000628,0.0,-0.000302,0.0,0.0,-0.000175,0.0,-8e-05,-0.000106,0.0,-0.0,-0.000928,0.0,-0.001397,-0.000238,0.0,-0.00065,0.0,-6.3e-05,-0.000616,-0.000654,-0.000855,-0.000231,0.0,0.0,-0.000247,-0.000185,-0.000133,0.0,0.0,-6e-06,0.0,0.0,-0.000508,-0.00039,-0.00124,-0.001222,0.0,-6.6e-05,-0.002023,-0.000335,-0.000898,0.0,-0.00017,-0.000185,0.0,0.0,-0.000131,-0.000116,0.0,0.0,0.0,-0.00077,0.0,-0.000473,0.0,-0.000668,-0.001134,0.0,0.0,-0.001093,0.0,0.0,0.0,-1.7e-05,-0.000334,-0.000162,0.0,-0.000118,-0.000286,-0.002151,-0.002239,0.0,-0.001103,0.0,-0.001613,-0.000467,0.0,-0.000339,-0.001726,-0.000266,-0.000743,-0.001554,-0.002307,-0.000245,-0.000253,-0.000151,0.0,-0.000255,-0.000775,-0.001152,-0.000404
2017-06-01 07:28:00+02:00,0.0,0.0,-7.9e-05,-0.001333,-0.000131,0.0,-0.0005,-0.000623,-0.000573,0.0,0.0,0.0,-0.000175,-0.000124,-3.7e-05,-0.001956,0.0,0.0,0.0,-0.00184,0.0,-0.001764,-0.001013,0.0,-0.001009,-0.002296,-0.000667,0.0,-0.000326,0.0,0.0,-0.000188,0.0,-8.3e-05,-0.000109,0.0,-0.0,-0.00098,0.0,-0.001458,-0.000256,0.0,-0.0007,0.0,-8.9e-05,-0.000659,-0.00069,-0.000897,-0.000256,0.0,0.0,-0.000262,-0.000193,-0.000136,0.0,0.0,-1.4e-05,0.0,0.0,-0.000554,-0.000413,-0.001299,-0.001272,0.0,-9.3e-05,-0.002083,-0.000367,-0.000941,0.0,-0.000188,-0.000202,0.0,0.0,-0.000134,-0.000119,0.0,0.0,0.0,-0.00082,0.0,-0.000496,0.0,-0.00071,-0.001189,0.0,0.0,-0.001141,0.0,0.0,0.0,-2.5e-05,-0.00035,-0.00017,0.0,-0.000121,-0.000328,-0.002209,-0.002299,0.0,-0.001161,0.0,-0.001669,-0.000501,0.0,-0.000363,-0.00179,-0.000281,-0.000793,-0.001608,-0.00237,-0.000263,-0.000275,-0.00017,0.0,-0.000295,-0.000829,-0.001202,-0.000426
2017-06-01 07:29:00+02:00,0.0,0.0,-0.000116,-0.001403,-0.000167,0.0,-0.00054,-0.000662,-0.000632,-6e-06,0.0,0.0,-0.000189,-0.000132,-4.2e-05,-0.002038,0.0,0.0,0.0,-0.00193,0.0,-0.001852,-0.00107,0.0,-0.001103,-0.002382,-0.00071,0.0,-0.00036,0.0,0.0,-0.00021,0.0,-9.1e-05,-0.000116,0.0,-2.9e-05,-0.001037,0.0,-0.001556,-0.000276,0.0,-0.000762,0.0,-0.000122,-0.000722,-0.00074,-0.000953,-0.000296,0.0,0.0,-0.000283,-0.000205,-0.000144,0.0,0.0,-3.6e-05,0.0,0.0,-0.000605,-0.000443,-0.001394,-0.001342,0.0,-0.000129,-0.002167,-0.000403,-0.000998,0.0,-0.000209,-0.000223,0.0,0.0,-0.000141,-0.000126,0.0,-1.6e-05,0.0,-0.000875,0.0,-0.000526,0.0,-0.000772,-0.001277,-1e-05,-2e-06,-0.001215,0.0,0.0,0.0,-3.5e-05,-0.000372,-0.000184,0.0,-0.000126,-0.0004,-0.002288,-0.002382,0.0,-0.001263,0.0,-0.001746,-0.000544,0.0,-0.000389,-0.001892,-0.000304,-0.000877,-0.001684,-0.002457,-0.000283,-0.000308,-0.000194,0.0,-0.000342,-0.000896,-0.001274,-0.00046
2017-06-01 07:30:00+02:00,0.0,0.0,-0.000147,-0.001462,-0.000193,0.0,-0.000568,-0.00069,-0.000686,-1.2e-05,0.0,0.0,-0.000204,-0.00014,-4.8e-05,-0.002107,0.0,0.0,0.0,-0.002006,0.0,-0.001927,-0.00111,0.0,-0.001187,-0.002455,-0.000741,0.0,-0.000388,0.0,0.0,-0.000231,0.0,-9.8e-05,-0.000123,0.0,-5.7e-05,-0.001077,0.0,-0.001645,-0.000291,0.0,-0.000814,0.0,-0.000145,-0.000775,-0.000782,-0.001001,-0.000333,0.0,0.0,-0.000302,-0.000217,-0.000152,0.0,0.0,-5.5e-05,0.0,0.0,-0.000643,-0.00047,-0.001481,-0.001402,0.0,-0.000159,-0.002237,-0.00043,-0.001046,0.0,-0.000225,-0.000242,0.0,0.0,-0.000147,-0.000133,0.0,-2.9e-05,0.0,-0.000915,0.0,-0.000554,0.0,-0.000824,-0.001358,-1.7e-05,-4e-06,-0.001283,0.0,0.0,0.0,-4.3e-05,-0.000392,-0.000198,0.0,-0.000131,-0.000464,-0.002356,-0.002453,0.0,-0.001354,0.0,-0.001811,-0.00058,0.0,-0.000409,-0.001986,-0.000327,-0.000952,-0.001748,-0.002531,-0.000299,-0.000335,-0.000213,0.0,-0.000376,-0.000952,-0.001334,-0.000493
2017-06-01 07:31:00+02:00,0.0,0.0,-0.000175,-0.001509,-0.000205,0.0,-0.000589,-0.000714,-0.000737,-1e-05,0.0,0.0,-0.000216,-0.000145,-5.1e-05,-0.002165,0.0,0.0,0.0,-0.002095,0.0,-0.002015,-0.001142,0.0,-0.001264,-0.002519,-0.000767,0.0,-0.000409,0.0,0.0,-0.00025,0.0,-0.000103,-0.000128,0.0,-6.9e-05,-0.001108,0.0,-0.001724,-0.000305,0.0,-0.000868,0.0,-0.000154,-0.000809,-0.000814,-0.001057,-0.000363,0.0,0.0,-0.000323,-0.000227,-0.000158,0.0,0.0,-7.2e-05,0.0,0.0,-0.000667,-0.000502,-0.001557,-0.001448,0.0,-0.000187,-0.002297,-0.000448,-0.001104,0.0,-0.000237,-0.000262,0.0,0.0,-0.000153,-0.000138,0.0,-2.5e-05,0.0,-0.000943,0.0,-0.000579,0.0,-0.000859,-0.001429,-1.3e-05,-7e-06,-0.001347,0.0,0.0,0.0,-4.6e-05,-0.000412,-0.00021,0.0,-0.000134,-0.00051,-0.002415,-0.002515,0.0,-0.001433,0.0,-0.001865,-0.000621,0.0,-0.000427,-0.002072,-0.000349,-0.001013,-0.001799,-0.002595,-0.000312,-0.000354,-0.000233,0.0,-0.000393,-0.001011,-0.001378,-0.000524
2017-06-01 07:32:00+02:00,0.0,0.0,-0.000259,-0.001636,-0.000274,0.0,-0.000665,-0.000789,-0.000835,-3.4e-05,0.0,0.0,-0.00024,-0.000158,-5.9e-05,-0.002318,-4.7e-05,0.0,0.0,-0.002268,0.0,-0.002185,-0.001253,0.0,-0.001417,-0.002685,-0.00085,0.0,-0.000468,-1.1e-05,0.0,-0.000285,0.0,-0.000115,-0.000138,0.0,-0.000144,-0.001218,0.0,-0.001893,-0.000342,0.0,-0.000987,0.0,-0.00022,-0.000919,-0.000903,-0.001164,-0.000431,0.0,0.0,-0.00036,-0.000247,-0.000171,0.0,0.0,-0.000145,0.0,0.0,-0.000765,-0.000557,-0.001718,-0.001576,0.0,-0.000264,-0.002455,-0.000518,-0.001213,0.0,-0.000278,-0.000302,-6e-06,0.0,-0.000165,-0.000148,0.0,-8.1e-05,0.0,-0.001049,0.0,-0.000632,0.0,-0.000967,-0.001579,-6.1e-05,-7e-05,-0.001478,0.0,0.0,0.0,-6.8e-05,-0.000449,-0.000233,0.0,-0.000142,-0.000627,-0.00257,-0.002675,0.0,-0.0016,0.0,-0.002008,-0.000704,0.0,-0.000477,-0.002254,-0.000389,-0.001151,-0.001939,-0.002762,-0.00035,-0.00041,-0.00028,0.0,-0.000481,-0.00114,-0.001507,-0.000583
2017-06-01 07:33:00+02:00,0.0,0.0,-0.000324,-0.001727,-0.000316,0.0,-0.000716,-0.000841,-0.000905,-4.9e-05,0.0,0.0,-0.000258,-0.000167,-6.5e-05,-0.00243,-7.9e-05,0.0,0.0,-0.002408,0.0,-0.002322,-0.001328,0.0,-0.001524,-0.002805,-0.000906,0.0,-0.00051,-1.8e-05,0.0,-0.000312,0.0,-0.000123,-0.000145,0.0,-0.000187,-0.001291,0.0,-0.002011,-0.000369,0.0,-0.001083,0.0,-0.00026,-0.000994,-0.000967,-0.001251,-0.000477,0.0,0.0,-0.000392,-0.000264,-0.00018,0.0,0.0,-0.000199,0.0,0.0,-0.000828,-0.000603,-0.001831,-0.001667,0.0,-0.000325,-0.00257,-0.000564,-0.001302,0.0,-0.000305,-0.000335,-9e-06,0.0,-0.000175,-0.000155,0.0,-0.000115,0.0,-0.001119,0.0,-0.000673,0.0,-0.001042,-0.001684,-8.7e-05,-0.000116,-0.001572,0.0,0.0,0.0,-8.2e-05,-0.000479,-0.000251,0.0,-0.000148,-0.000704,-0.002682,-0.002792,0.0,-0.001715,0.0,-0.002111,-0.000771,0.0,-0.000512,-0.002383,-0.00042,-0.001244,-0.002039,-0.002884,-0.000377,-0.00045,-0.000319,0.0,-0.000536,-0.001243,-0.001597,-0.000627
2017-06-01 07:34:00+02:00,0.0,0.0,-0.00035,-0.00176,-0.000315,0.0,-0.000724,-0.000855,-0.000942,-4.7e-05,0.0,0.0,-0.000268,-0.00017,-6.6e-05,-0.002471,-7.9e-05,0.0,0.0,-0.00249,0.0,-0.002403,-0.001343,0.0,-0.001577,-0.002852,-0.000919,0.0,-0.000525,-1.5e-05,0.0,-0.000327,0.0,-0.000126,-0.000147,0.0,-0.000187,-0.001303,0.0,-0.00206,-0.000377,0.0,-0.001133,0.0,-0.000256,-0.001015,-0.00099,-0.001305,-0.000495,0.0,0.0,-0.000413,-0.000272,-0.000184,0.0,0.0,-0.000216,0.0,0.0,-0.000834,-0.000634,-0.001878,-0.001699,0.0,-0.000349,-0.002613,-0.00057,-0.001357,0.0,-0.00031,-0.000355,-7e-06,0.0,-0.000181,-0.000157,0.0,-0.00011,0.0,-0.001128,0.0,-0.000694,0.0,-0.001065,-0.001729,-7.4e-05,-0.000124,-0.001617,0.0,0.0,0.0,-8.1e-05,-0.000496,-0.000261,0.0,-0.000148,-0.000726,-0.002725,-0.002837,0.0,-0.001765,0.0,-0.002148,-0.000809,0.0,-0.000522,-0.002439,-0.000437,-0.001278,-0.002074,-0.002932,-0.000386,-0.000463,-0.00034,0.0,-0.000536,-0.001297,-0.001627,-0.000651
2017-06-01 07:35:00+02:00,0.0,0.0,-0.00037,-0.001783,-0.000308,0.0,-0.000726,-0.000863,-0.000979,-4.4e-05,0.0,0.0,-0.000279,-0.000173,-6.7e-05,-0.002497,-7.7e-05,0.0,0.0,-0.002558,0.0,-0.00247,-0.001348,0.0,-0.001627,-0.002885,-0.000924,0.0,-0.000536,-1.2e-05,0.0,-0.000342,0.0,-0.000129,-0.000148,0.0,-0.000189,-0.001305,0.0,-0.002111,-0.000383,0.0,-0.001175,0.0,-0.000248,-0.001027,-0.001007,-0.001352,-0.000513,0.0,0.0,-0.000432,-0.000279,-0.000187,0.0,0.0,-0.000228,0.0,0.0,-0.000831,-0.000662,-0.001927,-0.001721,0.0,-0.000369,-0.002642,-0.000571,-0.001405,0.0,-0.000312,-0.000372,-6e-06,0.0,-0.000185,-0.000158,0.0,-0.000102,0.0,-0.001127,0.0,-0.000712,0.0,-0.001079,-0.001775,-5.9e-05,-0.000129,-0.001665,0.0,0.0,0.0,-7.8e-05,-0.00051,-0.000271,0.0,-0.000148,-0.000748,-0.002754,-0.002868,0.0,-0.001815,0.0,-0.002174,-0.000842,0.0,-0.000529,-0.002499,-0.000455,-0.001313,-0.002098,-0.002965,-0.000392,-0.000472,-0.000358,0.0,-0.000529,-0.001342,-0.001647,-0.000677
2017-06-01 07:36:00+02:00,0.0,0.0,-0.000387,-0.001808,-0.000299,0.0,-0.000723,-0.000866,-0.001013,-4e-05,0.0,0.0,-0.000292,-0.00018,-6.8e-05,-0.002528,-7.5e-05,0.0,0.0,-0.002625,0.0,-0.002537,-0.001348,0.0,-0.001675,-0.002922,-0.000925,0.0,-0.000546,-9e-06,0.0,-0.000358,0.0,-0.000134,-0.000151,0.0,-0.000191,-0.0013,0.0,-0.002162,-0.000387,0.0,-0.001214,0.0,-0.000238,-0.001039,-0.001023,-0.001398,-0.000531,0.0,0.0,-0.000454,-0.000289,-0.000194,0.0,0.0,-0.000239,0.0,0.0,-0.000825,-0.000691,-0.001974,-0.001743,0.0,-0.000387,-0.002674,-0.000569,-0.001452,0.0,-0.000312,-0.00039,-5e-06,0.0,-0.000192,-0.000162,0.0,-9.2e-05,0.0,-0.00112,0.0,-0.000732,0.0,-0.001092,-0.001821,-4.7e-05,-0.000133,-0.001712,0.0,0.0,0.0,-7.5e-05,-0.000527,-0.000285,0.0,-0.000149,-0.000769,-0.002788,-0.002903,0.0,-0.00186,0.0,-0.002201,-0.000874,0.0,-0.000532,-0.002559,-0.000476,-0.001346,-0.002123,-0.003002,-0.000397,-0.000481,-0.000376,0.0,-0.00052,-0.001385,-0.001668,-0.000704
2017-06-01 07:37:00+02:00,0.0,0.0,-0.000405,-0.001828,-0.000291,0.0,-0.000721,-0.000869,-0.001045,-3.7e-05,0.0,0.0,-0.000307,-0.000188,-7.1e-05,-0.002552,-7.7e-05,0.0,0.0,-0.002689,0.0,-0.002601,-0.001348,0.0,-0.001719,-0.00295,-0.000924,0.0,-0.000554,-8e-06,0.0,-0.000375,0.0,-0.00014,-0.000156,0.0,-0.000195,-0.001295,0.0,-0.002208,-0.000392,0.0,-0.001251,0.0,-0.000229,-0.001048,-0.001036,-0.00144,-0.000547,0.0,0.0,-0.000476,-0.0003,-0.000202,0.0,0.0,-0.000251,0.0,0.0,-0.00082,-0.00072,-0.002018,-0.001762,0.0,-0.000405,-0.0027,-0.000567,-0.001496,0.0,-0.000312,-0.000408,-4e-06,0.0,-0.000201,-0.000167,0.0,-8.5e-05,0.0,-0.001114,0.0,-0.00075,0.0,-0.001104,-0.001863,-3.8e-05,-0.00014,-0.001753,0.0,0.0,0.0,-7.3e-05,-0.000545,-0.000299,0.0,-0.000152,-0.000789,-0.002813,-0.00293,0.0,-0.001903,0.0,-0.002223,-0.000902,0.0,-0.000536,-0.002613,-0.000498,-0.001377,-0.002142,-0.00303,-0.000402,-0.000488,-0.000393,0.0,-0.000511,-0.001425,-0.001684,-0.000731
2017-06-01 07:38:00+02:00,0.0,0.0,-0.000414,-0.001839,-0.000282,0.0,-0.000717,-0.00087,-0.001072,-3.4e-05,0.0,0.0,-0.00032,-0.000194,-7.3e-05,-0.002563,-7.4e-05,0.0,0.0,-0.00273,0.0,-0.002642,-0.001344,0.0,-0.001754,-0.002965,-0.000922,0.0,-0.00056,-6e-06,0.0,-0.00039,0.0,-0.000145,-0.000159,0.0,-0.000197,-0.001288,0.0,-0.00224,-0.000396,0.0,-0.001275,0.0,-0.000219,-0.001052,-0.001043,-0.00147,-0.00056,0.0,0.0,-0.000494,-0.00031,-0.00021,0.0,0.0,-0.000256,0.0,0.0,-0.00081,-0.000742,-0.002049,-0.001771,0.0,-0.000415,-0.002712,-0.000562,-0.001527,0.0,-0.000312,-0.000421,-3e-06,0.0,-0.000209,-0.00017,0.0,-7.7e-05,0.0,-0.001106,0.0,-0.000765,0.0,-0.001109,-0.001895,-3e-05,-0.000141,-0.001785,0.0,0.0,0.0,-7e-05,-0.000559,-0.000312,0.0,-0.000153,-0.000803,-0.002825,-0.002943,0.0,-0.001935,0.0,-0.002234,-0.000922,0.0,-0.000539,-0.002652,-0.000516,-0.001398,-0.002151,-0.003045,-0.000406,-0.000493,-0.000405,0.0,-0.0005,-0.00145,-0.001692,-0.000753
2017-06-01 07:39:00+02:00,0.0,0.0,-0.000428,-0.001868,-0.000292,0.0,-0.000734,-0.000893,-0.001108,-3.6e-05,0.0,0.0,-0.000337,-0.000204,-7.6e-05,-0.002595,-7.6e-05,0.0,0.0,-0.002779,0.0,-0.002691,-0.001374,0.0,-0.001804,-0.003,-0.000944,0.0,-0.000574,-5e-06,0.0,-0.000409,0.0,-0.000153,-0.000165,0.0,-0.000207,-0.001313,0.0,-0.00229,-0.000411,0.0,-0.001304,0.0,-0.000228,-0.001071,-0.001063,-0.001504,-0.00058,0.0,0.0,-0.000515,-0.000323,-0.00022,0.0,0.0,-0.000266,0.0,0.0,-0.000828,-0.000768,-0.002096,-0.001798,0.0,-0.000429,-0.002745,-0.000576,-0.001562,0.0,-0.000322,-0.000437,-2e-06,0.0,-0.000218,-0.000176,0.0,-8.1e-05,0.0,-0.001128,0.0,-0.000787,0.0,-0.001129,-0.00194,-3e-05,-0.000147,-0.001829,0.0,0.0,0.0,-7.4e-05,-0.000579,-0.000329,0.0,-0.000157,-0.000828,-0.002858,-0.002977,0.0,-0.001982,0.0,-0.002265,-0.000946,0.0,-0.000556,-0.00271,-0.00054,-0.001433,-0.002179,-0.003081,-0.000422,-0.000505,-0.00042,0.0,-0.000513,-0.001482,-0.001717,-0.000782
2017-06-01 07:40:00+02:00,0.0,0.0,-0.000448,-0.001915,-0.000314,0.0,-0.000764,-0.000931,-0.001151,-4.2e-05,0.0,0.0,-0.000356,-0.000214,-7.9e-05,-0.002652,-8.4e-05,0.0,0.0,-0.002843,0.0,-0.002755,-0.001425,0.0,-0.001865,-0.003063,-0.000981,0.0,-0.000596,-5e-06,0.0,-0.000431,0.0,-0.000161,-0.00017,0.0,-0.000225,-0.001358,0.0,-0.002353,-0.000432,0.0,-0.001343,0.0,-0.000248,-0.001104,-0.001095,-0.001548,-0.000605,0.0,0.0,-0.000539,-0.00034,-0.000231,0.0,0.0,-0.000281,0.0,0.0,-0.000861,-0.000799,-0.002157,-0.001844,0.0,-0.000449,-0.002804,-0.000602,-0.001608,0.0,-0.00034,-0.000456,-2e-06,0.0,-0.000228,-0.000182,0.0,-9.4e-05,0.0,-0.001168,0.0,-0.000817,0.0,-0.001164,-0.001999,-4e-05,-0.000158,-0.001887,0.0,0.0,0.0,-8.2e-05,-0.000605,-0.000347,0.0,-0.000162,-0.000862,-0.002914,-0.003036,0.0,-0.002042,0.0,-0.002317,-0.000977,0.0,-0.000582,-0.002785,-0.000567,-0.001478,-0.002229,-0.003143,-0.000445,-0.000526,-0.000438,0.0,-0.000541,-0.001523,-0.001761,-0.000817
2017-06-01 07:41:00+02:00,0.0,0.0,-0.000472,-0.001964,-0.000336,0.0,-0.000794,-0.000968,-0.001199,-5e-05,0.0,0.0,-0.000378,-0.000227,-8.3e-05,-0.00271,-9.7e-05,0.0,0.0,-0.002915,0.0,-0.002827,-0.001475,0.0,-0.001933,-0.003127,-0.001017,0.0,-0.00062,-7e-06,0.0,-0.000455,0.0,-0.000171,-0.000177,0.0,-0.000248,-0.001403,0.0,-0.002425,-0.000454,0.0,-0.001386,0.0,-0.000269,-0.00114,-0.001128,-0.001598,-0.000634,0.0,0.0,-0.000566,-0.000358,-0.000244,0.0,0.0,-0.000299,0.0,0.0,-0.000895,-0.000834,-0.002225,-0.001891,0.0,-0.000472,-0.002865,-0.000628,-0.001659,0.0,-0.000358,-0.000478,-2e-06,0.0,-0.00024,-0.000189,0.0,-0.000109,0.0,-0.001209,0.0,-0.000849,0.0,-0.001201,-0.002065,-5.2e-05,-0.000174,-0.00195,0.0,0.0,0.0,-9.1e-05,-0.000632,-0.000368,0.0,-0.000167,-0.000902,-0.002974,-0.003098,0.0,-0.002108,0.0,-0.002371,-0.001011,0.0,-0.000609,-0.002868,-0.000598,-0.00153,-0.002279,-0.003208,-0.000468,-0.000548,-0.000459,0.0,-0.000569,-0.001569,-0.001806,-0.000855
2017-06-01 07:42:00+02:00,0.0,0.0,-0.000495,-0.002012,-0.000357,0.0,-0.000822,-0.001001,-0.001241,-5.8e-05,0.0,0.0,-0.000397,-0.000237,-8.6e-05,-0.002769,-0.00011,0.0,0.0,-0.002978,0.0,-0.00289,-0.001519,0.0,-0.001991,-0.003191,-0.001049,0.0,-0.000643,-1e-05,0.0,-0.000477,0.0,-0.000179,-0.000182,0.0,-0.00027,-0.001441,0.0,-0.002487,-0.000474,0.0,-0.001425,0.0,-0.000289,-0.001176,-0.001162,-0.001642,-0.000661,0.0,0.0,-0.000591,-0.000375,-0.000256,0.0,0.0,-0.000317,0.0,0.0,-0.000926,-0.000865,-0.002285,-0.001938,0.0,-0.000494,-0.002925,-0.000652,-0.001704,0.0,-0.000375,-0.000497,-2e-06,0.0,-0.00025,-0.000195,0.0,-0.000126,0.0,-0.001245,0.0,-0.00088,0.0,-0.001238,-0.002122,-6.5e-05,-0.000191,-0.002006,0.0,0.0,0.0,-9.9e-05,-0.000659,-0.000387,0.0,-0.000171,-0.000938,-0.003031,-0.003158,0.0,-0.002166,0.0,-0.002424,-0.001042,0.0,-0.000632,-0.002941,-0.000625,-0.001576,-0.002329,-0.003271,-0.000489,-0.00057,-0.000478,0.0,-0.000595,-0.00161,-0.001851,-0.00089
2017-06-01 07:43:00+02:00,0.0,0.0,-0.000487,-0.002029,-0.000353,0.0,-0.000826,-0.001012,-0.001254,-5.3e-05,0.0,0.0,-0.000412,-0.000246,-8.7e-05,-0.002791,-9.5e-05,0.0,0.0,-0.003005,0.0,-0.002918,-0.001531,0.0,-0.002004,-0.003217,-0.001058,0.0,-0.000649,-8e-06,0.0,-0.000489,0.0,-0.000185,-0.000186,0.0,-0.000258,-0.001449,0.0,-0.002503,-0.000484,0.0,-0.001431,0.0,-0.000284,-0.001177,-0.00117,-0.001663,-0.000665,0.0,0.0,-0.000609,-0.000389,-0.000265,0.0,0.0,-0.000307,0.0,0.0,-0.000927,-0.000886,-0.002299,-0.001952,0.0,-0.000489,-0.00295,-0.000654,-0.001726,0.0,-0.000378,-0.000506,-2e-06,0.0,-0.00026,-0.000199,0.0,-0.000115,0.0,-0.001249,0.0,-0.000901,0.0,-0.001242,-0.002138,-5.3e-05,-0.000177,-0.002026,0.0,0.0,0.0,-9.8e-05,-0.000679,-0.000402,0.0,-0.000175,-0.000935,-0.003055,-0.003182,0.0,-0.002174,0.0,-0.002444,-0.001051,0.0,-0.000642,-0.002963,-0.000644,-0.001579,-0.002345,-0.003298,-0.000499,-0.000574,-0.000481,0.0,-0.000592,-0.001617,-0.001861,-0.00091
2017-06-01 07:44:00+02:00,0.0,0.0,-0.000497,-0.002029,-0.00036,0.0,-0.000824,-0.001007,-0.001258,-6e-05,0.0,0.0,-0.000429,-0.00026,-9.3e-05,-0.002783,-0.000107,0.0,0.0,-0.002997,0.0,-0.002912,-0.001524,0.0,-0.002012,-0.003204,-0.001052,0.0,-0.000653,-1.1e-05,0.0,-0.000502,0.0,-0.000196,-0.000196,0.0,-0.000274,-0.001443,0.0,-0.002504,-0.000488,0.0,-0.001433,0.0,-0.000291,-0.001185,-0.00117,-0.001659,-0.000672,0.0,0.0,-0.000622,-0.000404,-0.000281,0.0,0.0,-0.000317,0.0,0.0,-0.000928,-0.000895,-0.002303,-0.001952,0.0,-0.000498,-0.00294,-0.000653,-0.001722,0.0,-0.000381,-0.000513,-3e-06,0.0,-0.000275,-0.000209,0.0,-0.000129,0.0,-0.001246,0.0,-0.000909,0.0,-0.001248,-0.002143,-6.1e-05,-0.000189,-0.002022,0.0,0.0,0.0,-0.000102,-0.000692,-0.000418,0.0,-0.000184,-0.000948,-0.003039,-0.003167,0.0,-0.002178,0.0,-0.002439,-0.001051,0.0,-0.000644,-0.002963,-0.000659,-0.001586,-0.00234,-0.003282,-0.000503,-0.000579,-0.000485,0.0,-0.000597,-0.001618,-0.001862,-0.000921
2017-06-01 07:45:00+02:00,0.0,0.0,-0.000398,-0.001907,-0.000288,0.0,-0.000737,-0.000931,-0.001193,-4.8e-05,0.0,0.0,-0.000414,-0.00025,-8.3e-05,-0.002641,-8.5e-05,0.0,0.0,-0.002854,0.0,-0.002774,-0.001405,0.0,-0.0019,-0.003057,-0.000966,0.0,-0.000589,-9e-06,0.0,-0.000478,0.0,-0.000186,-0.000185,0.0,-0.000219,-0.001322,0.0,-0.002361,-0.000452,0.0,-0.001308,0.0,-0.000233,-0.00106,-0.00108,-0.001579,-0.000606,0.0,0.0,-0.0006,-0.00039,-0.00027,0.0,0.0,-0.000254,0.0,0.0,-0.000805,-0.000859,-0.002166,-0.001825,0.0,-0.000398,-0.002796,-0.000568,-0.001641,0.0,-0.00033,-0.000474,-3e-06,0.0,-0.000265,-0.000198,0.0,-0.000103,0.0,-0.001123,0.0,-0.000873,0.0,-0.001129,-0.002017,-4.9e-05,-0.000151,-0.001922,0.0,0.0,0.0,-8.2e-05,-0.00067,-0.000403,0.0,-0.000173,-0.000823,-0.0029,-0.003022,0.0,-0.002043,0.0,-0.002304,-0.000971,0.0,-0.000594,-0.002811,-0.000634,-0.001459,-0.002204,-0.003133,-0.000467,-0.000515,-0.000431,0.0,-0.000477,-0.001486,-0.00173,-0.000882
2017-06-01 07:46:00+02:00,0.0,0.0,-0.00049,-0.00205,-0.000387,-3e-06,-0.000846,-0.001039,-0.001284,-8.7e-05,0.0,0.0,-0.00045,-0.000271,-9.2e-05,-0.002809,-0.00015,0.0,-2.8e-05,-0.003013,0.0,-0.002931,-0.001559,0.0,-0.002033,-0.003232,-0.001082,0.0,-0.000664,-3.6e-05,0.0,-0.000523,0.0,-0.000204,-0.000197,0.0,-0.000298,-0.001472,0.0,-0.002509,-0.000513,0.0,-0.001427,0.0,-0.000327,-0.001187,-0.001184,-0.001685,-0.000677,0.0,0.0,-0.00065,-0.000427,-0.000292,0.0,0.0,-0.000332,0.0,0.0,-0.00094,-0.000925,-0.002309,-0.001968,0.0,-0.000486,-0.002966,-0.000667,-0.001749,0.0,-0.000395,-0.000524,-1.9e-05,0.0,-0.000287,-0.00021,0.0,-0.000181,0.0,-0.001269,0.0,-0.000944,0.0,-0.001254,-0.002153,-0.000125,-0.000226,-0.002042,0.0,0.0,0.0,-0.00012,-0.000725,-0.000438,0.0,-0.000186,-0.000936,-0.003062,-0.00319,0.0,-0.002185,0.0,-0.002461,-0.001057,0.0,-0.000671,-0.002972,-0.000685,-0.001582,-0.002357,-0.003309,-0.000529,-0.000588,-0.000487,0.0,-0.000603,-0.001611,-0.001873,-0.000949
2017-06-01 07:47:00+02:00,0.0,0.0,-0.000519,-0.002107,-0.000418,-2e-06,-0.000889,-0.001087,-0.001332,-9.3e-05,0.0,0.0,-0.000474,-0.000285,-9.6e-05,-0.002878,-0.000159,0.0,-2.3e-05,-0.003092,0.0,-0.00301,-0.001625,0.0,-0.0021,-0.003306,-0.001132,0.0,-0.000694,-3.7e-05,0.0,-0.00055,0.0,-0.000215,-0.000203,0.0,-0.000318,-0.001533,0.0,-0.002581,-0.000543,0.0,-0.001477,0.0,-0.000354,-0.001231,-0.001225,-0.001741,-0.000709,0.0,0.0,-0.000681,-0.000448,-0.000307,0.0,0.0,-0.000352,0.0,0.0,-0.000989,-0.000965,-0.002379,-0.002024,0.0,-0.000515,-0.003037,-0.000705,-0.001807,0.0,-0.000421,-0.00055,-1.9e-05,0.0,-0.000301,-0.000217,0.0,-0.000193,0.0,-0.001327,0.0,-0.000981,0.0,-0.001299,-0.00222,-0.000138,-0.00024,-0.002109,0.0,0.0,0.0,-0.000132,-0.000757,-0.000462,0.0,-0.000191,-0.00098,-0.003129,-0.003261,0.0,-0.002252,0.0,-0.002525,-0.001098,0.0,-0.000707,-0.003056,-0.000719,-0.001636,-0.002417,-0.003383,-0.000559,-0.000615,-0.000511,0.0,-0.000645,-0.001664,-0.001927,-0.000991
2017-06-01 07:48:00+02:00,0.0,0.0,-0.000543,-0.00216,-0.000444,-2e-06,-0.000929,-0.001132,-0.001381,-9.7e-05,0.0,0.0,-0.000497,-0.000298,-0.0001,-0.002942,-0.000165,0.0,-1.8e-05,-0.003168,0.0,-0.003087,-0.001683,0.0,-0.002165,-0.003376,-0.001178,0.0,-0.00072,-3.7e-05,0.0,-0.000576,0.0,-0.000225,-0.000208,0.0,-0.000335,-0.001587,0.0,-0.002652,-0.00057,0.0,-0.001523,0.0,-0.000376,-0.001268,-0.001262,-0.001798,-0.000739,0.0,0.0,-0.000711,-0.000468,-0.000321,0.0,0.0,-0.000367,0.0,0.0,-0.001032,-0.001004,-0.002447,-0.002076,0.0,-0.000541,-0.003104,-0.000739,-0.001864,0.0,-0.000444,-0.000574,-1.7e-05,0.0,-0.000314,-0.000223,0.0,-0.000199,0.0,-0.001377,0.0,-0.001017,0.0,-0.001338,-0.002286,-0.000148,-0.00025,-0.002177,0.0,0.0,0.0,-0.000142,-0.000787,-0.000485,0.0,-0.000195,-0.001019,-0.003193,-0.003327,0.0,-0.002316,0.0,-0.002585,-0.001136,0.0,-0.00074,-0.003141,-0.000753,-0.001686,-0.002472,-0.003453,-0.000587,-0.00064,-0.000534,0.0,-0.000682,-0.001714,-0.001975,-0.001033
2017-06-01 07:49:00+02:00,0.0,0.0,-0.000565,-0.002215,-0.000476,-1e-06,-0.000973,-0.00118,-0.001421,-0.000105,0.0,0.0,-0.00052,-0.000311,-0.000103,-0.003009,-0.000172,0.0,-1.5e-05,-0.003231,0.0,-0.00315,-0.001748,0.0,-0.002219,-0.003447,-0.001227,0.0,-0.000747,-3.8e-05,0.0,-0.000599,0.0,-0.000236,-0.000214,0.0,-0.00035,-0.001648,0.0,-0.00271,-0.0006,0.0,-0.001562,0.0,-0.000406,-0.001308,-0.0013,-0.001844,-0.000765,0.0,0.0,-0.000739,-0.000489,-0.000335,0.0,0.0,-0.000382,0.0,0.0,-0.001081,-0.001038,-0.002502,-0.002128,0.0,-0.000563,-0.003173,-0.000777,-0.001912,0.0,-0.000471,-0.000596,-1.9e-05,0.0,-0.000327,-0.000229,0.0,-0.000212,0.0,-0.001435,0.0,-0.001053,0.0,-0.001379,-0.002339,-0.000167,-0.00026,-0.002231,0.0,0.0,0.0,-0.000155,-0.000819,-0.000507,0.0,-0.000201,-0.001052,-0.003257,-0.003395,0.0,-0.002368,0.0,-0.002646,-0.001169,0.0,-0.000776,-0.00321,-0.000783,-0.001727,-0.00253,-0.003524,-0.000617,-0.000665,-0.000554,0.0,-0.000726,-0.001756,-0.002026,-0.001069
2017-06-01 07:50:00+02:00,0.0,0.0,-0.000546,-0.002221,-0.000471,-1e-06,-0.000981,-0.001193,-0.001433,-9.6e-05,0.0,0.0,-0.000531,-0.000317,-0.000103,-0.00302,-0.000144,0.0,-1.2e-05,-0.003233,0.0,-0.003154,-0.00176,0.0,-0.002228,-0.003459,-0.001239,0.0,-0.000749,-3e-05,0.0,-0.000609,0.0,-0.000239,-0.000214,0.0,-0.000332,-0.001657,0.0,-0.002716,-0.000611,0.0,-0.001554,0.0,-0.000398,-0.001304,-0.001304,-0.001853,-0.000767,0.0,0.0,-0.000751,-0.0005,-0.000341,0.0,0.0,-0.000359,0.0,0.0,-0.001083,-0.00105,-0.002507,-0.002132,0.0,-0.000548,-0.003184,-0.000781,-0.001922,0.0,-0.000475,-0.000599,-1.5e-05,0.0,-0.000332,-0.000229,0.0,-0.000193,0.0,-0.001441,0.0,-0.001069,0.0,-0.001377,-0.002346,-0.000152,-0.000232,-0.002247,0.0,0.0,0.0,-0.000152,-0.000834,-0.000518,0.0,-0.000201,-0.001044,-0.003266,-0.003404,0.0,-0.002371,0.0,-0.002653,-0.001169,0.0,-0.000787,-0.003223,-0.000797,-0.001725,-0.002534,-0.003536,-0.000628,-0.000666,-0.000553,0.0,-0.000723,-0.001747,-0.002027,-0.001085
2017-06-01 07:51:00+02:00,0.0,0.0,-0.00052,-0.002221,-0.000465,-1e-06,-0.000988,-0.001205,-0.001445,-8.6e-05,0.0,0.0,-0.000542,-0.000322,-0.000102,-0.003021,-0.000115,0.0,-9e-06,-0.003221,0.0,-0.003144,-0.00177,0.0,-0.002236,-0.003462,-0.001249,0.0,-0.000749,-2.4e-05,0.0,-0.000619,0.0,-0.000243,-0.000214,0.0,-0.000314,-0.001664,0.0,-0.002719,-0.000621,0.0,-0.001534,0.0,-0.00039,-0.001294,-0.001304,-0.001854,-0.000767,0.0,0.0,-0.000759,-0.000509,-0.000347,0.0,0.0,-0.000331,0.0,0.0,-0.001082,-0.001058,-0.00251,-0.00213,0.0,-0.000526,-0.003186,-0.000784,-0.001923,0.0,-0.000479,-0.000598,-1.2e-05,0.0,-0.000336,-0.000229,0.0,-0.000172,0.0,-0.001446,0.0,-0.001082,0.0,-0.001369,-0.002351,-0.000137,-0.000199,-0.002261,0.0,0.0,0.0,-0.00015,-0.000847,-0.000529,0.0,-0.000201,-0.001034,-0.003266,-0.003405,0.0,-0.002372,0.0,-0.002653,-0.001161,0.0,-0.000798,-0.003232,-0.000812,-0.00172,-0.002531,-0.003538,-0.000638,-0.000665,-0.000544,0.0,-0.00072,-0.001726,-0.002022,-0.0011
2017-06-01 07:52:00+02:00,0.0,0.0,-0.000474,-0.002206,-0.000449,-1e-06,-0.000988,-0.001213,-0.001465,-6.9e-05,0.0,0.0,-0.000559,-0.000331,-0.000102,-0.003006,-9.2e-05,0.0,-7e-06,-0.003198,0.0,-0.003123,-0.001774,0.0,-0.002257,-0.003448,-0.001255,0.0,-0.000737,-1.9e-05,0.0,-0.000633,0.0,-0.000249,-0.000217,0.0,-0.000296,-0.001665,0.0,-0.002736,-0.00063,0.0,-0.001495,0.0,-0.000372,-0.001266,-0.001291,-0.001846,-0.000772,0.0,0.0,-0.000765,-0.000517,-0.000358,0.0,0.0,-0.000284,0.0,0.0,-0.001072,-0.001062,-0.002526,-0.002111,0.0,-0.000485,-0.003171,-0.000779,-0.001916,0.0,-0.000478,-0.00059,-1e-05,0.0,-0.00034,-0.000233,0.0,-0.000138,0.0,-0.001443,0.0,-0.00109,0.0,-0.001344,-0.002368,-0.000112,-0.000159,-0.002288,0.0,0.0,0.0,-0.000143,-0.000857,-0.000544,0.0,-0.000201,-0.001028,-0.003252,-0.00339,0.0,-0.002385,0.0,-0.002637,-0.001139,0.0,-0.000806,-0.003259,-0.000832,-0.001723,-0.002512,-0.003524,-0.000647,-0.000652,-0.000525,0.0,-0.000705,-0.001685,-0.001999,-0.001123
2017-06-01 07:53:00+02:00,0.0,0.0,-0.000485,-0.002257,-0.000467,-1e-06,-0.001016,-0.001248,-0.001522,-7.5e-05,0.0,0.0,-0.000591,-0.000352,-0.000109,-0.003067,-8.8e-05,0.0,-6e-06,-0.003257,0.0,-0.003182,-0.001819,0.0,-0.002337,-0.003517,-0.00129,0.0,-0.000762,-1.5e-05,0.0,-0.000667,0.0,-0.000265,-0.000229,0.0,-0.000324,-0.001705,0.0,-0.002822,-0.000654,0.0,-0.001524,0.0,-0.000389,-0.001301,-0.001326,-0.00189,-0.000809,0.0,0.0,-0.000795,-0.000541,-0.00038,0.0,0.0,-0.00029,0.0,0.0,-0.001102,-0.001098,-0.002608,-0.00216,0.0,-0.000498,-0.003235,-0.000803,-0.001962,0.0,-0.000497,-0.00061,-8e-06,0.0,-0.000357,-0.000245,0.0,-0.000148,0.0,-0.001479,0.0,-0.001128,0.0,-0.001381,-0.002448,-0.000122,-0.00016,-0.002367,0.0,0.0,0.0,-0.000152,-0.000891,-0.000576,0.0,-0.000209,-0.001077,-0.003315,-0.003456,0.0,-0.002463,0.0,-0.002693,-0.001166,0.0,-0.000834,-0.003361,-0.000876,-0.001786,-0.002564,-0.003592,-0.000672,-0.000675,-0.000539,0.0,-0.000729,-0.001716,-0.002045,-0.001175
2017-06-01 07:54:00+02:00,0.0,0.0,-0.000508,-0.002307,-0.000502,-0.0,-0.001056,-0.001292,-0.001581,-8.6e-05,0.0,0.0,-0.000627,-0.000375,-0.000116,-0.003126,-9.9e-05,0.0,-5e-06,-0.003311,0.0,-0.003237,-0.001877,0.0,-0.00242,-0.003582,-0.001335,0.0,-0.000789,-1.5e-05,0.0,-0.000702,0.0,-0.000283,-0.000241,0.0,-0.000364,-0.001759,0.0,-0.002917,-0.000684,0.0,-0.001557,0.0,-0.000421,-0.001338,-0.001361,-0.001931,-0.000852,0.0,0.0,-0.000823,-0.000565,-0.000405,0.0,0.0,-0.000309,0.0,0.0,-0.001148,-0.001131,-0.002699,-0.002208,0.0,-0.000521,-0.003297,-0.000839,-0.002004,0.0,-0.000523,-0.00063,-1e-05,0.0,-0.000373,-0.000258,0.0,-0.000168,0.0,-0.00153,0.0,-0.001164,0.0,-0.001419,-0.002535,-0.000148,-0.000177,-0.002454,0.0,0.0,0.0,-0.000167,-0.000924,-0.000611,0.0,-0.000217,-0.001136,-0.003373,-0.003517,0.0,-0.002547,0.0,-0.002747,-0.001194,0.0,-0.000868,-0.003477,-0.000922,-0.001855,-0.002615,-0.003657,-0.000702,-0.0007,-0.000556,0.0,-0.00077,-0.001751,-0.002091,-0.001231
2017-06-01 07:55:00+02:00,0.0,0.0,-0.000489,-0.002308,-0.000495,-0.0,-0.001059,-0.001299,-0.001584,-8e-05,0.0,0.0,-0.000644,-0.000386,-0.000118,-0.003129,-7.9e-05,0.0,-4e-06,-0.0033,0.0,-0.003228,-0.001883,0.0,-0.002418,-0.003586,-0.001341,0.0,-0.000788,-1.2e-05,0.0,-0.000711,0.0,-0.000289,-0.000246,0.0,-0.000346,-0.001763,0.0,-0.002919,-0.000693,0.0,-0.001541,0.0,-0.000414,-0.00133,-0.00136,-0.00193,-0.000849,0.0,0.0,-0.000834,-0.000577,-0.000417,0.0,0.0,-0.000289,0.0,0.0,-0.001144,-0.001139,-0.002699,-0.002207,0.0,-0.000504,-0.0033,-0.000838,-0.002003,0.0,-0.000525,-0.00063,-8e-06,0.0,-0.000381,-0.000264,0.0,-0.000154,0.0,-0.001531,0.0,-0.001177,0.0,-0.001413,-0.002538,-0.000136,-0.000152,-0.002469,0.0,0.0,0.0,-0.000165,-0.00094,-0.000627,0.0,-0.000221,-0.001123,-0.003375,-0.003519,0.0,-0.002539,0.0,-0.002748,-0.001186,0.0,-0.000877,-0.003492,-0.000941,-0.001847,-0.002613,-0.00366,-0.000711,-0.000699,-0.00055,0.0,-0.000764,-0.001734,-0.002087,-0.001249
2017-06-01 07:56:00+02:00,0.0,0.0,-0.000463,-0.002294,-0.000479,-0.0,-0.001051,-0.001296,-0.001581,-6.8e-05,0.0,0.0,-0.000658,-0.000395,-0.000118,-0.003113,-6.3e-05,0.0,-3e-06,-0.003277,0.0,-0.003207,-0.001874,0.0,-0.002406,-0.003571,-0.001336,0.0,-0.00078,-9e-06,0.0,-0.000717,0.0,-0.000294,-0.000249,0.0,-0.000324,-0.001751,0.0,-0.002911,-0.000696,0.0,-0.001518,0.0,-0.000397,-0.001311,-0.001349,-0.001922,-0.000844,0.0,0.0,-0.00084,-0.000586,-0.000427,0.0,0.0,-0.000263,0.0,0.0,-0.001127,-0.001143,-0.002691,-0.002191,0.0,-0.000481,-0.003285,-0.000827,-0.001996,0.0,-0.00052,-0.000627,-7e-06,0.0,-0.000388,-0.000268,0.0,-0.000132,0.0,-0.001517,0.0,-0.001184,0.0,-0.001395,-0.002532,-0.000117,-0.000122,-0.002474,0.0,0.0,0.0,-0.000159,-0.00095,-0.00064,0.0,-0.000224,-0.001104,-0.003359,-0.003502,0.0,-0.002523,0.0,-0.002732,-0.001174,0.0,-0.000878,-0.003495,-0.000955,-0.001831,-0.002595,-0.003644,-0.000715,-0.000691,-0.00054,0.0,-0.000747,-0.001709,-0.002069,-0.001262
2017-06-01 07:57:00+02:00,0.0,0.0,-0.000444,-0.002284,-0.000471,-0.0,-0.001049,-0.001299,-0.001588,-5.8e-05,0.0,0.0,-0.000674,-0.000405,-0.000119,-0.003102,-5.1e-05,0.0,-2e-06,-0.003264,0.0,-0.003197,-0.001873,0.0,-0.002409,-0.00356,-0.001337,0.0,-0.000775,-8e-06,0.0,-0.000727,0.0,-0.0003,-0.000254,0.0,-0.000314,-0.001747,0.0,-0.002918,-0.000703,0.0,-0.001502,0.0,-0.000387,-0.001294,-0.001341,-0.001921,-0.000846,0.0,0.0,-0.00085,-0.000596,-0.000439,0.0,0.0,-0.000244,0.0,0.0,-0.001119,-0.001151,-0.002697,-0.002179,0.0,-0.000465,-0.003274,-0.000823,-0.001995,0.0,-0.00052,-0.000627,-5e-06,0.0,-0.000395,-0.000273,0.0,-0.000112,0.0,-0.001511,0.0,-0.001192,0.0,-0.001381,-0.002539,-0.000104,-9.9e-05,-0.002492,0.0,0.0,0.0,-0.000156,-0.000961,-0.000656,0.0,-0.000226,-0.001099,-0.003347,-0.00349,0.0,-0.002522,0.0,-0.00272,-0.001166,0.0,-0.000883,-0.003512,-0.000974,-0.001828,-0.002581,-0.003633,-0.000721,-0.000684,-0.000535,0.0,-0.000737,-0.001691,-0.002054,-0.001281
2017-06-01 07:58:00+02:00,0.0,0.0,-0.000475,-0.002317,-0.000487,-0.0,-0.001071,-0.001326,-0.001617,-6.5e-05,0.0,0.0,-0.000701,-0.000424,-0.000125,-0.003139,-6.4e-05,0.0,-2e-06,-0.003332,0.0,-0.003265,-0.001907,0.0,-0.002446,-0.003601,-0.001363,0.0,-0.000793,-6e-06,0.0,-0.00075,0.0,-0.000314,-0.000264,0.0,-0.000327,-0.001777,0.0,-0.00296,-0.000724,0.0,-0.001552,0.0,-0.000403,-0.001318,-0.001364,-0.001972,-0.000865,0.0,0.0,-0.000884,-0.000618,-0.000459,0.0,0.0,-0.000269,0.0,0.0,-0.001141,-0.001192,-0.002737,-0.00221,0.0,-0.000496,-0.003313,-0.000842,-0.002047,0.0,-0.000536,-0.000656,-4e-06,0.0,-0.000416,-0.000285,0.0,-0.000122,0.0,-0.001538,0.0,-0.001222,0.0,-0.001406,-0.00258,-0.000115,-0.000123,-0.002535,0.0,0.0,0.0,-0.000164,-0.00099,-0.000682,0.0,-0.000235,-0.001121,-0.003384,-0.003528,0.0,-0.002555,0.0,-0.002755,-0.001207,0.0,-0.000906,-0.003565,-0.001006,-0.001856,-0.002613,-0.003673,-0.000743,-0.000702,-0.000566,0.0,-0.000756,-0.001744,-0.002084,-0.001316
2017-06-01 07:59:00+02:00,0.0,0.0,-0.000521,-0.002385,-0.000521,-0.0,-0.001111,-0.001372,-0.001678,-8e-05,0.0,0.0,-0.000748,-0.000458,-0.000138,-0.00322,-8.9e-05,0.0,-2e-06,-0.003435,0.0,-0.003369,-0.001971,0.0,-0.002534,-0.00369,-0.001409,0.0,-0.000826,-1.2e-05,0.0,-0.000792,0.0,-0.00034,-0.000288,0.0,-0.000365,-0.001836,0.0,-0.003059,-0.000759,0.0,-0.001622,0.0,-0.000435,-0.001367,-0.001408,-0.002041,-0.000908,0.0,0.0,-0.000934,-0.000655,-0.000496,0.0,0.0,-0.000307,0.0,0.0,-0.001187,-0.001248,-0.002831,-0.002276,0.0,-0.000541,-0.003397,-0.000876,-0.002118,0.0,-0.000562,-0.000694,-7e-06,0.0,-0.00045,-0.00031,0.0,-0.000148,0.0,-0.001592,0.0,-0.00127,0.0,-0.001456,-0.002672,-0.00014,-0.000159,-0.002619,0.0,0.0,0.0,-0.00018,-0.001037,-0.000728,0.0,-0.000254,-0.001179,-0.003467,-0.003614,0.0,-0.002642,0.0,-0.00283,-0.001259,0.0,-0.000944,-0.003682,-0.001062,-0.001928,-0.002683,-0.003762,-0.000778,-0.000733,-0.000605,0.0,-0.000796,-0.001817,-0.002146,-0.001379
2017-06-01 08:00:00+02:00,0.0,0.0,-0.000571,-0.002478,-0.000553,-0.0,-0.00115,-0.001418,-0.001757,-9.9e-05,0.0,0.0,-0.000806,-0.0005,-0.000154,-0.003332,-0.000119,0.0,-1e-06,-0.003561,0.0,-0.003495,-0.002034,0.0,-0.002651,-0.003813,-0.001454,0.0,-0.00087,-2.1e-05,0.0,-0.000845,0.0,-0.000372,-0.000316,0.0,-0.000415,-0.001893,0.0,-0.003191,-0.000793,0.0,-0.001702,0.0,-0.000465,-0.001432,-0.001466,-0.002125,-0.000964,0.0,0.0,-0.00099,-0.0007,-0.000541,0.0,0.0,-0.000349,0.0,0.0,-0.001233,-0.001313,-0.002957,-0.002365,0.0,-0.00059,-0.003514,-0.000911,-0.002204,0.0,-0.00059,-0.000737,-1.3e-05,0.0,-0.000488,-0.00034,0.0,-0.000182,0.0,-0.001645,0.0,-0.001333,0.0,-0.001525,-0.002795,-0.000162,-0.000199,-0.002732,0.0,0.0,0.0,-0.000195,-0.001095,-0.000783,0.0,-0.000277,-0.001255,-0.003583,-0.003733,0.0,-0.002758,0.0,-0.002933,-0.001319,0.0,-0.000981,-0.003839,-0.001132,-0.002024,-0.00278,-0.003886,-0.000813,-0.000773,-0.000648,0.0,-0.000834,-0.001901,-0.00223,-0.001458
2017-06-01 08:01:00+02:00,0.0,0.0,-0.000606,-0.002547,-0.00058,-0.0,-0.001186,-0.001459,-0.001819,-0.000113,0.0,0.0,-0.000844,-0.000524,-0.000161,-0.003416,-0.000139,0.0,-1e-06,-0.003652,0.0,-0.003587,-0.002085,0.0,-0.002734,-0.003905,-0.001495,0.0,-0.000904,-2.6e-05,0.0,-0.000883,0.0,-0.00039,-0.000329,0.0,-0.000449,-0.001939,0.0,-0.003286,-0.000821,0.0,-0.00176,0.0,-0.000489,-0.001481,-0.001515,-0.002193,-0.001006,0.0,0.0,-0.001031,-0.00073,-0.000567,0.0,0.0,-0.000378,0.0,0.0,-0.001271,-0.001363,-0.003047,-0.002431,0.0,-0.000626,-0.0036,-0.000943,-0.002274,0.0,-0.000613,-0.000769,-1.8e-05,0.0,-0.00051,-0.000354,0.0,-0.000206,0.0,-0.001689,0.0,-0.001381,0.0,-0.001575,-0.002882,-0.000181,-0.000227,-0.002825,0.0,0.0,0.0,-0.000207,-0.001138,-0.000821,0.0,-0.000287,-0.001308,-0.003667,-0.00382,0.0,-0.00284,0.0,-0.003009,-0.001368,0.0,-0.001014,-0.003953,-0.001182,-0.00209,-0.002851,-0.003978,-0.000842,-0.000806,-0.000682,0.0,-0.000866,-0.001962,-0.002293,-0.001518
2017-06-01 08:02:00+02:00,0.0,0.0,-0.000574,-0.002458,-0.000548,-0.0,-0.001138,-0.001406,-0.00175,-9.8e-05,0.0,0.0,-0.00083,-0.00052,-0.000159,-0.003301,-0.000115,0.0,-1e-06,-0.003541,0.0,-0.003479,-0.002014,0.0,-0.002635,-0.003776,-0.00144,0.0,-0.000866,-2.1e-05,0.0,-0.000857,0.0,-0.000386,-0.000329,0.0,-0.000412,-0.00187,0.0,-0.00317,-0.000796,0.0,-0.001701,0.0,-0.00046,-0.001419,-0.001454,-0.002122,-0.000961,0.0,0.0,-0.001009,-0.000717,-0.000563,0.0,0.0,-0.000351,0.0,0.0,-0.001218,-0.001327,-0.002938,-0.002344,0.0,-0.000594,-0.00348,-0.000902,-0.0022,0.0,-0.000588,-0.000746,-1.4e-05,0.0,-0.000508,-0.000354,0.0,-0.00018,0.0,-0.001626,0.0,-0.00134,0.0,-0.001512,-0.00278,-0.000159,-0.000202,-0.002724,0.0,0.0,0.0,-0.000195,-0.00111,-0.000807,0.0,-0.000287,-0.001245,-0.003542,-0.00369,0.0,-0.002735,0.0,-0.002906,-0.00132,0.0,-0.00098,-0.003823,-0.001153,-0.002005,-0.00275,-0.003846,-0.000816,-0.00077,-0.000658,0.0,-0.000824,-0.001897,-0.002208,-0.001473
2017-06-01 08:03:00+02:00,0.0,0.0,-0.000459,-0.002156,-0.000438,-0.0,-0.000925,-0.001204,-0.001559,-7.9e-05,0.0,0.0,-0.00076,-0.000472,-0.000129,-0.002956,-9.2e-05,0.0,-1e-06,-0.003186,0.0,-0.003129,-0.00172,0.0,-0.00234,-0.003417,-0.001219,0.0,-0.000694,-1.7e-05,0.0,-0.000762,0.0,-0.00034,-0.000294,0.0,-0.000329,-0.001582,0.0,-0.002835,-0.000677,0.0,-0.001411,0.0,-0.000368,-0.001135,-0.00123,-0.001897,-0.00079,0.0,0.0,-0.000909,-0.000647,-0.000514,0.0,0.0,-0.000281,0.0,0.0,-0.000975,-0.001194,-0.002613,-0.002036,0.0,-0.000476,-0.003131,-0.000721,-0.001973,0.0,-0.000471,-0.000626,-1.1e-05,0.0,-0.000459,-0.000318,0.0,-0.000144,0.0,-0.001338,0.0,-0.001208,0.0,-0.001228,-0.002474,-0.000127,-0.000162,-0.002473,0.0,0.0,0.0,-0.000156,-0.001009,-0.000737,0.0,-0.000253,-0.000996,-0.00321,-0.003344,0.0,-0.00241,0.0,-0.002576,-0.001115,0.0,-0.000831,-0.003471,-0.001054,-0.001712,-0.002425,-0.003485,-0.000696,-0.000616,-0.000526,0.0,-0.000659,-0.001592,-0.001896,-0.001341
2017-06-01 08:04:00+02:00,0.0,0.0,-0.000561,-0.002322,-0.000531,-0.0,-0.001043,-0.001322,-0.001679,-0.000123,0.0,0.0,-0.000817,-0.000508,-0.000145,-0.003145,-0.000161,0.0,-2.6e-05,-0.003384,0.0,-0.003327,-0.001876,0.0,-0.002506,-0.003615,-0.001345,0.0,-0.000794,-4.8e-05,0.0,-0.000829,0.0,-0.000371,-0.000313,0.0,-0.000414,-0.001731,0.0,-0.003014,-0.000752,0.0,-0.001569,0.0,-0.000456,-0.001285,-0.00136,-0.002042,-0.000887,0.0,0.0,-0.000985,-0.000702,-0.000552,0.0,0.0,-0.000366,0.0,0.0,-0.001108,-0.001291,-0.002787,-0.002204,0.0,-0.000576,-0.003323,-0.000827,-0.00212,0.0,-0.000545,-0.000704,-3.2e-05,0.0,-0.000496,-0.000339,0.0,-0.000219,0.0,-0.001485,0.0,-0.001303,0.0,-0.001378,-0.002642,-0.000197,-0.000243,-0.002632,0.0,0.0,0.0,-0.000198,-0.001087,-0.000793,0.0,-0.000272,-0.001131,-0.003392,-0.003531,0.0,-0.002581,0.0,-0.002756,-0.001239,0.0,-0.000922,-0.003668,-0.001132,-0.001862,-0.002599,-0.003682,-0.000773,-0.00071,-0.000611,0.0,-0.000771,-0.001758,-0.002063,-0.001438
2017-06-01 08:05:00+02:00,0.0,0.0,-0.000573,-0.002288,-0.000539,-0.0,-0.001037,-0.001303,-0.001645,-0.000128,0.0,0.0,-0.000818,-0.000518,-0.000154,-0.003083,-0.000172,0.0,-2.1e-05,-0.003322,0.0,-0.003268,-0.001859,0.0,-0.002466,-0.003536,-0.001327,0.0,-0.000792,-5.1e-05,0.0,-0.000825,0.0,-0.000381,-0.000327,0.0,-0.000422,-0.001716,0.0,-0.002958,-0.000749,0.0,-0.001569,0.0,-0.000464,-0.001288,-0.001341,-0.002,-0.000882,0.0,0.0,-0.00098,-0.000703,-0.000563,0.0,0.0,-0.000378,0.0,0.0,-0.001112,-0.001273,-0.00274,-0.002174,0.0,-0.000587,-0.003255,-0.000826,-0.002075,0.0,-0.000546,-0.000705,-3.4e-05,0.0,-0.000507,-0.000352,0.0,-0.000229,0.0,-0.001481,0.0,-0.001281,0.0,-0.001378,-0.002597,-0.000208,-0.000257,-0.002565,0.0,0.0,0.0,-0.000202,-0.001076,-0.000795,0.0,-0.000285,-0.001135,-0.003315,-0.00345,0.0,-0.00254,0.0,-0.002708,-0.001228,0.0,-0.000914,-0.003593,-0.001121,-0.001842,-0.002554,-0.0036,-0.000769,-0.000709,-0.000615,0.0,-0.000778,-0.001753,-0.002039,-0.001414
2017-06-01 08:06:00+02:00,0.0,0.0,-0.000458,-0.00193,-0.000431,-0.0,-0.000829,-0.001062,-0.001421,-0.000102,0.0,0.0,-0.000733,-0.00046,-0.000123,-0.002675,-0.000138,0.0,-1.7e-05,-0.002926,0.0,-0.002876,-0.001512,0.0,-0.002125,-0.003111,-0.001064,0.0,-0.000634,-4.1e-05,0.0,-0.00071,0.0,-0.000325,-0.000285,0.0,-0.000338,-0.001377,0.0,-0.002576,-0.000603,0.0,-0.001255,0.0,-0.000371,-0.001031,-0.001074,-0.001744,-0.000705,0.0,0.0,-0.000862,-0.000615,-0.000504,0.0,0.0,-0.000302,0.0,0.0,-0.00089,-0.001119,-0.002367,-0.001811,0.0,-0.000469,-0.00284,-0.000661,-0.001817,0.0,-0.000437,-0.000564,-2.7e-05,0.0,-0.000449,-0.000311,0.0,-0.000183,0.0,-0.001185,0.0,-0.001118,0.0,-0.001102,-0.002246,-0.000166,-0.000205,-0.002274,0.0,0.0,0.0,-0.000162,-0.000949,-0.00071,0.0,-0.000242,-0.000908,-0.002922,-0.003041,0.0,-0.002168,0.0,-0.002318,-0.000995,0.0,-0.000734,-0.00319,-0.001001,-0.001506,-0.002172,-0.003174,-0.000622,-0.000567,-0.000492,0.0,-0.000623,-0.001409,-0.001671,-0.001257
2017-06-01 08:07:00+02:00,0.0,0.0,-0.000641,-0.002235,-0.000606,-6.9e-05,-0.001043,-0.001286,-0.001651,-0.000182,0.0,0.0,-0.000844,-0.000533,-0.000157,-0.003021,-0.000268,0.0,-0.000111,-0.003293,0.0,-0.003243,-0.001813,0.0,-0.002451,-0.003475,-0.001302,0.0,-0.000802,-0.000109,0.0,-0.000839,0.0,-0.000388,-0.00033,0.0,-0.000504,-0.001665,0.0,-0.002932,-0.000746,0.0,-0.00154,0.0,-0.000537,-0.001287,-0.001306,-0.002005,-0.000889,0.0,-1.8e-05,-0.001,-0.000713,-0.00058,0.0,0.0,-0.000457,0.0,0.0,-0.001133,-0.001293,-0.002714,-0.002116,0.0,-0.000648,-0.003191,-0.000851,-0.002081,0.0,-0.000571,-0.000703,-7.1e-05,0.0,-0.00052,-0.000356,0.0,-0.00032,0.0,-0.00146,0.0,-0.001286,0.0,-0.001362,-0.002578,-0.000303,-0.000356,-0.002579,0.0,-1e-05,0.0,-0.000242,-0.001088,-0.000819,0.0,-0.000282,-0.001161,-0.003262,-0.003389,0.0,-0.002506,-2.4e-05,-0.002648,-0.001214,0.0,-0.000905,-0.00358,-0.00115,-0.001803,-0.002491,-0.003538,-0.000766,-0.000726,-0.000636,0.0,-0.000831,-0.001709,-0.001975,-0.001442
2017-06-01 08:08:00+02:00,0.0,0.0,-0.000712,-0.002399,-0.000674,-5.5e-05,-0.001152,-0.001408,-0.001783,-0.000206,0.0,0.0,-0.000912,-0.000576,-0.000174,-0.00321,-0.000303,0.0,-0.000114,-0.003499,0.0,-0.003449,-0.001973,0.0,-0.002632,-0.003676,-0.001431,0.0,-0.000887,-0.000123,0.0,-0.000915,0.0,-0.000425,-0.000354,0.0,-0.000564,-0.001816,0.0,-0.003128,-0.000825,0.0,-0.001689,0.0,-0.000599,-0.001411,-0.00143,-0.002155,-0.000985,0.0,-1.4e-05,-0.001082,-0.000771,-0.000626,0.0,0.0,-0.000511,0.0,0.0,-0.001247,-0.001396,-0.002904,-0.002278,0.0,-0.000721,-0.003384,-0.000944,-0.002234,0.0,-0.000637,-0.000781,-8e-05,0.0,-0.000562,-0.000382,0.0,-0.000359,0.0,-0.0016,0.0,-0.001384,0.0,-0.001492,-0.002761,-0.000343,-0.000401,-0.002756,0.0,-8e-06,0.0,-0.000273,-0.00117,-0.000885,0.0,-0.000304,-0.001281,-0.00345,-0.003581,0.0,-0.00269,-1.9e-05,-0.002826,-0.001335,0.0,-0.000999,-0.0038,-0.00124,-0.001959,-0.002662,-0.003739,-0.000846,-0.000804,-0.00071,0.0,-0.000918,-0.001869,-0.002135,-0.001552
2017-06-01 08:09:00+02:00,0.0,0.0,-0.000712,-0.002469,-0.000675,-4.4e-05,-0.001198,-0.001469,-0.001851,-0.000192,0.0,0.0,-0.000952,-0.0006,-0.000179,-0.003294,-0.000277,0.0,-9.1e-05,-0.003602,0.0,-0.003553,-0.002046,0.0,-0.002717,-0.00377,-0.001492,0.0,-0.000918,-0.000102,0.0,-0.000955,0.0,-0.000443,-0.000366,0.0,-0.000552,-0.001883,0.0,-0.003218,-0.000866,0.0,-0.00175,0.0,-0.000595,-0.001447,-0.001482,-0.002237,-0.001024,0.0,-1.1e-05,-0.001131,-0.000803,-0.000652,0.0,0.0,-0.000499,0.0,0.0,-0.001282,-0.001456,-0.00299,-0.002345,0.0,-0.000726,-0.003472,-0.000975,-0.002319,0.0,-0.000659,-0.000819,-6.5e-05,0.0,-0.000587,-0.000395,0.0,-0.000333,0.0,-0.001655,0.0,-0.001437,0.0,-0.001534,-0.002846,-0.000321,-0.000378,-0.002851,0.0,-6e-06,0.0,-0.000272,-0.001216,-0.000924,0.0,-0.000314,-0.001312,-0.00354,-0.00367,0.0,-0.00277,-1.5e-05,-0.002904,-0.001392,0.0,-0.001047,-0.003909,-0.001293,-0.002021,-0.002735,-0.003833,-0.000888,-0.000829,-0.000739,0.0,-0.00093,-0.001936,-0.002198,-0.001615
2017-06-01 08:10:00+02:00,0.0,0.0,-0.00074,-0.002564,-0.000702,-3.5e-05,-0.001259,-0.001543,-0.001939,-0.000195,0.0,0.0,-0.001007,-0.000638,-0.000192,-0.003406,-0.000279,0.0,-7.3e-05,-0.003733,0.0,-0.003685,-0.002141,0.0,-0.002835,-0.003891,-0.001568,0.0,-0.000963,-9.9e-05,0.0,-0.001009,0.0,-0.000473,-0.000389,0.0,-0.000572,-0.001971,0.0,-0.003345,-0.000917,0.0,-0.001836,0.0,-0.000617,-0.001509,-0.00155,-0.002334,-0.001081,0.0,-9e-06,-0.001192,-0.000846,-0.000692,0.0,0.0,-0.000516,0.0,0.0,-0.00134,-0.001528,-0.003112,-0.002437,0.0,-0.000757,-0.003587,-0.001023,-0.002418,0.0,-0.000695,-0.000868,-6.2e-05,0.0,-0.000623,-0.000419,0.0,-0.000335,0.0,-0.001732,0.0,-0.001502,0.0,-0.001601,-0.002965,-0.000326,-0.000386,-0.002971,0.0,-5e-06,0.0,-0.000284,-0.001275,-0.000978,0.0,-0.000332,-0.001374,-0.003657,-0.003786,0.0,-0.002884,-1.2e-05,-0.003008,-0.001464,0.0,-0.001105,-0.004059,-0.001363,-0.002113,-0.002832,-0.003955,-0.000939,-0.000869,-0.000782,0.0,-0.000968,-0.002028,-0.002286,-0.001696
2017-06-01 08:11:00+02:00,0.0,0.0,-0.000746,-0.002628,-0.000707,-2.8e-05,-0.001296,-0.001593,-0.002004,-0.000188,0.0,0.0,-0.001053,-0.000669,-0.000201,-0.003482,-0.000265,0.0,-5.8e-05,-0.003821,0.0,-0.003773,-0.002201,0.0,-0.002921,-0.003976,-0.001617,0.0,-0.000991,-8.7e-05,0.0,-0.001051,0.0,-0.000495,-0.000406,0.0,-0.000574,-0.002024,0.0,-0.003439,-0.000952,0.0,-0.001887,0.0,-0.000619,-0.001543,-0.001595,-0.002402,-0.001119,0.0,-7e-06,-0.001237,-0.000879,-0.000725,0.0,0.0,-0.000512,0.0,0.0,-0.001369,-0.001581,-0.0032,-0.002497,0.0,-0.000766,-0.003666,-0.001048,-0.002488,0.0,-0.000715,-0.000901,-5.4e-05,0.0,-0.000649,-0.000438,0.0,-0.000323,0.0,-0.001777,0.0,-0.001551,0.0,-0.001639,-0.003053,-0.000314,-0.000374,-0.003066,0.0,-4e-06,0.0,-0.000286,-0.00132,-0.001023,0.0,-0.000346,-0.001411,-0.003739,-0.003867,0.0,-0.002964,-1e-05,-0.003077,-0.001511,0.0,-0.001145,-0.004173,-0.00142,-0.002175,-0.002897,-0.00404,-0.000975,-0.000892,-0.000807,0.0,-0.000981,-0.002084,-0.002342,-0.001762
2017-06-01 08:12:00+02:00,0.0,0.0,-0.000686,-0.002454,-0.000648,-2.2e-05,-0.0012,-0.001479,-0.001855,-0.000162,0.0,0.0,-0.001005,-0.000651,-0.000199,-0.003253,-0.000229,0.0,-4.7e-05,-0.003584,0.0,-0.003541,-0.002063,0.0,-0.002727,-0.003716,-0.001501,0.0,-0.000913,-7e-05,0.0,-0.000987,0.0,-0.00048,-0.000407,0.0,-0.000516,-0.001896,0.0,-0.003219,-0.000891,0.0,-0.00177,0.0,-0.000564,-0.001431,-0.001473,-0.002234,-0.001034,0.0,-6e-06,-0.001167,-0.000837,-0.000707,0.0,0.0,-0.000465,0.0,0.0,-0.001274,-0.001482,-0.002994,-0.00233,0.0,-0.000707,-0.003426,-0.000968,-0.002314,0.0,-0.000662,-0.000844,-4.3e-05,0.0,-0.000634,-0.000439,0.0,-0.000279,0.0,-0.001662,0.0,-0.001447,0.0,-0.001524,-0.002858,-0.000274,-0.000332,-0.002847,0.0,-3e-06,0.0,-0.00026,-0.001241,-0.000976,0.0,-0.000345,-0.001308,-0.003493,-0.003612,0.0,-0.002768,-8e-06,-0.002874,-0.001404,0.0,-0.001066,-0.003912,-0.001339,-0.00203,-0.002704,-0.003775,-0.000912,-0.00082,-0.000751,0.0,-0.000906,-0.001955,-0.002184,-0.001649
2017-06-01 08:13:00+02:00,0.0,0.0,-0.000549,-0.001963,-0.000519,-1.8e-05,-0.00096,-0.001183,-0.001484,-0.00013,0.0,0.0,-0.000804,-0.000521,-0.000159,-0.002602,-0.000183,0.0,-3.7e-05,-0.002867,0.0,-0.002833,-0.00165,0.0,-0.002181,-0.002972,-0.001201,0.0,-0.00073,-5.6e-05,0.0,-0.000789,0.0,-0.000384,-0.000325,0.0,-0.000413,-0.001517,0.0,-0.002575,-0.000712,0.0,-0.001416,0.0,-0.000451,-0.001145,-0.001179,-0.001787,-0.000827,0.0,-5e-06,-0.000934,-0.000669,-0.000565,0.0,0.0,-0.000372,0.0,0.0,-0.001019,-0.001185,-0.002396,-0.001864,0.0,-0.000566,-0.002741,-0.000774,-0.001851,0.0,-0.000529,-0.000675,-3.5e-05,0.0,-0.000507,-0.000351,0.0,-0.000223,0.0,-0.001329,0.0,-0.001158,0.0,-0.001219,-0.002286,-0.000219,-0.000266,-0.002278,0.0,-3e-06,0.0,-0.000208,-0.000992,-0.000781,0.0,-0.000276,-0.001046,-0.002795,-0.00289,0.0,-0.002214,-6e-06,-0.002299,-0.001124,0.0,-0.000853,-0.00313,-0.001071,-0.001624,-0.002163,-0.00302,-0.00073,-0.000656,-0.000601,0.0,-0.000725,-0.001564,-0.001748,-0.001319
2017-06-01 08:14:00+02:00,0.0,0.0,-0.000774,-0.002336,-0.00073,-0.00013,-0.001209,-0.00145,-0.001766,-0.000238,-1.3e-05,0.0,-0.000953,-0.000617,-0.000199,-0.003044,-0.000356,0.0,-0.000176,-0.003339,0.0,-0.003304,-0.001998,0.0,-0.002571,-0.00345,-0.001479,0.0,-0.00093,-0.000154,0.0,-0.000951,0.0,-0.000464,-0.000382,0.0,-0.000607,-0.001845,0.0,-0.003005,-0.000885,0.0,-0.001743,0.0,-0.000654,-0.001439,-0.001453,-0.002125,-0.001037,0.0,-4.4e-05,-0.001119,-0.000802,-0.000667,0.0,0.0,-0.000568,0.0,0.0,-0.001298,-0.001416,-0.00281,-0.00223,0.0,-0.000787,-0.003196,-0.000999,-0.002196,0.0,-0.000691,-0.000844,-9.8e-05,0.0,-0.000603,-0.00041,0.0,-0.0004,0.0,-0.00164,0.0,-0.001382,0.0,-0.001518,-0.002687,-0.000394,-0.000459,-0.00267,0.0,-3.9e-05,0.0,-0.000311,-0.001181,-0.000927,0.0,-0.000328,-0.001324,-0.003248,-0.003349,0.0,-0.002609,-5e-05,-0.00271,-0.001386,0.0,-0.001057,-0.003621,-0.001268,-0.001955,-0.002554,-0.0035,-0.000904,-0.000846,-0.000775,0.0,-0.000968,-0.00191,-0.002104,-0.001561
2017-06-01 08:15:00+02:00,0.0,0.0,-0.000818,-0.002483,-0.000783,-0.000104,-0.001308,-0.00157,-0.001854,-0.000245,-1.1e-05,0.0,-0.001026,-0.000665,-0.000211,-0.003234,-0.000368,0.0,-0.000155,-0.003561,0.0,-0.003526,-0.00215,0.0,-0.00269,-0.003668,-0.001601,0.0,-0.000989,-0.000156,0.0,-0.00101,0.0,-0.000496,-0.000408,0.0,-0.000618,-0.001985,0.0,-0.003168,-0.000964,0.0,-0.001859,0.0,-0.000701,-0.001518,-0.001547,-0.002284,-0.001094,0.0,-3.5e-05,-0.001213,-0.000868,-0.000719,0.0,0.0,-0.000597,0.0,0.0,-0.001394,-0.001531,-0.002961,-0.002367,0.0,-0.000834,-0.003397,-0.001079,-0.00236,0.0,-0.00075,-0.000911,-9.6e-05,0.0,-0.000657,-0.00044,0.0,-0.000409,0.0,-0.001764,0.0,-0.001487,0.0,-0.001605,-0.002835,-0.000418,-0.000478,-0.002838,0.0,-3.1e-05,0.0,-0.000336,-0.001276,-0.000998,0.0,-0.000353,-0.001381,-0.003458,-0.003561,0.0,-0.002732,-4e-05,-0.002878,-0.001487,0.0,-0.001149,-0.00383,-0.001362,-0.002052,-0.00271,-0.00372,-0.000985,-0.000899,-0.000833,0.0,-0.001038,-0.002035,-0.002231,-0.001671
2017-06-01 08:16:00+02:00,0.0,0.0,-0.000816,-0.002569,-0.0008,-8.3e-05,-0.001368,-0.001651,-0.001911,-0.00023,-9e-06,0.0,-0.001081,-0.000699,-0.000217,-0.003353,-0.000343,0.0,-0.000124,-0.0037,0.0,-0.003664,-0.002248,0.0,-0.002762,-0.003808,-0.00168,0.0,-0.001016,-0.000137,0.0,-0.001049,0.0,-0.000517,-0.000426,0.0,-0.000599,-0.002073,0.0,-0.003274,-0.001019,0.0,-0.00191,0.0,-0.000713,-0.001547,-0.001598,-0.002385,-0.001125,0.0,-2.8e-05,-0.001277,-0.000914,-0.000758,0.0,0.0,-0.000585,0.0,0.0,-0.001445,-0.001608,-0.003057,-0.002443,0.0,-0.000837,-0.003524,-0.001124,-0.002466,0.0,-0.000783,-0.000946,-8.2e-05,0.0,-0.000693,-0.00046,0.0,-0.000384,0.0,-0.001838,0.0,-0.001559,0.0,-0.00164,-0.002931,-0.000411,-0.000455,-0.002959,0.0,-2.5e-05,0.0,-0.000343,-0.001342,-0.001051,0.0,-0.000369,-0.001399,-0.003597,-0.003698,0.0,-0.002804,-3.2e-05,-0.002979,-0.00154,0.0,-0.001211,-0.003973,-0.001432,-0.002106,-0.002801,-0.003863,-0.00104,-0.00092,-0.000858,0.0,-0.001066,-0.002092,-0.002297,-0.001752
2017-06-01 08:17:00+02:00,0.0,0.0,-0.000802,-0.002627,-0.000805,-6.7e-05,-0.001411,-0.001711,-0.001948,-0.000211,-7e-06,0.0,-0.001125,-0.000728,-0.000221,-0.003437,-0.000311,0.0,-9.9e-05,-0.003801,0.0,-0.003766,-0.002319,0.0,-0.002808,-0.00391,-0.001738,0.0,-0.00103,-0.000114,0.0,-0.001078,0.0,-0.000533,-0.000441,0.0,-0.00057,-0.002136,0.0,-0.003344,-0.00106,0.0,-0.001941,0.0,-0.000712,-0.001557,-0.001629,-0.002461,-0.001141,0.0,-2.3e-05,-0.001327,-0.000951,-0.00079,0.0,0.0,-0.000564,0.0,0.0,-0.001478,-0.001668,-0.003121,-0.002493,0.0,-0.000828,-0.003615,-0.001154,-0.002546,0.0,-0.000806,-0.000971,-6.6e-05,0.0,-0.000723,-0.000477,0.0,-0.000351,0.0,-0.001888,0.0,-0.001615,0.0,-0.001656,-0.002996,-0.000395,-0.000424,-0.003046,0.0,-2e-05,0.0,-0.000344,-0.001395,-0.001093,0.0,-0.000382,-0.001399,-0.003699,-0.003798,0.0,-0.002848,-2.6e-05,-0.003048,-0.001575,0.0,-0.001258,-0.004075,-0.001487,-0.002134,-0.002862,-0.003966,-0.001082,-0.000929,-0.000873,0.0,-0.001079,-0.002127,-0.002338,-0.001813
2017-06-01 08:18:00+02:00,0.0,0.0,-0.000793,-0.00267,-0.000803,-5.3e-05,-0.001442,-0.001759,-0.001971,-0.00019,-5e-06,0.0,-0.001163,-0.000753,-0.000224,-0.0035,-0.000284,0.0,-7.9e-05,-0.003899,0.0,-0.003865,-0.002374,0.0,-0.002834,-0.003988,-0.001784,0.0,-0.001036,-9.4e-05,0.0,-0.0011,0.0,-0.000547,-0.000455,0.0,-0.000533,-0.002184,0.0,-0.003391,-0.001094,0.0,-0.001977,0.0,-0.000706,-0.001557,-0.001649,-0.002535,-0.001145,0.0,-1.8e-05,-0.001378,-0.000983,-0.000818,0.0,0.0,-0.000548,0.0,0.0,-0.001499,-0.001727,-0.003161,-0.002527,0.0,-0.000824,-0.003684,-0.001175,-0.002623,0.0,-0.000823,-0.000999,-5.2e-05,0.0,-0.000755,-0.000493,0.0,-0.000313,0.0,-0.001925,0.0,-0.001661,0.0,-0.00166,-0.003038,-0.000375,-0.000399,-0.003111,0.0,-1.6e-05,0.0,-0.000343,-0.00144,-0.001129,0.0,-0.000395,-0.001384,-0.00378,-0.003876,0.0,-0.002871,-2.1e-05,-0.0031,-0.001613,0.0,-0.001296,-0.004149,-0.001532,-0.002145,-0.002906,-0.004045,-0.001118,-0.000931,-0.000891,0.0,-0.001084,-0.002168,-0.002365,-0.001862
2017-06-01 08:19:00+02:00,0.0,0.0,-0.000797,-0.002725,-0.000813,-4.3e-05,-0.001482,-0.001813,-0.002011,-0.000178,-4e-06,0.0,-0.001209,-0.000783,-0.00023,-0.003575,-0.000271,0.0,-6.4e-05,-0.004003,0.0,-0.003969,-0.002438,0.0,-0.002883,-0.004077,-0.001837,0.0,-0.001053,-8.4e-05,0.0,-0.001131,0.0,-0.000565,-0.000473,0.0,-0.000516,-0.002242,0.0,-0.003458,-0.001134,0.0,-0.002024,0.0,-0.000713,-0.001572,-0.001681,-0.002615,-0.001164,0.0,-1.5e-05,-0.001433,-0.00102,-0.000852,0.0,0.0,-0.000545,0.0,0.0,-0.001531,-0.001791,-0.003222,-0.002574,0.0,-0.000832,-0.003765,-0.001205,-0.002706,0.0,-0.000847,-0.001032,-4.2e-05,0.0,-0.000789,-0.000512,0.0,-0.000293,0.0,-0.001972,0.0,-0.001713,0.0,-0.00168,-0.003101,-0.000369,-0.000388,-0.003193,0.0,-1.3e-05,0.0,-0.000348,-0.001491,-0.001173,0.0,-0.00041,-0.00139,-0.003873,-0.003965,0.0,-0.002916,-1.6e-05,-0.003163,-0.00166,0.0,-0.00134,-0.004245,-0.001587,-0.002177,-0.002962,-0.004136,-0.001158,-0.000944,-0.000916,0.0,-0.001101,-0.002219,-0.002405,-0.001923
2017-06-01 08:20:00+02:00,0.0,0.0,-0.000805,-0.00278,-0.00083,-3.4e-05,-0.001526,-0.00187,-0.002059,-0.000171,-3e-06,0.0,-0.001256,-0.000816,-0.000238,-0.003648,-0.000263,0.0,-5.1e-05,-0.004101,0.0,-0.004069,-0.002504,0.0,-0.002944,-0.004161,-0.001892,0.0,-0.001072,-7.6e-05,0.0,-0.001167,0.0,-0.000587,-0.000492,0.0,-0.000512,-0.002303,0.0,-0.003531,-0.001175,0.0,-0.002069,0.0,-0.000726,-0.001591,-0.001714,-0.002691,-0.00119,0.0,-1.2e-05,-0.001486,-0.001057,-0.000889,0.0,0.0,-0.000546,0.0,0.0,-0.001568,-0.001853,-0.00329,-0.002622,0.0,-0.000843,-0.003842,-0.001238,-0.002785,0.0,-0.000873,-0.001065,-3.4e-05,0.0,-0.000824,-0.000534,0.0,-0.00028,0.0,-0.002022,0.0,-0.001765,0.0,-0.001704,-0.003171,-0.00037,-0.000382,-0.003278,0.0,-1e-05,0.0,-0.000356,-0.00154,-0.001219,0.0,-0.000425,-0.001409,-0.00396,-0.004048,0.0,-0.002971,-1.3e-05,-0.003225,-0.001705,0.0,-0.001385,-0.004344,-0.001644,-0.002219,-0.003017,-0.00422,-0.0012,-0.00096,-0.000941,0.0,-0.001123,-0.002268,-0.002446,-0.001986
2017-06-01 08:21:00+02:00,0.0,0.0,-0.000795,-0.002804,-0.000824,-2.7e-05,-0.001541,-0.001896,-0.002088,-0.000156,-3e-06,0.0,-0.001294,-0.000844,-0.000246,-0.003682,-0.000241,0.0,-4.1e-05,-0.004159,0.0,-0.004128,-0.002534,0.0,-0.002981,-0.004205,-0.001915,0.0,-0.001075,-6.1e-05,0.0,-0.001192,0.0,-0.000605,-0.000511,0.0,-0.000497,-0.002329,0.0,-0.003576,-0.001197,0.0,-0.002089,0.0,-0.000718,-0.001588,-0.001723,-0.002735,-0.001202,0.0,-9e-06,-0.001524,-0.001083,-0.00092,0.0,0.0,-0.000532,0.0,0.0,-0.001576,-0.001893,-0.003331,-0.00264,0.0,-0.000836,-0.00388,-0.001247,-0.002832,0.0,-0.000882,-0.001083,-2.7e-05,0.0,-0.000852,-0.000555,0.0,-0.000255,0.0,-0.00204,0.0,-0.001795,0.0,-0.001704,-0.003214,-0.000353,-0.000361,-0.003331,0.0,-8e-06,0.0,-0.000353,-0.001572,-0.001255,0.0,-0.000439,-0.001411,-0.004008,-0.004093,0.0,-0.003002,-1.1e-05,-0.003253,-0.001726,0.0,-0.001407,-0.004407,-0.001686,-0.00224,-0.003041,-0.004264,-0.001222,-0.00096,-0.00095,0.0,-0.001121,-0.00229,-0.002459,-0.00203
2017-06-01 08:22:00+02:00,0.0,0.0,-0.000766,-0.002797,-0.000797,-2.2e-05,-0.001534,-0.0019,-0.00209,-0.00013,-2e-06,0.0,-0.001317,-0.000861,-0.000247,-0.00368,-0.000204,0.0,-3.3e-05,-0.004185,0.0,-0.004155,-0.002533,0.0,-0.002979,-0.004208,-0.001916,0.0,-0.00106,-4.9e-05,0.0,-0.001201,0.0,-0.000614,-0.000522,0.0,-0.000458,-0.002326,0.0,-0.003577,-0.001204,0.0,-0.002083,0.0,-0.000689,-0.001559,-0.00171,-0.002759,-0.001192,0.0,-7e-06,-0.00155,-0.001098,-0.00094,0.0,0.0,-0.0005,0.0,0.0,-0.001557,-0.00192,-0.00333,-0.002628,0.0,-0.000811,-0.00388,-0.001234,-0.002857,0.0,-0.000875,-0.001089,-2.1e-05,0.0,-0.000874,-0.000567,0.0,-0.000211,0.0,-0.00203,0.0,-0.001809,0.0,-0.001679,-0.003217,-0.000316,-0.000323,-0.003347,0.0,-6e-06,0.0,-0.00034,-0.00159,-0.001277,0.0,-0.000447,-0.001382,-0.00402,-0.0041,0.0,-0.002993,-8e-06,-0.003247,-0.001729,0.0,-0.001413,-0.00442,-0.001709,-0.002226,-0.003031,-0.004267,-0.00123,-0.000944,-0.000947,0.0,-0.001094,-0.002286,-0.002442,-0.002052
2017-06-01 08:23:00+02:00,0.0,0.0,-0.00076,-0.002796,-0.000787,-1.7e-05,-0.001532,-0.001901,-0.0021,-0.000119,-2e-06,0.0,-0.001341,-0.000882,-0.000253,-0.003679,-0.000194,0.0,-2.6e-05,-0.004211,0.0,-0.004183,-0.002531,0.0,-0.002992,-0.004208,-0.001916,0.0,-0.001055,-3.9e-05,0.0,-0.001216,0.0,-0.000627,-0.000536,0.0,-0.000447,-0.002325,0.0,-0.003591,-0.00121,0.0,-0.002092,0.0,-0.000678,-0.001547,-0.001706,-0.00278,-0.001195,0.0,-6e-06,-0.001574,-0.001112,-0.000962,0.0,0.0,-0.000493,0.0,0.0,-0.001549,-0.001944,-0.003343,-0.002624,0.0,-0.000808,-0.003879,-0.00123,-0.00288,0.0,-0.000874,-0.0011,-1.7e-05,0.0,-0.000895,-0.000583,0.0,-0.000192,0.0,-0.002026,0.0,-0.001819,0.0,-0.001669,-0.003233,-0.000301,-0.000312,-0.003367,0.0,-5e-06,0.0,-0.000335,-0.001604,-0.0013,0.0,-0.000457,-0.001378,-0.004025,-0.004102,0.0,-0.003,-7e-06,-0.003244,-0.001739,0.0,-0.001417,-0.004443,-0.001734,-0.002231,-0.003027,-0.004266,-0.001236,-0.000938,-0.000953,0.0,-0.001084,-0.002295,-0.002435,-0.002075
2017-06-01 08:24:00+02:00,0.0,0.0,-0.000687,-0.002662,-0.000709,-1.4e-05,-0.001439,-0.001799,-0.002003,-9.5e-05,-1e-06,0.0,-0.001306,-0.000864,-0.000245,-0.003516,-0.000155,0.0,-2.1e-05,-0.004057,0.0,-0.004031,-0.002404,0.0,-0.002863,-0.004028,-0.001811,0.0,-0.000983,-3.1e-05,0.0,-0.001167,0.0,-0.00061,-0.000531,0.0,-0.00038,-0.002205,0.0,-0.003447,-0.001149,0.0,-0.001989,0.0,-0.000603,-0.001442,-0.001605,-0.002666,-0.001125,0.0,-5e-06,-0.001522,-0.001073,-0.000945,0.0,0.0,-0.000428,0.0,0.0,-0.001449,-0.001873,-0.003205,-0.002492,0.0,-0.000736,-0.00371,-0.001147,-0.002764,0.0,-0.000816,-0.001048,-1.4e-05,0.0,-0.000879,-0.000578,0.0,-0.000154,0.0,-0.001913,0.0,-0.00174,0.0,-0.001562,-0.003102,-0.000241,-0.00025,-0.003232,0.0,-4e-06,0.0,-0.000296,-0.001542,-0.001266,0.0,-0.000448,-0.001286,-0.003855,-0.003928,0.0,-0.002867,-5e-06,-0.003094,-0.001653,0.0,-0.001343,-0.004284,-0.001679,-0.002121,-0.002883,-0.004084,-0.001174,-0.000869,-0.000897,0.0,-0.000995,-0.002186,-0.002306,-0.002
2017-06-01 08:25:00+02:00,0.0,0.0,-0.00055,-0.00244,-0.000567,-1.1e-05,-0.001262,-0.001622,-0.001873,-7.6e-05,-1e-06,0.0,-0.001244,-0.000823,-0.000218,-0.003262,-0.000124,0.0,-1.7e-05,-0.003785,0.0,-0.00376,-0.002165,0.0,-0.002674,-0.003761,-0.001624,0.0,-0.00085,-2.5e-05,0.0,-0.001092,0.0,-0.000572,-0.000504,0.0,-0.000304,-0.001978,0.0,-0.003217,-0.001036,0.0,-0.001768,0.0,-0.000482,-0.001239,-0.001435,-0.002475,-0.000999,0.0,-4e-06,-0.001425,-0.001006,-0.000903,0.0,0.0,-0.000343,0.0,0.0,-0.001235,-0.001749,-0.002982,-0.002269,0.0,-0.000589,-0.003451,-0.000978,-0.002571,0.0,-0.000693,-0.000939,-1.1e-05,0.0,-0.00083,-0.000552,0.0,-0.000123,0.0,-0.001689,0.0,-0.001623,0.0,-0.001362,-0.00289,-0.000193,-0.0002,-0.003041,0.0,-3e-06,0.0,-0.000237,-0.001448,-0.001203,0.0,-0.000419,-0.001099,-0.003606,-0.003672,0.0,-0.002658,-4e-06,-0.002853,-0.001486,0.0,-0.001207,-0.004034,-0.001592,-0.001928,-0.00265,-0.003815,-0.001059,-0.000738,-0.000774,0.0,-0.000796,-0.001956,-0.002083,-0.001889
2017-06-01 08:26:00+02:00,0.0,0.0,-0.000654,-0.002625,-0.000679,-9e-06,-0.001384,-0.00175,-0.002043,-0.000127,-1e-06,0.0,-0.001348,-0.000901,-0.000256,-0.003464,-0.00019,0.0,-2.9e-05,-0.003982,0.0,-0.003958,-0.002329,0.0,-0.002908,-0.003974,-0.001756,0.0,-0.000959,-5.8e-05,0.0,-0.001203,0.0,-0.000639,-0.00056,0.0,-0.000418,-0.002137,0.0,-0.003438,-0.00113,0.0,-0.001917,0.0,-0.000587,-0.001393,-0.001572,-0.002622,-0.001123,0.0,-3e-06,-0.001526,-0.001092,-0.000986,0.0,0.0,-0.000431,0.0,0.0,-0.001374,-0.001865,-0.003199,-0.002448,0.0,-0.000697,-0.003658,-0.001091,-0.002722,0.0,-0.000782,-0.001027,-3.4e-05,0.0,-0.000899,-0.00061,0.0,-0.000203,0.0,-0.001839,0.0,-0.001744,0.0,-0.001518,-0.003106,-0.000274,-0.000278,-0.003236,0.0,-3e-06,0.0,-0.000294,-0.001556,-0.001305,0.0,-0.000465,-0.001262,-0.003822,-0.003884,0.0,-0.002877,-3e-06,-0.003046,-0.001605,0.0,-0.001313,-0.004278,-0.001716,-0.002115,-0.002835,-0.004028,-0.001154,-0.000843,-0.000863,0.0,-0.000924,-0.002109,-0.002258,-0.00203
2017-06-01 08:27:00+02:00,0.0,0.0,-0.000788,-0.002855,-0.00082,-2.2e-05,-0.001538,-0.001914,-0.002255,-0.000193,-1e-06,0.0,-0.001484,-0.001002,-0.000304,-0.003721,-0.000284,0.0,-7.4e-05,-0.004248,0.0,-0.004226,-0.002543,0.0,-0.003203,-0.004247,-0.001926,0.0,-0.00109,-0.000107,0.0,-0.001341,0.0,-0.000724,-0.00063,0.0,-0.000564,-0.002343,0.0,-0.003733,-0.00125,0.0,-0.002109,0.0,-0.000721,-0.001579,-0.001739,-0.002816,-0.001278,0.0,-2e-06,-0.001656,-0.001198,-0.001093,0.0,0.0,-0.000546,0.0,0.0,-0.00155,-0.002016,-0.003487,-0.002671,0.0,-0.000834,-0.003921,-0.001233,-0.00292,0.0,-0.000892,-0.001138,-6.8e-05,0.0,-0.000987,-0.000685,0.0,-0.000307,0.0,-0.002032,0.0,-0.001893,0.0,-0.001709,-0.003391,-0.000381,-0.000384,-0.0035,0.0,-2e-06,0.0,-0.000367,-0.001691,-0.001438,0.0,-0.000523,-0.001467,-0.004096,-0.004156,0.0,-0.003157,-3e-06,-0.003289,-0.001759,0.0,-0.001448,-0.004611,-0.001879,-0.002356,-0.003069,-0.004302,-0.001274,-0.000969,-0.000974,0.0,-0.001083,-0.002308,-0.002474,-0.002215
2017-06-01 08:28:00+02:00,0.0,0.0,-0.000817,-0.002965,-0.000864,-1.8e-05,-0.001604,-0.00199,-0.002384,-0.000203,-1e-06,0.0,-0.001579,-0.001075,-0.000334,-0.00385,-0.000284,0.0,-5.9e-05,-0.004373,0.0,-0.004352,-0.002644,0.0,-0.003383,-0.004389,-0.002003,0.0,-0.001143,-0.000101,0.0,-0.001429,0.0,-0.000781,-0.000682,0.0,-0.000621,-0.002439,0.0,-0.003912,-0.00131,0.0,-0.002178,0.0,-0.000759,-0.001652,-0.001811,-0.002903,-0.001361,0.0,-2e-06,-0.001726,-0.001261,-0.001171,0.0,0.0,-0.000564,0.0,0.0,-0.001619,-0.002092,-0.003658,-0.002775,0.0,-0.000867,-0.004055,-0.001289,-0.003012,0.0,-0.000937,-0.001183,-6.6e-05,0.0,-0.001041,-0.00074,0.0,-0.000323,0.0,-0.002117,0.0,-0.001973,0.0,-0.001787,-0.003563,-0.0004,-0.00039,-0.003663,0.0,-2e-06,0.0,-0.000389,-0.001769,-0.001531,0.0,-0.000559,-0.001568,-0.004243,-0.004299,0.0,-0.003322,-2e-06,-0.003408,-0.001816,0.0,-0.001513,-0.004823,-0.001989,-0.00249,-0.003182,-0.004444,-0.001334,-0.001019,-0.001013,0.0,-0.001139,-0.002381,-0.00257,-0.002337
2017-06-01 08:29:00+02:00,0.0,0.0,-0.000802,-0.003023,-0.000865,-1.4e-05,-0.00163,-0.002029,-0.002475,-0.000188,-0.0,0.0,-0.001649,-0.001127,-0.000351,-0.003921,-0.000247,0.0,-4.7e-05,-0.00444,0.0,-0.00442,-0.002688,0.0,-0.003503,-0.00447,-0.002039,0.0,-0.001165,-8.1e-05,0.0,-0.00149,0.0,-0.00082,-0.000718,0.0,-0.000632,-0.002481,0.0,-0.004026,-0.001342,0.0,-0.002197,0.0,-0.000755,-0.001676,-0.001844,-0.002955,-0.001407,0.0,-2e-06,-0.001771,-0.001303,-0.001228,0.0,0.0,-0.00054,0.0,0.0,-0.001638,-0.002141,-0.003766,-0.002825,0.0,-0.000857,-0.00413,-0.001307,-0.003066,0.0,-0.000953,-0.001202,-5.2e-05,0.0,-0.001076,-0.000779,0.0,-0.000299,0.0,-0.002148,0.0,-0.002027,0.0,-0.001816,-0.003674,-0.000379,-0.000357,-0.00378,0.0,-1e-06,0.0,-0.000387,-0.001821,-0.001599,0.0,-0.000582,-0.001615,-0.004333,-0.004385,0.0,-0.003424,-2e-06,-0.00347,-0.001838,0.0,-0.001546,-0.004964,-0.00207,-0.002568,-0.00324,-0.004525,-0.001366,-0.001037,-0.001024,0.0,-0.001148,-0.002401,-0.002614,-0.002425
2017-06-01 08:30:00+02:00,0.0,0.0,-0.000798,-0.003081,-0.00087,-1.1e-05,-0.001657,-0.002067,-0.002551,-0.000182,-0.0,0.0,-0.001705,-0.001167,-0.000364,-0.003989,-0.000224,0.0,-3.8e-05,-0.004501,0.0,-0.004482,-0.002728,0.0,-0.003598,-0.004546,-0.002076,0.0,-0.001193,-6.4e-05,0.0,-0.00154,0.0,-0.00085,-0.000743,0.0,-0.000641,-0.00252,0.0,-0.004114,-0.001372,0.0,-0.00222,0.0,-0.000757,-0.001707,-0.001885,-0.003009,-0.001447,0.0,-1e-06,-0.001813,-0.001341,-0.001272,0.0,0.0,-0.000529,0.0,0.0,-0.001658,-0.002188,-0.003849,-0.002877,0.0,-0.000856,-0.004202,-0.001328,-0.003123,0.0,-0.000971,-0.001224,-4.2e-05,0.0,-0.001106,-0.000806,0.0,-0.000288,0.0,-0.002178,0.0,-0.002079,0.0,-0.001851,-0.00376,-0.000367,-0.000337,-0.003878,0.0,-1e-06,0.0,-0.000389,-0.001871,-0.001653,0.0,-0.0006,-0.001652,-0.004417,-0.004465,0.0,-0.003503,-1e-06,-0.003532,-0.001866,0.0,-0.001579,-0.005072,-0.002137,-0.002628,-0.003298,-0.004601,-0.001397,-0.001062,-0.001039,0.0,-0.001159,-0.002425,-0.00266,-0.002499
2017-06-01 08:31:00+02:00,0.0,0.0,-0.000748,-0.003065,-0.00083,-9e-06,-0.001639,-0.002058,-0.00256,-0.000149,-0.0,0.0,-0.001722,-0.001179,-0.000362,-0.003974,-0.00018,0.0,-3e-05,-0.004486,0.0,-0.004467,-0.002707,0.0,-0.003599,-0.004533,-0.002063,0.0,-0.001177,-5.2e-05,0.0,-0.001549,0.0,-0.000856,-0.00075,0.0,-0.000595,-0.0025,0.0,-0.004102,-0.001369,0.0,-0.002186,0.0,-0.000714,-0.001675,-0.001869,-0.003007,-0.001433,0.0,-1e-06,-0.001822,-0.00135,-0.001286,0.0,0.0,-0.000477,0.0,0.0,-0.001625,-0.002195,-0.003835,-0.002857,0.0,-0.000811,-0.004188,-0.001305,-0.003122,0.0,-0.000956,-0.001214,-3.4e-05,0.0,-0.001115,-0.000814,0.0,-0.000235,0.0,-0.002151,0.0,-0.002085,0.0,-0.001822,-0.003751,-0.000315,-0.000278,-0.003886,0.0,-1e-06,0.0,-0.000367,-0.001882,-0.001669,0.0,-0.000604,-0.001618,-0.004415,-0.004459,0.0,-0.00349,-1e-06,-0.003514,-0.001848,0.0,-0.001573,-0.005068,-0.002153,-0.002608,-0.00328,-0.00459,-0.001394,-0.001044,-0.001021,0.0,-0.001121,-0.00239,-0.002635,-0.002513
2017-06-01 08:32:00+02:00,0.0,0.0,-0.000703,-0.003024,-0.000787,-7e-06,-0.001615,-0.002042,-0.002554,-0.000119,-0.0,0.0,-0.00174,-0.001195,-0.000362,-0.003931,-0.000144,0.0,-2.4e-05,-0.004481,0.0,-0.004463,-0.002684,0.0,-0.003588,-0.004493,-0.002043,0.0,-0.001143,-4.1e-05,0.0,-0.001552,0.0,-0.000863,-0.000763,0.0,-0.000543,-0.002477,0.0,-0.004082,-0.001364,0.0,-0.00216,0.0,-0.000668,-0.001621,-0.00183,-0.003006,-0.001411,0.0,-1e-06,-0.001836,-0.001352,-0.001305,0.0,0.0,-0.000428,0.0,0.0,-0.001588,-0.002205,-0.003813,-0.002812,0.0,-0.000769,-0.004146,-0.001277,-0.003122,0.0,-0.000937,-0.001207,-2.7e-05,0.0,-0.001133,-0.000829,0.0,-0.000188,0.0,-0.002122,0.0,-0.002076,0.0,-0.001771,-0.003734,-0.000261,-0.000222,-0.003878,0.0,-1e-06,0.0,-0.000343,-0.001881,-0.001685,0.0,-0.000608,-0.001576,-0.004387,-0.004426,0.0,-0.003466,-1e-06,-0.00347,-0.001832,0.0,-0.001563,-0.005057,-0.002167,-0.00258,-0.003238,-0.00455,-0.001389,-0.001009,-0.001005,0.0,-0.00108,-0.002363,-0.002586,-0.002521
2017-06-01 08:33:00+02:00,0.0,0.0,-0.000698,-0.002999,-0.000779,-6e-06,-0.001598,-0.002022,-0.002519,-0.000111,-0.0,0.0,-0.001742,-0.001204,-0.000367,-0.003897,-0.000131,0.0,-1.9e-05,-0.004452,0.0,-0.004436,-0.002664,0.0,-0.003549,-0.004454,-0.002023,0.0,-0.00113,-3.3e-05,0.0,-0.001542,0.0,-0.000867,-0.000774,0.0,-0.000533,-0.002459,0.0,-0.004047,-0.001355,0.0,-0.002148,0.0,-0.000661,-0.001604,-0.001809,-0.002982,-0.001395,0.0,-1e-06,-0.001833,-0.001353,-0.001315,0.0,0.0,-0.000424,0.0,0.0,-0.001574,-0.002195,-0.00378,-0.002787,0.0,-0.000765,-0.004111,-0.001263,-0.003097,0.0,-0.000929,-0.001202,-2.1e-05,0.0,-0.001144,-0.000842,0.0,-0.000174,0.0,-0.002105,0.0,-0.002061,0.0,-0.001754,-0.003705,-0.000253,-0.000217,-0.00384,0.0,-1e-06,0.0,-0.00034,-0.001873,-0.001687,0.0,-0.000617,-0.001559,-0.004352,-0.00439,0.0,-0.003429,-1e-06,-0.00344,-0.001817,0.0,-0.001551,-0.005019,-0.00216,-0.002556,-0.003209,-0.00451,-0.00138,-0.000997,-0.000999,0.0,-0.001071,-0.002349,-0.002561,-0.002505
2017-06-01 08:34:00+02:00,0.0,0.0,-0.000558,-0.002845,-0.000643,-5e-06,-0.001479,-0.001908,-0.002419,-8.9e-05,-0.0,0.0,-0.001703,-0.001177,-0.000344,-0.003728,-0.000105,0.0,-1.6e-05,-0.004274,0.0,-0.004258,-0.002509,0.0,-0.003403,-0.004279,-0.0019,0.0,-0.001031,-2.6e-05,0.0,-0.001485,0.0,-0.000837,-0.000756,0.0,-0.000426,-0.00231,0.0,-0.00389,-0.00128,0.0,-0.001992,0.0,-0.000529,-0.001456,-0.001688,-0.002858,-0.001299,0.0,-1e-06,-0.00177,-0.001308,-0.001289,0.0,0.0,-0.000339,0.0,0.0,-0.001427,-0.002115,-0.003624,-0.002631,0.0,-0.000624,-0.00394,-0.001146,-0.002972,0.0,-0.000842,-0.001124,-1.7e-05,0.0,-0.001112,-0.000825,0.0,-0.00014,0.0,-0.001956,0.0,-0.001984,0.0,-0.001607,-0.003556,-0.000203,-0.000174,-0.003716,0.0,-0.0,0.0,-0.000272,-0.001813,-0.001648,0.0,-0.000595,-0.001416,-0.004193,-0.004226,0.0,-0.003274,-1e-06,-0.003276,-0.001701,0.0,-0.001462,-0.004854,-0.002106,-0.002413,-0.00305,-0.004336,-0.001304,-0.000899,-0.000909,0.0,-0.000928,-0.002189,-0.002404,-0.002435
2017-06-01 08:35:00+02:00,0.0,0.0,-0.000647,-0.002944,-0.000733,-4e-06,-0.001556,-0.001982,-0.002511,-0.000127,-0.0,0.0,-0.001768,-0.001231,-0.000374,-0.003827,-0.000159,0.0,-1.2e-05,-0.004377,0.0,-0.004362,-0.002608,0.0,-0.003533,-0.004379,-0.001979,0.0,-0.001098,-4.8e-05,0.0,-0.001551,0.0,-0.000884,-0.000797,0.0,-0.00052,-0.002407,0.0,-0.004015,-0.001338,0.0,-0.002088,0.0,-0.000617,-0.001551,-0.001765,-0.002936,-0.001377,0.0,-0.0,-0.001828,-0.001357,-0.001345,0.0,0.0,-0.000414,0.0,0.0,-0.001521,-0.002179,-0.003748,-0.002729,0.0,-0.000713,-0.004039,-0.001222,-0.003051,0.0,-0.000902,-0.00118,-3.1e-05,0.0,-0.001157,-0.000868,0.0,-0.0002,0.0,-0.002051,0.0,-0.002045,0.0,-0.001703,-0.003681,-0.000272,-0.000239,-0.003822,0.0,-0.0,0.0,-0.000321,-0.001869,-0.001712,0.0,-0.000628,-0.001526,-0.004296,-0.004327,0.0,-0.003397,-0.0,-0.003375,-0.001774,0.0,-0.001525,-0.004988,-0.002179,-0.002528,-0.003147,-0.004436,-0.001362,-0.000965,-0.00097,0.0,-0.001021,-0.002284,-0.0025,-0.002515
2017-06-01 08:36:00+02:00,0.0,0.0,-0.000562,-0.002815,-0.000647,-3e-06,-0.001463,-0.001885,-0.002419,-0.000102,-0.0,0.0,-0.001728,-0.001208,-0.00036,-0.003676,-0.000127,0.0,-1e-05,-0.004222,0.0,-0.004208,-0.002485,0.0,-0.003409,-0.004217,-0.001877,0.0,-0.001025,-3.9e-05,0.0,-0.0015,0.0,-0.000861,-0.000785,0.0,-0.000437,-0.002289,0.0,-0.003876,-0.001275,0.0,-0.001978,0.0,-0.000532,-0.001446,-0.001667,-0.002822,-0.001304,0.0,-0.0,-0.00177,-0.001315,-0.001321,0.0,0.0,-0.000331,0.0,0.0,-0.001418,-0.002103,-0.003613,-0.002602,0.0,-0.00063,-0.003884,-0.001137,-0.002935,0.0,-0.00084,-0.001122,-2.5e-05,0.0,-0.001131,-0.000857,0.0,-0.00016,0.0,-0.001939,0.0,-0.001969,0.0,-0.001597,-0.003552,-0.000217,-0.000191,-0.003693,0.0,-0.0,0.0,-0.000274,-0.001807,-0.001672,0.0,-0.000613,-0.001428,-0.004143,-0.004171,0.0,-0.003269,-0.0,-0.003233,-0.001684,0.0,-0.00145,-0.004833,-0.00212,-0.002417,-0.003012,-0.004274,-0.001299,-0.000895,-0.000907,0.0,-0.000927,-0.002169,-0.002376,-0.002439
2017-06-01 08:37:00+02:00,0.0,0.0,-0.00051,-0.002772,-0.000601,-2e-06,-0.001432,-0.001861,-0.002411,-8.1e-05,-0.0,0.0,-0.00174,-0.001216,-0.000357,-0.003628,-0.000102,0.0,-8e-06,-0.004172,0.0,-0.004158,-0.002441,0.0,-0.003384,-0.004168,-0.001849,0.0,-0.000998,-3.1e-05,0.0,-0.0015,0.0,-0.000863,-0.000789,0.0,-0.00039,-0.002249,0.0,-0.003844,-0.001262,0.0,-0.00193,0.0,-0.000485,-0.001396,-0.001636,-0.0028,-0.001284,0.0,-0.0,-0.001767,-0.001314,-0.001332,0.0,0.0,-0.000273,0.0,0.0,-0.001371,-0.002096,-0.00358,-0.002556,0.0,-0.000582,-0.003836,-0.001104,-0.002913,0.0,-0.000817,-0.001105,-2e-05,0.0,-0.001133,-0.000862,0.0,-0.000128,0.0,-0.001895,0.0,-0.001962,0.0,-0.001549,-0.003525,-0.000174,-0.000153,-0.003687,0.0,-0.0,0.0,-0.000249,-0.001805,-0.001683,0.0,-0.000611,-0.001386,-0.00411,-0.004132,0.0,-0.003233,-0.0,-0.003186,-0.001655,0.0,-0.001433,-0.004804,-0.002131,-0.002385,-0.002967,-0.004226,-0.001286,-0.000866,-0.000883,0.0,-0.00088,-0.002118,-0.002328,-0.002447
2017-06-01 08:38:00+02:00,0.0,0.0,-0.000693,-0.00302,-0.000793,-2e-05,-0.001628,-0.002066,-0.002637,-0.000168,-0.0,0.0,-0.001893,-0.00133,-0.000415,-0.003895,-0.000226,0.0,-6.3e-05,-0.004463,0.0,-0.00445,-0.002696,0.0,-0.003685,-0.004449,-0.00206,0.0,-0.001152,-9.5e-05,0.0,-0.001654,0.0,-0.000959,-0.000868,0.0,-0.000578,-0.002498,0.0,-0.004151,-0.001413,0.0,-0.002158,0.0,-0.000673,-0.001605,-0.001827,-0.00303,-0.001463,0.0,-0.0,-0.001921,-0.001433,-0.001452,0.0,0.0,-0.000439,0.0,0.0,-0.001589,-0.002274,-0.003878,-0.002797,0.0,-0.000766,-0.004108,-0.001287,-0.003146,0.0,-0.000961,-0.001244,-6.4e-05,0.0,-0.001235,-0.000945,0.0,-0.00026,0.0,-0.00213,0.0,-0.002129,0.0,-0.001762,-0.003824,-0.000327,-0.000295,-0.003975,0.0,-0.0,0.0,-0.000356,-0.001956,-0.001833,0.0,-0.000676,-0.001612,-0.004402,-0.004418,0.0,-0.00352,-0.0,-0.003442,-0.001844,0.0,-0.001603,-0.005144,-0.002313,-0.002645,-0.003218,-0.004508,-0.001438,-0.001016,-0.001025,0.0,-0.001082,-0.002351,-0.002561,-0.002654
2017-06-01 08:39:00+02:00,0.0,0.0,-0.00074,-0.003133,-0.000854,-1.6e-05,-0.001707,-0.00216,-0.002725,-0.000178,-0.0,0.0,-0.001968,-0.001388,-0.000437,-0.004023,-0.000228,0.0,-5e-05,-0.0046,0.0,-0.004587,-0.002808,0.0,-0.003797,-0.004588,-0.002153,0.0,-0.001213,-8.2e-05,0.0,-0.001719,0.0,-0.001002,-0.000908,0.0,-0.000616,-0.002607,0.0,-0.004268,-0.001485,0.0,-0.002243,0.0,-0.000729,-0.001681,-0.001907,-0.00314,-0.001522,0.0,-0.0,-0.002004,-0.001501,-0.001513,0.0,0.0,-0.000475,0.0,0.0,-0.001669,-0.002367,-0.003988,-0.002902,0.0,-0.000817,-0.004239,-0.001356,-0.00326,0.0,-0.001017,-0.001303,-5.6e-05,0.0,-0.001294,-0.000988,0.0,-0.000276,0.0,-0.002225,0.0,-0.002218,0.0,-0.001844,-0.003939,-0.000356,-0.000309,-0.004094,0.0,-0.0,0.0,-0.000389,-0.00204,-0.001906,0.0,-0.000712,-0.001674,-0.004555,-0.004566,0.0,-0.003622,-0.0,-0.003561,-0.001921,0.0,-0.001681,-0.005279,-0.0024,-0.002734,-0.003334,-0.00465,-0.001511,-0.001073,-0.001077,0.0,-0.001149,-0.00244,-0.002659,-0.002748
2017-06-01 08:40:00+02:00,0.0,0.0,-0.000773,-0.003237,-0.000896,-1.3e-05,-0.001765,-0.00223,-0.00282,-0.000186,-0.0,0.0,-0.002046,-0.001451,-0.000463,-0.004141,-0.000222,0.0,-4e-05,-0.004718,0.0,-0.004705,-0.002897,0.0,-0.003926,-0.004719,-0.002221,0.0,-0.001264,-6.7e-05,0.0,-0.00179,0.0,-0.001052,-0.000955,0.0,-0.000655,-0.002693,0.0,-0.00439,-0.00154,0.0,-0.002313,0.0,-0.000768,-0.001748,-0.001975,-0.003228,-0.00158,0.0,-0.0,-0.002075,-0.001565,-0.00158,0.0,0.0,-0.000498,0.0,0.0,-0.001729,-0.002445,-0.004105,-0.002998,0.0,-0.000854,-0.004361,-0.001406,-0.003351,0.0,-0.001059,-0.001351,-4.8e-05,0.0,-0.00135,-0.001038,0.0,-0.000287,0.0,-0.0023,0.0,-0.002298,0.0,-0.001916,-0.004059,-0.000371,-0.000314,-0.004208,0.0,-0.0,0.0,-0.000412,-0.002118,-0.001982,0.0,-0.000751,-0.001739,-0.004698,-0.004704,0.0,-0.003736,-0.0,-0.00367,-0.001981,0.0,-0.001741,-0.005418,-0.002486,-0.002828,-0.00344,-0.004783,-0.001568,-0.001121,-0.001117,0.0,-0.001197,-0.002512,-0.002747,-0.00284
2017-06-01 08:41:00+02:00,0.0,0.0,-0.000784,-0.003302,-0.000893,-1e-05,-0.001778,-0.002254,-0.002898,-0.000177,-0.0,0.0,-0.002113,-0.001505,-0.000484,-0.004218,-0.000199,0.0,-3.2e-05,-0.004803,0.0,-0.00479,-0.002927,0.0,-0.004032,-0.004807,-0.00224,0.0,-0.00129,-5.3e-05,0.0,-0.001849,0.0,-0.001094,-0.000997,0.0,-0.000672,-0.002719,0.0,-0.004486,-0.001561,0.0,-0.002358,0.0,-0.000763,-0.00178,-0.002013,-0.003292,-0.00162,0.0,-0.0,-0.002132,-0.001613,-0.001639,0.0,0.0,-0.0005,0.0,0.0,-0.001738,-0.002504,-0.004195,-0.003056,0.0,-0.000867,-0.004442,-0.001414,-0.003417,0.0,-0.001068,-0.001384,-3.9e-05,0.0,-0.001397,-0.001083,0.0,-0.000273,0.0,-0.002319,0.0,-0.002355,0.0,-0.001952,-0.004153,-0.000347,-0.000299,-0.004296,0.0,-0.0,0.0,-0.000409,-0.002176,-0.002047,0.0,-0.000782,-0.00178,-0.004798,-0.004801,0.0,-0.003826,-0.0,-0.003739,-0.002021,0.0,-0.001761,-0.005529,-0.002559,-0.002898,-0.003507,-0.004874,-0.001591,-0.001144,-0.001141,0.0,-0.001198,-0.00256,-0.002798,-0.002916
2017-06-01 08:42:00+02:00,0.0,0.0,-0.00077,-0.003321,-0.000876,-8e-06,-0.001779,-0.002264,-0.002926,-0.000158,-0.0,0.0,-0.002141,-0.001524,-0.000486,-0.004245,-0.000163,0.0,-2.6e-05,-0.004828,0.0,-0.004815,-0.002926,0.0,-0.004056,-0.004841,-0.002247,0.0,-0.001297,-4.3e-05,0.0,-0.00187,0.0,-0.001107,-0.001007,0.0,-0.000656,-0.002719,0.0,-0.004505,-0.00157,0.0,-0.002363,0.0,-0.000744,-0.001779,-0.002027,-0.003326,-0.00163,0.0,-0.0,-0.00216,-0.001638,-0.00166,0.0,0.0,-0.000481,0.0,0.0,-0.001727,-0.002535,-0.004211,-0.00307,0.0,-0.000856,-0.004472,-0.001411,-0.003452,0.0,-0.001066,-0.001397,-3.1e-05,0.0,-0.001416,-0.001094,0.0,-0.000243,0.0,-0.002313,0.0,-0.002387,0.0,-0.001954,-0.004174,-0.000316,-0.000269,-0.004337,0.0,-0.0,0.0,-0.0004,-0.002209,-0.002073,0.0,-0.00079,-0.001775,-0.004845,-0.004842,0.0,-0.00384,-0.0,-0.003761,-0.002038,0.0,-0.001769,-0.005554,-0.002591,-0.002908,-0.003528,-0.004909,-0.001601,-0.001148,-0.001147,0.0,-0.001182,-0.002566,-0.002808,-0.00295
2017-06-01 08:43:00+02:00,0.0,0.0,-0.000697,-0.00313,-0.000799,-7e-06,-0.001665,-0.002129,-0.00274,-0.000127,-0.0,0.0,-0.002004,-0.001447,-0.000458,-0.004015,-0.00013,0.0,-2.1e-05,-0.004579,0.0,-0.004568,-0.002766,0.0,-0.003815,-0.004584,-0.002112,0.0,-0.001201,-3.4e-05,0.0,-0.001756,0.0,-0.001047,-0.000961,0.0,-0.000573,-0.002566,0.0,-0.004244,-0.001477,0.0,-0.002227,0.0,-0.000673,-0.001654,-0.001891,-0.003137,-0.00151,0.0,-0.0,-0.002044,-0.00155,-0.001577,0.0,0.0,-0.000418,0.0,0.0,-0.001615,-0.002394,-0.003965,-0.00289,0.0,-0.00078,-0.004232,-0.001313,-0.003256,0.0,-0.000992,-0.001312,-2.5e-05,0.0,-0.001352,-0.001046,0.0,-0.000195,0.0,-0.002177,0.0,-0.002248,0.0,-0.001822,-0.003929,-0.000258,-0.000215,-0.004072,0.0,-0.0,0.0,-0.000359,-0.002087,-0.001958,0.0,-0.000756,-0.001641,-0.004581,-0.004583,0.0,-0.003611,-0.0,-0.003551,-0.001913,0.0,-0.001663,-0.005192,-0.002412,-0.00272,-0.003327,-0.004649,-0.001507,-0.00106,-0.001069,0.0,-0.001092,-0.002421,-0.002638,-0.002772
2017-06-01 08:44:00+02:00,0.0,0.0,-0.000557,-0.002614,-0.00064,-5e-06,-0.001332,-0.001738,-0.002346,-0.000101,-0.0,0.0,-0.001763,-0.001263,-0.000366,-0.003456,-0.000104,0.0,-1.6e-05,-0.003964,0.0,-0.003951,-0.002255,0.0,-0.00326,-0.004002,-0.0017,0.0,-0.000961,-2.7e-05,0.0,-0.001494,0.0,-0.000882,-0.00083,0.0,-0.000458,-0.002067,0.0,-0.003646,-0.001195,0.0,-0.001781,0.0,-0.000538,-0.001323,-0.001513,-0.002687,-0.001208,0.0,-0.0,-0.001764,-0.001341,-0.001386,0.0,0.0,-0.000334,0.0,0.0,-0.001292,-0.002064,-0.003379,-0.00238,0.0,-0.000624,-0.003664,-0.00105,-0.002801,0.0,-0.000793,-0.00105,-2e-05,0.0,-0.001173,-0.00091,0.0,-0.000156,0.0,-0.001741,0.0,-0.001943,0.0,-0.001457,-0.003352,-0.000206,-0.000172,-0.003552,0.0,-0.0,0.0,-0.000288,-0.001822,-0.001716,0.0,-0.000638,-0.001313,-0.004011,-0.004011,0.0,-0.003052,-0.0,-0.003012,-0.00153,0.0,-0.001341,-0.004543,-0.002117,-0.002201,-0.002803,-0.004067,-0.001223,-0.000848,-0.000855,0.0,-0.000874,-0.001937,-0.002136,-0.002422
2017-06-01 08:45:00+02:00,0.0,0.0,-0.000788,-0.003014,-0.000884,-6.7e-05,-0.001604,-0.00203,-0.002694,-0.000234,-0.0,0.0,-0.001979,-0.001441,-0.000464,-0.003888,-0.000281,0.0,-0.000116,-0.004399,0.0,-0.004386,-0.002623,0.0,-0.003731,-0.004455,-0.002001,0.0,-0.001197,-0.000125,0.0,-0.001735,0.0,-0.00104,-0.000961,0.0,-0.000716,-0.00243,0.0,-0.004111,-0.001415,0.0,-0.002121,0.0,-0.000774,-0.001641,-0.001816,-0.003021,-0.00148,0.0,-1.6e-05,-0.001994,-0.001536,-0.001561,0.0,0.0,-0.000546,0.0,0.0,-0.001589,-0.002327,-0.003835,-0.00277,0.0,-0.00086,-0.004104,-0.001298,-0.00314,0.0,-0.000991,-0.00126,-0.000102,0.0,-0.001333,-0.001046,0.0,-0.000359,0.0,-0.002078,0.0,-0.002209,0.0,-0.001788,-0.003809,-0.000407,-0.000362,-0.003967,0.0,-5e-06,0.0,-0.000425,-0.002063,-0.001942,0.0,-0.000751,-0.001646,-0.004481,-0.004473,0.0,-0.0035,-3.3e-05,-0.003426,-0.001814,0.0,-0.001586,-0.00502,-0.002381,-0.002613,-0.00321,-0.004522,-0.001445,-0.001073,-0.001057,0.0,-0.001137,-0.002289,-0.002516,-0.002726
2017-06-01 08:46:00+02:00,0.0,0.0,-0.000856,-0.003214,-0.000969,-5.4e-05,-0.001733,-0.002182,-0.002898,-0.000263,-0.0,0.0,-0.002129,-0.001553,-0.000515,-0.00411,-0.000305,0.0,-9.2e-05,-0.004628,0.0,-0.004615,-0.002811,0.0,-0.004001,-0.004693,-0.002155,0.0,-0.0013,-0.000127,0.0,-0.001877,0.0,-0.001134,-0.001042,0.0,-0.000809,-0.002615,0.0,-0.004377,-0.001531,0.0,-0.002275,0.0,-0.000851,-0.001774,-0.001961,-0.0032,-0.001619,0.0,-1.3e-05,-0.002123,-0.001645,-0.00168,0.0,0.0,-0.000599,0.0,0.0,-0.001717,-0.002472,-0.00409,-0.00296,0.0,-0.000934,-0.004333,-0.001407,-0.003323,0.0,-0.001078,-0.001362,-0.000108,0.0,-0.001425,-0.001131,0.0,-0.000402,0.0,-0.002239,0.0,-0.002354,0.0,-0.001931,-0.004068,-0.000456,-0.000397,-0.004215,0.0,-4e-06,0.0,-0.00047,-0.002198,-0.002083,0.0,-0.000813,-0.0018,-0.004735,-0.00472,0.0,-0.00375,-2.6e-05,-0.003634,-0.001951,0.0,-0.001714,-0.005327,-0.002554,-0.002834,-0.003414,-0.004763,-0.001562,-0.001168,-0.001143,0.0,-0.001236,-0.002452,-0.002697,-0.002912
2017-06-01 08:47:00+02:00,0.0,0.0,-0.00085,-0.003312,-0.000975,-4.3e-05,-0.001787,-0.002257,-0.003014,-0.000246,-0.0,0.0,-0.002224,-0.001623,-0.00054,-0.004225,-0.000264,0.0,-7.4e-05,-0.004754,0.0,-0.004739,-0.002898,0.0,-0.004149,-0.00482,-0.002228,0.0,-0.00134,-0.000102,0.0,-0.001959,0.0,-0.001189,-0.001092,0.0,-0.000818,-0.002702,0.0,-0.00452,-0.00159,0.0,-0.002339,0.0,-0.000852,-0.001819,-0.002026,-0.0033,-0.001684,0.0,-1e-05,-0.0022,-0.001709,-0.001757,0.0,0.0,-0.000581,0.0,0.0,-0.001758,-0.002558,-0.004226,-0.00305,0.0,-0.000933,-0.004453,-0.001444,-0.003426,0.0,-0.001109,-0.001411,-8.6e-05,0.0,-0.001483,-0.001185,0.0,-0.000376,0.0,-0.002307,0.0,-0.002437,0.0,-0.001985,-0.004207,-0.000435,-0.000364,-0.004359,0.0,-3e-06,0.0,-0.000472,-0.002278,-0.002172,0.0,-0.000849,-0.001857,-0.004878,-0.004858,0.0,-0.003881,-2.1e-05,-0.003739,-0.002016,0.0,-0.001778,-0.005503,-0.002662,-0.002944,-0.003517,-0.004893,-0.001622,-0.0012,-0.001174,0.0,-0.001254,-0.002524,-0.00278,-0.003024
2017-06-01 08:48:00+02:00,0.0,0.0,-0.000826,-0.003383,-0.000961,-3.4e-05,-0.001814,-0.002303,-0.00309,-0.00022,-0.0,0.0,-0.002295,-0.001677,-0.000557,-0.00431,-0.000211,0.0,-5.9e-05,-0.004844,0.0,-0.004829,-0.002952,0.0,-0.004246,-0.004915,-0.002272,0.0,-0.001361,-8.1e-05,0.0,-0.002016,0.0,-0.001229,-0.001131,0.0,-0.000799,-0.002755,0.0,-0.004612,-0.001629,0.0,-0.002375,0.0,-0.000832,-0.001841,-0.002069,-0.003371,-0.001718,0.0,-8e-06,-0.00226,-0.001762,-0.001817,0.0,0.0,-0.000547,0.0,0.0,-0.001772,-0.002622,-0.004311,-0.003114,0.0,-0.000914,-0.004542,-0.001457,-0.0035,0.0,-0.001121,-0.001442,-6.9e-05,0.0,-0.001531,-0.001228,0.0,-0.000336,0.0,-0.002344,0.0,-0.002501,0.0,-0.002014,-0.004296,-0.000396,-0.000317,-0.004453,0.0,-2e-06,0.0,-0.000461,-0.002342,-0.002237,0.0,-0.00088,-0.001877,-0.004988,-0.004963,0.0,-0.003963,-1.7e-05,-0.003814,-0.002057,0.0,-0.001818,-0.00562,-0.00274,-0.003009,-0.003591,-0.004991,-0.001661,-0.001216,-0.001188,0.0,-0.001249,-0.002565,-0.002836,-0.003103
2017-06-01 08:49:00+02:00,0.0,0.0,-0.000807,-0.00345,-0.000948,-2.8e-05,-0.001835,-0.002341,-0.003153,-0.000197,-0.0,0.0,-0.002362,-0.001732,-0.000575,-0.004392,-0.000169,0.0,-4.7e-05,-0.004938,0.0,-0.004921,-0.003002,0.0,-0.004334,-0.005008,-0.002307,0.0,-0.001379,-6.5e-05,0.0,-0.002068,0.0,-0.00127,-0.001174,0.0,-0.000778,-0.002805,0.0,-0.004695,-0.001663,0.0,-0.002411,0.0,-0.000814,-0.001862,-0.002104,-0.003434,-0.001743,0.0,-6e-06,-0.002319,-0.001814,-0.001877,0.0,0.0,-0.000517,0.0,0.0,-0.001786,-0.002684,-0.004388,-0.003174,0.0,-0.000899,-0.004629,-0.001466,-0.003566,0.0,-0.001131,-0.001472,-5.5e-05,0.0,-0.001583,-0.001275,0.0,-0.0003,0.0,-0.002378,0.0,-0.00256,0.0,-0.002043,-0.004376,-0.00036,-0.000276,-0.004526,0.0,-2e-06,0.0,-0.00045,-0.002403,-0.0023,0.0,-0.000915,-0.001892,-0.005094,-0.005065,0.0,-0.004037,-1.3e-05,-0.003887,-0.002092,0.0,-0.001852,-0.005726,-0.00281,-0.003066,-0.003663,-0.005087,-0.001695,-0.001228,-0.001201,0.0,-0.001244,-0.002608,-0.00289,-0.003171
2017-06-01 08:50:00+02:00,0.0,0.0,-0.00079,-0.003527,-0.000937,-2.2e-05,-0.001856,-0.002379,-0.003224,-0.000178,-0.0,0.0,-0.002438,-0.001794,-0.000596,-0.004486,-0.000135,0.0,-3.8e-05,-0.005032,0.0,-0.005013,-0.003052,0.0,-0.004434,-0.005116,-0.002342,0.0,-0.001402,-5.2e-05,0.0,-0.002126,0.0,-0.001315,-0.001223,0.0,-0.000766,-0.002855,0.0,-0.004793,-0.001697,0.0,-0.002448,0.0,-0.000799,-0.001889,-0.002144,-0.003497,-0.001775,0.0,-5e-06,-0.002379,-0.001872,-0.001945,0.0,0.0,-0.000491,0.0,0.0,-0.001801,-0.002746,-0.004478,-0.003242,0.0,-0.000886,-0.004728,-0.001477,-0.003632,0.0,-0.001142,-0.001501,-4.4e-05,0.0,-0.001637,-0.001327,0.0,-0.000271,0.0,-0.002413,0.0,-0.002627,0.0,-0.002077,-0.00447,-0.000329,-0.000239,-0.004614,0.0,-2e-06,0.0,-0.000442,-0.002472,-0.002371,0.0,-0.000954,-0.001916,-0.005216,-0.005183,0.0,-0.004123,-1.1e-05,-0.003971,-0.002126,0.0,-0.001886,-0.005849,-0.00289,-0.003133,-0.003745,-0.005198,-0.00173,-0.001245,-0.001215,0.0,-0.001242,-0.002649,-0.00295,-0.00325
2017-06-01 08:51:00+02:00,0.0,0.0,-0.000783,-0.003588,-0.000932,-1.8e-05,-0.001879,-0.002416,-0.003286,-0.000162,-0.0,0.0,-0.002508,-0.001851,-0.000615,-0.004562,-0.000108,0.0,-3e-05,-0.005126,0.0,-0.005106,-0.003101,0.0,-0.004521,-0.0052,-0.002376,0.0,-0.001419,-4.2e-05,0.0,-0.002177,0.0,-0.001356,-0.001268,0.0,-0.000757,-0.002903,0.0,-0.004882,-0.001729,0.0,-0.002488,0.0,-0.000791,-0.00191,-0.002175,-0.003561,-0.001804,0.0,-4e-06,-0.002438,-0.001921,-0.002008,0.0,0.0,-0.000475,0.0,0.0,-0.001818,-0.002808,-0.004559,-0.003297,0.0,-0.000883,-0.004807,-0.001489,-0.003698,0.0,-0.001154,-0.001532,-3.5e-05,0.0,-0.001689,-0.001376,0.0,-0.000246,0.0,-0.002449,0.0,-0.002681,0.0,-0.002104,-0.004555,-0.000305,-0.000214,-0.004695,0.0,-1e-06,0.0,-0.000437,-0.002529,-0.002437,0.0,-0.000987,-0.001939,-0.005313,-0.005275,0.0,-0.004197,-9e-06,-0.004037,-0.002163,0.0,-0.00192,-0.005961,-0.002963,-0.003192,-0.003811,-0.005285,-0.001764,-0.001258,-0.001233,0.0,-0.001244,-0.002694,-0.002998,-0.003322
2017-06-01 08:52:00+02:00,0.0,0.0,-0.000765,-0.003617,-0.00091,-1.4e-05,-0.00188,-0.002429,-0.003323,-0.000139,-0.0,0.0,-0.002558,-0.001891,-0.000627,-0.004599,-8.7e-05,0.0,-2.4e-05,-0.005193,0.0,-0.00517,-0.003115,0.0,-0.004569,-0.005243,-0.002386,0.0,-0.001422,-3.3e-05,0.0,-0.00221,0.0,-0.001383,-0.001299,0.0,-0.000735,-0.002918,0.0,-0.004933,-0.001743,0.0,-0.002508,0.0,-0.000766,-0.001909,-0.002187,-0.003607,-0.001815,0.0,-3e-06,-0.002483,-0.001953,-0.002053,0.0,0.0,-0.000451,0.0,0.0,-0.001812,-0.002854,-0.004603,-0.003321,0.0,-0.000869,-0.004847,-0.001484,-0.003747,0.0,-0.001152,-0.001552,-2.8e-05,0.0,-0.00173,-0.001411,0.0,-0.000211,0.0,-0.002455,0.0,-0.002714,0.0,-0.002108,-0.004602,-0.00027,-0.000183,-0.004746,0.0,-1e-06,0.0,-0.000423,-0.002565,-0.002483,0.0,-0.001009,-0.00194,-0.005368,-0.005327,0.0,-0.004236,-7e-06,-0.004069,-0.002185,0.0,-0.001933,-0.006029,-0.003015,-0.003222,-0.003843,-0.00533,-0.001779,-0.001257,-0.00124,0.0,-0.001227,-0.002718,-0.003017,-0.003371
2017-06-01 08:53:00+02:00,0.0,0.0,-0.00075,-0.003634,-0.000856,-1.1e-05,-0.001847,-0.002404,-0.003351,-0.000114,-0.0,0.0,-0.002596,-0.001924,-0.000635,-0.004624,-6.9e-05,0.0,-1.9e-05,-0.005251,0.0,-0.005226,-0.003082,0.0,-0.004603,-0.005274,-0.002357,0.0,-0.001418,-2.7e-05,0.0,-0.002236,0.0,-0.001406,-0.001325,0.0,-0.000709,-0.002885,0.0,-0.004964,-0.001728,0.0,-0.002525,0.0,-0.000709,-0.0019,-0.00219,-0.003646,-0.00182,0.0,-3e-06,-0.002524,-0.001979,-0.002089,0.0,0.0,-0.00043,0.0,0.0,-0.001768,-0.002895,-0.00463,-0.003333,0.0,-0.000856,-0.004874,-0.001448,-0.003789,0.0,-0.001125,-0.001569,-2.3e-05,0.0,-0.001767,-0.00144,0.0,-0.000172,0.0,-0.002417,0.0,-0.00274,0.0,-0.002102,-0.004632,-0.000216,-0.000155,-0.004778,0.0,-1e-06,0.0,-0.00039,-0.002594,-0.002519,0.0,-0.001027,-0.001932,-0.00541,-0.005366,0.0,-0.004262,-6e-06,-0.004088,-0.002204,0.0,-0.001913,-0.00607,-0.003053,-0.003238,-0.003863,-0.005363,-0.001765,-0.001251,-0.001246,0.0,-0.001176,-0.002738,-0.003025,-0.003407
2017-06-01 08:54:00+02:00,0.0,0.0,-0.000741,-0.003664,-0.000824,-9e-06,-0.001832,-0.002398,-0.003384,-9.7e-05,-0.0,0.0,-0.002643,-0.001965,-0.000648,-0.004662,-5.5e-05,0.0,-1.6e-05,-0.005313,0.0,-0.005287,-0.003075,0.0,-0.004651,-0.005319,-0.002346,0.0,-0.001421,-2.1e-05,0.0,-0.002269,0.0,-0.001435,-0.001359,0.0,-0.000693,-0.002879,0.0,-0.005011,-0.001728,0.0,-0.002547,0.0,-0.000676,-0.001902,-0.0022,-0.003686,-0.00183,0.0,-2e-06,-0.002567,-0.002012,-0.002134,0.0,0.0,-0.000417,0.0,0.0,-0.001748,-0.002938,-0.004671,-0.003357,0.0,-0.00085,-0.004915,-0.00143,-0.003831,0.0,-0.001113,-0.001588,-1.8e-05,0.0,-0.001809,-0.001477,0.0,-0.000145,0.0,-0.002405,0.0,-0.002772,0.0,-0.002109,-0.004676,-0.000173,-0.000136,-0.004818,0.0,-1e-06,0.0,-0.000371,-0.002631,-0.002564,0.0,-0.001052,-0.001935,-0.005467,-0.005419,0.0,-0.004301,-4e-06,-0.00412,-0.002224,0.0,-0.001909,-0.006127,-0.003099,-0.003267,-0.003895,-0.00541,-0.001766,-0.001251,-0.001256,0.0,-0.001147,-0.002763,-0.003044,-0.00345
2017-06-01 08:55:00+02:00,0.0,0.0,-0.000749,-0.003724,-0.000825,-7e-06,-0.001849,-0.002425,-0.003447,-9.2e-05,-0.0,0.0,-0.002716,-0.002029,-0.000673,-0.004736,-4.4e-05,0.0,-1.2e-05,-0.005402,0.0,-0.005373,-0.003115,0.0,-0.004743,-0.005403,-0.002371,0.0,-0.001441,-1.7e-05,0.0,-0.002324,0.0,-0.001481,-0.00141,0.0,-0.000706,-0.00292,0.0,-0.005107,-0.001755,0.0,-0.002587,0.0,-0.000674,-0.001929,-0.002229,-0.00374,-0.001865,0.0,-2e-06,-0.002622,-0.002062,-0.002202,0.0,0.0,-0.000419,0.0,0.0,-0.001765,-0.002994,-0.004758,-0.003411,0.0,-0.000861,-0.004993,-0.00144,-0.003888,0.0,-0.001124,-0.001618,-1.4e-05,0.0,-0.001863,-0.001533,0.0,-0.000139,0.0,-0.002436,0.0,-0.002824,0.0,-0.00214,-0.004767,-0.000158,-0.000132,-0.004898,0.0,-1e-06,0.0,-0.00037,-0.002687,-0.002635,0.0,-0.001088,-0.001972,-0.005564,-0.005513,0.0,-0.004384,-4e-06,-0.004186,-0.002256,0.0,-0.001935,-0.006242,-0.003174,-0.003335,-0.003961,-0.005498,-0.001793,-0.001268,-0.001276,0.0,-0.001154,-0.002806,-0.003092,-0.003525
2017-06-01 08:56:00+02:00,0.0,0.0,-0.000766,-0.003807,-0.000856,-6e-06,-0.001895,-0.002483,-0.003525,-9.6e-05,-0.0,0.0,-0.002804,-0.002105,-0.000706,-0.004835,-3.5e-05,0.0,-1e-05,-0.005507,0.0,-0.005475,-0.003197,0.0,-0.004862,-0.005515,-0.002428,0.0,-0.001473,-1.4e-05,0.0,-0.002393,0.0,-0.001539,-0.001473,0.0,-0.000735,-0.003004,0.0,-0.005232,-0.001808,0.0,-0.002638,0.0,-0.000702,-0.001973,-0.002272,-0.003802,-0.001913,0.0,-1e-06,-0.002685,-0.002123,-0.002284,0.0,0.0,-0.000431,0.0,0.0,-0.001817,-0.003057,-0.004874,-0.003487,0.0,-0.00088,-0.005097,-0.001477,-0.003953,0.0,-0.001157,-0.001653,-1.2e-05,0.0,-0.001923,-0.0016,0.0,-0.000145,0.0,-0.002505,0.0,-0.002889,0.0,-0.002189,-0.004886,-0.000172,-0.000136,-0.004999,0.0,-0.0,0.0,-0.000387,-0.002756,-0.002721,0.0,-0.001134,-0.002028,-0.005688,-0.005634,0.0,-0.004494,-3e-06,-0.004275,-0.002295,0.0,-0.001989,-0.00639,-0.003265,-0.003426,-0.004049,-0.005613,-0.001845,-0.001296,-0.001302,0.0,-0.001192,-0.002861,-0.003161,-0.003617
2017-06-01 08:57:00+02:00,0.0,0.0,-0.000759,-0.003867,-0.000857,-5e-06,-0.001912,-0.002513,-0.003586,-8.4e-05,-0.0,0.0,-0.002884,-0.002176,-0.000733,-0.004914,-2.8e-05,0.0,-8e-06,-0.005583,0.0,-0.005549,-0.003247,0.0,-0.004961,-0.005607,-0.002456,0.0,-0.001485,-1.1e-05,0.0,-0.002449,0.0,-0.001589,-0.001532,0.0,-0.000743,-0.003054,0.0,-0.005338,-0.001839,0.0,-0.002665,0.0,-0.0007,-0.001994,-0.002294,-0.003839,-0.001945,0.0,-1e-06,-0.002731,-0.002174,-0.002361,0.0,0.0,-0.000417,0.0,0.0,-0.001837,-0.003102,-0.004971,-0.003539,0.0,-0.000876,-0.005181,-0.001487,-0.003992,0.0,-0.001169,-0.001672,-9e-06,0.0,-0.001974,-0.001665,0.0,-0.000126,0.0,-0.002541,0.0,-0.00294,0.0,-0.002215,-0.004986,-0.000158,-0.000117,-0.00508,0.0,-0.0,0.0,-0.000385,-0.002813,-0.002798,0.0,-0.001174,-0.002064,-0.005791,-0.005735,0.0,-0.004583,-2e-06,-0.004342,-0.002312,0.0,-0.002019,-0.006521,-0.003346,-0.003497,-0.004114,-0.005708,-0.001876,-0.001305,-0.00131,0.0,-0.001199,-0.002891,-0.003206,-0.003695
2017-06-01 08:58:00+02:00,0.0,0.0,-0.000747,-0.003912,-0.00085,-4e-06,-0.001922,-0.002535,-0.003603,-6.8e-05,-0.0,0.0,-0.002909,-0.002206,-0.000742,-0.004974,-2.3e-05,0.0,-6e-06,-0.005648,0.0,-0.005611,-0.003281,0.0,-0.004991,-0.005679,-0.002476,0.0,-0.001493,-9e-06,0.0,-0.002471,0.0,-0.001613,-0.001561,0.0,-0.000712,-0.00309,0.0,-0.005357,-0.001863,0.0,-0.002685,0.0,-0.000689,-0.002004,-0.002309,-0.003874,-0.00194,0.0,-1e-06,-0.002774,-0.002218,-0.002391,0.0,0.0,-0.0004,0.0,0.0,-0.001846,-0.003143,-0.004987,-0.003577,0.0,-0.000867,-0.005246,-0.00149,-0.004029,0.0,-0.001174,-0.001689,-7e-06,0.0,-0.002018,-0.001696,0.0,-0.000102,0.0,-0.002564,0.0,-0.002983,0.0,-0.00223,-0.005004,-0.000137,-9.5e-05,-0.005079,0.0,-0.0,0.0,-0.000379,-0.002861,-0.002824,0.0,-0.001206,-0.00205,-0.005875,-0.005816,0.0,-0.004604,-2e-06,-0.004393,-0.002328,0.0,-0.002042,-0.006534,-0.003367,-0.003505,-0.004165,-0.005784,-0.001899,-0.001309,-0.001317,0.0,-0.001198,-0.002915,-0.003238,-0.003711
2017-06-01 08:59:00+02:00,0.0,0.0,-0.000742,-0.003949,-0.000839,-3e-06,-0.001925,-0.002548,-0.003627,-5.5e-05,-0.0,0.0,-0.002946,-0.002244,-0.000755,-0.005027,-1.8e-05,0.0,-5e-06,-0.005723,0.0,-0.005683,-0.003305,0.0,-0.005033,-0.005744,-0.002485,0.0,-0.001494,-7e-06,0.0,-0.0025,0.0,-0.001642,-0.001597,0.0,-0.000689,-0.003114,0.0,-0.005393,-0.00188,0.0,-0.002713,0.0,-0.000676,-0.002008,-0.002317,-0.003914,-0.001942,0.0,-1e-06,-0.002821,-0.002258,-0.002431,0.0,0.0,-0.000389,0.0,0.0,-0.001849,-0.003189,-0.005018,-0.003608,0.0,-0.000864,-0.005303,-0.001489,-0.004072,0.0,-0.001176,-0.00171,-6e-06,0.0,-0.002068,-0.001734,0.0,-8.2e-05,0.0,-0.002579,0.0,-0.00302,0.0,-0.002237,-0.005038,-0.000113,-7.8e-05,-0.005094,0.0,-0.0,0.0,-0.000371,-0.002906,-0.00286,0.0,-0.001238,-0.002047,-0.005951,-0.005889,0.0,-0.004639,-1e-06,-0.004436,-0.002348,0.0,-0.002056,-0.00657,-0.0034,-0.003525,-0.004207,-0.005851,-0.001917,-0.001308,-0.001328,0.0,-0.001192,-0.002945,-0.003263,-0.003739
2017-06-01 09:00:00+02:00,0.0,0.0,-0.000761,-0.004022,-0.000841,-2e-06,-0.001945,-0.002581,-0.003728,-4.5e-05,-0.0,0.0,-0.003058,-0.002338,-0.000792,-0.005121,-1.5e-05,0.0,-4e-06,-0.005856,0.0,-0.005812,-0.003351,0.0,-0.005179,-0.005854,-0.002512,0.0,-0.001514,-6e-06,0.0,-0.002587,0.0,-0.001711,-0.001672,0.0,-0.00072,-0.00316,0.0,-0.005547,-0.001911,0.0,-0.002778,0.0,-0.000675,-0.002034,-0.002349,-0.003998,-0.002,0.0,-1e-06,-0.002903,-0.002321,-0.002533,0.0,0.0,-0.0004,0.0,0.0,-0.001871,-0.003273,-0.005159,-0.00367,0.0,-0.000887,-0.005403,-0.001502,-0.00416,0.0,-0.001191,-0.001757,-5e-06,0.0,-0.002143,-0.001816,0.0,-6.7e-05,0.0,-0.002614,0.0,-0.003088,0.0,-0.002268,-0.005183,-9.9e-05,-8e-05,-0.005227,0.0,-0.0,0.0,-0.000371,-0.002978,-0.002969,0.0,-0.001282,-0.002111,-0.006079,-0.006013,0.0,-0.004772,-1e-06,-0.004516,-0.002402,0.0,-0.002087,-0.006758,-0.003518,-0.003635,-0.004288,-0.005966,-0.001949,-0.001324,-0.001362,0.0,-0.0012,-0.003016,-0.003317,-0.003859
2017-06-01 09:01:00+02:00,0.0,0.0,-0.000806,-0.004116,-0.000879,-2e-06,-0.002001,-0.00265,-0.003857,-5.8e-05,-0.0,0.0,-0.003156,-0.002437,-0.000834,-0.005235,-2.4e-05,0.0,-3e-06,-0.006007,0.0,-0.00596,-0.003436,0.0,-0.005349,-0.005981,-0.002579,0.0,-0.001558,-4e-06,0.0,-0.002687,0.0,-0.001786,-0.001746,0.0,-0.000781,-0.003246,0.0,-0.005729,-0.001969,0.0,-0.002868,0.0,-0.00071,-0.002088,-0.002409,-0.00411,-0.002084,0.0,-0.0,-0.002996,-0.002391,-0.002621,0.0,0.0,-0.00044,0.0,0.0,-0.001928,-0.003373,-0.005327,-0.003757,0.0,-0.000936,-0.005523,-0.001549,-0.004276,0.0,-0.001231,-0.001821,-4e-06,0.0,-0.002219,-0.001896,0.0,-8.6e-05,0.0,-0.002687,0.0,-0.003171,0.0,-0.002327,-0.005355,-0.000122,-0.00011,-0.005402,0.0,-0.0,0.0,-0.000393,-0.003062,-0.003084,0.0,-0.001326,-0.002203,-0.006227,-0.006155,0.0,-0.00493,-1e-06,-0.004618,-0.002481,0.0,-0.002147,-0.006926,-0.003636,-0.003771,-0.00439,-0.006099,-0.002008,-0.001364,-0.001416,0.0,-0.001244,-0.003111,-0.003396,-0.004001
2017-06-01 09:02:00+02:00,0.0,0.0,-0.000695,-0.003671,-0.000755,-2e-06,-0.001751,-0.002329,-0.002329,-4.6e-05,-0.0,0.0,-0.001642,-0.001469,-0.000758,-0.003738,-1.9e-05,0.0,-3e-06,-0.003722,0.0,-0.003743,-0.003061,0.0,-0.003696,-0.003738,-0.002264,0.0,-0.001359,-4e-06,0.0,-0.001822,0.0,-0.001469,-0.001309,0.0,-0.000678,-0.002882,0.0,-0.003722,-0.001734,0.0,-0.002559,0.0,-0.000602,-0.001842,-0.002112,-0.002474,-0.001841,0.0,-0.0,-0.001822,-0.001642,-0.001469,0.0,0.0,-0.000363,0.0,0.0,-0.001701,-0.002,-0.003743,-0.003348,0.0,-0.000811,-0.003738,-0.00135,-0.002474,0.0,-0.001074,-0.001608,-3e-06,0.0,-0.001469,-0.001309,0.0,-6.9e-05,0.0,-0.002383,0.0,-0.002,0.0,-0.002059,-0.003719,-9.8e-05,-8.8e-05,-0.0026,0.0,-0.0,0.0,-0.00033,-0.001822,-0.001642,0.0,-0.001202,-0.001967,-0.003665,-0.003679,0.0,-0.003722,-1e-06,-0.003743,-0.002185,0.0,-0.001888,-0.003738,-0.001822,-0.003377,-0.0037,-0.003722,-0.001769,-0.001186,-0.001243,0.0,-0.001085,-0.002779,-0.003023,-0.002
2017-06-01 09:03:00+02:00,0.0,0.0,-0.000556,-0.002937,-0.000604,-1e-06,-0.001401,-0.001863,-0.001864,-3.7e-05,-0.0,0.0,-0.001314,-0.001175,-0.000606,-0.002991,-1.5e-05,0.0,-2e-06,-0.002978,0.0,-0.002995,-0.002449,0.0,-0.002957,-0.002991,-0.001811,0.0,-0.001087,-3e-06,0.0,-0.001458,0.0,-0.001175,-0.001047,0.0,-0.000542,-0.002305,0.0,-0.002978,-0.001387,0.0,-0.002047,0.0,-0.000482,-0.001474,-0.001689,-0.001979,-0.001473,0.0,-0.0,-0.001458,-0.001314,-0.001175,0.0,0.0,-0.00029,0.0,0.0,-0.001361,-0.0016,-0.002995,-0.002679,0.0,-0.000649,-0.002991,-0.00108,-0.001979,0.0,-0.000859,-0.001287,-2e-06,0.0,-0.001175,-0.001047,0.0,-5.5e-05,0.0,-0.001906,0.0,-0.0016,0.0,-0.001647,-0.002975,-7.8e-05,-7.1e-05,-0.00208,0.0,-0.0,0.0,-0.000264,-0.001458,-0.001314,0.0,-0.000962,-0.001574,-0.002932,-0.002943,0.0,-0.002978,-1e-06,-0.002995,-0.001748,0.0,-0.00151,-0.002991,-0.001458,-0.002702,-0.00296,-0.002978,-0.001415,-0.000949,-0.000994,0.0,-0.000868,-0.002223,-0.002419,-0.0016
2017-06-01 09:04:00+02:00,0.0,0.0,-0.000445,-0.00244,-0.000483,-1e-06,-0.00112,-0.001491,-0.00169,-3e-05,-0.0,0.0,-0.001276,-0.001102,-0.000485,-0.002616,-1.2e-05,0.0,-2e-06,-0.002691,0.0,-0.002698,-0.001959,0.0,-0.002635,-0.002706,-0.001449,0.0,-0.00087,-2e-06,0.0,-0.001298,0.0,-0.001019,-0.000941,0.0,-0.000434,-0.001844,0.0,-0.002705,-0.00111,0.0,-0.001638,0.0,-0.000385,-0.001179,-0.001352,-0.001763,-0.001178,0.0,-0.0,-0.001312,-0.001159,-0.001127,0.0,0.0,-0.000232,0.0,0.0,-0.001089,-0.001442,-0.00267,-0.002191,0.0,-0.000519,-0.002651,-0.000864,-0.001784,0.0,-0.000687,-0.001029,-2e-06,0.0,-0.001056,-0.000959,0.0,-4.4e-05,0.0,-0.001525,0.0,-0.001423,0.0,-0.001318,-0.002658,-6.3e-05,-5.7e-05,-0.002022,0.0,-0.0,0.0,-0.000211,-0.001326,-0.001264,0.0,-0.000807,-0.001259,-0.002684,-0.002688,0.0,-0.002605,-0.0,-0.002546,-0.001399,0.0,-0.001208,-0.002862,-0.00142,-0.002246,-0.002491,-0.002711,-0.001132,-0.000759,-0.000795,0.0,-0.000694,-0.001778,-0.001941,-0.001549
2017-06-01 09:05:00+02:00,-1.2e-05,0.0,-0.00079,-0.002733,-0.000807,-0.000249,-0.001339,-0.001688,-0.001865,-0.000238,-0.000101,-2.6e-05,-0.001367,-0.001184,-0.000622,-0.002877,-0.000342,-9e-06,-0.000274,-0.002934,0.0,-0.002944,-0.002275,-6.3e-05,-0.002886,-0.002949,-0.00166,0.0,-0.001082,-0.00019,-7.5e-05,-0.001428,0.0,-0.001118,-0.001014,-1.9e-05,-0.00081,-0.002149,0.0,-0.002946,-0.00127,-6.3e-05,-0.001982,0.0,-0.00071,-0.001524,-0.001584,-0.001958,-0.001416,0.0,-0.000124,-0.00144,-0.001273,-0.001204,-4.5e-05,0.0,-0.000571,-8.7e-05,0.0,-0.001409,-0.001587,-0.002921,-0.002524,0.0,-0.00086,-0.002905,-0.001088,-0.001974,0.0,-0.000872,-0.001206,-0.000158,-7.4e-05,-0.001147,-0.001029,0.0,-0.000384,-3.5e-05,-0.001838,-6e-05,-0.001572,-6.5e-05,-0.001662,-0.002908,-0.000389,-0.0004,-0.002195,-9.4e-05,-0.000134,-2.5e-05,-0.00039,-0.001451,-0.001357,0.0,-0.000907,-0.001647,-0.002921,-0.002926,-5.8e-05,-0.002866,-0.000132,-0.002822,-0.001618,0.0,-0.001382,-0.003074,-0.001526,-0.002571,-0.00277,-0.00295,-0.001292,-0.000973,-0.000992,-0.000102,-0.001018,-0.002123,-0.002282,-0.001673
2017-06-01 09:06:00+02:00,-9e-06,0.0,-0.000632,-0.002187,-0.000646,-0.000199,-0.001071,-0.00135,-0.001492,-0.00019,-8e-05,-2.1e-05,-0.00113,-0.000963,-0.000498,-0.002302,-0.000274,-7e-06,-0.000219,-0.002361,0.0,-0.002365,-0.00182,-5.1e-05,-0.002308,-0.002366,-0.001328,0.0,-0.000865,-0.000152,-6e-05,-0.001143,0.0,-0.000894,-0.000811,-1.5e-05,-0.000648,-0.00172,0.0,-0.002356,-0.001016,-5e-05,-0.001586,0.0,-0.000568,-0.001219,-0.001267,-0.001566,-0.001132,0.0,-9.9e-05,-0.001152,-0.001019,-0.000993,-3.6e-05,0.0,-0.000457,-7e-05,0.0,-0.001127,-0.00127,-0.002337,-0.002019,0.0,-0.000688,-0.002324,-0.00087,-0.001579,0.0,-0.000698,-0.000965,-0.000126,-5.9e-05,-0.000919,-0.000831,0.0,-0.000307,-2.8e-05,-0.00147,-4.8e-05,-0.001258,-5.2e-05,-0.00133,-0.002326,-0.000311,-0.00032,-0.001803,-7.5e-05,-0.000107,-2e-05,-0.000312,-0.001161,-0.001115,0.0,-0.000726,-0.001318,-0.002351,-0.002355,-4.6e-05,-0.002293,-0.000105,-0.002258,-0.001294,0.0,-0.001105,-0.002537,-0.001259,-0.002057,-0.002216,-0.002375,-0.001033,-0.000779,-0.000793,-8.2e-05,-0.000815,-0.001698,-0.001826,-0.001372
2017-06-01 09:07:00+02:00,-7e-06,0.0,-0.000685,-0.002343,-0.000666,-0.000159,-0.001126,-0.001423,-0.001761,-0.000211,-6.4e-05,-1.7e-05,-0.001375,-0.001141,-0.000548,-0.002577,-0.000294,-6e-06,-0.00018,-0.002731,0.0,-0.002728,-0.001905,-4e-05,-0.002642,-0.002724,-0.001397,0.0,-0.00094,-0.000151,-4.8e-05,-0.00132,0.0,-0.000997,-0.000924,-1.2e-05,-0.000731,-0.0018,0.0,-0.002736,-0.001068,-4e-05,-0.001709,0.0,-0.000585,-0.001314,-0.001374,-0.001829,-0.00125,0.0,-7.9e-05,-0.001346,-0.001157,-0.001193,-2.8e-05,0.0,-0.000501,-5.6e-05,0.0,-0.001175,-0.00149,-0.002668,-0.002163,0.0,-0.000746,-0.002632,-0.000914,-0.00186,0.0,-0.000732,-0.001048,-0.000125,-4.7e-05,-0.001058,-0.000961,0.0,-0.000337,-2.2e-05,-0.001537,-3.8e-05,-0.00145,-4.2e-05,-0.001432,-0.002663,-0.000311,-0.000349,-0.002222,-6e-05,-8.6e-05,-1.6e-05,-0.000324,-0.001357,-0.00135,0.0,-0.000783,-0.001448,-0.00274,-0.002736,-3.7e-05,-0.002578,-8.4e-05,-0.002464,-0.001405,0.0,-0.001163,-0.003043,-0.001541,-0.002242,-0.002401,-0.002746,-0.001089,-0.000847,-0.000863,-6.5e-05,-0.000844,-0.00183,-0.001963,-0.00168
2017-06-01 09:08:00+02:00,-6e-06,0.0,-0.000949,-0.002863,-0.000925,-0.000239,-0.001439,-0.001783,-0.002356,-0.000355,-5.5e-05,-1.3e-05,-0.001839,-0.001529,-0.00071,-0.003249,-0.000497,-5e-06,-0.000299,-0.003527,0.0,-0.003509,-0.002347,-3.2e-05,-0.003407,-0.0035,-0.001755,0.0,-0.001222,-0.000265,-3.8e-05,-0.001745,0.0,-0.001278,-0.001197,-1e-05,-0.001052,-0.002244,0.0,-0.003558,-0.001351,-3.2e-05,-0.002138,0.0,-0.000831,-0.001675,-0.001739,-0.002415,-0.001616,0.0,-0.00011,-0.001787,-0.001504,-0.001579,-2.3e-05,0.0,-0.00075,-4.5e-05,0.0,-0.001509,-0.001983,-0.00342,-0.002652,0.0,-0.001025,-0.003344,-0.001193,-0.002471,0.0,-0.000965,-0.001339,-0.000217,-3.8e-05,-0.001385,-0.001258,0.0,-0.000554,-1.8e-05,-0.001932,-3.1e-05,-0.001907,-3.3e-05,-0.001812,-0.003427,-0.000511,-0.000557,-0.003021,-4.8e-05,-9.9e-05,-1.3e-05,-0.000477,-0.001803,-0.00182,0.0,-0.000971,-0.001868,-0.003591,-0.003564,-3e-05,-0.003277,-0.000125,-0.003045,-0.001777,0.0,-0.001469,-0.003959,-0.002083,-0.002811,-0.002966,-0.003544,-0.001376,-0.001112,-0.001127,-5.2e-05,-0.001127,-0.002279,-0.002427,-0.002295
2017-06-01 09:09:00+02:00,-5e-06,0.0,-0.001365,-0.003631,-0.001343,-0.000433,-0.001922,-0.00233,-0.003016,-0.000588,-0.000111,-1.1e-05,-0.002223,-0.001859,-0.00095,-0.004137,-0.000834,-4e-06,-0.000537,-0.004366,0.0,-0.004343,-0.003031,-2.6e-05,-0.004282,-0.004338,-0.002302,0.0,-0.001642,-0.000462,-4.6e-05,-0.002257,0.0,-0.001659,-0.001482,-8e-06,-0.001538,-0.00293,0.0,-0.004392,-0.001782,-2.6e-05,-0.00278,0.0,-0.001231,-0.002225,-0.002275,-0.003131,-0.002149,0.0,-0.00021,-0.002291,-0.001954,-0.0019,-2.6e-05,0.0,-0.001146,-3.6e-05,0.0,-0.002036,-0.002549,-0.004272,-0.003376,0.0,-0.001461,-0.004213,-0.001625,-0.003175,0.0,-0.001327,-0.001765,-0.000377,-6.7e-05,-0.001744,-0.001531,0.0,-0.000907,-1.4e-05,-0.002547,-2.5e-05,-0.002488,-2.7e-05,-0.002388,-0.004285,-0.000848,-0.000897,-0.00367,-5.8e-05,-0.000191,-1e-05,-0.000726,-0.002304,-0.002207,0.0,-0.001249,-0.002495,-0.004483,-0.004432,-2.4e-05,-0.004167,-0.000235,-0.003883,-0.002321,0.0,-0.001936,-0.004705,-0.002527,-0.003645,-0.003786,-0.00438,-0.001811,-0.00151,-0.001521,-4.2e-05,-0.001581,-0.002949,-0.003117,-0.002799
2017-06-01 09:10:00+02:00,-4e-06,0.0,-0.001298,-0.003551,-0.001275,-0.000347,-0.001849,-0.002252,-0.00301,-0.000536,-8.9e-05,-9e-06,-0.002142,-0.00186,-0.000935,-0.004111,-0.000757,-3e-06,-0.000446,-0.004411,0.0,-0.004388,-0.002964,-2.1e-05,-0.004303,-0.004374,-0.002224,0.0,-0.001572,-0.000407,-3.7e-05,-0.002241,0.0,-0.001643,-0.001506,-6e-06,-0.001466,-0.002852,0.0,-0.004453,-0.001722,-2e-05,-0.002713,0.0,-0.001163,-0.002153,-0.002193,-0.003101,-0.002082,0.0,-0.000168,-0.002281,-0.00193,-0.001865,-2.1e-05,0.0,-0.001072,-2.9e-05,0.0,-0.001968,-0.002535,-0.004308,-0.0033,0.0,-0.001391,-0.004211,-0.001555,-0.003157,0.0,-0.001268,-0.001704,-0.000331,-5.3e-05,-0.001752,-0.001545,0.0,-0.00083,-1.2e-05,-0.002475,-2e-05,-0.002452,-2.1e-05,-0.002316,-0.00432,-0.000779,-0.000829,-0.003544,-4.6e-05,-0.000153,-8e-06,-0.000679,-0.002294,-0.002142,0.0,-0.00123,-0.002436,-0.004503,-0.004461,-1.9e-05,-0.004158,-0.000188,-0.003823,-0.002243,0.0,-0.001869,-0.004705,-0.002419,-0.003572,-0.00371,-0.004421,-0.00175,-0.001442,-0.001459,-3.3e-05,-0.001514,-0.002881,-0.003044,-0.002686
2017-06-01 09:11:00+02:00,-3e-06,0.0,-0.001038,-0.002841,-0.00102,-0.000277,-0.001479,-0.001802,-0.002408,-0.000429,-7.1e-05,-7e-06,-0.001776,-0.001521,-0.000748,-0.003289,-0.000606,-2e-06,-0.000357,-0.003554,0.0,-0.003531,-0.002371,-1.7e-05,-0.003442,-0.003524,-0.001779,0.0,-0.001258,-0.000326,-3e-05,-0.001793,0.0,-0.001315,-0.001209,-5e-06,-0.001173,-0.002281,0.0,-0.003577,-0.001378,-1.6e-05,-0.00217,0.0,-0.000931,-0.001723,-0.001754,-0.00248,-0.001666,0.0,-0.000135,-0.001825,-0.001544,-0.001545,-1.6e-05,0.0,-0.000857,-2.3e-05,0.0,-0.001574,-0.002028,-0.003447,-0.00264,0.0,-0.001113,-0.003369,-0.001244,-0.002526,0.0,-0.001014,-0.001363,-0.000265,-4.3e-05,-0.001407,-0.001256,0.0,-0.000664,-9e-06,-0.00198,-1.6e-05,-0.001962,-1.7e-05,-0.001853,-0.003456,-0.000624,-0.000664,-0.002918,-3.7e-05,-0.000122,-7e-06,-0.000543,-0.001839,-0.001767,0.0,-0.000984,-0.001949,-0.003636,-0.003603,-1.5e-05,-0.003327,-0.000151,-0.003059,-0.001795,0.0,-0.001495,-0.003896,-0.002002,-0.002857,-0.002968,-0.003572,-0.0014,-0.001154,-0.001167,-2.7e-05,-0.001211,-0.002304,-0.002435,-0.00221
2017-06-01 09:12:00+02:00,-2e-06,0.0,-0.000852,-0.002787,-0.000837,-0.000222,-0.001383,-0.001738,-0.002468,-0.000343,-5.7e-05,-5e-06,-0.001912,-0.001597,-0.000716,-0.003311,-0.000485,-2e-06,-0.000285,-0.003626,0.0,-0.003598,-0.002275,-1.3e-05,-0.003494,-0.003611,-0.001704,0.0,-0.001172,-0.00026,-2.4e-05,-0.001822,0.0,-0.001318,-0.001241,-4e-06,-0.00099,-0.00218,0.0,-0.003671,-0.001324,-1.3e-05,-0.002059,0.0,-0.000744,-0.001593,-0.001686,-0.002519,-0.001605,0.0,-0.000108,-0.001866,-0.001568,-0.001651,-1.3e-05,0.0,-0.000686,-1.8e-05,0.0,-0.001428,-0.002074,-0.003499,-0.002572,0.0,-0.00093,-0.003418,-0.001132,-0.00258,0.0,-0.000919,-0.001307,-0.000212,-3.4e-05,-0.001439,-0.001305,0.0,-0.000531,-7e-06,-0.00186,-1.3e-05,-0.001998,-1.4e-05,-0.001732,-0.003513,-0.000499,-0.000531,-0.003119,-3e-05,-9.8e-05,-5e-06,-0.000434,-0.001895,-0.001889,0.0,-0.000974,-0.001824,-0.003749,-0.00371,-1.2e-05,-0.00334,-0.000121,-0.003034,-0.001729,0.0,-0.001435,-0.004123,-0.002155,-0.002795,-0.002933,-0.00367,-0.001347,-0.00106,-0.00108,-2.1e-05,-0.001041,-0.002203,-0.002355,-0.002364
2017-06-01 09:13:00+02:00,-2e-06,0.0,-0.001114,-0.003325,-0.001121,-0.000294,-0.001725,-0.002131,-0.003049,-0.000483,-4.9e-05,-4e-06,-0.002259,-0.001897,-0.000888,-0.003965,-0.000669,-2e-06,-0.000393,-0.00437,0.0,-0.004328,-0.002759,-1.1e-05,-0.004253,-0.004354,-0.002095,0.0,-0.001462,-0.000363,-1.9e-05,-0.002245,0.0,-0.001609,-0.001504,-3e-06,-0.001322,-0.002665,0.0,-0.004422,-0.001632,-1e-05,-0.002486,0.0,-0.001014,-0.001967,-0.002062,-0.003062,-0.001984,0.0,-0.000134,-0.002281,-0.001907,-0.001941,-1.1e-05,0.0,-0.000926,-1.5e-05,0.0,-0.001794,-0.002534,-0.004254,-0.003078,0.0,-0.001206,-0.004108,-0.001436,-0.003144,0.0,-0.001173,-0.001596,-0.000301,-2.7e-05,-0.001753,-0.001555,0.0,-0.000742,-6e-06,-0.002293,-1e-05,-0.002435,-1.1e-05,-0.002124,-0.004278,-0.000704,-0.000723,-0.003706,-2.4e-05,-0.000112,-4e-06,-0.000602,-0.002322,-0.002241,0.0,-0.001172,-0.002261,-0.004549,-0.004489,-1e-05,-0.004043,-0.000161,-0.003617,-0.002099,0.0,-0.001769,-0.004776,-0.002559,-0.003388,-0.003508,-0.004421,-0.00166,-0.001333,-0.001341,-1.7e-05,-0.001353,-0.00265,-0.002834,-0.002823
2017-06-01 09:14:00+02:00,-2e-06,0.0,-0.001217,-0.003678,-0.001243,-0.000235,-0.00193,-0.002389,-0.003464,-0.000512,-4e-05,-3e-06,-0.002549,-0.00215,-0.000996,-0.004422,-0.000693,-1e-06,-0.000352,-0.004914,0.0,-0.00486,-0.003078,-8e-06,-0.004796,-0.004892,-0.002348,0.0,-0.001622,-0.000362,-1.5e-05,-0.002547,0.0,-0.001817,-0.001722,-3e-06,-0.001464,-0.002982,0.0,-0.005031,-0.001836,-8e-06,-0.002743,0.0,-0.001123,-0.002168,-0.002287,-0.003447,-0.002218,0.0,-0.000107,-0.002583,-0.002149,-0.002185,-8e-06,0.0,-0.001002,-1.2e-05,0.0,-0.001996,-0.002868,-0.004792,-0.003401,0.0,-0.001321,-0.004598,-0.001603,-0.003549,0.0,-0.001313,-0.001776,-0.000302,-2.2e-05,-0.001987,-0.001768,0.0,-0.000785,-5e-06,-0.00256,-8e-06,-0.002744,-9e-06,-0.002343,-0.004824,-0.000754,-0.000761,-0.004184,-1.9e-05,-9e-05,-3e-06,-0.00067,-0.002632,-0.002534,0.0,-0.00131,-0.002508,-0.00514,-0.005067,-8e-06,-0.004536,-0.000129,-0.004012,-0.00233,0.0,-0.001987,-0.005315,-0.002893,-0.003778,-0.003892,-0.004978,-0.001867,-0.001477,-0.001486,-1.4e-05,-0.001503,-0.002926,-0.003132,-0.0032
2017-06-01 09:15:00+02:00,-1e-06,0.0,-0.001202,-0.003853,-0.001227,-0.000188,-0.002002,-0.002507,-0.003717,-0.000459,-3.2e-05,-3e-06,-0.002786,-0.002358,-0.001045,-0.004682,-0.000608,-1e-06,-0.000281,-0.00526,0.0,-0.005196,-0.003218,-7e-06,-0.005121,-0.005216,-0.002457,0.0,-0.001669,-0.000291,-1.2e-05,-0.002729,0.0,-0.001939,-0.001863,-2e-06,-0.001459,-0.003119,0.0,-0.00541,-0.001928,-7e-06,-0.002857,0.0,-0.001096,-0.00222,-0.002379,-0.003686,-0.002322,0.0,-8.6e-05,-0.002777,-0.002293,-0.002386,-7e-06,0.0,-0.000959,-9e-06,0.0,-0.002046,-0.00308,-0.005114,-0.003552,0.0,-0.001315,-0.004883,-0.001646,-0.003804,0.0,-0.001348,-0.001863,-0.000242,-1.8e-05,-0.00214,-0.001943,0.0,-0.000702,-4e-06,-0.002659,-6e-06,-0.002926,-7e-06,-0.002409,-0.005152,-0.000679,-0.000692,-0.00457,-1.5e-05,-7.2e-05,-3e-06,-0.000652,-0.002823,-0.002774,0.0,-0.001386,-0.002595,-0.005504,-0.005422,-6e-06,-0.004821,-0.000103,-0.004221,-0.002444,0.0,-0.002084,-0.00575,-0.003166,-0.003977,-0.004092,-0.005318,-0.001961,-0.001511,-0.00154,-1.1e-05,-0.001509,-0.003055,-0.003263,-0.003507
2017-06-01 09:16:00+02:00,-1e-06,0.0,-0.001125,-0.00393,-0.001085,-0.00015,-0.001945,-0.00249,-0.003855,-0.00037,-2.5e-05,-2e-06,-0.002984,-0.002513,-0.001058,-0.004829,-0.000486,-1e-06,-0.000225,-0.005478,0.0,-0.005407,-0.003192,-5e-06,-0.005296,-0.005415,-0.002429,0.0,-0.001657,-0.000233,-1e-05,-0.002828,0.0,-0.002005,-0.001949,-2e-06,-0.001369,-0.003087,0.0,-0.005624,-0.001915,-5e-06,-0.002886,0.0,-0.000947,-0.002196,-0.002398,-0.003827,-0.002343,0.0,-6.8e-05,-0.0029,-0.002379,-0.002556,-5e-06,0.0,-0.000855,-7e-06,0.0,-0.001938,-0.003213,-0.005283,-0.003611,0.0,-0.001244,-0.005051,-0.00156,-0.003958,0.0,-0.001275,-0.001893,-0.000193,-1.4e-05,-0.002242,-0.002056,0.0,-0.000565,-3e-06,-0.002598,-5e-06,-0.003032,-6e-06,-0.002397,-0.005326,-0.000543,-0.00057,-0.004881,-1.2e-05,-5.7e-05,-2e-06,-0.00056,-0.002941,-0.002975,0.0,-0.001428,-0.002581,-0.005732,-0.005643,-5e-06,-0.004964,-8.2e-05,-0.004326,-0.002484,0.0,-0.002066,-0.006109,-0.003391,-0.004049,-0.00419,-0.005528,-0.001949,-0.00149,-0.001539,-9e-06,-0.001382,-0.003097,-0.003305,-0.003759
2017-06-01 09:17:00+02:00,-1e-06,0.0,-0.001036,-0.003962,-0.00095,-0.00012,-0.001886,-0.002467,-0.003942,-0.000296,-2e-05,-2e-06,-0.003155,-0.002631,-0.00106,-0.004921,-0.000389,-1e-06,-0.00018,-0.005643,0.0,-0.005566,-0.003162,-4e-06,-0.005412,-0.005552,-0.002396,0.0,-0.001622,-0.000186,-8e-06,-0.002892,0.0,-0.002049,-0.002016,-1e-06,-0.001259,-0.003052,0.0,-0.00577,-0.001897,-4e-06,-0.002889,0.0,-0.000806,-0.002145,-0.002384,-0.003924,-0.002334,0.0,-5.5e-05,-0.002991,-0.002437,-0.002706,-4e-06,0.0,-0.000741,-6e-06,0.0,-0.001835,-0.003309,-0.005393,-0.003628,0.0,-0.00116,-0.005161,-0.001475,-0.004065,0.0,-0.001204,-0.001903,-0.000155,-1.1e-05,-0.002322,-0.002144,0.0,-0.000452,-2e-06,-0.002537,-4e-06,-0.0031,-4e-06,-0.002355,-0.005439,-0.000434,-0.000456,-0.005111,-1e-05,-4.6e-05,-2e-06,-0.000471,-0.003022,-0.003143,0.0,-0.001455,-0.002537,-0.005891,-0.005798,-4e-06,-0.005054,-6.6e-05,-0.004383,-0.002498,0.0,-0.002043,-0.006417,-0.003582,-0.004078,-0.004238,-0.005675,-0.001932,-0.001446,-0.001521,-7e-06,-0.00126,-0.003111,-0.003308,-0.003946
2017-06-01 09:18:00+02:00,-1e-06,0.0,-0.000973,-0.004009,-0.000854,-9.6e-05,-0.001849,-0.002459,-0.004022,-0.000237,-1.6e-05,-1e-06,-0.003288,-0.002734,-0.001067,-0.005017,-0.000311,-1e-06,-0.000144,-0.005786,0.0,-0.005703,-0.003153,-3e-06,-0.005518,-0.005685,-0.00238,0.0,-0.001606,-0.000149,-6e-06,-0.002953,0.0,-0.002093,-0.002076,-1e-06,-0.00118,-0.003038,0.0,-0.0059,-0.001892,-3e-06,-0.002901,0.0,-0.000705,-0.00212,-0.002387,-0.004009,-0.002335,0.0,-4.4e-05,-0.003071,-0.002496,-0.002824,-3e-06,0.0,-0.00066,-5e-06,0.0,-0.001766,-0.003393,-0.005494,-0.003661,0.0,-0.001102,-0.005272,-0.001417,-0.004158,0.0,-0.001156,-0.001918,-0.000124,-9e-06,-0.002394,-0.002222,0.0,-0.000361,-2e-06,-0.002502,-3e-06,-0.003168,-4e-06,-0.002339,-0.005543,-0.000347,-0.000365,-0.005306,-8e-06,-3.7e-05,-1e-06,-0.000408,-0.003101,-0.003279,0.0,-0.001487,-0.002513,-0.006042,-0.005946,-3e-06,-0.00514,-5.3e-05,-0.004449,-0.002516,0.0,-0.002034,-0.006654,-0.00373,-0.004113,-0.004299,-0.005816,-0.001928,-0.001423,-0.001513,-6e-06,-0.001176,-0.003133,-0.00333,-0.004104
2017-06-01 09:19:00+02:00,-1e-06,0.0,-0.000906,-0.004033,-0.000758,-7.7e-05,-0.001801,-0.002433,-0.004062,-0.000189,-1.3e-05,-1e-06,-0.003401,-0.002806,-0.001065,-0.00508,-0.000249,-0.0,-0.000115,-0.005877,0.0,-0.00579,-0.003123,-3e-06,-0.005574,-0.005776,-0.002347,0.0,-0.001582,-0.000119,-5e-06,-0.002985,0.0,-0.002118,-0.002118,-1e-06,-0.001094,-0.003004,0.0,-0.005974,-0.001873,-3e-06,-0.002891,0.0,-0.000604,-0.002086,-0.002377,-0.004056,-0.002315,0.0,-3.5e-05,-0.003122,-0.002538,-0.002926,-3e-06,0.0,-0.000576,-4e-06,0.0,-0.001691,-0.003445,-0.005546,-0.003675,0.0,-0.001038,-0.005346,-0.001354,-0.004212,0.0,-0.001103,-0.001917,-9.9e-05,-7e-06,-0.002444,-0.002279,0.0,-0.000289,-2e-06,-0.002452,-3e-06,-0.003213,-3e-06,-0.002312,-0.005596,-0.000278,-0.000292,-0.00543,-6e-06,-2.9e-05,-1e-06,-0.000345,-0.003157,-0.003381,0.0,-0.001512,-0.002469,-0.006148,-0.00605,-3e-06,-0.005181,-4.2e-05,-0.00449,-0.002514,0.0,-0.002011,-0.00685,-0.003853,-0.004114,-0.004335,-0.005915,-0.00191,-0.001394,-0.001494,-4e-06,-0.001088,-0.00313,-0.003334,-0.00421
2017-06-01 09:20:00+02:00,-0.0,0.0,-0.000854,-0.004063,-0.000688,-6.2e-05,-0.001772,-0.002425,-0.004101,-0.000151,-1e-05,-1e-06,-0.003499,-0.002871,-0.001067,-0.005142,-0.000199,-0.0,-9.2e-05,-0.005956,0.0,-0.005865,-0.003114,-2e-06,-0.005626,-0.005862,-0.002332,0.0,-0.001568,-9.5e-05,-4e-06,-0.003018,0.0,-0.002144,-0.002159,-1e-06,-0.001026,-0.002992,0.0,-0.006042,-0.001868,-2e-06,-0.002888,0.0,-0.000531,-0.002065,-0.002376,-0.004099,-0.002304,0.0,-2.8e-05,-0.003169,-0.002581,-0.003015,-2e-06,0.0,-0.000512,-3e-06,0.0,-0.00164,-0.003493,-0.005594,-0.003695,0.0,-0.000989,-0.005418,-0.001312,-0.00426,0.0,-0.001068,-0.001921,-7.9e-05,-6e-06,-0.00249,-0.002331,0.0,-0.000231,-1e-06,-0.002425,-2e-06,-0.003259,-2e-06,-0.002297,-0.005646,-0.000222,-0.000233,-0.005537,-5e-06,-2.4e-05,-1e-06,-0.000299,-0.003211,-0.003471,0.0,-0.001537,-0.002437,-0.006248,-0.006148,-2e-06,-0.005221,-3.4e-05,-0.004533,-0.002516,0.0,-0.002003,-0.007015,-0.00396,-0.004122,-0.004376,-0.006007,-0.001906,-0.001375,-0.001482,-4e-06,-0.001026,-0.003133,-0.003346,-0.004303
2017-06-01 09:21:00+02:00,-0.0,0.0,-0.000794,-0.004086,-0.000609,-4.9e-05,-0.001725,-0.002395,-0.004127,-0.000121,-8e-06,-1e-06,-0.003575,-0.002922,-0.001067,-0.005191,-0.000159,-0.0,-7.4e-05,-0.005951,0.0,-0.005856,-0.003075,-2e-06,-0.005659,-0.00593,-0.002296,0.0,-0.001558,-7.6e-05,-3e-06,-0.003041,0.0,-0.002163,-0.00219,-1e-06,-0.000968,-0.002951,0.0,-0.00609,-0.001846,-2e-06,-0.002853,0.0,-0.00045,-0.002049,-0.002376,-0.004089,-0.002292,0.0,-2.2e-05,-0.003171,-0.002616,-0.003084,-2e-06,0.0,-0.000442,-2e-06,0.0,-0.001574,-0.003491,-0.005627,-0.003711,0.0,-0.00093,-0.005475,-0.001258,-0.00425,0.0,-0.001023,-0.001903,-6.3e-05,-5e-06,-0.002498,-0.002371,0.0,-0.000185,-1e-06,-0.002373,-2e-06,-0.003296,-2e-06,-0.002285,-0.005679,-0.000178,-0.000187,-0.005618,-4e-06,-1.9e-05,-1e-06,-0.000249,-0.003256,-0.003542,0.0,-0.001559,-0.002408,-0.006328,-0.006226,-2e-06,-0.005245,-2.7e-05,-0.004567,-0.002491,0.0,-0.001976,-0.007136,-0.004042,-0.004123,-0.004408,-0.006079,-0.001884,-0.001361,-0.001454,-3e-06,-0.000953,-0.003101,-0.003356,-0.004375
2017-06-01 09:22:00+02:00,-0.0,0.0,-0.000732,-0.004075,-0.000531,-3.9e-05,-0.001676,-0.002358,-0.004144,-9.7e-05,-7e-06,-1e-06,-0.003638,-0.002961,-0.001065,-0.005199,-0.000127,-0.0,-5.9e-05,-0.005925,0.0,-0.005827,-0.003024,-1e-06,-0.005675,-0.00595,-0.002254,0.0,-0.001534,-6.1e-05,-3e-06,-0.003057,0.0,-0.002176,-0.002213,-0.0,-0.000914,-0.0029,0.0,-0.006117,-0.001817,-1e-06,-0.002807,0.0,-0.000371,-0.002013,-0.002356,-0.004068,-0.002277,0.0,-1.8e-05,-0.003163,-0.002631,-0.003141,-1e-06,0.0,-0.000372,-2e-06,0.0,-0.001506,-0.003479,-0.00564,-0.003696,0.0,-0.000868,-0.005487,-0.001202,-0.004229,0.0,-0.000976,-0.00188,-5.1e-05,-4e-06,-0.002498,-0.002402,0.0,-0.000148,-1e-06,-0.002313,-1e-06,-0.003309,-1e-06,-0.002252,-0.005694,-0.000142,-0.000149,-0.005678,-3e-06,-1.5e-05,-1e-06,-0.0002,-0.003276,-0.003596,0.0,-0.001566,-0.002375,-0.006359,-0.006255,-1e-06,-0.005255,-2.2e-05,-0.004563,-0.002459,0.0,-0.001944,-0.00723,-0.004107,-0.004114,-0.004405,-0.006104,-0.001856,-0.001334,-0.001422,-2e-06,-0.000879,-0.003057,-0.003337,-0.004429
2017-06-01 09:23:00+02:00,-0.0,0.0,-0.000685,-0.004069,-0.000477,-3.2e-05,-0.001646,-0.002341,-0.004165,-7.8e-05,-5e-06,-0.0,-0.003694,-0.003,-0.001066,-0.005207,-0.000102,-0.0,-4.7e-05,-0.00591,0.0,-0.005809,-0.002999,-1e-06,-0.005695,-0.005969,-0.002232,0.0,-0.001517,-4.9e-05,-2e-06,-0.003076,0.0,-0.002192,-0.002237,-0.0,-0.000874,-0.002873,0.0,-0.006147,-0.001805,-1e-06,-0.002774,0.0,-0.000315,-0.001986,-0.002344,-0.004057,-0.00227,0.0,-1.4e-05,-0.003164,-0.002646,-0.003192,-1e-06,0.0,-0.00032,-2e-06,0.0,-0.00146,-0.003477,-0.005659,-0.003685,0.0,-0.000822,-0.0055,-0.001166,-0.00422,0.0,-0.000946,-0.001865,-4.1e-05,-3e-06,-0.002503,-0.002433,0.0,-0.000118,-1e-06,-0.002278,-1e-06,-0.003324,-1e-06,-0.002227,-0.005713,-0.000114,-0.00012,-0.005739,-3e-06,-1.2e-05,-0.0,-0.000165,-0.003296,-0.00365,0.0,-0.001575,-0.002352,-0.006389,-0.006283,-1e-06,-0.00527,-1.7e-05,-0.004562,-0.002438,0.0,-0.001928,-0.007309,-0.004168,-0.004113,-0.004405,-0.006127,-0.001844,-0.001314,-0.0014,-2e-06,-0.000828,-0.003026,-0.003324,-0.004484
2017-06-01 09:24:00+02:00,-0.0,0.0,-0.000657,-0.004074,-0.000438,-2.5e-05,-0.001625,-0.00233,-0.004191,-6.2e-05,-4e-06,-0.0,-0.003738,-0.003042,-0.001073,-0.005225,-8.2e-05,-0.0,-3.8e-05,-0.00591,0.0,-0.005805,-0.002982,-1e-06,-0.005723,-0.005996,-0.002218,0.0,-0.001511,-3.9e-05,-2e-06,-0.0031,0.0,-0.002212,-0.002265,-0.0,-0.000853,-0.002856,0.0,-0.006188,-0.001797,-1e-06,-0.002757,0.0,-0.000276,-0.001974,-0.002341,-0.004057,-0.002272,0.0,-1.1e-05,-0.003172,-0.002666,-0.003233,-1e-06,0.0,-0.000287,-1e-06,0.0,-0.001429,-0.003482,-0.005688,-0.003688,0.0,-0.000794,-0.005521,-0.001141,-0.00422,0.0,-0.000926,-0.001859,-3.2e-05,-2e-06,-0.002514,-0.002467,0.0,-9.5e-05,-1e-06,-0.002255,-1e-06,-0.003344,-1e-06,-0.002217,-0.005743,-9.1e-05,-9.6e-05,-0.005801,-2e-06,-1e-05,-0.0,-0.00014,-0.003321,-0.003702,0.0,-0.001588,-0.002345,-0.006426,-0.006319,-1e-06,-0.005295,-1.4e-05,-0.004573,-0.002428,0.0,-0.001918,-0.007366,-0.004215,-0.004127,-0.004417,-0.006158,-0.001838,-0.001306,-0.001389,-1e-06,-0.000793,-0.003011,-0.003323,-0.00454
2017-06-01 09:25:00+02:00,-0.0,0.0,-0.000626,-0.004076,-0.000385,-2e-05,-0.001591,-0.002304,-0.004206,-5e-05,-3e-06,-0.0,-0.003784,-0.003076,-0.001076,-0.005239,-6.5e-05,-0.0,-3e-05,-0.005906,0.0,-0.005798,-0.002947,-1e-06,-0.005738,-0.006017,-0.002188,0.0,-0.001502,-3.1e-05,-1e-06,-0.003117,0.0,-0.002227,-0.002288,-0.0,-0.000825,-0.002822,0.0,-0.006213,-0.001779,-1e-06,-0.002737,0.0,-0.000221,-0.00196,-0.002335,-0.004052,-0.002267,0.0,-9e-06,-0.003177,-0.002684,-0.003277,-1e-06,0.0,-0.000252,-1e-06,0.0,-0.001382,-0.003485,-0.005703,-0.003686,0.0,-0.000764,-0.005538,-0.001103,-0.004216,0.0,-0.000895,-0.001851,-2.6e-05,-2e-06,-0.002524,-0.002496,0.0,-7.6e-05,-0.0,-0.002215,-1e-06,-0.00336,-1e-06,-0.002204,-0.005758,-7.3e-05,-7.7e-05,-0.005842,-2e-06,-8e-06,-0.0,-0.000112,-0.003342,-0.003746,0.0,-0.001601,-0.00233,-0.006457,-0.006348,-1e-06,-0.005307,-1.1e-05,-0.00458,-0.002415,0.0,-0.001897,-0.007426,-0.004263,-0.004129,-0.004426,-0.006182,-0.00182,-0.001295,-0.001375,-1e-06,-0.000742,-0.002992,-0.00332,-0.004581
2017-06-01 09:26:00+02:00,-0.0,0.0,-0.000606,-0.003931,-0.000376,-1.6e-05,-0.001534,-0.002219,-0.004036,-4e-05,-3e-06,-0.0,-0.002977,-0.00261,-0.001041,-0.005053,-5.2e-05,-0.0,-2.4e-05,-0.005707,0.0,-0.005607,-0.002856,-1e-06,-0.005533,-0.005804,-0.002109,0.0,-0.001441,-2.5e-05,-1e-06,-0.002991,0.0,-0.002145,-0.002212,-0.0,-0.000796,-0.002728,0.0,-0.005998,-0.001713,-1e-06,-0.002644,0.0,-0.000218,-0.001892,-0.002241,-0.003892,-0.002176,0.0,-7e-06,-0.003053,-0.002578,-0.00261,-1e-06,0.0,-0.000245,-1e-06,0.0,-0.001339,-0.003347,-0.005509,-0.003557,0.0,-0.000739,-0.005342,-0.001063,-0.004051,0.0,-0.000862,-0.001776,-2.1e-05,-2e-06,-0.002435,-0.002247,0.0,-6.1e-05,-0.0,-0.002144,-1e-06,-0.003221,-1e-06,-0.002128,-0.005559,-5.8e-05,-6.1e-05,-0.004678,-1e-06,-6e-06,-0.0,-0.00011,-0.003205,-0.002977,0.0,-0.001546,-0.002251,-0.006176,-0.006106,-1e-06,-0.00512,-9e-06,-0.004418,-0.002319,0.0,-0.001827,-0.006001,-0.003333,-0.003975,-0.004262,-0.005959,-0.001752,-0.001243,-0.001319,-1e-06,-0.000721,-0.00289,-0.003203,-0.003668
2017-06-01 09:27:00+02:00,-0.0,0.0,-0.000485,-0.003423,-0.000301,-1.3e-05,-0.001227,-0.001873,-0.003622,-3.2e-05,-2e-06,-0.0,-0.002829,-0.002429,-0.000868,-0.004503,-4.2e-05,-0.0,-1.9e-05,-0.005151,0.0,-0.005057,-0.002408,-0.0,-0.00496,-0.005225,-0.001757,0.0,-0.001153,-2e-05,-1e-06,-0.002678,0.0,-0.001912,-0.002006,-0.0,-0.000637,-0.002275,0.0,-0.005417,-0.001435,-0.0,-0.002194,0.0,-0.000174,-0.001514,-0.00187,-0.00348,-0.00183,0.0,-6e-06,-0.002747,-0.002304,-0.002476,-0.0,0.0,-0.000196,-1e-06,0.0,-0.001071,-0.003008,-0.004945,-0.003065,0.0,-0.000591,-0.00478,-0.00085,-0.003634,0.0,-0.000689,-0.001489,-1.7e-05,-1e-06,-0.002201,-0.00207,0.0,-4.8e-05,-0.0,-0.001715,-0.0,-0.002876,-0.0,-0.001702,-0.004993,-4.7e-05,-4.9e-05,-0.004383,-1e-06,-5e-06,-0.0,-8.8e-05,-0.002884,-0.002808,0.0,-0.001359,-0.001805,-0.005573,-0.005507,-0.0,-0.004565,-7e-06,-0.003894,-0.001962,0.0,-0.001526,-0.005655,-0.003155,-0.003455,-0.003738,-0.005373,-0.001472,-0.000994,-0.001056,-1e-06,-0.000577,-0.00243,-0.002724,-0.003442
2017-06-01 09:28:00+02:00,-0.0,0.0,-0.000798,-0.003883,-0.000616,-5.7e-05,-0.001564,-0.002229,-0.00403,-0.000201,-2e-06,-0.0,-0.003066,-0.002644,-0.001057,-0.004996,-0.000269,-0.0,-0.000117,-0.005672,0.0,-0.005575,-0.002861,-0.0,-0.005516,-0.005716,-0.002122,0.0,-0.00145,-0.000135,-1e-06,-0.003008,0.0,-0.002168,-0.002202,-0.0,-0.001012,-0.00275,0.0,-0.005884,-0.001733,-0.0,-0.002621,0.0,-0.000479,-0.001909,-0.002217,-0.003886,-0.002182,0.0,-5e-06,-0.003068,-0.002575,-0.002682,-0.0,0.0,-0.000505,-1e-06,0.0,-0.001449,-0.003358,-0.005485,-0.003512,0.0,-0.000917,-0.005282,-0.001151,-0.004047,0.0,-0.000948,-0.001775,-0.000114,-1e-06,-0.002462,-0.002253,0.0,-0.000307,-0.0,-0.002159,-0.0,-0.003205,-0.0,-0.002109,-0.00553,-0.000252,-0.000296,-0.004742,-1e-06,-4e-06,-0.0,-0.00028,-0.003195,-0.003049,0.0,-0.001551,-0.002253,-0.006089,-0.006005,-0.0,-0.005112,-2e-05,-0.004365,-0.002307,0.0,-0.001844,-0.00606,-0.003423,-0.003981,-0.004221,-0.005849,-0.001769,-0.001279,-0.001336,-1e-06,-0.000916,-0.002868,-0.003165,-0.00374
2017-06-01 09:29:00+02:00,-0.0,0.0,-0.00085,-0.004053,-0.000684,-4.5e-05,-0.001683,-0.002367,-0.0042,-0.000211,-1e-06,-0.0,-0.003248,-0.002811,-0.001129,-0.00519,-0.000245,-0.0,-9.4e-05,-0.005898,0.0,-0.005792,-0.003035,-0.0,-0.005739,-0.00593,-0.002261,0.0,-0.001548,-0.000108,-1e-06,-0.003144,0.0,-0.002275,-0.002317,-0.0,-0.001102,-0.002933,0.0,-0.006149,-0.001849,-0.0,-0.002757,0.0,-0.000539,-0.002035,-0.002338,-0.004042,-0.00231,0.0,-4e-06,-0.003199,-0.002687,-0.002841,-0.0,0.0,-0.000542,-0.0,0.0,-0.001565,-0.003498,-0.005711,-0.003675,0.0,-0.000975,-0.005482,-0.001243,-0.004208,0.0,-0.001027,-0.00187,-9.1e-05,-1e-06,-0.002573,-0.002397,0.0,-0.000322,-0.0,-0.002324,-0.0,-0.003337,-0.0,-0.002245,-0.005759,-0.000234,-0.000299,-0.005015,-1e-06,-3e-06,-0.0,-0.000316,-0.003325,-0.003235,0.0,-0.00163,-0.002407,-0.006335,-0.006242,-0.0,-0.005329,-1.6e-05,-0.004544,-0.002422,0.0,-0.001968,-0.006369,-0.003628,-0.004181,-0.004404,-0.006075,-0.001885,-0.001368,-0.001418,-0.0,-0.001001,-0.003011,-0.003323,-0.003968
2017-06-01 09:30:00+02:00,-0.0,0.0,-0.000819,-0.004127,-0.000667,-3.6e-05,-0.001724,-0.002428,-0.004277,-0.000169,-1e-06,-0.0,-0.003416,-0.002955,-0.001156,-0.005286,-0.000196,-0.0,-7.5e-05,-0.006015,0.0,-0.005901,-0.003111,-0.0,-0.005836,-0.006044,-0.00232,0.0,-0.001576,-8.6e-05,-0.0,-0.003209,0.0,-0.002328,-0.002383,-0.0,-0.001086,-0.003014,0.0,-0.00628,-0.001902,-0.0,-0.002797,0.0,-0.000514,-0.002069,-0.002383,-0.004117,-0.002351,0.0,-3e-06,-0.003269,-0.00275,-0.002989,-0.0,0.0,-0.000495,-0.0,0.0,-0.001588,-0.003571,-0.005811,-0.003742,0.0,-0.000949,-0.005583,-0.00126,-0.004287,0.0,-0.001042,-0.001903,-7.3e-05,-1e-06,-0.002637,-0.002497,0.0,-0.000257,-0.0,-0.002388,-0.0,-0.003408,-0.0,-0.002286,-0.005861,-0.000187,-0.000239,-0.005257,-1e-06,-3e-06,-0.0,-0.000299,-0.003399,-0.003405,0.0,-0.001673,-0.002447,-0.006474,-0.006375,-0.0,-0.005422,-1.3e-05,-0.004627,-0.00246,0.0,-0.002023,-0.006648,-0.003815,-0.004257,-0.00449,-0.006198,-0.001939,-0.001388,-0.001436,-0.0,-0.000999,-0.003057,-0.003386,-0.004175
2017-06-01 09:31:00+02:00,-0.0,0.0,-0.000808,-0.004206,-0.000671,-2.9e-05,-0.001776,-0.002498,-0.004355,-0.000137,-1e-06,-0.0,-0.003549,-0.00308,-0.001185,-0.005387,-0.000157,-0.0,-6e-05,-0.006133,0.0,-0.006012,-0.003198,-0.0,-0.005937,-0.006161,-0.002387,0.0,-0.001607,-6.9e-05,-0.0,-0.003275,0.0,-0.002382,-0.002449,-0.0,-0.001079,-0.003106,0.0,-0.006411,-0.001961,-0.0,-0.002848,0.0,-0.000512,-0.002107,-0.00243,-0.004193,-0.002393,0.0,-2e-06,-0.003338,-0.002814,-0.003107,-0.0,0.0,-0.00047,-0.0,0.0,-0.001628,-0.003643,-0.005914,-0.003814,0.0,-0.000942,-0.005689,-0.001291,-0.004366,0.0,-0.001069,-0.001942,-5.8e-05,-0.0,-0.002701,-0.002591,0.0,-0.000208,-0.0,-0.002464,-0.0,-0.00348,-0.0,-0.002332,-0.005966,-0.00015,-0.000191,-0.005444,-0.0,-2e-06,-0.0,-0.000296,-0.003474,-0.00354,0.0,-0.001717,-0.00249,-0.006613,-0.006508,-0.0,-0.005519,-1e-05,-0.004715,-0.002505,0.0,-0.002085,-0.006866,-0.003962,-0.004336,-0.00458,-0.006324,-0.001999,-0.001413,-0.001462,-0.0,-0.001016,-0.003113,-0.003453,-0.004336
2017-06-01 09:32:00+02:00,-0.0,0.0,-0.000751,-0.004218,-0.000624,-2.3e-05,-0.001774,-0.002511,-0.00437,-0.000109,-1e-06,-0.0,-0.00366,-0.003159,-0.001185,-0.005415,-0.000125,-0.0,-4.8e-05,-0.006174,0.0,-0.006048,-0.003216,-0.0,-0.005955,-0.006202,-0.002397,0.0,-0.001594,-5.5e-05,-0.0,-0.003291,0.0,-0.002398,-0.002481,-0.0,-0.00101,-0.003125,0.0,-0.006452,-0.001975,-0.0,-0.002839,0.0,-0.000461,-0.002087,-0.002424,-0.00421,-0.002381,0.0,-2e-06,-0.003363,-0.002839,-0.003208,-0.0,0.0,-0.000399,-0.0,0.0,-0.001611,-0.003667,-0.005935,-0.003821,0.0,-0.000888,-0.005722,-0.001276,-0.004385,0.0,-0.001056,-0.00194,-4.7e-05,-0.0,-0.00273,-0.002645,0.0,-0.000166,-0.0,-0.002473,-0.0,-0.003504,-0.0,-0.002318,-0.005987,-0.00012,-0.000153,-0.005594,-0.0,-2e-06,-0.0,-0.000263,-0.003503,-0.003653,0.0,-0.001735,-0.002465,-0.006668,-0.00656,-0.0,-0.005534,-8e-06,-0.004734,-0.002501,0.0,-0.002097,-0.007047,-0.004084,-0.004335,-0.0046,-0.006371,-0.002012,-0.001394,-0.001448,-0.0,-0.000981,-0.003108,-0.003456,-0.004468
2017-06-01 09:33:00+02:00,-0.0,0.0,-0.000699,-0.004239,-0.000581,-1.9e-05,-0.00177,-0.00252,-0.004396,-8.8e-05,-1e-06,-0.0,-0.003769,-0.00324,-0.001192,-0.005456,-0.0001,-0.0,-3.8e-05,-0.006228,0.0,-0.006096,-0.00323,-0.0,-0.00599,-0.006256,-0.002402,0.0,-0.001584,-4.4e-05,-0.0,-0.003318,0.0,-0.002424,-0.00252,-0.0,-0.000955,-0.003139,0.0,-0.006509,-0.001985,-0.0,-0.002835,0.0,-0.000413,-0.002073,-0.002424,-0.004235,-0.002378,0.0,-2e-06,-0.003396,-0.002871,-0.003307,-0.0,0.0,-0.000334,-0.0,0.0,-0.001594,-0.003698,-0.005971,-0.003836,0.0,-0.000838,-0.005767,-0.00126,-0.004413,0.0,-0.001043,-0.001943,-3.7e-05,-0.0,-0.002766,-0.002704,0.0,-0.000133,-0.0,-0.002478,-0.0,-0.003535,-0.0,-0.002309,-0.006024,-9.6e-05,-0.000122,-0.005734,-0.0,-1e-06,-0.0,-0.000231,-0.00354,-0.003763,0.0,-0.001758,-0.002451,-0.006737,-0.006626,-0.0,-0.005566,-7e-06,-0.004763,-0.002501,0.0,-0.002106,-0.007221,-0.004201,-0.00435,-0.00463,-0.006432,-0.002023,-0.001379,-0.001437,-0.0,-0.000947,-0.00311,-0.003466,-0.004594
2017-06-01 09:34:00+02:00,-0.0,0.0,-0.000679,-0.004284,-0.000568,-1.5e-05,-0.001786,-0.002548,-0.004445,-7e-05,-0.0,-0.0,-0.003851,-0.003328,-0.001211,-0.005519,-8e-05,-0.0,-3.1e-05,-0.006311,0.0,-0.006174,-0.003268,-0.0,-0.006059,-0.006333,-0.002426,0.0,-0.001593,-3.5e-05,-0.0,-0.003363,0.0,-0.002463,-0.002571,-0.0,-0.000937,-0.003178,0.0,-0.006599,-0.002011,-0.0,-0.00286,0.0,-0.000396,-0.002084,-0.002442,-0.004281,-0.002399,0.0,-1e-06,-0.003445,-0.002914,-0.003384,-0.0,0.0,-0.000304,-0.0,0.0,-0.001605,-0.003747,-0.006043,-0.003875,0.0,-0.000821,-0.005835,-0.001266,-0.004462,0.0,-0.001049,-0.001963,-3e-05,-0.0,-0.002815,-0.002772,0.0,-0.000106,-0.0,-0.002509,-0.0,-0.003578,-0.0,-0.002326,-0.006097,-7.7e-05,-9.8e-05,-0.005836,-0.0,-1e-06,-0.0,-0.00022,-0.003588,-0.003847,0.0,-0.00179,-0.00247,-0.006827,-0.006714,-0.0,-0.005632,-5e-06,-0.004816,-0.002523,0.0,-0.002131,-0.007351,-0.00429,-0.004399,-0.004684,-0.006514,-0.00205,-0.001383,-0.001446,-0.0,-0.000943,-0.00314,-0.003501,-0.004687
2017-06-01 09:35:00+02:00,-0.0,0.0,-0.000638,-0.004289,-0.000526,-1.2e-05,-0.001773,-0.002545,-0.004461,-5.6e-05,-0.0,-0.0,-0.003927,-0.003387,-0.001215,-0.005539,-6.4e-05,-0.0,-2.5e-05,-0.006355,0.0,-0.006214,-0.003268,-0.0,-0.006083,-0.006364,-0.00242,0.0,-0.001578,-2.8e-05,-0.0,-0.003383,0.0,-0.002483,-0.002604,-0.0,-0.00089,-0.003177,0.0,-0.00664,-0.002011,-0.0,-0.002857,0.0,-0.000351,-0.002064,-0.002432,-0.0043,-0.002393,0.0,-1e-06,-0.003472,-0.002934,-0.003455,-0.0,0.0,-0.000252,-0.0,0.0,-0.001582,-0.003773,-0.006069,-0.003876,0.0,-0.000782,-0.005859,-0.001245,-0.004483,0.0,-0.001032,-0.001964,-2.4e-05,-0.0,-0.002846,-0.002818,0.0,-8.5e-05,-0.0,-0.002501,-0.0,-0.003595,-0.0,-0.002309,-0.006123,-6.1e-05,-7.8e-05,-0.005925,-0.0,-1e-06,-0.0,-0.000191,-0.003611,-0.003924,0.0,-0.001806,-0.002454,-0.006868,-0.006753,-0.0,-0.005654,-4e-06,-0.004828,-0.002522,0.0,-0.002129,-0.007469,-0.00437,-0.004407,-0.004697,-0.00655,-0.002051,-0.001365,-0.001436,-0.0,-0.000908,-0.00314,-0.003499,-0.004772
2017-06-01 09:36:00+02:00,-0.0,0.0,-0.000617,-0.004295,-0.000498,-1e-05,-0.001768,-0.002549,-0.004494,-4.5e-05,-0.0,-0.0,-0.003989,-0.003458,-0.00123,-0.005558,-5.1e-05,-0.0,-2e-05,-0.006435,0.0,-0.006289,-0.003279,-0.0,-0.006133,-0.006391,-0.002421,0.0,-0.001565,-2.3e-05,-0.0,-0.003416,0.0,-0.002515,-0.002649,-0.0,-0.000868,-0.003188,0.0,-0.006712,-0.002018,-0.0,-0.002876,0.0,-0.00032,-0.002048,-0.002422,-0.004342,-0.002403,0.0,-1e-06,-0.00352,-0.002951,-0.003515,-0.0,0.0,-0.000222,-0.0,0.0,-0.001572,-0.00382,-0.006126,-0.003879,0.0,-0.000763,-0.00588,-0.001234,-0.004529,0.0,-0.001023,-0.001979,-1.9e-05,-0.0,-0.002894,-0.002876,0.0,-6.8e-05,-0.0,-0.002505,-0.0,-0.003607,-0.0,-0.002297,-0.006179,-4.9e-05,-6.3e-05,-0.005992,-0.0,-1e-06,-0.0,-0.00017,-0.00363,-0.003987,0.0,-0.001821,-0.002462,-0.006902,-0.006787,-0.0,-0.005703,-3e-06,-0.004839,-0.002536,0.0,-0.002134,-0.007565,-0.004434,-0.00444,-0.004709,-0.006582,-0.002058,-0.001349,-0.00144,-0.0,-0.000886,-0.003164,-0.003499,-0.004838
2017-06-01 09:37:00+02:00,-0.0,0.0,-0.000596,-0.004293,-0.000466,-8e-06,-0.001756,-0.002544,-0.004518,-3.6e-05,-0.0,-0.0,-0.004043,-0.003518,-0.001242,-0.005569,-4.1e-05,-0.0,-1.6e-05,-0.006501,0.0,-0.00635,-0.003278,-0.0,-0.006174,-0.006412,-0.002413,0.0,-0.001549,-1.8e-05,-0.0,-0.003442,0.0,-0.002543,-0.002689,-0.0,-0.000847,-0.003186,0.0,-0.006771,-0.002016,-0.0,-0.002888,0.0,-0.000286,-0.002028,-0.002408,-0.004372,-0.002409,0.0,-1e-06,-0.003557,-0.002964,-0.003568,-0.0,0.0,-0.000194,-0.0,0.0,-0.001554,-0.003857,-0.006171,-0.003873,0.0,-0.000744,-0.005895,-0.001217,-0.004562,0.0,-0.001009,-0.001989,-1.5e-05,-0.0,-0.002935,-0.002927,0.0,-5.4e-05,-0.0,-0.002498,-0.0,-0.003615,-0.0,-0.002279,-0.006225,-3.9e-05,-5e-05,-0.006044,-0.0,-1e-06,-0.0,-0.000148,-0.003643,-0.00404,0.0,-0.001834,-0.002467,-0.006928,-0.006813,-0.0,-0.005743,-3e-06,-0.004843,-0.002545,0.0,-0.002131,-0.007646,-0.004488,-0.004467,-0.004712,-0.006606,-0.002057,-0.00133,-0.00144,-0.0,-0.00086,-0.003181,-0.003491,-0.004893
2017-06-01 09:38:00+02:00,-0.0,0.0,-0.000572,-0.004281,-0.000417,-6e-06,-0.001727,-0.002522,-0.004528,-2.9e-05,-0.0,-0.0,-0.004093,-0.003562,-0.00125,-0.005571,-3.3e-05,-0.0,-1.3e-05,-0.006557,0.0,-0.006403,-0.003255,-0.0,-0.006196,-0.006422,-0.002386,0.0,-0.001526,-1.4e-05,-0.0,-0.003458,0.0,-0.002562,-0.002718,-0.0,-0.000817,-0.00316,0.0,-0.006804,-0.002,-0.0,-0.002894,0.0,-0.000235,-0.001998,-0.002385,-0.004395,-0.002405,0.0,-1e-06,-0.00359,-0.002972,-0.003618,-0.0,0.0,-0.000162,-0.0,0.0,-0.001517,-0.003888,-0.006195,-0.003858,0.0,-0.000721,-0.005899,-0.001184,-0.004589,0.0,-0.000982,-0.001995,-1.2e-05,-0.0,-0.002971,-0.002965,0.0,-4.4e-05,-0.0,-0.002469,-0.0,-0.003615,-0.0,-0.002252,-0.006247,-3.1e-05,-4e-05,-0.00609,-0.0,-0.0,-0.0,-0.000118,-0.003651,-0.004091,0.0,-0.001842,-0.00246,-0.006942,-0.006827,-0.0,-0.005765,-2e-06,-0.004837,-0.002549,0.0,-0.002111,-0.007721,-0.004538,-0.004477,-0.004706,-0.00662,-0.002042,-0.001305,-0.001436,-0.0,-0.000815,-0.003191,-0.003474,-0.004943
2017-06-01 09:39:00+02:00,-0.0,0.0,-0.000568,-0.004249,-0.000375,-5e-06,-0.001696,-0.002493,-0.004532,-2.3e-05,-0.0,-0.0,-0.004139,-0.003593,-0.001253,-0.005551,-2.6e-05,-0.0,-1e-05,-0.00663,0.0,-0.006472,-0.003221,-0.0,-0.006204,-0.006411,-0.002353,0.0,-0.001494,-1.2e-05,-0.0,-0.003468,0.0,-0.002575,-0.002737,-0.0,-0.000788,-0.003123,0.0,-0.006811,-0.001977,-0.0,-0.002919,0.0,-0.000192,-0.001956,-0.002352,-0.004434,-0.002396,0.0,-0.0,-0.003634,-0.002969,-0.003664,-0.0,0.0,-0.000153,-0.0,0.0,-0.001482,-0.003931,-0.006197,-0.003825,0.0,-0.000719,-0.005883,-0.001155,-0.004631,0.0,-0.000957,-0.002013,-1e-05,-0.0,-0.003016,-0.002992,0.0,-3.5e-05,-0.0,-0.002435,-0.0,-0.003604,-0.0,-0.002212,-0.006248,-2.5e-05,-3.2e-05,-0.006131,-0.0,-0.0,-0.0,-9.5e-05,-0.003648,-0.004137,0.0,-0.00184,-0.002446,-0.006935,-0.00682,-0.0,-0.005773,-2e-06,-0.004809,-0.002568,0.0,-0.002085,-0.007786,-0.004583,-0.004475,-0.004677,-0.006612,-0.002021,-0.001271,-0.001447,-0.0,-0.000775,-0.00322,-0.00344,-0.004988
2017-06-01 09:40:00+02:00,-0.0,0.0,-0.000585,-0.004257,-0.000359,-4e-06,-0.001687,-0.002485,-0.004566,-1.8e-05,-0.0,-0.0,-0.004184,-0.003643,-0.001269,-0.005572,-2.1e-05,-0.0,-8e-06,-0.006717,0.0,-0.006553,-0.003212,-0.0,-0.006249,-0.006442,-0.002343,0.0,-0.001489,-9e-06,-0.0,-0.003502,0.0,-0.002605,-0.002773,-0.0,-0.000789,-0.003116,0.0,-0.006862,-0.001975,-0.0,-0.002962,0.0,-0.000175,-0.001949,-0.00235,-0.004488,-0.002413,0.0,-0.0,-0.003688,-0.00299,-0.003709,-0.0,0.0,-0.000166,-0.0,0.0,-0.001474,-0.003987,-0.006239,-0.00383,0.0,-0.000738,-0.005907,-0.001146,-0.004687,0.0,-0.000951,-0.002045,-8e-06,-0.0,-0.003069,-0.003036,0.0,-2.8e-05,-0.0,-0.002428,-0.0,-0.003622,-0.0,-0.002206,-0.00629,-2e-05,-2.6e-05,-0.006174,-0.0,-0.0,-0.0,-8.2e-05,-0.003672,-0.004183,0.0,-0.001856,-0.002463,-0.006974,-0.006858,-0.0,-0.005818,-1e-06,-0.004823,-0.002603,0.0,-0.00208,-0.007846,-0.00463,-0.00451,-0.004691,-0.006646,-0.002019,-0.001264,-0.001472,-0.0,-0.000762,-0.003267,-0.003444,-0.005035
2017-06-01 09:41:00+02:00,-0.0,0.0,-0.000608,-0.004276,-0.000348,-3e-06,-0.001683,-0.002485,-0.004609,-1.5e-05,-0.0,-0.0,-0.004222,-0.003693,-0.00129,-0.005605,-1.7e-05,-0.0,-6e-06,-0.006802,0.0,-0.006633,-0.003213,-0.0,-0.006306,-0.006483,-0.002338,0.0,-0.001489,-7e-06,-0.0,-0.003542,0.0,-0.002641,-0.002814,-0.0,-0.0008,-0.003114,0.0,-0.006928,-0.001975,-0.0,-0.003007,0.0,-0.000162,-0.001949,-0.002355,-0.004543,-0.002437,0.0,-0.0,-0.003742,-0.003017,-0.003746,-0.0,0.0,-0.000185,-0.0,0.0,-0.001471,-0.004042,-0.006295,-0.003846,0.0,-0.000763,-0.005944,-0.001142,-0.004744,0.0,-0.000948,-0.002079,-6e-06,-0.0,-0.00312,-0.003084,0.0,-2.2e-05,-0.0,-0.002427,-0.0,-0.003648,-0.0,-0.002208,-0.006345,-1.6e-05,-2.1e-05,-0.006206,-0.0,-0.0,-0.0,-7.2e-05,-0.003702,-0.004221,0.0,-0.001876,-0.00249,-0.007025,-0.006908,-0.0,-0.005875,-1e-06,-0.004847,-0.00264,0.0,-0.002079,-0.007893,-0.004667,-0.004557,-0.004718,-0.006692,-0.002021,-0.001262,-0.0015,-0.0,-0.000753,-0.003317,-0.003458,-0.005072
2017-06-01 09:42:00+02:00,-0.0,0.0,-0.000589,-0.004268,-0.000322,-2e-06,-0.001666,-0.002471,-0.004617,-1.2e-05,-0.0,-0.0,-0.004251,-0.003722,-0.001295,-0.005608,-1.3e-05,-0.0,-5e-06,-0.006827,0.0,-0.006654,-0.003196,-0.0,-0.006318,-0.006493,-0.002318,0.0,-0.001473,-6e-06,-0.0,-0.003554,0.0,-0.002656,-0.002835,-0.0,-0.000779,-0.003094,0.0,-0.006945,-0.001963,-0.0,-0.003003,0.0,-0.000135,-0.001927,-0.00234,-0.004552,-0.002434,0.0,-0.0,-0.00376,-0.003026,-0.003776,-0.0,0.0,-0.000162,-0.0,0.0,-0.00145,-0.004058,-0.006305,-0.003836,0.0,-0.000744,-0.005949,-0.001125,-0.004755,0.0,-0.000934,-0.002079,-5e-06,-0.0,-0.003142,-0.00311,0.0,-1.8e-05,-0.0,-0.002408,-0.0,-0.003653,-0.0,-0.002188,-0.006354,-1.3e-05,-1.6e-05,-0.006226,-0.0,-0.0,-0.0,-5.8e-05,-0.003712,-0.00425,0.0,-0.001884,-0.002482,-0.007039,-0.006922,-0.0,-0.005888,-1e-06,-0.004844,-0.002638,0.0,-0.002065,-0.007927,-0.004694,-0.004561,-0.004715,-0.006704,-0.002012,-0.001245,-0.001494,-0.0,-0.000729,-0.003315,-0.003446,-0.005098
2017-06-01 09:43:00+02:00,-0.0,0.0,-0.00055,-0.004243,-0.000267,-2e-06,-0.00162,-0.002423,-0.004587,-9e-06,-0.0,-0.0,-0.004274,-0.003717,-0.001281,-0.005591,-1.1e-05,-0.0,-4e-06,-0.006819,0.0,-0.006644,-0.003136,-0.0,-0.006276,-0.006481,-0.002269,0.0,-0.001446,-5e-06,-0.0,-0.003535,0.0,-0.002645,-0.002831,-0.0,-0.000723,-0.003032,0.0,-0.006904,-0.001926,-0.0,-0.002975,0.0,-0.000108,-0.001891,-0.002313,-0.004536,-0.002399,0.0,-0.0,-0.003758,-0.003023,-0.003801,-0.0,0.0,-0.000129,-0.0,0.0,-0.001397,-0.004052,-0.006262,-0.00381,0.0,-0.000705,-0.005934,-0.001082,-0.004741,0.0,-0.000897,-0.002063,-4e-06,-0.0,-0.003147,-0.003108,0.0,-1.4e-05,-0.0,-0.002352,-0.0,-0.003644,-0.0,-0.002153,-0.00631,-1e-05,-1.3e-05,-0.006228,-0.0,-0.0,-0.0,-4.6e-05,-0.003709,-0.004273,0.0,-0.001884,-0.002434,-0.007029,-0.006913,-0.0,-0.005848,-1e-06,-0.004823,-0.002615,0.0,-0.002024,-0.007952,-0.004715,-0.004516,-0.004694,-0.006694,-0.001974,-0.001217,-0.001472,-0.0,-0.000675,-0.003289,-0.003419,-0.005104
2017-06-01 09:44:00+02:00,-0.0,0.0,-0.000546,-0.004287,-0.000269,-2e-06,-0.001629,-0.002437,-0.004602,-8e-06,-0.0,-0.0,-0.004303,-0.003749,-0.001292,-0.005647,-9e-06,-0.0,-3e-06,-0.00685,0.0,-0.006671,-0.003158,-0.0,-0.0063,-0.006542,-0.002282,0.0,-0.001464,-4e-06,-0.0,-0.003554,0.0,-0.002665,-0.002859,-0.0,-0.000717,-0.003057,0.0,-0.006937,-0.001942,-0.0,-0.002983,0.0,-0.000103,-0.001916,-0.002335,-0.004548,-0.002404,0.0,-0.0,-0.003778,-0.00306,-0.003833,-0.0,0.0,-0.000121,-0.0,0.0,-0.001408,-0.004071,-0.006288,-0.00385,0.0,-0.000702,-0.005992,-0.001087,-0.004754,0.0,-0.000904,-0.00207,-3e-06,-0.0,-0.003172,-0.003138,0.0,-1.1e-05,-0.0,-0.002371,-0.0,-0.003681,-0.0,-0.00218,-0.006335,-8e-06,-1.1e-05,-0.006249,-0.0,-0.0,-0.0,-4e-05,-0.003748,-0.004303,0.0,-0.001915,-0.00244,-0.007096,-0.006979,-0.0,-0.005873,-1e-06,-0.004872,-0.002621,0.0,-0.002039,-0.007989,-0.004744,-0.004535,-0.004746,-0.006757,-0.00199,-0.001232,-0.001476,-0.0,-0.00068,-0.0033,-0.003457,-0.005133
2017-06-01 09:45:00+02:00,-0.0,0.0,-0.000561,-0.004365,-0.000295,-1e-06,-0.001666,-0.002483,-0.004641,-6e-06,-0.0,-0.0,-0.004339,-0.0038,-0.001313,-0.005739,-7e-06,-0.0,-3e-06,-0.006923,0.0,-0.00674,-0.003223,-0.0,-0.006357,-0.006642,-0.002329,0.0,-0.001501,-3e-06,-0.0,-0.003592,0.0,-0.002702,-0.002904,-0.0,-0.000727,-0.003129,0.0,-0.007007,-0.001987,-0.0,-0.003019,0.0,-0.000122,-0.001969,-0.002381,-0.004588,-0.002427,0.0,-0.0,-0.003823,-0.003118,-0.00387,-0.0,0.0,-0.00013,-0.0,0.0,-0.001449,-0.004115,-0.006349,-0.003924,0.0,-0.000718,-0.006087,-0.001116,-0.004796,0.0,-0.00093,-0.002096,-3e-06,-0.0,-0.003218,-0.003187,0.0,-9e-06,-0.0,-0.002429,-0.0,-0.003742,-0.0,-0.002235,-0.006395,-7e-06,-8e-06,-0.006275,-0.0,-0.0,-0.0,-5e-05,-0.003812,-0.004339,0.0,-0.001961,-0.002467,-0.007207,-0.007089,-0.0,-0.005932,-0.0,-0.004957,-0.002647,0.0,-0.002084,-0.008037,-0.004778,-0.004583,-0.004834,-0.006862,-0.002033,-0.001268,-0.001495,-0.0,-0.000712,-0.00334,-0.003528,-0.005168
2017-06-01 09:46:00+02:00,-0.0,0.0,-0.000566,-0.004353,-0.000306,-1e-06,-0.001695,-0.002526,-0.004669,-5e-06,-0.0,-0.0,-0.004374,-0.003851,-0.00133,-0.005739,-6e-06,-0.0,-2e-06,-0.006999,0.0,-0.006812,-0.003285,-0.0,-0.006404,-0.006646,-0.002368,0.0,-0.001473,-2e-06,-0.0,-0.003624,0.0,-0.002734,-0.002948,-0.0,-0.000722,-0.003192,0.0,-0.007075,-0.002025,-0.0,-0.003051,0.0,-0.000127,-0.001934,-0.002355,-0.004626,-0.002439,0.0,-0.0,-0.003866,-0.003124,-0.003907,-0.0,0.0,-0.000128,-0.0,0.0,-0.001478,-0.004158,-0.006407,-0.003908,0.0,-0.000725,-0.006089,-0.001135,-0.004836,0.0,-0.000949,-0.002118,-2e-06,-0.0,-0.003264,-0.003236,0.0,-7e-06,-0.0,-0.002478,-0.0,-0.003741,-0.0,-0.002202,-0.006451,-5e-06,-7e-06,-0.006297,-0.0,-0.0,-0.0,-5.1e-05,-0.003816,-0.004374,0.0,-0.001968,-0.002481,-0.00721,-0.007093,-0.0,-0.005981,-0.0,-0.004952,-0.00267,0.0,-0.002123,-0.008086,-0.00481,-0.00462,-0.004828,-0.006866,-0.002072,-0.00124,-0.00151,-0.0,-0.00073,-0.003376,-0.003508,-0.005199
2017-06-01 09:47:00+02:00,-0.0,0.0,-0.00056,-0.004345,-0.000313,-1e-06,-0.001718,-0.002562,-0.004687,-4e-06,-0.0,-0.0,-0.004406,-0.003894,-0.00134,-0.005744,-4e-06,-0.0,-2e-06,-0.007057,0.0,-0.006866,-0.003334,-0.0,-0.006432,-0.006654,-0.002401,0.0,-0.00145,-2e-06,-0.0,-0.003647,0.0,-0.002758,-0.002984,-0.0,-0.000706,-0.003244,0.0,-0.007126,-0.002058,-0.0,-0.003069,0.0,-0.000128,-0.001903,-0.002335,-0.004655,-0.002445,0.0,-0.0,-0.003902,-0.003134,-0.003941,-0.0,0.0,-0.000116,-0.0,0.0,-0.001501,-0.004192,-0.006447,-0.003896,0.0,-0.00072,-0.006096,-0.00115,-0.004868,0.0,-0.000963,-0.002132,-2e-06,-0.0,-0.003302,-0.003276,0.0,-6e-06,-0.0,-0.002518,-0.0,-0.003746,-0.0,-0.002173,-0.00649,-4e-06,-5e-06,-0.006319,-0.0,-0.0,-0.0,-5e-05,-0.003825,-0.004406,0.0,-0.001977,-0.002484,-0.007222,-0.007105,-0.0,-0.006014,-0.0,-0.00495,-0.002683,0.0,-0.002156,-0.008127,-0.00484,-0.004643,-0.004826,-0.006876,-0.002104,-0.001215,-0.001517,-0.0,-0.000743,-0.003398,-0.003493,-0.005229
2017-06-01 09:48:00+02:00,-0.0,0.0,-0.000555,-0.004339,-0.000312,-1e-06,-0.001731,-0.002585,-0.004713,-3e-06,-0.0,-0.0,-0.004435,-0.003934,-0.001351,-0.00575,-4e-06,-0.0,-1e-06,-0.007105,0.0,-0.006909,-0.003367,-0.0,-0.00647,-0.006664,-0.002422,0.0,-0.00143,-2e-06,-0.0,-0.003674,0.0,-0.002785,-0.003019,-0.0,-0.000695,-0.003279,0.0,-0.007176,-0.00208,-0.0,-0.003083,0.0,-0.000124,-0.001877,-0.002319,-0.004679,-0.002451,0.0,-0.0,-0.003931,-0.003144,-0.003972,-0.0,0.0,-0.000105,-0.0,0.0,-0.001514,-0.004221,-0.006488,-0.003887,0.0,-0.000717,-0.006103,-0.001158,-0.004893,0.0,-0.000971,-0.002145,-1e-06,-0.0,-0.003335,-0.003316,0.0,-5e-06,-0.0,-0.002543,-0.0,-0.003751,-0.0,-0.002148,-0.00653,-3e-06,-4e-06,-0.006337,-0.0,-0.0,-0.0,-4.5e-05,-0.003835,-0.004435,0.0,-0.001986,-0.002488,-0.007234,-0.007117,-0.0,-0.006052,-0.0,-0.004949,-0.002695,0.0,-0.002178,-0.008162,-0.004867,-0.004667,-0.004826,-0.006887,-0.002127,-0.001195,-0.001522,-0.0,-0.000748,-0.003416,-0.003481,-0.005256
2017-06-01 09:49:00+02:00,-0.0,0.0,-0.000551,-0.004335,-0.000307,-1e-06,-0.001739,-0.002601,-0.00474,-2e-06,-0.0,-0.0,-0.00446,-0.003968,-0.001361,-0.005757,-3e-06,-0.0,-1e-06,-0.007147,0.0,-0.006947,-0.003389,-0.0,-0.006507,-0.006674,-0.002436,0.0,-0.001415,-1e-06,-0.0,-0.003701,0.0,-0.00281,-0.003053,-0.0,-0.000688,-0.003303,0.0,-0.007224,-0.002096,-0.0,-0.003096,0.0,-0.000115,-0.001857,-0.002306,-0.0047,-0.002459,0.0,-0.0,-0.003958,-0.003155,-0.003998,-0.0,0.0,-9.7e-05,-0.0,0.0,-0.001519,-0.004247,-0.006526,-0.003881,0.0,-0.000714,-0.006112,-0.00116,-0.004915,0.0,-0.000973,-0.002156,-1e-06,-0.0,-0.003365,-0.003353,0.0,-4e-06,-0.0,-0.00256,-0.0,-0.003758,-0.0,-0.00213,-0.006567,-3e-06,-3e-06,-0.00635,-0.0,-0.0,-0.0,-3.8e-05,-0.003845,-0.00446,0.0,-0.001995,-0.002494,-0.007247,-0.007131,-0.0,-0.006089,-0.0,-0.004951,-0.002705,0.0,-0.002193,-0.00819,-0.00489,-0.004692,-0.004829,-0.006899,-0.002142,-0.00118,-0.001527,-0.0,-0.000746,-0.003432,-0.003473,-0.005277
2017-06-01 09:50:00+02:00,-0.0,0.0,-0.000541,-0.004331,-0.000299,-0.0,-0.001741,-0.002608,-0.004765,-2e-06,-0.0,-0.0,-0.004477,-0.003994,-0.001374,-0.00576,-2e-06,-0.0,-1e-06,-0.007166,0.0,-0.006963,-0.003401,-0.0,-0.006539,-0.006679,-0.002443,0.0,-0.001404,-1e-06,-0.0,-0.003726,0.0,-0.002834,-0.003082,-0.0,-0.000689,-0.003317,0.0,-0.007263,-0.002106,-0.0,-0.003096,0.0,-0.000104,-0.001842,-0.002296,-0.004708,-0.00247,0.0,-0.0,-0.003974,-0.003163,-0.004017,-0.0,0.0,-8.4e-05,-0.0,0.0,-0.001518,-0.00426,-0.006559,-0.003875,0.0,-0.000704,-0.006115,-0.001158,-0.004924,0.0,-0.000973,-0.002159,-1e-06,-0.0,-0.003384,-0.003385,0.0,-3e-06,-0.0,-0.002567,-0.0,-0.003763,-0.0,-0.002115,-0.006598,-2e-06,-3e-06,-0.006355,-0.0,-0.0,-0.0,-3.1e-05,-0.003853,-0.004477,0.0,-0.002003,-0.002506,-0.007254,-0.007138,-0.0,-0.006123,-0.0,-0.00495,-0.002705,0.0,-0.002202,-0.008204,-0.004905,-0.004717,-0.004829,-0.006905,-0.002152,-0.001168,-0.001526,-0.0,-0.000741,-0.003435,-0.003466,-0.005291
2017-06-01 09:51:00+02:00,-0.0,0.0,-0.000496,-0.004295,-0.000274,-0.0,-0.001725,-0.002597,-0.00476,-2e-06,-0.0,-0.0,-0.004488,-0.004008,-0.001375,-0.005728,-2e-06,-0.0,-1e-06,-0.007118,0.0,-0.006914,-0.003386,-0.0,-0.006531,-0.006647,-0.002429,0.0,-0.001377,-1e-06,-0.0,-0.003727,0.0,-0.002839,-0.003093,-0.0,-0.000669,-0.003303,0.0,-0.00726,-0.002098,-0.0,-0.003044,0.0,-8.3e-05,-0.001805,-0.002266,-0.004668,-0.002461,0.0,-0.0,-0.003949,-0.003152,-0.00403,-0.0,0.0,-6.7e-05,-0.0,0.0,-0.001497,-0.004231,-0.006552,-0.003839,0.0,-0.000659,-0.006083,-0.00114,-0.004884,0.0,-0.000958,-0.002126,-1e-06,-0.0,-0.00337,-0.003398,0.0,-2e-06,-0.0,-0.00255,-0.0,-0.003744,-0.0,-0.002078,-0.006589,-2e-06,-2e-06,-0.006337,-0.0,-0.0,-0.0,-2.5e-05,-0.003838,-0.004487,0.0,-0.001997,-0.002492,-0.00722,-0.007106,-0.0,-0.006118,-0.0,-0.004917,-0.002664,0.0,-0.002193,-0.008206,-0.004913,-0.004708,-0.004796,-0.006873,-0.002144,-0.001141,-0.001493,-0.0,-0.000717,-0.003382,-0.003431,-0.005297
2017-06-01 09:52:00+02:00,-0.0,0.0,-0.000455,-0.004255,-0.000245,-0.0,-0.001701,-0.002574,-0.004748,-1e-06,-0.0,-0.0,-0.004493,-0.004018,-0.001374,-0.005688,-1e-06,-0.0,-1e-06,-0.007064,0.0,-0.006859,-0.003359,-0.0,-0.006516,-0.006606,-0.002405,0.0,-0.001348,-1e-06,-0.0,-0.003723,0.0,-0.00284,-0.0031,-0.0,-0.000652,-0.003275,0.0,-0.007252,-0.002081,-0.0,-0.002992,0.0,-6.7e-05,-0.001767,-0.002234,-0.004623,-0.00245,0.0,-0.0,-0.003919,-0.003135,-0.004039,-0.0,0.0,-5.4e-05,-0.0,0.0,-0.001467,-0.004197,-0.006541,-0.0038,0.0,-0.000616,-0.006044,-0.001116,-0.004838,0.0,-0.000938,-0.002092,-1e-06,-0.0,-0.003351,-0.003407,0.0,-2e-06,-0.0,-0.002522,-0.0,-0.00372,-0.0,-0.00204,-0.006576,-1e-06,-2e-06,-0.0063,-0.0,-0.0,-0.0,-2e-05,-0.003818,-0.004493,0.0,-0.001988,-0.002478,-0.007176,-0.007064,-0.0,-0.006107,-0.0,-0.004878,-0.002622,0.0,-0.002174,-0.008191,-0.004915,-0.004696,-0.004757,-0.006832,-0.002127,-0.001113,-0.00146,-0.0,-0.000688,-0.00333,-0.003393,-0.005296
2017-06-01 09:53:00+02:00,-0.0,0.0,-0.000425,-0.004238,-0.000218,-0.0,-0.001682,-0.002557,-0.004732,-1e-06,-0.0,-0.0,-0.004515,-0.004026,-0.001369,-0.005679,-1e-06,-0.0,-0.0,-0.007041,0.0,-0.006834,-0.003338,-0.0,-0.006495,-0.006602,-0.002387,0.0,-0.00133,-1e-06,-0.0,-0.003717,0.0,-0.00284,-0.003107,-0.0,-0.000623,-0.003256,0.0,-0.007237,-0.00207,-0.0,-0.00296,0.0,-5.3e-05,-0.001743,-0.002215,-0.004598,-0.00243,0.0,-0.0,-0.003909,-0.003136,-0.004064,-0.0,0.0,-4.3e-05,-0.0,0.0,-0.001443,-0.004182,-0.006523,-0.003782,0.0,-0.000585,-0.006036,-0.001096,-0.004814,0.0,-0.000921,-0.002073,-0.0,-0.0,-0.00335,-0.003416,0.0,-2e-06,-0.0,-0.002501,-0.0,-0.003715,-0.0,-0.002016,-0.006556,-1e-06,-1e-06,-0.006318,-0.0,-0.0,-0.0,-1.6e-05,-0.003819,-0.004515,0.0,-0.00199,-0.002452,-0.007175,-0.007063,-0.0,-0.006089,-0.0,-0.004864,-0.002596,0.0,-0.00216,-0.008218,-0.004935,-0.004674,-0.004745,-0.006831,-0.002116,-0.001095,-0.001439,-0.0,-0.000663,-0.003298,-0.003374,-0.005314
2017-06-01 09:54:00+02:00,-0.0,0.0,-0.000437,-0.00428,-0.000242,-0.0,-0.001705,-0.002583,-0.004776,-1e-06,-0.0,-0.0,-0.004534,-0.004055,-0.001396,-0.005733,-1e-06,-0.0,-0.0,-0.007087,0.0,-0.006877,-0.003377,-0.0,-0.006558,-0.006664,-0.002412,0.0,-0.00135,-0.0,-0.0,-0.003759,0.0,-0.002879,-0.003152,-0.0,-0.000657,-0.003297,0.0,-0.007312,-0.002095,-0.0,-0.002979,0.0,-6.8e-05,-0.001772,-0.002237,-0.00462,-0.002463,0.0,-0.0,-0.003937,-0.003172,-0.004085,-0.0,0.0,-3.7e-05,-0.0,0.0,-0.001474,-0.004209,-0.00659,-0.003822,0.0,-0.000598,-0.006093,-0.001117,-0.004837,0.0,-0.000941,-0.002087,-0.0,-0.0,-0.003381,-0.003465,0.0,-1e-06,-0.0,-0.002538,-0.0,-0.003751,-0.0,-0.002045,-0.006621,-1e-06,-1e-06,-0.006327,-0.0,-0.0,-0.0,-2.1e-05,-0.003857,-0.004534,0.0,-0.002019,-0.002495,-0.007242,-0.00713,-0.0,-0.006155,-0.0,-0.004911,-0.002609,0.0,-0.002186,-0.008239,-0.004951,-0.004732,-0.004793,-0.006896,-0.002141,-0.001113,-0.00145,-0.0,-0.000689,-0.00332,-0.003413,-0.005328
2017-06-01 09:55:00+02:00,-0.0,0.0,-0.000431,-0.004296,-0.000256,-0.0,-0.001718,-0.002598,-0.004798,-1e-06,-0.0,-0.0,-0.004549,-0.004079,-0.001413,-0.005757,-1e-06,-0.0,-0.0,-0.007101,0.0,-0.006889,-0.003402,-0.0,-0.006594,-0.006694,-0.002427,0.0,-0.001353,-0.0,-0.0,-0.003784,0.0,-0.002905,-0.003184,-0.0,-0.00067,-0.003324,0.0,-0.007357,-0.002112,-0.0,-0.002975,0.0,-7.6e-05,-0.001779,-0.002241,-0.004619,-0.002479,0.0,-0.0,-0.003945,-0.003189,-0.004103,-0.0,0.0,-3e-05,-0.0,0.0,-0.001493,-0.004215,-0.00663,-0.003836,0.0,-0.000591,-0.006119,-0.001129,-0.004836,0.0,-0.000953,-0.002084,-0.0,-0.0,-0.003396,-0.0035,0.0,-1e-06,-0.0,-0.002562,-0.0,-0.003766,-0.0,-0.002052,-0.006659,-1e-06,-1e-06,-0.006331,-0.0,-0.0,-0.0,-2.3e-05,-0.003876,-0.004549,0.0,-0.002036,-0.002518,-0.007274,-0.007162,-0.0,-0.006195,-0.0,-0.004931,-0.002603,0.0,-0.002202,-0.008256,-0.004962,-0.004765,-0.004813,-0.006928,-0.002158,-0.001116,-0.001447,-0.0,-0.000705,-0.003317,-0.003426,-0.005337
2017-06-01 09:56:00+02:00,-0.0,0.0,-0.000409,-0.004298,-0.000254,-0.0,-0.001719,-0.002602,-0.004805,-1e-06,-0.0,-0.0,-0.004565,-0.004104,-0.001421,-0.005768,-1e-06,-0.0,-0.0,-0.00709,0.0,-0.006876,-0.003412,-0.0,-0.006608,-0.00671,-0.002429,0.0,-0.001347,-0.0,-0.0,-0.003796,0.0,-0.002921,-0.003207,-0.0,-0.000665,-0.003334,0.0,-0.00738,-0.002118,-0.0,-0.002952,0.0,-6.9e-05,-0.001773,-0.002236,-0.004601,-0.002481,0.0,-0.0,-0.00394,-0.0032,-0.004123,-0.0,0.0,-2.4e-05,-0.0,0.0,-0.001497,-0.004206,-0.006649,-0.003838,0.0,-0.000569,-0.006132,-0.001129,-0.004819,0.0,-0.000954,-0.002069,-0.0,-0.0,-0.003399,-0.003525,0.0,-1e-06,-0.0,-0.002569,-0.0,-0.003772,-0.0,-0.002047,-0.006676,-1e-06,-1e-06,-0.006337,-0.0,-0.0,-0.0,-1.8e-05,-0.003887,-0.004565,0.0,-0.002047,-0.002521,-0.007291,-0.00718,-0.0,-0.006212,-0.0,-0.004938,-0.002582,0.0,-0.002207,-0.008277,-0.004976,-0.004777,-0.00482,-0.006946,-0.002164,-0.00111,-0.001431,-0.0,-0.000706,-0.003295,-0.003427,-0.005348
2017-06-01 09:57:00+02:00,-0.0,0.0,-0.000407,-0.004326,-0.000279,-0.0,-0.001744,-0.002632,-0.004825,-0.0,-0.0,-0.0,-0.004583,-0.004128,-0.001435,-0.005805,-0.0,-0.0,-0.0,-0.007109,0.0,-0.006893,-0.003455,-0.0,-0.006638,-0.006753,-0.00246,0.0,-0.001359,-0.0,-0.0,-0.003819,0.0,-0.002944,-0.003236,-0.0,-0.000673,-0.003382,0.0,-0.00742,-0.002148,-0.0,-0.002955,0.0,-8.9e-05,-0.001791,-0.00225,-0.004605,-0.002494,0.0,-0.0,-0.003953,-0.003226,-0.004144,-0.0,0.0,-1.9e-05,-0.0,0.0,-0.001529,-0.004217,-0.006683,-0.003864,0.0,-0.000568,-0.00617,-0.001151,-0.004824,0.0,-0.000975,-0.002072,-0.0,-0.0,-0.003416,-0.003557,0.0,-1e-06,-0.0,-0.00261,-0.0,-0.003796,-0.0,-0.002066,-0.006709,-0.0,-1e-06,-0.006344,-0.0,-0.0,-0.0,-2.8e-05,-0.003914,-0.004583,0.0,-0.002069,-0.002537,-0.007336,-0.007226,-0.0,-0.006246,-0.0,-0.00497,-0.002582,0.0,-0.002237,-0.008297,-0.004992,-0.004804,-0.004854,-0.006991,-0.002193,-0.001121,-0.001432,-0.0,-0.000733,-0.003299,-0.003453,-0.005361
2017-06-01 09:58:00+02:00,-0.0,0.0,-0.000412,-0.004348,-0.000313,-0.0,-0.001781,-0.002676,-0.004855,-0.0,-0.0,-0.0,-0.004606,-0.004156,-0.001453,-0.005833,-0.0,-0.0,-0.0,-0.00714,0.0,-0.00692,-0.003514,-0.0,-0.00668,-0.006783,-0.002502,0.0,-0.001369,-0.0,-0.0,-0.00385,0.0,-0.002973,-0.003274,-0.0,-0.000688,-0.003446,0.0,-0.007477,-0.002188,-0.0,-0.002965,0.0,-0.000118,-0.001805,-0.00226,-0.004619,-0.002512,0.0,-0.0,-0.003974,-0.003247,-0.004168,-0.0,0.0,-1.5e-05,-0.0,0.0,-0.001573,-0.004236,-0.006731,-0.003884,0.0,-0.000573,-0.0062,-0.001182,-0.004839,0.0,-0.001004,-0.00208,-0.0,-0.0,-0.00344,-0.003599,0.0,-1e-06,-0.0,-0.002665,-0.0,-0.003816,-0.0,-0.002079,-0.006755,-0.0,-0.0,-0.006358,-0.0,-0.0,-0.0,-4.5e-05,-0.003937,-0.004606,0.0,-0.002088,-0.002559,-0.00737,-0.00726,-0.0,-0.006291,-0.0,-0.004995,-0.002589,0.0,-0.002278,-0.008323,-0.005012,-0.004841,-0.004881,-0.007023,-0.002234,-0.00113,-0.001439,-0.0,-0.000772,-0.003311,-0.003474,-0.00538
2017-06-01 09:59:00+02:00,-0.0,0.0,-0.000432,-0.004378,-0.000332,-0.0,-0.001804,-0.002705,-0.004898,-0.0,-0.0,-0.0,-0.004632,-0.004185,-0.001476,-0.005873,-0.0,-0.0,-0.0,-0.007207,0.0,-0.006982,-0.003555,-0.0,-0.006737,-0.006828,-0.002529,0.0,-0.001381,-0.0,-0.0,-0.003891,0.0,-0.003011,-0.003318,-0.0,-0.00071,-0.00349,0.0,-0.00755,-0.002216,-0.0,-0.003002,0.0,-0.000135,-0.001823,-0.002277,-0.00466,-0.002539,0.0,-0.0,-0.004017,-0.003277,-0.004195,-0.0,0.0,-1.8e-05,-0.0,0.0,-0.001601,-0.00428,-0.006794,-0.003913,0.0,-0.000594,-0.006242,-0.001202,-0.004881,0.0,-0.001024,-0.002108,-0.0,-0.0,-0.003483,-0.003648,0.0,-0.0,-0.0,-0.002703,-0.0,-0.003845,-0.0,-0.002098,-0.006816,-0.0,-0.0,-0.006375,-0.0,-0.0,-0.0,-5.3e-05,-0.003968,-0.004632,0.0,-0.002112,-0.002593,-0.00742,-0.00731,-0.0,-0.006351,-0.0,-0.005029,-0.002618,0.0,-0.002307,-0.008353,-0.005036,-0.004894,-0.004919,-0.00707,-0.002262,-0.001141,-0.001461,-0.0,-0.000795,-0.003352,-0.003502,-0.005403
2017-06-01 10:00:00+02:00,-0.0,0.0,-0.000438,-0.004407,-0.00033,-0.0,-0.001808,-0.002715,-0.004924,-0.0,-0.0,-0.0,-0.004654,-0.004212,-0.001491,-0.005917,-0.0,-0.0,-0.0,-0.00726,0.0,-0.007031,-0.003569,-0.0,-0.006772,-0.006879,-0.002536,0.0,-0.00139,-0.0,-0.0,-0.003917,0.0,-0.003038,-0.003354,-0.0,-0.000714,-0.003504,0.0,-0.007602,-0.002226,-0.0,-0.003026,0.0,-0.00013,-0.001835,-0.002289,-0.00469,-0.002554,0.0,-0.0,-0.00405,-0.003307,-0.00422,-0.0,0.0,-1.4e-05,-0.0,0.0,-0.001607,-0.004313,-0.006837,-0.003939,0.0,-0.000601,-0.006288,-0.001204,-0.004912,0.0,-0.001026,-0.002126,-0.0,-0.0,-0.003518,-0.003687,0.0,-0.0,-0.0,-0.002714,-0.0,-0.003876,-0.0,-0.002112,-0.006857,-0.0,-0.0,-0.006387,-0.0,-0.0,-0.0,-4.9e-05,-0.004002,-0.004654,0.0,-0.002136,-0.002609,-0.007477,-0.007367,-0.0,-0.006389,-0.0,-0.005065,-0.002637,0.0,-0.002315,-0.008379,-0.005057,-0.004926,-0.004956,-0.007125,-0.002273,-0.001148,-0.001474,-0.0,-0.000796,-0.003379,-0.003527,-0.005422
2017-06-01 10:01:00+02:00,-0.0,0.0,-0.000423,-0.004402,-0.000298,-0.0,-0.001798,-0.00271,-0.004938,-0.0,-0.0,-0.0,-0.00468,-0.00424,-0.001497,-0.005922,-0.0,-0.0,-0.0,-0.00729,0.0,-0.007057,-0.003564,-0.0,-0.006789,-0.006889,-0.002527,0.0,-0.001376,-0.0,-0.0,-0.003934,0.0,-0.003056,-0.003381,-0.0,-0.000697,-0.003498,0.0,-0.007635,-0.002223,-0.0,-0.003027,0.0,-0.000104,-0.001816,-0.002277,-0.004702,-0.002555,0.0,-0.0,-0.00407,-0.003316,-0.004246,-0.0,0.0,-1.2e-05,-0.0,0.0,-0.001601,-0.004331,-0.006863,-0.003932,0.0,-0.000587,-0.006295,-0.001199,-0.004926,0.0,-0.001023,-0.00213,-0.0,-0.0,-0.003542,-0.003718,0.0,-0.0,-0.0,-0.002705,-0.0,-0.003881,-0.0,-0.002094,-0.00688,-0.0,-0.0,-0.006402,-0.0,-0.0,-0.0,-3.9e-05,-0.004012,-0.00468,0.0,-0.002144,-0.002606,-0.00749,-0.007381,-0.0,-0.00641,-0.0,-0.005065,-0.002638,0.0,-0.002311,-0.008408,-0.005081,-0.004939,-0.004956,-0.007137,-0.002272,-0.001133,-0.001471,-0.0,-0.000771,-0.003384,-0.003518,-0.005443
2017-06-01 10:02:00+02:00,-0.0,0.0,-0.00042,-0.00441,-0.000283,-0.0,-0.001799,-0.002714,-0.004959,-0.0,-0.0,-0.0,-0.0047,-0.004264,-0.001509,-0.00594,-0.0,-0.0,-0.0,-0.007335,0.0,-0.007098,-0.003573,-0.0,-0.006819,-0.006912,-0.00253,0.0,-0.001372,-0.0,-0.0,-0.003957,0.0,-0.003079,-0.003413,-0.0,-0.000692,-0.003507,0.0,-0.00768,-0.002229,-0.0,-0.003041,0.0,-8.3e-05,-0.001811,-0.002276,-0.004725,-0.002564,0.0,-0.0,-0.004099,-0.003332,-0.00427,-0.0,0.0,-9e-06,-0.0,0.0,-0.001609,-0.004359,-0.006899,-0.003938,0.0,-0.000586,-0.006316,-0.001202,-0.00495,0.0,-0.001027,-0.002142,-0.0,-0.0,-0.003573,-0.003755,0.0,-0.0,-0.0,-0.002711,-0.0,-0.003895,-0.0,-0.00209,-0.006915,-0.0,-0.0,-0.006411,-0.0,-0.0,-0.0,-3.1e-05,-0.004029,-0.0047,0.0,-0.002157,-0.002615,-0.007515,-0.007406,-0.0,-0.006443,-0.0,-0.005078,-0.00265,0.0,-0.002316,-0.008431,-0.0051,-0.004963,-0.00497,-0.007161,-0.002278,-0.001128,-0.001478,-0.0,-0.000762,-0.003402,-0.003523,-0.00546
2017-06-01 10:03:00+02:00,-0.0,0.0,-0.000404,-0.004407,-0.000257,-0.0,-0.00179,-0.00271,-0.004966,-0.0,-0.0,-0.0,-0.004724,-0.004291,-0.001513,-0.005949,-0.0,-0.0,-0.0,-0.007362,0.0,-0.007122,-0.003569,-0.0,-0.006829,-0.006925,-0.002523,0.0,-0.001361,-0.0,-0.0,-0.003969,0.0,-0.003093,-0.003436,-0.0,-0.000672,-0.003504,0.0,-0.007704,-0.002228,-0.0,-0.003041,0.0,-6.6e-05,-0.001796,-0.002266,-0.004736,-0.002561,0.0,-0.0,-0.004118,-0.003344,-0.004295,-0.0,0.0,-7e-06,-0.0,0.0,-0.001603,-0.004376,-0.006916,-0.003934,0.0,-0.00057,-0.006326,-0.001196,-0.004962,0.0,-0.001022,-0.002144,-0.0,-0.0,-0.003595,-0.003781,0.0,-0.0,-0.0,-0.002705,-0.0,-0.003902,-0.0,-0.002075,-0.006929,-0.0,-0.0,-0.006424,-0.0,-0.0,-0.0,-2.5e-05,-0.004041,-0.004724,0.0,-0.002166,-0.002607,-0.007532,-0.007423,-0.0,-0.006456,-0.0,-0.005081,-0.00265,0.0,-0.002313,-0.008458,-0.005122,-0.004969,-0.004974,-0.007177,-0.002278,-0.001115,-0.001474,-0.0,-0.000742,-0.003405,-0.003517,-0.005481
2017-06-01 10:04:00+02:00,-0.0,0.0,-0.000401,-0.00444,-0.000248,-0.0,-0.001795,-0.002722,-0.005001,-0.0,-0.0,-0.0,-0.00475,-0.004319,-0.001531,-0.005999,-0.0,-0.0,-0.0,-0.00741,0.0,-0.007164,-0.003585,-0.0,-0.006875,-0.006987,-0.002532,0.0,-0.00137,-0.0,-0.0,-0.004004,0.0,-0.003126,-0.003478,-0.0,-0.000677,-0.003522,0.0,-0.007771,-0.00224,-0.0,-0.003055,0.0,-5.3e-05,-0.001808,-0.00228,-0.00476,-0.002581,0.0,-0.0,-0.004149,-0.003379,-0.004322,-0.0,0.0,-6e-06,-0.0,0.0,-0.001613,-0.004406,-0.006972,-0.003963,0.0,-0.000568,-0.006381,-0.001202,-0.004989,0.0,-0.001029,-0.002157,-0.0,-0.0,-0.003628,-0.003822,0.0,-0.0,-0.0,-0.002718,-0.0,-0.003939,-0.0,-0.002089,-0.006983,-0.0,-0.0,-0.006438,-0.0,-0.0,-0.0,-2e-05,-0.004082,-0.00475,0.0,-0.002192,-0.002627,-0.007603,-0.007494,-0.0,-0.006506,-0.0,-0.005122,-0.002662,0.0,-0.002325,-0.008488,-0.005146,-0.00501,-0.005016,-0.007244,-0.002291,-0.001122,-0.001481,-0.0,-0.000738,-0.003423,-0.003545,-0.005503
2017-06-01 10:05:00+02:00,-0.0,0.0,-0.000398,-0.004457,-0.00024,-0.0,-0.0018,-0.002731,-0.005018,-0.0,-0.0,-0.0,-0.004769,-0.00434,-0.001541,-0.00603,-0.0,-0.0,-0.0,-0.007452,0.0,-0.007202,-0.003599,-0.0,-0.006896,-0.007025,-0.002539,0.0,-0.001371,-0.0,-0.0,-0.004024,0.0,-0.003146,-0.003506,-0.0,-0.000671,-0.003537,0.0,-0.007807,-0.002251,-0.0,-0.003067,0.0,-4.2e-05,-0.00181,-0.002284,-0.004782,-0.002587,0.0,-0.0,-0.004177,-0.003402,-0.004343,-0.0,0.0,-5e-06,-0.0,0.0,-0.001621,-0.004433,-0.007,-0.003978,0.0,-0.000566,-0.006414,-0.001206,-0.005011,0.0,-0.001033,-0.002168,-0.0,-0.0,-0.003658,-0.003854,0.0,-0.0,-0.0,-0.002729,-0.0,-0.003961,-0.0,-0.002093,-0.007009,-0.0,-0.0,-0.006444,-0.0,-0.0,-0.0,-1.6e-05,-0.004108,-0.004769,0.0,-0.00221,-0.002632,-0.007645,-0.007536,-0.0,-0.006532,-0.0,-0.005145,-0.002672,0.0,-0.002334,-0.008506,-0.005163,-0.00503,-0.00504,-0.007284,-0.002302,-0.001122,-0.001486,-0.0,-0.000735,-0.003439,-0.003558,-0.005518
2017-06-01 10:06:00+02:00,-0.0,0.0,-0.000385,-0.004444,-0.000217,-0.0,-0.00179,-0.002725,-0.005001,-0.0,-0.0,-0.0,-0.004786,-0.00436,-0.001535,-0.006025,-0.0,-0.0,-0.0,-0.007479,0.0,-0.007227,-0.003594,-0.0,-0.006874,-0.007023,-0.002531,0.0,-0.001355,-0.0,-0.0,-0.004015,0.0,-0.003144,-0.003514,-0.0,-0.000638,-0.003532,0.0,-0.007799,-0.002248,-0.0,-0.003069,0.0,-3.4e-05,-0.001788,-0.002267,-0.004791,-0.002569,0.0,-0.0,-0.004195,-0.003404,-0.004362,-0.0,0.0,-4e-06,-0.0,0.0,-0.001611,-0.004449,-0.006988,-0.003963,0.0,-0.000553,-0.00641,-0.001196,-0.005022,0.0,-0.001026,-0.002171,-0.0,-0.0,-0.003679,-0.003866,0.0,-0.0,-0.0,-0.002721,-0.0,-0.003958,-0.0,-0.002072,-0.006994,-0.0,-0.0,-0.006447,-0.0,-0.0,-0.0,-1.3e-05,-0.00411,-0.004786,0.0,-0.002213,-0.002607,-0.007643,-0.007535,-0.0,-0.006515,-0.0,-0.005136,-0.002673,0.0,-0.00233,-0.008524,-0.005177,-0.00501,-0.005031,-0.007284,-0.002299,-0.001105,-0.001484,-0.0,-0.000716,-0.003444,-0.003542,-0.00553
2017-06-01 10:07:00+02:00,-0.0,0.0,-0.00037,-0.004451,-0.000205,-0.0,-0.001789,-0.002729,-0.005014,-0.0,-0.0,-0.0,-0.004813,-0.00439,-0.001545,-0.006043,-0.0,-0.0,-0.0,-0.007509,0.0,-0.007254,-0.003606,-0.0,-0.006899,-0.007048,-0.002532,0.0,-0.001348,-0.0,-0.0,-0.004033,0.0,-0.003165,-0.003545,-0.0,-0.000629,-0.003542,0.0,-0.00784,-0.002254,-0.0,-0.003068,0.0,-2.7e-05,-0.001782,-0.002262,-0.004798,-0.002573,0.0,-0.0,-0.004212,-0.003419,-0.004392,-0.0,0.0,-3e-06,-0.0,0.0,-0.001613,-0.004464,-0.007021,-0.003969,0.0,-0.000539,-0.006431,-0.001195,-0.005031,0.0,-0.001026,-0.00217,-0.0,-0.0,-0.003702,-0.003902,0.0,-0.0,-0.0,-0.002728,-0.0,-0.003969,-0.0,-0.002067,-0.007025,-0.0,-0.0,-0.00646,-0.0,-0.0,-0.0,-1e-05,-0.004125,-0.004813,0.0,-0.002227,-0.002612,-0.007669,-0.007562,-0.0,-0.006543,-0.0,-0.005149,-0.002669,0.0,-0.002334,-0.008562,-0.005202,-0.005029,-0.005044,-0.00731,-0.002306,-0.001098,-0.001478,-0.0,-0.000708,-0.003445,-0.003547,-0.005552
2017-06-01 10:08:00+02:00,-0.0,0.0,-0.000373,-0.004491,-0.000212,-0.0,-0.001805,-0.00275,-0.004995,-0.0,-0.0,-0.0,-0.004837,-0.004418,-0.001535,-0.006098,-0.0,-0.0,-0.0,-0.007572,0.0,-0.007313,-0.003641,-0.0,-0.00688,-0.007111,-0.002551,0.0,-0.00136,-0.0,-0.0,-0.004022,0.0,-0.003162,-0.003555,-0.0,-0.000587,-0.003578,0.0,-0.007838,-0.002275,-0.0,-0.00309,0.0,-2.3e-05,-0.001801,-0.002278,-0.004825,-0.002545,0.0,-0.0,-0.004247,-0.003454,-0.004419,-0.0,0.0,-2e-06,-0.0,0.0,-0.001636,-0.004498,-0.007013,-0.004005,0.0,-0.000544,-0.006489,-0.001209,-0.005061,0.0,-0.00104,-0.002186,-0.0,-0.0,-0.00374,-0.003917,0.0,-0.0,-0.0,-0.002758,-0.0,-0.004002,-0.0,-0.002087,-0.007015,-0.0,-0.0,-0.00647,-0.0,-0.0,-0.0,-8e-06,-0.004163,-0.004837,0.0,-0.002255,-0.002577,-0.007736,-0.007629,-0.0,-0.006525,-0.0,-0.005196,-0.002683,0.0,-0.002355,-0.008597,-0.005224,-0.005002,-0.005091,-0.007377,-0.002328,-0.001108,-0.001488,-0.0,-0.00072,-0.003471,-0.00358,-0.005572
2017-06-01 10:09:00+02:00,-0.0,0.0,-0.000368,-0.004511,-0.000211,-0.0,-0.001813,-0.002764,-0.005005,-0.0,-0.0,-0.0,-0.004861,-0.004444,-0.001538,-0.006131,-0.0,-0.0,-0.0,-0.007616,0.0,-0.007354,-0.003665,-0.0,-0.006899,-0.00715,-0.002564,0.0,-0.001362,-0.0,-0.0,-0.004036,0.0,-0.003178,-0.003583,-0.0,-0.000566,-0.003603,0.0,-0.007873,-0.00229,-0.0,-0.003102,0.0,-1.8e-05,-0.001805,-0.002283,-0.004843,-0.00254,0.0,-0.0,-0.004273,-0.003476,-0.004445,-0.0,0.0,-2e-06,-0.0,0.0,-0.001649,-0.004522,-0.00704,-0.004023,0.0,-0.000539,-0.006525,-0.001216,-0.00508,0.0,-0.001047,-0.002194,-0.0,-0.0,-0.00377,-0.003951,0.0,-0.0,-0.0,-0.002778,-0.0,-0.004023,-0.0,-0.002093,-0.00704,-0.0,-0.0,-0.00648,-0.0,-0.0,-0.0,-7e-06,-0.004187,-0.004861,0.0,-0.002274,-0.002569,-0.007776,-0.00767,-0.0,-0.006546,-0.0,-0.005222,-0.00269,0.0,-0.00237,-0.008629,-0.005245,-0.005009,-0.005117,-0.007417,-0.002344,-0.001108,-0.001491,-0.0,-0.000724,-0.003486,-0.003597,-0.005591
2017-06-01 10:10:00+02:00,-0.0,0.0,-0.000375,-0.004515,-0.000218,-0.0,-0.001828,-0.002785,-0.005053,-0.0,-0.0,-0.0,-0.00488,-0.004466,-0.001562,-0.00614,-0.0,-0.0,-0.0,-0.007674,0.0,-0.00741,-0.0037,-0.0,-0.006973,-0.007165,-0.002583,0.0,-0.001357,-0.0,-0.0,-0.004083,0.0,-0.003221,-0.003636,-0.0,-0.000585,-0.003639,0.0,-0.007964,-0.002312,-0.0,-0.003131,0.0,-1.6e-05,-0.001801,-0.002278,-0.00487,-0.002566,0.0,-0.0,-0.004306,-0.003484,-0.004467,-0.0,0.0,-2e-06,-0.0,0.0,-0.00167,-0.004554,-0.00712,-0.004026,0.0,-0.000548,-0.006536,-0.001228,-0.005108,0.0,-0.001059,-0.002214,-0.0,-0.0,-0.003806,-0.003986,0.0,-0.0,-0.0,-0.002807,-0.0,-0.004026,-0.0,-0.00209,-0.007118,-0.0,-0.0,-0.006485,-0.0,-0.0,-0.0,-5e-06,-0.004195,-0.00488,0.0,-0.002284,-0.002604,-0.007789,-0.007685,-0.0,-0.006622,-0.0,-0.005229,-0.00271,0.0,-0.002391,-0.008656,-0.005261,-0.005067,-0.005123,-0.007433,-0.002365,-0.001103,-0.001505,-0.0,-0.000736,-0.003519,-0.003599,-0.005604
2017-06-01 10:11:00+02:00,-0.0,0.0,-0.000368,-0.004513,-0.000219,-0.0,-0.001841,-0.002804,-0.005068,-0.0,-0.0,-0.0,-0.004899,-0.004487,-0.00157,-0.006143,-0.0,-0.0,-0.0,-0.007708,0.0,-0.007442,-0.003733,-0.0,-0.006999,-0.007174,-0.002603,0.0,-0.001349,-0.0,-0.0,-0.004101,0.0,-0.003241,-0.003665,-0.0,-0.000573,-0.003674,0.0,-0.008005,-0.002333,-0.0,-0.003141,0.0,-1.3e-05,-0.001793,-0.002269,-0.004881,-0.002567,0.0,-0.0,-0.004325,-0.003489,-0.004488,-0.0,0.0,-1e-06,-0.0,0.0,-0.001685,-0.004571,-0.007153,-0.004024,0.0,-0.000541,-0.006541,-0.001236,-0.00512,0.0,-0.001068,-0.002221,-0.0,-0.0,-0.00383,-0.004019,0.0,-0.0,-0.0,-0.002833,-0.0,-0.004026,-0.0,-0.002082,-0.007148,-0.0,-0.0,-0.006489,-0.0,-0.0,-0.0,-4e-06,-0.0042,-0.004899,0.0,-0.002291,-0.002606,-0.007795,-0.007693,-0.0,-0.00665,-0.0,-0.005229,-0.002715,0.0,-0.002412,-0.008681,-0.005277,-0.005083,-0.005124,-0.007443,-0.002385,-0.001094,-0.001506,-0.0,-0.000742,-0.003532,-0.003596,-0.005618
2017-06-01 10:12:00+02:00,-0.0,0.0,-0.000368,-0.004522,-0.000224,-0.0,-0.001858,-0.00283,-0.005093,-0.0,-0.0,-0.0,-0.004926,-0.004516,-0.001582,-0.006158,-0.0,-0.0,-0.0,-0.007759,0.0,-0.007489,-0.003771,-0.0,-0.007036,-0.007191,-0.002627,0.0,-0.00135,-0.0,-0.0,-0.004128,0.0,-0.003267,-0.0037,-0.0,-0.00057,-0.003717,0.0,-0.008054,-0.00236,-0.0,-0.003161,0.0,-1.1e-05,-0.001794,-0.00227,-0.004906,-0.002578,0.0,-0.0,-0.004356,-0.003502,-0.004517,-0.0,0.0,-1e-06,-0.0,0.0,-0.001704,-0.004601,-0.007195,-0.004033,0.0,-0.000542,-0.006557,-0.001248,-0.005146,0.0,-0.00108,-0.002236,-0.0,-0.0,-0.003863,-0.004056,0.0,-0.0,-0.0,-0.002865,-0.0,-0.004036,-0.0,-0.002084,-0.007187,-0.0,-0.0,-0.006504,-0.0,-0.0,-0.0,-3e-06,-0.004213,-0.004926,0.0,-0.002305,-0.002617,-0.007813,-0.007711,-0.0,-0.006689,-0.0,-0.005242,-0.002729,0.0,-0.002438,-0.008717,-0.005303,-0.005111,-0.005138,-0.007461,-0.002411,-0.001094,-0.001514,-0.0,-0.000752,-0.003556,-0.003606,-0.005641
2017-06-01 10:13:00+02:00,-0.0,0.0,-0.000371,-0.004553,-0.000234,-0.0,-0.00188,-0.002862,-0.005139,-0.0,-0.0,-0.0,-0.004953,-0.004545,-0.001604,-0.006198,-0.0,-0.0,-0.0,-0.007826,0.0,-0.007552,-0.003818,-0.0,-0.007103,-0.007234,-0.002658,0.0,-0.001359,-0.0,-0.0,-0.004173,0.0,-0.003307,-0.003748,-0.0,-0.00058,-0.003767,0.0,-0.008133,-0.002391,-0.0,-0.003189,0.0,-1.4e-05,-0.001809,-0.002283,-0.004939,-0.002601,0.0,-0.0,-0.004395,-0.00353,-0.004545,-0.0,0.0,-1e-06,-0.0,0.0,-0.001729,-0.00464,-0.007264,-0.004061,0.0,-0.000547,-0.006599,-0.001264,-0.005181,0.0,-0.001096,-0.002256,-0.0,-0.0,-0.003905,-0.004092,0.0,-0.0,-0.0,-0.002904,-0.0,-0.004062,-0.0,-0.0021,-0.007254,-0.0,-0.0,-0.006518,-0.0,-0.0,-0.0,-3e-06,-0.004241,-0.004953,0.0,-0.002329,-0.002645,-0.007859,-0.007757,-0.0,-0.006759,-0.0,-0.005278,-0.002749,0.0,-0.002469,-0.008753,-0.005328,-0.005163,-0.005176,-0.007505,-0.002442,-0.001102,-0.001527,-0.0,-0.000768,-0.003589,-0.003633,-0.005664
2017-06-01 10:14:00+02:00,-0.0,0.0,-0.000351,-0.004564,-0.000211,-0.0,-0.001875,-0.002865,-0.00516,-0.0,-0.0,-0.0,-0.004983,-0.004577,-0.001612,-0.006222,-0.0,-0.0,-0.0,-0.007873,0.0,-0.007594,-0.003828,-0.0,-0.007137,-0.007266,-0.002658,0.0,-0.00135,-0.0,-0.0,-0.004197,0.0,-0.003332,-0.003784,-0.0,-0.000558,-0.003777,0.0,-0.008185,-0.002397,-0.0,-0.003194,0.0,-1.1e-05,-0.001799,-0.002278,-0.004955,-0.002603,0.0,-0.0,-0.004421,-0.003547,-0.004577,-0.0,0.0,-1e-06,-0.0,0.0,-0.001721,-0.004664,-0.007306,-0.004069,0.0,-0.000528,-0.006626,-0.001254,-0.0052,0.0,-0.001088,-0.002261,-0.0,-0.0,-0.003936,-0.004131,0.0,-0.0,-0.0,-0.002906,-0.0,-0.004076,-0.0,-0.002092,-0.007293,-0.0,-0.0,-0.006535,-0.0,-0.0,-0.0,-2e-06,-0.004261,-0.004983,0.0,-0.002344,-0.002644,-0.007892,-0.007791,-0.0,-0.006796,-0.0,-0.005296,-0.002752,0.0,-0.002474,-0.008796,-0.005356,-0.005184,-0.005193,-0.007538,-0.002449,-0.001091,-0.001524,-0.0,-0.00075,-0.003598,-0.003638,-0.00569
2017-06-01 10:15:00+02:00,-0.0,0.0,-0.000343,-0.004604,-0.000198,-0.0,-0.001875,-0.002872,-0.005192,-0.0,-0.0,-0.0,-0.005005,-0.004602,-0.00163,-0.006283,-0.0,-0.0,-0.0,-0.007929,0.0,-0.007648,-0.003843,-0.0,-0.007187,-0.007341,-0.002662,0.0,-0.001359,-0.0,-0.0,-0.00423,0.0,-0.003364,-0.003825,-0.0,-0.000557,-0.00379,0.0,-0.00825,-0.002406,-0.0,-0.00321,0.0,-9e-06,-0.001812,-0.002292,-0.004979,-0.002621,0.0,-0.0,-0.004453,-0.003586,-0.004602,-0.0,0.0,-1e-06,-0.0,0.0,-0.001719,-0.004695,-0.007363,-0.004105,0.0,-0.000521,-0.006692,-0.00125,-0.005227,0.0,-0.001086,-0.002273,-0.0,-0.0,-0.003971,-0.004161,0.0,-0.0,-0.0,-0.002913,-0.0,-0.004115,-0.0,-0.002108,-0.007347,-0.0,-0.0,-0.006544,-0.0,-0.0,-0.0,-2e-06,-0.004305,-0.005005,0.0,-0.002373,-0.002664,-0.007972,-0.007871,-0.0,-0.006848,-0.0,-0.005346,-0.002763,0.0,-0.002481,-0.008827,-0.005376,-0.005224,-0.005242,-0.007618,-0.002457,-0.001098,-0.001528,-0.0,-0.000741,-0.003618,-0.00367,-0.005708
2017-06-01 10:16:00+02:00,-0.0,0.0,-0.000317,-0.004604,-0.000171,-0.0,-0.001859,-0.00286,-0.005201,-0.0,-0.0,-0.0,-0.005019,-0.004619,-0.001636,-0.006297,-0.0,-0.0,-0.0,-0.007944,0.0,-0.007661,-0.003833,-0.0,-0.007206,-0.007366,-0.002648,0.0,-0.001345,-0.0,-0.0,-0.004244,0.0,-0.00338,-0.00385,-0.0,-0.000539,-0.003777,0.0,-0.008283,-0.002397,-0.0,-0.003202,0.0,-7e-06,-0.001794,-0.002281,-0.004977,-0.002621,0.0,-0.0,-0.004461,-0.003596,-0.004619,-0.0,0.0,-0.0,-0.0,0.0,-0.001702,-0.0047,-0.00739,-0.004103,0.0,-0.000496,-0.006709,-0.001236,-0.005226,0.0,-0.001073,-0.002268,-0.0,-0.0,-0.003984,-0.004183,0.0,-0.0,-0.0,-0.002898,-0.0,-0.004122,-0.0,-0.002092,-0.007372,-0.0,-0.0,-0.006542,-0.0,-0.0,-0.0,-1e-06,-0.004319,-0.005019,0.0,-0.002382,-0.002662,-0.007996,-0.007897,-0.0,-0.00687,-0.0,-0.005352,-0.002755,0.0,-0.002471,-0.008845,-0.005387,-0.005236,-0.005246,-0.007645,-0.00245,-0.001082,-0.001517,-0.0,-0.000716,-0.003613,-0.003665,-0.005717
2017-06-01 10:17:00+02:00,-0.0,0.0,-0.000292,-0.004596,-0.000145,-0.0,-0.001846,-0.002851,-0.005206,-0.0,-0.0,-0.0,-0.00504,-0.004642,-0.00164,-0.006301,-0.0,-0.0,-0.0,-0.007956,0.0,-0.007671,-0.003825,-0.0,-0.007217,-0.00738,-0.002636,0.0,-0.001327,-0.0,-0.0,-0.004254,0.0,-0.003393,-0.003872,-0.0,-0.000516,-0.003767,0.0,-0.008306,-0.002391,-0.0,-0.003192,0.0,-6e-06,-0.001771,-0.002265,-0.004973,-0.002618,0.0,-0.0,-0.004468,-0.003603,-0.004642,-0.0,0.0,-0.0,-0.0,0.0,-0.001686,-0.004705,-0.007407,-0.004093,0.0,-0.000472,-0.006718,-0.001222,-0.005224,0.0,-0.001062,-0.002263,-0.0,-0.0,-0.003997,-0.004211,0.0,-0.0,-0.0,-0.002885,-0.0,-0.004125,-0.0,-0.002071,-0.007387,-0.0,-0.0,-0.00655,-0.0,-0.0,-0.0,-1e-06,-0.004327,-0.00504,0.0,-0.002387,-0.002655,-0.008011,-0.007913,-0.0,-0.006885,-0.0,-0.005351,-0.002746,0.0,-0.002463,-0.008873,-0.005406,-0.005241,-0.005243,-0.007662,-0.002444,-0.001064,-0.001506,-0.0,-0.000694,-0.003606,-0.003653,-0.005734
2017-06-01 10:18:00+02:00,-0.0,0.0,-0.00029,-0.004614,-0.000141,-0.0,-0.001849,-0.002858,-0.005232,-0.0,-0.0,-0.0,-0.005058,-0.004662,-0.001655,-0.006333,-0.0,-0.0,-0.0,-0.007999,0.0,-0.007711,-0.00384,-0.0,-0.007257,-0.007421,-0.002642,0.0,-0.001327,-0.0,-0.0,-0.004282,0.0,-0.00342,-0.003907,-0.0,-0.000519,-0.003782,0.0,-0.00836,-0.002401,-0.0,-0.003209,0.0,-5e-06,-0.001771,-0.002267,-0.004992,-0.002632,0.0,-0.0,-0.004493,-0.003624,-0.004662,-0.0,0.0,-0.0,-0.0,0.0,-0.001692,-0.004729,-0.007454,-0.004108,0.0,-0.00047,-0.006753,-0.001223,-0.005244,0.0,-0.001064,-0.002275,-0.0,-0.0,-0.004025,-0.004235,0.0,-0.0,-0.0,-0.002896,-0.0,-0.004145,-0.0,-0.002073,-0.007431,-0.0,-0.0,-0.006554,-0.0,-0.0,-0.0,-1e-06,-0.004352,-0.005058,0.0,-0.002404,-0.002672,-0.008053,-0.007957,-0.0,-0.006928,-0.0,-0.005375,-0.002757,0.0,-0.002471,-0.008896,-0.005422,-0.005275,-0.005266,-0.007706,-0.002454,-0.001062,-0.001512,-0.0,-0.000692,-0.003627,-0.003666,-0.005747
2017-06-01 10:19:00+02:00,-0.0,0.0,-0.000284,-0.004621,-0.000127,-0.0,-0.001844,-0.002858,-0.005265,-0.0,-0.0,-0.0,-0.005079,-0.004684,-0.001673,-0.006353,-0.0,-0.0,-0.0,-0.008038,0.0,-0.007748,-0.003843,-0.0,-0.007304,-0.007449,-0.002639,0.0,-0.00132,-0.0,-0.0,-0.004316,0.0,-0.003452,-0.003947,-0.0,-0.000523,-0.003784,0.0,-0.008421,-0.002402,-0.0,-0.003224,0.0,-4e-06,-0.001763,-0.002263,-0.005009,-0.00265,0.0,-0.0,-0.004518,-0.00364,-0.004685,-0.0,0.0,-0.0,-0.0,0.0,-0.001688,-0.004752,-0.007506,-0.004113,0.0,-0.000465,-0.006775,-0.001218,-0.005262,0.0,-0.00106,-0.002287,-0.0,-0.0,-0.004053,-0.004261,0.0,-0.0,-0.0,-0.002895,-0.0,-0.004158,-0.0,-0.002066,-0.00748,-0.0,-0.0,-0.006562,-0.0,-0.0,-0.0,-1e-06,-0.004371,-0.005079,0.0,-0.002416,-0.002692,-0.008083,-0.007988,-0.0,-0.006979,-0.0,-0.005388,-0.002767,0.0,-0.002472,-0.008922,-0.00544,-0.005313,-0.005279,-0.007736,-0.002456,-0.001054,-0.001516,-0.0,-0.000681,-0.003645,-0.003669,-0.005764
2017-06-01 10:20:00+02:00,-0.0,0.0,-0.000272,-0.00463,-0.000115,-0.0,-0.001842,-0.00286,-0.0053,-0.0,-0.0,-0.0,-0.005097,-0.004705,-0.001691,-0.006375,-0.0,-0.0,-0.0,-0.008065,0.0,-0.007772,-0.003849,-0.0,-0.007354,-0.007478,-0.00264,0.0,-0.001315,-0.0,-0.0,-0.004352,0.0,-0.003485,-0.003988,-0.0,-0.000528,-0.003791,0.0,-0.008486,-0.002407,-0.0,-0.003229,0.0,-3e-06,-0.001757,-0.00226,-0.005019,-0.002668,0.0,-0.0,-0.004535,-0.003658,-0.004705,-0.0,0.0,-0.0,-0.0,0.0,-0.001686,-0.004768,-0.007563,-0.004119,0.0,-0.000454,-0.0068,-0.001215,-0.005273,0.0,-0.001058,-0.002292,-0.0,-0.0,-0.004074,-0.004284,0.0,-0.0,-0.0,-0.002899,-0.0,-0.004173,-0.0,-0.002061,-0.007533,-0.0,-0.0,-0.006568,-0.0,-0.0,-0.0,-1e-06,-0.00439,-0.005097,0.0,-0.002429,-0.002714,-0.008115,-0.00802,-0.0,-0.007033,-0.0,-0.005403,-0.002771,0.0,-0.002476,-0.008942,-0.005457,-0.005355,-0.005294,-0.007768,-0.002462,-0.001048,-0.001515,-0.0,-0.000673,-0.003653,-0.003674,-0.005778
2017-06-01 10:21:00+02:00,-0.0,0.0,-0.000233,-0.004644,-9.4e-05,-0.0,-0.001832,-0.002854,-0.005316,-0.0,-0.0,-0.0,-0.005113,-0.004724,-0.001699,-0.006405,-0.0,-0.0,-0.0,-0.008041,0.0,-0.007747,-0.003846,-0.0,-0.007382,-0.007515,-0.002632,0.0,-0.001311,-0.0,-0.0,-0.004372,0.0,-0.003506,-0.004017,-0.0,-0.000516,-0.003787,0.0,-0.008526,-0.002405,-0.0,-0.003195,0.0,-2e-06,-0.001752,-0.002259,-0.00499,-0.002672,0.0,-0.0,-0.004519,-0.003678,-0.004724,-0.0,0.0,-0.0,-0.0,0.0,-0.001673,-0.004748,-0.007596,-0.00413,0.0,-0.000416,-0.006833,-0.001203,-0.005244,0.0,-0.001049,-0.00227,-0.0,-0.0,-0.004067,-0.004306,0.0,-0.0,-0.0,-0.002891,-0.0,-0.004192,-0.0,-0.002058,-0.007564,-0.0,-0.0,-0.00657,-0.0,-0.0,-0.0,-0.0,-0.004412,-0.005113,0.0,-0.002445,-0.002717,-0.008152,-0.008059,-0.0,-0.007064,-0.0,-0.005425,-0.002742,0.0,-0.002471,-0.008964,-0.00547,-0.005373,-0.005314,-0.007807,-0.002459,-0.001042,-0.00149,-0.0,-0.000654,-0.00362,-0.003682,-0.00579
2017-06-01 10:22:00+02:00,-0.0,0.0,-0.000204,-0.00467,-8e-05,-0.0,-0.001826,-0.002851,-0.005329,-0.0,-0.0,-0.0,-0.00513,-0.004743,-0.001707,-0.006449,-0.0,-0.0,-0.0,-0.008031,0.0,-0.007737,-0.00385,-0.0,-0.007408,-0.007565,-0.002628,0.0,-0.001312,-0.0,-0.0,-0.00439,0.0,-0.003524,-0.004043,-0.0,-0.000505,-0.003789,0.0,-0.00856,-0.002405,-0.0,-0.003173,0.0,-2e-06,-0.001757,-0.002264,-0.00497,-0.002674,0.0,-0.0,-0.004511,-0.003706,-0.004743,-0.0,0.0,-0.0,-0.0,0.0,-0.001667,-0.004736,-0.007625,-0.004153,0.0,-0.000387,-0.006879,-0.001196,-0.005224,0.0,-0.001043,-0.002254,-0.0,-0.0,-0.004068,-0.004329,0.0,-0.0,-0.0,-0.002889,-0.0,-0.004217,-0.0,-0.002065,-0.00759,-0.0,-0.0,-0.006571,-0.0,-0.0,-0.0,-0.0,-0.004441,-0.00513,0.0,-0.002466,-0.00272,-0.008202,-0.00811,-0.0,-0.007092,-0.0,-0.00546,-0.002722,0.0,-0.002471,-0.008988,-0.005484,-0.005389,-0.005346,-0.007859,-0.00246,-0.001042,-0.001471,-0.0,-0.000642,-0.003599,-0.003702,-0.005801
2017-06-01 10:23:00+02:00,-0.0,0.0,-0.00019,-0.0047,-6.9e-05,-0.0,-0.001823,-0.002853,-0.005329,-0.0,-0.0,-0.0,-0.005148,-0.004764,-0.001706,-0.006497,-0.0,-0.0,-0.0,-0.00805,0.0,-0.007755,-0.00386,-0.0,-0.007419,-0.00762,-0.002628,0.0,-0.001317,-0.0,-0.0,-0.004396,0.0,-0.003534,-0.004062,-0.0,-0.000481,-0.003798,0.0,-0.008578,-0.00241,-0.0,-0.003173,0.0,-2e-06,-0.001766,-0.002272,-0.004969,-0.002663,0.0,-0.0,-0.004519,-0.003735,-0.004764,-0.0,0.0,-0.0,-0.0,0.0,-0.001666,-0.004742,-0.007639,-0.00418,0.0,-0.000373,-0.00693,-0.001192,-0.005223,0.0,-0.00104,-0.002254,-0.0,-0.0,-0.004082,-0.004353,0.0,-0.0,-0.0,-0.002894,-0.0,-0.004245,-0.0,-0.002076,-0.007602,-0.0,-0.0,-0.006574,-0.0,-0.0,-0.0,-0.0,-0.004472,-0.005148,0.0,-0.002489,-0.002707,-0.008256,-0.008165,-0.0,-0.007103,-0.0,-0.005498,-0.002718,0.0,-0.002474,-0.009015,-0.005499,-0.005386,-0.005383,-0.007915,-0.002464,-0.001046,-0.001466,-0.0,-0.000635,-0.003601,-0.003726,-0.005813
2017-06-01 10:24:00+02:00,-0.0,0.0,-0.000175,-0.004722,-5.5e-05,-0.0,-0.001815,-0.002848,-0.005301,-0.0,-0.0,-0.0,-0.005167,-0.004786,-0.001691,-0.006535,-0.0,-0.0,-0.0,-0.008074,0.0,-0.007778,-0.003862,-0.0,-0.007387,-0.007665,-0.002622,0.0,-0.001316,-0.0,-0.0,-0.004377,0.0,-0.003522,-0.004059,-0.0,-0.000432,-0.003797,0.0,-0.008553,-0.002408,-0.0,-0.003175,0.0,-1e-06,-0.001767,-0.002274,-0.004972,-0.002632,0.0,-0.0,-0.004531,-0.003759,-0.004786,-0.0,0.0,-0.0,-0.0,0.0,-0.001657,-0.004752,-0.007612,-0.004199,0.0,-0.00036,-0.00697,-0.001183,-0.005226,0.0,-0.001033,-0.002254,-0.0,-0.0,-0.0041,-0.004378,0.0,-0.0,-0.0,-0.00289,-0.0,-0.004266,-0.0,-0.00208,-0.007574,-0.0,-0.0,-0.006579,-0.0,-0.0,-0.0,-0.0,-0.004498,-0.005167,0.0,-0.002508,-0.002666,-0.0083,-0.00821,-0.0,-0.007072,-0.0,-0.005528,-0.002716,0.0,-0.002471,-0.009044,-0.005516,-0.005348,-0.00541,-0.007961,-0.002463,-0.001043,-0.001461,-0.0,-0.00062,-0.003606,-0.003742,-0.005828
2017-06-01 10:25:00+02:00,-0.0,0.0,-0.000168,-0.004755,-4.9e-05,-0.0,-0.001818,-0.002856,-0.005266,-0.0,-0.0,-0.0,-0.005187,-0.004808,-0.001676,-0.006584,-0.0,-0.0,-0.0,-0.008111,0.0,-0.007813,-0.003879,-0.0,-0.007345,-0.007721,-0.002627,0.0,-0.001323,-0.0,-0.0,-0.004352,0.0,-0.003508,-0.004056,-0.0,-0.000385,-0.003813,0.0,-0.008527,-0.002418,-0.0,-0.003185,0.0,-1e-06,-0.00178,-0.002285,-0.004984,-0.002601,0.0,-0.0,-0.00455,-0.003789,-0.004808,-0.0,0.0,-0.0,-0.0,0.0,-0.001661,-0.004769,-0.007585,-0.004228,0.0,-0.000354,-0.007022,-0.001183,-0.005238,0.0,-0.001034,-0.002261,-0.0,-0.0,-0.004125,-0.0044,0.0,-0.0,-0.0,-0.002901,-0.0,-0.004295,-0.0,-0.002094,-0.007544,-0.0,-0.0,-0.006585,-0.0,-0.0,-0.0,-0.0,-0.004531,-0.005187,0.0,-0.002533,-0.002626,-0.008356,-0.008268,-0.0,-0.007034,-0.0,-0.005569,-0.00272,0.0,-0.00248,-0.009074,-0.005534,-0.005309,-0.005449,-0.00802,-0.002473,-0.001049,-0.001462,-0.0,-0.000618,-0.003619,-0.003769,-0.005844
2017-06-01 10:26:00+02:00,-0.0,0.0,-0.000163,-0.004788,-4.5e-05,-0.0,-0.001823,-0.002867,-0.005246,-0.0,-0.0,-0.0,-0.005208,-0.004831,-0.001668,-0.006632,-0.0,-0.0,-0.0,-0.008152,0.0,-0.007852,-0.003899,-0.0,-0.007321,-0.007777,-0.002637,0.0,-0.001331,-0.0,-0.0,-0.004341,0.0,-0.003504,-0.004062,-0.0,-0.000349,-0.003834,0.0,-0.008519,-0.002431,-0.0,-0.003197,0.0,-1e-06,-0.001793,-0.002297,-0.004999,-0.002581,0.0,-0.0,-0.004573,-0.00382,-0.004831,-0.0,0.0,-0.0,-0.0,0.0,-0.001668,-0.00479,-0.007574,-0.004258,0.0,-0.000349,-0.007074,-0.001185,-0.005254,0.0,-0.001037,-0.002269,-0.0,-0.0,-0.004151,-0.004426,0.0,-0.0,-0.0,-0.002916,-0.0,-0.004326,-0.0,-0.002109,-0.007531,-0.0,-0.0,-0.006592,-0.0,-0.0,-0.0,-0.0,-0.004565,-0.005208,0.0,-0.002558,-0.002599,-0.008413,-0.008326,-0.0,-0.007014,-0.0,-0.005609,-0.002727,0.0,-0.002492,-0.009103,-0.005553,-0.005287,-0.005489,-0.008078,-0.002486,-0.001055,-0.001465,-0.0,-0.000618,-0.003634,-0.003796,-0.00586
2017-06-01 10:27:00+02:00,-0.0,0.0,-0.000149,-0.0048,-3.6e-05,-0.0,-0.00182,-0.002869,-0.005221,-0.0,-0.0,-0.0,-0.005229,-0.004854,-0.001657,-0.006657,-0.0,-0.0,-0.0,-0.008184,0.0,-0.007881,-0.003908,-0.0,-0.00729,-0.007809,-0.002637,0.0,-0.001327,-0.0,-0.0,-0.004325,0.0,-0.003495,-0.004061,-0.0,-0.000306,-0.003841,0.0,-0.008498,-0.002435,-0.0,-0.0032,0.0,-1e-06,-0.001788,-0.002295,-0.005008,-0.002556,0.0,-0.0,-0.004591,-0.003838,-0.004854,-0.0,0.0,-0.0,-0.0,0.0,-0.001663,-0.004806,-0.007551,-0.004268,0.0,-0.000336,-0.007101,-0.001179,-0.005265,0.0,-0.001033,-0.002272,-0.0,-0.0,-0.004174,-0.00444,0.0,-0.0,-0.0,-0.002918,-0.0,-0.004341,-0.0,-0.002106,-0.007506,-0.0,-0.0,-0.0066,-0.0,-0.0,-0.0,-0.0,-0.004584,-0.005229,0.0,-0.002572,-0.002565,-0.008446,-0.008359,-0.0,-0.006988,-0.0,-0.005628,-0.002727,0.0,-0.002495,-0.009132,-0.005572,-0.005256,-0.005506,-0.008111,-0.002491,-0.001049,-0.001462,-0.0,-0.000606,-0.00364,-0.003804,-0.005877
2017-06-01 10:28:00+02:00,-0.0,0.0,-0.000149,-0.004798,-3.1e-05,-0.0,-0.00182,-0.002872,-0.00519,-0.0,-0.0,-0.0,-0.005235,-0.004862,-0.001645,-0.006657,-0.0,-0.0,-0.0,-0.00821,0.0,-0.007907,-0.003917,-0.0,-0.007252,-0.007812,-0.002638,0.0,-0.001321,-0.0,-0.0,-0.004304,0.0,-0.003482,-0.004053,-0.0,-0.000273,-0.003849,0.0,-0.008463,-0.00244,-0.0,-0.00321,0.0,-0.0,-0.001781,-0.002288,-0.005016,-0.002531,0.0,-0.0,-0.004605,-0.00384,-0.004862,-0.0,0.0,-0.0,-0.0,0.0,-0.001665,-0.004819,-0.007519,-0.004266,0.0,-0.000336,-0.007102,-0.001178,-0.005273,0.0,-0.001033,-0.002279,-0.0,-0.0,-0.004193,-0.004443,0.0,-0.0,-0.0,-0.002924,-0.0,-0.004339,-0.0,-0.002099,-0.007472,-0.0,-0.0,-0.006555,-0.0,-0.0,-0.0,-0.0,-0.004586,-0.005235,0.0,-0.002577,-0.002535,-0.008445,-0.00836,-0.0,-0.006953,-0.0,-0.005627,-0.002732,0.0,-0.002499,-0.009137,-0.005575,-0.005221,-0.005505,-0.008115,-0.002496,-0.001043,-0.001465,-0.0,-0.000605,-0.003652,-0.003801,-0.005877
2017-06-01 10:29:00+02:00,-0.0,0.0,-0.000123,-0.004792,-2.5e-05,-0.0,-0.001818,-0.002872,-0.005201,-0.0,-0.0,-0.0,-0.005256,-0.004885,-0.001653,-0.006655,-0.0,-0.0,-0.0,-0.008196,0.0,-0.007892,-0.003923,-0.0,-0.007271,-0.007813,-0.002638,0.0,-0.001314,-0.0,-0.0,-0.00432,0.0,-0.003499,-0.004077,-0.0,-0.00027,-0.003855,0.0,-0.008493,-0.002444,-0.0,-0.003182,0.0,-0.0,-0.001773,-0.00228,-0.004996,-0.002535,0.0,-0.0,-0.004597,-0.003842,-0.004885,-0.0,0.0,-0.0,-0.0,0.0,-0.001664,-0.004808,-0.007544,-0.004261,0.0,-0.000311,-0.007102,-0.001175,-0.005253,0.0,-0.001031,-0.00226,-0.0,-0.0,-0.004191,-0.004472,0.0,-0.0,-0.0,-0.002927,-0.0,-0.004337,-0.0,-0.002092,-0.007494,-0.0,-0.0,-0.00657,-0.0,-0.0,-0.0,-0.0,-0.004587,-0.005256,0.0,-0.002582,-0.002541,-0.008444,-0.008361,-0.0,-0.006977,-0.0,-0.005624,-0.002709,0.0,-0.002502,-0.009164,-0.005594,-0.005237,-0.005502,-0.008117,-0.0025,-0.001036,-0.001447,-0.0,-0.000599,-0.003624,-0.003797,-0.005894
2017-06-01 10:30:00+02:00,-0.0,0.0,-0.000126,-0.004848,-3.1e-05,-0.0,-0.001829,-0.002886,-0.005286,-0.0,-0.0,-0.0,-0.005277,-0.004909,-0.001699,-0.006728,-0.0,-0.0,-0.0,-0.008241,0.0,-0.007933,-0.003947,-0.0,-0.007393,-0.007893,-0.002652,0.0,-0.001339,-0.0,-0.0,-0.004401,0.0,-0.00357,-0.004155,-0.0,-0.000326,-0.003883,0.0,-0.008633,-0.002462,-0.0,-0.003193,0.0,-0.0,-0.001811,-0.002309,-0.005014,-0.002593,0.0,-0.0,-0.004623,-0.003888,-0.004909,-0.0,0.0,-0.0,-0.0,0.0,-0.001681,-0.004832,-0.00767,-0.004314,0.0,-0.000313,-0.007177,-0.001185,-0.005273,0.0,-0.001042,-0.002269,-0.0,-0.0,-0.004221,-0.004501,0.0,-0.0,-0.0,-0.00295,-0.0,-0.004384,-0.0,-0.00213,-0.007616,-0.0,-0.0,-0.006585,-0.0,-0.0,-0.0,-0.0,-0.004637,-0.005277,0.0,-0.002619,-0.002617,-0.008528,-0.008444,-0.0,-0.007105,-0.0,-0.005688,-0.002716,0.0,-0.002518,-0.009193,-0.005614,-0.005343,-0.005567,-0.0082,-0.002516,-0.001059,-0.001453,-0.0,-0.00061,-0.003638,-0.003848,-0.005912
2017-06-01 10:31:00+02:00,-0.0,0.0,-0.000107,-0.004883,-5.8e-05,-0.0,-0.001856,-0.002917,-0.005347,-0.0,-0.0,-0.0,-0.005296,-0.004929,-0.001733,-0.00678,-0.0,-0.0,-0.0,-0.008262,0.0,-0.007953,-0.003996,-0.0,-0.007484,-0.007952,-0.002682,0.0,-0.001349,-0.0,-0.0,-0.00446,0.0,-0.003624,-0.004216,-0.0,-0.000356,-0.003934,0.0,-0.00874,-0.002493,-0.0,-0.003185,0.0,-0.0,-0.001827,-0.002323,-0.005016,-0.002632,0.0,-0.0,-0.004634,-0.003921,-0.004929,-0.0,0.0,-0.0,-0.0,0.0,-0.001721,-0.004841,-0.007766,-0.004346,0.0,-0.000295,-0.007232,-0.00121,-0.005276,0.0,-0.001066,-0.002263,-0.0,-0.0,-0.004237,-0.004526,0.0,-0.0,-0.0,-0.002996,-0.0,-0.004416,-0.0,-0.002147,-0.007709,-0.0,-0.0,-0.006594,-0.0,-0.0,-0.0,-0.0,-0.004673,-0.005296,0.0,-0.002645,-0.002668,-0.008588,-0.008506,-0.0,-0.007199,-0.0,-0.005731,-0.002707,0.0,-0.00255,-0.009218,-0.00563,-0.005419,-0.005609,-0.008261,-0.002548,-0.001067,-0.001444,-0.0,-0.000643,-0.003632,-0.003878,-0.005926
2017-06-01 10:32:00+02:00,-0.0,0.0,-8.5e-05,-0.004892,-6.3e-05,-0.0,-0.001866,-0.002932,-0.005382,-0.0,-0.0,-0.0,-0.005313,-0.00495,-0.001751,-0.006801,-0.0,-0.0,-0.0,-0.008265,0.0,-0.007955,-0.004022,-0.0,-0.007541,-0.007977,-0.002695,0.0,-0.001342,-0.0,-0.0,-0.004498,0.0,-0.003659,-0.00426,-0.0,-0.000359,-0.00396,0.0,-0.008811,-0.002509,-0.0,-0.003163,0.0,-0.0,-0.00182,-0.002318,-0.005004,-0.002651,0.0,-0.0,-0.004634,-0.003936,-0.00495,-0.0,0.0,-0.0,-0.0,0.0,-0.001736,-0.004838,-0.007829,-0.004353,0.0,-0.000264,-0.007255,-0.001218,-0.005265,0.0,-0.001075,-0.002249,-0.0,-0.0,-0.004244,-0.004551,0.0,-0.0,-0.0,-0.003018,-0.0,-0.004427,-0.0,-0.002142,-0.007769,-0.0,-0.0,-0.006602,-0.0,-0.0,-0.0,-0.0,-0.004687,-0.005313,0.0,-0.002657,-0.002691,-0.008611,-0.00853,-0.0,-0.007259,-0.0,-0.005746,-0.002688,0.0,-0.002565,-0.009244,-0.005645,-0.005463,-0.005622,-0.008286,-0.002564,-0.00106,-0.001425,-0.0,-0.000653,-0.003611,-0.003882,-0.005939
2017-06-01 10:33:00+02:00,-0.0,0.0,-6.8e-05,-0.00491,-6.6e-05,-0.0,-0.001875,-0.002946,-0.005422,-0.0,-0.0,-0.0,-0.005337,-0.004976,-0.001774,-0.006833,-0.0,-0.0,-0.0,-0.008285,0.0,-0.007974,-0.00405,-0.0,-0.007608,-0.008016,-0.002707,0.0,-0.001339,-0.0,-0.0,-0.00454,0.0,-0.003698,-0.004309,-0.0,-0.000366,-0.003987,0.0,-0.008894,-0.002524,-0.0,-0.003152,0.0,-0.0,-0.001818,-0.002318,-0.005002,-0.002673,0.0,-0.0,-0.004642,-0.003956,-0.004976,-0.0,0.0,-0.0,-0.0,0.0,-0.001749,-0.004844,-0.007903,-0.004368,0.0,-0.000239,-0.00729,-0.001225,-0.005264,0.0,-0.001082,-0.00224,-0.0,-0.0,-0.004259,-0.004581,0.0,-0.0,-0.0,-0.003039,-0.0,-0.004445,-0.0,-0.002143,-0.007839,-0.0,-0.0,-0.006614,-0.0,-0.0,-0.0,-0.0,-0.004709,-0.005337,0.0,-0.002674,-0.00272,-0.008647,-0.008568,-0.0,-0.007328,-0.0,-0.005771,-0.002677,0.0,-0.002579,-0.009281,-0.005667,-0.005515,-0.005645,-0.008325,-0.00258,-0.001055,-0.001413,-0.0,-0.00066,-0.003602,-0.003895,-0.005958
2017-06-01 10:34:00+02:00,-0.0,0.0,-5.5e-05,-0.004929,-7.2e-05,-0.0,-0.001888,-0.002965,-0.005479,-0.0,-0.0,-0.0,-0.00536,-0.005001,-0.001806,-0.006865,-0.0,-0.0,-0.0,-0.008325,0.0,-0.008013,-0.004085,-0.0,-0.007699,-0.008052,-0.002723,0.0,-0.001336,-0.0,-0.0,-0.004596,0.0,-0.003751,-0.004371,-0.0,-0.000388,-0.00402,0.0,-0.009002,-0.002544,-0.0,-0.003154,0.0,-0.0,-0.001817,-0.002318,-0.005012,-0.00271,0.0,-0.0,-0.004662,-0.003976,-0.005001,-0.0,0.0,-0.0,-0.0,0.0,-0.001768,-0.004862,-0.008001,-0.004384,0.0,-0.000223,-0.007324,-0.001234,-0.005276,0.0,-0.001092,-0.002241,-0.0,-0.0,-0.004285,-0.00461,0.0,-0.0,-0.0,-0.003067,-0.0,-0.004461,-0.0,-0.002144,-0.007934,-0.0,-0.0,-0.006625,-0.0,-0.0,-0.0,-0.0,-0.004728,-0.00536,0.0,-0.002691,-0.002767,-0.00868,-0.008602,-0.0,-0.007422,-0.0,-0.005797,-0.002675,0.0,-0.002598,-0.009318,-0.005687,-0.00559,-0.005668,-0.008361,-0.002601,-0.001051,-0.001408,-0.0,-0.000671,-0.003607,-0.003908,-0.005976
2017-06-01 10:35:00+02:00,-0.0,0.0,-4.4e-05,-0.004961,-7.7e-05,-0.0,-0.001899,-0.002981,-0.005527,-0.0,-0.0,-0.0,-0.005378,-0.005021,-0.001834,-0.006914,-0.0,-0.0,-0.0,-0.008366,0.0,-0.008052,-0.004117,-0.0,-0.007777,-0.008108,-0.002738,0.0,-0.001342,-0.0,-0.0,-0.004644,0.0,-0.003796,-0.004426,-0.0,-0.000405,-0.00405,0.0,-0.009096,-0.002562,-0.0,-0.003159,0.0,-0.0,-0.001827,-0.002327,-0.005024,-0.00274,0.0,-0.0,-0.004683,-0.004005,-0.005021,-0.0,0.0,-0.0,-0.0,0.0,-0.001784,-0.004881,-0.008086,-0.004413,0.0,-0.000212,-0.007375,-0.001243,-0.005289,0.0,-0.001101,-0.002244,-0.0,-0.0,-0.00431,-0.004635,0.0,-0.0,-0.0,-0.003091,-0.0,-0.004489,-0.0,-0.002156,-0.008016,-0.0,-0.0,-0.006631,-0.0,-0.0,-0.0,-0.0,-0.00476,-0.005378,0.0,-0.002715,-0.002807,-0.008735,-0.008658,-0.0,-0.007502,-0.0,-0.005837,-0.002676,0.0,-0.002615,-0.009347,-0.005703,-0.005653,-0.005706,-0.008419,-0.002619,-0.001055,-0.001406,-0.0,-0.000681,-0.003615,-0.003933,-0.00599
2017-06-01 10:36:00+02:00,-0.0,0.0,-3.6e-05,-0.004964,-6.2e-05,-0.0,-0.001892,-0.002978,-0.005553,-0.0,-0.0,-0.0,-0.005397,-0.005042,-0.001847,-0.006929,-0.0,-0.0,-0.0,-0.008433,0.0,-0.008118,-0.004121,-0.0,-0.007824,-0.008132,-0.002734,0.0,-0.00133,-0.0,-0.0,-0.004673,0.0,-0.003824,-0.004464,-0.0,-0.000398,-0.004051,0.0,-0.009157,-0.002562,-0.0,-0.003189,0.0,-0.0,-0.001812,-0.002317,-0.005055,-0.002752,0.0,-0.0,-0.004721,-0.004016,-0.005042,-0.0,0.0,-0.0,-0.0,0.0,-0.001776,-0.004918,-0.00814,-0.004414,0.0,-0.000211,-0.007394,-0.001234,-0.005322,0.0,-0.001094,-0.002263,-0.0,-0.0,-0.00435,-0.004659,0.0,-0.0,-0.0,-0.003089,-0.0,-0.004496,-0.0,-0.002144,-0.008068,-0.0,-0.0,-0.006637,-0.0,-0.0,-0.0,-0.0,-0.004772,-0.005397,0.0,-0.002723,-0.002821,-0.008756,-0.008681,-0.0,-0.00755,-0.0,-0.005846,-0.002695,0.0,-0.002614,-0.009376,-0.005719,-0.005686,-0.005712,-0.008445,-0.002619,-0.001041,-0.001415,-0.0,-0.000667,-0.00365,-0.003931,-0.006004
2017-06-01 10:37:00+02:00,-0.0,0.0,-2.9e-05,-0.004962,-4.9e-05,-0.0,-0.001886,-0.002975,-0.005586,-0.0,-0.0,-0.0,-0.005412,-0.00506,-0.001866,-0.006933,-0.0,-0.0,-0.0,-0.008475,0.0,-0.008159,-0.004125,-0.0,-0.007881,-0.008144,-0.00273,0.0,-0.001317,-0.0,-0.0,-0.004709,0.0,-0.003858,-0.004509,-0.0,-0.000402,-0.004053,0.0,-0.00923,-0.002563,-0.0,-0.003197,0.0,-0.0,-0.001796,-0.002305,-0.005069,-0.00277,0.0,-0.0,-0.004743,-0.004019,-0.00506,-0.0,0.0,-0.0,-0.0,0.0,-0.001768,-0.004939,-0.008205,-0.00441,0.0,-0.000199,-0.007401,-0.001226,-0.005337,0.0,-0.001088,-0.002268,-0.0,-0.0,-0.004376,-0.00468,0.0,-0.0,-0.0,-0.003087,-0.0,-0.004495,-0.0,-0.00213,-0.008131,-0.0,-0.0,-0.00664,-0.0,-0.0,-0.0,-0.0,-0.004776,-0.005412,0.0,-0.002728,-0.002844,-0.008763,-0.008691,-0.0,-0.007608,-0.0,-0.005847,-0.002698,0.0,-0.002613,-0.0094,-0.005732,-0.005729,-0.00571,-0.008457,-0.002619,-0.001028,-0.001413,-0.0,-0.000655,-0.003661,-0.003924,-0.006014
2017-06-01 10:38:00+02:00,-0.0,0.0,-2.3e-05,-0.004954,-3.9e-05,-0.0,-0.001876,-0.002966,-0.005603,-0.0,-0.0,-0.0,-0.005424,-0.005075,-0.001876,-0.006931,-0.0,-0.0,-0.0,-0.008493,0.0,-0.008178,-0.004119,-0.0,-0.007914,-0.008148,-0.00272,0.0,-0.001304,-0.0,-0.0,-0.004729,0.0,-0.003879,-0.00454,-0.0,-0.000395,-0.004045,0.0,-0.009278,-0.002558,-0.0,-0.003192,0.0,-0.0,-0.001779,-0.002291,-0.005069,-0.002776,0.0,-0.0,-0.004753,-0.004019,-0.005075,-0.0,0.0,-0.0,-0.0,0.0,-0.001756,-0.004946,-0.008247,-0.004401,0.0,-0.000181,-0.007401,-0.001215,-0.005339,0.0,-0.001078,-0.002265,-0.0,-0.0,-0.00439,-0.004699,0.0,-0.0,-0.0,-0.003078,-0.0,-0.00449,-0.0,-0.002114,-0.00817,-0.0,-0.0,-0.006638,-0.0,-0.0,-0.0,-0.0,-0.004777,-0.005424,0.0,-0.00273,-0.002852,-0.008763,-0.008692,-0.0,-0.007642,-0.0,-0.005844,-0.002692,0.0,-0.002606,-0.009419,-0.005742,-0.005751,-0.005704,-0.008462,-0.002614,-0.001014,-0.001405,-0.0,-0.000639,-0.003658,-0.003914,-0.006022
2017-06-01 10:39:00+02:00,-0.0,0.0,-1.8e-05,-0.004948,-3.2e-05,-0.0,-0.001864,-0.002956,-0.005611,-0.0,-0.0,-0.0,-0.005439,-0.005092,-0.00188,-0.006932,-0.0,-0.0,-0.0,-0.008503,0.0,-0.008187,-0.004111,-0.0,-0.007931,-0.008155,-0.002708,0.0,-0.001291,-0.0,-0.0,-0.004742,0.0,-0.003893,-0.004563,-0.0,-0.00038,-0.004035,0.0,-0.009308,-0.002551,-0.0,-0.003181,0.0,-0.0,-0.001763,-0.002279,-0.005065,-0.002774,0.0,-0.0,-0.004758,-0.004022,-0.005092,-0.0,0.0,-0.0,-0.0,0.0,-0.001741,-0.00495,-0.008271,-0.004394,0.0,-0.000158,-0.007404,-0.001203,-0.005336,0.0,-0.001068,-0.002257,-0.0,-0.0,-0.0044,-0.004718,0.0,-0.0,-0.0,-0.003066,-0.0,-0.004489,-0.0,-0.002099,-0.008192,-0.0,-0.0,-0.006641,-0.0,-0.0,-0.0,-0.0,-0.00478,-0.005439,0.0,-0.002734,-0.002849,-0.008767,-0.008697,-0.0,-0.007662,-0.0,-0.005842,-0.002682,0.0,-0.002598,-0.009439,-0.005755,-0.005759,-0.0057,-0.008469,-0.002608,-0.001001,-0.001393,-0.0,-0.000622,-0.003649,-0.003906,-0.006032
2017-06-01 10:40:00+02:00,-0.0,0.0,-1.5e-05,-0.004978,-2.5e-05,-0.0,-0.001857,-0.002953,-0.005623,-0.0,-0.0,-0.0,-0.005458,-0.005113,-0.001884,-0.00698,-0.0,-0.0,-0.0,-0.008514,0.0,-0.008198,-0.004113,-0.0,-0.007953,-0.00821,-0.002703,0.0,-0.001296,-0.0,-0.0,-0.004758,0.0,-0.003909,-0.004588,-0.0,-0.000363,-0.004034,0.0,-0.009341,-0.002551,-0.0,-0.003168,0.0,-0.0,-0.001772,-0.002288,-0.005061,-0.002773,0.0,-0.0,-0.004764,-0.004052,-0.005113,-0.0,0.0,-0.0,-0.0,0.0,-0.001734,-0.004954,-0.008298,-0.004421,0.0,-0.000131,-0.007455,-0.001195,-0.005333,0.0,-0.001061,-0.002249,-0.0,-0.0,-0.004411,-0.004741,0.0,-0.0,-0.0,-0.003063,-0.0,-0.004519,-0.0,-0.00211,-0.008216,-0.0,-0.0,-0.006648,-0.0,-0.0,-0.0,-0.0,-0.004813,-0.005458,0.0,-0.002757,-0.002846,-0.008822,-0.008754,-0.0,-0.007685,-0.0,-0.00588,-0.002671,0.0,-0.002597,-0.009467,-0.005772,-0.005769,-0.005736,-0.008526,-0.002608,-0.001004,-0.001379,-0.0,-0.000609,-0.003638,-0.003929,-0.006047
2017-06-01 10:41:00+02:00,-0.0,0.0,-1.2e-05,-0.00502,-2e-05,-0.0,-0.001858,-0.002957,-0.005648,-0.0,-0.0,-0.0,-0.00548,-0.005136,-0.001897,-0.007041,-0.0,-0.0,-0.0,-0.008561,0.0,-0.008243,-0.004126,-0.0,-0.007997,-0.00828,-0.002706,0.0,-0.001307,-0.0,-0.0,-0.004786,0.0,-0.003937,-0.004624,-0.0,-0.00036,-0.004046,0.0,-0.009395,-0.002558,-0.0,-0.003179,0.0,-0.0,-0.00179,-0.002303,-0.005078,-0.002783,0.0,-0.0,-0.004791,-0.00409,-0.005136,-0.0,0.0,-0.0,-0.0,0.0,-0.001735,-0.004978,-0.008346,-0.004459,0.0,-0.000122,-0.00752,-0.001193,-0.005352,0.0,-0.001061,-0.002256,-0.0,-0.0,-0.004441,-0.004767,0.0,-0.0,-0.0,-0.00307,-0.0,-0.004555,-0.0,-0.00213,-0.008262,-0.0,-0.0,-0.006656,-0.0,-0.0,-0.0,-0.0,-0.004854,-0.00548,0.0,-0.002786,-0.002858,-0.008892,-0.008825,-0.0,-0.00773,-0.0,-0.005931,-0.002676,0.0,-0.002602,-0.009499,-0.005791,-0.005799,-0.005784,-0.008598,-0.002615,-0.001013,-0.00138,-0.0,-0.000605,-0.003652,-0.003964,-0.006064
2017-06-01 10:42:00+02:00,-0.0,0.0,-9e-06,-0.005054,-1.6e-05,-0.0,-0.001859,-0.002963,-0.005668,-0.0,-0.0,-0.0,-0.005494,-0.005153,-0.001908,-0.007091,-0.0,-0.0,-0.0,-0.008612,0.0,-0.008293,-0.004141,-0.0,-0.008034,-0.008337,-0.00271,0.0,-0.001315,-0.0,-0.0,-0.004809,0.0,-0.00396,-0.004655,-0.0,-0.000356,-0.004059,0.0,-0.009441,-0.002566,-0.0,-0.003198,0.0,-0.0,-0.001804,-0.002315,-0.005099,-0.00279,0.0,-0.0,-0.004819,-0.00412,-0.005153,-0.0,0.0,-0.0,-0.0,0.0,-0.001738,-0.005005,-0.008388,-0.00449,0.0,-0.000119,-0.007572,-0.001193,-0.005374,0.0,-0.001062,-0.002269,-0.0,-0.0,-0.004473,-0.004786,0.0,-0.0,-0.0,-0.00308,-0.0,-0.004585,-0.0,-0.002146,-0.0083,-0.0,-0.0,-0.006657,-0.0,-0.0,-0.0,-0.0,-0.004887,-0.005494,0.0,-0.002811,-0.002869,-0.008948,-0.008882,-0.0,-0.007768,-0.0,-0.005973,-0.002687,0.0,-0.002609,-0.00952,-0.005803,-0.005823,-0.005824,-0.008656,-0.002623,-0.00102,-0.001386,-0.0,-0.000603,-0.003675,-0.003992,-0.006073
2017-06-01 10:43:00+02:00,-0.0,0.0,-8e-06,-0.005069,-1.3e-05,-0.0,-0.001857,-0.002963,-0.005685,-0.0,-0.0,-0.0,-0.00551,-0.005171,-0.00192,-0.007118,-0.0,-0.0,-0.0,-0.008653,0.0,-0.008333,-0.004149,-0.0,-0.008067,-0.008368,-0.002708,0.0,-0.001314,-0.0,-0.0,-0.00483,0.0,-0.003983,-0.004687,-0.0,-0.000355,-0.004065,0.0,-0.009486,-0.002569,-0.0,-0.003215,0.0,-0.0,-0.001804,-0.002315,-0.005114,-0.002798,0.0,-0.0,-0.004842,-0.004138,-0.005171,-0.0,0.0,-0.0,-0.0,0.0,-0.001737,-0.005026,-0.008428,-0.004503,0.0,-0.000117,-0.007601,-0.00119,-0.00539,0.0,-0.001059,-0.00228,-0.0,-0.0,-0.004499,-0.004807,0.0,-0.0,-0.0,-0.003083,-0.0,-0.004599,-0.0,-0.002148,-0.008338,-0.0,-0.0,-0.006659,-0.0,-0.0,-0.0,-0.0,-0.004904,-0.00551,0.0,-0.002825,-0.002881,-0.008976,-0.008912,-0.0,-0.007803,-0.0,-0.005993,-0.002696,0.0,-0.002611,-0.009543,-0.005816,-0.005847,-0.005842,-0.008688,-0.002626,-0.001017,-0.001391,-0.0,-0.000598,-0.003695,-0.004003,-0.006084
2017-06-01 10:44:00+02:00,-0.0,0.0,-6e-06,-0.005066,-1e-05,-0.0,-0.00184,-0.002948,-0.005684,-0.0,-0.0,-0.0,-0.005521,-0.005185,-0.001919,-0.007124,-0.0,-0.0,-0.0,-0.008671,0.0,-0.008352,-0.004135,-0.0,-0.008075,-0.008378,-0.002692,0.0,-0.0013,-0.0,-0.0,-0.004835,0.0,-0.00399,-0.004702,-0.0,-0.000333,-0.004047,0.0,-0.009501,-0.002557,-0.0,-0.003212,0.0,-0.0,-0.001787,-0.002302,-0.005114,-0.002789,0.0,-0.0,-0.004851,-0.004143,-0.005185,-0.0,0.0,-0.0,-0.0,0.0,-0.001716,-0.005033,-0.00844,-0.004498,0.0,-9.9e-05,-0.007609,-0.001173,-0.005391,0.0,-0.001045,-0.002277,-0.0,-0.0,-0.004513,-0.004823,0.0,-0.0,-0.0,-0.003064,-0.0,-0.0046,-0.0,-0.002133,-0.008348,-0.0,-0.0,-0.006647,-0.0,-0.0,-0.0,-0.0,-0.004909,-0.005521,0.0,-0.002829,-0.002869,-0.008981,-0.008919,-0.0,-0.00781,-0.0,-0.005995,-0.002691,0.0,-0.002598,-0.00956,-0.005825,-0.005844,-0.00584,-0.008698,-0.002615,-0.001003,-0.001384,-0.0,-0.000574,-0.003693,-0.003995,-0.006091
2017-06-01 10:45:00+02:00,-0.0,0.0,-5e-06,-0.005038,-8e-06,-0.0,-0.001805,-0.002911,-0.005679,-0.0,-0.0,-0.0,-0.005538,-0.005204,-0.001914,-0.007105,-0.0,-0.0,-0.0,-0.008687,0.0,-0.008367,-0.00409,-0.0,-0.008074,-0.008362,-0.002652,0.0,-0.001271,-0.0,-0.0,-0.004836,0.0,-0.003993,-0.004714,-0.0,-0.000302,-0.003993,0.0,-0.009508,-0.002524,-0.0,-0.003207,0.0,-0.0,-0.001746,-0.002274,-0.005113,-0.002775,0.0,-0.0,-0.00486,-0.004133,-0.005204,-0.0,0.0,-0.0,-0.0,0.0,-0.001672,-0.00504,-0.008443,-0.004468,0.0,-7.9e-05,-0.007591,-0.001141,-0.005391,0.0,-0.001015,-0.002274,-0.0,-0.0,-0.004526,-0.004844,0.0,-0.0,-0.0,-0.003016,-0.0,-0.004585,-0.0,-0.002094,-0.00835,-0.0,-0.0,-0.006654,-0.0,-0.0,-0.0,-0.0,-0.004899,-0.005538,0.0,-0.002821,-0.00285,-0.008961,-0.0089,-0.0,-0.00781,-0.0,-0.005972,-0.002685,0.0,-0.002562,-0.009585,-0.00584,-0.005833,-0.005813,-0.008682,-0.002584,-0.000973,-0.001375,-0.0,-0.000528,-0.00369,-0.003963,-0.006103
2017-06-01 10:46:00+02:00,-0.0,0.0,-4e-06,-0.005038,-7e-06,-0.0,-0.001813,-0.00292,-0.00569,-0.0,-0.0,-0.0,-0.005551,-0.005219,-0.001923,-0.007114,-0.0,-0.0,-0.0,-0.008737,0.0,-0.008416,-0.004109,-0.0,-0.008097,-0.008374,-0.002658,0.0,-0.001262,-0.0,-0.0,-0.004851,0.0,-0.00401,-0.004738,-0.0,-0.0003,-0.004008,0.0,-0.009541,-0.002533,-0.0,-0.00323,0.0,-0.0,-0.001734,-0.002265,-0.005135,-0.00278,0.0,-0.0,-0.004888,-0.004141,-0.005219,-0.0,0.0,-0.0,-0.0,0.0,-0.001692,-0.005067,-0.008472,-0.004467,0.0,-8.6e-05,-0.007601,-0.001152,-0.005413,0.0,-0.001026,-0.002289,-0.0,-0.0,-0.004557,-0.004862,0.0,-0.0,-0.0,-0.003033,-0.0,-0.004589,-0.0,-0.002084,-0.008376,-0.0,-0.0,-0.006655,-0.0,-0.0,-0.0,-0.0,-0.004905,-0.005551,0.0,-0.002828,-0.002857,-0.008968,-0.008909,-0.0,-0.007834,-0.0,-0.005977,-0.002699,0.0,-0.00257,-0.009603,-0.005851,-0.00585,-0.005816,-0.008693,-0.002595,-0.000963,-0.001386,-0.0,-0.000545,-0.003717,-0.00396,-0.006112
2017-06-01 10:47:00+02:00,-0.0,0.0,-3e-06,-0.005047,-5e-06,-0.0,-0.001816,-0.00292,-0.005697,-0.0,-0.0,-0.0,-0.005556,-0.005226,-0.001933,-0.007128,-0.0,-0.0,-0.0,-0.008751,0.0,-0.00843,-0.004115,-0.0,-0.008113,-0.008391,-0.002656,0.0,-0.001261,-0.0,-0.0,-0.004862,0.0,-0.004024,-0.004756,-0.0,-0.000307,-0.00401,0.0,-0.009561,-0.002535,-0.0,-0.003232,0.0,-0.0,-0.001734,-0.002264,-0.005135,-0.002786,0.0,-0.0,-0.004896,-0.004151,-0.005226,-0.0,0.0,-0.0,-0.0,0.0,-0.001701,-0.005073,-0.008492,-0.004475,0.0,-8.5e-05,-0.007617,-0.001156,-0.005414,0.0,-0.001032,-0.00229,-0.0,-0.0,-0.004569,-0.004872,0.0,-0.0,-0.0,-0.00304,-0.0,-0.004596,-0.0,-0.002085,-0.008394,-0.0,-0.0,-0.006617,-0.0,-0.0,-0.0,-0.0,-0.004915,-0.005556,0.0,-0.002838,-0.002869,-0.008981,-0.008923,-0.0,-0.007853,-0.0,-0.005988,-0.002697,0.0,-0.002571,-0.009607,-0.005853,-0.005864,-0.005826,-0.00871,-0.002598,-0.000962,-0.001386,-0.0,-0.000556,-0.003719,-0.003966,-0.006111
2017-06-01 10:48:00+02:00,-0.0,0.0,-2e-06,-0.005028,-4e-06,-0.0,-0.001805,-0.002907,-0.005673,-0.0,-0.0,-0.0,-0.005561,-0.005235,-0.001925,-0.007112,-0.0,-0.0,-0.0,-0.008757,0.0,-0.008437,-0.004103,-0.0,-0.008087,-0.008376,-0.002641,0.0,-0.001246,-0.0,-0.0,-0.004847,0.0,-0.004015,-0.004751,-0.0,-0.000284,-0.003993,0.0,-0.009536,-0.002525,-0.0,-0.003234,0.0,-0.0,-0.001714,-0.002247,-0.00513,-0.002768,0.0,-0.0,-0.004899,-0.004143,-0.005235,-0.0,0.0,-0.0,-0.0,0.0,-0.001693,-0.005074,-0.008469,-0.004457,0.0,-8.2e-05,-0.007601,-0.001148,-0.005409,0.0,-0.001025,-0.00229,-0.0,-0.0,-0.004577,-0.004883,0.0,-0.0,-0.0,-0.003028,-0.0,-0.004583,-0.0,-0.002066,-0.00837,-0.0,-0.0,-0.006611,-0.0,-0.0,-0.0,-0.0,-0.004905,-0.005561,0.0,-0.002833,-0.002848,-0.00896,-0.008904,-0.0,-0.007828,-0.0,-0.005972,-0.002694,0.0,-0.002559,-0.009614,-0.005856,-0.005838,-0.005806,-0.008694,-0.002588,-0.000946,-0.001384,-0.0,-0.00055,-0.003722,-0.003948,-0.006112
2017-06-01 10:49:00+02:00,-0.0,0.0,-2e-06,-0.005051,-1.1e-05,-0.0,-0.001822,-0.002925,-0.00567,-0.0,-0.0,-0.0,-0.00557,-0.005246,-0.00193,-0.007141,-0.0,-0.0,-0.0,-0.008782,0.0,-0.008463,-0.004138,-0.0,-0.008095,-0.008408,-0.002659,0.0,-0.001255,-0.0,-0.0,-0.004851,0.0,-0.004023,-0.004765,-0.0,-0.000282,-0.004028,0.0,-0.009547,-0.002545,-0.0,-0.00325,0.0,-0.0,-0.001731,-0.002255,-0.005136,-0.002766,0.0,-0.0,-0.004912,-0.00416,-0.005246,-0.0,0.0,-0.0,-0.0,0.0,-0.00172,-0.005085,-0.00848,-0.004479,0.0,-8.9e-05,-0.007631,-0.001164,-0.005415,0.0,-0.001042,-0.002299,-0.0,-0.0,-0.004594,-0.004897,0.0,-0.0,-0.0,-0.00306,-0.0,-0.004598,-0.0,-0.002083,-0.00838,-0.0,-0.0,-0.006612,-0.0,-0.0,-0.0,-0.0,-0.004922,-0.00557,0.0,-0.00285,-0.00285,-0.008987,-0.008933,-0.0,-0.007837,-0.0,-0.005998,-0.002701,0.0,-0.002579,-0.009628,-0.005862,-0.005842,-0.00583,-0.008726,-0.002609,-0.000956,-0.001391,-0.0,-0.000575,-0.00374,-0.003969,-0.006116
2017-06-01 10:50:00+02:00,-0.0,0.0,-2e-06,-0.005052,-1e-05,-0.0,-0.001825,-0.002925,-0.005665,-0.0,-0.0,-0.0,-0.005506,-0.005198,-0.001934,-0.00714,-0.0,-0.0,-0.0,-0.008781,0.0,-0.008464,-0.004146,-0.0,-0.008098,-0.008407,-0.00266,0.0,-0.001256,-0.0,-0.0,-0.004852,0.0,-0.004028,-0.004772,-0.0,-0.000286,-0.004035,0.0,-0.009548,-0.002549,-0.0,-0.003257,0.0,-0.0,-0.001735,-0.002253,-0.005128,-0.002764,0.0,-0.0,-0.004911,-0.00416,-0.005198,-0.0,0.0,-0.0,-0.0,0.0,-0.001728,-0.005082,-0.008485,-0.004481,0.0,-9.3e-05,-0.00763,-0.001168,-0.005406,0.0,-0.001046,-0.002301,-0.0,-0.0,-0.004597,-0.004868,0.0,-0.0,-0.0,-0.003068,-0.0,-0.004594,-0.0,-0.002087,-0.008383,-0.0,-0.0,-0.006501,-0.0,-0.0,-0.0,-0.0,-0.004919,-0.005506,0.0,-0.002854,-0.002854,-0.008977,-0.008925,-0.0,-0.00784,-0.0,-0.005998,-0.0027,0.0,-0.002582,-0.009516,-0.005783,-0.005842,-0.005828,-0.008723,-0.002612,-0.000957,-0.001393,-0.0,-0.000586,-0.003746,-0.003971,-0.006022
2017-06-01 10:51:00+02:00,-0.0,0.0,-1e-06,-0.004995,-8e-06,-0.0,-0.001785,-0.00288,-0.00562,-0.0,-0.0,-0.0,-0.005519,-0.005211,-0.001913,-0.007076,-0.0,-0.0,-0.0,-0.008717,0.0,-0.008405,-0.004089,-0.0,-0.008043,-0.008339,-0.002616,0.0,-0.00122,-0.0,-0.0,-0.004818,0.0,-0.004001,-0.004749,-0.0,-0.000243,-0.003973,0.0,-0.009489,-0.00251,-0.0,-0.00321,0.0,-0.0,-0.001685,-0.002211,-0.005079,-0.002728,0.0,-0.0,-0.004873,-0.004123,-0.005211,-0.0,0.0,-0.0,-0.0,0.0,-0.001678,-0.00504,-0.00843,-0.004425,0.0,-7.5e-05,-0.007564,-0.001132,-0.005356,0.0,-0.001014,-0.002269,-0.0,-0.0,-0.004567,-0.004881,0.0,-0.0,-0.0,-0.003011,-0.0,-0.00455,-0.0,-0.002037,-0.008329,-0.0,-0.0,-0.006511,-0.0,-0.0,-0.0,-0.0,-0.004877,-0.005519,0.0,-0.002827,-0.002808,-0.008899,-0.008849,-0.0,-0.007785,-0.0,-0.005939,-0.002662,0.0,-0.002541,-0.009537,-0.005795,-0.005786,-0.005764,-0.008652,-0.002573,-0.000923,-0.001361,-0.0,-0.00054,-0.003697,-0.003915,-0.006034
2017-06-01 10:52:00+02:00,-0.0,0.0,-1e-06,-0.005014,-7e-06,-0.0,-0.001789,-0.002883,-0.00563,-0.0,-0.0,-0.0,-0.005532,-0.005225,-0.001925,-0.007098,-0.0,-0.0,-0.0,-0.008738,0.0,-0.008427,-0.0041,-0.0,-0.008065,-0.008362,-0.002618,0.0,-0.001229,-0.0,-0.0,-0.004832,0.0,-0.004018,-0.004767,-0.0,-0.000259,-0.003982,0.0,-0.009511,-0.002516,-0.0,-0.003227,0.0,-0.0,-0.001701,-0.002219,-0.005083,-0.002738,0.0,-0.0,-0.004885,-0.004137,-0.005225,-0.0,0.0,-0.0,-0.0,0.0,-0.00169,-0.005051,-0.008453,-0.004444,0.0,-8.3e-05,-0.007587,-0.001138,-0.005362,0.0,-0.00102,-0.002279,-0.0,-0.0,-0.004582,-0.004895,0.0,-0.0,-0.0,-0.003022,-0.0,-0.004561,-0.0,-0.002054,-0.00835,-0.0,-0.0,-0.006521,-0.0,-0.0,-0.0,-0.0,-0.00489,-0.005532,0.0,-0.002841,-0.002826,-0.008917,-0.008869,-0.0,-0.007809,-0.0,-0.005959,-0.00267,0.0,-0.002546,-0.009558,-0.005808,-0.005804,-0.005783,-0.008674,-0.002578,-0.000932,-0.00137,-0.0,-0.000552,-0.003715,-0.003934,-0.006047
2017-06-01 10:53:00+02:00,-0.0,0.0,-1e-06,-0.005034,-5e-06,-0.0,-0.001793,-0.002887,-0.005645,-0.0,-0.0,-0.0,-0.005549,-0.005243,-0.00194,-0.007126,-0.0,-0.0,-0.0,-0.008763,0.0,-0.008452,-0.004111,-0.0,-0.008094,-0.008393,-0.002622,0.0,-0.001237,-0.0,-0.0,-0.004852,0.0,-0.004038,-0.004791,-0.0,-0.000272,-0.003993,0.0,-0.009542,-0.002522,-0.0,-0.003241,0.0,-0.0,-0.001715,-0.002227,-0.00509,-0.00275,0.0,-0.0,-0.004899,-0.004155,-0.005243,-0.0,0.0,-0.0,-0.0,0.0,-0.001697,-0.005064,-0.008484,-0.004465,0.0,-8.6e-05,-0.007615,-0.001141,-0.005369,0.0,-0.001024,-0.002287,-0.0,-0.0,-0.0046,-0.004912,0.0,-0.0,-0.0,-0.003031,-0.0,-0.004577,-0.0,-0.002068,-0.008378,-0.0,-0.0,-0.006534,-0.0,-0.0,-0.0,-0.0,-0.004908,-0.005549,0.0,-0.002858,-0.002846,-0.008944,-0.008897,-0.0,-0.00784,-0.0,-0.005984,-0.002676,0.0,-0.002552,-0.009583,-0.005825,-0.005829,-0.005806,-0.008705,-0.002585,-0.00094,-0.001376,-0.0,-0.000557,-0.00373,-0.003953,-0.006063
2017-06-01 10:54:00+02:00,-0.0,0.0,-1e-06,-0.005064,-1e-05,-0.0,-0.001808,-0.002904,-0.005686,-0.0,-0.0,-0.0,-0.005564,-0.005258,-0.00197,-0.007164,-0.0,-0.0,-0.0,-0.008803,0.0,-0.008491,-0.004143,-0.0,-0.008161,-0.008434,-0.00264,0.0,-0.00125,-0.0,-0.0,-0.004895,0.0,-0.00408,-0.004831,-0.0,-0.000308,-0.004026,0.0,-0.009597,-0.002542,-0.0,-0.003263,0.0,-0.0,-0.001736,-0.002241,-0.005106,-0.002783,0.0,-0.0,-0.004922,-0.004179,-0.005258,-0.0,0.0,-0.0,-0.0,0.0,-0.001721,-0.005085,-0.008561,-0.004493,0.0,-9.6e-05,-0.007655,-0.001155,-0.005387,0.0,-0.001038,-0.002301,-0.0,-0.0,-0.004626,-0.004928,0.0,-0.0,-0.0,-0.003061,-0.0,-0.004599,-0.0,-0.00209,-0.008452,-0.0,-0.0,-0.006542,-0.0,-0.0,-0.0,-0.0,-0.004933,-0.005564,0.0,-0.002879,-0.002894,-0.008983,-0.008937,-0.0,-0.007911,-0.0,-0.006018,-0.002689,0.0,-0.002571,-0.009605,-0.005839,-0.005891,-0.005838,-0.008747,-0.002604,-0.000952,-0.001387,-0.0,-0.000578,-0.003755,-0.003981,-0.006076
2017-06-01 10:55:00+02:00,-0.0,0.0,-1e-06,-0.005063,-8e-06,-0.0,-0.001798,-0.002891,-0.005712,-0.0,-0.0,-0.0,-0.005574,-0.005269,-0.001991,-0.007167,-0.0,-0.0,-0.0,-0.008831,0.0,-0.00852,-0.004131,-0.0,-0.008206,-0.00844,-0.002626,0.0,-0.001245,-0.0,-0.0,-0.004925,0.0,-0.00411,-0.004863,-0.0,-0.000331,-0.004009,0.0,-0.009638,-0.002532,-0.0,-0.003281,0.0,-0.0,-0.00173,-0.002235,-0.005115,-0.002804,0.0,-0.0,-0.004938,-0.004182,-0.005269,-0.0,0.0,-0.0,-0.0,0.0,-0.001713,-0.0051,-0.008614,-0.004492,0.0,-0.000103,-0.007659,-0.001148,-0.005396,0.0,-0.001032,-0.002312,-0.0,-0.0,-0.004646,-0.004941,0.0,-0.0,-0.0,-0.003048,-0.0,-0.004599,-0.0,-0.002085,-0.008503,-0.0,-0.0,-0.006543,-0.0,-0.0,-0.0,-0.0,-0.004936,-0.005574,0.0,-0.002883,-0.002926,-0.008983,-0.008939,-0.0,-0.007959,-0.0,-0.00602,-0.002698,0.0,-0.00256,-0.009618,-0.005848,-0.005932,-0.005837,-0.008752,-0.002595,-0.000946,-0.001395,-0.0,-0.00057,-0.003774,-0.003979,-0.006083
2017-06-01 10:56:00+02:00,-0.0,0.0,-0.0,-0.005057,-6e-06,-0.0,-0.001784,-0.002876,-0.005717,-0.0,-0.0,-0.0,-0.00559,-0.005287,-0.001999,-0.007166,-0.0,-0.0,-0.0,-0.008851,0.0,-0.00854,-0.004115,-0.0,-0.008222,-0.008442,-0.002609,0.0,-0.001235,-0.0,-0.0,-0.004936,0.0,-0.004123,-0.004885,-0.0,-0.000329,-0.00399,0.0,-0.009671,-0.00252,-0.0,-0.00329,0.0,-0.0,-0.001717,-0.002224,-0.005118,-0.002807,0.0,-0.0,-0.00495,-0.004184,-0.005287,-0.0,0.0,-0.0,-0.0,0.0,-0.001697,-0.005109,-0.008636,-0.004485,0.0,-0.0001,-0.007659,-0.001135,-0.005399,0.0,-0.001021,-0.002317,-0.0,-0.0,-0.004661,-0.004959,0.0,-0.0,-0.0,-0.003031,-0.0,-0.004596,-0.0,-0.002073,-0.008522,-0.0,-0.0,-0.00655,-0.0,-0.0,-0.0,-0.0,-0.004936,-0.00559,0.0,-0.002885,-0.002932,-0.008981,-0.008939,-0.0,-0.007977,-0.0,-0.006017,-0.002701,0.0,-0.002546,-0.009642,-0.005862,-0.005943,-0.005832,-0.008754,-0.002583,-0.000936,-0.001397,-0.0,-0.000554,-0.003784,-0.003971,-0.006095
2017-06-01 10:57:00+02:00,-0.0,0.0,-0.0,-0.00507,-5e-06,-0.0,-0.001779,-0.002874,-0.005732,-0.0,-0.0,-0.0,-0.005615,-0.005313,-0.002009,-0.007191,-0.0,-0.0,-0.0,-0.008889,0.0,-0.008577,-0.00412,-0.0,-0.008251,-0.008474,-0.002605,0.0,-0.001231,-0.0,-0.0,-0.004955,0.0,-0.004144,-0.004916,-0.0,-0.000324,-0.003992,0.0,-0.009717,-0.002521,-0.0,-0.003304,0.0,-0.0,-0.001714,-0.002222,-0.00513,-0.002812,0.0,-0.0,-0.00497,-0.0042,-0.005313,-0.0,0.0,-0.0,-0.0,0.0,-0.001693,-0.005128,-0.00867,-0.004496,0.0,-9.7e-05,-0.007687,-0.00113,-0.005412,0.0,-0.001017,-0.002326,-0.0,-0.0,-0.004686,-0.004986,0.0,-0.0,-0.0,-0.003031,-0.0,-0.004609,-0.0,-0.002071,-0.008554,-0.0,-0.0,-0.006565,-0.0,-0.0,-0.0,-0.0,-0.004954,-0.005615,0.0,-0.002899,-0.002941,-0.009012,-0.00897,-0.0,-0.008008,-0.0,-0.006036,-0.002707,0.0,-0.002545,-0.00968,-0.005885,-0.005964,-0.005849,-0.008787,-0.002585,-0.000932,-0.001401,-0.0,-0.000545,-0.003801,-0.003979,-0.006117
2017-06-01 10:58:00+02:00,-0.0,0.0,-0.0,-0.005117,-4e-06,-0.0,-0.001801,-0.002903,-0.005754,-0.0,-0.0,-0.0,-0.005631,-0.005331,-0.002023,-0.007254,-0.0,-0.0,-0.0,-0.008937,0.0,-0.008624,-0.00417,-0.0,-0.008294,-0.008545,-0.002634,0.0,-0.001249,-0.0,-0.0,-0.004981,0.0,-0.00417,-0.004949,-0.0,-0.000326,-0.004044,0.0,-0.009761,-0.002552,-0.0,-0.003324,0.0,-0.0,-0.001742,-0.002243,-0.005148,-0.002824,0.0,-0.0,-0.004996,-0.004238,-0.005331,-0.0,0.0,-0.0,-0.0,0.0,-0.001723,-0.005152,-0.008718,-0.004541,0.0,-9.8e-05,-0.007753,-0.001148,-0.005431,0.0,-0.001035,-0.002339,-0.0,-0.0,-0.004716,-0.005005,0.0,-0.0,-0.0,-0.003073,-0.0,-0.004646,-0.0,-0.002101,-0.0086,-0.0,-0.0,-0.00657,-0.0,-0.0,-0.0,-0.0,-0.004995,-0.005631,0.0,-0.00293,-0.002958,-0.009082,-0.009041,-0.0,-0.008052,-0.0,-0.006091,-0.002719,0.0,-0.002576,-0.009706,-0.0059,-0.005995,-0.005902,-0.008859,-0.002615,-0.000947,-0.001408,-0.0,-0.000567,-0.003824,-0.004021,-0.006129
2017-06-01 10:59:00+02:00,-0.0,0.0,-0.0,-0.005129,-4e-06,-0.0,-0.00181,-0.002918,-0.005762,-0.0,-0.0,-0.0,-0.00565,-0.005351,-0.002028,-0.007276,-0.0,-0.0,-0.0,-0.008949,0.0,-0.008638,-0.0042,-0.0,-0.008319,-0.008574,-0.002648,0.0,-0.001243,-0.0,-0.0,-0.004996,0.0,-0.004186,-0.004975,-0.0,-0.000312,-0.004073,0.0,-0.0098,-0.002569,-0.0,-0.003312,0.0,-0.0,-0.001737,-0.00224,-0.005142,-0.002823,0.0,-0.0,-0.005,-0.004252,-0.005351,-0.0,0.0,-0.0,-0.0,0.0,-0.001733,-0.005153,-0.008747,-0.004549,0.0,-7.8e-05,-0.007778,-0.001151,-0.005426,0.0,-0.001039,-0.00233,-0.0,-0.0,-0.004726,-0.005028,0.0,-0.0,-0.0,-0.003094,-0.0,-0.004656,-0.0,-0.002098,-0.008627,-0.0,-0.0,-0.006577,-0.0,-0.0,-0.0,-0.0,-0.005009,-0.00565,0.0,-0.002942,-0.002958,-0.009107,-0.009067,-0.0,-0.008077,-0.0,-0.006108,-0.002707,0.0,-0.002592,-0.009737,-0.005917,-0.006007,-0.005915,-0.008888,-0.002631,-0.000941,-0.001394,-0.0,-0.00057,-0.003814,-0.004027,-0.006144
2017-06-01 11:00:00+02:00,-0.0,0.0,-0.0,-0.005167,-3e-06,-0.0,-0.001826,-0.002941,-0.005786,-0.0,-0.0,-0.0,-0.005676,-0.005379,-0.002042,-0.007331,-0.0,-0.0,-0.0,-0.008994,0.0,-0.008681,-0.004244,-0.0,-0.008366,-0.008638,-0.002671,0.0,-0.001252,-0.0,-0.0,-0.005023,0.0,-0.004215,-0.005015,-0.0,-0.000308,-0.004117,0.0,-0.009856,-0.002595,-0.0,-0.00332,0.0,-0.0,-0.001753,-0.002252,-0.005155,-0.002833,0.0,-0.0,-0.005023,-0.004285,-0.005379,-0.0,0.0,-0.0,-0.0,0.0,-0.001753,-0.005174,-0.0088,-0.004584,0.0,-6.3e-05,-0.007836,-0.001162,-0.00544,0.0,-0.001051,-0.002334,-0.0,-0.0,-0.004753,-0.005057,0.0,-0.0,-0.0,-0.003128,-0.0,-0.004687,-0.0,-0.002116,-0.008678,-0.0,-0.0,-0.006592,-0.0,-0.0,-0.0,-0.0,-0.005045,-0.005676,0.0,-0.002968,-0.002971,-0.00917,-0.009132,-0.0,-0.008124,-0.0,-0.006154,-0.002709,0.0,-0.002617,-0.00978,-0.005941,-0.006039,-0.005958,-0.008953,-0.002657,-0.000948,-0.001392,-0.0,-0.000582,-0.003824,-0.004058,-0.006166
2017-06-01 11:01:00+02:00,-0.0,0.0,-0.0,-0.005197,-2e-06,-0.0,-0.001843,-0.002966,-0.005702,-0.0,-0.0,-0.0,-0.005695,-0.0054,-0.002008,-0.007372,-0.0,-0.0,-0.0,-0.009063,0.0,-0.008749,-0.004288,-0.0,-0.008254,-0.008681,-0.002695,0.0,-0.001258,-0.0,-0.0,-0.004951,0.0,-0.004166,-0.004996,-0.0,-0.000246,-0.004161,0.0,-0.00981,-0.002621,-0.0,-0.003349,0.0,-0.0,-0.001764,-0.00226,-0.005184,-0.002781,0.0,-0.0,-0.00506,-0.004309,-0.0054,-0.0,0.0,-0.0,-0.0,0.0,-0.001776,-0.005209,-0.008743,-0.004612,0.0,-6.8e-05,-0.007879,-0.001175,-0.005471,0.0,-0.001063,-0.002352,-0.0,-0.0,-0.004794,-0.00508,0.0,-0.0,-0.0,-0.003163,-0.0,-0.004709,-0.0,-0.002129,-0.008622,-0.0,-0.0,-0.0066,-0.0,-0.0,-0.0,-0.0,-0.005069,-0.005695,0.0,-0.00299,-0.002901,-0.00921,-0.009173,-0.0,-0.008018,-0.0,-0.00619,-0.002726,0.0,-0.002642,-0.009812,-0.005958,-0.005962,-0.005991,-0.008996,-0.002682,-0.000953,-0.001404,-0.0,-0.000596,-0.003857,-0.004083,-0.006182
2017-06-01 11:02:00+02:00,-0.0,0.0,-0.0,-0.005218,-2e-06,-0.0,-0.001856,-0.002984,-0.005639,-0.0,-0.0,-0.0,-0.005712,-0.005419,-0.001983,-0.007401,-0.0,-0.0,-0.0,-0.009114,0.0,-0.0088,-0.004321,-0.0,-0.008168,-0.008713,-0.002712,0.0,-0.001262,-0.0,-0.0,-0.004897,0.0,-0.004131,-0.004985,-0.0,-0.000197,-0.004193,0.0,-0.009777,-0.002641,-0.0,-0.003373,0.0,-0.0,-0.001772,-0.002266,-0.005206,-0.002743,0.0,-0.0,-0.005089,-0.004328,-0.005419,-0.0,0.0,-0.0,-0.0,0.0,-0.001794,-0.005237,-0.008701,-0.004632,0.0,-7.4e-05,-0.007909,-0.001185,-0.005495,0.0,-0.001074,-0.002367,-0.0,-0.0,-0.004825,-0.0051,0.0,-0.0,-0.0,-0.003189,-0.0,-0.004726,-0.0,-0.002139,-0.008579,-0.0,-0.0,-0.006606,-0.0,-0.0,-0.0,-0.0,-0.005088,-0.005712,0.0,-0.003007,-0.002848,-0.009237,-0.009202,-0.0,-0.007937,-0.0,-0.006216,-0.00274,0.0,-0.002662,-0.009837,-0.005974,-0.005903,-0.006015,-0.009027,-0.002702,-0.000956,-0.001415,-0.0,-0.000607,-0.003884,-0.0041,-0.006195
2017-06-01 11:03:00+02:00,-0.0,0.0,-0.0,-0.005235,-1e-06,-0.0,-0.001861,-0.002993,-0.00558,-0.0,-0.0,-0.0,-0.005738,-0.005446,-0.001954,-0.007429,-0.0,-0.0,-0.0,-0.009157,0.0,-0.008842,-0.004341,-0.0,-0.008089,-0.008745,-0.002721,0.0,-0.001261,-0.0,-0.0,-0.004848,0.0,-0.004097,-0.004974,-0.0,-0.000158,-0.004213,0.0,-0.009745,-0.002653,-0.0,-0.003388,0.0,-0.0,-0.001772,-0.002268,-0.005222,-0.002699,0.0,-0.0,-0.005113,-0.004347,-0.005446,-0.0,0.0,-0.0,-0.0,0.0,-0.0018,-0.00526,-0.00866,-0.004647,0.0,-7e-05,-0.007939,-0.001187,-0.005512,0.0,-0.001076,-0.002377,-0.0,-0.0,-0.004854,-0.005128,0.0,-0.0,-0.0,-0.003203,-0.0,-0.004742,-0.0,-0.002141,-0.008537,-0.0,-0.0,-0.006621,-0.0,-0.0,-0.0,-0.0,-0.005107,-0.005738,0.0,-0.003022,-0.002787,-0.009267,-0.009233,-0.0,-0.007862,-0.0,-0.006239,-0.002749,0.0,-0.002672,-0.009876,-0.005998,-0.005841,-0.006037,-0.009059,-0.002714,-0.000954,-0.001419,-0.0,-0.000605,-0.003902,-0.004113,-0.006217
2017-06-01 11:04:00+02:00,-0.0,0.0,-0.0,-0.005271,-1e-06,-0.0,-0.001873,-0.00301,-0.005554,-0.0,-0.0,-0.0,-0.005754,-0.005463,-0.001944,-0.007478,-0.0,-0.0,-0.0,-0.009219,0.0,-0.008902,-0.004372,-0.0,-0.008057,-0.008798,-0.002736,0.0,-0.001273,-0.0,-0.0,-0.004828,0.0,-0.004088,-0.004985,-0.0,-0.000126,-0.004243,0.0,-0.009752,-0.002671,-0.0,-0.00342,0.0,-0.0,-0.001792,-0.002283,-0.005251,-0.002679,0.0,-0.0,-0.005148,-0.004377,-0.005463,-0.0,0.0,-0.0,-0.0,0.0,-0.001817,-0.005294,-0.008658,-0.004681,0.0,-8.2e-05,-0.00799,-0.001196,-0.005542,0.0,-0.001086,-0.002398,-0.0,-0.0,-0.004891,-0.005147,0.0,-0.0,-0.0,-0.003227,-0.0,-0.00477,-0.0,-0.002162,-0.008534,-0.0,-0.0,-0.006626,-0.0,-0.0,-0.0,-0.0,-0.005139,-0.005754,0.0,-0.003048,-0.00276,-0.009319,-0.009285,-0.0,-0.007833,-0.0,-0.006281,-0.002769,0.0,-0.00269,-0.009898,-0.006012,-0.005818,-0.006077,-0.009113,-0.002732,-0.000965,-0.001434,-0.0,-0.000616,-0.003937,-0.004145,-0.006229
2017-06-01 11:05:00+02:00,-0.0,0.0,-0.0,-0.005268,-1e-06,-0.0,-0.001864,-0.003003,-0.005508,-0.0,-0.0,-0.0,-0.005763,-0.005474,-0.001922,-0.007478,-0.0,-0.0,-0.0,-0.009229,0.0,-0.008914,-0.004369,-0.0,-0.007999,-0.008801,-0.002729,0.0,-0.001264,-0.0,-0.0,-0.00479,0.0,-0.004062,-0.004974,-0.0,-0.000101,-0.004237,0.0,-0.009721,-0.002667,-0.0,-0.003417,0.0,-0.0,-0.00178,-0.002273,-0.005246,-0.002645,0.0,-0.0,-0.005152,-0.004379,-0.005474,-0.0,0.0,-0.0,-0.0,0.0,-0.001807,-0.005295,-0.008624,-0.004676,0.0,-7e-05,-0.007991,-0.001187,-0.005538,0.0,-0.001078,-0.002395,-0.0,-0.0,-0.0049,-0.00516,0.0,-0.0,-0.0,-0.00322,-0.0,-0.004768,-0.0,-0.002152,-0.008499,-0.0,-0.0,-0.006609,-0.0,-0.0,-0.0,-0.0,-0.005139,-0.005763,0.0,-0.00305,-0.002713,-0.009316,-0.009284,-0.0,-0.007776,-0.0,-0.00628,-0.002763,0.0,-0.002685,-0.009912,-0.006018,-0.005768,-0.006073,-0.009114,-0.002728,-0.000955,-0.001429,-0.0,-0.000602,-0.003935,-0.004138,-0.006233
2017-06-01 11:06:00+02:00,-0.0,0.0,-0.0,-0.005261,-1e-06,-0.0,-0.001854,-0.002993,-0.005466,-0.0,-0.0,-0.0,-0.005773,-0.005486,-0.001902,-0.007474,-0.0,-0.0,-0.0,-0.009216,0.0,-0.008903,-0.004363,-0.0,-0.007949,-0.008798,-0.002719,0.0,-0.001252,-0.0,-0.0,-0.004757,0.0,-0.00404,-0.004965,-0.0,-8.1e-05,-0.004228,0.0,-0.009691,-0.002661,-0.0,-0.003397,0.0,-0.0,-0.001766,-0.002261,-0.005228,-0.002613,0.0,-0.0,-0.005143,-0.004376,-0.005486,-0.0,0.0,-0.0,-0.0,0.0,-0.001794,-0.005283,-0.008591,-0.004668,0.0,-5.6e-05,-0.007987,-0.001177,-0.00552,0.0,-0.001068,-0.00238,-0.0,-0.0,-0.004897,-0.005174,0.0,-0.0,-0.0,-0.003209,-0.0,-0.004761,-0.0,-0.002139,-0.008468,-0.0,-0.0,-0.00661,-0.0,-0.0,-0.0,-0.0,-0.005135,-0.005773,0.0,-0.00305,-0.002672,-0.009306,-0.009275,-0.0,-0.007725,-0.0,-0.006275,-0.002745,0.0,-0.002677,-0.009928,-0.006026,-0.005722,-0.006064,-0.009109,-0.002722,-0.000944,-0.001414,-0.0,-0.000587,-0.003914,-0.004128,-0.006239
2017-06-01 11:07:00+02:00,-0.0,0.0,-0.0,-0.005264,-1e-06,-0.0,-0.001848,-0.00299,-0.005432,-0.0,-0.0,-0.0,-0.005784,-0.0055,-0.001885,-0.007483,-0.0,-0.0,-0.0,-0.009229,0.0,-0.008919,-0.004366,-0.0,-0.007909,-0.008808,-0.002715,0.0,-0.001247,-0.0,-0.0,-0.00473,0.0,-0.004022,-0.004957,-0.0,-6.5e-05,-0.004227,0.0,-0.009663,-0.00266,-0.0,-0.003398,0.0,-0.0,-0.00176,-0.002256,-0.005227,-0.002585,0.0,-0.0,-0.005149,-0.004382,-0.0055,-0.0,0.0,-0.0,-0.0,0.0,-0.001787,-0.005288,-0.008563,-0.004671,0.0,-4.6e-05,-0.007997,-0.00117,-0.005519,0.0,-0.001063,-0.002379,-0.0,-0.0,-0.004908,-0.00519,0.0,-0.0,-0.0,-0.003206,-0.0,-0.004764,-0.0,-0.002135,-0.008439,-0.0,-0.0,-0.006612,-0.0,-0.0,-0.0,-0.0,-0.00514,-0.005784,0.0,-0.003057,-0.002636,-0.009312,-0.009282,-0.0,-0.007684,-0.0,-0.006282,-0.002741,0.0,-0.002675,-0.009945,-0.006035,-0.005683,-0.006067,-0.009119,-0.002721,-0.000938,-0.00141,-0.0,-0.000577,-0.003915,-0.004129,-0.006246
2017-06-01 11:08:00+02:00,-0.0,0.0,-0.0,-0.005275,-0.0,-0.0,-0.001844,-0.002987,-0.005442,-0.0,-0.0,-0.0,-0.0058,-0.005517,-0.001899,-0.007501,-0.0,-0.0,-0.0,-0.009259,0.0,-0.008949,-0.00437,-0.0,-0.007934,-0.008831,-0.002711,0.0,-0.001244,-0.0,-0.0,-0.004745,0.0,-0.00404,-0.004985,-0.0,-5.2e-05,-0.004227,0.0,-0.009705,-0.00266,-0.0,-0.003409,0.0,-0.0,-0.001757,-0.002254,-0.005234,-0.002597,0.0,-0.0,-0.005165,-0.004394,-0.005517,-0.0,0.0,-0.0,-0.0,0.0,-0.001783,-0.005301,-0.008601,-0.004679,0.0,-4.3e-05,-0.008016,-0.001166,-0.005527,0.0,-0.001059,-0.002385,-0.0,-0.0,-0.004928,-0.005209,0.0,-0.0,-0.0,-0.003204,-0.0,-0.004772,-0.0,-0.002133,-0.008476,-0.0,-0.0,-0.006618,-0.0,-0.0,-0.0,-0.0,-0.005152,-0.0058,0.0,-0.003067,-0.002653,-0.00933,-0.009302,-0.0,-0.007711,-0.0,-0.006296,-0.002745,0.0,-0.002674,-0.00997,-0.006049,-0.005709,-0.006079,-0.009141,-0.002721,-0.000934,-0.001413,-0.0,-0.000569,-0.003928,-0.004135,-0.006257
2017-06-01 11:09:00+02:00,-0.0,0.0,-0.0,-0.005297,-0.0,-0.0,-0.001849,-0.002997,-0.005465,-0.0,-0.0,-0.0,-0.005814,-0.005533,-0.00192,-0.007533,-0.0,-0.0,-0.0,-0.009304,0.0,-0.008993,-0.004391,-0.0,-0.007978,-0.008867,-0.002719,0.0,-0.001247,-0.0,-0.0,-0.004771,0.0,-0.00407,-0.005025,-0.0,-4.9e-05,-0.004246,0.0,-0.009769,-0.002671,-0.0,-0.00343,0.0,-0.0,-0.001764,-0.002259,-0.005251,-0.002617,0.0,-0.0,-0.005189,-0.004414,-0.005533,-0.0,0.0,-0.0,-0.0,0.0,-0.001793,-0.005324,-0.008659,-0.004699,0.0,-4.7e-05,-0.00805,-0.00117,-0.005545,0.0,-0.001064,-0.002398,-0.0,-0.0,-0.004956,-0.005227,0.0,-0.0,-0.0,-0.003219,-0.0,-0.004789,-0.0,-0.002143,-0.008532,-0.0,-0.0,-0.006622,-0.0,-0.0,-0.0,-0.0,-0.005172,-0.005814,0.0,-0.003084,-0.002683,-0.009363,-0.009336,-0.0,-0.007757,-0.0,-0.006323,-0.002757,0.0,-0.002684,-0.009992,-0.006061,-0.005751,-0.006103,-0.009178,-0.002733,-0.000937,-0.001421,-0.0,-0.000574,-0.003952,-0.004152,-0.006267
2017-06-01 11:10:00+02:00,-0.0,0.0,-0.0,-0.005309,-0.0,-0.0,-0.001844,-0.002994,-0.005468,-0.0,-0.0,-0.0,-0.005827,-0.005548,-0.001927,-0.007553,-0.0,-0.0,-0.0,-0.009325,0.0,-0.009016,-0.004394,-0.0,-0.007992,-0.008892,-0.002715,0.0,-0.001244,-0.0,-0.0,-0.004779,0.0,-0.004082,-0.005047,-0.0,-3.9e-05,-0.004246,0.0,-0.009799,-0.00267,-0.0,-0.003433,0.0,-0.0,-0.001761,-0.002257,-0.005255,-0.002619,0.0,-0.0,-0.0052,-0.004427,-0.005548,-0.0,0.0,-0.0,-0.0,0.0,-0.001784,-0.005333,-0.008686,-0.004709,0.0,-3.8e-05,-0.008073,-0.001163,-0.005548,0.0,-0.001057,-0.002399,-0.0,-0.0,-0.004971,-0.005244,0.0,-0.0,-0.0,-0.003216,-0.0,-0.004799,-0.0,-0.002141,-0.008557,-0.0,-0.0,-0.006624,-0.0,-0.0,-0.0,-0.0,-0.005186,-0.005827,0.0,-0.003096,-0.002686,-0.009384,-0.009359,-0.0,-0.007773,-0.0,-0.00634,-0.002756,0.0,-0.002682,-0.010011,-0.006071,-0.005763,-0.006117,-0.009202,-0.002733,-0.000932,-0.001418,-0.0,-0.000562,-0.003956,-0.004159,-0.006275
2017-06-01 11:11:00+02:00,-0.0,0.0,-0.0,-0.005303,-0.0,-0.0,-0.00183,-0.002981,-0.005451,-0.0,-0.0,-0.0,-0.00583,-0.005554,-0.001922,-0.007552,-0.0,-0.0,-0.0,-0.009319,0.0,-0.009012,-0.004383,-0.0,-0.007976,-0.008892,-0.002701,0.0,-0.001233,-0.0,-0.0,-0.004769,0.0,-0.004078,-0.005051,-0.0,-3.1e-05,-0.004229,0.0,-0.009794,-0.002661,-0.0,-0.003421,0.0,-0.0,-0.001747,-0.002247,-0.005242,-0.002607,0.0,-0.0,-0.005196,-0.004427,-0.005554,-0.0,0.0,-0.0,-0.0,0.0,-0.001765,-0.005326,-0.008681,-0.004702,0.0,-3e-05,-0.008072,-0.001148,-0.005536,0.0,-0.001045,-0.00239,-0.0,-0.0,-0.004972,-0.005252,0.0,-0.0,-0.0,-0.003199,-0.0,-0.004795,-0.0,-0.002129,-0.008552,-0.0,-0.0,-0.006585,-0.0,-0.0,-0.0,-0.0,-0.005185,-0.00583,0.0,-0.003096,-0.002671,-0.009378,-0.009354,-0.0,-0.007758,-0.0,-0.006337,-0.002744,0.0,-0.002671,-0.010015,-0.006072,-0.005748,-0.00611,-0.009201,-0.002723,-0.000921,-0.001407,-0.0,-0.000541,-0.003944,-0.00415,-0.006267
2017-06-01 11:12:00+02:00,-0.0,0.0,-0.0,-0.005278,-0.0,-0.0,-0.00181,-0.00296,-0.005419,-0.0,-0.0,-0.0,-0.005833,-0.00556,-0.001908,-0.007526,-0.0,-0.0,-0.0,-0.009293,0.0,-0.008989,-0.004359,-0.0,-0.007938,-0.008866,-0.00268,0.0,-0.001214,-0.0,-0.0,-0.004746,0.0,-0.004062,-0.00504,-0.0,-2.5e-05,-0.004201,0.0,-0.009762,-0.002643,-0.0,-0.003396,0.0,-0.0,-0.001719,-0.002225,-0.005219,-0.002585,0.0,-0.0,-0.005181,-0.004413,-0.00556,-0.0,0.0,-0.0,-0.0,0.0,-0.001738,-0.005308,-0.008651,-0.004677,0.0,-2.4e-05,-0.008046,-0.001129,-0.005512,0.0,-0.001027,-0.002373,-0.0,-0.0,-0.004962,-0.005259,0.0,-0.0,-0.0,-0.003172,-0.0,-0.004777,-0.0,-0.002102,-0.008522,-0.0,-0.0,-0.00658,-0.0,-0.0,-0.0,-0.0,-0.005168,-0.005833,0.0,-0.003086,-0.00264,-0.009345,-0.009323,-0.0,-0.00772,-0.0,-0.006311,-0.002723,0.0,-0.002652,-0.010018,-0.006074,-0.005713,-0.006081,-0.009174,-0.002706,-0.000902,-0.001389,-0.0,-0.000514,-0.003919,-0.004123,-0.006267
2017-06-01 11:13:00+02:00,-0.0,0.0,-0.0,-0.005292,-0.0,-0.0,-0.001804,-0.002954,-0.005404,-0.0,-0.0,-0.0,-0.00584,-0.005569,-0.001905,-0.007547,-0.0,-0.0,-0.0,-0.009291,0.0,-0.008989,-0.004357,-0.0,-0.007927,-0.008895,-0.002674,0.0,-0.001214,-0.0,-0.0,-0.004738,0.0,-0.004059,-0.005042,-0.0,-2e-05,-0.004196,0.0,-0.009753,-0.00264,-0.0,-0.003391,0.0,-0.0,-0.001722,-0.002226,-0.005208,-0.002575,0.0,-0.0,-0.005178,-0.004426,-0.005569,-0.0,0.0,-0.0,-0.0,0.0,-0.001732,-0.005304,-0.008644,-0.004689,0.0,-1.9e-05,-0.00807,-0.001123,-0.005502,0.0,-0.001022,-0.002368,-0.0,-0.0,-0.004964,-0.005271,0.0,-0.0,-0.0,-0.003167,-0.0,-0.004787,-0.0,-0.002106,-0.008515,-0.0,-0.0,-0.006582,-0.0,-0.0,-0.0,-0.0,-0.005182,-0.00584,0.0,-0.003098,-0.00263,-0.00937,-0.009349,-0.0,-0.007708,-0.0,-0.006329,-0.002716,0.0,-0.002648,-0.010029,-0.006078,-0.005701,-0.006095,-0.009202,-0.002702,-0.000902,-0.001383,-0.0,-0.000507,-0.003914,-0.004133,-0.006271
2017-06-01 11:14:00+02:00,-0.0,0.0,-0.0,-0.005313,-0.0,-0.0,-0.001802,-0.002953,-0.005369,-0.0,-0.0,-0.0,-0.005848,-0.005578,-0.001888,-0.007577,-0.0,-0.0,-0.0,-0.009293,0.0,-0.008993,-0.004363,-0.0,-0.007885,-0.008932,-0.002672,0.0,-0.001218,-0.0,-0.0,-0.00471,0.0,-0.004037,-0.005019,-0.0,-1.6e-05,-0.004199,0.0,-0.009698,-0.002641,-0.0,-0.003387,0.0,-0.0,-0.001731,-0.002232,-0.005199,-0.002547,0.0,-0.0,-0.005178,-0.004444,-0.005578,-0.0,0.0,-0.0,-0.0,0.0,-0.00173,-0.005301,-0.008596,-0.004709,0.0,-1.5e-05,-0.008102,-0.00112,-0.005494,0.0,-0.001019,-0.002363,-0.0,-0.0,-0.004969,-0.005283,0.0,-0.0,-0.0,-0.003168,-0.0,-0.004802,-0.0,-0.002117,-0.008468,-0.0,-0.0,-0.006583,-0.0,-0.0,-0.0,-0.0,-0.005202,-0.005848,0.0,-0.003113,-0.002594,-0.009403,-0.009383,-0.0,-0.007664,-0.0,-0.006355,-0.002709,0.0,-0.002648,-0.01004,-0.006083,-0.005657,-0.006117,-0.00924,-0.002704,-0.000906,-0.001377,-0.0,-0.000503,-0.00391,-0.00415,-0.006274
2017-06-01 11:15:00+02:00,-0.0,0.0,-0.0,-0.005346,-0.0,-0.0,-0.001804,-0.00296,-0.005363,-0.0,-0.0,-0.0,-0.005873,-0.005605,-0.001886,-0.007623,-0.0,-0.0,-0.0,-0.009308,0.0,-0.009008,-0.004382,-0.0,-0.007887,-0.008988,-0.002678,0.0,-0.001225,-0.0,-0.0,-0.00471,0.0,-0.004041,-0.005028,-0.0,-1.3e-05,-0.004215,0.0,-0.009701,-0.00265,-0.0,-0.003378,0.0,-0.0,-0.001744,-0.002242,-0.005195,-0.002539,0.0,-0.0,-0.005183,-0.004472,-0.005605,-0.0,0.0,-0.0,-0.0,0.0,-0.001732,-0.005304,-0.0086,-0.004738,0.0,-1.2e-05,-0.008152,-0.00112,-0.005491,0.0,-0.001019,-0.002356,-0.0,-0.0,-0.00498,-0.005311,0.0,-0.0,-0.0,-0.003179,-0.0,-0.004828,-0.0,-0.002132,-0.008471,-0.0,-0.0,-0.006601,-0.0,-0.0,-0.0,-0.0,-0.005233,-0.005873,0.0,-0.003137,-0.002583,-0.009458,-0.00944,-0.0,-0.007666,-0.0,-0.006394,-0.002699,0.0,-0.002656,-0.010081,-0.006106,-0.005652,-0.006153,-0.009298,-0.002713,-0.000912,-0.001366,-0.0,-0.0005,-0.003901,-0.004176,-0.006295
2017-06-01 11:16:00+02:00,-0.0,0.0,-0.0,-0.005399,-0.0,-0.0,-0.001823,-0.002986,-0.005405,-0.0,-0.0,-0.0,-0.005894,-0.005628,-0.001914,-0.00769,-0.0,-0.0,-0.0,-0.009393,0.0,-0.009093,-0.004429,-0.0,-0.00796,-0.009061,-0.002703,0.0,-0.001243,-0.0,-0.0,-0.004754,0.0,-0.004084,-0.005078,-0.0,-1e-05,-0.00426,0.0,-0.009785,-0.002678,-0.0,-0.00342,0.0,-0.0,-0.001774,-0.002264,-0.005235,-0.002567,0.0,-0.0,-0.005231,-0.004512,-0.005628,-0.0,0.0,-0.0,-0.0,0.0,-0.001759,-0.00535,-0.008679,-0.004788,0.0,-1.6e-05,-0.008221,-0.001135,-0.005533,0.0,-0.001034,-0.002382,-0.0,-0.0,-0.00503,-0.005335,0.0,-0.0,-0.0,-0.003216,-0.0,-0.004866,-0.0,-0.002164,-0.008548,-0.0,-0.0,-0.006614,-0.0,-0.0,-0.0,-0.0,-0.005275,-0.005894,0.0,-0.003171,-0.002623,-0.009529,-0.009512,-0.0,-0.00774,-0.0,-0.006454,-0.002725,0.0,-0.002682,-0.010115,-0.006125,-0.005711,-0.00621,-0.009372,-0.00274,-0.000928,-0.001386,-0.0,-0.000517,-0.003947,-0.004222,-0.006313
2017-06-01 11:17:00+02:00,-0.0,0.0,-0.0,-0.005426,-0.0,-0.0,-0.00183,-0.002998,-0.005419,-0.0,-0.0,-0.0,-0.005917,-0.005652,-0.001921,-0.007731,-0.0,-0.0,-0.0,-0.00946,0.0,-0.009159,-0.004454,-0.0,-0.007989,-0.009109,-0.002713,0.0,-0.001247,-0.0,-0.0,-0.004772,0.0,-0.004102,-0.005101,-0.0,-8e-06,-0.004283,0.0,-0.009816,-0.002691,-0.0,-0.003446,0.0,-0.0,-0.001781,-0.002272,-0.005265,-0.00257,0.0,-0.0,-0.005268,-0.004538,-0.005652,-0.0,0.0,-0.0,-0.0,0.0,-0.001766,-0.005386,-0.008709,-0.004813,0.0,-1.3e-05,-0.008265,-0.001138,-0.005564,0.0,-0.001038,-0.002399,-0.0,-0.0,-0.005071,-0.005361,0.0,-0.0,-0.0,-0.003233,-0.0,-0.00489,-0.0,-0.002174,-0.008575,-0.0,-0.0,-0.006629,-0.0,-0.0,-0.0,-0.0,-0.005302,-0.005917,0.0,-0.003191,-0.002628,-0.009575,-0.009559,-0.0,-0.007768,-0.0,-0.006489,-0.002741,0.0,-0.002694,-0.010151,-0.006146,-0.005728,-0.006242,-0.00942,-0.002754,-0.000931,-0.001396,-0.0,-0.000517,-0.003977,-0.004243,-0.006332
2017-06-01 11:18:00+02:00,-0.0,0.0,-0.0,-0.005425,-0.0,-0.0,-0.001822,-0.002995,-0.005403,-0.0,-0.0,-0.0,-0.005938,-0.005675,-0.001908,-0.007741,-0.0,-0.0,-0.0,-0.009513,0.0,-0.009211,-0.004457,-0.0,-0.007975,-0.009126,-0.002707,0.0,-0.001234,-0.0,-0.0,-0.004761,0.0,-0.004095,-0.005094,-0.0,-7e-06,-0.004279,0.0,-0.009789,-0.002689,-0.0,-0.003461,0.0,-0.0,-0.001763,-0.002261,-0.005285,-0.002549,0.0,-0.0,-0.005296,-0.004545,-0.005675,-0.0,0.0,-0.0,-0.0,0.0,-0.001756,-0.005413,-0.008685,-0.004809,0.0,-1e-05,-0.008278,-0.001129,-0.005586,0.0,-0.00103,-0.002408,-0.0,-0.0,-0.005103,-0.005386,0.0,-0.0,-0.0,-0.003227,-0.0,-0.004893,-0.0,-0.002157,-0.008551,-0.0,-0.0,-0.006641,-0.0,-0.0,-0.0,-0.0,-0.00531,-0.005938,0.0,-0.003196,-0.002596,-0.009589,-0.009574,-0.0,-0.007751,-0.0,-0.006493,-0.002749,0.0,-0.00269,-0.010185,-0.006165,-0.0057,-0.006242,-0.009437,-0.002753,-0.000916,-0.001399,-0.0,-0.0005,-0.003995,-0.004236,-0.006349
2017-06-01 11:19:00+02:00,-0.0,0.0,-0.0,-0.005443,-0.0,-0.0,-0.001819,-0.002996,-0.005396,-0.0,-0.0,-0.0,-0.005955,-0.005694,-0.001901,-0.007771,-0.0,-0.0,-0.0,-0.009551,0.0,-0.009249,-0.004465,-0.0,-0.007974,-0.009162,-0.002706,0.0,-0.001232,-0.0,-0.0,-0.004759,0.0,-0.004095,-0.005095,-0.0,-5e-06,-0.004284,0.0,-0.009779,-0.002691,-0.0,-0.003471,0.0,-0.0,-0.001761,-0.002262,-0.005297,-0.002535,0.0,-0.0,-0.005316,-0.004564,-0.005694,-0.0,0.0,-0.0,-0.0,0.0,-0.001751,-0.005431,-0.008678,-0.004824,0.0,-8e-06,-0.00831,-0.001124,-0.005599,0.0,-0.001025,-0.002414,-0.0,-0.0,-0.005127,-0.005406,0.0,-0.0,-0.0,-0.003228,-0.0,-0.004909,-0.0,-0.002159,-0.008544,-0.0,-0.0,-0.006649,-0.0,-0.0,-0.0,-0.0,-0.00533,-0.005955,0.0,-0.003211,-0.002576,-0.009622,-0.009608,-0.0,-0.007747,-0.0,-0.006517,-0.002753,0.0,-0.002692,-0.010211,-0.00618,-0.005686,-0.006262,-0.009474,-0.002756,-0.000913,-0.001399,-0.0,-0.000489,-0.004007,-0.004248,-0.006362
2017-06-01 11:20:00+02:00,-0.0,0.0,-0.0,-0.005457,-0.0,-0.0,-0.001814,-0.002995,-0.005401,-0.0,-0.0,-0.0,-0.005968,-0.005709,-0.001903,-0.007794,-0.0,-0.0,-0.0,-0.009568,0.0,-0.009268,-0.00447,-0.0,-0.007988,-0.009189,-0.002704,0.0,-0.001229,-0.0,-0.0,-0.004768,0.0,-0.004105,-0.005111,-0.0,-4e-06,-0.004285,0.0,-0.009796,-0.002692,-0.0,-0.003468,0.0,-0.0,-0.001759,-0.002262,-0.005299,-0.002532,0.0,-0.0,-0.005326,-0.004579,-0.005709,-0.0,0.0,-0.0,-0.0,0.0,-0.001744,-0.005438,-0.008694,-0.004836,0.0,-7e-06,-0.008335,-0.001118,-0.005602,0.0,-0.00102,-0.002411,-0.0,-0.0,-0.005141,-0.005423,0.0,-0.0,-0.0,-0.003226,-0.0,-0.004921,-0.0,-0.002159,-0.008558,-0.0,-0.0,-0.006653,-0.0,-0.0,-0.0,-0.0,-0.005346,-0.005968,0.0,-0.003224,-0.00257,-0.009646,-0.009633,-0.0,-0.00776,-0.0,-0.006536,-0.002749,0.0,-0.002692,-0.01023,-0.006191,-0.005689,-0.006278,-0.0095,-0.002758,-0.000909,-0.001393,-0.0,-0.000477,-0.004005,-0.004257,-0.006371
2017-06-01 11:21:00+02:00,-0.0,0.0,-0.0,-0.005467,-0.0,-0.0,-0.001813,-0.002997,-0.005405,-0.0,-0.0,-0.0,-0.005979,-0.005722,-0.001905,-0.007811,-0.0,-0.0,-0.0,-0.009579,0.0,-0.009279,-0.00448,-0.0,-0.008002,-0.009209,-0.002706,0.0,-0.001226,-0.0,-0.0,-0.004776,0.0,-0.004116,-0.005128,-0.0,-3e-06,-0.004293,0.0,-0.009815,-0.002697,-0.0,-0.003462,0.0,-0.0,-0.001757,-0.00226,-0.005296,-0.00253,0.0,-0.0,-0.005331,-0.00459,-0.005722,-0.0,0.0,-0.0,-0.0,0.0,-0.001741,-0.005441,-0.008712,-0.004844,0.0,-5e-06,-0.008353,-0.001114,-0.0056,0.0,-0.001017,-0.002407,-0.0,-0.0,-0.005151,-0.005437,0.0,-0.0,-0.0,-0.003229,-0.0,-0.00493,-0.0,-0.002158,-0.008575,-0.0,-0.0,-0.006654,-0.0,-0.0,-0.0,-0.0,-0.005357,-0.005979,0.0,-0.003234,-0.002567,-0.009662,-0.00965,-0.0,-0.007773,-0.0,-0.006549,-0.002743,0.0,-0.002695,-0.010245,-0.0062,-0.005694,-0.006289,-0.00952,-0.002762,-0.000906,-0.001385,-0.0,-0.000469,-0.004001,-0.004262,-0.006378
2017-06-01 11:22:00+02:00,-0.0,0.0,-0.0,-0.005475,-0.0,-0.0,-0.001809,-0.002995,-0.00542,-0.0,-0.0,-0.0,-0.00599,-0.005735,-0.001917,-0.007823,-0.0,-0.0,-0.0,-0.009587,0.0,-0.009289,-0.004483,-0.0,-0.008033,-0.009224,-0.002704,0.0,-0.001223,-0.0,-0.0,-0.004796,0.0,-0.004136,-0.005158,-0.0,-3e-06,-0.004294,0.0,-0.00986,-0.002697,-0.0,-0.003457,0.0,-0.0,-0.001753,-0.002258,-0.005292,-0.002538,0.0,-0.0,-0.005335,-0.004599,-0.005735,-0.0,0.0,-0.0,-0.0,0.0,-0.001736,-0.005443,-0.008753,-0.00485,0.0,-4e-06,-0.008367,-0.00111,-0.005596,0.0,-0.001013,-0.002403,-0.0,-0.0,-0.005159,-0.005452,0.0,-0.0,-0.0,-0.003228,-0.0,-0.004935,-0.0,-0.002156,-0.008615,-0.0,-0.0,-0.006655,-0.0,-0.0,-0.0,-0.0,-0.005365,-0.00599,0.0,-0.003242,-0.002581,-0.009673,-0.009663,-0.0,-0.007806,-0.0,-0.00656,-0.002737,0.0,-0.002694,-0.010261,-0.006209,-0.005718,-0.006297,-0.009534,-0.002762,-0.000902,-0.001378,-0.0,-0.000462,-0.003997,-0.004266,-0.006384
2017-06-01 11:23:00+02:00,-0.0,0.0,-0.0,-0.005478,-0.0,-0.0,-0.001798,-0.002985,-0.005433,-0.0,-0.0,-0.0,-0.006009,-0.005756,-0.001923,-0.007834,-0.0,-0.0,-0.0,-0.009603,0.0,-0.009306,-0.004476,-0.0,-0.008064,-0.009238,-0.002694,0.0,-0.001213,-0.0,-0.0,-0.004814,0.0,-0.004156,-0.00519,-0.0,-2e-06,-0.004286,0.0,-0.00991,-0.002691,-0.0,-0.003449,0.0,-0.0,-0.00174,-0.00225,-0.00529,-0.002541,0.0,-0.0,-0.005342,-0.004606,-0.005756,-0.0,0.0,-0.0,-0.0,0.0,-0.001719,-0.005447,-0.008795,-0.004851,0.0,-3e-06,-0.008379,-0.001097,-0.005595,0.0,-0.001001,-0.002397,-0.0,-0.0,-0.005172,-0.005475,0.0,-0.0,-0.0,-0.003215,-0.0,-0.004938,-0.0,-0.002145,-0.008656,-0.0,-0.0,-0.006664,-0.0,-0.0,-0.0,-0.0,-0.005371,-0.006009,0.0,-0.003249,-0.002582,-0.009683,-0.009674,-0.0,-0.007836,-0.0,-0.006567,-0.002728,0.0,-0.002687,-0.010293,-0.006226,-0.005736,-0.006301,-0.009547,-0.002755,-0.000891,-0.001367,-0.0,-0.000439,-0.00399,-0.004264,-0.006399
2017-06-01 11:24:00+02:00,-0.0,0.0,-0.0,-0.00551,-0.0,-0.0,-0.001801,-0.002991,-0.005448,-0.0,-0.0,-0.0,-0.006024,-0.005773,-0.00193,-0.007877,-0.0,-0.0,-0.0,-0.009648,0.0,-0.009351,-0.004493,-0.0,-0.008097,-0.009285,-0.002701,0.0,-0.00122,-0.0,-0.0,-0.004832,0.0,-0.004175,-0.005218,-0.0,-2e-06,-0.004302,0.0,-0.00995,-0.0027,-0.0,-0.003464,0.0,-0.0,-0.001752,-0.00226,-0.005306,-0.002544,0.0,-0.0,-0.005365,-0.004632,-0.005773,-0.0,0.0,-0.0,-0.0,0.0,-0.001724,-0.005468,-0.008832,-0.00488,0.0,-3e-06,-0.008424,-0.001098,-0.005612,0.0,-0.001002,-0.002405,-0.0,-0.0,-0.005199,-0.005494,0.0,-0.0,-0.0,-0.003227,-0.0,-0.004961,-0.0,-0.00216,-0.008692,-0.0,-0.0,-0.006668,-0.0,-0.0,-0.0,-0.0,-0.005397,-0.006024,0.0,-0.003271,-0.002587,-0.009727,-0.009719,-0.0,-0.007867,-0.0,-0.006604,-0.002735,0.0,-0.002695,-0.010317,-0.006239,-0.005754,-0.006335,-0.009595,-0.002763,-0.000896,-0.00137,-0.0,-0.000438,-0.004007,-0.004289,-0.006409
2017-06-01 11:25:00+02:00,-0.0,0.0,-0.0,-0.005506,-0.0,-0.0,-0.00179,-0.002983,-0.005445,-0.0,-0.0,-0.0,-0.00604,-0.005792,-0.001924,-0.00788,-0.0,-0.0,-0.0,-0.009659,0.0,-0.009363,-0.004488,-0.0,-0.008104,-0.009293,-0.002693,0.0,-0.001206,-0.0,-0.0,-0.004833,0.0,-0.004178,-0.005229,-0.0,-1e-06,-0.004295,0.0,-0.009959,-0.002696,-0.0,-0.00345,0.0,-0.0,-0.001733,-0.002248,-0.005301,-0.002531,0.0,-0.0,-0.005368,-0.004635,-0.005792,-0.0,0.0,-0.0,-0.0,0.0,-0.001707,-0.005469,-0.008839,-0.004874,0.0,-2e-06,-0.008429,-0.001086,-0.005608,0.0,-0.000991,-0.002395,-0.0,-0.0,-0.005208,-0.005514,0.0,-0.0,-0.0,-0.003216,-0.0,-0.004959,-0.0,-0.002143,-0.008699,-0.0,-0.0,-0.006674,-0.0,-0.0,-0.0,-0.0,-0.0054,-0.00604,0.0,-0.003273,-0.002566,-0.009731,-0.009724,-0.0,-0.00787,-0.0,-0.006604,-0.002724,0.0,-0.002689,-0.010344,-0.006253,-0.005745,-0.006332,-0.009602,-0.002758,-0.000882,-0.001355,-0.0,-0.000416,-0.003995,-0.00428,-0.006421
2017-06-01 11:26:00+02:00,-0.0,0.0,-0.0,-0.005527,-0.0,-0.0,-0.001794,-0.002988,-0.005485,-0.0,-0.0,-0.0,-0.006053,-0.005807,-0.001949,-0.007909,-0.0,-0.0,-0.0,-0.009702,0.0,-0.009406,-0.004504,-0.0,-0.008175,-0.009327,-0.002698,0.0,-0.001208,-0.0,-0.0,-0.004875,0.0,-0.00422,-0.005282,-0.0,-1e-06,-0.00431,0.0,-0.010049,-0.002704,-0.0,-0.003466,0.0,-0.0,-0.001739,-0.002253,-0.005316,-0.002556,0.0,-0.0,-0.00539,-0.004652,-0.005807,-0.0,0.0,-0.0,-0.0,0.0,-0.001714,-0.00549,-0.008921,-0.004893,0.0,-2e-06,-0.00846,-0.001088,-0.005624,0.0,-0.000993,-0.002404,-0.0,-0.0,-0.005235,-0.005531,0.0,-0.0,-0.0,-0.003227,-0.0,-0.004974,-0.0,-0.00215,-0.008779,-0.0,-0.0,-0.006677,-0.0,-0.0,-0.0,-0.0,-0.005418,-0.006053,0.0,-0.003289,-0.002603,-0.009761,-0.009755,-0.0,-0.00794,-0.0,-0.006629,-0.002731,0.0,-0.002696,-0.010364,-0.006263,-0.0058,-0.006354,-0.009636,-0.002766,-0.000883,-0.00136,-0.0,-0.000417,-0.004012,-0.004296,-0.006429
2017-06-01 11:27:00+02:00,-0.0,0.0,-0.0,-0.005525,-0.0,-0.0,-0.001782,-0.002979,-0.005503,-0.0,-0.0,-0.0,-0.006066,-0.005821,-0.001959,-0.007913,-0.0,-0.0,-0.0,-0.009715,0.0,-0.009421,-0.004496,-0.0,-0.00821,-0.009335,-0.002688,0.0,-0.001198,-0.0,-0.0,-0.004897,0.0,-0.004242,-0.005317,-0.0,-1e-06,-0.004299,0.0,-0.010101,-0.002697,-0.0,-0.003458,0.0,-0.0,-0.001724,-0.002243,-0.005314,-0.002563,0.0,-0.0,-0.005397,-0.004656,-0.005821,-0.0,0.0,-0.0,-0.0,0.0,-0.001696,-0.005494,-0.008967,-0.004889,0.0,-1e-06,-0.008465,-0.001076,-0.005623,0.0,-0.000981,-0.002398,-0.0,-0.0,-0.005246,-0.005548,0.0,-0.0,-0.0,-0.003213,-0.0,-0.004974,-0.0,-0.002137,-0.008825,-0.0,-0.0,-0.006679,-0.0,-0.0,-0.0,-0.0,-0.005421,-0.006066,0.0,-0.003292,-0.002612,-0.009764,-0.00976,-0.0,-0.007976,-0.0,-0.00663,-0.002724,0.0,-0.002688,-0.010383,-0.006274,-0.005824,-0.006351,-0.009643,-0.002758,-0.000872,-0.001351,-0.0,-0.000395,-0.004006,-0.004289,-0.006437
2017-06-01 11:28:00+02:00,-0.0,0.0,-0.0,-0.005527,-0.0,-0.0,-0.001778,-0.002975,-0.005501,-0.0,-0.0,-0.0,-0.006073,-0.00583,-0.001958,-0.007918,-0.0,-0.0,-0.0,-0.009728,0.0,-0.009435,-0.004498,-0.0,-0.008217,-0.009343,-0.002685,0.0,-0.001191,-0.0,-0.0,-0.004899,0.0,-0.004247,-0.005328,-0.0,-1e-06,-0.004298,0.0,-0.010112,-0.002696,-0.0,-0.003455,0.0,-0.0,-0.001715,-0.002237,-0.005312,-0.002557,0.0,-0.0,-0.005402,-0.00466,-0.00583,-0.0,0.0,-0.0,-0.0,0.0,-0.00169,-0.005497,-0.008977,-0.004889,0.0,-1e-06,-0.008472,-0.00107,-0.005622,0.0,-0.000976,-0.002395,-0.0,-0.0,-0.005257,-0.005559,0.0,-0.0,-0.0,-0.00321,-0.0,-0.004975,-0.0,-0.00213,-0.008835,-0.0,-0.0,-0.006661,-0.0,-0.0,-0.0,-0.0,-0.005425,-0.006073,0.0,-0.003297,-0.002604,-0.009768,-0.009765,-0.0,-0.00798,-0.0,-0.006634,-0.002718,0.0,-0.002686,-0.010393,-0.006278,-0.005822,-0.006352,-0.00965,-0.002758,-0.000865,-0.001345,-0.0,-0.000385,-0.004003,-0.004287,-0.006439
2017-06-01 11:29:00+02:00,-0.0,0.0,-0.0,-0.005508,-0.0,-0.0,-0.001762,-0.00296,-0.005468,-0.0,-0.0,-0.0,-0.006078,-0.005837,-0.001937,-0.007899,-0.0,-0.0,-0.0,-0.009697,0.0,-0.009408,-0.004481,-0.0,-0.008177,-0.009325,-0.002669,0.0,-0.001174,-0.0,-0.0,-0.004873,0.0,-0.004225,-0.005307,-0.0,-1e-06,-0.004278,0.0,-0.01006,-0.002684,-0.0,-0.003426,0.0,-0.0,-0.001691,-0.00222,-0.005286,-0.002527,0.0,-0.0,-0.005382,-0.00465,-0.005837,-0.0,0.0,-0.0,-0.0,0.0,-0.001668,-0.005475,-0.008931,-0.004869,0.0,-1e-06,-0.008453,-0.001055,-0.005595,0.0,-0.000962,-0.002375,-0.0,-0.0,-0.005243,-0.005568,0.0,-0.0,-0.0,-0.00319,-0.0,-0.00496,-0.0,-0.002108,-0.008789,-0.0,-0.0,-0.006648,-0.0,-0.0,-0.0,-0.0,-0.005413,-0.006078,0.0,-0.003289,-0.002562,-0.009744,-0.009742,-0.0,-0.007936,-0.0,-0.006615,-0.002695,0.0,-0.002672,-0.010399,-0.006281,-0.005774,-0.00633,-0.00963,-0.002745,-0.000848,-0.001325,-0.0,-0.000363,-0.003973,-0.004265,-0.006439
2017-06-01 11:30:00+02:00,-0.0,0.0,-0.0,-0.005505,-0.0,-0.0,-0.001757,-0.002954,-0.005457,-0.0,-0.0,-0.0,-0.006084,-0.005845,-0.001933,-0.007896,-0.0,-0.0,-0.0,-0.009697,0.0,-0.00941,-0.00448,-0.0,-0.008171,-0.009322,-0.002664,0.0,-0.001168,-0.0,-0.0,-0.004867,0.0,-0.004222,-0.005305,-0.0,-0.0,-0.004273,0.0,-0.010045,-0.00268,-0.0,-0.003422,0.0,-0.0,-0.001684,-0.002213,-0.005279,-0.002517,0.0,-0.0,-0.005381,-0.004648,-0.005845,-0.0,0.0,-0.0,-0.0,0.0,-0.001663,-0.005472,-0.00892,-0.004866,0.0,-1e-06,-0.00845,-0.00105,-0.005588,0.0,-0.000958,-0.002371,-0.0,-0.0,-0.005247,-0.005578,0.0,-0.0,-0.0,-0.003185,-0.0,-0.004954,-0.0,-0.002101,-0.008779,-0.0,-0.0,-0.006648,-0.0,-0.0,-0.0,-0.0,-0.005409,-0.006084,0.0,-0.003291,-0.00255,-0.009735,-0.009735,-0.0,-0.007926,-0.0,-0.006613,-0.002689,0.0,-0.002668,-0.010408,-0.006284,-0.005761,-0.006324,-0.009626,-0.002741,-0.000842,-0.00132,-0.0,-0.000357,-0.003968,-0.00426,-0.006441
2017-06-01 11:31:00+02:00,-0.0,0.0,-0.0,-0.005511,-0.0,-0.0,-0.001759,-0.002955,-0.005474,-0.0,-0.0,-0.0,-0.006084,-0.005848,-0.001951,-0.007902,-0.0,-0.0,-0.0,-0.009702,0.0,-0.009418,-0.004487,-0.0,-0.008207,-0.009328,-0.002664,0.0,-0.00117,-0.0,-0.0,-0.004888,0.0,-0.004245,-0.005334,-0.0,-0.0,-0.004278,0.0,-0.010087,-0.002682,-0.0,-0.003426,0.0,-0.0,-0.001688,-0.002213,-0.005276,-0.002533,0.0,-0.0,-0.005384,-0.004653,-0.005848,-0.0,0.0,-0.0,-0.0,0.0,-0.00167,-0.005473,-0.008961,-0.004872,0.0,-1e-06,-0.008455,-0.001053,-0.005585,0.0,-0.000961,-0.002371,-0.0,-0.0,-0.005254,-0.005583,0.0,-0.0,-0.0,-0.003191,-0.0,-0.004956,-0.0,-0.002107,-0.00882,-0.0,-0.0,-0.006619,-0.0,-0.0,-0.0,-0.0,-0.005412,-0.006084,0.0,-0.003297,-0.002579,-0.009736,-0.009737,-0.0,-0.007961,-0.0,-0.006619,-0.002688,0.0,-0.002669,-0.010395,-0.006274,-0.005792,-0.006328,-0.00963,-0.002744,-0.000844,-0.001321,-0.0,-0.000364,-0.003972,-0.004266,-0.006419
2017-06-01 11:32:00+02:00,-0.0,0.0,-0.0,-0.00548,-0.0,-0.0,-0.001748,-0.002938,-0.005461,-0.0,-0.0,-0.0,-0.006018,-0.005793,-0.001952,-0.007859,-0.0,-0.0,-0.0,-0.009653,0.0,-0.009373,-0.004466,-0.0,-0.008193,-0.009279,-0.002649,0.0,-0.001156,-0.0,-0.0,-0.004881,0.0,-0.004242,-0.005334,-0.0,-0.0,-0.004254,0.0,-0.010074,-0.002668,-0.0,-0.0034,0.0,-0.0,-0.001668,-0.002195,-0.005245,-0.00253,0.0,-0.0,-0.005358,-0.00463,-0.005793,-0.0,0.0,-0.0,-0.0,0.0,-0.001658,-0.005444,-0.008952,-0.004843,0.0,-0.0,-0.00841,-0.001045,-0.005553,0.0,-0.000954,-0.002354,-0.0,-0.0,-0.005232,-0.005538,0.0,-0.0,-0.0,-0.003172,-0.0,-0.004928,-0.0,-0.002086,-0.008811,-0.0,-0.0,-0.006544,-0.0,-0.0,-0.0,-0.0,-0.005384,-0.006018,0.0,-0.003282,-0.002579,-0.009679,-0.009682,-0.0,-0.007946,-0.0,-0.006583,-0.002667,0.0,-0.002655,-0.010268,-0.006204,-0.005783,-0.006289,-0.009579,-0.00273,-0.000832,-0.001307,-0.0,-0.000356,-0.003943,-0.004236,-0.006347
2017-06-01 11:33:00+02:00,-0.0,0.0,-0.0,-0.005445,-0.0,-0.0,-0.001737,-0.002921,-0.005441,-0.0,-0.0,-0.0,-0.006019,-0.005794,-0.001952,-0.007809,-0.0,-0.0,-0.0,-0.009591,0.0,-0.009316,-0.004444,-0.0,-0.008169,-0.009221,-0.002633,0.0,-0.001144,-0.0,-0.0,-0.004867,0.0,-0.004233,-0.005327,-0.0,-0.0,-0.00423,0.0,-0.01005,-0.002654,-0.0,-0.003374,0.0,-0.0,-0.001651,-0.002176,-0.005208,-0.002525,0.0,-0.0,-0.005325,-0.004603,-0.005794,-0.0,0.0,-0.0,-0.0,0.0,-0.001649,-0.005409,-0.008933,-0.004811,0.0,-0.0,-0.008358,-0.001039,-0.005513,0.0,-0.000948,-0.002335,-0.0,-0.0,-0.005203,-0.00554,0.0,-0.0,-0.0,-0.003154,-0.0,-0.004896,-0.0,-0.002067,-0.008793,-0.0,-0.0,-0.006537,-0.0,-0.0,-0.0,-0.0,-0.005351,-0.006019,0.0,-0.003264,-0.002578,-0.009613,-0.009617,-0.0,-0.007922,-0.0,-0.006542,-0.002644,0.0,-0.00264,-0.010269,-0.006205,-0.005768,-0.006247,-0.009518,-0.002716,-0.000822,-0.001293,-0.0,-0.000354,-0.003912,-0.004206,-0.006347
2017-06-01 11:34:00+02:00,-0.0,0.0,-0.0,-0.005442,-0.0,-0.0,-0.001736,-0.002914,-0.005423,-0.0,-0.0,-0.0,-0.006029,-0.005805,-0.001952,-0.007798,-0.0,-0.0,-0.0,-0.009582,0.0,-0.009309,-0.004438,-0.0,-0.008149,-0.009203,-0.002628,0.0,-0.001147,-0.0,-0.0,-0.004855,0.0,-0.004226,-0.005319,-0.0,-0.0,-0.004225,0.0,-0.010022,-0.002651,-0.0,-0.003381,0.0,-0.0,-0.001658,-0.002175,-0.0052,-0.002519,0.0,-0.0,-0.005321,-0.004598,-0.005805,-0.0,0.0,-0.0,-0.0,0.0,-0.001656,-0.005403,-0.008911,-0.00481,0.0,-0.0,-0.008344,-0.001042,-0.005504,0.0,-0.000952,-0.002337,-0.0,-0.0,-0.005202,-0.005551,0.0,-0.0,-0.0,-0.003154,-0.0,-0.004887,-0.0,-0.002073,-0.008772,-0.0,-0.0,-0.006545,-0.0,-0.0,-0.0,-0.0,-0.005341,-0.006029,0.0,-0.003265,-0.002578,-0.009589,-0.009594,-0.0,-0.007902,-0.0,-0.006536,-0.002645,0.0,-0.002636,-0.010286,-0.006214,-0.005755,-0.00624,-0.009498,-0.002711,-0.000826,-0.001299,-0.0,-0.000364,-0.003918,-0.004207,-0.006355
2017-06-01 11:35:00+02:00,-0.0,0.0,-0.0,-0.005446,-0.0,-0.0,-0.001738,-0.002905,-0.005432,-0.0,-0.0,-0.0,-0.005987,-0.005769,-0.001973,-0.00779,-0.0,-0.0,-0.0,-0.009581,0.0,-0.009311,-0.004429,-0.0,-0.00817,-0.009184,-0.002623,0.0,-0.001157,-0.0,-0.0,-0.004869,0.0,-0.004243,-0.005337,-0.0,-0.0,-0.004218,0.0,-0.010043,-0.002648,-0.0,-0.0034,0.0,-0.0,-0.001676,-0.002181,-0.005199,-0.002539,0.0,-0.0,-0.005324,-0.004595,-0.005769,-0.0,0.0,-0.0,-0.0,0.0,-0.001668,-0.005404,-0.008935,-0.004817,0.0,-0.0,-0.008332,-0.001049,-0.005502,0.0,-0.000959,-0.002348,-0.0,-0.0,-0.005207,-0.00552,0.0,-0.0,-0.0,-0.003155,-0.0,-0.004881,-0.0,-0.00209,-0.008797,-0.0,-0.0,-0.006484,-0.0,-0.0,-0.0,-0.0,-0.005333,-0.005987,0.0,-0.003269,-0.002614,-0.009563,-0.009568,-0.0,-0.007923,-0.0,-0.006535,-0.002654,0.0,-0.002632,-0.010202,-0.006167,-0.005782,-0.006238,-0.009476,-0.002706,-0.000838,-0.001313,-0.0,-0.000382,-0.003935,-0.004215,-0.006303
2017-06-01 11:36:00+02:00,-0.0,0.0,-0.0,-0.005408,-0.0,-0.0,-0.001718,-0.002879,-0.005402,-0.0,-0.0,-0.0,-0.006002,-0.005784,-0.001962,-0.007742,-0.0,-0.0,-0.0,-0.009532,0.0,-0.009266,-0.004395,-0.0,-0.008133,-0.00913,-0.002599,0.0,-0.00114,-0.0,-0.0,-0.004846,0.0,-0.004226,-0.005319,-0.0,-0.0,-0.004182,0.0,-0.009999,-0.002626,-0.0,-0.003373,0.0,-0.0,-0.00165,-0.002158,-0.005166,-0.002521,0.0,-0.0,-0.005296,-0.004568,-0.005784,-0.0,0.0,-0.0,-0.0,0.0,-0.001644,-0.005374,-0.008897,-0.004781,0.0,-0.0,-0.008281,-0.001033,-0.005468,0.0,-0.000945,-0.002329,-0.0,-0.0,-0.005184,-0.005535,0.0,-0.0,-0.0,-0.003125,-0.0,-0.004849,-0.0,-0.002063,-0.008759,-0.0,-0.0,-0.006497,-0.0,-0.0,-0.0,-0.0,-0.005301,-0.006002,0.0,-0.003249,-0.002594,-0.009502,-0.009508,-0.0,-0.007885,-0.0,-0.006492,-0.002632,0.0,-0.002609,-0.010228,-0.006181,-0.005749,-0.006193,-0.009418,-0.002683,-0.000821,-0.001297,-0.0,-0.000364,-0.003905,-0.00418,-0.006317
2017-06-01 11:37:00+02:00,-0.0,0.0,-0.0,-0.005464,-0.0,-0.0,-0.001751,-0.002915,-0.005443,-0.0,-0.0,-0.0,-0.006026,-0.005809,-0.001997,-0.007808,-0.0,-0.0,-0.0,-0.009587,0.0,-0.009321,-0.004457,-0.0,-0.008204,-0.009203,-0.002633,0.0,-0.001167,-0.0,-0.0,-0.00489,0.0,-0.00427,-0.005371,-0.0,-0.0,-0.004241,0.0,-0.010082,-0.002661,-0.0,-0.003412,0.0,-0.0,-0.001695,-0.002186,-0.005192,-0.002557,0.0,-0.0,-0.005328,-0.004608,-0.005809,-0.0,0.0,-0.0,-0.0,0.0,-0.001697,-0.005404,-0.008977,-0.004835,0.0,-0.0,-0.00835,-0.001065,-0.005495,0.0,-0.000976,-0.002353,-0.0,-0.0,-0.005219,-0.005561,0.0,-0.0,-0.0,-0.003182,-0.0,-0.004888,-0.0,-0.002108,-0.008838,-0.0,-0.0,-0.006518,-0.0,-0.0,-0.0,-0.0,-0.005343,-0.006026,0.0,-0.003285,-0.002652,-0.009572,-0.00958,-0.0,-0.007959,-0.0,-0.006553,-0.002654,0.0,-0.002644,-0.010271,-0.006206,-0.005816,-0.006252,-0.009492,-0.00272,-0.000848,-0.001319,-0.0,-0.000413,-0.003946,-0.004232,-0.00634
2017-06-01 11:38:00+02:00,-0.0,0.0,-0.0,-0.005448,-0.0,-0.0,-0.001728,-0.002886,-0.005451,-0.0,-0.0,-0.0,-0.006046,-0.005829,-0.002001,-0.007793,-0.0,-0.0,-0.0,-0.009604,0.0,-0.009339,-0.004417,-0.0,-0.008226,-0.009185,-0.002607,0.0,-0.001149,-0.0,-0.0,-0.004901,0.0,-0.004284,-0.005397,-0.0,-0.0,-0.004205,0.0,-0.01012,-0.002639,-0.0,-0.003405,0.0,-0.0,-0.001668,-0.002169,-0.005193,-0.002557,0.0,-0.0,-0.005335,-0.0046,-0.005829,-0.0,0.0,-0.0,-0.0,0.0,-0.001668,-0.00541,-0.00901,-0.004817,0.0,-0.0,-0.008335,-0.001045,-0.005496,0.0,-0.000957,-0.002347,-0.0,-0.0,-0.005232,-0.005582,0.0,-0.0,-0.0,-0.003148,-0.0,-0.004875,-0.0,-0.002084,-0.00887,-0.0,-0.0,-0.006532,-0.0,-0.0,-0.0,-0.0,-0.005332,-0.006046,0.0,-0.003279,-0.00265,-0.009549,-0.009558,-0.0,-0.007978,-0.0,-0.006538,-0.002647,0.0,-0.00262,-0.010305,-0.006224,-0.005826,-0.006234,-0.009472,-0.002694,-0.00083,-0.00131,-0.0,-0.000381,-0.003939,-0.004212,-0.006357
2017-06-01 11:39:00+02:00,-0.0,0.0,-0.0,-0.005404,-0.0,-0.0,-0.001684,-0.002827,-0.005457,-0.0,-0.0,-0.0,-0.006059,-0.005844,-0.002003,-0.007742,-0.0,-0.0,-0.0,-0.009607,0.0,-0.009345,-0.004334,-0.0,-0.008247,-0.009125,-0.002557,0.0,-0.001118,-0.0,-0.0,-0.004911,0.0,-0.004296,-0.005417,-0.0,-0.0,-0.004129,0.0,-0.010148,-0.002592,-0.0,-0.003392,0.0,-0.0,-0.001621,-0.002136,-0.005185,-0.002555,0.0,-0.0,-0.005334,-0.00457,-0.005844,-0.0,0.0,-0.0,-0.0,0.0,-0.001609,-0.005406,-0.009035,-0.004773,0.0,-0.0,-0.008281,-0.001006,-0.00549,0.0,-0.000919,-0.002337,-0.0,-0.0,-0.005236,-0.005598,0.0,-0.0,-0.0,-0.003078,-0.0,-0.00484,-0.0,-0.002038,-0.008896,-0.0,-0.0,-0.00654,-0.0,-0.0,-0.0,-0.0,-0.005295,-0.006059,0.0,-0.003257,-0.002647,-0.00948,-0.00949,-0.0,-0.007996,-0.0,-0.006492,-0.002635,0.0,-0.002572,-0.01033,-0.006236,-0.005833,-0.006185,-0.009408,-0.002641,-0.000799,-0.001297,-0.0,-0.000322,-0.003926,-0.004166,-0.006368
2017-06-01 11:40:00+02:00,-0.0,0.0,-0.0,-0.005381,-0.0,-0.0,-0.001643,-0.002778,-0.005469,-0.0,-0.0,-0.0,-0.006092,-0.005879,-0.002009,-0.007723,-0.0,-0.0,-0.0,-0.009629,0.0,-0.009368,-0.004266,-0.0,-0.00828,-0.009103,-0.002514,0.0,-0.001091,-0.0,-0.0,-0.004928,0.0,-0.004315,-0.005451,-0.0,-0.0,-0.004066,0.0,-0.010201,-0.002553,-0.0,-0.00338,0.0,-0.0,-0.001581,-0.002111,-0.005185,-0.002557,0.0,-0.0,-0.005343,-0.004558,-0.005879,-0.0,0.0,-0.0,-0.0,0.0,-0.00155,-0.005412,-0.009081,-0.004747,0.0,-0.0,-0.008262,-0.000968,-0.005491,0.0,-0.000881,-0.002328,-0.0,-0.0,-0.005251,-0.005634,0.0,-0.0,-0.0,-0.003016,-0.0,-0.004823,-0.0,-0.002001,-0.008942,-0.0,-0.0,-0.006566,-0.0,-0.0,-0.0,-0.0,-0.005279,-0.006092,0.0,-0.003247,-0.002648,-0.009452,-0.009463,-0.0,-0.008028,-0.0,-0.006471,-0.002626,0.0,-0.002531,-0.010389,-0.006267,-0.005853,-0.006161,-0.009383,-0.002597,-0.000771,-0.001283,-0.0,-0.000259,-0.003917,-0.004136,-0.006398
2017-06-01 11:41:00+02:00,-0.0,0.0,-0.0,-0.005424,-0.0,-0.0,-0.001634,-0.002768,-0.005536,-0.0,-0.0,-0.0,-0.006117,-0.005904,-0.00205,-0.007779,-0.0,-0.0,-0.0,-0.009709,0.0,-0.009447,-0.004256,-0.0,-0.008392,-0.009162,-0.002506,0.0,-0.001101,-0.0,-0.0,-0.004995,0.0,-0.004379,-0.005514,-0.0,-0.0,-0.00406,0.0,-0.010297,-0.002548,-0.0,-0.003419,0.0,-0.0,-0.001599,-0.002126,-0.005223,-0.0026,0.0,-0.0,-0.005386,-0.004592,-0.005904,-0.0,0.0,-0.0,-0.0,0.0,-0.00154,-0.005454,-0.009205,-0.004787,0.0,-0.0,-0.008321,-0.00096,-0.00553,0.0,-0.000874,-0.002352,-0.0,-0.0,-0.005298,-0.00566,0.0,-0.0,-0.0,-0.003007,-0.0,-0.004854,-0.0,-0.002022,-0.009063,-0.0,-0.0,-0.006583,-0.0,-0.0,-0.0,-0.0,-0.005314,-0.006117,0.0,-0.003276,-0.002708,-0.009509,-0.00952,-0.0,-0.008139,-0.0,-0.006521,-0.002649,0.0,-0.002525,-0.010431,-0.00629,-0.005944,-0.006208,-0.009442,-0.00259,-0.00078,-0.001299,-0.0,-0.000243,-0.003959,-0.004171,-0.006419
2017-06-01 11:42:00+02:00,-0.0,0.0,-0.0,-0.005409,-0.0,-0.0,-0.001609,-0.002741,-0.00555,-0.0,-0.0,-0.0,-0.006138,-0.005927,-0.002053,-0.007768,-0.0,-0.0,-0.0,-0.009749,0.0,-0.009487,-0.00422,-0.0,-0.008425,-0.009147,-0.002482,0.0,-0.001081,-0.0,-0.0,-0.005012,0.0,-0.004397,-0.005548,-0.0,-0.0,-0.004025,0.0,-0.010351,-0.002527,-0.0,-0.003423,0.0,-0.0,-0.001568,-0.002108,-0.005236,-0.002599,0.0,-0.0,-0.005406,-0.004586,-0.005927,-0.0,0.0,-0.0,-0.0,0.0,-0.001503,-0.005472,-0.009245,-0.004769,0.0,-0.0,-0.008308,-0.000936,-0.005544,0.0,-0.000849,-0.002353,-0.0,-0.0,-0.005323,-0.005684,0.0,-0.0,-0.0,-0.002971,-0.0,-0.004844,-0.0,-0.001994,-0.009103,-0.0,-0.0,-0.006597,-0.0,-0.0,-0.0,-0.0,-0.005303,-0.006138,0.0,-0.003272,-0.002702,-0.009487,-0.0095,-0.0,-0.008168,-0.0,-0.006508,-0.002651,0.0,-0.002502,-0.010467,-0.00631,-0.005957,-0.006192,-0.009424,-0.002566,-0.000759,-0.001295,-0.0,-0.0002,-0.003966,-0.00415,-0.006436
2017-06-01 11:43:00+02:00,-0.0,0.0,-0.0,-0.005429,-0.0,-0.0,-0.001598,-0.002727,-0.005557,-0.0,-0.0,-0.0,-0.006166,-0.005957,-0.002049,-0.007799,-0.0,-0.0,-0.0,-0.009805,0.0,-0.009544,-0.004206,-0.0,-0.008448,-0.009181,-0.002471,0.0,-0.001078,-0.0,-0.0,-0.005022,0.0,-0.004409,-0.005575,-0.0,-0.0,-0.004013,0.0,-0.010393,-0.002519,-0.0,-0.003443,0.0,-0.0,-0.001565,-0.002109,-0.005257,-0.00259,0.0,-0.0,-0.005435,-0.004604,-0.005957,-0.0,0.0,-0.0,-0.0,0.0,-0.001487,-0.005499,-0.009275,-0.004786,0.0,-0.0,-0.008341,-0.000924,-0.005568,0.0,-0.000838,-0.002364,-0.0,-0.0,-0.005356,-0.005715,0.0,-0.0,-0.0,-0.002958,-0.0,-0.004858,-0.0,-0.001994,-0.009133,-0.0,-0.0,-0.006617,-0.0,-0.0,-0.0,-0.0,-0.005321,-0.006166,0.0,-0.003287,-0.002687,-0.009518,-0.009531,-0.0,-0.008187,-0.0,-0.006534,-0.002661,0.0,-0.002492,-0.010516,-0.006336,-0.005959,-0.006214,-0.009457,-0.002555,-0.000754,-0.001299,-0.0,-0.000178,-0.003988,-0.004163,-0.00646
2017-06-01 11:44:00+02:00,-0.0,0.0,-0.0,-0.00547,-0.0,-0.0,-0.001603,-0.002735,-0.005579,-0.0,-0.0,-0.0,-0.006193,-0.005985,-0.002056,-0.007855,-0.0,-0.0,-0.0,-0.009889,0.0,-0.009628,-0.004226,-0.0,-0.008495,-0.009243,-0.002479,0.0,-0.001084,-0.0,-0.0,-0.005047,0.0,-0.004434,-0.005618,-0.0,-0.0,-0.004034,0.0,-0.010463,-0.00253,-0.0,-0.003479,0.0,-0.0,-0.001577,-0.002121,-0.005294,-0.002594,0.0,-0.0,-0.005479,-0.004637,-0.005985,-0.0,0.0,-0.0,-0.0,0.0,-0.001495,-0.005541,-0.009332,-0.004822,0.0,-0.0,-0.0084,-0.000927,-0.005606,0.0,-0.000841,-0.002386,-0.0,-0.0,-0.005405,-0.005746,0.0,-0.0,-0.0,-0.002973,-0.0,-0.004888,-0.0,-0.002009,-0.009189,-0.0,-0.0,-0.006635,-0.0,-0.0,-0.0,-0.0,-0.005354,-0.006193,0.0,-0.003315,-0.002689,-0.009577,-0.009592,-0.0,-0.008232,-0.0,-0.006583,-0.002683,0.0,-0.002502,-0.010564,-0.006361,-0.005985,-0.006259,-0.009519,-0.002564,-0.000759,-0.001313,-0.0,-0.000176,-0.004029,-0.004194,-0.006483
2017-06-01 11:45:00+02:00,-0.0,0.0,-0.0,-0.005488,-0.0,-0.0,-0.0016,-0.002733,-0.005587,-0.0,-0.0,-0.0,-0.006206,-0.006,-0.002056,-0.007882,-0.0,-0.0,-0.0,-0.009931,0.0,-0.009671,-0.00423,-0.0,-0.00852,-0.009273,-0.002479,0.0,-0.001082,-0.0,-0.0,-0.005058,0.0,-0.004447,-0.005641,-0.0,-0.0,-0.004038,0.0,-0.010498,-0.002532,-0.0,-0.003491,0.0,-0.0,-0.001575,-0.002121,-0.005309,-0.002589,0.0,-0.0,-0.005501,-0.004652,-0.006,-0.0,0.0,-0.0,-0.0,0.0,-0.001491,-0.00556,-0.00936,-0.004837,0.0,-0.0,-0.008429,-0.000923,-0.005623,0.0,-0.000837,-0.002392,-0.0,-0.0,-0.005431,-0.005763,0.0,-0.0,-0.0,-0.002974,-0.0,-0.0049,-0.0,-0.00201,-0.009218,-0.0,-0.0,-0.006639,-0.0,-0.0,-0.0,-0.0,-0.00537,-0.006206,0.0,-0.003328,-0.00268,-0.009602,-0.009618,-0.0,-0.008252,-0.0,-0.006605,-0.002689,0.0,-0.002503,-0.010587,-0.006371,-0.00599,-0.006277,-0.009548,-0.002564,-0.000755,-0.001314,-0.0,-0.000166,-0.004043,-0.004204,-0.006492
2017-06-01 11:46:00+02:00,-0.0,0.0,-0.0,-0.005439,-0.0,-0.0,-0.001612,-0.002755,-0.005618,-0.0,-0.0,-0.0,-0.00623,-0.006026,-0.00207,-0.007822,-0.0,-0.0,-0.0,-0.009961,0.0,-0.009701,-0.004272,-0.0,-0.008583,-0.009195,-0.002496,0.0,-0.001048,-0.0,-0.0,-0.005093,0.0,-0.00448,-0.005683,-0.0,-0.0,-0.004073,0.0,-0.010566,-0.002551,-0.0,-0.003496,0.0,-0.0,-0.001523,-0.002086,-0.005315,-0.002601,0.0,-0.0,-0.005513,-0.004616,-0.006026,-0.0,0.0,-0.0,-0.0,0.0,-0.001506,-0.00557,-0.00942,-0.004788,0.0,-0.0,-0.008364,-0.000931,-0.005629,0.0,-0.000845,-0.002393,-0.0,-0.0,-0.005449,-0.00579,0.0,-0.0,-0.0,-0.003001,-0.0,-0.004858,-0.0,-0.00196,-0.009278,-0.0,-0.0,-0.006654,-0.0,-0.0,-0.0,-0.0,-0.005323,-0.00623,0.0,-0.003302,-0.002696,-0.009516,-0.009531,-0.0,-0.008312,-0.0,-0.006552,-0.002689,0.0,-0.002522,-0.01063,-0.006393,-0.006027,-0.006223,-0.009464,-0.002585,-0.000722,-0.001311,-0.0,-0.000173,-0.004049,-0.004154,-0.006511
2017-06-01 11:47:00+02:00,-0.0,0.0,-0.0,-0.005467,-0.0,-0.0,-0.001642,-0.002796,-0.005655,-0.0,-0.0,-0.0,-0.006143,-0.005951,-0.002101,-0.007844,-0.0,-0.0,-0.0,-0.009996,0.0,-0.009739,-0.004341,-0.0,-0.00865,-0.009211,-0.002527,0.0,-0.001067,-0.0,-0.0,-0.005133,0.0,-0.004517,-0.005691,-0.0,-0.0,-0.004125,0.0,-0.01054,-0.002581,-0.0,-0.003535,0.0,-0.0,-0.001554,-0.002102,-0.005334,-0.002632,0.0,-0.0,-0.005535,-0.00463,-0.005951,-0.0,0.0,-0.0,-0.0,0.0,-0.00155,-0.005591,-0.00948,-0.004817,0.0,-0.0,-0.008384,-0.000957,-0.005648,0.0,-0.000871,-0.002416,-0.0,-0.0,-0.005473,-0.005726,0.0,-0.0,-0.0,-0.003051,-0.0,-0.00487,-0.0,-0.00199,-0.009339,-0.0,-0.0,-0.006524,-0.0,-0.0,-0.0,-0.0,-0.005334,-0.006143,0.0,-0.00332,-0.002747,-0.009524,-0.00954,-0.0,-0.008374,-0.0,-0.006578,-0.002711,0.0,-0.002553,-0.010468,-0.006294,-0.006081,-0.006247,-0.009476,-0.002624,-0.00074,-0.001334,-0.0,-0.000215,-0.004087,-0.004182,-0.006402
2017-06-01 11:48:00+02:00,-0.0,0.0,-0.0,-0.005366,-0.0,-0.0,-0.001618,-0.002772,-0.005571,-0.0,-0.0,-0.0,-0.00609,-0.005901,-0.002051,-0.007713,-0.0,-0.0,-0.0,-0.009868,0.0,-0.009618,-0.004309,-0.0,-0.008529,-0.009062,-0.002498,0.0,-0.001022,-0.0,-0.0,-0.005057,0.0,-0.00445,-0.005624,-0.0,-0.0,-0.00408,0.0,-0.010411,-0.002552,-0.0,-0.003467,0.0,-0.0,-0.001485,-0.002047,-0.00526,-0.00257,0.0,-0.0,-0.005464,-0.004554,-0.005901,-0.0,0.0,-0.0,-0.0,0.0,-0.001516,-0.005517,-0.009346,-0.00472,0.0,-0.0,-0.008246,-0.000936,-0.005572,0.0,-0.000851,-0.00237,-0.0,-0.0,-0.005406,-0.00568,0.0,-0.0,-0.0,-0.003012,-0.0,-0.004788,-0.0,-0.001919,-0.009209,-0.0,-0.0,-0.006464,-0.0,-0.0,-0.0,-0.0,-0.005247,-0.00609,0.0,-0.003261,-0.002663,-0.009365,-0.009381,-0.0,-0.008247,-0.0,-0.006463,-0.002661,0.0,-0.002525,-0.010376,-0.006239,-0.005966,-0.006131,-0.00932,-0.002601,-0.000699,-0.001297,-0.0,-0.00019,-0.004013,-0.004089,-0.006346
2017-06-01 11:49:00+02:00,-0.0,0.0,-0.0,-0.00513,-0.0,-0.0,-0.001567,-0.002683,-0.005336,-0.0,-0.0,-0.0,-0.005046,-0.004877,-0.001954,-0.007367,-0.0,-0.0,-0.0,-0.008578,0.0,-0.008488,-0.004166,-0.0,-0.008166,-0.00854,-0.002415,0.0,-0.000971,-0.0,-0.0,-0.004841,0.0,-0.004256,-0.004682,-0.0,-0.0,-0.003932,0.0,-0.008578,-0.002466,-0.0,-0.003317,0.0,-0.0,-0.001407,-0.001954,-0.005043,-0.002453,0.0,-0.0,-0.005183,-0.004355,-0.004877,-0.0,0.0,-0.0,-0.0,0.0,-0.001469,-0.005282,-0.008488,-0.004509,0.0,-0.0,-0.007876,-0.000909,-0.005342,0.0,-0.000828,-0.002269,-0.0,-0.0,-0.004877,-0.004682,0.0,-0.0,-0.0,-0.002907,-0.0,-0.00458,-0.0,-0.001825,-0.008359,-0.0,-0.0,-0.005398,-0.0,-0.0,-0.0,-0.0,-0.005019,-0.005046,0.0,-0.003116,-0.002531,-0.008611,-0.008613,-0.0,-0.007877,-0.0,-0.006174,-0.002549,0.0,-0.00244,-0.00854,-0.005183,-0.005688,-0.005849,-0.008578,-0.002515,-0.000661,-0.00124,-0.0,-0.000198,-0.003836,-0.0039,-0.005282
2017-06-01 11:50:00+02:00,-0.0,0.0,-0.0,-0.004548,-0.0,-0.0,-0.001365,-0.002405,-0.004842,-0.0,-0.0,-0.0,-0.004718,-0.004559,-0.001724,-0.006598,-0.0,-0.0,-0.0,-0.007874,0.0,-0.007781,-0.00373,-0.0,-0.007407,-0.007687,-0.002153,0.0,-0.000777,-0.0,-0.0,-0.004385,0.0,-0.00385,-0.004343,-0.0,-0.0,-0.003499,0.0,-0.00796,-0.002201,-0.0,-0.00291,0.0,-0.0,-0.001126,-0.001683,-0.004568,-0.002176,0.0,-0.0,-0.004707,-0.003905,-0.004559,-0.0,0.0,-0.0,-0.0,0.0,-0.00122,-0.004792,-0.007759,-0.003972,0.0,-0.0,-0.007066,-0.000755,-0.004846,0.0,-0.00068,-0.002001,-0.0,-0.0,-0.004459,-0.004375,0.0,-0.0,-0.0,-0.002551,-0.0,-0.004109,-0.0,-0.001494,-0.00765,-0.0,-0.0,-0.005051,-0.0,-0.0,-0.0,-0.0,-0.004512,-0.004718,0.0,-0.002771,-0.002186,-0.007768,-0.007771,-0.0,-0.007122,-0.0,-0.005504,-0.002258,0.0,-0.002176,-0.00797,-0.004847,-0.005101,-0.005197,-0.007741,-0.002249,-0.000529,-0.001048,-0.0,-0.000158,-0.003384,-0.003405,-0.004942
2017-06-01 11:51:00+02:00,-0.0,0.0,-0.0,-0.00421,-0.0,-0.0,-0.001263,-0.002255,-0.004551,-0.0,-0.0,-0.0,-0.004786,-0.004518,-0.001603,-0.006139,-0.0,-0.0,-0.0,-0.007525,0.0,-0.007424,-0.003497,-0.0,-0.006963,-0.007172,-0.002012,0.0,-0.000673,-0.0,-0.0,-0.00412,0.0,-0.003617,-0.004178,-0.0,-0.0,-0.003268,0.0,-0.007662,-0.00206,-0.0,-0.002709,0.0,-0.0,-0.000963,-0.001532,-0.004306,-0.002025,0.0,-0.0,-0.004446,-0.003637,-0.00462,-0.0,0.0,-0.0,-0.0,0.0,-0.001103,-0.00452,-0.007356,-0.003664,0.0,-0.0,-0.006578,-0.000682,-0.00457,0.0,-0.000612,-0.001866,-0.0,-0.0,-0.004244,-0.004294,0.0,-0.0,-0.0,-0.002368,-0.0,-0.003825,-0.0,-0.001317,-0.007256,-0.0,-0.0,-0.00505,-0.0,-0.0,-0.0,-0.0,-0.004205,-0.004743,0.0,-0.00257,-0.00201,-0.007265,-0.00727,-0.0,-0.006686,-0.0,-0.00511,-0.00211,0.0,-0.002035,-0.008075,-0.004892,-0.004772,-0.004815,-0.007242,-0.002108,-0.000433,-0.000959,-0.0,-0.000126,-0.003157,-0.003124,-0.004938
2017-06-01 11:52:00+02:00,-0.0,0.0,-0.000386,-0.004793,-0.000364,-0.0,-0.001598,-0.002608,-0.004961,-3e-05,-0.0,-0.0,-0.005089,-0.004838,-0.001937,-0.006764,-8.3e-05,-0.0,-0.0,-0.00818,0.0,-0.008068,-0.004063,-0.0,-0.007612,-0.007821,-0.002357,0.0,-0.001013,-0.0,-0.0,-0.00452,0.0,-0.003996,-0.004523,-0.0,-0.000452,-0.003841,0.0,-0.00829,-0.002403,-0.0,-0.003281,0.0,-0.000306,-0.00151,-0.001883,-0.004707,-0.002397,0.0,-0.0,-0.004846,-0.004003,-0.00492,-0.0,0.0,-0.000258,-0.0,0.0,-0.001635,-0.004925,-0.008014,-0.004245,0.0,-0.000422,-0.007208,-0.001008,-0.004976,0.0,-0.000936,-0.002223,-0.0,-0.0,-0.004619,-0.004616,0.0,-4.9e-05,-0.0,-0.002925,-0.0,-0.004202,-0.0,-0.001864,-0.00789,-0.000103,-0.000139,-0.005369,-0.0,-0.0,-0.0,-0.000183,-0.004582,-0.005055,0.0,-0.002906,-0.002599,-0.007947,-0.007954,-0.0,-0.007358,-0.0,-0.005717,-0.002474,0.0,-0.00238,-0.008607,-0.005203,-0.005412,-0.005429,-0.007921,-0.002454,-0.000764,-0.001304,-0.0,-0.000613,-0.003748,-0.003707,-0.005259
2017-06-01 11:53:00+02:00,-0.0,0.0,-0.000661,-0.00542,-0.000621,-0.0,-0.001897,-0.002954,-0.005316,-2.4e-05,-0.0,-0.0,-0.005354,-0.005117,-0.002286,-0.007502,-6.7e-05,-0.0,-0.0,-0.008744,0.0,-0.008621,-0.004619,-0.0,-0.008191,-0.008443,-0.002689,0.0,-0.001316,-0.0,-0.0,-0.004926,0.0,-0.004443,-0.004821,-0.0,-0.00083,-0.004396,0.0,-0.008832,-0.002737,-0.0,-0.003817,0.0,-0.000508,-0.001995,-0.002223,-0.005117,-0.00279,0.0,-0.0,-0.005187,-0.004436,-0.005182,-0.0,0.0,-0.00041,-0.0,0.0,-0.002084,-0.005269,-0.008578,-0.004852,0.0,-0.000733,-0.007952,-0.001281,-0.005333,0.0,-0.001205,-0.00256,-0.0,-0.0,-0.004942,-0.004895,0.0,-3.9e-05,-0.0,-0.003437,-0.0,-0.004647,-0.0,-0.00236,-0.008435,-0.000113,-0.000178,-0.005643,-0.0,-0.0,-0.0,-0.0003,-0.004976,-0.005327,0.0,-0.003275,-0.003184,-0.008568,-0.008575,-0.0,-0.008087,-0.0,-0.006399,-0.002824,0.0,-0.002714,-0.009071,-0.005473,-0.006141,-0.006105,-0.008537,-0.002791,-0.001049,-0.001601,-0.0,-0.000989,-0.004313,-0.004298,-0.005537
2017-06-01 11:54:00+02:00,-0.0,0.0,-0.000617,-0.005667,-0.000575,-0.0,-0.001978,-0.003076,-0.005592,-1.9e-05,-0.0,-0.0,-0.005559,-0.005333,-0.002418,-0.007831,-5.4e-05,-0.0,-0.0,-0.009182,0.0,-0.009051,-0.004818,-0.0,-0.008643,-0.008866,-0.002799,0.0,-0.001392,-0.0,-0.0,-0.005186,0.0,-0.004668,-0.005053,-0.0,-0.000852,-0.004584,0.0,-0.009252,-0.002851,-0.0,-0.003987,0.0,-0.000417,-0.002114,-0.00233,-0.005329,-0.002941,0.0,-0.0,-0.005435,-0.00463,-0.005386,-0.0,0.0,-0.000328,-0.0,0.0,-0.002182,-0.00551,-0.009017,-0.005078,0.0,-0.000724,-0.008303,-0.001339,-0.005569,0.0,-0.001261,-0.00267,-0.0,-0.0,-0.005193,-0.005113,0.0,-3.1e-05,-0.0,-0.003588,-0.0,-0.004844,-0.0,-0.002494,-0.008858,-9.1e-05,-0.000143,-0.005855,-0.0,-0.0,-0.0,-0.00024,-0.005206,-0.005537,0.0,-0.003426,-0.003381,-0.009023,-0.009034,-0.0,-0.008509,-0.0,-0.006685,-0.002943,0.0,-0.002826,-0.009429,-0.005682,-0.006458,-0.006379,-0.008994,-0.002908,-0.001111,-0.001676,-0.0,-0.001026,-0.004503,-0.004504,-0.005751
2017-06-01 11:55:00+02:00,-0.0,0.0,-0.000494,-0.005691,-0.00046,-0.0,-0.001937,-0.003062,-0.005712,-1.6e-05,-0.0,-0.0,-0.005722,-0.005506,-0.002431,-0.007911,-4.3e-05,-0.0,-0.0,-0.009469,0.0,-0.009316,-0.004802,-0.0,-0.008835,-0.009016,-0.002777,0.0,-0.001346,-0.0,-0.0,-0.005287,0.0,-0.004748,-0.005239,-0.0,-0.000701,-0.004554,0.0,-0.009586,-0.002833,-0.0,-0.003957,0.0,-0.000334,-0.002036,-0.002307,-0.005385,-0.002955,0.0,-0.0,-0.005522,-0.004677,-0.005548,-0.0,0.0,-0.000262,-0.0,0.0,-0.002095,-0.005589,-0.009315,-0.005085,0.0,-0.000579,-0.008399,-0.001284,-0.005642,0.0,-0.001205,-0.002654,-0.0,-0.0,-0.005326,-0.005287,0.0,-2.5e-05,-0.0,-0.003534,-0.0,-0.00489,-0.0,-0.002431,-0.009159,-7.2e-05,-0.000114,-0.006022,-0.0,-0.0,-0.0,-0.000192,-0.005276,-0.005705,0.0,-0.003449,-0.003369,-0.009194,-0.009208,-0.0,-0.008668,-0.0,-0.006734,-0.002931,0.0,-0.002805,-0.009715,-0.005848,-0.006536,-0.006416,-0.009168,-0.002893,-0.001055,-0.001634,-0.0,-0.000893,-0.004484,-0.004493,-0.005922
2017-06-01 11:56:00+02:00,-0.0,0.0,-0.000395,-0.005643,-0.000368,-0.0,-0.001881,-0.003027,-0.005759,-1.2e-05,-0.0,-0.0,-0.005846,-0.005638,-0.002403,-0.007898,-3.4e-05,-0.0,-0.0,-0.009623,0.0,-0.009453,-0.004751,-0.0,-0.008911,-0.009053,-0.002736,0.0,-0.001273,-0.0,-0.0,-0.005321,0.0,-0.004769,-0.005383,-0.0,-0.000561,-0.004492,0.0,-0.00984,-0.002795,-0.0,-0.003874,0.0,-0.000267,-0.001915,-0.00225,-0.005385,-0.002924,0.0,-0.0,-0.005549,-0.004671,-0.005672,-0.0,0.0,-0.00021,-0.0,0.0,-0.001987,-0.005608,-0.009471,-0.005025,0.0,-0.000463,-0.008396,-0.001217,-0.005656,0.0,-0.001137,-0.002604,-0.0,-0.0,-0.005392,-0.005421,0.0,-2e-05,-0.0,-0.003453,-0.0,-0.00488,-0.0,-0.002322,-0.009319,-5.8e-05,-9.1e-05,-0.006147,-0.0,-0.0,-0.0,-0.000154,-0.005285,-0.005833,0.0,-0.003429,-0.003294,-0.009245,-0.009262,-0.0,-0.008715,-0.0,-0.006702,-0.002883,0.0,-0.002766,-0.009931,-0.005973,-0.006523,-0.006374,-0.009222,-0.002857,-0.000974,-0.001566,-0.0,-0.000751,-0.004407,-0.004419,-0.006051
2017-06-01 11:57:00+02:00,-0.0,0.0,-0.000316,-0.005604,-0.000295,-0.0,-0.001828,-0.002989,-0.005769,-1e-05,-0.0,-0.0,-0.005949,-0.005747,-0.002363,-0.007885,-2.7e-05,-0.0,-0.0,-0.009742,0.0,-0.009559,-0.004695,-0.0,-0.008928,-0.009079,-0.002693,0.0,-0.001216,-0.0,-0.0,-0.005322,0.0,-0.004761,-0.005501,-0.0,-0.000449,-0.004426,0.0,-0.010046,-0.002756,-0.0,-0.003813,0.0,-0.000214,-0.00182,-0.002204,-0.005384,-0.002878,0.0,-0.0,-0.005569,-0.004665,-0.005774,-0.0,0.0,-0.000168,-0.0,0.0,-0.001888,-0.005623,-0.009547,-0.004976,0.0,-0.000371,-0.008391,-0.001155,-0.005666,0.0,-0.001075,-0.002568,-0.0,-0.0,-0.005443,-0.005531,0.0,-1.6e-05,-0.0,-0.003373,-0.0,-0.004871,-0.0,-0.002236,-0.009398,-4.6e-05,-7.3e-05,-0.006249,-0.0,-0.0,-0.0,-0.000123,-0.005291,-0.005938,0.0,-0.003413,-0.003202,-0.009283,-0.009301,-0.0,-0.008709,-0.0,-0.006675,-0.002848,0.0,-0.002725,-0.010106,-0.006077,-0.006472,-0.006339,-0.009262,-0.002819,-0.00091,-0.001514,-0.0,-0.000625,-0.004351,-0.004359,-0.006156
2017-06-01 11:58:00+02:00,-0.0,0.0,-0.000253,-0.005583,-0.000236,-0.0,-0.001792,-0.002968,-0.00578,-8e-06,-0.0,-0.0,-0.006034,-0.005839,-0.002334,-0.007887,-2.2e-05,-0.0,-0.0,-0.009848,0.0,-0.009655,-0.004667,-0.0,-0.00895,-0.009115,-0.002668,0.0,-0.001173,-0.0,-0.0,-0.005327,0.0,-0.004759,-0.005599,-0.0,-0.000359,-0.004389,0.0,-0.010217,-0.002734,-0.0,-0.00377,0.0,-0.000171,-0.00175,-0.002172,-0.005388,-0.002843,0.0,-0.0,-0.005592,-0.004668,-0.00586,-0.0,0.0,-0.000134,-0.0,0.0,-0.00182,-0.00564,-0.009616,-0.004947,0.0,-0.000296,-0.008401,-0.001113,-0.005679,0.0,-0.001033,-0.002542,-0.0,-0.0,-0.005491,-0.005624,0.0,-1.3e-05,-0.0,-0.003323,-0.0,-0.00487,-0.0,-0.002174,-0.009469,-3.7e-05,-5.8e-05,-0.006332,-0.0,-0.0,-0.0,-9.8e-05,-0.005304,-0.006025,0.0,-0.003407,-0.003132,-0.009327,-0.009347,-0.0,-0.008711,-0.0,-0.006664,-0.002824,0.0,-0.002702,-0.010252,-0.006162,-0.006437,-0.006322,-0.009309,-0.002799,-0.000863,-0.001475,-0.0,-0.000534,-0.004313,-0.00432,-0.006243
2017-06-01 11:59:00+02:00,-0.0,0.0,-0.000202,-0.00556,-0.000189,-0.0,-0.001752,-0.002943,-0.005784,-6e-06,-0.0,-0.0,-0.006108,-0.005917,-0.002303,-0.007887,-1.8e-05,-0.0,-0.0,-0.009931,0.0,-0.009731,-0.004633,-0.0,-0.008965,-0.009146,-0.002638,0.0,-0.00113,-0.0,-0.0,-0.005326,0.0,-0.004754,-0.005685,-0.0,-0.000287,-0.004345,0.0,-0.010366,-0.002707,-0.0,-0.003725,0.0,-0.000137,-0.001678,-0.002138,-0.005386,-0.002805,0.0,-0.0,-0.005605,-0.004667,-0.005935,-0.0,0.0,-0.000107,-0.0,0.0,-0.001745,-0.005649,-0.009668,-0.004915,0.0,-0.000237,-0.008408,-0.001065,-0.005684,0.0,-0.000985,-0.002514,-0.0,-0.0,-0.005527,-0.005704,0.0,-1e-05,-0.0,-0.003266,-0.0,-0.004866,-0.0,-0.00211,-0.009524,-3e-05,-4.7e-05,-0.006402,-0.0,-0.0,-0.0,-7.9e-05,-0.005312,-0.0061,0.0,-0.003399,-0.00306,-0.009364,-0.009386,-0.0,-0.008708,-0.0,-0.006652,-0.002796,0.0,-0.002673,-0.010382,-0.006235,-0.006399,-0.006302,-0.009349,-0.002773,-0.000814,-0.001434,-0.0,-0.000436,-0.004272,-0.004279,-0.006316
2017-06-01 12:00:00+02:00,-0.0,0.0,-0.000162,-0.005553,-0.000151,-0.0,-0.001734,-0.002937,-0.005801,-5e-06,-0.0,-0.0,-0.006165,-0.00598,-0.002289,-0.007901,-1.4e-05,-0.0,-0.0,-0.010002,0.0,-0.009797,-0.004632,-0.0,-0.009004,-0.009185,-0.002628,0.0,-0.001098,-0.0,-0.0,-0.005339,0.0,-0.004764,-0.005753,-0.0,-0.00023,-0.004336,0.0,-0.010484,-0.002701,-0.0,-0.003694,0.0,-0.000109,-0.001628,-0.002115,-0.005385,-0.002787,0.0,-0.0,-0.005618,-0.004674,-0.005994,-0.0,0.0,-8.6e-05,-0.0,0.0,-0.001706,-0.005657,-0.009735,-0.004901,0.0,-0.00019,-0.008428,-0.00104,-0.005688,0.0,-0.000959,-0.002494,-0.0,-0.0,-0.005559,-0.005769,0.0,-8e-06,-0.0,-0.003245,-0.0,-0.00487,-0.0,-0.002066,-0.009594,-2.4e-05,-3.7e-05,-0.006455,-0.0,-0.0,-0.0,-6.3e-05,-0.005326,-0.006159,0.0,-0.003399,-0.003022,-0.009408,-0.009431,-0.0,-0.00873,-0.0,-0.006655,-0.002776,0.0,-0.002666,-0.010486,-0.006292,-0.00639,-0.006298,-0.009396,-0.002768,-0.000779,-0.001404,-0.0,-0.000378,-0.004244,-0.004256,-0.006373
2017-06-01 12:01:00+02:00,-0.0,0.0,-0.000129,-0.005589,-0.000121,-0.0,-0.00174,-0.002953,-0.005908,-4e-06,-0.0,-0.0,-0.006207,-0.006026,-0.00233,-0.00796,-1.1e-05,-0.0,-0.0,-0.010044,0.0,-0.009836,-0.004664,-0.0,-0.009184,-0.009272,-0.002641,0.0,-0.001096,-0.0,-0.0,-0.005442,0.0,-0.004847,-0.005805,-0.0,-0.000193,-0.004362,0.0,-0.01057,-0.002716,-0.0,-0.003667,0.0,-8.8e-05,-0.001624,-0.00212,-0.005377,-0.00283,0.0,-0.0,-0.005621,-0.004708,-0.006037,-0.0,0.0,-6.9e-05,-0.0,0.0,-0.001709,-0.005657,-0.009893,-0.00493,0.0,-0.000152,-0.008494,-0.00104,-0.005684,0.0,-0.00096,-0.002475,-0.0,-0.0,-0.005577,-0.005817,0.0,-7e-06,-0.0,-0.003261,-0.0,-0.004902,-0.0,-0.002068,-0.009754,-1.9e-05,-3e-05,-0.006491,-0.0,-0.0,-0.0,-5e-05,-0.005369,-0.006202,0.0,-0.003423,-0.00308,-0.009499,-0.009523,-0.0,-0.008891,-0.0,-0.0067,-0.002756,0.0,-0.00268,-0.010559,-0.006332,-0.006488,-0.006337,-0.00949,-0.002783,-0.000773,-0.001381,-0.0,-0.000368,-0.004217,-0.004277,-0.006413
2017-06-01 12:02:00+02:00,-0.0,0.0,-0.000104,-0.005582,-9.7e-05,-0.0,-0.00172,-0.002939,-0.005949,-3e-06,-0.0,-0.0,-0.006242,-0.006065,-0.00233,-0.007965,-9e-06,-0.0,-0.0,-0.010057,0.0,-0.009847,-0.004648,-0.0,-0.009257,-0.009296,-0.002626,0.0,-0.001074,-0.0,-0.0,-0.005482,0.0,-0.004875,-0.005848,-0.0,-0.000154,-0.004341,0.0,-0.01064,-0.002703,-0.0,-0.003628,0.0,-7e-05,-0.001589,-0.002103,-0.005358,-0.002827,0.0,-0.0,-0.005612,-0.004712,-0.006074,-0.0,0.0,-5.5e-05,-0.0,0.0,-0.001673,-0.005644,-0.00995,-0.004917,0.0,-0.000121,-0.008505,-0.001017,-0.005668,0.0,-0.000937,-0.00245,-0.0,-0.0,-0.005581,-0.005858,0.0,-5e-06,-0.0,-0.003234,-0.0,-0.004903,-0.0,-0.002037,-0.009812,-1.5e-05,-2.4e-05,-0.006521,-0.0,-0.0,-0.0,-4e-05,-0.005378,-0.006239,0.0,-0.003423,-0.003068,-0.009526,-0.009551,-0.0,-0.008948,-0.0,-0.006698,-0.002731,0.0,-0.002666,-0.010621,-0.006367,-0.0065,-0.00633,-0.00952,-0.002771,-0.000749,-0.001351,-0.0,-0.000322,-0.004179,-0.004259,-0.006447
2017-06-01 12:03:00+02:00,-0.0,0.0,-8.3e-05,-0.005574,-7.7e-05,-0.0,-0.001703,-0.002927,-0.005972,-3e-06,-0.0,-0.0,-0.006269,-0.006095,-0.002325,-0.007967,-7e-06,-0.0,-0.0,-0.01007,0.0,-0.009858,-0.004634,-0.0,-0.0093,-0.009314,-0.002612,0.0,-0.001056,-0.0,-0.0,-0.005506,0.0,-0.00489,-0.005882,-0.0,-0.000123,-0.004322,0.0,-0.010691,-0.002692,-0.0,-0.003601,0.0,-5.6e-05,-0.00156,-0.002088,-0.005345,-0.002819,0.0,-0.0,-0.005607,-0.004715,-0.006102,-0.0,0.0,-4.4e-05,-0.0,0.0,-0.001642,-0.005637,-0.009981,-0.004906,0.0,-9.7e-05,-0.00851,-0.000997,-0.005658,0.0,-0.000917,-0.002433,-0.0,-0.0,-0.005588,-0.00589,0.0,-4e-06,-0.0,-0.00321,-0.0,-0.004902,-0.0,-0.002011,-0.009845,-1.2e-05,-1.9e-05,-0.006542,-0.0,-0.0,-0.0,-3.2e-05,-0.005385,-0.006266,0.0,-0.003422,-0.003048,-0.009544,-0.009571,-0.0,-0.008979,-0.0,-0.006695,-0.002712,0.0,-0.002654,-0.010664,-0.006392,-0.006498,-0.006322,-0.009542,-0.00276,-0.00073,-0.00133,-0.0,-0.000284,-0.004152,-0.004242,-0.006471
2017-06-01 12:04:00+02:00,-0.0,0.0,-6.6e-05,-0.005559,-6.2e-05,-0.0,-0.00169,-0.002918,-0.005993,-2e-06,-0.0,-0.0,-0.006296,-0.006126,-0.002322,-0.007961,-6e-06,-0.0,-0.0,-0.010075,0.0,-0.009862,-0.004623,-0.0,-0.009338,-0.00932,-0.002602,0.0,-0.001036,-0.0,-0.0,-0.005528,0.0,-0.004906,-0.005916,-0.0,-9.9e-05,-0.004308,0.0,-0.010741,-0.002684,-0.0,-0.003571,0.0,-4.5e-05,-0.001527,-0.002071,-0.00533,-0.002812,0.0,-0.0,-0.0056,-0.004713,-0.006131,-0.0,0.0,-3.5e-05,-0.0,0.0,-0.001618,-0.005627,-0.010013,-0.004888,0.0,-7.8e-05,-0.008507,-0.000981,-0.005644,0.0,-0.000902,-0.002414,-0.0,-0.0,-0.005591,-0.005922,0.0,-3e-06,-0.0,-0.003192,-0.0,-0.004897,-0.0,-0.001981,-0.009877,-1e-05,-1.5e-05,-0.006563,-0.0,-0.0,-0.0,-2.6e-05,-0.005385,-0.006294,0.0,-0.003418,-0.003032,-0.009551,-0.009579,-0.0,-0.009008,-0.0,-0.006684,-0.002693,0.0,-0.002645,-0.010709,-0.006418,-0.006498,-0.006307,-0.009552,-0.002752,-0.000708,-0.001307,-0.0,-0.000252,-0.004124,-0.004221,-0.006496
2017-06-01 12:05:00+02:00,-0.0,0.0,-5.3e-05,-0.005562,-4.9e-05,-0.0,-0.00168,-0.002912,-0.006017,-2e-06,-0.0,-0.0,-0.006313,-0.006146,-0.002325,-0.007971,-5e-06,-0.0,-0.0,-0.010086,0.0,-0.009873,-0.004618,-0.0,-0.009382,-0.009341,-0.002595,0.0,-0.001028,-0.0,-0.0,-0.005554,0.0,-0.004926,-0.005939,-0.0,-7.9e-05,-0.004299,0.0,-0.010772,-0.002679,-0.0,-0.003554,0.0,-3.6e-05,-0.001514,-0.002065,-0.005322,-0.002812,0.0,-0.0,-0.005599,-0.00472,-0.00615,-0.0,0.0,-2.8e-05,-0.0,0.0,-0.001601,-0.005623,-0.010045,-0.004887,0.0,-6.2e-05,-0.00852,-0.00097,-0.005638,0.0,-0.000891,-0.002403,-0.0,-0.0,-0.005598,-0.005944,0.0,-3e-06,-0.0,-0.00318,-0.0,-0.004902,-0.0,-0.001971,-0.00991,-8e-06,-1.2e-05,-0.006573,-0.0,-0.0,-0.0,-2.1e-05,-0.005396,-0.006312,0.0,-0.003424,-0.003029,-0.009572,-0.009601,-0.0,-0.009043,-0.0,-0.00669,-0.002681,0.0,-0.002639,-0.010735,-0.006433,-0.006507,-0.00631,-0.009576,-0.002747,-0.000699,-0.001294,-0.0,-0.00023,-0.004107,-0.004217,-0.00651
2017-06-01 12:06:00+02:00,-0.0,0.0,-4.2e-05,-0.005541,-4e-05,-0.0,-0.001661,-0.002893,-0.006016,-1e-06,-0.0,-0.0,-0.006325,-0.00616,-0.002315,-0.007951,-4e-06,-0.0,-0.0,-0.010085,0.0,-0.009872,-0.004592,-0.0,-0.009387,-0.009327,-0.002575,0.0,-0.00101,-0.0,-0.0,-0.005555,0.0,-0.004924,-0.005957,-0.0,-6.3e-05,-0.00427,0.0,-0.010792,-0.002661,-0.0,-0.003534,0.0,-2.9e-05,-0.001486,-0.002047,-0.005309,-0.002797,0.0,-0.0,-0.005591,-0.00471,-0.006164,-0.0,0.0,-2.3e-05,-0.0,0.0,-0.00157,-0.005614,-0.010039,-0.004865,0.0,-5e-05,-0.008501,-0.000951,-0.005626,0.0,-0.000872,-0.002389,-0.0,-0.0,-0.005599,-0.005961,0.0,-2e-06,-0.0,-0.00315,-0.0,-0.004888,-0.0,-0.001944,-0.009906,-6e-06,-1e-05,-0.006578,-0.0,-0.0,-0.0,-1.6e-05,-0.005385,-0.006323,0.0,-0.003414,-0.003004,-0.009557,-0.009587,-0.0,-0.00904,-0.0,-0.006669,-0.002666,0.0,-0.002621,-0.010752,-0.006443,-0.006486,-0.006286,-0.009563,-0.002729,-0.00068,-0.001278,-0.0,-0.000196,-0.004087,-0.004192,-0.006518
2017-06-01 12:07:00+02:00,-0.0,0.0,-3.4e-05,-0.005508,-3.2e-05,-0.0,-0.001628,-0.002862,-0.006031,-1e-06,-0.0,-0.0,-0.006342,-0.00618,-0.002314,-0.00792,-3e-06,-0.0,-0.0,-0.010076,0.0,-0.009864,-0.004547,-0.0,-0.009419,-0.009303,-0.002543,0.0,-0.000982,-0.0,-0.0,-0.005571,0.0,-0.004939,-0.005979,-0.0,-5.1e-05,-0.00422,0.0,-0.010823,-0.002631,-0.0,-0.003503,0.0,-2.3e-05,-0.001441,-0.00202,-0.00529,-0.002794,0.0,-0.0,-0.00558,-0.004692,-0.006183,-0.0,0.0,-1.8e-05,-0.0,0.0,-0.001517,-0.0056,-0.010071,-0.004829,0.0,-4e-05,-0.008472,-0.000918,-0.005608,0.0,-0.000839,-0.002369,-0.0,-0.0,-0.005594,-0.005982,0.0,-2e-06,-0.0,-0.003099,-0.0,-0.004867,-0.0,-0.001901,-0.00994,-5e-06,-8e-06,-0.006588,-0.0,-0.0,-0.0,-1.3e-05,-0.005368,-0.006341,0.0,-0.003398,-0.002995,-0.00953,-0.009562,-0.0,-0.009065,-0.0,-0.006637,-0.002646,0.0,-0.002589,-0.010781,-0.006458,-0.006491,-0.00625,-0.00954,-0.002699,-0.000651,-0.001255,-0.0,-0.000157,-0.004056,-0.004153,-0.006532
2017-06-01 12:08:00+02:00,-0.0,0.0,-2.7e-05,-0.005506,-2.5e-05,-0.0,-0.001591,-0.002824,-0.006069,-1e-06,-0.0,-0.0,-0.006357,-0.006197,-0.002333,-0.007924,-2e-06,-0.0,-0.0,-0.010093,0.0,-0.009882,-0.004492,-0.0,-0.009486,-0.009314,-0.002504,0.0,-0.000971,-0.0,-0.0,-0.00561,0.0,-0.004974,-0.005999,-0.0,-4e-05,-0.004158,0.0,-0.010848,-0.002591,-0.0,-0.003496,0.0,-1.8e-05,-0.001423,-0.002011,-0.005289,-0.002812,0.0,-0.0,-0.005584,-0.004695,-0.006199,-0.0,0.0,-1.4e-05,-0.0,0.0,-0.001461,-0.005602,-0.01014,-0.004824,0.0,-3.2e-05,-0.008478,-0.000882,-0.005608,0.0,-0.000804,-0.002364,-0.0,-0.0,-0.005606,-0.006001,0.0,-1e-06,-0.0,-0.00304,-0.0,-0.004867,-0.0,-0.001886,-0.01001,-4e-06,-6e-06,-0.006596,-0.0,-0.0,-0.0,-1.1e-05,-0.005372,-0.006356,0.0,-0.0034,-0.003018,-0.009539,-0.009571,-0.0,-0.009126,-0.0,-0.006637,-0.00264,0.0,-0.002551,-0.010804,-0.006471,-0.006532,-0.006247,-0.009552,-0.002663,-0.000639,-0.001247,-0.0,-0.000125,-0.00405,-0.004145,-0.006543
2017-06-01 12:09:00+02:00,-0.0,0.0,-2.2e-05,-0.005505,-2e-05,-0.0,-0.001566,-0.002799,-0.006084,-1e-06,-0.0,-0.0,-0.006366,-0.006209,-0.002338,-0.007927,-2e-06,-0.0,-0.0,-0.010086,0.0,-0.009877,-0.004456,-0.0,-0.009518,-0.009322,-0.002477,0.0,-0.000963,-0.0,-0.0,-0.005626,0.0,-0.00499,-0.006013,-0.0,-3.2e-05,-0.004117,0.0,-0.010864,-0.002565,-0.0,-0.003474,0.0,-1.5e-05,-0.001411,-0.002004,-0.005275,-0.002814,0.0,-0.0,-0.005576,-0.004698,-0.00621,-0.0,0.0,-1.2e-05,-0.0,0.0,-0.001423,-0.005592,-0.010169,-0.004822,0.0,-2.5e-05,-0.008482,-0.000859,-0.005595,0.0,-0.000781,-0.002349,-0.0,-0.0,-0.005604,-0.006015,0.0,-1e-06,-0.0,-0.003001,-0.0,-0.004866,-0.0,-0.001876,-0.01004,-3e-06,-5e-06,-0.006598,-0.0,-0.0,-0.0,-8e-06,-0.005375,-0.006365,0.0,-0.003402,-0.00302,-0.009545,-0.009578,-0.0,-0.009151,-0.0,-0.006638,-0.002623,0.0,-0.002525,-0.010819,-0.006478,-0.006543,-0.006245,-0.00956,-0.002639,-0.000631,-0.001231,-0.0,-0.0001,-0.004027,-0.004139,-0.006549
2017-06-01 12:10:00+02:00,-0.0,0.0,-1.7e-05,-0.005507,-1.6e-05,-0.0,-0.001559,-0.002792,-0.006106,-1e-06,-0.0,-0.0,-0.006375,-0.00622,-0.002351,-0.007931,-2e-06,-0.0,-0.0,-0.010067,0.0,-0.00986,-0.004452,-0.0,-0.009562,-0.009329,-0.002471,0.0,-0.000958,-0.0,-0.0,-0.00565,0.0,-0.005013,-0.006027,-0.0,-2.6e-05,-0.004109,0.0,-0.010879,-0.002561,-0.0,-0.003446,0.0,-1.2e-05,-0.001402,-0.001999,-0.005254,-0.002826,0.0,-0.0,-0.005561,-0.004701,-0.006222,-0.0,0.0,-9e-06,-0.0,0.0,-0.001412,-0.005575,-0.010216,-0.004822,0.0,-2e-05,-0.008487,-0.000851,-0.005575,0.0,-0.000773,-0.00233,-0.0,-0.0,-0.005595,-0.006029,0.0,-1e-06,-0.0,-0.002991,-0.0,-0.004866,-0.0,-0.001869,-0.010089,-3e-06,-4e-06,-0.0066,-0.0,-0.0,-0.0,-7e-06,-0.005377,-0.006374,0.0,-0.003406,-0.003036,-0.009549,-0.009583,-0.0,-0.00919,-0.0,-0.006641,-0.002603,0.0,-0.00252,-0.010833,-0.006485,-0.006569,-0.006245,-0.009568,-0.002634,-0.000624,-0.001212,-0.0,-8e-05,-0.003997,-0.004136,-0.006555
2017-06-01 12:11:00+02:00,-0.0,0.0,-1.4e-05,-0.005507,-1.3e-05,-0.0,-0.001544,-0.002779,-0.006125,-0.0,-0.0,-0.0,-0.006386,-0.006234,-0.002361,-0.007934,-1e-06,-0.0,-0.0,-0.010068,0.0,-0.009862,-0.004435,-0.0,-0.0096,-0.009336,-0.002457,0.0,-0.000949,-0.0,-0.0,-0.00567,0.0,-0.005035,-0.006043,-0.0,-2.1e-05,-0.00409,0.0,-0.010898,-0.002549,-0.0,-0.003433,0.0,-9e-06,-0.001389,-0.001992,-0.005246,-0.002834,0.0,-0.0,-0.005558,-0.004703,-0.006235,-0.0,0.0,-7e-06,-0.0,0.0,-0.001389,-0.00557,-0.01026,-0.004819,0.0,-1.6e-05,-0.008492,-0.000836,-0.005567,0.0,-0.000759,-0.002321,-0.0,-0.0,-0.005597,-0.006044,0.0,-1e-06,-0.0,-0.00297,-0.0,-0.004866,-0.0,-0.001858,-0.010134,-2e-06,-3e-06,-0.006604,-0.0,-0.0,-0.0,-5e-06,-0.005379,-0.006386,0.0,-0.003408,-0.003046,-0.009554,-0.009588,-0.0,-0.009224,-0.0,-0.006643,-0.002593,0.0,-0.002507,-0.010852,-0.006495,-0.00659,-0.006243,-0.009575,-0.002622,-0.000615,-0.001201,-0.0,-6.4e-05,-0.003985,-0.00413,-0.006562
2017-06-01 12:12:00+02:00,-0.0,0.0,-1.1e-05,-0.005509,-1e-05,-0.0,-0.001523,-0.00276,-0.006144,-0.0,-0.0,-0.0,-0.006401,-0.006251,-0.002369,-0.007944,-1e-06,-0.0,-0.0,-0.010062,0.0,-0.009857,-0.00441,-0.0,-0.009639,-0.009351,-0.002437,0.0,-0.000941,-0.0,-0.0,-0.005691,0.0,-0.005055,-0.006062,-0.0,-1.7e-05,-0.00406,0.0,-0.010923,-0.002531,-0.0,-0.003417,0.0,-8e-06,-0.001375,-0.001986,-0.005235,-0.002839,0.0,-0.0,-0.005551,-0.004709,-0.006252,-0.0,0.0,-6e-06,-0.0,0.0,-0.001354,-0.005561,-0.010302,-0.004819,0.0,-1.3e-05,-0.008503,-0.000814,-0.005556,0.0,-0.000737,-0.00231,-0.0,-0.0,-0.005596,-0.006064,0.0,-1e-06,-0.0,-0.002937,-0.0,-0.004869,-0.0,-0.001846,-0.010177,-2e-06,-3e-06,-0.006612,-0.0,-0.0,-0.0,-4e-06,-0.005386,-0.006401,0.0,-0.003413,-0.003051,-0.009565,-0.009601,-0.0,-0.009258,-0.0,-0.006649,-0.002581,0.0,-0.002488,-0.010877,-0.006508,-0.00661,-0.006245,-0.009589,-0.002604,-0.000605,-0.001187,-0.0,-5.1e-05,-0.003969,-0.004126,-0.006574
2017-06-01 12:13:00+02:00,-0.0,0.0,-9e-06,-0.00552,-8e-06,-0.0,-0.001516,-0.002758,-0.00617,-0.0,-0.0,-0.0,-0.006414,-0.006266,-0.002384,-0.007962,-1e-06,-0.0,-0.0,-0.010079,0.0,-0.009874,-0.004411,-0.0,-0.009687,-0.009376,-0.002433,0.0,-0.000938,-0.0,-0.0,-0.005718,0.0,-0.005083,-0.00608,-0.0,-1.3e-05,-0.004056,0.0,-0.010942,-0.002529,-0.0,-0.003415,0.0,-6e-06,-0.001371,-0.001985,-0.005236,-0.002852,0.0,-0.0,-0.005559,-0.004721,-0.006267,-0.0,0.0,-5e-06,-0.0,0.0,-0.001341,-0.005567,-0.010354,-0.004827,0.0,-1e-05,-0.008523,-0.000806,-0.005558,0.0,-0.000729,-0.002308,-0.0,-0.0,-0.005607,-0.00608,0.0,-0.0,-0.0,-0.002929,-0.0,-0.004878,-0.0,-0.001844,-0.01023,-1e-06,-2e-06,-0.006618,-0.0,-0.0,-0.0,-3e-06,-0.005399,-0.006414,0.0,-0.003422,-0.003069,-0.009588,-0.009625,-0.0,-0.009303,-0.0,-0.006663,-0.002579,0.0,-0.002485,-0.010897,-0.006519,-0.00664,-0.006256,-0.009615,-0.002602,-0.000601,-0.00118,-0.0,-4.1e-05,-0.003969,-0.004132,-0.006583
2017-06-01 12:14:00+02:00,-0.0,0.0,-7e-06,-0.005517,-7e-06,-0.0,-0.001508,-0.002752,-0.00616,-0.0,-0.0,-0.0,-0.006422,-0.006276,-0.002375,-0.007964,-1e-06,-0.0,-0.0,-0.010078,0.0,-0.009874,-0.004407,-0.0,-0.009675,-0.009382,-0.002426,0.0,-0.00093,-0.0,-0.0,-0.005709,0.0,-0.005077,-0.006091,-0.0,-1.1e-05,-0.004048,0.0,-0.010951,-0.002524,-0.0,-0.003404,0.0,-5e-06,-0.001358,-0.001978,-0.005229,-0.002839,0.0,-0.0,-0.005556,-0.004723,-0.006276,-0.0,0.0,-4e-06,-0.0,0.0,-0.001327,-0.005563,-0.010341,-0.004822,0.0,-8e-06,-0.008526,-0.000797,-0.005551,0.0,-0.00072,-0.002301,-0.0,-0.0,-0.00561,-0.006092,0.0,-0.0,-0.0,-0.002918,-0.0,-0.004878,-0.0,-0.001833,-0.010218,-1e-06,-2e-06,-0.006618,-0.0,-0.0,-0.0,-3e-06,-0.005401,-0.006421,0.0,-0.003424,-0.003047,-0.009591,-0.009629,-0.0,-0.009287,-0.0,-0.006661,-0.00257,0.0,-0.002479,-0.010906,-0.006524,-0.00662,-0.006251,-0.009621,-0.002598,-0.000593,-0.001169,-0.0,-3.3e-05,-0.003958,-0.004124,-0.006587
2017-06-01 12:15:00+02:00,-0.0,0.0,-6e-06,-0.0055,-5e-06,-0.0,-0.00149,-0.002736,-0.006116,-0.0,-0.0,-0.0,-0.006426,-0.006283,-0.002342,-0.007948,-0.0,-0.0,-0.0,-0.010047,0.0,-0.009846,-0.004384,-0.0,-0.00961,-0.00937,-0.002409,0.0,-0.000916,-0.0,-0.0,-0.005667,0.0,-0.00504,-0.0061,-0.0,-8e-06,-0.004021,0.0,-0.010956,-0.002508,-0.0,-0.003373,0.0,-4e-06,-0.001336,-0.001964,-0.005205,-0.0028,0.0,-0.0,-0.005538,-0.004716,-0.006283,-0.0,0.0,-3e-06,-0.0,0.0,-0.001298,-0.005542,-0.010266,-0.004804,0.0,-7e-06,-0.008512,-0.000778,-0.005528,0.0,-0.000702,-0.002281,-0.0,-0.0,-0.005596,-0.0061,0.0,-0.0,-0.0,-0.00289,-0.0,-0.004867,-0.0,-0.001812,-0.010145,-1e-06,-1e-06,-0.006606,-0.0,-0.0,-0.0,-2e-06,-0.005393,-0.006426,0.0,-0.003417,-0.002987,-0.009575,-0.009614,-0.0,-0.009216,-0.0,-0.006645,-0.002548,0.0,-0.002463,-0.010911,-0.006527,-0.006551,-0.006232,-0.009608,-0.002583,-0.000579,-0.001147,-0.0,-2.6e-05,-0.003926,-0.004105,-0.006588
2017-06-01 12:16:00+02:00,-0.0,0.0,-5e-06,-0.005482,-4e-06,-0.0,-0.00142,-0.002667,-0.006018,-0.0,-0.0,-0.0,-0.006433,-0.006292,-0.002264,-0.007945,-0.0,-0.0,-0.0,-0.009917,0.0,-0.009719,-0.004278,-0.0,-0.009463,-0.009384,-0.00234,0.0,-0.000891,-0.0,-0.0,-0.005573,0.0,-0.004952,-0.006049,-0.0,-7e-06,-0.00391,0.0,-0.010865,-0.002441,-0.0,-0.003235,0.0,-3e-06,-0.001295,-0.001942,-0.005119,-0.002711,0.0,-0.0,-0.005458,-0.004714,-0.006292,-0.0,0.0,-2e-06,-0.0,0.0,-0.001183,-0.00546,-0.010095,-0.004781,0.0,-5e-06,-0.008514,-0.000709,-0.005443,0.0,-0.000632,-0.002195,-0.0,-0.0,-0.005524,-0.006112,0.0,-0.0,-0.0,-0.002777,-0.0,-0.004863,-0.0,-0.001774,-0.009978,-1e-06,-1e-06,-0.006608,-0.0,-0.0,-0.0,-2e-06,-0.005397,-0.006433,0.0,-0.00341,-0.002849,-0.00959,-0.00963,-0.0,-0.009059,-0.0,-0.006632,-0.002461,0.0,-0.002395,-0.010922,-0.006531,-0.006397,-0.006214,-0.009626,-0.002516,-0.000552,-0.001055,-0.0,-2.1e-05,-0.003786,-0.004076,-0.006591
2017-06-01 12:17:00+02:00,-0.0,0.0,-4e-06,-0.0055,-3e-06,-0.0,-0.001389,-0.002635,-0.005965,-0.0,-0.0,-0.0,-0.006387,-0.006257,-0.002228,-0.007971,-0.0,-0.0,-0.0,-0.009845,0.0,-0.00965,-0.00423,-0.0,-0.009385,-0.009423,-0.002309,0.0,-0.000896,-0.0,-0.0,-0.005521,0.0,-0.004905,-0.006029,-0.0,-5e-06,-0.003859,0.0,-0.010828,-0.00241,-0.0,-0.003169,0.0,-2e-06,-0.001302,-0.001948,-0.005072,-0.002667,0.0,-0.0,-0.005415,-0.004731,-0.006257,-0.0,0.0,-2e-06,-0.0,0.0,-0.001133,-0.005416,-0.009995,-0.004797,0.0,-4e-06,-0.008544,-0.000678,-0.005395,0.0,-0.000602,-0.002154,-0.0,-0.0,-0.005486,-0.006087,0.0,-0.0,-0.0,-0.002727,-0.0,-0.004878,-0.0,-0.001783,-0.009882,-1e-06,-1e-06,-0.006537,-0.0,-0.0,-0.0,-1e-06,-0.005418,-0.006387,0.0,-0.003423,-0.002785,-0.009627,-0.009669,-0.0,-0.008972,-0.0,-0.006654,-0.002418,0.0,-0.002364,-0.010829,-0.006476,-0.006316,-0.006231,-0.009666,-0.002485,-0.000557,-0.001011,-0.0,-1.7e-05,-0.003718,-0.004089,-0.006528
2017-06-01 12:18:00+02:00,-0.0,0.0,-3e-06,-0.005485,-3e-06,-0.0,-0.001373,-0.002612,-0.005901,-0.0,-0.0,-0.0,-0.006327,-0.006199,-0.002193,-0.007947,-0.0,-0.0,-0.0,-0.009749,0.0,-0.009558,-0.004196,-0.0,-0.00929,-0.0094,-0.002287,0.0,-0.000893,-0.0,-0.0,-0.00546,0.0,-0.004851,-0.005991,-0.0,-4e-06,-0.003824,0.0,-0.010755,-0.002389,-0.0,-0.003106,0.0,-2e-06,-0.001299,-0.00194,-0.005014,-0.002624,0.0,-0.0,-0.005359,-0.004718,-0.006199,-0.0,0.0,-2e-06,-0.0,0.0,-0.001112,-0.00536,-0.009879,-0.004783,0.0,-3e-06,-0.00852,-0.000665,-0.005337,0.0,-0.000589,-0.002113,-0.0,-0.0,-0.005435,-0.006033,0.0,-0.0,-0.0,-0.002698,-0.0,-0.004863,-0.0,-0.001778,-0.00977,-0.0,-1e-06,-0.00647,-0.0,-0.0,-0.0,-1e-06,-0.005404,-0.006327,0.0,-0.003415,-0.002728,-0.009602,-0.009643,-0.0,-0.00887,-0.0,-0.006633,-0.002374,0.0,-0.002343,-0.010725,-0.006414,-0.006229,-0.006209,-0.009643,-0.002464,-0.000555,-0.000971,-0.0,-1.3e-05,-0.00365,-0.004076,-0.006465
2017-06-01 12:19:00+02:00,-0.0,0.0,-2e-06,-0.005507,-2e-06,-0.0,-0.00137,-0.002606,-0.005893,-0.0,-0.0,-0.0,-0.006356,-0.006229,-0.002195,-0.007971,-0.0,-0.0,-0.0,-0.009724,0.0,-0.009536,-0.004193,-0.0,-0.009288,-0.00943,-0.002281,0.0,-0.000905,-0.0,-0.0,-0.005454,0.0,-0.004849,-0.006009,-0.0,-3e-06,-0.003818,0.0,-0.010785,-0.002384,-0.0,-0.003086,0.0,-2e-06,-0.001319,-0.00195,-0.004994,-0.002623,0.0,-0.0,-0.005342,-0.004731,-0.006229,-0.0,0.0,-1e-06,-0.0,0.0,-0.001111,-0.005341,-0.009867,-0.004804,0.0,-3e-06,-0.008545,-0.000664,-0.005315,0.0,-0.000589,-0.002098,-0.0,-0.0,-0.005423,-0.006062,0.0,-0.0,-0.0,-0.002694,-0.0,-0.004873,-0.0,-0.001799,-0.009761,-0.0,-1e-06,-0.006498,-0.0,-0.0,-0.0,-1e-06,-0.005417,-0.006356,0.0,-0.003429,-0.002732,-0.009629,-0.009671,-0.0,-0.008864,-0.0,-0.006656,-0.002358,0.0,-0.002338,-0.010778,-0.006442,-0.006224,-0.006229,-0.009673,-0.00246,-0.000567,-0.000954,-0.0,-1.1e-05,-0.003629,-0.004097,-0.006493
2017-06-01 12:20:00+02:00,-0.0,0.0,-2e-06,-0.005597,-2e-06,-0.0,-0.001398,-0.002637,-0.005956,-0.0,-0.0,-0.0,-0.006376,-0.00625,-0.002244,-0.008074,-0.0,-0.0,-0.0,-0.009798,0.0,-0.009611,-0.00425,-0.0,-0.009399,-0.009544,-0.002311,0.0,-0.000947,-0.0,-0.0,-0.005516,0.0,-0.00491,-0.006041,-0.0,-3e-06,-0.003871,0.0,-0.010828,-0.002415,-0.0,-0.003131,0.0,-1e-06,-0.001389,-0.001995,-0.005029,-0.002673,0.0,-0.0,-0.005382,-0.004792,-0.00625,-0.0,0.0,-1e-06,-0.0,0.0,-0.001159,-0.005379,-0.009975,-0.004891,0.0,-2e-06,-0.008652,-0.000692,-0.005351,0.0,-0.000616,-0.002125,-0.0,-0.0,-0.005467,-0.006084,0.0,-0.0,-0.0,-0.002745,-0.0,-0.004933,-0.0,-0.00187,-0.009868,-0.0,-0.0,-0.006516,-0.0,-0.0,-0.0,-1e-06,-0.005481,-0.006376,0.0,-0.003484,-0.002811,-0.009741,-0.009786,-0.0,-0.008969,-0.0,-0.006752,-0.002385,0.0,-0.002369,-0.010815,-0.006462,-0.006316,-0.006322,-0.009789,-0.002492,-0.000608,-0.000974,-0.0,-9e-06,-0.003675,-0.004179,-0.006512
2017-06-01 12:21:00+02:00,-0.0,0.0,-1e-06,-0.005617,-1e-06,-0.0,-0.001389,-0.002628,-0.005957,-0.0,-0.0,-0.0,-0.006393,-0.006268,-0.002244,-0.008099,-0.0,-0.0,-0.0,-0.009798,0.0,-0.009612,-0.004242,-0.0,-0.009412,-0.009575,-0.002302,0.0,-0.00095,-0.0,-0.0,-0.005518,0.0,-0.004914,-0.006069,-0.0,-2e-06,-0.003859,0.0,-0.010864,-0.002407,-0.0,-0.003115,0.0,-1e-06,-0.001395,-0.001999,-0.005021,-0.002669,0.0,-0.0,-0.005378,-0.004806,-0.006268,-0.0,0.0,-1e-06,-0.0,0.0,-0.001144,-0.005374,-0.009976,-0.004907,0.0,-2e-06,-0.008679,-0.000682,-0.005344,0.0,-0.000607,-0.002114,-0.0,-0.0,-0.005468,-0.006103,0.0,-0.0,-0.0,-0.002732,-0.0,-0.004945,-0.0,-0.001878,-0.009871,-0.0,-0.0,-0.00653,-0.0,-0.0,-0.0,-1e-06,-0.005497,-0.006393,0.0,-0.003497,-0.002806,-0.00977,-0.009815,-0.0,-0.008974,-0.0,-0.006774,-0.002373,0.0,-0.002361,-0.010847,-0.006478,-0.006313,-0.00634,-0.009821,-0.002484,-0.000611,-0.000959,-0.0,-7e-06,-0.003659,-0.004193,-0.006528
2017-06-01 12:22:00+02:00,-0.0,0.0,-1e-06,-0.005639,-1e-06,-0.0,-0.001385,-0.002627,-0.005982,-0.0,-0.0,-0.0,-0.006413,-0.006289,-0.00226,-0.008128,-0.0,-0.0,-0.0,-0.009795,0.0,-0.009611,-0.004245,-0.0,-0.009461,-0.009612,-0.0023,0.0,-0.000955,-0.0,-0.0,-0.005543,0.0,-0.00494,-0.006098,-0.0,-2e-06,-0.003859,0.0,-0.010902,-0.002406,-0.0,-0.003105,0.0,-1e-06,-0.001404,-0.002006,-0.005012,-0.002683,0.0,-0.0,-0.005373,-0.004824,-0.006289,-0.0,0.0,-1e-06,-0.0,0.0,-0.001136,-0.005368,-0.010022,-0.004927,0.0,-1e-06,-0.008711,-0.000676,-0.005335,0.0,-0.000601,-0.002106,-0.0,-0.0,-0.005468,-0.006125,0.0,-0.0,-0.0,-0.002729,-0.0,-0.00496,-0.0,-0.001889,-0.009918,-0.0,-0.0,-0.006545,-0.0,-0.0,-0.0,-0.0,-0.005515,-0.006413,0.0,-0.003512,-0.002827,-0.009804,-0.00985,-0.0,-0.009017,-0.0,-0.0068,-0.002365,0.0,-0.00236,-0.010882,-0.006496,-0.006345,-0.006362,-0.009858,-0.002484,-0.000615,-0.000949,-0.0,-6e-06,-0.00365,-0.00421,-0.006545
2017-06-01 12:23:00+02:00,-0.0,0.0,-1e-06,-0.00565,-1e-06,-0.0,-0.001384,-0.002625,-0.005979,-0.0,-0.0,-0.0,-0.006409,-0.006289,-0.002259,-0.008139,-0.0,-0.0,-0.0,-0.009789,0.0,-0.009608,-0.004245,-0.0,-0.009462,-0.009626,-0.002298,0.0,-0.000959,-0.0,-0.0,-0.005542,0.0,-0.004941,-0.006105,-0.0,-1e-06,-0.003856,0.0,-0.010889,-0.002405,-0.0,-0.00311,0.0,-1e-06,-0.001411,-0.002009,-0.005009,-0.00268,0.0,-0.0,-0.005372,-0.004832,-0.006289,-0.0,0.0,-1e-06,-0.0,0.0,-0.001139,-0.005365,-0.010014,-0.004937,0.0,-1e-06,-0.008723,-0.000678,-0.00533,0.0,-0.000603,-0.002108,-0.0,-0.0,-0.005469,-0.006127,0.0,-0.0,-0.0,-0.002728,-0.0,-0.004967,-0.0,-0.001896,-0.009913,-0.0,-0.0,-0.006522,-0.0,-0.0,-0.0,-0.0,-0.005524,-0.006409,0.0,-0.003521,-0.002823,-0.009816,-0.009863,-0.0,-0.009012,-0.0,-0.00681,-0.002366,0.0,-0.002359,-0.010857,-0.006486,-0.006337,-0.00637,-0.009872,-0.002483,-0.000619,-0.000955,-0.0,-4e-06,-0.003654,-0.004218,-0.006531
2017-06-01 12:24:00+02:00,-0.0,0.0,-1e-06,-0.00562,-1e-06,-0.0,-0.001374,-0.002611,-0.005956,-0.0,-0.0,-0.0,-0.006414,-0.006295,-0.002247,-0.008103,-0.0,-0.0,-0.0,-0.009753,0.0,-0.009574,-0.004225,-0.0,-0.009431,-0.009588,-0.002284,0.0,-0.000944,-0.0,-0.0,-0.005522,0.0,-0.004925,-0.006109,-0.0,-1e-06,-0.003834,0.0,-0.010895,-0.002392,-0.0,-0.003093,0.0,-1e-06,-0.001387,-0.001992,-0.004987,-0.002663,0.0,-0.0,-0.005352,-0.004812,-0.006295,-0.0,0.0,-0.0,-0.0,0.0,-0.001127,-0.005345,-0.009979,-0.004907,0.0,-1e-06,-0.008686,-0.00067,-0.005307,0.0,-0.000596,-0.002097,-0.0,-0.0,-0.005452,-0.006134,0.0,-0.0,-0.0,-0.00271,-0.0,-0.004944,-0.0,-0.001872,-0.00988,-0.0,-0.0,-0.006525,-0.0,-0.0,-0.0,-0.0,-0.005502,-0.006414,0.0,-0.003506,-0.002801,-0.009775,-0.009823,-0.0,-0.008977,-0.0,-0.006777,-0.002353,0.0,-0.002346,-0.010866,-0.006491,-0.006306,-0.006335,-0.009833,-0.00247,-0.000605,-0.00095,-0.0,-4e-06,-0.003635,-0.004188,-0.006535
2017-06-01 12:25:00+02:00,-0.0,0.0,-1e-06,-0.00563,-1e-06,-0.0,-0.001389,-0.002624,-0.005968,-0.0,-0.0,-0.0,-0.006408,-0.006293,-0.002264,-0.008106,-0.0,-0.0,-0.0,-0.009765,0.0,-0.009589,-0.00425,-0.0,-0.009457,-0.00959,-0.002298,0.0,-0.000953,-0.0,-0.0,-0.005536,0.0,-0.004942,-0.006115,-0.0,-1e-06,-0.003858,0.0,-0.01088,-0.002407,-0.0,-0.003116,0.0,-0.0,-0.001403,-0.001998,-0.004994,-0.002678,0.0,-0.0,-0.005361,-0.004816,-0.006293,-0.0,0.0,-0.0,-0.0,0.0,-0.001155,-0.005353,-0.010004,-0.004918,0.0,-1e-06,-0.008689,-0.000687,-0.005313,0.0,-0.000614,-0.00211,-0.0,-0.0,-0.005464,-0.006135,0.0,-0.0,-0.0,-0.002736,-0.0,-0.004945,-0.0,-0.001887,-0.009907,-0.0,-0.0,-0.006507,-0.0,-0.0,-0.0,-0.0,-0.005503,-0.006408,0.0,-0.003513,-0.002827,-0.009773,-0.009822,-0.0,-0.008999,-0.0,-0.006784,-0.002364,0.0,-0.002361,-0.01085,-0.006481,-0.006328,-0.006341,-0.009834,-0.002485,-0.000614,-0.000968,-0.0,-3e-06,-0.003657,-0.004199,-0.006523
2017-06-01 12:26:00+02:00,-0.0,0.0,-0.0,-0.005641,-0.0,-0.0,-0.001408,-0.002642,-0.00598,-0.0,-0.0,-0.0,-0.006414,-0.006301,-0.002282,-0.008112,-0.0,-0.0,-0.0,-0.009775,0.0,-0.009601,-0.004283,-0.0,-0.009484,-0.009595,-0.002317,0.0,-0.000963,-0.0,-0.0,-0.005551,0.0,-0.004959,-0.006128,-0.0,-1e-06,-0.003891,0.0,-0.010892,-0.002428,-0.0,-0.003133,0.0,-0.0,-0.00142,-0.002005,-0.004997,-0.002693,0.0,-0.0,-0.005368,-0.00482,-0.006301,-0.0,0.0,-0.0,-0.0,0.0,-0.001188,-0.005359,-0.01003,-0.00493,0.0,-1e-06,-0.008694,-0.000706,-0.005317,0.0,-0.000634,-0.002119,-0.0,-0.0,-0.005474,-0.006143,0.0,-0.0,-0.0,-0.002769,-0.0,-0.004947,-0.0,-0.001903,-0.009934,-0.0,-0.0,-0.006513,-0.0,-0.0,-0.0,-0.0,-0.005506,-0.006414,0.0,-0.003522,-0.002855,-0.009774,-0.009823,-0.0,-0.009023,-0.0,-0.006793,-0.002372,0.0,-0.002381,-0.010862,-0.006487,-0.006353,-0.006349,-0.009838,-0.002504,-0.000625,-0.000981,-0.0,-2e-06,-0.003673,-0.004212,-0.006529
2017-06-01 12:27:00+02:00,-0.0,0.0,-0.0,-0.005672,-0.0,-0.0,-0.001436,-0.00267,-0.006006,-0.0,-0.0,-0.0,-0.006419,-0.006306,-0.002308,-0.008141,-0.0,-0.0,-0.0,-0.009815,0.0,-0.009643,-0.004334,-0.0,-0.009535,-0.009627,-0.002345,0.0,-0.000979,-0.0,-0.0,-0.005579,0.0,-0.00499,-0.006138,-0.0,-1e-06,-0.003941,0.0,-0.0109,-0.002457,-0.0,-0.003163,0.0,-0.0,-0.001448,-0.00202,-0.005016,-0.002718,0.0,-0.0,-0.005391,-0.004838,-0.006306,-0.0,0.0,-0.0,-0.0,0.0,-0.001234,-0.00538,-0.010083,-0.00496,0.0,-0.0,-0.008724,-0.000733,-0.005336,0.0,-0.000661,-0.002137,-0.0,-0.0,-0.0055,-0.00615,0.0,-0.0,-0.0,-0.002818,-0.0,-0.004964,-0.0,-0.001932,-0.009988,-0.0,-0.0,-0.006515,-0.0,-0.0,-0.0,-0.0,-0.005524,-0.006419,0.0,-0.003541,-0.002897,-0.009803,-0.009853,-0.0,-0.009072,-0.0,-0.006823,-0.002389,0.0,-0.002411,-0.01087,-0.006491,-0.006398,-0.006378,-0.00987,-0.002533,-0.000641,-0.001,-0.0,-6e-06,-0.003703,-0.00424,-0.006532
2017-06-01 12:28:00+02:00,-0.0,0.0,-0.0,-0.005673,-0.0,-0.0,-0.001447,-0.002682,-0.006017,-0.0,-0.0,-0.0,-0.006427,-0.006315,-0.002321,-0.008141,-0.0,-0.0,-0.0,-0.009828,0.0,-0.009657,-0.004357,-0.0,-0.009561,-0.009628,-0.002357,0.0,-0.000977,-0.0,-0.0,-0.005593,0.0,-0.005006,-0.006151,-0.0,-0.0,-0.003963,0.0,-0.010913,-0.002471,-0.0,-0.003166,0.0,-0.0,-0.001445,-0.002018,-0.005019,-0.002728,0.0,-0.0,-0.005397,-0.004839,-0.006315,-0.0,0.0,-0.0,-0.0,0.0,-0.001251,-0.005386,-0.010112,-0.00496,0.0,-0.0,-0.008724,-0.000743,-0.005339,0.0,-0.000671,-0.002137,-0.0,-0.0,-0.005511,-0.006161,0.0,-0.0,-0.0,-0.002839,-0.0,-0.004962,-0.0,-0.00193,-0.010018,-0.0,-0.0,-0.00652,-0.0,-0.0,-0.0,-0.0,-0.005523,-0.006427,0.0,-0.003544,-0.002913,-0.009802,-0.009853,-0.0,-0.009094,-0.0,-0.006823,-0.002389,0.0,-0.002425,-0.010884,-0.006498,-0.006418,-0.006376,-0.009871,-0.002546,-0.000639,-0.001002,-0.0,-4e-06,-0.003706,-0.004239,-0.006539
2017-06-01 12:29:00+02:00,-0.0,0.0,-0.0,-0.005659,-0.0,-0.0,-0.001457,-0.002691,-0.006005,-0.0,-0.0,-0.0,-0.006431,-0.006321,-0.00232,-0.008121,-0.0,-0.0,-0.0,-0.009849,0.0,-0.00968,-0.004376,-0.0,-0.009551,-0.009604,-0.002367,0.0,-0.000969,-0.0,-0.0,-0.005584,0.0,-0.005002,-0.00616,-0.0,-0.0,-0.003981,0.0,-0.010919,-0.002482,-0.0,-0.003179,0.0,-0.0,-0.001433,-0.002008,-0.005026,-0.002724,0.0,-0.0,-0.005408,-0.004828,-0.006321,-0.0,0.0,-0.0,-0.0,0.0,-0.001267,-0.005396,-0.010113,-0.004946,0.0,-0.0,-0.008703,-0.000752,-0.005348,0.0,-0.00068,-0.002144,-0.0,-0.0,-0.005526,-0.006168,0.0,-0.0,-0.0,-0.002856,-0.0,-0.004948,-0.0,-0.001918,-0.010021,-0.0,-0.0,-0.006521,-0.0,-0.0,-0.0,-0.0,-0.005509,-0.006431,0.0,-0.003538,-0.002908,-0.009774,-0.009826,-0.0,-0.00908,-0.0,-0.006807,-0.002395,0.0,-0.002436,-0.010891,-0.006501,-0.006411,-0.006359,-0.009846,-0.002557,-0.000632,-0.00101,-0.0,-4e-06,-0.003718,-0.004225,-0.006542
2017-06-01 12:30:00+02:00,-0.0,0.0,-0.0,-0.005642,-0.0,-0.0,-0.001456,-0.002689,-0.005991,-0.0,-0.0,-0.0,-0.006433,-0.006324,-0.002318,-0.008096,-0.0,-0.0,-0.0,-0.009798,0.0,-0.009632,-0.004375,-0.0,-0.009536,-0.009574,-0.002365,0.0,-0.000961,-0.0,-0.0,-0.005574,0.0,-0.004997,-0.006166,-0.0,-0.0,-0.003978,0.0,-0.010919,-0.00248,-0.0,-0.003154,0.0,-0.0,-0.00142,-0.001998,-0.004995,-0.002718,0.0,-0.0,-0.005378,-0.004814,-0.006324,-0.0,0.0,-0.0,-0.0,0.0,-0.001267,-0.005364,-0.010108,-0.004929,0.0,-0.0,-0.008676,-0.000752,-0.005314,0.0,-0.000681,-0.002128,-0.0,-0.0,-0.005501,-0.006173,0.0,-0.0,-0.0,-0.002856,-0.0,-0.004933,-0.0,-0.001905,-0.010018,-0.0,-0.0,-0.00651,-0.0,-0.0,-0.0,-0.0,-0.005492,-0.006433,0.0,-0.00353,-0.002902,-0.009741,-0.009793,-0.0,-0.009062,-0.0,-0.006786,-0.002377,0.0,-0.002434,-0.010892,-0.006502,-0.006401,-0.006338,-0.009815,-0.002555,-0.000624,-0.000998,-0.0,-3e-06,-0.003691,-0.004209,-0.006541
2017-06-01 12:31:00+02:00,-0.0,0.0,-0.0,-0.005745,-0.0,-0.0,-0.001484,-0.002714,-0.006013,-0.0,-0.0,-0.0,-0.006433,-0.006326,-0.002347,-0.008214,-0.0,-0.0,-0.0,-0.009869,0.0,-0.009704,-0.004421,-0.0,-0.00958,-0.009711,-0.002391,0.0,-0.001013,-0.0,-0.0,-0.005599,0.0,-0.005026,-0.006171,-0.0,-0.0,-0.004024,0.0,-0.010913,-0.002507,-0.0,-0.003226,0.0,-0.0,-0.001508,-0.002052,-0.005035,-0.002745,0.0,-0.0,-0.00542,-0.004886,-0.006326,-0.0,0.0,-0.0,-0.0,0.0,-0.001317,-0.005406,-0.010157,-0.005029,0.0,-0.0,-0.0088,-0.000781,-0.005354,0.0,-0.000711,-0.002171,-0.0,-0.0,-0.005546,-0.006177,0.0,-0.0,-0.0,-0.002904,-0.0,-0.005003,-0.0,-0.001993,-0.010068,-0.0,-0.0,-0.0065,-0.0,-0.0,-0.0,-0.0,-0.00557,-0.006433,0.0,-0.003593,-0.002951,-0.009878,-0.009933,-0.0,-0.009104,-0.0,-0.006896,-0.002418,0.0,-0.002462,-0.01089,-0.006498,-0.006446,-0.006443,-0.009956,-0.002582,-0.000676,-0.001045,-0.0,-2.8e-05,-0.003763,-0.004306,-0.006535
2017-06-01 12:32:00+02:00,-0.0,0.0,-0.0,-0.005805,-0.0,-0.0,-0.001495,-0.002724,-0.006003,-0.0,-0.0,-0.0,-0.006438,-0.006333,-0.002347,-0.008287,-0.0,-0.0,-0.0,-0.009927,0.0,-0.009763,-0.00444,-0.0,-0.009574,-0.0098,-0.002401,0.0,-0.00104,-0.0,-0.0,-0.005593,0.0,-0.005024,-0.006181,-0.0,-0.0,-0.004043,0.0,-0.010921,-0.002519,-0.0,-0.003279,0.0,-0.0,-0.001553,-0.002081,-0.005066,-0.002741,0.0,-0.0,-0.005454,-0.004929,-0.006333,-0.0,0.0,-0.0,-0.0,0.0,-0.001337,-0.00544,-0.010148,-0.005086,0.0,-0.0,-0.008878,-0.000792,-0.005385,0.0,-0.000723,-0.002201,-0.0,-0.0,-0.005583,-0.006185,0.0,-0.0,-0.0,-0.002923,-0.0,-0.005046,-0.0,-0.002039,-0.010061,-0.0,-0.0,-0.006504,-0.0,-0.0,-0.0,-0.0,-0.005619,-0.006438,0.0,-0.003632,-0.002948,-0.009966,-0.010023,-0.0,-0.009095,-0.0,-0.006961,-0.002448,0.0,-0.002474,-0.010898,-0.006503,-0.006438,-0.006504,-0.010048,-0.002593,-0.000702,-0.001076,-0.0,-2.8e-05,-0.003815,-0.004359,-0.006539
2017-06-01 12:33:00+02:00,-0.0,0.0,-0.0,-0.005826,-0.0,-0.0,-0.001474,-0.0027,-0.00599,-0.0,-0.0,-0.0,-0.006441,-0.006336,-0.002341,-0.008316,-0.0,-0.0,-0.0,-0.009925,0.0,-0.009764,-0.004405,-0.0,-0.009562,-0.009842,-0.002378,0.0,-0.001046,-0.0,-0.0,-0.005584,0.0,-0.005018,-0.006188,-0.0,-0.0,-0.004006,0.0,-0.010922,-0.002497,-0.0,-0.003289,0.0,-0.0,-0.001563,-0.002088,-0.005065,-0.002731,0.0,-0.0,-0.005455,-0.004948,-0.006336,-0.0,0.0,-0.0,-0.0,0.0,-0.001306,-0.00544,-0.010133,-0.005105,0.0,-0.0,-0.008911,-0.000773,-0.005383,0.0,-0.000704,-0.002207,-0.0,-0.0,-0.005585,-0.006191,0.0,-0.0,-0.0,-0.002888,-0.0,-0.005063,-0.0,-0.002051,-0.010048,-0.0,-0.0,-0.006503,-0.0,-0.0,-0.0,-0.0,-0.005642,-0.006441,0.0,-0.003647,-0.002935,-0.010008,-0.010065,-0.0,-0.00908,-0.0,-0.006985,-0.002453,0.0,-0.002452,-0.0109,-0.006504,-0.006422,-0.006524,-0.010093,-0.002571,-0.000707,-0.001083,-0.0,-2.2e-05,-0.003825,-0.004375,-0.00654
2017-06-01 12:34:00+02:00,-0.0,0.0,-0.0,-0.005853,-0.0,-0.0,-0.001452,-0.002678,-0.006002,-0.0,-0.0,-0.0,-0.006455,-0.006353,-0.002351,-0.008355,-0.0,-0.0,-0.0,-0.009903,0.0,-0.009743,-0.004373,-0.0,-0.009592,-0.009894,-0.002356,0.0,-0.00105,-0.0,-0.0,-0.005599,0.0,-0.005035,-0.006206,-0.0,-0.0,-0.003972,0.0,-0.010947,-0.002476,-0.0,-0.00328,0.0,-0.0,-0.001572,-0.002096,-0.00505,-0.002737,0.0,-0.0,-0.005442,-0.004971,-0.006353,-0.0,0.0,-0.0,-0.0,0.0,-0.001272,-0.005427,-0.01017,-0.005128,0.0,-0.0,-0.008954,-0.000753,-0.005368,0.0,-0.000684,-0.0022,-0.0,-0.0,-0.005575,-0.006209,0.0,-0.0,-0.0,-0.002852,-0.0,-0.005085,-0.0,-0.002061,-0.010086,-0.0,-0.0,-0.006514,-0.0,-0.0,-0.0,-0.0,-0.005669,-0.006455,0.0,-0.003666,-0.002945,-0.010057,-0.010117,-0.0,-0.009107,-0.0,-0.007017,-0.002444,0.0,-0.002431,-0.010925,-0.006517,-0.006441,-0.006552,-0.010146,-0.00255,-0.000711,-0.001078,-0.0,-1.8e-05,-0.003815,-0.004394,-0.006553
2017-06-01 12:35:00+02:00,-0.0,0.0,-0.0,-0.005911,-0.0,-0.0,-0.001445,-0.002676,-0.006039,-0.0,-0.0,-0.0,-0.006478,-0.006377,-0.002373,-0.008434,-0.0,-0.0,-0.0,-0.009937,0.0,-0.009778,-0.004374,-0.0,-0.009664,-0.00999,-0.002353,0.0,-0.001065,-0.0,-0.0,-0.005637,0.0,-0.005075,-0.006234,-0.0,-0.0,-0.00397,0.0,-0.010989,-0.002475,-0.0,-0.003298,0.0,-0.0,-0.001596,-0.002116,-0.005064,-0.002757,0.0,-0.0,-0.00546,-0.005017,-0.006377,-0.0,0.0,-0.0,-0.0,0.0,-0.001261,-0.005443,-0.010254,-0.00518,0.0,-0.0,-0.009039,-0.000745,-0.005381,0.0,-0.000676,-0.00221,-0.0,-0.0,-0.005595,-0.006236,0.0,-0.0,-0.0,-0.002844,-0.0,-0.005129,-0.0,-0.00209,-0.010171,-0.0,-0.0,-0.006533,-0.0,-0.0,-0.0,-0.0,-0.00572,-0.006478,0.0,-0.003703,-0.002973,-0.010152,-0.010213,-0.0,-0.009175,-0.0,-0.007084,-0.002453,0.0,-0.002429,-0.010967,-0.006539,-0.006492,-0.006614,-0.010245,-0.002548,-0.000723,-0.001085,-0.0,-1.4e-05,-0.003834,-0.00444,-0.006574
2017-06-01 12:36:00+02:00,-0.0,0.0,-0.0,-0.005947,-0.0,-0.0,-0.00143,-0.002665,-0.00603,-0.0,-0.0,-0.0,-0.006494,-0.006395,-0.002356,-0.00849,-0.0,-0.0,-0.0,-0.009962,0.0,-0.009803,-0.004361,-0.0,-0.009661,-0.010062,-0.002341,0.0,-0.001066,-0.0,-0.0,-0.005631,0.0,-0.005072,-0.006254,-0.0,-0.0,-0.003953,0.0,-0.011016,-0.002465,-0.0,-0.003298,0.0,-0.0,-0.001599,-0.002124,-0.005072,-0.002737,0.0,-0.0,-0.005472,-0.00505,-0.006395,-0.0,0.0,-0.0,-0.0,0.0,-0.001233,-0.005454,-0.010262,-0.00521,0.0,-0.0,-0.009101,-0.000728,-0.00539,0.0,-0.000659,-0.00221,-0.0,-0.0,-0.00561,-0.006255,0.0,-0.0,-0.0,-0.002822,-0.0,-0.005161,-0.0,-0.002096,-0.01018,-0.0,-0.0,-0.006545,-0.0,-0.0,-0.0,-0.0,-0.005758,-0.006494,0.0,-0.003728,-0.002937,-0.010222,-0.010285,-0.0,-0.009166,-0.0,-0.007129,-0.002454,0.0,-0.002419,-0.010995,-0.006553,-0.006471,-0.006653,-0.010319,-0.002538,-0.000722,-0.00108,-0.0,-1.1e-05,-0.003836,-0.004464,-0.006588
2017-06-01 12:37:00+02:00,-0.0,0.0,-0.0,-0.005971,-0.0,-0.0,-0.001411,-0.002651,-0.006041,-0.0,-0.0,-0.0,-0.00651,-0.006414,-0.002355,-0.008529,-0.0,-0.0,-0.0,-0.009985,0.0,-0.009827,-0.004342,-0.0,-0.009691,-0.010113,-0.002326,0.0,-0.001063,-0.0,-0.0,-0.005643,0.0,-0.005085,-0.006275,-0.0,-0.0,-0.00393,0.0,-0.011046,-0.00245,-0.0,-0.0033,0.0,-0.0,-0.001595,-0.002126,-0.005078,-0.002732,0.0,-0.0,-0.005482,-0.005072,-0.006414,-0.0,0.0,-0.0,-0.0,0.0,-0.001201,-0.005464,-0.010297,-0.005228,0.0,-0.0,-0.009144,-0.000709,-0.005397,0.0,-0.000639,-0.00221,-0.0,-0.0,-0.005624,-0.006276,0.0,-0.0,-0.0,-0.002794,-0.0,-0.005181,-0.0,-0.002095,-0.010216,-0.0,-0.0,-0.006557,-0.0,-0.0,-0.0,-0.0,-0.005784,-0.00651,0.0,-0.003745,-0.002927,-0.010272,-0.010336,-0.0,-0.00919,-0.0,-0.00716,-0.002453,0.0,-0.002405,-0.011026,-0.006568,-0.006479,-0.006678,-0.010372,-0.002524,-0.000718,-0.001076,-0.0,-9e-06,-0.003839,-0.004476,-0.006603
2017-06-01 12:38:00+02:00,-0.0,0.0,-0.0,-0.006003,-0.0,-0.0,-0.001392,-0.002635,-0.006055,-0.0,-0.0,-0.0,-0.006519,-0.006425,-0.00236,-0.008573,-0.0,-0.0,-0.0,-0.010017,0.0,-0.009861,-0.00432,-0.0,-0.009726,-0.010168,-0.002308,0.0,-0.001067,-0.0,-0.0,-0.005659,0.0,-0.005102,-0.006288,-0.0,-0.0,-0.003903,0.0,-0.011063,-0.002433,-0.0,-0.003314,0.0,-0.0,-0.001602,-0.002135,-0.005091,-0.002734,0.0,-0.0,-0.005499,-0.005098,-0.006425,-0.0,0.0,-0.0,-0.0,0.0,-0.001168,-0.00548,-0.010329,-0.005256,0.0,-0.0,-0.009192,-0.000688,-0.00541,0.0,-0.000619,-0.002218,-0.0,-0.0,-0.005643,-0.006289,0.0,-0.0,-0.0,-0.002764,-0.0,-0.005205,-0.0,-0.002106,-0.01025,-0.0,-0.0,-0.006562,-0.0,-0.0,-0.0,-0.0,-0.005812,-0.006519,0.0,-0.003766,-0.002929,-0.010324,-0.01039,-0.0,-0.009218,-0.0,-0.007197,-0.002461,0.0,-0.002388,-0.011044,-0.006576,-0.006493,-0.00671,-0.010428,-0.002509,-0.00072,-0.001081,-0.0,-7e-06,-0.003855,-0.004498,-0.00661
2017-06-01 12:39:00+02:00,-0.0,0.0,-0.0,-0.006007,-0.0,-0.0,-0.001367,-0.002613,-0.006077,-0.0,-0.0,-0.0,-0.006529,-0.006436,-0.002374,-0.008585,-0.0,-0.0,-0.0,-0.010022,0.0,-0.009868,-0.004289,-0.0,-0.009776,-0.010188,-0.002284,0.0,-0.001058,-0.0,-0.0,-0.005684,0.0,-0.005127,-0.006302,-0.0,-0.0,-0.003866,0.0,-0.01108,-0.002411,-0.0,-0.003308,0.0,-0.0,-0.001589,-0.002129,-0.005088,-0.002746,0.0,-0.0,-0.0055,-0.005104,-0.006436,-0.0,0.0,-0.0,-0.0,0.0,-0.001128,-0.00548,-0.010381,-0.005256,0.0,-0.0,-0.009207,-0.000664,-0.005408,0.0,-0.000594,-0.002213,-0.0,-0.0,-0.005647,-0.006302,0.0,-0.0,-0.0,-0.002726,-0.0,-0.00521,-0.0,-0.002095,-0.010304,-0.0,-0.0,-0.006567,-0.0,-0.0,-0.0,-0.0,-0.005821,-0.006529,0.0,-0.00377,-0.002945,-0.010342,-0.010409,-0.0,-0.009261,-0.0,-0.007205,-0.002455,0.0,-0.002366,-0.011061,-0.006584,-0.006524,-0.006714,-0.010449,-0.002487,-0.000711,-0.001075,-0.0,-6e-06,-0.003849,-0.004495,-0.006617
2017-06-01 12:40:00+02:00,-0.0,0.0,-0.0,-0.006021,-0.0,-0.0,-0.001353,-0.0026,-0.006105,-0.0,-0.0,-0.0,-0.006536,-0.006446,-0.002395,-0.008608,-0.0,-0.0,-0.0,-0.010036,0.0,-0.009884,-0.004272,-0.0,-0.009835,-0.010218,-0.00227,0.0,-0.001055,-0.0,-0.0,-0.005714,0.0,-0.005158,-0.006314,-0.0,-0.0,-0.003846,0.0,-0.011095,-0.002399,-0.0,-0.003311,0.0,-0.0,-0.001585,-0.002128,-0.005091,-0.002765,0.0,-0.0,-0.005506,-0.005117,-0.006446,-0.0,0.0,-0.0,-0.0,0.0,-0.001103,-0.005485,-0.010441,-0.005266,0.0,-0.0,-0.009232,-0.000648,-0.005411,0.0,-0.000579,-0.002214,-0.0,-0.0,-0.005656,-0.006314,0.0,-0.0,-0.0,-0.002703,-0.0,-0.005221,-0.0,-0.002093,-0.010366,-0.0,-0.0,-0.00657,-0.0,-0.0,-0.0,-0.0,-0.005834,-0.006536,0.0,-0.00378,-0.002973,-0.01037,-0.010437,-0.0,-0.009314,-0.0,-0.007222,-0.002456,0.0,-0.002354,-0.011077,-0.00659,-0.006566,-0.006727,-0.010479,-0.002475,-0.000707,-0.001074,-0.0,-5e-06,-0.003853,-0.004501,-0.006623
2017-06-01 12:41:00+02:00,-0.0,0.0,-0.0,-0.006038,-0.0,-0.0,-0.001357,-0.002607,-0.006119,-0.0,-0.0,-0.0,-0.006542,-0.006453,-0.002408,-0.008631,-0.0,-0.0,-0.0,-0.010075,0.0,-0.009924,-0.004289,-0.0,-0.009875,-0.010249,-0.002276,0.0,-0.001055,-0.0,-0.0,-0.005731,0.0,-0.005178,-0.006324,-0.0,-0.0,-0.00386,0.0,-0.011109,-0.002406,-0.0,-0.003328,0.0,-0.0,-0.001585,-0.002129,-0.005105,-0.002776,0.0,-0.0,-0.005524,-0.005129,-0.006453,-0.0,0.0,-0.0,-0.0,0.0,-0.001109,-0.005503,-0.010483,-0.00528,0.0,-0.0,-0.009258,-0.000651,-0.005426,0.0,-0.000583,-0.002222,-0.0,-0.0,-0.005678,-0.006324,0.0,-0.0,-0.0,-0.002715,-0.0,-0.005232,-0.0,-0.002096,-0.01041,-0.0,-0.0,-0.00657,-0.0,-0.0,-0.0,-0.0,-0.005848,-0.006542,0.0,-0.003791,-0.002989,-0.010398,-0.010467,-0.0,-0.009349,-0.0,-0.007241,-0.002464,0.0,-0.002361,-0.011092,-0.006595,-0.006593,-0.006743,-0.01051,-0.002483,-0.000705,-0.001081,-0.0,-4e-06,-0.003871,-0.004511,-0.006627
2017-06-01 12:42:00+02:00,-0.0,0.0,-0.0,-0.006054,-0.0,-0.0,-0.00136,-0.002612,-0.006127,-0.0,-0.0,-0.0,-0.00655,-0.006464,-0.002415,-0.008655,-0.0,-0.0,-0.0,-0.010099,0.0,-0.00995,-0.004305,-0.0,-0.009905,-0.010279,-0.002281,0.0,-0.001054,-0.0,-0.0,-0.005742,0.0,-0.005191,-0.006336,-0.0,-0.0,-0.003872,0.0,-0.011127,-0.002413,-0.0,-0.003336,0.0,-0.0,-0.001586,-0.00213,-0.005111,-0.00278,0.0,-0.0,-0.005533,-0.00514,-0.006464,-0.0,0.0,-0.0,-0.0,0.0,-0.001113,-0.005512,-0.010513,-0.005293,0.0,-0.0,-0.009284,-0.000653,-0.005433,0.0,-0.000584,-0.002225,-0.0,-0.0,-0.005691,-0.006337,0.0,-0.0,-0.0,-0.002724,-0.0,-0.005242,-0.0,-0.002098,-0.010442,-0.0,-0.0,-0.006573,-0.0,-0.0,-0.0,-0.0,-0.00586,-0.00655,0.0,-0.003801,-0.002998,-0.010425,-0.010495,-0.0,-0.009373,-0.0,-0.007261,-0.002466,0.0,-0.002367,-0.011111,-0.006601,-0.006609,-0.006758,-0.01054,-0.002489,-0.000704,-0.001082,-0.0,-3e-06,-0.003879,-0.00452,-0.006634
2017-06-01 12:43:00+02:00,-0.0,0.0,-0.0,-0.006077,-0.0,-0.0,-0.001368,-0.002623,-0.006144,-0.0,-0.0,-0.0,-0.006553,-0.006469,-0.002431,-0.008684,-0.0,-0.0,-0.0,-0.010135,0.0,-0.009988,-0.00433,-0.0,-0.009949,-0.010313,-0.002291,0.0,-0.001058,-0.0,-0.0,-0.005762,0.0,-0.005213,-0.006344,-0.0,-0.0,-0.003892,0.0,-0.011136,-0.002424,-0.0,-0.003357,0.0,-0.0,-0.001595,-0.002136,-0.005125,-0.002794,0.0,-0.0,-0.00555,-0.005155,-0.006469,-0.0,0.0,-0.0,-0.0,0.0,-0.001126,-0.005529,-0.010558,-0.005313,0.0,-0.0,-0.009315,-0.000659,-0.005447,0.0,-0.000591,-0.002236,-0.0,-0.0,-0.005712,-0.006344,0.0,-0.0,-0.0,-0.002741,-0.0,-0.005255,-0.0,-0.002109,-0.010489,-0.0,-0.0,-0.006563,-0.0,-0.0,-0.0,-0.0,-0.005876,-0.006553,0.0,-0.003815,-0.003021,-0.010456,-0.010527,-0.0,-0.009411,-0.0,-0.007286,-0.002477,0.0,-0.002379,-0.011121,-0.006603,-0.006641,-0.00678,-0.010574,-0.002501,-0.000708,-0.001093,-0.0,-2e-06,-0.003901,-0.004537,-0.006635
2017-06-01 12:44:00+02:00,-0.0,0.0,-0.0,-0.006067,-0.0,-0.0,-0.001355,-0.002611,-0.006148,-0.0,-0.0,-0.0,-0.006554,-0.006472,-0.002435,-0.008675,-0.0,-0.0,-0.0,-0.010113,0.0,-0.009968,-0.004313,-0.0,-0.009967,-0.010307,-0.002277,0.0,-0.001046,-0.0,-0.0,-0.005769,0.0,-0.005222,-0.006349,-0.0,-0.0,-0.003873,0.0,-0.011138,-0.002412,-0.0,-0.003331,0.0,-0.0,-0.001575,-0.002124,-0.005107,-0.002795,0.0,-0.0,-0.005535,-0.005149,-0.006472,-0.0,0.0,-0.0,-0.0,0.0,-0.001104,-0.005513,-0.010577,-0.0053,0.0,-0.0,-0.009307,-0.000645,-0.005429,0.0,-0.000578,-0.00222,-0.0,-0.0,-0.0057,-0.006349,0.0,-0.0,-0.0,-0.002721,-0.0,-0.005248,-0.0,-0.002091,-0.01051,-0.0,-0.0,-0.006551,-0.0,-0.0,-0.0,-0.0,-0.00587,-0.006554,0.0,-0.00381,-0.003023,-0.010448,-0.010518,-0.0,-0.009424,-0.0,-0.007276,-0.002459,0.0,-0.002366,-0.011124,-0.006602,-0.006648,-0.006767,-0.010568,-0.00249,-0.000696,-0.001077,-0.0,-2e-06,-0.003874,-0.004522,-0.006633
2017-06-01 12:45:00+02:00,-0.0,0.0,-0.0,-0.006049,-0.0,-0.0,-0.001347,-0.002603,-0.00615,-0.0,-0.0,-0.0,-0.006531,-0.006458,-0.00244,-0.008655,-0.0,-0.0,-0.0,-0.010043,0.0,-0.0099,-0.004304,-0.0,-0.00998,-0.010287,-0.002269,0.0,-0.001037,-0.0,-0.0,-0.005775,0.0,-0.005229,-0.006346,-0.0,-0.0,-0.00386,0.0,-0.011082,-0.002405,-0.0,-0.00327,0.0,-0.0,-0.001561,-0.002113,-0.005065,-0.002797,0.0,-0.0,-0.005495,-0.005138,-0.006458,-0.0,0.0,-0.0,-0.0,0.0,-0.001093,-0.005472,-0.010587,-0.005283,0.0,-0.0,-0.009287,-0.000639,-0.005386,0.0,-0.000572,-0.002181,-0.0,-0.0,-0.005663,-0.006346,0.0,-0.0,-0.0,-0.002709,-0.0,-0.005237,-0.0,-0.002077,-0.010522,-0.0,-0.0,-0.006518,-0.0,-0.0,-0.0,-0.0,-0.005858,-0.006531,0.0,-0.003802,-0.003028,-0.010424,-0.010496,-0.0,-0.009433,-0.0,-0.007257,-0.002419,0.0,-0.002359,-0.011073,-0.006574,-0.006653,-0.006746,-0.010547,-0.002483,-0.000687,-0.001046,-0.0,-2e-06,-0.003808,-0.004504,-0.006605
2017-06-01 12:46:00+02:00,-0.0,0.0,-0.0,-0.00602,-0.0,-0.0,-0.001344,-0.0026,-0.006141,-0.0,-0.0,-0.0,-0.006535,-0.006462,-0.002436,-0.008619,-0.0,-0.0,-0.0,-0.009968,0.0,-0.009827,-0.004301,-0.0,-0.009973,-0.010249,-0.002265,0.0,-0.001022,-0.0,-0.0,-0.00577,0.0,-0.005226,-0.00635,-0.0,-0.0,-0.003854,0.0,-0.011088,-0.002402,-0.0,-0.0032,0.0,-0.0,-0.001537,-0.002096,-0.005018,-0.002789,0.0,-0.0,-0.005451,-0.005119,-0.006462,-0.0,0.0,-0.0,-0.0,0.0,-0.001089,-0.005428,-0.010577,-0.005255,0.0,-0.0,-0.009251,-0.000636,-0.00534,0.0,-0.000569,-0.002137,-0.0,-0.0,-0.005623,-0.00635,0.0,-0.0,-0.0,-0.002705,-0.0,-0.005216,-0.0,-0.002052,-0.010515,-0.0,-0.0,-0.006521,-0.0,-0.0,-0.0,-0.0,-0.005836,-0.006535,0.0,-0.003787,-0.003018,-0.010383,-0.010455,-0.0,-0.009422,-0.0,-0.007224,-0.002373,0.0,-0.002356,-0.011079,-0.006578,-0.00664,-0.006712,-0.010508,-0.002481,-0.000673,-0.00101,-0.0,-1e-06,-0.003732,-0.004476,-0.006609
2017-06-01 12:47:00+02:00,-0.0,0.0,-0.0,-0.006016,-0.0,-0.0,-0.001357,-0.002614,-0.006132,-0.0,-0.0,-0.0,-0.006543,-0.006471,-0.002431,-0.008614,-0.0,-0.0,-0.0,-0.009926,0.0,-0.009787,-0.004327,-0.0,-0.009967,-0.010244,-0.002278,0.0,-0.001018,-0.0,-0.0,-0.005764,0.0,-0.005222,-0.006359,-0.0,-0.0,-0.003878,0.0,-0.011102,-0.002417,-0.0,-0.003147,0.0,-0.0,-0.001532,-0.002091,-0.004989,-0.00278,0.0,-0.0,-0.005424,-0.005116,-0.006471,-0.0,0.0,-0.0,-0.0,0.0,-0.00111,-0.005401,-0.010564,-0.00525,0.0,-0.0,-0.009246,-0.000648,-0.005311,0.0,-0.000581,-0.002103,-0.0,-0.0,-0.005601,-0.006359,0.0,-0.0,-0.0,-0.002728,-0.0,-0.005212,-0.0,-0.002047,-0.010503,-0.0,-0.0,-0.006527,-0.0,-0.0,-0.0,-0.0,-0.005832,-0.006543,0.0,-0.003786,-0.003007,-0.010374,-0.010447,-0.0,-0.009412,-0.0,-0.007219,-0.002338,0.0,-0.00237,-0.011094,-0.006585,-0.006626,-0.006705,-0.010502,-0.002496,-0.000669,-0.000983,-0.0,-1e-06,-0.003675,-0.00447,-0.006617
2017-06-01 12:48:00+02:00,-0.0,0.0,-0.0,-0.006023,-0.0,-0.0,-0.001365,-0.002622,-0.006135,-0.0,-0.0,-0.0,-0.00655,-0.006478,-0.002434,-0.008623,-0.0,-0.0,-0.0,-0.009933,0.0,-0.009795,-0.004345,-0.0,-0.009978,-0.010255,-0.002286,0.0,-0.00102,-0.0,-0.0,-0.005769,0.0,-0.005227,-0.006368,-0.0,-0.0,-0.003893,0.0,-0.011112,-0.002426,-0.0,-0.003138,0.0,-0.0,-0.001536,-0.002092,-0.004988,-0.00278,0.0,-0.0,-0.005427,-0.005122,-0.006478,-0.0,0.0,-0.0,-0.0,0.0,-0.001125,-0.005404,-0.010566,-0.005256,0.0,-0.0,-0.009256,-0.000657,-0.005311,0.0,-0.00059,-0.002097,-0.0,-0.0,-0.005607,-0.006368,0.0,-0.0,-0.0,-0.002744,-0.0,-0.005218,-0.0,-0.002052,-0.010507,-0.0,-0.0,-0.006532,-0.0,-0.0,-0.0,-0.0,-0.005839,-0.00655,0.0,-0.003792,-0.003008,-0.010382,-0.010456,-0.0,-0.009417,-0.0,-0.007227,-0.002331,0.0,-0.002379,-0.011105,-0.006592,-0.006626,-0.006711,-0.010512,-0.002506,-0.000671,-0.00098,-0.0,-1e-06,-0.003665,-0.004475,-0.006623
2017-06-01 12:49:00+02:00,-0.0,0.0,-0.0,-0.006021,-0.0,-0.0,-0.001365,-0.002621,-0.006138,-0.0,-0.0,-0.0,-0.006553,-0.006482,-0.002438,-0.00862,-0.0,-0.0,-0.0,-0.009947,0.0,-0.009811,-0.004344,-0.0,-0.009989,-0.010252,-0.002283,0.0,-0.001019,-0.0,-0.0,-0.005775,0.0,-0.005234,-0.006372,-0.0,-0.0,-0.003888,0.0,-0.011113,-0.002424,-0.0,-0.003147,0.0,-0.0,-0.001535,-0.00209,-0.004995,-0.002782,0.0,-0.0,-0.005436,-0.005122,-0.006482,-0.0,0.0,-0.0,-0.0,0.0,-0.001129,-0.005414,-0.01057,-0.005254,0.0,-0.0,-0.009253,-0.000659,-0.005318,0.0,-0.000592,-0.002102,-0.0,-0.0,-0.00562,-0.006372,0.0,-0.0,-0.0,-0.002744,-0.0,-0.005217,-0.0,-0.002051,-0.010513,-0.0,-0.0,-0.006528,-0.0,-0.0,-0.0,-0.0,-0.005838,-0.006553,0.0,-0.003794,-0.003012,-0.010375,-0.01045,-0.0,-0.009424,-0.0,-0.007224,-0.002335,0.0,-0.002376,-0.011106,-0.006593,-0.006629,-0.006705,-0.010509,-0.002506,-0.000671,-0.000985,-0.0,-1e-06,-0.003673,-0.004472,-0.006625
2017-06-01 12:50:00+02:00,-0.0,0.0,-0.0,-0.005993,-0.0,-0.0,-0.001384,-0.002639,-0.006118,-0.0,-0.0,-0.0,-0.006548,-0.006482,-0.002423,-0.008588,-0.0,-0.0,-0.0,-0.009899,0.0,-0.009765,-0.004376,-0.0,-0.009961,-0.010219,-0.002301,0.0,-0.001007,-0.0,-0.0,-0.005757,0.0,-0.005219,-0.006374,-0.0,-0.0,-0.00392,0.0,-0.01108,-0.002445,-0.0,-0.003122,0.0,-0.0,-0.001514,-0.002075,-0.004971,-0.002763,0.0,-0.0,-0.005413,-0.005106,-0.006482,-0.0,0.0,-0.0,-0.0,0.0,-0.00116,-0.005391,-0.010539,-0.005227,0.0,-0.0,-0.00922,-0.000677,-0.005292,0.0,-0.000611,-0.002087,-0.0,-0.0,-0.005597,-0.006374,0.0,-0.0,-0.0,-0.002776,-0.0,-0.0052,-0.0,-0.00203,-0.010484,-0.0,-0.0,-0.006508,-0.0,-0.0,-0.0,-0.0,-0.00582,-0.006548,0.0,-0.00378,-0.002983,-0.010338,-0.010414,-0.0,-0.009391,-0.0,-0.007194,-0.002319,0.0,-0.002395,-0.011077,-0.006585,-0.006596,-0.006674,-0.010474,-0.002525,-0.000659,-0.000973,-0.0,-1e-06,-0.003647,-0.004446,-0.006619
2017-06-01 12:51:00+02:00,-0.0,0.0,-0.0,-0.005989,-0.0,-0.0,-0.001405,-0.002659,-0.006111,-0.0,-0.0,-0.0,-0.006556,-0.00649,-0.00242,-0.008583,-0.0,-0.0,-0.0,-0.009952,0.0,-0.00982,-0.004412,-0.0,-0.009956,-0.010213,-0.002322,0.0,-0.001006,-0.0,-0.0,-0.005753,0.0,-0.005216,-0.006383,-0.0,-0.0,-0.003956,0.0,-0.011095,-0.002468,-0.0,-0.003167,0.0,-0.0,-0.001514,-0.002072,-0.004999,-0.002757,0.0,-0.0,-0.005445,-0.005104,-0.00649,-0.0,0.0,-0.0,-0.0,0.0,-0.001196,-0.005424,-0.010528,-0.005223,0.0,-0.0,-0.009215,-0.000698,-0.005322,0.0,-0.000632,-0.002114,-0.0,-0.0,-0.005632,-0.006383,0.0,-0.0,-0.0,-0.002813,-0.0,-0.005197,-0.0,-0.002029,-0.010474,-0.0,-0.0,-0.006514,-0.0,-0.0,-0.0,-0.0,-0.005817,-0.006556,0.0,-0.00378,-0.002975,-0.010328,-0.010404,-0.0,-0.009382,-0.0,-0.007189,-0.002345,0.0,-0.002417,-0.011092,-0.006593,-0.006585,-0.006667,-0.010467,-0.002547,-0.000658,-0.000995,-0.0,-0.0,-0.003693,-0.004442,-0.006626
2017-06-01 12:52:00+02:00,-0.0,0.0,-0.0,-0.006026,-0.0,-0.0,-0.001429,-0.002684,-0.006112,-0.0,-0.0,-0.0,-0.006567,-0.006502,-0.002423,-0.008625,-0.0,-0.0,-0.0,-0.010057,0.0,-0.009926,-0.004457,-0.0,-0.009965,-0.010258,-0.002347,0.0,-0.001022,-0.0,-0.0,-0.005755,0.0,-0.00522,-0.006396,-0.0,-0.0,-0.004001,0.0,-0.011116,-0.002496,-0.0,-0.003238,0.0,-0.0,-0.001542,-0.002089,-0.005053,-0.002756,0.0,-0.0,-0.005504,-0.005129,-0.006502,-0.0,0.0,-0.0,-0.0,0.0,-0.001235,-0.005483,-0.010521,-0.005259,0.0,-0.0,-0.009258,-0.00072,-0.005378,0.0,-0.000655,-0.002158,-0.0,-0.0,-0.005695,-0.006396,0.0,-0.0,-0.0,-0.002856,-0.0,-0.005222,-0.0,-0.002059,-0.010469,-0.0,-0.0,-0.006524,-0.0,-0.0,-0.0,-0.0,-0.005842,-0.006567,0.0,-0.003804,-0.002978,-0.010368,-0.010446,-0.0,-0.009385,-0.0,-0.007229,-0.002388,0.0,-0.002443,-0.011113,-0.006604,-0.006583,-0.006703,-0.010511,-0.002573,-0.000675,-0.001031,-0.0,-0.0,-0.003767,-0.004476,-0.006637
2017-06-01 12:53:00+02:00,-0.0,0.0,-0.0,-0.005996,-0.0,-0.0,-0.001427,-0.002676,-0.006093,-0.0,-0.0,-0.0,-0.006395,-0.006333,-0.002423,-0.00858,-0.0,-0.0,-0.0,-0.01004,0.0,-0.009912,-0.004442,-0.0,-0.009933,-0.010204,-0.002341,0.0,-0.001017,-0.0,-0.0,-0.00574,0.0,-0.005208,-0.006234,-0.0,-0.0,-0.003988,0.0,-0.010772,-0.002491,-0.0,-0.003245,0.0,-0.0,-0.001532,-0.002078,-0.005049,-0.002753,0.0,-0.0,-0.005502,-0.005108,-0.006333,-0.0,0.0,-0.0,-0.0,0.0,-0.001237,-0.005482,-0.010479,-0.005231,0.0,-0.0,-0.00921,-0.000721,-0.005373,0.0,-0.000657,-0.002164,-0.0,-0.0,-0.005695,-0.006234,0.0,-0.0,-0.0,-0.00285,-0.0,-0.0052,-0.0,-0.002047,-0.010429,-0.0,-0.0,-0.006338,-0.0,-0.0,-0.0,-0.0,-0.005818,-0.006395,0.0,-0.003789,-0.002976,-0.010311,-0.010389,-0.0,-0.00935,-0.0,-0.007191,-0.002392,0.0,-0.002438,-0.010772,-0.006431,-0.006562,-0.006666,-0.010454,-0.002568,-0.00067,-0.001038,-0.0,-0.0,-0.003772,-0.004451,-0.006467
2017-06-01 12:54:00+02:00,-0.0,0.0,-0.0,-0.005865,-0.0,-0.0,-0.00139,-0.002621,-0.006002,-0.0,-0.0,-0.0,-0.006322,-0.006261,-0.002382,-0.008408,-0.0,-0.0,-0.0,-0.009886,0.0,-0.009762,-0.004349,-0.0,-0.009781,-0.010007,-0.002291,0.0,-0.000976,-0.0,-0.0,-0.005656,0.0,-0.005132,-0.006163,-0.0,-0.0,-0.003901,0.0,-0.010624,-0.002441,-0.0,-0.003184,0.0,-0.0,-0.001465,-0.002022,-0.004974,-0.002706,0.0,-0.0,-0.005425,-0.005012,-0.006261,-0.0,0.0,-0.0,-0.0,0.0,-0.001188,-0.005405,-0.010316,-0.00511,0.0,-0.0,-0.009028,-0.000693,-0.005294,0.0,-0.000629,-0.002127,-0.0,-0.0,-0.005616,-0.006163,0.0,-0.0,-0.0,-0.002779,-0.0,-0.005104,-0.0,-0.001973,-0.01027,-0.0,-0.0,-0.006259,-0.0,-0.0,-0.0,-0.0,-0.005712,-0.006322,0.0,-0.003713,-0.002915,-0.01011,-0.010187,-0.0,-0.0092,-0.0,-0.00704,-0.002351,0.0,-0.002387,-0.010624,-0.006358,-0.006451,-0.006522,-0.010253,-0.002516,-0.000634,-0.001012,-0.0,-0.0,-0.003703,-0.00434,-0.006395
2017-06-01 12:55:00+02:00,-0.0,0.0,-0.0,-0.005758,-0.0,-0.0,-0.001373,-0.002584,-0.005921,-0.0,-0.0,-0.0,-0.006229,-0.006169,-0.002361,-0.008255,-0.0,-0.0,-0.0,-0.009758,0.0,-0.009639,-0.004285,-0.0,-0.009644,-0.009824,-0.002259,0.0,-0.000957,-0.0,-0.0,-0.005584,0.0,-0.005069,-0.006073,-0.0,-0.0,-0.003843,0.0,-0.010435,-0.00241,-0.0,-0.003169,0.0,-0.0,-0.001435,-0.001984,-0.004919,-0.002679,0.0,-0.0,-0.005366,-0.004929,-0.006169,-0.0,0.0,-0.0,-0.0,0.0,-0.001178,-0.005348,-0.010171,-0.005016,0.0,-0.0,-0.008864,-0.000688,-0.005234,0.0,-0.000625,-0.002119,-0.0,-0.0,-0.005554,-0.006073,0.0,-0.0,-0.0,-0.002741,-0.0,-0.005019,-0.0,-0.001934,-0.010129,-0.0,-0.0,-0.006159,-0.0,-0.0,-0.0,-0.0,-0.005617,-0.006229,0.0,-0.003651,-0.002889,-0.009924,-0.009999,-0.0,-0.009069,-0.0,-0.006912,-0.002337,0.0,-0.002355,-0.010435,-0.006265,-0.006366,-0.006401,-0.010064,-0.002483,-0.000621,-0.001016,-0.0,-0.0,-0.00368,-0.004259,-0.006302
2017-06-01 12:56:00+02:00,-0.0,0.0,-0.0,-0.005663,-0.0,-0.0,-0.001356,-0.002546,-0.005828,-0.0,-0.0,-0.0,-0.006196,-0.006136,-0.002331,-0.008111,-0.0,-0.0,-0.0,-0.009608,0.0,-0.009493,-0.00422,-0.0,-0.009487,-0.00965,-0.002226,0.0,-0.000945,-0.0,-0.0,-0.005499,0.0,-0.004993,-0.006042,-0.0,-0.0,-0.003785,0.0,-0.010369,-0.002377,-0.0,-0.003146,0.0,-0.0,-0.001417,-0.001954,-0.004853,-0.002642,0.0,-0.0,-0.005295,-0.00485,-0.006136,-0.0,0.0,-0.0,-0.0,0.0,-0.001169,-0.005277,-0.01,-0.004933,0.0,-0.0,-0.008708,-0.000683,-0.005162,0.0,-0.000622,-0.002105,-0.0,-0.0,-0.005479,-0.006042,0.0,-0.0,-0.0,-0.002703,-0.0,-0.00494,-0.0,-0.001907,-0.009961,-0.0,-0.0,-0.006119,-0.0,-0.0,-0.0,-0.0,-0.005526,-0.006196,0.0,-0.003595,-0.002852,-0.009746,-0.00982,-0.0,-0.008917,-0.0,-0.006794,-0.002318,0.0,-0.002322,-0.010371,-0.006231,-0.006264,-0.00629,-0.009885,-0.002449,-0.000616,-0.001018,-0.0,-0.0,-0.003649,-0.004189,-0.006269
2017-06-01 12:57:00+02:00,-0.0,0.0,-0.0,-0.005655,-0.0,-0.0,-0.001379,-0.00256,-0.005813,-0.0,-0.0,-0.0,-0.006238,-0.006179,-0.002347,-0.008083,-0.0,-0.0,-0.0,-0.0096,0.0,-0.009487,-0.004244,-0.0,-0.009468,-0.009608,-0.002242,0.0,-0.000961,-0.0,-0.0,-0.005489,0.0,-0.004989,-0.006086,-0.0,-0.0,-0.003812,0.0,-0.01045,-0.002394,-0.0,-0.003188,0.0,-0.0,-0.001445,-0.001959,-0.004854,-0.002654,0.0,-0.0,-0.005295,-0.004835,-0.006179,-0.0,0.0,-0.0,-0.0,0.0,-0.001217,-0.005279,-0.009979,-0.004932,0.0,-0.0,-0.008675,-0.000711,-0.005161,0.0,-0.000652,-0.00213,-0.0,-0.0,-0.00548,-0.006086,0.0,-0.0,-0.0,-0.002741,-0.0,-0.004924,-0.0,-0.001931,-0.009941,-0.0,-0.0,-0.006161,-0.0,-0.0,-0.0,-0.0,-0.005504,-0.006238,0.0,-0.003591,-0.002885,-0.009699,-0.009773,-0.0,-0.0089,-0.0,-0.006777,-0.00234,0.0,-0.002338,-0.010452,-0.006273,-0.006269,-0.006275,-0.00984,-0.002465,-0.000634,-0.001048,-0.0,-2.2e-05,-0.003689,-0.004193,-0.006311
2017-06-01 12:58:00+02:00,-0.0,0.0,-0.0,-0.005806,-0.0,-0.0,-0.001458,-0.002645,-0.005919,-0.0,-0.0,-0.0,-0.006296,-0.006238,-0.002438,-0.008246,-0.0,-0.0,-0.0,-0.009792,0.0,-0.009681,-0.004391,-0.0,-0.009652,-0.009779,-0.002324,0.0,-0.001038,-0.0,-0.0,-0.005596,0.0,-0.005095,-0.006146,-0.0,-6.8e-05,-0.003954,0.0,-0.01056,-0.002481,-0.0,-0.003339,0.0,-0.0,-0.001574,-0.002039,-0.004958,-0.002746,0.0,-0.0,-0.005406,-0.004931,-0.006238,-0.0,0.0,-0.0,-0.0,0.0,-0.001347,-0.005391,-0.010166,-0.005079,0.0,-0.0,-0.00884,-0.000787,-0.005267,0.0,-0.000729,-0.002221,-0.0,-0.0,-0.005594,-0.006146,0.0,-0.0,-0.0,-0.002879,-0.0,-0.005021,-0.0,-0.002063,-0.010128,-0.0,-0.0,-0.006217,-0.0,-0.0,-0.0,-0.0,-0.005603,-0.006296,0.0,-0.003682,-0.003033,-0.009864,-0.009942,-0.0,-0.009081,-0.0,-0.006934,-0.00243,0.0,-0.002423,-0.010562,-0.006331,-0.006432,-0.006428,-0.010012,-0.002552,-0.00071,-0.001131,-0.0,-0.000115,-0.003843,-0.004336,-0.006369
2017-06-01 12:59:00+02:00,-0.0,0.0,-0.0,-0.005922,-0.0,-0.0,-0.001512,-0.002709,-0.006023,-0.0,-0.0,-0.0,-0.006348,-0.006291,-0.002514,-0.008383,-0.0,-0.0,-0.0,-0.009942,0.0,-0.009831,-0.004502,-0.0,-0.009832,-0.00993,-0.002385,0.0,-0.001085,-0.0,-0.0,-0.005702,0.0,-0.005198,-0.0062,-0.0,-0.000101,-0.004059,0.0,-0.010657,-0.002545,-0.0,-0.003426,0.0,-0.0,-0.001652,-0.002093,-0.005034,-0.002823,0.0,-0.0,-0.005489,-0.005012,-0.006291,-0.0,0.0,-0.0,-0.0,0.0,-0.001431,-0.005475,-0.010339,-0.005189,0.0,-0.0,-0.008982,-0.000835,-0.005347,0.0,-0.000778,-0.002275,-0.0,-0.0,-0.005682,-0.0062,0.0,-0.0,-0.0,-0.002977,-0.0,-0.005103,-0.0,-0.002145,-0.010289,-0.0,-0.0,-0.006267,-0.0,-0.0,-0.0,-0.0,-0.005689,-0.006348,0.0,-0.003754,-0.00315,-0.010011,-0.01009,-0.0,-0.009256,-0.0,-0.00706,-0.002483,0.0,-0.002485,-0.01066,-0.006382,-0.006582,-0.006548,-0.010164,-0.002618,-0.000754,-0.001174,-0.0,-0.000163,-0.003934,-0.004439,-0.006421
2017-06-01 13:00:00+02:00,-0.0,0.0,-0.0,-0.005948,-0.0,-0.0,-0.001505,-0.002711,-0.006052,-0.0,-0.0,-0.0,-0.006389,-0.006334,-0.00252,-0.00843,-0.0,-0.0,-0.0,-0.009921,0.0,-0.009811,-0.004509,-0.0,-0.009889,-0.009991,-0.002384,0.0,-0.001077,-0.0,-0.0,-0.005731,0.0,-0.005225,-0.006243,-0.0,-8.1e-05,-0.004061,0.0,-0.010735,-0.002548,-0.0,-0.003355,0.0,-0.0,-0.00164,-0.002093,-0.00501,-0.002828,0.0,-0.0,-0.005472,-0.00504,-0.006334,-0.0,0.0,-0.0,-0.0,0.0,-0.001412,-0.005457,-0.010405,-0.005208,0.0,-0.0,-0.009035,-0.000823,-0.005326,0.0,-0.000765,-0.002232,-0.0,-0.0,-0.00567,-0.006243,0.0,-0.0,-0.0,-0.00297,-0.0,-0.005131,-0.0,-0.002137,-0.010358,-0.0,-0.0,-0.006305,-0.0,-0.0,-0.0,-0.0,-0.005722,-0.006389,0.0,-0.003773,-0.003147,-0.010068,-0.01015,-0.0,-0.009305,-0.0,-0.007096,-0.002441,0.0,-0.002485,-0.010738,-0.006423,-0.006607,-0.006577,-0.010226,-0.002621,-0.000744,-0.001127,-0.0,-0.00013,-0.003863,-0.004451,-0.006463
2017-06-01 13:01:00+02:00,-0.0,0.0,-0.0,-0.005924,-0.0,-0.0,-0.001489,-0.002702,-0.006071,-0.0,-0.0,-0.0,-0.006424,-0.00637,-0.002517,-0.008422,-0.0,-0.0,-0.0,-0.009851,0.0,-0.009743,-0.004499,-0.0,-0.009928,-0.009995,-0.002373,0.0,-0.001043,-0.0,-0.0,-0.005749,0.0,-0.005242,-0.006281,-0.0,-6.5e-05,-0.004045,0.0,-0.0108,-0.002539,-0.0,-0.003251,0.0,-0.0,-0.001582,-0.002065,-0.004958,-0.002824,0.0,-0.0,-0.005425,-0.005034,-0.00637,-0.0,0.0,-0.0,-0.0,0.0,-0.001378,-0.005411,-0.010453,-0.005177,0.0,-0.0,-0.009031,-0.000803,-0.005277,0.0,-0.000744,-0.002168,-0.0,-0.0,-0.005629,-0.006281,0.0,-0.0,-0.0,-0.002948,-0.0,-0.005127,-0.0,-0.002083,-0.01041,-0.0,-0.0,-0.006337,-0.0,-0.0,-0.0,-0.0,-0.005721,-0.006424,0.0,-0.003761,-0.003133,-0.010069,-0.010152,-0.0,-0.009335,-0.0,-0.007078,-0.002377,0.0,-0.002475,-0.010804,-0.006458,-0.006616,-0.006553,-0.010231,-0.002613,-0.000707,-0.001066,-0.0,-0.000104,-0.003757,-0.004413,-0.006498
2017-06-01 13:02:00+02:00,-0.0,0.0,-0.0,-0.005918,-0.0,-0.0,-0.001485,-0.002704,-0.006069,-0.0,-0.0,-0.0,-0.006451,-0.006398,-0.002501,-0.008429,-0.0,-0.0,-0.0,-0.009809,0.0,-0.009701,-0.004506,-0.0,-0.009932,-0.010013,-0.002373,0.0,-0.001023,-0.0,-0.0,-0.005748,0.0,-0.00524,-0.00631,-0.0,-5.2e-05,-0.004048,0.0,-0.010849,-0.002542,-0.0,-0.003181,0.0,-0.0,-0.001549,-0.002051,-0.004926,-0.002806,0.0,-0.0,-0.005397,-0.005039,-0.006398,-0.0,0.0,-0.0,-0.0,0.0,-0.001365,-0.005384,-0.010457,-0.005167,0.0,-0.0,-0.009043,-0.000795,-0.005245,0.0,-0.000736,-0.002125,-0.0,-0.0,-0.005605,-0.00631,0.0,-0.0,-0.0,-0.002945,-0.0,-0.005132,-0.0,-0.002054,-0.010418,-0.0,-0.0,-0.006359,-0.0,-0.0,-0.0,-0.0,-0.00573,-0.006451,0.0,-0.003761,-0.003098,-0.010084,-0.010167,-0.0,-0.00933,-0.0,-0.007078,-0.002334,0.0,-0.002476,-0.010854,-0.006484,-0.006596,-0.006549,-0.010249,-0.002616,-0.000686,-0.001025,-0.0,-8.4e-05,-0.003684,-0.004397,-0.006526
2017-06-01 13:03:00+02:00,-0.0,0.0,-0.0,-0.005948,-0.0,-0.0,-0.001501,-0.002725,-0.006085,-0.0,-0.0,-0.0,-0.006473,-0.006421,-0.002506,-0.008468,-0.0,-0.0,-0.0,-0.009856,0.0,-0.00975,-0.004544,-0.0,-0.009965,-0.010058,-0.002393,0.0,-0.001028,-0.0,-0.0,-0.005765,0.0,-0.005256,-0.006335,-0.0,-4.1e-05,-0.004083,0.0,-0.010887,-0.002565,-0.0,-0.003209,0.0,-0.0,-0.001557,-0.00206,-0.004949,-0.002809,0.0,-0.0,-0.005425,-0.005063,-0.006421,-0.0,0.0,-0.0,-0.0,0.0,-0.00139,-0.005412,-0.010492,-0.005192,0.0,-0.0,-0.009084,-0.000809,-0.005269,0.0,-0.00075,-0.002143,-0.0,-0.0,-0.005635,-0.006335,0.0,-0.0,-0.0,-0.002976,-0.0,-0.005156,-0.0,-0.002065,-0.010456,-0.0,-0.0,-0.006377,-0.0,-0.0,-0.0,-0.0,-0.005756,-0.006473,0.0,-0.003781,-0.0031,-0.010125,-0.01021,-0.0,-0.009356,-0.0,-0.007112,-0.00235,0.0,-0.002497,-0.010893,-0.006506,-0.006609,-0.006578,-0.010294,-0.002639,-0.000689,-0.001037,-0.0,-8.1e-05,-0.003714,-0.004418,-0.006548
2017-06-01 13:04:00+02:00,-0.0,0.0,-0.0,-0.005964,-0.0,-0.0,-0.001504,-0.002731,-0.006103,-0.0,-0.0,-0.0,-0.006491,-0.00644,-0.002515,-0.00849,-0.0,-0.0,-0.0,-0.009921,0.0,-0.009816,-0.004557,-0.0,-0.010001,-0.010086,-0.002397,0.0,-0.001029,-0.0,-0.0,-0.005784,0.0,-0.005275,-0.006356,-0.0,-3.3e-05,-0.004092,0.0,-0.010918,-0.002572,-0.0,-0.003259,0.0,-0.0,-0.001558,-0.002063,-0.004983,-0.002815,0.0,-0.0,-0.005463,-0.005076,-0.00644,-0.0,0.0,-0.0,-0.0,0.0,-0.001393,-0.005451,-0.010531,-0.005206,0.0,-0.0,-0.009108,-0.00081,-0.005304,0.0,-0.000751,-0.002174,-0.0,-0.0,-0.005675,-0.006356,0.0,-0.0,-0.0,-0.002982,-0.0,-0.005171,-0.0,-0.002068,-0.010497,-0.0,-0.0,-0.00639,-0.0,-0.0,-0.0,-0.0,-0.005772,-0.006491,0.0,-0.003793,-0.003109,-0.010149,-0.010235,-0.0,-0.009385,-0.0,-0.00713,-0.00238,0.0,-0.002502,-0.010926,-0.006524,-0.006627,-0.006593,-0.010321,-0.002646,-0.000689,-0.001061,-0.0,-6.5e-05,-0.003767,-0.004428,-0.006567
2017-06-01 13:05:00+02:00,-0.0,0.0,-0.0,-0.005944,-0.0,-0.0,-0.001471,-0.002701,-0.006114,-0.0,-0.0,-0.0,-0.006509,-0.006459,-0.002515,-0.008475,-0.0,-0.0,-0.0,-0.009912,0.0,-0.009809,-0.004509,-0.0,-0.010026,-0.010075,-0.002366,0.0,-0.00101,-0.0,-0.0,-0.005797,0.0,-0.005287,-0.006376,-0.0,-2.6e-05,-0.004041,0.0,-0.010948,-0.002542,-0.0,-0.003254,0.0,-0.0,-0.001526,-0.002045,-0.004977,-0.002814,0.0,-0.0,-0.00546,-0.005068,-0.006459,-0.0,0.0,-0.0,-0.0,0.0,-0.00134,-0.005448,-0.010563,-0.005184,0.0,-0.0,-0.009095,-0.000778,-0.005297,0.0,-0.000719,-0.002172,-0.0,-0.0,-0.005671,-0.006376,0.0,-0.0,-0.0,-0.002929,-0.0,-0.005162,-0.0,-0.002038,-0.010531,-0.0,-0.0,-0.006403,-0.0,-0.0,-0.0,-0.0,-0.005766,-0.006509,0.0,-0.003784,-0.003103,-0.010135,-0.010223,-0.0,-0.009404,-0.0,-0.007112,-0.002377,0.0,-0.002471,-0.010956,-0.006541,-0.006634,-0.006572,-0.01031,-0.002617,-0.000669,-0.001054,-0.0,-5.2e-05,-0.003763,-0.004403,-0.006584
2017-06-01 13:06:00+02:00,-0.0,0.0,-0.0,-0.005927,-0.0,-0.0,-0.00144,-0.00267,-0.006114,-0.0,-0.0,-0.0,-0.006519,-0.006471,-0.002511,-0.00846,-0.0,-0.0,-0.0,-0.009885,0.0,-0.009783,-0.00446,-0.0,-0.010031,-0.010062,-0.002334,0.0,-0.000994,-0.0,-0.0,-0.005798,0.0,-0.005289,-0.006389,-0.0,-2.1e-05,-0.003988,0.0,-0.010963,-0.002511,-0.0,-0.003233,0.0,-0.0,-0.0015,-0.002031,-0.004961,-0.002807,0.0,-0.0,-0.005447,-0.005061,-0.006471,-0.0,0.0,-0.0,-0.0,0.0,-0.001289,-0.005434,-0.010567,-0.005164,0.0,-0.0,-0.009081,-0.000748,-0.00528,0.0,-0.000688,-0.002159,-0.0,-0.0,-0.005658,-0.006389,0.0,-0.0,-0.0,-0.002875,-0.0,-0.005155,-0.0,-0.002013,-0.010538,-0.0,-0.0,-0.006408,-0.0,-0.0,-0.0,-0.0,-0.005759,-0.006519,0.0,-0.003776,-0.003089,-0.010118,-0.010207,-0.0,-0.009403,-0.0,-0.007096,-0.002363,0.0,-0.002439,-0.010972,-0.006551,-0.006625,-0.006553,-0.010297,-0.002587,-0.000653,-0.001041,-0.0,-4.2e-05,-0.003741,-0.004382,-0.006594
2017-06-01 13:07:00+02:00,-0.0,0.0,-0.0,-0.005899,-0.0,-0.0,-0.001417,-0.002649,-0.006113,-0.0,-0.0,-0.0,-0.006528,-0.006481,-0.002506,-0.008431,-0.0,-0.0,-0.0,-0.009821,0.0,-0.009721,-0.004426,-0.0,-0.010034,-0.010034,-0.002312,0.0,-0.000973,-0.0,-0.0,-0.005799,0.0,-0.005291,-0.006401,-0.0,-1.7e-05,-0.003951,0.0,-0.010976,-0.00249,-0.0,-0.003179,0.0,-0.0,-0.001465,-0.00201,-0.004924,-0.002801,0.0,-0.0,-0.005411,-0.005045,-0.006481,-0.0,0.0,-0.0,-0.0,0.0,-0.001253,-0.005397,-0.010575,-0.005134,0.0,-0.0,-0.009053,-0.000727,-0.005242,0.0,-0.000667,-0.002126,-0.0,-0.0,-0.005624,-0.006401,0.0,-0.0,-0.0,-0.002838,-0.0,-0.005138,-0.0,-0.001979,-0.010548,-0.0,-0.0,-0.006412,-0.0,-0.0,-0.0,-0.0,-0.005744,-0.006528,0.0,-0.003762,-0.003077,-0.010087,-0.010176,-0.0,-0.009401,-0.0,-0.007068,-0.002329,0.0,-0.002417,-0.010986,-0.00656,-0.006618,-0.006523,-0.010268,-0.002566,-0.000632,-0.001011,-0.0,-3.3e-05,-0.003685,-0.00435,-0.006602
2017-06-01 13:08:00+02:00,-0.0,0.0,-0.0,-0.00587,-0.0,-0.0,-0.001402,-0.002631,-0.006102,-0.0,-0.0,-0.0,-0.00652,-0.006477,-0.002502,-0.008397,-0.0,-0.0,-0.0,-0.009784,0.0,-0.009686,-0.004398,-0.0,-0.010018,-0.009997,-0.002294,0.0,-0.000958,-0.0,-0.0,-0.005792,0.0,-0.005285,-0.006402,-0.0,-1.4e-05,-0.003922,0.0,-0.01093,-0.002473,-0.0,-0.003157,0.0,-0.0,-0.001439,-0.001993,-0.004904,-0.002794,0.0,-0.0,-0.005394,-0.005028,-0.006477,-0.0,0.0,-0.0,-0.0,0.0,-0.001232,-0.005379,-0.010563,-0.005105,0.0,-0.0,-0.009017,-0.000714,-0.005221,0.0,-0.000654,-0.002112,-0.0,-0.0,-0.005606,-0.006402,0.0,-0.0,-0.0,-0.002811,-0.0,-0.005119,-0.0,-0.001953,-0.010539,-0.0,-0.0,-0.006374,-0.0,-0.0,-0.0,-0.0,-0.005726,-0.00652,0.0,-0.003747,-0.003066,-0.010046,-0.010136,-0.0,-0.009382,-0.0,-0.007036,-0.002313,0.0,-0.002401,-0.010944,-0.006551,-0.006603,-0.00649,-0.010229,-0.00255,-0.000617,-0.000999,-0.0,-2.7e-05,-0.003661,-0.004321,-0.006585
2017-06-01 13:09:00+02:00,-0.0,0.0,-0.0,-0.005801,-0.0,-0.0,-0.001388,-0.00261,-0.006052,-0.0,-0.0,-0.0,-0.006419,-0.006377,-0.002477,-0.008308,-0.0,-0.0,-0.0,-0.009746,0.0,-0.00965,-0.004361,-0.0,-0.009936,-0.009896,-0.002275,0.0,-0.000933,-0.0,-0.0,-0.005747,0.0,-0.005244,-0.006306,-0.0,-1.1e-05,-0.003888,0.0,-0.01073,-0.002455,-0.0,-0.003149,0.0,-0.0,-0.001397,-0.001961,-0.004887,-0.002765,0.0,-0.0,-0.005379,-0.00498,-0.006377,-0.0,0.0,-0.0,-0.0,0.0,-0.001215,-0.005362,-0.010477,-0.00504,0.0,-0.0,-0.008924,-0.000704,-0.005203,0.0,-0.000645,-0.002108,-0.0,-0.0,-0.005592,-0.006306,0.0,-0.0,-0.0,-0.002784,-0.0,-0.005069,-0.0,-0.001908,-0.010456,-0.0,-0.0,-0.006265,-0.0,-0.0,-0.0,-0.0,-0.005673,-0.006419,0.0,-0.003708,-0.003025,-0.009943,-0.010032,-0.0,-0.0093,-0.0,-0.006957,-0.002307,0.0,-0.002382,-0.010746,-0.006451,-0.006538,-0.006414,-0.010126,-0.00253,-0.000594,-0.000998,-0.0,-2.1e-05,-0.003651,-0.00426,-0.00648
2017-06-01 13:10:00+02:00,-0.0,0.0,-0.0,-0.005738,-0.0,-0.0,-0.001377,-0.002591,-0.006006,-0.0,-0.0,-0.0,-0.006437,-0.006395,-0.002455,-0.008227,-0.0,-0.0,-0.0,-0.009678,0.0,-0.009585,-0.004333,-0.0,-0.009864,-0.009806,-0.002258,0.0,-0.00091,-0.0,-0.0,-0.005706,0.0,-0.005206,-0.006324,-0.0,-9e-06,-0.003861,0.0,-0.010764,-0.002439,-0.0,-0.003112,0.0,-0.0,-0.00136,-0.001931,-0.00485,-0.002738,0.0,-0.0,-0.005343,-0.004934,-0.006395,-0.0,0.0,-0.0,-0.0,0.0,-0.001202,-0.005324,-0.010397,-0.004981,0.0,-0.0,-0.008839,-0.000696,-0.005165,0.0,-0.000638,-0.002084,-0.0,-0.0,-0.005556,-0.006324,0.0,-0.0,-0.0,-0.002764,-0.0,-0.00502,-0.0,-0.001868,-0.010378,-0.0,-0.0,-0.006282,-0.0,-0.0,-0.0,-0.0,-0.005623,-0.006437,0.0,-0.003671,-0.002992,-0.009849,-0.009939,-0.0,-0.009227,-0.0,-0.006886,-0.002282,0.0,-0.002366,-0.01078,-0.006469,-0.006481,-0.006343,-0.010033,-0.002513,-0.000574,-0.000982,-0.0,-1.7e-05,-0.00361,-0.004205,-0.006497
2017-06-01 13:11:00+02:00,-0.0,0.0,-0.0,-0.005778,-0.0,-0.0,-0.001415,-0.002629,-0.00605,-0.0,-0.0,-0.0,-0.006456,-0.006415,-0.0025,-0.008265,-0.0,-0.0,-0.0,-0.009736,0.0,-0.009645,-0.004399,-0.0,-0.009942,-0.009843,-0.002296,0.0,-0.000934,-0.0,-0.0,-0.005754,0.0,-0.005254,-0.006344,-0.0,-1.5e-05,-0.003926,0.0,-0.010799,-0.00248,-0.0,-0.003165,0.0,-0.0,-0.001401,-0.001953,-0.004882,-0.002782,0.0,-0.0,-0.00538,-0.004958,-0.006415,-0.0,0.0,-0.0,-0.0,0.0,-0.001267,-0.005359,-0.01048,-0.005021,0.0,-0.0,-0.008877,-0.000734,-0.005197,0.0,-0.000677,-0.002115,-0.0,-0.0,-0.005595,-0.006344,0.0,-0.0,-0.0,-0.00283,-0.0,-0.005042,-0.0,-0.001909,-0.010462,-0.0,-0.0,-0.006299,-0.0,-0.0,-0.0,-0.0,-0.005647,-0.006456,0.0,-0.003697,-0.003064,-0.009881,-0.009972,-0.0,-0.009303,-0.0,-0.006925,-0.002312,0.0,-0.002406,-0.010815,-0.006488,-0.006553,-0.006381,-0.010069,-0.002552,-0.000598,-0.001013,-0.0,-4.3e-05,-0.003663,-0.004244,-0.006514
2017-06-01 13:12:00+02:00,-0.0,0.0,-0.0,-0.005779,-0.0,-0.0,-0.001433,-0.002647,-0.006073,-0.0,-0.0,-0.0,-0.006472,-0.006432,-0.002521,-0.008263,-0.0,-0.0,-0.0,-0.009792,0.0,-0.009702,-0.004433,-0.0,-0.009986,-0.009837,-0.002313,0.0,-0.000934,-0.0,-0.0,-0.00578,0.0,-0.005281,-0.006363,-0.0,-1.2e-05,-0.003958,0.0,-0.01083,-0.0025,-0.0,-0.003206,0.0,-0.0,-0.001402,-0.001952,-0.00491,-0.002802,0.0,-0.0,-0.005414,-0.004957,-0.006432,-0.0,0.0,-0.0,-0.0,0.0,-0.001297,-0.00539,-0.010526,-0.005023,0.0,-0.0,-0.008874,-0.000751,-0.005227,0.0,-0.000695,-0.00214,-0.0,-0.0,-0.00563,-0.006363,0.0,-0.0,-0.0,-0.002863,-0.0,-0.005039,-0.0,-0.00191,-0.01051,-0.0,-0.0,-0.006313,-0.0,-0.0,-0.0,-0.0,-0.005646,-0.006472,0.0,-0.003699,-0.003097,-0.00987,-0.009962,-0.0,-0.009342,-0.0,-0.006925,-0.002336,0.0,-0.002425,-0.010847,-0.006505,-0.006589,-0.006379,-0.010061,-0.002572,-0.000598,-0.001034,-0.0,-4.1e-05,-0.003705,-0.004244,-0.006529
2017-06-01 13:13:00+02:00,-0.0,0.0,-0.0,-0.005777,-0.0,-0.0,-0.001446,-0.002662,-0.006093,-0.0,-0.0,-0.0,-0.00649,-0.006451,-0.002538,-0.008258,-0.0,-0.0,-0.0,-0.009817,0.0,-0.00973,-0.00446,-0.0,-0.010026,-0.009829,-0.002327,0.0,-0.000929,-0.0,-0.0,-0.005803,0.0,-0.005303,-0.006382,-0.0,-1e-05,-0.003983,0.0,-0.010863,-0.002515,-0.0,-0.003215,0.0,-0.0,-0.001393,-0.001946,-0.00492,-0.002816,0.0,-0.0,-0.005429,-0.004955,-0.006451,-0.0,0.0,-0.0,-0.0,0.0,-0.001319,-0.005402,-0.010568,-0.005019,0.0,-0.0,-0.008868,-0.000763,-0.005238,0.0,-0.000708,-0.002144,-0.0,-0.0,-0.005647,-0.006382,0.0,-0.0,-0.0,-0.002888,-0.0,-0.005034,-0.0,-0.001902,-0.010554,-0.0,-0.0,-0.006328,-0.0,-0.0,-0.0,-0.0,-0.005643,-0.00649,0.0,-0.003699,-0.00312,-0.009858,-0.00995,-0.0,-0.009378,-0.0,-0.006921,-0.00234,0.0,-0.002441,-0.01088,-0.006523,-0.006617,-0.006374,-0.010051,-0.002587,-0.000593,-0.001037,-0.0,-3.5e-05,-0.003714,-0.004239,-0.006545
2017-06-01 13:14:00+02:00,-0.0,0.0,-0.0,-0.005795,-0.0,-0.0,-0.001465,-0.002682,-0.006109,-0.0,-0.0,-0.0,-0.0065,-0.006461,-0.002553,-0.008275,-0.0,-0.0,-0.0,-0.00983,0.0,-0.009744,-0.004498,-0.0,-0.010058,-0.009844,-0.002346,0.0,-0.000937,-0.0,-0.0,-0.005822,0.0,-0.005322,-0.006394,-0.0,-8e-06,-0.004018,0.0,-0.01088,-0.002536,-0.0,-0.003217,0.0,-0.0,-0.001407,-0.001954,-0.004923,-0.002829,0.0,-0.0,-0.005437,-0.004966,-0.006461,-0.0,0.0,-0.0,-0.0,0.0,-0.001353,-0.005407,-0.010601,-0.005036,0.0,-0.0,-0.008885,-0.000782,-0.005241,0.0,-0.000728,-0.002144,-0.0,-0.0,-0.005657,-0.006394,0.0,-0.0,-0.0,-0.002923,-0.0,-0.005043,-0.0,-0.001917,-0.010589,-0.0,-0.0,-0.006333,-0.0,-0.0,-0.0,-0.0,-0.005654,-0.0065,0.0,-0.003711,-0.003141,-0.009868,-0.009961,-0.0,-0.009406,-0.0,-0.006939,-0.002339,0.0,-0.002462,-0.010898,-0.006533,-0.006641,-0.00639,-0.010064,-0.002608,-0.000601,-0.001039,-0.0,-4.7e-05,-0.003715,-0.004255,-0.006552
2017-06-01 13:15:00+02:00,-0.0,0.0,-0.0,-0.005797,-0.0,-0.0,-0.00146,-0.002676,-0.006087,-0.0,-0.0,-0.0,-0.006507,-0.006469,-0.002538,-0.008276,-0.0,-0.0,-0.0,-0.009849,0.0,-0.009765,-0.00449,-0.0,-0.010028,-0.009848,-0.002339,0.0,-0.000935,-0.0,-0.0,-0.005803,0.0,-0.005304,-0.006403,-0.0,-6e-06,-0.004008,0.0,-0.010892,-0.00253,-0.0,-0.003234,0.0,-0.0,-0.001404,-0.001951,-0.004931,-0.002812,0.0,-0.0,-0.00545,-0.004968,-0.006469,-0.0,0.0,-0.0,-0.0,0.0,-0.001344,-0.005416,-0.010563,-0.005037,0.0,-0.0,-0.008887,-0.000777,-0.00525,0.0,-0.000723,-0.002154,-0.0,-0.0,-0.005671,-0.006403,0.0,-0.0,-0.0,-0.002915,-0.0,-0.005042,-0.0,-0.001915,-0.010553,-0.0,-0.0,-0.006336,-0.0,-0.0,-0.0,-0.0,-0.005657,-0.006507,0.0,-0.003714,-0.003115,-0.009869,-0.009963,-0.0,-0.009372,-0.0,-0.006941,-0.002348,0.0,-0.002456,-0.010911,-0.006541,-0.006608,-0.006389,-0.010067,-0.002602,-0.000599,-0.001045,-0.0,-3.8e-05,-0.003732,-0.004254,-0.006556
2017-06-01 13:16:00+02:00,-0.0,0.0,-0.0,-0.005776,-0.0,-0.0,-0.001447,-0.002662,-0.006066,-0.0,-0.0,-0.0,-0.006513,-0.006475,-0.002525,-0.008251,-0.0,-0.0,-0.0,-0.009799,0.0,-0.009717,-0.00447,-0.0,-0.009999,-0.009822,-0.002326,0.0,-0.000922,-0.0,-0.0,-0.005786,0.0,-0.005288,-0.00641,-0.0,-5e-06,-0.003986,0.0,-0.010898,-0.002517,-0.0,-0.003188,0.0,-0.0,-0.001383,-0.001937,-0.004901,-0.002797,0.0,-0.0,-0.005423,-0.004955,-0.006475,-0.0,0.0,-0.0,-0.0,0.0,-0.001323,-0.005386,-0.010531,-0.005015,0.0,-0.0,-0.008861,-0.000764,-0.005219,0.0,-0.00071,-0.002125,-0.0,-0.0,-0.005645,-0.00641,0.0,-0.0,-0.0,-0.002893,-0.0,-0.005027,-0.0,-0.001893,-0.010523,-0.0,-0.0,-0.006336,-0.0,-0.0,-0.0,-0.0,-0.005645,-0.006513,0.0,-0.003703,-0.00309,-0.009841,-0.009935,-0.0,-0.009338,-0.0,-0.006917,-0.00232,0.0,-0.002443,-0.010918,-0.006547,-0.006579,-0.006365,-0.010041,-0.002589,-0.000586,-0.001019,-0.0,-3e-05,-0.003685,-0.004232,-0.006559
2017-06-01 13:17:00+02:00,-0.0,0.0,-0.0,-0.005749,-0.0,-0.0,-0.001451,-0.002666,-0.006065,-0.0,-0.0,-0.0,-0.00652,-0.006483,-0.002531,-0.008216,-0.0,-0.0,-0.0,-0.009784,0.0,-0.009703,-0.004479,-0.0,-0.010001,-0.009779,-0.002329,0.0,-0.00091,-0.0,-0.0,-0.005789,0.0,-0.005291,-0.00642,-0.0,-4e-06,-0.003993,0.0,-0.010907,-0.002522,-0.0,-0.003173,0.0,-0.0,-0.001364,-0.001923,-0.00489,-0.0028,0.0,-0.0,-0.005416,-0.004936,-0.006483,-0.0,0.0,-0.0,-0.0,0.0,-0.001331,-0.005376,-0.010538,-0.004989,0.0,-0.0,-0.008823,-0.000768,-0.005208,0.0,-0.000715,-0.002116,-0.0,-0.0,-0.00564,-0.00642,0.0,-0.0,-0.0,-0.002901,-0.0,-0.005004,-0.0,-0.001874,-0.010531,-0.0,-0.0,-0.006338,-0.0,-0.0,-0.0,-0.0,-0.005622,-0.00652,0.0,-0.003689,-0.003095,-0.009793,-0.009888,-0.0,-0.009336,-0.0,-0.006887,-0.00231,0.0,-0.002448,-0.010928,-0.006555,-0.006581,-0.006334,-0.009996,-0.002594,-0.000575,-0.001009,-0.0,-2.4e-05,-0.00367,-0.004207,-0.006563
2017-06-01 13:18:00+02:00,-0.0,0.0,-0.0,-0.005749,-0.0,-0.0,-0.001455,-0.00267,-0.006072,-0.0,-0.0,-0.0,-0.006523,-0.006486,-0.002543,-0.008207,-0.0,-0.0,-0.0,-0.009802,0.0,-0.009723,-0.004486,-0.0,-0.010016,-0.009762,-0.002332,0.0,-0.000912,-0.0,-0.0,-0.005799,0.0,-0.005303,-0.006424,-0.0,-3e-06,-0.003999,0.0,-0.010901,-0.002526,-0.0,-0.003192,0.0,-0.0,-0.001366,-0.001922,-0.0049,-0.00281,0.0,-0.0,-0.005431,-0.004933,-0.006486,-0.0,0.0,-0.0,-0.0,0.0,-0.001342,-0.005388,-0.010556,-0.004989,0.0,-0.0,-0.008812,-0.000774,-0.005218,0.0,-0.000722,-0.002128,-0.0,-0.0,-0.005655,-0.006424,0.0,-0.0,-0.0,-0.002909,-0.0,-0.004999,-0.0,-0.001876,-0.010552,-0.0,-0.0,-0.00632,-0.0,-0.0,-0.0,-0.0,-0.005618,-0.006523,0.0,-0.00369,-0.003111,-0.009773,-0.009868,-0.0,-0.009347,-0.0,-0.006883,-0.002321,0.0,-0.002452,-0.010927,-0.006558,-0.006596,-0.006329,-0.009977,-0.002598,-0.000577,-0.001019,-0.0,-2e-05,-0.00369,-0.004207,-0.00656
2017-06-01 13:19:00+02:00,-0.0,0.0,-0.0,-0.005748,-0.0,-0.0,-0.00145,-0.002662,-0.00604,-0.0,-0.0,-0.0,-0.00652,-0.006486,-0.002523,-0.008199,-0.0,-0.0,-0.0,-0.009778,0.0,-0.009703,-0.004475,-0.0,-0.009966,-0.009749,-0.002324,0.0,-0.000914,-0.0,-0.0,-0.005772,0.0,-0.005276,-0.006425,-0.0,-3e-06,-0.003986,0.0,-0.010873,-0.002519,-0.0,-0.003181,0.0,-0.0,-0.00137,-0.001922,-0.004886,-0.002787,0.0,-0.0,-0.005422,-0.004931,-0.006486,-0.0,0.0,-0.0,-0.0,0.0,-0.001337,-0.005375,-0.010504,-0.004989,0.0,-0.0,-0.008802,-0.000771,-0.005204,0.0,-0.000719,-0.00212,-0.0,-0.0,-0.005645,-0.006425,0.0,-0.0,-0.0,-0.0029,-0.0,-0.004994,-0.0,-0.00188,-0.010502,-0.0,-0.0,-0.0063,-0.0,-0.0,-0.0,-0.0,-0.005614,-0.00652,0.0,-0.003692,-0.003078,-0.009756,-0.009852,-0.0,-0.009294,-0.0,-0.006879,-0.002312,0.0,-0.002446,-0.010899,-0.006558,-0.006551,-0.006325,-0.009963,-0.002591,-0.00058,-0.001014,-0.0,-1.6e-05,-0.003677,-0.004207,-0.006544
2017-06-01 13:20:00+02:00,-0.0,0.0,-0.0,-0.005771,-0.0,-0.0,-0.001453,-0.002667,-0.006028,-0.0,-0.0,-0.0,-0.006544,-0.00651,-0.002512,-0.008223,-0.0,-0.0,-0.0,-0.00983,0.0,-0.009756,-0.004488,-0.0,-0.009957,-0.009771,-0.002328,0.0,-0.00092,-0.0,-0.0,-0.005763,0.0,-0.005267,-0.006451,-0.0,-2e-06,-0.003996,0.0,-0.010919,-0.002524,-0.0,-0.00322,0.0,-0.0,-0.001382,-0.001929,-0.004911,-0.002774,0.0,-0.0,-0.005452,-0.004945,-0.00651,-0.0,0.0,-0.0,-0.0,0.0,-0.001342,-0.005402,-0.010491,-0.00501,0.0,-0.0,-0.008826,-0.000773,-0.005229,0.0,-0.000722,-0.002142,-0.0,-0.0,-0.005676,-0.006451,0.0,-0.0,-0.0,-0.002909,-0.0,-0.005005,-0.0,-0.001893,-0.01049,-0.0,-0.0,-0.006324,-0.0,-0.0,-0.0,-0.0,-0.005628,-0.006544,0.0,-0.003705,-0.003057,-0.009773,-0.009869,-0.0,-0.009278,-0.0,-0.006902,-0.002334,0.0,-0.002451,-0.010946,-0.006583,-0.006531,-0.006345,-0.009983,-0.002596,-0.000586,-0.001032,-0.0,-1.3e-05,-0.003717,-0.004224,-0.006567
2017-06-01 13:21:00+02:00,-0.0,0.0,-0.0,-0.005854,-0.0,-0.0,-0.001478,-0.002699,-0.006067,-0.0,-0.0,-0.0,-0.006564,-0.006531,-0.002535,-0.008319,-0.0,-0.0,-0.0,-0.009899,0.0,-0.009827,-0.004547,-0.0,-0.010028,-0.009874,-0.002357,0.0,-0.000952,-0.0,-0.0,-0.005803,0.0,-0.005304,-0.006473,-0.0,-2e-06,-0.004048,0.0,-0.010956,-0.002555,-0.0,-0.003248,0.0,-0.0,-0.001435,-0.001965,-0.004943,-0.002796,0.0,-0.0,-0.005491,-0.005002,-0.006531,-0.0,0.0,-0.0,-0.0,0.0,-0.00138,-0.005437,-0.01056,-0.005087,0.0,-0.0,-0.008924,-0.000794,-0.005263,0.0,-0.000744,-0.002158,-0.0,-0.0,-0.005718,-0.006473,0.0,-0.0,-0.0,-0.002955,-0.0,-0.00506,-0.0,-0.001949,-0.010561,-0.0,-0.0,-0.006341,-0.0,-0.0,-0.0,-0.0,-0.005689,-0.006564,0.0,-0.003757,-0.003089,-0.009869,-0.009968,-0.0,-0.009341,-0.0,-0.006991,-0.002351,0.0,-0.002483,-0.010983,-0.006603,-0.006577,-0.006428,-0.010086,-0.002629,-0.000615,-0.001045,-0.0,-3.2e-05,-0.003746,-0.004296,-0.006586
2017-06-01 13:22:00+02:00,-0.0,0.0,-0.0,-0.005888,-0.0,-0.0,-0.001485,-0.00271,-0.006072,-0.0,-0.0,-0.0,-0.006572,-0.006539,-0.002533,-0.008359,-0.0,-0.0,-0.0,-0.009933,0.0,-0.009862,-0.004569,-0.0,-0.010043,-0.009917,-0.002366,0.0,-0.000961,-0.0,-0.0,-0.005812,0.0,-0.005311,-0.006483,-0.0,-1e-06,-0.004065,0.0,-0.010969,-0.002566,-0.0,-0.003254,0.0,-0.0,-0.00145,-0.001976,-0.004956,-0.002792,0.0,-0.0,-0.005512,-0.005027,-0.006539,-0.0,0.0,-0.0,-0.0,0.0,-0.001391,-0.005454,-0.010573,-0.005118,0.0,-0.0,-0.008966,-0.0008,-0.005278,0.0,-0.00075,-0.002162,-0.0,-0.0,-0.00574,-0.006483,0.0,-0.0,-0.0,-0.002971,-0.0,-0.005083,-0.0,-0.001966,-0.010576,-0.0,-0.0,-0.006346,-0.0,-0.0,-0.0,-0.0,-0.005717,-0.006572,0.0,-0.003779,-0.003081,-0.009907,-0.010007,-0.0,-0.009349,-0.0,-0.007028,-0.002355,0.0,-0.002494,-0.010997,-0.006612,-0.006576,-0.006461,-0.010128,-0.00264,-0.000623,-0.001047,-0.0,-3e-05,-0.003754,-0.004322,-0.006592
2017-06-01 13:23:00+02:00,-0.0,0.0,-0.0,-0.005894,-0.0,-0.0,-0.001475,-0.002702,-0.006071,-0.0,-0.0,-0.0,-0.006582,-0.006549,-0.00253,-0.008372,-0.0,-0.0,-0.0,-0.009939,0.0,-0.00987,-0.004559,-0.0,-0.010047,-0.009936,-0.002357,0.0,-0.000955,-0.0,-0.0,-0.005814,0.0,-0.005312,-0.006494,-0.0,-1e-06,-0.004052,0.0,-0.010984,-0.002558,-0.0,-0.003244,0.0,-0.0,-0.00144,-0.001973,-0.004955,-0.002788,0.0,-0.0,-0.005517,-0.005036,-0.006549,-0.0,0.0,-0.0,-0.0,0.0,-0.001372,-0.005455,-0.010576,-0.00512,0.0,-0.0,-0.008982,-0.000789,-0.005278,0.0,-0.000738,-0.002155,-0.0,-0.0,-0.005745,-0.006494,0.0,-0.0,-0.0,-0.002955,-0.0,-0.00509,-0.0,-0.001959,-0.010581,-0.0,-0.0,-0.006352,-0.0,-0.0,-0.0,-0.0,-0.00573,-0.006582,0.0,-0.003785,-0.003071,-0.009923,-0.010024,-0.0,-0.009347,-0.0,-0.007037,-0.002348,0.0,-0.002486,-0.011013,-0.006623,-0.00657,-0.006466,-0.010148,-0.002633,-0.000616,-0.001038,-0.0,-2.4e-05,-0.003744,-0.004322,-0.0066
2017-06-01 13:24:00+02:00,-0.0,0.0,-0.0,-0.005911,-0.0,-0.0,-0.001472,-0.002702,-0.006096,-0.0,-0.0,-0.0,-0.006591,-0.006558,-0.002549,-0.008395,-0.0,-0.0,-0.0,-0.009976,0.0,-0.009909,-0.004562,-0.0,-0.010094,-0.009966,-0.002355,0.0,-0.000956,-0.0,-0.0,-0.005842,0.0,-0.005339,-0.006504,-0.0,-1e-06,-0.004051,0.0,-0.010997,-0.002558,-0.0,-0.003265,0.0,-0.0,-0.001441,-0.001975,-0.004973,-0.002805,0.0,-0.0,-0.00554,-0.005052,-0.006558,-0.0,0.0,-0.0,-0.0,0.0,-0.001364,-0.005476,-0.010629,-0.005134,0.0,-0.0,-0.009008,-0.000784,-0.005296,0.0,-0.000734,-0.002168,-0.0,-0.0,-0.00577,-0.006504,0.0,-0.0,-0.0,-0.002952,-0.0,-0.005103,-0.0,-0.001961,-0.010636,-0.0,-0.0,-0.006356,-0.0,-0.0,-0.0,-0.0,-0.005749,-0.006591,0.0,-0.003797,-0.003094,-0.009949,-0.010052,-0.0,-0.009388,-0.0,-0.007056,-0.002361,0.0,-0.002486,-0.011026,-0.006632,-0.006604,-0.006481,-0.010178,-0.002633,-0.000616,-0.001045,-0.0,-1.9e-05,-0.003766,-0.004331,-0.006607
2017-06-01 13:25:00+02:00,-0.0,0.0,-0.0,-0.005889,-0.0,-0.0,-0.001463,-0.002697,-0.0061,-0.0,-0.0,-0.0,-0.0066,-0.006568,-0.002548,-0.008374,-0.0,-0.0,-0.0,-0.010005,0.0,-0.00994,-0.004555,-0.0,-0.010106,-0.009946,-0.002349,0.0,-0.000937,-0.0,-0.0,-0.00585,0.0,-0.005346,-0.006516,-0.0,-1e-06,-0.004041,0.0,-0.011008,-0.002553,-0.0,-0.003279,0.0,-0.0,-0.001409,-0.001957,-0.004987,-0.002803,0.0,-0.0,-0.00556,-0.005042,-0.006568,-0.0,0.0,-0.0,-0.0,0.0,-0.001347,-0.005492,-0.010642,-0.00511,0.0,-0.0,-0.008987,-0.000773,-0.00531,0.0,-0.000723,-0.002177,-0.0,-0.0,-0.005791,-0.006516,0.0,-0.0,-0.0,-0.002939,-0.0,-0.00509,-0.0,-0.001931,-0.01065,-0.0,-0.0,-0.00636,-0.0,-0.0,-0.0,-0.0,-0.00574,-0.0066,0.0,-0.003786,-0.003087,-0.009926,-0.010029,-0.0,-0.009394,-0.0,-0.007034,-0.00237,0.0,-0.002481,-0.011039,-0.006642,-0.006603,-0.006457,-0.010158,-0.002628,-0.000597,-0.001048,-0.0,-1.5e-05,-0.003783,-0.004305,-0.006614
2017-06-01 13:26:00+02:00,-0.0,0.0,-0.0,-0.00587,-0.0,-0.0,-0.001457,-0.002694,-0.006109,-0.0,-0.0,-0.0,-0.006612,-0.006579,-0.002551,-0.008354,-0.0,-0.0,-0.0,-0.010039,0.0,-0.009976,-0.004553,-0.0,-0.010126,-0.009925,-0.002345,0.0,-0.000921,-0.0,-0.0,-0.005862,0.0,-0.005356,-0.006528,-0.0,-1e-06,-0.004035,0.0,-0.011022,-0.002551,-0.0,-0.003297,0.0,-0.0,-0.001382,-0.001942,-0.005003,-0.002804,0.0,-0.0,-0.005582,-0.005032,-0.006579,-0.0,0.0,-0.0,-0.0,0.0,-0.001336,-0.005511,-0.010661,-0.005089,0.0,-0.0,-0.008966,-0.000766,-0.005327,0.0,-0.000717,-0.002188,-0.0,-0.0,-0.005814,-0.006528,0.0,-0.0,-0.0,-0.002931,-0.0,-0.005078,-0.0,-0.001906,-0.010671,-0.0,-0.0,-0.006364,-0.0,-0.0,-0.0,-0.0,-0.00573,-0.006612,0.0,-0.003777,-0.003084,-0.0099,-0.010004,-0.0,-0.009407,-0.0,-0.007015,-0.00238,0.0,-0.002479,-0.011054,-0.006653,-0.006608,-0.006435,-0.010134,-0.002626,-0.000581,-0.001053,-0.0,-1.2e-05,-0.003802,-0.004282,-0.006623
2017-06-01 13:27:00+02:00,-0.0,0.0,-0.0,-0.00586,-0.0,-0.0,-0.001459,-0.002698,-0.006133,-0.0,-0.0,-0.0,-0.006613,-0.006582,-0.002571,-0.008339,-0.0,-0.0,-0.0,-0.010052,0.0,-0.009991,-0.004561,-0.0,-0.010169,-0.009906,-0.002347,0.0,-0.000915,-0.0,-0.0,-0.005889,0.0,-0.005382,-0.006531,-0.0,-0.0,-0.004041,0.0,-0.011004,-0.002555,-0.0,-0.003306,0.0,-0.0,-0.001373,-0.001935,-0.005009,-0.002822,0.0,-0.0,-0.005594,-0.005026,-0.006582,-0.0,0.0,-0.0,-0.0,0.0,-0.001339,-0.00552,-0.010706,-0.005079,0.0,-0.0,-0.008951,-0.000768,-0.005333,0.0,-0.000719,-0.002194,-0.0,-0.0,-0.005826,-0.006531,0.0,-0.0,-0.0,-0.002936,-0.0,-0.00507,-0.0,-0.001896,-0.010718,-0.0,-0.0,-0.00634,-0.0,-0.0,-0.0,-0.0,-0.005723,-0.006613,0.0,-0.003773,-0.00311,-0.009877,-0.009982,-0.0,-0.009444,-0.0,-0.007003,-0.002385,0.0,-0.002483,-0.01104,-0.006655,-0.00664,-0.006422,-0.010114,-0.002631,-0.000575,-0.001057,-0.0,-1e-05,-0.003811,-0.004272,-0.006619
2017-06-01 13:28:00+02:00,-0.0,0.0,-0.0,-0.005825,-0.0,-0.0,-0.001446,-0.002684,-0.00612,-0.0,-0.0,-0.0,-0.006615,-0.006583,-0.002562,-0.008297,-0.0,-0.0,-0.0,-0.009999,0.0,-0.00994,-0.00454,-0.0,-0.010151,-0.009858,-0.002333,0.0,-0.000898,-0.0,-0.0,-0.005879,0.0,-0.005373,-0.006534,-0.0,-0.0,-0.004018,0.0,-0.010998,-0.002543,-0.0,-0.003261,0.0,-0.0,-0.001343,-0.001915,-0.004978,-0.002811,0.0,-0.0,-0.005565,-0.005003,-0.006583,-0.0,0.0,-0.0,-0.0,0.0,-0.001318,-0.00549,-0.010686,-0.005045,0.0,-0.0,-0.008907,-0.000756,-0.005301,0.0,-0.000707,-0.002166,-0.0,-0.0,-0.005798,-0.006534,0.0,-0.0,-0.0,-0.002914,-0.0,-0.005045,-0.0,-0.001866,-0.0107,-0.0,-0.0,-0.006333,-0.0,-0.0,-0.0,-0.0,-0.005698,-0.006615,0.0,-0.003754,-0.003092,-0.009825,-0.00993,-0.0,-0.009422,-0.0,-0.006965,-0.002357,0.0,-0.00247,-0.011037,-0.006656,-0.006618,-0.006383,-0.010064,-0.002618,-0.000557,-0.001034,-0.0,-8e-06,-0.003764,-0.004238,-0.006616
2017-06-01 13:29:00+02:00,-0.0,0.0,-0.0,-0.005801,-0.0,-0.0,-0.00144,-0.002677,-0.006103,-0.0,-0.0,-0.0,-0.006597,-0.006565,-0.002555,-0.008264,-0.0,-0.0,-0.0,-0.00997,0.0,-0.009913,-0.00453,-0.0,-0.010126,-0.009819,-0.002326,0.0,-0.000888,-0.0,-0.0,-0.005865,0.0,-0.005362,-0.006522,-0.0,-0.0,-0.004006,0.0,-0.010941,-0.002537,-0.0,-0.003246,0.0,-0.0,-0.001327,-0.001903,-0.004962,-0.002802,0.0,-0.0,-0.005552,-0.004987,-0.006565,-0.0,0.0,-0.0,-0.0,0.0,-0.001312,-0.005475,-0.010658,-0.005022,0.0,-0.0,-0.008871,-0.000751,-0.005285,0.0,-0.000703,-0.002157,-0.0,-0.0,-0.005786,-0.006522,0.0,-0.0,-0.0,-0.002905,-0.0,-0.005026,-0.0,-0.001849,-0.010674,-0.0,-0.0,-0.006299,-0.0,-0.0,-0.0,-0.0,-0.005679,-0.006597,0.0,-0.003741,-0.003079,-0.009782,-0.009887,-0.0,-0.009394,-0.0,-0.006936,-0.002346,0.0,-0.002465,-0.010979,-0.006632,-0.006597,-0.006355,-0.010023,-0.002612,-0.000549,-0.001028,-0.0,-6e-06,-0.003747,-0.004215,-0.006589
2017-06-01 13:30:00+02:00,-0.0,0.0,-0.0,-0.005756,-0.0,-0.0,-0.00143,-0.002662,-0.006072,-0.0,-0.0,-0.0,-0.006541,-0.006509,-0.002543,-0.008204,-0.0,-0.0,-0.0,-0.009933,0.0,-0.009878,-0.004505,-0.0,-0.010075,-0.009752,-0.002311,0.0,-0.000872,-0.0,-0.0,-0.005839,0.0,-0.005339,-0.006466,-0.0,-0.0,-0.003982,0.0,-0.010824,-0.002524,-0.0,-0.003243,0.0,-0.0,-0.0013,-0.001881,-0.004945,-0.002786,0.0,-0.0,-0.005537,-0.004956,-0.006509,-0.0,0.0,-0.0,-0.0,0.0,-0.001301,-0.005459,-0.010605,-0.004979,0.0,-0.0,-0.008809,-0.000745,-0.005266,0.0,-0.000697,-0.002155,-0.0,-0.0,-0.005772,-0.006466,0.0,-0.0,-0.0,-0.002886,-0.0,-0.004993,-0.0,-0.00182,-0.010623,-0.0,-0.0,-0.006233,-0.0,-0.0,-0.0,-0.0,-0.005644,-0.006541,0.0,-0.003716,-0.003059,-0.009713,-0.009818,-0.0,-0.009343,-0.0,-0.006884,-0.002341,0.0,-0.002452,-0.010862,-0.006572,-0.006559,-0.006304,-0.009954,-0.002599,-0.000534,-0.001029,-0.0,-5e-06,-0.003741,-0.004175,-0.006531
2017-06-01 13:31:00+02:00,-0.0,0.0,-0.0,-0.005737,-0.0,-0.0,-0.001413,-0.002635,-0.006049,-0.0,-0.0,-0.0,-0.00655,-0.006518,-0.002537,-0.008174,-0.0,-0.0,-0.0,-0.009843,0.0,-0.009791,-0.004462,-0.0,-0.010042,-0.009718,-0.002288,0.0,-0.00087,-0.0,-0.0,-0.00582,0.0,-0.005324,-0.006475,-0.0,-0.0,-0.003944,0.0,-0.010841,-0.002502,-0.0,-0.003176,0.0,-0.0,-0.001298,-0.001874,-0.004895,-0.002777,0.0,-0.0,-0.005488,-0.004942,-0.006518,-0.0,0.0,-0.0,-0.0,0.0,-0.00128,-0.005409,-0.010571,-0.004963,0.0,-0.0,-0.008777,-0.000732,-0.005215,0.0,-0.000685,-0.002115,-0.0,-0.0,-0.005723,-0.006475,0.0,-0.0,-0.0,-0.002855,-0.0,-0.004975,-0.0,-0.001816,-0.010591,-0.0,-0.0,-0.006241,-0.0,-0.0,-0.0,-0.0,-0.005626,-0.00655,0.0,-0.003706,-0.00305,-0.009676,-0.009781,-0.0,-0.00931,-0.0,-0.00686,-0.0023,0.0,-0.00243,-0.01088,-0.006581,-0.006535,-0.00628,-0.009919,-0.002574,-0.000534,-0.000991,-0.0,-4e-06,-0.003673,-0.004161,-0.006539
2017-06-01 13:32:00+02:00,-0.0,0.0,-0.0,-0.005765,-0.0,-0.0,-0.001415,-0.002632,-0.006056,-0.0,-0.0,-0.0,-0.006556,-0.006523,-0.002552,-0.0082,-0.0,-0.0,-0.0,-0.009801,0.0,-0.009751,-0.004459,-0.0,-0.010058,-0.009747,-0.002287,0.0,-0.000889,-0.0,-0.0,-0.005831,0.0,-0.005337,-0.006481,-0.0,-0.0,-0.003942,0.0,-0.010849,-0.002502,-0.0,-0.003144,0.0,-0.0,-0.00133,-0.001889,-0.004871,-0.00279,0.0,-0.0,-0.005466,-0.004961,-0.006523,-0.0,0.0,-0.0,-0.0,0.0,-0.001288,-0.005387,-0.010582,-0.004991,0.0,-0.0,-0.008803,-0.000737,-0.005191,0.0,-0.000691,-0.002096,-0.0,-0.0,-0.005703,-0.006481,0.0,-0.0,-0.0,-0.002857,-0.0,-0.004992,-0.0,-0.001847,-0.010605,-0.0,-0.0,-0.006244,-0.0,-0.0,-0.0,-0.0,-0.005644,-0.006556,0.0,-0.003725,-0.003072,-0.0097,-0.009807,-0.0,-0.009324,-0.0,-0.006887,-0.002279,0.0,-0.00243,-0.010888,-0.006584,-0.00655,-0.006304,-0.009947,-0.002573,-0.000554,-0.000972,-0.0,-3e-06,-0.003639,-0.004189,-0.006543
2017-06-01 13:33:00+02:00,-0.0,0.0,-0.0,-0.005763,-0.0,-0.0,-0.001404,-0.002618,-0.006035,-0.0,-0.0,-0.0,-0.006558,-0.006526,-0.002541,-0.008196,-0.0,-0.0,-0.0,-0.009738,0.0,-0.00969,-0.004437,-0.0,-0.010025,-0.009746,-0.002273,0.0,-0.00089,-0.0,-0.0,-0.005812,0.0,-0.005321,-0.006484,-0.0,-0.0,-0.003919,0.0,-0.01085,-0.002489,-0.0,-0.003094,0.0,-0.0,-0.001333,-0.001888,-0.004835,-0.002777,0.0,-0.0,-0.005431,-0.004962,-0.006526,-0.0,0.0,-0.0,-0.0,0.0,-0.001274,-0.005352,-0.010544,-0.00499,0.0,-0.0,-0.008799,-0.000728,-0.005155,0.0,-0.000683,-0.002066,-0.0,-0.0,-0.00567,-0.006484,0.0,-0.0,-0.0,-0.002838,-0.0,-0.004991,-0.0,-0.00185,-0.010568,-0.0,-0.0,-0.006237,-0.0,-0.0,-0.0,-0.0,-0.005645,-0.006558,0.0,-0.003726,-0.003055,-0.009696,-0.009803,-0.0,-0.009291,-0.0,-0.006883,-0.002248,0.0,-0.002417,-0.01089,-0.006585,-0.006521,-0.006299,-0.009946,-0.00256,-0.000556,-0.000943,-0.0,-3e-06,-0.003588,-0.004188,-0.006544
2017-06-01 13:34:00+02:00,-0.0,0.0,-0.0,-0.005759,-0.0,-0.0,-0.00139,-0.002599,-0.006022,-0.0,-0.0,-0.0,-0.006559,-0.006527,-0.00254,-0.008187,-0.0,-0.0,-0.0,-0.009687,0.0,-0.009641,-0.004407,-0.0,-0.010008,-0.009738,-0.002255,0.0,-0.000892,-0.0,-0.0,-0.005802,0.0,-0.005315,-0.006486,-0.0,-0.0,-0.003889,0.0,-0.010843,-0.002471,-0.0,-0.003057,0.0,-0.0,-0.001336,-0.001886,-0.004806,-0.002773,0.0,-0.0,-0.005403,-0.00496,-0.006527,-0.0,0.0,-0.0,-0.0,0.0,-0.001257,-0.005324,-0.010523,-0.004986,0.0,-0.0,-0.008791,-0.000718,-0.005125,0.0,-0.000673,-0.002044,-0.0,-0.0,-0.005644,-0.006486,0.0,-0.0,-0.0,-0.002813,-0.0,-0.004987,-0.0,-0.001852,-0.010548,-0.0,-0.0,-0.006226,-0.0,-0.0,-0.0,-0.0,-0.00564,-0.006559,0.0,-0.003725,-0.003052,-0.009684,-0.009792,-0.0,-0.009273,-0.0,-0.006877,-0.002225,0.0,-0.0024,-0.010889,-0.00658,-0.006507,-0.006291,-0.009936,-0.002542,-0.000559,-0.000923,-0.0,-2e-06,-0.003551,-0.004185,-0.006542
2017-06-01 13:35:00+02:00,-0.0,0.0,-0.0,-0.005771,-0.0,-0.0,-0.001389,-0.002595,-0.006013,-0.0,-0.0,-0.0,-0.006545,-0.006512,-0.002543,-0.008195,-0.0,-0.0,-0.0,-0.009573,0.0,-0.009529,-0.004402,-0.0,-0.009998,-0.009747,-0.00225,0.0,-0.000903,-0.0,-0.0,-0.005796,0.0,-0.005312,-0.006475,-0.0,-0.0,-0.003882,0.0,-0.010803,-0.002468,-0.0,-0.002995,0.0,-0.0,-0.001355,-0.001893,-0.004743,-0.002773,0.0,-0.0,-0.005336,-0.004968,-0.006512,-0.0,0.0,-0.0,-0.0,0.0,-0.00126,-0.005258,-0.010506,-0.004998,0.0,-0.0,-0.008798,-0.000719,-0.005058,0.0,-0.000675,-0.002005,-0.0,-0.0,-0.00558,-0.006475,0.0,-0.0,-0.0,-0.00281,-0.0,-0.004992,-0.0,-0.00187,-0.010533,-0.0,-0.0,-0.006197,-0.0,-0.0,-0.0,-0.0,-0.005647,-0.006545,0.0,-0.003734,-0.003056,-0.009689,-0.009798,-0.0,-0.00926,-0.0,-0.006886,-0.002184,0.0,-0.002397,-0.010848,-0.006557,-0.0065,-0.006299,-0.009945,-0.002539,-0.00057,-0.000891,-0.0,-2e-06,-0.003485,-0.004197,-0.006519
2017-06-01 13:36:00+02:00,-0.0,0.0,-0.0,-0.005772,-0.0,-0.0,-0.001397,-0.0026,-0.006017,-0.0,-0.0,-0.0,-0.006524,-0.00649,-0.002558,-0.00818,-0.0,-0.0,-0.0,-0.009523,0.0,-0.00948,-0.004412,-0.0,-0.010008,-0.00972,-0.002254,0.0,-0.000916,-0.0,-0.0,-0.005802,0.0,-0.005321,-0.006454,-0.0,-0.0,-0.003891,0.0,-0.010753,-0.002474,-0.0,-0.002982,0.0,-0.0,-0.001378,-0.0019,-0.004716,-0.002785,0.0,-0.0,-0.005309,-0.004963,-0.00649,-0.0,0.0,-0.0,-0.0,0.0,-0.001281,-0.005231,-0.010508,-0.005004,0.0,-0.0,-0.008779,-0.000731,-0.005029,0.0,-0.000688,-0.001996,-0.0,-0.0,-0.005555,-0.006454,0.0,-0.0,-0.0,-0.002825,-0.0,-0.004985,-0.0,-0.001891,-0.010537,-0.0,-0.0,-0.006166,-0.0,-0.0,-0.0,-0.0,-0.005634,-0.006524,0.0,-0.003735,-0.003082,-0.009658,-0.009767,-0.0,-0.009267,-0.0,-0.006881,-0.002173,0.0,-0.002403,-0.010798,-0.006531,-0.006512,-0.006294,-0.009914,-0.002546,-0.000585,-0.000888,-0.0,-5e-06,-0.003469,-0.004206,-0.006495
2017-06-01 13:37:00+02:00,-0.0,0.0,-0.0,-0.005769,-0.0,-0.0,-0.001406,-0.002604,-0.006029,-0.0,-0.0,-0.0,-0.006517,-0.006483,-0.00258,-0.008157,-0.0,-0.0,-0.0,-0.009536,0.0,-0.009495,-0.004422,-0.0,-0.010032,-0.009684,-0.002258,0.0,-0.000929,-0.0,-0.0,-0.005816,0.0,-0.005339,-0.006447,-0.0,-0.0,-0.0039,0.0,-0.010733,-0.00248,-0.0,-0.003012,0.0,-0.0,-0.001401,-0.001905,-0.004725,-0.002804,0.0,-0.0,-0.00532,-0.004953,-0.006483,-0.0,0.0,-0.0,-0.0,0.0,-0.001303,-0.005243,-0.010529,-0.005005,0.0,-0.0,-0.008751,-0.000743,-0.005037,0.0,-0.000702,-0.002015,-0.0,-0.0,-0.005568,-0.006447,0.0,-0.0,-0.0,-0.002839,-0.0,-0.004972,-0.0,-0.001912,-0.01056,-0.0,-0.0,-0.00615,-0.0,-0.0,-0.0,-0.0,-0.005616,-0.006517,0.0,-0.003733,-0.003119,-0.009618,-0.009727,-0.0,-0.009288,-0.0,-0.006868,-0.00219,0.0,-0.00241,-0.010779,-0.006521,-0.006538,-0.006284,-0.009876,-0.002553,-0.0006,-0.000905,-0.0,-1.5e-05,-0.003498,-0.004212,-0.006485
2017-06-01 13:38:00+02:00,-0.0,0.0,-0.0,-0.005793,-0.0,-0.0,-0.001412,-0.002605,-0.006024,-0.0,-0.0,-0.0,-0.006504,-0.006469,-0.002588,-0.008173,-0.0,-0.0,-0.0,-0.009531,0.0,-0.009492,-0.004427,-0.0,-0.010026,-0.009699,-0.00226,0.0,-0.000952,-0.0,-0.0,-0.005813,0.0,-0.00534,-0.006434,-0.0,-0.0,-0.003904,0.0,-0.010695,-0.002484,-0.0,-0.003028,0.0,-0.0,-0.00144,-0.001921,-0.004724,-0.002809,0.0,-0.0,-0.005322,-0.004967,-0.006469,-0.0,0.0,-0.0,-0.0,0.0,-0.00132,-0.005245,-0.010518,-0.005031,0.0,-0.0,-0.008766,-0.000753,-0.005035,0.0,-0.000713,-0.002025,-0.0,-0.0,-0.005571,-0.006434,0.0,-0.0,-0.0,-0.002848,-0.0,-0.004984,-0.0,-0.001949,-0.010551,-0.0,-0.0,-0.006126,-0.0,-0.0,-0.0,-0.0,-0.005627,-0.006504,0.0,-0.003749,-0.003132,-0.00963,-0.009739,-0.0,-0.00928,-0.0,-0.006887,-0.002199,0.0,-0.002413,-0.010742,-0.006503,-0.006537,-0.006303,-0.009889,-0.002557,-0.000623,-0.000915,-0.0,-2.4e-05,-0.003513,-0.00424,-0.006469
2017-06-01 13:39:00+02:00,-0.0,0.0,-0.0,-0.005807,-0.0,-0.0,-0.001411,-0.002602,-0.00602,-0.0,-0.0,-0.0,-0.006513,-0.006478,-0.002592,-0.008183,-0.0,-0.0,-0.0,-0.009526,0.0,-0.00949,-0.004424,-0.0,-0.010025,-0.00971,-0.002256,0.0,-0.000965,-0.0,-0.0,-0.005811,0.0,-0.00534,-0.006443,-0.0,-0.0,-0.003899,0.0,-0.010711,-0.002482,-0.0,-0.003035,0.0,-0.0,-0.001461,-0.00193,-0.004721,-0.00281,0.0,-0.0,-0.005321,-0.004976,-0.006478,-0.0,0.0,-0.0,-0.0,0.0,-0.001323,-0.005245,-0.010513,-0.005047,0.0,-0.0,-0.008776,-0.000754,-0.005032,0.0,-0.000715,-0.002029,-0.0,-0.0,-0.005573,-0.006443,0.0,-0.0,-0.0,-0.002847,-0.0,-0.00499,-0.0,-0.00197,-0.010548,-0.0,-0.0,-0.006133,-0.0,-0.0,-0.0,-0.0,-0.005633,-0.006513,0.0,-0.003759,-0.003138,-0.009638,-0.009748,-0.0,-0.009274,-0.0,-0.006899,-0.002202,0.0,-0.002411,-0.010758,-0.006511,-0.006535,-0.006313,-0.0099,-0.002555,-0.000636,-0.000919,-0.0,-1.9e-05,-0.00352,-0.004255,-0.006477
2017-06-01 13:40:00+02:00,-0.0,0.0,-0.0,-0.005844,-0.0,-0.0,-0.001415,-0.002605,-0.006034,-0.0,-0.0,-0.0,-0.006519,-0.006484,-0.002608,-0.008221,-0.0,-0.0,-0.0,-0.009551,0.0,-0.009518,-0.004434,-0.0,-0.010053,-0.009751,-0.002259,0.0,-0.000985,-0.0,-0.0,-0.005826,0.0,-0.005358,-0.006449,-0.0,-0.0,-0.003906,0.0,-0.010719,-0.002487,-0.0,-0.003057,0.0,-0.0,-0.001496,-0.001948,-0.004734,-0.002824,0.0,-0.0,-0.005339,-0.005003,-0.006484,-0.0,0.0,-0.0,-0.0,0.0,-0.001333,-0.005263,-0.010539,-0.005083,0.0,-0.0,-0.008815,-0.000759,-0.005046,0.0,-0.000722,-0.002043,-0.0,-0.0,-0.005593,-0.006449,0.0,-0.0,-0.0,-0.002856,-0.0,-0.005015,-0.0,-0.002005,-0.010576,-0.0,-0.0,-0.006136,-0.0,-0.0,-0.0,-0.0,-0.005659,-0.006519,0.0,-0.003783,-0.003162,-0.009675,-0.009786,-0.0,-0.009297,-0.0,-0.006936,-0.002214,0.0,-0.002417,-0.010767,-0.006516,-0.006556,-0.006347,-0.00994,-0.002561,-0.000656,-0.00093,-0.0,-2.2e-05,-0.003543,-0.00429,-0.006482
2017-06-01 13:41:00+02:00,-0.0,0.0,-0.0,-0.005848,-0.0,-0.0,-0.001407,-0.002596,-0.006031,-0.0,-0.0,-0.0,-0.006525,-0.00649,-0.00261,-0.008225,-0.0,-0.0,-0.0,-0.009564,0.0,-0.009532,-0.004422,-0.0,-0.010056,-0.009756,-0.002249,0.0,-0.000986,-0.0,-0.0,-0.005825,0.0,-0.00536,-0.006455,-0.0,-0.0,-0.003892,0.0,-0.010728,-0.002479,-0.0,-0.003066,0.0,-0.0,-0.001497,-0.001947,-0.004739,-0.002823,0.0,-0.0,-0.005347,-0.005007,-0.00649,-0.0,0.0,-0.0,-0.0,0.0,-0.001322,-0.005271,-0.010542,-0.005085,0.0,-0.0,-0.008819,-0.000752,-0.005051,0.0,-0.000715,-0.002048,-0.0,-0.0,-0.005603,-0.006455,0.0,-0.0,-0.0,-0.002843,-0.0,-0.005017,-0.0,-0.002007,-0.010581,-0.0,-0.0,-0.006138,-0.0,-0.0,-0.0,-0.0,-0.005661,-0.006525,0.0,-0.003786,-0.003162,-0.009676,-0.009788,-0.0,-0.009296,-0.0,-0.006939,-0.002219,0.0,-0.002409,-0.010777,-0.00652,-0.006555,-0.006348,-0.009944,-0.002553,-0.000657,-0.000933,-0.0,-1.8e-05,-0.003552,-0.004292,-0.006486
2017-06-01 13:42:00+02:00,-0.0,0.0,-0.0,-0.005812,-0.0,-0.0,-0.001378,-0.002564,-0.006019,-0.0,-0.0,-0.0,-0.006531,-0.006495,-0.002601,-0.008189,-0.0,-0.0,-0.0,-0.00955,0.0,-0.00952,-0.004371,-0.0,-0.010045,-0.009721,-0.002217,0.0,-0.000963,-0.0,-0.0,-0.005815,0.0,-0.005353,-0.00646,-0.0,-0.0,-0.00384,0.0,-0.010737,-0.002448,-0.0,-0.003044,0.0,-0.0,-0.00146,-0.001923,-0.004726,-0.002812,0.0,-0.0,-0.005338,-0.004987,-0.006495,-0.0,0.0,-0.0,-0.0,0.0,-0.001277,-0.005263,-0.010531,-0.005049,0.0,-0.0,-0.008784,-0.000726,-0.00504,0.0,-0.000688,-0.002035,-0.0,-0.0,-0.005597,-0.00646,0.0,-0.0,-0.0,-0.002794,-0.0,-0.004995,-0.0,-0.00197,-0.010573,-0.0,-0.0,-0.006139,-0.0,-0.0,-0.0,-0.0,-0.005638,-0.006531,0.0,-0.003765,-0.003145,-0.00964,-0.009751,-0.0,-0.009281,-0.0,-0.006903,-0.002205,0.0,-0.002377,-0.010787,-0.006524,-0.006538,-0.00631,-0.009909,-0.002521,-0.000635,-0.000919,-0.0,-1.4e-05,-0.00353,-0.004254,-0.00649
2017-06-01 13:43:00+02:00,-0.0,0.0,-0.0,-0.005775,-0.0,-0.0,-0.001356,-0.002539,-0.006002,-0.0,-0.0,-0.0,-0.006534,-0.006498,-0.002588,-0.008152,-0.0,-0.0,-0.0,-0.009496,0.0,-0.009468,-0.004331,-0.0,-0.010023,-0.009684,-0.002192,0.0,-0.00094,-0.0,-0.0,-0.0058,0.0,-0.005341,-0.006464,-0.0,-0.0,-0.003798,0.0,-0.010739,-0.002423,-0.0,-0.002998,0.0,-0.0,-0.001422,-0.0019,-0.004694,-0.002797,0.0,-0.0,-0.005307,-0.004968,-0.006498,-0.0,0.0,-0.0,-0.0,0.0,-0.001243,-0.005232,-0.010506,-0.005011,0.0,-0.0,-0.008747,-0.000706,-0.005007,0.0,-0.000668,-0.002006,-0.0,-0.0,-0.005568,-0.006464,0.0,-0.0,-0.0,-0.002756,-0.0,-0.004973,-0.0,-0.001932,-0.01055,-0.0,-0.0,-0.006123,-0.0,-0.0,-0.0,-0.0,-0.005616,-0.006534,0.0,-0.003745,-0.003121,-0.009602,-0.009713,-0.0,-0.009255,-0.0,-0.006866,-0.002175,0.0,-0.002352,-0.010789,-0.006525,-0.006513,-0.006271,-0.009871,-0.002497,-0.000612,-0.000893,-0.0,-1.1e-05,-0.003482,-0.004215,-0.006491
2017-06-01 13:44:00+02:00,-0.0,0.0,-0.0,-0.005755,-0.0,-0.0,-0.001341,-0.002522,-0.005977,-0.0,-0.0,-0.0,-0.006541,-0.006505,-0.002573,-0.008131,-0.0,-0.0,-0.0,-0.009446,0.0,-0.009419,-0.004305,-0.0,-0.009989,-0.009664,-0.002174,0.0,-0.000926,-0.0,-0.0,-0.005778,0.0,-0.005323,-0.006471,-0.0,-0.0,-0.003771,0.0,-0.010747,-0.002407,-0.0,-0.002955,0.0,-0.0,-0.001399,-0.001885,-0.004664,-0.002779,0.0,-0.0,-0.005278,-0.004958,-0.006505,-0.0,0.0,-0.0,-0.0,0.0,-0.001221,-0.005204,-0.010473,-0.004989,0.0,-0.0,-0.008727,-0.000693,-0.004976,0.0,-0.000655,-0.001979,-0.0,-0.0,-0.005541,-0.006471,0.0,-0.0,-0.0,-0.002731,-0.0,-0.004961,-0.0,-0.001909,-0.010518,-0.0,-0.0,-0.006126,-0.0,-0.0,-0.0,-0.0,-0.005604,-0.006541,0.0,-0.003734,-0.003094,-0.009581,-0.009692,-0.0,-0.009219,-0.0,-0.006845,-0.002147,0.0,-0.002335,-0.010798,-0.006529,-0.006481,-0.006249,-0.009851,-0.002482,-0.000599,-0.000869,-0.0,-9e-06,-0.003438,-0.004192,-0.006496
2017-06-01 13:45:00+02:00,-0.0,0.0,-0.0,-0.005759,-0.0,-0.0,-0.001343,-0.002523,-0.005977,-0.0,-0.0,-0.0,-0.006547,-0.006511,-0.002577,-0.008137,-0.0,-0.0,-0.0,-0.00942,0.0,-0.009395,-0.004311,-0.0,-0.009996,-0.009671,-0.002175,0.0,-0.000925,-0.0,-0.0,-0.005781,0.0,-0.005329,-0.006477,-0.0,-0.0,-0.003775,0.0,-0.010752,-0.00241,-0.0,-0.002935,0.0,-0.0,-0.001398,-0.001883,-0.004648,-0.002782,0.0,-0.0,-0.005265,-0.004964,-0.006511,-0.0,0.0,-0.0,-0.0,0.0,-0.001228,-0.005191,-0.010485,-0.004992,0.0,-0.0,-0.008733,-0.000696,-0.00496,0.0,-0.000659,-0.001967,-0.0,-0.0,-0.00553,-0.006477,0.0,-0.0,-0.0,-0.002736,-0.0,-0.004965,-0.0,-0.001909,-0.010532,-0.0,-0.0,-0.006126,-0.0,-0.0,-0.0,-0.0,-0.005608,-0.006547,0.0,-0.003738,-0.003099,-0.009585,-0.009696,-0.0,-0.009224,-0.0,-0.00685,-0.002133,0.0,-0.002338,-0.010804,-0.006532,-0.006486,-0.006251,-0.009857,-0.002485,-0.000598,-0.00086,-0.0,-7e-06,-0.003416,-0.004193,-0.0065
2017-06-01 13:46:00+02:00,-0.0,0.0,-0.0,-0.005776,-0.0,-0.0,-0.001276,-0.00244,-0.005959,-0.0,-0.0,-0.0,-0.006551,-0.006515,-0.002574,-0.008152,-0.0,-0.0,-0.0,-0.009387,0.0,-0.009364,-0.00417,-0.0,-0.009972,-0.009687,-0.002088,0.0,-0.000934,-0.0,-0.0,-0.005767,0.0,-0.00532,-0.006482,-0.0,-0.0,-0.003626,0.0,-0.010747,-0.002317,-0.0,-0.002916,0.0,-0.0,-0.001413,-0.00189,-0.004629,-0.002775,0.0,-0.0,-0.005249,-0.004977,-0.006515,-0.0,0.0,-0.0,-0.0,0.0,-0.001137,-0.005175,-0.010466,-0.005008,0.0,-0.0,-0.008748,-0.000644,-0.004941,0.0,-0.000604,-0.001955,-0.0,-0.0,-0.005515,-0.006482,0.0,-0.0,-0.0,-0.002614,-0.0,-0.004976,-0.0,-0.001923,-0.010515,-0.0,-0.0,-0.006114,-0.0,-0.0,-0.0,-0.0,-0.005619,-0.006551,0.0,-0.00375,-0.003091,-0.009597,-0.009709,-0.0,-0.009199,-0.0,-0.006866,-0.002119,0.0,-0.002246,-0.010804,-0.006534,-0.00647,-0.006265,-0.009871,-0.002401,-0.000607,-0.000853,-0.0,-6e-06,-0.003394,-0.004208,-0.006502
2017-06-01 13:47:00+02:00,-0.0,0.0,-0.0,-0.005791,-0.0,-0.0,-0.001229,-0.00238,-0.005978,-0.0,-0.0,-0.0,-0.006553,-0.006517,-0.002597,-0.008164,-0.0,-0.0,-0.0,-0.009334,0.0,-0.009312,-0.004068,-0.0,-0.010009,-0.009698,-0.002025,0.0,-0.000944,-0.0,-0.0,-0.00579,0.0,-0.005346,-0.006484,-0.0,-0.0,-0.003517,0.0,-0.010718,-0.002249,-0.0,-0.002889,0.0,-0.0,-0.00143,-0.001897,-0.0046,-0.002796,0.0,-0.0,-0.00522,-0.004989,-0.006517,-0.0,0.0,-0.0,-0.0,0.0,-0.001075,-0.005147,-0.0105,-0.005023,0.0,-0.0,-0.00876,-0.000608,-0.004909,0.0,-0.000567,-0.001938,-0.0,-0.0,-0.005489,-0.006484,0.0,-0.0,-0.0,-0.002527,-0.0,-0.004986,-0.0,-0.001941,-0.010552,-0.0,-0.0,-0.006095,-0.0,-0.0,-0.0,-0.0,-0.005629,-0.006553,0.0,-0.003762,-0.003126,-0.009605,-0.009717,-0.0,-0.009232,-0.0,-0.00688,-0.0021,0.0,-0.002178,-0.010775,-0.006531,-0.006502,-0.006277,-0.009881,-0.00234,-0.000618,-0.000842,-0.0,-5e-06,-0.003363,-0.004223,-0.006499
2017-06-01 13:48:00+02:00,-0.0,0.0,-0.0,-0.005753,-0.0,-0.0,-0.001182,-0.002322,-0.005964,-0.0,-0.0,-0.0,-0.006544,-0.00651,-0.002595,-0.008121,-0.0,-0.0,-0.0,-0.009253,0.0,-0.009233,-0.00397,-0.0,-0.009987,-0.009652,-0.001965,0.0,-0.000928,-0.0,-0.0,-0.005779,0.0,-0.005339,-0.006478,-0.0,-0.0,-0.003414,0.0,-0.010676,-0.002185,-0.0,-0.002831,0.0,-0.0,-0.001404,-0.001878,-0.004553,-0.002791,0.0,-0.0,-0.005174,-0.004968,-0.00651,-0.0,0.0,-0.0,-0.0,0.0,-0.001011,-0.005101,-0.010477,-0.004987,0.0,-0.0,-0.008716,-0.000571,-0.004861,0.0,-0.000529,-0.001903,-0.0,-0.0,-0.005446,-0.006478,0.0,-0.0,-0.0,-0.002441,-0.0,-0.004963,-0.0,-0.001913,-0.010531,-0.0,-0.0,-0.00607,-0.0,-0.0,-0.0,-0.0,-0.005605,-0.006544,0.0,-0.003742,-0.003121,-0.009556,-0.009669,-0.0,-0.009208,-0.0,-0.006839,-0.002062,0.0,-0.002114,-0.010735,-0.006513,-0.006486,-0.006235,-0.009834,-0.002282,-0.000603,-0.000814,-0.0,-4e-06,-0.003302,-0.004188,-0.006482
2017-06-01 13:49:00+02:00,-0.0,0.0,-0.0,-0.005732,-0.0,-0.0,-0.00113,-0.002257,-0.005945,-0.0,-0.0,-0.0,-0.006545,-0.006511,-0.002593,-0.008092,-0.0,-0.0,-0.0,-0.009242,0.0,-0.009224,-0.003861,-0.0,-0.00996,-0.009619,-0.001899,0.0,-0.000923,-0.0,-0.0,-0.005764,0.0,-0.005329,-0.00648,-0.0,-0.0,-0.0033,0.0,-0.010678,-0.002113,-0.0,-0.002826,0.0,-0.0,-0.001395,-0.001868,-0.004546,-0.002786,0.0,-0.0,-0.00517,-0.004954,-0.006511,-0.0,0.0,-0.0,-0.0,0.0,-0.000938,-0.005098,-0.010451,-0.004967,0.0,-0.0,-0.008685,-0.00053,-0.004854,0.0,-0.000486,-0.001899,-0.0,-0.0,-0.005444,-0.00648,0.0,-0.0,-0.0,-0.002346,-0.0,-0.004947,-0.0,-0.001903,-0.010506,-0.0,-0.0,-0.006068,-0.0,-0.0,-0.0,-0.0,-0.005588,-0.006545,0.0,-0.003731,-0.003117,-0.009521,-0.009633,-0.0,-0.009181,-0.0,-0.006814,-0.002057,0.0,-0.002044,-0.010737,-0.006514,-0.006469,-0.00621,-0.0098,-0.002218,-0.000599,-0.000813,-0.0,-3e-06,-0.003294,-0.004171,-0.006483
2017-06-01 13:50:00+02:00,-0.0,0.0,-0.0,-0.005745,-0.0,-0.0,-0.001091,-0.002208,-0.005956,-0.0,-0.0,-0.0,-0.006546,-0.006512,-0.002613,-0.008099,-0.0,-0.0,-0.0,-0.009262,0.0,-0.009246,-0.003777,-0.0,-0.009984,-0.009623,-0.001846,0.0,-0.000935,-0.0,-0.0,-0.005779,0.0,-0.005347,-0.006481,-0.0,-8e-06,-0.003211,0.0,-0.010678,-0.002056,-0.0,-0.002854,0.0,-0.0,-0.001417,-0.001877,-0.004557,-0.002802,0.0,-0.0,-0.005185,-0.004962,-0.006512,-0.0,0.0,-0.0,-0.0,0.0,-0.000888,-0.005113,-0.010473,-0.004982,0.0,-0.0,-0.008691,-0.000501,-0.004864,0.0,-0.000456,-0.001916,-0.0,-0.0,-0.005462,-0.006481,0.0,-0.0,-0.0,-0.002274,-0.0,-0.004953,-0.0,-0.001924,-0.01053,-0.0,-0.0,-0.006058,-0.0,-0.0,-0.0,-0.0,-0.005593,-0.006546,0.0,-0.00374,-0.003148,-0.00952,-0.009633,-0.0,-0.009202,-0.0,-0.006824,-0.002071,0.0,-0.001989,-0.010737,-0.006514,-0.006492,-0.006219,-0.009801,-0.002168,-0.000612,-0.000831,-0.0,-2e-06,-0.00332,-0.004186,-0.006483
2017-06-01 13:51:00+02:00,-0.0,0.0,-0.0,-0.005764,-0.0,-0.0,-0.001064,-0.002172,-0.005929,-0.0,-0.0,-0.0,-0.006546,-0.006513,-0.002603,-0.008111,-0.0,-0.0,-0.0,-0.009267,0.0,-0.009253,-0.003718,-0.0,-0.009942,-0.00963,-0.001809,0.0,-0.00095,-0.0,-0.0,-0.005755,0.0,-0.005328,-0.006482,-0.0,-7e-06,-0.003148,0.0,-0.010662,-0.002015,-0.0,-0.002868,0.0,-0.0,-0.001442,-0.001887,-0.004559,-0.002789,0.0,-0.0,-0.005193,-0.004973,-0.006513,-0.0,0.0,-0.0,-0.0,0.0,-0.000855,-0.00512,-0.010432,-0.005002,0.0,-0.0,-0.008701,-0.000482,-0.004867,0.0,-0.000436,-0.001925,-0.0,-0.0,-0.005471,-0.006482,0.0,-0.0,-0.0,-0.002225,-0.0,-0.004963,-0.0,-0.001949,-0.010491,-0.0,-0.0,-0.006048,-0.0,-0.0,-0.0,-0.0,-0.005601,-0.006546,0.0,-0.003754,-0.003132,-0.009523,-0.009636,-0.0,-0.009159,-0.0,-0.00684,-0.002078,0.0,-0.00195,-0.010725,-0.006513,-0.006462,-0.006233,-0.009807,-0.002133,-0.000627,-0.000841,-0.0,-2e-06,-0.003333,-0.004206,-0.006482
2017-06-01 13:52:00+02:00,-0.0,0.0,-0.0,-0.005788,-0.0,-0.0,-0.001037,-0.002138,-0.005921,-0.0,-0.0,-0.0,-0.006549,-0.006518,-0.002603,-0.00813,-0.0,-0.0,-0.0,-0.00929,0.0,-0.009279,-0.003661,-0.0,-0.009933,-0.009646,-0.001774,0.0,-0.000965,-0.0,-0.0,-0.005751,0.0,-0.005326,-0.006487,-0.0,-5e-06,-0.003087,0.0,-0.010665,-0.001977,-0.0,-0.002896,0.0,-0.0,-0.001467,-0.0019,-0.004573,-0.002786,0.0,-0.0,-0.005211,-0.004988,-0.006518,-0.0,0.0,-0.0,-0.0,0.0,-0.000817,-0.005138,-0.010415,-0.005026,0.0,-0.0,-0.008719,-0.00046,-0.00488,0.0,-0.000414,-0.001943,-0.0,-0.0,-0.005492,-0.006487,0.0,-0.0,-0.0,-0.002175,-0.0,-0.004977,-0.0,-0.001974,-0.010476,-0.0,-0.0,-0.00605,-0.0,-0.0,-0.0,-0.0,-0.005614,-0.006549,0.0,-0.003771,-0.003129,-0.009535,-0.009648,-0.0,-0.009146,-0.0,-0.006861,-0.002094,0.0,-0.001912,-0.010728,-0.006516,-0.00645,-0.006253,-0.009821,-0.0021,-0.000642,-0.000857,-0.0,-2e-06,-0.003361,-0.004229,-0.006485
2017-06-01 13:53:00+02:00,-0.0,0.0,-0.0,-0.005828,-0.0,-0.0,-0.001037,-0.002135,-0.00593,-0.0,-0.0,-0.0,-0.006543,-0.006518,-0.002622,-0.008162,-0.0,-0.0,-0.0,-0.009341,0.0,-0.009332,-0.003658,-0.0,-0.009951,-0.009675,-0.001768,0.0,-0.000993,-0.0,-0.0,-0.005763,0.0,-0.005342,-0.006487,-0.0,-2.2e-05,-0.003078,0.0,-0.010641,-0.001971,-0.0,-0.002951,0.0,-0.0,-0.001515,-0.001923,-0.004601,-0.002802,0.0,-0.0,-0.005245,-0.005011,-0.006518,-0.0,0.0,-0.0,-0.0,0.0,-0.000827,-0.005173,-0.010429,-0.005067,0.0,-0.0,-0.00875,-0.000465,-0.004909,0.0,-0.00042,-0.001976,-0.0,-0.0,-0.005528,-0.006487,0.0,-0.0,-0.0,-0.002175,-0.0,-0.004999,-0.0,-0.002022,-0.010492,-0.0,-0.0,-0.006028,-0.0,-0.0,-0.0,-0.0,-0.005635,-0.006543,0.0,-0.003797,-0.00316,-0.00956,-0.009674,-0.0,-0.009161,-0.0,-0.006898,-0.002125,0.0,-0.001907,-0.010705,-0.006509,-0.00647,-0.006288,-0.009849,-0.002098,-0.000671,-0.00089,-0.0,-1e-06,-0.003415,-0.004271,-0.006476
2017-06-01 13:54:00+02:00,-0.0,0.0,-0.0,-0.005862,-0.0,-0.0,-0.001035,-0.002128,-0.00591,-0.0,-0.0,-0.0,-0.006544,-0.00652,-0.00262,-0.008191,-0.0,-0.0,-0.0,-0.009379,0.0,-0.009373,-0.003649,-0.0,-0.009922,-0.009702,-0.00176,0.0,-0.001019,-0.0,-0.0,-0.005747,0.0,-0.00533,-0.006489,-0.0,-1.7e-05,-0.003064,0.0,-0.010642,-0.001962,-0.0,-0.002999,0.0,-0.0,-0.001559,-0.001943,-0.004624,-0.002796,0.0,-0.0,-0.005273,-0.005032,-0.00652,-0.0,0.0,-0.0,-0.0,0.0,-0.000832,-0.0052,-0.010398,-0.005102,0.0,-0.0,-0.008778,-0.000468,-0.004931,0.0,-0.000423,-0.002006,-0.0,-0.0,-0.005558,-0.006489,0.0,-0.0,-0.0,-0.00217,-0.0,-0.005019,-0.0,-0.002065,-0.010462,-0.0,-0.0,-0.006026,-0.0,-0.0,-0.0,-0.0,-0.005655,-0.006544,0.0,-0.00382,-0.003157,-0.009582,-0.009697,-0.0,-0.009131,-0.0,-0.00693,-0.002151,0.0,-0.001899,-0.010706,-0.00651,-0.006451,-0.006318,-0.009874,-0.002093,-0.000697,-0.000918,-0.0,-1e-06,-0.003462,-0.004307,-0.006478
2017-06-01 13:55:00+02:00,-0.0,0.0,-0.0,-0.005878,-0.0,-0.0,-0.001039,-0.00213,-0.005921,-0.0,-0.0,-0.0,-0.006546,-0.006523,-0.002637,-0.008199,-0.0,-0.0,-0.0,-0.009386,0.0,-0.009383,-0.003654,-0.0,-0.009944,-0.009707,-0.00176,0.0,-0.001034,-0.0,-0.0,-0.005762,0.0,-0.005347,-0.006492,-0.0,-3.4e-05,-0.003066,0.0,-0.010641,-0.001963,-0.0,-0.003013,0.0,-0.0,-0.001584,-0.001953,-0.004627,-0.002809,0.0,-0.0,-0.005281,-0.00504,-0.006523,-0.0,0.0,-0.0,-0.0,0.0,-0.000845,-0.005208,-0.010411,-0.005119,0.0,-0.0,-0.008784,-0.000475,-0.004934,0.0,-0.000432,-0.002015,-0.0,-0.0,-0.005569,-0.006492,0.0,-0.0,-0.0,-0.002177,-0.0,-0.005026,-0.0,-0.00209,-0.010478,-0.0,-0.0,-0.006021,-0.0,-0.0,-0.0,-0.0,-0.005661,-0.006546,0.0,-0.003831,-0.003183,-0.009583,-0.009698,-0.0,-0.009148,-0.0,-0.006941,-0.002158,0.0,-0.0019,-0.010707,-0.006512,-0.006468,-0.006328,-0.009877,-0.002097,-0.000713,-0.000928,-0.0,-1e-06,-0.003476,-0.004325,-0.006479
2017-06-01 13:56:00+02:00,-0.0,0.0,-0.0,-0.005881,-0.0,-0.0,-0.001048,-0.002138,-0.005894,-0.0,-0.0,-0.0,-0.006544,-0.006524,-0.002624,-0.008196,-0.0,-0.0,-0.0,-0.009378,0.0,-0.009377,-0.003671,-0.0,-0.009903,-0.009701,-0.001767,0.0,-0.001041,-0.0,-0.0,-0.005738,0.0,-0.005327,-0.006493,-0.0,-2.7e-05,-0.00308,0.0,-0.010618,-0.001973,-0.0,-0.003019,0.0,-0.0,-0.001597,-0.001956,-0.004624,-0.002794,0.0,-0.0,-0.005282,-0.005041,-0.006524,-0.0,0.0,-0.0,-0.0,0.0,-0.000863,-0.005208,-0.010366,-0.005124,0.0,-0.0,-0.00878,-0.000485,-0.00493,0.0,-0.000443,-0.002019,-0.0,-0.0,-0.005571,-0.006493,0.0,-0.0,-0.0,-0.002192,-0.0,-0.005026,-0.0,-0.002102,-0.010434,-0.0,-0.0,-0.006005,-0.0,-0.0,-0.0,-0.0,-0.005661,-0.006544,0.0,-0.003836,-0.003163,-0.009573,-0.009689,-0.0,-0.009104,-0.0,-0.006942,-0.00216,0.0,-0.00191,-0.010688,-0.00651,-0.006435,-0.006327,-0.00987,-0.002108,-0.00072,-0.000932,-0.0,-1e-06,-0.00348,-0.004331,-0.006476
2017-06-01 13:57:00+02:00,-0.0,0.0,-0.0,-0.005913,-0.0,-0.0,-0.001054,-0.002142,-0.005908,-0.0,-0.0,-0.0,-0.00654,-0.006525,-0.002641,-0.008224,-0.0,-0.0,-0.0,-0.009358,0.0,-0.00936,-0.003681,-0.0,-0.009931,-0.009729,-0.001771,0.0,-0.001059,-0.0,-0.0,-0.005756,0.0,-0.005347,-0.006494,-0.0,-4.2e-05,-0.003087,0.0,-0.01061,-0.001979,-0.0,-0.003014,0.0,-0.0,-0.001628,-0.001972,-0.004613,-0.002807,0.0,-0.0,-0.005274,-0.005062,-0.006525,-0.0,0.0,-0.0,-0.0,0.0,-0.000876,-0.005201,-0.010388,-0.005156,0.0,-0.0,-0.008808,-0.000492,-0.004918,0.0,-0.000451,-0.002016,-0.0,-0.0,-0.005565,-0.006494,0.0,-0.0,-0.0,-0.002202,-0.0,-0.005046,-0.0,-0.002133,-0.010458,-0.0,-0.0,-0.005994,-0.0,-0.0,-0.0,-0.0,-0.005682,-0.00654,0.0,-0.003857,-0.003187,-0.009597,-0.009713,-0.0,-0.009127,-0.0,-0.006972,-0.002156,0.0,-0.001915,-0.010679,-0.006507,-0.006455,-0.006355,-0.009896,-0.002114,-0.000739,-0.000931,-0.0,-0.0,-0.003474,-0.004361,-0.006473
2017-06-01 13:58:00+02:00,-0.0,0.0,-0.0,-0.00592,-0.0,-0.0,-0.001052,-0.002138,-0.005908,-0.0,-0.0,-0.0,-0.006529,-0.00652,-0.002648,-0.008223,-0.0,-0.0,-0.0,-0.009353,0.0,-0.009357,-0.003676,-0.0,-0.009936,-0.009726,-0.001766,0.0,-0.001065,-0.0,-0.0,-0.00576,0.0,-0.005353,-0.00649,-0.0,-4.5e-05,-0.003081,0.0,-0.010583,-0.001976,-0.0,-0.003026,0.0,-0.0,-0.001638,-0.001974,-0.00461,-0.002811,0.0,-0.0,-0.005276,-0.005064,-0.00652,-0.0,0.0,-0.0,-0.0,0.0,-0.000877,-0.005202,-0.010388,-0.005162,0.0,-0.0,-0.008806,-0.000491,-0.004915,0.0,-0.000452,-0.002023,-0.0,-0.0,-0.005569,-0.00649,0.0,-0.0,-0.0,-0.002199,-0.0,-0.005048,-0.0,-0.002143,-0.01046,-0.0,-0.0,-0.005975,-0.0,-0.0,-0.0,-0.0,-0.005683,-0.006529,0.0,-0.003863,-0.003195,-0.00959,-0.009706,-0.0,-0.009127,-0.0,-0.006974,-0.00216,0.0,-0.001912,-0.010653,-0.006497,-0.006456,-0.006356,-0.009892,-0.002112,-0.000745,-0.000938,-0.0,-0.0,-0.003484,-0.004367,-0.006462
2017-06-01 13:59:00+02:00,-0.0,0.0,-0.0,-0.005897,-0.0,-0.0,-0.001049,-0.002133,-0.005876,-0.0,-0.0,-0.0,-0.00653,-0.006522,-0.002635,-0.008194,-0.0,-0.0,-0.0,-0.009339,0.0,-0.009345,-0.003669,-0.0,-0.009889,-0.009694,-0.001761,0.0,-0.001057,-0.0,-0.0,-0.005734,0.0,-0.005331,-0.006491,-0.0,-3.6e-05,-0.003073,0.0,-0.010584,-0.001972,-0.0,-0.003029,0.0,-0.0,-0.001626,-0.001963,-0.004602,-0.002795,0.0,-0.0,-0.005272,-0.005049,-0.006522,-0.0,0.0,-0.0,-0.0,0.0,-0.000875,-0.005198,-0.010345,-0.005141,0.0,-0.0,-0.008776,-0.00049,-0.004907,0.0,-0.000451,-0.002025,-0.0,-0.0,-0.005566,-0.006491,0.0,-0.0,-0.0,-0.002194,-0.0,-0.005032,-0.0,-0.00213,-0.01042,-0.0,-0.0,-0.005973,-0.0,-0.0,-0.0,-0.0,-0.005667,-0.00653,0.0,-0.003851,-0.003173,-0.009556,-0.009671,-0.0,-0.009081,-0.0,-0.006949,-0.00216,0.0,-0.001908,-0.010655,-0.006498,-0.006422,-0.00633,-0.009858,-0.002109,-0.000738,-0.00094,-0.0,-0.0,-0.003486,-0.004347,-0.006463
2017-06-01 14:00:00+02:00,-0.0,0.0,-0.0,-0.005885,-0.0,-0.0,-0.001056,-0.002139,-0.005861,-0.0,-0.0,-0.0,-0.006519,-0.006517,-0.002637,-0.008177,-0.0,-0.0,-0.0,-0.009341,0.0,-0.00935,-0.003683,-0.0,-0.009872,-0.009676,-0.001767,0.0,-0.001055,-0.0,-0.0,-0.005726,0.0,-0.005328,-0.006485,-0.0,-4e-05,-0.003085,0.0,-0.010564,-0.00198,-0.0,-0.00305,0.0,-0.0,-0.001623,-0.001956,-0.004603,-0.002794,0.0,-0.0,-0.005277,-0.00504,-0.006517,-0.0,0.0,-0.0,-0.0,0.0,-0.000892,-0.005203,-0.010334,-0.005129,0.0,-0.0,-0.008759,-0.0005,-0.004907,0.0,-0.000462,-0.002038,-0.0,-0.0,-0.005573,-0.006485,0.0,-0.0,-0.0,-0.002208,-0.0,-0.005023,-0.0,-0.002126,-0.01041,-0.0,-0.0,-0.005952,-0.0,-0.0,-0.0,-0.0,-0.005658,-0.006519,0.0,-0.003845,-0.003177,-0.009535,-0.009651,-0.0,-0.009065,-0.0,-0.006934,-0.00217,0.0,-0.001916,-0.010637,-0.006488,-0.006415,-0.006314,-0.009838,-0.002117,-0.000738,-0.000953,-0.0,-0.0,-0.003506,-0.004336,-0.006451
2017-06-01 14:01:00+02:00,-0.0,0.0,-0.0,-0.005766,-0.0,-0.0,-0.00105,-0.00213,-0.005718,-0.0,-0.0,-0.0,-0.006515,-0.006515,-0.002558,-0.008054,-0.0,-0.0,-0.0,-0.009313,0.0,-0.009323,-0.00367,-0.0,-0.009644,-0.00955,-0.001758,0.0,-0.000993,-0.0,-0.0,-0.005599,0.0,-0.005212,-0.00642,-0.0,-3.2e-05,-0.003072,0.0,-0.010467,-0.001972,-0.0,-0.003067,0.0,-0.0,-0.00152,-0.001892,-0.004589,-0.002712,0.0,-0.0,-0.005264,-0.004966,-0.006515,-0.0,0.0,-0.0,-0.0,0.0,-0.000884,-0.005189,-0.01012,-0.005011,0.0,-0.0,-0.008634,-0.000495,-0.004889,0.0,-0.000457,-0.002048,-0.0,-0.0,-0.005561,-0.006483,0.0,-0.0,-0.0,-0.002197,-0.0,-0.00495,-0.0,-0.002018,-0.010197,-0.0,-0.0,-0.00594,-0.0,-0.0,-0.0,-0.0,-0.005584,-0.006515,0.0,-0.003775,-0.003059,-0.009411,-0.009525,-0.0,-0.008862,-0.0,-0.006813,-0.002176,0.0,-0.001908,-0.010629,-0.006483,-0.006255,-0.006194,-0.009712,-0.00211,-0.000679,-0.000967,-0.0,-0.0,-0.00352,-0.004221,-0.006447
2017-06-01 14:02:00+02:00,-0.0,0.0,-0.0,-0.005716,-0.0,-0.0,-0.001063,-0.002141,-0.005614,-0.0,-0.0,-0.0,-0.006507,-0.00651,-0.002514,-0.007999,-0.0,-0.0,-0.0,-0.009383,0.0,-0.009396,-0.003692,-0.0,-0.00948,-0.009492,-0.001768,0.0,-0.000968,-0.0,-0.0,-0.005511,0.0,-0.005136,-0.006386,-0.0,-2.6e-05,-0.003092,0.0,-0.010414,-0.001986,-0.0,-0.003153,0.0,-0.0,-0.001479,-0.001864,-0.004629,-0.002663,0.0,-0.0,-0.005312,-0.004935,-0.00651,-0.0,0.0,-0.0,-0.0,0.0,-0.000912,-0.005236,-0.009974,-0.004961,0.0,-0.0,-0.008579,-0.00051,-0.00493,0.0,-0.000474,-0.0021,-0.0,-0.0,-0.005611,-0.006479,0.0,-0.0,-0.0,-0.00222,-0.0,-0.004918,-0.0,-0.001974,-0.010052,-0.0,-0.0,-0.005922,-0.0,-0.0,-0.0,-0.0,-0.005553,-0.006507,0.0,-0.003746,-0.002996,-0.009354,-0.009467,-0.0,-0.008722,-0.0,-0.00676,-0.002223,0.0,-0.001921,-0.010601,-0.006476,-0.006153,-0.006141,-0.009654,-0.002124,-0.000658,-0.00102,-0.0,-0.0,-0.003604,-0.004173,-0.006438
2017-06-01 14:03:00+02:00,-0.0,0.0,-0.0,-0.005678,-0.0,-0.0,-0.001092,-0.00217,-0.005519,-0.0,-0.0,-0.0,-0.006509,-0.006513,-0.002479,-0.007956,-0.0,-0.0,-0.0,-0.009436,0.0,-0.009452,-0.003745,-0.0,-0.009333,-0.009448,-0.001797,0.0,-0.000948,-0.0,-0.0,-0.005435,0.0,-0.005071,-0.006357,-0.0,-2.1e-05,-0.003144,0.0,-0.010367,-0.002021,-0.0,-0.003219,0.0,-0.0,-0.001447,-0.001842,-0.004659,-0.002624,0.0,-0.0,-0.005349,-0.004912,-0.006513,-0.0,0.0,-0.0,-0.0,0.0,-0.000965,-0.005273,-0.009853,-0.004923,0.0,-0.0,-0.008535,-0.000539,-0.00496,0.0,-0.000507,-0.00214,-0.0,-0.0,-0.00565,-0.006482,0.0,-0.0,-0.0,-0.002273,-0.0,-0.004895,-0.0,-0.001939,-0.009932,-0.0,-0.0,-0.005923,-0.0,-0.0,-0.0,-0.0,-0.005529,-0.006509,0.0,-0.003726,-0.002945,-0.009308,-0.009421,-0.0,-0.008599,-0.0,-0.00672,-0.002258,0.0,-0.001954,-0.010603,-0.006479,-0.006068,-0.0061,-0.009608,-0.002157,-0.000641,-0.001062,-0.0,-0.0,-0.003667,-0.004134,-0.00644
2017-06-01 14:04:00+02:00,-0.0,0.0,-0.0,-0.005661,-0.0,-0.0,-0.001132,-0.002211,-0.005458,-0.0,-0.0,-0.0,-0.006513,-0.006518,-0.002464,-0.007935,-0.0,-0.0,-0.0,-0.009461,0.0,-0.009479,-0.00382,-0.0,-0.00924,-0.009426,-0.001838,0.0,-0.00094,-0.0,-0.0,-0.005389,0.0,-0.005035,-0.006351,-0.0,-1.6e-05,-0.003217,0.0,-0.010353,-0.002071,-0.0,-0.003255,0.0,-0.0,-0.001433,-0.00183,-0.004674,-0.002605,0.0,-0.0,-0.005371,-0.004903,-0.006518,-0.0,0.0,-0.0,-0.0,0.0,-0.001034,-0.005293,-0.009781,-0.004905,0.0,-0.0,-0.008514,-0.000578,-0.004975,0.0,-0.000549,-0.002161,-0.0,-0.0,-0.005673,-0.006487,0.0,-0.0,-0.0,-0.002344,-0.0,-0.004885,-0.0,-0.001924,-0.009861,-0.0,-0.0,-0.005923,-0.0,-0.0,-0.0,-0.0,-0.00552,-0.006513,0.0,-0.003718,-0.002925,-0.009283,-0.009396,-0.0,-0.008524,-0.0,-0.0067,-0.002276,0.0,-0.002001,-0.010605,-0.006483,-0.006022,-0.00608,-0.009585,-0.002203,-0.000634,-0.001088,-0.0,-1.4e-05,-0.0037,-0.004116,-0.006444
2017-06-01 14:05:00+02:00,-0.0,0.0,-0.0,-0.005641,-0.0,-0.0,-0.001161,-0.002242,-0.005412,-0.0,-0.0,-0.0,-0.006518,-0.006523,-0.002453,-0.007912,-0.0,-0.0,-0.0,-0.009495,0.0,-0.009518,-0.003876,-0.0,-0.00917,-0.009401,-0.001868,0.0,-0.000929,-0.0,-0.0,-0.005356,0.0,-0.005009,-0.00635,-0.0,-1.3e-05,-0.003271,0.0,-0.010344,-0.002109,-0.0,-0.003299,0.0,-0.0,-0.001415,-0.001818,-0.004694,-0.00259,0.0,-0.0,-0.005398,-0.004892,-0.006523,-0.0,0.0,-0.0,-0.0,0.0,-0.001085,-0.00532,-0.009726,-0.004884,0.0,-0.0,-0.00849,-0.000606,-0.004995,0.0,-0.000581,-0.002188,-0.0,-0.0,-0.005702,-0.006492,0.0,-0.0,-0.0,-0.002397,-0.0,-0.004874,-0.0,-0.001905,-0.009808,-0.0,-0.0,-0.005921,-0.0,-0.0,-0.0,-0.0,-0.005509,-0.006518,0.0,-0.003709,-0.002908,-0.009255,-0.009368,-0.0,-0.008467,-0.0,-0.006679,-0.002299,0.0,-0.002037,-0.010608,-0.006487,-0.005984,-0.006056,-0.009559,-0.002238,-0.000625,-0.001115,-0.0,-2.1e-05,-0.003741,-0.004095,-0.006448
2017-06-01 14:06:00+02:00,-0.0,0.0,-0.0,-0.005636,-0.0,-0.0,-0.001184,-0.002265,-0.005394,-0.0,-0.0,-0.0,-0.00651,-0.006522,-0.002456,-0.007901,-0.0,-0.0,-0.0,-0.009525,0.0,-0.009551,-0.003919,-0.0,-0.009146,-0.009389,-0.001892,0.0,-0.00093,-0.0,-0.0,-0.005347,0.0,-0.005003,-0.006362,-0.0,-1.1e-05,-0.003314,0.0,-0.010355,-0.002139,-0.0,-0.003343,0.0,-0.0,-0.001417,-0.001815,-0.004712,-0.002589,0.0,-0.0,-0.005423,-0.00489,-0.006522,-0.0,0.0,-0.0,-0.0,0.0,-0.001127,-0.005344,-0.009701,-0.004879,0.0,-0.0,-0.008479,-0.00063,-0.005013,0.0,-0.000607,-0.002215,-0.0,-0.0,-0.005728,-0.006492,0.0,-0.0,-0.0,-0.002439,-0.0,-0.004871,-0.0,-0.001905,-0.009785,-0.0,-0.0,-0.005885,-0.0,-0.0,-0.0,-0.0,-0.005507,-0.00651,0.0,-0.003709,-0.002912,-0.009239,-0.009352,-0.0,-0.008445,-0.0,-0.006671,-0.002322,0.0,-0.002065,-0.010562,-0.006479,-0.005973,-0.006047,-0.009544,-0.002265,-0.000627,-0.001143,-0.0,-2.9e-05,-0.003783,-0.004091,-0.006437
2017-06-01 14:07:00+02:00,-0.0,0.0,-0.0,-0.005675,-0.0,-0.0,-0.00119,-0.002269,-0.005497,-0.0,-0.0,-0.0,-0.0065,-0.006514,-0.002516,-0.007932,-0.0,-0.0,-0.0,-0.009512,0.0,-0.00954,-0.003928,-0.0,-0.009316,-0.009414,-0.001897,0.0,-0.000957,-0.0,-0.0,-0.005438,0.0,-0.005085,-0.006387,-0.0,-6.6e-05,-0.003324,0.0,-0.010377,-0.002148,-0.0,-0.003349,0.0,-0.0,-0.001462,-0.001837,-0.004705,-0.002645,0.0,-0.0,-0.005421,-0.004912,-0.006514,-0.0,0.0,-0.0,-0.0,0.0,-0.001141,-0.005341,-0.009802,-0.00492,0.0,-0.0,-0.008508,-0.000637,-0.005005,0.0,-0.000616,-0.00222,-0.0,-0.0,-0.005727,-0.006485,0.0,-0.0,-0.0,-0.00245,-0.0,-0.004892,-0.0,-0.001953,-0.009889,-0.0,-0.0,-0.005871,-0.0,-0.0,-0.0,-0.0,-0.005527,-0.0065,0.0,-0.003735,-0.003002,-0.009261,-0.009374,-0.0,-0.008576,-0.0,-0.006706,-0.002323,0.0,-0.002073,-0.010549,-0.006469,-0.00607,-0.00608,-0.009568,-0.002272,-0.000654,-0.001149,-0.0,-2.3e-05,-0.003788,-0.004131,-0.006427
2017-06-01 14:08:00+02:00,-0.0,0.0,-0.0,-0.005686,-0.0,-0.0,-0.00118,-0.002256,-0.00555,-0.0,-0.0,-0.0,-0.006502,-0.006517,-0.002537,-0.007936,-0.0,-0.0,-0.0,-0.009469,0.0,-0.009499,-0.003909,-0.0,-0.009406,-0.009414,-0.001885,0.0,-0.000965,-0.0,-0.0,-0.005483,0.0,-0.005122,-0.006409,-0.0,-7.3e-05,-0.003306,0.0,-0.010398,-0.002139,-0.0,-0.00332,0.0,-0.0,-0.001476,-0.001842,-0.00468,-0.002663,0.0,-0.0,-0.005399,-0.004917,-0.006517,-0.0,0.0,-0.0,-0.0,0.0,-0.001125,-0.005319,-0.009838,-0.004931,0.0,-0.0,-0.00851,-0.000628,-0.00498,0.0,-0.000607,-0.002202,-0.0,-0.0,-0.005707,-0.006488,0.0,-0.0,-0.0,-0.002433,-0.0,-0.004897,-0.0,-0.001968,-0.009927,-0.0,-0.0,-0.005871,-0.0,-0.0,-0.0,-0.0,-0.005531,-0.006502,0.0,-0.003744,-0.003031,-0.009256,-0.009369,-0.0,-0.008635,-0.0,-0.006714,-0.002304,0.0,-0.002063,-0.010552,-0.006472,-0.006102,-0.006086,-0.009565,-0.002261,-0.000662,-0.001134,-0.0,-1.9e-05,-0.003757,-0.004142,-0.006429
2017-06-01 14:09:00+02:00,-0.0,0.0,-0.0,-0.005682,-0.0,-0.0,-0.001165,-0.002237,-0.005586,-0.0,-0.0,-0.0,-0.006484,-0.006502,-0.00255,-0.007923,-0.0,-0.0,-0.0,-0.009411,0.0,-0.009442,-0.00388,-0.0,-0.009465,-0.009396,-0.001868,0.0,-0.000965,-0.0,-0.0,-0.005513,0.0,-0.005146,-0.006422,-0.0,-7.1e-05,-0.003277,0.0,-0.010404,-0.002124,-0.0,-0.003276,0.0,-0.0,-0.001476,-0.00184,-0.004646,-0.002672,0.0,-0.0,-0.005368,-0.004912,-0.006502,-0.0,0.0,-0.0,-0.0,0.0,-0.001101,-0.005288,-0.009856,-0.004929,0.0,-0.0,-0.008495,-0.000614,-0.004945,0.0,-0.000592,-0.002175,-0.0,-0.0,-0.005677,-0.006475,0.0,-0.0,-0.0,-0.002406,-0.0,-0.004891,-0.0,-0.001969,-0.009948,-0.0,-0.0,-0.005838,-0.0,-0.0,-0.0,-0.0,-0.005524,-0.006484,0.0,-0.003743,-0.003046,-0.009236,-0.009348,-0.0,-0.008669,-0.0,-0.006706,-0.002276,0.0,-0.002046,-0.01051,-0.006455,-0.006119,-0.006077,-0.009546,-0.002244,-0.000662,-0.00111,-0.0,-1.5e-05,-0.00371,-0.00414,-0.006409
2017-06-01 14:10:00+02:00,-0.0,0.0,-0.0,-0.005656,-0.0,-0.0,-0.00114,-0.002208,-0.005598,-0.0,-0.0,-0.0,-0.006484,-0.006502,-0.002547,-0.007888,-0.0,-0.0,-0.0,-0.009344,0.0,-0.009377,-0.003831,-0.0,-0.009487,-0.009356,-0.00184,0.0,-0.000954,-0.0,-0.0,-0.005521,0.0,-0.005151,-0.006433,-0.0,-5.7e-05,-0.00323,0.0,-0.010406,-0.002096,-0.0,-0.003226,0.0,-0.0,-0.001457,-0.001826,-0.004608,-0.002667,0.0,-0.0,-0.005333,-0.004893,-0.006502,-0.0,0.0,-0.0,-0.0,0.0,-0.001059,-0.005252,-0.009845,-0.004905,0.0,-0.0,-0.008458,-0.00059,-0.004906,0.0,-0.000568,-0.002145,-0.0,-0.0,-0.005643,-0.006475,0.0,-0.0,-0.0,-0.002362,-0.0,-0.004872,-0.0,-0.001951,-0.009938,-0.0,-0.0,-0.005829,-0.0,-0.0,-0.0,-0.0,-0.005505,-0.006484,0.0,-0.003729,-0.003038,-0.009193,-0.009305,-0.0,-0.008671,-0.0,-0.006675,-0.002245,0.0,-0.002018,-0.0105,-0.006455,-0.006109,-0.006047,-0.009504,-0.002216,-0.000651,-0.001083,-0.0,-1.2e-05,-0.003659,-0.004116,-0.006408
2017-06-01 14:11:00+02:00,-0.0,0.0,-0.0,-0.005643,-0.0,-0.0,-0.001124,-0.002189,-0.005618,-0.0,-0.0,-0.0,-0.006476,-0.006496,-0.002559,-0.007866,-0.0,-0.0,-0.0,-0.009307,0.0,-0.009343,-0.003801,-0.0,-0.009521,-0.009328,-0.001822,0.0,-0.00095,-0.0,-0.0,-0.005539,0.0,-0.005166,-0.006441,-0.0,-6.2e-05,-0.003201,0.0,-0.010388,-0.00208,-0.0,-0.003203,0.0,-0.0,-0.001451,-0.00182,-0.004586,-0.002675,0.0,-0.0,-0.005316,-0.004884,-0.006496,-0.0,0.0,-0.0,-0.0,0.0,-0.001034,-0.005234,-0.009849,-0.004893,0.0,-0.0,-0.008434,-0.000576,-0.004884,0.0,-0.000553,-0.002132,-0.0,-0.0,-0.005627,-0.006471,0.0,-0.0,-0.0,-0.002334,-0.0,-0.004861,-0.0,-0.001946,-0.009945,-0.0,-0.0,-0.00581,-0.0,-0.0,-0.0,-0.0,-0.005493,-0.006476,0.0,-0.003723,-0.003052,-0.009163,-0.009275,-0.0,-0.008688,-0.0,-0.006658,-0.002229,0.0,-0.002002,-0.010475,-0.006446,-0.006119,-0.006029,-0.009474,-0.002199,-0.000648,-0.001072,-0.0,-1e-05,-0.003634,-0.004105,-0.006398
2017-06-01 14:12:00+02:00,-0.0,0.0,-0.0,-0.00563,-0.0,-0.0,-0.001113,-0.002175,-0.005627,-0.0,-0.0,-0.0,-0.006443,-0.006464,-0.002568,-0.007842,-0.0,-0.0,-0.0,-0.009267,0.0,-0.009304,-0.003778,-0.0,-0.009538,-0.009299,-0.001809,0.0,-0.00095,-0.0,-0.0,-0.005549,0.0,-0.005175,-0.006441,-0.0,-7.1e-05,-0.00318,0.0,-0.010324,-0.002069,-0.0,-0.003186,0.0,-0.0,-0.001451,-0.001815,-0.004564,-0.002681,0.0,-0.0,-0.005297,-0.004873,-0.006464,-0.0,0.0,-0.0,-0.0,0.0,-0.001021,-0.005214,-0.009843,-0.004883,0.0,-0.0,-0.008408,-0.000567,-0.004861,0.0,-0.000545,-0.002121,-0.0,-0.0,-0.005609,-0.006441,0.0,-0.0,-0.0,-0.002316,-0.0,-0.00485,-0.0,-0.001945,-0.00994,-0.0,-0.0,-0.005769,-0.0,-0.0,-0.0,-0.0,-0.00548,-0.006443,0.0,-0.003718,-0.003064,-0.009132,-0.009243,-0.0,-0.008693,-0.0,-0.00664,-0.002216,0.0,-0.00199,-0.010411,-0.006413,-0.006123,-0.006011,-0.009443,-0.002186,-0.000648,-0.001065,-0.0,-8e-06,-0.003614,-0.004096,-0.006364
2017-06-01 14:13:00+02:00,-0.0,0.0,-0.0,-0.005612,-0.0,-0.0,-0.001104,-0.00216,-0.005617,-0.0,-0.0,-0.0,-0.006434,-0.006455,-0.002566,-0.007811,-0.0,-0.0,-0.0,-0.009218,0.0,-0.009257,-0.003755,-0.0,-0.009524,-0.00926,-0.001796,0.0,-0.000949,-0.0,-0.0,-0.005541,0.0,-0.005166,-0.006433,-0.0,-7.1e-05,-0.003158,0.0,-0.010296,-0.002057,-0.0,-0.003167,0.0,-0.0,-0.00145,-0.001808,-0.004538,-0.002675,0.0,-0.0,-0.005274,-0.004858,-0.006455,-0.0,0.0,-0.0,-0.0,0.0,-0.00101,-0.005191,-0.009807,-0.004867,0.0,-0.0,-0.008374,-0.000561,-0.004833,0.0,-0.00054,-0.00211,-0.0,-0.0,-0.005586,-0.006433,0.0,-0.0,-0.0,-0.002299,-0.0,-0.004834,-0.0,-0.001942,-0.009906,-0.0,-0.0,-0.005749,-0.0,-0.0,-0.0,-0.0,-0.005463,-0.006434,0.0,-0.003708,-0.00306,-0.009092,-0.009202,-0.0,-0.00867,-0.0,-0.006615,-0.002202,0.0,-0.001977,-0.010383,-0.006403,-0.006104,-0.005987,-0.009403,-0.002173,-0.000648,-0.001057,-0.0,-6e-06,-0.003592,-0.004083,-0.006352
2017-06-01 14:14:00+02:00,-0.0,0.0,-0.0,-0.005573,-0.0,-0.0,-0.001099,-0.002149,-0.005557,-0.0,-0.0,-0.0,-0.006418,-0.00644,-0.002538,-0.007758,-0.0,-0.0,-0.0,-0.009123,0.0,-0.009164,-0.003739,-0.0,-0.009429,-0.009198,-0.001787,0.0,-0.000938,-0.0,-0.0,-0.005488,0.0,-0.005119,-0.0064,-0.0,-5.7e-05,-0.003144,0.0,-0.01025,-0.00205,-0.0,-0.003129,0.0,-0.0,-0.001432,-0.001791,-0.004487,-0.002643,0.0,-0.0,-0.005222,-0.004829,-0.00644,-0.0,0.0,-0.0,-0.0,0.0,-0.001008,-0.005138,-0.00971,-0.004832,0.0,-0.0,-0.008317,-0.00056,-0.004779,0.0,-0.000539,-0.002086,-0.0,-0.0,-0.005534,-0.00642,0.0,-0.0,-0.0,-0.002289,-0.0,-0.004804,-0.0,-0.001922,-0.00981,-0.0,-0.0,-0.005724,-0.0,-0.0,-0.0,-0.0,-0.00543,-0.006418,0.0,-0.003687,-0.003017,-0.009029,-0.009137,-0.0,-0.008581,-0.0,-0.00657,-0.002175,0.0,-0.001969,-0.01035,-0.006387,-0.006036,-0.005944,-0.009338,-0.002165,-0.000639,-0.001042,-0.0,-5e-06,-0.00355,-0.004051,-0.006334
2017-06-01 14:15:00+02:00,-0.0,0.0,-0.0,-0.00551,-0.0,-0.0,-0.001102,-0.002147,-0.00548,-0.0,-0.0,-0.0,-0.00642,-0.006442,-0.002505,-0.007682,-0.0,-0.0,-0.0,-0.009059,0.0,-0.009101,-0.003738,-0.0,-0.009307,-0.009112,-0.001785,0.0,-0.000916,-0.0,-0.0,-0.005423,0.0,-0.005061,-0.006359,-0.0,-4.6e-05,-0.003144,0.0,-0.010187,-0.002051,-0.0,-0.003113,0.0,-0.0,-0.001397,-0.001763,-0.004454,-0.002606,0.0,-0.0,-0.005188,-0.004786,-0.006442,-0.0,0.0,-0.0,-0.0,0.0,-0.00102,-0.005103,-0.009607,-0.004774,0.0,-0.0,-0.008238,-0.000566,-0.004742,0.0,-0.000547,-0.002075,-0.0,-0.0,-0.005501,-0.006422,0.0,-0.0,-0.0,-0.002294,-0.0,-0.00476,-0.0,-0.001882,-0.009709,-0.0,-0.0,-0.005723,-0.0,-0.0,-0.0,-0.0,-0.005383,-0.00642,0.0,-0.00365,-0.002968,-0.008944,-0.009051,-0.0,-0.008475,-0.0,-0.006501,-0.002161,0.0,-0.00197,-0.010352,-0.006388,-0.005961,-0.005878,-0.009251,-0.002166,-0.00062,-0.001038,-0.0,-4e-06,-0.003529,-0.003998,-0.006336
2017-06-01 14:16:00+02:00,-0.0,0.0,-0.0,-0.005633,-0.0,-0.0,-0.001101,-0.00214,-0.00535,-0.0,-0.0,-0.0,-0.006423,-0.006446,-0.00242,-0.007795,-0.0,-0.0,-0.0,-0.009078,0.0,-0.009123,-0.00373,-0.0,-0.009094,-0.009221,-0.001779,0.0,-0.000997,-0.0,-0.0,-0.005299,0.0,-0.004942,-0.006224,-0.0,-3.7e-05,-0.003135,0.0,-0.009974,-0.002046,-0.0,-0.003147,0.0,-0.0,-0.001534,-0.001833,-0.004464,-0.002519,0.0,-0.0,-0.005205,-0.004859,-0.006446,-0.0,0.0,-0.0,-0.0,0.0,-0.001026,-0.00512,-0.009375,-0.004899,0.0,-0.0,-0.008349,-0.000569,-0.004752,0.0,-0.000551,-0.002096,-0.0,-0.0,-0.005519,-0.006409,0.0,-0.0,-0.0,-0.002292,-0.0,-0.004831,-0.0,-0.00202,-0.009476,-0.0,-0.0,-0.005724,-0.0,-0.0,-0.0,-0.0,-0.005455,-0.006423,0.0,-0.003727,-0.002843,-0.009047,-0.009154,-0.0,-0.008273,-0.0,-0.006619,-0.002178,0.0,-0.001965,-0.010356,-0.006392,-0.005793,-0.005992,-0.009357,-0.002162,-0.0007,-0.001061,-0.0,-3e-06,-0.003561,-0.004124,-0.006339
2017-06-01 14:17:00+02:00,-0.0,0.0,-0.0,-0.005727,-0.0,-0.0,-0.001087,-0.002121,-0.005244,-0.0,-0.0,-0.0,-0.006426,-0.006448,-0.00235,-0.007882,-0.0,-0.0,-0.0,-0.009085,0.0,-0.009132,-0.003699,-0.0,-0.008921,-0.009305,-0.001761,0.0,-0.001058,-0.0,-0.0,-0.005199,0.0,-0.004846,-0.006114,-0.0,-2.9e-05,-0.003105,0.0,-0.009796,-0.002026,-0.0,-0.003166,0.0,-0.0,-0.001639,-0.001886,-0.004468,-0.002447,0.0,-0.0,-0.005215,-0.004917,-0.006448,-0.0,0.0,-0.0,-0.0,0.0,-0.00101,-0.005129,-0.009183,-0.004995,0.0,-0.0,-0.008435,-0.000559,-0.004755,0.0,-0.000542,-0.002108,-0.0,-0.0,-0.005529,-0.006395,0.0,-0.0,-0.0,-0.002267,-0.0,-0.004887,-0.0,-0.002125,-0.009284,-0.0,-0.0,-0.005711,-0.0,-0.0,-0.0,-0.0,-0.005511,-0.006426,0.0,-0.003788,-0.002739,-0.009126,-0.009233,-0.0,-0.008108,-0.0,-0.006709,-0.002186,0.0,-0.001947,-0.010356,-0.006394,-0.005654,-0.006079,-0.009439,-0.002144,-0.00076,-0.001074,-0.0,-3e-06,-0.003578,-0.00422,-0.00634
2017-06-01 14:18:00+02:00,-0.0,0.0,-0.0,-0.005812,-0.0,-0.0,-0.001096,-0.002128,-0.005179,-0.0,-0.0,-0.0,-0.006428,-0.006451,-0.002312,-0.007958,-0.0,-0.0,-0.0,-0.00908,0.0,-0.009129,-0.003714,-0.0,-0.008818,-0.009379,-0.001767,0.0,-0.00111,-0.0,-0.0,-0.00514,0.0,-0.00479,-0.00605,-0.0,-2.3e-05,-0.003118,0.0,-0.009691,-0.002037,-0.0,-0.003173,0.0,-0.0,-0.001727,-0.001931,-0.004465,-0.002407,0.0,-0.0,-0.005218,-0.004968,-0.006451,-0.0,0.0,-0.0,-0.0,0.0,-0.001029,-0.00513,-0.009066,-0.00508,0.0,-0.0,-0.00851,-0.000569,-0.004751,0.0,-0.000554,-0.002112,-0.0,-0.0,-0.005533,-0.006406,0.0,-0.0,-0.0,-0.002283,-0.0,-0.004936,-0.0,-0.002214,-0.009168,-0.0,-0.0,-0.005705,-0.0,-0.0,-0.0,-0.0,-0.005561,-0.006428,0.0,-0.003842,-0.002682,-0.009195,-0.009303,-0.0,-0.008009,-0.0,-0.00679,-0.002188,0.0,-0.001956,-0.010356,-0.006396,-0.005573,-0.006157,-0.009511,-0.002154,-0.000811,-0.00108,-0.0,-2e-06,-0.003583,-0.004304,-0.006342
2017-06-01 14:19:00+02:00,-0.0,0.0,-0.0,-0.005876,-0.0,-0.0,-0.001095,-0.002125,-0.005141,-0.0,-0.0,-0.0,-0.006431,-0.006454,-0.002288,-0.008014,-0.0,-0.0,-0.0,-0.009069,0.0,-0.00912,-0.003713,-0.0,-0.008759,-0.009432,-0.001765,0.0,-0.001148,-0.0,-0.0,-0.005105,0.0,-0.004755,-0.006008,-0.0,-1.9e-05,-0.003117,0.0,-0.00962,-0.002037,-0.0,-0.003171,0.0,-0.0,-0.001791,-0.001964,-0.004458,-0.00238,0.0,-0.0,-0.005216,-0.005006,-0.006454,-0.0,0.0,-0.0,-0.0,0.0,-0.001032,-0.005127,-0.008987,-0.005143,0.0,-0.0,-0.008565,-0.00057,-0.004743,0.0,-0.000555,-0.002111,-0.0,-0.0,-0.005531,-0.006415,0.0,-0.0,-0.0,-0.002283,-0.0,-0.004971,-0.0,-0.002279,-0.00909,-0.0,-0.0,-0.005698,-0.0,-0.0,-0.0,-0.0,-0.005597,-0.006431,0.0,-0.003883,-0.002644,-0.009244,-0.009352,-0.0,-0.007947,-0.0,-0.006849,-0.002184,0.0,-0.001956,-0.010357,-0.006398,-0.00552,-0.006215,-0.009562,-0.002153,-0.000848,-0.001079,-0.0,-2e-06,-0.00358,-0.004366,-0.006343
2017-06-01 14:20:00+02:00,-0.0,0.0,-0.0,-0.00591,-0.0,-0.0,-0.001088,-0.002116,-0.005098,-0.0,-0.0,-0.0,-0.006435,-0.006458,-0.00226,-0.008041,-0.0,-0.0,-0.0,-0.009095,0.0,-0.009149,-0.0037,-0.0,-0.008694,-0.009455,-0.001756,0.0,-0.001168,-0.0,-0.0,-0.005066,0.0,-0.004718,-0.005965,-0.0,-1.5e-05,-0.003104,0.0,-0.009548,-0.00203,-0.0,-0.0032,0.0,-0.0,-0.001826,-0.00198,-0.00447,-0.002349,0.0,-0.0,-0.005236,-0.005025,-0.006458,-0.0,0.0,-0.0,-0.0,0.0,-0.001021,-0.005145,-0.008908,-0.005177,0.0,-0.0,-0.008591,-0.000564,-0.004756,0.0,-0.000549,-0.002129,-0.0,-0.0,-0.005551,-0.006425,0.0,-0.0,-0.0,-0.002271,-0.0,-0.004988,-0.0,-0.002314,-0.009012,-0.0,-0.0,-0.005698,-0.0,-0.0,-0.0,-0.0,-0.005615,-0.006435,0.0,-0.003905,-0.002599,-0.009265,-0.009372,-0.0,-0.007881,-0.0,-0.00688,-0.002199,0.0,-0.001948,-0.010361,-0.006402,-0.005463,-0.006244,-0.009583,-0.002146,-0.000867,-0.001092,-0.0,-1e-06,-0.003609,-0.004399,-0.006345
2017-06-01 14:21:00+02:00,-0.0,0.0,-0.0,-0.005943,-0.0,-0.0,-0.001075,-0.002102,-0.005072,-0.0,-0.0,-0.0,-0.006438,-0.006462,-0.002243,-0.008069,-0.0,-0.0,-0.0,-0.009105,0.0,-0.009161,-0.003678,-0.0,-0.008657,-0.009482,-0.001741,0.0,-0.001186,-0.0,-0.0,-0.005044,0.0,-0.004696,-0.00594,-0.0,-1.2e-05,-0.003081,0.0,-0.009502,-0.002017,-0.0,-0.003213,0.0,-0.0,-0.001857,-0.001995,-0.004474,-0.00233,0.0,-0.0,-0.005247,-0.005046,-0.006462,-0.0,0.0,-0.0,-0.0,0.0,-0.001,-0.005155,-0.008856,-0.005209,0.0,-0.0,-0.008618,-0.000552,-0.00476,0.0,-0.000536,-0.002138,-0.0,-0.0,-0.005563,-0.006434,0.0,-0.0,-0.0,-0.002249,-0.0,-0.005008,-0.0,-0.002346,-0.008962,-0.0,-0.0,-0.005687,-0.0,-0.0,-0.0,-0.0,-0.005635,-0.006438,0.0,-0.003928,-0.002571,-0.009289,-0.009396,-0.0,-0.00784,-0.0,-0.00691,-0.002205,0.0,-0.001934,-0.01036,-0.006405,-0.005426,-0.006272,-0.009609,-0.002133,-0.000884,-0.001096,-0.0,-1e-06,-0.003623,-0.004429,-0.006347
2017-06-01 14:22:00+02:00,-0.0,0.0,-0.0,-0.005979,-0.0,-0.0,-0.00107,-0.002097,-0.005055,-0.0,-0.0,-0.0,-0.006443,-0.006467,-0.00223,-0.008101,-0.0,-0.0,-0.0,-0.009124,0.0,-0.009183,-0.003673,-0.0,-0.008633,-0.009512,-0.001736,0.0,-0.001206,-0.0,-0.0,-0.00503,0.0,-0.004681,-0.005922,-0.0,-1e-05,-0.003074,0.0,-0.009465,-0.002015,-0.0,-0.003234,0.0,-0.0,-0.001891,-0.002012,-0.004482,-0.002314,0.0,-0.0,-0.005263,-0.005069,-0.006467,-0.0,0.0,-0.0,-0.0,0.0,-0.000992,-0.00517,-0.008817,-0.005245,0.0,-0.0,-0.008649,-0.000547,-0.004768,0.0,-0.000532,-0.002152,-0.0,-0.0,-0.005579,-0.006443,0.0,-0.0,-0.0,-0.002242,-0.0,-0.005029,-0.0,-0.002382,-0.008924,-0.0,-0.0,-0.005688,-0.0,-0.0,-0.0,-0.0,-0.005657,-0.006443,0.0,-0.003952,-0.002549,-0.009317,-0.009423,-0.0,-0.00781,-0.0,-0.006944,-0.002216,0.0,-0.001931,-0.010364,-0.00641,-0.005396,-0.006303,-0.009638,-0.00213,-0.000904,-0.001106,-0.0,-1e-06,-0.003645,-0.004463,-0.00635
2017-06-01 14:23:00+02:00,-0.0,0.0,-0.0,-0.006057,-0.0,-0.0,-0.001095,-0.002124,-0.005074,-0.0,-0.0,-0.0,-0.006452,-0.006475,-0.002251,-0.008176,-0.0,-0.0,-0.0,-0.009193,0.0,-0.009256,-0.003725,-0.0,-0.008671,-0.009588,-0.001762,0.0,-0.001249,-0.0,-0.0,-0.005052,0.0,-0.004703,-0.005943,-0.0,-8e-06,-0.003122,0.0,-0.009491,-0.002047,-0.0,-0.003301,0.0,-0.0,-0.001963,-0.00205,-0.004519,-0.002331,0.0,-0.0,-0.005309,-0.005119,-0.006475,-0.0,0.0,-0.0,-0.0,0.0,-0.001036,-0.005214,-0.008841,-0.005321,0.0,-0.0,-0.008725,-0.000571,-0.004805,0.0,-0.000559,-0.002193,-0.0,-0.0,-0.005627,-0.006456,0.0,-0.0,-0.0,-0.002288,-0.0,-0.005076,-0.0,-0.002456,-0.00895,-0.0,-0.0,-0.00569,-0.0,-0.0,-0.0,-0.0,-0.005707,-0.006452,0.0,-0.004003,-0.00258,-0.009387,-0.009494,-0.0,-0.00784,-0.0,-0.007021,-0.002253,0.0,-0.001961,-0.010372,-0.006417,-0.005423,-0.006375,-0.009711,-0.002161,-0.000945,-0.001143,-0.0,-8e-06,-0.003712,-0.004537,-0.006357
2017-06-01 14:24:00+02:00,-0.0,0.0,-0.0,-0.006099,-0.0,-0.0,-0.001106,-0.002137,-0.00508,-0.0,-0.0,-0.0,-0.006454,-0.006477,-0.002261,-0.008214,-0.0,-0.0,-0.0,-0.009214,0.0,-0.009279,-0.003751,-0.0,-0.008689,-0.009626,-0.001773,0.0,-0.001271,-0.0,-0.0,-0.005063,0.0,-0.004713,-0.005954,-0.0,-6e-06,-0.003145,0.0,-0.009499,-0.002063,-0.0,-0.003325,0.0,-0.0,-0.002002,-0.002069,-0.004528,-0.002337,0.0,-0.0,-0.005327,-0.005146,-0.006477,-0.0,0.0,-0.0,-0.0,0.0,-0.001055,-0.00523,-0.008847,-0.005362,0.0,-0.0,-0.008763,-0.000581,-0.004815,0.0,-0.000571,-0.002208,-0.0,-0.0,-0.005646,-0.006461,0.0,-0.0,-0.0,-0.00231,-0.0,-0.005102,-0.0,-0.002496,-0.008958,-0.0,-0.0,-0.005667,-0.0,-0.0,-0.0,-0.0,-0.005734,-0.006454,0.0,-0.004031,-0.002591,-0.009423,-0.009529,-0.0,-0.00785,-0.0,-0.007061,-0.002265,0.0,-0.001976,-0.010353,-0.006419,-0.005431,-0.006412,-0.009748,-0.002177,-0.000967,-0.001155,-0.0,-6e-06,-0.003735,-0.004576,-0.006356
2017-06-01 14:25:00+02:00,-0.0,0.0,-0.0,-0.006091,-0.0,-0.0,-0.001098,-0.002128,-0.005069,-0.0,-0.0,-0.0,-0.006457,-0.006481,-0.002252,-0.008202,-0.0,-0.0,-0.0,-0.009188,0.0,-0.009255,-0.00374,-0.0,-0.008677,-0.009613,-0.001765,0.0,-0.001267,-0.0,-0.0,-0.005056,0.0,-0.004706,-0.00595,-0.0,-5e-06,-0.003133,0.0,-0.009484,-0.002057,-0.0,-0.003308,0.0,-0.0,-0.001995,-0.002063,-0.004512,-0.002325,0.0,-0.0,-0.005315,-0.005143,-0.006481,-0.0,0.0,-0.0,-0.0,0.0,-0.001043,-0.005218,-0.008829,-0.005354,0.0,-0.0,-0.008751,-0.000574,-0.004798,0.0,-0.000563,-0.002198,-0.0,-0.0,-0.005634,-0.006468,0.0,-0.0,-0.0,-0.002298,-0.0,-0.005096,-0.0,-0.00249,-0.008942,-0.0,-0.0,-0.005663,-0.0,-0.0,-0.0,-0.0,-0.00573,-0.006457,0.0,-0.004029,-0.002573,-0.00941,-0.009515,-0.0,-0.007833,-0.0,-0.007051,-0.002253,0.0,-0.001969,-0.010355,-0.006421,-0.005413,-0.006401,-0.009735,-0.00217,-0.000963,-0.001143,-0.0,-5e-06,-0.003718,-0.004567,-0.006357
2017-06-01 14:26:00+02:00,-0.0,0.0,-0.0,-0.006093,-0.0,-0.0,-0.001094,-0.002124,-0.005073,-0.0,-0.0,-0.0,-0.006462,-0.006486,-0.002256,-0.008201,-0.0,-0.0,-0.0,-0.009181,0.0,-0.00925,-0.003735,-0.0,-0.008689,-0.009611,-0.001761,0.0,-0.001268,-0.0,-0.0,-0.005064,0.0,-0.004714,-0.005961,-0.0,-4e-06,-0.003128,0.0,-0.009491,-0.002055,-0.0,-0.003304,0.0,-0.0,-0.001998,-0.002061,-0.004506,-0.002326,0.0,-0.0,-0.005316,-0.005146,-0.006486,-0.0,0.0,-0.0,-0.0,0.0,-0.001038,-0.005216,-0.008834,-0.005355,0.0,-0.0,-0.008749,-0.00057,-0.004792,0.0,-0.00056,-0.002197,-0.0,-0.0,-0.005636,-0.006475,0.0,-0.0,-0.0,-0.002292,-0.0,-0.005098,-0.0,-0.002492,-0.00895,-0.0,-0.0,-0.00566,-0.0,-0.0,-0.0,-0.0,-0.005733,-0.006462,0.0,-0.004033,-0.002575,-0.009406,-0.00951,-0.0,-0.007838,-0.0,-0.007051,-0.00225,0.0,-0.001966,-0.010356,-0.006425,-0.005415,-0.006399,-0.009731,-0.002168,-0.000964,-0.00114,-0.0,-4e-06,-0.003714,-0.004568,-0.00636
2017-06-01 14:27:00+02:00,-0.0,0.0,-0.0,-0.006084,-0.0,-0.0,-0.001092,-0.00212,-0.005083,-0.0,-0.0,-0.0,-0.006463,-0.006487,-0.002269,-0.008181,-0.0,-0.0,-0.0,-0.009173,0.0,-0.009245,-0.003731,-0.0,-0.008712,-0.009584,-0.001757,0.0,-0.001266,-0.0,-0.0,-0.00508,0.0,-0.00473,-0.005982,-0.0,-3e-06,-0.003124,0.0,-0.009511,-0.002055,-0.0,-0.003306,0.0,-0.0,-0.001995,-0.002056,-0.0045,-0.002335,0.0,-0.0,-0.005317,-0.00514,-0.006487,-0.0,0.0,-0.0,-0.0,0.0,-0.001037,-0.005217,-0.008853,-0.005347,0.0,-0.0,-0.008727,-0.000569,-0.004786,0.0,-0.00056,-0.002199,-0.0,-0.0,-0.005638,-0.006479,0.0,-0.0,-0.0,-0.002289,-0.0,-0.005089,-0.0,-0.00249,-0.00897,-0.0,-0.0,-0.005634,-0.0,-0.0,-0.0,-0.0,-0.005723,-0.006463,0.0,-0.004031,-0.00259,-0.009377,-0.009481,-0.0,-0.007854,-0.0,-0.007037,-0.002249,0.0,-0.001965,-0.01032,-0.006425,-0.005429,-0.006384,-0.009702,-0.002167,-0.000963,-0.001141,-0.0,-3e-06,-0.003715,-0.00456,-0.006353
2017-06-01 14:28:00+02:00,-0.0,0.0,-0.0,-0.006059,-0.0,-0.0,-0.001088,-0.002114,-0.005087,-0.0,-0.0,-0.0,-0.006447,-0.006472,-0.00228,-0.008144,-0.0,-0.0,-0.0,-0.009148,0.0,-0.009221,-0.003723,-0.0,-0.008722,-0.009538,-0.001752,0.0,-0.001259,-0.0,-0.0,-0.005089,0.0,-0.00474,-0.005996,-0.0,-3e-06,-0.003116,0.0,-0.009519,-0.002052,-0.0,-0.003301,0.0,-0.0,-0.001984,-0.002045,-0.004487,-0.002342,0.0,-0.0,-0.005309,-0.005123,-0.006472,-0.0,0.0,-0.0,-0.0,0.0,-0.001034,-0.005207,-0.00886,-0.005324,0.0,-0.0,-0.008686,-0.000567,-0.004772,0.0,-0.000559,-0.002197,-0.0,-0.0,-0.005631,-0.006475,0.0,-0.0,-0.0,-0.002283,-0.0,-0.00507,-0.0,-0.002477,-0.008981,-0.0,-0.0,-0.005602,-0.0,-0.0,-0.0,-0.0,-0.005702,-0.006447,0.0,-0.004019,-0.002603,-0.009329,-0.009431,-0.0,-0.007858,-0.0,-0.007006,-0.002244,0.0,-0.001961,-0.010266,-0.006405,-0.005436,-0.006354,-0.009653,-0.002164,-0.000956,-0.00114,-0.0,-3e-06,-0.003708,-0.004538,-0.006329
2017-06-01 14:29:00+02:00,-0.0,0.0,-0.0,-0.006016,-0.0,-0.0,-0.001071,-0.002093,-0.005084,-0.0,-0.0,-0.0,-0.006447,-0.006472,-0.002279,-0.008088,-0.0,-0.0,-0.0,-0.009089,0.0,-0.009165,-0.003689,-0.0,-0.008719,-0.009473,-0.001732,0.0,-0.001243,-0.0,-0.0,-0.005089,0.0,-0.00474,-0.005996,-0.0,-2e-06,-0.003082,0.0,-0.009503,-0.002033,-0.0,-0.003267,0.0,-0.0,-0.001956,-0.002024,-0.004455,-0.002338,0.0,-0.0,-0.005281,-0.005094,-0.006472,-0.0,0.0,-0.0,-0.0,0.0,-0.001008,-0.005178,-0.008846,-0.005283,0.0,-0.0,-0.008627,-0.000553,-0.004739,0.0,-0.000544,-0.002177,-0.0,-0.0,-0.005602,-0.006475,0.0,-0.0,-0.0,-0.002252,-0.0,-0.00504,-0.0,-0.002448,-0.008969,-0.0,-0.0,-0.00559,-0.0,-0.0,-0.0,-0.0,-0.00567,-0.006447,0.0,-0.003995,-0.002597,-0.009263,-0.009364,-0.0,-0.007846,-0.0,-0.006957,-0.002222,0.0,-0.001942,-0.01025,-0.006404,-0.005424,-0.006306,-0.009585,-0.002144,-0.000941,-0.001122,-0.0,-2e-06,-0.003672,-0.0045,-0.006327
2017-06-01 14:30:00+02:00,-0.0,0.0,-0.0,-0.005925,-0.0,-0.0,-0.001045,-0.002063,-0.005003,-0.0,-0.0,-0.0,-0.006426,-0.006452,-0.002232,-0.007986,-0.0,-0.0,-0.0,-0.009035,0.0,-0.009113,-0.003636,-0.0,-0.008588,-0.009362,-0.001702,0.0,-0.0012,-0.0,-0.0,-0.005019,0.0,-0.004676,-0.005937,-0.0,-2e-06,-0.003031,0.0,-0.009393,-0.002003,-0.0,-0.003233,0.0,-0.0,-0.001883,-0.001978,-0.004426,-0.002289,0.0,-0.0,-0.005256,-0.005037,-0.006452,-0.0,0.0,-0.0,-0.0,0.0,-0.000966,-0.005152,-0.008738,-0.005195,0.0,-0.0,-0.008522,-0.000529,-0.004709,0.0,-0.000519,-0.002157,-0.0,-0.0,-0.005578,-0.006457,0.0,-0.0,-0.0,-0.002204,-0.0,-0.004981,-0.0,-0.002372,-0.008862,-0.0,-0.0,-0.005558,-0.0,-0.0,-0.0,-0.0,-0.00561,-0.006426,0.0,-0.003943,-0.002523,-0.009153,-0.009253,-0.0,-0.007729,-0.0,-0.006861,-0.002201,0.0,-0.001912,-0.010198,-0.006382,-0.005332,-0.006212,-0.009473,-0.002114,-0.000899,-0.001103,-0.0,-2e-06,-0.003636,-0.004415,-0.006302
2017-06-01 14:31:00+02:00,-0.0,0.0,-0.0,-0.005885,-0.0,-0.0,-0.001053,-0.002066,-0.004933,-0.0,-0.0,-0.0,-0.006391,-0.006418,-0.002196,-0.00793,-0.0,-0.0,-0.0,-0.009,0.0,-0.009081,-0.003644,-0.0,-0.008473,-0.009296,-0.001706,0.0,-0.001189,-0.0,-0.0,-0.004958,0.0,-0.004621,-0.005876,-0.0,-1e-06,-0.003038,0.0,-0.00928,-0.00201,-0.0,-0.003228,0.0,-0.0,-0.001866,-0.001961,-0.004409,-0.002251,0.0,-0.0,-0.005244,-0.005009,-0.006418,-0.0,0.0,-0.0,-0.0,0.0,-0.000987,-0.005138,-0.008632,-0.005159,0.0,-0.0,-0.008462,-0.00054,-0.00469,0.0,-0.000533,-0.002155,-0.0,-0.0,-0.005566,-0.006424,0.0,-0.0,-0.0,-0.002218,-0.0,-0.004951,-0.0,-0.002351,-0.008757,-0.0,-0.0,-0.005513,-0.0,-0.0,-0.0,-0.0,-0.005578,-0.006391,0.0,-0.003922,-0.00247,-0.009087,-0.009185,-0.0,-0.007625,-0.0,-0.006813,-0.002195,0.0,-0.001918,-0.010127,-0.006346,-0.005253,-0.006167,-0.009405,-0.002121,-0.00089,-0.001103,-0.0,-1e-06,-0.003629,-0.004382,-0.006265
2017-06-01 14:32:00+02:00,-0.0,0.0,-0.0,-0.00586,-0.0,-0.0,-0.001062,-0.002069,-0.004885,-0.0,-0.0,-0.0,-0.006393,-0.00642,-0.002179,-0.007891,-0.0,-0.0,-0.0,-0.008966,0.0,-0.009049,-0.003653,-0.0,-0.008397,-0.00925,-0.00171,0.0,-0.001185,-0.0,-0.0,-0.004919,0.0,-0.004587,-0.005838,-0.0,-1e-06,-0.003047,0.0,-0.009203,-0.002017,-0.0,-0.003226,0.0,-0.0,-0.001861,-0.001951,-0.004392,-0.00223,0.0,-0.0,-0.005231,-0.004992,-0.00642,-0.0,0.0,-0.0,-0.0,0.0,-0.00101,-0.005124,-0.008562,-0.005136,0.0,-0.0,-0.00842,-0.000553,-0.004672,0.0,-0.000548,-0.002155,-0.0,-0.0,-0.005554,-0.00641,0.0,-0.0,-0.0,-0.002232,-0.0,-0.004931,-0.0,-0.002344,-0.008688,-0.0,-0.0,-0.00551,-0.0,-0.0,-0.0,-0.0,-0.005557,-0.006393,0.0,-0.00391,-0.002443,-0.009039,-0.009136,-0.0,-0.007557,-0.0,-0.006782,-0.002191,0.0,-0.001924,-0.010127,-0.006347,-0.005205,-0.006136,-0.009356,-0.002128,-0.000889,-0.001106,-0.0,-1e-06,-0.003624,-0.004362,-0.006265
2017-06-01 14:33:00+02:00,-0.0,0.0,-0.0,-0.005859,-0.0,-0.0,-0.001077,-0.00208,-0.00487,-0.0,-0.0,-0.0,-0.006396,-0.006423,-0.002186,-0.00788,-0.0,-0.0,-0.0,-0.008957,0.0,-0.009043,-0.003677,-0.0,-0.008379,-0.009233,-0.001721,0.0,-0.001192,-0.0,-0.0,-0.004914,0.0,-0.004586,-0.00584,-0.0,-1e-06,-0.00307,0.0,-0.009193,-0.002033,-0.0,-0.00324,0.0,-0.0,-0.001872,-0.001952,-0.004388,-0.002233,0.0,-0.0,-0.005233,-0.00499,-0.006423,-0.0,0.0,-0.0,-0.0,0.0,-0.001045,-0.005124,-0.008554,-0.005137,0.0,-0.0,-0.008407,-0.000571,-0.004667,0.0,-0.000569,-0.002164,-0.0,-0.0,-0.005556,-0.006417,0.0,-0.0,-0.0,-0.00226,-0.0,-0.004928,-0.0,-0.002354,-0.008683,-0.0,-0.0,-0.00551,-0.0,-0.0,-0.0,-0.0,-0.005552,-0.006396,0.0,-0.003912,-0.002454,-0.009021,-0.009117,-0.0,-0.007543,-0.0,-0.006775,-0.002196,0.0,-0.00194,-0.010131,-0.00635,-0.005204,-0.00613,-0.009337,-0.002144,-0.000896,-0.001117,-0.0,-1.3e-05,-0.003637,-0.004364,-0.006268
2017-06-01 14:34:00+02:00,-0.0,0.0,-0.0,-0.005868,-0.0,-0.0,-0.001092,-0.002093,-0.004865,-0.0,-0.0,-0.0,-0.006405,-0.006433,-0.002196,-0.007884,-0.0,-0.0,-0.0,-0.008964,0.0,-0.009052,-0.003703,-0.0,-0.008379,-0.009234,-0.001734,0.0,-0.001198,-0.0,-0.0,-0.004917,0.0,-0.004593,-0.005853,-0.0,-1e-06,-0.003094,0.0,-0.009203,-0.00205,-0.0,-0.003257,0.0,-0.0,-0.001885,-0.001955,-0.00439,-0.002238,0.0,-0.0,-0.005241,-0.004996,-0.006433,-0.0,0.0,-0.0,-0.0,0.0,-0.001077,-0.005131,-0.008565,-0.005146,0.0,-0.0,-0.00841,-0.000588,-0.004668,0.0,-0.000589,-0.002174,-0.0,-0.0,-0.005566,-0.006429,0.0,-0.0,-0.0,-0.002287,-0.0,-0.004931,-0.0,-0.002366,-0.008696,-0.0,-0.0,-0.005514,-0.0,-0.0,-0.0,-0.0,-0.005557,-0.006405,0.0,-0.00392,-0.002467,-0.009021,-0.009116,-0.0,-0.007544,-0.0,-0.006781,-0.002203,0.0,-0.001955,-0.010145,-0.006359,-0.005212,-0.006134,-0.009336,-0.002161,-0.000903,-0.001127,-0.0,-2.6e-05,-0.003652,-0.004373,-0.006276
2017-06-01 14:35:00+02:00,-0.0,0.0,-0.0,-0.005894,-0.0,-0.0,-0.001106,-0.002107,-0.004859,-0.0,-0.0,-0.0,-0.006415,-0.006442,-0.0022,-0.007907,-0.0,-0.0,-0.0,-0.008988,0.0,-0.009078,-0.003732,-0.0,-0.008378,-0.009257,-0.001747,0.0,-0.001212,-0.0,-0.0,-0.004919,0.0,-0.004596,-0.00586,-0.0,-1e-06,-0.003121,0.0,-0.009204,-0.002068,-0.0,-0.003282,0.0,-0.0,-0.001909,-0.001965,-0.004401,-0.002239,0.0,-0.0,-0.00526,-0.005016,-0.006442,-0.0,0.0,-0.0,-0.0,0.0,-0.001107,-0.005148,-0.008567,-0.005171,0.0,-0.0,-0.008433,-0.000605,-0.004679,0.0,-0.000608,-0.00219,-0.0,-0.0,-0.005587,-0.006441,0.0,-0.0,-0.0,-0.002315,-0.0,-0.004948,-0.0,-0.002391,-0.008701,-0.0,-0.0,-0.005517,-0.0,-0.0,-0.0,-0.0,-0.005576,-0.006415,0.0,-0.003939,-0.002472,-0.009043,-0.009137,-0.0,-0.007541,-0.0,-0.006806,-0.002215,0.0,-0.001972,-0.010157,-0.006367,-0.005212,-0.006156,-0.009358,-0.002179,-0.000917,-0.001141,-0.0,-4e-05,-0.003676,-0.004396,-0.006283
2017-06-01 14:36:00+02:00,-0.0,0.0,-0.0,-0.005887,-0.0,-0.0,-0.001106,-0.002104,-0.004846,-0.0,-0.0,-0.0,-0.006416,-0.006444,-0.0022,-0.007894,-0.0,-0.0,-0.0,-0.008967,0.0,-0.00906,-0.00373,-0.0,-0.008361,-0.009243,-0.001744,0.0,-0.001209,-0.0,-0.0,-0.004912,0.0,-0.004592,-0.005856,-0.0,-0.0,-0.003118,0.0,-0.009183,-0.002067,-0.0,-0.003271,0.0,-0.0,-0.001904,-0.00196,-0.004388,-0.002235,0.0,-0.0,-0.005253,-0.005013,-0.006444,-0.0,0.0,-0.0,-0.0,0.0,-0.001111,-0.00514,-0.00855,-0.005164,0.0,-0.0,-0.00842,-0.000606,-0.004665,0.0,-0.000611,-0.002183,-0.0,-0.0,-0.005581,-0.006446,0.0,-0.0,-0.0,-0.002315,-0.0,-0.004943,-0.0,-0.002386,-0.008686,-0.0,-0.0,-0.00549,-0.0,-0.0,-0.0,-0.0,-0.005572,-0.006416,0.0,-0.003938,-0.002469,-0.009028,-0.00912,-0.0,-0.007524,-0.0,-0.006796,-0.002206,0.0,-0.001971,-0.010141,-0.006368,-0.005201,-0.006145,-0.009342,-0.002178,-0.000914,-0.001135,-0.0,-3.2e-05,-0.003663,-0.004388,-0.006281
2017-06-01 14:37:00+02:00,-0.0,0.0,-0.0,-0.005859,-0.0,-0.0,-0.001097,-0.002091,-0.004821,-0.0,-0.0,-0.0,-0.006414,-0.006442,-0.00219,-0.007858,-0.0,-0.0,-0.0,-0.008925,0.0,-0.00902,-0.003709,-0.0,-0.008324,-0.009202,-0.001732,0.0,-0.001197,-0.0,-0.0,-0.004894,0.0,-0.004577,-0.005841,-0.0,-0.0,-0.003098,0.0,-0.009146,-0.002056,-0.0,-0.003248,0.0,-0.0,-0.001886,-0.001945,-0.004364,-0.002223,0.0,-0.0,-0.005234,-0.004996,-0.006442,-0.0,0.0,-0.0,-0.0,0.0,-0.0011,-0.005119,-0.008517,-0.005137,0.0,-0.0,-0.008382,-0.0006,-0.004641,0.0,-0.000604,-0.00217,-0.0,-0.0,-0.005563,-0.006448,0.0,-0.0,-0.0,-0.002298,-0.0,-0.004924,-0.0,-0.002366,-0.008654,-0.0,-0.0,-0.005467,-0.0,-0.0,-0.0,-0.0,-0.005553,-0.006414,0.0,-0.003924,-0.002451,-0.008988,-0.009078,-0.0,-0.007488,-0.0,-0.006764,-0.002191,0.0,-0.00196,-0.010107,-0.006361,-0.005175,-0.006113,-0.0093,-0.002167,-0.000904,-0.001123,-0.0,-2.6e-05,-0.003639,-0.004362,-0.006267
2017-06-01 14:38:00+02:00,-0.0,0.0,-0.0,-0.005846,-0.0,-0.0,-0.001094,-0.002086,-0.004807,-0.0,-0.0,-0.0,-0.006416,-0.006445,-0.002191,-0.007838,-0.0,-0.0,-0.0,-0.0089,0.0,-0.008997,-0.003703,-0.0,-0.008307,-0.009179,-0.001727,0.0,-0.001194,-0.0,-0.0,-0.004887,0.0,-0.004573,-0.005838,-0.0,-0.0,-0.003091,0.0,-0.009127,-0.002053,-0.0,-0.00324,0.0,-0.0,-0.001881,-0.001938,-0.004349,-0.00222,0.0,-0.0,-0.005225,-0.00499,-0.006445,-0.0,0.0,-0.0,-0.0,0.0,-0.0011,-0.005109,-0.008501,-0.005126,0.0,-0.0,-0.008361,-0.000599,-0.004626,0.0,-0.000605,-0.002165,-0.0,-0.0,-0.005555,-0.006452,0.0,-0.0,-0.0,-0.002294,-0.0,-0.004914,-0.0,-0.002361,-0.008641,-0.0,-0.0,-0.005467,-0.0,-0.0,-0.0,-0.0,-0.005545,-0.006416,0.0,-0.003919,-0.00245,-0.008964,-0.009053,-0.0,-0.00747,-0.0,-0.006748,-0.002184,0.0,-0.001957,-0.010109,-0.006363,-0.005165,-0.006096,-0.009276,-0.002164,-0.000902,-0.00112,-0.0,-2e-05,-0.003628,-0.004351,-0.006269
2017-06-01 14:39:00+02:00,-0.0,0.0,-0.0,-0.005844,-0.0,-0.0,-0.001093,-0.002082,-0.004799,-0.0,-0.0,-0.0,-0.006418,-0.006447,-0.002196,-0.00783,-0.0,-0.0,-0.0,-0.008884,0.0,-0.008984,-0.0037,-0.0,-0.0083,-0.009168,-0.001723,0.0,-0.001196,-0.0,-0.0,-0.004886,0.0,-0.004574,-0.00584,-0.0,-0.0,-0.003087,0.0,-0.009117,-0.002052,-0.0,-0.003238,0.0,-0.0,-0.001884,-0.001936,-0.004339,-0.002221,0.0,-0.0,-0.005222,-0.00499,-0.006447,-0.0,0.0,-0.0,-0.0,0.0,-0.001102,-0.005104,-0.008496,-0.005124,0.0,-0.0,-0.008351,-0.0006,-0.004616,0.0,-0.000606,-0.002164,-0.0,-0.0,-0.005552,-0.006455,0.0,-0.0,-0.0,-0.002292,-0.0,-0.004912,-0.0,-0.002364,-0.008637,-0.0,-0.0,-0.005455,-0.0,-0.0,-0.0,-0.0,-0.005543,-0.006418,0.0,-0.003921,-0.002456,-0.008952,-0.00904,-0.0,-0.007461,-0.0,-0.006742,-0.00218,0.0,-0.001955,-0.010106,-0.006364,-0.005164,-0.006089,-0.009262,-0.002163,-0.000904,-0.001119,-0.0,-1.6e-05,-0.003625,-0.004349,-0.006269
2017-06-01 14:40:00+02:00,-0.0,0.0,-0.0,-0.005855,-0.0,-0.0,-0.001098,-0.002086,-0.004805,-0.0,-0.0,-0.0,-0.006421,-0.00645,-0.002213,-0.007835,-0.0,-0.0,-0.0,-0.008882,0.0,-0.008984,-0.00371,-0.0,-0.008318,-0.00917,-0.001726,0.0,-0.001203,-0.0,-0.0,-0.004899,0.0,-0.00459,-0.005858,-0.0,-0.0,-0.003095,0.0,-0.009133,-0.002059,-0.0,-0.003246,0.0,-0.0,-0.001897,-0.00194,-0.004336,-0.002233,0.0,-0.0,-0.005225,-0.004998,-0.00645,-0.0,0.0,-0.0,-0.0,0.0,-0.001115,-0.005106,-0.008514,-0.005135,0.0,-0.0,-0.008356,-0.000606,-0.004613,0.0,-0.000615,-0.002169,-0.0,-0.0,-0.005558,-0.00646,0.0,-0.0,-0.0,-0.002303,-0.0,-0.004917,-0.0,-0.002377,-0.008658,-0.0,-0.0,-0.005453,-0.0,-0.0,-0.0,-0.0,-0.005549,-0.006421,0.0,-0.003931,-0.002478,-0.008953,-0.009041,-0.0,-0.007476,-0.0,-0.00675,-0.002182,0.0,-0.00196,-0.010107,-0.006366,-0.005182,-0.006096,-0.009264,-0.002169,-0.000912,-0.001125,-0.0,-2.5e-05,-0.003631,-0.004359,-0.006271
2017-06-01 14:41:00+02:00,-0.0,0.0,-0.0,-0.005861,-0.0,-0.0,-0.001105,-0.002091,-0.004822,-0.0,-0.0,-0.0,-0.006421,-0.006451,-0.002238,-0.007835,-0.0,-0.0,-0.0,-0.008878,0.0,-0.008982,-0.003724,-0.0,-0.008356,-0.009168,-0.001731,0.0,-0.001208,-0.0,-0.0,-0.004923,0.0,-0.004616,-0.005892,-0.0,-0.0,-0.003108,0.0,-0.009176,-0.002067,-0.0,-0.003251,0.0,-0.0,-0.001906,-0.001941,-0.004331,-0.002253,0.0,-0.0,-0.005227,-0.005002,-0.006451,-0.0,0.0,-0.0,-0.0,0.0,-0.001132,-0.005105,-0.008557,-0.00514,0.0,-0.0,-0.008355,-0.000615,-0.004608,0.0,-0.000625,-0.002172,-0.0,-0.0,-0.00556,-0.006461,0.0,-0.0,-0.0,-0.002317,-0.0,-0.004918,-0.0,-0.002386,-0.008704,-0.0,-0.0,-0.005434,-0.0,-0.0,-0.0,-0.0,-0.005552,-0.006421,0.0,-0.003936,-0.002513,-0.008952,-0.009038,-0.0,-0.007509,-0.0,-0.006753,-0.002182,0.0,-0.001968,-0.010097,-0.006362,-0.005216,-0.006098,-0.009261,-0.002178,-0.000917,-0.001128,-0.0,-3.8e-05,-0.003635,-0.004365,-0.006261
2017-06-01 14:42:00+02:00,-0.0,0.0,-0.0,-0.005854,-0.0,-0.0,-0.001105,-0.002088,-0.004824,-0.0,-0.0,-0.0,-0.00641,-0.006442,-0.002249,-0.007822,-0.0,-0.0,-0.0,-0.008856,0.0,-0.008961,-0.003722,-0.0,-0.008366,-0.009152,-0.001728,0.0,-0.001207,-0.0,-0.0,-0.004931,0.0,-0.004627,-0.005907,-0.0,-0.0,-0.003106,0.0,-0.009188,-0.002067,-0.0,-0.003243,0.0,-0.0,-0.001906,-0.001937,-0.004317,-0.00226,0.0,-0.0,-0.005218,-0.004998,-0.006442,-0.0,0.0,-0.0,-0.0,0.0,-0.001136,-0.005095,-0.008569,-0.005134,0.0,-0.0,-0.00834,-0.000616,-0.004593,0.0,-0.000628,-0.002167,-0.0,-0.0,-0.005553,-0.006458,0.0,-0.0,-0.0,-0.002318,-0.0,-0.004912,-0.0,-0.002385,-0.008719,-0.0,-0.0,-0.00541,-0.0,-0.0,-0.0,-0.0,-0.005546,-0.00641,0.0,-0.003935,-0.002527,-0.008937,-0.009021,-0.0,-0.007517,-0.0,-0.006743,-0.002174,0.0,-0.001967,-0.010062,-0.006349,-0.005228,-0.006087,-0.009243,-0.002177,-0.000916,-0.001124,-0.0,-4.1e-05,-0.003624,-0.004359,-0.006246
2017-06-01 14:43:00+02:00,-0.0,0.0,-0.0,-0.005841,-0.0,-0.0,-0.001101,-0.00208,-0.004813,-0.0,-0.0,-0.0,-0.006411,-0.006443,-0.00225,-0.0078,-0.0,-0.0,-0.0,-0.008824,0.0,-0.008931,-0.003712,-0.0,-0.008354,-0.009127,-0.001721,0.0,-0.001203,-0.0,-0.0,-0.004926,0.0,-0.004625,-0.005906,-0.0,-0.0,-0.003096,0.0,-0.009173,-0.002062,-0.0,-0.003225,0.0,-0.0,-0.0019,-0.001929,-0.004298,-0.002258,0.0,-0.0,-0.005203,-0.00499,-0.006443,-0.0,0.0,-0.0,-0.0,0.0,-0.001133,-0.005079,-0.008557,-0.005122,0.0,-0.0,-0.008318,-0.000615,-0.004573,0.0,-0.000627,-0.002156,-0.0,-0.0,-0.00554,-0.006459,0.0,-0.0,-0.0,-0.002311,-0.0,-0.004901,-0.0,-0.002378,-0.008709,-0.0,-0.0,-0.005399,-0.0,-0.0,-0.0,-0.0,-0.005535,-0.006411,0.0,-0.003929,-0.002527,-0.008913,-0.008996,-0.0,-0.007503,-0.0,-0.006725,-0.002162,0.0,-0.001961,-0.01005,-0.006349,-0.005221,-0.00607,-0.009218,-0.002172,-0.000913,-0.001115,-0.0,-3.9e-05,-0.003605,-0.004346,-0.006244
2017-06-01 14:44:00+02:00,-0.0,0.0,-0.0,-0.005902,-0.0,-0.0,-0.001123,-0.002099,-0.004872,-0.0,-0.0,-0.0,-0.006406,-0.00644,-0.002304,-0.007853,-0.0,-0.0,-0.0,-0.008849,0.0,-0.008958,-0.00375,-0.0,-0.008461,-0.009176,-0.00174,0.0,-0.001242,-0.0,-0.0,-0.004988,0.0,-0.004684,-0.00596,-0.0,-3.8e-05,-0.003133,0.0,-0.009244,-0.002086,-0.0,-0.003265,0.0,-0.0,-0.001967,-0.001961,-0.004311,-0.002303,0.0,-0.0,-0.005225,-0.005028,-0.00644,-0.0,0.0,-0.0,-0.0,0.0,-0.001179,-0.005098,-0.008633,-0.005184,0.0,-0.0,-0.008368,-0.000639,-0.004586,0.0,-0.000655,-0.00218,-0.0,-0.0,-0.005563,-0.006456,0.0,-0.0,-0.0,-0.002352,-0.0,-0.004935,-0.0,-0.002448,-0.008788,-0.0,-0.0,-0.005382,-0.0,-0.0,-0.0,-0.0,-0.005571,-0.006406,0.0,-0.003971,-0.002605,-0.00896,-0.009042,-0.0,-0.007589,-0.0,-0.006782,-0.002181,0.0,-0.001985,-0.010031,-0.006342,-0.005296,-0.006124,-0.009265,-0.002196,-0.000953,-0.00114,-0.0,-8.6e-05,-0.003642,-0.004408,-0.006234
2017-06-01 14:45:00+02:00,-0.0,0.0,-0.0,-0.00594,-0.0,-0.0,-0.001128,-0.002101,-0.00494,-0.0,-0.0,-0.0,-0.006407,-0.006442,-0.002353,-0.007881,-0.0,-0.0,-0.0,-0.008833,0.0,-0.008945,-0.003757,-0.0,-0.008579,-0.009203,-0.001742,0.0,-0.001267,-0.0,-0.0,-0.005055,0.0,-0.004748,-0.00602,-0.0,-7e-05,-0.00314,0.0,-0.009322,-0.002092,-0.0,-0.003265,0.0,-0.0,-0.00201,-0.001981,-0.004303,-0.002346,0.0,-0.0,-0.005222,-0.005053,-0.006442,-0.0,0.0,-0.0,-0.0,0.0,-0.001193,-0.005094,-0.008715,-0.005222,0.0,-0.0,-0.008396,-0.000646,-0.004576,0.0,-0.000664,-0.002181,-0.0,-0.0,-0.005562,-0.006458,0.0,-0.0,-0.0,-0.002361,-0.0,-0.004957,-0.0,-0.002492,-0.008873,-0.0,-0.0,-0.005374,-0.0,-0.0,-0.0,-0.0,-0.005594,-0.006407,0.0,-0.003998,-0.002675,-0.008985,-0.009066,-0.0,-0.00768,-0.0,-0.006815,-0.002178,0.0,-0.00199,-0.01002,-0.006343,-0.005369,-0.006155,-0.00929,-0.002201,-0.000978,-0.001142,-0.0,-0.000102,-0.00364,-0.004446,-0.006235
2017-06-01 14:46:00+02:00,-0.0,0.0,-0.0,-0.005937,-0.0,-0.0,-0.001183,-0.002167,-0.005066,-0.0,-0.0,-0.0,-0.006396,-0.006432,-0.002457,-0.007868,-0.0,-0.0,-0.0,-0.008803,0.0,-0.008917,-0.00388,-0.0,-0.0088,-0.009183,-0.00181,0.0,-0.001272,-0.0,-0.0,-0.005188,0.0,-0.004879,-0.006106,-0.0,-0.000165,-0.003265,0.0,-0.00943,-0.002177,-0.0,-0.003255,0.0,-0.0,-0.00202,-0.001981,-0.004286,-0.002439,0.0,-0.0,-0.00521,-0.00505,-0.006432,-0.0,0.0,-0.0,-0.0,0.0,-0.001279,-0.00508,-0.008936,-0.005221,0.0,-0.0,-0.00838,-0.000692,-0.004558,0.0,-0.000717,-0.002175,-0.0,-0.0,-0.005551,-0.006449,0.0,-0.0,-0.0,-0.002468,-0.0,-0.004951,-0.0,-0.002502,-0.009102,-0.0,-0.0,-0.005347,-0.0,-0.0,-0.0,-0.0,-0.005588,-0.006396,0.0,-0.003999,-0.002821,-0.008965,-0.009045,-0.0,-0.007874,-0.0,-0.006807,-0.00217,0.0,-0.002072,-0.009982,-0.006328,-0.005538,-0.006147,-0.009269,-0.002278,-0.000984,-0.001138,-0.0,-0.000181,-0.003628,-0.004446,-0.006217
2017-06-01 14:47:00+02:00,-0.0,0.0,-0.0,-0.005884,-0.0,-0.0,-0.001201,-0.002191,-0.005126,-0.0,-0.0,-0.0,-0.006376,-0.006413,-0.002506,-0.007803,-0.0,-0.0,-0.0,-0.008728,0.0,-0.008842,-0.003926,-0.0,-0.008909,-0.00911,-0.001836,0.0,-0.001251,-0.0,-0.0,-0.005254,0.0,-0.004945,-0.006171,-0.0,-0.000196,-0.003316,0.0,-0.009507,-0.002214,-0.0,-0.003203,0.0,-0.0,-0.001985,-0.001955,-0.004244,-0.00248,0.0,-0.0,-0.005169,-0.005015,-0.006413,-0.0,0.0,-0.0,-0.0,0.0,-0.001303,-0.005038,-0.009047,-0.005171,0.0,-0.0,-0.008312,-0.000704,-0.004515,0.0,-0.000733,-0.002143,-0.0,-0.0,-0.005511,-0.006431,0.0,-0.0,-0.0,-0.002506,-0.0,-0.004913,-0.0,-0.002466,-0.009217,-0.0,-0.0,-0.005315,-0.0,-0.0,-0.0,-0.0,-0.005549,-0.006376,0.0,-0.003969,-0.002885,-0.008895,-0.008973,-0.0,-0.007966,-0.0,-0.006748,-0.002138,0.0,-0.002107,-0.009937,-0.006306,-0.005616,-0.006091,-0.009195,-0.002307,-0.000963,-0.001111,-0.0,-0.000202,-0.003574,-0.004399,-0.006192
2017-06-01 14:48:00+02:00,-0.0,0.0,-0.0,-0.005833,-0.0,-0.0,-0.001207,-0.002199,-0.005159,-0.0,-0.0,-0.0,-0.006378,-0.006415,-0.002533,-0.007741,-0.0,-0.0,-0.0,-0.008648,0.0,-0.008763,-0.003945,-0.0,-0.00897,-0.009042,-0.001847,0.0,-0.00123,-0.0,-0.0,-0.005291,0.0,-0.004984,-0.006225,-0.0,-0.000206,-0.00334,0.0,-0.009568,-0.002232,-0.0,-0.003146,0.0,-0.0,-0.001949,-0.001931,-0.0042,-0.002501,0.0,-0.0,-0.005126,-0.004982,-0.006415,-0.0,0.0,-0.0,-0.0,0.0,-0.001308,-0.004994,-0.009108,-0.005122,0.0,-0.0,-0.008248,-0.000706,-0.004469,0.0,-0.000737,-0.002109,-0.0,-0.0,-0.005469,-0.006433,0.0,-0.0,-0.0,-0.00252,-0.0,-0.004878,-0.0,-0.002429,-0.009282,-0.0,-0.0,-0.005308,-0.0,-0.0,-0.0,-0.0,-0.005513,-0.006378,0.0,-0.00394,-0.002918,-0.008829,-0.008905,-0.0,-0.008013,-0.0,-0.006691,-0.002103,0.0,-0.002124,-0.009931,-0.006308,-0.005657,-0.006037,-0.009125,-0.00232,-0.000943,-0.00108,-0.0,-0.000207,-0.003516,-0.004353,-0.006193
2017-06-01 14:49:00+02:00,-0.0,0.0,-0.0,-0.005807,-0.0,-0.0,-0.001199,-0.002192,-0.005191,-0.0,-0.0,-0.0,-0.00638,-0.006417,-0.002562,-0.007706,-0.0,-0.0,-0.0,-0.00855,0.0,-0.008666,-0.003935,-0.0,-0.009028,-0.009003,-0.001843,0.0,-0.001222,-0.0,-0.0,-0.005329,0.0,-0.005022,-0.006269,-0.0,-0.000226,-0.003335,0.0,-0.009612,-0.002233,-0.0,-0.00309,0.0,-0.0,-0.001936,-0.001918,-0.004149,-0.002524,0.0,-0.0,-0.005074,-0.004967,-0.006417,-0.0,0.0,-0.0,-0.0,0.0,-0.001294,-0.004941,-0.009167,-0.005098,0.0,-0.0,-0.008211,-0.000698,-0.004416,0.0,-0.000729,-0.002074,-0.0,-0.0,-0.005415,-0.006436,0.0,-0.0,-0.0,-0.002508,-0.0,-0.004861,-0.0,-0.002415,-0.009345,-0.0,-0.0,-0.005294,-0.0,-0.0,-0.0,-0.0,-0.005495,-0.00638,0.0,-0.003928,-0.002954,-0.008791,-0.008865,-0.0,-0.008059,-0.0,-0.006662,-0.002068,0.0,-0.002124,-0.009912,-0.006309,-0.005698,-0.006008,-0.009085,-0.002316,-0.000936,-0.001051,-0.0,-0.000194,-0.003457,-0.004331,-0.006193
2017-06-01 14:50:00+02:00,-0.0,0.0,-0.0,-0.005805,-0.0,-0.0,-0.0012,-0.002192,-0.005211,-0.0,-0.0,-0.0,-0.00637,-0.00641,-0.002586,-0.007696,-0.0,-0.0,-0.0,-0.008489,0.0,-0.008605,-0.003939,-0.0,-0.009068,-0.008991,-0.001846,0.0,-0.001225,-0.0,-0.0,-0.005355,0.0,-0.005051,-0.006301,-0.0,-0.000246,-0.003343,0.0,-0.00964,-0.002241,-0.0,-0.003059,0.0,-0.0,-0.001942,-0.001917,-0.004117,-0.002542,0.0,-0.0,-0.005043,-0.004968,-0.00641,-0.0,0.0,-0.0,-0.0,0.0,-0.001295,-0.00491,-0.009208,-0.005096,0.0,-0.0,-0.0082,-0.000698,-0.004381,0.0,-0.00073,-0.002055,-0.0,-0.0,-0.005385,-0.00643,0.0,-0.0,-0.0,-0.002511,-0.0,-0.004858,-0.0,-0.002421,-0.009389,-0.0,-0.0,-0.005269,-0.0,-0.0,-0.0,-0.0,-0.005495,-0.00637,0.0,-0.003931,-0.002985,-0.008779,-0.008853,-0.0,-0.008089,-0.0,-0.006655,-0.002048,0.0,-0.002131,-0.009876,-0.006295,-0.005728,-0.006,-0.009072,-0.00232,-0.00094,-0.001037,-0.0,-0.000197,-0.003423,-0.00433,-0.006174
2017-06-01 14:51:00+02:00,-0.0,0.0,-0.0,-0.005791,-0.0,-0.0,-0.001207,-0.002199,-0.005211,-0.0,-0.0,-0.0,-0.006371,-0.006411,-0.002594,-0.007674,-0.0,-0.0,-0.0,-0.008462,0.0,-0.00858,-0.003955,-0.0,-0.009074,-0.008966,-0.001854,0.0,-0.001223,-0.0,-0.0,-0.005361,0.0,-0.005059,-0.006328,-0.0,-0.00025,-0.003362,0.0,-0.009662,-0.002255,-0.0,-0.003044,0.0,-0.0,-0.001938,-0.00191,-0.0041,-0.002545,0.0,-0.0,-0.005032,-0.004961,-0.006411,-0.0,0.0,-0.0,-0.0,0.0,-0.001307,-0.004897,-0.009213,-0.005084,0.0,-0.0,-0.008177,-0.000704,-0.004365,0.0,-0.000738,-0.002047,-0.0,-0.0,-0.005377,-0.006431,0.0,-0.0,-0.0,-0.002527,-0.0,-0.004848,-0.0,-0.002417,-0.009397,-0.0,-0.0,-0.00526,-0.0,-0.0,-0.0,-0.0,-0.005485,-0.006371,0.0,-0.003926,-0.002992,-0.008755,-0.008828,-0.0,-0.008089,-0.0,-0.006637,-0.002037,0.0,-0.002144,-0.009874,-0.006295,-0.005731,-0.005983,-0.009046,-0.002331,-0.000938,-0.00103,-0.0,-0.000211,-0.003407,-0.004318,-0.006172
2017-06-01 14:52:00+02:00,-0.0,0.0,-0.0,-0.005795,-0.0,-0.0,-0.001218,-0.002211,-0.005221,-0.0,-0.0,-0.0,-0.006375,-0.006416,-0.002609,-0.007672,-0.0,-0.0,-0.0,-0.008457,0.0,-0.008577,-0.003981,-0.0,-0.009098,-0.008962,-0.001866,0.0,-0.001226,-0.0,-0.0,-0.005376,0.0,-0.005077,-0.006353,-0.0,-0.000262,-0.003388,0.0,-0.009685,-0.002273,-0.0,-0.003044,0.0,-0.0,-0.001946,-0.001911,-0.004095,-0.002555,0.0,-0.0,-0.005034,-0.004964,-0.006416,-0.0,0.0,-0.0,-0.0,0.0,-0.001326,-0.004897,-0.009237,-0.005088,0.0,-0.0,-0.008174,-0.000713,-0.004359,0.0,-0.00075,-0.002047,-0.0,-0.0,-0.005381,-0.006436,0.0,-0.0,-0.0,-0.002549,-0.0,-0.004848,-0.0,-0.002425,-0.009424,-0.0,-0.0,-0.005262,-0.0,-0.0,-0.0,-0.0,-0.005487,-0.006375,0.0,-0.003932,-0.003011,-0.008752,-0.008823,-0.0,-0.008106,-0.0,-0.006638,-0.002035,0.0,-0.002161,-0.00988,-0.006299,-0.005749,-0.005982,-0.009041,-0.002347,-0.000942,-0.00103,-0.0,-0.00023,-0.003406,-0.004322,-0.006176
2017-06-01 14:53:00+02:00,-0.0,0.0,-0.0,-0.005808,-0.0,-0.0,-0.001229,-0.002223,-0.005236,-0.0,-0.0,-0.0,-0.006379,-0.00642,-0.00263,-0.007681,-0.0,-0.0,-0.0,-0.008455,0.0,-0.008578,-0.004007,-0.0,-0.009133,-0.008971,-0.001879,0.0,-0.001233,-0.0,-0.0,-0.005398,0.0,-0.005101,-0.006374,-0.0,-0.00028,-0.003414,0.0,-0.009702,-0.002291,-0.0,-0.003046,0.0,-0.0,-0.001959,-0.001915,-0.004091,-0.00257,0.0,-0.0,-0.005037,-0.004975,-0.00642,-0.0,0.0,-0.0,-0.0,0.0,-0.001345,-0.004899,-0.00927,-0.0051,0.0,-0.0,-0.008183,-0.000723,-0.004356,0.0,-0.000762,-0.002049,-0.0,-0.0,-0.005387,-0.00644,0.0,-0.0,-0.0,-0.002572,-0.0,-0.004856,-0.0,-0.002438,-0.009461,-0.0,-0.0,-0.005259,-0.0,-0.0,-0.0,-0.0,-0.005497,-0.006379,0.0,-0.003943,-0.003036,-0.008762,-0.008831,-0.0,-0.008133,-0.0,-0.006648,-0.002034,0.0,-0.002178,-0.009883,-0.006302,-0.005775,-0.005991,-0.009049,-0.002364,-0.00095,-0.001031,-0.0,-0.000249,-0.003407,-0.004333,-0.006177
2017-06-01 14:54:00+02:00,-0.0,0.0,-0.0,-0.005804,-0.0,-0.0,-0.001231,-0.002226,-0.005237,-0.0,-0.0,-0.0,-0.006379,-0.006421,-0.002637,-0.007672,-0.0,-0.0,-0.0,-0.008442,0.0,-0.008566,-0.004016,-0.0,-0.00914,-0.008959,-0.001882,0.0,-0.001233,-0.0,-0.0,-0.005404,0.0,-0.00511,-0.006389,-0.0,-0.000284,-0.003425,0.0,-0.009708,-0.0023,-0.0,-0.003041,0.0,-0.0,-0.001959,-0.001911,-0.004081,-0.002572,0.0,-0.0,-0.005034,-0.004975,-0.006421,-0.0,0.0,-0.0,-0.0,0.0,-0.00135,-0.004894,-0.009277,-0.005097,0.0,-0.0,-0.008173,-0.000725,-0.004346,0.0,-0.000766,-0.002045,-0.0,-0.0,-0.005387,-0.006442,0.0,-0.0,-0.0,-0.002581,-0.0,-0.004852,-0.0,-0.002439,-0.00947,-0.0,-0.0,-0.005232,-0.0,-0.0,-0.0,-0.0,-0.005494,-0.006379,0.0,-0.003945,-0.003043,-0.008751,-0.008819,-0.0,-0.008135,-0.0,-0.006642,-0.002028,0.0,-0.002186,-0.009862,-0.006298,-0.005781,-0.005984,-0.009036,-0.00237,-0.00095,-0.001028,-0.0,-0.000255,-0.0034,-0.004329,-0.006168
2017-06-01 14:55:00+02:00,-0.0,0.0,-0.0,-0.005779,-0.0,-0.0,-0.001229,-0.002222,-0.005228,-0.0,-0.0,-0.0,-0.006372,-0.006418,-0.002638,-0.007636,-0.0,-0.0,-0.0,-0.008424,0.0,-0.008549,-0.004013,-0.0,-0.00913,-0.008915,-0.001879,0.0,-0.001225,-0.0,-0.0,-0.005401,0.0,-0.005109,-0.006399,-0.0,-0.000284,-0.003423,0.0,-0.009696,-0.0023,-0.0,-0.003035,0.0,-0.0,-0.001946,-0.001899,-0.00407,-0.002568,0.0,-0.0,-0.005028,-0.004959,-0.006418,-0.0,0.0,-0.0,-0.0,0.0,-0.001348,-0.004886,-0.00926,-0.005073,0.0,-0.0,-0.008134,-0.000723,-0.004333,0.0,-0.000765,-0.002042,-0.0,-0.0,-0.005384,-0.006441,0.0,-0.0,-0.0,-0.002578,-0.0,-0.004833,-0.0,-0.002425,-0.009455,-0.0,-0.0,-0.005209,-0.0,-0.0,-0.0,-0.0,-0.005473,-0.006372,0.0,-0.003933,-0.003039,-0.008709,-0.008776,-0.0,-0.00812,-0.0,-0.006612,-0.002022,0.0,-0.002185,-0.009823,-0.006286,-0.005771,-0.005956,-0.00899,-0.00237,-0.000943,-0.001027,-0.0,-0.000256,-0.003392,-0.004308,-0.006154
2017-06-01 14:56:00+02:00,-0.0,0.0,-0.0,-0.005751,-0.0,-0.0,-0.00122,-0.00221,-0.005223,-0.0,-0.0,-0.0,-0.00637,-0.006418,-0.002643,-0.007595,-0.0,-0.0,-0.0,-0.008403,0.0,-0.00853,-0.003995,-0.0,-0.009128,-0.008865,-0.001869,0.0,-0.001215,-0.0,-0.0,-0.005402,0.0,-0.005113,-0.006408,-0.0,-0.000289,-0.003407,0.0,-0.009677,-0.002292,-0.0,-0.003028,0.0,-0.0,-0.00193,-0.001885,-0.004057,-0.002568,0.0,-0.0,-0.005022,-0.004939,-0.006418,-0.0,0.0,-0.0,-0.0,0.0,-0.001335,-0.004878,-0.009252,-0.005046,0.0,-0.0,-0.00809,-0.000716,-0.00432,0.0,-0.000757,-0.002038,-0.0,-0.0,-0.00538,-0.006441,0.0,-0.0,-0.0,-0.002563,-0.0,-0.00481,-0.0,-0.002408,-0.009451,-0.0,-0.0,-0.005195,-0.0,-0.0,-0.0,-0.0,-0.005449,-0.00637,0.0,-0.003918,-0.003042,-0.00866,-0.008725,-0.0,-0.008112,-0.0,-0.006577,-0.002015,0.0,-0.002177,-0.009806,-0.006284,-0.005767,-0.005923,-0.008938,-0.00236,-0.000934,-0.001024,-0.0,-0.000246,-0.003383,-0.004283,-0.006149
2017-06-01 14:57:00+02:00,-0.0,0.0,-0.0,-0.005743,-0.0,-0.0,-0.00121,-0.002197,-0.005216,-0.0,-0.0,-0.0,-0.006372,-0.00642,-0.002646,-0.007581,-0.0,-0.0,-0.0,-0.008381,0.0,-0.00851,-0.003975,-0.0,-0.009124,-0.00885,-0.001857,0.0,-0.001213,-0.0,-0.0,-0.005401,0.0,-0.005114,-0.006417,-0.0,-0.000291,-0.003389,0.0,-0.009678,-0.002281,-0.0,-0.003019,0.0,-0.0,-0.001928,-0.00188,-0.004043,-0.002566,0.0,-0.0,-0.005013,-0.004936,-0.00642,-0.0,0.0,-0.0,-0.0,0.0,-0.001319,-0.004868,-0.009242,-0.005039,0.0,-0.0,-0.008075,-0.000706,-0.004306,0.0,-0.000748,-0.002033,-0.0,-0.0,-0.005374,-0.006443,0.0,-0.0,-0.0,-0.002545,-0.0,-0.004804,-0.0,-0.002405,-0.009444,-0.0,-0.0,-0.005194,-0.0,-0.0,-0.0,-0.0,-0.005445,-0.006372,0.0,-0.003917,-0.003042,-0.008646,-0.00871,-0.0,-0.008102,-0.0,-0.006566,-0.002008,0.0,-0.002166,-0.009808,-0.006285,-0.005761,-0.005911,-0.008922,-0.002349,-0.000933,-0.001021,-0.0,-0.000233,-0.003373,-0.004275,-0.00615
2017-06-01 14:58:00+02:00,-0.0,0.0,-0.0,-0.00573,-0.0,-0.0,-0.001201,-0.002187,-0.005206,-0.0,-0.0,-0.0,-0.006373,-0.006421,-0.002645,-0.007562,-0.0,-0.0,-0.0,-0.00835,0.0,-0.008481,-0.00396,-0.0,-0.009113,-0.00883,-0.001847,0.0,-0.001209,-0.0,-0.0,-0.005396,0.0,-0.005112,-0.006423,-0.0,-0.00029,-0.003374,0.0,-0.009661,-0.002274,-0.0,-0.003004,0.0,-0.0,-0.00192,-0.001872,-0.004026,-0.002561,0.0,-0.0,-0.005,-0.00493,-0.006421,-0.0,0.0,-0.0,-0.0,0.0,-0.001307,-0.004853,-0.009224,-0.005027,0.0,-0.0,-0.008056,-0.0007,-0.004288,0.0,-0.000742,-0.002023,-0.0,-0.0,-0.005362,-0.006444,0.0,-0.0,-0.0,-0.002531,-0.0,-0.004796,-0.0,-0.002397,-0.009428,-0.0,-0.0,-0.005178,-0.0,-0.0,-0.0,-0.0,-0.005438,-0.006373,0.0,-0.003913,-0.003037,-0.008626,-0.008689,-0.0,-0.008084,-0.0,-0.00655,-0.001996,0.0,-0.002158,-0.009794,-0.006285,-0.005749,-0.005894,-0.008901,-0.002341,-0.000929,-0.001015,-0.0,-0.000225,-0.003355,-0.004263,-0.006147
2017-06-01 14:59:00+02:00,-0.0,0.0,-0.0,-0.005708,-0.0,-0.0,-0.001189,-0.002172,-0.005188,-0.0,-0.0,-0.0,-0.006373,-0.006422,-0.002635,-0.007534,-0.0,-0.0,-0.0,-0.008323,0.0,-0.008456,-0.003937,-0.0,-0.009089,-0.008799,-0.001833,0.0,-0.001199,-0.0,-0.0,-0.005382,0.0,-0.0051,-0.006427,-0.0,-0.000277,-0.003352,0.0,-0.009656,-0.00226,-0.0,-0.00299,0.0,-0.0,-0.001904,-0.00186,-0.004009,-0.002548,0.0,-0.0,-0.004988,-0.004917,-0.006422,-0.0,0.0,-0.0,-0.0,0.0,-0.001288,-0.00484,-0.009195,-0.005005,0.0,-0.0,-0.008027,-0.000688,-0.004271,0.0,-0.00073,-0.002015,-0.0,-0.0,-0.005352,-0.006446,0.0,-0.0,-0.0,-0.00251,-0.0,-0.00478,-0.0,-0.002381,-0.009402,-0.0,-0.0,-0.005166,-0.0,-0.0,-0.0,-0.0,-0.005423,-0.006373,0.0,-0.003902,-0.003018,-0.008598,-0.008658,-0.0,-0.008056,-0.0,-0.006525,-0.001986,0.0,-0.002144,-0.009787,-0.006281,-0.005725,-0.005869,-0.008869,-0.002327,-0.00092,-0.001008,-0.0,-0.000208,-0.003339,-0.004242,-0.006141
2017-06-01 15:00:00+02:00,-0.0,0.0,-0.0,-0.005698,-0.0,-0.0,-0.001179,-0.002159,-0.005165,-0.0,-0.0,-0.0,-0.006365,-0.006418,-0.002626,-0.007517,-0.0,-0.0,-0.0,-0.008301,0.0,-0.008435,-0.003917,-0.0,-0.009057,-0.008779,-0.001821,0.0,-0.001196,-0.0,-0.0,-0.005366,0.0,-0.005087,-0.006425,-0.0,-0.000269,-0.003335,0.0,-0.009621,-0.00225,-0.0,-0.002982,0.0,-0.0,-0.0019,-0.001854,-0.003996,-0.002535,0.0,-0.0,-0.004979,-0.004913,-0.006418,-0.0,0.0,-0.0,-0.0,0.0,-0.001275,-0.00483,-0.009162,-0.004996,0.0,-0.0,-0.008008,-0.000681,-0.004257,0.0,-0.000722,-0.00201,-0.0,-0.0,-0.005347,-0.006443,0.0,-0.0,-0.0,-0.002494,-0.0,-0.004772,-0.0,-0.002376,-0.009371,-0.0,-0.0,-0.005142,-0.0,-0.0,-0.0,-0.0,-0.005416,-0.006365,0.0,-0.0039,-0.003002,-0.00858,-0.008639,-0.0,-0.008023,-0.0,-0.006511,-0.001979,0.0,-0.002133,-0.009752,-0.00627,-0.005701,-0.005856,-0.008849,-0.002316,-0.000918,-0.001005,-0.0,-0.000199,-0.00333,-0.004233,-0.006126
2017-06-01 15:01:00+02:00,-0.0,0.0,-0.0,-0.005691,-0.0,-0.0,-0.00117,-0.002145,-0.005213,-0.0,-0.0,-0.0,-0.006354,-0.006408,-0.002683,-0.007503,-0.0,-0.0,-0.0,-0.008255,0.0,-0.00839,-0.003896,-0.0,-0.009149,-0.008761,-0.001809,0.0,-0.001196,-0.0,-0.0,-0.005426,0.0,-0.005154,-0.006427,-0.0,-0.000334,-0.003316,0.0,-0.009586,-0.002239,-0.0,-0.002963,0.0,-0.0,-0.001901,-0.00185,-0.00397,-0.002581,0.0,-0.0,-0.004956,-0.00491,-0.006408,-0.0,0.0,-0.0,-0.0,0.0,-0.001263,-0.004805,-0.009271,-0.004989,0.0,-0.0,-0.007993,-0.000673,-0.004229,0.0,-0.000715,-0.001998,-0.0,-0.0,-0.005325,-0.006435,0.0,-0.0,-0.0,-0.002477,-0.0,-0.004766,-0.0,-0.002377,-0.009485,-0.0,-0.0,-0.005117,-0.0,-0.0,-0.0,-0.0,-0.005411,-0.006354,0.0,-0.0039,-0.003078,-0.008564,-0.008622,-0.0,-0.008107,-0.0,-0.0065,-0.001965,0.0,-0.002122,-0.009719,-0.006257,-0.005784,-0.005845,-0.00883,-0.002304,-0.000919,-0.000998,-0.0,-0.000192,-0.003308,-0.004227,-0.00611
2017-06-01 15:02:00+02:00,-0.0,0.0,-0.0,-0.005669,-0.0,-0.0,-0.001156,-0.002125,-0.005238,-0.0,-0.0,-0.0,-0.006329,-0.006386,-0.002719,-0.007473,-0.0,-0.0,-0.0,-0.008194,0.0,-0.008329,-0.003863,-0.0,-0.009201,-0.008727,-0.001791,0.0,-0.00119,-0.0,-0.0,-0.005462,0.0,-0.005194,-0.006413,-0.0,-0.000376,-0.003287,0.0,-0.009543,-0.002221,-0.0,-0.002933,0.0,-0.0,-0.001892,-0.001839,-0.003936,-0.002609,0.0,-0.0,-0.004923,-0.004897,-0.006386,-0.0,0.0,-0.0,-0.0,0.0,-0.001243,-0.004771,-0.009335,-0.004969,0.0,-0.0,-0.007961,-0.000662,-0.004194,0.0,-0.000704,-0.00198,-0.0,-0.0,-0.005294,-0.006413,0.0,-0.0,-0.0,-0.002452,-0.0,-0.00475,-0.0,-0.002366,-0.009554,-0.0,-0.0,-0.005086,-0.0,-0.0,-0.0,-0.0,-0.005395,-0.006329,0.0,-0.00389,-0.003125,-0.008532,-0.008588,-0.0,-0.008154,-0.0,-0.006474,-0.001945,0.0,-0.002104,-0.009673,-0.006231,-0.005833,-0.00582,-0.008796,-0.002285,-0.000913,-0.000985,-0.0,-0.000177,-0.003275,-0.004208,-0.006082
2017-06-01 15:03:00+02:00,-0.0,0.0,-0.0,-0.005644,-0.0,-0.0,-0.001143,-0.002108,-0.00525,-0.0,-0.0,-0.0,-0.006327,-0.006385,-0.002745,-0.007438,-0.0,-0.0,-0.0,-0.008147,0.0,-0.008282,-0.003835,-0.0,-0.009231,-0.008688,-0.001775,0.0,-0.001183,-0.0,-0.0,-0.005483,0.0,-0.00522,-0.006413,-0.0,-0.000409,-0.003262,0.0,-0.009534,-0.002206,-0.0,-0.002915,0.0,-0.0,-0.001881,-0.001827,-0.003909,-0.002627,0.0,-0.0,-0.004898,-0.00488,-0.006385,-0.0,0.0,-0.0,-0.0,0.0,-0.001227,-0.004745,-0.009375,-0.004946,0.0,-0.0,-0.007924,-0.000653,-0.004166,0.0,-0.000694,-0.001968,-0.0,-0.0,-0.005271,-0.006413,0.0,-0.0,-0.0,-0.00243,-0.0,-0.00473,-0.0,-0.002354,-0.009597,-0.0,-0.0,-0.005074,-0.0,-0.0,-0.0,-0.0,-0.005375,-0.006327,0.0,-0.003877,-0.003158,-0.008496,-0.00855,-0.0,-0.008181,-0.0,-0.006444,-0.001931,0.0,-0.002088,-0.009665,-0.006226,-0.005864,-0.005792,-0.008756,-0.002269,-0.000908,-0.000977,-0.0,-0.000167,-0.003254,-0.004187,-0.006076
2017-06-01 15:04:00+02:00,-0.0,0.0,-0.0,-0.005624,-0.0,-0.0,-0.001134,-0.002094,-0.005251,-0.0,-0.0,-0.0,-0.006328,-0.006385,-0.002759,-0.007412,-0.0,-0.0,-0.0,-0.008118,0.0,-0.008254,-0.003815,-0.0,-0.009244,-0.008658,-0.001762,0.0,-0.001177,-0.0,-0.0,-0.005492,0.0,-0.005234,-0.006414,-0.0,-0.000429,-0.003244,0.0,-0.009537,-0.002193,-0.0,-0.002907,0.0,-0.0,-0.001873,-0.001817,-0.003891,-0.002635,0.0,-0.0,-0.004883,-0.004866,-0.006385,-0.0,0.0,-0.0,-0.0,0.0,-0.001216,-0.004728,-0.009394,-0.004928,0.0,-0.0,-0.007897,-0.000646,-0.004146,0.0,-0.000687,-0.001962,-0.0,-0.0,-0.005257,-0.006414,0.0,-0.0,-0.0,-0.002414,-0.0,-0.004713,-0.0,-0.002344,-0.009619,-0.0,-0.0,-0.005069,-0.0,-0.0,-0.0,-0.0,-0.005359,-0.006328,0.0,-0.003866,-0.003176,-0.00847,-0.008523,-0.0,-0.008192,-0.0,-0.006421,-0.001923,0.0,-0.002075,-0.009667,-0.006225,-0.005881,-0.005771,-0.008726,-0.002256,-0.000903,-0.000974,-0.0,-0.000159,-0.003245,-0.004171,-0.006074
2017-06-01 15:05:00+02:00,-0.0,0.0,-0.0,-0.005608,-0.0,-0.0,-0.001131,-0.002088,-0.00526,-0.0,-0.0,-0.0,-0.006328,-0.006386,-0.00278,-0.007391,-0.0,-0.0,-0.0,-0.008096,0.0,-0.008231,-0.00381,-0.0,-0.00927,-0.008635,-0.001757,0.0,-0.001172,-0.0,-0.0,-0.005509,0.0,-0.005255,-0.006415,-0.0,-0.000456,-0.00324,0.0,-0.009538,-0.00219,-0.0,-0.002902,0.0,-0.0,-0.001867,-0.001809,-0.003875,-0.002649,0.0,-0.0,-0.00487,-0.004855,-0.006386,-0.0,0.0,-0.0,-0.0,0.0,-0.001216,-0.004714,-0.009428,-0.004913,0.0,-0.0,-0.007874,-0.000645,-0.00413,0.0,-0.000688,-0.001958,-0.0,-0.0,-0.005247,-0.006415,0.0,-0.0,-0.0,-0.002412,-0.0,-0.004699,-0.0,-0.002337,-0.009655,-0.0,-0.0,-0.005061,-0.0,-0.0,-0.0,-0.0,-0.005346,-0.006328,0.0,-0.003858,-0.003204,-0.008451,-0.008502,-0.0,-0.008217,-0.0,-0.006402,-0.001917,0.0,-0.002072,-0.009669,-0.006225,-0.005909,-0.005754,-0.008703,-0.002253,-0.0009,-0.000973,-0.0,-0.000163,-0.003238,-0.004157,-0.006071
2017-06-01 15:06:00+02:00,-0.0,0.0,-0.0,-0.005585,-0.0,-0.0,-0.001132,-0.002088,-0.005268,-0.0,-0.0,-0.0,-0.006328,-0.006387,-0.002799,-0.007364,-0.0,-0.0,-0.0,-0.008046,0.0,-0.008181,-0.003814,-0.0,-0.009294,-0.008607,-0.001756,0.0,-0.001164,-0.0,-0.0,-0.005524,0.0,-0.005275,-0.006416,-0.0,-0.000482,-0.003244,0.0,-0.009534,-0.002192,-0.0,-0.00288,0.0,-0.0,-0.001856,-0.001797,-0.003846,-0.002661,0.0,-0.0,-0.00484,-0.004841,-0.006387,-0.0,0.0,-0.0,-0.0,0.0,-0.001223,-0.004683,-0.009456,-0.00489,0.0,-0.0,-0.007847,-0.000648,-0.004098,0.0,-0.000692,-0.001943,-0.0,-0.0,-0.005219,-0.006416,0.0,-0.0,-0.0,-0.002417,-0.0,-0.004683,-0.0,-0.002324,-0.009686,-0.0,-0.0,-0.005048,-0.0,-0.0,-0.0,-0.0,-0.00533,-0.006328,0.0,-0.003847,-0.003228,-0.008427,-0.008477,-0.0,-0.008237,-0.0,-0.006378,-0.0019,0.0,-0.002073,-0.009663,-0.006222,-0.005934,-0.00573,-0.008674,-0.002255,-0.000893,-0.000964,-0.0,-0.000172,-0.003214,-0.004137,-0.006066
2017-06-01 15:07:00+02:00,-0.0,0.0,-0.0,-0.005566,-0.0,-0.0,-0.001128,-0.002082,-0.005257,-0.0,-0.0,-0.0,-0.006313,-0.006378,-0.002801,-0.00734,-0.0,-0.0,-0.0,-0.007968,0.0,-0.008102,-0.003807,-0.0,-0.009285,-0.00858,-0.00175,0.0,-0.001156,-0.0,-0.0,-0.005521,0.0,-0.005275,-0.00641,-0.0,-0.000487,-0.003238,0.0,-0.009495,-0.002188,-0.0,-0.002835,0.0,-0.0,-0.001843,-0.001786,-0.003801,-0.002658,0.0,-0.0,-0.004793,-0.00483,-0.006378,-0.0,0.0,-0.0,-0.0,0.0,-0.00122,-0.004636,-0.00945,-0.004872,0.0,-0.0,-0.007823,-0.000645,-0.004052,0.0,-0.00069,-0.001915,-0.0,-0.0,-0.005174,-0.00641,0.0,-0.0,-0.0,-0.002412,-0.0,-0.004668,-0.0,-0.002311,-0.009681,-0.0,-0.0,-0.00502,-0.0,-0.0,-0.0,-0.0,-0.005316,-0.006313,0.0,-0.003838,-0.003228,-0.008405,-0.008452,-0.0,-0.008228,-0.0,-0.006356,-0.001871,0.0,-0.002068,-0.009624,-0.006204,-0.00593,-0.00571,-0.008648,-0.002251,-0.000886,-0.000944,-0.0,-0.000172,-0.003167,-0.00412,-0.006046
2017-06-01 15:08:00+02:00,-0.0,0.0,-0.0,-0.005548,-0.0,-0.0,-0.00112,-0.00207,-0.005253,-0.0,-0.0,-0.0,-0.006313,-0.006378,-0.002811,-0.007316,-0.0,-0.0,-0.0,-0.007946,0.0,-0.00808,-0.003789,-0.0,-0.009285,-0.008553,-0.001739,0.0,-0.00115,-0.0,-0.0,-0.005523,0.0,-0.005283,-0.006411,-0.0,-0.000504,-0.003222,0.0,-0.009476,-0.002178,-0.0,-0.002826,0.0,-0.0,-0.001835,-0.001777,-0.003787,-0.002661,0.0,-0.0,-0.004784,-0.00482,-0.006378,-0.0,0.0,-0.0,-0.0,0.0,-0.001211,-0.004625,-0.009453,-0.004856,0.0,-0.0,-0.007798,-0.000639,-0.004037,0.0,-0.000684,-0.001909,-0.0,-0.0,-0.005167,-0.006411,0.0,-0.0,-0.0,-0.002398,-0.0,-0.004655,-0.0,-0.002301,-0.009687,-0.0,-0.0,-0.005004,-0.0,-0.0,-0.0,-0.0,-0.005303,-0.006313,0.0,-0.003831,-0.003239,-0.00838,-0.008426,-0.0,-0.008226,-0.0,-0.006335,-0.001862,0.0,-0.002058,-0.009605,-0.006201,-0.005936,-0.005691,-0.008619,-0.002241,-0.000881,-0.000942,-0.0,-0.000167,-0.003156,-0.004105,-0.006041
2017-06-01 15:09:00+02:00,-0.0,0.0,-0.0,-0.005528,-0.0,-0.0,-0.001109,-0.002055,-0.005228,-0.0,-0.0,-0.0,-0.006313,-0.006379,-0.002799,-0.007289,-0.0,-0.0,-0.0,-0.007911,0.0,-0.008046,-0.003766,-0.0,-0.009249,-0.008521,-0.001725,0.0,-0.001143,-0.0,-0.0,-0.005503,0.0,-0.005267,-0.006412,-0.0,-0.000494,-0.003201,0.0,-0.009457,-0.002165,-0.0,-0.002807,0.0,-0.0,-0.001823,-0.001766,-0.003766,-0.002645,0.0,-0.0,-0.004768,-0.004808,-0.006379,-0.0,0.0,-0.0,-0.0,0.0,-0.001197,-0.004607,-0.009419,-0.004837,0.0,-0.0,-0.007769,-0.000631,-0.004017,0.0,-0.000676,-0.001897,-0.0,-0.0,-0.005152,-0.006412,0.0,-0.0,-0.0,-0.00238,-0.0,-0.00464,-0.0,-0.002288,-0.009655,-0.0,-0.0,-0.00499,-0.0,-0.0,-0.0,-0.0,-0.005289,-0.006313,0.0,-0.003822,-0.003218,-0.008352,-0.008397,-0.0,-0.008189,-0.0,-0.006311,-0.001849,0.0,-0.002044,-0.009586,-0.006199,-0.005908,-0.005669,-0.008588,-0.002228,-0.000875,-0.000934,-0.0,-0.000158,-0.003135,-0.004087,-0.006036
2017-06-01 15:10:00+02:00,-0.0,0.0,-0.0,-0.005488,-0.0,-0.0,-0.001096,-0.002038,-0.005181,-0.0,-0.0,-0.0,-0.006315,-0.006382,-0.002768,-0.007238,-0.0,-0.0,-0.0,-0.007884,0.0,-0.00802,-0.003738,-0.0,-0.009174,-0.008464,-0.001709,0.0,-0.001127,-0.0,-0.0,-0.005458,0.0,-0.005227,-0.006416,-0.0,-0.000462,-0.003175,0.0,-0.009458,-0.002148,-0.0,-0.002793,0.0,-0.0,-0.001798,-0.001747,-0.00375,-0.002611,0.0,-0.0,-0.004756,-0.00478,-0.006382,-0.0,0.0,-0.0,-0.0,0.0,-0.001178,-0.004594,-0.009349,-0.0048,0.0,-0.0,-0.007715,-0.00062,-0.004,0.0,-0.000665,-0.001888,-0.0,-0.0,-0.005143,-0.006416,0.0,-0.0,-0.0,-0.002357,-0.0,-0.00461,-0.0,-0.002261,-0.009586,-0.0,-0.0,-0.004987,-0.0,-0.0,-0.0,-0.0,-0.005257,-0.006315,0.0,-0.0038,-0.003169,-0.008298,-0.008341,-0.0,-0.008115,-0.0,-0.006266,-0.001838,0.0,-0.002028,-0.009588,-0.006201,-0.005848,-0.005627,-0.00853,-0.002211,-0.000861,-0.000928,-0.0,-0.000142,-0.003118,-0.004052,-0.006038
2017-06-01 15:11:00+02:00,-0.0,0.0,-0.0,-0.00549,-0.0,-0.0,-0.001096,-0.002035,-0.005175,-0.0,-0.0,-0.0,-0.006306,-0.006378,-0.002775,-0.00723,-0.0,-0.0,-0.0,-0.007906,0.0,-0.008043,-0.003737,-0.0,-0.009171,-0.008451,-0.001706,0.0,-0.001133,-0.0,-0.0,-0.005459,0.0,-0.005233,-0.006414,-0.0,-0.000477,-0.003175,0.0,-0.009417,-0.002149,-0.0,-0.00282,0.0,-0.0,-0.001809,-0.001748,-0.00376,-0.002612,0.0,-0.0,-0.004776,-0.004782,-0.006378,-0.0,0.0,-0.0,-0.0,0.0,-0.001183,-0.004612,-0.009346,-0.004803,0.0,-0.0,-0.007706,-0.000623,-0.00401,0.0,-0.000669,-0.001905,-0.0,-0.0,-0.005167,-0.006414,0.0,-0.0,-0.0,-0.002359,-0.0,-0.004608,-0.0,-0.002272,-0.009585,-0.0,-0.0,-0.004956,-0.0,-0.0,-0.0,-0.0,-0.005254,-0.006306,0.0,-0.003806,-0.003176,-0.008288,-0.008329,-0.0,-0.008108,-0.0,-0.006263,-0.00185,0.0,-0.002028,-0.009548,-0.006187,-0.005849,-0.005625,-0.008516,-0.002212,-0.000867,-0.000944,-0.0,-0.000152,-0.003144,-0.004056,-0.00602
2017-06-01 15:12:00+02:00,-0.0,0.0,-0.0,-0.005474,-0.0,-0.0,-0.001091,-0.002025,-0.005175,-0.0,-0.0,-0.0,-0.006303,-0.006376,-0.00279,-0.007202,-0.0,-0.0,-0.0,-0.007913,0.0,-0.008052,-0.003723,-0.0,-0.00918,-0.008416,-0.001697,0.0,-0.001132,-0.0,-0.0,-0.005467,0.0,-0.005245,-0.006414,-0.0,-0.000497,-0.003163,0.0,-0.009394,-0.002142,-0.0,-0.002838,0.0,-0.0,-0.001808,-0.001742,-0.003763,-0.002619,0.0,-0.0,-0.004788,-0.00477,-0.006376,-0.0,0.0,-0.0,-0.0,0.0,-0.001179,-0.004621,-0.009352,-0.00479,0.0,-0.0,-0.007675,-0.000619,-0.004012,0.0,-0.000666,-0.001917,-0.0,-0.0,-0.005181,-0.006414,0.0,-0.0,-0.0,-0.00235,-0.0,-0.004593,-0.0,-0.00227,-0.009595,-0.0,-0.0,-0.00494,-0.0,-0.0,-0.0,-0.0,-0.005238,-0.006303,0.0,-0.0038,-0.003192,-0.008256,-0.008295,-0.0,-0.008112,-0.0,-0.006241,-0.001858,0.0,-0.00202,-0.009527,-0.006182,-0.005859,-0.005605,-0.008481,-0.002205,-0.000867,-0.000955,-0.0,-0.000152,-0.003161,-0.004045,-0.006012
2017-06-01 15:13:00+02:00,-0.0,0.0,-0.0,-0.00546,-0.0,-0.0,-0.001084,-0.002015,-0.005167,-0.0,-0.0,-0.0,-0.006284,-0.006359,-0.002795,-0.007177,-0.0,-0.0,-0.0,-0.007899,0.0,-0.00804,-0.003708,-0.0,-0.009173,-0.008385,-0.001687,0.0,-0.001131,-0.0,-0.0,-0.005466,0.0,-0.005248,-0.006398,-0.0,-0.000508,-0.003149,0.0,-0.009358,-0.002133,-0.0,-0.002841,0.0,-0.0,-0.001807,-0.001735,-0.003755,-0.002618,0.0,-0.0,-0.004786,-0.00476,-0.006359,-0.0,0.0,-0.0,-0.0,0.0,-0.001171,-0.004617,-0.009342,-0.004777,0.0,-0.0,-0.007647,-0.000615,-0.004004,0.0,-0.000662,-0.001919,-0.0,-0.0,-0.005182,-0.006398,0.0,-0.0,-0.0,-0.002339,-0.0,-0.004579,-0.0,-0.002268,-0.009588,-0.0,-0.0,-0.004912,-0.0,-0.0,-0.0,-0.0,-0.005224,-0.006284,0.0,-0.003795,-0.003195,-0.008228,-0.008267,-0.0,-0.008102,-0.0,-0.006221,-0.001858,0.0,-0.002011,-0.009488,-0.006161,-0.005856,-0.005587,-0.00845,-0.002196,-0.000867,-0.000957,-0.0,-0.00015,-0.003163,-0.004035,-0.005988
2017-06-01 15:14:00+02:00,-0.0,0.0,-0.0,-0.005439,-0.0,-0.0,-0.001071,-0.001998,-0.005145,-0.0,-0.0,-0.0,-0.006284,-0.006359,-0.002789,-0.007147,-0.0,-0.0,-0.0,-0.007871,0.0,-0.008012,-0.00368,-0.0,-0.009142,-0.008351,-0.001671,0.0,-0.001126,-0.0,-0.0,-0.00545,0.0,-0.005236,-0.006399,-0.0,-0.000504,-0.003123,0.0,-0.009349,-0.002118,-0.0,-0.002832,0.0,-0.0,-0.001799,-0.001726,-0.003739,-0.002606,0.0,-0.0,-0.004773,-0.004746,-0.006359,-0.0,0.0,-0.0,-0.0,0.0,-0.001153,-0.004604,-0.009307,-0.004758,0.0,-0.0,-0.007616,-0.000604,-0.003986,0.0,-0.000651,-0.001914,-0.0,-0.0,-0.005172,-0.006399,0.0,-0.0,-0.0,-0.002316,-0.0,-0.004562,-0.0,-0.002259,-0.009554,-0.0,-0.0,-0.0049,-0.0,-0.0,-0.0,-0.0,-0.005207,-0.006284,0.0,-0.003785,-0.003181,-0.008197,-0.008234,-0.0,-0.00807,-0.0,-0.006196,-0.00185,0.0,-0.001995,-0.00948,-0.00616,-0.005833,-0.005564,-0.008415,-0.00218,-0.000863,-0.000953,-0.0,-0.000137,-0.003152,-0.004017,-0.005986
2017-06-01 15:15:00+02:00,-0.0,0.0,-0.0,-0.005411,-0.0,-0.0,-0.001061,-0.001983,-0.005119,-0.0,-0.0,-0.0,-0.00628,-0.006359,-0.002779,-0.00711,-0.0,-0.0,-0.0,-0.007842,0.0,-0.007984,-0.003657,-0.0,-0.009105,-0.008309,-0.001658,0.0,-0.001117,-0.0,-0.0,-0.005431,0.0,-0.005221,-0.006399,-0.0,-0.000498,-0.003103,0.0,-0.009319,-0.002105,-0.0,-0.002823,0.0,-0.0,-0.001785,-0.001712,-0.003723,-0.002592,0.0,-0.0,-0.004762,-0.004728,-0.006359,-0.0,0.0,-0.0,-0.0,0.0,-0.001141,-0.004591,-0.00927,-0.004732,0.0,-0.0,-0.007577,-0.000597,-0.003969,0.0,-0.000644,-0.001909,-0.0,-0.0,-0.005162,-0.006399,0.0,-0.0,-0.0,-0.002299,-0.0,-0.004542,-0.0,-0.002243,-0.00952,-0.0,-0.0,-0.00488,-0.0,-0.0,-0.0,-0.0,-0.005186,-0.00628,0.0,-0.003772,-0.003163,-0.008159,-0.008194,-0.0,-0.008033,-0.0,-0.006163,-0.001843,0.0,-0.001982,-0.009452,-0.006153,-0.005806,-0.005533,-0.008373,-0.002167,-0.000855,-0.000949,-0.0,-0.00013,-0.003142,-0.003993,-0.005976
2017-06-01 15:16:00+02:00,-0.0,0.0,-0.0,-0.00537,-0.0,-0.0,-0.00105,-0.001966,-0.005084,-0.0,-0.0,-0.0,-0.006262,-0.006343,-0.002762,-0.00706,-0.0,-0.0,-0.0,-0.007792,0.0,-0.007935,-0.003629,-0.0,-0.009051,-0.008252,-0.001642,0.0,-0.001102,-0.0,-0.0,-0.005402,0.0,-0.005197,-0.006386,-0.0,-0.000483,-0.003077,0.0,-0.009276,-0.002089,-0.0,-0.002797,0.0,-0.0,-0.001761,-0.001694,-0.003695,-0.002571,0.0,-0.0,-0.004737,-0.004702,-0.006343,-0.0,0.0,-0.0,-0.0,0.0,-0.001126,-0.004565,-0.009216,-0.004693,0.0,-0.0,-0.007524,-0.000589,-0.003941,0.0,-0.000636,-0.001893,-0.0,-0.0,-0.005139,-0.006386,0.0,-0.0,-0.0,-0.002278,-0.0,-0.004513,-0.0,-0.002217,-0.009468,-0.0,-0.0,-0.00485,-0.0,-0.0,-0.0,-0.0,-0.005157,-0.006262,0.0,-0.00375,-0.003135,-0.008105,-0.008139,-0.0,-0.007981,-0.0,-0.006117,-0.001825,0.0,-0.001967,-0.009407,-0.006132,-0.005766,-0.00549,-0.008315,-0.002151,-0.000842,-0.000938,-0.0,-0.000121,-0.003114,-0.003957,-0.005953
2017-06-01 15:17:00+02:00,-0.0,0.0,-0.0,-0.005308,-0.0,-0.0,-0.001023,-0.001929,-0.005049,-0.0,-0.0,-0.0,-0.006237,-0.00632,-0.002747,-0.006985,-0.0,-0.0,-0.0,-0.007721,0.0,-0.007863,-0.003563,-0.0,-0.008997,-0.008167,-0.001609,0.0,-0.001078,-0.0,-0.0,-0.005374,0.0,-0.005173,-0.006364,-0.0,-0.00047,-0.00302,0.0,-0.009227,-0.002053,-0.0,-0.002754,0.0,-0.0,-0.001721,-0.001666,-0.003657,-0.002552,0.0,-0.0,-0.004698,-0.004659,-0.00632,-0.0,0.0,-0.0,-0.0,0.0,-0.001086,-0.004525,-0.00916,-0.004635,0.0,-0.0,-0.007445,-0.000567,-0.0039,0.0,-0.000611,-0.001866,-0.0,-0.0,-0.005101,-0.006364,0.0,-0.0,-0.0,-0.002227,-0.0,-0.004468,-0.0,-0.002174,-0.009413,-0.0,-0.0,-0.004816,-0.0,-0.0,-0.0,-0.0,-0.005109,-0.006237,0.0,-0.003714,-0.003109,-0.008024,-0.008056,-0.0,-0.00793,-0.0,-0.006049,-0.001798,0.0,-0.00193,-0.009358,-0.006105,-0.005728,-0.005427,-0.008229,-0.002113,-0.00082,-0.000915,-0.0,-9.7e-05,-0.003068,-0.003904,-0.005924
2017-06-01 15:18:00+02:00,-0.0,0.0,-0.0,-0.00528,-0.0,-0.0,-0.001022,-0.001923,-0.005036,-0.0,-0.0,-0.0,-0.006238,-0.006322,-0.002757,-0.006947,-0.0,-0.0,-0.0,-0.007682,0.0,-0.007825,-0.003557,-0.0,-0.008981,-0.008123,-0.001603,0.0,-0.001073,-0.0,-0.0,-0.005369,0.0,-0.005173,-0.006366,-0.0,-0.000491,-0.003015,0.0,-0.00922,-0.00205,-0.0,-0.002746,0.0,-0.0,-0.001714,-0.001655,-0.003636,-0.002554,0.0,-0.0,-0.00468,-0.004641,-0.006322,-0.0,0.0,-0.0,-0.0,0.0,-0.001093,-0.004506,-0.00914,-0.00461,0.0,-0.0,-0.007405,-0.00057,-0.003878,0.0,-0.000616,-0.001861,-0.0,-0.0,-0.005085,-0.006366,0.0,-0.0,-0.0,-0.002227,-0.0,-0.004447,-0.0,-0.002164,-0.009395,-0.0,-0.0,-0.004806,-0.0,-0.0,-0.0,-0.0,-0.005087,-0.006238,0.0,-0.003701,-0.003119,-0.007983,-0.008014,-0.0,-0.007913,-0.0,-0.006016,-0.001791,0.0,-0.001927,-0.009351,-0.006106,-0.005725,-0.005397,-0.008184,-0.00211,-0.000817,-0.000915,-0.0,-0.000107,-0.003058,-0.003883,-0.005924
2017-06-01 15:19:00+02:00,-0.0,0.0,-0.0,-0.005248,-0.0,-0.0,-0.00102,-0.001916,-0.005014,-0.0,-0.0,-0.0,-0.006197,-0.006286,-0.002761,-0.006903,-0.0,-0.0,-0.0,-0.007645,0.0,-0.007788,-0.003548,-0.0,-0.008948,-0.008072,-0.001597,0.0,-0.001068,-0.0,-0.0,-0.005355,0.0,-0.005166,-0.006333,-0.0,-0.000509,-0.003008,0.0,-0.009131,-0.002046,-0.0,-0.002741,0.0,-0.0,-0.001706,-0.001643,-0.003616,-0.002551,0.0,-0.0,-0.004664,-0.004619,-0.006286,-0.0,0.0,-0.0,-0.0,0.0,-0.001098,-0.004488,-0.009107,-0.004582,0.0,-0.0,-0.007358,-0.000572,-0.003857,0.0,-0.00062,-0.001858,-0.0,-0.0,-0.005071,-0.006333,0.0,-0.0,-0.0,-0.002225,-0.0,-0.004422,-0.0,-0.002154,-0.009363,-0.0,-0.0,-0.00475,-0.0,-0.0,-0.0,-0.0,-0.005062,-0.006197,0.0,-0.003685,-0.003122,-0.007936,-0.007965,-0.0,-0.007884,-0.0,-0.005978,-0.001784,0.0,-0.001923,-0.00926,-0.006061,-0.005713,-0.005362,-0.008132,-0.002106,-0.000813,-0.000916,-0.0,-0.000118,-0.00305,-0.003859,-0.005874
2017-06-01 15:20:00+02:00,-0.0,0.0,-0.0,-0.005206,-0.0,-0.0,-0.001017,-0.001906,-0.004976,-0.0,-0.0,-0.0,-0.006157,-0.006247,-0.002754,-0.006846,-0.0,-0.0,-0.0,-0.00759,0.0,-0.007733,-0.003533,-0.0,-0.008888,-0.008006,-0.001588,0.0,-0.001061,-0.0,-0.0,-0.005324,0.0,-0.005142,-0.006296,-0.0,-0.000519,-0.002997,0.0,-0.009061,-0.002039,-0.0,-0.002728,0.0,-0.0,-0.001696,-0.001627,-0.003588,-0.002537,0.0,-0.0,-0.004637,-0.004589,-0.006247,-0.0,0.0,-0.0,-0.0,0.0,-0.001102,-0.004459,-0.009046,-0.004546,0.0,-0.0,-0.007298,-0.000573,-0.003826,0.0,-0.000623,-0.001849,-0.0,-0.0,-0.005045,-0.006296,0.0,-0.0,-0.0,-0.002219,-0.0,-0.004389,-0.0,-0.002139,-0.009303,-0.0,-0.0,-0.004703,-0.0,-0.0,-0.0,-0.0,-0.005026,-0.006157,0.0,-0.003663,-0.00311,-0.007875,-0.007902,-0.0,-0.007831,-0.0,-0.005929,-0.001772,0.0,-0.001915,-0.009189,-0.006019,-0.00568,-0.005319,-0.008066,-0.002099,-0.000808,-0.000914,-0.0,-0.00013,-0.003034,-0.003829,-0.00583
2017-06-01 15:21:00+02:00,-0.0,0.0,-0.0,-0.005131,-0.0,-0.0,-0.001001,-0.001882,-0.004916,-0.0,-0.0,-0.0,-0.006165,-0.006255,-0.002719,-0.00676,-0.0,-0.0,-0.0,-0.007487,0.0,-0.007628,-0.003493,-0.0,-0.008789,-0.007912,-0.001567,0.0,-0.001032,-0.0,-0.0,-0.005268,0.0,-0.005091,-0.006301,-0.0,-0.000492,-0.002961,0.0,-0.009069,-0.002017,-0.0,-0.002663,0.0,-0.0,-0.001648,-0.001594,-0.003532,-0.0025,0.0,-0.0,-0.004576,-0.004538,-0.006255,-0.0,0.0,-0.0,-0.0,0.0,-0.001081,-0.004399,-0.008949,-0.004476,0.0,-0.0,-0.007209,-0.000561,-0.003768,0.0,-0.000611,-0.001808,-0.0,-0.0,-0.004984,-0.006304,0.0,-0.0,-0.0,-0.002189,-0.0,-0.004337,-0.0,-0.002087,-0.009206,-0.0,-0.0,-0.004707,-0.0,-0.0,-0.0,-0.0,-0.004972,-0.006165,0.0,-0.003618,-0.003059,-0.007785,-0.007811,-0.0,-0.007739,-0.0,-0.005849,-0.001732,0.0,-0.001893,-0.009197,-0.006026,-0.005609,-0.005244,-0.007972,-0.002076,-0.000782,-0.000884,-0.0,-0.000115,-0.002965,-0.003764,-0.005837
2017-06-01 15:22:00+02:00,-0.0,0.0,-0.0,-0.005054,-0.0,-0.0,-0.000995,-0.001874,-0.004873,-0.0,-0.0,-0.0,-0.006183,-0.006273,-0.002699,-0.006675,-0.0,-0.0,-0.0,-0.007369,0.0,-0.007509,-0.00348,-0.0,-0.008722,-0.007824,-0.001558,0.0,-0.000994,-0.0,-0.0,-0.005232,0.0,-0.00506,-0.00632,-0.0,-0.000472,-0.002949,0.0,-0.009089,-0.00201,-0.0,-0.002561,0.0,-0.0,-0.001584,-0.001556,-0.003466,-0.002477,0.0,-0.0,-0.004505,-0.004489,-0.006273,-0.0,0.0,-0.0,-0.0,0.0,-0.001074,-0.004329,-0.00889,-0.0044,0.0,-0.0,-0.007122,-0.000557,-0.003702,0.0,-0.000607,-0.001744,-0.0,-0.0,-0.004914,-0.006322,0.0,-0.0,-0.0,-0.002179,-0.0,-0.004287,-0.0,-0.00202,-0.00915,-0.0,-0.0,-0.004717,-0.0,-0.0,-0.0,-0.0,-0.004922,-0.006183,0.0,-0.003572,-0.003026,-0.007701,-0.007725,-0.0,-0.007677,-0.0,-0.005769,-0.001672,0.0,-0.001886,-0.009218,-0.006043,-0.005563,-0.005166,-0.007883,-0.002069,-0.000747,-0.000835,-0.0,-0.000111,-0.00286,-0.003691,-0.005853
2017-06-01 15:23:00+02:00,-0.0,0.0,-0.0,-0.005033,-0.0,-0.0,-0.001008,-0.001886,-0.004873,-0.0,-0.0,-0.0,-0.00619,-0.006281,-0.002724,-0.006647,-0.0,-0.0,-0.0,-0.007314,0.0,-0.007455,-0.003508,-0.0,-0.00873,-0.007792,-0.00157,0.0,-0.000987,-0.0,-0.0,-0.005244,0.0,-0.005079,-0.00633,-0.0,-0.000506,-0.002974,0.0,-0.009086,-0.002029,-0.0,-0.002518,0.0,-0.0,-0.001573,-0.001546,-0.003434,-0.002492,0.0,-0.0,-0.004477,-0.004479,-0.006281,-0.0,0.0,-0.0,-0.0,0.0,-0.001104,-0.0043,-0.008903,-0.004381,0.0,-0.0,-0.007092,-0.000572,-0.00367,0.0,-0.000626,-0.001716,-0.0,-0.0,-0.004888,-0.006331,0.0,-0.0,-0.0,-0.002206,-0.0,-0.004274,-0.0,-0.002007,-0.009167,-0.0,-0.0,-0.004709,-0.0,-0.0,-0.0,-0.0,-0.004909,-0.00619,0.0,-0.003565,-0.003054,-0.007672,-0.007694,-0.0,-0.007683,-0.0,-0.005744,-0.001644,0.0,-0.001903,-0.009218,-0.006049,-0.005582,-0.005142,-0.007851,-0.002088,-0.000742,-0.000818,-0.0,-0.000144,-0.002813,-0.003672,-0.005858
2017-06-01 15:24:00+02:00,-0.0,0.0,-0.0,-0.004977,-0.0,-0.0,-0.001004,-0.001878,-0.004838,-0.0,-0.0,-0.0,-0.006165,-0.006263,-0.002715,-0.006579,-0.0,-0.0,-0.0,-0.007227,0.0,-0.007367,-0.003496,-0.0,-0.008676,-0.007718,-0.001562,0.0,-0.000966,-0.0,-0.0,-0.005217,0.0,-0.005059,-0.006316,-0.0,-0.000506,-0.002965,0.0,-0.008995,-0.002024,-0.0,-0.002456,0.0,-0.0,-0.001538,-0.001521,-0.003386,-0.002477,0.0,-0.0,-0.004428,-0.004441,-0.006263,-0.0,0.0,-0.0,-0.0,0.0,-0.001104,-0.00425,-0.008852,-0.004328,0.0,-0.0,-0.007021,-0.000571,-0.003622,0.0,-0.000627,-0.001677,-0.0,-0.0,-0.00484,-0.006316,0.0,-0.0,-0.0,-0.0022,-0.0,-0.004235,-0.0,-0.001969,-0.009118,-0.0,-0.0,-0.00465,-0.0,-0.0,-0.0,-0.0,-0.004868,-0.006165,0.0,-0.003533,-0.003038,-0.007601,-0.007622,-0.0,-0.007634,-0.0,-0.005682,-0.001606,0.0,-0.001898,-0.009126,-0.006017,-0.00555,-0.005085,-0.007776,-0.002082,-0.000723,-0.000791,-0.0,-0.000149,-0.002747,-0.003623,-0.005819
2017-06-01 15:25:00+02:00,-0.0,0.0,-0.0,-0.004933,-0.0,-0.0,-0.000999,-0.001868,-0.004813,-0.0,-0.0,-0.0,-0.006167,-0.006265,-0.002715,-0.006524,-0.0,-0.0,-0.0,-0.007154,0.0,-0.007294,-0.003481,-0.0,-0.008639,-0.007656,-0.001553,0.0,-0.000951,-0.0,-0.0,-0.005199,0.0,-0.005047,-0.006319,-0.0,-0.000519,-0.002952,0.0,-0.008999,-0.002017,-0.0,-0.002412,0.0,-0.0,-0.001514,-0.001502,-0.003346,-0.002471,0.0,-0.0,-0.004386,-0.004411,-0.006265,-0.0,0.0,-0.0,-0.0,0.0,-0.001103,-0.004208,-0.008817,-0.004287,0.0,-0.0,-0.006964,-0.000569,-0.00358,0.0,-0.000627,-0.001648,-0.0,-0.0,-0.004799,-0.006319,0.0,-0.0,-0.0,-0.002192,-0.0,-0.004202,-0.0,-0.001942,-0.009085,-0.0,-0.0,-0.00465,-0.0,-0.0,-0.0,-0.0,-0.004835,-0.006167,0.0,-0.003508,-0.003036,-0.007543,-0.007562,-0.0,-0.007601,-0.0,-0.005633,-0.001577,0.0,-0.00189,-0.00913,-0.006019,-0.005533,-0.005039,-0.007714,-0.002074,-0.00071,-0.000773,-0.0,-0.000154,-0.002699,-0.003586,-0.005821
2017-06-01 15:26:00+02:00,-0.0,0.0,-0.0,-0.004942,-0.0,-0.0,-0.001014,-0.001879,-0.0048,-0.0,-0.0,-0.0,-0.00617,-0.006269,-0.002726,-0.006526,-0.0,-0.0,-0.0,-0.00712,0.0,-0.007259,-0.003507,-0.0,-0.008626,-0.007655,-0.001564,0.0,-0.000961,-0.0,-0.0,-0.005194,0.0,-0.005048,-0.006323,-0.0,-0.000546,-0.002978,0.0,-0.009003,-0.002034,-0.0,-0.0024,0.0,-0.0,-0.001532,-0.001505,-0.003326,-0.002474,0.0,-0.0,-0.004369,-0.004417,-0.006269,-0.0,0.0,-0.0,-0.0,0.0,-0.001137,-0.004189,-0.008805,-0.004296,0.0,-0.0,-0.006965,-0.000586,-0.003559,0.0,-0.000648,-0.00164,-0.0,-0.0,-0.004783,-0.006323,0.0,-0.0,-0.0,-0.002221,-0.0,-0.004205,-0.0,-0.001959,-0.009075,-0.0,-0.0,-0.004648,-0.0,-0.0,-0.0,-0.0,-0.004838,-0.00617,0.0,-0.003518,-0.003049,-0.007544,-0.007561,-0.0,-0.007589,-0.0,-0.005638,-0.001566,0.0,-0.001906,-0.009134,-0.006021,-0.005534,-0.005044,-0.007711,-0.002091,-0.000721,-0.000772,-0.0,-0.000193,-0.002683,-0.003596,-0.005822
2017-06-01 15:27:00+02:00,-0.0,0.0,-0.0,-0.005002,-0.0,-0.0,-0.001038,-0.001903,-0.004817,-0.0,-0.0,-0.0,-0.006174,-0.006274,-0.002758,-0.006578,-0.0,-0.0,-0.0,-0.007141,0.0,-0.007282,-0.003557,-0.0,-0.008665,-0.007704,-0.001586,0.0,-0.000997,-0.0,-0.0,-0.005218,0.0,-0.005076,-0.006329,-0.0,-0.000595,-0.003025,0.0,-0.009007,-0.002065,-0.0,-0.002438,0.0,-0.0,-0.001595,-0.001533,-0.003336,-0.002495,0.0,-0.0,-0.004388,-0.004458,-0.006274,-0.0,0.0,-0.0,-0.0,0.0,-0.001191,-0.004206,-0.008829,-0.004356,0.0,-0.0,-0.007016,-0.000613,-0.003569,0.0,-0.000682,-0.001663,-0.0,-0.0,-0.004806,-0.006329,0.0,-0.0,-0.0,-0.002271,-0.0,-0.00424,-0.0,-0.002024,-0.009103,-0.0,-0.0,-0.004641,-0.0,-0.0,-0.0,-0.0,-0.004876,-0.006174,0.0,-0.003562,-0.003091,-0.007595,-0.00761,-0.0,-0.007617,-0.0,-0.005693,-0.001583,0.0,-0.001935,-0.009137,-0.006024,-0.005567,-0.005097,-0.007759,-0.002123,-0.000758,-0.000798,-0.0,-0.00025,-0.002718,-0.003654,-0.005824
2017-06-01 15:28:00+02:00,-0.0,0.0,-0.0,-0.005093,-1e-05,-0.0,-0.001065,-0.001929,-0.004856,-0.0,-0.0,-0.0,-0.006176,-0.006277,-0.00281,-0.006659,-0.0,-0.0,-0.0,-0.007219,0.0,-0.007364,-0.00361,-0.0,-0.008742,-0.007782,-0.00161,0.0,-0.001051,-0.0,-0.0,-0.005265,0.0,-0.005128,-0.006332,-0.0,-0.000666,-0.003076,0.0,-0.008999,-0.002099,-0.0,-0.00253,0.0,-0.0,-0.001689,-0.001577,-0.003378,-0.002533,0.0,-0.0,-0.004445,-0.004519,-0.006277,-0.0,0.0,-0.0,-0.0,0.0,-0.001249,-0.00426,-0.008887,-0.004446,0.0,-0.0,-0.007096,-0.000642,-0.003609,0.0,-0.000718,-0.001721,-0.0,-0.0,-0.004869,-0.006332,0.0,-0.0,-0.0,-0.002324,-0.0,-0.004294,-0.0,-0.00212,-0.009166,-0.0,-0.0,-0.004623,-0.0,-0.0,-0.0,-0.0,-0.004932,-0.006176,0.0,-0.003627,-0.003161,-0.007673,-0.007687,-0.0,-0.00768,-0.0,-0.005778,-0.001631,0.0,-0.001967,-0.009129,-0.006025,-0.005631,-0.005179,-0.007836,-0.002157,-0.000812,-0.000849,-0.0,-0.000312,-0.002808,-0.003742,-0.005823
2017-06-01 15:29:00+02:00,-0.0,0.0,-0.0,-0.00512,-8e-06,-0.0,-0.001069,-0.00193,-0.00483,-0.0,-0.0,-0.0,-0.006171,-0.006277,-0.002811,-0.006677,-0.0,-0.0,-0.0,-0.007236,0.0,-0.007384,-0.003616,-0.0,-0.008707,-0.007796,-0.001611,0.0,-0.001069,-0.0,-0.0,-0.00525,0.0,-0.005119,-0.006334,-0.0,-0.000674,-0.003083,0.0,-0.008958,-0.002104,-0.0,-0.002564,0.0,-0.0,-0.00172,-0.001588,-0.003388,-0.002528,0.0,-0.0,-0.004463,-0.004538,-0.006277,-0.0,0.0,-0.0,-0.0,0.0,-0.001263,-0.004276,-0.008862,-0.004473,0.0,-0.0,-0.007113,-0.000648,-0.003618,0.0,-0.000727,-0.001743,-0.0,-0.0,-0.004891,-0.006334,0.0,-0.0,-0.0,-0.002334,-0.0,-0.004308,-0.0,-0.002152,-0.009143,-0.0,-0.0,-0.004596,-0.0,-0.0,-0.0,-0.0,-0.004948,-0.006171,0.0,-0.003651,-0.003158,-0.007689,-0.007701,-0.0,-0.00765,-0.0,-0.005801,-0.001648,0.0,-0.001971,-0.009089,-0.006014,-0.005618,-0.005202,-0.007848,-0.002161,-0.00083,-0.000868,-0.0,-0.00033,-0.002841,-0.003768,-0.005804
2017-06-01 15:30:00+02:00,-0.0,0.0,-0.0,-0.005121,-6e-06,-0.0,-0.001064,-0.001921,-0.004782,-0.0,-0.0,-0.0,-0.006163,-0.006272,-0.002792,-0.006668,-0.0,-0.0,-0.0,-0.007232,0.0,-0.00738,-0.003603,-0.0,-0.008631,-0.007781,-0.001602,0.0,-0.001073,-0.0,-0.0,-0.005209,0.0,-0.005085,-0.006334,-0.0,-0.00066,-0.003072,0.0,-0.008934,-0.002097,-0.0,-0.00258,0.0,-0.0,-0.001728,-0.001588,-0.003386,-0.002506,0.0,-0.0,-0.004467,-0.004538,-0.006272,-0.0,0.0,-0.0,-0.0,0.0,-0.00126,-0.004278,-0.008799,-0.004474,0.0,-0.0,-0.007102,-0.000646,-0.003614,0.0,-0.000726,-0.001753,-0.0,-0.0,-0.004898,-0.006334,0.0,-0.0,-0.0,-0.002326,-0.0,-0.004305,-0.0,-0.002159,-0.009082,-0.0,-0.0,-0.004575,-0.0,-0.0,-0.0,-0.0,-0.004945,-0.006163,0.0,-0.003656,-0.003128,-0.007677,-0.007688,-0.0,-0.007585,-0.0,-0.005796,-0.001655,0.0,-0.001964,-0.009065,-0.006003,-0.005574,-0.005198,-0.007833,-0.002154,-0.000835,-0.000877,-0.0,-0.000332,-0.002856,-0.00377,-0.005792
2017-06-01 15:31:00+02:00,-0.0,0.0,-0.0,-0.005123,-5e-06,-0.0,-0.001042,-0.001892,-0.00474,-0.0,-0.0,-0.0,-0.006145,-0.006256,-0.002777,-0.006662,-0.0,-0.0,-0.0,-0.007234,0.0,-0.007383,-0.003553,-0.0,-0.008567,-0.007771,-0.001576,0.0,-0.001078,-0.0,-0.0,-0.005173,0.0,-0.005057,-0.00632,-0.0,-0.000651,-0.003028,0.0,-0.008917,-0.002068,-0.0,-0.002598,0.0,-0.0,-0.001739,-0.001588,-0.003386,-0.002486,0.0,-0.0,-0.004473,-0.004539,-0.006256,-0.0,0.0,-0.0,-0.0,0.0,-0.001224,-0.004282,-0.008746,-0.004477,0.0,-0.0,-0.007095,-0.000626,-0.003612,0.0,-0.000704,-0.001765,-0.0,-0.0,-0.004906,-0.00632,0.0,-0.0,-0.0,-0.002285,-0.0,-0.004302,-0.0,-0.002169,-0.009029,-0.0,-0.0,-0.004554,-0.0,-0.0,-0.0,-0.0,-0.004942,-0.006145,0.0,-0.003662,-0.003105,-0.007671,-0.00768,-0.0,-0.00753,-0.0,-0.005794,-0.001662,0.0,-0.001935,-0.009046,-0.005982,-0.005538,-0.005198,-0.007823,-0.002124,-0.000841,-0.000887,-0.0,-0.000301,-0.002873,-0.003774,-0.00577
2017-06-01 15:32:00+02:00,-0.0,0.0,-0.0,-0.005129,-4e-06,-0.0,-0.001025,-0.001871,-0.004712,-0.0,-0.0,-0.0,-0.006146,-0.006257,-0.002772,-0.006662,-0.0,-0.0,-0.0,-0.007236,0.0,-0.007384,-0.003517,-0.0,-0.008528,-0.007767,-0.001557,0.0,-0.001085,-0.0,-0.0,-0.005151,0.0,-0.005041,-0.006322,-0.0,-0.000655,-0.002997,0.0,-0.00892,-0.002046,-0.0,-0.002616,0.0,-0.0,-0.001753,-0.00159,-0.003384,-0.002477,0.0,-0.0,-0.004476,-0.00454,-0.006257,-0.0,0.0,-0.0,-0.0,0.0,-0.001199,-0.004283,-0.008715,-0.004484,0.0,-0.0,-0.007092,-0.000612,-0.00361,0.0,-0.000688,-0.001775,-0.0,-0.0,-0.004912,-0.006322,0.0,-0.0,-0.0,-0.002256,-0.0,-0.004301,-0.0,-0.002182,-0.008999,-0.0,-0.0,-0.004552,-0.0,-0.0,-0.0,-0.0,-0.004941,-0.006146,0.0,-0.003668,-0.003098,-0.007671,-0.007679,-0.0,-0.007499,-0.0,-0.005796,-0.001669,0.0,-0.001914,-0.009049,-0.005983,-0.005521,-0.005203,-0.007819,-0.002102,-0.000849,-0.000897,-0.0,-0.00028,-0.00289,-0.003782,-0.00577
2017-06-01 15:33:00+02:00,-0.0,0.0,-0.0,-0.005128,-3e-06,-0.0,-0.001011,-0.00185,-0.004683,-0.0,-0.0,-0.0,-0.0061,-0.006216,-0.002768,-0.006653,-0.0,-0.0,-0.0,-0.007242,0.0,-0.007389,-0.003484,-0.0,-0.008486,-0.007754,-0.001538,0.0,-0.00109,-0.0,-0.0,-0.005129,0.0,-0.005025,-0.006284,-0.0,-0.000661,-0.002968,0.0,-0.008852,-0.002026,-0.0,-0.002644,0.0,-0.0,-0.001764,-0.001589,-0.003384,-0.002467,0.0,-0.0,-0.004483,-0.004538,-0.006216,-0.0,0.0,-0.0,-0.0,0.0,-0.001178,-0.004288,-0.00868,-0.004485,0.0,-0.0,-0.007082,-0.000601,-0.003609,0.0,-0.000675,-0.001793,-0.0,-0.0,-0.004922,-0.006284,0.0,-0.0,-0.0,-0.00223,-0.0,-0.004294,-0.0,-0.002191,-0.008963,-0.0,-0.0,-0.004496,-0.0,-0.0,-0.0,-0.0,-0.004934,-0.0061,0.0,-0.003672,-0.003091,-0.007663,-0.007669,-0.0,-0.007466,-0.0,-0.005791,-0.001682,0.0,-0.001894,-0.008976,-0.005933,-0.005503,-0.005201,-0.007806,-0.002081,-0.000855,-0.000914,-0.0,-0.000264,-0.002917,-0.003784,-0.005718
2017-06-01 15:34:00+02:00,-0.0,0.0,-0.0,-0.005101,-3e-06,-0.0,-0.00098,-0.001812,-0.004646,-0.0,-0.0,-0.0,-0.006106,-0.006223,-0.002753,-0.006617,-0.0,-0.0,-0.0,-0.007228,0.0,-0.007376,-0.003415,-0.0,-0.00843,-0.007713,-0.001502,0.0,-0.001081,-0.0,-0.0,-0.005098,0.0,-0.004999,-0.006291,-0.0,-0.00065,-0.002905,0.0,-0.008856,-0.001983,-0.0,-0.002657,0.0,-0.0,-0.001751,-0.001576,-0.003376,-0.002448,0.0,-0.0,-0.004479,-0.004518,-0.006223,-0.0,0.0,-0.0,-0.0,0.0,-0.001129,-0.004283,-0.008628,-0.00446,0.0,-0.0,-0.007044,-0.000575,-0.003599,0.0,-0.000645,-0.001801,-0.0,-0.0,-0.004921,-0.006291,0.0,-0.0,-0.0,-0.002173,-0.0,-0.004273,-0.0,-0.002176,-0.008912,-0.0,-0.0,-0.004497,-0.0,-0.0,-0.0,-0.0,-0.004912,-0.006106,0.0,-0.003658,-0.003067,-0.007626,-0.007631,-0.0,-0.007416,-0.0,-0.005759,-0.001685,0.0,-0.001853,-0.00898,-0.005939,-0.005469,-0.005173,-0.007765,-0.00204,-0.000848,-0.000921,-0.0,-0.000221,-0.002929,-0.003762,-0.005723
2017-06-01 15:35:00+02:00,-0.0,0.0,-0.0,-0.005078,-2e-06,-0.0,-0.000963,-0.001789,-0.004617,-0.0,-0.0,-0.0,-0.006108,-0.006225,-0.002744,-0.006586,-0.0,-0.0,-0.0,-0.007228,0.0,-0.007377,-0.003377,-0.0,-0.008388,-0.007678,-0.001482,0.0,-0.001073,-0.0,-0.0,-0.005075,0.0,-0.004981,-0.006294,-0.0,-0.000648,-0.002871,0.0,-0.008838,-0.00196,-0.0,-0.002678,0.0,-0.0,-0.001738,-0.001564,-0.003375,-0.002434,0.0,-0.0,-0.004484,-0.004502,-0.006225,-0.0,0.0,-0.0,-0.0,0.0,-0.001102,-0.004286,-0.00859,-0.004438,0.0,-0.0,-0.007011,-0.00056,-0.003597,0.0,-0.000628,-0.001814,-0.0,-0.0,-0.004929,-0.006294,0.0,-0.0,-0.0,-0.002142,-0.0,-0.004254,-0.0,-0.002161,-0.008875,-0.0,-0.0,-0.004477,-0.0,-0.0,-0.0,-0.0,-0.004892,-0.006108,0.0,-0.003646,-0.003052,-0.007596,-0.007599,-0.0,-0.007379,-0.0,-0.005732,-0.001694,0.0,-0.00183,-0.008962,-0.00594,-0.005444,-0.005149,-0.00773,-0.002017,-0.00084,-0.000934,-0.0,-0.000197,-0.002949,-0.003742,-0.00572
2017-06-01 15:36:00+02:00,-0.0,0.0,-0.0,-0.005061,-2e-06,-0.0,-0.000957,-0.001779,-0.004593,-0.0,-0.0,-0.0,-0.006072,-0.006193,-0.002741,-0.006561,-0.0,-0.0,-0.0,-0.007202,0.0,-0.007349,-0.003363,-0.0,-0.008354,-0.007648,-0.001472,0.0,-0.00107,-0.0,-0.0,-0.005056,0.0,-0.004968,-0.006267,-0.0,-0.000656,-0.002861,0.0,-0.008786,-0.001952,-0.0,-0.002676,0.0,-0.0,-0.001735,-0.001557,-0.003358,-0.002425,0.0,-0.0,-0.004469,-0.004489,-0.006193,-0.0,0.0,-0.0,-0.0,0.0,-0.001099,-0.00427,-0.008556,-0.004423,0.0,-0.0,-0.006984,-0.000557,-0.003579,0.0,-0.000626,-0.001812,-0.0,-0.0,-0.004916,-0.006267,0.0,-0.0,-0.0,-0.002135,-0.0,-0.004238,-0.0,-0.002157,-0.00884,-0.0,-0.0,-0.004436,-0.0,-0.0,-0.0,-0.0,-0.004875,-0.006072,0.0,-0.003639,-0.003047,-0.007571,-0.007573,-0.0,-0.00735,-0.0,-0.005712,-0.001689,0.0,-0.001822,-0.008906,-0.005898,-0.005429,-0.005133,-0.007701,-0.002008,-0.000839,-0.000935,-0.0,-0.000199,-0.002945,-0.003731,-0.005677
2017-06-01 15:37:00+02:00,-0.0,0.0,-0.0,-0.005052,-1e-06,-0.0,-0.000952,-0.001769,-0.004565,-0.0,-0.0,-0.0,-0.006073,-0.006195,-0.002734,-0.006542,-0.0,-0.0,-0.0,-0.007155,0.0,-0.0073,-0.003349,-0.0,-0.008314,-0.007623,-0.001464,0.0,-0.001072,-0.0,-0.0,-0.005033,0.0,-0.004949,-0.006269,-0.0,-0.000661,-0.002851,0.0,-0.008786,-0.001945,-0.0,-0.002653,0.0,-0.0,-0.001742,-0.001554,-0.00333,-0.002412,0.0,-0.0,-0.004441,-0.004479,-0.006195,-0.0,0.0,-0.0,-0.0,0.0,-0.001097,-0.004242,-0.008508,-0.004416,0.0,-0.0,-0.006963,-0.000555,-0.00355,0.0,-0.000625,-0.001796,-0.0,-0.0,-0.004889,-0.006269,0.0,-0.0,-0.0,-0.002128,-0.0,-0.004225,-0.0,-0.002162,-0.008793,-0.0,-0.0,-0.004427,-0.0,-0.0,-0.0,-0.0,-0.004861,-0.006073,0.0,-0.003636,-0.003036,-0.007551,-0.007551,-0.0,-0.007315,-0.0,-0.005697,-0.001672,0.0,-0.001814,-0.008906,-0.005899,-0.005405,-0.005123,-0.007676,-0.002,-0.000843,-0.000927,-0.0,-0.000202,-0.002919,-0.003727,-0.005677
2017-06-01 15:38:00+02:00,-0.0,0.0,-0.0,-0.005052,-1e-06,-0.0,-0.000949,-0.001762,-0.004548,-0.0,-0.0,-0.0,-0.006077,-0.006199,-0.002737,-0.006534,-0.0,-0.0,-0.0,-0.007151,0.0,-0.007296,-0.00334,-0.0,-0.008293,-0.00761,-0.001457,0.0,-0.001078,-0.0,-0.0,-0.005022,0.0,-0.004942,-0.006274,-0.0,-0.000675,-0.002844,0.0,-0.008787,-0.00194,-0.0,-0.002665,0.0,-0.0,-0.001753,-0.001553,-0.003325,-0.002409,0.0,-0.0,-0.004441,-0.004478,-0.006199,-0.0,0.0,-0.0,-0.0,0.0,-0.001099,-0.00424,-0.008476,-0.004418,0.0,-0.0,-0.006953,-0.000555,-0.003544,0.0,-0.000627,-0.001803,-0.0,-0.0,-0.004893,-0.006274,0.0,-0.0,-0.0,-0.002124,-0.0,-0.00422,-0.0,-0.002172,-0.008761,-0.0,-0.0,-0.004426,-0.0,-0.0,-0.0,-0.0,-0.004857,-0.006077,0.0,-0.003641,-0.003039,-0.007542,-0.007541,-0.0,-0.007294,-0.0,-0.005693,-0.001676,0.0,-0.001808,-0.008908,-0.005902,-0.005395,-0.005121,-0.007664,-0.001995,-0.000849,-0.000937,-0.0,-0.000209,-0.00293,-0.00373,-0.005679
2017-06-01 15:39:00+02:00,-0.0,0.0,-0.0,-0.005062,-1e-06,-0.0,-0.000951,-0.001759,-0.00455,-0.0,-0.0,-0.0,-0.006068,-0.006197,-0.00276,-0.006536,-0.0,-0.0,-0.0,-0.007165,0.0,-0.00731,-0.003341,-0.0,-0.008307,-0.007609,-0.001454,0.0,-0.001088,-0.0,-0.0,-0.005033,0.0,-0.004958,-0.006274,-0.0,-0.000712,-0.002846,0.0,-0.008756,-0.00194,-0.0,-0.002696,0.0,-0.0,-0.001773,-0.001558,-0.00333,-0.002421,0.0,-0.0,-0.004454,-0.004483,-0.006197,-0.0,0.0,-0.0,-0.0,0.0,-0.001112,-0.004251,-0.008483,-0.004429,0.0,-1e-06,-0.006954,-0.00056,-0.003547,0.0,-0.000634,-0.001822,-0.0,-0.0,-0.004909,-0.006274,0.0,-0.0,-0.0,-0.002131,-0.0,-0.004222,-0.0,-0.002191,-0.008769,-0.0,-0.0,-0.004396,-0.0,-0.0,-0.0,-0.0,-0.004859,-0.006068,0.0,-0.003651,-0.003068,-0.007545,-0.007543,-0.0,-0.007308,-0.0,-0.005699,-0.001688,0.0,-0.001808,-0.008875,-0.005889,-0.005417,-0.005129,-0.007662,-0.001995,-0.00086,-0.000956,-0.0,-0.000225,-0.002959,-0.003742,-0.005661
2017-06-01 15:40:00+02:00,-0.0,0.0,-0.0,-0.005058,-1e-06,-0.0,-0.000946,-0.00175,-0.004549,-0.0,-0.0,-0.0,-0.006076,-0.006205,-0.002776,-0.006525,-0.0,-0.0,-0.0,-0.007164,0.0,-0.007309,-0.003328,-0.0,-0.008315,-0.007593,-0.001446,0.0,-0.001089,-0.0,-0.0,-0.00504,0.0,-0.004969,-0.006283,-0.0,-0.000734,-0.002835,0.0,-0.008765,-0.001933,-0.0,-0.00271,0.0,-0.0,-0.001776,-0.001554,-0.003326,-0.002429,0.0,-0.0,-0.004456,-0.00448,-0.006205,-0.0,0.0,-0.0,-0.0,0.0,-0.001109,-0.004251,-0.008487,-0.004426,0.0,-1e-06,-0.006941,-0.000557,-0.003543,0.0,-0.000632,-0.001831,-0.0,-0.0,-0.004915,-0.006283,0.0,-0.0,-0.0,-0.002123,-0.0,-0.004215,-0.0,-0.002194,-0.008775,-0.0,-0.0,-0.004399,-0.0,-0.0,-0.0,-0.0,-0.004852,-0.006076,0.0,-0.003652,-0.003086,-0.007533,-0.00753,-0.0,-0.007315,-0.0,-0.005691,-0.001692,0.0,-0.001801,-0.008884,-0.005896,-0.00543,-0.005123,-0.007647,-0.001988,-0.000862,-0.000966,-0.0,-0.000226,-0.002971,-0.00374,-0.005668
2017-06-01 15:41:00+02:00,-0.0,0.0,-0.0,-0.005068,-1e-06,-0.0,-0.000947,-0.001749,-0.004561,-0.0,-0.0,-0.0,-0.006077,-0.006206,-0.002804,-0.00653,-0.0,-0.0,-0.0,-0.007118,0.0,-0.007261,-0.00333,-0.0,-0.008348,-0.007595,-0.001444,0.0,-0.001097,-0.0,-0.0,-0.005062,0.0,-0.004997,-0.006285,-0.0,-0.00077,-0.002839,0.0,-0.008751,-0.001935,-0.0,-0.002691,0.0,-0.0,-0.001792,-0.001558,-0.003299,-0.002446,0.0,-0.0,-0.004428,-0.004487,-0.006206,-0.0,0.0,-0.0,-0.0,0.0,-0.001119,-0.004223,-0.008515,-0.004436,0.0,-0.0,-0.006944,-0.000561,-0.003514,0.0,-0.000638,-0.001817,-0.0,-0.0,-0.004888,-0.006285,0.0,-0.0,-0.0,-0.002129,-0.0,-0.004218,-0.0,-0.00221,-0.008806,-0.0,-0.0,-0.004375,-0.0,-0.0,-0.0,-0.0,-0.004856,-0.006077,0.0,-0.003664,-0.00312,-0.007539,-0.007534,-0.0,-0.007344,-0.0,-0.005698,-0.001678,0.0,-0.001801,-0.008869,-0.005894,-0.005463,-0.005132,-0.007648,-0.001989,-0.000871,-0.000959,-0.0,-0.000239,-0.002949,-0.003751,-0.005661
2017-06-01 15:42:00+02:00,-0.0,0.0,-0.0,-0.005035,-0.0,-0.0,-0.000934,-0.001727,-0.00455,-0.0,-0.0,-0.0,-0.006011,-0.006146,-0.002816,-0.006487,-0.0,-0.0,-0.0,-0.007063,0.0,-0.007205,-0.003293,-0.0,-0.008338,-0.007546,-0.001423,0.0,-0.001088,-0.0,-0.0,-0.005061,0.0,-0.005001,-0.006231,-0.0,-0.000791,-0.002806,0.0,-0.008625,-0.001913,-0.0,-0.002666,0.0,-0.0,-0.001778,-0.001543,-0.003268,-0.002448,0.0,-0.0,-0.004398,-0.004464,-0.006146,-0.0,0.0,-0.0,-0.0,0.0,-0.001104,-0.004192,-0.008506,-0.004407,0.0,-0.0,-0.0069,-0.000553,-0.003481,0.0,-0.00063,-0.001801,-0.0,-0.0,-0.004859,-0.006231,0.0,-0.0,-0.0,-0.002104,-0.0,-0.004193,-0.0,-0.002193,-0.008798,-0.0,-0.0,-0.004299,-0.0,-0.0,-0.0,-0.0,-0.00483,-0.006011,0.0,-0.003647,-0.003131,-0.007495,-0.007489,-0.0,-0.007337,-0.0,-0.005661,-0.001661,0.0,-0.00178,-0.00874,-0.005823,-0.005466,-0.005099,-0.0076,-0.001968,-0.000864,-0.00095,-0.0,-0.000232,-0.002923,-0.003725,-0.005589
2017-06-01 15:43:00+02:00,-0.0,0.0,-0.0,-0.004963,-0.0,-0.0,-0.000916,-0.001699,-0.004502,-0.0,-0.0,-0.0,-0.005912,-0.00605,-0.002798,-0.006399,-0.0,-0.0,-0.0,-0.006982,0.0,-0.007121,-0.003245,-0.0,-0.008257,-0.007445,-0.001399,0.0,-0.001067,-0.0,-0.0,-0.005018,0.0,-0.004965,-0.006137,-0.0,-0.000787,-0.002766,0.0,-0.008455,-0.001887,-0.0,-0.002635,0.0,-0.0,-0.001745,-0.001515,-0.003226,-0.002424,0.0,-0.0,-0.004353,-0.004412,-0.00605,-0.0,0.0,-0.0,-0.0,0.0,-0.001083,-0.004146,-0.008426,-0.004342,0.0,-0.0,-0.006806,-0.000541,-0.003436,0.0,-0.000617,-0.001782,-0.0,-0.0,-0.004814,-0.006137,0.0,-0.0,-0.0,-0.002071,-0.0,-0.004139,-0.0,-0.002154,-0.008716,-0.0,-0.0,-0.004196,-0.0,-0.0,-0.0,-0.0,-0.004771,-0.005912,0.0,-0.003605,-0.003104,-0.007399,-0.007392,-0.0,-0.007266,-0.0,-0.005582,-0.001639,0.0,-0.001754,-0.008566,-0.005723,-0.005418,-0.005029,-0.007499,-0.00194,-0.000846,-0.000938,-0.0,-0.000221,-0.002889,-0.003669,-0.005486
2017-06-01 15:44:00+02:00,-0.0,0.0,-0.0,-0.004814,-0.0,-0.0,-0.000869,-0.001639,-0.004384,-0.0,-0.0,-0.0,-0.005915,-0.006054,-0.002715,-0.006234,-0.0,-0.0,-0.0,-0.006829,0.0,-0.006965,-0.003134,-0.0,-0.00805,-0.007266,-0.001345,0.0,-0.001006,-0.0,-0.0,-0.004899,0.0,-0.004852,-0.00607,-0.0,-0.000706,-0.002666,0.0,-0.008368,-0.001821,-0.0,-0.002535,0.0,-0.0,-0.00164,-0.001452,-0.003145,-0.002349,0.0,-0.0,-0.00426,-0.004305,-0.006054,-0.0,0.0,-0.0,-0.0,0.0,-0.001003,-0.004055,-0.008243,-0.004201,0.0,-0.0,-0.006636,-0.0005,-0.003353,0.0,-0.000568,-0.001719,-0.0,-0.0,-0.004717,-0.006141,0.0,-0.0,-0.0,-0.001979,-0.0,-0.004035,-0.0,-0.002041,-0.008529,-0.0,-0.0,-0.004196,-0.0,-0.0,-0.0,-0.0,-0.004659,-0.005915,0.0,-0.003509,-0.00299,-0.007226,-0.007218,-0.0,-0.007088,-0.0,-0.005426,-0.001581,0.0,-0.001691,-0.008569,-0.005726,-0.005276,-0.004885,-0.00732,-0.001873,-0.000788,-0.000886,-0.0,-0.000177,-0.002787,-0.003539,-0.005488
2017-06-01 15:45:00+02:00,-0.0,0.0,-0.0,-0.004721,-0.0,-0.0,-0.000852,-0.001612,-0.004282,-0.0,-0.0,-0.0,-0.005869,-0.006011,-0.002662,-0.006125,-0.0,-0.0,-0.0,-0.006737,0.0,-0.006869,-0.003086,-0.0,-0.007875,-0.007144,-0.001321,0.0,-0.000973,-0.0,-0.0,-0.004802,0.0,-0.004766,-0.006022,-0.0,-0.000668,-0.002627,0.0,-0.0083,-0.001794,-0.0,-0.002491,0.0,-0.0,-0.001587,-0.001414,-0.003095,-0.002297,0.0,-0.0,-0.004206,-0.004237,-0.006011,-0.0,0.0,-0.0,-0.0,0.0,-0.000981,-0.004001,-0.0081,-0.004115,0.0,-0.0,-0.006522,-0.000487,-0.003302,0.0,-0.000556,-0.001691,-0.0,-0.0,-0.004663,-0.006102,0.0,-0.0,-0.0,-0.001947,-0.0,-0.003967,-0.0,-0.001981,-0.008383,-0.0,-0.0,-0.004133,-0.0,-0.0,-0.0,-0.0,-0.004586,-0.005869,0.0,-0.003451,-0.002919,-0.00711,-0.0071,-0.0,-0.006944,-0.0,-0.005326,-0.001553,0.0,-0.001665,-0.008479,-0.005675,-0.005174,-0.004794,-0.007199,-0.001846,-0.000759,-0.000868,-0.0,-0.000161,-0.002741,-0.003462,-0.005435
2017-06-01 15:46:00+02:00,-0.0,0.0,-0.0,-0.004651,-0.0,-0.0,-0.000836,-0.001586,-0.004138,-0.0,-0.0,-0.0,-0.00587,-0.006012,-0.00255,-0.006041,-0.0,-0.0,-0.0,-0.006515,0.0,-0.00664,-0.003042,-0.0,-0.007622,-0.00705,-0.001299,0.0,-0.000951,-0.0,-0.0,-0.004653,0.0,-0.004621,-0.0059,-0.0,-0.000569,-0.002589,0.0,-0.008134,-0.001769,-0.0,-0.002308,0.0,-0.0,-0.001551,-0.001385,-0.002976,-0.002198,0.0,-0.0,-0.004062,-0.004184,-0.006012,-0.0,0.0,-0.0,-0.0,0.0,-0.000961,-0.003862,-0.007873,-0.004051,0.0,-0.0,-0.006434,-0.000476,-0.00318,0.0,-0.000544,-0.001575,-0.0,-0.0,-0.004512,-0.006093,0.0,-0.0,-0.0,-0.001917,-0.0,-0.003914,-0.0,-0.001939,-0.008149,-0.0,-0.0,-0.004133,-0.0,-0.0,-0.0,-0.0,-0.004529,-0.00587,0.0,-0.003407,-0.002766,-0.007022,-0.007011,-0.0,-0.006726,-0.0,-0.00525,-0.001453,0.0,-0.00164,-0.008482,-0.005676,-0.004993,-0.004725,-0.007106,-0.00182,-0.00074,-0.000751,-0.0,-0.000148,-0.002558,-0.003405,-0.005435
2017-06-01 15:47:00+02:00,-0.0,0.0,-0.0,-0.004678,-0.0,-0.0,-0.000851,-0.001599,-0.004085,-0.0,-0.0,-0.0,-0.005901,-0.006044,-0.002519,-0.006062,-0.0,-0.0,-0.0,-0.006443,0.0,-0.006566,-0.003072,-0.0,-0.007537,-0.007069,-0.00131,0.0,-0.000969,-0.0,-0.0,-0.004604,0.0,-0.004578,-0.005885,-0.0,-0.000551,-0.002619,0.0,-0.008114,-0.001788,-0.0,-0.002244,0.0,-0.0,-0.001584,-0.001396,-0.002934,-0.002168,0.0,-0.0,-0.004017,-0.004202,-0.006044,-0.0,0.0,-0.0,-0.0,0.0,-0.000998,-0.003817,-0.007804,-0.004078,0.0,-0.0,-0.006454,-0.000494,-0.003138,0.0,-0.000567,-0.001535,-0.0,-0.0,-0.004467,-0.006128,0.0,-0.0,-0.0,-0.001949,-0.0,-0.003928,-0.0,-0.001972,-0.00808,-0.0,-0.0,-0.004155,-0.0,-0.0,-0.0,-0.0,-0.004544,-0.005901,0.0,-0.00343,-0.002722,-0.007044,-0.007032,-0.0,-0.006654,-0.0,-0.005273,-0.001417,0.0,-0.001657,-0.008529,-0.005707,-0.004938,-0.004749,-0.007125,-0.001838,-0.000759,-0.000702,-0.0,-0.000185,-0.002495,-0.003431,-0.005465
2017-06-01 15:48:00+02:00,-0.0,0.0,-0.0,-0.004785,-3.7e-05,-0.0,-0.000896,-0.00165,-0.004118,-0.0,-0.0,-0.0,-0.005931,-0.006075,-0.002569,-0.00617,-0.0,-0.0,-0.0,-0.006487,0.0,-0.006612,-0.003175,-0.0,-0.007611,-0.007182,-0.001356,0.0,-0.00102,-0.0,-0.0,-0.004654,0.0,-0.004635,-0.005967,-0.0,-0.000615,-0.002716,0.0,-0.008216,-0.001852,-0.0,-0.002271,0.0,-0.0,-0.001674,-0.00144,-0.002951,-0.002204,0.0,-0.0,-0.004048,-0.004282,-0.006075,-0.0,0.0,-0.0,-0.0,0.0,-0.001092,-0.003845,-0.007888,-0.00418,0.0,-0.0,-0.006564,-0.000539,-0.003156,0.0,-0.000624,-0.001553,-0.0,-0.0,-0.004504,-0.006161,0.0,-0.0,-0.0,-0.002044,-0.0,-0.003999,-0.0,-0.002065,-0.00817,-0.0,-0.0,-0.004174,-0.0,-0.0,-0.0,-0.0,-0.004623,-0.005931,0.0,-0.003509,-0.002782,-0.007159,-0.007145,-0.0,-0.006723,-0.0,-0.005379,-0.001429,0.0,-0.001717,-0.008571,-0.005735,-0.005008,-0.00485,-0.007237,-0.001903,-0.00081,-0.000704,-0.0,-0.000275,-0.002522,-0.003528,-0.005492
2017-06-01 15:49:00+02:00,-0.0,0.0,-0.0,-0.004838,-3e-05,-0.0,-0.000916,-0.001672,-0.00413,-0.0,-0.0,-0.0,-0.005959,-0.006104,-0.00259,-0.006226,-0.0,-0.0,-0.0,-0.006494,0.0,-0.00662,-0.003223,-0.0,-0.007643,-0.007243,-0.001375,0.0,-0.001041,-0.0,-0.0,-0.004677,0.0,-0.004665,-0.00603,-0.0,-0.000636,-0.00276,0.0,-0.008297,-0.001881,-0.0,-0.002258,0.0,-0.0,-0.001712,-0.001457,-0.002949,-0.002216,0.0,-0.0,-0.004055,-0.004327,-0.006104,-0.0,0.0,-0.0,-0.0,0.0,-0.001133,-0.00385,-0.00793,-0.004229,0.0,-0.0,-0.006621,-0.000558,-0.003155,0.0,-0.000649,-0.001545,-0.0,-0.0,-0.004517,-0.006193,0.0,-0.0,-0.0,-0.002087,-0.0,-0.004037,-0.0,-0.002105,-0.008217,-0.0,-0.0,-0.004188,-0.0,-0.0,-0.0,-0.0,-0.004667,-0.005959,0.0,-0.003552,-0.002802,-0.007223,-0.007206,-0.0,-0.006752,-0.0,-0.005432,-0.001421,0.0,-0.001744,-0.008606,-0.005761,-0.005036,-0.004899,-0.007298,-0.001933,-0.000831,-0.000686,-0.0,-0.000313,-0.002509,-0.003572,-0.005516
2017-06-01 15:50:00+02:00,-0.0,0.0,-0.0,-0.004941,-4.6e-05,-0.0,-0.00094,-0.001699,-0.004214,-0.0,-0.0,-0.0,-0.005982,-0.006129,-0.002662,-0.006326,-0.0,-0.0,-0.0,-0.006493,0.0,-0.00662,-0.00328,-0.0,-0.007803,-0.007347,-0.001398,0.0,-0.001091,-0.0,-0.0,-0.004773,0.0,-0.004761,-0.00609,-0.0,-0.000712,-0.002812,0.0,-0.008359,-0.001916,-0.0,-0.002241,0.0,-0.0,-0.001799,-0.001499,-0.002943,-0.002269,0.0,-0.0,-0.004058,-0.004404,-0.006129,-0.0,0.0,-0.0,-0.0,0.0,-0.001184,-0.003851,-0.008047,-0.004327,0.0,-0.0,-0.006723,-0.000582,-0.00315,0.0,-0.000682,-0.001535,-0.0,-0.0,-0.004525,-0.00622,0.0,-0.0,-0.0,-0.002139,-0.0,-0.004106,-0.0,-0.002198,-0.008342,-0.0,-0.0,-0.004195,-0.0,-0.0,-0.0,-0.0,-0.004743,-0.005982,0.0,-0.00363,-0.002887,-0.007328,-0.00731,-0.0,-0.006877,-0.0,-0.005532,-0.00141,0.0,-0.001777,-0.008629,-0.005782,-0.005137,-0.004994,-0.0074,-0.001969,-0.00088,-0.000667,-0.0,-0.000363,-0.002491,-0.003664,-0.005535
2017-06-01 15:51:00+02:00,-0.0,0.0,-0.0,-0.004998,-3.7e-05,-0.0,-0.000941,-0.001701,-0.004261,-0.0,-0.0,-0.0,-0.005996,-0.006145,-0.002697,-0.006377,-0.0,-0.0,-0.0,-0.006478,0.0,-0.006605,-0.003287,-0.0,-0.007893,-0.007398,-0.001398,0.0,-0.001119,-0.0,-0.0,-0.004826,0.0,-0.004814,-0.006134,-0.0,-0.000744,-0.002819,0.0,-0.008397,-0.001922,-0.0,-0.00222,0.0,-0.0,-0.001848,-0.00152,-0.002932,-0.002291,0.0,-0.0,-0.004054,-0.004449,-0.006145,-0.0,0.0,-0.0,-0.0,0.0,-0.001192,-0.003846,-0.008101,-0.004381,0.0,-0.0,-0.006775,-0.000585,-0.003139,0.0,-0.000687,-0.001524,-0.0,-0.0,-0.004525,-0.006239,0.0,-0.0,-0.0,-0.002146,-0.0,-0.004144,-0.0,-0.00225,-0.008402,-0.0,-0.0,-0.004186,-0.0,-0.0,-0.0,-0.0,-0.004785,-0.005996,0.0,-0.003677,-0.002921,-0.007381,-0.007362,-0.0,-0.00694,-0.0,-0.005584,-0.001398,0.0,-0.001782,-0.008636,-0.005794,-0.005183,-0.005044,-0.007451,-0.001975,-0.000907,-0.000648,-0.0,-0.000371,-0.002471,-0.003715,-0.005545
2017-06-01 15:52:00+02:00,-0.0,0.0,-0.0,-0.005022,-3e-05,-0.0,-0.000928,-0.001685,-0.004279,-0.0,-0.0,-0.0,-0.006008,-0.006159,-0.002701,-0.006394,-0.0,-0.0,-0.0,-0.006462,0.0,-0.006589,-0.00326,-0.0,-0.007928,-0.007413,-0.001383,0.0,-0.001134,-0.0,-0.0,-0.004845,0.0,-0.00483,-0.006168,-0.0,-0.000741,-0.002793,0.0,-0.008423,-0.001907,-0.0,-0.002205,0.0,-0.0,-0.001874,-0.001529,-0.00292,-0.002288,0.0,-0.0,-0.00405,-0.00447,-0.006159,-0.0,0.0,-0.0,-0.0,0.0,-0.001171,-0.00384,-0.008092,-0.004405,0.0,-0.0,-0.006791,-0.000574,-0.003128,0.0,-0.000675,-0.001516,-0.0,-0.0,-0.004525,-0.006254,0.0,-0.0,-0.0,-0.002122,-0.0,-0.004159,-0.0,-0.002279,-0.008396,-0.0,-0.0,-0.004167,-0.0,-0.0,-0.0,-0.0,-0.004804,-0.006008,0.0,-0.003701,-0.002914,-0.007399,-0.007377,-0.0,-0.006949,-0.0,-0.005603,-0.00139,0.0,-0.001767,-0.008637,-0.005804,-0.00518,-0.005063,-0.007465,-0.001961,-0.000922,-0.000635,-0.0,-0.000351,-0.002456,-0.003738,-0.005552
2017-06-01 15:53:00+02:00,-0.0,0.0,-0.0,-0.005031,-2.4e-05,-0.0,-0.000919,-0.001674,-0.004287,-0.0,-0.0,-0.0,-0.006015,-0.006168,-0.0027,-0.006394,-0.0,-0.0,-0.0,-0.006455,0.0,-0.006584,-0.003243,-0.0,-0.007947,-0.00741,-0.001372,0.0,-0.001143,-0.0,-0.0,-0.004854,0.0,-0.004839,-0.006189,-0.0,-0.000735,-0.002777,0.0,-0.008435,-0.001898,-0.0,-0.002205,0.0,-0.0,-0.00189,-0.001532,-0.002916,-0.002281,0.0,-0.0,-0.004054,-0.004479,-0.006168,-0.0,0.0,-0.0,-0.0,0.0,-0.001158,-0.003841,-0.008073,-0.004415,0.0,-0.0,-0.00679,-0.000566,-0.003122,0.0,-0.000667,-0.001518,-0.0,-0.0,-0.004533,-0.006266,0.0,-0.0,-0.0,-0.002107,-0.0,-0.004164,-0.0,-0.002296,-0.008381,-0.0,-0.0,-0.004144,-0.0,-0.0,-0.0,-0.0,-0.004811,-0.006015,0.0,-0.003714,-0.002903,-0.007399,-0.007375,-0.0,-0.006947,-0.0,-0.005606,-0.001389,0.0,-0.001758,-0.008613,-0.00581,-0.005169,-0.005066,-0.007461,-0.001952,-0.000931,-0.00063,-0.0,-0.000339,-0.002456,-0.003747,-0.005555
2017-06-01 15:54:00+02:00,-0.0,0.0,-0.0,-0.005019,-1.9e-05,-0.0,-0.000904,-0.001654,-0.00428,-0.0,-0.0,-0.0,-0.005998,-0.006161,-0.002692,-0.006371,-0.0,-0.0,-0.0,-0.006433,0.0,-0.006562,-0.003207,-0.0,-0.007938,-0.007382,-0.001353,0.0,-0.001144,-0.0,-0.0,-0.004849,0.0,-0.004834,-0.006193,-0.0,-0.000727,-0.002745,0.0,-0.008407,-0.001878,-0.0,-0.0022,0.0,-0.0,-0.001892,-0.001527,-0.002903,-0.002268,0.0,-0.0,-0.004048,-0.004473,-0.006161,-0.0,0.0,-0.0,-0.0,0.0,-0.001135,-0.003833,-0.008035,-0.004405,0.0,-0.0,-0.006765,-0.000554,-0.003108,0.0,-0.000653,-0.001516,-0.0,-0.0,-0.004529,-0.006267,0.0,-0.0,-0.0,-0.002078,-0.0,-0.004155,-0.0,-0.002298,-0.008345,-0.0,-0.0,-0.004084,-0.0,-0.0,-0.0,-0.0,-0.004801,-0.005998,0.0,-0.003714,-0.002885,-0.007374,-0.007349,-0.0,-0.006925,-0.0,-0.005588,-0.001384,0.0,-0.001738,-0.008519,-0.00578,-0.005145,-0.005051,-0.007432,-0.001932,-0.000933,-0.000624,-0.0,-0.000319,-0.00245,-0.00374,-0.005514
2017-06-01 15:55:00+02:00,-0.0,0.0,-0.0,-0.004966,-1.5e-05,-0.0,-0.000878,-0.00162,-0.004255,-0.0,-0.0,-0.0,-0.005986,-0.006152,-0.002671,-0.006302,-0.0,-0.0,-0.0,-0.006374,0.0,-0.006502,-0.003146,-0.0,-0.007896,-0.007303,-0.001322,0.0,-0.001128,-0.0,-0.0,-0.004825,0.0,-0.004809,-0.006172,-0.0,-0.000706,-0.002689,0.0,-0.008362,-0.001841,-0.0,-0.002166,0.0,-0.0,-0.001865,-0.001505,-0.002871,-0.002244,0.0,-0.0,-0.004016,-0.004435,-0.006152,-0.0,0.0,-0.0,-0.0,0.0,-0.001093,-0.003801,-0.007969,-0.004356,0.0,-0.0,-0.006692,-0.000532,-0.003075,0.0,-0.000628,-0.001497,-0.0,-0.0,-0.004499,-0.006264,0.0,-0.0,-0.0,-0.002028,-0.0,-0.004114,-0.0,-0.002268,-0.008279,-0.0,-0.0,-0.004057,-0.0,-0.0,-0.0,-0.0,-0.004757,-0.005986,0.0,-0.003684,-0.002848,-0.007299,-0.007273,-0.0,-0.006875,-0.0,-0.005528,-0.001364,0.0,-0.001703,-0.008488,-0.005766,-0.0051,-0.004997,-0.007353,-0.001896,-0.000918,-0.000605,-0.0,-0.000283,-0.002416,-0.003697,-0.005498
2017-06-01 15:56:00+02:00,-0.0,0.0,-0.0,-0.004927,-1.2e-05,-0.0,-0.000861,-0.001596,-0.004239,-0.0,-0.0,-0.0,-0.005974,-0.006143,-0.002662,-0.006248,-0.0,-0.0,-0.0,-0.006322,0.0,-0.006449,-0.003104,-0.0,-0.007872,-0.007239,-0.0013,0.0,-0.001118,-0.0,-0.0,-0.004812,0.0,-0.004798,-0.006164,-0.0,-0.000701,-0.002651,0.0,-0.008332,-0.001818,-0.0,-0.002142,0.0,-0.0,-0.001849,-0.001489,-0.002844,-0.00223,0.0,-0.0,-0.00399,-0.004406,-0.006143,-0.0,0.0,-0.0,-0.0,0.0,-0.001068,-0.003774,-0.007923,-0.004321,0.0,-0.0,-0.006633,-0.000519,-0.003046,0.0,-0.000613,-0.001482,-0.0,-0.0,-0.004473,-0.006256,0.0,-0.0,-0.0,-0.001995,-0.0,-0.004084,-0.0,-0.00225,-0.008235,-0.0,-0.0,-0.00403,-0.0,-0.0,-0.0,-0.0,-0.004723,-0.005974,0.0,-0.003664,-0.00283,-0.007239,-0.007212,-0.0,-0.006843,-0.0,-0.005481,-0.001348,0.0,-0.00168,-0.008449,-0.005753,-0.005072,-0.004955,-0.007289,-0.001872,-0.000909,-0.000591,-0.0,-0.000264,-0.002391,-0.003666,-0.005482
2017-06-01 15:57:00+02:00,-0.0,0.0,-0.0,-0.004896,-1e-05,-0.0,-0.000844,-0.001573,-0.00422,-0.0,-0.0,-0.0,-0.005966,-0.006136,-0.00265,-0.006207,-0.0,-0.0,-0.0,-0.00623,0.0,-0.006355,-0.003064,-0.0,-0.007843,-0.007191,-0.001279,0.0,-0.00111,-0.0,-0.0,-0.004794,0.0,-0.004782,-0.00615,-0.0,-0.000692,-0.002616,0.0,-0.008298,-0.001795,-0.0,-0.002079,0.0,-0.0,-0.001836,-0.001476,-0.002795,-0.002214,0.0,-0.0,-0.003934,-0.004384,-0.006136,-0.0,0.0,-0.0,-0.0,0.0,-0.001042,-0.003719,-0.007876,-0.004294,0.0,-0.0,-0.00659,-0.000505,-0.002995,0.0,-0.000598,-0.001442,-0.0,-0.0,-0.004416,-0.006251,0.0,-0.0,-0.0,-0.001963,-0.0,-0.00406,-0.0,-0.002236,-0.008189,-0.0,-0.0,-0.004016,-0.0,-0.0,-0.0,-0.0,-0.004698,-0.005966,0.0,-0.003648,-0.002809,-0.007195,-0.007167,-0.0,-0.006808,-0.0,-0.005446,-0.001312,0.0,-0.001657,-0.008442,-0.005742,-0.005043,-0.004924,-0.007242,-0.001848,-0.000902,-0.000556,-0.0,-0.000243,-0.002327,-0.003642,-0.00547
2017-06-01 15:58:00+02:00,-0.0,0.0,-0.0,-0.004892,-8e-06,-0.0,-0.000837,-0.001561,-0.004217,-0.0,-0.0,-0.0,-0.00595,-0.006122,-0.00266,-0.006193,-0.0,-0.0,-0.0,-0.006174,0.0,-0.006297,-0.003046,-0.0,-0.007845,-0.007172,-0.001268,0.0,-0.001114,-0.0,-0.0,-0.004798,0.0,-0.004789,-0.006163,-0.0,-0.00071,-0.002602,0.0,-0.0083,-0.001786,-0.0,-0.002047,0.0,-0.0,-0.001845,-0.001473,-0.002764,-0.002215,0.0,-0.0,-0.003901,-0.004381,-0.006122,-0.0,0.0,-0.0,-0.0,0.0,-0.001039,-0.003686,-0.007867,-0.004291,0.0,-0.0,-0.006574,-0.000502,-0.002962,0.0,-0.000596,-0.001422,-0.0,-0.0,-0.004383,-0.006239,0.0,-0.0,-0.0,-0.001953,-0.0,-0.004053,-0.0,-0.002244,-0.008182,-0.0,-0.0,-0.003992,-0.0,-0.0,-0.0,-0.0,-0.004691,-0.00595,0.0,-0.003651,-0.002818,-0.00718,-0.007151,-0.0,-0.006806,-0.0,-0.005436,-0.001292,0.0,-0.001648,-0.008416,-0.005725,-0.005045,-0.004917,-0.007223,-0.001838,-0.000907,-0.000541,-0.0,-0.000245,-0.002293,-0.003642,-0.005451
2017-06-01 15:59:00+02:00,-0.0,0.0,-0.0,-0.004844,-6e-06,-0.0,-0.000828,-0.001545,-0.004191,-0.0,-0.0,-0.0,-0.005914,-0.006089,-0.00266,-0.006136,-0.0,-0.0,-0.0,-0.006116,0.0,-0.006237,-0.00302,-0.0,-0.007808,-0.007108,-0.001254,0.0,-0.001098,-0.0,-0.0,-0.00478,0.0,-0.004778,-0.006159,-0.0,-0.00072,-0.00258,0.0,-0.008254,-0.001771,-0.0,-0.002016,0.0,-0.0,-0.00182,-0.001453,-0.002731,-0.002207,0.0,-0.0,-0.003866,-0.004346,-0.006089,-0.0,0.0,-0.0,-0.0,0.0,-0.001032,-0.003651,-0.007838,-0.004247,0.0,-0.0,-0.006514,-0.000497,-0.002928,0.0,-0.000592,-0.001401,-0.0,-0.0,-0.004349,-0.006208,0.0,-0.0,-0.0,-0.001937,-0.0,-0.004017,-0.0,-0.002215,-0.008153,-0.0,-0.0,-0.003949,-0.0,-0.0,-0.0,-0.0,-0.004653,-0.005914,0.0,-0.003623,-0.002814,-0.007121,-0.00709,-0.0,-0.006777,-0.0,-0.005384,-0.001272,0.0,-0.001633,-0.008359,-0.005687,-0.005031,-0.004871,-0.007159,-0.001823,-0.000894,-0.000528,-0.0,-0.000245,-0.00226,-0.003603,-0.005412
2017-06-01 16:00:00+02:00,-0.0,0.0,-0.0,-0.004775,-5e-06,-0.0,-0.000814,-0.001522,-0.004151,-0.0,-0.0,-0.0,-0.005868,-0.006045,-0.00265,-0.006057,-0.0,-0.0,-0.0,-0.006044,0.0,-0.006162,-0.00298,-0.0,-0.007744,-0.007022,-0.001233,0.0,-0.001074,-0.0,-0.0,-0.004746,0.0,-0.004751,-0.006135,-0.0,-0.000724,-0.002546,0.0,-0.008169,-0.001747,-0.0,-0.00198,0.0,-0.0,-0.001781,-0.001424,-0.002691,-0.002191,0.0,-0.0,-0.003823,-0.004297,-0.006045,-0.0,0.0,-0.0,-0.0,0.0,-0.001018,-0.003608,-0.007782,-0.004183,0.0,-0.0,-0.006432,-0.000489,-0.002886,0.0,-0.000584,-0.001378,-0.0,-0.0,-0.004305,-0.006167,0.0,-0.0,-0.0,-0.001911,-0.0,-0.003967,-0.0,-0.00217,-0.008096,-0.0,-0.0,-0.003892,-0.0,-0.0,-0.0,-0.0,-0.0046,-0.005868,0.0,-0.003581,-0.002799,-0.007038,-0.007007,-0.0,-0.006724,-0.0,-0.00531,-0.001249,0.0,-0.00161,-0.008271,-0.005639,-0.004999,-0.004805,-0.007073,-0.0018,-0.000872,-0.000514,-0.0,-0.00024,-0.002223,-0.003546,-0.005361
2017-06-01 16:01:00+02:00,-0.0,0.0,-0.0,-0.004667,-4e-06,-0.0,-0.000811,-0.001513,-0.004094,-0.0,-0.0,-0.0,-0.005858,-0.006037,-0.002621,-0.005941,-0.0,-0.0,-0.0,-0.005967,0.0,-0.006082,-0.002968,-0.0,-0.007649,-0.006898,-0.001225,0.0,-0.001032,-0.0,-0.0,-0.004692,0.0,-0.004701,-0.006081,-0.0,-0.000709,-0.002538,0.0,-0.008095,-0.001741,-0.0,-0.001941,0.0,-0.0,-0.001709,-0.001379,-0.002649,-0.002161,0.0,-0.0,-0.003775,-0.00422,-0.006037,-0.0,0.0,-0.0,-0.0,0.0,-0.001022,-0.003561,-0.007692,-0.004081,0.0,-0.0,-0.006313,-0.000489,-0.002842,0.0,-0.000586,-0.001352,-0.0,-0.0,-0.004257,-0.006161,0.0,-0.0,-0.0,-0.001908,-0.0,-0.003892,-0.0,-0.002092,-0.008003,-0.0,-0.0,-0.003876,-0.0,-0.0,-0.0,-0.0,-0.004521,-0.005858,0.0,-0.00351,-0.00276,-0.00692,-0.006888,-0.0,-0.006644,-0.0,-0.005199,-0.001223,0.0,-0.001603,-0.008259,-0.005627,-0.00494,-0.004702,-0.00695,-0.001793,-0.000832,-0.000497,-0.0,-0.000251,-0.002181,-0.003454,-0.005348
2017-06-01 16:02:00+02:00,-0.0,0.0,-0.0,-0.004617,-3e-06,-0.0,-0.000817,-0.001516,-0.00406,-0.0,-0.0,-0.0,-0.005864,-0.006043,-0.002612,-0.005884,-0.0,-0.0,-0.0,-0.00593,0.0,-0.006043,-0.00298,-0.0,-0.007595,-0.006835,-0.001228,0.0,-0.001014,-0.0,-0.0,-0.004662,0.0,-0.004677,-0.006053,-0.0,-0.000714,-0.002553,0.0,-0.008055,-0.00175,-0.0,-0.001933,0.0,-0.0,-0.001681,-0.001358,-0.002627,-0.002146,0.0,-0.0,-0.003754,-0.004184,-0.006043,-0.0,0.0,-0.0,-0.0,0.0,-0.001042,-0.003539,-0.007639,-0.004034,0.0,-0.0,-0.006254,-0.000498,-0.002819,0.0,-0.000599,-0.001346,-0.0,-0.0,-0.004237,-0.006167,0.0,-0.0,-0.0,-0.001925,-0.0,-0.003856,-0.0,-0.00206,-0.007949,-0.0,-0.0,-0.003877,-0.0,-0.0,-0.0,-0.0,-0.004482,-0.005864,0.0,-0.00348,-0.002747,-0.006861,-0.006829,-0.0,-0.006599,-0.0,-0.005146,-0.001215,0.0,-0.001611,-0.008265,-0.005632,-0.004912,-0.004654,-0.006888,-0.001802,-0.000817,-0.000496,-0.0,-0.000277,-0.00217,-0.003412,-0.005353
2017-06-01 16:03:00+02:00,-0.0,0.0,-0.0,-0.004581,-1.8e-05,-0.0,-0.000829,-0.001526,-0.004036,-0.0,-0.0,-0.0,-0.005816,-0.005999,-0.002617,-0.005841,-0.0,-0.0,-0.0,-0.005938,0.0,-0.006051,-0.003007,-0.0,-0.007562,-0.006787,-0.001237,0.0,-0.001007,-0.0,-0.0,-0.004646,0.0,-0.004667,-0.00604,-0.0,-0.000738,-0.002582,0.0,-0.008032,-0.001767,-0.0,-0.001968,0.0,-0.0,-0.001671,-0.001344,-0.002628,-0.002143,0.0,-0.0,-0.003764,-0.004159,-0.005999,-0.0,0.0,-0.0,-0.0,0.0,-0.001077,-0.003547,-0.007607,-0.004003,0.0,-0.0,-0.006209,-0.000512,-0.002818,0.0,-0.00062,-0.001368,-0.0,-0.0,-0.00425,-0.006127,0.0,-0.0,-0.0,-0.001956,-0.0,-0.003828,-0.0,-0.002047,-0.007915,-0.0,-0.0,-0.003815,-0.0,-0.0,-0.0,-0.0,-0.004453,-0.005816,0.0,-0.00346,-0.002754,-0.006818,-0.006786,-0.0,-0.006574,-0.0,-0.005107,-0.001228,0.0,-0.001627,-0.008186,-0.00558,-0.004903,-0.004621,-0.006841,-0.001819,-0.000811,-0.000519,-0.0,-0.000318,-0.002203,-0.003387,-0.005298
2017-06-01 16:04:00+02:00,-0.0,0.0,-0.0,-0.004522,-1.4e-05,-0.0,-0.000827,-0.00152,-0.003996,-0.0,-0.0,-0.0,-0.005817,-0.006001,-0.002602,-0.005773,-0.0,-0.0,-0.0,-0.005917,0.0,-0.006028,-0.003,-0.0,-0.007497,-0.006711,-0.001231,0.0,-0.000988,-0.0,-0.0,-0.004609,0.0,-0.004635,-0.006003,-0.0,-0.000736,-0.00258,0.0,-0.007976,-0.001765,-0.0,-0.001976,0.0,-0.0,-0.001642,-0.00132,-0.002615,-0.002123,0.0,-0.0,-0.003753,-0.004115,-0.006001,-0.0,0.0,-0.0,-0.0,0.0,-0.001084,-0.003535,-0.007543,-0.003949,0.0,-0.0,-0.006138,-0.000514,-0.002803,0.0,-0.000624,-0.001373,-0.0,-0.0,-0.004241,-0.00613,0.0,-0.0,-0.0,-0.001957,-0.0,-0.003784,-0.0,-0.002013,-0.007849,-0.0,-0.0,-0.003804,-0.0,-0.0,-0.0,-0.0,-0.004406,-0.005817,0.0,-0.003423,-0.002733,-0.006747,-0.006714,-0.0,-0.006519,-0.0,-0.005043,-0.001229,0.0,-0.001624,-0.008186,-0.005581,-0.004866,-0.004564,-0.006767,-0.001816,-0.000795,-0.000526,-0.0,-0.000331,-0.00221,-0.00334,-0.005299
2017-06-01 16:05:00+02:00,-0.0,0.0,-0.0,-0.004506,-2.8e-05,-0.0,-0.000834,-0.001523,-0.003967,-0.0,-0.0,-0.0,-0.005786,-0.005974,-0.002601,-0.005749,-0.0,-0.0,-0.0,-0.005908,0.0,-0.006017,-0.003013,-0.0,-0.007454,-0.00668,-0.001235,0.0,-0.000989,-0.0,-0.0,-0.004586,0.0,-0.004618,-0.005981,-0.0,-0.000752,-0.002597,0.0,-0.007938,-0.001776,-0.0,-0.001997,0.0,-0.0,-0.001646,-0.001314,-0.002607,-0.002114,0.0,-0.0,-0.003751,-0.004102,-0.005974,-0.0,0.0,-0.0,-0.0,0.0,-0.001108,-0.003531,-0.0075,-0.003936,0.0,-0.0,-0.006111,-0.000523,-0.002794,0.0,-0.000639,-0.001386,-0.0,-0.0,-0.004242,-0.006107,0.0,-0.0,-0.0,-0.001977,-0.0,-0.003768,-0.0,-0.002015,-0.007805,-0.0,-0.0,-0.00376,-0.0,-0.0,-0.0,-0.0,-0.004389,-0.005786,0.0,-0.003417,-0.002732,-0.00672,-0.006686,-0.0,-0.006485,-0.0,-0.005023,-0.001235,0.0,-0.001633,-0.008123,-0.005546,-0.004848,-0.004549,-0.006736,-0.001825,-0.000797,-0.000541,-0.0,-0.000361,-0.002229,-0.003332,-0.00526
2017-06-01 16:06:00+02:00,-0.0,0.0,-0.0,-0.004497,-3.6e-05,-0.0,-0.000837,-0.001522,-0.003942,-0.0,-0.0,-0.0,-0.005789,-0.005978,-0.002599,-0.005731,-0.0,-0.0,-0.0,-0.005868,0.0,-0.005975,-0.003018,-0.0,-0.007418,-0.006657,-0.001234,0.0,-0.000991,-0.0,-0.0,-0.004566,0.0,-0.004603,-0.005961,-0.0,-0.000765,-0.002606,0.0,-0.007906,-0.00178,-0.0,-0.001982,0.0,-0.0,-0.001653,-0.00131,-0.002583,-0.002106,0.0,-0.0,-0.003726,-0.004093,-0.005978,-0.0,0.0,-0.0,-0.0,0.0,-0.001124,-0.003506,-0.007463,-0.00393,0.0,-0.0,-0.006092,-0.000529,-0.002768,0.0,-0.000649,-0.001375,-0.0,-0.0,-0.004217,-0.006111,0.0,-0.0,-0.0,-0.001988,-0.0,-0.003756,-0.0,-0.00202,-0.007766,-0.0,-0.0,-0.003761,-0.0,-0.0,-0.0,-0.0,-0.004375,-0.005789,0.0,-0.003415,-0.002729,-0.006701,-0.006666,-0.0,-0.006457,-0.0,-0.00501,-0.001224,0.0,-0.001636,-0.00813,-0.005549,-0.004833,-0.004541,-0.006713,-0.001828,-0.000801,-0.000538,-0.0,-0.000382,-0.002213,-0.003329,-0.005263
2017-06-01 16:07:00+02:00,-0.0,0.0,-0.0,-0.004511,-6.2e-05,-0.0,-0.000847,-0.001529,-0.003941,-0.0,-0.0,-0.0,-0.005792,-0.005981,-0.002623,-0.005737,-0.0,-0.0,-0.0,-0.005863,0.0,-0.005969,-0.003039,-0.0,-0.007428,-0.006658,-0.001241,0.0,-0.001003,-0.0,-0.0,-0.004575,0.0,-0.004619,-0.005981,-0.0,-0.000802,-0.002629,0.0,-0.007923,-0.001794,-0.0,-0.001997,0.0,-0.0,-0.001677,-0.001314,-0.002577,-0.002117,0.0,-0.0,-0.003726,-0.0041,-0.005981,-0.0,0.0,-0.0,-0.0,0.0,-0.001154,-0.003504,-0.007475,-0.003946,0.0,-0.0,-0.006096,-0.000542,-0.002761,0.0,-0.000667,-0.001384,-0.0,-0.0,-0.004219,-0.006115,0.0,-0.0,-0.0,-0.002014,-0.0,-0.003759,-0.0,-0.002043,-0.007779,-0.0,-0.0,-0.003749,-0.0,-0.0,-0.0,-0.0,-0.004379,-0.005792,0.0,-0.00343,-0.002758,-0.006706,-0.00667,-0.0,-0.00647,-0.0,-0.00502,-0.001227,0.0,-0.001648,-0.008132,-0.005551,-0.004856,-0.004554,-0.006715,-0.001842,-0.000813,-0.000549,-0.0,-0.000416,-0.002225,-0.003346,-0.005264
2017-06-01 16:08:00+02:00,-0.0,0.0,-0.0,-0.004501,-5.8e-05,-0.0,-0.000841,-0.001517,-0.003934,-0.0,-0.0,-0.0,-0.005797,-0.005988,-0.002635,-0.005721,-0.0,-0.0,-0.0,-0.005842,0.0,-0.005946,-0.003021,-0.0,-0.007425,-0.006638,-0.001229,0.0,-0.001001,-0.0,-0.0,-0.004577,0.0,-0.004626,-0.00599,-0.0,-0.00082,-0.002614,0.0,-0.007922,-0.001784,-0.0,-0.001993,0.0,-0.0,-0.001676,-0.001308,-0.002562,-0.002119,0.0,-0.0,-0.003715,-0.004094,-0.005988,-0.0,0.0,-0.0,-0.0,0.0,-0.001153,-0.003492,-0.00747,-0.003938,0.0,-0.0,-0.006078,-0.000539,-0.002745,0.0,-0.000666,-0.001381,-0.0,-0.0,-0.00421,-0.006122,0.0,-0.0,-0.0,-0.002004,-0.0,-0.00375,-0.0,-0.002041,-0.007776,-0.0,-0.0,-0.003738,-0.0,-0.0,-0.0,-0.0,-0.00437,-0.005797,0.0,-0.003429,-0.002769,-0.00669,-0.006653,-0.0,-0.006467,-0.0,-0.005007,-0.001222,0.0,-0.001638,-0.008134,-0.005555,-0.004861,-0.004544,-0.006695,-0.001832,-0.000813,-0.00055,-0.0,-0.00042,-0.00222,-0.00334,-0.005267
2017-06-01 16:09:00+02:00,-0.0,0.0,-0.0,-0.004495,-6.1e-05,-0.0,-0.000839,-0.001512,-0.003923,-0.0,-0.0,-0.0,-0.0058,-0.005992,-0.002641,-0.005708,-0.0,-0.0,-0.0,-0.005829,0.0,-0.005932,-0.003016,-0.0,-0.007415,-0.006621,-0.001224,0.0,-0.001002,-0.0,-0.0,-0.004574,0.0,-0.004628,-0.005993,-0.0,-0.000832,-0.002612,0.0,-0.007912,-0.001782,-0.0,-0.001995,0.0,-0.0,-0.001679,-0.001303,-0.002552,-0.002117,0.0,-0.0,-0.003711,-0.004092,-0.005992,-0.0,0.0,-0.0,-0.0,0.0,-0.001158,-0.003486,-0.007457,-0.003933,0.0,-0.0,-0.006064,-0.00054,-0.002734,0.0,-0.000669,-0.001383,-0.0,-0.0,-0.00421,-0.006128,0.0,-0.0,-0.0,-0.002005,-0.0,-0.003744,-0.0,-0.002043,-0.007764,-0.0,-0.0,-0.003711,-0.0,-0.0,-0.0,-0.0,-0.004364,-0.0058,0.0,-0.003431,-0.002772,-0.006677,-0.006639,-0.0,-0.006457,-0.0,-0.004997,-0.00122,0.0,-0.001635,-0.008109,-0.005557,-0.004859,-0.004537,-0.006678,-0.00183,-0.000814,-0.000554,-0.0,-0.000429,-0.002221,-0.003336,-0.005265
2017-06-01 16:10:00+02:00,-0.0,0.0,-0.0,-0.004477,-5.4e-05,-0.0,-0.000832,-0.001502,-0.003904,-0.0,-0.0,-0.0,-0.005804,-0.005997,-0.002638,-0.005684,-0.0,-0.0,-0.0,-0.005803,0.0,-0.005905,-0.003002,-0.0,-0.007389,-0.006593,-0.001215,0.0,-0.000996,-0.0,-0.0,-0.004561,0.0,-0.004619,-0.005986,-0.0,-0.00083,-0.002601,0.0,-0.007886,-0.001776,-0.0,-0.001984,0.0,-0.0,-0.00167,-0.001293,-0.002535,-0.002107,0.0,-0.0,-0.003698,-0.004081,-0.005997,-0.0,0.0,-0.0,-0.0,0.0,-0.001152,-0.003472,-0.007429,-0.003916,0.0,-0.0,-0.006039,-0.000536,-0.002717,0.0,-0.000666,-0.001376,-0.0,-0.0,-0.004199,-0.006134,0.0,-0.0,-0.0,-0.001996,-0.0,-0.003731,-0.0,-0.002033,-0.007737,-0.0,-0.0,-0.003695,-0.0,-0.0,-0.0,-0.0,-0.004351,-0.005804,0.0,-0.003425,-0.002762,-0.006653,-0.006614,-0.0,-0.006433,-0.0,-0.004976,-0.001211,0.0,-0.001628,-0.008101,-0.005558,-0.004842,-0.004519,-0.006651,-0.001822,-0.000809,-0.000549,-0.0,-0.000427,-0.002208,-0.003322,-0.005264
2017-06-01 16:11:00+02:00,-0.0,0.0,-0.0,-0.004455,-4.3e-05,-0.0,-0.00082,-0.001485,-0.003887,-0.0,-0.0,-0.0,-0.005808,-0.006003,-0.002634,-0.005658,-0.0,-0.0,-0.0,-0.005782,0.0,-0.005883,-0.002973,-0.0,-0.007367,-0.006564,-0.001198,0.0,-0.000987,-0.0,-0.0,-0.00455,0.0,-0.004612,-0.00598,-0.0,-0.000827,-0.002575,0.0,-0.007864,-0.001758,-0.0,-0.001975,0.0,-0.0,-0.001657,-0.001281,-0.002521,-0.002098,0.0,-0.0,-0.003688,-0.004068,-0.006003,-0.0,0.0,-0.0,-0.0,0.0,-0.001137,-0.003461,-0.007405,-0.003895,0.0,-0.0,-0.006011,-0.000527,-0.002702,0.0,-0.000657,-0.00137,-0.0,-0.0,-0.004191,-0.006142,0.0,-0.0,-0.0,-0.001974,-0.0,-0.003715,-0.0,-0.002018,-0.007713,-0.0,-0.0,-0.003688,-0.0,-0.0,-0.0,-0.0,-0.004335,-0.005808,0.0,-0.003415,-0.002752,-0.006627,-0.006587,-0.0,-0.006411,-0.0,-0.004951,-0.001204,0.0,-0.001611,-0.008102,-0.00556,-0.004828,-0.004497,-0.006622,-0.001805,-0.000801,-0.000545,-0.0,-0.000416,-0.002199,-0.003303,-0.005265
2017-06-01 16:12:00+02:00,-0.0,0.0,-0.0,-0.00445,-3.8e-05,-0.0,-0.000813,-0.001472,-0.003874,-0.0,-0.0,-0.0,-0.00581,-0.006006,-0.002635,-0.00565,-0.0,-0.0,-0.0,-0.005769,0.0,-0.005869,-0.002954,-0.0,-0.007353,-0.006554,-0.001187,0.0,-0.000986,-0.0,-0.0,-0.004544,0.0,-0.00461,-0.005979,-0.0,-0.000831,-0.002559,0.0,-0.007848,-0.001747,-0.0,-0.001974,0.0,-0.0,-0.001657,-0.001276,-0.00251,-0.002092,0.0,-0.0,-0.003683,-0.004067,-0.006006,-0.0,0.0,-0.0,-0.0,0.0,-0.001132,-0.003454,-0.007387,-0.003891,0.0,-0.0,-0.006003,-0.000523,-0.00269,0.0,-0.000653,-0.001369,-0.0,-0.0,-0.004188,-0.006147,0.0,-0.0,-0.0,-0.001963,-0.0,-0.003711,-0.0,-0.002017,-0.007697,-0.0,-0.0,-0.003668,-0.0,-0.0,-0.0,-0.0,-0.004333,-0.00581,0.0,-0.003417,-0.002749,-0.006622,-0.006581,-0.0,-0.006398,-0.0,-0.004944,-0.0012,0.0,-0.0016,-0.008094,-0.005561,-0.004821,-0.004493,-0.006614,-0.001794,-0.0008,-0.000547,-0.0,-0.000414,-0.002197,-0.003299,-0.005256
2017-06-01 16:13:00+02:00,-0.0,0.0,-0.0,-0.004419,-3.1e-05,-0.0,-0.000801,-0.001456,-0.003851,-0.0,-0.0,-0.0,-0.005789,-0.005994,-0.002627,-0.005615,-0.0,-0.0,-0.0,-0.005743,0.0,-0.005841,-0.002927,-0.0,-0.00732,-0.006517,-0.001171,0.0,-0.000974,-0.0,-0.0,-0.004525,0.0,-0.004595,-0.005963,-0.0,-0.000826,-0.002534,0.0,-0.007814,-0.00173,-0.0,-0.001962,0.0,-0.0,-0.001638,-0.001261,-0.002493,-0.002079,0.0,-0.0,-0.003668,-0.004047,-0.005994,-0.0,0.0,-0.0,-0.0,0.0,-0.001117,-0.003439,-0.007351,-0.003863,0.0,-0.0,-0.005967,-0.000515,-0.002671,0.0,-0.000644,-0.001362,-0.0,-0.0,-0.004175,-0.006144,0.0,-0.0,-0.0,-0.001943,-0.0,-0.003689,-0.0,-0.001997,-0.00766,-0.0,-0.0,-0.00363,-0.0,-0.0,-0.0,-0.0,-0.00431,-0.005789,0.0,-0.0034,-0.002734,-0.006588,-0.006547,-0.0,-0.006369,-0.0,-0.00491,-0.001191,0.0,-0.001583,-0.008045,-0.005529,-0.004799,-0.004464,-0.006577,-0.001778,-0.00079,-0.000541,-0.0,-0.000404,-0.002184,-0.003274,-0.005223
2017-06-01 16:14:00+02:00,-0.0,0.0,-0.0,-0.004376,-2.5e-05,-0.0,-0.000787,-0.001436,-0.003832,-0.0,-0.0,-0.0,-0.005759,-0.005967,-0.002615,-0.005565,-0.0,-0.0,-0.0,-0.005699,0.0,-0.005794,-0.002894,-0.0,-0.007293,-0.006462,-0.001153,0.0,-0.00096,-0.0,-0.0,-0.004509,0.0,-0.00458,-0.005942,-0.0,-0.000817,-0.002506,0.0,-0.007772,-0.001711,-0.0,-0.001937,0.0,-0.0,-0.001616,-0.001243,-0.002466,-0.002063,0.0,-0.0,-0.003642,-0.004016,-0.005967,-0.0,0.0,-0.0,-0.0,0.0,-0.001096,-0.003412,-0.007308,-0.003824,0.0,-0.0,-0.005915,-0.000503,-0.002644,0.0,-0.000631,-0.001346,-0.0,-0.0,-0.004149,-0.00612,0.0,-0.0,-0.0,-0.001917,-0.0,-0.003657,-0.0,-0.001972,-0.007616,-0.0,-0.0,-0.003589,-0.0,-0.0,-0.0,-0.0,-0.004277,-0.005759,0.0,-0.003375,-0.002715,-0.006538,-0.006496,-0.0,-0.00634,-0.0,-0.004864,-0.001175,0.0,-0.001564,-0.007989,-0.005498,-0.004774,-0.004423,-0.006523,-0.001758,-0.000777,-0.000529,-0.0,-0.000387,-0.002159,-0.00324,-0.00519
2017-06-01 16:15:00+02:00,-0.0,0.0,-0.0,-0.004345,-2.1e-05,-0.0,-0.00078,-0.001426,-0.00381,-0.0,-0.0,-0.0,-0.005732,-0.005942,-0.002604,-0.005525,-0.0,-0.0,-0.0,-0.00565,0.0,-0.005743,-0.002879,-0.0,-0.007258,-0.006416,-0.001144,0.0,-0.000953,-0.0,-0.0,-0.004489,0.0,-0.004562,-0.005918,-0.0,-0.000812,-0.002495,0.0,-0.007725,-0.001703,-0.0,-0.001912,0.0,-0.0,-0.001605,-0.00123,-0.002438,-0.002047,0.0,-0.0,-0.003612,-0.003993,-0.005942,-0.0,0.0,-0.0,-0.0,0.0,-0.001091,-0.003382,-0.007262,-0.003797,0.0,-0.0,-0.005872,-0.000499,-0.002614,0.0,-0.000628,-0.00133,-0.0,-0.0,-0.00412,-0.006096,0.0,-0.0,-0.0,-0.001908,-0.0,-0.003631,-0.0,-0.001959,-0.007568,-0.0,-0.0,-0.003553,-0.0,-0.0,-0.0,-0.0,-0.00425,-0.005732,0.0,-0.003358,-0.002697,-0.006495,-0.006452,-0.0,-0.006306,-0.0,-0.004828,-0.001158,0.0,-0.001556,-0.007938,-0.005469,-0.004746,-0.004392,-0.006478,-0.00175,-0.000771,-0.000519,-0.0,-0.000387,-0.002133,-0.003218,-0.005159
2017-06-01 16:16:00+02:00,-0.0,0.0,-0.0,-0.004184,-5.2e-05,-0.0,-0.000788,-0.001431,-0.003797,-0.0,-0.0,-0.0,-0.005732,-0.005942,-0.002606,-0.005319,-0.0,-0.0,-0.0,-0.005699,0.0,-0.005792,-0.002897,-0.0,-0.007245,-0.006179,-0.001149,0.0,-0.000902,-0.0,-0.0,-0.00448,0.0,-0.004556,-0.005906,-0.0,-0.000824,-0.002517,0.0,-0.007702,-0.001716,-0.0,-0.001989,0.0,-0.0,-0.00152,-0.001175,-0.002459,-0.002042,0.0,-0.0,-0.003648,-0.003846,-0.005942,-0.0,0.0,-0.0,-0.0,0.0,-0.001118,-0.003414,-0.007238,-0.003653,0.0,-1.9e-05,-0.005656,-0.000509,-0.002633,0.0,-0.000644,-0.001377,-0.0,-0.0,-0.004161,-0.006097,0.0,-0.0,-0.0,-0.001932,-0.0,-0.003495,-0.0,-0.001863,-0.007544,-0.0,-0.0,-0.003553,-0.0,-0.0,-0.0,-0.0,-0.004094,-0.005732,0.0,-0.003239,-0.002699,-0.006257,-0.006216,-0.0,-0.006294,-0.0,-0.00465,-0.001192,0.0,-0.001567,-0.007944,-0.005469,-0.004741,-0.004233,-0.006239,-0.001761,-0.000725,-0.000565,-0.0,-0.000419,-0.002206,-0.003092,-0.005158
2017-06-01 16:17:00+02:00,-0.0,0.0,-0.0,-0.004077,-8.3e-05,-0.0,-0.000796,-0.001435,-0.003798,-0.0,-0.0,-0.0,-0.005733,-0.005944,-0.002623,-0.00518,-0.0,-0.0,-0.0,-0.005707,0.0,-0.005798,-0.002914,-0.0,-0.007259,-0.006017,-0.001153,0.0,-0.00087,-0.0,-0.0,-0.004488,0.0,-0.004568,-0.005914,-0.0,-0.000852,-0.002537,0.0,-0.007708,-0.001726,-0.0,-0.002035,0.0,-3e-06,-0.001467,-0.001139,-0.00246,-0.002049,0.0,-0.0,-0.003652,-0.003745,-0.005944,-0.0,0.0,-0.0,-0.0,0.0,-0.001145,-0.003418,-0.007243,-0.003558,0.0,-2.6e-05,-0.005508,-0.000519,-0.002631,0.0,-0.00066,-0.001405,-0.0,-0.0,-0.004169,-0.006099,0.0,-0.0,-0.0,-0.001954,-0.0,-0.003401,-0.0,-0.001803,-0.007548,-0.0,-0.0,-0.003548,-0.0,-0.0,-0.0,-0.0,-0.003986,-0.005733,0.0,-0.00316,-0.00272,-0.006094,-0.006054,-0.0,-0.006308,-0.0,-0.004531,-0.001209,0.0,-0.001576,-0.007951,-0.005469,-0.004758,-0.004128,-0.006075,-0.001771,-0.000696,-0.000594,-0.0,-0.000449,-0.00225,-0.00301,-0.005158
2017-06-01 16:18:00+02:00,-0.0,0.0,-9e-06,-0.004011,-0.000114,-0.0,-0.000802,-0.001439,-0.003809,-0.0,-0.0,-0.0,-0.005736,-0.005948,-0.002652,-0.005088,-0.0,-0.0,-0.0,-0.00577,0.0,-0.00586,-0.002929,-0.0,-0.007292,-0.005909,-0.001155,0.0,-0.000853,-0.0,-0.0,-0.004508,0.0,-0.004594,-0.00594,-0.0,-0.000892,-0.002553,0.0,-0.007734,-0.001735,-0.0,-0.002108,0.0,-1.2e-05,-0.00144,-0.001116,-0.002485,-0.002064,0.0,-0.0,-0.003696,-0.00368,-0.005948,-0.0,0.0,-0.0,-0.0,0.0,-0.001171,-0.003457,-0.007268,-0.003501,0.0,-6e-05,-0.005411,-0.000529,-0.002656,0.0,-0.000675,-0.00145,-0.0,-0.0,-0.004219,-0.006104,0.0,-0.0,-0.0,-0.001975,-0.0,-0.003339,-0.0,-0.001772,-0.007573,-0.0,-0.0,-0.003537,-0.0,-0.0,-0.0,-0.0,-0.003915,-0.005736,0.0,-0.003112,-0.002756,-0.005987,-0.005947,-0.0,-0.006339,-0.0,-0.004455,-0.001241,0.0,-0.001583,-0.007958,-0.005471,-0.004792,-0.004062,-0.005965,-0.00178,-0.000681,-0.000637,-0.0,-0.000479,-0.002321,-0.002962,-0.00516
2017-06-01 16:19:00+02:00,-0.0,0.0,-1.5e-05,-0.003974,-0.000152,-0.0,-0.000814,-0.00145,-0.003812,-0.0,-0.0,-0.0,-0.005736,-0.005949,-0.002673,-0.00503,-0.0,-0.0,-0.0,-0.00581,0.0,-0.0059,-0.002959,-0.0,-0.007309,-0.005837,-0.001165,0.0,-0.000847,-0.0,-0.0,-0.00452,0.0,-0.004611,-0.005957,-0.0,-0.000921,-0.002586,0.0,-0.007746,-0.001755,-0.0,-0.002161,0.0,-3.2e-05,-0.001433,-0.001104,-0.0025,-0.002072,0.0,-0.0,-0.003725,-0.00364,-0.005949,-0.0,0.0,-0.0,-0.0,0.0,-0.001205,-0.003483,-0.00728,-0.00347,0.0,-8.5e-05,-0.005348,-0.000542,-0.00267,0.0,-0.000695,-0.001483,-0.0,-0.0,-0.004254,-0.006107,0.0,-0.0,-0.0,-0.002008,-0.0,-0.0033,-0.0,-0.001762,-0.007585,-0.0,-0.0,-0.003506,-0.0,-0.0,-0.0,-6e-06,-0.00387,-0.005736,0.0,-0.003088,-0.00278,-0.005917,-0.005877,-0.0,-0.006355,-0.0,-0.00441,-0.001264,0.0,-0.001601,-0.007952,-0.005465,-0.004813,-0.004025,-0.005893,-0.0018,-0.000677,-0.000668,-0.0,-0.000515,-0.002372,-0.002938,-0.005146
2017-06-01 16:20:00+02:00,-0.0,0.0,-1.2e-05,-0.003929,-0.000174,-0.0,-0.000817,-0.001451,-0.003799,-0.0,-0.0,-0.0,-0.005695,-0.005918,-0.00268,-0.004966,-0.0,-0.0,-0.0,-0.005815,0.0,-0.005903,-0.002969,-0.0,-0.007295,-0.00576,-0.001166,0.0,-0.000838,-0.0,-0.0,-0.004515,0.0,-0.004611,-0.005955,-0.0,-0.000935,-0.002599,0.0,-0.007728,-0.001762,-0.0,-0.002187,0.0,-4.1e-05,-0.001419,-0.001088,-0.002497,-0.002069,0.0,-0.0,-0.003732,-0.003598,-0.005918,-0.0,0.0,-0.0,-0.0,0.0,-0.001222,-0.003488,-0.007262,-0.003432,0.0,-9.5e-05,-0.00528,-0.000547,-0.002666,0.0,-0.000705,-0.001499,-0.0,-0.0,-0.004265,-0.006083,0.0,-0.0,-0.0,-0.002022,-0.0,-0.003258,-0.0,-0.001744,-0.007566,-0.0,-0.0,-0.003451,-0.0,-0.0,-0.0,-7e-06,-0.003822,-0.005695,0.0,-0.003059,-0.002784,-0.005841,-0.005802,-0.0,-0.006344,-0.0,-0.004357,-0.001272,0.0,-0.001607,-0.007869,-0.005422,-0.00481,-0.00398,-0.005816,-0.001807,-0.000669,-0.000686,-0.0,-0.000536,-0.002396,-0.002907,-0.005101
2017-06-01 16:21:00+02:00,-0.0,0.0,-1e-05,-0.00386,-0.00018,-0.0,-0.000812,-0.001442,-0.00377,-0.0,-0.0,-0.0,-0.005676,-0.005899,-0.00267,-0.00488,-0.0,-0.0,-0.0,-0.00579,0.0,-0.005876,-0.002957,-0.0,-0.007251,-0.005662,-0.001157,0.0,-0.000818,-0.0,-0.0,-0.004491,0.0,-0.00459,-0.005931,-0.0,-0.000933,-0.002591,0.0,-0.007682,-0.001755,-0.0,-0.002189,0.0,-3.6e-05,-0.001386,-0.001063,-0.00248,-0.002054,0.0,-0.0,-0.00372,-0.00354,-0.005899,-0.0,0.0,-0.0,-0.0,0.0,-0.001221,-0.003474,-0.007216,-0.00337,0.0,-9.1e-05,-0.00519,-0.000545,-0.002648,0.0,-0.000704,-0.0015,-0.0,-0.0,-0.004253,-0.006068,0.0,-0.0,-0.0,-0.002017,-0.0,-0.003202,-0.0,-0.001706,-0.007518,-0.0,-0.0,-0.003419,-0.0,-0.0,-0.0,-6e-06,-0.00376,-0.005676,0.0,-0.003012,-0.002769,-0.005744,-0.005705,-0.0,-0.006307,-0.0,-0.004282,-0.001268,0.0,-0.0016,-0.007832,-0.0054,-0.004784,-0.003913,-0.005717,-0.0018,-0.000652,-0.000691,-0.0,-0.00054,-0.002396,-0.002854,-0.005077
2017-06-01 16:22:00+02:00,-0.0,0.0,-8e-06,-0.003811,-0.000179,-0.0,-0.000803,-0.001428,-0.003741,-0.0,-0.0,-0.0,-0.005665,-0.00589,-0.00266,-0.004817,-0.0,-0.0,-0.0,-0.005766,0.0,-0.005851,-0.002936,-0.0,-0.007207,-0.005587,-0.001144,0.0,-0.000804,-0.0,-0.0,-0.004465,0.0,-0.004569,-0.005905,-0.0,-0.000932,-0.002575,0.0,-0.007637,-0.001744,-0.0,-0.002191,0.0,-2.8e-05,-0.001366,-0.001044,-0.002464,-0.002039,0.0,-0.0,-0.003707,-0.003497,-0.00589,-0.0,0.0,-0.0,-0.0,0.0,-0.00121,-0.00346,-0.007172,-0.003326,0.0,-9.2e-05,-0.005122,-0.000538,-0.002631,0.0,-0.000698,-0.001501,-0.0,-0.0,-0.004242,-0.006059,0.0,-0.0,-0.0,-0.002004,-0.0,-0.00316,-0.0,-0.001682,-0.007472,-0.0,-0.0,-0.0034,-0.0,-0.0,-0.0,-5e-06,-0.003712,-0.005665,0.0,-0.00298,-0.002755,-0.005672,-0.005632,-0.0,-0.00627,-0.0,-0.004227,-0.001265,0.0,-0.001588,-0.007818,-0.005388,-0.004758,-0.003865,-0.005643,-0.001788,-0.00064,-0.000696,-0.0,-0.000537,-0.002397,-0.002817,-0.005062
2017-06-01 16:23:00+02:00,-0.0,0.0,-6e-06,-0.003767,-0.000177,-0.0,-0.000795,-0.001414,-0.003712,-0.0,-0.0,-0.0,-0.005647,-0.005874,-0.00265,-0.004762,-0.0,-0.0,-0.0,-0.005734,0.0,-0.005816,-0.002916,-0.0,-0.007163,-0.005523,-0.001132,0.0,-0.000792,-0.0,-0.0,-0.00444,0.0,-0.004548,-0.00588,-0.0,-0.000929,-0.00256,0.0,-0.007593,-0.001732,-0.0,-0.002185,0.0,-2.3e-05,-0.001346,-0.001027,-0.002443,-0.002023,0.0,-0.0,-0.003688,-0.00346,-0.005874,-0.0,0.0,-0.0,-0.0,0.0,-0.001203,-0.00344,-0.007127,-0.003286,0.0,-8.8e-05,-0.005064,-0.000532,-0.002609,0.0,-0.000693,-0.001496,-0.0,-0.0,-0.004223,-0.006045,0.0,-0.0,-0.0,-0.001991,-0.0,-0.003123,-0.0,-0.001659,-0.007425,-0.0,-0.0,-0.00337,-0.0,-0.0,-0.0,-4e-06,-0.003671,-0.005647,0.0,-0.002952,-0.002739,-0.00561,-0.005571,-0.0,-0.006233,-0.0,-0.004179,-0.001257,0.0,-0.001576,-0.007788,-0.005367,-0.004732,-0.003824,-0.005579,-0.001775,-0.00063,-0.000696,-0.0,-0.000534,-0.00239,-0.002783,-0.005041
2017-06-01 16:24:00+02:00,-0.0,0.0,-5e-06,-0.003723,-0.000172,-0.0,-0.000785,-0.001399,-0.003678,-0.0,-0.0,-0.0,-0.005636,-0.005866,-0.002634,-0.004707,-0.0,-0.0,-0.0,-0.005696,0.0,-0.005776,-0.002893,-0.0,-0.007109,-0.005461,-0.001119,0.0,-0.000779,-0.0,-0.0,-0.004409,0.0,-0.00452,-0.005847,-0.0,-0.00092,-0.002542,0.0,-0.007537,-0.001719,-0.0,-0.002173,0.0,-1.8e-05,-0.001326,-0.00101,-0.00242,-0.002004,0.0,-0.0,-0.003666,-0.003424,-0.005866,-0.0,0.0,-0.0,-0.0,0.0,-0.001192,-0.003417,-0.007072,-0.003247,0.0,-8.1e-05,-0.005006,-0.000525,-0.002584,0.0,-0.000686,-0.001488,-0.0,-0.0,-0.004201,-0.00604,0.0,-0.0,-0.0,-0.001976,-0.0,-0.003087,-0.0,-0.001635,-0.007367,-0.0,-0.0,-0.003342,-0.0,-0.0,-0.0,-3e-06,-0.003631,-0.005636,0.0,-0.002924,-0.002717,-0.005549,-0.00551,-0.0,-0.006187,-0.0,-0.004132,-0.001246,0.0,-0.001563,-0.007761,-0.005354,-0.004698,-0.003782,-0.005516,-0.001762,-0.000618,-0.000692,-0.0,-0.000527,-0.002377,-0.00275,-0.005024
2017-06-01 16:25:00+02:00,-0.0,0.0,-4e-06,-0.003682,-0.000161,-0.0,-0.000772,-0.001381,-0.003634,-0.0,-0.0,-0.0,-0.005623,-0.005856,-0.002614,-0.004656,-0.0,-0.0,-0.0,-0.005656,0.0,-0.005733,-0.002862,-0.0,-0.007037,-0.005402,-0.001102,0.0,-0.000767,-0.0,-0.0,-0.004369,0.0,-0.004485,-0.00581,-0.0,-0.000907,-0.002516,0.0,-0.007475,-0.001701,-0.0,-0.002159,0.0,-1.5e-05,-0.001308,-0.000993,-0.002395,-0.001981,0.0,-0.0,-0.003642,-0.003392,-0.005856,-0.0,0.0,-0.0,-0.0,0.0,-0.001176,-0.003393,-0.00701,-0.00321,0.0,-7.7e-05,-0.004952,-0.000516,-0.002558,0.0,-0.000676,-0.001479,-0.0,-0.0,-0.004178,-0.006032,0.0,-0.0,-0.0,-0.001954,-0.0,-0.003054,-0.0,-0.001614,-0.007303,-0.0,-0.0,-0.003309,-0.0,-0.0,-0.0,-2e-06,-0.003595,-0.005623,0.0,-0.002899,-0.00269,-0.005492,-0.005453,-0.0,-0.006129,-0.0,-0.004087,-0.001234,0.0,-0.001546,-0.007724,-0.005338,-0.004657,-0.003743,-0.005457,-0.001743,-0.000608,-0.000689,-0.0,-0.000515,-0.002361,-0.002718,-0.005006
2017-06-01 16:26:00+02:00,-0.0,0.0,-6e-06,-0.003668,-0.000173,-0.0,-0.000768,-0.001373,-0.003602,-0.0,-0.0,-0.0,-0.005606,-0.005841,-0.002609,-0.004632,-0.0,-0.0,-0.0,-0.005638,0.0,-0.005713,-0.002854,-0.0,-0.006987,-0.00537,-0.001095,0.0,-0.000768,-0.0,-0.0,-0.004344,0.0,-0.004466,-0.00579,-0.0,-0.000913,-0.002512,0.0,-0.007432,-0.001697,-0.0,-0.002162,0.0,-2e-05,-0.001313,-0.000987,-0.00238,-0.00197,0.0,-0.0,-0.003633,-0.003379,-0.005841,-0.0,0.0,-0.0,-0.0,0.0,-0.00118,-0.003383,-0.006968,-0.0032,0.0,-9.1e-05,-0.004925,-0.000515,-0.002542,0.0,-0.000678,-0.00148,-0.0,-0.0,-0.004173,-0.006019,0.0,-0.0,-0.0,-0.001953,-0.0,-0.003038,-0.0,-0.001616,-0.007259,-0.0,-0.0,-0.003275,-0.0,-0.0,-0.0,-2e-06,-0.003578,-0.005606,0.0,-0.002895,-0.002681,-0.005462,-0.005423,-0.0,-0.00609,-0.0,-0.004069,-0.001231,0.0,-0.001541,-0.007684,-0.005319,-0.004635,-0.003729,-0.005426,-0.001739,-0.000611,-0.000694,-0.0,-0.000524,-0.002362,-0.002712,-0.004984
2017-06-01 16:27:00+02:00,-0.0,0.0,-1.5e-05,-0.003661,-0.000193,-0.0,-0.000768,-0.001369,-0.003592,-0.0,-0.0,-0.0,-0.005595,-0.005831,-0.002622,-0.004614,-0.0,-0.0,-0.0,-0.005627,0.0,-0.0057,-0.002854,-0.0,-0.00698,-0.005344,-0.001091,0.0,-0.000772,-0.0,-0.0,-0.004343,0.0,-0.004471,-0.005791,-0.0,-0.000937,-0.002516,0.0,-0.007419,-0.001699,-0.0,-0.00217,0.0,-3.5e-05,-0.001324,-0.000984,-0.002369,-0.00197,0.0,-0.0,-0.003628,-0.00337,-0.005831,-0.0,0.0,-0.0,-0.0,0.0,-0.001191,-0.003376,-0.006956,-0.003196,0.0,-0.000111,-0.004904,-0.000517,-0.00253,0.0,-0.000684,-0.001484,-0.0,-0.0,-0.004171,-0.006012,0.0,-0.0,-0.0,-0.00196,-0.0,-0.003026,-0.0,-0.001625,-0.007247,-0.0,-0.0,-0.003256,-0.0,-0.0,-0.0,-6e-06,-0.003564,-0.005595,0.0,-0.002895,-0.002694,-0.005438,-0.005398,-0.0,-0.006086,-0.0,-0.004057,-0.001229,0.0,-0.001542,-0.00767,-0.005307,-0.004639,-0.003722,-0.0054,-0.00174,-0.000616,-0.000702,-0.0,-0.00054,-0.002368,-0.002712,-0.00497
2017-06-01 16:28:00+02:00,-0.0,0.0,-1.2e-05,-0.003626,-0.000189,-0.0,-0.000756,-0.00135,-0.003577,-0.0,-0.0,-0.0,-0.005567,-0.005805,-0.002627,-0.004572,-0.0,-0.0,-0.0,-0.005589,0.0,-0.00566,-0.002823,-0.0,-0.006965,-0.005295,-0.001075,0.0,-0.000762,-0.0,-0.0,-0.004335,0.0,-0.004467,-0.005783,-0.0,-0.000951,-0.00249,0.0,-0.0074,-0.00168,-0.0,-0.00215,0.0,-2.8e-05,-0.00131,-0.00097,-0.002344,-0.001966,0.0,-0.0,-0.003603,-0.003341,-0.005805,-0.0,0.0,-0.0,-0.0,0.0,-0.001178,-0.003351,-0.006938,-0.003166,0.0,-0.000107,-0.004859,-0.00051,-0.002504,0.0,-0.000676,-0.00147,-0.0,-0.0,-0.004146,-0.005987,0.0,-0.0,-0.0,-0.00194,-0.0,-0.002997,-0.0,-0.001608,-0.007226,-0.0,-0.0,-0.003228,-0.0,-0.0,-0.0,-5e-06,-0.003532,-0.005567,0.0,-0.002873,-0.002699,-0.005391,-0.005352,-0.0,-0.006075,-0.0,-0.00402,-0.001215,0.0,-0.001523,-0.007644,-0.005277,-0.004636,-0.003689,-0.005351,-0.001721,-0.000608,-0.000695,-0.0,-0.000534,-0.002348,-0.002687,-0.00494
2017-06-01 16:29:00+02:00,-0.0,0.0,-1e-05,-0.003607,-0.000182,-0.0,-0.000742,-0.001326,-0.003557,-0.0,-0.0,-0.0,-0.005497,-0.005737,-0.002629,-0.004545,-0.0,-0.0,-0.0,-0.005542,0.0,-0.00561,-0.002782,-0.0,-0.006939,-0.005261,-0.001054,0.0,-0.00076,-0.0,-0.0,-0.00432,0.0,-0.004457,-0.005766,-0.0,-0.000966,-0.002456,0.0,-0.007369,-0.001655,-0.0,-0.002129,0.0,-2.2e-05,-0.00131,-0.000962,-0.002314,-0.001959,0.0,-0.0,-0.003571,-0.003322,-0.005737,-0.0,0.0,-0.0,-0.0,0.0,-0.001161,-0.003318,-0.006908,-0.003151,0.0,-0.000107,-0.004829,-0.000499,-0.002472,0.0,-0.000665,-0.001455,-0.0,-0.0,-0.004114,-0.005921,0.0,-0.0,-0.0,-0.001913,-0.0,-0.002977,-0.0,-0.001606,-0.007193,-0.0,-0.0,-0.003167,-0.0,-0.0,-0.0,-4e-06,-0.003509,-0.005497,0.0,-0.002862,-0.002701,-0.005358,-0.005319,-0.0,-0.006057,-0.0,-0.003997,-0.001199,0.0,-0.001499,-0.007553,-0.005207,-0.004627,-0.003673,-0.005317,-0.001695,-0.000608,-0.000688,-0.0,-0.000524,-0.002325,-0.002677,-0.004871
2017-06-01 16:30:00+02:00,-0.0,0.0,-8e-06,-0.003567,-0.000146,-0.0,-0.000703,-0.001264,-0.003517,-0.0,-0.0,-0.0,-0.005472,-0.005714,-0.002609,-0.004495,-0.0,-0.0,-0.0,-0.005453,0.0,-0.005517,-0.002661,-0.0,-0.006874,-0.005202,-0.001006,0.0,-0.00075,-0.0,-0.0,-0.00428,0.0,-0.00442,-0.00572,-0.0,-0.000959,-0.002356,0.0,-0.007302,-0.001587,-0.0,-0.002073,0.0,-1.8e-05,-0.001296,-0.000947,-0.002265,-0.001936,0.0,-0.0,-0.00351,-0.003287,-0.005714,-0.0,0.0,-0.0,-0.0,0.0,-0.001092,-0.003259,-0.006843,-0.003116,0.0,-8.5e-05,-0.004776,-0.000468,-0.002421,0.0,-0.000622,-0.001418,-0.0,-0.0,-0.00405,-0.0059,0.0,-0.0,-0.0,-0.001826,-0.0,-0.002941,-0.0,-0.001588,-0.007123,-0.0,-0.0,-0.003135,-0.0,-0.0,-0.0,-3e-06,-0.003469,-0.005472,0.0,-0.002836,-0.002677,-0.0053,-0.005262,-0.0,-0.006004,-0.0,-0.003953,-0.001166,0.0,-0.001436,-0.007518,-0.00518,-0.004588,-0.003635,-0.005259,-0.001622,-0.000599,-0.000663,-0.0,-0.000466,-0.002268,-0.002648,-0.004842
2017-06-01 16:31:00+02:00,-0.0,0.0,-6.6e-05,-0.003572,-0.000125,-0.0,-0.00068,-0.001222,-0.003497,-0.0,-0.0,-0.0,-0.00547,-0.005714,-0.002618,-0.004489,-0.0,-0.0,-0.0,-0.005463,0.0,-0.005525,-0.002582,-0.0,-0.00685,-0.005189,-0.000975,0.0,-0.000763,-0.0,-0.0,-0.004268,0.0,-0.004414,-0.005707,-0.0,-0.000986,-0.002295,0.0,-0.007273,-0.001546,-0.0,-0.002123,0.0,-1.4e-05,-0.001324,-0.00095,-0.002264,-0.001933,0.0,-0.0,-0.003519,-0.003286,-0.005714,-0.0,0.0,-0.0,-0.0,0.0,-0.00106,-0.003266,-0.006816,-0.003126,0.0,-0.000157,-0.004767,-0.000452,-0.002418,0.0,-0.000603,-0.001446,-0.0,-0.0,-0.004064,-0.005901,0.0,-0.0,-0.0,-0.001776,-0.0,-0.002936,-0.0,-0.001614,-0.007092,-0.0,-0.0,-0.003104,-0.0,-0.0,-0.0,-3e-06,-0.003462,-0.00547,0.0,-0.002845,-0.002688,-0.005289,-0.00525,-0.0,-0.005987,-0.0,-0.003954,-0.001183,0.0,-0.001397,-0.007489,-0.005174,-0.004584,-0.00364,-0.005246,-0.001575,-0.000614,-0.00071,-0.0,-0.000444,-0.002313,-0.002663,-0.004831
2017-06-01 16:32:00+02:00,-0.0,0.0,-0.000112,-0.003565,-0.000126,-0.0,-0.000668,-0.001198,-0.003476,-0.0,-0.0,-0.0,-0.005427,-0.005673,-0.002626,-0.004472,-0.0,-0.0,-0.0,-0.005455,0.0,-0.005515,-0.002543,-0.0,-0.006822,-0.005164,-0.000957,0.0,-0.00077,-0.0,-0.0,-0.004254,0.0,-0.004407,-0.005691,-0.0,-0.001011,-0.002267,0.0,-0.00724,-0.001526,-0.0,-0.002155,0.0,-1.1e-05,-0.001341,-0.000947,-0.002255,-0.001929,0.0,-0.0,-0.003517,-0.003276,-0.005673,-0.0,0.0,-0.0,-0.0,0.0,-0.001051,-0.003262,-0.006785,-0.003123,0.0,-0.000211,-0.004747,-0.000445,-0.002407,0.0,-0.000597,-0.001464,-0.0,-0.0,-0.004064,-0.005864,0.0,-0.0,-0.0,-0.001756,-0.0,-0.002923,-0.0,-0.001628,-0.007059,-0.0,-0.0,-0.003056,-0.0,-0.0,-0.0,-2e-06,-0.003448,-0.005427,0.0,-0.002844,-0.002697,-0.005266,-0.005227,-0.0,-0.005968,-0.0,-0.003942,-0.00119,0.0,-0.001378,-0.007421,-0.00513,-0.004577,-0.003633,-0.005221,-0.001552,-0.000623,-0.000744,-0.0,-0.000443,-0.002341,-0.002665,-0.004785
2017-06-01 16:33:00+02:00,-0.0,0.0,-0.000136,-0.003534,-0.000114,-0.0,-0.000651,-0.001169,-0.003439,-0.0,-0.0,-0.0,-0.005375,-0.005621,-0.002614,-0.004432,-0.0,-0.0,-0.0,-0.005422,0.0,-0.005479,-0.002491,-0.0,-0.006764,-0.005117,-0.000934,0.0,-0.000765,-0.0,-0.0,-0.00422,0.0,-0.004376,-0.00565,-0.0,-0.001017,-0.002226,0.0,-0.007181,-0.001496,-0.0,-0.002161,0.0,-9e-06,-0.001339,-0.000936,-0.002233,-0.001912,0.0,-0.0,-0.003494,-0.003248,-0.005621,-0.0,0.0,-0.0,-0.0,0.0,-0.001029,-0.003239,-0.006728,-0.003098,0.0,-0.000242,-0.004705,-0.000433,-0.002383,0.0,-0.000583,-0.001465,-0.0,-0.0,-0.004041,-0.005813,0.0,-0.0,-0.0,-0.001723,-0.0,-0.002894,-0.0,-0.001621,-0.006996,-0.0,-0.0,-0.003022,-0.0,-0.0,-0.0,-2e-06,-0.003415,-0.005375,0.0,-0.002825,-0.002685,-0.005219,-0.005181,-0.0,-0.005924,-0.0,-0.003908,-0.001186,0.0,-0.00135,-0.007375,-0.005078,-0.004547,-0.003605,-0.005174,-0.00152,-0.000621,-0.00076,-0.0,-0.00043,-0.002344,-0.002647,-0.004736
2017-06-01 16:34:00+02:00,-0.0,0.0,-0.000153,-0.003496,-0.000101,-0.0,-0.000634,-0.001141,-0.003395,-0.0,-0.0,-0.0,-0.005346,-0.005593,-0.002593,-0.004385,-0.0,-0.0,-0.0,-0.005382,0.0,-0.005435,-0.00244,-0.0,-0.006692,-0.005062,-0.000911,0.0,-0.000757,-0.0,-0.0,-0.004176,0.0,-0.004336,-0.005598,-0.0,-0.001014,-0.002185,0.0,-0.00711,-0.001466,-0.0,-0.00216,0.0,-7e-06,-0.001329,-0.000922,-0.002208,-0.001889,0.0,-0.0,-0.003466,-0.003213,-0.005593,-0.0,0.0,-0.0,-0.0,0.0,-0.001006,-0.00321,-0.006658,-0.003065,0.0,-0.000265,-0.004655,-0.000421,-0.002355,0.0,-0.000568,-0.001462,-0.0,-0.0,-0.004012,-0.005787,0.0,-0.0,-0.0,-0.001689,-0.0,-0.00286,-0.0,-0.001607,-0.00692,-0.0,-0.0,-0.002989,-0.0,-0.0,-0.0,-1e-06,-0.003376,-0.005346,0.0,-0.002798,-0.002662,-0.005165,-0.005128,-0.0,-0.005868,-0.0,-0.003867,-0.001179,0.0,-0.001321,-0.00734,-0.005048,-0.004506,-0.00357,-0.00512,-0.001488,-0.000615,-0.000771,-0.0,-0.000415,-0.002341,-0.002621,-0.004704
2017-06-01 16:35:00+02:00,-0.0,0.0,-0.000154,-0.003435,-0.000105,-0.0,-0.000624,-0.001123,-0.003326,-0.0,-0.0,-0.0,-0.005175,-0.005422,-0.00255,-0.004314,-0.0,-0.0,-0.0,-0.005287,0.0,-0.005336,-0.002413,-0.0,-0.006573,-0.004979,-0.000895,0.0,-0.000742,-0.0,-0.0,-0.004103,0.0,-0.004265,-0.00551,-0.0,-0.000994,-0.002162,0.0,-0.006994,-0.001447,-0.0,-0.002129,0.0,-6e-06,-0.001307,-0.000902,-0.002159,-0.001849,0.0,-0.0,-0.003402,-0.00316,-0.005422,-0.0,0.0,-0.0,-0.0,0.0,-0.000998,-0.003149,-0.006545,-0.003013,0.0,-0.000268,-0.004579,-0.000415,-0.002302,0.0,-0.000562,-0.001439,-0.0,-0.0,-0.003943,-0.005616,0.0,-0.0,-0.0,-0.001672,-0.0,-0.002808,-0.0,-0.00158,-0.006797,-0.0,-0.0,-0.002862,-0.0,-0.0,-0.0,-1e-06,-0.003318,-0.005175,0.0,-0.002755,-0.002615,-0.005082,-0.005046,-0.0,-0.005772,-0.0,-0.003802,-0.001156,0.0,-0.001303,-0.007114,-0.004878,-0.004432,-0.003513,-0.005037,-0.00147,-0.000603,-0.000764,-0.0,-0.000416,-0.002307,-0.002579,-0.004539
2017-06-01 16:36:00+02:00,-0.0,0.0,-0.000132,-0.003332,-8.4e-05,-0.0,-0.000596,-0.001084,-0.003239,-0.0,-0.0,-0.0,-0.005195,-0.005441,-0.002479,-0.004198,-0.0,-0.0,-0.0,-0.005173,0.0,-0.005218,-0.002337,-0.0,-0.006416,-0.004851,-0.000861,0.0,-0.000707,-0.0,-0.0,-0.004006,0.0,-0.004168,-0.005397,-0.0,-0.000938,-0.002092,0.0,-0.006839,-0.001399,-0.0,-0.00208,0.0,-5e-06,-0.001246,-0.000865,-0.002103,-0.001791,0.0,-0.0,-0.003329,-0.003078,-0.005443,-0.0,0.0,-0.0,-0.0,0.0,-0.000947,-0.003078,-0.006393,-0.002919,0.0,-0.000246,-0.004458,-0.000392,-0.002243,0.0,-0.000531,-0.001406,-0.0,-0.0,-0.003862,-0.005587,0.0,-0.0,-0.0,-0.00161,-0.0,-0.002731,-0.0,-0.001513,-0.006638,-0.0,-0.0,-0.002868,-0.0,-0.0,-0.0,-1e-06,-0.003232,-0.005195,0.0,-0.002681,-0.002529,-0.004954,-0.004919,-0.0,-0.005636,-0.0,-0.003695,-0.001126,0.0,-0.001259,-0.007133,-0.004897,-0.004319,-0.003414,-0.00491,-0.001422,-0.00057,-0.000746,-0.0,-0.000374,-0.002257,-0.002495,-0.004556
2017-06-01 16:37:00+02:00,-0.0,0.0,-0.000192,-0.003357,-0.000129,-0.0,-0.000608,-0.001099,-0.003239,-0.0,-0.0,-0.0,-0.00523,-0.005479,-0.002509,-0.004215,-0.0,-0.0,-0.0,-0.005207,0.0,-0.00525,-0.002379,-0.0,-0.006429,-0.004864,-0.000871,0.0,-0.000724,-0.0,-0.0,-0.004018,0.0,-0.004188,-0.005415,-0.0,-0.000983,-0.00213,0.0,-0.006849,-0.001423,-0.0,-0.002138,0.0,-3.5e-05,-0.001283,-0.000873,-0.002113,-0.001803,0.0,-0.0,-0.003355,-0.003093,-0.00548,-0.0,0.0,-1.5e-05,-0.0,0.0,-0.000989,-0.003101,-0.006405,-0.002945,0.0,-0.000312,-0.004474,-0.000406,-0.002251,0.0,-0.000555,-0.001443,-0.0,-0.0,-0.003894,-0.005635,0.0,-0.0,-0.0,-0.00165,-0.0,-0.002741,-0.0,-0.001548,-0.006649,-0.0,-0.0,-0.002882,-0.0,-0.0,-0.0,-1.4e-05,-0.003243,-0.00523,0.0,-0.002705,-0.002564,-0.004968,-0.004933,-0.0,-0.005653,-0.0,-0.003716,-0.001147,0.0,-0.001279,-0.007173,-0.004931,-0.004345,-0.003438,-0.004923,-0.001448,-0.000589,-0.000783,-0.0,-0.000419,-0.002313,-0.002523,-0.004587
2017-06-01 16:38:00+02:00,-0.0,0.0,-0.000275,-0.003427,-0.000198,-0.0,-0.000631,-0.001128,-0.003269,-0.0,-0.0,-0.0,-0.005262,-0.005513,-0.002572,-0.004282,-0.0,-0.0,-0.0,-0.005287,0.0,-0.005331,-0.002449,-0.0,-0.006503,-0.00493,-0.000892,0.0,-0.000759,-0.0,-0.0,-0.00407,0.0,-0.004249,-0.00548,-0.0,-0.001059,-0.002197,0.0,-0.006918,-0.001465,-0.0,-0.002227,0.0,-9.2e-05,-0.001352,-0.000895,-0.002143,-0.001837,0.0,-0.0,-0.003413,-0.003147,-0.005514,-0.0,0.0,-5.9e-05,-0.0,0.0,-0.001055,-0.003153,-0.006473,-0.003014,0.0,-0.0004,-0.00454,-0.00043,-0.00228,0.0,-0.000594,-0.001499,-0.0,-0.0,-0.003962,-0.005679,0.0,-0.0,-0.0,-0.001716,-0.0,-0.002785,-0.0,-0.001618,-0.00672,-0.0,-0.0,-0.00289,-0.0,-0.0,-0.0,-4.4e-05,-0.003292,-0.005262,0.0,-0.002765,-0.002638,-0.005037,-0.005001,-0.0,-0.005724,-0.0,-0.003784,-0.001183,0.0,-0.001317,-0.007206,-0.00496,-0.004418,-0.003507,-0.004989,-0.001492,-0.000624,-0.000835,-0.0,-0.000487,-0.0024,-0.002591,-0.004613
2017-06-01 16:39:00+02:00,-0.0,0.0,-0.000312,-0.003452,-0.00023,-0.0,-0.000639,-0.001138,-0.003274,-0.0,-0.0,-0.0,-0.005281,-0.005534,-0.002602,-0.004304,-0.0,-0.0,-0.0,-0.005311,0.0,-0.005353,-0.002481,-0.0,-0.006527,-0.004949,-0.000898,0.0,-0.000773,-0.0,-0.0,-0.004091,0.0,-0.004278,-0.005512,-0.0,-0.001093,-0.002227,0.0,-0.006938,-0.001484,-0.0,-0.002263,0.0,-0.000113,-0.001381,-0.000901,-0.002147,-0.001849,0.0,-0.0,-0.003434,-0.003168,-0.005535,-0.0,0.0,-6.6e-05,-0.0,0.0,-0.001084,-0.00317,-0.006493,-0.00304,0.0,-0.00044,-0.004561,-0.000439,-0.002283,0.0,-0.000611,-0.001522,-0.0,-0.0,-0.00399,-0.005709,0.0,-0.0,-0.0,-0.001746,-0.0,-0.0028,-0.0,-0.001648,-0.00674,-0.0,-0.0,-0.002868,-0.0,-0.0,-0.0,-5.3e-05,-0.00331,-0.005281,0.0,-0.002792,-0.002668,-0.005059,-0.005022,-0.0,-0.005747,-0.0,-0.003807,-0.001195,0.0,-0.001333,-0.007218,-0.004976,-0.004445,-0.003531,-0.005009,-0.001512,-0.000639,-0.000858,-0.0,-0.000518,-0.002435,-0.002617,-0.004626
2017-06-01 16:40:00+02:00,-0.0,0.0,-0.000307,-0.003418,-0.000222,-0.0,-0.000628,-0.001123,-0.003241,-0.0,-0.0,-0.0,-0.005258,-0.005521,-0.00259,-0.004264,-0.0,-0.0,-0.0,-0.005262,0.0,-0.005301,-0.002458,-0.0,-0.006477,-0.004904,-0.000884,0.0,-0.000763,-0.0,-0.0,-0.004064,0.0,-0.004255,-0.005485,-0.0,-0.001087,-0.002205,0.0,-0.006889,-0.001469,-0.0,-0.002245,0.0,-9.9e-05,-0.001366,-0.000886,-0.002117,-0.001831,0.0,-0.0,-0.003404,-0.003143,-0.005521,-0.0,0.0,-5.3e-05,-0.0,0.0,-0.00107,-0.003139,-0.006444,-0.00301,0.0,-0.000436,-0.004519,-0.000431,-0.002252,0.0,-0.000603,-0.00151,-0.0,-0.0,-0.003959,-0.005713,0.0,-0.0,-0.0,-0.001728,-0.0,-0.002773,-0.0,-0.00163,-0.006689,-0.0,-0.0,-0.002787,-0.0,-0.0,-0.0,-4.3e-05,-0.003282,-0.005258,0.0,-0.002772,-0.002649,-0.005014,-0.004978,-0.0,-0.005707,-0.0,-0.003771,-0.00118,0.0,-0.001318,-0.007133,-0.004944,-0.004415,-0.0035,-0.004964,-0.001498,-0.00063,-0.000852,-0.0,-0.000511,-0.002416,-0.002592,-0.004582
2017-06-01 16:41:00+02:00,-0.0,0.0,-0.000278,-0.003347,-0.000193,-0.0,-0.000607,-0.001094,-0.00318,-0.0,-0.0,-0.0,-0.005198,-0.005463,-0.002547,-0.004183,-0.0,-0.0,-0.0,-0.005168,0.0,-0.005205,-0.002404,-0.0,-0.006371,-0.004814,-0.000858,0.0,-0.000739,-0.0,-0.0,-0.004001,0.0,-0.004194,-0.005412,-0.0,-0.001053,-0.002155,0.0,-0.006783,-0.001435,-0.0,-0.002193,0.0,-7.9e-05,-0.001325,-0.000859,-0.002067,-0.001792,0.0,-0.0,-0.003343,-0.003087,-0.005463,-0.0,0.0,-4.2e-05,-0.0,0.0,-0.001033,-0.00308,-0.006341,-0.002944,0.0,-0.000406,-0.004435,-0.000413,-0.0022,0.0,-0.00058,-0.001476,-0.0,-0.0,-0.003895,-0.005672,0.0,-0.0,-0.0,-0.001683,-0.0,-0.00272,-0.0,-0.001583,-0.006579,-0.0,-0.0,-0.00273,-0.0,-0.0,-0.0,-3.4e-05,-0.003223,-0.005198,0.0,-0.002723,-0.002595,-0.004924,-0.004888,-0.0,-0.005617,-0.0,-0.003697,-0.00115,0.0,-0.001286,-0.007047,-0.004883,-0.004341,-0.003431,-0.004874,-0.001465,-0.000608,-0.000827,-0.0,-0.000481,-0.002363,-0.002534,-0.004521
2017-06-01 16:42:00+02:00,-0.0,0.0,-0.000247,-0.003274,-0.000162,-0.0,-0.000586,-0.001067,-0.003132,-0.0,-0.0,-0.0,-0.005215,-0.00548,-0.002513,-0.004102,-0.0,-0.0,-0.0,-0.005084,0.0,-0.005118,-0.002352,-0.0,-0.006289,-0.004723,-0.000833,0.0,-0.000712,-0.0,-0.0,-0.003952,0.0,-0.004146,-0.005356,-0.0,-0.001025,-0.002106,0.0,-0.006703,-0.001401,-0.0,-0.002143,0.0,-6.3e-05,-0.001279,-0.000832,-0.002023,-0.001761,0.0,-0.0,-0.003287,-0.00303,-0.00548,-0.0,0.0,-3.4e-05,-0.0,0.0,-0.000996,-0.003026,-0.006263,-0.002878,0.0,-0.000373,-0.00435,-0.000396,-0.002154,0.0,-0.000558,-0.001443,-0.0,-0.0,-0.003835,-0.00567,0.0,-0.0,-0.0,-0.001639,-0.0,-0.002666,-0.0,-0.001533,-0.006497,-0.0,-0.0,-0.002739,-0.0,-0.0,-0.0,-2.7e-05,-0.003162,-0.005215,0.0,-0.002671,-0.002553,-0.004832,-0.004797,-0.0,-0.005547,-0.0,-0.003622,-0.001121,0.0,-0.001254,-0.007072,-0.004899,-0.004284,-0.003361,-0.004782,-0.001432,-0.000583,-0.000803,-0.0,-0.000451,-0.002312,-0.002474,-0.004536
2017-06-01 16:43:00+02:00,-0.0,0.0,-0.000263,-0.003293,-0.000185,-0.0,-0.000591,-0.001072,-0.003132,-0.0,-0.0,-0.0,-0.005238,-0.005504,-0.002534,-0.004118,-0.0,-0.0,-0.0,-0.00509,0.0,-0.005123,-0.002372,-0.0,-0.006303,-0.004738,-0.000836,0.0,-0.000722,-0.0,-0.0,-0.003964,0.0,-0.004164,-0.005378,-0.0,-0.00105,-0.002127,0.0,-0.00672,-0.001414,-0.0,-0.002156,0.0,-7.6e-05,-0.0013,-0.000835,-0.002018,-0.001767,0.0,-0.0,-0.003292,-0.003044,-0.005504,-0.0,0.0,-2.7e-05,-0.0,0.0,-0.001016,-0.003029,-0.006279,-0.002897,0.0,-0.00039,-0.004366,-0.000402,-0.002148,0.0,-0.000569,-0.001452,-0.0,-0.0,-0.003844,-0.005699,0.0,-0.0,-0.0,-0.00166,-0.0,-0.002675,-0.0,-0.001554,-0.006512,-0.0,-0.0,-0.002748,-0.0,-0.0,-0.0,-3.2e-05,-0.003174,-0.005238,0.0,-0.00269,-0.002575,-0.004849,-0.004813,-0.0,-0.005564,-0.0,-0.003639,-0.001123,0.0,-0.001264,-0.007102,-0.00492,-0.004304,-0.00338,-0.004798,-0.001445,-0.000593,-0.000811,-0.0,-0.000473,-0.002326,-0.002494,-0.004555
2017-06-01 16:44:00+02:00,-0.0,0.0,-0.000294,-0.003316,-0.000208,-0.0,-0.000595,-0.001078,-0.00312,-0.0,-0.0,-0.0,-0.005255,-0.005523,-0.002548,-0.004144,-0.0,-0.0,-0.0,-0.00512,0.0,-0.005151,-0.002393,-0.0,-0.006296,-0.004765,-0.000838,0.0,-0.000731,-0.0,-0.0,-0.003964,0.0,-0.004172,-0.005394,-0.0,-0.001068,-0.002147,0.0,-0.00673,-0.001426,-0.0,-0.002188,0.0,-9e-05,-0.001322,-0.000839,-0.002023,-0.001769,0.0,-0.0,-0.003313,-0.003065,-0.005523,-0.0,0.0,-3.5e-05,-0.0,0.0,-0.001037,-0.003047,-0.006286,-0.002919,0.0,-0.000423,-0.004391,-0.000407,-0.002152,0.0,-0.00058,-0.001472,-0.0,-0.0,-0.003872,-0.005722,0.0,-0.0,-0.0,-0.001681,-0.0,-0.00269,-0.0,-0.001576,-0.006519,-0.0,-0.0,-0.002751,-0.0,-0.0,-0.0,-3.7e-05,-0.003193,-0.005255,0.0,-0.002714,-0.002589,-0.004878,-0.004842,-0.0,-0.005566,-0.0,-0.003663,-0.001133,0.0,-0.001274,-0.007125,-0.004936,-0.004316,-0.003405,-0.004826,-0.001457,-0.000603,-0.000829,-0.0,-0.000494,-0.002358,-0.002517,-0.004569
2017-06-01 16:45:00+02:00,-0.0,0.0,-0.000295,-0.003301,-0.000192,-0.0,-0.000584,-0.001063,-0.003083,-0.0,-0.0,-0.0,-0.005269,-0.005539,-0.002531,-0.00413,-0.0,-0.0,-0.0,-0.005117,0.0,-0.005146,-0.002371,-0.0,-0.006238,-0.004751,-0.000825,0.0,-0.000723,-0.0,-0.0,-0.003933,0.0,-0.004146,-0.005373,-0.0,-0.001049,-0.002127,0.0,-0.006692,-0.001412,-0.0,-0.002188,0.0,-7.2e-05,-0.00131,-0.000828,-0.002013,-0.00175,0.0,-0.0,-0.003313,-0.003059,-0.005539,-0.0,0.0,-2.8e-05,-0.0,0.0,-0.00102,-0.003044,-0.006246,-0.002904,0.0,-0.000425,-0.004378,-0.000398,-0.002142,0.0,-0.00057,-0.001472,-0.0,-0.0,-0.003875,-0.005742,0.0,-0.0,-0.0,-0.001662,-0.0,-0.002681,-0.0,-0.001562,-0.006477,-0.0,-0.0,-0.002731,-0.0,-0.0,-0.0,-3e-05,-0.003186,-0.005269,0.0,-0.002709,-0.002563,-0.004867,-0.004831,-0.0,-0.005522,-0.0,-0.003648,-0.001128,0.0,-0.00126,-0.007139,-0.004948,-0.004284,-0.003393,-0.004814,-0.001444,-0.000595,-0.000829,-0.0,-0.00048,-0.002358,-0.002503,-0.004578
2017-06-01 16:46:00+02:00,-0.0,0.0,-0.000322,-0.003421,-0.000183,-0.0,-0.000574,-0.001048,-0.003048,-0.0,-0.0,-0.0,-0.005276,-0.005548,-0.002519,-0.004279,-0.0,-0.0,-0.0,-0.005134,0.0,-0.005162,-0.002347,-0.0,-0.006183,-0.004923,-0.000811,0.0,-0.000763,-0.0,-0.0,-0.003905,0.0,-0.004124,-0.005354,-0.0,-0.001038,-0.002105,0.0,-0.006651,-0.001398,-0.0,-0.002216,0.0,-5.8e-05,-0.001391,-0.000858,-0.002013,-0.001733,0.0,-0.0,-0.003329,-0.003177,-0.005548,-0.0,0.0,-3.6e-05,-0.0,0.0,-0.001007,-0.003057,-0.006205,-0.003014,0.0,-0.000453,-0.004534,-0.00039,-0.002141,0.0,-0.000562,-0.00149,-0.0,-0.0,-0.003897,-0.005755,0.0,-0.0,-0.0,-0.001644,-0.0,-0.002779,-0.0,-0.001647,-0.006435,-0.0,-0.0,-0.002683,-0.0,-0.0,-0.0,-2.4e-05,-0.003304,-0.005276,0.0,-0.002815,-0.002543,-0.005047,-0.005009,-0.0,-0.005479,-0.0,-0.003778,-0.001135,0.0,-0.001246,-0.007136,-0.004952,-0.004255,-0.003515,-0.00499,-0.00143,-0.000635,-0.00085,-0.0,-0.00047,-0.002385,-0.002604,-0.00458
2017-06-01 16:47:00+02:00,-0.0,0.0,-0.000323,-0.003476,-0.00016,-0.0,-0.000557,-0.001026,-0.002996,-0.0,-0.0,-0.0,-0.005245,-0.005527,-0.002485,-0.004355,-0.0,-0.0,-0.0,-0.005109,0.0,-0.005135,-0.002308,-0.0,-0.006094,-0.005012,-0.000791,0.0,-0.00078,-0.0,-0.0,-0.003855,0.0,-0.004078,-0.005305,-0.0,-0.001005,-0.00207,0.0,-0.006574,-0.001374,-0.0,-0.00221,0.0,-4.6e-05,-0.001427,-0.000867,-0.001993,-0.001701,0.0,-0.0,-0.003316,-0.003239,-0.005527,-0.0,0.0,-2.9e-05,-0.0,0.0,-0.00098,-0.003042,-0.006129,-0.003064,0.0,-0.000454,-0.004614,-0.000377,-0.002119,0.0,-0.000545,-0.001486,-0.0,-0.0,-0.003887,-0.005732,0.0,-0.0,-0.0,-0.001612,-0.0,-0.002829,-0.0,-0.001685,-0.006354,-0.0,-0.0,-0.002621,-0.0,-0.0,-0.0,-1.9e-05,-0.003366,-0.005245,0.0,-0.00287,-0.002498,-0.005142,-0.005103,-0.0,-0.005405,-0.0,-0.00384,-0.001126,0.0,-0.001224,-0.007046,-0.00491,-0.004196,-0.003574,-0.005083,-0.001406,-0.000651,-0.000853,-0.0,-0.000447,-0.002379,-0.00265,-0.004525
2017-06-01 16:48:00+02:00,-0.0,0.0,-0.0003,-0.003478,-0.000128,-0.0,-0.000531,-0.000991,-0.002934,-0.0,-0.0,-0.0,-0.005245,-0.005518,-0.002433,-0.004373,-0.0,-0.0,-0.0,-0.005054,0.0,-0.005078,-0.002237,-0.0,-0.005983,-0.005038,-0.00076,0.0,-0.000776,-0.0,-0.0,-0.003788,0.0,-0.004012,-0.005233,-0.0,-0.000953,-0.002003,0.0,-0.00647,-0.001331,-0.0,-0.002177,0.0,-3.7e-05,-0.001423,-0.00086,-0.001961,-0.001659,0.0,-0.0,-0.003282,-0.003257,-0.005528,-0.0,0.0,-2.3e-05,-0.0,0.0,-0.000926,-0.003007,-0.006026,-0.003064,0.0,-0.00043,-0.004634,-0.000354,-0.002086,0.0,-0.000513,-0.001464,-0.0,-0.0,-0.003851,-0.005678,0.0,-0.0,-0.0,-0.001551,-0.0,-0.00284,-0.0,-0.001681,-0.006247,-0.0,-0.0,-0.002605,-0.0,-0.0,-0.0,-1.5e-05,-0.003385,-0.005245,0.0,-0.002881,-0.002432,-0.005173,-0.005133,-0.0,-0.00531,-0.0,-0.003849,-0.001105,0.0,-0.001183,-0.007046,-0.004908,-0.004114,-0.003581,-0.005112,-0.001362,-0.000648,-0.000839,-0.0,-0.000397,-0.002345,-0.00265,-0.00452
2017-06-01 16:49:00+02:00,-0.0,0.0,-0.000285,-0.003479,-0.000103,-0.0,-0.00051,-0.000962,-0.002887,-0.0,-0.0,-0.0,-0.005244,-0.005516,-0.0024,-0.004385,-0.0,-0.0,-0.0,-0.005007,0.0,-0.005028,-0.002181,-0.0,-0.005904,-0.005057,-0.000735,0.0,-0.000772,-0.0,-0.0,-0.003742,0.0,-0.003968,-0.005182,-0.0,-0.000923,-0.00195,0.0,-0.006394,-0.001296,-0.0,-0.002147,0.0,-3e-05,-0.001419,-0.000853,-0.001931,-0.001628,0.0,-0.0,-0.003251,-0.003271,-0.005528,-0.0,0.0,-1.9e-05,-0.0,0.0,-0.000886,-0.002977,-0.005951,-0.003063,0.0,-0.000414,-0.004648,-0.000336,-0.002055,0.0,-0.00049,-0.001445,-0.0,-0.0,-0.003821,-0.005641,0.0,-0.0,-0.0,-0.001503,-0.0,-0.002847,-0.0,-0.001677,-0.006168,-0.0,-0.0,-0.002578,-0.0,-0.0,-0.0,-1.2e-05,-0.003398,-0.005244,0.0,-0.00289,-0.002389,-0.005195,-0.005155,-0.0,-0.005243,-0.0,-0.003853,-0.001085,0.0,-0.00115,-0.007034,-0.004903,-0.004058,-0.003585,-0.005133,-0.001327,-0.000644,-0.000828,-0.0,-0.000363,-0.002314,-0.002649,-0.004511
2017-06-01 16:50:00+02:00,-0.0,0.0,-0.000278,-0.003479,-8.2e-05,-0.0,-0.000492,-0.000937,-0.002851,-0.0,-0.0,-0.0,-0.005242,-0.005519,-0.002382,-0.004393,-0.0,-0.0,-0.0,-0.00497,0.0,-0.00499,-0.002133,-0.0,-0.005847,-0.005069,-0.000712,0.0,-0.00077,-0.0,-0.0,-0.003711,0.0,-0.003941,-0.005153,-0.0,-0.000907,-0.001906,0.0,-0.006342,-0.001266,-0.0,-0.002126,0.0,-2.4e-05,-0.00142,-0.000847,-0.001906,-0.001607,0.0,-0.0,-0.00323,-0.003282,-0.005529,-0.0,0.0,-1.5e-05,-0.0,0.0,-0.000855,-0.002954,-0.0059,-0.003063,0.0,-0.000406,-0.004657,-0.000322,-0.002029,0.0,-0.00047,-0.001431,-0.0,-0.0,-0.003801,-0.005625,0.0,-0.0,-0.0,-0.001465,-0.0,-0.002853,-0.0,-0.001676,-0.006114,-0.0,-0.0,-0.002546,-0.0,-0.0,-0.0,-1e-05,-0.003409,-0.005242,0.0,-0.0029,-0.002363,-0.00521,-0.005169,-0.0,-0.005196,-0.0,-0.003856,-0.00107,0.0,-0.001123,-0.007013,-0.004898,-0.004022,-0.003589,-0.005147,-0.001298,-0.000643,-0.000821,-0.0,-0.000336,-0.002292,-0.002649,-0.004501
2017-06-01 16:51:00+02:00,-0.0,0.0,-0.000278,-0.003488,-6.6e-05,-0.0,-0.000476,-0.000914,-0.002823,-0.0,-0.0,-0.0,-0.005226,-0.005518,-0.002372,-0.004407,-0.0,-0.0,-0.0,-0.004934,0.0,-0.004952,-0.002091,-0.0,-0.005805,-0.005085,-0.000693,0.0,-0.000773,-0.0,-0.0,-0.003689,0.0,-0.003922,-0.005133,-0.0,-0.000901,-0.001868,0.0,-0.006304,-0.001241,-0.0,-0.002113,0.0,-1.9e-05,-0.001431,-0.000844,-0.001882,-0.001592,0.0,-0.0,-0.003208,-0.003296,-0.005518,-0.0,0.0,-1.2e-05,-0.0,0.0,-0.000827,-0.002932,-0.005862,-0.003072,0.0,-0.000405,-0.004672,-0.000309,-0.002003,0.0,-0.000454,-0.001422,-0.0,-0.0,-0.003779,-0.005613,0.0,-0.0,-0.0,-0.00143,-0.0,-0.002861,-0.0,-0.001686,-0.006073,-0.0,-0.0,-0.002524,-0.0,-0.0,-0.0,-8e-06,-0.003421,-0.005226,0.0,-0.002915,-0.002348,-0.005228,-0.005188,-0.0,-0.005163,-0.0,-0.003867,-0.001058,0.0,-0.001099,-0.006999,-0.00488,-0.003998,-0.0036,-0.005165,-0.001273,-0.000646,-0.000817,-0.0,-0.000313,-0.002278,-0.002659,-0.004483
2017-06-01 16:52:00+02:00,-0.0,0.0,-0.000283,-0.003488,-5.4e-05,-0.0,-0.000467,-0.0009,-0.0028,-0.0,-0.0,-0.0,-0.005204,-0.005497,-0.00237,-0.004412,-0.0,-0.0,-0.0,-0.004913,0.0,-0.004928,-0.002071,-0.0,-0.005774,-0.00509,-0.000681,0.0,-0.000773,-0.0,-0.0,-0.003673,0.0,-0.003912,-0.005122,-0.0,-0.000903,-0.001851,0.0,-0.00628,-0.001229,-0.0,-0.002108,0.0,-1.5e-05,-0.001437,-0.000839,-0.001864,-0.001582,0.0,-0.0,-0.003194,-0.003302,-0.005497,-0.0,0.0,-1e-05,-0.0,0.0,-0.000818,-0.002917,-0.005838,-0.003073,0.0,-0.00041,-0.004676,-0.000303,-0.001984,0.0,-0.000447,-0.001418,-0.0,-0.0,-0.003767,-0.005611,0.0,-0.0,-0.0,-0.001416,-0.0,-0.002861,-0.0,-0.001691,-0.006045,-0.0,-0.0,-0.002494,-0.0,-0.0,-0.0,-6e-06,-0.003425,-0.005204,0.0,-0.002922,-0.002342,-0.005235,-0.005195,-0.0,-0.005142,-0.0,-0.003869,-0.00105,0.0,-0.001086,-0.006974,-0.004856,-0.003984,-0.003604,-0.005171,-0.00126,-0.000648,-0.000817,-0.0,-0.000307,-0.002274,-0.002663,-0.004457
2017-06-01 16:53:00+02:00,-0.0,0.0,-0.000272,-0.003477,-4.3e-05,-0.0,-0.000454,-0.000882,-0.00277,-0.0,-0.0,-0.0,-0.005195,-0.005491,-0.002353,-0.004404,-0.0,-0.0,-0.0,-0.004873,0.0,-0.004886,-0.00204,-0.0,-0.00573,-0.005083,-0.000665,0.0,-0.000768,-0.0,-0.0,-0.003646,0.0,-0.003888,-0.005097,-0.0,-0.00089,-0.001823,0.0,-0.006243,-0.001209,-0.0,-0.002087,0.0,-1.2e-05,-0.001433,-0.00083,-0.001838,-0.001563,0.0,-0.0,-0.003166,-0.003297,-0.005491,-0.0,0.0,-8e-06,-0.0,0.0,-0.000796,-0.002889,-0.0058,-0.003064,0.0,-0.000397,-0.004669,-0.000293,-0.001957,0.0,-0.000434,-0.001403,-0.0,-0.0,-0.003738,-0.005592,0.0,-0.0,-0.0,-0.001391,-0.0,-0.002853,-0.0,-0.001685,-0.006003,-0.0,-0.0,-0.002478,-0.0,-0.0,-0.0,-5e-06,-0.003418,-0.005195,0.0,-0.002918,-0.002321,-0.00523,-0.00519,-0.0,-0.005108,-0.0,-0.00386,-0.001035,0.0,-0.001067,-0.006975,-0.004845,-0.003957,-0.003596,-0.005166,-0.00124,-0.000643,-0.000806,-0.0,-0.000289,-0.002253,-0.002655,-0.004443
2017-06-01 16:54:00+02:00,-0.0,0.0,-0.000273,-0.00347,-3.5e-05,-0.0,-0.000446,-0.00087,-0.002744,-0.0,-0.0,-0.0,-0.005167,-0.005466,-0.002345,-0.004399,-0.0,-0.0,-0.0,-0.004851,0.0,-0.004862,-0.002023,-0.0,-0.005694,-0.005077,-0.000654,0.0,-0.000766,-0.0,-0.0,-0.003626,0.0,-0.003872,-0.005081,-0.0,-0.000887,-0.00181,0.0,-0.006215,-0.001198,-0.0,-0.00208,0.0,-1e-05,-0.001434,-0.000823,-0.001819,-0.001549,0.0,-0.0,-0.003151,-0.003295,-0.005466,-0.0,0.0,-6e-06,-0.0,0.0,-0.000788,-0.002872,-0.00577,-0.003059,0.0,-0.000398,-0.004663,-0.000287,-0.001936,0.0,-0.000428,-0.001398,-0.0,-0.0,-0.003725,-0.00558,0.0,-0.0,-0.0,-0.001379,-0.0,-0.002846,-0.0,-0.001685,-0.005969,-0.0,-0.0,-0.002432,-0.0,-0.0,-0.0,-4e-06,-0.003413,-0.005167,0.0,-0.002919,-0.00231,-0.005224,-0.005185,-0.0,-0.005082,-0.0,-0.003854,-0.001025,0.0,-0.001056,-0.006927,-0.004814,-0.003938,-0.003593,-0.005161,-0.001229,-0.000642,-0.000804,-0.0,-0.000284,-0.002247,-0.002653,-0.004409
2017-06-01 16:55:00+02:00,-0.0,0.0,-0.000264,-0.003459,-2.8e-05,-0.0,-0.000436,-0.000854,-0.00272,-0.0,-0.0,-0.0,-0.005165,-0.005464,-0.002333,-0.004388,-0.0,-0.0,-0.0,-0.004816,0.0,-0.004825,-0.001996,-0.0,-0.005662,-0.005065,-0.00064,0.0,-0.000762,-0.0,-0.0,-0.003606,0.0,-0.003854,-0.005055,-0.0,-0.000879,-0.001787,0.0,-0.006172,-0.001182,-0.0,-0.00206,0.0,-8e-06,-0.001433,-0.000814,-0.001794,-0.001532,0.0,-0.0,-0.003128,-0.00329,-0.005466,-0.0,0.0,-5e-06,-0.0,0.0,-0.000773,-0.002848,-0.005729,-0.00305,0.0,-0.000388,-0.004652,-0.000279,-0.00191,0.0,-0.000419,-0.001384,-0.0,-0.0,-0.003702,-0.005555,0.0,-0.0,-0.0,-0.00136,-0.0,-0.002837,-0.0,-0.001682,-0.005924,-0.0,-0.0,-0.002401,-0.0,-0.0,-0.0,-3e-06,-0.003405,-0.005165,0.0,-0.002917,-0.002293,-0.005212,-0.005173,-0.0,-0.005054,-0.0,-0.003843,-0.00101,0.0,-0.001041,-0.00691,-0.004809,-0.003912,-0.003585,-0.005149,-0.001212,-0.000639,-0.000794,-0.0,-0.000273,-0.002227,-0.002647,-0.004399
2017-06-01 16:56:00+02:00,-0.0,0.0,-0.000257,-0.003448,-2.2e-05,-0.0,-0.000426,-0.000838,-0.0027,-0.0,-0.0,-0.0,-0.005166,-0.00546,-0.002325,-0.004377,-0.0,-0.0,-0.0,-0.004788,0.0,-0.004795,-0.00197,-0.0,-0.005636,-0.005051,-0.000626,0.0,-0.000758,-0.0,-0.0,-0.003591,0.0,-0.003841,-0.005035,-0.0,-0.000875,-0.001765,0.0,-0.006136,-0.001167,-0.0,-0.002045,0.0,-6e-06,-0.001431,-0.000805,-0.001773,-0.001518,0.0,-0.0,-0.00311,-0.003284,-0.005468,-0.0,0.0,-4e-06,-0.0,0.0,-0.000759,-0.002829,-0.005693,-0.003041,0.0,-0.000381,-0.004639,-0.000271,-0.001887,0.0,-0.00041,-0.001374,-0.0,-0.0,-0.003687,-0.005535,0.0,-0.0,-0.0,-0.001342,-0.0,-0.002828,-0.0,-0.001679,-0.005885,-0.0,-0.0,-0.002377,-0.0,-0.0,-0.0,-3e-06,-0.003397,-0.005166,0.0,-0.002916,-0.00228,-0.005199,-0.00516,-0.0,-0.005031,-0.0,-0.003832,-0.000997,0.0,-0.001026,-0.006904,-0.004809,-0.003891,-0.003576,-0.005136,-0.001196,-0.000636,-0.000786,-0.0,-0.000263,-0.002211,-0.002641,-0.004396
2017-06-01 16:57:00+02:00,-0.0,0.0,-0.000256,-0.003429,-2e-05,-0.0,-0.000421,-0.000831,-0.002682,-0.0,-0.0,-0.0,-0.005156,-0.005458,-0.002321,-0.004357,-0.0,-0.0,-0.0,-0.004768,0.0,-0.004773,-0.001964,-0.0,-0.005615,-0.005027,-0.000619,0.0,-0.000751,-0.0,-0.0,-0.003579,0.0,-0.003832,-0.00502,-0.0,-0.000875,-0.00176,0.0,-0.006109,-0.001162,-0.0,-0.002034,0.0,-5e-06,-0.001424,-0.000794,-0.001753,-0.001507,0.0,-0.0,-0.003095,-0.003271,-0.005463,-0.0,0.0,-3e-06,-0.0,0.0,-0.000759,-0.002813,-0.005667,-0.003024,0.0,-0.000379,-0.004618,-0.000269,-0.001867,0.0,-0.000409,-0.001365,-0.0,-0.0,-0.003675,-0.005519,0.0,-0.0,-0.0,-0.00134,-0.0,-0.002812,-0.0,-0.001669,-0.005855,-0.0,-0.0,-0.002354,-0.0,-0.0,-0.0,-2e-06,-0.00338,-0.005156,0.0,-0.002906,-0.002274,-0.005175,-0.005137,-0.0,-0.005015,-0.0,-0.003813,-0.000986,0.0,-0.00102,-0.006894,-0.004794,-0.003878,-0.00356,-0.005113,-0.001192,-0.00063,-0.000781,-0.0,-0.000266,-0.002201,-0.002628,-0.004378
2017-06-01 16:58:00+02:00,-0.0,0.0,-0.000249,-0.00341,-1.6e-05,-0.0,-0.000415,-0.000821,-0.002661,-0.0,-0.0,-0.0,-0.005128,-0.005436,-0.002315,-0.004337,-0.0,-0.0,-0.0,-0.004729,0.0,-0.004731,-0.001953,-0.0,-0.00559,-0.005004,-0.000611,0.0,-0.000744,-0.0,-0.0,-0.003563,0.0,-0.00382,-0.005002,-0.0,-0.000875,-0.001752,0.0,-0.006081,-0.001155,-0.0,-0.002013,0.0,-4e-06,-0.001417,-0.000784,-0.001727,-0.001494,0.0,-0.0,-0.003066,-0.003256,-0.005436,-0.0,0.0,-2e-06,-0.0,0.0,-0.000756,-0.002783,-0.00564,-0.003008,0.0,-0.000371,-0.004597,-0.000265,-0.001838,0.0,-0.000406,-0.00135,-0.0,-0.0,-0.003645,-0.0055,0.0,-0.0,-0.0,-0.001334,-0.0,-0.002794,-0.0,-0.00166,-0.005824,-0.0,-0.0,-0.002327,-0.0,-0.0,-0.0,-2e-06,-0.003362,-0.005128,0.0,-0.002896,-0.002266,-0.00515,-0.005113,-0.0,-0.004997,-0.0,-0.003794,-0.000971,0.0,-0.001012,-0.006873,-0.004764,-0.003863,-0.003544,-0.00509,-0.001184,-0.000625,-0.000771,-0.0,-0.000266,-0.00218,-0.002615,-0.004348
2017-06-01 16:59:00+02:00,-0.0,0.0,-0.000251,-0.003382,-1.3e-05,-0.0,-0.000406,-0.000806,-0.00261,-0.0,-0.0,-0.0,-0.005115,-0.005388,-0.00228,-0.00431,-0.0,-0.0,-0.0,-0.004704,0.0,-0.004704,-0.001928,-0.0,-0.005502,-0.004974,-0.000597,0.0,-0.000733,-0.0,-0.0,-0.00351,0.0,-0.003769,-0.004945,-0.0,-0.000849,-0.001729,0.0,-0.006008,-0.001138,-0.0,-0.002002,0.0,-3e-06,-0.0014,-0.00077,-0.001706,-0.001465,0.0,-0.0,-0.003046,-0.003235,-0.005426,-0.0,0.0,-2e-06,-0.0,0.0,-0.000742,-0.002763,-0.005568,-0.002983,0.0,-0.000372,-0.004569,-0.000258,-0.001817,0.0,-0.000398,-0.001342,-0.0,-0.0,-0.003628,-0.005441,0.0,-0.0,-0.0,-0.001316,-0.0,-0.002772,-0.0,-0.001641,-0.005746,-0.0,-0.0,-0.0023,-0.0,-0.0,-0.0,-1e-06,-0.003339,-0.005115,0.0,-0.002878,-0.002227,-0.00512,-0.005084,-0.0,-0.004928,-0.0,-0.003768,-0.00096,0.0,-0.000996,-0.006859,-0.004749,-0.003809,-0.00352,-0.005061,-0.001167,-0.000614,-0.000766,-0.0,-0.000257,-0.002169,-0.002594,-0.004329
2017-06-01 17:00:00+02:00,-0.0,0.0,-0.000252,-0.003363,-1e-05,-0.0,-0.000399,-0.000795,-0.002558,-0.0,-0.0,-0.0,-0.005105,-0.005339,-0.002249,-0.00429,-0.0,-0.0,-0.0,-0.004672,0.0,-0.00467,-0.001914,-0.0,-0.005412,-0.004952,-0.000587,0.0,-0.000725,-0.0,-0.0,-0.003457,0.0,-0.00372,-0.004892,-0.0,-0.000827,-0.001716,0.0,-0.005934,-0.001128,-0.0,-0.001986,0.0,-3e-06,-0.001392,-0.000758,-0.001681,-0.001437,0.0,-0.0,-0.003024,-0.003223,-0.005421,-0.0,0.0,-2e-06,-0.0,0.0,-0.000738,-0.00274,-0.005496,-0.002966,0.0,-0.000371,-0.004548,-0.000254,-0.001791,0.0,-0.000394,-0.00133,-0.0,-0.0,-0.003607,-0.005384,0.0,-0.0,-0.0,-0.001307,-0.0,-0.002756,-0.0,-0.00163,-0.005668,-0.0,-0.0,-0.002254,-0.0,-0.0,-0.0,-1e-06,-0.003324,-0.005105,0.0,-0.002869,-0.00219,-0.005098,-0.005062,-0.0,-0.004857,-0.0,-0.003749,-0.000946,0.0,-0.000986,-0.006819,-0.004735,-0.003755,-0.003504,-0.00504,-0.001158,-0.000608,-0.000759,-0.0,-0.000256,-0.002152,-0.00258,-0.004309
2017-06-01 17:01:00+02:00,-0.0,0.0,-0.000249,-0.003353,-9e-06,-0.0,-0.000393,-0.000784,-0.002441,-0.0,-0.0,-0.0,-0.00508,-0.005226,-0.002166,-0.004279,-0.0,-0.0,-0.0,-0.004628,0.0,-0.004624,-0.0019,-0.0,-0.005183,-0.004937,-0.000577,0.0,-0.000721,-0.0,-0.0,-0.003326,0.0,-0.003595,-0.004773,-0.0,-0.000759,-0.001704,0.0,-0.005781,-0.001118,-0.0,-0.001962,0.0,-2e-06,-0.001391,-0.000749,-0.001652,-0.001377,0.0,-0.0,-0.002994,-0.003217,-0.005391,-0.0,0.0,-1e-06,-0.0,0.0,-0.000735,-0.00271,-0.005343,-0.002958,0.0,-0.000367,-0.004535,-0.00025,-0.001761,0.0,-0.000392,-0.001312,-0.0,-0.0,-0.003577,-0.005262,0.0,-0.0,-0.0,-0.001299,-0.0,-0.002746,-0.0,-0.001627,-0.005509,-0.0,-0.0,-0.002213,-0.0,-0.0,-0.0,-1e-06,-0.003313,-0.005042,0.0,-0.002868,-0.002095,-0.005082,-0.005047,-0.0,-0.004682,-0.0,-0.003738,-0.000928,0.0,-0.000976,-0.006777,-0.004693,-0.003627,-0.003497,-0.005025,-0.001149,-0.000605,-0.000749,-0.0,-0.000258,-0.002127,-0.002575,-0.004235
2017-06-01 17:02:00+02:00,-0.0,0.0,-0.000247,-0.003344,-1.9e-05,-0.0,-0.000389,-0.000777,-0.002348,-0.0,-0.0,-0.0,-0.005052,-0.00514,-0.002107,-0.004268,-0.0,-0.0,-0.0,-0.004579,0.0,-0.004572,-0.001896,-0.0,-0.005004,-0.00492,-0.000569,0.0,-0.000719,-0.0,-0.0,-0.003224,0.0,-0.0035,-0.004684,-0.0,-0.000717,-0.001701,0.0,-0.005664,-0.001114,-0.0,-0.001934,0.0,-2e-06,-0.001395,-0.000741,-0.001621,-0.001332,0.0,-0.0,-0.00296,-0.00321,-0.005371,-0.0,0.0,-1e-06,-0.0,0.0,-0.000741,-0.002676,-0.005227,-0.002953,0.0,-0.000363,-0.004522,-0.000249,-0.001728,0.0,-0.000394,-0.001293,-0.0,-0.0,-0.003542,-0.00517,0.0,-0.0,-0.0,-0.001301,-0.0,-0.002735,-0.0,-0.001629,-0.005386,-0.0,-0.0,-0.002173,-0.0,-0.0,-0.0,-1e-06,-0.003302,-0.004995,0.0,-0.002868,-0.00203,-0.005064,-0.00503,-0.0,-0.004548,-0.0,-0.003729,-0.000909,0.0,-0.000972,-0.006739,-0.004661,-0.003533,-0.00349,-0.005008,-0.001146,-0.000605,-0.000738,-0.0,-0.000269,-0.002098,-0.002573,-0.004177
2017-06-01 17:03:00+02:00,-0.0,0.0,-0.000243,-0.00332,-2.8e-05,-0.0,-0.000385,-0.000769,-0.002269,-0.0,-0.0,-0.0,-0.005021,-0.005065,-0.00206,-0.004241,-0.0,-0.0,-0.0,-0.004525,0.0,-0.004516,-0.001889,-0.0,-0.004854,-0.004887,-0.000562,0.0,-0.000714,-0.0,-0.0,-0.003139,0.0,-0.003421,-0.004608,-0.0,-0.000685,-0.001697,0.0,-0.005562,-0.00111,-0.0,-0.001905,0.0,-1e-06,-0.001392,-0.000729,-0.001588,-0.001294,0.0,-0.0,-0.002923,-0.003192,-0.005343,-0.0,0.0,-1e-06,-0.0,0.0,-0.000745,-0.00264,-0.005126,-0.002934,0.0,-0.000358,-0.004492,-0.000248,-0.001694,0.0,-0.000396,-0.001272,-0.0,-0.0,-0.003505,-0.005091,0.0,-0.0,-0.0,-0.0013,-0.0,-0.002714,-0.0,-0.001622,-0.005279,-0.0,-0.0,-0.00213,-0.0,-0.0,-0.0,-1e-06,-0.003279,-0.004949,0.0,-0.002856,-0.001976,-0.005029,-0.004996,-0.0,-0.004435,-0.0,-0.003705,-0.000889,0.0,-0.000966,-0.006694,-0.004627,-0.003454,-0.003469,-0.004975,-0.001141,-0.000601,-0.000726,-0.0,-0.000278,-0.002067,-0.00256,-0.004121
2017-06-01 17:04:00+02:00,-0.0,0.0,-0.000235,-0.003284,-3e-05,-0.0,-0.000377,-0.000756,-0.002197,-0.0,-0.0,-0.0,-0.004994,-0.004993,-0.002017,-0.004199,-0.0,-0.0,-0.0,-0.004458,0.0,-0.004447,-0.001872,-0.0,-0.004719,-0.004839,-0.000551,0.0,-0.000703,-0.0,-0.0,-0.003062,0.0,-0.00335,-0.004537,-0.0,-0.000658,-0.001683,0.0,-0.005467,-0.001099,-0.0,-0.001869,0.0,-1e-06,-0.001379,-0.000714,-0.001551,-0.001259,0.0,-0.0,-0.002877,-0.003163,-0.005311,-0.0,0.0,-1e-06,-0.0,0.0,-0.000741,-0.002595,-0.005033,-0.002903,0.0,-0.000348,-0.004448,-0.000244,-0.001655,0.0,-0.000392,-0.001248,-0.0,-0.0,-0.003456,-0.005017,0.0,-0.0,-0.0,-0.00129,-0.0,-0.002683,-0.0,-0.001606,-0.005179,-0.0,-0.0,-0.002088,-0.0,-0.0,-0.0,-0.0,-0.003246,-0.0049,0.0,-0.002832,-0.001929,-0.004979,-0.004947,-0.0,-0.004333,-0.0,-0.003666,-0.000867,0.0,-0.000956,-0.006649,-0.004587,-0.003382,-0.003435,-0.004927,-0.00113,-0.000592,-0.00071,-0.0,-0.000279,-0.00203,-0.002534,-0.004065
2017-06-01 17:05:00+02:00,-0.0,0.0,-0.000228,-0.003255,-3.1e-05,-0.0,-0.000369,-0.000743,-0.002133,-0.0,-0.0,-0.0,-0.004964,-0.004928,-0.001982,-0.004164,-0.0,-0.0,-0.0,-0.004394,0.0,-0.004381,-0.001852,-0.0,-0.004602,-0.004797,-0.000538,0.0,-0.000696,-0.0,-0.0,-0.002995,0.0,-0.003289,-0.004475,-0.0,-0.000637,-0.001666,0.0,-0.005381,-0.001087,-0.0,-0.001836,0.0,-1e-06,-0.001372,-0.000701,-0.001515,-0.001228,0.0,-0.0,-0.002834,-0.003139,-0.005276,-0.0,0.0,-1e-06,-0.0,0.0,-0.000735,-0.002554,-0.004948,-0.002879,0.0,-0.000339,-0.00441,-0.000239,-0.001617,0.0,-0.000388,-0.001225,-0.0,-0.0,-0.003411,-0.00495,0.0,-0.0,-0.0,-0.001278,-0.0,-0.002657,-0.0,-0.001595,-0.005089,-0.0,-0.0,-0.002047,-0.0,-0.0,-0.0,-0.0,-0.003218,-0.004851,0.0,-0.002816,-0.001888,-0.004935,-0.004904,-0.0,-0.004244,-0.0,-0.003635,-0.000845,0.0,-0.000943,-0.006598,-0.004546,-0.003318,-0.003408,-0.004885,-0.001117,-0.000587,-0.000696,-0.0,-0.000278,-0.001996,-0.002516,-0.004012
2017-06-01 17:06:00+02:00,-0.0,0.0,-0.000237,-0.003235,-4e-05,-0.0,-0.000363,-0.000731,-0.002078,-0.0,-0.0,-0.0,-0.004911,-0.004868,-0.001956,-0.004137,-0.0,-0.0,-0.0,-0.00435,0.0,-0.004336,-0.001839,-0.0,-0.004504,-0.004763,-0.000529,0.0,-0.000693,-0.0,-0.0,-0.002939,0.0,-0.003238,-0.00442,-0.0,-0.000628,-0.001656,0.0,-0.005305,-0.001079,-0.0,-0.001822,0.0,-1e-06,-0.001375,-0.00069,-0.001487,-0.001202,0.0,-0.0,-0.002805,-0.00312,-0.005239,-0.0,0.0,-0.0,-0.0,0.0,-0.000736,-0.002524,-0.004875,-0.002865,0.0,-0.000346,-0.00438,-0.000236,-0.001587,0.0,-0.000387,-0.001214,-0.0,-0.0,-0.003382,-0.004891,0.0,-0.0,-0.0,-0.001272,-0.0,-0.002636,-0.0,-0.001595,-0.00501,-0.0,-0.0,-0.001993,-0.0,-0.0,-0.0,-0.0,-0.003195,-0.004804,0.0,-0.002807,-0.00186,-0.004898,-0.004868,-0.0,-0.00417,-0.0,-0.003613,-0.000831,0.0,-0.000934,-0.006533,-0.004503,-0.003267,-0.00339,-0.004851,-0.001108,-0.000586,-0.000691,-0.0,-0.000285,-0.001981,-0.002507,-0.00396
2017-06-01 17:07:00+02:00,-0.0,0.0,-0.00024,-0.003195,-3.3e-05,-0.0,-0.000352,-0.000713,-0.002015,-0.0,-0.0,-0.0,-0.004851,-0.004782,-0.001912,-0.004089,-0.0,-0.0,-0.0,-0.004308,0.0,-0.004292,-0.001807,-0.0,-0.004385,-0.004708,-0.000514,0.0,-0.000682,-0.0,-0.0,-0.002868,0.0,-0.003169,-0.004341,-0.0,-0.000601,-0.001629,0.0,-0.005203,-0.001059,-0.0,-0.001807,0.0,-1e-06,-0.001361,-0.000675,-0.00146,-0.001167,0.0,-0.0,-0.002777,-0.003085,-0.00517,-0.0,0.0,-0.0,-0.0,0.0,-0.00072,-0.002495,-0.004777,-0.002831,0.0,-0.000347,-0.00433,-0.000228,-0.001558,0.0,-0.000378,-0.001203,-0.0,-0.0,-0.003353,-0.004805,0.0,-0.0,-0.0,-0.001249,-0.0,-0.0026,-0.0,-0.001577,-0.004905,-0.0,-0.0,-0.001943,-0.0,-0.0,-0.0,-0.0,-0.003155,-0.004729,0.0,-0.002779,-0.001812,-0.00484,-0.004811,-0.0,-0.004075,-0.0,-0.003571,-0.000818,0.0,-0.000916,-0.006444,-0.004434,-0.003195,-0.003351,-0.004795,-0.001088,-0.000577,-0.000684,-0.0,-0.000276,-0.001966,-0.002479,-0.003885
2017-06-01 17:08:00+02:00,-0.0,0.0,-0.000258,-0.00316,-3.4e-05,-0.0,-0.000344,-0.000699,-0.001974,-0.0,-0.0,-0.0,-0.004826,-0.004738,-0.001898,-0.004048,-0.0,-0.0,-0.0,-0.004289,0.0,-0.004271,-0.001784,-0.0,-0.004317,-0.00466,-0.000502,0.0,-0.000674,-0.0,-0.0,-0.002828,0.0,-0.003134,-0.004302,-0.0,-0.000603,-0.001609,0.0,-0.005152,-0.001044,-0.0,-0.001811,0.0,-0.0,-0.001353,-0.000661,-0.001441,-0.00115,0.0,-0.0,-0.002762,-0.003053,-0.005139,-0.0,0.0,-1e-05,-0.0,0.0,-0.000713,-0.002479,-0.004728,-0.002802,0.0,-0.000365,-0.004286,-0.000223,-0.001538,0.0,-0.000372,-0.001203,-0.0,-0.0,-0.003339,-0.004762,0.0,-0.0,-0.0,-0.001235,-0.0,-0.002568,-0.0,-0.001566,-0.00485,-0.0,-0.0,-0.00191,-0.0,-0.0,-0.0,-0.0,-0.00312,-0.004691,0.0,-0.002755,-0.001799,-0.004789,-0.004762,-0.0,-0.004027,-0.0,-0.003535,-0.000812,0.0,-0.000901,-0.006408,-0.004399,-0.003163,-0.003319,-0.004747,-0.001072,-0.00057,-0.000686,-0.0,-0.000275,-0.00197,-0.002457,-0.003844
2017-06-01 17:09:00+02:00,-0.0,0.0,-0.000275,-0.003134,-3.8e-05,-0.0,-0.000338,-0.000686,-0.001931,-0.0,-0.0,-0.0,-0.004784,-0.004682,-0.001877,-0.004018,-0.0,-0.0,-0.0,-0.004271,0.0,-0.004251,-0.001766,-0.0,-0.004243,-0.004624,-0.000492,0.0,-0.000668,-0.0,-0.0,-0.002783,0.0,-0.003092,-0.004251,-0.0,-0.000598,-0.001595,0.0,-0.00509,-0.001032,-0.0,-0.001815,0.0,-0.0,-0.00135,-0.00065,-0.001423,-0.001129,0.0,-0.0,-0.002746,-0.003028,-0.005093,-0.0,0.0,-2.1e-05,-0.0,0.0,-0.000709,-0.002462,-0.004668,-0.002782,0.0,-0.000381,-0.004254,-0.000219,-0.001519,0.0,-0.000369,-0.001202,-0.0,-0.0,-0.003324,-0.004707,0.0,-0.0,-0.0,-0.001226,-0.0,-0.002542,-0.0,-0.001559,-0.004784,-0.0,-0.0,-0.001874,-0.0,-0.0,-0.0,-0.0,-0.003091,-0.00464,0.0,-0.002736,-0.001778,-0.00475,-0.004725,-0.0,-0.003972,-0.0,-0.003508,-0.000806,0.0,-0.00089,-0.006354,-0.004351,-0.003124,-0.003295,-0.004711,-0.001059,-0.000566,-0.000687,-0.0,-0.000277,-0.001975,-0.002442,-0.003793
2017-06-01 17:10:00+02:00,-0.0,0.0,-0.000292,-0.003118,-4.7e-05,-0.0,-0.000334,-0.000678,-0.001902,-0.0,-0.0,-0.0,-0.004765,-0.004652,-0.001872,-0.003999,-0.0,-0.0,-0.0,-0.004259,0.0,-0.004237,-0.001758,-0.0,-0.0042,-0.004601,-0.000485,0.0,-0.000665,-0.0,-0.0,-0.002756,0.0,-0.003071,-0.004225,-0.0,-0.000607,-0.00159,0.0,-0.005059,-0.001025,-0.0,-0.001822,0.0,-0.0,-0.001353,-0.000642,-0.001408,-0.001118,0.0,-0.0,-0.002733,-0.00301,-0.00507,-0.0,0.0,-3.4e-05,-0.0,0.0,-0.000713,-0.002448,-0.004638,-0.00277,0.0,-0.000398,-0.004233,-0.000218,-0.001502,0.0,-0.000369,-0.001203,-0.0,-0.0,-0.003313,-0.004679,0.0,-0.0,-0.0,-0.001224,-0.0,-0.002521,-0.0,-0.001559,-0.004749,-0.0,-0.0,-0.001847,-0.0,-0.0,-0.0,-0.0,-0.003069,-0.004613,0.0,-0.002724,-0.001777,-0.004724,-0.0047,-0.0,-0.003945,-0.0,-0.00349,-0.000801,0.0,-0.000883,-0.006332,-0.004324,-0.003109,-0.003281,-0.004688,-0.001052,-0.000564,-0.00069,-0.0,-0.000285,-0.001981,-0.002436,-0.003762
2017-06-01 17:11:00+02:00,-0.0,0.0,-0.000295,-0.003111,-4.9e-05,-0.0,-0.000328,-0.000666,-0.001878,-0.0,-0.0,-0.0,-0.004749,-0.00463,-0.001869,-0.003991,-0.0,-0.0,-0.0,-0.004235,0.0,-0.004211,-0.001742,-0.0,-0.004167,-0.004591,-0.000476,0.0,-0.000663,-0.0,-0.0,-0.002735,0.0,-0.003055,-0.004208,-0.0,-0.000615,-0.001577,0.0,-0.00504,-0.001014,-0.0,-0.001813,0.0,-0.0,-0.00136,-0.000635,-0.001387,-0.001109,0.0,-0.0,-0.002711,-0.003,-0.005053,-0.0,0.0,-3.3e-05,-0.0,0.0,-0.000708,-0.002425,-0.004619,-0.002767,0.0,-0.000399,-0.004224,-0.000214,-0.00148,0.0,-0.000365,-0.001194,-0.0,-0.0,-0.003291,-0.004659,0.0,-0.0,-0.0,-0.001215,-0.0,-0.002508,-0.0,-0.001563,-0.004724,-0.0,-0.0,-0.001823,-0.0,-0.0,-0.0,-0.0,-0.003055,-0.004591,0.0,-0.002721,-0.001777,-0.00471,-0.004688,-0.0,-0.003926,-0.0,-0.003485,-0.000791,0.0,-0.000872,-0.006318,-0.004302,-0.003099,-0.003278,-0.004678,-0.00104,-0.000564,-0.000684,-0.0,-0.000284,-0.001973,-0.002437,-0.003736
2017-06-01 17:12:00+02:00,-0.0,0.0,-0.000296,-0.003095,-4.2e-05,-0.0,-0.00032,-0.000653,-0.001853,-0.0,-0.0,-0.0,-0.004733,-0.004608,-0.001862,-0.003974,-0.0,-0.0,-0.0,-0.004211,0.0,-0.004185,-0.001721,-0.0,-0.004132,-0.00457,-0.000465,0.0,-0.000657,-0.0,-0.0,-0.002714,0.0,-0.003038,-0.00419,-0.0,-0.000616,-0.001559,0.0,-0.005018,-0.001,-0.0,-0.001803,0.0,-0.0,-0.001356,-0.000625,-0.001367,-0.001097,0.0,-0.0,-0.00269,-0.002984,-0.005036,-0.0,0.0,-3.1e-05,-0.0,0.0,-0.000697,-0.002404,-0.004596,-0.002754,0.0,-0.000399,-0.004205,-0.000209,-0.001459,0.0,-0.000358,-0.001185,-0.0,-0.0,-0.003271,-0.00464,0.0,-0.0,-0.0,-0.0012,-0.0,-0.00249,-0.0,-0.001556,-0.004696,-0.0,-0.0,-0.001797,-0.0,-0.0,-0.0,-0.0,-0.003036,-0.004571,0.0,-0.00271,-0.001771,-0.004686,-0.004665,-0.0,-0.003905,-0.0,-0.003469,-0.00078,0.0,-0.000858,-0.006301,-0.004281,-0.003084,-0.003265,-0.004657,-0.001026,-0.000559,-0.000678,-0.0,-0.000277,-0.001964,-0.002427,-0.003711
2017-06-01 17:13:00+02:00,-0.0,0.0,-0.000304,-0.003086,-4.3e-05,-0.0,-0.000314,-0.000643,-0.001841,-0.0,-0.0,-0.0,-0.004736,-0.004608,-0.001872,-0.003965,-0.0,-0.0,-0.0,-0.004199,0.0,-0.004171,-0.001709,-0.0,-0.004125,-0.004558,-0.000456,0.0,-0.000654,-0.0,-0.0,-0.002712,0.0,-0.003041,-0.004194,-0.0,-0.000631,-0.001549,0.0,-0.005019,-0.000991,-0.0,-0.001802,0.0,-0.0,-0.001358,-0.000617,-0.001351,-0.001094,0.0,-0.0,-0.002679,-0.002976,-0.005041,-0.0,0.0,-3.8e-05,-0.0,0.0,-0.000694,-0.002391,-0.004596,-0.002749,0.0,-0.000407,-0.004196,-0.000205,-0.001441,0.0,-0.000354,-0.001181,-0.0,-0.0,-0.003263,-0.004642,0.0,-0.0,-0.0,-0.001193,-0.0,-0.002478,-0.0,-0.001557,-0.004691,-0.0,-0.0,-0.001775,-0.0,-0.0,-0.0,-0.0,-0.003024,-0.004569,0.0,-0.002709,-0.001782,-0.004671,-0.004652,-0.0,-0.003907,-0.0,-0.003462,-0.000772,0.0,-0.000849,-0.006306,-0.004277,-0.00309,-0.00326,-0.004645,-0.001016,-0.000557,-0.000677,-0.0,-0.000276,-0.001963,-0.002426,-0.003701
2017-06-01 17:14:00+02:00,-0.0,0.0,-0.000294,-0.003072,-3.8e-05,-0.0,-0.000306,-0.00063,-0.001837,-0.0,-0.0,-0.0,-0.00475,-0.00462,-0.001888,-0.003949,-0.0,-0.0,-0.0,-0.00416,0.0,-0.004131,-0.001689,-0.0,-0.004139,-0.004538,-0.000445,0.0,-0.000649,-0.0,-0.0,-0.002723,0.0,-0.003057,-0.004209,-0.0,-0.00065,-0.001532,0.0,-0.005031,-0.000978,-0.0,-0.001776,0.0,-0.0,-0.001357,-0.000607,-0.001324,-0.001094,0.0,-0.0,-0.002651,-0.002964,-0.005059,-0.0,0.0,-3e-05,-0.0,0.0,-0.000683,-0.002363,-0.004606,-0.002738,0.0,-0.000396,-0.004178,-0.000199,-0.001413,0.0,-0.000347,-0.001163,-0.0,-0.0,-0.003234,-0.004658,0.0,-0.0,-0.0,-0.001179,-0.0,-0.002462,-0.0,-0.001554,-0.004698,-0.0,-0.0,-0.001755,-0.0,-0.0,-0.0,-0.0,-0.003008,-0.00458,0.0,-0.002702,-0.001799,-0.004648,-0.00463,-0.0,-0.003926,-0.0,-0.003448,-0.000755,0.0,-0.000837,-0.006325,-0.004284,-0.003105,-0.003248,-0.004625,-0.001003,-0.000553,-0.000665,-0.0,-0.000269,-0.001937,-0.002419,-0.003701
2017-06-01 17:15:00+02:00,-0.0,0.0,-0.000294,-0.003043,-3.6e-05,-0.0,-0.000299,-0.000618,-0.001831,-0.0,-0.0,-0.0,-0.004755,-0.004625,-0.001901,-0.003915,-0.0,-0.0,-0.0,-0.004134,0.0,-0.004103,-0.001674,-0.0,-0.004147,-0.004497,-0.000435,0.0,-0.00064,-0.0,-0.0,-0.002729,0.0,-0.003068,-0.004218,-0.0,-0.000667,-0.00152,0.0,-0.005037,-0.000968,-0.0,-0.001764,0.0,-0.0,-0.001347,-0.000594,-0.001302,-0.001092,0.0,-0.0,-0.00263,-0.002937,-0.005069,-0.0,0.0,-2.9e-05,-0.0,0.0,-0.000676,-0.002341,-0.004612,-0.002713,0.0,-0.000394,-0.004142,-0.000194,-0.00139,0.0,-0.000342,-0.001153,-0.0,-0.0,-0.003214,-0.004666,0.0,-0.0,-0.0,-0.001169,-0.0,-0.002435,-0.0,-0.001541,-0.004699,-0.0,-0.0,-0.001734,-0.0,-0.0,-0.0,-0.0,-0.002977,-0.004584,0.0,-0.002682,-0.001813,-0.004603,-0.004586,-0.0,-0.00394,-0.0,-0.003418,-0.000742,0.0,-0.000827,-0.006336,-0.004285,-0.003115,-0.003221,-0.004584,-0.000992,-0.000545,-0.000658,-0.0,-0.000266,-0.001925,-0.002399,-0.003694
2017-06-01 17:16:00+02:00,-0.0,0.0,-0.000274,-0.003001,-2.8e-05,-0.0,-0.000288,-0.000602,-0.001806,-0.0,-0.0,-0.0,-0.004721,-0.00459,-0.001884,-0.003869,-0.0,-0.0,-0.0,-0.004089,0.0,-0.004057,-0.001644,-0.0,-0.004111,-0.004445,-0.000422,0.0,-0.000625,-0.0,-0.0,-0.002704,0.0,-0.003044,-0.004188,-0.0,-0.000654,-0.001492,0.0,-0.005001,-0.000949,-0.0,-0.001734,0.0,-0.0,-0.001324,-0.000578,-0.001275,-0.001074,0.0,-0.0,-0.002595,-0.002899,-0.005035,-0.0,0.0,-2.3e-05,-0.0,0.0,-0.000654,-0.002307,-0.004576,-0.002676,0.0,-0.000373,-0.004093,-0.000186,-0.001361,0.0,-0.000329,-0.001132,-0.0,-0.0,-0.003178,-0.004634,0.0,-0.0,-0.0,-0.001144,-0.0,-0.002398,-0.0,-0.001515,-0.004658,-0.0,-0.0,-0.001701,-0.0,-0.0,-0.0,-0.0,-0.002937,-0.004548,0.0,-0.00265,-0.001795,-0.004546,-0.004531,-0.0,-0.003912,-0.0,-0.003375,-0.000725,0.0,-0.000809,-0.006296,-0.004248,-0.003088,-0.003181,-0.004531,-0.000972,-0.000532,-0.000642,-0.0,-0.000248,-0.001896,-0.002367,-0.003657
2017-06-01 17:17:00+02:00,-0.0,0.0,-0.000258,-0.002969,-2.3e-05,-0.0,-0.000279,-0.000587,-0.001773,-0.0,-0.0,-0.0,-0.00467,-0.004541,-0.001859,-0.003836,-0.0,-0.0,-0.0,-0.00405,0.0,-0.004017,-0.001617,-0.0,-0.004056,-0.004408,-0.00041,0.0,-0.000613,-0.0,-0.0,-0.002668,0.0,-0.003009,-0.004146,-0.0,-0.000636,-0.001468,0.0,-0.004949,-0.000931,-0.0,-0.001709,0.0,-0.0,-0.001308,-0.000565,-0.001249,-0.001053,0.0,-0.0,-0.002563,-0.002871,-0.004983,-0.0,0.0,-1.9e-05,-0.0,0.0,-0.000636,-0.002276,-0.004526,-0.002649,0.0,-0.000356,-0.004058,-0.000178,-0.001334,0.0,-0.000318,-0.001113,-0.0,-0.0,-0.003146,-0.004587,0.0,-0.0,-0.0,-0.001122,-0.0,-0.00237,-0.0,-0.001497,-0.004602,-0.0,-0.0,-0.001662,-0.0,-0.0,-0.0,-0.0,-0.002906,-0.004497,0.0,-0.002627,-0.001768,-0.004504,-0.004491,-0.0,-0.003868,-0.0,-0.003344,-0.000708,0.0,-0.000792,-0.006234,-0.004197,-0.00305,-0.003152,-0.004493,-0.000954,-0.000521,-0.000628,-0.0,-0.000233,-0.001871,-0.002344,-0.003609
2017-06-01 17:18:00+02:00,-0.0,0.0,-0.000244,-0.002939,-1.8e-05,-0.0,-0.000269,-0.000571,-0.001754,-0.0,-0.0,-0.0,-0.004651,-0.004523,-0.001855,-0.003803,-0.0,-0.0,-0.0,-0.004007,0.0,-0.003972,-0.001589,-0.0,-0.004036,-0.004369,-0.000397,0.0,-0.000602,-0.0,-0.0,-0.002655,0.0,-0.002999,-0.004132,-0.0,-0.000639,-0.001443,0.0,-0.004931,-0.000913,-0.0,-0.001683,0.0,-0.0,-0.001295,-0.000552,-0.001222,-0.001042,0.0,-0.0,-0.00253,-0.002844,-0.004964,-0.0,0.0,-1.5e-05,-0.0,0.0,-0.000619,-0.002243,-0.004508,-0.002623,0.0,-0.00034,-0.004024,-0.000171,-0.001305,0.0,-0.000308,-0.001094,-0.0,-0.0,-0.003111,-0.004571,0.0,-0.0,-0.0,-0.001101,-0.0,-0.002342,-0.0,-0.001481,-0.004578,-0.0,-0.0,-0.001632,-0.0,-0.0,-0.0,-0.0,-0.002875,-0.004476,0.0,-0.002605,-0.001765,-0.004461,-0.004449,-0.0,-0.003857,-0.0,-0.003314,-0.000691,0.0,-0.000775,-0.006213,-0.004174,-0.00304,-0.003124,-0.004453,-0.000935,-0.000512,-0.000614,-0.0,-0.00022,-0.001846,-0.002323,-0.003583
2017-06-01 17:19:00+02:00,-0.0,0.0,-0.000224,-0.002906,-1.5e-05,-0.0,-0.000257,-0.000552,-0.001727,-0.0,-0.0,-0.0,-0.004614,-0.004488,-0.001841,-0.003767,-0.0,-0.0,-0.0,-0.003948,0.0,-0.003912,-0.00155,-0.0,-0.003998,-0.004329,-0.000382,0.0,-0.00059,-0.0,-0.0,-0.00263,0.0,-0.002976,-0.004102,-0.0,-0.000631,-0.001406,0.0,-0.004896,-0.000887,-0.0,-0.001648,0.0,-0.0,-0.001279,-0.000538,-0.00119,-0.001026,0.0,-0.0,-0.002486,-0.002813,-0.004928,-0.0,0.0,-1.2e-05,-0.0,0.0,-0.000591,-0.002202,-0.004473,-0.002594,0.0,-0.000318,-0.003986,-0.000161,-0.001271,0.0,-0.000292,-0.001069,-0.0,-0.0,-0.003063,-0.004539,0.0,-0.0,-0.0,-0.001069,-0.0,-0.002311,-0.0,-0.001462,-0.004538,-0.0,-0.0,-0.001597,-0.0,-0.0,-0.0,-0.0,-0.002842,-0.004439,0.0,-0.00258,-0.00175,-0.004416,-0.004406,-0.0,-0.003829,-0.0,-0.003281,-0.000671,0.0,-0.000752,-0.006171,-0.004136,-0.003015,-0.003093,-0.004412,-0.000909,-0.000501,-0.000595,-0.0,-0.000198,-0.00181,-0.002299,-0.003545
2017-06-01 17:20:00+02:00,-0.0,0.0,-0.000209,-0.002889,-1.2e-05,-0.0,-0.000248,-0.000536,-0.001704,-0.0,-0.0,-0.0,-0.004582,-0.004458,-0.001829,-0.003751,-0.0,-0.0,-0.0,-0.003899,0.0,-0.003862,-0.00152,-0.0,-0.003968,-0.004311,-0.00037,0.0,-0.000583,-0.0,-0.0,-0.002609,0.0,-0.002956,-0.004077,-0.0,-0.000627,-0.001378,0.0,-0.004867,-0.000867,-0.0,-0.00162,0.0,-0.0,-0.001274,-0.000528,-0.001162,-0.001012,0.0,-0.0,-0.002448,-0.002797,-0.004897,-0.0,0.0,-1e-05,-0.0,0.0,-0.000571,-0.002165,-0.004446,-0.002581,0.0,-0.000302,-0.003969,-0.000154,-0.001242,0.0,-0.00028,-0.001049,-0.0,-0.0,-0.003022,-0.004511,0.0,-0.0,-0.0,-0.001044,-0.0,-0.002293,-0.0,-0.001455,-0.004504,-0.0,-0.0,-0.001567,-0.0,-0.0,-0.0,-0.0,-0.002823,-0.004407,0.0,-0.002569,-0.00174,-0.004394,-0.004385,-0.0,-0.003808,-0.0,-0.003266,-0.000654,0.0,-0.000733,-0.006137,-0.004102,-0.002995,-0.00308,-0.004394,-0.000889,-0.000496,-0.000581,-0.0,-0.000181,-0.001783,-0.002289,-0.003511
2017-06-01 17:21:00+02:00,-0.0,0.0,-0.000219,-0.002889,-9e-06,-0.0,-0.000242,-0.000526,-0.00169,-0.0,-0.0,-0.0,-0.004568,-0.004448,-0.001834,-0.003753,-0.0,-0.0,-0.0,-0.003886,0.0,-0.003847,-0.001507,-0.0,-0.00396,-0.004312,-0.000362,0.0,-0.000583,-0.0,-0.0,-0.002603,0.0,-0.002955,-0.004073,-0.0,-0.000639,-0.001367,0.0,-0.004863,-0.000857,-0.0,-0.001622,0.0,-0.0,-0.001283,-0.000522,-0.001146,-0.001006,0.0,-0.0,-0.002434,-0.002794,-0.004885,-0.0,0.0,-8e-06,-0.0,0.0,-0.000567,-0.00215,-0.004441,-0.002584,0.0,-0.000311,-0.003971,-0.00015,-0.001224,0.0,-0.000276,-0.001046,-0.0,-0.0,-0.00301,-0.004504,0.0,-0.0,-0.0,-0.001036,-0.0,-0.002285,-0.0,-0.001462,-0.004494,-0.0,-0.0,-0.001542,-0.0,-0.0,-0.0,-0.0,-0.002817,-0.004393,0.0,-0.002571,-0.001748,-0.00439,-0.004383,-0.0,-0.003809,-0.0,-0.003268,-0.000647,0.0,-0.000724,-0.006128,-0.004085,-0.002997,-0.003083,-0.004395,-0.000879,-0.000496,-0.00058,-0.0,-0.00018,-0.001785,-0.002295,-0.003492
2017-06-01 17:22:00+02:00,-0.0,0.0,-0.000195,-0.00287,-7e-06,-0.0,-0.000235,-0.000514,-0.001668,-0.0,-0.0,-0.0,-0.004541,-0.004424,-0.001823,-0.003736,-0.0,-0.0,-0.0,-0.003802,0.0,-0.003764,-0.001488,-0.0,-0.003932,-0.004294,-0.000351,0.0,-0.000574,-0.0,-0.0,-0.002584,0.0,-0.002938,-0.004052,-0.0,-0.000632,-0.001349,0.0,-0.004839,-0.000843,-0.0,-0.00158,0.0,-0.0,-0.001274,-0.000511,-0.00111,-0.000992,0.0,-0.0,-0.002378,-0.002778,-0.004859,-0.0,0.0,-7e-06,-0.0,0.0,-0.000553,-0.002097,-0.004418,-0.002569,0.0,-0.000286,-0.003953,-0.000144,-0.001186,0.0,-0.000268,-0.001017,-0.0,-0.0,-0.002944,-0.004482,0.0,-0.0,-0.0,-0.00102,-0.0,-0.002266,-0.0,-0.001452,-0.004466,-0.0,-0.0,-0.001512,-0.0,-0.0,-0.0,-0.0,-0.002798,-0.004366,0.0,-0.002558,-0.001737,-0.004368,-0.004363,-0.0,-0.00379,-0.0,-0.003252,-0.000625,0.0,-0.00071,-0.0061,-0.004057,-0.002979,-0.003067,-0.004377,-0.000865,-0.000488,-0.000559,-0.0,-0.00017,-0.001742,-0.002283,-0.003462
2017-06-01 17:23:00+02:00,-0.0,0.0,-0.000164,-0.002849,-6e-06,-0.0,-0.000227,-0.000502,-0.001644,-0.0,-0.0,-0.0,-0.00451,-0.004396,-0.00181,-0.003716,-0.0,-0.0,-0.0,-0.003688,0.0,-0.003653,-0.00147,-0.0,-0.003899,-0.004273,-0.000342,0.0,-0.000565,-0.0,-0.0,-0.002563,0.0,-0.002919,-0.004029,-0.0,-0.000623,-0.001331,0.0,-0.00481,-0.00083,-0.0,-0.001525,0.0,-0.0,-0.001264,-0.0005,-0.001065,-0.000977,0.0,-0.0,-0.002305,-0.00276,-0.00483,-0.0,0.0,-5e-06,-0.0,0.0,-0.000541,-0.00203,-0.00439,-0.002551,0.0,-0.000252,-0.003933,-0.000139,-0.001139,0.0,-0.000261,-0.00098,-0.0,-0.0,-0.002857,-0.004456,0.0,-0.0,-0.0,-0.001006,-0.0,-0.002246,-0.0,-0.001439,-0.004432,-0.0,-0.0,-0.00148,-0.0,-0.0,-0.0,-0.0,-0.002778,-0.004335,0.0,-0.002544,-0.001723,-0.004342,-0.004339,-0.0,-0.003767,-0.0,-0.003233,-0.000599,0.0,-0.000698,-0.006065,-0.004024,-0.002958,-0.003049,-0.004356,-0.000852,-0.00048,-0.000533,-0.0,-0.000161,-0.001685,-0.002269,-0.003429
2017-06-01 17:24:00+02:00,-0.0,0.0,-0.000137,-0.002822,-5e-06,-0.0,-0.000221,-0.000491,-0.001618,-0.0,-0.0,-0.0,-0.004478,-0.004368,-0.001799,-0.003688,-0.0,-0.0,-0.0,-0.00359,0.0,-0.003556,-0.001454,-0.0,-0.003863,-0.004241,-0.000332,0.0,-0.000554,-0.0,-0.0,-0.00254,0.0,-0.002899,-0.004006,-0.0,-0.000617,-0.001316,0.0,-0.004778,-0.000818,-0.0,-0.001476,0.0,-0.0,-0.001251,-0.000486,-0.001025,-0.000962,0.0,-0.0,-0.002243,-0.002737,-0.0048,-0.0,0.0,-4e-06,-0.0,0.0,-0.000533,-0.001972,-0.004359,-0.002527,0.0,-0.000223,-0.003903,-0.000134,-0.001096,0.0,-0.000255,-0.000947,-0.0,-0.0,-0.002784,-0.004431,0.0,-0.0,-0.0,-0.000995,-0.0,-0.002221,-0.0,-0.001424,-0.004395,-0.0,-0.0,-0.001443,-0.0,-0.0,-0.0,-0.0,-0.002752,-0.004304,0.0,-0.002526,-0.001711,-0.004306,-0.004304,-0.0,-0.00374,-0.0,-0.003206,-0.000574,0.0,-0.000686,-0.006026,-0.003991,-0.002935,-0.003024,-0.004324,-0.00084,-0.000471,-0.00051,-0.0,-0.000155,-0.001634,-0.002249,-0.003395
2017-06-01 17:25:00+02:00,-0.0,0.0,-0.000109,-0.002777,-4e-06,-0.0,-0.000211,-0.000474,-0.001584,-0.0,-0.0,-0.0,-0.004434,-0.004327,-0.001777,-0.00364,-0.0,-0.0,-0.0,-0.00347,0.0,-0.003437,-0.001421,-0.0,-0.003808,-0.004189,-0.000318,0.0,-0.000539,-0.0,-0.0,-0.002505,0.0,-0.002866,-0.003969,-0.0,-0.000601,-0.001285,0.0,-0.00473,-0.000797,-0.0,-0.001402,0.0,-0.0,-0.001225,-0.00047,-0.000977,-0.000941,0.0,-0.0,-0.002164,-0.0027,-0.004756,-0.0,0.0,-3e-06,-0.0,0.0,-0.000511,-0.001899,-0.004313,-0.002488,0.0,-0.000179,-0.003854,-0.000127,-0.001046,0.0,-0.000242,-0.000899,-0.0,-0.0,-0.002692,-0.004392,0.0,-0.0,-0.0,-0.000968,-0.0,-0.002185,-0.0,-0.001396,-0.004344,-0.0,-0.0,-0.001404,-0.0,-0.0,-0.0,-0.0,-0.002713,-0.004261,0.0,-0.002492,-0.001686,-0.004248,-0.004248,-0.0,-0.003697,-0.0,-0.003161,-0.000542,0.0,-0.000667,-0.005971,-0.003946,-0.002898,-0.00298,-0.004271,-0.000818,-0.000457,-0.000475,-0.0,-0.000138,-0.001558,-0.002214,-0.003351
2017-06-01 17:26:00+02:00,-0.0,0.0,-8.7e-05,-0.002747,-3e-06,-0.0,-0.0002,-0.000456,-0.001544,-0.0,-0.0,-0.0,-0.00438,-0.004275,-0.001748,-0.003607,-0.0,-0.0,-0.0,-0.003378,0.0,-0.003347,-0.001384,-0.0,-0.003736,-0.004152,-0.000305,0.0,-0.000528,-0.0,-0.0,-0.002459,0.0,-0.002821,-0.003921,-0.0,-0.000584,-0.00125,0.0,-0.004674,-0.000773,-0.0,-0.001352,0.0,-0.0,-0.001211,-0.000457,-0.00094,-0.000918,0.0,-0.0,-0.002103,-0.00267,-0.004702,-0.0,0.0,-3e-06,-0.0,0.0,-0.000486,-0.001842,-0.004258,-0.002462,0.0,-0.000147,-0.003819,-0.000119,-0.001006,0.0,-0.000229,-0.000865,-0.0,-0.0,-0.00262,-0.004341,0.0,-0.0,-0.0,-0.000938,-0.0,-0.002156,-0.0,-0.001379,-0.004284,-0.0,-0.0,-0.001366,-0.0,-0.0,-0.0,-0.0,-0.002681,-0.004208,0.0,-0.002468,-0.001657,-0.004205,-0.004207,-0.0,-0.003642,-0.0,-0.003131,-0.000518,0.0,-0.000645,-0.005908,-0.003893,-0.002854,-0.002952,-0.004233,-0.000794,-0.000447,-0.000451,-0.0,-0.000118,-0.001506,-0.002192,-0.0033
2017-06-01 17:27:00+02:00,-0.0,0.0,-7e-05,-0.002705,-2e-06,-0.0,-0.000192,-0.000442,-0.001519,-0.0,-0.0,-0.0,-0.004342,-0.004241,-0.001735,-0.003559,-0.0,-0.0,-0.0,-0.003303,0.0,-0.003272,-0.001357,-0.0,-0.003702,-0.004094,-0.000294,0.0,-0.000514,-0.0,-0.0,-0.002434,0.0,-0.002798,-0.003891,-0.0,-0.000581,-0.001225,0.0,-0.004644,-0.000754,-0.0,-0.001313,0.0,-0.0,-0.00119,-0.000443,-0.000907,-0.000904,0.0,-0.0,-0.00205,-0.002629,-0.004665,-0.0,0.0,-2e-06,-0.0,0.0,-0.000471,-0.001793,-0.004229,-0.002425,0.0,-0.000125,-0.003768,-0.000113,-0.000972,0.0,-0.00022,-0.000838,-0.0,-0.0,-0.002559,-0.004309,0.0,-0.0,-0.0,-0.000917,-0.0,-0.002117,-0.0,-0.001355,-0.004248,-0.0,-0.0,-0.001335,-0.0,-0.0,-0.0,-0.0,-0.002635,-0.004172,0.0,-0.002433,-0.001647,-0.004141,-0.004145,-0.0,-0.003616,-0.0,-0.003088,-0.000498,0.0,-0.000628,-0.005871,-0.003855,-0.002833,-0.002911,-0.004174,-0.000775,-0.000435,-0.000433,-0.0,-0.000107,-0.001466,-0.00216,-0.003263
2017-06-01 17:28:00+02:00,-0.0,0.0,-8.9e-05,-0.002691,-2e-06,-0.0,-0.000188,-0.000432,-0.001488,-0.0,-0.0,-0.0,-0.0043,-0.004204,-0.001727,-0.00354,-0.0,-0.0,-0.0,-0.003321,0.0,-0.003288,-0.001345,-0.0,-0.003655,-0.004067,-0.000287,0.0,-0.000511,-0.0,-0.0,-0.002405,0.0,-0.002773,-0.003861,-0.0,-0.000588,-0.001215,0.0,-0.004609,-0.000745,-0.0,-0.00133,0.0,-0.0,-0.001196,-0.000435,-0.000898,-0.00089,0.0,-0.0,-0.002052,-0.00261,-0.004623,-0.0,0.0,-2e-06,-0.0,0.0,-0.000471,-0.001792,-0.004197,-0.002416,0.0,-0.000148,-0.003746,-0.000111,-0.000962,0.0,-0.000218,-0.000844,-0.0,-0.0,-0.002569,-0.004275,0.0,-0.0,-0.0,-0.000912,-0.0,-0.002095,-0.0,-0.001358,-0.00421,-0.0,-0.0,-0.0013,-0.0,-0.0,-0.0,-0.0,-0.00261,-0.00413,0.0,-0.002423,-0.001643,-0.004107,-0.004113,-0.0,-0.003586,-0.0,-0.003074,-0.000496,0.0,-0.000619,-0.005825,-0.003813,-0.002812,-0.002898,-0.004145,-0.000765,-0.000433,-0.000439,-0.0,-0.000113,-0.001484,-0.002157,-0.003222
2017-06-01 17:29:00+02:00,-0.0,0.0,-0.000113,-0.002682,-2e-06,-0.0,-0.000183,-0.000422,-0.001471,-0.0,-0.0,-0.0,-0.004261,-0.004173,-0.00173,-0.003526,-0.0,-0.0,-0.0,-0.003359,0.0,-0.003323,-0.00133,-0.0,-0.003643,-0.004046,-0.000278,0.0,-0.000509,-0.0,-0.0,-0.002394,0.0,-0.002765,-0.003841,-0.0,-0.000604,-0.001202,0.0,-0.004584,-0.000734,-0.0,-0.001354,0.0,-0.0,-0.001207,-0.000427,-0.000892,-0.000881,0.0,-0.0,-0.002066,-0.002595,-0.004586,-0.0,0.0,-1e-06,-0.0,0.0,-0.00047,-0.001801,-0.004176,-0.002413,0.0,-0.000175,-0.003729,-0.000108,-0.000956,0.0,-0.000216,-0.000854,-0.0,-0.0,-0.002595,-0.004249,0.0,-0.0,-0.0,-0.000904,-0.0,-0.002077,-0.0,-0.001366,-0.004183,-0.0,-0.0,-0.001265,-0.0,-0.0,-0.0,-0.0,-0.00259,-0.004094,0.0,-0.002418,-0.00165,-0.004078,-0.004086,-0.0,-0.003578,-0.0,-0.003064,-0.000495,0.0,-0.000609,-0.005782,-0.003774,-0.002806,-0.002891,-0.004122,-0.000754,-0.000434,-0.000448,-0.0,-0.000118,-0.00151,-0.002158,-0.003184
2017-06-01 17:30:00+02:00,-0.0,0.0,-0.000125,-0.002652,-1e-06,-0.0,-0.000175,-0.000407,-0.001445,-0.0,-0.0,-0.0,-0.00422,-0.004136,-0.001719,-0.003491,-0.0,-0.0,-0.0,-0.003373,0.0,-0.003335,-0.001302,-0.0,-0.003604,-0.004003,-0.000267,0.0,-0.0005,-0.0,-0.0,-0.002367,0.0,-0.002741,-0.00381,-0.0,-0.000605,-0.001177,0.0,-0.004547,-0.000716,-0.0,-0.001362,0.0,-0.0,-0.001199,-0.000415,-0.00088,-0.000867,0.0,-0.0,-0.002064,-0.002564,-0.004546,-0.0,0.0,-1e-06,-0.0,0.0,-0.000457,-0.001796,-0.004143,-0.002388,0.0,-0.00019,-0.003691,-0.000103,-0.000944,0.0,-0.000209,-0.000855,-0.0,-0.0,-0.002601,-0.004214,0.0,-0.0,-0.0,-0.000884,-0.0,-0.002046,-0.0,-0.001355,-0.004144,-0.0,-0.0,-0.001231,-0.0,-0.0,-0.0,-0.0,-0.002555,-0.004054,0.0,-0.002394,-0.001641,-0.004029,-0.004039,-0.0,-0.003549,-0.0,-0.003034,-0.00049,0.0,-0.000593,-0.005736,-0.003732,-0.002783,-0.002861,-0.004078,-0.000736,-0.000426,-0.00045,-0.0,-0.00011,-0.001519,-0.002139,-0.003143
2017-06-01 17:31:00+02:00,-0.0,0.0,-0.0001,-0.002605,-1e-06,-0.0,-0.000166,-0.000391,-0.001418,-0.0,-0.0,-0.0,-0.00417,-0.00409,-0.001699,-0.003437,-0.0,-0.0,-0.0,-0.003194,0.0,-0.003155,-0.001266,-0.0,-0.003566,-0.003942,-0.000255,0.0,-0.000485,-0.0,-0.0,-0.002338,0.0,-0.002711,-0.003771,-0.0,-0.000596,-0.001143,0.0,-0.004503,-0.000693,-0.0,-0.001191,0.0,-0.0,-0.001173,-0.0004,-0.000814,-0.000849,0.0,-0.0,-0.001938,-0.002519,-0.004497,-0.0,0.0,-1e-06,-0.0,0.0,-0.000435,-0.001683,-0.004102,-0.002346,0.0,-0.000152,-0.003634,-9.6e-05,-0.000877,0.0,-0.000197,-0.00075,-0.0,-0.0,-0.002455,-0.004171,0.0,-0.0,-0.0,-0.000856,-0.0,-0.002004,-0.0,-0.001326,-0.004097,-0.0,-0.0,-0.001196,-0.0,-0.0,-0.0,-0.0,-0.002507,-0.004006,0.0,-0.002354,-0.001623,-0.003961,-0.003973,-0.0,-0.003517,-0.0,-0.002985,-0.000431,0.0,-0.000572,-0.005682,-0.003684,-0.002752,-0.002814,-0.004015,-0.000712,-0.000412,-0.000379,-0.0,-9.3e-05,-0.001338,-0.002102,-0.003097
2017-06-01 17:32:00+02:00,-0.0,0.0,-8e-05,-0.002555,-1e-06,-0.0,-0.000157,-0.000375,-0.001383,-0.0,-0.0,-0.0,-0.004114,-0.004037,-0.001673,-0.003382,-0.0,-0.0,-0.0,-0.003042,0.0,-0.003002,-0.001232,-0.0,-0.003506,-0.00388,-0.000243,0.0,-0.000468,-0.0,-0.0,-0.002297,0.0,-0.002671,-0.003723,-0.0,-0.00058,-0.00111,0.0,-0.004448,-0.000671,-0.0,-0.001044,0.0,-0.0,-0.001143,-0.000384,-0.000757,-0.000827,0.0,-0.0,-0.00183,-0.002473,-0.00444,-0.0,0.0,-1e-06,-0.0,0.0,-0.000413,-0.001586,-0.00405,-0.002301,0.0,-0.000122,-0.003577,-9e-05,-0.00082,0.0,-0.000185,-0.000659,-0.0,-0.0,-0.002331,-0.004119,0.0,-0.0,-0.0,-0.000828,-0.0,-0.001961,-0.0,-0.001294,-0.00404,-0.0,-0.0,-0.001159,-0.0,-0.0,-0.0,-0.0,-0.002459,-0.003951,0.0,-0.002313,-0.001597,-0.003892,-0.003906,-0.0,-0.003468,-0.0,-0.002934,-0.000381,0.0,-0.000552,-0.005618,-0.003629,-0.002711,-0.002765,-0.003951,-0.000689,-0.000397,-0.000318,-0.0,-7.6e-05,-0.001183,-0.002061,-0.003045
2017-06-01 17:33:00+02:00,-0.0,0.0,-6.4e-05,-0.002523,-1e-06,-0.0,-0.000154,-0.000367,-0.001369,-0.0,-0.0,-0.0,-0.004092,-0.004021,-0.001678,-0.003346,-0.0,-0.0,-0.0,-0.002926,0.0,-0.002885,-0.001223,-0.0,-0.003501,-0.00384,-0.000237,0.0,-0.000457,-0.0,-0.0,-0.002289,0.0,-0.002667,-0.003714,-0.0,-0.000596,-0.001103,0.0,-0.00444,-0.000663,-0.0,-0.000934,0.0,-0.0,-0.001128,-0.000372,-0.000711,-0.000821,0.0,-0.0,-0.001746,-0.002441,-0.004421,-0.0,0.0,-1e-06,-0.0,0.0,-0.000416,-0.001511,-0.004044,-0.002274,0.0,-9.7e-05,-0.003539,-8.9e-05,-0.000774,0.0,-0.000185,-0.00059,-0.0,-0.0,-0.002235,-0.004106,0.0,-0.0,-0.0,-0.000825,-0.0,-0.00193,-0.0,-0.001277,-0.004028,-0.0,-0.0,-0.001133,-0.0,-0.0,-0.0,-0.0,-0.002424,-0.003931,0.0,-0.002286,-0.001608,-0.003846,-0.003862,-0.0,-0.003469,-0.0,-0.002902,-0.000341,0.0,-0.000545,-0.005603,-0.003606,-0.002711,-0.002734,-0.00391,-0.000681,-0.000388,-0.000273,-0.0,-8.2e-05,-0.001066,-0.002038,-0.003021
2017-06-01 17:34:00+02:00,-0.0,0.0,-5.1e-05,-0.002507,-1e-06,-0.0,-0.000148,-0.000356,-0.001347,-0.0,-0.0,-0.0,-0.004059,-0.003992,-0.001672,-0.003328,-0.0,-0.0,-0.0,-0.002858,0.0,-0.002817,-0.001203,-0.0,-0.003471,-0.00382,-0.000229,0.0,-0.000452,-0.0,-0.0,-0.002267,0.0,-0.002648,-0.00369,-0.0,-0.000602,-0.001084,0.0,-0.004419,-0.000649,-0.0,-0.000871,0.0,-0.0,-0.001128,-0.000364,-0.000681,-0.00081,0.0,-0.0,-0.001693,-0.00242,-0.004389,-0.0,0.0,-0.0,-0.0,0.0,-0.000407,-0.001462,-0.004025,-0.002262,0.0,-7.8e-05,-0.003521,-8.5e-05,-0.000743,0.0,-0.000179,-0.000549,-0.0,-0.0,-0.002177,-0.00408,0.0,-0.0,-0.0,-0.00081,-0.0,-0.001908,-0.0,-0.001274,-0.004003,-0.0,-0.0,-0.001107,-0.0,-0.0,-0.0,-0.0,-0.002401,-0.003899,0.0,-0.002271,-0.001607,-0.003819,-0.003837,-0.0,-0.003451,-0.0,-0.002887,-0.000317,0.0,-0.000532,-0.005576,-0.003572,-0.002698,-0.002719,-0.00389,-0.000667,-0.000384,-0.000247,-0.0,-7.7e-05,-0.000999,-0.002031,-0.002988
2017-06-01 17:35:00+02:00,-0.0,0.0,-4.1e-05,-0.002494,-0.0,-0.0,-0.000142,-0.000344,-0.001333,-0.0,-0.0,-0.0,-0.004036,-0.003974,-0.001676,-0.003312,-0.0,-0.0,-0.0,-0.002809,0.0,-0.002767,-0.001177,-0.0,-0.003464,-0.003803,-0.00022,0.0,-0.000448,-0.0,-0.0,-0.002258,0.0,-0.002642,-0.003679,-0.0,-0.000617,-0.001059,0.0,-0.004412,-0.000632,-0.0,-0.000829,0.0,-0.0,-0.001132,-0.000357,-0.000656,-0.000803,0.0,-0.0,-0.001652,-0.0024,-0.004368,-0.0,0.0,-0.0,-0.0,0.0,-0.000394,-0.001425,-0.00402,-0.002254,0.0,-6.2e-05,-0.003504,-8.1e-05,-0.000717,0.0,-0.000172,-0.000521,-0.0,-0.0,-0.002133,-0.004065,0.0,-0.0,-0.0,-0.000789,-0.0,-0.001887,-0.0,-0.001275,-0.003992,-0.0,-0.0,-0.001084,-0.0,-0.0,-0.0,-0.0,-0.002379,-0.003877,0.0,-0.002259,-0.001617,-0.003796,-0.003816,-0.0,-0.003451,-0.0,-0.002874,-0.000299,0.0,-0.000516,-0.005563,-0.003548,-0.002698,-0.002707,-0.003873,-0.000649,-0.000381,-0.00023,-0.0,-7e-05,-0.000955,-0.002027,-0.002963
2017-06-01 17:36:00+02:00,-0.0,0.0,-3.3e-05,-0.002484,-0.0,-0.0,-0.000136,-0.000333,-0.001311,-0.0,-0.0,-0.0,-0.004007,-0.003949,-0.001669,-0.003301,-0.0,-0.0,-0.0,-0.002762,0.0,-0.00272,-0.001155,-0.0,-0.003436,-0.003793,-0.000212,0.0,-0.000444,-0.0,-0.0,-0.002237,0.0,-0.002625,-0.003658,-0.0,-0.00062,-0.001038,0.0,-0.004394,-0.000616,-0.0,-0.000791,0.0,-0.0,-0.001136,-0.00035,-0.000633,-0.000793,0.0,-0.0,-0.001614,-0.002385,-0.004341,-0.0,0.0,-0.0,-0.0,0.0,-0.000383,-0.001389,-0.004004,-0.002248,0.0,-5e-05,-0.003493,-7.7e-05,-0.000693,0.0,-0.000165,-0.000495,-0.0,-0.0,-0.002091,-0.004042,0.0,-0.0,-0.0,-0.000771,-0.0,-0.00187,-0.0,-0.001277,-0.00397,-0.0,-0.0,-0.00106,-0.0,-0.0,-0.0,-0.0,-0.002361,-0.003849,0.0,-0.00225,-0.001615,-0.003778,-0.003801,-0.0,-0.003434,-0.0,-0.002866,-0.000283,0.0,-0.000503,-0.00554,-0.003519,-0.002686,-0.002699,-0.003862,-0.000634,-0.000378,-0.000214,-0.0,-6.2e-05,-0.000914,-0.002025,-0.002934
2017-06-01 17:37:00+02:00,-0.0,0.0,-2.6e-05,-0.00246,-0.0,-0.0,-0.000129,-0.00032,-0.001296,-0.0,-0.0,-0.0,-0.003987,-0.003934,-0.001669,-0.003276,-0.0,-0.0,-0.0,-0.00271,0.0,-0.002668,-0.001128,-0.0,-0.003428,-0.003766,-0.000203,0.0,-0.000435,-0.0,-0.0,-0.002227,0.0,-0.002618,-0.003648,-0.0,-0.000625,-0.001011,0.0,-0.004387,-0.000598,-0.0,-0.000746,0.0,-0.0,-0.001124,-0.00034,-0.000608,-0.000784,0.0,-0.0,-0.001573,-0.002359,-0.004323,-0.0,0.0,-0.0,-0.0,0.0,-0.000365,-0.001352,-0.003998,-0.002228,0.0,-4e-05,-0.003466,-7.2e-05,-0.000668,0.0,-0.000156,-0.000466,-0.0,-0.0,-0.002046,-0.00403,0.0,-0.0,-0.0,-0.000747,-0.0,-0.001845,-0.0,-0.001264,-0.003958,-0.0,-0.0,-0.001036,-0.0,-0.0,-0.0,-0.0,-0.002335,-0.003831,0.0,-0.002229,-0.001618,-0.003745,-0.00377,-0.0,-0.003433,-0.0,-0.002843,-0.000265,0.0,-0.000486,-0.005529,-0.003497,-0.002683,-0.002676,-0.003834,-0.000615,-0.00037,-0.000195,-0.0,-4.9e-05,-0.000867,-0.002008,-0.002911
2017-06-01 17:38:00+02:00,-0.0,0.0,-2.1e-05,-0.002407,-0.0,-0.0,-0.000122,-0.000309,-0.001271,-0.0,-0.0,-0.0,-0.003952,-0.003903,-0.001655,-0.003221,-0.0,-0.0,-0.0,-0.002593,0.0,-0.002551,-0.001105,-0.0,-0.003391,-0.003711,-0.000195,0.0,-0.000414,-0.0,-0.0,-0.0022,0.0,-0.002594,-0.003621,-0.0,-0.00062,-0.000989,0.0,-0.00436,-0.000582,-0.0,-0.000648,0.0,-0.0,-0.00108,-0.000325,-0.000568,-0.00077,0.0,-0.0,-0.001492,-0.002313,-0.004289,-0.0,0.0,-0.0,-0.0,0.0,-0.000351,-0.001279,-0.003973,-0.002178,0.0,-3.2e-05,-0.003411,-6.8e-05,-0.000626,0.0,-0.000148,-0.000407,-0.0,-0.0,-0.001951,-0.004001,0.0,-0.0,-0.0,-0.000728,-0.0,-0.001804,-0.0,-0.001219,-0.003928,-0.0,-0.0,-0.00101,-0.0,-0.0,-0.0,-0.0,-0.00229,-0.003797,0.0,-0.002183,-0.001607,-0.003685,-0.003711,-0.0,-0.003407,-0.0,-0.002791,-0.000232,0.0,-0.000472,-0.005498,-0.003462,-0.002661,-0.002623,-0.003779,-0.000599,-0.000351,-0.000158,-0.0,-4e-05,-0.000761,-0.001959,-0.002877
2017-06-01 17:39:00+02:00,-0.0,0.0,-1.7e-05,-0.002357,-0.0,-0.0,-0.000118,-0.0003,-0.001256,-0.0,-0.0,-0.0,-0.003933,-0.003889,-0.001658,-0.00317,-0.0,-0.0,-0.0,-0.002499,0.0,-0.002457,-0.00109,-0.0,-0.003385,-0.003659,-0.000188,0.0,-0.000395,-0.0,-0.0,-0.002192,0.0,-0.00259,-0.003613,-0.0,-0.000631,-0.000974,0.0,-0.004355,-0.000571,-0.0,-0.000573,0.0,-0.0,-0.001041,-0.00031,-0.000534,-0.000763,0.0,-0.0,-0.001425,-0.00227,-0.004272,-0.0,0.0,-0.0,-0.0,0.0,-0.000342,-0.00122,-0.00397,-0.002131,0.0,-2.6e-05,-0.00336,-6.5e-05,-0.000591,0.0,-0.000143,-0.00036,-0.0,-0.0,-0.001874,-0.00399,0.0,-0.0,-0.0,-0.000716,-0.0,-0.001765,-0.0,-0.001178,-0.003919,-0.0,-0.0,-0.000986,-0.0,-0.0,-0.0,-0.0,-0.002247,-0.003779,0.0,-0.00214,-0.001616,-0.003626,-0.003655,-0.0,-0.003408,-0.0,-0.002742,-0.000206,0.0,-0.000462,-0.005487,-0.003441,-0.002661,-0.002574,-0.003726,-0.000588,-0.000334,-0.000129,-0.0,-3.6e-05,-0.000679,-0.001915,-0.002854
2017-06-01 17:40:00+02:00,-0.0,0.0,-1.3e-05,-0.002313,-0.0,-0.0,-0.000112,-0.00029,-0.001236,-0.0,-0.0,-0.0,-0.003903,-0.003865,-0.001656,-0.003125,-0.0,-0.0,-0.0,-0.002428,0.0,-0.002387,-0.001071,-0.0,-0.003366,-0.003612,-0.00018,0.0,-0.000379,-0.0,-0.0,-0.002176,0.0,-0.002578,-0.003596,-0.0,-0.000637,-0.000956,0.0,-0.004336,-0.000558,-0.0,-0.000519,0.0,-0.0,-0.001009,-0.000296,-0.000506,-0.000752,0.0,-0.0,-0.001375,-0.002232,-0.004244,-0.0,0.0,-0.0,-0.0,0.0,-0.000331,-0.001174,-0.003954,-0.002091,0.0,-2e-05,-0.003314,-6.1e-05,-0.000562,0.0,-0.000137,-0.000327,-0.0,-0.0,-0.001816,-0.003969,0.0,-0.0,-0.0,-0.000701,-0.0,-0.001729,-0.0,-0.001144,-0.003897,-0.0,-0.0,-0.000957,-0.0,-0.0,-0.0,-0.0,-0.002208,-0.00375,0.0,-0.002104,-0.001617,-0.003573,-0.003603,-0.0,-0.003396,-0.0,-0.002698,-0.000186,0.0,-0.00045,-0.00546,-0.00341,-0.00265,-0.00253,-0.003678,-0.000574,-0.000319,-0.00011,-0.0,-3e-05,-0.000621,-0.001877,-0.002823
2017-06-01 17:41:00+02:00,-0.0,0.0,-1.1e-05,-0.002282,-0.0,-0.0,-0.000109,-0.000283,-0.001219,-0.0,-0.0,-0.0,-0.003878,-0.003847,-0.001659,-0.003092,-0.0,-0.0,-0.0,-0.002377,0.0,-0.002336,-0.001063,-0.0,-0.003356,-0.003577,-0.000174,0.0,-0.000367,-0.0,-0.0,-0.002166,0.0,-0.002572,-0.003585,-0.0,-0.000649,-0.000949,0.0,-0.004324,-0.000551,-0.0,-0.000481,0.0,-0.0,-0.000991,-0.000285,-0.000483,-0.000744,0.0,-0.0,-0.001337,-0.002203,-0.004222,-0.0,0.0,-0.0,-0.0,0.0,-0.000333,-0.001138,-0.003945,-0.002063,0.0,-1.6e-05,-0.00328,-6e-05,-0.000538,0.0,-0.000137,-0.000302,-0.0,-0.0,-0.001774,-0.003955,0.0,-0.0,-0.0,-0.000698,-0.0,-0.001701,-0.0,-0.001124,-0.003883,-0.0,-0.0,-0.00093,-0.0,-0.0,-0.0,-0.0,-0.002178,-0.003728,0.0,-0.002078,-0.001624,-0.003531,-0.003564,-0.0,-0.003393,-0.0,-0.002668,-0.000171,0.0,-0.000443,-0.00544,-0.003384,-0.002647,-0.002499,-0.003642,-0.000567,-0.000309,-9.7e-05,-0.0,-3.6e-05,-0.000578,-0.001852,-0.002796
2017-06-01 17:42:00+02:00,-0.0,0.0,-9e-06,-0.002242,-0.0,-0.0,-0.000105,-0.000274,-0.001199,-0.0,-0.0,-0.0,-0.003845,-0.003818,-0.001651,-0.003049,-0.0,-0.0,-0.0,-0.002325,0.0,-0.002284,-0.001046,-0.0,-0.003334,-0.003531,-0.000168,0.0,-0.000353,-0.0,-0.0,-0.002147,0.0,-0.002556,-0.003562,-0.0,-0.000649,-0.000932,0.0,-0.004303,-0.000538,-0.0,-0.00044,0.0,-0.0,-0.000963,-0.000273,-0.000461,-0.000732,0.0,-0.0,-0.001297,-0.002165,-0.00419,-0.0,0.0,-0.0,-0.0,0.0,-0.000326,-0.001103,-0.003927,-0.002026,0.0,-1.3e-05,-0.003236,-5.8e-05,-0.000515,0.0,-0.000133,-0.000276,-0.0,-0.0,-0.001729,-0.003929,0.0,-0.0,-0.0,-0.000685,-0.0,-0.001666,-0.0,-0.001094,-0.003859,-0.0,-0.0,-0.000904,-0.0,-0.0,-0.0,-0.0,-0.002139,-0.003696,0.0,-0.002043,-0.00162,-0.003478,-0.003512,-0.0,-0.003379,-0.0,-0.002628,-0.000156,0.0,-0.000432,-0.005412,-0.003351,-0.002633,-0.002458,-0.003594,-0.000555,-0.000296,-8.2e-05,-0.0,-3.1e-05,-0.000534,-0.001818,-0.002763
2017-06-01 17:43:00+02:00,-0.0,0.0,-7e-06,-0.002202,-0.0,-0.0,-9.9e-05,-0.000262,-0.001178,-0.0,-0.0,-0.0,-0.003812,-0.003789,-0.001642,-0.003007,-0.0,-0.0,-0.0,-0.002284,0.0,-0.002244,-0.001019,-0.0,-0.00331,-0.003485,-0.000159,0.0,-0.000339,-0.0,-0.0,-0.002127,0.0,-0.002538,-0.003538,-0.0,-0.000649,-0.000904,0.0,-0.004281,-0.00052,-0.0,-0.000409,0.0,-0.0,-0.000936,-0.000261,-0.000443,-0.00072,0.0,-0.0,-0.001265,-0.002128,-0.004158,-0.0,0.0,-0.0,-0.0,0.0,-0.000312,-0.001073,-0.003907,-0.001991,0.0,-1e-05,-0.003193,-5.4e-05,-0.000496,0.0,-0.000125,-0.000256,-0.0,-0.0,-0.001694,-0.003901,0.0,-0.0,-0.0,-0.000663,-0.0,-0.001632,-0.0,-0.001065,-0.003834,-0.0,-0.0,-0.000879,-0.0,-0.0,-0.0,-0.0,-0.002101,-0.003664,0.0,-0.002007,-0.001616,-0.003426,-0.003462,-0.0,-0.003363,-0.0,-0.002589,-0.000144,0.0,-0.000416,-0.005384,-0.003317,-0.002618,-0.002419,-0.003548,-0.000537,-0.000284,-7e-05,-0.0,-2.5e-05,-0.0005,-0.001785,-0.00273
2017-06-01 17:44:00+02:00,-0.0,0.0,-6e-06,-0.002176,-0.0,-0.0,-9.5e-05,-0.000253,-0.001161,-0.0,-0.0,-0.0,-0.003787,-0.00377,-0.001643,-0.002979,-0.0,-0.0,-0.0,-0.002258,0.0,-0.002218,-0.001,-0.0,-0.003298,-0.003454,-0.000152,0.0,-0.000329,-0.0,-0.0,-0.002114,0.0,-0.00253,-0.003524,-0.0,-0.000659,-0.000884,0.0,-0.004271,-0.000506,-0.0,-0.000392,0.0,-0.0,-0.000921,-0.000252,-0.000429,-0.000711,0.0,-0.0,-0.001243,-0.0021,-0.004136,-0.0,0.0,-0.0,-0.0,0.0,-0.000307,-0.001052,-0.003901,-0.001968,0.0,-8e-06,-0.003163,-5.2e-05,-0.00048,0.0,-0.000122,-0.000244,-0.0,-0.0,-0.00167,-0.003885,0.0,-0.0,-0.0,-0.000649,-0.0,-0.001605,-0.0,-0.001048,-0.003822,-0.0,-0.0,-0.000856,-0.0,-0.0,-0.0,-0.0,-0.002071,-0.003641,0.0,-0.001983,-0.001623,-0.003387,-0.003426,-0.0,-0.00336,-0.0,-0.002563,-0.000136,0.0,-0.000404,-0.005369,-0.003291,-0.002615,-0.002392,-0.003515,-0.000523,-0.000275,-6.5e-05,-0.0,-2.1e-05,-0.000481,-0.001764,-0.002704
2017-06-01 17:45:00+02:00,-0.0,0.0,-4e-06,-0.002134,-0.0,-0.0,-8.2e-05,-0.000227,-0.001141,-0.0,-0.0,-0.0,-0.003758,-0.003744,-0.001633,-0.002935,-0.0,-0.0,-0.0,-0.00222,0.0,-0.002181,-0.00091,-0.0,-0.003276,-0.003408,-0.000136,0.0,-0.000313,-0.0,-0.0,-0.002095,0.0,-0.002513,-0.003503,-0.0,-0.000654,-0.000802,0.0,-0.004252,-0.000459,-0.0,-0.000361,0.0,-0.0,-0.000888,-0.00024,-0.000412,-0.000699,0.0,-0.0,-0.001213,-0.002062,-0.004108,-0.0,0.0,-0.0,-0.0,0.0,-0.000245,-0.001025,-0.003884,-0.001929,0.0,-7e-06,-0.003119,-4.1e-05,-0.000462,0.0,-9.7e-05,-0.000225,-0.0,-0.0,-0.001637,-0.003862,0.0,-0.0,-0.0,-0.000575,-0.0,-0.001571,-0.0,-0.001015,-0.0038,-0.0,-0.0,-0.000832,-0.0,-0.0,-0.0,-0.0,-0.002033,-0.003613,0.0,-0.001947,-0.001615,-0.003334,-0.003375,-0.0,-0.003345,-0.0,-0.002522,-0.000125,0.0,-0.000365,-0.005347,-0.003261,-0.002599,-0.00235,-0.003468,-0.000474,-0.000261,-5.3e-05,-0.0,-1.7e-05,-0.000447,-0.001727,-0.002673
2017-06-01 17:46:00+02:00,-0.0,0.0,-4e-06,-0.002126,-0.0,-0.0,-7e-05,-0.000203,-0.00114,-0.0,-0.0,-0.0,-0.003768,-0.003761,-0.001666,-0.002929,-0.0,-0.0,-0.0,-0.002215,0.0,-0.002176,-0.000826,-0.0,-0.003309,-0.003402,-0.000122,0.0,-0.000308,-0.0,-0.0,-0.002109,0.0,-0.002537,-0.003528,-0.0,-0.00069,-0.000727,0.0,-0.004292,-0.000416,-0.0,-0.000358,0.0,-0.0,-0.000885,-0.000234,-0.000403,-0.000704,0.0,-0.0,-0.001203,-0.002049,-0.004124,-0.0,0.0,-0.0,-0.0,0.0,-0.000196,-0.001014,-0.003926,-0.001923,0.0,-5e-06,-0.003112,-3.3e-05,-0.000452,0.0,-7.8e-05,-0.000221,-0.0,-0.0,-0.001627,-0.003884,0.0,-0.0,-0.0,-0.000507,-0.0,-0.001556,-0.0,-0.001012,-0.003835,-0.0,-0.0,-0.000821,-0.0,-0.0,-0.0,-0.0,-0.002017,-0.003623,0.0,-0.001937,-0.001661,-0.00332,-0.003363,-0.0,-0.003387,-0.0,-0.002516,-0.000121,0.0,-0.000329,-0.005386,-0.003266,-0.002638,-0.002343,-0.00346,-0.000428,-0.000256,-5.1e-05,-0.0,-1.3e-05,-0.000445,-0.001723,-0.002673
2017-06-01 17:47:00+02:00,-0.0,0.0,-3e-06,-0.00217,-0.0,-0.0,-6.2e-05,-0.000187,-0.001138,-0.0,-0.0,-0.0,-0.003776,-0.003775,-0.001695,-0.002978,-0.0,-0.0,-0.0,-0.002299,0.0,-0.00226,-0.000769,-0.0,-0.00334,-0.00345,-0.000112,0.0,-0.00032,-0.0,-0.0,-0.002122,0.0,-0.002558,-0.003548,-0.0,-0.000725,-0.000677,0.0,-0.004331,-0.000387,-0.0,-0.000436,0.0,-0.0,-0.000935,-0.000237,-0.000415,-0.000709,0.0,-0.0,-0.001245,-0.002072,-0.004135,-0.0,0.0,-0.0,-0.0,0.0,-0.00016,-0.001048,-0.003967,-0.001971,0.0,-4e-06,-0.003161,-2.7e-05,-0.000463,0.0,-6.2e-05,-0.000261,-0.0,-0.0,-0.001684,-0.003903,0.0,-0.0,-0.0,-0.000462,-0.0,-0.001568,-0.0,-0.00106,-0.003868,-0.0,-0.0,-0.000812,-0.0,-0.0,-0.0,-0.0,-0.002034,-0.003631,0.0,-0.00197,-0.001705,-0.003358,-0.003404,-0.0,-0.003428,-0.0,-0.002565,-0.000138,0.0,-0.000304,-0.005423,-0.003268,-0.002675,-0.002389,-0.003508,-0.000396,-0.000268,-7.8e-05,-0.0,-1.1e-05,-0.000529,-0.001772,-0.002672
2017-06-01 17:48:00+02:00,-0.0,0.0,-2e-06,-0.00222,-0.0,-0.0,-5.7e-05,-0.000175,-0.001137,-0.0,-0.0,-0.0,-0.003786,-0.003792,-0.001723,-0.003034,-0.0,-0.0,-0.0,-0.002361,0.0,-0.002324,-0.000731,-0.0,-0.003372,-0.003507,-0.000104,0.0,-0.000331,-0.0,-0.0,-0.002134,0.0,-0.00258,-0.003571,-0.0,-0.000757,-0.000643,0.0,-0.004371,-0.000366,-0.0,-0.000497,0.0,-0.0,-0.000985,-0.00024,-0.000422,-0.000713,0.0,-0.0,-0.001274,-0.0021,-0.004151,-0.0,0.0,-0.0,-0.0,0.0,-0.000138,-0.001071,-0.004009,-0.002023,0.0,-3e-06,-0.003218,-2.3e-05,-0.000469,0.0,-5.1e-05,-0.000291,-0.0,-0.0,-0.001724,-0.003924,0.0,-0.0,-0.0,-0.000434,-0.0,-0.001584,-0.0,-0.00111,-0.003904,-0.0,-0.0,-0.000804,-0.0,-0.0,-0.0,-0.0,-0.002056,-0.003643,0.0,-0.002009,-0.001746,-0.003404,-0.003454,-0.0,-0.003469,-0.0,-0.002621,-0.00015,0.0,-0.000287,-0.005465,-0.003274,-0.00271,-0.002441,-0.003564,-0.000374,-0.000279,-9.9e-05,-0.0,-9e-06,-0.000594,-0.001826,-0.002673
2017-06-01 17:49:00+02:00,-0.0,0.0,-2e-06,-0.002259,-0.0,-0.0,-5.3e-05,-0.000166,-0.001132,-0.0,-0.0,-0.0,-0.003796,-0.003807,-0.001746,-0.003081,-0.0,-0.0,-0.0,-0.002423,0.0,-0.002386,-0.000709,-0.0,-0.003396,-0.003556,-9.9e-05,0.0,-0.000338,-0.0,-0.0,-0.002143,0.0,-0.002597,-0.003591,-0.0,-0.000781,-0.000625,0.0,-0.004405,-0.000354,-0.0,-0.000551,0.0,-0.0,-0.001024,-0.000241,-0.000427,-0.000713,0.0,-0.0,-0.001304,-0.002123,-0.004165,-0.0,0.0,-0.0,-0.0,0.0,-0.000127,-0.001094,-0.004044,-0.002064,0.0,-3e-06,-0.003266,-2e-05,-0.000474,0.0,-4.5e-05,-0.000317,-0.0,-0.0,-0.001766,-0.003944,0.0,-0.0,-0.0,-0.00042,-0.0,-0.001596,-0.0,-0.001149,-0.003932,-0.0,-0.0,-0.000791,-0.0,-0.0,-0.0,-0.0,-0.002073,-0.003652,0.0,-0.002039,-0.001778,-0.003442,-0.003495,-0.0,-0.003502,-0.0,-0.002665,-0.00016,0.0,-0.000277,-0.005502,-0.003278,-0.002738,-0.002482,-0.003611,-0.00036,-0.000287,-0.000117,-0.0,-7e-06,-0.000652,-0.001868,-0.002671
2017-06-01 17:50:00+02:00,-0.0,0.0,-1e-06,-0.00227,-0.0,-0.0,-4.8e-05,-0.000155,-0.001113,-0.0,-0.0,-0.0,-0.00377,-0.003785,-0.001738,-0.003098,-0.0,-0.0,-0.0,-0.002432,0.0,-0.002396,-0.000676,-0.0,-0.003376,-0.003574,-9.3e-05,0.0,-0.000338,-0.0,-0.0,-0.002124,0.0,-0.002582,-0.003574,-0.0,-0.000775,-0.000596,0.0,-0.004393,-0.000337,-0.0,-0.000563,0.0,-0.0,-0.001038,-0.000237,-0.000421,-0.000702,0.0,-0.0,-0.001303,-0.002127,-0.004141,-0.0,0.0,-0.0,-0.0,0.0,-0.000103,-0.001091,-0.004035,-0.002078,0.0,-2e-06,-0.003284,-1.7e-05,-0.000467,0.0,-3.6e-05,-0.000322,-0.0,-0.0,-0.001768,-0.003925,0.0,-0.0,-0.0,-0.000394,-0.0,-0.001593,-0.0,-0.001162,-0.003919,-0.0,-0.0,-0.000771,-0.0,-0.0,-0.0,-0.0,-0.002073,-0.003628,0.0,-0.002047,-0.001775,-0.003452,-0.003507,-0.0,-0.003489,-0.0,-0.00268,-0.00016,0.0,-0.000262,-0.005485,-0.003251,-0.002727,-0.002495,-0.003629,-0.000341,-0.000287,-0.000119,-0.0,-5e-06,-0.000665,-0.001882,-0.002644
2017-06-01 17:51:00+02:00,-0.0,0.0,-1e-06,-0.00228,-0.0,-0.0,-4.3e-05,-0.000144,-0.001082,-0.0,-0.0,-0.0,-0.003717,-0.003737,-0.00171,-0.003113,-0.0,-0.0,-0.0,-0.002411,0.0,-0.002375,-0.000637,-0.0,-0.003321,-0.003588,-8.5e-05,0.0,-0.000336,-0.0,-0.0,-0.002084,0.0,-0.002542,-0.00353,-0.0,-0.000751,-0.00056,0.0,-0.004347,-0.000315,-0.0,-0.000548,0.0,-0.0,-0.001047,-0.000233,-0.000408,-0.000683,0.0,-0.0,-0.001283,-0.002128,-0.004087,-0.0,0.0,-0.0,-0.0,0.0,-8.2e-05,-0.001072,-0.003992,-0.002089,0.0,-2e-06,-0.003298,-1.3e-05,-0.000454,0.0,-2.9e-05,-0.000312,-0.0,-0.0,-0.001747,-0.003878,0.0,-0.0,-0.0,-0.000361,-0.0,-0.001588,-0.0,-0.001171,-0.003872,-0.0,-0.0,-0.000745,-0.0,-0.0,-0.0,-0.0,-0.00207,-0.003578,0.0,-0.002053,-0.001747,-0.003456,-0.003514,-0.0,-0.003442,-0.0,-0.002694,-0.000154,0.0,-0.000244,-0.005429,-0.003201,-0.002688,-0.002506,-0.003642,-0.000319,-0.000285,-0.000112,-0.0,-4e-06,-0.000651,-0.001893,-0.002598
2017-06-01 17:52:00+02:00,-0.0,0.0,-1e-06,-0.002261,-0.0,-0.0,-3.6e-05,-0.00013,-0.001058,-0.0,-0.0,-0.0,-0.003681,-0.003703,-0.001689,-0.003095,-0.0,-0.0,-0.0,-0.002374,0.0,-0.00234,-0.000588,-0.0,-0.003286,-0.003568,-7.7e-05,0.0,-0.000327,-0.0,-0.0,-0.002056,0.0,-0.002514,-0.003499,-0.0,-0.000732,-0.000513,0.0,-0.004317,-0.000289,-0.0,-0.000525,0.0,-0.0,-0.001031,-0.000225,-0.000393,-0.000667,0.0,-0.0,-0.001255,-0.002107,-0.004052,-0.0,0.0,-0.0,-0.0,0.0,-6.6e-05,-0.001047,-0.003965,-0.002072,0.0,-1e-06,-0.003279,-1.1e-05,-0.000438,0.0,-2.3e-05,-0.000299,-0.0,-0.0,-0.001715,-0.003845,0.0,-0.0,-0.0,-0.000317,-0.0,-0.001567,-0.0,-0.001155,-0.003842,-0.0,-0.0,-0.000723,-0.0,-0.0,-0.0,-0.0,-0.002047,-0.003542,0.0,-0.002035,-0.001727,-0.003429,-0.00349,-0.0,-0.003414,-0.0,-0.002677,-0.000147,0.0,-0.000223,-0.005399,-0.003165,-0.002661,-0.002487,-0.003621,-0.000292,-0.000277,-0.000101,-0.0,-4e-06,-0.000627,-0.001876,-0.002563
2017-06-01 17:53:00+02:00,-0.0,0.0,-1e-06,-0.002245,-0.0,-0.0,-3.2e-05,-0.000123,-0.001037,-0.0,-0.0,-0.0,-0.003655,-0.00368,-0.001678,-0.003079,-0.0,-0.0,-0.0,-0.002338,0.0,-0.002305,-0.000569,-0.0,-0.003264,-0.003552,-7.2e-05,0.0,-0.000319,-0.0,-0.0,-0.002036,0.0,-0.002497,-0.00348,-0.0,-0.000724,-0.000495,0.0,-0.004301,-0.000278,-0.0,-0.00051,0.0,-0.0,-0.001022,-0.000218,-0.000379,-0.000654,0.0,-0.0,-0.001228,-0.002089,-0.004028,-0.0,0.0,-0.0,-0.0,0.0,-5.3e-05,-0.001022,-0.003951,-0.002059,0.0,-1e-06,-0.003264,-8e-06,-0.000423,0.0,-1.9e-05,-0.000289,-0.0,-0.0,-0.001684,-0.003824,0.0,-0.0,-0.0,-0.000301,-0.0,-0.001547,-0.0,-0.001146,-0.003824,-0.0,-0.0,-0.000701,-0.0,-0.0,-0.0,-0.0,-0.002026,-0.003516,0.0,-0.002019,-0.001719,-0.003405,-0.003468,-0.0,-0.003399,-0.0,-0.002663,-0.00014,0.0,-0.000213,-0.005382,-0.003137,-0.002646,-0.002471,-0.003603,-0.00028,-0.00027,-9.5e-05,-0.0,-3e-06,-0.000611,-0.001864,-0.002534
2017-06-01 17:54:00+02:00,-0.0,0.0,-1e-06,-0.002224,-0.0,-0.0,-3e-05,-0.000117,-0.001013,-0.0,-0.0,-0.0,-0.003621,-0.003649,-0.001664,-0.003058,-0.0,-0.0,-0.0,-0.002317,0.0,-0.002285,-0.000555,-0.0,-0.003235,-0.003528,-6.8e-05,0.0,-0.000311,-0.0,-0.0,-0.002012,0.0,-0.002475,-0.003454,-0.0,-0.000713,-0.000483,0.0,-0.004274,-0.000269,-0.0,-0.000504,0.0,-0.0,-0.001011,-0.000209,-0.000366,-0.000638,0.0,-0.0,-0.001211,-0.002067,-0.003995,-0.0,0.0,-0.0,-0.0,0.0,-4.2e-05,-0.001005,-0.003928,-0.002042,0.0,-1e-06,-0.003241,-7e-06,-0.000409,0.0,-1.5e-05,-0.000283,-0.0,-0.0,-0.001666,-0.003796,0.0,-0.0,-0.0,-0.000291,-0.0,-0.001525,-0.0,-0.001134,-0.003798,-0.0,-0.0,-0.000676,-0.0,-0.0,-0.0,-0.0,-0.002001,-0.003483,0.0,-0.002,-0.001706,-0.003374,-0.00344,-0.0,-0.003376,-0.0,-0.002643,-0.000136,0.0,-0.000205,-0.005351,-0.003102,-0.002624,-0.00245,-0.003578,-0.000271,-0.000263,-9.2e-05,-0.0,-2e-06,-0.000604,-0.001848,-0.002499
2017-06-01 17:55:00+02:00,-0.0,0.0,-0.0,-0.002193,-0.0,-0.0,-2.7e-05,-0.000111,-0.000987,-0.0,-0.0,-0.0,-0.003582,-0.003615,-0.001649,-0.003021,-0.0,-0.0,-0.0,-0.002292,0.0,-0.002261,-0.000541,-0.0,-0.003204,-0.003487,-6.4e-05,0.0,-0.0003,-0.0,-0.0,-0.001986,0.0,-0.002452,-0.003425,-0.0,-0.000703,-0.00047,0.0,-0.004241,-0.00026,-0.0,-0.000496,0.0,-0.0,-0.000993,-0.000199,-0.000353,-0.000622,0.0,-0.0,-0.001191,-0.002035,-0.003958,-0.0,0.0,-0.0,-0.0,0.0,-3.4e-05,-0.000985,-0.003899,-0.002014,0.0,-1e-06,-0.003203,-5e-06,-0.000394,0.0,-1.2e-05,-0.000277,-0.0,-0.0,-0.001645,-0.003764,0.0,-0.0,-0.0,-0.00028,-0.0,-0.001494,-0.0,-0.001116,-0.003766,-0.0,-0.0,-0.000637,-0.0,-0.0,-0.0,-0.0,-0.001968,-0.003445,0.0,-0.001971,-0.001691,-0.003327,-0.003395,-0.0,-0.00335,-0.0,-0.002609,-0.000131,0.0,-0.000198,-0.005311,-0.003062,-0.002599,-0.002416,-0.003536,-0.000261,-0.000254,-8.9e-05,-0.0,-2e-06,-0.000596,-0.001821,-0.00246
2017-06-01 17:56:00+02:00,-0.0,0.0,-0.0,-0.002142,-0.0,-0.0,-2.4e-05,-0.000103,-0.000957,-0.0,-0.0,-0.0,-0.00353,-0.003567,-0.001623,-0.002958,-0.0,-0.0,-0.0,-0.002257,0.0,-0.002227,-0.000515,-0.0,-0.003157,-0.003417,-5.9e-05,0.0,-0.000286,-0.0,-0.0,-0.001951,0.0,-0.002417,-0.003382,-0.0,-0.000683,-0.000446,0.0,-0.00419,-0.000246,-0.0,-0.000479,0.0,-0.0,-0.00096,-0.000187,-0.000338,-0.000602,0.0,-0.0,-0.001167,-0.001987,-0.003907,-0.0,0.0,-0.0,-0.0,0.0,-2.7e-05,-0.000962,-0.003853,-0.001967,0.0,-1e-06,-0.003137,-4e-06,-0.000378,0.0,-9e-06,-0.000266,-0.0,-0.0,-0.001617,-0.003717,0.0,-0.0,-0.0,-0.000258,-0.0,-0.001452,-0.0,-0.001081,-0.003719,-0.0,-0.0,-0.0006,-0.0,-0.0,-0.0,-0.0,-0.001918,-0.003395,0.0,-0.001926,-0.001664,-0.003252,-0.003321,-0.0,-0.003307,-0.0,-0.002553,-0.000124,0.0,-0.000186,-0.005251,-0.003012,-0.00256,-0.002361,-0.003464,-0.000247,-0.00024,-8.2e-05,-0.0,-1e-06,-0.000578,-0.001777,-0.002412
2017-06-01 17:57:00+02:00,-0.0,0.0,-0.0,-0.002102,-0.0,-0.0,-2.1e-05,-9.6e-05,-0.000929,-0.0,-0.0,-0.0,-0.003481,-0.00352,-0.0016,-0.002909,-0.0,-0.0,-0.0,-0.002205,0.0,-0.002176,-0.000492,-0.0,-0.003114,-0.003361,-5.4e-05,0.0,-0.000273,-0.0,-0.0,-0.001918,0.0,-0.002384,-0.003342,-0.0,-0.000667,-0.000425,0.0,-0.004143,-0.000234,-0.0,-0.000456,0.0,-0.0,-0.000934,-0.000177,-0.000321,-0.000583,0.0,-0.0,-0.001132,-0.001947,-0.003857,-0.0,0.0,-0.0,-0.0,0.0,-2.2e-05,-0.000931,-0.003811,-0.00193,0.0,-0.0,-0.003085,-3e-06,-0.000359,0.0,-8e-06,-0.000252,-0.0,-0.0,-0.001576,-0.003672,0.0,-0.0,-0.0,-0.000239,-0.0,-0.001416,-0.0,-0.001055,-0.003675,-0.0,-0.0,-0.000575,-0.0,-0.0,-0.0,-0.0,-0.001876,-0.003347,0.0,-0.00189,-0.001641,-0.003191,-0.003262,-0.0,-0.003269,-0.0,-0.002509,-0.000116,0.0,-0.000175,-0.005195,-0.002963,-0.002525,-0.002317,-0.003407,-0.000234,-0.000229,-7.4e-05,-0.0,-1e-06,-0.000552,-0.001742,-0.002366
2017-06-01 17:58:00+02:00,-0.0,0.0,-0.0,-0.002061,-0.0,-0.0,-1.9e-05,-9e-05,-0.000898,-0.0,-0.0,-0.0,-0.003423,-0.003465,-0.001566,-0.002862,-0.0,-0.0,-0.0,-0.002167,0.0,-0.002139,-0.000475,-0.0,-0.00306,-0.00331,-5e-05,0.0,-0.000261,-0.0,-0.0,-0.001878,0.0,-0.002341,-0.003291,-0.0,-0.000642,-0.000408,0.0,-0.004084,-0.000223,-0.0,-0.000436,0.0,-0.0,-0.000906,-0.000167,-0.000307,-0.000562,0.0,-0.0,-0.001105,-0.001909,-0.003798,-0.0,0.0,-0.0,-0.0,0.0,-1.7e-05,-0.000906,-0.003757,-0.001893,0.0,-0.0,-0.003037,-3e-06,-0.000344,0.0,-6e-06,-0.00024,-0.0,-0.0,-0.001545,-0.003618,0.0,-0.0,-0.0,-0.000224,-0.0,-0.001382,-0.0,-0.001027,-0.003621,-0.0,-0.0,-0.000549,-0.0,-0.0,-0.0,-0.0,-0.001837,-0.00329,0.0,-0.001853,-0.001606,-0.003135,-0.003208,-0.0,-0.003217,-0.0,-0.002466,-0.000109,0.0,-0.000167,-0.005128,-0.002908,-0.002479,-0.002274,-0.003355,-0.000223,-0.000218,-6.6e-05,-0.0,-1e-06,-0.000531,-0.001705,-0.002315
2017-06-01 17:59:00+02:00,-0.0,0.0,-0.0,-0.002053,-0.0,-0.0,-2.3e-05,-9.8e-05,-0.000875,-0.0,-0.0,-0.0,-0.003386,-0.003433,-0.001558,-0.002849,-0.0,-0.0,-0.0,-0.002158,0.0,-0.002132,-0.000545,-0.0,-0.003035,-0.003294,-5.4e-05,0.0,-0.000256,-0.0,-0.0,-0.001856,0.0,-0.002322,-0.003265,-0.0,-0.000645,-0.000466,0.0,-0.004057,-0.000248,-0.0,-0.000446,0.0,-0.0,-0.000909,-0.00016,-0.000297,-0.000549,0.0,-0.0,-0.001095,-0.001893,-0.003762,-0.0,0.0,-0.0,-0.0,0.0,-5.6e-05,-0.000895,-0.003734,-0.001888,0.0,-0.0,-0.003022,-6e-06,-0.000333,0.0,-1.8e-05,-0.000242,-0.0,-0.0,-0.001536,-0.003588,0.0,-0.0,-0.0,-0.000281,-0.0,-0.001363,-0.0,-0.001029,-0.003596,-0.0,-0.0,-0.000527,-0.0,-0.0,-0.0,-0.0,-0.001817,-0.003255,0.0,-0.001843,-0.001601,-0.003111,-0.003187,-0.0,-0.003197,-0.0,-0.002456,-0.000107,0.0,-0.000185,-0.005092,-0.002871,-0.002461,-0.002264,-0.003338,-0.000252,-0.000215,-7e-05,-0.0,-1e-06,-0.00054,-0.001702,-0.002278
2017-06-01 18:00:00+02:00,-0.0,0.0,-0.0,-0.002052,-0.0,-0.0,-2.6e-05,-0.000103,-0.000851,-0.0,-0.0,-0.0,-0.00334,-0.003392,-0.001541,-0.002843,-0.0,-0.0,-0.0,-0.002128,0.0,-0.002103,-0.000588,-0.0,-0.003001,-0.003286,-5.5e-05,0.0,-0.000253,-0.0,-0.0,-0.001827,0.0,-0.002294,-0.003229,-0.0,-0.00064,-0.0005,0.0,-0.00402,-0.000263,-0.0,-0.000438,0.0,-0.0,-0.000915,-0.000155,-0.000286,-0.000534,0.0,-0.0,-0.001072,-0.001881,-0.003716,-0.0,0.0,-0.0,-0.0,0.0,-7.8e-05,-0.000874,-0.003702,-0.001888,0.0,-0.0,-0.003016,-8e-06,-0.00032,0.0,-2.4e-05,-0.000236,-0.0,-0.0,-0.00151,-0.003549,0.0,-0.0,-0.0,-0.000316,-0.0,-0.001348,-0.0,-0.001034,-0.003564,-0.0,-0.0,-0.000507,-0.0,-0.0,-0.0,-0.0,-0.001801,-0.003211,0.0,-0.001838,-0.001588,-0.003096,-0.003175,-0.0,-0.003167,-0.0,-0.002454,-0.000103,0.0,-0.000196,-0.005045,-0.002826,-0.002436,-0.002261,-0.003329,-0.000268,-0.000212,-6.7e-05,-0.0,-1e-06,-0.00053,-0.001703,-0.002237
2017-06-01 18:01:00+02:00,-0.0,0.0,-0.0,-0.001978,-0.0,-0.0,-2.5e-05,-0.000102,-0.000824,-0.0,-0.0,-0.0,-0.003282,-0.003337,-0.001515,-0.002745,-0.0,-0.0,-0.0,-0.002084,0.0,-0.002061,-0.000598,-0.0,-0.002952,-0.003165,-5.4e-05,0.0,-0.000235,-0.0,-0.0,-0.001788,0.0,-0.002253,-0.00318,-0.0,-0.000624,-0.000504,0.0,-0.003968,-0.000262,-0.0,-0.000413,0.0,-0.0,-0.000861,-0.000145,-0.000272,-0.000517,0.0,-0.0,-0.001041,-0.001808,-0.003656,-0.0,0.0,-0.0,-0.0,0.0,-7.3e-05,-0.000847,-0.003655,-0.001817,0.0,-0.0,-0.00291,-7e-06,-0.000306,0.0,-2.1e-05,-0.000221,-0.0,-0.0,-0.001473,-0.003495,0.0,-0.0,-0.0,-0.000321,-0.0,-0.00129,-0.0,-0.000979,-0.003518,-0.0,-0.0,-0.000488,-0.0,-0.0,-0.0,-0.0,-0.001726,-0.003154,0.0,-0.00177,-0.001565,-0.002973,-0.003051,-0.0,-0.00312,-0.0,-0.00237,-9.6e-05,0.0,-0.000195,-0.004981,-0.002772,-0.002399,-0.00218,-0.003203,-0.00027,-0.000196,-5.9e-05,-0.0,-0.0,-0.000504,-0.001634,-0.002188
2017-06-01 18:02:00+02:00,-0.0,0.0,-0.0,-0.001917,-0.0,-0.0,-2.5e-05,-0.000101,-0.000797,-0.0,-0.0,-0.0,-0.00322,-0.003278,-0.001489,-0.002662,-0.0,-0.0,-0.0,-0.002044,0.0,-0.002021,-0.0006,-0.0,-0.002902,-0.003062,-5.3e-05,0.0,-0.000221,-0.0,-0.0,-0.001748,0.0,-0.00221,-0.003128,-0.0,-0.000611,-0.000501,0.0,-0.003914,-0.000258,-0.0,-0.000391,0.0,-0.0,-0.000819,-0.000136,-0.000261,-0.000502,0.0,-0.0,-0.001012,-0.001744,-0.003592,-0.0,0.0,-0.0,-0.0,0.0,-6.6e-05,-0.000821,-0.003606,-0.001759,0.0,-0.0,-0.002821,-7e-06,-0.000293,0.0,-1.8e-05,-0.000209,-0.0,-0.0,-0.001438,-0.003437,0.0,-0.0,-0.0,-0.00032,-0.0,-0.00124,-0.0,-0.000935,-0.00347,-0.0,-0.0,-0.00047,-0.0,-0.0,-0.0,-0.0,-0.00166,-0.003095,0.0,-0.001712,-0.001544,-0.002868,-0.002946,-0.0,-0.003071,-0.0,-0.002299,-9e-05,0.0,-0.000191,-0.004914,-0.002715,-0.002361,-0.002114,-0.003096,-0.000267,-0.000183,-5.1e-05,-0.0,-0.0,-0.000479,-0.001579,-0.002138
2017-06-01 18:03:00+02:00,-0.0,0.0,-0.0,-0.001875,-0.0,-0.0,-2.4e-05,-9.8e-05,-0.000777,-0.0,-0.0,-0.0,-0.003177,-0.003239,-0.001479,-0.002605,-0.0,-0.0,-0.0,-0.002012,0.0,-0.00199,-0.000599,-0.0,-0.002878,-0.002992,-5.1e-05,0.0,-0.00021,-0.0,-0.0,-0.001724,0.0,-0.002188,-0.003096,-0.0,-0.000611,-0.000496,0.0,-0.003884,-0.000254,-0.0,-0.000377,0.0,-0.0,-0.000793,-0.000129,-0.00025,-0.00049,0.0,-0.0,-0.000989,-0.001698,-0.003549,-0.0,0.0,-0.0,-0.0,0.0,-6.1e-05,-0.0008,-0.003581,-0.00172,0.0,-0.0,-0.002759,-6e-06,-0.000281,0.0,-1.6e-05,-0.000199,-0.0,-0.0,-0.001411,-0.003401,0.0,-0.0,-0.0,-0.000318,-0.0,-0.001202,-0.0,-0.000908,-0.003446,-0.0,-0.0,-0.000454,-0.0,-0.0,-0.0,-0.0,-0.001612,-0.003054,0.0,-0.00167,-0.00154,-0.002793,-0.002872,-0.0,-0.003051,-0.0,-0.00225,-8.5e-05,0.0,-0.000187,-0.004873,-0.002673,-0.002345,-0.002067,-0.003021,-0.000264,-0.000173,-4.7e-05,-0.0,-0.0,-0.000464,-0.001541,-0.0021
2017-06-01 18:04:00+02:00,-0.0,0.0,-0.0,-0.001832,-0.0,-0.0,-2.3e-05,-9.5e-05,-0.000756,-0.0,-0.0,-0.0,-0.003135,-0.003202,-0.001468,-0.002548,-0.0,-0.0,-0.0,-0.001978,0.0,-0.001957,-0.000594,-0.0,-0.002853,-0.002924,-4.9e-05,0.0,-0.000199,-0.0,-0.0,-0.001699,0.0,-0.002165,-0.003065,-0.0,-0.000609,-0.000487,0.0,-0.003853,-0.000247,-0.0,-0.00036,0.0,-0.0,-0.000764,-0.000122,-0.000239,-0.000478,0.0,-0.0,-0.000965,-0.001653,-0.003507,-0.0,0.0,-0.0,-0.0,0.0,-5.3e-05,-0.000778,-0.003556,-0.001679,0.0,-0.0,-0.002699,-5e-06,-0.000269,0.0,-1.2e-05,-0.00019,-0.0,-0.0,-0.001382,-0.003365,0.0,-0.0,-0.0,-0.000312,-0.0,-0.001164,-0.0,-0.000879,-0.003421,-0.0,-0.0,-0.000437,-0.0,-0.0,-0.0,-0.0,-0.001565,-0.003013,0.0,-0.001629,-0.001534,-0.002722,-0.002802,-0.0,-0.003029,-0.0,-0.002201,-8e-05,0.0,-0.000182,-0.004833,-0.002633,-0.002327,-0.002019,-0.00295,-0.000259,-0.000163,-4.1e-05,-0.0,-0.0,-0.000445,-0.001502,-0.002062
2017-06-01 18:05:00+02:00,-0.0,0.0,-0.0,-0.001795,-0.0,-0.0,-1.9e-05,-8.5e-05,-0.000736,-0.0,-0.0,-0.0,-0.003093,-0.003164,-0.001453,-0.0025,-0.0,-0.0,-0.0,-0.001927,0.0,-0.001907,-0.000543,-0.0,-0.002827,-0.002867,-4.3e-05,0.0,-0.000189,-0.0,-0.0,-0.001674,0.0,-0.00214,-0.003032,-0.0,-0.000603,-0.000442,0.0,-0.003821,-0.000224,-0.0,-0.000333,0.0,-0.0,-0.000738,-0.000115,-0.000226,-0.000465,0.0,-0.0,-0.000931,-0.001614,-0.003465,-0.0,0.0,-0.0,-0.0,0.0,-4.3e-05,-0.000749,-0.003528,-0.001643,0.0,-0.0,-0.002648,-4e-06,-0.000255,0.0,-1e-05,-0.000175,-0.0,-0.0,-0.001341,-0.003329,0.0,-0.0,-0.0,-0.000272,-0.0,-0.001131,-0.0,-0.000852,-0.003395,-0.0,-0.0,-0.00042,-0.0,-0.0,-0.0,-0.0,-0.001524,-0.002973,0.0,-0.001592,-0.001523,-0.002661,-0.002742,-0.0,-0.003004,-0.0,-0.002159,-7.4e-05,0.0,-0.000164,-0.004793,-0.002592,-0.002306,-0.001978,-0.00289,-0.000235,-0.000154,-3.3e-05,-0.0,-0.0,-0.000416,-0.001468,-0.002025
2017-06-01 18:06:00+02:00,-0.0,0.0,-0.0,-0.001774,-0.0,-0.0,-1.5e-05,-7.5e-05,-0.000717,-0.0,-0.0,-0.0,-0.003053,-0.003128,-0.001443,-0.00247,-0.0,-0.0,-0.0,-0.001881,0.0,-0.001862,-0.000486,-0.0,-0.002806,-0.002829,-3.8e-05,0.0,-0.000183,-0.0,-0.0,-0.001651,0.0,-0.002118,-0.003003,-0.0,-0.000602,-0.000394,0.0,-0.003795,-0.0002,-0.0,-0.000315,0.0,-0.0,-0.000728,-0.000111,-0.000215,-0.000454,0.0,-0.0,-0.000899,-0.001585,-0.003426,-0.0,0.0,-0.0,-0.0,0.0,-3.4e-05,-0.000722,-0.003506,-0.001624,0.0,-0.0,-0.002615,-3e-06,-0.000243,0.0,-8e-06,-0.000165,-0.0,-0.0,-0.001303,-0.003295,0.0,-0.0,-0.0,-0.000229,-0.0,-0.001106,-0.0,-0.000841,-0.003374,-0.0,-0.0,-0.000407,-0.0,-0.0,-0.0,-0.0,-0.001493,-0.002935,0.0,-0.001568,-0.001518,-0.002618,-0.002701,-0.0,-0.002985,-0.0,-0.002134,-6.9e-05,0.0,-0.000146,-0.004757,-0.002554,-0.00229,-0.001953,-0.00285,-0.000209,-0.000149,-2.8e-05,-0.0,-0.0,-0.000395,-0.00145,-0.001989
2017-06-01 18:07:00+02:00,-0.0,0.0,-0.0,-0.001755,-0.0,-0.0,-1.2e-05,-6.6e-05,-0.000695,-0.0,-0.0,-0.0,-0.003003,-0.003082,-0.001423,-0.002443,-0.0,-0.0,-0.0,-0.001849,0.0,-0.001831,-0.000434,-0.0,-0.002772,-0.002797,-3.3e-05,0.0,-0.000177,-0.0,-0.0,-0.00162,0.0,-0.002087,-0.002962,-0.0,-0.000594,-0.00035,0.0,-0.003753,-0.000178,-0.0,-0.000304,0.0,-0.0,-0.00072,-0.000106,-0.000205,-0.000441,0.0,-0.0,-0.000876,-0.001559,-0.003374,-0.0,0.0,-0.0,-0.0,0.0,-2.7e-05,-0.000701,-0.00347,-0.001607,0.0,-0.0,-0.002586,-3e-06,-0.000232,0.0,-6e-06,-0.000157,-0.0,-0.0,-0.001275,-0.00325,0.0,-0.0,-0.0,-0.00019,-0.0,-0.001082,-0.0,-0.000832,-0.003339,-0.0,-0.0,-0.000391,-0.0,-0.0,-0.0,-0.0,-0.001465,-0.002887,0.0,-0.001547,-0.001502,-0.00258,-0.002665,-0.0,-0.002951,-0.0,-0.002111,-6.5e-05,0.0,-0.000129,-0.004705,-0.002507,-0.002263,-0.001931,-0.002815,-0.000185,-0.000144,-2.5e-05,-0.0,-0.0,-0.000383,-0.001434,-0.001947
2017-06-01 18:08:00+02:00,-0.0,0.0,-0.0,-0.001744,-0.0,-0.0,-1e-05,-5.7e-05,-0.000669,-0.0,-0.0,-0.0,-0.002936,-0.003017,-0.001388,-0.002425,-0.0,-0.0,-0.0,-0.001803,0.0,-0.001786,-0.000382,-0.0,-0.002712,-0.002775,-2.9e-05,0.0,-0.000172,-0.0,-0.0,-0.001576,0.0,-0.002038,-0.002902,-0.0,-0.00057,-0.000305,0.0,-0.003687,-0.000155,-0.0,-0.000282,0.0,-0.0,-0.000713,-0.000103,-0.000195,-0.000424,0.0,-0.0,-0.000845,-0.001539,-0.003303,-0.0,0.0,-0.0,-0.0,0.0,-2.2e-05,-0.000674,-0.003409,-0.001596,0.0,-0.0,-0.002566,-2e-06,-0.000221,0.0,-5e-06,-0.000146,-0.0,-0.0,-0.001237,-0.003185,0.0,-0.0,-0.0,-0.000152,-0.0,-0.001063,-0.0,-0.000825,-0.003282,-0.0,-0.0,-0.000376,-0.0,-0.0,-0.0,-0.0,-0.001443,-0.002823,0.0,-0.001531,-0.001466,-0.002553,-0.002641,-0.0,-0.002891,-0.0,-0.002096,-6e-05,0.0,-0.000112,-0.004623,-0.002446,-0.002214,-0.001916,-0.002792,-0.000161,-0.00014,-2e-05,-0.0,-0.0,-0.000359,-0.001423,-0.001895
2017-06-01 18:09:00+02:00,-0.0,0.0,-0.0,-0.001766,-0.0,-0.0,-8e-06,-5.3e-05,-0.00065,-0.0,-0.0,-0.0,-0.002894,-0.00298,-0.001373,-0.002443,-0.0,-0.0,-0.0,-0.001801,0.0,-0.001785,-0.000365,-0.0,-0.002685,-0.002791,-2.7e-05,0.0,-0.000173,-0.0,-0.0,-0.001549,0.0,-0.002012,-0.00287,-0.0,-0.000566,-0.000292,0.0,-0.003657,-0.000148,-0.0,-0.000288,0.0,-0.0,-0.000736,-0.000102,-0.00019,-0.000413,0.0,-0.0,-0.000838,-0.001541,-0.003261,-0.0,0.0,-0.0,-0.0,0.0,-1.7e-05,-0.000667,-0.003383,-0.001618,0.0,-0.0,-0.002584,-2e-06,-0.000215,0.0,-4e-06,-0.000147,-0.0,-0.0,-0.001231,-0.003149,0.0,-0.0,-0.0,-0.000141,-0.0,-0.001059,-0.0,-0.000848,-0.003258,-0.0,-0.0,-0.000364,-0.0,-0.0,-0.0,-0.0,-0.00144,-0.002783,0.0,-0.001543,-0.001457,-0.002561,-0.002651,-0.0,-0.002864,-0.0,-0.002117,-5.9e-05,0.0,-0.000105,-0.004583,-0.002407,-0.002194,-0.001935,-0.002806,-0.000153,-0.000142,-2.1e-05,-0.0,-0.0,-0.000365,-0.001446,-0.00186
2017-06-01 18:10:00+02:00,-0.0,0.0,-0.0,-0.001755,-0.0,-0.0,-7e-06,-4.9e-05,-0.000632,-0.0,-0.0,-0.0,-0.002852,-0.002942,-0.001358,-0.002424,-0.0,-0.0,-0.0,-0.00176,0.0,-0.001744,-0.000344,-0.0,-0.002659,-0.002765,-2.5e-05,0.0,-0.000169,-0.0,-0.0,-0.001523,0.0,-0.001986,-0.002838,-0.0,-0.000559,-0.000275,0.0,-0.003625,-0.000138,-0.0,-0.000265,0.0,-0.0,-0.000732,-9.9e-05,-0.00018,-0.000402,0.0,-0.0,-0.00081,-0.00152,-0.003218,-0.0,0.0,-0.0,-0.0,0.0,-1.4e-05,-0.000643,-0.003357,-0.001609,0.0,-0.0,-0.002562,-1e-06,-0.000204,0.0,-3e-06,-0.000135,-0.0,-0.0,-0.001197,-0.003113,0.0,-0.0,-0.0,-0.000125,-0.0,-0.001039,-0.0,-0.000843,-0.003232,-0.0,-0.0,-0.000352,-0.0,-0.0,-0.0,-0.0,-0.001416,-0.002743,0.0,-0.001528,-0.001445,-0.002531,-0.002624,-0.0,-0.002838,-0.0,-0.002103,-5.4e-05,0.0,-9.8e-05,-0.004542,-0.002367,-0.002174,-0.001921,-0.00278,-0.000142,-0.000138,-1.7e-05,-0.0,-0.0,-0.000341,-0.001437,-0.001825
2017-06-01 18:11:00+02:00,-0.0,0.0,-0.0,-0.00174,-0.0,-0.0,-6e-06,-4.6e-05,-0.00061,-0.0,-0.0,-0.0,-0.002793,-0.002888,-0.001334,-0.0024,-0.0,-0.0,-0.0,-0.001736,0.0,-0.001721,-0.000334,-0.0,-0.00262,-0.002736,-2.3e-05,0.0,-0.000164,-0.0,-0.0,-0.00149,0.0,-0.00195,-0.002791,-0.0,-0.000545,-0.000268,0.0,-0.003574,-0.000133,-0.0,-0.000254,0.0,-0.0,-0.000723,-9.5e-05,-0.000172,-0.000388,0.0,-0.0,-0.000792,-0.001497,-0.003155,-0.0,0.0,-0.0,-0.0,0.0,-1.1e-05,-0.000626,-0.003311,-0.001595,0.0,-0.0,-0.002536,-1e-06,-0.000196,0.0,-3e-06,-0.000128,-0.0,-0.0,-0.001176,-0.00306,0.0,-0.0,-0.0,-0.000119,-0.0,-0.001018,-0.0,-0.000835,-0.00319,-0.0,-0.0,-0.000338,-0.0,-0.0,-0.0,-0.0,-0.001391,-0.002687,0.0,-0.001509,-0.001422,-0.002499,-0.002593,-0.0,-0.002797,-0.0,-0.002083,-5.1e-05,0.0,-9.4e-05,-0.004471,-0.002313,-0.002141,-0.001902,-0.002749,-0.000136,-0.000134,-1.4e-05,-0.0,-0.0,-0.000328,-0.001423,-0.001779
2017-06-01 18:12:00+02:00,-0.0,0.0,-0.0,-0.001726,-0.0,-0.0,-5e-06,-4.3e-05,-0.000592,-0.0,-0.0,-0.0,-0.002753,-0.002852,-0.001321,-0.002377,-0.0,-0.0,-0.0,-0.001725,0.0,-0.001712,-0.000326,-0.0,-0.002596,-0.002708,-2.2e-05,0.0,-0.000159,-0.0,-0.0,-0.001465,0.0,-0.001927,-0.002761,-0.0,-0.000541,-0.000263,0.0,-0.003545,-0.000129,-0.0,-0.00025,0.0,-0.0,-0.000719,-9.2e-05,-0.000166,-0.000377,0.0,-0.0,-0.00078,-0.001474,-0.003116,-0.0,0.0,-0.0,-0.0,0.0,-9e-06,-0.000615,-0.003286,-0.001583,0.0,-0.0,-0.002511,-1e-06,-0.000189,0.0,-2e-06,-0.000125,-0.0,-0.0,-0.001164,-0.003026,0.0,-0.0,-0.0,-0.000116,-0.0,-0.000997,-0.0,-0.000829,-0.003166,-0.0,-0.0,-0.000325,-0.0,-0.0,-0.0,-0.0,-0.001366,-0.002649,0.0,-0.001493,-0.001413,-0.002466,-0.002563,-0.0,-0.002773,-0.0,-0.002066,-4.9e-05,0.0,-9.1e-05,-0.004433,-0.002276,-0.002122,-0.001885,-0.00272,-0.000131,-0.00013,-1.2e-05,-0.0,-0.0,-0.000324,-0.001412,-0.001744
2017-06-01 18:13:00+02:00,-0.0,0.0,-0.0,-0.001706,-0.0,-0.0,-4e-06,-4e-05,-0.000567,-0.0,-0.0,-0.0,-0.002697,-0.002797,-0.001291,-0.002346,-0.0,-0.0,-0.0,-0.0017,0.0,-0.001687,-0.000311,-0.0,-0.002541,-0.002671,-2e-05,0.0,-0.000153,-0.0,-0.0,-0.001425,0.0,-0.001883,-0.002709,-0.0,-0.000521,-0.00025,0.0,-0.003486,-0.000122,-0.0,-0.000237,0.0,-0.0,-0.000708,-8.7e-05,-0.000158,-0.000361,0.0,-0.0,-0.000762,-0.001447,-0.003057,-0.0,0.0,-0.0,-0.0,0.0,-7e-06,-0.000599,-0.003232,-0.001563,0.0,-0.0,-0.002477,-1e-06,-0.00018,0.0,-2e-06,-0.000118,-0.0,-0.0,-0.001143,-0.002971,0.0,-0.0,-0.0,-0.000105,-0.0,-0.000973,-0.0,-0.000817,-0.003115,-0.0,-0.0,-0.000309,-0.0,-0.0,-0.0,-0.0,-0.001337,-0.002595,0.0,-0.00147,-0.001382,-0.002426,-0.002524,-0.0,-0.002717,-0.0,-0.00204,-4.6e-05,0.0,-8.5e-05,-0.004364,-0.002223,-0.002079,-0.00186,-0.002681,-0.000124,-0.000125,-9e-06,-0.0,-0.0,-0.00031,-0.001394,-0.001698
2017-06-01 18:14:00+02:00,-0.0,0.0,-0.0,-0.00168,-0.0,-0.0,-3e-06,-3.7e-05,-0.000545,-0.0,-0.0,-0.0,-0.00264,-0.002743,-0.001263,-0.002309,-0.0,-0.0,-0.0,-0.001672,0.0,-0.00166,-0.000292,-0.0,-0.002494,-0.002629,-1.8e-05,0.0,-0.000147,-0.0,-0.0,-0.001389,0.0,-0.001843,-0.002659,-0.0,-0.000504,-0.000234,0.0,-0.003431,-0.000114,-0.0,-0.000222,0.0,-0.0,-0.000692,-8.4e-05,-0.000151,-0.000347,0.0,-0.0,-0.000743,-0.001417,-0.002998,-0.0,0.0,-0.0,-0.0,0.0,-6e-06,-0.000581,-0.003181,-0.001539,0.0,-0.0,-0.002438,-1e-06,-0.000172,0.0,-1e-06,-0.00011,-0.0,-0.0,-0.00112,-0.002916,0.0,-0.0,-0.0,-9.1e-05,-0.0,-0.000948,-0.0,-0.000801,-0.003067,-0.0,-0.0,-0.000296,-0.0,-0.0,-0.0,-0.0,-0.001305,-0.00254,0.0,-0.001444,-0.001354,-0.002382,-0.002481,-0.0,-0.002669,-0.0,-0.002009,-4.3e-05,0.0,-7.9e-05,-0.004296,-0.002172,-0.00204,-0.00183,-0.002638,-0.000115,-0.00012,-8e-06,-0.0,-0.0,-0.000293,-0.001371,-0.001653
2017-06-01 18:15:00+02:00,-0.0,0.0,-0.0,-0.001662,-0.0,-0.0,-3e-06,-3.6e-05,-0.000527,-0.0,-0.0,-0.0,-0.002605,-0.00271,-0.00125,-0.00228,-0.0,-0.0,-0.0,-0.001648,0.0,-0.001637,-0.000299,-0.0,-0.002467,-0.002596,-1.8e-05,0.0,-0.000142,-0.0,-0.0,-0.001364,0.0,-0.001819,-0.002631,-0.0,-0.0005,-0.000238,0.0,-0.003403,-0.000114,-0.0,-0.000214,0.0,-0.0,-0.000684,-8e-05,-0.000144,-0.000337,0.0,-0.0,-0.000726,-0.001391,-0.002962,-0.0,0.0,-0.0,-0.0,0.0,-5e-06,-0.000566,-0.003157,-0.001523,0.0,-0.0,-0.002408,-0.0,-0.000165,0.0,-1e-06,-0.000106,-0.0,-0.0,-0.001099,-0.002885,0.0,-0.0,-0.0,-9.5e-05,-0.0,-0.000925,-0.0,-0.000792,-0.003044,-0.0,-0.0,-0.000286,-0.0,-0.0,-0.0,-0.0,-0.001279,-0.002506,0.0,-0.001423,-0.001344,-0.002346,-0.002447,-0.0,-0.002643,-0.0,-0.001986,-4e-05,0.0,-7.8e-05,-0.004263,-0.002137,-0.002021,-0.001808,-0.002604,-0.000116,-0.000116,-6e-06,-0.0,-0.0,-0.000285,-0.001355,-0.001621
2017-06-01 18:16:00+02:00,-0.0,0.0,-0.0,-0.001635,-0.0,-0.0,-4e-06,-3.7e-05,-0.000514,-0.0,-0.0,-0.0,-0.002578,-0.002686,-0.001239,-0.002245,-0.0,-0.0,-0.0,-0.001623,0.0,-0.001612,-0.000323,-0.0,-0.00246,-0.002559,-1.9e-05,0.0,-0.000135,-0.0,-0.0,-0.001348,0.0,-0.001804,-0.002611,-0.0,-0.000497,-0.000257,0.0,-0.003386,-0.00012,-0.0,-0.000203,0.0,-0.0,-0.000663,-7.7e-05,-0.000138,-0.000328,0.0,-0.0,-0.000708,-0.001362,-0.002936,-0.0,0.0,-0.0,-0.0,0.0,-4e-06,-0.00055,-0.003143,-0.001496,0.0,-0.0,-0.002372,-0.0,-0.000158,0.0,-1e-06,-0.0001,-0.0,-0.0,-0.001077,-0.002863,0.0,-0.0,-0.0,-0.000113,-0.0,-0.000901,-0.0,-0.000771,-0.003032,-0.0,-0.0,-0.000278,-0.0,-0.0,-0.0,-0.0,-0.00125,-0.002479,0.0,-0.001396,-0.001337,-0.002308,-0.00241,-0.0,-0.002632,-0.0,-0.001955,-3.8e-05,0.0,-8.3e-05,-0.004244,-0.00211,-0.002009,-0.001777,-0.002567,-0.000123,-0.00011,-5e-06,-0.0,-0.0,-0.000272,-0.00133,-0.001595
2017-06-01 18:17:00+02:00,-0.0,0.0,-0.0,-0.00161,-0.0,-0.0,-3e-06,-3.6e-05,-0.0005,-0.0,-0.0,-0.0,-0.002553,-0.002663,-0.001229,-0.002213,-0.0,-0.0,-0.0,-0.001568,0.0,-0.001558,-0.000317,-0.0,-0.002452,-0.002525,-1.8e-05,0.0,-0.000129,-0.0,-0.0,-0.001331,0.0,-0.001788,-0.002592,-0.0,-0.000492,-0.000249,0.0,-0.00337,-0.000115,-0.0,-0.000176,0.0,-0.0,-0.000644,-7.4e-05,-0.000129,-0.000319,0.0,-0.0,-0.000677,-0.001335,-0.002913,-0.0,0.0,-0.0,-0.0,0.0,-3e-06,-0.000524,-0.00313,-0.001471,0.0,-0.0,-0.00234,-0.0,-0.000148,0.0,-1e-06,-8.8e-05,-0.0,-0.0,-0.001035,-0.002842,0.0,-0.0,-0.0,-0.000104,-0.0,-0.000878,-0.0,-0.000752,-0.00302,-0.0,-0.0,-0.00027,-0.0,-0.0,-0.0,-0.0,-0.001224,-0.002455,0.0,-0.00137,-0.001329,-0.002272,-0.002375,-0.0,-0.00262,-0.0,-0.001926,-3.4e-05,0.0,-7.9e-05,-0.004228,-0.002084,-0.001996,-0.001749,-0.002532,-0.000119,-0.000104,-4e-06,-0.0,-0.0,-0.000243,-0.001305,-0.00157
2017-06-01 18:18:00+02:00,-0.0,0.0,-0.0,-0.001575,-0.0,-0.0,-3e-06,-3.5e-05,-0.000482,-0.0,-0.0,-0.0,-0.002512,-0.002624,-0.001206,-0.002169,-0.0,-0.0,-0.0,-0.00152,0.0,-0.001509,-0.000319,-0.0,-0.00242,-0.00248,-1.7e-05,0.0,-0.000121,-0.0,-0.0,-0.001303,0.0,-0.001758,-0.002556,-0.0,-0.000474,-0.000248,0.0,-0.003331,-0.000113,-0.0,-0.000149,0.0,-0.0,-0.000617,-6.9e-05,-0.000121,-0.000306,0.0,-0.0,-0.000649,-0.001302,-0.002872,-0.0,0.0,-0.0,-0.0,0.0,-2e-06,-0.000501,-0.003094,-0.001437,0.0,-0.0,-0.002296,-0.0,-0.000139,0.0,-1e-06,-7.6e-05,-0.0,-0.0,-0.000999,-0.002804,0.0,-0.0,-0.0,-0.000104,-0.0,-0.000851,-0.0,-0.000725,-0.002986,-0.0,-0.0,-0.000259,-0.0,-0.0,-0.0,-0.0,-0.001192,-0.002415,0.0,-0.001338,-0.001305,-0.002226,-0.00233,-0.0,-0.002585,-0.0,-0.001887,-3e-05,0.0,-7.7e-05,-0.004184,-0.002046,-0.001966,-0.001711,-0.002486,-0.000118,-9.7e-05,-3e-06,-0.0,-0.0,-0.000214,-0.001272,-0.001535
2017-06-01 18:19:00+02:00,-0.0,0.0,-0.0,-0.001539,-0.0,-0.0,-3e-06,-3.4e-05,-0.000463,-0.0,-0.0,-0.0,-0.002476,-0.00259,-0.001185,-0.002124,-0.0,-0.0,-0.0,-0.0015,0.0,-0.001491,-0.000326,-0.0,-0.00239,-0.002433,-1.7e-05,0.0,-0.000113,-0.0,-0.0,-0.001277,0.0,-0.00173,-0.002524,-0.0,-0.00046,-0.000253,0.0,-0.003297,-0.000114,-0.0,-0.000138,0.0,-0.0,-0.00059,-6.5e-05,-0.000115,-0.000294,0.0,-0.0,-0.000634,-0.001268,-0.002836,-0.0,0.0,-0.0,-0.0,0.0,-2e-06,-0.000488,-0.003063,-0.001402,0.0,-0.0,-0.00225,-0.0,-0.000132,0.0,-0.0,-7e-05,-0.0,-0.0,-0.000982,-0.00277,0.0,-0.0,-0.0,-0.00011,-0.0,-0.000824,-0.0,-0.000697,-0.002957,-0.0,-0.0,-0.000248,-0.0,-0.0,-0.0,-0.0,-0.001159,-0.00238,0.0,-0.001305,-0.001283,-0.002178,-0.002283,-0.0,-0.002553,-0.0,-0.001846,-2.7e-05,0.0,-7.7e-05,-0.004148,-0.002011,-0.001938,-0.001672,-0.002438,-0.000118,-9e-05,-2e-06,-0.0,-0.0,-0.000203,-0.001238,-0.001502
2017-06-01 18:20:00+02:00,-0.0,0.0,-0.0,-0.001507,-0.0,-0.0,-3e-06,-3.3e-05,-0.000445,-0.0,-0.0,-0.0,-0.002438,-0.002554,-0.001165,-0.002082,-0.0,-0.0,-0.0,-0.001486,0.0,-0.001478,-0.000328,-0.0,-0.00236,-0.002388,-1.6e-05,0.0,-0.000106,-0.0,-0.0,-0.00125,0.0,-0.001703,-0.002491,-0.0,-0.000448,-0.000254,0.0,-0.00326,-0.000113,-0.0,-0.00013,0.0,-0.0,-0.000566,-6.1e-05,-0.000109,-0.000282,0.0,-0.0,-0.000622,-0.001236,-0.002798,-0.0,0.0,-0.0,-0.0,0.0,-2e-06,-0.000476,-0.003029,-0.001371,0.0,-0.0,-0.002206,-0.0,-0.000126,0.0,-0.0,-6.6e-05,-0.0,-0.0,-0.000969,-0.002734,0.0,-0.0,-0.0,-0.000112,-0.0,-0.000797,-0.0,-0.000673,-0.002925,-0.0,-0.0,-0.000236,-0.0,-0.0,-0.0,-0.0,-0.001128,-0.002342,0.0,-0.001275,-0.001263,-0.002132,-0.002238,-0.0,-0.002521,-0.0,-0.001809,-2.5e-05,0.0,-7.6e-05,-0.004106,-0.001973,-0.00191,-0.001635,-0.002393,-0.000117,-8.4e-05,-2e-06,-0.0,-0.0,-0.000194,-0.001207,-0.001467
2017-06-01 18:21:00+02:00,-0.0,0.0,-0.0,-0.001487,-0.0,-0.0,-3e-06,-3.1e-05,-0.000427,-0.0,-0.0,-0.0,-0.002401,-0.002519,-0.001149,-0.002056,-0.0,-0.0,-0.0,-0.001477,0.0,-0.00147,-0.000324,-0.0,-0.002329,-0.002358,-1.6e-05,0.0,-0.000101,-0.0,-0.0,-0.001224,0.0,-0.001677,-0.00246,-0.0,-0.00044,-0.000249,0.0,-0.003226,-0.000109,-0.0,-0.000126,0.0,-0.0,-0.000554,-5.8e-05,-0.000104,-0.000271,0.0,-0.0,-0.000612,-0.001213,-0.002761,-0.0,0.0,-0.0,-0.0,0.0,-1e-06,-0.000467,-0.002999,-0.001352,0.0,-0.0,-0.002179,-0.0,-0.00012,0.0,-0.0,-6.3e-05,-0.0,-0.0,-0.00096,-0.002701,0.0,-0.0,-0.0,-0.000109,-0.0,-0.000777,-0.0,-0.00066,-0.002897,-0.0,-0.0,-0.000226,-0.0,-0.0,-0.0,-0.0,-0.001104,-0.002306,0.0,-0.001255,-0.001249,-0.0021,-0.002208,-0.0,-0.00249,-0.0,-0.001786,-2.4e-05,0.0,-7.3e-05,-0.004067,-0.001938,-0.001887,-0.001613,-0.002362,-0.000114,-8e-05,-2e-06,-0.0,-0.0,-0.00019,-0.00119,-0.001435
2017-06-01 18:22:00+02:00,-0.0,0.0,-0.0,-0.001472,-0.0,-0.0,-2e-06,-3e-05,-0.000407,-0.0,-0.0,-0.0,-0.00235,-0.002468,-0.001119,-0.002036,-0.0,-0.0,-0.0,-0.001441,0.0,-0.001435,-0.000312,-0.0,-0.002276,-0.002334,-1.5e-05,0.0,-9.6e-05,-0.0,-0.0,-0.001187,0.0,-0.001634,-0.002411,-0.0,-0.000419,-0.000236,0.0,-0.00317,-0.000103,-0.0,-0.000108,0.0,-0.0,-0.000543,-5.6e-05,-9.8e-05,-0.000259,0.0,-0.0,-0.000591,-0.001194,-0.002708,-0.0,0.0,-0.0,-0.0,0.0,-1e-06,-0.000449,-0.002946,-0.001336,0.0,-0.0,-0.002157,-0.0,-0.000114,0.0,-0.0,-5.6e-05,-0.0,-0.0,-0.000933,-0.002649,0.0,-0.0,-0.0,-9.8e-05,-0.0,-0.00076,-0.0,-0.000648,-0.002847,-0.0,-0.0,-0.000218,-0.0,-0.0,-0.0,-0.0,-0.001083,-0.002257,0.0,-0.001237,-0.001217,-0.002074,-0.002182,-0.0,-0.002435,-0.0,-0.001768,-2.1e-05,0.0,-6.9e-05,-0.004006,-0.001892,-0.001844,-0.001594,-0.002337,-0.000109,-7.6e-05,-1e-06,-0.0,-0.0,-0.000171,-0.001175,-0.001395
2017-06-01 18:23:00+02:00,-0.0,0.0,-0.0,-0.001453,-0.0,-0.0,-2e-06,-2.8e-05,-0.000385,-0.0,-0.0,-0.0,-0.002286,-0.002403,-0.001077,-0.002012,-0.0,-0.0,-0.0,-0.00139,0.0,-0.001385,-0.0003,-0.0,-0.002205,-0.002307,-1.3e-05,0.0,-9.2e-05,-0.0,-0.0,-0.001141,0.0,-0.001579,-0.002347,-0.0,-0.000389,-0.000224,0.0,-0.003093,-9.7e-05,-0.0,-8.7e-05,0.0,-0.0,-0.000531,-5.4e-05,-9.1e-05,-0.000244,0.0,-0.0,-0.000565,-0.001172,-0.002638,-0.0,0.0,-0.0,-0.0,0.0,-1e-06,-0.000427,-0.002873,-0.001318,0.0,-0.0,-0.002132,-0.0,-0.000106,0.0,-0.0,-4.6e-05,-0.0,-0.0,-0.000896,-0.002581,0.0,-0.0,-0.0,-8.7e-05,-0.0,-0.000741,-0.0,-0.000636,-0.002778,-0.0,-0.0,-0.000208,-0.0,-0.0,-0.0,-0.0,-0.00106,-0.002194,0.0,-0.001217,-0.00117,-0.002044,-0.002154,-0.0,-0.002361,-0.0,-0.001746,-1.8e-05,0.0,-6.4e-05,-0.003919,-0.001834,-0.001785,-0.001572,-0.002309,-0.000103,-7.2e-05,-1e-06,-0.0,-0.0,-0.000145,-0.001157,-0.001347
2017-06-01 18:24:00+02:00,-0.0,0.0,-0.0,-0.001426,-0.0,-0.0,-2e-06,-2.5e-05,-0.000359,-0.0,-0.0,-0.0,-0.002193,-0.002309,-0.001017,-0.001979,-0.0,-0.0,-0.0,-0.001354,0.0,-0.001349,-0.000275,-0.0,-0.002105,-0.002271,-1.2e-05,0.0,-8.6e-05,-0.0,-0.0,-0.001081,0.0,-0.001503,-0.002255,-0.0,-0.000341,-0.0002,0.0,-0.00298,-8.7e-05,-0.0,-6.9e-05,0.0,-0.0,-0.000512,-5.1e-05,-8.6e-05,-0.000226,0.0,-0.0,-0.000543,-0.001146,-0.002535,-0.0,0.0,-0.0,-0.0,0.0,-1e-06,-0.000409,-0.002766,-0.001293,0.0,-0.0,-0.002098,-0.0,-0.0001,0.0,-0.0,-3.7e-05,-0.0,-0.0,-0.000869,-0.002483,0.0,-0.0,-0.0,-7e-05,-0.0,-0.000719,-0.0,-0.000616,-0.002675,-0.0,-0.0,-0.000197,-0.0,-0.0,-0.0,-0.0,-0.001034,-0.002105,0.0,-0.001192,-0.0011,-0.002007,-0.002118,-0.0,-0.002255,-0.0,-0.001716,-1.6e-05,0.0,-5.7e-05,-0.003781,-0.001755,-0.0017,-0.001542,-0.002273,-9.3e-05,-6.7e-05,-1e-06,-0.0,-0.0,-0.000119,-0.001132,-0.001284
2017-06-01 18:25:00+02:00,-0.0,0.0,-0.0,-0.001414,-0.0,-0.0,-1e-06,-2.1e-05,-0.000332,-0.0,-0.0,-0.0,-0.002086,-0.002202,-0.000951,-0.001964,-0.0,-0.0,-0.0,-0.001332,0.0,-0.001328,-0.000242,-0.0,-0.001993,-0.002253,-1e-05,0.0,-8.3e-05,-0.0,-0.0,-0.001015,0.0,-0.001419,-0.002152,-0.0,-0.000291,-0.000172,0.0,-0.002851,-7.5e-05,-0.0,-5.7e-05,0.0,-0.0,-0.000505,-5e-05,-8.1e-05,-0.000208,0.0,-0.0,-0.000528,-0.00113,-0.002415,-0.0,0.0,-0.0,-0.0,0.0,-0.0,-0.000396,-0.002644,-0.001281,0.0,-0.0,-0.002081,-0.0,-9.5e-05,0.0,-0.0,-3.2e-05,-0.0,-0.0,-0.00085,-0.002371,0.0,-0.0,-0.0,-5.6e-05,-0.0,-0.000704,-0.0,-0.000609,-0.002558,-0.0,-0.0,-0.000186,-0.0,-0.0,-0.0,-0.0,-0.001016,-0.002003,0.0,-0.001177,-0.001023,-0.001987,-0.002098,-0.0,-0.002136,-0.0,-0.001702,-1.4e-05,0.0,-4.9e-05,-0.003616,-0.001666,-0.001606,-0.001528,-0.002254,-8e-05,-6.5e-05,-1e-06,-0.0,-0.0,-0.000108,-0.001121,-0.001215
2017-06-01 18:26:00+02:00,-0.0,0.0,-0.0,-0.00144,-0.0,-0.0,-1e-06,-2e-05,-0.000322,-0.0,-0.0,-0.0,-0.002053,-0.002173,-0.000946,-0.00199,-0.0,-0.0,-0.0,-0.001339,0.0,-0.001336,-0.000232,-0.0,-0.001983,-0.002277,-1e-05,0.0,-8.5e-05,-0.0,-0.0,-0.000997,0.0,-0.001402,-0.002129,-0.0,-0.000299,-0.000165,0.0,-0.00283,-7.1e-05,-0.0,-7.2e-05,0.0,-0.0,-0.000533,-5.1e-05,-8e-05,-0.000202,0.0,-0.0,-0.000526,-0.001135,-0.002382,-0.0,0.0,-0.0,-0.0,0.0,-0.0,-0.000393,-0.002627,-0.001308,0.0,-0.0,-0.002106,-0.0,-9.3e-05,0.0,-0.0,-3.7e-05,-0.0,-0.0,-0.000851,-0.002343,0.0,-0.0,-0.0,-4.8e-05,-0.0,-0.000702,-0.0,-0.000637,-0.002543,-0.0,-0.0,-0.000183,-0.0,-0.0,-0.0,-0.0,-0.001017,-0.001972,0.0,-0.001191,-0.001025,-0.002002,-0.002117,-0.0,-0.002121,-0.0,-0.001728,-1.5e-05,0.0,-4.6e-05,-0.003586,-0.001635,-0.001597,-0.001551,-0.002277,-7.6e-05,-6.6e-05,-1e-06,-0.0,-0.0,-0.000124,-0.001148,-0.001188
2017-06-01 18:27:00+02:00,-0.0,0.0,-0.0,-0.001419,-0.0,-0.0,-1e-06,-1.7e-05,-0.0003,-0.0,-0.0,-0.0,-0.001964,-0.002083,-0.000895,-0.00196,-0.0,-0.0,-0.0,-0.001298,0.0,-0.001296,-0.000203,-0.0,-0.001896,-0.002243,-8e-06,0.0,-8.1e-05,-0.0,-0.0,-0.000943,0.0,-0.001334,-0.002042,-0.0,-0.000265,-0.000141,0.0,-0.002725,-6.1e-05,-0.0,-5.8e-05,0.0,-0.0,-0.000522,-5e-05,-7.5e-05,-0.000188,0.0,-0.0,-0.000504,-0.00111,-0.002283,-0.0,0.0,-0.0,-0.0,0.0,-0.0,-0.000375,-0.002527,-0.001288,0.0,-0.0,-0.002075,-0.0,-8.7e-05,0.0,-0.0,-3e-05,-0.0,-0.0,-0.00082,-0.002249,0.0,-0.0,-0.0,-3.9e-05,-0.0,-0.000682,-0.0,-0.000625,-0.002447,-0.0,-0.0,-0.000175,-0.0,-0.0,-0.0,-0.0,-0.000991,-0.001887,0.0,-0.001169,-0.000968,-0.001966,-0.002082,-0.0,-0.002026,-0.0,-0.001703,-1.3e-05,0.0,-3.9e-05,-0.003454,-0.00156,-0.001523,-0.001526,-0.002242,-6.5e-05,-6.3e-05,-0.0,-0.0,-0.0,-0.000104,-0.001129,-0.00113
2017-06-01 18:28:00+02:00,-0.0,0.0,-0.0,-0.00137,-0.0,-0.0,-1e-06,-1.4e-05,-0.000284,-0.0,-0.0,-0.0,-0.001899,-0.002017,-0.000858,-0.001899,-0.0,-0.0,-0.0,-0.001221,0.0,-0.001218,-0.000163,-0.0,-0.001842,-0.002176,-7e-06,0.0,-7.4e-05,-0.0,-0.0,-0.000906,0.0,-0.001286,-0.001978,-0.0,-0.000241,-0.000113,0.0,-0.002649,-4.9e-05,-0.0,-4.6e-05,0.0,-0.0,-0.000489,-4.7e-05,-6.8e-05,-0.000176,0.0,-0.0,-0.000466,-0.001068,-0.002212,-0.0,0.0,-0.0,-0.0,0.0,-0.0,-0.000346,-0.002457,-0.00124,0.0,-0.0,-0.002012,-0.0,-8e-05,0.0,-0.0,-2.4e-05,-0.0,-0.0,-0.000766,-0.002181,0.0,-0.0,-0.0,-3.1e-05,-0.0,-0.000652,-0.0,-0.00059,-0.002379,-0.0,-0.0,-0.00017,-0.0,-0.0,-0.0,-0.0,-0.000952,-0.001824,0.0,-0.001125,-0.000928,-0.001902,-0.002017,-0.0,-0.001966,-0.0,-0.001647,-1e-05,0.0,-3.1e-05,-0.003366,-0.001504,-0.001471,-0.001474,-0.002173,-5.2e-05,-5.8e-05,-0.0,-0.0,-0.0,-8.3e-05,-0.001084,-0.001084
2017-06-01 18:29:00+02:00,-0.0,0.0,-0.0,-0.001315,-0.0,-0.0,-1e-06,-1.1e-05,-0.00027,-0.0,-0.0,-0.0,-0.00185,-0.001967,-0.000829,-0.001832,-0.0,-0.0,-0.0,-0.00114,0.0,-0.001137,-0.00013,-0.0,-0.001804,-0.002103,-5e-06,0.0,-6.7e-05,-0.0,-0.0,-0.000877,0.0,-0.001251,-0.00193,-0.0,-0.00022,-9e-05,0.0,-0.002592,-3.9e-05,-0.0,-3.7e-05,0.0,-0.0,-0.000448,-4.4e-05,-6e-05,-0.000166,0.0,-0.0,-0.000427,-0.001024,-0.00216,-0.0,0.0,-0.0,-0.0,0.0,-0.0,-0.000315,-0.002404,-0.001187,0.0,-0.0,-0.001943,-0.0,-7.2e-05,0.0,-0.0,-1.9e-05,-0.0,-0.0,-0.00071,-0.002129,0.0,-0.0,-0.0,-2.5e-05,-0.0,-0.000621,-0.0,-0.000548,-0.002329,-0.0,-0.0,-0.000164,-0.0,-0.0,-0.0,-0.0,-0.000911,-0.001776,0.0,-0.001078,-0.000896,-0.001834,-0.001947,-0.0,-0.001922,-0.0,-0.001586,-8e-06,0.0,-2.5e-05,-0.003304,-0.00146,-0.001431,-0.001415,-0.002101,-4.2e-05,-5.1e-05,-0.0,-0.0,-0.0,-6.7e-05,-0.001032,-0.001047
2017-06-01 18:30:00+02:00,-0.0,0.0,-0.0,-0.001278,-0.0,-0.0,-0.0,-1e-05,-0.000259,-0.0,-0.0,-0.0,-0.001818,-0.001936,-0.000816,-0.001786,-0.0,-0.0,-0.0,-0.001088,0.0,-0.001085,-0.00012,-0.0,-0.001789,-0.002051,-4e-06,0.0,-6.2e-05,-0.0,-0.0,-0.000859,0.0,-0.001231,-0.001902,-0.0,-0.000215,-7.5e-05,0.0,-0.002563,-3.3e-05,-0.0,-3e-05,0.0,-0.0,-0.000424,-4.2e-05,-5.5e-05,-0.000159,0.0,-0.0,-0.000401,-0.000991,-0.002128,-0.0,0.0,-0.0,-0.0,0.0,-0.0,-0.000294,-0.002379,-0.001152,0.0,-0.0,-0.001893,-0.0,-6.6e-05,0.0,-0.0,-1.5e-05,-0.0,-0.0,-0.000673,-0.002099,0.0,-0.0,-0.0,-2e-05,-0.0,-0.000596,-0.0,-0.000523,-0.002305,-0.0,-0.0,-0.000161,-0.0,-0.0,-0.0,-0.0,-0.000879,-0.001744,0.0,-0.001045,-0.000885,-0.001785,-0.001896,-0.0,-0.001903,-0.0,-0.001544,-6e-06,0.0,-2.1e-05,-0.003272,-0.00143,-0.001412,-0.001376,-0.002048,-3.7e-05,-4.7e-05,-0.0,-0.0,-0.0,-5.3e-05,-0.000999,-0.00102
2017-06-01 18:31:00+02:00,-0.0,0.0,-0.0,-0.001256,-0.0,-0.0,-0.0,-1e-05,-0.00025,-0.0,-0.0,-0.0,-0.001799,-0.001918,-0.000807,-0.001757,-0.0,-0.0,-0.0,-0.001036,0.0,-0.001033,-0.000131,-0.0,-0.00178,-0.002019,-4e-06,0.0,-5.8e-05,-0.0,-0.0,-0.000846,0.0,-0.001218,-0.001886,-0.0,-0.000209,-7.9e-05,0.0,-0.002548,-3.4e-05,-0.0,-2.4e-05,0.0,-0.0,-0.000406,-4.1e-05,-5e-05,-0.000153,0.0,-0.0,-0.000374,-0.000969,-0.00211,-0.0,0.0,-0.0,-0.0,0.0,-0.0,-0.000274,-0.002365,-0.00113,0.0,-0.0,-0.001863,-0.0,-6e-05,0.0,-0.0,-1.2e-05,-0.0,-0.0,-0.000637,-0.002082,0.0,-0.0,-0.0,-1.6e-05,-0.0,-0.000579,-0.0,-0.000505,-0.002293,-0.0,-0.0,-0.000159,-0.0,-0.0,-0.0,-0.0,-0.000857,-0.001725,0.0,-0.001024,-0.000876,-0.001752,-0.001864,-0.0,-0.001891,-0.0,-0.001518,-5e-06,0.0,-2.1e-05,-0.003258,-0.001409,-0.001401,-0.001351,-0.002015,-3.9e-05,-4.3e-05,-0.0,-0.0,-0.0,-4.3e-05,-0.000977,-0.001
2017-06-01 18:32:00+02:00,-0.0,0.0,-0.0,-0.001268,-0.0,-0.0,-1e-06,-1.2e-05,-0.000247,-0.0,-0.0,-0.0,-0.001812,-0.001937,-0.000825,-0.001769,-0.0,-0.0,-0.0,-0.000999,0.0,-0.000996,-0.000166,-0.0,-0.001819,-0.002031,-6e-06,0.0,-5.7e-05,-0.0,-0.0,-0.000854,0.0,-0.001236,-0.001909,-0.0,-0.000229,-0.000107,0.0,-0.002588,-4.3e-05,-0.0,-1.9e-05,0.0,-0.0,-0.000414,-4.1e-05,-4.6e-05,-0.000152,0.0,-0.0,-0.000355,-0.000968,-0.00213,-0.0,0.0,-0.0,-0.0,0.0,-0.0,-0.000259,-0.002406,-0.001141,0.0,-0.0,-0.001875,-0.0,-5.6e-05,0.0,-0.0,-1e-05,-0.0,-0.0,-0.00061,-0.002107,0.0,-0.0,-0.0,-3.2e-05,-0.0,-0.000574,-0.0,-0.000513,-0.002334,-0.0,-0.0,-0.000162,-0.0,-0.0,-0.0,-0.0,-0.000854,-0.001738,0.0,-0.001028,-0.000903,-0.001759,-0.001873,-0.0,-0.001928,-0.0,-0.00153,-4e-06,0.0,-2.7e-05,-0.003307,-0.001415,-0.001429,-0.001361,-0.002026,-4.8e-05,-4.3e-05,-0.0,-0.0,-0.0,-3.4e-05,-0.000987,-0.001
2017-06-01 18:33:00+02:00,-0.0,0.0,-0.0,-0.001222,-0.0,-0.0,-1e-06,-1.2e-05,-0.000243,-0.0,-0.0,-0.0,-0.001814,-0.001943,-0.00083,-0.001713,-0.0,-0.0,-0.0,-0.000941,0.0,-0.000937,-0.000172,-0.0,-0.001841,-0.001976,-6e-06,0.0,-5.1e-05,-0.0,-0.0,-0.000854,0.0,-0.001242,-0.001918,-0.0,-0.000234,-0.00011,0.0,-0.00261,-4.3e-05,-0.0,-1.5e-05,0.0,-0.0,-0.000373,-3.9e-05,-4.1e-05,-0.00015,0.0,-0.0,-0.000327,-0.000932,-0.002137,-0.0,0.0,-0.0,-0.0,0.0,-0.0,-0.000237,-0.002428,-0.001095,0.0,-0.0,-0.001819,-0.0,-5.1e-05,0.0,-0.0,-8e-06,-0.0,-0.0,-0.00057,-0.002116,0.0,-0.0,-0.0,-2.6e-05,-0.0,-0.000549,-0.0,-0.000471,-0.002356,-0.0,-0.0,-0.000165,-0.0,-0.0,-0.0,-0.0,-0.000822,-0.00174,0.0,-0.000989,-0.000914,-0.001708,-0.001821,-0.0,-0.001948,-0.0,-0.001479,-3e-06,0.0,-2.7e-05,-0.003336,-0.001413,-0.001441,-0.001312,-0.001971,-4.9e-05,-3.7e-05,-0.0,-0.0,-0.0,-2.7e-05,-0.000942,-0.000994
2017-06-01 18:34:00+02:00,-0.0,0.0,-0.0,-0.001182,-0.0,-0.0,-0.0,-1.1e-05,-0.000238,-0.0,-0.0,-0.0,-0.001807,-0.00194,-0.000831,-0.001665,-0.0,-0.0,-0.0,-0.000906,0.0,-0.000902,-0.000163,-0.0,-0.001853,-0.001928,-6e-06,0.0,-4.5e-05,-0.0,-0.0,-0.000849,0.0,-0.001241,-0.001918,-0.0,-0.000237,-0.000101,0.0,-0.002618,-4e-05,-0.0,-1.2e-05,0.0,-0.0,-0.000336,-3.8e-05,-3.8e-05,-0.000146,0.0,-0.0,-0.000308,-0.0009,-0.002134,-0.0,0.0,-0.0,-0.0,0.0,-0.0,-0.000222,-0.002438,-0.001055,0.0,-0.0,-0.001771,-0.0,-4.7e-05,0.0,-0.0,-6e-06,-0.0,-0.0,-0.000544,-0.002116,0.0,-0.0,-0.0,-2.1e-05,-0.0,-0.000526,-0.0,-0.000434,-0.002367,-0.0,-0.0,-0.000166,-0.0,-0.0,-0.0,-0.0,-0.000794,-0.001733,0.0,-0.000955,-0.000919,-0.001664,-0.001776,-0.0,-0.001956,-0.0,-0.001435,-3e-06,0.0,-2.4e-05,-0.003348,-0.001403,-0.001446,-0.001271,-0.001924,-4.5e-05,-3.2e-05,-0.0,-0.0,-0.0,-2.2e-05,-0.000902,-0.000982
2017-06-01 18:35:00+02:00,-0.0,0.0,-0.0,-0.001122,-0.0,-0.0,-0.0,-9e-06,-0.000227,-0.0,-0.0,-0.0,-0.00178,-0.001913,-0.00081,-0.001595,-0.0,-0.0,-0.0,-0.000831,0.0,-0.000826,-0.00013,-0.0,-0.001829,-0.001857,-5e-06,0.0,-3.8e-05,-0.0,-0.0,-0.000829,0.0,-0.001218,-0.001892,-0.0,-0.000214,-8e-05,0.0,-0.002589,-3.2e-05,-0.0,-1e-05,0.0,-0.0,-0.000281,-3.4e-05,-3.2e-05,-0.000138,0.0,-0.0,-0.000273,-0.000857,-0.002106,-0.0,0.0,-0.0,-0.0,0.0,-0.0,-0.000196,-0.00241,-0.000995,0.0,-0.0,-0.001701,-0.0,-4.1e-05,0.0,-0.0,-5e-06,-0.0,-0.0,-0.000494,-0.002089,0.0,-0.0,-0.0,-1.7e-05,-0.0,-0.000497,-0.0,-0.000379,-0.002341,-0.0,-0.0,-0.000162,-0.0,-0.0,-0.0,-0.0,-0.000756,-0.001705,0.0,-0.000906,-0.000893,-0.001599,-0.001708,-0.0,-0.001929,-0.0,-0.00137,-2e-06,0.0,-1.9e-05,-0.003319,-0.001376,-0.001419,-0.001209,-0.001853,-3.6e-05,-2.6e-05,-0.0,-0.0,-0.0,-1.7e-05,-0.000842,-0.000958
2017-06-01 18:36:00+02:00,-0.0,0.0,-0.0,-0.001054,-0.0,-0.0,-0.0,-7e-06,-0.000214,-0.0,-0.0,-0.0,-0.001741,-0.001874,-0.000779,-0.001514,-0.0,-0.0,-0.0,-0.000761,0.0,-0.000755,-0.000104,-0.0,-0.001789,-0.00177,-4e-06,0.0,-3.1e-05,-0.0,-0.0,-0.000802,0.0,-0.001185,-0.001853,-0.0,-0.000183,-6.4e-05,0.0,-0.002542,-2.5e-05,-0.0,-8e-06,0.0,-0.0,-0.000225,-3.1e-05,-2.7e-05,-0.000129,0.0,-0.0,-0.000241,-0.000808,-0.002066,-0.0,0.0,-0.0,-0.0,0.0,-0.0,-0.000172,-0.002365,-0.000928,0.0,-0.0,-0.001617,-0.0,-3.6e-05,0.0,-0.0,-4e-06,-0.0,-0.0,-0.000447,-0.002049,0.0,-0.0,-0.0,-1.3e-05,-0.0,-0.000465,-0.0,-0.000321,-0.002298,-0.0,-0.0,-0.000156,-0.0,-0.0,-0.0,-0.0,-0.000713,-0.001668,0.0,-0.000852,-0.000854,-0.001522,-0.001627,-0.0,-0.001885,-0.0,-0.001295,-2e-06,0.0,-1.5e-05,-0.003269,-0.001341,-0.001379,-0.001139,-0.001767,-2.9e-05,-2.1e-05,-0.0,-0.0,-0.0,-1.4e-05,-0.000777,-0.000927
2017-06-01 18:37:00+02:00,-0.0,0.0,-0.0,-0.000999,-0.0,-0.0,-0.0,-6e-06,-0.000201,-0.0,-0.0,-0.0,-0.001697,-0.001829,-0.000746,-0.001444,-0.0,-0.0,-0.0,-0.00073,0.0,-0.000723,-8.3e-05,-0.0,-0.001742,-0.001692,-3e-06,0.0,-2.6e-05,-0.0,-0.0,-0.000773,0.0,-0.001148,-0.001809,-0.0,-0.000153,-5.1e-05,0.0,-0.002486,-2e-05,-0.0,-6e-06,0.0,-0.0,-0.000183,-2.8e-05,-2.4e-05,-0.00012,0.0,-0.0,-0.000224,-0.000766,-0.002019,-0.0,0.0,-0.0,-0.0,0.0,-0.0,-0.000159,-0.002312,-0.000874,0.0,-0.0,-0.001543,-0.0,-3.2e-05,0.0,-0.0,-3e-06,-0.0,-0.0,-0.000424,-0.002002,0.0,-0.0,-0.0,-1.1e-05,-0.0,-0.000437,-0.0,-0.000278,-0.002247,-0.0,-0.0,-0.00015,-0.0,-0.0,-0.0,-0.0,-0.000674,-0.001625,0.0,-0.000807,-0.000812,-0.001452,-0.001554,-0.0,-0.001834,-0.0,-0.001232,-1e-06,0.0,-1.2e-05,-0.003209,-0.001301,-0.001334,-0.001081,-0.001689,-2.3e-05,-1.6e-05,-0.0,-0.0,-0.0,-1.1e-05,-0.000726,-0.000894
2017-06-01 18:38:00+02:00,-0.0,0.0,-0.0,-0.000951,-0.0,-0.0,-0.0,-5e-06,-0.000189,-0.0,-0.0,-0.0,-0.001649,-0.001779,-0.000712,-0.001384,-0.0,-0.0,-0.0,-0.000682,0.0,-0.000675,-6.7e-05,-0.0,-0.001692,-0.001628,-2e-06,0.0,-2.1e-05,-0.0,-0.0,-0.000742,0.0,-0.001109,-0.00176,-0.0,-0.000125,-4.1e-05,0.0,-0.002426,-1.6e-05,-0.0,-5e-06,0.0,-0.0,-0.000146,-2.5e-05,-2e-05,-0.000112,0.0,-0.0,-0.000202,-0.000729,-0.001966,-0.0,0.0,-0.0,-0.0,0.0,-0.0,-0.000142,-0.002255,-0.000827,0.0,-0.0,-0.001482,-0.0,-2.8e-05,0.0,-0.0,-3e-06,-0.0,-0.0,-0.000392,-0.00195,0.0,-0.0,-0.0,-9e-06,-0.0,-0.000412,-0.0,-0.00024,-0.002192,-0.0,-0.0,-0.000146,-0.0,-0.0,-0.0,-0.0,-0.000641,-0.001578,0.0,-0.000767,-0.000771,-0.001394,-0.001494,-0.0,-0.00178,-0.0,-0.001178,-1e-06,0.0,-1e-05,-0.003141,-0.001259,-0.001288,-0.00103,-0.001626,-1.9e-05,-1.3e-05,-0.0,-0.0,-0.0,-9e-06,-0.000681,-0.00086
2017-06-01 18:39:00+02:00,-0.0,0.0,-0.0,-0.000918,-0.0,-0.0,-0.0,-4e-06,-0.000179,-0.0,-0.0,-0.0,-0.001602,-0.001732,-0.000686,-0.001341,-0.0,-0.0,-0.0,-0.000661,0.0,-0.000654,-5.3e-05,-0.0,-0.00165,-0.001581,-2e-06,0.0,-1.8e-05,-0.0,-0.0,-0.000715,0.0,-0.001075,-0.001714,-0.0,-0.000108,-3.3e-05,0.0,-0.002371,-1.3e-05,-0.0,-4e-06,0.0,-0.0,-0.000125,-2.4e-05,-1.9e-05,-0.000105,0.0,-0.0,-0.000191,-0.0007,-0.001915,-0.0,0.0,-0.0,-0.0,0.0,-0.0,-0.000134,-0.002204,-0.000795,0.0,-0.0,-0.001437,-0.0,-2.7e-05,0.0,-0.0,-2e-06,-0.0,-0.0,-0.000377,-0.001901,0.0,-0.0,-0.0,-7e-06,-0.0,-0.000393,-0.0,-0.000218,-0.002144,-0.0,-0.0,-0.000143,-0.0,-0.0,-0.0,-0.0,-0.000614,-0.001532,0.0,-0.000738,-0.000743,-0.001351,-0.001449,-0.0,-0.001734,-0.0,-0.00114,-1e-06,0.0,-8e-06,-0.003076,-0.001219,-0.001251,-0.000995,-0.001579,-1.5e-05,-1.1e-05,-0.0,-0.0,-0.0,-7e-06,-0.000651,-0.000829
2017-06-01 18:40:00+02:00,-0.0,0.0,-0.0,-0.000944,-0.0,-0.0,-0.0,-3e-06,-0.000172,-0.0,-0.0,-0.0,-0.001566,-0.001697,-0.000679,-0.001368,-0.0,-0.0,-0.0,-0.000686,0.0,-0.00068,-4.7e-05,-0.0,-0.001633,-0.001604,-1e-06,0.0,-2e-05,-0.0,-0.0,-0.000699,0.0,-0.001057,-0.001685,-0.0,-0.000114,-2.6e-05,0.0,-0.00234,-1e-05,-0.0,-3e-06,0.0,-0.0,-0.000155,-2.6e-05,-1.9e-05,-0.000101,0.0,-0.0,-0.000199,-0.000707,-0.001877,-0.0,0.0,-0.0,-0.0,0.0,-0.0,-0.000138,-0.002178,-0.000822,0.0,-0.0,-0.001462,-0.0,-2.7e-05,0.0,-0.0,-2e-06,-0.0,-0.0,-0.00039,-0.001866,0.0,-0.0,-0.0,-5e-06,-0.0,-0.000392,-0.0,-0.000248,-0.002119,-0.0,-0.0,-0.000142,-0.0,-0.0,-0.0,-0.0,-0.000615,-0.001498,0.0,-0.000753,-0.000741,-0.001365,-0.001467,-0.0,-0.001715,-0.0,-0.001167,-1e-06,0.0,-6e-06,-0.003032,-0.001188,-0.001237,-0.001018,-0.0016,-1.2e-05,-1.2e-05,-0.0,-0.0,-0.0,-6e-06,-0.000678,-0.000803
2017-06-01 18:41:00+02:00,-0.0,0.0,-0.0,-0.000938,-0.0,-0.0,-0.0,-2e-06,-0.000163,-0.0,-0.0,-0.0,-0.001516,-0.001646,-0.000654,-0.001359,-0.0,-0.0,-0.0,-0.000683,0.0,-0.000678,-3.8e-05,-0.0,-0.001589,-0.001591,-1e-06,0.0,-1.9e-05,-0.0,-0.0,-0.000673,0.0,-0.001023,-0.001637,-0.0,-0.0001,-2.1e-05,0.0,-0.002281,-8e-06,-0.0,-3e-06,0.0,-0.0,-0.000154,-2.5e-05,-1.9e-05,-9.5e-05,0.0,-0.0,-0.000195,-0.000696,-0.001821,-0.0,0.0,-0.0,-0.0,0.0,-0.0,-0.000135,-0.002124,-0.000817,0.0,-0.0,-0.001452,-0.0,-2.7e-05,0.0,-0.0,-1e-06,-0.0,-0.0,-0.000386,-0.001812,0.0,-0.0,-0.0,-4e-06,-0.0,-0.000383,-0.0,-0.000246,-0.002068,-0.0,-0.0,-0.000139,-0.0,-0.0,-0.0,-0.0,-0.000602,-0.00145,0.0,-0.000744,-0.000713,-0.001351,-0.001453,-0.0,-0.001669,-0.0,-0.001159,-1e-06,0.0,-5e-06,-0.002959,-0.001146,-0.0012,-0.00101,-0.001587,-1e-05,-1.1e-05,-0.0,-0.0,-0.0,-5e-06,-0.000673,-0.000771
2017-06-01 18:42:00+02:00,-0.0,0.0,-0.0,-0.000901,-0.0,-0.0,-0.0,-2e-06,-0.000151,-0.0,-0.0,-0.0,-0.001455,-0.00158,-0.000615,-0.001317,-0.0,-0.0,-0.0,-0.000648,0.0,-0.000642,-3e-05,-0.0,-0.001523,-0.001543,-1e-06,0.0,-1.6e-05,-0.0,-0.0,-0.000637,0.0,-0.000975,-0.001572,-0.0,-8e-05,-1.7e-05,0.0,-0.002199,-7e-06,-0.0,-2e-06,0.0,-0.0,-0.000126,-2.4e-05,-1.7e-05,-8.8e-05,0.0,-0.0,-0.00018,-0.000669,-0.001752,-0.0,0.0,-0.0,-0.0,0.0,-0.0,-0.000124,-0.002046,-0.000781,0.0,-0.0,-0.001407,-0.0,-2.4e-05,0.0,-0.0,-1e-06,-0.0,-0.0,-0.000362,-0.001742,0.0,-0.0,-0.0,-4e-06,-0.0,-0.000364,-0.0,-0.000217,-0.001992,-0.0,-0.0,-0.000135,-0.0,-0.0,-0.0,-0.0,-0.000577,-0.00139,0.0,-0.000714,-0.000666,-0.001307,-0.001407,-0.0,-0.001599,-0.0,-0.001119,-0.0,0.0,-4e-06,-0.002861,-0.001095,-0.001144,-0.000972,-0.001538,-8e-06,-9e-06,-0.0,-0.0,-0.0,-4e-06,-0.000639,-0.000733
2017-06-01 18:43:00+02:00,-0.0,0.0,-0.0,-0.000869,-0.0,-0.0,-0.0,-2e-06,-0.000138,-0.0,-0.0,-0.0,-0.001381,-0.001501,-0.000563,-0.001278,-0.0,-0.0,-0.0,-0.000606,0.0,-0.0006,-2.4e-05,-0.0,-0.001433,-0.001499,-1e-06,0.0,-1.3e-05,-0.0,-0.0,-0.000594,0.0,-0.000914,-0.001491,-0.0,-6.4e-05,-1.4e-05,0.0,-0.002092,-5e-06,-0.0,-2e-06,0.0,-0.0,-0.000102,-2.2e-05,-1.5e-05,-7.9e-05,0.0,-0.0,-0.000163,-0.000644,-0.001667,-0.0,0.0,-0.0,-0.0,0.0,-0.0,-0.000111,-0.001942,-0.00075,0.0,-0.0,-0.001366,-0.0,-2.2e-05,0.0,-0.0,-1e-06,-0.0,-0.0,-0.000336,-0.001656,0.0,-0.0,-0.0,-3e-06,-0.0,-0.000347,-0.0,-0.000193,-0.001893,-0.0,-0.0,-0.000127,-0.0,-0.0,-0.0,-0.0,-0.000553,-0.001318,0.0,-0.000687,-0.0006,-0.001266,-0.001365,-0.0,-0.001505,-0.0,-0.001083,-0.0,0.0,-3e-06,-0.002737,-0.001035,-0.001067,-0.000938,-0.001494,-6e-06,-7e-06,-0.0,-0.0,-0.0,-3e-06,-0.000608,-0.000688
2017-06-01 18:44:00+02:00,-0.0,0.0,-0.0,-0.00083,-0.0,-0.0,-0.0,-1e-06,-0.000126,-0.0,-0.0,-0.0,-0.001315,-0.00143,-0.000515,-0.001232,-0.0,-0.0,-0.0,-0.000554,0.0,-0.000547,-1.9e-05,-0.0,-0.001354,-0.001448,-1e-06,0.0,-1e-05,-0.0,-0.0,-0.000555,0.0,-0.000858,-0.001419,-0.0,-5.1e-05,-1.1e-05,0.0,-0.001996,-4e-06,-0.0,-1e-06,0.0,-0.0,-8.2e-05,-2e-05,-1.2e-05,-7.1e-05,0.0,-0.0,-0.000143,-0.000616,-0.001591,-0.0,0.0,-0.0,-0.0,0.0,-0.0,-9.7e-05,-0.00185,-0.000711,0.0,-0.0,-0.001319,-0.0,-1.9e-05,0.0,-0.0,-1e-06,-0.0,-0.0,-0.000303,-0.001579,0.0,-0.0,-0.0,-2e-06,-0.0,-0.000329,-0.0,-0.000161,-0.001804,-0.0,-0.0,-0.000121,-0.0,-0.0,-0.0,-0.0,-0.000528,-0.001254,0.0,-0.000655,-0.000539,-0.00122,-0.001316,-0.0,-0.001422,-0.0,-0.00104,-0.0,0.0,-3e-06,-0.002626,-0.000982,-0.000998,-0.000897,-0.001443,-5e-06,-6e-06,-0.0,-0.0,-0.0,-2e-06,-0.000571,-0.000648
2017-06-01 18:45:00+02:00,-0.0,0.0,-0.0,-0.000793,-0.0,-0.0,-0.0,-1e-06,-0.000116,-0.0,-0.0,-0.0,-0.001254,-0.001363,-0.000469,-0.00119,-0.0,-0.0,-0.0,-0.000512,0.0,-0.000505,-1.5e-05,-0.0,-0.001277,-0.001402,-0.0,0.0,-8e-06,-0.0,-0.0,-0.000517,0.0,-0.000805,-0.00135,-0.0,-4.1e-05,-9e-06,0.0,-0.001906,-3e-06,-0.0,-1e-06,0.0,-0.0,-6.5e-05,-1.9e-05,-1e-05,-6.3e-05,0.0,-0.0,-0.000126,-0.00059,-0.001521,-0.0,0.0,-0.0,-0.0,0.0,-0.0,-8.5e-05,-0.001762,-0.000675,0.0,-0.0,-0.001275,-0.0,-1.6e-05,0.0,-0.0,-1e-06,-0.0,-0.0,-0.000276,-0.001506,0.0,-0.0,-0.0,-2e-06,-0.0,-0.000312,-0.0,-0.000132,-0.001719,-0.0,-0.0,-0.000116,-0.0,-0.0,-0.0,-0.0,-0.000504,-0.001195,0.0,-0.000625,-0.00048,-0.001178,-0.001272,-0.0,-0.00134,-0.0,-0.001,-0.0,0.0,-2e-06,-0.002524,-0.000932,-0.000931,-0.000859,-0.001396,-4e-06,-4e-06,-0.0,-0.0,-0.0,-2e-06,-0.000536,-0.000611
2017-06-01 18:46:00+02:00,-0.0,0.0,-0.0,-0.000811,-0.0,-0.0,-0.0,-1e-06,-0.000113,-0.0,-0.0,-0.0,-0.001241,-0.001356,-0.000485,-0.001207,-0.0,-0.0,-0.0,-0.000567,0.0,-0.000563,-1.2e-05,-0.0,-0.001299,-0.001418,-0.0,0.0,-9e-06,-0.0,-0.0,-0.000517,0.0,-0.000812,-0.001351,-0.0,-5.1e-05,-7e-06,0.0,-0.001915,-3e-06,-0.0,-1e-06,0.0,-0.0,-8.5e-05,-2e-05,-1.3e-05,-6.3e-05,0.0,-0.0,-0.000144,-0.000592,-0.00151,-0.0,0.0,-0.0,-0.0,0.0,-0.0,-9.6e-05,-0.001777,-0.000693,0.0,-0.0,-0.001292,-0.0,-1.9e-05,0.0,-0.0,-0.0,-0.0,-0.0,-0.000307,-0.001503,0.0,-0.0,-0.0,-1e-06,-0.0,-0.000309,-0.0,-0.000155,-0.001734,-0.0,-0.0,-0.000117,-0.0,-0.0,-0.0,-0.0,-0.000503,-0.001183,0.0,-0.000634,-0.000509,-0.001187,-0.001284,-0.0,-0.001362,-0.0,-0.001017,-0.0,0.0,-2e-06,-0.002524,-0.000918,-0.00095,-0.000874,-0.001411,-3e-06,-5e-06,-0.0,-0.0,-0.0,-2e-06,-0.000555,-0.000599
2017-06-01 18:47:00+02:00,-0.0,0.0,-0.0,-0.000825,-0.0,-0.0,-0.0,-1e-06,-0.00011,-0.0,-0.0,-0.0,-0.001223,-0.001342,-0.000492,-0.00122,-0.0,-0.0,-0.0,-0.000609,0.0,-0.000607,-1e-05,-0.0,-0.001307,-0.00143,-0.0,0.0,-1e-05,-0.0,-0.0,-0.000513,0.0,-0.000811,-0.001343,-0.0,-5.3e-05,-6e-06,0.0,-0.001912,-2e-06,-0.0,-1e-06,0.0,-0.0,-0.0001,-2.1e-05,-1.5e-05,-6.2e-05,0.0,-0.0,-0.000158,-0.000593,-0.001493,-0.0,0.0,-0.0,-0.0,0.0,-0.0,-0.000105,-0.001777,-0.000708,0.0,-0.0,-0.001305,-0.0,-2.1e-05,0.0,-0.0,-0.0,-0.0,-0.0,-0.000331,-0.001491,0.0,-0.0,-0.0,-1e-06,-0.0,-0.000306,-0.0,-0.000174,-0.001735,-0.0,-0.0,-0.000118,-0.0,-0.0,-0.0,-0.0,-0.000501,-0.001167,0.0,-0.00064,-0.000524,-0.001194,-0.001292,-0.0,-0.001368,-0.0,-0.001031,-0.0,0.0,-1e-06,-0.002511,-0.000902,-0.000957,-0.000886,-0.001421,-3e-06,-5e-06,-0.0,-0.0,-0.0,-1e-06,-0.000571,-0.000585
2017-06-01 18:48:00+02:00,-0.0,0.0,-0.0,-0.000845,-0.0,-0.0,-0.0,-1e-06,-0.000105,-0.0,-0.0,-0.0,-0.001186,-0.001305,-0.000476,-0.00124,-0.0,-0.0,-0.0,-0.00064,0.0,-0.00064,-8e-06,-0.0,-0.001278,-0.001449,-0.0,0.0,-1.1e-05,-0.0,-0.0,-0.000494,0.0,-0.000786,-0.001308,-0.0,-4.2e-05,-4e-06,0.0,-0.00187,-2e-06,-0.0,-1e-06,0.0,-0.0,-0.00012,-2.2e-05,-1.7e-05,-5.9e-05,0.0,-0.0,-0.000167,-0.000596,-0.001451,-0.0,0.0,-0.0,-0.0,0.0,-0.0,-0.00011,-0.001739,-0.000729,0.0,-0.0,-0.001324,-0.0,-2.3e-05,0.0,-0.0,-0.0,-0.0,-0.0,-0.000347,-0.001452,0.0,-0.0,-0.0,-1e-06,-0.0,-0.000305,-0.0,-0.000196,-0.001698,-0.0,-0.0,-0.000117,-0.0,-0.0,-0.0,-0.0,-0.000501,-0.001132,0.0,-0.00065,-0.000508,-0.001206,-0.001306,-0.0,-0.001336,-0.0,-0.001051,-0.0,0.0,-1e-06,-0.002457,-0.000871,-0.000932,-0.000904,-0.001439,-2e-06,-6e-06,-0.0,-0.0,-0.0,-1e-06,-0.000591,-0.000562
2017-06-01 18:49:00+02:00,-0.0,0.0,-0.0,-0.000851,-0.0,-0.0,-0.0,-0.0,-0.0001,-0.0,-0.0,-0.0,-0.001144,-0.001261,-0.00045,-0.001243,-0.0,-0.0,-0.0,-0.000656,0.0,-0.000657,-6e-06,-0.0,-0.001231,-0.001451,-0.0,0.0,-1.2e-05,-0.0,-0.0,-0.000471,0.0,-0.000752,-0.001263,-0.0,-3.4e-05,-4e-06,0.0,-0.001815,-1e-06,-0.0,-0.0,0.0,-0.0,-0.000126,-2.3e-05,-1.9e-05,-5.5e-05,0.0,-0.0,-0.000171,-0.000592,-0.001403,-0.0,0.0,-0.0,-0.0,0.0,-0.0,-0.000113,-0.001686,-0.000735,0.0,-0.0,-0.001328,-0.0,-2.5e-05,0.0,-0.0,-0.0,-0.0,-0.0,-0.000355,-0.001405,0.0,-0.0,-0.0,-1e-06,-0.0,-0.000301,-0.0,-0.000204,-0.001648,-0.0,-0.0,-0.000117,-0.0,-0.0,-0.0,-0.0,-0.000495,-0.001092,0.0,-0.000649,-0.000478,-0.001205,-0.001306,-0.0,-0.001286,-0.0,-0.001055,-0.0,0.0,-1e-06,-0.002392,-0.000838,-0.000893,-0.000907,-0.00144,-2e-06,-6e-06,-0.0,-0.0,-0.0,-1e-06,-0.000597,-0.000539
2017-06-01 18:50:00+02:00,-0.0,0.0,-0.0,-0.000846,-0.0,-0.0,-0.0,-0.0,-9.5e-05,-0.0,-0.0,-0.0,-0.001103,-0.001217,-0.000421,-0.001235,-0.0,-0.0,-0.0,-0.000663,0.0,-0.000664,-5e-06,-0.0,-0.001181,-0.001441,-0.0,0.0,-1.1e-05,-0.0,-0.0,-0.000446,0.0,-0.000715,-0.001217,-0.0,-2.7e-05,-3e-06,0.0,-0.001757,-1e-06,-0.0,-0.0,0.0,-0.0,-0.000125,-2.4e-05,-1.9e-05,-5.1e-05,0.0,-0.0,-0.000172,-0.000583,-0.001356,-0.0,0.0,-0.0,-0.0,0.0,-0.0,-0.000113,-0.00163,-0.000731,0.0,-0.0,-0.001319,-0.0,-2.6e-05,0.0,-0.0,-0.0,-0.0,-0.0,-0.000356,-0.001356,0.0,-0.0,-0.0,-1e-06,-0.0,-0.000294,-0.0,-0.000204,-0.001594,-0.0,-0.0,-0.000116,-0.0,-0.0,-0.0,-0.0,-0.000486,-0.001052,0.0,-0.000642,-0.000442,-0.001194,-0.001295,-0.0,-0.001232,-0.0,-0.001049,-0.0,0.0,-1e-06,-0.002327,-0.000805,-0.00085,-0.0009,-0.001429,-1e-06,-6e-06,-0.0,-0.0,-0.0,-1e-06,-0.000594,-0.000515
2017-06-01 18:51:00+02:00,-0.0,0.0,-0.0,-0.000835,-0.0,-0.0,-0.0,-0.0,-9.5e-05,-0.0,-0.0,-0.0,-0.001106,-0.001226,-0.000443,-0.001217,-0.0,-0.0,-0.0,-0.000668,0.0,-0.000671,-4e-06,-0.0,-0.00122,-0.001418,-0.0,0.0,-1.1e-05,-0.0,-0.0,-0.000452,0.0,-0.000733,-0.001233,-0.0,-3.9e-05,-2e-06,0.0,-0.001789,-1e-06,-0.0,-0.0,0.0,-0.0,-0.000122,-2.3e-05,-2e-05,-5.2e-05,0.0,-0.0,-0.000172,-0.000569,-0.001364,-0.0,0.0,-0.0,-0.0,0.0,-0.0,-0.000112,-0.001666,-0.000722,0.0,-0.0,-0.001299,-0.0,-2.6e-05,0.0,-0.0,-0.0,-0.0,-0.0,-0.000358,-0.001371,0.0,-0.0,-0.0,-0.0,-0.0,-0.000284,-0.0,-0.000202,-0.00163,-0.0,-0.0,-0.000119,-0.0,-0.0,-0.0,-0.0,-0.000472,-0.001055,0.0,-0.00063,-0.000477,-0.001171,-0.001272,-0.0,-0.001271,-0.0,-0.001035,-0.0,0.0,-1e-06,-0.002358,-0.000803,-0.000881,-0.000887,-0.001405,-1e-06,-5e-06,-0.0,-0.0,-0.0,-0.0,-0.000586,-0.00051
2017-06-01 18:52:00+02:00,-0.0,0.0,-0.0,-0.000808,-0.0,-0.0,-0.0,-0.0,-9.1e-05,-0.0,-0.0,-0.0,-0.001088,-0.00121,-0.000438,-0.001184,-0.0,-0.0,-0.0,-0.00065,0.0,-0.000652,-3e-06,-0.0,-0.001216,-0.001382,-0.0,0.0,-9e-06,-0.0,-0.0,-0.000444,0.0,-0.000724,-0.001222,-0.0,-3.1e-05,-2e-06,0.0,-0.001779,-1e-06,-0.0,-0.0,0.0,-0.0,-0.000101,-2.2e-05,-1.9e-05,-5e-05,0.0,-0.0,-0.000164,-0.000549,-0.001347,-0.0,0.0,-0.0,-0.0,0.0,-0.0,-0.000106,-0.001658,-0.000694,0.0,-0.0,-0.001265,-0.0,-2.5e-05,0.0,-0.0,-0.0,-0.0,-0.0,-0.000346,-0.001357,0.0,-0.0,-0.0,-0.0,-0.0,-0.000271,-0.0,-0.00018,-0.001623,-0.0,-0.0,-0.000118,-0.0,-0.0,-0.0,-0.0,-0.000454,-0.001038,0.0,-0.000608,-0.000473,-0.001139,-0.001238,-0.0,-0.001264,-0.0,-0.001004,-0.0,0.0,-0.0,-0.002345,-0.000787,-0.000875,-0.000858,-0.001369,-1e-06,-4e-06,-0.0,-0.0,-0.0,-0.0,-0.00056,-0.000496
2017-06-01 18:53:00+02:00,-0.0,0.0,-0.0,-0.000775,-0.0,-0.0,-0.0,-0.0,-8.8e-05,-0.0,-0.0,-0.0,-0.001072,-0.001195,-0.000433,-0.001147,-0.0,-0.0,-0.0,-0.000635,0.0,-0.000637,-3e-06,-0.0,-0.001212,-0.001342,-0.0,0.0,-7e-06,-0.0,-0.0,-0.000435,0.0,-0.000717,-0.00121,-0.0,-2.5e-05,-1e-06,0.0,-0.001769,-1e-06,-0.0,-0.0,0.0,-0.0,-8.1e-05,-2e-05,-1.8e-05,-4.8e-05,0.0,-0.0,-0.000157,-0.000527,-0.001331,-0.0,0.0,-0.0,-0.0,0.0,-0.0,-0.000101,-0.001651,-0.000662,0.0,-0.0,-0.001227,-0.0,-2.4e-05,0.0,-0.0,-0.0,-0.0,-0.0,-0.000335,-0.001344,0.0,-0.0,-0.0,-0.0,-0.0,-0.000258,-0.0,-0.000153,-0.001617,-0.0,-0.0,-0.000117,-0.0,-0.0,-0.0,-0.0,-0.000435,-0.001023,0.0,-0.000583,-0.000469,-0.001104,-0.0012,-0.0,-0.001258,-0.0,-0.000969,-0.0,0.0,-0.0,-0.002332,-0.000771,-0.000869,-0.000826,-0.001329,-1e-06,-3e-06,-0.0,-0.0,-0.0,-0.0,-0.000529,-0.000483
2017-06-01 18:54:00+02:00,-0.0,0.0,-0.0,-0.000747,-0.0,-0.0,-0.0,-0.0,-8.6e-05,-0.0,-0.0,-0.0,-0.001063,-0.001191,-0.000437,-0.001115,-0.0,-0.0,-0.0,-0.000612,0.0,-0.000614,-2e-06,-0.0,-0.001224,-0.001308,-0.0,0.0,-6e-06,-0.0,-0.0,-0.000432,0.0,-0.000719,-0.00121,-0.0,-2.1e-05,-1e-06,0.0,-0.001776,-0.0,-0.0,-0.0,0.0,-0.0,-6.4e-05,-1.9e-05,-1.7e-05,-4.7e-05,0.0,-0.0,-0.000147,-0.000508,-0.001325,-0.0,0.0,-0.0,-0.0,0.0,-0.0,-9.4e-05,-0.001661,-0.000635,0.0,-0.0,-0.001194,-0.0,-2.3e-05,0.0,-0.0,-0.0,-0.0,-0.0,-0.00032,-0.001342,0.0,-0.0,-0.0,-0.0,-0.0,-0.000245,-0.0,-0.00013,-0.001627,-0.0,-0.0,-0.000116,-0.0,-0.0,-0.0,-0.0,-0.000417,-0.001014,0.0,-0.000561,-0.000477,-0.001073,-0.001168,-0.0,-0.001269,-0.0,-0.000938,-0.0,0.0,-0.0,-0.002336,-0.000761,-0.000876,-0.000797,-0.001295,-1e-06,-3e-06,-0.0,-0.0,-0.0,-0.0,-0.000502,-0.000472
2017-06-01 18:55:00+02:00,-0.0,0.0,-0.0,-0.000719,-0.0,-0.0,-0.0,-0.0,-8.3e-05,-0.0,-0.0,-0.0,-0.001047,-0.001178,-0.000432,-0.001081,-0.0,-0.0,-0.0,-0.000573,0.0,-0.000574,-2e-06,-0.0,-0.00122,-0.001272,-0.0,0.0,-5e-06,-0.0,-0.0,-0.000424,0.0,-0.000712,-0.001201,-0.0,-1.6e-05,-1e-06,0.0,-0.001768,-0.0,-0.0,-0.0,0.0,-0.0,-5.2e-05,-1.7e-05,-1.4e-05,-4.6e-05,0.0,-0.0,-0.000133,-0.000488,-0.00131,-0.0,0.0,-0.0,-0.0,0.0,-0.0,-8.5e-05,-0.001656,-0.000606,0.0,-0.0,-0.00116,-0.0,-2.1e-05,0.0,-0.0,-0.0,-0.0,-0.0,-0.000296,-0.001331,0.0,-0.0,-0.0,-0.0,-0.0,-0.000233,-0.0,-0.000106,-0.001622,-0.0,-0.0,-0.000115,-0.0,-0.0,-0.0,-0.0,-0.0004,-0.000999,0.0,-0.000539,-0.000473,-0.001041,-0.001135,-0.0,-0.001264,-0.0,-0.000907,-0.0,0.0,-0.0,-0.002325,-0.000746,-0.000871,-0.000768,-0.00126,-0.0,-2e-06,-0.0,-0.0,-0.0,-0.0,-0.000474,-0.00046
2017-06-01 18:56:00+02:00,-0.0,0.0,-0.0,-0.000694,-0.0,-0.0,-0.0,-0.0,-8e-05,-0.0,-0.0,-0.0,-0.001026,-0.001157,-0.000421,-0.001052,-0.0,-0.0,-0.0,-0.000526,0.0,-0.000526,-1e-06,-0.0,-0.001205,-0.001241,-0.0,0.0,-4e-06,-0.0,-0.0,-0.000412,0.0,-0.000698,-0.001182,-0.0,-1.3e-05,-1e-06,0.0,-0.001747,-0.0,-0.0,-0.0,0.0,-0.0,-4.1e-05,-1.6e-05,-1.2e-05,-4.4e-05,0.0,-0.0,-0.000117,-0.000471,-0.001287,-0.0,0.0,-0.0,-0.0,0.0,-0.0,-7.4e-05,-0.001637,-0.000582,0.0,-0.0,-0.001129,-0.0,-1.8e-05,0.0,-0.0,-0.0,-0.0,-0.0,-0.000268,-0.00131,0.0,-0.0,-0.0,-0.0,-0.0,-0.000222,-0.0,-8.6e-05,-0.001605,-0.0,-0.0,-0.000114,-0.0,-0.0,-0.0,-0.0,-0.000384,-0.000979,0.0,-0.000519,-0.000459,-0.001013,-0.001105,-0.0,-0.001247,-0.0,-0.000879,-0.0,0.0,-0.0,-0.002299,-0.000727,-0.000856,-0.000742,-0.001229,-0.0,-2e-06,-0.0,-0.0,-0.0,-0.0,-0.000451,-0.000445
2017-06-01 18:57:00+02:00,-0.0,0.0,-0.0,-0.000667,-0.0,-0.0,-0.0,-0.0,-7.6e-05,-0.0,-0.0,-0.0,-0.000995,-0.001124,-0.000398,-0.001019,-0.0,-0.0,-0.0,-0.000485,0.0,-0.000484,-1e-06,-0.0,-0.001168,-0.001206,-0.0,0.0,-3e-06,-0.0,-0.0,-0.000394,0.0,-0.000672,-0.001149,-0.0,-1.1e-05,-1e-06,0.0,-0.001706,-0.0,-0.0,-0.0,0.0,-0.0,-3.3e-05,-1.5e-05,-1e-05,-4.1e-05,0.0,-0.0,-0.000103,-0.000452,-0.001253,-0.0,0.0,-0.0,-0.0,0.0,-0.0,-6.5e-05,-0.001597,-0.000555,0.0,-0.0,-0.001095,-0.0,-1.6e-05,0.0,-0.0,-0.0,-0.0,-0.0,-0.000244,-0.001276,0.0,-0.0,-0.0,-0.0,-0.0,-0.000211,-0.0,-6.9e-05,-0.001567,-0.0,-0.0,-0.000112,-0.0,-0.0,-0.0,-0.0,-0.000368,-0.000949,0.0,-0.000497,-0.000429,-0.000983,-0.001073,-0.0,-0.001208,-0.0,-0.000849,-0.0,0.0,-0.0,-0.002252,-0.000702,-0.000824,-0.000714,-0.001194,-0.0,-1e-06,-0.0,-0.0,-0.0,-0.0,-0.000425,-0.000427
2017-06-01 18:58:00+02:00,-0.0,0.0,-0.0,-0.000622,-0.0,-0.0,-0.0,-0.0,-7.2e-05,-0.0,-0.0,-0.0,-0.000962,-0.001089,-0.000373,-0.000968,-0.0,-0.0,-0.0,-0.000428,0.0,-0.000425,-1e-06,-0.0,-0.001131,-0.001154,-0.0,0.0,-2e-06,-0.0,-0.0,-0.000376,0.0,-0.000645,-0.001114,-0.0,-8e-06,-0.0,0.0,-0.00166,-0.0,-0.0,-0.0,0.0,-0.0,-2.6e-05,-1.3e-05,-8e-06,-3.8e-05,0.0,-0.0,-8.5e-05,-0.000425,-0.001215,-0.0,0.0,-0.0,-0.0,0.0,-0.0,-5.3e-05,-0.001553,-0.000512,0.0,-0.0,-0.001043,-0.0,-1.3e-05,0.0,-0.0,-0.0,-0.0,-0.0,-0.000211,-0.001238,0.0,-0.0,-0.0,-0.0,-0.0,-0.000197,-0.0,-5.5e-05,-0.001524,-0.0,-0.0,-0.00011,-0.0,-0.0,-0.0,-0.0,-0.000347,-0.000917,0.0,-0.000465,-0.000394,-0.000938,-0.001025,-0.0,-0.001168,-0.0,-0.000801,-0.0,0.0,-0.0,-0.002198,-0.000675,-0.000789,-0.00067,-0.001143,-0.0,-1e-06,-0.0,-0.0,-0.0,-0.0,-0.000383,-0.000408
2017-06-01 18:59:00+02:00,-0.0,0.0,-0.0,-0.000592,-0.0,-0.0,-0.0,-0.0,-6.9e-05,-0.0,-0.0,-0.0,-0.000923,-0.001046,-0.000347,-0.000933,-0.0,-0.0,-0.0,-0.000388,0.0,-0.000384,-1e-06,-0.0,-0.001087,-0.001116,-0.0,0.0,-2e-06,-0.0,-0.0,-0.000357,0.0,-0.000616,-0.001071,-0.0,-7e-06,-0.0,0.0,-0.001604,-0.0,-0.0,-0.0,0.0,-0.0,-2.1e-05,-1.2e-05,-6e-06,-3.6e-05,0.0,-0.0,-7.2e-05,-0.000406,-0.001168,-0.0,0.0,-0.0,-0.0,0.0,-0.0,-4.5e-05,-0.0015,-0.000482,0.0,-0.0,-0.001007,-0.0,-1.1e-05,0.0,-0.0,-0.0,-0.0,-0.0,-0.000188,-0.001191,0.0,-0.0,-0.0,-0.0,-0.0,-0.000186,-0.0,-4.4e-05,-0.001473,-0.0,-0.0,-0.000107,-0.0,-0.0,-0.0,-0.0,-0.00033,-0.000879,0.0,-0.000442,-0.00036,-0.000906,-0.000991,-0.0,-0.001123,-0.0,-0.000768,-0.0,0.0,-0.0,-0.00213,-0.000645,-0.000752,-0.000639,-0.001105,-0.0,-1e-06,-0.0,-0.0,-0.0,-0.0,-0.000355,-0.000387
2017-06-01 19:00:00+02:00,-0.0,0.0,-0.0,-0.000521,-0.0,-0.0,-0.0,-0.0,-6.4e-05,-0.0,-0.0,-0.0,-0.000873,-0.000989,-0.000304,-0.000854,-0.0,-0.0,-0.0,-0.000315,0.0,-0.000308,-1e-06,-0.0,-0.001014,-0.001033,-0.0,0.0,-2e-06,-0.0,-0.0,-0.000329,0.0,-0.000572,-0.001011,-0.0,-5e-06,-0.0,0.0,-0.001521,-0.0,-0.0,-0.0,0.0,-0.0,-1.7e-05,-9e-06,-5e-06,-3.1e-05,0.0,-0.0,-5.8e-05,-0.000369,-0.001108,-0.0,0.0,-0.0,-0.0,0.0,-0.0,-3.6e-05,-0.001418,-0.000412,0.0,-0.0,-0.000927,-0.0,-9e-06,0.0,-0.0,-0.0,-0.0,-0.0,-0.000151,-0.001128,0.0,-0.0,-0.0,-0.0,-0.0,-0.000168,-0.0,-3.5e-05,-0.001393,-0.0,-0.0,-0.000103,-0.0,-0.0,-0.0,-0.0,-0.000301,-0.00083,0.0,-0.000392,-0.000297,-0.000837,-0.000917,-0.0,-0.001049,-0.0,-0.000692,-0.0,0.0,-0.0,-0.002033,-0.000607,-0.000689,-0.000571,-0.001024,-0.0,-1e-06,-0.0,-0.0,-0.0,-0.0,-0.000288,-0.000362
2017-06-01 19:01:00+02:00,-0.0,0.0,-0.0,-0.000417,-0.0,-0.0,-0.0,-0.0,-5.7e-05,-0.0,-0.0,-0.0,-0.000816,-0.000924,-0.000244,-0.000745,-0.0,-0.0,-0.0,-0.000252,0.0,-0.000246,-0.0,-0.0,-0.00092,-0.000923,-0.0,0.0,-1e-06,-0.0,-0.0,-0.000295,0.0,-0.000516,-0.000939,-0.0,-4e-06,-0.0,0.0,-0.001417,-0.0,-0.0,-0.0,0.0,-0.0,-1.4e-05,-7e-06,-4e-06,-2.6e-05,0.0,-0.0,-4.6e-05,-0.00032,-0.00104,-0.0,0.0,-0.0,-0.0,0.0,-0.0,-2.9e-05,-0.001314,-0.00033,0.0,-0.0,-0.000817,-0.0,-7e-06,0.0,-0.0,-0.0,-0.0,-0.0,-0.00012,-0.001053,0.0,-0.0,-0.0,-0.0,-0.0,-0.000145,-0.0,-2.8e-05,-0.001292,-0.0,-0.0,-9.6e-05,-0.0,-0.0,-0.0,-0.0,-0.000265,-0.000775,0.0,-0.000322,-0.000238,-0.000748,-0.000819,-0.0,-0.000952,-0.0,-0.000582,-0.0,0.0,-0.0,-0.001919,-0.000564,-0.000606,-0.00047,-0.000916,-0.0,-1e-06,-0.0,-0.0,-0.0,-0.0,-0.00023,-0.000333
2017-06-01 19:02:00+02:00,-0.0,0.0,-0.0,-0.000343,-0.0,-0.0,-0.0,-0.0,-5.1e-05,-0.0,-0.0,-0.0,-0.000764,-0.000862,-0.000195,-0.000668,-0.0,-0.0,-0.0,-0.000201,0.0,-0.000197,-0.0,-0.0,-0.000838,-0.000846,-0.0,0.0,-1e-06,-0.0,-0.0,-0.000266,0.0,-0.000467,-0.000874,-0.0,-3e-06,-0.0,0.0,-0.001324,-0.0,-0.0,-0.0,0.0,-0.0,-1.1e-05,-6e-06,-3e-06,-2.1e-05,0.0,-0.0,-3.7e-05,-0.000285,-0.000977,-0.0,0.0,-0.0,-0.0,0.0,-0.0,-2.3e-05,-0.001221,-0.000264,0.0,-0.0,-0.00074,-0.0,-6e-06,0.0,-0.0,-0.0,-0.0,-0.0,-9.6e-05,-0.000984,0.0,-0.0,-0.0,-0.0,-0.0,-0.000128,-0.0,-2.3e-05,-0.001202,-0.0,-0.0,-9.1e-05,-0.0,-0.0,-0.0,-0.0,-0.000239,-0.000724,0.0,-0.000272,-0.00019,-0.000685,-0.000751,-0.0,-0.000868,-0.0,-0.000506,-0.0,0.0,-0.0,-0.001813,-0.000525,-0.000534,-0.0004,-0.00084,-0.0,-0.0,-0.0,-0.0,-0.0,-0.0,-0.000184,-0.000308
2017-06-01 19:03:00+02:00,-0.0,0.0,-0.0,-0.000302,-0.0,-0.0,-0.0,-0.0,-4.9e-05,-0.0,-0.0,-0.0,-0.000739,-0.000836,-0.000175,-0.000623,-0.0,-0.0,-0.0,-0.000161,0.0,-0.000158,-0.0,-0.0,-0.000806,-0.0008,-0.0,0.0,-1e-06,-0.0,-0.0,-0.000252,0.0,-0.000445,-0.000846,-0.0,-3e-06,-0.0,0.0,-0.001288,-0.0,-0.0,-0.0,0.0,-0.0,-9e-06,-5e-06,-3e-06,-1.9e-05,0.0,-0.0,-3e-05,-0.000263,-0.000947,-0.0,0.0,-0.0,-0.0,0.0,-0.0,-1.8e-05,-0.001186,-0.000216,0.0,-0.0,-0.000695,-0.0,-5e-06,0.0,-0.0,-0.0,-0.0,-0.0,-7.7e-05,-0.000955,0.0,-0.0,-0.0,-0.0,-0.0,-0.000117,-0.0,-1.8e-05,-0.001168,-0.0,-0.0,-8.9e-05,-0.0,-0.0,-0.0,-0.0,-0.000222,-0.000699,0.0,-0.000243,-0.000152,-0.000646,-0.000709,-0.0,-0.000834,-0.0,-0.000462,-0.0,0.0,-0.0,-0.001773,-0.000505,-0.000506,-0.00036,-0.000794,-0.0,-0.0,-0.0,-0.0,-0.0,-0.0,-0.000147,-0.000293
2017-06-01 19:04:00+02:00,-0.0,0.0,-0.0,-0.000249,-0.0,-0.0,-0.0,-0.0,-4.5e-05,-0.0,-0.0,-0.0,-0.000695,-0.000786,-0.000141,-0.00056,-0.0,-0.0,-0.0,-0.000129,0.0,-0.000126,-0.0,-0.0,-0.000744,-0.000732,-0.0,0.0,-1e-06,-0.0,-0.0,-0.000229,0.0,-0.000408,-0.000794,-0.0,-2e-06,-0.0,0.0,-0.001215,-0.0,-0.0,-0.0,0.0,-0.0,-7e-06,-4e-06,-2e-06,-1.6e-05,0.0,-0.0,-2.4e-05,-0.000235,-0.000894,-0.0,0.0,-0.0,-0.0,0.0,-0.0,-1.5e-05,-0.001114,-0.000173,0.0,-0.0,-0.00063,-0.0,-4e-06,0.0,-0.0,-0.0,-0.0,-0.0,-6.2e-05,-0.000899,0.0,-0.0,-0.0,-0.0,-0.0,-0.000104,-0.0,-1.4e-05,-0.001098,-0.0,-0.0,-8.6e-05,-0.0,-0.0,-0.0,-0.0,-0.000199,-0.000657,0.0,-0.000207,-0.000122,-0.00059,-0.000649,-0.0,-0.000771,-0.0,-0.000404,-0.0,0.0,-0.0,-0.001685,-0.000473,-0.000455,-0.000308,-0.000728,-0.0,-0.0,-0.0,-0.0,-0.0,-0.0,-0.000118,-0.000273
2017-06-01 19:05:00+02:00,-0.0,0.0,-0.0,-0.000199,-0.0,-0.0,-0.0,-0.0,-3.8e-05,-0.0,-0.0,-0.0,-0.000615,-0.000687,-0.000113,-0.000488,-0.0,-0.0,-0.0,-0.000103,0.0,-0.000101,-0.0,-0.0,-0.000617,-0.000653,-0.0,0.0,-1e-06,-0.0,-0.0,-0.00019,0.0,-0.000337,-0.00069,-0.0,-2e-06,-0.0,0.0,-0.001059,-0.0,-0.0,-0.0,0.0,-0.0,-6e-06,-3e-06,-2e-06,-1.3e-05,0.0,-0.0,-1.9e-05,-0.000204,-0.000792,-0.0,0.0,-0.0,-0.0,0.0,-0.0,-1.2e-05,-0.000962,-0.000138,0.0,-0.0,-0.000555,-0.0,-3e-06,0.0,-0.0,-0.0,-0.0,-0.0,-4.9e-05,-0.000786,0.0,-0.0,-0.0,-0.0,-0.0,-8.9e-05,-0.0,-1.2e-05,-0.00095,-0.0,-0.0,-7.7e-05,-0.0,-0.0,-0.0,-0.0,-0.000175,-0.000578,0.0,-0.000165,-9.7e-05,-0.000527,-0.000579,-0.0,-0.000642,-0.0,-0.000336,-0.0,0.0,-0.0,-0.0015,-0.000416,-0.000364,-0.000247,-0.00065,-0.0,-0.0,-0.0,-0.0,-0.0,-0.0,-9.4e-05,-0.000238
2017-06-01 19:06:00+02:00,-0.0,0.0,-0.0,-0.000159,-0.0,-0.0,-0.0,-0.0,-3.5e-05,-0.0,-0.0,-0.0,-0.000579,-0.000648,-9e-05,-0.000431,-0.0,-0.0,-0.0,-8.2e-05,0.0,-8.1e-05,-0.0,-0.0,-0.000565,-0.000591,-0.0,0.0,-0.0,-0.0,-0.0,-0.000172,0.0,-0.000307,-0.000648,-0.0,-1e-06,-0.0,0.0,-0.001,-0.0,-0.0,-0.0,0.0,-0.0,-4e-06,-2e-06,-1e-06,-1e-05,0.0,-0.0,-1.5e-05,-0.000179,-0.000748,-0.0,0.0,-0.0,-0.0,0.0,-0.0,-9e-06,-0.000904,-0.000111,0.0,-0.0,-0.000496,-0.0,-2e-06,0.0,-0.0,-0.0,-0.0,-0.0,-3.9e-05,-0.000741,0.0,-0.0,-0.0,-0.0,-0.0,-7.8e-05,-0.0,-9e-06,-0.000893,-0.0,-0.0,-7.4e-05,-0.0,-0.0,-0.0,-0.0,-0.000156,-0.000543,0.0,-0.000133,-7.8e-05,-0.000476,-0.000524,-0.0,-0.000589,-0.0,-0.000283,-0.0,0.0,-0.0,-0.00143,-0.00039,-0.000319,-0.0002,-0.000589,-0.0,-0.0,-0.0,-0.0,-0.0,-0.0,-7.5e-05,-0.000222
2017-06-01 19:07:00+02:00,-0.0,0.0,-0.0,-0.000127,-0.0,-0.0,-0.0,-0.0,-3e-05,-0.0,-0.0,-0.0,-0.000539,-0.000601,-7.2e-05,-0.00037,-0.0,-0.0,-0.0,-6.6e-05,0.0,-6.5e-05,-0.0,-0.0,-0.000499,-0.000525,-0.0,0.0,-0.0,-0.0,-0.0,-0.000151,0.0,-0.00027,-0.000596,-0.0,-1e-06,-0.0,0.0,-0.000925,-0.0,-0.0,-0.0,0.0,-0.0,-4e-06,-2e-06,-1e-06,-8e-06,0.0,-0.0,-1.2e-05,-0.000153,-0.000699,-0.0,0.0,-0.0,-0.0,0.0,-0.0,-8e-06,-0.000828,-8.8e-05,0.0,-0.0,-0.000433,-0.0,-2e-06,0.0,-0.0,-0.0,-0.0,-0.0,-3.2e-05,-0.000687,0.0,-0.0,-0.0,-0.0,-0.0,-6.6e-05,-0.0,-7e-06,-0.000819,-0.0,-0.0,-7e-05,-0.0,-0.0,-0.0,-0.0,-0.000136,-0.000505,0.0,-0.000106,-6.2e-05,-0.000423,-0.000466,-0.0,-0.000523,-0.0,-0.000226,-0.0,0.0,-0.0,-0.001346,-0.000361,-0.000263,-0.00016,-0.000524,-0.0,-0.0,-0.0,-0.0,-0.0,-0.0,-6e-05,-0.000203
2017-06-01 19:08:00+02:00,-0.0,0.0,-0.0,-0.000102,-0.0,-0.0,-0.0,-0.0,-2.6e-05,-0.0,-0.0,-0.0,-0.000501,-0.000556,-5.8e-05,-0.000317,-0.0,-0.0,-0.0,-5.3e-05,0.0,-5.2e-05,-0.0,-0.0,-0.000433,-0.000465,-0.0,0.0,-0.0,-0.0,-0.0,-0.00013,0.0,-0.000233,-0.000545,-0.0,-1e-06,-0.0,0.0,-0.000849,-0.0,-0.0,-0.0,0.0,-0.0,-3e-06,-2e-06,-1e-06,-6e-06,0.0,-0.0,-1e-05,-0.00013,-0.000652,-0.0,0.0,-0.0,-0.0,0.0,-0.0,-6e-06,-0.000751,-7.1e-05,0.0,-0.0,-0.000378,-0.0,-1e-06,0.0,-0.0,-0.0,-0.0,-0.0,-2.5e-05,-0.000635,0.0,-0.0,-0.0,-0.0,-0.0,-5.6e-05,-0.0,-6e-06,-0.000743,-0.0,-0.0,-6.5e-05,-0.0,-0.0,-0.0,-0.0,-0.000118,-0.000468,0.0,-8.5e-05,-5e-05,-0.000375,-0.000413,-0.0,-0.000456,-0.0,-0.000181,-0.0,0.0,-0.0,-0.001265,-0.000333,-0.00021,-0.000128,-0.000465,-0.0,-0.0,-0.0,-0.0,-0.0,-0.0,-4.8e-05,-0.000185
2017-06-01 19:09:00+02:00,-0.0,0.0,-0.0,-8.1e-05,-0.0,-0.0,-0.0,-0.0,-2.3e-05,-0.0,-0.0,-0.0,-0.000472,-0.000524,-4.6e-05,-0.000271,-0.0,-0.0,-0.0,-4.2e-05,0.0,-4.1e-05,-0.0,-0.0,-0.000387,-0.000412,-0.0,0.0,-0.0,-0.0,-0.0,-0.000115,0.0,-0.000207,-0.000508,-0.0,-1e-06,-0.0,0.0,-0.000796,-0.0,-0.0,-0.0,0.0,-0.0,-2e-06,-1e-06,-1e-06,-5e-06,0.0,-0.0,-8e-06,-0.000111,-0.000617,-0.0,0.0,-0.0,-0.0,0.0,-0.0,-5e-06,-0.000696,-5.7e-05,0.0,-0.0,-0.00033,-0.0,-1e-06,0.0,-0.0,-0.0,-0.0,-0.0,-2e-05,-0.000598,0.0,-0.0,-0.0,-0.0,-0.0,-4.7e-05,-0.0,-5e-06,-0.00069,-0.0,-0.0,-6.1e-05,-0.0,-0.0,-0.0,-0.0,-0.000102,-0.00044,0.0,-6.8e-05,-4e-05,-0.000332,-0.000366,-0.0,-0.000409,-0.0,-0.000145,-0.0,0.0,-0.0,-0.001207,-0.000311,-0.000171,-0.000103,-0.000413,-0.0,-0.0,-0.0,-0.0,-0.0,-0.0,-3.9e-05,-0.000171
2017-06-01 19:10:00+02:00,-0.0,0.0,-0.0,-6.5e-05,-0.0,-0.0,-0.0,-0.0,-2e-05,-0.0,-0.0,-0.0,-0.000442,-0.000488,-3.7e-05,-0.000229,-0.0,-0.0,-0.0,-3.4e-05,0.0,-3.3e-05,-0.0,-0.0,-0.000342,-0.000363,-0.0,0.0,-0.0,-0.0,-0.0,-0.0001,0.0,-0.000182,-0.00047,-0.0,-1e-06,-0.0,0.0,-0.00074,-0.0,-0.0,-0.0,0.0,-0.0,-2e-06,-1e-06,-1e-06,-4e-06,0.0,-0.0,-6e-06,-9.3e-05,-0.000579,-0.0,0.0,-0.0,-0.0,0.0,-0.0,-4e-06,-0.000641,-4.5e-05,0.0,-0.0,-0.000285,-0.0,-1e-06,0.0,-0.0,-0.0,-0.0,-0.0,-1.6e-05,-0.000557,0.0,-0.0,-0.0,-0.0,-0.0,-4e-05,-0.0,-4e-06,-0.000636,-0.0,-0.0,-5.7e-05,-0.0,-0.0,-0.0,-0.0,-8.8e-05,-0.00041,0.0,-5.4e-05,-3.2e-05,-0.000292,-0.000323,-0.0,-0.000364,-0.0,-0.000116,-0.0,0.0,-0.0,-0.001142,-0.000289,-0.000137,-8.2e-05,-0.000364,-0.0,-0.0,-0.0,-0.0,-0.0,-0.0,-3.1e-05,-0.000157
2017-06-01 19:11:00+02:00,-0.0,0.0,-0.0,-5.2e-05,-0.0,-0.0,-0.0,-0.0,-2e-05,-0.0,-0.0,-0.0,-0.00043,-0.000478,-3e-05,-0.000208,-0.0,-0.0,-0.0,-2.7e-05,0.0,-2.6e-05,-0.0,-0.0,-0.000338,-0.000337,-0.0,0.0,-0.0,-0.0,-0.0,-9.6e-05,0.0,-0.000177,-0.000461,-0.0,-0.0,-0.0,0.0,-0.00073,-0.0,-0.0,-0.0,0.0,-0.0,-1e-06,-1e-06,-0.0,-3e-06,0.0,-0.0,-5e-06,-8.4e-05,-0.000567,-0.0,0.0,-0.0,-0.0,0.0,-0.0,-3e-06,-0.000632,-3.6e-05,0.0,-0.0,-0.000262,-0.0,-1e-06,0.0,-0.0,-0.0,-0.0,-0.0,-1.3e-05,-0.000547,0.0,-0.0,-0.0,-0.0,-0.0,-3.5e-05,-0.0,-3e-06,-0.000628,-0.0,-0.0,-5.7e-05,-0.0,-0.0,-0.0,-0.0,-8e-05,-0.000399,0.0,-4.4e-05,-2.6e-05,-0.00027,-0.000299,-0.0,-0.000359,-0.0,-9.4e-05,-0.0,0.0,-0.0,-0.001128,-0.000278,-0.000133,-6.6e-05,-0.000337,-0.0,-0.0,-0.0,-0.0,-0.0,-0.0,-2.5e-05,-0.00015
2017-06-01 19:12:00+02:00,-0.0,0.0,-0.0,-4.4e-05,-0.0,-0.0,-0.0,-0.0,-2.1e-05,-0.0,-0.0,-0.0,-0.000423,-0.000475,-2.4e-05,-0.000217,-0.0,-0.0,-0.0,-2.2e-05,0.0,-2.1e-05,-0.0,-0.0,-0.000352,-0.000344,-0.0,0.0,-0.0,-0.0,-0.0,-9.7e-05,0.0,-0.000182,-0.000463,-0.0,-0.0,-0.0,0.0,-0.000738,-0.0,-0.0,-0.0,0.0,-0.0,-1e-06,-1e-06,-0.0,-3e-06,0.0,-0.0,-4e-06,-8.5e-05,-0.000562,-0.0,0.0,-0.0,-0.0,0.0,-0.0,-2e-06,-0.000643,-2.9e-05,0.0,-0.0,-0.00027,-0.0,-1e-06,0.0,-0.0,-0.0,-0.0,-0.0,-1e-05,-0.000547,0.0,-0.0,-0.0,-0.0,-0.0,-3.5e-05,-0.0,-2e-06,-0.00064,-0.0,-0.0,-5.7e-05,-0.0,-0.0,-0.0,-0.0,-7.9e-05,-0.000394,0.0,-4.2e-05,-2e-05,-0.000273,-0.000303,-0.0,-0.000372,-0.0,-0.000101,-0.0,0.0,-0.0,-0.00113,-0.000273,-0.000146,-6.6e-05,-0.000343,-0.0,-0.0,-0.0,-0.0,-0.0,-0.0,-2e-05,-0.000145
2017-06-01 19:13:00+02:00,-0.0,0.0,-0.0,-3.5e-05,-0.0,-0.0,-0.0,-0.0,-2.2e-05,-0.0,-0.0,-0.0,-0.000421,-0.000478,-2.7e-05,-0.000207,-0.0,-0.0,-0.0,-1.7e-05,0.0,-1.7e-05,-0.0,-0.0,-0.000378,-0.000331,-0.0,0.0,-0.0,-0.0,-0.0,-0.0001,0.0,-0.000192,-0.000473,-0.0,-0.0,-0.0,0.0,-0.00076,-0.0,-0.0,-0.0,0.0,-0.0,-1e-06,-1e-06,-0.0,-4e-06,0.0,-0.0,-3e-06,-8e-05,-0.000562,-0.0,0.0,-0.0,-0.0,0.0,-0.0,-2e-06,-0.00067,-2.3e-05,0.0,-0.0,-0.000259,-0.0,-0.0,0.0,-0.0,-0.0,-0.0,-0.0,-8e-06,-0.000555,0.0,-0.0,-0.0,-0.0,-0.0,-3.2e-05,-0.0,-2e-06,-0.000666,-0.0,-0.0,-5.9e-05,-0.0,-0.0,-0.0,-0.0,-7.4e-05,-0.000393,0.0,-3.4e-05,-1.6e-05,-0.000262,-0.000291,-0.0,-0.000398,-0.0,-9.1e-05,-0.0,0.0,-0.0,-0.001144,-0.00027,-0.000169,-5.3e-05,-0.000331,-0.0,-0.0,-0.0,-0.0,-0.0,-0.0,-1.6e-05,-0.000143
2017-06-01 19:14:00+02:00,-0.0,0.0,-0.0,-2.8e-05,-0.0,-0.0,-0.0,-0.0,-2.2e-05,-0.0,-0.0,-0.0,-0.000409,-0.000468,-2.1e-05,-0.000181,-0.0,-0.0,-0.0,-1.4e-05,0.0,-1.4e-05,-0.0,-0.0,-0.000374,-0.000301,-0.0,0.0,-0.0,-0.0,-0.0,-9.7e-05,0.0,-0.000189,-0.000465,-0.0,-0.0,-0.0,0.0,-0.000752,-0.0,-0.0,-0.0,0.0,-0.0,-1e-06,-0.0,-0.0,-3e-06,0.0,-0.0,-3e-06,-6.9e-05,-0.000548,-0.0,0.0,-0.0,-0.0,0.0,-0.0,-2e-06,-0.000666,-1.9e-05,0.0,-0.0,-0.000232,-0.0,-0.0,0.0,-0.0,-0.0,-0.0,-0.0,-7e-06,-0.000545,0.0,-0.0,-0.0,-0.0,-0.0,-2.8e-05,-0.0,-2e-06,-0.000662,-0.0,-0.0,-5.8e-05,-0.0,-0.0,-0.0,-0.0,-6.6e-05,-0.000382,0.0,-2.7e-05,-1.3e-05,-0.000238,-0.000265,-0.0,-0.000393,-0.0,-7.3e-05,-0.0,0.0,-0.0,-0.001126,-0.00026,-0.000168,-4.2e-05,-0.000301,-0.0,-0.0,-0.0,-0.0,-0.0,-0.0,-1.3e-05,-0.000137
2017-06-01 19:15:00+02:00,-0.0,0.0,-0.0,-2.2e-05,-0.0,-0.0,-0.0,-0.0,-2.3e-05,-0.0,-0.0,-0.0,-0.000402,-0.000463,-1.7e-05,-0.000183,-0.0,-0.0,-0.0,-1.1e-05,0.0,-1.1e-05,-0.0,-0.0,-0.00038,-0.000301,-0.0,0.0,-0.0,-0.0,-0.0,-9.6e-05,0.0,-0.00019,-0.000465,-0.0,-0.0,-0.0,0.0,-0.000755,-0.0,-0.0,-0.0,0.0,-0.0,-1e-06,-0.0,-0.0,-3e-06,0.0,-0.0,-2e-06,-6.8e-05,-0.000542,-0.0,0.0,-0.0,-0.0,0.0,-0.0,-1e-06,-0.000672,-1.5e-05,0.0,-0.0,-0.000233,-0.0,-0.0,0.0,-0.0,-0.0,-0.0,-0.0,-5e-06,-0.000542,0.0,-0.0,-0.0,-0.0,-0.0,-2.7e-05,-0.0,-1e-06,-0.000669,-0.0,-0.0,-5.8e-05,-0.0,-0.0,-0.0,-0.0,-6.4e-05,-0.000376,0.0,-2.4e-05,-1e-05,-0.000237,-0.000264,-0.0,-0.000399,-0.0,-7.4e-05,-0.0,0.0,-0.0,-0.001123,-0.000254,-0.000174,-3.9e-05,-0.0003,-0.0,-0.0,-0.0,-0.0,-0.0,-0.0,-1e-05,-0.000133
2017-06-01 19:16:00+02:00,-0.0,0.0,-0.0,-1.8e-05,-0.0,-0.0,-0.0,-0.0,-1.8e-05,-0.0,-0.0,-0.0,-0.000362,-0.000412,-1.4e-05,-0.000186,-0.0,-0.0,-0.0,-9e-06,0.0,-9e-06,-0.0,-0.0,-0.00031,-0.000302,-0.0,0.0,-0.0,-0.0,-0.0,-7.8e-05,0.0,-0.000155,-0.000406,-0.0,-0.0,-0.0,0.0,-0.000662,-0.0,-0.0,-0.0,0.0,-0.0,-0.0,-0.0,-0.0,-2e-06,0.0,-0.0,-2e-06,-6.8e-05,-0.000488,-0.0,0.0,-0.0,-0.0,0.0,-0.0,-1e-06,-0.000583,-1.2e-05,0.0,-0.0,-0.000235,-0.0,-0.0,0.0,-0.0,-0.0,-0.0,-0.0,-4e-06,-0.00048,0.0,-0.0,-0.0,-0.0,-0.0,-2.6e-05,-0.0,-1e-06,-0.00058,-0.0,-0.0,-5.3e-05,-0.0,-0.0,-0.0,-0.0,-6.3e-05,-0.000336,0.0,-2.2e-05,-8e-06,-0.000237,-0.000264,-0.0,-0.000328,-0.0,-7.6e-05,-0.0,0.0,-0.0,-0.001019,-0.000227,-0.000139,-3.7e-05,-0.000302,-0.0,-0.0,-0.0,-0.0,-0.0,-0.0,-8e-06,-0.000118
2017-06-01 19:17:00+02:00,-0.0,0.0,-0.0,-1.4e-05,-0.0,-0.0,-0.0,-0.0,-1.5e-05,-0.0,-0.0,-0.0,-0.000328,-0.000369,-1.1e-05,-0.000177,-0.0,-0.0,-0.0,-7e-06,0.0,-7e-06,-0.0,-0.0,-0.00025,-0.000293,-0.0,0.0,-0.0,-0.0,-0.0,-6.4e-05,0.0,-0.000126,-0.000357,-0.0,-0.0,-0.0,0.0,-0.000584,-0.0,-0.0,-0.0,0.0,-0.0,-0.0,-0.0,-0.0,-2e-06,0.0,-0.0,-1e-06,-6.4e-05,-0.000443,-0.0,0.0,-0.0,-0.0,0.0,-0.0,-1e-06,-0.000508,-9e-06,0.0,-0.0,-0.000226,-0.0,-0.0,0.0,-0.0,-0.0,-0.0,-0.0,-3e-06,-0.000429,0.0,-0.0,-0.0,-0.0,-0.0,-2.4e-05,-0.0,-1e-06,-0.000507,-0.0,-0.0,-4.8e-05,-0.0,-0.0,-0.0,-0.0,-5.9e-05,-0.000302,0.0,-1.7e-05,-7e-06,-0.000229,-0.000256,-0.0,-0.000269,-0.0,-6.6e-05,-0.0,0.0,-0.0,-0.000931,-0.000204,-0.000111,-2.9e-05,-0.000293,-0.0,-0.0,-0.0,-0.0,-0.0,-0.0,-6e-06,-0.000105
2017-06-01 19:18:00+02:00,-0.0,0.0,-0.0,-1.1e-05,-0.0,-0.0,-0.0,-0.0,-1.2e-05,-0.0,-0.0,-0.0,-0.000301,-0.000337,-9e-06,-0.000169,-0.0,-0.0,-0.0,-6e-06,0.0,-6e-06,-0.0,-0.0,-0.000206,-0.000284,-0.0,0.0,-0.0,-0.0,-0.0,-5.3e-05,0.0,-0.000104,-0.00032,-0.0,-0.0,-0.0,0.0,-0.000526,-0.0,-0.0,-0.0,0.0,-0.0,-0.0,-0.0,-0.0,-1e-06,0.0,-0.0,-1e-06,-6e-05,-0.000409,-0.0,0.0,-0.0,-0.0,0.0,-0.0,-1e-06,-0.000453,-8e-06,0.0,-0.0,-0.000217,-0.0,-0.0,0.0,-0.0,-0.0,-0.0,-0.0,-3e-06,-0.000391,0.0,-0.0,-0.0,-0.0,-0.0,-2.2e-05,-0.0,-1e-06,-0.000453,-0.0,-0.0,-4.5e-05,-0.0,-0.0,-0.0,-0.0,-5.6e-05,-0.000277,0.0,-1.4e-05,-5e-06,-0.000222,-0.000248,-0.0,-0.000226,-0.0,-5.7e-05,-0.0,0.0,-0.0,-0.000866,-0.000186,-8.9e-05,-2.3e-05,-0.000284,-0.0,-0.0,-0.0,-0.0,-0.0,-0.0,-5e-06,-9.5e-05
2017-06-01 19:19:00+02:00,-0.0,0.0,-0.0,-9e-06,-0.0,-0.0,-0.0,-0.0,-1e-05,-0.0,-0.0,-0.0,-0.00028,-0.000313,-7e-06,-0.000163,-0.0,-0.0,-0.0,-5e-06,0.0,-4e-06,-0.0,-0.0,-0.000172,-0.00028,-0.0,0.0,-0.0,-0.0,-0.0,-4.4e-05,0.0,-8.7e-05,-0.000291,-0.0,-0.0,-0.0,0.0,-0.000482,-0.0,-0.0,-0.0,0.0,-0.0,-0.0,-0.0,-0.0,-1e-06,0.0,-0.0,-1e-06,-5.7e-05,-0.000382,-0.0,0.0,-0.0,-0.0,0.0,-0.0,-1e-06,-0.000411,-6e-06,0.0,-0.0,-0.000212,-0.0,-0.0,0.0,-0.0,-0.0,-0.0,-0.0,-2e-06,-0.000361,0.0,-0.0,-0.0,-0.0,-0.0,-2.1e-05,-0.0,-1e-06,-0.000411,-0.0,-0.0,-4.2e-05,-0.0,-0.0,-0.0,-0.0,-5.4e-05,-0.000257,0.0,-1.1e-05,-4e-06,-0.000218,-0.000245,-0.0,-0.000191,-0.0,-5.1e-05,-0.0,0.0,-0.0,-0.000817,-0.000172,-7.1e-05,-1.9e-05,-0.000281,-0.0,-0.0,-0.0,-0.0,-0.0,-0.0,-4e-06,-8.6e-05
2017-06-01 19:20:00+02:00,-0.0,0.0,-0.0,-7e-06,-0.0,-0.0,-0.0,-0.0,-8e-06,-0.0,-0.0,-0.0,-0.000253,-0.000279,-6e-06,-0.000131,-0.0,-0.0,-0.0,-4e-06,0.0,-4e-06,-0.0,-0.0,-0.000138,-0.00024,-0.0,0.0,-0.0,-0.0,-0.0,-3.6e-05,0.0,-6.9e-05,-0.000253,-0.0,-0.0,-0.0,0.0,-0.000419,-0.0,-0.0,-0.0,0.0,-0.0,-0.0,-0.0,-0.0,-1e-06,0.0,-0.0,-1e-06,-4.6e-05,-0.000347,-0.0,0.0,-0.0,-0.0,0.0,-0.0,-0.0,-0.00035,-5e-06,0.0,-0.0,-0.000171,-0.0,-0.0,0.0,-0.0,-0.0,-0.0,-0.0,-2e-06,-0.000321,0.0,-0.0,-0.0,-0.0,-0.0,-1.7e-05,-0.0,-0.0,-0.000351,-0.0,-0.0,-3.8e-05,-0.0,-0.0,-0.0,-0.0,-4.5e-05,-0.000231,0.0,-9e-06,-3e-06,-0.000188,-0.000211,-0.0,-0.000153,-0.0,-4.1e-05,-0.0,0.0,-0.0,-0.000746,-0.000154,-5.7e-05,-1.5e-05,-0.000243,-0.0,-0.0,-0.0,-0.0,-0.0,-0.0,-3e-06,-7.7e-05
2017-06-01 19:21:00+02:00,-0.0,0.0,-0.0,-6e-06,-0.0,-0.0,-0.0,-0.0,-7e-06,-0.0,-0.0,-0.0,-0.000229,-0.000249,-4e-06,-0.000104,-0.0,-0.0,-0.0,-3e-06,0.0,-3e-06,-0.0,-0.0,-0.00011,-0.000204,-0.0,0.0,-0.0,-0.0,-0.0,-2.8e-05,0.0,-5.5e-05,-0.000217,-0.0,-0.0,-0.0,0.0,-0.000362,-0.0,-0.0,-0.0,0.0,-0.0,-0.0,-0.0,-0.0,-1e-06,0.0,-0.0,-1e-06,-3.7e-05,-0.000315,-0.0,0.0,-0.0,-0.0,0.0,-0.0,-0.0,-0.000293,-4e-06,0.0,-0.0,-0.000137,-0.0,-0.0,0.0,-0.0,-0.0,-0.0,-0.0,-1e-06,-0.000284,0.0,-0.0,-0.0,-0.0,-0.0,-1.3e-05,-0.0,-0.0,-0.000295,-0.0,-0.0,-3.5e-05,-0.0,-0.0,-0.0,-0.0,-3.7e-05,-0.000207,0.0,-7e-06,-3e-06,-0.000161,-0.000181,-0.0,-0.000123,-0.0,-3.3e-05,-0.0,0.0,-0.0,-0.000682,-0.000139,-4.6e-05,-1.2e-05,-0.000208,-0.0,-0.0,-0.0,-0.0,-0.0,-0.0,-3e-06,-6.8e-05
2017-06-01 19:22:00+02:00,-0.0,0.0,-0.0,-5e-06,-0.0,-0.0,-0.0,-0.0,-5e-06,-0.0,-0.0,-0.0,-0.000214,-0.000231,-4e-06,-0.00011,-0.0,-0.0,-0.0,-2e-06,0.0,-2e-06,-0.0,-0.0,-8.8e-05,-0.000213,-0.0,0.0,-0.0,-0.0,-0.0,-2.3e-05,0.0,-4.4e-05,-0.000197,-0.0,-0.0,-0.0,0.0,-0.000331,-0.0,-0.0,-0.0,0.0,-0.0,-0.0,-0.0,-0.0,-1e-06,0.0,-0.0,-0.0,-3.8e-05,-0.000295,-0.0,0.0,-0.0,-0.0,0.0,-0.0,-0.0,-0.000263,-3e-06,0.0,-0.0,-0.000146,-0.0,-0.0,0.0,-0.0,-0.0,-0.0,-0.0,-1e-06,-0.000263,0.0,-0.0,-0.0,-0.0,-0.0,-1.3e-05,-0.0,-0.0,-0.000266,-0.0,-0.0,-3.3e-05,-0.0,-0.0,-0.0,-0.0,-3.7e-05,-0.000192,0.0,-6e-06,-2e-06,-0.000167,-0.000188,-0.0,-9.8e-05,-0.0,-3.1e-05,-0.0,0.0,-0.0,-0.000645,-0.000128,-3.7e-05,-1e-05,-0.000217,-0.0,-0.0,-0.0,-0.0,-0.0,-0.0,-2e-06,-6.2e-05
2017-06-01 19:23:00+02:00,-0.0,0.0,-0.0,-4e-06,-0.0,-0.0,-0.0,-0.0,-4e-06,-0.0,-0.0,-0.0,-0.0002,-0.000215,-3e-06,-0.000107,-0.0,-0.0,-0.0,-2e-06,0.0,-2e-06,-0.0,-0.0,-7.1e-05,-0.000211,-0.0,0.0,-0.0,-0.0,-0.0,-1.8e-05,0.0,-3.5e-05,-0.00018,-0.0,-0.0,-0.0,0.0,-0.000304,-0.0,-0.0,-0.0,0.0,-0.0,-0.0,-0.0,-0.0,-0.0,0.0,-0.0,-0.0,-3.6e-05,-0.000277,-0.0,0.0,-0.0,-0.0,0.0,-0.0,-0.0,-0.000238,-2e-06,0.0,-0.0,-0.000144,-0.0,-0.0,0.0,-0.0,-0.0,-0.0,-0.0,-1e-06,-0.000244,0.0,-0.0,-0.0,-0.0,-0.0,-1.3e-05,-0.0,-0.0,-0.000241,-0.0,-0.0,-3.1e-05,-0.0,-0.0,-0.0,-0.0,-3.6e-05,-0.00018,0.0,-5e-06,-2e-06,-0.000165,-0.000186,-0.0,-7.8e-05,-0.0,-2.5e-05,-0.0,0.0,-0.0,-0.000613,-0.000119,-2.9e-05,-8e-06,-0.000215,-0.0,-0.0,-0.0,-0.0,-0.0,-0.0,-2e-06,-5.7e-05
2017-06-01 19:24:00+02:00,-0.0,0.0,-0.0,-3e-06,-0.0,-0.0,-0.0,-0.0,-3e-06,-0.0,-0.0,-0.0,-0.000191,-0.000205,-2e-06,-0.000112,-0.0,-0.0,-0.0,-1e-06,0.0,-1e-06,-0.0,-0.0,-5.6e-05,-0.000218,-0.0,0.0,-0.0,-0.0,-0.0,-1.5e-05,0.0,-2.8e-05,-0.00017,-0.0,-0.0,-0.0,0.0,-0.000288,-0.0,-0.0,-0.0,0.0,-0.0,-0.0,-0.0,-0.0,-0.0,0.0,-0.0,-0.0,-3.7e-05,-0.000266,-0.0,0.0,-0.0,-0.0,0.0,-0.0,-0.0,-0.000224,-2e-06,0.0,-0.0,-0.000151,-0.0,-0.0,0.0,-0.0,-0.0,-0.0,-0.0,-1e-06,-0.000232,0.0,-0.0,-0.0,-0.0,-0.0,-1.3e-05,-0.0,-0.0,-0.000227,-0.0,-0.0,-3e-05,-0.0,-0.0,-0.0,-0.0,-3.6e-05,-0.000171,0.0,-4e-06,-1e-06,-0.000169,-0.000191,-0.0,-6.3e-05,-0.0,-2.5e-05,-0.0,0.0,-0.0,-0.000595,-0.000112,-2.3e-05,-6e-06,-0.000221,-0.0,-0.0,-0.0,-0.0,-0.0,-0.0,-1e-06,-5.3e-05
2017-06-01 19:25:00+02:00,-0.0,0.0,-0.0,-2e-06,-0.0,-0.0,-0.0,-0.0,-3e-06,-0.0,-0.0,-0.0,-0.000181,-0.000194,-2e-06,-0.000106,-0.0,-0.0,-0.0,-1e-06,0.0,-1e-06,-0.0,-0.0,-4.5e-05,-0.000214,-0.0,0.0,-0.0,-0.0,-0.0,-1.2e-05,0.0,-2.3e-05,-0.000158,-0.0,-0.0,-0.0,0.0,-0.000271,-0.0,-0.0,-0.0,0.0,-0.0,-0.0,-0.0,-0.0,-0.0,0.0,-0.0,-0.0,-3.4e-05,-0.000254,-0.0,0.0,-0.0,-0.0,0.0,-0.0,-0.0,-0.000207,-2e-06,0.0,-0.0,-0.000146,-0.0,-0.0,0.0,-0.0,-0.0,-0.0,-0.0,-1e-06,-0.00022,0.0,-0.0,-0.0,-0.0,-0.0,-1.2e-05,-0.0,-0.0,-0.00021,-0.0,-0.0,-2.9e-05,-0.0,-0.0,-0.0,-0.0,-3.4e-05,-0.000161,0.0,-3e-06,-1e-06,-0.000165,-0.000187,-0.0,-5e-05,-0.0,-2e-05,-0.0,0.0,-0.0,-0.000574,-0.000105,-1.9e-05,-5e-06,-0.000217,-0.0,-0.0,-0.0,-0.0,-0.0,-0.0,-1e-06,-5e-05
2017-06-01 19:26:00+02:00,-0.0,0.0,-0.0,-2e-06,-0.0,-0.0,-0.0,-0.0,-2e-06,-0.0,-0.0,-0.0,-0.000169,-0.000179,-1e-06,-9e-05,-0.0,-0.0,-0.0,-1e-06,0.0,-1e-06,-0.0,-0.0,-3.6e-05,-0.000197,-0.0,0.0,-0.0,-0.0,-0.0,-9e-06,0.0,-1.8e-05,-0.000141,-0.0,-0.0,-0.0,0.0,-0.000244,-0.0,-0.0,-0.0,0.0,-0.0,-0.0,-0.0,-0.0,-0.0,0.0,-0.0,-0.0,-2.9e-05,-0.000238,-0.0,0.0,-0.0,-0.0,0.0,-0.0,-0.0,-0.000181,-1e-06,0.0,-0.0,-0.000131,-0.0,-0.0,0.0,-0.0,-0.0,-0.0,-0.0,-0.0,-0.000202,0.0,-0.0,-0.0,-0.0,-0.0,-1e-05,-0.0,-0.0,-0.000184,-0.0,-0.0,-2.7e-05,-0.0,-0.0,-0.0,-0.0,-3.1e-05,-0.000149,0.0,-2e-06,-1e-06,-0.000152,-0.000173,-0.0,-4e-05,-0.0,-1.6e-05,-0.0,0.0,-0.0,-0.000543,-9.7e-05,-1.5e-05,-4e-06,-0.000201,-0.0,-0.0,-0.0,-0.0,-0.0,-0.0,-1e-06,-4.5e-05
2017-06-01 19:27:00+02:00,-0.0,0.0,-0.0,-2e-06,-0.0,-0.0,-0.0,-0.0,-2e-06,-0.0,-0.0,-0.0,-0.000153,-0.000159,-1e-06,-7.2e-05,-0.0,-0.0,-0.0,-1e-06,0.0,-1e-06,-0.0,-0.0,-2.9e-05,-0.000158,-0.0,0.0,-0.0,-0.0,-0.0,-7e-06,0.0,-1.5e-05,-0.000118,-0.0,-0.0,-0.0,0.0,-0.000205,-0.0,-0.0,-0.0,0.0,-0.0,-0.0,-0.0,-0.0,-0.0,0.0,-0.0,-0.0,-2.3e-05,-0.000216,-0.0,0.0,-0.0,-0.0,0.0,-0.0,-0.0,-0.000145,-1e-06,0.0,-0.0,-0.000105,-0.0,-0.0,0.0,-0.0,-0.0,-0.0,-0.0,-0.0,-0.000178,0.0,-0.0,-0.0,-0.0,-0.0,-8e-06,-0.0,-0.0,-0.000147,-0.0,-0.0,-2.4e-05,-0.0,-0.0,-0.0,-0.0,-2.5e-05,-0.000134,0.0,-2e-06,-1e-06,-0.000122,-0.000138,-0.0,-3.2e-05,-0.0,-1.3e-05,-0.0,0.0,-0.0,-0.000498,-8.7e-05,-1.2e-05,-3e-06,-0.00016,-0.0,-0.0,-0.0,-0.0,-0.0,-0.0,-1e-06,-4e-05
2017-06-01 19:28:00+02:00,-0.0,0.0,-0.0,-1e-06,-0.0,-0.0,-0.0,-0.0,-1e-06,-0.0,-0.0,-0.0,-0.000137,-0.000139,-1e-06,-5.8e-05,-0.0,-0.0,-0.0,-1e-06,0.0,-1e-06,-0.0,-0.0,-2.3e-05,-0.000136,-0.0,0.0,-0.0,-0.0,-0.0,-6e-06,0.0,-1.2e-05,-9.6e-05,-0.0,-0.0,-0.0,0.0,-0.000166,-0.0,-0.0,-0.0,0.0,-0.0,-0.0,-0.0,-0.0,-0.0,0.0,-0.0,-0.0,-1.9e-05,-0.000195,-0.0,0.0,-0.0,-0.0,0.0,-0.0,-0.0,-0.000116,-1e-06,0.0,-0.0,-8.4e-05,-0.0,-0.0,0.0,-0.0,-0.0,-0.0,-0.0,-0.0,-0.000153,0.0,-0.0,-0.0,-0.0,-0.0,-6e-06,-0.0,-0.0,-0.000118,-0.0,-0.0,-2.2e-05,-0.0,-0.0,-0.0,-0.0,-2e-05,-0.000119,0.0,-1e-06,-1e-06,-0.000106,-0.000121,-0.0,-2.6e-05,-0.0,-1e-05,-0.0,0.0,-0.0,-0.000453,-7.7e-05,-1e-05,-3e-06,-0.00014,-0.0,-0.0,-0.0,-0.0,-0.0,-0.0,-1e-06,-3.5e-05
2017-06-01 19:29:00+02:00,-0.0,0.0,-0.0,-1e-06,-0.0,-0.0,-0.0,-0.0,-1e-06,-0.0,-0.0,-0.0,-0.000125,-0.000123,-1e-06,-4.6e-05,-0.0,-0.0,-0.0,-0.0,0.0,-0.0,-0.0,-0.0,-1.8e-05,-0.000109,-0.0,0.0,-0.0,-0.0,-0.0,-5e-06,0.0,-9e-06,-7.9e-05,-0.0,-0.0,-0.0,0.0,-0.000137,-0.0,-0.0,-0.0,0.0,-0.0,-0.0,-0.0,-0.0,-0.0,0.0,-0.0,-0.0,-1.5e-05,-0.000178,-0.0,0.0,-0.0,-0.0,0.0,-0.0,-0.0,-9.3e-05,-1e-06,0.0,-0.0,-6.7e-05,-0.0,-0.0,0.0,-0.0,-0.0,-0.0,-0.0,-0.0,-0.000135,0.0,-0.0,-0.0,-0.0,-0.0,-5e-06,-0.0,-0.0,-9.4e-05,-0.0,-0.0,-2e-05,-0.0,-0.0,-0.0,-0.0,-1.6e-05,-0.000107,0.0,-1e-06,-0.0,-8.5e-05,-9.7e-05,-0.0,-2.1e-05,-0.0,-8e-06,-0.0,0.0,-0.0,-0.000417,-6.9e-05,-8e-06,-2e-06,-0.000112,-0.0,-0.0,-0.0,-0.0,-0.0,-0.0,-0.0,-3.1e-05
2017-06-01 19:30:00+02:00,-0.0,0.0,-0.0,-1e-06,-0.0,-0.0,-0.0,-0.0,-1e-06,-0.0,-0.0,-0.0,-0.000108,-0.000101,-1e-06,-3.7e-05,-0.0,-0.0,-0.0,-0.0,0.0,-0.0,-0.0,-0.0,-1.5e-05,-8.7e-05,-0.0,0.0,-0.0,-0.0,-0.0,-4e-06,0.0,-7e-06,-6.3e-05,-0.0,-0.0,-0.0,0.0,-0.00011,-0.0,-0.0,-0.0,0.0,-0.0,-0.0,-0.0,-0.0,-0.0,0.0,-0.0,-0.0,-1.2e-05,-0.000154,-0.0,0.0,-0.0,-0.0,0.0,-0.0,-0.0,-7.4e-05,-1e-06,0.0,-0.0,-5.4e-05,-0.0,-0.0,0.0,-0.0,-0.0,-0.0,-0.0,-0.0,-0.000108,0.0,-0.0,-0.0,-0.0,-0.0,-4e-06,-0.0,-0.0,-7.5e-05,-0.0,-0.0,-1.7e-05,-0.0,-0.0,-0.0,-0.0,-1.3e-05,-9.1e-05,0.0,-1e-06,-0.0,-6.8e-05,-7.7e-05,-0.0,-1.6e-05,-0.0,-7e-06,-0.0,0.0,-0.0,-0.000363,-5.9e-05,-6e-06,-2e-06,-9e-05,-0.0,-0.0,-0.0,-0.0,-0.0,-0.0,-0.0,-2.5e-05
2017-06-01 19:31:00+02:00,-0.0,0.0,-0.0,-1e-06,-0.0,-0.0,-0.0,-0.0,-1e-06,-0.0,-0.0,-0.0,-8.6e-05,-8.1e-05,-0.0,-3e-05,-0.0,-0.0,-0.0,-0.0,0.0,-0.0,-0.0,-0.0,-1.2e-05,-7e-05,-0.0,0.0,-0.0,-0.0,-0.0,-3e-06,0.0,-6e-06,-5e-05,-0.0,-0.0,-0.0,0.0,-8.8e-05,-0.0,-0.0,-0.0,0.0,-0.0,-0.0,-0.0,-0.0,-0.0,0.0,-0.0,-0.0,-1e-05,-0.000123,-0.0,0.0,-0.0,-0.0,0.0,-0.0,-0.0,-5.9e-05,-0.0,0.0,-0.0,-4.3e-05,-0.0,-0.0,0.0,-0.0,-0.0,-0.0,-0.0,-0.0,-8.6e-05,0.0,-0.0,-0.0,-0.0,-0.0,-3e-06,-0.0,-0.0,-6e-05,-0.0,-0.0,-1.3e-05,-0.0,-0.0,-0.0,-0.0,-1e-05,-7.3e-05,0.0,-1e-06,-0.0,-5.4e-05,-6.2e-05,-0.0,-1.3e-05,-0.0,-5e-06,-0.0,0.0,-0.0,-0.00029,-4.7e-05,-5e-06,-1e-06,-7.2e-05,-0.0,-0.0,-0.0,-0.0,-0.0,-0.0,-0.0,-2e-05
2017-06-01 19:32:00+02:00,-0.0,0.0,-0.0,-1e-06,-0.0,-0.0,-0.0,-0.0,-1e-06,-0.0,-0.0,-0.0,-6.9e-05,-6.5e-05,-0.0,-2.4e-05,-0.0,-0.0,-0.0,-0.0,0.0,-0.0,-0.0,-0.0,-9e-06,-6.7e-05,-0.0,0.0,-0.0,-0.0,-0.0,-2e-06,0.0,-5e-06,-4e-05,-0.0,-0.0,-0.0,0.0,-7e-05,-0.0,-0.0,-0.0,0.0,-0.0,-0.0,-0.0,-0.0,-0.0,0.0,-0.0,-0.0,-8e-06,-9.9e-05,-0.0,0.0,-0.0,-0.0,0.0,-0.0,-0.0,-4.7e-05,-0.0,0.0,-0.0,-3.4e-05,-0.0,-0.0,0.0,-0.0,-0.0,-0.0,-0.0,-0.0,-6.9e-05,0.0,-0.0,-0.0,-0.0,-0.0,-3e-06,-0.0,-0.0,-4.8e-05,-0.0,-0.0,-1.1e-05,-0.0,-0.0,-0.0,-0.0,-9e-06,-5.8e-05,0.0,-1e-06,-0.0,-5.4e-05,-6.1e-05,-0.0,-1.1e-05,-0.0,-4e-06,-0.0,0.0,-0.0,-0.000232,-3.8e-05,-4e-06,-1e-06,-7.2e-05,-0.0,-0.0,-0.0,-0.0,-0.0,-0.0,-0.0,-1.6e-05
2017-06-01 19:33:00+02:00,-0.0,0.0,-0.0,-0.0,-0.0,-0.0,-0.0,-0.0,-0.0,-0.0,-0.0,-0.0,-5.5e-05,-5.2e-05,-0.0,-1.9e-05,-0.0,-0.0,-0.0,-0.0,0.0,-0.0,-0.0,-0.0,-8e-06,-7.6e-05,-0.0,0.0,-0.0,-0.0,-0.0,-2e-06,0.0,-4e-06,-3.2e-05,-0.0,-0.0,-0.0,0.0,-5.6e-05,-0.0,-0.0,-0.0,0.0,-0.0,-0.0,-0.0,-0.0,-0.0,0.0,-0.0,-0.0,-6e-06,-7.9e-05,-0.0,0.0,-0.0,-0.0,0.0,-0.0,-0.0,-3.8e-05,-0.0,0.0,-0.0,-3e-05,-0.0,-0.0,0.0,-0.0,-0.0,-0.0,-0.0,-0.0,-5.5e-05,0.0,-0.0,-0.0,-0.0,-0.0,-2e-06,-0.0,-0.0,-3.9e-05,-0.0,-0.0,-8e-06,-0.0,-0.0,-0.0,-0.0,-9e-06,-4.6e-05,0.0,-0.0,-0.0,-6.2e-05,-7.1e-05,-0.0,-8e-06,-0.0,-3e-06,-0.0,0.0,-0.0,-0.000186,-3e-05,-3e-06,-1e-06,-8.4e-05,-0.0,-0.0,-0.0,-0.0,-0.0,-0.0,-0.0,-1.3e-05
2017-06-01 19:34:00+02:00,-0.0,0.0,-0.0,-0.0,-0.0,-0.0,-0.0,-0.0,-0.0,-0.0,-0.0,-0.0,-4.4e-05,-4.1e-05,-0.0,-1.5e-05,-0.0,-0.0,-0.0,-0.0,0.0,-0.0,-0.0,-0.0,-6e-06,-6.8e-05,-0.0,0.0,-0.0,-0.0,-0.0,-2e-06,0.0,-3e-06,-2.6e-05,-0.0,-0.0,-0.0,0.0,-4.5e-05,-0.0,-0.0,-0.0,0.0,-0.0,-0.0,-0.0,-0.0,-0.0,0.0,-0.0,-0.0,-5e-06,-6.3e-05,-0.0,0.0,-0.0,-0.0,0.0,-0.0,-0.0,-3e-05,-0.0,0.0,-0.0,-2.4e-05,-0.0,-0.0,0.0,-0.0,-0.0,-0.0,-0.0,-0.0,-4.4e-05,0.0,-0.0,-0.0,-0.0,-0.0,-2e-06,-0.0,-0.0,-3.1e-05,-0.0,-0.0,-7e-06,-0.0,-0.0,-0.0,-0.0,-7e-06,-3.7e-05,0.0,-0.0,-0.0,-5.7e-05,-6.5e-05,-0.0,-7e-06,-0.0,-3e-06,-0.0,0.0,-0.0,-0.000149,-2.4e-05,-3e-06,-1e-06,-7.8e-05,-0.0,-0.0,-0.0,-0.0,-0.0,-0.0,-0.0,-1e-05
2017-06-01 19:35:00+02:00,-0.0,0.0,-0.0,-0.0,-0.0,-0.0,-0.0,-0.0,-0.0,-0.0,-0.0,-0.0,-3.5e-05,-3.3e-05,-0.0,-1.2e-05,-0.0,-0.0,-0.0,-0.0,0.0,-0.0,-0.0,-0.0,-5e-06,-5.4e-05,-0.0,0.0,-0.0,-0.0,-0.0,-1e-06,0.0,-2e-06,-2.1e-05,-0.0,-0.0,-0.0,0.0,-3.6e-05,-0.0,-0.0,-0.0,0.0,-0.0,-0.0,-0.0,-0.0,-0.0,0.0,-0.0,-0.0,-4e-06,-5e-05,-0.0,0.0,-0.0,-0.0,0.0,-0.0,-0.0,-2.4e-05,-0.0,0.0,-0.0,-1.9e-05,-0.0,-0.0,0.0,-0.0,-0.0,-0.0,-0.0,-0.0,-3.5e-05,0.0,-0.0,-0.0,-0.0,-0.0,-1e-06,-0.0,-0.0,-2.5e-05,-0.0,-0.0,-5e-06,-0.0,-0.0,-0.0,-0.0,-6e-06,-3e-05,0.0,-0.0,-0.0,-4.5e-05,-5.2e-05,-0.0,-5e-06,-0.0,-2e-06,-0.0,0.0,-0.0,-0.000119,-1.9e-05,-2e-06,-1e-06,-6.2e-05,-0.0,-0.0,-0.0,-0.0,-0.0,-0.0,-0.0,-8e-06
2017-06-01 19:36:00+02:00,-0.0,0.0,-0.0,-0.0,-0.0,-0.0,-0.0,-0.0,-0.0,-0.0,-0.0,-0.0,-2.8e-05,-2.6e-05,-0.0,-1e-05,-0.0,-0.0,-0.0,-0.0,0.0,-0.0,-0.0,-0.0,-4e-06,-6e-05,-0.0,0.0,-0.0,-0.0,-0.0,-1e-06,0.0,-2e-06,-1.6e-05,-0.0,-0.0,-0.0,0.0,-2.9e-05,-0.0,-0.0,-0.0,0.0,-0.0,-0.0,-0.0,-0.0,-0.0,0.0,-0.0,-0.0,-3e-06,-4e-05,-0.0,0.0,-0.0,-0.0,0.0,-0.0,-0.0,-1.9e-05,-0.0,0.0,-0.0,-1.5e-05,-0.0,-0.0,0.0,-0.0,-0.0,-0.0,-0.0,-0.0,-2.8e-05,0.0,-0.0,-0.0,-0.0,-0.0,-1e-06,-0.0,-0.0,-2e-05,-0.0,-0.0,-4e-06,-0.0,-0.0,-0.0,-0.0,-5e-06,-2.4e-05,0.0,-0.0,-0.0,-5e-05,-5.8e-05,-0.0,-4e-06,-0.0,-2e-06,-0.0,0.0,-0.0,-9.5e-05,-1.5e-05,-2e-06,-0.0,-7e-05,-0.0,-0.0,-0.0,-0.0,-0.0,-0.0,-0.0,-7e-06
2017-06-01 19:37:00+02:00,-0.0,0.0,-0.0,-0.0,-0.0,-0.0,-0.0,-0.0,-0.0,-0.0,-0.0,-0.0,-2.3e-05,-2.1e-05,-0.0,-8e-06,-0.0,-0.0,-0.0,-0.0,0.0,-0.0,-0.0,-0.0,-3e-06,-4.8e-05,-0.0,0.0,-0.0,-0.0,-0.0,-1e-06,0.0,-2e-06,-1.3e-05,-0.0,-0.0,-0.0,0.0,-2.3e-05,-0.0,-0.0,-0.0,0.0,-0.0,-0.0,-0.0,-0.0,-0.0,0.0,-0.0,-0.0,-3e-06,-3.2e-05,-0.0,0.0,-0.0,-0.0,0.0,-0.0,-0.0,-1.6e-05,-0.0,0.0,-0.0,-1.2e-05,-0.0,-0.0,0.0,-0.0,-0.0,-0.0,-0.0,-0.0,-2.3e-05,0.0,-0.0,-0.0,-0.0,-0.0,-1e-06,-0.0,-0.0,-1.6e-05,-0.0,-0.0,-3e-06,-0.0,-0.0,-0.0,-0.0,-4e-06,-1.9e-05,0.0,-0.0,-0.0,-4e-05,-4.7e-05,-0.0,-3e-06,-0.0,-1e-06,-0.0,0.0,-0.0,-7.6e-05,-1.2e-05,-1e-06,-0.0,-5.6e-05,-0.0,-0.0,-0.0,-0.0,-0.0,-0.0,-0.0,-5e-06
2017-06-01 19:38:00+02:00,-0.0,0.0,-0.0,-0.0,-0.0,-0.0,-0.0,-0.0,-0.0,-0.0,-0.0,-0.0,-1.8e-05,-1.7e-05,-0.0,-6e-06,-0.0,-0.0,-0.0,-0.0,0.0,-0.0,-0.0,-0.0,-2e-06,-3.8e-05,-0.0,0.0,-0.0,-0.0,-0.0,-1e-06,0.0,-1e-06,-1.1e-05,-0.0,-0.0,-0.0,0.0,-1.8e-05,-0.0,-0.0,-0.0,0.0,-0.0,-0.0,-0.0,-0.0,-0.0,0.0,-0.0,-0.0,-2e-06,-2.6e-05,-0.0,0.0,-0.0,-0.0,0.0,-0.0,-0.0,-1.2e-05,-0.0,0.0,-0.0,-1e-05,-0.0,-0.0,0.0,-0.0,-0.0,-0.0,-0.0,-0.0,-1.8e-05,0.0,-0.0,-0.0,-0.0,-0.0,-1e-06,-0.0,-0.0,-1.3e-05,-0.0,-0.0,-3e-06,-0.0,-0.0,-0.0,-0.0,-3e-06,-1.5e-05,0.0,-0.0,-0.0,-3.2e-05,-3.8e-05,-0.0,-3e-06,-0.0,-1e-06,-0.0,0.0,-0.0,-6.1e-05,-1e-05,-1e-06,-0.0,-4.5e-05,-0.0,-0.0,-0.0,-0.0,-0.0,-0.0,-0.0,-4e-06
2017-06-01 19:39:00+02:00,-0.0,0.0,-0.0,-0.0,-0.0,-0.0,-0.0,-0.0,-0.0,-0.0,-0.0,-0.0,-1.4e-05,-1.4e-05,-0.0,-5e-06,-0.0,-0.0,-0.0,-0.0,0.0,-0.0,-0.0,-0.0,-2e-06,-3.1e-05,-0.0,0.0,-0.0,-0.0,-0.0,-1e-06,0.0,-1e-06,-8e-06,-0.0,-0.0,-0.0,0.0,-1.5e-05,-0.0,-0.0,-0.0,0.0,-0.0,-0.0,-0.0,-0.0,-0.0,0.0,-0.0,-0.0,-2e-06,-2.1e-05,-0.0,0.0,-0.0,-0.0,0.0,-0.0,-0.0,-1e-05,-0.0,0.0,-0.0,-8e-06,-0.0,-0.0,0.0,-0.0,-0.0,-0.0,-0.0,-0.0,-1.4e-05,0.0,-0.0,-0.0,-0.0,-0.0,-1e-06,-0.0,-0.0,-1e-05,-0.0,-0.0,-2e-06,-0.0,-0.0,-0.0,-0.0,-3e-06,-1.2e-05,0.0,-0.0,-0.0,-2.6e-05,-3e-05,-0.0,-2e-06,-0.0,-1e-06,-0.0,0.0,-0.0,-4.9e-05,-8e-06,-1e-06,-0.0,-3.6e-05,-0.0,-0.0,-0.0,-0.0,-0.0,-0.0,-0.0,-3e-06
2017-06-01 19:40:00+02:00,-0.0,0.0,-0.0,-0.0,-0.0,-0.0,-0.0,-0.0,-0.0,-0.0,-0.0,-0.0,-1.2e-05,-1.1e-05,-0.0,-4e-06,-0.0,-0.0,-0.0,-0.0,0.0,-0.0,-0.0,-0.0,-2e-06,-2.4e-05,-0.0,0.0,-0.0,-0.0,-0.0,-0.0,0.0,-1e-06,-7e-06,-0.0,-0.0,-0.0,0.0,-1.2e-05,-0.0,-0.0,-0.0,0.0,-0.0,-0.0,-0.0,-0.0,-0.0,0.0,-0.0,-0.0,-1e-06,-1.7e-05,-0.0,0.0,-0.0,-0.0,0.0,-0.0,-0.0,-8e-06,-0.0,0.0,-0.0,-6e-06,-0.0,-0.0,0.0,-0.0,-0.0,-0.0,-0.0,-0.0,-1.2e-05,0.0,-0.0,-0.0,-0.0,-0.0,-0.0,-0.0,-0.0,-8e-06,-0.0,-0.0,-2e-06,-0.0,-0.0,-0.0,-0.0,-2e-06,-1e-05,0.0,-0.0,-0.0,-2.1e-05,-2.4e-05,-0.0,-2e-06,-0.0,-1e-06,-0.0,0.0,-0.0,-3.9e-05,-6e-06,-1e-06,-0.0,-2.9e-05,-0.0,-0.0,-0.0,-0.0,-0.0,-0.0,-0.0,-3e-06
2017-06-01 19:41:00+02:00,-0.0,0.0,-0.0,-0.0,-0.0,-0.0,-0.0,-0.0,-0.0,-0.0,-0.0,-0.0,-9e-06,-9e-06,-0.0,-3e-06,-0.0,-0.0,-0.0,-0.0,0.0,-0.0,-0.0,-0.0,-1e-06,-2e-05,-0.0,0.0,-0.0,-0.0,-0.0,-0.0,0.0,-1e-06,-5e-06,-0.0,-0.0,-0.0,0.0,-9e-06,-0.0,-0.0,-0.0,0.0,-0.0,-0.0,-0.0,-0.0,-0.0,0.0,-0.0,-0.0,-1e-06,-1.3e-05,-0.0,0.0,-0.0,-0.0,0.0,-0.0,-0.0,-6e-06,-0.0,0.0,-0.0,-5e-06,-0.0,-0.0,0.0,-0.0,-0.0,-0.0,-0.0,-0.0,-9e-06,0.0,-0.0,-0.0,-0.0,-0.0,-0.0,-0.0,-0.0,-6e-06,-0.0,-0.0,-1e-06,-0.0,-0.0,-0.0,-0.0,-2e-06,-8e-06,0.0,-0.0,-0.0,-1.6e-05,-1.9e-05,-0.0,-1e-06,-0.0,-1e-06,-0.0,0.0,-0.0,-3.1e-05,-5e-06,-1e-06,-0.0,-2.3e-05,-0.0,-0.0,-0.0,-0.0,-0.0,-0.0,-0.0,-2e-06
2017-06-01 19:42:00+02:00,-0.0,0.0,-0.0,-0.0,-0.0,-0.0,-0.0,-0.0,-0.0,-0.0,-0.0,-0.0,-7e-06,-7e-06,-0.0,-3e-06,-0.0,-0.0,-0.0,-0.0,0.0,-0.0,-0.0,-0.0,-1e-06,-1.6e-05,-0.0,0.0,-0.0,-0.0,-0.0,-0.0,0.0,-1e-06,-4e-06,-0.0,-0.0,-0.0,0.0,-8e-06,-0.0,-0.0,-0.0,0.0,-0.0,-0.0,-0.0,-0.0,-0.0,0.0,-0.0,-0.0,-1e-06,-1.1e-05,-0.0,0.0,-0.0,-0.0,0.0,-0.0,-0.0,-5e-06,-0.0,0.0,-0.0,-4e-06,-0.0,-0.0,0.0,-0.0,-0.0,-0.0,-0.0,-0.0,-7e-06,0.0,-0.0,-0.0,-0.0,-0.0,-0.0,-0.0,-0.0,-5e-06,-0.0,-0.0,-1e-06,-0.0,-0.0,-0.0,-0.0,-1e-06,-6e-06,0.0,-0.0,-0.0,-1.3e-05,-1.5e-05,-0.0,-1e-06,-0.0,-0.0,-0.0,0.0,-0.0,-2.5e-05,-4e-06,-0.0,-0.0,-1.9e-05,-0.0,-0.0,-0.0,-0.0,-0.0,-0.0,-0.0,-2e-06
2017-06-01 19:43:00+02:00,-0.0,0.0,-0.0,-0.0,-0.0,-0.0,-0.0,-0.0,-0.0,-0.0,-0.0,-0.0,-6e-06,-6e-06,-0.0,-2e-06,-0.0,-0.0,-0.0,-0.0,0.0,-0.0,-0.0,-0.0,-1e-06,-1.2e-05,-0.0,0.0,-0.0,-0.0,-0.0,-0.0,0.0,-0.0,-3e-06,-0.0,-0.0,-0.0,0.0,-6e-06,-0.0,-0.0,-0.0,0.0,-0.0,-0.0,-0.0,-0.0,-0.0,0.0,-0.0,-0.0,-1e-06,-8e-06,-0.0,0.0,-0.0,-0.0,0.0,-0.0,-0.0,-4e-06,-0.0,0.0,-0.0,-3e-06,-0.0,-0.0,0.0,-0.0,-0.0,-0.0,-0.0,-0.0,-6e-06,0.0,-0.0,-0.0,-0.0,-0.0,-0.0,-0.0,-0.0,-4e-06,-0.0,-0.0,-1e-06,-0.0,-0.0,-0.0,-0.0,-1e-06,-5e-06,0.0,-0.0,-0.0,-1.1e-05,-1.2e-05,-0.0,-1e-06,-0.0,-0.0,-0.0,0.0,-0.0,-2e-05,-3e-06,-0.0,-0.0,-1.5e-05,-0.0,-0.0,-0.0,-0.0,-0.0,-0.0,-0.0,-1e-06
2017-06-01 19:44:00+02:00,-0.0,0.0,-0.0,-0.0,-0.0,-0.0,-0.0,-0.0,-0.0,-0.0,-0.0,-0.0,-5e-06,-4e-06,-0.0,-2e-06,-0.0,-0.0,-0.0,-0.0,0.0,-0.0,-0.0,-0.0,-1e-06,-1e-05,-0.0,0.0,-0.0,-0.0,-0.0,-0.0,0.0,-0.0,-3e-06,-0.0,-0.0,-0.0,0.0,-5e-06,-0.0,-0.0,-0.0,0.0,-0.0,-0.0,-0.0,-0.0,-0.0,0.0,-0.0,-0.0,-1e-06,-7e-06,-0.0,0.0,-0.0,-0.0,0.0,-0.0,-0.0,-3e-06,-0.0,0.0,-0.0,-3e-06,-0.0,-0.0,0.0,-0.0,-0.0,-0.0,-0.0,-0.0,-5e-06,0.0,-0.0,-0.0,-0.0,-0.0,-0.0,-0.0,-0.0,-3e-06,-0.0,-0.0,-1e-06,-0.0,-0.0,-0.0,-0.0,-1e-06,-4e-06,0.0,-0.0,-0.0,-8e-06,-1e-05,-0.0,-1e-06,-0.0,-0.0,-0.0,0.0,-0.0,-1.6e-05,-3e-06,-0.0,-0.0,-1.2e-05,-0.0,-0.0,-0.0,-0.0,-0.0,-0.0,-0.0,-1e-06
2017-06-01 19:45:00+02:00,-0.0,0.0,-0.0,-0.0,-0.0,-0.0,-0.0,-0.0,-0.0,-0.0,-0.0,-0.0,-4e-06,-4e-06,-0.0,-1e-06,-0.0,-0.0,-0.0,-0.0,0.0,-0.0,-0.0,-0.0,-1e-06,-8e-06,-0.0,0.0,-0.0,-0.0,-0.0,-0.0,0.0,-0.0,-2e-06,-0.0,-0.0,-0.0,0.0,-4e-06,-0.0,-0.0,-0.0,0.0,-0.0,-0.0,-0.0,-0.0,-0.0,0.0,-0.0,-0.0,-0.0,-5e-06,-0.0,0.0,-0.0,-0.0,0.0,-0.0,-0.0,-3e-06,-0.0,0.0,-0.0,-2e-06,-0.0,-0.0,0.0,-0.0,-0.0,-0.0,-0.0,-0.0,-4e-06,0.0,-0.0,-0.0,-0.0,-0.0,-0.0,-0.0,-0.0,-3e-06,-0.0,-0.0,-1e-06,-0.0,-0.0,-0.0,-0.0,-1e-06,-3e-06,0.0,-0.0,-0.0,-7e-06,-8e-06,-0.0,-1e-06,-0.0,-0.0,-0.0,0.0,-0.0,-1.3e-05,-2e-06,-0.0,-0.0,-9e-06,-0.0,-0.0,-0.0,-0.0,-0.0,-0.0,-0.0,-1e-06
2017-06-01 19:46:00+02:00,-0.0,0.0,-0.0,-0.0,-0.0,-0.0,-0.0,-0.0,-0.0,-0.0,-0.0,-0.0,-3e-06,-3e-06,-0.0,-1e-06,-0.0,-0.0,-0.0,-0.0,0.0,-0.0,-0.0,-0.0,-0.0,-6e-06,-0.0,0.0,-0.0,-0.0,-0.0,-0.0,0.0,-0.0,-2e-06,-0.0,-0.0,-0.0,0.0,-3e-06,-0.0,-0.0,-0.0,0.0,-0.0,-0.0,-0.0,-0.0,-0.0,0.0,-0.0,-0.0,-0.0,-4e-06,-0.0,0.0,-0.0,-0.0,0.0,-0.0,-0.0,-2e-06,-0.0,0.0,-0.0,-2e-06,-0.0,-0.0,0.0,-0.0,-0.0,-0.0,-0.0,-0.0,-3e-06,0.0,-0.0,-0.0,-0.0,-0.0,-0.0,-0.0,-0.0,-2e-06,-0.0,-0.0,-0.0,-0.0,-0.0,-0.0,-0.0,-1e-06,-3e-06,0.0,-0.0,-0.0,-5e-06,-6e-06,-0.0,-0.0,-0.0,-0.0,-0.0,0.0,-0.0,-1e-05,-2e-06,-0.0,-0.0,-8e-06,-0.0,-0.0,-0.0,-0.0,-0.0,-0.0,-0.0,-1e-06
2017-06-01 19:47:00+02:00,-0.0,0.0,-0.0,-0.0,-0.0,-0.0,-0.0,-0.0,-0.0,-0.0,-0.0,-0.0,-2e-06,-2e-06,-0.0,-1e-06,-0.0,-0.0,-0.0,-0.0,0.0,-0.0,-0.0,-0.0,-0.0,-5e-06,-0.0,0.0,-0.0,-0.0,-0.0,-0.0,0.0,-0.0,-1e-06,-0.0,-0.0,-0.0,0.0,-2e-06,-0.0,-0.0,-0.0,0.0,-0.0,-0.0,-0.0,-0.0,-0.0,0.0,-0.0,-0.0,-0.0,-3e-06,-0.0,0.0,-0.0,-0.0,0.0,-0.0,-0.0,-2e-06,-0.0,0.0,-0.0,-1e-06,-0.0,-0.0,0.0,-0.0,-0.0,-0.0,-0.0,-0.0,-2e-06,0.0,-0.0,-0.0,-0.0,-0.0,-0.0,-0.0,-0.0,-2e-06,-0.0,-0.0,-0.0,-0.0,-0.0,-0.0,-0.0,-0.0,-2e-06,0.0,-0.0,-0.0,-4e-06,-5e-06,-0.0,-0.0,-0.0,-0.0,-0.0,0.0,-0.0,-8e-06,-1e-06,-0.0,-0.0,-6e-06,-0.0,-0.0,-0.0,-0.0,-0.0,-0.0,-0.0,-1e-06
2017-06-01 19:48:00+02:00,-0.0,0.0,-0.0,-0.0,-0.0,-0.0,-0.0,-0.0,-0.0,-0.0,-0.0,-0.0,-2e-06,-2e-06,-0.0,-1e-06,-0.0,-0.0,-0.0,-0.0,0.0,-0.0,-0.0,-0.0,-0.0,-4e-06,-0.0,0.0,-0.0,-0.0,-0.0,-0.0,0.0,-0.0,-1e-06,-0.0,-0.0,-0.0,0.0,-2e-06,-0.0,-0.0,-0.0,0.0,-0.0,-0.0,-0.0,-0.0,-0.0,0.0,-0.0,-0.0,-0.0,-3e-06,-0.0,0.0,-0.0,-0.0,0.0,-0.0,-0.0,-1e-06,-0.0,0.0,-0.0,-1e-06,-0.0,-0.0,0.0,-0.0,-0.0,-0.0,-0.0,-0.0,-2e-06,0.0,-0.0,-0.0,-0.0,-0.0,-0.0,-0.0,-0.0,-1e-06,-0.0,-0.0,-0.0,-0.0,-0.0,-0.0,-0.0,-0.0,-2e-06,0.0,-0.0,-0.0,-3e-06,-4e-06,-0.0,-0.0,-0.0,-0.0,-0.0,0.0,-0.0,-7e-06,-1e-06,-0.0,-0.0,-5e-06,-0.0,-0.0,-0.0,-0.0,-0.0,-0.0,-0.0,-0.0
2017-06-01 19:49:00+02:00,-0.0,0.0,-0.0,-0.0,-0.0,-0.0,-0.0,-0.0,-0.0,-0.0,-0.0,-0.0,-2e-06,-1e-06,-0.0,-1e-06,-0.0,-0.0,-0.0,-0.0,0.0,-0.0,-0.0,-0.0,-0.0,-3e-06,-0.0,0.0,-0.0,-0.0,-0.0,-0.0,0.0,-0.0,-1e-06,-0.0,-0.0,-0.0,0.0,-2e-06,-0.0,-0.0,-0.0,0.0,-0.0,-0.0,-0.0,-0.0,-0.0,0.0,-0.0,-0.0,-0.0,-2e-06,-0.0,0.0,-0.0,-0.0,0.0,-0.0,-0.0,-1e-06,-0.0,0.0,-0.0,-1e-06,-0.0,-0.0,0.0,-0.0,-0.0,-0.0,-0.0,-0.0,-2e-06,0.0,-0.0,-0.0,-0.0,-0.0,-0.0,-0.0,-0.0,-1e-06,-0.0,-0.0,-0.0,-0.0,-0.0,-0.0,-0.0,-0.0,-1e-06,0.0,-0.0,-0.0,-3e-06,-3e-06,-0.0,-0.0,-0.0,-0.0,-0.0,0.0,-0.0,-5e-06,-1e-06,-0.0,-0.0,-4e-06,-0.0,-0.0,-0.0,-0.0,-0.0,-0.0,-0.0,-0.0
2017-06-01 19:50:00+02:00,-0.0,0.0,-0.0,-0.0,-0.0,-0.0,-0.0,-0.0,-0.0,-0.0,-0.0,-0.0,-1e-06,-1e-06,-0.0,-0.0,-0.0,-0.0,-0.0,-0.0,0.0,-0.0,-0.0,-0.0,-0.0,-3e-06,-0.0,0.0,-0.0,-0.0,-0.0,-0.0,0.0,-0.0,-1e-06,-0.0,-0.0,-0.0,0.0,-1e-06,-0.0,-0.0,-0.0,0.0,-0.0,-0.0,-0.0,-0.0,-0.0,0.0,-0.0,-0.0,-0.0,-2e-06,-0.0,0.0,-0.0,-0.0,0.0,-0.0,-0.0,-1e-06,-0.0,0.0,-0.0,-1e-06,-0.0,-0.0,0.0,-0.0,-0.0,-0.0,-0.0,-0.0,-1e-06,0.0,-0.0,-0.0,-0.0,-0.0,-0.0,-0.0,-0.0,-1e-06,-0.0,-0.0,-0.0,-0.0,-0.0,-0.0,-0.0,-0.0,-1e-06,0.0,-0.0,-0.0,-2e-06,-3e-06,-0.0,-0.0,-0.0,-0.0,-0.0,0.0,-0.0,-4e-06,-1e-06,-0.0,-0.0,-3e-06,-0.0,-0.0,-0.0,-0.0,-0.0,-0.0,-0.0,-0.0
2017-06-01 19:51:00+02:00,-0.0,0.0,-0.0,-0.0,-0.0,-0.0,-0.0,-0.0,-0.0,-0.0,-0.0,-0.0,-1e-06,-1e-06,-0.0,-0.0,-0.0,-0.0,-0.0,-0.0,0.0,-0.0,-0.0,-0.0,-0.0,-2e-06,-0.0,0.0,-0.0,-0.0,-0.0,-0.0,0.0,-0.0,-1e-06,-0.0,-0.0,-0.0,0.0,-1e-06,-0.0,-0.0,-0.0,0.0,-0.0,-0.0,-0.0,-0.0,-0.0,0.0,-0.0,-0.0,-0.0,-1e-06,-0.0,0.0,-0.0,-0.0,0.0,-0.0,-0.0,-1e-06,-0.0,0.0,-0.0,-1e-06,-0.0,-0.0,0.0,-0.0,-0.0,-0.0,-0.0,-0.0,-1e-06,0.0,-0.0,-0.0,-0.0,-0.0,-0.0,-0.0,-0.0,-1e-06,-0.0,-0.0,-0.0,-0.0,-0.0,-0.0,-0.0,-0.0,-1e-06,0.0,-0.0,-0.0,-2e-06,-2e-06,-0.0,-0.0,-0.0,-0.0,-0.0,0.0,-0.0,-3e-06,-1e-06,-0.0,-0.0,-2e-06,-0.0,-0.0,-0.0,-0.0,-0.0,-0.0,-0.0,-0.0
2017-06-01 19:52:00+02:00,-0.0,0.0,-0.0,-0.0,-0.0,-0.0,-0.0,-0.0,-0.0,-0.0,-0.0,-0.0,-1e-06,-1e-06,-0.0,-0.0,-0.0,-0.0,-0.0,-0.0,0.0,-0.0,-0.0,-0.0,-0.0,-2e-06,-0.0,0.0,-0.0,-0.0,-0.0,-0.0,0.0,-0.0,-0.0,-0.0,-0.0,-0.0,0.0,-1e-06,-0.0,-0.0,-0.0,0.0,-0.0,-0.0,-0.0,-0.0,-0.0,0.0,-0.0,-0.0,-0.0,-1e-06,-0.0,0.0,-0.0,-0.0,0.0,-0.0,-0.0,-1e-06,-0.0,0.0,-0.0,-0.0,-0.0,-0.0,0.0,-0.0,-0.0,-0.0,-0.0,-0.0,-1e-06,0.0,-0.0,-0.0,-0.0,-0.0,-0.0,-0.0,-0.0,-1e-06,-0.0,-0.0,-0.0,-0.0,-0.0,-0.0,-0.0,-0.0,-1e-06,0.0,-0.0,-0.0,-1e-06,-2e-06,-0.0,-0.0,-0.0,-0.0,-0.0,0.0,-0.0,-3e-06,-0.0,-0.0,-0.0,-2e-06,-0.0,-0.0,-0.0,-0.0,-0.0,-0.0,-0.0,-0.0
2017-06-01 19:53:00+02:00,-0.0,0.0,-0.0,-0.0,-0.0,-0.0,-0.0,-0.0,-0.0,-0.0,-0.0,-0.0,-1e-06,-1e-06,-0.0,-0.0,-0.0,-0.0,-0.0,-0.0,0.0,-0.0,-0.0,-0.0,-0.0,-1e-06,-0.0,0.0,-0.0,-0.0,-0.0,-0.0,0.0,-0.0,-0.0,-0.0,-0.0,-0.0,0.0,-1e-06,-0.0,-0.0,-0.0,0.0,-0.0,-0.0,-0.0,-0.0,-0.0,0.0,-0.0,-0.0,-0.0,-1e-06,-0.0,0.0,-0.0,-0.0,0.0,-0.0,-0.0,-0.0,-0.0,0.0,-0.0,-0.0,-0.0,-0.0,0.0,-0.0,-0.0,-0.0,-0.0,-0.0,-1e-06,0.0,-0.0,-0.0,-0.0,-0.0,-0.0,-0.0,-0.0,-0.0,-0.0,-0.0,-0.0,-0.0,-0.0,-0.0,-0.0,-0.0,-1e-06,0.0,-0.0,-0.0,-1e-06,-1e-06,-0.0,-0.0,-0.0,-0.0,-0.0,0.0,-0.0,-2e-06,-0.0,-0.0,-0.0,-2e-06,-0.0,-0.0,-0.0,-0.0,-0.0,-0.0,-0.0,-0.0
2017-06-01 19:54:00+02:00,-0.0,0.0,-0.0,-0.0,-0.0,-0.0,-0.0,-0.0,-0.0,-0.0,-0.0,-0.0,-1e-06,-0.0,-0.0,-0.0,-0.0,-0.0,-0.0,-0.0,0.0,-0.0,-0.0,-0.0,-0.0,-1e-06,-0.0,0.0,-0.0,-0.0,-0.0,-0.0,0.0,-0.0,-0.0,-0.0,-0.0,-0.0,0.0,-1e-06,-0.0,-0.0,-0.0,0.0,-0.0,-0.0,-0.0,-0.0,-0.0,0.0,-0.0,-0.0,-0.0,-1e-06,-0.0,0.0,-0.0,-0.0,0.0,-0.0,-0.0,-0.0,-0.0,0.0,-0.0,-0.0,-0.0,-0.0,0.0,-0.0,-0.0,-0.0,-0.0,-0.0,-1e-06,0.0,-0.0,-0.0,-0.0,-0.0,-0.0,-0.0,-0.0,-0.0,-0.0,-0.0,-0.0,-0.0,-0.0,-0.0,-0.0,-0.0,-0.0,0.0,-0.0,-0.0,-1e-06,-1e-06,-0.0,-0.0,-0.0,-0.0,-0.0,0.0,-0.0,-2e-06,-0.0,-0.0,-0.0,-1e-06,-0.0,-0.0,-0.0,-0.0,-0.0,-0.0,-0.0,-0.0
2017-06-01 19:55:00+02:00,-0.0,0.0,-0.0,-0.0,-0.0,-0.0,-0.0,-0.0,-0.0,-0.0,-0.0,-0.0,-0.0,-0.0,-0.0,-0.0,-0.0,-0.0,-0.0,-0.0,0.0,-0.0,-0.0,-0.0,-0.0,-1e-06,-0.0,0.0,-0.0,-0.0,-0.0,-0.0,0.0,-0.0,-0.0,-0.0,-0.0,-0.0,0.0,-0.0,-0.0,-0.0,-0.0,0.0,-0.0,-0.0,-0.0,-0.0,-0.0,0.0,-0.0,-0.0,-0.0,-1e-06,-0.0,0.0,-0.0,-0.0,0.0,-0.0,-0.0,-0.0,-0.0,0.0,-0.0,-0.0,-0.0,-0.0,0.0,-0.0,-0.0,-0.0,-0.0,-0.0,-0.0,0.0,-0.0,-0.0,-0.0,-0.0,-0.0,-0.0,-0.0,-0.0,-0.0,-0.0,-0.0,-0.0,-0.0,-0.0,-0.0,-0.0,-0.0,0.0,-0.0,-0.0,-1e-06,-1e-06,-0.0,-0.0,-0.0,-0.0,-0.0,0.0,-0.0,-1e-06,-0.0,-0.0,-0.0,-1e-06,-0.0,-0.0,-0.0,-0.0,-0.0,-0.0,-0.0,-0.0
2017-06-01 19:56:00+02:00,-0.0,0.0,-0.0,-0.0,-0.0,-0.0,-0.0,-0.0,-0.0,-0.0,-0.0,-0.0,-0.0,-0.0,-0.0,-0.0,-0.0,-0.0,-0.0,-0.0,0.0,-0.0,-0.0,-0.0,-0.0,-1e-06,-0.0,0.0,-0.0,-0.0,-0.0,-0.0,0.0,-0.0,-0.0,-0.0,-0.0,-0.0,0.0,-0.0,-0.0,-0.0,-0.0,0.0,-0.0,-0.0,-0.0,-0.0,-0.0,0.0,-0.0,-0.0,-0.0,-0.0,-0.0,0.0,-0.0,-0.0,0.0,-0.0,-0.0,-0.0,-0.0,0.0,-0.0,-0.0,-0.0,-0.0,0.0,-0.0,-0.0,-0.0,-0.0,-0.0,-0.0,0.0,-0.0,-0.0,-0.0,-0.0,-0.0,-0.0,-0.0,-0.0,-0.0,-0.0,-0.0,-0.0,-0.0,-0.0,-0.0,-0.0,-0.0,0.0,-0.0,-0.0,-1e-06,-1e-06,-0.0,-0.0,-0.0,-0.0,-0.0,0.0,-0.0,-1e-06,-0.0,-0.0,-0.0,-1e-06,-0.0,-0.0,-0.0,-0.0,-0.0,-0.0,-0.0,-0.0
2017-06-01 19:57:00+02:00,-0.0,0.0,-0.0,-0.0,-0.0,-0.0,-0.0,-0.0,-0.0,-0.0,-0.0,-0.0,-0.0,-0.0,-0.0,-0.0,-0.0,-0.0,-0.0,-0.0,0.0,-0.0,-0.0,-0.0,-0.0,-1e-06,-0.0,0.0,-0.0,-0.0,-0.0,-0.0,0.0,-0.0,-0.0,-0.0,-0.0,-0.0,0.0,-0.0,-0.0,-0.0,-0.0,0.0,-0.0,-0.0,-0.0,-0.0,-0.0,0.0,-0.0,-0.0,-0.0,-0.0,-0.0,0.0,-0.0,-0.0,0.0,-0.0,-0.0,-0.0,-0.0,0.0,-0.0,-0.0,-0.0,-0.0,0.0,-0.0,-0.0,-0.0,-0.0,-0.0,-0.0,0.0,-0.0,-0.0,-0.0,-0.0,-0.0,-0.0,-0.0,-0.0,-0.0,-0.0,-0.0,-0.0,-0.0,-0.0,-0.0,-0.0,-0.0,0.0,-0.0,-0.0,-0.0,-1e-06,-0.0,-0.0,-0.0,-0.0,-0.0,0.0,-0.0,-1e-06,-0.0,-0.0,-0.0,-1e-06,-0.0,-0.0,-0.0,-0.0,-0.0,-0.0,-0.0,-0.0
2017-06-01 19:58:00+02:00,-0.0,0.0,-0.0,-0.0,-0.0,-0.0,-0.0,-0.0,-0.0,-0.0,-0.0,-0.0,-0.0,-0.0,-0.0,-0.0,-0.0,-0.0,-0.0,-0.0,0.0,-0.0,-0.0,-0.0,-0.0,-0.0,-0.0,0.0,-0.0,-0.0,-0.0,-0.0,0.0,-0.0,-0.0,-0.0,-0.0,-0.0,0.0,-0.0,-0.0,-0.0,-0.0,0.0,-0.0,-0.0,-0.0,-0.0,-0.0,0.0,-0.0,-0.0,-0.0,-0.0,-0.0,0.0,-0.0,-0.0,0.0,-0.0,-0.0,-0.0,-0.0,0.0,-0.0,-0.0,-0.0,-0.0,0.0,-0.0,-0.0,-0.0,-0.0,-0.0,-0.0,0.0,-0.0,-0.0,-0.0,-0.0,-0.0,-0.0,-0.0,-0.0,-0.0,-0.0,-0.0,-0.0,-0.0,-0.0,-0.0,-0.0,-0.0,0.0,-0.0,-0.0,-0.0,-0.0,-0.0,-0.0,-0.0,-0.0,-0.0,0.0,-0.0,-1e-06,-0.0,-0.0,-0.0,-1e-06,-0.0,-0.0,-0.0,-0.0,-0.0,-0.0,-0.0,-0.0
2017-06-01 19:59:00+02:00,-0.0,0.0,-0.0,-0.0,-0.0,-0.0,-0.0,-0.0,-0.0,-0.0,-0.0,-0.0,-0.0,-0.0,-0.0,-0.0,-0.0,-0.0,-0.0,-0.0,0.0,-0.0,-0.0,-0.0,-0.0,-0.0,-0.0,0.0,-0.0,-0.0,-0.0,-0.0,0.0,-0.0,-0.0,-0.0,-0.0,-0.0,0.0,-0.0,-0.0,-0.0,-0.0,0.0,-0.0,-0.0,-0.0,-0.0,-0.0,0.0,-0.0,-0.0,-0.0,-0.0,-0.0,0.0,-0.0,-0.0,0.0,-0.0,-0.0,-0.0,-0.0,0.0,-0.0,-0.0,-0.0,-0.0,0.0,-0.0,-0.0,-0.0,-0.0,-0.0,-0.0,0.0,-0.0,-0.0,-0.0,-0.0,-0.0,-0.0,-0.0,-0.0,-0.0,-0.0,-0.0,-0.0,-0.0,-0.0,-0.0,-0.0,-0.0,0.0,-0.0,-0.0,-0.0,-0.0,-0.0,-0.0,-0.0,-0.0,-0.0,0.0,-0.0,-1e-06,-0.0,-0.0,-0.0,-0.0,-0.0,-0.0,-0.0,-0.0,-0.0,-0.0,-0.0,-0.0
2017-06-01 20:00:00+02:00,-0.0,0.0,-0.0,-0.0,-0.0,-0.0,-0.0,-0.0,-0.0,-0.0,-0.0,-0.0,-0.0,-0.0,-0.0,-0.0,-0.0,-0.0,-0.0,-0.0,0.0,-0.0,-0.0,-0.0,-0.0,-0.0,-0.0,0.0,-0.0,-0.0,-0.0,-0.0,0.0,-0.0,-0.0,-0.0,-0.0,-0.0,0.0,-0.0,-0.0,-0.0,-0.0,0.0,-0.0,-0.0,-0.0,-0.0,-0.0,0.0,-0.0,-0.0,-0.0,-0.0,-0.0,0.0,-0.0,-0.0,0.0,-0.0,-0.0,-0.0,-0.0,0.0,-0.0,-0.0,-0.0,-0.0,0.0,-0.0,-0.0,-0.0,-0.0,-0.0,-0.0,0.0,-0.0,-0.0,-0.0,-0.0,-0.0,-0.0,-0.0,-0.0,-0.0,-0.0,-0.0,-0.0,-0.0,-0.0,-0.0,-0.0,-0.0,0.0,-0.0,-0.0,-0.0,-0.0,-0.0,-0.0,-0.0,-0.0,-0.0,0.0,-0.0,-0.0,-0.0,-0.0,-0.0,-0.0,-0.0,-0.0,-0.0,-0.0,-0.0,-0.0,-0.0,-0.0
2017-06-01 20:01:00+02:00,-0.0,0.0,-0.0,-0.0,-0.0,-0.0,-0.0,-0.0,-0.0,-0.0,-0.0,-0.0,-0.0,-0.0,-0.0,-0.0,-0.0,-0.0,-0.0,-0.0,0.0,-0.0,-0.0,-0.0,-0.0,-0.0,-0.0,0.0,-0.0,-0.0,-0.0,-0.0,0.0,-0.0,-0.0,-0.0,-0.0,-0.0,0.0,-0.0,-0.0,-0.0,-0.0,0.0,-0.0,-0.0,-0.0,-0.0,-0.0,0.0,-0.0,-0.0,-0.0,-0.0,-0.0,0.0,-0.0,-0.0,0.0,-0.0,-0.0,-0.0,-0.0,0.0,-0.0,-0.0,-0.0,-0.0,0.0,-0.0,-0.0,-0.0,-0.0,-0.0,-0.0,0.0,-0.0,-0.0,-0.0,-0.0,-0.0,-0.0,-0.0,-0.0,-0.0,-0.0,-0.0,-0.0,-0.0,-0.0,-0.0,-0.0,-0.0,0.0,-0.0,-0.0,-0.0,-0.0,-0.0,-0.0,-0.0,-0.0,-0.0,0.0,-0.0,-0.0,-0.0,-0.0,-0.0,-0.0,-0.0,-0.0,-0.0,-0.0,-0.0,-0.0,-0.0,-0.0
2017-06-01 20:02:00+02:00,-0.0,0.0,-0.0,-0.0,-0.0,-0.0,-0.0,-0.0,-0.0,-0.0,-0.0,-0.0,-0.0,-0.0,-0.0,-0.0,-0.0,-0.0,-0.0,-0.0,0.0,-0.0,-0.0,-0.0,-0.0,-0.0,-0.0,0.0,-0.0,-0.0,-0.0,-0.0,0.0,-0.0,-0.0,-0.0,-0.0,-0.0,0.0,-0.0,-0.0,-0.0,-0.0,0.0,-0.0,-0.0,-0.0,-0.0,-0.0,0.0,-0.0,-0.0,-0.0,-0.0,-0.0,0.0,-0.0,-0.0,0.0,-0.0,-0.0,-0.0,-0.0,0.0,-0.0,-0.0,-0.0,-0.0,0.0,-0.0,-0.0,-0.0,-0.0,-0.0,-0.0,0.0,-0.0,-0.0,-0.0,-0.0,-0.0,-0.0,-0.0,-0.0,-0.0,-0.0,-0.0,-0.0,-0.0,-0.0,-0.0,-0.0,-0.0,0.0,-0.0,-0.0,-0.0,-0.0,-0.0,-0.0,-0.0,-0.0,-0.0,0.0,-0.0,-0.0,-0.0,-0.0,-0.0,-0.0,-0.0,-0.0,-0.0,-0.0,-0.0,-0.0,-0.0,-0.0
2017-06-01 20:03:00+02:00,-0.0,0.0,-0.0,-0.0,-0.0,-0.0,-0.0,-0.0,-0.0,-0.0,-0.0,-0.0,-0.0,-0.0,-0.0,-0.0,-0.0,-0.0,-0.0,-0.0,0.0,-0.0,-0.0,-0.0,-0.0,-0.0,-0.0,0.0,-0.0,-0.0,-0.0,-0.0,0.0,-0.0,-0.0,-0.0,-0.0,-0.0,0.0,-0.0,-0.0,-0.0,-0.0,0.0,-0.0,-0.0,-0.0,-0.0,-0.0,0.0,-0.0,-0.0,-0.0,-0.0,-0.0,0.0,-0.0,-0.0,0.0,-0.0,-0.0,-0.0,-0.0,0.0,-0.0,-0.0,-0.0,-0.0,0.0,-0.0,-0.0,-0.0,-0.0,-0.0,-0.0,0.0,-0.0,-0.0,-0.0,-0.0,-0.0,-0.0,-0.0,-0.0,-0.0,-0.0,-0.0,-0.0,-0.0,-0.0,-0.0,-0.0,-0.0,0.0,-0.0,-0.0,-0.0,-0.0,-0.0,-0.0,-0.0,-0.0,-0.0,0.0,-0.0,-0.0,-0.0,-0.0,-0.0,-0.0,-0.0,-0.0,-0.0,-0.0,-0.0,-0.0,-0.0,-0.0
2017-06-01 20:04:00+02:00,-0.0,0.0,-0.0,-0.0,-0.0,-0.0,-0.0,-0.0,-0.0,-0.0,-0.0,-0.0,-0.0,-0.0,-0.0,-0.0,-0.0,-0.0,-0.0,-0.0,0.0,-0.0,-0.0,-0.0,-0.0,-0.0,-0.0,0.0,-0.0,-0.0,-0.0,-0.0,0.0,-0.0,-0.0,-0.0,-0.0,-0.0,0.0,-0.0,-0.0,-0.0,-0.0,0.0,-0.0,-0.0,-0.0,-0.0,-0.0,0.0,-0.0,-0.0,-0.0,-0.0,-0.0,0.0,-0.0,-0.0,0.0,-0.0,-0.0,-0.0,-0.0,0.0,-0.0,-0.0,-0.0,-0.0,0.0,-0.0,-0.0,-0.0,-0.0,-0.0,-0.0,0.0,-0.0,-0.0,-0.0,-0.0,-0.0,-0.0,-0.0,-0.0,-0.0,-0.0,-0.0,-0.0,-0.0,-0.0,-0.0,-0.0,-0.0,0.0,-0.0,-0.0,-0.0,-0.0,-0.0,-0.0,-0.0,-0.0,-0.0,0.0,-0.0,-0.0,-0.0,-0.0,-0.0,-0.0,-0.0,-0.0,-0.0,-0.0,-0.0,-0.0,-0.0,-0.0
2017-06-01 20:05:00+02:00,-0.0,0.0,-0.0,-0.0,-0.0,-0.0,-0.0,-0.0,-0.0,-0.0,-0.0,-0.0,-0.0,-0.0,-0.0,-0.0,-0.0,-0.0,-0.0,-0.0,0.0,-0.0,-0.0,-0.0,-0.0,-0.0,-0.0,0.0,-0.0,-0.0,-0.0,-0.0,0.0,-0.0,-0.0,-0.0,-0.0,-0.0,0.0,-0.0,-0.0,-0.0,-0.0,0.0,-0.0,-0.0,-0.0,-0.0,-0.0,0.0,-0.0,-0.0,-0.0,-0.0,-0.0,0.0,-0.0,-0.0,0.0,-0.0,-0.0,-0.0,-0.0,0.0,-0.0,-0.0,-0.0,-0.0,0.0,-0.0,-0.0,-0.0,-0.0,-0.0,-0.0,0.0,-0.0,-0.0,-0.0,-0.0,-0.0,-0.0,-0.0,-0.0,-0.0,-0.0,-0.0,-0.0,-0.0,-0.0,-0.0,-0.0,-0.0,0.0,-0.0,-0.0,-0.0,-0.0,-0.0,-0.0,-0.0,-0.0,-0.0,0.0,-0.0,-0.0,-0.0,-0.0,-0.0,-0.0,-0.0,-0.0,-0.0,-0.0,-0.0,-0.0,-0.0,-0.0
2017-06-01 20:06:00+02:00,-0.0,0.0,-0.0,-0.0,-0.0,-0.0,-0.0,-0.0,-0.0,-0.0,-0.0,-0.0,-0.0,-0.0,-0.0,-0.0,-0.0,-0.0,-0.0,-0.0,0.0,-0.0,-0.0,-0.0,-0.0,-0.0,-0.0,0.0,-0.0,-0.0,-0.0,-0.0,0.0,-0.0,-0.0,-0.0,-0.0,-0.0,0.0,-0.0,-0.0,-0.0,-0.0,0.0,-0.0,-0.0,-0.0,-0.0,-0.0,0.0,-0.0,-0.0,-0.0,-0.0,-0.0,0.0,-0.0,-0.0,0.0,-0.0,-0.0,-0.0,-0.0,0.0,-0.0,-0.0,-0.0,-0.0,0.0,-0.0,-0.0,-0.0,-0.0,-0.0,-0.0,0.0,-0.0,-0.0,-0.0,-0.0,-0.0,-0.0,-0.0,-0.0,-0.0,-0.0,-0.0,-0.0,-0.0,-0.0,-0.0,-0.0,-0.0,0.0,-0.0,-0.0,-0.0,-0.0,-0.0,-0.0,-0.0,-0.0,-0.0,0.0,-0.0,-0.0,-0.0,-0.0,-0.0,-0.0,-0.0,-0.0,-0.0,-0.0,-0.0,-0.0,-0.0,-0.0
2017-06-01 20:07:00+02:00,-0.0,0.0,-0.0,-0.0,-0.0,-0.0,-0.0,-0.0,-0.0,-0.0,-0.0,-0.0,-0.0,-0.0,-0.0,-0.0,-0.0,-0.0,-0.0,-0.0,0.0,-0.0,-0.0,-0.0,-0.0,-0.0,-0.0,0.0,-0.0,-0.0,-0.0,-0.0,0.0,-0.0,-0.0,-0.0,-0.0,-0.0,0.0,-0.0,-0.0,-0.0,-0.0,0.0,-0.0,-0.0,-0.0,-0.0,-0.0,0.0,-0.0,-0.0,-0.0,-0.0,-0.0,0.0,-0.0,-0.0,0.0,-0.0,-0.0,-0.0,-0.0,0.0,-0.0,-0.0,-0.0,-0.0,0.0,-0.0,-0.0,-0.0,-0.0,-0.0,-0.0,0.0,-0.0,-0.0,-0.0,-0.0,-0.0,-0.0,-0.0,-0.0,-0.0,-0.0,-0.0,-0.0,-0.0,-0.0,-0.0,-0.0,-0.0,0.0,-0.0,-0.0,-0.0,-0.0,-0.0,-0.0,-0.0,-0.0,-0.0,0.0,-0.0,-0.0,-0.0,-0.0,-0.0,-0.0,-0.0,-0.0,-0.0,-0.0,-0.0,-0.0,-0.0,-0.0
2017-06-01 20:08:00+02:00,-0.0,0.0,-0.0,-0.0,-0.0,-0.0,-0.0,-0.0,-0.0,-0.0,-0.0,-0.0,-0.0,-0.0,-0.0,-0.0,-0.0,-0.0,-0.0,-0.0,0.0,-0.0,-0.0,-0.0,-0.0,-0.0,-0.0,0.0,-0.0,-0.0,-0.0,-0.0,0.0,-0.0,-0.0,-0.0,-0.0,-0.0,0.0,-0.0,-0.0,-0.0,-0.0,0.0,-0.0,-0.0,-0.0,-0.0,-0.0,0.0,-0.0,-0.0,-0.0,-0.0,-0.0,0.0,-0.0,-0.0,0.0,-0.0,-0.0,-0.0,-0.0,0.0,-0.0,-0.0,-0.0,-0.0,0.0,-0.0,-0.0,-0.0,-0.0,-0.0,-0.0,0.0,-0.0,-0.0,-0.0,-0.0,-0.0,-0.0,-0.0,-0.0,-0.0,-0.0,-0.0,-0.0,-0.0,-0.0,-0.0,-0.0,-0.0,0.0,-0.0,-0.0,-0.0,-0.0,-0.0,-0.0,-0.0,-0.0,-0.0,0.0,-0.0,-0.0,-0.0,-0.0,-0.0,-0.0,-0.0,-0.0,-0.0,-0.0,-0.0,-0.0,-0.0,-0.0
2017-06-01 20:09:00+02:00,-0.0,0.0,-0.0,-0.0,-0.0,-0.0,-0.0,-0.0,-0.0,-0.0,-0.0,-0.0,-0.0,-0.0,-0.0,-0.0,-0.0,-0.0,-0.0,-0.0,0.0,-0.0,-0.0,-0.0,-0.0,-0.0,-0.0,0.0,-0.0,-0.0,-0.0,-0.0,0.0,-0.0,-0.0,-0.0,-0.0,-0.0,0.0,-0.0,-0.0,-0.0,-0.0,0.0,-0.0,-0.0,-0.0,-0.0,-0.0,0.0,-0.0,-0.0,-0.0,-0.0,-0.0,0.0,-0.0,-0.0,0.0,-0.0,-0.0,-0.0,-0.0,0.0,-0.0,-0.0,-0.0,-0.0,0.0,-0.0,-0.0,-0.0,-0.0,-0.0,-0.0,0.0,-0.0,-0.0,-0.0,-0.0,-0.0,-0.0,-0.0,-0.0,-0.0,-0.0,-0.0,-0.0,-0.0,-0.0,-0.0,-0.0,-0.0,0.0,-0.0,-0.0,-0.0,-0.0,-0.0,-0.0,-0.0,-0.0,-0.0,0.0,-0.0,-0.0,-0.0,-0.0,-0.0,-0.0,-0.0,-0.0,-0.0,-0.0,-0.0,-0.0,-0.0,-0.0
2017-06-01 20:10:00+02:00,-0.0,0.0,-0.0,-0.0,-0.0,-0.0,-0.0,-0.0,-0.0,-0.0,-0.0,-0.0,-0.0,-0.0,-0.0,-0.0,-0.0,-0.0,-0.0,-0.0,0.0,-0.0,-0.0,-0.0,-0.0,-0.0,-0.0,0.0,-0.0,-0.0,-0.0,-0.0,0.0,-0.0,-0.0,-0.0,-0.0,-0.0,0.0,-0.0,-0.0,-0.0,-0.0,0.0,-0.0,-0.0,-0.0,-0.0,-0.0,0.0,-0.0,-0.0,-0.0,-0.0,-0.0,0.0,-0.0,-0.0,0.0,-0.0,-0.0,-0.0,-0.0,0.0,-0.0,-0.0,-0.0,-0.0,0.0,-0.0,-0.0,-0.0,-0.0,-0.0,-0.0,0.0,-0.0,-0.0,-0.0,-0.0,-0.0,-0.0,-0.0,-0.0,-0.0,-0.0,-0.0,-0.0,-0.0,-0.0,-0.0,-0.0,-0.0,0.0,-0.0,-0.0,-0.0,-0.0,-0.0,-0.0,-0.0,-0.0,-0.0,0.0,-0.0,-0.0,-0.0,-0.0,-0.0,-0.0,-0.0,-0.0,-0.0,-0.0,-0.0,-0.0,-0.0,-0.0
2017-06-01 20:11:00+02:00,-0.0,0.0,-0.0,-0.0,-0.0,-0.0,-0.0,-0.0,-0.0,-0.0,-0.0,-0.0,-0.0,-0.0,-0.0,-0.0,-0.0,-0.0,-0.0,-0.0,0.0,-0.0,-0.0,-0.0,-0.0,-0.0,-0.0,0.0,-0.0,-0.0,-0.0,-0.0,0.0,-0.0,-0.0,-0.0,-0.0,-0.0,0.0,-0.0,-0.0,-0.0,-0.0,0.0,-0.0,-0.0,-0.0,-0.0,-0.0,0.0,-0.0,-0.0,-0.0,-0.0,-0.0,0.0,-0.0,-0.0,0.0,-0.0,-0.0,-0.0,-0.0,0.0,-0.0,-0.0,-0.0,-0.0,0.0,-0.0,-0.0,-0.0,-0.0,-0.0,-0.0,0.0,-0.0,-0.0,-0.0,-0.0,-0.0,-0.0,-0.0,-0.0,-0.0,-0.0,-0.0,-0.0,-0.0,-0.0,-0.0,-0.0,-0.0,0.0,-0.0,-0.0,-0.0,-0.0,-0.0,-0.0,-0.0,-0.0,-0.0,0.0,-0.0,-0.0,-0.0,-0.0,-0.0,-0.0,-0.0,-0.0,-0.0,-0.0,-0.0,-0.0,-0.0,-0.0
2017-06-01 20:12:00+02:00,-0.0,0.0,-0.0,-0.0,-0.0,-0.0,-0.0,-0.0,-0.0,-0.0,-0.0,-0.0,-0.0,-0.0,-0.0,-0.0,-0.0,-0.0,-0.0,-0.0,0.0,-0.0,-0.0,-0.0,-0.0,-0.0,-0.0,0.0,-0.0,-0.0,-0.0,-0.0,0.0,-0.0,-0.0,-0.0,-0.0,-0.0,0.0,-0.0,-0.0,-0.0,-0.0,0.0,-0.0,-0.0,-0.0,-0.0,-0.0,0.0,-0.0,-0.0,-0.0,-0.0,-0.0,0.0,-0.0,-0.0,0.0,-0.0,-0.0,-0.0,-0.0,0.0,-0.0,-0.0,-0.0,-0.0,0.0,-0.0,-0.0,-0.0,-0.0,-0.0,-0.0,0.0,-0.0,-0.0,-0.0,-0.0,-0.0,-0.0,-0.0,-0.0,-0.0,-0.0,-0.0,-0.0,-0.0,-0.0,-0.0,-0.0,-0.0,0.0,-0.0,-0.0,-0.0,-0.0,-0.0,-0.0,-0.0,-0.0,-0.0,0.0,-0.0,-0.0,-0.0,-0.0,-0.0,-0.0,-0.0,-0.0,-0.0,-0.0,-0.0,-0.0,-0.0,-0.0
2017-06-01 20:13:00+02:00,-0.0,0.0,-0.0,-0.0,-0.0,-0.0,-0.0,-0.0,-0.0,-0.0,-0.0,-0.0,-0.0,-0.0,-0.0,-0.0,-0.0,-0.0,-0.0,-0.0,0.0,-0.0,-0.0,-0.0,-0.0,-0.0,-0.0,0.0,-0.0,-0.0,-0.0,-0.0,0.0,-0.0,-0.0,-0.0,-0.0,-0.0,0.0,-0.0,-0.0,-0.0,-0.0,0.0,-0.0,-0.0,-0.0,-0.0,-0.0,0.0,-0.0,-0.0,-0.0,-0.0,-0.0,0.0,-0.0,-0.0,0.0,-0.0,-0.0,-0.0,-0.0,0.0,-0.0,-0.0,-0.0,-0.0,0.0,-0.0,-0.0,-0.0,-0.0,-0.0,-0.0,0.0,-0.0,-0.0,-0.0,-0.0,-0.0,-0.0,-0.0,-0.0,-0.0,-0.0,-0.0,-0.0,-0.0,-0.0,-0.0,-0.0,-0.0,0.0,-0.0,-0.0,-0.0,-0.0,-0.0,-0.0,-0.0,-0.0,-0.0,0.0,-0.0,-0.0,-0.0,-0.0,-0.0,-0.0,-0.0,-0.0,-0.0,-0.0,-0.0,-0.0,-0.0,-0.0
2017-06-01 20:14:00+02:00,-0.0,0.0,-0.0,-0.0,-0.0,-0.0,-0.0,-0.0,-0.0,-0.0,-0.0,-0.0,-0.0,-0.0,-0.0,-0.0,-0.0,-0.0,-0.0,-0.0,0.0,-0.0,-0.0,-0.0,-0.0,-0.0,-0.0,0.0,-0.0,-0.0,-0.0,-0.0,0.0,-0.0,-0.0,-0.0,-0.0,-0.0,0.0,-0.0,-0.0,-0.0,-0.0,0.0,-0.0,-0.0,-0.0,-0.0,-0.0,0.0,-0.0,-0.0,-0.0,-0.0,-0.0,0.0,-0.0,-0.0,0.0,-0.0,-0.0,-0.0,-0.0,0.0,-0.0,-0.0,-0.0,-0.0,0.0,-0.0,-0.0,-0.0,-0.0,-0.0,-0.0,0.0,-0.0,-0.0,-0.0,-0.0,-0.0,-0.0,-0.0,-0.0,-0.0,-0.0,-0.0,-0.0,-0.0,-0.0,-0.0,-0.0,-0.0,0.0,-0.0,-0.0,-0.0,-0.0,-0.0,-0.0,-0.0,-0.0,-0.0,0.0,-0.0,-0.0,-0.0,-0.0,-0.0,-0.0,-0.0,-0.0,-0.0,-0.0,-0.0,-0.0,-0.0,-0.0
2017-06-01 20:15:00+02:00,-0.0,0.0,-0.0,-0.0,-0.0,-0.0,-0.0,-0.0,-0.0,-0.0,-0.0,-0.0,-0.0,-0.0,-0.0,-0.0,-0.0,-0.0,-0.0,-0.0,0.0,-0.0,-0.0,-0.0,-0.0,-0.0,-0.0,0.0,-0.0,-0.0,-0.0,-0.0,0.0,-0.0,-0.0,-0.0,-0.0,-0.0,0.0,-0.0,-0.0,-0.0,-0.0,0.0,-0.0,-0.0,-0.0,-0.0,-0.0,0.0,-0.0,-0.0,-0.0,-0.0,-0.0,0.0,-0.0,-0.0,0.0,-0.0,-0.0,-0.0,-0.0,0.0,-0.0,-0.0,-0.0,-0.0,0.0,-0.0,-0.0,-0.0,-0.0,-0.0,-0.0,0.0,-0.0,-0.0,-0.0,-0.0,-0.0,-0.0,-0.0,-0.0,-0.0,-0.0,-0.0,-0.0,-0.0,-0.0,-0.0,-0.0,-0.0,0.0,-0.0,-0.0,-0.0,-0.0,-0.0,-0.0,-0.0,-0.0,-0.0,0.0,-0.0,-0.0,-0.0,-0.0,-0.0,-0.0,-0.0,-0.0,-0.0,-0.0,-0.0,-0.0,-0.0,-0.0
2017-06-01 20:16:00+02:00,-0.0,0.0,-0.0,-0.0,-0.0,-0.0,-0.0,-0.0,-0.0,-0.0,-0.0,-0.0,-0.0,-0.0,-0.0,-0.0,-0.0,-0.0,-0.0,-0.0,0.0,-0.0,-0.0,-0.0,-0.0,-0.0,-0.0,0.0,-0.0,-0.0,-0.0,-0.0,0.0,-0.0,-0.0,-0.0,-0.0,-0.0,0.0,-0.0,-0.0,-0.0,-0.0,0.0,-0.0,-0.0,-0.0,-0.0,-0.0,0.0,-0.0,-0.0,-0.0,-0.0,-0.0,0.0,-0.0,-0.0,0.0,-0.0,-0.0,-0.0,-0.0,0.0,-0.0,-0.0,-0.0,-0.0,0.0,-0.0,-0.0,-0.0,-0.0,-0.0,-0.0,0.0,-0.0,-0.0,-0.0,-0.0,-0.0,-0.0,-0.0,-0.0,-0.0,-0.0,-0.0,-0.0,-0.0,-0.0,-0.0,-0.0,-0.0,0.0,-0.0,-0.0,-0.0,-0.0,-0.0,-0.0,-0.0,-0.0,-0.0,0.0,-0.0,-0.0,-0.0,-0.0,-0.0,-0.0,-0.0,-0.0,-0.0,-0.0,-0.0,-0.0,-0.0,-0.0
2017-06-01 20:17:00+02:00,-0.0,0.0,-0.0,-0.0,-0.0,-0.0,-0.0,-0.0,-0.0,-0.0,-0.0,-0.0,-0.0,-0.0,-0.0,-0.0,-0.0,-0.0,-0.0,-0.0,0.0,-0.0,-0.0,-0.0,-0.0,-0.0,-0.0,0.0,-0.0,-0.0,-0.0,-0.0,0.0,-0.0,-0.0,-0.0,-0.0,-0.0,0.0,-0.0,-0.0,-0.0,-0.0,0.0,-0.0,-0.0,-0.0,-0.0,-0.0,0.0,-0.0,-0.0,-0.0,-0.0,-0.0,0.0,-0.0,-0.0,0.0,-0.0,-0.0,-0.0,-0.0,0.0,-0.0,-0.0,-0.0,-0.0,0.0,-0.0,-0.0,-0.0,-0.0,-0.0,-0.0,0.0,-0.0,-0.0,-0.0,-0.0,-0.0,-0.0,-0.0,-0.0,-0.0,-0.0,-0.0,-0.0,-0.0,-0.0,-0.0,-0.0,-0.0,0.0,-0.0,-0.0,-0.0,-0.0,-0.0,-0.0,-0.0,-0.0,-0.0,0.0,-0.0,-0.0,-0.0,-0.0,-0.0,-0.0,-0.0,-0.0,-0.0,-0.0,-0.0,-0.0,-0.0,-0.0
2017-06-01 20:18:00+02:00,-0.0,0.0,-0.0,-0.0,-0.0,-0.0,-0.0,-0.0,-0.0,-0.0,-0.0,-0.0,-0.0,-0.0,-0.0,-0.0,-0.0,-0.0,-0.0,-0.0,0.0,-0.0,-0.0,-0.0,-0.0,-0.0,-0.0,0.0,-0.0,-0.0,-0.0,-0.0,0.0,-0.0,-0.0,-0.0,-0.0,-0.0,0.0,-0.0,-0.0,-0.0,-0.0,0.0,-0.0,-0.0,-0.0,-0.0,-0.0,0.0,-0.0,-0.0,-0.0,-0.0,-0.0,0.0,-0.0,-0.0,0.0,-0.0,-0.0,-0.0,-0.0,0.0,-0.0,-0.0,-0.0,-0.0,0.0,-0.0,-0.0,-0.0,-0.0,-0.0,-0.0,0.0,-0.0,-0.0,-0.0,-0.0,-0.0,-0.0,-0.0,-0.0,-0.0,-0.0,-0.0,-0.0,-0.0,-0.0,-0.0,-0.0,-0.0,0.0,-0.0,-0.0,-0.0,-0.0,-0.0,-0.0,-0.0,-0.0,-0.0,0.0,-0.0,-0.0,-0.0,-0.0,-0.0,-0.0,-0.0,-0.0,-0.0,-0.0,-0.0,-0.0,-0.0,-0.0
2017-06-01 20:19:00+02:00,-0.0,0.0,-0.0,-0.0,-0.0,-0.0,-0.0,-0.0,-0.0,-0.0,-0.0,-0.0,-0.0,-0.0,-0.0,-0.0,-0.0,-0.0,-0.0,-0.0,0.0,-0.0,-0.0,-0.0,-0.0,-0.0,-0.0,0.0,-0.0,-0.0,-0.0,-0.0,0.0,-0.0,-0.0,-0.0,-0.0,-0.0,0.0,-0.0,-0.0,-0.0,-0.0,0.0,-0.0,-0.0,-0.0,-0.0,-0.0,0.0,-0.0,-0.0,-0.0,-0.0,-0.0,0.0,-0.0,-0.0,0.0,-0.0,-0.0,-0.0,-0.0,0.0,-0.0,-0.0,-0.0,-0.0,0.0,-0.0,-0.0,-0.0,-0.0,-0.0,-0.0,0.0,-0.0,-0.0,-0.0,-0.0,-0.0,-0.0,-0.0,-0.0,-0.0,-0.0,-0.0,-0.0,-0.0,-0.0,-0.0,-0.0,-0.0,0.0,-0.0,-0.0,-0.0,-0.0,-0.0,-0.0,-0.0,-0.0,-0.0,0.0,-0.0,-0.0,-0.0,-0.0,-0.0,-0.0,-0.0,-0.0,-0.0,-0.0,-0.0,-0.0,-0.0,-0.0
2017-06-01 20:20:00+02:00,-0.0,0.0,-0.0,-0.0,-0.0,-0.0,-0.0,-0.0,-0.0,-0.0,-0.0,-0.0,-0.0,-0.0,-0.0,-0.0,-0.0,-0.0,-0.0,-0.0,0.0,-0.0,-0.0,-0.0,-0.0,-0.0,-0.0,0.0,-0.0,-0.0,-0.0,-0.0,0.0,-0.0,-0.0,-0.0,-0.0,-0.0,0.0,-0.0,-0.0,-0.0,-0.0,0.0,-0.0,-0.0,-0.0,-0.0,-0.0,0.0,-0.0,-0.0,-0.0,-0.0,-0.0,0.0,-0.0,-0.0,0.0,-0.0,-0.0,-0.0,-0.0,0.0,-0.0,-0.0,-0.0,-0.0,0.0,-0.0,-0.0,-0.0,-0.0,-0.0,-0.0,0.0,-0.0,-0.0,-0.0,-0.0,-0.0,-0.0,-0.0,-0.0,-0.0,-0.0,-0.0,-0.0,-0.0,-0.0,-0.0,-0.0,-0.0,0.0,-0.0,-0.0,-0.0,-0.0,-0.0,-0.0,-0.0,-0.0,-0.0,0.0,-0.0,-0.0,-0.0,-0.0,-0.0,-0.0,-0.0,-0.0,-0.0,-0.0,-0.0,-0.0,-0.0,-0.0
2017-06-01 20:21:00+02:00,-0.0,0.0,-0.0,-0.0,-0.0,-0.0,-0.0,-0.0,-0.0,-0.0,-0.0,-0.0,-0.0,-0.0,-0.0,-0.0,-0.0,-0.0,-0.0,-0.0,0.0,-0.0,-0.0,-0.0,-0.0,-0.0,-0.0,0.0,-0.0,-0.0,-0.0,-0.0,0.0,-0.0,-0.0,-0.0,-0.0,-0.0,0.0,-0.0,-0.0,-0.0,-0.0,0.0,-0.0,-0.0,-0.0,-0.0,-0.0,0.0,-0.0,-0.0,-0.0,-0.0,-0.0,0.0,-0.0,-0.0,0.0,-0.0,-0.0,-0.0,-0.0,0.0,-0.0,-0.0,-0.0,-0.0,0.0,-0.0,-0.0,-0.0,-0.0,-0.0,-0.0,0.0,-0.0,-0.0,-0.0,-0.0,-0.0,-0.0,-0.0,-0.0,-0.0,-0.0,-0.0,-0.0,-0.0,-0.0,-0.0,-0.0,-0.0,0.0,-0.0,-0.0,-0.0,-0.0,-0.0,-0.0,-0.0,-0.0,-0.0,0.0,-0.0,-0.0,-0.0,-0.0,-0.0,-0.0,-0.0,-0.0,-0.0,-0.0,-0.0,-0.0,-0.0,-0.0
2017-06-01 20:22:00+02:00,-0.0,0.0,-0.0,-0.0,-0.0,-0.0,-0.0,-0.0,-0.0,-0.0,-0.0,-0.0,-0.0,-0.0,-0.0,-0.0,-0.0,-0.0,-0.0,-0.0,0.0,-0.0,-0.0,-0.0,-0.0,-0.0,-0.0,0.0,-0.0,-0.0,-0.0,-0.0,0.0,-0.0,-0.0,-0.0,-0.0,-0.0,0.0,-0.0,-0.0,-0.0,-0.0,0.0,-0.0,-0.0,-0.0,-0.0,-0.0,0.0,-0.0,-0.0,-0.0,-0.0,-0.0,0.0,-0.0,-0.0,0.0,-0.0,-0.0,-0.0,-0.0,0.0,-0.0,-0.0,-0.0,-0.0,0.0,-0.0,-0.0,-0.0,-0.0,-0.0,-0.0,0.0,-0.0,-0.0,-0.0,-0.0,-0.0,-0.0,-0.0,-0.0,-0.0,-0.0,-0.0,-0.0,-0.0,-0.0,-0.0,-0.0,-0.0,0.0,-0.0,-0.0,-0.0,-0.0,-0.0,-0.0,-0.0,-0.0,-0.0,0.0,-0.0,-0.0,-0.0,-0.0,-0.0,-0.0,-0.0,-0.0,-0.0,-0.0,-0.0,-0.0,-0.0,-0.0
2017-06-01 20:23:00+02:00,-0.0,0.0,-0.0,-0.0,-0.0,-0.0,-0.0,-0.0,-0.0,-0.0,-0.0,-0.0,-0.0,-0.0,-0.0,-0.0,-0.0,-0.0,-0.0,-0.0,0.0,-0.0,-0.0,-0.0,-0.0,-0.0,-0.0,0.0,-0.0,-0.0,-0.0,-0.0,0.0,-0.0,-0.0,-0.0,-0.0,-0.0,0.0,-0.0,-0.0,-0.0,-0.0,0.0,-0.0,-0.0,-0.0,-0.0,-0.0,0.0,-0.0,-0.0,-0.0,-0.0,-0.0,0.0,-0.0,-0.0,0.0,-0.0,-0.0,-0.0,-0.0,0.0,-0.0,-0.0,-0.0,-0.0,0.0,-0.0,-0.0,-0.0,-0.0,-0.0,-0.0,0.0,-0.0,-0.0,-0.0,-0.0,-0.0,-0.0,-0.0,-0.0,-0.0,-0.0,-0.0,-0.0,-0.0,-0.0,-0.0,-0.0,-0.0,0.0,-0.0,-0.0,-0.0,-0.0,-0.0,-0.0,-0.0,-0.0,-0.0,0.0,-0.0,-0.0,-0.0,-0.0,-0.0,-0.0,-0.0,-0.0,-0.0,-0.0,-0.0,-0.0,-0.0,-0.0
2017-06-01 20:24:00+02:00,-0.0,0.0,-0.0,-0.0,-0.0,-0.0,-0.0,-0.0,-0.0,-0.0,-0.0,-0.0,-0.0,-0.0,-0.0,-0.0,-0.0,-0.0,-0.0,-0.0,0.0,-0.0,-0.0,-0.0,-0.0,-0.0,-0.0,0.0,-0.0,-0.0,-0.0,-0.0,0.0,-0.0,-0.0,-0.0,-0.0,-0.0,0.0,-0.0,-0.0,-0.0,-0.0,0.0,-0.0,-0.0,-0.0,-0.0,-0.0,0.0,-0.0,-0.0,-0.0,-0.0,-0.0,0.0,-0.0,-0.0,0.0,-0.0,-0.0,-0.0,-0.0,0.0,-0.0,-0.0,-0.0,-0.0,0.0,-0.0,-0.0,-0.0,-0.0,-0.0,-0.0,0.0,-0.0,-0.0,-0.0,-0.0,-0.0,-0.0,-0.0,-0.0,-0.0,-0.0,-0.0,-0.0,-0.0,-0.0,-0.0,-0.0,-0.0,0.0,-0.0,-0.0,-0.0,-0.0,-0.0,-0.0,-0.0,-0.0,-0.0,0.0,-0.0,-0.0,-0.0,-0.0,-0.0,-0.0,-0.0,-0.0,-0.0,-0.0,-0.0,-0.0,-0.0,-0.0
2017-06-01 20:25:00+02:00,-0.0,0.0,-0.0,-0.0,-0.0,-0.0,-0.0,-0.0,-0.0,-0.0,-0.0,-0.0,-0.0,-0.0,-0.0,-0.0,-0.0,-0.0,-0.0,-0.0,0.0,-0.0,-0.0,-0.0,-0.0,-0.0,-0.0,0.0,-0.0,-0.0,-0.0,-0.0,0.0,-0.0,-0.0,-0.0,-0.0,-0.0,0.0,-0.0,-0.0,-0.0,-0.0,0.0,-0.0,-0.0,-0.0,-0.0,-0.0,0.0,-0.0,-0.0,-0.0,-0.0,-0.0,0.0,-0.0,-0.0,0.0,-0.0,-0.0,-0.0,-0.0,0.0,-0.0,-0.0,-0.0,-0.0,0.0,-0.0,-0.0,-0.0,-0.0,-0.0,-0.0,0.0,-0.0,-0.0,-0.0,-0.0,-0.0,-0.0,-0.0,-0.0,-0.0,-0.0,-0.0,-0.0,-0.0,-0.0,-0.0,-0.0,-0.0,0.0,-0.0,-0.0,-0.0,-0.0,-0.0,-0.0,-0.0,-0.0,-0.0,0.0,-0.0,-0.0,-0.0,-0.0,-0.0,-0.0,-0.0,-0.0,-0.0,-0.0,-0.0,-0.0,-0.0,-0.0
2017-06-01 20:26:00+02:00,-0.0,0.0,-0.0,-0.0,-0.0,-0.0,-0.0,-0.0,-0.0,-0.0,-0.0,-0.0,-0.0,-0.0,-0.0,-0.0,-0.0,-0.0,-0.0,-0.0,0.0,-0.0,-0.0,-0.0,-0.0,-0.0,-0.0,0.0,-0.0,-0.0,-0.0,-0.0,0.0,-0.0,-0.0,-0.0,-0.0,-0.0,0.0,-0.0,-0.0,-0.0,-0.0,0.0,-0.0,-0.0,-0.0,-0.0,-0.0,0.0,-0.0,-0.0,-0.0,-0.0,-0.0,0.0,-0.0,-0.0,0.0,-0.0,-0.0,-0.0,-0.0,0.0,-0.0,-0.0,-0.0,-0.0,0.0,-0.0,-0.0,-0.0,-0.0,-0.0,-0.0,0.0,-0.0,-0.0,-0.0,-0.0,-0.0,-0.0,-0.0,-0.0,-0.0,-0.0,-0.0,-0.0,-0.0,-0.0,-0.0,-0.0,-0.0,0.0,-0.0,-0.0,-0.0,-0.0,-0.0,-0.0,-0.0,-0.0,-0.0,0.0,-0.0,-0.0,-0.0,-0.0,-0.0,-0.0,-0.0,-0.0,-0.0,-0.0,-0.0,-0.0,-0.0,-0.0
2017-06-01 20:27:00+02:00,-0.0,0.0,-0.0,-0.0,-0.0,-0.0,-0.0,-0.0,-0.0,-0.0,-0.0,-0.0,-0.0,-0.0,-0.0,-0.0,-0.0,-0.0,-0.0,-0.0,0.0,-0.0,-0.0,-0.0,-0.0,-0.0,-0.0,0.0,-0.0,-0.0,-0.0,-0.0,0.0,-0.0,-0.0,-0.0,-0.0,-0.0,0.0,-0.0,-0.0,-0.0,-0.0,0.0,-0.0,-0.0,-0.0,-0.0,-0.0,0.0,-0.0,-0.0,-0.0,-0.0,-0.0,0.0,-0.0,-0.0,0.0,-0.0,-0.0,-0.0,-0.0,0.0,-0.0,-0.0,-0.0,-0.0,0.0,-0.0,-0.0,-0.0,-0.0,-0.0,-0.0,0.0,-0.0,-0.0,-0.0,-0.0,-0.0,-0.0,-0.0,-0.0,-0.0,-0.0,-0.0,-0.0,-0.0,-0.0,-0.0,-0.0,-0.0,0.0,-0.0,-0.0,-0.0,-0.0,-0.0,-0.0,-0.0,-0.0,-0.0,0.0,-0.0,-0.0,-0.0,-0.0,-0.0,-0.0,-0.0,-0.0,-0.0,-0.0,-0.0,-0.0,-0.0,-0.0
2017-06-01 20:28:00+02:00,-0.0,0.0,-0.0,-0.0,-0.0,-0.0,-0.0,-0.0,-0.0,-0.0,-0.0,-0.0,-0.0,-0.0,-0.0,-0.0,-0.0,-0.0,-0.0,-0.0,0.0,-0.0,-0.0,-0.0,-0.0,-0.0,-0.0,0.0,-0.0,-0.0,-0.0,-0.0,0.0,-0.0,-0.0,-0.0,-0.0,-0.0,0.0,-0.0,-0.0,-0.0,-0.0,0.0,-0.0,-0.0,-0.0,-0.0,-0.0,0.0,-0.0,-0.0,-0.0,-0.0,-0.0,0.0,-0.0,-0.0,0.0,-0.0,-0.0,-0.0,-0.0,0.0,-0.0,-0.0,-0.0,-0.0,0.0,-0.0,-0.0,-0.0,-0.0,-0.0,-0.0,0.0,-0.0,-0.0,-0.0,-0.0,-0.0,-0.0,-0.0,-0.0,-0.0,-0.0,-0.0,-0.0,-0.0,-0.0,-0.0,-0.0,-0.0,0.0,-0.0,-0.0,-0.0,-0.0,-0.0,-0.0,-0.0,-0.0,-0.0,0.0,-0.0,-0.0,-0.0,-0.0,-0.0,-0.0,-0.0,-0.0,-0.0,-0.0,-0.0,-0.0,-0.0,-0.0
2017-06-01 20:29:00+02:00,-0.0,0.0,-0.0,-0.0,-0.0,-0.0,-0.0,-0.0,-0.0,-0.0,-0.0,-0.0,-0.0,-0.0,-0.0,-0.0,-0.0,-0.0,-0.0,-0.0,0.0,-0.0,-0.0,-0.0,-0.0,-0.0,-0.0,0.0,-0.0,-0.0,-0.0,-0.0,0.0,-0.0,-0.0,-0.0,-0.0,-0.0,0.0,-0.0,-0.0,-0.0,-0.0,0.0,-0.0,-0.0,-0.0,-0.0,-0.0,0.0,-0.0,-0.0,-0.0,-0.0,-0.0,0.0,-0.0,-0.0,0.0,-0.0,-0.0,-0.0,-0.0,0.0,-0.0,-0.0,-0.0,-0.0,0.0,-0.0,-0.0,-0.0,-0.0,-0.0,-0.0,0.0,-0.0,-0.0,-0.0,-0.0,-0.0,-0.0,-0.0,-0.0,-0.0,-0.0,-0.0,-0.0,-0.0,-0.0,-0.0,-0.0,-0.0,0.0,-0.0,-0.0,-0.0,-0.0,-0.0,-0.0,-0.0,-0.0,-0.0,0.0,-0.0,-0.0,-0.0,-0.0,-0.0,-0.0,-0.0,-0.0,-0.0,-0.0,-0.0,-0.0,-0.0,-0.0
2017-06-01 20:30:00+02:00,-0.0,0.0,-0.0,-0.0,-0.0,-0.0,-0.0,-0.0,-0.0,-0.0,-0.0,-0.0,-0.0,-0.0,-0.0,-0.0,-0.0,-0.0,-0.0,-0.0,0.0,-0.0,-0.0,-0.0,-0.0,-0.0,-0.0,0.0,-0.0,-0.0,-0.0,-0.0,0.0,-0.0,-0.0,-0.0,-0.0,-0.0,0.0,-0.0,-0.0,-0.0,-0.0,0.0,-0.0,-0.0,-0.0,-0.0,-0.0,0.0,-0.0,-0.0,-0.0,-0.0,-0.0,0.0,-0.0,-0.0,0.0,-0.0,-0.0,-0.0,-0.0,0.0,-0.0,-0.0,-0.0,-0.0,0.0,-0.0,-0.0,-0.0,-0.0,-0.0,-0.0,0.0,-0.0,-0.0,-0.0,-0.0,-0.0,-0.0,-0.0,-0.0,-0.0,-0.0,-0.0,-0.0,-0.0,-0.0,-0.0,-0.0,-0.0,0.0,-0.0,-0.0,-0.0,-0.0,-0.0,-0.0,-0.0,-0.0,-0.0,0.0,-0.0,-0.0,-0.0,-0.0,-0.0,-0.0,-0.0,-0.0,-0.0,-0.0,-0.0,-0.0,-0.0,-0.0
2017-06-01 20:31:00+02:00,-0.0,0.0,-0.0,-0.0,-0.0,-0.0,-0.0,-0.0,-0.0,-0.0,-0.0,-0.0,-0.0,-0.0,-0.0,-0.0,-0.0,-0.0,-0.0,-0.0,0.0,-0.0,-0.0,-0.0,-0.0,-0.0,-0.0,0.0,-0.0,-0.0,-0.0,-0.0,0.0,-0.0,-0.0,-0.0,-0.0,-0.0,0.0,-0.0,-0.0,-0.0,-0.0,0.0,-0.0,-0.0,-0.0,-0.0,-0.0,0.0,-0.0,-0.0,-0.0,-0.0,-0.0,0.0,-0.0,-0.0,0.0,-0.0,-0.0,-0.0,-0.0,0.0,-0.0,-0.0,-0.0,-0.0,0.0,-0.0,-0.0,-0.0,-0.0,-0.0,-0.0,0.0,-0.0,-0.0,-0.0,-0.0,-0.0,-0.0,-0.0,-0.0,-0.0,-0.0,-0.0,-0.0,-0.0,-0.0,-0.0,-0.0,-0.0,0.0,-0.0,-0.0,-0.0,-0.0,-0.0,-0.0,-0.0,-0.0,-0.0,0.0,-0.0,-0.0,-0.0,-0.0,-0.0,-0.0,-0.0,-0.0,-0.0,-0.0,-0.0,-0.0,-0.0,-0.0
2017-06-01 20:32:00+02:00,-0.0,0.0,-0.0,-0.0,-0.0,-0.0,-0.0,-0.0,-0.0,-0.0,-0.0,-0.0,-0.0,-0.0,-0.0,-0.0,-0.0,-0.0,-0.0,-0.0,0.0,-0.0,-0.0,-0.0,-0.0,-0.0,-0.0,0.0,-0.0,-0.0,-0.0,-0.0,0.0,-0.0,-0.0,-0.0,-0.0,-0.0,0.0,-0.0,-0.0,-0.0,-0.0,0.0,-0.0,-0.0,-0.0,-0.0,-0.0,0.0,-0.0,-0.0,-0.0,-0.0,-0.0,0.0,-0.0,-0.0,0.0,-0.0,-0.0,-0.0,-0.0,0.0,-0.0,-0.0,-0.0,-0.0,0.0,-0.0,-0.0,-0.0,-0.0,-0.0,-0.0,0.0,-0.0,-0.0,-0.0,-0.0,-0.0,-0.0,-0.0,-0.0,-0.0,-0.0,-0.0,-0.0,-0.0,-0.0,-0.0,-0.0,-0.0,0.0,-0.0,-0.0,-0.0,-0.0,-0.0,-0.0,-0.0,-0.0,-0.0,0.0,-0.0,-0.0,-0.0,-0.0,-0.0,-0.0,-0.0,-0.0,-0.0,-0.0,-0.0,-0.0,-0.0,-0.0
2017-06-01 20:33:00+02:00,-0.0,0.0,-0.0,-0.0,-0.0,-0.0,-0.0,-0.0,-0.0,-0.0,-0.0,-0.0,-0.0,-0.0,-0.0,-0.0,-0.0,-0.0,-0.0,-0.0,0.0,-0.0,-0.0,-0.0,-0.0,-0.0,-0.0,0.0,-0.0,-0.0,-0.0,-0.0,0.0,-0.0,-0.0,-0.0,-0.0,-0.0,0.0,-0.0,-0.0,-0.0,-0.0,0.0,-0.0,-0.0,-0.0,-0.0,-0.0,0.0,-0.0,-0.0,-0.0,-0.0,-0.0,0.0,-0.0,-0.0,0.0,-0.0,-0.0,-0.0,-0.0,0.0,-0.0,-0.0,-0.0,-0.0,0.0,-0.0,-0.0,-0.0,-0.0,-0.0,-0.0,0.0,-0.0,-0.0,-0.0,-0.0,-0.0,-0.0,-0.0,-0.0,-0.0,-0.0,-0.0,-0.0,-0.0,-0.0,-0.0,-0.0,-0.0,0.0,-0.0,-0.0,-0.0,-0.0,-0.0,-0.0,-0.0,-0.0,-0.0,0.0,-0.0,-0.0,-0.0,-0.0,-0.0,-0.0,-0.0,-0.0,-0.0,-0.0,-0.0,-0.0,-0.0,-0.0
2017-06-01 20:34:00+02:00,-0.0,0.0,-0.0,-0.0,-0.0,-0.0,-0.0,-0.0,-0.0,-0.0,-0.0,-0.0,-0.0,-0.0,-0.0,-0.0,-0.0,-0.0,-0.0,-0.0,0.0,-0.0,-0.0,-0.0,-0.0,-0.0,-0.0,0.0,-0.0,-0.0,-0.0,-0.0,0.0,-0.0,-0.0,-0.0,-0.0,-0.0,0.0,-0.0,-0.0,-0.0,-0.0,0.0,-0.0,-0.0,-0.0,-0.0,-0.0,0.0,-0.0,-0.0,-0.0,-0.0,-0.0,0.0,-0.0,-0.0,0.0,-0.0,-0.0,-0.0,-0.0,0.0,-0.0,-0.0,-0.0,-0.0,0.0,-0.0,-0.0,-0.0,-0.0,-0.0,-0.0,0.0,-0.0,-0.0,-0.0,-0.0,-0.0,-0.0,-0.0,-0.0,-0.0,-0.0,-0.0,-0.0,-0.0,-0.0,-0.0,-0.0,-0.0,0.0,-0.0,-0.0,-0.0,-0.0,-0.0,-0.0,-0.0,-0.0,-0.0,0.0,-0.0,-0.0,-0.0,-0.0,-0.0,-0.0,-0.0,-0.0,-0.0,-0.0,-0.0,-0.0,-0.0,-0.0
2017-06-01 20:35:00+02:00,-0.0,0.0,-0.0,-0.0,-0.0,-0.0,-0.0,-0.0,-0.0,-0.0,-0.0,-0.0,-0.0,-0.0,-0.0,-0.0,-0.0,-0.0,-0.0,-0.0,0.0,-0.0,-0.0,-0.0,-0.0,-0.0,-0.0,0.0,-0.0,-0.0,-0.0,-0.0,0.0,-0.0,-0.0,-0.0,-0.0,-0.0,0.0,-0.0,-0.0,-0.0,-0.0,0.0,-0.0,-0.0,-0.0,-0.0,-0.0,0.0,-0.0,-0.0,-0.0,-0.0,-0.0,0.0,-0.0,-0.0,0.0,-0.0,-0.0,-0.0,-0.0,0.0,-0.0,-0.0,-0.0,-0.0,0.0,-0.0,-0.0,-0.0,-0.0,-0.0,-0.0,0.0,-0.0,-0.0,-0.0,-0.0,-0.0,-0.0,-0.0,-0.0,-0.0,-0.0,-0.0,-0.0,-0.0,-0.0,-0.0,-0.0,-0.0,0.0,-0.0,-0.0,-0.0,-0.0,-0.0,-0.0,-0.0,-0.0,-0.0,0.0,-0.0,-0.0,-0.0,-0.0,-0.0,-0.0,-0.0,-0.0,-0.0,-0.0,-0.0,-0.0,-0.0,-0.0
2017-06-01 20:36:00+02:00,-0.0,0.0,-0.0,-0.0,-0.0,-0.0,-0.0,-0.0,-0.0,-0.0,-0.0,-0.0,-0.0,-0.0,-0.0,-0.0,-0.0,-0.0,-0.0,-0.0,0.0,-0.0,-0.0,-0.0,-0.0,-0.0,-0.0,0.0,-0.0,-0.0,-0.0,-0.0,0.0,-0.0,-0.0,-0.0,-0.0,-0.0,0.0,-0.0,-0.0,-0.0,-0.0,0.0,-0.0,-0.0,-0.0,-0.0,-0.0,0.0,-0.0,-0.0,-0.0,-0.0,-0.0,0.0,-0.0,-0.0,0.0,-0.0,-0.0,-0.0,-0.0,0.0,-0.0,-0.0,-0.0,-0.0,0.0,-0.0,-0.0,-0.0,-0.0,-0.0,-0.0,0.0,-0.0,-0.0,-0.0,-0.0,-0.0,-0.0,-0.0,-0.0,-0.0,-0.0,-0.0,-0.0,-0.0,-0.0,-0.0,-0.0,-0.0,0.0,-0.0,-0.0,-0.0,-0.0,-0.0,-0.0,-0.0,-0.0,-0.0,0.0,-0.0,-0.0,-0.0,-0.0,-0.0,-0.0,-0.0,-0.0,-0.0,-0.0,-0.0,-0.0,-0.0,-0.0
2017-06-01 20:37:00+02:00,-0.0,0.0,-0.0,-0.0,-0.0,-0.0,-0.0,-0.0,-0.0,-0.0,-0.0,-0.0,-0.0,-0.0,-0.0,-0.0,-0.0,-0.0,-0.0,-0.0,0.0,-0.0,-0.0,-0.0,-0.0,-0.0,-0.0,0.0,-0.0,-0.0,-0.0,-0.0,0.0,-0.0,-0.0,-0.0,-0.0,-0.0,0.0,-0.0,-0.0,-0.0,-0.0,0.0,-0.0,-0.0,-0.0,-0.0,-0.0,0.0,-0.0,-0.0,-0.0,-0.0,-0.0,0.0,-0.0,-0.0,0.0,-0.0,-0.0,-0.0,-0.0,0.0,-0.0,-0.0,-0.0,-0.0,0.0,-0.0,-0.0,-0.0,-0.0,-0.0,-0.0,0.0,-0.0,-0.0,-0.0,-0.0,-0.0,-0.0,-0.0,-0.0,-0.0,-0.0,-0.0,-0.0,-0.0,-0.0,-0.0,-0.0,-0.0,0.0,-0.0,-0.0,-0.0,-0.0,-0.0,-0.0,-0.0,-0.0,-0.0,0.0,-0.0,-0.0,-0.0,-0.0,-0.0,-0.0,-0.0,-0.0,-0.0,-0.0,-0.0,-0.0,-0.0,-0.0
2017-06-01 20:38:00+02:00,-0.0,0.0,-0.0,-0.0,-0.0,-0.0,-0.0,-0.0,-0.0,-0.0,-0.0,-0.0,-0.0,-0.0,-0.0,-0.0,-0.0,-0.0,-0.0,-0.0,0.0,-0.0,-0.0,-0.0,-0.0,-0.0,-0.0,0.0,-0.0,-0.0,-0.0,-0.0,0.0,-0.0,-0.0,-0.0,-0.0,-0.0,0.0,-0.0,-0.0,-0.0,-0.0,0.0,-0.0,-0.0,-0.0,-0.0,-0.0,0.0,-0.0,-0.0,-0.0,-0.0,-0.0,0.0,-0.0,-0.0,0.0,-0.0,-0.0,-0.0,-0.0,0.0,-0.0,-0.0,-0.0,-0.0,0.0,-0.0,-0.0,-0.0,-0.0,-0.0,-0.0,0.0,-0.0,-0.0,-0.0,-0.0,-0.0,-0.0,-0.0,-0.0,-0.0,-0.0,-0.0,-0.0,-0.0,-0.0,-0.0,-0.0,-0.0,0.0,-0.0,-0.0,-0.0,-0.0,-0.0,-0.0,-0.0,-0.0,-0.0,0.0,-0.0,-0.0,-0.0,-0.0,-0.0,-0.0,-0.0,-0.0,-0.0,-0.0,-0.0,-0.0,-0.0,-0.0
2017-06-01 20:39:00+02:00,-0.0,0.0,-0.0,-0.0,-0.0,-0.0,-0.0,-0.0,-0.0,-0.0,-0.0,-0.0,-0.0,-0.0,-0.0,-0.0,-0.0,-0.0,-0.0,-0.0,0.0,-0.0,-0.0,-0.0,-0.0,-0.0,-0.0,0.0,-0.0,-0.0,-0.0,-0.0,0.0,-0.0,-0.0,-0.0,-0.0,-0.0,0.0,-0.0,-0.0,-0.0,-0.0,0.0,-0.0,-0.0,-0.0,-0.0,-0.0,0.0,-0.0,-0.0,-0.0,-0.0,-0.0,0.0,-0.0,-0.0,0.0,-0.0,-0.0,-0.0,-0.0,0.0,-0.0,-0.0,-0.0,-0.0,0.0,-0.0,-0.0,-0.0,-0.0,-0.0,-0.0,0.0,-0.0,-0.0,-0.0,-0.0,-0.0,-0.0,-0.0,-0.0,-0.0,-0.0,-0.0,-0.0,-0.0,-0.0,-0.0,-0.0,-0.0,0.0,-0.0,-0.0,-0.0,-0.0,-0.0,-0.0,-0.0,-0.0,-0.0,0.0,-0.0,-0.0,-0.0,-0.0,-0.0,-0.0,-0.0,-0.0,-0.0,-0.0,-0.0,-0.0,-0.0,-0.0
2017-06-01 20:40:00+02:00,-0.0,0.0,-0.0,-0.0,-0.0,-0.0,-0.0,-0.0,-0.0,-0.0,-0.0,-0.0,-0.0,-0.0,-0.0,-0.0,-0.0,-0.0,-0.0,-0.0,0.0,-0.0,-0.0,-0.0,-0.0,-0.0,-0.0,0.0,-0.0,-0.0,-0.0,-0.0,0.0,-0.0,-0.0,-0.0,-0.0,-0.0,0.0,-0.0,-0.0,-0.0,-0.0,0.0,-0.0,-0.0,-0.0,-0.0,-0.0,0.0,-0.0,-0.0,-0.0,-0.0,-0.0,0.0,-0.0,-0.0,0.0,-0.0,-0.0,-0.0,-0.0,0.0,-0.0,-0.0,-0.0,-0.0,0.0,-0.0,-0.0,-0.0,-0.0,-0.0,-0.0,0.0,-0.0,-0.0,-0.0,-0.0,-0.0,-0.0,-0.0,-0.0,-0.0,-0.0,-0.0,-0.0,-0.0,-0.0,-0.0,-0.0,-0.0,0.0,-0.0,-0.0,-0.0,-0.0,-0.0,-0.0,-0.0,-0.0,-0.0,0.0,-0.0,-0.0,-0.0,-0.0,-0.0,-0.0,-0.0,-0.0,-0.0,-0.0,-0.0,-0.0,-0.0,-0.0
2017-06-01 20:41:00+02:00,-0.0,0.0,-0.0,-0.0,-0.0,-0.0,-0.0,-0.0,-0.0,-0.0,-0.0,-0.0,0.0,-0.0,-0.0,-0.0,-0.0,-0.0,-0.0,-0.0,0.0,-0.0,-0.0,-0.0,-0.0,-0.0,-0.0,0.0,-0.0,-0.0,-0.0,-0.0,0.0,-0.0,-0.0,-0.0,-0.0,-0.0,0.0,-0.0,-0.0,-0.0,-0.0,0.0,-0.0,-0.0,-0.0,-0.0,-0.0,0.0,-0.0,-0.0,-0.0,0.0,-0.0,0.0,-0.0,-0.0,0.0,-0.0,-0.0,-0.0,-0.0,0.0,-0.0,-0.0,-0.0,-0.0,0.0,-0.0,-0.0,-0.0,-0.0,-0.0,-0.0,0.0,-0.0,-0.0,-0.0,-0.0,-0.0,-0.0,-0.0,-0.0,-0.0,-0.0,-0.0,-0.0,-0.0,-0.0,-0.0,-0.0,-0.0,0.0,-0.0,-0.0,-0.0,-0.0,-0.0,-0.0,-0.0,-0.0,-0.0,0.0,-0.0,0.0,-0.0,-0.0,-0.0,-0.0,-0.0,-0.0,-0.0,-0.0,-0.0,-0.0,-0.0,-0.0
2017-06-01 20:42:00+02:00,-0.0,0.0,-0.0,-0.0,-0.0,-0.0,-0.0,-0.0,-0.0,-0.0,-0.0,-0.0,0.0,-0.0,-0.0,-0.0,-0.0,-0.0,-0.0,-0.0,0.0,-0.0,-0.0,-0.0,-0.0,-0.0,-0.0,0.0,-0.0,-0.0,-0.0,-0.0,0.0,-0.0,-0.0,-0.0,-0.0,-0.0,0.0,-0.0,-0.0,-0.0,-0.0,0.0,-0.0,-0.0,-0.0,-0.0,-0.0,0.0,-0.0,-0.0,-0.0,0.0,-0.0,0.0,-0.0,-0.0,0.0,-0.0,-0.0,-0.0,-0.0,0.0,-0.0,-0.0,-0.0,-0.0,0.0,-0.0,-0.0,-0.0,-0.0,-0.0,-0.0,0.0,-0.0,-0.0,-0.0,-0.0,-0.0,-0.0,-0.0,-0.0,-0.0,-0.0,0.0,-0.0,-0.0,-0.0,-0.0,-0.0,0.0,0.0,-0.0,-0.0,-0.0,-0.0,-0.0,-0.0,-0.0,-0.0,-0.0,0.0,-0.0,2e-06,0.0,-0.0,-0.0,-0.0,-0.0,-0.0,-0.0,-0.0,-0.0,-0.0,-0.0,0.0
2017-06-01 20:43:00+02:00,-0.0,0.0,-0.0,-0.0,-0.0,-0.0,-0.0,-0.0,-0.0,-0.0,-0.0,-0.0,0.0,0.0,-0.0,-0.0,-0.0,-0.0,-0.0,-0.0,0.0,-0.0,-0.0,-0.0,-0.0,-0.0,-0.0,0.0,-0.0,-0.0,-0.0,-0.0,0.0,-0.0,-0.0,-0.0,-0.0,-0.0,0.0,-0.0,-0.0,-0.0,-0.0,0.0,-0.0,-0.0,-0.0,-0.0,-0.0,0.0,-0.0,-0.0,-0.0,0.0,-0.0,0.0,-0.0,-0.0,0.0,-0.0,-0.0,-0.0,-0.0,0.0,-0.0,-0.0,-0.0,-0.0,0.0,-0.0,-0.0,-0.0,-0.0,-0.0,-0.0,0.0,-0.0,-0.0,-0.0,-0.0,-0.0,-0.0,-0.0,-0.0,-0.0,-0.0,0.0,-0.0,-0.0,-0.0,-0.0,-0.0,0.0,0.0,-0.0,-0.0,-0.0,-0.0,-0.0,-0.0,-0.0,-0.0,-0.0,0.0,-0.0,2e-06,0.0,-0.0,-0.0,-0.0,-0.0,-0.0,-0.0,-0.0,-0.0,-0.0,-0.0,0.0
2017-06-01 20:44:00+02:00,-0.0,0.0,-0.0,-0.0,-0.0,-0.0,-0.0,-0.0,0.0,-0.0,-0.0,-0.0,0.0,0.0,-0.0,-0.0,-0.0,-0.0,-0.0,-0.0,0.0,-0.0,-0.0,-0.0,0.0,-0.0,-0.0,0.0,-0.0,-0.0,-0.0,0.0,0.0,0.0,0.0,-0.0,-0.0,-0.0,0.0,0.0,-0.0,-0.0,-0.0,0.0,-0.0,-0.0,-0.0,-0.0,-0.0,0.0,-0.0,-0.0,-0.0,0.0,-0.0,0.0,-0.0,-0.0,0.0,-0.0,-0.0,0.0,-0.0,0.0,-0.0,-0.0,-0.0,-0.0,0.0,-0.0,-0.0,-0.0,-0.0,-0.0,0.0,0.0,-0.0,-0.0,-0.0,-0.0,-0.0,-0.0,-0.0,0.0,-0.0,-0.0,0.0,-0.0,-0.0,-0.0,-0.0,-0.0,0.0,0.0,-0.0,-0.0,-0.0,-0.0,-0.0,0.0,-0.0,-0.0,-0.0,0.0,-0.0,2e-06,0.0,-0.0,-0.0,-0.0,-0.0,-0.0,-0.0,-0.0,-0.0,-0.0,-0.0,0.0
2017-06-01 20:45:00+02:00,-0.0,0.0,-0.0,-0.0,-0.0,-0.0,-0.0,-0.0,0.0,-0.0,-0.0,-0.0,0.0,0.0,-0.0,-0.0,-0.0,-0.0,-0.0,-0.0,0.0,-0.0,-0.0,-0.0,0.0,-0.0,-0.0,0.0,-0.0,-0.0,-0.0,0.0,0.0,0.0,0.0,-0.0,-0.0,-0.0,0.0,0.0,-0.0,-0.0,-0.0,0.0,-0.0,-0.0,-0.0,-0.0,-0.0,0.0,-0.0,-0.0,-0.0,0.0,-0.0,0.0,-0.0,-0.0,0.0,-0.0,-0.0,0.0,-0.0,0.0,-0.0,-0.0,-0.0,-0.0,0.0,-0.0,-0.0,-0.0,-0.0,-0.0,0.0,0.0,-0.0,-0.0,-0.0,-0.0,-0.0,-0.0,-0.0,0.0,-0.0,-0.0,0.0,-0.0,-0.0,-0.0,-0.0,-0.0,0.0,0.0,-0.0,-0.0,-0.0,-0.0,-0.0,0.0,-0.0,-0.0,-0.0,0.0,-0.0,2e-06,0.0,-0.0,-0.0,-0.0,-0.0,-0.0,-0.0,-0.0,-0.0,-0.0,-0.0,0.0
2017-06-01 20:46:00+02:00,0.0,0.0,-0.0,-0.0,-0.0,-0.0,0.0,0.0,0.0,0.0,0.0,0.0,0.0,0.0,0.0,-0.0,-0.0,-0.0,-0.0,-0.0,0.0,-0.0,-0.0,-0.0,0.0,-0.0,0.0,0.0,0.0,0.0,0.0,0.0,0.0,0.0,0.0,-0.0,-0.0,-0.0,0.0,0.0,0.0,-0.0,-0.0,0.0,-0.0,-0.0,0.0,0.0,0.0,0.0,0.0,0.0,0.0,0.0,0.0,0.0,-0.0,-0.0,0.0,-0.0,0.0,0.0,-0.0,0.0,-0.0,-0.0,0.0,0.0,0.0,0.0,0.0,0.0,0.0,0.0,0.0,0.0,-0.0,-0.0,-0.0,-0.0,0.0,-0.0,-0.0,0.0,-0.0,-0.0,0.0,0.0,0.0,0.0,0.0,0.0,0.0,0.0,0.0,-0.0,-0.0,-0.0,-0.0,0.0,0.0,-0.0,0.0,0.0,0.0,2e-06,0.0,-0.0,-0.0,-0.0,0.0,0.0,0.0,-0.0,-0.0,-0.0,-0.0,0.0
2017-06-01 20:47:00+02:00,0.0,0.0,-0.0,-0.0,-0.0,-0.0,0.0,0.0,0.0,0.0,0.0,0.0,0.0,0.0,0.0,-0.0,0.0,-0.0,-0.0,-0.0,0.0,-0.0,-0.0,-0.0,0.0,-0.0,0.0,0.0,0.0,0.0,0.0,0.0,0.0,0.0,0.0,-0.0,0.0,-0.0,0.0,0.0,0.0,-0.0,-0.0,0.0,-0.0,-0.0,0.0,0.0,0.0,0.0,0.0,0.0,0.0,0.0,0.0,0.0,0.0,-0.0,0.0,-0.0,0.0,0.0,-0.0,0.0,-0.0,-0.0,0.0,0.0,0.0,0.0,0.0,0.0,0.0,0.0,0.0,0.0,0.0,-0.0,-0.0,-0.0,0.0,-0.0,-0.0,0.0,-0.0,-0.0,0.0,0.0,0.0,0.0,0.0,0.0,0.0,0.0,0.0,-0.0,0.0,-0.0,-0.0,0.0,0.0,-0.0,0.0,0.0,0.0,0.0,0.0,-0.0,-0.0,-0.0,0.0,0.0,0.0,-0.0,-0.0,-0.0,-0.0,0.0
2017-06-01 20:48:00+02:00,0.0,0.0,0.0,0.0,0.0,0.0,0.0,0.0,0.0,0.0,0.0,0.0,0.0,0.0,0.0,0.0,0.0,0.0,0.0,0.0,0.0,0.0,0.0,0.0,0.0,0.0,0.0,0.0,0.0,0.0,0.0,0.0,0.0,0.0,0.0,0.0,0.0,0.0,0.0,0.0,0.0,0.0,0.0,0.0,0.0,0.0,0.0,0.0,0.0,0.0,0.0,0.0,0.0,0.0,0.0,0.0,0.0,0.0,0.0,0.0,0.0,0.0,0.0,0.0,0.0,0.0,0.0,0.0,0.0,0.0,0.0,0.0,0.0,0.0,0.0,0.0,0.0,0.0,0.0,0.0,0.0,0.0,0.0,0.0,0.0,0.0,0.0,0.0,0.0,0.0,0.0,0.0,0.0,0.0,0.0,0.0,0.0,0.0,0.0,0.0,0.0,0.0,0.0,0.0,0.0,0.0,0.0,0.0,0.0,0.0,0.0,0.0,0.0,0.0,0.0,0.0,0.0,0.0
2017-06-01 20:49:00+02:00,0.0,0.0,0.0,0.0,0.0,0.0,0.0,0.0,0.0,0.0,0.0,0.0,0.0,0.0,0.0,0.0,0.0,0.0,0.0,0.0,0.0,0.0,0.0,0.0,0.0,0.0,0.0,0.0,0.0,0.0,0.0,0.0,0.0,0.0,0.0,0.0,0.0,0.0,0.0,0.0,0.0,0.0,0.0,0.0,0.0,0.0,0.0,0.0,0.0,0.0,0.0,0.0,0.0,0.0,0.0,0.0,0.0,0.0,0.0,0.0,0.0,0.0,0.0,0.0,0.0,0.0,0.0,0.0,0.0,0.0,0.0,0.0,0.0,0.0,0.0,0.0,0.0,0.0,0.0,0.0,0.0,0.0,0.0,0.0,0.0,0.0,0.0,0.0,0.0,0.0,0.0,0.0,0.0,0.0,0.0,0.0,0.0,0.0,0.0,0.0,0.0,0.0,0.0,0.0,0.0,0.0,0.0,0.0,0.0,0.0,0.0,0.0,0.0,0.0,0.0,0.0,0.0,0.0
2017-06-01 20:50:00+02:00,0.0,0.0,0.0,0.0,0.0,0.0,0.0,0.0,0.0,0.0,0.0,0.0,0.0,0.0,0.0,0.0,0.0,0.0,0.0,0.0,0.0,0.0,0.0,0.0,0.0,0.0,0.0,0.0,0.0,0.0,0.0,0.0,0.0,0.0,0.0,0.0,0.0,0.0,0.0,0.0,0.0,0.0,0.0,0.0,0.0,0.0,0.0,0.0,0.0,0.0,0.0,0.0,0.0,0.0,0.0,0.0,0.0,0.0,0.0,0.0,0.0,0.0,0.0,0.0,0.0,0.0,0.0,0.0,0.0,0.0,0.0,0.0,0.0,0.0,0.0,0.0,0.0,0.0,0.0,0.0,0.0,0.0,0.0,0.0,0.0,0.0,0.0,0.0,0.0,0.0,0.0,0.0,0.0,0.0,0.0,0.0,0.0,0.0,0.0,0.0,0.0,0.0,0.0,0.0,0.0,0.0,0.0,0.0,0.0,0.0,0.0,0.0,0.0,0.0,0.0,0.0,0.0,0.0
2017-06-01 20:51:00+02:00,0.0,0.0,0.0,0.0,0.0,0.0,0.0,0.0,0.0,0.0,0.0,0.0,0.0,0.0,0.0,0.0,0.0,0.0,0.0,0.0,0.0,0.0,0.0,0.0,0.0,0.0,0.0,0.0,0.0,0.0,0.0,0.0,0.0,0.0,0.0,0.0,0.0,0.0,0.0,0.0,0.0,0.0,0.0,0.0,0.0,0.0,0.0,0.0,0.0,0.0,0.0,0.0,0.0,0.0,0.0,0.0,0.0,0.0,0.0,0.0,0.0,0.0,0.0,0.0,0.0,0.0,0.0,0.0,0.0,0.0,0.0,0.0,0.0,0.0,0.0,0.0,0.0,0.0,0.0,0.0,0.0,0.0,0.0,0.0,0.0,0.0,0.0,0.0,0.0,0.0,0.0,0.0,0.0,0.0,0.0,0.0,0.0,0.0,0.0,0.0,0.0,0.0,0.0,0.0,0.0,0.0,0.0,0.0,0.0,0.0,0.0,0.0,0.0,0.0,0.0,0.0,0.0,0.0
2017-06-01 20:52:00+02:00,0.0,0.0,0.0,0.0,0.0,0.0,0.0,0.0,0.0,0.0,0.0,0.0,0.0,0.0,0.0,0.0,0.0,0.0,0.0,0.0,0.0,0.0,0.0,0.0,0.0,0.0,0.0,0.0,0.0,0.0,0.0,0.0,0.0,0.0,0.0,0.0,0.0,0.0,0.0,0.0,0.0,0.0,0.0,0.0,0.0,0.0,0.0,0.0,0.0,0.0,0.0,0.0,0.0,0.0,0.0,0.0,0.0,0.0,0.0,0.0,0.0,0.0,0.0,0.0,0.0,0.0,0.0,0.0,0.0,0.0,0.0,0.0,0.0,0.0,0.0,0.0,0.0,0.0,0.0,0.0,0.0,0.0,0.0,0.0,0.0,0.0,0.0,0.0,0.0,0.0,0.0,0.0,0.0,0.0,0.0,0.0,0.0,0.0,0.0,0.0,0.0,0.0,0.0,0.0,0.0,0.0,0.0,0.0,0.0,0.0,0.0,0.0,0.0,0.0,0.0,0.0,0.0,0.0
2017-06-01 20:53:00+02:00,0.0,0.0,0.0,0.0,0.0,0.0,0.0,0.0,0.0,0.0,0.0,0.0,0.0,0.0,0.0,0.0,0.0,0.0,0.0,0.0,0.0,0.0,0.0,0.0,0.0,0.0,0.0,0.0,0.0,0.0,0.0,0.0,0.0,0.0,0.0,0.0,0.0,0.0,0.0,0.0,0.0,0.0,0.0,0.0,0.0,0.0,0.0,0.0,0.0,0.0,0.0,0.0,0.0,0.0,0.0,0.0,0.0,0.0,0.0,0.0,0.0,0.0,0.0,0.0,0.0,0.0,0.0,0.0,0.0,0.0,0.0,0.0,0.0,0.0,0.0,0.0,0.0,0.0,0.0,0.0,0.0,0.0,0.0,0.0,0.0,0.0,0.0,0.0,0.0,0.0,0.0,0.0,0.0,0.0,0.0,0.0,0.0,0.0,0.0,0.0,0.0,0.0,0.0,0.0,0.0,0.0,0.0,0.0,0.0,0.0,0.0,0.0,0.0,0.0,0.0,0.0,0.0,0.0
2017-06-01 20:54:00+02:00,0.0,0.0,0.0,0.0,0.0,0.0,0.0,0.0,0.0,0.0,0.0,0.0,0.0,0.0,0.0,0.0,0.0,0.0,0.0,0.0,0.0,0.0,0.0,0.0,0.0,0.0,0.0,0.0,0.0,0.0,0.0,0.0,0.0,0.0,0.0,0.0,0.0,0.0,0.0,0.0,0.0,0.0,0.0,0.0,0.0,0.0,0.0,0.0,0.0,0.0,0.0,0.0,0.0,0.0,0.0,0.0,0.0,0.0,0.0,0.0,0.0,0.0,0.0,0.0,0.0,0.0,0.0,0.0,0.0,0.0,0.0,0.0,0.0,0.0,0.0,0.0,0.0,0.0,0.0,0.0,0.0,0.0,0.0,0.0,0.0,0.0,0.0,0.0,0.0,0.0,0.0,0.0,0.0,0.0,0.0,0.0,0.0,0.0,0.0,0.0,0.0,0.0,0.0,0.0,0.0,0.0,0.0,0.0,0.0,0.0,0.0,0.0,0.0,0.0,0.0,0.0,0.0,0.0
2017-06-01 20:55:00+02:00,0.0,0.0,0.0,0.0,0.0,0.0,0.0,0.0,0.0,0.0,0.0,0.0,0.0,0.0,0.0,0.0,0.0,0.0,0.0,0.0,0.0,0.0,0.0,0.0,0.0,0.0,0.0,0.0,0.0,0.0,0.0,0.0,0.0,0.0,0.0,0.0,0.0,0.0,0.0,0.0,0.0,0.0,0.0,0.0,0.0,0.0,0.0,0.0,0.0,0.0,0.0,0.0,0.0,0.0,0.0,0.0,0.0,0.0,0.0,0.0,0.0,0.0,0.0,0.0,0.0,0.0,0.0,0.0,0.0,0.0,0.0,0.0,0.0,0.0,0.0,0.0,0.0,0.0,0.0,0.0,0.0,0.0,0.0,0.0,0.0,0.0,0.0,0.0,0.0,0.0,0.0,0.0,0.0,0.0,0.0,0.0,0.0,0.0,0.0,0.0,0.0,0.0,0.0,0.0,0.0,0.0,0.0,0.0,0.0,0.0,0.0,0.0,0.0,0.0,0.0,0.0,0.0,0.0
2017-06-01 20:56:00+02:00,0.0,0.0,0.0,0.0,0.0,0.0,0.0,0.0,0.0,0.0,0.0,0.0,0.0,0.0,0.0,0.0,0.0,0.0,0.0,0.0,0.0,0.0,0.0,0.0,0.0,0.0,0.0,0.0,0.0,0.0,0.0,0.0,0.0,0.0,0.0,0.0,0.0,0.0,0.0,0.0,0.0,0.0,0.0,0.0,0.0,0.0,0.0,0.0,0.0,0.0,0.0,0.0,0.0,0.0,0.0,0.0,0.0,0.0,0.0,0.0,0.0,0.0,0.0,0.0,0.0,0.0,0.0,0.0,0.0,0.0,0.0,0.0,0.0,0.0,0.0,0.0,0.0,0.0,0.0,0.0,0.0,0.0,0.0,0.0,0.0,0.0,0.0,0.0,0.0,0.0,0.0,0.0,0.0,0.0,0.0,0.0,0.0,0.0,0.0,0.0,0.0,0.0,0.0,0.0,0.0,0.0,0.0,0.0,0.0,0.0,0.0,0.0,0.0,0.0,0.0,0.0,0.0,0.0
2017-06-01 20:57:00+02:00,0.0,0.0,0.0,0.0,0.0,0.0,0.0,0.0,0.0,0.0,0.0,0.0,0.0,0.0,0.0,0.0,0.0,0.0,0.0,0.0,0.0,0.0,0.0,0.0,0.0,0.0,0.0,0.0,0.0,0.0,0.0,0.0,0.0,0.0,0.0,0.0,0.0,0.0,0.0,0.0,0.0,0.0,0.0,0.0,0.0,0.0,0.0,0.0,0.0,0.0,0.0,0.0,0.0,0.0,0.0,0.0,0.0,0.0,0.0,0.0,0.0,0.0,0.0,0.0,0.0,0.0,0.0,0.0,0.0,0.0,0.0,0.0,0.0,0.0,0.0,0.0,0.0,0.0,0.0,0.0,0.0,0.0,0.0,0.0,0.0,0.0,0.0,0.0,0.0,0.0,0.0,0.0,0.0,0.0,0.0,0.0,0.0,0.0,0.0,0.0,0.0,0.0,0.0,0.0,0.0,0.0,0.0,0.0,0.0,0.0,0.0,0.0,0.0,0.0,0.0,0.0,0.0,0.0
2017-06-01 20:58:00+02:00,0.0,0.0,0.0,0.0,0.0,0.0,0.0,0.0,0.0,0.0,0.0,0.0,0.0,0.0,0.0,0.0,0.0,0.0,0.0,0.0,0.0,0.0,0.0,0.0,0.0,0.0,0.0,0.0,0.0,0.0,0.0,0.0,0.0,0.0,0.0,0.0,0.0,0.0,0.0,0.0,0.0,0.0,0.0,0.0,0.0,0.0,0.0,0.0,0.0,0.0,0.0,0.0,0.0,0.0,0.0,0.0,0.0,0.0,0.0,0.0,0.0,0.0,0.0,0.0,0.0,0.0,0.0,0.0,0.0,0.0,0.0,0.0,0.0,0.0,0.0,0.0,0.0,0.0,0.0,0.0,0.0,0.0,0.0,0.0,0.0,0.0,0.0,0.0,0.0,0.0,0.0,0.0,0.0,0.0,0.0,0.0,0.0,0.0,0.0,0.0,0.0,0.0,0.0,0.0,0.0,0.0,0.0,0.0,0.0,0.0,0.0,0.0,0.0,0.0,0.0,0.0,0.0,0.0
2017-06-01 20:59:00+02:00,0.0,0.0,0.0,0.0,0.0,0.0,0.0,0.0,0.0,0.0,0.0,0.0,0.0,0.0,0.0,0.0,0.0,0.0,0.0,0.0,0.0,0.0,0.0,0.0,0.0,0.0,0.0,0.0,0.0,0.0,0.0,0.0,0.0,0.0,0.0,0.0,0.0,0.0,0.0,0.0,0.0,0.0,0.0,0.0,0.0,0.0,0.0,0.0,0.0,0.0,0.0,0.0,0.0,0.0,0.0,0.0,0.0,0.0,0.0,0.0,0.0,0.0,0.0,0.0,0.0,0.0,0.0,0.0,0.0,0.0,0.0,0.0,0.0,0.0,0.0,0.0,0.0,0.0,0.0,0.0,0.0,0.0,0.0,0.0,0.0,0.0,0.0,0.0,0.0,0.0,0.0,0.0,0.0,0.0,0.0,0.0,0.0,0.0,0.0,0.0,0.0,0.0,0.0,0.0,0.0,0.0,0.0,0.0,0.0,0.0,0.0,0.0,0.0,0.0,0.0,0.0,0.0,0.0
2017-06-01 21:00:00+02:00,0.0,0.0,0.0,0.0,0.0,0.0,0.0,0.0,0.0,0.0,0.0,0.0,0.0,0.0,0.0,0.0,0.0,0.0,0.0,0.0,0.0,0.0,0.0,0.0,0.0,0.0,0.0,0.0,0.0,0.0,0.0,0.0,0.0,0.0,0.0,0.0,0.0,0.0,0.0,0.0,0.0,0.0,0.0,0.0,0.0,0.0,0.0,0.0,0.0,0.0,0.0,0.0,0.0,0.0,0.0,0.0,0.0,0.0,0.0,0.0,0.0,0.0,0.0,0.0,0.0,0.0,0.0,0.0,0.0,0.0,0.0,0.0,0.0,0.0,0.0,0.0,0.0,0.0,0.0,0.0,0.0,0.0,0.0,0.0,0.0,0.0,0.0,0.0,0.0,0.0,0.0,0.0,0.0,0.0,0.0,0.0,0.0,0.0,0.0,0.0,0.0,0.0,0.0,0.0,0.0,0.0,0.0,0.0,0.0,0.0,0.0,0.0,0.0,0.0,0.0,0.0,0.0,0.0
2017-06-01 21:01:00+02:00,0.0,0.0,0.0,0.0,0.0,0.0,0.0,0.0,0.0,0.0,0.0,0.0,0.0,0.0,0.0,0.0,0.0,0.0,0.0,0.0,0.0,0.0,0.0,0.0,0.0,0.0,0.0,0.0,0.0,0.0,0.0,0.0,0.0,0.0,0.0,0.0,0.0,0.0,0.0,0.0,0.0,0.0,0.0,0.0,0.0,0.0,0.0,0.0,0.0,0.0,0.0,0.0,0.0,0.0,0.0,0.0,0.0,0.0,0.0,0.0,0.0,0.0,0.0,0.0,0.0,0.0,0.0,0.0,0.0,0.0,0.0,0.0,0.0,0.0,0.0,0.0,0.0,0.0,0.0,0.0,0.0,0.0,0.0,0.0,0.0,0.0,0.0,0.0,0.0,0.0,0.0,0.0,0.0,0.0,0.0,0.0,0.0,0.0,0.0,0.0,0.0,0.0,0.0,0.0,0.0,0.0,0.0,0.0,0.0,0.0,0.0,0.0,0.0,0.0,0.0,0.0,0.0,0.0
2017-06-01 21:02:00+02:00,0.0,0.0,0.0,0.0,0.0,0.0,0.0,0.0,0.0,0.0,0.0,0.0,0.0,0.0,0.0,0.0,0.0,0.0,0.0,0.0,0.0,0.0,0.0,0.0,0.0,0.0,0.0,0.0,0.0,0.0,0.0,0.0,0.0,0.0,0.0,0.0,0.0,0.0,0.0,0.0,0.0,0.0,0.0,0.0,0.0,0.0,0.0,0.0,0.0,0.0,0.0,0.0,0.0,0.0,0.0,0.0,0.0,0.0,0.0,0.0,0.0,0.0,0.0,0.0,0.0,0.0,0.0,0.0,0.0,0.0,0.0,0.0,0.0,0.0,0.0,0.0,0.0,0.0,0.0,0.0,0.0,0.0,0.0,0.0,0.0,0.0,0.0,0.0,0.0,0.0,0.0,0.0,0.0,0.0,0.0,0.0,0.0,0.0,0.0,0.0,0.0,0.0,0.0,0.0,0.0,0.0,0.0,0.0,0.0,0.0,0.0,0.0,0.0,0.0,0.0,0.0,0.0,0.0
2017-06-01 21:03:00+02:00,0.0,0.0,0.0,0.0,0.0,0.0,0.0,0.0,0.0,0.0,0.0,0.0,0.0,0.0,0.0,0.0,0.0,0.0,0.0,0.0,0.0,0.0,0.0,0.0,0.0,0.0,0.0,0.0,0.0,0.0,0.0,0.0,0.0,0.0,0.0,0.0,0.0,0.0,0.0,0.0,0.0,0.0,0.0,0.0,0.0,0.0,0.0,0.0,0.0,0.0,0.0,0.0,0.0,0.0,0.0,0.0,0.0,0.0,0.0,0.0,0.0,0.0,0.0,0.0,0.0,0.0,0.0,0.0,0.0,0.0,0.0,0.0,0.0,0.0,0.0,0.0,0.0,0.0,0.0,0.0,0.0,0.0,0.0,0.0,0.0,0.0,0.0,0.0,0.0,0.0,0.0,0.0,0.0,0.0,0.0,0.0,0.0,0.0,0.0,0.0,0.0,0.0,0.0,0.0,0.0,0.0,0.0,0.0,0.0,0.0,0.0,0.0,0.0,0.0,0.0,0.0,0.0,0.0
2017-06-01 21:04:00+02:00,0.0,0.0,0.0,0.0,0.0,0.0,0.0,0.0,0.0,0.0,0.0,0.0,0.0,0.0,0.0,0.0,0.0,0.0,0.0,0.0,0.0,0.0,0.0,0.0,0.0,0.0,0.0,0.0,0.0,0.0,0.0,0.0,0.0,0.0,0.0,0.0,0.0,0.0,0.0,0.0,0.0,0.0,0.0,0.0,0.0,0.0,0.0,0.0,0.0,0.0,0.0,0.0,0.0,0.0,0.0,0.0,0.0,0.0,0.0,0.0,0.0,0.0,0.0,0.0,0.0,0.0,0.0,0.0,0.0,0.0,0.0,0.0,0.0,0.0,0.0,0.0,0.0,0.0,0.0,0.0,0.0,0.0,0.0,0.0,0.0,0.0,0.0,0.0,0.0,0.0,0.0,0.0,0.0,0.0,0.0,0.0,0.0,0.0,0.0,0.0,0.0,0.0,0.0,0.0,0.0,0.0,0.0,0.0,0.0,0.0,0.0,0.0,0.0,0.0,0.0,0.0,0.0,0.0
2017-06-01 21:05:00+02:00,0.0,0.0,0.0,0.0,0.0,0.0,0.0,0.0,0.0,0.0,0.0,0.0,0.0,0.0,0.0,0.0,0.0,0.0,0.0,0.0,0.0,0.0,0.0,0.0,0.0,0.0,0.0,0.0,0.0,0.0,0.0,0.0,0.0,0.0,0.0,0.0,0.0,0.0,0.0,0.0,0.0,0.0,0.0,0.0,0.0,0.0,0.0,0.0,0.0,0.0,0.0,0.0,0.0,0.0,0.0,0.0,0.0,0.0,0.0,0.0,0.0,0.0,0.0,0.0,0.0,0.0,0.0,0.0,0.0,0.0,0.0,0.0,0.0,0.0,0.0,0.0,0.0,0.0,0.0,0.0,0.0,0.0,0.0,0.0,0.0,0.0,0.0,0.0,0.0,0.0,0.0,0.0,0.0,0.0,0.0,0.0,0.0,0.0,0.0,0.0,0.0,0.0,0.0,0.0,0.0,0.0,0.0,0.0,0.0,0.0,0.0,0.0,0.0,0.0,0.0,0.0,0.0,0.0
2017-06-01 21:06:00+02:00,0.0,0.0,0.0,0.0,0.0,0.0,0.0,0.0,0.0,0.0,0.0,0.0,0.0,0.0,0.0,0.0,0.0,0.0,0.0,0.0,0.0,0.0,0.0,0.0,0.0,0.0,0.0,0.0,0.0,0.0,0.0,0.0,0.0,0.0,0.0,0.0,0.0,0.0,0.0,0.0,0.0,0.0,0.0,0.0,0.0,0.0,0.0,0.0,0.0,0.0,0.0,0.0,0.0,0.0,0.0,0.0,0.0,0.0,0.0,0.0,0.0,0.0,0.0,0.0,0.0,0.0,0.0,0.0,0.0,0.0,0.0,0.0,0.0,0.0,0.0,0.0,0.0,0.0,0.0,0.0,0.0,0.0,0.0,0.0,0.0,0.0,0.0,0.0,0.0,0.0,0.0,0.0,0.0,0.0,0.0,0.0,0.0,0.0,0.0,0.0,0.0,0.0,0.0,0.0,0.0,0.0,0.0,0.0,0.0,0.0,0.0,0.0,0.0,0.0,0.0,0.0,0.0,0.0
2017-06-01 21:07:00+02:00,0.0,0.0,0.0,0.0,0.0,0.0,0.0,0.0,0.0,0.0,0.0,0.0,0.0,0.0,0.0,0.0,0.0,0.0,0.0,0.0,0.0,0.0,0.0,0.0,0.0,0.0,0.0,0.0,0.0,0.0,0.0,0.0,0.0,0.0,0.0,0.0,0.0,0.0,0.0,0.0,0.0,0.0,0.0,0.0,0.0,0.0,0.0,0.0,0.0,0.0,0.0,0.0,0.0,0.0,0.0,0.0,0.0,0.0,0.0,0.0,0.0,0.0,0.0,0.0,0.0,0.0,0.0,0.0,0.0,0.0,0.0,0.0,0.0,0.0,0.0,0.0,0.0,0.0,0.0,0.0,0.0,0.0,0.0,0.0,0.0,0.0,0.0,0.0,0.0,0.0,0.0,0.0,0.0,0.0,0.0,0.0,0.0,0.0,0.0,0.0,0.0,0.0,0.0,0.0,0.0,0.0,0.0,0.0,0.0,0.0,0.0,0.0,0.0,0.0,0.0,0.0,0.0,0.0
2017-06-01 21:08:00+02:00,0.0,0.0,0.0,0.0,0.0,0.0,0.0,0.0,0.0,0.0,0.0,0.0,0.0,0.0,0.0,0.0,0.0,0.0,0.0,0.0,0.0,0.0,0.0,0.0,0.0,0.0,0.0,0.0,0.0,0.0,0.0,0.0,0.0,0.0,0.0,0.0,0.0,0.0,0.0,0.0,0.0,0.0,0.0,0.0,0.0,0.0,0.0,0.0,0.0,0.0,0.0,0.0,0.0,0.0,0.0,0.0,0.0,0.0,0.0,0.0,0.0,0.0,0.0,0.0,0.0,0.0,0.0,0.0,0.0,0.0,0.0,0.0,0.0,0.0,0.0,0.0,0.0,0.0,0.0,0.0,0.0,0.0,0.0,0.0,0.0,0.0,0.0,0.0,0.0,0.0,0.0,0.0,0.0,0.0,0.0,0.0,0.0,0.0,0.0,0.0,0.0,0.0,0.0,0.0,0.0,0.0,0.0,0.0,0.0,0.0,0.0,0.0,0.0,0.0,0.0,0.0,0.0,0.0
2017-06-01 21:09:00+02:00,0.0,0.0,0.0,0.0,0.0,0.0,0.0,0.0,0.0,0.0,0.0,0.0,0.0,0.0,0.0,0.0,0.0,0.0,0.0,0.0,0.0,0.0,0.0,0.0,0.0,0.0,0.0,0.0,0.0,0.0,0.0,0.0,0.0,0.0,0.0,0.0,0.0,0.0,0.0,0.0,0.0,0.0,0.0,0.0,0.0,0.0,0.0,0.0,0.0,0.0,0.0,0.0,0.0,0.0,0.0,0.0,0.0,0.0,0.0,0.0,0.0,0.0,0.0,0.0,0.0,0.0,0.0,0.0,0.0,0.0,0.0,0.0,0.0,0.0,0.0,0.0,0.0,0.0,0.0,0.0,0.0,0.0,0.0,0.0,0.0,0.0,0.0,0.0,0.0,0.0,0.0,0.0,0.0,0.0,0.0,0.0,0.0,0.0,0.0,0.0,0.0,0.0,0.0,0.0,0.0,0.0,0.0,0.0,0.0,0.0,0.0,0.0,0.0,0.0,0.0,0.0,0.0,0.0
2017-06-01 21:10:00+02:00,0.0,0.0,0.0,0.0,0.0,0.0,0.0,0.0,0.0,0.0,0.0,0.0,0.0,0.0,0.0,0.0,0.0,0.0,0.0,0.0,0.0,0.0,0.0,0.0,0.0,0.0,0.0,0.0,0.0,0.0,0.0,0.0,0.0,0.0,0.0,0.0,0.0,0.0,0.0,0.0,0.0,0.0,0.0,0.0,0.0,0.0,0.0,0.0,0.0,0.0,0.0,0.0,0.0,0.0,0.0,0.0,0.0,0.0,0.0,0.0,0.0,0.0,0.0,0.0,0.0,0.0,0.0,0.0,0.0,0.0,0.0,0.0,0.0,0.0,0.0,0.0,0.0,0.0,0.0,0.0,0.0,0.0,0.0,0.0,0.0,0.0,0.0,0.0,0.0,0.0,0.0,0.0,0.0,0.0,0.0,0.0,0.0,0.0,0.0,0.0,0.0,0.0,0.0,0.0,0.0,0.0,0.0,0.0,0.0,0.0,0.0,0.0,0.0,0.0,0.0,0.0,0.0,0.0
2017-06-01 21:11:00+02:00,0.0,0.0,0.0,0.0,0.0,0.0,0.0,0.0,0.0,0.0,0.0,0.0,0.0,0.0,0.0,0.0,0.0,0.0,0.0,0.0,0.0,0.0,0.0,0.0,0.0,0.0,0.0,0.0,0.0,0.0,0.0,0.0,0.0,0.0,0.0,0.0,0.0,0.0,0.0,0.0,0.0,0.0,0.0,0.0,0.0,0.0,0.0,0.0,0.0,0.0,0.0,0.0,0.0,0.0,0.0,0.0,0.0,0.0,0.0,0.0,0.0,0.0,0.0,0.0,0.0,0.0,0.0,0.0,0.0,0.0,0.0,0.0,0.0,0.0,0.0,0.0,0.0,0.0,0.0,0.0,0.0,0.0,0.0,0.0,0.0,0.0,0.0,0.0,0.0,0.0,0.0,0.0,0.0,0.0,0.0,0.0,0.0,0.0,0.0,0.0,0.0,0.0,0.0,0.0,0.0,0.0,0.0,0.0,0.0,0.0,0.0,0.0,0.0,0.0,0.0,0.0,0.0,0.0
2017-06-01 21:12:00+02:00,0.0,0.0,0.0,0.0,0.0,0.0,0.0,0.0,0.0,0.0,0.0,0.0,0.0,0.0,0.0,0.0,0.0,0.0,0.0,0.0,0.0,0.0,0.0,0.0,0.0,0.0,0.0,0.0,0.0,0.0,0.0,0.0,0.0,0.0,0.0,0.0,0.0,0.0,0.0,0.0,0.0,0.0,0.0,0.0,0.0,0.0,0.0,0.0,0.0,0.0,0.0,0.0,0.0,0.0,0.0,0.0,0.0,0.0,0.0,0.0,0.0,0.0,0.0,0.0,0.0,0.0,0.0,0.0,0.0,0.0,0.0,0.0,0.0,0.0,0.0,0.0,0.0,0.0,0.0,0.0,0.0,0.0,0.0,0.0,0.0,0.0,0.0,0.0,0.0,0.0,0.0,0.0,0.0,0.0,0.0,0.0,0.0,0.0,0.0,0.0,0.0,0.0,0.0,0.0,0.0,0.0,0.0,0.0,0.0,0.0,0.0,0.0,0.0,0.0,0.0,0.0,0.0,0.0
2017-06-01 21:13:00+02:00,0.0,0.0,0.0,0.0,0.0,0.0,0.0,0.0,0.0,0.0,0.0,0.0,0.0,0.0,0.0,0.0,0.0,0.0,0.0,0.0,0.0,0.0,0.0,0.0,0.0,0.0,0.0,0.0,0.0,0.0,0.0,0.0,0.0,0.0,0.0,0.0,0.0,0.0,0.0,0.0,0.0,0.0,0.0,0.0,0.0,0.0,0.0,0.0,0.0,0.0,0.0,0.0,0.0,0.0,0.0,0.0,0.0,0.0,0.0,0.0,0.0,0.0,0.0,0.0,0.0,0.0,0.0,0.0,0.0,0.0,0.0,0.0,0.0,0.0,0.0,0.0,0.0,0.0,0.0,0.0,0.0,0.0,0.0,0.0,0.0,0.0,0.0,0.0,0.0,0.0,0.0,0.0,0.0,0.0,0.0,0.0,0.0,0.0,0.0,0.0,0.0,0.0,0.0,0.0,0.0,0.0,0.0,0.0,0.0,0.0,0.0,0.0,0.0,0.0,0.0,0.0,0.0,0.0
2017-06-01 21:14:00+02:00,0.0,0.0,0.0,0.0,0.0,0.0,0.0,0.0,0.0,0.0,0.0,0.0,0.0,0.0,0.0,0.0,0.0,0.0,0.0,0.0,0.0,0.0,0.0,0.0,0.0,0.0,0.0,0.0,0.0,0.0,0.0,0.0,0.0,0.0,0.0,0.0,0.0,0.0,0.0,0.0,0.0,0.0,0.0,0.0,0.0,0.0,0.0,0.0,0.0,0.0,0.0,0.0,0.0,0.0,0.0,0.0,0.0,0.0,0.0,0.0,0.0,0.0,0.0,0.0,0.0,0.0,0.0,0.0,0.0,0.0,0.0,0.0,0.0,0.0,0.0,0.0,0.0,0.0,0.0,0.0,0.0,0.0,0.0,0.0,0.0,0.0,0.0,0.0,0.0,0.0,0.0,0.0,0.0,0.0,0.0,0.0,0.0,0.0,0.0,0.0,0.0,0.0,0.0,0.0,0.0,0.0,0.0,0.0,0.0,0.0,0.0,0.0,0.0,0.0,0.0,0.0,0.0,0.0
2017-06-01 21:15:00+02:00,0.0,0.0,0.0,0.0,0.0,0.0,0.0,0.0,0.0,0.0,0.0,0.0,0.0,0.0,0.0,0.0,0.0,0.0,0.0,0.0,0.0,0.0,0.0,0.0,0.0,0.0,0.0,0.0,0.0,0.0,0.0,0.0,0.0,0.0,0.0,0.0,0.0,0.0,0.0,0.0,0.0,0.0,0.0,0.0,0.0,0.0,0.0,0.0,0.0,0.0,0.0,0.0,0.0,0.0,0.0,0.0,0.0,0.0,0.0,0.0,0.0,0.0,0.0,0.0,0.0,0.0,0.0,0.0,0.0,0.0,0.0,0.0,0.0,0.0,0.0,0.0,0.0,0.0,0.0,0.0,0.0,0.0,0.0,0.0,0.0,0.0,0.0,0.0,0.0,0.0,0.0,0.0,0.0,0.0,0.0,0.0,0.0,0.0,0.0,0.0,0.0,0.0,0.0,0.0,0.0,0.0,0.0,0.0,0.0,0.0,0.0,0.0,0.0,0.0,0.0,0.0,0.0,0.0
2017-06-01 21:16:00+02:00,0.0,0.0,0.0,0.0,0.0,0.0,0.0,0.0,0.0,0.0,0.0,0.0,0.0,0.0,0.0,0.0,0.0,0.0,0.0,0.0,0.0,0.0,0.0,0.0,0.0,0.0,0.0,0.0,0.0,0.0,0.0,0.0,0.0,0.0,0.0,0.0,0.0,0.0,0.0,0.0,0.0,0.0,0.0,0.0,0.0,0.0,0.0,0.0,0.0,0.0,0.0,0.0,0.0,0.0,0.0,0.0,0.0,0.0,0.0,0.0,0.0,0.0,0.0,0.0,0.0,0.0,0.0,0.0,0.0,0.0,0.0,0.0,0.0,0.0,0.0,0.0,0.0,0.0,0.0,0.0,0.0,0.0,0.0,0.0,0.0,0.0,0.0,0.0,0.0,0.0,0.0,0.0,0.0,0.0,0.0,0.0,0.0,0.0,0.0,0.0,0.0,0.0,0.0,0.0,0.0,0.0,0.0,0.0,0.0,0.0,0.0,0.0,0.0,0.0,0.0,0.0,0.0,0.0
2017-06-01 21:17:00+02:00,0.0,0.0,0.0,0.0,0.0,0.0,0.0,0.0,0.0,0.0,0.0,0.0,0.0,0.0,0.0,0.0,0.0,0.0,0.0,0.0,0.0,0.0,0.0,0.0,0.0,0.0,0.0,0.0,0.0,0.0,0.0,0.0,0.0,0.0,0.0,0.0,0.0,0.0,0.0,0.0,0.0,0.0,0.0,0.0,0.0,0.0,0.0,0.0,0.0,0.0,0.0,0.0,0.0,0.0,0.0,0.0,0.0,0.0,0.0,0.0,0.0,0.0,0.0,0.0,0.0,0.0,0.0,0.0,0.0,0.0,0.0,0.0,0.0,0.0,0.0,0.0,0.0,0.0,0.0,0.0,0.0,0.0,0.0,0.0,0.0,0.0,0.0,0.0,0.0,0.0,0.0,0.0,0.0,0.0,0.0,0.0,0.0,0.0,0.0,0.0,0.0,0.0,0.0,0.0,0.0,0.0,0.0,0.0,0.0,0.0,0.0,0.0,0.0,0.0,0.0,0.0,0.0,0.0
2017-06-01 21:18:00+02:00,0.0,0.0,0.0,0.0,0.0,0.0,0.0,0.0,0.0,0.0,0.0,0.0,0.0,0.0,0.0,0.0,0.0,0.0,0.0,0.0,0.0,0.0,0.0,0.0,0.0,0.0,0.0,0.0,0.0,0.0,0.0,0.0,0.0,0.0,0.0,0.0,0.0,0.0,0.0,0.0,0.0,0.0,0.0,0.0,0.0,0.0,0.0,0.0,0.0,0.0,0.0,0.0,0.0,0.0,0.0,0.0,0.0,0.0,0.0,0.0,0.0,0.0,0.0,0.0,0.0,0.0,0.0,0.0,0.0,0.0,0.0,0.0,0.0,0.0,0.0,0.0,0.0,0.0,0.0,0.0,0.0,0.0,0.0,0.0,0.0,0.0,0.0,0.0,0.0,0.0,0.0,0.0,0.0,0.0,0.0,0.0,0.0,0.0,0.0,0.0,0.0,0.0,0.0,0.0,0.0,0.0,0.0,0.0,0.0,0.0,0.0,0.0,0.0,0.0,0.0,0.0,0.0,0.0
2017-06-01 21:19:00+02:00,0.0,0.0,0.0,0.0,0.0,0.0,0.0,0.0,0.0,0.0,0.0,0.0,0.0,0.0,0.0,0.0,0.0,0.0,0.0,0.0,0.0,0.0,0.0,0.0,0.0,0.0,0.0,0.0,0.0,0.0,0.0,0.0,0.0,0.0,0.0,0.0,0.0,0.0,0.0,0.0,0.0,0.0,0.0,0.0,0.0,0.0,0.0,0.0,0.0,0.0,0.0,0.0,0.0,0.0,0.0,0.0,0.0,0.0,0.0,0.0,0.0,0.0,0.0,0.0,0.0,0.0,0.0,0.0,0.0,0.0,0.0,0.0,0.0,0.0,0.0,0.0,0.0,0.0,0.0,0.0,0.0,0.0,0.0,0.0,0.0,0.0,0.0,0.0,0.0,0.0,0.0,0.0,0.0,0.0,0.0,0.0,0.0,0.0,0.0,0.0,0.0,0.0,0.0,0.0,0.0,0.0,0.0,0.0,0.0,0.0,0.0,0.0,0.0,0.0,0.0,0.0,0.0,0.0
2017-06-01 21:20:00+02:00,0.0,0.0,0.0,0.0,0.0,0.0,0.0,0.0,0.0,0.0,0.0,0.0,0.0,0.0,0.0,0.0,0.0,0.0,0.0,0.0,0.0,0.0,0.0,0.0,0.0,0.0,0.0,0.0,0.0,0.0,0.0,0.0,0.0,0.0,0.0,0.0,0.0,0.0,0.0,0.0,0.0,0.0,0.0,0.0,0.0,0.0,0.0,0.0,0.0,0.0,0.0,0.0,0.0,0.0,0.0,0.0,0.0,0.0,0.0,0.0,0.0,0.0,0.0,0.0,0.0,0.0,0.0,0.0,0.0,0.0,0.0,0.0,0.0,0.0,0.0,0.0,0.0,0.0,0.0,0.0,0.0,0.0,0.0,0.0,0.0,0.0,0.0,0.0,0.0,0.0,0.0,0.0,0.0,0.0,0.0,0.0,0.0,0.0,0.0,0.0,0.0,0.0,0.0,0.0,0.0,0.0,0.0,0.0,0.0,0.0,0.0,0.0,0.0,0.0,0.0,0.0,0.0,0.0
2017-06-01 21:21:00+02:00,0.0,0.0,0.0,0.0,0.0,0.0,0.0,0.0,0.0,0.0,0.0,0.0,0.0,0.0,0.0,0.0,0.0,0.0,0.0,0.0,0.0,0.0,0.0,0.0,0.0,0.0,0.0,0.0,0.0,0.0,0.0,0.0,0.0,0.0,0.0,0.0,0.0,0.0,0.0,0.0,0.0,0.0,0.0,0.0,0.0,0.0,0.0,0.0,0.0,0.0,0.0,0.0,0.0,0.0,0.0,0.0,0.0,0.0,0.0,0.0,0.0,0.0,0.0,0.0,0.0,0.0,0.0,0.0,0.0,0.0,0.0,0.0,0.0,0.0,0.0,0.0,0.0,0.0,0.0,0.0,0.0,0.0,0.0,0.0,0.0,0.0,0.0,0.0,0.0,0.0,0.0,0.0,0.0,0.0,0.0,0.0,0.0,0.0,0.0,0.0,0.0,0.0,0.0,0.0,0.0,0.0,0.0,0.0,0.0,0.0,0.0,0.0,0.0,0.0,0.0,0.0,0.0,0.0
2017-06-01 21:22:00+02:00,0.0,0.0,0.0,0.0,0.0,0.0,0.0,0.0,0.0,0.0,0.0,0.0,0.0,0.0,0.0,0.0,0.0,0.0,0.0,0.0,0.0,0.0,0.0,0.0,0.0,0.0,0.0,0.0,0.0,0.0,0.0,0.0,0.0,0.0,0.0,0.0,0.0,0.0,0.0,0.0,0.0,0.0,0.0,0.0,0.0,0.0,0.0,0.0,0.0,0.0,0.0,0.0,0.0,0.0,0.0,0.0,0.0,0.0,0.0,0.0,0.0,0.0,0.0,0.0,0.0,0.0,0.0,0.0,0.0,0.0,0.0,0.0,0.0,0.0,0.0,0.0,0.0,0.0,0.0,0.0,0.0,0.0,0.0,0.0,0.0,0.0,0.0,0.0,0.0,0.0,0.0,0.0,0.0,0.0,0.0,0.0,0.0,0.0,0.0,0.0,0.0,0.0,0.0,0.0,0.0,0.0,0.0,0.0,0.0,0.0,0.0,0.0,0.0,0.0,0.0,0.0,0.0,0.0
2017-06-01 21:23:00+02:00,0.0,0.0,0.0,0.0,0.0,0.0,0.0,0.0,0.0,0.0,0.0,0.0,0.0,0.0,0.0,0.0,0.0,0.0,0.0,0.0,0.0,0.0,0.0,0.0,0.0,0.0,0.0,0.0,0.0,0.0,0.0,0.0,0.0,0.0,0.0,0.0,0.0,0.0,0.0,0.0,0.0,0.0,0.0,0.0,0.0,0.0,0.0,0.0,0.0,0.0,0.0,0.0,0.0,0.0,0.0,0.0,0.0,0.0,0.0,0.0,0.0,0.0,0.0,0.0,0.0,0.0,0.0,0.0,0.0,0.0,0.0,0.0,0.0,0.0,0.0,0.0,0.0,0.0,0.0,0.0,0.0,0.0,0.0,0.0,0.0,0.0,0.0,0.0,0.0,0.0,0.0,0.0,0.0,0.0,0.0,0.0,0.0,0.0,0.0,0.0,0.0,0.0,0.0,0.0,0.0,0.0,0.0,0.0,0.0,0.0,0.0,0.0,0.0,0.0,0.0,0.0,0.0,0.0
2017-06-01 21:24:00+02:00,0.0,0.0,0.0,0.0,0.0,0.0,0.0,0.0,0.0,0.0,0.0,0.0,0.0,0.0,0.0,0.0,0.0,0.0,0.0,0.0,0.0,0.0,0.0,0.0,0.0,0.0,0.0,0.0,0.0,0.0,0.0,0.0,0.0,0.0,0.0,0.0,0.0,0.0,0.0,0.0,0.0,0.0,0.0,0.0,0.0,0.0,0.0,0.0,0.0,0.0,0.0,0.0,0.0,0.0,0.0,0.0,0.0,0.0,0.0,0.0,0.0,0.0,0.0,0.0,0.0,0.0,0.0,0.0,0.0,0.0,0.0,0.0,0.0,0.0,0.0,0.0,0.0,0.0,0.0,0.0,0.0,0.0,0.0,0.0,0.0,0.0,0.0,0.0,0.0,0.0,0.0,0.0,0.0,0.0,0.0,0.0,0.0,0.0,0.0,0.0,0.0,0.0,0.0,0.0,0.0,0.0,0.0,0.0,0.0,0.0,0.0,0.0,0.0,0.0,0.0,0.0,0.0,0.0
2017-06-01 21:25:00+02:00,0.0,0.0,0.0,0.0,0.0,0.0,0.0,0.0,0.0,0.0,0.0,0.0,0.0,0.0,0.0,0.0,0.0,0.0,0.0,0.0,0.0,0.0,0.0,0.0,0.0,0.0,0.0,0.0,0.0,0.0,0.0,0.0,0.0,0.0,0.0,0.0,0.0,0.0,0.0,0.0,0.0,0.0,0.0,0.0,0.0,0.0,0.0,0.0,0.0,0.0,0.0,0.0,0.0,0.0,0.0,0.0,0.0,0.0,0.0,0.0,0.0,0.0,0.0,0.0,0.0,0.0,0.0,0.0,0.0,0.0,0.0,0.0,0.0,0.0,0.0,0.0,0.0,0.0,0.0,0.0,0.0,0.0,0.0,0.0,0.0,0.0,0.0,0.0,0.0,0.0,0.0,0.0,0.0,0.0,0.0,0.0,0.0,0.0,0.0,0.0,0.0,0.0,0.0,0.0,0.0,0.0,0.0,0.0,0.0,0.0,0.0,0.0,0.0,0.0,0.0,0.0,0.0,0.0
2017-06-01 21:26:00+02:00,0.0,0.0,0.0,0.0,0.0,0.0,0.0,0.0,0.0,0.0,0.0,0.0,0.0,0.0,0.0,0.0,0.0,0.0,0.0,0.0,0.0,0.0,0.0,0.0,0.0,0.0,0.0,0.0,0.0,0.0,0.0,0.0,0.0,0.0,0.0,0.0,0.0,0.0,0.0,0.0,0.0,0.0,0.0,0.0,0.0,0.0,0.0,0.0,0.0,0.0,0.0,0.0,0.0,0.0,0.0,0.0,0.0,0.0,0.0,0.0,0.0,0.0,0.0,0.0,0.0,0.0,0.0,0.0,0.0,0.0,0.0,0.0,0.0,0.0,0.0,0.0,0.0,0.0,0.0,0.0,0.0,0.0,0.0,0.0,0.0,0.0,0.0,0.0,0.0,0.0,0.0,0.0,0.0,0.0,0.0,0.0,0.0,0.0,0.0,0.0,0.0,0.0,0.0,0.0,0.0,0.0,0.0,0.0,0.0,0.0,0.0,0.0,0.0,0.0,0.0,0.0,0.0,0.0
2017-06-01 21:27:00+02:00,0.0,0.0,0.0,0.0,0.0,0.0,0.0,0.0,0.0,0.0,0.0,0.0,0.0,0.0,0.0,0.0,0.0,0.0,0.0,0.0,0.0,0.0,0.0,0.0,0.0,0.0,0.0,0.0,0.0,0.0,0.0,0.0,0.0,0.0,0.0,0.0,0.0,0.0,0.0,0.0,0.0,0.0,0.0,0.0,0.0,0.0,0.0,0.0,0.0,0.0,0.0,0.0,0.0,0.0,0.0,0.0,0.0,0.0,0.0,0.0,0.0,0.0,0.0,0.0,0.0,0.0,0.0,0.0,0.0,0.0,0.0,0.0,0.0,0.0,0.0,0.0,0.0,0.0,0.0,0.0,0.0,0.0,0.0,0.0,0.0,0.0,0.0,0.0,0.0,0.0,0.0,0.0,0.0,0.0,0.0,0.0,0.0,0.0,0.0,0.0,0.0,0.0,0.0,0.0,0.0,0.0,0.0,0.0,0.0,0.0,0.0,0.0,0.0,0.0,0.0,0.0,0.0,0.0
2017-06-01 21:28:00+02:00,0.0,0.0,0.0,0.0,0.0,0.0,0.0,0.0,0.0,0.0,0.0,0.0,0.0,0.0,0.0,0.0,0.0,0.0,0.0,0.0,0.0,0.0,0.0,0.0,0.0,0.0,0.0,0.0,0.0,0.0,0.0,0.0,0.0,0.0,0.0,0.0,0.0,0.0,0.0,0.0,0.0,0.0,0.0,0.0,0.0,0.0,0.0,0.0,0.0,0.0,0.0,0.0,0.0,0.0,0.0,0.0,0.0,0.0,0.0,0.0,0.0,0.0,0.0,0.0,0.0,0.0,0.0,0.0,0.0,0.0,0.0,0.0,0.0,0.0,0.0,0.0,0.0,0.0,0.0,0.0,0.0,0.0,0.0,0.0,0.0,0.0,0.0,0.0,0.0,0.0,0.0,0.0,0.0,0.0,0.0,0.0,0.0,0.0,0.0,0.0,0.0,0.0,0.0,0.0,0.0,0.0,0.0,0.0,0.0,0.0,0.0,0.0,0.0,0.0,0.0,0.0,0.0,0.0
2017-06-01 21:29:00+02:00,0.0,0.0,0.0,0.0,0.0,0.0,0.0,0.0,0.0,0.0,0.0,0.0,0.0,0.0,0.0,0.0,0.0,0.0,0.0,0.0,0.0,0.0,0.0,0.0,0.0,0.0,0.0,0.0,0.0,0.0,0.0,0.0,0.0,0.0,0.0,0.0,0.0,0.0,0.0,0.0,0.0,0.0,0.0,0.0,0.0,0.0,0.0,0.0,0.0,0.0,0.0,0.0,0.0,0.0,0.0,0.0,0.0,0.0,0.0,0.0,0.0,0.0,0.0,0.0,0.0,0.0,0.0,0.0,0.0,0.0,0.0,0.0,0.0,0.0,0.0,0.0,0.0,0.0,0.0,0.0,0.0,0.0,0.0,0.0,0.0,0.0,0.0,0.0,0.0,0.0,0.0,0.0,0.0,0.0,0.0,0.0,0.0,0.0,0.0,0.0,0.0,0.0,0.0,0.0,0.0,0.0,0.0,0.0,0.0,0.0,0.0,0.0,0.0,0.0,0.0,0.0,0.0,0.0
2017-06-01 21:30:00+02:00,0.0,0.0,0.0,0.0,0.0,0.0,0.0,0.0,0.0,0.0,0.0,0.0,0.0,0.0,0.0,0.0,0.0,0.0,0.0,0.0,0.0,0.0,0.0,0.0,0.0,0.0,0.0,0.0,0.0,0.0,0.0,0.0,0.0,0.0,0.0,0.0,0.0,0.0,0.0,0.0,0.0,0.0,0.0,0.0,0.0,0.0,0.0,0.0,0.0,0.0,0.0,0.0,0.0,0.0,0.0,0.0,0.0,0.0,0.0,0.0,0.0,0.0,0.0,0.0,0.0,0.0,0.0,0.0,0.0,0.0,0.0,0.0,0.0,0.0,0.0,0.0,0.0,0.0,0.0,0.0,0.0,0.0,0.0,0.0,0.0,0.0,0.0,0.0,0.0,0.0,0.0,0.0,0.0,0.0,0.0,0.0,0.0,0.0,0.0,0.0,0.0,0.0,0.0,0.0,0.0,0.0,0.0,0.0,0.0,0.0,0.0,0.0,0.0,0.0,0.0,0.0,0.0,0.0
2017-06-01 21:31:00+02:00,0.0,0.0,0.0,0.0,0.0,0.0,0.0,0.0,0.0,0.0,0.0,0.0,0.0,0.0,0.0,0.0,0.0,0.0,0.0,0.0,0.0,0.0,0.0,0.0,0.0,0.0,0.0,0.0,0.0,0.0,0.0,0.0,0.0,0.0,0.0,0.0,0.0,0.0,0.0,0.0,0.0,0.0,0.0,0.0,0.0,0.0,0.0,0.0,0.0,0.0,0.0,0.0,0.0,0.0,0.0,0.0,0.0,0.0,0.0,0.0,0.0,0.0,0.0,0.0,0.0,0.0,0.0,0.0,0.0,0.0,0.0,0.0,0.0,0.0,0.0,0.0,0.0,0.0,0.0,0.0,0.0,0.0,0.0,0.0,0.0,0.0,0.0,0.0,0.0,0.0,0.0,0.0,0.0,0.0,0.0,0.0,0.0,0.0,0.0,0.0,0.0,0.0,0.0,0.0,0.0,0.0,0.0,0.0,0.0,0.0,0.0,0.0,0.0,0.0,0.0,0.0,0.0,0.0
2017-06-01 21:32:00+02:00,0.0,0.0,0.0,0.0,0.0,0.0,0.0,0.0,0.0,0.0,0.0,0.0,0.0,0.0,0.0,0.0,0.0,0.0,0.0,0.0,0.0,0.0,0.0,0.0,0.0,0.0,0.0,0.0,0.0,0.0,0.0,0.0,0.0,0.0,0.0,0.0,0.0,0.0,0.0,0.0,0.0,0.0,0.0,0.0,0.0,0.0,0.0,0.0,0.0,0.0,0.0,0.0,0.0,0.0,0.0,0.0,0.0,0.0,0.0,0.0,0.0,0.0,0.0,0.0,0.0,0.0,0.0,0.0,0.0,0.0,0.0,0.0,0.0,0.0,0.0,0.0,0.0,0.0,0.0,0.0,0.0,0.0,0.0,0.0,0.0,0.0,0.0,0.0,0.0,0.0,0.0,0.0,0.0,0.0,0.0,0.0,0.0,0.0,0.0,0.0,0.0,0.0,0.0,0.0,0.0,0.0,0.0,0.0,0.0,0.0,0.0,0.0,0.0,0.0,0.0,0.0,0.0,0.0
2017-06-01 21:33:00+02:00,0.0,0.0,0.0,0.0,0.0,0.0,0.0,0.0,0.0,0.0,0.0,0.0,0.0,0.0,0.0,0.0,0.0,0.0,0.0,0.0,0.0,0.0,0.0,0.0,0.0,0.0,0.0,0.0,0.0,0.0,0.0,0.0,0.0,0.0,0.0,0.0,0.0,0.0,0.0,0.0,0.0,0.0,0.0,0.0,0.0,0.0,0.0,0.0,0.0,0.0,0.0,0.0,0.0,0.0,0.0,0.0,0.0,0.0,0.0,0.0,0.0,0.0,0.0,0.0,0.0,0.0,0.0,0.0,0.0,0.0,0.0,0.0,0.0,0.0,0.0,0.0,0.0,0.0,0.0,0.0,0.0,0.0,0.0,0.0,0.0,0.0,0.0,0.0,0.0,0.0,0.0,0.0,0.0,0.0,0.0,0.0,0.0,0.0,0.0,0.0,0.0,0.0,0.0,0.0,0.0,0.0,0.0,0.0,0.0,0.0,0.0,0.0,0.0,0.0,0.0,0.0,0.0,0.0
2017-06-01 21:34:00+02:00,0.0,0.0,0.0,0.0,0.0,0.0,0.0,0.0,0.0,0.0,0.0,0.0,0.0,0.0,0.0,0.0,0.0,0.0,0.0,0.0,0.0,0.0,0.0,0.0,0.0,0.0,0.0,0.0,0.0,0.0,0.0,0.0,0.0,0.0,0.0,0.0,0.0,0.0,0.0,0.0,0.0,0.0,0.0,0.0,0.0,0.0,0.0,0.0,0.0,0.0,0.0,0.0,0.0,0.0,0.0,0.0,0.0,0.0,0.0,0.0,0.0,0.0,0.0,0.0,0.0,0.0,0.0,0.0,0.0,0.0,0.0,0.0,0.0,0.0,0.0,0.0,0.0,0.0,0.0,0.0,0.0,0.0,0.0,0.0,0.0,0.0,0.0,0.0,0.0,0.0,0.0,0.0,0.0,0.0,0.0,0.0,0.0,0.0,0.0,0.0,0.0,0.0,0.0,0.0,0.0,0.0,0.0,0.0,0.0,0.0,0.0,0.0,0.0,0.0,0.0,0.0,0.0,0.0
2017-06-01 21:35:00+02:00,0.0,0.0,0.0,0.0,0.0,0.0,0.0,0.0,0.0,0.0,0.0,0.0,0.0,0.0,0.0,0.0,0.0,0.0,0.0,0.0,0.0,0.0,0.0,0.0,0.0,0.0,0.0,0.0,0.0,0.0,0.0,0.0,0.0,0.0,0.0,0.0,0.0,0.0,0.0,0.0,0.0,0.0,0.0,0.0,0.0,0.0,0.0,0.0,0.0,0.0,0.0,0.0,0.0,0.0,0.0,0.0,0.0,0.0,0.0,0.0,0.0,0.0,0.0,0.0,0.0,0.0,0.0,0.0,0.0,0.0,0.0,0.0,0.0,0.0,0.0,0.0,0.0,0.0,0.0,0.0,0.0,0.0,0.0,0.0,0.0,0.0,0.0,0.0,0.0,0.0,0.0,0.0,0.0,0.0,0.0,0.0,0.0,0.0,0.0,0.0,0.0,0.0,0.0,0.0,0.0,0.0,0.0,0.0,0.0,0.0,0.0,0.0,0.0,0.0,0.0,0.0,0.0,0.0
2017-06-01 21:36:00+02:00,0.0,0.0,0.0,0.0,0.0,0.0,0.0,0.0,0.0,0.0,0.0,0.0,0.0,0.0,0.0,0.0,0.0,0.0,0.0,0.0,0.0,0.0,0.0,0.0,0.0,0.0,0.0,0.0,0.0,0.0,0.0,0.0,0.0,0.0,0.0,0.0,0.0,0.0,0.0,0.0,0.0,0.0,0.0,0.0,0.0,0.0,0.0,0.0,0.0,0.0,0.0,0.0,0.0,0.0,0.0,0.0,0.0,0.0,0.0,0.0,0.0,0.0,0.0,0.0,0.0,0.0,0.0,0.0,0.0,0.0,0.0,0.0,0.0,0.0,0.0,0.0,0.0,0.0,0.0,0.0,0.0,0.0,0.0,0.0,0.0,0.0,0.0,0.0,0.0,0.0,0.0,0.0,0.0,0.0,0.0,0.0,0.0,0.0,0.0,0.0,0.0,0.0,0.0,0.0,0.0,0.0,0.0,0.0,0.0,0.0,0.0,0.0,0.0,0.0,0.0,0.0,0.0,0.0
2017-06-01 21:37:00+02:00,0.0,0.0,0.0,0.0,0.0,0.0,0.0,0.0,0.0,0.0,0.0,0.0,0.0,0.0,0.0,0.0,0.0,0.0,0.0,0.0,0.0,0.0,0.0,0.0,0.0,0.0,0.0,0.0,0.0,0.0,0.0,0.0,0.0,0.0,0.0,0.0,0.0,0.0,0.0,0.0,0.0,0.0,0.0,0.0,0.0,0.0,0.0,0.0,0.0,0.0,0.0,0.0,0.0,0.0,0.0,0.0,0.0,0.0,0.0,0.0,0.0,0.0,0.0,0.0,0.0,0.0,0.0,0.0,0.0,0.0,0.0,0.0,0.0,0.0,0.0,0.0,0.0,0.0,0.0,0.0,0.0,0.0,0.0,0.0,0.0,0.0,0.0,0.0,0.0,0.0,0.0,0.0,0.0,0.0,0.0,0.0,0.0,0.0,0.0,0.0,0.0,0.0,0.0,0.0,0.0,0.0,0.0,0.0,0.0,0.0,0.0,0.0,0.0,0.0,0.0,0.0,0.0,0.0
2017-06-01 21:38:00+02:00,0.0,0.0,0.0,0.0,0.0,0.0,0.0,0.0,0.0,0.0,0.0,0.0,0.0,0.0,0.0,0.0,0.0,0.0,0.0,0.0,0.0,0.0,0.0,0.0,0.0,0.0,0.0,0.0,0.0,0.0,0.0,0.0,0.0,0.0,0.0,0.0,0.0,0.0,0.0,0.0,0.0,0.0,0.0,0.0,0.0,0.0,0.0,0.0,0.0,0.0,0.0,0.0,0.0,0.0,0.0,0.0,0.0,0.0,0.0,0.0,0.0,0.0,0.0,0.0,0.0,0.0,0.0,0.0,0.0,0.0,0.0,0.0,0.0,0.0,0.0,0.0,0.0,0.0,0.0,0.0,0.0,0.0,0.0,0.0,0.0,0.0,0.0,0.0,0.0,0.0,0.0,0.0,0.0,0.0,0.0,0.0,0.0,0.0,0.0,0.0,0.0,0.0,0.0,0.0,0.0,0.0,0.0,0.0,0.0,0.0,0.0,0.0,0.0,0.0,0.0,0.0,0.0,0.0
2017-06-01 21:39:00+02:00,0.0,0.0,0.0,0.0,0.0,0.0,0.0,0.0,0.0,0.0,0.0,0.0,0.0,0.0,0.0,0.0,0.0,0.0,0.0,0.0,0.0,0.0,0.0,0.0,0.0,0.0,0.0,0.0,0.0,0.0,0.0,0.0,0.0,0.0,0.0,0.0,0.0,0.0,0.0,0.0,0.0,0.0,0.0,0.0,0.0,0.0,0.0,0.0,0.0,0.0,0.0,0.0,0.0,0.0,0.0,0.0,0.0,0.0,0.0,0.0,0.0,0.0,0.0,0.0,0.0,0.0,0.0,0.0,0.0,0.0,0.0,0.0,0.0,0.0,0.0,0.0,0.0,0.0,0.0,0.0,0.0,0.0,0.0,0.0,0.0,0.0,0.0,0.0,0.0,0.0,0.0,0.0,0.0,0.0,0.0,0.0,0.0,0.0,0.0,0.0,0.0,0.0,0.0,0.0,0.0,0.0,0.0,0.0,0.0,0.0,0.0,0.0,0.0,0.0,0.0,0.0,0.0,0.0
2017-06-01 21:40:00+02:00,0.0,0.0,0.0,0.0,0.0,0.0,0.0,0.0,0.0,0.0,0.0,0.0,0.0,0.0,0.0,0.0,0.0,0.0,0.0,0.0,0.0,0.0,0.0,0.0,0.0,0.0,0.0,0.0,0.0,0.0,0.0,0.0,0.0,0.0,0.0,0.0,0.0,0.0,0.0,0.0,0.0,0.0,0.0,0.0,0.0,0.0,0.0,0.0,0.0,0.0,0.0,0.0,0.0,0.0,0.0,0.0,0.0,0.0,0.0,0.0,0.0,0.0,0.0,0.0,0.0,0.0,0.0,0.0,0.0,0.0,0.0,0.0,0.0,0.0,0.0,0.0,0.0,0.0,0.0,0.0,0.0,0.0,0.0,0.0,0.0,0.0,0.0,0.0,0.0,0.0,0.0,0.0,0.0,0.0,0.0,0.0,0.0,0.0,0.0,0.0,0.0,0.0,0.0,0.0,0.0,0.0,0.0,0.0,0.0,0.0,0.0,0.0,0.0,0.0,0.0,0.0,0.0,0.0
2017-06-01 21:41:00+02:00,0.0,0.0,0.0,0.0,0.0,0.0,0.0,0.0,0.0,0.0,0.0,0.0,0.0,0.0,0.0,0.0,0.0,0.0,0.0,0.0,0.0,0.0,0.0,0.0,0.0,0.0,0.0,0.0,0.0,0.0,0.0,0.0,0.0,0.0,0.0,0.0,0.0,0.0,0.0,0.0,0.0,0.0,0.0,0.0,0.0,0.0,0.0,0.0,0.0,0.0,0.0,0.0,0.0,0.0,0.0,0.0,0.0,0.0,0.0,0.0,0.0,0.0,0.0,0.0,0.0,0.0,0.0,0.0,0.0,0.0,0.0,0.0,0.0,0.0,0.0,0.0,0.0,0.0,0.0,0.0,0.0,0.0,0.0,0.0,0.0,0.0,0.0,0.0,0.0,0.0,0.0,0.0,0.0,0.0,0.0,0.0,0.0,0.0,0.0,0.0,0.0,0.0,0.0,0.0,0.0,0.0,0.0,0.0,0.0,0.0,0.0,0.0,0.0,0.0,0.0,0.0,0.0,0.0
2017-06-01 21:42:00+02:00,0.0,0.0,0.0,0.0,0.0,0.0,0.0,0.0,0.0,0.0,0.0,0.0,0.0,0.0,0.0,0.0,0.0,0.0,0.0,0.0,0.0,0.0,0.0,0.0,0.0,0.0,0.0,0.0,0.0,0.0,0.0,0.0,0.0,0.0,0.0,0.0,0.0,0.0,0.0,0.0,0.0,0.0,0.0,0.0,0.0,0.0,0.0,0.0,0.0,0.0,0.0,0.0,0.0,0.0,0.0,0.0,0.0,0.0,0.0,0.0,0.0,0.0,0.0,0.0,0.0,0.0,0.0,0.0,0.0,0.0,0.0,0.0,0.0,0.0,0.0,0.0,0.0,0.0,0.0,0.0,0.0,0.0,0.0,0.0,0.0,0.0,0.0,0.0,0.0,0.0,0.0,0.0,0.0,0.0,0.0,0.0,0.0,0.0,0.0,0.0,0.0,0.0,0.0,0.0,0.0,0.0,0.0,0.0,0.0,0.0,0.0,0.0,0.0,0.0,0.0,0.0,0.0,0.0
2017-06-01 21:43:00+02:00,0.0,0.0,0.0,0.0,0.0,0.0,0.0,0.0,0.0,0.0,0.0,0.0,0.0,0.0,0.0,0.0,0.0,0.0,0.0,0.0,0.0,0.0,0.0,0.0,0.0,0.0,0.0,0.0,0.0,0.0,0.0,0.0,0.0,0.0,0.0,0.0,0.0,0.0,0.0,0.0,0.0,0.0,0.0,0.0,0.0,0.0,0.0,0.0,0.0,0.0,0.0,0.0,0.0,0.0,0.0,0.0,0.0,0.0,0.0,0.0,0.0,0.0,0.0,0.0,0.0,0.0,0.0,0.0,0.0,0.0,0.0,0.0,0.0,0.0,0.0,0.0,0.0,0.0,0.0,0.0,0.0,0.0,0.0,0.0,0.0,0.0,0.0,0.0,0.0,0.0,0.0,0.0,0.0,0.0,0.0,0.0,0.0,0.0,0.0,0.0,0.0,0.0,0.0,0.0,0.0,0.0,0.0,0.0,0.0,0.0,0.0,0.0,0.0,0.0,0.0,0.0,0.0,0.0
2017-06-01 21:44:00+02:00,0.0,0.0,0.0,0.0,0.0,0.0,0.0,0.0,0.0,0.0,0.0,0.0,0.0,0.0,0.0,0.0,0.0,0.0,0.0,0.0,0.0,0.0,0.0,0.0,0.0,0.0,0.0,0.0,0.0,0.0,0.0,0.0,0.0,0.0,0.0,0.0,0.0,0.0,0.0,0.0,0.0,0.0,0.0,0.0,0.0,0.0,0.0,0.0,0.0,0.0,0.0,0.0,0.0,0.0,0.0,0.0,0.0,0.0,0.0,0.0,0.0,0.0,0.0,0.0,0.0,0.0,0.0,0.0,0.0,0.0,0.0,0.0,0.0,0.0,0.0,0.0,0.0,0.0,0.0,0.0,0.0,0.0,0.0,0.0,0.0,0.0,0.0,0.0,0.0,0.0,0.0,0.0,0.0,0.0,0.0,0.0,0.0,0.0,0.0,0.0,0.0,0.0,0.0,0.0,0.0,0.0,0.0,0.0,0.0,0.0,0.0,0.0,0.0,0.0,0.0,0.0,0.0,0.0
2017-06-01 21:45:00+02:00,0.0,0.0,0.0,0.0,0.0,0.0,0.0,0.0,0.0,0.0,0.0,0.0,0.0,0.0,0.0,0.0,0.0,0.0,0.0,0.0,0.0,0.0,0.0,0.0,0.0,0.0,0.0,0.0,0.0,0.0,0.0,0.0,0.0,0.0,0.0,0.0,0.0,0.0,0.0,0.0,0.0,0.0,0.0,0.0,0.0,0.0,0.0,0.0,0.0,0.0,0.0,0.0,0.0,0.0,0.0,0.0,0.0,0.0,0.0,0.0,0.0,0.0,0.0,0.0,0.0,0.0,0.0,0.0,0.0,0.0,0.0,0.0,0.0,0.0,0.0,0.0,0.0,0.0,0.0,0.0,0.0,0.0,0.0,0.0,0.0,0.0,0.0,0.0,0.0,0.0,0.0,0.0,0.0,0.0,0.0,0.0,0.0,0.0,0.0,0.0,0.0,0.0,0.0,0.0,0.0,0.0,0.0,0.0,0.0,0.0,0.0,0.0,0.0,0.0,0.0,0.0,0.0,0.0
2017-06-01 21:46:00+02:00,0.0,0.0,0.0,0.0,0.0,0.0,0.0,0.0,0.0,0.0,0.0,0.0,0.0,0.0,0.0,0.0,0.0,0.0,0.0,0.0,0.0,0.0,0.0,0.0,0.0,0.0,0.0,0.0,0.0,0.0,0.0,0.0,0.0,0.0,0.0,0.0,0.0,0.0,0.0,0.0,0.0,0.0,0.0,0.0,0.0,0.0,0.0,0.0,0.0,0.0,0.0,0.0,0.0,0.0,0.0,0.0,0.0,0.0,0.0,0.0,0.0,0.0,0.0,0.0,0.0,0.0,0.0,0.0,0.0,0.0,0.0,0.0,0.0,0.0,0.0,0.0,0.0,0.0,0.0,0.0,0.0,0.0,0.0,0.0,0.0,0.0,0.0,0.0,0.0,0.0,0.0,0.0,0.0,0.0,0.0,0.0,0.0,0.0,0.0,0.0,0.0,0.0,0.0,0.0,0.0,0.0,0.0,0.0,0.0,0.0,0.0,0.0,0.0,0.0,0.0,0.0,0.0,0.0
2017-06-01 21:47:00+02:00,0.0,0.0,0.0,0.0,0.0,0.0,0.0,0.0,0.0,0.0,0.0,0.0,0.0,0.0,0.0,0.0,0.0,0.0,0.0,0.0,0.0,0.0,0.0,0.0,0.0,0.0,0.0,0.0,0.0,0.0,0.0,0.0,0.0,0.0,0.0,0.0,0.0,0.0,0.0,0.0,0.0,0.0,0.0,0.0,0.0,0.0,0.0,0.0,0.0,0.0,0.0,0.0,0.0,0.0,0.0,0.0,0.0,0.0,0.0,0.0,0.0,0.0,0.0,0.0,0.0,0.0,0.0,0.0,0.0,0.0,0.0,0.0,0.0,0.0,0.0,0.0,0.0,0.0,0.0,0.0,0.0,0.0,0.0,0.0,0.0,0.0,0.0,0.0,0.0,0.0,0.0,0.0,0.0,0.0,0.0,0.0,0.0,0.0,0.0,0.0,0.0,0.0,0.0,0.0,0.0,0.0,0.0,0.0,0.0,0.0,0.0,0.0,0.0,0.0,0.0,0.0,0.0,0.0
2017-06-01 21:48:00+02:00,0.0,0.0,0.0,0.0,0.0,0.0,0.0,0.0,0.0,0.0,0.0,0.0,0.0,0.0,0.0,0.0,0.0,0.0,0.0,0.0,0.0,0.0,0.0,0.0,0.0,0.0,0.0,0.0,0.0,0.0,0.0,0.0,0.0,0.0,0.0,0.0,0.0,0.0,0.0,0.0,0.0,0.0,0.0,0.0,0.0,0.0,0.0,0.0,0.0,0.0,0.0,0.0,0.0,0.0,0.0,0.0,0.0,0.0,0.0,0.0,0.0,0.0,0.0,0.0,0.0,0.0,0.0,0.0,0.0,0.0,0.0,0.0,0.0,0.0,0.0,0.0,0.0,0.0,0.0,0.0,0.0,0.0,0.0,0.0,0.0,0.0,0.0,0.0,0.0,0.0,0.0,0.0,0.0,0.0,0.0,0.0,0.0,0.0,0.0,0.0,0.0,0.0,0.0,0.0,0.0,0.0,0.0,0.0,0.0,0.0,0.0,0.0,0.0,0.0,0.0,0.0,0.0,0.0
2017-06-01 21:49:00+02:00,0.0,0.0,0.0,0.0,0.0,0.0,0.0,0.0,0.0,0.0,0.0,0.0,0.0,0.0,0.0,0.0,0.0,0.0,0.0,0.0,0.0,0.0,0.0,0.0,0.0,0.0,0.0,0.0,0.0,0.0,0.0,0.0,0.0,0.0,0.0,0.0,0.0,0.0,0.0,0.0,0.0,0.0,0.0,0.0,0.0,0.0,0.0,0.0,0.0,0.0,0.0,0.0,0.0,0.0,0.0,0.0,0.0,0.0,0.0,0.0,0.0,0.0,0.0,0.0,0.0,0.0,0.0,0.0,0.0,0.0,0.0,0.0,0.0,0.0,0.0,0.0,0.0,0.0,0.0,0.0,0.0,0.0,0.0,0.0,0.0,0.0,0.0,0.0,0.0,0.0,0.0,0.0,0.0,0.0,0.0,0.0,0.0,0.0,0.0,0.0,0.0,0.0,0.0,0.0,0.0,0.0,0.0,0.0,0.0,0.0,0.0,0.0,0.0,0.0,0.0,0.0,0.0,0.0
2017-06-01 21:50:00+02:00,0.0,0.0,0.0,0.0,0.0,0.0,0.0,0.0,0.0,0.0,0.0,0.0,0.0,0.0,0.0,0.0,0.0,0.0,0.0,0.0,0.0,0.0,0.0,0.0,0.0,0.0,0.0,0.0,0.0,0.0,0.0,0.0,0.0,0.0,0.0,0.0,0.0,0.0,0.0,0.0,0.0,0.0,0.0,0.0,0.0,0.0,0.0,0.0,0.0,0.0,0.0,0.0,0.0,0.0,0.0,0.0,0.0,0.0,0.0,0.0,0.0,0.0,0.0,0.0,0.0,0.0,0.0,0.0,0.0,0.0,0.0,0.0,0.0,0.0,0.0,0.0,0.0,0.0,0.0,0.0,0.0,0.0,0.0,0.0,0.0,0.0,0.0,0.0,0.0,0.0,0.0,0.0,0.0,0.0,0.0,0.0,0.0,0.0,0.0,0.0,0.0,0.0,0.0,0.0,0.0,0.0,0.0,0.0,0.0,0.0,0.0,0.0,0.0,0.0,0.0,0.0,0.0,0.0
2017-06-01 21:51:00+02:00,0.0,0.0,0.0,0.0,0.0,0.0,0.0,0.0,0.0,0.0,0.0,0.0,0.0,0.0,0.0,0.0,0.0,0.0,0.0,0.0,0.0,0.0,0.0,0.0,0.0,0.0,0.0,0.0,0.0,0.0,0.0,0.0,0.0,0.0,0.0,0.0,0.0,0.0,0.0,0.0,0.0,0.0,0.0,0.0,0.0,0.0,0.0,0.0,0.0,0.0,0.0,0.0,0.0,0.0,0.0,0.0,0.0,0.0,0.0,0.0,0.0,0.0,0.0,0.0,0.0,0.0,0.0,0.0,0.0,0.0,0.0,0.0,0.0,0.0,0.0,0.0,0.0,0.0,0.0,0.0,0.0,0.0,0.0,0.0,0.0,0.0,0.0,0.0,0.0,0.0,0.0,0.0,0.0,0.0,0.0,0.0,0.0,0.0,0.0,0.0,0.0,0.0,0.0,0.0,0.0,0.0,0.0,0.0,0.0,0.0,0.0,0.0,0.0,0.0,0.0,0.0,0.0,0.0
2017-06-01 21:52:00+02:00,0.0,0.0,0.0,0.0,0.0,0.0,0.0,0.0,0.0,0.0,0.0,0.0,0.0,0.0,0.0,0.0,0.0,0.0,0.0,0.0,0.0,0.0,0.0,0.0,0.0,0.0,0.0,0.0,0.0,0.0,0.0,0.0,0.0,0.0,0.0,0.0,0.0,0.0,0.0,0.0,0.0,0.0,0.0,0.0,0.0,0.0,0.0,0.0,0.0,0.0,0.0,0.0,0.0,0.0,0.0,0.0,0.0,0.0,0.0,0.0,0.0,0.0,0.0,0.0,0.0,0.0,0.0,0.0,0.0,0.0,0.0,0.0,0.0,0.0,0.0,0.0,0.0,0.0,0.0,0.0,0.0,0.0,0.0,0.0,0.0,0.0,0.0,0.0,0.0,0.0,0.0,0.0,0.0,0.0,0.0,0.0,0.0,0.0,0.0,0.0,0.0,0.0,0.0,0.0,0.0,0.0,0.0,0.0,0.0,0.0,0.0,0.0,0.0,0.0,0.0,0.0,0.0,0.0
2017-06-01 21:53:00+02:00,0.0,0.0,0.0,0.0,0.0,0.0,0.0,0.0,0.0,0.0,0.0,0.0,0.0,0.0,0.0,0.0,0.0,0.0,0.0,0.0,0.0,0.0,0.0,0.0,0.0,0.0,0.0,0.0,0.0,0.0,0.0,0.0,0.0,0.0,0.0,0.0,0.0,0.0,0.0,0.0,0.0,0.0,0.0,0.0,0.0,0.0,0.0,0.0,0.0,0.0,0.0,0.0,0.0,0.0,0.0,0.0,0.0,0.0,0.0,0.0,0.0,0.0,0.0,0.0,0.0,0.0,0.0,0.0,0.0,0.0,0.0,0.0,0.0,0.0,0.0,0.0,0.0,0.0,0.0,0.0,0.0,0.0,0.0,0.0,0.0,0.0,0.0,0.0,0.0,0.0,0.0,0.0,0.0,0.0,0.0,0.0,0.0,0.0,0.0,0.0,0.0,0.0,0.0,0.0,0.0,0.0,0.0,0.0,0.0,0.0,0.0,0.0,0.0,0.0,0.0,0.0,0.0,0.0
2017-06-01 21:54:00+02:00,0.0,0.0,0.0,0.0,0.0,0.0,0.0,0.0,0.0,0.0,0.0,0.0,0.0,0.0,0.0,0.0,0.0,0.0,0.0,0.0,0.0,0.0,0.0,0.0,0.0,0.0,0.0,0.0,0.0,0.0,0.0,0.0,0.0,0.0,0.0,0.0,0.0,0.0,0.0,0.0,0.0,0.0,0.0,0.0,0.0,0.0,0.0,0.0,0.0,0.0,0.0,0.0,0.0,0.0,0.0,0.0,0.0,0.0,0.0,0.0,0.0,0.0,0.0,0.0,0.0,0.0,0.0,0.0,0.0,0.0,0.0,0.0,0.0,0.0,0.0,0.0,0.0,0.0,0.0,0.0,0.0,0.0,0.0,0.0,0.0,0.0,0.0,0.0,0.0,0.0,0.0,0.0,0.0,0.0,0.0,0.0,0.0,0.0,0.0,0.0,0.0,0.0,0.0,0.0,0.0,0.0,0.0,0.0,0.0,0.0,0.0,0.0,0.0,0.0,0.0,0.0,0.0,0.0
2017-06-01 21:55:00+02:00,0.0,0.0,0.0,0.0,0.0,0.0,0.0,0.0,0.0,0.0,0.0,0.0,0.0,0.0,0.0,0.0,0.0,0.0,0.0,0.0,0.0,0.0,0.0,0.0,0.0,0.0,0.0,0.0,0.0,0.0,0.0,0.0,0.0,0.0,0.0,0.0,0.0,0.0,0.0,0.0,0.0,0.0,0.0,0.0,0.0,0.0,0.0,0.0,0.0,0.0,0.0,0.0,0.0,0.0,0.0,0.0,0.0,0.0,0.0,0.0,0.0,0.0,0.0,0.0,0.0,0.0,0.0,0.0,0.0,0.0,0.0,0.0,0.0,0.0,0.0,0.0,0.0,0.0,0.0,0.0,0.0,0.0,0.0,0.0,0.0,0.0,0.0,0.0,0.0,0.0,0.0,0.0,0.0,0.0,0.0,0.0,0.0,0.0,0.0,0.0,0.0,0.0,0.0,0.0,0.0,0.0,0.0,0.0,0.0,0.0,0.0,0.0,0.0,0.0,0.0,0.0,0.0,0.0
2017-06-01 21:56:00+02:00,0.0,0.0,0.0,0.0,0.0,0.0,0.0,0.0,0.0,0.0,0.0,0.0,0.0,0.0,0.0,0.0,0.0,0.0,0.0,0.0,0.0,0.0,0.0,0.0,0.0,0.0,0.0,0.0,0.0,0.0,0.0,0.0,0.0,0.0,0.0,0.0,0.0,0.0,0.0,0.0,0.0,0.0,0.0,0.0,0.0,0.0,0.0,0.0,0.0,0.0,0.0,0.0,0.0,0.0,0.0,0.0,0.0,0.0,0.0,0.0,0.0,0.0,0.0,0.0,0.0,0.0,0.0,0.0,0.0,0.0,0.0,0.0,0.0,0.0,0.0,0.0,0.0,0.0,0.0,0.0,0.0,0.0,0.0,0.0,0.0,0.0,0.0,0.0,0.0,0.0,0.0,0.0,0.0,0.0,0.0,0.0,0.0,0.0,0.0,0.0,0.0,0.0,0.0,0.0,0.0,0.0,0.0,0.0,0.0,0.0,0.0,0.0,0.0,0.0,0.0,0.0,0.0,0.0
2017-06-01 21:57:00+02:00,0.0,0.0,0.0,0.0,0.0,0.0,0.0,0.0,0.0,0.0,0.0,0.0,0.0,0.0,0.0,0.0,0.0,0.0,0.0,0.0,0.0,0.0,0.0,0.0,0.0,0.0,0.0,0.0,0.0,0.0,0.0,0.0,0.0,0.0,0.0,0.0,0.0,0.0,0.0,0.0,0.0,0.0,0.0,0.0,0.0,0.0,0.0,0.0,0.0,0.0,0.0,0.0,0.0,0.0,0.0,0.0,0.0,0.0,0.0,0.0,0.0,0.0,0.0,0.0,0.0,0.0,0.0,0.0,0.0,0.0,0.0,0.0,0.0,0.0,0.0,0.0,0.0,0.0,0.0,0.0,0.0,0.0,0.0,0.0,0.0,0.0,0.0,0.0,0.0,0.0,0.0,0.0,0.0,0.0,0.0,0.0,0.0,0.0,0.0,0.0,0.0,0.0,0.0,0.0,0.0,0.0,0.0,0.0,0.0,0.0,0.0,0.0,0.0,0.0,0.0,0.0,0.0,0.0
2017-06-01 21:58:00+02:00,0.0,0.0,0.0,0.0,0.0,0.0,0.0,0.0,0.0,0.0,0.0,0.0,0.0,0.0,0.0,0.0,0.0,0.0,0.0,0.0,0.0,0.0,0.0,0.0,0.0,0.0,0.0,0.0,0.0,0.0,0.0,0.0,0.0,0.0,0.0,0.0,0.0,0.0,0.0,0.0,0.0,0.0,0.0,0.0,0.0,0.0,0.0,0.0,0.0,0.0,0.0,0.0,0.0,0.0,0.0,0.0,0.0,0.0,0.0,0.0,0.0,0.0,0.0,0.0,0.0,0.0,0.0,0.0,0.0,0.0,0.0,0.0,0.0,0.0,0.0,0.0,0.0,0.0,0.0,0.0,0.0,0.0,0.0,0.0,0.0,0.0,0.0,0.0,0.0,0.0,0.0,0.0,0.0,0.0,0.0,0.0,0.0,0.0,0.0,0.0,0.0,0.0,0.0,0.0,0.0,0.0,0.0,0.0,0.0,0.0,0.0,0.0,0.0,0.0,0.0,0.0,0.0,0.0
2017-06-01 21:59:00+02:00,0.0,0.0,0.0,0.0,0.0,0.0,0.0,0.0,0.0,0.0,0.0,0.0,0.0,0.0,0.0,0.0,0.0,0.0,0.0,0.0,0.0,0.0,0.0,0.0,0.0,0.0,0.0,0.0,0.0,0.0,0.0,0.0,0.0,0.0,0.0,0.0,0.0,0.0,0.0,0.0,0.0,0.0,0.0,0.0,0.0,0.0,0.0,0.0,0.0,0.0,0.0,0.0,0.0,0.0,0.0,0.0,0.0,0.0,0.0,0.0,0.0,0.0,0.0,0.0,0.0,0.0,0.0,0.0,0.0,0.0,0.0,0.0,0.0,0.0,0.0,0.0,0.0,0.0,0.0,0.0,0.0,0.0,0.0,0.0,0.0,0.0,0.0,0.0,0.0,0.0,0.0,0.0,0.0,0.0,0.0,0.0,0.0,0.0,0.0,0.0,0.0,0.0,0.0,0.0,0.0,0.0,0.0,0.0,0.0,0.0,0.0,0.0,0.0,0.0,0.0,0.0,0.0,0.0
2017-06-01 22:00:00+02:00,0.0,0.0,0.0,0.0,0.0,0.0,0.0,0.0,0.0,0.0,0.0,0.0,0.0,0.0,0.0,0.0,0.0,0.0,0.0,0.0,0.0,0.0,0.0,0.0,0.0,0.0,0.0,0.0,0.0,0.0,0.0,0.0,0.0,0.0,0.0,0.0,0.0,0.0,0.0,0.0,0.0,0.0,0.0,0.0,0.0,0.0,0.0,0.0,0.0,0.0,0.0,0.0,0.0,0.0,0.0,0.0,0.0,0.0,0.0,0.0,0.0,0.0,0.0,0.0,0.0,0.0,0.0,0.0,0.0,0.0,0.0,0.0,0.0,0.0,0.0,0.0,0.0,0.0,0.0,0.0,0.0,0.0,0.0,0.0,0.0,0.0,0.0,0.0,0.0,0.0,0.0,0.0,0.0,0.0,0.0,0.0,0.0,0.0,0.0,0.0,0.0,0.0,0.0,0.0,0.0,0.0,0.0,0.0,0.0,0.0,0.0,0.0,0.0,0.0,0.0,0.0,0.0,0.0
2017-06-01 22:01:00+02:00,0.0,0.0,0.0,0.0,0.0,0.0,0.0,0.0,0.0,0.0,0.0,0.0,0.0,0.0,0.0,0.0,0.0,0.0,0.0,0.0,0.0,0.0,0.0,0.0,0.0,0.0,0.0,0.0,0.0,0.0,0.0,0.0,0.0,0.0,0.0,0.0,0.0,0.0,0.0,0.0,0.0,0.0,0.0,0.0,0.0,0.0,0.0,0.0,0.0,0.0,0.0,0.0,0.0,0.0,0.0,0.0,0.0,0.0,0.0,0.0,0.0,0.0,0.0,0.0,0.0,0.0,0.0,0.0,0.0,0.0,0.0,0.0,0.0,0.0,0.0,0.0,0.0,0.0,0.0,0.0,0.0,0.0,0.0,0.0,0.0,0.0,0.0,0.0,0.0,0.0,0.0,0.0,0.0,0.0,0.0,0.0,0.0,0.0,0.0,0.0,0.0,0.0,0.0,0.0,0.0,0.0,0.0,0.0,0.0,0.0,0.0,0.0,0.0,0.0,0.0,0.0,0.0,0.0
2017-06-01 22:02:00+02:00,0.0,0.0,0.0,0.0,0.0,0.0,0.0,0.0,0.0,0.0,0.0,0.0,0.0,0.0,0.0,0.0,0.0,0.0,0.0,0.0,0.0,0.0,0.0,0.0,0.0,0.0,0.0,0.0,0.0,0.0,0.0,0.0,0.0,0.0,0.0,0.0,0.0,0.0,0.0,0.0,0.0,0.0,0.0,0.0,0.0,0.0,0.0,0.0,0.0,0.0,0.0,0.0,0.0,0.0,0.0,0.0,0.0,0.0,0.0,0.0,0.0,0.0,0.0,0.0,0.0,0.0,0.0,0.0,0.0,0.0,0.0,0.0,0.0,0.0,0.0,0.0,0.0,0.0,0.0,0.0,0.0,0.0,0.0,0.0,0.0,0.0,0.0,0.0,0.0,0.0,0.0,0.0,0.0,0.0,0.0,0.0,0.0,0.0,0.0,0.0,0.0,0.0,0.0,0.0,0.0,0.0,0.0,0.0,0.0,0.0,0.0,0.0,0.0,0.0,0.0,0.0,0.0,0.0
2017-06-01 22:03:00+02:00,0.0,0.0,0.0,0.0,0.0,0.0,0.0,0.0,0.0,0.0,0.0,0.0,0.0,0.0,0.0,0.0,0.0,0.0,0.0,0.0,0.0,0.0,0.0,0.0,0.0,0.0,0.0,0.0,0.0,0.0,0.0,0.0,0.0,0.0,0.0,0.0,0.0,0.0,0.0,0.0,0.0,0.0,0.0,0.0,0.0,0.0,0.0,0.0,0.0,0.0,0.0,0.0,0.0,0.0,0.0,0.0,0.0,0.0,0.0,0.0,0.0,0.0,0.0,0.0,0.0,0.0,0.0,0.0,0.0,0.0,0.0,0.0,0.0,0.0,0.0,0.0,0.0,0.0,0.0,0.0,0.0,0.0,0.0,0.0,0.0,0.0,0.0,0.0,0.0,0.0,0.0,0.0,0.0,0.0,0.0,0.0,0.0,0.0,0.0,0.0,0.0,0.0,0.0,0.0,0.0,0.0,0.0,0.0,0.0,0.0,0.0,0.0,0.0,0.0,0.0,0.0,0.0,0.0
2017-06-01 22:04:00+02:00,0.0,0.0,0.0,0.0,0.0,0.0,0.0,0.0,0.0,0.0,0.0,0.0,0.0,0.0,0.0,0.0,0.0,0.0,0.0,0.0,0.0,0.0,0.0,0.0,0.0,0.0,0.0,0.0,0.0,0.0,0.0,0.0,0.0,0.0,0.0,0.0,0.0,0.0,0.0,0.0,0.0,0.0,0.0,0.0,0.0,0.0,0.0,0.0,0.0,0.0,0.0,0.0,0.0,0.0,0.0,0.0,0.0,0.0,0.0,0.0,0.0,0.0,0.0,0.0,0.0,0.0,0.0,0.0,0.0,0.0,0.0,0.0,0.0,0.0,0.0,0.0,0.0,0.0,0.0,0.0,0.0,0.0,0.0,0.0,0.0,0.0,0.0,0.0,0.0,0.0,0.0,0.0,0.0,0.0,0.0,0.0,0.0,0.0,0.0,0.0,0.0,0.0,0.0,0.0,0.0,0.0,0.0,0.0,0.0,0.0,0.0,0.0,0.0,0.0,0.0,0.0,0.0,0.0
2017-06-01 22:05:00+02:00,0.0,0.0,0.0,0.0,0.0,0.0,0.0,0.0,0.0,0.0,0.0,0.0,0.0,0.0,0.0,0.0,0.0,0.0,0.0,0.0,0.0,0.0,0.0,0.0,0.0,0.0,0.0,0.0,0.0,0.0,0.0,0.0,0.0,0.0,0.0,0.0,0.0,0.0,0.0,0.0,0.0,0.0,0.0,0.0,0.0,0.0,0.0,0.0,0.0,0.0,0.0,0.0,0.0,0.0,0.0,0.0,0.0,0.0,0.0,0.0,0.0,0.0,0.0,0.0,0.0,0.0,0.0,0.0,0.0,0.0,0.0,0.0,0.0,0.0,0.0,0.0,0.0,0.0,0.0,0.0,0.0,0.0,0.0,0.0,0.0,0.0,0.0,0.0,0.0,0.0,0.0,0.0,0.0,0.0,0.0,0.0,0.0,0.0,0.0,0.0,0.0,0.0,0.0,0.0,0.0,0.0,0.0,0.0,0.0,0.0,0.0,0.0,0.0,0.0,0.0,0.0,0.0,0.0
2017-06-01 22:06:00+02:00,0.0,0.0,0.0,0.0,0.0,0.0,0.0,0.0,0.0,0.0,0.0,0.0,0.0,0.0,0.0,0.0,0.0,0.0,0.0,0.0,0.0,0.0,0.0,0.0,0.0,0.0,0.0,0.0,0.0,0.0,0.0,0.0,0.0,0.0,0.0,0.0,0.0,0.0,0.0,0.0,0.0,0.0,0.0,0.0,0.0,0.0,0.0,0.0,0.0,0.0,0.0,0.0,0.0,0.0,0.0,0.0,0.0,0.0,0.0,0.0,0.0,0.0,0.0,0.0,0.0,0.0,0.0,0.0,0.0,0.0,0.0,0.0,0.0,0.0,0.0,0.0,0.0,0.0,0.0,0.0,0.0,0.0,0.0,0.0,0.0,0.0,0.0,0.0,0.0,0.0,0.0,0.0,0.0,0.0,0.0,0.0,0.0,0.0,0.0,0.0,0.0,0.0,0.0,0.0,0.0,0.0,0.0,0.0,0.0,0.0,0.0,0.0,0.0,0.0,0.0,0.0,0.0,0.0
2017-06-01 22:07:00+02:00,0.0,0.0,0.0,0.0,0.0,0.0,0.0,0.0,0.0,0.0,0.0,0.0,0.0,0.0,0.0,0.0,0.0,0.0,0.0,0.0,0.0,0.0,0.0,0.0,0.0,0.0,0.0,0.0,0.0,0.0,0.0,0.0,0.0,0.0,0.0,0.0,0.0,0.0,0.0,0.0,0.0,0.0,0.0,0.0,0.0,0.0,0.0,0.0,0.0,0.0,0.0,0.0,0.0,0.0,0.0,0.0,0.0,0.0,0.0,0.0,0.0,0.0,0.0,0.0,0.0,0.0,0.0,0.0,0.0,0.0,0.0,0.0,0.0,0.0,0.0,0.0,0.0,0.0,0.0,0.0,0.0,0.0,0.0,0.0,0.0,0.0,0.0,0.0,0.0,0.0,0.0,0.0,0.0,0.0,0.0,0.0,0.0,0.0,0.0,0.0,0.0,0.0,0.0,0.0,0.0,0.0,0.0,0.0,0.0,0.0,0.0,0.0,0.0,0.0,0.0,0.0,0.0,0.0
2017-06-01 22:08:00+02:00,0.0,0.0,0.0,0.0,0.0,0.0,0.0,0.0,0.0,0.0,0.0,0.0,0.0,0.0,0.0,0.0,0.0,0.0,0.0,0.0,0.0,0.0,0.0,0.0,0.0,0.0,0.0,0.0,0.0,0.0,0.0,0.0,0.0,0.0,0.0,0.0,0.0,0.0,0.0,0.0,0.0,0.0,0.0,0.0,0.0,0.0,0.0,0.0,0.0,0.0,0.0,0.0,0.0,0.0,0.0,0.0,0.0,0.0,0.0,0.0,0.0,0.0,0.0,0.0,0.0,0.0,0.0,0.0,0.0,0.0,0.0,0.0,0.0,0.0,0.0,0.0,0.0,0.0,0.0,0.0,0.0,0.0,0.0,0.0,0.0,0.0,0.0,0.0,0.0,0.0,0.0,0.0,0.0,0.0,0.0,0.0,0.0,0.0,0.0,0.0,0.0,0.0,0.0,0.0,0.0,0.0,0.0,0.0,0.0,0.0,0.0,0.0,0.0,0.0,0.0,0.0,0.0,0.0
2017-06-01 22:09:00+02:00,0.0,0.0,0.0,0.0,0.0,0.0,0.0,0.0,0.0,0.0,0.0,0.0,0.0,0.0,0.0,0.0,0.0,0.0,0.0,0.0,0.0,0.0,0.0,0.0,0.0,0.0,0.0,0.0,0.0,0.0,0.0,0.0,0.0,0.0,0.0,0.0,0.0,0.0,0.0,0.0,0.0,0.0,0.0,0.0,0.0,0.0,0.0,0.0,0.0,0.0,0.0,0.0,0.0,0.0,0.0,0.0,0.0,0.0,0.0,0.0,0.0,0.0,0.0,0.0,0.0,0.0,0.0,0.0,0.0,0.0,0.0,0.0,0.0,0.0,0.0,0.0,0.0,0.0,0.0,0.0,0.0,0.0,0.0,0.0,0.0,0.0,0.0,0.0,0.0,0.0,0.0,0.0,0.0,0.0,0.0,0.0,0.0,0.0,0.0,0.0,0.0,0.0,0.0,0.0,0.0,0.0,0.0,0.0,0.0,0.0,0.0,0.0,0.0,0.0,0.0,0.0,0.0,0.0
2017-06-01 22:10:00+02:00,0.0,0.0,0.0,0.0,0.0,0.0,0.0,0.0,0.0,0.0,0.0,0.0,0.0,0.0,0.0,0.0,0.0,0.0,0.0,0.0,0.0,0.0,0.0,0.0,0.0,0.0,0.0,0.0,0.0,0.0,0.0,0.0,0.0,0.0,0.0,0.0,0.0,0.0,0.0,0.0,0.0,0.0,0.0,0.0,0.0,0.0,0.0,0.0,0.0,0.0,0.0,0.0,0.0,0.0,0.0,0.0,0.0,0.0,0.0,0.0,0.0,0.0,0.0,0.0,0.0,0.0,0.0,0.0,0.0,0.0,0.0,0.0,0.0,0.0,0.0,0.0,0.0,0.0,0.0,0.0,0.0,0.0,0.0,0.0,0.0,0.0,0.0,0.0,0.0,0.0,0.0,0.0,0.0,0.0,0.0,0.0,0.0,0.0,0.0,0.0,0.0,0.0,0.0,0.0,0.0,0.0,0.0,0.0,0.0,0.0,0.0,0.0,0.0,0.0,0.0,0.0,0.0,0.0
2017-06-01 22:11:00+02:00,0.0,0.0,0.0,0.0,0.0,0.0,0.0,0.0,0.0,0.0,0.0,0.0,0.0,0.0,0.0,0.0,0.0,0.0,0.0,0.0,0.0,0.0,0.0,0.0,0.0,0.0,0.0,0.0,0.0,0.0,0.0,0.0,0.0,0.0,0.0,0.0,0.0,0.0,0.0,0.0,0.0,0.0,0.0,0.0,0.0,0.0,0.0,0.0,0.0,0.0,0.0,0.0,0.0,0.0,0.0,0.0,0.0,0.0,0.0,0.0,0.0,0.0,0.0,0.0,0.0,0.0,0.0,0.0,0.0,0.0,0.0,0.0,0.0,0.0,0.0,0.0,0.0,0.0,0.0,0.0,0.0,0.0,0.0,0.0,0.0,0.0,0.0,0.0,0.0,0.0,0.0,0.0,0.0,0.0,0.0,0.0,0.0,0.0,0.0,0.0,0.0,0.0,0.0,0.0,0.0,0.0,0.0,0.0,0.0,0.0,0.0,0.0,0.0,0.0,0.0,0.0,0.0,0.0
2017-06-01 22:12:00+02:00,0.0,0.0,0.0,0.0,0.0,0.0,0.0,0.0,0.0,0.0,0.0,0.0,0.0,0.0,0.0,0.0,0.0,0.0,0.0,0.0,0.0,0.0,0.0,0.0,0.0,0.0,0.0,0.0,0.0,0.0,0.0,0.0,0.0,0.0,0.0,0.0,0.0,0.0,0.0,0.0,0.0,0.0,0.0,0.0,0.0,0.0,0.0,0.0,0.0,0.0,0.0,0.0,0.0,0.0,0.0,0.0,0.0,0.0,0.0,0.0,0.0,0.0,0.0,0.0,0.0,0.0,0.0,0.0,0.0,0.0,0.0,0.0,0.0,0.0,0.0,0.0,0.0,0.0,0.0,0.0,0.0,0.0,0.0,0.0,0.0,0.0,0.0,0.0,0.0,0.0,0.0,0.0,0.0,0.0,0.0,0.0,0.0,0.0,0.0,0.0,0.0,0.0,0.0,0.0,0.0,0.0,0.0,0.0,0.0,0.0,0.0,0.0,0.0,0.0,0.0,0.0,0.0,0.0
2017-06-01 22:13:00+02:00,0.0,0.0,0.0,0.0,0.0,0.0,0.0,0.0,0.0,0.0,0.0,0.0,0.0,0.0,0.0,0.0,0.0,0.0,0.0,0.0,0.0,0.0,0.0,0.0,0.0,0.0,0.0,0.0,0.0,0.0,0.0,0.0,0.0,0.0,0.0,0.0,0.0,0.0,0.0,0.0,0.0,0.0,0.0,0.0,0.0,0.0,0.0,0.0,0.0,0.0,0.0,0.0,0.0,0.0,0.0,0.0,0.0,0.0,0.0,0.0,0.0,0.0,0.0,0.0,0.0,0.0,0.0,0.0,0.0,0.0,0.0,0.0,0.0,0.0,0.0,0.0,0.0,0.0,0.0,0.0,0.0,0.0,0.0,0.0,0.0,0.0,0.0,0.0,0.0,0.0,0.0,0.0,0.0,0.0,0.0,0.0,0.0,0.0,0.0,0.0,0.0,0.0,0.0,0.0,0.0,0.0,0.0,0.0,0.0,0.0,0.0,0.0,0.0,0.0,0.0,0.0,0.0,0.0
2017-06-01 22:14:00+02:00,0.0,0.0,0.0,0.0,0.0,0.0,0.0,0.0,0.0,0.0,0.0,0.0,0.0,0.0,0.0,0.0,0.0,0.0,0.0,0.0,0.0,0.0,0.0,0.0,0.0,0.0,0.0,0.0,0.0,0.0,0.0,0.0,0.0,0.0,0.0,0.0,0.0,0.0,0.0,0.0,0.0,0.0,0.0,0.0,0.0,0.0,0.0,0.0,0.0,0.0,0.0,0.0,0.0,0.0,0.0,0.0,0.0,0.0,0.0,0.0,0.0,0.0,0.0,0.0,0.0,0.0,0.0,0.0,0.0,0.0,0.0,0.0,0.0,0.0,0.0,0.0,0.0,0.0,0.0,0.0,0.0,0.0,0.0,0.0,0.0,0.0,0.0,0.0,0.0,0.0,0.0,0.0,0.0,0.0,0.0,0.0,0.0,0.0,0.0,0.0,0.0,0.0,0.0,0.0,0.0,0.0,0.0,0.0,0.0,0.0,0.0,0.0,0.0,0.0,0.0,0.0,0.0,0.0
2017-06-01 22:15:00+02:00,0.0,0.0,0.0,0.0,0.0,0.0,0.0,0.0,0.0,0.0,0.0,0.0,0.0,0.0,0.0,0.0,0.0,0.0,0.0,0.0,0.0,0.0,0.0,0.0,0.0,0.0,0.0,0.0,0.0,0.0,0.0,0.0,0.0,0.0,0.0,0.0,0.0,0.0,0.0,0.0,0.0,0.0,0.0,0.0,0.0,0.0,0.0,0.0,0.0,0.0,0.0,0.0,0.0,0.0,0.0,0.0,0.0,0.0,0.0,0.0,0.0,0.0,0.0,0.0,0.0,0.0,0.0,0.0,0.0,0.0,0.0,0.0,0.0,0.0,0.0,0.0,0.0,0.0,0.0,0.0,0.0,0.0,0.0,0.0,0.0,0.0,0.0,0.0,0.0,0.0,0.0,0.0,0.0,0.0,0.0,0.0,0.0,0.0,0.0,0.0,0.0,0.0,0.0,0.0,0.0,0.0,0.0,0.0,0.0,0.0,0.0,0.0,0.0,0.0,0.0,0.0,0.0,0.0
2017-06-01 22:16:00+02:00,0.0,0.0,0.0,0.0,0.0,0.0,0.0,0.0,0.0,0.0,0.0,0.0,0.0,0.0,0.0,0.0,0.0,0.0,0.0,0.0,0.0,0.0,0.0,0.0,0.0,0.0,0.0,0.0,0.0,0.0,0.0,0.0,0.0,0.0,0.0,0.0,0.0,0.0,0.0,0.0,0.0,0.0,0.0,0.0,0.0,0.0,0.0,0.0,0.0,0.0,0.0,0.0,0.0,0.0,0.0,0.0,0.0,0.0,0.0,0.0,0.0,0.0,0.0,0.0,0.0,0.0,0.0,0.0,0.0,0.0,0.0,0.0,0.0,0.0,0.0,0.0,0.0,0.0,0.0,0.0,0.0,0.0,0.0,0.0,0.0,0.0,0.0,0.0,0.0,0.0,0.0,0.0,0.0,0.0,0.0,0.0,0.0,0.0,0.0,0.0,0.0,0.0,0.0,0.0,0.0,0.0,0.0,0.0,0.0,0.0,0.0,0.0,0.0,0.0,0.0,0.0,0.0,0.0
2017-06-01 22:17:00+02:00,0.0,0.0,0.0,0.0,0.0,0.0,0.0,0.0,0.0,0.0,0.0,0.0,0.0,0.0,0.0,0.0,0.0,0.0,0.0,0.0,0.0,0.0,0.0,0.0,0.0,0.0,0.0,0.0,0.0,0.0,0.0,0.0,0.0,0.0,0.0,0.0,0.0,0.0,0.0,0.0,0.0,0.0,0.0,0.0,0.0,0.0,0.0,0.0,0.0,0.0,0.0,0.0,0.0,0.0,0.0,0.0,0.0,0.0,0.0,0.0,0.0,0.0,0.0,0.0,0.0,0.0,0.0,0.0,0.0,0.0,0.0,0.0,0.0,0.0,0.0,0.0,0.0,0.0,0.0,0.0,0.0,0.0,0.0,0.0,0.0,0.0,0.0,0.0,0.0,0.0,0.0,0.0,0.0,0.0,0.0,0.0,0.0,0.0,0.0,0.0,0.0,0.0,0.0,0.0,0.0,0.0,0.0,0.0,0.0,0.0,0.0,0.0,0.0,0.0,0.0,0.0,0.0,0.0
2017-06-01 22:18:00+02:00,0.0,0.0,0.0,0.0,0.0,0.0,0.0,0.0,0.0,0.0,0.0,0.0,0.0,0.0,0.0,0.0,0.0,0.0,0.0,0.0,0.0,0.0,0.0,0.0,0.0,0.0,0.0,0.0,0.0,0.0,0.0,0.0,0.0,0.0,0.0,0.0,0.0,0.0,0.0,0.0,0.0,0.0,0.0,0.0,0.0,0.0,0.0,0.0,0.0,0.0,0.0,0.0,0.0,0.0,0.0,0.0,0.0,0.0,0.0,0.0,0.0,0.0,0.0,0.0,0.0,0.0,0.0,0.0,0.0,0.0,0.0,0.0,0.0,0.0,0.0,0.0,0.0,0.0,0.0,0.0,0.0,0.0,0.0,0.0,0.0,0.0,0.0,0.0,0.0,0.0,0.0,0.0,0.0,0.0,0.0,0.0,0.0,0.0,0.0,0.0,0.0,0.0,0.0,0.0,0.0,0.0,0.0,0.0,0.0,0.0,0.0,0.0,0.0,0.0,0.0,0.0,0.0,0.0
2017-06-01 22:19:00+02:00,0.0,0.0,0.0,0.0,0.0,0.0,0.0,0.0,0.0,0.0,0.0,0.0,0.0,0.0,0.0,0.0,0.0,0.0,0.0,0.0,0.0,0.0,0.0,0.0,0.0,0.0,0.0,0.0,0.0,0.0,0.0,0.0,0.0,0.0,0.0,0.0,0.0,0.0,0.0,0.0,0.0,0.0,0.0,0.0,0.0,0.0,0.0,0.0,0.0,0.0,0.0,0.0,0.0,0.0,0.0,0.0,0.0,0.0,0.0,0.0,0.0,0.0,0.0,0.0,0.0,0.0,0.0,0.0,0.0,0.0,0.0,0.0,0.0,0.0,0.0,0.0,0.0,0.0,0.0,0.0,0.0,0.0,0.0,0.0,0.0,0.0,0.0,0.0,0.0,0.0,0.0,0.0,0.0,0.0,0.0,0.0,0.0,0.0,0.0,0.0,0.0,0.0,0.0,0.0,0.0,0.0,0.0,0.0,0.0,0.0,0.0,0.0,0.0,0.0,0.0,0.0,0.0,0.0
2017-06-01 22:20:00+02:00,0.0,0.0,0.0,0.0,0.0,0.0,0.0,0.0,0.0,0.0,0.0,0.0,0.0,0.0,0.0,0.0,0.0,0.0,0.0,0.0,0.0,0.0,0.0,0.0,0.0,0.0,0.0,0.0,0.0,0.0,0.0,0.0,0.0,0.0,0.0,0.0,0.0,0.0,0.0,0.0,0.0,0.0,0.0,0.0,0.0,0.0,0.0,0.0,0.0,0.0,0.0,0.0,0.0,0.0,0.0,0.0,0.0,0.0,0.0,0.0,0.0,0.0,0.0,0.0,0.0,0.0,0.0,0.0,0.0,0.0,0.0,0.0,0.0,0.0,0.0,0.0,0.0,0.0,0.0,0.0,0.0,0.0,0.0,0.0,0.0,0.0,0.0,0.0,0.0,0.0,0.0,0.0,0.0,0.0,0.0,0.0,0.0,0.0,0.0,0.0,0.0,0.0,0.0,0.0,0.0,0.0,0.0,0.0,0.0,0.0,0.0,0.0,0.0,0.0,0.0,0.0,0.0,0.0
2017-06-01 22:21:00+02:00,0.0,0.0,0.0,0.0,0.0,0.0,0.0,0.0,0.0,0.0,0.0,0.0,0.0,0.0,0.0,0.0,0.0,0.0,0.0,0.0,0.0,0.0,0.0,0.0,0.0,0.0,0.0,0.0,0.0,0.0,0.0,0.0,0.0,0.0,0.0,0.0,0.0,0.0,0.0,0.0,0.0,0.0,0.0,0.0,0.0,0.0,0.0,0.0,0.0,0.0,0.0,0.0,0.0,0.0,0.0,0.0,0.0,0.0,0.0,0.0,0.0,0.0,0.0,0.0,0.0,0.0,0.0,0.0,0.0,0.0,0.0,0.0,0.0,0.0,0.0,0.0,0.0,0.0,0.0,0.0,0.0,0.0,0.0,0.0,0.0,0.0,0.0,0.0,0.0,0.0,0.0,0.0,0.0,0.0,0.0,0.0,0.0,0.0,0.0,0.0,0.0,0.0,0.0,0.0,0.0,0.0,0.0,0.0,0.0,0.0,0.0,0.0,0.0,0.0,0.0,0.0,0.0,0.0
2017-06-01 22:22:00+02:00,0.0,0.0,0.0,0.0,0.0,0.0,0.0,0.0,0.0,0.0,0.0,0.0,0.0,0.0,0.0,0.0,0.0,0.0,0.0,0.0,0.0,0.0,0.0,0.0,0.0,0.0,0.0,0.0,0.0,0.0,0.0,0.0,0.0,0.0,0.0,0.0,0.0,0.0,0.0,0.0,0.0,0.0,0.0,0.0,0.0,0.0,0.0,0.0,0.0,0.0,0.0,0.0,0.0,0.0,0.0,0.0,0.0,0.0,0.0,0.0,0.0,0.0,0.0,0.0,0.0,0.0,0.0,0.0,0.0,0.0,0.0,0.0,0.0,0.0,0.0,0.0,0.0,0.0,0.0,0.0,0.0,0.0,0.0,0.0,0.0,0.0,0.0,0.0,0.0,0.0,0.0,0.0,0.0,0.0,0.0,0.0,0.0,0.0,0.0,0.0,0.0,0.0,0.0,0.0,0.0,0.0,0.0,0.0,0.0,0.0,0.0,0.0,0.0,0.0,0.0,0.0,0.0,0.0
2017-06-01 22:23:00+02:00,0.0,0.0,0.0,0.0,0.0,0.0,0.0,0.0,0.0,0.0,0.0,0.0,0.0,0.0,0.0,0.0,0.0,0.0,0.0,0.0,0.0,0.0,0.0,0.0,0.0,0.0,0.0,0.0,0.0,0.0,0.0,0.0,0.0,0.0,0.0,0.0,0.0,0.0,0.0,0.0,0.0,0.0,0.0,0.0,0.0,0.0,0.0,0.0,0.0,0.0,0.0,0.0,0.0,0.0,0.0,0.0,0.0,0.0,0.0,0.0,0.0,0.0,0.0,0.0,0.0,0.0,0.0,0.0,0.0,0.0,0.0,0.0,0.0,0.0,0.0,0.0,0.0,0.0,0.0,0.0,0.0,0.0,0.0,0.0,0.0,0.0,0.0,0.0,0.0,0.0,0.0,0.0,0.0,0.0,0.0,0.0,0.0,0.0,0.0,0.0,0.0,0.0,0.0,0.0,0.0,0.0,0.0,0.0,0.0,0.0,0.0,0.0,0.0,0.0,0.0,0.0,0.0,0.0
2017-06-01 22:24:00+02:00,0.0,0.0,0.0,0.0,0.0,0.0,0.0,0.0,0.0,0.0,0.0,0.0,0.0,0.0,0.0,0.0,0.0,0.0,0.0,0.0,0.0,0.0,0.0,0.0,0.0,0.0,0.0,0.0,0.0,0.0,0.0,0.0,0.0,0.0,0.0,0.0,0.0,0.0,0.0,0.0,0.0,0.0,0.0,0.0,0.0,0.0,0.0,0.0,0.0,0.0,0.0,0.0,0.0,0.0,0.0,0.0,0.0,0.0,0.0,0.0,0.0,0.0,0.0,0.0,0.0,0.0,0.0,0.0,0.0,0.0,0.0,0.0,0.0,0.0,0.0,0.0,0.0,0.0,0.0,0.0,0.0,0.0,0.0,0.0,0.0,0.0,0.0,0.0,0.0,0.0,0.0,0.0,0.0,0.0,0.0,0.0,0.0,0.0,0.0,0.0,0.0,0.0,0.0,0.0,0.0,0.0,0.0,0.0,0.0,0.0,0.0,0.0,0.0,0.0,0.0,0.0,0.0,0.0
2017-06-01 22:25:00+02:00,0.0,0.0,0.0,0.0,0.0,0.0,0.0,0.0,0.0,0.0,0.0,0.0,0.0,0.0,0.0,0.0,0.0,0.0,0.0,0.0,0.0,0.0,0.0,0.0,0.0,0.0,0.0,0.0,0.0,0.0,0.0,0.0,0.0,0.0,0.0,0.0,0.0,0.0,0.0,0.0,0.0,0.0,0.0,0.0,0.0,0.0,0.0,0.0,0.0,0.0,0.0,0.0,0.0,0.0,0.0,0.0,0.0,0.0,0.0,0.0,0.0,0.0,0.0,0.0,0.0,0.0,0.0,0.0,0.0,0.0,0.0,0.0,0.0,0.0,0.0,0.0,0.0,0.0,0.0,0.0,0.0,0.0,0.0,0.0,0.0,0.0,0.0,0.0,0.0,0.0,0.0,0.0,0.0,0.0,0.0,0.0,0.0,0.0,0.0,0.0,0.0,0.0,0.0,0.0,0.0,0.0,0.0,0.0,0.0,0.0,0.0,0.0,0.0,0.0,0.0,0.0,0.0,0.0
2017-06-01 22:26:00+02:00,0.0,0.0,0.0,0.0,0.0,0.0,0.0,0.0,0.0,0.0,0.0,0.0,0.0,0.0,0.0,0.0,0.0,0.0,0.0,0.0,0.0,0.0,0.0,0.0,0.0,0.0,0.0,0.0,0.0,0.0,0.0,0.0,0.0,0.0,0.0,0.0,0.0,0.0,0.0,0.0,0.0,0.0,0.0,0.0,0.0,0.0,0.0,0.0,0.0,0.0,0.0,0.0,0.0,0.0,0.0,0.0,0.0,0.0,0.0,0.0,0.0,0.0,0.0,0.0,0.0,0.0,0.0,0.0,0.0,0.0,0.0,0.0,0.0,0.0,0.0,0.0,0.0,0.0,0.0,0.0,0.0,0.0,0.0,0.0,0.0,0.0,0.0,0.0,0.0,0.0,0.0,0.0,0.0,0.0,0.0,0.0,0.0,0.0,0.0,0.0,0.0,0.0,0.0,0.0,0.0,0.0,0.0,0.0,0.0,0.0,0.0,0.0,0.0,0.0,0.0,0.0,0.0,0.0
2017-06-01 22:27:00+02:00,0.0,0.0,0.0,0.0,0.0,0.0,0.0,0.0,0.0,0.0,0.0,0.0,0.0,0.0,0.0,0.0,0.0,0.0,0.0,0.0,0.0,0.0,0.0,0.0,0.0,0.0,0.0,0.0,0.0,0.0,0.0,0.0,0.0,0.0,0.0,0.0,0.0,0.0,0.0,0.0,0.0,0.0,0.0,0.0,0.0,0.0,0.0,0.0,0.0,0.0,0.0,0.0,0.0,0.0,0.0,0.0,0.0,0.0,0.0,0.0,0.0,0.0,0.0,0.0,0.0,0.0,0.0,0.0,0.0,0.0,0.0,0.0,0.0,0.0,0.0,0.0,0.0,0.0,0.0,0.0,0.0,0.0,0.0,0.0,0.0,0.0,0.0,0.0,0.0,0.0,0.0,0.0,0.0,0.0,0.0,0.0,0.0,0.0,0.0,0.0,0.0,0.0,0.0,0.0,0.0,0.0,0.0,0.0,0.0,0.0,0.0,0.0,0.0,0.0,0.0,0.0,0.0,0.0
2017-06-01 22:28:00+02:00,0.0,0.0,0.0,0.0,0.0,0.0,0.0,0.0,0.0,0.0,0.0,0.0,0.0,0.0,0.0,0.0,0.0,0.0,0.0,0.0,0.0,0.0,0.0,0.0,0.0,0.0,0.0,0.0,0.0,0.0,0.0,0.0,0.0,0.0,0.0,0.0,0.0,0.0,0.0,0.0,0.0,0.0,0.0,0.0,0.0,0.0,0.0,0.0,0.0,0.0,0.0,0.0,0.0,0.0,0.0,0.0,0.0,0.0,0.0,0.0,0.0,0.0,0.0,0.0,0.0,0.0,0.0,0.0,0.0,0.0,0.0,0.0,0.0,0.0,0.0,0.0,0.0,0.0,0.0,0.0,0.0,0.0,0.0,0.0,0.0,0.0,0.0,0.0,0.0,0.0,0.0,0.0,0.0,0.0,0.0,0.0,0.0,0.0,0.0,0.0,0.0,0.0,0.0,0.0,0.0,0.0,0.0,0.0,0.0,0.0,0.0,0.0,0.0,0.0,0.0,0.0,0.0,0.0
2017-06-01 22:29:00+02:00,0.0,0.0,0.0,0.0,0.0,0.0,0.0,0.0,0.0,0.0,0.0,0.0,0.0,0.0,0.0,0.0,0.0,0.0,0.0,0.0,0.0,0.0,0.0,0.0,0.0,0.0,0.0,0.0,0.0,0.0,0.0,0.0,0.0,0.0,0.0,0.0,0.0,0.0,0.0,0.0,0.0,0.0,0.0,0.0,0.0,0.0,0.0,0.0,0.0,0.0,0.0,0.0,0.0,0.0,0.0,0.0,0.0,0.0,0.0,0.0,0.0,0.0,0.0,0.0,0.0,0.0,0.0,0.0,0.0,0.0,0.0,0.0,0.0,0.0,0.0,0.0,0.0,0.0,0.0,0.0,0.0,0.0,0.0,0.0,0.0,0.0,0.0,0.0,0.0,0.0,0.0,0.0,0.0,0.0,0.0,0.0,0.0,0.0,0.0,0.0,0.0,0.0,0.0,0.0,0.0,0.0,0.0,0.0,0.0,0.0,0.0,0.0,0.0,0.0,0.0,0.0,0.0,0.0
2017-06-01 22:30:00+02:00,0.0,0.0,0.0,0.0,0.0,0.0,0.0,0.0,0.0,0.0,0.0,0.0,0.0,0.0,0.0,0.0,0.0,0.0,0.0,0.0,0.0,0.0,0.0,0.0,0.0,0.0,0.0,0.0,0.0,0.0,0.0,0.0,0.0,0.0,0.0,0.0,0.0,0.0,0.0,0.0,0.0,0.0,0.0,0.0,0.0,0.0,0.0,0.0,0.0,0.0,0.0,0.0,0.0,0.0,0.0,0.0,0.0,0.0,0.0,0.0,0.0,0.0,0.0,0.0,0.0,0.0,0.0,0.0,0.0,0.0,0.0,0.0,0.0,0.0,0.0,0.0,0.0,0.0,0.0,0.0,0.0,0.0,0.0,0.0,0.0,0.0,0.0,0.0,0.0,0.0,0.0,0.0,0.0,0.0,0.0,0.0,0.0,0.0,0.0,0.0,0.0,0.0,0.0,0.0,0.0,0.0,0.0,0.0,0.0,0.0,0.0,0.0,0.0,0.0,0.0,0.0,0.0,0.0
2017-06-01 22:31:00+02:00,0.0,0.0,0.0,0.0,0.0,0.0,0.0,0.0,0.0,0.0,0.0,0.0,0.0,0.0,0.0,0.0,0.0,0.0,0.0,0.0,0.0,0.0,0.0,0.0,0.0,0.0,0.0,0.0,0.0,0.0,0.0,0.0,0.0,0.0,0.0,0.0,0.0,0.0,0.0,0.0,0.0,0.0,0.0,0.0,0.0,0.0,0.0,0.0,0.0,0.0,0.0,0.0,0.0,0.0,0.0,0.0,0.0,0.0,0.0,0.0,0.0,0.0,0.0,0.0,0.0,0.0,0.0,0.0,0.0,0.0,0.0,0.0,0.0,0.0,0.0,0.0,0.0,0.0,0.0,0.0,0.0,0.0,0.0,0.0,0.0,0.0,0.0,0.0,0.0,0.0,0.0,0.0,0.0,0.0,0.0,0.0,0.0,0.0,0.0,0.0,0.0,0.0,0.0,0.0,0.0,0.0,0.0,0.0,0.0,0.0,0.0,0.0,0.0,0.0,0.0,0.0,0.0,0.0
2017-06-01 22:32:00+02:00,0.0,0.0,0.0,0.0,0.0,0.0,0.0,0.0,0.0,0.0,0.0,0.0,0.0,0.0,0.0,0.0,0.0,0.0,0.0,0.0,0.0,0.0,0.0,0.0,0.0,0.0,0.0,0.0,0.0,0.0,0.0,0.0,0.0,0.0,0.0,0.0,0.0,0.0,0.0,0.0,0.0,0.0,0.0,0.0,0.0,0.0,0.0,0.0,0.0,0.0,0.0,0.0,0.0,0.0,0.0,0.0,0.0,0.0,0.0,0.0,0.0,0.0,0.0,0.0,0.0,0.0,0.0,0.0,0.0,0.0,0.0,0.0,0.0,0.0,0.0,0.0,0.0,0.0,0.0,0.0,0.0,0.0,0.0,0.0,0.0,0.0,0.0,0.0,0.0,0.0,0.0,0.0,0.0,0.0,0.0,0.0,0.0,0.0,0.0,0.0,0.0,0.0,0.0,0.0,0.0,0.0,0.0,0.0,0.0,0.0,0.0,0.0,0.0,0.0,0.0,0.0,0.0,0.0
2017-06-01 22:33:00+02:00,0.0,0.0,0.0,0.0,0.0,0.0,0.0,0.0,0.0,0.0,0.0,0.0,0.0,0.0,0.0,0.0,0.0,0.0,0.0,0.0,0.0,0.0,0.0,0.0,0.0,0.0,0.0,0.0,0.0,0.0,0.0,0.0,0.0,0.0,0.0,0.0,0.0,0.0,0.0,0.0,0.0,0.0,0.0,0.0,0.0,0.0,0.0,0.0,0.0,0.0,0.0,0.0,0.0,0.0,0.0,0.0,0.0,0.0,0.0,0.0,0.0,0.0,0.0,0.0,0.0,0.0,0.0,0.0,0.0,0.0,0.0,0.0,0.0,0.0,0.0,0.0,0.0,0.0,0.0,0.0,0.0,0.0,0.0,0.0,0.0,0.0,0.0,0.0,0.0,0.0,0.0,0.0,0.0,0.0,0.0,0.0,0.0,0.0,0.0,0.0,0.0,0.0,0.0,0.0,0.0,0.0,0.0,0.0,0.0,0.0,0.0,0.0,0.0,0.0,0.0,0.0,0.0,0.0
2017-06-01 22:34:00+02:00,0.0,0.0,0.0,0.0,0.0,0.0,0.0,0.0,0.0,0.0,0.0,0.0,0.0,0.0,0.0,0.0,0.0,0.0,0.0,0.0,0.0,0.0,0.0,0.0,0.0,0.0,0.0,0.0,0.0,0.0,0.0,0.0,0.0,0.0,0.0,0.0,0.0,0.0,0.0,0.0,0.0,0.0,0.0,0.0,0.0,0.0,0.0,0.0,0.0,0.0,0.0,0.0,0.0,0.0,0.0,0.0,0.0,0.0,0.0,0.0,0.0,0.0,0.0,0.0,0.0,0.0,0.0,0.0,0.0,0.0,0.0,0.0,0.0,0.0,0.0,0.0,0.0,0.0,0.0,0.0,0.0,0.0,0.0,0.0,0.0,0.0,0.0,0.0,0.0,0.0,0.0,0.0,0.0,0.0,0.0,0.0,0.0,0.0,0.0,0.0,0.0,0.0,0.0,0.0,0.0,0.0,0.0,0.0,0.0,0.0,0.0,0.0,0.0,0.0,0.0,0.0,0.0,0.0
2017-06-01 22:35:00+02:00,0.0,0.0,0.0,0.0,0.0,0.0,0.0,0.0,0.0,0.0,0.0,0.0,0.0,0.0,0.0,0.0,0.0,0.0,0.0,0.0,0.0,0.0,0.0,0.0,0.0,0.0,0.0,0.0,0.0,0.0,0.0,0.0,0.0,0.0,0.0,0.0,0.0,0.0,0.0,0.0,0.0,0.0,0.0,0.0,0.0,0.0,0.0,0.0,0.0,0.0,0.0,0.0,0.0,0.0,0.0,0.0,0.0,0.0,0.0,0.0,0.0,0.0,0.0,0.0,0.0,0.0,0.0,0.0,0.0,0.0,0.0,0.0,0.0,0.0,0.0,0.0,0.0,0.0,0.0,0.0,0.0,0.0,0.0,0.0,0.0,0.0,0.0,0.0,0.0,0.0,0.0,0.0,0.0,0.0,0.0,0.0,0.0,0.0,0.0,0.0,0.0,0.0,0.0,0.0,0.0,0.0,0.0,0.0,0.0,0.0,0.0,0.0,0.0,0.0,0.0,0.0,0.0,0.0
2017-06-01 22:36:00+02:00,0.0,0.0,0.0,0.0,0.0,0.0,0.0,0.0,0.0,0.0,0.0,0.0,0.0,0.0,0.0,0.0,0.0,0.0,0.0,0.0,0.0,0.0,0.0,0.0,0.0,0.0,0.0,0.0,0.0,0.0,0.0,0.0,0.0,0.0,0.0,0.0,0.0,0.0,0.0,0.0,0.0,0.0,0.0,0.0,0.0,0.0,0.0,0.0,0.0,0.0,0.0,0.0,0.0,0.0,0.0,0.0,0.0,0.0,0.0,0.0,0.0,0.0,0.0,0.0,0.0,0.0,0.0,0.0,0.0,0.0,0.0,0.0,0.0,0.0,0.0,0.0,0.0,0.0,0.0,0.0,0.0,0.0,0.0,0.0,0.0,0.0,0.0,0.0,0.0,0.0,0.0,0.0,0.0,0.0,0.0,0.0,0.0,0.0,0.0,0.0,0.0,0.0,0.0,0.0,0.0,0.0,0.0,0.0,0.0,0.0,0.0,0.0,0.0,0.0,0.0,0.0,0.0,0.0
2017-06-01 22:37:00+02:00,0.0,0.0,0.0,0.0,0.0,0.0,0.0,0.0,0.0,0.0,0.0,0.0,0.0,0.0,0.0,0.0,0.0,0.0,0.0,0.0,0.0,0.0,0.0,0.0,0.0,0.0,0.0,0.0,0.0,0.0,0.0,0.0,0.0,0.0,0.0,0.0,0.0,0.0,0.0,0.0,0.0,0.0,0.0,0.0,0.0,0.0,0.0,0.0,0.0,0.0,0.0,0.0,0.0,0.0,0.0,0.0,0.0,0.0,0.0,0.0,0.0,0.0,0.0,0.0,0.0,0.0,0.0,0.0,0.0,0.0,0.0,0.0,0.0,0.0,0.0,0.0,0.0,0.0,0.0,0.0,0.0,0.0,0.0,0.0,0.0,0.0,0.0,0.0,0.0,0.0,0.0,0.0,0.0,0.0,0.0,0.0,0.0,0.0,0.0,0.0,0.0,0.0,0.0,0.0,0.0,0.0,0.0,0.0,0.0,0.0,0.0,0.0,0.0,0.0,0.0,0.0,0.0,0.0
2017-06-01 22:38:00+02:00,0.0,0.0,0.0,0.0,0.0,0.0,0.0,0.0,0.0,0.0,0.0,0.0,0.0,0.0,0.0,0.0,0.0,0.0,0.0,0.0,0.0,0.0,0.0,0.0,0.0,0.0,0.0,0.0,0.0,0.0,0.0,0.0,0.0,0.0,0.0,0.0,0.0,0.0,0.0,0.0,0.0,0.0,0.0,0.0,0.0,0.0,0.0,0.0,0.0,0.0,0.0,0.0,0.0,0.0,0.0,0.0,0.0,0.0,0.0,0.0,0.0,0.0,0.0,0.0,0.0,0.0,0.0,0.0,0.0,0.0,0.0,0.0,0.0,0.0,0.0,0.0,0.0,0.0,0.0,0.0,0.0,0.0,0.0,0.0,0.0,0.0,0.0,0.0,0.0,0.0,0.0,0.0,0.0,0.0,0.0,0.0,0.0,0.0,0.0,0.0,0.0,0.0,0.0,0.0,0.0,0.0,0.0,0.0,0.0,0.0,0.0,0.0,0.0,0.0,0.0,0.0,0.0,0.0
2017-06-01 22:39:00+02:00,0.0,0.0,0.0,0.0,0.0,0.0,0.0,0.0,0.0,0.0,0.0,0.0,0.0,0.0,0.0,0.0,0.0,0.0,0.0,0.0,0.0,0.0,0.0,0.0,0.0,0.0,0.0,0.0,0.0,0.0,0.0,0.0,0.0,0.0,0.0,0.0,0.0,0.0,0.0,0.0,0.0,0.0,0.0,0.0,0.0,0.0,0.0,0.0,0.0,0.0,0.0,0.0,0.0,0.0,0.0,0.0,0.0,0.0,0.0,0.0,0.0,0.0,0.0,0.0,0.0,0.0,0.0,0.0,0.0,0.0,0.0,0.0,0.0,0.0,0.0,0.0,0.0,0.0,0.0,0.0,0.0,0.0,0.0,0.0,0.0,0.0,0.0,0.0,0.0,0.0,0.0,0.0,0.0,0.0,0.0,0.0,0.0,0.0,0.0,0.0,0.0,0.0,0.0,0.0,0.0,0.0,0.0,0.0,0.0,0.0,0.0,0.0,0.0,0.0,0.0,0.0,0.0,0.0
2017-06-01 22:40:00+02:00,0.0,0.0,0.0,0.0,0.0,0.0,0.0,0.0,0.0,0.0,0.0,0.0,0.0,0.0,0.0,0.0,0.0,0.0,0.0,0.0,0.0,0.0,0.0,0.0,0.0,0.0,0.0,0.0,0.0,0.0,0.0,0.0,0.0,0.0,0.0,0.0,0.0,0.0,0.0,0.0,0.0,0.0,0.0,0.0,0.0,0.0,0.0,0.0,0.0,0.0,0.0,0.0,0.0,0.0,0.0,0.0,0.0,0.0,0.0,0.0,0.0,0.0,0.0,0.0,0.0,0.0,0.0,0.0,0.0,0.0,0.0,0.0,0.0,0.0,0.0,0.0,0.0,0.0,0.0,0.0,0.0,0.0,0.0,0.0,0.0,0.0,0.0,0.0,0.0,0.0,0.0,0.0,0.0,0.0,0.0,0.0,0.0,0.0,0.0,0.0,0.0,0.0,0.0,0.0,0.0,0.0,0.0,0.0,0.0,0.0,0.0,0.0,0.0,0.0,0.0,0.0,0.0,0.0
2017-06-01 22:41:00+02:00,0.0,0.0,0.0,0.0,0.0,0.0,0.0,0.0,0.0,0.0,0.0,0.0,0.0,0.0,0.0,0.0,0.0,0.0,0.0,0.0,0.0,0.0,0.0,0.0,0.0,0.0,0.0,0.0,0.0,0.0,0.0,0.0,0.0,0.0,0.0,0.0,0.0,0.0,0.0,0.0,0.0,0.0,0.0,0.0,0.0,0.0,0.0,0.0,0.0,0.0,0.0,0.0,0.0,0.0,0.0,0.0,0.0,0.0,0.0,0.0,0.0,0.0,0.0,0.0,0.0,0.0,0.0,0.0,0.0,0.0,0.0,0.0,0.0,0.0,0.0,0.0,0.0,0.0,0.0,0.0,0.0,0.0,0.0,0.0,0.0,0.0,0.0,0.0,0.0,0.0,0.0,0.0,0.0,0.0,0.0,0.0,0.0,0.0,0.0,0.0,0.0,0.0,0.0,0.0,0.0,0.0,0.0,0.0,0.0,0.0,0.0,0.0,0.0,0.0,0.0,0.0,0.0,0.0
2017-06-01 22:42:00+02:00,0.0,0.0,0.0,0.0,0.0,0.0,0.0,0.0,0.0,0.0,0.0,0.0,0.0,0.0,0.0,0.0,0.0,0.0,0.0,0.0,0.0,0.0,0.0,0.0,0.0,0.0,0.0,0.0,0.0,0.0,0.0,0.0,0.0,0.0,0.0,0.0,0.0,0.0,0.0,0.0,0.0,0.0,0.0,0.0,0.0,0.0,0.0,0.0,0.0,0.0,0.0,0.0,0.0,0.0,0.0,0.0,0.0,0.0,0.0,0.0,0.0,0.0,0.0,0.0,0.0,0.0,0.0,0.0,0.0,0.0,0.0,0.0,0.0,0.0,0.0,0.0,0.0,0.0,0.0,0.0,0.0,0.0,0.0,0.0,0.0,0.0,0.0,0.0,0.0,0.0,0.0,0.0,0.0,0.0,0.0,0.0,0.0,0.0,0.0,0.0,0.0,0.0,0.0,0.0,0.0,0.0,0.0,0.0,0.0,0.0,0.0,0.0,0.0,0.0,0.0,0.0,0.0,0.0
2017-06-01 22:43:00+02:00,0.0,0.0,0.0,0.0,0.0,0.0,0.0,0.0,0.0,0.0,0.0,0.0,0.0,0.0,0.0,0.0,0.0,0.0,0.0,0.0,0.0,0.0,0.0,0.0,0.0,0.0,0.0,0.0,0.0,0.0,0.0,0.0,0.0,0.0,0.0,0.0,0.0,0.0,0.0,0.0,0.0,0.0,0.0,0.0,0.0,0.0,0.0,0.0,0.0,0.0,0.0,0.0,0.0,0.0,0.0,0.0,0.0,0.0,0.0,0.0,0.0,0.0,0.0,0.0,0.0,0.0,0.0,0.0,0.0,0.0,0.0,0.0,0.0,0.0,0.0,0.0,0.0,0.0,0.0,0.0,0.0,0.0,0.0,0.0,0.0,0.0,0.0,0.0,0.0,0.0,0.0,0.0,0.0,0.0,0.0,0.0,0.0,0.0,0.0,0.0,0.0,0.0,0.0,0.0,0.0,0.0,0.0,0.0,0.0,0.0,0.0,0.0,0.0,0.0,0.0,0.0,0.0,0.0
2017-06-01 22:44:00+02:00,0.0,0.0,0.0,0.0,0.0,0.0,0.0,0.0,0.0,0.0,0.0,0.0,0.0,0.0,0.0,0.0,0.0,0.0,0.0,0.0,0.0,0.0,0.0,0.0,0.0,0.0,0.0,0.0,0.0,0.0,0.0,0.0,0.0,0.0,0.0,0.0,0.0,0.0,0.0,0.0,0.0,0.0,0.0,0.0,0.0,0.0,0.0,0.0,0.0,0.0,0.0,0.0,0.0,0.0,0.0,0.0,0.0,0.0,0.0,0.0,0.0,0.0,0.0,0.0,0.0,0.0,0.0,0.0,0.0,0.0,0.0,0.0,0.0,0.0,0.0,0.0,0.0,0.0,0.0,0.0,0.0,0.0,0.0,0.0,0.0,0.0,0.0,0.0,0.0,0.0,0.0,0.0,0.0,0.0,0.0,0.0,0.0,0.0,0.0,0.0,0.0,0.0,0.0,0.0,0.0,0.0,0.0,0.0,0.0,0.0,0.0,0.0,0.0,0.0,0.0,0.0,0.0,0.0
2017-06-01 22:45:00+02:00,0.0,0.0,0.0,0.0,0.0,0.0,0.0,0.0,0.0,0.0,0.0,0.0,0.0,0.0,0.0,0.0,0.0,0.0,0.0,0.0,0.0,0.0,0.0,0.0,0.0,0.0,0.0,0.0,0.0,0.0,0.0,0.0,0.0,0.0,0.0,0.0,0.0,0.0,0.0,0.0,0.0,0.0,0.0,0.0,0.0,0.0,0.0,0.0,0.0,0.0,0.0,0.0,0.0,0.0,0.0,0.0,0.0,0.0,0.0,0.0,0.0,0.0,0.0,0.0,0.0,0.0,0.0,0.0,0.0,0.0,0.0,0.0,0.0,0.0,0.0,0.0,0.0,0.0,0.0,0.0,0.0,0.0,0.0,0.0,0.0,0.0,0.0,0.0,0.0,0.0,0.0,0.0,0.0,0.0,0.0,0.0,0.0,0.0,0.0,0.0,0.0,0.0,0.0,0.0,0.0,0.0,0.0,0.0,0.0,0.0,0.0,0.0,0.0,0.0,0.0,0.0,0.0,0.0
2017-06-01 22:46:00+02:00,0.0,0.0,0.0,0.0,0.0,0.0,0.0,0.0,0.0,0.0,0.0,0.0,0.0,0.0,0.0,0.0,0.0,0.0,0.0,0.0,0.0,0.0,0.0,0.0,0.0,0.0,0.0,0.0,0.0,0.0,0.0,0.0,0.0,0.0,0.0,0.0,0.0,0.0,0.0,0.0,0.0,0.0,0.0,0.0,0.0,0.0,0.0,0.0,0.0,0.0,0.0,0.0,0.0,0.0,0.0,0.0,0.0,0.0,0.0,0.0,0.0,0.0,0.0,0.0,0.0,0.0,0.0,0.0,0.0,0.0,0.0,0.0,0.0,0.0,0.0,0.0,0.0,0.0,0.0,0.0,0.0,0.0,0.0,0.0,0.0,0.0,0.0,0.0,0.0,0.0,0.0,0.0,0.0,0.0,0.0,0.0,0.0,0.0,0.0,0.0,0.0,0.0,0.0,0.0,0.0,0.0,0.0,0.0,0.0,0.0,0.0,0.0,0.0,0.0,0.0,0.0,0.0,0.0
2017-06-01 22:47:00+02:00,0.0,0.0,0.0,0.0,0.0,0.0,0.0,0.0,0.0,0.0,0.0,0.0,0.0,0.0,0.0,0.0,0.0,0.0,0.0,0.0,0.0,0.0,0.0,0.0,0.0,0.0,0.0,0.0,0.0,0.0,0.0,0.0,0.0,0.0,0.0,0.0,0.0,0.0,0.0,0.0,0.0,0.0,0.0,0.0,0.0,0.0,0.0,0.0,0.0,0.0,0.0,0.0,0.0,0.0,0.0,0.0,0.0,0.0,0.0,0.0,0.0,0.0,0.0,0.0,0.0,0.0,0.0,0.0,0.0,0.0,0.0,0.0,0.0,0.0,0.0,0.0,0.0,0.0,0.0,0.0,0.0,0.0,0.0,0.0,0.0,0.0,0.0,0.0,0.0,0.0,0.0,0.0,0.0,0.0,0.0,0.0,0.0,0.0,0.0,0.0,0.0,0.0,0.0,0.0,0.0,0.0,0.0,0.0,0.0,0.0,0.0,0.0,0.0,0.0,0.0,0.0,0.0,0.0
2017-06-01 22:48:00+02:00,0.0,0.0,0.0,0.0,0.0,0.0,0.0,0.0,0.0,0.0,0.0,0.0,0.0,0.0,0.0,0.0,0.0,0.0,0.0,0.0,0.0,0.0,0.0,0.0,0.0,0.0,0.0,0.0,0.0,0.0,0.0,0.0,0.0,0.0,0.0,0.0,0.0,0.0,0.0,0.0,0.0,0.0,0.0,0.0,0.0,0.0,0.0,0.0,0.0,0.0,0.0,0.0,0.0,0.0,0.0,0.0,0.0,0.0,0.0,0.0,0.0,0.0,0.0,0.0,0.0,0.0,0.0,0.0,0.0,0.0,0.0,0.0,0.0,0.0,0.0,0.0,0.0,0.0,0.0,0.0,0.0,0.0,0.0,0.0,0.0,0.0,0.0,0.0,0.0,0.0,0.0,0.0,0.0,0.0,0.0,0.0,0.0,0.0,0.0,0.0,0.0,0.0,0.0,0.0,0.0,0.0,0.0,0.0,0.0,0.0,0.0,0.0,0.0,0.0,0.0,0.0,0.0,0.0
2017-06-01 22:49:00+02:00,0.0,0.0,0.0,0.0,0.0,0.0,0.0,0.0,0.0,0.0,0.0,0.0,0.0,0.0,0.0,0.0,0.0,0.0,0.0,0.0,0.0,0.0,0.0,0.0,0.0,0.0,0.0,0.0,0.0,0.0,0.0,0.0,0.0,0.0,0.0,0.0,0.0,0.0,0.0,0.0,0.0,0.0,0.0,0.0,0.0,0.0,0.0,0.0,0.0,0.0,0.0,0.0,0.0,0.0,0.0,0.0,0.0,0.0,0.0,0.0,0.0,0.0,0.0,0.0,0.0,0.0,0.0,0.0,0.0,0.0,0.0,0.0,0.0,0.0,0.0,0.0,0.0,0.0,0.0,0.0,0.0,0.0,0.0,0.0,0.0,0.0,0.0,0.0,0.0,0.0,0.0,0.0,0.0,0.0,0.0,0.0,0.0,0.0,0.0,0.0,0.0,0.0,0.0,0.0,0.0,0.0,0.0,0.0,0.0,0.0,0.0,0.0,0.0,0.0,0.0,0.0,0.0,0.0
2017-06-01 22:50:00+02:00,0.0,0.0,0.0,0.0,0.0,0.0,0.0,0.0,0.0,0.0,0.0,0.0,0.0,0.0,0.0,0.0,0.0,0.0,0.0,0.0,0.0,0.0,0.0,0.0,0.0,0.0,0.0,0.0,0.0,0.0,0.0,0.0,0.0,0.0,0.0,0.0,0.0,0.0,0.0,0.0,0.0,0.0,0.0,0.0,0.0,0.0,0.0,0.0,0.0,0.0,0.0,0.0,0.0,0.0,0.0,0.0,0.0,0.0,0.0,0.0,0.0,0.0,0.0,0.0,0.0,0.0,0.0,0.0,0.0,0.0,0.0,0.0,0.0,0.0,0.0,0.0,0.0,0.0,0.0,0.0,0.0,0.0,0.0,0.0,0.0,0.0,0.0,0.0,0.0,0.0,0.0,0.0,0.0,0.0,0.0,0.0,0.0,0.0,0.0,0.0,0.0,0.0,0.0,0.0,0.0,0.0,0.0,0.0,0.0,0.0,0.0,0.0,0.0,0.0,0.0,0.0,0.0,0.0
2017-06-01 22:51:00+02:00,0.0,0.0,0.0,0.0,0.0,0.0,0.0,0.0,0.0,0.0,0.0,0.0,0.0,0.0,0.0,0.0,0.0,0.0,0.0,0.0,0.0,0.0,0.0,0.0,0.0,0.0,0.0,0.0,0.0,0.0,0.0,0.0,0.0,0.0,0.0,0.0,0.0,0.0,0.0,0.0,0.0,0.0,0.0,0.0,0.0,0.0,0.0,0.0,0.0,0.0,0.0,0.0,0.0,0.0,0.0,0.0,0.0,0.0,0.0,0.0,0.0,0.0,0.0,0.0,0.0,0.0,0.0,0.0,0.0,0.0,0.0,0.0,0.0,0.0,0.0,0.0,0.0,0.0,0.0,0.0,0.0,0.0,0.0,0.0,0.0,0.0,0.0,0.0,0.0,0.0,0.0,0.0,0.0,0.0,0.0,0.0,0.0,0.0,0.0,0.0,0.0,0.0,0.0,0.0,0.0,0.0,0.0,0.0,0.0,0.0,0.0,0.0,0.0,0.0,0.0,0.0,0.0,0.0
2017-06-01 22:52:00+02:00,0.0,0.0,0.0,0.0,0.0,0.0,0.0,0.0,0.0,0.0,0.0,0.0,0.0,0.0,0.0,0.0,0.0,0.0,0.0,0.0,0.0,0.0,0.0,0.0,0.0,0.0,0.0,0.0,0.0,0.0,0.0,0.0,0.0,0.0,0.0,0.0,0.0,0.0,0.0,0.0,0.0,0.0,0.0,0.0,0.0,0.0,0.0,0.0,0.0,0.0,0.0,0.0,0.0,0.0,0.0,0.0,0.0,0.0,0.0,0.0,0.0,0.0,0.0,0.0,0.0,0.0,0.0,0.0,0.0,0.0,0.0,0.0,0.0,0.0,0.0,0.0,0.0,0.0,0.0,0.0,0.0,0.0,0.0,0.0,0.0,0.0,0.0,0.0,0.0,0.0,0.0,0.0,0.0,0.0,0.0,0.0,0.0,0.0,0.0,0.0,0.0,0.0,0.0,0.0,0.0,0.0,0.0,0.0,0.0,0.0,0.0,0.0,0.0,0.0,0.0,0.0,0.0,0.0
2017-06-01 22:53:00+02:00,0.0,0.0,0.0,0.0,0.0,0.0,0.0,0.0,0.0,0.0,0.0,0.0,0.0,0.0,0.0,0.0,0.0,0.0,0.0,0.0,0.0,0.0,0.0,0.0,0.0,0.0,0.0,0.0,0.0,0.0,0.0,0.0,0.0,0.0,0.0,0.0,0.0,0.0,0.0,0.0,0.0,0.0,0.0,0.0,0.0,0.0,0.0,0.0,0.0,0.0,0.0,0.0,0.0,0.0,0.0,0.0,0.0,0.0,0.0,0.0,0.0,0.0,0.0,0.0,0.0,0.0,0.0,0.0,0.0,0.0,0.0,0.0,0.0,0.0,0.0,0.0,0.0,0.0,0.0,0.0,0.0,0.0,0.0,0.0,0.0,0.0,0.0,0.0,0.0,0.0,0.0,0.0,0.0,0.0,0.0,0.0,0.0,0.0,0.0,0.0,0.0,0.0,0.0,0.0,0.0,0.0,0.0,0.0,0.0,0.0,0.0,0.0,0.0,0.0,0.0,0.0,0.0,0.0
2017-06-01 22:54:00+02:00,0.0,0.0,0.0,0.0,0.0,0.0,0.0,0.0,0.0,0.0,0.0,0.0,0.0,0.0,0.0,0.0,0.0,0.0,0.0,0.0,0.0,0.0,0.0,0.0,0.0,0.0,0.0,0.0,0.0,0.0,0.0,0.0,0.0,0.0,0.0,0.0,0.0,0.0,0.0,0.0,0.0,0.0,0.0,0.0,0.0,0.0,0.0,0.0,0.0,0.0,0.0,0.0,0.0,0.0,0.0,0.0,0.0,0.0,0.0,0.0,0.0,0.0,0.0,0.0,0.0,0.0,0.0,0.0,0.0,0.0,0.0,0.0,0.0,0.0,0.0,0.0,0.0,0.0,0.0,0.0,0.0,0.0,0.0,0.0,0.0,0.0,0.0,0.0,0.0,0.0,0.0,0.0,0.0,0.0,0.0,0.0,0.0,0.0,0.0,0.0,0.0,0.0,0.0,0.0,0.0,0.0,0.0,0.0,0.0,0.0,0.0,0.0,0.0,0.0,0.0,0.0,0.0,0.0
2017-06-01 22:55:00+02:00,0.0,0.0,0.0,0.0,0.0,0.0,0.0,0.0,0.0,0.0,0.0,0.0,0.0,0.0,0.0,0.0,0.0,0.0,0.0,0.0,0.0,0.0,0.0,0.0,0.0,0.0,0.0,0.0,0.0,0.0,0.0,0.0,0.0,0.0,0.0,0.0,0.0,0.0,0.0,0.0,0.0,0.0,0.0,0.0,0.0,0.0,0.0,0.0,0.0,0.0,0.0,0.0,0.0,0.0,0.0,0.0,0.0,0.0,0.0,0.0,0.0,0.0,0.0,0.0,0.0,0.0,0.0,0.0,0.0,0.0,0.0,0.0,0.0,0.0,0.0,0.0,0.0,0.0,0.0,0.0,0.0,0.0,0.0,0.0,0.0,0.0,0.0,0.0,0.0,0.0,0.0,0.0,0.0,0.0,0.0,0.0,0.0,0.0,0.0,0.0,0.0,0.0,0.0,0.0,0.0,0.0,0.0,0.0,0.0,0.0,0.0,0.0,0.0,0.0,0.0,0.0,0.0,0.0
2017-06-01 22:56:00+02:00,0.0,0.0,0.0,0.0,0.0,0.0,0.0,0.0,0.0,0.0,0.0,0.0,0.0,0.0,0.0,0.0,0.0,0.0,0.0,0.0,0.0,0.0,0.0,0.0,0.0,0.0,0.0,0.0,0.0,0.0,0.0,0.0,0.0,0.0,0.0,0.0,0.0,0.0,0.0,0.0,0.0,0.0,0.0,0.0,0.0,0.0,0.0,0.0,0.0,0.0,0.0,0.0,0.0,0.0,0.0,0.0,0.0,0.0,0.0,0.0,0.0,0.0,0.0,0.0,0.0,0.0,0.0,0.0,0.0,0.0,0.0,0.0,0.0,0.0,0.0,0.0,0.0,0.0,0.0,0.0,0.0,0.0,0.0,0.0,0.0,0.0,0.0,0.0,0.0,0.0,0.0,0.0,0.0,0.0,0.0,0.0,0.0,0.0,0.0,0.0,0.0,0.0,0.0,0.0,0.0,0.0,0.0,0.0,0.0,0.0,0.0,0.0,0.0,0.0,0.0,0.0,0.0,0.0
2017-06-01 22:57:00+02:00,0.0,0.0,0.0,0.0,0.0,0.0,0.0,0.0,0.0,0.0,0.0,0.0,0.0,0.0,0.0,0.0,0.0,0.0,0.0,0.0,0.0,0.0,0.0,0.0,0.0,0.0,0.0,0.0,0.0,0.0,0.0,0.0,0.0,0.0,0.0,0.0,0.0,0.0,0.0,0.0,0.0,0.0,0.0,0.0,0.0,0.0,0.0,0.0,0.0,0.0,0.0,0.0,0.0,0.0,0.0,0.0,0.0,0.0,0.0,0.0,0.0,0.0,0.0,0.0,0.0,0.0,0.0,0.0,0.0,0.0,0.0,0.0,0.0,0.0,0.0,0.0,0.0,0.0,0.0,0.0,0.0,0.0,0.0,0.0,0.0,0.0,0.0,0.0,0.0,0.0,0.0,0.0,0.0,0.0,0.0,0.0,0.0,0.0,0.0,0.0,0.0,0.0,0.0,0.0,0.0,0.0,0.0,0.0,0.0,0.0,0.0,0.0,0.0,0.0,0.0,0.0,0.0,0.0
2017-06-01 22:58:00+02:00,0.0,0.0,0.0,0.0,0.0,0.0,0.0,0.0,0.0,0.0,0.0,0.0,0.0,0.0,0.0,0.0,0.0,0.0,0.0,0.0,0.0,0.0,0.0,0.0,0.0,0.0,0.0,0.0,0.0,0.0,0.0,0.0,0.0,0.0,0.0,0.0,0.0,0.0,0.0,0.0,0.0,0.0,0.0,0.0,0.0,0.0,0.0,0.0,0.0,0.0,0.0,0.0,0.0,0.0,0.0,0.0,0.0,0.0,0.0,0.0,0.0,0.0,0.0,0.0,0.0,0.0,0.0,0.0,0.0,0.0,0.0,0.0,0.0,0.0,0.0,0.0,0.0,0.0,0.0,0.0,0.0,0.0,0.0,0.0,0.0,0.0,0.0,0.0,0.0,0.0,0.0,0.0,0.0,0.0,0.0,0.0,0.0,0.0,0.0,0.0,0.0,0.0,0.0,0.0,0.0,0.0,0.0,0.0,0.0,0.0,0.0,0.0,0.0,0.0,0.0,0.0,0.0,0.0
2017-06-01 22:59:00+02:00,0.0,0.0,0.0,0.0,0.0,0.0,0.0,0.0,0.0,0.0,0.0,0.0,0.0,0.0,0.0,0.0,0.0,0.0,0.0,0.0,0.0,0.0,0.0,0.0,0.0,0.0,0.0,0.0,0.0,0.0,0.0,0.0,0.0,0.0,0.0,0.0,0.0,0.0,0.0,0.0,0.0,0.0,0.0,0.0,0.0,0.0,0.0,0.0,0.0,0.0,0.0,0.0,0.0,0.0,0.0,0.0,0.0,0.0,0.0,0.0,0.0,0.0,0.0,0.0,0.0,0.0,0.0,0.0,0.0,0.0,0.0,0.0,0.0,0.0,0.0,0.0,0.0,0.0,0.0,0.0,0.0,0.0,0.0,0.0,0.0,0.0,0.0,0.0,0.0,0.0,0.0,0.0,0.0,0.0,0.0,0.0,0.0,0.0,0.0,0.0,0.0,0.0,0.0,0.0,0.0,0.0,0.0,0.0,0.0,0.0,0.0,0.0,0.0,0.0,0.0,0.0,0.0,0.0
2017-06-01 23:00:00+02:00,0.0,0.0,0.0,0.0,0.0,0.0,0.0,0.0,0.0,0.0,0.0,0.0,0.0,0.0,0.0,0.0,0.0,0.0,0.0,0.0,0.0,0.0,0.0,0.0,0.0,0.0,0.0,0.0,0.0,0.0,0.0,0.0,0.0,0.0,0.0,0.0,0.0,0.0,0.0,0.0,0.0,0.0,0.0,0.0,0.0,0.0,0.0,0.0,0.0,0.0,0.0,0.0,0.0,0.0,0.0,0.0,0.0,0.0,0.0,0.0,0.0,0.0,0.0,0.0,0.0,0.0,0.0,0.0,0.0,0.0,0.0,0.0,0.0,0.0,0.0,0.0,0.0,0.0,0.0,0.0,0.0,0.0,0.0,0.0,0.0,0.0,0.0,0.0,0.0,0.0,0.0,0.0,0.0,0.0,0.0,0.0,0.0,0.0,0.0,0.0,0.0,0.0,0.0,0.0,0.0,0.0,0.0,0.0,0.0,0.0,0.0,0.0,0.0,0.0,0.0,0.0,0.0,0.0
2017-06-01 23:01:00+02:00,0.0,0.0,0.0,0.0,0.0,0.0,0.0,0.0,0.0,0.0,0.0,0.0,0.0,0.0,0.0,0.0,0.0,0.0,0.0,0.0,0.0,0.0,0.0,0.0,0.0,0.0,0.0,0.0,0.0,0.0,0.0,0.0,0.0,0.0,0.0,0.0,0.0,0.0,0.0,0.0,0.0,0.0,0.0,0.0,0.0,0.0,0.0,0.0,0.0,0.0,0.0,0.0,0.0,0.0,0.0,0.0,0.0,0.0,0.0,0.0,0.0,0.0,0.0,0.0,0.0,0.0,0.0,0.0,0.0,0.0,0.0,0.0,0.0,0.0,0.0,0.0,0.0,0.0,0.0,0.0,0.0,0.0,0.0,0.0,0.0,0.0,0.0,0.0,0.0,0.0,0.0,0.0,0.0,0.0,0.0,0.0,0.0,0.0,0.0,0.0,0.0,0.0,0.0,0.0,0.0,0.0,0.0,0.0,0.0,0.0,0.0,0.0,0.0,0.0,0.0,0.0,0.0,0.0
2017-06-01 23:02:00+02:00,0.0,0.0,0.0,0.0,0.0,0.0,0.0,0.0,0.0,0.0,0.0,0.0,0.0,0.0,0.0,0.0,0.0,0.0,0.0,0.0,0.0,0.0,0.0,0.0,0.0,0.0,0.0,0.0,0.0,0.0,0.0,0.0,0.0,0.0,0.0,0.0,0.0,0.0,0.0,0.0,0.0,0.0,0.0,0.0,0.0,0.0,0.0,0.0,0.0,0.0,0.0,0.0,0.0,0.0,0.0,0.0,0.0,0.0,0.0,0.0,0.0,0.0,0.0,0.0,0.0,0.0,0.0,0.0,0.0,0.0,0.0,0.0,0.0,0.0,0.0,0.0,0.0,0.0,0.0,0.0,0.0,0.0,0.0,0.0,0.0,0.0,0.0,0.0,0.0,0.0,0.0,0.0,0.0,0.0,0.0,0.0,0.0,0.0,0.0,0.0,0.0,0.0,0.0,0.0,0.0,0.0,0.0,0.0,0.0,0.0,0.0,0.0,0.0,0.0,0.0,0.0,0.0,0.0
2017-06-01 23:03:00+02:00,0.0,0.0,0.0,0.0,0.0,0.0,0.0,0.0,0.0,0.0,0.0,0.0,0.0,0.0,0.0,0.0,0.0,0.0,0.0,0.0,0.0,0.0,0.0,0.0,0.0,0.0,0.0,0.0,0.0,0.0,0.0,0.0,0.0,0.0,0.0,0.0,0.0,0.0,0.0,0.0,0.0,0.0,0.0,0.0,0.0,0.0,0.0,0.0,0.0,0.0,0.0,0.0,0.0,0.0,0.0,0.0,0.0,0.0,0.0,0.0,0.0,0.0,0.0,0.0,0.0,0.0,0.0,0.0,0.0,0.0,0.0,0.0,0.0,0.0,0.0,0.0,0.0,0.0,0.0,0.0,0.0,0.0,0.0,0.0,0.0,0.0,0.0,0.0,0.0,0.0,0.0,0.0,0.0,0.0,0.0,0.0,0.0,0.0,0.0,0.0,0.0,0.0,0.0,0.0,0.0,0.0,0.0,0.0,0.0,0.0,0.0,0.0,0.0,0.0,0.0,0.0,0.0,0.0
2017-06-01 23:04:00+02:00,0.0,0.0,0.0,0.0,0.0,0.0,0.0,0.0,0.0,0.0,0.0,0.0,0.0,0.0,0.0,0.0,0.0,0.0,0.0,0.0,0.0,0.0,0.0,0.0,0.0,0.0,0.0,0.0,0.0,0.0,0.0,0.0,0.0,0.0,0.0,0.0,0.0,0.0,0.0,0.0,0.0,0.0,0.0,0.0,0.0,0.0,0.0,0.0,0.0,0.0,0.0,0.0,0.0,0.0,0.0,0.0,0.0,0.0,0.0,0.0,0.0,0.0,0.0,0.0,0.0,0.0,0.0,0.0,0.0,0.0,0.0,0.0,0.0,0.0,0.0,0.0,0.0,0.0,0.0,0.0,0.0,0.0,0.0,0.0,0.0,0.0,0.0,0.0,0.0,0.0,0.0,0.0,0.0,0.0,0.0,0.0,0.0,0.0,0.0,0.0,0.0,0.0,0.0,0.0,0.0,0.0,0.0,0.0,0.0,0.0,0.0,0.0,0.0,0.0,0.0,0.0,0.0,0.0
2017-06-01 23:05:00+02:00,0.0,0.0,0.0,0.0,0.0,0.0,0.0,0.0,0.0,0.0,0.0,0.0,0.0,0.0,0.0,0.0,0.0,0.0,0.0,0.0,0.0,0.0,0.0,0.0,0.0,0.0,0.0,0.0,0.0,0.0,0.0,0.0,0.0,0.0,0.0,0.0,0.0,0.0,0.0,0.0,0.0,0.0,0.0,0.0,0.0,0.0,0.0,0.0,0.0,0.0,0.0,0.0,0.0,0.0,0.0,0.0,0.0,0.0,0.0,0.0,0.0,0.0,0.0,0.0,0.0,0.0,0.0,0.0,0.0,0.0,0.0,0.0,0.0,0.0,0.0,0.0,0.0,0.0,0.0,0.0,0.0,0.0,0.0,0.0,0.0,0.0,0.0,0.0,0.0,0.0,0.0,0.0,0.0,0.0,0.0,0.0,0.0,0.0,0.0,0.0,0.0,0.0,0.0,0.0,0.0,0.0,0.0,0.0,0.0,0.0,0.0,0.0,0.0,0.0,0.0,0.0,0.0,0.0
2017-06-01 23:06:00+02:00,0.0,0.0,0.0,0.0,0.0,0.0,0.0,0.0,0.0,0.0,0.0,0.0,0.0,0.0,0.0,0.0,0.0,0.0,0.0,0.0,0.0,0.0,0.0,0.0,0.0,0.0,0.0,0.0,0.0,0.0,0.0,0.0,0.0,0.0,0.0,0.0,0.0,0.0,0.0,0.0,0.0,0.0,0.0,0.0,0.0,0.0,0.0,0.0,0.0,0.0,0.0,0.0,0.0,0.0,0.0,0.0,0.0,0.0,0.0,0.0,0.0,0.0,0.0,0.0,0.0,0.0,0.0,0.0,0.0,0.0,0.0,0.0,0.0,0.0,0.0,0.0,0.0,0.0,0.0,0.0,0.0,0.0,0.0,0.0,0.0,0.0,0.0,0.0,0.0,0.0,0.0,0.0,0.0,0.0,0.0,0.0,0.0,0.0,0.0,0.0,0.0,0.0,0.0,0.0,0.0,0.0,0.0,0.0,0.0,0.0,0.0,0.0,0.0,0.0,0.0,0.0,0.0,0.0
2017-06-01 23:07:00+02:00,0.0,0.0,0.0,0.0,0.0,0.0,0.0,0.0,0.0,0.0,0.0,0.0,0.0,0.0,0.0,0.0,0.0,0.0,0.0,0.0,0.0,0.0,0.0,0.0,0.0,0.0,0.0,0.0,0.0,0.0,0.0,0.0,0.0,0.0,0.0,0.0,0.0,0.0,0.0,0.0,0.0,0.0,0.0,0.0,0.0,0.0,0.0,0.0,0.0,0.0,0.0,0.0,0.0,0.0,0.0,0.0,0.0,0.0,0.0,0.0,0.0,0.0,0.0,0.0,0.0,0.0,0.0,0.0,0.0,0.0,0.0,0.0,0.0,0.0,0.0,0.0,0.0,0.0,0.0,0.0,0.0,0.0,0.0,0.0,0.0,0.0,0.0,0.0,0.0,0.0,0.0,0.0,0.0,0.0,0.0,0.0,0.0,0.0,0.0,0.0,0.0,0.0,0.0,0.0,0.0,0.0,0.0,0.0,0.0,0.0,0.0,0.0,0.0,0.0,0.0,0.0,0.0,0.0
2017-06-01 23:08:00+02:00,0.0,0.0,0.0,0.0,0.0,0.0,0.0,0.0,0.0,0.0,0.0,0.0,0.0,0.0,0.0,0.0,0.0,0.0,0.0,0.0,0.0,0.0,0.0,0.0,0.0,0.0,0.0,0.0,0.0,0.0,0.0,0.0,0.0,0.0,0.0,0.0,0.0,0.0,0.0,0.0,0.0,0.0,0.0,0.0,0.0,0.0,0.0,0.0,0.0,0.0,0.0,0.0,0.0,0.0,0.0,0.0,0.0,0.0,0.0,0.0,0.0,0.0,0.0,0.0,0.0,0.0,0.0,0.0,0.0,0.0,0.0,0.0,0.0,0.0,0.0,0.0,0.0,0.0,0.0,0.0,0.0,0.0,0.0,0.0,0.0,0.0,0.0,0.0,0.0,0.0,0.0,0.0,0.0,0.0,0.0,0.0,0.0,0.0,0.0,0.0,0.0,0.0,0.0,0.0,0.0,0.0,0.0,0.0,0.0,0.0,0.0,0.0,0.0,0.0,0.0,0.0,0.0,0.0
2017-06-01 23:09:00+02:00,0.0,0.0,0.0,0.0,0.0,0.0,0.0,0.0,0.0,0.0,0.0,0.0,0.0,0.0,0.0,0.0,0.0,0.0,0.0,0.0,0.0,0.0,0.0,0.0,0.0,0.0,0.0,0.0,0.0,0.0,0.0,0.0,0.0,0.0,0.0,0.0,0.0,0.0,0.0,0.0,0.0,0.0,0.0,0.0,0.0,0.0,0.0,0.0,0.0,0.0,0.0,0.0,0.0,0.0,0.0,0.0,0.0,0.0,0.0,0.0,0.0,0.0,0.0,0.0,0.0,0.0,0.0,0.0,0.0,0.0,0.0,0.0,0.0,0.0,0.0,0.0,0.0,0.0,0.0,0.0,0.0,0.0,0.0,0.0,0.0,0.0,0.0,0.0,0.0,0.0,0.0,0.0,0.0,0.0,0.0,0.0,0.0,0.0,0.0,0.0,0.0,0.0,0.0,0.0,0.0,0.0,0.0,0.0,0.0,0.0,0.0,0.0,0.0,0.0,0.0,0.0,0.0,0.0
2017-06-01 23:10:00+02:00,0.0,0.0,0.0,0.0,0.0,0.0,0.0,0.0,0.0,0.0,0.0,0.0,0.0,0.0,0.0,0.0,0.0,0.0,0.0,0.0,0.0,0.0,0.0,0.0,0.0,0.0,0.0,0.0,0.0,0.0,0.0,0.0,0.0,0.0,0.0,0.0,0.0,0.0,0.0,0.0,0.0,0.0,0.0,0.0,0.0,0.0,0.0,0.0,0.0,0.0,0.0,0.0,0.0,0.0,0.0,0.0,0.0,0.0,0.0,0.0,0.0,0.0,0.0,0.0,0.0,0.0,0.0,0.0,0.0,0.0,0.0,0.0,0.0,0.0,0.0,0.0,0.0,0.0,0.0,0.0,0.0,0.0,0.0,0.0,0.0,0.0,0.0,0.0,0.0,0.0,0.0,0.0,0.0,0.0,0.0,0.0,0.0,0.0,0.0,0.0,0.0,0.0,0.0,0.0,0.0,0.0,0.0,0.0,0.0,0.0,0.0,0.0,0.0,0.0,0.0,0.0,0.0,0.0
2017-06-01 23:11:00+02:00,0.0,0.0,0.0,0.0,0.0,0.0,0.0,0.0,0.0,0.0,0.0,0.0,0.0,0.0,0.0,0.0,0.0,0.0,0.0,0.0,0.0,0.0,0.0,0.0,0.0,0.0,0.0,0.0,0.0,0.0,0.0,0.0,0.0,0.0,0.0,0.0,0.0,0.0,0.0,0.0,0.0,0.0,0.0,0.0,0.0,0.0,0.0,0.0,0.0,0.0,0.0,0.0,0.0,0.0,0.0,0.0,0.0,0.0,0.0,0.0,0.0,0.0,0.0,0.0,0.0,0.0,0.0,0.0,0.0,0.0,0.0,0.0,0.0,0.0,0.0,0.0,0.0,0.0,0.0,0.0,0.0,0.0,0.0,0.0,0.0,0.0,0.0,0.0,0.0,0.0,0.0,0.0,0.0,0.0,0.0,0.0,0.0,0.0,0.0,0.0,0.0,0.0,0.0,0.0,0.0,0.0,0.0,0.0,0.0,0.0,0.0,0.0,0.0,0.0,0.0,0.0,0.0,0.0
2017-06-01 23:12:00+02:00,0.0,0.0,0.0,0.0,0.0,0.0,0.0,0.0,0.0,0.0,0.0,0.0,0.0,0.0,0.0,0.0,0.0,0.0,0.0,0.0,0.0,0.0,0.0,0.0,0.0,0.0,0.0,0.0,0.0,0.0,0.0,0.0,0.0,0.0,0.0,0.0,0.0,0.0,0.0,0.0,0.0,0.0,0.0,0.0,0.0,0.0,0.0,0.0,0.0,0.0,0.0,0.0,0.0,0.0,0.0,0.0,0.0,0.0,0.0,0.0,0.0,0.0,0.0,0.0,0.0,0.0,0.0,0.0,0.0,0.0,0.0,0.0,0.0,0.0,0.0,0.0,0.0,0.0,0.0,0.0,0.0,0.0,0.0,0.0,0.0,0.0,0.0,0.0,0.0,0.0,0.0,0.0,0.0,0.0,0.0,0.0,0.0,0.0,0.0,0.0,0.0,0.0,0.0,0.0,0.0,0.0,0.0,0.0,0.0,0.0,0.0,0.0,0.0,0.0,0.0,0.0,0.0,0.0
2017-06-01 23:13:00+02:00,0.0,0.0,0.0,0.0,0.0,0.0,0.0,0.0,0.0,0.0,0.0,0.0,0.0,0.0,0.0,0.0,0.0,0.0,0.0,0.0,0.0,0.0,0.0,0.0,0.0,0.0,0.0,0.0,0.0,0.0,0.0,0.0,0.0,0.0,0.0,0.0,0.0,0.0,0.0,0.0,0.0,0.0,0.0,0.0,0.0,0.0,0.0,0.0,0.0,0.0,0.0,0.0,0.0,0.0,0.0,0.0,0.0,0.0,0.0,0.0,0.0,0.0,0.0,0.0,0.0,0.0,0.0,0.0,0.0,0.0,0.0,0.0,0.0,0.0,0.0,0.0,0.0,0.0,0.0,0.0,0.0,0.0,0.0,0.0,0.0,0.0,0.0,0.0,0.0,0.0,0.0,0.0,0.0,0.0,0.0,0.0,0.0,0.0,0.0,0.0,0.0,0.0,0.0,0.0,0.0,0.0,0.0,0.0,0.0,0.0,0.0,0.0,0.0,0.0,0.0,0.0,0.0,0.0
2017-06-01 23:14:00+02:00,0.0,0.0,0.0,0.0,0.0,0.0,0.0,0.0,0.0,0.0,0.0,0.0,0.0,0.0,0.0,0.0,0.0,0.0,0.0,0.0,0.0,0.0,0.0,0.0,0.0,0.0,0.0,0.0,0.0,0.0,0.0,0.0,0.0,0.0,0.0,0.0,0.0,0.0,0.0,0.0,0.0,0.0,0.0,0.0,0.0,0.0,0.0,0.0,0.0,0.0,0.0,0.0,0.0,0.0,0.0,0.0,0.0,0.0,0.0,0.0,0.0,0.0,0.0,0.0,0.0,0.0,0.0,0.0,0.0,0.0,0.0,0.0,0.0,0.0,0.0,0.0,0.0,0.0,0.0,0.0,0.0,0.0,0.0,0.0,0.0,0.0,0.0,0.0,0.0,0.0,0.0,0.0,0.0,0.0,0.0,0.0,0.0,0.0,0.0,0.0,0.0,0.0,0.0,0.0,0.0,0.0,0.0,0.0,0.0,0.0,0.0,0.0,0.0,0.0,0.0,0.0,0.0,0.0
2017-06-01 23:15:00+02:00,0.0,0.0,0.0,0.0,0.0,0.0,0.0,0.0,0.0,0.0,0.0,0.0,0.0,0.0,0.0,0.0,0.0,0.0,0.0,0.0,0.0,0.0,0.0,0.0,0.0,0.0,0.0,0.0,0.0,0.0,0.0,0.0,0.0,0.0,0.0,0.0,0.0,0.0,0.0,0.0,0.0,0.0,0.0,0.0,0.0,0.0,0.0,0.0,0.0,0.0,0.0,0.0,0.0,0.0,0.0,0.0,0.0,0.0,0.0,0.0,0.0,0.0,0.0,0.0,0.0,0.0,0.0,0.0,0.0,0.0,0.0,0.0,0.0,0.0,0.0,0.0,0.0,0.0,0.0,0.0,0.0,0.0,0.0,0.0,0.0,0.0,0.0,0.0,0.0,0.0,0.0,0.0,0.0,0.0,0.0,0.0,0.0,0.0,0.0,0.0,0.0,0.0,0.0,0.0,0.0,0.0,0.0,0.0,0.0,0.0,0.0,0.0,0.0,0.0,0.0,0.0,0.0,0.0
2017-06-01 23:16:00+02:00,0.0,0.0,0.0,0.0,0.0,0.0,0.0,0.0,0.0,0.0,0.0,0.0,0.0,0.0,0.0,0.0,0.0,0.0,0.0,0.0,0.0,0.0,0.0,0.0,0.0,0.0,0.0,0.0,0.0,0.0,0.0,0.0,0.0,0.0,0.0,0.0,0.0,0.0,0.0,0.0,0.0,0.0,0.0,0.0,0.0,0.0,0.0,0.0,0.0,0.0,0.0,0.0,0.0,0.0,0.0,0.0,0.0,0.0,0.0,0.0,0.0,0.0,0.0,0.0,0.0,0.0,0.0,0.0,0.0,0.0,0.0,0.0,0.0,0.0,0.0,0.0,0.0,0.0,0.0,0.0,0.0,0.0,0.0,0.0,0.0,0.0,0.0,0.0,0.0,0.0,0.0,0.0,0.0,0.0,0.0,0.0,0.0,0.0,0.0,0.0,0.0,0.0,0.0,0.0,0.0,0.0,0.0,0.0,0.0,0.0,0.0,0.0,0.0,0.0,0.0,0.0,0.0,0.0
2017-06-01 23:17:00+02:00,0.0,0.0,0.0,0.0,0.0,0.0,0.0,0.0,0.0,0.0,0.0,0.0,0.0,0.0,0.0,0.0,0.0,0.0,0.0,0.0,0.0,0.0,0.0,0.0,0.0,0.0,0.0,0.0,0.0,0.0,0.0,0.0,0.0,0.0,0.0,0.0,0.0,0.0,0.0,0.0,0.0,0.0,0.0,0.0,0.0,0.0,0.0,0.0,0.0,0.0,0.0,0.0,0.0,0.0,0.0,0.0,0.0,0.0,0.0,0.0,0.0,0.0,0.0,0.0,0.0,0.0,0.0,0.0,0.0,0.0,0.0,0.0,0.0,0.0,0.0,0.0,0.0,0.0,0.0,0.0,0.0,0.0,0.0,0.0,0.0,0.0,0.0,0.0,0.0,0.0,0.0,0.0,0.0,0.0,0.0,0.0,0.0,0.0,0.0,0.0,0.0,0.0,0.0,0.0,0.0,0.0,0.0,0.0,0.0,0.0,0.0,0.0,0.0,0.0,0.0,0.0,0.0,0.0
2017-06-01 23:18:00+02:00,0.0,0.0,0.0,0.0,0.0,0.0,0.0,0.0,0.0,0.0,0.0,0.0,0.0,0.0,0.0,0.0,0.0,0.0,0.0,0.0,0.0,0.0,0.0,0.0,0.0,0.0,0.0,0.0,0.0,0.0,0.0,0.0,0.0,0.0,0.0,0.0,0.0,0.0,0.0,0.0,0.0,0.0,0.0,0.0,0.0,0.0,0.0,0.0,0.0,0.0,0.0,0.0,0.0,0.0,0.0,0.0,0.0,0.0,0.0,0.0,0.0,0.0,0.0,0.0,0.0,0.0,0.0,0.0,0.0,0.0,0.0,0.0,0.0,0.0,0.0,0.0,0.0,0.0,0.0,0.0,0.0,0.0,0.0,0.0,0.0,0.0,0.0,0.0,0.0,0.0,0.0,0.0,0.0,0.0,0.0,0.0,0.0,0.0,0.0,0.0,0.0,0.0,0.0,0.0,0.0,0.0,0.0,0.0,0.0,0.0,0.0,0.0,0.0,0.0,0.0,0.0,0.0,0.0
2017-06-01 23:19:00+02:00,0.0,0.0,0.0,0.0,0.0,0.0,0.0,0.0,0.0,0.0,0.0,0.0,0.0,0.0,0.0,0.0,0.0,0.0,0.0,0.0,0.0,0.0,0.0,0.0,0.0,0.0,0.0,0.0,0.0,0.0,0.0,0.0,0.0,0.0,0.0,0.0,0.0,0.0,0.0,0.0,0.0,0.0,0.0,0.0,0.0,0.0,0.0,0.0,0.0,0.0,0.0,0.0,0.0,0.0,0.0,0.0,0.0,0.0,0.0,0.0,0.0,0.0,0.0,0.0,0.0,0.0,0.0,0.0,0.0,0.0,0.0,0.0,0.0,0.0,0.0,0.0,0.0,0.0,0.0,0.0,0.0,0.0,0.0,0.0,0.0,0.0,0.0,0.0,0.0,0.0,0.0,0.0,0.0,0.0,0.0,0.0,0.0,0.0,0.0,0.0,0.0,0.0,0.0,0.0,0.0,0.0,0.0,0.0,0.0,0.0,0.0,0.0,0.0,0.0,0.0,0.0,0.0,0.0
2017-06-01 23:20:00+02:00,0.0,0.0,0.0,0.0,0.0,0.0,0.0,0.0,0.0,0.0,0.0,0.0,0.0,0.0,0.0,0.0,0.0,0.0,0.0,0.0,0.0,0.0,0.0,0.0,0.0,0.0,0.0,0.0,0.0,0.0,0.0,0.0,0.0,0.0,0.0,0.0,0.0,0.0,0.0,0.0,0.0,0.0,0.0,0.0,0.0,0.0,0.0,0.0,0.0,0.0,0.0,0.0,0.0,0.0,0.0,0.0,0.0,0.0,0.0,0.0,0.0,0.0,0.0,0.0,0.0,0.0,0.0,0.0,0.0,0.0,0.0,0.0,0.0,0.0,0.0,0.0,0.0,0.0,0.0,0.0,0.0,0.0,0.0,0.0,0.0,0.0,0.0,0.0,0.0,0.0,0.0,0.0,0.0,0.0,0.0,0.0,0.0,0.0,0.0,0.0,0.0,0.0,0.0,0.0,0.0,0.0,0.0,0.0,0.0,0.0,0.0,0.0,0.0,0.0,0.0,0.0,0.0,0.0
2017-06-01 23:21:00+02:00,0.0,0.0,0.0,0.0,0.0,0.0,0.0,0.0,0.0,0.0,0.0,0.0,0.0,0.0,0.0,0.0,0.0,0.0,0.0,0.0,0.0,0.0,0.0,0.0,0.0,0.0,0.0,0.0,0.0,0.0,0.0,0.0,0.0,0.0,0.0,0.0,0.0,0.0,0.0,0.0,0.0,0.0,0.0,0.0,0.0,0.0,0.0,0.0,0.0,0.0,0.0,0.0,0.0,0.0,0.0,0.0,0.0,0.0,0.0,0.0,0.0,0.0,0.0,0.0,0.0,0.0,0.0,0.0,0.0,0.0,0.0,0.0,0.0,0.0,0.0,0.0,0.0,0.0,0.0,0.0,0.0,0.0,0.0,0.0,0.0,0.0,0.0,0.0,0.0,0.0,0.0,0.0,0.0,0.0,0.0,0.0,0.0,0.0,0.0,0.0,0.0,0.0,0.0,0.0,0.0,0.0,0.0,0.0,0.0,0.0,0.0,0.0,0.0,0.0,0.0,0.0,0.0,0.0
2017-06-01 23:22:00+02:00,0.0,0.0,0.0,0.0,0.0,0.0,0.0,0.0,0.0,0.0,0.0,0.0,0.0,0.0,0.0,0.0,0.0,0.0,0.0,0.0,0.0,0.0,0.0,0.0,0.0,0.0,0.0,0.0,0.0,0.0,0.0,0.0,0.0,0.0,0.0,0.0,0.0,0.0,0.0,0.0,0.0,0.0,0.0,0.0,0.0,0.0,0.0,0.0,0.0,0.0,0.0,0.0,0.0,0.0,0.0,0.0,0.0,0.0,0.0,0.0,0.0,0.0,0.0,0.0,0.0,0.0,0.0,0.0,0.0,0.0,0.0,0.0,0.0,0.0,0.0,0.0,0.0,0.0,0.0,0.0,0.0,0.0,0.0,0.0,0.0,0.0,0.0,0.0,0.0,0.0,0.0,0.0,0.0,0.0,0.0,0.0,0.0,0.0,0.0,0.0,0.0,0.0,0.0,0.0,0.0,0.0,0.0,0.0,0.0,0.0,0.0,0.0,0.0,0.0,0.0,0.0,0.0,0.0
2017-06-01 23:23:00+02:00,0.0,0.0,0.0,0.0,0.0,0.0,0.0,0.0,0.0,0.0,0.0,0.0,0.0,0.0,0.0,0.0,0.0,0.0,0.0,0.0,0.0,0.0,0.0,0.0,0.0,0.0,0.0,0.0,0.0,0.0,0.0,0.0,0.0,0.0,0.0,0.0,0.0,0.0,0.0,0.0,0.0,0.0,0.0,0.0,0.0,0.0,0.0,0.0,0.0,0.0,0.0,0.0,0.0,0.0,0.0,0.0,0.0,0.0,0.0,0.0,0.0,0.0,0.0,0.0,0.0,0.0,0.0,0.0,0.0,0.0,0.0,0.0,0.0,0.0,0.0,0.0,0.0,0.0,0.0,0.0,0.0,0.0,0.0,0.0,0.0,0.0,0.0,0.0,0.0,0.0,0.0,0.0,0.0,0.0,0.0,0.0,0.0,0.0,0.0,0.0,0.0,0.0,0.0,0.0,0.0,0.0,0.0,0.0,0.0,0.0,0.0,0.0,0.0,0.0,0.0,0.0,0.0,0.0
2017-06-01 23:24:00+02:00,0.0,0.0,0.0,0.0,0.0,0.0,0.0,0.0,0.0,0.0,0.0,0.0,0.0,0.0,0.0,0.0,0.0,0.0,0.0,0.0,0.0,0.0,0.0,0.0,0.0,0.0,0.0,0.0,0.0,0.0,0.0,0.0,0.0,0.0,0.0,0.0,0.0,0.0,0.0,0.0,0.0,0.0,0.0,0.0,0.0,0.0,0.0,0.0,0.0,0.0,0.0,0.0,0.0,0.0,0.0,0.0,0.0,0.0,0.0,0.0,0.0,0.0,0.0,0.0,0.0,0.0,0.0,0.0,0.0,0.0,0.0,0.0,0.0,0.0,0.0,0.0,0.0,0.0,0.0,0.0,0.0,0.0,0.0,0.0,0.0,0.0,0.0,0.0,0.0,0.0,0.0,0.0,0.0,0.0,0.0,0.0,0.0,0.0,0.0,0.0,0.0,0.0,0.0,0.0,0.0,0.0,0.0,0.0,0.0,0.0,0.0,0.0,0.0,0.0,0.0,0.0,0.0,0.0
2017-06-01 23:25:00+02:00,0.0,0.0,0.0,0.0,0.0,0.0,0.0,0.0,0.0,0.0,0.0,0.0,0.0,0.0,0.0,0.0,0.0,0.0,0.0,0.0,0.0,0.0,0.0,0.0,0.0,0.0,0.0,0.0,0.0,0.0,0.0,0.0,0.0,0.0,0.0,0.0,0.0,0.0,0.0,0.0,0.0,0.0,0.0,0.0,0.0,0.0,0.0,0.0,0.0,0.0,0.0,0.0,0.0,0.0,0.0,0.0,0.0,0.0,0.0,0.0,0.0,0.0,0.0,0.0,0.0,0.0,0.0,0.0,0.0,0.0,0.0,0.0,0.0,0.0,0.0,0.0,0.0,0.0,0.0,0.0,0.0,0.0,0.0,0.0,0.0,0.0,0.0,0.0,0.0,0.0,0.0,0.0,0.0,0.0,0.0,0.0,0.0,0.0,0.0,0.0,0.0,0.0,0.0,0.0,0.0,0.0,0.0,0.0,0.0,0.0,0.0,0.0,0.0,0.0,0.0,0.0,0.0,0.0
2017-06-01 23:26:00+02:00,0.0,0.0,0.0,0.0,0.0,0.0,0.0,0.0,0.0,0.0,0.0,0.0,0.0,0.0,0.0,0.0,0.0,0.0,0.0,0.0,0.0,0.0,0.0,0.0,0.0,0.0,0.0,0.0,0.0,0.0,0.0,0.0,0.0,0.0,0.0,0.0,0.0,0.0,0.0,0.0,0.0,0.0,0.0,0.0,0.0,0.0,0.0,0.0,0.0,0.0,0.0,0.0,0.0,0.0,0.0,0.0,0.0,0.0,0.0,0.0,0.0,0.0,0.0,0.0,0.0,0.0,0.0,0.0,0.0,0.0,0.0,0.0,0.0,0.0,0.0,0.0,0.0,0.0,0.0,0.0,0.0,0.0,0.0,0.0,0.0,0.0,0.0,0.0,0.0,0.0,0.0,0.0,0.0,0.0,0.0,0.0,0.0,0.0,0.0,0.0,0.0,0.0,0.0,0.0,0.0,0.0,0.0,0.0,0.0,0.0,0.0,0.0,0.0,0.0,0.0,0.0,0.0,0.0
2017-06-01 23:27:00+02:00,0.0,0.0,0.0,0.0,0.0,0.0,0.0,0.0,0.0,0.0,0.0,0.0,0.0,0.0,0.0,0.0,0.0,0.0,0.0,0.0,0.0,0.0,0.0,0.0,0.0,0.0,0.0,0.0,0.0,0.0,0.0,0.0,0.0,0.0,0.0,0.0,0.0,0.0,0.0,0.0,0.0,0.0,0.0,0.0,0.0,0.0,0.0,0.0,0.0,0.0,0.0,0.0,0.0,0.0,0.0,0.0,0.0,0.0,0.0,0.0,0.0,0.0,0.0,0.0,0.0,0.0,0.0,0.0,0.0,0.0,0.0,0.0,0.0,0.0,0.0,0.0,0.0,0.0,0.0,0.0,0.0,0.0,0.0,0.0,0.0,0.0,0.0,0.0,0.0,0.0,0.0,0.0,0.0,0.0,0.0,0.0,0.0,0.0,0.0,0.0,0.0,0.0,0.0,0.0,0.0,0.0,0.0,0.0,0.0,0.0,0.0,0.0,0.0,0.0,0.0,0.0,0.0,0.0
2017-06-01 23:28:00+02:00,0.0,0.0,0.0,0.0,0.0,0.0,0.0,0.0,0.0,0.0,0.0,0.0,0.0,0.0,0.0,0.0,0.0,0.0,0.0,0.0,0.0,0.0,0.0,0.0,0.0,0.0,0.0,0.0,0.0,0.0,0.0,0.0,0.0,0.0,0.0,0.0,0.0,0.0,0.0,0.0,0.0,0.0,0.0,0.0,0.0,0.0,0.0,0.0,0.0,0.0,0.0,0.0,0.0,0.0,0.0,0.0,0.0,0.0,0.0,0.0,0.0,0.0,0.0,0.0,0.0,0.0,0.0,0.0,0.0,0.0,0.0,0.0,0.0,0.0,0.0,0.0,0.0,0.0,0.0,0.0,0.0,0.0,0.0,0.0,0.0,0.0,0.0,0.0,0.0,0.0,0.0,0.0,0.0,0.0,0.0,0.0,0.0,0.0,0.0,0.0,0.0,0.0,0.0,0.0,0.0,0.0,0.0,0.0,0.0,0.0,0.0,0.0,0.0,0.0,0.0,0.0,0.0,0.0
2017-06-01 23:29:00+02:00,0.0,0.0,0.0,0.0,0.0,0.0,0.0,0.0,0.0,0.0,0.0,0.0,0.0,0.0,0.0,0.0,0.0,0.0,0.0,0.0,0.0,0.0,0.0,0.0,0.0,0.0,0.0,0.0,0.0,0.0,0.0,0.0,0.0,0.0,0.0,0.0,0.0,0.0,0.0,0.0,0.0,0.0,0.0,0.0,0.0,0.0,0.0,0.0,0.0,0.0,0.0,0.0,0.0,0.0,0.0,0.0,0.0,0.0,0.0,0.0,0.0,0.0,0.0,0.0,0.0,0.0,0.0,0.0,0.0,0.0,0.0,0.0,0.0,0.0,0.0,0.0,0.0,0.0,0.0,0.0,0.0,0.0,0.0,0.0,0.0,0.0,0.0,0.0,0.0,0.0,0.0,0.0,0.0,0.0,0.0,0.0,0.0,0.0,0.0,0.0,0.0,0.0,0.0,0.0,0.0,0.0,0.0,0.0,0.0,0.0,0.0,0.0,0.0,0.0,0.0,0.0,0.0,0.0
2017-06-01 23:30:00+02:00,0.0,0.0,0.0,0.0,0.0,0.0,0.0,0.0,0.0,0.0,0.0,0.0,0.0,0.0,0.0,0.0,0.0,0.0,0.0,0.0,0.0,0.0,0.0,0.0,0.0,0.0,0.0,0.0,0.0,0.0,0.0,0.0,0.0,0.0,0.0,0.0,0.0,0.0,0.0,0.0,0.0,0.0,0.0,0.0,0.0,0.0,0.0,0.0,0.0,0.0,0.0,0.0,0.0,0.0,0.0,0.0,0.0,0.0,0.0,0.0,0.0,0.0,0.0,0.0,0.0,0.0,0.0,0.0,0.0,0.0,0.0,0.0,0.0,0.0,0.0,0.0,0.0,0.0,0.0,0.0,0.0,0.0,0.0,0.0,0.0,0.0,0.0,0.0,0.0,0.0,0.0,0.0,0.0,0.0,0.0,0.0,0.0,0.0,0.0,0.0,0.0,0.0,0.0,0.0,0.0,0.0,0.0,0.0,0.0,0.0,0.0,0.0,0.0,0.0,0.0,0.0,0.0,0.0
2017-06-01 23:31:00+02:00,0.0,0.0,0.0,0.0,0.0,0.0,0.0,0.0,0.0,0.0,0.0,0.0,0.0,0.0,0.0,0.0,0.0,0.0,0.0,0.0,0.0,0.0,0.0,0.0,0.0,0.0,0.0,0.0,0.0,0.0,0.0,0.0,0.0,0.0,0.0,0.0,0.0,0.0,0.0,0.0,0.0,0.0,0.0,0.0,0.0,0.0,0.0,0.0,0.0,0.0,0.0,0.0,0.0,0.0,0.0,0.0,0.0,0.0,0.0,0.0,0.0,0.0,0.0,0.0,0.0,0.0,0.0,0.0,0.0,0.0,0.0,0.0,0.0,0.0,0.0,0.0,0.0,0.0,0.0,0.0,0.0,0.0,0.0,0.0,0.0,0.0,0.0,0.0,0.0,0.0,0.0,0.0,0.0,0.0,0.0,0.0,0.0,0.0,0.0,0.0,0.0,0.0,0.0,0.0,0.0,0.0,0.0,0.0,0.0,0.0,0.0,0.0,0.0,0.0,0.0,0.0,0.0,0.0
2017-06-01 23:32:00+02:00,0.0,0.0,0.0,0.0,0.0,0.0,0.0,0.0,0.0,0.0,0.0,0.0,0.0,0.0,0.0,0.0,0.0,0.0,0.0,0.0,0.0,0.0,0.0,0.0,0.0,0.0,0.0,0.0,0.0,0.0,0.0,0.0,0.0,0.0,0.0,0.0,0.0,0.0,0.0,0.0,0.0,0.0,0.0,0.0,0.0,0.0,0.0,0.0,0.0,0.0,0.0,0.0,0.0,0.0,0.0,0.0,0.0,0.0,0.0,0.0,0.0,0.0,0.0,0.0,0.0,0.0,0.0,0.0,0.0,0.0,0.0,0.0,0.0,0.0,0.0,0.0,0.0,0.0,0.0,0.0,0.0,0.0,0.0,0.0,0.0,0.0,0.0,0.0,0.0,0.0,0.0,0.0,0.0,0.0,0.0,0.0,0.0,0.0,0.0,0.0,0.0,0.0,0.0,0.0,0.0,0.0,0.0,0.0,0.0,0.0,0.0,0.0,0.0,0.0,0.0,0.0,0.0,0.0
2017-06-01 23:33:00+02:00,0.0,0.0,0.0,0.0,0.0,0.0,0.0,0.0,0.0,0.0,0.0,0.0,0.0,0.0,0.0,0.0,0.0,0.0,0.0,0.0,0.0,0.0,0.0,0.0,0.0,0.0,0.0,0.0,0.0,0.0,0.0,0.0,0.0,0.0,0.0,0.0,0.0,0.0,0.0,0.0,0.0,0.0,0.0,0.0,0.0,0.0,0.0,0.0,0.0,0.0,0.0,0.0,0.0,0.0,0.0,0.0,0.0,0.0,0.0,0.0,0.0,0.0,0.0,0.0,0.0,0.0,0.0,0.0,0.0,0.0,0.0,0.0,0.0,0.0,0.0,0.0,0.0,0.0,0.0,0.0,0.0,0.0,0.0,0.0,0.0,0.0,0.0,0.0,0.0,0.0,0.0,0.0,0.0,0.0,0.0,0.0,0.0,0.0,0.0,0.0,0.0,0.0,0.0,0.0,0.0,0.0,0.0,0.0,0.0,0.0,0.0,0.0,0.0,0.0,0.0,0.0,0.0,0.0
2017-06-01 23:34:00+02:00,0.0,0.0,0.0,0.0,0.0,0.0,0.0,0.0,0.0,0.0,0.0,0.0,0.0,0.0,0.0,0.0,0.0,0.0,0.0,0.0,0.0,0.0,0.0,0.0,0.0,0.0,0.0,0.0,0.0,0.0,0.0,0.0,0.0,0.0,0.0,0.0,0.0,0.0,0.0,0.0,0.0,0.0,0.0,0.0,0.0,0.0,0.0,0.0,0.0,0.0,0.0,0.0,0.0,0.0,0.0,0.0,0.0,0.0,0.0,0.0,0.0,0.0,0.0,0.0,0.0,0.0,0.0,0.0,0.0,0.0,0.0,0.0,0.0,0.0,0.0,0.0,0.0,0.0,0.0,0.0,0.0,0.0,0.0,0.0,0.0,0.0,0.0,0.0,0.0,0.0,0.0,0.0,0.0,0.0,0.0,0.0,0.0,0.0,0.0,0.0,0.0,0.0,0.0,0.0,0.0,0.0,0.0,0.0,0.0,0.0,0.0,0.0,0.0,0.0,0.0,0.0,0.0,0.0
2017-06-01 23:35:00+02:00,0.0,0.0,0.0,0.0,0.0,0.0,0.0,0.0,0.0,0.0,0.0,0.0,0.0,0.0,0.0,0.0,0.0,0.0,0.0,0.0,0.0,0.0,0.0,0.0,0.0,0.0,0.0,0.0,0.0,0.0,0.0,0.0,0.0,0.0,0.0,0.0,0.0,0.0,0.0,0.0,0.0,0.0,0.0,0.0,0.0,0.0,0.0,0.0,0.0,0.0,0.0,0.0,0.0,0.0,0.0,0.0,0.0,0.0,0.0,0.0,0.0,0.0,0.0,0.0,0.0,0.0,0.0,0.0,0.0,0.0,0.0,0.0,0.0,0.0,0.0,0.0,0.0,0.0,0.0,0.0,0.0,0.0,0.0,0.0,0.0,0.0,0.0,0.0,0.0,0.0,0.0,0.0,0.0,0.0,0.0,0.0,0.0,0.0,0.0,0.0,0.0,0.0,0.0,0.0,0.0,0.0,0.0,0.0,0.0,0.0,0.0,0.0,0.0,0.0,0.0,0.0,0.0,0.0
2017-06-01 23:36:00+02:00,0.0,0.0,0.0,0.0,0.0,0.0,0.0,0.0,0.0,0.0,0.0,0.0,0.0,0.0,0.0,0.0,0.0,0.0,0.0,0.0,0.0,0.0,0.0,0.0,0.0,0.0,0.0,0.0,0.0,0.0,0.0,0.0,0.0,0.0,0.0,0.0,0.0,0.0,0.0,0.0,0.0,0.0,0.0,0.0,0.0,0.0,0.0,0.0,0.0,0.0,0.0,0.0,0.0,0.0,0.0,0.0,0.0,0.0,0.0,0.0,0.0,0.0,0.0,0.0,0.0,0.0,0.0,0.0,0.0,0.0,0.0,0.0,0.0,0.0,0.0,0.0,0.0,0.0,0.0,0.0,0.0,0.0,0.0,0.0,0.0,0.0,0.0,0.0,0.0,0.0,0.0,0.0,0.0,0.0,0.0,0.0,0.0,0.0,0.0,0.0,0.0,0.0,0.0,0.0,0.0,0.0,0.0,0.0,0.0,0.0,0.0,0.0,0.0,0.0,0.0,0.0,0.0,0.0
2017-06-01 23:37:00+02:00,0.0,0.0,0.0,0.0,0.0,0.0,0.0,0.0,0.0,0.0,0.0,0.0,0.0,0.0,0.0,0.0,0.0,0.0,0.0,0.0,0.0,0.0,0.0,0.0,0.0,0.0,0.0,0.0,0.0,0.0,0.0,0.0,0.0,0.0,0.0,0.0,0.0,0.0,0.0,0.0,0.0,0.0,0.0,0.0,0.0,0.0,0.0,0.0,0.0,0.0,0.0,0.0,0.0,0.0,0.0,0.0,0.0,0.0,0.0,0.0,0.0,0.0,0.0,0.0,0.0,0.0,0.0,0.0,0.0,0.0,0.0,0.0,0.0,0.0,0.0,0.0,0.0,0.0,0.0,0.0,0.0,0.0,0.0,0.0,0.0,0.0,0.0,0.0,0.0,0.0,0.0,0.0,0.0,0.0,0.0,0.0,0.0,0.0,0.0,0.0,0.0,0.0,0.0,0.0,0.0,0.0,0.0,0.0,0.0,0.0,0.0,0.0,0.0,0.0,0.0,0.0,0.0,0.0
2017-06-01 23:38:00+02:00,0.0,0.0,0.0,0.0,0.0,0.0,0.0,0.0,0.0,0.0,0.0,0.0,0.0,0.0,0.0,0.0,0.0,0.0,0.0,0.0,0.0,0.0,0.0,0.0,0.0,0.0,0.0,0.0,0.0,0.0,0.0,0.0,0.0,0.0,0.0,0.0,0.0,0.0,0.0,0.0,0.0,0.0,0.0,0.0,0.0,0.0,0.0,0.0,0.0,0.0,0.0,0.0,0.0,0.0,0.0,0.0,0.0,0.0,0.0,0.0,0.0,0.0,0.0,0.0,0.0,0.0,0.0,0.0,0.0,0.0,0.0,0.0,0.0,0.0,0.0,0.0,0.0,0.0,0.0,0.0,0.0,0.0,0.0,0.0,0.0,0.0,0.0,0.0,0.0,0.0,0.0,0.0,0.0,0.0,0.0,0.0,0.0,0.0,0.0,0.0,0.0,0.0,0.0,0.0,0.0,0.0,0.0,0.0,0.0,0.0,0.0,0.0,0.0,0.0,0.0,0.0,0.0,0.0
2017-06-01 23:39:00+02:00,0.0,0.0,0.0,0.0,0.0,0.0,0.0,0.0,0.0,0.0,0.0,0.0,0.0,0.0,0.0,0.0,0.0,0.0,0.0,0.0,0.0,0.0,0.0,0.0,0.0,0.0,0.0,0.0,0.0,0.0,0.0,0.0,0.0,0.0,0.0,0.0,0.0,0.0,0.0,0.0,0.0,0.0,0.0,0.0,0.0,0.0,0.0,0.0,0.0,0.0,0.0,0.0,0.0,0.0,0.0,0.0,0.0,0.0,0.0,0.0,0.0,0.0,0.0,0.0,0.0,0.0,0.0,0.0,0.0,0.0,0.0,0.0,0.0,0.0,0.0,0.0,0.0,0.0,0.0,0.0,0.0,0.0,0.0,0.0,0.0,0.0,0.0,0.0,0.0,0.0,0.0,0.0,0.0,0.0,0.0,0.0,0.0,0.0,0.0,0.0,0.0,0.0,0.0,0.0,0.0,0.0,0.0,0.0,0.0,0.0,0.0,0.0,0.0,0.0,0.0,0.0,0.0,0.0
2017-06-01 23:40:00+02:00,0.0,0.0,0.0,0.0,0.0,0.0,0.0,0.0,0.0,0.0,0.0,0.0,0.0,0.0,0.0,0.0,0.0,0.0,0.0,0.0,0.0,0.0,0.0,0.0,0.0,0.0,0.0,0.0,0.0,0.0,0.0,0.0,0.0,0.0,0.0,0.0,0.0,0.0,0.0,0.0,0.0,0.0,0.0,0.0,0.0,0.0,0.0,0.0,0.0,0.0,0.0,0.0,0.0,0.0,0.0,0.0,0.0,0.0,0.0,0.0,0.0,0.0,0.0,0.0,0.0,0.0,0.0,0.0,0.0,0.0,0.0,0.0,0.0,0.0,0.0,0.0,0.0,0.0,0.0,0.0,0.0,0.0,0.0,0.0,0.0,0.0,0.0,0.0,0.0,0.0,0.0,0.0,0.0,0.0,0.0,0.0,0.0,0.0,0.0,0.0,0.0,0.0,0.0,0.0,0.0,0.0,0.0,0.0,0.0,0.0,0.0,0.0,0.0,0.0,0.0,0.0,0.0,0.0
2017-06-01 23:41:00+02:00,0.0,0.0,0.0,0.0,0.0,0.0,0.0,0.0,0.0,0.0,0.0,0.0,0.0,0.0,0.0,0.0,0.0,0.0,0.0,0.0,0.0,0.0,0.0,0.0,0.0,0.0,0.0,0.0,0.0,0.0,0.0,0.0,0.0,0.0,0.0,0.0,0.0,0.0,0.0,0.0,0.0,0.0,0.0,0.0,0.0,0.0,0.0,0.0,0.0,0.0,0.0,0.0,0.0,0.0,0.0,0.0,0.0,0.0,0.0,0.0,0.0,0.0,0.0,0.0,0.0,0.0,0.0,0.0,0.0,0.0,0.0,0.0,0.0,0.0,0.0,0.0,0.0,0.0,0.0,0.0,0.0,0.0,0.0,0.0,0.0,0.0,0.0,0.0,0.0,0.0,0.0,0.0,0.0,0.0,0.0,0.0,0.0,0.0,0.0,0.0,0.0,0.0,0.0,0.0,0.0,0.0,0.0,0.0,0.0,0.0,0.0,0.0,0.0,0.0,0.0,0.0,0.0,0.0
2017-06-01 23:42:00+02:00,0.0,0.0,0.0,0.0,0.0,0.0,0.0,0.0,0.0,0.0,0.0,0.0,0.0,0.0,0.0,0.0,0.0,0.0,0.0,0.0,0.0,0.0,0.0,0.0,0.0,0.0,0.0,0.0,0.0,0.0,0.0,0.0,0.0,0.0,0.0,0.0,0.0,0.0,0.0,0.0,0.0,0.0,0.0,0.0,0.0,0.0,0.0,0.0,0.0,0.0,0.0,0.0,0.0,0.0,0.0,0.0,0.0,0.0,0.0,0.0,0.0,0.0,0.0,0.0,0.0,0.0,0.0,0.0,0.0,0.0,0.0,0.0,0.0,0.0,0.0,0.0,0.0,0.0,0.0,0.0,0.0,0.0,0.0,0.0,0.0,0.0,0.0,0.0,0.0,0.0,0.0,0.0,0.0,0.0,0.0,0.0,0.0,0.0,0.0,0.0,0.0,0.0,0.0,0.0,0.0,0.0,0.0,0.0,0.0,0.0,0.0,0.0,0.0,0.0,0.0,0.0,0.0,0.0
2017-06-01 23:43:00+02:00,0.0,0.0,0.0,0.0,0.0,0.0,0.0,0.0,0.0,0.0,0.0,0.0,0.0,0.0,0.0,0.0,0.0,0.0,0.0,0.0,0.0,0.0,0.0,0.0,0.0,0.0,0.0,0.0,0.0,0.0,0.0,0.0,0.0,0.0,0.0,0.0,0.0,0.0,0.0,0.0,0.0,0.0,0.0,0.0,0.0,0.0,0.0,0.0,0.0,0.0,0.0,0.0,0.0,0.0,0.0,0.0,0.0,0.0,0.0,0.0,0.0,0.0,0.0,0.0,0.0,0.0,0.0,0.0,0.0,0.0,0.0,0.0,0.0,0.0,0.0,0.0,0.0,0.0,0.0,0.0,0.0,0.0,0.0,0.0,0.0,0.0,0.0,0.0,0.0,0.0,0.0,0.0,0.0,0.0,0.0,0.0,0.0,0.0,0.0,0.0,0.0,0.0,0.0,0.0,0.0,0.0,0.0,0.0,0.0,0.0,0.0,0.0,0.0,0.0,0.0,0.0,0.0,0.0
2017-06-01 23:44:00+02:00,0.0,0.0,0.0,0.0,0.0,0.0,0.0,0.0,0.0,0.0,0.0,0.0,0.0,0.0,0.0,0.0,0.0,0.0,0.0,0.0,0.0,0.0,0.0,0.0,0.0,0.0,0.0,0.0,0.0,0.0,0.0,0.0,0.0,0.0,0.0,0.0,0.0,0.0,0.0,0.0,0.0,0.0,0.0,0.0,0.0,0.0,0.0,0.0,0.0,0.0,0.0,0.0,0.0,0.0,0.0,0.0,0.0,0.0,0.0,0.0,0.0,0.0,0.0,0.0,0.0,0.0,0.0,0.0,0.0,0.0,0.0,0.0,0.0,0.0,0.0,0.0,0.0,0.0,0.0,0.0,0.0,0.0,0.0,0.0,0.0,0.0,0.0,0.0,0.0,0.0,0.0,0.0,0.0,0.0,0.0,0.0,0.0,0.0,0.0,0.0,0.0,0.0,0.0,0.0,0.0,0.0,0.0,0.0,0.0,0.0,0.0,0.0,0.0,0.0,0.0,0.0,0.0,0.0
2017-06-01 23:45:00+02:00,0.0,0.0,0.0,0.0,0.0,0.0,0.0,0.0,0.0,0.0,0.0,0.0,0.0,0.0,0.0,0.0,0.0,0.0,0.0,0.0,0.0,0.0,0.0,0.0,0.0,0.0,0.0,0.0,0.0,0.0,0.0,0.0,0.0,0.0,0.0,0.0,0.0,0.0,0.0,0.0,0.0,0.0,0.0,0.0,0.0,0.0,0.0,0.0,0.0,0.0,0.0,0.0,0.0,0.0,0.0,0.0,0.0,0.0,0.0,0.0,0.0,0.0,0.0,0.0,0.0,0.0,0.0,0.0,0.0,0.0,0.0,0.0,0.0,0.0,0.0,0.0,0.0,0.0,0.0,0.0,0.0,0.0,0.0,0.0,0.0,0.0,0.0,0.0,0.0,0.0,0.0,0.0,0.0,0.0,0.0,0.0,0.0,0.0,0.0,0.0,0.0,0.0,0.0,0.0,0.0,0.0,0.0,0.0,0.0,0.0,0.0,0.0,0.0,0.0,0.0,0.0,0.0,0.0
2017-06-01 23:46:00+02:00,0.0,0.0,0.0,0.0,0.0,0.0,0.0,0.0,0.0,0.0,0.0,0.0,0.0,0.0,0.0,0.0,0.0,0.0,0.0,0.0,0.0,0.0,0.0,0.0,0.0,0.0,0.0,0.0,0.0,0.0,0.0,0.0,0.0,0.0,0.0,0.0,0.0,0.0,0.0,0.0,0.0,0.0,0.0,0.0,0.0,0.0,0.0,0.0,0.0,0.0,0.0,0.0,0.0,0.0,0.0,0.0,0.0,0.0,0.0,0.0,0.0,0.0,0.0,0.0,0.0,0.0,0.0,0.0,0.0,0.0,0.0,0.0,0.0,0.0,0.0,0.0,0.0,0.0,0.0,0.0,0.0,0.0,0.0,0.0,0.0,0.0,0.0,0.0,0.0,0.0,0.0,0.0,0.0,0.0,0.0,0.0,0.0,0.0,0.0,0.0,0.0,0.0,0.0,0.0,0.0,0.0,0.0,0.0,0.0,0.0,0.0,0.0,0.0,0.0,0.0,0.0,0.0,0.0
2017-06-01 23:47:00+02:00,0.0,0.0,0.0,0.0,0.0,0.0,0.0,0.0,0.0,0.0,0.0,0.0,0.0,0.0,0.0,0.0,0.0,0.0,0.0,0.0,0.0,0.0,0.0,0.0,0.0,0.0,0.0,0.0,0.0,0.0,0.0,0.0,0.0,0.0,0.0,0.0,0.0,0.0,0.0,0.0,0.0,0.0,0.0,0.0,0.0,0.0,0.0,0.0,0.0,0.0,0.0,0.0,0.0,0.0,0.0,0.0,0.0,0.0,0.0,0.0,0.0,0.0,0.0,0.0,0.0,0.0,0.0,0.0,0.0,0.0,0.0,0.0,0.0,0.0,0.0,0.0,0.0,0.0,0.0,0.0,0.0,0.0,0.0,0.0,0.0,0.0,0.0,0.0,0.0,0.0,0.0,0.0,0.0,0.0,0.0,0.0,0.0,0.0,0.0,0.0,0.0,0.0,0.0,0.0,0.0,0.0,0.0,0.0,0.0,0.0,0.0,0.0,0.0,0.0,0.0,0.0,0.0,0.0
2017-06-01 23:48:00+02:00,0.0,0.0,0.0,0.0,0.0,0.0,0.0,0.0,0.0,0.0,0.0,0.0,0.0,0.0,0.0,0.0,0.0,0.0,0.0,0.0,0.0,0.0,0.0,0.0,0.0,0.0,0.0,0.0,0.0,0.0,0.0,0.0,0.0,0.0,0.0,0.0,0.0,0.0,0.0,0.0,0.0,0.0,0.0,0.0,0.0,0.0,0.0,0.0,0.0,0.0,0.0,0.0,0.0,0.0,0.0,0.0,0.0,0.0,0.0,0.0,0.0,0.0,0.0,0.0,0.0,0.0,0.0,0.0,0.0,0.0,0.0,0.0,0.0,0.0,0.0,0.0,0.0,0.0,0.0,0.0,0.0,0.0,0.0,0.0,0.0,0.0,0.0,0.0,0.0,0.0,0.0,0.0,0.0,0.0,0.0,0.0,0.0,0.0,0.0,0.0,0.0,0.0,0.0,0.0,0.0,0.0,0.0,0.0,0.0,0.0,0.0,0.0,0.0,0.0,0.0,0.0,0.0,0.0
2017-06-01 23:49:00+02:00,0.0,0.0,0.0,0.0,0.0,0.0,0.0,0.0,0.0,0.0,0.0,0.0,0.0,0.0,0.0,0.0,0.0,0.0,0.0,0.0,0.0,0.0,0.0,0.0,0.0,0.0,0.0,0.0,0.0,0.0,0.0,0.0,0.0,0.0,0.0,0.0,0.0,0.0,0.0,0.0,0.0,0.0,0.0,0.0,0.0,0.0,0.0,0.0,0.0,0.0,0.0,0.0,0.0,0.0,0.0,0.0,0.0,0.0,0.0,0.0,0.0,0.0,0.0,0.0,0.0,0.0,0.0,0.0,0.0,0.0,0.0,0.0,0.0,0.0,0.0,0.0,0.0,0.0,0.0,0.0,0.0,0.0,0.0,0.0,0.0,0.0,0.0,0.0,0.0,0.0,0.0,0.0,0.0,0.0,0.0,0.0,0.0,0.0,0.0,0.0,0.0,0.0,0.0,0.0,0.0,0.0,0.0,0.0,0.0,0.0,0.0,0.0,0.0,0.0,0.0,0.0,0.0,0.0
2017-06-01 23:50:00+02:00,0.0,0.0,0.0,0.0,0.0,0.0,0.0,0.0,0.0,0.0,0.0,0.0,0.0,0.0,0.0,0.0,0.0,0.0,0.0,0.0,0.0,0.0,0.0,0.0,0.0,0.0,0.0,0.0,0.0,0.0,0.0,0.0,0.0,0.0,0.0,0.0,0.0,0.0,0.0,0.0,0.0,0.0,0.0,0.0,0.0,0.0,0.0,0.0,0.0,0.0,0.0,0.0,0.0,0.0,0.0,0.0,0.0,0.0,0.0,0.0,0.0,0.0,0.0,0.0,0.0,0.0,0.0,0.0,0.0,0.0,0.0,0.0,0.0,0.0,0.0,0.0,0.0,0.0,0.0,0.0,0.0,0.0,0.0,0.0,0.0,0.0,0.0,0.0,0.0,0.0,0.0,0.0,0.0,0.0,0.0,0.0,0.0,0.0,0.0,0.0,0.0,0.0,0.0,0.0,0.0,0.0,0.0,0.0,0.0,0.0,0.0,0.0,0.0,0.0,0.0,0.0,0.0,0.0
2017-06-01 23:51:00+02:00,0.0,0.0,0.0,0.0,0.0,0.0,0.0,0.0,0.0,0.0,0.0,0.0,0.0,0.0,0.0,0.0,0.0,0.0,0.0,0.0,0.0,0.0,0.0,0.0,0.0,0.0,0.0,0.0,0.0,0.0,0.0,0.0,0.0,0.0,0.0,0.0,0.0,0.0,0.0,0.0,0.0,0.0,0.0,0.0,0.0,0.0,0.0,0.0,0.0,0.0,0.0,0.0,0.0,0.0,0.0,0.0,0.0,0.0,0.0,0.0,0.0,0.0,0.0,0.0,0.0,0.0,0.0,0.0,0.0,0.0,0.0,0.0,0.0,0.0,0.0,0.0,0.0,0.0,0.0,0.0,0.0,0.0,0.0,0.0,0.0,0.0,0.0,0.0,0.0,0.0,0.0,0.0,0.0,0.0,0.0,0.0,0.0,0.0,0.0,0.0,0.0,0.0,0.0,0.0,0.0,0.0,0.0,0.0,0.0,0.0,0.0,0.0,0.0,0.0,0.0,0.0,0.0,0.0
2017-06-01 23:52:00+02:00,0.0,0.0,0.0,0.0,0.0,0.0,0.0,0.0,0.0,0.0,0.0,0.0,0.0,0.0,0.0,0.0,0.0,0.0,0.0,0.0,0.0,0.0,0.0,0.0,0.0,0.0,0.0,0.0,0.0,0.0,0.0,0.0,0.0,0.0,0.0,0.0,0.0,0.0,0.0,0.0,0.0,0.0,0.0,0.0,0.0,0.0,0.0,0.0,0.0,0.0,0.0,0.0,0.0,0.0,0.0,0.0,0.0,0.0,0.0,0.0,0.0,0.0,0.0,0.0,0.0,0.0,0.0,0.0,0.0,0.0,0.0,0.0,0.0,0.0,0.0,0.0,0.0,0.0,0.0,0.0,0.0,0.0,0.0,0.0,0.0,0.0,0.0,0.0,0.0,0.0,0.0,0.0,0.0,0.0,0.0,0.0,0.0,0.0,0.0,0.0,0.0,0.0,0.0,0.0,0.0,0.0,0.0,0.0,0.0,0.0,0.0,0.0,0.0,0.0,0.0,0.0,0.0,0.0
2017-06-01 23:53:00+02:00,0.0,0.0,0.0,0.0,0.0,0.0,0.0,0.0,0.0,0.0,0.0,0.0,0.0,0.0,0.0,0.0,0.0,0.0,0.0,0.0,0.0,0.0,0.0,0.0,0.0,0.0,0.0,0.0,0.0,0.0,0.0,0.0,0.0,0.0,0.0,0.0,0.0,0.0,0.0,0.0,0.0,0.0,0.0,0.0,0.0,0.0,0.0,0.0,0.0,0.0,0.0,0.0,0.0,0.0,0.0,0.0,0.0,0.0,0.0,0.0,0.0,0.0,0.0,0.0,0.0,0.0,0.0,0.0,0.0,0.0,0.0,0.0,0.0,0.0,0.0,0.0,0.0,0.0,0.0,0.0,0.0,0.0,0.0,0.0,0.0,0.0,0.0,0.0,0.0,0.0,0.0,0.0,0.0,0.0,0.0,0.0,0.0,0.0,0.0,0.0,0.0,0.0,0.0,0.0,0.0,0.0,0.0,0.0,0.0,0.0,0.0,0.0,0.0,0.0,0.0,0.0,0.0,0.0
2017-06-01 23:54:00+02:00,0.0,0.0,0.0,0.0,0.0,0.0,0.0,0.0,0.0,0.0,0.0,0.0,0.0,0.0,0.0,0.0,0.0,0.0,0.0,0.0,0.0,0.0,0.0,0.0,0.0,0.0,0.0,0.0,0.0,0.0,0.0,0.0,0.0,0.0,0.0,0.0,0.0,0.0,0.0,0.0,0.0,0.0,0.0,0.0,0.0,0.0,0.0,0.0,0.0,0.0,0.0,0.0,0.0,0.0,0.0,0.0,0.0,0.0,0.0,0.0,0.0,0.0,0.0,0.0,0.0,0.0,0.0,0.0,0.0,0.0,0.0,0.0,0.0,0.0,0.0,0.0,0.0,0.0,0.0,0.0,0.0,0.0,0.0,0.0,0.0,0.0,0.0,0.0,0.0,0.0,0.0,0.0,0.0,0.0,0.0,0.0,0.0,0.0,0.0,0.0,0.0,0.0,0.0,0.0,0.0,0.0,0.0,0.0,0.0,0.0,0.0,0.0,0.0,0.0,0.0,0.0,0.0,0.0
2017-06-01 23:55:00+02:00,0.0,0.0,0.0,0.0,0.0,0.0,0.0,0.0,0.0,0.0,0.0,0.0,0.0,0.0,0.0,0.0,0.0,0.0,0.0,0.0,0.0,0.0,0.0,0.0,0.0,0.0,0.0,0.0,0.0,0.0,0.0,0.0,0.0,0.0,0.0,0.0,0.0,0.0,0.0,0.0,0.0,0.0,0.0,0.0,0.0,0.0,0.0,0.0,0.0,0.0,0.0,0.0,0.0,0.0,0.0,0.0,0.0,0.0,0.0,0.0,0.0,0.0,0.0,0.0,0.0,0.0,0.0,0.0,0.0,0.0,0.0,0.0,0.0,0.0,0.0,0.0,0.0,0.0,0.0,0.0,0.0,0.0,0.0,0.0,0.0,0.0,0.0,0.0,0.0,0.0,0.0,0.0,0.0,0.0,0.0,0.0,0.0,0.0,0.0,0.0,0.0,0.0,0.0,0.0,0.0,0.0,0.0,0.0,0.0,0.0,0.0,0.0,0.0,0.0,0.0,0.0,0.0,0.0
2017-06-01 23:56:00+02:00,0.0,0.0,0.0,0.0,0.0,0.0,0.0,0.0,0.0,0.0,0.0,0.0,0.0,0.0,0.0,0.0,0.0,0.0,0.0,0.0,0.0,0.0,0.0,0.0,0.0,0.0,0.0,0.0,0.0,0.0,0.0,0.0,0.0,0.0,0.0,0.0,0.0,0.0,0.0,0.0,0.0,0.0,0.0,0.0,0.0,0.0,0.0,0.0,0.0,0.0,0.0,0.0,0.0,0.0,0.0,0.0,0.0,0.0,0.0,0.0,0.0,0.0,0.0,0.0,0.0,0.0,0.0,0.0,0.0,0.0,0.0,0.0,0.0,0.0,0.0,0.0,0.0,0.0,0.0,0.0,0.0,0.0,0.0,0.0,0.0,0.0,0.0,0.0,0.0,0.0,0.0,0.0,0.0,0.0,0.0,0.0,0.0,0.0,0.0,0.0,0.0,0.0,0.0,0.0,0.0,0.0,0.0,0.0,0.0,0.0,0.0,0.0,0.0,0.0,0.0,0.0,0.0,0.0
2017-06-01 23:57:00+02:00,0.0,0.0,0.0,0.0,0.0,0.0,0.0,0.0,0.0,0.0,0.0,0.0,0.0,0.0,0.0,0.0,0.0,0.0,0.0,0.0,0.0,0.0,0.0,0.0,0.0,0.0,0.0,0.0,0.0,0.0,0.0,0.0,0.0,0.0,0.0,0.0,0.0,0.0,0.0,0.0,0.0,0.0,0.0,0.0,0.0,0.0,0.0,0.0,0.0,0.0,0.0,0.0,0.0,0.0,0.0,0.0,0.0,0.0,0.0,0.0,0.0,0.0,0.0,0.0,0.0,0.0,0.0,0.0,0.0,0.0,0.0,0.0,0.0,0.0,0.0,0.0,0.0,0.0,0.0,0.0,0.0,0.0,0.0,0.0,0.0,0.0,0.0,0.0,0.0,0.0,0.0,0.0,0.0,0.0,0.0,0.0,0.0,0.0,0.0,0.0,0.0,0.0,0.0,0.0,0.0,0.0,0.0,0.0,0.0,0.0,0.0,0.0,0.0,0.0,0.0,0.0,0.0,0.0
2017-06-01 23:58:00+02:00,0.0,0.0,0.0,0.0,0.0,0.0,0.0,0.0,0.0,0.0,0.0,0.0,0.0,0.0,0.0,0.0,0.0,0.0,0.0,0.0,0.0,0.0,0.0,0.0,0.0,0.0,0.0,0.0,0.0,0.0,0.0,0.0,0.0,0.0,0.0,0.0,0.0,0.0,0.0,0.0,0.0,0.0,0.0,0.0,0.0,0.0,0.0,0.0,0.0,0.0,0.0,0.0,0.0,0.0,0.0,0.0,0.0,0.0,0.0,0.0,0.0,0.0,0.0,0.0,0.0,0.0,0.0,0.0,0.0,0.0,0.0,0.0,0.0,0.0,0.0,0.0,0.0,0.0,0.0,0.0,0.0,0.0,0.0,0.0,0.0,0.0,0.0,0.0,0.0,0.0,0.0,0.0,0.0,0.0,0.0,0.0,0.0,0.0,0.0,0.0,0.0,0.0,0.0,0.0,0.0,0.0,0.0,0.0,0.0,0.0,0.0,0.0,0.0,0.0,0.0,0.0,0.0,0.0
2017-06-01 23:59:00+02:00,0.0,0.0,0.0,0.0,0.0,0.0,0.0,0.0,0.0,0.0,0.0,0.0,0.0,0.0,0.0,0.0,0.0,0.0,0.0,0.0,0.0,0.0,0.0,0.0,0.0,0.0,0.0,0.0,0.0,0.0,0.0,0.0,0.0,0.0,0.0,0.0,0.0,0.0,0.0,0.0,0.0,0.0,0.0,0.0,0.0,0.0,0.0,0.0,0.0,0.0,0.0,0.0,0.0,0.0,0.0,0.0,0.0,0.0,0.0,0.0,0.0,0.0,0.0,0.0,0.0,0.0,0.0,0.0,0.0,0.0,0.0,0.0,0.0,0.0,0.0,0.0,0.0,0.0,0.0,0.0,0.0,0.0,0.0,0.0,0.0,0.0,0.0,0.0,0.0,0.0,0.0,0.0,0.0,0.0,0.0,0.0,0.0,0.0,0.0,0.0,0.0,0.0,0.0,0.0,0.0,0.0,0.0,0.0,0.0,0.0,0.0,0.0,0.0,0.0,0.0,0.0,0.0,0.0
2017-06-02 00:00:00+02:00,0.0,0.0,0.0,0.0,0.0,0.0,0.0,0.0,0.0,0.0,0.0,0.0,0.0,0.0,0.0,0.0,0.0,0.0,0.0,0.0,0.0,0.0,0.0,0.0,0.0,0.0,0.0,0.0,0.0,0.0,0.0,0.0,0.0,0.0,0.0,0.0,0.0,0.0,0.0,0.0,0.0,0.0,0.0,0.0,0.0,0.0,0.0,0.0,0.0,0.0,0.0,0.0,0.0,0.0,0.0,0.0,0.0,0.0,0.0,0.0,0.0,0.0,0.0,0.0,0.0,0.0,0.0,0.0,0.0,0.0,0.0,0.0,0.0,0.0,0.0,0.0,0.0,0.0,0.0,0.0,0.0,0.0,0.0,0.0,0.0,0.0,0.0,0.0,0.0,0.0,0.0,0.0,0.0,0.0,0.0,0.0,0.0,0.0,0.0,0.0,0.0,0.0,0.0,0.0,0.0,0.0,0.0,0.0,0.0,0.0,0.0,0.0,0.0,0.0,0.0,0.0,0.0,0.0
